[C3] Log: results/pushing_20260623_235425.txt
[C3] Task: pushing
[ENV]  Directional task: id=4 name=west
[ENV]  Goal coords: [-0.3, 0.0]
[ENV]  Description: Push box 30cm west. Arm prepositioned on west face: contact normal anti-aligned with goal direction. Pusher would have to go through the box -- impossible without contact mode switch.
[ENV]  Mass: 0.2 kg   Friction mu: 0.4
[MPC]  Horizon: 20   dt: 0.05 s
[MPC]  ADMM max iters: 3   rho_init: 100.0
[MPC]  Force limit: 30.0 Nm
[COST] w_obj_xy:      100000.0
[COST] w_obj_z:       10.0
[COST] w_box_z:       100.0
[COST] w_box_rp:      50.0
[COST] w_terminal:    5.0  (QN = w_terminal * Q)
[COST] w_ee_approach: 8000.0
[COST] w_torque:      0.01
[ENV]  INITIAL_ARM_Q: DEFAULT
[C3] Building Drake environment ...
INFO:drake:Meshcat listening for connections at http://localhost:7000
[C3] DOFs: n_q=14, n_v=13, n_u=7, n_x=27
[C3] 'box_link': q[11]=x, q[12]=y
[FILTER INIT] Building EE geometry ID set:
  pusher: 1 collision geom(s)
[FILTER INIT] EE body: pusher  geom IDs: [<GeometryId value=223>]
[FILTER INIT] Manipuland geom IDs : 1
[FILTER INIT] Ground geom IDs     : 1  (world_body collision geoms)
[C3] Solver mode: c3plus  (planner: EE-space (R^3 force), c3+ projection: componentwise)
[C3+] planner construction verified: use_ee_space=True solver.n_x=19 solver.n_u=3  (EE force (Newtons))
[OVERRIDE] sampling_height=0.030 (was 0.050, per-task 'pushing')
[STAGE-A-PWL] PUSHA_REPOSITION_PWL=1 → using RepositionTrajectory + OSC position-tracking (Stage A path).
[OVERRIDE] seed=0 (rng=np.random.default_rng)
[STAGE-A-PWL] dispatcher: use_reposition_pwl_trajectory=True
[GS] start_mode=free (--prepositioned=False)
[GS] SamplingC3MPC enabled (config: config/sampling_c3_kik.yaml)
[GS]   strategy=kFaceNormal num_add_c3=3 num_add_repos=1
[GS]   w_align=30000.0  w_travel=200.0
[GS]   reposition: traj_type=kPiecewiseLinear z_safe=0.15m speed=0.4m/s
[C3] Goal: [-0.3  0. ]  |  Meshcat: http://localhost:7000
[C3] Running simulation ...
[ENV]  Sim duration overridden: max_time=3.0s
[PERSIST] step=1 refresh n_strategy=1 samples=[(-0.023, -0.08, 0.03)]
[DEBUG-C3+] n_contacts=1, n_lambda=6, TOT=34, total_dim=699
[DEBUG-C3+] per-step slots:  x=[0:19)  λ=[19:25)  u=[25:28)  η=[28:34)
[ADMM-C3+] primal: 6.1275->4.9328  dual: 109.1384->80.5932  mono=False  iters=25/25  rho=25.0
[ADMM-C3+] WARNING non-converged: pr=4.9328 dr=80.5932 tol=1e-03
[C3+] step=1 |u[0]|=11.41N λ_n_max=1.058 η_n_max=1.279 primal=4.933 iters=25/25 lcp_res_max=nan
[ADMIT-GUARD] step=1 admit_active=0 latch=0/0 ee_z=0.200 gate_cap=0
[ALT-GATE] step=1 target_stable=0/0 allow_descent=1
[GS-tgt] step=1 ee=(+0.000,-0.001,+0.200) p_repos=(-0.023,-0.080,+0.030) ee_to_target=0.189m target_label=strat_0 target_changed=Y delta=nanm
[STAGE-A-PWL] step=1 sim_t=0.010 build p_start=(+0.0001,-0.0005,+0.2001) p_target=(-0.0230,-0.0800,+0.0300) K=4 t_end=1.415
[OSC-INIT] n_arm=7 n_v=13
[OSC-INIT]   Kp_cart=[400.0, 400.0, 400.0]  Kd_cart=[40.0, 40.0, 40.0]
[OSC-INIT]   Kp_null=[10.0, 10.0, 10.0, 10.0, 10.0, 10.0, 10.0]
[OSC-INIT]   Kd_null=[3.0, 3.0, 3.0, 3.0, 3.0, 3.0, 3.0]
[OSC-INIT]   W_track=100.0  W_posture=1.0  W_torque=0.001  W_acc=0.001
[OSC-INIT]   tau_max=[87.0, 87.0, 87.0, 87.0, 12.0, 12.0, 12.0]
[OSC-INIT]   q_nominal=[0.5522, 0.325, 0.9763, -2.2462, -0.189, 3.0447, 0.785]
[OSC-INIT]   use_force_tracking=True  W_force=100.0
[IMP] step=1 mode=free |x_err|=0.0000m |tau_imp|=26.39Nm |tau_ff|=0.00Nm |tau_out|=26.39Nm sat=False lam_n=False lam_t=False
[GS] step=1 mode=free switch=kStayInRepos best_k=0 best_src=strat_0 curr_cost=133182.41 repos_cost=180136.55 best_other=180136.55 met_progress=Y steps_since_improve=0 switches=0
[STEP] step=1 mode=free t=0.010s ee=(+0.000,-0.001,+0.200) obj=(+0.000,+0.000,+0.050) goal_dist=0.300m switch=kStayInRepos target=(+0.000,-0.001,+0.200) ee_stride=0.000m ee_to_ptarget=0.189m landing_err=0.1874m ik_ok=Y ik_resid=0.0002m q_max_resid_deg=0.66 target_changed=Y retgt=N held_idx=- held_cost=- won_cost=180136.55 margin=- won_src=strat_0 held_valid=N reason=no_held setpoint_to_ptarget=nanm finished_val=nanm finished_thresh=0.0200m pd_resid=nanm nextwp_to_ptarget=nanm guide_terminal_err=nanm
[GATE-EVOLVE] step=1 curr=133182.41 best_other=180136.55 ratio=0.7393 ee_to_optimal=0.0749m phi=0.0751m
[STAGE-A-TRACE] step=1 sim_t=0.010 mode=free phi=0.07508 box_xy=+0.00000,+0.00000 lam_n_ee_box=nan qy=+0.00000 qz=+0.00000 finished_repos=0
  t=0.00s | ee=(0.000, -0.001, 0.200) | obj=(0.000, 0.000, 0.050) | |u|=26.39 Nm | goal_dist=0.300 m
[DRAKE-CONTACT] step=1 n_pairs=1 ee_box_normal=0.000
[GATE-CONTACT] step=1 F_W=(+0.0000,+0.0000,+0.0000) F_on_box=(-0.0000,-0.0000,-0.0000) n_face_out=(-0.0000,-0.0000,-0.0000) A_is_ee=0 box_q=(+1.00000,+0.00000,+0.00000,+0.00000) box_p=(+0.00000,+0.00000,+0.05000) ee_p=(+0.00013,-0.00051,+0.20008)
[ADMM-C3+] primal: 5.7428->3.8718  dual: 74.7888->83.3044  mono=False  iters=25/25  rho=25.0
[ADMM-C3+] WARNING non-converged: pr=3.8718 dr=83.3044 tol=1e-03
[C3+] step=3 |u[0]|=11.39N λ_n_max=0.000 η_n_max=0.742 primal=3.872 iters=25/25 lcp_res_max=nan
[ADMIT-GUARD] step=2 admit_active=0 latch=0/0 ee_z=0.200 gate_cap=0
[ALT-GATE] step=2 target_stable=0/0 allow_descent=1
[GS-tgt] step=2 ee=(+0.000,-0.001,+0.200) p_repos=(-0.023,-0.080,+0.030) ee_to_target=0.189m target_label=prev_repos target_changed=N delta=0.000m
[IMP] step=2 mode=free |x_err|=0.0014m |tau_imp|=19.00Nm |tau_ff|=0.00Nm |tau_out|=19.00Nm sat=False lam_n=False lam_t=False
[GS] step=2 mode=free switch=kStayInRepos best_k=0 best_src=prev_repos curr_cost=156123.93 repos_cost=199171.15 best_other=199171.15 met_progress=Y steps_since_improve=0 switches=0
[STEP] step=2 mode=free t=0.020s ee=(+0.000,-0.001,+0.200) obj=(-0.000,-0.000,+0.050) goal_dist=0.300m switch=kStayInRepos target=(+0.000,-0.001,+0.198) ee_stride=0.001m ee_to_ptarget=0.189m landing_err=0.1858m ik_ok=Y ik_resid=0.0004m q_max_resid_deg=1.33 target_changed=Y retgt=N held_idx=1 held_cost=199171.15 won_cost=199171.15 margin=+0.00 won_src=prev_repos held_valid=Y reason=hold setpoint_to_ptarget=nanm finished_val=nanm finished_thresh=0.0200m pd_resid=nanm nextwp_to_ptarget=nanm guide_terminal_err=nanm
[GATE-EVOLVE] step=2 curr=156123.93 best_other=199171.15 ratio=0.7839 ee_to_optimal=0.0749m phi=0.0747m
[STAGE-A-TRACE] step=2 sim_t=0.020 mode=free phi=0.07473 box_xy=-0.00000,-0.00000 lam_n_ee_box=nan qy=-0.00002 qz=+0.00000 finished_repos=0
[DRAKE-CONTACT] step=2 n_pairs=1 ee_box_normal=0.000
[GATE-CONTACT] step=2 F_W=(+0.0000,+0.0000,+0.0000) F_on_box=(-0.0000,-0.0000,-0.0000) n_face_out=(-0.0000,-0.0000,-0.0000) A_is_ee=0 box_q=(+1.00000,+0.00002,-0.00002,+0.00000) box_p=(-0.00000,-0.00000,+0.04999) ee_p=(+0.00014,-0.00055,+0.19972)
[ADMM-C3+] primal: 5.7461->3.8743  dual: 74.8590->83.4158  mono=False  iters=25/25  rho=25.0
[ADMM-C3+] WARNING non-converged: pr=3.8743 dr=83.4158 tol=1e-03
[C3+] step=6 |u[0]|=11.33N λ_n_max=0.000 η_n_max=0.740 primal=3.874 iters=25/25 lcp_res_max=nan
[ADMIT-GUARD] step=3 admit_active=0 latch=0/0 ee_z=0.199 gate_cap=0
[ALT-GATE] step=3 target_stable=0/0 allow_descent=1
[GS-tgt] step=3 ee=(+0.000,-0.001,+0.199) p_repos=(-0.023,-0.080,+0.030) ee_to_target=0.188m target_label=prev_repos target_changed=N delta=0.000m
[IMP] step=3 mode=free |x_err|=0.0023m |tau_imp|=13.48Nm |tau_ff|=0.00Nm |tau_out|=13.48Nm sat=False lam_n=False lam_t=False
[GS] step=3 mode=free switch=kStayInRepos best_k=0 best_src=prev_repos curr_cost=155956.47 repos_cost=199000.42 best_other=199000.42 met_progress=Y steps_since_improve=1 switches=0
[STEP] step=3 mode=free t=0.030s ee=(+0.000,-0.001,+0.199) obj=(-0.000,-0.000,+0.050) goal_dist=0.300m switch=kStayInRepos target=(+0.000,-0.001,+0.196) ee_stride=0.002m ee_to_ptarget=0.188m landing_err=0.1842m ik_ok=Y ik_resid=0.0008m q_max_resid_deg=2.01 target_changed=Y retgt=N held_idx=1 held_cost=199000.42 won_cost=199000.42 margin=+0.00 won_src=prev_repos held_valid=Y reason=hold setpoint_to_ptarget=nanm finished_val=nanm finished_thresh=0.0200m pd_resid=nanm nextwp_to_ptarget=nanm guide_terminal_err=nanm
[GATE-EVOLVE] step=3 curr=155956.47 best_other=199000.42 ratio=0.7837 ee_to_optimal=0.0749m phi=0.0738m
[STAGE-A-TRACE] step=3 sim_t=0.030 mode=free phi=0.07382 box_xy=-0.00000,-0.00000 lam_n_ee_box=nan qy=-0.00001 qz=+0.00000 finished_repos=0
[DRAKE-CONTACT] step=3 n_pairs=1 ee_box_normal=0.000
[GATE-CONTACT] step=3 F_W=(+0.0000,+0.0000,+0.0000) F_on_box=(-0.0000,-0.0000,-0.0000) n_face_out=(-0.0000,-0.0000,-0.0000) A_is_ee=0 box_q=(+1.00000,+0.00001,-0.00001,+0.00000) box_p=(-0.00000,-0.00000,+0.04999) ee_p=(+0.00015,-0.00064,+0.19881)
[ADMM-C3+] primal: 5.7461->3.8743  dual: 74.8587->83.4152  mono=False  iters=25/25  rho=25.0
[ADMM-C3+] WARNING non-converged: pr=3.8743 dr=83.4152 tol=1e-03
[C3+] step=9 |u[0]|=11.24N λ_n_max=0.000 η_n_max=0.740 primal=3.874 iters=25/25 lcp_res_max=nan
[ADMIT-GUARD] step=4 admit_active=0 latch=0/0 ee_z=0.198 gate_cap=0
[ALT-GATE] step=4 target_stable=0/0 allow_descent=1
[GS-tgt] step=4 ee=(+0.000,-0.001,+0.198) p_repos=(-0.023,-0.080,+0.030) ee_to_target=0.187m target_label=prev_repos target_changed=N delta=0.000m
[IMP] step=4 mode=free |x_err|=0.0028m |tau_imp|=9.38Nm |tau_ff|=0.00Nm |tau_out|=9.38Nm sat=False lam_n=False lam_t=False
[GS] step=4 mode=free switch=kStayInRepos best_k=0 best_src=prev_repos curr_cost=155950.81 repos_cost=199001.84 best_other=199001.84 met_progress=Y steps_since_improve=2 switches=0
[STEP] step=4 mode=free t=0.040s ee=(+0.000,-0.001,+0.198) obj=(-0.000,-0.000,+0.050) goal_dist=0.300m switch=kStayInRepos target=(+0.000,-0.001,+0.195) ee_stride=0.003m ee_to_ptarget=0.187m landing_err=0.1827m ik_ok=Y ik_resid=0.0001m q_max_resid_deg=2.82 target_changed=Y retgt=N held_idx=1 held_cost=199001.84 won_cost=199001.84 margin=+0.00 won_src=prev_repos held_valid=Y reason=hold setpoint_to_ptarget=nanm finished_val=nanm finished_thresh=0.0200m pd_resid=nanm nextwp_to_ptarget=nanm guide_terminal_err=nanm
[GATE-EVOLVE] step=4 curr=155950.81 best_other=199001.84 ratio=0.7837 ee_to_optimal=0.0748m phi=0.0725m
[STAGE-A-TRACE] step=4 sim_t=0.040 mode=free phi=0.07252 box_xy=-0.00000,-0.00000 lam_n_ee_box=nan qy=-0.00001 qz=+0.00000 finished_repos=0
[DRAKE-CONTACT] step=4 n_pairs=1 ee_box_normal=0.000
[GATE-CONTACT] step=4 F_W=(+0.0000,+0.0000,+0.0000) F_on_box=(-0.0000,-0.0000,-0.0000) n_face_out=(-0.0000,-0.0000,-0.0000) A_is_ee=0 box_q=(+1.00000,+0.00001,-0.00001,+0.00000) box_p=(-0.00000,-0.00000,+0.04999) ee_p=(+0.00017,-0.00074,+0.19751)
[ADMM-C3+] primal: 5.7461->3.8743  dual: 74.8587->83.4152  mono=False  iters=25/25  rho=25.0
[ADMM-C3+] WARNING non-converged: pr=3.8743 dr=83.4152 tol=1e-03
[C3+] step=12 |u[0]|=11.14N λ_n_max=0.000 η_n_max=0.740 primal=3.874 iters=25/25 lcp_res_max=nan
[ADMIT-GUARD] step=5 admit_active=0 latch=0/0 ee_z=0.196 gate_cap=0
[ALT-GATE] step=5 target_stable=0/0 allow_descent=1
[GS-tgt] step=5 ee=(+0.000,-0.001,+0.196) p_repos=(-0.023,-0.080,+0.030) ee_to_target=0.185m target_label=prev_repos target_changed=N delta=0.000m
[IMP] step=5 mode=free |x_err|=0.0031m |tau_imp|=6.36Nm |tau_ff|=0.00Nm |tau_out|=6.36Nm sat=False lam_n=False lam_t=False
[GS] step=5 mode=free switch=kStayInRepos best_k=0 best_src=prev_repos curr_cost=155943.03 repos_cost=199002.34 best_other=199002.34 met_progress=Y steps_since_improve=3 switches=0
[STEP] step=5 mode=free t=0.050s ee=(+0.000,-0.001,+0.196) obj=(-0.000,-0.000,+0.050) goal_dist=0.300m switch=kStayInRepos target=(+0.000,-0.001,+0.193) ee_stride=0.003m ee_to_ptarget=0.185m landing_err=0.1813m ik_ok=Y ik_resid=0.0001m q_max_resid_deg=3.55 target_changed=Y retgt=N held_idx=1 held_cost=199002.34 won_cost=199002.34 margin=+0.00 won_src=prev_repos held_valid=Y reason=hold setpoint_to_ptarget=nanm finished_val=nanm finished_thresh=0.0200m pd_resid=nanm nextwp_to_ptarget=nanm guide_terminal_err=nanm
[GATE-EVOLVE] step=5 curr=155943.03 best_other=199002.34 ratio=0.7836 ee_to_optimal=0.0748m phi=0.0710m
[STAGE-A-TRACE] step=5 sim_t=0.050 mode=free phi=0.07096 box_xy=-0.00000,-0.00000 lam_n_ee_box=nan qy=-0.00001 qz=+0.00000 finished_repos=0
[DRAKE-CONTACT] step=5 n_pairs=1 ee_box_normal=0.000
[GATE-CONTACT] step=5 F_W=(+0.0000,+0.0000,+0.0000) F_on_box=(-0.0000,-0.0000,-0.0000) n_face_out=(-0.0000,-0.0000,-0.0000) A_is_ee=0 box_q=(+1.00000,+0.00001,-0.00001,+0.00000) box_p=(-0.00000,-0.00000,+0.04999) ee_p=(+0.00018,-0.00084,+0.19595)
[ADMM-C3+] primal: 5.7461->3.8743  dual: 74.8587->83.4152  mono=False  iters=25/25  rho=25.0
[ADMM-C3+] WARNING non-converged: pr=3.8743 dr=83.4152 tol=1e-03
[C3+] step=15 |u[0]|=11.03N λ_n_max=0.000 η_n_max=0.740 primal=3.874 iters=25/25 lcp_res_max=nan
[ADMIT-GUARD] step=6 admit_active=0 latch=0/0 ee_z=0.194 gate_cap=0
[ALT-GATE] step=6 target_stable=0/0 allow_descent=1
[GS-tgt] step=6 ee=(+0.000,-0.001,+0.194) p_repos=(-0.023,-0.080,+0.030) ee_to_target=0.184m target_label=prev_repos target_changed=N delta=0.000m
[GS] step=6 mode=free switch=kStayInRepos best_k=0 best_src=prev_repos curr_cost=155934.38 repos_cost=199002.71 best_other=199002.71 met_progress=Y steps_since_improve=4 switches=0
[STEP] step=6 mode=free t=0.060s ee=(+0.000,-0.001,+0.194) obj=(-0.000,-0.000,+0.050) goal_dist=0.300m switch=kStayInRepos target=(+0.000,-0.001,+0.191) ee_stride=0.003m ee_to_ptarget=0.184m landing_err=0.1800m ik_ok=Y ik_resid=0.0001m q_max_resid_deg=4.29 target_changed=Y retgt=N held_idx=1 held_cost=199002.71 won_cost=199002.71 margin=+0.00 won_src=prev_repos held_valid=Y reason=hold setpoint_to_ptarget=nanm finished_val=nanm finished_thresh=0.0200m pd_resid=nanm nextwp_to_ptarget=nanm guide_terminal_err=nanm
[GATE-EVOLVE] step=6 curr=155934.38 best_other=199002.71 ratio=0.7836 ee_to_optimal=0.0748m phi=0.0692m
[STAGE-A-TRACE] step=6 sim_t=0.060 mode=free phi=0.06921 box_xy=-0.00000,-0.00000 lam_n_ee_box=nan qy=-0.00001 qz=+0.00000 finished_repos=0
[DRAKE-CONTACT] step=6 n_pairs=1 ee_box_normal=0.000
[GATE-CONTACT] step=6 F_W=(+0.0000,+0.0000,+0.0000) F_on_box=(-0.0000,-0.0000,-0.0000) n_face_out=(-0.0000,-0.0000,-0.0000) A_is_ee=0 box_q=(+1.00000,+0.00001,-0.00001,+0.00000) box_p=(-0.00000,-0.00000,+0.04999) ee_p=(+0.00020,-0.00093,+0.19420)
[ADMM-C3+] primal: 6.1274->4.9359  dual: 109.8105->80.3187  mono=False  iters=25/25  rho=25.0
[ADMM-C3+] WARNING non-converged: pr=4.9359 dr=80.3187 tol=1e-03
[C3+] step=18 |u[0]|=10.89N λ_n_max=1.058 η_n_max=1.279 primal=4.936 iters=25/25 lcp_res_max=nan
[ADMIT-GUARD] step=7 admit_active=0 latch=0/0 ee_z=0.192 gate_cap=0
[ALT-GATE] step=7 target_stable=0/0 allow_descent=1
[GS-tgt] step=7 ee=(+0.000,-0.001,+0.192) p_repos=(-0.023,-0.080,+0.030) ee_to_target=0.182m target_label=prev_repos target_changed=N delta=0.000m
[GS] step=7 mode=free switch=kStayInRepos best_k=0 best_src=prev_repos curr_cost=133207.89 repos_cost=180222.42 best_other=180222.42 met_progress=Y steps_since_improve=5 switches=0
[STEP] step=7 mode=free t=0.070s ee=(+0.000,-0.001,+0.192) obj=(+0.000,+0.000,+0.050) goal_dist=0.300m switch=kStayInRepos target=(+0.000,-0.001,+0.189) ee_stride=0.003m ee_to_ptarget=0.182m landing_err=0.1787m ik_ok=Y ik_resid=0.0002m q_max_resid_deg=5.04 target_changed=Y retgt=N held_idx=1 held_cost=180222.42 won_cost=180222.42 margin=+0.00 won_src=prev_repos held_valid=Y reason=hold setpoint_to_ptarget=nanm finished_val=nanm finished_thresh=0.0200m pd_resid=nanm nextwp_to_ptarget=nanm guide_terminal_err=nanm
[GATE-EVOLVE] step=7 curr=133207.89 best_other=180222.42 ratio=0.7391 ee_to_optimal=0.0748m phi=0.0672m
[STAGE-A-TRACE] step=7 sim_t=0.070 mode=free phi=0.06715 box_xy=+0.00000,+0.00000 lam_n_ee_box=nan qy=+0.00001 qz=+0.00000 finished_repos=0
[DRAKE-CONTACT] step=7 n_pairs=1 ee_box_normal=0.000
[GATE-CONTACT] step=7 F_W=(+0.0000,+0.0000,+0.0000) F_on_box=(-0.0000,-0.0000,-0.0000) n_face_out=(-0.0000,-0.0000,-0.0000) A_is_ee=0 box_q=(+1.00000,-0.00001,+0.00001,+0.00000) box_p=(+0.00000,+0.00000,+0.04999) ee_p=(+0.00021,-0.00100,+0.19215)
[ADMM-C3+] primal: 5.7461->3.8743  dual: 74.8587->83.4152  mono=False  iters=25/25  rho=25.0
[ADMM-C3+] WARNING non-converged: pr=3.8743 dr=83.4152 tol=1e-03
[C3+] step=21 |u[0]|=10.77N λ_n_max=0.000 η_n_max=0.740 primal=3.874 iters=25/25 lcp_res_max=nan
[ADMIT-GUARD] step=8 admit_active=0 latch=0/0 ee_z=0.190 gate_cap=0
[ALT-GATE] step=8 target_stable=0/0 allow_descent=1
[GS-tgt] step=8 ee=(+0.000,-0.001,+0.190) p_repos=(-0.023,-0.080,+0.030) ee_to_target=0.180m target_label=prev_repos target_changed=N delta=0.000m
[GS] step=8 mode=free switch=kStayInRepos best_k=0 best_src=prev_repos curr_cost=155915.74 repos_cost=199002.98 best_other=199002.98 met_progress=Y steps_since_improve=6 switches=0
[STEP] step=8 mode=free t=0.080s ee=(+0.000,-0.001,+0.190) obj=(-0.000,-0.000,+0.050) goal_dist=0.300m switch=kStayInRepos target=(+0.000,-0.001,+0.187) ee_stride=0.003m ee_to_ptarget=0.180m landing_err=0.1775m ik_ok=Y ik_resid=0.0002m q_max_resid_deg=5.78 target_changed=Y retgt=N held_idx=1 held_cost=199002.98 won_cost=199002.98 margin=+0.00 won_src=prev_repos held_valid=Y reason=hold setpoint_to_ptarget=nanm finished_val=nanm finished_thresh=0.0200m pd_resid=nanm nextwp_to_ptarget=nanm guide_terminal_err=nanm
[GATE-EVOLVE] step=8 curr=155915.74 best_other=199002.98 ratio=0.7835 ee_to_optimal=0.0748m phi=0.0654m
[STAGE-A-TRACE] step=8 sim_t=0.080 mode=free phi=0.06541 box_xy=-0.00000,-0.00000 lam_n_ee_box=nan qy=-0.00001 qz=+0.00000 finished_repos=0
[DRAKE-CONTACT] step=8 n_pairs=1 ee_box_normal=0.000
[GATE-CONTACT] step=8 F_W=(+0.0000,+0.0000,+0.0000) F_on_box=(-0.0000,-0.0000,-0.0000) n_face_out=(-0.0000,-0.0000,-0.0000) A_is_ee=0 box_q=(+1.00000,+0.00001,-0.00001,+0.00000) box_p=(-0.00000,-0.00000,+0.04999) ee_p=(+0.00022,-0.00105,+0.19040)
[ADMM-C3+] primal: 5.7461->3.8743  dual: 74.8587->83.4152  mono=False  iters=25/25  rho=25.0
[ADMM-C3+] WARNING non-converged: pr=3.8743 dr=83.4152 tol=1e-03
[C3+] step=24 |u[0]|=10.64N λ_n_max=0.000 η_n_max=0.740 primal=3.874 iters=25/25 lcp_res_max=nan
[ADMIT-GUARD] step=9 admit_active=0 latch=0/0 ee_z=0.188 gate_cap=0
[ALT-GATE] step=9 target_stable=0/0 allow_descent=1
[GS-tgt] step=9 ee=(+0.000,-0.001,+0.188) p_repos=(-0.023,-0.080,+0.030) ee_to_target=0.179m target_label=prev_repos target_changed=N delta=0.000m
[GS] step=9 mode=free switch=kStayInRepos best_k=0 best_src=prev_repos curr_cost=155906.18 repos_cost=199002.89 best_other=199002.89 met_progress=Y steps_since_improve=7 switches=0
[STEP] step=9 mode=free t=0.090s ee=(+0.000,-0.001,+0.188) obj=(-0.000,-0.000,+0.050) goal_dist=0.300m switch=kStayInRepos target=(+0.000,-0.001,+0.186) ee_stride=0.003m ee_to_ptarget=0.179m landing_err=0.1764m ik_ok=Y ik_resid=0.0003m q_max_resid_deg=6.53 target_changed=Y retgt=N held_idx=1 held_cost=199002.89 won_cost=199002.89 margin=+0.00 won_src=prev_repos held_valid=Y reason=hold setpoint_to_ptarget=nanm finished_val=nanm finished_thresh=0.0200m pd_resid=nanm nextwp_to_ptarget=nanm guide_terminal_err=nanm
[GATE-EVOLVE] step=9 curr=155906.18 best_other=199002.89 ratio=0.7834 ee_to_optimal=0.0748m phi=0.0634m
[STAGE-A-TRACE] step=9 sim_t=0.090 mode=free phi=0.06343 box_xy=-0.00000,-0.00000 lam_n_ee_box=nan qy=-0.00001 qz=+0.00000 finished_repos=0
[DRAKE-CONTACT] step=9 n_pairs=1 ee_box_normal=0.000
[GATE-CONTACT] step=9 F_W=(+0.0000,+0.0000,+0.0000) F_on_box=(-0.0000,-0.0000,-0.0000) n_face_out=(-0.0000,-0.0000,-0.0000) A_is_ee=0 box_q=(+1.00000,+0.00001,-0.00001,+0.00000) box_p=(-0.00000,-0.00000,+0.04999) ee_p=(+0.00023,-0.00108,+0.18842)
[ADMM-C3+] primal: 5.7461->3.8743  dual: 74.8587->83.4152  mono=False  iters=25/25  rho=25.0
[ADMM-C3+] WARNING non-converged: pr=3.8743 dr=83.4152 tol=1e-03
[C3+] step=27 |u[0]|=10.51N λ_n_max=0.000 η_n_max=0.740 primal=3.874 iters=25/25 lcp_res_max=nan
[ADMIT-GUARD] step=10 admit_active=0 latch=0/0 ee_z=0.186 gate_cap=0
[ALT-GATE] step=10 target_stable=0/0 allow_descent=1
[GS-tgt] step=10 ee=(+0.000,-0.001,+0.186) p_repos=(-0.023,-0.080,+0.030) ee_to_target=0.177m target_label=prev_repos target_changed=N delta=0.000m
[IMP] step=10 mode=free |x_err|=0.0026m |tau_imp|=1.57Nm |tau_ff|=0.00Nm |tau_out|=1.57Nm sat=False lam_n=False lam_t=False
[GS] step=10 mode=free switch=kStayInRepos best_k=0 best_src=prev_repos curr_cost=155896.60 repos_cost=199002.69 best_other=199002.69 met_progress=Y steps_since_improve=8 switches=0
[STEP] step=10 mode=free t=0.100s ee=(+0.000,-0.001,+0.186) obj=(-0.000,-0.000,+0.050) goal_dist=0.300m switch=kStayInRepos target=(+0.000,-0.001,+0.184) ee_stride=0.003m ee_to_ptarget=0.177m landing_err=0.1754m ik_ok=Y ik_resid=0.0003m q_max_resid_deg=7.37 target_changed=Y retgt=N held_idx=1 held_cost=199002.69 won_cost=199002.69 margin=+0.00 won_src=prev_repos held_valid=Y reason=hold setpoint_to_ptarget=nanm finished_val=nanm finished_thresh=0.0200m pd_resid=nanm nextwp_to_ptarget=nanm guide_terminal_err=nanm
[GATE-EVOLVE] step=10 curr=155896.60 best_other=199002.69 ratio=0.7834 ee_to_optimal=0.0748m phi=0.0614m
[STAGE-A-TRACE] step=10 sim_t=0.100 mode=free phi=0.06143 box_xy=-0.00000,-0.00000 lam_n_ee_box=nan qy=-0.00001 qz=+0.00000 finished_repos=0
[DRAKE-CONTACT] step=10 n_pairs=1 ee_box_normal=0.000
[GATE-CONTACT] step=10 F_W=(+0.0000,+0.0000,+0.0000) F_on_box=(-0.0000,-0.0000,-0.0000) n_face_out=(-0.0000,-0.0000,-0.0000) A_is_ee=0 box_q=(+1.00000,+0.00001,-0.00001,+0.00000) box_p=(-0.00000,-0.00000,+0.04999) ee_p=(+0.00023,-0.00110,+0.18642)
[ADMM-C3+] primal: 5.7461->3.8743  dual: 74.8587->83.4152  mono=False  iters=25/25  rho=25.0
[ADMM-C3+] WARNING non-converged: pr=3.8743 dr=83.4152 tol=1e-03
[C3+] step=30 |u[0]|=10.37N λ_n_max=0.000 η_n_max=0.740 primal=3.874 iters=25/25 lcp_res_max=nan
[ADMIT-GUARD] step=11 admit_active=0 latch=0/0 ee_z=0.184 gate_cap=0
[ALT-GATE] step=11 target_stable=0/0 allow_descent=1
[GS-tgt] step=11 ee=(+0.000,-0.001,+0.184) p_repos=(-0.023,-0.080,+0.030) ee_to_target=0.175m target_label=prev_repos target_changed=N delta=0.000m
[GS] step=11 mode=free switch=kStayInRepos best_k=0 best_src=prev_repos curr_cost=155887.10 repos_cost=199002.40 best_other=199002.40 met_progress=Y steps_since_improve=9 switches=0
[STEP] step=11 mode=free t=0.110s ee=(+0.000,-0.001,+0.184) obj=(-0.000,-0.000,+0.050) goal_dist=0.300m switch=kStayInRepos target=(+0.000,-0.001,+0.182) ee_stride=0.002m ee_to_ptarget=0.175m landing_err=0.1744m ik_ok=Y ik_resid=0.0004m q_max_resid_deg=8.24 target_changed=Y retgt=N held_idx=1 held_cost=199002.40 won_cost=199002.40 margin=+0.00 won_src=prev_repos held_valid=Y reason=hold setpoint_to_ptarget=nanm finished_val=nanm finished_thresh=0.0200m pd_resid=nanm nextwp_to_ptarget=nanm guide_terminal_err=nanm
[GATE-EVOLVE] step=11 curr=155887.10 best_other=199002.40 ratio=0.7833 ee_to_optimal=0.0748m phi=0.0594m
[STAGE-A-TRACE] step=11 sim_t=0.110 mode=free phi=0.05942 box_xy=-0.00000,-0.00000 lam_n_ee_box=nan qy=-0.00001 qz=+0.00000 finished_repos=0
[DRAKE-CONTACT] step=11 n_pairs=1 ee_box_normal=0.000
[GATE-CONTACT] step=11 F_W=(+0.0000,+0.0000,+0.0000) F_on_box=(-0.0000,-0.0000,-0.0000) n_face_out=(-0.0000,-0.0000,-0.0000) A_is_ee=0 box_q=(+1.00000,+0.00001,-0.00001,+0.00000) box_p=(-0.00000,-0.00000,+0.04999) ee_p=(+0.00023,-0.00111,+0.18441)
[ADMM-C3+] primal: 5.7461->3.8743  dual: 74.8587->83.4152  mono=False  iters=25/25  rho=25.0
[ADMM-C3+] WARNING non-converged: pr=3.8743 dr=83.4152 tol=1e-03
[C3+] step=33 |u[0]|=10.24N λ_n_max=0.000 η_n_max=0.740 primal=3.874 iters=25/25 lcp_res_max=nan
[ADMIT-GUARD] step=12 admit_active=0 latch=0/0 ee_z=0.182 gate_cap=0
[ALT-GATE] step=12 target_stable=0/0 allow_descent=1
[GS-tgt] step=12 ee=(+0.000,-0.001,+0.182) p_repos=(-0.023,-0.080,+0.030) ee_to_target=0.173m target_label=prev_repos target_changed=N delta=0.000m
[GS] step=12 mode=free switch=kStayInRepos best_k=0 best_src=prev_repos curr_cost=155877.73 repos_cost=199002.04 best_other=199002.04 met_progress=Y steps_since_improve=10 switches=0
[STEP] step=12 mode=free t=0.120s ee=(+0.000,-0.001,+0.182) obj=(-0.000,-0.000,+0.050) goal_dist=0.300m switch=kStayInRepos target=(+0.000,-0.001,+0.180) ee_stride=0.002m ee_to_ptarget=0.173m landing_err=0.1736m ik_ok=Y ik_resid=0.0004m q_max_resid_deg=9.12 target_changed=Y retgt=N held_idx=1 held_cost=199002.04 won_cost=199002.04 margin=+0.00 won_src=prev_repos held_valid=Y reason=hold setpoint_to_ptarget=nanm finished_val=nanm finished_thresh=0.0200m pd_resid=nanm nextwp_to_ptarget=nanm guide_terminal_err=nanm
[GATE-EVOLVE] step=12 curr=155877.73 best_other=199002.04 ratio=0.7833 ee_to_optimal=0.0748m phi=0.0574m
[STAGE-A-TRACE] step=12 sim_t=0.120 mode=free phi=0.05741 box_xy=-0.00000,-0.00000 lam_n_ee_box=nan qy=-0.00001 qz=+0.00000 finished_repos=0
[DRAKE-CONTACT] step=12 n_pairs=1 ee_box_normal=0.000
[GATE-CONTACT] step=12 F_W=(+0.0000,+0.0000,+0.0000) F_on_box=(-0.0000,-0.0000,-0.0000) n_face_out=(-0.0000,-0.0000,-0.0000) A_is_ee=0 box_q=(+1.00000,+0.00001,-0.00001,+0.00000) box_p=(-0.00000,-0.00000,+0.04999) ee_p=(+0.00024,-0.00110,+0.18241)
[ADMM-C3+] primal: 5.7461->3.8743  dual: 74.8587->83.4152  mono=False  iters=25/25  rho=25.0
[ADMM-C3+] WARNING non-converged: pr=3.8743 dr=83.4152 tol=1e-03
[C3+] step=36 |u[0]|=10.10N λ_n_max=0.000 η_n_max=0.740 primal=3.874 iters=25/25 lcp_res_max=nan
[ADMIT-GUARD] step=13 admit_active=0 latch=0/0 ee_z=0.180 gate_cap=0
[ALT-GATE] step=13 target_stable=0/0 allow_descent=1
[GS-tgt] step=13 ee=(+0.000,-0.001,+0.180) p_repos=(-0.023,-0.080,+0.030) ee_to_target=0.171m target_label=prev_repos target_changed=N delta=0.000m
[GS] step=13 mode=free switch=kStayInRepos best_k=0 best_src=prev_repos curr_cost=155868.52 repos_cost=199001.62 best_other=199001.62 met_progress=Y steps_since_improve=11 switches=0
[STEP] step=13 mode=free t=0.130s ee=(+0.000,-0.001,+0.180) obj=(-0.000,-0.000,+0.050) goal_dist=0.300m switch=kStayInRepos target=(+0.000,-0.001,+0.178) ee_stride=0.002m ee_to_ptarget=0.171m landing_err=0.1728m ik_ok=Y ik_resid=0.0005m q_max_resid_deg=10.00 target_changed=Y retgt=N held_idx=1 held_cost=199001.62 won_cost=199001.62 margin=+0.00 won_src=prev_repos held_valid=Y reason=hold setpoint_to_ptarget=nanm finished_val=nanm finished_thresh=0.0200m pd_resid=nanm nextwp_to_ptarget=nanm guide_terminal_err=nanm
[GATE-EVOLVE] step=13 curr=155868.52 best_other=199001.62 ratio=0.7833 ee_to_optimal=0.0748m phi=0.0554m
[STAGE-A-TRACE] step=13 sim_t=0.130 mode=free phi=0.05542 box_xy=-0.00000,-0.00000 lam_n_ee_box=nan qy=-0.00001 qz=+0.00000 finished_repos=0
[DRAKE-CONTACT] step=13 n_pairs=1 ee_box_normal=0.000
[GATE-CONTACT] step=13 F_W=(+0.0000,+0.0000,+0.0000) F_on_box=(-0.0000,-0.0000,-0.0000) n_face_out=(-0.0000,-0.0000,-0.0000) A_is_ee=0 box_q=(+1.00000,+0.00001,-0.00001,+0.00000) box_p=(-0.00000,-0.00000,+0.04999) ee_p=(+0.00024,-0.00110,+0.18041)
[ADMM-C3+] primal: 5.7461->3.8743  dual: 74.8587->83.4152  mono=False  iters=25/25  rho=25.0
[ADMM-C3+] WARNING non-converged: pr=3.8743 dr=83.4152 tol=1e-03
[C3+] step=39 |u[0]|=9.97N λ_n_max=0.000 η_n_max=0.740 primal=3.874 iters=25/25 lcp_res_max=nan
[ADMIT-GUARD] step=14 admit_active=0 latch=0/0 ee_z=0.178 gate_cap=0
[ALT-GATE] step=14 target_stable=0/0 allow_descent=1
[GS-tgt] step=14 ee=(+0.000,-0.001,+0.178) p_repos=(-0.023,-0.080,+0.030) ee_to_target=0.170m target_label=prev_repos target_changed=N delta=0.000m
[GS] step=14 mode=free switch=kStayInRepos best_k=0 best_src=prev_repos curr_cost=155859.51 repos_cost=199001.18 best_other=199001.18 met_progress=Y steps_since_improve=12 switches=0
[STEP] step=14 mode=free t=0.140s ee=(+0.000,-0.001,+0.178) obj=(-0.000,-0.000,+0.050) goal_dist=0.300m switch=kStayInRepos target=(+0.000,-0.001,+0.177) ee_stride=0.002m ee_to_ptarget=0.170m landing_err=0.1722m ik_ok=Y ik_resid=0.0006m q_max_resid_deg=10.89 target_changed=Y retgt=N held_idx=1 held_cost=199001.18 won_cost=199001.18 margin=+0.00 won_src=prev_repos held_valid=Y reason=hold setpoint_to_ptarget=nanm finished_val=nanm finished_thresh=0.0200m pd_resid=nanm nextwp_to_ptarget=nanm guide_terminal_err=nanm
[GATE-EVOLVE] step=14 curr=155859.51 best_other=199001.18 ratio=0.7832 ee_to_optimal=0.0748m phi=0.0534m
[STAGE-A-TRACE] step=14 sim_t=0.140 mode=free phi=0.05343 box_xy=-0.00000,-0.00000 lam_n_ee_box=nan qy=-0.00001 qz=+0.00000 finished_repos=0
[DRAKE-CONTACT] step=14 n_pairs=1 ee_box_normal=0.000
[GATE-CONTACT] step=14 F_W=(+0.0000,+0.0000,+0.0000) F_on_box=(-0.0000,-0.0000,-0.0000) n_face_out=(-0.0000,-0.0000,-0.0000) A_is_ee=0 box_q=(+1.00000,+0.00001,-0.00001,+0.00000) box_p=(-0.00000,-0.00000,+0.04999) ee_p=(+0.00023,-0.00108,+0.17842)
[ADMM-C3+] primal: 5.7461->3.8743  dual: 74.8587->83.4152  mono=False  iters=25/25  rho=25.0
[ADMM-C3+] WARNING non-converged: pr=3.8743 dr=83.4152 tol=1e-03
[C3+] step=42 |u[0]|=9.84N λ_n_max=0.000 η_n_max=0.740 primal=3.874 iters=25/25 lcp_res_max=nan
[ADMIT-GUARD] step=15 admit_active=0 latch=0/0 ee_z=0.176 gate_cap=0
[ALT-GATE] step=15 target_stable=0/0 allow_descent=1
[GS-tgt] step=15 ee=(+0.000,-0.001,+0.176) p_repos=(-0.023,-0.080,+0.030) ee_to_target=0.168m target_label=prev_repos target_changed=N delta=0.000m
[GS] step=15 mode=free switch=kStayInRepos best_k=0 best_src=prev_repos curr_cost=155850.69 repos_cost=199000.71 best_other=199000.71 met_progress=Y steps_since_improve=13 switches=0
[STEP] step=15 mode=free t=0.150s ee=(+0.000,-0.001,+0.176) obj=(-0.000,-0.000,+0.050) goal_dist=0.300m switch=kStayInRepos target=(+0.000,-0.001,+0.175) ee_stride=0.002m ee_to_ptarget=0.168m landing_err=0.1716m ik_ok=Y ik_resid=0.0007m q_max_resid_deg=11.79 target_changed=Y retgt=N held_idx=1 held_cost=199000.71 won_cost=199000.71 margin=+0.00 won_src=prev_repos held_valid=Y reason=hold setpoint_to_ptarget=nanm finished_val=nanm finished_thresh=0.0200m pd_resid=nanm nextwp_to_ptarget=nanm guide_terminal_err=nanm
[GATE-EVOLVE] step=15 curr=155850.69 best_other=199000.71 ratio=0.7832 ee_to_optimal=0.0748m phi=0.0515m
[STAGE-A-TRACE] step=15 sim_t=0.150 mode=free phi=0.05146 box_xy=-0.00000,-0.00000 lam_n_ee_box=nan qy=-0.00001 qz=+0.00000 finished_repos=0
[DRAKE-CONTACT] step=15 n_pairs=1 ee_box_normal=0.000
[GATE-CONTACT] step=15 F_W=(+0.0000,+0.0000,+0.0000) F_on_box=(-0.0000,-0.0000,-0.0000) n_face_out=(-0.0000,-0.0000,-0.0000) A_is_ee=0 box_q=(+1.00000,+0.00001,-0.00001,+0.00000) box_p=(-0.00000,-0.00000,+0.04999) ee_p=(+0.00023,-0.00107,+0.17646)
[ADMM-C3+] primal: 5.7461->3.8743  dual: 74.8587->83.4152  mono=False  iters=25/25  rho=25.0
[ADMM-C3+] WARNING non-converged: pr=3.8743 dr=83.4152 tol=1e-03
[C3+] step=45 |u[0]|=9.70N λ_n_max=0.000 η_n_max=0.740 primal=3.874 iters=25/25 lcp_res_max=nan
[ADMIT-GUARD] step=16 admit_active=0 latch=0/0 ee_z=0.175 gate_cap=0
[ALT-GATE] step=16 target_stable=0/0 allow_descent=1
[GS-tgt] step=16 ee=(+0.000,-0.001,+0.175) p_repos=(-0.023,-0.080,+0.030) ee_to_target=0.166m target_label=prev_repos target_changed=N delta=0.000m
[GS] step=16 mode=free switch=kStayInRepos best_k=0 best_src=prev_repos curr_cost=155842.08 repos_cost=199000.24 best_other=199000.24 met_progress=Y steps_since_improve=14 switches=0
[STEP] step=16 mode=free t=0.160s ee=(+0.000,-0.001,+0.175) obj=(-0.000,-0.000,+0.050) goal_dist=0.300m switch=kStayInRepos target=(+0.000,-0.001,+0.173) ee_stride=0.002m ee_to_ptarget=0.166m landing_err=0.1711m ik_ok=Y ik_resid=0.0008m q_max_resid_deg=12.69 target_changed=Y retgt=N held_idx=1 held_cost=199000.24 won_cost=199000.24 margin=+0.00 won_src=prev_repos held_valid=Y reason=hold setpoint_to_ptarget=nanm finished_val=nanm finished_thresh=0.0200m pd_resid=nanm nextwp_to_ptarget=nanm guide_terminal_err=nanm
[GATE-EVOLVE] step=16 curr=155842.08 best_other=199000.24 ratio=0.7831 ee_to_optimal=0.0748m phi=0.0495m
[STAGE-A-TRACE] step=16 sim_t=0.160 mode=free phi=0.04951 box_xy=-0.00000,-0.00000 lam_n_ee_box=nan qy=-0.00001 qz=+0.00000 finished_repos=0
[DRAKE-CONTACT] step=16 n_pairs=1 ee_box_normal=0.000
[GATE-CONTACT] step=16 F_W=(+0.0000,+0.0000,+0.0000) F_on_box=(-0.0000,-0.0000,-0.0000) n_face_out=(-0.0000,-0.0000,-0.0000) A_is_ee=0 box_q=(+1.00000,+0.00001,-0.00001,+0.00000) box_p=(-0.00000,-0.00000,+0.04999) ee_p=(+0.00023,-0.00105,+0.17450)
[ADMM-C3+] primal: 5.7461->3.8743  dual: 74.8587->83.4152  mono=False  iters=25/25  rho=25.0
[ADMM-C3+] WARNING non-converged: pr=3.8743 dr=83.4152 tol=1e-03
[C3+] step=48 |u[0]|=9.58N λ_n_max=0.000 η_n_max=0.740 primal=3.874 iters=25/25 lcp_res_max=nan
[ADMIT-GUARD] step=17 admit_active=0 latch=0/0 ee_z=0.173 gate_cap=0
[ALT-GATE] step=17 target_stable=0/0 allow_descent=1
[GS-tgt] step=17 ee=(+0.000,-0.001,+0.173) p_repos=(-0.023,-0.080,+0.030) ee_to_target=0.165m target_label=prev_repos target_changed=N delta=0.000m
[GS] step=17 mode=free switch=kStayInRepos best_k=0 best_src=prev_repos curr_cost=155833.66 repos_cost=198999.78 best_other=198999.78 met_progress=Y steps_since_improve=15 switches=0
[STEP] step=17 mode=free t=0.170s ee=(+0.000,-0.001,+0.173) obj=(-0.000,-0.000,+0.050) goal_dist=0.300m switch=kStayInRepos target=(+0.000,-0.001,+0.171) ee_stride=0.001m ee_to_ptarget=0.165m landing_err=0.1707m ik_ok=Y ik_resid=0.0010m q_max_resid_deg=13.61 target_changed=Y retgt=N held_idx=1 held_cost=198999.78 won_cost=198999.78 margin=+0.00 won_src=prev_repos held_valid=Y reason=hold setpoint_to_ptarget=nanm finished_val=nanm finished_thresh=0.0200m pd_resid=nanm nextwp_to_ptarget=nanm guide_terminal_err=nanm
[GATE-EVOLVE] step=17 curr=155833.66 best_other=198999.78 ratio=0.7831 ee_to_optimal=0.0748m phi=0.0476m
[STAGE-A-TRACE] step=17 sim_t=0.170 mode=free phi=0.04757 box_xy=-0.00000,-0.00000 lam_n_ee_box=nan qy=-0.00001 qz=+0.00000 finished_repos=0
[DRAKE-CONTACT] step=17 n_pairs=1 ee_box_normal=0.000
[GATE-CONTACT] step=17 F_W=(+0.0000,+0.0000,+0.0000) F_on_box=(-0.0000,-0.0000,-0.0000) n_face_out=(-0.0000,-0.0000,-0.0000) A_is_ee=0 box_q=(+1.00000,+0.00001,-0.00001,+0.00000) box_p=(-0.00000,-0.00000,+0.04999) ee_p=(+0.00023,-0.00104,+0.17257)
[ADMM-C3+] primal: 5.7461->3.8743  dual: 74.8587->83.4152  mono=False  iters=25/25  rho=25.0
[ADMM-C3+] WARNING non-converged: pr=3.8743 dr=83.4152 tol=1e-03
[C3+] step=51 |u[0]|=9.45N λ_n_max=0.000 η_n_max=0.740 primal=3.874 iters=25/25 lcp_res_max=nan
[ADMIT-GUARD] step=18 admit_active=0 latch=0/0 ee_z=0.171 gate_cap=0
[ALT-GATE] step=18 target_stable=0/0 allow_descent=1
[GS-tgt] step=18 ee=(+0.000,-0.001,+0.171) p_repos=(-0.023,-0.080,+0.030) ee_to_target=0.163m target_label=prev_repos target_changed=N delta=0.000m
[GS] step=18 mode=free switch=kStayInRepos best_k=0 best_src=prev_repos curr_cost=155825.45 repos_cost=198999.32 best_other=198999.32 met_progress=Y steps_since_improve=16 switches=0
[STEP] step=18 mode=free t=0.180s ee=(+0.000,-0.001,+0.171) obj=(-0.000,-0.000,+0.050) goal_dist=0.300m switch=kStayInRepos target=(+0.000,-0.001,+0.169) ee_stride=0.001m ee_to_ptarget=0.163m landing_err=0.1704m ik_ok=Y ik_resid=0.0001m q_max_resid_deg=14.75 target_changed=Y retgt=N held_idx=1 held_cost=198999.32 won_cost=198999.32 margin=+0.00 won_src=prev_repos held_valid=Y reason=hold setpoint_to_ptarget=nanm finished_val=nanm finished_thresh=0.0200m pd_resid=nanm nextwp_to_ptarget=nanm guide_terminal_err=nanm
[GATE-EVOLVE] step=18 curr=155825.45 best_other=198999.32 ratio=0.7830 ee_to_optimal=0.0748m phi=0.0457m
[STAGE-A-TRACE] step=18 sim_t=0.180 mode=free phi=0.04565 box_xy=-0.00000,-0.00000 lam_n_ee_box=nan qy=-0.00001 qz=+0.00000 finished_repos=0
[DRAKE-CONTACT] step=18 n_pairs=1 ee_box_normal=0.000
[GATE-CONTACT] step=18 F_W=(+0.0000,+0.0000,+0.0000) F_on_box=(-0.0000,-0.0000,-0.0000) n_face_out=(-0.0000,-0.0000,-0.0000) A_is_ee=0 box_q=(+1.00000,+0.00001,-0.00001,+0.00000) box_p=(-0.00000,-0.00000,+0.04999) ee_p=(+0.00023,-0.00102,+0.17065)
[ADMM-C3+] primal: 6.1274->4.9359  dual: 109.8105->80.3187  mono=False  iters=25/25  rho=25.0
[ADMM-C3+] WARNING non-converged: pr=4.9359 dr=80.3187 tol=1e-03
[C3+] step=54 |u[0]|=9.31N λ_n_max=1.058 η_n_max=1.279 primal=4.936 iters=25/25 lcp_res_max=nan
[ADMIT-GUARD] step=19 admit_active=0 latch=0/0 ee_z=0.169 gate_cap=0
[ALT-GATE] step=19 target_stable=0/0 allow_descent=1
[GS-tgt] step=19 ee=(+0.000,-0.001,+0.169) p_repos=(-0.023,-0.080,+0.030) ee_to_target=0.161m target_label=prev_repos target_changed=N delta=0.000m
[GS] step=19 mode=free switch=kStayInRepos best_k=0 best_src=prev_repos curr_cost=133100.26 repos_cost=180218.31 best_other=180218.31 met_progress=Y steps_since_improve=17 switches=0
[STEP] step=19 mode=free t=0.190s ee=(+0.000,-0.001,+0.169) obj=(+0.000,+0.000,+0.050) goal_dist=0.300m switch=kStayInRepos target=(+0.000,-0.001,+0.168) ee_stride=0.001m ee_to_ptarget=0.161m landing_err=0.1702m ik_ok=Y ik_resid=0.0001m q_max_resid_deg=15.74 target_changed=Y retgt=N held_idx=1 held_cost=180218.31 won_cost=180218.31 margin=+0.00 won_src=prev_repos held_valid=Y reason=hold setpoint_to_ptarget=nanm finished_val=nanm finished_thresh=0.0200m pd_resid=nanm nextwp_to_ptarget=nanm guide_terminal_err=nanm
[GATE-EVOLVE] step=19 curr=133100.26 best_other=180218.31 ratio=0.7386 ee_to_optimal=0.0748m phi=0.0436m
[STAGE-A-TRACE] step=19 sim_t=0.190 mode=free phi=0.04356 box_xy=+0.00000,+0.00000 lam_n_ee_box=nan qy=+0.00001 qz=+0.00000 finished_repos=0
[DRAKE-CONTACT] step=19 n_pairs=1 ee_box_normal=0.000
[GATE-CONTACT] step=19 F_W=(+0.0000,+0.0000,+0.0000) F_on_box=(-0.0000,-0.0000,-0.0000) n_face_out=(-0.0000,-0.0000,-0.0000) A_is_ee=0 box_q=(+1.00000,-0.00001,+0.00001,+0.00000) box_p=(+0.00000,+0.00000,+0.04999) ee_p=(+0.00022,-0.00100,+0.16855)
[ADMM-C3+] primal: 6.1274->4.9359  dual: 109.8105->80.3187  mono=False  iters=25/25  rho=25.0
[ADMM-C3+] WARNING non-converged: pr=4.9359 dr=80.3187 tol=1e-03
[C3+] step=57 |u[0]|=9.18N λ_n_max=1.058 η_n_max=1.279 primal=4.936 iters=25/25 lcp_res_max=nan
[ADMIT-GUARD] step=20 admit_active=0 latch=0/0 ee_z=0.167 gate_cap=0
[ALT-GATE] step=20 target_stable=0/0 allow_descent=1
[GS-tgt] step=20 ee=(+0.000,-0.001,+0.167) p_repos=(-0.023,-0.080,+0.030) ee_to_target=0.160m target_label=prev_repos target_changed=N delta=0.000m
[IMP] step=20 mode=free |x_err|=0.0009m |tau_imp|=1.48Nm |tau_ff|=0.00Nm |tau_out|=1.48Nm sat=False lam_n=False lam_t=False
[GS] step=20 mode=free switch=kStayInRepos best_k=0 best_src=prev_repos curr_cost=133092.46 repos_cost=180217.88 best_other=180217.88 met_progress=Y steps_since_improve=18 switches=0
[STEP] step=20 mode=free t=0.200s ee=(+0.000,-0.001,+0.167) obj=(+0.000,+0.000,+0.050) goal_dist=0.300m switch=kStayInRepos target=(+0.000,-0.001,+0.166) ee_stride=0.001m ee_to_ptarget=0.160m landing_err=0.1701m ik_ok=Y ik_resid=0.0001m q_max_resid_deg=16.71 target_changed=Y retgt=N held_idx=1 held_cost=180217.88 won_cost=180217.88 margin=+0.00 won_src=prev_repos held_valid=Y reason=hold setpoint_to_ptarget=nanm finished_val=nanm finished_thresh=0.0200m pd_resid=nanm nextwp_to_ptarget=nanm guide_terminal_err=nanm
[GATE-EVOLVE] step=20 curr=133092.46 best_other=180217.88 ratio=0.7385 ee_to_optimal=0.0748m phi=0.0417m
[STAGE-A-TRACE] step=20 sim_t=0.200 mode=free phi=0.04167 box_xy=+0.00000,+0.00000 lam_n_ee_box=nan qy=+0.00001 qz=+0.00000 finished_repos=0
[GS-table] step=20
  k=0 (current   ) pos=(+0.000,-0.001,+0.167) c_C3= 133092.46 align=0.0000(bonus=    0.00) rot=+0.0000(bonus=    0.00) travel=0.000m(pen=  0.00) c_sample= 133092.46 feas=Y ik_err=0.0000m  ← WIN
  k=1 (prev_repos) pos=(-0.023,-0.080,+0.030) c_C3= 180185.96 align=0.0000(bonus=    0.00) rot=+0.0000(bonus=    0.00) travel=0.160m(pen= 31.91) c_sample= 180217.88 feas=Y ik_err=0.0000m
  k=2 (strat_0   ) pos=(-0.023,-0.080,+0.030) c_C3= 180185.96 align=0.0000(bonus=    0.00) rot=+0.0000(bonus=    0.00) travel=0.160m(pen= 31.91) c_sample= 180217.88 feas=Y ik_err=0.0000m
[DRAKE-CONTACT] step=20 n_pairs=1 ee_box_normal=0.000
[GATE-CONTACT] step=20 F_W=(+0.0000,+0.0000,+0.0000) F_on_box=(-0.0000,-0.0000,-0.0000) n_face_out=(-0.0000,-0.0000,-0.0000) A_is_ee=0 box_q=(+1.00000,-0.00001,+0.00001,+0.00000) box_p=(+0.00000,+0.00000,+0.04999) ee_p=(+0.00022,-0.00099,+0.16666)
[ADMM-C3+] primal: 6.1274->4.9359  dual: 109.8105->80.3187  mono=False  iters=25/25  rho=25.0
[ADMM-C3+] WARNING non-converged: pr=4.9359 dr=80.3187 tol=1e-03
[C3+] step=60 |u[0]|=9.06N λ_n_max=1.058 η_n_max=1.279 primal=4.936 iters=25/25 lcp_res_max=nan
[ADMIT-GUARD] step=21 admit_active=0 latch=0/0 ee_z=0.165 gate_cap=0
[ALT-GATE] step=21 target_stable=0/0 allow_descent=1
[GS-tgt] step=21 ee=(+0.000,-0.001,+0.165) p_repos=(-0.023,-0.080,+0.030) ee_to_target=0.158m target_label=prev_repos target_changed=N delta=0.000m
[GS] step=21 mode=free switch=kStayInRepos best_k=0 best_src=prev_repos curr_cost=133084.86 repos_cost=180217.46 best_other=180217.46 met_progress=Y steps_since_improve=19 switches=0
[STEP] step=21 mode=free t=0.210s ee=(+0.000,-0.001,+0.165) obj=(+0.000,+0.000,+0.050) goal_dist=0.300m switch=kStayInRepos target=(+0.000,-0.001,+0.164) ee_stride=0.001m ee_to_ptarget=0.158m landing_err=0.1661m ik_ok=Y ik_resid=0.0001m q_max_resid_deg=16.61 target_changed=Y retgt=N held_idx=1 held_cost=180217.46 won_cost=180217.46 margin=+0.00 won_src=prev_repos held_valid=Y reason=hold setpoint_to_ptarget=nanm finished_val=nanm finished_thresh=0.0200m pd_resid=nanm nextwp_to_ptarget=nanm guide_terminal_err=nanm
[GATE-EVOLVE] step=21 curr=133084.86 best_other=180217.46 ratio=0.7385 ee_to_optimal=0.0748m phi=0.0398m
[STAGE-A-TRACE] step=21 sim_t=0.210 mode=free phi=0.03980 box_xy=+0.00000,+0.00000 lam_n_ee_box=nan qy=+0.00001 qz=+0.00000 finished_repos=0
[DRAKE-CONTACT] step=21 n_pairs=1 ee_box_normal=0.000
[GATE-CONTACT] step=21 F_W=(+0.0000,+0.0000,+0.0000) F_on_box=(-0.0000,-0.0000,-0.0000) n_face_out=(-0.0000,-0.0000,-0.0000) A_is_ee=0 box_q=(+1.00000,-0.00001,+0.00001,+0.00000) box_p=(+0.00000,+0.00000,+0.04999) ee_p=(+0.00022,-0.00098,+0.16479)
[ADMM-C3+] primal: 6.1274->4.9359  dual: 109.8105->80.3187  mono=False  iters=25/25  rho=25.0
[ADMM-C3+] WARNING non-converged: pr=4.9359 dr=80.3187 tol=1e-03
[C3+] step=63 |u[0]|=8.94N λ_n_max=1.058 η_n_max=1.279 primal=4.936 iters=25/25 lcp_res_max=nan
[ADMIT-GUARD] step=22 admit_active=0 latch=0/0 ee_z=0.163 gate_cap=0
[ALT-GATE] step=22 target_stable=0/0 allow_descent=1
[GS-tgt] step=22 ee=(+0.000,-0.001,+0.163) p_repos=(-0.023,-0.080,+0.030) ee_to_target=0.156m target_label=prev_repos target_changed=N delta=0.000m
[GS] step=22 mode=free switch=kStayInRepos best_k=0 best_src=prev_repos curr_cost=133077.43 repos_cost=180217.05 best_other=180217.05 met_progress=Y steps_since_improve=20 switches=0
[STEP] step=22 mode=free t=0.220s ee=(+0.000,-0.001,+0.163) obj=(+0.000,+0.000,+0.050) goal_dist=0.300m switch=kStayInRepos target=(+0.000,-0.001,+0.162) ee_stride=0.001m ee_to_ptarget=0.156m landing_err=0.1621m ik_ok=Y ik_resid=0.0001m q_max_resid_deg=16.05 target_changed=Y retgt=N held_idx=1 held_cost=180217.05 won_cost=180217.05 margin=+0.00 won_src=prev_repos held_valid=Y reason=hold setpoint_to_ptarget=nanm finished_val=nanm finished_thresh=0.0200m pd_resid=nanm nextwp_to_ptarget=nanm guide_terminal_err=nanm
[GATE-EVOLVE] step=22 curr=133077.43 best_other=180217.05 ratio=0.7384 ee_to_optimal=0.0748m phi=0.0379m
[STAGE-A-TRACE] step=22 sim_t=0.220 mode=free phi=0.03794 box_xy=+0.00000,+0.00000 lam_n_ee_box=nan qy=+0.00001 qz=+0.00000 finished_repos=0
[DRAKE-CONTACT] step=22 n_pairs=1 ee_box_normal=0.000
[GATE-CONTACT] step=22 F_W=(+0.0000,+0.0000,+0.0000) F_on_box=(-0.0000,-0.0000,-0.0000) n_face_out=(-0.0000,-0.0000,-0.0000) A_is_ee=0 box_q=(+1.00000,-0.00001,+0.00001,+0.00000) box_p=(+0.00000,+0.00000,+0.04999) ee_p=(+0.00022,-0.00097,+0.16293)
[ADMM-C3+] primal: 6.1274->4.9359  dual: 109.8105->80.3187  mono=False  iters=25/25  rho=25.0
[ADMM-C3+] WARNING non-converged: pr=4.9359 dr=80.3187 tol=1e-03
[C3+] step=66 |u[0]|=8.82N λ_n_max=1.058 η_n_max=1.279 primal=4.936 iters=25/25 lcp_res_max=nan
[ADMIT-GUARD] step=23 admit_active=0 latch=0/0 ee_z=0.161 gate_cap=0
[ALT-GATE] step=23 target_stable=0/0 allow_descent=1
[GS-tgt] step=23 ee=(+0.000,-0.001,+0.161) p_repos=(-0.023,-0.080,+0.030) ee_to_target=0.155m target_label=prev_repos target_changed=N delta=0.000m
[GS] step=23 mode=free switch=kStayInRepos best_k=0 best_src=prev_repos curr_cost=133070.18 repos_cost=180216.67 best_other=180216.67 met_progress=Y steps_since_improve=21 switches=0
[STEP] step=23 mode=free t=0.230s ee=(+0.000,-0.001,+0.161) obj=(+0.000,+0.000,+0.050) goal_dist=0.300m switch=kStayInRepos target=(+0.000,-0.001,+0.160) ee_stride=0.001m ee_to_ptarget=0.155m landing_err=0.1581m ik_ok=Y ik_resid=0.0001m q_max_resid_deg=15.49 target_changed=Y retgt=N held_idx=1 held_cost=180216.67 won_cost=180216.67 margin=+0.00 won_src=prev_repos held_valid=Y reason=hold setpoint_to_ptarget=nanm finished_val=nanm finished_thresh=0.0200m pd_resid=nanm nextwp_to_ptarget=nanm guide_terminal_err=nanm
[GATE-EVOLVE] step=23 curr=133070.18 best_other=180216.67 ratio=0.7384 ee_to_optimal=0.0748m phi=0.0361m
[STAGE-A-TRACE] step=23 sim_t=0.230 mode=free phi=0.03610 box_xy=+0.00000,+0.00000 lam_n_ee_box=nan qy=+0.00001 qz=+0.00000 finished_repos=0
[DRAKE-CONTACT] step=23 n_pairs=1 ee_box_normal=0.000
[GATE-CONTACT] step=23 F_W=(+0.0000,+0.0000,+0.0000) F_on_box=(-0.0000,-0.0000,-0.0000) n_face_out=(-0.0000,-0.0000,-0.0000) A_is_ee=0 box_q=(+1.00000,-0.00001,+0.00001,+0.00000) box_p=(+0.00000,+0.00000,+0.04999) ee_p=(+0.00022,-0.00096,+0.16109)
[ADMM-C3+] primal: 6.1274->4.9359  dual: 109.8105->80.3187  mono=False  iters=25/25  rho=25.0
[ADMM-C3+] WARNING non-converged: pr=4.9359 dr=80.3187 tol=1e-03
[C3+] step=69 |u[0]|=8.69N λ_n_max=1.058 η_n_max=1.279 primal=4.936 iters=25/25 lcp_res_max=nan
[ADMIT-GUARD] step=24 admit_active=0 latch=0/0 ee_z=0.159 gate_cap=0
[ALT-GATE] step=24 target_stable=0/0 allow_descent=1
[GS-tgt] step=24 ee=(+0.000,-0.001,+0.159) p_repos=(-0.023,-0.080,+0.030) ee_to_target=0.153m target_label=prev_repos target_changed=N delta=0.000m
[GS] step=24 mode=free switch=kStayInRepos best_k=0 best_src=prev_repos curr_cost=133063.09 repos_cost=180216.31 best_other=180216.31 met_progress=Y steps_since_improve=22 switches=0
[STEP] step=24 mode=free t=0.240s ee=(+0.000,-0.001,+0.159) obj=(+0.000,+0.000,+0.050) goal_dist=0.300m switch=kStayInRepos target=(+0.000,-0.001,+0.159) ee_stride=0.001m ee_to_ptarget=0.153m landing_err=0.1541m ik_ok=Y ik_resid=0.0001m q_max_resid_deg=14.94 target_changed=Y retgt=N held_idx=1 held_cost=180216.31 won_cost=180216.31 margin=+0.00 won_src=prev_repos held_valid=Y reason=hold setpoint_to_ptarget=nanm finished_val=nanm finished_thresh=0.0200m pd_resid=nanm nextwp_to_ptarget=nanm guide_terminal_err=nanm
[GATE-EVOLVE] step=24 curr=133063.09 best_other=180216.31 ratio=0.7384 ee_to_optimal=0.0748m phi=0.0343m
[STAGE-A-TRACE] step=24 sim_t=0.240 mode=free phi=0.03426 box_xy=+0.00000,+0.00000 lam_n_ee_box=nan qy=+0.00001 qz=+0.00000 finished_repos=0
[DRAKE-CONTACT] step=24 n_pairs=1 ee_box_normal=0.000
[GATE-CONTACT] step=24 F_W=(+0.0000,+0.0000,+0.0000) F_on_box=(-0.0000,-0.0000,-0.0000) n_face_out=(-0.0000,-0.0000,-0.0000) A_is_ee=0 box_q=(+1.00000,-0.00001,+0.00001,+0.00000) box_p=(+0.00000,+0.00000,+0.04999) ee_p=(+0.00021,-0.00095,+0.15925)
[ADMM-C3+] primal: 6.1274->4.9359  dual: 109.8105->80.3187  mono=False  iters=25/25  rho=25.0
[ADMM-C3+] WARNING non-converged: pr=4.9359 dr=80.3187 tol=1e-03
[C3+] step=72 |u[0]|=8.58N λ_n_max=1.058 η_n_max=1.279 primal=4.936 iters=25/25 lcp_res_max=nan
[ADMIT-GUARD] step=25 admit_active=0 latch=0/0 ee_z=0.157 gate_cap=0
[ALT-GATE] step=25 target_stable=0/0 allow_descent=1
[GS-tgt] step=25 ee=(+0.000,-0.001,+0.157) p_repos=(-0.023,-0.080,+0.030) ee_to_target=0.152m target_label=prev_repos target_changed=N delta=0.000m
[GS] step=25 mode=free switch=kStayInRepos best_k=0 best_src=prev_repos curr_cost=133056.14 repos_cost=180215.96 best_other=180215.96 met_progress=Y steps_since_improve=23 switches=0
[STEP] step=25 mode=free t=0.250s ee=(+0.000,-0.001,+0.157) obj=(+0.000,+0.000,+0.050) goal_dist=0.300m switch=kStayInRepos target=(+0.000,-0.001,+0.157) ee_stride=0.001m ee_to_ptarget=0.152m landing_err=0.1501m ik_ok=Y ik_resid=0.0010m q_max_resid_deg=14.70 target_changed=Y retgt=N held_idx=1 held_cost=180215.96 won_cost=180215.96 margin=+0.00 won_src=prev_repos held_valid=Y reason=hold setpoint_to_ptarget=nanm finished_val=nanm finished_thresh=0.0200m pd_resid=nanm nextwp_to_ptarget=nanm guide_terminal_err=nanm
[GATE-EVOLVE] step=25 curr=133056.14 best_other=180215.96 ratio=0.7383 ee_to_optimal=0.0748m phi=0.0324m
[STAGE-A-TRACE] step=25 sim_t=0.250 mode=free phi=0.03243 box_xy=+0.00000,+0.00000 lam_n_ee_box=nan qy=+0.00001 qz=+0.00000 finished_repos=0
[DRAKE-CONTACT] step=25 n_pairs=1 ee_box_normal=0.000
[GATE-CONTACT] step=25 F_W=(+0.0000,+0.0000,+0.0000) F_on_box=(-0.0000,-0.0000,-0.0000) n_face_out=(-0.0000,-0.0000,-0.0000) A_is_ee=0 box_q=(+1.00000,-0.00001,+0.00001,+0.00000) box_p=(+0.00000,+0.00000,+0.04999) ee_p=(+0.00021,-0.00094,+0.15742)
[ADMM-C3+] primal: 6.1274->4.9359  dual: 109.8105->80.3187  mono=False  iters=25/25  rho=25.0
[ADMM-C3+] WARNING non-converged: pr=4.9359 dr=80.3187 tol=1e-03
[C3+] step=75 |u[0]|=8.46N λ_n_max=1.058 η_n_max=1.279 primal=4.936 iters=25/25 lcp_res_max=nan
[ADMIT-GUARD] step=26 admit_active=0 latch=0/0 ee_z=0.156 gate_cap=0
[ALT-GATE] step=26 target_stable=0/0 allow_descent=1
[GS-tgt] step=26 ee=(+0.000,-0.001,+0.156) p_repos=(-0.023,-0.080,+0.030) ee_to_target=0.150m target_label=prev_repos target_changed=N delta=0.000m
[GS] step=26 mode=free switch=kStayInRepos best_k=0 best_src=prev_repos curr_cost=133049.34 repos_cost=180215.62 best_other=180215.62 met_progress=Y steps_since_improve=24 switches=0
[STEP] step=26 mode=free t=0.260s ee=(+0.000,-0.001,+0.156) obj=(+0.000,+0.000,+0.050) goal_dist=0.300m switch=kStayInRepos target=(+0.000,-0.001,+0.155) ee_stride=0.001m ee_to_ptarget=0.150m landing_err=0.1461m ik_ok=Y ik_resid=0.0008m q_max_resid_deg=14.58 target_changed=Y retgt=N held_idx=1 held_cost=180215.62 won_cost=180215.62 margin=+0.00 won_src=prev_repos held_valid=Y reason=hold setpoint_to_ptarget=nanm finished_val=nanm finished_thresh=0.0200m pd_resid=nanm nextwp_to_ptarget=nanm guide_terminal_err=nanm
[GATE-EVOLVE] step=26 curr=133049.34 best_other=180215.62 ratio=0.7383 ee_to_optimal=0.0748m phi=0.0306m
[STAGE-A-TRACE] step=26 sim_t=0.260 mode=free phi=0.03061 box_xy=+0.00000,+0.00000 lam_n_ee_box=nan qy=+0.00001 qz=+0.00000 finished_repos=0
[DRAKE-CONTACT] step=26 n_pairs=1 ee_box_normal=0.000
[GATE-CONTACT] step=26 F_W=(+0.0000,+0.0000,+0.0000) F_on_box=(-0.0000,-0.0000,-0.0000) n_face_out=(-0.0000,-0.0000,-0.0000) A_is_ee=0 box_q=(+1.00000,-0.00001,+0.00001,+0.00000) box_p=(+0.00000,+0.00000,+0.04999) ee_p=(+0.00021,-0.00094,+0.15560)
[ADMM-C3+] primal: 6.1274->4.9359  dual: 109.8105->80.3187  mono=False  iters=25/25  rho=25.0
[ADMM-C3+] WARNING non-converged: pr=4.9359 dr=80.3187 tol=1e-03
[C3+] step=78 |u[0]|=8.34N λ_n_max=1.058 η_n_max=1.279 primal=4.936 iters=25/25 lcp_res_max=nan
[ADMIT-GUARD] step=27 admit_active=0 latch=0/0 ee_z=0.154 gate_cap=0
[ALT-GATE] step=27 target_stable=0/0 allow_descent=1
[GS-tgt] step=27 ee=(+0.000,-0.001,+0.154) p_repos=(-0.023,-0.080,+0.030) ee_to_target=0.149m target_label=prev_repos target_changed=N delta=0.000m
[GS] step=27 mode=free switch=kStayInRepos best_k=0 best_src=prev_repos curr_cost=133042.68 repos_cost=180215.30 best_other=180215.30 met_progress=Y steps_since_improve=25 switches=0
[STEP] step=27 mode=free t=0.270s ee=(+0.000,-0.001,+0.154) obj=(+0.000,+0.000,+0.050) goal_dist=0.300m switch=kStayInRepos target=(+0.000,-0.001,+0.153) ee_stride=0.001m ee_to_ptarget=0.149m landing_err=0.1421m ik_ok=Y ik_resid=0.0007m q_max_resid_deg=14.46 target_changed=Y retgt=N held_idx=1 held_cost=180215.30 won_cost=180215.30 margin=+0.00 won_src=prev_repos held_valid=Y reason=hold setpoint_to_ptarget=nanm finished_val=nanm finished_thresh=0.0200m pd_resid=nanm nextwp_to_ptarget=nanm guide_terminal_err=nanm
[GATE-EVOLVE] step=27 curr=133042.68 best_other=180215.30 ratio=0.7382 ee_to_optimal=0.0748m phi=0.0288m
[STAGE-A-TRACE] step=27 sim_t=0.270 mode=free phi=0.02879 box_xy=+0.00000,+0.00000 lam_n_ee_box=nan qy=+0.00001 qz=+0.00000 finished_repos=0
[DRAKE-CONTACT] step=27 n_pairs=1 ee_box_normal=0.000
[GATE-CONTACT] step=27 F_W=(+0.0000,+0.0000,+0.0000) F_on_box=(-0.0000,-0.0000,-0.0000) n_face_out=(-0.0000,-0.0000,-0.0000) A_is_ee=0 box_q=(+1.00000,-0.00001,+0.00001,+0.00000) box_p=(+0.00000,+0.00000,+0.04999) ee_p=(+0.00021,-0.00094,+0.15378)
[ADMM-C3+] primal: 6.1274->4.9359  dual: 109.8105->80.3187  mono=False  iters=25/25  rho=25.0
[ADMM-C3+] WARNING non-converged: pr=4.9359 dr=80.3187 tol=1e-03
[C3+] step=81 |u[0]|=8.22N λ_n_max=1.058 η_n_max=1.279 primal=4.936 iters=25/25 lcp_res_max=nan
[ADMIT-GUARD] step=28 admit_active=0 latch=0/0 ee_z=0.152 gate_cap=0
[ALT-GATE] step=28 target_stable=0/0 allow_descent=1
[GS-tgt] step=28 ee=(+0.000,-0.001,+0.152) p_repos=(-0.023,-0.080,+0.030) ee_to_target=0.147m target_label=prev_repos target_changed=N delta=0.000m
[GS] step=28 mode=free switch=kStayInRepos best_k=0 best_src=prev_repos curr_cost=133036.15 repos_cost=180214.99 best_other=180214.99 met_progress=Y steps_since_improve=26 switches=0
[STEP] step=28 mode=free t=0.280s ee=(+0.000,-0.001,+0.152) obj=(+0.000,+0.000,+0.050) goal_dist=0.300m switch=kStayInRepos target=(+0.000,-0.001,+0.151) ee_stride=0.001m ee_to_ptarget=0.147m landing_err=0.1381m ik_ok=Y ik_resid=0.0006m q_max_resid_deg=14.33 target_changed=Y retgt=N held_idx=1 held_cost=180214.99 won_cost=180214.99 margin=+0.00 won_src=prev_repos held_valid=Y reason=hold setpoint_to_ptarget=nanm finished_val=nanm finished_thresh=0.0200m pd_resid=nanm nextwp_to_ptarget=nanm guide_terminal_err=nanm
[GATE-EVOLVE] step=28 curr=133036.15 best_other=180214.99 ratio=0.7382 ee_to_optimal=0.0748m phi=0.0270m
[STAGE-A-TRACE] step=28 sim_t=0.280 mode=free phi=0.02698 box_xy=+0.00000,+0.00000 lam_n_ee_box=nan qy=+0.00001 qz=+0.00000 finished_repos=0
[DRAKE-CONTACT] step=28 n_pairs=1 ee_box_normal=0.000
[GATE-CONTACT] step=28 F_W=(+0.0000,+0.0000,+0.0000) F_on_box=(-0.0000,-0.0000,-0.0000) n_face_out=(-0.0000,-0.0000,-0.0000) A_is_ee=0 box_q=(+1.00000,-0.00001,+0.00001,+0.00000) box_p=(+0.00000,+0.00000,+0.04999) ee_p=(+0.00021,-0.00094,+0.15197)
[ADMM-C3+] primal: 6.1274->4.9359  dual: 109.8105->80.3187  mono=False  iters=25/25  rho=25.0
[ADMM-C3+] WARNING non-converged: pr=4.9359 dr=80.3187 tol=1e-03
[C3+] step=84 |u[0]|=8.11N λ_n_max=1.058 η_n_max=1.279 primal=4.936 iters=25/25 lcp_res_max=nan
[ADMIT-GUARD] step=29 admit_active=0 latch=0/0 ee_z=0.150 gate_cap=0
[ALT-GATE] step=29 target_stable=0/0 allow_descent=1
[GS-tgt] step=29 ee=(+0.000,-0.001,+0.150) p_repos=(-0.023,-0.080,+0.030) ee_to_target=0.146m target_label=prev_repos target_changed=N delta=0.000m
[GS] step=29 mode=free switch=kStayInRepos best_k=0 best_src=prev_repos curr_cost=133029.75 repos_cost=180214.69 best_other=180214.69 met_progress=Y steps_since_improve=27 switches=0
[STEP] step=29 mode=free t=0.290s ee=(+0.000,-0.001,+0.150) obj=(+0.000,+0.000,+0.050) goal_dist=0.300m switch=kStayInRepos target=(+0.000,-0.001,+0.150) ee_stride=0.000m ee_to_ptarget=0.146m landing_err=0.1341m ik_ok=Y ik_resid=0.0006m q_max_resid_deg=14.20 target_changed=Y retgt=N held_idx=1 held_cost=180214.69 won_cost=180214.69 margin=+0.00 won_src=prev_repos held_valid=Y reason=hold setpoint_to_ptarget=nanm finished_val=nanm finished_thresh=0.0200m pd_resid=nanm nextwp_to_ptarget=nanm guide_terminal_err=nanm
[GATE-EVOLVE] step=29 curr=133029.75 best_other=180214.69 ratio=0.7382 ee_to_optimal=0.0748m phi=0.0252m
[STAGE-A-TRACE] step=29 sim_t=0.290 mode=free phi=0.02517 box_xy=+0.00000,+0.00000 lam_n_ee_box=nan qy=+0.00001 qz=-0.00000 finished_repos=0
[DRAKE-CONTACT] step=29 n_pairs=1 ee_box_normal=0.000
[GATE-CONTACT] step=29 F_W=(+0.0000,+0.0000,+0.0000) F_on_box=(-0.0000,-0.0000,-0.0000) n_face_out=(-0.0000,-0.0000,-0.0000) A_is_ee=0 box_q=(+1.00000,-0.00001,+0.00001,-0.00000) box_p=(+0.00000,+0.00000,+0.04999) ee_p=(+0.00021,-0.00094,+0.15016)
[ADMM-C3+] primal: 6.1274->4.9359  dual: 109.8105->80.3187  mono=False  iters=25/25  rho=25.0
[ADMM-C3+] WARNING non-converged: pr=4.9359 dr=80.3187 tol=1e-03
[C3+] step=87 |u[0]|=8.03N λ_n_max=1.058 η_n_max=1.279 primal=4.936 iters=25/25 lcp_res_max=nan
[ADMIT-GUARD] step=30 admit_active=0 latch=0/0 ee_z=0.149 gate_cap=0
[ALT-GATE] step=30 target_stable=0/0 allow_descent=1
[GS-tgt] step=30 ee=(+0.000,-0.001,+0.149) p_repos=(-0.023,-0.080,+0.030) ee_to_target=0.144m target_label=prev_repos target_changed=N delta=0.000m
[IMP] step=30 mode=free |x_err|=0.0019m |tau_imp|=33.62Nm |tau_ff|=0.00Nm |tau_out|=33.62Nm sat=False lam_n=False lam_t=False
[GS] step=30 mode=free switch=kStayInRepos best_k=0 best_src=prev_repos curr_cost=133025.65 repos_cost=180216.65 best_other=180216.65 met_progress=Y steps_since_improve=28 switches=0
[STEP] step=30 mode=free t=0.300s ee=(+0.000,-0.001,+0.149) obj=(+0.000,+0.000,+0.050) goal_dist=0.300m switch=kStayInRepos target=(-0.000,-0.003,+0.150) ee_stride=0.002m ee_to_ptarget=0.144m landing_err=0.1301m ik_ok=Y ik_resid=0.0005m q_max_resid_deg=13.99 target_changed=Y retgt=N held_idx=1 held_cost=180216.65 won_cost=180216.65 margin=+0.00 won_src=prev_repos held_valid=Y reason=hold setpoint_to_ptarget=nanm finished_val=nanm finished_thresh=0.0200m pd_resid=nanm nextwp_to_ptarget=nanm guide_terminal_err=nanm
[GATE-EVOLVE] step=30 curr=133025.65 best_other=180216.65 ratio=0.7381 ee_to_optimal=0.0749m phi=0.0237m
[STAGE-A-TRACE] step=30 sim_t=0.300 mode=free phi=0.02370 box_xy=+0.00000,+0.00000 lam_n_ee_box=nan qy=+0.00001 qz=-0.00000 finished_repos=0
[DRAKE-CONTACT] step=30 n_pairs=1 ee_box_normal=0.000
[GATE-CONTACT] step=30 F_W=(+0.0000,+0.0000,+0.0000) F_on_box=(-0.0000,-0.0000,-0.0000) n_face_out=(-0.0000,-0.0000,-0.0000) A_is_ee=0 box_q=(+1.00000,-0.00001,+0.00001,-0.00000) box_p=(+0.00000,+0.00000,+0.04999) ee_p=(+0.00009,-0.00124,+0.14869)
[PERSIST] step=31 refresh n_strategy=1 samples=[(0.0459, 0.08, 0.03)]
[ADMM-C3+] primal: 6.1274->4.9359  dual: 109.8105->80.3187  mono=False  iters=25/25  rho=25.0
[ADMM-C3+] WARNING non-converged: pr=4.9359 dr=80.3187 tol=1e-03
[C3+] step=90 |u[0]|=8.02N λ_n_max=1.058 η_n_max=1.279 primal=4.936 iters=25/25 lcp_res_max=nan
[ADMIT-GUARD] step=31 admit_active=0 latch=0/0 ee_z=0.148 gate_cap=0
[ALT-GATE] step=31 target_stable=0/0 allow_descent=1
[GS-tgt] step=31 ee=(-0.000,-0.002,+0.148) p_repos=(+0.046,+0.080,+0.030) ee_to_target=0.151m target_label=strat_0 target_changed=Y delta=0.174m
[STAGE-A-PWL] step=31 sim_t=0.310 build p_start=(-0.0002,-0.0020,+0.1478) p_target=(+0.0459,+0.0800,+0.0300) K=4 t_end=1.512
[GS] step=31 mode=free switch=kStayInRepos best_k=0 best_src=strat_0 curr_cost=133025.23 repos_cost=180135.40 best_other=180135.40 met_progress=Y steps_since_improve=29 switches=0
[STEP] step=31 mode=free t=0.310s ee=(-0.000,-0.002,+0.148) obj=(+0.000,+0.000,+0.050) goal_dist=0.300m switch=kStayInRepos target=(-0.000,-0.002,+0.148) ee_stride=0.000m ee_to_ptarget=0.151m landing_err=0.1483m ik_ok=Y ik_resid=0.0002m q_max_resid_deg=0.59 target_changed=Y retgt=Y held_idx=1 held_cost=180222.83 won_cost=180135.40 margin=+87.43 won_src=strat_0 held_valid=Y reason=noise_flip setpoint_to_ptarget=nanm finished_val=nanm finished_thresh=0.0200m pd_resid=nanm nextwp_to_ptarget=nanm guide_terminal_err=nanm
[GATE-EVOLVE] step=31 curr=133025.23 best_other=180135.40 ratio=0.7385 ee_to_optimal=0.0752m phi=0.0228m
[STAGE-A-TRACE] step=31 sim_t=0.310 mode=free phi=0.02277 box_xy=+0.00000,+0.00000 lam_n_ee_box=nan qy=+0.00001 qz=-0.00000 finished_repos=0
[DRAKE-CONTACT] step=31 n_pairs=1 ee_box_normal=0.000
[GATE-CONTACT] step=31 F_W=(+0.0000,+0.0000,+0.0000) F_on_box=(-0.0000,-0.0000,-0.0000) n_face_out=(-0.0000,-0.0000,-0.0000) A_is_ee=0 box_q=(+1.00000,-0.00001,+0.00001,-0.00000) box_p=(+0.00000,+0.00000,+0.04999) ee_p=(-0.00022,-0.00202,+0.14776)
[ADMM-C3+] primal: 6.1274->4.9359  dual: 109.8105->80.3187  mono=False  iters=25/25  rho=25.0
[ADMM-C3+] WARNING non-converged: pr=4.9359 dr=80.3187 tol=1e-03
[C3+] step=93 |u[0]|=8.06N λ_n_max=1.058 η_n_max=1.279 primal=4.936 iters=25/25 lcp_res_max=nan
[ADMIT-GUARD] step=32 admit_active=0 latch=0/0 ee_z=0.148 gate_cap=0
[ALT-GATE] step=32 target_stable=0/0 allow_descent=1
[GS-tgt] step=32 ee=(-0.001,-0.003,+0.148) p_repos=(+0.046,+0.080,+0.030) ee_to_target=0.151m target_label=prev_repos target_changed=N delta=0.000m
[GS] step=32 mode=free switch=kStayInRepos best_k=0 best_src=prev_repos curr_cost=133027.40 repos_cost=180135.77 best_other=180135.77 met_progress=Y steps_since_improve=30 switches=0
[STEP] step=32 mode=free t=0.320s ee=(-0.001,-0.003,+0.148) obj=(+0.000,+0.000,+0.050) goal_dist=0.300m switch=kStayInRepos target=(-0.000,-0.002,+0.150) ee_stride=0.002m ee_to_ptarget=0.151m landing_err=0.1459m ik_ok=Y ik_resid=0.0004m q_max_resid_deg=1.30 target_changed=Y retgt=N held_idx=1 held_cost=180135.77 won_cost=180135.77 margin=+0.00 won_src=prev_repos held_valid=Y reason=hold setpoint_to_ptarget=nanm finished_val=nanm finished_thresh=0.0200m pd_resid=nanm nextwp_to_ptarget=nanm guide_terminal_err=nanm
[GATE-EVOLVE] step=32 curr=133027.40 best_other=180135.77 ratio=0.7385 ee_to_optimal=0.0756m phi=0.0226m
[STAGE-A-TRACE] step=32 sim_t=0.320 mode=free phi=0.02258 box_xy=+0.00000,+0.00000 lam_n_ee_box=nan qy=+0.00001 qz=-0.00000 finished_repos=0
[DRAKE-CONTACT] step=32 n_pairs=1 ee_box_normal=0.000
[GATE-CONTACT] step=32 F_W=(+0.0000,+0.0000,+0.0000) F_on_box=(-0.0000,-0.0000,-0.0000) n_face_out=(-0.0000,-0.0000,-0.0000) A_is_ee=0 box_q=(+1.00000,-0.00001,+0.00001,-0.00000) box_p=(+0.00000,+0.00000,+0.04999) ee_p=(-0.00051,-0.00276,+0.14757)
[ADMM-C3+] primal: 6.1274->4.9359  dual: 109.8105->80.3187  mono=False  iters=25/25  rho=25.0
[ADMM-C3+] WARNING non-converged: pr=4.9359 dr=80.3187 tol=1e-03
[C3+] step=96 |u[0]|=8.13N λ_n_max=1.058 η_n_max=1.279 primal=4.936 iters=25/25 lcp_res_max=nan
[ADMIT-GUARD] step=33 admit_active=0 latch=0/0 ee_z=0.148 gate_cap=0
[ALT-GATE] step=33 target_stable=0/0 allow_descent=1
[GS-tgt] step=33 ee=(-0.001,-0.003,+0.148) p_repos=(+0.046,+0.080,+0.030) ee_to_target=0.152m target_label=prev_repos target_changed=N delta=0.000m
[GS] step=33 mode=free switch=kStayInRepos best_k=0 best_src=prev_repos curr_cost=133031.17 repos_cost=180136.08 best_other=180136.08 met_progress=Y steps_since_improve=31 switches=0
[STEP] step=33 mode=free t=0.330s ee=(-0.001,-0.003,+0.148) obj=(+0.000,+0.000,+0.050) goal_dist=0.300m switch=kStayInRepos target=(+0.000,-0.001,+0.150) ee_stride=0.003m ee_to_ptarget=0.152m landing_err=0.1436m ik_ok=Y ik_resid=0.0006m q_max_resid_deg=1.99 target_changed=Y retgt=N held_idx=1 held_cost=180136.08 won_cost=180136.08 margin=+0.00 won_src=prev_repos held_valid=Y reason=hold setpoint_to_ptarget=nanm finished_val=nanm finished_thresh=0.0200m pd_resid=nanm nextwp_to_ptarget=nanm guide_terminal_err=nanm
[GATE-EVOLVE] step=33 curr=133031.17 best_other=180136.08 ratio=0.7385 ee_to_optimal=0.0758m phi=0.0232m
[STAGE-A-TRACE] step=33 sim_t=0.330 mode=free phi=0.02320 box_xy=+0.00000,+0.00000 lam_n_ee_box=nan qy=+0.00001 qz=-0.00000 finished_repos=0
[DRAKE-CONTACT] step=33 n_pairs=1 ee_box_normal=0.000
[GATE-CONTACT] step=33 F_W=(+0.0000,+0.0000,+0.0000) F_on_box=(-0.0000,-0.0000,-0.0000) n_face_out=(-0.0000,-0.0000,-0.0000) A_is_ee=0 box_q=(+1.00000,-0.00001,+0.00001,-0.00000) box_p=(+0.00000,+0.00000,+0.04999) ee_p=(-0.00069,-0.00317,+0.14819)
[ADMM-C3+] primal: 6.1274->4.9359  dual: 109.8105->80.3187  mono=False  iters=25/25  rho=25.0
[ADMM-C3+] WARNING non-converged: pr=4.9359 dr=80.3187 tol=1e-03
[C3+] step=99 |u[0]|=8.17N λ_n_max=1.058 η_n_max=1.279 primal=4.936 iters=25/25 lcp_res_max=nan
[ADMIT-GUARD] step=34 admit_active=0 latch=0/0 ee_z=0.149 gate_cap=0
[ALT-GATE] step=34 target_stable=0/0 allow_descent=1
[GS-tgt] step=34 ee=(-0.001,-0.003,+0.149) p_repos=(+0.046,+0.080,+0.030) ee_to_target=0.152m target_label=prev_repos target_changed=N delta=0.000m
[GS] step=34 mode=free switch=kStayInRepos best_k=0 best_src=prev_repos curr_cost=133033.37 repos_cost=180136.13 best_other=180136.13 met_progress=Y steps_since_improve=32 switches=0
[STEP] step=34 mode=free t=0.340s ee=(-0.001,-0.003,+0.149) obj=(+0.000,+0.000,+0.050) goal_dist=0.300m switch=kStayInRepos target=(+0.001,+0.001,+0.150) ee_stride=0.004m ee_to_ptarget=0.152m landing_err=0.1413m ik_ok=Y ik_resid=0.0009m q_max_resid_deg=2.60 target_changed=Y retgt=N held_idx=1 held_cost=180136.13 won_cost=180136.13 margin=+0.00 won_src=prev_repos held_valid=Y reason=hold setpoint_to_ptarget=nanm finished_val=nanm finished_thresh=0.0200m pd_resid=nanm nextwp_to_ptarget=nanm guide_terminal_err=nanm
[GATE-EVOLVE] step=34 curr=133033.37 best_other=180136.13 ratio=0.7385 ee_to_optimal=0.0756m phi=0.0240m
[STAGE-A-TRACE] step=34 sim_t=0.340 mode=free phi=0.02401 box_xy=+0.00000,+0.00000 lam_n_ee_box=nan qy=+0.00001 qz=-0.00000 finished_repos=0
[DRAKE-CONTACT] step=34 n_pairs=1 ee_box_normal=0.000
[GATE-CONTACT] step=34 F_W=(+0.0000,+0.0000,+0.0000) F_on_box=(-0.0000,-0.0000,-0.0000) n_face_out=(-0.0000,-0.0000,-0.0000) A_is_ee=0 box_q=(+1.00000,-0.00001,+0.00001,-0.00000) box_p=(+0.00000,+0.00000,+0.04999) ee_p=(-0.00056,-0.00307,+0.14900)
[ADMM-C3+] primal: 6.1274->4.9359  dual: 109.8105->80.3187  mono=False  iters=25/25  rho=25.0
[ADMM-C3+] WARNING non-converged: pr=4.9359 dr=80.3187 tol=1e-03
[C3+] step=102 |u[0]|=8.15N λ_n_max=1.058 η_n_max=1.279 primal=4.936 iters=25/25 lcp_res_max=nan
[ADMIT-GUARD] step=35 admit_active=0 latch=0/0 ee_z=0.150 gate_cap=0
[ALT-GATE] step=35 target_stable=0/0 allow_descent=1
[GS-tgt] step=35 ee=(-0.000,-0.002,+0.150) p_repos=(+0.046,+0.080,+0.030) ee_to_target=0.152m target_label=prev_repos target_changed=N delta=0.000m
[GS] step=35 mode=free switch=kStayInRepos best_k=0 best_src=prev_repos curr_cost=133032.43 repos_cost=180135.84 best_other=180135.84 met_progress=Y steps_since_improve=33 switches=0
[STEP] step=35 mode=free t=0.350s ee=(-0.000,-0.002,+0.150) obj=(+0.000,+0.000,+0.050) goal_dist=0.300m switch=kStayInRepos target=(+0.002,+0.002,+0.150) ee_stride=0.005m ee_to_ptarget=0.152m landing_err=0.1391m ik_ok=Y ik_resid=0.0001m q_max_resid_deg=3.31 target_changed=Y retgt=N held_idx=1 held_cost=180135.84 won_cost=180135.84 margin=+0.00 won_src=prev_repos held_valid=Y reason=hold setpoint_to_ptarget=nanm finished_val=nanm finished_thresh=0.0200m pd_resid=nanm nextwp_to_ptarget=nanm guide_terminal_err=nanm
[GATE-EVOLVE] step=35 curr=133032.43 best_other=180135.84 ratio=0.7385 ee_to_optimal=0.0751m phi=0.0246m
[STAGE-A-TRACE] step=35 sim_t=0.350 mode=free phi=0.02464 box_xy=+0.00000,+0.00000 lam_n_ee_box=nan qy=+0.00001 qz=-0.00000 finished_repos=0
[DRAKE-CONTACT] step=35 n_pairs=1 ee_box_normal=0.000
[GATE-CONTACT] step=35 F_W=(+0.0000,+0.0000,+0.0000) F_on_box=(-0.0000,-0.0000,-0.0000) n_face_out=(-0.0000,-0.0000,-0.0000) A_is_ee=0 box_q=(+1.00000,-0.00001,+0.00001,-0.00000) box_p=(+0.00000,+0.00000,+0.04999) ee_p=(-0.00007,-0.00238,+0.14963)
[ADMM-C3+] primal: 6.1274->4.9359  dual: 109.8105->80.3187  mono=False  iters=25/25  rho=25.0
[ADMM-C3+] WARNING non-converged: pr=4.9359 dr=80.3187 tol=1e-03
[C3+] step=105 |u[0]|=8.11N λ_n_max=1.058 η_n_max=1.279 primal=4.936 iters=25/25 lcp_res_max=nan
[ADMIT-GUARD] step=36 admit_active=0 latch=0/0 ee_z=0.150 gate_cap=0
[ALT-GATE] step=36 target_stable=0/0 allow_descent=1
[GS-tgt] step=36 ee=(+0.001,-0.001,+0.150) p_repos=(+0.046,+0.080,+0.030) ee_to_target=0.152m target_label=prev_repos target_changed=N delta=0.000m
[GS] step=36 mode=free switch=kStayInRepos best_k=0 best_src=prev_repos curr_cost=133030.03 repos_cost=180135.45 best_other=180135.45 met_progress=Y steps_since_improve=34 switches=0
[STEP] step=36 mode=free t=0.360s ee=(+0.001,-0.001,+0.150) obj=(+0.000,+0.000,+0.050) goal_dist=0.300m switch=kStayInRepos target=(+0.003,+0.004,+0.150) ee_stride=0.006m ee_to_ptarget=0.152m landing_err=0.1370m ik_ok=Y ik_resid=0.0001m q_max_resid_deg=3.78 target_changed=Y retgt=N held_idx=1 held_cost=180135.45 won_cost=180135.45 margin=+0.00 won_src=prev_repos held_valid=Y reason=hold setpoint_to_ptarget=nanm finished_val=nanm finished_thresh=0.0200m pd_resid=nanm nextwp_to_ptarget=nanm guide_terminal_err=nanm
[GATE-EVOLVE] step=36 curr=133030.03 best_other=180135.45 ratio=0.7385 ee_to_optimal=0.0743m phi=0.0251m
[STAGE-A-TRACE] step=36 sim_t=0.360 mode=free phi=0.02511 box_xy=+0.00000,+0.00000 lam_n_ee_box=nan qy=+0.00001 qz=-0.00000 finished_repos=0
[DRAKE-CONTACT] step=36 n_pairs=1 ee_box_normal=0.000
[GATE-CONTACT] step=36 F_W=(+0.0000,+0.0000,+0.0000) F_on_box=(-0.0000,-0.0000,-0.0000) n_face_out=(-0.0000,-0.0000,-0.0000) A_is_ee=0 box_q=(+1.00000,-0.00001,+0.00001,-0.00000) box_p=(+0.00000,+0.00000,+0.04999) ee_p=(+0.00068,-0.00127,+0.15011)
[ADMM-C3+] primal: 6.1274->4.9359  dual: 109.8105->80.3187  mono=False  iters=25/25  rho=25.0
[ADMM-C3+] WARNING non-converged: pr=4.9359 dr=80.3187 tol=1e-03
[C3+] step=108 |u[0]|=8.11N λ_n_max=1.058 η_n_max=1.279 primal=4.936 iters=25/25 lcp_res_max=nan
[ADMIT-GUARD] step=37 admit_active=0 latch=0/0 ee_z=0.150 gate_cap=0
[ALT-GATE] step=37 target_stable=0/0 allow_descent=1
[GS-tgt] step=37 ee=(+0.002,+0.000,+0.150) p_repos=(+0.046,+0.080,+0.030) ee_to_target=0.151m target_label=prev_repos target_changed=N delta=0.000m
[GS] step=37 mode=free switch=kStayInRepos best_k=0 best_src=prev_repos curr_cost=103029.99 repos_cost=180135.67 best_other=180135.67 met_progress=Y steps_since_improve=35 switches=0
[STEP] step=37 mode=free t=0.370s ee=(+0.002,+0.000,+0.150) obj=(+0.000,+0.000,+0.050) goal_dist=0.300m switch=kStayInRepos target=(+0.004,+0.005,+0.150) ee_stride=0.006m ee_to_ptarget=0.151m landing_err=0.1350m ik_ok=Y ik_resid=0.0001m q_max_resid_deg=4.19 target_changed=Y retgt=N held_idx=1 held_cost=180135.67 won_cost=180135.67 margin=+0.00 won_src=prev_repos held_valid=Y reason=hold setpoint_to_ptarget=nanm finished_val=nanm finished_thresh=0.0200m pd_resid=nanm nextwp_to_ptarget=nanm guide_terminal_err=nanm
[GATE-EVOLVE] step=37 curr=103029.99 best_other=180135.67 ratio=0.5720 ee_to_optimal=0.0734m phi=0.0255m
[STAGE-A-TRACE] step=37 sim_t=0.370 mode=free phi=0.02546 box_xy=+0.00000,+0.00000 lam_n_ee_box=nan qy=+0.00001 qz=-0.00000 finished_repos=0
[DRAKE-CONTACT] step=37 n_pairs=1 ee_box_normal=0.000
[GATE-CONTACT] step=37 F_W=(+0.0000,+0.0000,+0.0000) F_on_box=(-0.0000,-0.0000,-0.0000) n_face_out=(-0.0000,-0.0000,-0.0000) A_is_ee=0 box_q=(+1.00000,-0.00001,+0.00001,-0.00000) box_p=(+0.00000,+0.00000,+0.04999) ee_p=(+0.00159,+0.00014,+0.15045)
[ADMM-C3+] primal: 6.1274->4.9359  dual: 109.8105->80.3187  mono=False  iters=25/25  rho=25.0
[ADMM-C3+] WARNING non-converged: pr=4.9359 dr=80.3187 tol=1e-03
[C3+] step=111 |u[0]|=8.17N λ_n_max=1.058 η_n_max=1.279 primal=4.936 iters=25/25 lcp_res_max=nan
[ADMIT-GUARD] step=38 admit_active=0 latch=0/0 ee_z=0.151 gate_cap=0
[ALT-GATE] step=38 target_stable=0/0 allow_descent=1
[GS-tgt] step=38 ee=(+0.003,+0.002,+0.151) p_repos=(+0.046,+0.080,+0.030) ee_to_target=0.150m target_label=prev_repos target_changed=N delta=0.000m
[GS] step=38 mode=free switch=kStayInRepos best_k=0 best_src=prev_repos curr_cost=103033.25 repos_cost=180137.51 best_other=180137.51 met_progress=Y steps_since_improve=36 switches=0
[STEP] step=38 mode=free t=0.380s ee=(+0.003,+0.002,+0.151) obj=(+0.000,+0.000,+0.050) goal_dist=0.300m switch=kStayInRepos target=(+0.005,+0.007,+0.150) ee_stride=0.006m ee_to_ptarget=0.150m landing_err=0.1331m ik_ok=Y ik_resid=0.0001m q_max_resid_deg=4.57 target_changed=Y retgt=N held_idx=1 held_cost=180137.51 won_cost=180137.51 margin=+0.00 won_src=prev_repos held_valid=Y reason=hold setpoint_to_ptarget=nanm finished_val=nanm finished_thresh=0.0200m pd_resid=nanm nextwp_to_ptarget=nanm guide_terminal_err=nanm
[GATE-EVOLVE] step=38 curr=103033.25 best_other=180137.51 ratio=0.5720 ee_to_optimal=0.0724m phi=0.0257m
[STAGE-A-TRACE] step=38 sim_t=0.380 mode=free phi=0.02570 box_xy=+0.00000,+0.00000 lam_n_ee_box=nan qy=+0.00001 qz=-0.00000 finished_repos=0
[DRAKE-CONTACT] step=38 n_pairs=1 ee_box_normal=0.000
[GATE-CONTACT] step=38 F_W=(+0.0000,+0.0000,+0.0000) F_on_box=(-0.0000,-0.0000,-0.0000) n_face_out=(-0.0000,-0.0000,-0.0000) A_is_ee=0 box_q=(+1.00000,-0.00001,+0.00001,-0.00000) box_p=(+0.00000,+0.00000,+0.04999) ee_p=(+0.00258,+0.00176,+0.15069)
[ADMM-C3+] primal: 6.1274->4.9359  dual: 109.8105->80.3187  mono=False  iters=25/25  rho=25.0
[ADMM-C3+] WARNING non-converged: pr=4.9359 dr=80.3187 tol=1e-03
[C3+] step=114 |u[0]|=8.25N λ_n_max=1.058 η_n_max=1.279 primal=4.936 iters=25/25 lcp_res_max=nan
[ADMIT-GUARD] step=39 admit_active=0 latch=0/0 ee_z=0.151 gate_cap=0
[ALT-GATE] step=39 target_stable=0/0 allow_descent=1
[GS-tgt] step=39 ee=(+0.004,+0.004,+0.151) p_repos=(+0.046,+0.080,+0.030) ee_to_target=0.149m target_label=prev_repos target_changed=N delta=0.000m
[GS] step=39 mode=free switch=kStayInRepos best_k=0 best_src=prev_repos curr_cost=103037.43 repos_cost=180141.30 best_other=180141.30 met_progress=Y steps_since_improve=37 switches=0
[STEP] step=39 mode=free t=0.390s ee=(+0.004,+0.004,+0.151) obj=(+0.000,+0.000,+0.050) goal_dist=0.300m switch=kStayInRepos target=(+0.006,+0.009,+0.150) ee_stride=0.006m ee_to_ptarget=0.149m landing_err=0.1313m ik_ok=Y ik_resid=0.0001m q_max_resid_deg=4.91 target_changed=Y retgt=N held_idx=1 held_cost=180141.30 won_cost=180141.30 margin=+0.00 won_src=prev_repos held_valid=Y reason=hold setpoint_to_ptarget=nanm finished_val=nanm finished_thresh=0.0200m pd_resid=nanm nextwp_to_ptarget=nanm guide_terminal_err=nanm
[GATE-EVOLVE] step=39 curr=103037.43 best_other=180141.30 ratio=0.5720 ee_to_optimal=0.0715m phi=0.0259m
[STAGE-A-TRACE] step=39 sim_t=0.390 mode=free phi=0.02586 box_xy=+0.00000,+0.00000 lam_n_ee_box=nan qy=+0.00001 qz=-0.00000 finished_repos=0
[DRAKE-CONTACT] step=39 n_pairs=1 ee_box_normal=0.000
[GATE-CONTACT] step=39 F_W=(+0.0000,+0.0000,+0.0000) F_on_box=(-0.0000,-0.0000,-0.0000) n_face_out=(-0.0000,-0.0000,-0.0000) A_is_ee=0 box_q=(+1.00000,-0.00001,+0.00001,-0.00000) box_p=(+0.00000,+0.00000,+0.04999) ee_p=(+0.00364,+0.00352,+0.15085)
[LATERAL] perp=5.4mm scale=50.0mm strength=0.11 shift_mm=(+0.0,-0.6)
[ADMM-C3+] primal: 6.1274->4.9359  dual: 109.8105->80.3187  mono=False  iters=25/25  rho=25.0
[ADMM-C3+] WARNING non-converged: pr=4.9359 dr=80.3187 tol=1e-03
[C3+] step=117 |u[0]|=8.33N λ_n_max=1.058 η_n_max=1.279 primal=4.936 iters=25/25 lcp_res_max=nan
[ADMIT-GUARD] step=40 admit_active=0 latch=0/0 ee_z=0.151 gate_cap=0
[ALT-GATE] step=40 target_stable=0/0 allow_descent=1
[GS-tgt] step=40 ee=(+0.005,+0.005,+0.151) p_repos=(+0.046,+0.080,+0.030) ee_to_target=0.148m target_label=prev_repos target_changed=N delta=0.000m
[IMP] step=40 mode=free |x_err|=0.0052m |tau_imp|=3.28Nm |tau_ff|=0.00Nm |tau_out|=3.28Nm sat=False lam_n=False lam_t=False
[GS] step=40 mode=free switch=kStayInRepos best_k=0 best_src=prev_repos curr_cost=133041.92 repos_cost=180147.17 best_other=180147.17 met_progress=Y steps_since_improve=38 switches=0
[STEP] step=40 mode=free t=0.400s ee=(+0.005,+0.005,+0.151) obj=(+0.000,+0.000,+0.050) goal_dist=0.300m switch=kStayInRepos target=(+0.007,+0.010,+0.150) ee_stride=0.005m ee_to_ptarget=0.148m landing_err=0.1296m ik_ok=Y ik_resid=0.0001m q_max_resid_deg=5.25 target_changed=Y retgt=N held_idx=1 held_cost=180147.17 won_cost=180147.17 margin=+0.00 won_src=prev_repos held_valid=Y reason=hold setpoint_to_ptarget=nanm finished_val=nanm finished_thresh=0.0200m pd_resid=nanm nextwp_to_ptarget=nanm guide_terminal_err=nanm
[GATE-EVOLVE] step=40 curr=133041.92 best_other=180147.17 ratio=0.7385 ee_to_optimal=0.0705m phi=0.0260m
[STAGE-A-TRACE] step=40 sim_t=0.400 mode=free phi=0.02596 box_xy=+0.00000,+0.00000 lam_n_ee_box=nan qy=+0.00001 qz=-0.00000 finished_repos=0
[GS-table] step=40
  k=0 (current   ) pos=(+0.005,+0.005,+0.151) c_C3= 133042.07 align=0.0000(bonus=    0.15) rot=+0.0000(bonus=    0.00) travel=0.000m(pen=  0.00) c_sample= 133041.92 feas=Y ik_err=0.0000m  ← WIN
  k=1 (prev_repos) pos=(+0.046,+0.080,+0.030) c_C3= 180117.72 align=0.0000(bonus=    0.15) rot=+0.0000(bonus=    0.00) travel=0.148m(pen= 29.60) c_sample= 180147.17 feas=Y ik_err=0.0000m
  k=2 (strat_0   ) pos=(+0.046,+0.080,+0.030) c_C3= 180117.72 align=0.0000(bonus=    0.15) rot=+0.0000(bonus=    0.00) travel=0.148m(pen= 29.60) c_sample= 180147.17 feas=Y ik_err=0.0000m
[DRAKE-CONTACT] step=40 n_pairs=1 ee_box_normal=0.000
[GATE-CONTACT] step=40 F_W=(+0.0000,+0.0000,+0.0000) F_on_box=(-0.0000,-0.0000,-0.0000) n_face_out=(-0.0000,-0.0000,-0.0000) A_is_ee=0 box_q=(+1.00000,-0.00001,+0.00001,-0.00000) box_p=(+0.00000,+0.00000,+0.04999) ee_p=(+0.00471,+0.00536,+0.15095)
[LATERAL] perp=7.3mm scale=50.0mm strength=0.15 shift_mm=(+0.0,-1.1)
[ADMM-C3+] primal: 6.1274->4.9359  dual: 109.8105->80.3187  mono=False  iters=25/25  rho=25.0
[ADMM-C3+] WARNING non-converged: pr=4.9359 dr=80.3187 tol=1e-03
[C3+] step=120 |u[0]|=8.42N λ_n_max=1.058 η_n_max=1.279 primal=4.936 iters=25/25 lcp_res_max=nan
[ADMIT-GUARD] step=41 admit_active=0 latch=0/0 ee_z=0.151 gate_cap=0
[ALT-GATE] step=41 target_stable=0/0 allow_descent=1
[GS-tgt] step=41 ee=(+0.006,+0.007,+0.151) p_repos=(+0.046,+0.080,+0.030) ee_to_target=0.147m target_label=prev_repos target_changed=N delta=0.000m
[GS] step=41 mode=free switch=kStayInRepos best_k=0 best_src=prev_repos curr_cost=133046.95 repos_cost=180155.17 best_other=180155.17 met_progress=Y steps_since_improve=39 switches=0
[STEP] step=41 mode=free t=0.410s ee=(+0.006,+0.007,+0.151) obj=(+0.000,+0.000,+0.050) goal_dist=0.300m switch=kStayInRepos target=(+0.008,+0.012,+0.150) ee_stride=0.005m ee_to_ptarget=0.147m landing_err=0.1280m ik_ok=Y ik_resid=0.0001m q_max_resid_deg=5.57 target_changed=Y retgt=N held_idx=1 held_cost=180155.17 won_cost=180155.17 margin=+0.00 won_src=prev_repos held_valid=Y reason=hold setpoint_to_ptarget=nanm finished_val=nanm finished_thresh=0.0200m pd_resid=nanm nextwp_to_ptarget=nanm guide_terminal_err=nanm
[GATE-EVOLVE] step=41 curr=133046.95 best_other=180155.17 ratio=0.7385 ee_to_optimal=0.0696m phi=0.0260m
[STAGE-A-TRACE] step=41 sim_t=0.410 mode=free phi=0.02601 box_xy=+0.00000,+0.00000 lam_n_ee_box=nan qy=+0.00001 qz=-0.00000 finished_repos=0
[DRAKE-CONTACT] step=41 n_pairs=1 ee_box_normal=0.000
[GATE-CONTACT] step=41 F_W=(+0.0000,+0.0000,+0.0000) F_on_box=(-0.0000,-0.0000,-0.0000) n_face_out=(-0.0000,-0.0000,-0.0000) A_is_ee=0 box_q=(+1.00000,-0.00001,+0.00001,-0.00000) box_p=(+0.00000,+0.00000,+0.04999) ee_p=(+0.00579,+0.00726,+0.15100)
[LATERAL] perp=9.2mm scale=50.0mm strength=0.18 shift_mm=(+0.0,-1.7)
[ADMM-C3+] primal: 6.1274->4.9359  dual: 109.8105->80.3187  mono=False  iters=25/25  rho=25.0
[ADMM-C3+] WARNING non-converged: pr=4.9359 dr=80.3187 tol=1e-03
[C3+] step=123 |u[0]|=8.51N λ_n_max=1.058 η_n_max=1.279 primal=4.936 iters=25/25 lcp_res_max=nan
[ADMIT-GUARD] step=42 admit_active=0 latch=0/0 ee_z=0.151 gate_cap=0
[ALT-GATE] step=42 target_stable=0/0 allow_descent=1
[GS-tgt] step=42 ee=(+0.007,+0.009,+0.151) p_repos=(+0.046,+0.080,+0.030) ee_to_target=0.146m target_label=prev_repos target_changed=N delta=0.000m
[GS] step=42 mode=free switch=kStayInRepos best_k=0 best_src=prev_repos curr_cost=133052.38 repos_cost=180165.33 best_other=180165.33 met_progress=Y steps_since_improve=40 switches=0
[STEP] step=42 mode=free t=0.420s ee=(+0.007,+0.009,+0.151) obj=(+0.000,+0.000,+0.050) goal_dist=0.300m switch=kStayInRepos target=(+0.008,+0.013,+0.150) ee_stride=0.005m ee_to_ptarget=0.146m landing_err=0.1265m ik_ok=Y ik_resid=0.0001m q_max_resid_deg=5.89 target_changed=Y retgt=N held_idx=1 held_cost=180165.33 won_cost=180165.33 margin=+0.00 won_src=prev_repos held_valid=Y reason=hold setpoint_to_ptarget=nanm finished_val=nanm finished_thresh=0.0200m pd_resid=nanm nextwp_to_ptarget=nanm guide_terminal_err=nanm
[GATE-EVOLVE] step=42 curr=133052.38 best_other=180165.33 ratio=0.7385 ee_to_optimal=0.0687m phi=0.0260m
[STAGE-A-TRACE] step=42 sim_t=0.420 mode=free phi=0.02602 box_xy=+0.00000,+0.00000 lam_n_ee_box=nan qy=+0.00001 qz=-0.00000 finished_repos=0
[DRAKE-CONTACT] step=42 n_pairs=1 ee_box_normal=0.000
[GATE-CONTACT] step=42 F_W=(+0.0000,+0.0000,+0.0000) F_on_box=(-0.0000,-0.0000,-0.0000) n_face_out=(-0.0000,-0.0000,-0.0000) A_is_ee=0 box_q=(+1.00000,-0.00001,+0.00001,-0.00000) box_p=(+0.00000,+0.00000,+0.04999) ee_p=(+0.00687,+0.00917,+0.15101)
[LATERAL] perp=11.1mm scale=50.0mm strength=0.22 shift_mm=(+0.0,-2.5)
[ADMM-C3+] primal: 6.1274->4.9359  dual: 109.8105->80.3187  mono=False  iters=25/25  rho=25.0
[ADMM-C3+] WARNING non-converged: pr=4.9359 dr=80.3187 tol=1e-03
[C3+] step=126 |u[0]|=8.61N λ_n_max=1.058 η_n_max=1.279 primal=4.936 iters=25/25 lcp_res_max=nan
[ADMIT-GUARD] step=43 admit_active=0 latch=0/0 ee_z=0.151 gate_cap=0
[ALT-GATE] step=43 target_stable=0/0 allow_descent=1
[GS-tgt] step=43 ee=(+0.008,+0.011,+0.151) p_repos=(+0.046,+0.080,+0.030) ee_to_target=0.144m target_label=prev_repos target_changed=N delta=0.000m
[GS] step=43 mode=free switch=kStayInRepos best_k=0 best_src=prev_repos curr_cost=133058.23 repos_cost=180177.60 best_other=180177.60 met_progress=Y steps_since_improve=41 switches=0
[STEP] step=43 mode=free t=0.430s ee=(+0.008,+0.011,+0.151) obj=(+0.000,+0.000,+0.050) goal_dist=0.300m switch=kStayInRepos target=(+0.009,+0.015,+0.150) ee_stride=0.004m ee_to_ptarget=0.144m landing_err=0.1251m ik_ok=Y ik_resid=0.0001m q_max_resid_deg=6.22 target_changed=Y retgt=N held_idx=1 held_cost=180177.60 won_cost=180177.60 margin=+0.00 won_src=prev_repos held_valid=Y reason=hold setpoint_to_ptarget=nanm finished_val=nanm finished_thresh=0.0200m pd_resid=nanm nextwp_to_ptarget=nanm guide_terminal_err=nanm
[GATE-EVOLVE] step=43 curr=133058.23 best_other=180177.60 ratio=0.7385 ee_to_optimal=0.0680m phi=0.0260m
[STAGE-A-TRACE] step=43 sim_t=0.430 mode=free phi=0.02601 box_xy=+0.00000,+0.00000 lam_n_ee_box=nan qy=+0.00001 qz=-0.00000 finished_repos=0
[DRAKE-CONTACT] step=43 n_pairs=1 ee_box_normal=0.000
[GATE-CONTACT] step=43 F_W=(+0.0000,+0.0000,+0.0000) F_on_box=(-0.0000,-0.0000,-0.0000) n_face_out=(-0.0000,-0.0000,-0.0000) A_is_ee=0 box_q=(+1.00000,-0.00001,+0.00001,-0.00000) box_p=(+0.00000,+0.00000,+0.04999) ee_p=(+0.00794,+0.01109,+0.15100)
[LATERAL] perp=13.0mm scale=50.0mm strength=0.26 shift_mm=(+0.0,-3.4)
[ADMM-C3+] primal: 6.1274->4.9359  dual: 109.8105->80.3187  mono=False  iters=25/25  rho=25.0
[ADMM-C3+] WARNING non-converged: pr=4.9359 dr=80.3187 tol=1e-03
[C3+] step=129 |u[0]|=8.72N λ_n_max=1.058 η_n_max=1.279 primal=4.936 iters=25/25 lcp_res_max=nan
[ADMIT-GUARD] step=44 admit_active=0 latch=0/0 ee_z=0.151 gate_cap=0
[ALT-GATE] step=44 target_stable=0/0 allow_descent=1
[GS-tgt] step=44 ee=(+0.009,+0.013,+0.151) p_repos=(+0.046,+0.080,+0.030) ee_to_target=0.143m target_label=prev_repos target_changed=N delta=0.000m
[GS] step=44 mode=free switch=kStayInRepos best_k=0 best_src=prev_repos curr_cost=133064.51 repos_cost=180191.92 best_other=180191.92 met_progress=Y steps_since_improve=42 switches=0
[STEP] step=44 mode=free t=0.440s ee=(+0.009,+0.013,+0.151) obj=(+0.000,+0.000,+0.050) goal_dist=0.300m switch=kStayInRepos target=(+0.010,+0.016,+0.150) ee_stride=0.004m ee_to_ptarget=0.143m landing_err=0.1238m ik_ok=Y ik_resid=0.0001m q_max_resid_deg=6.55 target_changed=Y retgt=N held_idx=1 held_cost=180191.92 won_cost=180191.92 margin=+0.00 won_src=prev_repos held_valid=Y reason=hold setpoint_to_ptarget=nanm finished_val=nanm finished_thresh=0.0200m pd_resid=nanm nextwp_to_ptarget=nanm guide_terminal_err=nanm
[GATE-EVOLVE] step=44 curr=133064.51 best_other=180191.92 ratio=0.7385 ee_to_optimal=0.0673m phi=0.0260m
[STAGE-A-TRACE] step=44 sim_t=0.440 mode=free phi=0.02598 box_xy=+0.00000,+0.00000 lam_n_ee_box=nan qy=+0.00001 qz=-0.00000 finished_repos=0
[DRAKE-CONTACT] step=44 n_pairs=1 ee_box_normal=0.000
[GATE-CONTACT] step=44 F_W=(+0.0000,+0.0000,+0.0000) F_on_box=(-0.0000,-0.0000,-0.0000) n_face_out=(-0.0000,-0.0000,-0.0000) A_is_ee=0 box_q=(+1.00000,-0.00001,+0.00001,-0.00000) box_p=(+0.00000,+0.00000,+0.04999) ee_p=(+0.00899,+0.01300,+0.15098)
[LATERAL] perp=14.9mm scale=50.0mm strength=0.30 shift_mm=(+0.0,-4.4)
[ADMM-C3+] primal: 6.1274->4.9359  dual: 109.8105->80.3187  mono=False  iters=25/25  rho=25.0
[ADMM-C3+] WARNING non-converged: pr=4.9359 dr=80.3187 tol=1e-03
[C3+] step=132 |u[0]|=8.84N λ_n_max=1.058 η_n_max=1.279 primal=4.936 iters=25/25 lcp_res_max=nan
[ADMIT-GUARD] step=45 admit_active=0 latch=0/0 ee_z=0.151 gate_cap=0
[ALT-GATE] step=45 target_stable=0/0 allow_descent=1
[GS-tgt] step=45 ee=(+0.010,+0.015,+0.151) p_repos=(+0.046,+0.080,+0.030) ee_to_target=0.142m target_label=prev_repos target_changed=N delta=0.000m
[GS] step=45 mode=free switch=kStayInRepos best_k=0 best_src=prev_repos curr_cost=133071.26 repos_cost=180208.23 best_other=180208.23 met_progress=Y steps_since_improve=43 switches=0
[STEP] step=45 mode=free t=0.450s ee=(+0.010,+0.015,+0.151) obj=(+0.000,+0.000,+0.050) goal_dist=0.300m switch=kStayInRepos target=(+0.011,+0.018,+0.150) ee_stride=0.003m ee_to_ptarget=0.142m landing_err=0.1226m ik_ok=Y ik_resid=0.0001m q_max_resid_deg=6.88 target_changed=Y retgt=N held_idx=1 held_cost=180208.23 won_cost=180208.23 margin=+0.00 won_src=prev_repos held_valid=Y reason=hold setpoint_to_ptarget=nanm finished_val=nanm finished_thresh=0.0200m pd_resid=nanm nextwp_to_ptarget=nanm guide_terminal_err=nanm
[GATE-EVOLVE] step=45 curr=133071.26 best_other=180208.23 ratio=0.7384 ee_to_optimal=0.0667m phi=0.0259m
[STAGE-A-TRACE] step=45 sim_t=0.450 mode=free phi=0.02595 box_xy=+0.00000,+0.00000 lam_n_ee_box=nan qy=+0.00001 qz=+0.00000 finished_repos=0
[DRAKE-CONTACT] step=45 n_pairs=1 ee_box_normal=0.000
[GATE-CONTACT] step=45 F_W=(+0.0000,+0.0000,+0.0000) F_on_box=(-0.0000,-0.0000,-0.0000) n_face_out=(-0.0000,-0.0000,-0.0000) A_is_ee=0 box_q=(+1.00000,-0.00001,+0.00001,+0.00000) box_p=(+0.00000,+0.00000,+0.04999) ee_p=(+0.01003,+0.01490,+0.15094)
[LATERAL] perp=16.8mm scale=50.0mm strength=0.34 shift_mm=(+0.0,-5.6)
[ADMM-C3+] primal: 6.1274->4.9359  dual: 109.8105->80.3187  mono=False  iters=25/25  rho=25.0
[ADMM-C3+] WARNING non-converged: pr=4.9359 dr=80.3187 tol=1e-03
[C3+] step=135 |u[0]|=8.96N λ_n_max=1.058 η_n_max=1.279 primal=4.936 iters=25/25 lcp_res_max=nan
[ADMIT-GUARD] step=46 admit_active=0 latch=0/0 ee_z=0.151 gate_cap=0
[ALT-GATE] step=46 target_stable=0/0 allow_descent=1
[GS-tgt] step=46 ee=(+0.011,+0.017,+0.151) p_repos=(+0.046,+0.080,+0.030) ee_to_target=0.141m target_label=prev_repos target_changed=N delta=0.000m
[GS] step=46 mode=free switch=kStayInRepos best_k=0 best_src=prev_repos curr_cost=133078.48 repos_cost=180127.59 best_other=180127.59 met_progress=Y steps_since_improve=44 switches=0
[STEP] step=46 mode=free t=0.460s ee=(+0.011,+0.017,+0.151) obj=(+0.000,+0.000,+0.050) goal_dist=0.300m switch=kStayInRepos target=(+0.012,+0.020,+0.150) ee_stride=0.003m ee_to_ptarget=0.141m landing_err=0.1215m ik_ok=Y ik_resid=0.0002m q_max_resid_deg=7.23 target_changed=Y retgt=N held_idx=1 held_cost=180127.59 won_cost=180127.59 margin=+0.00 won_src=prev_repos held_valid=Y reason=hold setpoint_to_ptarget=nanm finished_val=nanm finished_thresh=0.0200m pd_resid=nanm nextwp_to_ptarget=nanm guide_terminal_err=nanm
[GATE-EVOLVE] step=46 curr=133078.48 best_other=180127.59 ratio=0.7388 ee_to_optimal=0.0661m phi=0.0259m
[STAGE-A-TRACE] step=46 sim_t=0.460 mode=free phi=0.02590 box_xy=+0.00000,+0.00000 lam_n_ee_box=nan qy=+0.00001 qz=-0.00000 finished_repos=0
[DRAKE-CONTACT] step=46 n_pairs=1 ee_box_normal=0.000
[GATE-CONTACT] step=46 F_W=(+0.0000,+0.0000,+0.0000) F_on_box=(-0.0000,-0.0000,-0.0000) n_face_out=(-0.0000,-0.0000,-0.0000) A_is_ee=0 box_q=(+1.00000,-0.00001,+0.00001,-0.00000) box_p=(+0.00000,+0.00000,+0.04999) ee_p=(+0.01105,+0.01677,+0.15089)
[LATERAL] perp=18.6mm scale=50.0mm strength=0.37 shift_mm=(+0.0,-6.9)
[ADMM-C3+] primal: 6.1274->4.9359  dual: 109.8105->80.3187  mono=False  iters=25/25  rho=25.0
[ADMM-C3+] WARNING non-converged: pr=4.9359 dr=80.3187 tol=1e-03
[C3+] step=138 |u[0]|=9.08N λ_n_max=1.058 η_n_max=1.279 primal=4.936 iters=25/25 lcp_res_max=nan
[ADMIT-GUARD] step=47 admit_active=0 latch=0/0 ee_z=0.151 gate_cap=0
[ALT-GATE] step=47 target_stable=0/0 allow_descent=1
[GS-tgt] step=47 ee=(+0.012,+0.019,+0.151) p_repos=(+0.046,+0.080,+0.030) ee_to_target=0.140m target_label=prev_repos target_changed=N delta=0.000m
[GS] step=47 mode=free switch=kStayInRepos best_k=0 best_src=prev_repos curr_cost=133086.21 repos_cost=180144.34 best_other=180144.34 met_progress=Y steps_since_improve=45 switches=0
[STEP] step=47 mode=free t=0.470s ee=(+0.012,+0.019,+0.151) obj=(+0.000,+0.000,+0.050) goal_dist=0.300m switch=kStayInRepos target=(+0.013,+0.021,+0.150) ee_stride=0.003m ee_to_ptarget=0.140m landing_err=0.1206m ik_ok=Y ik_resid=0.0002m q_max_resid_deg=7.58 target_changed=Y retgt=N held_idx=1 held_cost=180144.34 won_cost=180144.34 margin=+0.00 won_src=prev_repos held_valid=Y reason=hold setpoint_to_ptarget=nanm finished_val=nanm finished_thresh=0.0200m pd_resid=nanm nextwp_to_ptarget=nanm guide_terminal_err=nanm
[GATE-EVOLVE] step=47 curr=133086.21 best_other=180144.34 ratio=0.7388 ee_to_optimal=0.0656m phi=0.0259m
[STAGE-A-TRACE] step=47 sim_t=0.470 mode=free phi=0.02586 box_xy=+0.00000,+0.00000 lam_n_ee_box=nan qy=+0.00001 qz=-0.00000 finished_repos=0
[DRAKE-CONTACT] step=47 n_pairs=1 ee_box_normal=0.000
[GATE-CONTACT] step=47 F_W=(+0.0000,+0.0000,+0.0000) F_on_box=(-0.0000,-0.0000,-0.0000) n_face_out=(-0.0000,-0.0000,-0.0000) A_is_ee=0 box_q=(+1.00000,-0.00001,+0.00001,-0.00000) box_p=(+0.00000,+0.00000,+0.04999) ee_p=(+0.01205,+0.01861,+0.15085)
[LATERAL] perp=20.4mm scale=50.0mm strength=0.41 shift_mm=(+0.0,-8.3)
[ADMM-C3+] primal: 6.1274->4.9359  dual: 109.8105->80.3187  mono=False  iters=25/25  rho=25.0
[ADMM-C3+] WARNING non-converged: pr=4.9359 dr=80.3187 tol=1e-03
[C3+] step=141 |u[0]|=9.22N λ_n_max=1.058 η_n_max=1.279 primal=4.936 iters=25/25 lcp_res_max=nan
[ADMIT-GUARD] step=48 admit_active=0 latch=0/0 ee_z=0.151 gate_cap=0
[ALT-GATE] step=48 target_stable=0/0 allow_descent=1
[GS-tgt] step=48 ee=(+0.013,+0.020,+0.151) p_repos=(+0.046,+0.080,+0.030) ee_to_target=0.139m target_label=prev_repos target_changed=N delta=0.000m
[GS] step=48 mode=free switch=kStayInRepos best_k=0 best_src=prev_repos curr_cost=133094.46 repos_cost=180162.60 best_other=180162.60 met_progress=Y steps_since_improve=46 switches=0
[STEP] step=48 mode=free t=0.480s ee=(+0.013,+0.020,+0.151) obj=(+0.000,+0.000,+0.050) goal_dist=0.300m switch=kStayInRepos target=(+0.014,+0.023,+0.150) ee_stride=0.002m ee_to_ptarget=0.139m landing_err=0.1198m ik_ok=Y ik_resid=0.0002m q_max_resid_deg=7.94 target_changed=Y retgt=N held_idx=1 held_cost=180162.60 won_cost=180162.60 margin=+0.00 won_src=prev_repos held_valid=Y reason=hold setpoint_to_ptarget=nanm finished_val=nanm finished_thresh=0.0200m pd_resid=nanm nextwp_to_ptarget=nanm guide_terminal_err=nanm
[GATE-EVOLVE] step=48 curr=133094.46 best_other=180162.60 ratio=0.7387 ee_to_optimal=0.0652m phi=0.0258m
[STAGE-A-TRACE] step=48 sim_t=0.480 mode=free phi=0.02581 box_xy=+0.00000,+0.00000 lam_n_ee_box=nan qy=+0.00001 qz=-0.00000 finished_repos=0
[DRAKE-CONTACT] step=48 n_pairs=1 ee_box_normal=0.000
[GATE-CONTACT] step=48 F_W=(+0.0000,+0.0000,+0.0000) F_on_box=(-0.0000,-0.0000,-0.0000) n_face_out=(-0.0000,-0.0000,-0.0000) A_is_ee=0 box_q=(+1.00000,-0.00001,+0.00001,-0.00000) box_p=(+0.00000,+0.00000,+0.04999) ee_p=(+0.01304,+0.02043,+0.15080)
[LATERAL] perp=22.2mm scale=50.0mm strength=0.44 shift_mm=(+0.0,-9.9)
[ADMM-C3+] primal: 6.1274->4.9359  dual: 109.8105->80.3187  mono=False  iters=25/25  rho=25.0
[ADMM-C3+] WARNING non-converged: pr=4.9359 dr=80.3187 tol=1e-03
[C3+] step=144 |u[0]|=9.36N λ_n_max=1.058 η_n_max=1.279 primal=4.936 iters=25/25 lcp_res_max=nan
[ADMIT-GUARD] step=49 admit_active=0 latch=0/0 ee_z=0.151 gate_cap=0
[ALT-GATE] step=49 target_stable=0/0 allow_descent=1
[GS-tgt] step=49 ee=(+0.014,+0.022,+0.151) p_repos=(+0.046,+0.080,+0.030) ee_to_target=0.138m target_label=prev_repos target_changed=N delta=0.000m
[GS] step=49 mode=free switch=kStayInRepos best_k=0 best_src=prev_repos curr_cost=133103.25 repos_cost=180182.33 best_other=180182.33 met_progress=Y steps_since_improve=47 switches=0
[STEP] step=49 mode=free t=0.490s ee=(+0.014,+0.022,+0.151) obj=(+0.000,+0.000,+0.050) goal_dist=0.300m switch=kStayInRepos target=(+0.015,+0.024,+0.150) ee_stride=0.002m ee_to_ptarget=0.138m landing_err=0.1191m ik_ok=Y ik_resid=0.0002m q_max_resid_deg=8.31 target_changed=Y retgt=N held_idx=1 held_cost=180182.33 won_cost=180182.33 margin=+0.00 won_src=prev_repos held_valid=Y reason=hold setpoint_to_ptarget=nanm finished_val=nanm finished_thresh=0.0200m pd_resid=nanm nextwp_to_ptarget=nanm guide_terminal_err=nanm
[GATE-EVOLVE] step=49 curr=133103.25 best_other=180182.33 ratio=0.7387 ee_to_optimal=0.0649m phi=0.0258m
[STAGE-A-TRACE] step=49 sim_t=0.490 mode=free phi=0.02577 box_xy=+0.00000,+0.00000 lam_n_ee_box=nan qy=+0.00001 qz=-0.00000 finished_repos=0
[DRAKE-CONTACT] step=49 n_pairs=1 ee_box_normal=0.000
[GATE-CONTACT] step=49 F_W=(+0.0000,+0.0000,+0.0000) F_on_box=(-0.0000,-0.0000,-0.0000) n_face_out=(-0.0000,-0.0000,-0.0000) A_is_ee=0 box_q=(+1.00000,-0.00001,+0.00001,-0.00000) box_p=(+0.00000,+0.00000,+0.04999) ee_p=(+0.01402,+0.02222,+0.15076)
[LATERAL] perp=24.0mm scale=50.0mm strength=0.48 shift_mm=(+0.0,-11.5)
[ADMM-C3+] primal: 6.1274->4.9359  dual: 109.8105->80.3187  mono=False  iters=25/25  rho=25.0
[ADMM-C3+] WARNING non-converged: pr=4.9359 dr=80.3187 tol=1e-03
[C3+] step=147 |u[0]|=9.50N λ_n_max=1.058 η_n_max=1.279 primal=4.936 iters=25/25 lcp_res_max=nan
[ADMIT-GUARD] step=50 admit_active=0 latch=0/0 ee_z=0.151 gate_cap=0
[ALT-GATE] step=50 target_stable=0/0 allow_descent=1
[GS-tgt] step=50 ee=(+0.015,+0.024,+0.151) p_repos=(+0.046,+0.080,+0.030) ee_to_target=0.137m target_label=prev_repos target_changed=N delta=0.000m
[IMP] step=50 mode=free |x_err|=0.0020m |tau_imp|=0.79Nm |tau_ff|=0.00Nm |tau_out|=0.79Nm sat=False lam_n=False lam_t=False
[GS] step=50 mode=free switch=kStayInRepos best_k=0 best_src=prev_repos curr_cost=133112.61 repos_cost=180203.53 best_other=180203.53 met_progress=Y steps_since_improve=48 switches=0
[STEP] step=50 mode=free t=0.500s ee=(+0.015,+0.024,+0.151) obj=(+0.000,+0.000,+0.050) goal_dist=0.300m switch=kStayInRepos target=(+0.015,+0.026,+0.150) ee_stride=0.002m ee_to_ptarget=0.137m landing_err=0.1186m ik_ok=Y ik_resid=0.0002m q_max_resid_deg=8.69 target_changed=Y retgt=N held_idx=1 held_cost=180203.53 won_cost=180203.53 margin=+0.00 won_src=prev_repos held_valid=Y reason=hold setpoint_to_ptarget=nanm finished_val=nanm finished_thresh=0.0200m pd_resid=nanm nextwp_to_ptarget=nanm guide_terminal_err=nanm
[GATE-EVOLVE] step=50 curr=133112.61 best_other=180203.53 ratio=0.7387 ee_to_optimal=0.0646m phi=0.0257m
[STAGE-A-TRACE] step=50 sim_t=0.500 mode=free phi=0.02573 box_xy=+0.00000,+0.00000 lam_n_ee_box=nan qy=+0.00001 qz=-0.00000 finished_repos=0
[DRAKE-CONTACT] step=50 n_pairs=1 ee_box_normal=0.000
[GATE-CONTACT] step=50 F_W=(+0.0000,+0.0000,+0.0000) F_on_box=(-0.0000,-0.0000,-0.0000) n_face_out=(-0.0000,-0.0000,-0.0000) A_is_ee=0 box_q=(+1.00000,-0.00001,+0.00001,-0.00000) box_p=(+0.00000,+0.00000,+0.04999) ee_p=(+0.01498,+0.02399,+0.15072)
[LATERAL] perp=25.7mm scale=50.0mm strength=0.51 shift_mm=(+0.0,-13.2)
[ADMM-C3+] primal: 6.1274->4.9359  dual: 109.8105->80.3187  mono=False  iters=25/25  rho=25.0
[ADMM-C3+] WARNING non-converged: pr=4.9359 dr=80.3187 tol=1e-03
[C3+] step=150 |u[0]|=9.66N λ_n_max=1.058 η_n_max=1.279 primal=4.936 iters=25/25 lcp_res_max=nan
[ADMIT-GUARD] step=51 admit_active=0 latch=0/0 ee_z=0.151 gate_cap=0
[ALT-GATE] step=51 target_stable=0/0 allow_descent=1
[GS-tgt] step=51 ee=(+0.016,+0.026,+0.151) p_repos=(+0.046,+0.080,+0.030) ee_to_target=0.136m target_label=prev_repos target_changed=N delta=0.000m
[GS] step=51 mode=free switch=kStayInRepos best_k=0 best_src=prev_repos curr_cost=133122.56 repos_cost=180184.97 best_other=180184.97 met_progress=Y steps_since_improve=49 switches=0
[STEP] step=51 mode=free t=0.510s ee=(+0.016,+0.026,+0.151) obj=(+0.000,+0.000,+0.050) goal_dist=0.300m switch=kStayInRepos target=(+0.016,+0.027,+0.150) ee_stride=0.002m ee_to_ptarget=0.136m landing_err=0.1182m ik_ok=Y ik_resid=0.0002m q_max_resid_deg=9.08 target_changed=Y retgt=N held_idx=1 held_cost=180184.97 won_cost=180184.97 margin=+0.00 won_src=prev_repos held_valid=Y reason=hold setpoint_to_ptarget=nanm finished_val=nanm finished_thresh=0.0200m pd_resid=nanm nextwp_to_ptarget=nanm guide_terminal_err=nanm
[GATE-EVOLVE] step=51 curr=133122.56 best_other=180184.97 ratio=0.7388 ee_to_optimal=0.0644m phi=0.0257m
[STAGE-A-TRACE] step=51 sim_t=0.510 mode=free phi=0.02569 box_xy=+0.00000,+0.00000 lam_n_ee_box=nan qy=+0.00001 qz=-0.00000 finished_repos=0
  t=0.50s | ee=(0.016, 0.026, 0.151) | obj=(0.000, 0.000, 0.050) | |u|=0.75 Nm | goal_dist=0.300 m
[DRAKE-CONTACT] step=51 n_pairs=1 ee_box_normal=0.000
[GATE-CONTACT] step=51 F_W=(+0.0000,+0.0000,+0.0000) F_on_box=(-0.0000,-0.0000,-0.0000) n_face_out=(-0.0000,-0.0000,-0.0000) A_is_ee=0 box_q=(+1.00000,-0.00001,+0.00001,-0.00000) box_p=(+0.00000,+0.00000,+0.04999) ee_p=(+0.01593,+0.02573,+0.15068)
[LATERAL] perp=27.5mm scale=50.0mm strength=0.55 shift_mm=(+0.0,-15.1)
[ADMM-C3+] primal: 6.1274->4.9359  dual: 109.8105->80.3187  mono=False  iters=25/25  rho=25.0
[ADMM-C3+] WARNING non-converged: pr=4.9359 dr=80.3187 tol=1e-03
[C3+] step=153 |u[0]|=9.82N λ_n_max=1.058 η_n_max=1.279 primal=4.936 iters=25/25 lcp_res_max=nan
[ADMIT-GUARD] step=52 admit_active=0 latch=0/0 ee_z=0.151 gate_cap=0
[ALT-GATE] step=52 target_stable=0/0 allow_descent=1
[GS-tgt] step=52 ee=(+0.017,+0.027,+0.151) p_repos=(+0.046,+0.080,+0.030) ee_to_target=0.135m target_label=prev_repos target_changed=N delta=0.000m
[GS] step=52 mode=free switch=kStayInRepos best_k=0 best_src=prev_repos curr_cost=133133.13 repos_cost=180206.93 best_other=180206.93 met_progress=Y steps_since_improve=50 switches=0
[STEP] step=52 mode=free t=0.520s ee=(+0.017,+0.027,+0.151) obj=(+0.000,+0.000,+0.050) goal_dist=0.300m switch=kStayInRepos target=(+0.017,+0.029,+0.150) ee_stride=0.002m ee_to_ptarget=0.135m landing_err=0.1179m ik_ok=Y ik_resid=0.0003m q_max_resid_deg=9.48 target_changed=Y retgt=N held_idx=1 held_cost=180206.93 won_cost=180206.93 margin=+0.00 won_src=prev_repos held_valid=Y reason=hold setpoint_to_ptarget=nanm finished_val=nanm finished_thresh=0.0200m pd_resid=nanm nextwp_to_ptarget=nanm guide_terminal_err=nanm
[GATE-EVOLVE] step=52 curr=133133.13 best_other=180206.93 ratio=0.7388 ee_to_optimal=0.0643m phi=0.0257m
[STAGE-A-TRACE] step=52 sim_t=0.520 mode=free phi=0.02566 box_xy=+0.00000,+0.00000 lam_n_ee_box=nan qy=+0.00001 qz=-0.00000 finished_repos=0
[DRAKE-CONTACT] step=52 n_pairs=1 ee_box_normal=0.000
[GATE-CONTACT] step=52 F_W=(+0.0000,+0.0000,+0.0000) F_on_box=(-0.0000,-0.0000,-0.0000) n_face_out=(-0.0000,-0.0000,-0.0000) A_is_ee=0 box_q=(+1.00000,-0.00001,+0.00001,-0.00000) box_p=(+0.00000,+0.00000,+0.04999) ee_p=(+0.01688,+0.02745,+0.15065)
[LATERAL] perp=29.2mm scale=50.0mm strength=0.58 shift_mm=(+0.0,-17.0)
[ADMM-C3+] primal: 6.1274->4.9359  dual: 109.8105->80.3187  mono=False  iters=25/25  rho=25.0
[ADMM-C3+] WARNING non-converged: pr=4.9359 dr=80.3187 tol=1e-03
[C3+] step=156 |u[0]|=9.99N λ_n_max=1.058 η_n_max=1.279 primal=4.936 iters=25/25 lcp_res_max=nan
[ADMIT-GUARD] step=53 admit_active=0 latch=0/0 ee_z=0.151 gate_cap=0
[ALT-GATE] step=53 target_stable=0/0 allow_descent=1
[GS-tgt] step=53 ee=(+0.018,+0.029,+0.151) p_repos=(+0.046,+0.080,+0.030) ee_to_target=0.134m target_label=prev_repos target_changed=N delta=0.000m
[GS] step=53 mode=free switch=kStayInRepos best_k=0 best_src=prev_repos curr_cost=133144.34 repos_cost=180230.24 best_other=180230.24 met_progress=Y steps_since_improve=51 switches=0
[STEP] step=53 mode=free t=0.530s ee=(+0.018,+0.029,+0.151) obj=(+0.000,+0.000,+0.050) goal_dist=0.300m switch=kStayInRepos target=(+0.018,+0.031,+0.150) ee_stride=0.002m ee_to_ptarget=0.134m landing_err=0.1178m ik_ok=Y ik_resid=0.0003m q_max_resid_deg=9.89 target_changed=Y retgt=N held_idx=1 held_cost=180230.24 won_cost=180230.24 margin=+0.00 won_src=prev_repos held_valid=Y reason=hold setpoint_to_ptarget=nanm finished_val=nanm finished_thresh=0.0200m pd_resid=nanm nextwp_to_ptarget=nanm guide_terminal_err=nanm
[GATE-EVOLVE] step=53 curr=133144.34 best_other=180230.24 ratio=0.7387 ee_to_optimal=0.0642m phi=0.0256m
[STAGE-A-TRACE] step=53 sim_t=0.530 mode=free phi=0.02563 box_xy=+0.00000,+0.00000 lam_n_ee_box=nan qy=+0.00001 qz=-0.00000 finished_repos=0
[DRAKE-CONTACT] step=53 n_pairs=1 ee_box_normal=0.000
[GATE-CONTACT] step=53 F_W=(+0.0000,+0.0000,+0.0000) F_on_box=(-0.0000,-0.0000,-0.0000) n_face_out=(-0.0000,-0.0000,-0.0000) A_is_ee=0 box_q=(+1.00000,-0.00001,+0.00001,-0.00000) box_p=(+0.00000,+0.00000,+0.04999) ee_p=(+0.01781,+0.02915,+0.15062)
[LATERAL] perp=30.8mm scale=50.0mm strength=0.62 shift_mm=(+0.0,-19.0)
[ADMM-C3+] primal: 6.1274->4.9359  dual: 109.8105->80.3187  mono=False  iters=25/25  rho=25.0
[ADMM-C3+] WARNING non-converged: pr=4.9359 dr=80.3187 tol=1e-03
[C3+] step=159 |u[0]|=10.16N λ_n_max=1.058 η_n_max=1.279 primal=4.936 iters=25/25 lcp_res_max=nan
[ADMIT-GUARD] step=54 admit_active=0 latch=0/0 ee_z=0.151 gate_cap=0
[ALT-GATE] step=54 target_stable=0/0 allow_descent=1
[GS-tgt] step=54 ee=(+0.019,+0.031,+0.151) p_repos=(+0.046,+0.080,+0.030) ee_to_target=0.133m target_label=prev_repos target_changed=N delta=0.000m
[GS] step=54 mode=free switch=kStayInRepos best_k=0 best_src=prev_repos curr_cost=133156.22 repos_cost=180254.91 best_other=180254.91 met_progress=Y steps_since_improve=52 switches=0
[STEP] step=54 mode=free t=0.540s ee=(+0.019,+0.031,+0.151) obj=(+0.000,+0.000,+0.050) goal_dist=0.300m switch=kStayInRepos target=(+0.019,+0.032,+0.150) ee_stride=0.001m ee_to_ptarget=0.133m landing_err=0.1138m ik_ok=Y ik_resid=0.0003m q_max_resid_deg=10.19 target_changed=Y retgt=N held_idx=1 held_cost=180254.91 won_cost=180254.91 margin=+0.00 won_src=prev_repos held_valid=Y reason=hold setpoint_to_ptarget=nanm finished_val=nanm finished_thresh=0.0200m pd_resid=nanm nextwp_to_ptarget=nanm guide_terminal_err=nanm
[GATE-EVOLVE] step=54 curr=133156.22 best_other=180254.91 ratio=0.7387 ee_to_optimal=0.0642m phi=0.0256m
[STAGE-A-TRACE] step=54 sim_t=0.540 mode=free phi=0.02560 box_xy=+0.00000,+0.00000 lam_n_ee_box=nan qy=+0.00001 qz=-0.00000 finished_repos=0
[DRAKE-CONTACT] step=54 n_pairs=1 ee_box_normal=0.000
[GATE-CONTACT] step=54 F_W=(+0.0000,+0.0000,+0.0000) F_on_box=(-0.0000,-0.0000,-0.0000) n_face_out=(-0.0000,-0.0000,-0.0000) A_is_ee=0 box_q=(+1.00000,-0.00001,+0.00001,-0.00000) box_p=(+0.00000,+0.00000,+0.04999) ee_p=(+0.01874,+0.03084,+0.15059)
[LATERAL] perp=32.5mm scale=50.0mm strength=0.65 shift_mm=(+0.0,-21.1)
[ADMM-C3+] primal: 6.1274->4.9359  dual: 109.8105->80.3187  mono=False  iters=25/25  rho=25.0
[ADMM-C3+] WARNING non-converged: pr=4.9359 dr=80.3187 tol=1e-03
[C3+] step=162 |u[0]|=10.34N λ_n_max=1.058 η_n_max=1.279 primal=4.936 iters=25/25 lcp_res_max=nan
[ADMIT-GUARD] step=55 admit_active=0 latch=0/0 ee_z=0.151 gate_cap=0
[ALT-GATE] step=55 target_stable=0/0 allow_descent=1
[GS-tgt] step=55 ee=(+0.020,+0.033,+0.151) p_repos=(+0.046,+0.080,+0.030) ee_to_target=0.132m target_label=prev_repos target_changed=N delta=0.000m
[GS] step=55 mode=free switch=kStayInRepos best_k=0 best_src=prev_repos curr_cost=133168.82 repos_cost=180280.97 best_other=180280.97 met_progress=Y steps_since_improve=53 switches=0
[STEP] step=55 mode=free t=0.550s ee=(+0.020,+0.033,+0.151) obj=(+0.000,+0.000,+0.050) goal_dist=0.300m switch=kStayInRepos target=(+0.020,+0.034,+0.150) ee_stride=0.001m ee_to_ptarget=0.132m landing_err=0.1098m ik_ok=Y ik_resid=0.0003m q_max_resid_deg=10.11 target_changed=Y retgt=N held_idx=1 held_cost=180280.97 won_cost=180280.97 margin=+0.00 won_src=prev_repos held_valid=Y reason=hold setpoint_to_ptarget=nanm finished_val=nanm finished_thresh=0.0200m pd_resid=nanm nextwp_to_ptarget=nanm guide_terminal_err=nanm
[GATE-EVOLVE] step=55 curr=133168.82 best_other=180280.97 ratio=0.7387 ee_to_optimal=0.0642m phi=0.0256m
[STAGE-A-TRACE] step=55 sim_t=0.550 mode=free phi=0.02558 box_xy=+0.00000,+0.00000 lam_n_ee_box=nan qy=+0.00001 qz=-0.00000 finished_repos=0
[DRAKE-CONTACT] step=55 n_pairs=1 ee_box_normal=0.000
[GATE-CONTACT] step=55 F_W=(+0.0000,+0.0000,+0.0000) F_on_box=(-0.0000,-0.0000,-0.0000) n_face_out=(-0.0000,-0.0000,-0.0000) A_is_ee=0 box_q=(+1.00000,-0.00001,+0.00001,-0.00000) box_p=(+0.00000,+0.00000,+0.04999) ee_p=(+0.01966,+0.03250,+0.15057)
[LATERAL] perp=34.2mm scale=50.0mm strength=0.68 shift_mm=(+0.0,-23.3)
[ADMM-C3+] primal: 6.1274->4.9359  dual: 109.8105->80.3187  mono=False  iters=25/25  rho=25.0
[ADMM-C3+] WARNING non-converged: pr=4.9359 dr=80.3187 tol=1e-03
[C3+] step=165 |u[0]|=10.53N λ_n_max=1.058 η_n_max=1.279 primal=4.936 iters=25/25 lcp_res_max=nan
[ADMIT-GUARD] step=56 admit_active=0 latch=0/0 ee_z=0.151 gate_cap=0
[ALT-GATE] step=56 target_stable=0/0 allow_descent=1
[GS-tgt] step=56 ee=(+0.021,+0.034,+0.151) p_repos=(+0.046,+0.080,+0.030) ee_to_target=0.131m target_label=prev_repos target_changed=N delta=0.000m
[GS] step=56 mode=free switch=kStayInRepos best_k=0 best_src=prev_repos curr_cost=133182.15 repos_cost=180308.44 best_other=180308.44 met_progress=Y steps_since_improve=54 switches=0
[STEP] step=56 mode=free t=0.560s ee=(+0.021,+0.034,+0.151) obj=(+0.000,+0.000,+0.050) goal_dist=0.300m switch=kStayInRepos target=(+0.021,+0.035,+0.150) ee_stride=0.001m ee_to_ptarget=0.131m landing_err=0.1058m ik_ok=Y ik_resid=0.0003m q_max_resid_deg=10.04 target_changed=Y retgt=N held_idx=1 held_cost=180308.44 won_cost=180308.44 margin=+0.00 won_src=prev_repos held_valid=Y reason=hold setpoint_to_ptarget=nanm finished_val=nanm finished_thresh=0.0200m pd_resid=nanm nextwp_to_ptarget=nanm guide_terminal_err=nanm
[GATE-EVOLVE] step=56 curr=133182.15 best_other=180308.44 ratio=0.7386 ee_to_optimal=0.0643m phi=0.0256m
[STAGE-A-TRACE] step=56 sim_t=0.560 mode=free phi=0.02556 box_xy=+0.00000,+0.00000 lam_n_ee_box=nan qy=+0.00001 qz=-0.00000 finished_repos=0
[DRAKE-CONTACT] step=56 n_pairs=1 ee_box_normal=0.000
[GATE-CONTACT] step=56 F_W=(+0.0000,+0.0000,+0.0000) F_on_box=(-0.0000,-0.0000,-0.0000) n_face_out=(-0.0000,-0.0000,-0.0000) A_is_ee=0 box_q=(+1.00000,-0.00001,+0.00001,-0.00000) box_p=(+0.00000,+0.00000,+0.04999) ee_p=(+0.02058,+0.03415,+0.15055)
[LATERAL] perp=35.8mm scale=50.0mm strength=0.72 shift_mm=(+0.0,-25.6)
[ADMM-C3+] primal: 6.1274->4.9359  dual: 109.8105->80.3187  mono=False  iters=25/25  rho=25.0
[ADMM-C3+] WARNING non-converged: pr=4.9359 dr=80.3187 tol=1e-03
[C3+] step=168 |u[0]|=10.73N λ_n_max=1.058 η_n_max=1.279 primal=4.936 iters=25/25 lcp_res_max=nan
[ADMIT-GUARD] step=57 admit_active=0 latch=0/0 ee_z=0.151 gate_cap=0
[ALT-GATE] step=57 target_stable=0/0 allow_descent=1
[GS-tgt] step=57 ee=(+0.021,+0.036,+0.151) p_repos=(+0.046,+0.080,+0.030) ee_to_target=0.131m target_label=prev_repos target_changed=N delta=0.000m
[GS] step=57 mode=free switch=kStayInRepos best_k=0 best_src=prev_repos curr_cost=133196.26 repos_cost=180337.37 best_other=180337.37 met_progress=Y steps_since_improve=55 switches=0
[STEP] step=57 mode=free t=0.570s ee=(+0.021,+0.036,+0.151) obj=(+0.000,+0.000,+0.050) goal_dist=0.300m switch=kStayInRepos target=(+0.022,+0.037,+0.150) ee_stride=0.001m ee_to_ptarget=0.131m landing_err=0.1018m ik_ok=Y ik_resid=0.0003m q_max_resid_deg=9.98 target_changed=Y retgt=N held_idx=1 held_cost=180337.37 won_cost=180337.37 margin=+0.00 won_src=prev_repos held_valid=Y reason=hold setpoint_to_ptarget=nanm finished_val=nanm finished_thresh=0.0200m pd_resid=nanm nextwp_to_ptarget=nanm guide_terminal_err=nanm
[GATE-EVOLVE] step=57 curr=133196.26 best_other=180337.37 ratio=0.7386 ee_to_optimal=0.0644m phi=0.0255m
[STAGE-A-TRACE] step=57 sim_t=0.570 mode=free phi=0.02555 box_xy=+0.00000,+0.00000 lam_n_ee_box=nan qy=+0.00001 qz=-0.00000 finished_repos=0
[DRAKE-CONTACT] step=57 n_pairs=1 ee_box_normal=0.000
[GATE-CONTACT] step=57 F_W=(+0.0000,+0.0000,+0.0000) F_on_box=(-0.0000,-0.0000,-0.0000) n_face_out=(-0.0000,-0.0000,-0.0000) A_is_ee=0 box_q=(+1.00000,-0.00001,+0.00001,-0.00000) box_p=(+0.00000,+0.00000,+0.04999) ee_p=(+0.02149,+0.03579,+0.15053)
[LATERAL] perp=37.4mm scale=50.0mm strength=0.75 shift_mm=(+0.0,-28.0)
[ADMM-C3+] primal: 6.1274->4.9359  dual: 109.8105->80.3187  mono=False  iters=25/25  rho=25.0
[ADMM-C3+] WARNING non-converged: pr=4.9359 dr=80.3187 tol=1e-03
[C3+] step=171 |u[0]|=10.94N λ_n_max=1.058 η_n_max=1.279 primal=4.936 iters=25/25 lcp_res_max=nan
[ADMIT-GUARD] step=58 admit_active=0 latch=0/0 ee_z=0.151 gate_cap=0
[ALT-GATE] step=58 target_stable=0/0 allow_descent=1
[GS-tgt] step=58 ee=(+0.022,+0.037,+0.151) p_repos=(+0.046,+0.080,+0.030) ee_to_target=0.130m target_label=prev_repos target_changed=N delta=0.000m
[GS] step=58 mode=free switch=kStayInRepos best_k=0 best_src=prev_repos curr_cost=133211.19 repos_cost=180367.79 best_other=180367.79 met_progress=Y steps_since_improve=56 switches=0
[STEP] step=58 mode=free t=0.580s ee=(+0.022,+0.037,+0.151) obj=(+0.000,+0.000,+0.050) goal_dist=0.300m switch=kStayInRepos target=(+0.023,+0.038,+0.150) ee_stride=0.001m ee_to_ptarget=0.130m landing_err=0.0978m ik_ok=Y ik_resid=0.0003m q_max_resid_deg=9.92 target_changed=Y retgt=N held_idx=1 held_cost=180367.79 won_cost=180367.79 margin=+0.00 won_src=prev_repos held_valid=Y reason=hold setpoint_to_ptarget=nanm finished_val=nanm finished_thresh=0.0200m pd_resid=nanm nextwp_to_ptarget=nanm guide_terminal_err=nanm
[GATE-EVOLVE] step=58 curr=133211.19 best_other=180367.79 ratio=0.7386 ee_to_optimal=0.0646m phi=0.0255m
[STAGE-A-TRACE] step=58 sim_t=0.580 mode=free phi=0.02553 box_xy=+0.00000,+0.00000 lam_n_ee_box=nan qy=+0.00001 qz=-0.00000 finished_repos=0
[DRAKE-CONTACT] step=58 n_pairs=1 ee_box_normal=0.000
[GATE-CONTACT] step=58 F_W=(+0.0000,+0.0000,+0.0000) F_on_box=(-0.0000,-0.0000,-0.0000) n_face_out=(-0.0000,-0.0000,-0.0000) A_is_ee=0 box_q=(+1.00000,-0.00001,+0.00001,-0.00000) box_p=(+0.00000,+0.00000,+0.04999) ee_p=(+0.02239,+0.03742,+0.15052)
[LATERAL] perp=39.0mm scale=50.0mm strength=0.78 shift_mm=(+0.0,-30.5)
[ADMM-C3+] primal: 6.1274->4.9359  dual: 109.8105->80.3187  mono=False  iters=25/25  rho=25.0
[ADMM-C3+] WARNING non-converged: pr=4.9359 dr=80.3187 tol=1e-03
[C3+] step=174 |u[0]|=11.15N λ_n_max=1.058 η_n_max=1.279 primal=4.936 iters=25/25 lcp_res_max=nan
[ADMIT-GUARD] step=59 admit_active=0 latch=0/0 ee_z=0.151 gate_cap=0
[ALT-GATE] step=59 target_stable=0/0 allow_descent=1
[GS-tgt] step=59 ee=(+0.023,+0.039,+0.151) p_repos=(+0.046,+0.080,+0.030) ee_to_target=0.129m target_label=prev_repos target_changed=N delta=0.000m
[GS] step=59 mode=free switch=kStayInRepos best_k=0 best_src=prev_repos curr_cost=133226.96 repos_cost=180399.76 best_other=180399.76 met_progress=Y steps_since_improve=57 switches=0
[STEP] step=59 mode=free t=0.590s ee=(+0.023,+0.039,+0.151) obj=(+0.000,+0.000,+0.050) goal_dist=0.300m switch=kStayInRepos target=(+0.023,+0.040,+0.150) ee_stride=0.001m ee_to_ptarget=0.129m landing_err=0.0938m ik_ok=Y ik_resid=0.0003m q_max_resid_deg=9.87 target_changed=Y retgt=N held_idx=1 held_cost=180399.76 won_cost=180399.76 margin=+0.00 won_src=prev_repos held_valid=Y reason=hold setpoint_to_ptarget=nanm finished_val=nanm finished_thresh=0.0200m pd_resid=nanm nextwp_to_ptarget=nanm guide_terminal_err=nanm
[GATE-EVOLVE] step=59 curr=133226.96 best_other=180399.76 ratio=0.7385 ee_to_optimal=0.0648m phi=0.0255m
[STAGE-A-TRACE] step=59 sim_t=0.590 mode=free phi=0.02552 box_xy=+0.00000,+0.00000 lam_n_ee_box=nan qy=+0.00001 qz=+0.00000 finished_repos=0
[DRAKE-CONTACT] step=59 n_pairs=1 ee_box_normal=0.000
[GATE-CONTACT] step=59 F_W=(+0.0000,+0.0000,+0.0000) F_on_box=(-0.0000,-0.0000,-0.0000) n_face_out=(-0.0000,-0.0000,-0.0000) A_is_ee=0 box_q=(+1.00000,-0.00001,+0.00001,+0.00000) box_p=(+0.00000,+0.00000,+0.04999) ee_p=(+0.02330,+0.03904,+0.15051)
[LATERAL] perp=40.6mm scale=50.0mm strength=0.81 shift_mm=(+0.0,-33.0)
[ADMM-C3+] primal: 6.1274->4.9359  dual: 109.8105->80.3187  mono=False  iters=25/25  rho=25.0
[ADMM-C3+] WARNING non-converged: pr=4.9359 dr=80.3187 tol=1e-03
[C3+] step=177 |u[0]|=11.37N λ_n_max=1.058 η_n_max=1.279 primal=4.936 iters=25/25 lcp_res_max=nan
[ADMIT-GUARD] step=60 admit_active=0 latch=0/0 ee_z=0.151 gate_cap=0
[ALT-GATE] step=60 target_stable=0/0 allow_descent=1
[GS-tgt] step=60 ee=(+0.024,+0.041,+0.151) p_repos=(+0.046,+0.080,+0.030) ee_to_target=0.129m target_label=prev_repos target_changed=N delta=0.000m
[IMP] step=60 mode=free |x_err|=0.0010m |tau_imp|=0.63Nm |tau_ff|=0.00Nm |tau_out|=0.63Nm sat=False lam_n=False lam_t=False
[GS] step=60 mode=free switch=kStayInRepos best_k=0 best_src=prev_repos curr_cost=133243.63 repos_cost=180433.32 best_other=180433.32 met_progress=Y steps_since_improve=58 switches=0
[STEP] step=60 mode=free t=0.600s ee=(+0.024,+0.041,+0.151) obj=(+0.000,+0.000,+0.050) goal_dist=0.300m switch=kStayInRepos target=(+0.024,+0.042,+0.150) ee_stride=0.001m ee_to_ptarget=0.129m landing_err=0.0898m ik_ok=Y ik_resid=0.0003m q_max_resid_deg=9.82 target_changed=Y retgt=N held_idx=1 held_cost=180433.32 won_cost=180433.32 margin=+0.00 won_src=prev_repos held_valid=Y reason=hold setpoint_to_ptarget=nanm finished_val=nanm finished_thresh=0.0200m pd_resid=nanm nextwp_to_ptarget=nanm guide_terminal_err=nanm
[GATE-EVOLVE] step=60 curr=133243.63 best_other=180433.32 ratio=0.7385 ee_to_optimal=0.0651m phi=0.0255m
[STAGE-A-TRACE] step=60 sim_t=0.600 mode=free phi=0.02551 box_xy=+0.00000,+0.00000 lam_n_ee_box=nan qy=+0.00001 qz=+0.00000 finished_repos=0
[GS-table] step=60
  k=0 (current   ) pos=(+0.024,+0.041,+0.151) c_C3= 133243.78 align=0.0000(bonus=    0.15) rot=+0.0000(bonus=    0.00) travel=0.000m(pen=  0.00) c_sample= 133243.63 feas=Y ik_err=0.0000m  ← WIN
  k=1 (prev_repos) pos=(+0.046,+0.080,+0.030) c_C3= 180407.75 align=0.0000(bonus=    0.15) rot=+0.0000(bonus=    0.00) travel=0.129m(pen= 25.72) c_sample= 180433.32 feas=Y ik_err=0.0000m
  k=2 (strat_0   ) pos=(+0.046,+0.080,+0.030) c_C3= 180407.75 align=0.0000(bonus=    0.15) rot=+0.0000(bonus=    0.00) travel=0.129m(pen= 25.72) c_sample= 180433.32 feas=Y ik_err=0.0000m
[DRAKE-CONTACT] step=60 n_pairs=1 ee_box_normal=0.000
[GATE-CONTACT] step=60 F_W=(+0.0000,+0.0000,+0.0000) F_on_box=(-0.0000,-0.0000,-0.0000) n_face_out=(-0.0000,-0.0000,-0.0000) A_is_ee=0 box_q=(+1.00000,-0.00001,+0.00001,+0.00000) box_p=(+0.00000,+0.00000,+0.04999) ee_p=(+0.02420,+0.04064,+0.15050)
[PERSIST] step=61 refresh n_strategy=1 samples=[(0.08, 0.0, 0.03)]
[LATERAL] perp=42.2mm scale=50.0mm strength=0.84 shift_mm=(+0.0,-35.7)
[ADMM-C3+] primal: 6.1274->4.9359  dual: 109.8105->80.3187  mono=False  iters=25/25  rho=25.0
[ADMM-C3+] WARNING non-converged: pr=4.9359 dr=80.3187 tol=1e-03
[C3+] step=180 |u[0]|=11.59N λ_n_max=1.058 η_n_max=1.279 primal=4.936 iters=25/25 lcp_res_max=nan
[ADMIT-GUARD] step=61 admit_active=0 latch=0/0 ee_z=0.150 gate_cap=0
[ALT-GATE] step=61 target_stable=0/0 allow_descent=1
[GS-tgt] step=61 ee=(+0.025,+0.042,+0.150) p_repos=(+0.080,+0.000,+0.030) ee_to_target=0.139m target_label=strat_0 target_changed=Y delta=0.087m
[STAGE-A-PWL] step=61 sim_t=0.610 build p_start=(+0.0251,+0.0422,+0.1505) p_target=(+0.0800,+0.0000,+0.0300) K=3 t_end=1.662
[GS] step=61 mode=free switch=kToBetterRepos best_k=0 best_src=strat_0 curr_cost=133261.23 repos_cost=149986.24 best_other=149986.24 met_progress=Y steps_since_improve=59 switches=0
[STEP] step=61 mode=free t=0.610s ee=(+0.025,+0.042,+0.150) obj=(+0.000,+0.000,+0.050) goal_dist=0.300m switch=kToBetterRepos target=(+0.025,+0.042,+0.150) ee_stride=0.000m ee_to_ptarget=0.139m landing_err=0.1370m ik_ok=Y ik_resid=0.0001m q_max_resid_deg=0.42 target_changed=Y retgt=Y held_idx=1 held_cost=180468.52 won_cost=149986.24 margin=+30482.28 won_src=strat_0 held_valid=Y reason=new_sample_better setpoint_to_ptarget=nanm finished_val=nanm finished_thresh=0.0200m pd_resid=nanm nextwp_to_ptarget=nanm guide_terminal_err=nanm
[GATE-EVOLVE] step=61 curr=133261.23 best_other=149986.24 ratio=0.8885 ee_to_optimal=0.0654m phi=0.0255m
[STAGE-A-TRACE] step=61 sim_t=0.610 mode=free phi=0.02551 box_xy=+0.00000,+0.00000 lam_n_ee_box=nan qy=+0.00001 qz=+0.00000 finished_repos=0
[DRAKE-CONTACT] step=61 n_pairs=1 ee_box_normal=0.000
[GATE-CONTACT] step=61 F_W=(+0.0000,+0.0000,+0.0000) F_on_box=(-0.0000,-0.0000,-0.0000) n_face_out=(-0.0000,-0.0000,-0.0000) A_is_ee=0 box_q=(+1.00000,-0.00001,+0.00001,+0.00000) box_p=(+0.00000,+0.00000,+0.04999) ee_p=(+0.02510,+0.04224,+0.15050)
[LATERAL] perp=43.3mm scale=50.0mm strength=0.87 shift_mm=(+0.0,-37.5)
[ADMM-C3+] primal: 6.1274->4.9359  dual: 109.8105->80.3187  mono=False  iters=25/25  rho=25.0
[ADMM-C3+] WARNING non-converged: pr=4.9359 dr=80.3187 tol=1e-03
[C3+] step=183 |u[0]|=11.75N λ_n_max=1.058 η_n_max=1.279 primal=4.936 iters=25/25 lcp_res_max=nan
[ADMIT-GUARD] step=62 admit_active=0 latch=0/0 ee_z=0.150 gate_cap=0
[ALT-GATE] step=62 target_stable=0/0 allow_descent=1
[GS-tgt] step=62 ee=(+0.026,+0.043,+0.150) p_repos=(+0.080,+0.000,+0.030) ee_to_target=0.139m target_label=prev_repos target_changed=N delta=0.000m
[GS] step=62 mode=free switch=kStayInRepos best_k=0 best_src=prev_repos curr_cost=133273.27 repos_cost=150001.10 best_other=150001.10 met_progress=N steps_since_improve=60 switches=0
[STEP] step=62 mode=free t=0.620s ee=(+0.026,+0.043,+0.150) obj=(+0.000,+0.000,+0.050) goal_dist=0.300m switch=kStayInRepos target=(+0.027,+0.041,+0.150) ee_stride=0.002m ee_to_ptarget=0.139m landing_err=0.1352m ik_ok=Y ik_resid=0.0003m q_max_resid_deg=1.04 target_changed=Y retgt=N held_idx=1 held_cost=150001.10 won_cost=150001.10 margin=+0.00 won_src=prev_repos held_valid=Y reason=hold setpoint_to_ptarget=nanm finished_val=nanm finished_thresh=0.0200m pd_resid=nanm nextwp_to_ptarget=nanm guide_terminal_err=nanm
[GATE-EVOLVE] step=62 curr=133273.27 best_other=150001.10 ratio=0.8885 ee_to_optimal=0.0653m phi=0.0255m
[STAGE-A-TRACE] step=62 sim_t=0.620 mode=free phi=0.02546 box_xy=+0.00000,+0.00000 lam_n_ee_box=nan qy=+0.00001 qz=+0.00000 finished_repos=0
[DRAKE-CONTACT] step=62 n_pairs=1 ee_box_normal=0.000
[GATE-CONTACT] step=62 F_W=(+0.0000,+0.0000,+0.0000) F_on_box=(-0.0000,-0.0000,-0.0000) n_face_out=(-0.0000,-0.0000,-0.0000) A_is_ee=0 box_q=(+1.00000,-0.00001,+0.00001,+0.00000) box_p=(+0.00000,+0.00000,+0.04999) ee_p=(+0.02610,+0.04333,+0.15045)
[LATERAL] perp=43.6mm scale=50.0mm strength=0.87 shift_mm=(+0.0,-38.0)
[ADMM-C3+] primal: 6.1274->4.9359  dual: 109.8105->80.3187  mono=False  iters=25/25  rho=25.0
[ADMM-C3+] WARNING non-converged: pr=4.9359 dr=80.3187 tol=1e-03
[C3+] step=186 |u[0]|=11.78N λ_n_max=1.058 η_n_max=1.279 primal=4.936 iters=25/25 lcp_res_max=nan
[ADMIT-GUARD] step=63 admit_active=0 latch=0/0 ee_z=0.150 gate_cap=0
[ALT-GATE] step=63 target_stable=0/0 allow_descent=1
[GS-tgt] step=63 ee=(+0.027,+0.044,+0.150) p_repos=(+0.080,+0.000,+0.030) ee_to_target=0.138m target_label=prev_repos target_changed=N delta=0.000m
[GS] step=63 mode=free switch=kStayInRepos best_k=0 best_src=prev_repos curr_cost=133275.56 repos_cost=150008.06 best_other=150008.06 met_progress=N steps_since_improve=61 switches=0
[STEP] step=63 mode=free t=0.630s ee=(+0.027,+0.044,+0.150) obj=(+0.000,+0.000,+0.050) goal_dist=0.300m switch=kStayInRepos target=(+0.028,+0.040,+0.150) ee_stride=0.004m ee_to_ptarget=0.138m landing_err=0.1334m ik_ok=Y ik_resid=0.0004m q_max_resid_deg=1.52 target_changed=Y retgt=N held_idx=1 held_cost=150008.06 won_cost=150008.06 margin=+0.00 won_src=prev_repos held_valid=Y reason=hold setpoint_to_ptarget=nanm finished_val=nanm finished_thresh=0.0200m pd_resid=nanm nextwp_to_ptarget=nanm guide_terminal_err=nanm
[GATE-EVOLVE] step=63 curr=133275.56 best_other=150008.06 ratio=0.8885 ee_to_optimal=0.0647m phi=0.0254m
[STAGE-A-TRACE] step=63 sim_t=0.630 mode=free phi=0.02537 box_xy=+0.00000,+0.00000 lam_n_ee_box=nan qy=+0.00001 qz=+0.00000 finished_repos=0
[DRAKE-CONTACT] step=63 n_pairs=1 ee_box_normal=0.000
[GATE-CONTACT] step=63 F_W=(+0.0000,+0.0000,+0.0000) F_on_box=(-0.0000,-0.0000,-0.0000) n_face_out=(-0.0000,-0.0000,-0.0000) A_is_ee=0 box_q=(+1.00000,-0.00001,+0.00001,+0.00000) box_p=(+0.00000,+0.00000,+0.04999) ee_p=(+0.02727,+0.04361,+0.15036)
[LATERAL] perp=43.3mm scale=50.0mm strength=0.87 shift_mm=(+0.0,-37.5)
[ADMM-C3+] primal: 6.1274->4.9359  dual: 109.8105->80.3187  mono=False  iters=25/25  rho=25.0
[ADMM-C3+] WARNING non-converged: pr=4.9359 dr=80.3187 tol=1e-03
[C3+] step=189 |u[0]|=11.71N λ_n_max=1.058 η_n_max=1.279 primal=4.936 iters=25/25 lcp_res_max=nan
[ADMIT-GUARD] step=64 admit_active=0 latch=0/0 ee_z=0.150 gate_cap=0
[ALT-GATE] step=64 target_stable=0/0 allow_descent=1
[GS-tgt] step=64 ee=(+0.029,+0.043,+0.150) p_repos=(+0.080,+0.000,+0.030) ee_to_target=0.138m target_label=prev_repos target_changed=N delta=0.000m
[GS] step=64 mode=free switch=kStayInRepos best_k=0 best_src=prev_repos curr_cost=133270.73 repos_cost=150009.00 best_other=150009.00 met_progress=N steps_since_improve=62 switches=0
[STEP] step=64 mode=free t=0.640s ee=(+0.029,+0.043,+0.150) obj=(+0.000,+0.000,+0.050) goal_dist=0.300m switch=kStayInRepos target=(+0.029,+0.039,+0.150) ee_stride=0.004m ee_to_ptarget=0.138m landing_err=0.1317m ik_ok=Y ik_resid=0.0005m q_max_resid_deg=1.89 target_changed=Y retgt=N held_idx=1 held_cost=150009.00 won_cost=150009.00 margin=+0.00 won_src=prev_repos held_valid=Y reason=hold setpoint_to_ptarget=nanm finished_val=nanm finished_thresh=0.0200m pd_resid=nanm nextwp_to_ptarget=nanm guide_terminal_err=nanm
[GATE-EVOLVE] step=64 curr=133270.73 best_other=150009.00 ratio=0.8884 ee_to_optimal=0.0635m phi=0.0253m
[STAGE-A-TRACE] step=64 sim_t=0.640 mode=free phi=0.02528 box_xy=+0.00000,+0.00000 lam_n_ee_box=nan qy=+0.00001 qz=-0.00000 finished_repos=0
[DRAKE-CONTACT] step=64 n_pairs=1 ee_box_normal=0.000
[GATE-CONTACT] step=64 F_W=(+0.0000,+0.0000,+0.0000) F_on_box=(-0.0000,-0.0000,-0.0000) n_face_out=(-0.0000,-0.0000,-0.0000) A_is_ee=0 box_q=(+1.00000,-0.00001,+0.00001,-0.00000) box_p=(+0.00000,+0.00000,+0.04999) ee_p=(+0.02856,+0.04331,+0.15027)
[LATERAL] perp=42.6mm scale=50.0mm strength=0.85 shift_mm=(+0.0,-36.3)
[ADMM-C3+] primal: 6.1274->4.9359  dual: 109.8105->80.3187  mono=False  iters=25/25  rho=25.0
[ADMM-C3+] WARNING non-converged: pr=4.9359 dr=80.3187 tol=1e-03
[C3+] step=192 |u[0]|=11.59N λ_n_max=1.058 η_n_max=1.279 primal=4.936 iters=25/25 lcp_res_max=nan
[ADMIT-GUARD] step=65 admit_active=0 latch=0/0 ee_z=0.150 gate_cap=0
[ALT-GATE] step=65 target_stable=0/0 allow_descent=1
[GS-tgt] step=65 ee=(+0.030,+0.043,+0.150) p_repos=(+0.080,+0.000,+0.030) ee_to_target=0.137m target_label=prev_repos target_changed=N delta=0.000m
[GS] step=65 mode=free switch=kStayInRepos best_k=0 best_src=prev_repos curr_cost=133261.17 repos_cost=150005.87 best_other=150005.87 met_progress=N steps_since_improve=63 switches=0
[STEP] step=65 mode=free t=0.650s ee=(+0.030,+0.043,+0.150) obj=(+0.000,+0.000,+0.050) goal_dist=0.300m switch=kStayInRepos target=(+0.031,+0.038,+0.150) ee_stride=0.005m ee_to_ptarget=0.137m landing_err=0.1302m ik_ok=Y ik_resid=0.0006m q_max_resid_deg=2.19 target_changed=Y retgt=N held_idx=1 held_cost=150005.87 won_cost=150005.87 margin=+0.00 won_src=prev_repos held_valid=Y reason=hold setpoint_to_ptarget=nanm finished_val=nanm finished_thresh=0.0200m pd_resid=nanm nextwp_to_ptarget=nanm guide_terminal_err=nanm
[GATE-EVOLVE] step=65 curr=133261.17 best_other=150005.87 ratio=0.8884 ee_to_optimal=0.0620m phi=0.0252m
[STAGE-A-TRACE] step=65 sim_t=0.650 mode=free phi=0.02520 box_xy=+0.00000,+0.00000 lam_n_ee_box=nan qy=+0.00001 qz=-0.00000 finished_repos=0
[DRAKE-CONTACT] step=65 n_pairs=1 ee_box_normal=0.000
[GATE-CONTACT] step=65 F_W=(+0.0000,+0.0000,+0.0000) F_on_box=(-0.0000,-0.0000,-0.0000) n_face_out=(-0.0000,-0.0000,-0.0000) A_is_ee=0 box_q=(+1.00000,-0.00001,+0.00001,-0.00000) box_p=(+0.00000,+0.00000,+0.04999) ee_p=(+0.02992,+0.04259,+0.15018)
[LATERAL] perp=41.6mm scale=50.0mm strength=0.83 shift_mm=(+0.0,-34.6)
[ADMM-C3+] primal: 6.1274->4.9359  dual: 109.8105->80.3187  mono=False  iters=25/25  rho=25.0
[ADMM-C3+] WARNING non-converged: pr=4.9359 dr=80.3187 tol=1e-03
[C3+] step=195 |u[0]|=11.43N λ_n_max=1.058 η_n_max=1.279 primal=4.936 iters=25/25 lcp_res_max=nan
[ADMIT-GUARD] step=66 admit_active=0 latch=0/0 ee_z=0.150 gate_cap=0
[ALT-GATE] step=66 target_stable=0/0 allow_descent=1
[GS-tgt] step=66 ee=(+0.031,+0.042,+0.150) p_repos=(+0.080,+0.000,+0.030) ee_to_target=0.136m target_label=prev_repos target_changed=N delta=0.000m
[GS] step=66 mode=free switch=kStayInRepos best_k=0 best_src=prev_repos curr_cost=133248.83 repos_cost=150000.36 best_other=150000.36 met_progress=N steps_since_improve=64 switches=0
[STEP] step=66 mode=free t=0.660s ee=(+0.031,+0.042,+0.150) obj=(+0.000,+0.000,+0.050) goal_dist=0.300m switch=kStayInRepos target=(+0.032,+0.037,+0.150) ee_stride=0.005m ee_to_ptarget=0.136m landing_err=0.1287m ik_ok=Y ik_resid=0.0006m q_max_resid_deg=2.42 target_changed=Y retgt=N held_idx=1 held_cost=150000.36 won_cost=150000.36 margin=+0.00 won_src=prev_repos held_valid=Y reason=hold setpoint_to_ptarget=nanm finished_val=nanm finished_thresh=0.0200m pd_resid=nanm nextwp_to_ptarget=nanm guide_terminal_err=nanm
[GATE-EVOLVE] step=66 curr=133248.83 best_other=150000.36 ratio=0.8883 ee_to_optimal=0.0603m phi=0.0251m
[STAGE-A-TRACE] step=66 sim_t=0.660 mode=free phi=0.02513 box_xy=+0.00000,+0.00000 lam_n_ee_box=nan qy=+0.00001 qz=-0.00000 finished_repos=0
[DRAKE-CONTACT] step=66 n_pairs=1 ee_box_normal=0.000
[GATE-CONTACT] step=66 F_W=(+0.0000,+0.0000,+0.0000) F_on_box=(-0.0000,-0.0000,-0.0000) n_face_out=(-0.0000,-0.0000,-0.0000) A_is_ee=0 box_q=(+1.00000,-0.00001,+0.00001,-0.00000) box_p=(+0.00000,+0.00000,+0.04999) ee_p=(+0.03134,+0.04158,+0.15012)
[LATERAL] perp=40.4mm scale=50.0mm strength=0.81 shift_mm=(+0.0,-32.6)
[ADMM-C3+] primal: 6.1274->4.9359  dual: 109.8105->80.3187  mono=False  iters=25/25  rho=25.0
[ADMM-C3+] WARNING non-converged: pr=4.9359 dr=80.3187 tol=1e-03
[C3+] step=198 |u[0]|=11.26N λ_n_max=1.058 η_n_max=1.279 primal=4.936 iters=25/25 lcp_res_max=nan
[ADMIT-GUARD] step=67 admit_active=0 latch=0/0 ee_z=0.150 gate_cap=0
[ALT-GATE] step=67 target_stable=0/0 allow_descent=1
[GS-tgt] step=67 ee=(+0.033,+0.040,+0.150) p_repos=(+0.080,+0.000,+0.030) ee_to_target=0.135m target_label=prev_repos target_changed=N delta=0.000m
[GS] step=67 mode=free switch=kStayInRepos best_k=0 best_src=prev_repos curr_cost=133235.15 repos_cost=149993.77 best_other=149993.77 met_progress=N steps_since_improve=65 switches=0
[STEP] step=67 mode=free t=0.670s ee=(+0.033,+0.040,+0.150) obj=(+0.000,+0.000,+0.050) goal_dist=0.300m switch=kStayInRepos target=(+0.034,+0.036,+0.150) ee_stride=0.005m ee_to_ptarget=0.135m landing_err=0.1274m ik_ok=Y ik_resid=0.0007m q_max_resid_deg=2.62 target_changed=Y retgt=N held_idx=1 held_cost=149993.77 won_cost=149993.77 margin=+0.00 won_src=prev_repos held_valid=Y reason=hold setpoint_to_ptarget=nanm finished_val=nanm finished_thresh=0.0200m pd_resid=nanm nextwp_to_ptarget=nanm guide_terminal_err=nanm
[GATE-EVOLVE] step=67 curr=133235.15 best_other=149993.77 ratio=0.8883 ee_to_optimal=0.0584m phi=0.0251m
[STAGE-A-TRACE] step=67 sim_t=0.670 mode=free phi=0.02509 box_xy=+0.00000,+0.00000 lam_n_ee_box=nan qy=+0.00001 qz=-0.00000 finished_repos=0
[DRAKE-CONTACT] step=67 n_pairs=1 ee_box_normal=0.000
[GATE-CONTACT] step=67 F_W=(+0.0000,+0.0000,+0.0000) F_on_box=(-0.0000,-0.0000,-0.0000) n_face_out=(-0.0000,-0.0000,-0.0000) A_is_ee=0 box_q=(+1.00000,-0.00001,+0.00001,-0.00000) box_p=(+0.00000,+0.00000,+0.04999) ee_p=(+0.03280,+0.04037,+0.15008)
[LATERAL] perp=39.0mm scale=50.0mm strength=0.78 shift_mm=(+0.0,-30.5)
[ADMM-C3+] primal: 6.1274->4.9359  dual: 109.8105->80.3187  mono=False  iters=25/25  rho=25.0
[ADMM-C3+] WARNING non-converged: pr=4.9359 dr=80.3187 tol=1e-03
[C3+] step=201 |u[0]|=11.07N λ_n_max=1.058 η_n_max=1.279 primal=4.936 iters=25/25 lcp_res_max=nan
[ADMIT-GUARD] step=68 admit_active=0 latch=0/0 ee_z=0.150 gate_cap=0
[ALT-GATE] step=68 target_stable=0/0 allow_descent=1
[GS-tgt] step=68 ee=(+0.034,+0.039,+0.150) p_repos=(+0.080,+0.000,+0.030) ee_to_target=0.134m target_label=prev_repos target_changed=N delta=0.000m
[GS] step=68 mode=free switch=kStayInRepos best_k=0 best_src=prev_repos curr_cost=133221.17 repos_cost=149987.03 best_other=149987.03 met_progress=N steps_since_improve=66 switches=0
[STEP] step=68 mode=free t=0.680s ee=(+0.034,+0.039,+0.150) obj=(+0.000,+0.000,+0.050) goal_dist=0.300m switch=kStayInRepos target=(+0.035,+0.035,+0.150) ee_stride=0.005m ee_to_ptarget=0.134m landing_err=0.1261m ik_ok=Y ik_resid=0.0007m q_max_resid_deg=2.79 target_changed=Y retgt=N held_idx=1 held_cost=149987.03 won_cost=149987.03 margin=+0.00 won_src=prev_repos held_valid=Y reason=hold setpoint_to_ptarget=nanm finished_val=nanm finished_thresh=0.0200m pd_resid=nanm nextwp_to_ptarget=nanm guide_terminal_err=nanm
[GATE-EVOLVE] step=68 curr=133221.17 best_other=149987.03 ratio=0.8882 ee_to_optimal=0.0564m phi=0.0251m
[STAGE-A-TRACE] step=68 sim_t=0.680 mode=free phi=0.02508 box_xy=+0.00000,+0.00000 lam_n_ee_box=nan qy=+0.00001 qz=-0.00000 finished_repos=0
[DRAKE-CONTACT] step=68 n_pairs=1 ee_box_normal=0.000
[GATE-CONTACT] step=68 F_W=(+0.0000,+0.0000,+0.0000) F_on_box=(-0.0000,-0.0000,-0.0000) n_face_out=(-0.0000,-0.0000,-0.0000) A_is_ee=0 box_q=(+1.00000,-0.00001,+0.00001,-0.00000) box_p=(+0.00000,+0.00000,+0.04999) ee_p=(+0.03428,+0.03902,+0.15007)
[LATERAL] perp=37.6mm scale=50.0mm strength=0.75 shift_mm=(+0.0,-28.3)
[ADMM-C3+] primal: 6.1274->4.9359  dual: 109.8105->80.3187  mono=False  iters=25/25  rho=25.0
[ADMM-C3+] WARNING non-converged: pr=4.9359 dr=80.3187 tol=1e-03
[C3+] step=204 |u[0]|=10.89N λ_n_max=1.058 η_n_max=1.279 primal=4.936 iters=25/25 lcp_res_max=nan
[ADMIT-GUARD] step=69 admit_active=0 latch=0/0 ee_z=0.150 gate_cap=0
[ALT-GATE] step=69 target_stable=0/0 allow_descent=1
[GS-tgt] step=69 ee=(+0.036,+0.038,+0.150) p_repos=(+0.080,+0.000,+0.030) ee_to_target=0.133m target_label=prev_repos target_changed=N delta=0.000m
[GS] step=69 mode=free switch=kStayInRepos best_k=0 best_src=prev_repos curr_cost=133207.56 repos_cost=149980.75 best_other=149980.75 met_progress=N steps_since_improve=67 switches=0
[STEP] step=69 mode=free t=0.690s ee=(+0.036,+0.038,+0.150) obj=(+0.000,+0.000,+0.050) goal_dist=0.300m switch=kStayInRepos target=(+0.037,+0.033,+0.150) ee_stride=0.004m ee_to_ptarget=0.133m landing_err=0.1250m ik_ok=Y ik_resid=0.0008m q_max_resid_deg=2.93 target_changed=Y retgt=N held_idx=1 held_cost=149980.75 won_cost=149980.75 margin=+0.00 won_src=prev_repos held_valid=Y reason=hold setpoint_to_ptarget=nanm finished_val=nanm finished_thresh=0.0200m pd_resid=nanm nextwp_to_ptarget=nanm guide_terminal_err=nanm
[GATE-EVOLVE] step=69 curr=133207.56 best_other=149980.75 ratio=0.8882 ee_to_optimal=0.0543m phi=0.0251m
[STAGE-A-TRACE] step=69 sim_t=0.690 mode=free phi=0.02508 box_xy=+0.00000,+0.00000 lam_n_ee_box=nan qy=+0.00001 qz=-0.00000 finished_repos=0
[DRAKE-CONTACT] step=69 n_pairs=1 ee_box_normal=0.000
[GATE-CONTACT] step=69 F_W=(+0.0000,+0.0000,+0.0000) F_on_box=(-0.0000,-0.0000,-0.0000) n_face_out=(-0.0000,-0.0000,-0.0000) A_is_ee=0 box_q=(+1.00000,-0.00001,+0.00001,-0.00000) box_p=(+0.00000,+0.00000,+0.04999) ee_p=(+0.03577,+0.03760,+0.15007)
[LATERAL] perp=36.1mm scale=50.0mm strength=0.72 shift_mm=(+0.0,-26.1)
[ADMM-C3+] primal: 6.1274->4.9359  dual: 109.8105->80.3187  mono=False  iters=25/25  rho=25.0
[ADMM-C3+] WARNING non-converged: pr=4.9359 dr=80.3187 tol=1e-03
[C3+] step=207 |u[0]|=10.71N λ_n_max=1.058 η_n_max=1.279 primal=4.936 iters=25/25 lcp_res_max=nan
[ADMIT-GUARD] step=70 admit_active=0 latch=0/0 ee_z=0.150 gate_cap=0
[ALT-GATE] step=70 target_stable=0/0 allow_descent=1
[GS-tgt] step=70 ee=(+0.037,+0.036,+0.150) p_repos=(+0.080,+0.000,+0.030) ee_to_target=0.132m target_label=prev_repos target_changed=N delta=0.000m
[IMP] step=70 mode=free |x_err|=0.0038m |tau_imp|=0.61Nm |tau_ff|=0.00Nm |tau_out|=0.61Nm sat=False lam_n=False lam_t=False
[GS] step=70 mode=free switch=kStayInRepos best_k=0 best_src=prev_repos curr_cost=103194.89 repos_cost=149975.32 best_other=149975.32 met_progress=N steps_since_improve=68 switches=0
[STEP] step=70 mode=free t=0.700s ee=(+0.037,+0.036,+0.150) obj=(+0.000,+0.000,+0.050) goal_dist=0.300m switch=kStayInRepos target=(+0.038,+0.032,+0.150) ee_stride=0.004m ee_to_ptarget=0.132m landing_err=0.1240m ik_ok=Y ik_resid=0.0008m q_max_resid_deg=3.07 target_changed=Y retgt=N held_idx=1 held_cost=149975.32 won_cost=149975.32 margin=+0.00 won_src=prev_repos held_valid=Y reason=hold setpoint_to_ptarget=nanm finished_val=nanm finished_thresh=0.0200m pd_resid=nanm nextwp_to_ptarget=nanm guide_terminal_err=nanm
[GATE-EVOLVE] step=70 curr=103194.89 best_other=149975.32 ratio=0.6881 ee_to_optimal=0.0522m phi=0.0251m
[STAGE-A-TRACE] step=70 sim_t=0.700 mode=free phi=0.02510 box_xy=+0.00000,+0.00000 lam_n_ee_box=nan qy=+0.00001 qz=-0.00000 finished_repos=0
[DRAKE-CONTACT] step=70 n_pairs=1 ee_box_normal=0.000
[GATE-CONTACT] step=70 F_W=(+0.0000,+0.0000,+0.0000) F_on_box=(-0.0000,-0.0000,-0.0000) n_face_out=(-0.0000,-0.0000,-0.0000) A_is_ee=0 box_q=(+1.00000,-0.00001,+0.00001,-0.00000) box_p=(+0.00000,+0.00000,+0.04999) ee_p=(+0.03726,+0.03613,+0.15008)
[LATERAL] perp=34.6mm scale=50.0mm strength=0.69 shift_mm=(+0.0,-24.0)
[ADMM-C3+] primal: 6.1274->4.9359  dual: 109.8105->80.3187  mono=False  iters=25/25  rho=25.0
[ADMM-C3+] WARNING non-converged: pr=4.9359 dr=80.3187 tol=1e-03
[C3+] step=210 |u[0]|=10.54N λ_n_max=1.058 η_n_max=1.279 primal=4.936 iters=25/25 lcp_res_max=nan
[ADMIT-GUARD] step=71 admit_active=0 latch=0/0 ee_z=0.150 gate_cap=0
[ALT-GATE] step=71 target_stable=0/0 allow_descent=1
[GS-tgt] step=71 ee=(+0.039,+0.035,+0.150) p_repos=(+0.080,+0.000,+0.030) ee_to_target=0.132m target_label=prev_repos target_changed=N delta=0.000m
[GS] step=71 mode=free switch=kStayInRepos best_k=0 best_src=prev_repos curr_cost=103183.08 repos_cost=149970.93 best_other=149970.93 met_progress=N steps_since_improve=69 switches=0
[STEP] step=71 mode=free t=0.710s ee=(+0.039,+0.035,+0.150) obj=(+0.000,+0.000,+0.050) goal_dist=0.300m switch=kStayInRepos target=(+0.039,+0.031,+0.150) ee_stride=0.003m ee_to_ptarget=0.132m landing_err=0.1231m ik_ok=Y ik_resid=0.0008m q_max_resid_deg=3.21 target_changed=Y retgt=N held_idx=1 held_cost=149970.93 won_cost=149970.93 margin=+0.00 won_src=prev_repos held_valid=Y reason=hold setpoint_to_ptarget=nanm finished_val=nanm finished_thresh=0.0200m pd_resid=nanm nextwp_to_ptarget=nanm guide_terminal_err=nanm
[GATE-EVOLVE] step=71 curr=103183.08 best_other=149970.93 ratio=0.6880 ee_to_optimal=0.0501m phi=0.0251m
[STAGE-A-TRACE] step=71 sim_t=0.710 mode=free phi=0.02512 box_xy=+0.00000,+0.00000 lam_n_ee_box=nan qy=+0.00001 qz=-0.00000 finished_repos=0
[DRAKE-CONTACT] step=71 n_pairs=1 ee_box_normal=0.000
[GATE-CONTACT] step=71 F_W=(+0.0000,+0.0000,+0.0000) F_on_box=(-0.0000,-0.0000,-0.0000) n_face_out=(-0.0000,-0.0000,-0.0000) A_is_ee=0 box_q=(+1.00000,-0.00001,+0.00001,-0.00000) box_p=(+0.00000,+0.00000,+0.04999) ee_p=(+0.03875,+0.03464,+0.15011)
[LATERAL] perp=33.2mm scale=50.0mm strength=0.66 shift_mm=(+0.0,-22.0)
[ADMM-C3+] primal: 6.1274->4.9359  dual: 109.8105->80.3186  mono=False  iters=25/25  rho=25.0
[ADMM-C3+] WARNING non-converged: pr=4.9359 dr=80.3186 tol=1e-03
[C3+] step=213 |u[0]|=10.39N λ_n_max=1.058 η_n_max=1.279 primal=4.936 iters=25/25 lcp_res_max=nan
[ADMIT-GUARD] step=72 admit_active=0 latch=0/0 ee_z=0.150 gate_cap=0
[ALT-GATE] step=72 target_stable=0/0 allow_descent=1
[GS-tgt] step=72 ee=(+0.040,+0.033,+0.150) p_repos=(+0.080,+0.000,+0.030) ee_to_target=0.131m target_label=prev_repos target_changed=N delta=0.000m
[GS] step=72 mode=free switch=kStayInRepos best_k=0 best_src=prev_repos curr_cost=103172.39 repos_cost=149967.67 best_other=149967.67 met_progress=N steps_since_improve=70 switches=0
[STEP] step=72 mode=free t=0.720s ee=(+0.040,+0.033,+0.150) obj=(+0.000,+0.000,+0.050) goal_dist=0.300m switch=kStayInRepos target=(+0.041,+0.030,+0.150) ee_stride=0.003m ee_to_ptarget=0.131m landing_err=0.1224m ik_ok=Y ik_resid=0.0009m q_max_resid_deg=3.34 target_changed=Y retgt=N held_idx=1 held_cost=149967.67 won_cost=149967.67 margin=+0.00 won_src=prev_repos held_valid=Y reason=hold setpoint_to_ptarget=nanm finished_val=nanm finished_thresh=0.0200m pd_resid=nanm nextwp_to_ptarget=nanm guide_terminal_err=nanm
[GATE-EVOLVE] step=72 curr=103172.39 best_other=149967.67 ratio=0.6880 ee_to_optimal=0.0480m phi=0.0252m
[STAGE-A-TRACE] step=72 sim_t=0.720 mode=free phi=0.02516 box_xy=+0.00000,+0.00000 lam_n_ee_box=nan qy=+0.00001 qz=+0.00000 finished_repos=0
[DRAKE-CONTACT] step=72 n_pairs=1 ee_box_normal=0.000
[GATE-CONTACT] step=72 F_W=(+0.0000,+0.0000,+0.0000) F_on_box=(-0.0000,-0.0000,-0.0000) n_face_out=(-0.0000,-0.0000,-0.0000) A_is_ee=0 box_q=(+1.00000,-0.00001,+0.00001,+0.00000) box_p=(+0.00000,+0.00000,+0.04999) ee_p=(+0.04024,+0.03316,+0.15014)
[LATERAL] perp=31.7mm scale=50.0mm strength=0.63 shift_mm=(+0.0,-20.1)
[ADMM-C3+] primal: 6.1274->4.9359  dual: 109.8105->80.3186  mono=False  iters=25/25  rho=25.0
[ADMM-C3+] WARNING non-converged: pr=4.9359 dr=80.3186 tol=1e-03
[C3+] step=216 |u[0]|=10.26N λ_n_max=1.058 η_n_max=1.279 primal=4.936 iters=25/25 lcp_res_max=nan
[ADMIT-GUARD] step=73 admit_active=0 latch=0/0 ee_z=0.150 gate_cap=0
[ALT-GATE] step=73 target_stable=0/0 allow_descent=1
[GS-tgt] step=73 ee=(+0.042,+0.032,+0.150) p_repos=(+0.080,+0.000,+0.030) ee_to_target=0.130m target_label=prev_repos target_changed=N delta=0.000m
[GS] step=73 mode=free switch=kStayInRepos best_k=0 best_src=prev_repos curr_cost=103162.83 repos_cost=149965.58 best_other=149965.58 met_progress=N steps_since_improve=71 switches=0
[STEP] step=73 mode=free t=0.730s ee=(+0.042,+0.032,+0.150) obj=(+0.000,+0.000,+0.050) goal_dist=0.300m switch=kStayInRepos target=(+0.042,+0.029,+0.150) ee_stride=0.003m ee_to_ptarget=0.130m landing_err=0.1217m ik_ok=Y ik_resid=0.0009m q_max_resid_deg=3.47 target_changed=Y retgt=N held_idx=1 held_cost=149965.58 won_cost=149965.58 margin=+0.00 won_src=prev_repos held_valid=Y reason=hold setpoint_to_ptarget=nanm finished_val=nanm finished_thresh=0.0200m pd_resid=nanm nextwp_to_ptarget=nanm guide_terminal_err=nanm
[GATE-EVOLVE] step=73 curr=103162.83 best_other=149965.58 ratio=0.6879 ee_to_optimal=0.0459m phi=0.0252m
[STAGE-A-TRACE] step=73 sim_t=0.730 mode=free phi=0.02519 box_xy=+0.00000,+0.00000 lam_n_ee_box=nan qy=+0.00001 qz=+0.00000 finished_repos=0
[DRAKE-CONTACT] step=73 n_pairs=1 ee_box_normal=0.000
[GATE-CONTACT] step=73 F_W=(+0.0000,+0.0000,+0.0000) F_on_box=(-0.0000,-0.0000,-0.0000) n_face_out=(-0.0000,-0.0000,-0.0000) A_is_ee=0 box_q=(+1.00000,-0.00001,+0.00001,+0.00000) box_p=(+0.00000,+0.00000,+0.04999) ee_p=(+0.04173,+0.03169,+0.15018)
[LATERAL] perp=30.2mm scale=50.0mm strength=0.60 shift_mm=(+0.0,-18.3)
[ADMM-C3+] primal: 6.1274->4.9359  dual: 109.8105->80.3186  mono=False  iters=25/25  rho=25.0
[ADMM-C3+] WARNING non-converged: pr=4.9359 dr=80.3186 tol=1e-03
[C3+] step=219 |u[0]|=10.13N λ_n_max=1.058 η_n_max=1.279 primal=4.936 iters=25/25 lcp_res_max=nan
[ADMIT-GUARD] step=74 admit_active=0 latch=0/0 ee_z=0.150 gate_cap=0
[ALT-GATE] step=74 target_stable=0/0 allow_descent=1
[GS-tgt] step=74 ee=(+0.043,+0.030,+0.150) p_repos=(+0.080,+0.000,+0.030) ee_to_target=0.129m target_label=prev_repos target_changed=N delta=0.000m
[GS] step=74 mode=free switch=kStayInRepos best_k=0 best_src=prev_repos curr_cost=103154.37 repos_cost=149964.62 best_other=149964.62 met_progress=N steps_since_improve=72 switches=0
[STEP] step=74 mode=free t=0.740s ee=(+0.043,+0.030,+0.150) obj=(+0.000,+0.000,+0.050) goal_dist=0.300m switch=kStayInRepos target=(+0.044,+0.028,+0.150) ee_stride=0.002m ee_to_ptarget=0.129m landing_err=0.1212m ik_ok=Y ik_resid=0.0009m q_max_resid_deg=3.60 target_changed=Y retgt=N held_idx=1 held_cost=149964.62 won_cost=149964.62 margin=+0.00 won_src=prev_repos held_valid=Y reason=hold setpoint_to_ptarget=nanm finished_val=nanm finished_thresh=0.0200m pd_resid=nanm nextwp_to_ptarget=nanm guide_terminal_err=nanm
[GATE-EVOLVE] step=74 curr=103154.37 best_other=149964.62 ratio=0.6879 ee_to_optimal=0.0439m phi=0.0252m
[STAGE-A-TRACE] step=74 sim_t=0.740 mode=free phi=0.02523 box_xy=+0.00000,+0.00000 lam_n_ee_box=nan qy=+0.00001 qz=+0.00000 finished_repos=0
[DRAKE-CONTACT] step=74 n_pairs=1 ee_box_normal=0.000
[GATE-CONTACT] step=74 F_W=(+0.0000,+0.0000,+0.0000) F_on_box=(-0.0000,-0.0000,-0.0000) n_face_out=(-0.0000,-0.0000,-0.0000) A_is_ee=0 box_q=(+1.00000,-0.00001,+0.00001,+0.00000) box_p=(+0.00000,+0.00000,+0.04999) ee_p=(+0.04322,+0.03024,+0.15022)
[LATERAL] perp=28.8mm scale=50.0mm strength=0.58 shift_mm=(+0.0,-16.6)
[ADMM-C3+] primal: 6.1274->4.9359  dual: 109.8105->80.3186  mono=False  iters=25/25  rho=25.0
[ADMM-C3+] WARNING non-converged: pr=4.9359 dr=80.3186 tol=1e-03
[C3+] step=222 |u[0]|=10.02N λ_n_max=1.058 η_n_max=1.279 primal=4.936 iters=25/25 lcp_res_max=nan
[ADMIT-GUARD] step=75 admit_active=0 latch=0/0 ee_z=0.150 gate_cap=0
[ALT-GATE] step=75 target_stable=0/0 allow_descent=1
[GS-tgt] step=75 ee=(+0.045,+0.029,+0.150) p_repos=(+0.080,+0.000,+0.030) ee_to_target=0.129m target_label=prev_repos target_changed=N delta=0.000m
[GS] step=75 mode=free switch=kStayInRepos best_k=0 best_src=prev_repos curr_cost=103146.94 repos_cost=149964.75 best_other=149964.75 met_progress=N steps_since_improve=73 switches=0
[STEP] step=75 mode=free t=0.750s ee=(+0.045,+0.029,+0.150) obj=(+0.000,+0.000,+0.050) goal_dist=0.300m switch=kStayInRepos target=(+0.045,+0.027,+0.150) ee_stride=0.002m ee_to_ptarget=0.129m landing_err=0.1209m ik_ok=Y ik_resid=0.0010m q_max_resid_deg=3.74 target_changed=Y retgt=N held_idx=1 held_cost=149964.75 won_cost=149964.75 margin=+0.00 won_src=prev_repos held_valid=Y reason=hold setpoint_to_ptarget=nanm finished_val=nanm finished_thresh=0.0200m pd_resid=nanm nextwp_to_ptarget=nanm guide_terminal_err=nanm
[GATE-EVOLVE] step=75 curr=103146.94 best_other=149964.75 ratio=0.6878 ee_to_optimal=0.0418m phi=0.0253m
[STAGE-A-TRACE] step=75 sim_t=0.750 mode=free phi=0.02527 box_xy=+0.00000,+0.00000 lam_n_ee_box=nan qy=+0.00001 qz=+0.00000 finished_repos=0
[DRAKE-CONTACT] step=75 n_pairs=1 ee_box_normal=0.000
[GATE-CONTACT] step=75 F_W=(+0.0000,+0.0000,+0.0000) F_on_box=(-0.0000,-0.0000,-0.0000) n_face_out=(-0.0000,-0.0000,-0.0000) A_is_ee=0 box_q=(+1.00000,-0.00001,+0.00001,+0.00000) box_p=(+0.00000,+0.00000,+0.04999) ee_p=(+0.04469,+0.02882,+0.15026)
[LATERAL] perp=27.4mm scale=50.0mm strength=0.55 shift_mm=(+0.0,-15.0)
[ADMM-C3+] primal: 6.1274->4.9359  dual: 109.8105->80.3186  mono=False  iters=25/25  rho=25.0
[ADMM-C3+] WARNING non-converged: pr=4.9359 dr=80.3186 tol=1e-03
[C3+] step=225 |u[0]|=9.93N λ_n_max=1.058 η_n_max=1.279 primal=4.936 iters=25/25 lcp_res_max=nan
[ADMIT-GUARD] step=76 admit_active=0 latch=0/0 ee_z=0.150 gate_cap=0
[ALT-GATE] step=76 target_stable=0/0 allow_descent=1
[GS-tgt] step=76 ee=(+0.046,+0.027,+0.150) p_repos=(+0.080,+0.000,+0.030) ee_to_target=0.128m target_label=prev_repos target_changed=N delta=0.000m
[GS] step=76 mode=free switch=kStayInRepos best_k=0 best_src=prev_repos curr_cost=103140.47 repos_cost=149965.91 best_other=149965.91 met_progress=N steps_since_improve=74 switches=0
[STEP] step=76 mode=free t=0.760s ee=(+0.046,+0.027,+0.150) obj=(+0.000,+0.000,+0.050) goal_dist=0.300m switch=kStayInRepos target=(+0.046,+0.026,+0.150) ee_stride=0.002m ee_to_ptarget=0.128m landing_err=0.1206m ik_ok=Y ik_resid=0.0000m q_max_resid_deg=3.89 target_changed=Y retgt=N held_idx=1 held_cost=149965.91 won_cost=149965.91 margin=+0.00 won_src=prev_repos held_valid=Y reason=hold setpoint_to_ptarget=nanm finished_val=nanm finished_thresh=0.0200m pd_resid=nanm nextwp_to_ptarget=nanm guide_terminal_err=nanm
[GATE-EVOLVE] step=76 curr=103140.47 best_other=149965.91 ratio=0.6878 ee_to_optimal=0.0398m phi=0.0253m
[STAGE-A-TRACE] step=76 sim_t=0.760 mode=free phi=0.02530 box_xy=+0.00000,+0.00000 lam_n_ee_box=nan qy=+0.00001 qz=+0.00000 finished_repos=0
[DRAKE-CONTACT] step=76 n_pairs=1 ee_box_normal=0.000
[GATE-CONTACT] step=76 F_W=(+0.0000,+0.0000,+0.0000) F_on_box=(-0.0000,-0.0000,-0.0000) n_face_out=(-0.0000,-0.0000,-0.0000) A_is_ee=0 box_q=(+1.00000,-0.00001,+0.00001,+0.00000) box_p=(+0.00000,+0.00000,+0.04999) ee_p=(+0.04617,+0.02743,+0.15029)
[LATERAL] perp=26.1mm scale=50.0mm strength=0.52 shift_mm=(+0.0,-13.6)
[ADMM-C3+] primal: 6.1274->4.9359  dual: 109.8105->80.3186  mono=False  iters=25/25  rho=25.0
[ADMM-C3+] WARNING non-converged: pr=4.9359 dr=80.3186 tol=1e-03
[C3+] step=228 |u[0]|=9.84N λ_n_max=1.058 η_n_max=1.279 primal=4.936 iters=25/25 lcp_res_max=nan
[ADMIT-GUARD] step=77 admit_active=0 latch=0/0 ee_z=0.150 gate_cap=0
[ALT-GATE] step=77 target_stable=0/0 allow_descent=1
[GS-tgt] step=77 ee=(+0.048,+0.026,+0.150) p_repos=(+0.080,+0.000,+0.030) ee_to_target=0.127m target_label=prev_repos target_changed=N delta=0.000m
[GS] step=77 mode=free switch=kStayInRepos best_k=0 best_src=prev_repos curr_cost=103134.86 repos_cost=149968.04 best_other=149968.04 met_progress=N steps_since_improve=75 switches=0
[STEP] step=77 mode=free t=0.770s ee=(+0.048,+0.026,+0.150) obj=(+0.000,+0.000,+0.050) goal_dist=0.300m switch=kStayInRepos target=(+0.048,+0.025,+0.150) ee_stride=0.001m ee_to_ptarget=0.127m landing_err=0.1205m ik_ok=Y ik_resid=0.0000m q_max_resid_deg=4.02 target_changed=Y retgt=N held_idx=1 held_cost=149968.04 won_cost=149968.04 margin=+0.00 won_src=prev_repos held_valid=Y reason=hold setpoint_to_ptarget=nanm finished_val=nanm finished_thresh=0.0200m pd_resid=nanm nextwp_to_ptarget=nanm guide_terminal_err=nanm
[GATE-EVOLVE] step=77 curr=103134.86 best_other=149968.04 ratio=0.6877 ee_to_optimal=0.0378m phi=0.0253m
[STAGE-A-TRACE] step=77 sim_t=0.770 mode=free phi=0.02534 box_xy=+0.00000,+0.00000 lam_n_ee_box=nan qy=+0.00001 qz=+0.00000 finished_repos=0
[DRAKE-CONTACT] step=77 n_pairs=1 ee_box_normal=0.000
[GATE-CONTACT] step=77 F_W=(+0.0000,+0.0000,+0.0000) F_on_box=(-0.0000,-0.0000,-0.0000) n_face_out=(-0.0000,-0.0000,-0.0000) A_is_ee=0 box_q=(+1.00000,-0.00001,+0.00001,+0.00000) box_p=(+0.00000,+0.00000,+0.04999) ee_p=(+0.04764,+0.02607,+0.15033)
[LATERAL] perp=24.7mm scale=50.0mm strength=0.49 shift_mm=(+0.0,-12.2)
[ADMM-C3+] primal: 6.1274->4.9359  dual: 109.8105->80.3186  mono=False  iters=25/25  rho=25.0
[ADMM-C3+] WARNING non-converged: pr=4.9359 dr=80.3186 tol=1e-03
[C3+] step=231 |u[0]|=9.77N λ_n_max=1.058 η_n_max=1.279 primal=4.936 iters=25/25 lcp_res_max=nan
[ADMIT-GUARD] step=78 admit_active=0 latch=0/0 ee_z=0.150 gate_cap=0
[ALT-GATE] step=78 target_stable=0/0 allow_descent=1
[GS-tgt] step=78 ee=(+0.049,+0.025,+0.150) p_repos=(+0.080,+0.000,+0.030) ee_to_target=0.127m target_label=prev_repos target_changed=N delta=0.000m
[GS] step=78 mode=free switch=kStayInRepos best_k=0 best_src=prev_repos curr_cost=103130.05 repos_cost=149971.09 best_other=149971.09 met_progress=N steps_since_improve=76 switches=0
[STEP] step=78 mode=free t=0.780s ee=(+0.049,+0.025,+0.150) obj=(+0.000,+0.000,+0.050) goal_dist=0.300m switch=kStayInRepos target=(+0.049,+0.024,+0.150) ee_stride=0.001m ee_to_ptarget=0.127m landing_err=0.1165m ik_ok=Y ik_resid=0.0009m q_max_resid_deg=3.70 target_changed=Y retgt=N held_idx=1 held_cost=149971.09 won_cost=149971.09 margin=+0.00 won_src=prev_repos held_valid=Y reason=hold setpoint_to_ptarget=nanm finished_val=nanm finished_thresh=0.0200m pd_resid=nanm nextwp_to_ptarget=nanm guide_terminal_err=nanm
[GATE-EVOLVE] step=78 curr=103130.05 best_other=149971.09 ratio=0.6877 ee_to_optimal=0.0358m phi=0.0254m
[STAGE-A-TRACE] step=78 sim_t=0.780 mode=free phi=0.02536 box_xy=+0.00000,+0.00000 lam_n_ee_box=nan qy=+0.00001 qz=+0.00000 finished_repos=0
[DRAKE-CONTACT] step=78 n_pairs=1 ee_box_normal=0.000
[GATE-CONTACT] step=78 F_W=(+0.0000,+0.0000,+0.0000) F_on_box=(-0.0000,-0.0000,-0.0000) n_face_out=(-0.0000,-0.0000,-0.0000) A_is_ee=0 box_q=(+1.00000,-0.00001,+0.00001,+0.00000) box_p=(+0.00000,+0.00000,+0.04999) ee_p=(+0.04910,+0.02474,+0.15035)
[LATERAL] perp=23.4mm scale=50.0mm strength=0.47 shift_mm=(+0.0,-11.0)
[ADMM-C3+] primal: 6.1274->4.9359  dual: 109.8105->80.3186  mono=False  iters=25/25  rho=25.0
[ADMM-C3+] WARNING non-converged: pr=4.9359 dr=80.3186 tol=1e-03
[C3+] step=234 |u[0]|=9.71N λ_n_max=1.058 η_n_max=1.279 primal=4.936 iters=25/25 lcp_res_max=nan
[ADMIT-GUARD] step=79 admit_active=0 latch=0/0 ee_z=0.150 gate_cap=0
[ALT-GATE] step=79 target_stable=0/0 allow_descent=1
[GS-tgt] step=79 ee=(+0.051,+0.023,+0.150) p_repos=(+0.080,+0.000,+0.030) ee_to_target=0.126m target_label=prev_repos target_changed=N delta=0.000m
[GS] step=79 mode=free switch=kStayInRepos best_k=0 best_src=prev_repos curr_cost=103125.94 repos_cost=149975.01 best_other=149975.01 met_progress=N steps_since_improve=77 switches=0
[STEP] step=79 mode=free t=0.790s ee=(+0.051,+0.023,+0.150) obj=(+0.000,+0.000,+0.050) goal_dist=0.300m switch=kStayInRepos target=(+0.051,+0.022,+0.150) ee_stride=0.001m ee_to_ptarget=0.126m landing_err=0.1125m ik_ok=Y ik_resid=0.0007m q_max_resid_deg=3.27 target_changed=Y retgt=N held_idx=1 held_cost=149975.01 won_cost=149975.01 margin=+0.00 won_src=prev_repos held_valid=Y reason=hold setpoint_to_ptarget=nanm finished_val=nanm finished_thresh=0.0200m pd_resid=nanm nextwp_to_ptarget=nanm guide_terminal_err=nanm
[GATE-EVOLVE] step=79 curr=103125.94 best_other=149975.01 ratio=0.6876 ee_to_optimal=0.0339m phi=0.0254m
[STAGE-A-TRACE] step=79 sim_t=0.790 mode=free phi=0.02539 box_xy=+0.00000,+0.00000 lam_n_ee_box=nan qy=+0.00001 qz=+0.00000 finished_repos=0
[DRAKE-CONTACT] step=79 n_pairs=1 ee_box_normal=0.000
[GATE-CONTACT] step=79 F_W=(+0.0000,+0.0000,+0.0000) F_on_box=(-0.0000,-0.0000,-0.0000) n_face_out=(-0.0000,-0.0000,-0.0000) A_is_ee=0 box_q=(+1.00000,-0.00001,+0.00001,+0.00000) box_p=(+0.00000,+0.00000,+0.04999) ee_p=(+0.05056,+0.02344,+0.15038)
[LATERAL] perp=22.2mm scale=50.0mm strength=0.44 shift_mm=(+0.0,-9.8)
[ADMM-C3+] primal: 6.1274->4.9359  dual: 109.8105->80.3186  mono=False  iters=25/25  rho=25.0
[ADMM-C3+] WARNING non-converged: pr=4.9359 dr=80.3186 tol=1e-03
[C3+] step=237 |u[0]|=9.65N λ_n_max=1.058 η_n_max=1.279 primal=4.936 iters=25/25 lcp_res_max=nan
[ADMIT-GUARD] step=80 admit_active=0 latch=0/0 ee_z=0.150 gate_cap=0
[ALT-GATE] step=80 target_stable=0/0 allow_descent=1
[GS-tgt] step=80 ee=(+0.052,+0.022,+0.150) p_repos=(+0.080,+0.000,+0.030) ee_to_target=0.126m target_label=prev_repos target_changed=N delta=0.000m
[IMP] step=80 mode=free |x_err|=0.0008m |tau_imp|=1.51Nm |tau_ff|=0.00Nm |tau_out|=1.51Nm sat=False lam_n=False lam_t=False
[GS] step=80 mode=free switch=kStayInRepos best_k=0 best_src=prev_repos curr_cost=103122.48 repos_cost=149979.74 best_other=149979.74 met_progress=N steps_since_improve=78 switches=0
[STEP] step=80 mode=free t=0.800s ee=(+0.052,+0.022,+0.150) obj=(+0.000,+0.000,+0.050) goal_dist=0.300m switch=kStayInRepos target=(+0.052,+0.021,+0.150) ee_stride=0.001m ee_to_ptarget=0.126m landing_err=0.1085m ik_ok=Y ik_resid=0.0007m q_max_resid_deg=2.84 target_changed=Y retgt=N held_idx=1 held_cost=149979.74 won_cost=149979.74 margin=+0.00 won_src=prev_repos held_valid=Y reason=hold setpoint_to_ptarget=nanm finished_val=nanm finished_thresh=0.0200m pd_resid=nanm nextwp_to_ptarget=nanm guide_terminal_err=nanm
[GATE-EVOLVE] step=80 curr=103122.48 best_other=149979.74 ratio=0.6876 ee_to_optimal=0.0319m phi=0.0254m
[STAGE-A-TRACE] step=80 sim_t=0.800 mode=free phi=0.02545 box_xy=+0.00000,+0.00000 lam_n_ee_box=nan qy=+0.00001 qz=+0.00000 finished_repos=0
[GS-table] step=80
  k=0 (current   ) pos=(+0.052,+0.022,+0.150) c_C3= 133122.48 align=1.0000(bonus=30000.00) rot=+0.0000(bonus=    0.00) travel=0.000m(pen=  0.00) c_sample= 103122.48 feas=Y ik_err=0.0000m  ← WIN
  k=1 (prev_repos) pos=(+0.080,+0.000,+0.030) c_C3= 179954.62 align=1.0000(bonus=30000.00) rot=+0.0000(bonus=    0.00) travel=0.126m(pen= 25.12) c_sample= 149979.74 feas=Y ik_err=0.0000m
  k=2 (strat_0   ) pos=(+0.080,+0.000,+0.030) c_C3= 179954.62 align=1.0000(bonus=30000.00) rot=+0.0000(bonus=    0.00) travel=0.126m(pen= 25.12) c_sample= 149979.74 feas=Y ik_err=0.0000m
[DRAKE-CONTACT] step=80 n_pairs=1 ee_box_normal=0.000
[GATE-CONTACT] step=80 F_W=(+0.0000,+0.0000,+0.0000) F_on_box=(-0.0000,-0.0000,-0.0000) n_face_out=(-0.0000,-0.0000,-0.0000) A_is_ee=0 box_q=(+1.00000,-0.00001,+0.00001,+0.00000) box_p=(+0.00000,+0.00000,+0.04999) ee_p=(+0.05201,+0.02216,+0.15040)
[LATERAL] perp=20.9mm scale=50.0mm strength=0.42 shift_mm=(+0.0,-8.7)
[ADMM-C3+] primal: 6.1274->4.9359  dual: 109.8105->80.3186  mono=False  iters=25/25  rho=25.0
[ADMM-C3+] WARNING non-converged: pr=4.9359 dr=80.3186 tol=1e-03
[C3+] step=240 |u[0]|=9.61N λ_n_max=1.058 η_n_max=1.279 primal=4.936 iters=25/25 lcp_res_max=nan
[ADMIT-GUARD] step=81 admit_active=0 latch=0/0 ee_z=0.150 gate_cap=0
[ALT-GATE] step=81 target_stable=0/0 allow_descent=1
[GS-tgt] step=81 ee=(+0.053,+0.021,+0.150) p_repos=(+0.080,+0.000,+0.030) ee_to_target=0.125m target_label=prev_repos target_changed=N delta=0.000m
[GS] step=81 mode=free switch=kStayInRepos best_k=0 best_src=prev_repos curr_cost=103119.59 repos_cost=149985.24 best_other=149985.24 met_progress=N steps_since_improve=79 switches=0
[STEP] step=81 mode=free t=0.810s ee=(+0.053,+0.021,+0.150) obj=(+0.000,+0.000,+0.050) goal_dist=0.300m switch=kStayInRepos target=(+0.054,+0.020,+0.150) ee_stride=0.001m ee_to_ptarget=0.125m landing_err=0.1045m ik_ok=Y ik_resid=0.0008m q_max_resid_deg=2.42 target_changed=Y retgt=N held_idx=1 held_cost=149985.24 won_cost=149985.24 margin=+0.00 won_src=prev_repos held_valid=Y reason=hold setpoint_to_ptarget=nanm finished_val=nanm finished_thresh=0.0200m pd_resid=nanm nextwp_to_ptarget=nanm guide_terminal_err=nanm
[GATE-EVOLVE] step=81 curr=103119.59 best_other=149985.24 ratio=0.6875 ee_to_optimal=0.0300m phi=0.0255m
[STAGE-A-TRACE] step=81 sim_t=0.810 mode=free phi=0.02554 box_xy=+0.00000,+0.00000 lam_n_ee_box=nan qy=+0.00001 qz=+0.00000 finished_repos=0
[DRAKE-CONTACT] step=81 n_pairs=1 ee_box_normal=0.000
[GATE-CONTACT] step=81 F_W=(+0.0000,+0.0000,+0.0000) F_on_box=(-0.0000,-0.0000,-0.0000) n_face_out=(-0.0000,-0.0000,-0.0000) A_is_ee=0 box_q=(+1.00000,-0.00001,+0.00001,+0.00000) box_p=(+0.00000,+0.00000,+0.04999) ee_p=(+0.05346,+0.02090,+0.15041)
[LATERAL] perp=19.7mm scale=50.0mm strength=0.39 shift_mm=(+0.0,-7.7)
[ADMM-C3+] primal: 6.1274->4.9359  dual: 109.8105->80.3186  mono=False  iters=25/25  rho=25.0
[ADMM-C3+] WARNING non-converged: pr=4.9359 dr=80.3186 tol=1e-03
[C3+] step=243 |u[0]|=9.57N λ_n_max=1.058 η_n_max=1.279 primal=4.936 iters=25/25 lcp_res_max=nan
[ADMIT-GUARD] step=82 admit_active=0 latch=0/0 ee_z=0.150 gate_cap=0
[ALT-GATE] step=82 target_stable=0/0 allow_descent=1
[GS-tgt] step=82 ee=(+0.055,+0.020,+0.150) p_repos=(+0.080,+0.000,+0.030) ee_to_target=0.125m target_label=prev_repos target_changed=N delta=0.000m
[GS] step=82 mode=free switch=kStayInRepos best_k=0 best_src=prev_repos curr_cost=103117.22 repos_cost=149991.49 best_other=149991.49 met_progress=N steps_since_improve=80 switches=0
[STEP] step=82 mode=free t=0.820s ee=(+0.055,+0.020,+0.150) obj=(+0.000,+0.000,+0.050) goal_dist=0.300m switch=kStayInRepos target=(+0.055,+0.019,+0.150) ee_stride=0.001m ee_to_ptarget=0.125m landing_err=0.1005m ik_ok=Y ik_resid=0.0010m q_max_resid_deg=2.01 target_changed=Y retgt=N held_idx=1 held_cost=149991.49 won_cost=149991.49 margin=+0.00 won_src=prev_repos held_valid=Y reason=hold setpoint_to_ptarget=nanm finished_val=nanm finished_thresh=0.0200m pd_resid=nanm nextwp_to_ptarget=nanm guide_terminal_err=nanm
[GATE-EVOLVE] step=82 curr=103117.22 best_other=149991.49 ratio=0.6875 ee_to_optimal=0.0281m phi=0.0257m
[STAGE-A-TRACE] step=82 sim_t=0.820 mode=free phi=0.02567 box_xy=+0.00000,+0.00000 lam_n_ee_box=nan qy=+0.00001 qz=+0.00000 finished_repos=0
[DRAKE-CONTACT] step=82 n_pairs=1 ee_box_normal=0.000
[GATE-CONTACT] step=82 F_W=(+0.0000,+0.0000,+0.0000) F_on_box=(-0.0000,-0.0000,-0.0000) n_face_out=(-0.0000,-0.0000,-0.0000) A_is_ee=0 box_q=(+1.00000,-0.00001,+0.00001,+0.00000) box_p=(+0.00000,+0.00000,+0.04999) ee_p=(+0.05491,+0.01967,+0.15043)
[LATERAL] perp=18.5mm scale=50.0mm strength=0.37 shift_mm=(+0.0,-6.8)
[ADMM-C3+] primal: 6.1274->4.9359  dual: 109.8105->80.3186  mono=False  iters=25/25  rho=25.0
[ADMM-C3+] WARNING non-converged: pr=4.9359 dr=80.3186 tol=1e-03
[C3+] step=246 |u[0]|=9.54N λ_n_max=1.058 η_n_max=1.279 primal=4.936 iters=25/25 lcp_res_max=nan
[ADMIT-GUARD] step=83 admit_active=0 latch=0/0 ee_z=0.150 gate_cap=0
[ALT-GATE] step=83 target_stable=0/0 allow_descent=1
[GS-tgt] step=83 ee=(+0.056,+0.018,+0.150) p_repos=(+0.080,+0.000,+0.030) ee_to_target=0.124m target_label=prev_repos target_changed=N delta=0.000m
[GS] step=83 mode=free switch=kStayInRepos best_k=0 best_src=prev_repos curr_cost=103115.32 repos_cost=149998.45 best_other=149998.45 met_progress=N steps_since_improve=81 switches=0
[STEP] step=83 mode=free t=0.830s ee=(+0.056,+0.018,+0.150) obj=(+0.000,+0.000,+0.050) goal_dist=0.300m switch=kStayInRepos target=(+0.056,+0.018,+0.150) ee_stride=0.000m ee_to_ptarget=0.124m landing_err=0.0965m ik_ok=Y ik_resid=0.0000m q_max_resid_deg=1.90 target_changed=Y retgt=N held_idx=1 held_cost=149998.45 won_cost=149998.45 margin=+0.00 won_src=prev_repos held_valid=Y reason=hold setpoint_to_ptarget=nanm finished_val=nanm finished_thresh=0.0200m pd_resid=nanm nextwp_to_ptarget=nanm guide_terminal_err=nanm
[GATE-EVOLVE] step=83 curr=103115.32 best_other=149998.45 ratio=0.6874 ee_to_optimal=0.0262m phi=0.0258m
[STAGE-A-TRACE] step=83 sim_t=0.830 mode=free phi=0.02584 box_xy=+0.00000,+0.00000 lam_n_ee_box=nan qy=+0.00001 qz=+0.00000 finished_repos=0
[DRAKE-CONTACT] step=83 n_pairs=1 ee_box_normal=0.000
[GATE-CONTACT] step=83 F_W=(+0.0000,+0.0000,+0.0000) F_on_box=(-0.0000,-0.0000,-0.0000) n_face_out=(-0.0000,-0.0000,-0.0000) A_is_ee=0 box_q=(+1.00000,-0.00001,+0.00001,+0.00000) box_p=(+0.00000,+0.00000,+0.04999) ee_p=(+0.05635,+0.01845,+0.15043)
[LATERAL] perp=17.3mm scale=50.0mm strength=0.35 shift_mm=(+0.0,-6.0)
[ADMM-C3+] primal: 6.1274->4.9359  dual: 109.8105->80.3186  mono=False  iters=25/25  rho=25.0
[ADMM-C3+] WARNING non-converged: pr=4.9359 dr=80.3186 tol=1e-03
[C3+] step=249 |u[0]|=9.52N λ_n_max=1.058 η_n_max=1.279 primal=4.936 iters=25/25 lcp_res_max=nan
[ADMIT-GUARD] step=84 admit_active=0 latch=0/0 ee_z=0.150 gate_cap=0
[ALT-GATE] step=84 target_stable=0/0 allow_descent=1
[GS-tgt] step=84 ee=(+0.058,+0.017,+0.150) p_repos=(+0.080,+0.000,+0.030) ee_to_target=0.124m target_label=prev_repos target_changed=N delta=0.000m
[GS] step=84 mode=free switch=kStayInRepos best_k=0 best_src=prev_repos curr_cost=103113.84 repos_cost=150006.09 best_other=150006.09 met_progress=N steps_since_improve=82 switches=0
[STEP] step=84 mode=free t=0.840s ee=(+0.058,+0.017,+0.150) obj=(+0.000,+0.000,+0.050) goal_dist=0.300m switch=kStayInRepos target=(+0.058,+0.017,+0.150) ee_stride=0.000m ee_to_ptarget=0.124m landing_err=0.0925m ik_ok=Y ik_resid=0.0001m q_max_resid_deg=2.08 target_changed=Y retgt=N held_idx=1 held_cost=150006.09 won_cost=150006.09 margin=+0.00 won_src=prev_repos held_valid=Y reason=hold setpoint_to_ptarget=nanm finished_val=nanm finished_thresh=0.0200m pd_resid=nanm nextwp_to_ptarget=nanm guide_terminal_err=nanm
[GATE-EVOLVE] step=84 curr=103113.84 best_other=150006.09 ratio=0.6874 ee_to_optimal=0.0244m phi=0.0260m
[STAGE-A-TRACE] step=84 sim_t=0.840 mode=free phi=0.02605 box_xy=+0.00000,+0.00000 lam_n_ee_box=nan qy=+0.00001 qz=+0.00000 finished_repos=0
[DRAKE-CONTACT] step=84 n_pairs=1 ee_box_normal=0.000
[GATE-CONTACT] step=84 F_W=(+0.0000,+0.0000,+0.0000) F_on_box=(-0.0000,-0.0000,-0.0000) n_face_out=(-0.0000,-0.0000,-0.0000) A_is_ee=0 box_q=(+1.00000,-0.00001,+0.00001,+0.00000) box_p=(+0.00000,+0.00000,+0.04999) ee_p=(+0.05779,+0.01726,+0.15044)
[LATERAL] perp=16.1mm scale=50.0mm strength=0.32 shift_mm=(+0.0,-5.2)
[ADMM-C3+] primal: 6.1274->4.9359  dual: 109.8105->80.3186  mono=False  iters=25/25  rho=25.0
[ADMM-C3+] WARNING non-converged: pr=4.9359 dr=80.3186 tol=1e-03
[C3+] step=252 |u[0]|=9.50N λ_n_max=1.058 η_n_max=1.279 primal=4.936 iters=25/25 lcp_res_max=nan
[ADMIT-GUARD] step=85 admit_active=0 latch=0/0 ee_z=0.150 gate_cap=0
[ALT-GATE] step=85 target_stable=0/0 allow_descent=1
[GS-tgt] step=85 ee=(+0.059,+0.016,+0.150) p_repos=(+0.080,+0.000,+0.030) ee_to_target=0.123m target_label=prev_repos target_changed=N delta=0.000m
[GS] step=85 mode=free switch=kStayInRepos best_k=0 best_src=prev_repos curr_cost=103112.75 repos_cost=150014.40 best_other=150014.40 met_progress=N steps_since_improve=83 switches=0
[STEP] step=85 mode=free t=0.850s ee=(+0.059,+0.016,+0.150) obj=(+0.000,+0.000,+0.050) goal_dist=0.300m switch=kStayInRepos target=(+0.059,+0.016,+0.150) ee_stride=0.000m ee_to_ptarget=0.123m landing_err=0.0885m ik_ok=Y ik_resid=0.0001m q_max_resid_deg=2.25 target_changed=Y retgt=N held_idx=1 held_cost=150014.40 won_cost=150014.40 margin=+0.00 won_src=prev_repos held_valid=Y reason=hold setpoint_to_ptarget=nanm finished_val=nanm finished_thresh=0.0200m pd_resid=nanm nextwp_to_ptarget=nanm guide_terminal_err=nanm
[GATE-EVOLVE] step=85 curr=103112.75 best_other=150014.40 ratio=0.6874 ee_to_optimal=0.0225m phi=0.0263m
[STAGE-A-TRACE] step=85 sim_t=0.850 mode=free phi=0.02629 box_xy=+0.00000,+0.00000 lam_n_ee_box=nan qy=+0.00001 qz=+0.00000 finished_repos=0
[DRAKE-CONTACT] step=85 n_pairs=1 ee_box_normal=0.000
[GATE-CONTACT] step=85 F_W=(+0.0000,+0.0000,+0.0000) F_on_box=(-0.0000,-0.0000,-0.0000) n_face_out=(-0.0000,-0.0000,-0.0000) A_is_ee=0 box_q=(+1.00000,-0.00001,+0.00001,+0.00000) box_p=(+0.00000,+0.00000,+0.04999) ee_p=(+0.05923,+0.01608,+0.15044)
[LATERAL] perp=14.9mm scale=50.0mm strength=0.30 shift_mm=(+0.0,-4.4)
[ADMM-C3+] primal: 6.1274->4.9359  dual: 109.8105->80.3186  mono=False  iters=25/25  rho=25.0
[ADMM-C3+] WARNING non-converged: pr=4.9359 dr=80.3186 tol=1e-03
[C3+] step=255 |u[0]|=9.49N λ_n_max=1.058 η_n_max=1.279 primal=4.936 iters=25/25 lcp_res_max=nan
[ADMIT-GUARD] step=86 admit_active=0 latch=0/0 ee_z=0.150 gate_cap=0
[ALT-GATE] step=86 target_stable=0/0 allow_descent=1
[GS-tgt] step=86 ee=(+0.061,+0.015,+0.150) p_repos=(+0.080,+0.000,+0.030) ee_to_target=0.123m target_label=prev_repos target_changed=N delta=0.000m
[GS] step=86 mode=free switch=kStayInRepos best_k=0 best_src=prev_repos curr_cost=103112.02 repos_cost=150023.37 best_other=150023.37 met_progress=N steps_since_improve=84 switches=0
[STEP] step=86 mode=free t=0.860s ee=(+0.061,+0.015,+0.150) obj=(+0.000,+0.000,+0.050) goal_dist=0.300m switch=kStayInRepos target=(+0.061,+0.015,+0.150) ee_stride=0.000m ee_to_ptarget=0.123m landing_err=0.0845m ik_ok=Y ik_resid=0.0001m q_max_resid_deg=2.93 target_changed=Y retgt=N held_idx=1 held_cost=150023.37 won_cost=150023.37 margin=+0.00 won_src=prev_repos held_valid=Y reason=hold setpoint_to_ptarget=nanm finished_val=nanm finished_thresh=0.0200m pd_resid=nanm nextwp_to_ptarget=nanm guide_terminal_err=nanm
[GATE-EVOLVE] step=86 curr=103112.02 best_other=150023.37 ratio=0.6873 ee_to_optimal=0.0207m phi=0.0266m
[STAGE-A-TRACE] step=86 sim_t=0.860 mode=free phi=0.02656 box_xy=+0.00000,+0.00000 lam_n_ee_box=nan qy=+0.00001 qz=+0.00000 finished_repos=0
[DRAKE-CONTACT] step=86 n_pairs=1 ee_box_normal=0.000
[GATE-CONTACT] step=86 F_W=(+0.0000,+0.0000,+0.0000) F_on_box=(-0.0000,-0.0000,-0.0000) n_face_out=(-0.0000,-0.0000,-0.0000) A_is_ee=0 box_q=(+1.00000,-0.00001,+0.00001,+0.00000) box_p=(+0.00000,+0.00000,+0.04999) ee_p=(+0.06067,+0.01491,+0.15044)
[LATERAL] perp=13.7mm scale=50.0mm strength=0.27 shift_mm=(+0.0,-3.8)
[ADMM-C3+] primal: 6.1274->4.9359  dual: 109.8105->80.3186  mono=False  iters=25/25  rho=25.0
[ADMM-C3+] WARNING non-converged: pr=4.9359 dr=80.3186 tol=1e-03
[C3+] step=258 |u[0]|=9.49N λ_n_max=1.058 η_n_max=1.279 primal=4.936 iters=25/25 lcp_res_max=nan
[ADMIT-GUARD] step=87 admit_active=0 latch=0/0 ee_z=0.150 gate_cap=0
[ALT-GATE] step=87 target_stable=0/0 allow_descent=1
[GS-tgt] step=87 ee=(+0.062,+0.014,+0.150) p_repos=(+0.080,+0.000,+0.030) ee_to_target=0.123m target_label=prev_repos target_changed=N delta=0.000m
[GS] step=87 mode=free switch=kStayInRepos best_k=0 best_src=prev_repos curr_cost=103111.61 repos_cost=150032.96 best_other=150032.96 met_progress=N steps_since_improve=85 switches=0
[STEP] step=87 mode=free t=0.870s ee=(+0.062,+0.014,+0.150) obj=(+0.000,+0.000,+0.050) goal_dist=0.300m switch=kStayInRepos target=(+0.062,+0.014,+0.150) ee_stride=0.000m ee_to_ptarget=0.123m landing_err=0.0805m ik_ok=Y ik_resid=0.0001m q_max_resid_deg=3.67 target_changed=Y retgt=N held_idx=1 held_cost=150032.96 won_cost=150032.96 margin=+0.00 won_src=prev_repos held_valid=Y reason=hold setpoint_to_ptarget=nanm finished_val=nanm finished_thresh=0.0200m pd_resid=nanm nextwp_to_ptarget=nanm guide_terminal_err=nanm
[GATE-EVOLVE] step=87 curr=103111.61 best_other=150032.96 ratio=0.6873 ee_to_optimal=0.0188m phi=0.0269m
[STAGE-A-TRACE] step=87 sim_t=0.870 mode=free phi=0.02688 box_xy=+0.00000,+0.00000 lam_n_ee_box=nan qy=+0.00001 qz=+0.00000 finished_repos=0
[DRAKE-CONTACT] step=87 n_pairs=1 ee_box_normal=0.000
[GATE-CONTACT] step=87 F_W=(+0.0000,+0.0000,+0.0000) F_on_box=(-0.0000,-0.0000,-0.0000) n_face_out=(-0.0000,-0.0000,-0.0000) A_is_ee=0 box_q=(+1.00000,-0.00001,+0.00001,+0.00000) box_p=(+0.00000,+0.00000,+0.04999) ee_p=(+0.06211,+0.01375,+0.15043)
[LATERAL] perp=12.6mm scale=50.0mm strength=0.25 shift_mm=(+0.0,-3.2)
[ADMM-C3+] primal: 6.1274->4.9359  dual: 109.8105->80.3186  mono=False  iters=25/25  rho=25.0
[ADMM-C3+] WARNING non-converged: pr=4.9359 dr=80.3186 tol=1e-03
[C3+] step=261 |u[0]|=9.48N λ_n_max=1.058 η_n_max=1.279 primal=4.936 iters=25/25 lcp_res_max=nan
[ADMIT-GUARD] step=88 admit_active=0 latch=0/0 ee_z=0.150 gate_cap=0
[ALT-GATE] step=88 target_stable=0/0 allow_descent=1
[GS-tgt] step=88 ee=(+0.064,+0.013,+0.150) p_repos=(+0.080,+0.000,+0.030) ee_to_target=0.122m target_label=prev_repos target_changed=N delta=0.000m
[GS] step=88 mode=free switch=kStayInRepos best_k=0 best_src=prev_repos curr_cost=103111.49 repos_cost=150043.18 best_other=150043.18 met_progress=N steps_since_improve=86 switches=0
[STEP] step=88 mode=free t=0.880s ee=(+0.064,+0.013,+0.150) obj=(+0.000,+0.000,+0.050) goal_dist=0.300m switch=kStayInRepos target=(+0.064,+0.013,+0.150) ee_stride=0.000m ee_to_ptarget=0.122m landing_err=0.0765m ik_ok=Y ik_resid=0.0001m q_max_resid_deg=4.41 target_changed=Y retgt=N held_idx=1 held_cost=150043.18 won_cost=150043.18 margin=+0.00 won_src=prev_repos held_valid=Y reason=hold setpoint_to_ptarget=nanm finished_val=nanm finished_thresh=0.0200m pd_resid=nanm nextwp_to_ptarget=nanm guide_terminal_err=nanm
[GATE-EVOLVE] step=88 curr=103111.49 best_other=150043.18 ratio=0.6872 ee_to_optimal=0.0170m phi=0.0272m
[STAGE-A-TRACE] step=88 sim_t=0.880 mode=free phi=0.02722 box_xy=+0.00000,+0.00000 lam_n_ee_box=nan qy=+0.00001 qz=+0.00000 finished_repos=0
[DRAKE-CONTACT] step=88 n_pairs=1 ee_box_normal=0.000
[GATE-CONTACT] step=88 F_W=(+0.0000,+0.0000,+0.0000) F_on_box=(-0.0000,-0.0000,-0.0000) n_face_out=(-0.0000,-0.0000,-0.0000) A_is_ee=0 box_q=(+1.00000,-0.00001,+0.00001,+0.00000) box_p=(+0.00000,+0.00000,+0.04999) ee_p=(+0.06354,+0.01260,+0.15043)
[LATERAL] perp=11.5mm scale=50.0mm strength=0.23 shift_mm=(+0.0,-2.6)
[ADMM-C3+] primal: 6.1274->4.9359  dual: 109.8105->80.3186  mono=False  iters=25/25  rho=25.0
[ADMM-C3+] WARNING non-converged: pr=4.9359 dr=80.3186 tol=1e-03
[C3+] step=264 |u[0]|=9.49N λ_n_max=1.058 η_n_max=1.279 primal=4.936 iters=25/25 lcp_res_max=nan
[ADMIT-GUARD] step=89 admit_active=0 latch=0/0 ee_z=0.150 gate_cap=0
[ALT-GATE] step=89 target_stable=0/0 allow_descent=1
[GS-tgt] step=89 ee=(+0.065,+0.011,+0.150) p_repos=(+0.080,+0.000,+0.030) ee_to_target=0.122m target_label=prev_repos target_changed=N delta=0.000m
[GS] step=89 mode=free switch=kStayInRepos best_k=0 best_src=prev_repos curr_cost=103111.66 repos_cost=150054.01 best_other=150054.01 met_progress=N steps_since_improve=87 switches=0
[STEP] step=89 mode=free t=0.890s ee=(+0.065,+0.011,+0.150) obj=(+0.000,+0.000,+0.050) goal_dist=0.300m switch=kStayInRepos target=(+0.065,+0.012,+0.150) ee_stride=0.000m ee_to_ptarget=0.122m landing_err=0.0725m ik_ok=Y ik_resid=0.0001m q_max_resid_deg=5.15 target_changed=Y retgt=N held_idx=1 held_cost=150054.01 won_cost=150054.01 margin=+0.00 won_src=prev_repos held_valid=Y reason=hold setpoint_to_ptarget=nanm finished_val=nanm finished_thresh=0.0200m pd_resid=nanm nextwp_to_ptarget=nanm guide_terminal_err=nanm
[GATE-EVOLVE] step=89 curr=103111.66 best_other=150054.01 ratio=0.6872 ee_to_optimal=0.0152m phi=0.0276m
[STAGE-A-TRACE] step=89 sim_t=0.890 mode=free phi=0.02761 box_xy=+0.00000,+0.00000 lam_n_ee_box=nan qy=+0.00001 qz=+0.00000 finished_repos=0
[DRAKE-CONTACT] step=89 n_pairs=1 ee_box_normal=0.000
[GATE-CONTACT] step=89 F_W=(+0.0000,+0.0000,+0.0000) F_on_box=(-0.0000,-0.0000,-0.0000) n_face_out=(-0.0000,-0.0000,-0.0000) A_is_ee=0 box_q=(+1.00000,-0.00001,+0.00001,+0.00000) box_p=(+0.00000,+0.00000,+0.04999) ee_p=(+0.06498,+0.01146,+0.15042)
[LATERAL] perp=10.3mm scale=50.0mm strength=0.21 shift_mm=(+0.0,-2.1)
[ADMM-C3+] primal: 6.1274->4.9359  dual: 109.8105->80.3186  mono=False  iters=25/25  rho=25.0
[ADMM-C3+] WARNING non-converged: pr=4.9359 dr=80.3186 tol=1e-03
[C3+] step=267 |u[0]|=9.49N λ_n_max=1.058 η_n_max=1.279 primal=4.936 iters=25/25 lcp_res_max=nan
[ADMIT-GUARD] step=90 admit_active=0 latch=0/0 ee_z=0.150 gate_cap=0
[ALT-GATE] step=90 target_stable=0/0 allow_descent=1
[GS-tgt] step=90 ee=(+0.066,+0.010,+0.150) p_repos=(+0.080,+0.000,+0.030) ee_to_target=0.122m target_label=prev_repos target_changed=N delta=0.000m
[IMP] step=90 mode=free |x_err|=0.0003m |tau_imp|=0.75Nm |tau_ff|=0.00Nm |tau_out|=0.75Nm sat=False lam_n=False lam_t=False
[GS] step=90 mode=free switch=kStayInRepos best_k=0 best_src=prev_repos curr_cost=103112.08 repos_cost=150065.46 best_other=150065.46 met_progress=N steps_since_improve=88 switches=0
[STEP] step=90 mode=free t=0.900s ee=(+0.066,+0.010,+0.150) obj=(+0.000,+0.000,+0.050) goal_dist=0.300m switch=kStayInRepos target=(+0.066,+0.010,+0.150) ee_stride=0.000m ee_to_ptarget=0.122m landing_err=0.0685m ik_ok=Y ik_resid=0.0001m q_max_resid_deg=5.89 target_changed=Y retgt=N held_idx=1 held_cost=150065.46 won_cost=150065.46 margin=+0.00 won_src=prev_repos held_valid=Y reason=hold setpoint_to_ptarget=nanm finished_val=nanm finished_thresh=0.0200m pd_resid=nanm nextwp_to_ptarget=nanm guide_terminal_err=nanm
[GATE-EVOLVE] step=90 curr=103112.08 best_other=150065.46 ratio=0.6871 ee_to_optimal=0.0134m phi=0.0280m
[STAGE-A-TRACE] step=90 sim_t=0.900 mode=free phi=0.02802 box_xy=+0.00000,+0.00000 lam_n_ee_box=nan qy=+0.00001 qz=+0.00000 finished_repos=0
[DRAKE-CONTACT] step=90 n_pairs=1 ee_box_normal=0.000
[GATE-CONTACT] step=90 F_W=(+0.0000,+0.0000,+0.0000) F_on_box=(-0.0000,-0.0000,-0.0000) n_face_out=(-0.0000,-0.0000,-0.0000) A_is_ee=0 box_q=(+1.00000,-0.00001,+0.00001,+0.00000) box_p=(+0.00000,+0.00000,+0.04999) ee_p=(+0.06641,+0.01033,+0.15041)
[PERSIST] step=91 refresh n_strategy=1 samples=[(0.08, 0.0, 0.03)]
[LATERAL] perp=9.2mm scale=50.0mm strength=0.18 shift_mm=(+0.0,-1.7)
[ADMM-C3+] primal: 6.1274->4.9359  dual: 109.8105->80.3186  mono=False  iters=25/25  rho=25.0
[ADMM-C3+] WARNING non-converged: pr=4.9359 dr=80.3186 tol=1e-03
[C3+] step=270 |u[0]|=9.50N λ_n_max=1.058 η_n_max=1.279 primal=4.936 iters=25/25 lcp_res_max=nan
[ADMIT-GUARD] step=91 admit_active=0 latch=0/0 ee_z=0.150 gate_cap=0
[ALT-GATE] step=91 target_stable=0/0 allow_descent=1
[GS-tgt] step=91 ee=(+0.068,+0.009,+0.150) p_repos=(+0.080,+0.000,+0.030) ee_to_target=0.121m target_label=prev_repos target_changed=N delta=0.000m
[GS] step=91 mode=free switch=kStayInRepos best_k=0 best_src=prev_repos curr_cost=103112.73 repos_cost=150077.50 best_other=150077.50 met_progress=N steps_since_improve=89 switches=0
[STEP] step=91 mode=free t=0.910s ee=(+0.068,+0.009,+0.150) obj=(+0.000,+0.000,+0.050) goal_dist=0.300m switch=kStayInRepos target=(+0.068,+0.009,+0.150) ee_stride=0.000m ee_to_ptarget=0.121m landing_err=0.0645m ik_ok=Y ik_resid=0.0002m q_max_resid_deg=6.62 target_changed=Y retgt=N held_idx=1 held_cost=150077.50 won_cost=150077.50 margin=+0.00 won_src=prev_repos held_valid=Y reason=hold setpoint_to_ptarget=nanm finished_val=nanm finished_thresh=0.0200m pd_resid=nanm nextwp_to_ptarget=nanm guide_terminal_err=nanm
[GATE-EVOLVE] step=91 curr=103112.73 best_other=150077.50 ratio=0.6871 ee_to_optimal=0.0117m phi=0.0285m
[STAGE-A-TRACE] step=91 sim_t=0.910 mode=free phi=0.02847 box_xy=+0.00000,+0.00000 lam_n_ee_box=nan qy=+0.00001 qz=+0.00000 finished_repos=0
[DRAKE-CONTACT] step=91 n_pairs=1 ee_box_normal=0.000
[GATE-CONTACT] step=91 F_W=(+0.0000,+0.0000,+0.0000) F_on_box=(-0.0000,-0.0000,-0.0000) n_face_out=(-0.0000,-0.0000,-0.0000) A_is_ee=0 box_q=(+1.00000,-0.00001,+0.00001,+0.00000) box_p=(+0.00000,+0.00000,+0.04999) ee_p=(+0.06784,+0.00921,+0.15040)
[LATERAL] perp=8.1mm scale=50.0mm strength=0.16 shift_mm=(+0.0,-1.3)
[ADMM-C3+] primal: 6.1274->4.9359  dual: 109.8105->80.3186  mono=False  iters=25/25  rho=25.0
[ADMM-C3+] WARNING non-converged: pr=4.9359 dr=80.3186 tol=1e-03
[C3+] step=273 |u[0]|=9.52N λ_n_max=1.058 η_n_max=1.279 primal=4.936 iters=25/25 lcp_res_max=nan
[ADMIT-GUARD] step=92 admit_active=0 latch=0/0 ee_z=0.150 gate_cap=0
[ALT-GATE] step=92 target_stable=0/0 allow_descent=1
[GS-tgt] step=92 ee=(+0.069,+0.008,+0.150) p_repos=(+0.080,+0.000,+0.030) ee_to_target=0.121m target_label=prev_repos target_changed=N delta=0.000m
[GS] step=92 mode=free switch=kStayInRepos best_k=0 best_src=prev_repos curr_cost=103113.61 repos_cost=150090.14 best_other=150090.14 met_progress=N steps_since_improve=90 switches=0
[STEP] step=92 mode=free t=0.920s ee=(+0.069,+0.008,+0.150) obj=(+0.000,+0.000,+0.050) goal_dist=0.300m switch=kStayInRepos target=(+0.069,+0.008,+0.150) ee_stride=0.000m ee_to_ptarget=0.121m landing_err=0.0605m ik_ok=Y ik_resid=0.0002m q_max_resid_deg=7.36 target_changed=Y retgt=N held_idx=1 held_cost=150090.14 won_cost=150090.14 margin=+0.00 won_src=prev_repos held_valid=Y reason=hold setpoint_to_ptarget=nanm finished_val=nanm finished_thresh=0.0200m pd_resid=nanm nextwp_to_ptarget=nanm guide_terminal_err=nanm
[GATE-EVOLVE] step=92 curr=103113.61 best_other=150090.14 ratio=0.6870 ee_to_optimal=0.0099m phi=0.0290m
[STAGE-A-TRACE] step=92 sim_t=0.920 mode=free phi=0.02896 box_xy=+0.00000,+0.00000 lam_n_ee_box=nan qy=+0.00001 qz=+0.00000 finished_repos=0
[DRAKE-CONTACT] step=92 n_pairs=1 ee_box_normal=0.000
[GATE-CONTACT] step=92 F_W=(+0.0000,+0.0000,+0.0000) F_on_box=(-0.0000,-0.0000,-0.0000) n_face_out=(-0.0000,-0.0000,-0.0000) A_is_ee=0 box_q=(+1.00000,-0.00001,+0.00001,+0.00000) box_p=(+0.00000,+0.00000,+0.04999) ee_p=(+0.06927,+0.00809,+0.15039)
[LATERAL] perp=7.0mm scale=50.0mm strength=0.14 shift_mm=(+0.0,-1.0)
[ADMM-C3+] primal: 6.1274->4.9359  dual: 109.8105->80.3186  mono=False  iters=25/25  rho=25.0
[ADMM-C3+] WARNING non-converged: pr=4.9359 dr=80.3186 tol=1e-03
[C3+] step=276 |u[0]|=9.53N λ_n_max=1.058 η_n_max=1.279 primal=4.936 iters=25/25 lcp_res_max=nan
[ADMIT-GUARD] step=93 admit_active=0 latch=0/0 ee_z=0.150 gate_cap=0
[ALT-GATE] step=93 target_stable=0/0 allow_descent=1
[GS-tgt] step=93 ee=(+0.071,+0.007,+0.150) p_repos=(+0.080,+0.000,+0.030) ee_to_target=0.121m target_label=prev_repos target_changed=N delta=0.000m
[GS] step=93 mode=free switch=kStayInRepos best_k=0 best_src=prev_repos curr_cost=103114.70 repos_cost=150103.38 best_other=150103.38 met_progress=N steps_since_improve=91 switches=0
[STEP] step=93 mode=free t=0.930s ee=(+0.071,+0.007,+0.150) obj=(+0.000,+0.000,+0.050) goal_dist=0.300m switch=kStayInRepos target=(+0.071,+0.007,+0.150) ee_stride=0.000m ee_to_ptarget=0.121m landing_err=0.0565m ik_ok=Y ik_resid=0.0002m q_max_resid_deg=8.09 target_changed=Y retgt=N held_idx=1 held_cost=150103.38 won_cost=150103.38 margin=+0.00 won_src=prev_repos held_valid=Y reason=hold setpoint_to_ptarget=nanm finished_val=nanm finished_thresh=0.0200m pd_resid=nanm nextwp_to_ptarget=nanm guide_terminal_err=nanm
[GATE-EVOLVE] step=93 curr=103114.70 best_other=150103.38 ratio=0.6870 ee_to_optimal=0.0082m phi=0.0295m
[STAGE-A-TRACE] step=93 sim_t=0.930 mode=free phi=0.02947 box_xy=+0.00000,+0.00000 lam_n_ee_box=nan qy=+0.00001 qz=+0.00000 finished_repos=0
[DRAKE-CONTACT] step=93 n_pairs=1 ee_box_normal=0.000
[GATE-CONTACT] step=93 F_W=(+0.0000,+0.0000,+0.0000) F_on_box=(-0.0000,-0.0000,-0.0000) n_face_out=(-0.0000,-0.0000,-0.0000) A_is_ee=0 box_q=(+1.00000,-0.00001,+0.00001,+0.00000) box_p=(+0.00000,+0.00000,+0.04999) ee_p=(+0.07070,+0.00697,+0.15038)
[LATERAL] perp=5.9mm scale=50.0mm strength=0.12 shift_mm=(+0.0,-0.7)
[ADMM-C3+] primal: 6.1274->4.9359  dual: 109.8105->80.3186  mono=False  iters=25/25  rho=25.0
[ADMM-C3+] WARNING non-converged: pr=4.9359 dr=80.3186 tol=1e-03
[C3+] step=279 |u[0]|=9.55N λ_n_max=1.058 η_n_max=1.279 primal=4.936 iters=25/25 lcp_res_max=nan
[ADMIT-GUARD] step=94 admit_active=0 latch=0/0 ee_z=0.150 gate_cap=0
[ALT-GATE] step=94 target_stable=0/0 allow_descent=1
[GS-tgt] step=94 ee=(+0.072,+0.006,+0.150) p_repos=(+0.080,+0.000,+0.030) ee_to_target=0.121m target_label=prev_repos target_changed=N delta=0.000m
[GS] step=94 mode=free switch=kStayInRepos best_k=0 best_src=prev_repos curr_cost=103115.97 repos_cost=150117.21 best_other=150117.21 met_progress=N steps_since_improve=92 switches=0
[STEP] step=94 mode=free t=0.940s ee=(+0.072,+0.006,+0.150) obj=(+0.000,+0.000,+0.050) goal_dist=0.300m switch=kStayInRepos target=(+0.072,+0.006,+0.150) ee_stride=0.000m ee_to_ptarget=0.121m landing_err=0.0525m ik_ok=Y ik_resid=0.0002m q_max_resid_deg=8.82 target_changed=Y retgt=N held_idx=1 held_cost=150117.21 won_cost=150117.21 margin=+0.00 won_src=prev_repos held_valid=Y reason=hold setpoint_to_ptarget=nanm finished_val=nanm finished_thresh=0.0200m pd_resid=nanm nextwp_to_ptarget=nanm guide_terminal_err=nanm
[GATE-EVOLVE] step=94 curr=103115.97 best_other=150117.21 ratio=0.6869 ee_to_optimal=0.0065m phi=0.0300m
[STAGE-A-TRACE] step=94 sim_t=0.940 mode=free phi=0.03002 box_xy=+0.00000,+0.00000 lam_n_ee_box=nan qy=+0.00001 qz=+0.00000 finished_repos=0
[DRAKE-CONTACT] step=94 n_pairs=1 ee_box_normal=0.000
[GATE-CONTACT] step=94 F_W=(+0.0000,+0.0000,+0.0000) F_on_box=(-0.0000,-0.0000,-0.0000) n_face_out=(-0.0000,-0.0000,-0.0000) A_is_ee=0 box_q=(+1.00000,-0.00001,+0.00001,+0.00000) box_p=(+0.00000,+0.00000,+0.04999) ee_p=(+0.07213,+0.00586,+0.15036)
[ADMM-C3+] primal: 6.1274->4.9359  dual: 109.8105->80.3186  mono=False  iters=25/25  rho=25.0
[ADMM-C3+] WARNING non-converged: pr=4.9359 dr=80.3186 tol=1e-03
[C3+] step=282 |u[0]|=9.58N λ_n_max=1.058 η_n_max=1.279 primal=4.936 iters=25/25 lcp_res_max=nan
[ADMIT-GUARD] step=95 admit_active=0 latch=0/0 ee_z=0.150 gate_cap=0
[ALT-GATE] step=95 target_stable=0/0 allow_descent=1
[GS-tgt] step=95 ee=(+0.074,+0.005,+0.150) p_repos=(+0.080,+0.000,+0.030) ee_to_target=0.121m target_label=prev_repos target_changed=N delta=0.000m
[GS] step=95 mode=free switch=kStayInRepos best_k=0 best_src=prev_repos curr_cost=103117.43 repos_cost=150131.64 best_other=150131.64 met_progress=N steps_since_improve=93 switches=0
[STEP] step=95 mode=free t=0.950s ee=(+0.074,+0.005,+0.150) obj=(+0.000,+0.000,+0.050) goal_dist=0.300m switch=kStayInRepos target=(+0.074,+0.005,+0.150) ee_stride=0.000m ee_to_ptarget=0.121m landing_err=0.0485m ik_ok=Y ik_resid=0.0003m q_max_resid_deg=9.55 target_changed=Y retgt=N held_idx=1 held_cost=150131.64 won_cost=150131.64 margin=+0.00 won_src=prev_repos held_valid=Y reason=hold setpoint_to_ptarget=nanm finished_val=nanm finished_thresh=0.0200m pd_resid=nanm nextwp_to_ptarget=nanm guide_terminal_err=nanm
[GATE-EVOLVE] step=95 curr=103117.43 best_other=150131.64 ratio=0.6868 ee_to_optimal=0.0050m phi=0.0306m
[STAGE-A-TRACE] step=95 sim_t=0.950 mode=free phi=0.03060 box_xy=+0.00000,+0.00000 lam_n_ee_box=nan qy=+0.00001 qz=+0.00000 finished_repos=0
[DRAKE-CONTACT] step=95 n_pairs=1 ee_box_normal=0.000
[GATE-CONTACT] step=95 F_W=(+0.0000,+0.0000,+0.0000) F_on_box=(-0.0000,-0.0000,-0.0000) n_face_out=(-0.0000,-0.0000,-0.0000) A_is_ee=0 box_q=(+1.00000,-0.00001,+0.00001,+0.00000) box_p=(+0.00000,+0.00000,+0.04999) ee_p=(+0.07356,+0.00475,+0.15035)
[ADMM-C3+] primal: 6.1274->4.9359  dual: 109.8105->80.3186  mono=False  iters=25/25  rho=25.0
[ADMM-C3+] WARNING non-converged: pr=4.9359 dr=80.3186 tol=1e-03
[C3+] step=285 |u[0]|=9.60N λ_n_max=1.058 η_n_max=1.279 primal=4.936 iters=25/25 lcp_res_max=nan
[ADMIT-GUARD] step=96 admit_active=0 latch=0/0 ee_z=0.150 gate_cap=0
[ALT-GATE] step=96 target_stable=0/0 allow_descent=1
[GS-tgt] step=96 ee=(+0.075,+0.004,+0.150) p_repos=(+0.080,+0.000,+0.030) ee_to_target=0.120m target_label=prev_repos target_changed=N delta=0.000m
[GS] step=96 mode=free switch=kStayInRepos best_k=0 best_src=prev_repos curr_cost=103119.07 repos_cost=150146.65 best_other=150146.65 met_progress=N steps_since_improve=94 switches=0
[STEP] step=96 mode=free t=0.960s ee=(+0.075,+0.004,+0.150) obj=(+0.000,+0.000,+0.050) goal_dist=0.300m switch=kStayInRepos target=(+0.075,+0.004,+0.150) ee_stride=0.000m ee_to_ptarget=0.120m landing_err=0.0445m ik_ok=Y ik_resid=0.0003m q_max_resid_deg=10.28 target_changed=Y retgt=N held_idx=1 held_cost=150146.65 won_cost=150146.65 margin=+0.00 won_src=prev_repos held_valid=Y reason=hold setpoint_to_ptarget=nanm finished_val=nanm finished_thresh=0.0200m pd_resid=nanm nextwp_to_ptarget=nanm guide_terminal_err=nanm
[GATE-EVOLVE] step=96 curr=103119.07 best_other=150146.65 ratio=0.6868 ee_to_optimal=0.0036m phi=0.0312m
[STAGE-A-TRACE] step=96 sim_t=0.960 mode=free phi=0.03120 box_xy=+0.00000,+0.00000 lam_n_ee_box=nan qy=+0.00001 qz=+0.00000 finished_repos=0
[DRAKE-CONTACT] step=96 n_pairs=1 ee_box_normal=0.000
[GATE-CONTACT] step=96 F_W=(+0.0000,+0.0000,+0.0000) F_on_box=(-0.0000,-0.0000,-0.0000) n_face_out=(-0.0000,-0.0000,-0.0000) A_is_ee=0 box_q=(+1.00000,-0.00001,+0.00001,+0.00000) box_p=(+0.00000,+0.00000,+0.04999) ee_p=(+0.07498,+0.00364,+0.15033)
[ADMM-C3+] primal: 6.1274->4.9359  dual: 109.8105->80.3186  mono=False  iters=25/25  rho=25.0
[ADMM-C3+] WARNING non-converged: pr=4.9359 dr=80.3186 tol=1e-03
[C3+] step=288 |u[0]|=9.63N λ_n_max=1.058 η_n_max=1.279 primal=4.936 iters=25/25 lcp_res_max=nan
[ADMIT-GUARD] step=97 admit_active=0 latch=0/0 ee_z=0.150 gate_cap=0
[ALT-GATE] step=97 target_stable=0/0 allow_descent=1
[GS-tgt] step=97 ee=(+0.076,+0.003,+0.150) p_repos=(+0.080,+0.000,+0.030) ee_to_target=0.120m target_label=prev_repos target_changed=N delta=0.000m
[GS] step=97 mode=free switch=kStayInRepos best_k=0 best_src=prev_repos curr_cost=103120.86 repos_cost=150162.26 best_other=150162.26 met_progress=N steps_since_improve=95 switches=0
[STEP] step=97 mode=free t=0.970s ee=(+0.076,+0.003,+0.150) obj=(+0.000,+0.000,+0.050) goal_dist=0.300m switch=kStayInRepos target=(+0.076,+0.003,+0.150) ee_stride=0.000m ee_to_ptarget=0.120m landing_err=0.0405m ik_ok=Y ik_resid=0.0003m q_max_resid_deg=11.01 target_changed=Y retgt=N held_idx=1 held_cost=150162.26 won_cost=150162.26 margin=+0.00 won_src=prev_repos held_valid=Y reason=hold setpoint_to_ptarget=nanm finished_val=nanm finished_thresh=0.0200m pd_resid=nanm nextwp_to_ptarget=nanm guide_terminal_err=nanm
[GATE-EVOLVE] step=97 curr=103120.86 best_other=150162.26 ratio=0.6867 ee_to_optimal=0.0029m phi=0.0318m
[STAGE-A-TRACE] step=97 sim_t=0.970 mode=free phi=0.03184 box_xy=+0.00000,+0.00000 lam_n_ee_box=nan qy=+0.00001 qz=+0.00000 finished_repos=0
[DRAKE-CONTACT] step=97 n_pairs=1 ee_box_normal=0.000
[GATE-CONTACT] step=97 F_W=(+0.0000,+0.0000,+0.0000) F_on_box=(-0.0000,-0.0000,-0.0000) n_face_out=(-0.0000,-0.0000,-0.0000) A_is_ee=0 box_q=(+1.00000,-0.00001,+0.00001,+0.00000) box_p=(+0.00000,+0.00000,+0.04999) ee_p=(+0.07641,+0.00254,+0.15032)
[ADMM-C3+] primal: 6.1274->4.9359  dual: 109.8105->80.3186  mono=False  iters=25/25  rho=25.0
[ADMM-C3+] WARNING non-converged: pr=4.9359 dr=80.3186 tol=1e-03
[C3+] step=291 |u[0]|=9.66N λ_n_max=1.058 η_n_max=1.279 primal=4.936 iters=25/25 lcp_res_max=nan
[ADMIT-GUARD] step=98 admit_active=0 latch=0/0 ee_z=0.150 gate_cap=0
[ALT-GATE] step=98 target_stable=0/0 allow_descent=1
[GS-tgt] step=98 ee=(+0.078,+0.001,+0.150) p_repos=(+0.080,+0.000,+0.030) ee_to_target=0.120m target_label=prev_repos target_changed=N delta=0.000m
[GS] step=98 mode=free switch=kStayInRepos best_k=0 best_src=prev_repos curr_cost=103122.80 repos_cost=150178.47 best_other=150178.47 met_progress=N steps_since_improve=96 switches=0
[STEP] step=98 mode=free t=0.980s ee=(+0.078,+0.001,+0.150) obj=(+0.000,+0.000,+0.050) goal_dist=0.300m switch=kStayInRepos target=(+0.078,+0.002,+0.150) ee_stride=0.000m ee_to_ptarget=0.120m landing_err=0.0365m ik_ok=Y ik_resid=0.0004m q_max_resid_deg=11.74 target_changed=Y retgt=N held_idx=1 held_cost=150178.47 won_cost=150178.47 margin=+0.00 won_src=prev_repos held_valid=Y reason=hold setpoint_to_ptarget=nanm finished_val=nanm finished_thresh=0.0200m pd_resid=nanm nextwp_to_ptarget=nanm guide_terminal_err=nanm
[GATE-EVOLVE] step=98 curr=103122.80 best_other=150178.47 ratio=0.6867 ee_to_optimal=0.0032m phi=0.0325m
[STAGE-A-TRACE] step=98 sim_t=0.980 mode=free phi=0.03250 box_xy=+0.00000,+0.00000 lam_n_ee_box=nan qy=+0.00001 qz=+0.00000 finished_repos=0
[DRAKE-CONTACT] step=98 n_pairs=1 ee_box_normal=0.000
[GATE-CONTACT] step=98 F_W=(+0.0000,+0.0000,+0.0000) F_on_box=(-0.0000,-0.0000,-0.0000) n_face_out=(-0.0000,-0.0000,-0.0000) A_is_ee=0 box_q=(+1.00000,-0.00001,+0.00001,+0.00000) box_p=(+0.00000,+0.00000,+0.04999) ee_p=(+0.07784,+0.00144,+0.15031)
[ADMM-C3+] primal: 6.1274->4.9359  dual: 109.8105->80.3186  mono=False  iters=25/25  rho=25.0
[ADMM-C3+] WARNING non-converged: pr=4.9359 dr=80.3186 tol=1e-03
[C3+] step=294 |u[0]|=9.69N λ_n_max=1.058 η_n_max=1.279 primal=4.936 iters=25/25 lcp_res_max=nan
[ADMIT-GUARD] step=99 admit_active=0 latch=0/0 ee_z=0.150 gate_cap=0
[ALT-GATE] step=99 target_stable=0/0 allow_descent=1
[GS-tgt] step=99 ee=(+0.079,+0.000,+0.150) p_repos=(+0.080,+0.000,+0.030) ee_to_target=0.120m target_label=prev_repos target_changed=N delta=0.000m
[GS] step=99 mode=free switch=kStayInRepos best_k=0 best_src=prev_repos curr_cost=103124.88 repos_cost=150195.27 best_other=150195.27 met_progress=N steps_since_improve=97 switches=0
[STEP] step=99 mode=free t=0.990s ee=(+0.079,+0.000,+0.150) obj=(+0.000,+0.000,+0.050) goal_dist=0.300m switch=kStayInRepos target=(+0.079,+0.001,+0.150) ee_stride=0.000m ee_to_ptarget=0.120m landing_err=0.0325m ik_ok=Y ik_resid=0.0004m q_max_resid_deg=12.47 target_changed=Y retgt=N held_idx=1 held_cost=150195.27 won_cost=150195.27 margin=+0.00 won_src=prev_repos held_valid=Y reason=hold setpoint_to_ptarget=nanm finished_val=nanm finished_thresh=0.0200m pd_resid=nanm nextwp_to_ptarget=nanm guide_terminal_err=nanm
[GATE-EVOLVE] step=99 curr=103124.88 best_other=150195.27 ratio=0.6866 ee_to_optimal=0.0043m phi=0.0332m
[STAGE-A-TRACE] step=99 sim_t=0.990 mode=free phi=0.03319 box_xy=+0.00000,+0.00000 lam_n_ee_box=nan qy=+0.00001 qz=+0.00000 finished_repos=0
[DRAKE-CONTACT] step=99 n_pairs=1 ee_box_normal=0.000
[GATE-CONTACT] step=99 F_W=(+0.0000,+0.0000,+0.0000) F_on_box=(-0.0000,-0.0000,-0.0000) n_face_out=(-0.0000,-0.0000,-0.0000) A_is_ee=0 box_q=(+1.00000,-0.00001,+0.00001,+0.00000) box_p=(+0.00000,+0.00000,+0.04999) ee_p=(+0.07927,+0.00034,+0.15029)
[ADMM-C3+] primal: 6.1274->4.9359  dual: 109.8105->80.3186  mono=False  iters=25/25  rho=25.0
[ADMM-C3+] WARNING non-converged: pr=4.9359 dr=80.3186 tol=1e-03
[C3+] step=297 |u[0]|=9.72N λ_n_max=1.058 η_n_max=1.279 primal=4.936 iters=25/25 lcp_res_max=nan
[ADMIT-GUARD] step=100 admit_active=0 latch=0/0 ee_z=0.150 gate_cap=0
[ALT-GATE] step=100 target_stable=0/0 allow_descent=1
[GS-tgt] step=100 ee=(+0.081,-0.001,+0.150) p_repos=(+0.080,+0.000,+0.030) ee_to_target=0.120m target_label=prev_repos target_changed=N delta=0.000m
[IMP] step=100 mode=free |x_err|=0.0016m |tau_imp|=44.12Nm |tau_ff|=0.00Nm |tau_out|=44.12Nm sat=False lam_n=False lam_t=False
[GS] step=100 mode=free switch=kStayInRepos best_k=0 best_src=prev_repos curr_cost=103127.10 repos_cost=150212.67 best_other=150212.67 met_progress=N steps_since_improve=98 switches=0
[STEP] step=100 mode=free t=1.000s ee=(+0.081,-0.001,+0.150) obj=(+0.000,+0.000,+0.050) goal_dist=0.300m switch=kStayInRepos target=(+0.080,+0.000,+0.149) ee_stride=0.002m ee_to_ptarget=0.120m landing_err=0.0285m ik_ok=Y ik_resid=0.0005m q_max_resid_deg=13.19 target_changed=Y retgt=N held_idx=1 held_cost=150212.67 won_cost=150212.67 margin=+0.00 won_src=prev_repos held_valid=Y reason=hold setpoint_to_ptarget=nanm finished_val=nanm finished_thresh=0.0200m pd_resid=nanm nextwp_to_ptarget=nanm guide_terminal_err=nanm
[GATE-EVOLVE] step=100 curr=103127.10 best_other=150212.67 ratio=0.6865 ee_to_optimal=0.0057m phi=0.0339m
[STAGE-A-TRACE] step=100 sim_t=1.000 mode=free phi=0.03391 box_xy=+0.00000,+0.00000 lam_n_ee_box=nan qy=+0.00001 qz=+0.00000 finished_repos=0
[GS-table] step=100
  k=0 (current   ) pos=(+0.081,-0.001,+0.150) c_C3= 133127.10 align=1.0000(bonus=30000.00) rot=+0.0000(bonus=    0.00) travel=0.000m(pen=  0.00) c_sample= 103127.10 feas=Y ik_err=0.0000m  ← WIN
  k=1 (prev_repos) pos=(+0.080,+0.000,+0.030) c_C3= 180188.62 align=1.0000(bonus=30000.00) rot=+0.0000(bonus=    0.00) travel=0.120m(pen= 24.06) c_sample= 150212.67 feas=Y ik_err=0.0000m
  k=2 (strat_0   ) pos=(+0.080,+0.000,+0.030) c_C3= 180188.62 align=1.0000(bonus=30000.00) rot=+0.0000(bonus=    0.00) travel=0.120m(pen= 24.06) c_sample= 150212.67 feas=Y ik_err=0.0000m
[DRAKE-CONTACT] step=100 n_pairs=1 ee_box_normal=0.000
[GATE-CONTACT] step=100 F_W=(+0.0000,+0.0000,+0.0000) F_on_box=(-0.0000,-0.0000,-0.0000) n_face_out=(-0.0000,-0.0000,-0.0000) A_is_ee=0 box_q=(+1.00000,-0.00001,+0.00001,+0.00000) box_p=(+0.00000,+0.00000,+0.04999) ee_p=(+0.08069,-0.00076,+0.15028)
[ADMM-C3+] primal: 6.1274->4.9359  dual: 109.8105->80.3186  mono=False  iters=25/25  rho=25.0
[ADMM-C3+] WARNING non-converged: pr=4.9359 dr=80.3186 tol=1e-03
[C3+] step=300 |u[0]|=9.73N λ_n_max=1.058 η_n_max=1.279 primal=4.936 iters=25/25 lcp_res_max=nan
[ADMIT-GUARD] step=101 admit_active=0 latch=0/0 ee_z=0.150 gate_cap=0
[ALT-GATE] step=101 target_stable=0/0 allow_descent=1
[GS-tgt] step=101 ee=(+0.082,-0.002,+0.150) p_repos=(+0.080,+0.000,+0.030) ee_to_target=0.120m target_label=prev_repos target_changed=N delta=0.000m
[GS] step=101 mode=free switch=kStayInRepos best_k=0 best_src=prev_repos curr_cost=103127.62 repos_cost=150226.43 best_other=150226.43 met_progress=N steps_since_improve=99 switches=0
[STEP] step=101 mode=free t=1.010s ee=(+0.082,-0.002,+0.150) obj=(+0.000,+0.000,+0.050) goal_dist=0.300m switch=kStayInRepos target=(+0.080,+0.000,+0.147) ee_stride=0.004m ee_to_ptarget=0.120m landing_err=0.0245m ik_ok=Y ik_resid=0.0005m q_max_resid_deg=13.83 target_changed=Y retgt=N held_idx=1 held_cost=150226.43 won_cost=150226.43 margin=+0.00 won_src=prev_repos held_valid=Y reason=hold setpoint_to_ptarget=nanm finished_val=nanm finished_thresh=0.0200m pd_resid=nanm nextwp_to_ptarget=nanm guide_terminal_err=nanm
[GATE-EVOLVE] step=101 curr=103127.62 best_other=150226.43 ratio=0.6865 ee_to_optimal=0.0070m phi=0.0342m
[STAGE-A-TRACE] step=101 sim_t=1.010 mode=free phi=0.03417 box_xy=+0.00000,+0.00000 lam_n_ee_box=nan qy=+0.00001 qz=+0.00000 finished_repos=0
  t=1.00s | ee=(0.082, -0.002, 0.150) | obj=(0.000, 0.000, 0.050) | |u|=32.13 Nm | goal_dist=0.300 m
[DRAKE-CONTACT] step=101 n_pairs=1 ee_box_normal=0.000
[GATE-CONTACT] step=101 F_W=(+0.0000,+0.0000,+0.0000) F_on_box=(-0.0000,-0.0000,-0.0000) n_face_out=(-0.0000,-0.0000,-0.0000) A_is_ee=0 box_q=(+1.00000,-0.00001,+0.00001,+0.00000) box_p=(+0.00000,+0.00000,+0.04999) ee_p=(+0.08179,-0.00167,+0.14990)
[ADMM-C3+] primal: 6.1274->4.9359  dual: 109.8105->80.3186  mono=False  iters=25/25  rho=25.0
[ADMM-C3+] WARNING non-converged: pr=4.9359 dr=80.3186 tol=1e-03
[C3+] step=303 |u[0]|=9.70N λ_n_max=1.058 η_n_max=1.279 primal=4.936 iters=25/25 lcp_res_max=nan
[ADMIT-GUARD] step=102 admit_active=0 latch=0/0 ee_z=0.149 gate_cap=0
[ALT-GATE] step=102 target_stable=0/0 allow_descent=1
[GS-tgt] step=102 ee=(+0.082,-0.002,+0.149) p_repos=(+0.080,+0.000,+0.030) ee_to_target=0.119m target_label=prev_repos target_changed=N delta=0.000m
[GS] step=102 mode=free switch=kStayInRepos best_k=0 best_src=prev_repos curr_cost=103125.45 repos_cost=150234.12 best_other=150234.12 met_progress=N steps_since_improve=100 switches=0
[STEP] step=102 mode=free t=1.020s ee=(+0.082,-0.002,+0.149) obj=(+0.000,+0.000,+0.050) goal_dist=0.300m switch=kStayInRepos target=(+0.080,+0.000,+0.145) ee_stride=0.005m ee_to_ptarget=0.119m landing_err=0.0205m ik_ok=Y ik_resid=0.0006m q_max_resid_deg=14.34 target_changed=Y retgt=N held_idx=1 held_cost=150234.12 won_cost=150234.12 margin=+0.00 won_src=prev_repos held_valid=Y reason=hold setpoint_to_ptarget=nanm finished_val=nanm finished_thresh=0.0200m pd_resid=nanm nextwp_to_ptarget=nanm guide_terminal_err=nanm
[GATE-EVOLVE] step=102 curr=103125.45 best_other=150234.12 ratio=0.6864 ee_to_optimal=0.0077m phi=0.0337m
[STAGE-A-TRACE] step=102 sim_t=1.020 mode=free phi=0.03372 box_xy=+0.00000,+0.00000 lam_n_ee_box=nan qy=+0.00001 qz=+0.00000 finished_repos=0
[DRAKE-CONTACT] step=102 n_pairs=1 ee_box_normal=0.000
[GATE-CONTACT] step=102 F_W=(+0.0000,+0.0000,+0.0000) F_on_box=(-0.0000,-0.0000,-0.0000) n_face_out=(-0.0000,-0.0000,-0.0000) A_is_ee=0 box_q=(+1.00000,-0.00001,+0.00001,+0.00000) box_p=(+0.00000,+0.00000,+0.04999) ee_p=(+0.08240,-0.00228,+0.14896)
[ADMM-C3+] primal: 6.1274->4.9359  dual: 109.8105->80.3186  mono=False  iters=25/25  rho=25.0
[ADMM-C3+] WARNING non-converged: pr=4.9359 dr=80.3186 tol=1e-03
[C3+] step=306 |u[0]|=9.64N λ_n_max=1.058 η_n_max=1.279 primal=4.936 iters=25/25 lcp_res_max=nan
[ADMIT-GUARD] step=103 admit_active=0 latch=0/0 ee_z=0.148 gate_cap=0
[ALT-GATE] step=103 target_stable=0/0 allow_descent=1
[GS-tgt] step=103 ee=(+0.083,-0.003,+0.148) p_repos=(+0.080,+0.000,+0.030) ee_to_target=0.118m target_label=prev_repos target_changed=N delta=0.000m
[GS] step=103 mode=free switch=kStayInRepos best_k=0 best_src=prev_repos curr_cost=103121.40 repos_cost=150206.11 best_other=150206.11 met_progress=N steps_since_improve=101 switches=0
[STEP] step=103 mode=free t=1.030s ee=(+0.083,-0.003,+0.148) obj=(+0.000,+0.000,+0.050) goal_dist=0.300m switch=kStayInRepos target=(+0.080,+0.000,+0.144) ee_stride=0.005m ee_to_ptarget=0.118m landing_err=0.0165m ik_ok=Y ik_resid=0.0006m q_max_resid_deg=14.75 target_changed=Y retgt=N held_idx=1 held_cost=150206.11 won_cost=150206.11 margin=+0.00 won_src=prev_repos held_valid=Y reason=hold setpoint_to_ptarget=nanm finished_val=nanm finished_thresh=0.0200m pd_resid=nanm nextwp_to_ptarget=nanm guide_terminal_err=nanm
[GATE-EVOLVE] step=103 curr=103121.40 best_other=150206.11 ratio=0.6865 ee_to_optimal=0.0081m phi=0.0328m
[STAGE-A-TRACE] step=103 sim_t=1.030 mode=free phi=0.03277 box_xy=+0.00000,+0.00000 lam_n_ee_box=nan qy=+0.00001 qz=+0.00000 finished_repos=0
[DRAKE-CONTACT] step=103 n_pairs=1 ee_box_normal=0.000
[GATE-CONTACT] step=103 F_W=(+0.0000,+0.0000,+0.0000) F_on_box=(-0.0000,-0.0000,-0.0000) n_face_out=(-0.0000,-0.0000,-0.0000) A_is_ee=0 box_q=(+1.00000,-0.00001,+0.00001,+0.00000) box_p=(+0.00000,+0.00000,+0.04999) ee_p=(+0.08269,-0.00266,+0.14762)
[ADMM-C3+] primal: 6.1274->4.9359  dual: 109.8105->80.3186  mono=False  iters=25/25  rho=25.0
[ADMM-C3+] WARNING non-converged: pr=4.9359 dr=80.3186 tol=1e-03
[C3+] step=309 |u[0]|=9.56N λ_n_max=1.058 η_n_max=1.279 primal=4.936 iters=25/25 lcp_res_max=nan
[ADMIT-GUARD] step=104 admit_active=0 latch=0/0 ee_z=0.146 gate_cap=0
[ALT-GATE] step=104 target_stable=0/0 allow_descent=1
[GS-tgt] step=104 ee=(+0.083,-0.003,+0.146) p_repos=(+0.080,+0.000,+0.030) ee_to_target=0.116m target_label=prev_repos target_changed=N delta=0.000m
[GS] step=104 mode=free switch=kStayInRepos best_k=0 best_src=prev_repos curr_cost=103116.09 repos_cost=150206.71 best_other=150206.71 met_progress=N steps_since_improve=102 switches=0
[STEP] step=104 mode=free t=1.040s ee=(+0.083,-0.003,+0.146) obj=(+0.000,+0.000,+0.050) goal_dist=0.300m switch=kStayInRepos target=(+0.080,+0.000,+0.142) ee_stride=0.006m ee_to_ptarget=0.116m landing_err=0.0125m ik_ok=Y ik_resid=0.0006m q_max_resid_deg=15.10 target_changed=Y retgt=N held_idx=1 held_cost=150206.71 won_cost=150206.71 margin=+0.00 won_src=prev_repos held_valid=Y reason=hold setpoint_to_ptarget=nanm finished_val=nanm finished_thresh=0.0200m pd_resid=nanm nextwp_to_ptarget=nanm guide_terminal_err=nanm
[GATE-EVOLVE] step=104 curr=103116.09 best_other=150206.71 ratio=0.6865 ee_to_optimal=0.0083m phi=0.0315m
[STAGE-A-TRACE] step=104 sim_t=1.040 mode=free phi=0.03148 box_xy=+0.00000,+0.00000 lam_n_ee_box=nan qy=+0.00001 qz=+0.00000 finished_repos=0
[DRAKE-CONTACT] step=104 n_pairs=1 ee_box_normal=0.000
[GATE-CONTACT] step=104 F_W=(+0.0000,+0.0000,+0.0000) F_on_box=(-0.0000,-0.0000,-0.0000) n_face_out=(-0.0000,-0.0000,-0.0000) A_is_ee=0 box_q=(+1.00000,-0.00001,+0.00001,+0.00000) box_p=(+0.00000,+0.00000,+0.04999) ee_p=(+0.08276,-0.00286,+0.14601)
[ADMM-C3+] primal: 6.1274->4.9359  dual: 109.8105->80.3186  mono=False  iters=25/25  rho=25.0
[ADMM-C3+] WARNING non-converged: pr=4.9359 dr=80.3186 tol=1e-03
[C3+] step=312 |u[0]|=9.46N λ_n_max=1.058 η_n_max=1.279 primal=4.936 iters=25/25 lcp_res_max=nan
[ADMIT-GUARD] step=105 admit_active=0 latch=0/0 ee_z=0.144 gate_cap=0
[ALT-GATE] step=105 target_stable=0/0 allow_descent=1
[GS-tgt] step=105 ee=(+0.083,-0.003,+0.144) p_repos=(+0.080,+0.000,+0.030) ee_to_target=0.114m target_label=prev_repos target_changed=N delta=0.000m
[GS] step=105 mode=free switch=kStayInRepos best_k=0 best_src=prev_repos curr_cost=103110.00 repos_cost=150205.56 best_other=150205.56 met_progress=N steps_since_improve=103 switches=0
[STEP] step=105 mode=free t=1.050s ee=(+0.083,-0.003,+0.144) obj=(+0.000,+0.000,+0.050) goal_dist=0.300m switch=kStayInRepos target=(+0.080,+0.000,+0.140) ee_stride=0.006m ee_to_ptarget=0.114m landing_err=0.0085m ik_ok=Y ik_resid=0.0007m q_max_resid_deg=15.39 target_changed=Y retgt=N held_idx=1 held_cost=150205.56 won_cost=150205.56 margin=+0.00 won_src=prev_repos held_valid=Y reason=hold setpoint_to_ptarget=nanm finished_val=nanm finished_thresh=0.0200m pd_resid=nanm nextwp_to_ptarget=nanm guide_terminal_err=nanm
[GATE-EVOLVE] step=105 curr=103110.00 best_other=150205.56 ratio=0.6865 ee_to_optimal=0.0082m phi=0.0300m
[STAGE-A-TRACE] step=105 sim_t=1.050 mode=free phi=0.02998 box_xy=+0.00000,+0.00000 lam_n_ee_box=nan qy=+0.00001 qz=+0.00000 finished_repos=0
[DRAKE-CONTACT] step=105 n_pairs=1 ee_box_normal=0.000
[GATE-CONTACT] step=105 F_W=(+0.0000,+0.0000,+0.0000) F_on_box=(-0.0000,-0.0000,-0.0000) n_face_out=(-0.0000,-0.0000,-0.0000) A_is_ee=0 box_q=(+1.00000,-0.00001,+0.00001,+0.00000) box_p=(+0.00000,+0.00000,+0.04999) ee_p=(+0.08269,-0.00292,+0.14420)
[ADMM-C3+] primal: 6.1274->4.9359  dual: 109.8105->80.3186  mono=False  iters=25/25  rho=25.0
[ADMM-C3+] WARNING non-converged: pr=4.9359 dr=80.3186 tol=1e-03
[C3+] step=315 |u[0]|=9.36N λ_n_max=1.058 η_n_max=1.279 primal=4.936 iters=25/25 lcp_res_max=nan
[ADMIT-GUARD] step=106 admit_active=0 latch=0/0 ee_z=0.142 gate_cap=0
[ALT-GATE] step=106 target_stable=0/0 allow_descent=1
[GS-tgt] step=106 ee=(+0.083,-0.003,+0.142) p_repos=(+0.080,+0.000,+0.030) ee_to_target=0.112m target_label=prev_repos target_changed=N delta=0.000m
[GS] step=106 mode=free switch=kStayInRepos best_k=0 best_src=prev_repos curr_cost=103103.45 repos_cost=150234.76 best_other=150234.76 met_progress=N steps_since_improve=104 switches=0
[STEP] step=106 mode=free t=1.060s ee=(+0.083,-0.003,+0.142) obj=(+0.000,+0.000,+0.050) goal_dist=0.300m switch=kStayInRepos target=(+0.080,+0.000,+0.138) ee_stride=0.006m ee_to_ptarget=0.112m landing_err=0.0045m ik_ok=Y ik_resid=0.0007m q_max_resid_deg=15.65 target_changed=Y retgt=N held_idx=1 held_cost=150234.76 won_cost=150234.76 margin=+0.00 won_src=prev_repos held_valid=Y reason=hold setpoint_to_ptarget=nanm finished_val=nanm finished_thresh=0.0200m pd_resid=nanm nextwp_to_ptarget=nanm guide_terminal_err=nanm
[GATE-EVOLVE] step=106 curr=103103.45 best_other=150234.76 ratio=0.6863 ee_to_optimal=0.0081m phi=0.0284m
[STAGE-A-TRACE] step=106 sim_t=1.060 mode=free phi=0.02835 box_xy=+0.00000,+0.00000 lam_n_ee_box=nan qy=+0.00001 qz=+0.00000 finished_repos=0
[DRAKE-CONTACT] step=106 n_pairs=1 ee_box_normal=0.000
[GATE-CONTACT] step=106 F_W=(+0.0000,+0.0000,+0.0000) F_on_box=(-0.0000,-0.0000,-0.0000) n_face_out=(-0.0000,-0.0000,-0.0000) A_is_ee=0 box_q=(+1.00000,-0.00001,+0.00001,+0.00000) box_p=(+0.00000,+0.00000,+0.04999) ee_p=(+0.08254,-0.00289,+0.14227)
[ADMM-C3+] primal: 6.1274->4.9359  dual: 109.8105->80.3186  mono=False  iters=25/25  rho=25.0
[ADMM-C3+] WARNING non-converged: pr=4.9359 dr=80.3186 tol=1e-03
[C3+] step=318 |u[0]|=9.25N λ_n_max=1.058 η_n_max=1.279 primal=4.936 iters=25/25 lcp_res_max=nan
[ADMIT-GUARD] step=107 admit_active=0 latch=0/0 ee_z=0.140 gate_cap=0
[ALT-GATE] step=107 target_stable=0/0 allow_descent=1
[GS-tgt] step=107 ee=(+0.082,-0.003,+0.140) p_repos=(+0.080,+0.000,+0.030) ee_to_target=0.110m target_label=prev_repos target_changed=N delta=0.000m
[GS] step=107 mode=free switch=kStayInRepos best_k=0 best_src=prev_repos curr_cost=103096.70 repos_cost=150231.87 best_other=150231.87 met_progress=N steps_since_improve=105 switches=0
[STEP] step=107 mode=free t=1.070s ee=(+0.082,-0.003,+0.140) obj=(+0.000,+0.000,+0.050) goal_dist=0.300m switch=kStayInRepos target=(+0.080,+0.000,+0.136) ee_stride=0.005m ee_to_ptarget=0.110m landing_err=0.0005m ik_ok=Y ik_resid=0.0007m q_max_resid_deg=15.89 target_changed=Y retgt=N held_idx=1 held_cost=150231.87 won_cost=150231.87 margin=+0.00 won_src=prev_repos held_valid=Y reason=hold setpoint_to_ptarget=nanm finished_val=nanm finished_thresh=0.0200m pd_resid=nanm nextwp_to_ptarget=nanm guide_terminal_err=nanm
[GATE-EVOLVE] step=107 curr=103096.70 best_other=150231.87 ratio=0.6863 ee_to_optimal=0.0079m phi=0.0267m
[STAGE-A-TRACE] step=107 sim_t=1.070 mode=free phi=0.02665 box_xy=+0.00000,+0.00000 lam_n_ee_box=nan qy=+0.00001 qz=+0.00000 finished_repos=0
[DRAKE-CONTACT] step=107 n_pairs=1 ee_box_normal=0.000
[GATE-CONTACT] step=107 F_W=(+0.0000,+0.0000,+0.0000) F_on_box=(-0.0000,-0.0000,-0.0000) n_face_out=(-0.0000,-0.0000,-0.0000) A_is_ee=0 box_q=(+1.00000,-0.00001,+0.00001,+0.00000) box_p=(+0.00000,+0.00000,+0.04999) ee_p=(+0.08235,-0.00279,+0.14026)
[ADMM-C3+] primal: 6.1274->4.9359  dual: 109.8105->80.3186  mono=False  iters=25/25  rho=25.0
[ADMM-C3+] WARNING non-converged: pr=4.9359 dr=80.3186 tol=1e-03
[C3+] step=321 |u[0]|=9.14N λ_n_max=1.058 η_n_max=1.279 primal=4.936 iters=25/25 lcp_res_max=nan
[ADMIT-GUARD] step=108 admit_active=0 latch=0/0 ee_z=0.138 gate_cap=0
[ALT-GATE] step=108 target_stable=0/0 allow_descent=1
[GS-tgt] step=108 ee=(+0.082,-0.003,+0.138) p_repos=(+0.080,+0.000,+0.030) ee_to_target=0.108m target_label=prev_repos target_changed=N delta=0.000m
[GS] step=108 mode=free switch=kStayInRepos best_k=0 best_src=prev_repos curr_cost=103089.91 repos_cost=150228.71 best_other=150228.71 met_progress=N steps_since_improve=106 switches=0
[STEP] step=108 mode=free t=1.080s ee=(+0.082,-0.003,+0.138) obj=(+0.000,+0.000,+0.050) goal_dist=0.300m switch=kStayInRepos target=(+0.080,+0.000,+0.135) ee_stride=0.005m ee_to_ptarget=0.108m landing_err=0.0000m ik_ok=Y ik_resid=0.0007m q_max_resid_deg=15.63 target_changed=Y retgt=N held_idx=1 held_cost=150228.71 won_cost=150228.71 margin=+0.00 won_src=prev_repos held_valid=Y reason=hold setpoint_to_ptarget=nanm finished_val=nanm finished_thresh=0.0200m pd_resid=nanm nextwp_to_ptarget=nanm guide_terminal_err=nanm
[GATE-EVOLVE] step=108 curr=103089.91 best_other=150228.71 ratio=0.6862 ee_to_optimal=0.0076m phi=0.0249m
[STAGE-A-TRACE] step=108 sim_t=1.080 mode=free phi=0.02493 box_xy=+0.00000,+0.00000 lam_n_ee_box=nan qy=+0.00001 qz=+0.00000 finished_repos=0
[DRAKE-CONTACT] step=108 n_pairs=1 ee_box_normal=0.000
[GATE-CONTACT] step=108 F_W=(+0.0000,+0.0000,+0.0000) F_on_box=(-0.0000,-0.0000,-0.0000) n_face_out=(-0.0000,-0.0000,-0.0000) A_is_ee=0 box_q=(+1.00000,-0.00001,+0.00001,+0.00000) box_p=(+0.00000,+0.00000,+0.04999) ee_p=(+0.08214,-0.00265,+0.13821)
[ADMM-C3+] primal: 6.1274->4.9359  dual: 109.8105->80.3186  mono=False  iters=25/25  rho=25.0
[ADMM-C3+] WARNING non-converged: pr=4.9359 dr=80.3186 tol=1e-03
[C3+] step=324 |u[0]|=9.03N λ_n_max=1.058 η_n_max=1.279 primal=4.936 iters=25/25 lcp_res_max=nan
[ADMIT-GUARD] step=109 admit_active=0 latch=0/0 ee_z=0.136 gate_cap=0
[ALT-GATE] step=109 target_stable=0/0 allow_descent=1
[GS-tgt] step=109 ee=(+0.082,-0.002,+0.136) p_repos=(+0.080,+0.000,+0.030) ee_to_target=0.106m target_label=prev_repos target_changed=N delta=0.000m
[GS] step=109 mode=free switch=kStayInRepos best_k=0 best_src=prev_repos curr_cost=103083.19 repos_cost=150225.50 best_other=150225.50 met_progress=N steps_since_improve=107 switches=0
[STEP] step=109 mode=free t=1.090s ee=(+0.082,-0.002,+0.136) obj=(+0.000,+0.000,+0.050) goal_dist=0.300m switch=kStayInRepos target=(+0.080,+0.000,+0.133) ee_stride=0.005m ee_to_ptarget=0.106m landing_err=0.0000m ik_ok=Y ik_resid=0.0007m q_max_resid_deg=15.30 target_changed=Y retgt=N held_idx=1 held_cost=150225.50 won_cost=150225.50 margin=+0.00 won_src=prev_repos held_valid=Y reason=hold setpoint_to_ptarget=nanm finished_val=nanm finished_thresh=0.0200m pd_resid=nanm nextwp_to_ptarget=nanm guide_terminal_err=nanm
[GATE-EVOLVE] step=109 curr=103083.19 best_other=150225.50 ratio=0.6862 ee_to_optimal=0.0073m phi=0.0232m
[STAGE-A-TRACE] step=109 sim_t=1.090 mode=free phi=0.02322 box_xy=+0.00000,+0.00000 lam_n_ee_box=nan qy=+0.00001 qz=+0.00000 finished_repos=0
[DRAKE-CONTACT] step=109 n_pairs=1 ee_box_normal=0.000
[GATE-CONTACT] step=109 F_W=(+0.0000,+0.0000,+0.0000) F_on_box=(-0.0000,-0.0000,-0.0000) n_face_out=(-0.0000,-0.0000,-0.0000) A_is_ee=0 box_q=(+1.00000,-0.00001,+0.00001,+0.00000) box_p=(+0.00000,+0.00000,+0.04999) ee_p=(+0.08192,-0.00248,+0.13613)
[ADMM-C3+] primal: 6.1274->4.9359  dual: 109.8105->80.3186  mono=False  iters=25/25  rho=25.0
[ADMM-C3+] WARNING non-converged: pr=4.9359 dr=80.3186 tol=1e-03
[C3+] step=327 |u[0]|=8.92N λ_n_max=1.058 η_n_max=1.279 primal=4.936 iters=25/25 lcp_res_max=nan
[ADMIT-GUARD] step=110 admit_active=0 latch=0/0 ee_z=0.134 gate_cap=0
[ALT-GATE] step=110 target_stable=0/0 allow_descent=1
[GS-tgt] step=110 ee=(+0.082,-0.002,+0.134) p_repos=(+0.080,+0.000,+0.030) ee_to_target=0.104m target_label=prev_repos target_changed=N delta=0.000m
[IMP] step=110 mode=free |x_err|=0.0041m |tau_imp|=0.59Nm |tau_ff|=0.00Nm |tau_out|=0.59Nm sat=False lam_n=False lam_t=False
[GS] step=110 mode=free switch=kStayInRepos best_k=0 best_src=prev_repos curr_cost=103076.62 repos_cost=150222.38 best_other=150222.38 met_progress=N steps_since_improve=108 switches=0
[STEP] step=110 mode=free t=1.100s ee=(+0.082,-0.002,+0.134) obj=(+0.000,+0.000,+0.050) goal_dist=0.300m switch=kStayInRepos target=(+0.080,+0.000,+0.131) ee_stride=0.004m ee_to_ptarget=0.104m landing_err=0.0000m ik_ok=Y ik_resid=0.0006m q_max_resid_deg=14.97 target_changed=Y retgt=N held_idx=1 held_cost=150222.38 won_cost=150222.38 margin=+0.00 won_src=prev_repos held_valid=Y reason=hold setpoint_to_ptarget=nanm finished_val=nanm finished_thresh=0.0200m pd_resid=nanm nextwp_to_ptarget=nanm guide_terminal_err=nanm
[GATE-EVOLVE] step=110 curr=103076.62 best_other=150222.38 ratio=0.6862 ee_to_optimal=0.0071m phi=0.0215m
[STAGE-A-TRACE] step=110 sim_t=1.100 mode=free phi=0.02153 box_xy=+0.00000,+0.00000 lam_n_ee_box=nan qy=+0.00001 qz=+0.00000 finished_repos=0
[DRAKE-CONTACT] step=110 n_pairs=1 ee_box_normal=0.000
[GATE-CONTACT] step=110 F_W=(+0.0000,+0.0000,+0.0000) F_on_box=(-0.0000,-0.0000,-0.0000) n_face_out=(-0.0000,-0.0000,-0.0000) A_is_ee=0 box_q=(+1.00000,-0.00001,+0.00001,+0.00000) box_p=(+0.00000,+0.00000,+0.04999) ee_p=(+0.08171,-0.00230,+0.13405)
[ADMM-C3+] primal: 6.1274->4.9359  dual: 109.8105->80.3186  mono=False  iters=25/25  rho=25.0
[ADMM-C3+] WARNING non-converged: pr=4.9359 dr=80.3186 tol=1e-03
[C3+] step=330 |u[0]|=8.81N λ_n_max=1.058 η_n_max=1.279 primal=4.936 iters=25/25 lcp_res_max=nan
[ADMIT-GUARD] step=111 admit_active=0 latch=0/0 ee_z=0.132 gate_cap=0
[ALT-GATE] step=111 target_stable=0/0 allow_descent=1
[GS-tgt] step=111 ee=(+0.082,-0.002,+0.132) p_repos=(+0.080,+0.000,+0.030) ee_to_target=0.102m target_label=prev_repos target_changed=N delta=0.000m
[GS] step=111 mode=free switch=kStayInRepos best_k=0 best_src=prev_repos curr_cost=103070.24 repos_cost=150219.42 best_other=150219.42 met_progress=N steps_since_improve=109 switches=0
[STEP] step=111 mode=free t=1.110s ee=(+0.082,-0.002,+0.132) obj=(+0.000,+0.000,+0.050) goal_dist=0.300m switch=kStayInRepos target=(+0.080,+0.000,+0.129) ee_stride=0.004m ee_to_ptarget=0.102m landing_err=0.0000m ik_ok=Y ik_resid=0.0006m q_max_resid_deg=14.63 target_changed=Y retgt=N held_idx=1 held_cost=150219.42 won_cost=150219.42 margin=+0.00 won_src=prev_repos held_valid=Y reason=hold setpoint_to_ptarget=nanm finished_val=nanm finished_thresh=0.0200m pd_resid=nanm nextwp_to_ptarget=nanm guide_terminal_err=nanm
[GATE-EVOLVE] step=111 curr=103070.24 best_other=150219.42 ratio=0.6861 ee_to_optimal=0.0068m phi=0.0199m
[STAGE-A-TRACE] step=111 sim_t=1.110 mode=free phi=0.01990 box_xy=+0.00000,+0.00000 lam_n_ee_box=nan qy=+0.00001 qz=+0.00000 finished_repos=0
[DRAKE-CONTACT] step=111 n_pairs=1 ee_box_normal=0.000
[GATE-CONTACT] step=111 F_W=(+0.0000,+0.0000,+0.0000) F_on_box=(-0.0000,-0.0000,-0.0000) n_face_out=(-0.0000,-0.0000,-0.0000) A_is_ee=0 box_q=(+1.00000,-0.00001,+0.00001,+0.00000) box_p=(+0.00000,+0.00000,+0.04999) ee_p=(+0.08151,-0.00212,+0.13198)
[ADMM-C3+] primal: 6.1274->4.9359  dual: 109.8105->80.3186  mono=False  iters=25/25  rho=25.0
[ADMM-C3+] WARNING non-converged: pr=4.9359 dr=80.3186 tol=1e-03
[C3+] step=333 |u[0]|=8.71N λ_n_max=1.058 η_n_max=1.279 primal=4.936 iters=25/25 lcp_res_max=nan
[ADMIT-GUARD] step=112 admit_active=0 latch=0/0 ee_z=0.130 gate_cap=0
[ALT-GATE] step=112 target_stable=0/0 allow_descent=1
[GS-tgt] step=112 ee=(+0.081,-0.002,+0.130) p_repos=(+0.080,+0.000,+0.030) ee_to_target=0.100m target_label=prev_repos target_changed=N delta=0.000m
[GS] step=112 mode=free switch=kStayInRepos best_k=0 best_src=prev_repos curr_cost=103064.08 repos_cost=150216.67 best_other=150216.67 met_progress=N steps_since_improve=110 switches=0
[STEP] step=112 mode=free t=1.120s ee=(+0.081,-0.002,+0.130) obj=(+0.000,+0.000,+0.050) goal_dist=0.300m switch=kStayInRepos target=(+0.080,+0.000,+0.127) ee_stride=0.003m ee_to_ptarget=0.100m landing_err=0.0000m ik_ok=Y ik_resid=0.0006m q_max_resid_deg=14.30 target_changed=Y retgt=N held_idx=1 held_cost=150216.67 won_cost=150216.67 margin=+0.00 won_src=prev_repos held_valid=Y reason=hold setpoint_to_ptarget=nanm finished_val=nanm finished_thresh=0.0200m pd_resid=nanm nextwp_to_ptarget=nanm guide_terminal_err=nanm
[GATE-EVOLVE] step=112 curr=103064.08 best_other=150216.67 ratio=0.6861 ee_to_optimal=0.0066m phi=0.0183m
[STAGE-A-TRACE] step=112 sim_t=1.120 mode=free phi=0.01832 box_xy=+0.00000,+0.00000 lam_n_ee_box=nan qy=+0.00001 qz=+0.00000 finished_repos=0
[DRAKE-CONTACT] step=112 n_pairs=1 ee_box_normal=0.000
[GATE-CONTACT] step=112 F_W=(+0.0000,+0.0000,+0.0000) F_on_box=(-0.0000,-0.0000,-0.0000) n_face_out=(-0.0000,-0.0000,-0.0000) A_is_ee=0 box_q=(+1.00000,-0.00001,+0.00001,+0.00000) box_p=(+0.00000,+0.00000,+0.04999) ee_p=(+0.08133,-0.00193,+0.12992)
[ADMM-C3+] primal: 6.1274->4.9359  dual: 109.8105->80.3186  mono=False  iters=25/25  rho=25.0
[ADMM-C3+] WARNING non-converged: pr=4.9359 dr=80.3186 tol=1e-03
[C3+] step=336 |u[0]|=8.61N λ_n_max=1.058 η_n_max=1.279 primal=4.936 iters=25/25 lcp_res_max=nan
[ADMIT-GUARD] step=113 admit_active=0 latch=0/0 ee_z=0.128 gate_cap=0
[ALT-GATE] step=113 target_stable=0/0 allow_descent=1
[GS-tgt] step=113 ee=(+0.081,-0.002,+0.128) p_repos=(+0.080,+0.000,+0.030) ee_to_target=0.098m target_label=prev_repos target_changed=N delta=0.000m
[GS] step=113 mode=free switch=kStayInRepos best_k=0 best_src=prev_repos curr_cost=103058.15 repos_cost=150214.15 best_other=150214.15 met_progress=N steps_since_improve=111 switches=0
[STEP] step=113 mode=free t=1.130s ee=(+0.081,-0.002,+0.128) obj=(+0.000,+0.000,+0.050) goal_dist=0.300m switch=kStayInRepos target=(+0.080,+0.000,+0.126) ee_stride=0.003m ee_to_ptarget=0.098m landing_err=0.0000m ik_ok=Y ik_resid=0.0006m q_max_resid_deg=13.98 target_changed=Y retgt=N held_idx=1 held_cost=150214.15 won_cost=150214.15 margin=+0.00 won_src=prev_repos held_valid=Y reason=hold setpoint_to_ptarget=nanm finished_val=nanm finished_thresh=0.0200m pd_resid=nanm nextwp_to_ptarget=nanm guide_terminal_err=nanm
[GATE-EVOLVE] step=113 curr=103058.15 best_other=150214.15 ratio=0.6861 ee_to_optimal=0.0064m phi=0.0168m
[STAGE-A-TRACE] step=113 sim_t=1.130 mode=free phi=0.01682 box_xy=+0.00000,+0.00000 lam_n_ee_box=nan qy=+0.00001 qz=+0.00000 finished_repos=0
[DRAKE-CONTACT] step=113 n_pairs=1 ee_box_normal=0.000
[GATE-CONTACT] step=113 F_W=(+0.0000,+0.0000,+0.0000) F_on_box=(-0.0000,-0.0000,-0.0000) n_face_out=(-0.0000,-0.0000,-0.0000) A_is_ee=0 box_q=(+1.00000,-0.00001,+0.00001,+0.00000) box_p=(+0.00000,+0.00000,+0.04999) ee_p=(+0.08116,-0.00176,+0.12788)
[ADMM-C3+] primal: 6.1274->4.9359  dual: 109.8105->80.3186  mono=False  iters=25/25  rho=25.0
[ADMM-C3+] WARNING non-converged: pr=4.9359 dr=80.3186 tol=1e-03
[C3+] step=339 |u[0]|=8.51N λ_n_max=1.058 η_n_max=1.279 primal=4.936 iters=25/25 lcp_res_max=nan
[ADMIT-GUARD] step=114 admit_active=0 latch=0/0 ee_z=0.126 gate_cap=0
[ALT-GATE] step=114 target_stable=0/0 allow_descent=1
[GS-tgt] step=114 ee=(+0.081,-0.002,+0.126) p_repos=(+0.080,+0.000,+0.030) ee_to_target=0.096m target_label=prev_repos target_changed=N delta=0.000m
[GS] step=114 mode=free switch=kStayInRepos best_k=0 best_src=prev_repos curr_cost=103052.46 repos_cost=150211.86 best_other=150211.86 met_progress=N steps_since_improve=112 switches=0
[STEP] step=114 mode=free t=1.140s ee=(+0.081,-0.002,+0.126) obj=(+0.000,+0.000,+0.050) goal_dist=0.300m switch=kStayInRepos target=(+0.080,+0.000,+0.124) ee_stride=0.003m ee_to_ptarget=0.096m landing_err=0.0000m ik_ok=Y ik_resid=0.0005m q_max_resid_deg=13.66 target_changed=Y retgt=N held_idx=1 held_cost=150211.86 won_cost=150211.86 margin=+0.00 won_src=prev_repos held_valid=Y reason=hold setpoint_to_ptarget=nanm finished_val=nanm finished_thresh=0.0200m pd_resid=nanm nextwp_to_ptarget=nanm guide_terminal_err=nanm
[GATE-EVOLVE] step=114 curr=103052.46 best_other=150211.86 ratio=0.6860 ee_to_optimal=0.0062m phi=0.0154m
[STAGE-A-TRACE] step=114 sim_t=1.140 mode=free phi=0.01538 box_xy=+0.00000,+0.00000 lam_n_ee_box=nan qy=+0.00001 qz=+0.00000 finished_repos=0
[DRAKE-CONTACT] step=114 n_pairs=1 ee_box_normal=0.000
[GATE-CONTACT] step=114 F_W=(+0.0000,+0.0000,+0.0000) F_on_box=(-0.0000,-0.0000,-0.0000) n_face_out=(-0.0000,-0.0000,-0.0000) A_is_ee=0 box_q=(+1.00000,-0.00001,+0.00001,+0.00000) box_p=(+0.00000,+0.00000,+0.04999) ee_p=(+0.08101,-0.00160,+0.12586)
[ADMM-C3+] primal: 6.1274->4.9359  dual: 109.8105->80.3186  mono=False  iters=25/25  rho=25.0
[ADMM-C3+] WARNING non-converged: pr=4.9359 dr=80.3186 tol=1e-03
[C3+] step=342 |u[0]|=8.41N λ_n_max=1.058 η_n_max=1.279 primal=4.936 iters=25/25 lcp_res_max=nan
[ADMIT-GUARD] step=115 admit_active=0 latch=0/0 ee_z=0.124 gate_cap=0
[ALT-GATE] step=115 target_stable=0/0 allow_descent=1
[GS-tgt] step=115 ee=(+0.081,-0.001,+0.124) p_repos=(+0.080,+0.000,+0.030) ee_to_target=0.094m target_label=prev_repos target_changed=N delta=0.000m
[GS] step=115 mode=free switch=kStayInRepos best_k=0 best_src=prev_repos curr_cost=103046.99 repos_cost=150209.79 best_other=150209.79 met_progress=N steps_since_improve=113 switches=0
[STEP] step=115 mode=free t=1.150s ee=(+0.081,-0.001,+0.124) obj=(+0.000,+0.000,+0.050) goal_dist=0.300m switch=kStayInRepos target=(+0.080,+0.000,+0.122) ee_stride=0.002m ee_to_ptarget=0.094m landing_err=0.0000m ik_ok=Y ik_resid=0.0005m q_max_resid_deg=13.35 target_changed=Y retgt=N held_idx=1 held_cost=150209.79 won_cost=150209.79 margin=+0.00 won_src=prev_repos held_valid=Y reason=hold setpoint_to_ptarget=nanm finished_val=nanm finished_thresh=0.0200m pd_resid=nanm nextwp_to_ptarget=nanm guide_terminal_err=nanm
[GATE-EVOLVE] step=115 curr=103046.99 best_other=150209.79 ratio=0.6860 ee_to_optimal=0.0061m phi=0.0140m
[STAGE-A-TRACE] step=115 sim_t=1.150 mode=free phi=0.01403 box_xy=+0.00000,+0.00000 lam_n_ee_box=nan qy=+0.00001 qz=+0.00000 finished_repos=0
[DRAKE-CONTACT] step=115 n_pairs=1 ee_box_normal=0.000
[GATE-CONTACT] step=115 F_W=(+0.0000,+0.0000,+0.0000) F_on_box=(-0.0000,-0.0000,-0.0000) n_face_out=(-0.0000,-0.0000,-0.0000) A_is_ee=0 box_q=(+1.00000,-0.00001,+0.00001,+0.00000) box_p=(+0.00000,+0.00000,+0.04999) ee_p=(+0.08088,-0.00145,+0.12386)
[ADMM-C3+] primal: 6.1274->4.9359  dual: 109.8105->80.3186  mono=False  iters=25/25  rho=25.0
[ADMM-C3+] WARNING non-converged: pr=4.9359 dr=80.3186 tol=1e-03
[C3+] step=345 |u[0]|=8.32N λ_n_max=1.058 η_n_max=1.279 primal=4.936 iters=25/25 lcp_res_max=nan
[ADMIT-GUARD] step=116 admit_active=0 latch=0/0 ee_z=0.122 gate_cap=0
[ALT-GATE] step=116 target_stable=0/0 allow_descent=1
[GS-tgt] step=116 ee=(+0.081,-0.001,+0.122) p_repos=(+0.080,+0.000,+0.030) ee_to_target=0.092m target_label=prev_repos target_changed=N delta=0.000m
[GS] step=116 mode=free switch=kStayInRepos best_k=0 best_src=prev_repos curr_cost=103041.75 repos_cost=150207.92 best_other=150207.92 met_progress=N steps_since_improve=114 switches=0
[STEP] step=116 mode=free t=1.160s ee=(+0.081,-0.001,+0.122) obj=(+0.000,+0.000,+0.050) goal_dist=0.300m switch=kStayInRepos target=(+0.080,+0.000,+0.120) ee_stride=0.002m ee_to_ptarget=0.092m landing_err=0.0000m ik_ok=Y ik_resid=0.0005m q_max_resid_deg=13.04 target_changed=Y retgt=N held_idx=1 held_cost=150207.92 won_cost=150207.92 margin=+0.00 won_src=prev_repos held_valid=Y reason=hold setpoint_to_ptarget=nanm finished_val=nanm finished_thresh=0.0200m pd_resid=nanm nextwp_to_ptarget=nanm guide_terminal_err=nanm
[GATE-EVOLVE] step=116 curr=103041.75 best_other=150207.92 ratio=0.6860 ee_to_optimal=0.0059m phi=0.0128m
[STAGE-A-TRACE] step=116 sim_t=1.160 mode=free phi=0.01275 box_xy=+0.00000,+0.00000 lam_n_ee_box=nan qy=+0.00001 qz=+0.00000 finished_repos=0
[DRAKE-CONTACT] step=116 n_pairs=1 ee_box_normal=0.000
[GATE-CONTACT] step=116 F_W=(+0.0000,+0.0000,+0.0000) F_on_box=(-0.0000,-0.0000,-0.0000) n_face_out=(-0.0000,-0.0000,-0.0000) A_is_ee=0 box_q=(+1.00000,-0.00001,+0.00001,+0.00000) box_p=(+0.00000,+0.00000,+0.04999) ee_p=(+0.08076,-0.00132,+0.12188)
[ADMM-C3+] primal: 6.1274->4.9359  dual: 109.8105->80.3186  mono=False  iters=25/25  rho=25.0
[ADMM-C3+] WARNING non-converged: pr=4.9359 dr=80.3186 tol=1e-03
[C3+] step=348 |u[0]|=8.23N λ_n_max=1.058 η_n_max=1.279 primal=4.936 iters=25/25 lcp_res_max=nan
[ADMIT-GUARD] step=117 admit_active=0 latch=0/0 ee_z=0.120 gate_cap=0
[ALT-GATE] step=117 target_stable=0/0 allow_descent=1
[GS-tgt] step=117 ee=(+0.081,-0.001,+0.120) p_repos=(+0.080,+0.000,+0.030) ee_to_target=0.090m target_label=prev_repos target_changed=N delta=0.000m
[GS] step=117 mode=free switch=kStayInRepos best_k=0 best_src=prev_repos curr_cost=103036.71 repos_cost=150206.24 best_other=150206.24 met_progress=N steps_since_improve=115 switches=0
[STEP] step=117 mode=free t=1.170s ee=(+0.081,-0.001,+0.120) obj=(+0.000,+0.000,+0.050) goal_dist=0.300m switch=kStayInRepos target=(+0.080,+0.000,+0.118) ee_stride=0.002m ee_to_ptarget=0.090m landing_err=0.0000m ik_ok=Y ik_resid=0.0005m q_max_resid_deg=12.74 target_changed=Y retgt=N held_idx=1 held_cost=150206.24 won_cost=150206.24 margin=+0.00 won_src=prev_repos held_valid=Y reason=hold setpoint_to_ptarget=nanm finished_val=nanm finished_thresh=0.0200m pd_resid=nanm nextwp_to_ptarget=nanm guide_terminal_err=nanm
[GATE-EVOLVE] step=117 curr=103036.71 best_other=150206.24 ratio=0.6860 ee_to_optimal=0.0058m phi=0.0116m
[STAGE-A-TRACE] step=117 sim_t=1.170 mode=free phi=0.01157 box_xy=+0.00000,+0.00000 lam_n_ee_box=nan qy=+0.00001 qz=+0.00000 finished_repos=0
[DRAKE-CONTACT] step=117 n_pairs=1 ee_box_normal=0.000
[GATE-CONTACT] step=117 F_W=(+0.0000,+0.0000,+0.0000) F_on_box=(-0.0000,-0.0000,-0.0000) n_face_out=(-0.0000,-0.0000,-0.0000) A_is_ee=0 box_q=(+1.00000,-0.00001,+0.00001,+0.00000) box_p=(+0.00000,+0.00000,+0.04999) ee_p=(+0.08066,-0.00120,+0.11992)
[ADMM-C3+] primal: 6.1274->4.9359  dual: 109.8105->80.3186  mono=False  iters=25/25  rho=25.0
[ADMM-C3+] WARNING non-converged: pr=4.9359 dr=80.3186 tol=1e-03
[C3+] step=351 |u[0]|=8.14N λ_n_max=1.058 η_n_max=1.279 primal=4.936 iters=25/25 lcp_res_max=nan
[ADMIT-GUARD] step=118 admit_active=0 latch=0/0 ee_z=0.118 gate_cap=0
[ALT-GATE] step=118 target_stable=0/0 allow_descent=1
[GS-tgt] step=118 ee=(+0.081,-0.001,+0.118) p_repos=(+0.080,+0.000,+0.030) ee_to_target=0.088m target_label=prev_repos target_changed=N delta=0.000m
[GS] step=118 mode=free switch=kStayInRepos best_k=0 best_src=prev_repos curr_cost=103031.89 repos_cost=150204.74 best_other=150204.74 met_progress=N steps_since_improve=116 switches=0
[STEP] step=118 mode=free t=1.180s ee=(+0.081,-0.001,+0.118) obj=(+0.000,+0.000,+0.050) goal_dist=0.300m switch=kStayInRepos target=(+0.080,+0.000,+0.117) ee_stride=0.002m ee_to_ptarget=0.088m landing_err=0.0000m ik_ok=Y ik_resid=0.0004m q_max_resid_deg=12.44 target_changed=Y retgt=N held_idx=1 held_cost=150204.74 won_cost=150204.74 margin=+0.00 won_src=prev_repos held_valid=Y reason=hold setpoint_to_ptarget=nanm finished_val=nanm finished_thresh=0.0200m pd_resid=nanm nextwp_to_ptarget=nanm guide_terminal_err=nanm
[GATE-EVOLVE] step=118 curr=103031.89 best_other=150204.74 ratio=0.6859 ee_to_optimal=0.0057m phi=0.0105m
[STAGE-A-TRACE] step=118 sim_t=1.180 mode=free phi=0.01047 box_xy=+0.00000,+0.00000 lam_n_ee_box=nan qy=+0.00001 qz=+0.00000 finished_repos=0
[DRAKE-CONTACT] step=118 n_pairs=1 ee_box_normal=0.000
[GATE-CONTACT] step=118 F_W=(+0.0000,+0.0000,+0.0000) F_on_box=(-0.0000,-0.0000,-0.0000) n_face_out=(-0.0000,-0.0000,-0.0000) A_is_ee=0 box_q=(+1.00000,-0.00001,+0.00001,+0.00000) box_p=(+0.00000,+0.00000,+0.04999) ee_p=(+0.08057,-0.00109,+0.11798)
[ADMM-C3+] primal: 6.1274->4.9359  dual: 109.8105->80.3186  mono=False  iters=25/25  rho=25.0
[ADMM-C3+] WARNING non-converged: pr=4.9359 dr=80.3186 tol=1e-03
[C3+] step=354 |u[0]|=8.06N λ_n_max=1.058 η_n_max=1.279 primal=4.936 iters=25/25 lcp_res_max=nan
[ADMIT-GUARD] step=119 admit_active=0 latch=0/0 ee_z=0.116 gate_cap=0
[ALT-GATE] step=119 target_stable=0/0 allow_descent=1
[GS-tgt] step=119 ee=(+0.080,-0.001,+0.116) p_repos=(+0.080,+0.000,+0.030) ee_to_target=0.086m target_label=prev_repos target_changed=N delta=0.000m
[GS] step=119 mode=free switch=kStayInRepos best_k=0 best_src=prev_repos curr_cost=103027.25 repos_cost=150203.38 best_other=150203.38 met_progress=N steps_since_improve=117 switches=0
[STEP] step=119 mode=free t=1.190s ee=(+0.080,-0.001,+0.116) obj=(+0.000,+0.000,+0.050) goal_dist=0.300m switch=kStayInRepos target=(+0.080,+0.000,+0.115) ee_stride=0.002m ee_to_ptarget=0.086m landing_err=0.0000m ik_ok=Y ik_resid=0.0004m q_max_resid_deg=12.15 target_changed=Y retgt=N held_idx=1 held_cost=150203.38 won_cost=150203.38 margin=+0.00 won_src=prev_repos held_valid=Y reason=hold setpoint_to_ptarget=nanm finished_val=nanm finished_thresh=0.0200m pd_resid=nanm nextwp_to_ptarget=nanm guide_terminal_err=nanm
[GATE-EVOLVE] step=119 curr=103027.25 best_other=150203.38 ratio=0.6859 ee_to_optimal=0.0056m phi=0.0095m
[STAGE-A-TRACE] step=119 sim_t=1.190 mode=free phi=0.00947 box_xy=+0.00000,+0.00000 lam_n_ee_box=nan qy=+0.00001 qz=+0.00000 finished_repos=0
[DRAKE-CONTACT] step=119 n_pairs=1 ee_box_normal=0.000
[GATE-CONTACT] step=119 F_W=(+0.0000,+0.0000,+0.0000) F_on_box=(-0.0000,-0.0000,-0.0000) n_face_out=(-0.0000,-0.0000,-0.0000) A_is_ee=0 box_q=(+1.00000,-0.00001,+0.00001,+0.00000) box_p=(+0.00000,+0.00000,+0.04999) ee_p=(+0.08049,-0.00100,+0.11606)
[ADMM-C3+] primal: 6.1326->4.9370  dual: 109.5847->80.3367  mono=False  iters=25/25  rho=25.0
[ADMM-C3+] WARNING non-converged: pr=4.9370 dr=80.3367 tol=1e-03
[C3+] step=357 |u[0]|=7.92N λ_n_max=1.060 η_n_max=1.280 primal=4.937 iters=25/25 lcp_res_max=nan
[ADMIT-GUARD] step=120 admit_active=0 latch=0/0 ee_z=0.114 gate_cap=0
[ALT-GATE] step=120 target_stable=0/0 allow_descent=1
[GS-tgt] step=120 ee=(+0.080,-0.001,+0.114) p_repos=(+0.080,+0.000,+0.030) ee_to_target=0.084m target_label=prev_repos target_changed=N delta=0.000m
[IMP] step=120 mode=free |x_err|=0.0015m |tau_imp|=1.02Nm |tau_ff|=0.00Nm |tau_out|=1.02Nm sat=False lam_n=False lam_t=False
[GS] step=120 mode=free switch=kStayInRepos best_k=0 best_src=prev_repos curr_cost=103022.52 repos_cost=150202.15 best_other=150202.15 met_progress=N steps_since_improve=118 switches=0
[STEP] step=120 mode=free t=1.200s ee=(+0.080,-0.001,+0.114) obj=(+0.000,+0.000,+0.050) goal_dist=0.300m switch=kStayInRepos target=(+0.080,+0.000,+0.113) ee_stride=0.001m ee_to_ptarget=0.084m landing_err=0.0000m ik_ok=Y ik_resid=0.0004m q_max_resid_deg=11.86 target_changed=Y retgt=N held_idx=1 held_cost=150202.15 won_cost=150202.15 margin=+0.00 won_src=prev_repos held_valid=Y reason=hold setpoint_to_ptarget=nanm finished_val=nanm finished_thresh=0.0200m pd_resid=nanm nextwp_to_ptarget=nanm guide_terminal_err=nanm
[GATE-EVOLVE] step=120 curr=103022.52 best_other=150202.15 ratio=0.6859 ee_to_optimal=0.0055m phi=0.0086m
[STAGE-A-TRACE] step=120 sim_t=1.200 mode=free phi=0.00856 box_xy=+0.00000,+0.00000 lam_n_ee_box=nan qy=+0.00001 qz=+0.00000 finished_repos=0
[GS-table] step=120
  k=0 (current   ) pos=(+0.080,-0.001,+0.114) c_C3= 133022.52 align=1.0000(bonus=30000.00) rot=+0.0000(bonus=    0.00) travel=0.000m(pen=  0.00) c_sample= 103022.52 feas=Y ik_err=0.0000m  ← WIN
  k=1 (prev_repos) pos=(+0.080,+0.000,+0.030) c_C3= 180185.32 align=1.0000(bonus=30000.00) rot=+0.0000(bonus=    0.00) travel=0.084m(pen= 16.83) c_sample= 150202.15 feas=Y ik_err=0.0000m
  k=2 (strat_0   ) pos=(+0.080,+0.000,+0.030) c_C3= 180185.32 align=1.0000(bonus=30000.00) rot=+0.0000(bonus=    0.00) travel=0.084m(pen= 16.83) c_sample= 150202.15 feas=Y ik_err=0.0000m
[DRAKE-CONTACT] step=120 n_pairs=1 ee_box_normal=0.000
[GATE-CONTACT] step=120 F_W=(+0.0000,+0.0000,+0.0000) F_on_box=(-0.0000,-0.0000,-0.0000) n_face_out=(-0.0000,-0.0000,-0.0000) A_is_ee=0 box_q=(+1.00000,-0.00001,+0.00001,+0.00000) box_p=(+0.00000,+0.00000,+0.04999) ee_p=(+0.08042,-0.00091,+0.11416)
[PERSIST] step=121 refresh n_strategy=1 samples=[(-0.0229, 0.08, 0.03)]
[ADMM-C3+] primal: 6.1326->4.9370  dual: 109.5847->80.3367  mono=False  iters=25/25  rho=25.0
[ADMM-C3+] WARNING non-converged: pr=4.9370 dr=80.3367 tol=1e-03
[C3+] step=360 |u[0]|=7.84N λ_n_max=1.060 η_n_max=1.280 primal=4.937 iters=25/25 lcp_res_max=nan
[ADMIT-GUARD] step=121 admit_active=0 latch=0/0 ee_z=0.112 gate_cap=0
[ALT-GATE] step=121 target_stable=0/0 allow_descent=1
[GS-tgt] step=121 ee=(+0.080,-0.001,+0.112) p_repos=(+0.080,+0.000,+0.030) ee_to_target=0.082m target_label=prev_repos target_changed=N delta=0.000m
[GS] step=121 mode=free switch=kStayInRepos best_k=0 best_src=prev_repos curr_cost=103018.23 repos_cost=150201.05 best_other=150201.05 met_progress=N steps_since_improve=119 switches=0
[STEP] step=121 mode=free t=1.210s ee=(+0.080,-0.001,+0.112) obj=(+0.000,+0.000,+0.050) goal_dist=0.300m switch=kStayInRepos target=(+0.080,+0.000,+0.111) ee_stride=0.001m ee_to_ptarget=0.082m landing_err=0.0000m ik_ok=Y ik_resid=0.0004m q_max_resid_deg=11.58 target_changed=Y retgt=N held_idx=1 held_cost=150201.05 won_cost=150201.05 margin=+0.00 won_src=prev_repos held_valid=Y reason=hold setpoint_to_ptarget=nanm finished_val=nanm finished_thresh=0.0200m pd_resid=nanm nextwp_to_ptarget=nanm guide_terminal_err=nanm
[GATE-EVOLVE] step=121 curr=103018.23 best_other=150201.05 ratio=0.6859 ee_to_optimal=0.0054m phi=0.0078m
[STAGE-A-TRACE] step=121 sim_t=1.210 mode=free phi=0.00775 box_xy=+0.00000,+0.00000 lam_n_ee_box=nan qy=+0.00001 qz=+0.00000 finished_repos=0
[DRAKE-CONTACT] step=121 n_pairs=1 ee_box_normal=0.000
[GATE-CONTACT] step=121 F_W=(+0.0000,+0.0000,+0.0000) F_on_box=(-0.0000,-0.0000,-0.0000) n_face_out=(-0.0000,-0.0000,-0.0000) A_is_ee=0 box_q=(+1.00000,-0.00001,+0.00001,+0.00000) box_p=(+0.00000,+0.00000,+0.04999) ee_p=(+0.08037,-0.00084,+0.11227)
[ADMM-C3+] primal: 6.1326->4.9370  dual: 109.5847->80.3367  mono=False  iters=25/25  rho=25.0
[ADMM-C3+] WARNING non-converged: pr=4.9370 dr=80.3367 tol=1e-03
[C3+] step=363 |u[0]|=7.77N λ_n_max=1.060 η_n_max=1.280 primal=4.937 iters=25/25 lcp_res_max=nan
[ADMIT-GUARD] step=122 admit_active=0 latch=0/0 ee_z=0.110 gate_cap=0
[ALT-GATE] step=122 target_stable=0/0 allow_descent=1
[GS-tgt] step=122 ee=(+0.080,-0.001,+0.110) p_repos=(+0.080,+0.000,+0.030) ee_to_target=0.080m target_label=prev_repos target_changed=N delta=0.000m
[GS] step=122 mode=free switch=kStayInRepos best_k=0 best_src=prev_repos curr_cost=103014.10 repos_cost=150200.05 best_other=150200.05 met_progress=N steps_since_improve=120 switches=0
[STEP] step=122 mode=free t=1.220s ee=(+0.080,-0.001,+0.110) obj=(+0.000,+0.000,+0.050) goal_dist=0.300m switch=kStayInRepos target=(+0.080,+0.000,+0.109) ee_stride=0.001m ee_to_ptarget=0.080m landing_err=0.0000m ik_ok=Y ik_resid=0.0004m q_max_resid_deg=11.30 target_changed=Y retgt=N held_idx=1 held_cost=150200.05 won_cost=150200.05 margin=+0.00 won_src=prev_repos held_valid=Y reason=hold setpoint_to_ptarget=nanm finished_val=nanm finished_thresh=0.0200m pd_resid=nanm nextwp_to_ptarget=nanm guide_terminal_err=nanm
[GATE-EVOLVE] step=122 curr=103014.10 best_other=150200.05 ratio=0.6858 ee_to_optimal=0.0054m phi=0.0070m
[STAGE-A-TRACE] step=122 sim_t=1.220 mode=free phi=0.00705 box_xy=+0.00000,+0.00000 lam_n_ee_box=nan qy=+0.00001 qz=+0.00000 finished_repos=0
[DRAKE-CONTACT] step=122 n_pairs=1 ee_box_normal=0.000
[GATE-CONTACT] step=122 F_W=(+0.0000,+0.0000,+0.0000) F_on_box=(-0.0000,-0.0000,-0.0000) n_face_out=(-0.0000,-0.0000,-0.0000) A_is_ee=0 box_q=(+1.00000,-0.00001,+0.00001,+0.00000) box_p=(+0.00000,+0.00000,+0.04999) ee_p=(+0.08032,-0.00078,+0.11039)
[ADMM-C3+] primal: 6.1326->4.9370  dual: 109.5847->80.3367  mono=False  iters=25/25  rho=25.0
[ADMM-C3+] WARNING non-converged: pr=4.9370 dr=80.3367 tol=1e-03
[C3+] step=366 |u[0]|=7.69N λ_n_max=1.060 η_n_max=1.280 primal=4.937 iters=25/25 lcp_res_max=nan
[ADMIT-GUARD] step=123 admit_active=0 latch=0/0 ee_z=0.109 gate_cap=0
[ALT-GATE] step=123 target_stable=0/0 allow_descent=1
[GS-tgt] step=123 ee=(+0.080,-0.001,+0.109) p_repos=(+0.080,+0.000,+0.030) ee_to_target=0.079m target_label=prev_repos target_changed=N delta=0.000m
[GS] step=123 mode=free switch=kStayInRepos best_k=0 best_src=prev_repos curr_cost=103010.14 repos_cost=150199.13 best_other=150199.13 met_progress=N steps_since_improve=121 switches=0
[STEP] step=123 mode=free t=1.230s ee=(+0.080,-0.001,+0.109) obj=(+0.000,+0.000,+0.050) goal_dist=0.300m switch=kStayInRepos target=(+0.080,+0.000,+0.108) ee_stride=0.001m ee_to_ptarget=0.079m landing_err=0.0000m ik_ok=Y ik_resid=0.0003m q_max_resid_deg=11.02 target_changed=Y retgt=N held_idx=1 held_cost=150199.13 won_cost=150199.13 margin=+0.00 won_src=prev_repos held_valid=Y reason=hold setpoint_to_ptarget=nanm finished_val=nanm finished_thresh=0.0200m pd_resid=nanm nextwp_to_ptarget=nanm guide_terminal_err=nanm
[GATE-EVOLVE] step=123 curr=103010.14 best_other=150199.13 ratio=0.6858 ee_to_optimal=0.0053m phi=0.0065m
[STAGE-A-TRACE] step=123 sim_t=1.230 mode=free phi=0.00645 box_xy=+0.00000,+0.00000 lam_n_ee_box=nan qy=+0.00001 qz=+0.00000 finished_repos=0
[DRAKE-CONTACT] step=123 n_pairs=1 ee_box_normal=0.000
[GATE-CONTACT] step=123 F_W=(+0.0000,+0.0000,+0.0000) F_on_box=(-0.0000,-0.0000,-0.0000) n_face_out=(-0.0000,-0.0000,-0.0000) A_is_ee=0 box_q=(+1.00000,-0.00001,+0.00001,+0.00000) box_p=(+0.00000,+0.00000,+0.04999) ee_p=(+0.08027,-0.00073,+0.10853)
[ADMM-C3+] primal: 6.1326->4.9370  dual: 109.5847->80.3367  mono=False  iters=25/25  rho=25.0
[ADMM-C3+] WARNING non-converged: pr=4.9370 dr=80.3367 tol=1e-03
[C3+] step=369 |u[0]|=7.62N λ_n_max=1.060 η_n_max=1.280 primal=4.937 iters=25/25 lcp_res_max=nan
[ADMIT-GUARD] step=124 admit_active=0 latch=0/0 ee_z=0.107 gate_cap=0
[ALT-GATE] step=124 target_stable=0/0 allow_descent=1
[GS-tgt] step=124 ee=(+0.080,-0.001,+0.107) p_repos=(+0.080,+0.000,+0.030) ee_to_target=0.077m target_label=prev_repos target_changed=N delta=0.000m
[GS] step=124 mode=free switch=kStayInRepos best_k=0 best_src=prev_repos curr_cost=103006.32 repos_cost=150198.30 best_other=150198.30 met_progress=N steps_since_improve=122 switches=0
[STEP] step=124 mode=free t=1.240s ee=(+0.080,-0.001,+0.107) obj=(+0.000,+0.000,+0.050) goal_dist=0.300m switch=kStayInRepos target=(+0.080,+0.000,+0.106) ee_stride=0.001m ee_to_ptarget=0.077m landing_err=0.0000m ik_ok=Y ik_resid=0.0003m q_max_resid_deg=10.75 target_changed=Y retgt=N held_idx=1 held_cost=150198.30 won_cost=150198.30 margin=+0.00 won_src=prev_repos held_valid=Y reason=hold setpoint_to_ptarget=nanm finished_val=nanm finished_thresh=0.0200m pd_resid=nanm nextwp_to_ptarget=nanm guide_terminal_err=nanm
[GATE-EVOLVE] step=124 curr=103006.32 best_other=150198.30 ratio=0.6858 ee_to_optimal=0.0053m phi=0.0060m
[STAGE-A-TRACE] step=124 sim_t=1.240 mode=free phi=0.00596 box_xy=+0.00000,+0.00000 lam_n_ee_box=nan qy=+0.00001 qz=+0.00000 finished_repos=0
[DRAKE-CONTACT] step=124 n_pairs=1 ee_box_normal=0.000
[GATE-CONTACT] step=124 F_W=(+0.0000,+0.0000,+0.0000) F_on_box=(-0.0000,-0.0000,-0.0000) n_face_out=(-0.0000,-0.0000,-0.0000) A_is_ee=0 box_q=(+1.00000,-0.00001,+0.00001,+0.00000) box_p=(+0.00000,+0.00000,+0.04999) ee_p=(+0.08023,-0.00069,+0.10667)
[ADMM-C3+] primal: 6.1326->4.9370  dual: 109.5847->80.3367  mono=False  iters=25/25  rho=25.0
[ADMM-C3+] WARNING non-converged: pr=4.9370 dr=80.3367 tol=1e-03
[C3+] step=372 |u[0]|=7.55N λ_n_max=1.060 η_n_max=1.280 primal=4.937 iters=25/25 lcp_res_max=nan
[ADMIT-GUARD] step=125 admit_active=0 latch=0/0 ee_z=0.105 gate_cap=0
[ALT-GATE] step=125 target_stable=0/0 allow_descent=1
[GS-tgt] step=125 ee=(+0.080,-0.001,+0.105) p_repos=(+0.080,+0.000,+0.030) ee_to_target=0.075m target_label=prev_repos target_changed=N delta=0.000m
[GS] step=125 mode=free switch=kStayInRepos best_k=0 best_src=prev_repos curr_cost=103002.65 repos_cost=150197.53 best_other=150197.53 met_progress=N steps_since_improve=123 switches=0
[STEP] step=125 mode=free t=1.250s ee=(+0.080,-0.001,+0.105) obj=(+0.000,+0.000,+0.050) goal_dist=0.300m switch=kStayInRepos target=(+0.080,+0.000,+0.104) ee_stride=0.001m ee_to_ptarget=0.075m landing_err=0.0000m ik_ok=Y ik_resid=0.0003m q_max_resid_deg=10.48 target_changed=Y retgt=N held_idx=1 held_cost=150197.53 won_cost=150197.53 margin=+0.00 won_src=prev_repos held_valid=Y reason=hold setpoint_to_ptarget=nanm finished_val=nanm finished_thresh=0.0200m pd_resid=nanm nextwp_to_ptarget=nanm guide_terminal_err=nanm
[GATE-EVOLVE] step=125 curr=103002.65 best_other=150197.53 ratio=0.6858 ee_to_optimal=0.0052m phi=0.0056m
[STAGE-A-TRACE] step=125 sim_t=1.250 mode=free phi=0.00558 box_xy=+0.00000,+0.00000 lam_n_ee_box=nan qy=+0.00001 qz=+0.00000 finished_repos=0
[DRAKE-CONTACT] step=125 n_pairs=1 ee_box_normal=0.000
[GATE-CONTACT] step=125 F_W=(+0.0000,+0.0000,+0.0000) F_on_box=(-0.0000,-0.0000,-0.0000) n_face_out=(-0.0000,-0.0000,-0.0000) A_is_ee=0 box_q=(+1.00000,-0.00001,+0.00001,+0.00000) box_p=(+0.00000,+0.00000,+0.04999) ee_p=(+0.08020,-0.00065,+0.10482)
[ADMM-C3+] primal: 6.1326->4.9370  dual: 109.5847->80.3367  mono=False  iters=25/25  rho=25.0
[ADMM-C3+] WARNING non-converged: pr=4.9370 dr=80.3367 tol=1e-03
[C3+] step=375 |u[0]|=7.48N λ_n_max=1.060 η_n_max=1.280 primal=4.937 iters=25/25 lcp_res_max=nan
[ADMIT-GUARD] step=126 admit_active=0 latch=0/0 ee_z=0.103 gate_cap=0
[ALT-GATE] step=126 target_stable=0/0 allow_descent=1
[GS-tgt] step=126 ee=(+0.080,-0.001,+0.103) p_repos=(+0.080,+0.000,+0.030) ee_to_target=0.073m target_label=prev_repos target_changed=N delta=0.000m
[GS] step=126 mode=free switch=kStayInRepos best_k=0 best_src=prev_repos curr_cost=102999.13 repos_cost=150196.82 best_other=150196.82 met_progress=N steps_since_improve=124 switches=0
[STEP] step=126 mode=free t=1.260s ee=(+0.080,-0.001,+0.103) obj=(+0.000,+0.000,+0.050) goal_dist=0.300m switch=kStayInRepos target=(+0.080,+0.000,+0.102) ee_stride=0.001m ee_to_ptarget=0.073m landing_err=0.0000m ik_ok=Y ik_resid=0.0003m q_max_resid_deg=10.21 target_changed=Y retgt=N held_idx=1 held_cost=150196.82 won_cost=150196.82 margin=+0.00 won_src=prev_repos held_valid=Y reason=hold setpoint_to_ptarget=nanm finished_val=nanm finished_thresh=0.0200m pd_resid=nanm nextwp_to_ptarget=nanm guide_terminal_err=nanm
[GATE-EVOLVE] step=126 curr=102999.13 best_other=150196.82 ratio=0.6858 ee_to_optimal=0.0052m phi=0.0053m
[STAGE-A-TRACE] step=126 sim_t=1.260 mode=free phi=0.00532 box_xy=+0.00000,+0.00000 lam_n_ee_box=nan qy=+0.00001 qz=+0.00000 finished_repos=0
[DRAKE-CONTACT] step=126 n_pairs=1 ee_box_normal=0.000
[GATE-CONTACT] step=126 F_W=(+0.0000,+0.0000,+0.0000) F_on_box=(-0.0000,-0.0000,-0.0000) n_face_out=(-0.0000,-0.0000,-0.0000) A_is_ee=0 box_q=(+1.00000,-0.00001,+0.00001,+0.00000) box_p=(+0.00000,+0.00000,+0.04999) ee_p=(+0.08017,-0.00062,+0.10299)
[ADMM-C3+] primal: 6.1326->4.9370  dual: 109.5847->80.3367  mono=False  iters=25/25  rho=25.0
[ADMM-C3+] WARNING non-converged: pr=4.9370 dr=80.3367 tol=1e-03
[C3+] step=378 |u[0]|=7.41N λ_n_max=1.060 η_n_max=1.280 primal=4.937 iters=25/25 lcp_res_max=nan
[ADMIT-GUARD] step=127 admit_active=0 latch=0/0 ee_z=0.101 gate_cap=0
[ALT-GATE] step=127 target_stable=0/0 allow_descent=1
[GS-tgt] step=127 ee=(+0.080,-0.001,+0.101) p_repos=(+0.080,+0.000,+0.030) ee_to_target=0.071m target_label=prev_repos target_changed=N delta=0.000m
[GS] step=127 mode=free switch=kStayInRepos best_k=0 best_src=prev_repos curr_cost=102995.74 repos_cost=150196.16 best_other=150196.16 met_progress=N steps_since_improve=125 switches=0
[STEP] step=127 mode=free t=1.270s ee=(+0.080,-0.001,+0.101) obj=(+0.000,+0.000,+0.050) goal_dist=0.300m switch=kStayInRepos target=(+0.080,+0.000,+0.100) ee_stride=0.001m ee_to_ptarget=0.071m landing_err=0.0000m ik_ok=Y ik_resid=0.0003m q_max_resid_deg=9.95 target_changed=Y retgt=N held_idx=1 held_cost=150196.16 won_cost=150196.16 margin=+0.00 won_src=prev_repos held_valid=Y reason=hold setpoint_to_ptarget=nanm finished_val=nanm finished_thresh=0.0200m pd_resid=nanm nextwp_to_ptarget=nanm guide_terminal_err=nanm
[GATE-EVOLVE] step=127 curr=102995.74 best_other=150196.16 ratio=0.6857 ee_to_optimal=0.0052m phi=0.0052m
[STAGE-A-TRACE] step=127 sim_t=1.270 mode=free phi=0.00517 box_xy=+0.00000,+0.00000 lam_n_ee_box=nan qy=+0.00001 qz=+0.00000 finished_repos=0
[DRAKE-CONTACT] step=127 n_pairs=1 ee_box_normal=0.000
[GATE-CONTACT] step=127 F_W=(+0.0000,+0.0000,+0.0000) F_on_box=(-0.0000,-0.0000,-0.0000) n_face_out=(-0.0000,-0.0000,-0.0000) A_is_ee=0 box_q=(+1.00000,-0.00001,+0.00001,+0.00000) box_p=(+0.00000,+0.00000,+0.04999) ee_p=(+0.08015,-0.00060,+0.10115)
[ADMM-C3+] primal: 6.1326->4.9370  dual: 109.5847->80.3367  mono=False  iters=25/25  rho=25.0
[ADMM-C3+] WARNING non-converged: pr=4.9370 dr=80.3367 tol=1e-03
[C3+] step=381 |u[0]|=7.35N λ_n_max=1.060 η_n_max=1.280 primal=4.937 iters=25/25 lcp_res_max=nan
[ADMIT-GUARD] step=128 admit_active=0 latch=0/0 ee_z=0.099 gate_cap=0
[ALT-GATE] step=128 target_stable=0/0 allow_descent=1
[GS-tgt] step=128 ee=(+0.080,-0.001,+0.099) p_repos=(+0.080,+0.000,+0.030) ee_to_target=0.069m target_label=prev_repos target_changed=N delta=0.000m
[GS] step=128 mode=free switch=kStayInRepos best_k=0 best_src=prev_repos curr_cost=102992.48 repos_cost=150195.55 best_other=150195.55 met_progress=N steps_since_improve=126 switches=0
[STEP] step=128 mode=free t=1.280s ee=(+0.080,-0.001,+0.099) obj=(+0.000,+0.000,+0.050) goal_dist=0.300m switch=kStayInRepos target=(+0.080,+0.000,+0.099) ee_stride=0.001m ee_to_ptarget=0.069m landing_err=0.0000m ik_ok=Y ik_resid=0.0003m q_max_resid_deg=9.68 target_changed=Y retgt=N held_idx=1 held_cost=150195.55 won_cost=150195.55 margin=+0.00 won_src=prev_repos held_valid=Y reason=hold setpoint_to_ptarget=nanm finished_val=nanm finished_thresh=0.0200m pd_resid=nanm nextwp_to_ptarget=nanm guide_terminal_err=nanm
[GATE-EVOLVE] step=128 curr=102992.48 best_other=150195.55 ratio=0.6857 ee_to_optimal=0.0052m phi=0.0051m
[STAGE-A-TRACE] step=128 sim_t=1.280 mode=free phi=0.00513 box_xy=+0.00000,+0.00000 lam_n_ee_box=nan qy=+0.00001 qz=+0.00000 finished_repos=0
[DRAKE-CONTACT] step=128 n_pairs=1 ee_box_normal=0.000
[GATE-CONTACT] step=128 F_W=(+0.0000,+0.0000,+0.0000) F_on_box=(-0.0000,-0.0000,-0.0000) n_face_out=(-0.0000,-0.0000,-0.0000) A_is_ee=0 box_q=(+1.00000,-0.00001,+0.00001,+0.00000) box_p=(+0.00000,+0.00000,+0.04999) ee_p=(+0.08013,-0.00058,+0.09933)
[ADMM-C3+] primal: 6.1326->4.9370  dual: 109.5847->80.3367  mono=False  iters=25/25  rho=25.0
[ADMM-C3+] WARNING non-converged: pr=4.9370 dr=80.3367 tol=1e-03
[C3+] step=384 |u[0]|=7.29N λ_n_max=1.060 η_n_max=1.280 primal=4.937 iters=25/25 lcp_res_max=nan
[ADMIT-GUARD] step=129 admit_active=0 latch=0/0 ee_z=0.098 gate_cap=0
[ALT-GATE] step=129 target_stable=0/0 allow_descent=1
[GS-tgt] step=129 ee=(+0.080,-0.001,+0.098) p_repos=(+0.080,+0.000,+0.030) ee_to_target=0.068m target_label=prev_repos target_changed=N delta=0.000m
[GS] step=129 mode=free switch=kStayInRepos best_k=0 best_src=prev_repos curr_cost=102989.36 repos_cost=150194.97 best_other=150194.97 met_progress=N steps_since_improve=127 switches=0
[STEP] step=129 mode=free t=1.290s ee=(+0.080,-0.001,+0.098) obj=(+0.000,+0.000,+0.050) goal_dist=0.300m switch=kStayInRepos target=(+0.080,+0.000,+0.097) ee_stride=0.001m ee_to_ptarget=0.068m landing_err=0.0000m ik_ok=Y ik_resid=0.0003m q_max_resid_deg=9.42 target_changed=Y retgt=N held_idx=1 held_cost=150194.97 won_cost=150194.97 margin=+0.00 won_src=prev_repos held_valid=Y reason=hold setpoint_to_ptarget=nanm finished_val=nanm finished_thresh=0.0200m pd_resid=nanm nextwp_to_ptarget=nanm guide_terminal_err=nanm
[GATE-EVOLVE] step=129 curr=102989.36 best_other=150194.97 ratio=0.6857 ee_to_optimal=0.0051m phi=0.0051m
[STAGE-A-TRACE] step=129 sim_t=1.290 mode=free phi=0.00511 box_xy=+0.00000,+0.00000 lam_n_ee_box=nan qy=+0.00001 qz=+0.00000 finished_repos=0
[DRAKE-CONTACT] step=129 n_pairs=1 ee_box_normal=0.000
[GATE-CONTACT] step=129 F_W=(+0.0000,+0.0000,+0.0000) F_on_box=(-0.0000,-0.0000,-0.0000) n_face_out=(-0.0000,-0.0000,-0.0000) A_is_ee=0 box_q=(+1.00000,-0.00001,+0.00001,+0.00000) box_p=(+0.00000,+0.00000,+0.04999) ee_p=(+0.08011,-0.00056,+0.09750)
[ADMM-C3+] primal: 6.1326->4.9370  dual: 109.5847->80.3367  mono=False  iters=25/25  rho=25.0
[ADMM-C3+] WARNING non-converged: pr=4.9370 dr=80.3367 tol=1e-03
[C3+] step=387 |u[0]|=7.23N λ_n_max=1.060 η_n_max=1.280 primal=4.937 iters=25/25 lcp_res_max=nan
[ADMIT-GUARD] step=130 admit_active=0 latch=0/0 ee_z=0.096 gate_cap=0
[ALT-GATE] step=130 target_stable=0/0 allow_descent=1
[GS-tgt] step=130 ee=(+0.080,-0.001,+0.096) p_repos=(+0.080,+0.000,+0.030) ee_to_target=0.066m target_label=prev_repos target_changed=N delta=0.000m
[IMP] step=130 mode=free |x_err|=0.0008m |tau_imp|=0.46Nm |tau_ff|=0.00Nm |tau_out|=0.46Nm sat=False lam_n=False lam_t=False
[GS] step=130 mode=free switch=kStayInRepos best_k=0 best_src=prev_repos curr_cost=102986.36 repos_cost=150194.42 best_other=150194.42 met_progress=N steps_since_improve=128 switches=0
[STEP] step=130 mode=free t=1.300s ee=(+0.080,-0.001,+0.096) obj=(+0.000,+0.000,+0.050) goal_dist=0.300m switch=kStayInRepos target=(+0.080,+0.000,+0.095) ee_stride=0.001m ee_to_ptarget=0.066m landing_err=0.0000m ik_ok=Y ik_resid=0.0002m q_max_resid_deg=9.16 target_changed=Y retgt=N held_idx=1 held_cost=150194.42 won_cost=150194.42 margin=+0.00 won_src=prev_repos held_valid=Y reason=hold setpoint_to_ptarget=nanm finished_val=nanm finished_thresh=0.0200m pd_resid=nanm nextwp_to_ptarget=nanm guide_terminal_err=nanm
[GATE-EVOLVE] step=130 curr=102986.36 best_other=150194.42 ratio=0.6857 ee_to_optimal=0.0051m phi=0.0051m
[STAGE-A-TRACE] step=130 sim_t=1.300 mode=free phi=0.00510 box_xy=+0.00000,+0.00000 lam_n_ee_box=nan qy=+0.00001 qz=+0.00000 finished_repos=0
[DRAKE-CONTACT] step=130 n_pairs=1 ee_box_normal=0.000
[GATE-CONTACT] step=130 F_W=(+0.0000,+0.0000,+0.0000) F_on_box=(-0.0000,-0.0000,-0.0000) n_face_out=(-0.0000,-0.0000,-0.0000) A_is_ee=0 box_q=(+1.00000,-0.00001,+0.00001,+0.00000) box_p=(+0.00000,+0.00000,+0.04999) ee_p=(+0.08010,-0.00055,+0.09569)
[ADMM-C3+] primal: 6.1326->4.9370  dual: 109.5847->80.3367  mono=False  iters=25/25  rho=25.0
[ADMM-C3+] WARNING non-converged: pr=4.9370 dr=80.3367 tol=1e-03
[C3+] step=390 |u[0]|=7.17N λ_n_max=1.060 η_n_max=1.280 primal=4.937 iters=25/25 lcp_res_max=nan
[ADMIT-GUARD] step=131 admit_active=0 latch=0/0 ee_z=0.094 gate_cap=0
[ALT-GATE] step=131 target_stable=0/0 allow_descent=1
[GS-tgt] step=131 ee=(+0.080,-0.001,+0.094) p_repos=(+0.080,+0.000,+0.030) ee_to_target=0.064m target_label=prev_repos target_changed=N delta=0.000m
[GS] step=131 mode=free switch=kStayInRepos best_k=0 best_src=prev_repos curr_cost=102983.49 repos_cost=150193.90 best_other=150193.90 met_progress=N steps_since_improve=129 switches=0
[STEP] step=131 mode=free t=1.310s ee=(+0.080,-0.001,+0.094) obj=(+0.000,+0.000,+0.050) goal_dist=0.300m switch=kStayInRepos target=(+0.080,+0.000,+0.093) ee_stride=0.001m ee_to_ptarget=0.064m landing_err=0.0000m ik_ok=Y ik_resid=0.0002m q_max_resid_deg=8.90 target_changed=Y retgt=N held_idx=1 held_cost=150193.90 won_cost=150193.90 margin=+0.00 won_src=prev_repos held_valid=Y reason=hold setpoint_to_ptarget=nanm finished_val=nanm finished_thresh=0.0200m pd_resid=nanm nextwp_to_ptarget=nanm guide_terminal_err=nanm
[GATE-EVOLVE] step=131 curr=102983.49 best_other=150193.90 ratio=0.6857 ee_to_optimal=0.0051m phi=0.0051m
[STAGE-A-TRACE] step=131 sim_t=1.310 mode=free phi=0.00508 box_xy=+0.00000,+0.00000 lam_n_ee_box=nan qy=+0.00001 qz=+0.00000 finished_repos=0
[DRAKE-CONTACT] step=131 n_pairs=1 ee_box_normal=0.000
[GATE-CONTACT] step=131 F_W=(+0.0000,+0.0000,+0.0000) F_on_box=(-0.0000,-0.0000,-0.0000) n_face_out=(-0.0000,-0.0000,-0.0000) A_is_ee=0 box_q=(+1.00000,-0.00001,+0.00001,+0.00000) box_p=(+0.00000,+0.00000,+0.04999) ee_p=(+0.08009,-0.00054,+0.09387)
[ADMM-C3+] primal: 6.1326->4.9370  dual: 109.5847->80.3367  mono=False  iters=25/25  rho=25.0
[ADMM-C3+] WARNING non-converged: pr=4.9370 dr=80.3367 tol=1e-03
[C3+] step=393 |u[0]|=7.11N λ_n_max=1.060 η_n_max=1.280 primal=4.937 iters=25/25 lcp_res_max=nan
[ADMIT-GUARD] step=132 admit_active=0 latch=0/0 ee_z=0.092 gate_cap=0
[ALT-GATE] step=132 target_stable=0/0 allow_descent=1
[GS-tgt] step=132 ee=(+0.080,-0.001,+0.092) p_repos=(+0.080,+0.000,+0.030) ee_to_target=0.062m target_label=prev_repos target_changed=N delta=0.000m
[GS] step=132 mode=free switch=kStayInRepos best_k=0 best_src=prev_repos curr_cost=102980.74 repos_cost=150193.41 best_other=150193.41 met_progress=N steps_since_improve=130 switches=0
[STEP] step=132 mode=free t=1.320s ee=(+0.080,-0.001,+0.092) obj=(+0.000,+0.000,+0.050) goal_dist=0.300m switch=kStayInRepos target=(+0.080,+0.000,+0.091) ee_stride=0.001m ee_to_ptarget=0.062m landing_err=0.0000m ik_ok=Y ik_resid=0.0002m q_max_resid_deg=8.64 target_changed=Y retgt=N held_idx=1 held_cost=150193.41 won_cost=150193.41 margin=+0.00 won_src=prev_repos held_valid=Y reason=hold setpoint_to_ptarget=nanm finished_val=nanm finished_thresh=0.0200m pd_resid=nanm nextwp_to_ptarget=nanm guide_terminal_err=nanm
[GATE-EVOLVE] step=132 curr=102980.74 best_other=150193.41 ratio=0.6857 ee_to_optimal=0.0051m phi=0.0051m
[STAGE-A-TRACE] step=132 sim_t=1.320 mode=free phi=0.00507 box_xy=+0.00000,+0.00000 lam_n_ee_box=nan qy=+0.00001 qz=+0.00000 finished_repos=0
[DRAKE-CONTACT] step=132 n_pairs=1 ee_box_normal=0.000
[GATE-CONTACT] step=132 F_W=(+0.0000,+0.0000,+0.0000) F_on_box=(-0.0000,-0.0000,-0.0000) n_face_out=(-0.0000,-0.0000,-0.0000) A_is_ee=0 box_q=(+1.00000,-0.00001,+0.00001,+0.00000) box_p=(+0.00000,+0.00000,+0.04999) ee_p=(+0.08007,-0.00053,+0.09206)
[ADMM-C3+] primal: 6.1326->4.9370  dual: 109.5847->80.3367  mono=False  iters=25/25  rho=25.0
[ADMM-C3+] WARNING non-converged: pr=4.9370 dr=80.3367 tol=1e-03
[C3+] step=396 |u[0]|=7.06N λ_n_max=1.060 η_n_max=1.280 primal=4.937 iters=25/25 lcp_res_max=nan
[ADMIT-GUARD] step=133 admit_active=0 latch=0/0 ee_z=0.090 gate_cap=0
[ALT-GATE] step=133 target_stable=0/0 allow_descent=1
[GS-tgt] step=133 ee=(+0.080,-0.001,+0.090) p_repos=(+0.080,+0.000,+0.030) ee_to_target=0.060m target_label=prev_repos target_changed=N delta=0.000m
[GS] step=133 mode=free switch=kStayInRepos best_k=0 best_src=prev_repos curr_cost=102978.11 repos_cost=150192.93 best_other=150192.93 met_progress=N steps_since_improve=131 switches=0
[STEP] step=133 mode=free t=1.330s ee=(+0.080,-0.001,+0.090) obj=(+0.000,+0.000,+0.050) goal_dist=0.300m switch=kStayInRepos target=(+0.080,+0.000,+0.090) ee_stride=0.001m ee_to_ptarget=0.060m landing_err=0.0000m ik_ok=Y ik_resid=0.0002m q_max_resid_deg=8.39 target_changed=Y retgt=N held_idx=1 held_cost=150192.93 won_cost=150192.93 margin=+0.00 won_src=prev_repos held_valid=Y reason=hold setpoint_to_ptarget=nanm finished_val=nanm finished_thresh=0.0200m pd_resid=nanm nextwp_to_ptarget=nanm guide_terminal_err=nanm
[GATE-EVOLVE] step=133 curr=102978.11 best_other=150192.93 ratio=0.6856 ee_to_optimal=0.0051m phi=0.0051m
[STAGE-A-TRACE] step=133 sim_t=1.330 mode=free phi=0.00506 box_xy=+0.00000,+0.00000 lam_n_ee_box=nan qy=+0.00001 qz=+0.00000 finished_repos=0
[DRAKE-CONTACT] step=133 n_pairs=1 ee_box_normal=0.000
[GATE-CONTACT] step=133 F_W=(+0.0000,+0.0000,+0.0000) F_on_box=(-0.0000,-0.0000,-0.0000) n_face_out=(-0.0000,-0.0000,-0.0000) A_is_ee=0 box_q=(+1.00000,-0.00001,+0.00001,+0.00000) box_p=(+0.00000,+0.00000,+0.04999) ee_p=(+0.08007,-0.00053,+0.09025)
[ADMM-C3+] primal: 6.1326->4.9370  dual: 109.5847->80.3367  mono=False  iters=25/25  rho=25.0
[ADMM-C3+] WARNING non-converged: pr=4.9370 dr=80.3367 tol=1e-03
[C3+] step=399 |u[0]|=7.01N λ_n_max=1.060 η_n_max=1.280 primal=4.937 iters=25/25 lcp_res_max=nan
[ADMIT-GUARD] step=134 admit_active=0 latch=0/0 ee_z=0.088 gate_cap=0
[ALT-GATE] step=134 target_stable=0/0 allow_descent=1
[GS-tgt] step=134 ee=(+0.080,-0.001,+0.088) p_repos=(+0.080,+0.000,+0.030) ee_to_target=0.058m target_label=prev_repos target_changed=N delta=0.000m
[GS] step=134 mode=free switch=kStayInRepos best_k=0 best_src=prev_repos curr_cost=102975.60 repos_cost=150192.47 best_other=150192.47 met_progress=N steps_since_improve=132 switches=0
[STEP] step=134 mode=free t=1.340s ee=(+0.080,-0.001,+0.088) obj=(+0.000,+0.000,+0.050) goal_dist=0.300m switch=kStayInRepos target=(+0.080,+0.000,+0.088) ee_stride=0.001m ee_to_ptarget=0.058m landing_err=0.0000m ik_ok=Y ik_resid=0.0002m q_max_resid_deg=8.13 target_changed=Y retgt=N held_idx=1 held_cost=150192.47 won_cost=150192.47 margin=+0.00 won_src=prev_repos held_valid=Y reason=hold setpoint_to_ptarget=nanm finished_val=nanm finished_thresh=0.0200m pd_resid=nanm nextwp_to_ptarget=nanm guide_terminal_err=nanm
[GATE-EVOLVE] step=134 curr=102975.60 best_other=150192.47 ratio=0.6856 ee_to_optimal=0.0051m phi=0.0051m
[STAGE-A-TRACE] step=134 sim_t=1.340 mode=free phi=0.00505 box_xy=+0.00000,+0.00000 lam_n_ee_box=nan qy=+0.00001 qz=+0.00000 finished_repos=0
[DRAKE-CONTACT] step=134 n_pairs=1 ee_box_normal=0.000
[GATE-CONTACT] step=134 F_W=(+0.0000,+0.0000,+0.0000) F_on_box=(-0.0000,-0.0000,-0.0000) n_face_out=(-0.0000,-0.0000,-0.0000) A_is_ee=0 box_q=(+1.00000,-0.00001,+0.00001,+0.00000) box_p=(+0.00000,+0.00000,+0.04999) ee_p=(+0.08006,-0.00052,+0.08845)
[ADMM-C3+] primal: 6.1326->4.9370  dual: 109.5847->80.3367  mono=False  iters=25/25  rho=25.0
[ADMM-C3+] WARNING non-converged: pr=4.9370 dr=80.3367 tol=1e-03
[C3+] step=402 |u[0]|=6.96N λ_n_max=1.060 η_n_max=1.280 primal=4.937 iters=25/25 lcp_res_max=nan
[ADMIT-GUARD] step=135 admit_active=0 latch=0/0 ee_z=0.087 gate_cap=0
[ALT-GATE] step=135 target_stable=0/0 allow_descent=1
[GS-tgt] step=135 ee=(+0.080,-0.001,+0.087) p_repos=(+0.080,+0.000,+0.030) ee_to_target=0.057m target_label=prev_repos target_changed=N delta=0.000m
[GS] step=135 mode=free switch=kStayInRepos best_k=0 best_src=prev_repos curr_cost=102973.21 repos_cost=150192.03 best_other=150192.03 met_progress=N steps_since_improve=133 switches=0
[STEP] step=135 mode=free t=1.350s ee=(+0.080,-0.001,+0.087) obj=(+0.000,+0.000,+0.050) goal_dist=0.300m switch=kStayInRepos target=(+0.080,+0.000,+0.086) ee_stride=0.001m ee_to_ptarget=0.057m landing_err=0.0000m ik_ok=Y ik_resid=0.0002m q_max_resid_deg=7.88 target_changed=Y retgt=N held_idx=1 held_cost=150192.03 won_cost=150192.03 margin=+0.00 won_src=prev_repos held_valid=Y reason=hold setpoint_to_ptarget=nanm finished_val=nanm finished_thresh=0.0200m pd_resid=nanm nextwp_to_ptarget=nanm guide_terminal_err=nanm
[GATE-EVOLVE] step=135 curr=102973.21 best_other=150192.03 ratio=0.6856 ee_to_optimal=0.0051m phi=0.0050m
[STAGE-A-TRACE] step=135 sim_t=1.350 mode=free phi=0.00505 box_xy=+0.00000,+0.00000 lam_n_ee_box=nan qy=+0.00001 qz=+0.00000 finished_repos=0
[DRAKE-CONTACT] step=135 n_pairs=1 ee_box_normal=0.000
[GATE-CONTACT] step=135 F_W=(+0.0000,+0.0000,+0.0000) F_on_box=(-0.0000,-0.0000,-0.0000) n_face_out=(-0.0000,-0.0000,-0.0000) A_is_ee=0 box_q=(+1.00000,-0.00001,+0.00001,+0.00000) box_p=(+0.00000,+0.00000,+0.04999) ee_p=(+0.08005,-0.00052,+0.08664)
[ADMM-C3+] primal: 6.1326->4.9361  dual: 109.5847->80.4697  mono=False  iters=25/25  rho=25.0
[ADMM-C3+] WARNING non-converged: pr=4.9361 dr=80.4697 tol=1e-03
[C3+] step=405 |u[0]|=6.86N λ_n_max=1.061 η_n_max=1.281 primal=4.936 iters=25/25 lcp_res_max=nan
[ADMIT-GUARD] step=136 admit_active=0 latch=0/0 ee_z=0.085 gate_cap=0
[ALT-GATE] step=136 target_stable=0/0 allow_descent=1
[GS-tgt] step=136 ee=(+0.080,-0.001,+0.085) p_repos=(+0.080,+0.000,+0.030) ee_to_target=0.055m target_label=prev_repos target_changed=N delta=0.000m
[GS] step=136 mode=free switch=kStayInRepos best_k=0 best_src=prev_repos curr_cost=102970.61 repos_cost=150191.60 best_other=150191.60 met_progress=N steps_since_improve=134 switches=0
[STEP] step=136 mode=free t=1.360s ee=(+0.080,-0.001,+0.085) obj=(+0.000,+0.000,+0.050) goal_dist=0.300m switch=kStayInRepos target=(+0.080,+0.000,+0.084) ee_stride=0.001m ee_to_ptarget=0.055m landing_err=0.0000m ik_ok=Y ik_resid=0.0002m q_max_resid_deg=7.62 target_changed=Y retgt=N held_idx=1 held_cost=150191.60 won_cost=150191.60 margin=+0.00 won_src=prev_repos held_valid=Y reason=hold setpoint_to_ptarget=nanm finished_val=nanm finished_thresh=0.0200m pd_resid=nanm nextwp_to_ptarget=nanm guide_terminal_err=nanm
[GATE-EVOLVE] step=136 curr=102970.61 best_other=150191.60 ratio=0.6856 ee_to_optimal=0.0051m phi=0.0050m
[STAGE-A-TRACE] step=136 sim_t=1.360 mode=free phi=0.00504 box_xy=+0.00000,+0.00000 lam_n_ee_box=nan qy=+0.00001 qz=+0.00000 finished_repos=0
[DRAKE-CONTACT] step=136 n_pairs=1 ee_box_normal=0.000
[GATE-CONTACT] step=136 F_W=(+0.0000,+0.0000,+0.0000) F_on_box=(-0.0000,-0.0000,-0.0000) n_face_out=(-0.0000,-0.0000,-0.0000) A_is_ee=0 box_q=(+1.00000,-0.00001,+0.00001,+0.00000) box_p=(+0.00000,+0.00000,+0.04999) ee_p=(+0.08004,-0.00052,+0.08484)
[ADMM-C3+] primal: 6.1326->4.9531  dual: 109.5847->80.7881  mono=False  iters=25/25  rho=25.0
[ADMM-C3+] WARNING non-converged: pr=4.9531 dr=80.7881 tol=1e-03
[C3+] step=408 |u[0]|=6.81N λ_n_max=1.063 η_n_max=1.282 primal=4.953 iters=25/25 lcp_res_max=nan
[ADMIT-GUARD] step=137 admit_active=0 latch=0/0 ee_z=0.083 gate_cap=0
[ALT-GATE] step=137 target_stable=0/0 allow_descent=1
[GS-tgt] step=137 ee=(+0.080,-0.001,+0.083) p_repos=(+0.080,+0.000,+0.030) ee_to_target=0.053m target_label=prev_repos target_changed=N delta=0.000m
[GS] step=137 mode=free switch=kStayInRepos best_k=0 best_src=prev_repos curr_cost=102963.78 repos_cost=150191.18 best_other=150191.18 met_progress=N steps_since_improve=135 switches=0
[STEP] step=137 mode=free t=1.370s ee=(+0.080,-0.001,+0.083) obj=(+0.000,+0.000,+0.050) goal_dist=0.300m switch=kStayInRepos target=(+0.080,+0.000,+0.082) ee_stride=0.001m ee_to_ptarget=0.053m landing_err=0.0000m ik_ok=Y ik_resid=0.0002m q_max_resid_deg=7.37 target_changed=Y retgt=N held_idx=1 held_cost=150191.18 won_cost=150191.18 margin=+0.00 won_src=prev_repos held_valid=Y reason=hold setpoint_to_ptarget=nanm finished_val=nanm finished_thresh=0.0200m pd_resid=nanm nextwp_to_ptarget=nanm guide_terminal_err=nanm
[GATE-EVOLVE] step=137 curr=102963.78 best_other=150191.18 ratio=0.6856 ee_to_optimal=0.0051m phi=0.0050m
[STAGE-A-TRACE] step=137 sim_t=1.370 mode=free phi=0.00504 box_xy=+0.00000,+0.00000 lam_n_ee_box=nan qy=+0.00001 qz=+0.00000 finished_repos=0
[DRAKE-CONTACT] step=137 n_pairs=1 ee_box_normal=0.000
[GATE-CONTACT] step=137 F_W=(+0.0000,+0.0000,+0.0000) F_on_box=(-0.0000,-0.0000,-0.0000) n_face_out=(-0.0000,-0.0000,-0.0000) A_is_ee=0 box_q=(+1.00000,-0.00001,+0.00001,+0.00000) box_p=(+0.00000,+0.00000,+0.04999) ee_p=(+0.08004,-0.00052,+0.08304)
[ADMM-C3+] primal: 6.1326->4.9531  dual: 109.5847->80.7881  mono=False  iters=25/25  rho=25.0
[ADMM-C3+] WARNING non-converged: pr=4.9531 dr=80.7881 tol=1e-03
[C3+] step=411 |u[0]|=6.76N λ_n_max=1.063 η_n_max=1.282 primal=4.953 iters=25/25 lcp_res_max=nan
[ADMIT-GUARD] step=138 admit_active=0 latch=0/0 ee_z=0.081 gate_cap=0
[ALT-GATE] step=138 target_stable=0/0 allow_descent=1
[GS-tgt] step=138 ee=(+0.080,-0.001,+0.081) p_repos=(+0.080,+0.000,+0.030) ee_to_target=0.051m target_label=prev_repos target_changed=N delta=0.000m
[GS] step=138 mode=free switch=kStayInRepos best_k=0 best_src=prev_repos curr_cost=102961.74 repos_cost=150190.77 best_other=150190.77 met_progress=N steps_since_improve=136 switches=0
[STEP] step=138 mode=free t=1.380s ee=(+0.080,-0.001,+0.081) obj=(+0.000,+0.000,+0.050) goal_dist=0.300m switch=kStayInRepos target=(+0.080,+0.000,+0.081) ee_stride=0.001m ee_to_ptarget=0.051m landing_err=0.0000m ik_ok=Y ik_resid=0.0002m q_max_resid_deg=7.11 target_changed=Y retgt=N held_idx=1 held_cost=150190.77 won_cost=150190.77 margin=+0.00 won_src=prev_repos held_valid=Y reason=hold setpoint_to_ptarget=nanm finished_val=nanm finished_thresh=0.0200m pd_resid=nanm nextwp_to_ptarget=nanm guide_terminal_err=nanm
[GATE-EVOLVE] step=138 curr=102961.74 best_other=150190.77 ratio=0.6855 ee_to_optimal=0.0051m phi=0.0050m
[STAGE-A-TRACE] step=138 sim_t=1.380 mode=free phi=0.00503 box_xy=+0.00000,+0.00000 lam_n_ee_box=nan qy=+0.00001 qz=+0.00000 finished_repos=0
[DRAKE-CONTACT] step=138 n_pairs=1 ee_box_normal=0.000
[GATE-CONTACT] step=138 F_W=(+0.0000,+0.0000,+0.0000) F_on_box=(-0.0000,-0.0000,-0.0000) n_face_out=(-0.0000,-0.0000,-0.0000) A_is_ee=0 box_q=(+1.00000,-0.00001,+0.00001,+0.00000) box_p=(+0.00000,+0.00000,+0.04999) ee_p=(+0.08004,-0.00052,+0.08124)
[ADMM-C3+] primal: 6.1326->4.9531  dual: 109.5847->80.7881  mono=False  iters=25/25  rho=25.0
[ADMM-C3+] WARNING non-converged: pr=4.9531 dr=80.7881 tol=1e-03
[C3+] step=414 |u[0]|=6.72N λ_n_max=1.063 η_n_max=1.282 primal=4.953 iters=25/25 lcp_res_max=nan
[ADMIT-GUARD] step=139 admit_active=0 latch=0/0 ee_z=0.079 gate_cap=0
[ALT-GATE] step=139 target_stable=0/0 allow_descent=1
[GS-tgt] step=139 ee=(+0.080,-0.001,+0.079) p_repos=(+0.080,+0.000,+0.030) ee_to_target=0.049m target_label=prev_repos target_changed=N delta=0.000m
[GS] step=139 mode=free switch=kStayInRepos best_k=0 best_src=prev_repos curr_cost=102959.81 repos_cost=150190.37 best_other=150190.37 met_progress=N steps_since_improve=137 switches=0
[STEP] step=139 mode=free t=1.390s ee=(+0.080,-0.001,+0.079) obj=(+0.000,+0.000,+0.050) goal_dist=0.300m switch=kStayInRepos target=(+0.080,+0.000,+0.079) ee_stride=0.001m ee_to_ptarget=0.049m landing_err=0.0000m ik_ok=Y ik_resid=0.0001m q_max_resid_deg=6.86 target_changed=Y retgt=N held_idx=1 held_cost=150190.37 won_cost=150190.37 margin=+0.00 won_src=prev_repos held_valid=Y reason=hold setpoint_to_ptarget=nanm finished_val=nanm finished_thresh=0.0200m pd_resid=nanm nextwp_to_ptarget=nanm guide_terminal_err=nanm
[GATE-EVOLVE] step=139 curr=102959.81 best_other=150190.37 ratio=0.6855 ee_to_optimal=0.0051m phi=0.0050m
[STAGE-A-TRACE] step=139 sim_t=1.390 mode=free phi=0.00503 box_xy=+0.00000,+0.00000 lam_n_ee_box=nan qy=+0.00001 qz=+0.00000 finished_repos=0
[DRAKE-CONTACT] step=139 n_pairs=1 ee_box_normal=0.000
[GATE-CONTACT] step=139 F_W=(+0.0000,+0.0000,+0.0000) F_on_box=(-0.0000,-0.0000,-0.0000) n_face_out=(-0.0000,-0.0000,-0.0000) A_is_ee=0 box_q=(+1.00000,-0.00001,+0.00001,+0.00000) box_p=(+0.00000,+0.00000,+0.04999) ee_p=(+0.08003,-0.00052,+0.07944)
[ADMM-C3+] primal: 6.1326->4.9531  dual: 109.5847->80.7881  mono=False  iters=25/25  rho=25.0
[ADMM-C3+] WARNING non-converged: pr=4.9531 dr=80.7881 tol=1e-03
[C3+] step=417 |u[0]|=6.68N λ_n_max=1.063 η_n_max=1.282 primal=4.953 iters=25/25 lcp_res_max=nan
[ADMIT-GUARD] step=140 admit_active=0 latch=0/0 ee_z=0.078 gate_cap=0
[ALT-GATE] step=140 target_stable=0/0 allow_descent=1
[GS-tgt] step=140 ee=(+0.080,-0.001,+0.078) p_repos=(+0.080,+0.000,+0.030) ee_to_target=0.048m target_label=prev_repos target_changed=N delta=0.000m
[IMP] step=140 mode=free |x_err|=0.0008m |tau_imp|=0.47Nm |tau_ff|=0.00Nm |tau_out|=0.47Nm sat=False lam_n=False lam_t=False
[GS] step=140 mode=free switch=kStayInRepos best_k=0 best_src=prev_repos curr_cost=102957.99 repos_cost=150189.97 best_other=150189.97 met_progress=N steps_since_improve=138 switches=0
[STEP] step=140 mode=free t=1.400s ee=(+0.080,-0.001,+0.078) obj=(+0.000,+0.000,+0.050) goal_dist=0.300m switch=kStayInRepos target=(+0.080,+0.000,+0.077) ee_stride=0.001m ee_to_ptarget=0.048m landing_err=0.0000m ik_ok=Y ik_resid=0.0001m q_max_resid_deg=6.61 target_changed=Y retgt=N held_idx=1 held_cost=150189.97 won_cost=150189.97 margin=+0.00 won_src=prev_repos held_valid=Y reason=hold setpoint_to_ptarget=nanm finished_val=nanm finished_thresh=0.0200m pd_resid=nanm nextwp_to_ptarget=nanm guide_terminal_err=nanm
[GATE-EVOLVE] step=140 curr=102957.99 best_other=150189.97 ratio=0.6855 ee_to_optimal=0.0051m phi=0.0050m
[STAGE-A-TRACE] step=140 sim_t=1.400 mode=free phi=0.00503 box_xy=+0.00000,+0.00000 lam_n_ee_box=nan qy=+0.00001 qz=+0.00000 finished_repos=0
[GS-table] step=140
  k=0 (current   ) pos=(+0.080,-0.001,+0.078) c_C3= 132957.99 align=1.0000(bonus=30000.00) rot=+0.0000(bonus=    0.00) travel=0.000m(pen=  0.00) c_sample= 102957.99 feas=Y ik_err=0.0000m  ← WIN
  k=1 (prev_repos) pos=(+0.080,+0.000,+0.030) c_C3= 180180.44 align=1.0000(bonus=30000.00) rot=+0.0000(bonus=    0.00) travel=0.048m(pen=  9.53) c_sample= 150189.97 feas=Y ik_err=0.0000m
  k=2 (strat_0   ) pos=(-0.023,+0.080,+0.030) c_C3= 181275.22 align=0.0000(bonus=    0.15) rot=+0.0000(bonus=    0.00) travel=0.139m(pen= 27.83) c_sample= 181302.89 feas=Y ik_err=0.0000m
[DRAKE-CONTACT] step=140 n_pairs=1 ee_box_normal=0.000
[GATE-CONTACT] step=140 F_W=(+0.0000,+0.0000,+0.0000) F_on_box=(-0.0000,-0.0000,-0.0000) n_face_out=(-0.0000,-0.0000,-0.0000) A_is_ee=0 box_q=(+1.00000,-0.00001,+0.00001,+0.00000) box_p=(+0.00000,+0.00000,+0.04999) ee_p=(+0.08003,-0.00052,+0.07764)
[ADMM-C3+] primal: 6.1326->4.9531  dual: 109.5847->80.7881  mono=False  iters=25/25  rho=25.0
[ADMM-C3+] WARNING non-converged: pr=4.9531 dr=80.7881 tol=1e-03
[C3+] step=420 |u[0]|=6.65N λ_n_max=1.063 η_n_max=1.282 primal=4.953 iters=25/25 lcp_res_max=nan
[ADMIT-GUARD] step=141 admit_active=0 latch=0/0 ee_z=0.076 gate_cap=0
[ALT-GATE] step=141 target_stable=0/0 allow_descent=1
[GS-tgt] step=141 ee=(+0.080,-0.001,+0.076) p_repos=(+0.080,+0.000,+0.030) ee_to_target=0.046m target_label=prev_repos target_changed=N delta=0.000m
[GS] step=141 mode=free switch=kStayInRepos best_k=0 best_src=prev_repos curr_cost=102956.29 repos_cost=150189.58 best_other=150189.58 met_progress=N steps_since_improve=139 switches=0
[STEP] step=141 mode=free t=1.410s ee=(+0.080,-0.001,+0.076) obj=(+0.000,+0.000,+0.050) goal_dist=0.300m switch=kStayInRepos target=(+0.080,+0.000,+0.075) ee_stride=0.001m ee_to_ptarget=0.046m landing_err=0.0000m ik_ok=Y ik_resid=0.0001m q_max_resid_deg=6.36 target_changed=Y retgt=N held_idx=1 held_cost=150189.58 won_cost=150189.58 margin=+0.00 won_src=prev_repos held_valid=Y reason=hold setpoint_to_ptarget=nanm finished_val=nanm finished_thresh=0.0200m pd_resid=nanm nextwp_to_ptarget=nanm guide_terminal_err=nanm
[GATE-EVOLVE] step=141 curr=102956.29 best_other=150189.58 ratio=0.6855 ee_to_optimal=0.0051m phi=0.0050m
[STAGE-A-TRACE] step=141 sim_t=1.410 mode=free phi=0.00502 box_xy=+0.00000,+0.00000 lam_n_ee_box=nan qy=+0.00001 qz=+0.00000 finished_repos=0
[DRAKE-CONTACT] step=141 n_pairs=1 ee_box_normal=0.000
[GATE-CONTACT] step=141 F_W=(+0.0000,+0.0000,+0.0000) F_on_box=(-0.0000,-0.0000,-0.0000) n_face_out=(-0.0000,-0.0000,-0.0000) A_is_ee=0 box_q=(+1.00000,-0.00001,+0.00001,+0.00000) box_p=(+0.00000,+0.00000,+0.04999) ee_p=(+0.08003,-0.00052,+0.07584)
[ADMM-C3+] primal: 6.1326->4.9531  dual: 109.5847->80.7881  mono=False  iters=25/25  rho=25.0
[ADMM-C3+] WARNING non-converged: pr=4.9531 dr=80.7881 tol=1e-03
[C3+] step=423 |u[0]|=6.61N λ_n_max=1.063 η_n_max=1.282 primal=4.953 iters=25/25 lcp_res_max=nan
[ADMIT-GUARD] step=142 admit_active=0 latch=0/0 ee_z=0.074 gate_cap=0
[ALT-GATE] step=142 target_stable=0/0 allow_descent=1
[GS-tgt] step=142 ee=(+0.080,-0.001,+0.074) p_repos=(+0.080,+0.000,+0.030) ee_to_target=0.044m target_label=prev_repos target_changed=N delta=0.000m
[GS] step=142 mode=free switch=kStayInRepos best_k=0 best_src=prev_repos curr_cost=102954.71 repos_cost=150189.19 best_other=150189.19 met_progress=N steps_since_improve=140 switches=0
[STEP] step=142 mode=free t=1.420s ee=(+0.080,-0.001,+0.074) obj=(+0.000,+0.000,+0.050) goal_dist=0.300m switch=kStayInRepos target=(+0.080,+0.000,+0.073) ee_stride=0.001m ee_to_ptarget=0.044m landing_err=0.0000m ik_ok=Y ik_resid=0.0001m q_max_resid_deg=6.11 target_changed=Y retgt=N held_idx=1 held_cost=150189.19 won_cost=150189.19 margin=+0.00 won_src=prev_repos held_valid=Y reason=hold setpoint_to_ptarget=nanm finished_val=nanm finished_thresh=0.0200m pd_resid=nanm nextwp_to_ptarget=nanm guide_terminal_err=nanm
[GATE-EVOLVE] step=142 curr=102954.71 best_other=150189.19 ratio=0.6855 ee_to_optimal=0.0051m phi=0.0050m
[STAGE-A-TRACE] step=142 sim_t=1.420 mode=free phi=0.00502 box_xy=+0.00000,+0.00000 lam_n_ee_box=nan qy=+0.00001 qz=+0.00000 finished_repos=0
[DRAKE-CONTACT] step=142 n_pairs=1 ee_box_normal=0.000
[GATE-CONTACT] step=142 F_W=(+0.0000,+0.0000,+0.0000) F_on_box=(-0.0000,-0.0000,-0.0000) n_face_out=(-0.0000,-0.0000,-0.0000) A_is_ee=0 box_q=(+1.00000,-0.00001,+0.00001,+0.00000) box_p=(+0.00000,+0.00000,+0.04999) ee_p=(+0.08002,-0.00052,+0.07404)
[ADMM-C3+] primal: 6.1326->4.9531  dual: 109.5847->80.7881  mono=False  iters=25/25  rho=25.0
[ADMM-C3+] WARNING non-converged: pr=4.9531 dr=80.7881 tol=1e-03
[C3+] step=426 |u[0]|=6.58N λ_n_max=1.063 η_n_max=1.282 primal=4.953 iters=25/25 lcp_res_max=nan
[ADMIT-GUARD] step=143 admit_active=0 latch=0/0 ee_z=0.072 gate_cap=0
[ALT-GATE] step=143 target_stable=0/0 allow_descent=1
[GS-tgt] step=143 ee=(+0.080,-0.001,+0.072) p_repos=(+0.080,+0.000,+0.030) ee_to_target=0.042m target_label=prev_repos target_changed=N delta=0.000m
[GS] step=143 mode=free switch=kStayInRepos best_k=0 best_src=prev_repos curr_cost=102953.24 repos_cost=150188.81 best_other=150188.81 met_progress=N steps_since_improve=141 switches=0
[STEP] step=143 mode=free t=1.430s ee=(+0.080,-0.001,+0.072) obj=(+0.000,+0.000,+0.050) goal_dist=0.300m switch=kStayInRepos target=(+0.080,+0.000,+0.072) ee_stride=0.001m ee_to_ptarget=0.042m landing_err=0.0000m ik_ok=Y ik_resid=0.0001m q_max_resid_deg=5.86 target_changed=Y retgt=N held_idx=1 held_cost=150188.81 won_cost=150188.81 margin=+0.00 won_src=prev_repos held_valid=Y reason=hold setpoint_to_ptarget=nanm finished_val=nanm finished_thresh=0.0200m pd_resid=nanm nextwp_to_ptarget=nanm guide_terminal_err=nanm
[GATE-EVOLVE] step=143 curr=102953.24 best_other=150188.81 ratio=0.6855 ee_to_optimal=0.0050m phi=0.0050m
[STAGE-A-TRACE] step=143 sim_t=1.430 mode=free phi=0.00502 box_xy=+0.00000,+0.00000 lam_n_ee_box=nan qy=+0.00001 qz=+0.00000 finished_repos=0
[DRAKE-CONTACT] step=143 n_pairs=1 ee_box_normal=0.000
[GATE-CONTACT] step=143 F_W=(+0.0000,+0.0000,+0.0000) F_on_box=(-0.0000,-0.0000,-0.0000) n_face_out=(-0.0000,-0.0000,-0.0000) A_is_ee=0 box_q=(+1.00000,-0.00001,+0.00001,+0.00000) box_p=(+0.00000,+0.00000,+0.04999) ee_p=(+0.08002,-0.00053,+0.07224)
[ADMM-C3+] primal: 6.1326->4.9531  dual: 109.5847->80.7881  mono=False  iters=25/25  rho=25.0
[ADMM-C3+] WARNING non-converged: pr=4.9531 dr=80.7881 tol=1e-03
[C3+] step=429 |u[0]|=6.55N λ_n_max=1.063 η_n_max=1.282 primal=4.953 iters=25/25 lcp_res_max=nan
[ADMIT-GUARD] step=144 admit_active=0 latch=0/0 ee_z=0.070 gate_cap=0
[ALT-GATE] step=144 target_stable=0/0 allow_descent=1
[GS-tgt] step=144 ee=(+0.080,-0.001,+0.070) p_repos=(+0.080,+0.000,+0.030) ee_to_target=0.040m target_label=prev_repos target_changed=N delta=0.000m
[GS] step=144 mode=free switch=kStayInRepos best_k=0 best_src=prev_repos curr_cost=102951.88 repos_cost=150188.43 best_other=150188.43 met_progress=N steps_since_improve=142 switches=0
[STEP] step=144 mode=free t=1.440s ee=(+0.080,-0.001,+0.070) obj=(+0.000,+0.000,+0.050) goal_dist=0.300m switch=kStayInRepos target=(+0.080,+0.000,+0.070) ee_stride=0.001m ee_to_ptarget=0.040m landing_err=0.0000m ik_ok=Y ik_resid=0.0001m q_max_resid_deg=5.61 target_changed=Y retgt=N held_idx=1 held_cost=150188.43 won_cost=150188.43 margin=+0.00 won_src=prev_repos held_valid=Y reason=hold setpoint_to_ptarget=nanm finished_val=nanm finished_thresh=0.0200m pd_resid=nanm nextwp_to_ptarget=nanm guide_terminal_err=nanm
[GATE-EVOLVE] step=144 curr=102951.88 best_other=150188.43 ratio=0.6855 ee_to_optimal=0.0050m phi=0.0050m
[STAGE-A-TRACE] step=144 sim_t=1.440 mode=free phi=0.00502 box_xy=+0.00000,+0.00000 lam_n_ee_box=nan qy=+0.00001 qz=+0.00000 finished_repos=0
[DRAKE-CONTACT] step=144 n_pairs=1 ee_box_normal=0.000
[GATE-CONTACT] step=144 F_W=(+0.0000,+0.0000,+0.0000) F_on_box=(-0.0000,-0.0000,-0.0000) n_face_out=(-0.0000,-0.0000,-0.0000) A_is_ee=0 box_q=(+1.00000,-0.00001,+0.00001,+0.00000) box_p=(+0.00000,+0.00000,+0.04999) ee_p=(+0.08002,-0.00053,+0.07045)
[ADMM-C3+] primal: 6.1326->4.9531  dual: 109.5847->80.7881  mono=False  iters=25/25  rho=25.0
[ADMM-C3+] WARNING non-converged: pr=4.9531 dr=80.7881 tol=1e-03
[C3+] step=432 |u[0]|=6.52N λ_n_max=1.063 η_n_max=1.282 primal=4.953 iters=25/25 lcp_res_max=nan
[ADMIT-GUARD] step=145 admit_active=0 latch=0/0 ee_z=0.069 gate_cap=0
[ALT-GATE] step=145 target_stable=0/0 allow_descent=1
[GS-tgt] step=145 ee=(+0.080,-0.001,+0.069) p_repos=(+0.080,+0.000,+0.030) ee_to_target=0.039m target_label=prev_repos target_changed=N delta=0.000m
[GS] step=145 mode=free switch=kStayInRepos best_k=0 best_src=prev_repos curr_cost=102950.64 repos_cost=150188.06 best_other=150188.06 met_progress=N steps_since_improve=143 switches=0
[STEP] step=145 mode=free t=1.450s ee=(+0.080,-0.001,+0.069) obj=(+0.000,+0.000,+0.050) goal_dist=0.300m switch=kStayInRepos target=(+0.080,+0.000,+0.068) ee_stride=0.001m ee_to_ptarget=0.039m landing_err=0.0000m ik_ok=Y ik_resid=0.0001m q_max_resid_deg=5.36 target_changed=Y retgt=N held_idx=1 held_cost=150188.06 won_cost=150188.06 margin=+0.00 won_src=prev_repos held_valid=Y reason=hold setpoint_to_ptarget=nanm finished_val=nanm finished_thresh=0.0200m pd_resid=nanm nextwp_to_ptarget=nanm guide_terminal_err=nanm
[GATE-EVOLVE] step=145 curr=102950.64 best_other=150188.06 ratio=0.6855 ee_to_optimal=0.0050m phi=0.0050m
[STAGE-A-TRACE] step=145 sim_t=1.450 mode=free phi=0.00502 box_xy=+0.00000,+0.00000 lam_n_ee_box=nan qy=+0.00001 qz=+0.00000 finished_repos=0
[DRAKE-CONTACT] step=145 n_pairs=1 ee_box_normal=0.000
[GATE-CONTACT] step=145 F_W=(+0.0000,+0.0000,+0.0000) F_on_box=(-0.0000,-0.0000,-0.0000) n_face_out=(-0.0000,-0.0000,-0.0000) A_is_ee=0 box_q=(+1.00000,-0.00001,+0.00001,+0.00000) box_p=(+0.00000,+0.00000,+0.04999) ee_p=(+0.08002,-0.00053,+0.06865)
[ADMM-C3+] primal: 6.1326->4.9531  dual: 109.5847->80.7881  mono=False  iters=25/25  rho=25.0
[ADMM-C3+] WARNING non-converged: pr=4.9531 dr=80.7881 tol=1e-03
[C3+] step=435 |u[0]|=6.50N λ_n_max=1.063 η_n_max=1.282 primal=4.953 iters=25/25 lcp_res_max=nan
[ADMIT-GUARD] step=146 admit_active=0 latch=0/0 ee_z=0.067 gate_cap=0
[ALT-GATE] step=146 target_stable=0/0 allow_descent=1
[GS-tgt] step=146 ee=(+0.080,-0.001,+0.067) p_repos=(+0.080,+0.000,+0.030) ee_to_target=0.037m target_label=prev_repos target_changed=N delta=0.000m
[GS] step=146 mode=free switch=kStayInRepos best_k=0 best_src=prev_repos curr_cost=102949.52 repos_cost=150187.68 best_other=150187.68 met_progress=N steps_since_improve=144 switches=0
[STEP] step=146 mode=free t=1.460s ee=(+0.080,-0.001,+0.067) obj=(+0.000,+0.000,+0.050) goal_dist=0.300m switch=kStayInRepos target=(+0.080,+0.000,+0.066) ee_stride=0.001m ee_to_ptarget=0.037m landing_err=0.0000m ik_ok=Y ik_resid=0.0001m q_max_resid_deg=5.11 target_changed=Y retgt=N held_idx=1 held_cost=150187.68 won_cost=150187.68 margin=+0.00 won_src=prev_repos held_valid=Y reason=hold setpoint_to_ptarget=nanm finished_val=nanm finished_thresh=0.0200m pd_resid=nanm nextwp_to_ptarget=nanm guide_terminal_err=nanm
[GATE-EVOLVE] step=146 curr=102949.52 best_other=150187.68 ratio=0.6855 ee_to_optimal=0.0050m phi=0.0050m
[STAGE-A-TRACE] step=146 sim_t=1.460 mode=free phi=0.00502 box_xy=+0.00000,+0.00000 lam_n_ee_box=nan qy=+0.00001 qz=+0.00000 finished_repos=0
[DRAKE-CONTACT] step=146 n_pairs=1 ee_box_normal=0.000
[GATE-CONTACT] step=146 F_W=(+0.0000,+0.0000,+0.0000) F_on_box=(-0.0000,-0.0000,-0.0000) n_face_out=(-0.0000,-0.0000,-0.0000) A_is_ee=0 box_q=(+1.00000,-0.00001,+0.00001,+0.00000) box_p=(+0.00000,+0.00000,+0.04999) ee_p=(+0.08002,-0.00054,+0.06685)
[ADMM-C3+] primal: 6.1326->4.9531  dual: 109.5847->80.7881  mono=False  iters=25/25  rho=25.0
[ADMM-C3+] WARNING non-converged: pr=4.9531 dr=80.7881 tol=1e-03
[C3+] step=438 |u[0]|=6.48N λ_n_max=1.063 η_n_max=1.282 primal=4.953 iters=25/25 lcp_res_max=nan
[ADMIT-GUARD] step=147 admit_active=0 latch=0/0 ee_z=0.065 gate_cap=0
[ALT-GATE] step=147 target_stable=0/0 allow_descent=1
[GS-tgt] step=147 ee=(+0.080,-0.001,+0.065) p_repos=(+0.080,+0.000,+0.030) ee_to_target=0.035m target_label=prev_repos target_changed=N delta=0.000m
[GS] step=147 mode=free switch=kStayInRepos best_k=0 best_src=prev_repos curr_cost=102948.51 repos_cost=150187.31 best_other=150187.31 met_progress=N steps_since_improve=145 switches=0
[STEP] step=147 mode=free t=1.470s ee=(+0.080,-0.001,+0.065) obj=(+0.000,+0.000,+0.050) goal_dist=0.300m switch=kStayInRepos target=(+0.080,+0.000,+0.064) ee_stride=0.001m ee_to_ptarget=0.035m landing_err=0.0000m ik_ok=Y ik_resid=0.0001m q_max_resid_deg=4.86 target_changed=Y retgt=N held_idx=1 held_cost=150187.31 won_cost=150187.31 margin=+0.00 won_src=prev_repos held_valid=Y reason=hold setpoint_to_ptarget=nanm finished_val=nanm finished_thresh=0.0200m pd_resid=nanm nextwp_to_ptarget=nanm guide_terminal_err=nanm
[GATE-EVOLVE] step=147 curr=102948.51 best_other=150187.31 ratio=0.6855 ee_to_optimal=0.0050m phi=0.0050m
[STAGE-A-TRACE] step=147 sim_t=1.470 mode=free phi=0.00502 box_xy=+0.00000,+0.00000 lam_n_ee_box=nan qy=+0.00001 qz=+0.00000 finished_repos=0
[DRAKE-CONTACT] step=147 n_pairs=1 ee_box_normal=0.000
[GATE-CONTACT] step=147 F_W=(+0.0000,+0.0000,+0.0000) F_on_box=(-0.0000,-0.0000,-0.0000) n_face_out=(-0.0000,-0.0000,-0.0000) A_is_ee=0 box_q=(+1.00000,-0.00001,+0.00001,+0.00000) box_p=(+0.00000,+0.00000,+0.04999) ee_p=(+0.08002,-0.00054,+0.06506)
[ADMM-C3+] primal: 6.1326->4.9531  dual: 109.5847->80.7881  mono=False  iters=25/25  rho=25.0
[ADMM-C3+] WARNING non-converged: pr=4.9531 dr=80.7881 tol=1e-03
[C3+] step=441 |u[0]|=6.46N λ_n_max=1.063 η_n_max=1.282 primal=4.953 iters=25/25 lcp_res_max=nan
[ADMIT-GUARD] step=148 admit_active=0 latch=0/0 ee_z=0.063 gate_cap=0
[ALT-GATE] step=148 target_stable=0/0 allow_descent=1
[GS-tgt] step=148 ee=(+0.080,-0.001,+0.063) p_repos=(+0.080,+0.000,+0.030) ee_to_target=0.033m target_label=prev_repos target_changed=N delta=0.000m
[GS] step=148 mode=free switch=kStayInRepos best_k=0 best_src=prev_repos curr_cost=102947.61 repos_cost=150186.94 best_other=150186.94 met_progress=N steps_since_improve=146 switches=0
[STEP] step=148 mode=free t=1.480s ee=(+0.080,-0.001,+0.063) obj=(+0.000,+0.000,+0.050) goal_dist=0.300m switch=kStayInRepos target=(+0.080,+0.000,+0.063) ee_stride=0.001m ee_to_ptarget=0.033m landing_err=0.0000m ik_ok=Y ik_resid=0.0001m q_max_resid_deg=4.61 target_changed=Y retgt=N held_idx=1 held_cost=150186.94 won_cost=150186.94 margin=+0.00 won_src=prev_repos held_valid=Y reason=hold setpoint_to_ptarget=nanm finished_val=nanm finished_thresh=0.0200m pd_resid=nanm nextwp_to_ptarget=nanm guide_terminal_err=nanm
[GATE-EVOLVE] step=148 curr=102947.61 best_other=150186.94 ratio=0.6855 ee_to_optimal=0.0050m phi=0.0050m
[STAGE-A-TRACE] step=148 sim_t=1.480 mode=free phi=0.00501 box_xy=+0.00000,+0.00000 lam_n_ee_box=nan qy=+0.00001 qz=+0.00000 finished_repos=0
[DRAKE-CONTACT] step=148 n_pairs=1 ee_box_normal=0.000
[GATE-CONTACT] step=148 F_W=(+0.0000,+0.0000,+0.0000) F_on_box=(-0.0000,-0.0000,-0.0000) n_face_out=(-0.0000,-0.0000,-0.0000) A_is_ee=0 box_q=(+1.00000,-0.00001,+0.00001,+0.00000) box_p=(+0.00000,+0.00000,+0.04999) ee_p=(+0.08002,-0.00054,+0.06326)
[ADMM-C3+] primal: 6.1326->4.9531  dual: 109.5847->80.7881  mono=False  iters=25/25  rho=25.0
[ADMM-C3+] WARNING non-converged: pr=4.9531 dr=80.7881 tol=1e-03
[C3+] step=444 |u[0]|=6.44N λ_n_max=1.063 η_n_max=1.282 primal=4.953 iters=25/25 lcp_res_max=nan
[ADMIT-GUARD] step=149 admit_active=0 latch=0/0 ee_z=0.061 gate_cap=0
[ALT-GATE] step=149 target_stable=0/0 allow_descent=1
[GS-tgt] step=149 ee=(+0.080,-0.001,+0.061) p_repos=(+0.080,+0.000,+0.030) ee_to_target=0.031m target_label=prev_repos target_changed=N delta=0.000m
[GS] step=149 mode=free switch=kStayInRepos best_k=0 best_src=prev_repos curr_cost=102946.83 repos_cost=150186.57 best_other=150186.57 met_progress=N steps_since_improve=147 switches=0
[STEP] step=149 mode=free t=1.490s ee=(+0.080,-0.001,+0.061) obj=(+0.000,+0.000,+0.050) goal_dist=0.300m switch=kStayInRepos target=(+0.080,+0.000,+0.061) ee_stride=0.001m ee_to_ptarget=0.031m landing_err=0.0000m ik_ok=Y ik_resid=0.0001m q_max_resid_deg=4.37 target_changed=Y retgt=N held_idx=1 held_cost=150186.57 won_cost=150186.57 margin=+0.00 won_src=prev_repos held_valid=Y reason=hold setpoint_to_ptarget=nanm finished_val=nanm finished_thresh=0.0200m pd_resid=nanm nextwp_to_ptarget=nanm guide_terminal_err=nanm
[GATE-EVOLVE] step=149 curr=102946.83 best_other=150186.57 ratio=0.6855 ee_to_optimal=0.0050m phi=0.0050m
[STAGE-A-TRACE] step=149 sim_t=1.490 mode=free phi=0.00501 box_xy=+0.00000,+0.00000 lam_n_ee_box=nan qy=+0.00001 qz=+0.00000 finished_repos=0
[DRAKE-CONTACT] step=149 n_pairs=1 ee_box_normal=0.000
[GATE-CONTACT] step=149 F_W=(+0.0000,+0.0000,+0.0000) F_on_box=(-0.0000,-0.0000,-0.0000) n_face_out=(-0.0000,-0.0000,-0.0000) A_is_ee=0 box_q=(+1.00000,-0.00001,+0.00001,+0.00000) box_p=(+0.00000,+0.00000,+0.04999) ee_p=(+0.08002,-0.00054,+0.06146)
[ADMM-C3+] primal: 6.1326->4.9531  dual: 109.5847->80.7881  mono=False  iters=25/25  rho=25.0
[ADMM-C3+] WARNING non-converged: pr=4.9531 dr=80.7881 tol=1e-03
[C3+] step=447 |u[0]|=6.42N λ_n_max=1.063 η_n_max=1.282 primal=4.953 iters=25/25 lcp_res_max=nan
[ADMIT-GUARD] step=150 admit_active=0 latch=0/0 ee_z=0.060 gate_cap=0
[ALT-GATE] step=150 target_stable=0/0 allow_descent=1
[GS-tgt] step=150 ee=(+0.080,-0.001,+0.060) p_repos=(+0.080,+0.000,+0.030) ee_to_target=0.030m target_label=prev_repos target_changed=N delta=0.000m
[IMP] step=150 mode=free |x_err|=0.0008m |tau_imp|=0.50Nm |tau_ff|=0.00Nm |tau_out|=0.50Nm sat=False lam_n=False lam_t=False
[GS] step=150 mode=free switch=kStayInRepos best_k=0 best_src=prev_repos curr_cost=102946.16 repos_cost=150186.21 best_other=150186.21 met_progress=N steps_since_improve=148 switches=0
[STEP] step=150 mode=free t=1.500s ee=(+0.080,-0.001,+0.060) obj=(+0.000,+0.000,+0.050) goal_dist=0.300m switch=kStayInRepos target=(+0.080,+0.000,+0.059) ee_stride=0.001m ee_to_ptarget=0.030m landing_err=0.0000m ik_ok=Y ik_resid=0.0001m q_max_resid_deg=4.12 target_changed=Y retgt=N held_idx=1 held_cost=150186.21 won_cost=150186.21 margin=+0.00 won_src=prev_repos held_valid=Y reason=hold setpoint_to_ptarget=nanm finished_val=nanm finished_thresh=0.0200m pd_resid=nanm nextwp_to_ptarget=nanm guide_terminal_err=nanm
[GATE-EVOLVE] step=150 curr=102946.16 best_other=150186.21 ratio=0.6855 ee_to_optimal=0.0050m phi=0.0050m
[STAGE-A-TRACE] step=150 sim_t=1.500 mode=free phi=0.00501 box_xy=+0.00000,+0.00000 lam_n_ee_box=nan qy=+0.00001 qz=+0.00000 finished_repos=0
[DRAKE-CONTACT] step=150 n_pairs=1 ee_box_normal=0.000
[GATE-CONTACT] step=150 F_W=(+0.0000,+0.0000,+0.0000) F_on_box=(-0.0000,-0.0000,-0.0000) n_face_out=(-0.0000,-0.0000,-0.0000) A_is_ee=0 box_q=(+1.00000,-0.00001,+0.00001,+0.00000) box_p=(+0.00000,+0.00000,+0.04999) ee_p=(+0.08002,-0.00055,+0.05967)
[PERSIST] step=151 refresh n_strategy=1 samples=[(-0.0044, 0.08, 0.03)]
[ADMM-C3+] primal: 6.1326->4.9531  dual: 109.5847->80.7881  mono=False  iters=25/25  rho=25.0
[ADMM-C3+] WARNING non-converged: pr=4.9531 dr=80.7881 tol=1e-03
[C3+] step=450 |u[0]|=6.41N λ_n_max=1.063 η_n_max=1.282 primal=4.953 iters=25/25 lcp_res_max=nan
[ADMIT-GUARD] step=151 admit_active=0 latch=0/0 ee_z=0.058 gate_cap=0
[ALT-GATE] step=151 target_stable=0/0 allow_descent=1
[GS-tgt] step=151 ee=(+0.080,-0.001,+0.058) p_repos=(+0.080,+0.000,+0.030) ee_to_target=0.028m target_label=prev_repos target_changed=N delta=0.000m
[GS] step=151 mode=free switch=kStayInRepos best_k=0 best_src=prev_repos curr_cost=102945.60 repos_cost=150185.84 best_other=150185.84 met_progress=N steps_since_improve=149 switches=0
[STEP] step=151 mode=free t=1.510s ee=(+0.080,-0.001,+0.058) obj=(+0.000,+0.000,+0.050) goal_dist=0.300m switch=kStayInRepos target=(+0.080,+0.000,+0.057) ee_stride=0.001m ee_to_ptarget=0.028m landing_err=0.0000m ik_ok=Y ik_resid=0.0001m q_max_resid_deg=3.87 target_changed=Y retgt=N held_idx=1 held_cost=150185.84 won_cost=150185.84 margin=+0.00 won_src=prev_repos held_valid=Y reason=hold setpoint_to_ptarget=nanm finished_val=nanm finished_thresh=0.0200m pd_resid=nanm nextwp_to_ptarget=nanm guide_terminal_err=nanm
[GATE-EVOLVE] step=151 curr=102945.60 best_other=150185.84 ratio=0.6855 ee_to_optimal=0.0050m phi=0.0050m
[STAGE-A-TRACE] step=151 sim_t=1.510 mode=free phi=0.00501 box_xy=+0.00000,+0.00000 lam_n_ee_box=nan qy=+0.00001 qz=+0.00000 finished_repos=0
  t=1.50s | ee=(0.080, -0.001, 0.058) | obj=(0.000, 0.000, 0.050) | |u|=0.50 Nm | goal_dist=0.300 m
[DRAKE-CONTACT] step=151 n_pairs=1 ee_box_normal=0.000
[GATE-CONTACT] step=151 F_W=(+0.0000,+0.0000,+0.0000) F_on_box=(-0.0000,-0.0000,-0.0000) n_face_out=(-0.0000,-0.0000,-0.0000) A_is_ee=0 box_q=(+1.00000,-0.00001,+0.00001,+0.00000) box_p=(+0.00000,+0.00000,+0.04999) ee_p=(+0.08001,-0.00055,+0.05787)
[ADMM-C3+] primal: 6.1326->4.9531  dual: 109.5847->80.7881  mono=False  iters=25/25  rho=25.0
[ADMM-C3+] WARNING non-converged: pr=4.9531 dr=80.7881 tol=1e-03
[C3+] step=453 |u[0]|=6.40N λ_n_max=1.063 η_n_max=1.282 primal=4.953 iters=25/25 lcp_res_max=nan
[ADMIT-GUARD] step=152 admit_active=0 latch=0/0 ee_z=0.056 gate_cap=0
[ALT-GATE] step=152 target_stable=0/0 allow_descent=1
[GS-tgt] step=152 ee=(+0.080,-0.001,+0.056) p_repos=(+0.080,+0.000,+0.030) ee_to_target=0.026m target_label=prev_repos target_changed=N delta=0.000m
[GS] step=152 mode=free switch=kStayInRepos best_k=0 best_src=prev_repos curr_cost=102945.16 repos_cost=150185.48 best_other=150185.48 met_progress=N steps_since_improve=150 switches=0
[STEP] step=152 mode=free t=1.520s ee=(+0.080,-0.001,+0.056) obj=(+0.000,+0.000,+0.050) goal_dist=0.300m switch=kStayInRepos target=(+0.080,+0.000,+0.055) ee_stride=0.001m ee_to_ptarget=0.026m landing_err=0.0000m ik_ok=Y ik_resid=0.0001m q_max_resid_deg=3.63 target_changed=Y retgt=N held_idx=1 held_cost=150185.48 won_cost=150185.48 margin=+0.00 won_src=prev_repos held_valid=Y reason=hold setpoint_to_ptarget=nanm finished_val=nanm finished_thresh=0.0200m pd_resid=nanm nextwp_to_ptarget=nanm guide_terminal_err=nanm
[GATE-EVOLVE] step=152 curr=102945.16 best_other=150185.48 ratio=0.6855 ee_to_optimal=0.0050m phi=0.0050m
[STAGE-A-TRACE] step=152 sim_t=1.520 mode=free phi=0.00501 box_xy=+0.00000,+0.00000 lam_n_ee_box=nan qy=+0.00001 qz=+0.00000 finished_repos=0
[DRAKE-CONTACT] step=152 n_pairs=1 ee_box_normal=0.000
[GATE-CONTACT] step=152 F_W=(+0.0000,+0.0000,+0.0000) F_on_box=(-0.0000,-0.0000,-0.0000) n_face_out=(-0.0000,-0.0000,-0.0000) A_is_ee=0 box_q=(+1.00000,-0.00001,+0.00001,+0.00000) box_p=(+0.00000,+0.00000,+0.04999) ee_p=(+0.08001,-0.00055,+0.05608)
[ADMM-C3+] primal: 6.1326->4.9531  dual: 109.5847->80.7881  mono=False  iters=25/25  rho=25.0
[ADMM-C3+] WARNING non-converged: pr=4.9531 dr=80.7881 tol=1e-03
[C3+] step=456 |u[0]|=6.40N λ_n_max=1.063 η_n_max=1.282 primal=4.953 iters=25/25 lcp_res_max=nan
[ADMIT-GUARD] step=153 admit_active=0 latch=0/0 ee_z=0.054 gate_cap=0
[ALT-GATE] step=153 target_stable=0/0 allow_descent=1
[GS-tgt] step=153 ee=(+0.080,-0.001,+0.054) p_repos=(+0.080,+0.000,+0.030) ee_to_target=0.024m target_label=prev_repos target_changed=N delta=0.000m
[GS] step=153 mode=free switch=kStayInRepos best_k=0 best_src=prev_repos curr_cost=102944.83 repos_cost=150185.12 best_other=150185.12 met_progress=N steps_since_improve=151 switches=0
[STEP] step=153 mode=free t=1.530s ee=(+0.080,-0.001,+0.054) obj=(+0.000,+0.000,+0.050) goal_dist=0.300m switch=kStayInRepos target=(+0.080,+0.000,+0.054) ee_stride=0.001m ee_to_ptarget=0.024m landing_err=0.0000m ik_ok=Y ik_resid=0.0001m q_max_resid_deg=3.38 target_changed=Y retgt=N held_idx=1 held_cost=150185.12 won_cost=150185.12 margin=+0.00 won_src=prev_repos held_valid=Y reason=hold setpoint_to_ptarget=nanm finished_val=nanm finished_thresh=0.0200m pd_resid=nanm nextwp_to_ptarget=nanm guide_terminal_err=nanm
[GATE-EVOLVE] step=153 curr=102944.83 best_other=150185.12 ratio=0.6855 ee_to_optimal=0.0050m phi=0.0050m
[STAGE-A-TRACE] step=153 sim_t=1.530 mode=free phi=0.00501 box_xy=+0.00000,+0.00000 lam_n_ee_box=nan qy=+0.00001 qz=+0.00000 finished_repos=0
[DRAKE-CONTACT] step=153 n_pairs=1 ee_box_normal=0.000
[GATE-CONTACT] step=153 F_W=(+0.0000,+0.0000,+0.0000) F_on_box=(-0.0000,-0.0000,-0.0000) n_face_out=(-0.0000,-0.0000,-0.0000) A_is_ee=0 box_q=(+1.00000,-0.00001,+0.00001,+0.00000) box_p=(+0.00000,+0.00000,+0.04999) ee_p=(+0.08001,-0.00056,+0.05428)
[ADMM-C3+] primal: 6.1326->4.9531  dual: 109.5847->80.7881  mono=False  iters=25/25  rho=25.0
[ADMM-C3+] WARNING non-converged: pr=4.9531 dr=80.7881 tol=1e-03
[C3+] step=459 |u[0]|=6.39N λ_n_max=1.063 η_n_max=1.282 primal=4.953 iters=25/25 lcp_res_max=nan
[ADMIT-GUARD] step=154 admit_active=0 latch=0/0 ee_z=0.052 gate_cap=0
[ALT-GATE] step=154 target_stable=0/0 allow_descent=1
[GS-tgt] step=154 ee=(+0.080,-0.001,+0.052) p_repos=(+0.080,+0.000,+0.030) ee_to_target=0.022m target_label=prev_repos target_changed=N delta=0.000m
[GS] step=154 mode=free switch=kStayInRepos best_k=0 best_src=prev_repos curr_cost=102944.62 repos_cost=150184.75 best_other=150184.75 met_progress=N steps_since_improve=152 switches=0
[STEP] step=154 mode=free t=1.540s ee=(+0.080,-0.001,+0.052) obj=(+0.000,+0.000,+0.050) goal_dist=0.300m switch=kStayInRepos target=(+0.080,+0.000,+0.052) ee_stride=0.001m ee_to_ptarget=0.022m landing_err=0.0000m ik_ok=Y ik_resid=0.0001m q_max_resid_deg=3.13 target_changed=Y retgt=N held_idx=1 held_cost=150184.75 won_cost=150184.75 margin=+0.00 won_src=prev_repos held_valid=Y reason=hold setpoint_to_ptarget=nanm finished_val=nanm finished_thresh=0.0200m pd_resid=nanm nextwp_to_ptarget=nanm guide_terminal_err=nanm
[GATE-EVOLVE] step=154 curr=102944.62 best_other=150184.75 ratio=0.6855 ee_to_optimal=0.0050m phi=0.0050m
[STAGE-A-TRACE] step=154 sim_t=1.540 mode=free phi=0.00501 box_xy=+0.00000,+0.00000 lam_n_ee_box=nan qy=+0.00001 qz=+0.00000 finished_repos=0
[DRAKE-CONTACT] step=154 n_pairs=1 ee_box_normal=0.000
[GATE-CONTACT] step=154 F_W=(+0.0000,+0.0000,+0.0000) F_on_box=(-0.0000,-0.0000,-0.0000) n_face_out=(-0.0000,-0.0000,-0.0000) A_is_ee=0 box_q=(+1.00000,-0.00001,+0.00001,+0.00000) box_p=(+0.00000,+0.00000,+0.04999) ee_p=(+0.08001,-0.00056,+0.05249)
[ADMM-C3+] primal: 6.1326->4.9531  dual: 109.5847->80.7881  mono=False  iters=25/25  rho=25.0
[ADMM-C3+] WARNING non-converged: pr=4.9531 dr=80.7881 tol=1e-03
[C3+] step=462 |u[0]|=6.39N λ_n_max=1.063 η_n_max=1.282 primal=4.953 iters=25/25 lcp_res_max=nan
[ADMIT-GUARD] step=155 admit_active=0 latch=0/0 ee_z=0.051 gate_cap=0
[ALT-GATE] step=155 target_stable=0/0 allow_descent=1
[GS-tgt] step=155 ee=(+0.080,-0.001,+0.051) p_repos=(+0.080,+0.000,+0.030) ee_to_target=0.021m target_label=prev_repos target_changed=N delta=0.000m
[GS] step=155 mode=free switch=kStayInRepos best_k=0 best_src=prev_repos curr_cost=102944.52 repos_cost=150184.39 best_other=150184.39 met_progress=N steps_since_improve=153 switches=0
[STEP] step=155 mode=free t=1.550s ee=(+0.080,-0.001,+0.051) obj=(+0.000,+0.000,+0.050) goal_dist=0.300m switch=kStayInRepos target=(+0.080,+0.000,+0.050) ee_stride=0.001m ee_to_ptarget=0.021m landing_err=0.0000m ik_ok=Y ik_resid=0.0000m q_max_resid_deg=2.89 target_changed=Y retgt=N held_idx=1 held_cost=150184.39 won_cost=150184.39 margin=+0.00 won_src=prev_repos held_valid=Y reason=hold setpoint_to_ptarget=nanm finished_val=nanm finished_thresh=0.0200m pd_resid=nanm nextwp_to_ptarget=nanm guide_terminal_err=nanm
[GATE-EVOLVE] step=155 curr=102944.52 best_other=150184.39 ratio=0.6855 ee_to_optimal=0.0050m phi=0.0050m
[STAGE-A-TRACE] step=155 sim_t=1.550 mode=free phi=0.00501 box_xy=+0.00000,+0.00000 lam_n_ee_box=nan qy=+0.00001 qz=+0.00000 finished_repos=0
[DRAKE-CONTACT] step=155 n_pairs=1 ee_box_normal=0.000
[GATE-CONTACT] step=155 F_W=(+0.0000,+0.0000,+0.0000) F_on_box=(-0.0000,-0.0000,-0.0000) n_face_out=(-0.0000,-0.0000,-0.0000) A_is_ee=0 box_q=(+1.00000,-0.00001,+0.00001,+0.00000) box_p=(+0.00000,+0.00000,+0.04999) ee_p=(+0.08001,-0.00056,+0.05069)
[ADMM-C3+] primal: 6.1326->4.9531  dual: 109.5847->80.7881  mono=False  iters=25/25  rho=25.0
[ADMM-C3+] WARNING non-converged: pr=4.9531 dr=80.7881 tol=1e-03
[C3+] step=465 |u[0]|=6.39N λ_n_max=1.063 η_n_max=1.282 primal=4.953 iters=25/25 lcp_res_max=nan
[ADMIT-GUARD] step=156 admit_active=0 latch=0/0 ee_z=0.049 gate_cap=0
[ALT-GATE] step=156 target_stable=0/0 allow_descent=1
[GS-tgt] step=156 ee=(+0.080,-0.001,+0.049) p_repos=(+0.080,+0.000,+0.030) ee_to_target=0.019m target_label=prev_repos target_changed=N delta=0.000m
[GS] step=156 mode=free switch=kStayInRepos best_k=0 best_src=prev_repos curr_cost=102944.53 repos_cost=150184.03 best_other=150184.03 met_progress=N steps_since_improve=154 switches=0
[STEP] step=156 mode=free t=1.560s ee=(+0.080,-0.001,+0.049) obj=(+0.000,+0.000,+0.050) goal_dist=0.300m switch=kStayInRepos target=(+0.080,+0.000,+0.048) ee_stride=0.001m ee_to_ptarget=0.019m landing_err=0.0000m ik_ok=Y ik_resid=0.0009m q_max_resid_deg=2.54 target_changed=Y retgt=N held_idx=1 held_cost=150184.03 won_cost=150184.03 margin=+0.00 won_src=prev_repos held_valid=Y reason=hold setpoint_to_ptarget=nanm finished_val=nanm finished_thresh=0.0200m pd_resid=nanm nextwp_to_ptarget=nanm guide_terminal_err=nanm
[GATE-EVOLVE] step=156 curr=102944.53 best_other=150184.03 ratio=0.6855 ee_to_optimal=0.0050m phi=0.0050m
[STAGE-A-TRACE] step=156 sim_t=1.560 mode=free phi=0.00501 box_xy=+0.00000,+0.00000 lam_n_ee_box=nan qy=+0.00001 qz=+0.00000 finished_repos=0
[DRAKE-CONTACT] step=156 n_pairs=1 ee_box_normal=0.000
[GATE-CONTACT] step=156 F_W=(+0.0000,+0.0000,+0.0000) F_on_box=(-0.0000,-0.0000,-0.0000) n_face_out=(-0.0000,-0.0000,-0.0000) A_is_ee=0 box_q=(+1.00000,-0.00001,+0.00001,+0.00000) box_p=(+0.00000,+0.00000,+0.04999) ee_p=(+0.08001,-0.00057,+0.04889)
[ADMM-C3+] primal: 6.1326->4.9531  dual: 109.5847->80.7881  mono=False  iters=25/25  rho=25.0
[ADMM-C3+] WARNING non-converged: pr=4.9531 dr=80.7881 tol=1e-03
[C3+] step=468 |u[0]|=6.39N λ_n_max=1.063 η_n_max=1.282 primal=4.953 iters=25/25 lcp_res_max=nan
[ADMIT-GUARD] step=157 admit_active=0 latch=0/0 ee_z=0.047 gate_cap=0
[ALT-GATE] step=157 target_stable=0/0 allow_descent=1
[GS-tgt] step=157 ee=(+0.080,-0.001,+0.047) p_repos=(+0.080,+0.000,+0.030) ee_to_target=0.017m target_label=prev_repos target_changed=N delta=0.000m
[GS] step=157 mode=free switch=kStayInRepos best_k=0 best_src=prev_repos curr_cost=102944.66 repos_cost=150183.67 best_other=150183.67 met_progress=N steps_since_improve=155 switches=0
[STEP] step=157 mode=free t=1.570s ee=(+0.080,-0.001,+0.047) obj=(+0.000,+0.000,+0.050) goal_dist=0.300m switch=kStayInRepos target=(+0.080,+0.000,+0.046) ee_stride=0.001m ee_to_ptarget=0.017m landing_err=0.0000m ik_ok=Y ik_resid=0.0008m q_max_resid_deg=2.31 target_changed=Y retgt=N held_idx=1 held_cost=150183.67 won_cost=150183.67 margin=+0.00 won_src=prev_repos held_valid=Y reason=hold setpoint_to_ptarget=nanm finished_val=nanm finished_thresh=0.0200m pd_resid=nanm nextwp_to_ptarget=nanm guide_terminal_err=nanm
[GATE-EVOLVE] step=157 curr=102944.66 best_other=150183.67 ratio=0.6855 ee_to_optimal=0.0050m phi=0.0050m
[STAGE-A-TRACE] step=157 sim_t=1.570 mode=free phi=0.00501 box_xy=+0.00000,+0.00000 lam_n_ee_box=nan qy=+0.00001 qz=+0.00000 finished_repos=0
[DRAKE-CONTACT] step=157 n_pairs=1 ee_box_normal=0.000
[GATE-CONTACT] step=157 F_W=(+0.0000,+0.0000,+0.0000) F_on_box=(-0.0000,-0.0000,-0.0000) n_face_out=(-0.0000,-0.0000,-0.0000) A_is_ee=0 box_q=(+1.00000,-0.00001,+0.00001,+0.00000) box_p=(+0.00000,+0.00000,+0.04999) ee_p=(+0.08001,-0.00057,+0.04710)
[ADMM-C3+] primal: 6.1326->4.9531  dual: 109.5847->80.7881  mono=False  iters=25/25  rho=25.0
[ADMM-C3+] WARNING non-converged: pr=4.9531 dr=80.7881 tol=1e-03
[C3+] step=471 |u[0]|=6.40N λ_n_max=1.063 η_n_max=1.282 primal=4.953 iters=25/25 lcp_res_max=nan
[ADMIT-GUARD] step=158 admit_active=0 latch=0/0 ee_z=0.045 gate_cap=0
[ALT-GATE] step=158 target_stable=0/0 allow_descent=1
[GS-tgt] step=158 ee=(+0.080,-0.001,+0.045) p_repos=(+0.080,+0.000,+0.030) ee_to_target=0.015m target_label=prev_repos target_changed=N delta=0.000m
[GS] step=158 mode=free switch=kStayInRepos best_k=0 best_src=prev_repos curr_cost=102944.90 repos_cost=150183.30 best_other=150183.30 met_progress=N steps_since_improve=156 switches=0
[STEP] step=158 mode=free t=1.580s ee=(+0.080,-0.001,+0.045) obj=(+0.000,+0.000,+0.050) goal_dist=0.300m switch=kStayInRepos target=(+0.080,+0.000,+0.045) ee_stride=0.001m ee_to_ptarget=0.015m landing_err=0.0000m ik_ok=Y ik_resid=0.0007m q_max_resid_deg=2.07 target_changed=Y retgt=N held_idx=1 held_cost=150183.30 won_cost=150183.30 margin=+0.00 won_src=prev_repos held_valid=Y reason=hold setpoint_to_ptarget=nanm finished_val=nanm finished_thresh=0.0200m pd_resid=nanm nextwp_to_ptarget=nanm guide_terminal_err=nanm
[GATE-EVOLVE] step=158 curr=102944.90 best_other=150183.30 ratio=0.6855 ee_to_optimal=0.0050m phi=0.0050m
[STAGE-A-TRACE] step=158 sim_t=1.580 mode=free phi=0.00501 box_xy=+0.00000,+0.00000 lam_n_ee_box=nan qy=+0.00001 qz=+0.00000 finished_repos=0
[DRAKE-CONTACT] step=158 n_pairs=1 ee_box_normal=0.000
[GATE-CONTACT] step=158 F_W=(+0.0000,+0.0000,+0.0000) F_on_box=(-0.0000,-0.0000,-0.0000) n_face_out=(-0.0000,-0.0000,-0.0000) A_is_ee=0 box_q=(+1.00000,-0.00001,+0.00001,+0.00000) box_p=(+0.00000,+0.00000,+0.04999) ee_p=(+0.08001,-0.00057,+0.04530)
[ADMM-C3+] primal: 6.1326->4.9531  dual: 109.5847->80.7881  mono=False  iters=25/25  rho=25.0
[ADMM-C3+] WARNING non-converged: pr=4.9531 dr=80.7881 tol=1e-03
[C3+] step=474 |u[0]|=6.40N λ_n_max=1.063 η_n_max=1.282 primal=4.953 iters=25/25 lcp_res_max=nan
[ADMIT-GUARD] step=159 admit_active=0 latch=0/0 ee_z=0.044 gate_cap=0
[ALT-GATE] step=159 target_stable=0/0 allow_descent=1
[GS-tgt] step=159 ee=(+0.080,-0.001,+0.044) p_repos=(+0.080,+0.000,+0.030) ee_to_target=0.014m target_label=prev_repos target_changed=N delta=0.000m
[GS] step=159 mode=free switch=kStayInRepos best_k=0 best_src=prev_repos curr_cost=102945.25 repos_cost=150182.94 best_other=150182.94 met_progress=N steps_since_improve=157 switches=0
[STEP] step=159 mode=free t=1.590s ee=(+0.080,-0.001,+0.044) obj=(+0.000,+0.000,+0.050) goal_dist=0.300m switch=kStayInRepos target=(+0.080,+0.000,+0.043) ee_stride=0.001m ee_to_ptarget=0.014m landing_err=0.0000m ik_ok=Y ik_resid=0.0006m q_max_resid_deg=1.83 target_changed=Y retgt=N held_idx=1 held_cost=150182.94 won_cost=150182.94 margin=+0.00 won_src=prev_repos held_valid=Y reason=hold setpoint_to_ptarget=nanm finished_val=nanm finished_thresh=0.0200m pd_resid=nanm nextwp_to_ptarget=nanm guide_terminal_err=nanm
[GATE-EVOLVE] step=159 curr=102945.25 best_other=150182.94 ratio=0.6855 ee_to_optimal=0.0050m phi=0.0050m
[STAGE-A-TRACE] step=159 sim_t=1.590 mode=free phi=0.00501 box_xy=+0.00000,+0.00000 lam_n_ee_box=nan qy=+0.00001 qz=+0.00000 finished_repos=0
[DRAKE-CONTACT] step=159 n_pairs=1 ee_box_normal=0.000
[GATE-CONTACT] step=159 F_W=(+0.0000,+0.0000,+0.0000) F_on_box=(-0.0000,-0.0000,-0.0000) n_face_out=(-0.0000,-0.0000,-0.0000) A_is_ee=0 box_q=(+1.00000,-0.00001,+0.00001,+0.00000) box_p=(+0.00000,+0.00000,+0.04999) ee_p=(+0.08001,-0.00058,+0.04351)
[ADMM-C3+] primal: 6.1326->4.9531  dual: 109.5847->80.7881  mono=False  iters=25/25  rho=25.0
[ADMM-C3+] WARNING non-converged: pr=4.9531 dr=80.7881 tol=1e-03
[C3+] step=477 |u[0]|=6.42N λ_n_max=1.063 η_n_max=1.282 primal=4.953 iters=25/25 lcp_res_max=nan
[ADMIT-GUARD] step=160 admit_active=0 latch=0/0 ee_z=0.042 gate_cap=0
[ALT-GATE] step=160 target_stable=0/0 allow_descent=1
[GS-tgt] step=160 ee=(+0.080,-0.001,+0.042) p_repos=(+0.080,+0.000,+0.030) ee_to_target=0.012m target_label=prev_repos target_changed=N delta=0.000m
[IMP] step=160 mode=free |x_err|=0.0009m |tau_imp|=0.46Nm |tau_ff|=0.00Nm |tau_out|=0.46Nm sat=False lam_n=False lam_t=False
[GS] step=160 mode=free switch=kStayInRepos best_k=0 best_src=prev_repos curr_cost=102945.72 repos_cost=150182.58 best_other=150182.58 met_progress=N steps_since_improve=158 switches=0
[STEP] step=160 mode=free t=1.600s ee=(+0.080,-0.001,+0.042) obj=(+0.000,+0.000,+0.050) goal_dist=0.300m switch=kStayInRepos target=(+0.080,+0.000,+0.041) ee_stride=0.001m ee_to_ptarget=0.012m landing_err=0.0000m ik_ok=Y ik_resid=0.0005m q_max_resid_deg=1.60 target_changed=Y retgt=N held_idx=1 held_cost=150182.58 won_cost=150182.58 margin=+0.00 won_src=prev_repos held_valid=Y reason=hold setpoint_to_ptarget=nanm finished_val=nanm finished_thresh=0.0200m pd_resid=nanm nextwp_to_ptarget=nanm guide_terminal_err=nanm
[GATE-EVOLVE] step=160 curr=102945.72 best_other=150182.58 ratio=0.6855 ee_to_optimal=0.0050m phi=0.0050m
[STAGE-A-TRACE] step=160 sim_t=1.600 mode=free phi=0.00501 box_xy=+0.00000,+0.00000 lam_n_ee_box=nan qy=+0.00001 qz=+0.00000 finished_repos=0
[GS-table] step=160
  k=0 (current   ) pos=(+0.080,-0.001,+0.042) c_C3= 132945.72 align=1.0000(bonus=30000.00) rot=+0.0000(bonus=    0.00) travel=0.000m(pen=  0.00) c_sample= 102945.72 feas=Y ik_err=0.0000m  ← WIN
  k=1 (prev_repos) pos=(+0.080,+0.000,+0.030) c_C3= 180180.24 align=1.0000(bonus=30000.00) rot=+0.0000(bonus=    0.00) travel=0.012m(pen=  2.35) c_sample= 150182.58 feas=Y ik_err=0.0000m
  k=2 (strat_0   ) pos=(-0.004,+0.080,+0.030) c_C3= 181040.24 align=0.0000(bonus=    0.15) rot=+0.0000(bonus=    0.00) travel=0.117m(pen= 23.45) c_sample= 181063.55 feas=Y ik_err=0.0000m
[DRAKE-CONTACT] step=160 n_pairs=1 ee_box_normal=0.000
[GATE-CONTACT] step=160 F_W=(+0.0000,+0.0000,+0.0000) F_on_box=(-0.0000,-0.0000,-0.0000) n_face_out=(-0.0000,-0.0000,-0.0000) A_is_ee=0 box_q=(+1.00000,-0.00001,+0.00001,+0.00000) box_p=(+0.00000,+0.00000,+0.04999) ee_p=(+0.08001,-0.00058,+0.04171)
[ADMM-C3+] primal: 6.1326->4.9531  dual: 109.5847->80.7881  mono=False  iters=25/25  rho=25.0
[ADMM-C3+] WARNING non-converged: pr=4.9531 dr=80.7881 tol=1e-03
[C3+] step=480 |u[0]|=6.43N λ_n_max=1.063 η_n_max=1.282 primal=4.953 iters=25/25 lcp_res_max=nan
[ADMIT-GUARD] step=161 admit_active=0 latch=0/0 ee_z=0.040 gate_cap=0
[ALT-GATE] step=161 target_stable=0/0 allow_descent=1
[GS-tgt] step=161 ee=(+0.080,-0.001,+0.040) p_repos=(+0.080,+0.000,+0.030) ee_to_target=0.010m target_label=prev_repos target_changed=N delta=0.000m
[GS] step=161 mode=free switch=kStayInRepos best_k=0 best_src=prev_repos curr_cost=102946.30 repos_cost=150182.22 best_other=150182.22 met_progress=N steps_since_improve=159 switches=0
[STEP] step=161 mode=free t=1.610s ee=(+0.080,-0.001,+0.040) obj=(+0.000,+0.000,+0.050) goal_dist=0.300m switch=kStayInRepos target=(+0.080,+0.000,+0.039) ee_stride=0.001m ee_to_ptarget=0.010m landing_err=0.0000m ik_ok=Y ik_resid=0.0004m q_max_resid_deg=1.36 target_changed=Y retgt=N held_idx=1 held_cost=150182.22 won_cost=150182.22 margin=+0.00 won_src=prev_repos held_valid=Y reason=hold setpoint_to_ptarget=nanm finished_val=nanm finished_thresh=0.0200m pd_resid=nanm nextwp_to_ptarget=nanm guide_terminal_err=nanm
[GATE-EVOLVE] step=161 curr=102946.30 best_other=150182.22 ratio=0.6855 ee_to_optimal=0.0050m phi=0.0050m
[STAGE-A-TRACE] step=161 sim_t=1.610 mode=free phi=0.00501 box_xy=+0.00000,+0.00000 lam_n_ee_box=nan qy=+0.00001 qz=+0.00000 finished_repos=0
[DRAKE-CONTACT] step=161 n_pairs=1 ee_box_normal=0.000
[GATE-CONTACT] step=161 F_W=(+0.0000,+0.0000,+0.0000) F_on_box=(-0.0000,-0.0000,-0.0000) n_face_out=(-0.0000,-0.0000,-0.0000) A_is_ee=0 box_q=(+1.00000,-0.00001,+0.00001,+0.00000) box_p=(+0.00000,+0.00000,+0.04999) ee_p=(+0.08001,-0.00058,+0.03992)
[ADMM-C3+] primal: 6.1326->4.9531  dual: 109.5847->80.7881  mono=False  iters=25/25  rho=25.0
[ADMM-C3+] WARNING non-converged: pr=4.9531 dr=80.7881 tol=1e-03
[C3+] step=483 |u[0]|=6.44N λ_n_max=1.063 η_n_max=1.282 primal=4.953 iters=25/25 lcp_res_max=nan
[ADMIT-GUARD] step=162 admit_active=0 latch=0/0 ee_z=0.038 gate_cap=0
[ALT-GATE] step=162 target_stable=0/0 allow_descent=1
[GS-tgt] step=162 ee=(+0.080,-0.001,+0.038) p_repos=(+0.080,+0.000,+0.030) ee_to_target=0.008m target_label=prev_repos target_changed=N delta=0.000m
[GS] step=162 mode=free switch=kStayInRepos best_k=0 best_src=prev_repos curr_cost=102947.00 repos_cost=150181.86 best_other=150181.86 met_progress=N steps_since_improve=160 switches=0
[STEP] step=162 mode=free t=1.620s ee=(+0.080,-0.001,+0.038) obj=(+0.000,+0.000,+0.050) goal_dist=0.300m switch=kStayInRepos target=(+0.080,+0.000,+0.037) ee_stride=0.001m ee_to_ptarget=0.008m landing_err=0.0000m ik_ok=Y ik_resid=0.0003m q_max_resid_deg=1.12 target_changed=Y retgt=N held_idx=1 held_cost=150181.86 won_cost=150181.86 margin=+0.00 won_src=prev_repos held_valid=Y reason=hold setpoint_to_ptarget=nanm finished_val=nanm finished_thresh=0.0200m pd_resid=nanm nextwp_to_ptarget=nanm guide_terminal_err=nanm
[GATE-EVOLVE] step=162 curr=102947.00 best_other=150181.86 ratio=0.6855 ee_to_optimal=0.0050m phi=0.0050m
[STAGE-A-TRACE] step=162 sim_t=1.620 mode=free phi=0.00501 box_xy=+0.00000,+0.00000 lam_n_ee_box=nan qy=+0.00001 qz=+0.00000 finished_repos=0
[DRAKE-CONTACT] step=162 n_pairs=1 ee_box_normal=0.000
[GATE-CONTACT] step=162 F_W=(+0.0000,+0.0000,+0.0000) F_on_box=(-0.0000,-0.0000,-0.0000) n_face_out=(-0.0000,-0.0000,-0.0000) A_is_ee=0 box_q=(+1.00000,-0.00001,+0.00001,+0.00000) box_p=(+0.00000,+0.00000,+0.04999) ee_p=(+0.08001,-0.00059,+0.03812)
[ADMM-C3+] primal: 6.1326->4.9531  dual: 109.5847->80.7881  mono=False  iters=25/25  rho=25.0
[ADMM-C3+] WARNING non-converged: pr=4.9531 dr=80.7881 tol=1e-03
[C3+] step=486 |u[0]|=6.46N λ_n_max=1.063 η_n_max=1.282 primal=4.953 iters=25/25 lcp_res_max=nan
[ADMIT-GUARD] step=163 admit_active=0 latch=0/0 ee_z=0.036 gate_cap=0
[ALT-GATE] step=163 target_stable=0/0 allow_descent=1
[GS-tgt] step=163 ee=(+0.080,-0.001,+0.036) p_repos=(+0.080,+0.000,+0.030) ee_to_target=0.006m target_label=prev_repos target_changed=N delta=0.000m
[GS] step=163 mode=free switch=kStayInRepos best_k=0 best_src=prev_repos curr_cost=102947.81 repos_cost=150181.50 best_other=150181.50 met_progress=N steps_since_improve=161 switches=0
[STEP] step=163 mode=free t=1.630s ee=(+0.080,-0.001,+0.036) obj=(+0.000,+0.000,+0.050) goal_dist=0.300m switch=kStayInRepos target=(+0.080,+0.000,+0.036) ee_stride=0.001m ee_to_ptarget=0.006m landing_err=0.0000m ik_ok=Y ik_resid=0.0003m q_max_resid_deg=0.89 target_changed=Y retgt=N held_idx=1 held_cost=150181.50 won_cost=150181.50 margin=+0.00 won_src=prev_repos held_valid=Y reason=hold setpoint_to_ptarget=nanm finished_val=nanm finished_thresh=0.0200m pd_resid=nanm nextwp_to_ptarget=nanm guide_terminal_err=nanm
[GATE-EVOLVE] step=163 curr=102947.81 best_other=150181.50 ratio=0.6855 ee_to_optimal=0.0050m phi=0.0050m
[STAGE-A-TRACE] step=163 sim_t=1.630 mode=free phi=0.00501 box_xy=+0.00000,+0.00000 lam_n_ee_box=nan qy=+0.00001 qz=+0.00000 finished_repos=0
[DRAKE-CONTACT] step=163 n_pairs=1 ee_box_normal=0.000
[GATE-CONTACT] step=163 F_W=(+0.0000,+0.0000,+0.0000) F_on_box=(-0.0000,-0.0000,-0.0000) n_face_out=(-0.0000,-0.0000,-0.0000) A_is_ee=0 box_q=(+1.00000,-0.00001,+0.00001,+0.00000) box_p=(+0.00000,+0.00000,+0.04999) ee_p=(+0.08001,-0.00059,+0.03633)
[ADMM-C3+] primal: 6.1326->4.9531  dual: 109.5847->80.7881  mono=False  iters=25/25  rho=25.0
[ADMM-C3+] WARNING non-converged: pr=4.9531 dr=80.7881 tol=1e-03
[C3+] step=489 |u[0]|=6.48N λ_n_max=1.063 η_n_max=1.282 primal=4.953 iters=25/25 lcp_res_max=nan
[ADMIT-GUARD] step=164 admit_active=0 latch=0/0 ee_z=0.035 gate_cap=0
[ALT-GATE] step=164 target_stable=0/0 allow_descent=1
[GS-tgt] step=164 ee=(+0.080,-0.001,+0.035) p_repos=(+0.080,+0.000,+0.030) ee_to_target=0.005m target_label=prev_repos target_changed=N delta=0.000m
[GS] step=164 mode=free switch=kStayInRepos best_k=0 best_src=prev_repos curr_cost=102948.73 repos_cost=150181.14 best_other=150181.14 met_progress=N steps_since_improve=162 switches=0
[STEP] step=164 mode=free t=1.640s ee=(+0.080,-0.001,+0.035) obj=(+0.000,+0.000,+0.050) goal_dist=0.300m switch=kStayInRepos target=(+0.080,+0.000,+0.034) ee_stride=0.001m ee_to_ptarget=0.005m landing_err=0.0000m ik_ok=Y ik_resid=0.0002m q_max_resid_deg=0.65 target_changed=Y retgt=N held_idx=1 held_cost=150181.14 won_cost=150181.14 margin=+0.00 won_src=prev_repos held_valid=Y reason=hold setpoint_to_ptarget=nanm finished_val=nanm finished_thresh=0.0200m pd_resid=nanm nextwp_to_ptarget=nanm guide_terminal_err=nanm
[GATE-EVOLVE] step=164 curr=102948.73 best_other=150181.14 ratio=0.6855 ee_to_optimal=0.0050m phi=0.0050m
[STAGE-A-TRACE] step=164 sim_t=1.640 mode=free phi=0.00501 box_xy=+0.00000,+0.00000 lam_n_ee_box=nan qy=+0.00001 qz=+0.00000 finished_repos=0
[DRAKE-CONTACT] step=164 n_pairs=1 ee_box_normal=0.000
[GATE-CONTACT] step=164 F_W=(+0.0000,+0.0000,+0.0000) F_on_box=(-0.0000,-0.0000,-0.0000) n_face_out=(-0.0000,-0.0000,-0.0000) A_is_ee=0 box_q=(+1.00000,-0.00001,+0.00001,+0.00000) box_p=(+0.00000,+0.00000,+0.04999) ee_p=(+0.08001,-0.00059,+0.03453)
[PERSIST] step=165 refresh n_strategy=1 samples=[(-0.0316, 0.08, 0.03)]
[ADMM-C3+] primal: 6.1326->4.9531  dual: 109.5847->80.7881  mono=False  iters=25/25  rho=25.0
[ADMM-C3+] WARNING non-converged: pr=4.9531 dr=80.7881 tol=1e-03
[C3+] step=492 |u[0]|=6.50N λ_n_max=1.063 η_n_max=1.282 primal=4.953 iters=25/25 lcp_res_max=nan
[ADMIT-GUARD] step=165 admit_active=0 latch=0/0 ee_z=0.033 gate_cap=0
[ALT-GATE] step=165 target_stable=0/0 allow_descent=1
[GS-tgt] step=165 ee=(+0.080,-0.001,+0.033) p_repos=(-0.032,+0.080,+0.030) ee_to_target=0.138m target_label=strat_0 target_changed=Y delta=0.137m
[STAGE-A-PWL] step=165 sim_t=1.650 build p_start=(+0.0800,-0.0006,+0.0327) p_target=(-0.0316,+0.0800,+0.0300) K=4 t_end=3.733
[GS] step=165 mode=free switch=kStayInRepos best_k=0 best_src=strat_0 curr_cost=102949.77 repos_cost=181419.33 best_other=181419.33 met_progress=N steps_since_improve=163 switches=0
[STEP] step=165 mode=free t=1.650s ee=(+0.080,-0.001,+0.033) obj=(+0.000,+0.000,+0.050) goal_dist=0.300m switch=kStayInRepos target=(+0.080,-0.001,+0.033) ee_stride=0.000m ee_to_ptarget=0.138m landing_err=0.1378m ik_ok=Y ik_resid=0.0001m q_max_resid_deg=0.52 target_changed=Y retgt=Y held_idx=1 held_cost=1000150180.79 won_cost=181419.33 margin=+999968761.46 won_src=strat_0 held_valid=Y reason=held_cost_rose setpoint_to_ptarget=nanm finished_val=nanm finished_thresh=0.0200m pd_resid=nanm nextwp_to_ptarget=nanm guide_terminal_err=nanm
[GATE-EVOLVE] step=165 curr=102949.77 best_other=181419.33 ratio=0.5675 ee_to_optimal=0.0050m phi=0.0050m
[STAGE-A-TRACE] step=165 sim_t=1.650 mode=free phi=0.00501 box_xy=+0.00000,+0.00000 lam_n_ee_box=nan qy=+0.00001 qz=+0.00000 finished_repos=0
[DRAKE-CONTACT] step=165 n_pairs=1 ee_box_normal=0.000
[GATE-CONTACT] step=165 F_W=(+0.0000,+0.0000,+0.0000) F_on_box=(-0.0000,-0.0000,-0.0000) n_face_out=(-0.0000,-0.0000,-0.0000) A_is_ee=0 box_q=(+1.00000,-0.00001,+0.00001,+0.00000) box_p=(+0.00000,+0.00000,+0.04999) ee_p=(+0.08001,-0.00060,+0.03274)
[PERSIST] step=166 refresh n_strategy=1 samples=[(-0.0497, -0.08, 0.03)]
[ADMM-C3+] primal: 6.1326->4.9531  dual: 109.5847->80.7881  mono=False  iters=25/25  rho=25.0
[ADMM-C3+] WARNING non-converged: pr=4.9531 dr=80.7881 tol=1e-03
[C3+] step=495 |u[0]|=6.52N λ_n_max=1.063 η_n_max=1.282 primal=4.953 iters=25/25 lcp_res_max=nan
[ADMIT-GUARD] step=166 admit_active=0 latch=0/0 ee_z=0.032 gate_cap=0
[ALT-GATE] step=166 target_stable=0/0 allow_descent=1
[GS-tgt] step=166 ee=(+0.080,-0.001,+0.032) p_repos=(-0.050,-0.080,+0.030) ee_to_target=0.152m target_label=strat_0 target_changed=Y delta=0.161m
[STAGE-A-PWL] step=166 sim_t=1.660 build p_start=(+0.0800,-0.0005,+0.0316) p_target=(-0.0497,-0.0800,+0.0300) K=4 t_end=3.829
[GS] step=166 mode=free switch=kStayInRepos best_k=0 best_src=strat_0 curr_cost=102950.40 repos_cost=181684.40 best_other=181684.40 met_progress=N steps_since_improve=164 switches=0
[STEP] step=166 mode=free t=1.660s ee=(+0.080,-0.001,+0.032) obj=(+0.000,+0.000,+0.050) goal_dist=0.300m switch=kStayInRepos target=(+0.080,-0.001,+0.032) ee_stride=0.000m ee_to_ptarget=0.152m landing_err=0.1522m ik_ok=Y ik_resid=0.0001m q_max_resid_deg=0.52 target_changed=Y retgt=Y held_idx=1 held_cost=1000181418.69 won_cost=181684.40 margin=+999999734.29 won_src=strat_0 held_valid=Y reason=new_sample_better setpoint_to_ptarget=nanm finished_val=nanm finished_thresh=0.0200m pd_resid=nanm nextwp_to_ptarget=nanm guide_terminal_err=nanm
[GATE-EVOLVE] step=166 curr=102950.40 best_other=181684.40 ratio=0.5666 ee_to_optimal=0.0050m phi=0.0050m
[STAGE-A-TRACE] step=166 sim_t=1.660 mode=free phi=0.00498 box_xy=+0.00000,+0.00000 lam_n_ee_box=nan qy=+0.00001 qz=+0.00000 finished_repos=0
[DRAKE-CONTACT] step=166 n_pairs=1 ee_box_normal=0.000
[GATE-CONTACT] step=166 F_W=(+0.0000,+0.0000,+0.0000) F_on_box=(-0.0000,-0.0000,-0.0000) n_face_out=(-0.0000,-0.0000,-0.0000) A_is_ee=0 box_q=(+1.00000,-0.00001,+0.00001,+0.00000) box_p=(+0.00000,+0.00000,+0.04999) ee_p=(+0.07998,-0.00053,+0.03165)
[PERSIST] step=167 refresh n_strategy=1 samples=[(-0.08, 0.0466, 0.03)]
[ADMM-C3+] primal: 6.1326->4.9531  dual: 109.5847->80.7881  mono=False  iters=25/25  rho=25.0
[ADMM-C3+] WARNING non-converged: pr=4.9531 dr=80.7881 tol=1e-03
[C3+] step=498 |u[0]|=6.52N λ_n_max=1.063 η_n_max=1.282 primal=4.953 iters=25/25 lcp_res_max=nan
[ADMIT-GUARD] step=167 admit_active=0 latch=0/0 ee_z=0.032 gate_cap=0
[ALT-GATE] step=167 target_stable=0/0 allow_descent=1
[GS-tgt] step=167 ee=(+0.080,-0.000,+0.032) p_repos=(-0.080,+0.047,+0.030) ee_to_target=0.167m target_label=strat_0 target_changed=Y delta=0.130m
[STAGE-A-PWL] step=167 sim_t=1.670 build p_start=(+0.0799,-0.0004,+0.0316) p_target=(-0.0800,+0.0466,+0.0300) K=4 t_end=3.921
[GS] step=167 mode=free switch=kStayInRepos best_k=0 best_src=strat_0 curr_cost=102950.35 repos_cost=182029.58 best_other=182029.58 met_progress=N steps_since_improve=165 switches=0
[STEP] step=167 mode=free t=1.670s ee=(+0.080,-0.000,+0.032) obj=(+0.000,+0.000,+0.050) goal_dist=0.300m switch=kStayInRepos target=(+0.080,-0.000,+0.032) ee_stride=0.000m ee_to_ptarget=0.167m landing_err=0.1668m ik_ok=Y ik_resid=0.0001m q_max_resid_deg=0.52 target_changed=N retgt=Y held_idx=1 held_cost=1000181683.39 won_cost=182029.58 margin=+999999653.81 won_src=strat_0 held_valid=Y reason=new_sample_better setpoint_to_ptarget=nanm finished_val=nanm finished_thresh=0.0200m pd_resid=nanm nextwp_to_ptarget=nanm guide_terminal_err=nanm
[GATE-EVOLVE] step=167 curr=102950.35 best_other=182029.58 ratio=0.5656 ee_to_optimal=0.0050m phi=0.0049m
[STAGE-A-TRACE] step=167 sim_t=1.670 mode=free phi=0.00494 box_xy=+0.00000,+0.00000 lam_n_ee_box=nan qy=+0.00001 qz=+0.00000 finished_repos=0
[DRAKE-CONTACT] step=167 n_pairs=1 ee_box_normal=0.000
[GATE-CONTACT] step=167 F_W=(+0.0000,+0.0000,+0.0000) F_on_box=(-0.0000,-0.0000,-0.0000) n_face_out=(-0.0000,-0.0000,-0.0000) A_is_ee=0 box_q=(+1.00000,-0.00001,+0.00001,+0.00000) box_p=(+0.00000,+0.00000,+0.04999) ee_p=(+0.07994,-0.00040,+0.03162)
[PERSIST] step=168 refresh n_strategy=1 samples=[(0.023, -0.08, 0.03)]
[ADMM-C3+] primal: 6.1326->4.9531  dual: 109.5847->80.7881  mono=False  iters=25/25  rho=25.0
[ADMM-C3+] WARNING non-converged: pr=4.9531 dr=80.7881 tol=1e-03
[C3+] step=501 |u[0]|=6.51N λ_n_max=1.063 η_n_max=1.282 primal=4.953 iters=25/25 lcp_res_max=nan
[ADMIT-GUARD] step=168 admit_active=0 latch=0/0 ee_z=0.032 gate_cap=0
[ALT-GATE] step=168 target_stable=0/0 allow_descent=1
[GS-tgt] step=168 ee=(+0.080,-0.000,+0.032) p_repos=(+0.023,-0.080,+0.030) ee_to_target=0.098m target_label=strat_0 target_changed=Y delta=0.163m
[STAGE-A-PWL] step=168 sim_t=1.680 build p_start=(+0.0799,-0.0003,+0.0323) p_target=(+0.0230,-0.0800,+0.0300) K=4 t_end=3.545
[GS] step=168 mode=free switch=kStayInRepos best_k=0 best_src=strat_0 curr_cost=102949.88 repos_cost=180756.48 best_other=180756.48 met_progress=N steps_since_improve=166 switches=0
[STEP] step=168 mode=free t=1.680s ee=(+0.080,-0.000,+0.032) obj=(+0.000,+0.000,+0.050) goal_dist=0.300m switch=kStayInRepos target=(+0.080,-0.000,+0.032) ee_stride=0.000m ee_to_ptarget=0.098m landing_err=0.0982m ik_ok=Y ik_resid=0.0001m q_max_resid_deg=0.52 target_changed=N retgt=Y held_idx=1 held_cost=1000182028.89 won_cost=180756.48 margin=+1000001272.41 won_src=strat_0 held_valid=Y reason=new_sample_better setpoint_to_ptarget=nanm finished_val=nanm finished_thresh=0.0200m pd_resid=nanm nextwp_to_ptarget=nanm guide_terminal_err=nanm
[GATE-EVOLVE] step=168 curr=102949.88 best_other=180756.48 ratio=0.5696 ee_to_optimal=0.0049m phi=0.0049m
[STAGE-A-TRACE] step=168 sim_t=1.680 mode=free phi=0.00491 box_xy=+0.00000,+0.00000 lam_n_ee_box=nan qy=+0.00001 qz=+0.00000 finished_repos=0
[DRAKE-CONTACT] step=168 n_pairs=1 ee_box_normal=0.000
[GATE-CONTACT] step=168 F_W=(+0.0000,+0.0000,+0.0000) F_on_box=(-0.0000,-0.0000,-0.0000) n_face_out=(-0.0000,-0.0000,-0.0000) A_is_ee=0 box_q=(+1.00000,-0.00001,+0.00001,+0.00000) box_p=(+0.00000,+0.00000,+0.04999) ee_p=(+0.07991,-0.00027,+0.03227)
[PERSIST] step=169 refresh n_strategy=1 samples=[(0.0363, -0.08, 0.03)]
[ADMM-C3+] primal: 6.1326->4.9531  dual: 109.5847->80.7881  mono=False  iters=25/25  rho=25.0
[ADMM-C3+] WARNING non-converged: pr=4.9531 dr=80.7881 tol=1e-03
[C3+] step=504 |u[0]|=6.49N λ_n_max=1.063 η_n_max=1.282 primal=4.953 iters=25/25 lcp_res_max=nan
[ADMIT-GUARD] step=169 admit_active=0 latch=0/0 ee_z=0.033 gate_cap=0
[ALT-GATE] step=169 target_stable=0/0 allow_descent=1
[GS-tgt] step=169 ee=(+0.080,-0.000,+0.033) p_repos=(+0.036,-0.080,+0.030) ee_to_target=0.091m target_label=strat_0 target_changed=Y delta=0.013m
[STAGE-A-PWL] step=169 sim_t=1.690 build p_start=(+0.0799,-0.0002,+0.0334) p_target=(+0.0363,-0.0800,+0.0300) K=4 t_end=3.510
[GS] step=169 mode=free switch=kStayInRepos best_k=0 best_src=strat_0 curr_cost=102949.20 repos_cost=180626.17 best_other=180626.17 met_progress=N steps_since_improve=167 switches=0
[STEP] step=169 mode=free t=1.690s ee=(+0.080,-0.000,+0.033) obj=(+0.000,+0.000,+0.050) goal_dist=0.300m switch=kStayInRepos target=(+0.080,-0.000,+0.033) ee_stride=0.000m ee_to_ptarget=0.091m landing_err=0.0912m ik_ok=Y ik_resid=0.0001m q_max_resid_deg=0.52 target_changed=Y retgt=Y held_idx=1 held_cost=1000180756.26 won_cost=180626.17 margin=+1000000130.09 won_src=strat_0 held_valid=Y reason=new_sample_better setpoint_to_ptarget=nanm finished_val=nanm finished_thresh=0.0200m pd_resid=nanm nextwp_to_ptarget=nanm guide_terminal_err=nanm
[GATE-EVOLVE] step=169 curr=102949.20 best_other=180626.17 ratio=0.5700 ee_to_optimal=0.0049m phi=0.0049m
[STAGE-A-TRACE] step=169 sim_t=1.690 mode=free phi=0.00489 box_xy=+0.00000,+0.00000 lam_n_ee_box=nan qy=+0.00001 qz=+0.00000 finished_repos=0
[DRAKE-CONTACT] step=169 n_pairs=1 ee_box_normal=0.000
[GATE-CONTACT] step=169 F_W=(+0.0000,+0.0000,+0.0000) F_on_box=(-0.0000,-0.0000,-0.0000) n_face_out=(-0.0000,-0.0000,-0.0000) A_is_ee=0 box_q=(+1.00000,-0.00001,+0.00001,+0.00000) box_p=(+0.00000,+0.00000,+0.04999) ee_p=(+0.07990,-0.00017,+0.03336)
[PERSIST] step=170 refresh n_strategy=1 samples=[(0.08, 0.0, 0.03)]
[ADMM-C3+] primal: 6.1326->4.9531  dual: 109.5847->80.7881  mono=False  iters=25/25  rho=25.0
[ADMM-C3+] WARNING non-converged: pr=4.9531 dr=80.7881 tol=1e-03
[C3+] step=507 |u[0]|=6.47N λ_n_max=1.063 η_n_max=1.282 primal=4.953 iters=25/25 lcp_res_max=nan
[ADMIT-GUARD] step=170 admit_active=0 latch=0/0 ee_z=0.035 gate_cap=0
[ALT-GATE] step=170 target_stable=0/0 allow_descent=1
[GS-tgt] step=170 ee=(+0.080,-0.000,+0.035) p_repos=(+0.080,+0.000,+0.030) ee_to_target=0.005m target_label=strat_0 target_changed=Y delta=0.091m
[STAGE-A-PWL] step=170 sim_t=1.700 build p_start=(+0.0799,-0.0001,+0.0347) p_target=(+0.0800,+0.0000,+0.0300) K=2 t_end=1.726
[IMP] step=170 mode=free |x_err|=0.0000m |tau_imp|=54.09Nm |tau_ff|=0.00Nm |tau_out|=54.09Nm sat=False lam_n=False lam_t=False
[GS] step=170 mode=free switch=kToBetterRepos best_k=0 best_src=strat_0 curr_cost=102948.41 repos_cost=150179.64 best_other=150179.64 met_progress=N steps_since_improve=168 switches=0
[STEP] step=170 mode=free t=1.700s ee=(+0.080,-0.000,+0.035) obj=(+0.000,+0.000,+0.050) goal_dist=0.300m switch=kToBetterRepos target=(+0.080,-0.000,+0.035) ee_stride=0.000m ee_to_ptarget=0.005m landing_err=0.0007m ik_ok=Y ik_resid=0.0001m q_max_resid_deg=0.53 target_changed=Y retgt=Y held_idx=1 held_cost=1000180626.06 won_cost=150179.64 margin=+1000030446.42 won_src=strat_0 held_valid=Y reason=new_sample_better setpoint_to_ptarget=nanm finished_val=nanm finished_thresh=0.0200m pd_resid=nanm nextwp_to_ptarget=nanm guide_terminal_err=nanm
[GATE-EVOLVE] step=170 curr=102948.41 best_other=150179.64 ratio=0.6855 ee_to_optimal=0.0049m phi=0.0049m
[STAGE-A-TRACE] step=170 sim_t=1.700 mode=free phi=0.00489 box_xy=+0.00000,+0.00000 lam_n_ee_box=nan qy=+0.00001 qz=+0.00000 finished_repos=0
[DRAKE-CONTACT] step=170 n_pairs=1 ee_box_normal=0.000
[GATE-CONTACT] step=170 F_W=(+0.0000,+0.0000,+0.0000) F_on_box=(-0.0000,-0.0000,-0.0000) n_face_out=(-0.0000,-0.0000,-0.0000) A_is_ee=0 box_q=(+1.00000,-0.00001,+0.00001,+0.00000) box_p=(+0.00000,+0.00000,+0.04999) ee_p=(+0.07989,-0.00009,+0.03473)
[PERSIST] step=171 refresh n_strategy=1 samples=[(0.08, 0.0, 0.03)]
[ADMM-C3+] primal: 6.1326->4.9531  dual: 109.5847->80.7881  mono=False  iters=25/25  rho=25.0
[ADMM-C3+] WARNING non-converged: pr=4.9531 dr=80.7881 tol=1e-03
[C3+] step=510 |u[0]|=6.47N λ_n_max=1.063 η_n_max=1.282 primal=4.953 iters=25/25 lcp_res_max=nan
[ADMIT-GUARD] step=171 admit_active=0 latch=0/0 ee_z=0.036 gate_cap=0
[ALT-GATE] step=171 target_stable=0/0 allow_descent=1
[GS-tgt] step=171 ee=(+0.080,-0.000,+0.036) p_repos=(+0.080,+0.000,+0.030) ee_to_target=0.006m target_label=strat_0 target_changed=N delta=0.000m
[GS] step=171 mode=free switch=kStayInRepos best_k=0 best_src=strat_0 curr_cost=102947.99 repos_cost=150179.84 best_other=150179.84 met_progress=N steps_since_improve=169 switches=0
[STEP] step=171 mode=free t=1.710s ee=(+0.080,-0.000,+0.036) obj=(+0.000,+0.000,+0.050) goal_dist=0.300m switch=kStayInRepos target=(+0.080,-0.000,+0.033) ee_stride=0.003m ee_to_ptarget=0.006m landing_err=0.0000m ik_ok=Y ik_resid=0.0002m q_max_resid_deg=0.73 target_changed=Y retgt=Y held_idx=1 held_cost=1000150179.84 won_cost=150179.84 margin=+1000000000.00 won_src=strat_0 held_valid=Y reason=new_sample_better setpoint_to_ptarget=nanm finished_val=nanm finished_thresh=0.0200m pd_resid=nanm nextwp_to_ptarget=nanm guide_terminal_err=nanm
[GATE-EVOLVE] step=171 curr=102947.99 best_other=150179.84 ratio=0.6855 ee_to_optimal=0.0049m phi=0.0049m
[STAGE-A-TRACE] step=171 sim_t=1.710 mode=free phi=0.00489 box_xy=+0.00000,+0.00000 lam_n_ee_box=nan qy=+0.00001 qz=+0.00000 finished_repos=0
[DRAKE-CONTACT] step=171 n_pairs=1 ee_box_normal=0.000
[GATE-CONTACT] step=171 F_W=(+0.0000,+0.0000,+0.0000) F_on_box=(-0.0000,-0.0000,-0.0000) n_face_out=(-0.0000,-0.0000,-0.0000) A_is_ee=0 box_q=(+1.00000,-0.00001,+0.00001,+0.00000) box_p=(+0.00000,+0.00000,+0.04999) ee_p=(+0.07989,-0.00010,+0.03554)
[ADMM-C3+] primal: 6.1326->4.9531  dual: 109.5847->80.7881  mono=False  iters=25/25  rho=25.0
[ADMM-C3+] WARNING non-converged: pr=4.9531 dr=80.7881 tol=1e-03
[C3+] step=513 |u[0]|=6.47N λ_n_max=1.063 η_n_max=1.282 primal=4.953 iters=25/25 lcp_res_max=nan
[ADMIT-GUARD] step=172 admit_active=0 latch=0/0 ee_z=0.035 gate_cap=0
[ALT-GATE] step=172 target_stable=0/0 allow_descent=1
[GS-tgt] step=172 ee=(+0.080,-0.000,+0.035) p_repos=(+0.080,+0.000,+0.030) ee_to_target=0.005m target_label=prev_repos target_changed=N delta=0.000m
[GS] step=172 mode=free switch=kStayInRepos best_k=0 best_src=prev_repos curr_cost=102948.12 repos_cost=150180.05 best_other=150180.05 met_progress=N steps_since_improve=170 switches=0
[STEP] step=172 mode=free t=1.720s ee=(+0.080,-0.000,+0.035) obj=(+0.000,+0.000,+0.050) goal_dist=0.300m switch=kStayInRepos target=(+0.080,-0.000,+0.031) ee_stride=0.004m ee_to_ptarget=0.005m landing_err=0.0000m ik_ok=Y ik_resid=0.0002m q_max_resid_deg=0.72 target_changed=Y retgt=N held_idx=1 held_cost=150180.05 won_cost=150180.05 margin=+0.00 won_src=prev_repos held_valid=Y reason=hold setpoint_to_ptarget=nanm finished_val=nanm finished_thresh=0.0200m pd_resid=nanm nextwp_to_ptarget=nanm guide_terminal_err=nanm
[GATE-EVOLVE] step=172 curr=102948.12 best_other=150180.05 ratio=0.6855 ee_to_optimal=0.0049m phi=0.0049m
[STAGE-A-TRACE] step=172 sim_t=1.720 mode=free phi=0.00491 box_xy=+0.00000,+0.00000 lam_n_ee_box=nan qy=+0.00001 qz=+0.00000 finished_repos=0
[DRAKE-CONTACT] step=172 n_pairs=1 ee_box_normal=0.000
[GATE-CONTACT] step=172 F_W=(+0.0000,+0.0000,+0.0000) F_on_box=(-0.0000,-0.0000,-0.0000) n_face_out=(-0.0000,-0.0000,-0.0000) A_is_ee=0 box_q=(+1.00000,-0.00001,+0.00001,+0.00000) box_p=(+0.00000,+0.00000,+0.04999) ee_p=(+0.07991,-0.00019,+0.03536)
[ADMM-C3+] primal: 6.1326->4.9531  dual: 109.5847->80.7881  mono=False  iters=25/25  rho=25.0
[ADMM-C3+] WARNING non-converged: pr=4.9531 dr=80.7881 tol=1e-03
[C3+] step=516 |u[0]|=6.48N λ_n_max=1.063 η_n_max=1.282 primal=4.953 iters=25/25 lcp_res_max=nan
[IK-LANDING] step=173
  --- Target ---
  p_repos                        = [+0.0800, +0.0000, +0.0300]
  p_box                          = [+0.0000, +0.0000, +0.0500]
  g_hat                          = [-1.0000, -0.0000]
  conceptual contact pt on box   = [+0.0500, +0.0000, +0.0500]
  --- Actual EE landing ---
  p_ee_actual                    = [+0.0799, -0.0003, +0.0345]
  --- Errors ---
  ||p_ee_actual - p_repos||      =    4.49 mm  ← IK convergence error
  ||p_ee_actual - face_contact|| =   33.72 mm  ← Total reach error to box face
  φ (Drake signed distance)      =    4.94 mm
  φ < 20 mm threshold?           = Y
[BODY-VS-CONTACT] step=173
  IK target body position (world):       [+0.0799, -0.0003, +0.0345]
  Pusher contact point (witness, world): [+0.0549, -0.0003, +0.0345]
  Offset (contact - body) in world:      [-0.0250, +0.0000, +0.0000]
  Offset projected onto g_hat:             25.00 mm

=== [LCS-FILTER-AUDIT] step=519 trigger=first-rich-mode-entry sim_t=5.19s narrow_threshold=2.0mm wide_threshold=500mm ===
[LCS-FILTER-AUDIT] writing detail to /root/push_anything_ADMM/audit_output/lcs_filter_audit.txt
[ADMM-C3+] primal: 6.1326->4.9370  dual: 109.5847->80.3367  mono=False  iters=25/25  rho=25.0
[ADMM-C3+] WARNING non-converged: pr=4.9370 dr=80.3367 tol=1e-03
[C3+] step=519 |u[0]|=6.81N λ_n_max=1.060 η_n_max=1.280 primal=4.937 iters=25/25 lcp_res_max=nan
[CONTACT-RUN] step=173 nhat_BA_W=[+0.000,+0.000,+0.000] p_BCb=[+0.000,+0.000,+0.000] distance=+1.00000 contact_type=NONE
[MATH.LCS-DUMP] step=173 n_c=1 box_y_vel_row=25 lambda_n_first_col=1
[MATH.LCS-DUMP] D shape=(19, 6)
[[ 0.       0.00001  0.      -0.       0.      -0.     ]
 [ 0.       0.18768  0.1877  -0.1877   0.      -0.     ]
 [ 0.      -0.18768 -0.       0.      -0.1877   0.1877 ]
 [ 0.      -0.       0.18769 -0.18769 -0.18769  0.18769]
 [ 0.       0.       0.       0.       0.0125  -0.0125 ]
 [ 0.      -0.       0.0125  -0.0125   0.      -0.     ]
 [ 0.       0.0125   0.      -0.      -0.       0.     ]
 [ 0.       0.       0.       0.       0.       0.     ]
 [ 0.       0.       0.       0.       0.       0.     ]
 [ 0.       0.       0.       0.       0.       0.     ]
 [ 0.       7.50728  7.50795 -7.50795 -0.       0.     ]
 [ 0.      -7.50728 -0.       0.      -7.50795  7.50795]
 [ 0.      -0.       7.50728 -7.50728 -7.50728  7.50728]
 [ 0.       0.       0.       0.       0.25    -0.25   ]
 [ 0.      -0.       0.25    -0.25     0.      -0.     ]
 [ 0.       0.25     0.      -0.      -0.       0.     ]
 [ 0.       0.       0.       0.       0.       0.     ]
 [ 0.       0.       0.       0.       0.       0.     ]
 [ 0.       0.       0.       0.       0.       0.     ]]
[MATH.LCS-DUMP] E shape=(6, 19)
[[ 0.    0.    0.    0.    0.    0.    0.    0.    0.    0.    0.    0.    0.    0.    0.    0.    0.    0.    0.  ]
 [ 0.    0.    0.    0.    0.    0.    0.    0.    0.    0.    0.05 -0.05 -0.    0.   -0.    1.    0.    0.    0.  ]
 [ 0.    0.    0.    0.    0.    0.    0.    0.    0.    0.    0.05 -0.    0.05  0.    1.    0.    0.    0.    0.  ]
 [ 0.    0.    0.    0.    0.    0.    0.    0.    0.    0.   -0.05  0.   -0.05  0.   -1.   -0.    0.    0.    0.  ]
 [ 0.    0.    0.    0.    0.    0.    0.    0.    0.    0.   -0.   -0.05 -0.05  1.    0.   -0.    0.    0.    0.  ]
 [ 0.    0.    0.    0.    0.    0.    0.    0.    0.    0.    0.    0.05  0.05 -1.   -0.    0.    0.    0.    0.  ]]
[MATH.LCS-DUMP] F shape=(6, 6)
[[ 0.       0.4     -1.      -1.      -1.      -1.     ]
 [ 0.       1.00071  0.37539 -0.37539  0.37539 -0.37539]
 [ 1.       0.37539  1.00077 -1.00077 -0.37535  0.37535]
 [ 1.      -0.37539 -1.00077  1.00077  0.37535 -0.37535]
 [ 1.       0.37539 -0.37535  0.37535  1.00077 -1.00077]
 [ 1.      -0.37539  0.37535 -0.37535 -1.00077  1.00077]]
[MATH.LCS-DUMP] H shape=(6, 3)
[[0. 0. 0.]
 [0. 0. 0.]
 [0. 0. 0.]
 [0. 0. 0.]
 [0. 0. 0.]
 [0. 0. 0.]]
[MATH.LCS-DUMP] c shape=(6,)
[ 0.      -0.49073 -0.       0.       0.      -0.     ]
[FORCE-ROUTE] tick=173 env=off lambda_des=[+2.0000,+0.0000,-0.0000] u_seq0=[+6.4005,+0.1614,+2.3269] u_z=+2.3269 eq=False
[APPROACH-OVERRIDE] step=173 phase=A_lift_trav face_axis=0 face_sign=+1 face_score=+1.000 surf_dist=0.0087m advance=0.0067m target=(+0.1000,+0.0000,+0.1350) p_ee_des=(+0.0813,-0.0003,+0.0411)
[VFF] step=173 mode=c3 alpha=0.000 v_des=(+0.0000,+0.0000,+0.0000) |v_des|=0.0000 sat=0 util_max=0.330@j1
[OSC-FORCE] step=173 mode=c3 lam_des=2.000 lam_ext=2.000
[GS] step=173 mode=c3 switch=kToC3ReachedReposTarget best_k=0 best_src=current curr_cost=102948.64 repos_cost=- best_other=150180.26 met_progress=N steps_since_improve=0 switches=1
[STEP] step=173 mode=c3 t=1.730s ee=(+0.080,-0.000,+0.034) obj=(+0.000,+0.000,+0.050) goal_dist=0.300m switch=kToC3ReachedReposTarget c3_cost=102948.64 lam_n=0.000 lam_t=0.000 contact=N productive=N f_cmd=(+2.00,+0.00,-0.00)
[GATE-EVOLVE] step=173 curr=102948.64 best_other=150180.26 ratio=0.6855 ee_to_optimal=0.0049m phi=0.0049m
[STAGE-A-TRACE] step=173 sim_t=1.730 mode=c3 phi=0.00494 box_xy=+0.00000,+0.00000 lam_n_ee_box=nan qy=+0.00001 qz=+0.00000 finished_repos=1
[DRAKE-CONTACT] step=173 n_pairs=1 ee_box_normal=0.000
[GATE-CONTACT] step=173 F_W=(+0.0000,+0.0000,+0.0000) F_on_box=(-0.0000,-0.0000,-0.0000) n_face_out=(-0.0000,-0.0000,-0.0000) A_is_ee=0 box_q=(+1.00000,-0.00001,+0.00001,+0.00000) box_p=(+0.00000,+0.00000,+0.04999) ee_p=(+0.07994,-0.00032,+0.03448)
[PERSIST] step=174 refresh n_strategy=3 samples=[(-0.08, 0.0472, 0.03), (0.08, 0.0, 0.03), (0.08, 0.0, 0.03)]
[ADMM-C3+] primal: 6.1326->4.9531  dual: 109.5847->80.7881  mono=False  iters=25/25  rho=25.0
[ADMM-C3+] WARNING non-converged: pr=4.9531 dr=80.7881 tol=1e-03
[C3+] step=520 |u[0]|=6.49N λ_n_max=1.063 η_n_max=1.282 primal=4.953 iters=25/25 lcp_res_max=nan
[ADMM-C3+] primal: 6.1326->4.9531  dual: 109.5847->80.7881  mono=False  iters=25/25  rho=25.0
[ADMM-C3+] WARNING non-converged: pr=4.9531 dr=80.7881 tol=1e-03
[C3+] step=525 |u[0]|=6.59N λ_n_max=1.063 η_n_max=1.282 primal=4.953 iters=25/25 lcp_res_max=nan
[CONTACT-RUN] step=174 nhat_BA_W=[+0.000,+0.000,+0.000] p_BCb=[+0.000,+0.000,+0.000] distance=+1.00000 contact_type=NONE
[FORCE-ROUTE] tick=174 env=off lambda_des=[+2.0000,+0.0000,-0.0000] u_seq0=[+6.3779,+0.0852,+1.6428] u_z=+1.6428 eq=False
[APPROACH-OVERRIDE] step=174 phase=A_lift_trav face_axis=0 face_sign=+1 face_score=+1.000 surf_dist=0.0091m advance=0.0071m target=(+0.1000,+0.0000,+0.1350) p_ee_des=(+0.0813,-0.0004,+0.0407)
[VFF] step=174 mode=c3 alpha=0.000 v_des=(+0.0000,+0.0000,+0.0000) |v_des|=0.0000 sat=0 util_max=0.219@j1
[OSC-FORCE] step=174 mode=c3 lam_des=2.000 lam_ext=2.000
[GS] step=174 mode=c3 switch=kStayInC3 best_k=0 best_src=current curr_cost=102949.11 repos_cost=- best_other=150180.36 met_progress=Y steps_since_improve=0 switches=1
[STEP] step=174 mode=c3 t=1.740s ee=(+0.080,-0.000,+0.034) obj=(+0.000,+0.000,+0.050) goal_dist=0.300m switch=kStayInC3 c3_cost=102949.11 lam_n=0.000 lam_t=0.000 contact=N productive=N f_cmd=(+2.00,+0.00,-0.00)
[GATE-EVOLVE] step=174 curr=102949.11 best_other=150180.36 ratio=0.6855 ee_to_optimal=0.0050m phi=0.0050m
[STAGE-A-TRACE] step=174 sim_t=1.740 mode=c3 phi=0.00496 box_xy=+0.00000,+0.00000 lam_n_ee_box=nan qy=+0.00001 qz=+0.00000 finished_repos=1
[DRAKE-CONTACT] step=174 n_pairs=1 ee_box_normal=0.000
[GATE-CONTACT] step=174 F_W=(+0.0000,+0.0000,+0.0000) F_on_box=(-0.0000,-0.0000,-0.0000) n_face_out=(-0.0000,-0.0000,-0.0000) A_is_ee=0 box_q=(+1.00000,-0.00001,+0.00001,+0.00000) box_p=(+0.00000,+0.00000,+0.04999) ee_p=(+0.07996,-0.00040,+0.03371)
[ADMM-C3+] primal: 6.1326->4.9531  dual: 109.5847->80.7881  mono=False  iters=25/25  rho=25.0
[ADMM-C3+] WARNING non-converged: pr=4.9531 dr=80.7881 tol=1e-03
[C3+] step=526 |u[0]|=6.49N λ_n_max=1.063 η_n_max=1.282 primal=4.953 iters=25/25 lcp_res_max=nan
[ADMM-C3+] primal: 6.1326->4.9531  dual: 109.5847->80.7881  mono=False  iters=25/25  rho=25.0
[ADMM-C3+] WARNING non-converged: pr=4.9531 dr=80.7881 tol=1e-03
[C3+] step=531 |u[0]|=6.50N λ_n_max=1.063 η_n_max=1.282 primal=4.953 iters=25/25 lcp_res_max=nan
[CONTACT-RUN] step=175 nhat_BA_W=[+0.000,+0.000,+0.000] p_BCb=[+0.000,+0.000,+0.000] distance=+1.00000 contact_type=NONE
[FORCE-ROUTE] tick=175 env=off lambda_des=[+2.0000,+0.0000,-0.0000] u_seq0=[+6.3934,+0.0566,+1.1895] u_z=+1.1895 eq=False
[APPROACH-OVERRIDE] step=175 phase=A_lift_trav face_axis=0 face_sign=+1 face_score=+1.000 surf_dist=0.0092m advance=0.0072m target=(+0.1000,+0.0000,+0.1350) p_ee_des=(+0.0814,-0.0004,+0.0406)
[VFF] step=175 mode=c3 alpha=0.000 v_des=(+0.0000,+0.0000,+0.0000) |v_des|=0.0000 sat=0 util_max=0.143@j1
[OSC-FORCE] step=175 mode=c3 lam_des=2.000 lam_ext=2.000
[GS] step=175 mode=c3 switch=kStayInC3 best_k=0 best_src=current curr_cost=102949.23 repos_cost=- best_other=150180.32 met_progress=Y steps_since_improve=1 switches=1
[STEP] step=175 mode=c3 t=1.750s ee=(+0.080,-0.000,+0.033) obj=(+0.000,+0.000,+0.050) goal_dist=0.300m switch=kStayInC3 c3_cost=102949.23 lam_n=0.000 lam_t=0.000 contact=N productive=N f_cmd=(+2.00,+0.00,-0.00)
[GATE-EVOLVE] step=175 curr=102949.23 best_other=150180.32 ratio=0.6855 ee_to_optimal=0.0050m phi=0.0050m
[STAGE-A-TRACE] step=175 sim_t=1.750 mode=c3 phi=0.00496 box_xy=+0.00000,+0.00000 lam_n_ee_box=nan qy=+0.00001 qz=+0.00000 finished_repos=1
[DRAKE-CONTACT] step=175 n_pairs=1 ee_box_normal=0.000
[GATE-CONTACT] step=175 F_W=(+0.0000,+0.0000,+0.0000) F_on_box=(-0.0000,-0.0000,-0.0000) n_face_out=(-0.0000,-0.0000,-0.0000) A_is_ee=0 box_q=(+1.00000,-0.00001,+0.00001,+0.00000) box_p=(+0.00000,+0.00000,+0.04999) ee_p=(+0.07996,-0.00044,+0.03350)
[ADMM-C3+] primal: 6.1326->4.9531  dual: 109.5847->80.7881  mono=False  iters=25/25  rho=25.0
[ADMM-C3+] WARNING non-converged: pr=4.9531 dr=80.7881 tol=1e-03
[C3+] step=532 |u[0]|=6.49N λ_n_max=1.063 η_n_max=1.282 primal=4.953 iters=25/25 lcp_res_max=nan
[ADMM-C3+] primal: 6.1326->4.9531  dual: 109.5847->80.7881  mono=False  iters=25/25  rho=25.0
[ADMM-C3+] WARNING non-converged: pr=4.9531 dr=80.7881 tol=1e-03
[C3+] step=537 |u[0]|=6.46N λ_n_max=1.063 η_n_max=1.282 primal=4.953 iters=25/25 lcp_res_max=nan
[CONTACT-RUN] step=176 nhat_BA_W=[+0.000,+0.000,+0.000] p_BCb=[+0.000,+0.000,+0.000] distance=+1.00000 contact_type=NONE
[FORCE-ROUTE] tick=176 env=off lambda_des=[+2.0000,+0.0000,-0.0000] u_seq0=[+6.4016,+0.0520,+0.8814] u_z=+0.8814 eq=False
[APPROACH-OVERRIDE] step=176 phase=A_lift_trav face_axis=0 face_sign=+1 face_score=+1.000 surf_dist=0.0091m advance=0.0071m target=(+0.1000,+0.0000,+0.1350) p_ee_des=(+0.0813,-0.0004,+0.0406)
[VFF] step=176 mode=c3 alpha=0.000 v_des=(+0.0000,+0.0000,+0.0000) |v_des|=0.0000 sat=0 util_max=0.091@j1
[OSC-FORCE] step=176 mode=c3 lam_des=2.000 lam_ext=2.000
[GS] step=176 mode=c3 switch=kStayInC3 best_k=0 best_src=current curr_cost=102949.14 repos_cost=- best_other=150180.21 met_progress=Y steps_since_improve=2 switches=1
[STEP] step=176 mode=c3 t=1.760s ee=(+0.080,-0.000,+0.034) obj=(+0.000,+0.000,+0.050) goal_dist=0.300m switch=kStayInC3 c3_cost=102949.14 lam_n=0.000 lam_t=0.000 contact=N productive=N f_cmd=(+2.00,+0.00,-0.00)
[GATE-EVOLVE] step=176 curr=102949.14 best_other=150180.21 ratio=0.6855 ee_to_optimal=0.0050m phi=0.0049m
[STAGE-A-TRACE] step=176 sim_t=1.760 mode=c3 phi=0.00495 box_xy=+0.00000,+0.00000 lam_n_ee_box=nan qy=+0.00001 qz=+0.00000 finished_repos=1
[DRAKE-CONTACT] step=176 n_pairs=1 ee_box_normal=0.000
[GATE-CONTACT] step=176 F_W=(+0.0000,+0.0000,+0.0000) F_on_box=(-0.0000,-0.0000,-0.0000) n_face_out=(-0.0000,-0.0000,-0.0000) A_is_ee=0 box_q=(+1.00000,-0.00001,+0.00001,+0.00000) box_p=(+0.00000,+0.00000,+0.04999) ee_p=(+0.07995,-0.00046,+0.03363)
[ADMM-C3+] primal: 6.1326->4.9531  dual: 109.5847->80.7881  mono=False  iters=25/25  rho=25.0
[ADMM-C3+] WARNING non-converged: pr=4.9531 dr=80.7881 tol=1e-03
[C3+] step=538 |u[0]|=6.49N λ_n_max=1.063 η_n_max=1.282 primal=4.953 iters=25/25 lcp_res_max=nan
[ADMM-C3+] primal: 6.1326->4.9531  dual: 109.5847->80.7881  mono=False  iters=25/25  rho=25.0
[ADMM-C3+] WARNING non-converged: pr=4.9531 dr=80.7881 tol=1e-03
[C3+] step=543 |u[0]|=6.44N λ_n_max=1.063 η_n_max=1.282 primal=4.953 iters=25/25 lcp_res_max=nan
[CONTACT-RUN] step=177 nhat_BA_W=[+0.000,+0.000,+0.000] p_BCb=[+0.000,+0.000,+0.000] distance=+1.00000 contact_type=NONE
[FORCE-ROUTE] tick=177 env=off lambda_des=[+2.0000,+0.0000,-0.0000] u_seq0=[+6.4068,+0.0590,+0.6709] u_z=+0.6709 eq=False
[APPROACH-OVERRIDE] step=177 phase=A_lift_trav face_axis=0 face_sign=+1 face_score=+1.000 surf_dist=0.0089m advance=0.0069m target=(+0.1000,+0.0000,+0.1350) p_ee_des=(+0.0813,-0.0004,+0.0408)
[VFF] step=177 mode=c3 alpha=0.000 v_des=(+0.0000,+0.0000,+0.0000) |v_des|=0.0000 sat=0 util_max=0.056@j1
[OSC-FORCE] step=177 mode=c3 lam_des=2.000 lam_ext=2.000
[GS] step=177 mode=c3 switch=kStayInC3 best_k=0 best_src=current curr_cost=102948.91 repos_cost=- best_other=150180.06 met_progress=Y steps_since_improve=3 switches=1
[STEP] step=177 mode=c3 t=1.770s ee=(+0.080,-0.000,+0.034) obj=(+0.000,+0.000,+0.050) goal_dist=0.300m switch=kStayInC3 c3_cost=102948.91 lam_n=0.000 lam_t=0.000 contact=N productive=N f_cmd=(+2.00,+0.00,-0.00)
[GATE-EVOLVE] step=177 curr=102948.91 best_other=150180.06 ratio=0.6855 ee_to_optimal=0.0050m phi=0.0049m
[STAGE-A-TRACE] step=177 sim_t=1.770 mode=c3 phi=0.00493 box_xy=+0.00000,+0.00000 lam_n_ee_box=nan qy=+0.00001 qz=+0.00000 finished_repos=1
[DRAKE-CONTACT] step=177 n_pairs=1 ee_box_normal=0.000
[GATE-CONTACT] step=177 F_W=(+0.0000,+0.0000,+0.0000) F_on_box=(-0.0000,-0.0000,-0.0000) n_face_out=(-0.0000,-0.0000,-0.0000) A_is_ee=0 box_q=(+1.00000,-0.00001,+0.00001,+0.00000) box_p=(+0.00000,+0.00000,+0.04999) ee_p=(+0.07993,-0.00048,+0.03399)
[ADMM-C3+] primal: 6.1326->4.9531  dual: 109.5847->80.7881  mono=False  iters=25/25  rho=25.0
[ADMM-C3+] WARNING non-converged: pr=4.9531 dr=80.7881 tol=1e-03
[C3+] step=544 |u[0]|=6.48N λ_n_max=1.063 η_n_max=1.282 primal=4.953 iters=25/25 lcp_res_max=nan
[ADMM-C3+] primal: 6.1326->4.9531  dual: 109.5847->80.7881  mono=False  iters=25/25  rho=25.0
[ADMM-C3+] WARNING non-converged: pr=4.9531 dr=80.7881 tol=1e-03
[C3+] step=549 |u[0]|=6.43N λ_n_max=1.063 η_n_max=1.282 primal=4.953 iters=25/25 lcp_res_max=nan
[CONTACT-RUN] step=178 nhat_BA_W=[+0.000,+0.000,+0.000] p_BCb=[+0.000,+0.000,+0.000] distance=+1.00000 contact_type=NONE
[FORCE-ROUTE] tick=178 env=off lambda_des=[+2.0000,+0.0000,-0.0000] u_seq0=[+6.4108,+0.0708,+0.5262] u_z=+0.5262 eq=False
[APPROACH-OVERRIDE] step=178 phase=A_lift_trav face_axis=0 face_sign=+1 face_score=+1.000 surf_dist=0.0087m advance=0.0067m target=(+0.1000,+0.0000,+0.1350) p_ee_des=(+0.0812,-0.0005,+0.0410)
[VFF] step=178 mode=c3 alpha=0.000 v_des=(+0.0000,+0.0000,+0.0000) |v_des|=0.0000 sat=0 util_max=0.032@j1
[OSC-FORCE] step=178 mode=c3 lam_des=2.000 lam_ext=2.000
[GS] step=178 mode=c3 switch=kStayInC3 best_k=0 best_src=current curr_cost=102948.60 repos_cost=- best_other=150179.88 met_progress=Y steps_since_improve=4 switches=1
[STEP] step=178 mode=c3 t=1.780s ee=(+0.080,-0.001,+0.034) obj=(+0.000,+0.000,+0.050) goal_dist=0.300m switch=kStayInC3 c3_cost=102948.60 lam_n=0.000 lam_t=0.000 contact=N productive=N f_cmd=(+2.00,+0.00,-0.00)
[GATE-EVOLVE] step=178 curr=102948.60 best_other=150179.88 ratio=0.6855 ee_to_optimal=0.0049m phi=0.0049m
[STAGE-A-TRACE] step=178 sim_t=1.780 mode=c3 phi=0.00491 box_xy=+0.00000,+0.00000 lam_n_ee_box=nan qy=+0.00001 qz=+0.00000 finished_repos=1
[DRAKE-CONTACT] step=178 n_pairs=1 ee_box_normal=0.000
[GATE-CONTACT] step=178 F_W=(+0.0000,+0.0000,+0.0000) F_on_box=(-0.0000,-0.0000,-0.0000) n_face_out=(-0.0000,-0.0000,-0.0000) A_is_ee=0 box_q=(+1.00000,-0.00001,+0.00001,+0.00000) box_p=(+0.00000,+0.00000,+0.04999) ee_p=(+0.07991,-0.00051,+0.03449)
[ADMM-C3+] primal: 6.1326->4.9531  dual: 109.5847->80.7880  mono=False  iters=25/25  rho=25.0
[ADMM-C3+] WARNING non-converged: pr=4.9531 dr=80.7880 tol=1e-03
[C3+] step=550 |u[0]|=6.47N λ_n_max=1.063 η_n_max=1.282 primal=4.953 iters=25/25 lcp_res_max=nan
[ADMM-C3+] primal: 6.1326->4.9531  dual: 109.5847->80.7880  mono=False  iters=25/25  rho=25.0
[ADMM-C3+] WARNING non-converged: pr=4.9531 dr=80.7880 tol=1e-03
[C3+] step=555 |u[0]|=6.43N λ_n_max=1.063 η_n_max=1.282 primal=4.953 iters=25/25 lcp_res_max=nan
[CONTACT-RUN] step=179 nhat_BA_W=[+0.000,+0.000,+0.000] p_BCb=[+0.000,+0.000,+0.000] distance=+1.00000 contact_type=NONE
[FORCE-ROUTE] tick=179 env=off lambda_des=[+2.0000,+0.0000,-0.0000] u_seq0=[+6.4145,+0.0839,+0.4259] u_z=+0.4259 eq=False
[APPROACH-OVERRIDE] step=179 phase=A_lift_trav face_axis=0 face_sign=+1 face_score=+1.000 surf_dist=0.0084m advance=0.0064m target=(+0.1000,+0.0000,+0.1350) p_ee_des=(+0.0811,-0.0005,+0.0413)
[VFF] step=179 mode=c3 alpha=0.000 v_des=(+0.0000,+0.0000,+0.0000) |v_des|=0.0000 sat=0 util_max=0.016@j1
[OSC-FORCE] step=179 mode=c3 lam_des=2.000 lam_ext=2.000
[GS] step=179 mode=c3 switch=kStayInC3 best_k=0 best_src=current curr_cost=102948.25 repos_cost=- best_other=150179.67 met_progress=Y steps_since_improve=5 switches=1
[STEP] step=179 mode=c3 t=1.790s ee=(+0.080,-0.001,+0.035) obj=(+0.000,+0.000,+0.050) goal_dist=0.300m switch=kStayInC3 c3_cost=102948.25 lam_n=0.000 lam_t=0.000 contact=N productive=N f_cmd=(+2.00,+0.00,-0.00)
[GATE-EVOLVE] step=179 curr=102948.25 best_other=150179.67 ratio=0.6855 ee_to_optimal=0.0049m phi=0.0049m
[STAGE-A-TRACE] step=179 sim_t=1.790 mode=c3 phi=0.00488 box_xy=+0.00000,+0.00000 lam_n_ee_box=nan qy=+0.00001 qz=+0.00000 finished_repos=0
[DRAKE-CONTACT] step=179 n_pairs=1 ee_box_normal=0.000
[GATE-CONTACT] step=179 F_W=(+0.0000,+0.0000,+0.0000) F_on_box=(-0.0000,-0.0000,-0.0000) n_face_out=(-0.0000,-0.0000,-0.0000) A_is_ee=0 box_q=(+1.00000,-0.00001,+0.00001,+0.00000) box_p=(+0.00000,+0.00000,+0.04999) ee_p=(+0.07988,-0.00055,+0.03506)
[ADMM-C3+] primal: 6.1326->4.9531  dual: 109.5847->80.7880  mono=False  iters=25/25  rho=25.0
[ADMM-C3+] WARNING non-converged: pr=4.9531 dr=80.7880 tol=1e-03
[C3+] step=556 |u[0]|=6.46N λ_n_max=1.063 η_n_max=1.282 primal=4.953 iters=25/25 lcp_res_max=nan
[ADMM-C3+] primal: 6.1326->4.9531  dual: 109.5847->80.7880  mono=False  iters=25/25  rho=25.0
[ADMM-C3+] WARNING non-converged: pr=4.9531 dr=80.7880 tol=1e-03
[C3+] step=561 |u[0]|=6.43N λ_n_max=1.063 η_n_max=1.282 primal=4.953 iters=25/25 lcp_res_max=nan
[CONTACT-RUN] step=180 nhat_BA_W=[+0.000,+0.000,+0.000] p_BCb=[+0.000,+0.000,+0.000] distance=+1.00000 contact_type=NONE
[FORCE-ROUTE] tick=180 env=off lambda_des=[+2.0000,+0.0000,-0.0000] u_seq0=[+6.4181,+0.0967,+0.3554] u_z=+0.3554 eq=False
[APPROACH-OVERRIDE] step=180 phase=A_lift_trav face_axis=0 face_sign=+1 face_score=+1.000 surf_dist=0.0081m advance=0.0061m target=(+0.1000,+0.0000,+0.1350) p_ee_des=(+0.0811,-0.0006,+0.0417)
[VFF] step=180 mode=c3 alpha=0.000 v_des=(+0.0000,+0.0000,+0.0000) |v_des|=0.0000 sat=0 util_max=0.009@j5
[OSC-FORCE] step=180 mode=c3 lam_des=2.000 lam_ext=2.000
[IMP] step=180 mode=c3 |x_err|=0.0061m |tau_imp|=0.50Nm |tau_ff|=1.20Nm |tau_out|=0.50Nm sat=False lam_n=True lam_t=True
[GS] step=180 mode=c3 switch=kStayInC3 best_k=0 best_src=current curr_cost=102947.88 repos_cost=- best_other=150179.41 met_progress=Y steps_since_improve=6 switches=1
[STEP] step=180 mode=c3 t=1.800s ee=(+0.080,-0.001,+0.036) obj=(+0.000,+0.000,+0.050) goal_dist=0.300m switch=kStayInC3 c3_cost=102947.88 lam_n=0.000 lam_t=0.000 contact=N productive=N f_cmd=(+2.00,+0.00,-0.00)
[GATE-EVOLVE] step=180 curr=102947.88 best_other=150179.41 ratio=0.6855 ee_to_optimal=0.0049m phi=0.0048m
[STAGE-A-TRACE] step=180 sim_t=1.800 mode=c3 phi=0.00485 box_xy=+0.00000,+0.00000 lam_n_ee_box=nan qy=+0.00001 qz=+0.00000 finished_repos=0
[GS-table] step=180
  k=0 (current   ) pos=(+0.080,-0.001,+0.036) c_C3= 132947.88 align=1.0000(bonus=30000.00) rot=+0.0000(bonus=    0.00) travel=0.000m(pen=  0.00) c_sample= 102947.88 feas=Y ik_err=0.0000m  ← WIN
  k=1 (strat_0   ) pos=(-0.080,+0.047,+0.030) c_C3= 181995.68 align=0.0000(bonus=    0.00) rot=+0.0000(bonus=    0.00) travel=0.167m(pen= 33.39) c_sample= 182029.07 feas=Y ik_err=0.0000m
  k=2 (strat_1   ) pos=(+0.080,+0.000,+0.030) c_C3= 180178.26 align=1.0000(bonus=30000.00) rot=+0.0000(bonus=    0.00) travel=0.006m(pen=  1.14) c_sample= 150179.41 feas=Y ik_err=0.0000m
  k=3 (strat_2   ) pos=(+0.080,+0.000,+0.030) c_C3= 180178.26 align=1.0000(bonus=30000.00) rot=+0.0000(bonus=    0.00) travel=0.006m(pen=  1.14) c_sample= 150179.41 feas=Y ik_err=0.0000m
  k=4 (buffer    ) pos=(+0.080,+0.000,+0.030) c_C3= 180178.26 align=1.0000(bonus=30000.00) rot=+0.0000(bonus=    0.00) travel=0.006m(pen=  1.14) c_sample= 150179.41 feas=Y ik_err=0.0000m
[DRAKE-CONTACT] step=180 n_pairs=1 ee_box_normal=0.000
[GATE-CONTACT] step=180 F_W=(+0.0000,+0.0000,+0.0000) F_on_box=(-0.0000,-0.0000,-0.0000) n_face_out=(-0.0000,-0.0000,-0.0000) A_is_ee=0 box_q=(+1.00000,-0.00001,+0.00001,+0.00000) box_p=(+0.00000,+0.00000,+0.04999) ee_p=(+0.07985,-0.00059,+0.03568)
[ADMM-C3+] primal: 6.1326->4.9531  dual: 109.5847->80.7880  mono=False  iters=25/25  rho=25.0
[ADMM-C3+] WARNING non-converged: pr=4.9531 dr=80.7880 tol=1e-03
[C3+] step=562 |u[0]|=6.45N λ_n_max=1.063 η_n_max=1.282 primal=4.953 iters=25/25 lcp_res_max=nan
[ADMM-C3+] primal: 6.1326->4.9531  dual: 109.5847->80.7880  mono=False  iters=25/25  rho=25.0
[ADMM-C3+] WARNING non-converged: pr=4.9531 dr=80.7880 tol=1e-03
[C3+] step=567 |u[0]|=6.43N λ_n_max=1.063 η_n_max=1.282 primal=4.953 iters=25/25 lcp_res_max=nan
[CONTACT-RUN] step=181 nhat_BA_W=[+0.000,+0.000,+0.000] p_BCb=[+0.000,+0.000,+0.000] distance=+1.00000 contact_type=NONE
[FORCE-ROUTE] tick=181 env=off lambda_des=[+2.0000,+0.0000,-0.0000] u_seq0=[+6.4218,+0.1084,+0.3051] u_z=+0.3051 eq=False
[APPROACH-OVERRIDE] step=181 phase=A_lift_trav face_axis=0 face_sign=+1 face_score=+1.000 surf_dist=0.0078m advance=0.0058m target=(+0.1000,+0.0000,+0.1350) p_ee_des=(+0.0810,-0.0006,+0.0420)
[VFF] step=181 mode=c3 alpha=0.000 v_des=(+0.0000,+0.0000,+0.0000) |v_des|=0.0000 sat=0 util_max=0.009@j5
[OSC-FORCE] step=181 mode=c3 lam_des=2.000 lam_ext=2.000
[GS] step=181 mode=c3 switch=kStayInC3 best_k=0 best_src=current curr_cost=102947.52 repos_cost=- best_other=150179.09 met_progress=Y steps_since_improve=7 switches=1
[STEP] step=181 mode=c3 t=1.810s ee=(+0.080,-0.001,+0.036) obj=(+0.000,+0.000,+0.050) goal_dist=0.300m switch=kStayInC3 c3_cost=102947.52 lam_n=0.000 lam_t=0.000 contact=N productive=N f_cmd=(+2.00,+0.00,-0.00)
[GATE-EVOLVE] step=181 curr=102947.52 best_other=150179.09 ratio=0.6855 ee_to_optimal=0.0049m phi=0.0048m
[STAGE-A-TRACE] step=181 sim_t=1.810 mode=c3 phi=0.00481 box_xy=+0.00000,+0.00000 lam_n_ee_box=nan qy=+0.00001 qz=+0.00000 finished_repos=0
[DRAKE-CONTACT] step=181 n_pairs=1 ee_box_normal=0.000
[GATE-CONTACT] step=181 F_W=(+0.0000,+0.0000,+0.0000) F_on_box=(-0.0000,-0.0000,-0.0000) n_face_out=(-0.0000,-0.0000,-0.0000) A_is_ee=0 box_q=(+1.00000,-0.00001,+0.00001,+0.00000) box_p=(+0.00000,+0.00000,+0.04999) ee_p=(+0.07981,-0.00065,+0.03630)
[ADMM-C3+] primal: 6.1326->4.9531  dual: 109.5847->80.7880  mono=False  iters=25/25  rho=25.0
[ADMM-C3+] WARNING non-converged: pr=4.9531 dr=80.7880 tol=1e-03
[C3+] step=568 |u[0]|=6.45N λ_n_max=1.063 η_n_max=1.282 primal=4.953 iters=25/25 lcp_res_max=nan
[ADMM-C3+] primal: 6.1326->4.9531  dual: 109.5847->80.7880  mono=False  iters=25/25  rho=25.0
[ADMM-C3+] WARNING non-converged: pr=4.9531 dr=80.7880 tol=1e-03
[C3+] step=573 |u[0]|=6.43N λ_n_max=1.063 η_n_max=1.282 primal=4.953 iters=25/25 lcp_res_max=nan
[CONTACT-RUN] step=182 nhat_BA_W=[+0.000,+0.000,+0.000] p_BCb=[+0.000,+0.000,+0.000] distance=+1.00000 contact_type=NONE
[FORCE-ROUTE] tick=182 env=off lambda_des=[+2.0000,+0.0000,-0.0000] u_seq0=[+6.4255,+0.1189,+0.2683] u_z=+0.2683 eq=False
[APPROACH-OVERRIDE] step=182 phase=A_lift_trav face_axis=0 face_sign=+1 face_score=+1.000 surf_dist=0.0075m advance=0.0055m target=(+0.1000,+0.0000,+0.1350) p_ee_des=(+0.0809,-0.0007,+0.0423)
[VFF] step=182 mode=c3 alpha=0.000 v_des=(+0.0000,+0.0000,+0.0000) |v_des|=0.0000 sat=0 util_max=0.009@j5
[OSC-FORCE] step=182 mode=c3 lam_des=2.000 lam_ext=2.000
[GS] step=182 mode=c3 switch=kStayInC3 best_k=0 best_src=current curr_cost=102947.16 repos_cost=- best_other=150178.73 met_progress=Y steps_since_improve=8 switches=1
[STEP] step=182 mode=c3 t=1.820s ee=(+0.080,-0.001,+0.037) obj=(+0.000,+0.000,+0.050) goal_dist=0.300m switch=kStayInC3 c3_cost=102947.16 lam_n=0.000 lam_t=0.000 contact=N productive=N f_cmd=(+2.00,+0.00,-0.00)
[GATE-EVOLVE] step=182 curr=102947.16 best_other=150178.73 ratio=0.6855 ee_to_optimal=0.0048m phi=0.0048m
[STAGE-A-TRACE] step=182 sim_t=1.820 mode=c3 phi=0.00477 box_xy=+0.00000,+0.00000 lam_n_ee_box=nan qy=+0.00001 qz=+0.00000 finished_repos=0
[DRAKE-CONTACT] step=182 n_pairs=1 ee_box_normal=0.000
[GATE-CONTACT] step=182 F_W=(+0.0000,+0.0000,+0.0000) F_on_box=(-0.0000,-0.0000,-0.0000) n_face_out=(-0.0000,-0.0000,-0.0000) A_is_ee=0 box_q=(+1.00000,-0.00001,+0.00001,+0.00000) box_p=(+0.00000,+0.00000,+0.04999) ee_p=(+0.07977,-0.00071,+0.03693)
[ADMM-C3+] primal: 6.1326->4.9531  dual: 109.5847->80.7880  mono=False  iters=25/25  rho=25.0
[ADMM-C3+] WARNING non-converged: pr=4.9531 dr=80.7880 tol=1e-03
[C3+] step=574 |u[0]|=6.44N λ_n_max=1.063 η_n_max=1.282 primal=4.953 iters=25/25 lcp_res_max=nan
[ADMM-C3+] primal: 6.1326->4.9531  dual: 109.5847->80.7880  mono=False  iters=25/25  rho=25.0
[ADMM-C3+] WARNING non-converged: pr=4.9531 dr=80.7880 tol=1e-03
[C3+] step=579 |u[0]|=6.43N λ_n_max=1.063 η_n_max=1.282 primal=4.953 iters=25/25 lcp_res_max=nan
[CONTACT-RUN] step=183 nhat_BA_W=[+0.000,+0.000,+0.000] p_BCb=[+0.000,+0.000,+0.000] distance=+1.00000 contact_type=NONE
[FORCE-ROUTE] tick=183 env=off lambda_des=[+2.0000,+0.0000,-0.0000] u_seq0=[+6.4291,+0.1283,+0.2406] u_z=+0.2406 eq=False
[APPROACH-OVERRIDE] step=183 phase=A_lift_trav face_axis=0 face_sign=+1 face_score=+1.000 surf_dist=0.0072m advance=0.0052m target=(+0.1000,+0.0000,+0.1350) p_ee_des=(+0.0808,-0.0007,+0.0427)
[VFF] step=183 mode=c3 alpha=0.000 v_des=(+0.0000,+0.0000,+0.0000) |v_des|=0.0000 sat=0 util_max=0.009@j5
[OSC-FORCE] step=183 mode=c3 lam_des=2.000 lam_ext=2.000
[GS] step=183 mode=c3 switch=kStayInC3 best_k=0 best_src=current curr_cost=102946.82 repos_cost=- best_other=150178.30 met_progress=Y steps_since_improve=9 switches=1
[STEP] step=183 mode=c3 t=1.830s ee=(+0.080,-0.001,+0.038) obj=(+0.000,+0.000,+0.050) goal_dist=0.300m switch=kStayInC3 c3_cost=102946.82 lam_n=0.000 lam_t=0.000 contact=N productive=N f_cmd=(+2.00,+0.00,-0.00)
[GATE-EVOLVE] step=183 curr=102946.82 best_other=150178.30 ratio=0.6855 ee_to_optimal=0.0048m phi=0.0047m
[STAGE-A-TRACE] step=183 sim_t=1.830 mode=c3 phi=0.00472 box_xy=+0.00000,+0.00000 lam_n_ee_box=nan qy=+0.00001 qz=+0.00000 finished_repos=0
[DRAKE-CONTACT] step=183 n_pairs=1 ee_box_normal=0.000
[GATE-CONTACT] step=183 F_W=(+0.0000,+0.0000,+0.0000) F_on_box=(-0.0000,-0.0000,-0.0000) n_face_out=(-0.0000,-0.0000,-0.0000) A_is_ee=0 box_q=(+1.00000,-0.00001,+0.00001,+0.00000) box_p=(+0.00000,+0.00000,+0.04999) ee_p=(+0.07973,-0.00078,+0.03754)
[ADMM-C3+] primal: 6.1326->4.9531  dual: 109.5847->80.7880  mono=False  iters=25/25  rho=25.0
[ADMM-C3+] WARNING non-converged: pr=4.9531 dr=80.7880 tol=1e-03
[C3+] step=580 |u[0]|=6.43N λ_n_max=1.063 η_n_max=1.282 primal=4.953 iters=25/25 lcp_res_max=nan
[ADMM-C3+] primal: 6.1326->4.9531  dual: 109.5847->80.7880  mono=False  iters=25/25  rho=25.0
[ADMM-C3+] WARNING non-converged: pr=4.9531 dr=80.7880 tol=1e-03
[C3+] step=585 |u[0]|=6.44N λ_n_max=1.063 η_n_max=1.282 primal=4.953 iters=25/25 lcp_res_max=nan
[CONTACT-RUN] step=184 nhat_BA_W=[+0.000,+0.000,+0.000] p_BCb=[+0.000,+0.000,+0.000] distance=+1.00000 contact_type=NONE
[FORCE-ROUTE] tick=184 env=off lambda_des=[+2.0000,+0.0000,-0.0000] u_seq0=[+6.4325,+0.1367,+0.2191] u_z=+0.2191 eq=False
[APPROACH-OVERRIDE] step=184 phase=A_lift_trav face_axis=0 face_sign=+1 face_score=+1.000 surf_dist=0.0070m advance=0.0050m target=(+0.1000,+0.0000,+0.1350) p_ee_des=(+0.0807,-0.0008,+0.0430)
[VFF] step=184 mode=c3 alpha=0.000 v_des=(+0.0000,+0.0000,+0.0000) |v_des|=0.0000 sat=0 util_max=0.010@j1
[OSC-FORCE] step=184 mode=c3 lam_des=2.000 lam_ext=2.000
[GS] step=184 mode=c3 switch=kStayInC3 best_k=0 best_src=current curr_cost=102946.49 repos_cost=- best_other=150177.81 met_progress=Y steps_since_improve=10 switches=1
[STEP] step=184 mode=c3 t=1.840s ee=(+0.080,-0.001,+0.038) obj=(+0.000,+0.000,+0.050) goal_dist=0.300m switch=kStayInC3 c3_cost=102946.49 lam_n=0.000 lam_t=0.000 contact=N productive=N f_cmd=(+2.00,+0.00,-0.00)
[GATE-EVOLVE] step=184 curr=102946.49 best_other=150177.81 ratio=0.6855 ee_to_optimal=0.0047m phi=0.0047m
[STAGE-A-TRACE] step=184 sim_t=1.840 mode=c3 phi=0.00467 box_xy=+0.00000,+0.00000 lam_n_ee_box=nan qy=+0.00001 qz=+0.00000 finished_repos=0
[DRAKE-CONTACT] step=184 n_pairs=1 ee_box_normal=0.000
[GATE-CONTACT] step=184 F_W=(+0.0000,+0.0000,+0.0000) F_on_box=(-0.0000,-0.0000,-0.0000) n_face_out=(-0.0000,-0.0000,-0.0000) A_is_ee=0 box_q=(+1.00000,-0.00001,+0.00001,+0.00000) box_p=(+0.00000,+0.00000,+0.04999) ee_p=(+0.07967,-0.00085,+0.03814)
[ADMM-C3+] primal: 6.1326->4.9531  dual: 109.5847->80.7880  mono=False  iters=25/25  rho=25.0
[ADMM-C3+] WARNING non-converged: pr=4.9531 dr=80.7880 tol=1e-03
[C3+] step=586 |u[0]|=6.42N λ_n_max=1.063 η_n_max=1.282 primal=4.953 iters=25/25 lcp_res_max=nan
[ADMM-C3+] primal: 6.1326->4.9531  dual: 109.5847->80.7880  mono=False  iters=25/25  rho=25.0
[ADMM-C3+] WARNING non-converged: pr=4.9531 dr=80.7880 tol=1e-03
[C3+] step=591 |u[0]|=6.44N λ_n_max=1.063 η_n_max=1.282 primal=4.953 iters=25/25 lcp_res_max=nan
[CONTACT-RUN] step=185 nhat_BA_W=[+0.000,+0.000,+0.000] p_BCb=[+0.000,+0.000,+0.000] distance=+1.00000 contact_type=NONE
[FORCE-ROUTE] tick=185 env=off lambda_des=[+2.0000,+0.0000,-0.0000] u_seq0=[+6.4356,+0.1443,+0.2017] u_z=+0.2017 eq=False
[APPROACH-OVERRIDE] step=185 phase=A_lift_trav face_axis=0 face_sign=+1 face_score=+1.000 surf_dist=0.0067m advance=0.0047m target=(+0.1000,+0.0000,+0.1350) p_ee_des=(+0.0806,-0.0009,+0.0433)
[VFF] step=185 mode=c3 alpha=0.000 v_des=(+0.0000,+0.0000,+0.0000) |v_des|=0.0000 sat=0 util_max=0.011@j1
[OSC-FORCE] step=185 mode=c3 lam_des=2.000 lam_ext=2.000
[GS] step=185 mode=c3 switch=kStayInC3 best_k=0 best_src=current curr_cost=102946.17 repos_cost=- best_other=150177.27 met_progress=Y steps_since_improve=11 switches=1
[STEP] step=185 mode=c3 t=1.850s ee=(+0.080,-0.001,+0.039) obj=(+0.000,+0.000,+0.050) goal_dist=0.300m switch=kStayInC3 c3_cost=102946.17 lam_n=0.000 lam_t=0.000 contact=N productive=N f_cmd=(+2.00,+0.00,-0.00)
[GATE-EVOLVE] step=185 curr=102946.17 best_other=150177.27 ratio=0.6855 ee_to_optimal=0.0047m phi=0.0046m
[STAGE-A-TRACE] step=185 sim_t=1.850 mode=c3 phi=0.00462 box_xy=+0.00000,+0.00000 lam_n_ee_box=nan qy=+0.00001 qz=+0.00000 finished_repos=0
[DRAKE-CONTACT] step=185 n_pairs=1 ee_box_normal=0.000
[GATE-CONTACT] step=185 F_W=(+0.0000,+0.0000,+0.0000) F_on_box=(-0.0000,-0.0000,-0.0000) n_face_out=(-0.0000,-0.0000,-0.0000) A_is_ee=0 box_q=(+1.00000,-0.00001,+0.00001,+0.00000) box_p=(+0.00000,+0.00000,+0.04999) ee_p=(+0.07962,-0.00092,+0.03871)
[ADMM-C3+] primal: 6.1326->4.9531  dual: 109.5847->80.7880  mono=False  iters=25/25  rho=25.0
[ADMM-C3+] WARNING non-converged: pr=4.9531 dr=80.7880 tol=1e-03
[C3+] step=592 |u[0]|=6.42N λ_n_max=1.063 η_n_max=1.282 primal=4.953 iters=25/25 lcp_res_max=nan
[ADMM-C3+] primal: 6.1326->4.9531  dual: 109.5847->80.7880  mono=False  iters=25/25  rho=25.0
[ADMM-C3+] WARNING non-converged: pr=4.9531 dr=80.7880 tol=1e-03
[C3+] step=597 |u[0]|=6.44N λ_n_max=1.063 η_n_max=1.282 primal=4.953 iters=25/25 lcp_res_max=nan
[CONTACT-RUN] step=186 nhat_BA_W=[+0.000,+0.000,+0.000] p_BCb=[+0.000,+0.000,+0.000] distance=+1.00000 contact_type=NONE
[FORCE-ROUTE] tick=186 env=off lambda_des=[+2.0000,+0.0000,-0.0000] u_seq0=[+6.4385,+0.1513,+0.1872] u_z=+0.1872 eq=False
[APPROACH-OVERRIDE] step=186 phase=A_lift_trav face_axis=0 face_sign=+1 face_score=+1.000 surf_dist=0.0065m advance=0.0045m target=(+0.1000,+0.0000,+0.1350) p_ee_des=(+0.0805,-0.0009,+0.0436)
[VFF] step=186 mode=c3 alpha=0.000 v_des=(+0.0000,+0.0000,+0.0000) |v_des|=0.0000 sat=0 util_max=0.011@j1
[OSC-FORCE] step=186 mode=c3 lam_des=2.000 lam_ext=2.000
[GS] step=186 mode=c3 switch=kStayInC3 best_k=0 best_src=current curr_cost=102945.87 repos_cost=- best_other=150176.66 met_progress=Y steps_since_improve=12 switches=1
[STEP] step=186 mode=c3 t=1.860s ee=(+0.080,-0.001,+0.039) obj=(+0.000,+0.000,+0.050) goal_dist=0.300m switch=kStayInC3 c3_cost=102945.87 lam_n=0.000 lam_t=0.000 contact=N productive=N f_cmd=(+2.00,+0.00,-0.00)
[GATE-EVOLVE] step=186 curr=102945.87 best_other=150176.66 ratio=0.6855 ee_to_optimal=0.0047m phi=0.0046m
[STAGE-A-TRACE] step=186 sim_t=1.860 mode=c3 phi=0.00456 box_xy=+0.00000,+0.00000 lam_n_ee_box=nan qy=+0.00001 qz=+0.00000 finished_repos=0
[DRAKE-CONTACT] step=186 n_pairs=1 ee_box_normal=0.000
[GATE-CONTACT] step=186 F_W=(+0.0000,+0.0000,+0.0000) F_on_box=(-0.0000,-0.0000,-0.0000) n_face_out=(-0.0000,-0.0000,-0.0000) A_is_ee=0 box_q=(+1.00000,-0.00001,+0.00001,+0.00000) box_p=(+0.00000,+0.00000,+0.04999) ee_p=(+0.07956,-0.00099,+0.03927)
[ADMM-C3+] primal: 6.1326->4.9531  dual: 109.5847->80.7880  mono=False  iters=25/25  rho=25.0
[ADMM-C3+] WARNING non-converged: pr=4.9531 dr=80.7880 tol=1e-03
[C3+] step=598 |u[0]|=6.41N λ_n_max=1.063 η_n_max=1.282 primal=4.953 iters=25/25 lcp_res_max=nan
[ADMM-C3+] primal: 6.1326->4.9531  dual: 109.5847->80.7880  mono=False  iters=25/25  rho=25.0
[ADMM-C3+] WARNING non-converged: pr=4.9531 dr=80.7880 tol=1e-03
[C3+] step=603 |u[0]|=6.45N λ_n_max=1.063 η_n_max=1.282 primal=4.953 iters=25/25 lcp_res_max=nan
[CONTACT-RUN] step=187 nhat_BA_W=[+0.000,+0.000,+0.000] p_BCb=[+0.000,+0.000,+0.000] distance=+1.00000 contact_type=NONE
[FORCE-ROUTE] tick=187 env=off lambda_des=[+2.0000,+0.0000,-0.0000] u_seq0=[+6.4410,+0.1579,+0.1746] u_z=+0.1746 eq=False
[APPROACH-OVERRIDE] step=187 phase=A_lift_trav face_axis=0 face_sign=+1 face_score=+1.000 surf_dist=0.0062m advance=0.0042m target=(+0.1000,+0.0000,+0.1350) p_ee_des=(+0.0804,-0.0010,+0.0439)
[VFF] step=187 mode=c3 alpha=0.000 v_des=(+0.0000,+0.0000,+0.0000) |v_des|=0.0000 sat=0 util_max=0.011@j1
[OSC-FORCE] step=187 mode=c3 lam_des=2.000 lam_ext=2.000
[GS] step=187 mode=c3 switch=kStayInC3 best_k=0 best_src=current curr_cost=102945.58 repos_cost=- best_other=150175.99 met_progress=Y steps_since_improve=13 switches=1
[STEP] step=187 mode=c3 t=1.870s ee=(+0.079,-0.001,+0.040) obj=(+0.000,+0.000,+0.050) goal_dist=0.300m switch=kStayInC3 c3_cost=102945.58 lam_n=0.000 lam_t=0.000 contact=N productive=N f_cmd=(+2.00,+0.00,-0.00)
[GATE-EVOLVE] step=187 curr=102945.58 best_other=150175.99 ratio=0.6855 ee_to_optimal=0.0046m phi=0.0045m
[STAGE-A-TRACE] step=187 sim_t=1.870 mode=c3 phi=0.00449 box_xy=+0.00000,+0.00000 lam_n_ee_box=nan qy=+0.00001 qz=+0.00000 finished_repos=0
[DRAKE-CONTACT] step=187 n_pairs=1 ee_box_normal=0.000
[GATE-CONTACT] step=187 F_W=(+0.0000,+0.0000,+0.0000) F_on_box=(-0.0000,-0.0000,-0.0000) n_face_out=(-0.0000,-0.0000,-0.0000) A_is_ee=0 box_q=(+1.00000,-0.00001,+0.00001,+0.00000) box_p=(+0.00000,+0.00000,+0.04999) ee_p=(+0.07949,-0.00107,+0.03980)
[ADMM-C3+] primal: 6.1326->4.9531  dual: 109.5847->80.7880  mono=False  iters=25/25  rho=25.0
[ADMM-C3+] WARNING non-converged: pr=4.9531 dr=80.7880 tol=1e-03
[C3+] step=604 |u[0]|=6.41N λ_n_max=1.063 η_n_max=1.282 primal=4.953 iters=25/25 lcp_res_max=nan
[ADMM-C3+] primal: 6.1326->4.9531  dual: 109.5847->80.7880  mono=False  iters=25/25  rho=25.0
[ADMM-C3+] WARNING non-converged: pr=4.9531 dr=80.7880 tol=1e-03
[C3+] step=609 |u[0]|=6.45N λ_n_max=1.063 η_n_max=1.282 primal=4.953 iters=25/25 lcp_res_max=nan
[CONTACT-RUN] step=188 nhat_BA_W=[+0.000,+0.000,+0.000] p_BCb=[+0.000,+0.000,+0.000] distance=+1.00000 contact_type=NONE
[FORCE-ROUTE] tick=188 env=off lambda_des=[+2.0000,+0.0000,-0.0000] u_seq0=[+6.4432,+0.1641,+0.1636] u_z=+0.1636 eq=False
[APPROACH-OVERRIDE] step=188 phase=A_lift_trav face_axis=0 face_sign=+1 face_score=+1.000 surf_dist=0.0060m advance=0.0040m target=(+0.1000,+0.0000,+0.1350) p_ee_des=(+0.0803,-0.0011,+0.0442)
[VFF] step=188 mode=c3 alpha=0.000 v_des=(+0.0000,+0.0000,+0.0000) |v_des|=0.0000 sat=0 util_max=0.011@j1
[OSC-FORCE] step=188 mode=c3 lam_des=2.000 lam_ext=2.000
[GS] step=188 mode=c3 switch=kStayInC3 best_k=0 best_src=current curr_cost=102945.30 repos_cost=- best_other=150175.27 met_progress=Y steps_since_improve=14 switches=1
[STEP] step=188 mode=c3 t=1.880s ee=(+0.079,-0.001,+0.040) obj=(+0.000,+0.000,+0.050) goal_dist=0.300m switch=kStayInC3 c3_cost=102945.30 lam_n=0.000 lam_t=0.000 contact=N productive=N f_cmd=(+2.00,+0.00,-0.00)
[GATE-EVOLVE] step=188 curr=102945.30 best_other=150175.27 ratio=0.6855 ee_to_optimal=0.0046m phi=0.0044m
[STAGE-A-TRACE] step=188 sim_t=1.880 mode=c3 phi=0.00442 box_xy=+0.00000,+0.00000 lam_n_ee_box=nan qy=+0.00001 qz=+0.00000 finished_repos=0
[DRAKE-CONTACT] step=188 n_pairs=1 ee_box_normal=0.000
[GATE-CONTACT] step=188 F_W=(+0.0000,+0.0000,+0.0000) F_on_box=(-0.0000,-0.0000,-0.0000) n_face_out=(-0.0000,-0.0000,-0.0000) A_is_ee=0 box_q=(+1.00000,-0.00001,+0.00001,+0.00000) box_p=(+0.00000,+0.00000,+0.04999) ee_p=(+0.07942,-0.00114,+0.04030)
[ADMM-C3+] primal: 6.1326->4.9531  dual: 109.5847->80.7880  mono=False  iters=25/25  rho=25.0
[ADMM-C3+] WARNING non-converged: pr=4.9531 dr=80.7880 tol=1e-03
[C3+] step=610 |u[0]|=6.40N λ_n_max=1.063 η_n_max=1.282 primal=4.953 iters=25/25 lcp_res_max=nan
[ADMM-C3+] primal: 6.1326->4.9531  dual: 109.5847->80.7880  mono=False  iters=25/25  rho=25.0
[ADMM-C3+] WARNING non-converged: pr=4.9531 dr=80.7880 tol=1e-03
[C3+] step=615 |u[0]|=6.45N λ_n_max=1.063 η_n_max=1.282 primal=4.953 iters=25/25 lcp_res_max=nan
[CONTACT-RUN] step=189 nhat_BA_W=[+0.000,+0.000,+0.000] p_BCb=[+0.000,+0.000,+0.000] distance=+1.00000 contact_type=NONE
[FORCE-ROUTE] tick=189 env=off lambda_des=[+2.0000,+0.0000,-0.0000] u_seq0=[+6.4452,+0.1701,+0.1536] u_z=+0.1536 eq=False
[APPROACH-OVERRIDE] step=189 phase=A_lift_trav face_axis=0 face_sign=+1 face_score=+1.000 surf_dist=0.0058m advance=0.0038m target=(+0.1000,+0.0000,+0.1350) p_ee_des=(+0.0802,-0.0012,+0.0445)
[VFF] step=189 mode=c3 alpha=0.000 v_des=(+0.0000,+0.0000,+0.0000) |v_des|=0.0000 sat=0 util_max=0.011@j1
[OSC-FORCE] step=189 mode=c3 lam_des=2.000 lam_ext=2.000
[GS] step=189 mode=c3 switch=kStayInC3 best_k=0 best_src=current curr_cost=102945.03 repos_cost=- best_other=150174.50 met_progress=Y steps_since_improve=15 switches=1
[STEP] step=189 mode=c3 t=1.890s ee=(+0.079,-0.001,+0.041) obj=(+0.000,+0.000,+0.050) goal_dist=0.300m switch=kStayInC3 c3_cost=102945.03 lam_n=0.000 lam_t=0.000 contact=N productive=N f_cmd=(+2.00,+0.00,-0.00)
[GATE-EVOLVE] step=189 curr=102945.03 best_other=150174.50 ratio=0.6855 ee_to_optimal=0.0045m phi=0.0043m
[STAGE-A-TRACE] step=189 sim_t=1.890 mode=c3 phi=0.00435 box_xy=+0.00000,+0.00000 lam_n_ee_box=nan qy=+0.00001 qz=+0.00000 finished_repos=0
[DRAKE-CONTACT] step=189 n_pairs=1 ee_box_normal=0.000
[GATE-CONTACT] step=189 F_W=(+0.0000,+0.0000,+0.0000) F_on_box=(-0.0000,-0.0000,-0.0000) n_face_out=(-0.0000,-0.0000,-0.0000) A_is_ee=0 box_q=(+1.00000,-0.00001,+0.00001,+0.00000) box_p=(+0.00000,+0.00000,+0.04999) ee_p=(+0.07935,-0.00122,+0.04078)
[ADMM-C3+] primal: 6.1326->4.9531  dual: 109.5847->80.7880  mono=False  iters=25/25  rho=25.0
[ADMM-C3+] WARNING non-converged: pr=4.9531 dr=80.7880 tol=1e-03
[C3+] step=616 |u[0]|=6.39N λ_n_max=1.063 η_n_max=1.282 primal=4.953 iters=25/25 lcp_res_max=nan
[ADMM-C3+] primal: 6.1326->4.9531  dual: 109.5847->80.7880  mono=False  iters=25/25  rho=25.0
[ADMM-C3+] WARNING non-converged: pr=4.9531 dr=80.7880 tol=1e-03
[C3+] step=621 |u[0]|=6.45N λ_n_max=1.063 η_n_max=1.282 primal=4.953 iters=25/25 lcp_res_max=nan
[CONTACT-RUN] step=190 nhat_BA_W=[+0.000,+0.000,+0.000] p_BCb=[+0.000,+0.000,+0.000] distance=+1.00000 contact_type=NONE
[FORCE-ROUTE] tick=190 env=off lambda_des=[+2.0000,+0.0000,-0.0000] u_seq0=[+6.4468,+0.1759,+0.1445] u_z=+0.1445 eq=False
[APPROACH-OVERRIDE] step=190 phase=A_lift_trav face_axis=0 face_sign=+1 face_score=+1.000 surf_dist=0.0056m advance=0.0036m target=(+0.1000,+0.0000,+0.1350) p_ee_des=(+0.0800,-0.0012,+0.0447)
[VFF] step=190 mode=c3 alpha=0.000 v_des=(+0.0000,+0.0000,+0.0000) |v_des|=0.0000 sat=0 util_max=0.011@j1
[OSC-FORCE] step=190 mode=c3 lam_des=2.000 lam_ext=2.000
[IMP] step=190 mode=c3 |x_err|=0.0036m |tau_imp|=1.00Nm |tau_ff|=1.20Nm |tau_out|=1.00Nm sat=False lam_n=True lam_t=True
[GS] step=190 mode=c3 switch=kStayInC3 best_k=0 best_src=current curr_cost=102944.78 repos_cost=- best_other=150173.67 met_progress=Y steps_since_improve=16 switches=1
[STEP] step=190 mode=c3 t=1.900s ee=(+0.079,-0.001,+0.041) obj=(+0.000,+0.000,+0.050) goal_dist=0.300m switch=kStayInC3 c3_cost=102944.78 lam_n=0.000 lam_t=0.000 contact=N productive=N f_cmd=(+2.00,+0.00,-0.00)
[GATE-EVOLVE] step=190 curr=102944.78 best_other=150173.67 ratio=0.6855 ee_to_optimal=0.0045m phi=0.0043m
[STAGE-A-TRACE] step=190 sim_t=1.900 mode=c3 phi=0.00427 box_xy=+0.00000,+0.00000 lam_n_ee_box=nan qy=+0.00001 qz=+0.00000 finished_repos=0
[DRAKE-CONTACT] step=190 n_pairs=1 ee_box_normal=0.000
[GATE-CONTACT] step=190 F_W=(+0.0000,+0.0000,+0.0000) F_on_box=(-0.0000,-0.0000,-0.0000) n_face_out=(-0.0000,-0.0000,-0.0000) A_is_ee=0 box_q=(+1.00000,-0.00001,+0.00001,+0.00000) box_p=(+0.00000,+0.00000,+0.04999) ee_p=(+0.07927,-0.00130,+0.04124)
[ADMM-C3+] primal: 6.1326->4.9531  dual: 109.5847->80.7880  mono=False  iters=25/25  rho=25.0
[ADMM-C3+] WARNING non-converged: pr=4.9531 dr=80.7880 tol=1e-03
[C3+] step=622 |u[0]|=6.39N λ_n_max=1.063 η_n_max=1.282 primal=4.953 iters=25/25 lcp_res_max=nan
[ADMM-C3+] primal: 6.1326->4.9531  dual: 109.5847->80.7880  mono=False  iters=25/25  rho=25.0
[ADMM-C3+] WARNING non-converged: pr=4.9531 dr=80.7880 tol=1e-03
[C3+] step=627 |u[0]|=6.45N λ_n_max=1.063 η_n_max=1.282 primal=4.953 iters=25/25 lcp_res_max=nan
[CONTACT-RUN] step=191 nhat_BA_W=[+0.000,+0.000,+0.000] p_BCb=[+0.000,+0.000,+0.000] distance=+1.00000 contact_type=NONE
[FORCE-ROUTE] tick=191 env=off lambda_des=[+2.0000,+0.0000,-0.0000] u_seq0=[+6.4482,+0.1816,+0.1362] u_z=+0.1362 eq=False
[APPROACH-OVERRIDE] step=191 phase=A_lift_trav face_axis=0 face_sign=+1 face_score=+1.000 surf_dist=0.0054m advance=0.0034m target=(+0.1000,+0.0000,+0.1350) p_ee_des=(+0.0799,-0.0013,+0.0450)
[VFF] step=191 mode=c3 alpha=0.000 v_des=(+0.0000,+0.0000,+0.0000) |v_des|=0.0000 sat=0 util_max=0.010@j1
[OSC-FORCE] step=191 mode=c3 lam_des=2.000 lam_ext=2.000
[GS] step=191 mode=c3 switch=kStayInC3 best_k=0 best_src=current curr_cost=102944.52 repos_cost=- best_other=150172.80 met_progress=Y steps_since_improve=17 switches=1
[STEP] step=191 mode=c3 t=1.910s ee=(+0.079,-0.001,+0.042) obj=(+0.000,+0.000,+0.050) goal_dist=0.300m switch=kStayInC3 c3_cost=102944.52 lam_n=0.000 lam_t=0.000 contact=N productive=N f_cmd=(+2.00,+0.00,-0.00)
[GATE-EVOLVE] step=191 curr=102944.52 best_other=150172.80 ratio=0.6855 ee_to_optimal=0.0044m phi=0.0042m
[STAGE-A-TRACE] step=191 sim_t=1.910 mode=c3 phi=0.00419 box_xy=+0.00000,+0.00000 lam_n_ee_box=nan qy=+0.00001 qz=+0.00000 finished_repos=0
[DRAKE-CONTACT] step=191 n_pairs=1 ee_box_normal=0.000
[GATE-CONTACT] step=191 F_W=(+0.0000,+0.0000,+0.0000) F_on_box=(-0.0000,-0.0000,-0.0000) n_face_out=(-0.0000,-0.0000,-0.0000) A_is_ee=0 box_q=(+1.00000,-0.00001,+0.00001,+0.00000) box_p=(+0.00000,+0.00000,+0.04999) ee_p=(+0.07919,-0.00137,+0.04168)
[ADMM-C3+] primal: 6.1326->4.9531  dual: 109.5847->80.7880  mono=False  iters=25/25  rho=25.0
[ADMM-C3+] WARNING non-converged: pr=4.9531 dr=80.7880 tol=1e-03
[C3+] step=628 |u[0]|=6.38N λ_n_max=1.063 η_n_max=1.282 primal=4.953 iters=25/25 lcp_res_max=nan
[ADMM-C3+] primal: 6.1326->4.9531  dual: 109.5847->80.7880  mono=False  iters=25/25  rho=25.0
[ADMM-C3+] WARNING non-converged: pr=4.9531 dr=80.7880 tol=1e-03
[C3+] step=633 |u[0]|=6.45N λ_n_max=1.063 η_n_max=1.282 primal=4.953 iters=25/25 lcp_res_max=nan
[CONTACT-RUN] step=192 nhat_BA_W=[+0.000,+0.000,+0.000] p_BCb=[+0.000,+0.000,+0.000] distance=+1.00000 contact_type=NONE
[FORCE-ROUTE] tick=192 env=off lambda_des=[+2.0000,+0.0000,-0.0000] u_seq0=[+6.4493,+0.1873,+0.1286] u_z=+0.1286 eq=False
[APPROACH-OVERRIDE] step=192 phase=A_lift_trav face_axis=0 face_sign=+1 face_score=+1.000 surf_dist=0.0052m advance=0.0032m target=(+0.1000,+0.0000,+0.1350) p_ee_des=(+0.0798,-0.0014,+0.0452)
[VFF] step=192 mode=c3 alpha=0.000 v_des=(+0.0000,+0.0000,+0.0000) |v_des|=0.0000 sat=0 util_max=0.010@j1
[OSC-FORCE] step=192 mode=c3 lam_des=2.000 lam_ext=2.000
[GS] step=192 mode=c3 switch=kStayInC3 best_k=0 best_src=current curr_cost=102944.28 repos_cost=- best_other=150171.88 met_progress=Y steps_since_improve=18 switches=1
[STEP] step=192 mode=c3 t=1.920s ee=(+0.079,-0.001,+0.042) obj=(+0.000,+0.000,+0.050) goal_dist=0.300m switch=kStayInC3 c3_cost=102944.28 lam_n=0.000 lam_t=0.000 contact=N productive=N f_cmd=(+2.00,+0.00,-0.00)
[GATE-EVOLVE] step=192 curr=102944.28 best_other=150171.88 ratio=0.6855 ee_to_optimal=0.0044m phi=0.0041m
[STAGE-A-TRACE] step=192 sim_t=1.920 mode=c3 phi=0.00411 box_xy=+0.00000,+0.00000 lam_n_ee_box=nan qy=+0.00001 qz=+0.00000 finished_repos=0
[DRAKE-CONTACT] step=192 n_pairs=1 ee_box_normal=0.000
[GATE-CONTACT] step=192 F_W=(+0.0000,+0.0000,+0.0000) F_on_box=(-0.0000,-0.0000,-0.0000) n_face_out=(-0.0000,-0.0000,-0.0000) A_is_ee=0 box_q=(+1.00000,-0.00001,+0.00001,+0.00000) box_p=(+0.00000,+0.00000,+0.04999) ee_p=(+0.07911,-0.00145,+0.04210)
[ADMM-C3+] primal: 6.1326->4.9531  dual: 109.5847->80.7880  mono=False  iters=25/25  rho=25.0
[ADMM-C3+] WARNING non-converged: pr=4.9531 dr=80.7880 tol=1e-03
[C3+] step=634 |u[0]|=6.38N λ_n_max=1.063 η_n_max=1.282 primal=4.953 iters=25/25 lcp_res_max=nan
[ADMM-C3+] primal: 6.1326->4.9531  dual: 109.5847->80.7880  mono=False  iters=25/25  rho=25.0
[ADMM-C3+] WARNING non-converged: pr=4.9531 dr=80.7880 tol=1e-03
[C3+] step=639 |u[0]|=6.45N λ_n_max=1.063 η_n_max=1.282 primal=4.953 iters=25/25 lcp_res_max=nan
[CONTACT-RUN] step=193 nhat_BA_W=[+0.000,+0.000,+0.000] p_BCb=[+0.000,+0.000,+0.000] distance=+1.00000 contact_type=NONE
[FORCE-ROUTE] tick=193 env=off lambda_des=[+2.0000,+0.0000,-0.0000] u_seq0=[+6.4502,+0.1929,+0.1216] u_z=+0.1216 eq=False
[APPROACH-OVERRIDE] step=193 phase=A_lift_trav face_axis=0 face_sign=+1 face_score=+1.000 surf_dist=0.0050m advance=0.0030m target=(+0.1000,+0.0000,+0.1350) p_ee_des=(+0.0797,-0.0015,+0.0454)
[VFF] step=193 mode=c3 alpha=0.000 v_des=(+0.0000,+0.0000,+0.0000) |v_des|=0.0000 sat=0 util_max=0.010@j1
[OSC-FORCE] step=193 mode=c3 lam_des=2.000 lam_ext=2.000
[GS] step=193 mode=c3 switch=kStayInC3 best_k=0 best_src=current curr_cost=102944.05 repos_cost=- best_other=150170.91 met_progress=Y steps_since_improve=19 switches=1
[STEP] step=193 mode=c3 t=1.930s ee=(+0.079,-0.002,+0.042) obj=(+0.000,+0.000,+0.050) goal_dist=0.300m switch=kStayInC3 c3_cost=102944.05 lam_n=0.000 lam_t=0.000 contact=N productive=N f_cmd=(+2.00,+0.00,-0.00)
[GATE-EVOLVE] step=193 curr=102944.05 best_other=150170.91 ratio=0.6855 ee_to_optimal=0.0043m phi=0.0040m
[STAGE-A-TRACE] step=193 sim_t=1.930 mode=c3 phi=0.00402 box_xy=+0.00000,+0.00000 lam_n_ee_box=nan qy=+0.00001 qz=+0.00000 finished_repos=0
[DRAKE-CONTACT] step=193 n_pairs=1 ee_box_normal=0.000
[GATE-CONTACT] step=193 F_W=(+0.0000,+0.0000,+0.0000) F_on_box=(-0.0000,-0.0000,-0.0000) n_face_out=(-0.0000,-0.0000,-0.0000) A_is_ee=0 box_q=(+1.00000,-0.00001,+0.00001,+0.00000) box_p=(+0.00000,+0.00000,+0.04999) ee_p=(+0.07902,-0.00153,+0.04250)
[ADMM-C3+] primal: 6.1326->4.9531  dual: 109.5847->80.7880  mono=False  iters=25/25  rho=25.0
[ADMM-C3+] WARNING non-converged: pr=4.9531 dr=80.7880 tol=1e-03
[C3+] step=640 |u[0]|=6.37N λ_n_max=1.063 η_n_max=1.282 primal=4.953 iters=25/25 lcp_res_max=nan
[ADMM-C3+] primal: 6.1326->4.9531  dual: 109.5847->80.7880  mono=False  iters=25/25  rho=25.0
[ADMM-C3+] WARNING non-converged: pr=4.9531 dr=80.7880 tol=1e-03
[C3+] step=645 |u[0]|=6.45N λ_n_max=1.063 η_n_max=1.282 primal=4.953 iters=25/25 lcp_res_max=nan
[CONTACT-RUN] step=194 nhat_BA_W=[+0.000,+0.000,+0.000] p_BCb=[+0.000,+0.000,+0.000] distance=+1.00000 contact_type=NONE
[FORCE-ROUTE] tick=194 env=off lambda_des=[+2.0000,+0.0000,-0.0000] u_seq0=[+6.4508,+0.1986,+0.1152] u_z=+0.1152 eq=False
[APPROACH-OVERRIDE] step=194 phase=A_lift_trav face_axis=0 face_sign=+1 face_score=+1.000 surf_dist=0.0048m advance=0.0028m target=(+0.1000,+0.0000,+0.1350) p_ee_des=(+0.0796,-0.0016,+0.0456)
[VFF] step=194 mode=c3 alpha=0.000 v_des=(+0.0000,+0.0000,+0.0000) |v_des|=0.0000 sat=0 util_max=0.009@j1
[OSC-FORCE] step=194 mode=c3 lam_des=2.000 lam_ext=2.000
[GS] step=194 mode=c3 switch=kStayInC3 best_k=0 best_src=current curr_cost=102943.81 repos_cost=- best_other=150169.89 met_progress=Y steps_since_improve=20 switches=1
[STEP] step=194 mode=c3 t=1.940s ee=(+0.079,-0.002,+0.043) obj=(+0.000,+0.000,+0.050) goal_dist=0.300m switch=kStayInC3 c3_cost=102943.81 lam_n=0.000 lam_t=0.000 contact=N productive=N f_cmd=(+2.00,+0.00,-0.00)
[GATE-EVOLVE] step=194 curr=102943.81 best_other=150169.89 ratio=0.6855 ee_to_optimal=0.0042m phi=0.0039m
[STAGE-A-TRACE] step=194 sim_t=1.940 mode=c3 phi=0.00392 box_xy=+0.00000,+0.00000 lam_n_ee_box=nan qy=+0.00001 qz=+0.00000 finished_repos=0
[DRAKE-CONTACT] step=194 n_pairs=1 ee_box_normal=0.000
[GATE-CONTACT] step=194 F_W=(+0.0000,+0.0000,+0.0000) F_on_box=(-0.0000,-0.0000,-0.0000) n_face_out=(-0.0000,-0.0000,-0.0000) A_is_ee=0 box_q=(+1.00000,-0.00001,+0.00001,+0.00000) box_p=(+0.00000,+0.00000,+0.04999) ee_p=(+0.07892,-0.00160,+0.04287)
[ADMM-C3+] primal: 6.1326->4.9531  dual: 109.5847->80.7880  mono=False  iters=25/25  rho=25.0
[ADMM-C3+] WARNING non-converged: pr=4.9531 dr=80.7880 tol=1e-03
[C3+] step=646 |u[0]|=6.37N λ_n_max=1.063 η_n_max=1.282 primal=4.953 iters=25/25 lcp_res_max=nan
[ADMM-C3+] primal: 6.1326->4.9531  dual: 109.5847->80.7880  mono=False  iters=25/25  rho=25.0
[ADMM-C3+] WARNING non-converged: pr=4.9531 dr=80.7880 tol=1e-03
[C3+] step=651 |u[0]|=6.46N λ_n_max=1.063 η_n_max=1.282 primal=4.953 iters=25/25 lcp_res_max=nan
[CONTACT-RUN] step=195 nhat_BA_W=[+0.000,+0.000,+0.000] p_BCb=[+0.000,+0.000,+0.000] distance=+1.00000 contact_type=NONE
[FORCE-ROUTE] tick=195 env=off lambda_des=[+2.0000,+0.0000,-0.0000] u_seq0=[+6.4513,+0.2042,+0.1095] u_z=+0.1095 eq=False
[APPROACH-OVERRIDE] step=195 phase=A_lift_trav face_axis=0 face_sign=+1 face_score=+1.000 surf_dist=0.0047m advance=0.0027m target=(+0.1000,+0.0000,+0.1350) p_ee_des=(+0.0794,-0.0016,+0.0458)
[VFF] step=195 mode=c3 alpha=0.000 v_des=(+0.0000,+0.0000,+0.0000) |v_des|=0.0000 sat=0 util_max=0.009@j1
[OSC-FORCE] step=195 mode=c3 lam_des=2.000 lam_ext=2.000
[GS] step=195 mode=c3 switch=kStayInC3 best_k=0 best_src=current curr_cost=102943.59 repos_cost=- best_other=150168.84 met_progress=Y steps_since_improve=21 switches=1
[STEP] step=195 mode=c3 t=1.950s ee=(+0.079,-0.002,+0.043) obj=(+0.000,+0.000,+0.050) goal_dist=0.300m switch=kStayInC3 c3_cost=102943.59 lam_n=0.000 lam_t=0.000 contact=N productive=N f_cmd=(+2.00,+0.00,-0.00)
[GATE-EVOLVE] step=195 curr=102943.59 best_other=150168.84 ratio=0.6855 ee_to_optimal=0.0042m phi=0.0038m
[STAGE-A-TRACE] step=195 sim_t=1.950 mode=c3 phi=0.00383 box_xy=+0.00000,+0.00000 lam_n_ee_box=nan qy=+0.00001 qz=+0.00000 finished_repos=0
[DRAKE-CONTACT] step=195 n_pairs=1 ee_box_normal=0.000
[GATE-CONTACT] step=195 F_W=(+0.0000,+0.0000,+0.0000) F_on_box=(-0.0000,-0.0000,-0.0000) n_face_out=(-0.0000,-0.0000,-0.0000) A_is_ee=0 box_q=(+1.00000,-0.00001,+0.00001,+0.00000) box_p=(+0.00000,+0.00000,+0.04999) ee_p=(+0.07883,-0.00168,+0.04323)
[ADMM-C3+] primal: 6.1326->4.9531  dual: 109.5847->80.7880  mono=False  iters=25/25  rho=25.0
[ADMM-C3+] WARNING non-converged: pr=4.9531 dr=80.7880 tol=1e-03
[C3+] step=652 |u[0]|=6.36N λ_n_max=1.063 η_n_max=1.282 primal=4.953 iters=25/25 lcp_res_max=nan
[ADMM-C3+] primal: 6.1326->4.9531  dual: 109.5847->80.7880  mono=False  iters=25/25  rho=25.0
[ADMM-C3+] WARNING non-converged: pr=4.9531 dr=80.7880 tol=1e-03
[C3+] step=657 |u[0]|=6.46N λ_n_max=1.063 η_n_max=1.282 primal=4.953 iters=25/25 lcp_res_max=nan
[CONTACT-RUN] step=196 nhat_BA_W=[+0.000,+0.000,+0.000] p_BCb=[+0.000,+0.000,+0.000] distance=+1.00000 contact_type=NONE
[FORCE-ROUTE] tick=196 env=off lambda_des=[+2.0000,+0.0000,-0.0000] u_seq0=[+6.4515,+0.2099,+0.1044] u_z=+0.1044 eq=False
[APPROACH-OVERRIDE] step=196 phase=A_lift_trav face_axis=0 face_sign=+1 face_score=+1.000 surf_dist=0.0045m advance=0.0025m target=(+0.1000,+0.0000,+0.1350) p_ee_des=(+0.0793,-0.0017,+0.0460)
[VFF] step=196 mode=c3 alpha=0.000 v_des=(+0.0000,+0.0000,+0.0000) |v_des|=0.0000 sat=0 util_max=0.009@j1
[OSC-FORCE] step=196 mode=c3 lam_des=2.000 lam_ext=2.000
[GS] step=196 mode=c3 switch=kStayInC3 best_k=0 best_src=current curr_cost=102943.36 repos_cost=- best_other=150167.74 met_progress=Y steps_since_improve=22 switches=1
[STEP] step=196 mode=c3 t=1.960s ee=(+0.079,-0.002,+0.044) obj=(+0.000,+0.000,+0.050) goal_dist=0.300m switch=kStayInC3 c3_cost=102943.36 lam_n=0.000 lam_t=0.000 contact=N productive=N f_cmd=(+2.00,+0.00,-0.00)
[GATE-EVOLVE] step=196 curr=102943.36 best_other=150167.74 ratio=0.6855 ee_to_optimal=0.0041m phi=0.0037m
[STAGE-A-TRACE] step=196 sim_t=1.960 mode=c3 phi=0.00373 box_xy=+0.00000,+0.00000 lam_n_ee_box=nan qy=+0.00001 qz=+0.00000 finished_repos=0
[DRAKE-CONTACT] step=196 n_pairs=1 ee_box_normal=0.000
[GATE-CONTACT] step=196 F_W=(+0.0000,+0.0000,+0.0000) F_on_box=(-0.0000,-0.0000,-0.0000) n_face_out=(-0.0000,-0.0000,-0.0000) A_is_ee=0 box_q=(+1.00000,-0.00001,+0.00001,+0.00000) box_p=(+0.00000,+0.00000,+0.04999) ee_p=(+0.07873,-0.00176,+0.04357)
[ADMM-C3+] primal: 6.1326->4.9531  dual: 109.5847->80.7880  mono=False  iters=25/25  rho=25.0
[ADMM-C3+] WARNING non-converged: pr=4.9531 dr=80.7880 tol=1e-03
[C3+] step=658 |u[0]|=6.36N λ_n_max=1.063 η_n_max=1.282 primal=4.953 iters=25/25 lcp_res_max=nan
[ADMM-C3+] primal: 6.1326->4.9531  dual: 109.5847->80.7880  mono=False  iters=25/25  rho=25.0
[ADMM-C3+] WARNING non-converged: pr=4.9531 dr=80.7880 tol=1e-03
[C3+] step=663 |u[0]|=6.46N λ_n_max=1.063 η_n_max=1.282 primal=4.953 iters=25/25 lcp_res_max=nan
[CONTACT-RUN] step=197 nhat_BA_W=[+0.000,+0.000,+0.000] p_BCb=[+0.000,+0.000,+0.000] distance=+1.00000 contact_type=NONE
[FORCE-ROUTE] tick=197 env=off lambda_des=[+2.0000,+0.0000,-0.0000] u_seq0=[+6.4516,+0.2157,+0.1000] u_z=+0.1000 eq=False
[APPROACH-OVERRIDE] step=197 phase=A_lift_trav face_axis=0 face_sign=+1 face_score=+1.000 surf_dist=0.0043m advance=0.0023m target=(+0.1000,+0.0000,+0.1350) p_ee_des=(+0.0792,-0.0018,+0.0462)
[VFF] step=197 mode=c3 alpha=0.000 v_des=(+0.0000,+0.0000,+0.0000) |v_des|=0.0000 sat=0 util_max=0.009@j1
[OSC-FORCE] step=197 mode=c3 lam_des=2.000 lam_ext=2.000
[GS] step=197 mode=c3 switch=kStayInC3 best_k=0 best_src=current curr_cost=102943.14 repos_cost=- best_other=150166.60 met_progress=Y steps_since_improve=23 switches=1
[STEP] step=197 mode=c3 t=1.970s ee=(+0.079,-0.002,+0.044) obj=(+0.000,+0.000,+0.050) goal_dist=0.300m switch=kStayInC3 c3_cost=102943.14 lam_n=0.000 lam_t=0.000 contact=N productive=N f_cmd=(+2.00,+0.00,-0.00)
[GATE-EVOLVE] step=197 curr=102943.14 best_other=150166.60 ratio=0.6855 ee_to_optimal=0.0041m phi=0.0036m
[STAGE-A-TRACE] step=197 sim_t=1.970 mode=c3 phi=0.00362 box_xy=+0.00000,+0.00000 lam_n_ee_box=nan qy=+0.00001 qz=+0.00000 finished_repos=0
[DRAKE-CONTACT] step=197 n_pairs=1 ee_box_normal=0.000
[GATE-CONTACT] step=197 F_W=(+0.0000,+0.0000,+0.0000) F_on_box=(-0.0000,-0.0000,-0.0000) n_face_out=(-0.0000,-0.0000,-0.0000) A_is_ee=0 box_q=(+1.00000,-0.00001,+0.00001,+0.00000) box_p=(+0.00000,+0.00000,+0.04999) ee_p=(+0.07863,-0.00183,+0.04390)
[ADMM-C3+] primal: 6.1326->4.9531  dual: 109.5847->80.7880  mono=False  iters=25/25  rho=25.0
[ADMM-C3+] WARNING non-converged: pr=4.9531 dr=80.7880 tol=1e-03
[C3+] step=664 |u[0]|=6.35N λ_n_max=1.063 η_n_max=1.282 primal=4.953 iters=25/25 lcp_res_max=nan
[ADMM-C3+] primal: 6.1326->4.9531  dual: 109.5847->80.7880  mono=False  iters=25/25  rho=25.0
[ADMM-C3+] WARNING non-converged: pr=4.9531 dr=80.7880 tol=1e-03
[C3+] step=669 |u[0]|=6.46N λ_n_max=1.063 η_n_max=1.282 primal=4.953 iters=25/25 lcp_res_max=nan
[CONTACT-RUN] step=198 nhat_BA_W=[+0.000,+0.000,+0.000] p_BCb=[+0.000,+0.000,+0.000] distance=+1.00000 contact_type=NONE
[FORCE-ROUTE] tick=198 env=off lambda_des=[+2.0000,+0.0000,-0.0000] u_seq0=[+6.4515,+0.2214,+0.0963] u_z=+0.0963 eq=False
[APPROACH-OVERRIDE] step=198 phase=A_lift_trav face_axis=0 face_sign=+1 face_score=+1.000 surf_dist=0.0042m advance=0.0022m target=(+0.1000,+0.0000,+0.1350) p_ee_des=(+0.0790,-0.0019,+0.0463)
[VFF] step=198 mode=c3 alpha=0.000 v_des=(+0.0000,+0.0000,+0.0000) |v_des|=0.0000 sat=0 util_max=0.008@j1
[OSC-FORCE] step=198 mode=c3 lam_des=2.000 lam_ext=2.000
[GS] step=198 mode=c3 switch=kStayInC3 best_k=0 best_src=current curr_cost=102942.93 repos_cost=- best_other=150165.42 met_progress=Y steps_since_improve=24 switches=1
[STEP] step=198 mode=c3 t=1.980s ee=(+0.079,-0.002,+0.044) obj=(+0.000,+0.000,+0.050) goal_dist=0.300m switch=kStayInC3 c3_cost=102942.93 lam_n=0.000 lam_t=0.000 contact=N productive=N f_cmd=(+2.00,+0.00,-0.00)
[GATE-EVOLVE] step=198 curr=102942.93 best_other=150165.42 ratio=0.6855 ee_to_optimal=0.0040m phi=0.0035m
[STAGE-A-TRACE] step=198 sim_t=1.980 mode=c3 phi=0.00352 box_xy=+0.00000,+0.00000 lam_n_ee_box=nan qy=+0.00001 qz=+0.00000 finished_repos=0
[DRAKE-CONTACT] step=198 n_pairs=1 ee_box_normal=0.000
[GATE-CONTACT] step=198 F_W=(+0.0000,+0.0000,+0.0000) F_on_box=(-0.0000,-0.0000,-0.0000) n_face_out=(-0.0000,-0.0000,-0.0000) A_is_ee=0 box_q=(+1.00000,-0.00001,+0.00001,+0.00000) box_p=(+0.00000,+0.00000,+0.04999) ee_p=(+0.07852,-0.00191,+0.04420)
[ADMM-C3+] primal: 6.1326->4.9531  dual: 109.5847->80.7880  mono=False  iters=25/25  rho=25.0
[ADMM-C3+] WARNING non-converged: pr=4.9531 dr=80.7880 tol=1e-03
[C3+] step=670 |u[0]|=6.35N λ_n_max=1.063 η_n_max=1.282 primal=4.953 iters=25/25 lcp_res_max=nan
[ADMM-C3+] primal: 6.1326->4.9531  dual: 109.5847->80.7880  mono=False  iters=25/25  rho=25.0
[ADMM-C3+] WARNING non-converged: pr=4.9531 dr=80.7880 tol=1e-03
[C3+] step=675 |u[0]|=6.46N λ_n_max=1.063 η_n_max=1.282 primal=4.953 iters=25/25 lcp_res_max=nan
[CONTACT-RUN] step=199 nhat_BA_W=[+0.000,+0.000,+0.000] p_BCb=[+0.000,+0.000,+0.000] distance=+1.00000 contact_type=NONE
[FORCE-ROUTE] tick=199 env=off lambda_des=[+2.0000,+0.0000,-0.0000] u_seq0=[+6.4513,+0.2272,+0.0933] u_z=+0.0933 eq=False
[APPROACH-OVERRIDE] step=199 phase=A_lift_trav face_axis=0 face_sign=+1 face_score=+1.000 surf_dist=0.0040m advance=0.0020m target=(+0.1000,+0.0000,+0.1350) p_ee_des=(+0.0789,-0.0019,+0.0464)
[VFF] step=199 mode=c3 alpha=0.000 v_des=(+0.0000,+0.0000,+0.0000) |v_des|=0.0000 sat=0 util_max=0.008@j1
[OSC-FORCE] step=199 mode=c3 lam_des=2.000 lam_ext=2.000
[GS] step=199 mode=c3 switch=kStayInC3 best_k=0 best_src=current curr_cost=102942.71 repos_cost=- best_other=150164.20 met_progress=Y steps_since_improve=25 switches=1
[STEP] step=199 mode=c3 t=1.990s ee=(+0.078,-0.002,+0.044) obj=(+0.000,+0.000,+0.050) goal_dist=0.300m switch=kStayInC3 c3_cost=102942.71 lam_n=0.000 lam_t=0.000 contact=N productive=N f_cmd=(+2.00,+0.00,-0.00)
[GATE-EVOLVE] step=199 curr=102942.71 best_other=150164.20 ratio=0.6855 ee_to_optimal=0.0039m phi=0.0034m
[STAGE-A-TRACE] step=199 sim_t=1.990 mode=c3 phi=0.00341 box_xy=+0.00000,+0.00000 lam_n_ee_box=nan qy=+0.00001 qz=+0.00000 finished_repos=0
[DRAKE-CONTACT] step=199 n_pairs=1 ee_box_normal=0.000
[GATE-CONTACT] step=199 F_W=(+0.0000,+0.0000,+0.0000) F_on_box=(-0.0000,-0.0000,-0.0000) n_face_out=(-0.0000,-0.0000,-0.0000) A_is_ee=0 box_q=(+1.00000,-0.00001,+0.00001,+0.00000) box_p=(+0.00000,+0.00000,+0.04999) ee_p=(+0.07841,-0.00198,+0.04449)
[ADMM-C3+] primal: 6.1326->4.9531  dual: 109.5847->80.7880  mono=False  iters=25/25  rho=25.0
[ADMM-C3+] WARNING non-converged: pr=4.9531 dr=80.7880 tol=1e-03
[C3+] step=676 |u[0]|=6.34N λ_n_max=1.063 η_n_max=1.282 primal=4.953 iters=25/25 lcp_res_max=nan
[ADMM-C3+] primal: 6.1326->4.9531  dual: 109.5847->80.7880  mono=False  iters=25/25  rho=25.0
[ADMM-C3+] WARNING non-converged: pr=4.9531 dr=80.7880 tol=1e-03
[C3+] step=681 |u[0]|=6.46N λ_n_max=1.063 η_n_max=1.282 primal=4.953 iters=25/25 lcp_res_max=nan
[CONTACT-RUN] step=200 nhat_BA_W=[+0.000,+0.000,+0.000] p_BCb=[+0.000,+0.000,+0.000] distance=+1.00000 contact_type=NONE
[FORCE-ROUTE] tick=200 env=off lambda_des=[+2.0000,+0.0000,-0.0000] u_seq0=[+6.4509,+0.2331,+0.0911] u_z=+0.0911 eq=False
[APPROACH-OVERRIDE] step=200 phase=A_lift_trav face_axis=0 face_sign=+1 face_score=+1.000 surf_dist=0.0038m advance=0.0018m target=(+0.1000,+0.0000,+0.1350) p_ee_des=(+0.0787,-0.0020,+0.0466)
[VFF] step=200 mode=c3 alpha=0.000 v_des=(+0.0000,+0.0000,+0.0000) |v_des|=0.0000 sat=0 util_max=0.008@j1
[OSC-FORCE] step=200 mode=c3 lam_des=2.000 lam_ext=2.000
[IMP] step=200 mode=c3 |x_err|=0.0018m |tau_imp|=0.75Nm |tau_ff|=1.20Nm |tau_out|=0.75Nm sat=False lam_n=True lam_t=True
[GS] step=200 mode=c3 switch=kStayInC3 best_k=0 best_src=current curr_cost=102942.50 repos_cost=- best_other=150162.95 met_progress=Y steps_since_improve=26 switches=1
[STEP] step=200 mode=c3 t=2.000s ee=(+0.078,-0.002,+0.045) obj=(+0.000,+0.000,+0.050) goal_dist=0.300m switch=kStayInC3 c3_cost=102942.50 lam_n=0.000 lam_t=0.000 contact=N productive=N f_cmd=(+2.00,+0.00,-0.00)
[GATE-EVOLVE] step=200 curr=102942.50 best_other=150162.95 ratio=0.6855 ee_to_optimal=0.0039m phi=0.0033m
[STAGE-A-TRACE] step=200 sim_t=2.000 mode=c3 phi=0.00329 box_xy=+0.00000,+0.00000 lam_n_ee_box=nan qy=+0.00001 qz=+0.00000 finished_repos=0
[GS-table] step=200
  k=0 (current   ) pos=(+0.078,-0.002,+0.045) c_C3= 132942.50 align=1.0000(bonus=30000.00) rot=+0.0000(bonus=    0.00) travel=0.000m(pen=  0.00) c_sample= 102942.50 feas=Y ik_err=0.0000m  ← WIN
  k=1 (strat_0   ) pos=(-0.080,+0.047,+0.030) c_C3= 181956.25 align=0.0000(bonus=    0.00) rot=+0.0000(bonus=    0.00) travel=0.166m(pen= 33.29) c_sample= 181989.54 feas=Y ik_err=0.0000m
  k=2 (strat_1   ) pos=(+0.080,+0.000,+0.030) c_C3= 180159.95 align=1.0000(bonus=30000.00) rot=+0.0000(bonus=    0.00) travel=0.015m(pen=  3.00) c_sample= 150162.95 feas=Y ik_err=0.0000m
  k=3 (strat_2   ) pos=(+0.080,+0.000,+0.030) c_C3= 180159.95 align=1.0000(bonus=30000.00) rot=+0.0000(bonus=    0.00) travel=0.015m(pen=  3.00) c_sample= 150162.95 feas=Y ik_err=0.0000m
  k=4 (buffer    ) pos=(+0.080,+0.000,+0.030) c_C3= 180159.95 align=1.0000(bonus=30000.00) rot=+0.0000(bonus=    0.00) travel=0.015m(pen=  3.00) c_sample= 150162.95 feas=Y ik_err=0.0000m
[DRAKE-CONTACT] step=200 n_pairs=1 ee_box_normal=0.000
[GATE-CONTACT] step=200 F_W=(+0.0000,+0.0000,+0.0000) F_on_box=(-0.0000,-0.0000,-0.0000) n_face_out=(-0.0000,-0.0000,-0.0000) A_is_ee=0 box_q=(+1.00000,-0.00001,+0.00001,+0.00000) box_p=(+0.00000,+0.00000,+0.04999) ee_p=(+0.07830,-0.00206,+0.04476)
[ADMM-C3+] primal: 6.1326->4.9531  dual: 109.5847->80.7880  mono=False  iters=25/25  rho=25.0
[ADMM-C3+] WARNING non-converged: pr=4.9531 dr=80.7880 tol=1e-03
[C3+] step=682 |u[0]|=6.34N λ_n_max=1.063 η_n_max=1.282 primal=4.953 iters=25/25 lcp_res_max=nan
[ADMM-C3+] primal: 6.1326->4.9531  dual: 109.5847->80.7880  mono=False  iters=25/25  rho=25.0
[ADMM-C3+] WARNING non-converged: pr=4.9531 dr=80.7880 tol=1e-03
[C3+] step=687 |u[0]|=6.46N λ_n_max=1.063 η_n_max=1.282 primal=4.953 iters=25/25 lcp_res_max=nan
[CONTACT-RUN] step=201 nhat_BA_W=[+0.000,+0.000,+0.000] p_BCb=[+0.000,+0.000,+0.000] distance=+1.00000 contact_type=NONE
[FORCE-ROUTE] tick=201 env=off lambda_des=[+2.0000,+0.0000,-0.0000] u_seq0=[+6.4505,+0.2390,+0.0896] u_z=+0.0896 eq=False
[APPROACH-OVERRIDE] step=201 phase=A_lift_trav face_axis=0 face_sign=+1 face_score=+1.000 surf_dist=0.0037m advance=0.0017m target=(+0.1000,+0.0000,+0.1350) p_ee_des=(+0.0786,-0.0021,+0.0467)
[VFF] step=201 mode=c3 alpha=0.000 v_des=(+0.0000,+0.0000,+0.0000) |v_des|=0.0000 sat=0 util_max=0.008@j1
[OSC-FORCE] step=201 mode=c3 lam_des=2.000 lam_ext=2.000
[GS] step=201 mode=c3 switch=kStayInC3 best_k=0 best_src=current curr_cost=102942.29 repos_cost=- best_other=150161.65 met_progress=Y steps_since_improve=27 switches=1
[STEP] step=201 mode=c3 t=2.010s ee=(+0.078,-0.002,+0.045) obj=(+0.000,+0.000,+0.050) goal_dist=0.300m switch=kStayInC3 c3_cost=102942.29 lam_n=0.000 lam_t=0.000 contact=N productive=N f_cmd=(+2.00,+0.00,-0.00)
[GATE-EVOLVE] step=201 curr=102942.29 best_other=150161.65 ratio=0.6855 ee_to_optimal=0.0038m phi=0.0032m
[STAGE-A-TRACE] step=201 sim_t=2.010 mode=c3 phi=0.00318 box_xy=+0.00000,+0.00000 lam_n_ee_box=nan qy=+0.00001 qz=+0.00000 finished_repos=0
  t=2.00s | ee=(0.078, -0.002, 0.045) | obj=(0.000, 0.000, 0.050) | |u|=0.74 Nm | goal_dist=0.300 m
[DRAKE-CONTACT] step=201 n_pairs=1 ee_box_normal=0.000
[GATE-CONTACT] step=201 F_W=(+0.0000,+0.0000,+0.0000) F_on_box=(-0.0000,-0.0000,-0.0000) n_face_out=(-0.0000,-0.0000,-0.0000) A_is_ee=0 box_q=(+1.00000,-0.00001,+0.00001,+0.00000) box_p=(+0.00000,+0.00000,+0.04999) ee_p=(+0.07818,-0.00214,+0.04502)
[ADMM-C3+] primal: 6.1326->4.9531  dual: 109.5847->80.7880  mono=False  iters=25/25  rho=25.0
[ADMM-C3+] WARNING non-converged: pr=4.9531 dr=80.7880 tol=1e-03
[C3+] step=688 |u[0]|=6.33N λ_n_max=1.063 η_n_max=1.282 primal=4.953 iters=25/25 lcp_res_max=nan
[ADMM-C3+] primal: 6.1326->4.9531  dual: 109.5847->80.7880  mono=False  iters=25/25  rho=25.0
[ADMM-C3+] WARNING non-converged: pr=4.9531 dr=80.7880 tol=1e-03
[C3+] step=693 |u[0]|=6.46N λ_n_max=1.063 η_n_max=1.282 primal=4.953 iters=25/25 lcp_res_max=nan
[CONTACT-RUN] step=202 nhat_BA_W=[+0.000,+0.000,+0.000] p_BCb=[+0.000,+0.000,+0.000] distance=+1.00000 contact_type=NONE
[FORCE-ROUTE] tick=202 env=off lambda_des=[+2.0000,+0.0000,-0.0000] u_seq0=[+6.4499,+0.2450,+0.0890] u_z=+0.0890 eq=False
[APPROACH-OVERRIDE] step=202 phase=A_lift_trav face_axis=0 face_sign=+1 face_score=+1.000 surf_dist=0.0035m advance=0.0015m target=(+0.1000,+0.0000,+0.1350) p_ee_des=(+0.0784,-0.0022,+0.0468)
[VFF] step=202 mode=c3 alpha=0.000 v_des=(+0.0000,+0.0000,+0.0000) |v_des|=0.0000 sat=0 util_max=0.008@j1
[OSC-FORCE] step=202 mode=c3 lam_des=2.000 lam_ext=2.000
[GS] step=202 mode=c3 switch=kStayInC3 best_k=0 best_src=current curr_cost=102942.08 repos_cost=- best_other=150160.32 met_progress=Y steps_since_improve=28 switches=1
[STEP] step=202 mode=c3 t=2.020s ee=(+0.078,-0.002,+0.045) obj=(+0.000,+0.000,+0.050) goal_dist=0.300m switch=kStayInC3 c3_cost=102942.08 lam_n=0.000 lam_t=0.000 contact=N productive=N f_cmd=(+2.00,+0.00,-0.00)
[GATE-EVOLVE] step=202 curr=102942.08 best_other=150160.32 ratio=0.6855 ee_to_optimal=0.0038m phi=0.0031m
[STAGE-A-TRACE] step=202 sim_t=2.020 mode=c3 phi=0.00306 box_xy=+0.00000,+0.00000 lam_n_ee_box=nan qy=+0.00001 qz=+0.00000 finished_repos=0
[DRAKE-CONTACT] step=202 n_pairs=1 ee_box_normal=0.000
[GATE-CONTACT] step=202 F_W=(+0.0000,+0.0000,+0.0000) F_on_box=(-0.0000,-0.0000,-0.0000) n_face_out=(-0.0000,-0.0000,-0.0000) A_is_ee=0 box_q=(+1.00000,-0.00001,+0.00001,+0.00000) box_p=(+0.00000,+0.00000,+0.04999) ee_p=(+0.07806,-0.00221,+0.04526)
[ADMM-C3+] primal: 6.1326->4.9531  dual: 109.5847->80.7880  mono=False  iters=25/25  rho=25.0
[ADMM-C3+] WARNING non-converged: pr=4.9531 dr=80.7880 tol=1e-03
[C3+] step=694 |u[0]|=6.33N λ_n_max=1.063 η_n_max=1.282 primal=4.953 iters=25/25 lcp_res_max=nan
[ADMM-C3+] primal: 6.1326->4.9531  dual: 109.5847->80.7880  mono=False  iters=25/25  rho=25.0
[ADMM-C3+] WARNING non-converged: pr=4.9531 dr=80.7880 tol=1e-03
[C3+] step=699 |u[0]|=6.45N λ_n_max=1.063 η_n_max=1.282 primal=4.953 iters=25/25 lcp_res_max=nan
[CONTACT-RUN] step=203 nhat_BA_W=[+0.000,+0.000,+0.000] p_BCb=[+0.000,+0.000,+0.000] distance=+1.00000 contact_type=NONE
[FORCE-ROUTE] tick=203 env=off lambda_des=[+2.0000,+0.0000,-0.0000] u_seq0=[+6.4492,+0.2510,+0.0892] u_z=+0.0892 eq=False
[APPROACH-OVERRIDE] step=203 phase=A_lift_trav face_axis=0 face_sign=+1 face_score=+1.000 surf_dist=0.0034m advance=0.0014m target=(+0.1000,+0.0000,+0.1350) p_ee_des=(+0.0783,-0.0023,+0.0468)
[VFF] step=203 mode=c3 alpha=0.000 v_des=(+0.0000,+0.0000,+0.0000) |v_des|=0.0000 sat=0 util_max=0.008@j1
[OSC-FORCE] step=203 mode=c3 lam_des=2.000 lam_ext=2.000
[GS] step=203 mode=c3 switch=kStayInC3 best_k=0 best_src=current curr_cost=102941.86 repos_cost=- best_other=150158.95 met_progress=Y steps_since_improve=29 switches=1
[STEP] step=203 mode=c3 t=2.030s ee=(+0.078,-0.002,+0.045) obj=(+0.000,+0.000,+0.050) goal_dist=0.300m switch=kStayInC3 c3_cost=102941.86 lam_n=0.000 lam_t=0.000 contact=N productive=N f_cmd=(+2.00,+0.00,-0.00)
[GATE-EVOLVE] step=203 curr=102941.86 best_other=150158.95 ratio=0.6856 ee_to_optimal=0.0037m phi=0.0029m
[STAGE-A-TRACE] step=203 sim_t=2.030 mode=c3 phi=0.00294 box_xy=+0.00000,+0.00000 lam_n_ee_box=nan qy=+0.00001 qz=+0.00000 finished_repos=0
[DRAKE-CONTACT] step=203 n_pairs=1 ee_box_normal=0.000
[GATE-CONTACT] step=203 F_W=(+0.0000,+0.0000,+0.0000) F_on_box=(-0.0000,-0.0000,-0.0000) n_face_out=(-0.0000,-0.0000,-0.0000) A_is_ee=0 box_q=(+1.00000,-0.00001,+0.00001,+0.00000) box_p=(+0.00000,+0.00000,+0.04999) ee_p=(+0.07794,-0.00229,+0.04548)
[PERSIST] step=204 refresh n_strategy=3 samples=[(-0.08, 0.0116, 0.03), (-0.0497, 0.08, 0.03), (0.0186, -0.08, 0.03)]
[ADMM-C3+] primal: 6.1326->4.9531  dual: 109.5847->80.7880  mono=False  iters=25/25  rho=25.0
[ADMM-C3+] WARNING non-converged: pr=4.9531 dr=80.7880 tol=1e-03
[C3+] step=700 |u[0]|=6.32N λ_n_max=1.063 η_n_max=1.282 primal=4.953 iters=25/25 lcp_res_max=nan
[ADMM-C3+] primal: 6.1326->4.9531  dual: 109.5847->80.7880  mono=False  iters=25/25  rho=25.0
[ADMM-C3+] WARNING non-converged: pr=4.9531 dr=80.7880 tol=1e-03
[C3+] step=705 |u[0]|=6.45N λ_n_max=1.063 η_n_max=1.282 primal=4.953 iters=25/25 lcp_res_max=nan
[CONTACT-RUN] step=204 nhat_BA_W=[+0.000,+0.000,+0.000] p_BCb=[+0.000,+0.000,+0.000] distance=+1.00000 contact_type=NONE
[FORCE-ROUTE] tick=204 env=off lambda_des=[+2.0000,+0.0000,-0.0000] u_seq0=[+6.4484,+0.2571,+0.0902] u_z=+0.0902 eq=False
[APPROACH-OVERRIDE] step=204 phase=A_lift_trav face_axis=0 face_sign=+1 face_score=+1.000 surf_dist=0.0032m advance=0.0012m target=(+0.1000,+0.0000,+0.1350) p_ee_des=(+0.0781,-0.0023,+0.0469)
[VFF] step=204 mode=c3 alpha=0.000 v_des=(+0.0000,+0.0000,+0.0000) |v_des|=0.0000 sat=0 util_max=0.008@j1
[OSC-FORCE] step=204 mode=c3 lam_des=2.000 lam_ext=2.000
[GS] step=204 mode=c3 switch=kStayInC3 best_k=0 best_src=current curr_cost=102941.65 repos_cost=- best_other=150157.55 met_progress=Y steps_since_improve=30 switches=1
[STEP] step=204 mode=c3 t=2.040s ee=(+0.078,-0.002,+0.046) obj=(+0.000,+0.000,+0.050) goal_dist=0.300m switch=kStayInC3 c3_cost=102941.65 lam_n=0.000 lam_t=0.000 contact=N productive=N f_cmd=(+2.00,+0.00,-0.00)
[GATE-EVOLVE] step=204 curr=102941.65 best_other=150157.55 ratio=0.6856 ee_to_optimal=0.0037m phi=0.0028m
[STAGE-A-TRACE] step=204 sim_t=2.040 mode=c3 phi=0.00281 box_xy=+0.00000,+0.00000 lam_n_ee_box=nan qy=+0.00001 qz=+0.00000 finished_repos=0
[DRAKE-CONTACT] step=204 n_pairs=1 ee_box_normal=0.000
[GATE-CONTACT] step=204 F_W=(+0.0000,+0.0000,+0.0000) F_on_box=(-0.0000,-0.0000,-0.0000) n_face_out=(-0.0000,-0.0000,-0.0000) A_is_ee=0 box_q=(+1.00000,-0.00001,+0.00001,+0.00000) box_p=(+0.00000,+0.00000,+0.04999) ee_p=(+0.07781,-0.00237,+0.04569)
[ADMM-C3+] primal: 6.1326->4.9531  dual: 109.5847->80.7880  mono=False  iters=25/25  rho=25.0
[ADMM-C3+] WARNING non-converged: pr=4.9531 dr=80.7880 tol=1e-03
[C3+] step=706 |u[0]|=6.32N λ_n_max=1.063 η_n_max=1.282 primal=4.953 iters=25/25 lcp_res_max=nan
[ADMM-C3+] primal: 6.1326->4.9531  dual: 109.5847->80.7880  mono=False  iters=25/25  rho=25.0
[ADMM-C3+] WARNING non-converged: pr=4.9531 dr=80.7880 tol=1e-03
[C3+] step=711 |u[0]|=6.45N λ_n_max=1.063 η_n_max=1.282 primal=4.953 iters=25/25 lcp_res_max=nan
[CONTACT-RUN] step=205 nhat_BA_W=[+0.000,+0.000,+0.000] p_BCb=[+0.000,+0.000,+0.000] distance=+1.00000 contact_type=NONE
[FORCE-ROUTE] tick=205 env=off lambda_des=[+2.0000,+0.0000,-0.0000] u_seq0=[+6.4475,+0.2633,+0.0921] u_z=+0.0921 eq=False
[APPROACH-OVERRIDE] step=205 phase=A_lift_trav face_axis=0 face_sign=+1 face_score=+1.000 surf_dist=0.0031m advance=0.0011m target=(+0.1000,+0.0000,+0.1350) p_ee_des=(+0.0779,-0.0024,+0.0469)
[VFF] step=205 mode=c3 alpha=0.000 v_des=(+0.0000,+0.0000,+0.0000) |v_des|=0.0000 sat=0 util_max=0.008@j1
[OSC-FORCE] step=205 mode=c3 lam_des=2.000 lam_ext=2.000
[GS] step=205 mode=c3 switch=kStayInC3 best_k=0 best_src=current curr_cost=102941.44 repos_cost=- best_other=150156.11 met_progress=Y steps_since_improve=31 switches=1
[STEP] step=205 mode=c3 t=2.050s ee=(+0.078,-0.002,+0.046) obj=(+0.000,+0.000,+0.050) goal_dist=0.300m switch=kStayInC3 c3_cost=102941.44 lam_n=0.000 lam_t=0.000 contact=N productive=N f_cmd=(+2.00,+0.00,-0.00)
[GATE-EVOLVE] step=205 curr=102941.44 best_other=150156.11 ratio=0.6856 ee_to_optimal=0.0036m phi=0.0027m
[STAGE-A-TRACE] step=205 sim_t=2.050 mode=c3 phi=0.00268 box_xy=+0.00000,+0.00000 lam_n_ee_box=nan qy=+0.00001 qz=+0.00000 finished_repos=0
[DRAKE-CONTACT] step=205 n_pairs=1 ee_box_normal=0.000
[GATE-CONTACT] step=205 F_W=(+0.0000,+0.0000,+0.0000) F_on_box=(-0.0000,-0.0000,-0.0000) n_face_out=(-0.0000,-0.0000,-0.0000) A_is_ee=0 box_q=(+1.00000,-0.00001,+0.00001,+0.00000) box_p=(+0.00000,+0.00000,+0.04999) ee_p=(+0.07768,-0.00244,+0.04589)
[ADMM-C3+] primal: 6.1326->4.9531  dual: 109.5847->80.7880  mono=False  iters=25/25  rho=25.0
[ADMM-C3+] WARNING non-converged: pr=4.9531 dr=80.7880 tol=1e-03
[C3+] step=712 |u[0]|=6.31N λ_n_max=1.063 η_n_max=1.282 primal=4.953 iters=25/25 lcp_res_max=nan
[ADMM-C3+] primal: 6.1326->4.9531  dual: 109.5847->80.7880  mono=False  iters=25/25  rho=25.0
[ADMM-C3+] WARNING non-converged: pr=4.9531 dr=80.7880 tol=1e-03
[C3+] step=717 |u[0]|=6.45N λ_n_max=1.063 η_n_max=1.282 primal=4.953 iters=25/25 lcp_res_max=nan
[CONTACT-RUN] step=206 nhat_BA_W=[+0.000,+0.000,+0.000] p_BCb=[+0.000,+0.000,+0.000] distance=+1.00000 contact_type=NONE
[FORCE-ROUTE] tick=206 env=off lambda_des=[+2.0000,+0.0000,-0.0000] u_seq0=[+6.4465,+0.2695,+0.0949] u_z=+0.0949 eq=False
[APPROACH-OVERRIDE] step=206 phase=A_lift_trav face_axis=0 face_sign=+1 face_score=+1.000 surf_dist=0.0029m advance=0.0009m target=(+0.1000,+0.0000,+0.1350) p_ee_des=(+0.0778,-0.0025,+0.0470)
[VFF] step=206 mode=c3 alpha=0.000 v_des=(+0.0000,+0.0000,+0.0000) |v_des|=0.0000 sat=0 util_max=0.008@j1
[OSC-FORCE] step=206 mode=c3 lam_des=2.000 lam_ext=2.000
[GS] step=206 mode=c3 switch=kStayInC3 best_k=0 best_src=current curr_cost=102941.23 repos_cost=- best_other=150154.63 met_progress=Y steps_since_improve=32 switches=1
[STEP] step=206 mode=c3 t=2.060s ee=(+0.078,-0.003,+0.046) obj=(+0.000,+0.000,+0.050) goal_dist=0.300m switch=kStayInC3 c3_cost=102941.23 lam_n=0.000 lam_t=0.000 contact=N productive=N f_cmd=(+2.00,+0.00,-0.00)
[GATE-EVOLVE] step=206 curr=102941.23 best_other=150154.63 ratio=0.6856 ee_to_optimal=0.0036m phi=0.0025m
[STAGE-A-TRACE] step=206 sim_t=2.060 mode=c3 phi=0.00255 box_xy=+0.00000,+0.00000 lam_n_ee_box=nan qy=+0.00001 qz=+0.00000 finished_repos=0
[DRAKE-CONTACT] step=206 n_pairs=1 ee_box_normal=0.000
[GATE-CONTACT] step=206 F_W=(+0.0000,+0.0000,+0.0000) F_on_box=(-0.0000,-0.0000,-0.0000) n_face_out=(-0.0000,-0.0000,-0.0000) A_is_ee=0 box_q=(+1.00000,-0.00001,+0.00001,+0.00000) box_p=(+0.00000,+0.00000,+0.04999) ee_p=(+0.07755,-0.00252,+0.04607)
[ADMM-C3+] primal: 5.7600->7.8562  dual: 76.0661->209.8997  mono=False  iters=25/25  rho=25.0
[ADMM-C3+] WARNING non-converged: pr=7.8562 dr=209.8997 tol=1e-03
[C3+] step=718 |u[0]|=6.27N λ_n_max=0.000 η_n_max=0.741 primal=7.856 iters=25/25 lcp_res_max=nan
[ADMM-C3+] primal: 5.7461->3.8742  dual: 74.8586->83.4184  mono=False  iters=25/25  rho=25.0
[ADMM-C3+] WARNING non-converged: pr=3.8742 dr=83.4184 tol=1e-03
[C3+] step=723 |u[0]|=6.52N λ_n_max=0.000 η_n_max=0.740 primal=3.874 iters=25/25 lcp_res_max=nan
[CONTACT-RUN] step=207 nhat_BA_W=[+0.000,+0.000,+0.000] p_BCb=[+0.000,+0.000,+0.000] distance=+1.00000 contact_type=NONE
[FORCE-ROUTE] tick=207 env=off lambda_des=[+2.0000,-0.0000,-0.0000] u_seq0=[+6.5127,+0.2773,+0.1001] u_z=+0.1001 eq=False
[APPROACH-OVERRIDE] step=207 phase=A_lift_trav face_axis=0 face_sign=+1 face_score=+1.000 surf_dist=0.0028m advance=0.0008m target=(+0.1000,-0.0000,+0.1350) p_ee_des=(+0.0776,-0.0026,+0.0470)
[VFF] step=207 mode=c3 alpha=0.000 v_des=(+0.0000,+0.0000,+0.0000) |v_des|=0.0000 sat=0 util_max=0.007@j1
[OSC-FORCE] step=207 mode=c3 lam_des=2.000 lam_ext=2.000
[GS] step=207 mode=c3 switch=kStayInC3 best_k=0 best_src=current curr_cost=125661.45 repos_cost=- best_other=168989.75 met_progress=Y steps_since_improve=0 switches=1
[STEP] step=207 mode=c3 t=2.070s ee=(+0.077,-0.003,+0.046) obj=(-0.000,-0.000,+0.050) goal_dist=0.300m switch=kStayInC3 c3_cost=125661.45 lam_n=0.000 lam_t=0.000 contact=N productive=N f_cmd=(+2.00,-0.00,-0.00)
[GATE-EVOLVE] step=207 curr=125661.45 best_other=168989.75 ratio=0.7436 ee_to_optimal=0.0035m phi=0.0024m
[STAGE-A-TRACE] step=207 sim_t=2.070 mode=c3 phi=0.00243 box_xy=-0.00000,-0.00000 lam_n_ee_box=nan qy=-0.00001 qz=-0.00000 finished_repos=0
[DRAKE-CONTACT] step=207 n_pairs=1 ee_box_normal=0.000
[GATE-CONTACT] step=207 F_W=(+0.0000,+0.0000,+0.0000) F_on_box=(-0.0000,-0.0000,-0.0000) n_face_out=(-0.0000,-0.0000,-0.0000) A_is_ee=0 box_q=(+1.00000,+0.00001,-0.00001,-0.00000) box_p=(-0.00000,-0.00000,+0.04999) ee_p=(+0.07743,-0.00259,+0.04622)
[ADMM-C3+] primal: 5.7600->7.8562  dual: 76.0661->209.8997  mono=False  iters=25/25  rho=25.0
[ADMM-C3+] WARNING non-converged: pr=7.8562 dr=209.8997 tol=1e-03
[C3+] step=724 |u[0]|=6.26N λ_n_max=0.000 η_n_max=0.741 primal=7.856 iters=25/25 lcp_res_max=nan
[ADMM-C3+] primal: 5.7461->3.8742  dual: 74.8586->83.4184  mono=False  iters=25/25  rho=25.0
[ADMM-C3+] WARNING non-converged: pr=3.8742 dr=83.4184 tol=1e-03
[C3+] step=729 |u[0]|=6.52N λ_n_max=0.000 η_n_max=0.740 primal=3.874 iters=25/25 lcp_res_max=nan
[CONTACT-RUN] step=208 nhat_BA_W=[+0.000,+0.000,+0.000] p_BCb=[+0.000,+0.000,+0.000] distance=+1.00000 contact_type=NONE
[FORCE-ROUTE] tick=208 env=off lambda_des=[+2.0000,-0.0000,-0.0000] u_seq0=[+6.5116,+0.2838,+0.1046] u_z=+0.1046 eq=False
[APPROACH-OVERRIDE] step=208 phase=A_lift_trav face_axis=0 face_sign=+1 face_score=+1.000 surf_dist=0.0027m advance=0.0007m target=(+0.1000,-0.0000,+0.1350) p_ee_des=(+0.0775,-0.0026,+0.0470)
[VFF] step=208 mode=c3 alpha=0.000 v_des=(+0.0000,+0.0000,+0.0000) |v_des|=0.0000 sat=0 util_max=0.007@j1
[OSC-FORCE] step=208 mode=c3 lam_des=2.000 lam_ext=2.000
[GS] step=208 mode=c3 switch=kStayInC3 best_k=0 best_src=current curr_cost=125661.24 repos_cost=- best_other=168987.86 met_progress=Y steps_since_improve=1 switches=1
[STEP] step=208 mode=c3 t=2.080s ee=(+0.077,-0.003,+0.046) obj=(-0.000,-0.000,+0.050) goal_dist=0.300m switch=kStayInC3 c3_cost=125661.24 lam_n=0.000 lam_t=0.000 contact=N productive=N f_cmd=(+2.00,-0.00,-0.00)
[GATE-EVOLVE] step=208 curr=125661.24 best_other=168987.86 ratio=0.7436 ee_to_optimal=0.0035m phi=0.0023m
[STAGE-A-TRACE] step=208 sim_t=2.080 mode=c3 phi=0.00229 box_xy=-0.00000,-0.00000 lam_n_ee_box=nan qy=-0.00001 qz=-0.00000 finished_repos=0
[DRAKE-CONTACT] step=208 n_pairs=1 ee_box_normal=0.000
[GATE-CONTACT] step=208 F_W=(+0.0000,+0.0000,+0.0000) F_on_box=(-0.0000,-0.0000,-0.0000) n_face_out=(-0.0000,-0.0000,-0.0000) A_is_ee=0 box_q=(+1.00000,+0.00001,-0.00001,-0.00000) box_p=(-0.00000,-0.00000,+0.04999) ee_p=(+0.07729,-0.00267,+0.04637)
[ADMM-C3+] primal: 5.7600->7.8562  dual: 76.0661->209.8997  mono=False  iters=25/25  rho=25.0
[ADMM-C3+] WARNING non-converged: pr=7.8562 dr=209.8997 tol=1e-03
[C3+] step=730 |u[0]|=6.26N λ_n_max=0.000 η_n_max=0.741 primal=7.856 iters=25/25 lcp_res_max=nan
[ADMM-C3+] primal: 5.7461->3.8742  dual: 74.8586->83.4184  mono=False  iters=25/25  rho=25.0
[ADMM-C3+] WARNING non-converged: pr=3.8742 dr=83.4184 tol=1e-03
[C3+] step=735 |u[0]|=6.52N λ_n_max=0.000 η_n_max=0.740 primal=3.874 iters=25/25 lcp_res_max=nan
[CONTACT-RUN] step=209 nhat_BA_W=[+0.000,+0.000,+0.000] p_BCb=[+0.000,+0.000,+0.000] distance=+1.00000 contact_type=NONE
[FORCE-ROUTE] tick=209 env=off lambda_des=[+2.0000,-0.0000,-0.0000] u_seq0=[+6.5104,+0.2903,+0.1101] u_z=+0.1101 eq=False
[APPROACH-OVERRIDE] step=209 phase=A_lift_trav face_axis=0 face_sign=+1 face_score=+1.000 surf_dist=0.0025m advance=0.0005m target=(+0.1000,-0.0000,+0.1350) p_ee_des=(+0.0773,-0.0027,+0.0470)
[VFF] step=209 mode=c3 alpha=0.000 v_des=(+0.0000,+0.0000,+0.0000) |v_des|=0.0000 sat=0 util_max=0.008@j1
[OSC-FORCE] step=209 mode=c3 lam_des=2.000 lam_ext=2.000
[GS] step=209 mode=c3 switch=kStayInC3 best_k=0 best_src=current curr_cost=125661.02 repos_cost=- best_other=168985.92 met_progress=Y steps_since_improve=2 switches=1
[STEP] step=209 mode=c3 t=2.090s ee=(+0.077,-0.003,+0.047) obj=(-0.000,-0.000,+0.050) goal_dist=0.300m switch=kStayInC3 c3_cost=125661.02 lam_n=0.000 lam_t=0.000 contact=N productive=N f_cmd=(+2.00,-0.00,-0.00)
[GATE-EVOLVE] step=209 curr=125661.02 best_other=168985.92 ratio=0.7436 ee_to_optimal=0.0035m phi=0.0021m
[STAGE-A-TRACE] step=209 sim_t=2.090 mode=c3 phi=0.00215 box_xy=-0.00000,-0.00000 lam_n_ee_box=nan qy=-0.00001 qz=-0.00000 finished_repos=0
[DRAKE-CONTACT] step=209 n_pairs=1 ee_box_normal=0.000
[GATE-CONTACT] step=209 F_W=(+0.0000,+0.0000,+0.0000) F_on_box=(-0.0000,-0.0000,-0.0000) n_face_out=(-0.0000,-0.0000,-0.0000) A_is_ee=0 box_q=(+1.00000,+0.00001,-0.00001,-0.00000) box_p=(-0.00000,-0.00000,+0.04999) ee_p=(+0.07715,-0.00274,+0.04651)
[ADMM-C3+] primal: 5.7600->7.8562  dual: 76.0661->209.8997  mono=False  iters=25/25  rho=25.0
[ADMM-C3+] WARNING non-converged: pr=7.8562 dr=209.8997 tol=1e-03
[C3+] step=736 |u[0]|=6.25N λ_n_max=0.000 η_n_max=0.741 primal=7.856 iters=25/25 lcp_res_max=nan
[ADMM-C3+] primal: 5.7461->3.8742  dual: 74.8586->83.4184  mono=False  iters=25/25  rho=25.0
[ADMM-C3+] WARNING non-converged: pr=3.8742 dr=83.4184 tol=1e-03
[C3+] step=741 |u[0]|=6.52N λ_n_max=0.000 η_n_max=0.740 primal=3.874 iters=25/25 lcp_res_max=nan
[CONTACT-RUN] step=210 nhat_BA_W=[+0.000,+0.000,+0.000] p_BCb=[+0.000,+0.000,+0.000] distance=+1.00000 contact_type=NONE
[FORCE-ROUTE] tick=210 env=off lambda_des=[+2.0000,-0.0000,-0.0000] u_seq0=[+6.5092,+0.2969,+0.1166] u_z=+0.1166 eq=False
[APPROACH-OVERRIDE] step=210 phase=A_lift_trav face_axis=0 face_sign=+1 face_score=+1.000 surf_dist=0.0024m advance=0.0004m target=(+0.1000,-0.0000,+0.1350) p_ee_des=(+0.0771,-0.0028,+0.0470)
[VFF] step=210 mode=c3 alpha=0.000 v_des=(+0.0000,+0.0000,+0.0000) |v_des|=0.0000 sat=0 util_max=0.008@j1
[OSC-FORCE] step=210 mode=c3 lam_des=2.000 lam_ext=2.000
[IMP] step=210 mode=c3 |x_err|=0.0004m |tau_imp|=0.71Nm |tau_ff|=1.19Nm |tau_out|=0.71Nm sat=False lam_n=True lam_t=True
[GS] step=210 mode=c3 switch=kStayInC3 best_k=0 best_src=current curr_cost=125660.80 repos_cost=- best_other=168983.95 met_progress=Y steps_since_improve=3 switches=1
[STEP] step=210 mode=c3 t=2.100s ee=(+0.077,-0.003,+0.047) obj=(-0.000,-0.000,+0.050) goal_dist=0.300m switch=kStayInC3 c3_cost=125660.80 lam_n=0.000 lam_t=0.000 contact=N productive=N f_cmd=(+2.00,-0.00,-0.00)
[GATE-EVOLVE] step=210 curr=125660.80 best_other=168983.95 ratio=0.7436 ee_to_optimal=0.0035m phi=0.0020m
[STAGE-A-TRACE] step=210 sim_t=2.100 mode=c3 phi=0.00200 box_xy=-0.00000,-0.00000 lam_n_ee_box=nan qy=-0.00001 qz=-0.00000 finished_repos=0
[DRAKE-CONTACT] step=210 n_pairs=1 ee_box_normal=0.000
[GATE-CONTACT] step=210 F_W=(+0.0000,+0.0000,+0.0000) F_on_box=(-0.0000,-0.0000,-0.0000) n_face_out=(-0.0000,-0.0000,-0.0000) A_is_ee=0 box_q=(+1.00000,+0.00001,-0.00001,-0.00000) box_p=(-0.00000,-0.00000,+0.04999) ee_p=(+0.07700,-0.00282,+0.04663)
[ADMM-C3+] primal: 9.5690->7.1152  dual: 1067.2858->173.1814  mono=False  iters=25/25  rho=25.0
[ADMM-C3+] WARNING non-converged: pr=7.1152 dr=173.1814 tol=1e-03
[C3+] step=742 |u[0]|=1.25N λ_n_max=10.022 η_n_max=2.888 primal=7.115 iters=25/25 lcp_res_max=nan
[ADMIT-GUARD] step=211 admit_active=1 latch=0/0 ee_z=0.047 gate_cap=0
[ALT-GATE] step=211 target_stable=0/0 allow_descent=1
[GS-tgt] step=211 ee=(+0.077,-0.003,+0.047) p_repos=(+0.080,+0.000,+0.030) ee_to_target=0.017m target_label=buffer target_changed=Y delta=nanm
[STAGE-A-PWL] step=211 sim_t=2.110 build p_start=(+0.0769,-0.0029,+0.0467) p_target=(+0.0800,+0.0000,+0.0300) K=4 t_end=3.374
[GS] step=211 mode=free switch=kToReposCost best_k=4 best_src=buffer curr_cost=-2361.16 repos_cost=-14771.57 best_other=-14771.57 met_progress=Y steps_since_improve=4 switches=2
[STEP] step=211 mode=free t=2.110s ee=(+0.077,-0.003,+0.047) obj=(-0.000,-0.000,+0.050) goal_dist=0.300m switch=kToReposCost target=(+0.077,-0.003,+0.047) ee_stride=0.000m ee_to_ptarget=0.017m landing_err=0.0127m ik_ok=Y ik_resid=0.0003m q_max_resid_deg=0.87 target_changed=Y retgt=N held_idx=- held_cost=- won_cost=-14771.57 margin=- won_src=buffer held_valid=N reason=no_held setpoint_to_ptarget=nanm finished_val=nanm finished_thresh=0.0200m pd_resid=nanm nextwp_to_ptarget=nanm guide_terminal_err=nanm
[GATE-EVOLVE] step=211 curr=-2361.16 best_other=-14771.57 ratio=nan ee_to_optimal=0.0034m phi=0.0019m
[STAGE-A-TRACE] step=211 sim_t=2.110 mode=free phi=0.00186 box_xy=-0.00000,-0.00000 lam_n_ee_box=nan qy=-0.00001 qz=-0.00000 finished_repos=0
[RICH-EXIT-REFRESH] step=211 mode c3->free reason=kToReposCost forcing buffer refresh + clearing prev_repos
[DRAKE-CONTACT] step=211 n_pairs=1 ee_box_normal=0.000
[GATE-CONTACT] step=211 F_W=(+0.0000,+0.0000,+0.0000) F_on_box=(-0.0000,-0.0000,-0.0000) n_face_out=(-0.0000,-0.0000,-0.0000) A_is_ee=0 box_q=(+1.00000,+0.00001,-0.00001,-0.00000) box_p=(-0.00000,-0.00000,+0.04999) ee_p=(+0.07685,-0.00290,+0.04674)
[PERSIST] step=212 refresh n_strategy=1 samples=[(0.015, -0.08, 0.03)]
[ADMM-C3+] primal: 9.5777->6.5752  dual: 1067.4757->173.2143  mono=False  iters=25/25  rho=25.0
[ADMM-C3+] WARNING non-converged: pr=6.5752 dr=173.2143 tol=1e-03
[C3+] step=747 |u[0]|=1.23N λ_n_max=10.025 η_n_max=2.916 primal=6.575 iters=25/25 lcp_res_max=nan
[ADMM-C3+] primal: 9.5317->15.7193  dual: 1049.7260->455.3147  mono=False  iters=25/25  rho=25.0
[ADMM-C3+] WARNING non-converged: pr=15.7193 dr=455.3147 tol=1e-03
[C3+] step=749 |u[0]|=3.81N λ_n_max=9.820 η_n_max=2.382 primal=15.719 iters=25/25 lcp_res_max=nan
[CONTACT-RUN] step=212 nhat_BA_W=[+1.000,-0.000,+0.000] p_BCb=[+0.050,-0.003,-0.003] distance=+0.00174 contact_type=EE-BOX
[FORCE-ROUTE] tick=212 env=off lambda_des=[+2.0000,-0.0000,-0.0000] u_seq0=[-3.6317,-0.0079,-1.1564] u_z=-1.1564 eq=False
[VFF] step=212 mode=c3 alpha=0.000 v_des=(+0.0000,+0.0000,+0.0000) |v_des|=0.0000 sat=0 util_max=0.161@j0
[OSC-FORCE] step=212 mode=c3 lam_des=2.000 lam_ext=2.000
[GS] step=212 mode=c3 switch=kToC3Cost best_k=0 best_src=current curr_cost=-2419.12 repos_cost=- best_other=15939.30 met_progress=Y steps_since_improve=0 switches=3
[STEP] step=212 mode=c3 t=2.120s ee=(+0.077,-0.003,+0.047) obj=(-0.000,-0.000,+0.050) goal_dist=0.300m switch=kToC3Cost c3_cost=-2419.12 lam_n=0.000 lam_t=1.031 contact=Y productive=Y f_cmd=(+2.00,-0.00,-0.00)
[GATE-EVOLVE] step=212 curr=-2419.12 best_other=15939.30 ratio=-0.1518 ee_to_optimal=0.0034m phi=0.0017m
[STAGE-A-TRACE] step=212 sim_t=2.120 mode=c3 phi=0.00174 box_xy=-0.00000,-0.00000 lam_n_ee_box=0.0000 qy=-0.00001 qz=-0.00000 finished_repos=0
[DRAKE-CONTACT] step=212 n_pairs=1 ee_box_normal=0.000
[GATE-CONTACT] step=212 F_W=(+0.0000,+0.0000,+0.0000) F_on_box=(-0.0000,-0.0000,-0.0000) n_face_out=(-0.0000,-0.0000,-0.0000) A_is_ee=0 box_q=(+1.00000,+0.00001,-0.00001,-0.00000) box_p=(-0.00000,-0.00000,+0.04999) ee_p=(+0.07674,-0.00294,+0.04720)
[PERSIST] step=213 refresh n_strategy=3 samples=[(-0.0111, -0.08, 0.03), (0.0365, 0.08, 0.03), (-0.0025, 0.08, 0.03)]
[ADMM-C3+] primal: 9.5905->8.3532  dual: 1068.2970->235.6554  mono=False  iters=25/25  rho=25.0
[ADMM-C3+] WARNING non-converged: pr=8.3532 dr=235.6554 tol=1e-03
[C3+] step=750 |u[0]|=1.32N λ_n_max=10.043 η_n_max=2.902 primal=8.353 iters=25/25 lcp_res_max=nan
[ADMIT-GUARD] step=213 admit_active=1 latch=0/0 ee_z=0.048 gate_cap=0
[ALT-GATE] step=213 target_stable=0/0 allow_descent=1
[GS-tgt] step=213 ee=(+0.077,-0.003,+0.048) p_repos=(+0.080,+0.000,+0.030) ee_to_target=0.018m target_label=buffer target_changed=Y delta=nanm
[STAGE-A-PWL] step=213 sim_t=2.130 build p_start=(+0.0770,-0.0030,+0.0478) p_target=(+0.0800,+0.0000,+0.0300) K=4 t_end=3.388
[GS] step=213 mode=free switch=kToReposCost best_k=4 best_src=buffer curr_cost=-2381.01 repos_cost=-14708.27 best_other=-14708.27 met_progress=Y steps_since_improve=0 switches=4
[STEP] step=213 mode=free t=2.130s ee=(+0.077,-0.003,+0.048) obj=(-0.000,-0.000,+0.050) goal_dist=0.300m switch=kToReposCost target=(+0.077,-0.003,+0.048) ee_stride=0.000m ee_to_ptarget=0.018m landing_err=0.0138m ik_ok=Y ik_resid=0.0003m q_max_resid_deg=0.88 target_changed=Y retgt=N held_idx=- held_cost=- won_cost=-14708.27 margin=- won_src=buffer held_valid=N reason=no_held setpoint_to_ptarget=nanm finished_val=nanm finished_thresh=0.0200m pd_resid=nanm nextwp_to_ptarget=nanm guide_terminal_err=nanm
[GATE-EVOLVE] step=213 curr=-2381.01 best_other=-14708.27 ratio=nan ee_to_optimal=0.0035m phi=0.0020m
[STAGE-A-TRACE] step=213 sim_t=2.130 mode=free phi=0.00196 box_xy=-0.00000,-0.00000 lam_n_ee_box=nan qy=-0.00001 qz=-0.00000 finished_repos=0
[RICH-EXIT-REFRESH] step=213 mode c3->free reason=kToReposCost forcing buffer refresh + clearing prev_repos
[DRAKE-CONTACT] step=213 n_pairs=1 ee_box_normal=0.000
[GATE-CONTACT] step=213 F_W=(+0.0000,+0.0000,+0.0000) F_on_box=(-0.0000,-0.0000,-0.0000) n_face_out=(-0.0000,-0.0000,-0.0000) A_is_ee=0 box_q=(+1.00000,+0.00001,-0.00001,-0.00000) box_p=(-0.00000,-0.00000,+0.04999) ee_p=(+0.07696,-0.00296,+0.04785)
[PERSIST] step=214 refresh n_strategy=1 samples=[(0.019, 0.08, 0.03)]
[ADMM-C3+] primal: 5.7600->7.8562  dual: 76.0661->209.8997  mono=False  iters=25/25  rho=25.0
[ADMM-C3+] WARNING non-converged: pr=7.8562 dr=209.8997 tol=1e-03
[C3+] step=755 |u[0]|=6.26N λ_n_max=0.000 η_n_max=0.741 primal=7.856 iters=25/25 lcp_res_max=nan
[ADMIT-GUARD] step=214 admit_active=0 latch=0/0 ee_z=0.049 gate_cap=0
[ALT-GATE] step=214 target_stable=0/0 allow_descent=1
[GS-tgt] step=214 ee=(+0.077,-0.003,+0.049) p_repos=(+0.019,+0.080,+0.030) ee_to_target=0.103m target_label=strat_0 target_changed=Y delta=nanm
[STAGE-A-PWL] step=214 sim_t=2.140 build p_start=(+0.0773,-0.0030,+0.0487) p_target=(+0.0190,+0.0800,+0.0300) K=4 t_end=3.933
[GS] step=214 mode=free switch=kStayInRepos best_k=0 best_src=strat_0 curr_cost=125661.18 repos_cost=199539.28 best_other=199539.28 met_progress=Y steps_since_improve=1 switches=4
[STEP] step=214 mode=free t=2.140s ee=(+0.077,-0.003,+0.049) obj=(-0.000,-0.000,+0.050) goal_dist=0.300m switch=kStayInRepos target=(+0.077,-0.003,+0.049) ee_stride=0.000m ee_to_ptarget=0.103m landing_err=0.1039m ik_ok=Y ik_resid=0.0001m q_max_resid_deg=0.53 target_changed=N retgt=N held_idx=- held_cost=- won_cost=199539.28 margin=- won_src=strat_0 held_valid=N reason=no_held setpoint_to_ptarget=nanm finished_val=nanm finished_thresh=0.0200m pd_resid=nanm nextwp_to_ptarget=nanm guide_terminal_err=nanm
[GATE-EVOLVE] step=214 curr=125661.18 best_other=199539.28 ratio=0.6298 ee_to_optimal=0.0038m phi=0.0023m
[STAGE-A-TRACE] step=214 sim_t=2.140 mode=free phi=0.00233 box_xy=-0.00000,-0.00000 lam_n_ee_box=nan qy=-0.00001 qz=-0.00000 finished_repos=0
[DRAKE-CONTACT] step=214 n_pairs=1 ee_box_normal=0.000
[GATE-CONTACT] step=214 F_W=(+0.0000,+0.0000,+0.0000) F_on_box=(-0.0000,-0.0000,-0.0000) n_face_out=(-0.0000,-0.0000,-0.0000) A_is_ee=0 box_q=(+1.00000,+0.00001,-0.00001,-0.00000) box_p=(-0.00000,-0.00000,+0.04999) ee_p=(+0.07733,-0.00296,+0.04867)
[ADMM-C3+] primal: 5.7600->7.8562  dual: 76.0661->209.8996  mono=False  iters=25/25  rho=25.0
[ADMM-C3+] WARNING non-converged: pr=7.8562 dr=209.8996 tol=1e-03
[C3+] step=757 |u[0]|=6.27N λ_n_max=0.000 η_n_max=0.741 primal=7.856 iters=25/25 lcp_res_max=nan
[ADMIT-GUARD] step=215 admit_active=0 latch=0/0 ee_z=0.050 gate_cap=0
[ALT-GATE] step=215 target_stable=0/0 allow_descent=1
[GS-tgt] step=215 ee=(+0.078,-0.003,+0.050) p_repos=(+0.019,+0.080,+0.030) ee_to_target=0.103m target_label=prev_repos target_changed=N delta=0.000m
[GS] step=215 mode=free switch=kStayInRepos best_k=0 best_src=prev_repos curr_cost=125661.49 repos_cost=199542.75 best_other=199542.75 met_progress=Y steps_since_improve=2 switches=4
[STEP] step=215 mode=free t=2.150s ee=(+0.078,-0.003,+0.050) obj=(-0.000,-0.000,+0.050) goal_dist=0.300m switch=kStayInRepos target=(+0.077,-0.003,+0.050) ee_stride=0.001m ee_to_ptarget=0.103m landing_err=0.1049m ik_ok=Y ik_resid=0.0002m q_max_resid_deg=0.90 target_changed=Y retgt=N held_idx=1 held_cost=199542.75 won_cost=199542.75 margin=+0.00 won_src=prev_repos held_valid=Y reason=hold setpoint_to_ptarget=nanm finished_val=nanm finished_thresh=0.0200m pd_resid=nanm nextwp_to_ptarget=nanm guide_terminal_err=nanm
[GATE-EVOLVE] step=215 curr=125661.49 best_other=199542.75 ratio=0.6297 ee_to_optimal=0.0039m phi=0.0026m
[STAGE-A-TRACE] step=215 sim_t=2.150 mode=free phi=0.00255 box_xy=-0.00000,-0.00000 lam_n_ee_box=nan qy=-0.00001 qz=-0.00000 finished_repos=0
[DRAKE-CONTACT] step=215 n_pairs=1 ee_box_normal=0.000
[GATE-CONTACT] step=215 F_W=(+0.0000,+0.0000,+0.0000) F_on_box=(-0.0000,-0.0000,-0.0000) n_face_out=(-0.0000,-0.0000,-0.0000) A_is_ee=0 box_q=(+1.00000,+0.00001,-0.00001,-0.00000) box_p=(-0.00000,-0.00000,+0.04999) ee_p=(+0.07755,-0.00294,+0.04987)
[ADMM-C3+] primal: 5.7600->7.8562  dual: 76.0661->209.8996  mono=False  iters=25/25  rho=25.0
[ADMM-C3+] WARNING non-converged: pr=7.8562 dr=209.8996 tol=1e-03
[C3+] step=760 |u[0]|=6.27N λ_n_max=0.000 η_n_max=0.741 primal=7.856 iters=25/25 lcp_res_max=nan
[ADMIT-GUARD] step=216 admit_active=0 latch=0/0 ee_z=0.051 gate_cap=0
[ALT-GATE] step=216 target_stable=0/0 allow_descent=1
[GS-tgt] step=216 ee=(+0.078,-0.003,+0.051) p_repos=(+0.019,+0.080,+0.030) ee_to_target=0.104m target_label=prev_repos target_changed=N delta=0.000m
[GS] step=216 mode=free switch=kStayInRepos best_k=0 best_src=prev_repos curr_cost=125661.72 repos_cost=199544.80 best_other=199544.80 met_progress=Y steps_since_improve=3 switches=4
[STEP] step=216 mode=free t=2.160s ee=(+0.078,-0.003,+0.051) obj=(-0.000,-0.000,+0.050) goal_dist=0.300m switch=kStayInRepos target=(+0.077,-0.003,+0.052) ee_stride=0.001m ee_to_ptarget=0.104m landing_err=0.1060m ik_ok=Y ik_resid=0.0003m q_max_resid_deg=1.23 target_changed=Y retgt=N held_idx=1 held_cost=199544.80 won_cost=199544.80 margin=+0.00 won_src=prev_repos held_valid=Y reason=hold setpoint_to_ptarget=nanm finished_val=nanm finished_thresh=0.0200m pd_resid=nanm nextwp_to_ptarget=nanm guide_terminal_err=nanm
[GATE-EVOLVE] step=216 curr=125661.72 best_other=199544.80 ratio=0.6297 ee_to_optimal=0.0040m phi=0.0027m
[STAGE-A-TRACE] step=216 sim_t=2.160 mode=free phi=0.00268 box_xy=-0.00000,-0.00000 lam_n_ee_box=nan qy=-0.00001 qz=-0.00000 finished_repos=0
[DRAKE-CONTACT] step=216 n_pairs=1 ee_box_normal=0.000
[GATE-CONTACT] step=216 F_W=(+0.0000,+0.0000,+0.0000) F_on_box=(-0.0000,-0.0000,-0.0000) n_face_out=(-0.0000,-0.0000,-0.0000) A_is_ee=0 box_q=(+1.00000,+0.00001,-0.00001,-0.00000) box_p=(-0.00000,-0.00000,+0.04999) ee_p=(+0.07768,-0.00292,+0.05132)
[ADMM-C3+] primal: 5.7600->7.8562  dual: 76.0661->209.8996  mono=False  iters=25/25  rho=25.0
[ADMM-C3+] WARNING non-converged: pr=7.8562 dr=209.8996 tol=1e-03
[C3+] step=763 |u[0]|=6.28N λ_n_max=0.000 η_n_max=0.741 primal=7.856 iters=25/25 lcp_res_max=nan
[ADMIT-GUARD] step=217 admit_active=0 latch=0/0 ee_z=0.053 gate_cap=0
[ALT-GATE] step=217 target_stable=0/0 allow_descent=1
[GS-tgt] step=217 ee=(+0.078,-0.003,+0.053) p_repos=(+0.019,+0.080,+0.030) ee_to_target=0.104m target_label=prev_repos target_changed=N delta=0.000m
[GS] step=217 mode=free switch=kStayInRepos best_k=0 best_src=prev_repos curr_cost=125661.95 repos_cost=199545.90 best_other=199545.90 met_progress=Y steps_since_improve=4 switches=4
[STEP] step=217 mode=free t=2.170s ee=(+0.078,-0.003,+0.053) obj=(-0.000,-0.000,+0.050) goal_dist=0.300m switch=kStayInRepos target=(+0.077,-0.003,+0.054) ee_stride=0.001m ee_to_ptarget=0.104m landing_err=0.1072m ik_ok=Y ik_resid=0.0004m q_max_resid_deg=1.55 target_changed=Y retgt=N held_idx=1 held_cost=199545.90 won_cost=199545.90 margin=+0.00 won_src=prev_repos held_valid=Y reason=hold setpoint_to_ptarget=nanm finished_val=nanm finished_thresh=0.0200m pd_resid=nanm nextwp_to_ptarget=nanm guide_terminal_err=nanm
[GATE-EVOLVE] step=217 curr=125661.95 best_other=199545.90 ratio=0.6297 ee_to_optimal=0.0040m phi=0.0028m
[STAGE-A-TRACE] step=217 sim_t=2.170 mode=free phi=0.00275 box_xy=-0.00000,-0.00000 lam_n_ee_box=nan qy=-0.00001 qz=-0.00000 finished_repos=0
[DRAKE-CONTACT] step=217 n_pairs=1 ee_box_normal=0.000
[GATE-CONTACT] step=217 F_W=(+0.0000,+0.0000,+0.0000) F_on_box=(-0.0000,-0.0000,-0.0000) n_face_out=(-0.0000,-0.0000,-0.0000) A_is_ee=0 box_q=(+1.00000,+0.00001,-0.00001,-0.00000) box_p=(-0.00000,-0.00000,+0.04999) ee_p=(+0.07775,-0.00291,+0.05294)
[ADMM-C3+] primal: 5.7600->7.8562  dual: 76.0661->209.8996  mono=False  iters=25/25  rho=25.0
[ADMM-C3+] WARNING non-converged: pr=7.8562 dr=209.8996 tol=1e-03
[C3+] step=766 |u[0]|=6.28N λ_n_max=0.000 η_n_max=0.741 primal=7.856 iters=25/25 lcp_res_max=nan
[ADMIT-GUARD] step=218 admit_active=0 latch=0/0 ee_z=0.055 gate_cap=0
[ALT-GATE] step=218 target_stable=0/0 allow_descent=1
[GS-tgt] step=218 ee=(+0.078,-0.003,+0.055) p_repos=(+0.019,+0.080,+0.030) ee_to_target=0.105m target_label=prev_repos target_changed=N delta=0.000m
[GS] step=218 mode=free switch=kStayInRepos best_k=0 best_src=prev_repos curr_cost=125662.22 repos_cost=199546.36 best_other=199546.36 met_progress=Y steps_since_improve=0 switches=4
[STEP] step=218 mode=free t=2.180s ee=(+0.078,-0.003,+0.055) obj=(-0.000,-0.000,+0.050) goal_dist=0.300m switch=kStayInRepos target=(+0.077,-0.003,+0.056) ee_stride=0.001m ee_to_ptarget=0.105m landing_err=0.1085m ik_ok=Y ik_resid=0.0005m q_max_resid_deg=1.85 target_changed=Y retgt=N held_idx=1 held_cost=199546.36 won_cost=199546.36 margin=+0.00 won_src=prev_repos held_valid=Y reason=hold setpoint_to_ptarget=nanm finished_val=nanm finished_thresh=0.0200m pd_resid=nanm nextwp_to_ptarget=nanm guide_terminal_err=nanm
[GATE-EVOLVE] step=218 curr=125662.22 best_other=199546.36 ratio=0.6297 ee_to_optimal=0.0040m phi=0.0028m
[STAGE-A-TRACE] step=218 sim_t=2.180 mode=free phi=0.00278 box_xy=-0.00000,-0.00000 lam_n_ee_box=nan qy=-0.00001 qz=-0.00000 finished_repos=0
[DRAKE-CONTACT] step=218 n_pairs=1 ee_box_normal=0.000
[GATE-CONTACT] step=218 F_W=(+0.0000,+0.0000,+0.0000) F_on_box=(-0.0000,-0.0000,-0.0000) n_face_out=(-0.0000,-0.0000,-0.0000) A_is_ee=0 box_q=(+1.00000,+0.00001,-0.00001,-0.00000) box_p=(-0.00000,-0.00000,+0.04999) ee_p=(+0.07777,-0.00290,+0.05468)
[ADMM-C3+] primal: 5.7600->7.8562  dual: 76.0661->209.8996  mono=False  iters=25/25  rho=25.0
[ADMM-C3+] WARNING non-converged: pr=7.8562 dr=209.8996 tol=1e-03
[C3+] step=769 |u[0]|=6.29N λ_n_max=0.000 η_n_max=0.741 primal=7.856 iters=25/25 lcp_res_max=nan
[ADMIT-GUARD] step=219 admit_active=0 latch=0/0 ee_z=0.057 gate_cap=0
[ALT-GATE] step=219 target_stable=0/0 allow_descent=1
[GS-tgt] step=219 ee=(+0.078,-0.003,+0.057) p_repos=(+0.019,+0.080,+0.030) ee_to_target=0.105m target_label=prev_repos target_changed=N delta=0.000m
[GS] step=219 mode=free switch=kStayInRepos best_k=0 best_src=prev_repos curr_cost=125662.58 repos_cost=199546.41 best_other=199546.41 met_progress=Y steps_since_improve=1 switches=4
[STEP] step=219 mode=free t=2.190s ee=(+0.078,-0.003,+0.057) obj=(-0.000,-0.000,+0.050) goal_dist=0.300m switch=kStayInRepos target=(+0.077,-0.003,+0.058) ee_stride=0.001m ee_to_ptarget=0.105m landing_err=0.1100m ik_ok=Y ik_resid=0.0006m q_max_resid_deg=2.14 target_changed=Y retgt=N held_idx=1 held_cost=199546.41 won_cost=199546.41 margin=+0.00 won_src=prev_repos held_valid=Y reason=hold setpoint_to_ptarget=nanm finished_val=nanm finished_thresh=0.0200m pd_resid=nanm nextwp_to_ptarget=nanm guide_terminal_err=nanm
[GATE-EVOLVE] step=219 curr=125662.58 best_other=199546.41 ratio=0.6297 ee_to_optimal=0.0040m phi=0.0028m
[STAGE-A-TRACE] step=219 sim_t=2.190 mode=free phi=0.00277 box_xy=-0.00000,-0.00000 lam_n_ee_box=nan qy=-0.00001 qz=-0.00000 finished_repos=0
[DRAKE-CONTACT] step=219 n_pairs=1 ee_box_normal=0.000
[GATE-CONTACT] step=219 F_W=(+0.0000,+0.0000,+0.0000) F_on_box=(-0.0000,-0.0000,-0.0000) n_face_out=(-0.0000,-0.0000,-0.0000) A_is_ee=0 box_q=(+1.00000,+0.00001,-0.00001,-0.00000) box_p=(-0.00000,-0.00000,+0.04999) ee_p=(+0.07777,-0.00291,+0.05650)
[ADMM-C3+] primal: 5.7600->7.8562  dual: 76.0661->209.8996  mono=False  iters=25/25  rho=25.0
[ADMM-C3+] WARNING non-converged: pr=7.8562 dr=209.8996 tol=1e-03
[C3+] step=772 |u[0]|=6.30N λ_n_max=0.000 η_n_max=0.741 primal=7.856 iters=25/25 lcp_res_max=nan
[ADMIT-GUARD] step=220 admit_active=0 latch=0/0 ee_z=0.058 gate_cap=0
[ALT-GATE] step=220 target_stable=0/0 allow_descent=1
[GS-tgt] step=220 ee=(+0.078,-0.003,+0.058) p_repos=(+0.019,+0.080,+0.030) ee_to_target=0.106m target_label=prev_repos target_changed=N delta=0.000m
[IMP] step=220 mode=free |x_err|=0.0012m |tau_imp|=1.35Nm |tau_ff|=0.00Nm |tau_out|=1.35Nm sat=False lam_n=False lam_t=False
[GS] step=220 mode=free switch=kStayInRepos best_k=0 best_src=prev_repos curr_cost=125663.04 repos_cost=199546.21 best_other=199546.21 met_progress=Y steps_since_improve=2 switches=4
[STEP] step=220 mode=free t=2.200s ee=(+0.078,-0.003,+0.058) obj=(-0.000,-0.000,+0.050) goal_dist=0.300m switch=kStayInRepos target=(+0.077,-0.003,+0.059) ee_stride=0.001m ee_to_ptarget=0.106m landing_err=0.1116m ik_ok=Y ik_resid=0.0008m q_max_resid_deg=2.42 target_changed=Y retgt=N held_idx=1 held_cost=199546.21 won_cost=199546.21 margin=+0.00 won_src=prev_repos held_valid=Y reason=hold setpoint_to_ptarget=nanm finished_val=nanm finished_thresh=0.0200m pd_resid=nanm nextwp_to_ptarget=nanm guide_terminal_err=nanm
[GATE-EVOLVE] step=220 curr=125663.04 best_other=199546.21 ratio=0.6297 ee_to_optimal=0.0040m phi=0.0028m
[STAGE-A-TRACE] step=220 sim_t=2.200 mode=free phi=0.00275 box_xy=-0.00000,-0.00000 lam_n_ee_box=nan qy=-0.00001 qz=-0.00000 finished_repos=0
[GS-table] step=220
  k=0 (current   ) pos=(+0.078,-0.003,+0.058) c_C3= 155663.04 align=1.0000(bonus=30000.00) rot=+0.0000(bonus=    0.00) travel=0.000m(pen=  0.00) c_sample= 125663.04 feas=Y ik_err=0.0000m  ← WIN
  k=1 (prev_repos) pos=(+0.019,+0.080,+0.030) c_C3= 199525.11 align=0.0000(bonus=    0.00) rot=+0.0000(bonus=    0.00) travel=0.106m(pen= 21.10) c_sample= 199546.21 feas=Y ik_err=0.0000m
  k=2 (strat_0   ) pos=(+0.019,+0.080,+0.030) c_C3= 199525.11 align=0.0000(bonus=    0.00) rot=+0.0000(bonus=    0.00) travel=0.106m(pen= 21.10) c_sample= 199546.21 feas=Y ik_err=0.0000m
[DRAKE-CONTACT] step=220 n_pairs=1 ee_box_normal=0.000
[GATE-CONTACT] step=220 F_W=(+0.0000,+0.0000,+0.0000) F_on_box=(-0.0000,-0.0000,-0.0000) n_face_out=(-0.0000,-0.0000,-0.0000) A_is_ee=0 box_q=(+1.00000,+0.00001,-0.00001,-0.00000) box_p=(-0.00000,-0.00000,+0.04999) ee_p=(+0.07775,-0.00292,+0.05837)
[ADMM-C3+] primal: 5.7600->7.8562  dual: 76.0661->209.8996  mono=False  iters=25/25  rho=25.0
[ADMM-C3+] WARNING non-converged: pr=7.8562 dr=209.8996 tol=1e-03
[C3+] step=775 |u[0]|=6.32N λ_n_max=0.000 η_n_max=0.741 primal=7.856 iters=25/25 lcp_res_max=nan
[ADMIT-GUARD] step=221 admit_active=0 latch=0/0 ee_z=0.060 gate_cap=0
[ALT-GATE] step=221 target_stable=0/0 allow_descent=1
[GS-tgt] step=221 ee=(+0.078,-0.003,+0.060) p_repos=(+0.019,+0.080,+0.030) ee_to_target=0.106m target_label=prev_repos target_changed=N delta=0.000m
[GS] step=221 mode=free switch=kStayInRepos best_k=0 best_src=prev_repos curr_cost=125663.63 repos_cost=199545.87 best_other=199545.87 met_progress=Y steps_since_improve=0 switches=4
[STEP] step=221 mode=free t=2.210s ee=(+0.078,-0.003,+0.060) obj=(-0.000,-0.000,+0.050) goal_dist=0.300m switch=kStayInRepos target=(+0.077,-0.003,+0.061) ee_stride=0.001m ee_to_ptarget=0.106m landing_err=0.1134m ik_ok=Y ik_resid=0.0009m q_max_resid_deg=2.70 target_changed=Y retgt=N held_idx=1 held_cost=199545.87 won_cost=199545.87 margin=+0.00 won_src=prev_repos held_valid=Y reason=hold setpoint_to_ptarget=nanm finished_val=nanm finished_thresh=0.0200m pd_resid=nanm nextwp_to_ptarget=nanm guide_terminal_err=nanm
[GATE-EVOLVE] step=221 curr=125663.63 best_other=199545.87 ratio=0.6297 ee_to_optimal=0.0040m phi=0.0027m
[STAGE-A-TRACE] step=221 sim_t=2.210 mode=free phi=0.00272 box_xy=-0.00000,-0.00000 lam_n_ee_box=nan qy=-0.00001 qz=-0.00000 finished_repos=0
[DRAKE-CONTACT] step=221 n_pairs=1 ee_box_normal=0.000
[GATE-CONTACT] step=221 F_W=(+0.0000,+0.0000,+0.0000) F_on_box=(-0.0000,-0.0000,-0.0000) n_face_out=(-0.0000,-0.0000,-0.0000) A_is_ee=0 box_q=(+1.00000,+0.00001,-0.00001,-0.00000) box_p=(-0.00000,-0.00000,+0.04999) ee_p=(+0.07772,-0.00294,+0.06027)
[ADMM-C3+] primal: 5.7600->7.8562  dual: 76.0661->209.8996  mono=False  iters=25/25  rho=25.0
[ADMM-C3+] WARNING non-converged: pr=7.8562 dr=209.8996 tol=1e-03
[C3+] step=778 |u[0]|=6.33N λ_n_max=0.000 η_n_max=0.741 primal=7.856 iters=25/25 lcp_res_max=nan
[ADMIT-GUARD] step=222 admit_active=0 latch=0/0 ee_z=0.062 gate_cap=0
[ALT-GATE] step=222 target_stable=0/0 allow_descent=1
[GS-tgt] step=222 ee=(+0.078,-0.003,+0.062) p_repos=(+0.019,+0.080,+0.030) ee_to_target=0.107m target_label=prev_repos target_changed=N delta=0.000m
[GS] step=222 mode=free switch=kStayInRepos best_k=0 best_src=prev_repos curr_cost=125664.34 repos_cost=199545.46 best_other=199545.46 met_progress=Y steps_since_improve=1 switches=4
[STEP] step=222 mode=free t=2.220s ee=(+0.078,-0.003,+0.062) obj=(-0.000,-0.000,+0.050) goal_dist=0.300m switch=kStayInRepos target=(+0.077,-0.003,+0.063) ee_stride=0.001m ee_to_ptarget=0.107m landing_err=0.1152m ik_ok=Y ik_resid=0.0000m q_max_resid_deg=3.11 target_changed=Y retgt=N held_idx=1 held_cost=199545.46 won_cost=199545.46 margin=+0.00 won_src=prev_repos held_valid=Y reason=hold setpoint_to_ptarget=nanm finished_val=nanm finished_thresh=0.0200m pd_resid=nanm nextwp_to_ptarget=nanm guide_terminal_err=nanm
[GATE-EVOLVE] step=222 curr=125664.34 best_other=199545.46 ratio=0.6298 ee_to_optimal=0.0040m phi=0.0027m
[STAGE-A-TRACE] step=222 sim_t=2.220 mode=free phi=0.00269 box_xy=-0.00000,-0.00000 lam_n_ee_box=nan qy=-0.00001 qz=-0.00000 finished_repos=0
[DRAKE-CONTACT] step=222 n_pairs=1 ee_box_normal=0.000
[GATE-CONTACT] step=222 F_W=(+0.0000,+0.0000,+0.0000) F_on_box=(-0.0000,-0.0000,-0.0000) n_face_out=(-0.0000,-0.0000,-0.0000) A_is_ee=0 box_q=(+1.00000,+0.00001,-0.00001,-0.00000) box_p=(-0.00000,-0.00000,+0.04999) ee_p=(+0.07769,-0.00296,+0.06218)
[ADMM-C3+] primal: 5.7600->7.8562  dual: 76.0661->209.8996  mono=False  iters=25/25  rho=25.0
[ADMM-C3+] WARNING non-converged: pr=7.8562 dr=209.8996 tol=1e-03
[C3+] step=781 |u[0]|=6.35N λ_n_max=0.000 η_n_max=0.741 primal=7.856 iters=25/25 lcp_res_max=nan
[ADMIT-GUARD] step=223 admit_active=0 latch=0/0 ee_z=0.064 gate_cap=0
[ALT-GATE] step=223 target_stable=0/0 allow_descent=1
[GS-tgt] step=223 ee=(+0.078,-0.003,+0.064) p_repos=(+0.019,+0.080,+0.030) ee_to_target=0.107m target_label=prev_repos target_changed=N delta=0.000m
[GS] step=223 mode=free switch=kStayInRepos best_k=0 best_src=prev_repos curr_cost=125665.19 repos_cost=199545.03 best_other=199545.03 met_progress=Y steps_since_improve=2 switches=4
[STEP] step=223 mode=free t=2.230s ee=(+0.078,-0.003,+0.064) obj=(-0.000,-0.000,+0.050) goal_dist=0.300m switch=kStayInRepos target=(+0.077,-0.003,+0.065) ee_stride=0.001m ee_to_ptarget=0.107m landing_err=0.1172m ik_ok=Y ik_resid=0.0000m q_max_resid_deg=3.40 target_changed=Y retgt=N held_idx=1 held_cost=199545.03 won_cost=199545.03 margin=+0.00 won_src=prev_repos held_valid=Y reason=hold setpoint_to_ptarget=nanm finished_val=nanm finished_thresh=0.0200m pd_resid=nanm nextwp_to_ptarget=nanm guide_terminal_err=nanm
[GATE-EVOLVE] step=223 curr=125665.19 best_other=199545.03 ratio=0.6298 ee_to_optimal=0.0040m phi=0.0027m
[STAGE-A-TRACE] step=223 sim_t=2.230 mode=free phi=0.00265 box_xy=-0.00000,-0.00000 lam_n_ee_box=nan qy=-0.00001 qz=-0.00000 finished_repos=0
[DRAKE-CONTACT] step=223 n_pairs=1 ee_box_normal=0.000
[GATE-CONTACT] step=223 F_W=(+0.0000,+0.0000,+0.0000) F_on_box=(-0.0000,-0.0000,-0.0000) n_face_out=(-0.0000,-0.0000,-0.0000) A_is_ee=0 box_q=(+1.00000,+0.00001,-0.00001,-0.00000) box_p=(-0.00000,-0.00000,+0.04999) ee_p=(+0.07765,-0.00299,+0.06411)
[ADMM-C3+] primal: 5.7600->7.8562  dual: 76.0661->209.8996  mono=False  iters=25/25  rho=25.0
[ADMM-C3+] WARNING non-converged: pr=7.8562 dr=209.8996 tol=1e-03
[C3+] step=784 |u[0]|=6.37N λ_n_max=0.000 η_n_max=0.741 primal=7.856 iters=25/25 lcp_res_max=nan
[ADMIT-GUARD] step=224 admit_active=0 latch=0/0 ee_z=0.066 gate_cap=0
[ALT-GATE] step=224 target_stable=0/0 allow_descent=1
[GS-tgt] step=224 ee=(+0.078,-0.003,+0.066) p_repos=(+0.019,+0.080,+0.030) ee_to_target=0.108m target_label=prev_repos target_changed=N delta=0.000m
[GS] step=224 mode=free switch=kStayInRepos best_k=0 best_src=prev_repos curr_cost=125666.16 repos_cost=199544.61 best_other=199544.61 met_progress=Y steps_since_improve=0 switches=4
[STEP] step=224 mode=free t=2.240s ee=(+0.078,-0.003,+0.066) obj=(-0.000,-0.000,+0.050) goal_dist=0.300m switch=kStayInRepos target=(+0.077,-0.003,+0.067) ee_stride=0.001m ee_to_ptarget=0.108m landing_err=0.1192m ik_ok=Y ik_resid=0.0000m q_max_resid_deg=3.69 target_changed=Y retgt=N held_idx=1 held_cost=199544.61 won_cost=199544.61 margin=+0.00 won_src=prev_repos held_valid=Y reason=hold setpoint_to_ptarget=nanm finished_val=nanm finished_thresh=0.0200m pd_resid=nanm nextwp_to_ptarget=nanm guide_terminal_err=nanm
[GATE-EVOLVE] step=224 curr=125666.16 best_other=199544.61 ratio=0.6298 ee_to_optimal=0.0040m phi=0.0026m
[STAGE-A-TRACE] step=224 sim_t=2.240 mode=free phi=0.00262 box_xy=-0.00000,-0.00000 lam_n_ee_box=nan qy=-0.00001 qz=-0.00000 finished_repos=0
[DRAKE-CONTACT] step=224 n_pairs=1 ee_box_normal=0.000
[GATE-CONTACT] step=224 F_W=(+0.0000,+0.0000,+0.0000) F_on_box=(-0.0000,-0.0000,-0.0000) n_face_out=(-0.0000,-0.0000,-0.0000) A_is_ee=0 box_q=(+1.00000,+0.00001,-0.00001,-0.00000) box_p=(-0.00000,-0.00000,+0.04999) ee_p=(+0.07762,-0.00302,+0.06603)
[ADMM-C3+] primal: 5.7600->7.8562  dual: 76.0661->209.8996  mono=False  iters=25/25  rho=25.0
[ADMM-C3+] WARNING non-converged: pr=7.8562 dr=209.8996 tol=1e-03
[C3+] step=787 |u[0]|=6.40N λ_n_max=0.000 η_n_max=0.741 primal=7.856 iters=25/25 lcp_res_max=nan
[ADMIT-GUARD] step=225 admit_active=0 latch=0/0 ee_z=0.068 gate_cap=0
[ALT-GATE] step=225 target_stable=0/0 allow_descent=1
[GS-tgt] step=225 ee=(+0.078,-0.003,+0.068) p_repos=(+0.019,+0.080,+0.030) ee_to_target=0.108m target_label=prev_repos target_changed=N delta=0.000m
[GS] step=225 mode=free switch=kStayInRepos best_k=0 best_src=prev_repos curr_cost=125667.27 repos_cost=199544.22 best_other=199544.22 met_progress=Y steps_since_improve=1 switches=4
[STEP] step=225 mode=free t=2.250s ee=(+0.078,-0.003,+0.068) obj=(-0.000,-0.000,+0.050) goal_dist=0.300m switch=kStayInRepos target=(+0.077,-0.003,+0.068) ee_stride=0.001m ee_to_ptarget=0.108m landing_err=0.1214m ik_ok=Y ik_resid=0.0000m q_max_resid_deg=3.99 target_changed=Y retgt=N held_idx=1 held_cost=199544.22 won_cost=199544.22 margin=+0.00 won_src=prev_repos held_valid=Y reason=hold setpoint_to_ptarget=nanm finished_val=nanm finished_thresh=0.0200m pd_resid=nanm nextwp_to_ptarget=nanm guide_terminal_err=nanm
[GATE-EVOLVE] step=225 curr=125667.27 best_other=199544.22 ratio=0.6298 ee_to_optimal=0.0040m phi=0.0026m
[STAGE-A-TRACE] step=225 sim_t=2.250 mode=free phi=0.00259 box_xy=-0.00000,-0.00000 lam_n_ee_box=nan qy=-0.00001 qz=-0.00000 finished_repos=0
[DRAKE-CONTACT] step=225 n_pairs=1 ee_box_normal=0.000
[GATE-CONTACT] step=225 F_W=(+0.0000,+0.0000,+0.0000) F_on_box=(-0.0000,-0.0000,-0.0000) n_face_out=(-0.0000,-0.0000,-0.0000) A_is_ee=0 box_q=(+1.00000,+0.00001,-0.00001,-0.00000) box_p=(-0.00000,-0.00000,+0.04999) ee_p=(+0.07758,-0.00304,+0.06794)
[ADMM-C3+] primal: 5.7600->7.8562  dual: 76.0661->209.8996  mono=False  iters=25/25  rho=25.0
[ADMM-C3+] WARNING non-converged: pr=7.8562 dr=209.8996 tol=1e-03
[C3+] step=790 |u[0]|=6.42N λ_n_max=0.000 η_n_max=0.741 primal=7.856 iters=25/25 lcp_res_max=nan
[ADMIT-GUARD] step=226 admit_active=0 latch=0/0 ee_z=0.070 gate_cap=0
[ALT-GATE] step=226 target_stable=0/0 allow_descent=1
[GS-tgt] step=226 ee=(+0.078,-0.003,+0.070) p_repos=(+0.019,+0.080,+0.030) ee_to_target=0.109m target_label=prev_repos target_changed=N delta=0.000m
[GS] step=226 mode=free switch=kStayInRepos best_k=0 best_src=prev_repos curr_cost=125668.51 repos_cost=199543.88 best_other=199543.88 met_progress=Y steps_since_improve=0 switches=4
[STEP] step=226 mode=free t=2.260s ee=(+0.078,-0.003,+0.070) obj=(-0.000,-0.000,+0.050) goal_dist=0.300m switch=kStayInRepos target=(+0.077,-0.003,+0.070) ee_stride=0.000m ee_to_ptarget=0.109m landing_err=0.1236m ik_ok=Y ik_resid=0.0000m q_max_resid_deg=4.28 target_changed=Y retgt=N held_idx=1 held_cost=199543.88 won_cost=199543.88 margin=+0.00 won_src=prev_repos held_valid=Y reason=hold setpoint_to_ptarget=nanm finished_val=nanm finished_thresh=0.0200m pd_resid=nanm nextwp_to_ptarget=nanm guide_terminal_err=nanm
[GATE-EVOLVE] step=226 curr=125668.51 best_other=199543.88 ratio=0.6298 ee_to_optimal=0.0040m phi=0.0026m
[STAGE-A-TRACE] step=226 sim_t=2.260 mode=free phi=0.00255 box_xy=-0.00000,-0.00000 lam_n_ee_box=nan qy=-0.00001 qz=-0.00000 finished_repos=0
[DRAKE-CONTACT] step=226 n_pairs=1 ee_box_normal=0.000
[GATE-CONTACT] step=226 F_W=(+0.0000,+0.0000,+0.0000) F_on_box=(-0.0000,-0.0000,-0.0000) n_face_out=(-0.0000,-0.0000,-0.0000) A_is_ee=0 box_q=(+1.00000,+0.00001,-0.00001,-0.00000) box_p=(-0.00000,-0.00000,+0.04999) ee_p=(+0.07755,-0.00307,+0.06985)
[ADMM-C3+] primal: 5.7600->7.8562  dual: 76.0661->209.8996  mono=False  iters=25/25  rho=25.0
[ADMM-C3+] WARNING non-converged: pr=7.8562 dr=209.8996 tol=1e-03
[C3+] step=793 |u[0]|=6.45N λ_n_max=0.000 η_n_max=0.741 primal=7.856 iters=25/25 lcp_res_max=nan
[ADMIT-GUARD] step=227 admit_active=0 latch=0/0 ee_z=0.072 gate_cap=0
[ALT-GATE] step=227 target_stable=0/0 allow_descent=1
[GS-tgt] step=227 ee=(+0.078,-0.003,+0.072) p_repos=(+0.019,+0.080,+0.030) ee_to_target=0.110m target_label=prev_repos target_changed=N delta=0.000m
[GS] step=227 mode=free switch=kStayInRepos best_k=0 best_src=prev_repos curr_cost=125669.87 repos_cost=199543.57 best_other=199543.57 met_progress=Y steps_since_improve=1 switches=4
[STEP] step=227 mode=free t=2.270s ee=(+0.078,-0.003,+0.072) obj=(-0.000,-0.000,+0.050) goal_dist=0.300m switch=kStayInRepos target=(+0.077,-0.003,+0.072) ee_stride=0.000m ee_to_ptarget=0.110m landing_err=0.1259m ik_ok=Y ik_resid=0.0000m q_max_resid_deg=4.58 target_changed=Y retgt=N held_idx=1 held_cost=199543.57 won_cost=199543.57 margin=+0.00 won_src=prev_repos held_valid=Y reason=hold setpoint_to_ptarget=nanm finished_val=nanm finished_thresh=0.0200m pd_resid=nanm nextwp_to_ptarget=nanm guide_terminal_err=nanm
[GATE-EVOLVE] step=227 curr=125669.87 best_other=199543.57 ratio=0.6298 ee_to_optimal=0.0040m phi=0.0025m
[STAGE-A-TRACE] step=227 sim_t=2.270 mode=free phi=0.00252 box_xy=-0.00000,-0.00000 lam_n_ee_box=nan qy=-0.00001 qz=-0.00000 finished_repos=0
[DRAKE-CONTACT] step=227 n_pairs=1 ee_box_normal=0.000
[GATE-CONTACT] step=227 F_W=(+0.0000,+0.0000,+0.0000) F_on_box=(-0.0000,-0.0000,-0.0000) n_face_out=(-0.0000,-0.0000,-0.0000) A_is_ee=0 box_q=(+1.00000,+0.00001,-0.00001,-0.00000) box_p=(-0.00000,-0.00000,+0.04999) ee_p=(+0.07752,-0.00310,+0.07175)
[ADMM-C3+] primal: 5.7461->3.8743  dual: 74.8586->83.4149  mono=False  iters=25/25  rho=25.0
[ADMM-C3+] WARNING non-converged: pr=3.8743 dr=83.4149 tol=1e-03
[C3+] step=796 |u[0]|=6.63N λ_n_max=0.000 η_n_max=0.740 primal=3.874 iters=25/25 lcp_res_max=nan
[ADMIT-GUARD] step=228 admit_active=0 latch=0/0 ee_z=0.074 gate_cap=0
[ALT-GATE] step=228 target_stable=0/0 allow_descent=1
[GS-tgt] step=228 ee=(+0.077,-0.003,+0.074) p_repos=(+0.019,+0.080,+0.030) ee_to_target=0.111m target_label=prev_repos target_changed=N delta=0.000m
[GS] step=228 mode=free switch=kStayInRepos best_k=0 best_src=prev_repos curr_cost=125673.01 repos_cost=199543.32 best_other=199543.32 met_progress=Y steps_since_improve=0 switches=4
[STEP] step=228 mode=free t=2.280s ee=(+0.077,-0.003,+0.074) obj=(-0.000,-0.000,+0.050) goal_dist=0.300m switch=kStayInRepos target=(+0.077,-0.003,+0.074) ee_stride=0.000m ee_to_ptarget=0.111m landing_err=0.1284m ik_ok=Y ik_resid=0.0000m q_max_resid_deg=4.88 target_changed=Y retgt=N held_idx=1 held_cost=199543.32 won_cost=199543.32 margin=+0.00 won_src=prev_repos held_valid=Y reason=hold setpoint_to_ptarget=nanm finished_val=nanm finished_thresh=0.0200m pd_resid=nanm nextwp_to_ptarget=nanm guide_terminal_err=nanm
[GATE-EVOLVE] step=228 curr=125673.01 best_other=199543.32 ratio=0.6298 ee_to_optimal=0.0040m phi=0.0025m
[STAGE-A-TRACE] step=228 sim_t=2.280 mode=free phi=0.00250 box_xy=-0.00000,-0.00000 lam_n_ee_box=nan qy=-0.00001 qz=-0.00000 finished_repos=0
[DRAKE-CONTACT] step=228 n_pairs=1 ee_box_normal=0.000
[GATE-CONTACT] step=228 F_W=(+0.0000,+0.0000,+0.0000) F_on_box=(-0.0000,-0.0000,-0.0000) n_face_out=(-0.0000,-0.0000,-0.0000) A_is_ee=0 box_q=(+1.00000,+0.00001,-0.00001,-0.00000) box_p=(-0.00000,-0.00000,+0.04999) ee_p=(+0.07750,-0.00312,+0.07364)
[ADMM-C3+] primal: 5.7461->3.8743  dual: 74.8586->83.4149  mono=False  iters=25/25  rho=25.0
[ADMM-C3+] WARNING non-converged: pr=3.8743 dr=83.4149 tol=1e-03
[C3+] step=799 |u[0]|=6.66N λ_n_max=0.000 η_n_max=0.740 primal=3.874 iters=25/25 lcp_res_max=nan
[ADMIT-GUARD] step=229 admit_active=0 latch=0/0 ee_z=0.076 gate_cap=0
[ALT-GATE] step=229 target_stable=0/0 allow_descent=1
[GS-tgt] step=229 ee=(+0.077,-0.003,+0.076) p_repos=(+0.019,+0.080,+0.030) ee_to_target=0.111m target_label=prev_repos target_changed=N delta=0.000m
[GS] step=229 mode=free switch=kStayInRepos best_k=0 best_src=prev_repos curr_cost=125674.59 repos_cost=199543.11 best_other=199543.11 met_progress=Y steps_since_improve=1 switches=4
[STEP] step=229 mode=free t=2.290s ee=(+0.077,-0.003,+0.076) obj=(-0.000,-0.000,+0.050) goal_dist=0.300m switch=kStayInRepos target=(+0.077,-0.003,+0.076) ee_stride=0.000m ee_to_ptarget=0.111m landing_err=0.1308m ik_ok=Y ik_resid=0.0000m q_max_resid_deg=5.18 target_changed=Y retgt=N held_idx=1 held_cost=199543.11 won_cost=199543.11 margin=+0.00 won_src=prev_repos held_valid=Y reason=hold setpoint_to_ptarget=nanm finished_val=nanm finished_thresh=0.0200m pd_resid=nanm nextwp_to_ptarget=nanm guide_terminal_err=nanm
[GATE-EVOLVE] step=229 curr=125674.59 best_other=199543.11 ratio=0.6298 ee_to_optimal=0.0040m phi=0.0025m
[STAGE-A-TRACE] step=229 sim_t=2.290 mode=free phi=0.00248 box_xy=-0.00000,-0.00000 lam_n_ee_box=nan qy=-0.00001 qz=-0.00000 finished_repos=0
[DRAKE-CONTACT] step=229 n_pairs=1 ee_box_normal=0.000
[GATE-CONTACT] step=229 F_W=(+0.0000,+0.0000,+0.0000) F_on_box=(-0.0000,-0.0000,-0.0000) n_face_out=(-0.0000,-0.0000,-0.0000) A_is_ee=0 box_q=(+1.00000,+0.00001,-0.00001,-0.00000) box_p=(-0.00000,-0.00000,+0.04999) ee_p=(+0.07747,-0.00314,+0.07552)
[ADMM-C3+] primal: 5.7461->3.8743  dual: 74.8586->83.4149  mono=False  iters=25/25  rho=25.0
[ADMM-C3+] WARNING non-converged: pr=3.8743 dr=83.4149 tol=1e-03
[C3+] step=802 |u[0]|=6.70N λ_n_max=0.000 η_n_max=0.740 primal=3.874 iters=25/25 lcp_res_max=nan
[ADMIT-GUARD] step=230 admit_active=0 latch=0/0 ee_z=0.077 gate_cap=0
[ALT-GATE] step=230 target_stable=0/0 allow_descent=1
[GS-tgt] step=230 ee=(+0.077,-0.003,+0.077) p_repos=(+0.019,+0.080,+0.030) ee_to_target=0.112m target_label=prev_repos target_changed=N delta=0.000m
[IMP] step=230 mode=free |x_err|=0.0003m |tau_imp|=0.56Nm |tau_ff|=0.00Nm |tau_out|=0.56Nm sat=False lam_n=False lam_t=False
[GS] step=230 mode=free switch=kStayInRepos best_k=0 best_src=prev_repos curr_cost=125676.30 repos_cost=199542.94 best_other=199542.94 met_progress=Y steps_since_improve=0 switches=4
[STEP] step=230 mode=free t=2.300s ee=(+0.077,-0.003,+0.077) obj=(-0.000,-0.000,+0.050) goal_dist=0.300m switch=kStayInRepos target=(+0.077,-0.003,+0.077) ee_stride=0.000m ee_to_ptarget=0.112m landing_err=0.1334m ik_ok=Y ik_resid=0.0000m q_max_resid_deg=5.48 target_changed=Y retgt=N held_idx=1 held_cost=199542.94 won_cost=199542.94 margin=+0.00 won_src=prev_repos held_valid=Y reason=hold setpoint_to_ptarget=nanm finished_val=nanm finished_thresh=0.0200m pd_resid=nanm nextwp_to_ptarget=nanm guide_terminal_err=nanm
[GATE-EVOLVE] step=230 curr=125676.30 best_other=199542.94 ratio=0.6298 ee_to_optimal=0.0040m phi=0.0025m
[STAGE-A-TRACE] step=230 sim_t=2.300 mode=free phi=0.00245 box_xy=-0.00000,-0.00000 lam_n_ee_box=nan qy=-0.00001 qz=-0.00000 finished_repos=0
[DRAKE-CONTACT] step=230 n_pairs=1 ee_box_normal=0.000
[GATE-CONTACT] step=230 F_W=(+0.0000,+0.0000,+0.0000) F_on_box=(-0.0000,-0.0000,-0.0000) n_face_out=(-0.0000,-0.0000,-0.0000) A_is_ee=0 box_q=(+1.00000,+0.00001,-0.00001,-0.00000) box_p=(-0.00000,-0.00000,+0.04999) ee_p=(+0.07745,-0.00316,+0.07740)
[ADMM-C3+] primal: 5.7461->3.8743  dual: 74.8586->83.4149  mono=False  iters=25/25  rho=25.0
[ADMM-C3+] WARNING non-converged: pr=3.8743 dr=83.4149 tol=1e-03
[C3+] step=805 |u[0]|=6.74N λ_n_max=0.000 η_n_max=0.740 primal=3.874 iters=25/25 lcp_res_max=nan
[ADMIT-GUARD] step=231 admit_active=0 latch=0/0 ee_z=0.079 gate_cap=0
[ALT-GATE] step=231 target_stable=0/0 allow_descent=1
[GS-tgt] step=231 ee=(+0.077,-0.003,+0.079) p_repos=(+0.019,+0.080,+0.030) ee_to_target=0.113m target_label=prev_repos target_changed=N delta=0.000m
[GS] step=231 mode=free switch=kStayInRepos best_k=0 best_src=prev_repos curr_cost=125678.12 repos_cost=199542.82 best_other=199542.82 met_progress=Y steps_since_improve=0 switches=4
[STEP] step=231 mode=free t=2.310s ee=(+0.077,-0.003,+0.079) obj=(-0.000,-0.000,+0.050) goal_dist=0.300m switch=kStayInRepos target=(+0.077,-0.003,+0.079) ee_stride=0.000m ee_to_ptarget=0.113m landing_err=0.1360m ik_ok=Y ik_resid=0.0000m q_max_resid_deg=5.79 target_changed=Y retgt=N held_idx=1 held_cost=199542.82 won_cost=199542.82 margin=+0.00 won_src=prev_repos held_valid=Y reason=hold setpoint_to_ptarget=nanm finished_val=nanm finished_thresh=0.0200m pd_resid=nanm nextwp_to_ptarget=nanm guide_terminal_err=nanm
[GATE-EVOLVE] step=231 curr=125678.12 best_other=199542.82 ratio=0.6298 ee_to_optimal=0.0040m phi=0.0024m
[STAGE-A-TRACE] step=231 sim_t=2.310 mode=free phi=0.00244 box_xy=-0.00000,-0.00000 lam_n_ee_box=nan qy=-0.00001 qz=-0.00000 finished_repos=0
[DRAKE-CONTACT] step=231 n_pairs=1 ee_box_normal=0.000
[GATE-CONTACT] step=231 F_W=(+0.0000,+0.0000,+0.0000) F_on_box=(-0.0000,-0.0000,-0.0000) n_face_out=(-0.0000,-0.0000,-0.0000) A_is_ee=0 box_q=(+1.00000,+0.00001,-0.00001,-0.00000) box_p=(-0.00000,-0.00000,+0.04999) ee_p=(+0.07743,-0.00318,+0.07926)
[ADMM-C3+] primal: 5.7461->3.8743  dual: 74.8586->83.4149  mono=False  iters=25/25  rho=25.0
[ADMM-C3+] WARNING non-converged: pr=3.8743 dr=83.4149 tol=1e-03
[C3+] step=808 |u[0]|=6.78N λ_n_max=0.000 η_n_max=0.740 primal=3.874 iters=25/25 lcp_res_max=nan
[ADMIT-GUARD] step=232 admit_active=0 latch=0/0 ee_z=0.081 gate_cap=0
[ALT-GATE] step=232 target_stable=0/0 allow_descent=1
[GS-tgt] step=232 ee=(+0.077,-0.003,+0.081) p_repos=(+0.019,+0.080,+0.030) ee_to_target=0.114m target_label=prev_repos target_changed=N delta=0.000m
[GS] step=232 mode=free switch=kStayInRepos best_k=0 best_src=prev_repos curr_cost=125680.05 repos_cost=199542.73 best_other=199542.73 met_progress=Y steps_since_improve=0 switches=4
[STEP] step=232 mode=free t=2.320s ee=(+0.077,-0.003,+0.081) obj=(-0.000,-0.000,+0.050) goal_dist=0.300m switch=kStayInRepos target=(+0.077,-0.003,+0.081) ee_stride=0.000m ee_to_ptarget=0.114m landing_err=0.1387m ik_ok=Y ik_resid=0.0000m q_max_resid_deg=6.10 target_changed=Y retgt=N held_idx=1 held_cost=199542.73 won_cost=199542.73 margin=+0.00 won_src=prev_repos held_valid=Y reason=hold setpoint_to_ptarget=nanm finished_val=nanm finished_thresh=0.0200m pd_resid=nanm nextwp_to_ptarget=nanm guide_terminal_err=nanm
[GATE-EVOLVE] step=232 curr=125680.05 best_other=199542.73 ratio=0.6298 ee_to_optimal=0.0040m phi=0.0024m
[STAGE-A-TRACE] step=232 sim_t=2.320 mode=free phi=0.00242 box_xy=-0.00000,-0.00000 lam_n_ee_box=nan qy=-0.00001 qz=-0.00000 finished_repos=0
[DRAKE-CONTACT] step=232 n_pairs=1 ee_box_normal=0.000
[GATE-CONTACT] step=232 F_W=(+0.0000,+0.0000,+0.0000) F_on_box=(-0.0000,-0.0000,-0.0000) n_face_out=(-0.0000,-0.0000,-0.0000) A_is_ee=0 box_q=(+1.00000,+0.00001,-0.00001,-0.00000) box_p=(-0.00000,-0.00000,+0.04999) ee_p=(+0.07742,-0.00319,+0.08111)
[ADMM-C3+] primal: 5.7461->3.8743  dual: 74.8586->83.4149  mono=False  iters=25/25  rho=25.0
[ADMM-C3+] WARNING non-converged: pr=3.8743 dr=83.4149 tol=1e-03
[C3+] step=811 |u[0]|=6.83N λ_n_max=0.000 η_n_max=0.740 primal=3.874 iters=25/25 lcp_res_max=nan
[ADMIT-GUARD] step=233 admit_active=0 latch=0/0 ee_z=0.083 gate_cap=0
[ALT-GATE] step=233 target_stable=0/0 allow_descent=1
[GS-tgt] step=233 ee=(+0.077,-0.003,+0.083) p_repos=(+0.019,+0.080,+0.030) ee_to_target=0.115m target_label=prev_repos target_changed=N delta=0.000m
[GS] step=233 mode=free switch=kStayInRepos best_k=0 best_src=prev_repos curr_cost=125682.10 repos_cost=199542.68 best_other=199542.68 met_progress=Y steps_since_improve=0 switches=4
[STEP] step=233 mode=free t=2.330s ee=(+0.077,-0.003,+0.083) obj=(-0.000,-0.000,+0.050) goal_dist=0.300m switch=kStayInRepos target=(+0.077,-0.003,+0.083) ee_stride=0.000m ee_to_ptarget=0.115m landing_err=0.1415m ik_ok=Y ik_resid=0.0000m q_max_resid_deg=6.41 target_changed=Y retgt=N held_idx=1 held_cost=199542.68 won_cost=199542.68 margin=+0.00 won_src=prev_repos held_valid=Y reason=hold setpoint_to_ptarget=nanm finished_val=nanm finished_thresh=0.0200m pd_resid=nanm nextwp_to_ptarget=nanm guide_terminal_err=nanm
[GATE-EVOLVE] step=233 curr=125682.10 best_other=199542.68 ratio=0.6299 ee_to_optimal=0.0040m phi=0.0024m
[STAGE-A-TRACE] step=233 sim_t=2.330 mode=free phi=0.00241 box_xy=-0.00000,-0.00000 lam_n_ee_box=nan qy=-0.00001 qz=-0.00000 finished_repos=0
[DRAKE-CONTACT] step=233 n_pairs=1 ee_box_normal=0.000
[GATE-CONTACT] step=233 F_W=(+0.0000,+0.0000,+0.0000) F_on_box=(-0.0000,-0.0000,-0.0000) n_face_out=(-0.0000,-0.0000,-0.0000) A_is_ee=0 box_q=(+1.00000,+0.00001,-0.00001,-0.00000) box_p=(-0.00000,-0.00000,+0.04999) ee_p=(+0.07740,-0.00320,+0.08296)
[ADMM-C3+] primal: 5.7461->3.8743  dual: 74.8586->83.4149  mono=False  iters=25/25  rho=25.0
[ADMM-C3+] WARNING non-converged: pr=3.8743 dr=83.4149 tol=1e-03
[C3+] step=814 |u[0]|=6.88N λ_n_max=0.000 η_n_max=0.740 primal=3.874 iters=25/25 lcp_res_max=nan
[ADMIT-GUARD] step=234 admit_active=0 latch=0/0 ee_z=0.085 gate_cap=0
[ALT-GATE] step=234 target_stable=0/0 allow_descent=1
[GS-tgt] step=234 ee=(+0.077,-0.003,+0.085) p_repos=(+0.019,+0.080,+0.030) ee_to_target=0.115m target_label=prev_repos target_changed=N delta=0.000m
[GS] step=234 mode=free switch=kStayInRepos best_k=0 best_src=prev_repos curr_cost=125684.27 repos_cost=199542.65 best_other=199542.65 met_progress=Y steps_since_improve=0 switches=4
[STEP] step=234 mode=free t=2.340s ee=(+0.077,-0.003,+0.085) obj=(-0.000,-0.000,+0.050) goal_dist=0.300m switch=kStayInRepos target=(+0.077,-0.003,+0.085) ee_stride=0.000m ee_to_ptarget=0.115m landing_err=0.1443m ik_ok=Y ik_resid=0.0000m q_max_resid_deg=6.73 target_changed=Y retgt=N held_idx=1 held_cost=199542.65 won_cost=199542.65 margin=+0.00 won_src=prev_repos held_valid=Y reason=hold setpoint_to_ptarget=nanm finished_val=nanm finished_thresh=0.0200m pd_resid=nanm nextwp_to_ptarget=nanm guide_terminal_err=nanm
[GATE-EVOLVE] step=234 curr=125684.27 best_other=199542.65 ratio=0.6299 ee_to_optimal=0.0040m phi=0.0024m
[STAGE-A-TRACE] step=234 sim_t=2.340 mode=free phi=0.00239 box_xy=-0.00000,-0.00000 lam_n_ee_box=nan qy=-0.00002 qz=-0.00000 finished_repos=0
[DRAKE-CONTACT] step=234 n_pairs=1 ee_box_normal=0.000
[GATE-CONTACT] step=234 F_W=(+0.0000,+0.0000,+0.0000) F_on_box=(-0.0000,-0.0000,-0.0000) n_face_out=(-0.0000,-0.0000,-0.0000) A_is_ee=0 box_q=(+1.00000,+0.00001,-0.00002,-0.00000) box_p=(-0.00000,-0.00000,+0.04999) ee_p=(+0.07739,-0.00321,+0.08480)
[ADMM-C3+] primal: 5.7461->3.8743  dual: 74.8586->83.4149  mono=False  iters=25/25  rho=25.0
[ADMM-C3+] WARNING non-converged: pr=3.8743 dr=83.4149 tol=1e-03
[C3+] step=817 |u[0]|=6.92N λ_n_max=0.000 η_n_max=0.740 primal=3.874 iters=25/25 lcp_res_max=nan
[ADMIT-GUARD] step=235 admit_active=0 latch=0/0 ee_z=0.087 gate_cap=0
[ALT-GATE] step=235 target_stable=0/0 allow_descent=1
[GS-tgt] step=235 ee=(+0.077,-0.003,+0.087) p_repos=(+0.019,+0.080,+0.030) ee_to_target=0.116m target_label=prev_repos target_changed=N delta=0.000m
[GS] step=235 mode=free switch=kStayInRepos best_k=0 best_src=prev_repos curr_cost=125686.54 repos_cost=199542.66 best_other=199542.66 met_progress=Y steps_since_improve=0 switches=4
[STEP] step=235 mode=free t=2.350s ee=(+0.077,-0.003,+0.087) obj=(-0.000,-0.000,+0.050) goal_dist=0.300m switch=kStayInRepos target=(+0.077,-0.003,+0.086) ee_stride=0.000m ee_to_ptarget=0.116m landing_err=0.1472m ik_ok=Y ik_resid=0.0000m q_max_resid_deg=7.04 target_changed=Y retgt=N held_idx=1 held_cost=199542.66 won_cost=199542.66 margin=+0.00 won_src=prev_repos held_valid=Y reason=hold setpoint_to_ptarget=nanm finished_val=nanm finished_thresh=0.0200m pd_resid=nanm nextwp_to_ptarget=nanm guide_terminal_err=nanm
[GATE-EVOLVE] step=235 curr=125686.54 best_other=199542.66 ratio=0.6299 ee_to_optimal=0.0040m phi=0.0024m
[STAGE-A-TRACE] step=235 sim_t=2.350 mode=free phi=0.00238 box_xy=-0.00000,-0.00000 lam_n_ee_box=nan qy=-0.00002 qz=-0.00000 finished_repos=0
[DRAKE-CONTACT] step=235 n_pairs=1 ee_box_normal=0.000
[GATE-CONTACT] step=235 F_W=(+0.0000,+0.0000,+0.0000) F_on_box=(-0.0000,-0.0000,-0.0000) n_face_out=(-0.0000,-0.0000,-0.0000) A_is_ee=0 box_q=(+1.00000,+0.00001,-0.00002,-0.00000) box_p=(-0.00000,-0.00000,+0.04999) ee_p=(+0.07738,-0.00322,+0.08664)
[ADMM-C3+] primal: 5.7461->3.8743  dual: 74.8586->83.4149  mono=False  iters=25/25  rho=25.0
[ADMM-C3+] WARNING non-converged: pr=3.8743 dr=83.4149 tol=1e-03
[C3+] step=820 |u[0]|=6.98N λ_n_max=0.000 η_n_max=0.740 primal=3.874 iters=25/25 lcp_res_max=nan
[ADMIT-GUARD] step=236 admit_active=0 latch=0/0 ee_z=0.088 gate_cap=0
[ALT-GATE] step=236 target_stable=0/0 allow_descent=1
[GS-tgt] step=236 ee=(+0.077,-0.003,+0.088) p_repos=(+0.019,+0.080,+0.030) ee_to_target=0.117m target_label=prev_repos target_changed=N delta=0.000m
[GS] step=236 mode=free switch=kStayInRepos best_k=0 best_src=prev_repos curr_cost=125688.93 repos_cost=199542.69 best_other=199542.69 met_progress=Y steps_since_improve=0 switches=4
[STEP] step=236 mode=free t=2.360s ee=(+0.077,-0.003,+0.088) obj=(-0.000,-0.000,+0.050) goal_dist=0.300m switch=kStayInRepos target=(+0.077,-0.003,+0.088) ee_stride=0.000m ee_to_ptarget=0.117m landing_err=0.1501m ik_ok=Y ik_resid=0.0000m q_max_resid_deg=7.36 target_changed=Y retgt=N held_idx=1 held_cost=199542.69 won_cost=199542.69 margin=+0.00 won_src=prev_repos held_valid=Y reason=hold setpoint_to_ptarget=nanm finished_val=nanm finished_thresh=0.0200m pd_resid=nanm nextwp_to_ptarget=nanm guide_terminal_err=nanm
[GATE-EVOLVE] step=236 curr=125688.93 best_other=199542.69 ratio=0.6299 ee_to_optimal=0.0040m phi=0.0024m
[STAGE-A-TRACE] step=236 sim_t=2.360 mode=free phi=0.00237 box_xy=-0.00000,-0.00000 lam_n_ee_box=nan qy=-0.00002 qz=-0.00000 finished_repos=0
[DRAKE-CONTACT] step=236 n_pairs=1 ee_box_normal=0.000
[GATE-CONTACT] step=236 F_W=(+0.0000,+0.0000,+0.0000) F_on_box=(-0.0000,-0.0000,-0.0000) n_face_out=(-0.0000,-0.0000,-0.0000) A_is_ee=0 box_q=(+1.00000,+0.00001,-0.00002,-0.00000) box_p=(-0.00000,-0.00000,+0.04999) ee_p=(+0.07737,-0.00323,+0.08846)
[ADMM-C3+] primal: 5.7461->3.8743  dual: 74.8586->83.4149  mono=False  iters=25/25  rho=25.0
[ADMM-C3+] WARNING non-converged: pr=3.8743 dr=83.4149 tol=1e-03
[C3+] step=823 |u[0]|=7.03N λ_n_max=0.000 η_n_max=0.740 primal=3.874 iters=25/25 lcp_res_max=nan
[ADMIT-GUARD] step=237 admit_active=0 latch=0/0 ee_z=0.090 gate_cap=0
[ALT-GATE] step=237 target_stable=0/0 allow_descent=1
[GS-tgt] step=237 ee=(+0.077,-0.003,+0.090) p_repos=(+0.019,+0.080,+0.030) ee_to_target=0.118m target_label=prev_repos target_changed=N delta=0.000m
[GS] step=237 mode=free switch=kStayInRepos best_k=0 best_src=prev_repos curr_cost=125691.43 repos_cost=199542.74 best_other=199542.74 met_progress=Y steps_since_improve=0 switches=4
[STEP] step=237 mode=free t=2.370s ee=(+0.077,-0.003,+0.090) obj=(-0.000,-0.000,+0.050) goal_dist=0.300m switch=kStayInRepos target=(+0.077,-0.003,+0.090) ee_stride=0.000m ee_to_ptarget=0.118m landing_err=0.1531m ik_ok=Y ik_resid=0.0000m q_max_resid_deg=7.68 target_changed=Y retgt=N held_idx=1 held_cost=199542.74 won_cost=199542.74 margin=+0.00 won_src=prev_repos held_valid=Y reason=hold setpoint_to_ptarget=nanm finished_val=nanm finished_thresh=0.0200m pd_resid=nanm nextwp_to_ptarget=nanm guide_terminal_err=nanm
[GATE-EVOLVE] step=237 curr=125691.43 best_other=199542.74 ratio=0.6299 ee_to_optimal=0.0040m phi=0.0024m
[STAGE-A-TRACE] step=237 sim_t=2.370 mode=free phi=0.00237 box_xy=-0.00000,-0.00000 lam_n_ee_box=nan qy=-0.00002 qz=-0.00000 finished_repos=0
[DRAKE-CONTACT] step=237 n_pairs=1 ee_box_normal=0.000
[GATE-CONTACT] step=237 F_W=(+0.0000,+0.0000,+0.0000) F_on_box=(-0.0000,-0.0000,-0.0000) n_face_out=(-0.0000,-0.0000,-0.0000) A_is_ee=0 box_q=(+1.00000,+0.00001,-0.00002,-0.00000) box_p=(-0.00000,-0.00000,+0.04999) ee_p=(+0.07736,-0.00324,+0.09029)
[ADMM-C3+] primal: 5.7461->3.8743  dual: 74.8586->83.4149  mono=False  iters=25/25  rho=25.0
[ADMM-C3+] WARNING non-converged: pr=3.8743 dr=83.4149 tol=1e-03
[C3+] step=826 |u[0]|=7.08N λ_n_max=0.000 η_n_max=0.740 primal=3.874 iters=25/25 lcp_res_max=nan
[ADMIT-GUARD] step=238 admit_active=0 latch=0/0 ee_z=0.092 gate_cap=0
[ALT-GATE] step=238 target_stable=0/0 allow_descent=1
[GS-tgt] step=238 ee=(+0.077,-0.003,+0.092) p_repos=(+0.019,+0.080,+0.030) ee_to_target=0.119m target_label=prev_repos target_changed=N delta=0.000m
[GS] step=238 mode=free switch=kStayInRepos best_k=0 best_src=prev_repos curr_cost=125694.04 repos_cost=199542.81 best_other=199542.81 met_progress=Y steps_since_improve=0 switches=4
[STEP] step=238 mode=free t=2.380s ee=(+0.077,-0.003,+0.092) obj=(-0.000,-0.000,+0.050) goal_dist=0.300m switch=kStayInRepos target=(+0.077,-0.003,+0.092) ee_stride=0.000m ee_to_ptarget=0.119m landing_err=0.1561m ik_ok=Y ik_resid=0.0000m q_max_resid_deg=8.00 target_changed=Y retgt=N held_idx=1 held_cost=199542.81 won_cost=199542.81 margin=+0.00 won_src=prev_repos held_valid=Y reason=hold setpoint_to_ptarget=nanm finished_val=nanm finished_thresh=0.0200m pd_resid=nanm nextwp_to_ptarget=nanm guide_terminal_err=nanm
[GATE-EVOLVE] step=238 curr=125694.04 best_other=199542.81 ratio=0.6299 ee_to_optimal=0.0040m phi=0.0024m
[STAGE-A-TRACE] step=238 sim_t=2.380 mode=free phi=0.00236 box_xy=-0.00000,-0.00000 lam_n_ee_box=nan qy=-0.00002 qz=-0.00000 finished_repos=0
[DRAKE-CONTACT] step=238 n_pairs=1 ee_box_normal=0.000
[GATE-CONTACT] step=238 F_W=(+0.0000,+0.0000,+0.0000) F_on_box=(-0.0000,-0.0000,-0.0000) n_face_out=(-0.0000,-0.0000,-0.0000) A_is_ee=0 box_q=(+1.00000,+0.00001,-0.00002,-0.00000) box_p=(-0.00000,-0.00000,+0.04999) ee_p=(+0.07736,-0.00324,+0.09211)
[ADMM-C3+] primal: 5.7461->3.8743  dual: 74.8586->83.4149  mono=False  iters=25/25  rho=25.0
[ADMM-C3+] WARNING non-converged: pr=3.8743 dr=83.4149 tol=1e-03
[C3+] step=829 |u[0]|=7.14N λ_n_max=0.000 η_n_max=0.740 primal=3.874 iters=25/25 lcp_res_max=nan
[ADMIT-GUARD] step=239 admit_active=0 latch=0/0 ee_z=0.094 gate_cap=0
[ALT-GATE] step=239 target_stable=0/0 allow_descent=1
[GS-tgt] step=239 ee=(+0.077,-0.003,+0.094) p_repos=(+0.019,+0.080,+0.030) ee_to_target=0.120m target_label=prev_repos target_changed=N delta=0.000m
[GS] step=239 mode=free switch=kStayInRepos best_k=0 best_src=prev_repos curr_cost=125696.76 repos_cost=199542.90 best_other=199542.90 met_progress=Y steps_since_improve=0 switches=4
[STEP] step=239 mode=free t=2.390s ee=(+0.077,-0.003,+0.094) obj=(-0.000,-0.000,+0.050) goal_dist=0.300m switch=kStayInRepos target=(+0.077,-0.003,+0.094) ee_stride=0.000m ee_to_ptarget=0.120m landing_err=0.1535m ik_ok=Y ik_resid=0.0000m q_max_resid_deg=7.29 target_changed=Y retgt=N held_idx=1 held_cost=199542.90 won_cost=199542.90 margin=+0.00 won_src=prev_repos held_valid=Y reason=hold setpoint_to_ptarget=nanm finished_val=nanm finished_thresh=0.0200m pd_resid=nanm nextwp_to_ptarget=nanm guide_terminal_err=nanm
[GATE-EVOLVE] step=239 curr=125696.76 best_other=199542.90 ratio=0.6299 ee_to_optimal=0.0040m phi=0.0024m
[STAGE-A-TRACE] step=239 sim_t=2.390 mode=free phi=0.00235 box_xy=-0.00000,-0.00000 lam_n_ee_box=nan qy=-0.00002 qz=-0.00000 finished_repos=0
[DRAKE-CONTACT] step=239 n_pairs=1 ee_box_normal=0.000
[GATE-CONTACT] step=239 F_W=(+0.0000,+0.0000,+0.0000) F_on_box=(-0.0000,-0.0000,-0.0000) n_face_out=(-0.0000,-0.0000,-0.0000) A_is_ee=0 box_q=(+1.00000,+0.00001,-0.00002,-0.00000) box_p=(-0.00000,-0.00000,+0.04999) ee_p=(+0.07735,-0.00324,+0.09393)
[ADMM-C3+] primal: 5.7461->3.8743  dual: 74.8586->83.4149  mono=False  iters=25/25  rho=25.0
[ADMM-C3+] WARNING non-converged: pr=3.8743 dr=83.4149 tol=1e-03
[C3+] step=832 |u[0]|=7.20N λ_n_max=0.000 η_n_max=0.740 primal=3.874 iters=25/25 lcp_res_max=nan
[ADMIT-GUARD] step=240 admit_active=0 latch=0/0 ee_z=0.096 gate_cap=0
[ALT-GATE] step=240 target_stable=0/0 allow_descent=1
[GS-tgt] step=240 ee=(+0.077,-0.003,+0.096) p_repos=(+0.019,+0.080,+0.030) ee_to_target=0.121m target_label=prev_repos target_changed=N delta=0.000m
[IMP] step=240 mode=free |x_err|=0.0004m |tau_imp|=0.26Nm |tau_ff|=0.00Nm |tau_out|=0.26Nm sat=False lam_n=False lam_t=False
[GS] step=240 mode=free switch=kStayInRepos best_k=0 best_src=prev_repos curr_cost=125699.59 repos_cost=199543.01 best_other=199543.01 met_progress=Y steps_since_improve=0 switches=4
[STEP] step=240 mode=free t=2.400s ee=(+0.077,-0.003,+0.096) obj=(-0.000,-0.000,+0.050) goal_dist=0.300m switch=kStayInRepos target=(+0.077,-0.003,+0.095) ee_stride=0.000m ee_to_ptarget=0.121m landing_err=0.1510m ik_ok=Y ik_resid=0.0000m q_max_resid_deg=6.57 target_changed=Y retgt=N held_idx=1 held_cost=199543.01 won_cost=199543.01 margin=+0.00 won_src=prev_repos held_valid=Y reason=hold setpoint_to_ptarget=nanm finished_val=nanm finished_thresh=0.0200m pd_resid=nanm nextwp_to_ptarget=nanm guide_terminal_err=nanm
[GATE-EVOLVE] step=240 curr=125699.59 best_other=199543.01 ratio=0.6299 ee_to_optimal=0.0040m phi=0.0023m
[STAGE-A-TRACE] step=240 sim_t=2.400 mode=free phi=0.00235 box_xy=-0.00000,-0.00000 lam_n_ee_box=nan qy=-0.00002 qz=-0.00000 finished_repos=0
[GS-table] step=240
  k=0 (current   ) pos=(+0.077,-0.003,+0.096) c_C3= 155699.59 align=1.0000(bonus=30000.00) rot=+0.0000(bonus=    0.00) travel=0.000m(pen=  0.00) c_sample= 125699.59 feas=Y ik_err=0.0000m  ← WIN
  k=1 (prev_repos) pos=(+0.019,+0.080,+0.030) c_C3= 199518.79 align=0.0000(bonus=    0.00) rot=+0.0000(bonus=    0.00) travel=0.121m(pen= 24.21) c_sample= 199543.01 feas=Y ik_err=0.0000m
  k=2 (strat_0   ) pos=(+0.019,+0.080,+0.030) c_C3= 199518.79 align=0.0000(bonus=    0.00) rot=+0.0000(bonus=    0.00) travel=0.121m(pen= 24.21) c_sample= 199543.01 feas=Y ik_err=0.0000m
[DRAKE-CONTACT] step=240 n_pairs=1 ee_box_normal=0.000
[GATE-CONTACT] step=240 F_W=(+0.0000,+0.0000,+0.0000) F_on_box=(-0.0000,-0.0000,-0.0000) n_face_out=(-0.0000,-0.0000,-0.0000) A_is_ee=0 box_q=(+1.00000,+0.00001,-0.00002,-0.00000) box_p=(-0.00000,-0.00000,+0.04999) ee_p=(+0.07734,-0.00325,+0.09574)
[ADMM-C3+] primal: 5.7461->3.8743  dual: 74.8586->83.4149  mono=False  iters=25/25  rho=25.0
[ADMM-C3+] WARNING non-converged: pr=3.8743 dr=83.4149 tol=1e-03
[C3+] step=835 |u[0]|=7.26N λ_n_max=0.000 η_n_max=0.740 primal=3.874 iters=25/25 lcp_res_max=nan
[ADMIT-GUARD] step=241 admit_active=0 latch=0/0 ee_z=0.098 gate_cap=0
[ALT-GATE] step=241 target_stable=0/0 allow_descent=1
[GS-tgt] step=241 ee=(+0.077,-0.003,+0.098) p_repos=(+0.019,+0.080,+0.030) ee_to_target=0.122m target_label=prev_repos target_changed=N delta=0.000m
[GS] step=241 mode=free switch=kStayInRepos best_k=0 best_src=prev_repos curr_cost=125702.53 repos_cost=199543.12 best_other=199543.12 met_progress=Y steps_since_improve=0 switches=4
[STEP] step=241 mode=free t=2.410s ee=(+0.077,-0.003,+0.098) obj=(-0.000,-0.000,+0.050) goal_dist=0.300m switch=kStayInRepos target=(+0.077,-0.003,+0.097) ee_stride=0.000m ee_to_ptarget=0.122m landing_err=0.1486m ik_ok=Y ik_resid=0.0000m q_max_resid_deg=5.85 target_changed=Y retgt=N held_idx=1 held_cost=199543.12 won_cost=199543.12 margin=+0.00 won_src=prev_repos held_valid=Y reason=hold setpoint_to_ptarget=nanm finished_val=nanm finished_thresh=0.0200m pd_resid=nanm nextwp_to_ptarget=nanm guide_terminal_err=nanm
[GATE-EVOLVE] step=241 curr=125702.53 best_other=199543.12 ratio=0.6300 ee_to_optimal=0.0040m phi=0.0023m
[STAGE-A-TRACE] step=241 sim_t=2.410 mode=free phi=0.00234 box_xy=-0.00000,-0.00000 lam_n_ee_box=nan qy=-0.00002 qz=-0.00000 finished_repos=0
[DRAKE-CONTACT] step=241 n_pairs=1 ee_box_normal=0.000
[GATE-CONTACT] step=241 F_W=(+0.0000,+0.0000,+0.0000) F_on_box=(-0.0000,-0.0000,-0.0000) n_face_out=(-0.0000,-0.0000,-0.0000) A_is_ee=0 box_q=(+1.00000,+0.00001,-0.00002,-0.00000) box_p=(-0.00000,-0.00000,+0.04999) ee_p=(+0.07734,-0.00325,+0.09755)
[ADMM-C3+] primal: 5.7461->3.8743  dual: 74.8586->83.4149  mono=False  iters=25/25  rho=25.0
[ADMM-C3+] WARNING non-converged: pr=3.8743 dr=83.4149 tol=1e-03
[C3+] step=838 |u[0]|=7.32N λ_n_max=0.000 η_n_max=0.740 primal=3.874 iters=25/25 lcp_res_max=nan
[ADMIT-GUARD] step=242 admit_active=0 latch=0/0 ee_z=0.099 gate_cap=0
[ALT-GATE] step=242 target_stable=0/0 allow_descent=1
[GS-tgt] step=242 ee=(+0.077,-0.003,+0.099) p_repos=(+0.019,+0.080,+0.030) ee_to_target=0.123m target_label=prev_repos target_changed=N delta=0.000m
[GS] step=242 mode=free switch=kStayInRepos best_k=0 best_src=prev_repos curr_cost=125705.58 repos_cost=199543.25 best_other=199543.25 met_progress=Y steps_since_improve=0 switches=4
[STEP] step=242 mode=free t=2.420s ee=(+0.077,-0.003,+0.099) obj=(-0.000,-0.000,+0.050) goal_dist=0.300m switch=kStayInRepos target=(+0.077,-0.003,+0.099) ee_stride=0.000m ee_to_ptarget=0.123m landing_err=0.1462m ik_ok=Y ik_resid=0.0000m q_max_resid_deg=5.13 target_changed=Y retgt=N held_idx=1 held_cost=199543.25 won_cost=199543.25 margin=+0.00 won_src=prev_repos held_valid=Y reason=hold setpoint_to_ptarget=nanm finished_val=nanm finished_thresh=0.0200m pd_resid=nanm nextwp_to_ptarget=nanm guide_terminal_err=nanm
[GATE-EVOLVE] step=242 curr=125705.58 best_other=199543.25 ratio=0.6300 ee_to_optimal=0.0040m phi=0.0023m
[STAGE-A-TRACE] step=242 sim_t=2.420 mode=free phi=0.00234 box_xy=-0.00000,-0.00000 lam_n_ee_box=nan qy=-0.00002 qz=-0.00000 finished_repos=0
[DRAKE-CONTACT] step=242 n_pairs=1 ee_box_normal=0.000
[GATE-CONTACT] step=242 F_W=(+0.0000,+0.0000,+0.0000) F_on_box=(-0.0000,-0.0000,-0.0000) n_face_out=(-0.0000,-0.0000,-0.0000) A_is_ee=0 box_q=(+1.00000,+0.00001,-0.00002,-0.00000) box_p=(-0.00000,-0.00000,+0.04999) ee_p=(+0.07734,-0.00325,+0.09936)
[ADMM-C3+] primal: 5.7461->3.8743  dual: 74.8586->83.4149  mono=False  iters=25/25  rho=25.0
[ADMM-C3+] WARNING non-converged: pr=3.8743 dr=83.4149 tol=1e-03
[C3+] step=841 |u[0]|=7.39N λ_n_max=0.000 η_n_max=0.740 primal=3.874 iters=25/25 lcp_res_max=nan
[ADMIT-GUARD] step=243 admit_active=0 latch=0/0 ee_z=0.101 gate_cap=0
[ALT-GATE] step=243 target_stable=0/0 allow_descent=1
[GS-tgt] step=243 ee=(+0.077,-0.003,+0.101) p_repos=(+0.019,+0.080,+0.030) ee_to_target=0.124m target_label=prev_repos target_changed=N delta=0.000m
[GS] step=243 mode=free switch=kStayInRepos best_k=0 best_src=prev_repos curr_cost=125708.74 repos_cost=199543.39 best_other=199543.39 met_progress=Y steps_since_improve=0 switches=4
[STEP] step=243 mode=free t=2.430s ee=(+0.077,-0.003,+0.101) obj=(-0.000,-0.000,+0.050) goal_dist=0.300m switch=kStayInRepos target=(+0.077,-0.003,+0.101) ee_stride=0.000m ee_to_ptarget=0.124m landing_err=0.1439m ik_ok=Y ik_resid=0.0000m q_max_resid_deg=4.41 target_changed=Y retgt=N held_idx=1 held_cost=199543.39 won_cost=199543.39 margin=+0.00 won_src=prev_repos held_valid=Y reason=hold setpoint_to_ptarget=nanm finished_val=nanm finished_thresh=0.0200m pd_resid=nanm nextwp_to_ptarget=nanm guide_terminal_err=nanm
[GATE-EVOLVE] step=243 curr=125708.74 best_other=199543.39 ratio=0.6300 ee_to_optimal=0.0040m phi=0.0024m
[STAGE-A-TRACE] step=243 sim_t=2.430 mode=free phi=0.00236 box_xy=-0.00000,-0.00000 lam_n_ee_box=nan qy=-0.00002 qz=-0.00000 finished_repos=0
[DRAKE-CONTACT] step=243 n_pairs=1 ee_box_normal=0.000
[GATE-CONTACT] step=243 F_W=(+0.0000,+0.0000,+0.0000) F_on_box=(-0.0000,-0.0000,-0.0000) n_face_out=(-0.0000,-0.0000,-0.0000) A_is_ee=0 box_q=(+1.00000,+0.00001,-0.00002,-0.00000) box_p=(-0.00000,-0.00000,+0.04999) ee_p=(+0.07733,-0.00325,+0.10117)
[PERSIST] step=244 refresh n_strategy=1 samples=[(-0.08, -0.039, 0.03)]
[ADMM-C3+] primal: 5.7461->3.8743  dual: 74.8586->83.4149  mono=False  iters=25/25  rho=25.0
[ADMM-C3+] WARNING non-converged: pr=3.8743 dr=83.4149 tol=1e-03
[C3+] step=844 |u[0]|=7.45N λ_n_max=0.000 η_n_max=0.740 primal=3.874 iters=25/25 lcp_res_max=nan
[ADMIT-GUARD] step=244 admit_active=0 latch=0/0 ee_z=0.103 gate_cap=0
[ALT-GATE] step=244 target_stable=0/0 allow_descent=1
[GS-tgt] step=244 ee=(+0.077,-0.003,+0.103) p_repos=(+0.019,+0.080,+0.030) ee_to_target=0.125m target_label=prev_repos target_changed=N delta=0.000m
[GS] step=244 mode=free switch=kStayInRepos best_k=0 best_src=prev_repos curr_cost=125712.01 repos_cost=199543.53 best_other=199543.53 met_progress=Y steps_since_improve=0 switches=4
[STEP] step=244 mode=free t=2.440s ee=(+0.077,-0.003,+0.103) obj=(-0.000,-0.000,+0.050) goal_dist=0.300m switch=kStayInRepos target=(+0.077,-0.003,+0.103) ee_stride=0.000m ee_to_ptarget=0.125m landing_err=0.1417m ik_ok=Y ik_resid=0.0001m q_max_resid_deg=3.69 target_changed=Y retgt=N held_idx=1 held_cost=199543.53 won_cost=199543.53 margin=+0.00 won_src=prev_repos held_valid=Y reason=hold setpoint_to_ptarget=nanm finished_val=nanm finished_thresh=0.0200m pd_resid=nanm nextwp_to_ptarget=nanm guide_terminal_err=nanm
[GATE-EVOLVE] step=244 curr=125712.01 best_other=199543.53 ratio=0.6300 ee_to_optimal=0.0040m phi=0.0025m
[STAGE-A-TRACE] step=244 sim_t=2.440 mode=free phi=0.00249 box_xy=-0.00000,-0.00000 lam_n_ee_box=nan qy=-0.00002 qz=-0.00000 finished_repos=0
[DRAKE-CONTACT] step=244 n_pairs=1 ee_box_normal=0.000
[GATE-CONTACT] step=244 F_W=(+0.0000,+0.0000,+0.0000) F_on_box=(-0.0000,-0.0000,-0.0000) n_face_out=(-0.0000,-0.0000,-0.0000) A_is_ee=0 box_q=(+1.00000,+0.00001,-0.00002,-0.00000) box_p=(-0.00000,-0.00000,+0.04999) ee_p=(+0.07733,-0.00325,+0.10297)
[ADMM-C3+] primal: 5.7461->3.8743  dual: 74.8586->83.4149  mono=False  iters=25/25  rho=25.0
[ADMM-C3+] WARNING non-converged: pr=3.8743 dr=83.4149 tol=1e-03
[C3+] step=847 |u[0]|=7.52N λ_n_max=0.000 η_n_max=0.740 primal=3.874 iters=25/25 lcp_res_max=nan
[ADMIT-GUARD] step=245 admit_active=0 latch=0/0 ee_z=0.105 gate_cap=0
[ALT-GATE] step=245 target_stable=0/0 allow_descent=1
[GS-tgt] step=245 ee=(+0.077,-0.003,+0.105) p_repos=(+0.019,+0.080,+0.030) ee_to_target=0.126m target_label=prev_repos target_changed=N delta=0.000m
[GS] step=245 mode=free switch=kStayInRepos best_k=0 best_src=prev_repos curr_cost=125715.40 repos_cost=199543.68 best_other=199543.68 met_progress=Y steps_since_improve=0 switches=4
[STEP] step=245 mode=free t=2.450s ee=(+0.077,-0.003,+0.105) obj=(-0.000,-0.000,+0.050) goal_dist=0.300m switch=kStayInRepos target=(+0.077,-0.003,+0.104) ee_stride=0.000m ee_to_ptarget=0.126m landing_err=0.1395m ik_ok=Y ik_resid=0.0001m q_max_resid_deg=2.97 target_changed=Y retgt=N held_idx=1 held_cost=199543.68 won_cost=199543.68 margin=+0.00 won_src=prev_repos held_valid=Y reason=hold setpoint_to_ptarget=nanm finished_val=nanm finished_thresh=0.0200m pd_resid=nanm nextwp_to_ptarget=nanm guide_terminal_err=nanm
[GATE-EVOLVE] step=245 curr=125715.40 best_other=199543.68 ratio=0.6300 ee_to_optimal=0.0040m phi=0.0027m
[STAGE-A-TRACE] step=245 sim_t=2.450 mode=free phi=0.00274 box_xy=-0.00000,-0.00000 lam_n_ee_box=nan qy=-0.00002 qz=-0.00000 finished_repos=0
[DRAKE-CONTACT] step=245 n_pairs=1 ee_box_normal=0.000
[GATE-CONTACT] step=245 F_W=(+0.0000,+0.0000,+0.0000) F_on_box=(-0.0000,-0.0000,-0.0000) n_face_out=(-0.0000,-0.0000,-0.0000) A_is_ee=0 box_q=(+1.00000,+0.00001,-0.00002,-0.00000) box_p=(-0.00000,-0.00000,+0.04999) ee_p=(+0.07733,-0.00324,+0.10478)
[ADMM-C3+] primal: 5.7461->3.8743  dual: 74.8586->83.4149  mono=False  iters=25/25  rho=25.0
[ADMM-C3+] WARNING non-converged: pr=3.8743 dr=83.4149 tol=1e-03
[C3+] step=850 |u[0]|=7.59N λ_n_max=0.000 η_n_max=0.740 primal=3.874 iters=25/25 lcp_res_max=nan
[ADMIT-GUARD] step=246 admit_active=0 latch=0/0 ee_z=0.107 gate_cap=0
[ALT-GATE] step=246 target_stable=0/0 allow_descent=1
[GS-tgt] step=246 ee=(+0.077,-0.003,+0.107) p_repos=(+0.019,+0.080,+0.030) ee_to_target=0.127m target_label=prev_repos target_changed=N delta=0.000m
[GS] step=246 mode=free switch=kStayInRepos best_k=0 best_src=prev_repos curr_cost=125718.89 repos_cost=199543.84 best_other=199543.84 met_progress=Y steps_since_improve=0 switches=4
[STEP] step=246 mode=free t=2.460s ee=(+0.077,-0.003,+0.107) obj=(-0.000,-0.000,+0.050) goal_dist=0.300m switch=kStayInRepos target=(+0.077,-0.003,+0.106) ee_stride=0.000m ee_to_ptarget=0.127m landing_err=0.1375m ik_ok=Y ik_resid=0.0001m q_max_resid_deg=2.70 target_changed=Y retgt=N held_idx=1 held_cost=199543.84 won_cost=199543.84 margin=+0.00 won_src=prev_repos held_valid=Y reason=hold setpoint_to_ptarget=nanm finished_val=nanm finished_thresh=0.0200m pd_resid=nanm nextwp_to_ptarget=nanm guide_terminal_err=nanm
[GATE-EVOLVE] step=246 curr=125718.89 best_other=199543.84 ratio=0.6300 ee_to_optimal=0.0040m phi=0.0031m
[STAGE-A-TRACE] step=246 sim_t=2.460 mode=free phi=0.00311 box_xy=-0.00000,-0.00000 lam_n_ee_box=nan qy=-0.00002 qz=-0.00000 finished_repos=0
[DRAKE-CONTACT] step=246 n_pairs=1 ee_box_normal=0.000
[GATE-CONTACT] step=246 F_W=(+0.0000,+0.0000,+0.0000) F_on_box=(-0.0000,-0.0000,-0.0000) n_face_out=(-0.0000,-0.0000,-0.0000) A_is_ee=0 box_q=(+1.00000,+0.00001,-0.00002,-0.00000) box_p=(-0.00000,-0.00000,+0.04999) ee_p=(+0.07732,-0.00324,+0.10658)
[ADMM-C3+] primal: 5.7461->3.8743  dual: 74.8587->83.4149  mono=False  iters=25/25  rho=25.0
[ADMM-C3+] WARNING non-converged: pr=3.8743 dr=83.4149 tol=1e-03
[C3+] step=853 |u[0]|=7.66N λ_n_max=0.000 η_n_max=0.740 primal=3.874 iters=25/25 lcp_res_max=nan
[ADMIT-GUARD] step=247 admit_active=0 latch=0/0 ee_z=0.108 gate_cap=0
[ALT-GATE] step=247 target_stable=0/0 allow_descent=1
[GS-tgt] step=247 ee=(+0.077,-0.003,+0.108) p_repos=(+0.019,+0.080,+0.030) ee_to_target=0.128m target_label=prev_repos target_changed=N delta=0.000m
[GS] step=247 mode=free switch=kStayInRepos best_k=0 best_src=prev_repos curr_cost=125722.49 repos_cost=199544.01 best_other=199544.01 met_progress=Y steps_since_improve=0 switches=4
[STEP] step=247 mode=free t=2.470s ee=(+0.077,-0.003,+0.108) obj=(-0.000,-0.000,+0.050) goal_dist=0.300m switch=kStayInRepos target=(+0.077,-0.003,+0.108) ee_stride=0.000m ee_to_ptarget=0.128m landing_err=0.1355m ik_ok=Y ik_resid=0.0001m q_max_resid_deg=2.62 target_changed=Y retgt=N held_idx=1 held_cost=199544.01 won_cost=199544.01 margin=+0.00 won_src=prev_repos held_valid=Y reason=hold setpoint_to_ptarget=nanm finished_val=nanm finished_thresh=0.0200m pd_resid=nanm nextwp_to_ptarget=nanm guide_terminal_err=nanm
[GATE-EVOLVE] step=247 curr=125722.49 best_other=199544.01 ratio=0.6300 ee_to_optimal=0.0040m phi=0.0036m
[STAGE-A-TRACE] step=247 sim_t=2.470 mode=free phi=0.00358 box_xy=-0.00000,-0.00000 lam_n_ee_box=nan qy=-0.00002 qz=-0.00000 finished_repos=0
[DRAKE-CONTACT] step=247 n_pairs=1 ee_box_normal=0.000
[GATE-CONTACT] step=247 F_W=(+0.0000,+0.0000,+0.0000) F_on_box=(-0.0000,-0.0000,-0.0000) n_face_out=(-0.0000,-0.0000,-0.0000) A_is_ee=0 box_q=(+1.00000,+0.00001,-0.00002,-0.00000) box_p=(-0.00000,-0.00000,+0.04999) ee_p=(+0.07732,-0.00324,+0.10838)
[ADMM-C3+] primal: 5.7461->3.8743  dual: 74.8587->83.4149  mono=False  iters=25/25  rho=25.0
[ADMM-C3+] WARNING non-converged: pr=3.8743 dr=83.4149 tol=1e-03
[C3+] step=856 |u[0]|=7.73N λ_n_max=0.000 η_n_max=0.740 primal=3.874 iters=25/25 lcp_res_max=nan
[ADMIT-GUARD] step=248 admit_active=0 latch=0/0 ee_z=0.110 gate_cap=0
[ALT-GATE] step=248 target_stable=0/0 allow_descent=1
[GS-tgt] step=248 ee=(+0.077,-0.003,+0.110) p_repos=(+0.019,+0.080,+0.030) ee_to_target=0.129m target_label=prev_repos target_changed=N delta=0.000m
[GS] step=248 mode=free switch=kStayInRepos best_k=0 best_src=prev_repos curr_cost=125726.21 repos_cost=199544.18 best_other=199544.18 met_progress=Y steps_since_improve=0 switches=4
[STEP] step=248 mode=free t=2.480s ee=(+0.077,-0.003,+0.110) obj=(-0.000,-0.000,+0.050) goal_dist=0.300m switch=kStayInRepos target=(+0.077,-0.003,+0.110) ee_stride=0.000m ee_to_ptarget=0.129m landing_err=0.1336m ik_ok=Y ik_resid=0.0001m q_max_resid_deg=3.09 target_changed=Y retgt=N held_idx=1 held_cost=199544.18 won_cost=199544.18 margin=+0.00 won_src=prev_repos held_valid=Y reason=hold setpoint_to_ptarget=nanm finished_val=nanm finished_thresh=0.0200m pd_resid=nanm nextwp_to_ptarget=nanm guide_terminal_err=nanm
[GATE-EVOLVE] step=248 curr=125726.21 best_other=199544.18 ratio=0.6301 ee_to_optimal=0.0040m phi=0.0042m
[STAGE-A-TRACE] step=248 sim_t=2.480 mode=free phi=0.00416 box_xy=-0.00000,-0.00000 lam_n_ee_box=nan qy=-0.00002 qz=-0.00000 finished_repos=0
[DRAKE-CONTACT] step=248 n_pairs=1 ee_box_normal=0.000
[GATE-CONTACT] step=248 F_W=(+0.0000,+0.0000,+0.0000) F_on_box=(-0.0000,-0.0000,-0.0000) n_face_out=(-0.0000,-0.0000,-0.0000) A_is_ee=0 box_q=(+1.00000,+0.00001,-0.00002,-0.00000) box_p=(-0.00000,-0.00000,+0.04999) ee_p=(+0.07732,-0.00324,+0.11018)
[ADMM-C3+] primal: 5.7461->3.8743  dual: 74.8587->83.4149  mono=False  iters=25/25  rho=25.0
[ADMM-C3+] WARNING non-converged: pr=3.8743 dr=83.4149 tol=1e-03
[C3+] step=859 |u[0]|=7.80N λ_n_max=0.000 η_n_max=0.740 primal=3.874 iters=25/25 lcp_res_max=nan
[ADMIT-GUARD] step=249 admit_active=0 latch=0/0 ee_z=0.112 gate_cap=0
[ALT-GATE] step=249 target_stable=0/0 allow_descent=1
[GS-tgt] step=249 ee=(+0.077,-0.003,+0.112) p_repos=(+0.019,+0.080,+0.030) ee_to_target=0.131m target_label=prev_repos target_changed=N delta=0.000m
[GS] step=249 mode=free switch=kStayInRepos best_k=0 best_src=prev_repos curr_cost=125730.03 repos_cost=199544.35 best_other=199544.35 met_progress=Y steps_since_improve=0 switches=4
[STEP] step=249 mode=free t=2.490s ee=(+0.077,-0.003,+0.112) obj=(-0.000,-0.000,+0.050) goal_dist=0.300m switch=kStayInRepos target=(+0.077,-0.003,+0.112) ee_stride=0.000m ee_to_ptarget=0.131m landing_err=0.1318m ik_ok=Y ik_resid=0.0002m q_max_resid_deg=3.78 target_changed=Y retgt=N held_idx=1 held_cost=199544.35 won_cost=199544.35 margin=+0.00 won_src=prev_repos held_valid=Y reason=hold setpoint_to_ptarget=nanm finished_val=nanm finished_thresh=0.0200m pd_resid=nanm nextwp_to_ptarget=nanm guide_terminal_err=nanm
[GATE-EVOLVE] step=249 curr=125730.03 best_other=199544.35 ratio=0.6301 ee_to_optimal=0.0040m phi=0.0048m
[STAGE-A-TRACE] step=249 sim_t=2.490 mode=free phi=0.00484 box_xy=-0.00000,-0.00000 lam_n_ee_box=nan qy=-0.00002 qz=-0.00000 finished_repos=0
[DRAKE-CONTACT] step=249 n_pairs=1 ee_box_normal=0.000
[GATE-CONTACT] step=249 F_W=(+0.0000,+0.0000,+0.0000) F_on_box=(-0.0000,-0.0000,-0.0000) n_face_out=(-0.0000,-0.0000,-0.0000) A_is_ee=0 box_q=(+1.00000,+0.00001,-0.00002,-0.00000) box_p=(-0.00000,-0.00000,+0.04999) ee_p=(+0.07732,-0.00324,+0.11198)
[ADMM-C3+] primal: 5.7461->3.8743  dual: 74.8587->83.4149  mono=False  iters=25/25  rho=25.0
[ADMM-C3+] WARNING non-converged: pr=3.8743 dr=83.4149 tol=1e-03
[C3+] step=862 |u[0]|=7.88N λ_n_max=0.000 η_n_max=0.740 primal=3.874 iters=25/25 lcp_res_max=nan
[ADMIT-GUARD] step=250 admit_active=0 latch=0/0 ee_z=0.114 gate_cap=0
[ALT-GATE] step=250 target_stable=0/0 allow_descent=1
[GS-tgt] step=250 ee=(+0.077,-0.003,+0.114) p_repos=(+0.019,+0.080,+0.030) ee_to_target=0.132m target_label=prev_repos target_changed=N delta=0.000m
[IMP] step=250 mode=free |x_err|=0.0004m |tau_imp|=0.14Nm |tau_ff|=0.00Nm |tau_out|=0.14Nm sat=False lam_n=False lam_t=False
[GS] step=250 mode=free switch=kStayInRepos best_k=0 best_src=prev_repos curr_cost=125733.97 repos_cost=199544.52 best_other=199544.52 met_progress=Y steps_since_improve=0 switches=4
[STEP] step=250 mode=free t=2.500s ee=(+0.077,-0.003,+0.114) obj=(-0.000,-0.000,+0.050) goal_dist=0.300m switch=kStayInRepos target=(+0.077,-0.003,+0.113) ee_stride=0.000m ee_to_ptarget=0.132m landing_err=0.1301m ik_ok=Y ik_resid=0.0002m q_max_resid_deg=4.47 target_changed=Y retgt=N held_idx=1 held_cost=199544.52 won_cost=199544.52 margin=+0.00 won_src=prev_repos held_valid=Y reason=hold setpoint_to_ptarget=nanm finished_val=nanm finished_thresh=0.0200m pd_resid=nanm nextwp_to_ptarget=nanm guide_terminal_err=nanm
[GATE-EVOLVE] step=250 curr=125733.97 best_other=199544.52 ratio=0.6301 ee_to_optimal=0.0040m phi=0.0056m
[STAGE-A-TRACE] step=250 sim_t=2.500 mode=free phi=0.00560 box_xy=-0.00000,-0.00000 lam_n_ee_box=nan qy=-0.00002 qz=-0.00000 finished_repos=0
[DRAKE-CONTACT] step=250 n_pairs=1 ee_box_normal=0.000
[GATE-CONTACT] step=250 F_W=(+0.0000,+0.0000,+0.0000) F_on_box=(-0.0000,-0.0000,-0.0000) n_face_out=(-0.0000,-0.0000,-0.0000) A_is_ee=0 box_q=(+1.00000,+0.00001,-0.00002,-0.00000) box_p=(-0.00000,-0.00000,+0.04999) ee_p=(+0.07732,-0.00323,+0.11378)
[ADMM-C3+] primal: 5.7461->3.8743  dual: 74.8587->83.4148  mono=False  iters=25/25  rho=25.0
[ADMM-C3+] WARNING non-converged: pr=3.8743 dr=83.4148 tol=1e-03
[C3+] step=865 |u[0]|=7.95N λ_n_max=0.000 η_n_max=0.740 primal=3.874 iters=25/25 lcp_res_max=nan
[ADMIT-GUARD] step=251 admit_active=0 latch=0/0 ee_z=0.116 gate_cap=0
[ALT-GATE] step=251 target_stable=0/0 allow_descent=1
[GS-tgt] step=251 ee=(+0.077,-0.003,+0.116) p_repos=(+0.019,+0.080,+0.030) ee_to_target=0.133m target_label=prev_repos target_changed=N delta=0.000m
[GS] step=251 mode=free switch=kStayInRepos best_k=0 best_src=prev_repos curr_cost=125738.01 repos_cost=199544.70 best_other=199544.70 met_progress=Y steps_since_improve=0 switches=4
[STEP] step=251 mode=free t=2.510s ee=(+0.077,-0.003,+0.116) obj=(-0.000,-0.000,+0.050) goal_dist=0.300m switch=kStayInRepos target=(+0.077,-0.003,+0.115) ee_stride=0.000m ee_to_ptarget=0.133m landing_err=0.1286m ik_ok=Y ik_resid=0.0002m q_max_resid_deg=5.17 target_changed=Y retgt=N held_idx=1 held_cost=199544.70 won_cost=199544.70 margin=+0.00 won_src=prev_repos held_valid=Y reason=hold setpoint_to_ptarget=nanm finished_val=nanm finished_thresh=0.0200m pd_resid=nanm nextwp_to_ptarget=nanm guide_terminal_err=nanm
[GATE-EVOLVE] step=251 curr=125738.01 best_other=199544.70 ratio=0.6301 ee_to_optimal=0.0040m phi=0.0065m
[STAGE-A-TRACE] step=251 sim_t=2.510 mode=free phi=0.00645 box_xy=-0.00000,-0.00000 lam_n_ee_box=nan qy=-0.00002 qz=-0.00000 finished_repos=0
  t=2.50s | ee=(0.077, -0.003, 0.116) | obj=(-0.000, -0.000, 0.050) | |u|=0.14 Nm | goal_dist=0.300 m
[DRAKE-CONTACT] step=251 n_pairs=1 ee_box_normal=0.000
[GATE-CONTACT] step=251 F_W=(+0.0000,+0.0000,+0.0000) F_on_box=(-0.0000,-0.0000,-0.0000) n_face_out=(-0.0000,-0.0000,-0.0000) A_is_ee=0 box_q=(+1.00000,+0.00001,-0.00002,-0.00000) box_p=(-0.00000,-0.00000,+0.04999) ee_p=(+0.07732,-0.00323,+0.11558)
[ADMM-C3+] primal: 5.7461->3.8743  dual: 74.8587->83.4148  mono=False  iters=25/25  rho=25.0
[ADMM-C3+] WARNING non-converged: pr=3.8743 dr=83.4148 tol=1e-03
[C3+] step=868 |u[0]|=8.03N λ_n_max=0.000 η_n_max=0.740 primal=3.874 iters=25/25 lcp_res_max=nan
[ADMIT-GUARD] step=252 admit_active=0 latch=0/0 ee_z=0.117 gate_cap=0
[ALT-GATE] step=252 target_stable=0/0 allow_descent=1
[GS-tgt] step=252 ee=(+0.077,-0.003,+0.117) p_repos=(+0.019,+0.080,+0.030) ee_to_target=0.134m target_label=prev_repos target_changed=N delta=0.000m
[GS] step=252 mode=free switch=kStayInRepos best_k=0 best_src=prev_repos curr_cost=125742.16 repos_cost=199544.88 best_other=199544.88 met_progress=Y steps_since_improve=0 switches=4
[STEP] step=252 mode=free t=2.520s ee=(+0.077,-0.003,+0.117) obj=(-0.000,-0.000,+0.050) goal_dist=0.300m switch=kStayInRepos target=(+0.077,-0.003,+0.117) ee_stride=0.000m ee_to_ptarget=0.134m landing_err=0.1271m ik_ok=Y ik_resid=0.0002m q_max_resid_deg=5.87 target_changed=Y retgt=N held_idx=1 held_cost=199544.88 won_cost=199544.88 margin=+0.00 won_src=prev_repos held_valid=Y reason=hold setpoint_to_ptarget=nanm finished_val=nanm finished_thresh=0.0200m pd_resid=nanm nextwp_to_ptarget=nanm guide_terminal_err=nanm
[GATE-EVOLVE] step=252 curr=125742.16 best_other=199544.88 ratio=0.6301 ee_to_optimal=0.0040m phi=0.0074m
[STAGE-A-TRACE] step=252 sim_t=2.520 mode=free phi=0.00738 box_xy=-0.00000,-0.00000 lam_n_ee_box=nan qy=-0.00002 qz=-0.00000 finished_repos=0
[DRAKE-CONTACT] step=252 n_pairs=1 ee_box_normal=0.000
[GATE-CONTACT] step=252 F_W=(+0.0000,+0.0000,+0.0000) F_on_box=(-0.0000,-0.0000,-0.0000) n_face_out=(-0.0000,-0.0000,-0.0000) A_is_ee=0 box_q=(+1.00000,+0.00001,-0.00002,-0.00000) box_p=(-0.00000,-0.00000,+0.04999) ee_p=(+0.07731,-0.00323,+0.11738)
[ADMM-C3+] primal: 5.7461->3.8743  dual: 74.8587->83.4148  mono=False  iters=25/25  rho=25.0
[ADMM-C3+] WARNING non-converged: pr=3.8743 dr=83.4148 tol=1e-03
[C3+] step=871 |u[0]|=8.11N λ_n_max=0.000 η_n_max=0.740 primal=3.874 iters=25/25 lcp_res_max=nan
[ADMIT-GUARD] step=253 admit_active=0 latch=0/0 ee_z=0.119 gate_cap=0
[ALT-GATE] step=253 target_stable=0/0 allow_descent=1
[GS-tgt] step=253 ee=(+0.077,-0.003,+0.119) p_repos=(+0.019,+0.080,+0.030) ee_to_target=0.135m target_label=prev_repos target_changed=N delta=0.000m
[GS] step=253 mode=free switch=kStayInRepos best_k=0 best_src=prev_repos curr_cost=125746.42 repos_cost=199545.05 best_other=199545.05 met_progress=Y steps_since_improve=0 switches=4
[STEP] step=253 mode=free t=2.530s ee=(+0.077,-0.003,+0.119) obj=(-0.000,-0.000,+0.050) goal_dist=0.300m switch=kStayInRepos target=(+0.077,-0.003,+0.119) ee_stride=0.000m ee_to_ptarget=0.135m landing_err=0.1257m ik_ok=Y ik_resid=0.0003m q_max_resid_deg=6.57 target_changed=Y retgt=N held_idx=1 held_cost=199545.05 won_cost=199545.05 margin=+0.00 won_src=prev_repos held_valid=Y reason=hold setpoint_to_ptarget=nanm finished_val=nanm finished_thresh=0.0200m pd_resid=nanm nextwp_to_ptarget=nanm guide_terminal_err=nanm
[GATE-EVOLVE] step=253 curr=125746.42 best_other=199545.05 ratio=0.6302 ee_to_optimal=0.0040m phi=0.0084m
[STAGE-A-TRACE] step=253 sim_t=2.530 mode=free phi=0.00838 box_xy=-0.00000,-0.00000 lam_n_ee_box=nan qy=-0.00002 qz=-0.00000 finished_repos=0
[DRAKE-CONTACT] step=253 n_pairs=1 ee_box_normal=0.000
[GATE-CONTACT] step=253 F_W=(+0.0000,+0.0000,+0.0000) F_on_box=(-0.0000,-0.0000,-0.0000) n_face_out=(-0.0000,-0.0000,-0.0000) A_is_ee=0 box_q=(+1.00000,+0.00001,-0.00002,-0.00000) box_p=(-0.00000,-0.00000,+0.04999) ee_p=(+0.07731,-0.00323,+0.11918)
[ADMM-C3+] primal: 5.7461->3.8743  dual: 74.8587->83.4148  mono=False  iters=25/25  rho=25.0
[ADMM-C3+] WARNING non-converged: pr=3.8743 dr=83.4148 tol=1e-03
[C3+] step=874 |u[0]|=8.19N λ_n_max=0.000 η_n_max=0.740 primal=3.874 iters=25/25 lcp_res_max=nan
[ADMIT-GUARD] step=254 admit_active=0 latch=0/0 ee_z=0.121 gate_cap=0
[ALT-GATE] step=254 target_stable=0/0 allow_descent=1
[GS-tgt] step=254 ee=(+0.077,-0.003,+0.121) p_repos=(+0.019,+0.080,+0.030) ee_to_target=0.136m target_label=prev_repos target_changed=N delta=0.000m
[GS] step=254 mode=free switch=kStayInRepos best_k=0 best_src=prev_repos curr_cost=125750.80 repos_cost=199545.23 best_other=199545.23 met_progress=Y steps_since_improve=0 switches=4
[STEP] step=254 mode=free t=2.540s ee=(+0.077,-0.003,+0.121) obj=(-0.000,-0.000,+0.050) goal_dist=0.300m switch=kStayInRepos target=(+0.077,-0.003,+0.121) ee_stride=0.000m ee_to_ptarget=0.136m landing_err=0.1244m ik_ok=Y ik_resid=0.0003m q_max_resid_deg=7.28 target_changed=Y retgt=N held_idx=1 held_cost=199545.23 won_cost=199545.23 margin=+0.00 won_src=prev_repos held_valid=Y reason=hold setpoint_to_ptarget=nanm finished_val=nanm finished_thresh=0.0200m pd_resid=nanm nextwp_to_ptarget=nanm guide_terminal_err=nanm
[GATE-EVOLVE] step=254 curr=125750.80 best_other=199545.23 ratio=0.6302 ee_to_optimal=0.0040m phi=0.0094m
[STAGE-A-TRACE] step=254 sim_t=2.540 mode=free phi=0.00944 box_xy=-0.00000,-0.00000 lam_n_ee_box=nan qy=-0.00002 qz=-0.00000 finished_repos=0
[DRAKE-CONTACT] step=254 n_pairs=1 ee_box_normal=0.000
[GATE-CONTACT] step=254 F_W=(+0.0000,+0.0000,+0.0000) F_on_box=(-0.0000,-0.0000,-0.0000) n_face_out=(-0.0000,-0.0000,-0.0000) A_is_ee=0 box_q=(+1.00000,+0.00001,-0.00002,-0.00000) box_p=(-0.00000,-0.00000,+0.04999) ee_p=(+0.07731,-0.00322,+0.12097)
[ADMM-C3+] primal: 5.7461->3.8743  dual: 74.8587->83.4148  mono=False  iters=25/25  rho=25.0
[ADMM-C3+] WARNING non-converged: pr=3.8743 dr=83.4148 tol=1e-03
[C3+] step=877 |u[0]|=8.27N λ_n_max=0.000 η_n_max=0.740 primal=3.874 iters=25/25 lcp_res_max=nan
[ADMIT-GUARD] step=255 admit_active=0 latch=0/0 ee_z=0.123 gate_cap=0
[ALT-GATE] step=255 target_stable=0/0 allow_descent=1
[GS-tgt] step=255 ee=(+0.077,-0.003,+0.123) p_repos=(+0.019,+0.080,+0.030) ee_to_target=0.138m target_label=prev_repos target_changed=N delta=0.000m
[GS] step=255 mode=free switch=kStayInRepos best_k=0 best_src=prev_repos curr_cost=125755.27 repos_cost=199545.40 best_other=199545.40 met_progress=Y steps_since_improve=0 switches=4
[STEP] step=255 mode=free t=2.550s ee=(+0.077,-0.003,+0.123) obj=(-0.000,-0.000,+0.050) goal_dist=0.300m switch=kStayInRepos target=(+0.077,-0.003,+0.122) ee_stride=0.000m ee_to_ptarget=0.138m landing_err=0.1233m ik_ok=Y ik_resid=0.0003m q_max_resid_deg=7.99 target_changed=Y retgt=N held_idx=1 held_cost=199545.40 won_cost=199545.40 margin=+0.00 won_src=prev_repos held_valid=Y reason=hold setpoint_to_ptarget=nanm finished_val=nanm finished_thresh=0.0200m pd_resid=nanm nextwp_to_ptarget=nanm guide_terminal_err=nanm
[GATE-EVOLVE] step=255 curr=125755.27 best_other=199545.40 ratio=0.6302 ee_to_optimal=0.0040m phi=0.0106m
[STAGE-A-TRACE] step=255 sim_t=2.550 mode=free phi=0.01057 box_xy=-0.00000,-0.00000 lam_n_ee_box=nan qy=-0.00002 qz=-0.00000 finished_repos=0
[DRAKE-CONTACT] step=255 n_pairs=1 ee_box_normal=0.000
[GATE-CONTACT] step=255 F_W=(+0.0000,+0.0000,+0.0000) F_on_box=(-0.0000,-0.0000,-0.0000) n_face_out=(-0.0000,-0.0000,-0.0000) A_is_ee=0 box_q=(+1.00000,+0.00001,-0.00002,-0.00000) box_p=(-0.00000,-0.00000,+0.04999) ee_p=(+0.07731,-0.00322,+0.12277)
[ADMM-C3+] primal: 5.7461->3.8743  dual: 74.8587->83.4148  mono=False  iters=25/25  rho=25.0
[ADMM-C3+] WARNING non-converged: pr=3.8743 dr=83.4148 tol=1e-03
[C3+] step=880 |u[0]|=8.36N λ_n_max=0.000 η_n_max=0.740 primal=3.874 iters=25/25 lcp_res_max=nan
[ADMIT-GUARD] step=256 admit_active=0 latch=0/0 ee_z=0.125 gate_cap=0
[ALT-GATE] step=256 target_stable=0/0 allow_descent=1
[GS-tgt] step=256 ee=(+0.077,-0.003,+0.125) p_repos=(+0.019,+0.080,+0.030) ee_to_target=0.139m target_label=prev_repos target_changed=N delta=0.000m
[GS] step=256 mode=free switch=kStayInRepos best_k=0 best_src=prev_repos curr_cost=125759.86 repos_cost=199545.58 best_other=199545.58 met_progress=Y steps_since_improve=0 switches=4
[STEP] step=256 mode=free t=2.560s ee=(+0.077,-0.003,+0.125) obj=(-0.000,-0.000,+0.050) goal_dist=0.300m switch=kStayInRepos target=(+0.077,-0.003,+0.124) ee_stride=0.000m ee_to_ptarget=0.139m landing_err=0.1223m ik_ok=Y ik_resid=0.0004m q_max_resid_deg=8.71 target_changed=Y retgt=N held_idx=1 held_cost=199545.58 won_cost=199545.58 margin=+0.00 won_src=prev_repos held_valid=Y reason=hold setpoint_to_ptarget=nanm finished_val=nanm finished_thresh=0.0200m pd_resid=nanm nextwp_to_ptarget=nanm guide_terminal_err=nanm
[GATE-EVOLVE] step=256 curr=125759.86 best_other=199545.58 ratio=0.6302 ee_to_optimal=0.0040m phi=0.0117m
[STAGE-A-TRACE] step=256 sim_t=2.560 mode=free phi=0.01174 box_xy=-0.00000,-0.00000 lam_n_ee_box=nan qy=-0.00002 qz=-0.00000 finished_repos=0
[DRAKE-CONTACT] step=256 n_pairs=1 ee_box_normal=0.000
[GATE-CONTACT] step=256 F_W=(+0.0000,+0.0000,+0.0000) F_on_box=(-0.0000,-0.0000,-0.0000) n_face_out=(-0.0000,-0.0000,-0.0000) A_is_ee=0 box_q=(+1.00000,+0.00001,-0.00002,-0.00000) box_p=(-0.00000,-0.00000,+0.04999) ee_p=(+0.07731,-0.00322,+0.12457)
[ADMM-C3+] primal: 5.7461->3.8743  dual: 74.8587->83.4148  mono=False  iters=25/25  rho=25.0
[ADMM-C3+] WARNING non-converged: pr=3.8743 dr=83.4148 tol=1e-03
[C3+] step=883 |u[0]|=8.44N λ_n_max=0.000 η_n_max=0.740 primal=3.874 iters=25/25 lcp_res_max=nan
[ADMIT-GUARD] step=257 admit_active=0 latch=0/0 ee_z=0.126 gate_cap=0
[ALT-GATE] step=257 target_stable=0/0 allow_descent=1
[GS-tgt] step=257 ee=(+0.077,-0.003,+0.126) p_repos=(+0.019,+0.080,+0.030) ee_to_target=0.140m target_label=prev_repos target_changed=N delta=0.000m
[GS] step=257 mode=free switch=kStayInRepos best_k=0 best_src=prev_repos curr_cost=125764.56 repos_cost=199545.74 best_other=199545.74 met_progress=Y steps_since_improve=0 switches=4
[STEP] step=257 mode=free t=2.570s ee=(+0.077,-0.003,+0.126) obj=(-0.000,-0.000,+0.050) goal_dist=0.300m switch=kStayInRepos target=(+0.077,-0.003,+0.126) ee_stride=0.000m ee_to_ptarget=0.140m landing_err=0.1214m ik_ok=Y ik_resid=0.0004m q_max_resid_deg=9.43 target_changed=Y retgt=N held_idx=1 held_cost=199545.74 won_cost=199545.74 margin=+0.00 won_src=prev_repos held_valid=Y reason=hold setpoint_to_ptarget=nanm finished_val=nanm finished_thresh=0.0200m pd_resid=nanm nextwp_to_ptarget=nanm guide_terminal_err=nanm
[GATE-EVOLVE] step=257 curr=125764.56 best_other=199545.74 ratio=0.6303 ee_to_optimal=0.0040m phi=0.0130m
[STAGE-A-TRACE] step=257 sim_t=2.570 mode=free phi=0.01297 box_xy=-0.00000,-0.00000 lam_n_ee_box=nan qy=-0.00002 qz=-0.00000 finished_repos=0
[DRAKE-CONTACT] step=257 n_pairs=1 ee_box_normal=0.000
[GATE-CONTACT] step=257 F_W=(+0.0000,+0.0000,+0.0000) F_on_box=(-0.0000,-0.0000,-0.0000) n_face_out=(-0.0000,-0.0000,-0.0000) A_is_ee=0 box_q=(+1.00000,+0.00001,-0.00002,-0.00000) box_p=(-0.00000,-0.00000,+0.04999) ee_p=(+0.07731,-0.00321,+0.12637)
[ADMM-C3+] primal: 5.7461->3.8743  dual: 74.8587->83.4148  mono=False  iters=25/25  rho=25.0
[ADMM-C3+] WARNING non-converged: pr=3.8743 dr=83.4148 tol=1e-03
[C3+] step=886 |u[0]|=8.52N λ_n_max=0.000 η_n_max=0.740 primal=3.874 iters=25/25 lcp_res_max=nan
[ADMIT-GUARD] step=258 admit_active=0 latch=0/0 ee_z=0.128 gate_cap=0
[ALT-GATE] step=258 target_stable=0/0 allow_descent=1
[GS-tgt] step=258 ee=(+0.077,-0.003,+0.128) p_repos=(+0.019,+0.080,+0.030) ee_to_target=0.141m target_label=prev_repos target_changed=N delta=0.000m
[GS] step=258 mode=free switch=kStayInRepos best_k=0 best_src=prev_repos curr_cost=125769.36 repos_cost=199545.91 best_other=199545.91 met_progress=Y steps_since_improve=0 switches=4
[STEP] step=258 mode=free t=2.580s ee=(+0.077,-0.003,+0.128) obj=(-0.000,-0.000,+0.050) goal_dist=0.300m switch=kStayInRepos target=(+0.077,-0.003,+0.128) ee_stride=0.000m ee_to_ptarget=0.141m landing_err=0.1206m ik_ok=Y ik_resid=0.0004m q_max_resid_deg=10.15 target_changed=Y retgt=N held_idx=1 held_cost=199545.91 won_cost=199545.91 margin=+0.00 won_src=prev_repos held_valid=Y reason=hold setpoint_to_ptarget=nanm finished_val=nanm finished_thresh=0.0200m pd_resid=nanm nextwp_to_ptarget=nanm guide_terminal_err=nanm
[GATE-EVOLVE] step=258 curr=125769.36 best_other=199545.91 ratio=0.6303 ee_to_optimal=0.0040m phi=0.0142m
[STAGE-A-TRACE] step=258 sim_t=2.580 mode=free phi=0.01424 box_xy=-0.00000,-0.00000 lam_n_ee_box=nan qy=-0.00002 qz=-0.00000 finished_repos=0
[DRAKE-CONTACT] step=258 n_pairs=1 ee_box_normal=0.000
[GATE-CONTACT] step=258 F_W=(+0.0000,+0.0000,+0.0000) F_on_box=(-0.0000,-0.0000,-0.0000) n_face_out=(-0.0000,-0.0000,-0.0000) A_is_ee=0 box_q=(+1.00000,+0.00001,-0.00002,-0.00000) box_p=(-0.00000,-0.00000,+0.04999) ee_p=(+0.07731,-0.00321,+0.12816)
[ADMM-C3+] primal: 5.7461->3.8743  dual: 74.8587->83.4148  mono=False  iters=25/25  rho=25.0
[ADMM-C3+] WARNING non-converged: pr=3.8743 dr=83.4148 tol=1e-03
[C3+] step=889 |u[0]|=8.61N λ_n_max=0.000 η_n_max=0.740 primal=3.874 iters=25/25 lcp_res_max=nan
[ADMIT-GUARD] step=259 admit_active=0 latch=0/0 ee_z=0.130 gate_cap=0
[ALT-GATE] step=259 target_stable=0/0 allow_descent=1
[GS-tgt] step=259 ee=(+0.077,-0.003,+0.130) p_repos=(+0.019,+0.080,+0.030) ee_to_target=0.143m target_label=prev_repos target_changed=N delta=0.000m
[GS] step=259 mode=free switch=kStayInRepos best_k=0 best_src=prev_repos curr_cost=125774.27 repos_cost=199546.07 best_other=199546.07 met_progress=Y steps_since_improve=0 switches=4
[STEP] step=259 mode=free t=2.590s ee=(+0.077,-0.003,+0.130) obj=(-0.000,-0.000,+0.050) goal_dist=0.300m switch=kStayInRepos target=(+0.077,-0.003,+0.130) ee_stride=0.000m ee_to_ptarget=0.143m landing_err=0.1199m ik_ok=Y ik_resid=0.0005m q_max_resid_deg=10.88 target_changed=Y retgt=N held_idx=1 held_cost=199546.07 won_cost=199546.07 margin=+0.00 won_src=prev_repos held_valid=Y reason=hold setpoint_to_ptarget=nanm finished_val=nanm finished_thresh=0.0200m pd_resid=nanm nextwp_to_ptarget=nanm guide_terminal_err=nanm
[GATE-EVOLVE] step=259 curr=125774.27 best_other=199546.07 ratio=0.6303 ee_to_optimal=0.0040m phi=0.0155m
[STAGE-A-TRACE] step=259 sim_t=2.590 mode=free phi=0.01555 box_xy=-0.00000,-0.00000 lam_n_ee_box=nan qy=-0.00002 qz=-0.00000 finished_repos=0
[DRAKE-CONTACT] step=259 n_pairs=1 ee_box_normal=0.000
[GATE-CONTACT] step=259 F_W=(+0.0000,+0.0000,+0.0000) F_on_box=(-0.0000,-0.0000,-0.0000) n_face_out=(-0.0000,-0.0000,-0.0000) A_is_ee=0 box_q=(+1.00000,+0.00001,-0.00002,-0.00000) box_p=(-0.00000,-0.00000,+0.04999) ee_p=(+0.07731,-0.00321,+0.12996)
[ADMM-C3+] primal: 5.7461->3.8743  dual: 74.8587->83.4148  mono=False  iters=25/25  rho=25.0
[ADMM-C3+] WARNING non-converged: pr=3.8743 dr=83.4148 tol=1e-03
[C3+] step=892 |u[0]|=8.70N λ_n_max=0.000 η_n_max=0.740 primal=3.874 iters=25/25 lcp_res_max=nan
[ADMIT-GUARD] step=260 admit_active=0 latch=0/0 ee_z=0.132 gate_cap=0
[ALT-GATE] step=260 target_stable=0/0 allow_descent=1
[GS-tgt] step=260 ee=(+0.077,-0.003,+0.132) p_repos=(+0.019,+0.080,+0.030) ee_to_target=0.144m target_label=prev_repos target_changed=N delta=0.000m
[IMP] step=260 mode=free |x_err|=0.0004m |tau_imp|=0.12Nm |tau_ff|=0.00Nm |tau_out|=0.12Nm sat=False lam_n=False lam_t=False
[GS] step=260 mode=free switch=kStayInRepos best_k=0 best_src=prev_repos curr_cost=125779.28 repos_cost=199546.22 best_other=199546.22 met_progress=Y steps_since_improve=0 switches=4
[STEP] step=260 mode=free t=2.600s ee=(+0.077,-0.003,+0.132) obj=(-0.000,-0.000,+0.050) goal_dist=0.300m switch=kStayInRepos target=(+0.077,-0.003,+0.131) ee_stride=0.000m ee_to_ptarget=0.144m landing_err=0.1194m ik_ok=Y ik_resid=0.0005m q_max_resid_deg=11.62 target_changed=Y retgt=N held_idx=1 held_cost=199546.22 won_cost=199546.22 margin=+0.00 won_src=prev_repos held_valid=Y reason=hold setpoint_to_ptarget=nanm finished_val=nanm finished_thresh=0.0200m pd_resid=nanm nextwp_to_ptarget=nanm guide_terminal_err=nanm
[GATE-EVOLVE] step=260 curr=125779.28 best_other=199546.22 ratio=0.6303 ee_to_optimal=0.0039m phi=0.0169m
[STAGE-A-TRACE] step=260 sim_t=2.600 mode=free phi=0.01689 box_xy=-0.00000,-0.00000 lam_n_ee_box=nan qy=-0.00002 qz=-0.00000 finished_repos=0
[GS-table] step=260
  k=0 (current   ) pos=(+0.077,-0.003,+0.132) c_C3= 155779.28 align=1.0000(bonus=30000.00) rot=+0.0000(bonus=    0.00) travel=0.000m(pen=  0.00) c_sample= 125779.28 feas=Y ik_err=0.0000m  ← WIN
  k=1 (prev_repos) pos=(+0.019,+0.080,+0.030) c_C3= 199517.46 align=0.0000(bonus=    0.00) rot=+0.0000(bonus=    0.00) travel=0.144m(pen= 28.76) c_sample= 199546.22 feas=Y ik_err=0.0000m
  k=2 (strat_0   ) pos=(-0.080,-0.039,+0.030) c_C3= 200688.53 align=0.0000(bonus=    0.00) rot=+0.0000(bonus=    0.00) travel=0.191m(pen= 38.15) c_sample= 200726.67 feas=Y ik_err=0.0000m
[DRAKE-CONTACT] step=260 n_pairs=1 ee_box_normal=0.000
[GATE-CONTACT] step=260 F_W=(+0.0000,+0.0000,+0.0000) F_on_box=(-0.0000,-0.0000,-0.0000) n_face_out=(-0.0000,-0.0000,-0.0000) A_is_ee=0 box_q=(+1.00000,+0.00001,-0.00002,-0.00000) box_p=(-0.00000,-0.00000,+0.04999) ee_p=(+0.07731,-0.00320,+0.13176)
[ADMM-C3+] primal: 5.7461->3.8743  dual: 74.8587->83.4148  mono=False  iters=25/25  rho=25.0
[ADMM-C3+] WARNING non-converged: pr=3.8743 dr=83.4148 tol=1e-03
[C3+] step=895 |u[0]|=8.79N λ_n_max=0.000 η_n_max=0.740 primal=3.874 iters=25/25 lcp_res_max=nan
[ADMIT-GUARD] step=261 admit_active=0 latch=0/0 ee_z=0.134 gate_cap=0
[ALT-GATE] step=261 target_stable=0/0 allow_descent=1
[GS-tgt] step=261 ee=(+0.077,-0.003,+0.134) p_repos=(+0.019,+0.080,+0.030) ee_to_target=0.145m target_label=prev_repos target_changed=N delta=0.000m
[GS] step=261 mode=free switch=kStayInRepos best_k=0 best_src=prev_repos curr_cost=125784.40 repos_cost=199546.36 best_other=199546.36 met_progress=Y steps_since_improve=0 switches=4
[STEP] step=261 mode=free t=2.610s ee=(+0.077,-0.003,+0.134) obj=(-0.000,-0.000,+0.050) goal_dist=0.300m switch=kStayInRepos target=(+0.077,-0.003,+0.133) ee_stride=0.000m ee_to_ptarget=0.145m landing_err=0.1190m ik_ok=Y ik_resid=0.0006m q_max_resid_deg=12.36 target_changed=Y retgt=N held_idx=1 held_cost=199546.36 won_cost=199546.36 margin=+0.00 won_src=prev_repos held_valid=Y reason=hold setpoint_to_ptarget=nanm finished_val=nanm finished_thresh=0.0200m pd_resid=nanm nextwp_to_ptarget=nanm guide_terminal_err=nanm
[GATE-EVOLVE] step=261 curr=125784.40 best_other=199546.36 ratio=0.6304 ee_to_optimal=0.0039m phi=0.0183m
[STAGE-A-TRACE] step=261 sim_t=2.610 mode=free phi=0.01827 box_xy=-0.00000,-0.00000 lam_n_ee_box=nan qy=-0.00002 qz=-0.00000 finished_repos=0
[DRAKE-CONTACT] step=261 n_pairs=1 ee_box_normal=0.000
[GATE-CONTACT] step=261 F_W=(+0.0000,+0.0000,+0.0000) F_on_box=(-0.0000,-0.0000,-0.0000) n_face_out=(-0.0000,-0.0000,-0.0000) A_is_ee=0 box_q=(+1.00000,+0.00001,-0.00002,-0.00000) box_p=(-0.00000,-0.00000,+0.04999) ee_p=(+0.07731,-0.00320,+0.13355)
[ADMM-C3+] primal: 5.7461->3.8743  dual: 74.8587->83.4148  mono=False  iters=25/25  rho=25.0
[ADMM-C3+] WARNING non-converged: pr=3.8743 dr=83.4148 tol=1e-03
[C3+] step=898 |u[0]|=8.87N λ_n_max=0.000 η_n_max=0.740 primal=3.874 iters=25/25 lcp_res_max=nan
[ADMIT-GUARD] step=262 admit_active=0 latch=0/0 ee_z=0.135 gate_cap=0
[ALT-GATE] step=262 target_stable=0/0 allow_descent=1
[GS-tgt] step=262 ee=(+0.077,-0.003,+0.135) p_repos=(+0.019,+0.080,+0.030) ee_to_target=0.146m target_label=prev_repos target_changed=N delta=0.000m
[GS] step=262 mode=free switch=kStayInRepos best_k=0 best_src=prev_repos curr_cost=125789.63 repos_cost=199546.50 best_other=199546.50 met_progress=Y steps_since_improve=0 switches=4
[STEP] step=262 mode=free t=2.620s ee=(+0.077,-0.003,+0.135) obj=(-0.000,-0.000,+0.050) goal_dist=0.300m switch=kStayInRepos target=(+0.077,-0.003,+0.135) ee_stride=0.000m ee_to_ptarget=0.146m landing_err=0.1188m ik_ok=Y ik_resid=0.0006m q_max_resid_deg=13.10 target_changed=Y retgt=N held_idx=1 held_cost=199546.50 won_cost=199546.50 margin=+0.00 won_src=prev_repos held_valid=Y reason=hold setpoint_to_ptarget=nanm finished_val=nanm finished_thresh=0.0200m pd_resid=nanm nextwp_to_ptarget=nanm guide_terminal_err=nanm
[GATE-EVOLVE] step=262 curr=125789.63 best_other=199546.50 ratio=0.6304 ee_to_optimal=0.0039m phi=0.0197m
[STAGE-A-TRACE] step=262 sim_t=2.620 mode=free phi=0.01968 box_xy=-0.00000,-0.00000 lam_n_ee_box=nan qy=-0.00002 qz=-0.00000 finished_repos=0
[DRAKE-CONTACT] step=262 n_pairs=1 ee_box_normal=0.000
[GATE-CONTACT] step=262 F_W=(+0.0000,+0.0000,+0.0000) F_on_box=(-0.0000,-0.0000,-0.0000) n_face_out=(-0.0000,-0.0000,-0.0000) A_is_ee=0 box_q=(+1.00000,+0.00001,-0.00002,-0.00000) box_p=(-0.00000,-0.00000,+0.04999) ee_p=(+0.07731,-0.00320,+0.13535)
[ADMM-C3+] primal: 5.7461->3.8743  dual: 74.8587->83.4148  mono=False  iters=25/25  rho=25.0
[ADMM-C3+] WARNING non-converged: pr=3.8743 dr=83.4148 tol=1e-03
[C3+] step=901 |u[0]|=8.96N λ_n_max=0.000 η_n_max=0.740 primal=3.874 iters=25/25 lcp_res_max=nan
[ADMIT-GUARD] step=263 admit_active=0 latch=0/0 ee_z=0.137 gate_cap=0
[ALT-GATE] step=263 target_stable=0/0 allow_descent=1
[GS-tgt] step=263 ee=(+0.077,-0.003,+0.137) p_repos=(+0.019,+0.080,+0.030) ee_to_target=0.148m target_label=prev_repos target_changed=N delta=0.000m
[GS] step=263 mode=free switch=kStayInRepos best_k=0 best_src=prev_repos curr_cost=125794.95 repos_cost=199546.62 best_other=199546.62 met_progress=Y steps_since_improve=0 switches=4
[STEP] step=263 mode=free t=2.630s ee=(+0.077,-0.003,+0.137) obj=(-0.000,-0.000,+0.050) goal_dist=0.300m switch=kStayInRepos target=(+0.077,-0.003,+0.137) ee_stride=0.000m ee_to_ptarget=0.148m landing_err=0.1187m ik_ok=Y ik_resid=0.0007m q_max_resid_deg=13.85 target_changed=Y retgt=N held_idx=1 held_cost=199546.62 won_cost=199546.62 margin=+0.00 won_src=prev_repos held_valid=Y reason=hold setpoint_to_ptarget=nanm finished_val=nanm finished_thresh=0.0200m pd_resid=nanm nextwp_to_ptarget=nanm guide_terminal_err=nanm
[GATE-EVOLVE] step=263 curr=125794.95 best_other=199546.62 ratio=0.6304 ee_to_optimal=0.0039m phi=0.0211m
[STAGE-A-TRACE] step=263 sim_t=2.630 mode=free phi=0.02111 box_xy=-0.00000,-0.00000 lam_n_ee_box=nan qy=-0.00002 qz=-0.00000 finished_repos=0
[DRAKE-CONTACT] step=263 n_pairs=1 ee_box_normal=0.000
[GATE-CONTACT] step=263 F_W=(+0.0000,+0.0000,+0.0000) F_on_box=(-0.0000,-0.0000,-0.0000) n_face_out=(-0.0000,-0.0000,-0.0000) A_is_ee=0 box_q=(+1.00000,+0.00001,-0.00002,-0.00000) box_p=(-0.00000,-0.00000,+0.04999) ee_p=(+0.07731,-0.00320,+0.13715)
[ADMM-C3+] primal: 5.7461->3.8743  dual: 74.8587->83.4148  mono=False  iters=25/25  rho=25.0
[ADMM-C3+] WARNING non-converged: pr=3.8743 dr=83.4148 tol=1e-03
[C3+] step=904 |u[0]|=9.06N λ_n_max=0.000 η_n_max=0.740 primal=3.874 iters=25/25 lcp_res_max=nan
[ADMIT-GUARD] step=264 admit_active=0 latch=0/0 ee_z=0.139 gate_cap=0
[ALT-GATE] step=264 target_stable=0/0 allow_descent=1
[GS-tgt] step=264 ee=(+0.077,-0.003,+0.139) p_repos=(+0.019,+0.080,+0.030) ee_to_target=0.149m target_label=prev_repos target_changed=N delta=0.000m
[GS] step=264 mode=free switch=kStayInRepos best_k=0 best_src=prev_repos curr_cost=125800.38 repos_cost=199546.73 best_other=199546.73 met_progress=Y steps_since_improve=0 switches=4
[STEP] step=264 mode=free t=2.640s ee=(+0.077,-0.003,+0.139) obj=(-0.000,-0.000,+0.050) goal_dist=0.300m switch=kStayInRepos target=(+0.077,-0.003,+0.139) ee_stride=0.000m ee_to_ptarget=0.149m landing_err=0.1147m ik_ok=Y ik_resid=0.0007m q_max_resid_deg=14.42 target_changed=Y retgt=N held_idx=1 held_cost=199546.73 won_cost=199546.73 margin=+0.00 won_src=prev_repos held_valid=Y reason=hold setpoint_to_ptarget=nanm finished_val=nanm finished_thresh=0.0200m pd_resid=nanm nextwp_to_ptarget=nanm guide_terminal_err=nanm
[GATE-EVOLVE] step=264 curr=125800.38 best_other=199546.73 ratio=0.6304 ee_to_optimal=0.0039m phi=0.0226m
[STAGE-A-TRACE] step=264 sim_t=2.640 mode=free phi=0.02257 box_xy=-0.00000,-0.00000 lam_n_ee_box=nan qy=-0.00002 qz=-0.00000 finished_repos=0
[DRAKE-CONTACT] step=264 n_pairs=1 ee_box_normal=0.000
[GATE-CONTACT] step=264 F_W=(+0.0000,+0.0000,+0.0000) F_on_box=(-0.0000,-0.0000,-0.0000) n_face_out=(-0.0000,-0.0000,-0.0000) A_is_ee=0 box_q=(+1.00000,+0.00001,-0.00002,-0.00000) box_p=(-0.00000,-0.00000,+0.04999) ee_p=(+0.07731,-0.00319,+0.13894)
[ADMM-C3+] primal: 5.7461->3.8743  dual: 74.8587->83.4148  mono=False  iters=25/25  rho=25.0
[ADMM-C3+] WARNING non-converged: pr=3.8743 dr=83.4148 tol=1e-03
[C3+] step=907 |u[0]|=9.15N λ_n_max=0.000 η_n_max=0.740 primal=3.874 iters=25/25 lcp_res_max=nan
[ADMIT-GUARD] step=265 admit_active=0 latch=0/0 ee_z=0.141 gate_cap=0
[ALT-GATE] step=265 target_stable=0/0 allow_descent=1
[GS-tgt] step=265 ee=(+0.077,-0.003,+0.141) p_repos=(+0.019,+0.080,+0.030) ee_to_target=0.150m target_label=prev_repos target_changed=N delta=0.000m
[GS] step=265 mode=free switch=kStayInRepos best_k=0 best_src=prev_repos curr_cost=125805.91 repos_cost=199546.83 best_other=199546.83 met_progress=Y steps_since_improve=0 switches=4
[STEP] step=265 mode=free t=2.650s ee=(+0.077,-0.003,+0.141) obj=(-0.000,-0.000,+0.050) goal_dist=0.300m switch=kStayInRepos target=(+0.077,-0.003,+0.140) ee_stride=0.000m ee_to_ptarget=0.150m landing_err=0.1107m ik_ok=Y ik_resid=0.0007m q_max_resid_deg=14.76 target_changed=Y retgt=N held_idx=1 held_cost=199546.83 won_cost=199546.83 margin=+0.00 won_src=prev_repos held_valid=Y reason=hold setpoint_to_ptarget=nanm finished_val=nanm finished_thresh=0.0200m pd_resid=nanm nextwp_to_ptarget=nanm guide_terminal_err=nanm
[GATE-EVOLVE] step=265 curr=125805.91 best_other=199546.83 ratio=0.6305 ee_to_optimal=0.0039m phi=0.0241m
[STAGE-A-TRACE] step=265 sim_t=2.650 mode=free phi=0.02405 box_xy=-0.00000,-0.00000 lam_n_ee_box=nan qy=-0.00002 qz=-0.00000 finished_repos=0
[DRAKE-CONTACT] step=265 n_pairs=1 ee_box_normal=0.000
[GATE-CONTACT] step=265 F_W=(+0.0000,+0.0000,+0.0000) F_on_box=(-0.0000,-0.0000,-0.0000) n_face_out=(-0.0000,-0.0000,-0.0000) A_is_ee=0 box_q=(+1.00000,+0.00001,-0.00002,-0.00000) box_p=(-0.00000,-0.00000,+0.04999) ee_p=(+0.07731,-0.00319,+0.14074)
[ADMM-C3+] primal: 5.7461->3.8743  dual: 74.8587->83.4148  mono=False  iters=25/25  rho=25.0
[ADMM-C3+] WARNING non-converged: pr=3.8743 dr=83.4148 tol=1e-03
[C3+] step=910 |u[0]|=9.24N λ_n_max=0.000 η_n_max=0.740 primal=3.874 iters=25/25 lcp_res_max=nan
[ADMIT-GUARD] step=266 admit_active=0 latch=0/0 ee_z=0.143 gate_cap=0
[ALT-GATE] step=266 target_stable=0/0 allow_descent=1
[GS-tgt] step=266 ee=(+0.077,-0.003,+0.143) p_repos=(+0.019,+0.080,+0.030) ee_to_target=0.152m target_label=prev_repos target_changed=N delta=0.000m
[GS] step=266 mode=free switch=kStayInRepos best_k=0 best_src=prev_repos curr_cost=125811.54 repos_cost=199546.91 best_other=199546.91 met_progress=Y steps_since_improve=0 switches=4
[STEP] step=266 mode=free t=2.660s ee=(+0.077,-0.003,+0.143) obj=(-0.000,-0.000,+0.050) goal_dist=0.300m switch=kStayInRepos target=(+0.077,-0.003,+0.142) ee_stride=0.000m ee_to_ptarget=0.152m landing_err=0.1067m ik_ok=Y ik_resid=0.0007m q_max_resid_deg=15.11 target_changed=Y retgt=N held_idx=1 held_cost=199546.91 won_cost=199546.91 margin=+0.00 won_src=prev_repos held_valid=Y reason=hold setpoint_to_ptarget=nanm finished_val=nanm finished_thresh=0.0200m pd_resid=nanm nextwp_to_ptarget=nanm guide_terminal_err=nanm
[GATE-EVOLVE] step=266 curr=125811.54 best_other=199546.91 ratio=0.6305 ee_to_optimal=0.0039m phi=0.0256m
[STAGE-A-TRACE] step=266 sim_t=2.660 mode=free phi=0.02555 box_xy=-0.00000,-0.00000 lam_n_ee_box=nan qy=-0.00002 qz=-0.00000 finished_repos=0
[DRAKE-CONTACT] step=266 n_pairs=1 ee_box_normal=0.000
[GATE-CONTACT] step=266 F_W=(+0.0000,+0.0000,+0.0000) F_on_box=(-0.0000,-0.0000,-0.0000) n_face_out=(-0.0000,-0.0000,-0.0000) A_is_ee=0 box_q=(+1.00000,+0.00001,-0.00002,-0.00000) box_p=(-0.00000,-0.00000,+0.04999) ee_p=(+0.07731,-0.00319,+0.14253)
[ADMM-C3+] primal: 5.7461->3.8743  dual: 74.8587->83.4148  mono=False  iters=25/25  rho=25.0
[ADMM-C3+] WARNING non-converged: pr=3.8743 dr=83.4148 tol=1e-03
[C3+] step=913 |u[0]|=9.33N λ_n_max=0.000 η_n_max=0.740 primal=3.874 iters=25/25 lcp_res_max=nan
[ADMIT-GUARD] step=267 admit_active=0 latch=0/0 ee_z=0.144 gate_cap=0
[ALT-GATE] step=267 target_stable=0/0 allow_descent=1
[GS-tgt] step=267 ee=(+0.077,-0.003,+0.144) p_repos=(+0.019,+0.080,+0.030) ee_to_target=0.153m target_label=prev_repos target_changed=N delta=0.000m
[GS] step=267 mode=free switch=kStayInRepos best_k=0 best_src=prev_repos curr_cost=125817.27 repos_cost=199546.98 best_other=199546.98 met_progress=Y steps_since_improve=0 switches=4
[STEP] step=267 mode=free t=2.670s ee=(+0.077,-0.003,+0.144) obj=(-0.000,-0.000,+0.050) goal_dist=0.300m switch=kStayInRepos target=(+0.077,-0.003,+0.144) ee_stride=0.000m ee_to_ptarget=0.153m landing_err=0.1027m ik_ok=Y ik_resid=0.0007m q_max_resid_deg=15.46 target_changed=Y retgt=N held_idx=1 held_cost=199546.98 won_cost=199546.98 margin=+0.00 won_src=prev_repos held_valid=Y reason=hold setpoint_to_ptarget=nanm finished_val=nanm finished_thresh=0.0200m pd_resid=nanm nextwp_to_ptarget=nanm guide_terminal_err=nanm
[GATE-EVOLVE] step=267 curr=125817.27 best_other=199546.98 ratio=0.6305 ee_to_optimal=0.0039m phi=0.0271m
[STAGE-A-TRACE] step=267 sim_t=2.670 mode=free phi=0.02707 box_xy=-0.00000,-0.00000 lam_n_ee_box=nan qy=-0.00002 qz=-0.00000 finished_repos=0
[DRAKE-CONTACT] step=267 n_pairs=1 ee_box_normal=0.000
[GATE-CONTACT] step=267 F_W=(+0.0000,+0.0000,+0.0000) F_on_box=(-0.0000,-0.0000,-0.0000) n_face_out=(-0.0000,-0.0000,-0.0000) A_is_ee=0 box_q=(+1.00000,+0.00001,-0.00002,-0.00000) box_p=(-0.00000,-0.00000,+0.04999) ee_p=(+0.07731,-0.00318,+0.14433)
[ADMM-C3+] primal: 5.7461->3.8743  dual: 74.8587->83.4147  mono=False  iters=25/25  rho=25.0
[ADMM-C3+] WARNING non-converged: pr=3.8743 dr=83.4147 tol=1e-03
[C3+] step=916 |u[0]|=9.43N λ_n_max=0.000 η_n_max=0.740 primal=3.874 iters=25/25 lcp_res_max=nan
[ADMIT-GUARD] step=268 admit_active=0 latch=0/0 ee_z=0.146 gate_cap=0
[ALT-GATE] step=268 target_stable=0/0 allow_descent=1
[GS-tgt] step=268 ee=(+0.077,-0.003,+0.146) p_repos=(+0.019,+0.080,+0.030) ee_to_target=0.154m target_label=prev_repos target_changed=N delta=0.000m
[GS] step=268 mode=free switch=kStayInRepos best_k=0 best_src=prev_repos curr_cost=125823.09 repos_cost=199547.02 best_other=199547.02 met_progress=Y steps_since_improve=0 switches=4
[STEP] step=268 mode=free t=2.680s ee=(+0.077,-0.003,+0.146) obj=(-0.000,-0.000,+0.050) goal_dist=0.300m switch=kStayInRepos target=(+0.077,-0.003,+0.146) ee_stride=0.000m ee_to_ptarget=0.154m landing_err=0.0987m ik_ok=Y ik_resid=0.0007m q_max_resid_deg=15.81 target_changed=Y retgt=N held_idx=1 held_cost=199547.02 won_cost=199547.02 margin=+0.00 won_src=prev_repos held_valid=Y reason=hold setpoint_to_ptarget=nanm finished_val=nanm finished_thresh=0.0200m pd_resid=nanm nextwp_to_ptarget=nanm guide_terminal_err=nanm
[GATE-EVOLVE] step=268 curr=125823.09 best_other=199547.02 ratio=0.6305 ee_to_optimal=0.0039m phi=0.0286m
[STAGE-A-TRACE] step=268 sim_t=2.680 mode=free phi=0.02861 box_xy=-0.00000,-0.00000 lam_n_ee_box=nan qy=-0.00002 qz=-0.00000 finished_repos=0
[DRAKE-CONTACT] step=268 n_pairs=1 ee_box_normal=0.000
[GATE-CONTACT] step=268 F_W=(+0.0000,+0.0000,+0.0000) F_on_box=(-0.0000,-0.0000,-0.0000) n_face_out=(-0.0000,-0.0000,-0.0000) A_is_ee=0 box_q=(+1.00000,+0.00001,-0.00002,-0.00000) box_p=(-0.00000,-0.00000,+0.04999) ee_p=(+0.07731,-0.00318,+0.14613)
[ADMM-C3+] primal: 5.7461->3.8743  dual: 74.8587->83.4147  mono=False  iters=25/25  rho=25.0
[ADMM-C3+] WARNING non-converged: pr=3.8743 dr=83.4147 tol=1e-03
[C3+] step=919 |u[0]|=9.52N λ_n_max=0.000 η_n_max=0.740 primal=3.874 iters=25/25 lcp_res_max=nan
[ADMIT-GUARD] step=269 admit_active=0 latch=0/0 ee_z=0.148 gate_cap=0
[ALT-GATE] step=269 target_stable=0/0 allow_descent=1
[GS-tgt] step=269 ee=(+0.077,-0.003,+0.148) p_repos=(+0.019,+0.080,+0.030) ee_to_target=0.156m target_label=prev_repos target_changed=N delta=0.000m
[GS] step=269 mode=free switch=kStayInRepos best_k=0 best_src=prev_repos curr_cost=125829.01 repos_cost=199547.04 best_other=199547.04 met_progress=Y steps_since_improve=0 switches=4
[STEP] step=269 mode=free t=2.690s ee=(+0.077,-0.003,+0.148) obj=(-0.000,-0.000,+0.050) goal_dist=0.300m switch=kStayInRepos target=(+0.077,-0.003,+0.148) ee_stride=0.000m ee_to_ptarget=0.156m landing_err=0.0947m ik_ok=Y ik_resid=0.0008m q_max_resid_deg=16.16 target_changed=Y retgt=N held_idx=1 held_cost=199547.04 won_cost=199547.04 margin=+0.00 won_src=prev_repos held_valid=Y reason=hold setpoint_to_ptarget=nanm finished_val=nanm finished_thresh=0.0200m pd_resid=nanm nextwp_to_ptarget=nanm guide_terminal_err=nanm
[GATE-EVOLVE] step=269 curr=125829.01 best_other=199547.04 ratio=0.6306 ee_to_optimal=0.0039m phi=0.0302m
[STAGE-A-TRACE] step=269 sim_t=2.690 mode=free phi=0.03016 box_xy=-0.00000,-0.00000 lam_n_ee_box=nan qy=-0.00002 qz=-0.00000 finished_repos=0
[DRAKE-CONTACT] step=269 n_pairs=1 ee_box_normal=0.000
[GATE-CONTACT] step=269 F_W=(+0.0000,+0.0000,+0.0000) F_on_box=(-0.0000,-0.0000,-0.0000) n_face_out=(-0.0000,-0.0000,-0.0000) A_is_ee=0 box_q=(+1.00000,+0.00001,-0.00002,-0.00000) box_p=(-0.00000,-0.00000,+0.04999) ee_p=(+0.07730,-0.00318,+0.14792)
[ADMM-C3+] primal: 5.7461->3.8743  dual: 74.8587->83.4147  mono=False  iters=25/25  rho=25.0
[ADMM-C3+] WARNING non-converged: pr=3.8743 dr=83.4147 tol=1e-03
[C3+] step=922 |u[0]|=9.62N λ_n_max=0.000 η_n_max=0.740 primal=3.874 iters=25/25 lcp_res_max=nan
[ADMIT-GUARD] step=270 admit_active=0 latch=0/0 ee_z=0.150 gate_cap=0
[ALT-GATE] step=270 target_stable=0/0 allow_descent=1
[GS-tgt] step=270 ee=(+0.077,-0.003,+0.150) p_repos=(+0.019,+0.080,+0.030) ee_to_target=0.157m target_label=prev_repos target_changed=N delta=0.000m
[IMP] step=270 mode=free |x_err|=0.0003m |tau_imp|=0.12Nm |tau_ff|=0.00Nm |tau_out|=0.12Nm sat=False lam_n=False lam_t=False
[GS] step=270 mode=free switch=kStayInRepos best_k=0 best_src=prev_repos curr_cost=125835.02 repos_cost=199547.03 best_other=199547.03 met_progress=Y steps_since_improve=0 switches=4
[STEP] step=270 mode=free t=2.700s ee=(+0.077,-0.003,+0.150) obj=(-0.000,-0.000,+0.050) goal_dist=0.300m switch=kStayInRepos target=(+0.077,-0.003,+0.149) ee_stride=0.000m ee_to_ptarget=0.157m landing_err=0.0907m ik_ok=Y ik_resid=0.0008m q_max_resid_deg=16.52 target_changed=Y retgt=N held_idx=1 held_cost=199547.03 won_cost=199547.03 margin=+0.00 won_src=prev_repos held_valid=Y reason=hold setpoint_to_ptarget=nanm finished_val=nanm finished_thresh=0.0200m pd_resid=nanm nextwp_to_ptarget=nanm guide_terminal_err=nanm
[GATE-EVOLVE] step=270 curr=125835.02 best_other=199547.03 ratio=0.6306 ee_to_optimal=0.0039m phi=0.0317m
[STAGE-A-TRACE] step=270 sim_t=2.700 mode=free phi=0.03173 box_xy=-0.00000,-0.00000 lam_n_ee_box=nan qy=-0.00002 qz=-0.00000 finished_repos=0
[DRAKE-CONTACT] step=270 n_pairs=1 ee_box_normal=0.000
[GATE-CONTACT] step=270 F_W=(+0.0000,+0.0000,+0.0000) F_on_box=(-0.0000,-0.0000,-0.0000) n_face_out=(-0.0000,-0.0000,-0.0000) A_is_ee=0 box_q=(+1.00000,+0.00001,-0.00002,-0.00000) box_p=(-0.00000,-0.00000,+0.04999) ee_p=(+0.07730,-0.00317,+0.14972)
[ADMM-C3+] primal: 5.7461->3.8743  dual: 74.8587->83.4147  mono=False  iters=25/25  rho=25.0
[ADMM-C3+] WARNING non-converged: pr=3.8743 dr=83.4147 tol=1e-03
[C3+] step=925 |u[0]|=9.72N λ_n_max=0.000 η_n_max=0.740 primal=3.874 iters=25/25 lcp_res_max=nan
[ADMIT-GUARD] step=271 admit_active=0 latch=0/0 ee_z=0.152 gate_cap=0
[ALT-GATE] step=271 target_stable=0/0 allow_descent=1
[GS-tgt] step=271 ee=(+0.077,-0.003,+0.152) p_repos=(+0.019,+0.080,+0.030) ee_to_target=0.158m target_label=prev_repos target_changed=N delta=0.000m
[GS] step=271 mode=free switch=kStayInRepos best_k=0 best_src=prev_repos curr_cost=125841.12 repos_cost=199547.00 best_other=199547.00 met_progress=Y steps_since_improve=0 switches=4
[STEP] step=271 mode=free t=2.710s ee=(+0.077,-0.003,+0.152) obj=(-0.000,-0.000,+0.050) goal_dist=0.300m switch=kStayInRepos target=(+0.077,-0.002,+0.150) ee_stride=0.002m ee_to_ptarget=0.158m landing_err=0.0867m ik_ok=Y ik_resid=0.0009m q_max_resid_deg=16.87 target_changed=Y retgt=N held_idx=1 held_cost=199547.00 won_cost=199547.00 margin=+0.00 won_src=prev_repos held_valid=Y reason=hold setpoint_to_ptarget=nanm finished_val=nanm finished_thresh=0.0200m pd_resid=nanm nextwp_to_ptarget=nanm guide_terminal_err=nanm
[GATE-EVOLVE] step=271 curr=125841.12 best_other=199547.00 ratio=0.6306 ee_to_optimal=0.0039m phi=0.0333m
[STAGE-A-TRACE] step=271 sim_t=2.710 mode=free phi=0.03331 box_xy=-0.00000,-0.00000 lam_n_ee_box=nan qy=-0.00002 qz=-0.00000 finished_repos=0
[DRAKE-CONTACT] step=271 n_pairs=1 ee_box_normal=0.000
[GATE-CONTACT] step=271 F_W=(+0.0000,+0.0000,+0.0000) F_on_box=(-0.0000,-0.0000,-0.0000) n_face_out=(-0.0000,-0.0000,-0.0000) A_is_ee=0 box_q=(+1.00000,+0.00001,-0.00002,-0.00000) box_p=(-0.00000,-0.00000,+0.04999) ee_p=(+0.07730,-0.00317,+0.15152)
[ADMM-C3+] primal: 5.7461->3.8743  dual: 74.8585->83.4146  mono=False  iters=25/25  rho=25.0
[ADMM-C3+] WARNING non-converged: pr=3.8743 dr=83.4146 tol=1e-03
[C3+] step=928 |u[0]|=9.79N λ_n_max=0.000 η_n_max=0.740 primal=3.874 iters=25/25 lcp_res_max=nan
[ADMIT-GUARD] step=272 admit_active=0 latch=0/0 ee_z=0.153 gate_cap=0
[ALT-GATE] step=272 target_stable=0/0 allow_descent=1
[GS-tgt] step=272 ee=(+0.077,-0.003,+0.153) p_repos=(+0.019,+0.080,+0.030) ee_to_target=0.159m target_label=prev_repos target_changed=N delta=0.000m
[GS] step=272 mode=free switch=kStayInRepos best_k=0 best_src=prev_repos curr_cost=125845.57 repos_cost=199543.19 best_other=199543.19 met_progress=Y steps_since_improve=0 switches=4
[STEP] step=272 mode=free t=2.720s ee=(+0.077,-0.003,+0.153) obj=(-0.000,-0.000,+0.050) goal_dist=0.300m switch=kStayInRepos target=(+0.076,-0.000,+0.150) ee_stride=0.004m ee_to_ptarget=0.159m landing_err=0.0827m ik_ok=Y ik_resid=0.0009m q_max_resid_deg=17.17 target_changed=Y retgt=N held_idx=1 held_cost=199543.19 won_cost=199543.19 margin=+0.00 won_src=prev_repos held_valid=Y reason=hold setpoint_to_ptarget=nanm finished_val=nanm finished_thresh=0.0200m pd_resid=nanm nextwp_to_ptarget=nanm guide_terminal_err=nanm
[GATE-EVOLVE] step=272 curr=125845.57 best_other=199543.19 ratio=0.6307 ee_to_optimal=0.0036m phi=0.0345m
[STAGE-A-TRACE] step=272 sim_t=2.720 mode=free phi=0.03447 box_xy=-0.00000,-0.00000 lam_n_ee_box=nan qy=-0.00002 qz=-0.00000 finished_repos=0
[DRAKE-CONTACT] step=272 n_pairs=1 ee_box_normal=0.000
[GATE-CONTACT] step=272 F_W=(+0.0000,+0.0000,+0.0000) F_on_box=(-0.0000,-0.0000,-0.0000) n_face_out=(-0.0000,-0.0000,-0.0000) A_is_ee=0 box_q=(+1.00000,+0.00000,-0.00002,-0.00000) box_p=(-0.00000,-0.00000,+0.04999) ee_p=(+0.07706,-0.00290,+0.15295)
[ADMM-C3+] primal: 5.7461->3.8743  dual: 74.8585->83.4146  mono=False  iters=25/25  rho=25.0
[ADMM-C3+] WARNING non-converged: pr=3.8743 dr=83.4146 tol=1e-03
[C3+] step=931 |u[0]|=9.82N λ_n_max=0.000 η_n_max=0.740 primal=3.874 iters=25/25 lcp_res_max=nan
[ADMIT-GUARD] step=273 admit_active=0 latch=0/0 ee_z=0.154 gate_cap=0
[ALT-GATE] step=273 target_stable=0/0 allow_descent=1
[GS-tgt] step=273 ee=(+0.076,-0.002,+0.154) p_repos=(+0.019,+0.080,+0.030) ee_to_target=0.159m target_label=prev_repos target_changed=N delta=0.000m
[GS] step=273 mode=free switch=kStayInRepos best_k=0 best_src=prev_repos curr_cost=125847.33 repos_cost=199533.77 best_other=199533.77 met_progress=Y steps_since_improve=0 switches=4
[STEP] step=273 mode=free t=2.730s ee=(+0.076,-0.002,+0.154) obj=(-0.000,-0.000,+0.050) goal_dist=0.300m switch=kStayInRepos target=(+0.075,+0.001,+0.150) ee_stride=0.005m ee_to_ptarget=0.159m landing_err=0.0787m ik_ok=Y ik_resid=0.0010m q_max_resid_deg=17.61 target_changed=Y retgt=N held_idx=1 held_cost=199533.77 won_cost=199533.77 margin=+0.00 won_src=prev_repos held_valid=Y reason=hold setpoint_to_ptarget=nanm finished_val=nanm finished_thresh=0.0200m pd_resid=nanm nextwp_to_ptarget=nanm guide_terminal_err=nanm
[GATE-EVOLVE] step=273 curr=125847.33 best_other=199533.77 ratio=0.6307 ee_to_optimal=0.0027m phi=0.0350m
[STAGE-A-TRACE] step=273 sim_t=2.730 mode=free phi=0.03498 box_xy=-0.00000,-0.00000 lam_n_ee_box=nan qy=-0.00003 qz=-0.00000 finished_repos=0
[DRAKE-CONTACT] step=273 n_pairs=1 ee_box_normal=0.000
[GATE-CONTACT] step=273 F_W=(+0.0000,+0.0000,+0.0000) F_on_box=(-0.0000,-0.0000,-0.0000) n_face_out=(-0.0000,-0.0000,-0.0000) A_is_ee=0 box_q=(+1.00000,+0.00000,-0.00003,-0.00000) box_p=(-0.00000,-0.00000,+0.04999) ee_p=(+0.07646,-0.00222,+0.15382)
[PERSIST] step=274 refresh n_strategy=1 samples=[(-0.08, -0.0434, 0.03)]
[ADMM-C3+] primal: 5.7461->3.8743  dual: 74.8586->83.4146  mono=False  iters=25/25  rho=25.0
[ADMM-C3+] WARNING non-converged: pr=3.8743 dr=83.4146 tol=1e-03
[C3+] step=934 |u[0]|=9.82N λ_n_max=0.000 η_n_max=0.740 primal=3.874 iters=25/25 lcp_res_max=nan
[ADMIT-GUARD] step=274 admit_active=0 latch=0/0 ee_z=0.154 gate_cap=0
[ALT-GATE] step=274 target_stable=0/0 allow_descent=1
[GS-tgt] step=274 ee=(+0.076,-0.001,+0.154) p_repos=(+0.019,+0.080,+0.030) ee_to_target=0.159m target_label=prev_repos target_changed=N delta=0.000m
[GS] step=274 mode=free switch=kStayInRepos best_k=0 best_src=prev_repos curr_cost=125847.25 repos_cost=199520.66 best_other=199520.66 met_progress=Y steps_since_improve=0 switches=4
[STEP] step=274 mode=free t=2.740s ee=(+0.076,-0.001,+0.154) obj=(-0.000,-0.000,+0.050) goal_dist=0.300m switch=kStayInRepos target=(+0.073,+0.003,+0.150) ee_stride=0.006m ee_to_ptarget=0.159m landing_err=0.0747m ik_ok=Y ik_resid=0.0001m q_max_resid_deg=18.16 target_changed=Y retgt=N held_idx=1 held_cost=199520.66 won_cost=199520.66 margin=+0.00 won_src=prev_repos held_valid=Y reason=hold setpoint_to_ptarget=nanm finished_val=nanm finished_thresh=0.0200m pd_resid=nanm nextwp_to_ptarget=nanm guide_terminal_err=nanm
[GATE-EVOLVE] step=274 curr=125847.25 best_other=199520.66 ratio=0.6307 ee_to_optimal=0.0014m phi=0.0350m
[STAGE-A-TRACE] step=274 sim_t=2.740 mode=free phi=0.03503 box_xy=-0.00000,-0.00000 lam_n_ee_box=nan qy=-0.00003 qz=-0.00000 finished_repos=0
[DRAKE-CONTACT] step=274 n_pairs=1 ee_box_normal=0.000
[GATE-CONTACT] step=274 F_W=(+0.0000,+0.0000,+0.0000) F_on_box=(-0.0000,-0.0000,-0.0000) n_face_out=(-0.0000,-0.0000,-0.0000) A_is_ee=0 box_q=(+1.00000,+0.00000,-0.00003,-0.00000) box_p=(-0.00000,-0.00000,+0.04999) ee_p=(+0.07561,-0.00121,+0.15429)
[ADMM-C3+] primal: 5.7461->3.8743  dual: 74.8587->83.4146  mono=False  iters=25/25  rho=25.0
[ADMM-C3+] WARNING non-converged: pr=3.8743 dr=83.4146 tol=1e-03
[C3+] step=937 |u[0]|=9.81N λ_n_max=0.000 η_n_max=0.740 primal=3.874 iters=25/25 lcp_res_max=nan
[ADMIT-GUARD] step=275 admit_active=0 latch=0/0 ee_z=0.154 gate_cap=0
[ALT-GATE] step=275 target_stable=0/0 allow_descent=1
[GS-tgt] step=275 ee=(+0.075,+0.000,+0.154) p_repos=(+0.019,+0.080,+0.030) ee_to_target=0.158m target_label=prev_repos target_changed=N delta=0.000m
[GS] step=275 mode=free switch=kStayInRepos best_k=0 best_src=prev_repos curr_cost=125845.95 repos_cost=199505.21 best_other=199505.21 met_progress=Y steps_since_improve=0 switches=4
[STEP] step=275 mode=free t=2.750s ee=(+0.075,+0.000,+0.154) obj=(-0.000,-0.000,+0.050) goal_dist=0.300m switch=kStayInRepos target=(+0.072,+0.004,+0.150) ee_stride=0.006m ee_to_ptarget=0.158m landing_err=0.0707m ik_ok=Y ik_resid=0.0001m q_max_resid_deg=18.49 target_changed=Y retgt=N held_idx=1 held_cost=199505.21 won_cost=199505.21 margin=+0.00 won_src=prev_repos held_valid=Y reason=hold setpoint_to_ptarget=nanm finished_val=nanm finished_thresh=0.0200m pd_resid=nanm nextwp_to_ptarget=nanm guide_terminal_err=nanm
[GATE-EVOLVE] step=275 curr=125845.95 best_other=199505.21 ratio=0.6308 ee_to_optimal=0.0004m phi=0.0348m
[STAGE-A-TRACE] step=275 sim_t=2.750 mode=free phi=0.03478 box_xy=-0.00000,-0.00000 lam_n_ee_box=nan qy=-0.00003 qz=-0.00000 finished_repos=0
[DRAKE-CONTACT] step=275 n_pairs=1 ee_box_normal=0.000
[GATE-CONTACT] step=275 F_W=(+0.0000,+0.0000,+0.0000) F_on_box=(-0.0000,-0.0000,-0.0000) n_face_out=(-0.0000,-0.0000,-0.0000) A_is_ee=0 box_q=(+1.00000,+0.00000,-0.00003,-0.00000) box_p=(-0.00000,-0.00000,+0.04999) ee_p=(+0.07461,+0.00004,+0.15447)
[ADMM-C3+] primal: 6.1286->4.9344  dual: 109.6858->81.3475  mono=False  iters=25/25  rho=25.0
[ADMM-C3+] WARNING non-converged: pr=4.9344 dr=81.3475 tol=1e-03
[C3+] step=940 |u[0]|=9.78N λ_n_max=1.056 η_n_max=1.279 primal=4.934 iters=25/25 lcp_res_max=nan
[ADMIT-GUARD] step=276 admit_active=0 latch=0/0 ee_z=0.154 gate_cap=0
[ALT-GATE] step=276 target_stable=0/0 allow_descent=1
[GS-tgt] step=276 ee=(+0.074,+0.001,+0.154) p_repos=(+0.019,+0.080,+0.030) ee_to_target=0.157m target_label=prev_repos target_changed=N delta=0.000m
[GS] step=276 mode=free switch=kToBetterRepos best_k=0 best_src=prev_repos curr_cost=102129.41 repos_cost=179531.88 best_other=179531.88 met_progress=Y steps_since_improve=1 switches=4
[STEP] step=276 mode=free t=2.760s ee=(+0.074,+0.001,+0.154) obj=(+0.000,+0.000,+0.050) goal_dist=0.300m switch=kToBetterRepos target=(+0.071,+0.005,+0.150) ee_stride=0.006m ee_to_ptarget=0.157m landing_err=0.0667m ik_ok=Y ik_resid=0.0001m q_max_resid_deg=18.75 target_changed=Y retgt=N held_idx=1 held_cost=179531.88 won_cost=179531.88 margin=+0.00 won_src=prev_repos held_valid=Y reason=hold setpoint_to_ptarget=nanm finished_val=nanm finished_thresh=0.0200m pd_resid=nanm nextwp_to_ptarget=nanm guide_terminal_err=nanm
[GATE-EVOLVE] step=276 curr=102129.41 best_other=179531.88 ratio=0.5689 ee_to_optimal=0.0021m phi=0.0343m
[STAGE-A-TRACE] step=276 sim_t=2.760 mode=free phi=0.03431 box_xy=+0.00000,+0.00000 lam_n_ee_box=nan qy=+0.00003 qz=+0.00000 finished_repos=0
[DRAKE-CONTACT] step=276 n_pairs=1 ee_box_normal=0.000
[GATE-CONTACT] step=276 F_W=(+0.0000,+0.0000,+0.0000) F_on_box=(-0.0000,-0.0000,-0.0000) n_face_out=(-0.0000,-0.0000,-0.0000) A_is_ee=0 box_q=(+1.00000,-0.00003,+0.00003,+0.00000) box_p=(+0.00000,+0.00000,+0.05000) ee_p=(+0.07352,+0.00146,+0.15445)
[ADMM-C3+] primal: 5.7419->3.8679  dual: 75.0395->83.2948  mono=False  iters=25/25  rho=25.0
[ADMM-C3+] WARNING non-converged: pr=3.8679 dr=83.2948 tol=1e-03
[C3+] step=943 |u[0]|=9.76N λ_n_max=0.000 η_n_max=0.739 primal=3.868 iters=25/25 lcp_res_max=nan
[ADMIT-GUARD] step=277 admit_active=0 latch=0/0 ee_z=0.154 gate_cap=0
[ALT-GATE] step=277 target_stable=0/0 allow_descent=1
[GS-tgt] step=277 ee=(+0.072,+0.003,+0.154) p_repos=(+0.019,+0.080,+0.030) ee_to_target=0.156m target_label=prev_repos target_changed=N delta=0.000m
[GS] step=277 mode=free switch=kStayInRepos best_k=0 best_src=prev_repos curr_cost=125138.55 repos_cost=198628.89 best_other=198628.89 met_progress=Y steps_since_improve=0 switches=4
[STEP] step=277 mode=free t=2.770s ee=(+0.072,+0.003,+0.154) obj=(-0.000,+0.000,+0.050) goal_dist=0.300m switch=kStayInRepos target=(+0.070,+0.007,+0.150) ee_stride=0.006m ee_to_ptarget=0.156m landing_err=0.0627m ik_ok=Y ik_resid=0.0001m q_max_resid_deg=18.98 target_changed=Y retgt=N held_idx=1 held_cost=198628.89 won_cost=198628.89 margin=+0.00 won_src=prev_repos held_valid=Y reason=hold setpoint_to_ptarget=nanm finished_val=nanm finished_thresh=0.0200m pd_resid=nanm nextwp_to_ptarget=nanm guide_terminal_err=nanm
[GATE-EVOLVE] step=277 curr=125138.55 best_other=198628.89 ratio=0.6300 ee_to_optimal=0.0040m phi=0.0337m
[STAGE-A-TRACE] step=277 sim_t=2.770 mode=free phi=0.03373 box_xy=-0.00001,+0.00000 lam_n_ee_box=nan qy=-0.00006 qz=+0.00001 finished_repos=0
[DRAKE-CONTACT] step=277 n_pairs=1 ee_box_normal=0.000
[GATE-CONTACT] step=277 F_W=(+0.0000,+0.0000,+0.0000) F_on_box=(-0.0000,-0.0000,-0.0000) n_face_out=(-0.0000,-0.0000,-0.0000) A_is_ee=0 box_q=(+1.00000,-0.00002,-0.00006,+0.00001) box_p=(-0.00001,+0.00000,+0.04999) ee_p=(+0.07236,+0.00300,+0.15430)
[ADMM-C3+] primal: 6.1290->7.9723  dual: 111.2905->221.0114  mono=False  iters=25/25  rho=25.0
[ADMM-C3+] WARNING non-converged: pr=7.9723 dr=221.0114 tol=1e-03
[C3+] step=946 |u[0]|=9.72N λ_n_max=1.056 η_n_max=1.279 primal=7.972 iters=25/25 lcp_res_max=nan
[ADMIT-GUARD] step=278 admit_active=0 latch=0/0 ee_z=0.154 gate_cap=0
[ALT-GATE] step=278 target_stable=0/0 allow_descent=1
[GS-tgt] step=278 ee=(+0.071,+0.005,+0.154) p_repos=(+0.019,+0.080,+0.030) ee_to_target=0.154m target_label=prev_repos target_changed=N delta=0.000m
[GS] step=278 mode=free switch=kStayInRepos best_k=0 best_src=prev_repos curr_cost=102078.26 repos_cost=179424.39 best_other=179424.39 met_progress=Y steps_since_improve=1 switches=4
[STEP] step=278 mode=free t=2.780s ee=(+0.071,+0.005,+0.154) obj=(+0.000,+0.000,+0.050) goal_dist=0.300m switch=kStayInRepos target=(+0.069,+0.008,+0.150) ee_stride=0.006m ee_to_ptarget=0.154m landing_err=0.0587m ik_ok=Y ik_resid=0.0001m q_max_resid_deg=19.19 target_changed=Y retgt=N held_idx=1 held_cost=179424.39 won_cost=179424.39 margin=+0.00 won_src=prev_repos held_valid=Y reason=hold setpoint_to_ptarget=nanm finished_val=nanm finished_thresh=0.0200m pd_resid=nanm nextwp_to_ptarget=nanm guide_terminal_err=nanm
[GATE-EVOLVE] step=278 curr=102078.26 best_other=179424.39 ratio=0.5689 ee_to_optimal=0.0060m phi=0.0331m
[STAGE-A-TRACE] step=278 sim_t=2.780 mode=free phi=0.03307 box_xy=+0.00001,+0.00001 lam_n_ee_box=nan qy=+0.00006 qz=+0.00001 finished_repos=0
[DRAKE-CONTACT] step=278 n_pairs=1 ee_box_normal=0.000
[GATE-CONTACT] step=278 F_W=(+0.0000,+0.0000,+0.0000) F_on_box=(-0.0000,-0.0000,-0.0000) n_face_out=(-0.0000,-0.0000,-0.0000) A_is_ee=0 box_q=(+1.00000,-0.00006,+0.00006,+0.00001) box_p=(+0.00001,+0.00001,+0.05000) ee_p=(+0.07117,+0.00463,+0.15407)
[LATERAL] perp=6.3mm scale=50.0mm strength=0.13 shift_mm=(-0.0,-0.8)
[ADMM-C3+] primal: 6.1277->4.9305  dual: 108.4714->76.4140  mono=False  iters=25/25  rho=25.0
[ADMM-C3+] WARNING non-converged: pr=4.9305 dr=76.4140 tol=1e-03
[C3+] step=949 |u[0]|=9.70N λ_n_max=1.061 η_n_max=1.279 primal=4.930 iters=25/25 lcp_res_max=nan
[ADMIT-GUARD] step=279 admit_active=0 latch=0/0 ee_z=0.154 gate_cap=0
[ALT-GATE] step=279 target_stable=0/0 allow_descent=1
[GS-tgt] step=279 ee=(+0.070,+0.006,+0.154) p_repos=(+0.019,+0.080,+0.030) ee_to_target=0.153m target_label=prev_repos target_changed=N delta=0.000m
[GS] step=279 mode=free switch=kStayInRepos best_k=0 best_src=prev_repos curr_cost=104089.73 repos_cost=181772.54 best_other=181772.54 met_progress=Y steps_since_improve=2 switches=4
[STEP] step=279 mode=free t=2.790s ee=(+0.070,+0.006,+0.154) obj=(+0.000,-0.000,+0.050) goal_dist=0.300m switch=kStayInRepos target=(+0.068,+0.010,+0.150) ee_stride=0.005m ee_to_ptarget=0.153m landing_err=0.0547m ik_ok=Y ik_resid=0.0001m q_max_resid_deg=19.37 target_changed=Y retgt=N held_idx=1 held_cost=181772.54 won_cost=181772.54 margin=+0.00 won_src=prev_repos held_valid=Y reason=hold setpoint_to_ptarget=nanm finished_val=nanm finished_thresh=0.0200m pd_resid=nanm nextwp_to_ptarget=nanm guide_terminal_err=nanm
[GATE-EVOLVE] step=279 curr=104089.73 best_other=181772.54 ratio=0.5726 ee_to_optimal=0.0081m phi=0.0324m
[STAGE-A-TRACE] step=279 sim_t=2.790 mode=free phi=0.03239 box_xy=+0.00000,-0.00000 lam_n_ee_box=nan qy=+0.00005 qz=+0.00001 finished_repos=0
[DRAKE-CONTACT] step=279 n_pairs=1 ee_box_normal=0.000
[GATE-CONTACT] step=279 F_W=(+0.0000,+0.0000,+0.0000) F_on_box=(-0.0000,-0.0000,-0.0000) n_face_out=(-0.0000,-0.0000,-0.0000) A_is_ee=0 box_q=(+1.00000,+0.00002,+0.00005,+0.00001) box_p=(+0.00000,-0.00000,+0.04999) ee_p=(+0.06997,+0.00631,+0.15379)
[LATERAL] perp=8.0mm scale=50.0mm strength=0.16 shift_mm=(-0.0,-1.3)
[ADMM-C3+] primal: 6.1264->4.9334  dual: 109.1958->80.4013  mono=False  iters=25/25  rho=25.0
[ADMM-C3+] WARNING non-converged: pr=4.9334 dr=80.4013 tol=1e-03
[C3+] step=952 |u[0]|=9.68N λ_n_max=1.060 η_n_max=1.279 primal=4.933 iters=25/25 lcp_res_max=nan
[ADMIT-GUARD] step=280 admit_active=0 latch=0/0 ee_z=0.153 gate_cap=0
[ALT-GATE] step=280 target_stable=0/0 allow_descent=1
[GS-tgt] step=280 ee=(+0.069,+0.008,+0.153) p_repos=(+0.019,+0.080,+0.030) ee_to_target=0.151m target_label=prev_repos target_changed=N delta=0.000m
[IMP] step=280 mode=free |x_err|=0.0050m |tau_imp|=0.29Nm |tau_ff|=0.00Nm |tau_out|=0.29Nm sat=False lam_n=False lam_t=False
[GS] step=280 mode=free switch=kStayInRepos best_k=0 best_src=prev_repos curr_cost=103803.85 repos_cost=181445.59 best_other=181445.59 met_progress=Y steps_since_improve=3 switches=4
[STEP] step=280 mode=free t=2.800s ee=(+0.069,+0.008,+0.153) obj=(+0.000,-0.000,+0.050) goal_dist=0.300m switch=kStayInRepos target=(+0.067,+0.011,+0.150) ee_stride=0.005m ee_to_ptarget=0.151m landing_err=0.0507m ik_ok=Y ik_resid=0.0001m q_max_resid_deg=19.55 target_changed=Y retgt=N held_idx=1 held_cost=181445.59 won_cost=181445.59 margin=+0.00 won_src=prev_repos held_valid=Y reason=hold setpoint_to_ptarget=nanm finished_val=nanm finished_thresh=0.0200m pd_resid=nanm nextwp_to_ptarget=nanm guide_terminal_err=nanm
[GATE-EVOLVE] step=280 curr=103803.85 best_other=181445.59 ratio=0.5721 ee_to_optimal=0.0102m phi=0.0317m
[STAGE-A-TRACE] step=280 sim_t=2.800 mode=free phi=0.03169 box_xy=+0.00000,-0.00000 lam_n_ee_box=nan qy=+0.00002 qz=+0.00002 finished_repos=0
[GS-table] step=280
  k=0 (current   ) pos=(+0.069,+0.008,+0.153) c_C3= 133803.85 align=1.0000(bonus=30000.00) rot=+0.0000(bonus=    0.00) travel=0.000m(pen=  0.00) c_sample= 103803.85 feas=Y ik_err=0.0000m  ← WIN
  k=1 (prev_repos) pos=(+0.019,+0.080,+0.030) c_C3= 181415.32 align=0.0000(bonus=    0.00) rot=+0.0000(bonus=    0.00) travel=0.151m(pen= 30.27) c_sample= 181445.59 feas=Y ik_err=0.0000m
  k=2 (strat_0   ) pos=(-0.080,-0.043,+0.030) c_C3= 182503.29 align=0.0000(bonus=    0.00) rot=+0.0000(bonus=    0.00) travel=0.200m(pen= 40.01) c_sample= 182543.30 feas=Y ik_err=0.0000m
[DRAKE-CONTACT] step=280 n_pairs=1 ee_box_normal=0.000
[GATE-CONTACT] step=280 F_W=(+0.0000,+0.0000,+0.0000) F_on_box=(-0.0000,-0.0000,-0.0000) n_face_out=(-0.0000,-0.0000,-0.0000) A_is_ee=0 box_q=(+1.00000,+0.00002,+0.00002,+0.00002) box_p=(+0.00000,-0.00000,+0.04999) ee_p=(+0.06877,+0.00803,+0.15349)
[LATERAL] perp=9.7mm scale=50.0mm strength=0.19 shift_mm=(+0.0,-1.9)
[ADMM-C3+] primal: 5.7433->3.8680  dual: 75.0985->83.3037  mono=False  iters=25/25  rho=25.0
[ADMM-C3+] WARNING non-converged: pr=3.8680 dr=83.3037 tol=1e-03
[C3+] step=955 |u[0]|=9.66N λ_n_max=0.000 η_n_max=0.738 primal=3.868 iters=25/25 lcp_res_max=nan
[ADMIT-GUARD] step=281 admit_active=0 latch=0/0 ee_z=0.153 gate_cap=0
[ALT-GATE] step=281 target_stable=0/0 allow_descent=1
[GS-tgt] step=281 ee=(+0.068,+0.010,+0.153) p_repos=(+0.019,+0.080,+0.030) ee_to_target=0.150m target_label=prev_repos target_changed=N delta=0.000m
[GS] step=281 mode=free switch=kStayInRepos best_k=0 best_src=prev_repos curr_cost=124975.02 repos_cost=198405.32 best_other=198405.32 met_progress=Y steps_since_improve=4 switches=4
[STEP] step=281 mode=free t=2.810s ee=(+0.068,+0.010,+0.153) obj=(-0.000,+0.000,+0.050) goal_dist=0.300m switch=kStayInRepos target=(+0.066,+0.013,+0.150) ee_stride=0.005m ee_to_ptarget=0.150m landing_err=0.0467m ik_ok=Y ik_resid=0.0001m q_max_resid_deg=19.73 target_changed=Y retgt=N held_idx=1 held_cost=198405.32 won_cost=198405.32 margin=+0.00 won_src=prev_repos held_valid=Y reason=hold setpoint_to_ptarget=nanm finished_val=nanm finished_thresh=0.0200m pd_resid=nanm nextwp_to_ptarget=nanm guide_terminal_err=nanm
[GATE-EVOLVE] step=281 curr=124975.02 best_other=198405.32 ratio=0.6299 ee_to_optimal=0.0123m phi=0.0310m
[STAGE-A-TRACE] step=281 sim_t=2.810 mode=free phi=0.03102 box_xy=-0.00001,+0.00000 lam_n_ee_box=nan qy=-0.00005 qz=+0.00002 finished_repos=0
[DRAKE-CONTACT] step=281 n_pairs=1 ee_box_normal=0.000
[GATE-CONTACT] step=281 F_W=(+0.0000,+0.0000,+0.0000) F_on_box=(-0.0000,-0.0000,-0.0000) n_face_out=(-0.0000,-0.0000,-0.0000) A_is_ee=0 box_q=(+1.00000,-0.00005,-0.00005,+0.00002) box_p=(-0.00001,+0.00000,+0.04999) ee_p=(+0.06757,+0.00975,+0.15318)
[LATERAL] perp=11.5mm scale=50.0mm strength=0.23 shift_mm=(+0.0,-2.6)
[ADMM-C3+] primal: 5.7429->3.8689  dual: 75.0237->83.3130  mono=False  iters=25/25  rho=25.0
[ADMM-C3+] WARNING non-converged: pr=3.8689 dr=83.3130 tol=1e-03
[C3+] step=958 |u[0]|=9.65N λ_n_max=0.000 η_n_max=0.739 primal=3.869 iters=25/25 lcp_res_max=nan
[ADMIT-GUARD] step=282 admit_active=0 latch=0/0 ee_z=0.153 gate_cap=0
[ALT-GATE] step=282 target_stable=0/0 allow_descent=1
[GS-tgt] step=282 ee=(+0.066,+0.011,+0.153) p_repos=(+0.019,+0.080,+0.030) ee_to_target=0.148m target_label=prev_repos target_changed=N delta=0.000m
[GS] step=282 mode=free switch=kStayInRepos best_k=0 best_src=prev_repos curr_cost=125217.58 repos_cost=198680.60 best_other=198680.60 met_progress=Y steps_since_improve=5 switches=4
[STEP] step=282 mode=free t=2.820s ee=(+0.066,+0.011,+0.153) obj=(-0.000,+0.000,+0.050) goal_dist=0.300m switch=kStayInRepos target=(+0.065,+0.014,+0.150) ee_stride=0.004m ee_to_ptarget=0.148m landing_err=0.0427m ik_ok=Y ik_resid=0.0001m q_max_resid_deg=19.91 target_changed=Y retgt=N held_idx=1 held_cost=198680.60 won_cost=198680.60 margin=+0.00 won_src=prev_repos held_valid=Y reason=hold setpoint_to_ptarget=nanm finished_val=nanm finished_thresh=0.0200m pd_resid=nanm nextwp_to_ptarget=nanm guide_terminal_err=nanm
[GATE-EVOLVE] step=282 curr=125217.58 best_other=198680.60 ratio=0.6302 ee_to_optimal=0.0144m phi=0.0304m
[STAGE-A-TRACE] step=282 sim_t=2.820 mode=free phi=0.03037 box_xy=-0.00000,+0.00000 lam_n_ee_box=nan qy=-0.00003 qz=+0.00002 finished_repos=0
[DRAKE-CONTACT] step=282 n_pairs=1 ee_box_normal=0.000
[GATE-CONTACT] step=282 F_W=(+0.0000,+0.0000,+0.0000) F_on_box=(-0.0000,-0.0000,-0.0000) n_face_out=(-0.0000,-0.0000,-0.0000) A_is_ee=0 box_q=(+1.00000,-0.00005,-0.00003,+0.00002) box_p=(-0.00000,+0.00000,+0.05000) ee_p=(+0.06638,+0.01148,+0.15289)
[LATERAL] perp=13.2mm scale=50.0mm strength=0.26 shift_mm=(-0.0,-3.5)
[ADMM-C3+] primal: 6.1271->4.9325  dual: 109.0108->80.4555  mono=False  iters=25/25  rho=25.0
[ADMM-C3+] WARNING non-converged: pr=4.9325 dr=80.4555 tol=1e-03
[C3+] step=961 |u[0]|=9.66N λ_n_max=1.060 η_n_max=1.279 primal=4.933 iters=25/25 lcp_res_max=nan
[ADMIT-GUARD] step=283 admit_active=0 latch=0/0 ee_z=0.153 gate_cap=0
[ALT-GATE] step=283 target_stable=0/0 allow_descent=1
[GS-tgt] step=283 ee=(+0.065,+0.013,+0.153) p_repos=(+0.019,+0.080,+0.030) ee_to_target=0.147m target_label=prev_repos target_changed=N delta=0.000m
[GS] step=283 mode=free switch=kStayInRepos best_k=0 best_src=prev_repos curr_cost=103753.90 repos_cost=181356.89 best_other=181356.89 met_progress=Y steps_since_improve=6 switches=4
[STEP] step=283 mode=free t=2.830s ee=(+0.065,+0.013,+0.153) obj=(+0.000,-0.000,+0.050) goal_dist=0.300m switch=kStayInRepos target=(+0.064,+0.016,+0.150) ee_stride=0.004m ee_to_ptarget=0.147m landing_err=0.0387m ik_ok=Y ik_resid=0.0001m q_max_resid_deg=20.10 target_changed=Y retgt=N held_idx=1 held_cost=181356.89 won_cost=181356.89 margin=+0.00 won_src=prev_repos held_valid=Y reason=hold setpoint_to_ptarget=nanm finished_val=nanm finished_thresh=0.0200m pd_resid=nanm nextwp_to_ptarget=nanm guide_terminal_err=nanm
[GATE-EVOLVE] step=283 curr=103753.90 best_other=181356.89 ratio=0.5721 ee_to_optimal=0.0164m phi=0.0298m
[STAGE-A-TRACE] step=283 sim_t=2.830 mode=free phi=0.02976 box_xy=+0.00000,-0.00000 lam_n_ee_box=nan qy=+0.00003 qz=+0.00003 finished_repos=0
[DRAKE-CONTACT] step=283 n_pairs=1 ee_box_normal=0.000
[GATE-CONTACT] step=283 F_W=(+0.0000,+0.0000,+0.0000) F_on_box=(-0.0000,-0.0000,-0.0000) n_face_out=(-0.0000,-0.0000,-0.0000) A_is_ee=0 box_q=(+1.00000,+0.00001,+0.00003,+0.00003) box_p=(+0.00000,-0.00000,+0.04999) ee_p=(+0.06520,+0.01320,+0.15260)
[LATERAL] perp=14.9mm scale=50.0mm strength=0.30 shift_mm=(-0.0,-4.4)
[ADMM-C3+] primal: 6.1268->4.9289  dual: 108.2247->76.6902  mono=False  iters=25/25  rho=25.0
[ADMM-C3+] WARNING non-converged: pr=4.9289 dr=76.6902 tol=1e-03
[C3+] step=964 |u[0]|=9.67N λ_n_max=1.060 η_n_max=1.279 primal=4.929 iters=25/25 lcp_res_max=nan
[ADMIT-GUARD] step=284 admit_active=0 latch=0/0 ee_z=0.152 gate_cap=0
[ALT-GATE] step=284 target_stable=0/0 allow_descent=1
[GS-tgt] step=284 ee=(+0.064,+0.015,+0.152) p_repos=(+0.019,+0.080,+0.030) ee_to_target=0.146m target_label=prev_repos target_changed=N delta=0.000m
[GS] step=284 mode=free switch=kStayInRepos best_k=0 best_src=prev_repos curr_cost=103775.36 repos_cost=181364.11 best_other=181364.11 met_progress=Y steps_since_improve=7 switches=4
[STEP] step=284 mode=free t=2.840s ee=(+0.064,+0.015,+0.152) obj=(+0.000,-0.000,+0.050) goal_dist=0.300m switch=kStayInRepos target=(+0.063,+0.017,+0.150) ee_stride=0.003m ee_to_ptarget=0.146m landing_err=0.0347m ik_ok=Y ik_resid=0.0001m q_max_resid_deg=20.28 target_changed=Y retgt=N held_idx=1 held_cost=181364.11 won_cost=181364.11 margin=+0.00 won_src=prev_repos held_valid=Y reason=hold setpoint_to_ptarget=nanm finished_val=nanm finished_thresh=0.0200m pd_resid=nanm nextwp_to_ptarget=nanm guide_terminal_err=nanm
[GATE-EVOLVE] step=284 curr=103775.36 best_other=181364.11 ratio=0.5722 ee_to_optimal=0.0185m phi=0.0292m
[STAGE-A-TRACE] step=284 sim_t=2.840 mode=free phi=0.02919 box_xy=+0.00000,-0.00000 lam_n_ee_box=nan qy=+0.00002 qz=+0.00003 finished_repos=0
[DRAKE-CONTACT] step=284 n_pairs=1 ee_box_normal=0.000
[GATE-CONTACT] step=284 F_W=(+0.0000,+0.0000,+0.0000) F_on_box=(-0.0000,-0.0000,-0.0000) n_face_out=(-0.0000,-0.0000,-0.0000) A_is_ee=0 box_q=(+1.00000,+0.00001,+0.00002,+0.00003) box_p=(+0.00000,-0.00000,+0.05000) ee_p=(+0.06404,+0.01491,+0.15234)
[LATERAL] perp=16.6mm scale=50.0mm strength=0.33 shift_mm=(+0.0,-5.5)
[ADMM-C3+] primal: 5.7464->3.8699  dual: 75.1888->83.3890  mono=False  iters=25/25  rho=25.0
[ADMM-C3+] WARNING non-converged: pr=3.8699 dr=83.3890 tol=1e-03
[C3+] step=967 |u[0]|=9.69N λ_n_max=0.000 η_n_max=0.735 primal=3.870 iters=25/25 lcp_res_max=nan
[ADMIT-GUARD] step=285 admit_active=0 latch=0/0 ee_z=0.152 gate_cap=0
[ALT-GATE] step=285 target_stable=0/0 allow_descent=1
[GS-tgt] step=285 ee=(+0.063,+0.017,+0.152) p_repos=(+0.019,+0.080,+0.030) ee_to_target=0.144m target_label=prev_repos target_changed=N delta=0.000m
[GS] step=285 mode=free switch=kStayInRepos best_k=0 best_src=prev_repos curr_cost=124754.86 repos_cost=198141.42 best_other=198141.42 met_progress=Y steps_since_improve=8 switches=4
[STEP] step=285 mode=free t=2.850s ee=(+0.063,+0.017,+0.152) obj=(-0.000,+0.000,+0.050) goal_dist=0.300m switch=kStayInRepos target=(+0.062,+0.019,+0.150) ee_stride=0.003m ee_to_ptarget=0.144m landing_err=0.0307m ik_ok=Y ik_resid=0.0001m q_max_resid_deg=20.48 target_changed=Y retgt=N held_idx=1 held_cost=198141.42 won_cost=198141.42 margin=+0.00 won_src=prev_repos held_valid=Y reason=hold setpoint_to_ptarget=nanm finished_val=nanm finished_thresh=0.0200m pd_resid=nanm nextwp_to_ptarget=nanm guide_terminal_err=nanm
[GATE-EVOLVE] step=285 curr=124754.86 best_other=198141.42 ratio=0.6296 ee_to_optimal=0.0205m phi=0.0287m
[STAGE-A-TRACE] step=285 sim_t=2.850 mode=free phi=0.02867 box_xy=-0.00000,+0.00001 lam_n_ee_box=nan qy=-0.00004 qz=+0.00004 finished_repos=0
[DRAKE-CONTACT] step=285 n_pairs=1 ee_box_normal=0.000
[GATE-CONTACT] step=285 F_W=(+0.0000,+0.0000,+0.0000) F_on_box=(-0.0000,-0.0000,-0.0000) n_face_out=(-0.0000,-0.0000,-0.0000) A_is_ee=0 box_q=(+1.00000,-0.00008,-0.00004,+0.00004) box_p=(-0.00000,+0.00001,+0.04999) ee_p=(+0.06289,+0.01660,+0.15209)
[LATERAL] perp=18.3mm scale=50.0mm strength=0.37 shift_mm=(+0.0,-6.7)
[ADMM-C3+] primal: 5.7391->3.8655  dual: 74.9736->83.1817  mono=False  iters=25/25  rho=25.0
[ADMM-C3+] WARNING non-converged: pr=3.8655 dr=83.1817 tol=1e-03
[C3+] step=970 |u[0]|=9.72N λ_n_max=0.000 η_n_max=0.741 primal=3.866 iters=25/25 lcp_res_max=nan
[ADMIT-GUARD] step=286 admit_active=0 latch=0/0 ee_z=0.152 gate_cap=0
[ALT-GATE] step=286 target_stable=0/0 allow_descent=1
[GS-tgt] step=286 ee=(+0.062,+0.018,+0.152) p_repos=(+0.019,+0.080,+0.030) ee_to_target=0.143m target_label=prev_repos target_changed=N delta=0.000m
[GS] step=286 mode=free switch=kStayInRepos best_k=0 best_src=prev_repos curr_cost=125317.14 repos_cost=198751.71 best_other=198751.71 met_progress=Y steps_since_improve=9 switches=4
[STEP] step=286 mode=free t=2.860s ee=(+0.062,+0.018,+0.152) obj=(-0.000,+0.000,+0.050) goal_dist=0.300m switch=kStayInRepos target=(+0.061,+0.020,+0.150) ee_stride=0.003m ee_to_ptarget=0.143m landing_err=0.0267m ik_ok=Y ik_resid=0.0001m q_max_resid_deg=20.68 target_changed=Y retgt=N held_idx=1 held_cost=198751.71 won_cost=198751.71 margin=+0.00 won_src=prev_repos held_valid=Y reason=hold setpoint_to_ptarget=nanm finished_val=nanm finished_thresh=0.0200m pd_resid=nanm nextwp_to_ptarget=nanm guide_terminal_err=nanm
[GATE-EVOLVE] step=286 curr=125317.14 best_other=198751.71 ratio=0.6305 ee_to_optimal=0.0226m phi=0.0282m
[STAGE-A-TRACE] step=286 sim_t=2.860 mode=free phi=0.02820 box_xy=-0.00000,+0.00000 lam_n_ee_box=nan qy=-0.00005 qz=+0.00004 finished_repos=0
[DRAKE-CONTACT] step=286 n_pairs=1 ee_box_normal=0.000
[GATE-CONTACT] step=286 F_W=(+0.0000,+0.0000,+0.0000) F_on_box=(-0.0000,-0.0000,-0.0000) n_face_out=(-0.0000,-0.0000,-0.0000) A_is_ee=0 box_q=(+1.00000,-0.00002,-0.00005,+0.00004) box_p=(-0.00000,+0.00000,+0.04999) ee_p=(+0.06175,+0.01828,+0.15188)
[LATERAL] perp=19.9mm scale=50.0mm strength=0.40 shift_mm=(+0.0,-7.9)
[ADMM-C3+] primal: 5.7272->3.8368  dual: 74.6559->78.4957  mono=False  iters=25/25  rho=25.0
[ADMM-C3+] WARNING non-converged: pr=3.8368 dr=78.4957 tol=1e-03
[C3+] step=973 |u[0]|=9.76N λ_n_max=0.000 η_n_max=0.749 primal=3.837 iters=25/25 lcp_res_max=nan
[ADMIT-GUARD] step=287 admit_active=0 latch=0/0 ee_z=0.152 gate_cap=0
[ALT-GATE] step=287 target_stable=0/0 allow_descent=1
[GS-tgt] step=287 ee=(+0.061,+0.020,+0.152) p_repos=(+0.019,+0.080,+0.030) ee_to_target=0.142m target_label=prev_repos target_changed=N delta=0.000m
[GS] step=287 mode=free switch=kStayInRepos best_k=0 best_src=prev_repos curr_cost=126217.58 repos_cost=199734.20 best_other=199734.20 met_progress=Y steps_since_improve=10 switches=4
[STEP] step=287 mode=free t=2.870s ee=(+0.061,+0.020,+0.152) obj=(-0.000,+0.000,+0.050) goal_dist=0.300m switch=kStayInRepos target=(+0.060,+0.022,+0.150) ee_stride=0.002m ee_to_ptarget=0.142m landing_err=0.0227m ik_ok=Y ik_resid=0.0001m q_max_resid_deg=20.89 target_changed=Y retgt=N held_idx=1 held_cost=199734.20 won_cost=199734.20 margin=+0.00 won_src=prev_repos held_valid=Y reason=hold setpoint_to_ptarget=nanm finished_val=nanm finished_thresh=0.0200m pd_resid=nanm nextwp_to_ptarget=nanm guide_terminal_err=nanm
[GATE-EVOLVE] step=287 curr=126217.58 best_other=199734.20 ratio=0.6319 ee_to_optimal=0.0246m phi=0.0278m
[STAGE-A-TRACE] step=287 sim_t=2.870 mode=free phi=0.02776 box_xy=-0.00000,+0.00000 lam_n_ee_box=nan qy=-0.00001 qz=+0.00005 finished_repos=0
[DRAKE-CONTACT] step=287 n_pairs=1 ee_box_normal=0.000
[GATE-CONTACT] step=287 F_W=(+0.0000,+0.0000,+0.0000) F_on_box=(-0.0000,-0.0000,-0.0000) n_face_out=(-0.0000,-0.0000,-0.0000) A_is_ee=0 box_q=(+1.00000,-0.00000,-0.00001,+0.00005) box_p=(-0.00000,+0.00000,+0.05000) ee_p=(+0.06063,+0.01993,+0.15168)
[LATERAL] perp=21.6mm scale=50.0mm strength=0.43 shift_mm=(+0.0,-9.3)
[ADMM-C3+] primal: 6.1266->4.9340  dual: 109.0920->80.3538  mono=False  iters=25/25  rho=25.0
[ADMM-C3+] WARNING non-converged: pr=4.9340 dr=80.3538 tol=1e-03
[C3+] step=976 |u[0]|=9.81N λ_n_max=1.062 η_n_max=1.279 primal=4.934 iters=25/25 lcp_res_max=nan
[ADMIT-GUARD] step=288 admit_active=0 latch=0/0 ee_z=0.152 gate_cap=0
[ALT-GATE] step=288 target_stable=0/0 allow_descent=1
[GS-tgt] step=288 ee=(+0.060,+0.022,+0.152) p_repos=(+0.019,+0.080,+0.030) ee_to_target=0.141m target_label=prev_repos target_changed=N delta=0.000m
[GS] step=288 mode=free switch=kStayInRepos best_k=0 best_src=prev_repos curr_cost=104300.59 repos_cost=181972.55 best_other=181972.55 met_progress=Y steps_since_improve=11 switches=4
[STEP] step=288 mode=free t=2.880s ee=(+0.060,+0.022,+0.152) obj=(+0.000,+0.000,+0.050) goal_dist=0.300m switch=kStayInRepos target=(+0.059,+0.023,+0.150) ee_stride=0.002m ee_to_ptarget=0.141m landing_err=0.0187m ik_ok=Y ik_resid=0.0001m q_max_resid_deg=21.11 target_changed=Y retgt=N held_idx=1 held_cost=181972.55 won_cost=181972.55 margin=+0.00 won_src=prev_repos held_valid=Y reason=hold setpoint_to_ptarget=nanm finished_val=nanm finished_thresh=0.0200m pd_resid=nanm nextwp_to_ptarget=nanm guide_terminal_err=nanm
[GATE-EVOLVE] step=288 curr=104300.59 best_other=181972.55 ratio=0.5732 ee_to_optimal=0.0265m phi=0.0274m
[STAGE-A-TRACE] step=288 sim_t=2.880 mode=free phi=0.02739 box_xy=+0.00001,+0.00001 lam_n_ee_box=nan qy=+0.00007 qz=+0.00004 finished_repos=0
[DRAKE-CONTACT] step=288 n_pairs=1 ee_box_normal=0.000
[GATE-CONTACT] step=288 F_W=(+0.0000,+0.0000,+0.0000) F_on_box=(-0.0000,-0.0000,-0.0000) n_face_out=(-0.0000,-0.0000,-0.0000) A_is_ee=0 box_q=(+1.00000,-0.00007,+0.00007,+0.00004) box_p=(+0.00001,+0.00001,+0.04999) ee_p=(+0.05951,+0.02156,+0.15151)
[LATERAL] perp=23.2mm scale=50.0mm strength=0.46 shift_mm=(-0.0,-10.7)
[ADMM-C3+] primal: 6.1293->7.9736  dual: 111.3355->221.0659  mono=False  iters=25/25  rho=25.0
[ADMM-C3+] WARNING non-converged: pr=7.9736 dr=221.0659 tol=1e-03
[C3+] step=979 |u[0]|=9.88N λ_n_max=1.056 η_n_max=1.279 primal=7.974 iters=25/25 lcp_res_max=nan
[ADMIT-GUARD] step=289 admit_active=0 latch=0/0 ee_z=0.151 gate_cap=0
[ALT-GATE] step=289 target_stable=0/0 allow_descent=1
[GS-tgt] step=289 ee=(+0.058,+0.023,+0.151) p_repos=(+0.019,+0.080,+0.030) ee_to_target=0.140m target_label=prev_repos target_changed=N delta=0.000m
[GS] step=289 mode=free switch=kStayInRepos best_k=0 best_src=prev_repos curr_cost=102092.90 repos_cost=179372.45 best_other=179372.45 met_progress=Y steps_since_improve=12 switches=4
[STEP] step=289 mode=free t=2.890s ee=(+0.058,+0.023,+0.151) obj=(+0.000,-0.000,+0.050) goal_dist=0.300m switch=kStayInRepos target=(+0.058,+0.025,+0.150) ee_stride=0.002m ee_to_ptarget=0.140m landing_err=0.0147m ik_ok=Y ik_resid=0.0001m q_max_resid_deg=21.33 target_changed=Y retgt=N held_idx=1 held_cost=179372.45 won_cost=179372.45 margin=+0.00 won_src=prev_repos held_valid=Y reason=hold setpoint_to_ptarget=nanm finished_val=nanm finished_thresh=0.0200m pd_resid=nanm nextwp_to_ptarget=nanm guide_terminal_err=nanm
[GATE-EVOLVE] step=289 curr=102092.90 best_other=179372.45 ratio=0.5692 ee_to_optimal=0.0285m phi=0.0270m
[STAGE-A-TRACE] step=289 sim_t=2.890 mode=free phi=0.02705 box_xy=+0.00001,-0.00001 lam_n_ee_box=nan qy=+0.00006 qz=+0.00004 finished_repos=0
[DRAKE-CONTACT] step=289 n_pairs=1 ee_box_normal=0.000
[GATE-CONTACT] step=289 F_W=(+0.0000,+0.0000,+0.0000) F_on_box=(-0.0000,-0.0000,-0.0000) n_face_out=(-0.0000,-0.0000,-0.0000) A_is_ee=0 box_q=(+1.00000,+0.00007,+0.00006,+0.00004) box_p=(+0.00001,-0.00001,+0.04999) ee_p=(+0.05841,+0.02317,+0.15135)
[LATERAL] perp=24.8mm scale=50.0mm strength=0.50 shift_mm=(+0.0,-12.3)
[ADMM-C3+] primal: 6.1262->4.9335  dual: 109.1332->80.3519  mono=False  iters=25/25  rho=25.0
[ADMM-C3+] WARNING non-converged: pr=4.9335 dr=80.3519 tol=1e-03
[C3+] step=982 |u[0]|=9.95N λ_n_max=1.061 η_n_max=1.279 primal=4.933 iters=25/25 lcp_res_max=nan
[ADMIT-GUARD] step=290 admit_active=0 latch=0/0 ee_z=0.151 gate_cap=0
[ALT-GATE] step=290 target_stable=0/0 allow_descent=1
[GS-tgt] step=290 ee=(+0.057,+0.025,+0.151) p_repos=(+0.019,+0.080,+0.030) ee_to_target=0.139m target_label=prev_repos target_changed=N delta=0.000m
[IMP] step=290 mode=free |x_err|=0.0018m |tau_imp|=1.32Nm |tau_ff|=0.00Nm |tau_out|=1.32Nm sat=False lam_n=False lam_t=False
[GS] step=290 mode=free switch=kStayInRepos best_k=0 best_src=prev_repos curr_cost=104101.18 repos_cost=181741.75 best_other=181741.75 met_progress=Y steps_since_improve=13 switches=4
[STEP] step=290 mode=free t=2.900s ee=(+0.057,+0.025,+0.151) obj=(+0.000,+0.000,+0.050) goal_dist=0.300m switch=kStayInRepos target=(+0.057,+0.026,+0.150) ee_stride=0.002m ee_to_ptarget=0.139m landing_err=0.0107m ik_ok=Y ik_resid=0.0001m q_max_resid_deg=21.56 target_changed=Y retgt=N held_idx=1 held_cost=181741.75 won_cost=181741.75 margin=+0.00 won_src=prev_repos held_valid=Y reason=hold setpoint_to_ptarget=nanm finished_val=nanm finished_thresh=0.0200m pd_resid=nanm nextwp_to_ptarget=nanm guide_terminal_err=nanm
[GATE-EVOLVE] step=290 curr=104101.18 best_other=181741.75 ratio=0.5728 ee_to_optimal=0.0304m phi=0.0267m
[STAGE-A-TRACE] step=290 sim_t=2.900 mode=free phi=0.02675 box_xy=+0.00001,+0.00000 lam_n_ee_box=nan qy=+0.00004 qz=+0.00004 finished_repos=0
[DRAKE-CONTACT] step=290 n_pairs=1 ee_box_normal=0.000
[GATE-CONTACT] step=290 F_W=(+0.0000,+0.0000,+0.0000) F_on_box=(-0.0000,-0.0000,-0.0000) n_face_out=(-0.0000,-0.0000,-0.0000) A_is_ee=0 box_q=(+1.00000,-0.00004,+0.00004,+0.00004) box_p=(+0.00001,+0.00000,+0.05000) ee_p=(+0.05731,+0.02477,+0.15122)
[LATERAL] perp=26.3mm scale=50.0mm strength=0.53 shift_mm=(+0.0,-13.9)
[ADMM-C3+] primal: 5.7521->3.9003  dual: 74.6693->79.9284  mono=False  iters=25/25  rho=25.0
[ADMM-C3+] WARNING non-converged: pr=3.9003 dr=79.9284 tol=1e-03
[C3+] step=985 |u[0]|=10.03N λ_n_max=0.000 η_n_max=0.741 primal=3.900 iters=25/25 lcp_res_max=nan
[ADMIT-GUARD] step=291 admit_active=0 latch=0/0 ee_z=0.151 gate_cap=0
[ALT-GATE] step=291 target_stable=0/0 allow_descent=1
[GS-tgt] step=291 ee=(+0.056,+0.026,+0.151) p_repos=(+0.019,+0.080,+0.030) ee_to_target=0.138m target_label=prev_repos target_changed=N delta=0.000m
[GS] step=291 mode=free switch=kStayInRepos best_k=0 best_src=prev_repos curr_cost=126690.34 repos_cost=200382.63 best_other=200382.63 met_progress=Y steps_since_improve=14 switches=4
[STEP] step=291 mode=free t=2.910s ee=(+0.056,+0.026,+0.151) obj=(-0.000,+0.000,+0.050) goal_dist=0.300m switch=kStayInRepos target=(+0.056,+0.028,+0.150) ee_stride=0.002m ee_to_ptarget=0.138m landing_err=0.0067m ik_ok=Y ik_resid=0.0001m q_max_resid_deg=21.80 target_changed=Y retgt=N held_idx=1 held_cost=200382.63 won_cost=200382.63 margin=+0.00 won_src=prev_repos held_valid=Y reason=hold setpoint_to_ptarget=nanm finished_val=nanm finished_thresh=0.0200m pd_resid=nanm nextwp_to_ptarget=nanm guide_terminal_err=nanm
[GATE-EVOLVE] step=291 curr=126690.34 best_other=200382.63 ratio=0.6322 ee_to_optimal=0.0323m phi=0.0265m
[STAGE-A-TRACE] step=291 sim_t=2.910 mode=free phi=0.02649 box_xy=-0.00000,+0.00000 lam_n_ee_box=nan qy=-0.00002 qz=+0.00003 finished_repos=0
[DRAKE-CONTACT] step=291 n_pairs=1 ee_box_normal=0.000
[GATE-CONTACT] step=291 F_W=(+0.0000,+0.0000,+0.0000) F_on_box=(-0.0000,-0.0000,-0.0000) n_face_out=(-0.0000,-0.0000,-0.0000) A_is_ee=0 box_q=(+1.00000,-0.00004,-0.00002,+0.00003) box_p=(-0.00000,+0.00000,+0.05000) ee_p=(+0.05623,+0.02635,+0.15111)
[LATERAL] perp=27.9mm scale=50.0mm strength=0.56 shift_mm=(+0.0,-15.6)
[ADMM-C3+] primal: 5.7175->3.8223  dual: 74.6734->78.0203  mono=False  iters=25/25  rho=25.0
[ADMM-C3+] WARNING non-converged: pr=3.8223 dr=78.0203 tol=1e-03
[C3+] step=988 |u[0]|=10.13N λ_n_max=0.000 η_n_max=0.752 primal=3.822 iters=25/25 lcp_res_max=nan
[ADMIT-GUARD] step=292 admit_active=0 latch=0/0 ee_z=0.151 gate_cap=0
[ALT-GATE] step=292 target_stable=0/0 allow_descent=1
[GS-tgt] step=292 ee=(+0.055,+0.028,+0.151) p_repos=(+0.019,+0.080,+0.030) ee_to_target=0.137m target_label=prev_repos target_changed=N delta=0.000m
[GS] step=292 mode=free switch=kStayInRepos best_k=0 best_src=prev_repos curr_cost=126137.04 repos_cost=199570.31 best_other=199570.31 met_progress=Y steps_since_improve=0 switches=4
[STEP] step=292 mode=free t=2.920s ee=(+0.055,+0.028,+0.151) obj=(-0.000,+0.000,+0.050) goal_dist=0.300m switch=kStayInRepos target=(+0.055,+0.029,+0.150) ee_stride=0.002m ee_to_ptarget=0.137m landing_err=0.0027m ik_ok=Y ik_resid=0.0001m q_max_resid_deg=22.04 target_changed=Y retgt=N held_idx=1 held_cost=199570.31 won_cost=199570.31 margin=+0.00 won_src=prev_repos held_valid=Y reason=hold setpoint_to_ptarget=nanm finished_val=nanm finished_thresh=0.0200m pd_resid=nanm nextwp_to_ptarget=nanm guide_terminal_err=nanm
[GATE-EVOLVE] step=292 curr=126137.04 best_other=199570.31 ratio=0.6320 ee_to_optimal=0.0342m phi=0.0263m
[STAGE-A-TRACE] step=292 sim_t=2.920 mode=free phi=0.02626 box_xy=-0.00001,+0.00000 lam_n_ee_box=nan qy=-0.00007 qz=+0.00003 finished_repos=0
[DRAKE-CONTACT] step=292 n_pairs=1 ee_box_normal=0.000
[GATE-CONTACT] step=292 F_W=(+0.0000,+0.0000,+0.0000) F_on_box=(-0.0000,-0.0000,-0.0000) n_face_out=(-0.0000,-0.0000,-0.0000) A_is_ee=0 box_q=(+1.00000,-0.00001,-0.00007,+0.00003) box_p=(-0.00001,+0.00000,+0.05000) ee_p=(+0.05515,+0.02791,+0.15101)
[LATERAL] perp=29.5mm scale=50.0mm strength=0.59 shift_mm=(-0.0,-17.4)
[ADMM-C3+] primal: 5.7560->3.8847  dual: 74.8358->83.6628  mono=False  iters=25/25  rho=25.0
[ADMM-C3+] WARNING non-converged: pr=3.8847 dr=83.6628 tol=1e-03
[C3+] step=991 |u[0]|=10.23N λ_n_max=0.000 η_n_max=0.736 primal=3.885 iters=25/25 lcp_res_max=nan
[ADMIT-GUARD] step=293 admit_active=0 latch=0/0 ee_z=0.151 gate_cap=0
[ALT-GATE] step=293 target_stable=0/0 allow_descent=1
[GS-tgt] step=293 ee=(+0.054,+0.029,+0.151) p_repos=(+0.019,+0.080,+0.030) ee_to_target=0.136m target_label=prev_repos target_changed=N delta=0.000m
[GS] step=293 mode=free switch=kStayInRepos best_k=0 best_src=prev_repos curr_cost=126274.18 repos_cost=199930.83 best_other=199930.83 met_progress=Y steps_since_improve=1 switches=4
[STEP] step=293 mode=free t=2.930s ee=(+0.054,+0.029,+0.151) obj=(-0.000,-0.000,+0.050) goal_dist=0.300m switch=kStayInRepos target=(+0.054,+0.030,+0.150) ee_stride=0.001m ee_to_ptarget=0.136m landing_err=0.0000m ik_ok=Y ik_resid=0.0001m q_max_resid_deg=22.12 target_changed=Y retgt=N held_idx=1 held_cost=199930.83 won_cost=199930.83 margin=+0.00 won_src=prev_repos held_valid=Y reason=hold setpoint_to_ptarget=nanm finished_val=nanm finished_thresh=0.0200m pd_resid=nanm nextwp_to_ptarget=nanm guide_terminal_err=nanm
[GATE-EVOLVE] step=293 curr=126274.18 best_other=199930.83 ratio=0.6316 ee_to_optimal=0.0361m phi=0.0261m
[STAGE-A-TRACE] step=293 sim_t=2.930 mode=free phi=0.02608 box_xy=-0.00001,-0.00000 lam_n_ee_box=nan qy=-0.00007 qz=+0.00003 finished_repos=0
[DRAKE-CONTACT] step=293 n_pairs=1 ee_box_normal=0.000
[GATE-CONTACT] step=293 F_W=(+0.0000,+0.0000,+0.0000) F_on_box=(-0.0000,-0.0000,-0.0000) n_face_out=(-0.0000,-0.0000,-0.0000) A_is_ee=0 box_q=(+1.00000,+0.00001,-0.00007,+0.00003) box_p=(-0.00001,-0.00000,+0.04999) ee_p=(+0.05407,+0.02946,+0.15092)
[LATERAL] perp=31.0mm scale=50.0mm strength=0.62 shift_mm=(-0.0,-19.2)
[ADMM-C3+] primal: 6.1256->4.9338  dual: 109.2155->80.4543  mono=False  iters=25/25  rho=25.0
[ADMM-C3+] WARNING non-converged: pr=4.9338 dr=80.4543 tol=1e-03
[C3+] step=994 |u[0]|=10.35N λ_n_max=1.061 η_n_max=1.279 primal=4.934 iters=25/25 lcp_res_max=nan
[ADMIT-GUARD] step=294 admit_active=0 latch=0/0 ee_z=0.151 gate_cap=0
[ALT-GATE] step=294 target_stable=0/0 allow_descent=1
[GS-tgt] step=294 ee=(+0.053,+0.031,+0.151) p_repos=(+0.019,+0.080,+0.030) ee_to_target=0.135m target_label=prev_repos target_changed=N delta=0.000m
[GS] step=294 mode=free switch=kStayInRepos best_k=0 best_src=prev_repos curr_cost=104027.28 repos_cost=181661.43 best_other=181661.43 met_progress=Y steps_since_improve=2 switches=4
[STEP] step=294 mode=free t=2.940s ee=(+0.053,+0.031,+0.151) obj=(+0.000,-0.000,+0.050) goal_dist=0.300m switch=kStayInRepos target=(+0.053,+0.032,+0.150) ee_stride=0.001m ee_to_ptarget=0.135m landing_err=0.0000m ik_ok=Y ik_resid=0.0001m q_max_resid_deg=21.87 target_changed=Y retgt=N held_idx=1 held_cost=181661.43 won_cost=181661.43 margin=+0.00 won_src=prev_repos held_valid=Y reason=hold setpoint_to_ptarget=nanm finished_val=nanm finished_thresh=0.0200m pd_resid=nanm nextwp_to_ptarget=nanm guide_terminal_err=nanm
[GATE-EVOLVE] step=294 curr=104027.28 best_other=181661.43 ratio=0.5726 ee_to_optimal=0.0380m phi=0.0259m
[STAGE-A-TRACE] step=294 sim_t=2.940 mode=free phi=0.02594 box_xy=+0.00000,-0.00001 lam_n_ee_box=nan qy=+0.00003 qz=+0.00004 finished_repos=0
[DRAKE-CONTACT] step=294 n_pairs=1 ee_box_normal=0.000
[GATE-CONTACT] step=294 F_W=(+0.0000,+0.0000,+0.0000) F_on_box=(-0.0000,-0.0000,-0.0000) n_face_out=(-0.0000,-0.0000,-0.0000) A_is_ee=0 box_q=(+1.00000,+0.00005,+0.00003,+0.00004) box_p=(+0.00000,-0.00001,+0.04999) ee_p=(+0.05301,+0.03100,+0.15085)
[LATERAL] perp=32.5mm scale=50.0mm strength=0.65 shift_mm=(+0.0,-21.2)
[ADMM-C3+] primal: 6.2456->5.8621  dual: 72.5856->105.0652  mono=False  iters=25/25  rho=25.0
[ADMM-C3+] WARNING non-converged: pr=5.8621 dr=105.0652 tol=1e-03
[C3+] step=997 |u[0]|=7.45N λ_n_max=1.607 η_n_max=1.204 primal=5.862 iters=25/25 lcp_res_max=nan
[ADMIT-GUARD] step=295 admit_active=0 latch=0/0 ee_z=0.151 gate_cap=0
[ALT-GATE] step=295 target_stable=0/0 allow_descent=1
[GS-tgt] step=295 ee=(+0.052,+0.033,+0.151) p_repos=(+0.019,+0.080,+0.030) ee_to_target=0.134m target_label=prev_repos target_changed=N delta=0.000m
[GS] step=295 mode=free switch=kStayInRepos best_k=0 best_src=prev_repos curr_cost=134313.96 repos_cost=203715.71 best_other=203715.71 met_progress=Y steps_since_improve=3 switches=4
[STEP] step=295 mode=free t=2.950s ee=(+0.052,+0.033,+0.151) obj=(+0.000,+0.000,+0.050) goal_dist=0.300m switch=kStayInRepos target=(+0.052,+0.033,+0.150) ee_stride=0.001m ee_to_ptarget=0.134m landing_err=0.0000m ik_ok=Y ik_resid=0.0001m q_max_resid_deg=21.62 target_changed=Y retgt=N held_idx=1 held_cost=203715.71 won_cost=203715.71 margin=+0.00 won_src=prev_repos held_valid=Y reason=hold setpoint_to_ptarget=nanm finished_val=nanm finished_thresh=0.0200m pd_resid=nanm nextwp_to_ptarget=nanm guide_terminal_err=nanm
[GATE-EVOLVE] step=295 curr=134313.96 best_other=203715.71 ratio=0.6593 ee_to_optimal=0.0399m phi=0.0258m
[STAGE-A-TRACE] step=295 sim_t=2.950 mode=free phi=0.02583 box_xy=+0.00000,+0.00000 lam_n_ee_box=nan qy=-0.00000 qz=+0.00004 finished_repos=0
[DRAKE-CONTACT] step=295 n_pairs=1 ee_box_normal=0.000
[GATE-CONTACT] step=295 F_W=(+0.0000,+0.0000,+0.0000) F_on_box=(-0.0000,-0.0000,-0.0000) n_face_out=(-0.0000,-0.0000,-0.0000) A_is_ee=0 box_q=(+1.00000,-0.00004,-0.00000,+0.00004) box_p=(+0.00000,+0.00000,+0.05000) ee_p=(+0.05194,+0.03253,+0.15078)
[LATERAL] perp=34.0mm scale=50.0mm strength=0.68 shift_mm=(+0.0,-23.2)
[ADMM-C3+] primal: 6.1272->4.9323  dual: 108.8149->80.4922  mono=False  iters=25/25  rho=25.0
[ADMM-C3+] WARNING non-converged: pr=4.9323 dr=80.4922 tol=1e-03
[C3+] step=1000 |u[0]|=10.61N λ_n_max=1.061 η_n_max=1.279 primal=4.932 iters=25/25 lcp_res_max=nan
[ADMIT-GUARD] step=296 admit_active=0 latch=0/0 ee_z=0.151 gate_cap=0
[ALT-GATE] step=296 target_stable=0/0 allow_descent=1
[GS-tgt] step=296 ee=(+0.051,+0.034,+0.151) p_repos=(+0.019,+0.080,+0.030) ee_to_target=0.133m target_label=prev_repos target_changed=N delta=0.000m
[GS] step=296 mode=free switch=kToBetterRepos best_k=0 best_src=prev_repos curr_cost=104062.43 repos_cost=181689.63 best_other=181689.63 met_progress=Y steps_since_improve=4 switches=4
[STEP] step=296 mode=free t=2.960s ee=(+0.051,+0.034,+0.151) obj=(+0.000,+0.000,+0.050) goal_dist=0.300m switch=kToBetterRepos target=(+0.051,+0.035,+0.150) ee_stride=0.001m ee_to_ptarget=0.133m landing_err=0.0000m ik_ok=Y ik_resid=0.0001m q_max_resid_deg=21.38 target_changed=Y retgt=N held_idx=1 held_cost=181689.63 won_cost=181689.63 margin=+0.00 won_src=prev_repos held_valid=Y reason=hold setpoint_to_ptarget=nanm finished_val=nanm finished_thresh=0.0200m pd_resid=nanm nextwp_to_ptarget=nanm guide_terminal_err=nanm
[GATE-EVOLVE] step=296 curr=104062.43 best_other=181689.63 ratio=0.5727 ee_to_optimal=0.0417m phi=0.0258m
[STAGE-A-TRACE] step=296 sim_t=2.960 mode=free phi=0.02575 box_xy=+0.00001,+0.00000 lam_n_ee_box=nan qy=+0.00004 qz=+0.00003 finished_repos=0
[DRAKE-CONTACT] step=296 n_pairs=1 ee_box_normal=0.000
[GATE-CONTACT] step=296 F_W=(+0.0000,+0.0000,+0.0000) F_on_box=(-0.0000,-0.0000,-0.0000) n_face_out=(-0.0000,-0.0000,-0.0000) A_is_ee=0 box_q=(+1.00000,-0.00002,+0.00004,+0.00003) box_p=(+0.00001,+0.00000,+0.04999) ee_p=(+0.05088,+0.03404,+0.15073)
[LATERAL] perp=35.5mm scale=50.0mm strength=0.71 shift_mm=(+0.0,-25.3)
[ADMM-C3+] primal: 6.1274->4.9327  dual: 108.9571->80.3773  mono=False  iters=25/25  rho=25.0
[ADMM-C3+] WARNING non-converged: pr=4.9327 dr=80.3773 tol=1e-03
[C3+] step=1003 |u[0]|=10.76N λ_n_max=1.061 η_n_max=1.279 primal=4.933 iters=25/25 lcp_res_max=nan
[ADMIT-GUARD] step=297 admit_active=0 latch=0/0 ee_z=0.151 gate_cap=0
[ALT-GATE] step=297 target_stable=0/0 allow_descent=1
[GS-tgt] step=297 ee=(+0.050,+0.036,+0.151) p_repos=(+0.019,+0.080,+0.030) ee_to_target=0.132m target_label=prev_repos target_changed=N delta=0.000m
[GS] step=297 mode=free switch=kStayInRepos best_k=0 best_src=prev_repos curr_cost=104043.55 repos_cost=181670.56 best_other=181670.56 met_progress=Y steps_since_improve=5 switches=4
[STEP] step=297 mode=free t=2.970s ee=(+0.050,+0.036,+0.151) obj=(+0.000,+0.000,+0.050) goal_dist=0.300m switch=kStayInRepos target=(+0.050,+0.036,+0.150) ee_stride=0.001m ee_to_ptarget=0.132m landing_err=0.0000m ik_ok=Y ik_resid=0.0001m q_max_resid_deg=21.14 target_changed=Y retgt=N held_idx=1 held_cost=181670.56 won_cost=181670.56 margin=+0.00 won_src=prev_repos held_valid=Y reason=hold setpoint_to_ptarget=nanm finished_val=nanm finished_thresh=0.0200m pd_resid=nanm nextwp_to_ptarget=nanm guide_terminal_err=nanm
[GATE-EVOLVE] step=297 curr=104043.55 best_other=181670.56 ratio=0.5727 ee_to_optimal=0.0436m phi=0.0257m
[STAGE-A-TRACE] step=297 sim_t=2.970 mode=free phi=0.02570 box_xy=+0.00001,+0.00000 lam_n_ee_box=nan qy=+0.00005 qz=+0.00003 finished_repos=0
[DRAKE-CONTACT] step=297 n_pairs=1 ee_box_normal=0.000
[GATE-CONTACT] step=297 F_W=(+0.0000,+0.0000,+0.0000) F_on_box=(-0.0000,-0.0000,-0.0000) n_face_out=(-0.0000,-0.0000,-0.0000) A_is_ee=0 box_q=(+1.00000,-0.00002,+0.00005,+0.00003) box_p=(+0.00001,+0.00000,+0.04999) ee_p=(+0.04983,+0.03555,+0.15069)
[LATERAL] perp=37.0mm scale=50.0mm strength=0.74 shift_mm=(+0.0,-27.4)
[ADMM-C3+] primal: 6.1295->4.9341  dual: 109.5844->81.4489  mono=False  iters=25/25  rho=25.0
[ADMM-C3+] WARNING non-converged: pr=4.9341 dr=81.4489 tol=1e-03
[C3+] step=1006 |u[0]|=10.92N λ_n_max=1.056 η_n_max=1.279 primal=4.934 iters=25/25 lcp_res_max=nan
[ADMIT-GUARD] step=298 admit_active=0 latch=0/0 ee_z=0.151 gate_cap=0
[ALT-GATE] step=298 target_stable=0/0 allow_descent=1
[GS-tgt] step=298 ee=(+0.049,+0.037,+0.151) p_repos=(+0.019,+0.080,+0.030) ee_to_target=0.131m target_label=prev_repos target_changed=N delta=0.000m
[GS] step=298 mode=free switch=kStayInRepos best_k=0 best_src=prev_repos curr_cost=102013.04 repos_cost=179299.94 best_other=179299.94 met_progress=Y steps_since_improve=6 switches=4
[STEP] step=298 mode=free t=2.980s ee=(+0.049,+0.037,+0.151) obj=(+0.000,+0.000,+0.050) goal_dist=0.300m switch=kStayInRepos target=(+0.049,+0.038,+0.150) ee_stride=0.001m ee_to_ptarget=0.131m landing_err=0.0000m ik_ok=Y ik_resid=0.0001m q_max_resid_deg=20.90 target_changed=Y retgt=N held_idx=1 held_cost=179299.94 won_cost=179299.94 margin=+0.00 won_src=prev_repos held_valid=Y reason=hold setpoint_to_ptarget=nanm finished_val=nanm finished_thresh=0.0200m pd_resid=nanm nextwp_to_ptarget=nanm guide_terminal_err=nanm
[GATE-EVOLVE] step=298 curr=102013.04 best_other=179299.94 ratio=0.5690 ee_to_optimal=0.0454m phi=0.0257m
[STAGE-A-TRACE] step=298 sim_t=2.980 mode=free phi=0.02566 box_xy=+0.00000,+0.00001 lam_n_ee_box=nan qy=+0.00002 qz=+0.00003 finished_repos=0
[DRAKE-CONTACT] step=298 n_pairs=1 ee_box_normal=0.000
[GATE-CONTACT] step=298 F_W=(+0.0000,+0.0000,+0.0000) F_on_box=(-0.0000,-0.0000,-0.0000) n_face_out=(-0.0000,-0.0000,-0.0000) A_is_ee=0 box_q=(+1.00000,-0.00007,+0.00002,+0.00003) box_p=(+0.00000,+0.00001,+0.05000) ee_p=(+0.04877,+0.03705,+0.15065)
[LATERAL] perp=38.5mm scale=50.0mm strength=0.77 shift_mm=(+0.0,-29.7)
[ADMM-C3+] primal: 6.2557->5.8512  dual: 73.1096->106.7209  mono=False  iters=25/25  rho=25.0
[ADMM-C3+] WARNING non-converged: pr=5.8512 dr=106.7209 tol=1e-03
[C3+] step=1009 |u[0]|=6.82N λ_n_max=1.629 η_n_max=1.201 primal=5.851 iters=25/25 lcp_res_max=nan
[ADMIT-GUARD] step=299 admit_active=0 latch=0/0 ee_z=0.151 gate_cap=0
[ALT-GATE] step=299 target_stable=0/0 allow_descent=1
[GS-tgt] step=299 ee=(+0.048,+0.039,+0.151) p_repos=(+0.019,+0.080,+0.030) ee_to_target=0.131m target_label=prev_repos target_changed=N delta=0.000m
[GS] step=299 mode=free switch=kStayInRepos best_k=0 best_src=prev_repos curr_cost=132299.37 repos_cost=201525.81 best_other=201525.81 met_progress=Y steps_since_improve=7 switches=4
[STEP] step=299 mode=free t=2.990s ee=(+0.048,+0.039,+0.151) obj=(+0.000,+0.000,+0.050) goal_dist=0.300m switch=kStayInRepos target=(+0.048,+0.039,+0.150) ee_stride=0.001m ee_to_ptarget=0.131m landing_err=0.0000m ik_ok=Y ik_resid=0.0001m q_max_resid_deg=20.67 target_changed=Y retgt=N held_idx=1 held_cost=201525.81 won_cost=201525.81 margin=+0.00 won_src=prev_repos held_valid=Y reason=hold setpoint_to_ptarget=nanm finished_val=nanm finished_thresh=0.0200m pd_resid=nanm nextwp_to_ptarget=nanm guide_terminal_err=nanm
[GATE-EVOLVE] step=299 curr=132299.37 best_other=201525.81 ratio=0.6565 ee_to_optimal=0.0472m phi=0.0256m
[STAGE-A-TRACE] step=299 sim_t=2.990 mode=free phi=0.02562 box_xy=+0.00000,+0.00000 lam_n_ee_box=nan qy=-0.00000 qz=+0.00003 finished_repos=0
[DRAKE-CONTACT] step=299 n_pairs=1 ee_box_normal=0.000
[GATE-CONTACT] step=299 F_W=(+0.0000,+0.0000,+0.0000) F_on_box=(-0.0000,-0.0000,-0.0000) n_face_out=(-0.0000,-0.0000,-0.0000) A_is_ee=0 box_q=(+1.00000,-0.00003,-0.00000,+0.00003) box_p=(+0.00000,+0.00000,+0.05000) ee_p=(+0.04772,+0.03855,+0.15062)
[LATERAL] perp=40.0mm scale=50.0mm strength=0.80 shift_mm=(-0.0,-32.1)
[ADMM-C3+] primal: 6.1271->4.9279  dual: 107.8575->76.9141  mono=False  iters=25/25  rho=25.0
[ADMM-C3+] WARNING non-converged: pr=4.9279 dr=76.9141 tol=1e-03
[C3+] step=1012 |u[0]|=11.27N λ_n_max=1.061 η_n_max=1.279 primal=4.928 iters=25/25 lcp_res_max=nan
[ADMIT-GUARD] step=300 admit_active=0 latch=0/0 ee_z=0.151 gate_cap=0
[ALT-GATE] step=300 target_stable=0/0 allow_descent=1
[GS-tgt] step=300 ee=(+0.047,+0.040,+0.151) p_repos=(+0.019,+0.080,+0.030) ee_to_target=0.130m target_label=prev_repos target_changed=N delta=0.000m
[IMP] step=300 mode=free |x_err|=0.0010m |tau_imp|=0.43Nm |tau_ff|=0.00Nm |tau_out|=0.43Nm sat=False lam_n=False lam_t=False
[GS] step=300 mode=free switch=kStayInRepos best_k=0 best_src=prev_repos curr_cost=104062.25 repos_cost=181684.19 best_other=181684.19 met_progress=Y steps_since_improve=8 switches=4
[STEP] step=300 mode=free t=3.000s ee=(+0.047,+0.040,+0.151) obj=(+0.000,-0.000,+0.050) goal_dist=0.300m switch=kStayInRepos target=(+0.047,+0.041,+0.150) ee_stride=0.001m ee_to_ptarget=0.130m landing_err=0.0000m ik_ok=Y ik_resid=0.0001m q_max_resid_deg=20.43 target_changed=Y retgt=N held_idx=1 held_cost=181684.19 won_cost=181684.19 margin=+0.00 won_src=prev_repos held_valid=Y reason=hold setpoint_to_ptarget=nanm finished_val=nanm finished_thresh=0.0200m pd_resid=nanm nextwp_to_ptarget=nanm guide_terminal_err=nanm
[GATE-EVOLVE] step=300 curr=104062.25 best_other=181684.19 ratio=0.5728 ee_to_optimal=0.0491m phi=0.0256m
[STAGE-A-TRACE] step=300 sim_t=3.000 mode=free phi=0.02559 box_xy=+0.00000,-0.00000 lam_n_ee_box=nan qy=+0.00004 qz=+0.00004 finished_repos=0
[GS-table] step=300
  k=0 (current   ) pos=(+0.047,+0.040,+0.151) c_C3= 134062.25 align=1.0000(bonus=30000.00) rot=+0.0000(bonus=    0.00) travel=0.000m(pen=  0.00) c_sample= 104062.25 feas=Y ik_err=0.0000m  ← WIN
  k=1 (prev_repos) pos=(+0.019,+0.080,+0.030) c_C3= 181658.19 align=0.0000(bonus=    0.00) rot=+0.0000(bonus=    0.00) travel=0.130m(pen= 26.01) c_sample= 181684.19 feas=Y ik_err=0.0000m
  k=2 (strat_0   ) pos=(-0.080,-0.043,+0.030) c_C3= 182406.16 align=0.0000(bonus=    0.00) rot=+0.0000(bonus=    0.00) travel=0.194m(pen= 38.76) c_sample= 182444.92 feas=Y ik_err=0.0000m
[DRAKE-CONTACT] step=300 n_pairs=1 ee_box_normal=0.000
[GATE-CONTACT] step=300 F_W=(+0.0000,+0.0000,+0.0000) F_on_box=(-0.0000,-0.0000,-0.0000) n_face_out=(-0.0000,-0.0000,-0.0000) A_is_ee=0 box_q=(+1.00000,+0.00003,+0.00004,+0.00004) box_p=(+0.00000,-0.00000,+0.05000) ee_p=(+0.04668,+0.04004,+0.15059)
[LATERAL] perp=41.5mm scale=50.0mm strength=0.83 shift_mm=(+0.0,-34.5)
[ADMM-C3+] primal: 6.1289->4.9340  dual: 109.5220->81.3204  mono=False  iters=25/25  rho=25.0
[ADMM-C3+] WARNING non-converged: pr=4.9340 dr=81.3204 tol=1e-03
[C3+] step=1015 |u[0]|=11.46N λ_n_max=1.056 η_n_max=1.279 primal=4.934 iters=25/25 lcp_res_max=nan
[ADMIT-GUARD] step=301 admit_active=0 latch=0/0 ee_z=0.151 gate_cap=0
[ALT-GATE] step=301 target_stable=0/0 allow_descent=1
[GS-tgt] step=301 ee=(+0.046,+0.042,+0.151) p_repos=(+0.019,+0.080,+0.030) ee_to_target=0.129m target_label=prev_repos target_changed=N delta=0.000m
[GS] step=301 mode=free switch=kStayInRepos best_k=0 best_src=prev_repos curr_cost=102388.19 repos_cost=179755.83 best_other=179755.83 met_progress=Y steps_since_improve=9 switches=4
[STEP] step=301 mode=free t=3.010s ee=(+0.046,+0.042,+0.151) obj=(+0.000,+0.000,+0.050) goal_dist=0.300m switch=kStayInRepos target=(+0.046,+0.042,+0.150) ee_stride=0.001m ee_to_ptarget=0.129m landing_err=0.0000m ik_ok=Y ik_resid=0.0001m q_max_resid_deg=20.20 target_changed=Y retgt=N held_idx=1 held_cost=179755.83 won_cost=179755.83 margin=+0.00 won_src=prev_repos held_valid=Y reason=hold setpoint_to_ptarget=nanm finished_val=nanm finished_thresh=0.0200m pd_resid=nanm nextwp_to_ptarget=nanm guide_terminal_err=nanm
[GATE-EVOLVE] step=301 curr=102388.19 best_other=179755.83 ratio=0.5696 ee_to_optimal=0.0509m phi=0.0256m
[STAGE-A-TRACE] step=301 sim_t=3.010 mode=free phi=0.02558 box_xy=+0.00000,+0.00000 lam_n_ee_box=nan qy=+0.00001 qz=+0.00004 finished_repos=0
  t=3.00s | ee=(0.046, 0.042, 0.151) | obj=(0.000, 0.000, 0.050) | |u|=0.40 Nm | goal_dist=0.300 m
[DRAKE-CONTACT] step=301 n_pairs=1 ee_box_normal=0.000
[GATE-CONTACT] step=301 F_W=(+0.0000,+0.0000,+0.0000) F_on_box=(-0.0000,-0.0000,-0.0000) n_face_out=(-0.0000,-0.0000,-0.0000) A_is_ee=0 box_q=(+1.00000,-0.00003,+0.00001,+0.00004) box_p=(+0.00000,+0.00000,+0.05000) ee_p=(+0.04563,+0.04153,+0.15057)
[C3] Simulation complete.
[GS-perf] avg_per_step_ms=654.5  full_solves=301  cheap_solves=677  switches=4
[OSC-SUMMARY] calls=301  qp_failures=0 (0.00%)  saturation=0 (0.00%)  avg_solve_ms=0.30
[RESULT] method=sampling-c3  final_obj_xy=(0.0000, 0.0000)  goal_dist=0.3000m  success=NO
