[C3] Log: results/pushing_20260624_224859.txt
[C3] Task: pushing
[ENV]  Directional task: id=4 name=west
[ENV]  Goal coords: [-0.3, 0.0]
[ENV]  Description: Push box 30cm west. Arm prepositioned on west face: contact normal anti-aligned with goal direction. Pusher would have to go through the box -- impossible without contact mode switch.
[ENV]  Mass: 0.2 kg   Friction mu: 0.4
[MPC]  Horizon: 20   dt: 0.05 s
[MPC]  ADMM max iters: 3   rho_init: 100.0
[MPC]  Force limit: 30.0 Nm
[COST] w_obj_xy:      100000.0
[COST] w_obj_z:       10.0
[COST] w_box_z:       100.0
[COST] w_box_rp:      50.0
[COST] w_terminal:    5.0  (QN = w_terminal * Q)
[COST] w_ee_approach: 8000.0
[COST] w_torque:      0.01
[ENV]  INITIAL_ARM_Q: DEFAULT
[C3] Building Drake environment ...
INFO:drake:Meshcat listening for connections at http://localhost:7000
[C3] DOFs: n_q=14, n_v=13, n_u=7, n_x=27
[C3] 'box_link': q[11]=x, q[12]=y
[FILTER INIT] Building EE geometry ID set:
  pusher: 1 collision geom(s)
[FILTER INIT] EE body: pusher  geom IDs: [<GeometryId value=223>]
[FILTER INIT] Manipuland geom IDs : 1
[FILTER INIT] Ground geom IDs     : 1  (world_body collision geoms)
[C3] Solver mode: c3plus  (planner: EE-space (R^3 force), c3+ projection: lcp)
[C3+] planner construction verified: use_ee_space=True solver.n_x=19 solver.n_u=3  (EE force (Newtons))
[OVERRIDE] sampling_height=0.030 (was 0.050, per-task 'pushing')
[STAGE-A-PWL] PUSHA_REPOSITION_PWL=1 → using RepositionTrajectory + OSC position-tracking (Stage A path).
[OVERRIDE] seed=0 (rng=np.random.default_rng)
[STAGE-A-PWL] dispatcher: use_reposition_pwl_trajectory=True
[GS] start_mode=free (--prepositioned=False)
[GS] SamplingC3MPC enabled (config: config/sampling_c3_kik.yaml)
[GS]   strategy=kFaceNormal num_add_c3=3 num_add_repos=1
[GS]   w_align=30000.0  w_travel=200.0
[GS]   reposition: traj_type=kPiecewiseLinear z_safe=0.15m speed=0.4m/s
[C3] Goal: [-0.3  0. ]  |  Meshcat: http://localhost:7000
[C3] Running simulation ...
[ENV]  Sim duration overridden: max_time=3.0s
[PERSIST] step=1 refresh n_strategy=1 samples=[(-0.023, -0.08, 0.03)]
[DEBUG-C3+] n_contacts=1, n_lambda=6, TOT=34, total_dim=699
[DEBUG-C3+] per-step slots:  x=[0:19)  λ=[19:25)  u=[25:28)  η=[28:34)
[ADMM-C3+] primal: 10.8323->4.9591  dual: 899.5273->20.9635  mono=False  iters=25/25  rho=50.0
[ADMM-C3+] WARNING non-converged: pr=4.9591 dr=20.9635 tol=1e-03
[C3+] step=1 |u[0]|=10.41N λ_n_max=0.759 η_n_max=1.878 primal=4.959 iters=25/25 lcp_res_max=9.31e-08
[ADMIT-GUARD] step=1 admit_active=0 latch=0/0 ee_z=0.200 gate_cap=0
[ALT-GATE] step=1 target_stable=0/0 allow_descent=1
[GS-tgt] step=1 ee=(+0.000,-0.001,+0.200) p_repos=(-0.023,-0.080,+0.030) ee_to_target=0.189m target_label=strat_0 target_changed=Y delta=nanm
[STAGE-A-PWL] step=1 sim_t=0.010 build p_start=(+0.0001,-0.0005,+0.2001) p_target=(-0.0230,-0.0800,+0.0300) K=4 t_end=1.415
[OSC-INIT] n_arm=7 n_v=13
[OSC-INIT]   Kp_cart=[400.0, 400.0, 400.0]  Kd_cart=[40.0, 40.0, 40.0]
[OSC-INIT]   Kp_null=[10.0, 10.0, 10.0, 10.0, 10.0, 10.0, 10.0]
[OSC-INIT]   Kd_null=[3.0, 3.0, 3.0, 3.0, 3.0, 3.0, 3.0]
[OSC-INIT]   W_track=100.0  W_posture=1.0  W_torque=0.001  W_acc=0.001
[OSC-INIT]   tau_max=[87.0, 87.0, 87.0, 87.0, 12.0, 12.0, 12.0]
[OSC-INIT]   q_nominal=[0.5522, 0.325, 0.9763, -2.2462, -0.189, 3.0447, 0.785]
[OSC-INIT]   use_force_tracking=True  W_force=100.0
[IMP] step=1 mode=free |x_err|=0.0000m |tau_imp|=26.39Nm |tau_ff|=0.00Nm |tau_out|=26.39Nm sat=False lam_n=False lam_t=False
[GS] step=1 mode=free switch=kStayInRepos best_k=0 best_src=strat_0 curr_cost=171946.25 repos_cost=180723.64 best_other=180723.64 met_progress=Y steps_since_improve=0 switches=0
[STEP] step=1 mode=free t=0.010s ee=(+0.000,-0.001,+0.200) obj=(+0.000,+0.000,+0.050) goal_dist=0.300m switch=kStayInRepos target=(+0.000,-0.001,+0.200) ee_stride=0.000m ee_to_ptarget=0.189m landing_err=0.1874m ik_ok=Y ik_resid=0.0002m q_max_resid_deg=0.66 target_changed=Y retgt=N held_idx=- held_cost=- won_cost=180723.64 margin=- won_src=strat_0 held_valid=N reason=no_held setpoint_to_ptarget=nanm finished_val=nanm finished_thresh=0.0200m pd_resid=nanm nextwp_to_ptarget=nanm guide_terminal_err=nanm
[GATE-EVOLVE] step=1 curr=171946.25 best_other=180723.64 ratio=0.9514 ee_to_optimal=0.0749m phi=0.0751m
[STAGE-A-TRACE] step=1 sim_t=0.010 mode=free phi=0.07508 box_xy=+0.00000,+0.00000 lam_n_ee_box=nan qy=+0.00000 qz=+0.00000 finished_repos=0
  t=0.00s | ee=(0.000, -0.001, 0.200) | obj=(0.000, 0.000, 0.050) | |u|=26.39 Nm | goal_dist=0.300 m
[DRAKE-CONTACT] step=1 n_pairs=1 ee_box_normal=0.000
[GATE-CONTACT] step=1 F_W=(+0.0000,+0.0000,+0.0000) F_on_box=(-0.0000,-0.0000,-0.0000) n_face_out=(-0.0000,-0.0000,-0.0000) A_is_ee=0 box_q=(+1.00000,+0.00000,+0.00000,+0.00000) box_p=(+0.00000,+0.00000,+0.05000) ee_p=(+0.00013,-0.00051,+0.20008)
[ADMM-C3+] primal: 10.6012->5.4724  dual: 915.5601->16.9687  mono=True  iters=25/25  rho=50.0
[ADMM-C3+] WARNING non-converged: pr=5.4724 dr=16.9687 tol=1e-03
[C3+] step=3 |u[0]|=10.07N λ_n_max=0.696 η_n_max=1.178 primal=5.472 iters=25/25 lcp_res_max=7.39e-08
[ADMIT-GUARD] step=2 admit_active=0 latch=0/0 ee_z=0.200 gate_cap=0
[ALT-GATE] step=2 target_stable=0/0 allow_descent=1
[GS-tgt] step=2 ee=(+0.000,-0.001,+0.200) p_repos=(-0.023,-0.080,+0.030) ee_to_target=0.189m target_label=prev_repos target_changed=N delta=0.000m
[IMP] step=2 mode=free |x_err|=0.0014m |tau_imp|=19.00Nm |tau_ff|=0.00Nm |tau_out|=19.00Nm sat=False lam_n=False lam_t=False
[GS] step=2 mode=free switch=kStayInRepos best_k=0 best_src=prev_repos curr_cost=168010.93 repos_cost=198949.02 best_other=198949.02 met_progress=Y steps_since_improve=0 switches=0
[STEP] step=2 mode=free t=0.020s ee=(+0.000,-0.001,+0.200) obj=(-0.000,-0.000,+0.050) goal_dist=0.300m switch=kStayInRepos target=(+0.000,-0.001,+0.198) ee_stride=0.001m ee_to_ptarget=0.189m landing_err=0.1858m ik_ok=Y ik_resid=0.0004m q_max_resid_deg=1.33 target_changed=Y retgt=N held_idx=1 held_cost=198949.02 won_cost=198949.02 margin=+0.00 won_src=prev_repos held_valid=Y reason=hold setpoint_to_ptarget=nanm finished_val=nanm finished_thresh=0.0200m pd_resid=nanm nextwp_to_ptarget=nanm guide_terminal_err=nanm
[GATE-EVOLVE] step=2 curr=168010.93 best_other=198949.02 ratio=0.8445 ee_to_optimal=0.0749m phi=0.0747m
[STAGE-A-TRACE] step=2 sim_t=0.020 mode=free phi=0.07473 box_xy=-0.00000,-0.00000 lam_n_ee_box=nan qy=-0.00002 qz=+0.00000 finished_repos=0
[DRAKE-CONTACT] step=2 n_pairs=1 ee_box_normal=0.000
[GATE-CONTACT] step=2 F_W=(+0.0000,+0.0000,+0.0000) F_on_box=(-0.0000,-0.0000,-0.0000) n_face_out=(-0.0000,-0.0000,-0.0000) A_is_ee=0 box_q=(+1.00000,+0.00002,-0.00002,+0.00000) box_p=(-0.00000,-0.00000,+0.04999) ee_p=(+0.00014,-0.00055,+0.19972)
[ADMM-C3+] primal: 10.6061->5.4852  dual: 915.8218->16.9780  mono=True  iters=25/25  rho=50.0
[ADMM-C3+] WARNING non-converged: pr=5.4852 dr=16.9780 tol=1e-03
[C3+] step=6 |u[0]|=9.21N λ_n_max=0.698 η_n_max=1.185 primal=5.485 iters=25/25 lcp_res_max=7.40e-08
[ADMIT-GUARD] step=3 admit_active=0 latch=0/0 ee_z=0.199 gate_cap=0
[ALT-GATE] step=3 target_stable=0/0 allow_descent=1
[GS-tgt] step=3 ee=(+0.000,-0.001,+0.199) p_repos=(-0.023,-0.080,+0.030) ee_to_target=0.188m target_label=prev_repos target_changed=N delta=0.000m
[IMP] step=3 mode=free |x_err|=0.0023m |tau_imp|=13.48Nm |tau_ff|=0.00Nm |tau_out|=13.48Nm sat=False lam_n=False lam_t=False
[GS] step=3 mode=free switch=kStayInRepos best_k=0 best_src=prev_repos curr_cost=167914.52 repos_cost=198781.06 best_other=198781.06 met_progress=Y steps_since_improve=1 switches=0
[STEP] step=3 mode=free t=0.030s ee=(+0.000,-0.001,+0.199) obj=(-0.000,-0.000,+0.050) goal_dist=0.300m switch=kStayInRepos target=(+0.000,-0.001,+0.196) ee_stride=0.002m ee_to_ptarget=0.188m landing_err=0.1842m ik_ok=Y ik_resid=0.0008m q_max_resid_deg=2.01 target_changed=Y retgt=N held_idx=1 held_cost=198781.06 won_cost=198781.06 margin=+0.00 won_src=prev_repos held_valid=Y reason=hold setpoint_to_ptarget=nanm finished_val=nanm finished_thresh=0.0200m pd_resid=nanm nextwp_to_ptarget=nanm guide_terminal_err=nanm
[GATE-EVOLVE] step=3 curr=167914.52 best_other=198781.06 ratio=0.8447 ee_to_optimal=0.0749m phi=0.0738m
[STAGE-A-TRACE] step=3 sim_t=0.030 mode=free phi=0.07382 box_xy=-0.00000,-0.00000 lam_n_ee_box=nan qy=-0.00001 qz=+0.00000 finished_repos=0
[DRAKE-CONTACT] step=3 n_pairs=1 ee_box_normal=0.000
[GATE-CONTACT] step=3 F_W=(+0.0000,+0.0000,+0.0000) F_on_box=(-0.0000,-0.0000,-0.0000) n_face_out=(-0.0000,-0.0000,-0.0000) A_is_ee=0 box_q=(+1.00000,+0.00001,-0.00001,+0.00000) box_p=(-0.00000,-0.00000,+0.04999) ee_p=(+0.00015,-0.00064,+0.19881)
[ADMM-C3+] primal: 10.6061->5.4851  dual: 915.8202->16.9885  mono=True  iters=25/25  rho=50.0
[ADMM-C3+] WARNING non-converged: pr=5.4851 dr=16.9885 tol=1e-03
[C3+] step=9 |u[0]|=9.78N λ_n_max=0.698 η_n_max=1.185 primal=5.485 iters=25/25 lcp_res_max=7.40e-08
[ADMIT-GUARD] step=4 admit_active=0 latch=0/0 ee_z=0.198 gate_cap=0
[ALT-GATE] step=4 target_stable=0/0 allow_descent=1
[GS-tgt] step=4 ee=(+0.000,-0.001,+0.198) p_repos=(-0.023,-0.080,+0.030) ee_to_target=0.187m target_label=prev_repos target_changed=N delta=0.000m
[IMP] step=4 mode=free |x_err|=0.0028m |tau_imp|=9.38Nm |tau_ff|=0.00Nm |tau_out|=9.38Nm sat=False lam_n=False lam_t=False
[GS] step=4 mode=free switch=kStayInRepos best_k=0 best_src=prev_repos curr_cost=167891.07 repos_cost=198782.47 best_other=198782.47 met_progress=Y steps_since_improve=2 switches=0
[STEP] step=4 mode=free t=0.040s ee=(+0.000,-0.001,+0.198) obj=(-0.000,-0.000,+0.050) goal_dist=0.300m switch=kStayInRepos target=(+0.000,-0.001,+0.195) ee_stride=0.003m ee_to_ptarget=0.187m landing_err=0.1827m ik_ok=Y ik_resid=0.0001m q_max_resid_deg=2.82 target_changed=Y retgt=N held_idx=1 held_cost=198782.47 won_cost=198782.47 margin=+0.00 won_src=prev_repos held_valid=Y reason=hold setpoint_to_ptarget=nanm finished_val=nanm finished_thresh=0.0200m pd_resid=nanm nextwp_to_ptarget=nanm guide_terminal_err=nanm
[GATE-EVOLVE] step=4 curr=167891.07 best_other=198782.47 ratio=0.8446 ee_to_optimal=0.0748m phi=0.0725m
[STAGE-A-TRACE] step=4 sim_t=0.040 mode=free phi=0.07252 box_xy=-0.00000,-0.00000 lam_n_ee_box=nan qy=-0.00001 qz=+0.00000 finished_repos=0
[DRAKE-CONTACT] step=4 n_pairs=1 ee_box_normal=0.000
[GATE-CONTACT] step=4 F_W=(+0.0000,+0.0000,+0.0000) F_on_box=(-0.0000,-0.0000,-0.0000) n_face_out=(-0.0000,-0.0000,-0.0000) A_is_ee=0 box_q=(+1.00000,+0.00001,-0.00001,+0.00000) box_p=(-0.00000,-0.00000,+0.04999) ee_p=(+0.00017,-0.00074,+0.19751)
[ADMM-C3+] primal: 10.6061->5.4851  dual: 915.8202->16.9788  mono=True  iters=25/25  rho=50.0
[ADMM-C3+] WARNING non-converged: pr=5.4851 dr=16.9788 tol=1e-03
[C3+] step=12 |u[0]|=9.09N λ_n_max=0.698 η_n_max=1.185 primal=5.485 iters=25/25 lcp_res_max=7.40e-08
[ADMIT-GUARD] step=5 admit_active=0 latch=0/0 ee_z=0.196 gate_cap=0
[ALT-GATE] step=5 target_stable=0/0 allow_descent=1
[GS-tgt] step=5 ee=(+0.000,-0.001,+0.196) p_repos=(-0.023,-0.080,+0.030) ee_to_target=0.185m target_label=prev_repos target_changed=N delta=0.000m
[IMP] step=5 mode=free |x_err|=0.0031m |tau_imp|=6.36Nm |tau_ff|=0.00Nm |tau_out|=6.36Nm sat=False lam_n=False lam_t=False
[GS] step=5 mode=free switch=kStayInRepos best_k=0 best_src=prev_repos curr_cost=167898.10 repos_cost=198782.98 best_other=198782.98 met_progress=Y steps_since_improve=3 switches=0
[STEP] step=5 mode=free t=0.050s ee=(+0.000,-0.001,+0.196) obj=(-0.000,-0.000,+0.050) goal_dist=0.300m switch=kStayInRepos target=(+0.000,-0.001,+0.193) ee_stride=0.003m ee_to_ptarget=0.185m landing_err=0.1813m ik_ok=Y ik_resid=0.0001m q_max_resid_deg=3.55 target_changed=Y retgt=N held_idx=1 held_cost=198782.98 won_cost=198782.98 margin=+0.00 won_src=prev_repos held_valid=Y reason=hold setpoint_to_ptarget=nanm finished_val=nanm finished_thresh=0.0200m pd_resid=nanm nextwp_to_ptarget=nanm guide_terminal_err=nanm
[GATE-EVOLVE] step=5 curr=167898.10 best_other=198782.98 ratio=0.8446 ee_to_optimal=0.0748m phi=0.0710m
[STAGE-A-TRACE] step=5 sim_t=0.050 mode=free phi=0.07096 box_xy=-0.00000,-0.00000 lam_n_ee_box=nan qy=-0.00001 qz=+0.00000 finished_repos=0
[DRAKE-CONTACT] step=5 n_pairs=1 ee_box_normal=0.000
[GATE-CONTACT] step=5 F_W=(+0.0000,+0.0000,+0.0000) F_on_box=(-0.0000,-0.0000,-0.0000) n_face_out=(-0.0000,-0.0000,-0.0000) A_is_ee=0 box_q=(+1.00000,+0.00001,-0.00001,+0.00000) box_p=(-0.00000,-0.00000,+0.04999) ee_p=(+0.00018,-0.00084,+0.19595)
[ADMM-C3+] primal: 10.6061->5.4851  dual: 915.8202->16.9886  mono=True  iters=25/25  rho=50.0
[ADMM-C3+] WARNING non-converged: pr=5.4851 dr=16.9886 tol=1e-03
[C3+] step=15 |u[0]|=9.58N λ_n_max=0.698 η_n_max=1.185 primal=5.485 iters=25/25 lcp_res_max=7.40e-08
[ADMIT-GUARD] step=6 admit_active=0 latch=0/0 ee_z=0.194 gate_cap=0
[ALT-GATE] step=6 target_stable=0/0 allow_descent=1
[GS-tgt] step=6 ee=(+0.000,-0.001,+0.194) p_repos=(-0.023,-0.080,+0.030) ee_to_target=0.184m target_label=prev_repos target_changed=N delta=0.000m
[GS] step=6 mode=free switch=kStayInRepos best_k=0 best_src=prev_repos curr_cost=167873.75 repos_cost=198783.35 best_other=198783.35 met_progress=Y steps_since_improve=4 switches=0
[STEP] step=6 mode=free t=0.060s ee=(+0.000,-0.001,+0.194) obj=(-0.000,-0.000,+0.050) goal_dist=0.300m switch=kStayInRepos target=(+0.000,-0.001,+0.191) ee_stride=0.003m ee_to_ptarget=0.184m landing_err=0.1800m ik_ok=Y ik_resid=0.0001m q_max_resid_deg=4.29 target_changed=Y retgt=N held_idx=1 held_cost=198783.35 won_cost=198783.35 margin=+0.00 won_src=prev_repos held_valid=Y reason=hold setpoint_to_ptarget=nanm finished_val=nanm finished_thresh=0.0200m pd_resid=nanm nextwp_to_ptarget=nanm guide_terminal_err=nanm
[GATE-EVOLVE] step=6 curr=167873.75 best_other=198783.35 ratio=0.8445 ee_to_optimal=0.0748m phi=0.0692m
[STAGE-A-TRACE] step=6 sim_t=0.060 mode=free phi=0.06921 box_xy=-0.00000,-0.00000 lam_n_ee_box=nan qy=-0.00001 qz=+0.00000 finished_repos=0
[DRAKE-CONTACT] step=6 n_pairs=1 ee_box_normal=0.000
[GATE-CONTACT] step=6 F_W=(+0.0000,+0.0000,+0.0000) F_on_box=(-0.0000,-0.0000,-0.0000) n_face_out=(-0.0000,-0.0000,-0.0000) A_is_ee=0 box_q=(+1.00000,+0.00001,-0.00001,+0.00000) box_p=(-0.00000,-0.00000,+0.04999) ee_p=(+0.00020,-0.00093,+0.19420)
[ADMM-C3+] primal: 10.8324->4.9639  dual: 899.6131->21.0007  mono=False  iters=25/25  rho=50.0
[ADMM-C3+] WARNING non-converged: pr=4.9639 dr=21.0007 tol=1e-03
[C3+] step=18 |u[0]|=9.86N λ_n_max=0.759 η_n_max=1.879 primal=4.964 iters=25/25 lcp_res_max=9.32e-08
[ADMIT-GUARD] step=7 admit_active=0 latch=0/0 ee_z=0.192 gate_cap=0
[ALT-GATE] step=7 target_stable=0/0 allow_descent=1
[GS-tgt] step=7 ee=(+0.000,-0.001,+0.192) p_repos=(-0.023,-0.080,+0.030) ee_to_target=0.182m target_label=prev_repos target_changed=N delta=0.000m
[GS] step=7 mode=free switch=kStayInRepos best_k=0 best_src=prev_repos curr_cost=171963.51 repos_cost=180810.14 best_other=180810.14 met_progress=Y steps_since_improve=5 switches=0
[STEP] step=7 mode=free t=0.070s ee=(+0.000,-0.001,+0.192) obj=(+0.000,+0.000,+0.050) goal_dist=0.300m switch=kStayInRepos target=(+0.000,-0.001,+0.189) ee_stride=0.003m ee_to_ptarget=0.182m landing_err=0.1787m ik_ok=Y ik_resid=0.0002m q_max_resid_deg=5.04 target_changed=Y retgt=N held_idx=1 held_cost=180810.14 won_cost=180810.14 margin=+0.00 won_src=prev_repos held_valid=Y reason=hold setpoint_to_ptarget=nanm finished_val=nanm finished_thresh=0.0200m pd_resid=nanm nextwp_to_ptarget=nanm guide_terminal_err=nanm
[GATE-EVOLVE] step=7 curr=171963.51 best_other=180810.14 ratio=0.9511 ee_to_optimal=0.0748m phi=0.0672m
[STAGE-A-TRACE] step=7 sim_t=0.070 mode=free phi=0.06715 box_xy=+0.00000,+0.00000 lam_n_ee_box=nan qy=+0.00001 qz=+0.00000 finished_repos=0
[DRAKE-CONTACT] step=7 n_pairs=1 ee_box_normal=0.000
[GATE-CONTACT] step=7 F_W=(+0.0000,+0.0000,+0.0000) F_on_box=(-0.0000,-0.0000,-0.0000) n_face_out=(-0.0000,-0.0000,-0.0000) A_is_ee=0 box_q=(+1.00000,-0.00001,+0.00001,+0.00000) box_p=(+0.00000,+0.00000,+0.04999) ee_p=(+0.00021,-0.00100,+0.19215)
[ADMM-C3+] primal: 10.6061->5.4851  dual: 915.8202->16.9812  mono=True  iters=25/25  rho=50.0
[ADMM-C3+] WARNING non-converged: pr=5.4851 dr=16.9812 tol=1e-03
[C3+] step=21 |u[0]|=8.89N λ_n_max=0.698 η_n_max=1.185 primal=5.485 iters=25/25 lcp_res_max=7.40e-08
[ADMIT-GUARD] step=8 admit_active=0 latch=0/0 ee_z=0.190 gate_cap=0
[ALT-GATE] step=8 target_stable=0/0 allow_descent=1
[GS-tgt] step=8 ee=(+0.000,-0.001,+0.190) p_repos=(-0.023,-0.080,+0.030) ee_to_target=0.180m target_label=prev_repos target_changed=N delta=0.000m
[GS] step=8 mode=free switch=kStayInRepos best_k=0 best_src=prev_repos curr_cost=167865.21 repos_cost=198783.62 best_other=198783.62 met_progress=Y steps_since_improve=6 switches=0
[STEP] step=8 mode=free t=0.080s ee=(+0.000,-0.001,+0.190) obj=(-0.000,-0.000,+0.050) goal_dist=0.300m switch=kStayInRepos target=(+0.000,-0.001,+0.187) ee_stride=0.003m ee_to_ptarget=0.180m landing_err=0.1775m ik_ok=Y ik_resid=0.0002m q_max_resid_deg=5.78 target_changed=Y retgt=N held_idx=1 held_cost=198783.62 won_cost=198783.62 margin=+0.00 won_src=prev_repos held_valid=Y reason=hold setpoint_to_ptarget=nanm finished_val=nanm finished_thresh=0.0200m pd_resid=nanm nextwp_to_ptarget=nanm guide_terminal_err=nanm
[GATE-EVOLVE] step=8 curr=167865.21 best_other=198783.62 ratio=0.8445 ee_to_optimal=0.0748m phi=0.0654m
[STAGE-A-TRACE] step=8 sim_t=0.080 mode=free phi=0.06541 box_xy=-0.00000,-0.00000 lam_n_ee_box=nan qy=-0.00001 qz=+0.00000 finished_repos=0
[DRAKE-CONTACT] step=8 n_pairs=1 ee_box_normal=0.000
[GATE-CONTACT] step=8 F_W=(+0.0000,+0.0000,+0.0000) F_on_box=(-0.0000,-0.0000,-0.0000) n_face_out=(-0.0000,-0.0000,-0.0000) A_is_ee=0 box_q=(+1.00000,+0.00001,-0.00001,+0.00000) box_p=(-0.00000,-0.00000,+0.04999) ee_p=(+0.00022,-0.00105,+0.19040)
[ADMM-C3+] primal: 10.6061->5.4851  dual: 915.8202->16.9790  mono=True  iters=25/25  rho=50.0
[ADMM-C3+] WARNING non-converged: pr=5.4851 dr=16.9790 tol=1e-03
[C3+] step=24 |u[0]|=8.64N λ_n_max=0.698 η_n_max=1.185 primal=5.485 iters=25/25 lcp_res_max=7.40e-08
[ADMIT-GUARD] step=9 admit_active=0 latch=0/0 ee_z=0.188 gate_cap=0
[ALT-GATE] step=9 target_stable=0/0 allow_descent=1
[GS-tgt] step=9 ee=(+0.000,-0.001,+0.188) p_repos=(-0.023,-0.080,+0.030) ee_to_target=0.179m target_label=prev_repos target_changed=N delta=0.000m
[GS] step=9 mode=free switch=kStayInRepos best_k=0 best_src=prev_repos curr_cost=167858.13 repos_cost=198783.54 best_other=198783.54 met_progress=Y steps_since_improve=7 switches=0
[STEP] step=9 mode=free t=0.090s ee=(+0.000,-0.001,+0.188) obj=(-0.000,-0.000,+0.050) goal_dist=0.300m switch=kStayInRepos target=(+0.000,-0.001,+0.186) ee_stride=0.003m ee_to_ptarget=0.179m landing_err=0.1764m ik_ok=Y ik_resid=0.0003m q_max_resid_deg=6.53 target_changed=Y retgt=N held_idx=1 held_cost=198783.54 won_cost=198783.54 margin=+0.00 won_src=prev_repos held_valid=Y reason=hold setpoint_to_ptarget=nanm finished_val=nanm finished_thresh=0.0200m pd_resid=nanm nextwp_to_ptarget=nanm guide_terminal_err=nanm
[GATE-EVOLVE] step=9 curr=167858.13 best_other=198783.54 ratio=0.8444 ee_to_optimal=0.0748m phi=0.0634m
[STAGE-A-TRACE] step=9 sim_t=0.090 mode=free phi=0.06343 box_xy=-0.00000,-0.00000 lam_n_ee_box=nan qy=-0.00001 qz=+0.00000 finished_repos=0
[DRAKE-CONTACT] step=9 n_pairs=1 ee_box_normal=0.000
[GATE-CONTACT] step=9 F_W=(+0.0000,+0.0000,+0.0000) F_on_box=(-0.0000,-0.0000,-0.0000) n_face_out=(-0.0000,-0.0000,-0.0000) A_is_ee=0 box_q=(+1.00000,+0.00001,-0.00001,+0.00000) box_p=(-0.00000,-0.00000,+0.04999) ee_p=(+0.00023,-0.00108,+0.18842)
[ADMM-C3+] primal: 10.6061->5.4851  dual: 915.8202->16.9789  mono=True  iters=25/25  rho=50.0
[ADMM-C3+] WARNING non-converged: pr=5.4851 dr=16.9789 tol=1e-03
[C3+] step=27 |u[0]|=8.51N λ_n_max=0.698 η_n_max=1.185 primal=5.485 iters=25/25 lcp_res_max=7.40e-08
[ADMIT-GUARD] step=10 admit_active=0 latch=0/0 ee_z=0.186 gate_cap=0
[ALT-GATE] step=10 target_stable=0/0 allow_descent=1
[GS-tgt] step=10 ee=(+0.000,-0.001,+0.186) p_repos=(-0.023,-0.080,+0.030) ee_to_target=0.177m target_label=prev_repos target_changed=N delta=0.000m
[IMP] step=10 mode=free |x_err|=0.0026m |tau_imp|=1.57Nm |tau_ff|=0.00Nm |tau_out|=1.57Nm sat=False lam_n=False lam_t=False
[GS] step=10 mode=free switch=kStayInRepos best_k=0 best_src=prev_repos curr_cost=167848.06 repos_cost=198783.34 best_other=198783.34 met_progress=Y steps_since_improve=8 switches=0
[STEP] step=10 mode=free t=0.100s ee=(+0.000,-0.001,+0.186) obj=(-0.000,-0.000,+0.050) goal_dist=0.300m switch=kStayInRepos target=(+0.000,-0.001,+0.184) ee_stride=0.003m ee_to_ptarget=0.177m landing_err=0.1754m ik_ok=Y ik_resid=0.0003m q_max_resid_deg=7.37 target_changed=Y retgt=N held_idx=1 held_cost=198783.34 won_cost=198783.34 margin=+0.00 won_src=prev_repos held_valid=Y reason=hold setpoint_to_ptarget=nanm finished_val=nanm finished_thresh=0.0200m pd_resid=nanm nextwp_to_ptarget=nanm guide_terminal_err=nanm
[GATE-EVOLVE] step=10 curr=167848.06 best_other=198783.34 ratio=0.8444 ee_to_optimal=0.0748m phi=0.0614m
[STAGE-A-TRACE] step=10 sim_t=0.100 mode=free phi=0.06143 box_xy=-0.00000,-0.00000 lam_n_ee_box=nan qy=-0.00001 qz=+0.00000 finished_repos=0
[DRAKE-CONTACT] step=10 n_pairs=1 ee_box_normal=0.000
[GATE-CONTACT] step=10 F_W=(+0.0000,+0.0000,+0.0000) F_on_box=(-0.0000,-0.0000,-0.0000) n_face_out=(-0.0000,-0.0000,-0.0000) A_is_ee=0 box_q=(+1.00000,+0.00001,-0.00001,+0.00000) box_p=(-0.00000,-0.00000,+0.04999) ee_p=(+0.00023,-0.00110,+0.18642)
[ADMM-C3+] primal: 10.6061->5.4851  dual: 915.8202->16.9803  mono=True  iters=25/25  rho=50.0
[ADMM-C3+] WARNING non-converged: pr=5.4851 dr=16.9803 tol=1e-03
[C3+] step=30 |u[0]|=8.46N λ_n_max=0.698 η_n_max=1.185 primal=5.485 iters=25/25 lcp_res_max=7.40e-08
[ADMIT-GUARD] step=11 admit_active=0 latch=0/0 ee_z=0.184 gate_cap=0
[ALT-GATE] step=11 target_stable=0/0 allow_descent=1
[GS-tgt] step=11 ee=(+0.000,-0.001,+0.184) p_repos=(-0.023,-0.080,+0.030) ee_to_target=0.175m target_label=prev_repos target_changed=N delta=0.000m
[GS] step=11 mode=free switch=kStayInRepos best_k=0 best_src=prev_repos curr_cost=167835.84 repos_cost=198783.05 best_other=198783.05 met_progress=Y steps_since_improve=9 switches=0
[STEP] step=11 mode=free t=0.110s ee=(+0.000,-0.001,+0.184) obj=(-0.000,-0.000,+0.050) goal_dist=0.300m switch=kStayInRepos target=(+0.000,-0.001,+0.182) ee_stride=0.002m ee_to_ptarget=0.175m landing_err=0.1744m ik_ok=Y ik_resid=0.0004m q_max_resid_deg=8.24 target_changed=Y retgt=N held_idx=1 held_cost=198783.05 won_cost=198783.05 margin=+0.00 won_src=prev_repos held_valid=Y reason=hold setpoint_to_ptarget=nanm finished_val=nanm finished_thresh=0.0200m pd_resid=nanm nextwp_to_ptarget=nanm guide_terminal_err=nanm
[GATE-EVOLVE] step=11 curr=167835.84 best_other=198783.05 ratio=0.8443 ee_to_optimal=0.0748m phi=0.0594m
[STAGE-A-TRACE] step=11 sim_t=0.110 mode=free phi=0.05942 box_xy=-0.00000,-0.00000 lam_n_ee_box=nan qy=-0.00001 qz=+0.00000 finished_repos=0
[DRAKE-CONTACT] step=11 n_pairs=1 ee_box_normal=0.000
[GATE-CONTACT] step=11 F_W=(+0.0000,+0.0000,+0.0000) F_on_box=(-0.0000,-0.0000,-0.0000) n_face_out=(-0.0000,-0.0000,-0.0000) A_is_ee=0 box_q=(+1.00000,+0.00001,-0.00001,+0.00000) box_p=(-0.00000,-0.00000,+0.04999) ee_p=(+0.00023,-0.00111,+0.18441)
[ADMM-C3+] primal: 10.6061->5.4851  dual: 915.8202->16.9724  mono=True  iters=25/25  rho=50.0
[ADMM-C3+] WARNING non-converged: pr=5.4851 dr=16.9724 tol=1e-03
[C3+] step=33 |u[0]|=7.43N λ_n_max=0.698 η_n_max=1.185 primal=5.485 iters=25/25 lcp_res_max=7.40e-08
[ADMIT-GUARD] step=12 admit_active=0 latch=0/0 ee_z=0.182 gate_cap=0
[ALT-GATE] step=12 target_stable=0/0 allow_descent=1
[GS-tgt] step=12 ee=(+0.000,-0.001,+0.182) p_repos=(-0.023,-0.080,+0.030) ee_to_target=0.173m target_label=prev_repos target_changed=N delta=0.000m
[GS] step=12 mode=free switch=kStayInRepos best_k=0 best_src=prev_repos curr_cost=167851.82 repos_cost=198782.68 best_other=198782.68 met_progress=Y steps_since_improve=10 switches=0
[STEP] step=12 mode=free t=0.120s ee=(+0.000,-0.001,+0.182) obj=(-0.000,-0.000,+0.050) goal_dist=0.300m switch=kStayInRepos target=(+0.000,-0.001,+0.180) ee_stride=0.002m ee_to_ptarget=0.173m landing_err=0.1736m ik_ok=Y ik_resid=0.0004m q_max_resid_deg=9.12 target_changed=Y retgt=N held_idx=1 held_cost=198782.68 won_cost=198782.68 margin=+0.00 won_src=prev_repos held_valid=Y reason=hold setpoint_to_ptarget=nanm finished_val=nanm finished_thresh=0.0200m pd_resid=nanm nextwp_to_ptarget=nanm guide_terminal_err=nanm
[GATE-EVOLVE] step=12 curr=167851.82 best_other=198782.68 ratio=0.8444 ee_to_optimal=0.0748m phi=0.0574m
[STAGE-A-TRACE] step=12 sim_t=0.120 mode=free phi=0.05741 box_xy=-0.00000,-0.00000 lam_n_ee_box=nan qy=-0.00001 qz=+0.00000 finished_repos=0
[DRAKE-CONTACT] step=12 n_pairs=1 ee_box_normal=0.000
[GATE-CONTACT] step=12 F_W=(+0.0000,+0.0000,+0.0000) F_on_box=(-0.0000,-0.0000,-0.0000) n_face_out=(-0.0000,-0.0000,-0.0000) A_is_ee=0 box_q=(+1.00000,+0.00001,-0.00001,+0.00000) box_p=(-0.00000,-0.00000,+0.04999) ee_p=(+0.00024,-0.00110,+0.18241)
[ADMM-C3+] primal: 10.6061->5.4851  dual: 915.8202->16.9753  mono=True  iters=25/25  rho=50.0
[ADMM-C3+] WARNING non-converged: pr=5.4851 dr=16.9753 tol=1e-03
[C3+] step=36 |u[0]|=7.47N λ_n_max=0.698 η_n_max=1.185 primal=5.485 iters=25/25 lcp_res_max=7.40e-08
[ADMIT-GUARD] step=13 admit_active=0 latch=0/0 ee_z=0.180 gate_cap=0
[ALT-GATE] step=13 target_stable=0/0 allow_descent=1
[GS-tgt] step=13 ee=(+0.000,-0.001,+0.180) p_repos=(-0.023,-0.080,+0.030) ee_to_target=0.171m target_label=prev_repos target_changed=N delta=0.000m
[GS] step=13 mode=free switch=kStayInRepos best_k=0 best_src=prev_repos curr_cost=167836.63 repos_cost=198782.27 best_other=198782.27 met_progress=Y steps_since_improve=11 switches=0
[STEP] step=13 mode=free t=0.130s ee=(+0.000,-0.001,+0.180) obj=(-0.000,-0.000,+0.050) goal_dist=0.300m switch=kStayInRepos target=(+0.000,-0.001,+0.178) ee_stride=0.002m ee_to_ptarget=0.171m landing_err=0.1728m ik_ok=Y ik_resid=0.0005m q_max_resid_deg=10.00 target_changed=Y retgt=N held_idx=1 held_cost=198782.27 won_cost=198782.27 margin=+0.00 won_src=prev_repos held_valid=Y reason=hold setpoint_to_ptarget=nanm finished_val=nanm finished_thresh=0.0200m pd_resid=nanm nextwp_to_ptarget=nanm guide_terminal_err=nanm
[GATE-EVOLVE] step=13 curr=167836.63 best_other=198782.27 ratio=0.8443 ee_to_optimal=0.0748m phi=0.0554m
[STAGE-A-TRACE] step=13 sim_t=0.130 mode=free phi=0.05542 box_xy=-0.00000,-0.00000 lam_n_ee_box=nan qy=-0.00001 qz=+0.00000 finished_repos=0
[DRAKE-CONTACT] step=13 n_pairs=1 ee_box_normal=0.000
[GATE-CONTACT] step=13 F_W=(+0.0000,+0.0000,+0.0000) F_on_box=(-0.0000,-0.0000,-0.0000) n_face_out=(-0.0000,-0.0000,-0.0000) A_is_ee=0 box_q=(+1.00000,+0.00001,-0.00001,+0.00000) box_p=(-0.00000,-0.00000,+0.04999) ee_p=(+0.00024,-0.00110,+0.18041)
[ADMM-C3+] primal: 10.6061->5.4851  dual: 915.8202->16.9866  mono=True  iters=25/25  rho=50.0
[ADMM-C3+] WARNING non-converged: pr=5.4851 dr=16.9866 tol=1e-03
[C3+] step=39 |u[0]|=7.87N λ_n_max=0.698 η_n_max=1.185 primal=5.485 iters=25/25 lcp_res_max=7.40e-08
[ADMIT-GUARD] step=14 admit_active=0 latch=0/0 ee_z=0.178 gate_cap=0
[ALT-GATE] step=14 target_stable=0/0 allow_descent=1
[GS-tgt] step=14 ee=(+0.000,-0.001,+0.178) p_repos=(-0.023,-0.080,+0.030) ee_to_target=0.170m target_label=prev_repos target_changed=N delta=0.000m
[GS] step=14 mode=free switch=kStayInRepos best_k=0 best_src=prev_repos curr_cost=167812.09 repos_cost=198781.82 best_other=198781.82 met_progress=Y steps_since_improve=12 switches=0
[STEP] step=14 mode=free t=0.140s ee=(+0.000,-0.001,+0.178) obj=(-0.000,-0.000,+0.050) goal_dist=0.300m switch=kStayInRepos target=(+0.000,-0.001,+0.177) ee_stride=0.002m ee_to_ptarget=0.170m landing_err=0.1722m ik_ok=Y ik_resid=0.0006m q_max_resid_deg=10.89 target_changed=Y retgt=N held_idx=1 held_cost=198781.82 won_cost=198781.82 margin=+0.00 won_src=prev_repos held_valid=Y reason=hold setpoint_to_ptarget=nanm finished_val=nanm finished_thresh=0.0200m pd_resid=nanm nextwp_to_ptarget=nanm guide_terminal_err=nanm
[GATE-EVOLVE] step=14 curr=167812.09 best_other=198781.82 ratio=0.8442 ee_to_optimal=0.0748m phi=0.0534m
[STAGE-A-TRACE] step=14 sim_t=0.140 mode=free phi=0.05343 box_xy=-0.00000,-0.00000 lam_n_ee_box=nan qy=-0.00001 qz=+0.00000 finished_repos=0
[DRAKE-CONTACT] step=14 n_pairs=1 ee_box_normal=0.000
[GATE-CONTACT] step=14 F_W=(+0.0000,+0.0000,+0.0000) F_on_box=(-0.0000,-0.0000,-0.0000) n_face_out=(-0.0000,-0.0000,-0.0000) A_is_ee=0 box_q=(+1.00000,+0.00001,-0.00001,+0.00000) box_p=(-0.00000,-0.00000,+0.04999) ee_p=(+0.00023,-0.00108,+0.17842)
[ADMM-C3+] primal: 10.6061->5.4851  dual: 915.8202->16.9795  mono=True  iters=25/25  rho=50.0
[ADMM-C3+] WARNING non-converged: pr=5.4851 dr=16.9795 tol=1e-03
[C3+] step=42 |u[0]|=7.42N λ_n_max=0.698 η_n_max=1.185 primal=5.485 iters=25/25 lcp_res_max=7.40e-08
[ADMIT-GUARD] step=15 admit_active=0 latch=0/0 ee_z=0.176 gate_cap=0
[ALT-GATE] step=15 target_stable=0/0 allow_descent=1
[GS-tgt] step=15 ee=(+0.000,-0.001,+0.176) p_repos=(-0.023,-0.080,+0.030) ee_to_target=0.168m target_label=prev_repos target_changed=N delta=0.000m
[GS] step=15 mode=free switch=kStayInRepos best_k=0 best_src=prev_repos curr_cost=167811.44 repos_cost=198781.36 best_other=198781.36 met_progress=Y steps_since_improve=13 switches=0
[STEP] step=15 mode=free t=0.150s ee=(+0.000,-0.001,+0.176) obj=(-0.000,-0.000,+0.050) goal_dist=0.300m switch=kStayInRepos target=(+0.000,-0.001,+0.175) ee_stride=0.002m ee_to_ptarget=0.168m landing_err=0.1716m ik_ok=Y ik_resid=0.0007m q_max_resid_deg=11.79 target_changed=Y retgt=N held_idx=1 held_cost=198781.36 won_cost=198781.36 margin=+0.00 won_src=prev_repos held_valid=Y reason=hold setpoint_to_ptarget=nanm finished_val=nanm finished_thresh=0.0200m pd_resid=nanm nextwp_to_ptarget=nanm guide_terminal_err=nanm
[GATE-EVOLVE] step=15 curr=167811.44 best_other=198781.36 ratio=0.8442 ee_to_optimal=0.0748m phi=0.0515m
[STAGE-A-TRACE] step=15 sim_t=0.150 mode=free phi=0.05146 box_xy=-0.00000,-0.00000 lam_n_ee_box=nan qy=-0.00001 qz=+0.00000 finished_repos=0
[DRAKE-CONTACT] step=15 n_pairs=1 ee_box_normal=0.000
[GATE-CONTACT] step=15 F_W=(+0.0000,+0.0000,+0.0000) F_on_box=(-0.0000,-0.0000,-0.0000) n_face_out=(-0.0000,-0.0000,-0.0000) A_is_ee=0 box_q=(+1.00000,+0.00001,-0.00001,+0.00000) box_p=(-0.00000,-0.00000,+0.04999) ee_p=(+0.00023,-0.00107,+0.17646)
[ADMM-C3+] primal: 10.6061->5.4851  dual: 915.8202->16.9763  mono=True  iters=25/25  rho=50.0
[ADMM-C3+] WARNING non-converged: pr=5.4851 dr=16.9763 tol=1e-03
[C3+] step=45 |u[0]|=7.66N λ_n_max=0.698 η_n_max=1.185 primal=5.485 iters=25/25 lcp_res_max=7.40e-08
[ADMIT-GUARD] step=16 admit_active=0 latch=0/0 ee_z=0.175 gate_cap=0
[ALT-GATE] step=16 target_stable=0/0 allow_descent=1
[GS-tgt] step=16 ee=(+0.000,-0.001,+0.175) p_repos=(-0.023,-0.080,+0.030) ee_to_target=0.166m target_label=prev_repos target_changed=N delta=0.000m
[GS] step=16 mode=free switch=kStayInRepos best_k=0 best_src=prev_repos curr_cost=167792.29 repos_cost=198780.89 best_other=198780.89 met_progress=Y steps_since_improve=14 switches=0
[STEP] step=16 mode=free t=0.160s ee=(+0.000,-0.001,+0.175) obj=(-0.000,-0.000,+0.050) goal_dist=0.300m switch=kStayInRepos target=(+0.000,-0.001,+0.173) ee_stride=0.002m ee_to_ptarget=0.166m landing_err=0.1711m ik_ok=Y ik_resid=0.0008m q_max_resid_deg=12.69 target_changed=Y retgt=N held_idx=1 held_cost=198780.89 won_cost=198780.89 margin=+0.00 won_src=prev_repos held_valid=Y reason=hold setpoint_to_ptarget=nanm finished_val=nanm finished_thresh=0.0200m pd_resid=nanm nextwp_to_ptarget=nanm guide_terminal_err=nanm
[GATE-EVOLVE] step=16 curr=167792.29 best_other=198780.89 ratio=0.8441 ee_to_optimal=0.0748m phi=0.0495m
[STAGE-A-TRACE] step=16 sim_t=0.160 mode=free phi=0.04951 box_xy=-0.00000,-0.00000 lam_n_ee_box=nan qy=-0.00001 qz=+0.00000 finished_repos=0
[DRAKE-CONTACT] step=16 n_pairs=1 ee_box_normal=0.000
[GATE-CONTACT] step=16 F_W=(+0.0000,+0.0000,+0.0000) F_on_box=(-0.0000,-0.0000,-0.0000) n_face_out=(-0.0000,-0.0000,-0.0000) A_is_ee=0 box_q=(+1.00000,+0.00001,-0.00001,+0.00000) box_p=(-0.00000,-0.00000,+0.04999) ee_p=(+0.00023,-0.00105,+0.17450)
[ADMM-C3+] primal: 10.6061->5.4850  dual: 915.8202->16.9801  mono=True  iters=25/25  rho=50.0
[ADMM-C3+] WARNING non-converged: pr=5.4850 dr=16.9801 tol=1e-03
[C3+] step=48 |u[0]|=7.73N λ_n_max=0.698 η_n_max=1.185 primal=5.485 iters=25/25 lcp_res_max=7.40e-08
[ADMIT-GUARD] step=17 admit_active=0 latch=0/0 ee_z=0.173 gate_cap=0
[ALT-GATE] step=17 target_stable=0/0 allow_descent=1
[GS-tgt] step=17 ee=(+0.000,-0.001,+0.173) p_repos=(-0.023,-0.080,+0.030) ee_to_target=0.165m target_label=prev_repos target_changed=N delta=0.000m
[GS] step=17 mode=free switch=kStayInRepos best_k=0 best_src=prev_repos curr_cost=167778.45 repos_cost=198780.42 best_other=198780.42 met_progress=Y steps_since_improve=15 switches=0
[STEP] step=17 mode=free t=0.170s ee=(+0.000,-0.001,+0.173) obj=(-0.000,-0.000,+0.050) goal_dist=0.300m switch=kStayInRepos target=(+0.000,-0.001,+0.171) ee_stride=0.001m ee_to_ptarget=0.165m landing_err=0.1707m ik_ok=Y ik_resid=0.0010m q_max_resid_deg=13.61 target_changed=Y retgt=N held_idx=1 held_cost=198780.42 won_cost=198780.42 margin=+0.00 won_src=prev_repos held_valid=Y reason=hold setpoint_to_ptarget=nanm finished_val=nanm finished_thresh=0.0200m pd_resid=nanm nextwp_to_ptarget=nanm guide_terminal_err=nanm
[GATE-EVOLVE] step=17 curr=167778.45 best_other=198780.42 ratio=0.8440 ee_to_optimal=0.0748m phi=0.0476m
[STAGE-A-TRACE] step=17 sim_t=0.170 mode=free phi=0.04757 box_xy=-0.00000,-0.00000 lam_n_ee_box=nan qy=-0.00001 qz=+0.00000 finished_repos=0
[DRAKE-CONTACT] step=17 n_pairs=1 ee_box_normal=0.000
[GATE-CONTACT] step=17 F_W=(+0.0000,+0.0000,+0.0000) F_on_box=(-0.0000,-0.0000,-0.0000) n_face_out=(-0.0000,-0.0000,-0.0000) A_is_ee=0 box_q=(+1.00000,+0.00001,-0.00001,+0.00000) box_p=(-0.00000,-0.00000,+0.04999) ee_p=(+0.00023,-0.00104,+0.17257)
[ADMM-C3+] primal: 10.6061->5.4851  dual: 915.8202->16.9760  mono=True  iters=25/25  rho=50.0
[ADMM-C3+] WARNING non-converged: pr=5.4851 dr=16.9760 tol=1e-03
[C3+] step=51 |u[0]|=7.42N λ_n_max=0.698 η_n_max=1.185 primal=5.485 iters=25/25 lcp_res_max=7.40e-08
[ADMIT-GUARD] step=18 admit_active=0 latch=0/0 ee_z=0.171 gate_cap=0
[ALT-GATE] step=18 target_stable=0/0 allow_descent=1
[GS-tgt] step=18 ee=(+0.000,-0.001,+0.171) p_repos=(-0.023,-0.080,+0.030) ee_to_target=0.163m target_label=prev_repos target_changed=N delta=0.000m
[GS] step=18 mode=free switch=kStayInRepos best_k=0 best_src=prev_repos curr_cost=167774.38 repos_cost=198779.96 best_other=198779.96 met_progress=Y steps_since_improve=16 switches=0
[STEP] step=18 mode=free t=0.180s ee=(+0.000,-0.001,+0.171) obj=(-0.000,-0.000,+0.050) goal_dist=0.300m switch=kStayInRepos target=(+0.000,-0.001,+0.169) ee_stride=0.001m ee_to_ptarget=0.163m landing_err=0.1704m ik_ok=Y ik_resid=0.0001m q_max_resid_deg=14.75 target_changed=Y retgt=N held_idx=1 held_cost=198779.96 won_cost=198779.96 margin=+0.00 won_src=prev_repos held_valid=Y reason=hold setpoint_to_ptarget=nanm finished_val=nanm finished_thresh=0.0200m pd_resid=nanm nextwp_to_ptarget=nanm guide_terminal_err=nanm
[GATE-EVOLVE] step=18 curr=167774.38 best_other=198779.96 ratio=0.8440 ee_to_optimal=0.0748m phi=0.0457m
[STAGE-A-TRACE] step=18 sim_t=0.180 mode=free phi=0.04565 box_xy=-0.00000,-0.00000 lam_n_ee_box=nan qy=-0.00001 qz=+0.00000 finished_repos=0
[DRAKE-CONTACT] step=18 n_pairs=1 ee_box_normal=0.000
[GATE-CONTACT] step=18 F_W=(+0.0000,+0.0000,+0.0000) F_on_box=(-0.0000,-0.0000,-0.0000) n_face_out=(-0.0000,-0.0000,-0.0000) A_is_ee=0 box_q=(+1.00000,+0.00001,-0.00001,+0.00000) box_p=(-0.00000,-0.00000,+0.04999) ee_p=(+0.00023,-0.00102,+0.17065)
[ADMM-C3+] primal: 10.8324->4.9639  dual: 899.6131->21.0006  mono=False  iters=25/25  rho=50.0
[ADMM-C3+] WARNING non-converged: pr=4.9639 dr=21.0006 tol=1e-03
[C3+] step=54 |u[0]|=8.39N λ_n_max=0.759 η_n_max=1.879 primal=4.964 iters=25/25 lcp_res_max=9.32e-08
[ADMIT-GUARD] step=19 admit_active=0 latch=0/0 ee_z=0.169 gate_cap=0
[ALT-GATE] step=19 target_stable=0/0 allow_descent=1
[GS-tgt] step=19 ee=(+0.000,-0.001,+0.169) p_repos=(-0.023,-0.080,+0.030) ee_to_target=0.161m target_label=prev_repos target_changed=N delta=0.000m
[GS] step=19 mode=free switch=kStayInRepos best_k=0 best_src=prev_repos curr_cost=171851.05 repos_cost=180806.03 best_other=180806.03 met_progress=Y steps_since_improve=17 switches=0
[STEP] step=19 mode=free t=0.190s ee=(+0.000,-0.001,+0.169) obj=(+0.000,+0.000,+0.050) goal_dist=0.300m switch=kStayInRepos target=(+0.000,-0.001,+0.168) ee_stride=0.001m ee_to_ptarget=0.161m landing_err=0.1702m ik_ok=Y ik_resid=0.0001m q_max_resid_deg=15.74 target_changed=Y retgt=N held_idx=1 held_cost=180806.03 won_cost=180806.03 margin=+0.00 won_src=prev_repos held_valid=Y reason=hold setpoint_to_ptarget=nanm finished_val=nanm finished_thresh=0.0200m pd_resid=nanm nextwp_to_ptarget=nanm guide_terminal_err=nanm
[GATE-EVOLVE] step=19 curr=171851.05 best_other=180806.03 ratio=0.9505 ee_to_optimal=0.0748m phi=0.0436m
[STAGE-A-TRACE] step=19 sim_t=0.190 mode=free phi=0.04356 box_xy=+0.00000,+0.00000 lam_n_ee_box=nan qy=+0.00001 qz=+0.00000 finished_repos=0
[DRAKE-CONTACT] step=19 n_pairs=1 ee_box_normal=0.000
[GATE-CONTACT] step=19 F_W=(+0.0000,+0.0000,+0.0000) F_on_box=(-0.0000,-0.0000,-0.0000) n_face_out=(-0.0000,-0.0000,-0.0000) A_is_ee=0 box_q=(+1.00000,-0.00001,+0.00001,+0.00000) box_p=(+0.00000,+0.00000,+0.04999) ee_p=(+0.00022,-0.00100,+0.16855)
[ADMM-C3+] primal: 10.8324->4.9639  dual: 899.6131->21.0006  mono=False  iters=25/25  rho=50.0
[ADMM-C3+] WARNING non-converged: pr=4.9639 dr=21.0006 tol=1e-03
[C3+] step=57 |u[0]|=8.27N λ_n_max=0.759 η_n_max=1.879 primal=4.964 iters=25/25 lcp_res_max=9.32e-08
[ADMIT-GUARD] step=20 admit_active=0 latch=0/0 ee_z=0.167 gate_cap=0
[ALT-GATE] step=20 target_stable=0/0 allow_descent=1
[GS-tgt] step=20 ee=(+0.000,-0.001,+0.167) p_repos=(-0.023,-0.080,+0.030) ee_to_target=0.160m target_label=prev_repos target_changed=N delta=0.000m
[IMP] step=20 mode=free |x_err|=0.0009m |tau_imp|=1.48Nm |tau_ff|=0.00Nm |tau_out|=1.48Nm sat=False lam_n=False lam_t=False
[GS] step=20 mode=free switch=kStayInRepos best_k=0 best_src=prev_repos curr_cost=171842.90 repos_cost=180805.59 best_other=180805.59 met_progress=Y steps_since_improve=18 switches=0
[STEP] step=20 mode=free t=0.200s ee=(+0.000,-0.001,+0.167) obj=(+0.000,+0.000,+0.050) goal_dist=0.300m switch=kStayInRepos target=(+0.000,-0.001,+0.166) ee_stride=0.001m ee_to_ptarget=0.160m landing_err=0.1701m ik_ok=Y ik_resid=0.0001m q_max_resid_deg=16.71 target_changed=Y retgt=N held_idx=1 held_cost=180805.59 won_cost=180805.59 margin=+0.00 won_src=prev_repos held_valid=Y reason=hold setpoint_to_ptarget=nanm finished_val=nanm finished_thresh=0.0200m pd_resid=nanm nextwp_to_ptarget=nanm guide_terminal_err=nanm
[GATE-EVOLVE] step=20 curr=171842.90 best_other=180805.59 ratio=0.9504 ee_to_optimal=0.0748m phi=0.0417m
[STAGE-A-TRACE] step=20 sim_t=0.200 mode=free phi=0.04167 box_xy=+0.00000,+0.00000 lam_n_ee_box=nan qy=+0.00001 qz=+0.00000 finished_repos=0
[GS-table] step=20
  k=0 (current   ) pos=(+0.000,-0.001,+0.167) c_C3= 171842.90 align=0.0000(bonus=    0.00) rot=+0.0000(bonus=    0.00) travel=0.000m(pen=  0.00) c_sample= 171842.90 feas=Y ik_err=0.0000m  ← WIN
  k=1 (prev_repos) pos=(-0.023,-0.080,+0.030) c_C3= 180773.68 align=0.0000(bonus=    0.00) rot=+0.0000(bonus=    0.00) travel=0.160m(pen= 31.91) c_sample= 180805.59 feas=Y ik_err=0.0000m
  k=2 (strat_0   ) pos=(-0.023,-0.080,+0.030) c_C3= 180773.68 align=0.0000(bonus=    0.00) rot=+0.0000(bonus=    0.00) travel=0.160m(pen= 31.91) c_sample= 180805.59 feas=Y ik_err=0.0000m
[DRAKE-CONTACT] step=20 n_pairs=1 ee_box_normal=0.000
[GATE-CONTACT] step=20 F_W=(+0.0000,+0.0000,+0.0000) F_on_box=(-0.0000,-0.0000,-0.0000) n_face_out=(-0.0000,-0.0000,-0.0000) A_is_ee=0 box_q=(+1.00000,-0.00001,+0.00001,+0.00000) box_p=(+0.00000,+0.00000,+0.04999) ee_p=(+0.00022,-0.00099,+0.16666)
[ADMM-C3+] primal: 10.8324->4.9639  dual: 899.6131->21.0006  mono=False  iters=25/25  rho=50.0
[ADMM-C3+] WARNING non-converged: pr=4.9639 dr=21.0006 tol=1e-03
[C3+] step=60 |u[0]|=8.15N λ_n_max=0.759 η_n_max=1.879 primal=4.964 iters=25/25 lcp_res_max=9.32e-08
[ADMIT-GUARD] step=21 admit_active=0 latch=0/0 ee_z=0.165 gate_cap=0
[ALT-GATE] step=21 target_stable=0/0 allow_descent=1
[GS-tgt] step=21 ee=(+0.000,-0.001,+0.165) p_repos=(-0.023,-0.080,+0.030) ee_to_target=0.158m target_label=prev_repos target_changed=N delta=0.000m
[GS] step=21 mode=free switch=kStayInRepos best_k=0 best_src=prev_repos curr_cost=171834.96 repos_cost=180805.18 best_other=180805.18 met_progress=Y steps_since_improve=19 switches=0
[STEP] step=21 mode=free t=0.210s ee=(+0.000,-0.001,+0.165) obj=(+0.000,+0.000,+0.050) goal_dist=0.300m switch=kStayInRepos target=(+0.000,-0.001,+0.164) ee_stride=0.001m ee_to_ptarget=0.158m landing_err=0.1661m ik_ok=Y ik_resid=0.0001m q_max_resid_deg=16.61 target_changed=Y retgt=N held_idx=1 held_cost=180805.18 won_cost=180805.18 margin=+0.00 won_src=prev_repos held_valid=Y reason=hold setpoint_to_ptarget=nanm finished_val=nanm finished_thresh=0.0200m pd_resid=nanm nextwp_to_ptarget=nanm guide_terminal_err=nanm
[GATE-EVOLVE] step=21 curr=171834.96 best_other=180805.18 ratio=0.9504 ee_to_optimal=0.0748m phi=0.0398m
[STAGE-A-TRACE] step=21 sim_t=0.210 mode=free phi=0.03980 box_xy=+0.00000,+0.00000 lam_n_ee_box=nan qy=+0.00001 qz=+0.00000 finished_repos=0
[DRAKE-CONTACT] step=21 n_pairs=1 ee_box_normal=0.000
[GATE-CONTACT] step=21 F_W=(+0.0000,+0.0000,+0.0000) F_on_box=(-0.0000,-0.0000,-0.0000) n_face_out=(-0.0000,-0.0000,-0.0000) A_is_ee=0 box_q=(+1.00000,-0.00001,+0.00001,+0.00000) box_p=(+0.00000,+0.00000,+0.04999) ee_p=(+0.00022,-0.00098,+0.16479)
[ADMM-C3+] primal: 10.8324->4.9639  dual: 899.6131->21.0005  mono=False  iters=25/25  rho=50.0
[ADMM-C3+] WARNING non-converged: pr=4.9639 dr=21.0005 tol=1e-03
[C3+] step=63 |u[0]|=8.04N λ_n_max=0.759 η_n_max=1.879 primal=4.964 iters=25/25 lcp_res_max=9.32e-08
[ADMIT-GUARD] step=22 admit_active=0 latch=0/0 ee_z=0.163 gate_cap=0
[ALT-GATE] step=22 target_stable=0/0 allow_descent=1
[GS-tgt] step=22 ee=(+0.000,-0.001,+0.163) p_repos=(-0.023,-0.080,+0.030) ee_to_target=0.156m target_label=prev_repos target_changed=N delta=0.000m
[GS] step=22 mode=free switch=kStayInRepos best_k=0 best_src=prev_repos curr_cost=171827.21 repos_cost=180804.77 best_other=180804.77 met_progress=Y steps_since_improve=20 switches=0
[STEP] step=22 mode=free t=0.220s ee=(+0.000,-0.001,+0.163) obj=(+0.000,+0.000,+0.050) goal_dist=0.300m switch=kStayInRepos target=(+0.000,-0.001,+0.162) ee_stride=0.001m ee_to_ptarget=0.156m landing_err=0.1621m ik_ok=Y ik_resid=0.0001m q_max_resid_deg=16.05 target_changed=Y retgt=N held_idx=1 held_cost=180804.77 won_cost=180804.77 margin=+0.00 won_src=prev_repos held_valid=Y reason=hold setpoint_to_ptarget=nanm finished_val=nanm finished_thresh=0.0200m pd_resid=nanm nextwp_to_ptarget=nanm guide_terminal_err=nanm
[GATE-EVOLVE] step=22 curr=171827.21 best_other=180804.77 ratio=0.9503 ee_to_optimal=0.0748m phi=0.0379m
[STAGE-A-TRACE] step=22 sim_t=0.220 mode=free phi=0.03794 box_xy=+0.00000,+0.00000 lam_n_ee_box=nan qy=+0.00001 qz=+0.00000 finished_repos=0
[DRAKE-CONTACT] step=22 n_pairs=1 ee_box_normal=0.000
[GATE-CONTACT] step=22 F_W=(+0.0000,+0.0000,+0.0000) F_on_box=(-0.0000,-0.0000,-0.0000) n_face_out=(-0.0000,-0.0000,-0.0000) A_is_ee=0 box_q=(+1.00000,-0.00001,+0.00001,+0.00000) box_p=(+0.00000,+0.00000,+0.04999) ee_p=(+0.00022,-0.00097,+0.16293)
[ADMM-C3+] primal: 10.8324->4.9639  dual: 899.6131->21.0005  mono=False  iters=25/25  rho=50.0
[ADMM-C3+] WARNING non-converged: pr=4.9639 dr=21.0005 tol=1e-03
[C3+] step=66 |u[0]|=7.92N λ_n_max=0.759 η_n_max=1.879 primal=4.964 iters=25/25 lcp_res_max=9.32e-08
[ADMIT-GUARD] step=23 admit_active=0 latch=0/0 ee_z=0.161 gate_cap=0
[ALT-GATE] step=23 target_stable=0/0 allow_descent=1
[GS-tgt] step=23 ee=(+0.000,-0.001,+0.161) p_repos=(-0.023,-0.080,+0.030) ee_to_target=0.155m target_label=prev_repos target_changed=N delta=0.000m
[GS] step=23 mode=free switch=kStayInRepos best_k=0 best_src=prev_repos curr_cost=171819.64 repos_cost=180804.39 best_other=180804.39 met_progress=Y steps_since_improve=21 switches=0
[STEP] step=23 mode=free t=0.230s ee=(+0.000,-0.001,+0.161) obj=(+0.000,+0.000,+0.050) goal_dist=0.300m switch=kStayInRepos target=(+0.000,-0.001,+0.160) ee_stride=0.001m ee_to_ptarget=0.155m landing_err=0.1581m ik_ok=Y ik_resid=0.0001m q_max_resid_deg=15.49 target_changed=Y retgt=N held_idx=1 held_cost=180804.39 won_cost=180804.39 margin=+0.00 won_src=prev_repos held_valid=Y reason=hold setpoint_to_ptarget=nanm finished_val=nanm finished_thresh=0.0200m pd_resid=nanm nextwp_to_ptarget=nanm guide_terminal_err=nanm
[GATE-EVOLVE] step=23 curr=171819.64 best_other=180804.39 ratio=0.9503 ee_to_optimal=0.0748m phi=0.0361m
[STAGE-A-TRACE] step=23 sim_t=0.230 mode=free phi=0.03610 box_xy=+0.00000,+0.00000 lam_n_ee_box=nan qy=+0.00001 qz=+0.00000 finished_repos=0
[DRAKE-CONTACT] step=23 n_pairs=1 ee_box_normal=0.000
[GATE-CONTACT] step=23 F_W=(+0.0000,+0.0000,+0.0000) F_on_box=(-0.0000,-0.0000,-0.0000) n_face_out=(-0.0000,-0.0000,-0.0000) A_is_ee=0 box_q=(+1.00000,-0.00001,+0.00001,+0.00000) box_p=(+0.00000,+0.00000,+0.04999) ee_p=(+0.00022,-0.00096,+0.16109)
[ADMM-C3+] primal: 10.8324->4.9639  dual: 899.6131->21.0005  mono=False  iters=25/25  rho=50.0
[ADMM-C3+] WARNING non-converged: pr=4.9639 dr=21.0005 tol=1e-03
[C3+] step=69 |u[0]|=7.81N λ_n_max=0.759 η_n_max=1.879 primal=4.964 iters=25/25 lcp_res_max=9.32e-08
[ADMIT-GUARD] step=24 admit_active=0 latch=0/0 ee_z=0.159 gate_cap=0
[ALT-GATE] step=24 target_stable=0/0 allow_descent=1
[GS-tgt] step=24 ee=(+0.000,-0.001,+0.159) p_repos=(-0.023,-0.080,+0.030) ee_to_target=0.153m target_label=prev_repos target_changed=N delta=0.000m
[GS] step=24 mode=free switch=kStayInRepos best_k=0 best_src=prev_repos curr_cost=171812.23 repos_cost=180804.02 best_other=180804.02 met_progress=Y steps_since_improve=22 switches=0
[STEP] step=24 mode=free t=0.240s ee=(+0.000,-0.001,+0.159) obj=(+0.000,+0.000,+0.050) goal_dist=0.300m switch=kStayInRepos target=(+0.000,-0.001,+0.159) ee_stride=0.001m ee_to_ptarget=0.153m landing_err=0.1541m ik_ok=Y ik_resid=0.0001m q_max_resid_deg=14.94 target_changed=Y retgt=N held_idx=1 held_cost=180804.02 won_cost=180804.02 margin=+0.00 won_src=prev_repos held_valid=Y reason=hold setpoint_to_ptarget=nanm finished_val=nanm finished_thresh=0.0200m pd_resid=nanm nextwp_to_ptarget=nanm guide_terminal_err=nanm
[GATE-EVOLVE] step=24 curr=171812.23 best_other=180804.02 ratio=0.9503 ee_to_optimal=0.0748m phi=0.0343m
[STAGE-A-TRACE] step=24 sim_t=0.240 mode=free phi=0.03426 box_xy=+0.00000,+0.00000 lam_n_ee_box=nan qy=+0.00001 qz=+0.00000 finished_repos=0
[DRAKE-CONTACT] step=24 n_pairs=1 ee_box_normal=0.000
[GATE-CONTACT] step=24 F_W=(+0.0000,+0.0000,+0.0000) F_on_box=(-0.0000,-0.0000,-0.0000) n_face_out=(-0.0000,-0.0000,-0.0000) A_is_ee=0 box_q=(+1.00000,-0.00001,+0.00001,+0.00000) box_p=(+0.00000,+0.00000,+0.04999) ee_p=(+0.00021,-0.00095,+0.15925)
[ADMM-C3+] primal: 10.8324->4.9639  dual: 899.6131->21.0005  mono=False  iters=25/25  rho=50.0
[ADMM-C3+] WARNING non-converged: pr=4.9639 dr=21.0005 tol=1e-03
[C3+] step=72 |u[0]|=7.70N λ_n_max=0.759 η_n_max=1.879 primal=4.964 iters=25/25 lcp_res_max=9.32e-08
[ADMIT-GUARD] step=25 admit_active=0 latch=0/0 ee_z=0.157 gate_cap=0
[ALT-GATE] step=25 target_stable=0/0 allow_descent=1
[GS-tgt] step=25 ee=(+0.000,-0.001,+0.157) p_repos=(-0.023,-0.080,+0.030) ee_to_target=0.152m target_label=prev_repos target_changed=N delta=0.000m
[GS] step=25 mode=free switch=kStayInRepos best_k=0 best_src=prev_repos curr_cost=171804.98 repos_cost=180803.67 best_other=180803.67 met_progress=Y steps_since_improve=23 switches=0
[STEP] step=25 mode=free t=0.250s ee=(+0.000,-0.001,+0.157) obj=(+0.000,+0.000,+0.050) goal_dist=0.300m switch=kStayInRepos target=(+0.000,-0.001,+0.157) ee_stride=0.001m ee_to_ptarget=0.152m landing_err=0.1501m ik_ok=Y ik_resid=0.0010m q_max_resid_deg=14.70 target_changed=Y retgt=N held_idx=1 held_cost=180803.67 won_cost=180803.67 margin=+0.00 won_src=prev_repos held_valid=Y reason=hold setpoint_to_ptarget=nanm finished_val=nanm finished_thresh=0.0200m pd_resid=nanm nextwp_to_ptarget=nanm guide_terminal_err=nanm
[GATE-EVOLVE] step=25 curr=171804.98 best_other=180803.67 ratio=0.9502 ee_to_optimal=0.0748m phi=0.0324m
[STAGE-A-TRACE] step=25 sim_t=0.250 mode=free phi=0.03243 box_xy=+0.00000,+0.00000 lam_n_ee_box=nan qy=+0.00001 qz=+0.00000 finished_repos=0
[DRAKE-CONTACT] step=25 n_pairs=1 ee_box_normal=0.000
[GATE-CONTACT] step=25 F_W=(+0.0000,+0.0000,+0.0000) F_on_box=(-0.0000,-0.0000,-0.0000) n_face_out=(-0.0000,-0.0000,-0.0000) A_is_ee=0 box_q=(+1.00000,-0.00001,+0.00001,+0.00000) box_p=(+0.00000,+0.00000,+0.04999) ee_p=(+0.00021,-0.00094,+0.15742)
[ADMM-C3+] primal: 10.8324->4.9639  dual: 899.6131->21.0005  mono=False  iters=25/25  rho=50.0
[ADMM-C3+] WARNING non-converged: pr=4.9639 dr=21.0005 tol=1e-03
[C3+] step=75 |u[0]|=7.59N λ_n_max=0.759 η_n_max=1.879 primal=4.964 iters=25/25 lcp_res_max=9.32e-08
[ADMIT-GUARD] step=26 admit_active=0 latch=0/0 ee_z=0.156 gate_cap=0
[ALT-GATE] step=26 target_stable=0/0 allow_descent=1
[GS-tgt] step=26 ee=(+0.000,-0.001,+0.156) p_repos=(-0.023,-0.080,+0.030) ee_to_target=0.150m target_label=prev_repos target_changed=N delta=0.000m
[GS] step=26 mode=free switch=kStayInRepos best_k=0 best_src=prev_repos curr_cost=171797.88 repos_cost=180803.34 best_other=180803.34 met_progress=Y steps_since_improve=24 switches=0
[STEP] step=26 mode=free t=0.260s ee=(+0.000,-0.001,+0.156) obj=(+0.000,+0.000,+0.050) goal_dist=0.300m switch=kStayInRepos target=(+0.000,-0.001,+0.155) ee_stride=0.001m ee_to_ptarget=0.150m landing_err=0.1461m ik_ok=Y ik_resid=0.0008m q_max_resid_deg=14.58 target_changed=Y retgt=N held_idx=1 held_cost=180803.34 won_cost=180803.34 margin=+0.00 won_src=prev_repos held_valid=Y reason=hold setpoint_to_ptarget=nanm finished_val=nanm finished_thresh=0.0200m pd_resid=nanm nextwp_to_ptarget=nanm guide_terminal_err=nanm
[GATE-EVOLVE] step=26 curr=171797.88 best_other=180803.34 ratio=0.9502 ee_to_optimal=0.0748m phi=0.0306m
[STAGE-A-TRACE] step=26 sim_t=0.260 mode=free phi=0.03061 box_xy=+0.00000,+0.00000 lam_n_ee_box=nan qy=+0.00001 qz=+0.00000 finished_repos=0
[DRAKE-CONTACT] step=26 n_pairs=1 ee_box_normal=0.000
[GATE-CONTACT] step=26 F_W=(+0.0000,+0.0000,+0.0000) F_on_box=(-0.0000,-0.0000,-0.0000) n_face_out=(-0.0000,-0.0000,-0.0000) A_is_ee=0 box_q=(+1.00000,-0.00001,+0.00001,+0.00000) box_p=(+0.00000,+0.00000,+0.04999) ee_p=(+0.00021,-0.00094,+0.15560)
[ADMM-C3+] primal: 10.8324->4.9639  dual: 899.6131->21.0005  mono=False  iters=25/25  rho=50.0
[ADMM-C3+] WARNING non-converged: pr=4.9639 dr=21.0005 tol=1e-03
[C3+] step=78 |u[0]|=7.48N λ_n_max=0.759 η_n_max=1.879 primal=4.964 iters=25/25 lcp_res_max=9.32e-08
[ADMIT-GUARD] step=27 admit_active=0 latch=0/0 ee_z=0.154 gate_cap=0
[ALT-GATE] step=27 target_stable=0/0 allow_descent=1
[GS-tgt] step=27 ee=(+0.000,-0.001,+0.154) p_repos=(-0.023,-0.080,+0.030) ee_to_target=0.149m target_label=prev_repos target_changed=N delta=0.000m
[GS] step=27 mode=free switch=kStayInRepos best_k=0 best_src=prev_repos curr_cost=171790.92 repos_cost=180803.02 best_other=180803.02 met_progress=Y steps_since_improve=25 switches=0
[STEP] step=27 mode=free t=0.270s ee=(+0.000,-0.001,+0.154) obj=(+0.000,+0.000,+0.050) goal_dist=0.300m switch=kStayInRepos target=(+0.000,-0.001,+0.153) ee_stride=0.001m ee_to_ptarget=0.149m landing_err=0.1421m ik_ok=Y ik_resid=0.0007m q_max_resid_deg=14.46 target_changed=Y retgt=N held_idx=1 held_cost=180803.02 won_cost=180803.02 margin=+0.00 won_src=prev_repos held_valid=Y reason=hold setpoint_to_ptarget=nanm finished_val=nanm finished_thresh=0.0200m pd_resid=nanm nextwp_to_ptarget=nanm guide_terminal_err=nanm
[GATE-EVOLVE] step=27 curr=171790.92 best_other=180803.02 ratio=0.9502 ee_to_optimal=0.0748m phi=0.0288m
[STAGE-A-TRACE] step=27 sim_t=0.270 mode=free phi=0.02879 box_xy=+0.00000,+0.00000 lam_n_ee_box=nan qy=+0.00001 qz=+0.00000 finished_repos=0
[DRAKE-CONTACT] step=27 n_pairs=1 ee_box_normal=0.000
[GATE-CONTACT] step=27 F_W=(+0.0000,+0.0000,+0.0000) F_on_box=(-0.0000,-0.0000,-0.0000) n_face_out=(-0.0000,-0.0000,-0.0000) A_is_ee=0 box_q=(+1.00000,-0.00001,+0.00001,+0.00000) box_p=(+0.00000,+0.00000,+0.04999) ee_p=(+0.00021,-0.00094,+0.15378)
[ADMM-C3+] primal: 10.8324->4.9639  dual: 899.6131->21.0004  mono=False  iters=25/25  rho=50.0
[ADMM-C3+] WARNING non-converged: pr=4.9639 dr=21.0004 tol=1e-03
[C3+] step=81 |u[0]|=7.36N λ_n_max=0.759 η_n_max=1.879 primal=4.964 iters=25/25 lcp_res_max=9.32e-08
[ADMIT-GUARD] step=28 admit_active=0 latch=0/0 ee_z=0.152 gate_cap=0
[ALT-GATE] step=28 target_stable=0/0 allow_descent=1
[GS-tgt] step=28 ee=(+0.000,-0.001,+0.152) p_repos=(-0.023,-0.080,+0.030) ee_to_target=0.147m target_label=prev_repos target_changed=N delta=0.000m
[GS] step=28 mode=free switch=kStayInRepos best_k=0 best_src=prev_repos curr_cost=171784.11 repos_cost=180802.71 best_other=180802.71 met_progress=Y steps_since_improve=26 switches=0
[STEP] step=28 mode=free t=0.280s ee=(+0.000,-0.001,+0.152) obj=(+0.000,+0.000,+0.050) goal_dist=0.300m switch=kStayInRepos target=(+0.000,-0.001,+0.151) ee_stride=0.001m ee_to_ptarget=0.147m landing_err=0.1381m ik_ok=Y ik_resid=0.0006m q_max_resid_deg=14.33 target_changed=Y retgt=N held_idx=1 held_cost=180802.71 won_cost=180802.71 margin=+0.00 won_src=prev_repos held_valid=Y reason=hold setpoint_to_ptarget=nanm finished_val=nanm finished_thresh=0.0200m pd_resid=nanm nextwp_to_ptarget=nanm guide_terminal_err=nanm
[GATE-EVOLVE] step=28 curr=171784.11 best_other=180802.71 ratio=0.9501 ee_to_optimal=0.0748m phi=0.0270m
[STAGE-A-TRACE] step=28 sim_t=0.280 mode=free phi=0.02698 box_xy=+0.00000,+0.00000 lam_n_ee_box=nan qy=+0.00001 qz=+0.00000 finished_repos=0
[DRAKE-CONTACT] step=28 n_pairs=1 ee_box_normal=0.000
[GATE-CONTACT] step=28 F_W=(+0.0000,+0.0000,+0.0000) F_on_box=(-0.0000,-0.0000,-0.0000) n_face_out=(-0.0000,-0.0000,-0.0000) A_is_ee=0 box_q=(+1.00000,-0.00001,+0.00001,+0.00000) box_p=(+0.00000,+0.00000,+0.04999) ee_p=(+0.00021,-0.00094,+0.15197)
[ADMM-C3+] primal: 10.8324->4.9639  dual: 899.6131->21.0004  mono=False  iters=25/25  rho=50.0
[ADMM-C3+] WARNING non-converged: pr=4.9639 dr=21.0004 tol=1e-03
[C3+] step=84 |u[0]|=7.25N λ_n_max=0.759 η_n_max=1.879 primal=4.964 iters=25/25 lcp_res_max=9.32e-08
[ADMIT-GUARD] step=29 admit_active=0 latch=0/0 ee_z=0.150 gate_cap=0
[ALT-GATE] step=29 target_stable=0/0 allow_descent=1
[GS-tgt] step=29 ee=(+0.000,-0.001,+0.150) p_repos=(-0.023,-0.080,+0.030) ee_to_target=0.146m target_label=prev_repos target_changed=N delta=0.000m
[GS] step=29 mode=free switch=kStayInRepos best_k=0 best_src=prev_repos curr_cost=171777.43 repos_cost=180802.40 best_other=180802.40 met_progress=Y steps_since_improve=27 switches=0
[STEP] step=29 mode=free t=0.290s ee=(+0.000,-0.001,+0.150) obj=(+0.000,+0.000,+0.050) goal_dist=0.300m switch=kStayInRepos target=(+0.000,-0.001,+0.150) ee_stride=0.000m ee_to_ptarget=0.146m landing_err=0.1341m ik_ok=Y ik_resid=0.0006m q_max_resid_deg=14.20 target_changed=Y retgt=N held_idx=1 held_cost=180802.40 won_cost=180802.40 margin=+0.00 won_src=prev_repos held_valid=Y reason=hold setpoint_to_ptarget=nanm finished_val=nanm finished_thresh=0.0200m pd_resid=nanm nextwp_to_ptarget=nanm guide_terminal_err=nanm
[GATE-EVOLVE] step=29 curr=171777.43 best_other=180802.40 ratio=0.9501 ee_to_optimal=0.0748m phi=0.0252m
[STAGE-A-TRACE] step=29 sim_t=0.290 mode=free phi=0.02517 box_xy=+0.00000,+0.00000 lam_n_ee_box=nan qy=+0.00001 qz=-0.00000 finished_repos=0
[DRAKE-CONTACT] step=29 n_pairs=1 ee_box_normal=0.000
[GATE-CONTACT] step=29 F_W=(+0.0000,+0.0000,+0.0000) F_on_box=(-0.0000,-0.0000,-0.0000) n_face_out=(-0.0000,-0.0000,-0.0000) A_is_ee=0 box_q=(+1.00000,-0.00001,+0.00001,-0.00000) box_p=(+0.00000,+0.00000,+0.04999) ee_p=(+0.00021,-0.00094,+0.15016)
[ADMM-C3+] primal: 10.8324->4.9639  dual: 899.6131->21.0004  mono=False  iters=25/25  rho=50.0
[ADMM-C3+] WARNING non-converged: pr=4.9639 dr=21.0004 tol=1e-03
[C3+] step=87 |u[0]|=7.18N λ_n_max=0.759 η_n_max=1.879 primal=4.964 iters=25/25 lcp_res_max=9.32e-08
[ADMIT-GUARD] step=30 admit_active=0 latch=0/0 ee_z=0.149 gate_cap=0
[ALT-GATE] step=30 target_stable=0/0 allow_descent=1
[GS-tgt] step=30 ee=(+0.000,-0.001,+0.149) p_repos=(-0.023,-0.080,+0.030) ee_to_target=0.144m target_label=prev_repos target_changed=N delta=0.000m
[IMP] step=30 mode=free |x_err|=0.0019m |tau_imp|=33.62Nm |tau_ff|=0.00Nm |tau_out|=33.62Nm sat=False lam_n=False lam_t=False
[GS] step=30 mode=free switch=kStayInRepos best_k=0 best_src=prev_repos curr_cost=171773.16 repos_cost=180804.37 best_other=180804.37 met_progress=Y steps_since_improve=28 switches=0
[STEP] step=30 mode=free t=0.300s ee=(+0.000,-0.001,+0.149) obj=(+0.000,+0.000,+0.050) goal_dist=0.300m switch=kStayInRepos target=(-0.000,-0.003,+0.150) ee_stride=0.002m ee_to_ptarget=0.144m landing_err=0.1301m ik_ok=Y ik_resid=0.0005m q_max_resid_deg=13.99 target_changed=Y retgt=N held_idx=1 held_cost=180804.37 won_cost=180804.37 margin=+0.00 won_src=prev_repos held_valid=Y reason=hold setpoint_to_ptarget=nanm finished_val=nanm finished_thresh=0.0200m pd_resid=nanm nextwp_to_ptarget=nanm guide_terminal_err=nanm
[GATE-EVOLVE] step=30 curr=171773.16 best_other=180804.37 ratio=0.9500 ee_to_optimal=0.0749m phi=0.0237m
[STAGE-A-TRACE] step=30 sim_t=0.300 mode=free phi=0.02370 box_xy=+0.00000,+0.00000 lam_n_ee_box=nan qy=+0.00001 qz=-0.00000 finished_repos=0
[DRAKE-CONTACT] step=30 n_pairs=1 ee_box_normal=0.000
[GATE-CONTACT] step=30 F_W=(+0.0000,+0.0000,+0.0000) F_on_box=(-0.0000,-0.0000,-0.0000) n_face_out=(-0.0000,-0.0000,-0.0000) A_is_ee=0 box_q=(+1.00000,-0.00001,+0.00001,-0.00000) box_p=(+0.00000,+0.00000,+0.04999) ee_p=(+0.00009,-0.00124,+0.14869)
[PERSIST] step=31 refresh n_strategy=1 samples=[(0.0459, 0.08, 0.03)]
[ADMM-C3+] primal: 10.8324->4.9639  dual: 899.6131->21.0004  mono=False  iters=25/25  rho=50.0
[ADMM-C3+] WARNING non-converged: pr=4.9639 dr=21.0004 tol=1e-03
[C3+] step=90 |u[0]|=7.17N λ_n_max=0.759 η_n_max=1.879 primal=4.964 iters=25/25 lcp_res_max=9.32e-08
[ADMIT-GUARD] step=31 admit_active=0 latch=0/0 ee_z=0.148 gate_cap=0
[ALT-GATE] step=31 target_stable=0/0 allow_descent=1
[GS-tgt] step=31 ee=(-0.000,-0.002,+0.148) p_repos=(+0.046,+0.080,+0.030) ee_to_target=0.151m target_label=strat_0 target_changed=Y delta=0.174m
[STAGE-A-PWL] step=31 sim_t=0.310 build p_start=(-0.0002,-0.0020,+0.1478) p_target=(+0.0459,+0.0800,+0.0300) K=4 t_end=1.512
[GS] step=31 mode=free switch=kStayInRepos best_k=0 best_src=strat_0 curr_cost=171772.77 repos_cost=180651.59 best_other=180651.59 met_progress=Y steps_since_improve=29 switches=0
[STEP] step=31 mode=free t=0.310s ee=(-0.000,-0.002,+0.148) obj=(+0.000,+0.000,+0.050) goal_dist=0.300m switch=kStayInRepos target=(-0.000,-0.002,+0.148) ee_stride=0.000m ee_to_ptarget=0.151m landing_err=0.1483m ik_ok=Y ik_resid=0.0002m q_max_resid_deg=0.59 target_changed=Y retgt=Y held_idx=1 held_cost=180810.55 won_cost=180651.59 margin=+158.95 won_src=strat_0 held_valid=Y reason=noise_flip setpoint_to_ptarget=nanm finished_val=nanm finished_thresh=0.0200m pd_resid=nanm nextwp_to_ptarget=nanm guide_terminal_err=nanm
[GATE-EVOLVE] step=31 curr=171772.77 best_other=180651.59 ratio=0.9509 ee_to_optimal=0.0752m phi=0.0228m
[STAGE-A-TRACE] step=31 sim_t=0.310 mode=free phi=0.02277 box_xy=+0.00000,+0.00000 lam_n_ee_box=nan qy=+0.00001 qz=-0.00000 finished_repos=0
[DRAKE-CONTACT] step=31 n_pairs=1 ee_box_normal=0.000
[GATE-CONTACT] step=31 F_W=(+0.0000,+0.0000,+0.0000) F_on_box=(-0.0000,-0.0000,-0.0000) n_face_out=(-0.0000,-0.0000,-0.0000) A_is_ee=0 box_q=(+1.00000,-0.00001,+0.00001,-0.00000) box_p=(+0.00000,+0.00000,+0.04999) ee_p=(-0.00022,-0.00202,+0.14776)
[ADMM-C3+] primal: 10.8324->4.9639  dual: 899.6131->21.0004  mono=False  iters=25/25  rho=50.0
[ADMM-C3+] WARNING non-converged: pr=4.9639 dr=21.0004 tol=1e-03
[C3+] step=93 |u[0]|=7.21N λ_n_max=0.759 η_n_max=1.879 primal=4.964 iters=25/25 lcp_res_max=9.32e-08
[ADMIT-GUARD] step=32 admit_active=0 latch=0/0 ee_z=0.148 gate_cap=0
[ALT-GATE] step=32 target_stable=0/0 allow_descent=1
[GS-tgt] step=32 ee=(-0.001,-0.003,+0.148) p_repos=(+0.046,+0.080,+0.030) ee_to_target=0.151m target_label=prev_repos target_changed=N delta=0.000m
[GS] step=32 mode=free switch=kStayInRepos best_k=0 best_src=prev_repos curr_cost=171775.09 repos_cost=180651.93 best_other=180651.93 met_progress=Y steps_since_improve=30 switches=0
[STEP] step=32 mode=free t=0.320s ee=(-0.001,-0.003,+0.148) obj=(+0.000,+0.000,+0.050) goal_dist=0.300m switch=kStayInRepos target=(-0.000,-0.002,+0.150) ee_stride=0.002m ee_to_ptarget=0.151m landing_err=0.1459m ik_ok=Y ik_resid=0.0004m q_max_resid_deg=1.30 target_changed=Y retgt=N held_idx=1 held_cost=180651.93 won_cost=180651.93 margin=+0.00 won_src=prev_repos held_valid=Y reason=hold setpoint_to_ptarget=nanm finished_val=nanm finished_thresh=0.0200m pd_resid=nanm nextwp_to_ptarget=nanm guide_terminal_err=nanm
[GATE-EVOLVE] step=32 curr=171775.09 best_other=180651.93 ratio=0.9509 ee_to_optimal=0.0756m phi=0.0226m
[STAGE-A-TRACE] step=32 sim_t=0.320 mode=free phi=0.02258 box_xy=+0.00000,+0.00000 lam_n_ee_box=nan qy=+0.00001 qz=-0.00000 finished_repos=0
[DRAKE-CONTACT] step=32 n_pairs=1 ee_box_normal=0.000
[GATE-CONTACT] step=32 F_W=(+0.0000,+0.0000,+0.0000) F_on_box=(-0.0000,-0.0000,-0.0000) n_face_out=(-0.0000,-0.0000,-0.0000) A_is_ee=0 box_q=(+1.00000,-0.00001,+0.00001,-0.00000) box_p=(+0.00000,+0.00000,+0.04999) ee_p=(-0.00051,-0.00276,+0.14757)
[ADMM-C3+] primal: 10.8324->4.9639  dual: 899.6131->21.0004  mono=False  iters=25/25  rho=50.0
[ADMM-C3+] WARNING non-converged: pr=4.9639 dr=21.0004 tol=1e-03
[C3+] step=96 |u[0]|=7.27N λ_n_max=0.759 η_n_max=1.879 primal=4.964 iters=25/25 lcp_res_max=9.32e-08
[ADMIT-GUARD] step=33 admit_active=0 latch=0/0 ee_z=0.148 gate_cap=0
[ALT-GATE] step=33 target_stable=0/0 allow_descent=1
[GS-tgt] step=33 ee=(-0.001,-0.003,+0.148) p_repos=(+0.046,+0.080,+0.030) ee_to_target=0.152m target_label=prev_repos target_changed=N delta=0.000m
[GS] step=33 mode=free switch=kStayInRepos best_k=0 best_src=prev_repos curr_cost=171779.04 repos_cost=180652.22 best_other=180652.22 met_progress=Y steps_since_improve=31 switches=0
[STEP] step=33 mode=free t=0.330s ee=(-0.001,-0.003,+0.148) obj=(+0.000,+0.000,+0.050) goal_dist=0.300m switch=kStayInRepos target=(+0.000,-0.001,+0.150) ee_stride=0.003m ee_to_ptarget=0.152m landing_err=0.1436m ik_ok=Y ik_resid=0.0006m q_max_resid_deg=1.99 target_changed=Y retgt=N held_idx=1 held_cost=180652.22 won_cost=180652.22 margin=+0.00 won_src=prev_repos held_valid=Y reason=hold setpoint_to_ptarget=nanm finished_val=nanm finished_thresh=0.0200m pd_resid=nanm nextwp_to_ptarget=nanm guide_terminal_err=nanm
[GATE-EVOLVE] step=33 curr=171779.04 best_other=180652.22 ratio=0.9509 ee_to_optimal=0.0758m phi=0.0232m
[STAGE-A-TRACE] step=33 sim_t=0.330 mode=free phi=0.02320 box_xy=+0.00000,+0.00000 lam_n_ee_box=nan qy=+0.00001 qz=-0.00000 finished_repos=0
[DRAKE-CONTACT] step=33 n_pairs=1 ee_box_normal=0.000
[GATE-CONTACT] step=33 F_W=(+0.0000,+0.0000,+0.0000) F_on_box=(-0.0000,-0.0000,-0.0000) n_face_out=(-0.0000,-0.0000,-0.0000) A_is_ee=0 box_q=(+1.00000,-0.00001,+0.00001,-0.00000) box_p=(+0.00000,+0.00000,+0.04999) ee_p=(-0.00069,-0.00317,+0.14819)
[ADMM-C3+] primal: 10.8324->4.9639  dual: 899.6131->21.0004  mono=False  iters=25/25  rho=50.0
[ADMM-C3+] WARNING non-converged: pr=4.9639 dr=21.0004 tol=1e-03
[C3+] step=99 |u[0]|=7.31N λ_n_max=0.759 η_n_max=1.879 primal=4.964 iters=25/25 lcp_res_max=9.32e-08
[ADMIT-GUARD] step=34 admit_active=0 latch=0/0 ee_z=0.149 gate_cap=0
[ALT-GATE] step=34 target_stable=0/0 allow_descent=1
[GS-tgt] step=34 ee=(-0.001,-0.003,+0.149) p_repos=(+0.046,+0.080,+0.030) ee_to_target=0.152m target_label=prev_repos target_changed=N delta=0.000m
[GS] step=34 mode=free switch=kStayInRepos best_k=0 best_src=prev_repos curr_cost=171781.33 repos_cost=180652.28 best_other=180652.28 met_progress=Y steps_since_improve=32 switches=0
[STEP] step=34 mode=free t=0.340s ee=(-0.001,-0.003,+0.149) obj=(+0.000,+0.000,+0.050) goal_dist=0.300m switch=kStayInRepos target=(+0.001,+0.001,+0.150) ee_stride=0.004m ee_to_ptarget=0.152m landing_err=0.1413m ik_ok=Y ik_resid=0.0009m q_max_resid_deg=2.60 target_changed=Y retgt=N held_idx=1 held_cost=180652.28 won_cost=180652.28 margin=+0.00 won_src=prev_repos held_valid=Y reason=hold setpoint_to_ptarget=nanm finished_val=nanm finished_thresh=0.0200m pd_resid=nanm nextwp_to_ptarget=nanm guide_terminal_err=nanm
[GATE-EVOLVE] step=34 curr=171781.33 best_other=180652.28 ratio=0.9509 ee_to_optimal=0.0756m phi=0.0240m
[STAGE-A-TRACE] step=34 sim_t=0.340 mode=free phi=0.02401 box_xy=+0.00000,+0.00000 lam_n_ee_box=nan qy=+0.00001 qz=-0.00000 finished_repos=0
[DRAKE-CONTACT] step=34 n_pairs=1 ee_box_normal=0.000
[GATE-CONTACT] step=34 F_W=(+0.0000,+0.0000,+0.0000) F_on_box=(-0.0000,-0.0000,-0.0000) n_face_out=(-0.0000,-0.0000,-0.0000) A_is_ee=0 box_q=(+1.00000,-0.00001,+0.00001,-0.00000) box_p=(+0.00000,+0.00000,+0.04999) ee_p=(-0.00056,-0.00307,+0.14900)
[ADMM-C3+] primal: 10.8324->4.9639  dual: 899.6131->21.0004  mono=False  iters=25/25  rho=50.0
[ADMM-C3+] WARNING non-converged: pr=4.9639 dr=21.0004 tol=1e-03
[C3+] step=102 |u[0]|=7.30N λ_n_max=0.759 η_n_max=1.879 primal=4.964 iters=25/25 lcp_res_max=9.32e-08
[ADMIT-GUARD] step=35 admit_active=0 latch=0/0 ee_z=0.150 gate_cap=0
[ALT-GATE] step=35 target_stable=0/0 allow_descent=1
[GS-tgt] step=35 ee=(-0.000,-0.002,+0.150) p_repos=(+0.046,+0.080,+0.030) ee_to_target=0.152m target_label=prev_repos target_changed=N delta=0.000m
[GS] step=35 mode=free switch=kStayInRepos best_k=0 best_src=prev_repos curr_cost=171780.29 repos_cost=180652.02 best_other=180652.02 met_progress=Y steps_since_improve=33 switches=0
[STEP] step=35 mode=free t=0.350s ee=(-0.000,-0.002,+0.150) obj=(+0.000,+0.000,+0.050) goal_dist=0.300m switch=kStayInRepos target=(+0.002,+0.002,+0.150) ee_stride=0.005m ee_to_ptarget=0.152m landing_err=0.1391m ik_ok=Y ik_resid=0.0001m q_max_resid_deg=3.31 target_changed=Y retgt=N held_idx=1 held_cost=180652.02 won_cost=180652.02 margin=+0.00 won_src=prev_repos held_valid=Y reason=hold setpoint_to_ptarget=nanm finished_val=nanm finished_thresh=0.0200m pd_resid=nanm nextwp_to_ptarget=nanm guide_terminal_err=nanm
[GATE-EVOLVE] step=35 curr=171780.29 best_other=180652.02 ratio=0.9509 ee_to_optimal=0.0751m phi=0.0246m
[STAGE-A-TRACE] step=35 sim_t=0.350 mode=free phi=0.02464 box_xy=+0.00000,+0.00000 lam_n_ee_box=nan qy=+0.00001 qz=-0.00000 finished_repos=0
[DRAKE-CONTACT] step=35 n_pairs=1 ee_box_normal=0.000
[GATE-CONTACT] step=35 F_W=(+0.0000,+0.0000,+0.0000) F_on_box=(-0.0000,-0.0000,-0.0000) n_face_out=(-0.0000,-0.0000,-0.0000) A_is_ee=0 box_q=(+1.00000,-0.00001,+0.00001,-0.00000) box_p=(+0.00000,+0.00000,+0.04999) ee_p=(-0.00007,-0.00238,+0.14963)
[ADMM-C3+] primal: 10.8324->4.9639  dual: 899.6131->21.0004  mono=False  iters=25/25  rho=50.0
[ADMM-C3+] WARNING non-converged: pr=4.9639 dr=21.0004 tol=1e-03
[C3+] step=105 |u[0]|=7.26N λ_n_max=0.759 η_n_max=1.879 primal=4.964 iters=25/25 lcp_res_max=9.32e-08
[ADMIT-GUARD] step=36 admit_active=0 latch=0/0 ee_z=0.150 gate_cap=0
[ALT-GATE] step=36 target_stable=0/0 allow_descent=1
[GS-tgt] step=36 ee=(+0.001,-0.001,+0.150) p_repos=(+0.046,+0.080,+0.030) ee_to_target=0.152m target_label=prev_repos target_changed=N delta=0.000m
[GS] step=36 mode=free switch=kStayInRepos best_k=0 best_src=prev_repos curr_cost=171777.73 repos_cost=180651.67 best_other=180651.67 met_progress=Y steps_since_improve=34 switches=0
[STEP] step=36 mode=free t=0.360s ee=(+0.001,-0.001,+0.150) obj=(+0.000,+0.000,+0.050) goal_dist=0.300m switch=kStayInRepos target=(+0.003,+0.004,+0.150) ee_stride=0.006m ee_to_ptarget=0.152m landing_err=0.1370m ik_ok=Y ik_resid=0.0001m q_max_resid_deg=3.78 target_changed=Y retgt=N held_idx=1 held_cost=180651.67 won_cost=180651.67 margin=+0.00 won_src=prev_repos held_valid=Y reason=hold setpoint_to_ptarget=nanm finished_val=nanm finished_thresh=0.0200m pd_resid=nanm nextwp_to_ptarget=nanm guide_terminal_err=nanm
[GATE-EVOLVE] step=36 curr=171777.73 best_other=180651.67 ratio=0.9509 ee_to_optimal=0.0743m phi=0.0251m
[STAGE-A-TRACE] step=36 sim_t=0.360 mode=free phi=0.02511 box_xy=+0.00000,+0.00000 lam_n_ee_box=nan qy=+0.00001 qz=-0.00000 finished_repos=0
[DRAKE-CONTACT] step=36 n_pairs=1 ee_box_normal=0.000
[GATE-CONTACT] step=36 F_W=(+0.0000,+0.0000,+0.0000) F_on_box=(-0.0000,-0.0000,-0.0000) n_face_out=(-0.0000,-0.0000,-0.0000) A_is_ee=0 box_q=(+1.00000,-0.00001,+0.00001,-0.00000) box_p=(+0.00000,+0.00000,+0.04999) ee_p=(+0.00068,-0.00127,+0.15011)
[ADMM-C3+] primal: 10.8324->4.9639  dual: 899.6131->21.0004  mono=False  iters=25/25  rho=50.0
[ADMM-C3+] WARNING non-converged: pr=4.9639 dr=21.0004 tol=1e-03
[C3+] step=108 |u[0]|=7.26N λ_n_max=0.759 η_n_max=1.879 primal=4.964 iters=25/25 lcp_res_max=9.32e-08
[ADMIT-GUARD] step=37 admit_active=0 latch=0/0 ee_z=0.150 gate_cap=0
[ALT-GATE] step=37 target_stable=0/0 allow_descent=1
[GS-tgt] step=37 ee=(+0.002,+0.000,+0.150) p_repos=(+0.046,+0.080,+0.030) ee_to_target=0.151m target_label=prev_repos target_changed=N delta=0.000m
[GS] step=37 mode=free switch=kStayInRepos best_k=0 best_src=prev_repos curr_cost=141777.67 repos_cost=180651.84 best_other=180651.84 met_progress=Y steps_since_improve=35 switches=0
[STEP] step=37 mode=free t=0.370s ee=(+0.002,+0.000,+0.150) obj=(+0.000,+0.000,+0.050) goal_dist=0.300m switch=kStayInRepos target=(+0.004,+0.005,+0.150) ee_stride=0.006m ee_to_ptarget=0.151m landing_err=0.1350m ik_ok=Y ik_resid=0.0001m q_max_resid_deg=4.19 target_changed=Y retgt=N held_idx=1 held_cost=180651.84 won_cost=180651.84 margin=+0.00 won_src=prev_repos held_valid=Y reason=hold setpoint_to_ptarget=nanm finished_val=nanm finished_thresh=0.0200m pd_resid=nanm nextwp_to_ptarget=nanm guide_terminal_err=nanm
[GATE-EVOLVE] step=37 curr=141777.67 best_other=180651.84 ratio=0.7848 ee_to_optimal=0.0734m phi=0.0255m
[STAGE-A-TRACE] step=37 sim_t=0.370 mode=free phi=0.02546 box_xy=+0.00000,+0.00000 lam_n_ee_box=nan qy=+0.00001 qz=-0.00000 finished_repos=0
[DRAKE-CONTACT] step=37 n_pairs=1 ee_box_normal=0.000
[GATE-CONTACT] step=37 F_W=(+0.0000,+0.0000,+0.0000) F_on_box=(-0.0000,-0.0000,-0.0000) n_face_out=(-0.0000,-0.0000,-0.0000) A_is_ee=0 box_q=(+1.00000,-0.00001,+0.00001,-0.00000) box_p=(+0.00000,+0.00000,+0.04999) ee_p=(+0.00159,+0.00014,+0.15045)
[ADMM-C3+] primal: 10.8324->4.9639  dual: 899.6131->21.0004  mono=False  iters=25/25  rho=50.0
[ADMM-C3+] WARNING non-converged: pr=4.9639 dr=21.0004 tol=1e-03
[C3+] step=111 |u[0]|=7.31N λ_n_max=0.759 η_n_max=1.879 primal=4.964 iters=25/25 lcp_res_max=9.32e-08
[ADMIT-GUARD] step=38 admit_active=0 latch=0/0 ee_z=0.151 gate_cap=0
[ALT-GATE] step=38 target_stable=0/0 allow_descent=1
[GS-tgt] step=38 ee=(+0.003,+0.002,+0.151) p_repos=(+0.046,+0.080,+0.030) ee_to_target=0.150m target_label=prev_repos target_changed=N delta=0.000m
[GS] step=38 mode=free switch=kStayInRepos best_k=0 best_src=prev_repos curr_cost=141781.10 repos_cost=180653.44 best_other=180653.44 met_progress=Y steps_since_improve=36 switches=0
[STEP] step=38 mode=free t=0.380s ee=(+0.003,+0.002,+0.151) obj=(+0.000,+0.000,+0.050) goal_dist=0.300m switch=kStayInRepos target=(+0.005,+0.007,+0.150) ee_stride=0.006m ee_to_ptarget=0.150m landing_err=0.1331m ik_ok=Y ik_resid=0.0001m q_max_resid_deg=4.57 target_changed=Y retgt=N held_idx=1 held_cost=180653.44 won_cost=180653.44 margin=+0.00 won_src=prev_repos held_valid=Y reason=hold setpoint_to_ptarget=nanm finished_val=nanm finished_thresh=0.0200m pd_resid=nanm nextwp_to_ptarget=nanm guide_terminal_err=nanm
[GATE-EVOLVE] step=38 curr=141781.10 best_other=180653.44 ratio=0.7848 ee_to_optimal=0.0724m phi=0.0257m
[STAGE-A-TRACE] step=38 sim_t=0.380 mode=free phi=0.02570 box_xy=+0.00000,+0.00000 lam_n_ee_box=nan qy=+0.00001 qz=-0.00000 finished_repos=0
[DRAKE-CONTACT] step=38 n_pairs=1 ee_box_normal=0.000
[GATE-CONTACT] step=38 F_W=(+0.0000,+0.0000,+0.0000) F_on_box=(-0.0000,-0.0000,-0.0000) n_face_out=(-0.0000,-0.0000,-0.0000) A_is_ee=0 box_q=(+1.00000,-0.00001,+0.00001,-0.00000) box_p=(+0.00000,+0.00000,+0.04999) ee_p=(+0.00258,+0.00176,+0.15069)
[ADMM-C3+] primal: 10.8324->4.9639  dual: 899.6131->21.0004  mono=False  iters=25/25  rho=50.0
[ADMM-C3+] WARNING non-converged: pr=4.9639 dr=21.0004 tol=1e-03
[C3+] step=114 |u[0]|=7.38N λ_n_max=0.759 η_n_max=1.879 primal=4.964 iters=25/25 lcp_res_max=9.32e-08
[ADMIT-GUARD] step=39 admit_active=0 latch=0/0 ee_z=0.151 gate_cap=0
[ALT-GATE] step=39 target_stable=0/0 allow_descent=1
[GS-tgt] step=39 ee=(+0.004,+0.004,+0.151) p_repos=(+0.046,+0.080,+0.030) ee_to_target=0.149m target_label=prev_repos target_changed=N delta=0.000m
[GS] step=39 mode=free switch=kStayInRepos best_k=0 best_src=prev_repos curr_cost=141785.52 repos_cost=180656.76 best_other=180656.76 met_progress=Y steps_since_improve=37 switches=0
[STEP] step=39 mode=free t=0.390s ee=(+0.004,+0.004,+0.151) obj=(+0.000,+0.000,+0.050) goal_dist=0.300m switch=kStayInRepos target=(+0.006,+0.009,+0.150) ee_stride=0.006m ee_to_ptarget=0.149m landing_err=0.1313m ik_ok=Y ik_resid=0.0001m q_max_resid_deg=4.91 target_changed=Y retgt=N held_idx=1 held_cost=180656.76 won_cost=180656.76 margin=+0.00 won_src=prev_repos held_valid=Y reason=hold setpoint_to_ptarget=nanm finished_val=nanm finished_thresh=0.0200m pd_resid=nanm nextwp_to_ptarget=nanm guide_terminal_err=nanm
[GATE-EVOLVE] step=39 curr=141785.52 best_other=180656.76 ratio=0.7848 ee_to_optimal=0.0715m phi=0.0259m
[STAGE-A-TRACE] step=39 sim_t=0.390 mode=free phi=0.02586 box_xy=+0.00000,+0.00000 lam_n_ee_box=nan qy=+0.00001 qz=-0.00000 finished_repos=0
[DRAKE-CONTACT] step=39 n_pairs=1 ee_box_normal=0.000
[GATE-CONTACT] step=39 F_W=(+0.0000,+0.0000,+0.0000) F_on_box=(-0.0000,-0.0000,-0.0000) n_face_out=(-0.0000,-0.0000,-0.0000) A_is_ee=0 box_q=(+1.00000,-0.00001,+0.00001,-0.00000) box_p=(+0.00000,+0.00000,+0.04999) ee_p=(+0.00364,+0.00352,+0.15085)
[LATERAL] perp=5.4mm scale=50.0mm strength=0.11 shift_mm=(+0.0,-0.6)
[ADMM-C3+] primal: 10.8324->4.9639  dual: 899.6131->21.0004  mono=False  iters=25/25  rho=50.0
[ADMM-C3+] WARNING non-converged: pr=4.9639 dr=21.0004 tol=1e-03
[C3+] step=117 |u[0]|=7.46N λ_n_max=0.759 η_n_max=1.879 primal=4.964 iters=25/25 lcp_res_max=9.32e-08
[ADMIT-GUARD] step=40 admit_active=0 latch=0/0 ee_z=0.151 gate_cap=0
[ALT-GATE] step=40 target_stable=0/0 allow_descent=1
[GS-tgt] step=40 ee=(+0.005,+0.005,+0.151) p_repos=(+0.046,+0.080,+0.030) ee_to_target=0.148m target_label=prev_repos target_changed=N delta=0.000m
[IMP] step=40 mode=free |x_err|=0.0052m |tau_imp|=3.28Nm |tau_ff|=0.00Nm |tau_out|=3.28Nm sat=False lam_n=False lam_t=False
[GS] step=40 mode=free switch=kStayInRepos best_k=0 best_src=prev_repos curr_cost=171790.28 repos_cost=180661.89 best_other=180661.89 met_progress=Y steps_since_improve=38 switches=0
[STEP] step=40 mode=free t=0.400s ee=(+0.005,+0.005,+0.151) obj=(+0.000,+0.000,+0.050) goal_dist=0.300m switch=kStayInRepos target=(+0.007,+0.010,+0.150) ee_stride=0.005m ee_to_ptarget=0.148m landing_err=0.1296m ik_ok=Y ik_resid=0.0001m q_max_resid_deg=5.25 target_changed=Y retgt=N held_idx=1 held_cost=180661.89 won_cost=180661.89 margin=+0.00 won_src=prev_repos held_valid=Y reason=hold setpoint_to_ptarget=nanm finished_val=nanm finished_thresh=0.0200m pd_resid=nanm nextwp_to_ptarget=nanm guide_terminal_err=nanm
[GATE-EVOLVE] step=40 curr=171790.28 best_other=180661.89 ratio=0.9509 ee_to_optimal=0.0705m phi=0.0260m
[STAGE-A-TRACE] step=40 sim_t=0.400 mode=free phi=0.02596 box_xy=+0.00000,+0.00000 lam_n_ee_box=nan qy=+0.00001 qz=-0.00000 finished_repos=0
[GS-table] step=40
  k=0 (current   ) pos=(+0.005,+0.005,+0.151) c_C3= 171790.43 align=0.0000(bonus=    0.15) rot=+0.0000(bonus=    0.00) travel=0.000m(pen=  0.00) c_sample= 171790.28 feas=Y ik_err=0.0000m  ← WIN
  k=1 (prev_repos) pos=(+0.046,+0.080,+0.030) c_C3= 180632.45 align=0.0000(bonus=    0.15) rot=+0.0000(bonus=    0.00) travel=0.148m(pen= 29.60) c_sample= 180661.89 feas=Y ik_err=0.0000m
  k=2 (strat_0   ) pos=(+0.046,+0.080,+0.030) c_C3= 180632.45 align=0.0000(bonus=    0.15) rot=+0.0000(bonus=    0.00) travel=0.148m(pen= 29.60) c_sample= 180661.89 feas=Y ik_err=0.0000m
[DRAKE-CONTACT] step=40 n_pairs=1 ee_box_normal=0.000
[GATE-CONTACT] step=40 F_W=(+0.0000,+0.0000,+0.0000) F_on_box=(-0.0000,-0.0000,-0.0000) n_face_out=(-0.0000,-0.0000,-0.0000) A_is_ee=0 box_q=(+1.00000,-0.00001,+0.00001,-0.00000) box_p=(+0.00000,+0.00000,+0.04999) ee_p=(+0.00471,+0.00536,+0.15095)
[LATERAL] perp=7.3mm scale=50.0mm strength=0.15 shift_mm=(+0.0,-1.1)
[ADMM-C3+] primal: 10.8324->4.9639  dual: 899.6131->21.0004  mono=False  iters=25/25  rho=50.0
[ADMM-C3+] WARNING non-converged: pr=4.9639 dr=21.0004 tol=1e-03
[C3+] step=120 |u[0]|=7.54N λ_n_max=0.759 η_n_max=1.879 primal=4.964 iters=25/25 lcp_res_max=9.32e-08
[ADMIT-GUARD] step=41 admit_active=0 latch=0/0 ee_z=0.151 gate_cap=0
[ALT-GATE] step=41 target_stable=0/0 allow_descent=1
[GS-tgt] step=41 ee=(+0.006,+0.007,+0.151) p_repos=(+0.046,+0.080,+0.030) ee_to_target=0.147m target_label=prev_repos target_changed=N delta=0.000m
[GS] step=41 mode=free switch=kStayInRepos best_k=0 best_src=prev_repos curr_cost=171795.60 repos_cost=180668.92 best_other=180668.92 met_progress=Y steps_since_improve=39 switches=0
[STEP] step=41 mode=free t=0.410s ee=(+0.006,+0.007,+0.151) obj=(+0.000,+0.000,+0.050) goal_dist=0.300m switch=kStayInRepos target=(+0.008,+0.012,+0.150) ee_stride=0.005m ee_to_ptarget=0.147m landing_err=0.1280m ik_ok=Y ik_resid=0.0001m q_max_resid_deg=5.57 target_changed=Y retgt=N held_idx=1 held_cost=180668.92 won_cost=180668.92 margin=+0.00 won_src=prev_repos held_valid=Y reason=hold setpoint_to_ptarget=nanm finished_val=nanm finished_thresh=0.0200m pd_resid=nanm nextwp_to_ptarget=nanm guide_terminal_err=nanm
[GATE-EVOLVE] step=41 curr=171795.60 best_other=180668.92 ratio=0.9509 ee_to_optimal=0.0696m phi=0.0260m
[STAGE-A-TRACE] step=41 sim_t=0.410 mode=free phi=0.02601 box_xy=+0.00000,+0.00000 lam_n_ee_box=nan qy=+0.00001 qz=-0.00000 finished_repos=0
[DRAKE-CONTACT] step=41 n_pairs=1 ee_box_normal=0.000
[GATE-CONTACT] step=41 F_W=(+0.0000,+0.0000,+0.0000) F_on_box=(-0.0000,-0.0000,-0.0000) n_face_out=(-0.0000,-0.0000,-0.0000) A_is_ee=0 box_q=(+1.00000,-0.00001,+0.00001,-0.00000) box_p=(+0.00000,+0.00000,+0.04999) ee_p=(+0.00579,+0.00726,+0.15100)
[LATERAL] perp=9.2mm scale=50.0mm strength=0.18 shift_mm=(+0.0,-1.7)
[ADMM-C3+] primal: 10.8324->4.9639  dual: 899.6131->21.0004  mono=False  iters=25/25  rho=50.0
[ADMM-C3+] WARNING non-converged: pr=4.9639 dr=21.0004 tol=1e-03
[C3+] step=123 |u[0]|=7.62N λ_n_max=0.759 η_n_max=1.879 primal=4.964 iters=25/25 lcp_res_max=9.32e-08
[ADMIT-GUARD] step=42 admit_active=0 latch=0/0 ee_z=0.151 gate_cap=0
[ALT-GATE] step=42 target_stable=0/0 allow_descent=1
[GS-tgt] step=42 ee=(+0.007,+0.009,+0.151) p_repos=(+0.046,+0.080,+0.030) ee_to_target=0.146m target_label=prev_repos target_changed=N delta=0.000m
[GS] step=42 mode=free switch=kStayInRepos best_k=0 best_src=prev_repos curr_cost=171801.35 repos_cost=180677.83 best_other=180677.83 met_progress=Y steps_since_improve=40 switches=0
[STEP] step=42 mode=free t=0.420s ee=(+0.007,+0.009,+0.151) obj=(+0.000,+0.000,+0.050) goal_dist=0.300m switch=kStayInRepos target=(+0.008,+0.013,+0.150) ee_stride=0.005m ee_to_ptarget=0.146m landing_err=0.1265m ik_ok=Y ik_resid=0.0001m q_max_resid_deg=5.89 target_changed=Y retgt=N held_idx=1 held_cost=180677.83 won_cost=180677.83 margin=+0.00 won_src=prev_repos held_valid=Y reason=hold setpoint_to_ptarget=nanm finished_val=nanm finished_thresh=0.0200m pd_resid=nanm nextwp_to_ptarget=nanm guide_terminal_err=nanm
[GATE-EVOLVE] step=42 curr=171801.35 best_other=180677.83 ratio=0.9509 ee_to_optimal=0.0687m phi=0.0260m
[STAGE-A-TRACE] step=42 sim_t=0.420 mode=free phi=0.02602 box_xy=+0.00000,+0.00000 lam_n_ee_box=nan qy=+0.00001 qz=-0.00000 finished_repos=0
[DRAKE-CONTACT] step=42 n_pairs=1 ee_box_normal=0.000
[GATE-CONTACT] step=42 F_W=(+0.0000,+0.0000,+0.0000) F_on_box=(-0.0000,-0.0000,-0.0000) n_face_out=(-0.0000,-0.0000,-0.0000) A_is_ee=0 box_q=(+1.00000,-0.00001,+0.00001,-0.00000) box_p=(+0.00000,+0.00000,+0.04999) ee_p=(+0.00687,+0.00917,+0.15101)
[LATERAL] perp=11.1mm scale=50.0mm strength=0.22 shift_mm=(+0.0,-2.5)
[ADMM-C3+] primal: 10.8324->4.9639  dual: 899.6131->21.0004  mono=False  iters=25/25  rho=50.0
[ADMM-C3+] WARNING non-converged: pr=4.9639 dr=21.0004 tol=1e-03
[C3+] step=126 |u[0]|=7.71N λ_n_max=0.759 η_n_max=1.879 primal=4.964 iters=25/25 lcp_res_max=9.32e-08
[ADMIT-GUARD] step=43 admit_active=0 latch=0/0 ee_z=0.151 gate_cap=0
[ALT-GATE] step=43 target_stable=0/0 allow_descent=1
[GS-tgt] step=43 ee=(+0.008,+0.011,+0.151) p_repos=(+0.046,+0.080,+0.030) ee_to_target=0.144m target_label=prev_repos target_changed=N delta=0.000m
[GS] step=43 mode=free switch=kStayInRepos best_k=0 best_src=prev_repos curr_cost=171807.55 repos_cost=180688.61 best_other=180688.61 met_progress=Y steps_since_improve=41 switches=0
[STEP] step=43 mode=free t=0.430s ee=(+0.008,+0.011,+0.151) obj=(+0.000,+0.000,+0.050) goal_dist=0.300m switch=kStayInRepos target=(+0.009,+0.015,+0.150) ee_stride=0.004m ee_to_ptarget=0.144m landing_err=0.1251m ik_ok=Y ik_resid=0.0001m q_max_resid_deg=6.22 target_changed=Y retgt=N held_idx=1 held_cost=180688.61 won_cost=180688.61 margin=+0.00 won_src=prev_repos held_valid=Y reason=hold setpoint_to_ptarget=nanm finished_val=nanm finished_thresh=0.0200m pd_resid=nanm nextwp_to_ptarget=nanm guide_terminal_err=nanm
[GATE-EVOLVE] step=43 curr=171807.55 best_other=180688.61 ratio=0.9508 ee_to_optimal=0.0680m phi=0.0260m
[STAGE-A-TRACE] step=43 sim_t=0.430 mode=free phi=0.02601 box_xy=+0.00000,+0.00000 lam_n_ee_box=nan qy=+0.00001 qz=-0.00000 finished_repos=0
[DRAKE-CONTACT] step=43 n_pairs=1 ee_box_normal=0.000
[GATE-CONTACT] step=43 F_W=(+0.0000,+0.0000,+0.0000) F_on_box=(-0.0000,-0.0000,-0.0000) n_face_out=(-0.0000,-0.0000,-0.0000) A_is_ee=0 box_q=(+1.00000,-0.00001,+0.00001,-0.00000) box_p=(+0.00000,+0.00000,+0.04999) ee_p=(+0.00794,+0.01109,+0.15100)
[LATERAL] perp=13.0mm scale=50.0mm strength=0.26 shift_mm=(+0.0,-3.4)
[ADMM-C3+] primal: 10.8324->4.9639  dual: 899.6131->21.0004  mono=False  iters=25/25  rho=50.0
[ADMM-C3+] WARNING non-converged: pr=4.9639 dr=21.0004 tol=1e-03
[C3+] step=129 |u[0]|=7.81N λ_n_max=0.759 η_n_max=1.879 primal=4.964 iters=25/25 lcp_res_max=9.32e-08
[ADMIT-GUARD] step=44 admit_active=0 latch=0/0 ee_z=0.151 gate_cap=0
[ALT-GATE] step=44 target_stable=0/0 allow_descent=1
[GS-tgt] step=44 ee=(+0.009,+0.013,+0.151) p_repos=(+0.046,+0.080,+0.030) ee_to_target=0.143m target_label=prev_repos target_changed=N delta=0.000m
[GS] step=44 mode=free switch=kStayInRepos best_k=0 best_src=prev_repos curr_cost=171814.20 repos_cost=180701.20 best_other=180701.20 met_progress=Y steps_since_improve=42 switches=0
[STEP] step=44 mode=free t=0.440s ee=(+0.009,+0.013,+0.151) obj=(+0.000,+0.000,+0.050) goal_dist=0.300m switch=kStayInRepos target=(+0.010,+0.016,+0.150) ee_stride=0.004m ee_to_ptarget=0.143m landing_err=0.1238m ik_ok=Y ik_resid=0.0001m q_max_resid_deg=6.55 target_changed=Y retgt=N held_idx=1 held_cost=180701.20 won_cost=180701.20 margin=+0.00 won_src=prev_repos held_valid=Y reason=hold setpoint_to_ptarget=nanm finished_val=nanm finished_thresh=0.0200m pd_resid=nanm nextwp_to_ptarget=nanm guide_terminal_err=nanm
[GATE-EVOLVE] step=44 curr=171814.20 best_other=180701.20 ratio=0.9508 ee_to_optimal=0.0673m phi=0.0260m
[STAGE-A-TRACE] step=44 sim_t=0.440 mode=free phi=0.02598 box_xy=+0.00000,+0.00000 lam_n_ee_box=nan qy=+0.00001 qz=-0.00000 finished_repos=0
[DRAKE-CONTACT] step=44 n_pairs=1 ee_box_normal=0.000
[GATE-CONTACT] step=44 F_W=(+0.0000,+0.0000,+0.0000) F_on_box=(-0.0000,-0.0000,-0.0000) n_face_out=(-0.0000,-0.0000,-0.0000) A_is_ee=0 box_q=(+1.00000,-0.00001,+0.00001,-0.00000) box_p=(+0.00000,+0.00000,+0.04999) ee_p=(+0.00899,+0.01300,+0.15098)
[LATERAL] perp=14.9mm scale=50.0mm strength=0.30 shift_mm=(+0.0,-4.4)
[ADMM-C3+] primal: 10.8324->4.9639  dual: 899.6131->21.0004  mono=False  iters=25/25  rho=50.0
[ADMM-C3+] WARNING non-converged: pr=4.9639 dr=21.0004 tol=1e-03
[C3+] step=132 |u[0]|=7.91N λ_n_max=0.759 η_n_max=1.879 primal=4.964 iters=25/25 lcp_res_max=9.32e-08
[ADMIT-GUARD] step=45 admit_active=0 latch=0/0 ee_z=0.151 gate_cap=0
[ALT-GATE] step=45 target_stable=0/0 allow_descent=1
[GS-tgt] step=45 ee=(+0.010,+0.015,+0.151) p_repos=(+0.046,+0.080,+0.030) ee_to_target=0.142m target_label=prev_repos target_changed=N delta=0.000m
[GS] step=45 mode=free switch=kStayInRepos best_k=0 best_src=prev_repos curr_cost=171821.35 repos_cost=180715.53 best_other=180715.53 met_progress=Y steps_since_improve=43 switches=0
[STEP] step=45 mode=free t=0.450s ee=(+0.010,+0.015,+0.151) obj=(+0.000,+0.000,+0.050) goal_dist=0.300m switch=kStayInRepos target=(+0.011,+0.018,+0.150) ee_stride=0.003m ee_to_ptarget=0.142m landing_err=0.1226m ik_ok=Y ik_resid=0.0001m q_max_resid_deg=6.88 target_changed=Y retgt=N held_idx=1 held_cost=180715.53 won_cost=180715.53 margin=+0.00 won_src=prev_repos held_valid=Y reason=hold setpoint_to_ptarget=nanm finished_val=nanm finished_thresh=0.0200m pd_resid=nanm nextwp_to_ptarget=nanm guide_terminal_err=nanm
[GATE-EVOLVE] step=45 curr=171821.35 best_other=180715.53 ratio=0.9508 ee_to_optimal=0.0667m phi=0.0259m
[STAGE-A-TRACE] step=45 sim_t=0.450 mode=free phi=0.02595 box_xy=+0.00000,+0.00000 lam_n_ee_box=nan qy=+0.00001 qz=+0.00000 finished_repos=0
[DRAKE-CONTACT] step=45 n_pairs=1 ee_box_normal=0.000
[GATE-CONTACT] step=45 F_W=(+0.0000,+0.0000,+0.0000) F_on_box=(-0.0000,-0.0000,-0.0000) n_face_out=(-0.0000,-0.0000,-0.0000) A_is_ee=0 box_q=(+1.00000,-0.00001,+0.00001,+0.00000) box_p=(+0.00000,+0.00000,+0.04999) ee_p=(+0.01003,+0.01490,+0.15094)
[LATERAL] perp=16.8mm scale=50.0mm strength=0.34 shift_mm=(+0.0,-5.6)
[ADMM-C3+] primal: 10.8324->4.9639  dual: 899.6131->21.0004  mono=False  iters=25/25  rho=50.0
[ADMM-C3+] WARNING non-converged: pr=4.9639 dr=21.0004 tol=1e-03
[C3+] step=135 |u[0]|=8.02N λ_n_max=0.759 η_n_max=1.879 primal=4.964 iters=25/25 lcp_res_max=9.32e-08
[ADMIT-GUARD] step=46 admit_active=0 latch=0/0 ee_z=0.151 gate_cap=0
[ALT-GATE] step=46 target_stable=0/0 allow_descent=1
[GS-tgt] step=46 ee=(+0.011,+0.017,+0.151) p_repos=(+0.046,+0.080,+0.030) ee_to_target=0.141m target_label=prev_repos target_changed=N delta=0.000m
[GS] step=46 mode=free switch=kStayInRepos best_k=0 best_src=prev_repos curr_cost=171829.00 repos_cost=180731.55 best_other=180731.55 met_progress=Y steps_since_improve=44 switches=0
[STEP] step=46 mode=free t=0.460s ee=(+0.011,+0.017,+0.151) obj=(+0.000,+0.000,+0.050) goal_dist=0.300m switch=kStayInRepos target=(+0.012,+0.020,+0.150) ee_stride=0.003m ee_to_ptarget=0.141m landing_err=0.1215m ik_ok=Y ik_resid=0.0002m q_max_resid_deg=7.23 target_changed=Y retgt=N held_idx=1 held_cost=180731.55 won_cost=180731.55 margin=+0.00 won_src=prev_repos held_valid=Y reason=hold setpoint_to_ptarget=nanm finished_val=nanm finished_thresh=0.0200m pd_resid=nanm nextwp_to_ptarget=nanm guide_terminal_err=nanm
[GATE-EVOLVE] step=46 curr=171829.00 best_other=180731.55 ratio=0.9507 ee_to_optimal=0.0661m phi=0.0259m
[STAGE-A-TRACE] step=46 sim_t=0.460 mode=free phi=0.02590 box_xy=+0.00000,+0.00000 lam_n_ee_box=nan qy=+0.00001 qz=-0.00000 finished_repos=0
[DRAKE-CONTACT] step=46 n_pairs=1 ee_box_normal=0.000
[GATE-CONTACT] step=46 F_W=(+0.0000,+0.0000,+0.0000) F_on_box=(-0.0000,-0.0000,-0.0000) n_face_out=(-0.0000,-0.0000,-0.0000) A_is_ee=0 box_q=(+1.00000,-0.00001,+0.00001,-0.00000) box_p=(+0.00000,+0.00000,+0.04999) ee_p=(+0.01105,+0.01677,+0.15089)
[LATERAL] perp=18.6mm scale=50.0mm strength=0.37 shift_mm=(+0.0,-6.9)
[ADMM-C3+] primal: 10.8324->4.9639  dual: 899.6131->21.0004  mono=False  iters=25/25  rho=50.0
[ADMM-C3+] WARNING non-converged: pr=4.9639 dr=21.0004 tol=1e-03
[C3+] step=138 |u[0]|=8.13N λ_n_max=0.759 η_n_max=1.879 primal=4.964 iters=25/25 lcp_res_max=9.32e-08
[ADMIT-GUARD] step=47 admit_active=0 latch=0/0 ee_z=0.151 gate_cap=0
[ALT-GATE] step=47 target_stable=0/0 allow_descent=1
[GS-tgt] step=47 ee=(+0.012,+0.019,+0.151) p_repos=(+0.046,+0.080,+0.030) ee_to_target=0.140m target_label=prev_repos target_changed=N delta=0.000m
[GS] step=47 mode=free switch=kStayInRepos best_k=0 best_src=prev_repos curr_cost=171837.19 repos_cost=180749.20 best_other=180749.20 met_progress=Y steps_since_improve=45 switches=0
[STEP] step=47 mode=free t=0.470s ee=(+0.012,+0.019,+0.151) obj=(+0.000,+0.000,+0.050) goal_dist=0.300m switch=kStayInRepos target=(+0.013,+0.021,+0.150) ee_stride=0.003m ee_to_ptarget=0.140m landing_err=0.1206m ik_ok=Y ik_resid=0.0002m q_max_resid_deg=7.58 target_changed=Y retgt=N held_idx=1 held_cost=180749.20 won_cost=180749.20 margin=+0.00 won_src=prev_repos held_valid=Y reason=hold setpoint_to_ptarget=nanm finished_val=nanm finished_thresh=0.0200m pd_resid=nanm nextwp_to_ptarget=nanm guide_terminal_err=nanm
[GATE-EVOLVE] step=47 curr=171837.19 best_other=180749.20 ratio=0.9507 ee_to_optimal=0.0656m phi=0.0259m
[STAGE-A-TRACE] step=47 sim_t=0.470 mode=free phi=0.02586 box_xy=+0.00000,+0.00000 lam_n_ee_box=nan qy=+0.00001 qz=-0.00000 finished_repos=0
[DRAKE-CONTACT] step=47 n_pairs=1 ee_box_normal=0.000
[GATE-CONTACT] step=47 F_W=(+0.0000,+0.0000,+0.0000) F_on_box=(-0.0000,-0.0000,-0.0000) n_face_out=(-0.0000,-0.0000,-0.0000) A_is_ee=0 box_q=(+1.00000,-0.00001,+0.00001,-0.00000) box_p=(+0.00000,+0.00000,+0.04999) ee_p=(+0.01205,+0.01861,+0.15085)
[LATERAL] perp=20.4mm scale=50.0mm strength=0.41 shift_mm=(+0.0,-8.3)
[ADMM-C3+] primal: 10.8324->4.9639  dual: 899.6131->21.0004  mono=False  iters=25/25  rho=50.0
[ADMM-C3+] WARNING non-converged: pr=4.9639 dr=21.0004 tol=1e-03
[C3+] step=141 |u[0]|=8.25N λ_n_max=0.759 η_n_max=1.879 primal=4.964 iters=25/25 lcp_res_max=9.32e-08
[ADMIT-GUARD] step=48 admit_active=0 latch=0/0 ee_z=0.151 gate_cap=0
[ALT-GATE] step=48 target_stable=0/0 allow_descent=1
[GS-tgt] step=48 ee=(+0.013,+0.020,+0.151) p_repos=(+0.046,+0.080,+0.030) ee_to_target=0.139m target_label=prev_repos target_changed=N delta=0.000m
[GS] step=48 mode=free switch=kStayInRepos best_k=0 best_src=prev_repos curr_cost=171845.92 repos_cost=180768.44 best_other=180768.44 met_progress=Y steps_since_improve=46 switches=0
[STEP] step=48 mode=free t=0.480s ee=(+0.013,+0.020,+0.151) obj=(+0.000,+0.000,+0.050) goal_dist=0.300m switch=kStayInRepos target=(+0.014,+0.023,+0.150) ee_stride=0.002m ee_to_ptarget=0.139m landing_err=0.1198m ik_ok=Y ik_resid=0.0002m q_max_resid_deg=7.94 target_changed=Y retgt=N held_idx=1 held_cost=180768.44 won_cost=180768.44 margin=+0.00 won_src=prev_repos held_valid=Y reason=hold setpoint_to_ptarget=nanm finished_val=nanm finished_thresh=0.0200m pd_resid=nanm nextwp_to_ptarget=nanm guide_terminal_err=nanm
[GATE-EVOLVE] step=48 curr=171845.92 best_other=180768.44 ratio=0.9506 ee_to_optimal=0.0652m phi=0.0258m
[STAGE-A-TRACE] step=48 sim_t=0.480 mode=free phi=0.02581 box_xy=+0.00000,+0.00000 lam_n_ee_box=nan qy=+0.00001 qz=-0.00000 finished_repos=0
[DRAKE-CONTACT] step=48 n_pairs=1 ee_box_normal=0.000
[GATE-CONTACT] step=48 F_W=(+0.0000,+0.0000,+0.0000) F_on_box=(-0.0000,-0.0000,-0.0000) n_face_out=(-0.0000,-0.0000,-0.0000) A_is_ee=0 box_q=(+1.00000,-0.00001,+0.00001,-0.00000) box_p=(+0.00000,+0.00000,+0.04999) ee_p=(+0.01304,+0.02043,+0.15080)
[LATERAL] perp=22.2mm scale=50.0mm strength=0.44 shift_mm=(+0.0,-9.9)
[ADMM-C3+] primal: 10.8324->4.9639  dual: 899.6131->21.0004  mono=False  iters=25/25  rho=50.0
[ADMM-C3+] WARNING non-converged: pr=4.9639 dr=21.0004 tol=1e-03
[C3+] step=144 |u[0]|=8.38N λ_n_max=0.759 η_n_max=1.879 primal=4.964 iters=25/25 lcp_res_max=9.32e-08
[ADMIT-GUARD] step=49 admit_active=0 latch=0/0 ee_z=0.151 gate_cap=0
[ALT-GATE] step=49 target_stable=0/0 allow_descent=1
[GS-tgt] step=49 ee=(+0.014,+0.022,+0.151) p_repos=(+0.046,+0.080,+0.030) ee_to_target=0.138m target_label=prev_repos target_changed=N delta=0.000m
[GS] step=49 mode=free switch=kStayInRepos best_k=0 best_src=prev_repos curr_cost=171855.24 repos_cost=180769.67 best_other=180769.67 met_progress=Y steps_since_improve=47 switches=0
[STEP] step=49 mode=free t=0.490s ee=(+0.014,+0.022,+0.151) obj=(+0.000,+0.000,+0.050) goal_dist=0.300m switch=kStayInRepos target=(+0.015,+0.024,+0.150) ee_stride=0.002m ee_to_ptarget=0.138m landing_err=0.1191m ik_ok=Y ik_resid=0.0002m q_max_resid_deg=8.31 target_changed=Y retgt=N held_idx=1 held_cost=180769.67 won_cost=180769.67 margin=+0.00 won_src=prev_repos held_valid=Y reason=hold setpoint_to_ptarget=nanm finished_val=nanm finished_thresh=0.0200m pd_resid=nanm nextwp_to_ptarget=nanm guide_terminal_err=nanm
[GATE-EVOLVE] step=49 curr=171855.24 best_other=180769.67 ratio=0.9507 ee_to_optimal=0.0649m phi=0.0258m
[STAGE-A-TRACE] step=49 sim_t=0.490 mode=free phi=0.02577 box_xy=+0.00000,+0.00000 lam_n_ee_box=nan qy=+0.00001 qz=-0.00000 finished_repos=0
[DRAKE-CONTACT] step=49 n_pairs=1 ee_box_normal=0.000
[GATE-CONTACT] step=49 F_W=(+0.0000,+0.0000,+0.0000) F_on_box=(-0.0000,-0.0000,-0.0000) n_face_out=(-0.0000,-0.0000,-0.0000) A_is_ee=0 box_q=(+1.00000,-0.00001,+0.00001,-0.00000) box_p=(+0.00000,+0.00000,+0.04999) ee_p=(+0.01402,+0.02222,+0.15076)
[LATERAL] perp=24.0mm scale=50.0mm strength=0.48 shift_mm=(+0.0,-11.5)
[ADMM-C3+] primal: 10.8324->4.9639  dual: 899.6131->21.0004  mono=False  iters=25/25  rho=50.0
[ADMM-C3+] WARNING non-converged: pr=4.9639 dr=21.0004 tol=1e-03
[C3+] step=147 |u[0]|=8.51N λ_n_max=0.759 η_n_max=1.879 primal=4.964 iters=25/25 lcp_res_max=9.32e-08
[ADMIT-GUARD] step=50 admit_active=0 latch=0/0 ee_z=0.151 gate_cap=0
[ALT-GATE] step=50 target_stable=0/0 allow_descent=1
[GS-tgt] step=50 ee=(+0.015,+0.024,+0.151) p_repos=(+0.046,+0.080,+0.030) ee_to_target=0.137m target_label=prev_repos target_changed=N delta=0.000m
[IMP] step=50 mode=free |x_err|=0.0020m |tau_imp|=0.79Nm |tau_ff|=0.00Nm |tau_out|=0.79Nm sat=False lam_n=False lam_t=False
[GS] step=50 mode=free switch=kStayInRepos best_k=0 best_src=prev_repos curr_cost=171865.15 repos_cost=180790.87 best_other=180790.87 met_progress=Y steps_since_improve=48 switches=0
[STEP] step=50 mode=free t=0.500s ee=(+0.015,+0.024,+0.151) obj=(+0.000,+0.000,+0.050) goal_dist=0.300m switch=kStayInRepos target=(+0.015,+0.026,+0.150) ee_stride=0.002m ee_to_ptarget=0.137m landing_err=0.1186m ik_ok=Y ik_resid=0.0002m q_max_resid_deg=8.69 target_changed=Y retgt=N held_idx=1 held_cost=180790.87 won_cost=180790.87 margin=+0.00 won_src=prev_repos held_valid=Y reason=hold setpoint_to_ptarget=nanm finished_val=nanm finished_thresh=0.0200m pd_resid=nanm nextwp_to_ptarget=nanm guide_terminal_err=nanm
[GATE-EVOLVE] step=50 curr=171865.15 best_other=180790.87 ratio=0.9506 ee_to_optimal=0.0646m phi=0.0257m
[STAGE-A-TRACE] step=50 sim_t=0.500 mode=free phi=0.02573 box_xy=+0.00000,+0.00000 lam_n_ee_box=nan qy=+0.00001 qz=-0.00000 finished_repos=0
[DRAKE-CONTACT] step=50 n_pairs=1 ee_box_normal=0.000
[GATE-CONTACT] step=50 F_W=(+0.0000,+0.0000,+0.0000) F_on_box=(-0.0000,-0.0000,-0.0000) n_face_out=(-0.0000,-0.0000,-0.0000) A_is_ee=0 box_q=(+1.00000,-0.00001,+0.00001,-0.00000) box_p=(+0.00000,+0.00000,+0.04999) ee_p=(+0.01498,+0.02399,+0.15072)
[LATERAL] perp=25.7mm scale=50.0mm strength=0.51 shift_mm=(+0.0,-13.2)
[ADMM-C3+] primal: 10.8324->4.9639  dual: 899.6131->21.0004  mono=False  iters=25/25  rho=50.0
[ADMM-C3+] WARNING non-converged: pr=4.9639 dr=21.0004 tol=1e-03
[C3+] step=150 |u[0]|=8.65N λ_n_max=0.759 η_n_max=1.879 primal=4.964 iters=25/25 lcp_res_max=9.32e-08
[ADMIT-GUARD] step=51 admit_active=0 latch=0/0 ee_z=0.151 gate_cap=0
[ALT-GATE] step=51 target_stable=0/0 allow_descent=1
[GS-tgt] step=51 ee=(+0.016,+0.026,+0.151) p_repos=(+0.046,+0.080,+0.030) ee_to_target=0.136m target_label=prev_repos target_changed=N delta=0.000m
[GS] step=51 mode=free switch=kStayInRepos best_k=0 best_src=prev_repos curr_cost=171875.69 repos_cost=180772.68 best_other=180772.68 met_progress=Y steps_since_improve=49 switches=0
[STEP] step=51 mode=free t=0.510s ee=(+0.016,+0.026,+0.151) obj=(+0.000,+0.000,+0.050) goal_dist=0.300m switch=kStayInRepos target=(+0.016,+0.027,+0.150) ee_stride=0.002m ee_to_ptarget=0.136m landing_err=0.1182m ik_ok=Y ik_resid=0.0002m q_max_resid_deg=9.08 target_changed=Y retgt=N held_idx=1 held_cost=180772.68 won_cost=180772.68 margin=+0.00 won_src=prev_repos held_valid=Y reason=hold setpoint_to_ptarget=nanm finished_val=nanm finished_thresh=0.0200m pd_resid=nanm nextwp_to_ptarget=nanm guide_terminal_err=nanm
[GATE-EVOLVE] step=51 curr=171875.69 best_other=180772.68 ratio=0.9508 ee_to_optimal=0.0644m phi=0.0257m
[STAGE-A-TRACE] step=51 sim_t=0.510 mode=free phi=0.02569 box_xy=+0.00000,+0.00000 lam_n_ee_box=nan qy=+0.00001 qz=-0.00000 finished_repos=0
  t=0.50s | ee=(0.016, 0.026, 0.151) | obj=(0.000, 0.000, 0.050) | |u|=0.75 Nm | goal_dist=0.300 m
[DRAKE-CONTACT] step=51 n_pairs=1 ee_box_normal=0.000
[GATE-CONTACT] step=51 F_W=(+0.0000,+0.0000,+0.0000) F_on_box=(-0.0000,-0.0000,-0.0000) n_face_out=(-0.0000,-0.0000,-0.0000) A_is_ee=0 box_q=(+1.00000,-0.00001,+0.00001,-0.00000) box_p=(+0.00000,+0.00000,+0.04999) ee_p=(+0.01593,+0.02573,+0.15068)
[LATERAL] perp=27.5mm scale=50.0mm strength=0.55 shift_mm=(+0.0,-15.1)
[ADMM-C3+] primal: 10.8324->4.9639  dual: 899.6131->21.0004  mono=False  iters=25/25  rho=50.0
[ADMM-C3+] WARNING non-converged: pr=4.9639 dr=21.0004 tol=1e-03
[C3+] step=153 |u[0]|=8.79N λ_n_max=0.759 η_n_max=1.879 primal=4.964 iters=25/25 lcp_res_max=9.32e-08
[ADMIT-GUARD] step=52 admit_active=0 latch=0/0 ee_z=0.151 gate_cap=0
[ALT-GATE] step=52 target_stable=0/0 allow_descent=1
[GS-tgt] step=52 ee=(+0.017,+0.027,+0.151) p_repos=(+0.046,+0.080,+0.030) ee_to_target=0.135m target_label=prev_repos target_changed=N delta=0.000m
[GS] step=52 mode=free switch=kStayInRepos best_k=0 best_src=prev_repos curr_cost=171886.88 repos_cost=180794.65 best_other=180794.65 met_progress=Y steps_since_improve=50 switches=0
[STEP] step=52 mode=free t=0.520s ee=(+0.017,+0.027,+0.151) obj=(+0.000,+0.000,+0.050) goal_dist=0.300m switch=kStayInRepos target=(+0.017,+0.029,+0.150) ee_stride=0.002m ee_to_ptarget=0.135m landing_err=0.1179m ik_ok=Y ik_resid=0.0003m q_max_resid_deg=9.48 target_changed=Y retgt=N held_idx=1 held_cost=180794.65 won_cost=180794.65 margin=+0.00 won_src=prev_repos held_valid=Y reason=hold setpoint_to_ptarget=nanm finished_val=nanm finished_thresh=0.0200m pd_resid=nanm nextwp_to_ptarget=nanm guide_terminal_err=nanm
[GATE-EVOLVE] step=52 curr=171886.88 best_other=180794.65 ratio=0.9507 ee_to_optimal=0.0643m phi=0.0257m
[STAGE-A-TRACE] step=52 sim_t=0.520 mode=free phi=0.02566 box_xy=+0.00000,+0.00000 lam_n_ee_box=nan qy=+0.00001 qz=-0.00000 finished_repos=0
[DRAKE-CONTACT] step=52 n_pairs=1 ee_box_normal=0.000
[GATE-CONTACT] step=52 F_W=(+0.0000,+0.0000,+0.0000) F_on_box=(-0.0000,-0.0000,-0.0000) n_face_out=(-0.0000,-0.0000,-0.0000) A_is_ee=0 box_q=(+1.00000,-0.00001,+0.00001,-0.00000) box_p=(+0.00000,+0.00000,+0.04999) ee_p=(+0.01688,+0.02745,+0.15065)
[LATERAL] perp=29.2mm scale=50.0mm strength=0.58 shift_mm=(+0.0,-17.0)
[ADMM-C3+] primal: 10.8324->4.9639  dual: 899.6131->21.0004  mono=False  iters=25/25  rho=50.0
[ADMM-C3+] WARNING non-converged: pr=4.9639 dr=21.0004 tol=1e-03
[C3+] step=156 |u[0]|=8.94N λ_n_max=0.759 η_n_max=1.879 primal=4.964 iters=25/25 lcp_res_max=9.32e-08
[ADMIT-GUARD] step=53 admit_active=0 latch=0/0 ee_z=0.151 gate_cap=0
[ALT-GATE] step=53 target_stable=0/0 allow_descent=1
[GS-tgt] step=53 ee=(+0.018,+0.029,+0.151) p_repos=(+0.046,+0.080,+0.030) ee_to_target=0.134m target_label=prev_repos target_changed=N delta=0.000m
[GS] step=53 mode=free switch=kStayInRepos best_k=0 best_src=prev_repos curr_cost=171898.75 repos_cost=180817.96 best_other=180817.96 met_progress=Y steps_since_improve=51 switches=0
[STEP] step=53 mode=free t=0.530s ee=(+0.018,+0.029,+0.151) obj=(+0.000,+0.000,+0.050) goal_dist=0.300m switch=kStayInRepos target=(+0.018,+0.031,+0.150) ee_stride=0.002m ee_to_ptarget=0.134m landing_err=0.1178m ik_ok=Y ik_resid=0.0003m q_max_resid_deg=9.89 target_changed=Y retgt=N held_idx=1 held_cost=180817.96 won_cost=180817.96 margin=+0.00 won_src=prev_repos held_valid=Y reason=hold setpoint_to_ptarget=nanm finished_val=nanm finished_thresh=0.0200m pd_resid=nanm nextwp_to_ptarget=nanm guide_terminal_err=nanm
[GATE-EVOLVE] step=53 curr=171898.75 best_other=180817.96 ratio=0.9507 ee_to_optimal=0.0642m phi=0.0256m
[STAGE-A-TRACE] step=53 sim_t=0.530 mode=free phi=0.02563 box_xy=+0.00000,+0.00000 lam_n_ee_box=nan qy=+0.00001 qz=-0.00000 finished_repos=0
[DRAKE-CONTACT] step=53 n_pairs=1 ee_box_normal=0.000
[GATE-CONTACT] step=53 F_W=(+0.0000,+0.0000,+0.0000) F_on_box=(-0.0000,-0.0000,-0.0000) n_face_out=(-0.0000,-0.0000,-0.0000) A_is_ee=0 box_q=(+1.00000,-0.00001,+0.00001,-0.00000) box_p=(+0.00000,+0.00000,+0.04999) ee_p=(+0.01781,+0.02915,+0.15062)
[LATERAL] perp=30.8mm scale=50.0mm strength=0.62 shift_mm=(+0.0,-19.0)
[ADMM-C3+] primal: 10.8324->4.9639  dual: 899.6131->21.0004  mono=False  iters=25/25  rho=50.0
[ADMM-C3+] WARNING non-converged: pr=4.9639 dr=21.0004 tol=1e-03
[C3+] step=159 |u[0]|=9.10N λ_n_max=0.759 η_n_max=1.879 primal=4.964 iters=25/25 lcp_res_max=9.32e-08
[ADMIT-GUARD] step=54 admit_active=0 latch=0/0 ee_z=0.151 gate_cap=0
[ALT-GATE] step=54 target_stable=0/0 allow_descent=1
[GS-tgt] step=54 ee=(+0.019,+0.031,+0.151) p_repos=(+0.046,+0.080,+0.030) ee_to_target=0.133m target_label=prev_repos target_changed=N delta=0.000m
[GS] step=54 mode=free switch=kStayInRepos best_k=0 best_src=prev_repos curr_cost=171911.34 repos_cost=180842.63 best_other=180842.63 met_progress=Y steps_since_improve=52 switches=0
[STEP] step=54 mode=free t=0.540s ee=(+0.019,+0.031,+0.151) obj=(+0.000,+0.000,+0.050) goal_dist=0.300m switch=kStayInRepos target=(+0.019,+0.032,+0.150) ee_stride=0.001m ee_to_ptarget=0.133m landing_err=0.1138m ik_ok=Y ik_resid=0.0003m q_max_resid_deg=10.19 target_changed=Y retgt=N held_idx=1 held_cost=180842.63 won_cost=180842.63 margin=+0.00 won_src=prev_repos held_valid=Y reason=hold setpoint_to_ptarget=nanm finished_val=nanm finished_thresh=0.0200m pd_resid=nanm nextwp_to_ptarget=nanm guide_terminal_err=nanm
[GATE-EVOLVE] step=54 curr=171911.34 best_other=180842.63 ratio=0.9506 ee_to_optimal=0.0642m phi=0.0256m
[STAGE-A-TRACE] step=54 sim_t=0.540 mode=free phi=0.02560 box_xy=+0.00000,+0.00000 lam_n_ee_box=nan qy=+0.00001 qz=-0.00000 finished_repos=0
[DRAKE-CONTACT] step=54 n_pairs=1 ee_box_normal=0.000
[GATE-CONTACT] step=54 F_W=(+0.0000,+0.0000,+0.0000) F_on_box=(-0.0000,-0.0000,-0.0000) n_face_out=(-0.0000,-0.0000,-0.0000) A_is_ee=0 box_q=(+1.00000,-0.00001,+0.00001,-0.00000) box_p=(+0.00000,+0.00000,+0.04999) ee_p=(+0.01874,+0.03084,+0.15059)
[LATERAL] perp=32.5mm scale=50.0mm strength=0.65 shift_mm=(+0.0,-21.1)
[ADMM-C3+] primal: 10.8324->4.9639  dual: 899.6131->21.0004  mono=False  iters=25/25  rho=50.0
[ADMM-C3+] WARNING non-converged: pr=4.9639 dr=21.0004 tol=1e-03
[C3+] step=162 |u[0]|=9.26N λ_n_max=0.759 η_n_max=1.879 primal=4.964 iters=25/25 lcp_res_max=9.32e-08
[ADMIT-GUARD] step=55 admit_active=0 latch=0/0 ee_z=0.151 gate_cap=0
[ALT-GATE] step=55 target_stable=0/0 allow_descent=1
[GS-tgt] step=55 ee=(+0.020,+0.033,+0.151) p_repos=(+0.046,+0.080,+0.030) ee_to_target=0.132m target_label=prev_repos target_changed=N delta=0.000m
[GS] step=55 mode=free switch=kStayInRepos best_k=0 best_src=prev_repos curr_cost=171924.68 repos_cost=180868.68 best_other=180868.68 met_progress=Y steps_since_improve=53 switches=0
[STEP] step=55 mode=free t=0.550s ee=(+0.020,+0.033,+0.151) obj=(+0.000,+0.000,+0.050) goal_dist=0.300m switch=kStayInRepos target=(+0.020,+0.034,+0.150) ee_stride=0.001m ee_to_ptarget=0.132m landing_err=0.1098m ik_ok=Y ik_resid=0.0003m q_max_resid_deg=10.11 target_changed=Y retgt=N held_idx=1 held_cost=180868.68 won_cost=180868.68 margin=+0.00 won_src=prev_repos held_valid=Y reason=hold setpoint_to_ptarget=nanm finished_val=nanm finished_thresh=0.0200m pd_resid=nanm nextwp_to_ptarget=nanm guide_terminal_err=nanm
[GATE-EVOLVE] step=55 curr=171924.68 best_other=180868.68 ratio=0.9505 ee_to_optimal=0.0642m phi=0.0256m
[STAGE-A-TRACE] step=55 sim_t=0.550 mode=free phi=0.02558 box_xy=+0.00000,+0.00000 lam_n_ee_box=nan qy=+0.00001 qz=-0.00000 finished_repos=0
[DRAKE-CONTACT] step=55 n_pairs=1 ee_box_normal=0.000
[GATE-CONTACT] step=55 F_W=(+0.0000,+0.0000,+0.0000) F_on_box=(-0.0000,-0.0000,-0.0000) n_face_out=(-0.0000,-0.0000,-0.0000) A_is_ee=0 box_q=(+1.00000,-0.00001,+0.00001,-0.00000) box_p=(+0.00000,+0.00000,+0.04999) ee_p=(+0.01966,+0.03250,+0.15057)
[LATERAL] perp=34.2mm scale=50.0mm strength=0.68 shift_mm=(+0.0,-23.3)
[ADMM-C3+] primal: 10.8324->4.9639  dual: 899.6131->21.0004  mono=False  iters=25/25  rho=50.0
[ADMM-C3+] WARNING non-converged: pr=4.9639 dr=21.0004 tol=1e-03
[C3+] step=165 |u[0]|=9.43N λ_n_max=0.759 η_n_max=1.879 primal=4.964 iters=25/25 lcp_res_max=9.32e-08
[ADMIT-GUARD] step=56 admit_active=0 latch=0/0 ee_z=0.151 gate_cap=0
[ALT-GATE] step=56 target_stable=0/0 allow_descent=1
[GS-tgt] step=56 ee=(+0.021,+0.034,+0.151) p_repos=(+0.046,+0.080,+0.030) ee_to_target=0.131m target_label=prev_repos target_changed=N delta=0.000m
[GS] step=56 mode=free switch=kStayInRepos best_k=0 best_src=prev_repos curr_cost=171938.80 repos_cost=180896.16 best_other=180896.16 met_progress=Y steps_since_improve=54 switches=0
[STEP] step=56 mode=free t=0.560s ee=(+0.021,+0.034,+0.151) obj=(+0.000,+0.000,+0.050) goal_dist=0.300m switch=kStayInRepos target=(+0.021,+0.035,+0.150) ee_stride=0.001m ee_to_ptarget=0.131m landing_err=0.1058m ik_ok=Y ik_resid=0.0003m q_max_resid_deg=10.04 target_changed=Y retgt=N held_idx=1 held_cost=180896.16 won_cost=180896.16 margin=+0.00 won_src=prev_repos held_valid=Y reason=hold setpoint_to_ptarget=nanm finished_val=nanm finished_thresh=0.0200m pd_resid=nanm nextwp_to_ptarget=nanm guide_terminal_err=nanm
[GATE-EVOLVE] step=56 curr=171938.80 best_other=180896.16 ratio=0.9505 ee_to_optimal=0.0643m phi=0.0256m
[STAGE-A-TRACE] step=56 sim_t=0.560 mode=free phi=0.02556 box_xy=+0.00000,+0.00000 lam_n_ee_box=nan qy=+0.00001 qz=-0.00000 finished_repos=0
[DRAKE-CONTACT] step=56 n_pairs=1 ee_box_normal=0.000
[GATE-CONTACT] step=56 F_W=(+0.0000,+0.0000,+0.0000) F_on_box=(-0.0000,-0.0000,-0.0000) n_face_out=(-0.0000,-0.0000,-0.0000) A_is_ee=0 box_q=(+1.00000,-0.00001,+0.00001,-0.00000) box_p=(+0.00000,+0.00000,+0.04999) ee_p=(+0.02058,+0.03415,+0.15055)
[LATERAL] perp=35.8mm scale=50.0mm strength=0.72 shift_mm=(+0.0,-25.6)
[ADMM-C3+] primal: 10.8324->4.9639  dual: 899.6131->21.0004  mono=False  iters=25/25  rho=50.0
[ADMM-C3+] WARNING non-converged: pr=4.9639 dr=21.0004 tol=1e-03
[C3+] step=168 |u[0]|=9.61N λ_n_max=0.759 η_n_max=1.879 primal=4.964 iters=25/25 lcp_res_max=9.32e-08
[ADMIT-GUARD] step=57 admit_active=0 latch=0/0 ee_z=0.151 gate_cap=0
[ALT-GATE] step=57 target_stable=0/0 allow_descent=1
[GS-tgt] step=57 ee=(+0.021,+0.036,+0.151) p_repos=(+0.046,+0.080,+0.030) ee_to_target=0.131m target_label=prev_repos target_changed=N delta=0.000m
[GS] step=57 mode=free switch=kStayInRepos best_k=0 best_src=prev_repos curr_cost=171953.75 repos_cost=180925.08 best_other=180925.08 met_progress=Y steps_since_improve=55 switches=0
[STEP] step=57 mode=free t=0.570s ee=(+0.021,+0.036,+0.151) obj=(+0.000,+0.000,+0.050) goal_dist=0.300m switch=kStayInRepos target=(+0.022,+0.037,+0.150) ee_stride=0.001m ee_to_ptarget=0.131m landing_err=0.1018m ik_ok=Y ik_resid=0.0003m q_max_resid_deg=9.98 target_changed=Y retgt=N held_idx=1 held_cost=180925.08 won_cost=180925.08 margin=+0.00 won_src=prev_repos held_valid=Y reason=hold setpoint_to_ptarget=nanm finished_val=nanm finished_thresh=0.0200m pd_resid=nanm nextwp_to_ptarget=nanm guide_terminal_err=nanm
[GATE-EVOLVE] step=57 curr=171953.75 best_other=180925.08 ratio=0.9504 ee_to_optimal=0.0644m phi=0.0255m
[STAGE-A-TRACE] step=57 sim_t=0.570 mode=free phi=0.02555 box_xy=+0.00000,+0.00000 lam_n_ee_box=nan qy=+0.00001 qz=-0.00000 finished_repos=0
[DRAKE-CONTACT] step=57 n_pairs=1 ee_box_normal=0.000
[GATE-CONTACT] step=57 F_W=(+0.0000,+0.0000,+0.0000) F_on_box=(-0.0000,-0.0000,-0.0000) n_face_out=(-0.0000,-0.0000,-0.0000) A_is_ee=0 box_q=(+1.00000,-0.00001,+0.00001,-0.00000) box_p=(+0.00000,+0.00000,+0.04999) ee_p=(+0.02149,+0.03579,+0.15053)
[LATERAL] perp=37.4mm scale=50.0mm strength=0.75 shift_mm=(+0.0,-28.0)
[ADMM-C3+] primal: 10.8324->4.9639  dual: 899.6131->21.0004  mono=False  iters=25/25  rho=50.0
[ADMM-C3+] WARNING non-converged: pr=4.9639 dr=21.0004 tol=1e-03
[C3+] step=171 |u[0]|=9.79N λ_n_max=0.759 η_n_max=1.879 primal=4.964 iters=25/25 lcp_res_max=9.32e-08
[ADMIT-GUARD] step=58 admit_active=0 latch=0/0 ee_z=0.151 gate_cap=0
[ALT-GATE] step=58 target_stable=0/0 allow_descent=1
[GS-tgt] step=58 ee=(+0.022,+0.037,+0.151) p_repos=(+0.046,+0.080,+0.030) ee_to_target=0.130m target_label=prev_repos target_changed=N delta=0.000m
[GS] step=58 mode=free switch=kStayInRepos best_k=0 best_src=prev_repos curr_cost=171969.55 repos_cost=180955.51 best_other=180955.51 met_progress=Y steps_since_improve=56 switches=0
[STEP] step=58 mode=free t=0.580s ee=(+0.022,+0.037,+0.151) obj=(+0.000,+0.000,+0.050) goal_dist=0.300m switch=kStayInRepos target=(+0.023,+0.038,+0.150) ee_stride=0.001m ee_to_ptarget=0.130m landing_err=0.0978m ik_ok=Y ik_resid=0.0003m q_max_resid_deg=9.92 target_changed=Y retgt=N held_idx=1 held_cost=180955.51 won_cost=180955.51 margin=+0.00 won_src=prev_repos held_valid=Y reason=hold setpoint_to_ptarget=nanm finished_val=nanm finished_thresh=0.0200m pd_resid=nanm nextwp_to_ptarget=nanm guide_terminal_err=nanm
[GATE-EVOLVE] step=58 curr=171969.55 best_other=180955.51 ratio=0.9503 ee_to_optimal=0.0646m phi=0.0255m
[STAGE-A-TRACE] step=58 sim_t=0.580 mode=free phi=0.02553 box_xy=+0.00000,+0.00000 lam_n_ee_box=nan qy=+0.00001 qz=-0.00000 finished_repos=0
[DRAKE-CONTACT] step=58 n_pairs=1 ee_box_normal=0.000
[GATE-CONTACT] step=58 F_W=(+0.0000,+0.0000,+0.0000) F_on_box=(-0.0000,-0.0000,-0.0000) n_face_out=(-0.0000,-0.0000,-0.0000) A_is_ee=0 box_q=(+1.00000,-0.00001,+0.00001,-0.00000) box_p=(+0.00000,+0.00000,+0.04999) ee_p=(+0.02239,+0.03742,+0.15052)
[LATERAL] perp=39.0mm scale=50.0mm strength=0.78 shift_mm=(+0.0,-30.5)
[ADMM-C3+] primal: 10.8324->4.9639  dual: 899.6131->21.0004  mono=False  iters=25/25  rho=50.0
[ADMM-C3+] WARNING non-converged: pr=4.9639 dr=21.0004 tol=1e-03
[C3+] step=174 |u[0]|=9.98N λ_n_max=0.759 η_n_max=1.879 primal=4.964 iters=25/25 lcp_res_max=9.32e-08
[ADMIT-GUARD] step=59 admit_active=0 latch=0/0 ee_z=0.151 gate_cap=0
[ALT-GATE] step=59 target_stable=0/0 allow_descent=1
[GS-tgt] step=59 ee=(+0.023,+0.039,+0.151) p_repos=(+0.046,+0.080,+0.030) ee_to_target=0.129m target_label=prev_repos target_changed=N delta=0.000m
[GS] step=59 mode=free switch=kStayInRepos best_k=0 best_src=prev_repos curr_cost=171986.26 repos_cost=180987.48 best_other=180987.48 met_progress=Y steps_since_improve=57 switches=0
[STEP] step=59 mode=free t=0.590s ee=(+0.023,+0.039,+0.151) obj=(+0.000,+0.000,+0.050) goal_dist=0.300m switch=kStayInRepos target=(+0.023,+0.040,+0.150) ee_stride=0.001m ee_to_ptarget=0.129m landing_err=0.0938m ik_ok=Y ik_resid=0.0003m q_max_resid_deg=9.87 target_changed=Y retgt=N held_idx=1 held_cost=180987.48 won_cost=180987.48 margin=+0.00 won_src=prev_repos held_valid=Y reason=hold setpoint_to_ptarget=nanm finished_val=nanm finished_thresh=0.0200m pd_resid=nanm nextwp_to_ptarget=nanm guide_terminal_err=nanm
[GATE-EVOLVE] step=59 curr=171986.26 best_other=180987.48 ratio=0.9503 ee_to_optimal=0.0648m phi=0.0255m
[STAGE-A-TRACE] step=59 sim_t=0.590 mode=free phi=0.02552 box_xy=+0.00000,+0.00000 lam_n_ee_box=nan qy=+0.00001 qz=+0.00000 finished_repos=0
[DRAKE-CONTACT] step=59 n_pairs=1 ee_box_normal=0.000
[GATE-CONTACT] step=59 F_W=(+0.0000,+0.0000,+0.0000) F_on_box=(-0.0000,-0.0000,-0.0000) n_face_out=(-0.0000,-0.0000,-0.0000) A_is_ee=0 box_q=(+1.00000,-0.00001,+0.00001,+0.00000) box_p=(+0.00000,+0.00000,+0.04999) ee_p=(+0.02330,+0.03904,+0.15051)
[LATERAL] perp=40.6mm scale=50.0mm strength=0.81 shift_mm=(+0.0,-33.0)
[ADMM-C3+] primal: 10.8324->4.9639  dual: 899.6131->21.0004  mono=False  iters=25/25  rho=50.0
[ADMM-C3+] WARNING non-converged: pr=4.9639 dr=21.0004 tol=1e-03
[C3+] step=177 |u[0]|=10.17N λ_n_max=0.759 η_n_max=1.879 primal=4.964 iters=25/25 lcp_res_max=9.32e-08
[ADMIT-GUARD] step=60 admit_active=0 latch=0/0 ee_z=0.151 gate_cap=0
[ALT-GATE] step=60 target_stable=0/0 allow_descent=1
[GS-tgt] step=60 ee=(+0.024,+0.041,+0.151) p_repos=(+0.046,+0.080,+0.030) ee_to_target=0.129m target_label=prev_repos target_changed=N delta=0.000m
[IMP] step=60 mode=free |x_err|=0.0010m |tau_imp|=0.63Nm |tau_ff|=0.00Nm |tau_out|=0.63Nm sat=False lam_n=False lam_t=False
[GS] step=60 mode=free switch=kStayInRepos best_k=0 best_src=prev_repos curr_cost=172003.91 repos_cost=181021.04 best_other=181021.04 met_progress=Y steps_since_improve=58 switches=0
[STEP] step=60 mode=free t=0.600s ee=(+0.024,+0.041,+0.151) obj=(+0.000,+0.000,+0.050) goal_dist=0.300m switch=kStayInRepos target=(+0.024,+0.042,+0.150) ee_stride=0.001m ee_to_ptarget=0.129m landing_err=0.0898m ik_ok=Y ik_resid=0.0003m q_max_resid_deg=9.82 target_changed=Y retgt=N held_idx=1 held_cost=181021.04 won_cost=181021.04 margin=+0.00 won_src=prev_repos held_valid=Y reason=hold setpoint_to_ptarget=nanm finished_val=nanm finished_thresh=0.0200m pd_resid=nanm nextwp_to_ptarget=nanm guide_terminal_err=nanm
[GATE-EVOLVE] step=60 curr=172003.91 best_other=181021.04 ratio=0.9502 ee_to_optimal=0.0651m phi=0.0255m
[STAGE-A-TRACE] step=60 sim_t=0.600 mode=free phi=0.02551 box_xy=+0.00000,+0.00000 lam_n_ee_box=nan qy=+0.00001 qz=+0.00000 finished_repos=0
[GS-table] step=60
  k=0 (current   ) pos=(+0.024,+0.041,+0.151) c_C3= 172004.06 align=0.0000(bonus=    0.15) rot=+0.0000(bonus=    0.00) travel=0.000m(pen=  0.00) c_sample= 172003.91 feas=Y ik_err=0.0000m  ← WIN
  k=1 (prev_repos) pos=(+0.046,+0.080,+0.030) c_C3= 180995.46 align=0.0000(bonus=    0.15) rot=+0.0000(bonus=    0.00) travel=0.129m(pen= 25.72) c_sample= 181021.04 feas=Y ik_err=0.0000m
  k=2 (strat_0   ) pos=(+0.046,+0.080,+0.030) c_C3= 180995.46 align=0.0000(bonus=    0.15) rot=+0.0000(bonus=    0.00) travel=0.129m(pen= 25.72) c_sample= 181021.04 feas=Y ik_err=0.0000m
[DRAKE-CONTACT] step=60 n_pairs=1 ee_box_normal=0.000
[GATE-CONTACT] step=60 F_W=(+0.0000,+0.0000,+0.0000) F_on_box=(-0.0000,-0.0000,-0.0000) n_face_out=(-0.0000,-0.0000,-0.0000) A_is_ee=0 box_q=(+1.00000,-0.00001,+0.00001,+0.00000) box_p=(+0.00000,+0.00000,+0.04999) ee_p=(+0.02420,+0.04064,+0.15050)
[PERSIST] step=61 refresh n_strategy=1 samples=[(0.08, 0.0, 0.03)]
[LATERAL] perp=42.2mm scale=50.0mm strength=0.84 shift_mm=(+0.0,-35.7)
[ADMM-C3+] primal: 10.8324->4.9639  dual: 899.6131->21.0004  mono=False  iters=25/25  rho=50.0
[ADMM-C3+] WARNING non-converged: pr=4.9639 dr=21.0004 tol=1e-03
[C3+] step=180 |u[0]|=10.38N λ_n_max=0.759 η_n_max=1.879 primal=4.964 iters=25/25 lcp_res_max=9.32e-08
[ADMIT-GUARD] step=61 admit_active=0 latch=0/0 ee_z=0.150 gate_cap=0
[ALT-GATE] step=61 target_stable=0/0 allow_descent=1
[GS-tgt] step=61 ee=(+0.025,+0.042,+0.150) p_repos=(+0.080,+0.000,+0.030) ee_to_target=0.139m target_label=strat_0 target_changed=Y delta=0.087m
[STAGE-A-PWL] step=61 sim_t=0.610 build p_start=(+0.0251,+0.0422,+0.1505) p_target=(+0.0800,+0.0000,+0.0300) K=3 t_end=1.662
[GS] step=61 mode=free switch=kToBetterRepos best_k=2 best_src=strat_0 curr_cost=172022.55 repos_cost=150521.64 best_other=150521.64 met_progress=Y steps_since_improve=59 switches=0
[STEP] step=61 mode=free t=0.610s ee=(+0.025,+0.042,+0.150) obj=(+0.000,+0.000,+0.050) goal_dist=0.300m switch=kToBetterRepos target=(+0.025,+0.042,+0.150) ee_stride=0.000m ee_to_ptarget=0.139m landing_err=0.1370m ik_ok=Y ik_resid=0.0001m q_max_resid_deg=0.42 target_changed=Y retgt=Y held_idx=1 held_cost=181056.24 won_cost=150521.64 margin=+30534.60 won_src=strat_0 held_valid=Y reason=new_sample_better setpoint_to_ptarget=nanm finished_val=nanm finished_thresh=0.0200m pd_resid=nanm nextwp_to_ptarget=nanm guide_terminal_err=nanm
[GATE-EVOLVE] step=61 curr=172022.55 best_other=150521.64 ratio=1.1428 ee_to_optimal=0.0654m phi=0.0255m
[STAGE-A-TRACE] step=61 sim_t=0.610 mode=free phi=0.02551 box_xy=+0.00000,+0.00000 lam_n_ee_box=nan qy=+0.00001 qz=+0.00000 finished_repos=0
[DRAKE-CONTACT] step=61 n_pairs=1 ee_box_normal=0.000
[GATE-CONTACT] step=61 F_W=(+0.0000,+0.0000,+0.0000) F_on_box=(-0.0000,-0.0000,-0.0000) n_face_out=(-0.0000,-0.0000,-0.0000) A_is_ee=0 box_q=(+1.00000,-0.00001,+0.00001,+0.00000) box_p=(+0.00000,+0.00000,+0.04999) ee_p=(+0.02510,+0.04224,+0.15050)
[LATERAL] perp=43.3mm scale=50.0mm strength=0.87 shift_mm=(+0.0,-37.5)
[ADMM-C3+] primal: 10.8324->4.9639  dual: 899.6131->21.0004  mono=False  iters=25/25  rho=50.0
[ADMM-C3+] WARNING non-converged: pr=4.9639 dr=21.0004 tol=1e-03
[C3+] step=183 |u[0]|=10.52N λ_n_max=0.759 η_n_max=1.879 primal=4.964 iters=25/25 lcp_res_max=9.32e-08
[ADMIT-GUARD] step=62 admit_active=0 latch=0/0 ee_z=0.150 gate_cap=0
[ALT-GATE] step=62 target_stable=0/0 allow_descent=1
[GS-tgt] step=62 ee=(+0.026,+0.043,+0.150) p_repos=(+0.080,+0.000,+0.030) ee_to_target=0.139m target_label=prev_repos target_changed=N delta=0.000m
[GS] step=62 mode=free switch=kStayInRepos best_k=1 best_src=prev_repos curr_cost=172035.31 repos_cost=150534.87 best_other=150534.87 met_progress=N steps_since_improve=60 switches=0
[STEP] step=62 mode=free t=0.620s ee=(+0.026,+0.043,+0.150) obj=(+0.000,+0.000,+0.050) goal_dist=0.300m switch=kStayInRepos target=(+0.027,+0.041,+0.150) ee_stride=0.002m ee_to_ptarget=0.139m landing_err=0.1352m ik_ok=Y ik_resid=0.0003m q_max_resid_deg=1.04 target_changed=Y retgt=N held_idx=1 held_cost=150534.87 won_cost=150534.87 margin=+0.00 won_src=prev_repos held_valid=Y reason=hold setpoint_to_ptarget=nanm finished_val=nanm finished_thresh=0.0200m pd_resid=nanm nextwp_to_ptarget=nanm guide_terminal_err=nanm
[GATE-EVOLVE] step=62 curr=172035.31 best_other=150534.87 ratio=1.1428 ee_to_optimal=0.0653m phi=0.0255m
[STAGE-A-TRACE] step=62 sim_t=0.620 mode=free phi=0.02546 box_xy=+0.00000,+0.00000 lam_n_ee_box=nan qy=+0.00001 qz=+0.00000 finished_repos=0
[DRAKE-CONTACT] step=62 n_pairs=1 ee_box_normal=0.000
[GATE-CONTACT] step=62 F_W=(+0.0000,+0.0000,+0.0000) F_on_box=(-0.0000,-0.0000,-0.0000) n_face_out=(-0.0000,-0.0000,-0.0000) A_is_ee=0 box_q=(+1.00000,-0.00001,+0.00001,+0.00000) box_p=(+0.00000,+0.00000,+0.04999) ee_p=(+0.02610,+0.04333,+0.15045)
[LATERAL] perp=43.6mm scale=50.0mm strength=0.87 shift_mm=(+0.0,-38.0)
[ADMM-C3+] primal: 10.8324->4.9639  dual: 899.6131->21.0004  mono=False  iters=25/25  rho=50.0
[ADMM-C3+] WARNING non-converged: pr=4.9639 dr=21.0004 tol=1e-03
[C3+] step=186 |u[0]|=10.54N λ_n_max=0.759 η_n_max=1.879 primal=4.964 iters=25/25 lcp_res_max=9.32e-08
[ADMIT-GUARD] step=63 admit_active=0 latch=0/0 ee_z=0.150 gate_cap=0
[ALT-GATE] step=63 target_stable=0/0 allow_descent=1
[GS-tgt] step=63 ee=(+0.027,+0.044,+0.150) p_repos=(+0.080,+0.000,+0.030) ee_to_target=0.138m target_label=prev_repos target_changed=N delta=0.000m
[GS] step=63 mode=free switch=kStayInRepos best_k=1 best_src=prev_repos curr_cost=172037.74 repos_cost=150541.06 best_other=150541.06 met_progress=N steps_since_improve=61 switches=0
[STEP] step=63 mode=free t=0.630s ee=(+0.027,+0.044,+0.150) obj=(+0.000,+0.000,+0.050) goal_dist=0.300m switch=kStayInRepos target=(+0.028,+0.040,+0.150) ee_stride=0.004m ee_to_ptarget=0.138m landing_err=0.1334m ik_ok=Y ik_resid=0.0004m q_max_resid_deg=1.52 target_changed=Y retgt=N held_idx=1 held_cost=150541.06 won_cost=150541.06 margin=+0.00 won_src=prev_repos held_valid=Y reason=hold setpoint_to_ptarget=nanm finished_val=nanm finished_thresh=0.0200m pd_resid=nanm nextwp_to_ptarget=nanm guide_terminal_err=nanm
[GATE-EVOLVE] step=63 curr=172037.74 best_other=150541.06 ratio=1.1428 ee_to_optimal=0.0647m phi=0.0254m
[STAGE-A-TRACE] step=63 sim_t=0.630 mode=free phi=0.02537 box_xy=+0.00000,+0.00000 lam_n_ee_box=nan qy=+0.00001 qz=+0.00000 finished_repos=0
[DRAKE-CONTACT] step=63 n_pairs=1 ee_box_normal=0.000
[GATE-CONTACT] step=63 F_W=(+0.0000,+0.0000,+0.0000) F_on_box=(-0.0000,-0.0000,-0.0000) n_face_out=(-0.0000,-0.0000,-0.0000) A_is_ee=0 box_q=(+1.00000,-0.00001,+0.00001,+0.00000) box_p=(+0.00000,+0.00000,+0.04999) ee_p=(+0.02727,+0.04361,+0.15036)
[LATERAL] perp=43.3mm scale=50.0mm strength=0.87 shift_mm=(+0.0,-37.5)
[ADMM-C3+] primal: 10.8324->4.9639  dual: 899.6131->21.0004  mono=False  iters=25/25  rho=50.0
[ADMM-C3+] WARNING non-converged: pr=4.9639 dr=21.0004 tol=1e-03
[C3+] step=189 |u[0]|=10.49N λ_n_max=0.759 η_n_max=1.879 primal=4.964 iters=25/25 lcp_res_max=9.32e-08
[ADMIT-GUARD] step=64 admit_active=0 latch=0/0 ee_z=0.150 gate_cap=0
[ALT-GATE] step=64 target_stable=0/0 allow_descent=1
[GS-tgt] step=64 ee=(+0.029,+0.043,+0.150) p_repos=(+0.080,+0.000,+0.030) ee_to_target=0.138m target_label=prev_repos target_changed=N delta=0.000m
[GS] step=64 mode=free switch=kStayInRepos best_k=1 best_src=prev_repos curr_cost=172032.63 repos_cost=150541.89 best_other=150541.89 met_progress=N steps_since_improve=62 switches=0
[STEP] step=64 mode=free t=0.640s ee=(+0.029,+0.043,+0.150) obj=(+0.000,+0.000,+0.050) goal_dist=0.300m switch=kStayInRepos target=(+0.029,+0.039,+0.150) ee_stride=0.004m ee_to_ptarget=0.138m landing_err=0.1317m ik_ok=Y ik_resid=0.0005m q_max_resid_deg=1.89 target_changed=Y retgt=N held_idx=1 held_cost=150541.89 won_cost=150541.89 margin=+0.00 won_src=prev_repos held_valid=Y reason=hold setpoint_to_ptarget=nanm finished_val=nanm finished_thresh=0.0200m pd_resid=nanm nextwp_to_ptarget=nanm guide_terminal_err=nanm
[GATE-EVOLVE] step=64 curr=172032.63 best_other=150541.89 ratio=1.1428 ee_to_optimal=0.0635m phi=0.0253m
[STAGE-A-TRACE] step=64 sim_t=0.640 mode=free phi=0.02528 box_xy=+0.00000,+0.00000 lam_n_ee_box=nan qy=+0.00001 qz=-0.00000 finished_repos=0
[DRAKE-CONTACT] step=64 n_pairs=1 ee_box_normal=0.000
[GATE-CONTACT] step=64 F_W=(+0.0000,+0.0000,+0.0000) F_on_box=(-0.0000,-0.0000,-0.0000) n_face_out=(-0.0000,-0.0000,-0.0000) A_is_ee=0 box_q=(+1.00000,-0.00001,+0.00001,-0.00000) box_p=(+0.00000,+0.00000,+0.04999) ee_p=(+0.02856,+0.04331,+0.15027)
[LATERAL] perp=42.6mm scale=50.0mm strength=0.85 shift_mm=(+0.0,-36.3)
[ADMM-C3+] primal: 10.8324->4.9639  dual: 899.6131->21.0004  mono=False  iters=25/25  rho=50.0
[ADMM-C3+] WARNING non-converged: pr=4.9639 dr=21.0004 tol=1e-03
[C3+] step=192 |u[0]|=10.38N λ_n_max=0.759 η_n_max=1.879 primal=4.964 iters=25/25 lcp_res_max=9.32e-08
[ADMIT-GUARD] step=65 admit_active=0 latch=0/0 ee_z=0.150 gate_cap=0
[ALT-GATE] step=65 target_stable=0/0 allow_descent=1
[GS-tgt] step=65 ee=(+0.030,+0.043,+0.150) p_repos=(+0.080,+0.000,+0.030) ee_to_target=0.137m target_label=prev_repos target_changed=N delta=0.000m
[GS] step=65 mode=free switch=kStayInRepos best_k=1 best_src=prev_repos curr_cost=172022.52 repos_cost=150539.08 best_other=150539.08 met_progress=N steps_since_improve=63 switches=0
[STEP] step=65 mode=free t=0.650s ee=(+0.030,+0.043,+0.150) obj=(+0.000,+0.000,+0.050) goal_dist=0.300m switch=kStayInRepos target=(+0.031,+0.038,+0.150) ee_stride=0.005m ee_to_ptarget=0.137m landing_err=0.1302m ik_ok=Y ik_resid=0.0006m q_max_resid_deg=2.19 target_changed=Y retgt=N held_idx=1 held_cost=150539.08 won_cost=150539.08 margin=+0.00 won_src=prev_repos held_valid=Y reason=hold setpoint_to_ptarget=nanm finished_val=nanm finished_thresh=0.0200m pd_resid=nanm nextwp_to_ptarget=nanm guide_terminal_err=nanm
[GATE-EVOLVE] step=65 curr=172022.52 best_other=150539.08 ratio=1.1427 ee_to_optimal=0.0620m phi=0.0252m
[STAGE-A-TRACE] step=65 sim_t=0.650 mode=free phi=0.02520 box_xy=+0.00000,+0.00000 lam_n_ee_box=nan qy=+0.00001 qz=-0.00000 finished_repos=0
[DRAKE-CONTACT] step=65 n_pairs=1 ee_box_normal=0.000
[GATE-CONTACT] step=65 F_W=(+0.0000,+0.0000,+0.0000) F_on_box=(-0.0000,-0.0000,-0.0000) n_face_out=(-0.0000,-0.0000,-0.0000) A_is_ee=0 box_q=(+1.00000,-0.00001,+0.00001,-0.00000) box_p=(+0.00000,+0.00000,+0.04999) ee_p=(+0.02992,+0.04259,+0.15018)
[LATERAL] perp=41.6mm scale=50.0mm strength=0.83 shift_mm=(+0.0,-34.6)
[ADMM-C3+] primal: 10.8324->4.9639  dual: 899.6131->21.0004  mono=False  iters=25/25  rho=50.0
[ADMM-C3+] WARNING non-converged: pr=4.9639 dr=21.0004 tol=1e-03
[C3+] step=195 |u[0]|=10.23N λ_n_max=0.759 η_n_max=1.879 primal=4.964 iters=25/25 lcp_res_max=9.32e-08
[ADMIT-GUARD] step=66 admit_active=0 latch=0/0 ee_z=0.150 gate_cap=0
[ALT-GATE] step=66 target_stable=0/0 allow_descent=1
[GS-tgt] step=66 ee=(+0.031,+0.042,+0.150) p_repos=(+0.080,+0.000,+0.030) ee_to_target=0.136m target_label=prev_repos target_changed=N delta=0.000m
[GS] step=66 mode=free switch=kStayInRepos best_k=1 best_src=prev_repos curr_cost=172009.46 repos_cost=150534.15 best_other=150534.15 met_progress=N steps_since_improve=64 switches=0
[STEP] step=66 mode=free t=0.660s ee=(+0.031,+0.042,+0.150) obj=(+0.000,+0.000,+0.050) goal_dist=0.300m switch=kStayInRepos target=(+0.032,+0.037,+0.150) ee_stride=0.005m ee_to_ptarget=0.136m landing_err=0.1287m ik_ok=Y ik_resid=0.0006m q_max_resid_deg=2.42 target_changed=Y retgt=N held_idx=1 held_cost=150534.15 won_cost=150534.15 margin=+0.00 won_src=prev_repos held_valid=Y reason=hold setpoint_to_ptarget=nanm finished_val=nanm finished_thresh=0.0200m pd_resid=nanm nextwp_to_ptarget=nanm guide_terminal_err=nanm
[GATE-EVOLVE] step=66 curr=172009.46 best_other=150534.15 ratio=1.1427 ee_to_optimal=0.0603m phi=0.0251m
[STAGE-A-TRACE] step=66 sim_t=0.660 mode=free phi=0.02513 box_xy=+0.00000,+0.00000 lam_n_ee_box=nan qy=+0.00001 qz=-0.00000 finished_repos=0
[DRAKE-CONTACT] step=66 n_pairs=1 ee_box_normal=0.000
[GATE-CONTACT] step=66 F_W=(+0.0000,+0.0000,+0.0000) F_on_box=(-0.0000,-0.0000,-0.0000) n_face_out=(-0.0000,-0.0000,-0.0000) A_is_ee=0 box_q=(+1.00000,-0.00001,+0.00001,-0.00000) box_p=(+0.00000,+0.00000,+0.04999) ee_p=(+0.03134,+0.04158,+0.15012)
[LATERAL] perp=40.4mm scale=50.0mm strength=0.81 shift_mm=(+0.0,-32.6)
[ADMM-C3+] primal: 10.8324->4.9639  dual: 899.6131->21.0004  mono=False  iters=25/25  rho=50.0
[ADMM-C3+] WARNING non-converged: pr=4.9639 dr=21.0004 tol=1e-03
[C3+] step=198 |u[0]|=10.07N λ_n_max=0.759 η_n_max=1.879 primal=4.964 iters=25/25 lcp_res_max=9.32e-08
[ADMIT-GUARD] step=67 admit_active=0 latch=0/0 ee_z=0.150 gate_cap=0
[ALT-GATE] step=67 target_stable=0/0 allow_descent=1
[GS-tgt] step=67 ee=(+0.033,+0.040,+0.150) p_repos=(+0.080,+0.000,+0.030) ee_to_target=0.135m target_label=prev_repos target_changed=N delta=0.000m
[GS] step=67 mode=free switch=kStayInRepos best_k=1 best_src=prev_repos curr_cost=171994.98 repos_cost=150528.26 best_other=150528.26 met_progress=N steps_since_improve=65 switches=0
[STEP] step=67 mode=free t=0.670s ee=(+0.033,+0.040,+0.150) obj=(+0.000,+0.000,+0.050) goal_dist=0.300m switch=kStayInRepos target=(+0.034,+0.036,+0.150) ee_stride=0.005m ee_to_ptarget=0.135m landing_err=0.1274m ik_ok=Y ik_resid=0.0007m q_max_resid_deg=2.62 target_changed=Y retgt=N held_idx=1 held_cost=150528.26 won_cost=150528.26 margin=+0.00 won_src=prev_repos held_valid=Y reason=hold setpoint_to_ptarget=nanm finished_val=nanm finished_thresh=0.0200m pd_resid=nanm nextwp_to_ptarget=nanm guide_terminal_err=nanm
[GATE-EVOLVE] step=67 curr=171994.98 best_other=150528.26 ratio=1.1426 ee_to_optimal=0.0584m phi=0.0251m
[STAGE-A-TRACE] step=67 sim_t=0.670 mode=free phi=0.02509 box_xy=+0.00000,+0.00000 lam_n_ee_box=nan qy=+0.00001 qz=-0.00000 finished_repos=0
[DRAKE-CONTACT] step=67 n_pairs=1 ee_box_normal=0.000
[GATE-CONTACT] step=67 F_W=(+0.0000,+0.0000,+0.0000) F_on_box=(-0.0000,-0.0000,-0.0000) n_face_out=(-0.0000,-0.0000,-0.0000) A_is_ee=0 box_q=(+1.00000,-0.00001,+0.00001,-0.00000) box_p=(+0.00000,+0.00000,+0.04999) ee_p=(+0.03280,+0.04037,+0.15008)
[LATERAL] perp=39.0mm scale=50.0mm strength=0.78 shift_mm=(+0.0,-30.5)
[ADMM-C3+] primal: 10.8324->4.9639  dual: 899.6131->21.0004  mono=False  iters=25/25  rho=50.0
[ADMM-C3+] WARNING non-converged: pr=4.9639 dr=21.0004 tol=1e-03
[C3+] step=201 |u[0]|=9.91N λ_n_max=0.759 η_n_max=1.879 primal=4.964 iters=25/25 lcp_res_max=9.32e-08
[ADMIT-GUARD] step=68 admit_active=0 latch=0/0 ee_z=0.150 gate_cap=0
[ALT-GATE] step=68 target_stable=0/0 allow_descent=1
[GS-tgt] step=68 ee=(+0.034,+0.039,+0.150) p_repos=(+0.080,+0.000,+0.030) ee_to_target=0.134m target_label=prev_repos target_changed=N delta=0.000m
[GS] step=68 mode=free switch=kStayInRepos best_k=1 best_src=prev_repos curr_cost=171980.17 repos_cost=150522.24 best_other=150522.24 met_progress=N steps_since_improve=66 switches=0
[STEP] step=68 mode=free t=0.680s ee=(+0.034,+0.039,+0.150) obj=(+0.000,+0.000,+0.050) goal_dist=0.300m switch=kStayInRepos target=(+0.035,+0.035,+0.150) ee_stride=0.005m ee_to_ptarget=0.134m landing_err=0.1261m ik_ok=Y ik_resid=0.0007m q_max_resid_deg=2.79 target_changed=Y retgt=N held_idx=1 held_cost=150522.24 won_cost=150522.24 margin=+0.00 won_src=prev_repos held_valid=Y reason=hold setpoint_to_ptarget=nanm finished_val=nanm finished_thresh=0.0200m pd_resid=nanm nextwp_to_ptarget=nanm guide_terminal_err=nanm
[GATE-EVOLVE] step=68 curr=171980.17 best_other=150522.24 ratio=1.1426 ee_to_optimal=0.0564m phi=0.0251m
[STAGE-A-TRACE] step=68 sim_t=0.680 mode=free phi=0.02508 box_xy=+0.00000,+0.00000 lam_n_ee_box=nan qy=+0.00001 qz=-0.00000 finished_repos=0
[DRAKE-CONTACT] step=68 n_pairs=1 ee_box_normal=0.000
[GATE-CONTACT] step=68 F_W=(+0.0000,+0.0000,+0.0000) F_on_box=(-0.0000,-0.0000,-0.0000) n_face_out=(-0.0000,-0.0000,-0.0000) A_is_ee=0 box_q=(+1.00000,-0.00001,+0.00001,-0.00000) box_p=(+0.00000,+0.00000,+0.04999) ee_p=(+0.03428,+0.03902,+0.15007)
[LATERAL] perp=37.6mm scale=50.0mm strength=0.75 shift_mm=(+0.0,-28.3)
[ADMM-C3+] primal: 10.8324->4.9639  dual: 899.6131->21.0004  mono=False  iters=25/25  rho=50.0
[ADMM-C3+] WARNING non-converged: pr=4.9639 dr=21.0004 tol=1e-03
[C3+] step=204 |u[0]|=9.74N λ_n_max=0.759 η_n_max=1.879 primal=4.964 iters=25/25 lcp_res_max=9.32e-08
[ADMIT-GUARD] step=69 admit_active=0 latch=0/0 ee_z=0.150 gate_cap=0
[ALT-GATE] step=69 target_stable=0/0 allow_descent=1
[GS-tgt] step=69 ee=(+0.036,+0.038,+0.150) p_repos=(+0.080,+0.000,+0.030) ee_to_target=0.133m target_label=prev_repos target_changed=N delta=0.000m
[GS] step=69 mode=free switch=kStayInRepos best_k=1 best_src=prev_repos curr_cost=171965.75 repos_cost=150516.63 best_other=150516.63 met_progress=N steps_since_improve=67 switches=0
[STEP] step=69 mode=free t=0.690s ee=(+0.036,+0.038,+0.150) obj=(+0.000,+0.000,+0.050) goal_dist=0.300m switch=kStayInRepos target=(+0.037,+0.033,+0.150) ee_stride=0.004m ee_to_ptarget=0.133m landing_err=0.1250m ik_ok=Y ik_resid=0.0008m q_max_resid_deg=2.93 target_changed=Y retgt=N held_idx=1 held_cost=150516.63 won_cost=150516.63 margin=+0.00 won_src=prev_repos held_valid=Y reason=hold setpoint_to_ptarget=nanm finished_val=nanm finished_thresh=0.0200m pd_resid=nanm nextwp_to_ptarget=nanm guide_terminal_err=nanm
[GATE-EVOLVE] step=69 curr=171965.75 best_other=150516.63 ratio=1.1425 ee_to_optimal=0.0543m phi=0.0251m
[STAGE-A-TRACE] step=69 sim_t=0.690 mode=free phi=0.02508 box_xy=+0.00000,+0.00000 lam_n_ee_box=nan qy=+0.00001 qz=-0.00000 finished_repos=0
[DRAKE-CONTACT] step=69 n_pairs=1 ee_box_normal=0.000
[GATE-CONTACT] step=69 F_W=(+0.0000,+0.0000,+0.0000) F_on_box=(-0.0000,-0.0000,-0.0000) n_face_out=(-0.0000,-0.0000,-0.0000) A_is_ee=0 box_q=(+1.00000,-0.00001,+0.00001,-0.00000) box_p=(+0.00000,+0.00000,+0.04999) ee_p=(+0.03577,+0.03760,+0.15007)
[LATERAL] perp=36.1mm scale=50.0mm strength=0.72 shift_mm=(+0.0,-26.1)
[ADMM-C3+] primal: 10.8324->4.9639  dual: 899.6131->21.0004  mono=False  iters=25/25  rho=50.0
[ADMM-C3+] WARNING non-converged: pr=4.9639 dr=21.0004 tol=1e-03
[C3+] step=207 |u[0]|=9.58N λ_n_max=0.759 η_n_max=1.879 primal=4.964 iters=25/25 lcp_res_max=9.32e-08
[ADMIT-GUARD] step=70 admit_active=0 latch=0/0 ee_z=0.150 gate_cap=0
[ALT-GATE] step=70 target_stable=0/0 allow_descent=1
[GS-tgt] step=70 ee=(+0.037,+0.036,+0.150) p_repos=(+0.080,+0.000,+0.030) ee_to_target=0.132m target_label=prev_repos target_changed=N delta=0.000m
[IMP] step=70 mode=free |x_err|=0.0038m |tau_imp|=0.61Nm |tau_ff|=0.00Nm |tau_out|=0.61Nm sat=False lam_n=False lam_t=False
[GS] step=70 mode=free switch=kStayInRepos best_k=0 best_src=prev_repos curr_cost=141952.32 repos_cost=150511.77 best_other=150511.77 met_progress=N steps_since_improve=68 switches=0
[STEP] step=70 mode=free t=0.700s ee=(+0.037,+0.036,+0.150) obj=(+0.000,+0.000,+0.050) goal_dist=0.300m switch=kStayInRepos target=(+0.038,+0.032,+0.150) ee_stride=0.004m ee_to_ptarget=0.132m landing_err=0.1240m ik_ok=Y ik_resid=0.0008m q_max_resid_deg=3.07 target_changed=Y retgt=N held_idx=1 held_cost=150511.77 won_cost=150511.77 margin=+0.00 won_src=prev_repos held_valid=Y reason=hold setpoint_to_ptarget=nanm finished_val=nanm finished_thresh=0.0200m pd_resid=nanm nextwp_to_ptarget=nanm guide_terminal_err=nanm
[GATE-EVOLVE] step=70 curr=141952.32 best_other=150511.77 ratio=0.9431 ee_to_optimal=0.0522m phi=0.0251m
[STAGE-A-TRACE] step=70 sim_t=0.700 mode=free phi=0.02510 box_xy=+0.00000,+0.00000 lam_n_ee_box=nan qy=+0.00001 qz=-0.00000 finished_repos=0
[DRAKE-CONTACT] step=70 n_pairs=1 ee_box_normal=0.000
[GATE-CONTACT] step=70 F_W=(+0.0000,+0.0000,+0.0000) F_on_box=(-0.0000,-0.0000,-0.0000) n_face_out=(-0.0000,-0.0000,-0.0000) A_is_ee=0 box_q=(+1.00000,-0.00001,+0.00001,-0.00000) box_p=(+0.00000,+0.00000,+0.04999) ee_p=(+0.03726,+0.03613,+0.15008)
[LATERAL] perp=34.6mm scale=50.0mm strength=0.69 shift_mm=(+0.0,-24.0)
[ADMM-C3+] primal: 10.8324->4.9639  dual: 899.6131->21.0004  mono=False  iters=25/25  rho=50.0
[ADMM-C3+] WARNING non-converged: pr=4.9639 dr=21.0004 tol=1e-03
[C3+] step=210 |u[0]|=9.44N λ_n_max=0.759 η_n_max=1.879 primal=4.964 iters=25/25 lcp_res_max=9.32e-08
[ADMIT-GUARD] step=71 admit_active=0 latch=0/0 ee_z=0.150 gate_cap=0
[ALT-GATE] step=71 target_stable=0/0 allow_descent=1
[GS-tgt] step=71 ee=(+0.039,+0.035,+0.150) p_repos=(+0.080,+0.000,+0.030) ee_to_target=0.132m target_label=prev_repos target_changed=N delta=0.000m
[GS] step=71 mode=free switch=kStayInRepos best_k=0 best_src=prev_repos curr_cost=141939.81 repos_cost=150507.84 best_other=150507.84 met_progress=N steps_since_improve=69 switches=0
[STEP] step=71 mode=free t=0.710s ee=(+0.039,+0.035,+0.150) obj=(+0.000,+0.000,+0.050) goal_dist=0.300m switch=kStayInRepos target=(+0.039,+0.031,+0.150) ee_stride=0.003m ee_to_ptarget=0.132m landing_err=0.1231m ik_ok=Y ik_resid=0.0008m q_max_resid_deg=3.21 target_changed=Y retgt=N held_idx=1 held_cost=150507.84 won_cost=150507.84 margin=+0.00 won_src=prev_repos held_valid=Y reason=hold setpoint_to_ptarget=nanm finished_val=nanm finished_thresh=0.0200m pd_resid=nanm nextwp_to_ptarget=nanm guide_terminal_err=nanm
[GATE-EVOLVE] step=71 curr=141939.81 best_other=150507.84 ratio=0.9431 ee_to_optimal=0.0501m phi=0.0251m
[STAGE-A-TRACE] step=71 sim_t=0.710 mode=free phi=0.02512 box_xy=+0.00000,+0.00000 lam_n_ee_box=nan qy=+0.00001 qz=-0.00000 finished_repos=0
[DRAKE-CONTACT] step=71 n_pairs=1 ee_box_normal=0.000
[GATE-CONTACT] step=71 F_W=(+0.0000,+0.0000,+0.0000) F_on_box=(-0.0000,-0.0000,-0.0000) n_face_out=(-0.0000,-0.0000,-0.0000) A_is_ee=0 box_q=(+1.00000,-0.00001,+0.00001,-0.00000) box_p=(+0.00000,+0.00000,+0.04999) ee_p=(+0.03875,+0.03464,+0.15011)
[LATERAL] perp=33.2mm scale=50.0mm strength=0.66 shift_mm=(+0.0,-22.0)
[ADMM-C3+] primal: 10.8324->4.9639  dual: 899.6131->21.0004  mono=False  iters=25/25  rho=50.0
[ADMM-C3+] WARNING non-converged: pr=4.9639 dr=21.0004 tol=1e-03
[C3+] step=213 |u[0]|=9.30N λ_n_max=0.759 η_n_max=1.879 primal=4.964 iters=25/25 lcp_res_max=9.32e-08
[ADMIT-GUARD] step=72 admit_active=0 latch=0/0 ee_z=0.150 gate_cap=0
[ALT-GATE] step=72 target_stable=0/0 allow_descent=1
[GS-tgt] step=72 ee=(+0.040,+0.033,+0.150) p_repos=(+0.080,+0.000,+0.030) ee_to_target=0.131m target_label=prev_repos target_changed=N delta=0.000m
[GS] step=72 mode=free switch=kStayInRepos best_k=0 best_src=prev_repos curr_cost=141928.49 repos_cost=150504.92 best_other=150504.92 met_progress=N steps_since_improve=70 switches=0
[STEP] step=72 mode=free t=0.720s ee=(+0.040,+0.033,+0.150) obj=(+0.000,+0.000,+0.050) goal_dist=0.300m switch=kStayInRepos target=(+0.041,+0.030,+0.150) ee_stride=0.003m ee_to_ptarget=0.131m landing_err=0.1224m ik_ok=Y ik_resid=0.0009m q_max_resid_deg=3.34 target_changed=Y retgt=N held_idx=1 held_cost=150504.92 won_cost=150504.92 margin=+0.00 won_src=prev_repos held_valid=Y reason=hold setpoint_to_ptarget=nanm finished_val=nanm finished_thresh=0.0200m pd_resid=nanm nextwp_to_ptarget=nanm guide_terminal_err=nanm
[GATE-EVOLVE] step=72 curr=141928.49 best_other=150504.92 ratio=0.9430 ee_to_optimal=0.0480m phi=0.0252m
[STAGE-A-TRACE] step=72 sim_t=0.720 mode=free phi=0.02516 box_xy=+0.00000,+0.00000 lam_n_ee_box=nan qy=+0.00001 qz=+0.00000 finished_repos=0
[DRAKE-CONTACT] step=72 n_pairs=1 ee_box_normal=0.000
[GATE-CONTACT] step=72 F_W=(+0.0000,+0.0000,+0.0000) F_on_box=(-0.0000,-0.0000,-0.0000) n_face_out=(-0.0000,-0.0000,-0.0000) A_is_ee=0 box_q=(+1.00000,-0.00001,+0.00001,+0.00000) box_p=(+0.00000,+0.00000,+0.04999) ee_p=(+0.04024,+0.03316,+0.15014)
[LATERAL] perp=31.7mm scale=50.0mm strength=0.63 shift_mm=(+0.0,-20.1)
[ADMM-C3+] primal: 10.8324->4.9639  dual: 899.6131->21.0004  mono=False  iters=25/25  rho=50.0
[ADMM-C3+] WARNING non-converged: pr=4.9639 dr=21.0004 tol=1e-03
[C3+] step=216 |u[0]|=9.18N λ_n_max=0.759 η_n_max=1.879 primal=4.964 iters=25/25 lcp_res_max=9.32e-08
[ADMIT-GUARD] step=73 admit_active=0 latch=0/0 ee_z=0.150 gate_cap=0
[ALT-GATE] step=73 target_stable=0/0 allow_descent=1
[GS-tgt] step=73 ee=(+0.042,+0.032,+0.150) p_repos=(+0.080,+0.000,+0.030) ee_to_target=0.130m target_label=prev_repos target_changed=N delta=0.000m
[GS] step=73 mode=free switch=kStayInRepos best_k=0 best_src=prev_repos curr_cost=141918.36 repos_cost=150503.04 best_other=150503.04 met_progress=N steps_since_improve=71 switches=0
[STEP] step=73 mode=free t=0.730s ee=(+0.042,+0.032,+0.150) obj=(+0.000,+0.000,+0.050) goal_dist=0.300m switch=kStayInRepos target=(+0.042,+0.029,+0.150) ee_stride=0.003m ee_to_ptarget=0.130m landing_err=0.1217m ik_ok=Y ik_resid=0.0009m q_max_resid_deg=3.47 target_changed=Y retgt=N held_idx=1 held_cost=150503.04 won_cost=150503.04 margin=+0.00 won_src=prev_repos held_valid=Y reason=hold setpoint_to_ptarget=nanm finished_val=nanm finished_thresh=0.0200m pd_resid=nanm nextwp_to_ptarget=nanm guide_terminal_err=nanm
[GATE-EVOLVE] step=73 curr=141918.36 best_other=150503.04 ratio=0.9430 ee_to_optimal=0.0459m phi=0.0252m
[STAGE-A-TRACE] step=73 sim_t=0.730 mode=free phi=0.02519 box_xy=+0.00000,+0.00000 lam_n_ee_box=nan qy=+0.00001 qz=+0.00000 finished_repos=0
[DRAKE-CONTACT] step=73 n_pairs=1 ee_box_normal=0.000
[GATE-CONTACT] step=73 F_W=(+0.0000,+0.0000,+0.0000) F_on_box=(-0.0000,-0.0000,-0.0000) n_face_out=(-0.0000,-0.0000,-0.0000) A_is_ee=0 box_q=(+1.00000,-0.00001,+0.00001,+0.00000) box_p=(+0.00000,+0.00000,+0.04999) ee_p=(+0.04173,+0.03169,+0.15018)
[LATERAL] perp=30.2mm scale=50.0mm strength=0.60 shift_mm=(+0.0,-18.3)
[ADMM-C3+] primal: 10.8324->4.9639  dual: 899.6131->21.0004  mono=False  iters=25/25  rho=50.0
[ADMM-C3+] WARNING non-converged: pr=4.9639 dr=21.0004 tol=1e-03
[C3+] step=219 |u[0]|=9.07N λ_n_max=0.759 η_n_max=1.879 primal=4.964 iters=25/25 lcp_res_max=9.32e-08
[ADMIT-GUARD] step=74 admit_active=0 latch=0/0 ee_z=0.150 gate_cap=0
[ALT-GATE] step=74 target_stable=0/0 allow_descent=1
[GS-tgt] step=74 ee=(+0.043,+0.030,+0.150) p_repos=(+0.080,+0.000,+0.030) ee_to_target=0.129m target_label=prev_repos target_changed=N delta=0.000m
[GS] step=74 mode=free switch=kStayInRepos best_k=0 best_src=prev_repos curr_cost=141909.39 repos_cost=150502.17 best_other=150502.17 met_progress=N steps_since_improve=72 switches=0
[STEP] step=74 mode=free t=0.740s ee=(+0.043,+0.030,+0.150) obj=(+0.000,+0.000,+0.050) goal_dist=0.300m switch=kStayInRepos target=(+0.044,+0.028,+0.150) ee_stride=0.002m ee_to_ptarget=0.129m landing_err=0.1212m ik_ok=Y ik_resid=0.0009m q_max_resid_deg=3.60 target_changed=Y retgt=N held_idx=1 held_cost=150502.17 won_cost=150502.17 margin=+0.00 won_src=prev_repos held_valid=Y reason=hold setpoint_to_ptarget=nanm finished_val=nanm finished_thresh=0.0200m pd_resid=nanm nextwp_to_ptarget=nanm guide_terminal_err=nanm
[GATE-EVOLVE] step=74 curr=141909.39 best_other=150502.17 ratio=0.9429 ee_to_optimal=0.0439m phi=0.0252m
[STAGE-A-TRACE] step=74 sim_t=0.740 mode=free phi=0.02523 box_xy=+0.00000,+0.00000 lam_n_ee_box=nan qy=+0.00001 qz=+0.00000 finished_repos=0
[DRAKE-CONTACT] step=74 n_pairs=1 ee_box_normal=0.000
[GATE-CONTACT] step=74 F_W=(+0.0000,+0.0000,+0.0000) F_on_box=(-0.0000,-0.0000,-0.0000) n_face_out=(-0.0000,-0.0000,-0.0000) A_is_ee=0 box_q=(+1.00000,-0.00001,+0.00001,+0.00000) box_p=(+0.00000,+0.00000,+0.04999) ee_p=(+0.04322,+0.03024,+0.15022)
[LATERAL] perp=28.8mm scale=50.0mm strength=0.58 shift_mm=(+0.0,-16.6)
[ADMM-C3+] primal: 10.8324->4.9639  dual: 899.6131->21.0004  mono=False  iters=25/25  rho=50.0
[ADMM-C3+] WARNING non-converged: pr=4.9639 dr=21.0004 tol=1e-03
[C3+] step=222 |u[0]|=8.97N λ_n_max=0.759 η_n_max=1.879 primal=4.964 iters=25/25 lcp_res_max=9.32e-08
[ADMIT-GUARD] step=75 admit_active=0 latch=0/0 ee_z=0.150 gate_cap=0
[ALT-GATE] step=75 target_stable=0/0 allow_descent=1
[GS-tgt] step=75 ee=(+0.045,+0.029,+0.150) p_repos=(+0.080,+0.000,+0.030) ee_to_target=0.129m target_label=prev_repos target_changed=N delta=0.000m
[GS] step=75 mode=free switch=kStayInRepos best_k=0 best_src=prev_repos curr_cost=141901.52 repos_cost=150502.27 best_other=150502.27 met_progress=N steps_since_improve=73 switches=0
[STEP] step=75 mode=free t=0.750s ee=(+0.045,+0.029,+0.150) obj=(+0.000,+0.000,+0.050) goal_dist=0.300m switch=kStayInRepos target=(+0.045,+0.027,+0.150) ee_stride=0.002m ee_to_ptarget=0.129m landing_err=0.1209m ik_ok=Y ik_resid=0.0010m q_max_resid_deg=3.74 target_changed=Y retgt=N held_idx=1 held_cost=150502.27 won_cost=150502.27 margin=+0.00 won_src=prev_repos held_valid=Y reason=hold setpoint_to_ptarget=nanm finished_val=nanm finished_thresh=0.0200m pd_resid=nanm nextwp_to_ptarget=nanm guide_terminal_err=nanm
[GATE-EVOLVE] step=75 curr=141901.52 best_other=150502.27 ratio=0.9429 ee_to_optimal=0.0418m phi=0.0253m
[STAGE-A-TRACE] step=75 sim_t=0.750 mode=free phi=0.02527 box_xy=+0.00000,+0.00000 lam_n_ee_box=nan qy=+0.00001 qz=+0.00000 finished_repos=0
[DRAKE-CONTACT] step=75 n_pairs=1 ee_box_normal=0.000
[GATE-CONTACT] step=75 F_W=(+0.0000,+0.0000,+0.0000) F_on_box=(-0.0000,-0.0000,-0.0000) n_face_out=(-0.0000,-0.0000,-0.0000) A_is_ee=0 box_q=(+1.00000,-0.00001,+0.00001,+0.00000) box_p=(+0.00000,+0.00000,+0.04999) ee_p=(+0.04469,+0.02882,+0.15026)
[LATERAL] perp=27.4mm scale=50.0mm strength=0.55 shift_mm=(+0.0,-15.0)
[ADMM-C3+] primal: 10.8324->4.9639  dual: 899.6131->21.0004  mono=False  iters=25/25  rho=50.0
[ADMM-C3+] WARNING non-converged: pr=4.9639 dr=21.0004 tol=1e-03
[C3+] step=225 |u[0]|=8.89N λ_n_max=0.759 η_n_max=1.879 primal=4.964 iters=25/25 lcp_res_max=9.32e-08
[ADMIT-GUARD] step=76 admit_active=0 latch=0/0 ee_z=0.150 gate_cap=0
[ALT-GATE] step=76 target_stable=0/0 allow_descent=1
[GS-tgt] step=76 ee=(+0.046,+0.027,+0.150) p_repos=(+0.080,+0.000,+0.030) ee_to_target=0.128m target_label=prev_repos target_changed=N delta=0.000m
[GS] step=76 mode=free switch=kStayInRepos best_k=0 best_src=prev_repos curr_cost=141894.66 repos_cost=150503.29 best_other=150503.29 met_progress=N steps_since_improve=74 switches=0
[STEP] step=76 mode=free t=0.760s ee=(+0.046,+0.027,+0.150) obj=(+0.000,+0.000,+0.050) goal_dist=0.300m switch=kStayInRepos target=(+0.046,+0.026,+0.150) ee_stride=0.002m ee_to_ptarget=0.128m landing_err=0.1206m ik_ok=Y ik_resid=0.0000m q_max_resid_deg=3.89 target_changed=Y retgt=N held_idx=1 held_cost=150503.29 won_cost=150503.29 margin=+0.00 won_src=prev_repos held_valid=Y reason=hold setpoint_to_ptarget=nanm finished_val=nanm finished_thresh=0.0200m pd_resid=nanm nextwp_to_ptarget=nanm guide_terminal_err=nanm
[GATE-EVOLVE] step=76 curr=141894.66 best_other=150503.29 ratio=0.9428 ee_to_optimal=0.0398m phi=0.0253m
[STAGE-A-TRACE] step=76 sim_t=0.760 mode=free phi=0.02530 box_xy=+0.00000,+0.00000 lam_n_ee_box=nan qy=+0.00001 qz=+0.00000 finished_repos=0
[DRAKE-CONTACT] step=76 n_pairs=1 ee_box_normal=0.000
[GATE-CONTACT] step=76 F_W=(+0.0000,+0.0000,+0.0000) F_on_box=(-0.0000,-0.0000,-0.0000) n_face_out=(-0.0000,-0.0000,-0.0000) A_is_ee=0 box_q=(+1.00000,-0.00001,+0.00001,+0.00000) box_p=(+0.00000,+0.00000,+0.04999) ee_p=(+0.04617,+0.02743,+0.15029)
[LATERAL] perp=26.1mm scale=50.0mm strength=0.52 shift_mm=(+0.0,-13.6)
[ADMM-C3+] primal: 10.8324->4.9639  dual: 899.6131->21.0004  mono=False  iters=25/25  rho=50.0
[ADMM-C3+] WARNING non-converged: pr=4.9639 dr=21.0004 tol=1e-03
[C3+] step=228 |u[0]|=8.81N λ_n_max=0.759 η_n_max=1.879 primal=4.964 iters=25/25 lcp_res_max=9.32e-08
[ADMIT-GUARD] step=77 admit_active=0 latch=0/0 ee_z=0.150 gate_cap=0
[ALT-GATE] step=77 target_stable=0/0 allow_descent=1
[GS-tgt] step=77 ee=(+0.048,+0.026,+0.150) p_repos=(+0.080,+0.000,+0.030) ee_to_target=0.127m target_label=prev_repos target_changed=N delta=0.000m
[GS] step=77 mode=free switch=kStayInRepos best_k=0 best_src=prev_repos curr_cost=141888.73 repos_cost=150505.18 best_other=150505.18 met_progress=N steps_since_improve=75 switches=0
[STEP] step=77 mode=free t=0.770s ee=(+0.048,+0.026,+0.150) obj=(+0.000,+0.000,+0.050) goal_dist=0.300m switch=kStayInRepos target=(+0.048,+0.025,+0.150) ee_stride=0.001m ee_to_ptarget=0.127m landing_err=0.1205m ik_ok=Y ik_resid=0.0000m q_max_resid_deg=4.02 target_changed=Y retgt=N held_idx=1 held_cost=150505.18 won_cost=150505.18 margin=+0.00 won_src=prev_repos held_valid=Y reason=hold setpoint_to_ptarget=nanm finished_val=nanm finished_thresh=0.0200m pd_resid=nanm nextwp_to_ptarget=nanm guide_terminal_err=nanm
[GATE-EVOLVE] step=77 curr=141888.73 best_other=150505.18 ratio=0.9427 ee_to_optimal=0.0378m phi=0.0253m
[STAGE-A-TRACE] step=77 sim_t=0.770 mode=free phi=0.02534 box_xy=+0.00000,+0.00000 lam_n_ee_box=nan qy=+0.00001 qz=+0.00000 finished_repos=0
[DRAKE-CONTACT] step=77 n_pairs=1 ee_box_normal=0.000
[GATE-CONTACT] step=77 F_W=(+0.0000,+0.0000,+0.0000) F_on_box=(-0.0000,-0.0000,-0.0000) n_face_out=(-0.0000,-0.0000,-0.0000) A_is_ee=0 box_q=(+1.00000,-0.00001,+0.00001,+0.00000) box_p=(+0.00000,+0.00000,+0.04999) ee_p=(+0.04764,+0.02607,+0.15033)
[LATERAL] perp=24.7mm scale=50.0mm strength=0.49 shift_mm=(+0.0,-12.2)
[ADMM-C3+] primal: 10.8324->4.9639  dual: 899.6131->21.0004  mono=False  iters=25/25  rho=50.0
[ADMM-C3+] WARNING non-converged: pr=4.9639 dr=21.0004 tol=1e-03
[C3+] step=231 |u[0]|=8.74N λ_n_max=0.759 η_n_max=1.879 primal=4.964 iters=25/25 lcp_res_max=9.32e-08
[ADMIT-GUARD] step=78 admit_active=0 latch=0/0 ee_z=0.150 gate_cap=0
[ALT-GATE] step=78 target_stable=0/0 allow_descent=1
[GS-tgt] step=78 ee=(+0.049,+0.025,+0.150) p_repos=(+0.080,+0.000,+0.030) ee_to_target=0.127m target_label=prev_repos target_changed=N delta=0.000m
[GS] step=78 mode=free switch=kStayInRepos best_k=0 best_src=prev_repos curr_cost=141883.62 repos_cost=150507.88 best_other=150507.88 met_progress=N steps_since_improve=76 switches=0
[STEP] step=78 mode=free t=0.780s ee=(+0.049,+0.025,+0.150) obj=(+0.000,+0.000,+0.050) goal_dist=0.300m switch=kStayInRepos target=(+0.049,+0.024,+0.150) ee_stride=0.001m ee_to_ptarget=0.127m landing_err=0.1165m ik_ok=Y ik_resid=0.0009m q_max_resid_deg=3.70 target_changed=Y retgt=N held_idx=1 held_cost=150507.88 won_cost=150507.88 margin=+0.00 won_src=prev_repos held_valid=Y reason=hold setpoint_to_ptarget=nanm finished_val=nanm finished_thresh=0.0200m pd_resid=nanm nextwp_to_ptarget=nanm guide_terminal_err=nanm
[GATE-EVOLVE] step=78 curr=141883.62 best_other=150507.88 ratio=0.9427 ee_to_optimal=0.0358m phi=0.0254m
[STAGE-A-TRACE] step=78 sim_t=0.780 mode=free phi=0.02536 box_xy=+0.00000,+0.00000 lam_n_ee_box=nan qy=+0.00001 qz=+0.00000 finished_repos=0
[DRAKE-CONTACT] step=78 n_pairs=1 ee_box_normal=0.000
[GATE-CONTACT] step=78 F_W=(+0.0000,+0.0000,+0.0000) F_on_box=(-0.0000,-0.0000,-0.0000) n_face_out=(-0.0000,-0.0000,-0.0000) A_is_ee=0 box_q=(+1.00000,-0.00001,+0.00001,+0.00000) box_p=(+0.00000,+0.00000,+0.04999) ee_p=(+0.04910,+0.02474,+0.15035)
[LATERAL] perp=23.4mm scale=50.0mm strength=0.47 shift_mm=(+0.0,-11.0)
[ADMM-C3+] primal: 10.8324->4.9639  dual: 899.6131->21.0004  mono=False  iters=25/25  rho=50.0
[ADMM-C3+] WARNING non-converged: pr=4.9639 dr=21.0004 tol=1e-03
[C3+] step=234 |u[0]|=8.69N λ_n_max=0.759 η_n_max=1.879 primal=4.964 iters=25/25 lcp_res_max=9.32e-08
[ADMIT-GUARD] step=79 admit_active=0 latch=0/0 ee_z=0.150 gate_cap=0
[ALT-GATE] step=79 target_stable=0/0 allow_descent=1
[GS-tgt] step=79 ee=(+0.051,+0.023,+0.150) p_repos=(+0.080,+0.000,+0.030) ee_to_target=0.126m target_label=prev_repos target_changed=N delta=0.000m
[GS] step=79 mode=free switch=kStayInRepos best_k=0 best_src=prev_repos curr_cost=141879.28 repos_cost=150511.36 best_other=150511.36 met_progress=N steps_since_improve=77 switches=0
[STEP] step=79 mode=free t=0.790s ee=(+0.051,+0.023,+0.150) obj=(+0.000,+0.000,+0.050) goal_dist=0.300m switch=kStayInRepos target=(+0.051,+0.022,+0.150) ee_stride=0.001m ee_to_ptarget=0.126m landing_err=0.1125m ik_ok=Y ik_resid=0.0007m q_max_resid_deg=3.27 target_changed=Y retgt=N held_idx=1 held_cost=150511.36 won_cost=150511.36 margin=+0.00 won_src=prev_repos held_valid=Y reason=hold setpoint_to_ptarget=nanm finished_val=nanm finished_thresh=0.0200m pd_resid=nanm nextwp_to_ptarget=nanm guide_terminal_err=nanm
[GATE-EVOLVE] step=79 curr=141879.28 best_other=150511.36 ratio=0.9426 ee_to_optimal=0.0339m phi=0.0254m
[STAGE-A-TRACE] step=79 sim_t=0.790 mode=free phi=0.02539 box_xy=+0.00000,+0.00000 lam_n_ee_box=nan qy=+0.00001 qz=+0.00000 finished_repos=0
[DRAKE-CONTACT] step=79 n_pairs=1 ee_box_normal=0.000
[GATE-CONTACT] step=79 F_W=(+0.0000,+0.0000,+0.0000) F_on_box=(-0.0000,-0.0000,-0.0000) n_face_out=(-0.0000,-0.0000,-0.0000) A_is_ee=0 box_q=(+1.00000,-0.00001,+0.00001,+0.00000) box_p=(+0.00000,+0.00000,+0.04999) ee_p=(+0.05056,+0.02344,+0.15038)
[LATERAL] perp=22.2mm scale=50.0mm strength=0.44 shift_mm=(+0.0,-9.8)
[ADMM-C3+] primal: 10.8324->4.9639  dual: 899.6131->21.0004  mono=False  iters=25/25  rho=50.0
[ADMM-C3+] WARNING non-converged: pr=4.9639 dr=21.0004 tol=1e-03
[C3+] step=237 |u[0]|=8.64N λ_n_max=0.759 η_n_max=1.879 primal=4.964 iters=25/25 lcp_res_max=9.32e-08
[ADMIT-GUARD] step=80 admit_active=0 latch=0/0 ee_z=0.150 gate_cap=0
[ALT-GATE] step=80 target_stable=0/0 allow_descent=1
[GS-tgt] step=80 ee=(+0.052,+0.022,+0.150) p_repos=(+0.080,+0.000,+0.030) ee_to_target=0.126m target_label=prev_repos target_changed=N delta=0.000m
[IMP] step=80 mode=free |x_err|=0.0008m |tau_imp|=1.51Nm |tau_ff|=0.00Nm |tau_out|=1.51Nm sat=False lam_n=False lam_t=False
[GS] step=80 mode=free switch=kStayInRepos best_k=0 best_src=prev_repos curr_cost=141875.60 repos_cost=150515.56 best_other=150515.56 met_progress=N steps_since_improve=78 switches=0
[STEP] step=80 mode=free t=0.800s ee=(+0.052,+0.022,+0.150) obj=(+0.000,+0.000,+0.050) goal_dist=0.300m switch=kStayInRepos target=(+0.052,+0.021,+0.150) ee_stride=0.001m ee_to_ptarget=0.126m landing_err=0.1085m ik_ok=Y ik_resid=0.0007m q_max_resid_deg=2.84 target_changed=Y retgt=N held_idx=1 held_cost=150515.56 won_cost=150515.56 margin=+0.00 won_src=prev_repos held_valid=Y reason=hold setpoint_to_ptarget=nanm finished_val=nanm finished_thresh=0.0200m pd_resid=nanm nextwp_to_ptarget=nanm guide_terminal_err=nanm
[GATE-EVOLVE] step=80 curr=141875.60 best_other=150515.56 ratio=0.9426 ee_to_optimal=0.0319m phi=0.0254m
[STAGE-A-TRACE] step=80 sim_t=0.800 mode=free phi=0.02545 box_xy=+0.00000,+0.00000 lam_n_ee_box=nan qy=+0.00001 qz=+0.00000 finished_repos=0
[GS-table] step=80
  k=0 (current   ) pos=(+0.052,+0.022,+0.150) c_C3= 171875.60 align=1.0000(bonus=30000.00) rot=+0.0000(bonus=    0.00) travel=0.000m(pen=  0.00) c_sample= 141875.60 feas=Y ik_err=0.0000m  ← WIN
  k=1 (prev_repos) pos=(+0.080,+0.000,+0.030) c_C3= 180490.44 align=1.0000(bonus=30000.00) rot=+0.0000(bonus=    0.00) travel=0.126m(pen= 25.12) c_sample= 150515.56 feas=Y ik_err=0.0000m
  k=2 (strat_0   ) pos=(+0.080,+0.000,+0.030) c_C3= 180490.44 align=1.0000(bonus=30000.00) rot=+0.0000(bonus=    0.00) travel=0.126m(pen= 25.12) c_sample= 150515.56 feas=Y ik_err=0.0000m
[DRAKE-CONTACT] step=80 n_pairs=1 ee_box_normal=0.000
[GATE-CONTACT] step=80 F_W=(+0.0000,+0.0000,+0.0000) F_on_box=(-0.0000,-0.0000,-0.0000) n_face_out=(-0.0000,-0.0000,-0.0000) A_is_ee=0 box_q=(+1.00000,-0.00001,+0.00001,+0.00000) box_p=(+0.00000,+0.00000,+0.04999) ee_p=(+0.05201,+0.02216,+0.15040)
[LATERAL] perp=20.9mm scale=50.0mm strength=0.42 shift_mm=(+0.0,-8.7)
[ADMM-C3+] primal: 10.8324->4.9639  dual: 899.6131->21.0004  mono=False  iters=25/25  rho=50.0
[ADMM-C3+] WARNING non-converged: pr=4.9639 dr=21.0004 tol=1e-03
[C3+] step=240 |u[0]|=8.60N λ_n_max=0.759 η_n_max=1.879 primal=4.964 iters=25/25 lcp_res_max=9.32e-08
[ADMIT-GUARD] step=81 admit_active=0 latch=0/0 ee_z=0.150 gate_cap=0
[ALT-GATE] step=81 target_stable=0/0 allow_descent=1
[GS-tgt] step=81 ee=(+0.053,+0.021,+0.150) p_repos=(+0.080,+0.000,+0.030) ee_to_target=0.125m target_label=prev_repos target_changed=N delta=0.000m
[GS] step=81 mode=free switch=kStayInRepos best_k=0 best_src=prev_repos curr_cost=141872.54 repos_cost=150520.45 best_other=150520.45 met_progress=N steps_since_improve=79 switches=0
[STEP] step=81 mode=free t=0.810s ee=(+0.053,+0.021,+0.150) obj=(+0.000,+0.000,+0.050) goal_dist=0.300m switch=kStayInRepos target=(+0.054,+0.020,+0.150) ee_stride=0.001m ee_to_ptarget=0.125m landing_err=0.1045m ik_ok=Y ik_resid=0.0008m q_max_resid_deg=2.42 target_changed=Y retgt=N held_idx=1 held_cost=150520.45 won_cost=150520.45 margin=+0.00 won_src=prev_repos held_valid=Y reason=hold setpoint_to_ptarget=nanm finished_val=nanm finished_thresh=0.0200m pd_resid=nanm nextwp_to_ptarget=nanm guide_terminal_err=nanm
[GATE-EVOLVE] step=81 curr=141872.54 best_other=150520.45 ratio=0.9425 ee_to_optimal=0.0300m phi=0.0255m
[STAGE-A-TRACE] step=81 sim_t=0.810 mode=free phi=0.02554 box_xy=+0.00000,+0.00000 lam_n_ee_box=nan qy=+0.00001 qz=+0.00000 finished_repos=0
[DRAKE-CONTACT] step=81 n_pairs=1 ee_box_normal=0.000
[GATE-CONTACT] step=81 F_W=(+0.0000,+0.0000,+0.0000) F_on_box=(-0.0000,-0.0000,-0.0000) n_face_out=(-0.0000,-0.0000,-0.0000) A_is_ee=0 box_q=(+1.00000,-0.00001,+0.00001,+0.00000) box_p=(+0.00000,+0.00000,+0.04999) ee_p=(+0.05346,+0.02090,+0.15041)
[LATERAL] perp=19.7mm scale=50.0mm strength=0.39 shift_mm=(+0.0,-7.7)
[ADMM-C3+] primal: 10.8324->4.9639  dual: 899.6131->21.0004  mono=False  iters=25/25  rho=50.0
[ADMM-C3+] WARNING non-converged: pr=4.9639 dr=21.0004 tol=1e-03
[C3+] step=243 |u[0]|=8.57N λ_n_max=0.759 η_n_max=1.879 primal=4.964 iters=25/25 lcp_res_max=9.32e-08
[ADMIT-GUARD] step=82 admit_active=0 latch=0/0 ee_z=0.150 gate_cap=0
[ALT-GATE] step=82 target_stable=0/0 allow_descent=1
[GS-tgt] step=82 ee=(+0.055,+0.020,+0.150) p_repos=(+0.080,+0.000,+0.030) ee_to_target=0.125m target_label=prev_repos target_changed=N delta=0.000m
[GS] step=82 mode=free switch=kStayInRepos best_k=0 best_src=prev_repos curr_cost=141870.03 repos_cost=150526.01 best_other=150526.01 met_progress=N steps_since_improve=80 switches=0
[STEP] step=82 mode=free t=0.820s ee=(+0.055,+0.020,+0.150) obj=(+0.000,+0.000,+0.050) goal_dist=0.300m switch=kStayInRepos target=(+0.055,+0.019,+0.150) ee_stride=0.001m ee_to_ptarget=0.125m landing_err=0.1005m ik_ok=Y ik_resid=0.0010m q_max_resid_deg=2.01 target_changed=Y retgt=N held_idx=1 held_cost=150526.01 won_cost=150526.01 margin=+0.00 won_src=prev_repos held_valid=Y reason=hold setpoint_to_ptarget=nanm finished_val=nanm finished_thresh=0.0200m pd_resid=nanm nextwp_to_ptarget=nanm guide_terminal_err=nanm
[GATE-EVOLVE] step=82 curr=141870.03 best_other=150526.01 ratio=0.9425 ee_to_optimal=0.0281m phi=0.0257m
[STAGE-A-TRACE] step=82 sim_t=0.820 mode=free phi=0.02567 box_xy=+0.00000,+0.00000 lam_n_ee_box=nan qy=+0.00001 qz=+0.00000 finished_repos=0
[DRAKE-CONTACT] step=82 n_pairs=1 ee_box_normal=0.000
[GATE-CONTACT] step=82 F_W=(+0.0000,+0.0000,+0.0000) F_on_box=(-0.0000,-0.0000,-0.0000) n_face_out=(-0.0000,-0.0000,-0.0000) A_is_ee=0 box_q=(+1.00000,-0.00001,+0.00001,+0.00000) box_p=(+0.00000,+0.00000,+0.04999) ee_p=(+0.05491,+0.01967,+0.15043)
[LATERAL] perp=18.5mm scale=50.0mm strength=0.37 shift_mm=(+0.0,-6.8)
[ADMM-C3+] primal: 10.8324->4.9639  dual: 899.6131->21.0004  mono=False  iters=25/25  rho=50.0
[ADMM-C3+] WARNING non-converged: pr=4.9639 dr=21.0004 tol=1e-03
[C3+] step=246 |u[0]|=8.54N λ_n_max=0.759 η_n_max=1.879 primal=4.964 iters=25/25 lcp_res_max=9.32e-08
[ADMIT-GUARD] step=83 admit_active=0 latch=0/0 ee_z=0.150 gate_cap=0
[ALT-GATE] step=83 target_stable=0/0 allow_descent=1
[GS-tgt] step=83 ee=(+0.056,+0.018,+0.150) p_repos=(+0.080,+0.000,+0.030) ee_to_target=0.124m target_label=prev_repos target_changed=N delta=0.000m
[GS] step=83 mode=free switch=kStayInRepos best_k=0 best_src=prev_repos curr_cost=141868.02 repos_cost=150532.20 best_other=150532.20 met_progress=N steps_since_improve=81 switches=0
[STEP] step=83 mode=free t=0.830s ee=(+0.056,+0.018,+0.150) obj=(+0.000,+0.000,+0.050) goal_dist=0.300m switch=kStayInRepos target=(+0.056,+0.018,+0.150) ee_stride=0.000m ee_to_ptarget=0.124m landing_err=0.0965m ik_ok=Y ik_resid=0.0000m q_max_resid_deg=1.90 target_changed=Y retgt=N held_idx=1 held_cost=150532.20 won_cost=150532.20 margin=+0.00 won_src=prev_repos held_valid=Y reason=hold setpoint_to_ptarget=nanm finished_val=nanm finished_thresh=0.0200m pd_resid=nanm nextwp_to_ptarget=nanm guide_terminal_err=nanm
[GATE-EVOLVE] step=83 curr=141868.02 best_other=150532.20 ratio=0.9424 ee_to_optimal=0.0262m phi=0.0258m
[STAGE-A-TRACE] step=83 sim_t=0.830 mode=free phi=0.02584 box_xy=+0.00000,+0.00000 lam_n_ee_box=nan qy=+0.00001 qz=+0.00000 finished_repos=0
[DRAKE-CONTACT] step=83 n_pairs=1 ee_box_normal=0.000
[GATE-CONTACT] step=83 F_W=(+0.0000,+0.0000,+0.0000) F_on_box=(-0.0000,-0.0000,-0.0000) n_face_out=(-0.0000,-0.0000,-0.0000) A_is_ee=0 box_q=(+1.00000,-0.00001,+0.00001,+0.00000) box_p=(+0.00000,+0.00000,+0.04999) ee_p=(+0.05635,+0.01845,+0.15043)
[LATERAL] perp=17.3mm scale=50.0mm strength=0.35 shift_mm=(+0.0,-6.0)
[ADMM-C3+] primal: 10.8324->4.9639  dual: 899.6131->21.0004  mono=False  iters=25/25  rho=50.0
[ADMM-C3+] WARNING non-converged: pr=4.9639 dr=21.0004 tol=1e-03
[C3+] step=249 |u[0]|=8.52N λ_n_max=0.759 η_n_max=1.879 primal=4.964 iters=25/25 lcp_res_max=9.32e-08
[ADMIT-GUARD] step=84 admit_active=0 latch=0/0 ee_z=0.150 gate_cap=0
[ALT-GATE] step=84 target_stable=0/0 allow_descent=1
[GS-tgt] step=84 ee=(+0.058,+0.017,+0.150) p_repos=(+0.080,+0.000,+0.030) ee_to_target=0.124m target_label=prev_repos target_changed=N delta=0.000m
[GS] step=84 mode=free switch=kStayInRepos best_k=0 best_src=prev_repos curr_cost=141866.45 repos_cost=150539.00 best_other=150539.00 met_progress=N steps_since_improve=82 switches=0
[STEP] step=84 mode=free t=0.840s ee=(+0.058,+0.017,+0.150) obj=(+0.000,+0.000,+0.050) goal_dist=0.300m switch=kStayInRepos target=(+0.058,+0.017,+0.150) ee_stride=0.000m ee_to_ptarget=0.124m landing_err=0.0925m ik_ok=Y ik_resid=0.0001m q_max_resid_deg=2.08 target_changed=Y retgt=N held_idx=1 held_cost=150539.00 won_cost=150539.00 margin=+0.00 won_src=prev_repos held_valid=Y reason=hold setpoint_to_ptarget=nanm finished_val=nanm finished_thresh=0.0200m pd_resid=nanm nextwp_to_ptarget=nanm guide_terminal_err=nanm
[GATE-EVOLVE] step=84 curr=141866.45 best_other=150539.00 ratio=0.9424 ee_to_optimal=0.0244m phi=0.0260m
[STAGE-A-TRACE] step=84 sim_t=0.840 mode=free phi=0.02605 box_xy=+0.00000,+0.00000 lam_n_ee_box=nan qy=+0.00001 qz=+0.00000 finished_repos=0
[DRAKE-CONTACT] step=84 n_pairs=1 ee_box_normal=0.000
[GATE-CONTACT] step=84 F_W=(+0.0000,+0.0000,+0.0000) F_on_box=(-0.0000,-0.0000,-0.0000) n_face_out=(-0.0000,-0.0000,-0.0000) A_is_ee=0 box_q=(+1.00000,-0.00001,+0.00001,+0.00000) box_p=(+0.00000,+0.00000,+0.04999) ee_p=(+0.05779,+0.01726,+0.15044)
[LATERAL] perp=16.1mm scale=50.0mm strength=0.32 shift_mm=(+0.0,-5.2)
[ADMM-C3+] primal: 10.8324->4.9639  dual: 899.6131->21.0004  mono=False  iters=25/25  rho=50.0
[ADMM-C3+] WARNING non-converged: pr=4.9639 dr=21.0004 tol=1e-03
[C3+] step=252 |u[0]|=8.51N λ_n_max=0.759 η_n_max=1.879 primal=4.964 iters=25/25 lcp_res_max=9.32e-08
[ADMIT-GUARD] step=85 admit_active=0 latch=0/0 ee_z=0.150 gate_cap=0
[ALT-GATE] step=85 target_stable=0/0 allow_descent=1
[GS-tgt] step=85 ee=(+0.059,+0.016,+0.150) p_repos=(+0.080,+0.000,+0.030) ee_to_target=0.123m target_label=prev_repos target_changed=N delta=0.000m
[GS] step=85 mode=free switch=kStayInRepos best_k=0 best_src=prev_repos curr_cost=141865.30 repos_cost=150546.40 best_other=150546.40 met_progress=N steps_since_improve=83 switches=0
[STEP] step=85 mode=free t=0.850s ee=(+0.059,+0.016,+0.150) obj=(+0.000,+0.000,+0.050) goal_dist=0.300m switch=kStayInRepos target=(+0.059,+0.016,+0.150) ee_stride=0.000m ee_to_ptarget=0.123m landing_err=0.0885m ik_ok=Y ik_resid=0.0001m q_max_resid_deg=2.25 target_changed=Y retgt=N held_idx=1 held_cost=150546.40 won_cost=150546.40 margin=+0.00 won_src=prev_repos held_valid=Y reason=hold setpoint_to_ptarget=nanm finished_val=nanm finished_thresh=0.0200m pd_resid=nanm nextwp_to_ptarget=nanm guide_terminal_err=nanm
[GATE-EVOLVE] step=85 curr=141865.30 best_other=150546.40 ratio=0.9423 ee_to_optimal=0.0225m phi=0.0263m
[STAGE-A-TRACE] step=85 sim_t=0.850 mode=free phi=0.02629 box_xy=+0.00000,+0.00000 lam_n_ee_box=nan qy=+0.00001 qz=+0.00000 finished_repos=0
[DRAKE-CONTACT] step=85 n_pairs=1 ee_box_normal=0.000
[GATE-CONTACT] step=85 F_W=(+0.0000,+0.0000,+0.0000) F_on_box=(-0.0000,-0.0000,-0.0000) n_face_out=(-0.0000,-0.0000,-0.0000) A_is_ee=0 box_q=(+1.00000,-0.00001,+0.00001,+0.00000) box_p=(+0.00000,+0.00000,+0.04999) ee_p=(+0.05923,+0.01608,+0.15044)
[LATERAL] perp=14.9mm scale=50.0mm strength=0.30 shift_mm=(+0.0,-4.4)
[ADMM-C3+] primal: 10.8324->4.9639  dual: 899.6131->21.0004  mono=False  iters=25/25  rho=50.0
[ADMM-C3+] WARNING non-converged: pr=4.9639 dr=21.0004 tol=1e-03
[C3+] step=255 |u[0]|=8.50N λ_n_max=0.759 η_n_max=1.879 primal=4.964 iters=25/25 lcp_res_max=9.32e-08
[ADMIT-GUARD] step=86 admit_active=0 latch=0/0 ee_z=0.150 gate_cap=0
[ALT-GATE] step=86 target_stable=0/0 allow_descent=1
[GS-tgt] step=86 ee=(+0.061,+0.015,+0.150) p_repos=(+0.080,+0.000,+0.030) ee_to_target=0.123m target_label=prev_repos target_changed=N delta=0.000m
[GS] step=86 mode=free switch=kStayInRepos best_k=0 best_src=prev_repos curr_cost=141864.52 repos_cost=150554.37 best_other=150554.37 met_progress=N steps_since_improve=84 switches=0
[STEP] step=86 mode=free t=0.860s ee=(+0.061,+0.015,+0.150) obj=(+0.000,+0.000,+0.050) goal_dist=0.300m switch=kStayInRepos target=(+0.061,+0.015,+0.150) ee_stride=0.000m ee_to_ptarget=0.123m landing_err=0.0845m ik_ok=Y ik_resid=0.0001m q_max_resid_deg=2.93 target_changed=Y retgt=N held_idx=1 held_cost=150554.37 won_cost=150554.37 margin=+0.00 won_src=prev_repos held_valid=Y reason=hold setpoint_to_ptarget=nanm finished_val=nanm finished_thresh=0.0200m pd_resid=nanm nextwp_to_ptarget=nanm guide_terminal_err=nanm
[GATE-EVOLVE] step=86 curr=141864.52 best_other=150554.37 ratio=0.9423 ee_to_optimal=0.0207m phi=0.0266m
[STAGE-A-TRACE] step=86 sim_t=0.860 mode=free phi=0.02656 box_xy=+0.00000,+0.00000 lam_n_ee_box=nan qy=+0.00001 qz=+0.00000 finished_repos=0
[DRAKE-CONTACT] step=86 n_pairs=1 ee_box_normal=0.000
[GATE-CONTACT] step=86 F_W=(+0.0000,+0.0000,+0.0000) F_on_box=(-0.0000,-0.0000,-0.0000) n_face_out=(-0.0000,-0.0000,-0.0000) A_is_ee=0 box_q=(+1.00000,-0.00001,+0.00001,+0.00000) box_p=(+0.00000,+0.00000,+0.04999) ee_p=(+0.06067,+0.01491,+0.15044)
[LATERAL] perp=13.7mm scale=50.0mm strength=0.27 shift_mm=(+0.0,-3.8)
[ADMM-C3+] primal: 10.8324->4.9639  dual: 899.6131->21.0004  mono=False  iters=25/25  rho=50.0
[ADMM-C3+] WARNING non-converged: pr=4.9639 dr=21.0004 tol=1e-03
[C3+] step=258 |u[0]|=8.49N λ_n_max=0.759 η_n_max=1.879 primal=4.964 iters=25/25 lcp_res_max=9.32e-08
[ADMIT-GUARD] step=87 admit_active=0 latch=0/0 ee_z=0.150 gate_cap=0
[ALT-GATE] step=87 target_stable=0/0 allow_descent=1
[GS-tgt] step=87 ee=(+0.062,+0.014,+0.150) p_repos=(+0.080,+0.000,+0.030) ee_to_target=0.123m target_label=prev_repos target_changed=N delta=0.000m
[GS] step=87 mode=free switch=kStayInRepos best_k=0 best_src=prev_repos curr_cost=141864.09 repos_cost=150562.91 best_other=150562.91 met_progress=N steps_since_improve=85 switches=0
[STEP] step=87 mode=free t=0.870s ee=(+0.062,+0.014,+0.150) obj=(+0.000,+0.000,+0.050) goal_dist=0.300m switch=kStayInRepos target=(+0.062,+0.014,+0.150) ee_stride=0.000m ee_to_ptarget=0.123m landing_err=0.0805m ik_ok=Y ik_resid=0.0001m q_max_resid_deg=3.67 target_changed=Y retgt=N held_idx=1 held_cost=150562.91 won_cost=150562.91 margin=+0.00 won_src=prev_repos held_valid=Y reason=hold setpoint_to_ptarget=nanm finished_val=nanm finished_thresh=0.0200m pd_resid=nanm nextwp_to_ptarget=nanm guide_terminal_err=nanm
[GATE-EVOLVE] step=87 curr=141864.09 best_other=150562.91 ratio=0.9422 ee_to_optimal=0.0188m phi=0.0269m
[STAGE-A-TRACE] step=87 sim_t=0.870 mode=free phi=0.02688 box_xy=+0.00000,+0.00000 lam_n_ee_box=nan qy=+0.00001 qz=+0.00000 finished_repos=0
[DRAKE-CONTACT] step=87 n_pairs=1 ee_box_normal=0.000
[GATE-CONTACT] step=87 F_W=(+0.0000,+0.0000,+0.0000) F_on_box=(-0.0000,-0.0000,-0.0000) n_face_out=(-0.0000,-0.0000,-0.0000) A_is_ee=0 box_q=(+1.00000,-0.00001,+0.00001,+0.00000) box_p=(+0.00000,+0.00000,+0.04999) ee_p=(+0.06211,+0.01375,+0.15043)
[LATERAL] perp=12.6mm scale=50.0mm strength=0.25 shift_mm=(+0.0,-3.2)
[ADMM-C3+] primal: 10.8324->4.9639  dual: 899.6131->21.0004  mono=False  iters=25/25  rho=50.0
[ADMM-C3+] WARNING non-converged: pr=4.9639 dr=21.0004 tol=1e-03
[C3+] step=261 |u[0]|=8.49N λ_n_max=0.759 η_n_max=1.879 primal=4.964 iters=25/25 lcp_res_max=9.32e-08
[ADMIT-GUARD] step=88 admit_active=0 latch=0/0 ee_z=0.150 gate_cap=0
[ALT-GATE] step=88 target_stable=0/0 allow_descent=1
[GS-tgt] step=88 ee=(+0.064,+0.013,+0.150) p_repos=(+0.080,+0.000,+0.030) ee_to_target=0.122m target_label=prev_repos target_changed=N delta=0.000m
[GS] step=88 mode=free switch=kStayInRepos best_k=0 best_src=prev_repos curr_cost=141863.97 repos_cost=150572.01 best_other=150572.01 met_progress=N steps_since_improve=86 switches=0
[STEP] step=88 mode=free t=0.880s ee=(+0.064,+0.013,+0.150) obj=(+0.000,+0.000,+0.050) goal_dist=0.300m switch=kStayInRepos target=(+0.064,+0.013,+0.150) ee_stride=0.000m ee_to_ptarget=0.122m landing_err=0.0765m ik_ok=Y ik_resid=0.0001m q_max_resid_deg=4.41 target_changed=Y retgt=N held_idx=1 held_cost=150572.01 won_cost=150572.01 margin=+0.00 won_src=prev_repos held_valid=Y reason=hold setpoint_to_ptarget=nanm finished_val=nanm finished_thresh=0.0200m pd_resid=nanm nextwp_to_ptarget=nanm guide_terminal_err=nanm
[GATE-EVOLVE] step=88 curr=141863.97 best_other=150572.01 ratio=0.9422 ee_to_optimal=0.0170m phi=0.0272m
[STAGE-A-TRACE] step=88 sim_t=0.880 mode=free phi=0.02722 box_xy=+0.00000,+0.00000 lam_n_ee_box=nan qy=+0.00001 qz=+0.00000 finished_repos=0
[DRAKE-CONTACT] step=88 n_pairs=1 ee_box_normal=0.000
[GATE-CONTACT] step=88 F_W=(+0.0000,+0.0000,+0.0000) F_on_box=(-0.0000,-0.0000,-0.0000) n_face_out=(-0.0000,-0.0000,-0.0000) A_is_ee=0 box_q=(+1.00000,-0.00001,+0.00001,+0.00000) box_p=(+0.00000,+0.00000,+0.04999) ee_p=(+0.06354,+0.01260,+0.15043)
[LATERAL] perp=11.5mm scale=50.0mm strength=0.23 shift_mm=(+0.0,-2.6)
[ADMM-C3+] primal: 10.8324->4.9639  dual: 899.6131->21.0004  mono=False  iters=25/25  rho=50.0
[ADMM-C3+] WARNING non-converged: pr=4.9639 dr=21.0004 tol=1e-03
[C3+] step=264 |u[0]|=8.49N λ_n_max=0.759 η_n_max=1.879 primal=4.964 iters=25/25 lcp_res_max=9.32e-08
[ADMIT-GUARD] step=89 admit_active=0 latch=0/0 ee_z=0.150 gate_cap=0
[ALT-GATE] step=89 target_stable=0/0 allow_descent=1
[GS-tgt] step=89 ee=(+0.065,+0.011,+0.150) p_repos=(+0.080,+0.000,+0.030) ee_to_target=0.122m target_label=prev_repos target_changed=N delta=0.000m
[GS] step=89 mode=free switch=kStayInRepos best_k=0 best_src=prev_repos curr_cost=141864.14 repos_cost=150581.66 best_other=150581.66 met_progress=N steps_since_improve=87 switches=0
[STEP] step=89 mode=free t=0.890s ee=(+0.065,+0.011,+0.150) obj=(+0.000,+0.000,+0.050) goal_dist=0.300m switch=kStayInRepos target=(+0.065,+0.012,+0.150) ee_stride=0.000m ee_to_ptarget=0.122m landing_err=0.0725m ik_ok=Y ik_resid=0.0001m q_max_resid_deg=5.15 target_changed=Y retgt=N held_idx=1 held_cost=150581.66 won_cost=150581.66 margin=+0.00 won_src=prev_repos held_valid=Y reason=hold setpoint_to_ptarget=nanm finished_val=nanm finished_thresh=0.0200m pd_resid=nanm nextwp_to_ptarget=nanm guide_terminal_err=nanm
[GATE-EVOLVE] step=89 curr=141864.14 best_other=150581.66 ratio=0.9421 ee_to_optimal=0.0152m phi=0.0276m
[STAGE-A-TRACE] step=89 sim_t=0.890 mode=free phi=0.02761 box_xy=+0.00000,+0.00000 lam_n_ee_box=nan qy=+0.00001 qz=+0.00000 finished_repos=0
[DRAKE-CONTACT] step=89 n_pairs=1 ee_box_normal=0.000
[GATE-CONTACT] step=89 F_W=(+0.0000,+0.0000,+0.0000) F_on_box=(-0.0000,-0.0000,-0.0000) n_face_out=(-0.0000,-0.0000,-0.0000) A_is_ee=0 box_q=(+1.00000,-0.00001,+0.00001,+0.00000) box_p=(+0.00000,+0.00000,+0.04999) ee_p=(+0.06498,+0.01146,+0.15042)
[LATERAL] perp=10.3mm scale=50.0mm strength=0.21 shift_mm=(+0.0,-2.1)
[ADMM-C3+] primal: 10.8324->4.9639  dual: 899.6131->21.0004  mono=False  iters=25/25  rho=50.0
[ADMM-C3+] WARNING non-converged: pr=4.9639 dr=21.0004 tol=1e-03
[C3+] step=267 |u[0]|=8.50N λ_n_max=0.759 η_n_max=1.879 primal=4.964 iters=25/25 lcp_res_max=9.32e-08
[ADMIT-GUARD] step=90 admit_active=0 latch=0/0 ee_z=0.150 gate_cap=0
[ALT-GATE] step=90 target_stable=0/0 allow_descent=1
[GS-tgt] step=90 ee=(+0.066,+0.010,+0.150) p_repos=(+0.080,+0.000,+0.030) ee_to_target=0.122m target_label=prev_repos target_changed=N delta=0.000m
[IMP] step=90 mode=free |x_err|=0.0003m |tau_imp|=0.75Nm |tau_ff|=0.00Nm |tau_out|=0.75Nm sat=False lam_n=False lam_t=False
[GS] step=90 mode=free switch=kStayInRepos best_k=0 best_src=prev_repos curr_cost=141864.59 repos_cost=150589.50 best_other=150589.50 met_progress=N steps_since_improve=88 switches=0
[STEP] step=90 mode=free t=0.900s ee=(+0.066,+0.010,+0.150) obj=(+0.000,+0.000,+0.050) goal_dist=0.300m switch=kStayInRepos target=(+0.066,+0.010,+0.150) ee_stride=0.000m ee_to_ptarget=0.122m landing_err=0.0685m ik_ok=Y ik_resid=0.0001m q_max_resid_deg=5.89 target_changed=Y retgt=N held_idx=1 held_cost=150589.50 won_cost=150589.50 margin=+0.00 won_src=prev_repos held_valid=Y reason=hold setpoint_to_ptarget=nanm finished_val=nanm finished_thresh=0.0200m pd_resid=nanm nextwp_to_ptarget=nanm guide_terminal_err=nanm
[GATE-EVOLVE] step=90 curr=141864.59 best_other=150589.50 ratio=0.9421 ee_to_optimal=0.0134m phi=0.0280m
[STAGE-A-TRACE] step=90 sim_t=0.900 mode=free phi=0.02802 box_xy=+0.00000,+0.00000 lam_n_ee_box=nan qy=+0.00001 qz=+0.00000 finished_repos=0
[DRAKE-CONTACT] step=90 n_pairs=1 ee_box_normal=0.000
[GATE-CONTACT] step=90 F_W=(+0.0000,+0.0000,+0.0000) F_on_box=(-0.0000,-0.0000,-0.0000) n_face_out=(-0.0000,-0.0000,-0.0000) A_is_ee=0 box_q=(+1.00000,-0.00001,+0.00001,+0.00000) box_p=(+0.00000,+0.00000,+0.04999) ee_p=(+0.06641,+0.01033,+0.15041)
[PERSIST] step=91 refresh n_strategy=1 samples=[(0.08, 0.0, 0.03)]
[LATERAL] perp=9.2mm scale=50.0mm strength=0.18 shift_mm=(+0.0,-1.7)
[ADMM-C3+] primal: 10.8324->4.9639  dual: 899.6131->21.0004  mono=False  iters=25/25  rho=50.0
[ADMM-C3+] WARNING non-converged: pr=4.9639 dr=21.0004 tol=1e-03
[C3+] step=270 |u[0]|=8.51N λ_n_max=0.759 η_n_max=1.879 primal=4.964 iters=25/25 lcp_res_max=9.32e-08
[ADMIT-GUARD] step=91 admit_active=0 latch=0/0 ee_z=0.150 gate_cap=0
[ALT-GATE] step=91 target_stable=0/0 allow_descent=1
[GS-tgt] step=91 ee=(+0.068,+0.009,+0.150) p_repos=(+0.080,+0.000,+0.030) ee_to_target=0.121m target_label=prev_repos target_changed=N delta=0.000m
[GS] step=91 mode=free switch=kStayInRepos best_k=0 best_src=prev_repos curr_cost=141865.28 repos_cost=150600.10 best_other=150600.10 met_progress=N steps_since_improve=89 switches=0
[STEP] step=91 mode=free t=0.910s ee=(+0.068,+0.009,+0.150) obj=(+0.000,+0.000,+0.050) goal_dist=0.300m switch=kStayInRepos target=(+0.068,+0.009,+0.150) ee_stride=0.000m ee_to_ptarget=0.121m landing_err=0.0645m ik_ok=Y ik_resid=0.0002m q_max_resid_deg=6.62 target_changed=Y retgt=N held_idx=1 held_cost=150600.10 won_cost=150600.10 margin=+0.00 won_src=prev_repos held_valid=Y reason=hold setpoint_to_ptarget=nanm finished_val=nanm finished_thresh=0.0200m pd_resid=nanm nextwp_to_ptarget=nanm guide_terminal_err=nanm
[GATE-EVOLVE] step=91 curr=141865.28 best_other=150600.10 ratio=0.9420 ee_to_optimal=0.0117m phi=0.0285m
[STAGE-A-TRACE] step=91 sim_t=0.910 mode=free phi=0.02847 box_xy=+0.00000,+0.00000 lam_n_ee_box=nan qy=+0.00001 qz=+0.00000 finished_repos=0
[DRAKE-CONTACT] step=91 n_pairs=1 ee_box_normal=0.000
[GATE-CONTACT] step=91 F_W=(+0.0000,+0.0000,+0.0000) F_on_box=(-0.0000,-0.0000,-0.0000) n_face_out=(-0.0000,-0.0000,-0.0000) A_is_ee=0 box_q=(+1.00000,-0.00001,+0.00001,+0.00000) box_p=(+0.00000,+0.00000,+0.04999) ee_p=(+0.06784,+0.00921,+0.15040)
[LATERAL] perp=8.1mm scale=50.0mm strength=0.16 shift_mm=(+0.0,-1.3)
[ADMM-C3+] primal: 10.8324->4.9639  dual: 899.6131->21.0004  mono=False  iters=25/25  rho=50.0
[ADMM-C3+] WARNING non-converged: pr=4.9639 dr=21.0004 tol=1e-03
[C3+] step=273 |u[0]|=8.52N λ_n_max=0.759 η_n_max=1.879 primal=4.964 iters=25/25 lcp_res_max=9.32e-08
[ADMIT-GUARD] step=92 admit_active=0 latch=0/0 ee_z=0.150 gate_cap=0
[ALT-GATE] step=92 target_stable=0/0 allow_descent=1
[GS-tgt] step=92 ee=(+0.069,+0.008,+0.150) p_repos=(+0.080,+0.000,+0.030) ee_to_target=0.121m target_label=prev_repos target_changed=N delta=0.000m
[GS] step=92 mode=free switch=kStayInRepos best_k=0 best_src=prev_repos curr_cost=141866.21 repos_cost=150611.23 best_other=150611.23 met_progress=N steps_since_improve=90 switches=0
[STEP] step=92 mode=free t=0.920s ee=(+0.069,+0.008,+0.150) obj=(+0.000,+0.000,+0.050) goal_dist=0.300m switch=kStayInRepos target=(+0.069,+0.008,+0.150) ee_stride=0.000m ee_to_ptarget=0.121m landing_err=0.0605m ik_ok=Y ik_resid=0.0002m q_max_resid_deg=7.36 target_changed=Y retgt=N held_idx=1 held_cost=150611.23 won_cost=150611.23 margin=+0.00 won_src=prev_repos held_valid=Y reason=hold setpoint_to_ptarget=nanm finished_val=nanm finished_thresh=0.0200m pd_resid=nanm nextwp_to_ptarget=nanm guide_terminal_err=nanm
[GATE-EVOLVE] step=92 curr=141866.21 best_other=150611.23 ratio=0.9419 ee_to_optimal=0.0099m phi=0.0290m
[STAGE-A-TRACE] step=92 sim_t=0.920 mode=free phi=0.02896 box_xy=+0.00000,+0.00000 lam_n_ee_box=nan qy=+0.00001 qz=+0.00000 finished_repos=0
[DRAKE-CONTACT] step=92 n_pairs=1 ee_box_normal=0.000
[GATE-CONTACT] step=92 F_W=(+0.0000,+0.0000,+0.0000) F_on_box=(-0.0000,-0.0000,-0.0000) n_face_out=(-0.0000,-0.0000,-0.0000) A_is_ee=0 box_q=(+1.00000,-0.00001,+0.00001,+0.00000) box_p=(+0.00000,+0.00000,+0.04999) ee_p=(+0.06927,+0.00809,+0.15039)
[LATERAL] perp=7.0mm scale=50.0mm strength=0.14 shift_mm=(+0.0,-1.0)
[ADMM-C3+] primal: 10.8324->4.9639  dual: 899.6131->21.0004  mono=False  iters=25/25  rho=50.0
[ADMM-C3+] WARNING non-converged: pr=4.9639 dr=21.0004 tol=1e-03
[C3+] step=276 |u[0]|=8.53N λ_n_max=0.759 η_n_max=1.879 primal=4.964 iters=25/25 lcp_res_max=9.32e-08
[ADMIT-GUARD] step=93 admit_active=0 latch=0/0 ee_z=0.150 gate_cap=0
[ALT-GATE] step=93 target_stable=0/0 allow_descent=1
[GS-tgt] step=93 ee=(+0.071,+0.007,+0.150) p_repos=(+0.080,+0.000,+0.030) ee_to_target=0.121m target_label=prev_repos target_changed=N delta=0.000m
[GS] step=93 mode=free switch=kStayInRepos best_k=0 best_src=prev_repos curr_cost=141867.36 repos_cost=150622.89 best_other=150622.89 met_progress=N steps_since_improve=91 switches=0
[STEP] step=93 mode=free t=0.930s ee=(+0.071,+0.007,+0.150) obj=(+0.000,+0.000,+0.050) goal_dist=0.300m switch=kStayInRepos target=(+0.071,+0.007,+0.150) ee_stride=0.000m ee_to_ptarget=0.121m landing_err=0.0565m ik_ok=Y ik_resid=0.0002m q_max_resid_deg=8.09 target_changed=Y retgt=N held_idx=1 held_cost=150622.89 won_cost=150622.89 margin=+0.00 won_src=prev_repos held_valid=Y reason=hold setpoint_to_ptarget=nanm finished_val=nanm finished_thresh=0.0200m pd_resid=nanm nextwp_to_ptarget=nanm guide_terminal_err=nanm
[GATE-EVOLVE] step=93 curr=141867.36 best_other=150622.89 ratio=0.9419 ee_to_optimal=0.0082m phi=0.0295m
[STAGE-A-TRACE] step=93 sim_t=0.930 mode=free phi=0.02947 box_xy=+0.00000,+0.00000 lam_n_ee_box=nan qy=+0.00001 qz=+0.00000 finished_repos=0
[DRAKE-CONTACT] step=93 n_pairs=1 ee_box_normal=0.000
[GATE-CONTACT] step=93 F_W=(+0.0000,+0.0000,+0.0000) F_on_box=(-0.0000,-0.0000,-0.0000) n_face_out=(-0.0000,-0.0000,-0.0000) A_is_ee=0 box_q=(+1.00000,-0.00001,+0.00001,+0.00000) box_p=(+0.00000,+0.00000,+0.04999) ee_p=(+0.07070,+0.00697,+0.15038)
[LATERAL] perp=5.9mm scale=50.0mm strength=0.12 shift_mm=(+0.0,-0.7)
[ADMM-C3+] primal: 10.8324->4.9639  dual: 899.6131->21.0004  mono=False  iters=25/25  rho=50.0
[ADMM-C3+] WARNING non-converged: pr=4.9639 dr=21.0004 tol=1e-03
[C3+] step=279 |u[0]|=8.55N λ_n_max=0.759 η_n_max=1.879 primal=4.964 iters=25/25 lcp_res_max=9.32e-08
[ADMIT-GUARD] step=94 admit_active=0 latch=0/0 ee_z=0.150 gate_cap=0
[ALT-GATE] step=94 target_stable=0/0 allow_descent=1
[GS-tgt] step=94 ee=(+0.072,+0.006,+0.150) p_repos=(+0.080,+0.000,+0.030) ee_to_target=0.121m target_label=prev_repos target_changed=N delta=0.000m
[GS] step=94 mode=free switch=kStayInRepos best_k=0 best_src=prev_repos curr_cost=141868.72 repos_cost=150635.07 best_other=150635.07 met_progress=N steps_since_improve=92 switches=0
[STEP] step=94 mode=free t=0.940s ee=(+0.072,+0.006,+0.150) obj=(+0.000,+0.000,+0.050) goal_dist=0.300m switch=kStayInRepos target=(+0.072,+0.006,+0.150) ee_stride=0.000m ee_to_ptarget=0.121m landing_err=0.0525m ik_ok=Y ik_resid=0.0002m q_max_resid_deg=8.82 target_changed=Y retgt=N held_idx=1 held_cost=150635.07 won_cost=150635.07 margin=+0.00 won_src=prev_repos held_valid=Y reason=hold setpoint_to_ptarget=nanm finished_val=nanm finished_thresh=0.0200m pd_resid=nanm nextwp_to_ptarget=nanm guide_terminal_err=nanm
[GATE-EVOLVE] step=94 curr=141868.72 best_other=150635.07 ratio=0.9418 ee_to_optimal=0.0065m phi=0.0300m
[STAGE-A-TRACE] step=94 sim_t=0.940 mode=free phi=0.03002 box_xy=+0.00000,+0.00000 lam_n_ee_box=nan qy=+0.00001 qz=+0.00000 finished_repos=0
[DRAKE-CONTACT] step=94 n_pairs=1 ee_box_normal=0.000
[GATE-CONTACT] step=94 F_W=(+0.0000,+0.0000,+0.0000) F_on_box=(-0.0000,-0.0000,-0.0000) n_face_out=(-0.0000,-0.0000,-0.0000) A_is_ee=0 box_q=(+1.00000,-0.00001,+0.00001,+0.00000) box_p=(+0.00000,+0.00000,+0.04999) ee_p=(+0.07213,+0.00586,+0.15036)
[ADMM-C3+] primal: 10.8324->4.9639  dual: 899.6131->21.0004  mono=False  iters=25/25  rho=50.0
[ADMM-C3+] WARNING non-converged: pr=4.9639 dr=21.0004 tol=1e-03
[C3+] step=282 |u[0]|=8.57N λ_n_max=0.759 η_n_max=1.879 primal=4.964 iters=25/25 lcp_res_max=9.32e-08
[ADMIT-GUARD] step=95 admit_active=0 latch=0/0 ee_z=0.150 gate_cap=0
[ALT-GATE] step=95 target_stable=0/0 allow_descent=1
[GS-tgt] step=95 ee=(+0.074,+0.005,+0.150) p_repos=(+0.080,+0.000,+0.030) ee_to_target=0.121m target_label=prev_repos target_changed=N delta=0.000m
[GS] step=95 mode=free switch=kStayInRepos best_k=0 best_src=prev_repos curr_cost=141870.27 repos_cost=150647.77 best_other=150647.77 met_progress=N steps_since_improve=93 switches=0
[STEP] step=95 mode=free t=0.950s ee=(+0.074,+0.005,+0.150) obj=(+0.000,+0.000,+0.050) goal_dist=0.300m switch=kStayInRepos target=(+0.074,+0.005,+0.150) ee_stride=0.000m ee_to_ptarget=0.121m landing_err=0.0485m ik_ok=Y ik_resid=0.0003m q_max_resid_deg=9.55 target_changed=Y retgt=N held_idx=1 held_cost=150647.77 won_cost=150647.77 margin=+0.00 won_src=prev_repos held_valid=Y reason=hold setpoint_to_ptarget=nanm finished_val=nanm finished_thresh=0.0200m pd_resid=nanm nextwp_to_ptarget=nanm guide_terminal_err=nanm
[GATE-EVOLVE] step=95 curr=141870.27 best_other=150647.77 ratio=0.9417 ee_to_optimal=0.0050m phi=0.0306m
[STAGE-A-TRACE] step=95 sim_t=0.950 mode=free phi=0.03060 box_xy=+0.00000,+0.00000 lam_n_ee_box=nan qy=+0.00001 qz=+0.00000 finished_repos=0
[DRAKE-CONTACT] step=95 n_pairs=1 ee_box_normal=0.000
[GATE-CONTACT] step=95 F_W=(+0.0000,+0.0000,+0.0000) F_on_box=(-0.0000,-0.0000,-0.0000) n_face_out=(-0.0000,-0.0000,-0.0000) A_is_ee=0 box_q=(+1.00000,-0.00001,+0.00001,+0.00000) box_p=(+0.00000,+0.00000,+0.04999) ee_p=(+0.07356,+0.00475,+0.15035)
[ADMM-C3+] primal: 10.8324->4.9639  dual: 899.6131->21.0004  mono=False  iters=25/25  rho=50.0
[ADMM-C3+] WARNING non-converged: pr=4.9639 dr=21.0004 tol=1e-03
[C3+] step=285 |u[0]|=8.59N λ_n_max=0.759 η_n_max=1.879 primal=4.964 iters=25/25 lcp_res_max=9.32e-08
[ADMIT-GUARD] step=96 admit_active=0 latch=0/0 ee_z=0.150 gate_cap=0
[ALT-GATE] step=96 target_stable=0/0 allow_descent=1
[GS-tgt] step=96 ee=(+0.075,+0.004,+0.150) p_repos=(+0.080,+0.000,+0.030) ee_to_target=0.120m target_label=prev_repos target_changed=N delta=0.000m
[GS] step=96 mode=free switch=kStayInRepos best_k=0 best_src=prev_repos curr_cost=141871.99 repos_cost=150660.99 best_other=150660.99 met_progress=N steps_since_improve=94 switches=0
[STEP] step=96 mode=free t=0.960s ee=(+0.075,+0.004,+0.150) obj=(+0.000,+0.000,+0.050) goal_dist=0.300m switch=kStayInRepos target=(+0.075,+0.004,+0.150) ee_stride=0.000m ee_to_ptarget=0.120m landing_err=0.0445m ik_ok=Y ik_resid=0.0003m q_max_resid_deg=10.28 target_changed=Y retgt=N held_idx=1 held_cost=150660.99 won_cost=150660.99 margin=+0.00 won_src=prev_repos held_valid=Y reason=hold setpoint_to_ptarget=nanm finished_val=nanm finished_thresh=0.0200m pd_resid=nanm nextwp_to_ptarget=nanm guide_terminal_err=nanm
[GATE-EVOLVE] step=96 curr=141871.99 best_other=150660.99 ratio=0.9417 ee_to_optimal=0.0036m phi=0.0312m
[STAGE-A-TRACE] step=96 sim_t=0.960 mode=free phi=0.03120 box_xy=+0.00000,+0.00000 lam_n_ee_box=nan qy=+0.00001 qz=+0.00000 finished_repos=0
[DRAKE-CONTACT] step=96 n_pairs=1 ee_box_normal=0.000
[GATE-CONTACT] step=96 F_W=(+0.0000,+0.0000,+0.0000) F_on_box=(-0.0000,-0.0000,-0.0000) n_face_out=(-0.0000,-0.0000,-0.0000) A_is_ee=0 box_q=(+1.00000,-0.00001,+0.00001,+0.00000) box_p=(+0.00000,+0.00000,+0.04999) ee_p=(+0.07498,+0.00364,+0.15033)
[ADMM-C3+] primal: 10.8324->4.9639  dual: 899.6131->21.0004  mono=False  iters=25/25  rho=50.0
[ADMM-C3+] WARNING non-converged: pr=4.9639 dr=21.0004 tol=1e-03
[C3+] step=288 |u[0]|=8.62N λ_n_max=0.759 η_n_max=1.879 primal=4.964 iters=25/25 lcp_res_max=9.32e-08
[ADMIT-GUARD] step=97 admit_active=0 latch=0/0 ee_z=0.150 gate_cap=0
[ALT-GATE] step=97 target_stable=0/0 allow_descent=1
[GS-tgt] step=97 ee=(+0.076,+0.003,+0.150) p_repos=(+0.080,+0.000,+0.030) ee_to_target=0.120m target_label=prev_repos target_changed=N delta=0.000m
[GS] step=97 mode=free switch=kStayInRepos best_k=0 best_src=prev_repos curr_cost=141873.89 repos_cost=150674.74 best_other=150674.74 met_progress=N steps_since_improve=95 switches=0
[STEP] step=97 mode=free t=0.970s ee=(+0.076,+0.003,+0.150) obj=(+0.000,+0.000,+0.050) goal_dist=0.300m switch=kStayInRepos target=(+0.076,+0.003,+0.150) ee_stride=0.000m ee_to_ptarget=0.120m landing_err=0.0405m ik_ok=Y ik_resid=0.0003m q_max_resid_deg=11.01 target_changed=Y retgt=N held_idx=1 held_cost=150674.74 won_cost=150674.74 margin=+0.00 won_src=prev_repos held_valid=Y reason=hold setpoint_to_ptarget=nanm finished_val=nanm finished_thresh=0.0200m pd_resid=nanm nextwp_to_ptarget=nanm guide_terminal_err=nanm
[GATE-EVOLVE] step=97 curr=141873.89 best_other=150674.74 ratio=0.9416 ee_to_optimal=0.0029m phi=0.0318m
[STAGE-A-TRACE] step=97 sim_t=0.970 mode=free phi=0.03184 box_xy=+0.00000,+0.00000 lam_n_ee_box=nan qy=+0.00001 qz=+0.00000 finished_repos=0
[DRAKE-CONTACT] step=97 n_pairs=1 ee_box_normal=0.000
[GATE-CONTACT] step=97 F_W=(+0.0000,+0.0000,+0.0000) F_on_box=(-0.0000,-0.0000,-0.0000) n_face_out=(-0.0000,-0.0000,-0.0000) A_is_ee=0 box_q=(+1.00000,-0.00001,+0.00001,+0.00000) box_p=(+0.00000,+0.00000,+0.04999) ee_p=(+0.07641,+0.00254,+0.15032)
[ADMM-C3+] primal: 10.8324->4.9639  dual: 899.6131->21.0004  mono=False  iters=25/25  rho=50.0
[ADMM-C3+] WARNING non-converged: pr=4.9639 dr=21.0004 tol=1e-03
[C3+] step=291 |u[0]|=8.65N λ_n_max=0.759 η_n_max=1.879 primal=4.964 iters=25/25 lcp_res_max=9.32e-08
[ADMIT-GUARD] step=98 admit_active=0 latch=0/0 ee_z=0.150 gate_cap=0
[ALT-GATE] step=98 target_stable=0/0 allow_descent=1
[GS-tgt] step=98 ee=(+0.078,+0.001,+0.150) p_repos=(+0.080,+0.000,+0.030) ee_to_target=0.120m target_label=prev_repos target_changed=N delta=0.000m
[GS] step=98 mode=free switch=kStayInRepos best_k=0 best_src=prev_repos curr_cost=141875.95 repos_cost=150689.01 best_other=150689.01 met_progress=N steps_since_improve=96 switches=0
[STEP] step=98 mode=free t=0.980s ee=(+0.078,+0.001,+0.150) obj=(+0.000,+0.000,+0.050) goal_dist=0.300m switch=kStayInRepos target=(+0.078,+0.002,+0.150) ee_stride=0.000m ee_to_ptarget=0.120m landing_err=0.0365m ik_ok=Y ik_resid=0.0004m q_max_resid_deg=11.74 target_changed=Y retgt=N held_idx=1 held_cost=150689.01 won_cost=150689.01 margin=+0.00 won_src=prev_repos held_valid=Y reason=hold setpoint_to_ptarget=nanm finished_val=nanm finished_thresh=0.0200m pd_resid=nanm nextwp_to_ptarget=nanm guide_terminal_err=nanm
[GATE-EVOLVE] step=98 curr=141875.95 best_other=150689.01 ratio=0.9415 ee_to_optimal=0.0032m phi=0.0325m
[STAGE-A-TRACE] step=98 sim_t=0.980 mode=free phi=0.03250 box_xy=+0.00000,+0.00000 lam_n_ee_box=nan qy=+0.00001 qz=+0.00000 finished_repos=0
[DRAKE-CONTACT] step=98 n_pairs=1 ee_box_normal=0.000
[GATE-CONTACT] step=98 F_W=(+0.0000,+0.0000,+0.0000) F_on_box=(-0.0000,-0.0000,-0.0000) n_face_out=(-0.0000,-0.0000,-0.0000) A_is_ee=0 box_q=(+1.00000,-0.00001,+0.00001,+0.00000) box_p=(+0.00000,+0.00000,+0.04999) ee_p=(+0.07784,+0.00144,+0.15031)
[ADMM-C3+] primal: 10.8324->4.9639  dual: 899.6131->21.0004  mono=False  iters=25/25  rho=50.0
[ADMM-C3+] WARNING non-converged: pr=4.9639 dr=21.0004 tol=1e-03
[C3+] step=294 |u[0]|=8.67N λ_n_max=0.759 η_n_max=1.879 primal=4.964 iters=25/25 lcp_res_max=9.32e-08
[ADMIT-GUARD] step=99 admit_active=0 latch=0/0 ee_z=0.150 gate_cap=0
[ALT-GATE] step=99 target_stable=0/0 allow_descent=1
[GS-tgt] step=99 ee=(+0.079,+0.000,+0.150) p_repos=(+0.080,+0.000,+0.030) ee_to_target=0.120m target_label=prev_repos target_changed=N delta=0.000m
[GS] step=99 mode=free switch=kStayInRepos best_k=0 best_src=prev_repos curr_cost=141878.15 repos_cost=150703.81 best_other=150703.81 met_progress=N steps_since_improve=97 switches=0
[STEP] step=99 mode=free t=0.990s ee=(+0.079,+0.000,+0.150) obj=(+0.000,+0.000,+0.050) goal_dist=0.300m switch=kStayInRepos target=(+0.079,+0.001,+0.150) ee_stride=0.000m ee_to_ptarget=0.120m landing_err=0.0325m ik_ok=Y ik_resid=0.0004m q_max_resid_deg=12.47 target_changed=Y retgt=N held_idx=1 held_cost=150703.81 won_cost=150703.81 margin=+0.00 won_src=prev_repos held_valid=Y reason=hold setpoint_to_ptarget=nanm finished_val=nanm finished_thresh=0.0200m pd_resid=nanm nextwp_to_ptarget=nanm guide_terminal_err=nanm
[GATE-EVOLVE] step=99 curr=141878.15 best_other=150703.81 ratio=0.9414 ee_to_optimal=0.0043m phi=0.0332m
[STAGE-A-TRACE] step=99 sim_t=0.990 mode=free phi=0.03319 box_xy=+0.00000,+0.00000 lam_n_ee_box=nan qy=+0.00001 qz=+0.00000 finished_repos=0
[DRAKE-CONTACT] step=99 n_pairs=1 ee_box_normal=0.000
[GATE-CONTACT] step=99 F_W=(+0.0000,+0.0000,+0.0000) F_on_box=(-0.0000,-0.0000,-0.0000) n_face_out=(-0.0000,-0.0000,-0.0000) A_is_ee=0 box_q=(+1.00000,-0.00001,+0.00001,+0.00000) box_p=(+0.00000,+0.00000,+0.04999) ee_p=(+0.07927,+0.00034,+0.15029)
[ADMM-C3+] primal: 10.8324->4.9639  dual: 899.6131->21.0004  mono=False  iters=25/25  rho=50.0
[ADMM-C3+] WARNING non-converged: pr=4.9639 dr=21.0004 tol=1e-03
[C3+] step=297 |u[0]|=8.70N λ_n_max=0.759 η_n_max=1.879 primal=4.964 iters=25/25 lcp_res_max=9.32e-08
[ADMIT-GUARD] step=100 admit_active=0 latch=0/0 ee_z=0.150 gate_cap=0
[ALT-GATE] step=100 target_stable=0/0 allow_descent=1
[GS-tgt] step=100 ee=(+0.081,-0.001,+0.150) p_repos=(+0.080,+0.000,+0.030) ee_to_target=0.120m target_label=prev_repos target_changed=N delta=0.000m
[IMP] step=100 mode=free |x_err|=0.0016m |tau_imp|=44.12Nm |tau_ff|=0.00Nm |tau_out|=44.12Nm sat=False lam_n=False lam_t=False
[GS] step=100 mode=free switch=kStayInRepos best_k=0 best_src=prev_repos curr_cost=141880.50 repos_cost=150719.13 best_other=150719.13 met_progress=N steps_since_improve=98 switches=0
[STEP] step=100 mode=free t=1.000s ee=(+0.081,-0.001,+0.150) obj=(+0.000,+0.000,+0.050) goal_dist=0.300m switch=kStayInRepos target=(+0.080,+0.000,+0.149) ee_stride=0.002m ee_to_ptarget=0.120m landing_err=0.0285m ik_ok=Y ik_resid=0.0005m q_max_resid_deg=13.19 target_changed=Y retgt=N held_idx=1 held_cost=150719.13 won_cost=150719.13 margin=+0.00 won_src=prev_repos held_valid=Y reason=hold setpoint_to_ptarget=nanm finished_val=nanm finished_thresh=0.0200m pd_resid=nanm nextwp_to_ptarget=nanm guide_terminal_err=nanm
[GATE-EVOLVE] step=100 curr=141880.50 best_other=150719.13 ratio=0.9414 ee_to_optimal=0.0057m phi=0.0339m
[STAGE-A-TRACE] step=100 sim_t=1.000 mode=free phi=0.03391 box_xy=+0.00000,+0.00000 lam_n_ee_box=nan qy=+0.00001 qz=+0.00000 finished_repos=0
[GS-table] step=100
  k=0 (current   ) pos=(+0.081,-0.001,+0.150) c_C3= 171880.50 align=1.0000(bonus=30000.00) rot=+0.0000(bonus=    0.00) travel=0.000m(pen=  0.00) c_sample= 141880.50 feas=Y ik_err=0.0000m  ← WIN
  k=1 (prev_repos) pos=(+0.080,+0.000,+0.030) c_C3= 180695.08 align=1.0000(bonus=30000.00) rot=+0.0000(bonus=    0.00) travel=0.120m(pen= 24.06) c_sample= 150719.13 feas=Y ik_err=0.0000m
  k=2 (strat_0   ) pos=(+0.080,+0.000,+0.030) c_C3= 180695.08 align=1.0000(bonus=30000.00) rot=+0.0000(bonus=    0.00) travel=0.120m(pen= 24.06) c_sample= 150719.13 feas=Y ik_err=0.0000m
[DRAKE-CONTACT] step=100 n_pairs=1 ee_box_normal=0.000
[GATE-CONTACT] step=100 F_W=(+0.0000,+0.0000,+0.0000) F_on_box=(-0.0000,-0.0000,-0.0000) n_face_out=(-0.0000,-0.0000,-0.0000) A_is_ee=0 box_q=(+1.00000,-0.00001,+0.00001,+0.00000) box_p=(+0.00000,+0.00000,+0.04999) ee_p=(+0.08069,-0.00076,+0.15028)
[ADMM-C3+] primal: 10.8324->4.9639  dual: 899.6131->21.0004  mono=False  iters=25/25  rho=50.0
[ADMM-C3+] WARNING non-converged: pr=4.9639 dr=21.0004 tol=1e-03
[C3+] step=300 |u[0]|=8.71N λ_n_max=0.759 η_n_max=1.879 primal=4.964 iters=25/25 lcp_res_max=9.32e-08
[ADMIT-GUARD] step=101 admit_active=0 latch=0/0 ee_z=0.150 gate_cap=0
[ALT-GATE] step=101 target_stable=0/0 allow_descent=1
[GS-tgt] step=101 ee=(+0.082,-0.002,+0.150) p_repos=(+0.080,+0.000,+0.030) ee_to_target=0.120m target_label=prev_repos target_changed=N delta=0.000m
[GS] step=101 mode=free switch=kStayInRepos best_k=0 best_src=prev_repos curr_cost=141881.09 repos_cost=150731.24 best_other=150731.24 met_progress=N steps_since_improve=99 switches=0
[STEP] step=101 mode=free t=1.010s ee=(+0.082,-0.002,+0.150) obj=(+0.000,+0.000,+0.050) goal_dist=0.300m switch=kStayInRepos target=(+0.080,+0.000,+0.147) ee_stride=0.004m ee_to_ptarget=0.120m landing_err=0.0245m ik_ok=Y ik_resid=0.0005m q_max_resid_deg=13.83 target_changed=Y retgt=N held_idx=1 held_cost=150731.24 won_cost=150731.24 margin=+0.00 won_src=prev_repos held_valid=Y reason=hold setpoint_to_ptarget=nanm finished_val=nanm finished_thresh=0.0200m pd_resid=nanm nextwp_to_ptarget=nanm guide_terminal_err=nanm
[GATE-EVOLVE] step=101 curr=141881.09 best_other=150731.24 ratio=0.9413 ee_to_optimal=0.0070m phi=0.0342m
[STAGE-A-TRACE] step=101 sim_t=1.010 mode=free phi=0.03417 box_xy=+0.00000,+0.00000 lam_n_ee_box=nan qy=+0.00001 qz=+0.00000 finished_repos=0
  t=1.00s | ee=(0.082, -0.002, 0.150) | obj=(0.000, 0.000, 0.050) | |u|=32.13 Nm | goal_dist=0.300 m
[DRAKE-CONTACT] step=101 n_pairs=1 ee_box_normal=0.000
[GATE-CONTACT] step=101 F_W=(+0.0000,+0.0000,+0.0000) F_on_box=(-0.0000,-0.0000,-0.0000) n_face_out=(-0.0000,-0.0000,-0.0000) A_is_ee=0 box_q=(+1.00000,-0.00001,+0.00001,+0.00000) box_p=(+0.00000,+0.00000,+0.04999) ee_p=(+0.08179,-0.00167,+0.14990)
[ADMM-C3+] primal: 10.8324->4.9639  dual: 899.6131->21.0004  mono=False  iters=25/25  rho=50.0
[ADMM-C3+] WARNING non-converged: pr=4.9639 dr=21.0004 tol=1e-03
[C3+] step=303 |u[0]|=8.68N λ_n_max=0.759 η_n_max=1.879 primal=4.964 iters=25/25 lcp_res_max=9.32e-08
[ADMIT-GUARD] step=102 admit_active=0 latch=0/0 ee_z=0.149 gate_cap=0
[ALT-GATE] step=102 target_stable=0/0 allow_descent=1
[GS-tgt] step=102 ee=(+0.082,-0.002,+0.149) p_repos=(+0.080,+0.000,+0.030) ee_to_target=0.119m target_label=prev_repos target_changed=N delta=0.000m
[GS] step=102 mode=free switch=kStayInRepos best_k=0 best_src=prev_repos curr_cost=141878.86 repos_cost=150737.99 best_other=150737.99 met_progress=N steps_since_improve=100 switches=0
[STEP] step=102 mode=free t=1.020s ee=(+0.082,-0.002,+0.149) obj=(+0.000,+0.000,+0.050) goal_dist=0.300m switch=kStayInRepos target=(+0.080,+0.000,+0.145) ee_stride=0.005m ee_to_ptarget=0.119m landing_err=0.0205m ik_ok=Y ik_resid=0.0006m q_max_resid_deg=14.34 target_changed=Y retgt=N held_idx=1 held_cost=150737.99 won_cost=150737.99 margin=+0.00 won_src=prev_repos held_valid=Y reason=hold setpoint_to_ptarget=nanm finished_val=nanm finished_thresh=0.0200m pd_resid=nanm nextwp_to_ptarget=nanm guide_terminal_err=nanm
[GATE-EVOLVE] step=102 curr=141878.86 best_other=150737.99 ratio=0.9412 ee_to_optimal=0.0077m phi=0.0337m
[STAGE-A-TRACE] step=102 sim_t=1.020 mode=free phi=0.03372 box_xy=+0.00000,+0.00000 lam_n_ee_box=nan qy=+0.00001 qz=+0.00000 finished_repos=0
[DRAKE-CONTACT] step=102 n_pairs=1 ee_box_normal=0.000
[GATE-CONTACT] step=102 F_W=(+0.0000,+0.0000,+0.0000) F_on_box=(-0.0000,-0.0000,-0.0000) n_face_out=(-0.0000,-0.0000,-0.0000) A_is_ee=0 box_q=(+1.00000,-0.00001,+0.00001,+0.00000) box_p=(+0.00000,+0.00000,+0.04999) ee_p=(+0.08240,-0.00228,+0.14896)
[ADMM-C3+] primal: 10.8324->4.9639  dual: 899.6131->21.0004  mono=False  iters=25/25  rho=50.0
[ADMM-C3+] WARNING non-converged: pr=4.9639 dr=21.0004 tol=1e-03
[C3+] step=306 |u[0]|=8.62N λ_n_max=0.759 η_n_max=1.879 primal=4.964 iters=25/25 lcp_res_max=9.32e-08
[ADMIT-GUARD] step=103 admit_active=0 latch=0/0 ee_z=0.148 gate_cap=0
[ALT-GATE] step=103 target_stable=0/0 allow_descent=1
[GS-tgt] step=103 ee=(+0.083,-0.003,+0.148) p_repos=(+0.080,+0.000,+0.030) ee_to_target=0.118m target_label=prev_repos target_changed=N delta=0.000m
[GS] step=103 mode=free switch=kStayInRepos best_k=0 best_src=prev_repos curr_cost=141874.68 repos_cost=150741.02 best_other=150741.02 met_progress=N steps_since_improve=101 switches=0
[STEP] step=103 mode=free t=1.030s ee=(+0.083,-0.003,+0.148) obj=(+0.000,+0.000,+0.050) goal_dist=0.300m switch=kStayInRepos target=(+0.080,+0.000,+0.144) ee_stride=0.005m ee_to_ptarget=0.118m landing_err=0.0165m ik_ok=Y ik_resid=0.0006m q_max_resid_deg=14.75 target_changed=Y retgt=N held_idx=1 held_cost=150741.02 won_cost=150741.02 margin=+0.00 won_src=prev_repos held_valid=Y reason=hold setpoint_to_ptarget=nanm finished_val=nanm finished_thresh=0.0200m pd_resid=nanm nextwp_to_ptarget=nanm guide_terminal_err=nanm
[GATE-EVOLVE] step=103 curr=141874.68 best_other=150741.02 ratio=0.9412 ee_to_optimal=0.0081m phi=0.0328m
[STAGE-A-TRACE] step=103 sim_t=1.030 mode=free phi=0.03277 box_xy=+0.00000,+0.00000 lam_n_ee_box=nan qy=+0.00001 qz=+0.00000 finished_repos=0
[DRAKE-CONTACT] step=103 n_pairs=1 ee_box_normal=0.000
[GATE-CONTACT] step=103 F_W=(+0.0000,+0.0000,+0.0000) F_on_box=(-0.0000,-0.0000,-0.0000) n_face_out=(-0.0000,-0.0000,-0.0000) A_is_ee=0 box_q=(+1.00000,-0.00001,+0.00001,+0.00000) box_p=(+0.00000,+0.00000,+0.04999) ee_p=(+0.08269,-0.00266,+0.14762)
[ADMM-C3+] primal: 10.8324->4.9639  dual: 899.6131->21.0004  mono=False  iters=25/25  rho=50.0
[ADMM-C3+] WARNING non-converged: pr=4.9639 dr=21.0004 tol=1e-03
[C3+] step=309 |u[0]|=8.54N λ_n_max=0.759 η_n_max=1.879 primal=4.964 iters=25/25 lcp_res_max=9.32e-08
[ADMIT-GUARD] step=104 admit_active=0 latch=0/0 ee_z=0.146 gate_cap=0
[ALT-GATE] step=104 target_stable=0/0 allow_descent=1
[GS-tgt] step=104 ee=(+0.083,-0.003,+0.146) p_repos=(+0.080,+0.000,+0.030) ee_to_target=0.116m target_label=prev_repos target_changed=N delta=0.000m
[GS] step=104 mode=free switch=kStayInRepos best_k=0 best_src=prev_repos curr_cost=141869.19 repos_cost=150741.54 best_other=150741.54 met_progress=N steps_since_improve=102 switches=0
[STEP] step=104 mode=free t=1.040s ee=(+0.083,-0.003,+0.146) obj=(+0.000,+0.000,+0.050) goal_dist=0.300m switch=kStayInRepos target=(+0.080,+0.000,+0.142) ee_stride=0.006m ee_to_ptarget=0.116m landing_err=0.0125m ik_ok=Y ik_resid=0.0006m q_max_resid_deg=15.10 target_changed=Y retgt=N held_idx=1 held_cost=150741.54 won_cost=150741.54 margin=+0.00 won_src=prev_repos held_valid=Y reason=hold setpoint_to_ptarget=nanm finished_val=nanm finished_thresh=0.0200m pd_resid=nanm nextwp_to_ptarget=nanm guide_terminal_err=nanm
[GATE-EVOLVE] step=104 curr=141869.19 best_other=150741.54 ratio=0.9411 ee_to_optimal=0.0083m phi=0.0315m
[STAGE-A-TRACE] step=104 sim_t=1.040 mode=free phi=0.03148 box_xy=+0.00000,+0.00000 lam_n_ee_box=nan qy=+0.00001 qz=+0.00000 finished_repos=0
[DRAKE-CONTACT] step=104 n_pairs=1 ee_box_normal=0.000
[GATE-CONTACT] step=104 F_W=(+0.0000,+0.0000,+0.0000) F_on_box=(-0.0000,-0.0000,-0.0000) n_face_out=(-0.0000,-0.0000,-0.0000) A_is_ee=0 box_q=(+1.00000,-0.00001,+0.00001,+0.00000) box_p=(+0.00000,+0.00000,+0.04999) ee_p=(+0.08276,-0.00286,+0.14601)
[ADMM-C3+] primal: 10.8324->4.9639  dual: 899.6131->21.0003  mono=False  iters=25/25  rho=50.0
[ADMM-C3+] WARNING non-converged: pr=4.9639 dr=21.0003 tol=1e-03
[C3+] step=312 |u[0]|=8.44N λ_n_max=0.759 η_n_max=1.879 primal=4.964 iters=25/25 lcp_res_max=9.32e-08
[ADMIT-GUARD] step=105 admit_active=0 latch=0/0 ee_z=0.144 gate_cap=0
[ALT-GATE] step=105 target_stable=0/0 allow_descent=1
[GS-tgt] step=105 ee=(+0.083,-0.003,+0.144) p_repos=(+0.080,+0.000,+0.030) ee_to_target=0.114m target_label=prev_repos target_changed=N delta=0.000m
[GS] step=105 mode=free switch=kStayInRepos best_k=0 best_src=prev_repos curr_cost=141862.88 repos_cost=150740.45 best_other=150740.45 met_progress=N steps_since_improve=103 switches=0
[STEP] step=105 mode=free t=1.050s ee=(+0.083,-0.003,+0.144) obj=(+0.000,+0.000,+0.050) goal_dist=0.300m switch=kStayInRepos target=(+0.080,+0.000,+0.140) ee_stride=0.006m ee_to_ptarget=0.114m landing_err=0.0085m ik_ok=Y ik_resid=0.0007m q_max_resid_deg=15.39 target_changed=Y retgt=N held_idx=1 held_cost=150740.45 won_cost=150740.45 margin=+0.00 won_src=prev_repos held_valid=Y reason=hold setpoint_to_ptarget=nanm finished_val=nanm finished_thresh=0.0200m pd_resid=nanm nextwp_to_ptarget=nanm guide_terminal_err=nanm
[GATE-EVOLVE] step=105 curr=141862.88 best_other=150740.45 ratio=0.9411 ee_to_optimal=0.0082m phi=0.0300m
[STAGE-A-TRACE] step=105 sim_t=1.050 mode=free phi=0.02998 box_xy=+0.00000,+0.00000 lam_n_ee_box=nan qy=+0.00001 qz=+0.00000 finished_repos=0
[DRAKE-CONTACT] step=105 n_pairs=1 ee_box_normal=0.000
[GATE-CONTACT] step=105 F_W=(+0.0000,+0.0000,+0.0000) F_on_box=(-0.0000,-0.0000,-0.0000) n_face_out=(-0.0000,-0.0000,-0.0000) A_is_ee=0 box_q=(+1.00000,-0.00001,+0.00001,+0.00000) box_p=(+0.00000,+0.00000,+0.04999) ee_p=(+0.08269,-0.00292,+0.14420)
[ADMM-C3+] primal: 10.8324->4.9639  dual: 899.6131->21.0003  mono=False  iters=25/25  rho=50.0
[ADMM-C3+] WARNING non-converged: pr=4.9639 dr=21.0003 tol=1e-03
[C3+] step=315 |u[0]|=8.34N λ_n_max=0.759 η_n_max=1.879 primal=4.964 iters=25/25 lcp_res_max=9.32e-08
[ADMIT-GUARD] step=106 admit_active=0 latch=0/0 ee_z=0.142 gate_cap=0
[ALT-GATE] step=106 target_stable=0/0 allow_descent=1
[GS-tgt] step=106 ee=(+0.083,-0.003,+0.142) p_repos=(+0.080,+0.000,+0.030) ee_to_target=0.112m target_label=prev_repos target_changed=N delta=0.000m
[GS] step=106 mode=free switch=kStayInRepos best_k=0 best_src=prev_repos curr_cost=141856.10 repos_cost=150738.39 best_other=150738.39 met_progress=N steps_since_improve=104 switches=0
[STEP] step=106 mode=free t=1.060s ee=(+0.083,-0.003,+0.142) obj=(+0.000,+0.000,+0.050) goal_dist=0.300m switch=kStayInRepos target=(+0.080,+0.000,+0.138) ee_stride=0.006m ee_to_ptarget=0.112m landing_err=0.0045m ik_ok=Y ik_resid=0.0007m q_max_resid_deg=15.65 target_changed=Y retgt=N held_idx=1 held_cost=150738.39 won_cost=150738.39 margin=+0.00 won_src=prev_repos held_valid=Y reason=hold setpoint_to_ptarget=nanm finished_val=nanm finished_thresh=0.0200m pd_resid=nanm nextwp_to_ptarget=nanm guide_terminal_err=nanm
[GATE-EVOLVE] step=106 curr=141856.10 best_other=150738.39 ratio=0.9411 ee_to_optimal=0.0081m phi=0.0284m
[STAGE-A-TRACE] step=106 sim_t=1.060 mode=free phi=0.02835 box_xy=+0.00000,+0.00000 lam_n_ee_box=nan qy=+0.00001 qz=+0.00000 finished_repos=0
[DRAKE-CONTACT] step=106 n_pairs=1 ee_box_normal=0.000
[GATE-CONTACT] step=106 F_W=(+0.0000,+0.0000,+0.0000) F_on_box=(-0.0000,-0.0000,-0.0000) n_face_out=(-0.0000,-0.0000,-0.0000) A_is_ee=0 box_q=(+1.00000,-0.00001,+0.00001,+0.00000) box_p=(+0.00000,+0.00000,+0.04999) ee_p=(+0.08254,-0.00289,+0.14227)
[ADMM-C3+] primal: 10.8324->4.9639  dual: 899.6131->21.0003  mono=False  iters=25/25  rho=50.0
[ADMM-C3+] WARNING non-converged: pr=4.9639 dr=21.0003 tol=1e-03
[C3+] step=318 |u[0]|=8.24N λ_n_max=0.759 η_n_max=1.879 primal=4.964 iters=25/25 lcp_res_max=9.32e-08
[ADMIT-GUARD] step=107 admit_active=0 latch=0/0 ee_z=0.140 gate_cap=0
[ALT-GATE] step=107 target_stable=0/0 allow_descent=1
[GS-tgt] step=107 ee=(+0.082,-0.003,+0.140) p_repos=(+0.080,+0.000,+0.030) ee_to_target=0.110m target_label=prev_repos target_changed=N delta=0.000m
[GS] step=107 mode=free switch=kStayInRepos best_k=0 best_src=prev_repos curr_cost=141849.01 repos_cost=150735.80 best_other=150735.80 met_progress=N steps_since_improve=105 switches=0
[STEP] step=107 mode=free t=1.070s ee=(+0.082,-0.003,+0.140) obj=(+0.000,+0.000,+0.050) goal_dist=0.300m switch=kStayInRepos target=(+0.080,+0.000,+0.136) ee_stride=0.005m ee_to_ptarget=0.110m landing_err=0.0005m ik_ok=Y ik_resid=0.0007m q_max_resid_deg=15.89 target_changed=Y retgt=N held_idx=1 held_cost=150735.80 won_cost=150735.80 margin=+0.00 won_src=prev_repos held_valid=Y reason=hold setpoint_to_ptarget=nanm finished_val=nanm finished_thresh=0.0200m pd_resid=nanm nextwp_to_ptarget=nanm guide_terminal_err=nanm
[GATE-EVOLVE] step=107 curr=141849.01 best_other=150735.80 ratio=0.9410 ee_to_optimal=0.0079m phi=0.0267m
[STAGE-A-TRACE] step=107 sim_t=1.070 mode=free phi=0.02665 box_xy=+0.00000,+0.00000 lam_n_ee_box=nan qy=+0.00001 qz=+0.00000 finished_repos=0
[DRAKE-CONTACT] step=107 n_pairs=1 ee_box_normal=0.000
[GATE-CONTACT] step=107 F_W=(+0.0000,+0.0000,+0.0000) F_on_box=(-0.0000,-0.0000,-0.0000) n_face_out=(-0.0000,-0.0000,-0.0000) A_is_ee=0 box_q=(+1.00000,-0.00001,+0.00001,+0.00000) box_p=(+0.00000,+0.00000,+0.04999) ee_p=(+0.08235,-0.00279,+0.14026)
[ADMM-C3+] primal: 10.8324->4.9639  dual: 899.6131->21.0003  mono=False  iters=25/25  rho=50.0
[ADMM-C3+] WARNING non-converged: pr=4.9639 dr=21.0003 tol=1e-03
[C3+] step=321 |u[0]|=8.14N λ_n_max=0.759 η_n_max=1.879 primal=4.964 iters=25/25 lcp_res_max=9.32e-08
[ADMIT-GUARD] step=108 admit_active=0 latch=0/0 ee_z=0.138 gate_cap=0
[ALT-GATE] step=108 target_stable=0/0 allow_descent=1
[GS-tgt] step=108 ee=(+0.082,-0.003,+0.138) p_repos=(+0.080,+0.000,+0.030) ee_to_target=0.108m target_label=prev_repos target_changed=N delta=0.000m
[GS] step=108 mode=free switch=kStayInRepos best_k=0 best_src=prev_repos curr_cost=141841.80 repos_cost=150732.97 best_other=150732.97 met_progress=N steps_since_improve=106 switches=0
[STEP] step=108 mode=free t=1.080s ee=(+0.082,-0.003,+0.138) obj=(+0.000,+0.000,+0.050) goal_dist=0.300m switch=kStayInRepos target=(+0.080,+0.000,+0.135) ee_stride=0.005m ee_to_ptarget=0.108m landing_err=0.0000m ik_ok=Y ik_resid=0.0007m q_max_resid_deg=15.63 target_changed=Y retgt=N held_idx=1 held_cost=150732.97 won_cost=150732.97 margin=+0.00 won_src=prev_repos held_valid=Y reason=hold setpoint_to_ptarget=nanm finished_val=nanm finished_thresh=0.0200m pd_resid=nanm nextwp_to_ptarget=nanm guide_terminal_err=nanm
[GATE-EVOLVE] step=108 curr=141841.80 best_other=150732.97 ratio=0.9410 ee_to_optimal=0.0076m phi=0.0249m
[STAGE-A-TRACE] step=108 sim_t=1.080 mode=free phi=0.02493 box_xy=+0.00000,+0.00000 lam_n_ee_box=nan qy=+0.00001 qz=+0.00000 finished_repos=0
[DRAKE-CONTACT] step=108 n_pairs=1 ee_box_normal=0.000
[GATE-CONTACT] step=108 F_W=(+0.0000,+0.0000,+0.0000) F_on_box=(-0.0000,-0.0000,-0.0000) n_face_out=(-0.0000,-0.0000,-0.0000) A_is_ee=0 box_q=(+1.00000,-0.00001,+0.00001,+0.00000) box_p=(+0.00000,+0.00000,+0.04999) ee_p=(+0.08214,-0.00265,+0.13821)
[ADMM-C3+] primal: 10.8324->4.9639  dual: 899.6131->21.0003  mono=False  iters=25/25  rho=50.0
[ADMM-C3+] WARNING non-converged: pr=4.9639 dr=21.0003 tol=1e-03
[C3+] step=324 |u[0]|=8.05N λ_n_max=0.759 η_n_max=1.879 primal=4.964 iters=25/25 lcp_res_max=9.32e-08
[ADMIT-GUARD] step=109 admit_active=0 latch=0/0 ee_z=0.136 gate_cap=0
[ALT-GATE] step=109 target_stable=0/0 allow_descent=1
[GS-tgt] step=109 ee=(+0.082,-0.002,+0.136) p_repos=(+0.080,+0.000,+0.030) ee_to_target=0.106m target_label=prev_repos target_changed=N delta=0.000m
[GS] step=109 mode=free switch=kStayInRepos best_k=0 best_src=prev_repos curr_cost=141834.68 repos_cost=150730.10 best_other=150730.10 met_progress=N steps_since_improve=107 switches=0
[STEP] step=109 mode=free t=1.090s ee=(+0.082,-0.002,+0.136) obj=(+0.000,+0.000,+0.050) goal_dist=0.300m switch=kStayInRepos target=(+0.080,+0.000,+0.133) ee_stride=0.005m ee_to_ptarget=0.106m landing_err=0.0000m ik_ok=Y ik_resid=0.0007m q_max_resid_deg=15.30 target_changed=Y retgt=N held_idx=1 held_cost=150730.10 won_cost=150730.10 margin=+0.00 won_src=prev_repos held_valid=Y reason=hold setpoint_to_ptarget=nanm finished_val=nanm finished_thresh=0.0200m pd_resid=nanm nextwp_to_ptarget=nanm guide_terminal_err=nanm
[GATE-EVOLVE] step=109 curr=141834.68 best_other=150730.10 ratio=0.9410 ee_to_optimal=0.0073m phi=0.0232m
[STAGE-A-TRACE] step=109 sim_t=1.090 mode=free phi=0.02322 box_xy=+0.00000,+0.00000 lam_n_ee_box=nan qy=+0.00001 qz=+0.00000 finished_repos=0
[DRAKE-CONTACT] step=109 n_pairs=1 ee_box_normal=0.000
[GATE-CONTACT] step=109 F_W=(+0.0000,+0.0000,+0.0000) F_on_box=(-0.0000,-0.0000,-0.0000) n_face_out=(-0.0000,-0.0000,-0.0000) A_is_ee=0 box_q=(+1.00000,-0.00001,+0.00001,+0.00000) box_p=(+0.00000,+0.00000,+0.04999) ee_p=(+0.08192,-0.00248,+0.13613)
[ADMM-C3+] primal: 10.8324->4.9639  dual: 899.6131->21.0003  mono=False  iters=25/25  rho=50.0
[ADMM-C3+] WARNING non-converged: pr=4.9639 dr=21.0003 tol=1e-03
[C3+] step=327 |u[0]|=7.95N λ_n_max=0.759 η_n_max=1.879 primal=4.964 iters=25/25 lcp_res_max=9.32e-08
[ADMIT-GUARD] step=110 admit_active=0 latch=0/0 ee_z=0.134 gate_cap=0
[ALT-GATE] step=110 target_stable=0/0 allow_descent=1
[GS-tgt] step=110 ee=(+0.082,-0.002,+0.134) p_repos=(+0.080,+0.000,+0.030) ee_to_target=0.104m target_label=prev_repos target_changed=N delta=0.000m
[IMP] step=110 mode=free |x_err|=0.0041m |tau_imp|=0.59Nm |tau_ff|=0.00Nm |tau_out|=0.59Nm sat=False lam_n=False lam_t=False
[GS] step=110 mode=free switch=kStayInRepos best_k=0 best_src=prev_repos curr_cost=141827.71 repos_cost=150727.29 best_other=150727.29 met_progress=N steps_since_improve=108 switches=0
[STEP] step=110 mode=free t=1.100s ee=(+0.082,-0.002,+0.134) obj=(+0.000,+0.000,+0.050) goal_dist=0.300m switch=kStayInRepos target=(+0.080,+0.000,+0.131) ee_stride=0.004m ee_to_ptarget=0.104m landing_err=0.0000m ik_ok=Y ik_resid=0.0006m q_max_resid_deg=14.97 target_changed=Y retgt=N held_idx=1 held_cost=150727.29 won_cost=150727.29 margin=+0.00 won_src=prev_repos held_valid=Y reason=hold setpoint_to_ptarget=nanm finished_val=nanm finished_thresh=0.0200m pd_resid=nanm nextwp_to_ptarget=nanm guide_terminal_err=nanm
[GATE-EVOLVE] step=110 curr=141827.71 best_other=150727.29 ratio=0.9410 ee_to_optimal=0.0071m phi=0.0215m
[STAGE-A-TRACE] step=110 sim_t=1.100 mode=free phi=0.02153 box_xy=+0.00000,+0.00000 lam_n_ee_box=nan qy=+0.00001 qz=+0.00000 finished_repos=0
[DRAKE-CONTACT] step=110 n_pairs=1 ee_box_normal=0.000
[GATE-CONTACT] step=110 F_W=(+0.0000,+0.0000,+0.0000) F_on_box=(-0.0000,-0.0000,-0.0000) n_face_out=(-0.0000,-0.0000,-0.0000) A_is_ee=0 box_q=(+1.00000,-0.00001,+0.00001,+0.00000) box_p=(+0.00000,+0.00000,+0.04999) ee_p=(+0.08171,-0.00230,+0.13405)
[ADMM-C3+] primal: 10.8324->4.9639  dual: 899.6131->21.0003  mono=False  iters=25/25  rho=50.0
[ADMM-C3+] WARNING non-converged: pr=4.9639 dr=21.0003 tol=1e-03
[C3+] step=330 |u[0]|=7.85N λ_n_max=0.759 η_n_max=1.879 primal=4.964 iters=25/25 lcp_res_max=9.32e-08
[ADMIT-GUARD] step=111 admit_active=0 latch=0/0 ee_z=0.132 gate_cap=0
[ALT-GATE] step=111 target_stable=0/0 allow_descent=1
[GS-tgt] step=111 ee=(+0.082,-0.002,+0.132) p_repos=(+0.080,+0.000,+0.030) ee_to_target=0.102m target_label=prev_repos target_changed=N delta=0.000m
[GS] step=111 mode=free switch=kStayInRepos best_k=0 best_src=prev_repos curr_cost=141820.94 repos_cost=150724.64 best_other=150724.64 met_progress=N steps_since_improve=109 switches=0
[STEP] step=111 mode=free t=1.110s ee=(+0.082,-0.002,+0.132) obj=(+0.000,+0.000,+0.050) goal_dist=0.300m switch=kStayInRepos target=(+0.080,+0.000,+0.129) ee_stride=0.004m ee_to_ptarget=0.102m landing_err=0.0000m ik_ok=Y ik_resid=0.0006m q_max_resid_deg=14.63 target_changed=Y retgt=N held_idx=1 held_cost=150724.64 won_cost=150724.64 margin=+0.00 won_src=prev_repos held_valid=Y reason=hold setpoint_to_ptarget=nanm finished_val=nanm finished_thresh=0.0200m pd_resid=nanm nextwp_to_ptarget=nanm guide_terminal_err=nanm
[GATE-EVOLVE] step=111 curr=141820.94 best_other=150724.64 ratio=0.9409 ee_to_optimal=0.0068m phi=0.0199m
[STAGE-A-TRACE] step=111 sim_t=1.110 mode=free phi=0.01990 box_xy=+0.00000,+0.00000 lam_n_ee_box=nan qy=+0.00001 qz=+0.00000 finished_repos=0
[DRAKE-CONTACT] step=111 n_pairs=1 ee_box_normal=0.000
[GATE-CONTACT] step=111 F_W=(+0.0000,+0.0000,+0.0000) F_on_box=(-0.0000,-0.0000,-0.0000) n_face_out=(-0.0000,-0.0000,-0.0000) A_is_ee=0 box_q=(+1.00000,-0.00001,+0.00001,+0.00000) box_p=(+0.00000,+0.00000,+0.04999) ee_p=(+0.08151,-0.00212,+0.13198)
[ADMM-C3+] primal: 10.8324->4.9639  dual: 899.6131->21.0003  mono=False  iters=25/25  rho=50.0
[ADMM-C3+] WARNING non-converged: pr=4.9639 dr=21.0003 tol=1e-03
[C3+] step=333 |u[0]|=7.76N λ_n_max=0.759 η_n_max=1.879 primal=4.964 iters=25/25 lcp_res_max=9.32e-08
[ADMIT-GUARD] step=112 admit_active=0 latch=0/0 ee_z=0.130 gate_cap=0
[ALT-GATE] step=112 target_stable=0/0 allow_descent=1
[GS-tgt] step=112 ee=(+0.081,-0.002,+0.130) p_repos=(+0.080,+0.000,+0.030) ee_to_target=0.100m target_label=prev_repos target_changed=N delta=0.000m
[GS] step=112 mode=free switch=kStayInRepos best_k=0 best_src=prev_repos curr_cost=141814.41 repos_cost=150722.17 best_other=150722.17 met_progress=N steps_since_improve=110 switches=0
[STEP] step=112 mode=free t=1.120s ee=(+0.081,-0.002,+0.130) obj=(+0.000,+0.000,+0.050) goal_dist=0.300m switch=kStayInRepos target=(+0.080,+0.000,+0.127) ee_stride=0.003m ee_to_ptarget=0.100m landing_err=0.0000m ik_ok=Y ik_resid=0.0006m q_max_resid_deg=14.30 target_changed=Y retgt=N held_idx=1 held_cost=150722.17 won_cost=150722.17 margin=+0.00 won_src=prev_repos held_valid=Y reason=hold setpoint_to_ptarget=nanm finished_val=nanm finished_thresh=0.0200m pd_resid=nanm nextwp_to_ptarget=nanm guide_terminal_err=nanm
[GATE-EVOLVE] step=112 curr=141814.41 best_other=150722.17 ratio=0.9409 ee_to_optimal=0.0066m phi=0.0183m
[STAGE-A-TRACE] step=112 sim_t=1.120 mode=free phi=0.01832 box_xy=+0.00000,+0.00000 lam_n_ee_box=nan qy=+0.00001 qz=+0.00000 finished_repos=0
[DRAKE-CONTACT] step=112 n_pairs=1 ee_box_normal=0.000
[GATE-CONTACT] step=112 F_W=(+0.0000,+0.0000,+0.0000) F_on_box=(-0.0000,-0.0000,-0.0000) n_face_out=(-0.0000,-0.0000,-0.0000) A_is_ee=0 box_q=(+1.00000,-0.00001,+0.00001,+0.00000) box_p=(+0.00000,+0.00000,+0.04999) ee_p=(+0.08133,-0.00193,+0.12992)
[ADMM-C3+] primal: 10.8324->4.9639  dual: 899.6131->21.0003  mono=False  iters=25/25  rho=50.0
[ADMM-C3+] WARNING non-converged: pr=4.9639 dr=21.0003 tol=1e-03
[C3+] step=336 |u[0]|=7.67N λ_n_max=0.759 η_n_max=1.879 primal=4.964 iters=25/25 lcp_res_max=9.32e-08
[ADMIT-GUARD] step=113 admit_active=0 latch=0/0 ee_z=0.128 gate_cap=0
[ALT-GATE] step=113 target_stable=0/0 allow_descent=1
[GS-tgt] step=113 ee=(+0.081,-0.002,+0.128) p_repos=(+0.080,+0.000,+0.030) ee_to_target=0.098m target_label=prev_repos target_changed=N delta=0.000m
[GS] step=113 mode=free switch=kStayInRepos best_k=0 best_src=prev_repos curr_cost=141808.12 repos_cost=150719.90 best_other=150719.90 met_progress=N steps_since_improve=111 switches=0
[STEP] step=113 mode=free t=1.130s ee=(+0.081,-0.002,+0.128) obj=(+0.000,+0.000,+0.050) goal_dist=0.300m switch=kStayInRepos target=(+0.080,+0.000,+0.126) ee_stride=0.003m ee_to_ptarget=0.098m landing_err=0.0000m ik_ok=Y ik_resid=0.0006m q_max_resid_deg=13.98 target_changed=Y retgt=N held_idx=1 held_cost=150719.90 won_cost=150719.90 margin=+0.00 won_src=prev_repos held_valid=Y reason=hold setpoint_to_ptarget=nanm finished_val=nanm finished_thresh=0.0200m pd_resid=nanm nextwp_to_ptarget=nanm guide_terminal_err=nanm
[GATE-EVOLVE] step=113 curr=141808.12 best_other=150719.90 ratio=0.9409 ee_to_optimal=0.0064m phi=0.0168m
[STAGE-A-TRACE] step=113 sim_t=1.130 mode=free phi=0.01682 box_xy=+0.00000,+0.00000 lam_n_ee_box=nan qy=+0.00001 qz=+0.00000 finished_repos=0
[DRAKE-CONTACT] step=113 n_pairs=1 ee_box_normal=0.000
[GATE-CONTACT] step=113 F_W=(+0.0000,+0.0000,+0.0000) F_on_box=(-0.0000,-0.0000,-0.0000) n_face_out=(-0.0000,-0.0000,-0.0000) A_is_ee=0 box_q=(+1.00000,-0.00001,+0.00001,+0.00000) box_p=(+0.00000,+0.00000,+0.04999) ee_p=(+0.08116,-0.00176,+0.12788)
[ADMM-C3+] primal: 10.8324->4.9639  dual: 899.6131->21.0003  mono=False  iters=25/25  rho=50.0
[ADMM-C3+] WARNING non-converged: pr=4.9639 dr=21.0003 tol=1e-03
[C3+] step=339 |u[0]|=7.58N λ_n_max=0.759 η_n_max=1.879 primal=4.964 iters=25/25 lcp_res_max=9.32e-08
[ADMIT-GUARD] step=114 admit_active=0 latch=0/0 ee_z=0.126 gate_cap=0
[ALT-GATE] step=114 target_stable=0/0 allow_descent=1
[GS-tgt] step=114 ee=(+0.081,-0.002,+0.126) p_repos=(+0.080,+0.000,+0.030) ee_to_target=0.096m target_label=prev_repos target_changed=N delta=0.000m
[GS] step=114 mode=free switch=kStayInRepos best_k=0 best_src=prev_repos curr_cost=141802.07 repos_cost=150717.84 best_other=150717.84 met_progress=N steps_since_improve=112 switches=0
[STEP] step=114 mode=free t=1.140s ee=(+0.081,-0.002,+0.126) obj=(+0.000,+0.000,+0.050) goal_dist=0.300m switch=kStayInRepos target=(+0.080,+0.000,+0.124) ee_stride=0.003m ee_to_ptarget=0.096m landing_err=0.0000m ik_ok=Y ik_resid=0.0005m q_max_resid_deg=13.66 target_changed=Y retgt=N held_idx=1 held_cost=150717.84 won_cost=150717.84 margin=+0.00 won_src=prev_repos held_valid=Y reason=hold setpoint_to_ptarget=nanm finished_val=nanm finished_thresh=0.0200m pd_resid=nanm nextwp_to_ptarget=nanm guide_terminal_err=nanm
[GATE-EVOLVE] step=114 curr=141802.07 best_other=150717.84 ratio=0.9408 ee_to_optimal=0.0062m phi=0.0154m
[STAGE-A-TRACE] step=114 sim_t=1.140 mode=free phi=0.01538 box_xy=+0.00000,+0.00000 lam_n_ee_box=nan qy=+0.00001 qz=+0.00000 finished_repos=0
[DRAKE-CONTACT] step=114 n_pairs=1 ee_box_normal=0.000
[GATE-CONTACT] step=114 F_W=(+0.0000,+0.0000,+0.0000) F_on_box=(-0.0000,-0.0000,-0.0000) n_face_out=(-0.0000,-0.0000,-0.0000) A_is_ee=0 box_q=(+1.00000,-0.00001,+0.00001,+0.00000) box_p=(+0.00000,+0.00000,+0.04999) ee_p=(+0.08101,-0.00160,+0.12586)
[ADMM-C3+] primal: 10.8324->4.9639  dual: 899.6131->21.0003  mono=False  iters=25/25  rho=50.0
[ADMM-C3+] WARNING non-converged: pr=4.9639 dr=21.0003 tol=1e-03
[C3+] step=342 |u[0]|=7.50N λ_n_max=0.759 η_n_max=1.879 primal=4.964 iters=25/25 lcp_res_max=9.32e-08
[ADMIT-GUARD] step=115 admit_active=0 latch=0/0 ee_z=0.124 gate_cap=0
[ALT-GATE] step=115 target_stable=0/0 allow_descent=1
[GS-tgt] step=115 ee=(+0.081,-0.001,+0.124) p_repos=(+0.080,+0.000,+0.030) ee_to_target=0.094m target_label=prev_repos target_changed=N delta=0.000m
[GS] step=115 mode=free switch=kStayInRepos best_k=0 best_src=prev_repos curr_cost=141796.27 repos_cost=150715.96 best_other=150715.96 met_progress=N steps_since_improve=113 switches=0
[STEP] step=115 mode=free t=1.150s ee=(+0.081,-0.001,+0.124) obj=(+0.000,+0.000,+0.050) goal_dist=0.300m switch=kStayInRepos target=(+0.080,+0.000,+0.122) ee_stride=0.002m ee_to_ptarget=0.094m landing_err=0.0000m ik_ok=Y ik_resid=0.0005m q_max_resid_deg=13.35 target_changed=Y retgt=N held_idx=1 held_cost=150715.96 won_cost=150715.96 margin=+0.00 won_src=prev_repos held_valid=Y reason=hold setpoint_to_ptarget=nanm finished_val=nanm finished_thresh=0.0200m pd_resid=nanm nextwp_to_ptarget=nanm guide_terminal_err=nanm
[GATE-EVOLVE] step=115 curr=141796.27 best_other=150715.96 ratio=0.9408 ee_to_optimal=0.0061m phi=0.0140m
[STAGE-A-TRACE] step=115 sim_t=1.150 mode=free phi=0.01403 box_xy=+0.00000,+0.00000 lam_n_ee_box=nan qy=+0.00001 qz=+0.00000 finished_repos=0
[DRAKE-CONTACT] step=115 n_pairs=1 ee_box_normal=0.000
[GATE-CONTACT] step=115 F_W=(+0.0000,+0.0000,+0.0000) F_on_box=(-0.0000,-0.0000,-0.0000) n_face_out=(-0.0000,-0.0000,-0.0000) A_is_ee=0 box_q=(+1.00000,-0.00001,+0.00001,+0.00000) box_p=(+0.00000,+0.00000,+0.04999) ee_p=(+0.08088,-0.00145,+0.12386)
[ADMM-C3+] primal: 10.8324->4.9639  dual: 899.6131->21.0003  mono=False  iters=25/25  rho=50.0
[ADMM-C3+] WARNING non-converged: pr=4.9639 dr=21.0003 tol=1e-03
[C3+] step=345 |u[0]|=7.41N λ_n_max=0.759 η_n_max=1.879 primal=4.964 iters=25/25 lcp_res_max=9.32e-08
[ADMIT-GUARD] step=116 admit_active=0 latch=0/0 ee_z=0.122 gate_cap=0
[ALT-GATE] step=116 target_stable=0/0 allow_descent=1
[GS-tgt] step=116 ee=(+0.081,-0.001,+0.122) p_repos=(+0.080,+0.000,+0.030) ee_to_target=0.092m target_label=prev_repos target_changed=N delta=0.000m
[GS] step=116 mode=free switch=kStayInRepos best_k=0 best_src=prev_repos curr_cost=141790.71 repos_cost=150714.27 best_other=150714.27 met_progress=N steps_since_improve=114 switches=0
[STEP] step=116 mode=free t=1.160s ee=(+0.081,-0.001,+0.122) obj=(+0.000,+0.000,+0.050) goal_dist=0.300m switch=kStayInRepos target=(+0.080,+0.000,+0.120) ee_stride=0.002m ee_to_ptarget=0.092m landing_err=0.0000m ik_ok=Y ik_resid=0.0005m q_max_resid_deg=13.04 target_changed=Y retgt=N held_idx=1 held_cost=150714.27 won_cost=150714.27 margin=+0.00 won_src=prev_repos held_valid=Y reason=hold setpoint_to_ptarget=nanm finished_val=nanm finished_thresh=0.0200m pd_resid=nanm nextwp_to_ptarget=nanm guide_terminal_err=nanm
[GATE-EVOLVE] step=116 curr=141790.71 best_other=150714.27 ratio=0.9408 ee_to_optimal=0.0059m phi=0.0128m
[STAGE-A-TRACE] step=116 sim_t=1.160 mode=free phi=0.01275 box_xy=+0.00000,+0.00000 lam_n_ee_box=nan qy=+0.00001 qz=+0.00000 finished_repos=0
[DRAKE-CONTACT] step=116 n_pairs=1 ee_box_normal=0.000
[GATE-CONTACT] step=116 F_W=(+0.0000,+0.0000,+0.0000) F_on_box=(-0.0000,-0.0000,-0.0000) n_face_out=(-0.0000,-0.0000,-0.0000) A_is_ee=0 box_q=(+1.00000,-0.00001,+0.00001,+0.00000) box_p=(+0.00000,+0.00000,+0.04999) ee_p=(+0.08076,-0.00132,+0.12188)
[ADMM-C3+] primal: 10.8324->4.9639  dual: 899.6131->21.0003  mono=False  iters=25/25  rho=50.0
[ADMM-C3+] WARNING non-converged: pr=4.9639 dr=21.0003 tol=1e-03
[C3+] step=348 |u[0]|=7.33N λ_n_max=0.759 η_n_max=1.879 primal=4.964 iters=25/25 lcp_res_max=9.32e-08
[ADMIT-GUARD] step=117 admit_active=0 latch=0/0 ee_z=0.120 gate_cap=0
[ALT-GATE] step=117 target_stable=0/0 allow_descent=1
[GS-tgt] step=117 ee=(+0.081,-0.001,+0.120) p_repos=(+0.080,+0.000,+0.030) ee_to_target=0.090m target_label=prev_repos target_changed=N delta=0.000m
[GS] step=117 mode=free switch=kStayInRepos best_k=0 best_src=prev_repos curr_cost=141785.36 repos_cost=150712.75 best_other=150712.75 met_progress=N steps_since_improve=115 switches=0
[STEP] step=117 mode=free t=1.170s ee=(+0.081,-0.001,+0.120) obj=(+0.000,+0.000,+0.050) goal_dist=0.300m switch=kStayInRepos target=(+0.080,+0.000,+0.118) ee_stride=0.002m ee_to_ptarget=0.090m landing_err=0.0000m ik_ok=Y ik_resid=0.0005m q_max_resid_deg=12.74 target_changed=Y retgt=N held_idx=1 held_cost=150712.75 won_cost=150712.75 margin=+0.00 won_src=prev_repos held_valid=Y reason=hold setpoint_to_ptarget=nanm finished_val=nanm finished_thresh=0.0200m pd_resid=nanm nextwp_to_ptarget=nanm guide_terminal_err=nanm
[GATE-EVOLVE] step=117 curr=141785.36 best_other=150712.75 ratio=0.9408 ee_to_optimal=0.0058m phi=0.0116m
[STAGE-A-TRACE] step=117 sim_t=1.170 mode=free phi=0.01157 box_xy=+0.00000,+0.00000 lam_n_ee_box=nan qy=+0.00001 qz=+0.00000 finished_repos=0
[DRAKE-CONTACT] step=117 n_pairs=1 ee_box_normal=0.000
[GATE-CONTACT] step=117 F_W=(+0.0000,+0.0000,+0.0000) F_on_box=(-0.0000,-0.0000,-0.0000) n_face_out=(-0.0000,-0.0000,-0.0000) A_is_ee=0 box_q=(+1.00000,-0.00001,+0.00001,+0.00000) box_p=(+0.00000,+0.00000,+0.04999) ee_p=(+0.08066,-0.00120,+0.11992)
[ADMM-C3+] primal: 10.8324->4.9639  dual: 899.6131->21.0003  mono=False  iters=25/25  rho=50.0
[ADMM-C3+] WARNING non-converged: pr=4.9639 dr=21.0003 tol=1e-03
[C3+] step=351 |u[0]|=7.25N λ_n_max=0.759 η_n_max=1.879 primal=4.964 iters=25/25 lcp_res_max=9.32e-08
[ADMIT-GUARD] step=118 admit_active=0 latch=0/0 ee_z=0.118 gate_cap=0
[ALT-GATE] step=118 target_stable=0/0 allow_descent=1
[GS-tgt] step=118 ee=(+0.081,-0.001,+0.118) p_repos=(+0.080,+0.000,+0.030) ee_to_target=0.088m target_label=prev_repos target_changed=N delta=0.000m
[GS] step=118 mode=free switch=kStayInRepos best_k=0 best_src=prev_repos curr_cost=141780.24 repos_cost=150711.37 best_other=150711.37 met_progress=N steps_since_improve=116 switches=0
[STEP] step=118 mode=free t=1.180s ee=(+0.081,-0.001,+0.118) obj=(+0.000,+0.000,+0.050) goal_dist=0.300m switch=kStayInRepos target=(+0.080,+0.000,+0.117) ee_stride=0.002m ee_to_ptarget=0.088m landing_err=0.0000m ik_ok=Y ik_resid=0.0004m q_max_resid_deg=12.44 target_changed=Y retgt=N held_idx=1 held_cost=150711.37 won_cost=150711.37 margin=+0.00 won_src=prev_repos held_valid=Y reason=hold setpoint_to_ptarget=nanm finished_val=nanm finished_thresh=0.0200m pd_resid=nanm nextwp_to_ptarget=nanm guide_terminal_err=nanm
[GATE-EVOLVE] step=118 curr=141780.24 best_other=150711.37 ratio=0.9407 ee_to_optimal=0.0057m phi=0.0105m
[STAGE-A-TRACE] step=118 sim_t=1.180 mode=free phi=0.01047 box_xy=+0.00000,+0.00000 lam_n_ee_box=nan qy=+0.00001 qz=+0.00000 finished_repos=0
[DRAKE-CONTACT] step=118 n_pairs=1 ee_box_normal=0.000
[GATE-CONTACT] step=118 F_W=(+0.0000,+0.0000,+0.0000) F_on_box=(-0.0000,-0.0000,-0.0000) n_face_out=(-0.0000,-0.0000,-0.0000) A_is_ee=0 box_q=(+1.00000,-0.00001,+0.00001,+0.00000) box_p=(+0.00000,+0.00000,+0.04999) ee_p=(+0.08057,-0.00109,+0.11798)
[ADMM-C3+] primal: 10.8324->4.9639  dual: 899.6131->21.0003  mono=False  iters=25/25  rho=50.0
[ADMM-C3+] WARNING non-converged: pr=4.9639 dr=21.0003 tol=1e-03
[C3+] step=354 |u[0]|=7.18N λ_n_max=0.759 η_n_max=1.879 primal=4.964 iters=25/25 lcp_res_max=9.32e-08
[ADMIT-GUARD] step=119 admit_active=0 latch=0/0 ee_z=0.116 gate_cap=0
[ALT-GATE] step=119 target_stable=0/0 allow_descent=1
[GS-tgt] step=119 ee=(+0.080,-0.001,+0.116) p_repos=(+0.080,+0.000,+0.030) ee_to_target=0.086m target_label=prev_repos target_changed=N delta=0.000m
[GS] step=119 mode=free switch=kStayInRepos best_k=0 best_src=prev_repos curr_cost=141775.32 repos_cost=150710.13 best_other=150710.13 met_progress=N steps_since_improve=117 switches=0
[STEP] step=119 mode=free t=1.190s ee=(+0.080,-0.001,+0.116) obj=(+0.000,+0.000,+0.050) goal_dist=0.300m switch=kStayInRepos target=(+0.080,+0.000,+0.115) ee_stride=0.002m ee_to_ptarget=0.086m landing_err=0.0000m ik_ok=Y ik_resid=0.0004m q_max_resid_deg=12.15 target_changed=Y retgt=N held_idx=1 held_cost=150710.13 won_cost=150710.13 margin=+0.00 won_src=prev_repos held_valid=Y reason=hold setpoint_to_ptarget=nanm finished_val=nanm finished_thresh=0.0200m pd_resid=nanm nextwp_to_ptarget=nanm guide_terminal_err=nanm
[GATE-EVOLVE] step=119 curr=141775.32 best_other=150710.13 ratio=0.9407 ee_to_optimal=0.0056m phi=0.0095m
[STAGE-A-TRACE] step=119 sim_t=1.190 mode=free phi=0.00947 box_xy=+0.00000,+0.00000 lam_n_ee_box=nan qy=+0.00001 qz=+0.00000 finished_repos=0
[DRAKE-CONTACT] step=119 n_pairs=1 ee_box_normal=0.000
[GATE-CONTACT] step=119 F_W=(+0.0000,+0.0000,+0.0000) F_on_box=(-0.0000,-0.0000,-0.0000) n_face_out=(-0.0000,-0.0000,-0.0000) A_is_ee=0 box_q=(+1.00000,-0.00001,+0.00001,+0.00000) box_p=(+0.00000,+0.00000,+0.04999) ee_p=(+0.08049,-0.00100,+0.11606)
[ADMM-C3+] primal: 10.8328->4.9629  dual: 899.5837->20.9879  mono=False  iters=25/25  rho=50.0
[ADMM-C3+] WARNING non-converged: pr=4.9629 dr=20.9879 tol=1e-03
[C3+] step=357 |u[0]|=7.22N λ_n_max=0.759 η_n_max=1.879 primal=4.963 iters=25/25 lcp_res_max=9.32e-08
[ADMIT-GUARD] step=120 admit_active=0 latch=0/0 ee_z=0.114 gate_cap=0
[ALT-GATE] step=120 target_stable=0/0 allow_descent=1
[GS-tgt] step=120 ee=(+0.080,-0.001,+0.114) p_repos=(+0.080,+0.000,+0.030) ee_to_target=0.084m target_label=prev_repos target_changed=N delta=0.000m
[IMP] step=120 mode=free |x_err|=0.0015m |tau_imp|=1.02Nm |tau_ff|=0.00Nm |tau_out|=1.02Nm sat=False lam_n=False lam_t=False
[GS] step=120 mode=free switch=kStayInRepos best_k=0 best_src=prev_repos curr_cost=141775.04 repos_cost=150709.01 best_other=150709.01 met_progress=N steps_since_improve=118 switches=0
[STEP] step=120 mode=free t=1.200s ee=(+0.080,-0.001,+0.114) obj=(+0.000,+0.000,+0.050) goal_dist=0.300m switch=kStayInRepos target=(+0.080,+0.000,+0.113) ee_stride=0.001m ee_to_ptarget=0.084m landing_err=0.0000m ik_ok=Y ik_resid=0.0004m q_max_resid_deg=11.86 target_changed=Y retgt=N held_idx=1 held_cost=150709.01 won_cost=150709.01 margin=+0.00 won_src=prev_repos held_valid=Y reason=hold setpoint_to_ptarget=nanm finished_val=nanm finished_thresh=0.0200m pd_resid=nanm nextwp_to_ptarget=nanm guide_terminal_err=nanm
[GATE-EVOLVE] step=120 curr=141775.04 best_other=150709.01 ratio=0.9407 ee_to_optimal=0.0055m phi=0.0086m
[STAGE-A-TRACE] step=120 sim_t=1.200 mode=free phi=0.00856 box_xy=+0.00000,+0.00000 lam_n_ee_box=nan qy=+0.00001 qz=+0.00000 finished_repos=0
[GS-table] step=120
  k=0 (current   ) pos=(+0.080,-0.001,+0.114) c_C3= 171775.04 align=1.0000(bonus=30000.00) rot=+0.0000(bonus=    0.00) travel=0.000m(pen=  0.00) c_sample= 141775.04 feas=Y ik_err=0.0000m  ← WIN
  k=1 (prev_repos) pos=(+0.080,+0.000,+0.030) c_C3= 180692.17 align=1.0000(bonus=30000.00) rot=+0.0000(bonus=    0.00) travel=0.084m(pen= 16.83) c_sample= 150709.01 feas=Y ik_err=0.0000m
  k=2 (strat_0   ) pos=(+0.080,+0.000,+0.030) c_C3= 180692.17 align=1.0000(bonus=30000.00) rot=+0.0000(bonus=    0.00) travel=0.084m(pen= 16.83) c_sample= 150709.01 feas=Y ik_err=0.0000m
[DRAKE-CONTACT] step=120 n_pairs=1 ee_box_normal=0.000
[GATE-CONTACT] step=120 F_W=(+0.0000,+0.0000,+0.0000) F_on_box=(-0.0000,-0.0000,-0.0000) n_face_out=(-0.0000,-0.0000,-0.0000) A_is_ee=0 box_q=(+1.00000,-0.00001,+0.00001,+0.00000) box_p=(+0.00000,+0.00000,+0.04999) ee_p=(+0.08042,-0.00091,+0.11416)
[PERSIST] step=121 refresh n_strategy=1 samples=[(-0.0229, 0.08, 0.03)]
[ADMM-C3+] primal: 10.8328->4.9629  dual: 899.5837->20.9879  mono=False  iters=25/25  rho=50.0
[ADMM-C3+] WARNING non-converged: pr=4.9629 dr=20.9879 tol=1e-03
[C3+] step=360 |u[0]|=7.14N λ_n_max=0.759 η_n_max=1.879 primal=4.963 iters=25/25 lcp_res_max=9.32e-08
[ADMIT-GUARD] step=121 admit_active=0 latch=0/0 ee_z=0.112 gate_cap=0
[ALT-GATE] step=121 target_stable=0/0 allow_descent=1
[GS-tgt] step=121 ee=(+0.080,-0.001,+0.112) p_repos=(+0.080,+0.000,+0.030) ee_to_target=0.082m target_label=prev_repos target_changed=N delta=0.000m
[GS] step=121 mode=free switch=kStayInRepos best_k=0 best_src=prev_repos curr_cost=141770.54 repos_cost=150707.99 best_other=150707.99 met_progress=N steps_since_improve=119 switches=0
[STEP] step=121 mode=free t=1.210s ee=(+0.080,-0.001,+0.112) obj=(+0.000,+0.000,+0.050) goal_dist=0.300m switch=kStayInRepos target=(+0.080,+0.000,+0.111) ee_stride=0.001m ee_to_ptarget=0.082m landing_err=0.0000m ik_ok=Y ik_resid=0.0004m q_max_resid_deg=11.58 target_changed=Y retgt=N held_idx=1 held_cost=150707.99 won_cost=150707.99 margin=+0.00 won_src=prev_repos held_valid=Y reason=hold setpoint_to_ptarget=nanm finished_val=nanm finished_thresh=0.0200m pd_resid=nanm nextwp_to_ptarget=nanm guide_terminal_err=nanm
[GATE-EVOLVE] step=121 curr=141770.54 best_other=150707.99 ratio=0.9407 ee_to_optimal=0.0054m phi=0.0078m
[STAGE-A-TRACE] step=121 sim_t=1.210 mode=free phi=0.00775 box_xy=+0.00000,+0.00000 lam_n_ee_box=nan qy=+0.00001 qz=+0.00000 finished_repos=0
[DRAKE-CONTACT] step=121 n_pairs=1 ee_box_normal=0.000
[GATE-CONTACT] step=121 F_W=(+0.0000,+0.0000,+0.0000) F_on_box=(-0.0000,-0.0000,-0.0000) n_face_out=(-0.0000,-0.0000,-0.0000) A_is_ee=0 box_q=(+1.00000,-0.00001,+0.00001,+0.00000) box_p=(+0.00000,+0.00000,+0.04999) ee_p=(+0.08037,-0.00084,+0.11227)
[ADMM-C3+] primal: 10.8328->4.9629  dual: 899.5837->20.9879  mono=False  iters=25/25  rho=50.0
[ADMM-C3+] WARNING non-converged: pr=4.9629 dr=20.9879 tol=1e-03
[C3+] step=363 |u[0]|=7.07N λ_n_max=0.759 η_n_max=1.879 primal=4.963 iters=25/25 lcp_res_max=9.32e-08
[ADMIT-GUARD] step=122 admit_active=0 latch=0/0 ee_z=0.110 gate_cap=0
[ALT-GATE] step=122 target_stable=0/0 allow_descent=1
[GS-tgt] step=122 ee=(+0.080,-0.001,+0.110) p_repos=(+0.080,+0.000,+0.030) ee_to_target=0.080m target_label=prev_repos target_changed=N delta=0.000m
[GS] step=122 mode=free switch=kStayInRepos best_k=0 best_src=prev_repos curr_cost=141766.21 repos_cost=150707.06 best_other=150707.06 met_progress=N steps_since_improve=120 switches=0
[STEP] step=122 mode=free t=1.220s ee=(+0.080,-0.001,+0.110) obj=(+0.000,+0.000,+0.050) goal_dist=0.300m switch=kStayInRepos target=(+0.080,+0.000,+0.109) ee_stride=0.001m ee_to_ptarget=0.080m landing_err=0.0000m ik_ok=Y ik_resid=0.0004m q_max_resid_deg=11.30 target_changed=Y retgt=N held_idx=1 held_cost=150707.06 won_cost=150707.06 margin=+0.00 won_src=prev_repos held_valid=Y reason=hold setpoint_to_ptarget=nanm finished_val=nanm finished_thresh=0.0200m pd_resid=nanm nextwp_to_ptarget=nanm guide_terminal_err=nanm
[GATE-EVOLVE] step=122 curr=141766.21 best_other=150707.06 ratio=0.9407 ee_to_optimal=0.0054m phi=0.0070m
[STAGE-A-TRACE] step=122 sim_t=1.220 mode=free phi=0.00705 box_xy=+0.00000,+0.00000 lam_n_ee_box=nan qy=+0.00001 qz=+0.00000 finished_repos=0
[DRAKE-CONTACT] step=122 n_pairs=1 ee_box_normal=0.000
[GATE-CONTACT] step=122 F_W=(+0.0000,+0.0000,+0.0000) F_on_box=(-0.0000,-0.0000,-0.0000) n_face_out=(-0.0000,-0.0000,-0.0000) A_is_ee=0 box_q=(+1.00000,-0.00001,+0.00001,+0.00000) box_p=(+0.00000,+0.00000,+0.04999) ee_p=(+0.08032,-0.00078,+0.11039)
[ADMM-C3+] primal: 10.8328->4.9629  dual: 899.5837->20.9879  mono=False  iters=25/25  rho=50.0
[ADMM-C3+] WARNING non-converged: pr=4.9629 dr=20.9879 tol=1e-03
[C3+] step=366 |u[0]|=7.00N λ_n_max=0.759 η_n_max=1.879 primal=4.963 iters=25/25 lcp_res_max=9.32e-08
[ADMIT-GUARD] step=123 admit_active=0 latch=0/0 ee_z=0.109 gate_cap=0
[ALT-GATE] step=123 target_stable=0/0 allow_descent=1
[GS-tgt] step=123 ee=(+0.080,-0.001,+0.109) p_repos=(+0.080,+0.000,+0.030) ee_to_target=0.079m target_label=prev_repos target_changed=N delta=0.000m
[GS] step=123 mode=free switch=kStayInRepos best_k=0 best_src=prev_repos curr_cost=141762.04 repos_cost=150706.21 best_other=150706.21 met_progress=N steps_since_improve=121 switches=0
[STEP] step=123 mode=free t=1.230s ee=(+0.080,-0.001,+0.109) obj=(+0.000,+0.000,+0.050) goal_dist=0.300m switch=kStayInRepos target=(+0.080,+0.000,+0.108) ee_stride=0.001m ee_to_ptarget=0.079m landing_err=0.0000m ik_ok=Y ik_resid=0.0003m q_max_resid_deg=11.02 target_changed=Y retgt=N held_idx=1 held_cost=150706.21 won_cost=150706.21 margin=+0.00 won_src=prev_repos held_valid=Y reason=hold setpoint_to_ptarget=nanm finished_val=nanm finished_thresh=0.0200m pd_resid=nanm nextwp_to_ptarget=nanm guide_terminal_err=nanm
[GATE-EVOLVE] step=123 curr=141762.04 best_other=150706.21 ratio=0.9407 ee_to_optimal=0.0053m phi=0.0065m
[STAGE-A-TRACE] step=123 sim_t=1.230 mode=free phi=0.00645 box_xy=+0.00000,+0.00000 lam_n_ee_box=nan qy=+0.00001 qz=+0.00000 finished_repos=0
[DRAKE-CONTACT] step=123 n_pairs=1 ee_box_normal=0.000
[GATE-CONTACT] step=123 F_W=(+0.0000,+0.0000,+0.0000) F_on_box=(-0.0000,-0.0000,-0.0000) n_face_out=(-0.0000,-0.0000,-0.0000) A_is_ee=0 box_q=(+1.00000,-0.00001,+0.00001,+0.00000) box_p=(+0.00000,+0.00000,+0.04999) ee_p=(+0.08027,-0.00073,+0.10853)
[ADMM-C3+] primal: 10.8328->4.9629  dual: 899.5837->20.9879  mono=False  iters=25/25  rho=50.0
[ADMM-C3+] WARNING non-converged: pr=4.9629 dr=20.9879 tol=1e-03
[C3+] step=369 |u[0]|=6.94N λ_n_max=0.759 η_n_max=1.879 primal=4.963 iters=25/25 lcp_res_max=9.32e-08
[ADMIT-GUARD] step=124 admit_active=0 latch=0/0 ee_z=0.107 gate_cap=0
[ALT-GATE] step=124 target_stable=0/0 allow_descent=1
[GS-tgt] step=124 ee=(+0.080,-0.001,+0.107) p_repos=(+0.080,+0.000,+0.030) ee_to_target=0.077m target_label=prev_repos target_changed=N delta=0.000m
[GS] step=124 mode=free switch=kStayInRepos best_k=0 best_src=prev_repos curr_cost=141758.04 repos_cost=150705.43 best_other=150705.43 met_progress=N steps_since_improve=122 switches=0
[STEP] step=124 mode=free t=1.240s ee=(+0.080,-0.001,+0.107) obj=(+0.000,+0.000,+0.050) goal_dist=0.300m switch=kStayInRepos target=(+0.080,+0.000,+0.106) ee_stride=0.001m ee_to_ptarget=0.077m landing_err=0.0000m ik_ok=Y ik_resid=0.0003m q_max_resid_deg=10.75 target_changed=Y retgt=N held_idx=1 held_cost=150705.43 won_cost=150705.43 margin=+0.00 won_src=prev_repos held_valid=Y reason=hold setpoint_to_ptarget=nanm finished_val=nanm finished_thresh=0.0200m pd_resid=nanm nextwp_to_ptarget=nanm guide_terminal_err=nanm
[GATE-EVOLVE] step=124 curr=141758.04 best_other=150705.43 ratio=0.9406 ee_to_optimal=0.0053m phi=0.0060m
[STAGE-A-TRACE] step=124 sim_t=1.240 mode=free phi=0.00596 box_xy=+0.00000,+0.00000 lam_n_ee_box=nan qy=+0.00001 qz=+0.00000 finished_repos=0
[DRAKE-CONTACT] step=124 n_pairs=1 ee_box_normal=0.000
[GATE-CONTACT] step=124 F_W=(+0.0000,+0.0000,+0.0000) F_on_box=(-0.0000,-0.0000,-0.0000) n_face_out=(-0.0000,-0.0000,-0.0000) A_is_ee=0 box_q=(+1.00000,-0.00001,+0.00001,+0.00000) box_p=(+0.00000,+0.00000,+0.04999) ee_p=(+0.08023,-0.00069,+0.10667)
[ADMM-C3+] primal: 10.8328->4.9629  dual: 899.5837->20.9879  mono=False  iters=25/25  rho=50.0
[ADMM-C3+] WARNING non-converged: pr=4.9629 dr=20.9879 tol=1e-03
[C3+] step=372 |u[0]|=6.87N λ_n_max=0.759 η_n_max=1.879 primal=4.963 iters=25/25 lcp_res_max=9.32e-08
[ADMIT-GUARD] step=125 admit_active=0 latch=0/0 ee_z=0.105 gate_cap=0
[ALT-GATE] step=125 target_stable=0/0 allow_descent=1
[GS-tgt] step=125 ee=(+0.080,-0.001,+0.105) p_repos=(+0.080,+0.000,+0.030) ee_to_target=0.075m target_label=prev_repos target_changed=N delta=0.000m
[GS] step=125 mode=free switch=kStayInRepos best_k=0 best_src=prev_repos curr_cost=141754.19 repos_cost=150704.71 best_other=150704.71 met_progress=N steps_since_improve=123 switches=0
[STEP] step=125 mode=free t=1.250s ee=(+0.080,-0.001,+0.105) obj=(+0.000,+0.000,+0.050) goal_dist=0.300m switch=kStayInRepos target=(+0.080,+0.000,+0.104) ee_stride=0.001m ee_to_ptarget=0.075m landing_err=0.0000m ik_ok=Y ik_resid=0.0003m q_max_resid_deg=10.48 target_changed=Y retgt=N held_idx=1 held_cost=150704.71 won_cost=150704.71 margin=+0.00 won_src=prev_repos held_valid=Y reason=hold setpoint_to_ptarget=nanm finished_val=nanm finished_thresh=0.0200m pd_resid=nanm nextwp_to_ptarget=nanm guide_terminal_err=nanm
[GATE-EVOLVE] step=125 curr=141754.19 best_other=150704.71 ratio=0.9406 ee_to_optimal=0.0052m phi=0.0056m
[STAGE-A-TRACE] step=125 sim_t=1.250 mode=free phi=0.00558 box_xy=+0.00000,+0.00000 lam_n_ee_box=nan qy=+0.00001 qz=+0.00000 finished_repos=0
[DRAKE-CONTACT] step=125 n_pairs=1 ee_box_normal=0.000
[GATE-CONTACT] step=125 F_W=(+0.0000,+0.0000,+0.0000) F_on_box=(-0.0000,-0.0000,-0.0000) n_face_out=(-0.0000,-0.0000,-0.0000) A_is_ee=0 box_q=(+1.00000,-0.00001,+0.00001,+0.00000) box_p=(+0.00000,+0.00000,+0.04999) ee_p=(+0.08020,-0.00065,+0.10482)
[ADMM-C3+] primal: 10.8328->4.9628  dual: 899.5837->20.9920  mono=False  iters=25/25  rho=50.0
[ADMM-C3+] WARNING non-converged: pr=4.9628 dr=20.9920 tol=1e-03
[C3+] step=375 |u[0]|=6.78N λ_n_max=0.759 η_n_max=1.879 primal=4.963 iters=25/25 lcp_res_max=9.32e-08
[ADMIT-GUARD] step=126 admit_active=0 latch=0/0 ee_z=0.103 gate_cap=0
[ALT-GATE] step=126 target_stable=0/0 allow_descent=1
[GS-tgt] step=126 ee=(+0.080,-0.001,+0.103) p_repos=(+0.080,+0.000,+0.030) ee_to_target=0.073m target_label=prev_repos target_changed=N delta=0.000m
[GS] step=126 mode=free switch=kStayInRepos best_k=0 best_src=prev_repos curr_cost=141752.36 repos_cost=150704.04 best_other=150704.04 met_progress=N steps_since_improve=124 switches=0
[STEP] step=126 mode=free t=1.260s ee=(+0.080,-0.001,+0.103) obj=(+0.000,+0.000,+0.050) goal_dist=0.300m switch=kStayInRepos target=(+0.080,+0.000,+0.102) ee_stride=0.001m ee_to_ptarget=0.073m landing_err=0.0000m ik_ok=Y ik_resid=0.0003m q_max_resid_deg=10.21 target_changed=Y retgt=N held_idx=1 held_cost=150704.04 won_cost=150704.04 margin=+0.00 won_src=prev_repos held_valid=Y reason=hold setpoint_to_ptarget=nanm finished_val=nanm finished_thresh=0.0200m pd_resid=nanm nextwp_to_ptarget=nanm guide_terminal_err=nanm
[GATE-EVOLVE] step=126 curr=141752.36 best_other=150704.04 ratio=0.9406 ee_to_optimal=0.0052m phi=0.0053m
[STAGE-A-TRACE] step=126 sim_t=1.260 mode=free phi=0.00532 box_xy=+0.00000,+0.00000 lam_n_ee_box=nan qy=+0.00001 qz=+0.00000 finished_repos=0
[DRAKE-CONTACT] step=126 n_pairs=1 ee_box_normal=0.000
[GATE-CONTACT] step=126 F_W=(+0.0000,+0.0000,+0.0000) F_on_box=(-0.0000,-0.0000,-0.0000) n_face_out=(-0.0000,-0.0000,-0.0000) A_is_ee=0 box_q=(+1.00000,-0.00001,+0.00001,+0.00000) box_p=(+0.00000,+0.00000,+0.04999) ee_p=(+0.08017,-0.00062,+0.10299)
[ADMM-C3+] primal: 10.8328->4.9628  dual: 899.5837->20.9920  mono=False  iters=25/25  rho=50.0
[ADMM-C3+] WARNING non-converged: pr=4.9628 dr=20.9920 tol=1e-03
[C3+] step=378 |u[0]|=6.72N λ_n_max=0.759 η_n_max=1.879 primal=4.963 iters=25/25 lcp_res_max=9.32e-08
[ADMIT-GUARD] step=127 admit_active=0 latch=0/0 ee_z=0.101 gate_cap=0
[ALT-GATE] step=127 target_stable=0/0 allow_descent=1
[GS-tgt] step=127 ee=(+0.080,-0.001,+0.101) p_repos=(+0.080,+0.000,+0.030) ee_to_target=0.071m target_label=prev_repos target_changed=N delta=0.000m
[GS] step=127 mode=free switch=kStayInRepos best_k=0 best_src=prev_repos curr_cost=141748.80 repos_cost=150703.42 best_other=150703.42 met_progress=N steps_since_improve=125 switches=0
[STEP] step=127 mode=free t=1.270s ee=(+0.080,-0.001,+0.101) obj=(+0.000,+0.000,+0.050) goal_dist=0.300m switch=kStayInRepos target=(+0.080,+0.000,+0.100) ee_stride=0.001m ee_to_ptarget=0.071m landing_err=0.0000m ik_ok=Y ik_resid=0.0003m q_max_resid_deg=9.95 target_changed=Y retgt=N held_idx=1 held_cost=150703.42 won_cost=150703.42 margin=+0.00 won_src=prev_repos held_valid=Y reason=hold setpoint_to_ptarget=nanm finished_val=nanm finished_thresh=0.0200m pd_resid=nanm nextwp_to_ptarget=nanm guide_terminal_err=nanm
[GATE-EVOLVE] step=127 curr=141748.80 best_other=150703.42 ratio=0.9406 ee_to_optimal=0.0052m phi=0.0052m
[STAGE-A-TRACE] step=127 sim_t=1.270 mode=free phi=0.00517 box_xy=+0.00000,+0.00000 lam_n_ee_box=nan qy=+0.00001 qz=+0.00000 finished_repos=0
[DRAKE-CONTACT] step=127 n_pairs=1 ee_box_normal=0.000
[GATE-CONTACT] step=127 F_W=(+0.0000,+0.0000,+0.0000) F_on_box=(-0.0000,-0.0000,-0.0000) n_face_out=(-0.0000,-0.0000,-0.0000) A_is_ee=0 box_q=(+1.00000,-0.00001,+0.00001,+0.00000) box_p=(+0.00000,+0.00000,+0.04999) ee_p=(+0.08015,-0.00060,+0.10115)
[ADMM-C3+] primal: 10.8328->4.9628  dual: 899.5837->20.9920  mono=False  iters=25/25  rho=50.0
[ADMM-C3+] WARNING non-converged: pr=4.9628 dr=20.9920 tol=1e-03
[C3+] step=381 |u[0]|=6.66N λ_n_max=0.759 η_n_max=1.879 primal=4.963 iters=25/25 lcp_res_max=9.32e-08
[ADMIT-GUARD] step=128 admit_active=0 latch=0/0 ee_z=0.099 gate_cap=0
[ALT-GATE] step=128 target_stable=0/0 allow_descent=1
[GS-tgt] step=128 ee=(+0.080,-0.001,+0.099) p_repos=(+0.080,+0.000,+0.030) ee_to_target=0.069m target_label=prev_repos target_changed=N delta=0.000m
[GS] step=128 mode=free switch=kStayInRepos best_k=0 best_src=prev_repos curr_cost=141745.37 repos_cost=150702.83 best_other=150702.83 met_progress=N steps_since_improve=126 switches=0
[STEP] step=128 mode=free t=1.280s ee=(+0.080,-0.001,+0.099) obj=(+0.000,+0.000,+0.050) goal_dist=0.300m switch=kStayInRepos target=(+0.080,+0.000,+0.099) ee_stride=0.001m ee_to_ptarget=0.069m landing_err=0.0000m ik_ok=Y ik_resid=0.0003m q_max_resid_deg=9.68 target_changed=Y retgt=N held_idx=1 held_cost=150702.83 won_cost=150702.83 margin=+0.00 won_src=prev_repos held_valid=Y reason=hold setpoint_to_ptarget=nanm finished_val=nanm finished_thresh=0.0200m pd_resid=nanm nextwp_to_ptarget=nanm guide_terminal_err=nanm
[GATE-EVOLVE] step=128 curr=141745.37 best_other=150702.83 ratio=0.9406 ee_to_optimal=0.0052m phi=0.0051m
[STAGE-A-TRACE] step=128 sim_t=1.280 mode=free phi=0.00513 box_xy=+0.00000,+0.00000 lam_n_ee_box=nan qy=+0.00001 qz=+0.00000 finished_repos=0
[DRAKE-CONTACT] step=128 n_pairs=1 ee_box_normal=0.000
[GATE-CONTACT] step=128 F_W=(+0.0000,+0.0000,+0.0000) F_on_box=(-0.0000,-0.0000,-0.0000) n_face_out=(-0.0000,-0.0000,-0.0000) A_is_ee=0 box_q=(+1.00000,-0.00001,+0.00001,+0.00000) box_p=(+0.00000,+0.00000,+0.04999) ee_p=(+0.08013,-0.00058,+0.09933)
[ADMM-C3+] primal: 10.8328->4.9628  dual: 899.5837->20.9920  mono=False  iters=25/25  rho=50.0
[ADMM-C3+] WARNING non-converged: pr=4.9628 dr=20.9920 tol=1e-03
[C3+] step=384 |u[0]|=6.60N λ_n_max=0.759 η_n_max=1.879 primal=4.963 iters=25/25 lcp_res_max=9.32e-08
[ADMIT-GUARD] step=129 admit_active=0 latch=0/0 ee_z=0.098 gate_cap=0
[ALT-GATE] step=129 target_stable=0/0 allow_descent=1
[GS-tgt] step=129 ee=(+0.080,-0.001,+0.098) p_repos=(+0.080,+0.000,+0.030) ee_to_target=0.068m target_label=prev_repos target_changed=N delta=0.000m
[GS] step=129 mode=free switch=kStayInRepos best_k=0 best_src=prev_repos curr_cost=141742.08 repos_cost=150702.28 best_other=150702.28 met_progress=N steps_since_improve=127 switches=0
[STEP] step=129 mode=free t=1.290s ee=(+0.080,-0.001,+0.098) obj=(+0.000,+0.000,+0.050) goal_dist=0.300m switch=kStayInRepos target=(+0.080,+0.000,+0.097) ee_stride=0.001m ee_to_ptarget=0.068m landing_err=0.0000m ik_ok=Y ik_resid=0.0003m q_max_resid_deg=9.42 target_changed=Y retgt=N held_idx=1 held_cost=150702.28 won_cost=150702.28 margin=+0.00 won_src=prev_repos held_valid=Y reason=hold setpoint_to_ptarget=nanm finished_val=nanm finished_thresh=0.0200m pd_resid=nanm nextwp_to_ptarget=nanm guide_terminal_err=nanm
[GATE-EVOLVE] step=129 curr=141742.08 best_other=150702.28 ratio=0.9405 ee_to_optimal=0.0051m phi=0.0051m
[STAGE-A-TRACE] step=129 sim_t=1.290 mode=free phi=0.00511 box_xy=+0.00000,+0.00000 lam_n_ee_box=nan qy=+0.00001 qz=+0.00000 finished_repos=0
[DRAKE-CONTACT] step=129 n_pairs=1 ee_box_normal=0.000
[GATE-CONTACT] step=129 F_W=(+0.0000,+0.0000,+0.0000) F_on_box=(-0.0000,-0.0000,-0.0000) n_face_out=(-0.0000,-0.0000,-0.0000) A_is_ee=0 box_q=(+1.00000,-0.00001,+0.00001,+0.00000) box_p=(+0.00000,+0.00000,+0.04999) ee_p=(+0.08011,-0.00056,+0.09750)
[ADMM-C3+] primal: 10.8328->4.9628  dual: 899.5837->20.9920  mono=False  iters=25/25  rho=50.0
[ADMM-C3+] WARNING non-converged: pr=4.9628 dr=20.9920 tol=1e-03
[C3+] step=387 |u[0]|=6.55N λ_n_max=0.759 η_n_max=1.879 primal=4.963 iters=25/25 lcp_res_max=9.32e-08
[ADMIT-GUARD] step=130 admit_active=0 latch=0/0 ee_z=0.096 gate_cap=0
[ALT-GATE] step=130 target_stable=0/0 allow_descent=1
[GS-tgt] step=130 ee=(+0.080,-0.001,+0.096) p_repos=(+0.080,+0.000,+0.030) ee_to_target=0.066m target_label=prev_repos target_changed=N delta=0.000m
[IMP] step=130 mode=free |x_err|=0.0008m |tau_imp|=0.46Nm |tau_ff|=0.00Nm |tau_out|=0.46Nm sat=False lam_n=False lam_t=False
[GS] step=130 mode=free switch=kStayInRepos best_k=0 best_src=prev_repos curr_cost=141738.93 repos_cost=150701.76 best_other=150701.76 met_progress=N steps_since_improve=128 switches=0
[STEP] step=130 mode=free t=1.300s ee=(+0.080,-0.001,+0.096) obj=(+0.000,+0.000,+0.050) goal_dist=0.300m switch=kStayInRepos target=(+0.080,+0.000,+0.095) ee_stride=0.001m ee_to_ptarget=0.066m landing_err=0.0000m ik_ok=Y ik_resid=0.0002m q_max_resid_deg=9.16 target_changed=Y retgt=N held_idx=1 held_cost=150701.76 won_cost=150701.76 margin=+0.00 won_src=prev_repos held_valid=Y reason=hold setpoint_to_ptarget=nanm finished_val=nanm finished_thresh=0.0200m pd_resid=nanm nextwp_to_ptarget=nanm guide_terminal_err=nanm
[GATE-EVOLVE] step=130 curr=141738.93 best_other=150701.76 ratio=0.9405 ee_to_optimal=0.0051m phi=0.0051m
[STAGE-A-TRACE] step=130 sim_t=1.300 mode=free phi=0.00510 box_xy=+0.00000,+0.00000 lam_n_ee_box=nan qy=+0.00001 qz=+0.00000 finished_repos=0
[DRAKE-CONTACT] step=130 n_pairs=1 ee_box_normal=0.000
[GATE-CONTACT] step=130 F_W=(+0.0000,+0.0000,+0.0000) F_on_box=(-0.0000,-0.0000,-0.0000) n_face_out=(-0.0000,-0.0000,-0.0000) A_is_ee=0 box_q=(+1.00000,-0.00001,+0.00001,+0.00000) box_p=(+0.00000,+0.00000,+0.04999) ee_p=(+0.08010,-0.00055,+0.09569)
[ADMM-C3+] primal: 10.8328->4.9628  dual: 899.5837->20.9920  mono=False  iters=25/25  rho=50.0
[ADMM-C3+] WARNING non-converged: pr=4.9628 dr=20.9920 tol=1e-03
[C3+] step=390 |u[0]|=6.50N λ_n_max=0.759 η_n_max=1.879 primal=4.963 iters=25/25 lcp_res_max=9.32e-08
[ADMIT-GUARD] step=131 admit_active=0 latch=0/0 ee_z=0.094 gate_cap=0
[ALT-GATE] step=131 target_stable=0/0 allow_descent=1
[GS-tgt] step=131 ee=(+0.080,-0.001,+0.094) p_repos=(+0.080,+0.000,+0.030) ee_to_target=0.064m target_label=prev_repos target_changed=N delta=0.000m
[GS] step=131 mode=free switch=kStayInRepos best_k=0 best_src=prev_repos curr_cost=141735.91 repos_cost=150701.26 best_other=150701.26 met_progress=N steps_since_improve=129 switches=0
[STEP] step=131 mode=free t=1.310s ee=(+0.080,-0.001,+0.094) obj=(+0.000,+0.000,+0.050) goal_dist=0.300m switch=kStayInRepos target=(+0.080,+0.000,+0.093) ee_stride=0.001m ee_to_ptarget=0.064m landing_err=0.0000m ik_ok=Y ik_resid=0.0002m q_max_resid_deg=8.90 target_changed=Y retgt=N held_idx=1 held_cost=150701.26 won_cost=150701.26 margin=+0.00 won_src=prev_repos held_valid=Y reason=hold setpoint_to_ptarget=nanm finished_val=nanm finished_thresh=0.0200m pd_resid=nanm nextwp_to_ptarget=nanm guide_terminal_err=nanm
[GATE-EVOLVE] step=131 curr=141735.91 best_other=150701.26 ratio=0.9405 ee_to_optimal=0.0051m phi=0.0051m
[STAGE-A-TRACE] step=131 sim_t=1.310 mode=free phi=0.00508 box_xy=+0.00000,+0.00000 lam_n_ee_box=nan qy=+0.00001 qz=+0.00000 finished_repos=0
[DRAKE-CONTACT] step=131 n_pairs=1 ee_box_normal=0.000
[GATE-CONTACT] step=131 F_W=(+0.0000,+0.0000,+0.0000) F_on_box=(-0.0000,-0.0000,-0.0000) n_face_out=(-0.0000,-0.0000,-0.0000) A_is_ee=0 box_q=(+1.00000,-0.00001,+0.00001,+0.00000) box_p=(+0.00000,+0.00000,+0.04999) ee_p=(+0.08009,-0.00054,+0.09387)
[ADMM-C3+] primal: 10.8328->4.9628  dual: 899.5837->20.9920  mono=False  iters=25/25  rho=50.0
[ADMM-C3+] WARNING non-converged: pr=4.9628 dr=20.9920 tol=1e-03
[C3+] step=393 |u[0]|=6.45N λ_n_max=0.759 η_n_max=1.879 primal=4.963 iters=25/25 lcp_res_max=9.32e-08
[ADMIT-GUARD] step=132 admit_active=0 latch=0/0 ee_z=0.092 gate_cap=0
[ALT-GATE] step=132 target_stable=0/0 allow_descent=1
[GS-tgt] step=132 ee=(+0.080,-0.001,+0.092) p_repos=(+0.080,+0.000,+0.030) ee_to_target=0.062m target_label=prev_repos target_changed=N delta=0.000m
[GS] step=132 mode=free switch=kStayInRepos best_k=0 best_src=prev_repos curr_cost=141733.01 repos_cost=150700.78 best_other=150700.78 met_progress=N steps_since_improve=130 switches=0
[STEP] step=132 mode=free t=1.320s ee=(+0.080,-0.001,+0.092) obj=(+0.000,+0.000,+0.050) goal_dist=0.300m switch=kStayInRepos target=(+0.080,+0.000,+0.091) ee_stride=0.001m ee_to_ptarget=0.062m landing_err=0.0000m ik_ok=Y ik_resid=0.0002m q_max_resid_deg=8.64 target_changed=Y retgt=N held_idx=1 held_cost=150700.78 won_cost=150700.78 margin=+0.00 won_src=prev_repos held_valid=Y reason=hold setpoint_to_ptarget=nanm finished_val=nanm finished_thresh=0.0200m pd_resid=nanm nextwp_to_ptarget=nanm guide_terminal_err=nanm
[GATE-EVOLVE] step=132 curr=141733.01 best_other=150700.78 ratio=0.9405 ee_to_optimal=0.0051m phi=0.0051m
[STAGE-A-TRACE] step=132 sim_t=1.320 mode=free phi=0.00507 box_xy=+0.00000,+0.00000 lam_n_ee_box=nan qy=+0.00001 qz=+0.00000 finished_repos=0
[DRAKE-CONTACT] step=132 n_pairs=1 ee_box_normal=0.000
[GATE-CONTACT] step=132 F_W=(+0.0000,+0.0000,+0.0000) F_on_box=(-0.0000,-0.0000,-0.0000) n_face_out=(-0.0000,-0.0000,-0.0000) A_is_ee=0 box_q=(+1.00000,-0.00001,+0.00001,+0.00000) box_p=(+0.00000,+0.00000,+0.04999) ee_p=(+0.08007,-0.00053,+0.09206)
[ADMM-C3+] primal: 10.8328->4.9628  dual: 899.5837->20.9920  mono=False  iters=25/25  rho=50.0
[ADMM-C3+] WARNING non-converged: pr=4.9628 dr=20.9920 tol=1e-03
[C3+] step=396 |u[0]|=6.40N λ_n_max=0.759 η_n_max=1.879 primal=4.963 iters=25/25 lcp_res_max=9.32e-08
[ADMIT-GUARD] step=133 admit_active=0 latch=0/0 ee_z=0.090 gate_cap=0
[ALT-GATE] step=133 target_stable=0/0 allow_descent=1
[GS-tgt] step=133 ee=(+0.080,-0.001,+0.090) p_repos=(+0.080,+0.000,+0.030) ee_to_target=0.060m target_label=prev_repos target_changed=N delta=0.000m
[GS] step=133 mode=free switch=kStayInRepos best_k=0 best_src=prev_repos curr_cost=141730.25 repos_cost=150700.31 best_other=150700.31 met_progress=N steps_since_improve=131 switches=0
[STEP] step=133 mode=free t=1.330s ee=(+0.080,-0.001,+0.090) obj=(+0.000,+0.000,+0.050) goal_dist=0.300m switch=kStayInRepos target=(+0.080,+0.000,+0.090) ee_stride=0.001m ee_to_ptarget=0.060m landing_err=0.0000m ik_ok=Y ik_resid=0.0002m q_max_resid_deg=8.39 target_changed=Y retgt=N held_idx=1 held_cost=150700.31 won_cost=150700.31 margin=+0.00 won_src=prev_repos held_valid=Y reason=hold setpoint_to_ptarget=nanm finished_val=nanm finished_thresh=0.0200m pd_resid=nanm nextwp_to_ptarget=nanm guide_terminal_err=nanm
[GATE-EVOLVE] step=133 curr=141730.25 best_other=150700.31 ratio=0.9405 ee_to_optimal=0.0051m phi=0.0051m
[STAGE-A-TRACE] step=133 sim_t=1.330 mode=free phi=0.00506 box_xy=+0.00000,+0.00000 lam_n_ee_box=nan qy=+0.00001 qz=+0.00000 finished_repos=0
[DRAKE-CONTACT] step=133 n_pairs=1 ee_box_normal=0.000
[GATE-CONTACT] step=133 F_W=(+0.0000,+0.0000,+0.0000) F_on_box=(-0.0000,-0.0000,-0.0000) n_face_out=(-0.0000,-0.0000,-0.0000) A_is_ee=0 box_q=(+1.00000,-0.00001,+0.00001,+0.00000) box_p=(+0.00000,+0.00000,+0.04999) ee_p=(+0.08007,-0.00053,+0.09025)
[ADMM-C3+] primal: 10.8328->4.9628  dual: 899.5837->20.9920  mono=False  iters=25/25  rho=50.0
[ADMM-C3+] WARNING non-converged: pr=4.9628 dr=20.9920 tol=1e-03
[C3+] step=399 |u[0]|=6.35N λ_n_max=0.759 η_n_max=1.879 primal=4.963 iters=25/25 lcp_res_max=9.32e-08
[ADMIT-GUARD] step=134 admit_active=0 latch=0/0 ee_z=0.088 gate_cap=0
[ALT-GATE] step=134 target_stable=0/0 allow_descent=1
[GS-tgt] step=134 ee=(+0.080,-0.001,+0.088) p_repos=(+0.080,+0.000,+0.030) ee_to_target=0.058m target_label=prev_repos target_changed=N delta=0.000m
[GS] step=134 mode=free switch=kStayInRepos best_k=0 best_src=prev_repos curr_cost=141727.61 repos_cost=150699.87 best_other=150699.87 met_progress=N steps_since_improve=132 switches=0
[STEP] step=134 mode=free t=1.340s ee=(+0.080,-0.001,+0.088) obj=(+0.000,+0.000,+0.050) goal_dist=0.300m switch=kStayInRepos target=(+0.080,+0.000,+0.088) ee_stride=0.001m ee_to_ptarget=0.058m landing_err=0.0000m ik_ok=Y ik_resid=0.0002m q_max_resid_deg=8.13 target_changed=Y retgt=N held_idx=1 held_cost=150699.87 won_cost=150699.87 margin=+0.00 won_src=prev_repos held_valid=Y reason=hold setpoint_to_ptarget=nanm finished_val=nanm finished_thresh=0.0200m pd_resid=nanm nextwp_to_ptarget=nanm guide_terminal_err=nanm
[GATE-EVOLVE] step=134 curr=141727.61 best_other=150699.87 ratio=0.9405 ee_to_optimal=0.0051m phi=0.0051m
[STAGE-A-TRACE] step=134 sim_t=1.340 mode=free phi=0.00505 box_xy=+0.00000,+0.00000 lam_n_ee_box=nan qy=+0.00001 qz=+0.00000 finished_repos=0
[DRAKE-CONTACT] step=134 n_pairs=1 ee_box_normal=0.000
[GATE-CONTACT] step=134 F_W=(+0.0000,+0.0000,+0.0000) F_on_box=(-0.0000,-0.0000,-0.0000) n_face_out=(-0.0000,-0.0000,-0.0000) A_is_ee=0 box_q=(+1.00000,-0.00001,+0.00001,+0.00000) box_p=(+0.00000,+0.00000,+0.04999) ee_p=(+0.08006,-0.00052,+0.08845)
[ADMM-C3+] primal: 10.8328->4.9628  dual: 899.5837->20.9920  mono=False  iters=25/25  rho=50.0
[ADMM-C3+] WARNING non-converged: pr=4.9628 dr=20.9920 tol=1e-03
[C3+] step=402 |u[0]|=6.30N λ_n_max=0.759 η_n_max=1.879 primal=4.963 iters=25/25 lcp_res_max=9.32e-08
[ADMIT-GUARD] step=135 admit_active=0 latch=0/0 ee_z=0.087 gate_cap=0
[ALT-GATE] step=135 target_stable=0/0 allow_descent=1
[GS-tgt] step=135 ee=(+0.080,-0.001,+0.087) p_repos=(+0.080,+0.000,+0.030) ee_to_target=0.057m target_label=prev_repos target_changed=N delta=0.000m
[GS] step=135 mode=free switch=kStayInRepos best_k=0 best_src=prev_repos curr_cost=141725.09 repos_cost=150699.43 best_other=150699.43 met_progress=N steps_since_improve=133 switches=0
[STEP] step=135 mode=free t=1.350s ee=(+0.080,-0.001,+0.087) obj=(+0.000,+0.000,+0.050) goal_dist=0.300m switch=kStayInRepos target=(+0.080,+0.000,+0.086) ee_stride=0.001m ee_to_ptarget=0.057m landing_err=0.0000m ik_ok=Y ik_resid=0.0002m q_max_resid_deg=7.88 target_changed=Y retgt=N held_idx=1 held_cost=150699.43 won_cost=150699.43 margin=+0.00 won_src=prev_repos held_valid=Y reason=hold setpoint_to_ptarget=nanm finished_val=nanm finished_thresh=0.0200m pd_resid=nanm nextwp_to_ptarget=nanm guide_terminal_err=nanm
[GATE-EVOLVE] step=135 curr=141725.09 best_other=150699.43 ratio=0.9404 ee_to_optimal=0.0051m phi=0.0050m
[STAGE-A-TRACE] step=135 sim_t=1.350 mode=free phi=0.00505 box_xy=+0.00000,+0.00000 lam_n_ee_box=nan qy=+0.00001 qz=+0.00000 finished_repos=0
[DRAKE-CONTACT] step=135 n_pairs=1 ee_box_normal=0.000
[GATE-CONTACT] step=135 F_W=(+0.0000,+0.0000,+0.0000) F_on_box=(-0.0000,-0.0000,-0.0000) n_face_out=(-0.0000,-0.0000,-0.0000) A_is_ee=0 box_q=(+1.00000,-0.00001,+0.00001,+0.00000) box_p=(+0.00000,+0.00000,+0.04999) ee_p=(+0.08005,-0.00052,+0.08664)
[ADMM-C3+] primal: 10.8328->4.9628  dual: 899.5837->20.9920  mono=False  iters=25/25  rho=50.0
[ADMM-C3+] WARNING non-converged: pr=4.9628 dr=20.9920 tol=1e-03
[C3+] step=405 |u[0]|=6.26N λ_n_max=0.759 η_n_max=1.879 primal=4.963 iters=25/25 lcp_res_max=9.32e-08
[ADMIT-GUARD] step=136 admit_active=0 latch=0/0 ee_z=0.085 gate_cap=0
[ALT-GATE] step=136 target_stable=0/0 allow_descent=1
[GS-tgt] step=136 ee=(+0.080,-0.001,+0.085) p_repos=(+0.080,+0.000,+0.030) ee_to_target=0.055m target_label=prev_repos target_changed=N delta=0.000m
[GS] step=136 mode=free switch=kStayInRepos best_k=0 best_src=prev_repos curr_cost=141722.70 repos_cost=150699.01 best_other=150699.01 met_progress=N steps_since_improve=134 switches=0
[STEP] step=136 mode=free t=1.360s ee=(+0.080,-0.001,+0.085) obj=(+0.000,+0.000,+0.050) goal_dist=0.300m switch=kStayInRepos target=(+0.080,+0.000,+0.084) ee_stride=0.001m ee_to_ptarget=0.055m landing_err=0.0000m ik_ok=Y ik_resid=0.0002m q_max_resid_deg=7.62 target_changed=Y retgt=N held_idx=1 held_cost=150699.01 won_cost=150699.01 margin=+0.00 won_src=prev_repos held_valid=Y reason=hold setpoint_to_ptarget=nanm finished_val=nanm finished_thresh=0.0200m pd_resid=nanm nextwp_to_ptarget=nanm guide_terminal_err=nanm
[GATE-EVOLVE] step=136 curr=141722.70 best_other=150699.01 ratio=0.9404 ee_to_optimal=0.0051m phi=0.0050m
[STAGE-A-TRACE] step=136 sim_t=1.360 mode=free phi=0.00504 box_xy=+0.00000,+0.00000 lam_n_ee_box=nan qy=+0.00001 qz=+0.00000 finished_repos=0
[DRAKE-CONTACT] step=136 n_pairs=1 ee_box_normal=0.000
[GATE-CONTACT] step=136 F_W=(+0.0000,+0.0000,+0.0000) F_on_box=(-0.0000,-0.0000,-0.0000) n_face_out=(-0.0000,-0.0000,-0.0000) A_is_ee=0 box_q=(+1.00000,-0.00001,+0.00001,+0.00000) box_p=(+0.00000,+0.00000,+0.04999) ee_p=(+0.08004,-0.00052,+0.08484)
[ADMM-C3+] primal: 10.8328->4.9628  dual: 899.5837->20.9920  mono=False  iters=25/25  rho=50.0
[ADMM-C3+] WARNING non-converged: pr=4.9628 dr=20.9920 tol=1e-03
[C3+] step=408 |u[0]|=6.22N λ_n_max=0.759 η_n_max=1.879 primal=4.963 iters=25/25 lcp_res_max=9.32e-08
[ADMIT-GUARD] step=137 admit_active=0 latch=0/0 ee_z=0.083 gate_cap=0
[ALT-GATE] step=137 target_stable=0/0 allow_descent=1
[GS-tgt] step=137 ee=(+0.080,-0.001,+0.083) p_repos=(+0.080,+0.000,+0.030) ee_to_target=0.053m target_label=prev_repos target_changed=N delta=0.000m
[GS] step=137 mode=free switch=kStayInRepos best_k=0 best_src=prev_repos curr_cost=141720.44 repos_cost=150698.60 best_other=150698.60 met_progress=N steps_since_improve=135 switches=0
[STEP] step=137 mode=free t=1.370s ee=(+0.080,-0.001,+0.083) obj=(+0.000,+0.000,+0.050) goal_dist=0.300m switch=kStayInRepos target=(+0.080,+0.000,+0.082) ee_stride=0.001m ee_to_ptarget=0.053m landing_err=0.0000m ik_ok=Y ik_resid=0.0002m q_max_resid_deg=7.37 target_changed=Y retgt=N held_idx=1 held_cost=150698.60 won_cost=150698.60 margin=+0.00 won_src=prev_repos held_valid=Y reason=hold setpoint_to_ptarget=nanm finished_val=nanm finished_thresh=0.0200m pd_resid=nanm nextwp_to_ptarget=nanm guide_terminal_err=nanm
[GATE-EVOLVE] step=137 curr=141720.44 best_other=150698.60 ratio=0.9404 ee_to_optimal=0.0051m phi=0.0050m
[STAGE-A-TRACE] step=137 sim_t=1.370 mode=free phi=0.00504 box_xy=+0.00000,+0.00000 lam_n_ee_box=nan qy=+0.00001 qz=+0.00000 finished_repos=0
[DRAKE-CONTACT] step=137 n_pairs=1 ee_box_normal=0.000
[GATE-CONTACT] step=137 F_W=(+0.0000,+0.0000,+0.0000) F_on_box=(-0.0000,-0.0000,-0.0000) n_face_out=(-0.0000,-0.0000,-0.0000) A_is_ee=0 box_q=(+1.00000,-0.00001,+0.00001,+0.00000) box_p=(+0.00000,+0.00000,+0.04999) ee_p=(+0.08004,-0.00052,+0.08304)
[ADMM-C3+] primal: 10.8328->4.9628  dual: 899.5837->20.9920  mono=False  iters=25/25  rho=50.0
[ADMM-C3+] WARNING non-converged: pr=4.9628 dr=20.9920 tol=1e-03
[C3+] step=411 |u[0]|=6.18N λ_n_max=0.759 η_n_max=1.879 primal=4.963 iters=25/25 lcp_res_max=9.32e-08
[ADMIT-GUARD] step=138 admit_active=0 latch=0/0 ee_z=0.081 gate_cap=0
[ALT-GATE] step=138 target_stable=0/0 allow_descent=1
[GS-tgt] step=138 ee=(+0.080,-0.001,+0.081) p_repos=(+0.080,+0.000,+0.030) ee_to_target=0.051m target_label=prev_repos target_changed=N delta=0.000m
[GS] step=138 mode=free switch=kStayInRepos best_k=0 best_src=prev_repos curr_cost=141718.29 repos_cost=150698.19 best_other=150698.19 met_progress=N steps_since_improve=136 switches=0
[STEP] step=138 mode=free t=1.380s ee=(+0.080,-0.001,+0.081) obj=(+0.000,+0.000,+0.050) goal_dist=0.300m switch=kStayInRepos target=(+0.080,+0.000,+0.081) ee_stride=0.001m ee_to_ptarget=0.051m landing_err=0.0000m ik_ok=Y ik_resid=0.0002m q_max_resid_deg=7.11 target_changed=Y retgt=N held_idx=1 held_cost=150698.19 won_cost=150698.19 margin=+0.00 won_src=prev_repos held_valid=Y reason=hold setpoint_to_ptarget=nanm finished_val=nanm finished_thresh=0.0200m pd_resid=nanm nextwp_to_ptarget=nanm guide_terminal_err=nanm
[GATE-EVOLVE] step=138 curr=141718.29 best_other=150698.19 ratio=0.9404 ee_to_optimal=0.0051m phi=0.0050m
[STAGE-A-TRACE] step=138 sim_t=1.380 mode=free phi=0.00503 box_xy=+0.00000,+0.00000 lam_n_ee_box=nan qy=+0.00001 qz=+0.00000 finished_repos=0
[DRAKE-CONTACT] step=138 n_pairs=1 ee_box_normal=0.000
[GATE-CONTACT] step=138 F_W=(+0.0000,+0.0000,+0.0000) F_on_box=(-0.0000,-0.0000,-0.0000) n_face_out=(-0.0000,-0.0000,-0.0000) A_is_ee=0 box_q=(+1.00000,-0.00001,+0.00001,+0.00000) box_p=(+0.00000,+0.00000,+0.04999) ee_p=(+0.08004,-0.00052,+0.08124)
[ADMM-C3+] primal: 10.8328->4.9628  dual: 899.5837->20.9920  mono=False  iters=25/25  rho=50.0
[ADMM-C3+] WARNING non-converged: pr=4.9628 dr=20.9920 tol=1e-03
[C3+] step=414 |u[0]|=6.14N λ_n_max=0.759 η_n_max=1.879 primal=4.963 iters=25/25 lcp_res_max=9.32e-08
[ADMIT-GUARD] step=139 admit_active=0 latch=0/0 ee_z=0.079 gate_cap=0
[ALT-GATE] step=139 target_stable=0/0 allow_descent=1
[GS-tgt] step=139 ee=(+0.080,-0.001,+0.079) p_repos=(+0.080,+0.000,+0.030) ee_to_target=0.049m target_label=prev_repos target_changed=N delta=0.000m
[GS] step=139 mode=free switch=kStayInRepos best_k=0 best_src=prev_repos curr_cost=141716.27 repos_cost=150697.80 best_other=150697.80 met_progress=N steps_since_improve=137 switches=0
[STEP] step=139 mode=free t=1.390s ee=(+0.080,-0.001,+0.079) obj=(+0.000,+0.000,+0.050) goal_dist=0.300m switch=kStayInRepos target=(+0.080,+0.000,+0.079) ee_stride=0.001m ee_to_ptarget=0.049m landing_err=0.0000m ik_ok=Y ik_resid=0.0001m q_max_resid_deg=6.86 target_changed=Y retgt=N held_idx=1 held_cost=150697.80 won_cost=150697.80 margin=+0.00 won_src=prev_repos held_valid=Y reason=hold setpoint_to_ptarget=nanm finished_val=nanm finished_thresh=0.0200m pd_resid=nanm nextwp_to_ptarget=nanm guide_terminal_err=nanm
[GATE-EVOLVE] step=139 curr=141716.27 best_other=150697.80 ratio=0.9404 ee_to_optimal=0.0051m phi=0.0050m
[STAGE-A-TRACE] step=139 sim_t=1.390 mode=free phi=0.00503 box_xy=+0.00000,+0.00000 lam_n_ee_box=nan qy=+0.00001 qz=+0.00000 finished_repos=0
[DRAKE-CONTACT] step=139 n_pairs=1 ee_box_normal=0.000
[GATE-CONTACT] step=139 F_W=(+0.0000,+0.0000,+0.0000) F_on_box=(-0.0000,-0.0000,-0.0000) n_face_out=(-0.0000,-0.0000,-0.0000) A_is_ee=0 box_q=(+1.00000,-0.00001,+0.00001,+0.00000) box_p=(+0.00000,+0.00000,+0.04999) ee_p=(+0.08003,-0.00052,+0.07944)
[ADMM-C3+] primal: 10.8328->4.9628  dual: 899.5837->20.9920  mono=False  iters=25/25  rho=50.0
[ADMM-C3+] WARNING non-converged: pr=4.9628 dr=20.9920 tol=1e-03
[C3+] step=417 |u[0]|=6.11N λ_n_max=0.759 η_n_max=1.879 primal=4.963 iters=25/25 lcp_res_max=9.32e-08
[ADMIT-GUARD] step=140 admit_active=0 latch=0/0 ee_z=0.078 gate_cap=0
[ALT-GATE] step=140 target_stable=0/0 allow_descent=1
[GS-tgt] step=140 ee=(+0.080,-0.001,+0.078) p_repos=(+0.080,+0.000,+0.030) ee_to_target=0.048m target_label=prev_repos target_changed=N delta=0.000m
[IMP] step=140 mode=free |x_err|=0.0008m |tau_imp|=0.47Nm |tau_ff|=0.00Nm |tau_out|=0.47Nm sat=False lam_n=False lam_t=False
[GS] step=140 mode=free switch=kStayInRepos best_k=0 best_src=prev_repos curr_cost=141714.37 repos_cost=150697.40 best_other=150697.40 met_progress=N steps_since_improve=138 switches=0
[STEP] step=140 mode=free t=1.400s ee=(+0.080,-0.001,+0.078) obj=(+0.000,+0.000,+0.050) goal_dist=0.300m switch=kStayInRepos target=(+0.080,+0.000,+0.077) ee_stride=0.001m ee_to_ptarget=0.048m landing_err=0.0000m ik_ok=Y ik_resid=0.0001m q_max_resid_deg=6.61 target_changed=Y retgt=N held_idx=1 held_cost=150697.40 won_cost=150697.40 margin=+0.00 won_src=prev_repos held_valid=Y reason=hold setpoint_to_ptarget=nanm finished_val=nanm finished_thresh=0.0200m pd_resid=nanm nextwp_to_ptarget=nanm guide_terminal_err=nanm
[GATE-EVOLVE] step=140 curr=141714.37 best_other=150697.40 ratio=0.9404 ee_to_optimal=0.0051m phi=0.0050m
[STAGE-A-TRACE] step=140 sim_t=1.400 mode=free phi=0.00503 box_xy=+0.00000,+0.00000 lam_n_ee_box=nan qy=+0.00001 qz=+0.00000 finished_repos=0
[GS-table] step=140
  k=0 (current   ) pos=(+0.080,-0.001,+0.078) c_C3= 171714.37 align=1.0000(bonus=30000.00) rot=+0.0000(bonus=    0.00) travel=0.000m(pen=  0.00) c_sample= 141714.37 feas=Y ik_err=0.0000m  ← WIN
  k=1 (prev_repos) pos=(+0.080,+0.000,+0.030) c_C3= 180687.87 align=1.0000(bonus=30000.00) rot=+0.0000(bonus=    0.00) travel=0.048m(pen=  9.53) c_sample= 150697.40 feas=Y ik_err=0.0000m
  k=2 (strat_0   ) pos=(-0.023,+0.080,+0.030) c_C3= 181862.94 align=0.0000(bonus=    0.15) rot=+0.0000(bonus=    0.00) travel=0.139m(pen= 27.83) c_sample= 181890.61 feas=Y ik_err=0.0000m
[DRAKE-CONTACT] step=140 n_pairs=1 ee_box_normal=0.000
[GATE-CONTACT] step=140 F_W=(+0.0000,+0.0000,+0.0000) F_on_box=(-0.0000,-0.0000,-0.0000) n_face_out=(-0.0000,-0.0000,-0.0000) A_is_ee=0 box_q=(+1.00000,-0.00001,+0.00001,+0.00000) box_p=(+0.00000,+0.00000,+0.04999) ee_p=(+0.08003,-0.00052,+0.07764)
[ADMM-C3+] primal: 10.8328->4.9628  dual: 899.5837->20.9920  mono=False  iters=25/25  rho=50.0
[ADMM-C3+] WARNING non-converged: pr=4.9628 dr=20.9920 tol=1e-03
[C3+] step=420 |u[0]|=6.07N λ_n_max=0.759 η_n_max=1.879 primal=4.963 iters=25/25 lcp_res_max=9.32e-08
[ADMIT-GUARD] step=141 admit_active=0 latch=0/0 ee_z=0.076 gate_cap=0
[ALT-GATE] step=141 target_stable=0/0 allow_descent=1
[GS-tgt] step=141 ee=(+0.080,-0.001,+0.076) p_repos=(+0.080,+0.000,+0.030) ee_to_target=0.046m target_label=prev_repos target_changed=N delta=0.000m
[GS] step=141 mode=free switch=kStayInRepos best_k=0 best_src=prev_repos curr_cost=141712.59 repos_cost=150697.02 best_other=150697.02 met_progress=N steps_since_improve=139 switches=0
[STEP] step=141 mode=free t=1.410s ee=(+0.080,-0.001,+0.076) obj=(+0.000,+0.000,+0.050) goal_dist=0.300m switch=kStayInRepos target=(+0.080,+0.000,+0.075) ee_stride=0.001m ee_to_ptarget=0.046m landing_err=0.0000m ik_ok=Y ik_resid=0.0001m q_max_resid_deg=6.36 target_changed=Y retgt=N held_idx=1 held_cost=150697.02 won_cost=150697.02 margin=+0.00 won_src=prev_repos held_valid=Y reason=hold setpoint_to_ptarget=nanm finished_val=nanm finished_thresh=0.0200m pd_resid=nanm nextwp_to_ptarget=nanm guide_terminal_err=nanm
[GATE-EVOLVE] step=141 curr=141712.59 best_other=150697.02 ratio=0.9404 ee_to_optimal=0.0051m phi=0.0050m
[STAGE-A-TRACE] step=141 sim_t=1.410 mode=free phi=0.00502 box_xy=+0.00000,+0.00000 lam_n_ee_box=nan qy=+0.00001 qz=+0.00000 finished_repos=0
[DRAKE-CONTACT] step=141 n_pairs=1 ee_box_normal=0.000
[GATE-CONTACT] step=141 F_W=(+0.0000,+0.0000,+0.0000) F_on_box=(-0.0000,-0.0000,-0.0000) n_face_out=(-0.0000,-0.0000,-0.0000) A_is_ee=0 box_q=(+1.00000,-0.00001,+0.00001,+0.00000) box_p=(+0.00000,+0.00000,+0.04999) ee_p=(+0.08003,-0.00052,+0.07584)
[ADMM-C3+] primal: 10.8328->4.9628  dual: 899.5837->20.9920  mono=False  iters=25/25  rho=50.0
[ADMM-C3+] WARNING non-converged: pr=4.9628 dr=20.9920 tol=1e-03
[C3+] step=423 |u[0]|=6.04N λ_n_max=0.759 η_n_max=1.879 primal=4.963 iters=25/25 lcp_res_max=9.32e-08
[ADMIT-GUARD] step=142 admit_active=0 latch=0/0 ee_z=0.074 gate_cap=0
[ALT-GATE] step=142 target_stable=0/0 allow_descent=1
[GS-tgt] step=142 ee=(+0.080,-0.001,+0.074) p_repos=(+0.080,+0.000,+0.030) ee_to_target=0.044m target_label=prev_repos target_changed=N delta=0.000m
[GS] step=142 mode=free switch=kStayInRepos best_k=0 best_src=prev_repos curr_cost=141710.93 repos_cost=150696.63 best_other=150696.63 met_progress=N steps_since_improve=140 switches=0
[STEP] step=142 mode=free t=1.420s ee=(+0.080,-0.001,+0.074) obj=(+0.000,+0.000,+0.050) goal_dist=0.300m switch=kStayInRepos target=(+0.080,+0.000,+0.073) ee_stride=0.001m ee_to_ptarget=0.044m landing_err=0.0000m ik_ok=Y ik_resid=0.0001m q_max_resid_deg=6.11 target_changed=Y retgt=N held_idx=1 held_cost=150696.63 won_cost=150696.63 margin=+0.00 won_src=prev_repos held_valid=Y reason=hold setpoint_to_ptarget=nanm finished_val=nanm finished_thresh=0.0200m pd_resid=nanm nextwp_to_ptarget=nanm guide_terminal_err=nanm
[GATE-EVOLVE] step=142 curr=141710.93 best_other=150696.63 ratio=0.9404 ee_to_optimal=0.0051m phi=0.0050m
[STAGE-A-TRACE] step=142 sim_t=1.420 mode=free phi=0.00502 box_xy=+0.00000,+0.00000 lam_n_ee_box=nan qy=+0.00001 qz=+0.00000 finished_repos=0
[DRAKE-CONTACT] step=142 n_pairs=1 ee_box_normal=0.000
[GATE-CONTACT] step=142 F_W=(+0.0000,+0.0000,+0.0000) F_on_box=(-0.0000,-0.0000,-0.0000) n_face_out=(-0.0000,-0.0000,-0.0000) A_is_ee=0 box_q=(+1.00000,-0.00001,+0.00001,+0.00000) box_p=(+0.00000,+0.00000,+0.04999) ee_p=(+0.08002,-0.00052,+0.07404)
[ADMM-C3+] primal: 10.8328->4.9628  dual: 899.5837->20.9920  mono=False  iters=25/25  rho=50.0
[ADMM-C3+] WARNING non-converged: pr=4.9628 dr=20.9920 tol=1e-03
[C3+] step=426 |u[0]|=6.01N λ_n_max=0.759 η_n_max=1.879 primal=4.963 iters=25/25 lcp_res_max=9.32e-08
[ADMIT-GUARD] step=143 admit_active=0 latch=0/0 ee_z=0.072 gate_cap=0
[ALT-GATE] step=143 target_stable=0/0 allow_descent=1
[GS-tgt] step=143 ee=(+0.080,-0.001,+0.072) p_repos=(+0.080,+0.000,+0.030) ee_to_target=0.042m target_label=prev_repos target_changed=N delta=0.000m
[GS] step=143 mode=free switch=kStayInRepos best_k=0 best_src=prev_repos curr_cost=141709.39 repos_cost=150696.25 best_other=150696.25 met_progress=N steps_since_improve=141 switches=0
[STEP] step=143 mode=free t=1.430s ee=(+0.080,-0.001,+0.072) obj=(+0.000,+0.000,+0.050) goal_dist=0.300m switch=kStayInRepos target=(+0.080,+0.000,+0.072) ee_stride=0.001m ee_to_ptarget=0.042m landing_err=0.0000m ik_ok=Y ik_resid=0.0001m q_max_resid_deg=5.86 target_changed=Y retgt=N held_idx=1 held_cost=150696.25 won_cost=150696.25 margin=+0.00 won_src=prev_repos held_valid=Y reason=hold setpoint_to_ptarget=nanm finished_val=nanm finished_thresh=0.0200m pd_resid=nanm nextwp_to_ptarget=nanm guide_terminal_err=nanm
[GATE-EVOLVE] step=143 curr=141709.39 best_other=150696.25 ratio=0.9404 ee_to_optimal=0.0050m phi=0.0050m
[STAGE-A-TRACE] step=143 sim_t=1.430 mode=free phi=0.00502 box_xy=+0.00000,+0.00000 lam_n_ee_box=nan qy=+0.00001 qz=+0.00000 finished_repos=0
[DRAKE-CONTACT] step=143 n_pairs=1 ee_box_normal=0.000
[GATE-CONTACT] step=143 F_W=(+0.0000,+0.0000,+0.0000) F_on_box=(-0.0000,-0.0000,-0.0000) n_face_out=(-0.0000,-0.0000,-0.0000) A_is_ee=0 box_q=(+1.00000,-0.00001,+0.00001,+0.00000) box_p=(+0.00000,+0.00000,+0.04999) ee_p=(+0.08002,-0.00053,+0.07224)
[ADMM-C3+] primal: 10.8328->4.9628  dual: 899.5837->20.9920  mono=False  iters=25/25  rho=50.0
[ADMM-C3+] WARNING non-converged: pr=4.9628 dr=20.9920 tol=1e-03
[C3+] step=429 |u[0]|=5.99N λ_n_max=0.759 η_n_max=1.879 primal=4.963 iters=25/25 lcp_res_max=9.32e-08
[ADMIT-GUARD] step=144 admit_active=0 latch=0/0 ee_z=0.070 gate_cap=0
[ALT-GATE] step=144 target_stable=0/0 allow_descent=1
[GS-tgt] step=144 ee=(+0.080,-0.001,+0.070) p_repos=(+0.080,+0.000,+0.030) ee_to_target=0.040m target_label=prev_repos target_changed=N delta=0.000m
[GS] step=144 mode=free switch=kStayInRepos best_k=0 best_src=prev_repos curr_cost=141707.97 repos_cost=150695.88 best_other=150695.88 met_progress=N steps_since_improve=142 switches=0
[STEP] step=144 mode=free t=1.440s ee=(+0.080,-0.001,+0.070) obj=(+0.000,+0.000,+0.050) goal_dist=0.300m switch=kStayInRepos target=(+0.080,+0.000,+0.070) ee_stride=0.001m ee_to_ptarget=0.040m landing_err=0.0000m ik_ok=Y ik_resid=0.0001m q_max_resid_deg=5.61 target_changed=Y retgt=N held_idx=1 held_cost=150695.88 won_cost=150695.88 margin=+0.00 won_src=prev_repos held_valid=Y reason=hold setpoint_to_ptarget=nanm finished_val=nanm finished_thresh=0.0200m pd_resid=nanm nextwp_to_ptarget=nanm guide_terminal_err=nanm
[GATE-EVOLVE] step=144 curr=141707.97 best_other=150695.88 ratio=0.9404 ee_to_optimal=0.0050m phi=0.0050m
[STAGE-A-TRACE] step=144 sim_t=1.440 mode=free phi=0.00502 box_xy=+0.00000,+0.00000 lam_n_ee_box=nan qy=+0.00001 qz=+0.00000 finished_repos=0
[DRAKE-CONTACT] step=144 n_pairs=1 ee_box_normal=0.000
[GATE-CONTACT] step=144 F_W=(+0.0000,+0.0000,+0.0000) F_on_box=(-0.0000,-0.0000,-0.0000) n_face_out=(-0.0000,-0.0000,-0.0000) A_is_ee=0 box_q=(+1.00000,-0.00001,+0.00001,+0.00000) box_p=(+0.00000,+0.00000,+0.04999) ee_p=(+0.08002,-0.00053,+0.07045)
[ADMM-C3+] primal: 10.8328->4.9628  dual: 899.5837->20.9920  mono=False  iters=25/25  rho=50.0
[ADMM-C3+] WARNING non-converged: pr=4.9628 dr=20.9920 tol=1e-03
[C3+] step=432 |u[0]|=5.96N λ_n_max=0.759 η_n_max=1.879 primal=4.963 iters=25/25 lcp_res_max=9.32e-08
[ADMIT-GUARD] step=145 admit_active=0 latch=0/0 ee_z=0.069 gate_cap=0
[ALT-GATE] step=145 target_stable=0/0 allow_descent=1
[GS-tgt] step=145 ee=(+0.080,-0.001,+0.069) p_repos=(+0.080,+0.000,+0.030) ee_to_target=0.039m target_label=prev_repos target_changed=N delta=0.000m
[GS] step=145 mode=free switch=kStayInRepos best_k=0 best_src=prev_repos curr_cost=141706.67 repos_cost=150695.50 best_other=150695.50 met_progress=N steps_since_improve=143 switches=0
[STEP] step=145 mode=free t=1.450s ee=(+0.080,-0.001,+0.069) obj=(+0.000,+0.000,+0.050) goal_dist=0.300m switch=kStayInRepos target=(+0.080,+0.000,+0.068) ee_stride=0.001m ee_to_ptarget=0.039m landing_err=0.0000m ik_ok=Y ik_resid=0.0001m q_max_resid_deg=5.36 target_changed=Y retgt=N held_idx=1 held_cost=150695.50 won_cost=150695.50 margin=+0.00 won_src=prev_repos held_valid=Y reason=hold setpoint_to_ptarget=nanm finished_val=nanm finished_thresh=0.0200m pd_resid=nanm nextwp_to_ptarget=nanm guide_terminal_err=nanm
[GATE-EVOLVE] step=145 curr=141706.67 best_other=150695.50 ratio=0.9404 ee_to_optimal=0.0050m phi=0.0050m
[STAGE-A-TRACE] step=145 sim_t=1.450 mode=free phi=0.00502 box_xy=+0.00000,+0.00000 lam_n_ee_box=nan qy=+0.00001 qz=+0.00000 finished_repos=0
[DRAKE-CONTACT] step=145 n_pairs=1 ee_box_normal=0.000
[GATE-CONTACT] step=145 F_W=(+0.0000,+0.0000,+0.0000) F_on_box=(-0.0000,-0.0000,-0.0000) n_face_out=(-0.0000,-0.0000,-0.0000) A_is_ee=0 box_q=(+1.00000,-0.00001,+0.00001,+0.00000) box_p=(+0.00000,+0.00000,+0.04999) ee_p=(+0.08002,-0.00053,+0.06865)
[ADMM-C3+] primal: 10.8328->4.9628  dual: 899.5837->20.9920  mono=False  iters=25/25  rho=50.0
[ADMM-C3+] WARNING non-converged: pr=4.9628 dr=20.9920 tol=1e-03
[C3+] step=435 |u[0]|=5.94N λ_n_max=0.759 η_n_max=1.879 primal=4.963 iters=25/25 lcp_res_max=9.32e-08
[ADMIT-GUARD] step=146 admit_active=0 latch=0/0 ee_z=0.067 gate_cap=0
[ALT-GATE] step=146 target_stable=0/0 allow_descent=1
[GS-tgt] step=146 ee=(+0.080,-0.001,+0.067) p_repos=(+0.080,+0.000,+0.030) ee_to_target=0.037m target_label=prev_repos target_changed=N delta=0.000m
[GS] step=146 mode=free switch=kStayInRepos best_k=0 best_src=prev_repos curr_cost=141705.49 repos_cost=150695.13 best_other=150695.13 met_progress=N steps_since_improve=144 switches=0
[STEP] step=146 mode=free t=1.460s ee=(+0.080,-0.001,+0.067) obj=(+0.000,+0.000,+0.050) goal_dist=0.300m switch=kStayInRepos target=(+0.080,+0.000,+0.066) ee_stride=0.001m ee_to_ptarget=0.037m landing_err=0.0000m ik_ok=Y ik_resid=0.0001m q_max_resid_deg=5.11 target_changed=Y retgt=N held_idx=1 held_cost=150695.13 won_cost=150695.13 margin=+0.00 won_src=prev_repos held_valid=Y reason=hold setpoint_to_ptarget=nanm finished_val=nanm finished_thresh=0.0200m pd_resid=nanm nextwp_to_ptarget=nanm guide_terminal_err=nanm
[GATE-EVOLVE] step=146 curr=141705.49 best_other=150695.13 ratio=0.9403 ee_to_optimal=0.0050m phi=0.0050m
[STAGE-A-TRACE] step=146 sim_t=1.460 mode=free phi=0.00502 box_xy=+0.00000,+0.00000 lam_n_ee_box=nan qy=+0.00001 qz=+0.00000 finished_repos=0
[DRAKE-CONTACT] step=146 n_pairs=1 ee_box_normal=0.000
[GATE-CONTACT] step=146 F_W=(+0.0000,+0.0000,+0.0000) F_on_box=(-0.0000,-0.0000,-0.0000) n_face_out=(-0.0000,-0.0000,-0.0000) A_is_ee=0 box_q=(+1.00000,-0.00001,+0.00001,+0.00000) box_p=(+0.00000,+0.00000,+0.04999) ee_p=(+0.08002,-0.00054,+0.06685)
[ADMM-C3+] primal: 10.8328->4.9628  dual: 899.5837->20.9920  mono=False  iters=25/25  rho=50.0
[ADMM-C3+] WARNING non-converged: pr=4.9628 dr=20.9920 tol=1e-03
[C3+] step=438 |u[0]|=5.92N λ_n_max=0.759 η_n_max=1.879 primal=4.963 iters=25/25 lcp_res_max=9.32e-08
[ADMIT-GUARD] step=147 admit_active=0 latch=0/0 ee_z=0.065 gate_cap=0
[ALT-GATE] step=147 target_stable=0/0 allow_descent=1
[GS-tgt] step=147 ee=(+0.080,-0.001,+0.065) p_repos=(+0.080,+0.000,+0.030) ee_to_target=0.035m target_label=prev_repos target_changed=N delta=0.000m
[GS] step=147 mode=free switch=kStayInRepos best_k=0 best_src=prev_repos curr_cost=141704.43 repos_cost=150694.76 best_other=150694.76 met_progress=N steps_since_improve=145 switches=0
[STEP] step=147 mode=free t=1.470s ee=(+0.080,-0.001,+0.065) obj=(+0.000,+0.000,+0.050) goal_dist=0.300m switch=kStayInRepos target=(+0.080,+0.000,+0.064) ee_stride=0.001m ee_to_ptarget=0.035m landing_err=0.0000m ik_ok=Y ik_resid=0.0001m q_max_resid_deg=4.86 target_changed=Y retgt=N held_idx=1 held_cost=150694.76 won_cost=150694.76 margin=+0.00 won_src=prev_repos held_valid=Y reason=hold setpoint_to_ptarget=nanm finished_val=nanm finished_thresh=0.0200m pd_resid=nanm nextwp_to_ptarget=nanm guide_terminal_err=nanm
[GATE-EVOLVE] step=147 curr=141704.43 best_other=150694.76 ratio=0.9403 ee_to_optimal=0.0050m phi=0.0050m
[STAGE-A-TRACE] step=147 sim_t=1.470 mode=free phi=0.00502 box_xy=+0.00000,+0.00000 lam_n_ee_box=nan qy=+0.00001 qz=+0.00000 finished_repos=0
[DRAKE-CONTACT] step=147 n_pairs=1 ee_box_normal=0.000
[GATE-CONTACT] step=147 F_W=(+0.0000,+0.0000,+0.0000) F_on_box=(-0.0000,-0.0000,-0.0000) n_face_out=(-0.0000,-0.0000,-0.0000) A_is_ee=0 box_q=(+1.00000,-0.00001,+0.00001,+0.00000) box_p=(+0.00000,+0.00000,+0.04999) ee_p=(+0.08002,-0.00054,+0.06506)
[ADMM-C3+] primal: 10.8328->4.9628  dual: 899.5837->20.9920  mono=False  iters=25/25  rho=50.0
[ADMM-C3+] WARNING non-converged: pr=4.9628 dr=20.9920 tol=1e-03
[C3+] step=441 |u[0]|=5.90N λ_n_max=0.759 η_n_max=1.879 primal=4.963 iters=25/25 lcp_res_max=9.32e-08
[ADMIT-GUARD] step=148 admit_active=0 latch=0/0 ee_z=0.063 gate_cap=0
[ALT-GATE] step=148 target_stable=0/0 allow_descent=1
[GS-tgt] step=148 ee=(+0.080,-0.001,+0.063) p_repos=(+0.080,+0.000,+0.030) ee_to_target=0.033m target_label=prev_repos target_changed=N delta=0.000m
[GS] step=148 mode=free switch=kStayInRepos best_k=0 best_src=prev_repos curr_cost=141703.49 repos_cost=150694.39 best_other=150694.39 met_progress=N steps_since_improve=146 switches=0
[STEP] step=148 mode=free t=1.480s ee=(+0.080,-0.001,+0.063) obj=(+0.000,+0.000,+0.050) goal_dist=0.300m switch=kStayInRepos target=(+0.080,+0.000,+0.063) ee_stride=0.001m ee_to_ptarget=0.033m landing_err=0.0000m ik_ok=Y ik_resid=0.0001m q_max_resid_deg=4.61 target_changed=Y retgt=N held_idx=1 held_cost=150694.39 won_cost=150694.39 margin=+0.00 won_src=prev_repos held_valid=Y reason=hold setpoint_to_ptarget=nanm finished_val=nanm finished_thresh=0.0200m pd_resid=nanm nextwp_to_ptarget=nanm guide_terminal_err=nanm
[GATE-EVOLVE] step=148 curr=141703.49 best_other=150694.39 ratio=0.9403 ee_to_optimal=0.0050m phi=0.0050m
[STAGE-A-TRACE] step=148 sim_t=1.480 mode=free phi=0.00501 box_xy=+0.00000,+0.00000 lam_n_ee_box=nan qy=+0.00001 qz=+0.00000 finished_repos=0
[DRAKE-CONTACT] step=148 n_pairs=1 ee_box_normal=0.000
[GATE-CONTACT] step=148 F_W=(+0.0000,+0.0000,+0.0000) F_on_box=(-0.0000,-0.0000,-0.0000) n_face_out=(-0.0000,-0.0000,-0.0000) A_is_ee=0 box_q=(+1.00000,-0.00001,+0.00001,+0.00000) box_p=(+0.00000,+0.00000,+0.04999) ee_p=(+0.08002,-0.00054,+0.06326)
[ADMM-C3+] primal: 10.8328->4.9628  dual: 899.5837->20.9920  mono=False  iters=25/25  rho=50.0
[ADMM-C3+] WARNING non-converged: pr=4.9628 dr=20.9920 tol=1e-03
[C3+] step=444 |u[0]|=5.89N λ_n_max=0.759 η_n_max=1.879 primal=4.963 iters=25/25 lcp_res_max=9.32e-08
[ADMIT-GUARD] step=149 admit_active=0 latch=0/0 ee_z=0.061 gate_cap=0
[ALT-GATE] step=149 target_stable=0/0 allow_descent=1
[GS-tgt] step=149 ee=(+0.080,-0.001,+0.061) p_repos=(+0.080,+0.000,+0.030) ee_to_target=0.031m target_label=prev_repos target_changed=N delta=0.000m
[GS] step=149 mode=free switch=kStayInRepos best_k=0 best_src=prev_repos curr_cost=141702.67 repos_cost=150694.03 best_other=150694.03 met_progress=N steps_since_improve=147 switches=0
[STEP] step=149 mode=free t=1.490s ee=(+0.080,-0.001,+0.061) obj=(+0.000,+0.000,+0.050) goal_dist=0.300m switch=kStayInRepos target=(+0.080,+0.000,+0.061) ee_stride=0.001m ee_to_ptarget=0.031m landing_err=0.0000m ik_ok=Y ik_resid=0.0001m q_max_resid_deg=4.37 target_changed=Y retgt=N held_idx=1 held_cost=150694.03 won_cost=150694.03 margin=+0.00 won_src=prev_repos held_valid=Y reason=hold setpoint_to_ptarget=nanm finished_val=nanm finished_thresh=0.0200m pd_resid=nanm nextwp_to_ptarget=nanm guide_terminal_err=nanm
[GATE-EVOLVE] step=149 curr=141702.67 best_other=150694.03 ratio=0.9403 ee_to_optimal=0.0050m phi=0.0050m
[STAGE-A-TRACE] step=149 sim_t=1.490 mode=free phi=0.00501 box_xy=+0.00000,+0.00000 lam_n_ee_box=nan qy=+0.00001 qz=+0.00000 finished_repos=0
[DRAKE-CONTACT] step=149 n_pairs=1 ee_box_normal=0.000
[GATE-CONTACT] step=149 F_W=(+0.0000,+0.0000,+0.0000) F_on_box=(-0.0000,-0.0000,-0.0000) n_face_out=(-0.0000,-0.0000,-0.0000) A_is_ee=0 box_q=(+1.00000,-0.00001,+0.00001,+0.00000) box_p=(+0.00000,+0.00000,+0.04999) ee_p=(+0.08002,-0.00054,+0.06146)
[ADMM-C3+] primal: 10.8328->4.9628  dual: 899.5837->20.9920  mono=False  iters=25/25  rho=50.0
[ADMM-C3+] WARNING non-converged: pr=4.9628 dr=20.9920 tol=1e-03
[C3+] step=447 |u[0]|=5.87N λ_n_max=0.759 η_n_max=1.879 primal=4.963 iters=25/25 lcp_res_max=9.32e-08
[ADMIT-GUARD] step=150 admit_active=0 latch=0/0 ee_z=0.060 gate_cap=0
[ALT-GATE] step=150 target_stable=0/0 allow_descent=1
[GS-tgt] step=150 ee=(+0.080,-0.001,+0.060) p_repos=(+0.080,+0.000,+0.030) ee_to_target=0.030m target_label=prev_repos target_changed=N delta=0.000m
[IMP] step=150 mode=free |x_err|=0.0008m |tau_imp|=0.50Nm |tau_ff|=0.00Nm |tau_out|=0.50Nm sat=False lam_n=False lam_t=False
[GS] step=150 mode=free switch=kStayInRepos best_k=0 best_src=prev_repos curr_cost=141701.97 repos_cost=150693.66 best_other=150693.66 met_progress=N steps_since_improve=148 switches=0
[STEP] step=150 mode=free t=1.500s ee=(+0.080,-0.001,+0.060) obj=(+0.000,+0.000,+0.050) goal_dist=0.300m switch=kStayInRepos target=(+0.080,+0.000,+0.059) ee_stride=0.001m ee_to_ptarget=0.030m landing_err=0.0000m ik_ok=Y ik_resid=0.0001m q_max_resid_deg=4.12 target_changed=Y retgt=N held_idx=1 held_cost=150693.66 won_cost=150693.66 margin=+0.00 won_src=prev_repos held_valid=Y reason=hold setpoint_to_ptarget=nanm finished_val=nanm finished_thresh=0.0200m pd_resid=nanm nextwp_to_ptarget=nanm guide_terminal_err=nanm
[GATE-EVOLVE] step=150 curr=141701.97 best_other=150693.66 ratio=0.9403 ee_to_optimal=0.0050m phi=0.0050m
[STAGE-A-TRACE] step=150 sim_t=1.500 mode=free phi=0.00501 box_xy=+0.00000,+0.00000 lam_n_ee_box=nan qy=+0.00001 qz=+0.00000 finished_repos=0
[DRAKE-CONTACT] step=150 n_pairs=1 ee_box_normal=0.000
[GATE-CONTACT] step=150 F_W=(+0.0000,+0.0000,+0.0000) F_on_box=(-0.0000,-0.0000,-0.0000) n_face_out=(-0.0000,-0.0000,-0.0000) A_is_ee=0 box_q=(+1.00000,-0.00001,+0.00001,+0.00000) box_p=(+0.00000,+0.00000,+0.04999) ee_p=(+0.08002,-0.00055,+0.05967)
[PERSIST] step=151 refresh n_strategy=1 samples=[(-0.0044, 0.08, 0.03)]
[ADMM-C3+] primal: 10.8328->4.9628  dual: 899.5837->20.9920  mono=False  iters=25/25  rho=50.0
[ADMM-C3+] WARNING non-converged: pr=4.9628 dr=20.9920 tol=1e-03
[C3+] step=450 |u[0]|=5.86N λ_n_max=0.759 η_n_max=1.879 primal=4.963 iters=25/25 lcp_res_max=9.32e-08
[ADMIT-GUARD] step=151 admit_active=0 latch=0/0 ee_z=0.058 gate_cap=0
[ALT-GATE] step=151 target_stable=0/0 allow_descent=1
[GS-tgt] step=151 ee=(+0.080,-0.001,+0.058) p_repos=(+0.080,+0.000,+0.030) ee_to_target=0.028m target_label=prev_repos target_changed=N delta=0.000m
[GS] step=151 mode=free switch=kStayInRepos best_k=0 best_src=prev_repos curr_cost=141701.38 repos_cost=150693.30 best_other=150693.30 met_progress=N steps_since_improve=149 switches=0
[STEP] step=151 mode=free t=1.510s ee=(+0.080,-0.001,+0.058) obj=(+0.000,+0.000,+0.050) goal_dist=0.300m switch=kStayInRepos target=(+0.080,+0.000,+0.057) ee_stride=0.001m ee_to_ptarget=0.028m landing_err=0.0000m ik_ok=Y ik_resid=0.0001m q_max_resid_deg=3.87 target_changed=Y retgt=N held_idx=1 held_cost=150693.30 won_cost=150693.30 margin=+0.00 won_src=prev_repos held_valid=Y reason=hold setpoint_to_ptarget=nanm finished_val=nanm finished_thresh=0.0200m pd_resid=nanm nextwp_to_ptarget=nanm guide_terminal_err=nanm
[GATE-EVOLVE] step=151 curr=141701.38 best_other=150693.30 ratio=0.9403 ee_to_optimal=0.0050m phi=0.0050m
[STAGE-A-TRACE] step=151 sim_t=1.510 mode=free phi=0.00501 box_xy=+0.00000,+0.00000 lam_n_ee_box=nan qy=+0.00001 qz=+0.00000 finished_repos=0
  t=1.50s | ee=(0.080, -0.001, 0.058) | obj=(0.000, 0.000, 0.050) | |u|=0.50 Nm | goal_dist=0.300 m
[DRAKE-CONTACT] step=151 n_pairs=1 ee_box_normal=0.000
[GATE-CONTACT] step=151 F_W=(+0.0000,+0.0000,+0.0000) F_on_box=(-0.0000,-0.0000,-0.0000) n_face_out=(-0.0000,-0.0000,-0.0000) A_is_ee=0 box_q=(+1.00000,-0.00001,+0.00001,+0.00000) box_p=(+0.00000,+0.00000,+0.04999) ee_p=(+0.08001,-0.00055,+0.05787)
[ADMM-C3+] primal: 10.8328->4.9628  dual: 899.5837->20.9920  mono=False  iters=25/25  rho=50.0
[ADMM-C3+] WARNING non-converged: pr=4.9628 dr=20.9920 tol=1e-03
[C3+] step=453 |u[0]|=5.85N λ_n_max=0.759 η_n_max=1.879 primal=4.963 iters=25/25 lcp_res_max=9.32e-08
[ADMIT-GUARD] step=152 admit_active=0 latch=0/0 ee_z=0.056 gate_cap=0
[ALT-GATE] step=152 target_stable=0/0 allow_descent=1
[GS-tgt] step=152 ee=(+0.080,-0.001,+0.056) p_repos=(+0.080,+0.000,+0.030) ee_to_target=0.026m target_label=prev_repos target_changed=N delta=0.000m
[GS] step=152 mode=free switch=kStayInRepos best_k=0 best_src=prev_repos curr_cost=141700.92 repos_cost=150692.93 best_other=150692.93 met_progress=N steps_since_improve=150 switches=0
[STEP] step=152 mode=free t=1.520s ee=(+0.080,-0.001,+0.056) obj=(+0.000,+0.000,+0.050) goal_dist=0.300m switch=kStayInRepos target=(+0.080,+0.000,+0.055) ee_stride=0.001m ee_to_ptarget=0.026m landing_err=0.0000m ik_ok=Y ik_resid=0.0001m q_max_resid_deg=3.63 target_changed=Y retgt=N held_idx=1 held_cost=150692.93 won_cost=150692.93 margin=+0.00 won_src=prev_repos held_valid=Y reason=hold setpoint_to_ptarget=nanm finished_val=nanm finished_thresh=0.0200m pd_resid=nanm nextwp_to_ptarget=nanm guide_terminal_err=nanm
[GATE-EVOLVE] step=152 curr=141700.92 best_other=150692.93 ratio=0.9403 ee_to_optimal=0.0050m phi=0.0050m
[STAGE-A-TRACE] step=152 sim_t=1.520 mode=free phi=0.00501 box_xy=+0.00000,+0.00000 lam_n_ee_box=nan qy=+0.00001 qz=+0.00000 finished_repos=0
[DRAKE-CONTACT] step=152 n_pairs=1 ee_box_normal=0.000
[GATE-CONTACT] step=152 F_W=(+0.0000,+0.0000,+0.0000) F_on_box=(-0.0000,-0.0000,-0.0000) n_face_out=(-0.0000,-0.0000,-0.0000) A_is_ee=0 box_q=(+1.00000,-0.00001,+0.00001,+0.00000) box_p=(+0.00000,+0.00000,+0.04999) ee_p=(+0.08001,-0.00055,+0.05608)
[ADMM-C3+] primal: 10.8328->4.9628  dual: 899.5837->20.9920  mono=False  iters=25/25  rho=50.0
[ADMM-C3+] WARNING non-converged: pr=4.9628 dr=20.9920 tol=1e-03
[C3+] step=456 |u[0]|=5.85N λ_n_max=0.759 η_n_max=1.879 primal=4.963 iters=25/25 lcp_res_max=9.32e-08
[ADMIT-GUARD] step=153 admit_active=0 latch=0/0 ee_z=0.054 gate_cap=0
[ALT-GATE] step=153 target_stable=0/0 allow_descent=1
[GS-tgt] step=153 ee=(+0.080,-0.001,+0.054) p_repos=(+0.080,+0.000,+0.030) ee_to_target=0.024m target_label=prev_repos target_changed=N delta=0.000m
[GS] step=153 mode=free switch=kStayInRepos best_k=0 best_src=prev_repos curr_cost=141700.58 repos_cost=150692.57 best_other=150692.57 met_progress=N steps_since_improve=151 switches=0
[STEP] step=153 mode=free t=1.530s ee=(+0.080,-0.001,+0.054) obj=(+0.000,+0.000,+0.050) goal_dist=0.300m switch=kStayInRepos target=(+0.080,+0.000,+0.054) ee_stride=0.001m ee_to_ptarget=0.024m landing_err=0.0000m ik_ok=Y ik_resid=0.0001m q_max_resid_deg=3.38 target_changed=Y retgt=N held_idx=1 held_cost=150692.57 won_cost=150692.57 margin=+0.00 won_src=prev_repos held_valid=Y reason=hold setpoint_to_ptarget=nanm finished_val=nanm finished_thresh=0.0200m pd_resid=nanm nextwp_to_ptarget=nanm guide_terminal_err=nanm
[GATE-EVOLVE] step=153 curr=141700.58 best_other=150692.57 ratio=0.9403 ee_to_optimal=0.0050m phi=0.0050m
[STAGE-A-TRACE] step=153 sim_t=1.530 mode=free phi=0.00501 box_xy=+0.00000,+0.00000 lam_n_ee_box=nan qy=+0.00001 qz=+0.00000 finished_repos=0
[DRAKE-CONTACT] step=153 n_pairs=1 ee_box_normal=0.000
[GATE-CONTACT] step=153 F_W=(+0.0000,+0.0000,+0.0000) F_on_box=(-0.0000,-0.0000,-0.0000) n_face_out=(-0.0000,-0.0000,-0.0000) A_is_ee=0 box_q=(+1.00000,-0.00001,+0.00001,+0.00000) box_p=(+0.00000,+0.00000,+0.04999) ee_p=(+0.08001,-0.00056,+0.05428)
[ADMM-C3+] primal: 10.8328->4.9628  dual: 899.5837->20.9920  mono=False  iters=25/25  rho=50.0
[ADMM-C3+] WARNING non-converged: pr=4.9628 dr=20.9920 tol=1e-03
[C3+] step=459 |u[0]|=5.84N λ_n_max=0.759 η_n_max=1.879 primal=4.963 iters=25/25 lcp_res_max=9.32e-08
[ADMIT-GUARD] step=154 admit_active=0 latch=0/0 ee_z=0.052 gate_cap=0
[ALT-GATE] step=154 target_stable=0/0 allow_descent=1
[GS-tgt] step=154 ee=(+0.080,-0.001,+0.052) p_repos=(+0.080,+0.000,+0.030) ee_to_target=0.022m target_label=prev_repos target_changed=N delta=0.000m
[GS] step=154 mode=free switch=kStayInRepos best_k=0 best_src=prev_repos curr_cost=141700.35 repos_cost=150692.21 best_other=150692.21 met_progress=N steps_since_improve=152 switches=0
[STEP] step=154 mode=free t=1.540s ee=(+0.080,-0.001,+0.052) obj=(+0.000,+0.000,+0.050) goal_dist=0.300m switch=kStayInRepos target=(+0.080,+0.000,+0.052) ee_stride=0.001m ee_to_ptarget=0.022m landing_err=0.0000m ik_ok=Y ik_resid=0.0001m q_max_resid_deg=3.13 target_changed=Y retgt=N held_idx=1 held_cost=150692.21 won_cost=150692.21 margin=+0.00 won_src=prev_repos held_valid=Y reason=hold setpoint_to_ptarget=nanm finished_val=nanm finished_thresh=0.0200m pd_resid=nanm nextwp_to_ptarget=nanm guide_terminal_err=nanm
[GATE-EVOLVE] step=154 curr=141700.35 best_other=150692.21 ratio=0.9403 ee_to_optimal=0.0050m phi=0.0050m
[STAGE-A-TRACE] step=154 sim_t=1.540 mode=free phi=0.00501 box_xy=+0.00000,+0.00000 lam_n_ee_box=nan qy=+0.00001 qz=+0.00000 finished_repos=0
[DRAKE-CONTACT] step=154 n_pairs=1 ee_box_normal=0.000
[GATE-CONTACT] step=154 F_W=(+0.0000,+0.0000,+0.0000) F_on_box=(-0.0000,-0.0000,-0.0000) n_face_out=(-0.0000,-0.0000,-0.0000) A_is_ee=0 box_q=(+1.00000,-0.00001,+0.00001,+0.00000) box_p=(+0.00000,+0.00000,+0.04999) ee_p=(+0.08001,-0.00056,+0.05249)
[ADMM-C3+] primal: 10.8328->4.9628  dual: 899.5837->20.9920  mono=False  iters=25/25  rho=50.0
[ADMM-C3+] WARNING non-converged: pr=4.9628 dr=20.9920 tol=1e-03
[C3+] step=462 |u[0]|=5.84N λ_n_max=0.759 η_n_max=1.879 primal=4.963 iters=25/25 lcp_res_max=9.32e-08
[ADMIT-GUARD] step=155 admit_active=0 latch=0/0 ee_z=0.051 gate_cap=0
[ALT-GATE] step=155 target_stable=0/0 allow_descent=1
[GS-tgt] step=155 ee=(+0.080,-0.001,+0.051) p_repos=(+0.080,+0.000,+0.030) ee_to_target=0.021m target_label=prev_repos target_changed=N delta=0.000m
[GS] step=155 mode=free switch=kStayInRepos best_k=0 best_src=prev_repos curr_cost=141700.25 repos_cost=150691.85 best_other=150691.85 met_progress=N steps_since_improve=153 switches=0
[STEP] step=155 mode=free t=1.550s ee=(+0.080,-0.001,+0.051) obj=(+0.000,+0.000,+0.050) goal_dist=0.300m switch=kStayInRepos target=(+0.080,+0.000,+0.050) ee_stride=0.001m ee_to_ptarget=0.021m landing_err=0.0000m ik_ok=Y ik_resid=0.0000m q_max_resid_deg=2.89 target_changed=Y retgt=N held_idx=1 held_cost=150691.85 won_cost=150691.85 margin=+0.00 won_src=prev_repos held_valid=Y reason=hold setpoint_to_ptarget=nanm finished_val=nanm finished_thresh=0.0200m pd_resid=nanm nextwp_to_ptarget=nanm guide_terminal_err=nanm
[GATE-EVOLVE] step=155 curr=141700.25 best_other=150691.85 ratio=0.9403 ee_to_optimal=0.0050m phi=0.0050m
[STAGE-A-TRACE] step=155 sim_t=1.550 mode=free phi=0.00501 box_xy=+0.00000,+0.00000 lam_n_ee_box=nan qy=+0.00001 qz=+0.00000 finished_repos=0
[DRAKE-CONTACT] step=155 n_pairs=1 ee_box_normal=0.000
[GATE-CONTACT] step=155 F_W=(+0.0000,+0.0000,+0.0000) F_on_box=(-0.0000,-0.0000,-0.0000) n_face_out=(-0.0000,-0.0000,-0.0000) A_is_ee=0 box_q=(+1.00000,-0.00001,+0.00001,+0.00000) box_p=(+0.00000,+0.00000,+0.04999) ee_p=(+0.08001,-0.00056,+0.05069)
[ADMM-C3+] primal: 10.8328->4.9628  dual: 899.5837->20.9920  mono=False  iters=25/25  rho=50.0
[ADMM-C3+] WARNING non-converged: pr=4.9628 dr=20.9920 tol=1e-03
[C3+] step=465 |u[0]|=5.84N λ_n_max=0.759 η_n_max=1.879 primal=4.963 iters=25/25 lcp_res_max=9.32e-08
[ADMIT-GUARD] step=156 admit_active=0 latch=0/0 ee_z=0.049 gate_cap=0
[ALT-GATE] step=156 target_stable=0/0 allow_descent=1
[GS-tgt] step=156 ee=(+0.080,-0.001,+0.049) p_repos=(+0.080,+0.000,+0.030) ee_to_target=0.019m target_label=prev_repos target_changed=N delta=0.000m
[GS] step=156 mode=free switch=kStayInRepos best_k=0 best_src=prev_repos curr_cost=141700.26 repos_cost=150691.49 best_other=150691.49 met_progress=N steps_since_improve=154 switches=0
[STEP] step=156 mode=free t=1.560s ee=(+0.080,-0.001,+0.049) obj=(+0.000,+0.000,+0.050) goal_dist=0.300m switch=kStayInRepos target=(+0.080,+0.000,+0.048) ee_stride=0.001m ee_to_ptarget=0.019m landing_err=0.0000m ik_ok=Y ik_resid=0.0009m q_max_resid_deg=2.54 target_changed=Y retgt=N held_idx=1 held_cost=150691.49 won_cost=150691.49 margin=+0.00 won_src=prev_repos held_valid=Y reason=hold setpoint_to_ptarget=nanm finished_val=nanm finished_thresh=0.0200m pd_resid=nanm nextwp_to_ptarget=nanm guide_terminal_err=nanm
[GATE-EVOLVE] step=156 curr=141700.26 best_other=150691.49 ratio=0.9403 ee_to_optimal=0.0050m phi=0.0050m
[STAGE-A-TRACE] step=156 sim_t=1.560 mode=free phi=0.00501 box_xy=+0.00000,+0.00000 lam_n_ee_box=nan qy=+0.00001 qz=+0.00000 finished_repos=0
[DRAKE-CONTACT] step=156 n_pairs=1 ee_box_normal=0.000
[GATE-CONTACT] step=156 F_W=(+0.0000,+0.0000,+0.0000) F_on_box=(-0.0000,-0.0000,-0.0000) n_face_out=(-0.0000,-0.0000,-0.0000) A_is_ee=0 box_q=(+1.00000,-0.00001,+0.00001,+0.00000) box_p=(+0.00000,+0.00000,+0.04999) ee_p=(+0.08001,-0.00057,+0.04889)
[ADMM-C3+] primal: 10.8328->4.9628  dual: 899.5837->20.9920  mono=False  iters=25/25  rho=50.0
[ADMM-C3+] WARNING non-converged: pr=4.9628 dr=20.9920 tol=1e-03
[C3+] step=468 |u[0]|=5.84N λ_n_max=0.759 η_n_max=1.879 primal=4.963 iters=25/25 lcp_res_max=9.32e-08
[ADMIT-GUARD] step=157 admit_active=0 latch=0/0 ee_z=0.047 gate_cap=0
[ALT-GATE] step=157 target_stable=0/0 allow_descent=1
[GS-tgt] step=157 ee=(+0.080,-0.001,+0.047) p_repos=(+0.080,+0.000,+0.030) ee_to_target=0.017m target_label=prev_repos target_changed=N delta=0.000m
[GS] step=157 mode=free switch=kStayInRepos best_k=0 best_src=prev_repos curr_cost=141700.39 repos_cost=150691.12 best_other=150691.12 met_progress=N steps_since_improve=155 switches=0
[STEP] step=157 mode=free t=1.570s ee=(+0.080,-0.001,+0.047) obj=(+0.000,+0.000,+0.050) goal_dist=0.300m switch=kStayInRepos target=(+0.080,+0.000,+0.046) ee_stride=0.001m ee_to_ptarget=0.017m landing_err=0.0000m ik_ok=Y ik_resid=0.0008m q_max_resid_deg=2.31 target_changed=Y retgt=N held_idx=1 held_cost=150691.12 won_cost=150691.12 margin=+0.00 won_src=prev_repos held_valid=Y reason=hold setpoint_to_ptarget=nanm finished_val=nanm finished_thresh=0.0200m pd_resid=nanm nextwp_to_ptarget=nanm guide_terminal_err=nanm
[GATE-EVOLVE] step=157 curr=141700.39 best_other=150691.12 ratio=0.9403 ee_to_optimal=0.0050m phi=0.0050m
[STAGE-A-TRACE] step=157 sim_t=1.570 mode=free phi=0.00501 box_xy=+0.00000,+0.00000 lam_n_ee_box=nan qy=+0.00001 qz=+0.00000 finished_repos=0
[DRAKE-CONTACT] step=157 n_pairs=1 ee_box_normal=0.000
[GATE-CONTACT] step=157 F_W=(+0.0000,+0.0000,+0.0000) F_on_box=(-0.0000,-0.0000,-0.0000) n_face_out=(-0.0000,-0.0000,-0.0000) A_is_ee=0 box_q=(+1.00000,-0.00001,+0.00001,+0.00000) box_p=(+0.00000,+0.00000,+0.04999) ee_p=(+0.08001,-0.00057,+0.04710)
[ADMM-C3+] primal: 10.8328->4.9628  dual: 899.5837->20.9920  mono=False  iters=25/25  rho=50.0
[ADMM-C3+] WARNING non-converged: pr=4.9628 dr=20.9920 tol=1e-03
[C3+] step=471 |u[0]|=5.85N λ_n_max=0.759 η_n_max=1.879 primal=4.963 iters=25/25 lcp_res_max=9.32e-08
[ADMIT-GUARD] step=158 admit_active=0 latch=0/0 ee_z=0.045 gate_cap=0
[ALT-GATE] step=158 target_stable=0/0 allow_descent=1
[GS-tgt] step=158 ee=(+0.080,-0.001,+0.045) p_repos=(+0.080,+0.000,+0.030) ee_to_target=0.015m target_label=prev_repos target_changed=N delta=0.000m
[GS] step=158 mode=free switch=kStayInRepos best_k=0 best_src=prev_repos curr_cost=141700.65 repos_cost=150690.76 best_other=150690.76 met_progress=N steps_since_improve=156 switches=0
[STEP] step=158 mode=free t=1.580s ee=(+0.080,-0.001,+0.045) obj=(+0.000,+0.000,+0.050) goal_dist=0.300m switch=kStayInRepos target=(+0.080,+0.000,+0.045) ee_stride=0.001m ee_to_ptarget=0.015m landing_err=0.0000m ik_ok=Y ik_resid=0.0007m q_max_resid_deg=2.07 target_changed=Y retgt=N held_idx=1 held_cost=150690.76 won_cost=150690.76 margin=+0.00 won_src=prev_repos held_valid=Y reason=hold setpoint_to_ptarget=nanm finished_val=nanm finished_thresh=0.0200m pd_resid=nanm nextwp_to_ptarget=nanm guide_terminal_err=nanm
[GATE-EVOLVE] step=158 curr=141700.65 best_other=150690.76 ratio=0.9403 ee_to_optimal=0.0050m phi=0.0050m
[STAGE-A-TRACE] step=158 sim_t=1.580 mode=free phi=0.00501 box_xy=+0.00000,+0.00000 lam_n_ee_box=nan qy=+0.00001 qz=+0.00000 finished_repos=0
[DRAKE-CONTACT] step=158 n_pairs=1 ee_box_normal=0.000
[GATE-CONTACT] step=158 F_W=(+0.0000,+0.0000,+0.0000) F_on_box=(-0.0000,-0.0000,-0.0000) n_face_out=(-0.0000,-0.0000,-0.0000) A_is_ee=0 box_q=(+1.00000,-0.00001,+0.00001,+0.00000) box_p=(+0.00000,+0.00000,+0.04999) ee_p=(+0.08001,-0.00057,+0.04530)
[ADMM-C3+] primal: 10.8328->4.9628  dual: 899.5837->20.9920  mono=False  iters=25/25  rho=50.0
[ADMM-C3+] WARNING non-converged: pr=4.9628 dr=20.9920 tol=1e-03
[C3+] step=474 |u[0]|=5.85N λ_n_max=0.759 η_n_max=1.879 primal=4.963 iters=25/25 lcp_res_max=9.32e-08
[ADMIT-GUARD] step=159 admit_active=0 latch=0/0 ee_z=0.044 gate_cap=0
[ALT-GATE] step=159 target_stable=0/0 allow_descent=1
[GS-tgt] step=159 ee=(+0.080,-0.001,+0.044) p_repos=(+0.080,+0.000,+0.030) ee_to_target=0.014m target_label=prev_repos target_changed=N delta=0.000m
[GS] step=159 mode=free switch=kStayInRepos best_k=0 best_src=prev_repos curr_cost=141701.02 repos_cost=150690.40 best_other=150690.40 met_progress=N steps_since_improve=157 switches=0
[STEP] step=159 mode=free t=1.590s ee=(+0.080,-0.001,+0.044) obj=(+0.000,+0.000,+0.050) goal_dist=0.300m switch=kStayInRepos target=(+0.080,+0.000,+0.043) ee_stride=0.001m ee_to_ptarget=0.014m landing_err=0.0000m ik_ok=Y ik_resid=0.0006m q_max_resid_deg=1.83 target_changed=Y retgt=N held_idx=1 held_cost=150690.40 won_cost=150690.40 margin=+0.00 won_src=prev_repos held_valid=Y reason=hold setpoint_to_ptarget=nanm finished_val=nanm finished_thresh=0.0200m pd_resid=nanm nextwp_to_ptarget=nanm guide_terminal_err=nanm
[GATE-EVOLVE] step=159 curr=141701.02 best_other=150690.40 ratio=0.9403 ee_to_optimal=0.0050m phi=0.0050m
[STAGE-A-TRACE] step=159 sim_t=1.590 mode=free phi=0.00501 box_xy=+0.00000,+0.00000 lam_n_ee_box=nan qy=+0.00001 qz=+0.00000 finished_repos=0
[DRAKE-CONTACT] step=159 n_pairs=1 ee_box_normal=0.000
[GATE-CONTACT] step=159 F_W=(+0.0000,+0.0000,+0.0000) F_on_box=(-0.0000,-0.0000,-0.0000) n_face_out=(-0.0000,-0.0000,-0.0000) A_is_ee=0 box_q=(+1.00000,-0.00001,+0.00001,+0.00000) box_p=(+0.00000,+0.00000,+0.04999) ee_p=(+0.08001,-0.00058,+0.04351)
[ADMM-C3+] primal: 10.8328->4.9628  dual: 899.5837->20.9920  mono=False  iters=25/25  rho=50.0
[ADMM-C3+] WARNING non-converged: pr=4.9628 dr=20.9920 tol=1e-03
[C3+] step=477 |u[0]|=5.86N λ_n_max=0.759 η_n_max=1.879 primal=4.963 iters=25/25 lcp_res_max=9.32e-08
[ADMIT-GUARD] step=160 admit_active=0 latch=0/0 ee_z=0.042 gate_cap=0
[ALT-GATE] step=160 target_stable=0/0 allow_descent=1
[GS-tgt] step=160 ee=(+0.080,-0.001,+0.042) p_repos=(+0.080,+0.000,+0.030) ee_to_target=0.012m target_label=prev_repos target_changed=N delta=0.000m
[IMP] step=160 mode=free |x_err|=0.0009m |tau_imp|=0.46Nm |tau_ff|=0.00Nm |tau_out|=0.46Nm sat=False lam_n=False lam_t=False
[GS] step=160 mode=free switch=kStayInRepos best_k=0 best_src=prev_repos curr_cost=141701.51 repos_cost=150690.04 best_other=150690.04 met_progress=N steps_since_improve=158 switches=0
[STEP] step=160 mode=free t=1.600s ee=(+0.080,-0.001,+0.042) obj=(+0.000,+0.000,+0.050) goal_dist=0.300m switch=kStayInRepos target=(+0.080,+0.000,+0.041) ee_stride=0.001m ee_to_ptarget=0.012m landing_err=0.0000m ik_ok=Y ik_resid=0.0005m q_max_resid_deg=1.60 target_changed=Y retgt=N held_idx=1 held_cost=150690.04 won_cost=150690.04 margin=+0.00 won_src=prev_repos held_valid=Y reason=hold setpoint_to_ptarget=nanm finished_val=nanm finished_thresh=0.0200m pd_resid=nanm nextwp_to_ptarget=nanm guide_terminal_err=nanm
[GATE-EVOLVE] step=160 curr=141701.51 best_other=150690.04 ratio=0.9404 ee_to_optimal=0.0050m phi=0.0050m
[STAGE-A-TRACE] step=160 sim_t=1.600 mode=free phi=0.00501 box_xy=+0.00000,+0.00000 lam_n_ee_box=nan qy=+0.00001 qz=+0.00000 finished_repos=0
[GS-table] step=160
  k=0 (current   ) pos=(+0.080,-0.001,+0.042) c_C3= 171701.51 align=1.0000(bonus=30000.00) rot=+0.0000(bonus=    0.00) travel=0.000m(pen=  0.00) c_sample= 141701.51 feas=Y ik_err=0.0000m  ← WIN
  k=1 (prev_repos) pos=(+0.080,+0.000,+0.030) c_C3= 180687.70 align=1.0000(bonus=30000.00) rot=+0.0000(bonus=    0.00) travel=0.012m(pen=  2.35) c_sample= 150690.04 feas=Y ik_err=0.0000m
  k=2 (strat_0   ) pos=(-0.004,+0.080,+0.030) c_C3= 181627.96 align=0.0000(bonus=    0.15) rot=+0.0000(bonus=    0.00) travel=0.117m(pen= 23.45) c_sample= 181651.27 feas=Y ik_err=0.0000m
[DRAKE-CONTACT] step=160 n_pairs=1 ee_box_normal=0.000
[GATE-CONTACT] step=160 F_W=(+0.0000,+0.0000,+0.0000) F_on_box=(-0.0000,-0.0000,-0.0000) n_face_out=(-0.0000,-0.0000,-0.0000) A_is_ee=0 box_q=(+1.00000,-0.00001,+0.00001,+0.00000) box_p=(+0.00000,+0.00000,+0.04999) ee_p=(+0.08001,-0.00058,+0.04171)
[ADMM-C3+] primal: 10.8328->4.9628  dual: 899.5837->20.9920  mono=False  iters=25/25  rho=50.0
[ADMM-C3+] WARNING non-converged: pr=4.9628 dr=20.9920 tol=1e-03
[C3+] step=480 |u[0]|=5.87N λ_n_max=0.759 η_n_max=1.879 primal=4.963 iters=25/25 lcp_res_max=9.32e-08
[ADMIT-GUARD] step=161 admit_active=0 latch=0/0 ee_z=0.040 gate_cap=0
[ALT-GATE] step=161 target_stable=0/0 allow_descent=1
[GS-tgt] step=161 ee=(+0.080,-0.001,+0.040) p_repos=(+0.080,+0.000,+0.030) ee_to_target=0.010m target_label=prev_repos target_changed=N delta=0.000m
[GS] step=161 mode=free switch=kStayInRepos best_k=0 best_src=prev_repos curr_cost=141702.12 repos_cost=150689.68 best_other=150689.68 met_progress=N steps_since_improve=159 switches=0
[STEP] step=161 mode=free t=1.610s ee=(+0.080,-0.001,+0.040) obj=(+0.000,+0.000,+0.050) goal_dist=0.300m switch=kStayInRepos target=(+0.080,+0.000,+0.039) ee_stride=0.001m ee_to_ptarget=0.010m landing_err=0.0000m ik_ok=Y ik_resid=0.0004m q_max_resid_deg=1.36 target_changed=Y retgt=N held_idx=1 held_cost=150689.68 won_cost=150689.68 margin=+0.00 won_src=prev_repos held_valid=Y reason=hold setpoint_to_ptarget=nanm finished_val=nanm finished_thresh=0.0200m pd_resid=nanm nextwp_to_ptarget=nanm guide_terminal_err=nanm
[GATE-EVOLVE] step=161 curr=141702.12 best_other=150689.68 ratio=0.9404 ee_to_optimal=0.0050m phi=0.0050m
[STAGE-A-TRACE] step=161 sim_t=1.610 mode=free phi=0.00501 box_xy=+0.00000,+0.00000 lam_n_ee_box=nan qy=+0.00001 qz=+0.00000 finished_repos=0
[DRAKE-CONTACT] step=161 n_pairs=1 ee_box_normal=0.000
[GATE-CONTACT] step=161 F_W=(+0.0000,+0.0000,+0.0000) F_on_box=(-0.0000,-0.0000,-0.0000) n_face_out=(-0.0000,-0.0000,-0.0000) A_is_ee=0 box_q=(+1.00000,-0.00001,+0.00001,+0.00000) box_p=(+0.00000,+0.00000,+0.04999) ee_p=(+0.08001,-0.00058,+0.03992)
[ADMM-C3+] primal: 10.8328->4.9628  dual: 899.5837->20.9920  mono=False  iters=25/25  rho=50.0
[ADMM-C3+] WARNING non-converged: pr=4.9628 dr=20.9920 tol=1e-03
[C3+] step=483 |u[0]|=5.89N λ_n_max=0.759 η_n_max=1.879 primal=4.963 iters=25/25 lcp_res_max=9.32e-08
[ADMIT-GUARD] step=162 admit_active=0 latch=0/0 ee_z=0.038 gate_cap=0
[ALT-GATE] step=162 target_stable=0/0 allow_descent=1
[GS-tgt] step=162 ee=(+0.080,-0.001,+0.038) p_repos=(+0.080,+0.000,+0.030) ee_to_target=0.008m target_label=prev_repos target_changed=N delta=0.000m
[GS] step=162 mode=free switch=kStayInRepos best_k=0 best_src=prev_repos curr_cost=141702.84 repos_cost=150689.32 best_other=150689.32 met_progress=N steps_since_improve=160 switches=0
[STEP] step=162 mode=free t=1.620s ee=(+0.080,-0.001,+0.038) obj=(+0.000,+0.000,+0.050) goal_dist=0.300m switch=kStayInRepos target=(+0.080,+0.000,+0.037) ee_stride=0.001m ee_to_ptarget=0.008m landing_err=0.0000m ik_ok=Y ik_resid=0.0003m q_max_resid_deg=1.12 target_changed=Y retgt=N held_idx=1 held_cost=150689.32 won_cost=150689.32 margin=+0.00 won_src=prev_repos held_valid=Y reason=hold setpoint_to_ptarget=nanm finished_val=nanm finished_thresh=0.0200m pd_resid=nanm nextwp_to_ptarget=nanm guide_terminal_err=nanm
[GATE-EVOLVE] step=162 curr=141702.84 best_other=150689.32 ratio=0.9404 ee_to_optimal=0.0050m phi=0.0050m
[STAGE-A-TRACE] step=162 sim_t=1.620 mode=free phi=0.00501 box_xy=+0.00000,+0.00000 lam_n_ee_box=nan qy=+0.00001 qz=+0.00000 finished_repos=0
[DRAKE-CONTACT] step=162 n_pairs=1 ee_box_normal=0.000
[GATE-CONTACT] step=162 F_W=(+0.0000,+0.0000,+0.0000) F_on_box=(-0.0000,-0.0000,-0.0000) n_face_out=(-0.0000,-0.0000,-0.0000) A_is_ee=0 box_q=(+1.00000,-0.00001,+0.00001,+0.00000) box_p=(+0.00000,+0.00000,+0.04999) ee_p=(+0.08001,-0.00059,+0.03812)
[ADMM-C3+] primal: 10.8328->4.9628  dual: 899.5837->20.9920  mono=False  iters=25/25  rho=50.0
[ADMM-C3+] WARNING non-converged: pr=4.9628 dr=20.9920 tol=1e-03
[C3+] step=486 |u[0]|=5.91N λ_n_max=0.759 η_n_max=1.879 primal=4.963 iters=25/25 lcp_res_max=9.32e-08
[ADMIT-GUARD] step=163 admit_active=0 latch=0/0 ee_z=0.036 gate_cap=0
[ALT-GATE] step=163 target_stable=0/0 allow_descent=1
[GS-tgt] step=163 ee=(+0.080,-0.001,+0.036) p_repos=(+0.080,+0.000,+0.030) ee_to_target=0.006m target_label=prev_repos target_changed=N delta=0.000m
[GS] step=163 mode=free switch=kStayInRepos best_k=0 best_src=prev_repos curr_cost=141703.69 repos_cost=150688.96 best_other=150688.96 met_progress=N steps_since_improve=161 switches=0
[STEP] step=163 mode=free t=1.630s ee=(+0.080,-0.001,+0.036) obj=(+0.000,+0.000,+0.050) goal_dist=0.300m switch=kStayInRepos target=(+0.080,+0.000,+0.036) ee_stride=0.001m ee_to_ptarget=0.006m landing_err=0.0000m ik_ok=Y ik_resid=0.0003m q_max_resid_deg=0.89 target_changed=Y retgt=N held_idx=1 held_cost=150688.96 won_cost=150688.96 margin=+0.00 won_src=prev_repos held_valid=Y reason=hold setpoint_to_ptarget=nanm finished_val=nanm finished_thresh=0.0200m pd_resid=nanm nextwp_to_ptarget=nanm guide_terminal_err=nanm
[GATE-EVOLVE] step=163 curr=141703.69 best_other=150688.96 ratio=0.9404 ee_to_optimal=0.0050m phi=0.0050m
[STAGE-A-TRACE] step=163 sim_t=1.630 mode=free phi=0.00501 box_xy=+0.00000,+0.00000 lam_n_ee_box=nan qy=+0.00001 qz=+0.00000 finished_repos=0
[DRAKE-CONTACT] step=163 n_pairs=1 ee_box_normal=0.000
[GATE-CONTACT] step=163 F_W=(+0.0000,+0.0000,+0.0000) F_on_box=(-0.0000,-0.0000,-0.0000) n_face_out=(-0.0000,-0.0000,-0.0000) A_is_ee=0 box_q=(+1.00000,-0.00001,+0.00001,+0.00000) box_p=(+0.00000,+0.00000,+0.04999) ee_p=(+0.08001,-0.00059,+0.03633)
[ADMM-C3+] primal: 10.8328->4.9628  dual: 899.5837->20.9920  mono=False  iters=25/25  rho=50.0
[ADMM-C3+] WARNING non-converged: pr=4.9628 dr=20.9920 tol=1e-03
[C3+] step=489 |u[0]|=5.92N λ_n_max=0.759 η_n_max=1.879 primal=4.963 iters=25/25 lcp_res_max=9.32e-08
[ADMIT-GUARD] step=164 admit_active=0 latch=0/0 ee_z=0.035 gate_cap=0
[ALT-GATE] step=164 target_stable=0/0 allow_descent=1
[GS-tgt] step=164 ee=(+0.080,-0.001,+0.035) p_repos=(+0.080,+0.000,+0.030) ee_to_target=0.005m target_label=prev_repos target_changed=N delta=0.000m
[GS] step=164 mode=free switch=kStayInRepos best_k=0 best_src=prev_repos curr_cost=141704.66 repos_cost=150688.60 best_other=150688.60 met_progress=N steps_since_improve=162 switches=0
[STEP] step=164 mode=free t=1.640s ee=(+0.080,-0.001,+0.035) obj=(+0.000,+0.000,+0.050) goal_dist=0.300m switch=kStayInRepos target=(+0.080,+0.000,+0.034) ee_stride=0.001m ee_to_ptarget=0.005m landing_err=0.0000m ik_ok=Y ik_resid=0.0002m q_max_resid_deg=0.65 target_changed=Y retgt=N held_idx=1 held_cost=150688.60 won_cost=150688.60 margin=+0.00 won_src=prev_repos held_valid=Y reason=hold setpoint_to_ptarget=nanm finished_val=nanm finished_thresh=0.0200m pd_resid=nanm nextwp_to_ptarget=nanm guide_terminal_err=nanm
[GATE-EVOLVE] step=164 curr=141704.66 best_other=150688.60 ratio=0.9404 ee_to_optimal=0.0050m phi=0.0050m
[STAGE-A-TRACE] step=164 sim_t=1.640 mode=free phi=0.00501 box_xy=+0.00000,+0.00000 lam_n_ee_box=nan qy=+0.00001 qz=+0.00000 finished_repos=0
[DRAKE-CONTACT] step=164 n_pairs=1 ee_box_normal=0.000
[GATE-CONTACT] step=164 F_W=(+0.0000,+0.0000,+0.0000) F_on_box=(-0.0000,-0.0000,-0.0000) n_face_out=(-0.0000,-0.0000,-0.0000) A_is_ee=0 box_q=(+1.00000,-0.00001,+0.00001,+0.00000) box_p=(+0.00000,+0.00000,+0.04999) ee_p=(+0.08001,-0.00059,+0.03453)
[PERSIST] step=165 refresh n_strategy=1 samples=[(-0.0316, 0.08, 0.03)]
[ADMM-C3+] primal: 10.8328->4.9628  dual: 899.5837->20.9920  mono=False  iters=25/25  rho=50.0
[ADMM-C3+] WARNING non-converged: pr=4.9628 dr=20.9920 tol=1e-03
[C3+] step=492 |u[0]|=5.94N λ_n_max=0.759 η_n_max=1.879 primal=4.963 iters=25/25 lcp_res_max=9.32e-08
[ADMIT-GUARD] step=165 admit_active=0 latch=0/0 ee_z=0.033 gate_cap=0
[ALT-GATE] step=165 target_stable=0/0 allow_descent=1
[GS-tgt] step=165 ee=(+0.080,-0.001,+0.033) p_repos=(-0.032,+0.080,+0.030) ee_to_target=0.138m target_label=strat_0 target_changed=Y delta=0.137m
[STAGE-A-PWL] step=165 sim_t=1.650 build p_start=(+0.0800,-0.0006,+0.0327) p_target=(-0.0316,+0.0800,+0.0300) K=4 t_end=3.733
[GS] step=165 mode=free switch=kStayInRepos best_k=0 best_src=strat_0 curr_cost=141705.74 repos_cost=182007.05 best_other=182007.05 met_progress=N steps_since_improve=163 switches=0
[STEP] step=165 mode=free t=1.650s ee=(+0.080,-0.001,+0.033) obj=(+0.000,+0.000,+0.050) goal_dist=0.300m switch=kStayInRepos target=(+0.080,-0.001,+0.033) ee_stride=0.000m ee_to_ptarget=0.138m landing_err=0.1378m ik_ok=Y ik_resid=0.0001m q_max_resid_deg=0.52 target_changed=Y retgt=Y held_idx=1 held_cost=1000150688.25 won_cost=182007.05 margin=+999968681.20 won_src=strat_0 held_valid=Y reason=held_cost_rose setpoint_to_ptarget=nanm finished_val=nanm finished_thresh=0.0200m pd_resid=nanm nextwp_to_ptarget=nanm guide_terminal_err=nanm
[GATE-EVOLVE] step=165 curr=141705.74 best_other=182007.05 ratio=0.7786 ee_to_optimal=0.0050m phi=0.0050m
[STAGE-A-TRACE] step=165 sim_t=1.650 mode=free phi=0.00501 box_xy=+0.00000,+0.00000 lam_n_ee_box=nan qy=+0.00001 qz=+0.00000 finished_repos=0
[DRAKE-CONTACT] step=165 n_pairs=1 ee_box_normal=0.000
[GATE-CONTACT] step=165 F_W=(+0.0000,+0.0000,+0.0000) F_on_box=(-0.0000,-0.0000,-0.0000) n_face_out=(-0.0000,-0.0000,-0.0000) A_is_ee=0 box_q=(+1.00000,-0.00001,+0.00001,+0.00000) box_p=(+0.00000,+0.00000,+0.04999) ee_p=(+0.08001,-0.00060,+0.03274)
[PERSIST] step=166 refresh n_strategy=1 samples=[(-0.0497, -0.08, 0.03)]
[ADMM-C3+] primal: 10.8328->4.9628  dual: 899.5837->20.9920  mono=False  iters=25/25  rho=50.0
[ADMM-C3+] WARNING non-converged: pr=4.9628 dr=20.9920 tol=1e-03
[C3+] step=495 |u[0]|=5.96N λ_n_max=0.759 η_n_max=1.879 primal=4.963 iters=25/25 lcp_res_max=9.32e-08
[ADMIT-GUARD] step=166 admit_active=0 latch=0/0 ee_z=0.032 gate_cap=0
[ALT-GATE] step=166 target_stable=0/0 allow_descent=1
[GS-tgt] step=166 ee=(+0.080,-0.001,+0.032) p_repos=(-0.050,-0.080,+0.030) ee_to_target=0.152m target_label=strat_0 target_changed=Y delta=0.161m
[STAGE-A-PWL] step=166 sim_t=1.660 build p_start=(+0.0800,-0.0005,+0.0316) p_target=(-0.0497,-0.0800,+0.0300) K=4 t_end=3.829
[GS] step=166 mode=free switch=kStayInRepos best_k=0 best_src=strat_0 curr_cost=141706.41 repos_cost=182272.12 best_other=182272.12 met_progress=N steps_since_improve=164 switches=0
[STEP] step=166 mode=free t=1.660s ee=(+0.080,-0.001,+0.032) obj=(+0.000,+0.000,+0.050) goal_dist=0.300m switch=kStayInRepos target=(+0.080,-0.001,+0.032) ee_stride=0.000m ee_to_ptarget=0.152m landing_err=0.1522m ik_ok=Y ik_resid=0.0001m q_max_resid_deg=0.52 target_changed=Y retgt=Y held_idx=1 held_cost=1000182006.40 won_cost=182272.12 margin=+999999734.29 won_src=strat_0 held_valid=Y reason=new_sample_better setpoint_to_ptarget=nanm finished_val=nanm finished_thresh=0.0200m pd_resid=nanm nextwp_to_ptarget=nanm guide_terminal_err=nanm
[GATE-EVOLVE] step=166 curr=141706.41 best_other=182272.12 ratio=0.7774 ee_to_optimal=0.0050m phi=0.0050m
[STAGE-A-TRACE] step=166 sim_t=1.660 mode=free phi=0.00498 box_xy=+0.00000,+0.00000 lam_n_ee_box=nan qy=+0.00001 qz=+0.00000 finished_repos=0
[DRAKE-CONTACT] step=166 n_pairs=1 ee_box_normal=0.000
[GATE-CONTACT] step=166 F_W=(+0.0000,+0.0000,+0.0000) F_on_box=(-0.0000,-0.0000,-0.0000) n_face_out=(-0.0000,-0.0000,-0.0000) A_is_ee=0 box_q=(+1.00000,-0.00001,+0.00001,+0.00000) box_p=(+0.00000,+0.00000,+0.04999) ee_p=(+0.07998,-0.00053,+0.03165)
[PERSIST] step=167 refresh n_strategy=1 samples=[(-0.08, 0.0466, 0.03)]
[ADMM-C3+] primal: 10.8328->4.9628  dual: 899.5837->20.9920  mono=False  iters=25/25  rho=50.0
[ADMM-C3+] WARNING non-converged: pr=4.9628 dr=20.9920 tol=1e-03
[C3+] step=498 |u[0]|=5.96N λ_n_max=0.759 η_n_max=1.879 primal=4.963 iters=25/25 lcp_res_max=9.32e-08
[ADMIT-GUARD] step=167 admit_active=0 latch=0/0 ee_z=0.032 gate_cap=0
[ALT-GATE] step=167 target_stable=0/0 allow_descent=1
[GS-tgt] step=167 ee=(+0.080,-0.000,+0.032) p_repos=(-0.080,+0.047,+0.030) ee_to_target=0.167m target_label=strat_0 target_changed=Y delta=0.130m
[STAGE-A-PWL] step=167 sim_t=1.670 build p_start=(+0.0799,-0.0004,+0.0316) p_target=(-0.0800,+0.0466,+0.0300) K=4 t_end=3.921
[GS] step=167 mode=free switch=kStayInRepos best_k=0 best_src=strat_0 curr_cost=141706.35 repos_cost=182617.30 best_other=182617.30 met_progress=N steps_since_improve=165 switches=0
[STEP] step=167 mode=free t=1.670s ee=(+0.080,-0.000,+0.032) obj=(+0.000,+0.000,+0.050) goal_dist=0.300m switch=kStayInRepos target=(+0.080,-0.000,+0.032) ee_stride=0.000m ee_to_ptarget=0.167m landing_err=0.1668m ik_ok=Y ik_resid=0.0001m q_max_resid_deg=0.52 target_changed=N retgt=Y held_idx=1 held_cost=1000182271.11 won_cost=182617.30 margin=+999999653.81 won_src=strat_0 held_valid=Y reason=new_sample_better setpoint_to_ptarget=nanm finished_val=nanm finished_thresh=0.0200m pd_resid=nanm nextwp_to_ptarget=nanm guide_terminal_err=nanm
[GATE-EVOLVE] step=167 curr=141706.35 best_other=182617.30 ratio=0.7760 ee_to_optimal=0.0050m phi=0.0049m
[STAGE-A-TRACE] step=167 sim_t=1.670 mode=free phi=0.00494 box_xy=+0.00000,+0.00000 lam_n_ee_box=nan qy=+0.00001 qz=+0.00000 finished_repos=0
[DRAKE-CONTACT] step=167 n_pairs=1 ee_box_normal=0.000
[GATE-CONTACT] step=167 F_W=(+0.0000,+0.0000,+0.0000) F_on_box=(-0.0000,-0.0000,-0.0000) n_face_out=(-0.0000,-0.0000,-0.0000) A_is_ee=0 box_q=(+1.00000,-0.00001,+0.00001,+0.00000) box_p=(+0.00000,+0.00000,+0.04999) ee_p=(+0.07994,-0.00040,+0.03162)
[PERSIST] step=168 refresh n_strategy=1 samples=[(0.023, -0.08, 0.03)]
[ADMM-C3+] primal: 10.8328->4.9628  dual: 899.5837->20.9920  mono=False  iters=25/25  rho=50.0
[ADMM-C3+] WARNING non-converged: pr=4.9628 dr=20.9920 tol=1e-03
[C3+] step=501 |u[0]|=5.95N λ_n_max=0.759 η_n_max=1.879 primal=4.963 iters=25/25 lcp_res_max=9.32e-08
[ADMIT-GUARD] step=168 admit_active=0 latch=0/0 ee_z=0.032 gate_cap=0
[ALT-GATE] step=168 target_stable=0/0 allow_descent=1
[GS-tgt] step=168 ee=(+0.080,-0.000,+0.032) p_repos=(+0.023,-0.080,+0.030) ee_to_target=0.098m target_label=strat_0 target_changed=Y delta=0.163m
[STAGE-A-PWL] step=168 sim_t=1.680 build p_start=(+0.0799,-0.0003,+0.0323) p_target=(+0.0230,-0.0800,+0.0300) K=4 t_end=3.545
[GS] step=168 mode=free switch=kStayInRepos best_k=0 best_src=strat_0 curr_cost=141705.87 repos_cost=181344.20 best_other=181344.20 met_progress=N steps_since_improve=166 switches=0
[STEP] step=168 mode=free t=1.680s ee=(+0.080,-0.000,+0.032) obj=(+0.000,+0.000,+0.050) goal_dist=0.300m switch=kStayInRepos target=(+0.080,-0.000,+0.032) ee_stride=0.000m ee_to_ptarget=0.098m landing_err=0.0982m ik_ok=Y ik_resid=0.0001m q_max_resid_deg=0.52 target_changed=N retgt=Y held_idx=1 held_cost=1000182616.61 won_cost=181344.20 margin=+1000001272.41 won_src=strat_0 held_valid=Y reason=new_sample_better setpoint_to_ptarget=nanm finished_val=nanm finished_thresh=0.0200m pd_resid=nanm nextwp_to_ptarget=nanm guide_terminal_err=nanm
[GATE-EVOLVE] step=168 curr=141705.87 best_other=181344.20 ratio=0.7814 ee_to_optimal=0.0049m phi=0.0049m
[STAGE-A-TRACE] step=168 sim_t=1.680 mode=free phi=0.00491 box_xy=+0.00000,+0.00000 lam_n_ee_box=nan qy=+0.00001 qz=+0.00000 finished_repos=0
[DRAKE-CONTACT] step=168 n_pairs=1 ee_box_normal=0.000
[GATE-CONTACT] step=168 F_W=(+0.0000,+0.0000,+0.0000) F_on_box=(-0.0000,-0.0000,-0.0000) n_face_out=(-0.0000,-0.0000,-0.0000) A_is_ee=0 box_q=(+1.00000,-0.00001,+0.00001,+0.00000) box_p=(+0.00000,+0.00000,+0.04999) ee_p=(+0.07991,-0.00027,+0.03227)
[PERSIST] step=169 refresh n_strategy=1 samples=[(0.0363, -0.08, 0.03)]
[ADMM-C3+] primal: 10.8328->4.9628  dual: 899.5837->20.9920  mono=False  iters=25/25  rho=50.0
[ADMM-C3+] WARNING non-converged: pr=4.9628 dr=20.9920 tol=1e-03
[C3+] step=504 |u[0]|=5.93N λ_n_max=0.759 η_n_max=1.879 primal=4.963 iters=25/25 lcp_res_max=9.32e-08
[ADMIT-GUARD] step=169 admit_active=0 latch=0/0 ee_z=0.033 gate_cap=0
[ALT-GATE] step=169 target_stable=0/0 allow_descent=1
[GS-tgt] step=169 ee=(+0.080,-0.000,+0.033) p_repos=(+0.036,-0.080,+0.030) ee_to_target=0.091m target_label=strat_0 target_changed=Y delta=0.013m
[STAGE-A-PWL] step=169 sim_t=1.690 build p_start=(+0.0799,-0.0002,+0.0334) p_target=(+0.0363,-0.0800,+0.0300) K=4 t_end=3.510
[GS] step=169 mode=free switch=kStayInRepos best_k=0 best_src=strat_0 curr_cost=141705.15 repos_cost=181213.88 best_other=181213.88 met_progress=N steps_since_improve=167 switches=0
[STEP] step=169 mode=free t=1.690s ee=(+0.080,-0.000,+0.033) obj=(+0.000,+0.000,+0.050) goal_dist=0.300m switch=kStayInRepos target=(+0.080,-0.000,+0.033) ee_stride=0.000m ee_to_ptarget=0.091m landing_err=0.0912m ik_ok=Y ik_resid=0.0001m q_max_resid_deg=0.52 target_changed=Y retgt=Y held_idx=1 held_cost=1000181343.98 won_cost=181213.88 margin=+1000000130.09 won_src=strat_0 held_valid=Y reason=new_sample_better setpoint_to_ptarget=nanm finished_val=nanm finished_thresh=0.0200m pd_resid=nanm nextwp_to_ptarget=nanm guide_terminal_err=nanm
[GATE-EVOLVE] step=169 curr=141705.15 best_other=181213.88 ratio=0.7820 ee_to_optimal=0.0049m phi=0.0049m
[STAGE-A-TRACE] step=169 sim_t=1.690 mode=free phi=0.00489 box_xy=+0.00000,+0.00000 lam_n_ee_box=nan qy=+0.00001 qz=+0.00000 finished_repos=0
[DRAKE-CONTACT] step=169 n_pairs=1 ee_box_normal=0.000
[GATE-CONTACT] step=169 F_W=(+0.0000,+0.0000,+0.0000) F_on_box=(-0.0000,-0.0000,-0.0000) n_face_out=(-0.0000,-0.0000,-0.0000) A_is_ee=0 box_q=(+1.00000,-0.00001,+0.00001,+0.00000) box_p=(+0.00000,+0.00000,+0.04999) ee_p=(+0.07990,-0.00017,+0.03336)
[PERSIST] step=170 refresh n_strategy=1 samples=[(0.08, 0.0, 0.03)]
[ADMM-C3+] primal: 10.8328->4.9628  dual: 899.5837->20.9920  mono=False  iters=25/25  rho=50.0
[ADMM-C3+] WARNING non-converged: pr=4.9628 dr=20.9920 tol=1e-03
[C3+] step=507 |u[0]|=5.92N λ_n_max=0.759 η_n_max=1.879 primal=4.963 iters=25/25 lcp_res_max=9.32e-08
[ADMIT-GUARD] step=170 admit_active=0 latch=0/0 ee_z=0.035 gate_cap=0
[ALT-GATE] step=170 target_stable=0/0 allow_descent=1
[GS-tgt] step=170 ee=(+0.080,-0.000,+0.035) p_repos=(+0.080,+0.000,+0.030) ee_to_target=0.005m target_label=strat_0 target_changed=Y delta=0.091m
[STAGE-A-PWL] step=170 sim_t=1.700 build p_start=(+0.0799,-0.0001,+0.0347) p_target=(+0.0800,+0.0000,+0.0300) K=2 t_end=1.726
[IMP] step=170 mode=free |x_err|=0.0000m |tau_imp|=54.09Nm |tau_ff|=0.00Nm |tau_out|=54.09Nm sat=False lam_n=False lam_t=False
[GS] step=170 mode=free switch=kToBetterRepos best_k=0 best_src=strat_0 curr_cost=141704.33 repos_cost=150687.28 best_other=150687.28 met_progress=N steps_since_improve=168 switches=0
[STEP] step=170 mode=free t=1.700s ee=(+0.080,-0.000,+0.035) obj=(+0.000,+0.000,+0.050) goal_dist=0.300m switch=kToBetterRepos target=(+0.080,-0.000,+0.035) ee_stride=0.000m ee_to_ptarget=0.005m landing_err=0.0007m ik_ok=Y ik_resid=0.0001m q_max_resid_deg=0.53 target_changed=Y retgt=Y held_idx=1 held_cost=1000181213.78 won_cost=150687.28 margin=+1000030526.50 won_src=strat_0 held_valid=Y reason=new_sample_better setpoint_to_ptarget=nanm finished_val=nanm finished_thresh=0.0200m pd_resid=nanm nextwp_to_ptarget=nanm guide_terminal_err=nanm
[GATE-EVOLVE] step=170 curr=141704.33 best_other=150687.28 ratio=0.9404 ee_to_optimal=0.0049m phi=0.0049m
[STAGE-A-TRACE] step=170 sim_t=1.700 mode=free phi=0.00489 box_xy=+0.00000,+0.00000 lam_n_ee_box=nan qy=+0.00001 qz=+0.00000 finished_repos=0
[DRAKE-CONTACT] step=170 n_pairs=1 ee_box_normal=0.000
[GATE-CONTACT] step=170 F_W=(+0.0000,+0.0000,+0.0000) F_on_box=(-0.0000,-0.0000,-0.0000) n_face_out=(-0.0000,-0.0000,-0.0000) A_is_ee=0 box_q=(+1.00000,-0.00001,+0.00001,+0.00000) box_p=(+0.00000,+0.00000,+0.04999) ee_p=(+0.07989,-0.00009,+0.03473)
[PERSIST] step=171 refresh n_strategy=1 samples=[(0.08, 0.0, 0.03)]
[ADMM-C3+] primal: 10.8328->4.9628  dual: 899.5837->20.9920  mono=False  iters=25/25  rho=50.0
[ADMM-C3+] WARNING non-converged: pr=4.9628 dr=20.9920 tol=1e-03
[C3+] step=510 |u[0]|=5.91N λ_n_max=0.759 η_n_max=1.879 primal=4.963 iters=25/25 lcp_res_max=9.32e-08
[ADMIT-GUARD] step=171 admit_active=0 latch=0/0 ee_z=0.036 gate_cap=0
[ALT-GATE] step=171 target_stable=0/0 allow_descent=1
[GS-tgt] step=171 ee=(+0.080,-0.000,+0.036) p_repos=(+0.080,+0.000,+0.030) ee_to_target=0.006m target_label=strat_0 target_changed=N delta=0.000m
[GS] step=171 mode=free switch=kStayInRepos best_k=0 best_src=strat_0 curr_cost=141703.89 repos_cost=150687.48 best_other=150687.48 met_progress=N steps_since_improve=169 switches=0
[STEP] step=171 mode=free t=1.710s ee=(+0.080,-0.000,+0.036) obj=(+0.000,+0.000,+0.050) goal_dist=0.300m switch=kStayInRepos target=(+0.080,-0.000,+0.033) ee_stride=0.003m ee_to_ptarget=0.006m landing_err=0.0000m ik_ok=Y ik_resid=0.0002m q_max_resid_deg=0.73 target_changed=Y retgt=Y held_idx=1 held_cost=1000150687.48 won_cost=150687.48 margin=+1000000000.00 won_src=strat_0 held_valid=Y reason=new_sample_better setpoint_to_ptarget=nanm finished_val=nanm finished_thresh=0.0200m pd_resid=nanm nextwp_to_ptarget=nanm guide_terminal_err=nanm
[GATE-EVOLVE] step=171 curr=141703.89 best_other=150687.48 ratio=0.9404 ee_to_optimal=0.0049m phi=0.0049m
[STAGE-A-TRACE] step=171 sim_t=1.710 mode=free phi=0.00489 box_xy=+0.00000,+0.00000 lam_n_ee_box=nan qy=+0.00001 qz=+0.00000 finished_repos=0
[DRAKE-CONTACT] step=171 n_pairs=1 ee_box_normal=0.000
[GATE-CONTACT] step=171 F_W=(+0.0000,+0.0000,+0.0000) F_on_box=(-0.0000,-0.0000,-0.0000) n_face_out=(-0.0000,-0.0000,-0.0000) A_is_ee=0 box_q=(+1.00000,-0.00001,+0.00001,+0.00000) box_p=(+0.00000,+0.00000,+0.04999) ee_p=(+0.07989,-0.00010,+0.03554)
[ADMM-C3+] primal: 10.8328->4.9628  dual: 899.5837->20.9920  mono=False  iters=25/25  rho=50.0
[ADMM-C3+] WARNING non-converged: pr=4.9628 dr=20.9920 tol=1e-03
[C3+] step=513 |u[0]|=5.91N λ_n_max=0.759 η_n_max=1.879 primal=4.963 iters=25/25 lcp_res_max=9.32e-08
[ADMIT-GUARD] step=172 admit_active=0 latch=0/0 ee_z=0.035 gate_cap=0
[ALT-GATE] step=172 target_stable=0/0 allow_descent=1
[GS-tgt] step=172 ee=(+0.080,-0.000,+0.035) p_repos=(+0.080,+0.000,+0.030) ee_to_target=0.005m target_label=prev_repos target_changed=N delta=0.000m
[GS] step=172 mode=free switch=kStayInRepos best_k=0 best_src=prev_repos curr_cost=141704.02 repos_cost=150687.66 best_other=150687.66 met_progress=N steps_since_improve=170 switches=0
[STEP] step=172 mode=free t=1.720s ee=(+0.080,-0.000,+0.035) obj=(+0.000,+0.000,+0.050) goal_dist=0.300m switch=kStayInRepos target=(+0.080,-0.000,+0.031) ee_stride=0.004m ee_to_ptarget=0.005m landing_err=0.0000m ik_ok=Y ik_resid=0.0002m q_max_resid_deg=0.72 target_changed=Y retgt=N held_idx=1 held_cost=150687.66 won_cost=150687.66 margin=+0.00 won_src=prev_repos held_valid=Y reason=hold setpoint_to_ptarget=nanm finished_val=nanm finished_thresh=0.0200m pd_resid=nanm nextwp_to_ptarget=nanm guide_terminal_err=nanm
[GATE-EVOLVE] step=172 curr=141704.02 best_other=150687.66 ratio=0.9404 ee_to_optimal=0.0049m phi=0.0049m
[STAGE-A-TRACE] step=172 sim_t=1.720 mode=free phi=0.00491 box_xy=+0.00000,+0.00000 lam_n_ee_box=nan qy=+0.00001 qz=+0.00000 finished_repos=0
[DRAKE-CONTACT] step=172 n_pairs=1 ee_box_normal=0.000
[GATE-CONTACT] step=172 F_W=(+0.0000,+0.0000,+0.0000) F_on_box=(-0.0000,-0.0000,-0.0000) n_face_out=(-0.0000,-0.0000,-0.0000) A_is_ee=0 box_q=(+1.00000,-0.00001,+0.00001,+0.00000) box_p=(+0.00000,+0.00000,+0.04999) ee_p=(+0.07991,-0.00019,+0.03536)
[ADMM-C3+] primal: 10.8328->4.9628  dual: 899.5837->20.9920  mono=False  iters=25/25  rho=50.0
[ADMM-C3+] WARNING non-converged: pr=4.9628 dr=20.9920 tol=1e-03
[C3+] step=516 |u[0]|=5.92N λ_n_max=0.759 η_n_max=1.879 primal=4.963 iters=25/25 lcp_res_max=9.32e-08
[IK-LANDING] step=173
  --- Target ---
  p_repos                        = [+0.0800, +0.0000, +0.0300]
  p_box                          = [+0.0000, +0.0000, +0.0500]
  g_hat                          = [-1.0000, -0.0000]
  conceptual contact pt on box   = [+0.0500, +0.0000, +0.0500]
  --- Actual EE landing ---
  p_ee_actual                    = [+0.0799, -0.0003, +0.0345]
  --- Errors ---
  ||p_ee_actual - p_repos||      =    4.49 mm  ← IK convergence error
  ||p_ee_actual - face_contact|| =   33.72 mm  ← Total reach error to box face
  φ (Drake signed distance)      =    4.94 mm
  φ < 20 mm threshold?           = Y
[BODY-VS-CONTACT] step=173
  IK target body position (world):       [+0.0799, -0.0003, +0.0345]
  Pusher contact point (witness, world): [+0.0549, -0.0003, +0.0345]
  Offset (contact - body) in world:      [-0.0250, +0.0000, +0.0000]
  Offset projected onto g_hat:             25.00 mm

=== [LCS-FILTER-AUDIT] step=519 trigger=first-rich-mode-entry sim_t=5.19s narrow_threshold=2.0mm wide_threshold=500mm ===
[LCS-FILTER-AUDIT] writing detail to /root/push_anything_ADMM/audit_output/lcs_filter_audit.txt
[ADMM-C3+] primal: 10.8328->4.9628  dual: 899.5837->20.9920  mono=False  iters=25/25  rho=50.0
[ADMM-C3+] WARNING non-converged: pr=4.9628 dr=20.9920 tol=1e-03
[C3+] step=519 |u[0]|=6.20N λ_n_max=0.759 η_n_max=1.879 primal=4.963 iters=25/25 lcp_res_max=9.32e-08
[CONTACT-RUN] step=173 nhat_BA_W=[+0.000,+0.000,+0.000] p_BCb=[+0.000,+0.000,+0.000] distance=+1.00000 contact_type=NONE
[MATH.LCS-DUMP] step=173 n_c=1 box_y_vel_row=25 lambda_n_first_col=1
[MATH.LCS-DUMP] D shape=(19, 6)
[[ 0.       0.00001  0.      -0.       0.      -0.     ]
 [ 0.       0.18768  0.1877  -0.1877   0.      -0.     ]
 [ 0.      -0.18768 -0.       0.      -0.1877   0.1877 ]
 [ 0.      -0.       0.18769 -0.18769 -0.18769  0.18769]
 [ 0.       0.       0.       0.       0.0125  -0.0125 ]
 [ 0.      -0.       0.0125  -0.0125   0.      -0.     ]
 [ 0.       0.0125   0.      -0.      -0.       0.     ]
 [ 0.       0.       0.       0.       0.       0.     ]
 [ 0.       0.       0.       0.       0.       0.     ]
 [ 0.       0.       0.       0.       0.       0.     ]
 [ 0.       7.50728  7.50795 -7.50795 -0.       0.     ]
 [ 0.      -7.50728 -0.       0.      -7.50795  7.50795]
 [ 0.      -0.       7.50728 -7.50728 -7.50728  7.50728]
 [ 0.       0.       0.       0.       0.25    -0.25   ]
 [ 0.      -0.       0.25    -0.25     0.      -0.     ]
 [ 0.       0.25     0.      -0.      -0.       0.     ]
 [ 0.       0.       0.       0.       0.       0.     ]
 [ 0.       0.       0.       0.       0.       0.     ]
 [ 0.       0.       0.       0.       0.       0.     ]]
[MATH.LCS-DUMP] E shape=(6, 19)
[[ 0.    0.    0.    0.    0.    0.    0.    0.    0.    0.    0.    0.    0.    0.    0.    0.    0.    0.    0.  ]
 [ 0.    0.    0.    0.    0.    0.    0.    0.    0.    0.    0.05 -0.05 -0.    0.   -0.    1.    0.    0.    0.  ]
 [ 0.    0.    0.    0.    0.    0.    0.    0.    0.    0.    0.05 -0.    0.05  0.    1.    0.    0.    0.    0.  ]
 [ 0.    0.    0.    0.    0.    0.    0.    0.    0.    0.   -0.05  0.   -0.05  0.   -1.   -0.    0.    0.    0.  ]
 [ 0.    0.    0.    0.    0.    0.    0.    0.    0.    0.   -0.   -0.05 -0.05  1.    0.   -0.    0.    0.    0.  ]
 [ 0.    0.    0.    0.    0.    0.    0.    0.    0.    0.    0.    0.05  0.05 -1.   -0.    0.    0.    0.    0.  ]]
[MATH.LCS-DUMP] F shape=(6, 6)
[[ 0.       0.4     -1.      -1.      -1.      -1.     ]
 [ 0.       1.00071  0.37539 -0.37539  0.37539 -0.37539]
 [ 1.       0.37539  1.00077 -1.00077 -0.37535  0.37535]
 [ 1.      -0.37539 -1.00077  1.00077  0.37535 -0.37535]
 [ 1.       0.37539 -0.37535  0.37535  1.00077 -1.00077]
 [ 1.      -0.37539  0.37535 -0.37535 -1.00077  1.00077]]
[MATH.LCS-DUMP] H shape=(6, 3)
[[0. 0. 0.]
 [0. 0. 0.]
 [0. 0. 0.]
 [0. 0. 0.]
 [0. 0. 0.]
 [0. 0. 0.]]
[MATH.LCS-DUMP] c shape=(6,)
[ 0.      -0.49073 -0.       0.       0.      -0.     ]
[FORCE-ROUTE] active env=u_sol u_seq[0]=[5.79949 0.15357 2.1731 ] |u_seq[0]|=6.195N
[FORCE-ROUTE] tick=173 env=u_sol lambda_des=[+5.7995,+0.1536,+2.1731] u_seq0=[+5.7995,+0.1536,+2.1731] u_z=+2.1731 eq=True
[SETPOINT] tick=173 N=20 p_ee_des=[+0.0946,-0.0006,+0.0342] box_now=[+0.0000,+0.0000,+0.0500] setpoint_sd=+0.01962 phi_act=+0.00494 phi_pred1=+0.02169 phi_pred_min=+0.02169@k=1 phi_pred_max=+1.11732
[CONSISTENCY] tick=173 u_mag=6.1952 u_dot_box=-0.852 u_dot_goal=+0.936 ee_step1_mag=14.6824mm ee_step1_dot_box=-0.985 ee_step1_dot_u=+0.929 box_total_xy=138.9379mm box_dot_goal=-0.978 admm_pr=4.9628 admm_dr=20.9920 admm_iters=25/25 admm_tol=1e-03 converged=False
[APPROACH-OVERRIDE] step=173 phase=A_lift_trav face_axis=0 face_sign=+1 face_score=+1.000 surf_dist=0.0087m advance=0.0067m target=(+0.1000,+0.0000,+0.1350) p_ee_des=(+0.0813,-0.0003,+0.0411)
[VFF] step=173 mode=c3 alpha=0.000 v_des=(+0.0000,+0.0000,+0.0000) |v_des|=0.0000 sat=0 util_max=0.309@j1
[OSC-FORCE] step=173 mode=c3 lam_des=6.195 lam_ext=6.195
[GS] step=173 mode=c3 switch=kToC3ReachedReposTarget best_k=0 best_src=current curr_cost=141704.56 repos_cost=- best_other=150687.82 met_progress=N steps_since_improve=0 switches=1
[STEP] step=173 mode=c3 t=1.730s ee=(+0.080,-0.000,+0.034) obj=(+0.000,+0.000,+0.050) goal_dist=0.300m switch=kToC3ReachedReposTarget c3_cost=141704.56 lam_n=0.584 lam_t=0.165 contact=N productive=N f_cmd=(+5.80,+0.15,+2.17)
[GATE-EVOLVE] step=173 curr=141704.56 best_other=150687.82 ratio=0.9404 ee_to_optimal=0.0049m phi=0.0049m
[STAGE-A-TRACE] step=173 sim_t=1.730 mode=c3 phi=0.00494 box_xy=+0.00000,+0.00000 lam_n_ee_box=nan qy=+0.00001 qz=+0.00000 finished_repos=1
[DRAKE-CONTACT] step=173 n_pairs=1 ee_box_normal=0.000
[GATE-CONTACT] step=173 F_W=(+0.0000,+0.0000,+0.0000) F_on_box=(-0.0000,-0.0000,-0.0000) n_face_out=(-0.0000,-0.0000,-0.0000) A_is_ee=0 box_q=(+1.00000,-0.00001,+0.00001,+0.00000) box_p=(+0.00000,+0.00000,+0.04999) ee_p=(+0.07994,-0.00032,+0.03448)
[PERSIST] step=174 refresh n_strategy=3 samples=[(-0.08, 0.0472, 0.03), (0.08, 0.0, 0.03), (0.08, 0.0, 0.03)]
[ADMM-C3+] primal: 10.8328->4.9628  dual: 899.5837->20.9920  mono=False  iters=25/25  rho=50.0
[ADMM-C3+] WARNING non-converged: pr=4.9628 dr=20.9920 tol=1e-03
[C3+] step=520 |u[0]|=5.93N λ_n_max=0.759 η_n_max=1.879 primal=4.963 iters=25/25 lcp_res_max=9.32e-08
[ADMM-C3+] primal: 10.8328->4.9628  dual: 899.5837->20.9920  mono=False  iters=25/25  rho=50.0
[ADMM-C3+] WARNING non-converged: pr=4.9628 dr=20.9920 tol=1e-03
[C3+] step=525 |u[0]|=6.17N λ_n_max=0.759 η_n_max=1.879 primal=4.963 iters=25/25 lcp_res_max=9.32e-08
[CONTACT-RUN] step=174 nhat_BA_W=[+0.000,+0.000,+0.000] p_BCb=[+0.000,+0.000,+0.000] distance=+1.00000 contact_type=NONE
[FORCE-ROUTE] tick=174 env=u_sol lambda_des=[+5.9609,+0.1447,+1.5846] u_seq0=[+5.9609,+0.1447,+1.5846] u_z=+1.5846 eq=True
[SETPOINT] tick=174 N=20 p_ee_des=[+0.0942,-0.0006,+0.0351] box_now=[+0.0000,+0.0000,+0.0500] setpoint_sd=+0.01917 phi_act=+0.00489 phi_pred1=+0.02124 phi_pred_min=+0.02124@k=1 phi_pred_max=+1.11729
[CONSISTENCY] tick=174 u_mag=6.1696 u_dot_box=-0.895 u_dot_goal=+0.966 ee_step1_mag=14.3498mm ee_step1_dot_box=-0.956 ee_step1_dot_u=+0.986 box_total_xy=138.9379mm box_dot_goal=-0.978 admm_pr=4.9628 admm_dr=20.9920 admm_iters=25/25 admm_tol=1e-03 converged=False
[APPROACH-OVERRIDE] step=174 phase=A_lift_trav face_axis=0 face_sign=+1 face_score=+1.000 surf_dist=0.0091m advance=0.0071m target=(+0.1000,+0.0000,+0.1350) p_ee_des=(+0.0813,-0.0004,+0.0406)
[VFF] step=174 mode=c3 alpha=0.000 v_des=(+0.0000,+0.0000,+0.0000) |v_des|=0.0000 sat=0 util_max=0.209@j1
[OSC-FORCE] step=174 mode=c3 lam_des=6.170 lam_ext=6.170
[GS] step=174 mode=c3 switch=kStayInC3 best_k=0 best_src=current curr_cost=141704.95 repos_cost=- best_other=150687.11 met_progress=Y steps_since_improve=0 switches=1
[STEP] step=174 mode=c3 t=1.740s ee=(+0.080,-0.000,+0.034) obj=(+0.000,+0.000,+0.050) goal_dist=0.300m switch=kStayInC3 c3_cost=141704.95 lam_n=0.584 lam_t=0.165 contact=N productive=N f_cmd=(+5.96,+0.14,+1.58)
[GATE-EVOLVE] step=174 curr=141704.95 best_other=150687.11 ratio=0.9404 ee_to_optimal=0.0049m phi=0.0049m
[STAGE-A-TRACE] step=174 sim_t=1.740 mode=c3 phi=0.00489 box_xy=+0.00000,+0.00000 lam_n_ee_box=nan qy=+0.00001 qz=+0.00000 finished_repos=1
[DRAKE-CONTACT] step=174 n_pairs=1 ee_box_normal=0.000
[GATE-CONTACT] step=174 F_W=(+0.0000,+0.0000,+0.0000) F_on_box=(-0.0000,-0.0000,-0.0000) n_face_out=(-0.0000,-0.0000,-0.0000) A_is_ee=0 box_q=(+1.00000,-0.00001,+0.00001,+0.00000) box_p=(+0.00000,+0.00000,+0.04999) ee_p=(+0.07989,-0.00044,+0.03368)
[ADMM-C3+] primal: 10.8328->4.9628  dual: 899.5837->20.9920  mono=False  iters=25/25  rho=50.0
[ADMM-C3+] WARNING non-converged: pr=4.9628 dr=20.9920 tol=1e-03
[C3+] step=526 |u[0]|=5.93N λ_n_max=0.759 η_n_max=1.879 primal=4.963 iters=25/25 lcp_res_max=9.32e-08
[ADMM-C3+] primal: 10.8328->4.9628  dual: 899.5837->20.9920  mono=False  iters=25/25  rho=50.0
[ADMM-C3+] WARNING non-converged: pr=4.9628 dr=20.9920 tol=1e-03
[C3+] step=531 |u[0]|=6.17N λ_n_max=0.759 η_n_max=1.879 primal=4.963 iters=25/25 lcp_res_max=9.32e-08
[CONTACT-RUN] step=175 nhat_BA_W=[+0.000,+0.000,+0.000] p_BCb=[+0.000,+0.000,+0.000] distance=+1.00000 contact_type=NONE
[FORCE-ROUTE] tick=175 env=u_sol lambda_des=[+6.0553,+0.1512,+1.1761] u_seq0=[+6.0553,+0.1512,+1.1761] u_z=+1.1761 eq=True
[SETPOINT] tick=175 N=20 p_ee_des=[+0.0937,-0.0007,+0.0359] box_now=[+0.0000,+0.0000,+0.0500] setpoint_sd=+0.01874 phi_act=+0.00471 phi_pred1=+0.02081 phi_pred_min=+0.02081@k=1 phi_pred_max=+1.11722
[CONSISTENCY] tick=175 u_mag=6.1703 u_dot_box=-0.922 u_dot_goal=+0.981 ee_step1_mag=14.2412mm ee_step1_dot_box=-0.929 ee_step1_dot_u=+0.999 box_total_xy=138.9379mm box_dot_goal=-0.978 admm_pr=4.9628 admm_dr=20.9920 admm_iters=25/25 admm_tol=1e-03 converged=False
[APPROACH-OVERRIDE] step=175 phase=A_lift_trav face_axis=0 face_sign=+1 face_score=+1.000 surf_dist=0.0090m advance=0.0070m target=(+0.1000,+0.0000,+0.1350) p_ee_des=(+0.0811,-0.0005,+0.0403)
[VFF] step=175 mode=c3 alpha=0.000 v_des=(+0.0000,+0.0000,+0.0000) |v_des|=0.0000 sat=0 util_max=0.137@j1
[OSC-FORCE] step=175 mode=c3 lam_des=6.170 lam_ext=6.170
[GS] step=175 mode=c3 switch=kStayInC3 best_k=0 best_src=current curr_cost=141704.84 repos_cost=- best_other=150685.17 met_progress=Y steps_since_improve=1 switches=1
[STEP] step=175 mode=c3 t=1.750s ee=(+0.080,-0.001,+0.033) obj=(+0.000,+0.000,+0.050) goal_dist=0.300m switch=kStayInC3 c3_cost=141704.84 lam_n=0.584 lam_t=0.165 contact=N productive=N f_cmd=(+6.06,+0.15,+1.18)
[GATE-EVOLVE] step=175 curr=141704.84 best_other=150685.17 ratio=0.9404 ee_to_optimal=0.0047m phi=0.0047m
[STAGE-A-TRACE] step=175 sim_t=1.750 mode=c3 phi=0.00471 box_xy=+0.00000,+0.00000 lam_n_ee_box=nan qy=+0.00001 qz=+0.00000 finished_repos=1
[DRAKE-CONTACT] step=175 n_pairs=1 ee_box_normal=0.000
[GATE-CONTACT] step=175 F_W=(+0.0000,+0.0000,+0.0000) F_on_box=(-0.0000,-0.0000,-0.0000) n_face_out=(-0.0000,-0.0000,-0.0000) A_is_ee=0 box_q=(+1.00000,-0.00001,+0.00001,+0.00000) box_p=(+0.00000,+0.00000,+0.04999) ee_p=(+0.07971,-0.00055,+0.03340)
[ADMM-C3+] primal: 10.8328->4.9628  dual: 899.5837->20.9920  mono=False  iters=25/25  rho=50.0
[ADMM-C3+] WARNING non-converged: pr=4.9628 dr=20.9920 tol=1e-03
[C3+] step=532 |u[0]|=5.92N λ_n_max=0.759 η_n_max=1.879 primal=4.963 iters=25/25 lcp_res_max=9.32e-08
[ADMM-C3+] primal: 10.8328->4.9628  dual: 899.5837->20.9920  mono=False  iters=25/25  rho=50.0
[ADMM-C3+] WARNING non-converged: pr=4.9628 dr=20.9920 tol=1e-03
[C3+] step=537 |u[0]|=6.18N λ_n_max=0.759 η_n_max=1.879 primal=4.963 iters=25/25 lcp_res_max=9.32e-08
[CONTACT-RUN] step=176 nhat_BA_W=[+0.000,+0.000,+0.000] p_BCb=[+0.000,+0.000,+0.000] distance=+1.00000 contact_type=NONE
[FORCE-ROUTE] tick=176 env=u_sol lambda_des=[+6.1096,+0.1654,+0.8961] u_seq0=[+6.1096,+0.1654,+0.8961] u_z=+0.8961 eq=True
[SETPOINT] tick=176 N=20 p_ee_des=[+0.0933,-0.0008,+0.0366] box_now=[+0.0000,+0.0000,+0.0500] setpoint_sd=+0.01831 phi_act=+0.00445 phi_pred1=+0.02038 phi_pred_min=+0.02038@k=1 phi_pred_max=+1.11713
[CONSISTENCY] tick=176 u_mag=6.1772 u_dot_box=-0.938 u_dot_goal=+0.989 ee_step1_mag=14.2022mm ee_step1_dot_box=-0.911 ee_step1_dot_u=+0.996 box_total_xy=138.9379mm box_dot_goal=-0.978 admm_pr=4.9628 admm_dr=20.9920 admm_iters=25/25 admm_tol=1e-03 converged=False
[APPROACH-OVERRIDE] step=176 phase=A_lift_trav face_axis=0 face_sign=+1 face_score=+1.000 surf_dist=0.0088m advance=0.0068m target=(+0.1000,+0.0000,+0.1350) p_ee_des=(+0.0808,-0.0006,+0.0401)
[VFF] step=176 mode=c3 alpha=0.000 v_des=(+0.0000,+0.0000,+0.0000) |v_des|=0.0000 sat=0 util_max=0.086@j1
[OSC-FORCE] step=176 mode=c3 lam_des=6.177 lam_ext=6.177
[GS] step=176 mode=c3 switch=kStayInC3 best_k=0 best_src=current curr_cost=141704.39 repos_cost=- best_other=150682.47 met_progress=Y steps_since_improve=2 switches=1
[STEP] step=176 mode=c3 t=1.760s ee=(+0.079,-0.001,+0.033) obj=(+0.000,+0.000,+0.050) goal_dist=0.300m switch=kStayInC3 c3_cost=141704.39 lam_n=0.584 lam_t=0.165 contact=N productive=N f_cmd=(+6.11,+0.17,+0.90)
[GATE-EVOLVE] step=176 curr=141704.39 best_other=150682.47 ratio=0.9404 ee_to_optimal=0.0045m phi=0.0045m
[STAGE-A-TRACE] step=176 sim_t=1.760 mode=c3 phi=0.00445 box_xy=+0.00000,+0.00000 lam_n_ee_box=nan qy=+0.00001 qz=+0.00000 finished_repos=1
[DRAKE-CONTACT] step=176 n_pairs=1 ee_box_normal=0.000
[GATE-CONTACT] step=176 F_W=(+0.0000,+0.0000,+0.0000) F_on_box=(-0.0000,-0.0000,-0.0000) n_face_out=(-0.0000,-0.0000,-0.0000) A_is_ee=0 box_q=(+1.00000,-0.00001,+0.00001,+0.00000) box_p=(+0.00000,+0.00000,+0.04999) ee_p=(+0.07945,-0.00067,+0.03345)
[ADMM-C3+] primal: 10.8328->4.9628  dual: 899.5837->20.9920  mono=False  iters=25/25  rho=50.0
[ADMM-C3+] WARNING non-converged: pr=4.9628 dr=20.9920 tol=1e-03
[C3+] step=538 |u[0]|=5.91N λ_n_max=0.759 η_n_max=1.879 primal=4.963 iters=25/25 lcp_res_max=9.32e-08
[ADMM-C3+] primal: 10.8328->4.9628  dual: 899.5837->20.9920  mono=False  iters=25/25  rho=50.0
[ADMM-C3+] WARNING non-converged: pr=4.9628 dr=20.9920 tol=1e-03
[C3+] step=543 |u[0]|=6.18N λ_n_max=0.759 η_n_max=1.879 primal=4.963 iters=25/25 lcp_res_max=9.32e-08
[CONTACT-RUN] step=177 nhat_BA_W=[+0.000,+0.000,+0.000] p_BCb=[+0.000,+0.000,+0.000] distance=+1.00000 contact_type=NONE
[FORCE-ROUTE] tick=177 env=u_sol lambda_des=[+6.1400,+0.1829,+0.7080] u_seq0=[+6.1400,+0.1829,+0.7080] u_z=+0.7080 eq=True
[SETPOINT] tick=177 N=20 p_ee_des=[+0.0929,-0.0010,+0.0372] box_now=[+0.0000,+0.0000,+0.0500] setpoint_sd=+0.01788 phi_act=+0.00415 phi_pred1=+0.01995 phi_pred_min=+0.01995@k=1 phi_pred_max=+1.11702
[CONSISTENCY] tick=177 u_mag=6.1834 u_dot_box=-0.949 u_dot_goal=+0.993 ee_step1_mag=14.1698mm ee_step1_dot_box=-0.900 ee_step1_dot_u=+0.990 box_total_xy=138.9379mm box_dot_goal=-0.978 admm_pr=4.9628 admm_dr=20.9920 admm_iters=25/25 admm_tol=1e-03 converged=False
[APPROACH-OVERRIDE] step=177 phase=A_lift_trav face_axis=0 face_sign=+1 face_score=+1.000 surf_dist=0.0084m advance=0.0064m target=(+0.1000,+0.0000,+0.1350) p_ee_des=(+0.0804,-0.0007,+0.0400)
[VFF] step=177 mode=c3 alpha=0.000 v_des=(+0.0000,+0.0000,+0.0000) |v_des|=0.0000 sat=0 util_max=0.049@j1
[OSC-FORCE] step=177 mode=c3 lam_des=6.183 lam_ext=6.183
[GS] step=177 mode=c3 switch=kStayInC3 best_k=0 best_src=current curr_cost=141703.73 repos_cost=- best_other=150679.32 met_progress=Y steps_since_improve=3 switches=1
[STEP] step=177 mode=c3 t=1.770s ee=(+0.079,-0.001,+0.034) obj=(+0.000,+0.000,+0.050) goal_dist=0.300m switch=kStayInC3 c3_cost=141703.73 lam_n=0.584 lam_t=0.165 contact=N productive=N f_cmd=(+6.14,+0.18,+0.71)
[GATE-EVOLVE] step=177 curr=141703.73 best_other=150679.32 ratio=0.9404 ee_to_optimal=0.0042m phi=0.0041m
[STAGE-A-TRACE] step=177 sim_t=1.770 mode=c3 phi=0.00415 box_xy=+0.00000,+0.00000 lam_n_ee_box=nan qy=+0.00001 qz=+0.00000 finished_repos=1
[DRAKE-CONTACT] step=177 n_pairs=1 ee_box_normal=0.000
[GATE-CONTACT] step=177 F_W=(+0.0000,+0.0000,+0.0000) F_on_box=(-0.0000,-0.0000,-0.0000) n_face_out=(-0.0000,-0.0000,-0.0000) A_is_ee=0 box_q=(+1.00000,-0.00001,+0.00001,+0.00000) box_p=(+0.00000,+0.00000,+0.04999) ee_p=(+0.07915,-0.00079,+0.03371)
[ADMM-C3+] primal: 10.8328->4.9628  dual: 899.5837->20.9920  mono=False  iters=25/25  rho=50.0
[ADMM-C3+] WARNING non-converged: pr=4.9628 dr=20.9920 tol=1e-03
[C3+] step=544 |u[0]|=5.89N λ_n_max=0.759 η_n_max=1.879 primal=4.963 iters=25/25 lcp_res_max=9.32e-08
[ADMM-C3+] primal: 10.8328->4.9628  dual: 899.5837->20.9920  mono=False  iters=25/25  rho=50.0
[ADMM-C3+] WARNING non-converged: pr=4.9628 dr=20.9920 tol=1e-03
[C3+] step=549 |u[0]|=6.19N λ_n_max=0.759 η_n_max=1.879 primal=4.963 iters=25/25 lcp_res_max=9.32e-08
[CONTACT-RUN] step=178 nhat_BA_W=[+0.000,+0.000,+0.000] p_BCb=[+0.000,+0.000,+0.000] distance=+1.00000 contact_type=NONE
[FORCE-ROUTE] tick=178 env=u_sol lambda_des=[+6.1564,+0.2016,+0.5854] u_seq0=[+6.1564,+0.2016,+0.5854] u_z=+0.5854 eq=True
[SETPOINT] tick=178 N=20 p_ee_des=[+0.0925,-0.0011,+0.0378] box_now=[+0.0000,+0.0000,+0.0500] setpoint_sd=+0.01745 phi_act=+0.00381 phi_pred1=+0.01952 phi_pred_min=+0.01952@k=1 phi_pred_max=+1.11691
[CONSISTENCY] tick=178 u_mag=6.1874 u_dot_box=-0.956 u_dot_goal=+0.995 ee_step1_mag=14.1231mm ee_step1_dot_box=-0.896 ee_step1_dot_u=+0.985 box_total_xy=138.9379mm box_dot_goal=-0.978 admm_pr=4.9628 admm_dr=20.9920 admm_iters=25/25 admm_tol=1e-03 converged=False
[APPROACH-OVERRIDE] step=178 phase=A_lift_trav face_axis=0 face_sign=+1 face_score=+1.000 surf_dist=0.0079m advance=0.0059m target=(+0.1000,+0.0000,+0.1350) p_ee_des=(+0.0800,-0.0009,+0.0399)
[VFF] step=178 mode=c3 alpha=0.000 v_des=(+0.0000,+0.0000,+0.0000) |v_des|=0.0000 sat=0 util_max=0.028@j5
[OSC-FORCE] step=178 mode=c3 lam_des=6.187 lam_ext=6.187
[GS] step=178 mode=c3 switch=kStayInC3 best_k=0 best_src=current curr_cost=141702.95 repos_cost=- best_other=150675.87 met_progress=Y steps_since_improve=4 switches=1
[STEP] step=178 mode=c3 t=1.780s ee=(+0.079,-0.001,+0.034) obj=(+0.000,+0.000,+0.050) goal_dist=0.300m switch=kStayInC3 c3_cost=141702.95 lam_n=0.584 lam_t=0.165 contact=N productive=N f_cmd=(+6.16,+0.20,+0.59)
[GATE-EVOLVE] step=178 curr=141702.95 best_other=150675.87 ratio=0.9404 ee_to_optimal=0.0039m phi=0.0038m
[STAGE-A-TRACE] step=178 sim_t=1.780 mode=c3 phi=0.00381 box_xy=+0.00000,+0.00000 lam_n_ee_box=nan qy=+0.00001 qz=+0.00000 finished_repos=1
[DRAKE-CONTACT] step=178 n_pairs=1 ee_box_normal=0.000
[GATE-CONTACT] step=178 F_W=(+0.0000,+0.0000,+0.0000) F_on_box=(-0.0000,-0.0000,-0.0000) n_face_out=(-0.0000,-0.0000,-0.0000) A_is_ee=0 box_q=(+1.00000,-0.00001,+0.00001,+0.00000) box_p=(+0.00000,+0.00000,+0.04999) ee_p=(+0.07881,-0.00092,+0.03411)
[ADMM-C3+] primal: 10.8328->4.9628  dual: 899.5837->20.9920  mono=False  iters=25/25  rho=50.0
[ADMM-C3+] WARNING non-converged: pr=4.9628 dr=20.9920 tol=1e-03
[C3+] step=550 |u[0]|=5.87N λ_n_max=0.759 η_n_max=1.879 primal=4.963 iters=25/25 lcp_res_max=9.32e-08
[ADMM-C3+] primal: 10.8328->4.9628  dual: 899.5837->20.9920  mono=False  iters=25/25  rho=50.0
[ADMM-C3+] WARNING non-converged: pr=4.9628 dr=20.9920 tol=1e-03
[C3+] step=555 |u[0]|=6.19N λ_n_max=0.759 η_n_max=1.879 primal=4.963 iters=25/25 lcp_res_max=9.32e-08
[CONTACT-RUN] step=179 nhat_BA_W=[+0.000,+0.000,+0.000] p_BCb=[+0.000,+0.000,+0.000] distance=+1.00000 contact_type=NONE
[FORCE-ROUTE] tick=179 env=u_sol lambda_des=[+6.1646,+0.2204,+0.5096] u_seq0=[+6.1646,+0.2204,+0.5096] u_z=+0.5096 eq=True
[SETPOINT] tick=179 N=20 p_ee_des=[+0.0920,-0.0012,+0.0383] box_now=[+0.0000,+0.0000,+0.0500] setpoint_sd=+0.01702 phi_act=+0.00345 phi_pred1=+0.01909 phi_pred_min=+0.01909@k=1 phi_pred_max=+1.11678
[CONSISTENCY] tick=179 u_mag=6.1895 u_dot_box=-0.961 u_dot_goal=+0.996 ee_step1_mag=14.0588mm ee_step1_dot_box=-0.896 ee_step1_dot_u=+0.982 box_total_xy=138.9379mm box_dot_goal=-0.978 admm_pr=4.9628 admm_dr=20.9920 admm_iters=25/25 admm_tol=1e-03 converged=False
[APPROACH-OVERRIDE] step=179 phase=A_lift_trav face_axis=0 face_sign=+1 face_score=+1.000 surf_dist=0.0074m advance=0.0054m target=(+0.1000,+0.0000,+0.1350) p_ee_des=(+0.0796,-0.0010,+0.0398)
[VFF] step=179 mode=c3 alpha=0.000 v_des=(+0.0000,+0.0000,+0.0000) |v_des|=0.0000 sat=0 util_max=0.028@j5
[OSC-FORCE] step=179 mode=c3 lam_des=6.190 lam_ext=6.190
[GS] step=179 mode=c3 switch=kStayInC3 best_k=0 best_src=current curr_cost=141702.10 repos_cost=- best_other=150672.23 met_progress=Y steps_since_improve=5 switches=1
[STEP] step=179 mode=c3 t=1.790s ee=(+0.078,-0.001,+0.035) obj=(+0.000,+0.000,+0.050) goal_dist=0.300m switch=kStayInC3 c3_cost=141702.10 lam_n=0.584 lam_t=0.165 contact=N productive=N f_cmd=(+6.16,+0.22,+0.51)
[GATE-EVOLVE] step=179 curr=141702.10 best_other=150672.23 ratio=0.9405 ee_to_optimal=0.0036m phi=0.0035m
[STAGE-A-TRACE] step=179 sim_t=1.790 mode=c3 phi=0.00345 box_xy=+0.00000,+0.00000 lam_n_ee_box=nan qy=+0.00001 qz=+0.00000 finished_repos=1
[DRAKE-CONTACT] step=179 n_pairs=1 ee_box_normal=0.000
[GATE-CONTACT] step=179 F_W=(+0.0000,+0.0000,+0.0000) F_on_box=(-0.0000,-0.0000,-0.0000) n_face_out=(-0.0000,-0.0000,-0.0000) A_is_ee=0 box_q=(+1.00000,-0.00001,+0.00001,+0.00000) box_p=(+0.00000,+0.00000,+0.04999) ee_p=(+0.07845,-0.00107,+0.03457)
[ADMM-C3+] primal: 10.8328->4.9628  dual: 899.5837->20.9920  mono=False  iters=25/25  rho=50.0
[ADMM-C3+] WARNING non-converged: pr=4.9628 dr=20.9920 tol=1e-03
[C3+] step=556 |u[0]|=5.86N λ_n_max=0.759 η_n_max=1.879 primal=4.963 iters=25/25 lcp_res_max=9.32e-08
[ADMM-C3+] primal: 10.8328->4.9628  dual: 899.5837->20.9920  mono=False  iters=25/25  rho=50.0
[ADMM-C3+] WARNING non-converged: pr=4.9628 dr=20.9920 tol=1e-03
[C3+] step=561 |u[0]|=6.19N λ_n_max=0.759 η_n_max=1.879 primal=4.963 iters=25/25 lcp_res_max=9.32e-08
[CONTACT-RUN] step=180 nhat_BA_W=[+0.000,+0.000,+0.000] p_BCb=[+0.000,+0.000,+0.000] distance=+1.00000 contact_type=NONE
[FORCE-ROUTE] tick=180 env=u_sol lambda_des=[+6.1680,+0.2388,+0.4673] u_seq0=[+6.1680,+0.2388,+0.4673] u_z=+0.4673 eq=True
[SETPOINT] tick=180 N=20 p_ee_des=[+0.0916,-0.0014,+0.0387] box_now=[+0.0000,+0.0000,+0.0500] setpoint_sd=+0.01657 phi_act=+0.00307 phi_pred1=+0.01864 phi_pred_min=+0.01864@k=1 phi_pred_max=+1.11665
[CONSISTENCY] tick=180 u_mag=6.1903 u_dot_box=-0.964 u_dot_goal=+0.996 ee_step1_mag=13.9799mm ee_step1_dot_box=-0.900 ee_step1_dot_u=+0.981 box_total_xy=138.9379mm box_dot_goal=-0.978 admm_pr=4.9628 admm_dr=20.9920 admm_iters=25/25 admm_tol=1e-03 converged=False
[APPROACH-OVERRIDE] step=180 phase=A_lift_trav face_axis=0 face_sign=+1 face_score=+1.000 surf_dist=0.0068m advance=0.0048m target=(+0.1000,+0.0000,+0.1350) p_ee_des=(+0.0791,-0.0012,+0.0398)
[VFF] step=180 mode=c3 alpha=0.000 v_des=(+0.0000,+0.0000,+0.0000) |v_des|=0.0000 sat=0 util_max=0.029@j5
[OSC-FORCE] step=180 mode=c3 lam_des=6.190 lam_ext=6.190
[IMP] step=180 mode=c3 |x_err|=0.0048m |tau_imp|=0.72Nm |tau_ff|=3.67Nm |tau_out|=0.72Nm sat=False lam_n=True lam_t=True
[GS] step=180 mode=c3 switch=kStayInC3 best_k=0 best_src=current curr_cost=141701.23 repos_cost=- best_other=150668.44 met_progress=Y steps_since_improve=6 switches=1
[STEP] step=180 mode=c3 t=1.800s ee=(+0.078,-0.001,+0.035) obj=(+0.000,+0.000,+0.050) goal_dist=0.300m switch=kStayInC3 c3_cost=141701.23 lam_n=0.584 lam_t=0.165 contact=N productive=N f_cmd=(+6.17,+0.24,+0.47)
[GATE-EVOLVE] step=180 curr=141701.23 best_other=150668.44 ratio=0.9405 ee_to_optimal=0.0033m phi=0.0031m
[STAGE-A-TRACE] step=180 sim_t=1.800 mode=c3 phi=0.00307 box_xy=+0.00000,+0.00000 lam_n_ee_box=nan qy=+0.00001 qz=+0.00000 finished_repos=0
[GS-table] step=180
  k=0 (current   ) pos=(+0.078,-0.001,+0.035) c_C3= 171701.23 align=1.0000(bonus=30000.00) rot=+0.0000(bonus=    0.00) travel=0.000m(pen=  0.00) c_sample= 141701.23 feas=Y ik_err=0.0000m  ← WIN
  k=1 (strat_0   ) pos=(-0.080,+0.047,+0.030) c_C3= 182538.04 align=0.0000(bonus=    0.00) rot=+0.0000(bonus=    0.00) travel=0.165m(pen= 33.08) c_sample= 182571.12 feas=Y ik_err=0.0000m
  k=2 (strat_1   ) pos=(+0.080,+0.000,+0.030) c_C3= 180667.33 align=1.0000(bonus=30000.00) rot=+0.0000(bonus=    0.00) travel=0.006m(pen=  1.11) c_sample= 150668.44 feas=Y ik_err=0.0000m
  k=3 (strat_2   ) pos=(+0.080,+0.000,+0.030) c_C3= 180667.33 align=1.0000(bonus=30000.00) rot=+0.0000(bonus=    0.00) travel=0.006m(pen=  1.11) c_sample= 150668.44 feas=Y ik_err=0.0000m
  k=4 (buffer    ) pos=(+0.080,+0.000,+0.030) c_C3= 180667.33 align=1.0000(bonus=30000.00) rot=+0.0000(bonus=    0.00) travel=0.006m(pen=  1.11) c_sample= 150668.44 feas=Y ik_err=0.0000m
[DRAKE-CONTACT] step=180 n_pairs=1 ee_box_normal=0.000
[GATE-CONTACT] step=180 F_W=(+0.0000,+0.0000,+0.0000) F_on_box=(-0.0000,-0.0000,-0.0000) n_face_out=(-0.0000,-0.0000,-0.0000) A_is_ee=0 box_q=(+1.00000,-0.00001,+0.00001,+0.00000) box_p=(+0.00000,+0.00000,+0.04999) ee_p=(+0.07807,-0.00122,+0.03506)
[ADMM-C3+] primal: 10.8328->4.9628  dual: 899.5837->20.9920  mono=False  iters=25/25  rho=50.0
[ADMM-C3+] WARNING non-converged: pr=4.9628 dr=20.9920 tol=1e-03
[C3+] step=562 |u[0]|=5.84N λ_n_max=0.759 η_n_max=1.879 primal=4.963 iters=25/25 lcp_res_max=9.32e-08
[ADMM-C3+] primal: 10.8328->4.9628  dual: 899.5837->20.9920  mono=False  iters=25/25  rho=50.0
[ADMM-C3+] WARNING non-converged: pr=4.9628 dr=20.9920 tol=1e-03
[C3+] step=567 |u[0]|=6.19N λ_n_max=0.759 η_n_max=1.879 primal=4.963 iters=25/25 lcp_res_max=9.32e-08
[CONTACT-RUN] step=181 nhat_BA_W=[+0.000,+0.000,+0.000] p_BCb=[+0.000,+0.000,+0.000] distance=+1.00000 contact_type=NONE
[FORCE-ROUTE] tick=181 env=u_sol lambda_des=[+6.1688,+0.2566,+0.4487] u_seq0=[+6.1688,+0.2566,+0.4487] u_z=+0.4487 eq=True
[SETPOINT] tick=181 N=20 p_ee_des=[+0.0911,-0.0015,+0.0391] box_now=[+0.0000,+0.0000,+0.0500] setpoint_sd=+0.01612 phi_act=+0.00268 phi_pred1=+0.01819 phi_pred_min=+0.01819@k=1 phi_pred_max=+1.11652
[CONSISTENCY] tick=181 u_mag=6.1904 u_dot_box=-0.966 u_dot_goal=+0.997 ee_step1_mag=13.8910mm ee_step1_dot_box=-0.905 ee_step1_dot_u=+0.982 box_total_xy=138.9379mm box_dot_goal=-0.978 admm_pr=4.9628 admm_dr=20.9920 admm_iters=25/25 admm_tol=1e-03 converged=False
[APPROACH-OVERRIDE] step=181 phase=A_lift_trav face_axis=0 face_sign=+1 face_score=+1.000 surf_dist=0.0063m advance=0.0043m target=(+0.1000,+0.0000,+0.1350) p_ee_des=(+0.0786,-0.0013,+0.0397)
[VFF] step=181 mode=c3 alpha=0.000 v_des=(+0.0000,+0.0000,+0.0000) |v_des|=0.0000 sat=0 util_max=0.029@j5
[OSC-FORCE] step=181 mode=c3 lam_des=6.190 lam_ext=6.190
[GS] step=181 mode=c3 switch=kStayInC3 best_k=0 best_src=current curr_cost=141700.34 repos_cost=- best_other=150664.55 met_progress=Y steps_since_improve=7 switches=1
[STEP] step=181 mode=c3 t=1.810s ee=(+0.078,-0.001,+0.036) obj=(+0.000,+0.000,+0.050) goal_dist=0.300m switch=kStayInC3 c3_cost=141700.34 lam_n=0.584 lam_t=0.165 contact=N productive=N f_cmd=(+6.17,+0.26,+0.45)
[GATE-EVOLVE] step=181 curr=141700.34 best_other=150664.55 ratio=0.9405 ee_to_optimal=0.0030m phi=0.0027m
[STAGE-A-TRACE] step=181 sim_t=1.810 mode=c3 phi=0.00268 box_xy=+0.00000,+0.00000 lam_n_ee_box=nan qy=+0.00001 qz=+0.00000 finished_repos=0
[DRAKE-CONTACT] step=181 n_pairs=1 ee_box_normal=0.000
[GATE-CONTACT] step=181 F_W=(+0.0000,+0.0000,+0.0000) F_on_box=(-0.0000,-0.0000,-0.0000) n_face_out=(-0.0000,-0.0000,-0.0000) A_is_ee=0 box_q=(+1.00000,-0.00001,+0.00001,+0.00000) box_p=(+0.00000,+0.00000,+0.04999) ee_p=(+0.07768,-0.00138,+0.03554)
[ADMM-C3+] primal: 10.8328->4.9628  dual: 899.5837->20.9920  mono=False  iters=25/25  rho=50.0
[ADMM-C3+] WARNING non-converged: pr=4.9628 dr=20.9920 tol=1e-03
[C3+] step=568 |u[0]|=5.82N λ_n_max=0.759 η_n_max=1.879 primal=4.963 iters=25/25 lcp_res_max=9.32e-08
[ADMM-C3+] primal: 10.8328->4.9628  dual: 899.5837->20.9920  mono=False  iters=25/25  rho=50.0
[ADMM-C3+] WARNING non-converged: pr=4.9628 dr=20.9920 tol=1e-03
[C3+] step=573 |u[0]|=6.19N λ_n_max=0.759 η_n_max=1.879 primal=4.963 iters=25/25 lcp_res_max=9.32e-08
[CONTACT-RUN] step=182 nhat_BA_W=[+0.000,+0.000,+0.000] p_BCb=[+0.000,+0.000,+0.000] distance=+1.00000 contact_type=NONE
[FORCE-ROUTE] tick=182 env=u_sol lambda_des=[+6.1680,+0.2740,+0.4473] u_seq0=[+6.1680,+0.2740,+0.4473] u_z=+0.4473 eq=True
[SETPOINT] tick=182 N=20 p_ee_des=[+0.0907,-0.0017,+0.0394] box_now=[+0.0000,+0.0000,+0.0500] setpoint_sd=+0.01565 phi_act=+0.00228 phi_pred1=+0.01772 phi_pred_min=+0.01772@k=1 phi_pred_max=+1.11638
[CONSISTENCY] tick=182 u_mag=6.1903 u_dot_box=-0.967 u_dot_goal=+0.996 ee_step1_mag=13.7962mm ee_step1_dot_box=-0.911 ee_step1_dot_u=+0.983 box_total_xy=138.9379mm box_dot_goal=-0.978 admm_pr=4.9628 admm_dr=20.9920 admm_iters=25/25 admm_tol=1e-03 converged=False
[APPROACH-OVERRIDE] step=182 phase=A_lift_trav face_axis=0 face_sign=+1 face_score=+1.000 surf_dist=0.0057m advance=0.0037m target=(+0.1000,+0.0000,+0.1350) p_ee_des=(+0.0781,-0.0015,+0.0396)
[VFF] step=182 mode=c3 alpha=0.000 v_des=(+0.0000,+0.0000,+0.0000) |v_des|=0.0000 sat=0 util_max=0.028@j5
[OSC-FORCE] step=182 mode=c3 lam_des=6.190 lam_ext=6.190
[GS] step=182 mode=c3 switch=kStayInC3 best_k=0 best_src=current curr_cost=141699.46 repos_cost=- best_other=150660.55 met_progress=Y steps_since_improve=8 switches=1
[STEP] step=182 mode=c3 t=1.820s ee=(+0.077,-0.002,+0.036) obj=(+0.000,+0.000,+0.050) goal_dist=0.300m switch=kStayInC3 c3_cost=141699.46 lam_n=0.584 lam_t=0.165 contact=N productive=N f_cmd=(+6.17,+0.27,+0.45)
[GATE-EVOLVE] step=182 curr=141699.46 best_other=150660.55 ratio=0.9405 ee_to_optimal=0.0028m phi=0.0023m
[STAGE-A-TRACE] step=182 sim_t=1.820 mode=c3 phi=0.00228 box_xy=+0.00000,+0.00000 lam_n_ee_box=nan qy=+0.00001 qz=+0.00000 finished_repos=0
[DRAKE-CONTACT] step=182 n_pairs=1 ee_box_normal=0.000
[GATE-CONTACT] step=182 F_W=(+0.0000,+0.0000,+0.0000) F_on_box=(-0.0000,-0.0000,-0.0000) n_face_out=(-0.0000,-0.0000,-0.0000) A_is_ee=0 box_q=(+1.00000,-0.00001,+0.00001,+0.00000) box_p=(+0.00000,+0.00000,+0.04999) ee_p=(+0.07728,-0.00154,+0.03601)
[ADMM-C3+] primal: 15.7267->3.4669  dual: 1154.7548->27.9804  mono=True  iters=25/25  rho=50.0
[ADMM-C3+] WARNING non-converged: pr=3.4669 dr=27.9804 tol=1e-03
[C3+] step=574 |u[0]|=16.05N λ_n_max=2.400 η_n_max=1.084 primal=3.467 iters=25/25 lcp_res_max=4.01e-08
[ADMIT-GUARD] step=183 admit_active=1 latch=0/0 ee_z=0.036 gate_cap=0
[ALT-GATE] step=183 target_stable=0/0 allow_descent=1
[GS-tgt] step=183 ee=(+0.077,-0.002,+0.036) p_repos=(+0.080,+0.000,+0.030) ee_to_target=0.007m target_label=buffer target_changed=Y delta=nanm
[STAGE-A-PWL] step=183 sim_t=1.830 build p_start=(+0.0769,-0.0017,+0.0364) p_target=(+0.0800,+0.0000,+0.0300) K=2 t_end=1.871
[GS] step=183 mode=free switch=kToReposCost best_k=4 best_src=buffer curr_cost=54371.48 repos_cost=-8285.70 best_other=-8285.70 met_progress=Y steps_since_improve=9 switches=2
[STEP] step=183 mode=free t=1.830s ee=(+0.077,-0.002,+0.036) obj=(+0.000,+0.000,+0.050) goal_dist=0.300m switch=kToReposCost target=(+0.077,-0.002,+0.036) ee_stride=0.000m ee_to_ptarget=0.007m landing_err=0.0034m ik_ok=Y ik_resid=0.0002m q_max_resid_deg=0.52 target_changed=Y retgt=N held_idx=- held_cost=- won_cost=-8285.70 margin=- won_src=buffer held_valid=N reason=no_held setpoint_to_ptarget=nanm finished_val=nanm finished_thresh=0.0200m pd_resid=nanm nextwp_to_ptarget=nanm guide_terminal_err=nanm
[GATE-EVOLVE] step=183 curr=54371.48 best_other=-8285.70 ratio=nan ee_to_optimal=0.0025m phi=0.0019m
[STAGE-A-TRACE] step=183 sim_t=1.830 mode=free phi=0.00186 box_xy=+0.00000,+0.00000 lam_n_ee_box=nan qy=+0.00001 qz=+0.00000 finished_repos=0
[RICH-EXIT-REFRESH] step=183 mode c3->free reason=kToReposCost forcing buffer refresh + clearing prev_repos
[DRAKE-CONTACT] step=183 n_pairs=1 ee_box_normal=0.000
[GATE-CONTACT] step=183 F_W=(+0.0000,+0.0000,+0.0000) F_on_box=(-0.0000,-0.0000,-0.0000) n_face_out=(-0.0000,-0.0000,-0.0000) A_is_ee=0 box_q=(+1.00000,-0.00001,+0.00001,+0.00000) box_p=(+0.00000,+0.00000,+0.04999) ee_p=(+0.07686,-0.00171,+0.03644)
[PERSIST] step=184 refresh n_strategy=1 samples=[(-0.08, 0.0116, 0.03)]
[ADMM-C3+] primal: 15.7155->3.4428  dual: 1154.6562->28.4642  mono=True  iters=25/25  rho=50.0
[ADMM-C3+] WARNING non-converged: pr=3.4428 dr=28.4642 tol=1e-03
[C3+] step=579 |u[0]|=16.31N λ_n_max=2.421 η_n_max=1.080 primal=3.443 iters=25/25 lcp_res_max=4.13e-08
[ADMIT-GUARD] step=184 admit_active=1 latch=0/0 ee_z=0.036 gate_cap=0
[ALT-GATE] step=184 target_stable=0/0 allow_descent=1
[GS-tgt] step=184 ee=(+0.077,-0.002,+0.036) p_repos=(-0.080,+0.012,+0.030) ee_to_target=0.157m target_label=strat_0 target_changed=Y delta=nanm
[STAGE-A-PWL] step=184 sim_t=1.840 build p_start=(+0.0767,-0.0018,+0.0365) p_target=(-0.0800,+0.0116,+0.0300) K=4 t_end=4.011
[GS] step=184 mode=free switch=kStayInRepos best_k=1 best_src=strat_0 curr_cost=54198.39 repos_cost=23480.06 best_other=23480.06 met_progress=Y steps_since_improve=10 switches=2
[STEP] step=184 mode=free t=1.840s ee=(+0.077,-0.002,+0.036) obj=(+0.000,+0.000,+0.050) goal_dist=0.300m switch=kStayInRepos target=(+0.077,-0.002,+0.036) ee_stride=0.000m ee_to_ptarget=0.157m landing_err=0.1576m ik_ok=Y ik_resid=0.0001m q_max_resid_deg=0.53 target_changed=N retgt=N held_idx=- held_cost=- won_cost=23480.06 margin=- won_src=strat_0 held_valid=N reason=no_held setpoint_to_ptarget=nanm finished_val=nanm finished_thresh=0.0200m pd_resid=nanm nextwp_to_ptarget=nanm guide_terminal_err=nanm
[GATE-EVOLVE] step=184 curr=54198.39 best_other=23480.06 ratio=2.3083 ee_to_optimal=0.0025m phi=0.0017m
[STAGE-A-TRACE] step=184 sim_t=1.840 mode=free phi=0.00170 box_xy=+0.00000,+0.00000 lam_n_ee_box=nan qy=+0.00001 qz=+0.00000 finished_repos=0
[DRAKE-CONTACT] step=184 n_pairs=1 ee_box_normal=0.000
[GATE-CONTACT] step=184 F_W=(+0.0000,+0.0000,+0.0000) F_on_box=(-0.0000,-0.0000,-0.0000) n_face_out=(-0.0000,-0.0000,-0.0000) A_is_ee=0 box_q=(+1.00000,-0.00001,+0.00001,+0.00000) box_p=(+0.00000,+0.00000,+0.04999) ee_p=(+0.07670,-0.00181,+0.03647)
[ADMM-C3+] primal: 15.7216->3.4757  dual: 1155.0946->28.4806  mono=True  iters=25/25  rho=50.0
[ADMM-C3+] WARNING non-converged: pr=3.4757 dr=28.4806 tol=1e-03
[C3+] step=581 |u[0]|=16.15N λ_n_max=2.411 η_n_max=1.079 primal=3.476 iters=25/25 lcp_res_max=4.07e-08
[ADMIT-GUARD] step=185 admit_active=1 latch=0/0 ee_z=0.037 gate_cap=0
[ALT-GATE] step=185 target_stable=0/0 allow_descent=1
[GS-tgt] step=185 ee=(+0.077,-0.002,+0.037) p_repos=(-0.080,+0.012,+0.030) ee_to_target=0.157m target_label=prev_repos target_changed=N delta=0.000m
[GS] step=185 mode=free switch=kStayInRepos best_k=1 best_src=prev_repos curr_cost=54281.66 repos_cost=23488.31 best_other=23488.31 met_progress=Y steps_since_improve=11 switches=2
[STEP] step=185 mode=free t=1.850s ee=(+0.077,-0.002,+0.037) obj=(+0.000,+0.000,+0.050) goal_dist=0.300m switch=kStayInRepos target=(+0.077,-0.002,+0.038) ee_stride=0.002m ee_to_ptarget=0.157m landing_err=0.1579m ik_ok=Y ik_resid=0.0003m q_max_resid_deg=1.03 target_changed=Y retgt=N held_idx=1 held_cost=23488.31 won_cost=23488.31 margin=+0.00 won_src=prev_repos held_valid=Y reason=hold setpoint_to_ptarget=nanm finished_val=nanm finished_thresh=0.0200m pd_resid=nanm nextwp_to_ptarget=nanm guide_terminal_err=nanm
[GATE-EVOLVE] step=185 curr=54281.66 best_other=23488.31 ratio=2.3110 ee_to_optimal=0.0025m phi=0.0017m
[STAGE-A-TRACE] step=185 sim_t=1.850 mode=free phi=0.00174 box_xy=+0.00000,+0.00000 lam_n_ee_box=nan qy=+0.00001 qz=+0.00000 finished_repos=0
[DRAKE-CONTACT] step=185 n_pairs=1 ee_box_normal=0.000
[GATE-CONTACT] step=185 F_W=(+0.0000,+0.0000,+0.0000) F_on_box=(-0.0000,-0.0000,-0.0000) n_face_out=(-0.0000,-0.0000,-0.0000) A_is_ee=0 box_q=(+1.00000,-0.00001,+0.00001,+0.00000) box_p=(+0.00000,+0.00000,+0.04999) ee_p=(+0.07674,-0.00182,+0.03662)
[ADMM-C3+] primal: 15.7418->3.5518  dual: 1155.7539->26.0518  mono=True  iters=25/25  rho=50.0
[ADMM-C3+] WARNING non-converged: pr=3.5518 dr=26.0518 tol=1e-03
[C3+] step=584 |u[0]|=15.67N λ_n_max=2.393 η_n_max=1.077 primal=3.552 iters=25/25 lcp_res_max=3.96e-08
[ADMIT-GUARD] step=186 admit_active=1 latch=0/0 ee_z=0.037 gate_cap=0
[ALT-GATE] step=186 target_stable=0/0 allow_descent=1
[GS-tgt] step=186 ee=(+0.077,-0.002,+0.037) p_repos=(-0.080,+0.012,+0.030) ee_to_target=0.158m target_label=prev_repos target_changed=N delta=0.000m
[GS] step=186 mode=free switch=kStayInRepos best_k=1 best_src=prev_repos curr_cost=54757.49 repos_cost=23415.88 best_other=23415.88 met_progress=Y steps_since_improve=12 switches=2
[STEP] step=186 mode=free t=1.860s ee=(+0.077,-0.002,+0.037) obj=(+0.000,+0.000,+0.050) goal_dist=0.300m switch=kStayInRepos target=(+0.077,-0.002,+0.040) ee_stride=0.003m ee_to_ptarget=0.158m landing_err=0.1584m ik_ok=Y ik_resid=0.0004m q_max_resid_deg=1.45 target_changed=Y retgt=N held_idx=1 held_cost=23415.88 won_cost=23415.88 margin=+0.00 won_src=prev_repos held_valid=Y reason=hold setpoint_to_ptarget=nanm finished_val=nanm finished_thresh=0.0200m pd_resid=nanm nextwp_to_ptarget=nanm guide_terminal_err=nanm
[GATE-EVOLVE] step=186 curr=54757.49 best_other=23415.88 ratio=2.3385 ee_to_optimal=0.0025m phi=0.0018m
[STAGE-A-TRACE] step=186 sim_t=1.860 mode=free phi=0.00176 box_xy=+0.00000,+0.00000 lam_n_ee_box=nan qy=+0.00001 qz=+0.00000 finished_repos=0
[DRAKE-CONTACT] step=186 n_pairs=1 ee_box_normal=0.000
[GATE-CONTACT] step=186 F_W=(+0.0000,+0.0000,+0.0000) F_on_box=(-0.0000,-0.0000,-0.0000) n_face_out=(-0.0000,-0.0000,-0.0000) A_is_ee=0 box_q=(+1.00000,-0.00001,+0.00001,+0.00000) box_p=(+0.00000,+0.00000,+0.04999) ee_p=(+0.07676,-0.00178,+0.03743)
[ADMM-C3+] primal: 15.6282->3.5718  dual: 1150.0073->25.2736  mono=True  iters=25/25  rho=50.0
[ADMM-C3+] WARNING non-converged: pr=3.5718 dr=25.2736 tol=1e-03
[C3+] step=587 |u[0]|=15.28N λ_n_max=2.421 η_n_max=1.060 primal=3.572 iters=25/25 lcp_res_max=3.93e-08
[ADMIT-GUARD] step=187 admit_active=1 latch=0/0 ee_z=0.039 gate_cap=0
[ALT-GATE] step=187 target_stable=0/0 allow_descent=1
[GS-tgt] step=187 ee=(+0.077,-0.002,+0.039) p_repos=(-0.080,+0.012,+0.030) ee_to_target=0.158m target_label=prev_repos target_changed=N delta=0.000m
[GS] step=187 mode=free switch=kStayInRepos best_k=1 best_src=prev_repos curr_cost=55440.43 repos_cost=23423.61 best_other=23423.61 met_progress=Y steps_since_improve=13 switches=2
[STEP] step=187 mode=free t=1.870s ee=(+0.077,-0.002,+0.039) obj=(+0.000,+0.000,+0.050) goal_dist=0.300m switch=kStayInRepos target=(+0.077,-0.002,+0.042) ee_stride=0.003m ee_to_ptarget=0.158m landing_err=0.1589m ik_ok=Y ik_resid=0.0005m q_max_resid_deg=1.81 target_changed=Y retgt=N held_idx=1 held_cost=23423.61 won_cost=23423.61 margin=+0.00 won_src=prev_repos held_valid=Y reason=hold setpoint_to_ptarget=nanm finished_val=nanm finished_thresh=0.0200m pd_resid=nanm nextwp_to_ptarget=nanm guide_terminal_err=nanm
[GATE-EVOLVE] step=187 curr=55440.43 best_other=23423.61 ratio=2.3669 ee_to_optimal=0.0025m phi=0.0018m
[STAGE-A-TRACE] step=187 sim_t=1.870 mode=free phi=0.00177 box_xy=+0.00000,+0.00000 lam_n_ee_box=nan qy=+0.00001 qz=+0.00000 finished_repos=0
[DRAKE-CONTACT] step=187 n_pairs=1 ee_box_normal=0.000
[GATE-CONTACT] step=187 F_W=(+0.0000,+0.0000,+0.0000) F_on_box=(-0.0000,-0.0000,-0.0000) n_face_out=(-0.0000,-0.0000,-0.0000) A_is_ee=0 box_q=(+1.00000,-0.00001,+0.00001,+0.00000) box_p=(+0.00000,+0.00000,+0.04999) ee_p=(+0.07678,-0.00173,+0.03870)
[ADMM-C3+] primal: 15.5839->3.6379  dual: 1145.6473->27.6680  mono=True  iters=25/25  rho=50.0
[ADMM-C3+] WARNING non-converged: pr=3.6379 dr=27.6680 tol=1e-03
[C3+] step=590 |u[0]|=13.69N λ_n_max=2.358 η_n_max=1.056 primal=3.638 iters=25/25 lcp_res_max=3.41e-08
[ADMIT-GUARD] step=188 admit_active=1 latch=0/0 ee_z=0.040 gate_cap=0
[ALT-GATE] step=188 target_stable=0/0 allow_descent=1
[GS-tgt] step=188 ee=(+0.077,-0.002,+0.040) p_repos=(-0.080,+0.012,+0.030) ee_to_target=0.158m target_label=prev_repos target_changed=N delta=0.000m
[GS] step=188 mode=free switch=kStayInRepos best_k=1 best_src=prev_repos curr_cost=56362.92 repos_cost=23391.81 best_other=23391.81 met_progress=Y steps_since_improve=14 switches=2
[STEP] step=188 mode=free t=1.880s ee=(+0.077,-0.002,+0.040) obj=(+0.000,+0.000,+0.050) goal_dist=0.300m switch=kStayInRepos target=(+0.077,-0.002,+0.044) ee_stride=0.003m ee_to_ptarget=0.158m landing_err=0.1595m ik_ok=Y ik_resid=0.0006m q_max_resid_deg=2.14 target_changed=Y retgt=N held_idx=1 held_cost=23391.81 won_cost=23391.81 margin=+0.00 won_src=prev_repos held_valid=Y reason=hold setpoint_to_ptarget=nanm finished_val=nanm finished_thresh=0.0200m pd_resid=nanm nextwp_to_ptarget=nanm guide_terminal_err=nanm
[GATE-EVOLVE] step=188 curr=56362.92 best_other=23391.81 ratio=2.4095 ee_to_optimal=0.0025m phi=0.0018m
[STAGE-A-TRACE] step=188 sim_t=1.880 mode=free phi=0.00178 box_xy=+0.00000,+0.00000 lam_n_ee_box=nan qy=+0.00001 qz=+0.00000 finished_repos=0
[DRAKE-CONTACT] step=188 n_pairs=1 ee_box_normal=0.000
[GATE-CONTACT] step=188 F_W=(+0.0000,+0.0000,+0.0000) F_on_box=(-0.0000,-0.0000,-0.0000) n_face_out=(-0.0000,-0.0000,-0.0000) A_is_ee=0 box_q=(+1.00000,-0.00001,+0.00001,+0.00000) box_p=(+0.00000,+0.00000,+0.04999) ee_p=(+0.07678,-0.00169,+0.04029)
[ADMM-C3+] primal: 15.7269->3.6707  dual: 1148.2825->27.9957  mono=True  iters=25/25  rho=50.0
[ADMM-C3+] WARNING non-converged: pr=3.6707 dr=27.9957 tol=1e-03
[C3+] step=593 |u[0]|=13.21N λ_n_max=2.358 η_n_max=1.071 primal=3.671 iters=25/25 lcp_res_max=3.33e-08
[ADMIT-GUARD] step=189 admit_active=1 latch=0/0 ee_z=0.042 gate_cap=0
[ALT-GATE] step=189 target_stable=0/0 allow_descent=1
[GS-tgt] step=189 ee=(+0.077,-0.002,+0.042) p_repos=(-0.080,+0.012,+0.030) ee_to_target=0.158m target_label=prev_repos target_changed=N delta=0.000m
[GS] step=189 mode=free switch=kStayInRepos best_k=1 best_src=prev_repos curr_cost=57350.19 repos_cost=23386.70 best_other=23386.70 met_progress=Y steps_since_improve=15 switches=2
[STEP] step=189 mode=free t=1.890s ee=(+0.077,-0.002,+0.042) obj=(+0.000,+0.000,+0.050) goal_dist=0.300m switch=kStayInRepos target=(+0.077,-0.002,+0.045) ee_stride=0.003m ee_to_ptarget=0.158m landing_err=0.1602m ik_ok=Y ik_resid=0.0008m q_max_resid_deg=2.43 target_changed=Y retgt=N held_idx=1 held_cost=23386.70 won_cost=23386.70 margin=+0.00 won_src=prev_repos held_valid=Y reason=hold setpoint_to_ptarget=nanm finished_val=nanm finished_thresh=0.0200m pd_resid=nanm nextwp_to_ptarget=nanm guide_terminal_err=nanm
[GATE-EVOLVE] step=189 curr=57350.19 best_other=23386.70 ratio=2.4523 ee_to_optimal=0.0024m phi=0.0018m
[STAGE-A-TRACE] step=189 sim_t=1.890 mode=free phi=0.00178 box_xy=+0.00000,+0.00000 lam_n_ee_box=nan qy=+0.00001 qz=+0.00000 finished_repos=0
[DRAKE-CONTACT] step=189 n_pairs=1 ee_box_normal=0.000
[GATE-CONTACT] step=189 F_W=(+0.0000,+0.0000,+0.0000) F_on_box=(-0.0000,-0.0000,-0.0000) n_face_out=(-0.0000,-0.0000,-0.0000) A_is_ee=0 box_q=(+1.00000,-0.00001,+0.00001,+0.00000) box_p=(+0.00000,+0.00000,+0.04999) ee_p=(+0.07678,-0.00166,+0.04209)
[ADMM-C3+] primal: 15.7889->3.7305  dual: 1147.4011->24.6177  mono=True  iters=25/25  rho=50.0
[ADMM-C3+] WARNING non-converged: pr=3.7305 dr=24.6177 tol=1e-03
[C3+] step=596 |u[0]|=9.88N λ_n_max=2.155 η_n_max=1.082 primal=3.730 iters=25/25 lcp_res_max=2.12e-08
[ADMIT-GUARD] step=190 admit_active=1 latch=0/0 ee_z=0.044 gate_cap=0
[ALT-GATE] step=190 target_stable=0/0 allow_descent=1
[GS-tgt] step=190 ee=(+0.077,-0.002,+0.044) p_repos=(-0.080,+0.012,+0.030) ee_to_target=0.158m target_label=prev_repos target_changed=N delta=0.000m
[IMP] step=190 mode=free |x_err|=0.0032m |tau_imp|=3.48Nm |tau_ff|=0.00Nm |tau_out|=3.48Nm sat=False lam_n=False lam_t=False
[GS] step=190 mode=free switch=kStayInRepos best_k=1 best_src=prev_repos curr_cost=58563.29 repos_cost=23404.52 best_other=23404.52 met_progress=Y steps_since_improve=16 switches=2
[STEP] step=190 mode=free t=1.900s ee=(+0.077,-0.002,+0.044) obj=(+0.000,+0.000,+0.050) goal_dist=0.300m switch=kStayInRepos target=(+0.077,-0.002,+0.047) ee_stride=0.003m ee_to_ptarget=0.158m landing_err=0.1610m ik_ok=Y ik_resid=0.0009m q_max_resid_deg=2.70 target_changed=Y retgt=N held_idx=1 held_cost=23404.52 won_cost=23404.52 margin=+0.00 won_src=prev_repos held_valid=Y reason=hold setpoint_to_ptarget=nanm finished_val=nanm finished_thresh=0.0200m pd_resid=nanm nextwp_to_ptarget=nanm guide_terminal_err=nanm
[GATE-EVOLVE] step=190 curr=58563.29 best_other=23404.52 ratio=2.5022 ee_to_optimal=0.0024m phi=0.0018m
[STAGE-A-TRACE] step=190 sim_t=1.900 mode=free phi=0.00178 box_xy=+0.00000,+0.00000 lam_n_ee_box=nan qy=+0.00001 qz=+0.00000 finished_repos=0
[DRAKE-CONTACT] step=190 n_pairs=1 ee_box_normal=0.000
[GATE-CONTACT] step=190 F_W=(+0.0000,+0.0000,+0.0000) F_on_box=(-0.0000,-0.0000,-0.0000) n_face_out=(-0.0000,-0.0000,-0.0000) A_is_ee=0 box_q=(+1.00000,-0.00001,+0.00001,+0.00000) box_p=(+0.00000,+0.00000,+0.04999) ee_p=(+0.07678,-0.00165,+0.04403)
[ADMM-C3+] primal: 15.7798->3.6722  dual: 1144.0538->27.5263  mono=True  iters=25/25  rho=50.0
[ADMM-C3+] WARNING non-converged: pr=3.6722 dr=27.5263 tol=1e-03
[C3+] step=599 |u[0]|=11.71N λ_n_max=2.265 η_n_max=1.108 primal=3.672 iters=25/25 lcp_res_max=2.87e-08
[ADMIT-GUARD] step=191 admit_active=1 latch=0/0 ee_z=0.046 gate_cap=0
[ALT-GATE] step=191 target_stable=0/0 allow_descent=1
[GS-tgt] step=191 ee=(+0.077,-0.002,+0.046) p_repos=(-0.080,+0.012,+0.030) ee_to_target=0.158m target_label=prev_repos target_changed=N delta=0.000m
[GS] step=191 mode=free switch=kStayInRepos best_k=1 best_src=prev_repos curr_cost=59583.17 repos_cost=23450.53 best_other=23450.53 met_progress=Y steps_since_improve=17 switches=2
[STEP] step=191 mode=free t=1.910s ee=(+0.077,-0.002,+0.046) obj=(+0.000,+0.000,+0.050) goal_dist=0.300m switch=kStayInRepos target=(+0.077,-0.002,+0.049) ee_stride=0.003m ee_to_ptarget=0.158m landing_err=0.1619m ik_ok=Y ik_resid=0.0000m q_max_resid_deg=3.10 target_changed=Y retgt=N held_idx=1 held_cost=23450.53 won_cost=23450.53 margin=+0.00 won_src=prev_repos held_valid=Y reason=hold setpoint_to_ptarget=nanm finished_val=nanm finished_thresh=0.0200m pd_resid=nanm nextwp_to_ptarget=nanm guide_terminal_err=nanm
[GATE-EVOLVE] step=191 curr=59583.17 best_other=23450.53 ratio=2.5408 ee_to_optimal=0.0024m phi=0.0018m
[STAGE-A-TRACE] step=191 sim_t=1.910 mode=free phi=0.00177 box_xy=+0.00000,+0.00000 lam_n_ee_box=nan qy=+0.00001 qz=+0.00000 finished_repos=0
[DRAKE-CONTACT] step=191 n_pairs=1 ee_box_normal=0.000
[GATE-CONTACT] step=191 F_W=(+0.0000,+0.0000,+0.0000) F_on_box=(-0.0000,-0.0000,-0.0000) n_face_out=(-0.0000,-0.0000,-0.0000) A_is_ee=0 box_q=(+1.00000,-0.00001,+0.00001,+0.00000) box_p=(+0.00000,+0.00000,+0.04999) ee_p=(+0.07677,-0.00165,+0.04605)
[ADMM-C3+] primal: 15.8020->3.5948  dual: 1142.6944->27.9371  mono=True  iters=25/25  rho=50.0
[ADMM-C3+] WARNING non-converged: pr=3.5948 dr=27.9371 tol=1e-03
[C3+] step=602 |u[0]|=13.34N λ_n_max=2.399 η_n_max=1.107 primal=3.595 iters=25/25 lcp_res_max=3.52e-08
[ADMIT-GUARD] step=192 admit_active=1 latch=0/0 ee_z=0.048 gate_cap=0
[ALT-GATE] step=192 target_stable=0/0 allow_descent=1
[GS-tgt] step=192 ee=(+0.077,-0.002,+0.048) p_repos=(-0.080,+0.012,+0.030) ee_to_target=0.158m target_label=prev_repos target_changed=N delta=0.000m
[GS] step=192 mode=free switch=kStayInRepos best_k=1 best_src=prev_repos curr_cost=60297.11 repos_cost=23463.69 best_other=23463.69 met_progress=Y steps_since_improve=18 switches=2
[STEP] step=192 mode=free t=1.920s ee=(+0.077,-0.002,+0.048) obj=(+0.000,+0.000,+0.050) goal_dist=0.300m switch=kStayInRepos target=(+0.077,-0.002,+0.051) ee_stride=0.003m ee_to_ptarget=0.158m landing_err=0.1629m ik_ok=Y ik_resid=0.0000m q_max_resid_deg=3.36 target_changed=Y retgt=N held_idx=1 held_cost=23463.69 won_cost=23463.69 margin=+0.00 won_src=prev_repos held_valid=Y reason=hold setpoint_to_ptarget=nanm finished_val=nanm finished_thresh=0.0200m pd_resid=nanm nextwp_to_ptarget=nanm guide_terminal_err=nanm
[GATE-EVOLVE] step=192 curr=60297.11 best_other=23463.69 ratio=2.5698 ee_to_optimal=0.0024m phi=0.0018m
[STAGE-A-TRACE] step=192 sim_t=1.920 mode=free phi=0.00176 box_xy=+0.00000,+0.00000 lam_n_ee_box=nan qy=+0.00001 qz=+0.00000 finished_repos=0
[DRAKE-CONTACT] step=192 n_pairs=1 ee_box_normal=0.000
[GATE-CONTACT] step=192 F_W=(+0.0000,+0.0000,+0.0000) F_on_box=(-0.0000,-0.0000,-0.0000) n_face_out=(-0.0000,-0.0000,-0.0000) A_is_ee=0 box_q=(+1.00000,-0.00001,+0.00001,+0.00000) box_p=(+0.00000,+0.00000,+0.04999) ee_p=(+0.07677,-0.00167,+0.04812)
[ADMM-C3+] primal: 15.9346->3.5978  dual: 1145.6335->29.3688  mono=True  iters=25/25  rho=50.0
[ADMM-C3+] WARNING non-converged: pr=3.5978 dr=29.3688 tol=1e-03
[C3+] step=605 |u[0]|=12.91N λ_n_max=2.355 η_n_max=1.098 primal=3.598 iters=25/25 lcp_res_max=3.36e-08
[ADMIT-GUARD] step=193 admit_active=1 latch=0/0 ee_z=0.050 gate_cap=0
[ALT-GATE] step=193 target_stable=0/0 allow_descent=1
[GS-tgt] step=193 ee=(+0.077,-0.002,+0.050) p_repos=(-0.080,+0.012,+0.030) ee_to_target=0.159m target_label=prev_repos target_changed=N delta=0.000m
[GS] step=193 mode=free switch=kStayInRepos best_k=1 best_src=prev_repos curr_cost=61460.65 repos_cost=23469.89 best_other=23469.89 met_progress=Y steps_since_improve=19 switches=2
[STEP] step=193 mode=free t=1.930s ee=(+0.077,-0.002,+0.050) obj=(+0.000,+0.000,+0.050) goal_dist=0.300m switch=kStayInRepos target=(+0.077,-0.002,+0.053) ee_stride=0.002m ee_to_ptarget=0.159m landing_err=0.1640m ik_ok=Y ik_resid=0.0000m q_max_resid_deg=3.63 target_changed=Y retgt=N held_idx=1 held_cost=23469.89 won_cost=23469.89 margin=+0.00 won_src=prev_repos held_valid=Y reason=hold setpoint_to_ptarget=nanm finished_val=nanm finished_thresh=0.0200m pd_resid=nanm nextwp_to_ptarget=nanm guide_terminal_err=nanm
[GATE-EVOLVE] step=193 curr=61460.65 best_other=23469.89 ratio=2.6187 ee_to_optimal=0.0024m phi=0.0018m
[STAGE-A-TRACE] step=193 sim_t=1.930 mode=free phi=0.00176 box_xy=+0.00000,+0.00000 lam_n_ee_box=nan qy=+0.00001 qz=+0.00000 finished_repos=0
[DRAKE-CONTACT] step=193 n_pairs=1 ee_box_normal=0.000
[GATE-CONTACT] step=193 F_W=(+0.0000,+0.0000,+0.0000) F_on_box=(-0.0000,-0.0000,-0.0000) n_face_out=(-0.0000,-0.0000,-0.0000) A_is_ee=0 box_q=(+1.00000,-0.00001,+0.00001,+0.00000) box_p=(+0.00000,+0.00000,+0.04999) ee_p=(+0.07676,-0.00169,+0.05021)
[ADMM-C3+] primal: 15.9902->3.6182  dual: 1146.1698->30.1794  mono=True  iters=25/25  rho=50.0
[ADMM-C3+] WARNING non-converged: pr=3.6182 dr=30.1794 tol=1e-03
[C3+] step=608 |u[0]|=12.55N λ_n_max=2.303 η_n_max=1.081 primal=3.618 iters=25/25 lcp_res_max=3.20e-08
[ADMIT-GUARD] step=194 admit_active=1 latch=0/0 ee_z=0.052 gate_cap=0
[ALT-GATE] step=194 target_stable=0/0 allow_descent=1
[GS-tgt] step=194 ee=(+0.077,-0.002,+0.052) p_repos=(-0.080,+0.012,+0.030) ee_to_target=0.159m target_label=prev_repos target_changed=N delta=0.000m
[GS] step=194 mode=free switch=kStayInRepos best_k=1 best_src=prev_repos curr_cost=62710.92 repos_cost=23502.52 best_other=23502.52 met_progress=Y steps_since_improve=20 switches=2
[STEP] step=194 mode=free t=1.940s ee=(+0.077,-0.002,+0.052) obj=(+0.000,+0.000,+0.050) goal_dist=0.300m switch=kStayInRepos target=(+0.077,-0.002,+0.054) ee_stride=0.002m ee_to_ptarget=0.159m landing_err=0.1652m ik_ok=Y ik_resid=0.0000m q_max_resid_deg=3.89 target_changed=Y retgt=N held_idx=1 held_cost=23502.52 won_cost=23502.52 margin=+0.00 won_src=prev_repos held_valid=Y reason=hold setpoint_to_ptarget=nanm finished_val=nanm finished_thresh=0.0200m pd_resid=nanm nextwp_to_ptarget=nanm guide_terminal_err=nanm
[GATE-EVOLVE] step=194 curr=62710.92 best_other=23502.52 ratio=2.6683 ee_to_optimal=0.0025m phi=0.0018m
[STAGE-A-TRACE] step=194 sim_t=1.940 mode=free phi=0.00175 box_xy=+0.00000,+0.00000 lam_n_ee_box=nan qy=+0.00001 qz=+0.00000 finished_repos=0
[DRAKE-CONTACT] step=194 n_pairs=1 ee_box_normal=0.000
[GATE-CONTACT] step=194 F_W=(+0.0000,+0.0000,+0.0000) F_on_box=(-0.0000,-0.0000,-0.0000) n_face_out=(-0.0000,-0.0000,-0.0000) A_is_ee=0 box_q=(+1.00000,-0.00001,+0.00001,+0.00000) box_p=(+0.00000,+0.00000,+0.04999) ee_p=(+0.07675,-0.00173,+0.05230)
[ADMM-C3+] primal: 16.0328->3.6540  dual: 1146.7892->30.5568  mono=True  iters=25/25  rho=50.0
[ADMM-C3+] WARNING non-converged: pr=3.6540 dr=30.5568 tol=1e-03
[C3+] step=611 |u[0]|=12.28N λ_n_max=2.232 η_n_max=1.095 primal=3.654 iters=25/25 lcp_res_max=3.04e-08
[ADMIT-GUARD] step=195 admit_active=1 latch=0/0 ee_z=0.054 gate_cap=0
[ALT-GATE] step=195 target_stable=0/0 allow_descent=1
[GS-tgt] step=195 ee=(+0.077,-0.002,+0.054) p_repos=(-0.080,+0.012,+0.030) ee_to_target=0.159m target_label=prev_repos target_changed=N delta=0.000m
[GS] step=195 mode=free switch=kStayInRepos best_k=1 best_src=prev_repos curr_cost=64077.33 repos_cost=23521.00 best_other=23521.00 met_progress=Y steps_since_improve=21 switches=2
[STEP] step=195 mode=free t=1.950s ee=(+0.077,-0.002,+0.054) obj=(+0.000,+0.000,+0.050) goal_dist=0.300m switch=kStayInRepos target=(+0.077,-0.002,+0.056) ee_stride=0.002m ee_to_ptarget=0.159m landing_err=0.1664m ik_ok=Y ik_resid=0.0000m q_max_resid_deg=4.15 target_changed=Y retgt=N held_idx=1 held_cost=23521.00 won_cost=23521.00 margin=+0.00 won_src=prev_repos held_valid=Y reason=hold setpoint_to_ptarget=nanm finished_val=nanm finished_thresh=0.0200m pd_resid=nanm nextwp_to_ptarget=nanm guide_terminal_err=nanm
[GATE-EVOLVE] step=195 curr=64077.33 best_other=23521.00 ratio=2.7243 ee_to_optimal=0.0025m phi=0.0017m
[STAGE-A-TRACE] step=195 sim_t=1.950 mode=free phi=0.00175 box_xy=+0.00000,+0.00000 lam_n_ee_box=nan qy=+0.00001 qz=+0.00000 finished_repos=0
[DRAKE-CONTACT] step=195 n_pairs=1 ee_box_normal=0.000
[GATE-CONTACT] step=195 F_W=(+0.0000,+0.0000,+0.0000) F_on_box=(-0.0000,-0.0000,-0.0000) n_face_out=(-0.0000,-0.0000,-0.0000) A_is_ee=0 box_q=(+1.00000,-0.00001,+0.00001,+0.00000) box_p=(+0.00000,+0.00000,+0.04999) ee_p=(+0.07675,-0.00176,+0.05439)
[ADMM-C3+] primal: 16.0140->3.6761  dual: 1145.9404->30.9361  mono=True  iters=25/25  rho=50.0
[ADMM-C3+] WARNING non-converged: pr=3.6761 dr=30.9361 tol=1e-03
[C3+] step=614 |u[0]|=11.82N λ_n_max=2.173 η_n_max=1.122 primal=3.676 iters=25/25 lcp_res_max=2.77e-08
[ADMIT-GUARD] step=196 admit_active=1 latch=0/0 ee_z=0.056 gate_cap=0
[ALT-GATE] step=196 target_stable=0/0 allow_descent=1
[GS-tgt] step=196 ee=(+0.077,-0.002,+0.056) p_repos=(-0.080,+0.012,+0.030) ee_to_target=0.160m target_label=prev_repos target_changed=N delta=0.000m
[GS] step=196 mode=free switch=kStayInRepos best_k=1 best_src=prev_repos curr_cost=65466.37 repos_cost=23602.37 best_other=23602.37 met_progress=Y steps_since_improve=22 switches=2
[STEP] step=196 mode=free t=1.960s ee=(+0.077,-0.002,+0.056) obj=(+0.000,+0.000,+0.050) goal_dist=0.300m switch=kStayInRepos target=(+0.077,-0.002,+0.058) ee_stride=0.002m ee_to_ptarget=0.160m landing_err=0.1678m ik_ok=Y ik_resid=0.0000m q_max_resid_deg=4.42 target_changed=Y retgt=N held_idx=1 held_cost=23602.37 won_cost=23602.37 margin=+0.00 won_src=prev_repos held_valid=Y reason=hold setpoint_to_ptarget=nanm finished_val=nanm finished_thresh=0.0200m pd_resid=nanm nextwp_to_ptarget=nanm guide_terminal_err=nanm
[GATE-EVOLVE] step=196 curr=65466.37 best_other=23602.37 ratio=2.7737 ee_to_optimal=0.0025m phi=0.0017m
[STAGE-A-TRACE] step=196 sim_t=1.960 mode=free phi=0.00174 box_xy=+0.00000,+0.00000 lam_n_ee_box=nan qy=+0.00001 qz=+0.00000 finished_repos=0
[DRAKE-CONTACT] step=196 n_pairs=1 ee_box_normal=0.000
[GATE-CONTACT] step=196 F_W=(+0.0000,+0.0000,+0.0000) F_on_box=(-0.0000,-0.0000,-0.0000) n_face_out=(-0.0000,-0.0000,-0.0000) A_is_ee=0 box_q=(+1.00000,-0.00001,+0.00001,+0.00000) box_p=(+0.00000,+0.00000,+0.04999) ee_p=(+0.07674,-0.00180,+0.05645)
[ADMM-C3+] primal: 16.0831->3.6626  dual: 1148.4010->31.4425  mono=True  iters=25/25  rho=50.0
[ADMM-C3+] WARNING non-converged: pr=3.6626 dr=31.4425 tol=1e-03
[C3+] step=617 |u[0]|=11.89N λ_n_max=2.156 η_n_max=1.168 primal=3.663 iters=25/25 lcp_res_max=2.70e-08
[ADMIT-GUARD] step=197 admit_active=1 latch=0/0 ee_z=0.059 gate_cap=0
[ALT-GATE] step=197 target_stable=0/0 allow_descent=1
[GS-tgt] step=197 ee=(+0.077,-0.002,+0.059) p_repos=(-0.080,+0.012,+0.030) ee_to_target=0.160m target_label=prev_repos target_changed=N delta=0.000m
[GS] step=197 mode=free switch=kStayInRepos best_k=1 best_src=prev_repos curr_cost=66832.58 repos_cost=23595.06 best_other=23595.06 met_progress=Y steps_since_improve=23 switches=2
[STEP] step=197 mode=free t=1.970s ee=(+0.077,-0.002,+0.059) obj=(+0.000,+0.000,+0.050) goal_dist=0.300m switch=kStayInRepos target=(+0.077,-0.002,+0.060) ee_stride=0.001m ee_to_ptarget=0.160m landing_err=0.1692m ik_ok=Y ik_resid=0.0000m q_max_resid_deg=4.69 target_changed=Y retgt=N held_idx=1 held_cost=23595.06 won_cost=23595.06 margin=+0.00 won_src=prev_repos held_valid=Y reason=hold setpoint_to_ptarget=nanm finished_val=nanm finished_thresh=0.0200m pd_resid=nanm nextwp_to_ptarget=nanm guide_terminal_err=nanm
[GATE-EVOLVE] step=197 curr=66832.58 best_other=23595.06 ratio=2.8325 ee_to_optimal=0.0025m phi=0.0017m
[STAGE-A-TRACE] step=197 sim_t=1.970 mode=free phi=0.00173 box_xy=+0.00000,+0.00000 lam_n_ee_box=nan qy=+0.00001 qz=+0.00000 finished_repos=0
[DRAKE-CONTACT] step=197 n_pairs=1 ee_box_normal=0.000
[GATE-CONTACT] step=197 F_W=(+0.0000,+0.0000,+0.0000) F_on_box=(-0.0000,-0.0000,-0.0000) n_face_out=(-0.0000,-0.0000,-0.0000) A_is_ee=0 box_q=(+1.00000,-0.00001,+0.00001,+0.00000) box_p=(+0.00000,+0.00000,+0.04999) ee_p=(+0.07674,-0.00184,+0.05850)
[ADMM-C3+] primal: 16.1423->3.6489  dual: 1150.9508->32.2748  mono=True  iters=25/25  rho=50.0
[ADMM-C3+] WARNING non-converged: pr=3.6489 dr=32.2748 tol=1e-03
[C3+] step=620 |u[0]|=12.11N λ_n_max=2.142 η_n_max=1.223 primal=3.649 iters=25/25 lcp_res_max=2.70e-08
[ADMIT-GUARD] step=198 admit_active=1 latch=0/0 ee_z=0.061 gate_cap=0
[ALT-GATE] step=198 target_stable=0/0 allow_descent=1
[GS-tgt] step=198 ee=(+0.077,-0.002,+0.061) p_repos=(-0.080,+0.012,+0.030) ee_to_target=0.160m target_label=prev_repos target_changed=N delta=0.000m
[GS] step=198 mode=free switch=kStayInRepos best_k=1 best_src=prev_repos curr_cost=68375.80 repos_cost=23637.17 best_other=23637.17 met_progress=Y steps_since_improve=24 switches=2
[STEP] step=198 mode=free t=1.980s ee=(+0.077,-0.002,+0.061) obj=(+0.000,+0.000,+0.050) goal_dist=0.300m switch=kStayInRepos target=(+0.077,-0.002,+0.062) ee_stride=0.001m ee_to_ptarget=0.160m landing_err=0.1707m ik_ok=Y ik_resid=0.0000m q_max_resid_deg=4.97 target_changed=Y retgt=N held_idx=1 held_cost=23637.17 won_cost=23637.17 margin=+0.00 won_src=prev_repos held_valid=Y reason=hold setpoint_to_ptarget=nanm finished_val=nanm finished_thresh=0.0200m pd_resid=nanm nextwp_to_ptarget=nanm guide_terminal_err=nanm
[GATE-EVOLVE] step=198 curr=68375.80 best_other=23637.17 ratio=2.8927 ee_to_optimal=0.0026m phi=0.0017m
[STAGE-A-TRACE] step=198 sim_t=1.980 mode=free phi=0.00173 box_xy=+0.00000,+0.00000 lam_n_ee_box=nan qy=+0.00001 qz=+0.00000 finished_repos=0
[DRAKE-CONTACT] step=198 n_pairs=1 ee_box_normal=0.000
[GATE-CONTACT] step=198 F_W=(+0.0000,+0.0000,+0.0000) F_on_box=(-0.0000,-0.0000,-0.0000) n_face_out=(-0.0000,-0.0000,-0.0000) A_is_ee=0 box_q=(+1.00000,-0.00001,+0.00001,+0.00000) box_p=(+0.00000,+0.00000,+0.04999) ee_p=(+0.07673,-0.00188,+0.06053)
[ADMM-C3+] primal: 16.1740->3.6527  dual: 1153.1700->33.6720  mono=True  iters=25/25  rho=50.0
[ADMM-C3+] WARNING non-converged: pr=3.6527 dr=33.6720 tol=1e-03
[C3+] step=623 |u[0]|=11.75N λ_n_max=2.084 η_n_max=1.258 primal=3.653 iters=25/25 lcp_res_max=2.42e-08
[ADMIT-GUARD] step=199 admit_active=1 latch=0/0 ee_z=0.063 gate_cap=0
[ALT-GATE] step=199 target_stable=0/0 allow_descent=1
[GS-tgt] step=199 ee=(+0.077,-0.002,+0.063) p_repos=(-0.080,+0.012,+0.030) ee_to_target=0.161m target_label=prev_repos target_changed=N delta=0.000m
[GS] step=199 mode=free switch=kStayInRepos best_k=1 best_src=prev_repos curr_cost=69902.38 repos_cost=23698.34 best_other=23698.34 met_progress=Y steps_since_improve=25 switches=2
[STEP] step=199 mode=free t=1.990s ee=(+0.077,-0.002,+0.063) obj=(+0.000,+0.000,+0.050) goal_dist=0.300m switch=kStayInRepos target=(+0.077,-0.002,+0.063) ee_stride=0.001m ee_to_ptarget=0.161m landing_err=0.1723m ik_ok=Y ik_resid=0.0000m q_max_resid_deg=5.25 target_changed=Y retgt=N held_idx=1 held_cost=23698.34 won_cost=23698.34 margin=+0.00 won_src=prev_repos held_valid=Y reason=hold setpoint_to_ptarget=nanm finished_val=nanm finished_thresh=0.0200m pd_resid=nanm nextwp_to_ptarget=nanm guide_terminal_err=nanm
[GATE-EVOLVE] step=199 curr=69902.38 best_other=23698.34 ratio=2.9497 ee_to_optimal=0.0026m phi=0.0017m
[STAGE-A-TRACE] step=199 sim_t=1.990 mode=free phi=0.00172 box_xy=+0.00000,+0.00000 lam_n_ee_box=nan qy=+0.00001 qz=+0.00000 finished_repos=0
[DRAKE-CONTACT] step=199 n_pairs=1 ee_box_normal=0.000
[GATE-CONTACT] step=199 F_W=(+0.0000,+0.0000,+0.0000) F_on_box=(-0.0000,-0.0000,-0.0000) n_face_out=(-0.0000,-0.0000,-0.0000) A_is_ee=0 box_q=(+1.00000,-0.00001,+0.00001,+0.00000) box_p=(+0.00000,+0.00000,+0.04999) ee_p=(+0.07673,-0.00192,+0.06253)
[ADMM-C3+] primal: 16.1062->3.6472  dual: 1153.0093->34.5823  mono=False  iters=25/25  rho=50.0
[ADMM-C3+] WARNING non-converged: pr=3.6472 dr=34.5823 tol=1e-03
[C3+] step=626 |u[0]|=12.44N λ_n_max=2.115 η_n_max=1.327 primal=3.647 iters=25/25 lcp_res_max=2.55e-08
[ADMIT-GUARD] step=200 admit_active=1 latch=0/0 ee_z=0.065 gate_cap=0
[ALT-GATE] step=200 target_stable=0/0 allow_descent=1
[GS-tgt] step=200 ee=(+0.077,-0.002,+0.065) p_repos=(-0.080,+0.012,+0.030) ee_to_target=0.161m target_label=prev_repos target_changed=N delta=0.000m
[IMP] step=200 mode=free |x_err|=0.0008m |tau_imp|=1.18Nm |tau_ff|=0.00Nm |tau_out|=1.18Nm sat=False lam_n=False lam_t=False
[GS] step=200 mode=free switch=kStayInRepos best_k=1 best_src=prev_repos curr_cost=71394.99 repos_cost=23737.14 best_other=23737.14 met_progress=Y steps_since_improve=26 switches=2
[STEP] step=200 mode=free t=2.000s ee=(+0.077,-0.002,+0.065) obj=(+0.000,+0.000,+0.050) goal_dist=0.300m switch=kStayInRepos target=(+0.077,-0.002,+0.065) ee_stride=0.001m ee_to_ptarget=0.161m landing_err=0.1740m ik_ok=Y ik_resid=0.0000m q_max_resid_deg=5.53 target_changed=Y retgt=N held_idx=1 held_cost=23737.14 won_cost=23737.14 margin=+0.00 won_src=prev_repos held_valid=Y reason=hold setpoint_to_ptarget=nanm finished_val=nanm finished_thresh=0.0200m pd_resid=nanm nextwp_to_ptarget=nanm guide_terminal_err=nanm
[GATE-EVOLVE] step=200 curr=71394.99 best_other=23737.14 ratio=3.0077 ee_to_optimal=0.0026m phi=0.0017m
[STAGE-A-TRACE] step=200 sim_t=2.000 mode=free phi=0.00172 box_xy=+0.00000,+0.00000 lam_n_ee_box=nan qy=+0.00001 qz=+0.00000 finished_repos=0
[GS-table] step=200
  k=0 (current   ) pos=(+0.077,-0.002,+0.065) c_C3= 101394.99 align=1.0000(bonus=30000.00) rot=+0.0000(bonus=    0.00) travel=0.000m(pen=  0.00) c_sample=  71394.99 feas=Y ik_err=0.0000m
  k=1 (prev_repos) pos=(-0.080,+0.012,+0.030) c_C3=  23704.93 align=0.0000(bonus=    0.00) rot=+0.0000(bonus=    0.00) travel=0.161m(pen= 32.21) c_sample=  23737.14 feas=Y ik_err=0.0000m  ← WIN
  k=2 (strat_0   ) pos=(-0.080,+0.012,+0.030) c_C3=  23704.93 align=0.0000(bonus=    0.00) rot=+0.0000(bonus=    0.00) travel=0.161m(pen= 32.21) c_sample=  23737.14 feas=Y ik_err=0.0000m
[DRAKE-CONTACT] step=200 n_pairs=1 ee_box_normal=0.000
[GATE-CONTACT] step=200 F_W=(+0.0000,+0.0000,+0.0000) F_on_box=(-0.0000,-0.0000,-0.0000) n_face_out=(-0.0000,-0.0000,-0.0000) A_is_ee=0 box_q=(+1.00000,-0.00001,+0.00001,+0.00000) box_p=(+0.00000,+0.00000,+0.04999) ee_p=(+0.07672,-0.00195,+0.06451)
[ADMM-C3+] primal: 16.4062->3.6577  dual: 1163.9265->36.2905  mono=False  iters=25/25  rho=50.0
[ADMM-C3+] WARNING non-converged: pr=3.6577 dr=36.2905 tol=1e-03
[C3+] step=629 |u[0]|=12.02N λ_n_max=2.056 η_n_max=1.372 primal=3.658 iters=25/25 lcp_res_max=2.25e-08
[ADMIT-GUARD] step=201 admit_active=1 latch=0/0 ee_z=0.066 gate_cap=0
[ALT-GATE] step=201 target_stable=0/0 allow_descent=1
[GS-tgt] step=201 ee=(+0.077,-0.002,+0.066) p_repos=(-0.080,+0.012,+0.030) ee_to_target=0.161m target_label=prev_repos target_changed=N delta=0.000m
[GS] step=201 mode=free switch=kStayInRepos best_k=1 best_src=prev_repos curr_cost=73115.21 repos_cost=23783.00 best_other=23783.00 met_progress=Y steps_since_improve=27 switches=2
[STEP] step=201 mode=free t=2.010s ee=(+0.077,-0.002,+0.066) obj=(+0.000,+0.000,+0.050) goal_dist=0.300m switch=kStayInRepos target=(+0.077,-0.002,+0.067) ee_stride=0.001m ee_to_ptarget=0.161m landing_err=0.1758m ik_ok=Y ik_resid=0.0000m q_max_resid_deg=5.82 target_changed=Y retgt=N held_idx=1 held_cost=23783.00 won_cost=23783.00 margin=+0.00 won_src=prev_repos held_valid=Y reason=hold setpoint_to_ptarget=nanm finished_val=nanm finished_thresh=0.0200m pd_resid=nanm nextwp_to_ptarget=nanm guide_terminal_err=nanm
[GATE-EVOLVE] step=201 curr=73115.21 best_other=23783.00 ratio=3.0743 ee_to_optimal=0.0026m phi=0.0017m
[STAGE-A-TRACE] step=201 sim_t=2.010 mode=free phi=0.00172 box_xy=+0.00000,+0.00000 lam_n_ee_box=nan qy=+0.00001 qz=+0.00000 finished_repos=0
  t=2.00s | ee=(0.077, -0.002, 0.066) | obj=(0.000, 0.000, 0.050) | |u|=1.11 Nm | goal_dist=0.300 m
[DRAKE-CONTACT] step=201 n_pairs=1 ee_box_normal=0.000
[GATE-CONTACT] step=201 F_W=(+0.0000,+0.0000,+0.0000) F_on_box=(-0.0000,-0.0000,-0.0000) n_face_out=(-0.0000,-0.0000,-0.0000) A_is_ee=0 box_q=(+1.00000,-0.00001,+0.00001,+0.00000) box_p=(+0.00000,+0.00000,+0.04999) ee_p=(+0.07672,-0.00198,+0.06647)
[ADMM-C3+] primal: 16.4907->3.6734  dual: 1169.2222->37.3572  mono=False  iters=25/25  rho=50.0
[ADMM-C3+] WARNING non-converged: pr=3.6734 dr=37.3572 tol=1e-03
[C3+] step=632 |u[0]|=11.90N λ_n_max=2.013 η_n_max=1.433 primal=3.673 iters=25/25 lcp_res_max=2.06e-08
[ADMIT-GUARD] step=202 admit_active=1 latch=0/0 ee_z=0.068 gate_cap=0
[ALT-GATE] step=202 target_stable=0/0 allow_descent=1
[GS-tgt] step=202 ee=(+0.077,-0.002,+0.068) p_repos=(-0.080,+0.012,+0.030) ee_to_target=0.162m target_label=prev_repos target_changed=N delta=0.000m
[GS] step=202 mode=free switch=kStayInRepos best_k=1 best_src=prev_repos curr_cost=74881.78 repos_cost=23897.00 best_other=23897.00 met_progress=Y steps_since_improve=28 switches=2
[STEP] step=202 mode=free t=2.020s ee=(+0.077,-0.002,+0.068) obj=(+0.000,+0.000,+0.050) goal_dist=0.300m switch=kStayInRepos target=(+0.077,-0.002,+0.069) ee_stride=0.000m ee_to_ptarget=0.162m landing_err=0.1776m ik_ok=Y ik_resid=0.0000m q_max_resid_deg=6.11 target_changed=Y retgt=N held_idx=1 held_cost=23897.00 won_cost=23897.00 margin=+0.00 won_src=prev_repos held_valid=Y reason=hold setpoint_to_ptarget=nanm finished_val=nanm finished_thresh=0.0200m pd_resid=nanm nextwp_to_ptarget=nanm guide_terminal_err=nanm
[GATE-EVOLVE] step=202 curr=74881.78 best_other=23897.00 ratio=3.1335 ee_to_optimal=0.0026m phi=0.0017m
[STAGE-A-TRACE] step=202 sim_t=2.020 mode=free phi=0.00171 box_xy=+0.00000,+0.00000 lam_n_ee_box=nan qy=+0.00001 qz=+0.00000 finished_repos=0
[DRAKE-CONTACT] step=202 n_pairs=1 ee_box_normal=0.000
[GATE-CONTACT] step=202 F_W=(+0.0000,+0.0000,+0.0000) F_on_box=(-0.0000,-0.0000,-0.0000) n_face_out=(-0.0000,-0.0000,-0.0000) A_is_ee=0 box_q=(+1.00000,-0.00001,+0.00001,+0.00000) box_p=(+0.00000,+0.00000,+0.04999) ee_p=(+0.07672,-0.00201,+0.06841)
[ADMM-C3+] primal: 16.5335->3.7087  dual: 1173.8318->38.1402  mono=False  iters=25/25  rho=50.0
[ADMM-C3+] WARNING non-converged: pr=3.7087 dr=38.1402 tol=1e-03
[C3+] step=635 |u[0]|=13.07N λ_n_max=2.057 η_n_max=1.519 primal=3.709 iters=25/25 lcp_res_max=2.29e-08
[ADMIT-GUARD] step=203 admit_active=1 latch=0/0 ee_z=0.070 gate_cap=0
[ALT-GATE] step=203 target_stable=0/0 allow_descent=1
[GS-tgt] step=203 ee=(+0.077,-0.002,+0.070) p_repos=(-0.080,+0.012,+0.030) ee_to_target=0.162m target_label=prev_repos target_changed=N delta=0.000m
[GS] step=203 mode=free switch=kStayInRepos best_k=1 best_src=prev_repos curr_cost=76566.74 repos_cost=24072.46 best_other=24072.46 met_progress=Y steps_since_improve=29 switches=2
[STEP] step=203 mode=free t=2.030s ee=(+0.077,-0.002,+0.070) obj=(+0.000,+0.000,+0.050) goal_dist=0.300m switch=kStayInRepos target=(+0.077,-0.002,+0.071) ee_stride=0.000m ee_to_ptarget=0.162m landing_err=0.1795m ik_ok=Y ik_resid=0.0000m q_max_resid_deg=6.41 target_changed=Y retgt=N held_idx=1 held_cost=24072.46 won_cost=24072.46 margin=+0.00 won_src=prev_repos held_valid=Y reason=hold setpoint_to_ptarget=nanm finished_val=nanm finished_thresh=0.0200m pd_resid=nanm nextwp_to_ptarget=nanm guide_terminal_err=nanm
[GATE-EVOLVE] step=203 curr=76566.74 best_other=24072.46 ratio=3.1807 ee_to_optimal=0.0027m phi=0.0017m
[STAGE-A-TRACE] step=203 sim_t=2.030 mode=free phi=0.00171 box_xy=+0.00000,+0.00000 lam_n_ee_box=nan qy=+0.00001 qz=+0.00000 finished_repos=0
[DRAKE-CONTACT] step=203 n_pairs=1 ee_box_normal=0.000
[GATE-CONTACT] step=203 F_W=(+0.0000,+0.0000,+0.0000) F_on_box=(-0.0000,-0.0000,-0.0000) n_face_out=(-0.0000,-0.0000,-0.0000) A_is_ee=0 box_q=(+1.00000,-0.00001,+0.00001,+0.00000) box_p=(+0.00000,+0.00000,+0.04999) ee_p=(+0.07671,-0.00203,+0.07033)
[ADMM-C3+] primal: 16.6268->3.7336  dual: 1180.1942->39.2474  mono=False  iters=25/25  rho=50.0
[ADMM-C3+] WARNING non-converged: pr=3.7336 dr=39.2474 tol=1e-03
[C3+] step=638 |u[0]|=13.67N λ_n_max=2.061 η_n_max=1.583 primal=3.734 iters=25/25 lcp_res_max=2.33e-08
[ADMIT-GUARD] step=204 admit_active=1 latch=0/0 ee_z=0.072 gate_cap=0
[ALT-GATE] step=204 target_stable=0/0 allow_descent=1
[GS-tgt] step=204 ee=(+0.077,-0.002,+0.072) p_repos=(-0.080,+0.012,+0.030) ee_to_target=0.163m target_label=prev_repos target_changed=N delta=0.000m
[GS] step=204 mode=free switch=kStayInRepos best_k=1 best_src=prev_repos curr_cost=78267.24 repos_cost=24133.14 best_other=24133.14 met_progress=Y steps_since_improve=30 switches=2
[STEP] step=204 mode=free t=2.040s ee=(+0.077,-0.002,+0.072) obj=(+0.000,+0.000,+0.050) goal_dist=0.300m switch=kStayInRepos target=(+0.077,-0.002,+0.072) ee_stride=0.000m ee_to_ptarget=0.163m landing_err=0.1814m ik_ok=Y ik_resid=0.0000m q_max_resid_deg=6.71 target_changed=Y retgt=N held_idx=1 held_cost=24133.14 won_cost=24133.14 margin=+0.00 won_src=prev_repos held_valid=Y reason=hold setpoint_to_ptarget=nanm finished_val=nanm finished_thresh=0.0200m pd_resid=nanm nextwp_to_ptarget=nanm guide_terminal_err=nanm
[GATE-EVOLVE] step=204 curr=78267.24 best_other=24133.14 ratio=3.2431 ee_to_optimal=0.0027m phi=0.0017m
[STAGE-A-TRACE] step=204 sim_t=2.040 mode=free phi=0.00171 box_xy=+0.00000,+0.00000 lam_n_ee_box=nan qy=+0.00001 qz=+0.00000 finished_repos=0
[DRAKE-CONTACT] step=204 n_pairs=1 ee_box_normal=0.000
[GATE-CONTACT] step=204 F_W=(+0.0000,+0.0000,+0.0000) F_on_box=(-0.0000,-0.0000,-0.0000) n_face_out=(-0.0000,-0.0000,-0.0000) A_is_ee=0 box_q=(+1.00000,-0.00001,+0.00001,+0.00000) box_p=(+0.00000,+0.00000,+0.04999) ee_p=(+0.07671,-0.00205,+0.07224)
[ADMM-C3+] primal: 16.5862->3.7690  dual: 1184.0068->40.4139  mono=True  iters=25/25  rho=50.0
[ADMM-C3+] WARNING non-converged: pr=3.7690 dr=40.4139 tol=1e-03
[C3+] step=641 |u[0]|=12.99N λ_n_max=1.966 η_n_max=1.621 primal=3.769 iters=25/25 lcp_res_max=1.97e-08
[ADMIT-GUARD] step=205 admit_active=1 latch=0/0 ee_z=0.074 gate_cap=0
[ALT-GATE] step=205 target_stable=0/0 allow_descent=1
[GS-tgt] step=205 ee=(+0.077,-0.002,+0.074) p_repos=(-0.080,+0.012,+0.030) ee_to_target=0.163m target_label=prev_repos target_changed=N delta=0.000m
[GS] step=205 mode=free switch=kStayInRepos best_k=1 best_src=prev_repos curr_cost=80242.18 repos_cost=24272.00 best_other=24272.00 met_progress=Y steps_since_improve=31 switches=2
[STEP] step=205 mode=free t=2.050s ee=(+0.077,-0.002,+0.074) obj=(+0.000,+0.000,+0.050) goal_dist=0.300m switch=kStayInRepos target=(+0.077,-0.002,+0.074) ee_stride=0.000m ee_to_ptarget=0.163m landing_err=0.1835m ik_ok=Y ik_resid=0.0000m q_max_resid_deg=7.01 target_changed=Y retgt=N held_idx=1 held_cost=24272.00 won_cost=24272.00 margin=+0.00 won_src=prev_repos held_valid=Y reason=hold setpoint_to_ptarget=nanm finished_val=nanm finished_thresh=0.0200m pd_resid=nanm nextwp_to_ptarget=nanm guide_terminal_err=nanm
[GATE-EVOLVE] step=205 curr=80242.18 best_other=24272.00 ratio=3.3060 ee_to_optimal=0.0027m phi=0.0017m
[STAGE-A-TRACE] step=205 sim_t=2.050 mode=free phi=0.00171 box_xy=+0.00000,+0.00000 lam_n_ee_box=nan qy=+0.00001 qz=+0.00000 finished_repos=0
[DRAKE-CONTACT] step=205 n_pairs=1 ee_box_normal=0.000
[GATE-CONTACT] step=205 F_W=(+0.0000,+0.0000,+0.0000) F_on_box=(-0.0000,-0.0000,-0.0000) n_face_out=(-0.0000,-0.0000,-0.0000) A_is_ee=0 box_q=(+1.00000,-0.00001,+0.00001,+0.00000) box_p=(+0.00000,+0.00000,+0.04999) ee_p=(+0.07671,-0.00207,+0.07413)
[ADMM-C3+] primal: 16.7489->3.8078  dual: 1193.4039->40.5897  mono=False  iters=25/25  rho=50.0
[ADMM-C3+] WARNING non-converged: pr=3.8078 dr=40.5897 tol=1e-03
[C3+] step=644 |u[0]|=13.72N λ_n_max=1.920 η_n_max=1.703 primal=3.808 iters=25/25 lcp_res_max=2.03e-08
[ADMIT-GUARD] step=206 admit_active=1 latch=0/0 ee_z=0.076 gate_cap=0
[ALT-GATE] step=206 target_stable=0/0 allow_descent=1
[GS-tgt] step=206 ee=(+0.077,-0.002,+0.076) p_repos=(-0.080,+0.012,+0.030) ee_to_target=0.164m target_label=prev_repos target_changed=N delta=0.000m
[GS] step=206 mode=free switch=kStayInRepos best_k=1 best_src=prev_repos curr_cost=82349.13 repos_cost=24392.25 best_other=24392.25 met_progress=Y steps_since_improve=32 switches=2
[STEP] step=206 mode=free t=2.060s ee=(+0.077,-0.002,+0.076) obj=(+0.000,+0.000,+0.050) goal_dist=0.300m switch=kStayInRepos target=(+0.077,-0.002,+0.076) ee_stride=0.000m ee_to_ptarget=0.164m landing_err=0.1856m ik_ok=Y ik_resid=0.0000m q_max_resid_deg=7.32 target_changed=Y retgt=N held_idx=1 held_cost=24392.25 won_cost=24392.25 margin=+0.00 won_src=prev_repos held_valid=Y reason=hold setpoint_to_ptarget=nanm finished_val=nanm finished_thresh=0.0200m pd_resid=nanm nextwp_to_ptarget=nanm guide_terminal_err=nanm
[GATE-EVOLVE] step=206 curr=82349.13 best_other=24392.25 ratio=3.3760 ee_to_optimal=0.0027m phi=0.0017m
[STAGE-A-TRACE] step=206 sim_t=2.060 mode=free phi=0.00170 box_xy=+0.00000,+0.00000 lam_n_ee_box=nan qy=+0.00001 qz=+0.00000 finished_repos=0
[DRAKE-CONTACT] step=206 n_pairs=1 ee_box_normal=0.000
[GATE-CONTACT] step=206 F_W=(+0.0000,+0.0000,+0.0000) F_on_box=(-0.0000,-0.0000,-0.0000) n_face_out=(-0.0000,-0.0000,-0.0000) A_is_ee=0 box_q=(+1.00000,-0.00001,+0.00001,+0.00000) box_p=(+0.00000,+0.00000,+0.04999) ee_p=(+0.07671,-0.00209,+0.07601)
[ADMM-C3+] primal: 20.8115->4.5325  dual: 1979.9025->41.6396  mono=True  iters=25/25  rho=50.0
[ADMM-C3+] WARNING non-converged: pr=4.5325 dr=41.6396 tol=1e-03
[C3+] step=647 |u[0]|=16.12N λ_n_max=2.274 η_n_max=0.485 primal=4.532 iters=25/25 lcp_res_max=5.98e-08
[ADMIT-GUARD] step=207 admit_active=1 latch=0/0 ee_z=0.078 gate_cap=0
[ALT-GATE] step=207 target_stable=0/0 allow_descent=1
[GS-tgt] step=207 ee=(+0.077,-0.002,+0.078) p_repos=(-0.080,+0.012,+0.030) ee_to_target=0.164m target_label=prev_repos target_changed=N delta=0.000m
[GS] step=207 mode=free switch=kStayInRepos best_k=1 best_src=prev_repos curr_cost=55682.96 repos_cost=23942.97 best_other=23942.97 met_progress=Y steps_since_improve=0 switches=2
[STEP] step=207 mode=free t=2.070s ee=(+0.077,-0.002,+0.078) obj=(-0.000,-0.000,+0.050) goal_dist=0.300m switch=kStayInRepos target=(+0.077,-0.002,+0.078) ee_stride=0.000m ee_to_ptarget=0.164m landing_err=0.1877m ik_ok=Y ik_resid=0.0000m q_max_resid_deg=7.65 target_changed=Y retgt=N held_idx=1 held_cost=23942.97 won_cost=23942.97 margin=+0.00 won_src=prev_repos held_valid=Y reason=hold setpoint_to_ptarget=nanm finished_val=nanm finished_thresh=0.0200m pd_resid=nanm nextwp_to_ptarget=nanm guide_terminal_err=nanm
[GATE-EVOLVE] step=207 curr=55682.96 best_other=23942.97 ratio=2.3256 ee_to_optimal=0.0027m phi=0.0017m
[STAGE-A-TRACE] step=207 sim_t=2.070 mode=free phi=0.00171 box_xy=-0.00000,-0.00000 lam_n_ee_box=nan qy=-0.00001 qz=-0.00000 finished_repos=0
[DRAKE-CONTACT] step=207 n_pairs=1 ee_box_normal=0.000
[GATE-CONTACT] step=207 F_W=(+0.0000,+0.0000,+0.0000) F_on_box=(-0.0000,-0.0000,-0.0000) n_face_out=(-0.0000,-0.0000,-0.0000) A_is_ee=0 box_q=(+1.00000,+0.00001,-0.00001,-0.00000) box_p=(-0.00000,-0.00000,+0.04999) ee_p=(+0.07670,-0.00210,+0.07769)
[ADMM-C3+] primal: 21.0009->4.5648  dual: 1985.7401->42.1841  mono=True  iters=25/25  rho=50.0
[ADMM-C3+] WARNING non-converged: pr=4.5648 dr=42.1841 tol=1e-03
[C3+] step=650 |u[0]|=15.73N λ_n_max=2.200 η_n_max=0.483 primal=4.565 iters=25/25 lcp_res_max=5.97e-08
[ADMIT-GUARD] step=208 admit_active=1 latch=0/0 ee_z=0.080 gate_cap=0
[ALT-GATE] step=208 target_stable=0/0 allow_descent=1
[GS-tgt] step=208 ee=(+0.077,-0.002,+0.080) p_repos=(-0.080,+0.012,+0.030) ee_to_target=0.165m target_label=prev_repos target_changed=N delta=0.000m
[GS] step=208 mode=free switch=kStayInRepos best_k=1 best_src=prev_repos curr_cost=57805.69 repos_cost=24048.16 best_other=24048.16 met_progress=Y steps_since_improve=1 switches=2
[STEP] step=208 mode=free t=2.080s ee=(+0.077,-0.002,+0.080) obj=(-0.000,-0.000,+0.050) goal_dist=0.300m switch=kStayInRepos target=(+0.077,-0.002,+0.080) ee_stride=0.000m ee_to_ptarget=0.165m landing_err=0.1899m ik_ok=Y ik_resid=0.0000m q_max_resid_deg=7.97 target_changed=Y retgt=N held_idx=1 held_cost=24048.16 won_cost=24048.16 margin=+0.00 won_src=prev_repos held_valid=Y reason=hold setpoint_to_ptarget=nanm finished_val=nanm finished_thresh=0.0200m pd_resid=nanm nextwp_to_ptarget=nanm guide_terminal_err=nanm
[GATE-EVOLVE] step=208 curr=57805.69 best_other=24048.16 ratio=2.4037 ee_to_optimal=0.0027m phi=0.0017m
[STAGE-A-TRACE] step=208 sim_t=2.080 mode=free phi=0.00170 box_xy=-0.00000,-0.00000 lam_n_ee_box=nan qy=-0.00001 qz=-0.00000 finished_repos=0
[DRAKE-CONTACT] step=208 n_pairs=1 ee_box_normal=0.000
[GATE-CONTACT] step=208 F_W=(+0.0000,+0.0000,+0.0000) F_on_box=(-0.0000,-0.0000,-0.0000) n_face_out=(-0.0000,-0.0000,-0.0000) A_is_ee=0 box_q=(+1.00000,+0.00001,-0.00001,-0.00000) box_p=(-0.00000,-0.00000,+0.04999) ee_p=(+0.07670,-0.00211,+0.07955)
[ADMM-C3+] primal: 21.0012->4.5581  dual: 1987.8131->42.1475  mono=True  iters=25/25  rho=50.0
[ADMM-C3+] WARNING non-converged: pr=4.5581 dr=42.1475 tol=1e-03
[C3+] step=653 |u[0]|=16.26N λ_n_max=2.196 η_n_max=0.489 primal=4.558 iters=25/25 lcp_res_max=5.99e-08
[ADMIT-GUARD] step=209 admit_active=1 latch=0/0 ee_z=0.081 gate_cap=0
[ALT-GATE] step=209 target_stable=0/0 allow_descent=1
[GS-tgt] step=209 ee=(+0.077,-0.002,+0.081) p_repos=(-0.080,+0.012,+0.030) ee_to_target=0.165m target_label=prev_repos target_changed=N delta=0.000m
[GS] step=209 mode=free switch=kStayInRepos best_k=1 best_src=prev_repos curr_cost=59829.31 repos_cost=24295.29 best_other=24295.29 met_progress=Y steps_since_improve=2 switches=2
[STEP] step=209 mode=free t=2.090s ee=(+0.077,-0.002,+0.081) obj=(-0.000,-0.000,+0.050) goal_dist=0.300m switch=kStayInRepos target=(+0.077,-0.002,+0.081) ee_stride=0.000m ee_to_ptarget=0.165m landing_err=0.1922m ik_ok=Y ik_resid=0.0000m q_max_resid_deg=8.28 target_changed=Y retgt=N held_idx=1 held_cost=24295.29 won_cost=24295.29 margin=+0.00 won_src=prev_repos held_valid=Y reason=hold setpoint_to_ptarget=nanm finished_val=nanm finished_thresh=0.0200m pd_resid=nanm nextwp_to_ptarget=nanm guide_terminal_err=nanm
[GATE-EVOLVE] step=209 curr=59829.31 best_other=24295.29 ratio=2.4626 ee_to_optimal=0.0027m phi=0.0017m
[STAGE-A-TRACE] step=209 sim_t=2.090 mode=free phi=0.00170 box_xy=-0.00000,-0.00000 lam_n_ee_box=nan qy=-0.00001 qz=-0.00000 finished_repos=0
[DRAKE-CONTACT] step=209 n_pairs=1 ee_box_normal=0.000
[GATE-CONTACT] step=209 F_W=(+0.0000,+0.0000,+0.0000) F_on_box=(-0.0000,-0.0000,-0.0000) n_face_out=(-0.0000,-0.0000,-0.0000) A_is_ee=0 box_q=(+1.00000,+0.00001,-0.00001,-0.00000) box_p=(-0.00000,-0.00000,+0.04999) ee_p=(+0.07670,-0.00211,+0.08141)
[ADMM-C3+] primal: 21.1812->4.5423  dual: 1994.3935->42.6864  mono=True  iters=25/25  rho=50.0
[ADMM-C3+] WARNING non-converged: pr=4.5423 dr=42.6864 tol=1e-03
[C3+] step=656 |u[0]|=15.13N λ_n_max=2.107 η_n_max=0.484 primal=4.542 iters=25/25 lcp_res_max=5.67e-08
[ADMIT-GUARD] step=210 admit_active=1 latch=0/0 ee_z=0.083 gate_cap=0
[ALT-GATE] step=210 target_stable=0/0 allow_descent=1
[GS-tgt] step=210 ee=(+0.077,-0.002,+0.083) p_repos=(-0.080,+0.012,+0.030) ee_to_target=0.166m target_label=prev_repos target_changed=N delta=0.000m
[IMP] step=210 mode=free |x_err|=0.0003m |tau_imp|=0.47Nm |tau_ff|=0.00Nm |tau_out|=0.47Nm sat=False lam_n=False lam_t=False
[GS] step=210 mode=free switch=kStayInRepos best_k=1 best_src=prev_repos curr_cost=62263.63 repos_cost=24404.39 best_other=24404.39 met_progress=Y steps_since_improve=3 switches=2
[STEP] step=210 mode=free t=2.100s ee=(+0.077,-0.002,+0.083) obj=(-0.000,-0.000,+0.050) goal_dist=0.300m switch=kStayInRepos target=(+0.077,-0.002,+0.083) ee_stride=0.000m ee_to_ptarget=0.166m landing_err=0.1945m ik_ok=Y ik_resid=0.0000m q_max_resid_deg=8.59 target_changed=Y retgt=N held_idx=1 held_cost=24404.39 won_cost=24404.39 margin=+0.00 won_src=prev_repos held_valid=Y reason=hold setpoint_to_ptarget=nanm finished_val=nanm finished_thresh=0.0200m pd_resid=nanm nextwp_to_ptarget=nanm guide_terminal_err=nanm
[GATE-EVOLVE] step=210 curr=62263.63 best_other=24404.39 ratio=2.5513 ee_to_optimal=0.0027m phi=0.0017m
[STAGE-A-TRACE] step=210 sim_t=2.100 mode=free phi=0.00170 box_xy=-0.00000,-0.00000 lam_n_ee_box=nan qy=-0.00001 qz=-0.00000 finished_repos=0
[DRAKE-CONTACT] step=210 n_pairs=1 ee_box_normal=0.000
[GATE-CONTACT] step=210 F_W=(+0.0000,+0.0000,+0.0000) F_on_box=(-0.0000,-0.0000,-0.0000) n_face_out=(-0.0000,-0.0000,-0.0000) A_is_ee=0 box_q=(+1.00000,+0.00001,-0.00001,-0.00000) box_p=(-0.00000,-0.00000,+0.04999) ee_p=(+0.07670,-0.00212,+0.08326)
[ADMM-C3+] primal: 21.2550->4.4813  dual: 1999.1361->40.1285  mono=True  iters=25/25  rho=50.0
[ADMM-C3+] WARNING non-converged: pr=4.4813 dr=40.1285 tol=1e-03
[C3+] step=659 |u[0]|=16.02N λ_n_max=2.085 η_n_max=0.471 primal=4.481 iters=25/25 lcp_res_max=5.69e-08
[ADMIT-GUARD] step=211 admit_active=1 latch=0/0 ee_z=0.085 gate_cap=0
[ALT-GATE] step=211 target_stable=0/0 allow_descent=1
[GS-tgt] step=211 ee=(+0.077,-0.002,+0.085) p_repos=(-0.080,+0.012,+0.030) ee_to_target=0.167m target_label=prev_repos target_changed=N delta=0.000m
[GS] step=211 mode=free switch=kStayInRepos best_k=1 best_src=prev_repos curr_cost=64384.90 repos_cost=24565.57 best_other=24565.57 met_progress=Y steps_since_improve=4 switches=2
[STEP] step=211 mode=free t=2.110s ee=(+0.077,-0.002,+0.085) obj=(-0.000,-0.000,+0.050) goal_dist=0.300m switch=kStayInRepos target=(+0.077,-0.002,+0.085) ee_stride=0.000m ee_to_ptarget=0.167m landing_err=0.1969m ik_ok=Y ik_resid=0.0000m q_max_resid_deg=8.91 target_changed=Y retgt=N held_idx=1 held_cost=24565.57 won_cost=24565.57 margin=+0.00 won_src=prev_repos held_valid=Y reason=hold setpoint_to_ptarget=nanm finished_val=nanm finished_thresh=0.0200m pd_resid=nanm nextwp_to_ptarget=nanm guide_terminal_err=nanm
[GATE-EVOLVE] step=211 curr=64384.90 best_other=24565.57 ratio=2.6209 ee_to_optimal=0.0027m phi=0.0017m
[STAGE-A-TRACE] step=211 sim_t=2.110 mode=free phi=0.00170 box_xy=-0.00000,-0.00000 lam_n_ee_box=nan qy=-0.00001 qz=-0.00000 finished_repos=0
[DRAKE-CONTACT] step=211 n_pairs=1 ee_box_normal=0.000
[GATE-CONTACT] step=211 F_W=(+0.0000,+0.0000,+0.0000) F_on_box=(-0.0000,-0.0000,-0.0000) n_face_out=(-0.0000,-0.0000,-0.0000) A_is_ee=0 box_q=(+1.00000,+0.00001,-0.00001,-0.00000) box_p=(-0.00000,-0.00000,+0.04999) ee_p=(+0.07670,-0.00212,+0.08511)
[ADMM-C3+] primal: 21.4351->4.4425  dual: 2005.8352->42.1103  mono=True  iters=25/25  rho=50.0
[ADMM-C3+] WARNING non-converged: pr=4.4425 dr=42.1103 tol=1e-03
[C3+] step=662 |u[0]|=16.05N λ_n_max=2.034 η_n_max=0.463 primal=4.443 iters=25/25 lcp_res_max=5.50e-08
[ADMIT-GUARD] step=212 admit_active=1 latch=0/0 ee_z=0.087 gate_cap=0
[ALT-GATE] step=212 target_stable=0/0 allow_descent=1
[GS-tgt] step=212 ee=(+0.077,-0.002,+0.087) p_repos=(-0.080,+0.012,+0.030) ee_to_target=0.167m target_label=prev_repos target_changed=N delta=0.000m
[GS] step=212 mode=free switch=kStayInRepos best_k=1 best_src=prev_repos curr_cost=66832.77 repos_cost=24767.90 best_other=24767.90 met_progress=Y steps_since_improve=5 switches=2
[STEP] step=212 mode=free t=2.120s ee=(+0.077,-0.002,+0.087) obj=(-0.000,-0.000,+0.050) goal_dist=0.300m switch=kStayInRepos target=(+0.077,-0.002,+0.087) ee_stride=0.000m ee_to_ptarget=0.167m landing_err=0.1937m ik_ok=Y ik_resid=0.0000m q_max_resid_deg=8.57 target_changed=Y retgt=N held_idx=1 held_cost=24767.90 won_cost=24767.90 margin=+0.00 won_src=prev_repos held_valid=Y reason=hold setpoint_to_ptarget=nanm finished_val=nanm finished_thresh=0.0200m pd_resid=nanm nextwp_to_ptarget=nanm guide_terminal_err=nanm
[GATE-EVOLVE] step=212 curr=66832.77 best_other=24767.90 ratio=2.6984 ee_to_optimal=0.0027m phi=0.0017m
[STAGE-A-TRACE] step=212 sim_t=2.120 mode=free phi=0.00170 box_xy=-0.00000,-0.00000 lam_n_ee_box=nan qy=-0.00001 qz=-0.00000 finished_repos=0
[DRAKE-CONTACT] step=212 n_pairs=1 ee_box_normal=0.000
[GATE-CONTACT] step=212 F_W=(+0.0000,+0.0000,+0.0000) F_on_box=(-0.0000,-0.0000,-0.0000) n_face_out=(-0.0000,-0.0000,-0.0000) A_is_ee=0 box_q=(+1.00000,+0.00001,-0.00001,-0.00000) box_p=(-0.00000,-0.00000,+0.04999) ee_p=(+0.07670,-0.00212,+0.08695)
[ADMM-C3+] primal: 21.5507->4.4462  dual: 2011.6304->42.9276  mono=True  iters=25/25  rho=50.0
[ADMM-C3+] WARNING non-converged: pr=4.4462 dr=42.9276 tol=1e-03
[C3+] step=665 |u[0]|=16.60N λ_n_max=1.969 η_n_max=0.465 primal=4.446 iters=25/25 lcp_res_max=5.32e-08
[ADMIT-GUARD] step=213 admit_active=1 latch=0/0 ee_z=0.089 gate_cap=0
[ALT-GATE] step=213 target_stable=0/0 allow_descent=1
[GS-tgt] step=213 ee=(+0.077,-0.002,+0.089) p_repos=(-0.080,+0.012,+0.030) ee_to_target=0.168m target_label=prev_repos target_changed=N delta=0.000m
[GS] step=213 mode=free switch=kStayInRepos best_k=1 best_src=prev_repos curr_cost=69446.30 repos_cost=24993.40 best_other=24993.40 met_progress=Y steps_since_improve=6 switches=2
[STEP] step=213 mode=free t=2.130s ee=(+0.077,-0.002,+0.089) obj=(-0.000,-0.000,+0.050) goal_dist=0.300m switch=kStayInRepos target=(+0.077,-0.002,+0.089) ee_stride=0.000m ee_to_ptarget=0.168m landing_err=0.1906m ik_ok=Y ik_resid=0.0000m q_max_resid_deg=8.21 target_changed=Y retgt=N held_idx=1 held_cost=24993.40 won_cost=24993.40 margin=+0.00 won_src=prev_repos held_valid=Y reason=hold setpoint_to_ptarget=nanm finished_val=nanm finished_thresh=0.0200m pd_resid=nanm nextwp_to_ptarget=nanm guide_terminal_err=nanm
[GATE-EVOLVE] step=213 curr=69446.30 best_other=24993.40 ratio=2.7786 ee_to_optimal=0.0027m phi=0.0017m
[STAGE-A-TRACE] step=213 sim_t=2.130 mode=free phi=0.00170 box_xy=-0.00000,-0.00000 lam_n_ee_box=nan qy=-0.00001 qz=-0.00000 finished_repos=0
[DRAKE-CONTACT] step=213 n_pairs=1 ee_box_normal=0.000
[GATE-CONTACT] step=213 F_W=(+0.0000,+0.0000,+0.0000) F_on_box=(-0.0000,-0.0000,-0.0000) n_face_out=(-0.0000,-0.0000,-0.0000) A_is_ee=0 box_q=(+1.00000,+0.00001,-0.00001,-0.00000) box_p=(-0.00000,-0.00000,+0.04999) ee_p=(+0.07670,-0.00212,+0.08879)
[PERSIST] step=214 refresh n_strategy=1 samples=[(-0.0497, 0.08, 0.03)]
[ADMM-C3+] primal: 21.7141->4.4332  dual: 2018.7671->40.1511  mono=True  iters=25/25  rho=50.0
[ADMM-C3+] WARNING non-converged: pr=4.4332 dr=40.1511 tol=1e-03
[C3+] step=668 |u[0]|=15.20N λ_n_max=1.860 η_n_max=0.443 primal=4.433 iters=25/25 lcp_res_max=5.17e-08
[ADMIT-GUARD] step=214 admit_active=1 latch=0/0 ee_z=0.091 gate_cap=0
[ALT-GATE] step=214 target_stable=0/0 allow_descent=1
[GS-tgt] step=214 ee=(+0.077,-0.002,+0.091) p_repos=(-0.050,+0.080,+0.030) ee_to_target=0.162m target_label=strat_0 target_changed=Y delta=0.075m
[STAGE-A-PWL] step=214 sim_t=2.140 build p_start=(+0.0767,-0.0021,+0.0906) p_target=(-0.0497,+0.0800,+0.0300) K=4 t_end=3.974
[GS] step=214 mode=free switch=kStayInRepos best_k=2 best_src=strat_0 curr_cost=72173.25 repos_cost=24965.44 best_other=24965.44 met_progress=Y steps_since_improve=7 switches=2
[STEP] step=214 mode=free t=2.140s ee=(+0.077,-0.002,+0.091) obj=(-0.000,-0.000,+0.050) goal_dist=0.300m switch=kStayInRepos target=(+0.077,-0.002,+0.091) ee_stride=0.000m ee_to_ptarget=0.162m landing_err=0.1640m ik_ok=Y ik_resid=0.0001m q_max_resid_deg=0.54 target_changed=Y retgt=Y held_idx=1 held_cost=25267.07 won_cost=24965.44 margin=+301.64 won_src=strat_0 held_valid=Y reason=new_sample_better setpoint_to_ptarget=nanm finished_val=nanm finished_thresh=0.0200m pd_resid=nanm nextwp_to_ptarget=nanm guide_terminal_err=nanm
[GATE-EVOLVE] step=214 curr=72173.25 best_other=24965.44 ratio=2.8909 ee_to_optimal=0.0027m phi=0.0017m
[STAGE-A-TRACE] step=214 sim_t=2.140 mode=free phi=0.00170 box_xy=-0.00000,-0.00000 lam_n_ee_box=nan qy=-0.00001 qz=-0.00000 finished_repos=0
[DRAKE-CONTACT] step=214 n_pairs=1 ee_box_normal=0.000
[GATE-CONTACT] step=214 F_W=(+0.0000,+0.0000,+0.0000) F_on_box=(-0.0000,-0.0000,-0.0000) n_face_out=(-0.0000,-0.0000,-0.0000) A_is_ee=0 box_q=(+1.00000,+0.00001,-0.00001,-0.00000) box_p=(-0.00000,-0.00000,+0.04999) ee_p=(+0.07670,-0.00212,+0.09062)
[ADMM-C3+] primal: 21.8630->4.4338  dual: 2026.0998->42.5503  mono=False  iters=25/25  rho=50.0
[ADMM-C3+] WARNING non-converged: pr=4.4338 dr=42.5503 tol=1e-03
[C3+] step=671 |u[0]|=16.74N λ_n_max=1.809 η_n_max=0.447 primal=4.434 iters=25/25 lcp_res_max=5.14e-08
[ADMIT-GUARD] step=215 admit_active=1 latch=0/0 ee_z=0.092 gate_cap=0
[ALT-GATE] step=215 target_stable=0/0 allow_descent=1
[GS-tgt] step=215 ee=(+0.077,-0.002,+0.092) p_repos=(-0.050,+0.080,+0.030) ee_to_target=0.163m target_label=prev_repos target_changed=N delta=0.000m
[GS] step=215 mode=free switch=kStayInRepos best_k=1 best_src=prev_repos curr_cost=74849.78 repos_cost=25209.35 best_other=25209.35 met_progress=Y steps_since_improve=0 switches=2
[STEP] step=215 mode=free t=2.150s ee=(+0.077,-0.002,+0.092) obj=(-0.000,-0.000,+0.050) goal_dist=0.300m switch=kStayInRepos target=(+0.077,-0.002,+0.092) ee_stride=0.000m ee_to_ptarget=0.163m landing_err=0.1656m ik_ok=Y ik_resid=0.0002m q_max_resid_deg=0.83 target_changed=Y retgt=N held_idx=1 held_cost=25209.35 won_cost=25209.35 margin=+0.00 won_src=prev_repos held_valid=Y reason=hold setpoint_to_ptarget=nanm finished_val=nanm finished_thresh=0.0200m pd_resid=nanm nextwp_to_ptarget=nanm guide_terminal_err=nanm
[GATE-EVOLVE] step=215 curr=74849.78 best_other=25209.35 ratio=2.9691 ee_to_optimal=0.0027m phi=0.0017m
[STAGE-A-TRACE] step=215 sim_t=2.150 mode=free phi=0.00170 box_xy=-0.00000,-0.00000 lam_n_ee_box=nan qy=-0.00001 qz=-0.00000 finished_repos=0
[DRAKE-CONTACT] step=215 n_pairs=1 ee_box_normal=0.000
[GATE-CONTACT] step=215 F_W=(+0.0000,+0.0000,+0.0000) F_on_box=(-0.0000,-0.0000,-0.0000) n_face_out=(-0.0000,-0.0000,-0.0000) A_is_ee=0 box_q=(+1.00000,+0.00001,-0.00001,-0.00000) box_p=(-0.00000,-0.00000,+0.04999) ee_p=(+0.07669,-0.00213,+0.09245)
[ADMM-C3+] primal: 21.9654->4.4476  dual: 2033.0387->44.8823  mono=False  iters=25/25  rho=50.0
[ADMM-C3+] WARNING non-converged: pr=4.4476 dr=44.8823 tol=1e-03
[C3+] step=674 |u[0]|=17.00N λ_n_max=1.725 η_n_max=0.445 primal=4.448 iters=25/25 lcp_res_max=5.18e-08
[ADMIT-GUARD] step=216 admit_active=1 latch=0/0 ee_z=0.094 gate_cap=0
[ALT-GATE] step=216 target_stable=0/0 allow_descent=1
[GS-tgt] step=216 ee=(+0.077,-0.002,+0.094) p_repos=(-0.050,+0.080,+0.030) ee_to_target=0.164m target_label=prev_repos target_changed=N delta=0.000m
[GS] step=216 mode=free switch=kStayInRepos best_k=1 best_src=prev_repos curr_cost=77689.56 repos_cost=25439.97 best_other=25439.97 met_progress=Y steps_since_improve=1 switches=2
[STEP] step=216 mode=free t=2.160s ee=(+0.077,-0.002,+0.094) obj=(-0.000,-0.000,+0.050) goal_dist=0.300m switch=kStayInRepos target=(+0.077,-0.002,+0.094) ee_stride=0.000m ee_to_ptarget=0.164m landing_err=0.1673m ik_ok=Y ik_resid=0.0003m q_max_resid_deg=1.12 target_changed=Y retgt=N held_idx=1 held_cost=25439.97 won_cost=25439.97 margin=+0.00 won_src=prev_repos held_valid=Y reason=hold setpoint_to_ptarget=nanm finished_val=nanm finished_thresh=0.0200m pd_resid=nanm nextwp_to_ptarget=nanm guide_terminal_err=nanm
[GATE-EVOLVE] step=216 curr=77689.56 best_other=25439.97 ratio=3.0538 ee_to_optimal=0.0027m phi=0.0017m
[STAGE-A-TRACE] step=216 sim_t=2.160 mode=free phi=0.00170 box_xy=-0.00000,-0.00000 lam_n_ee_box=nan qy=-0.00001 qz=-0.00000 finished_repos=0
[DRAKE-CONTACT] step=216 n_pairs=1 ee_box_normal=0.000
[GATE-CONTACT] step=216 F_W=(+0.0000,+0.0000,+0.0000) F_on_box=(-0.0000,-0.0000,-0.0000) n_face_out=(-0.0000,-0.0000,-0.0000) A_is_ee=0 box_q=(+1.00000,+0.00001,-0.00001,-0.00000) box_p=(-0.00000,-0.00000,+0.04999) ee_p=(+0.07669,-0.00214,+0.09428)
[ADMM-C3+] primal: 22.0718->4.4045  dual: 2040.4068->45.6671  mono=False  iters=25/25  rho=50.0
[ADMM-C3+] WARNING non-converged: pr=4.4045 dr=45.6671 tol=1e-03
[C3+] step=677 |u[0]|=16.96N λ_n_max=1.639 η_n_max=0.442 primal=4.404 iters=25/25 lcp_res_max=5.49e-08
[ADMIT-GUARD] step=217 admit_active=1 latch=0/0 ee_z=0.096 gate_cap=0
[ALT-GATE] step=217 target_stable=0/0 allow_descent=1
[GS-tgt] step=217 ee=(+0.077,-0.002,+0.096) p_repos=(-0.050,+0.080,+0.030) ee_to_target=0.165m target_label=prev_repos target_changed=N delta=0.000m
[GS] step=217 mode=free switch=kStayInRepos best_k=1 best_src=prev_repos curr_cost=80584.77 repos_cost=25741.23 best_other=25741.23 met_progress=Y steps_since_improve=2 switches=2
[STEP] step=217 mode=free t=2.170s ee=(+0.077,-0.002,+0.096) obj=(-0.000,-0.000,+0.050) goal_dist=0.300m switch=kStayInRepos target=(+0.077,-0.002,+0.096) ee_stride=0.000m ee_to_ptarget=0.165m landing_err=0.1691m ik_ok=Y ik_resid=0.0004m q_max_resid_deg=1.41 target_changed=Y retgt=N held_idx=1 held_cost=25741.23 won_cost=25741.23 margin=+0.00 won_src=prev_repos held_valid=Y reason=hold setpoint_to_ptarget=nanm finished_val=nanm finished_thresh=0.0200m pd_resid=nanm nextwp_to_ptarget=nanm guide_terminal_err=nanm
[GATE-EVOLVE] step=217 curr=80584.77 best_other=25741.23 ratio=3.1306 ee_to_optimal=0.0027m phi=0.0017m
[STAGE-A-TRACE] step=217 sim_t=2.170 mode=free phi=0.00169 box_xy=-0.00000,-0.00000 lam_n_ee_box=nan qy=-0.00001 qz=-0.00000 finished_repos=0
[DRAKE-CONTACT] step=217 n_pairs=1 ee_box_normal=0.000
[GATE-CONTACT] step=217 F_W=(+0.0000,+0.0000,+0.0000) F_on_box=(-0.0000,-0.0000,-0.0000) n_face_out=(-0.0000,-0.0000,-0.0000) A_is_ee=0 box_q=(+1.00000,+0.00001,-0.00001,-0.00000) box_p=(-0.00000,-0.00000,+0.04999) ee_p=(+0.07669,-0.00216,+0.09611)
[ADMM-C3+] primal: 22.2750->4.3646  dual: 2049.9902->46.0640  mono=False  iters=25/25  rho=50.0
[ADMM-C3+] WARNING non-converged: pr=4.3646 dr=46.0640 tol=1e-03
[C3+] step=680 |u[0]|=17.38N λ_n_max=1.544 η_n_max=0.458 primal=4.365 iters=25/25 lcp_res_max=5.84e-08
[ADMIT-GUARD] step=218 admit_active=1 latch=0/0 ee_z=0.098 gate_cap=0
[ALT-GATE] step=218 target_stable=0/0 allow_descent=1
[GS-tgt] step=218 ee=(+0.077,-0.002,+0.098) p_repos=(-0.050,+0.080,+0.030) ee_to_target=0.165m target_label=prev_repos target_changed=N delta=0.000m
[GS] step=218 mode=free switch=kStayInRepos best_k=1 best_src=prev_repos curr_cost=83408.26 repos_cost=25951.78 best_other=25951.78 met_progress=Y steps_since_improve=3 switches=2
[STEP] step=218 mode=free t=2.180s ee=(+0.077,-0.002,+0.098) obj=(-0.000,-0.000,+0.050) goal_dist=0.300m switch=kStayInRepos target=(+0.077,-0.002,+0.098) ee_stride=0.000m ee_to_ptarget=0.165m landing_err=0.1710m ik_ok=Y ik_resid=0.0005m q_max_resid_deg=1.70 target_changed=Y retgt=N held_idx=1 held_cost=25951.78 won_cost=25951.78 margin=+0.00 won_src=prev_repos held_valid=Y reason=hold setpoint_to_ptarget=nanm finished_val=nanm finished_thresh=0.0200m pd_resid=nanm nextwp_to_ptarget=nanm guide_terminal_err=nanm
[GATE-EVOLVE] step=218 curr=83408.26 best_other=25951.78 ratio=3.2140 ee_to_optimal=0.0028m phi=0.0017m
[STAGE-A-TRACE] step=218 sim_t=2.180 mode=free phi=0.00169 box_xy=-0.00000,-0.00000 lam_n_ee_box=nan qy=-0.00001 qz=-0.00000 finished_repos=0
[DRAKE-CONTACT] step=218 n_pairs=1 ee_box_normal=0.000
[GATE-CONTACT] step=218 F_W=(+0.0000,+0.0000,+0.0000) F_on_box=(-0.0000,-0.0000,-0.0000) n_face_out=(-0.0000,-0.0000,-0.0000) A_is_ee=0 box_q=(+1.00000,+0.00001,-0.00001,-0.00000) box_p=(-0.00000,-0.00000,+0.04999) ee_p=(+0.07669,-0.00218,+0.09794)
[ADMM-C3+] primal: 22.4263->4.3547  dual: 2059.0031->47.8423  mono=False  iters=25/25  rho=50.0
[ADMM-C3+] WARNING non-converged: pr=4.3547 dr=47.8423 tol=1e-03
[C3+] step=683 |u[0]|=17.98N λ_n_max=1.451 η_n_max=0.477 primal=4.355 iters=25/25 lcp_res_max=6.28e-08
[ADMIT-GUARD] step=219 admit_active=1 latch=0/0 ee_z=0.100 gate_cap=0
[ALT-GATE] step=219 target_stable=0/0 allow_descent=1
[GS-tgt] step=219 ee=(+0.077,-0.002,+0.100) p_repos=(-0.050,+0.080,+0.030) ee_to_target=0.166m target_label=prev_repos target_changed=N delta=0.000m
[GS] step=219 mode=free switch=kStayInRepos best_k=1 best_src=prev_repos curr_cost=86364.14 repos_cost=26263.52 best_other=26263.52 met_progress=Y steps_since_improve=0 switches=2
[STEP] step=219 mode=free t=2.190s ee=(+0.077,-0.002,+0.100) obj=(-0.000,-0.000,+0.050) goal_dist=0.300m switch=kStayInRepos target=(+0.077,-0.002,+0.100) ee_stride=0.000m ee_to_ptarget=0.166m landing_err=0.1729m ik_ok=Y ik_resid=0.0006m q_max_resid_deg=1.99 target_changed=Y retgt=N held_idx=1 held_cost=26263.52 won_cost=26263.52 margin=+0.00 won_src=prev_repos held_valid=Y reason=hold setpoint_to_ptarget=nanm finished_val=nanm finished_thresh=0.0200m pd_resid=nanm nextwp_to_ptarget=nanm guide_terminal_err=nanm
[GATE-EVOLVE] step=219 curr=86364.14 best_other=26263.52 ratio=3.2884 ee_to_optimal=0.0028m phi=0.0017m
[STAGE-A-TRACE] step=219 sim_t=2.190 mode=free phi=0.00169 box_xy=-0.00000,-0.00000 lam_n_ee_box=nan qy=-0.00001 qz=-0.00000 finished_repos=0
[DRAKE-CONTACT] step=219 n_pairs=1 ee_box_normal=0.000
[GATE-CONTACT] step=219 F_W=(+0.0000,+0.0000,+0.0000) F_on_box=(-0.0000,-0.0000,-0.0000) n_face_out=(-0.0000,-0.0000,-0.0000) A_is_ee=0 box_q=(+1.00000,+0.00001,-0.00001,-0.00000) box_p=(-0.00000,-0.00000,+0.04999) ee_p=(+0.07669,-0.00220,+0.09976)
[ADMM-C3+] primal: 22.4994->4.3106  dual: 2086.2037->44.7167  mono=False  iters=25/25  rho=50.0
[ADMM-C3+] WARNING non-converged: pr=4.3106 dr=44.7167 tol=1e-03
[C3+] step=686 |u[0]|=16.79N λ_n_max=1.676 η_n_max=0.479 primal=4.311 iters=25/25 lcp_res_max=6.07e-08
[ADMIT-GUARD] step=220 admit_active=1 latch=0/0 ee_z=0.102 gate_cap=0
[ALT-GATE] step=220 target_stable=0/0 allow_descent=1
[GS-tgt] step=220 ee=(+0.077,-0.002,+0.102) p_repos=(-0.050,+0.080,+0.030) ee_to_target=0.167m target_label=prev_repos target_changed=N delta=0.000m
[IMP] step=220 mode=free |x_err|=0.0002m |tau_imp|=0.30Nm |tau_ff|=0.00Nm |tau_out|=0.30Nm sat=False lam_n=False lam_t=False
[GS] step=220 mode=free switch=kStayInRepos best_k=1 best_src=prev_repos curr_cost=85203.41 repos_cost=26179.45 best_other=26179.45 met_progress=Y steps_since_improve=1 switches=2
[STEP] step=220 mode=free t=2.200s ee=(+0.077,-0.002,+0.102) obj=(-0.000,-0.000,+0.050) goal_dist=0.300m switch=kStayInRepos target=(+0.077,-0.002,+0.101) ee_stride=0.000m ee_to_ptarget=0.167m landing_err=0.1749m ik_ok=Y ik_resid=0.0007m q_max_resid_deg=2.29 target_changed=Y retgt=N held_idx=1 held_cost=26179.45 won_cost=26179.45 margin=+0.00 won_src=prev_repos held_valid=Y reason=hold setpoint_to_ptarget=nanm finished_val=nanm finished_thresh=0.0200m pd_resid=nanm nextwp_to_ptarget=nanm guide_terminal_err=nanm
[GATE-EVOLVE] step=220 curr=85203.41 best_other=26179.45 ratio=3.2546 ee_to_optimal=0.0028m phi=0.0017m
[STAGE-A-TRACE] step=220 sim_t=2.200 mode=free phi=0.00174 box_xy=-0.00000,-0.00000 lam_n_ee_box=nan qy=-0.00001 qz=-0.00000 finished_repos=0
[GS-table] step=220
  k=0 (current   ) pos=(+0.077,-0.002,+0.102) c_C3= 115203.41 align=1.0000(bonus=30000.00) rot=+0.0000(bonus=    0.00) travel=0.000m(pen=  0.00) c_sample=  85203.41 feas=Y ik_err=0.0000m
  k=1 (prev_repos) pos=(-0.050,+0.080,+0.030) c_C3=  26146.06 align=0.0000(bonus=    0.00) rot=+0.0000(bonus=    0.00) travel=0.167m(pen= 33.39) c_sample=  26179.45 feas=Y ik_err=0.0000m  ← WIN
  k=2 (strat_0   ) pos=(-0.050,+0.080,+0.030) c_C3=  26146.06 align=0.0000(bonus=    0.00) rot=+0.0000(bonus=    0.00) travel=0.167m(pen= 33.39) c_sample=  26179.45 feas=Y ik_err=0.0000m
[DRAKE-CONTACT] step=220 n_pairs=1 ee_box_normal=0.000
[GATE-CONTACT] step=220 F_W=(+0.0000,+0.0000,+0.0000) F_on_box=(-0.0000,-0.0000,-0.0000) n_face_out=(-0.0000,-0.0000,-0.0000) A_is_ee=0 box_q=(+1.00000,+0.00001,-0.00001,-0.00000) box_p=(-0.00000,-0.00000,+0.04999) ee_p=(+0.07669,-0.00223,+0.10158)
[ADMM-C3+] primal: 22.6351->5.1735  dual: 2119.0878->37.3838  mono=True  iters=25/25  rho=50.0
[ADMM-C3+] WARNING non-converged: pr=5.1735 dr=37.3838 tol=1e-03
[C3+] step=689 |u[0]|=19.07N λ_n_max=2.264 η_n_max=0.974 primal=5.174 iters=25/25 lcp_res_max=7.87e-08
[ADMIT-GUARD] step=221 admit_active=1 latch=0/0 ee_z=0.103 gate_cap=0
[ALT-GATE] step=221 target_stable=0/0 allow_descent=1
[GS-tgt] step=221 ee=(+0.077,-0.002,+0.103) p_repos=(-0.050,+0.080,+0.030) ee_to_target=0.168m target_label=prev_repos target_changed=N delta=0.000m
[GS] step=221 mode=free switch=kStayInRepos best_k=1 best_src=prev_repos curr_cost=67319.62 repos_cost=25996.69 best_other=25996.69 met_progress=Y steps_since_improve=2 switches=2
[STEP] step=221 mode=free t=2.210s ee=(+0.077,-0.002,+0.103) obj=(-0.000,-0.000,+0.050) goal_dist=0.300m switch=kStayInRepos target=(+0.077,-0.002,+0.103) ee_stride=0.000m ee_to_ptarget=0.168m landing_err=0.1769m ik_ok=Y ik_resid=0.0008m q_max_resid_deg=2.58 target_changed=Y retgt=N held_idx=1 held_cost=25996.69 won_cost=25996.69 margin=+0.00 won_src=prev_repos held_valid=Y reason=hold setpoint_to_ptarget=nanm finished_val=nanm finished_thresh=0.0200m pd_resid=nanm nextwp_to_ptarget=nanm guide_terminal_err=nanm
[GATE-EVOLVE] step=221 curr=67319.62 best_other=25996.69 ratio=2.5895 ee_to_optimal=0.0028m phi=0.0019m
[STAGE-A-TRACE] step=221 sim_t=2.210 mode=free phi=0.00191 box_xy=-0.00000,-0.00000 lam_n_ee_box=nan qy=-0.00001 qz=-0.00000 finished_repos=0
[DRAKE-CONTACT] step=221 n_pairs=1 ee_box_normal=0.000
[GATE-CONTACT] step=221 F_W=(+0.0000,+0.0000,+0.0000) F_on_box=(-0.0000,-0.0000,-0.0000) n_face_out=(-0.0000,-0.0000,-0.0000) A_is_ee=0 box_q=(+1.00000,+0.00001,-0.00001,-0.00000) box_p=(-0.00000,-0.00000,+0.04999) ee_p=(+0.07669,-0.00225,+0.10341)
[ADMM-C3+] primal: 10.6061->5.4850  dual: 915.8202->16.9702  mono=True  iters=25/25  rho=50.0
[ADMM-C3+] WARNING non-converged: pr=5.4850 dr=16.9702 tol=1e-03
[C3+] step=692 |u[0]|=5.45N λ_n_max=0.698 η_n_max=1.185 primal=5.485 iters=25/25 lcp_res_max=7.40e-08
[ADMIT-GUARD] step=222 admit_active=0 latch=0/0 ee_z=0.105 gate_cap=0
[ALT-GATE] step=222 target_stable=0/0 allow_descent=1
[GS-tgt] step=222 ee=(+0.077,-0.002,+0.105) p_repos=(-0.050,+0.080,+0.030) ee_to_target=0.169m target_label=prev_repos target_changed=N delta=0.000m
[GS] step=222 mode=free switch=kStayInRepos best_k=0 best_src=prev_repos curr_cost=137658.30 repos_cost=200173.59 best_other=200173.59 met_progress=Y steps_since_improve=0 switches=2
[STEP] step=222 mode=free t=2.220s ee=(+0.077,-0.002,+0.105) obj=(-0.000,-0.000,+0.050) goal_dist=0.300m switch=kStayInRepos target=(+0.077,-0.002,+0.105) ee_stride=0.000m ee_to_ptarget=0.169m landing_err=0.1791m ik_ok=Y ik_resid=0.0010m q_max_resid_deg=2.88 target_changed=Y retgt=N held_idx=1 held_cost=200173.59 won_cost=200173.59 margin=+0.00 won_src=prev_repos held_valid=Y reason=hold setpoint_to_ptarget=nanm finished_val=nanm finished_thresh=0.0200m pd_resid=nanm nextwp_to_ptarget=nanm guide_terminal_err=nanm
[GATE-EVOLVE] step=222 curr=137658.30 best_other=200173.59 ratio=0.6877 ee_to_optimal=0.0028m phi=0.0022m
[STAGE-A-TRACE] step=222 sim_t=2.220 mode=free phi=0.00220 box_xy=-0.00000,-0.00000 lam_n_ee_box=nan qy=-0.00001 qz=-0.00000 finished_repos=0
[DRAKE-CONTACT] step=222 n_pairs=1 ee_box_normal=0.000
[GATE-CONTACT] step=222 F_W=(+0.0000,+0.0000,+0.0000) F_on_box=(-0.0000,-0.0000,-0.0000) n_face_out=(-0.0000,-0.0000,-0.0000) A_is_ee=0 box_q=(+1.00000,+0.00001,-0.00001,-0.00000) box_p=(-0.00000,-0.00000,+0.04999) ee_p=(+0.07669,-0.00226,+0.10522)
[ADMM-C3+] primal: 10.6061->5.4850  dual: 915.8202->16.9702  mono=True  iters=25/25  rho=50.0
[ADMM-C3+] WARNING non-converged: pr=5.4850 dr=16.9702 tol=1e-03
[C3+] step=695 |u[0]|=5.51N λ_n_max=0.698 η_n_max=1.185 primal=5.485 iters=25/25 lcp_res_max=7.40e-08
[ADMIT-GUARD] step=223 admit_active=0 latch=0/0 ee_z=0.107 gate_cap=0
[ALT-GATE] step=223 target_stable=0/0 allow_descent=1
[GS-tgt] step=223 ee=(+0.077,-0.002,+0.107) p_repos=(-0.050,+0.080,+0.030) ee_to_target=0.169m target_label=prev_repos target_changed=N delta=0.000m
[GS] step=223 mode=free switch=kStayInRepos best_k=0 best_src=prev_repos curr_cost=137662.53 repos_cost=200173.74 best_other=200173.74 met_progress=Y steps_since_improve=1 switches=2
[STEP] step=223 mode=free t=2.230s ee=(+0.077,-0.002,+0.107) obj=(-0.000,-0.000,+0.050) goal_dist=0.300m switch=kStayInRepos target=(+0.077,-0.002,+0.107) ee_stride=0.000m ee_to_ptarget=0.169m landing_err=0.1812m ik_ok=Y ik_resid=0.0000m q_max_resid_deg=3.32 target_changed=Y retgt=N held_idx=1 held_cost=200173.74 won_cost=200173.74 margin=+0.00 won_src=prev_repos held_valid=Y reason=hold setpoint_to_ptarget=nanm finished_val=nanm finished_thresh=0.0200m pd_resid=nanm nextwp_to_ptarget=nanm guide_terminal_err=nanm
[GATE-EVOLVE] step=223 curr=137662.53 best_other=200173.74 ratio=0.6877 ee_to_optimal=0.0028m phi=0.0026m
[STAGE-A-TRACE] step=223 sim_t=2.230 mode=free phi=0.00260 box_xy=-0.00000,-0.00000 lam_n_ee_box=nan qy=-0.00001 qz=-0.00000 finished_repos=0
[DRAKE-CONTACT] step=223 n_pairs=1 ee_box_normal=0.000
[GATE-CONTACT] step=223 F_W=(+0.0000,+0.0000,+0.0000) F_on_box=(-0.0000,-0.0000,-0.0000) n_face_out=(-0.0000,-0.0000,-0.0000) A_is_ee=0 box_q=(+1.00000,+0.00001,-0.00001,-0.00000) box_p=(-0.00000,-0.00000,+0.04999) ee_p=(+0.07668,-0.00228,+0.10704)
[ADMM-C3+] primal: 10.6061->5.4850  dual: 915.8202->16.9702  mono=True  iters=25/25  rho=50.0
[ADMM-C3+] WARNING non-converged: pr=5.4850 dr=16.9702 tol=1e-03
[C3+] step=698 |u[0]|=5.56N λ_n_max=0.698 η_n_max=1.185 primal=5.485 iters=25/25 lcp_res_max=7.40e-08
[ADMIT-GUARD] step=224 admit_active=0 latch=0/0 ee_z=0.109 gate_cap=0
[ALT-GATE] step=224 target_stable=0/0 allow_descent=1
[GS-tgt] step=224 ee=(+0.077,-0.002,+0.109) p_repos=(-0.050,+0.080,+0.030) ee_to_target=0.170m target_label=prev_repos target_changed=N delta=0.000m
[GS] step=224 mode=free switch=kStayInRepos best_k=0 best_src=prev_repos curr_cost=137666.90 repos_cost=200173.89 best_other=200173.89 met_progress=Y steps_since_improve=0 switches=2
[STEP] step=224 mode=free t=2.240s ee=(+0.077,-0.002,+0.109) obj=(-0.000,-0.000,+0.050) goal_dist=0.300m switch=kStayInRepos target=(+0.077,-0.002,+0.109) ee_stride=0.000m ee_to_ptarget=0.170m landing_err=0.1835m ik_ok=Y ik_resid=0.0000m q_max_resid_deg=3.64 target_changed=Y retgt=N held_idx=1 held_cost=200173.89 won_cost=200173.89 margin=+0.00 won_src=prev_repos held_valid=Y reason=hold setpoint_to_ptarget=nanm finished_val=nanm finished_thresh=0.0200m pd_resid=nanm nextwp_to_ptarget=nanm guide_terminal_err=nanm
[GATE-EVOLVE] step=224 curr=137666.90 best_other=200173.89 ratio=0.6877 ee_to_optimal=0.0028m phi=0.0031m
[STAGE-A-TRACE] step=224 sim_t=2.240 mode=free phi=0.00312 box_xy=-0.00000,-0.00000 lam_n_ee_box=nan qy=-0.00001 qz=-0.00000 finished_repos=0
[DRAKE-CONTACT] step=224 n_pairs=1 ee_box_normal=0.000
[GATE-CONTACT] step=224 F_W=(+0.0000,+0.0000,+0.0000) F_on_box=(-0.0000,-0.0000,-0.0000) n_face_out=(-0.0000,-0.0000,-0.0000) A_is_ee=0 box_q=(+1.00000,+0.00001,-0.00001,-0.00000) box_p=(-0.00000,-0.00000,+0.04999) ee_p=(+0.07668,-0.00230,+0.10885)
[ADMM-C3+] primal: 10.6061->5.4850  dual: 915.8202->16.9701  mono=True  iters=25/25  rho=50.0
[ADMM-C3+] WARNING non-converged: pr=5.4850 dr=16.9701 tol=1e-03
[C3+] step=701 |u[0]|=5.61N λ_n_max=0.698 η_n_max=1.185 primal=5.485 iters=25/25 lcp_res_max=7.40e-08
[ADMIT-GUARD] step=225 admit_active=0 latch=0/0 ee_z=0.111 gate_cap=0
[ALT-GATE] step=225 target_stable=0/0 allow_descent=1
[GS-tgt] step=225 ee=(+0.077,-0.002,+0.111) p_repos=(-0.050,+0.080,+0.030) ee_to_target=0.171m target_label=prev_repos target_changed=N delta=0.000m
[GS] step=225 mode=free switch=kStayInRepos best_k=0 best_src=prev_repos curr_cost=137671.39 repos_cost=200174.04 best_other=200174.04 met_progress=Y steps_since_improve=1 switches=2
[STEP] step=225 mode=free t=2.250s ee=(+0.077,-0.002,+0.111) obj=(-0.000,-0.000,+0.050) goal_dist=0.300m switch=kStayInRepos target=(+0.077,-0.002,+0.110) ee_stride=0.000m ee_to_ptarget=0.171m landing_err=0.1858m ik_ok=Y ik_resid=0.0000m q_max_resid_deg=3.95 target_changed=Y retgt=N held_idx=1 held_cost=200174.04 won_cost=200174.04 margin=+0.00 won_src=prev_repos held_valid=Y reason=hold setpoint_to_ptarget=nanm finished_val=nanm finished_thresh=0.0200m pd_resid=nanm nextwp_to_ptarget=nanm guide_terminal_err=nanm
[GATE-EVOLVE] step=225 curr=137671.39 best_other=200174.04 ratio=0.6878 ee_to_optimal=0.0029m phi=0.0037m
[STAGE-A-TRACE] step=225 sim_t=2.250 mode=free phi=0.00374 box_xy=-0.00000,-0.00000 lam_n_ee_box=nan qy=-0.00001 qz=-0.00000 finished_repos=0
[DRAKE-CONTACT] step=225 n_pairs=1 ee_box_normal=0.000
[GATE-CONTACT] step=225 F_W=(+0.0000,+0.0000,+0.0000) F_on_box=(-0.0000,-0.0000,-0.0000) n_face_out=(-0.0000,-0.0000,-0.0000) A_is_ee=0 box_q=(+1.00000,+0.00001,-0.00001,-0.00000) box_p=(-0.00000,-0.00000,+0.04999) ee_p=(+0.07668,-0.00231,+0.11066)
[ADMM-C3+] primal: 10.6061->5.4850  dual: 915.8202->16.9701  mono=True  iters=25/25  rho=50.0
[ADMM-C3+] WARNING non-converged: pr=5.4850 dr=16.9701 tol=1e-03
[C3+] step=704 |u[0]|=5.66N λ_n_max=0.698 η_n_max=1.185 primal=5.485 iters=25/25 lcp_res_max=7.40e-08
[ADMIT-GUARD] step=226 admit_active=0 latch=0/0 ee_z=0.112 gate_cap=0
[ALT-GATE] step=226 target_stable=0/0 allow_descent=1
[GS-tgt] step=226 ee=(+0.077,-0.002,+0.112) p_repos=(-0.050,+0.080,+0.030) ee_to_target=0.172m target_label=prev_repos target_changed=N delta=0.000m
[GS] step=226 mode=free switch=kStayInRepos best_k=0 best_src=prev_repos curr_cost=137676.02 repos_cost=200174.19 best_other=200174.19 met_progress=Y steps_since_improve=0 switches=2
[STEP] step=226 mode=free t=2.260s ee=(+0.077,-0.002,+0.112) obj=(-0.000,-0.000,+0.050) goal_dist=0.300m switch=kStayInRepos target=(+0.077,-0.002,+0.112) ee_stride=0.000m ee_to_ptarget=0.172m landing_err=0.1882m ik_ok=Y ik_resid=0.0000m q_max_resid_deg=4.27 target_changed=Y retgt=N held_idx=1 held_cost=200174.19 won_cost=200174.19 margin=+0.00 won_src=prev_repos held_valid=Y reason=hold setpoint_to_ptarget=nanm finished_val=nanm finished_thresh=0.0200m pd_resid=nanm nextwp_to_ptarget=nanm guide_terminal_err=nanm
[GATE-EVOLVE] step=226 curr=137676.02 best_other=200174.19 ratio=0.6878 ee_to_optimal=0.0029m phi=0.0045m
[STAGE-A-TRACE] step=226 sim_t=2.260 mode=free phi=0.00446 box_xy=-0.00000,-0.00000 lam_n_ee_box=nan qy=-0.00001 qz=-0.00000 finished_repos=0
[DRAKE-CONTACT] step=226 n_pairs=1 ee_box_normal=0.000
[GATE-CONTACT] step=226 F_W=(+0.0000,+0.0000,+0.0000) F_on_box=(-0.0000,-0.0000,-0.0000) n_face_out=(-0.0000,-0.0000,-0.0000) A_is_ee=0 box_q=(+1.00000,+0.00001,-0.00001,-0.00000) box_p=(-0.00000,-0.00000,+0.04999) ee_p=(+0.07668,-0.00232,+0.11247)
[ADMM-C3+] primal: 10.6061->5.4850  dual: 915.8202->16.9701  mono=True  iters=25/25  rho=50.0
[ADMM-C3+] WARNING non-converged: pr=5.4850 dr=16.9701 tol=1e-03
[C3+] step=707 |u[0]|=5.72N λ_n_max=0.698 η_n_max=1.185 primal=5.485 iters=25/25 lcp_res_max=7.40e-08
[ADMIT-GUARD] step=227 admit_active=0 latch=0/0 ee_z=0.114 gate_cap=0
[ALT-GATE] step=227 target_stable=0/0 allow_descent=1
[GS-tgt] step=227 ee=(+0.077,-0.002,+0.114) p_repos=(-0.050,+0.080,+0.030) ee_to_target=0.173m target_label=prev_repos target_changed=N delta=0.000m
[GS] step=227 mode=free switch=kStayInRepos best_k=0 best_src=prev_repos curr_cost=137680.78 repos_cost=200174.35 best_other=200174.35 met_progress=Y steps_since_improve=1 switches=2
[STEP] step=227 mode=free t=2.270s ee=(+0.077,-0.002,+0.114) obj=(-0.000,-0.000,+0.050) goal_dist=0.300m switch=kStayInRepos target=(+0.077,-0.002,+0.114) ee_stride=0.000m ee_to_ptarget=0.173m landing_err=0.1906m ik_ok=Y ik_resid=0.0000m q_max_resid_deg=4.59 target_changed=Y retgt=N held_idx=1 held_cost=200174.35 won_cost=200174.35 margin=+0.00 won_src=prev_repos held_valid=Y reason=hold setpoint_to_ptarget=nanm finished_val=nanm finished_thresh=0.0200m pd_resid=nanm nextwp_to_ptarget=nanm guide_terminal_err=nanm
[GATE-EVOLVE] step=227 curr=137680.78 best_other=200174.35 ratio=0.6878 ee_to_optimal=0.0029m phi=0.0053m
[STAGE-A-TRACE] step=227 sim_t=2.270 mode=free phi=0.00527 box_xy=-0.00000,-0.00000 lam_n_ee_box=nan qy=-0.00001 qz=-0.00000 finished_repos=0
[DRAKE-CONTACT] step=227 n_pairs=1 ee_box_normal=0.000
[GATE-CONTACT] step=227 F_W=(+0.0000,+0.0000,+0.0000) F_on_box=(-0.0000,-0.0000,-0.0000) n_face_out=(-0.0000,-0.0000,-0.0000) A_is_ee=0 box_q=(+1.00000,+0.00001,-0.00001,-0.00000) box_p=(-0.00000,-0.00000,+0.04999) ee_p=(+0.07668,-0.00233,+0.11428)
[ADMM-C3+] primal: 10.6061->5.4850  dual: 915.8202->16.9701  mono=True  iters=25/25  rho=50.0
[ADMM-C3+] WARNING non-converged: pr=5.4850 dr=16.9701 tol=1e-03
[C3+] step=710 |u[0]|=5.77N λ_n_max=0.698 η_n_max=1.185 primal=5.485 iters=25/25 lcp_res_max=7.40e-08
[ADMIT-GUARD] step=228 admit_active=0 latch=0/0 ee_z=0.116 gate_cap=0
[ALT-GATE] step=228 target_stable=0/0 allow_descent=1
[GS-tgt] step=228 ee=(+0.077,-0.002,+0.116) p_repos=(-0.050,+0.080,+0.030) ee_to_target=0.174m target_label=prev_repos target_changed=N delta=0.000m
[GS] step=228 mode=free switch=kStayInRepos best_k=0 best_src=prev_repos curr_cost=137685.67 repos_cost=200174.51 best_other=200174.51 met_progress=Y steps_since_improve=0 switches=2
[STEP] step=228 mode=free t=2.280s ee=(+0.077,-0.002,+0.116) obj=(-0.000,-0.000,+0.050) goal_dist=0.300m switch=kStayInRepos target=(+0.077,-0.002,+0.116) ee_stride=0.000m ee_to_ptarget=0.174m landing_err=0.1874m ik_ok=Y ik_resid=0.0000m q_max_resid_deg=4.01 target_changed=Y retgt=N held_idx=1 held_cost=200174.51 won_cost=200174.51 margin=+0.00 won_src=prev_repos held_valid=Y reason=hold setpoint_to_ptarget=nanm finished_val=nanm finished_thresh=0.0200m pd_resid=nanm nextwp_to_ptarget=nanm guide_terminal_err=nanm
[GATE-EVOLVE] step=228 curr=137685.67 best_other=200174.51 ratio=0.6878 ee_to_optimal=0.0029m phi=0.0062m
[STAGE-A-TRACE] step=228 sim_t=2.280 mode=free phi=0.00616 box_xy=-0.00000,-0.00000 lam_n_ee_box=nan qy=-0.00001 qz=-0.00000 finished_repos=0
[DRAKE-CONTACT] step=228 n_pairs=1 ee_box_normal=0.000
[GATE-CONTACT] step=228 F_W=(+0.0000,+0.0000,+0.0000) F_on_box=(-0.0000,-0.0000,-0.0000) n_face_out=(-0.0000,-0.0000,-0.0000) A_is_ee=0 box_q=(+1.00000,+0.00001,-0.00001,-0.00000) box_p=(-0.00000,-0.00000,+0.04999) ee_p=(+0.07668,-0.00234,+0.11609)
[ADMM-C3+] primal: 10.6061->5.4850  dual: 915.8202->16.9701  mono=True  iters=25/25  rho=50.0
[ADMM-C3+] WARNING non-converged: pr=5.4850 dr=16.9701 tol=1e-03
[C3+] step=713 |u[0]|=5.83N λ_n_max=0.698 η_n_max=1.185 primal=5.485 iters=25/25 lcp_res_max=7.40e-08
[ADMIT-GUARD] step=229 admit_active=0 latch=0/0 ee_z=0.118 gate_cap=0
[ALT-GATE] step=229 target_stable=0/0 allow_descent=1
[GS-tgt] step=229 ee=(+0.077,-0.002,+0.118) p_repos=(-0.050,+0.080,+0.030) ee_to_target=0.175m target_label=prev_repos target_changed=N delta=0.000m
[GS] step=229 mode=free switch=kStayInRepos best_k=0 best_src=prev_repos curr_cost=137690.69 repos_cost=200174.67 best_other=200174.67 met_progress=Y steps_since_improve=1 switches=2
[STEP] step=229 mode=free t=2.290s ee=(+0.077,-0.002,+0.118) obj=(-0.000,-0.000,+0.050) goal_dist=0.300m switch=kStayInRepos target=(+0.077,-0.002,+0.118) ee_stride=0.000m ee_to_ptarget=0.175m landing_err=0.1843m ik_ok=Y ik_resid=0.0000m q_max_resid_deg=3.42 target_changed=Y retgt=N held_idx=1 held_cost=200174.67 won_cost=200174.67 margin=+0.00 won_src=prev_repos held_valid=Y reason=hold setpoint_to_ptarget=nanm finished_val=nanm finished_thresh=0.0200m pd_resid=nanm nextwp_to_ptarget=nanm guide_terminal_err=nanm
[GATE-EVOLVE] step=229 curr=137690.69 best_other=200174.67 ratio=0.6879 ee_to_optimal=0.0029m phi=0.0071m
[STAGE-A-TRACE] step=229 sim_t=2.290 mode=free phi=0.00713 box_xy=-0.00000,-0.00000 lam_n_ee_box=nan qy=-0.00001 qz=-0.00000 finished_repos=0
[DRAKE-CONTACT] step=229 n_pairs=1 ee_box_normal=0.000
[GATE-CONTACT] step=229 F_W=(+0.0000,+0.0000,+0.0000) F_on_box=(-0.0000,-0.0000,-0.0000) n_face_out=(-0.0000,-0.0000,-0.0000) A_is_ee=0 box_q=(+1.00000,+0.00001,-0.00001,-0.00000) box_p=(-0.00000,-0.00000,+0.04999) ee_p=(+0.07668,-0.00235,+0.11789)
[ADMM-C3+] primal: 10.6061->5.4850  dual: 915.8202->16.9701  mono=True  iters=25/25  rho=50.0
[ADMM-C3+] WARNING non-converged: pr=5.4850 dr=16.9701 tol=1e-03
[C3+] step=716 |u[0]|=5.89N λ_n_max=0.698 η_n_max=1.185 primal=5.485 iters=25/25 lcp_res_max=7.40e-08
[ADMIT-GUARD] step=230 admit_active=0 latch=0/0 ee_z=0.120 gate_cap=0
[ALT-GATE] step=230 target_stable=0/0 allow_descent=1
[GS-tgt] step=230 ee=(+0.077,-0.002,+0.120) p_repos=(-0.050,+0.080,+0.030) ee_to_target=0.176m target_label=prev_repos target_changed=N delta=0.000m
[IMP] step=230 mode=free |x_err|=0.0004m |tau_imp|=0.20Nm |tau_ff|=0.00Nm |tau_out|=0.20Nm sat=False lam_n=False lam_t=False
[GS] step=230 mode=free switch=kStayInRepos best_k=0 best_src=prev_repos curr_cost=137695.84 repos_cost=200174.84 best_other=200174.84 met_progress=Y steps_since_improve=0 switches=2
[STEP] step=230 mode=free t=2.300s ee=(+0.077,-0.002,+0.120) obj=(-0.000,-0.000,+0.050) goal_dist=0.300m switch=kStayInRepos target=(+0.077,-0.002,+0.119) ee_stride=0.000m ee_to_ptarget=0.176m landing_err=0.1813m ik_ok=Y ik_resid=0.0000m q_max_resid_deg=2.83 target_changed=Y retgt=N held_idx=1 held_cost=200174.84 won_cost=200174.84 margin=+0.00 won_src=prev_repos held_valid=Y reason=hold setpoint_to_ptarget=nanm finished_val=nanm finished_thresh=0.0200m pd_resid=nanm nextwp_to_ptarget=nanm guide_terminal_err=nanm
[GATE-EVOLVE] step=230 curr=137695.84 best_other=200174.84 ratio=0.6879 ee_to_optimal=0.0029m phi=0.0082m
[STAGE-A-TRACE] step=230 sim_t=2.300 mode=free phi=0.00817 box_xy=-0.00000,-0.00000 lam_n_ee_box=nan qy=-0.00001 qz=-0.00000 finished_repos=0
[DRAKE-CONTACT] step=230 n_pairs=1 ee_box_normal=0.000
[GATE-CONTACT] step=230 F_W=(+0.0000,+0.0000,+0.0000) F_on_box=(-0.0000,-0.0000,-0.0000) n_face_out=(-0.0000,-0.0000,-0.0000) A_is_ee=0 box_q=(+1.00000,+0.00001,-0.00001,-0.00000) box_p=(-0.00000,-0.00000,+0.04999) ee_p=(+0.07668,-0.00235,+0.11969)
[ADMM-C3+] primal: 10.6061->5.4850  dual: 915.8202->16.9701  mono=True  iters=25/25  rho=50.0
[ADMM-C3+] WARNING non-converged: pr=5.4850 dr=16.9701 tol=1e-03
[C3+] step=719 |u[0]|=5.95N λ_n_max=0.698 η_n_max=1.185 primal=5.485 iters=25/25 lcp_res_max=7.40e-08
[ADMIT-GUARD] step=231 admit_active=0 latch=0/0 ee_z=0.121 gate_cap=0
[ALT-GATE] step=231 target_stable=0/0 allow_descent=1
[GS-tgt] step=231 ee=(+0.077,-0.002,+0.121) p_repos=(-0.050,+0.080,+0.030) ee_to_target=0.176m target_label=prev_repos target_changed=N delta=0.000m
[GS] step=231 mode=free switch=kStayInRepos best_k=0 best_src=prev_repos curr_cost=137701.13 repos_cost=200175.01 best_other=200175.01 met_progress=Y steps_since_improve=0 switches=2
[STEP] step=231 mode=free t=2.310s ee=(+0.077,-0.002,+0.121) obj=(-0.000,-0.000,+0.050) goal_dist=0.300m switch=kStayInRepos target=(+0.077,-0.002,+0.121) ee_stride=0.000m ee_to_ptarget=0.176m landing_err=0.1782m ik_ok=Y ik_resid=0.0008m q_max_resid_deg=2.22 target_changed=Y retgt=N held_idx=1 held_cost=200175.01 won_cost=200175.01 margin=+0.00 won_src=prev_repos held_valid=Y reason=hold setpoint_to_ptarget=nanm finished_val=nanm finished_thresh=0.0200m pd_resid=nanm nextwp_to_ptarget=nanm guide_terminal_err=nanm
[GATE-EVOLVE] step=231 curr=137701.13 best_other=200175.01 ratio=0.6879 ee_to_optimal=0.0029m phi=0.0093m
[STAGE-A-TRACE] step=231 sim_t=2.310 mode=free phi=0.00927 box_xy=-0.00000,-0.00000 lam_n_ee_box=nan qy=-0.00001 qz=-0.00000 finished_repos=0
[DRAKE-CONTACT] step=231 n_pairs=1 ee_box_normal=0.000
[GATE-CONTACT] step=231 F_W=(+0.0000,+0.0000,+0.0000) F_on_box=(-0.0000,-0.0000,-0.0000) n_face_out=(-0.0000,-0.0000,-0.0000) A_is_ee=0 box_q=(+1.00000,+0.00001,-0.00001,-0.00000) box_p=(-0.00000,-0.00000,+0.04999) ee_p=(+0.07668,-0.00236,+0.12150)
[ADMM-C3+] primal: 10.6061->5.4850  dual: 915.8202->16.9701  mono=True  iters=25/25  rho=50.0
[ADMM-C3+] WARNING non-converged: pr=5.4850 dr=16.9701 tol=1e-03
[C3+] step=722 |u[0]|=6.01N λ_n_max=0.698 η_n_max=1.185 primal=5.485 iters=25/25 lcp_res_max=7.40e-08
[ADMIT-GUARD] step=232 admit_active=0 latch=0/0 ee_z=0.123 gate_cap=0
[ALT-GATE] step=232 target_stable=0/0 allow_descent=1
[GS-tgt] step=232 ee=(+0.077,-0.002,+0.123) p_repos=(-0.050,+0.080,+0.030) ee_to_target=0.177m target_label=prev_repos target_changed=N delta=0.000m
[GS] step=232 mode=free switch=kStayInRepos best_k=0 best_src=prev_repos curr_cost=137706.55 repos_cost=200175.18 best_other=200175.18 met_progress=Y steps_since_improve=0 switches=2
[STEP] step=232 mode=free t=2.320s ee=(+0.077,-0.002,+0.123) obj=(-0.000,-0.000,+0.050) goal_dist=0.300m switch=kStayInRepos target=(+0.077,-0.002,+0.123) ee_stride=0.000m ee_to_ptarget=0.177m landing_err=0.1752m ik_ok=Y ik_resid=0.0008m q_max_resid_deg=1.84 target_changed=Y retgt=N held_idx=1 held_cost=200175.18 won_cost=200175.18 margin=+0.00 won_src=prev_repos held_valid=Y reason=hold setpoint_to_ptarget=nanm finished_val=nanm finished_thresh=0.0200m pd_resid=nanm nextwp_to_ptarget=nanm guide_terminal_err=nanm
[GATE-EVOLVE] step=232 curr=137706.55 best_other=200175.18 ratio=0.6879 ee_to_optimal=0.0029m phi=0.0104m
[STAGE-A-TRACE] step=232 sim_t=2.320 mode=free phi=0.01043 box_xy=-0.00000,-0.00000 lam_n_ee_box=nan qy=-0.00001 qz=-0.00000 finished_repos=0
[DRAKE-CONTACT] step=232 n_pairs=1 ee_box_normal=0.000
[GATE-CONTACT] step=232 F_W=(+0.0000,+0.0000,+0.0000) F_on_box=(-0.0000,-0.0000,-0.0000) n_face_out=(-0.0000,-0.0000,-0.0000) A_is_ee=0 box_q=(+1.00000,+0.00001,-0.00001,-0.00000) box_p=(-0.00000,-0.00000,+0.04999) ee_p=(+0.07668,-0.00236,+0.12330)
[ADMM-C3+] primal: 10.6061->5.4850  dual: 915.8202->16.9701  mono=True  iters=25/25  rho=50.0
[ADMM-C3+] WARNING non-converged: pr=5.4850 dr=16.9701 tol=1e-03
[C3+] step=725 |u[0]|=6.07N λ_n_max=0.698 η_n_max=1.185 primal=5.485 iters=25/25 lcp_res_max=7.40e-08
[ADMIT-GUARD] step=233 admit_active=0 latch=0/0 ee_z=0.125 gate_cap=0
[ALT-GATE] step=233 target_stable=0/0 allow_descent=1
[GS-tgt] step=233 ee=(+0.077,-0.002,+0.125) p_repos=(-0.050,+0.080,+0.030) ee_to_target=0.178m target_label=prev_repos target_changed=N delta=0.000m
[GS] step=233 mode=free switch=kStayInRepos best_k=0 best_src=prev_repos curr_cost=137712.10 repos_cost=200175.36 best_other=200175.36 met_progress=Y steps_since_improve=0 switches=2
[STEP] step=233 mode=free t=2.330s ee=(+0.077,-0.002,+0.125) obj=(-0.000,-0.000,+0.050) goal_dist=0.300m switch=kStayInRepos target=(+0.077,-0.002,+0.125) ee_stride=0.000m ee_to_ptarget=0.178m landing_err=0.1722m ik_ok=Y ik_resid=0.0009m q_max_resid_deg=1.84 target_changed=Y retgt=N held_idx=1 held_cost=200175.36 won_cost=200175.36 margin=+0.00 won_src=prev_repos held_valid=Y reason=hold setpoint_to_ptarget=nanm finished_val=nanm finished_thresh=0.0200m pd_resid=nanm nextwp_to_ptarget=nanm guide_terminal_err=nanm
[GATE-EVOLVE] step=233 curr=137712.10 best_other=200175.36 ratio=0.6880 ee_to_optimal=0.0029m phi=0.0116m
[STAGE-A-TRACE] step=233 sim_t=2.330 mode=free phi=0.01164 box_xy=-0.00000,-0.00000 lam_n_ee_box=nan qy=-0.00001 qz=-0.00000 finished_repos=0
[DRAKE-CONTACT] step=233 n_pairs=1 ee_box_normal=0.000
[GATE-CONTACT] step=233 F_W=(+0.0000,+0.0000,+0.0000) F_on_box=(-0.0000,-0.0000,-0.0000) n_face_out=(-0.0000,-0.0000,-0.0000) A_is_ee=0 box_q=(+1.00000,+0.00001,-0.00001,-0.00000) box_p=(-0.00000,-0.00000,+0.04999) ee_p=(+0.07668,-0.00236,+0.12510)
[ADMM-C3+] primal: 10.6061->5.4850  dual: 915.8202->16.9701  mono=True  iters=25/25  rho=50.0
[ADMM-C3+] WARNING non-converged: pr=5.4850 dr=16.9701 tol=1e-03
[C3+] step=728 |u[0]|=6.13N λ_n_max=0.698 η_n_max=1.185 primal=5.485 iters=25/25 lcp_res_max=7.40e-08
[ADMIT-GUARD] step=234 admit_active=0 latch=0/0 ee_z=0.127 gate_cap=0
[ALT-GATE] step=234 target_stable=0/0 allow_descent=1
[GS-tgt] step=234 ee=(+0.077,-0.002,+0.127) p_repos=(-0.050,+0.080,+0.030) ee_to_target=0.179m target_label=prev_repos target_changed=N delta=0.000m
[GS] step=234 mode=free switch=kStayInRepos best_k=0 best_src=prev_repos curr_cost=137717.78 repos_cost=200175.54 best_other=200175.54 met_progress=Y steps_since_improve=0 switches=2
[STEP] step=234 mode=free t=2.340s ee=(+0.077,-0.002,+0.127) obj=(-0.000,-0.000,+0.050) goal_dist=0.300m switch=kStayInRepos target=(+0.077,-0.002,+0.127) ee_stride=0.000m ee_to_ptarget=0.179m landing_err=0.1693m ik_ok=Y ik_resid=0.0001m q_max_resid_deg=1.79 target_changed=Y retgt=N held_idx=1 held_cost=200175.54 won_cost=200175.54 margin=+0.00 won_src=prev_repos held_valid=Y reason=hold setpoint_to_ptarget=nanm finished_val=nanm finished_thresh=0.0200m pd_resid=nanm nextwp_to_ptarget=nanm guide_terminal_err=nanm
[GATE-EVOLVE] step=234 curr=137717.78 best_other=200175.54 ratio=0.6880 ee_to_optimal=0.0029m phi=0.0129m
[STAGE-A-TRACE] step=234 sim_t=2.340 mode=free phi=0.01289 box_xy=-0.00000,-0.00000 lam_n_ee_box=nan qy=-0.00002 qz=-0.00000 finished_repos=0
[DRAKE-CONTACT] step=234 n_pairs=1 ee_box_normal=0.000
[GATE-CONTACT] step=234 F_W=(+0.0000,+0.0000,+0.0000) F_on_box=(-0.0000,-0.0000,-0.0000) n_face_out=(-0.0000,-0.0000,-0.0000) A_is_ee=0 box_q=(+1.00000,+0.00001,-0.00002,-0.00000) box_p=(-0.00000,-0.00000,+0.04999) ee_p=(+0.07668,-0.00236,+0.12690)
[ADMM-C3+] primal: 10.6061->5.4852  dual: 915.8202->16.9873  mono=True  iters=25/25  rho=50.0
[ADMM-C3+] WARNING non-converged: pr=5.4852 dr=16.9873 tol=1e-03
[C3+] step=731 |u[0]|=7.38N λ_n_max=0.698 η_n_max=1.185 primal=5.485 iters=25/25 lcp_res_max=7.40e-08
[ADMIT-GUARD] step=235 admit_active=0 latch=0/0 ee_z=0.129 gate_cap=0
[ALT-GATE] step=235 target_stable=0/0 allow_descent=1
[GS-tgt] step=235 ee=(+0.077,-0.002,+0.129) p_repos=(-0.050,+0.080,+0.030) ee_to_target=0.180m target_label=prev_repos target_changed=N delta=0.000m
[GS] step=235 mode=free switch=kStayInRepos best_k=0 best_src=prev_repos curr_cost=137697.41 repos_cost=200175.72 best_other=200175.72 met_progress=Y steps_since_improve=0 switches=2
[STEP] step=235 mode=free t=2.350s ee=(+0.077,-0.002,+0.129) obj=(-0.000,-0.000,+0.050) goal_dist=0.300m switch=kStayInRepos target=(+0.077,-0.002,+0.128) ee_stride=0.000m ee_to_ptarget=0.180m landing_err=0.1664m ik_ok=Y ik_resid=0.0001m q_max_resid_deg=1.77 target_changed=Y retgt=N held_idx=1 held_cost=200175.72 won_cost=200175.72 margin=+0.00 won_src=prev_repos held_valid=Y reason=hold setpoint_to_ptarget=nanm finished_val=nanm finished_thresh=0.0200m pd_resid=nanm nextwp_to_ptarget=nanm guide_terminal_err=nanm
[GATE-EVOLVE] step=235 curr=137697.41 best_other=200175.72 ratio=0.6879 ee_to_optimal=0.0029m phi=0.0142m
[STAGE-A-TRACE] step=235 sim_t=2.350 mode=free phi=0.01419 box_xy=-0.00000,-0.00000 lam_n_ee_box=nan qy=-0.00002 qz=-0.00000 finished_repos=0
[DRAKE-CONTACT] step=235 n_pairs=1 ee_box_normal=0.000
[GATE-CONTACT] step=235 F_W=(+0.0000,+0.0000,+0.0000) F_on_box=(-0.0000,-0.0000,-0.0000) n_face_out=(-0.0000,-0.0000,-0.0000) A_is_ee=0 box_q=(+1.00000,+0.00001,-0.00002,-0.00000) box_p=(-0.00000,-0.00000,+0.04999) ee_p=(+0.07668,-0.00236,+0.12870)
[ADMM-C3+] primal: 10.6061->5.4852  dual: 915.8202->16.9873  mono=True  iters=25/25  rho=50.0
[ADMM-C3+] WARNING non-converged: pr=5.4852 dr=16.9873 tol=1e-03
[C3+] step=734 |u[0]|=7.46N λ_n_max=0.698 η_n_max=1.185 primal=5.485 iters=25/25 lcp_res_max=7.40e-08
[ADMIT-GUARD] step=236 admit_active=0 latch=0/0 ee_z=0.130 gate_cap=0
[ALT-GATE] step=236 target_stable=0/0 allow_descent=1
[GS-tgt] step=236 ee=(+0.077,-0.002,+0.130) p_repos=(-0.050,+0.080,+0.030) ee_to_target=0.181m target_label=prev_repos target_changed=N delta=0.000m
[GS] step=236 mode=free switch=kStayInRepos best_k=0 best_src=prev_repos curr_cost=137702.80 repos_cost=200175.90 best_other=200175.90 met_progress=Y steps_since_improve=0 switches=2
[STEP] step=236 mode=free t=2.360s ee=(+0.077,-0.002,+0.130) obj=(-0.000,-0.000,+0.050) goal_dist=0.300m switch=kStayInRepos target=(+0.077,-0.002,+0.130) ee_stride=0.000m ee_to_ptarget=0.181m landing_err=0.1636m ik_ok=Y ik_resid=0.0001m q_max_resid_deg=2.17 target_changed=Y retgt=N held_idx=1 held_cost=200175.90 won_cost=200175.90 margin=+0.00 won_src=prev_repos held_valid=Y reason=hold setpoint_to_ptarget=nanm finished_val=nanm finished_thresh=0.0200m pd_resid=nanm nextwp_to_ptarget=nanm guide_terminal_err=nanm
[GATE-EVOLVE] step=236 curr=137702.80 best_other=200175.90 ratio=0.6879 ee_to_optimal=0.0029m phi=0.0155m
[STAGE-A-TRACE] step=236 sim_t=2.360 mode=free phi=0.01553 box_xy=-0.00000,-0.00000 lam_n_ee_box=nan qy=-0.00002 qz=-0.00000 finished_repos=0
[DRAKE-CONTACT] step=236 n_pairs=1 ee_box_normal=0.000
[GATE-CONTACT] step=236 F_W=(+0.0000,+0.0000,+0.0000) F_on_box=(-0.0000,-0.0000,-0.0000) n_face_out=(-0.0000,-0.0000,-0.0000) A_is_ee=0 box_q=(+1.00000,+0.00001,-0.00002,-0.00000) box_p=(-0.00000,-0.00000,+0.04999) ee_p=(+0.07668,-0.00236,+0.13050)
[ADMM-C3+] primal: 10.6061->5.4852  dual: 915.8202->16.9873  mono=True  iters=25/25  rho=50.0
[ADMM-C3+] WARNING non-converged: pr=5.4852 dr=16.9873 tol=1e-03
[C3+] step=737 |u[0]|=7.54N λ_n_max=0.698 η_n_max=1.185 primal=5.485 iters=25/25 lcp_res_max=7.40e-08
[ADMIT-GUARD] step=237 admit_active=0 latch=0/0 ee_z=0.132 gate_cap=0
[ALT-GATE] step=237 target_stable=0/0 allow_descent=1
[GS-tgt] step=237 ee=(+0.077,-0.002,+0.132) p_repos=(-0.050,+0.080,+0.030) ee_to_target=0.182m target_label=prev_repos target_changed=N delta=0.000m
[GS] step=237 mode=free switch=kStayInRepos best_k=0 best_src=prev_repos curr_cost=137708.32 repos_cost=200176.08 best_other=200176.08 met_progress=Y steps_since_improve=0 switches=2
[STEP] step=237 mode=free t=2.370s ee=(+0.077,-0.002,+0.132) obj=(-0.000,-0.000,+0.050) goal_dist=0.300m switch=kStayInRepos target=(+0.077,-0.002,+0.132) ee_stride=0.000m ee_to_ptarget=0.182m landing_err=0.1608m ik_ok=Y ik_resid=0.0001m q_max_resid_deg=2.57 target_changed=Y retgt=N held_idx=1 held_cost=200176.08 won_cost=200176.08 margin=+0.00 won_src=prev_repos held_valid=Y reason=hold setpoint_to_ptarget=nanm finished_val=nanm finished_thresh=0.0200m pd_resid=nanm nextwp_to_ptarget=nanm guide_terminal_err=nanm
[GATE-EVOLVE] step=237 curr=137708.32 best_other=200176.08 ratio=0.6879 ee_to_optimal=0.0029m phi=0.0169m
[STAGE-A-TRACE] step=237 sim_t=2.370 mode=free phi=0.01690 box_xy=-0.00000,-0.00000 lam_n_ee_box=nan qy=-0.00002 qz=-0.00000 finished_repos=0
[DRAKE-CONTACT] step=237 n_pairs=1 ee_box_normal=0.000
[GATE-CONTACT] step=237 F_W=(+0.0000,+0.0000,+0.0000) F_on_box=(-0.0000,-0.0000,-0.0000) n_face_out=(-0.0000,-0.0000,-0.0000) A_is_ee=0 box_q=(+1.00000,+0.00001,-0.00002,-0.00000) box_p=(-0.00000,-0.00000,+0.04999) ee_p=(+0.07668,-0.00236,+0.13230)
[ADMM-C3+] primal: 10.6061->5.4852  dual: 915.8202->16.9873  mono=True  iters=25/25  rho=50.0
[ADMM-C3+] WARNING non-converged: pr=5.4852 dr=16.9873 tol=1e-03
[C3+] step=740 |u[0]|=7.61N λ_n_max=0.698 η_n_max=1.185 primal=5.485 iters=25/25 lcp_res_max=7.40e-08
[ADMIT-GUARD] step=238 admit_active=0 latch=0/0 ee_z=0.134 gate_cap=0
[ALT-GATE] step=238 target_stable=0/0 allow_descent=1
[GS-tgt] step=238 ee=(+0.077,-0.002,+0.134) p_repos=(-0.050,+0.080,+0.030) ee_to_target=0.183m target_label=prev_repos target_changed=N delta=0.000m
[GS] step=238 mode=free switch=kStayInRepos best_k=0 best_src=prev_repos curr_cost=137713.95 repos_cost=200176.27 best_other=200176.27 met_progress=Y steps_since_improve=0 switches=2
[STEP] step=238 mode=free t=2.380s ee=(+0.077,-0.002,+0.134) obj=(-0.000,-0.000,+0.050) goal_dist=0.300m switch=kStayInRepos target=(+0.077,-0.002,+0.134) ee_stride=0.000m ee_to_ptarget=0.183m landing_err=0.1581m ik_ok=Y ik_resid=0.0001m q_max_resid_deg=2.97 target_changed=Y retgt=N held_idx=1 held_cost=200176.27 won_cost=200176.27 margin=+0.00 won_src=prev_repos held_valid=Y reason=hold setpoint_to_ptarget=nanm finished_val=nanm finished_thresh=0.0200m pd_resid=nanm nextwp_to_ptarget=nanm guide_terminal_err=nanm
[GATE-EVOLVE] step=238 curr=137713.95 best_other=200176.27 ratio=0.6880 ee_to_optimal=0.0029m phi=0.0183m
[STAGE-A-TRACE] step=238 sim_t=2.380 mode=free phi=0.01830 box_xy=-0.00000,-0.00000 lam_n_ee_box=nan qy=-0.00002 qz=-0.00000 finished_repos=0
[DRAKE-CONTACT] step=238 n_pairs=1 ee_box_normal=0.000
[GATE-CONTACT] step=238 F_W=(+0.0000,+0.0000,+0.0000) F_on_box=(-0.0000,-0.0000,-0.0000) n_face_out=(-0.0000,-0.0000,-0.0000) A_is_ee=0 box_q=(+1.00000,+0.00001,-0.00002,-0.00000) box_p=(-0.00000,-0.00000,+0.04999) ee_p=(+0.07668,-0.00236,+0.13409)
[ADMM-C3+] primal: 10.6061->5.4852  dual: 915.8202->16.9873  mono=True  iters=25/25  rho=50.0
[ADMM-C3+] WARNING non-converged: pr=5.4852 dr=16.9873 tol=1e-03
[C3+] step=743 |u[0]|=7.69N λ_n_max=0.698 η_n_max=1.185 primal=5.485 iters=25/25 lcp_res_max=7.40e-08
[ADMIT-GUARD] step=239 admit_active=0 latch=0/0 ee_z=0.136 gate_cap=0
[ALT-GATE] step=239 target_stable=0/0 allow_descent=1
[GS-tgt] step=239 ee=(+0.077,-0.002,+0.136) p_repos=(-0.050,+0.080,+0.030) ee_to_target=0.184m target_label=prev_repos target_changed=N delta=0.000m
[GS] step=239 mode=free switch=kStayInRepos best_k=0 best_src=prev_repos curr_cost=137719.70 repos_cost=200176.45 best_other=200176.45 met_progress=Y steps_since_improve=0 switches=2
[STEP] step=239 mode=free t=2.390s ee=(+0.077,-0.002,+0.136) obj=(-0.000,-0.000,+0.050) goal_dist=0.300m switch=kStayInRepos target=(+0.077,-0.002,+0.136) ee_stride=0.000m ee_to_ptarget=0.184m landing_err=0.1554m ik_ok=Y ik_resid=0.0001m q_max_resid_deg=3.42 target_changed=Y retgt=N held_idx=1 held_cost=200176.45 won_cost=200176.45 margin=+0.00 won_src=prev_repos held_valid=Y reason=hold setpoint_to_ptarget=nanm finished_val=nanm finished_thresh=0.0200m pd_resid=nanm nextwp_to_ptarget=nanm guide_terminal_err=nanm
[GATE-EVOLVE] step=239 curr=137719.70 best_other=200176.45 ratio=0.6880 ee_to_optimal=0.0029m phi=0.0197m
[STAGE-A-TRACE] step=239 sim_t=2.390 mode=free phi=0.01973 box_xy=-0.00000,-0.00000 lam_n_ee_box=nan qy=-0.00002 qz=-0.00000 finished_repos=0
[DRAKE-CONTACT] step=239 n_pairs=1 ee_box_normal=0.000
[GATE-CONTACT] step=239 F_W=(+0.0000,+0.0000,+0.0000) F_on_box=(-0.0000,-0.0000,-0.0000) n_face_out=(-0.0000,-0.0000,-0.0000) A_is_ee=0 box_q=(+1.00000,+0.00001,-0.00002,-0.00000) box_p=(-0.00000,-0.00000,+0.04999) ee_p=(+0.07667,-0.00236,+0.13589)
[ADMM-C3+] primal: 10.6061->5.4852  dual: 915.8202->16.9873  mono=True  iters=25/25  rho=50.0
[ADMM-C3+] WARNING non-converged: pr=5.4852 dr=16.9873 tol=1e-03
[C3+] step=746 |u[0]|=7.77N λ_n_max=0.698 η_n_max=1.185 primal=5.485 iters=25/25 lcp_res_max=7.40e-08
[ADMIT-GUARD] step=240 admit_active=0 latch=0/0 ee_z=0.138 gate_cap=0
[ALT-GATE] step=240 target_stable=0/0 allow_descent=1
[GS-tgt] step=240 ee=(+0.077,-0.002,+0.138) p_repos=(-0.050,+0.080,+0.030) ee_to_target=0.185m target_label=prev_repos target_changed=N delta=0.000m
[IMP] step=240 mode=free |x_err|=0.0004m |tau_imp|=0.14Nm |tau_ff|=0.00Nm |tau_out|=0.14Nm sat=False lam_n=False lam_t=False
[GS] step=240 mode=free switch=kStayInRepos best_k=0 best_src=prev_repos curr_cost=137725.58 repos_cost=200176.64 best_other=200176.64 met_progress=Y steps_since_improve=0 switches=2
[STEP] step=240 mode=free t=2.400s ee=(+0.077,-0.002,+0.138) obj=(-0.000,-0.000,+0.050) goal_dist=0.300m switch=kStayInRepos target=(+0.077,-0.002,+0.137) ee_stride=0.000m ee_to_ptarget=0.185m landing_err=0.1528m ik_ok=Y ik_resid=0.0002m q_max_resid_deg=3.90 target_changed=Y retgt=N held_idx=1 held_cost=200176.64 won_cost=200176.64 margin=+0.00 won_src=prev_repos held_valid=Y reason=hold setpoint_to_ptarget=nanm finished_val=nanm finished_thresh=0.0200m pd_resid=nanm nextwp_to_ptarget=nanm guide_terminal_err=nanm
[GATE-EVOLVE] step=240 curr=137725.58 best_other=200176.64 ratio=0.6880 ee_to_optimal=0.0029m phi=0.0212m
[STAGE-A-TRACE] step=240 sim_t=2.400 mode=free phi=0.02118 box_xy=-0.00000,-0.00000 lam_n_ee_box=nan qy=-0.00002 qz=-0.00000 finished_repos=0
[GS-table] step=240
  k=0 (current   ) pos=(+0.077,-0.002,+0.138) c_C3= 167725.58 align=1.0000(bonus=30000.00) rot=+0.0000(bonus=    0.00) travel=0.000m(pen=  0.00) c_sample= 137725.58 feas=Y ik_err=0.0000m  ← WIN
  k=1 (prev_repos) pos=(-0.050,+0.080,+0.030) c_C3= 200139.57 align=0.0000(bonus=    0.00) rot=+0.0000(bonus=    0.00) travel=0.185m(pen= 37.07) c_sample= 200176.64 feas=Y ik_err=0.0000m
  k=2 (strat_0   ) pos=(-0.050,+0.080,+0.030) c_C3= 200139.57 align=0.0000(bonus=    0.00) rot=+0.0000(bonus=    0.00) travel=0.185m(pen= 37.07) c_sample= 200176.64 feas=Y ik_err=0.0000m
[DRAKE-CONTACT] step=240 n_pairs=1 ee_box_normal=0.000
[GATE-CONTACT] step=240 F_W=(+0.0000,+0.0000,+0.0000) F_on_box=(-0.0000,-0.0000,-0.0000) n_face_out=(-0.0000,-0.0000,-0.0000) A_is_ee=0 box_q=(+1.00000,+0.00001,-0.00002,-0.00000) box_p=(-0.00000,-0.00000,+0.04999) ee_p=(+0.07667,-0.00236,+0.13769)
[ADMM-C3+] primal: 10.6061->5.4852  dual: 915.8202->16.9873  mono=True  iters=25/25  rho=50.0
[ADMM-C3+] WARNING non-converged: pr=5.4852 dr=16.9873 tol=1e-03
[C3+] step=749 |u[0]|=7.86N λ_n_max=0.698 η_n_max=1.185 primal=5.485 iters=25/25 lcp_res_max=7.40e-08
[ADMIT-GUARD] step=241 admit_active=0 latch=0/0 ee_z=0.139 gate_cap=0
[ALT-GATE] step=241 target_stable=0/0 allow_descent=1
[GS-tgt] step=241 ee=(+0.077,-0.002,+0.139) p_repos=(-0.050,+0.080,+0.030) ee_to_target=0.186m target_label=prev_repos target_changed=N delta=0.000m
[GS] step=241 mode=free switch=kStayInRepos best_k=0 best_src=prev_repos curr_cost=137731.41 repos_cost=200176.83 best_other=200176.83 met_progress=Y steps_since_improve=0 switches=2
[STEP] step=241 mode=free t=2.410s ee=(+0.077,-0.002,+0.139) obj=(-0.000,-0.000,+0.050) goal_dist=0.300m switch=kStayInRepos target=(+0.077,-0.002,+0.139) ee_stride=0.000m ee_to_ptarget=0.186m landing_err=0.1503m ik_ok=Y ik_resid=0.0002m q_max_resid_deg=4.37 target_changed=Y retgt=N held_idx=1 held_cost=200176.83 won_cost=200176.83 margin=+0.00 won_src=prev_repos held_valid=Y reason=hold setpoint_to_ptarget=nanm finished_val=nanm finished_thresh=0.0200m pd_resid=nanm nextwp_to_ptarget=nanm guide_terminal_err=nanm
[GATE-EVOLVE] step=241 curr=137731.41 best_other=200176.83 ratio=0.6880 ee_to_optimal=0.0029m phi=0.0227m
[STAGE-A-TRACE] step=241 sim_t=2.410 mode=free phi=0.02266 box_xy=-0.00000,-0.00000 lam_n_ee_box=nan qy=-0.00002 qz=-0.00000 finished_repos=0
[DRAKE-CONTACT] step=241 n_pairs=1 ee_box_normal=0.000
[GATE-CONTACT] step=241 F_W=(+0.0000,+0.0000,+0.0000) F_on_box=(-0.0000,-0.0000,-0.0000) n_face_out=(-0.0000,-0.0000,-0.0000) A_is_ee=0 box_q=(+1.00000,+0.00001,-0.00002,-0.00000) box_p=(-0.00000,-0.00000,+0.04999) ee_p=(+0.07667,-0.00236,+0.13949)
[ADMM-C3+] primal: 10.6061->5.4852  dual: 915.8202->16.9776  mono=True  iters=25/25  rho=50.0
[ADMM-C3+] WARNING non-converged: pr=5.4852 dr=16.9776 tol=1e-03
[C3+] step=752 |u[0]|=7.57N λ_n_max=0.698 η_n_max=1.185 primal=5.485 iters=25/25 lcp_res_max=7.40e-08
[ADMIT-GUARD] step=242 admit_active=0 latch=0/0 ee_z=0.141 gate_cap=0
[ALT-GATE] step=242 target_stable=0/0 allow_descent=1
[GS-tgt] step=242 ee=(+0.077,-0.002,+0.141) p_repos=(-0.050,+0.080,+0.030) ee_to_target=0.187m target_label=prev_repos target_changed=N delta=0.000m
[GS] step=242 mode=free switch=kStayInRepos best_k=0 best_src=prev_repos curr_cost=137745.21 repos_cost=200177.02 best_other=200177.02 met_progress=Y steps_since_improve=0 switches=2
[STEP] step=242 mode=free t=2.420s ee=(+0.077,-0.002,+0.141) obj=(-0.000,-0.000,+0.050) goal_dist=0.300m switch=kStayInRepos target=(+0.077,-0.002,+0.141) ee_stride=0.000m ee_to_ptarget=0.187m landing_err=0.1478m ik_ok=Y ik_resid=0.0002m q_max_resid_deg=4.85 target_changed=Y retgt=N held_idx=1 held_cost=200177.02 won_cost=200177.02 margin=+0.00 won_src=prev_repos held_valid=Y reason=hold setpoint_to_ptarget=nanm finished_val=nanm finished_thresh=0.0200m pd_resid=nanm nextwp_to_ptarget=nanm guide_terminal_err=nanm
[GATE-EVOLVE] step=242 curr=137745.21 best_other=200177.02 ratio=0.6881 ee_to_optimal=0.0029m phi=0.0242m
[STAGE-A-TRACE] step=242 sim_t=2.420 mode=free phi=0.02416 box_xy=-0.00000,-0.00000 lam_n_ee_box=nan qy=-0.00002 qz=-0.00000 finished_repos=0
[DRAKE-CONTACT] step=242 n_pairs=1 ee_box_normal=0.000
[GATE-CONTACT] step=242 F_W=(+0.0000,+0.0000,+0.0000) F_on_box=(-0.0000,-0.0000,-0.0000) n_face_out=(-0.0000,-0.0000,-0.0000) A_is_ee=0 box_q=(+1.00000,+0.00001,-0.00002,-0.00000) box_p=(-0.00000,-0.00000,+0.04999) ee_p=(+0.07667,-0.00236,+0.14128)
[ADMM-C3+] primal: 10.6061->5.4852  dual: 915.8202->16.9871  mono=True  iters=25/25  rho=50.0
[ADMM-C3+] WARNING non-converged: pr=5.4852 dr=16.9871 tol=1e-03
[C3+] step=755 |u[0]|=8.05N λ_n_max=0.698 η_n_max=1.185 primal=5.485 iters=25/25 lcp_res_max=7.40e-08
[ADMIT-GUARD] step=243 admit_active=0 latch=0/0 ee_z=0.143 gate_cap=0
[ALT-GATE] step=243 target_stable=0/0 allow_descent=1
[GS-tgt] step=243 ee=(+0.077,-0.002,+0.143) p_repos=(-0.050,+0.080,+0.030) ee_to_target=0.189m target_label=prev_repos target_changed=N delta=0.000m
[GS] step=243 mode=free switch=kStayInRepos best_k=0 best_src=prev_repos curr_cost=137743.17 repos_cost=200177.21 best_other=200177.21 met_progress=Y steps_since_improve=0 switches=2
[STEP] step=243 mode=free t=2.430s ee=(+0.077,-0.002,+0.143) obj=(-0.000,-0.000,+0.050) goal_dist=0.300m switch=kStayInRepos target=(+0.077,-0.002,+0.143) ee_stride=0.000m ee_to_ptarget=0.189m landing_err=0.1453m ik_ok=Y ik_resid=0.0002m q_max_resid_deg=5.33 target_changed=Y retgt=N held_idx=1 held_cost=200177.21 won_cost=200177.21 margin=+0.00 won_src=prev_repos held_valid=Y reason=hold setpoint_to_ptarget=nanm finished_val=nanm finished_thresh=0.0200m pd_resid=nanm nextwp_to_ptarget=nanm guide_terminal_err=nanm
[GATE-EVOLVE] step=243 curr=137743.17 best_other=200177.21 ratio=0.6881 ee_to_optimal=0.0029m phi=0.0257m
[STAGE-A-TRACE] step=243 sim_t=2.430 mode=free phi=0.02568 box_xy=-0.00000,-0.00000 lam_n_ee_box=nan qy=-0.00002 qz=-0.00000 finished_repos=0
[DRAKE-CONTACT] step=243 n_pairs=1 ee_box_normal=0.000
[GATE-CONTACT] step=243 F_W=(+0.0000,+0.0000,+0.0000) F_on_box=(-0.0000,-0.0000,-0.0000) n_face_out=(-0.0000,-0.0000,-0.0000) A_is_ee=0 box_q=(+1.00000,+0.00001,-0.00002,-0.00000) box_p=(-0.00000,-0.00000,+0.04999) ee_p=(+0.07667,-0.00235,+0.14308)
[PERSIST] step=244 refresh n_strategy=1 samples=[(0.0186, -0.08, 0.03)]
[ADMM-C3+] primal: 10.6061->5.4852  dual: 915.8202->16.9870  mono=True  iters=25/25  rho=50.0
[ADMM-C3+] WARNING non-converged: pr=5.4852 dr=16.9870 tol=1e-03
[C3+] step=758 |u[0]|=8.15N λ_n_max=0.698 η_n_max=1.185 primal=5.485 iters=25/25 lcp_res_max=7.40e-08
[ADMIT-GUARD] step=244 admit_active=0 latch=0/0 ee_z=0.145 gate_cap=0
[ALT-GATE] step=244 target_stable=0/0 allow_descent=1
[GS-tgt] step=244 ee=(+0.077,-0.002,+0.145) p_repos=(+0.019,-0.080,+0.030) ee_to_target=0.150m target_label=strat_0 target_changed=Y delta=0.174m
[STAGE-A-PWL] step=244 sim_t=2.440 build p_start=(+0.0767,-0.0024,+0.1449) p_target=(+0.0186,-0.0800,+0.0300) K=4 t_end=3.674
[GS] step=244 mode=free switch=kStayInRepos best_k=0 best_src=strat_0 curr_cost=137749.19 repos_cost=199323.40 best_other=199323.40 met_progress=Y steps_since_improve=0 switches=2
[STEP] step=244 mode=free t=2.440s ee=(+0.077,-0.002,+0.145) obj=(-0.000,-0.000,+0.050) goal_dist=0.300m switch=kStayInRepos target=(+0.077,-0.002,+0.145) ee_stride=0.000m ee_to_ptarget=0.150m landing_err=0.1534m ik_ok=Y ik_resid=0.0001m q_max_resid_deg=0.55 target_changed=Y retgt=Y held_idx=1 held_cost=200177.41 won_cost=199323.40 margin=+854.01 won_src=strat_0 held_valid=Y reason=noise_flip setpoint_to_ptarget=nanm finished_val=nanm finished_thresh=0.0200m pd_resid=nanm nextwp_to_ptarget=nanm guide_terminal_err=nanm
[GATE-EVOLVE] step=244 curr=137749.19 best_other=199323.40 ratio=0.6911 ee_to_optimal=0.0029m phi=0.0272m
[STAGE-A-TRACE] step=244 sim_t=2.440 mode=free phi=0.02721 box_xy=-0.00000,-0.00000 lam_n_ee_box=nan qy=-0.00002 qz=-0.00000 finished_repos=0
[DRAKE-CONTACT] step=244 n_pairs=1 ee_box_normal=0.000
[GATE-CONTACT] step=244 F_W=(+0.0000,+0.0000,+0.0000) F_on_box=(-0.0000,-0.0000,-0.0000) n_face_out=(-0.0000,-0.0000,-0.0000) A_is_ee=0 box_q=(+1.00000,+0.00001,-0.00002,-0.00000) box_p=(-0.00000,-0.00000,+0.04999) ee_p=(+0.07667,-0.00235,+0.14488)
[ADMM-C3+] primal: 10.6061->5.4852  dual: 915.8202->16.9869  mono=True  iters=25/25  rho=50.0
[ADMM-C3+] WARNING non-converged: pr=5.4852 dr=16.9869 tol=1e-03
[C3+] step=761 |u[0]|=8.24N λ_n_max=0.698 η_n_max=1.185 primal=5.485 iters=25/25 lcp_res_max=7.40e-08
[ADMIT-GUARD] step=245 admit_active=0 latch=0/0 ee_z=0.147 gate_cap=0
[ALT-GATE] step=245 target_stable=0/0 allow_descent=1
[GS-tgt] step=245 ee=(+0.077,-0.002,+0.147) p_repos=(+0.019,-0.080,+0.030) ee_to_target=0.152m target_label=prev_repos target_changed=N delta=0.000m
[GS] step=245 mode=free switch=kStayInRepos best_k=0 best_src=prev_repos curr_cost=137755.35 repos_cost=199323.65 best_other=199323.65 met_progress=Y steps_since_improve=0 switches=2
[STEP] step=245 mode=free t=2.450s ee=(+0.077,-0.002,+0.147) obj=(-0.000,-0.000,+0.050) goal_dist=0.300m switch=kStayInRepos target=(+0.077,-0.002,+0.147) ee_stride=0.000m ee_to_ptarget=0.152m landing_err=0.1509m ik_ok=Y ik_resid=0.0002m q_max_resid_deg=0.70 target_changed=Y retgt=N held_idx=1 held_cost=199323.65 won_cost=199323.65 margin=+0.00 won_src=prev_repos held_valid=Y reason=hold setpoint_to_ptarget=nanm finished_val=nanm finished_thresh=0.0200m pd_resid=nanm nextwp_to_ptarget=nanm guide_terminal_err=nanm
[GATE-EVOLVE] step=245 curr=137755.35 best_other=199323.65 ratio=0.6911 ee_to_optimal=0.0029m phi=0.0288m
[STAGE-A-TRACE] step=245 sim_t=2.450 mode=free phi=0.02877 box_xy=-0.00000,-0.00000 lam_n_ee_box=nan qy=-0.00002 qz=-0.00000 finished_repos=0
[DRAKE-CONTACT] step=245 n_pairs=1 ee_box_normal=0.000
[GATE-CONTACT] step=245 F_W=(+0.0000,+0.0000,+0.0000) F_on_box=(-0.0000,-0.0000,-0.0000) n_face_out=(-0.0000,-0.0000,-0.0000) A_is_ee=0 box_q=(+1.00000,+0.00001,-0.00002,-0.00000) box_p=(-0.00000,-0.00000,+0.04999) ee_p=(+0.07667,-0.00235,+0.14668)
[ADMM-C3+] primal: 10.6061->5.4852  dual: 915.8202->16.9868  mono=True  iters=25/25  rho=50.0
[ADMM-C3+] WARNING non-converged: pr=5.4852 dr=16.9868 tol=1e-03
[C3+] step=764 |u[0]|=8.34N λ_n_max=0.698 η_n_max=1.185 primal=5.485 iters=25/25 lcp_res_max=7.40e-08
[ADMIT-GUARD] step=246 admit_active=0 latch=0/0 ee_z=0.148 gate_cap=0
[ALT-GATE] step=246 target_stable=0/0 allow_descent=1
[GS-tgt] step=246 ee=(+0.077,-0.002,+0.148) p_repos=(+0.019,-0.080,+0.030) ee_to_target=0.153m target_label=prev_repos target_changed=N delta=0.000m
[GS] step=246 mode=free switch=kStayInRepos best_k=0 best_src=prev_repos curr_cost=137761.66 repos_cost=199323.89 best_other=199323.89 met_progress=Y steps_since_improve=0 switches=2
[STEP] step=246 mode=free t=2.460s ee=(+0.077,-0.002,+0.148) obj=(-0.000,-0.000,+0.050) goal_dist=0.300m switch=kStayInRepos target=(+0.077,-0.002,+0.148) ee_stride=0.000m ee_to_ptarget=0.153m landing_err=0.1485m ik_ok=Y ik_resid=0.0003m q_max_resid_deg=1.20 target_changed=Y retgt=N held_idx=1 held_cost=199323.89 won_cost=199323.89 margin=+0.00 won_src=prev_repos held_valid=Y reason=hold setpoint_to_ptarget=nanm finished_val=nanm finished_thresh=0.0200m pd_resid=nanm nextwp_to_ptarget=nanm guide_terminal_err=nanm
[GATE-EVOLVE] step=246 curr=137761.66 best_other=199323.89 ratio=0.6911 ee_to_optimal=0.0029m phi=0.0303m
[STAGE-A-TRACE] step=246 sim_t=2.460 mode=free phi=0.03035 box_xy=-0.00000,-0.00000 lam_n_ee_box=nan qy=-0.00002 qz=-0.00000 finished_repos=0
[DRAKE-CONTACT] step=246 n_pairs=1 ee_box_normal=0.000
[GATE-CONTACT] step=246 F_W=(+0.0000,+0.0000,+0.0000) F_on_box=(-0.0000,-0.0000,-0.0000) n_face_out=(-0.0000,-0.0000,-0.0000) A_is_ee=0 box_q=(+1.00000,+0.00001,-0.00002,-0.00000) box_p=(-0.00000,-0.00000,+0.04999) ee_p=(+0.07667,-0.00236,+0.14849)
[ADMM-C3+] primal: 10.6061->5.4852  dual: 915.8202->16.9867  mono=True  iters=25/25  rho=50.0
[ADMM-C3+] WARNING non-converged: pr=5.4852 dr=16.9867 tol=1e-03
[C3+] step=767 |u[0]|=8.44N λ_n_max=0.698 η_n_max=1.185 primal=5.485 iters=25/25 lcp_res_max=7.40e-08
[ADMIT-GUARD] step=247 admit_active=0 latch=0/0 ee_z=0.150 gate_cap=0
[ALT-GATE] step=247 target_stable=0/0 allow_descent=1
[GS-tgt] step=247 ee=(+0.077,-0.002,+0.150) p_repos=(+0.019,-0.080,+0.030) ee_to_target=0.155m target_label=prev_repos target_changed=N delta=0.000m
[GS] step=247 mode=free switch=kStayInRepos best_k=0 best_src=prev_repos curr_cost=137768.11 repos_cost=199324.13 best_other=199324.13 met_progress=Y steps_since_improve=0 switches=2
[STEP] step=247 mode=free t=2.470s ee=(+0.077,-0.002,+0.150) obj=(-0.000,-0.000,+0.050) goal_dist=0.300m switch=kStayInRepos target=(+0.077,-0.003,+0.150) ee_stride=0.000m ee_to_ptarget=0.155m landing_err=0.1461m ik_ok=Y ik_resid=0.0004m q_max_resid_deg=1.70 target_changed=Y retgt=N held_idx=1 held_cost=199324.13 won_cost=199324.13 margin=+0.00 won_src=prev_repos held_valid=Y reason=hold setpoint_to_ptarget=nanm finished_val=nanm finished_thresh=0.0200m pd_resid=nanm nextwp_to_ptarget=nanm guide_terminal_err=nanm
[GATE-EVOLVE] step=247 curr=137768.11 best_other=199324.13 ratio=0.6912 ee_to_optimal=0.0029m phi=0.0319m
[STAGE-A-TRACE] step=247 sim_t=2.470 mode=free phi=0.03194 box_xy=-0.00000,-0.00000 lam_n_ee_box=nan qy=-0.00002 qz=-0.00000 finished_repos=0
[DRAKE-CONTACT] step=247 n_pairs=1 ee_box_normal=0.000
[GATE-CONTACT] step=247 F_W=(+0.0000,+0.0000,+0.0000) F_on_box=(-0.0000,-0.0000,-0.0000) n_face_out=(-0.0000,-0.0000,-0.0000) A_is_ee=0 box_q=(+1.00000,+0.00001,-0.00002,-0.00000) box_p=(-0.00000,-0.00000,+0.04999) ee_p=(+0.07667,-0.00237,+0.15030)
[ADMM-C3+] primal: 10.6061->5.4852  dual: 915.8202->16.9866  mono=True  iters=25/25  rho=50.0
[ADMM-C3+] WARNING non-converged: pr=5.4852 dr=16.9866 tol=1e-03
[C3+] step=770 |u[0]|=8.52N λ_n_max=0.698 η_n_max=1.185 primal=5.485 iters=25/25 lcp_res_max=7.40e-08
[ADMIT-GUARD] step=248 admit_active=0 latch=0/0 ee_z=0.152 gate_cap=0
[ALT-GATE] step=248 target_stable=0/0 allow_descent=1
[GS-tgt] step=248 ee=(+0.076,-0.003,+0.152) p_repos=(+0.019,-0.080,+0.030) ee_to_target=0.155m target_label=prev_repos target_changed=N delta=0.000m
[GS] step=248 mode=free switch=kStayInRepos best_k=0 best_src=prev_repos curr_cost=137772.92 repos_cost=199321.02 best_other=199321.02 met_progress=Y steps_since_improve=0 switches=2
[STEP] step=248 mode=free t=2.480s ee=(+0.076,-0.003,+0.152) obj=(-0.000,-0.000,+0.050) goal_dist=0.300m switch=kStayInRepos target=(+0.075,-0.004,+0.150) ee_stride=0.002m ee_to_ptarget=0.155m landing_err=0.1438m ik_ok=Y ik_resid=0.0004m q_max_resid_deg=2.16 target_changed=Y retgt=N held_idx=1 held_cost=199321.02 won_cost=199321.02 margin=+0.00 won_src=prev_repos held_valid=Y reason=hold setpoint_to_ptarget=nanm finished_val=nanm finished_thresh=0.0200m pd_resid=nanm nextwp_to_ptarget=nanm guide_terminal_err=nanm
[GATE-EVOLVE] step=248 curr=137772.92 best_other=199321.02 ratio=0.6912 ee_to_optimal=0.0030m phi=0.0331m
[STAGE-A-TRACE] step=248 sim_t=2.480 mode=free phi=0.03309 box_xy=-0.00000,-0.00000 lam_n_ee_box=nan qy=-0.00002 qz=-0.00000 finished_repos=0
[DRAKE-CONTACT] step=248 n_pairs=1 ee_box_normal=0.000
[GATE-CONTACT] step=248 F_W=(+0.0000,+0.0000,+0.0000) F_on_box=(-0.0000,-0.0000,-0.0000) n_face_out=(-0.0000,-0.0000,-0.0000) A_is_ee=0 box_q=(+1.00000,+0.00001,-0.00002,-0.00000) box_p=(-0.00000,-0.00000,+0.04999) ee_p=(+0.07643,-0.00269,+0.15172)
[ADMM-C3+] primal: 10.6061->5.4852  dual: 915.8201->16.9866  mono=True  iters=25/25  rho=50.0
[ADMM-C3+] WARNING non-converged: pr=5.4852 dr=16.9866 tol=1e-03
[C3+] step=773 |u[0]|=8.56N λ_n_max=0.698 η_n_max=1.185 primal=5.485 iters=25/25 lcp_res_max=7.40e-08
[ADMIT-GUARD] step=249 admit_active=0 latch=0/0 ee_z=0.153 gate_cap=0
[ALT-GATE] step=249 target_stable=0/0 allow_descent=1
[GS-tgt] step=249 ee=(+0.076,-0.003,+0.153) p_repos=(+0.019,-0.080,+0.030) ee_to_target=0.155m target_label=prev_repos target_changed=N delta=0.000m
[GS] step=249 mode=free switch=kStayInRepos best_k=0 best_src=prev_repos curr_cost=137775.19 repos_cost=199313.09 best_other=199313.09 met_progress=Y steps_since_improve=0 switches=2
[STEP] step=249 mode=free t=2.490s ee=(+0.076,-0.003,+0.153) obj=(-0.000,-0.000,+0.050) goal_dist=0.300m switch=kStayInRepos target=(+0.074,-0.005,+0.150) ee_stride=0.004m ee_to_ptarget=0.155m landing_err=0.1416m ik_ok=Y ik_resid=0.0005m q_max_resid_deg=2.56 target_changed=Y retgt=N held_idx=1 held_cost=199313.09 won_cost=199313.09 margin=+0.00 won_src=prev_repos held_valid=Y reason=hold setpoint_to_ptarget=nanm finished_val=nanm finished_thresh=0.0200m pd_resid=nanm nextwp_to_ptarget=nanm guide_terminal_err=nanm
[GATE-EVOLVE] step=249 curr=137775.19 best_other=199313.09 ratio=0.6913 ee_to_optimal=0.0036m phi=0.0336m
[STAGE-A-TRACE] step=249 sim_t=2.490 mode=free phi=0.03355 box_xy=-0.00000,-0.00000 lam_n_ee_box=nan qy=-0.00002 qz=-0.00000 finished_repos=0
[DRAKE-CONTACT] step=249 n_pairs=1 ee_box_normal=0.000
[GATE-CONTACT] step=249 F_W=(+0.0000,+0.0000,+0.0000) F_on_box=(-0.0000,-0.0000,-0.0000) n_face_out=(-0.0000,-0.0000,-0.0000) A_is_ee=0 box_q=(+1.00000,+0.00001,-0.00002,-0.00000) box_p=(-0.00000,-0.00000,+0.04999) ee_p=(+0.07584,-0.00348,+0.15253)
[ADMM-C3+] primal: 10.6061->5.4852  dual: 915.8201->16.9865  mono=True  iters=25/25  rho=50.0
[ADMM-C3+] WARNING non-converged: pr=5.4852 dr=16.9865 tol=1e-03
[C3+] step=776 |u[0]|=8.57N λ_n_max=0.698 η_n_max=1.185 primal=5.485 iters=25/25 lcp_res_max=7.40e-08
[ADMIT-GUARD] step=250 admit_active=0 latch=0/0 ee_z=0.153 gate_cap=0
[ALT-GATE] step=250 target_stable=0/0 allow_descent=1
[GS-tgt] step=250 ee=(+0.075,-0.005,+0.153) p_repos=(+0.019,-0.080,+0.030) ee_to_target=0.155m target_label=prev_repos target_changed=N delta=0.000m
[IMP] step=250 mode=free |x_err|=0.0041m |tau_imp|=7.15Nm |tau_ff|=0.00Nm |tau_out|=7.15Nm sat=False lam_n=False lam_t=False
[GS] step=250 mode=free switch=kStayInRepos best_k=0 best_src=prev_repos curr_cost=137775.84 repos_cost=199302.38 best_other=199302.38 met_progress=Y steps_since_improve=0 switches=2
[STEP] step=250 mode=free t=2.500s ee=(+0.075,-0.005,+0.153) obj=(-0.000,-0.000,+0.050) goal_dist=0.300m switch=kStayInRepos target=(+0.073,-0.007,+0.150) ee_stride=0.004m ee_to_ptarget=0.155m landing_err=0.1395m ik_ok=Y ik_resid=0.0006m q_max_resid_deg=2.91 target_changed=Y retgt=N held_idx=1 held_cost=199302.38 won_cost=199302.38 margin=+0.00 won_src=prev_repos held_valid=Y reason=hold setpoint_to_ptarget=nanm finished_val=nanm finished_thresh=0.0200m pd_resid=nanm nextwp_to_ptarget=nanm guide_terminal_err=nanm
[GATE-EVOLVE] step=250 curr=137775.84 best_other=199302.38 ratio=0.6913 ee_to_optimal=0.0046m phi=0.0336m
[STAGE-A-TRACE] step=250 sim_t=2.500 mode=free phi=0.03356 box_xy=-0.00000,-0.00000 lam_n_ee_box=nan qy=-0.00002 qz=-0.00000 finished_repos=0
[DRAKE-CONTACT] step=250 n_pairs=1 ee_box_normal=0.000
[GATE-CONTACT] step=250 F_W=(+0.0000,+0.0000,+0.0000) F_on_box=(-0.0000,-0.0000,-0.0000) n_face_out=(-0.0000,-0.0000,-0.0000) A_is_ee=0 box_q=(+1.00000,+0.00001,-0.00002,-0.00000) box_p=(-0.00000,-0.00000,+0.04999) ee_p=(+0.07500,-0.00459,+0.15295)
[LATERAL] perp=5.9mm scale=50.0mm strength=0.12 shift_mm=(+0.0,+0.7)
[ADMM-C3+] primal: 10.6061->5.4852  dual: 915.8201->16.9865  mono=True  iters=25/25  rho=50.0
[ADMM-C3+] WARNING non-converged: pr=5.4852 dr=16.9865 tol=1e-03
[C3+] step=779 |u[0]|=8.57N λ_n_max=0.698 η_n_max=1.185 primal=5.485 iters=25/25 lcp_res_max=7.40e-08
[ADMIT-GUARD] step=251 admit_active=0 latch=0/0 ee_z=0.153 gate_cap=0
[ALT-GATE] step=251 target_stable=0/0 allow_descent=1
[GS-tgt] step=251 ee=(+0.074,-0.006,+0.153) p_repos=(+0.019,-0.080,+0.030) ee_to_target=0.154m target_label=prev_repos target_changed=N delta=0.000m
[GS] step=251 mode=free switch=kStayInRepos best_k=0 best_src=prev_repos curr_cost=137775.56 repos_cost=199290.41 best_other=199290.41 met_progress=Y steps_since_improve=0 switches=2
[STEP] step=251 mode=free t=2.510s ee=(+0.074,-0.006,+0.153) obj=(-0.000,-0.000,+0.050) goal_dist=0.300m switch=kStayInRepos target=(+0.072,-0.008,+0.150) ee_stride=0.004m ee_to_ptarget=0.154m landing_err=0.1374m ik_ok=Y ik_resid=0.0007m q_max_resid_deg=3.24 target_changed=Y retgt=N held_idx=1 held_cost=199290.41 won_cost=199290.41 margin=+0.00 won_src=prev_repos held_valid=Y reason=hold setpoint_to_ptarget=nanm finished_val=nanm finished_thresh=0.0200m pd_resid=nanm nextwp_to_ptarget=nanm guide_terminal_err=nanm
[GATE-EVOLVE] step=251 curr=137775.56 best_other=199290.41 ratio=0.6913 ee_to_optimal=0.0060m phi=0.0333m
[STAGE-A-TRACE] step=251 sim_t=2.510 mode=free phi=0.03328 box_xy=-0.00000,-0.00000 lam_n_ee_box=nan qy=-0.00002 qz=-0.00000 finished_repos=0
  t=2.50s | ee=(0.074, -0.006, 0.153) | obj=(-0.000, -0.000, 0.050) | |u|=4.54 Nm | goal_dist=0.300 m
[DRAKE-CONTACT] step=251 n_pairs=1 ee_box_normal=0.000
[GATE-CONTACT] step=251 F_W=(+0.0000,+0.0000,+0.0000) F_on_box=(-0.0000,-0.0000,-0.0000) n_face_out=(-0.0000,-0.0000,-0.0000) A_is_ee=0 box_q=(+1.00000,+0.00001,-0.00002,-0.00000) box_p=(-0.00000,-0.00000,+0.04999) ee_p=(+0.07400,-0.00591,+0.15310)
[LATERAL] perp=7.4mm scale=50.0mm strength=0.15 shift_mm=(+0.0,+1.1)
[ADMM-C3+] primal: 10.6061->5.4852  dual: 915.8201->16.9865  mono=True  iters=25/25  rho=50.0
[ADMM-C3+] WARNING non-converged: pr=5.4852 dr=16.9865 tol=1e-03
[C3+] step=782 |u[0]|=8.56N λ_n_max=0.698 η_n_max=1.185 primal=5.485 iters=25/25 lcp_res_max=7.40e-08
[ADMIT-GUARD] step=252 admit_active=0 latch=0/0 ee_z=0.153 gate_cap=0
[ALT-GATE] step=252 target_stable=0/0 allow_descent=1
[GS-tgt] step=252 ee=(+0.073,-0.007,+0.153) p_repos=(+0.019,-0.080,+0.030) ee_to_target=0.153m target_label=prev_repos target_changed=N delta=0.000m
[GS] step=252 mode=free switch=kStayInRepos best_k=0 best_src=prev_repos curr_cost=137774.86 repos_cost=199278.24 best_other=199278.24 met_progress=Y steps_since_improve=0 switches=2
[STEP] step=252 mode=free t=2.520s ee=(+0.073,-0.007,+0.153) obj=(-0.000,-0.000,+0.050) goal_dist=0.300m switch=kStayInRepos target=(+0.071,-0.010,+0.150) ee_stride=0.004m ee_to_ptarget=0.153m landing_err=0.1355m ik_ok=Y ik_resid=0.0008m q_max_resid_deg=3.55 target_changed=Y retgt=N held_idx=1 held_cost=199278.24 won_cost=199278.24 margin=+0.00 won_src=prev_repos held_valid=Y reason=hold setpoint_to_ptarget=nanm finished_val=nanm finished_thresh=0.0200m pd_resid=nanm nextwp_to_ptarget=nanm guide_terminal_err=nanm
[GATE-EVOLVE] step=252 curr=137774.86 best_other=199278.24 ratio=0.6914 ee_to_optimal=0.0077m phi=0.0328m
[STAGE-A-TRACE] step=252 sim_t=2.520 mode=free phi=0.03281 box_xy=-0.00000,-0.00000 lam_n_ee_box=nan qy=-0.00002 qz=-0.00000 finished_repos=0
[DRAKE-CONTACT] step=252 n_pairs=1 ee_box_normal=0.000
[GATE-CONTACT] step=252 F_W=(+0.0000,+0.0000,+0.0000) F_on_box=(-0.0000,-0.0000,-0.0000) n_face_out=(-0.0000,-0.0000,-0.0000) A_is_ee=0 box_q=(+1.00000,+0.00001,-0.00002,-0.00000) box_p=(-0.00000,-0.00000,+0.04999) ee_p=(+0.07291,-0.00738,+0.15307)
[LATERAL] perp=8.9mm scale=50.0mm strength=0.18 shift_mm=(+0.0,+1.6)
[ADMM-C3+] primal: 10.6061->5.4852  dual: 915.8201->16.9865  mono=True  iters=25/25  rho=50.0
[ADMM-C3+] WARNING non-converged: pr=5.4852 dr=16.9865 tol=1e-03
[C3+] step=785 |u[0]|=8.55N λ_n_max=0.698 η_n_max=1.185 primal=5.485 iters=25/25 lcp_res_max=7.40e-08
[ADMIT-GUARD] step=253 admit_active=0 latch=0/0 ee_z=0.153 gate_cap=0
[ALT-GATE] step=253 target_stable=0/0 allow_descent=1
[GS-tgt] step=253 ee=(+0.072,-0.009,+0.153) p_repos=(+0.019,-0.080,+0.030) ee_to_target=0.152m target_label=prev_repos target_changed=N delta=0.000m
[GS] step=253 mode=free switch=kStayInRepos best_k=0 best_src=prev_repos curr_cost=137774.10 repos_cost=199266.59 best_other=199266.59 met_progress=Y steps_since_improve=0 switches=2
[STEP] step=253 mode=free t=2.530s ee=(+0.072,-0.009,+0.153) obj=(-0.000,-0.000,+0.050) goal_dist=0.300m switch=kStayInRepos target=(+0.070,-0.011,+0.150) ee_stride=0.004m ee_to_ptarget=0.152m landing_err=0.1336m ik_ok=Y ik_resid=0.0010m q_max_resid_deg=3.85 target_changed=Y retgt=N held_idx=1 held_cost=199266.59 won_cost=199266.59 margin=+0.00 won_src=prev_repos held_valid=Y reason=hold setpoint_to_ptarget=nanm finished_val=nanm finished_thresh=0.0200m pd_resid=nanm nextwp_to_ptarget=nanm guide_terminal_err=nanm
[GATE-EVOLVE] step=253 curr=137774.10 best_other=199266.59 ratio=0.6914 ee_to_optimal=0.0095m phi=0.0322m
[STAGE-A-TRACE] step=253 sim_t=2.530 mode=free phi=0.03225 box_xy=-0.00000,-0.00000 lam_n_ee_box=nan qy=-0.00002 qz=-0.00000 finished_repos=0
[DRAKE-CONTACT] step=253 n_pairs=1 ee_box_normal=0.000
[GATE-CONTACT] step=253 F_W=(+0.0000,+0.0000,+0.0000) F_on_box=(-0.0000,-0.0000,-0.0000) n_face_out=(-0.0000,-0.0000,-0.0000) A_is_ee=0 box_q=(+1.00000,+0.00001,-0.00002,-0.00000) box_p=(-0.00000,-0.00000,+0.04999) ee_p=(+0.07174,-0.00893,+0.15295)
[LATERAL] perp=10.5mm scale=50.0mm strength=0.21 shift_mm=(+0.0,+2.2)
[ADMM-C3+] primal: 10.6061->5.4852  dual: 915.8201->16.9865  mono=True  iters=25/25  rho=50.0
[ADMM-C3+] WARNING non-converged: pr=5.4852 dr=16.9865 tol=1e-03
[C3+] step=788 |u[0]|=8.54N λ_n_max=0.698 η_n_max=1.185 primal=5.485 iters=25/25 lcp_res_max=7.40e-08
[ADMIT-GUARD] step=254 admit_active=0 latch=0/0 ee_z=0.153 gate_cap=0
[ALT-GATE] step=254 target_stable=0/0 allow_descent=1
[GS-tgt] step=254 ee=(+0.071,-0.011,+0.153) p_repos=(+0.019,-0.080,+0.030) ee_to_target=0.150m target_label=prev_repos target_changed=N delta=0.000m
[GS] step=254 mode=free switch=kStayInRepos best_k=0 best_src=prev_repos curr_cost=137773.52 repos_cost=199255.90 best_other=199255.90 met_progress=Y steps_since_improve=0 switches=2
[STEP] step=254 mode=free t=2.540s ee=(+0.071,-0.011,+0.153) obj=(-0.000,-0.000,+0.050) goal_dist=0.300m switch=kStayInRepos target=(+0.069,-0.013,+0.150) ee_stride=0.004m ee_to_ptarget=0.150m landing_err=0.1318m ik_ok=Y ik_resid=0.0000m q_max_resid_deg=4.20 target_changed=Y retgt=N held_idx=1 held_cost=199255.90 won_cost=199255.90 margin=+0.00 won_src=prev_repos held_valid=Y reason=hold setpoint_to_ptarget=nanm finished_val=nanm finished_thresh=0.0200m pd_resid=nanm nextwp_to_ptarget=nanm guide_terminal_err=nanm
[GATE-EVOLVE] step=254 curr=137773.52 best_other=199255.90 ratio=0.6914 ee_to_optimal=0.0114m phi=0.0316m
[STAGE-A-TRACE] step=254 sim_t=2.540 mode=free phi=0.03163 box_xy=-0.00000,-0.00000 lam_n_ee_box=nan qy=-0.00002 qz=-0.00000 finished_repos=0
[DRAKE-CONTACT] step=254 n_pairs=1 ee_box_normal=0.000
[GATE-CONTACT] step=254 F_W=(+0.0000,+0.0000,+0.0000) F_on_box=(-0.0000,-0.0000,-0.0000) n_face_out=(-0.0000,-0.0000,-0.0000) A_is_ee=0 box_q=(+1.00000,+0.00001,-0.00002,-0.00000) box_p=(-0.00000,-0.00000,+0.04999) ee_p=(+0.07055,-0.01053,+0.15276)
[LATERAL] perp=12.2mm scale=50.0mm strength=0.24 shift_mm=(+0.0,+3.0)
[ADMM-C3+] primal: 10.6061->5.4852  dual: 915.8201->16.9865  mono=True  iters=25/25  rho=50.0
[ADMM-C3+] WARNING non-converged: pr=5.4852 dr=16.9865 tol=1e-03
[C3+] step=791 |u[0]|=8.53N λ_n_max=0.698 η_n_max=1.185 primal=5.485 iters=25/25 lcp_res_max=7.40e-08
[ADMIT-GUARD] step=255 admit_active=0 latch=0/0 ee_z=0.153 gate_cap=0
[ALT-GATE] step=255 target_stable=0/0 allow_descent=1
[GS-tgt] step=255 ee=(+0.069,-0.012,+0.153) p_repos=(+0.019,-0.080,+0.030) ee_to_target=0.149m target_label=prev_repos target_changed=N delta=0.000m
[GS] step=255 mode=free switch=kStayInRepos best_k=0 best_src=prev_repos curr_cost=137773.30 repos_cost=199246.46 best_other=199246.46 met_progress=Y steps_since_improve=0 switches=2
[STEP] step=255 mode=free t=2.550s ee=(+0.069,-0.012,+0.153) obj=(-0.000,-0.000,+0.050) goal_dist=0.300m switch=kStayInRepos target=(+0.068,-0.014,+0.150) ee_stride=0.004m ee_to_ptarget=0.149m landing_err=0.1302m ik_ok=Y ik_resid=0.0000m q_max_resid_deg=4.48 target_changed=Y retgt=N held_idx=1 held_cost=199246.46 won_cost=199246.46 margin=+0.00 won_src=prev_repos held_valid=Y reason=hold setpoint_to_ptarget=nanm finished_val=nanm finished_thresh=0.0200m pd_resid=nanm nextwp_to_ptarget=nanm guide_terminal_err=nanm
[GATE-EVOLVE] step=255 curr=137773.30 best_other=199246.46 ratio=0.6915 ee_to_optimal=0.0134m phi=0.0310m
[STAGE-A-TRACE] step=255 sim_t=2.550 mode=free phi=0.03099 box_xy=-0.00000,-0.00000 lam_n_ee_box=nan qy=-0.00002 qz=-0.00000 finished_repos=0
[DRAKE-CONTACT] step=255 n_pairs=1 ee_box_normal=0.000
[GATE-CONTACT] step=255 F_W=(+0.0000,+0.0000,+0.0000) F_on_box=(-0.0000,-0.0000,-0.0000) n_face_out=(-0.0000,-0.0000,-0.0000) A_is_ee=0 box_q=(+1.00000,+0.00001,-0.00002,-0.00000) box_p=(-0.00000,-0.00000,+0.04999) ee_p=(+0.06933,-0.01216,+0.15254)
[LATERAL] perp=13.8mm scale=50.0mm strength=0.28 shift_mm=(+0.0,+3.8)
[ADMM-C3+] primal: 10.6061->5.4852  dual: 915.8201->16.9866  mono=True  iters=25/25  rho=50.0
[ADMM-C3+] WARNING non-converged: pr=5.4852 dr=16.9866 tol=1e-03
[C3+] step=794 |u[0]|=8.53N λ_n_max=0.698 η_n_max=1.185 primal=5.485 iters=25/25 lcp_res_max=7.40e-08
[ADMIT-GUARD] step=256 admit_active=0 latch=0/0 ee_z=0.152 gate_cap=0
[ALT-GATE] step=256 target_stable=0/0 allow_descent=1
[GS-tgt] step=256 ee=(+0.068,-0.014,+0.152) p_repos=(+0.019,-0.080,+0.030) ee_to_target=0.148m target_label=prev_repos target_changed=N delta=0.000m
[GS] step=256 mode=free switch=kStayInRepos best_k=0 best_src=prev_repos curr_cost=137773.56 repos_cost=199238.44 best_other=199238.44 met_progress=Y steps_since_improve=0 switches=2
[STEP] step=256 mode=free t=2.560s ee=(+0.068,-0.014,+0.152) obj=(-0.000,-0.000,+0.050) goal_dist=0.300m switch=kStayInRepos target=(+0.067,-0.016,+0.150) ee_stride=0.003m ee_to_ptarget=0.148m landing_err=0.1286m ik_ok=Y ik_resid=0.0000m q_max_resid_deg=4.76 target_changed=Y retgt=N held_idx=1 held_cost=199238.44 won_cost=199238.44 margin=+0.00 won_src=prev_repos held_valid=Y reason=hold setpoint_to_ptarget=nanm finished_val=nanm finished_thresh=0.0200m pd_resid=nanm nextwp_to_ptarget=nanm guide_terminal_err=nanm
[GATE-EVOLVE] step=256 curr=137773.56 best_other=199238.44 ratio=0.6915 ee_to_optimal=0.0154m phi=0.0304m
[STAGE-A-TRACE] step=256 sim_t=2.560 mode=free phi=0.03037 box_xy=-0.00000,-0.00000 lam_n_ee_box=nan qy=-0.00002 qz=-0.00000 finished_repos=0
[DRAKE-CONTACT] step=256 n_pairs=1 ee_box_normal=0.000
[GATE-CONTACT] step=256 F_W=(+0.0000,+0.0000,+0.0000) F_on_box=(-0.0000,-0.0000,-0.0000) n_face_out=(-0.0000,-0.0000,-0.0000) A_is_ee=0 box_q=(+1.00000,+0.00001,-0.00002,-0.00000) box_p=(-0.00000,-0.00000,+0.04999) ee_p=(+0.06811,-0.01380,+0.15232)
[LATERAL] perp=15.4mm scale=50.0mm strength=0.31 shift_mm=(+0.0,+4.8)
[ADMM-C3+] primal: 10.6061->5.4852  dual: 915.8200->16.9866  mono=True  iters=25/25  rho=50.0
[ADMM-C3+] WARNING non-converged: pr=5.4852 dr=16.9866 tol=1e-03
[C3+] step=797 |u[0]|=8.54N λ_n_max=0.698 η_n_max=1.185 primal=5.485 iters=25/25 lcp_res_max=7.40e-08
[ADMIT-GUARD] step=257 admit_active=0 latch=0/0 ee_z=0.152 gate_cap=0
[ALT-GATE] step=257 target_stable=0/0 allow_descent=1
[GS-tgt] step=257 ee=(+0.067,-0.015,+0.152) p_repos=(+0.019,-0.080,+0.030) ee_to_target=0.146m target_label=prev_repos target_changed=N delta=0.000m
[GS] step=257 mode=free switch=kStayInRepos best_k=0 best_src=prev_repos curr_cost=137774.38 repos_cost=199231.90 best_other=199231.90 met_progress=Y steps_since_improve=0 switches=2
[STEP] step=257 mode=free t=2.570s ee=(+0.067,-0.015,+0.152) obj=(-0.000,-0.000,+0.050) goal_dist=0.300m switch=kStayInRepos target=(+0.066,-0.017,+0.150) ee_stride=0.003m ee_to_ptarget=0.146m landing_err=0.1271m ik_ok=Y ik_resid=0.0000m q_max_resid_deg=5.03 target_changed=Y retgt=N held_idx=1 held_cost=199231.90 won_cost=199231.90 margin=+0.00 won_src=prev_repos held_valid=Y reason=hold setpoint_to_ptarget=nanm finished_val=nanm finished_thresh=0.0200m pd_resid=nanm nextwp_to_ptarget=nanm guide_terminal_err=nanm
[GATE-EVOLVE] step=257 curr=137774.38 best_other=199231.90 ratio=0.6915 ee_to_optimal=0.0174m phi=0.0298m
[STAGE-A-TRACE] step=257 sim_t=2.570 mode=free phi=0.02977 box_xy=-0.00000,-0.00000 lam_n_ee_box=nan qy=-0.00002 qz=-0.00000 finished_repos=0
[DRAKE-CONTACT] step=257 n_pairs=1 ee_box_normal=0.000
[GATE-CONTACT] step=257 F_W=(+0.0000,+0.0000,+0.0000) F_on_box=(-0.0000,-0.0000,-0.0000) n_face_out=(-0.0000,-0.0000,-0.0000) A_is_ee=0 box_q=(+1.00000,+0.00001,-0.00002,-0.00000) box_p=(-0.00000,-0.00000,+0.04999) ee_p=(+0.06689,-0.01543,+0.15209)
[LATERAL] perp=17.1mm scale=50.0mm strength=0.34 shift_mm=(+0.0,+5.8)
[ADMM-C3+] primal: 10.6061->5.4852  dual: 915.8200->16.9866  mono=True  iters=25/25  rho=50.0
[ADMM-C3+] WARNING non-converged: pr=5.4852 dr=16.9866 tol=1e-03
[C3+] step=800 |u[0]|=8.56N λ_n_max=0.698 η_n_max=1.185 primal=5.485 iters=25/25 lcp_res_max=7.40e-08
[ADMIT-GUARD] step=258 admit_active=0 latch=0/0 ee_z=0.152 gate_cap=0
[ALT-GATE] step=258 target_stable=0/0 allow_descent=1
[GS-tgt] step=258 ee=(+0.066,-0.017,+0.152) p_repos=(+0.019,-0.080,+0.030) ee_to_target=0.145m target_label=prev_repos target_changed=N delta=0.000m
[GS] step=258 mode=free switch=kStayInRepos best_k=0 best_src=prev_repos curr_cost=137775.81 repos_cost=199226.89 best_other=199226.89 met_progress=Y steps_since_improve=0 switches=2
[STEP] step=258 mode=free t=2.580s ee=(+0.066,-0.017,+0.152) obj=(-0.000,-0.000,+0.050) goal_dist=0.300m switch=kStayInRepos target=(+0.065,-0.018,+0.150) ee_stride=0.003m ee_to_ptarget=0.145m landing_err=0.1257m ik_ok=Y ik_resid=0.0000m q_max_resid_deg=5.31 target_changed=Y retgt=N held_idx=1 held_cost=199226.89 won_cost=199226.89 margin=+0.00 won_src=prev_repos held_valid=Y reason=hold setpoint_to_ptarget=nanm finished_val=nanm finished_thresh=0.0200m pd_resid=nanm nextwp_to_ptarget=nanm guide_terminal_err=nanm
[GATE-EVOLVE] step=258 curr=137775.81 best_other=199226.89 ratio=0.6916 ee_to_optimal=0.0194m phi=0.0292m
[STAGE-A-TRACE] step=258 sim_t=2.580 mode=free phi=0.02920 box_xy=-0.00000,-0.00000 lam_n_ee_box=nan qy=-0.00002 qz=-0.00000 finished_repos=0
[DRAKE-CONTACT] step=258 n_pairs=1 ee_box_normal=0.000
[GATE-CONTACT] step=258 F_W=(+0.0000,+0.0000,+0.0000) F_on_box=(-0.0000,-0.0000,-0.0000) n_face_out=(-0.0000,-0.0000,-0.0000) A_is_ee=0 box_q=(+1.00000,+0.00001,-0.00002,-0.00000) box_p=(-0.00000,-0.00000,+0.04999) ee_p=(+0.06568,-0.01706,+0.15188)
[LATERAL] perp=18.7mm scale=50.0mm strength=0.37 shift_mm=(+0.0,+7.0)
[ADMM-C3+] primal: 10.6061->5.4852  dual: 915.8200->16.9866  mono=True  iters=25/25  rho=50.0
[ADMM-C3+] WARNING non-converged: pr=5.4852 dr=16.9866 tol=1e-03
[C3+] step=803 |u[0]|=8.58N λ_n_max=0.698 η_n_max=1.185 primal=5.485 iters=25/25 lcp_res_max=7.40e-08
[ADMIT-GUARD] step=259 admit_active=0 latch=0/0 ee_z=0.152 gate_cap=0
[ALT-GATE] step=259 target_stable=0/0 allow_descent=1
[GS-tgt] step=259 ee=(+0.064,-0.019,+0.152) p_repos=(+0.019,-0.080,+0.030) ee_to_target=0.144m target_label=prev_repos target_changed=N delta=0.000m
[GS] step=259 mode=free switch=kStayInRepos best_k=0 best_src=prev_repos curr_cost=137777.89 repos_cost=199223.40 best_other=199223.40 met_progress=Y steps_since_improve=0 switches=2
[STEP] step=259 mode=free t=2.590s ee=(+0.064,-0.019,+0.152) obj=(-0.000,-0.000,+0.050) goal_dist=0.300m switch=kStayInRepos target=(+0.064,-0.020,+0.150) ee_stride=0.002m ee_to_ptarget=0.144m landing_err=0.1245m ik_ok=Y ik_resid=0.0000m q_max_resid_deg=5.58 target_changed=Y retgt=N held_idx=1 held_cost=199223.40 won_cost=199223.40 margin=+0.00 won_src=prev_repos held_valid=Y reason=hold setpoint_to_ptarget=nanm finished_val=nanm finished_thresh=0.0200m pd_resid=nanm nextwp_to_ptarget=nanm guide_terminal_err=nanm
[GATE-EVOLVE] step=259 curr=137777.89 best_other=199223.40 ratio=0.6916 ee_to_optimal=0.0214m phi=0.0287m
[STAGE-A-TRACE] step=259 sim_t=2.590 mode=free phi=0.02868 box_xy=-0.00000,-0.00000 lam_n_ee_box=nan qy=-0.00002 qz=-0.00000 finished_repos=0
[DRAKE-CONTACT] step=259 n_pairs=1 ee_box_normal=0.000
[GATE-CONTACT] step=259 F_W=(+0.0000,+0.0000,+0.0000) F_on_box=(-0.0000,-0.0000,-0.0000) n_face_out=(-0.0000,-0.0000,-0.0000) A_is_ee=0 box_q=(+1.00000,+0.00001,-0.00002,-0.00000) box_p=(-0.00000,-0.00000,+0.04999) ee_p=(+0.06448,-0.01867,+0.15168)
[LATERAL] perp=20.3mm scale=50.0mm strength=0.41 shift_mm=(+0.0,+8.2)
[ADMM-C3+] primal: 10.6061->5.4852  dual: 915.8200->16.9866  mono=True  iters=25/25  rho=50.0
[ADMM-C3+] WARNING non-converged: pr=5.4852 dr=16.9866 tol=1e-03
[C3+] step=806 |u[0]|=8.62N λ_n_max=0.698 η_n_max=1.185 primal=5.485 iters=25/25 lcp_res_max=7.40e-08
[ADMIT-GUARD] step=260 admit_active=0 latch=0/0 ee_z=0.151 gate_cap=0
[ALT-GATE] step=260 target_stable=0/0 allow_descent=1
[GS-tgt] step=260 ee=(+0.063,-0.020,+0.151) p_repos=(+0.019,-0.080,+0.030) ee_to_target=0.143m target_label=prev_repos target_changed=N delta=0.000m
[IMP] step=260 mode=free |x_err|=0.0020m |tau_imp|=0.55Nm |tau_ff|=0.00Nm |tau_out|=0.55Nm sat=False lam_n=False lam_t=False
[GS] step=260 mode=free switch=kStayInRepos best_k=0 best_src=prev_repos curr_cost=137780.64 repos_cost=199221.45 best_other=199221.45 met_progress=Y steps_since_improve=0 switches=2
[STEP] step=260 mode=free t=2.600s ee=(+0.063,-0.020,+0.151) obj=(-0.000,-0.000,+0.050) goal_dist=0.300m switch=kStayInRepos target=(+0.062,-0.021,+0.150) ee_stride=0.002m ee_to_ptarget=0.143m landing_err=0.1234m ik_ok=Y ik_resid=0.0001m q_max_resid_deg=5.85 target_changed=Y retgt=N held_idx=1 held_cost=199221.45 won_cost=199221.45 margin=+0.00 won_src=prev_repos held_valid=Y reason=hold setpoint_to_ptarget=nanm finished_val=nanm finished_thresh=0.0200m pd_resid=nanm nextwp_to_ptarget=nanm guide_terminal_err=nanm
[GATE-EVOLVE] step=260 curr=137780.64 best_other=199221.45 ratio=0.6916 ee_to_optimal=0.0234m phi=0.0282m
[STAGE-A-TRACE] step=260 sim_t=2.600 mode=free phi=0.02819 box_xy=-0.00000,-0.00000 lam_n_ee_box=nan qy=-0.00002 qz=-0.00000 finished_repos=0
[GS-table] step=260
  k=0 (current   ) pos=(+0.063,-0.020,+0.151) c_C3= 167780.64 align=1.0000(bonus=30000.00) rot=+0.0000(bonus=    0.00) travel=0.000m(pen=  0.00) c_sample= 137780.64 feas=Y ik_err=0.0000m  ← WIN
  k=1 (prev_repos) pos=(+0.019,-0.080,+0.030) c_C3= 199193.05 align=0.0000(bonus=    0.12) rot=+0.0000(bonus=    0.00) travel=0.143m(pen= 28.52) c_sample= 199221.45 feas=Y ik_err=0.0000m
  k=2 (strat_0   ) pos=(+0.019,-0.080,+0.030) c_C3= 199193.05 align=0.0000(bonus=    0.12) rot=+0.0000(bonus=    0.00) travel=0.143m(pen= 28.52) c_sample= 199221.45 feas=Y ik_err=0.0000m
[DRAKE-CONTACT] step=260 n_pairs=1 ee_box_normal=0.000
[GATE-CONTACT] step=260 F_W=(+0.0000,+0.0000,+0.0000) F_on_box=(-0.0000,-0.0000,-0.0000) n_face_out=(-0.0000,-0.0000,-0.0000) A_is_ee=0 box_q=(+1.00000,+0.00001,-0.00002,-0.00000) box_p=(-0.00000,-0.00000,+0.04999) ee_p=(+0.06329,-0.02027,+0.15150)
[LATERAL] perp=21.9mm scale=50.0mm strength=0.44 shift_mm=(+0.0,+9.6)
[ADMM-C3+] primal: 10.6061->5.4852  dual: 915.8200->16.9866  mono=True  iters=25/25  rho=50.0
[ADMM-C3+] WARNING non-converged: pr=5.4852 dr=16.9866 tol=1e-03
[C3+] step=809 |u[0]|=8.66N λ_n_max=0.698 η_n_max=1.185 primal=5.485 iters=25/25 lcp_res_max=7.40e-08
[ADMIT-GUARD] step=261 admit_active=0 latch=0/0 ee_z=0.151 gate_cap=0
[ALT-GATE] step=261 target_stable=0/0 allow_descent=1
[GS-tgt] step=261 ee=(+0.062,-0.022,+0.151) p_repos=(+0.019,-0.080,+0.030) ee_to_target=0.141m target_label=prev_repos target_changed=N delta=0.000m
[GS] step=261 mode=free switch=kStayInRepos best_k=0 best_src=prev_repos curr_cost=137784.10 repos_cost=199221.00 best_other=199221.00 met_progress=Y steps_since_improve=0 switches=2
[STEP] step=261 mode=free t=2.610s ee=(+0.062,-0.022,+0.151) obj=(-0.000,-0.000,+0.050) goal_dist=0.300m switch=kStayInRepos target=(+0.061,-0.023,+0.150) ee_stride=0.002m ee_to_ptarget=0.141m landing_err=0.1224m ik_ok=Y ik_resid=0.0001m q_max_resid_deg=6.13 target_changed=Y retgt=N held_idx=1 held_cost=199221.00 won_cost=199221.00 margin=+0.00 won_src=prev_repos held_valid=Y reason=hold setpoint_to_ptarget=nanm finished_val=nanm finished_thresh=0.0200m pd_resid=nanm nextwp_to_ptarget=nanm guide_terminal_err=nanm
[GATE-EVOLVE] step=261 curr=137784.10 best_other=199221.00 ratio=0.6916 ee_to_optimal=0.0254m phi=0.0277m
[STAGE-A-TRACE] step=261 sim_t=2.610 mode=free phi=0.02775 box_xy=-0.00000,-0.00000 lam_n_ee_box=nan qy=-0.00002 qz=-0.00000 finished_repos=0
[DRAKE-CONTACT] step=261 n_pairs=1 ee_box_normal=0.000
[GATE-CONTACT] step=261 F_W=(+0.0000,+0.0000,+0.0000) F_on_box=(-0.0000,-0.0000,-0.0000) n_face_out=(-0.0000,-0.0000,-0.0000) A_is_ee=0 box_q=(+1.00000,+0.00001,-0.00002,-0.00000) box_p=(-0.00000,-0.00000,+0.04999) ee_p=(+0.06211,-0.02185,+0.15133)
[LATERAL] perp=23.4mm scale=50.0mm strength=0.47 shift_mm=(+0.0,+11.0)
[ADMM-C3+] primal: 10.6061->5.4852  dual: 915.8199->16.9866  mono=True  iters=25/25  rho=50.0
[ADMM-C3+] WARNING non-converged: pr=5.4852 dr=16.9866 tol=1e-03
[C3+] step=812 |u[0]|=8.71N λ_n_max=0.698 η_n_max=1.185 primal=5.485 iters=25/25 lcp_res_max=7.40e-08
[ADMIT-GUARD] step=262 admit_active=0 latch=0/0 ee_z=0.151 gate_cap=0
[ALT-GATE] step=262 target_stable=0/0 allow_descent=1
[GS-tgt] step=262 ee=(+0.061,-0.023,+0.151) p_repos=(+0.019,-0.080,+0.030) ee_to_target=0.140m target_label=prev_repos target_changed=N delta=0.000m
[GS] step=262 mode=free switch=kStayInRepos best_k=0 best_src=prev_repos curr_cost=137788.28 repos_cost=199222.04 best_other=199222.04 met_progress=Y steps_since_improve=0 switches=2
[STEP] step=262 mode=free t=2.620s ee=(+0.061,-0.023,+0.151) obj=(-0.000,-0.000,+0.050) goal_dist=0.300m switch=kStayInRepos target=(+0.060,-0.024,+0.150) ee_stride=0.002m ee_to_ptarget=0.140m landing_err=0.1215m ik_ok=Y ik_resid=0.0001m q_max_resid_deg=6.40 target_changed=Y retgt=N held_idx=1 held_cost=199222.04 won_cost=199222.04 margin=+0.00 won_src=prev_repos held_valid=Y reason=hold setpoint_to_ptarget=nanm finished_val=nanm finished_thresh=0.0200m pd_resid=nanm nextwp_to_ptarget=nanm guide_terminal_err=nanm
[GATE-EVOLVE] step=262 curr=137788.28 best_other=199222.04 ratio=0.6916 ee_to_optimal=0.0273m phi=0.0273m
[STAGE-A-TRACE] step=262 sim_t=2.620 mode=free phi=0.02735 box_xy=-0.00000,-0.00000 lam_n_ee_box=nan qy=-0.00002 qz=-0.00000 finished_repos=0
[DRAKE-CONTACT] step=262 n_pairs=1 ee_box_normal=0.000
[GATE-CONTACT] step=262 F_W=(+0.0000,+0.0000,+0.0000) F_on_box=(-0.0000,-0.0000,-0.0000) n_face_out=(-0.0000,-0.0000,-0.0000) A_is_ee=0 box_q=(+1.00000,+0.00001,-0.00002,-0.00000) box_p=(-0.00000,-0.00000,+0.04999) ee_p=(+0.06094,-0.02342,+0.15118)
[LATERAL] perp=25.0mm scale=50.0mm strength=0.50 shift_mm=(+0.0,+12.5)
[ADMM-C3+] primal: 10.6060->5.4852  dual: 915.8199->16.9866  mono=True  iters=25/25  rho=50.0
[ADMM-C3+] WARNING non-converged: pr=5.4852 dr=16.9866 tol=1e-03
[C3+] step=815 |u[0]|=8.77N λ_n_max=0.698 η_n_max=1.185 primal=5.485 iters=25/25 lcp_res_max=7.40e-08
[ADMIT-GUARD] step=263 admit_active=0 latch=0/0 ee_z=0.151 gate_cap=0
[ALT-GATE] step=263 target_stable=0/0 allow_descent=1
[GS-tgt] step=263 ee=(+0.060,-0.025,+0.151) p_repos=(+0.019,-0.080,+0.030) ee_to_target=0.139m target_label=prev_repos target_changed=N delta=0.000m
[GS] step=263 mode=free switch=kStayInRepos best_k=0 best_src=prev_repos curr_cost=137793.19 repos_cost=199224.57 best_other=199224.57 met_progress=Y steps_since_improve=0 switches=2
[STEP] step=263 mode=free t=2.630s ee=(+0.060,-0.025,+0.151) obj=(-0.000,-0.000,+0.050) goal_dist=0.300m switch=kStayInRepos target=(+0.059,-0.026,+0.150) ee_stride=0.001m ee_to_ptarget=0.139m landing_err=0.1207m ik_ok=Y ik_resid=0.0001m q_max_resid_deg=6.67 target_changed=Y retgt=N held_idx=1 held_cost=199224.57 won_cost=199224.57 margin=+0.00 won_src=prev_repos held_valid=Y reason=hold setpoint_to_ptarget=nanm finished_val=nanm finished_thresh=0.0200m pd_resid=nanm nextwp_to_ptarget=nanm guide_terminal_err=nanm
[GATE-EVOLVE] step=263 curr=137793.19 best_other=199224.57 ratio=0.6916 ee_to_optimal=0.0292m phi=0.0270m
[STAGE-A-TRACE] step=263 sim_t=2.630 mode=free phi=0.02699 box_xy=-0.00000,-0.00000 lam_n_ee_box=nan qy=-0.00002 qz=-0.00000 finished_repos=0
[DRAKE-CONTACT] step=263 n_pairs=1 ee_box_normal=0.000
[GATE-CONTACT] step=263 F_W=(+0.0000,+0.0000,+0.0000) F_on_box=(-0.0000,-0.0000,-0.0000) n_face_out=(-0.0000,-0.0000,-0.0000) A_is_ee=0 box_q=(+1.00000,+0.00001,-0.00002,-0.00000) box_p=(-0.00000,-0.00000,+0.04999) ee_p=(+0.05978,-0.02497,+0.15105)
[LATERAL] perp=26.5mm scale=50.0mm strength=0.53 shift_mm=(+0.0,+14.1)
[ADMM-C3+] primal: 10.6060->5.4852  dual: 915.8199->16.9866  mono=True  iters=25/25  rho=50.0
[ADMM-C3+] WARNING non-converged: pr=5.4852 dr=16.9866 tol=1e-03
[C3+] step=818 |u[0]|=8.83N λ_n_max=0.698 η_n_max=1.185 primal=5.485 iters=25/25 lcp_res_max=7.40e-08
[ADMIT-GUARD] step=264 admit_active=0 latch=0/0 ee_z=0.151 gate_cap=0
[ALT-GATE] step=264 target_stable=0/0 allow_descent=1
[GS-tgt] step=264 ee=(+0.059,-0.027,+0.151) p_repos=(+0.019,-0.080,+0.030) ee_to_target=0.138m target_label=prev_repos target_changed=N delta=0.000m
[GS] step=264 mode=free switch=kStayInRepos best_k=0 best_src=prev_repos curr_cost=137798.87 repos_cost=199228.57 best_other=199228.57 met_progress=Y steps_since_improve=0 switches=2
[STEP] step=264 mode=free t=2.640s ee=(+0.059,-0.027,+0.151) obj=(-0.000,-0.000,+0.050) goal_dist=0.300m switch=kStayInRepos target=(+0.058,-0.027,+0.150) ee_stride=0.001m ee_to_ptarget=0.138m landing_err=0.1201m ik_ok=Y ik_resid=0.0001m q_max_resid_deg=6.94 target_changed=Y retgt=N held_idx=1 held_cost=199228.57 won_cost=199228.57 margin=+0.00 won_src=prev_repos held_valid=Y reason=hold setpoint_to_ptarget=nanm finished_val=nanm finished_thresh=0.0200m pd_resid=nanm nextwp_to_ptarget=nanm guide_terminal_err=nanm
[GATE-EVOLVE] step=264 curr=137798.87 best_other=199228.57 ratio=0.6917 ee_to_optimal=0.0312m phi=0.0267m
[STAGE-A-TRACE] step=264 sim_t=2.640 mode=free phi=0.02667 box_xy=-0.00000,-0.00000 lam_n_ee_box=nan qy=-0.00002 qz=-0.00000 finished_repos=0
[DRAKE-CONTACT] step=264 n_pairs=1 ee_box_normal=0.000
[GATE-CONTACT] step=264 F_W=(+0.0000,+0.0000,+0.0000) F_on_box=(-0.0000,-0.0000,-0.0000) n_face_out=(-0.0000,-0.0000,-0.0000) A_is_ee=0 box_q=(+1.00000,+0.00001,-0.00002,-0.00000) box_p=(-0.00000,-0.00000,+0.04999) ee_p=(+0.05863,-0.02651,+0.15094)
[LATERAL] perp=28.0mm scale=50.0mm strength=0.56 shift_mm=(+0.0,+15.7)
[ADMM-C3+] primal: 10.6060->5.4852  dual: 915.8198->16.9866  mono=True  iters=25/25  rho=50.0
[ADMM-C3+] WARNING non-converged: pr=5.4852 dr=16.9866 tol=1e-03
[C3+] step=821 |u[0]|=8.91N λ_n_max=0.698 η_n_max=1.185 primal=5.485 iters=25/25 lcp_res_max=7.40e-08
[ADMIT-GUARD] step=265 admit_active=0 latch=0/0 ee_z=0.151 gate_cap=0
[ALT-GATE] step=265 target_stable=0/0 allow_descent=1
[GS-tgt] step=265 ee=(+0.057,-0.028,+0.151) p_repos=(+0.019,-0.080,+0.030) ee_to_target=0.137m target_label=prev_repos target_changed=N delta=0.000m
[GS] step=265 mode=free switch=kStayInRepos best_k=0 best_src=prev_repos curr_cost=137805.33 repos_cost=199234.04 best_other=199234.04 met_progress=Y steps_since_improve=0 switches=2
[STEP] step=265 mode=free t=2.650s ee=(+0.057,-0.028,+0.151) obj=(-0.000,-0.000,+0.050) goal_dist=0.300m switch=kStayInRepos target=(+0.057,-0.029,+0.150) ee_stride=0.001m ee_to_ptarget=0.137m landing_err=0.1196m ik_ok=Y ik_resid=0.0001m q_max_resid_deg=7.21 target_changed=Y retgt=N held_idx=1 held_cost=199234.04 won_cost=199234.04 margin=+0.00 won_src=prev_repos held_valid=Y reason=hold setpoint_to_ptarget=nanm finished_val=nanm finished_thresh=0.0200m pd_resid=nanm nextwp_to_ptarget=nanm guide_terminal_err=nanm
[GATE-EVOLVE] step=265 curr=137805.33 best_other=199234.04 ratio=0.6917 ee_to_optimal=0.0331m phi=0.0264m
[STAGE-A-TRACE] step=265 sim_t=2.650 mode=free phi=0.02639 box_xy=-0.00000,-0.00000 lam_n_ee_box=nan qy=-0.00002 qz=-0.00000 finished_repos=0
[DRAKE-CONTACT] step=265 n_pairs=1 ee_box_normal=0.000
[GATE-CONTACT] step=265 F_W=(+0.0000,+0.0000,+0.0000) F_on_box=(-0.0000,-0.0000,-0.0000) n_face_out=(-0.0000,-0.0000,-0.0000) A_is_ee=0 box_q=(+1.00000,+0.00001,-0.00002,-0.00000) box_p=(-0.00000,-0.00000,+0.04999) ee_p=(+0.05749,-0.02804,+0.15084)
[LATERAL] perp=29.5mm scale=50.0mm strength=0.59 shift_mm=(+0.0,+17.5)
[ADMM-C3+] primal: 10.6060->5.4852  dual: 915.8198->16.9866  mono=True  iters=25/25  rho=50.0
[ADMM-C3+] WARNING non-converged: pr=5.4852 dr=16.9866 tol=1e-03
[C3+] step=824 |u[0]|=9.00N λ_n_max=0.698 η_n_max=1.185 primal=5.485 iters=25/25 lcp_res_max=7.40e-08
[ADMIT-GUARD] step=266 admit_active=0 latch=0/0 ee_z=0.151 gate_cap=0
[ALT-GATE] step=266 target_stable=0/0 allow_descent=1
[GS-tgt] step=266 ee=(+0.056,-0.030,+0.151) p_repos=(+0.019,-0.080,+0.030) ee_to_target=0.136m target_label=prev_repos target_changed=N delta=0.000m
[GS] step=266 mode=free switch=kStayInRepos best_k=0 best_src=prev_repos curr_cost=137812.59 repos_cost=199240.98 best_other=199240.98 met_progress=Y steps_since_improve=0 switches=2
[STEP] step=266 mode=free t=2.660s ee=(+0.056,-0.030,+0.151) obj=(-0.000,-0.000,+0.050) goal_dist=0.300m switch=kStayInRepos target=(+0.056,-0.030,+0.150) ee_stride=0.001m ee_to_ptarget=0.136m landing_err=0.1192m ik_ok=Y ik_resid=0.0001m q_max_resid_deg=7.49 target_changed=Y retgt=N held_idx=1 held_cost=199240.98 won_cost=199240.98 margin=+0.00 won_src=prev_repos held_valid=Y reason=hold setpoint_to_ptarget=nanm finished_val=nanm finished_thresh=0.0200m pd_resid=nanm nextwp_to_ptarget=nanm guide_terminal_err=nanm
[GATE-EVOLVE] step=266 curr=137812.59 best_other=199240.98 ratio=0.6917 ee_to_optimal=0.0349m phi=0.0262m
[STAGE-A-TRACE] step=266 sim_t=2.660 mode=free phi=0.02615 box_xy=-0.00000,-0.00000 lam_n_ee_box=nan qy=-0.00002 qz=-0.00000 finished_repos=0
[DRAKE-CONTACT] step=266 n_pairs=1 ee_box_normal=0.000
[GATE-CONTACT] step=266 F_W=(+0.0000,+0.0000,+0.0000) F_on_box=(-0.0000,-0.0000,-0.0000) n_face_out=(-0.0000,-0.0000,-0.0000) A_is_ee=0 box_q=(+1.00000,+0.00001,-0.00002,-0.00000) box_p=(-0.00000,-0.00000,+0.04999) ee_p=(+0.05636,-0.02955,+0.15075)
[LATERAL] perp=31.1mm scale=50.0mm strength=0.62 shift_mm=(+0.0,+19.3)
[ADMM-C3+] primal: 10.6060->5.4852  dual: 915.8197->16.9866  mono=True  iters=25/25  rho=50.0
[ADMM-C3+] WARNING non-converged: pr=5.4852 dr=16.9866 tol=1e-03
[C3+] step=827 |u[0]|=9.09N λ_n_max=0.698 η_n_max=1.185 primal=5.485 iters=25/25 lcp_res_max=7.40e-08
[ADMIT-GUARD] step=267 admit_active=0 latch=0/0 ee_z=0.151 gate_cap=0
[ALT-GATE] step=267 target_stable=0/0 allow_descent=1
[GS-tgt] step=267 ee=(+0.055,-0.031,+0.151) p_repos=(+0.019,-0.080,+0.030) ee_to_target=0.135m target_label=prev_repos target_changed=N delta=0.000m
[GS] step=267 mode=free switch=kStayInRepos best_k=0 best_src=prev_repos curr_cost=137820.69 repos_cost=199249.41 best_other=199249.41 met_progress=Y steps_since_improve=0 switches=2
[STEP] step=267 mode=free t=2.670s ee=(+0.055,-0.031,+0.151) obj=(-0.000,-0.000,+0.050) goal_dist=0.300m switch=kStayInRepos target=(+0.055,-0.031,+0.150) ee_stride=0.001m ee_to_ptarget=0.135m landing_err=0.1190m ik_ok=Y ik_resid=0.0001m q_max_resid_deg=7.75 target_changed=Y retgt=N held_idx=1 held_cost=199249.41 won_cost=199249.41 margin=+0.00 won_src=prev_repos held_valid=Y reason=hold setpoint_to_ptarget=nanm finished_val=nanm finished_thresh=0.0200m pd_resid=nanm nextwp_to_ptarget=nanm guide_terminal_err=nanm
[GATE-EVOLVE] step=267 curr=137820.69 best_other=199249.41 ratio=0.6917 ee_to_optimal=0.0368m phi=0.0259m
[STAGE-A-TRACE] step=267 sim_t=2.670 mode=free phi=0.02595 box_xy=-0.00000,-0.00000 lam_n_ee_box=nan qy=-0.00002 qz=-0.00000 finished_repos=0
[DRAKE-CONTACT] step=267 n_pairs=1 ee_box_normal=0.000
[GATE-CONTACT] step=267 F_W=(+0.0000,+0.0000,+0.0000) F_on_box=(-0.0000,-0.0000,-0.0000) n_face_out=(-0.0000,-0.0000,-0.0000) A_is_ee=0 box_q=(+1.00000,+0.00001,-0.00002,-0.00000) box_p=(-0.00000,-0.00000,+0.04999) ee_p=(+0.05523,-0.03105,+0.15067)
[LATERAL] perp=32.5mm scale=50.0mm strength=0.65 shift_mm=(+0.0,+21.2)
[ADMM-C3+] primal: 10.6060->5.4852  dual: 915.8197->16.9866  mono=True  iters=25/25  rho=50.0
[ADMM-C3+] WARNING non-converged: pr=5.4852 dr=16.9866 tol=1e-03
[C3+] step=830 |u[0]|=9.20N λ_n_max=0.698 η_n_max=1.185 primal=5.485 iters=25/25 lcp_res_max=7.40e-08
[ADMIT-GUARD] step=268 admit_active=0 latch=0/0 ee_z=0.151 gate_cap=0
[ALT-GATE] step=268 target_stable=0/0 allow_descent=1
[GS-tgt] step=268 ee=(+0.054,-0.033,+0.151) p_repos=(+0.019,-0.080,+0.030) ee_to_target=0.134m target_label=prev_repos target_changed=N delta=0.000m
[GS] step=268 mode=free switch=kStayInRepos best_k=0 best_src=prev_repos curr_cost=137829.64 repos_cost=199259.32 best_other=199259.32 met_progress=Y steps_since_improve=0 switches=2
[STEP] step=268 mode=free t=2.680s ee=(+0.054,-0.033,+0.151) obj=(-0.000,-0.000,+0.050) goal_dist=0.300m switch=kStayInRepos target=(+0.054,-0.033,+0.150) ee_stride=0.001m ee_to_ptarget=0.134m landing_err=0.1149m ik_ok=Y ik_resid=0.0000m q_max_resid_deg=7.91 target_changed=Y retgt=N held_idx=1 held_cost=199259.32 won_cost=199259.32 margin=+0.00 won_src=prev_repos held_valid=Y reason=hold setpoint_to_ptarget=nanm finished_val=nanm finished_thresh=0.0200m pd_resid=nanm nextwp_to_ptarget=nanm guide_terminal_err=nanm
[GATE-EVOLVE] step=268 curr=137829.64 best_other=199259.32 ratio=0.6917 ee_to_optimal=0.0387m phi=0.0258m
[STAGE-A-TRACE] step=268 sim_t=2.680 mode=free phi=0.02578 box_xy=-0.00000,-0.00000 lam_n_ee_box=nan qy=-0.00002 qz=-0.00000 finished_repos=0
[DRAKE-CONTACT] step=268 n_pairs=1 ee_box_normal=0.000
[GATE-CONTACT] step=268 F_W=(+0.0000,+0.0000,+0.0000) F_on_box=(-0.0000,-0.0000,-0.0000) n_face_out=(-0.0000,-0.0000,-0.0000) A_is_ee=0 box_q=(+1.00000,+0.00001,-0.00002,-0.00000) box_p=(-0.00000,-0.00000,+0.04999) ee_p=(+0.05411,-0.03255,+0.15060)
[LATERAL] perp=34.0mm scale=50.0mm strength=0.68 shift_mm=(+0.0,+23.2)
[ADMM-C3+] primal: 10.6060->5.4852  dual: 915.8196->16.9866  mono=True  iters=25/25  rho=50.0
[ADMM-C3+] WARNING non-converged: pr=5.4852 dr=16.9866 tol=1e-03
[C3+] step=833 |u[0]|=9.31N λ_n_max=0.698 η_n_max=1.185 primal=5.485 iters=25/25 lcp_res_max=7.40e-08
[ADMIT-GUARD] step=269 admit_active=0 latch=0/0 ee_z=0.151 gate_cap=0
[ALT-GATE] step=269 target_stable=0/0 allow_descent=1
[GS-tgt] step=269 ee=(+0.053,-0.034,+0.151) p_repos=(+0.019,-0.080,+0.030) ee_to_target=0.134m target_label=prev_repos target_changed=N delta=0.000m
[GS] step=269 mode=free switch=kStayInRepos best_k=0 best_src=prev_repos curr_cost=137839.49 repos_cost=199270.74 best_other=199270.74 met_progress=Y steps_since_improve=0 switches=2
[STEP] step=269 mode=free t=2.690s ee=(+0.053,-0.034,+0.151) obj=(-0.000,-0.000,+0.050) goal_dist=0.300m switch=kStayInRepos target=(+0.053,-0.034,+0.150) ee_stride=0.001m ee_to_ptarget=0.134m landing_err=0.1109m ik_ok=Y ik_resid=0.0000m q_max_resid_deg=7.40 target_changed=Y retgt=N held_idx=1 held_cost=199270.74 won_cost=199270.74 margin=+0.00 won_src=prev_repos held_valid=Y reason=hold setpoint_to_ptarget=nanm finished_val=nanm finished_thresh=0.0200m pd_resid=nanm nextwp_to_ptarget=nanm guide_terminal_err=nanm
[GATE-EVOLVE] step=269 curr=137839.49 best_other=199270.74 ratio=0.6917 ee_to_optimal=0.0405m phi=0.0256m
[STAGE-A-TRACE] step=269 sim_t=2.690 mode=free phi=0.02564 box_xy=-0.00000,-0.00000 lam_n_ee_box=nan qy=-0.00002 qz=-0.00000 finished_repos=0
[DRAKE-CONTACT] step=269 n_pairs=1 ee_box_normal=0.000
[GATE-CONTACT] step=269 F_W=(+0.0000,+0.0000,+0.0000) F_on_box=(-0.0000,-0.0000,-0.0000) n_face_out=(-0.0000,-0.0000,-0.0000) A_is_ee=0 box_q=(+1.00000,+0.00001,-0.00002,-0.00000) box_p=(-0.00000,-0.00000,+0.04999) ee_p=(+0.05300,-0.03403,+0.15054)
[LATERAL] perp=35.5mm scale=50.0mm strength=0.71 shift_mm=(+0.0,+25.2)
[ADMM-C3+] primal: 10.6060->5.4852  dual: 915.8195->16.9866  mono=True  iters=25/25  rho=50.0
[ADMM-C3+] WARNING non-converged: pr=5.4852 dr=16.9866 tol=1e-03
[C3+] step=836 |u[0]|=9.43N λ_n_max=0.698 η_n_max=1.185 primal=5.485 iters=25/25 lcp_res_max=7.40e-08
[ADMIT-GUARD] step=270 admit_active=0 latch=0/0 ee_z=0.150 gate_cap=0
[ALT-GATE] step=270 target_stable=0/0 allow_descent=1
[GS-tgt] step=270 ee=(+0.052,-0.036,+0.150) p_repos=(+0.019,-0.080,+0.030) ee_to_target=0.133m target_label=prev_repos target_changed=N delta=0.000m
[IMP] step=270 mode=free |x_err|=0.0006m |tau_imp|=0.23Nm |tau_ff|=0.00Nm |tau_out|=0.23Nm sat=False lam_n=False lam_t=False
[GS] step=270 mode=free switch=kStayInRepos best_k=0 best_src=prev_repos curr_cost=137850.25 repos_cost=199283.68 best_other=199283.68 met_progress=Y steps_since_improve=0 switches=2
[STEP] step=270 mode=free t=2.700s ee=(+0.052,-0.036,+0.150) obj=(-0.000,-0.000,+0.050) goal_dist=0.300m switch=kStayInRepos target=(+0.052,-0.036,+0.150) ee_stride=0.001m ee_to_ptarget=0.133m landing_err=0.1069m ik_ok=Y ik_resid=0.0000m q_max_resid_deg=6.88 target_changed=Y retgt=N held_idx=1 held_cost=199283.68 won_cost=199283.68 margin=+0.00 won_src=prev_repos held_valid=Y reason=hold setpoint_to_ptarget=nanm finished_val=nanm finished_thresh=0.0200m pd_resid=nanm nextwp_to_ptarget=nanm guide_terminal_err=nanm
[GATE-EVOLVE] step=270 curr=137850.25 best_other=199283.68 ratio=0.6917 ee_to_optimal=0.0424m phi=0.0255m
[STAGE-A-TRACE] step=270 sim_t=2.700 mode=free phi=0.02553 box_xy=-0.00000,-0.00000 lam_n_ee_box=nan qy=-0.00002 qz=-0.00000 finished_repos=0
[DRAKE-CONTACT] step=270 n_pairs=1 ee_box_normal=0.000
[GATE-CONTACT] step=270 F_W=(+0.0000,+0.0000,+0.0000) F_on_box=(-0.0000,-0.0000,-0.0000) n_face_out=(-0.0000,-0.0000,-0.0000) A_is_ee=0 box_q=(+1.00000,+0.00001,-0.00002,-0.00000) box_p=(-0.00000,-0.00000,+0.04999) ee_p=(+0.05189,-0.03551,+0.15049)
[LATERAL] perp=37.0mm scale=50.0mm strength=0.74 shift_mm=(+0.0,+27.4)
[ADMM-C3+] primal: 10.6060->5.4853  dual: 915.8194->16.9866  mono=True  iters=25/25  rho=50.0
[ADMM-C3+] WARNING non-converged: pr=5.4853 dr=16.9866 tol=1e-03
[C3+] step=839 |u[0]|=9.56N λ_n_max=0.698 η_n_max=1.185 primal=5.485 iters=25/25 lcp_res_max=7.40e-08
[ADMIT-GUARD] step=271 admit_active=0 latch=0/0 ee_z=0.150 gate_cap=0
[ALT-GATE] step=271 target_stable=0/0 allow_descent=1
[GS-tgt] step=271 ee=(+0.051,-0.037,+0.150) p_repos=(+0.019,-0.080,+0.030) ee_to_target=0.132m target_label=prev_repos target_changed=N delta=0.000m
[GS] step=271 mode=free switch=kStayInRepos best_k=0 best_src=prev_repos curr_cost=137861.98 repos_cost=199298.18 best_other=199298.18 met_progress=Y steps_since_improve=0 switches=2
[STEP] step=271 mode=free t=2.710s ee=(+0.051,-0.037,+0.150) obj=(-0.000,-0.000,+0.050) goal_dist=0.300m switch=kStayInRepos target=(+0.051,-0.037,+0.150) ee_stride=0.001m ee_to_ptarget=0.132m landing_err=0.1029m ik_ok=Y ik_resid=0.0001m q_max_resid_deg=6.36 target_changed=Y retgt=N held_idx=1 held_cost=199298.18 won_cost=199298.18 margin=+0.00 won_src=prev_repos held_valid=Y reason=hold setpoint_to_ptarget=nanm finished_val=nanm finished_thresh=0.0200m pd_resid=nanm nextwp_to_ptarget=nanm guide_terminal_err=nanm
[GATE-EVOLVE] step=271 curr=137861.98 best_other=199298.18 ratio=0.6917 ee_to_optimal=0.0442m phi=0.0255m
[STAGE-A-TRACE] step=271 sim_t=2.710 mode=free phi=0.02546 box_xy=-0.00000,-0.00000 lam_n_ee_box=nan qy=-0.00002 qz=-0.00000 finished_repos=0
[DRAKE-CONTACT] step=271 n_pairs=1 ee_box_normal=0.000
[GATE-CONTACT] step=271 F_W=(+0.0000,+0.0000,+0.0000) F_on_box=(-0.0000,-0.0000,-0.0000) n_face_out=(-0.0000,-0.0000,-0.0000) A_is_ee=0 box_q=(+1.00000,+0.00001,-0.00002,-0.00000) box_p=(-0.00000,-0.00000,+0.04999) ee_p=(+0.05078,-0.03699,+0.15045)
[LATERAL] perp=38.5mm scale=50.0mm strength=0.77 shift_mm=(+0.0,+29.6)
[ADMM-C3+] primal: 10.6060->5.4853  dual: 915.8193->16.9866  mono=True  iters=25/25  rho=50.0
[ADMM-C3+] WARNING non-converged: pr=5.4853 dr=16.9866 tol=1e-03
[C3+] step=842 |u[0]|=9.70N λ_n_max=0.698 η_n_max=1.185 primal=5.485 iters=25/25 lcp_res_max=7.40e-08
[ADMIT-GUARD] step=272 admit_active=0 latch=0/0 ee_z=0.150 gate_cap=0
[ALT-GATE] step=272 target_stable=0/0 allow_descent=1
[GS-tgt] step=272 ee=(+0.050,-0.038,+0.150) p_repos=(+0.019,-0.080,+0.030) ee_to_target=0.131m target_label=prev_repos target_changed=N delta=0.000m
[GS] step=272 mode=free switch=kStayInRepos best_k=0 best_src=prev_repos curr_cost=137874.74 repos_cost=199314.25 best_other=199314.25 met_progress=Y steps_since_improve=0 switches=2
[STEP] step=272 mode=free t=2.720s ee=(+0.050,-0.038,+0.150) obj=(-0.000,-0.000,+0.050) goal_dist=0.300m switch=kStayInRepos target=(+0.050,-0.039,+0.150) ee_stride=0.000m ee_to_ptarget=0.131m landing_err=0.0989m ik_ok=Y ik_resid=0.0001m q_max_resid_deg=5.84 target_changed=Y retgt=N held_idx=1 held_cost=199314.25 won_cost=199314.25 margin=+0.00 won_src=prev_repos held_valid=Y reason=hold setpoint_to_ptarget=nanm finished_val=nanm finished_thresh=0.0200m pd_resid=nanm nextwp_to_ptarget=nanm guide_terminal_err=nanm
[GATE-EVOLVE] step=272 curr=137874.74 best_other=199314.25 ratio=0.6917 ee_to_optimal=0.0460m phi=0.0254m
[STAGE-A-TRACE] step=272 sim_t=2.720 mode=free phi=0.02542 box_xy=-0.00000,-0.00000 lam_n_ee_box=nan qy=-0.00002 qz=-0.00000 finished_repos=0
[DRAKE-CONTACT] step=272 n_pairs=1 ee_box_normal=0.000
[GATE-CONTACT] step=272 F_W=(+0.0000,+0.0000,+0.0000) F_on_box=(-0.0000,-0.0000,-0.0000) n_face_out=(-0.0000,-0.0000,-0.0000) A_is_ee=0 box_q=(+1.00000,+0.00000,-0.00002,-0.00000) box_p=(-0.00000,-0.00000,+0.04999) ee_p=(+0.04968,-0.03846,+0.15041)
[LATERAL] perp=39.9mm scale=50.0mm strength=0.80 shift_mm=(+0.0,+31.9)
[ADMM-C3+] primal: 10.6060->5.4853  dual: 915.8193->16.9866  mono=True  iters=25/25  rho=50.0
[ADMM-C3+] WARNING non-converged: pr=5.4853 dr=16.9866 tol=1e-03
[C3+] step=845 |u[0]|=9.85N λ_n_max=0.698 η_n_max=1.185 primal=5.485 iters=25/25 lcp_res_max=7.40e-08
[ADMIT-GUARD] step=273 admit_active=0 latch=0/0 ee_z=0.150 gate_cap=0
[ALT-GATE] step=273 target_stable=0/0 allow_descent=1
[GS-tgt] step=273 ee=(+0.049,-0.040,+0.150) p_repos=(+0.019,-0.080,+0.030) ee_to_target=0.130m target_label=prev_repos target_changed=N delta=0.000m
[GS] step=273 mode=free switch=kStayInRepos best_k=0 best_src=prev_repos curr_cost=137888.47 repos_cost=199331.91 best_other=199331.91 met_progress=Y steps_since_improve=0 switches=2
[STEP] step=273 mode=free t=2.730s ee=(+0.049,-0.040,+0.150) obj=(-0.000,-0.000,+0.050) goal_dist=0.300m switch=kStayInRepos target=(+0.048,-0.040,+0.150) ee_stride=0.000m ee_to_ptarget=0.130m landing_err=0.0949m ik_ok=Y ik_resid=0.0001m q_max_resid_deg=5.31 target_changed=Y retgt=N held_idx=1 held_cost=199331.91 won_cost=199331.91 margin=+0.00 won_src=prev_repos held_valid=Y reason=hold setpoint_to_ptarget=nanm finished_val=nanm finished_thresh=0.0200m pd_resid=nanm nextwp_to_ptarget=nanm guide_terminal_err=nanm
[GATE-EVOLVE] step=273 curr=137888.47 best_other=199331.91 ratio=0.6918 ee_to_optimal=0.0479m phi=0.0254m
[STAGE-A-TRACE] step=273 sim_t=2.730 mode=free phi=0.02538 box_xy=-0.00000,-0.00000 lam_n_ee_box=nan qy=-0.00003 qz=-0.00000 finished_repos=0
[DRAKE-CONTACT] step=273 n_pairs=1 ee_box_normal=0.000
[GATE-CONTACT] step=273 F_W=(+0.0000,+0.0000,+0.0000) F_on_box=(-0.0000,-0.0000,-0.0000) n_face_out=(-0.0000,-0.0000,-0.0000) A_is_ee=0 box_q=(+1.00000,+0.00000,-0.00003,-0.00000) box_p=(-0.00000,-0.00000,+0.04999) ee_p=(+0.04859,-0.03992,+0.15037)
[PERSIST] step=274 refresh n_strategy=1 samples=[(0.015, -0.08, 0.03)]
[LATERAL] perp=41.4mm scale=50.0mm strength=0.83 shift_mm=(+0.0,+34.2)
[ADMM-C3+] primal: 10.6060->5.4853  dual: 915.8191->16.9866  mono=True  iters=25/25  rho=50.0
[ADMM-C3+] WARNING non-converged: pr=5.4853 dr=16.9866 tol=1e-03
[C3+] step=848 |u[0]|=10.01N λ_n_max=0.698 η_n_max=1.185 primal=5.485 iters=25/25 lcp_res_max=7.40e-08
[ADMIT-GUARD] step=274 admit_active=0 latch=0/0 ee_z=0.150 gate_cap=0
[ALT-GATE] step=274 target_stable=0/0 allow_descent=1
[GS-tgt] step=274 ee=(+0.047,-0.041,+0.150) p_repos=(+0.019,-0.080,+0.030) ee_to_target=0.130m target_label=prev_repos target_changed=N delta=0.000m
[GS] step=274 mode=free switch=kStayInRepos best_k=0 best_src=prev_repos curr_cost=137903.27 repos_cost=199351.20 best_other=199351.20 met_progress=Y steps_since_improve=0 switches=2
[STEP] step=274 mode=free t=2.740s ee=(+0.047,-0.041,+0.150) obj=(-0.000,-0.000,+0.050) goal_dist=0.300m switch=kStayInRepos target=(+0.047,-0.041,+0.150) ee_stride=0.000m ee_to_ptarget=0.130m landing_err=0.0909m ik_ok=Y ik_resid=0.0001m q_max_resid_deg=4.79 target_changed=Y retgt=N held_idx=1 held_cost=199351.20 won_cost=199351.20 margin=+0.00 won_src=prev_repos held_valid=Y reason=hold setpoint_to_ptarget=nanm finished_val=nanm finished_thresh=0.0200m pd_resid=nanm nextwp_to_ptarget=nanm guide_terminal_err=nanm
[GATE-EVOLVE] step=274 curr=137903.27 best_other=199351.20 ratio=0.6918 ee_to_optimal=0.0497m phi=0.0254m
[STAGE-A-TRACE] step=274 sim_t=2.740 mode=free phi=0.02535 box_xy=-0.00000,-0.00000 lam_n_ee_box=nan qy=-0.00003 qz=-0.00000 finished_repos=0
[DRAKE-CONTACT] step=274 n_pairs=1 ee_box_normal=0.000
[GATE-CONTACT] step=274 F_W=(+0.0000,+0.0000,+0.0000) F_on_box=(-0.0000,-0.0000,-0.0000) n_face_out=(-0.0000,-0.0000,-0.0000) A_is_ee=0 box_q=(+1.00000,+0.00000,-0.00003,-0.00000) box_p=(-0.00000,-0.00000,+0.04999) ee_p=(+0.04749,-0.04138,+0.15034)
[LATERAL] perp=42.8mm scale=50.0mm strength=0.86 shift_mm=(+0.0,+36.7)
[ADMM-C3+] primal: 10.6060->5.4853  dual: 915.8190->16.9865  mono=True  iters=25/25  rho=50.0
[ADMM-C3+] WARNING non-converged: pr=5.4853 dr=16.9865 tol=1e-03
[C3+] step=851 |u[0]|=10.18N λ_n_max=0.698 η_n_max=1.185 primal=5.485 iters=25/25 lcp_res_max=7.40e-08
[ADMIT-GUARD] step=275 admit_active=0 latch=0/0 ee_z=0.150 gate_cap=0
[ALT-GATE] step=275 target_stable=0/0 allow_descent=1
[GS-tgt] step=275 ee=(+0.046,-0.043,+0.150) p_repos=(+0.019,-0.080,+0.030) ee_to_target=0.129m target_label=prev_repos target_changed=N delta=0.000m
[GS] step=275 mode=free switch=kStayInRepos best_k=0 best_src=prev_repos curr_cost=137919.18 repos_cost=199372.15 best_other=199372.15 met_progress=Y steps_since_improve=0 switches=2
[STEP] step=275 mode=free t=2.750s ee=(+0.046,-0.043,+0.150) obj=(-0.000,-0.000,+0.050) goal_dist=0.300m switch=kStayInRepos target=(+0.046,-0.043,+0.150) ee_stride=0.000m ee_to_ptarget=0.129m landing_err=0.0869m ik_ok=Y ik_resid=0.0002m q_max_resid_deg=4.25 target_changed=Y retgt=N held_idx=1 held_cost=199372.15 won_cost=199372.15 margin=+0.00 won_src=prev_repos held_valid=Y reason=hold setpoint_to_ptarget=nanm finished_val=nanm finished_thresh=0.0200m pd_resid=nanm nextwp_to_ptarget=nanm guide_terminal_err=nanm
[GATE-EVOLVE] step=275 curr=137919.18 best_other=199372.15 ratio=0.6918 ee_to_optimal=0.0515m phi=0.0253m
[STAGE-A-TRACE] step=275 sim_t=2.750 mode=free phi=0.02532 box_xy=-0.00000,-0.00000 lam_n_ee_box=nan qy=-0.00003 qz=-0.00000 finished_repos=0
[DRAKE-CONTACT] step=275 n_pairs=1 ee_box_normal=0.000
[GATE-CONTACT] step=275 F_W=(+0.0000,+0.0000,+0.0000) F_on_box=(-0.0000,-0.0000,-0.0000) n_face_out=(-0.0000,-0.0000,-0.0000) A_is_ee=0 box_q=(+1.00000,+0.00000,-0.00003,-0.00000) box_p=(-0.00000,-0.00000,+0.04999) ee_p=(+0.04640,-0.04283,+0.15032)
[LATERAL] perp=44.3mm scale=50.0mm strength=0.89 shift_mm=(-0.0,+39.2)
[ADMM-C3+] primal: 10.8336->4.9581  dual: 899.4412->21.0214  mono=False  iters=25/25  rho=50.0
[ADMM-C3+] WARNING non-converged: pr=4.9581 dr=21.0214 tol=1e-03
[C3+] step=854 |u[0]|=10.80N λ_n_max=0.758 η_n_max=1.879 primal=4.958 iters=25/25 lcp_res_max=9.29e-08
[ADMIT-GUARD] step=276 admit_active=0 latch=0/0 ee_z=0.150 gate_cap=0
[ALT-GATE] step=276 target_stable=0/0 allow_descent=1
[GS-tgt] step=276 ee=(+0.045,-0.044,+0.150) p_repos=(+0.019,-0.080,+0.030) ee_to_target=0.128m target_label=prev_repos target_changed=N delta=0.000m
[GS] step=276 mode=free switch=kStayInRepos best_k=0 best_src=prev_repos curr_cost=141024.18 repos_cost=180246.46 best_other=180246.46 met_progress=Y steps_since_improve=1 switches=2
[STEP] step=276 mode=free t=2.760s ee=(+0.045,-0.044,+0.150) obj=(+0.000,+0.000,+0.050) goal_dist=0.300m switch=kStayInRepos target=(+0.045,-0.044,+0.150) ee_stride=0.000m ee_to_ptarget=0.128m landing_err=0.0829m ik_ok=Y ik_resid=0.0002m q_max_resid_deg=3.72 target_changed=Y retgt=N held_idx=1 held_cost=180246.46 won_cost=180246.46 margin=+0.00 won_src=prev_repos held_valid=Y reason=hold setpoint_to_ptarget=nanm finished_val=nanm finished_thresh=0.0200m pd_resid=nanm nextwp_to_ptarget=nanm guide_terminal_err=nanm
[GATE-EVOLVE] step=276 curr=141024.18 best_other=180246.46 ratio=0.7824 ee_to_optimal=0.0533m phi=0.0253m
[STAGE-A-TRACE] step=276 sim_t=2.760 mode=free phi=0.02530 box_xy=+0.00000,+0.00000 lam_n_ee_box=nan qy=+0.00003 qz=+0.00000 finished_repos=0
[DRAKE-CONTACT] step=276 n_pairs=1 ee_box_normal=0.000
[GATE-CONTACT] step=276 F_W=(+0.0000,+0.0000,+0.0000) F_on_box=(-0.0000,-0.0000,-0.0000) n_face_out=(-0.0000,-0.0000,-0.0000) A_is_ee=0 box_q=(+1.00000,-0.00003,+0.00003,+0.00000) box_p=(+0.00000,+0.00000,+0.05000) ee_p=(+0.04531,-0.04429,+0.15030)
[LATERAL] perp=45.7mm scale=50.0mm strength=0.91 shift_mm=(-0.0,+41.8)
[ADMM-C3+] primal: 10.6008->5.4671  dual: 915.7402->17.0604  mono=True  iters=25/25  rho=50.0
[ADMM-C3+] WARNING non-converged: pr=5.4671 dr=17.0604 tol=1e-03
[C3+] step=857 |u[0]|=10.56N λ_n_max=0.695 η_n_max=1.177 primal=5.467 iters=25/25 lcp_res_max=7.36e-08
[ADMIT-GUARD] step=277 admit_active=0 latch=0/0 ee_z=0.150 gate_cap=0
[ALT-GATE] step=277 target_stable=0/0 allow_descent=1
[GS-tgt] step=277 ee=(+0.044,-0.046,+0.150) p_repos=(+0.019,-0.080,+0.030) ee_to_target=0.128m target_label=prev_repos target_changed=N delta=0.000m
[GS] step=277 mode=free switch=kStayInRepos best_k=0 best_src=prev_repos curr_cost=167156.39 repos_cost=198569.74 best_other=198569.74 met_progress=Y steps_since_improve=0 switches=2
[STEP] step=277 mode=free t=2.770s ee=(+0.044,-0.046,+0.150) obj=(-0.000,+0.000,+0.050) goal_dist=0.300m switch=kStayInRepos target=(+0.044,-0.046,+0.150) ee_stride=0.000m ee_to_ptarget=0.128m landing_err=0.0789m ik_ok=Y ik_resid=0.0002m q_max_resid_deg=3.23 target_changed=Y retgt=N held_idx=1 held_cost=198569.74 won_cost=198569.74 margin=+0.00 won_src=prev_repos held_valid=Y reason=hold setpoint_to_ptarget=nanm finished_val=nanm finished_thresh=0.0200m pd_resid=nanm nextwp_to_ptarget=nanm guide_terminal_err=nanm
[GATE-EVOLVE] step=277 curr=167156.39 best_other=198569.74 ratio=0.8418 ee_to_optimal=0.0551m phi=0.0253m
[STAGE-A-TRACE] step=277 sim_t=2.770 mode=free phi=0.02527 box_xy=-0.00001,+0.00000 lam_n_ee_box=nan qy=-0.00006 qz=+0.00001 finished_repos=0
[DRAKE-CONTACT] step=277 n_pairs=1 ee_box_normal=0.000
[GATE-CONTACT] step=277 F_W=(+0.0000,+0.0000,+0.0000) F_on_box=(-0.0000,-0.0000,-0.0000) n_face_out=(-0.0000,-0.0000,-0.0000) A_is_ee=0 box_q=(+1.00000,-0.00002,-0.00006,+0.00001) box_p=(-0.00001,+0.00000,+0.04999) ee_p=(+0.04422,-0.04574,+0.15028)
[LATERAL] perp=47.2mm scale=50.0mm strength=0.94 shift_mm=(-0.0,+44.5)
[ADMM-C3+] primal: 10.8342->4.9699  dual: 899.6024->21.1176  mono=False  iters=25/25  rho=50.0
[ADMM-C3+] WARNING non-converged: pr=4.9699 dr=21.1176 tol=1e-03
[C3+] step=860 |u[0]|=11.10N λ_n_max=0.758 η_n_max=1.880 primal=4.970 iters=25/25 lcp_res_max=9.30e-08
[ADMIT-GUARD] step=278 admit_active=0 latch=0/0 ee_z=0.150 gate_cap=0
[ALT-GATE] step=278 target_stable=0/0 allow_descent=1
[GS-tgt] step=278 ee=(+0.043,-0.047,+0.150) p_repos=(+0.019,-0.080,+0.030) ee_to_target=0.127m target_label=prev_repos target_changed=N delta=0.000m
[GS] step=278 mode=free switch=kStayInRepos best_k=0 best_src=prev_repos curr_cost=170965.19 repos_cost=180222.19 best_other=180222.19 met_progress=Y steps_since_improve=1 switches=2
[STEP] step=278 mode=free t=2.780s ee=(+0.043,-0.047,+0.150) obj=(+0.000,+0.000,+0.050) goal_dist=0.300m switch=kStayInRepos target=(+0.043,-0.047,+0.150) ee_stride=0.000m ee_to_ptarget=0.127m landing_err=0.0749m ik_ok=Y ik_resid=0.0002m q_max_resid_deg=4.13 target_changed=Y retgt=N held_idx=1 held_cost=180222.19 won_cost=180222.19 margin=+0.00 won_src=prev_repos held_valid=Y reason=hold setpoint_to_ptarget=nanm finished_val=nanm finished_thresh=0.0200m pd_resid=nanm nextwp_to_ptarget=nanm guide_terminal_err=nanm
[GATE-EVOLVE] step=278 curr=170965.19 best_other=180222.19 ratio=0.9486 ee_to_optimal=0.0569m phi=0.0253m
[STAGE-A-TRACE] step=278 sim_t=2.780 mode=free phi=0.02526 box_xy=+0.00001,+0.00001 lam_n_ee_box=nan qy=+0.00006 qz=+0.00001 finished_repos=0
[DRAKE-CONTACT] step=278 n_pairs=1 ee_box_normal=0.000
[GATE-CONTACT] step=278 F_W=(+0.0000,+0.0000,+0.0000) F_on_box=(-0.0000,-0.0000,-0.0000) n_face_out=(-0.0000,-0.0000,-0.0000) A_is_ee=0 box_q=(+1.00000,-0.00006,+0.00006,+0.00001) box_p=(+0.00001,+0.00001,+0.05000) ee_p=(+0.04313,-0.04719,+0.15026)
[LATERAL] perp=48.6mm scale=50.0mm strength=0.97 shift_mm=(+0.0,+47.3)
[ADMM-C3+] primal: 10.8355->4.9601  dual: 900.0548->20.8921  mono=False  iters=25/25  rho=50.0
[ADMM-C3+] WARNING non-converged: pr=4.9601 dr=20.8921 tol=1e-03
[C3+] step=863 |u[0]|=11.41N λ_n_max=0.760 η_n_max=1.878 primal=4.960 iters=25/25 lcp_res_max=9.34e-08
[ADMIT-GUARD] step=279 admit_active=0 latch=0/0 ee_z=0.150 gate_cap=0
[ALT-GATE] step=279 target_stable=0/0 allow_descent=1
[GS-tgt] step=279 ee=(+0.042,-0.049,+0.150) p_repos=(+0.019,-0.080,+0.030) ee_to_target=0.126m target_label=prev_repos target_changed=N delta=0.000m
[GS] step=279 mode=free switch=kStayInRepos best_k=0 best_src=prev_repos curr_cost=173107.65 repos_cost=182607.55 best_other=182607.55 met_progress=Y steps_since_improve=2 switches=2
[STEP] step=279 mode=free t=2.790s ee=(+0.042,-0.049,+0.150) obj=(+0.000,-0.000,+0.050) goal_dist=0.300m switch=kStayInRepos target=(+0.042,-0.049,+0.150) ee_stride=0.000m ee_to_ptarget=0.126m landing_err=0.0709m ik_ok=Y ik_resid=0.0002m q_max_resid_deg=5.02 target_changed=Y retgt=N held_idx=1 held_cost=182607.55 won_cost=182607.55 margin=+0.00 won_src=prev_repos held_valid=Y reason=hold setpoint_to_ptarget=nanm finished_val=nanm finished_thresh=0.0200m pd_resid=nanm nextwp_to_ptarget=nanm guide_terminal_err=nanm
[GATE-EVOLVE] step=279 curr=173107.65 best_other=182607.55 ratio=0.9480 ee_to_optimal=0.0587m phi=0.0253m
[STAGE-A-TRACE] step=279 sim_t=2.790 mode=free phi=0.02526 box_xy=+0.00000,-0.00000 lam_n_ee_box=nan qy=+0.00005 qz=+0.00001 finished_repos=0
[DRAKE-CONTACT] step=279 n_pairs=1 ee_box_normal=0.000
[GATE-CONTACT] step=279 F_W=(+0.0000,+0.0000,+0.0000) F_on_box=(-0.0000,-0.0000,-0.0000) n_face_out=(-0.0000,-0.0000,-0.0000) A_is_ee=0 box_q=(+1.00000,+0.00002,+0.00005,+0.00001) box_p=(+0.00000,-0.00000,+0.04999) ee_p=(+0.04205,-0.04863,+0.15024)
[LATERAL] perp=50.1mm scale=50.0mm strength=1.00 shift_mm=(+0.0,+50.1)
[ADMM-C3+] primal: 10.8322->4.9626  dual: 899.7455->20.9428  mono=False  iters=25/25  rho=50.0
[ADMM-C3+] WARNING non-converged: pr=4.9626 dr=20.9428 tol=1e-03
[C3+] step=866 |u[0]|=11.63N λ_n_max=0.759 η_n_max=1.878 primal=4.963 iters=25/25 lcp_res_max=9.34e-08
[ADMIT-GUARD] step=280 admit_active=0 latch=0/0 ee_z=0.150 gate_cap=0
[ALT-GATE] step=280 target_stable=0/0 allow_descent=1
[GS-tgt] step=280 ee=(+0.041,-0.050,+0.150) p_repos=(+0.019,-0.080,+0.030) ee_to_target=0.126m target_label=prev_repos target_changed=N delta=0.000m
[IMP] step=280 mode=free |x_err|=0.0002m |tau_imp|=0.15Nm |tau_ff|=0.00Nm |tau_out|=0.15Nm sat=False lam_n=False lam_t=False
[GS] step=280 mode=free switch=kStayInRepos best_k=0 best_src=prev_repos curr_cost=172817.41 repos_cost=182322.75 best_other=182322.75 met_progress=Y steps_since_improve=3 switches=2
[STEP] step=280 mode=free t=2.800s ee=(+0.041,-0.050,+0.150) obj=(+0.000,-0.000,+0.050) goal_dist=0.300m switch=kStayInRepos target=(+0.041,-0.050,+0.150) ee_stride=0.000m ee_to_ptarget=0.126m landing_err=0.0669m ik_ok=Y ik_resid=0.0002m q_max_resid_deg=5.90 target_changed=Y retgt=N held_idx=1 held_cost=182322.75 won_cost=182322.75 margin=+0.00 won_src=prev_repos held_valid=Y reason=hold setpoint_to_ptarget=nanm finished_val=nanm finished_thresh=0.0200m pd_resid=nanm nextwp_to_ptarget=nanm guide_terminal_err=nanm
[GATE-EVOLVE] step=280 curr=172817.41 best_other=182322.75 ratio=0.9479 ee_to_optimal=0.0606m phi=0.0252m
[STAGE-A-TRACE] step=280 sim_t=2.800 mode=free phi=0.02524 box_xy=+0.00000,-0.00000 lam_n_ee_box=nan qy=+0.00002 qz=+0.00002 finished_repos=0
[GS-table] step=280
  k=0 (current   ) pos=(+0.041,-0.050,+0.150) c_C3= 172818.52 align=0.0000(bonus=    1.11) rot=+0.0000(bonus=    0.00) travel=0.000m(pen=  0.00) c_sample= 172817.41 feas=Y ik_err=0.0000m  ← WIN
  k=1 (prev_repos) pos=(+0.019,-0.080,+0.030) c_C3= 182298.68 align=0.0000(bonus=    1.11) rot=+0.0000(bonus=    0.00) travel=0.126m(pen= 25.18) c_sample= 182322.75 feas=Y ik_err=0.0000m
  k=2 (strat_0   ) pos=(+0.015,-0.080,+0.030) c_C3= 182330.09 align=0.0000(bonus=    1.11) rot=+0.0000(bonus=    0.00) travel=0.127m(pen= 25.32) c_sample= 182354.30 feas=Y ik_err=0.0000m
[DRAKE-CONTACT] step=280 n_pairs=1 ee_box_normal=0.000
[GATE-CONTACT] step=280 F_W=(+0.0000,+0.0000,+0.0000) F_on_box=(-0.0000,-0.0000,-0.0000) n_face_out=(-0.0000,-0.0000,-0.0000) A_is_ee=0 box_q=(+1.00000,+0.00002,+0.00002,+0.00002) box_p=(+0.00000,-0.00000,+0.04999) ee_p=(+0.04096,-0.05008,+0.15023)
[LATERAL] perp=51.5mm scale=50.0mm strength=1.00 shift_mm=(-0.0,+51.5)
[ADMM-C3+] primal: 10.6030->5.4728  dual: 915.8527->17.0823  mono=True  iters=25/25  rho=50.0
[ADMM-C3+] WARNING non-converged: pr=5.4728 dr=17.0823 tol=1e-03
[C3+] step=869 |u[0]|=11.41N λ_n_max=0.696 η_n_max=1.180 primal=5.473 iters=25/25 lcp_res_max=7.37e-08
[ADMIT-GUARD] step=281 admit_active=0 latch=0/0 ee_z=0.150 gate_cap=0
[ALT-GATE] step=281 target_stable=0/0 allow_descent=1
[GS-tgt] step=281 ee=(+0.040,-0.052,+0.150) p_repos=(+0.019,-0.080,+0.030) ee_to_target=0.125m target_label=prev_repos target_changed=N delta=0.000m
[GS] step=281 mode=free switch=kStayInRepos best_k=0 best_src=prev_repos curr_cost=167104.00 repos_cost=198501.37 best_other=198501.37 met_progress=Y steps_since_improve=4 switches=2
[STEP] step=281 mode=free t=2.810s ee=(+0.040,-0.052,+0.150) obj=(-0.000,+0.000,+0.050) goal_dist=0.300m switch=kStayInRepos target=(+0.040,-0.052,+0.150) ee_stride=0.000m ee_to_ptarget=0.125m landing_err=0.0629m ik_ok=Y ik_resid=0.0003m q_max_resid_deg=6.79 target_changed=Y retgt=N held_idx=1 held_cost=198501.37 won_cost=198501.37 margin=+0.00 won_src=prev_repos held_valid=Y reason=hold setpoint_to_ptarget=nanm finished_val=nanm finished_thresh=0.0200m pd_resid=nanm nextwp_to_ptarget=nanm guide_terminal_err=nanm
[GATE-EVOLVE] step=281 curr=167104.00 best_other=198501.37 ratio=0.8418 ee_to_optimal=0.0624m phi=0.0252m
[STAGE-A-TRACE] step=281 sim_t=2.810 mode=free phi=0.02524 box_xy=-0.00001,+0.00000 lam_n_ee_box=nan qy=-0.00005 qz=+0.00002 finished_repos=0
[DRAKE-CONTACT] step=281 n_pairs=1 ee_box_normal=0.000
[GATE-CONTACT] step=281 F_W=(+0.0000,+0.0000,+0.0000) F_on_box=(-0.0000,-0.0000,-0.0000) n_face_out=(-0.0000,-0.0000,-0.0000) A_is_ee=0 box_q=(+1.00000,-0.00005,-0.00005,+0.00002) box_p=(-0.00001,+0.00000,+0.04999) ee_p=(+0.03988,-0.05152,+0.15022)
[LATERAL] perp=53.0mm scale=50.0mm strength=1.00 shift_mm=(-0.0,+53.0)
[ADMM-C3+] primal: 10.6021->5.4722  dual: 915.7519->17.0548  mono=True  iters=25/25  rho=50.0
[ADMM-C3+] WARNING non-converged: pr=5.4722 dr=17.0548 tol=1e-03
[C3+] step=872 |u[0]|=11.62N λ_n_max=0.696 η_n_max=1.179 primal=5.472 iters=25/25 lcp_res_max=7.37e-08
[ADMIT-GUARD] step=282 admit_active=0 latch=0/0 ee_z=0.150 gate_cap=0
[ALT-GATE] step=282 target_stable=0/0 allow_descent=1
[GS-tgt] step=282 ee=(+0.039,-0.053,+0.150) p_repos=(+0.019,-0.080,+0.030) ee_to_target=0.125m target_label=prev_repos target_changed=N delta=0.000m
[GS] step=282 mode=free switch=kStayInRepos best_k=0 best_src=prev_repos curr_cost=167363.90 repos_cost=198804.83 best_other=198804.83 met_progress=Y steps_since_improve=5 switches=2
[STEP] step=282 mode=free t=2.820s ee=(+0.039,-0.053,+0.150) obj=(-0.000,+0.000,+0.050) goal_dist=0.300m switch=kStayInRepos target=(+0.039,-0.053,+0.150) ee_stride=0.000m ee_to_ptarget=0.125m landing_err=0.0589m ik_ok=Y ik_resid=0.0003m q_max_resid_deg=7.67 target_changed=Y retgt=N held_idx=1 held_cost=198804.83 won_cost=198804.83 margin=+0.00 won_src=prev_repos held_valid=Y reason=hold setpoint_to_ptarget=nanm finished_val=nanm finished_thresh=0.0200m pd_resid=nanm nextwp_to_ptarget=nanm guide_terminal_err=nanm
[GATE-EVOLVE] step=282 curr=167363.90 best_other=198804.83 ratio=0.8419 ee_to_optimal=0.0642m phi=0.0253m
[STAGE-A-TRACE] step=282 sim_t=2.820 mode=free phi=0.02529 box_xy=-0.00000,+0.00000 lam_n_ee_box=nan qy=-0.00003 qz=+0.00002 finished_repos=0
[DRAKE-CONTACT] step=282 n_pairs=1 ee_box_normal=0.000
[GATE-CONTACT] step=282 F_W=(+0.0000,+0.0000,+0.0000) F_on_box=(-0.0000,-0.0000,-0.0000) n_face_out=(-0.0000,-0.0000,-0.0000) A_is_ee=0 box_q=(+1.00000,-0.00005,-0.00003,+0.00002) box_p=(-0.00000,+0.00000,+0.05000) ee_p=(+0.03879,-0.05296,+0.15021)
[LATERAL] perp=54.4mm scale=50.0mm strength=1.00 shift_mm=(+0.0,+54.4)
[ADMM-C3+] primal: 10.8334->4.9617  dual: 899.8205->20.9337  mono=False  iters=25/25  rho=50.0
[ADMM-C3+] WARNING non-converged: pr=4.9617 dr=20.9337 tol=1e-03
[C3+] step=875 |u[0]|=12.18N λ_n_max=0.759 η_n_max=1.878 primal=4.962 iters=25/25 lcp_res_max=9.34e-08
[ADMIT-GUARD] step=283 admit_active=0 latch=0/0 ee_z=0.150 gate_cap=0
[ALT-GATE] step=283 target_stable=0/0 allow_descent=1
[GS-tgt] step=283 ee=(+0.038,-0.054,+0.150) p_repos=(+0.019,-0.080,+0.030) ee_to_target=0.124m target_label=prev_repos target_changed=N delta=0.000m
[GS] step=283 mode=free switch=kStayInRepos best_k=0 best_src=prev_repos curr_cost=172828.57 repos_cost=182317.74 best_other=182317.74 met_progress=Y steps_since_improve=6 switches=2
[STEP] step=283 mode=free t=2.830s ee=(+0.038,-0.054,+0.150) obj=(+0.000,-0.000,+0.050) goal_dist=0.300m switch=kStayInRepos target=(+0.038,-0.054,+0.150) ee_stride=0.000m ee_to_ptarget=0.124m landing_err=0.0549m ik_ok=Y ik_resid=0.0003m q_max_resid_deg=8.54 target_changed=Y retgt=N held_idx=1 held_cost=182317.74 won_cost=182317.74 margin=+0.00 won_src=prev_repos held_valid=Y reason=hold setpoint_to_ptarget=nanm finished_val=nanm finished_thresh=0.0200m pd_resid=nanm nextwp_to_ptarget=nanm guide_terminal_err=nanm
[GATE-EVOLVE] step=283 curr=172828.57 best_other=182317.74 ratio=0.9480 ee_to_optimal=0.0660m phi=0.0254m
[STAGE-A-TRACE] step=283 sim_t=2.830 mode=free phi=0.02540 box_xy=+0.00000,-0.00000 lam_n_ee_box=nan qy=+0.00003 qz=+0.00003 finished_repos=0
[DRAKE-CONTACT] step=283 n_pairs=1 ee_box_normal=0.000
[GATE-CONTACT] step=283 F_W=(+0.0000,+0.0000,+0.0000) F_on_box=(-0.0000,-0.0000,-0.0000) n_face_out=(-0.0000,-0.0000,-0.0000) A_is_ee=0 box_q=(+1.00000,+0.00001,+0.00003,+0.00003) box_p=(+0.00000,-0.00000,+0.04999) ee_p=(+0.03771,-0.05441,+0.15020)
[LATERAL] perp=55.8mm scale=50.0mm strength=1.00 shift_mm=(+0.0,+55.8)
[ADMM-C3+] primal: 10.8330->4.9553  dual: 899.7166->20.8855  mono=False  iters=25/25  rho=50.0
[ADMM-C3+] WARNING non-converged: pr=4.9553 dr=20.8855 tol=1e-03
[C3+] step=878 |u[0]|=12.37N λ_n_max=0.759 η_n_max=1.878 primal=4.955 iters=25/25 lcp_res_max=9.33e-08
[ADMIT-GUARD] step=284 admit_active=0 latch=0/0 ee_z=0.150 gate_cap=0
[ALT-GATE] step=284 target_stable=0/0 allow_descent=1
[GS-tgt] step=284 ee=(+0.037,-0.056,+0.150) p_repos=(+0.019,-0.080,+0.030) ee_to_target=0.124m target_label=prev_repos target_changed=N delta=0.000m
[GS] step=284 mode=free switch=kStayInRepos best_k=0 best_src=prev_repos curr_cost=172880.58 repos_cost=182350.42 best_other=182350.42 met_progress=Y steps_since_improve=7 switches=2
[STEP] step=284 mode=free t=2.840s ee=(+0.037,-0.056,+0.150) obj=(+0.000,-0.000,+0.050) goal_dist=0.300m switch=kStayInRepos target=(+0.037,-0.056,+0.150) ee_stride=0.000m ee_to_ptarget=0.124m landing_err=0.0509m ik_ok=Y ik_resid=0.0003m q_max_resid_deg=9.41 target_changed=Y retgt=N held_idx=1 held_cost=182350.42 won_cost=182350.42 margin=+0.00 won_src=prev_repos held_valid=Y reason=hold setpoint_to_ptarget=nanm finished_val=nanm finished_thresh=0.0200m pd_resid=nanm nextwp_to_ptarget=nanm guide_terminal_err=nanm
[GATE-EVOLVE] step=284 curr=172880.58 best_other=182350.42 ratio=0.9481 ee_to_optimal=0.0678m phi=0.0255m
[STAGE-A-TRACE] step=284 sim_t=2.840 mode=free phi=0.02553 box_xy=+0.00000,-0.00000 lam_n_ee_box=nan qy=+0.00002 qz=+0.00003 finished_repos=0
[DRAKE-CONTACT] step=284 n_pairs=1 ee_box_normal=0.000
[GATE-CONTACT] step=284 F_W=(+0.0000,+0.0000,+0.0000) F_on_box=(-0.0000,-0.0000,-0.0000) n_face_out=(-0.0000,-0.0000,-0.0000) A_is_ee=0 box_q=(+1.00000,+0.00001,+0.00002,+0.00003) box_p=(+0.00000,-0.00000,+0.05000) ee_p=(+0.03663,-0.05585,+0.15019)
[LATERAL] perp=57.3mm scale=50.0mm strength=1.00 shift_mm=(-0.0,+57.3)
[ADMM-C3+] primal: 10.6081->5.4855  dual: 916.1443->17.1100  mono=True  iters=25/25  rho=50.0
[ADMM-C3+] WARNING non-converged: pr=5.4855 dr=17.1100 tol=1e-03
[C3+] step=881 |u[0]|=12.20N λ_n_max=0.698 η_n_max=1.187 primal=5.485 iters=25/25 lcp_res_max=7.37e-08
[ADMIT-GUARD] step=285 admit_active=0 latch=0/0 ee_z=0.150 gate_cap=0
[ALT-GATE] step=285 target_stable=0/0 allow_descent=1
[GS-tgt] step=285 ee=(+0.036,-0.057,+0.150) p_repos=(+0.019,-0.080,+0.030) ee_to_target=0.123m target_label=prev_repos target_changed=N delta=0.000m
[GS] step=285 mode=free switch=kStayInRepos best_k=0 best_src=prev_repos curr_cost=167010.12 repos_cost=198347.01 best_other=198347.01 met_progress=Y steps_since_improve=8 switches=2
[STEP] step=285 mode=free t=2.850s ee=(+0.036,-0.057,+0.150) obj=(-0.000,+0.000,+0.050) goal_dist=0.300m switch=kStayInRepos target=(+0.036,-0.057,+0.150) ee_stride=0.000m ee_to_ptarget=0.123m landing_err=0.0469m ik_ok=Y ik_resid=0.0003m q_max_resid_deg=10.28 target_changed=Y retgt=N held_idx=1 held_cost=198347.01 won_cost=198347.01 margin=+0.00 won_src=prev_repos held_valid=Y reason=hold setpoint_to_ptarget=nanm finished_val=nanm finished_thresh=0.0200m pd_resid=nanm nextwp_to_ptarget=nanm guide_terminal_err=nanm
[GATE-EVOLVE] step=285 curr=167010.12 best_other=198347.01 ratio=0.8420 ee_to_optimal=0.0696m phi=0.0257m
[STAGE-A-TRACE] step=285 sim_t=2.850 mode=free phi=0.02570 box_xy=-0.00000,+0.00001 lam_n_ee_box=nan qy=-0.00004 qz=+0.00004 finished_repos=0
[DRAKE-CONTACT] step=285 n_pairs=1 ee_box_normal=0.000
[GATE-CONTACT] step=285 F_W=(+0.0000,+0.0000,+0.0000) F_on_box=(-0.0000,-0.0000,-0.0000) n_face_out=(-0.0000,-0.0000,-0.0000) A_is_ee=0 box_q=(+1.00000,-0.00008,-0.00004,+0.00004) box_p=(-0.00000,+0.00001,+0.04999) ee_p=(+0.03555,-0.05729,+0.15018)
[LATERAL] perp=58.7mm scale=50.0mm strength=1.00 shift_mm=(-0.0,+58.7)
[ADMM-C3+] primal: 10.5961->5.4569  dual: 915.4292->17.0417  mono=True  iters=25/25  rho=50.0
[ADMM-C3+] WARNING non-converged: pr=5.4569 dr=17.0417 tol=1e-03
[C3+] step=884 |u[0]|=12.76N λ_n_max=0.694 η_n_max=1.172 primal=5.457 iters=25/25 lcp_res_max=7.36e-08
[ADMIT-GUARD] step=286 admit_active=0 latch=0/0 ee_z=0.150 gate_cap=0
[ALT-GATE] step=286 target_stable=0/0 allow_descent=1
[GS-tgt] step=286 ee=(+0.034,-0.059,+0.150) p_repos=(+0.019,-0.080,+0.030) ee_to_target=0.123m target_label=prev_repos target_changed=N delta=0.000m
[GS] step=286 mode=free switch=kStayInRepos best_k=0 best_src=prev_repos curr_cost=167465.07 repos_cost=198974.92 best_other=198974.92 met_progress=Y steps_since_improve=9 switches=2
[STEP] step=286 mode=free t=2.860s ee=(+0.034,-0.059,+0.150) obj=(-0.000,+0.000,+0.050) goal_dist=0.300m switch=kStayInRepos target=(+0.034,-0.059,+0.150) ee_stride=0.000m ee_to_ptarget=0.123m landing_err=0.0429m ik_ok=Y ik_resid=0.0004m q_max_resid_deg=11.14 target_changed=Y retgt=N held_idx=1 held_cost=198974.92 won_cost=198974.92 margin=+0.00 won_src=prev_repos held_valid=Y reason=hold setpoint_to_ptarget=nanm finished_val=nanm finished_thresh=0.0200m pd_resid=nanm nextwp_to_ptarget=nanm guide_terminal_err=nanm
[GATE-EVOLVE] step=286 curr=167465.07 best_other=198974.92 ratio=0.8416 ee_to_optimal=0.0714m phi=0.0259m
[STAGE-A-TRACE] step=286 sim_t=2.860 mode=free phi=0.02593 box_xy=-0.00000,+0.00000 lam_n_ee_box=nan qy=-0.00005 qz=+0.00004 finished_repos=0
[DRAKE-CONTACT] step=286 n_pairs=1 ee_box_normal=0.000
[GATE-CONTACT] step=286 F_W=(+0.0000,+0.0000,+0.0000) F_on_box=(-0.0000,-0.0000,-0.0000) n_face_out=(-0.0000,-0.0000,-0.0000) A_is_ee=0 box_q=(+1.00000,-0.00002,-0.00005,+0.00004) box_p=(-0.00000,+0.00000,+0.04999) ee_p=(+0.03447,-0.05873,+0.15017)
[LATERAL] perp=60.2mm scale=50.0mm strength=1.00 shift_mm=(-0.0,+60.2)
[ADMM-C3+] primal: 10.5764->5.4144  dual: 914.1365->16.9446  mono=True  iters=25/25  rho=50.0
[ADMM-C3+] WARNING non-converged: pr=5.4144 dr=16.9446 tol=1e-03
[C3+] step=887 |u[0]|=12.95N λ_n_max=0.688 η_n_max=1.152 primal=5.414 iters=25/25 lcp_res_max=7.36e-08
[ADMIT-GUARD] step=287 admit_active=0 latch=0/0 ee_z=0.150 gate_cap=0
[ALT-GATE] step=287 target_stable=0/0 allow_descent=1
[GS-tgt] step=287 ee=(+0.033,-0.060,+0.150) p_repos=(+0.019,-0.080,+0.030) ee_to_target=0.123m target_label=prev_repos target_changed=N delta=0.000m
[GS] step=287 mode=free switch=kStayInRepos best_k=0 best_src=prev_repos curr_cost=168236.91 repos_cost=199973.89 best_other=199973.89 met_progress=Y steps_since_improve=10 switches=2
[STEP] step=287 mode=free t=2.870s ee=(+0.033,-0.060,+0.150) obj=(-0.000,+0.000,+0.050) goal_dist=0.300m switch=kStayInRepos target=(+0.033,-0.060,+0.150) ee_stride=0.000m ee_to_ptarget=0.123m landing_err=0.0389m ik_ok=Y ik_resid=0.0004m q_max_resid_deg=12.00 target_changed=Y retgt=N held_idx=1 held_cost=199973.89 won_cost=199973.89 margin=+0.00 won_src=prev_repos held_valid=Y reason=hold setpoint_to_ptarget=nanm finished_val=nanm finished_thresh=0.0200m pd_resid=nanm nextwp_to_ptarget=nanm guide_terminal_err=nanm
[GATE-EVOLVE] step=287 curr=168236.91 best_other=199973.89 ratio=0.8413 ee_to_optimal=0.0732m phi=0.0262m
[STAGE-A-TRACE] step=287 sim_t=2.870 mode=free phi=0.02619 box_xy=-0.00000,+0.00000 lam_n_ee_box=nan qy=-0.00001 qz=+0.00005 finished_repos=0
[DRAKE-CONTACT] step=287 n_pairs=1 ee_box_normal=0.000
[GATE-CONTACT] step=287 F_W=(+0.0000,+0.0000,+0.0000) F_on_box=(-0.0000,-0.0000,-0.0000) n_face_out=(-0.0000,-0.0000,-0.0000) A_is_ee=0 box_q=(+1.00000,-0.00000,-0.00001,+0.00005) box_p=(-0.00000,+0.00000,+0.05000) ee_p=(+0.03339,-0.06017,+0.15016)
[LATERAL] perp=61.6mm scale=50.0mm strength=1.00 shift_mm=(-0.0,+61.6)
[ADMM-C3+] primal: 10.8350->4.9650  dual: 900.1537->20.9206  mono=False  iters=25/25  rho=50.0
[ADMM-C3+] WARNING non-converged: pr=4.9650 dr=20.9206 tol=1e-03
[C3+] step=890 |u[0]|=13.17N λ_n_max=0.760 η_n_max=1.879 primal=4.965 iters=25/25 lcp_res_max=9.35e-08
[ADMIT-GUARD] step=288 admit_active=0 latch=0/0 ee_z=0.150 gate_cap=0
[ALT-GATE] step=288 target_stable=0/0 allow_descent=1
[GS-tgt] step=288 ee=(+0.032,-0.062,+0.150) p_repos=(+0.019,-0.080,+0.030) ee_to_target=0.122m target_label=prev_repos target_changed=N delta=0.000m
[GS] step=288 mode=free switch=kStayInRepos best_k=0 best_src=prev_repos curr_cost=173487.69 repos_cost=183057.51 best_other=183057.51 met_progress=Y steps_since_improve=11 switches=2
[STEP] step=288 mode=free t=2.880s ee=(+0.032,-0.062,+0.150) obj=(+0.000,+0.000,+0.050) goal_dist=0.300m switch=kStayInRepos target=(+0.032,-0.062,+0.150) ee_stride=0.000m ee_to_ptarget=0.122m landing_err=0.0349m ik_ok=Y ik_resid=0.0004m q_max_resid_deg=12.86 target_changed=Y retgt=N held_idx=1 held_cost=183057.51 won_cost=183057.51 margin=+0.00 won_src=prev_repos held_valid=Y reason=hold setpoint_to_ptarget=nanm finished_val=nanm finished_thresh=0.0200m pd_resid=nanm nextwp_to_ptarget=nanm guide_terminal_err=nanm
[GATE-EVOLVE] step=288 curr=173487.69 best_other=183057.51 ratio=0.9477 ee_to_optimal=0.0750m phi=0.0265m
[STAGE-A-TRACE] step=288 sim_t=2.880 mode=free phi=0.02649 box_xy=+0.00001,+0.00001 lam_n_ee_box=nan qy=+0.00007 qz=+0.00004 finished_repos=0
[DRAKE-CONTACT] step=288 n_pairs=1 ee_box_normal=0.000
[GATE-CONTACT] step=288 F_W=(+0.0000,+0.0000,+0.0000) F_on_box=(-0.0000,-0.0000,-0.0000) n_face_out=(-0.0000,-0.0000,-0.0000) A_is_ee=0 box_q=(+1.00000,-0.00007,+0.00007,+0.00004) box_p=(+0.00001,+0.00001,+0.04999) ee_p=(+0.03231,-0.06160,+0.15016)
[LATERAL] perp=63.0mm scale=50.0mm strength=1.00 shift_mm=(+0.0,+63.0)
[ADMM-C3+] primal: 10.8348->4.9700  dual: 899.6667->21.1196  mono=False  iters=25/25  rho=50.0
[ADMM-C3+] WARNING non-converged: pr=4.9700 dr=21.1196 tol=1e-03
[C3+] step=893 |u[0]|=13.37N λ_n_max=0.758 η_n_max=1.881 primal=4.970 iters=25/25 lcp_res_max=9.30e-08
[ADMIT-GUARD] step=289 admit_active=0 latch=0/0 ee_z=0.150 gate_cap=0
[ALT-GATE] step=289 target_stable=0/0 allow_descent=1
[GS-tgt] step=289 ee=(+0.031,-0.063,+0.150) p_repos=(+0.019,-0.080,+0.030) ee_to_target=0.122m target_label=prev_repos target_changed=N delta=0.000m
[GS] step=289 mode=free switch=kStayInRepos best_k=0 best_src=prev_repos curr_cost=171194.54 repos_cost=180480.76 best_other=180480.76 met_progress=Y steps_since_improve=12 switches=2
[STEP] step=289 mode=free t=2.890s ee=(+0.031,-0.063,+0.150) obj=(+0.000,-0.000,+0.050) goal_dist=0.300m switch=kStayInRepos target=(+0.031,-0.063,+0.150) ee_stride=0.000m ee_to_ptarget=0.122m landing_err=0.0309m ik_ok=Y ik_resid=0.0005m q_max_resid_deg=13.71 target_changed=Y retgt=N held_idx=1 held_cost=180480.76 won_cost=180480.76 margin=+0.00 won_src=prev_repos held_valid=Y reason=hold setpoint_to_ptarget=nanm finished_val=nanm finished_thresh=0.0200m pd_resid=nanm nextwp_to_ptarget=nanm guide_terminal_err=nanm
[GATE-EVOLVE] step=289 curr=171194.54 best_other=180480.76 ratio=0.9485 ee_to_optimal=0.0767m phi=0.0268m
[STAGE-A-TRACE] step=289 sim_t=2.890 mode=free phi=0.02684 box_xy=+0.00001,-0.00001 lam_n_ee_box=nan qy=+0.00006 qz=+0.00004 finished_repos=0
[DRAKE-CONTACT] step=289 n_pairs=1 ee_box_normal=0.000
[GATE-CONTACT] step=289 F_W=(+0.0000,+0.0000,+0.0000) F_on_box=(-0.0000,-0.0000,-0.0000) n_face_out=(-0.0000,-0.0000,-0.0000) A_is_ee=0 box_q=(+1.00000,+0.00007,+0.00006,+0.00004) box_p=(+0.00001,-0.00001,+0.04999) ee_p=(+0.03123,-0.06304,+0.15015)
[LATERAL] perp=64.5mm scale=50.0mm strength=1.00 shift_mm=(-0.0,+64.5)
[ADMM-C3+] primal: 10.8329->4.9638  dual: 899.8942->20.9304  mono=False  iters=25/25  rho=50.0
[ADMM-C3+] WARNING non-converged: pr=4.9638 dr=20.9304 tol=1e-03
[C3+] step=896 |u[0]|=13.58N λ_n_max=0.759 η_n_max=1.878 primal=4.964 iters=25/25 lcp_res_max=9.35e-08
[ADMIT-GUARD] step=290 admit_active=0 latch=0/0 ee_z=0.150 gate_cap=0
[ALT-GATE] step=290 target_stable=0/0 allow_descent=1
[GS-tgt] step=290 ee=(+0.030,-0.064,+0.150) p_repos=(+0.019,-0.080,+0.030) ee_to_target=0.122m target_label=prev_repos target_changed=N delta=0.000m
[IMP] step=290 mode=free |x_err|=0.0002m |tau_imp|=0.16Nm |tau_ff|=0.00Nm |tau_out|=0.16Nm sat=False lam_n=False lam_t=False
[GS] step=290 mode=free switch=kStayInRepos best_k=0 best_src=prev_repos curr_cost=173312.75 repos_cost=182870.74 best_other=182870.74 met_progress=Y steps_since_improve=13 switches=2
[STEP] step=290 mode=free t=2.900s ee=(+0.030,-0.064,+0.150) obj=(+0.000,+0.000,+0.050) goal_dist=0.300m switch=kStayInRepos target=(+0.030,-0.065,+0.150) ee_stride=0.000m ee_to_ptarget=0.122m landing_err=0.0269m ik_ok=Y ik_resid=0.0005m q_max_resid_deg=14.56 target_changed=Y retgt=N held_idx=1 held_cost=182870.74 won_cost=182870.74 margin=+0.00 won_src=prev_repos held_valid=Y reason=hold setpoint_to_ptarget=nanm finished_val=nanm finished_thresh=0.0200m pd_resid=nanm nextwp_to_ptarget=nanm guide_terminal_err=nanm
[GATE-EVOLVE] step=290 curr=173312.75 best_other=182870.74 ratio=0.9477 ee_to_optimal=0.0786m phi=0.0272m
[STAGE-A-TRACE] step=290 sim_t=2.900 mode=free phi=0.02720 box_xy=+0.00001,+0.00000 lam_n_ee_box=nan qy=+0.00004 qz=+0.00004 finished_repos=0
[DRAKE-CONTACT] step=290 n_pairs=1 ee_box_normal=0.000
[GATE-CONTACT] step=290 F_W=(+0.0000,+0.0000,+0.0000) F_on_box=(-0.0000,-0.0000,-0.0000) n_face_out=(-0.0000,-0.0000,-0.0000) A_is_ee=0 box_q=(+1.00000,-0.00004,+0.00004,+0.00004) box_p=(+0.00001,+0.00000,+0.05000) ee_p=(+0.03015,-0.06448,+0.15015)
[LATERAL] perp=65.9mm scale=50.0mm strength=1.00 shift_mm=(-0.0,+65.9)
[ADMM-C3+] primal: 10.6159->5.5065  dual: 916.3482->16.8911  mono=True  iters=25/25  rho=50.0
[ADMM-C3+] WARNING non-converged: pr=5.5065 dr=16.8911 tol=1e-03
[C3+] step=899 |u[0]|=13.80N λ_n_max=0.700 η_n_max=1.192 primal=5.507 iters=25/25 lcp_res_max=7.43e-08
[ADMIT-GUARD] step=291 admit_active=0 latch=0/0 ee_z=0.150 gate_cap=0
[ALT-GATE] step=291 target_stable=0/0 allow_descent=1
[GS-tgt] step=291 ee=(+0.029,-0.066,+0.150) p_repos=(+0.019,-0.080,+0.030) ee_to_target=0.121m target_label=prev_repos target_changed=N delta=0.000m
[GS] step=291 mode=free switch=kStayInRepos best_k=0 best_src=prev_repos curr_cost=169153.54 repos_cost=200728.83 best_other=200728.83 met_progress=Y steps_since_improve=14 switches=2
[STEP] step=291 mode=free t=2.910s ee=(+0.029,-0.066,+0.150) obj=(-0.000,+0.000,+0.050) goal_dist=0.300m switch=kStayInRepos target=(+0.029,-0.066,+0.150) ee_stride=0.000m ee_to_ptarget=0.121m landing_err=0.0229m ik_ok=Y ik_resid=0.0006m q_max_resid_deg=15.40 target_changed=Y retgt=N held_idx=1 held_cost=200728.83 won_cost=200728.83 margin=+0.00 won_src=prev_repos held_valid=Y reason=hold setpoint_to_ptarget=nanm finished_val=nanm finished_thresh=0.0200m pd_resid=nanm nextwp_to_ptarget=nanm guide_terminal_err=nanm
[GATE-EVOLVE] step=291 curr=169153.54 best_other=200728.83 ratio=0.8427 ee_to_optimal=0.0803m phi=0.0276m
[STAGE-A-TRACE] step=291 sim_t=2.910 mode=free phi=0.02761 box_xy=-0.00000,+0.00000 lam_n_ee_box=nan qy=-0.00002 qz=+0.00003 finished_repos=0
[DRAKE-CONTACT] step=291 n_pairs=1 ee_box_normal=0.000
[GATE-CONTACT] step=291 F_W=(+0.0000,+0.0000,+0.0000) F_on_box=(-0.0000,-0.0000,-0.0000) n_face_out=(-0.0000,-0.0000,-0.0000) A_is_ee=0 box_q=(+1.00000,-0.00004,-0.00002,+0.00003) box_p=(-0.00000,+0.00000,+0.05000) ee_p=(+0.02907,-0.06592,+0.15014)
[LATERAL] perp=67.4mm scale=50.0mm strength=1.00 shift_mm=(-0.0,+67.4)
[ADMM-C3+] primal: 10.5623->5.3774  dual: 913.4420->16.9683  mono=True  iters=25/25  rho=50.0
[ADMM-C3+] WARNING non-converged: pr=5.3774 dr=16.9683 tol=1e-03
[C3+] step=902 |u[0]|=14.01N λ_n_max=0.682 η_n_max=1.136 primal=5.377 iters=25/25 lcp_res_max=7.33e-08
[ADMIT-GUARD] step=292 admit_active=0 latch=0/0 ee_z=0.150 gate_cap=0
[ALT-GATE] step=292 target_stable=0/0 allow_descent=1
[GS-tgt] step=292 ee=(+0.028,-0.067,+0.150) p_repos=(+0.019,-0.080,+0.030) ee_to_target=0.121m target_label=prev_repos target_changed=N delta=0.000m
[GS] step=292 mode=free switch=kStayInRepos best_k=0 best_src=prev_repos curr_cost=168125.39 repos_cost=199911.09 best_other=199911.09 met_progress=Y steps_since_improve=0 switches=2
[STEP] step=292 mode=free t=2.920s ee=(+0.028,-0.067,+0.150) obj=(-0.000,+0.000,+0.050) goal_dist=0.300m switch=kStayInRepos target=(+0.028,-0.067,+0.150) ee_stride=0.000m ee_to_ptarget=0.121m landing_err=0.0189m ik_ok=Y ik_resid=0.0006m q_max_resid_deg=16.25 target_changed=Y retgt=N held_idx=1 held_cost=199911.09 won_cost=199911.09 margin=+0.00 won_src=prev_repos held_valid=Y reason=hold setpoint_to_ptarget=nanm finished_val=nanm finished_thresh=0.0200m pd_resid=nanm nextwp_to_ptarget=nanm guide_terminal_err=nanm
[GATE-EVOLVE] step=292 curr=168125.39 best_other=199911.09 ratio=0.8410 ee_to_optimal=0.0821m phi=0.0281m
[STAGE-A-TRACE] step=292 sim_t=2.920 mode=free phi=0.02805 box_xy=-0.00001,+0.00000 lam_n_ee_box=nan qy=-0.00007 qz=+0.00003 finished_repos=0
[DRAKE-CONTACT] step=292 n_pairs=1 ee_box_normal=0.000
[GATE-CONTACT] step=292 F_W=(+0.0000,+0.0000,+0.0000) F_on_box=(-0.0000,-0.0000,-0.0000) n_face_out=(-0.0000,-0.0000,-0.0000) A_is_ee=0 box_q=(+1.00000,-0.00001,-0.00007,+0.00003) box_p=(-0.00001,+0.00000,+0.05000) ee_p=(+0.02799,-0.06736,+0.15014)
[LATERAL] perp=68.8mm scale=50.0mm strength=1.00 shift_mm=(+0.0,+68.8)
[ADMM-C3+] primal: 10.6217->5.5249  dual: 916.6283->16.9514  mono=True  iters=25/25  rho=50.0
[ADMM-C3+] WARNING non-converged: pr=5.5249 dr=16.9514 tol=1e-03
[C3+] step=905 |u[0]|=14.23N λ_n_max=0.703 η_n_max=1.204 primal=5.525 iters=25/25 lcp_res_max=7.44e-08
[ADMIT-GUARD] step=293 admit_active=0 latch=0/0 ee_z=0.150 gate_cap=0
[ALT-GATE] step=293 target_stable=0/0 allow_descent=1
[GS-tgt] step=293 ee=(+0.027,-0.069,+0.150) p_repos=(+0.019,-0.080,+0.030) ee_to_target=0.121m target_label=prev_repos target_changed=N delta=0.000m
[GS] step=293 mode=free switch=kStayInRepos best_k=0 best_src=prev_repos curr_cost=168872.24 repos_cost=200320.33 best_other=200320.33 met_progress=Y steps_since_improve=1 switches=2
[STEP] step=293 mode=free t=2.930s ee=(+0.027,-0.069,+0.150) obj=(-0.000,-0.000,+0.050) goal_dist=0.300m switch=kStayInRepos target=(+0.027,-0.069,+0.150) ee_stride=0.000m ee_to_ptarget=0.121m landing_err=0.0149m ik_ok=Y ik_resid=0.0007m q_max_resid_deg=17.08 target_changed=Y retgt=N held_idx=1 held_cost=200320.33 won_cost=200320.33 margin=+0.00 won_src=prev_repos held_valid=Y reason=hold setpoint_to_ptarget=nanm finished_val=nanm finished_thresh=0.0200m pd_resid=nanm nextwp_to_ptarget=nanm guide_terminal_err=nanm
[GATE-EVOLVE] step=293 curr=168872.24 best_other=200320.33 ratio=0.8430 ee_to_optimal=0.0839m phi=0.0285m
[STAGE-A-TRACE] step=293 sim_t=2.930 mode=free phi=0.02854 box_xy=-0.00001,-0.00000 lam_n_ee_box=nan qy=-0.00007 qz=+0.00003 finished_repos=0
[DRAKE-CONTACT] step=293 n_pairs=1 ee_box_normal=0.000
[GATE-CONTACT] step=293 F_W=(+0.0000,+0.0000,+0.0000) F_on_box=(-0.0000,-0.0000,-0.0000) n_face_out=(-0.0000,-0.0000,-0.0000) A_is_ee=0 box_q=(+1.00000,+0.00001,-0.00007,+0.00003) box_p=(-0.00001,-0.00000,+0.04999) ee_p=(+0.02691,-0.06879,+0.15013)
[LATERAL] perp=70.2mm scale=50.0mm strength=1.00 shift_mm=(+0.0,+70.2)
[ADMM-C3+] primal: 10.8316->4.9627  dual: 899.7569->20.9378  mono=False  iters=25/25  rho=50.0
[ADMM-C3+] WARNING non-converged: pr=4.9627 dr=20.9378 tol=1e-03
[C3+] step=908 |u[0]|=14.45N λ_n_max=0.759 η_n_max=1.879 primal=4.963 iters=25/25 lcp_res_max=9.34e-08
[ADMIT-GUARD] step=294 admit_active=0 latch=0/0 ee_z=0.150 gate_cap=0
[ALT-GATE] step=294 target_stable=0/0 allow_descent=1
[GS-tgt] step=294 ee=(+0.026,-0.070,+0.150) p_repos=(+0.019,-0.080,+0.030) ee_to_target=0.121m target_label=prev_repos target_changed=N delta=0.000m
[GS] step=294 mode=free switch=kStayInRepos best_k=0 best_src=prev_repos curr_cost=173309.69 repos_cost=182868.17 best_other=182868.17 met_progress=Y steps_since_improve=2 switches=2
[STEP] step=294 mode=free t=2.940s ee=(+0.026,-0.070,+0.150) obj=(+0.000,-0.000,+0.050) goal_dist=0.300m switch=kStayInRepos target=(+0.026,-0.070,+0.150) ee_stride=0.000m ee_to_ptarget=0.121m landing_err=0.0109m ik_ok=Y ik_resid=0.0008m q_max_resid_deg=17.91 target_changed=Y retgt=N held_idx=1 held_cost=182868.17 won_cost=182868.17 margin=+0.00 won_src=prev_repos held_valid=Y reason=hold setpoint_to_ptarget=nanm finished_val=nanm finished_thresh=0.0200m pd_resid=nanm nextwp_to_ptarget=nanm guide_terminal_err=nanm
[GATE-EVOLVE] step=294 curr=173309.69 best_other=182868.17 ratio=0.9477 ee_to_optimal=0.0857m phi=0.0291m
[STAGE-A-TRACE] step=294 sim_t=2.940 mode=free phi=0.02906 box_xy=+0.00000,-0.00001 lam_n_ee_box=nan qy=+0.00003 qz=+0.00004 finished_repos=0
[DRAKE-CONTACT] step=294 n_pairs=1 ee_box_normal=0.000
[GATE-CONTACT] step=294 F_W=(+0.0000,+0.0000,+0.0000) F_on_box=(-0.0000,-0.0000,-0.0000) n_face_out=(-0.0000,-0.0000,-0.0000) A_is_ee=0 box_q=(+1.00000,+0.00005,+0.00003,+0.00004) box_p=(+0.00000,-0.00001,+0.04999) ee_p=(+0.02583,-0.07023,+0.15013)
[LATERAL] perp=71.7mm scale=50.0mm strength=1.00 shift_mm=(-0.0,+71.7)
[ADMM-C3+] primal: 15.9355->7.3151  dual: 1473.8367->45.4707  mono=True  iters=25/25  rho=100.0
[ADMM-C3+] WARNING non-converged: pr=7.3151 dr=45.4707 tol=1e-03
[C3+] step=911 |u[0]|=12.00N λ_n_max=0.771 η_n_max=0.980 primal=7.315 iters=25/25 lcp_res_max=7.93e-08
[ADMIT-GUARD] step=295 admit_active=0 latch=0/0 ee_z=0.150 gate_cap=0
[ALT-GATE] step=295 target_stable=0/0 allow_descent=1
[GS-tgt] step=295 ee=(+0.025,-0.072,+0.150) p_repos=(+0.019,-0.080,+0.030) ee_to_target=0.121m target_label=prev_repos target_changed=N delta=0.000m
[GS] step=295 mode=free switch=kStayInRepos best_k=0 best_src=prev_repos curr_cost=200314.82 repos_cost=204156.34 best_other=204156.34 met_progress=Y steps_since_improve=3 switches=2
[STEP] step=295 mode=free t=2.950s ee=(+0.025,-0.072,+0.150) obj=(+0.000,+0.000,+0.050) goal_dist=0.300m switch=kStayInRepos target=(+0.025,-0.072,+0.150) ee_stride=0.000m ee_to_ptarget=0.121m landing_err=0.0069m ik_ok=Y ik_resid=0.0009m q_max_resid_deg=18.74 target_changed=Y retgt=N held_idx=1 held_cost=204156.34 won_cost=204156.34 margin=+0.00 won_src=prev_repos held_valid=Y reason=hold setpoint_to_ptarget=nanm finished_val=nanm finished_thresh=0.0200m pd_resid=nanm nextwp_to_ptarget=nanm guide_terminal_err=nanm
[GATE-EVOLVE] step=295 curr=200314.82 best_other=204156.34 ratio=0.9812 ee_to_optimal=0.0875m phi=0.0296m
[STAGE-A-TRACE] step=295 sim_t=2.950 mode=free phi=0.02961 box_xy=+0.00000,+0.00000 lam_n_ee_box=nan qy=-0.00000 qz=+0.00004 finished_repos=0
[DRAKE-CONTACT] step=295 n_pairs=1 ee_box_normal=0.000
[GATE-CONTACT] step=295 F_W=(+0.0000,+0.0000,+0.0000) F_on_box=(-0.0000,-0.0000,-0.0000) n_face_out=(-0.0000,-0.0000,-0.0000) A_is_ee=0 box_q=(+1.00000,-0.00004,-0.00000,+0.00004) box_p=(+0.00000,+0.00000,+0.05000) ee_p=(+0.02475,-0.07167,+0.15012)
[LATERAL] perp=73.1mm scale=50.0mm strength=1.00 shift_mm=(-0.0,+73.1)
[ADMM-C3+] primal: 10.8344->4.9618  dual: 899.9667->20.9138  mono=False  iters=25/25  rho=50.0
[ADMM-C3+] WARNING non-converged: pr=4.9618 dr=20.9138 tol=1e-03
[C3+] step=914 |u[0]|=14.91N λ_n_max=0.759 η_n_max=1.878 primal=4.962 iters=25/25 lcp_res_max=9.34e-08
[ADMIT-GUARD] step=296 admit_active=0 latch=0/0 ee_z=0.150 gate_cap=0
[ALT-GATE] step=296 target_stable=0/0 allow_descent=1
[GS-tgt] step=296 ee=(+0.024,-0.073,+0.150) p_repos=(+0.019,-0.080,+0.030) ee_to_target=0.120m target_label=prev_repos target_changed=N delta=0.000m
[GS] step=296 mode=free switch=kToBetterRepos best_k=0 best_src=prev_repos curr_cost=173397.02 repos_cost=182932.70 best_other=182932.70 met_progress=Y steps_since_improve=4 switches=2
[STEP] step=296 mode=free t=2.960s ee=(+0.024,-0.073,+0.150) obj=(+0.000,+0.000,+0.050) goal_dist=0.300m switch=kToBetterRepos target=(+0.024,-0.073,+0.150) ee_stride=0.000m ee_to_ptarget=0.120m landing_err=0.0029m ik_ok=Y ik_resid=0.0001m q_max_resid_deg=19.74 target_changed=Y retgt=N held_idx=1 held_cost=182932.70 won_cost=182932.70 margin=+0.00 won_src=prev_repos held_valid=Y reason=hold setpoint_to_ptarget=nanm finished_val=nanm finished_thresh=0.0200m pd_resid=nanm nextwp_to_ptarget=nanm guide_terminal_err=nanm
[GATE-EVOLVE] step=296 curr=173397.02 best_other=182932.70 ratio=0.9479 ee_to_optimal=0.0893m phi=0.0302m
[STAGE-A-TRACE] step=296 sim_t=2.960 mode=free phi=0.03019 box_xy=+0.00001,+0.00000 lam_n_ee_box=nan qy=+0.00004 qz=+0.00003 finished_repos=0
[DRAKE-CONTACT] step=296 n_pairs=1 ee_box_normal=0.000
[GATE-CONTACT] step=296 F_W=(+0.0000,+0.0000,+0.0000) F_on_box=(-0.0000,-0.0000,-0.0000) n_face_out=(-0.0000,-0.0000,-0.0000) A_is_ee=0 box_q=(+1.00000,-0.00002,+0.00004,+0.00003) box_p=(+0.00001,+0.00000,+0.04999) ee_p=(+0.02367,-0.07310,+0.15012)
[LATERAL] perp=74.5mm scale=50.0mm strength=1.00 shift_mm=(-0.0,+74.5)
[ADMM-C3+] primal: 10.8348->4.9631  dual: 900.0049->20.9239  mono=False  iters=25/25  rho=50.0
[ADMM-C3+] WARNING non-converged: pr=4.9631 dr=20.9239 tol=1e-03
[C3+] step=917 |u[0]|=15.14N λ_n_max=0.759 η_n_max=1.878 primal=4.963 iters=25/25 lcp_res_max=9.34e-08
[ADMIT-GUARD] step=297 admit_active=0 latch=0/0 ee_z=0.150 gate_cap=0
[ALT-GATE] step=297 target_stable=0/0 allow_descent=1
[GS-tgt] step=297 ee=(+0.023,-0.075,+0.150) p_repos=(+0.019,-0.080,+0.030) ee_to_target=0.120m target_label=prev_repos target_changed=N delta=0.000m
[GS] step=297 mode=free switch=kStayInRepos best_k=0 best_src=prev_repos curr_cost=173394.49 repos_cost=182930.33 best_other=182930.33 met_progress=Y steps_since_improve=5 switches=2
[STEP] step=297 mode=free t=2.970s ee=(+0.023,-0.075,+0.150) obj=(+0.000,+0.000,+0.050) goal_dist=0.300m switch=kStayInRepos target=(+0.023,-0.075,+0.150) ee_stride=0.000m ee_to_ptarget=0.120m landing_err=0.0000m ik_ok=Y ik_resid=0.0001m q_max_resid_deg=20.40 target_changed=Y retgt=N held_idx=1 held_cost=182930.33 won_cost=182930.33 margin=+0.00 won_src=prev_repos held_valid=Y reason=hold setpoint_to_ptarget=nanm finished_val=nanm finished_thresh=0.0200m pd_resid=nanm nextwp_to_ptarget=nanm guide_terminal_err=nanm
[GATE-EVOLVE] step=297 curr=173394.49 best_other=182930.33 ratio=0.9479 ee_to_optimal=0.0911m phi=0.0308m
[STAGE-A-TRACE] step=297 sim_t=2.970 mode=free phi=0.03081 box_xy=+0.00001,+0.00000 lam_n_ee_box=nan qy=+0.00005 qz=+0.00003 finished_repos=0
[DRAKE-CONTACT] step=297 n_pairs=1 ee_box_normal=0.000
[GATE-CONTACT] step=297 F_W=(+0.0000,+0.0000,+0.0000) F_on_box=(-0.0000,-0.0000,-0.0000) n_face_out=(-0.0000,-0.0000,-0.0000) A_is_ee=0 box_q=(+1.00000,-0.00002,+0.00005,+0.00003) box_p=(+0.00001,+0.00000,+0.04999) ee_p=(+0.02259,-0.07454,+0.15011)
[LATERAL] perp=76.0mm scale=50.0mm strength=1.00 shift_mm=(-0.0,+76.0)
[ADMM-C3+] primal: 10.8354->4.9571  dual: 899.5526->21.0196  mono=False  iters=25/25  rho=50.0
[ADMM-C3+] WARNING non-converged: pr=4.9571 dr=21.0196 tol=1e-03
[C3+] step=920 |u[0]|=15.38N λ_n_max=0.758 η_n_max=1.879 primal=4.957 iters=25/25 lcp_res_max=9.29e-08
[ADMIT-GUARD] step=298 admit_active=0 latch=0/0 ee_z=0.150 gate_cap=0
[ALT-GATE] step=298 target_stable=0/0 allow_descent=1
[GS-tgt] step=298 ee=(+0.022,-0.076,+0.150) p_repos=(+0.019,-0.080,+0.030) ee_to_target=0.120m target_label=prev_repos target_changed=N delta=0.000m
[GS] step=298 mode=free switch=kStayInRepos best_k=0 best_src=prev_repos curr_cost=171343.91 repos_cost=180577.85 best_other=180577.85 met_progress=Y steps_since_improve=6 switches=2
[STEP] step=298 mode=free t=2.980s ee=(+0.022,-0.076,+0.150) obj=(+0.000,+0.000,+0.050) goal_dist=0.300m switch=kStayInRepos target=(+0.021,-0.076,+0.150) ee_stride=0.000m ee_to_ptarget=0.120m landing_err=0.0000m ik_ok=Y ik_resid=0.0001m q_max_resid_deg=20.60 target_changed=Y retgt=N held_idx=1 held_cost=180577.85 won_cost=180577.85 margin=+0.00 won_src=prev_repos held_valid=Y reason=hold setpoint_to_ptarget=nanm finished_val=nanm finished_thresh=0.0200m pd_resid=nanm nextwp_to_ptarget=nanm guide_terminal_err=nanm
[GATE-EVOLVE] step=298 curr=171343.91 best_other=180577.85 ratio=0.9489 ee_to_optimal=0.0929m phi=0.0314m
[STAGE-A-TRACE] step=298 sim_t=2.980 mode=free phi=0.03145 box_xy=+0.00000,+0.00001 lam_n_ee_box=nan qy=+0.00002 qz=+0.00003 finished_repos=0
[DRAKE-CONTACT] step=298 n_pairs=1 ee_box_normal=0.000
[GATE-CONTACT] step=298 F_W=(+0.0000,+0.0000,+0.0000) F_on_box=(-0.0000,-0.0000,-0.0000) n_face_out=(-0.0000,-0.0000,-0.0000) A_is_ee=0 box_q=(+1.00000,-0.00007,+0.00002,+0.00003) box_p=(+0.00000,+0.00001,+0.05000) ee_p=(+0.02151,-0.07598,+0.15011)
[LATERAL] perp=77.4mm scale=50.0mm strength=1.00 shift_mm=(-0.0,+77.4)
[ADMM-C3+] primal: 15.9875->7.4536  dual: 1476.9849->47.5749  mono=True  iters=25/25  rho=100.0
[ADMM-C3+] WARNING non-converged: pr=7.4536 dr=47.5749 tol=1e-03
[C3+] step=923 |u[0]|=12.76N λ_n_max=0.782 η_n_max=0.993 primal=7.454 iters=25/25 lcp_res_max=8.05e-08
[ADMIT-GUARD] step=299 admit_active=0 latch=0/0 ee_z=0.150 gate_cap=0
[ALT-GATE] step=299 target_stable=0/0 allow_descent=1
[GS-tgt] step=299 ee=(+0.020,-0.077,+0.150) p_repos=(+0.019,-0.080,+0.030) ee_to_target=0.120m target_label=prev_repos target_changed=N delta=0.000m
[GS] step=299 mode=free switch=kStayInRepos best_k=0 best_src=prev_repos curr_cost=196705.48 repos_cost=202126.32 best_other=202126.32 met_progress=Y steps_since_improve=7 switches=2
[STEP] step=299 mode=free t=2.990s ee=(+0.020,-0.077,+0.150) obj=(+0.000,+0.000,+0.050) goal_dist=0.300m switch=kStayInRepos target=(+0.020,-0.078,+0.150) ee_stride=0.000m ee_to_ptarget=0.120m landing_err=0.0000m ik_ok=Y ik_resid=0.0001m q_max_resid_deg=20.79 target_changed=Y retgt=N held_idx=1 held_cost=202126.32 won_cost=202126.32 margin=+0.00 won_src=prev_repos held_valid=Y reason=hold setpoint_to_ptarget=nanm finished_val=nanm finished_thresh=0.0200m pd_resid=nanm nextwp_to_ptarget=nanm guide_terminal_err=nanm
[GATE-EVOLVE] step=299 curr=196705.48 best_other=202126.32 ratio=0.9732 ee_to_optimal=0.0947m phi=0.0321m
[STAGE-A-TRACE] step=299 sim_t=2.990 mode=free phi=0.03212 box_xy=+0.00000,+0.00000 lam_n_ee_box=nan qy=-0.00000 qz=+0.00003 finished_repos=0
[DRAKE-CONTACT] step=299 n_pairs=1 ee_box_normal=0.000
[GATE-CONTACT] step=299 F_W=(+0.0000,+0.0000,+0.0000) F_on_box=(-0.0000,-0.0000,-0.0000) n_face_out=(-0.0000,-0.0000,-0.0000) A_is_ee=0 box_q=(+1.00000,-0.00003,-0.00000,+0.00003) box_p=(+0.00000,+0.00000,+0.05000) ee_p=(+0.02043,-0.07741,+0.15010)
[LATERAL] perp=78.8mm scale=50.0mm strength=1.00 shift_mm=(+0.0,+78.8)
[ADMM-C3+] primal: 10.8345->4.9539  dual: 899.8767->20.8579  mono=False  iters=25/25  rho=50.0
[ADMM-C3+] WARNING non-converged: pr=4.9539 dr=20.8579 tol=1e-03
[C3+] step=926 |u[0]|=15.85N λ_n_max=0.759 η_n_max=1.877 primal=4.954 iters=25/25 lcp_res_max=9.33e-08
[ADMIT-GUARD] step=300 admit_active=0 latch=0/0 ee_z=0.150 gate_cap=0
[ALT-GATE] step=300 target_stable=0/0 allow_descent=1
[GS-tgt] step=300 ee=(+0.019,-0.079,+0.150) p_repos=(+0.019,-0.080,+0.030) ee_to_target=0.120m target_label=prev_repos target_changed=N delta=0.000m
[IMP] step=300 mode=free |x_err|=0.0001m |tau_imp|=0.17Nm |tau_ff|=0.00Nm |tau_out|=0.17Nm sat=False lam_n=False lam_t=False
[GS] step=300 mode=free switch=kStayInRepos best_k=0 best_src=prev_repos curr_cost=173486.02 repos_cost=182985.52 best_other=182985.52 met_progress=Y steps_since_improve=8 switches=2
[STEP] step=300 mode=free t=3.000s ee=(+0.019,-0.079,+0.150) obj=(+0.000,-0.000,+0.050) goal_dist=0.300m switch=kStayInRepos target=(+0.019,-0.079,+0.150) ee_stride=0.000m ee_to_ptarget=0.120m landing_err=0.0000m ik_ok=Y ik_resid=0.0001m q_max_resid_deg=20.99 target_changed=Y retgt=N held_idx=1 held_cost=182985.52 won_cost=182985.52 margin=+0.00 won_src=prev_repos held_valid=Y reason=hold setpoint_to_ptarget=nanm finished_val=nanm finished_thresh=0.0200m pd_resid=nanm nextwp_to_ptarget=nanm guide_terminal_err=nanm
[GATE-EVOLVE] step=300 curr=173486.02 best_other=182985.52 ratio=0.9481 ee_to_optimal=0.0965m phi=0.0328m
[STAGE-A-TRACE] step=300 sim_t=3.000 mode=free phi=0.03281 box_xy=+0.00000,-0.00000 lam_n_ee_box=nan qy=+0.00004 qz=+0.00004 finished_repos=0
[GS-table] step=300
  k=0 (current   ) pos=(+0.019,-0.079,+0.150) c_C3= 173488.51 align=0.0001(bonus=    2.50) rot=+0.0000(bonus=    0.00) travel=0.000m(pen=  0.00) c_sample= 173486.02 feas=Y ik_err=0.0000m  ← WIN
  k=1 (prev_repos) pos=(+0.019,-0.080,+0.030) c_C3= 182964.00 align=0.0001(bonus=    2.50) rot=+0.0000(bonus=    0.00) travel=0.120m(pen= 24.02) c_sample= 182985.52 feas=Y ik_err=0.0000m
  k=2 (strat_0   ) pos=(+0.015,-0.080,+0.030) c_C3= 183001.37 align=0.0001(bonus=    2.50) rot=+0.0000(bonus=    0.00) travel=0.120m(pen= 24.04) c_sample= 183022.91 feas=Y ik_err=0.0000m
[DRAKE-CONTACT] step=300 n_pairs=1 ee_box_normal=0.000
[GATE-CONTACT] step=300 F_W=(+0.0000,+0.0000,+0.0000) F_on_box=(-0.0000,-0.0000,-0.0000) n_face_out=(-0.0000,-0.0000,-0.0000) A_is_ee=0 box_q=(+1.00000,+0.00003,+0.00004,+0.00004) box_p=(+0.00000,-0.00000,+0.05000) ee_p=(+0.01935,-0.07885,+0.15010)
[LATERAL] perp=80.3mm scale=50.0mm strength=1.00 shift_mm=(-0.0,+80.3)
[ADMM-C3+] primal: 10.8340->4.9583  dual: 899.4912->21.0090  mono=False  iters=25/25  rho=50.0
[ADMM-C3+] WARNING non-converged: pr=4.9583 dr=21.0090 tol=1e-03
[C3+] step=929 |u[0]|=16.09N λ_n_max=0.758 η_n_max=1.879 primal=4.958 iters=25/25 lcp_res_max=9.29e-08
[ADMIT-GUARD] step=301 admit_active=0 latch=0/0 ee_z=0.150 gate_cap=0
[ALT-GATE] step=301 target_stable=0/0 allow_descent=1
[GS-tgt] step=301 ee=(+0.018,-0.080,+0.150) p_repos=(+0.019,-0.080,+0.030) ee_to_target=0.120m target_label=prev_repos target_changed=N delta=0.000m
[GS] step=301 mode=free switch=kStayInRepos best_k=0 best_src=prev_repos curr_cost=171771.38 repos_cost=181073.07 best_other=181073.07 met_progress=Y steps_since_improve=9 switches=2
[STEP] step=301 mode=free t=3.010s ee=(+0.018,-0.080,+0.150) obj=(+0.000,+0.000,+0.050) goal_dist=0.300m switch=kStayInRepos target=(+0.019,-0.080,+0.150) ee_stride=0.001m ee_to_ptarget=0.120m landing_err=0.0000m ik_ok=Y ik_resid=0.0001m q_max_resid_deg=21.18 target_changed=Y retgt=N held_idx=1 held_cost=181073.07 won_cost=181073.07 margin=+0.00 won_src=prev_repos held_valid=Y reason=hold setpoint_to_ptarget=nanm finished_val=nanm finished_thresh=0.0200m pd_resid=nanm nextwp_to_ptarget=nanm guide_terminal_err=nanm
[GATE-EVOLVE] step=301 curr=171771.38 best_other=181073.07 ratio=0.9486 ee_to_optimal=0.0983m phi=0.0335m
[STAGE-A-TRACE] step=301 sim_t=3.010 mode=free phi=0.03354 box_xy=+0.00000,+0.00000 lam_n_ee_box=nan qy=+0.00001 qz=+0.00004 finished_repos=0
  t=3.00s | ee=(0.018, -0.080, 0.150) | obj=(0.000, 0.000, 0.050) | |u|=50.05 Nm | goal_dist=0.300 m
[DRAKE-CONTACT] step=301 n_pairs=1 ee_box_normal=0.000
[GATE-CONTACT] step=301 F_W=(+0.0000,+0.0000,+0.0000) F_on_box=(-0.0000,-0.0000,-0.0000) n_face_out=(-0.0000,-0.0000,-0.0000) A_is_ee=0 box_q=(+1.00000,-0.00003,+0.00001,+0.00004) box_p=(+0.00000,+0.00000,+0.05000) ee_p=(+0.01828,-0.08029,+0.15010)
[C3] Simulation complete.
[GS-perf] avg_per_step_ms=639.9  full_solves=301  cheap_solves=620  switches=2
[OSC-SUMMARY] calls=301  qp_failures=0 (0.00%)  saturation=0 (0.00%)  avg_solve_ms=0.26
[RESULT] method=sampling-c3  final_obj_xy=(0.0000, 0.0000)  goal_dist=0.3000m  success=NO
