mpc_step,admm_iter,k,n_c,lam_n_EE-BOX,lam_t_norm_EE-BOX,gamma_EE-BOX,lam_n_T-VERT-0,lam_t_norm_T-VERT-0,gamma_T-VERT-0,lam_n_T-VERT-1,lam_t_norm_T-VERT-1,gamma_T-VERT-1,lam_n_T-VERT-2,lam_t_norm_T-VERT-2,gamma_T-VERT-2
0,0,0,4,0.310155,0.982285,0.000000,2.547540,1.260895,-0.000000,2.440080,1.415945,-0.000000,2.979001,1.650224,0.000000
0,0,1,4,0.146590,0.888678,-0.000000,2.452448,1.222385,-0.000000,2.441307,1.226238,-0.000000,2.916499,1.410058,0.000000
0,0,2,4,0.081127,0.837769,-0.000000,2.404255,1.131703,0.000000,2.508377,1.156984,-0.000000,2.837353,1.271657,0.000000
0,0,3,4,0.038663,0.797622,-0.000000,2.370382,1.061365,0.000000,2.551307,1.114105,-0.000000,2.762762,1.190531,0.000000
0,0,4,4,0.006237,0.761999,0.000000,2.333456,1.010874,-0.000000,2.565544,1.085778,-0.000000,2.694555,1.133147,-0.000000
0,0,5,4,0.000000,0.735398,-0.000000,2.290998,0.970959,-0.000000,2.561933,1.063144,-0.000000,2.625612,1.086165,0.000000
0,0,6,4,0.000000,0.710046,0.000000,2.242327,0.935810,-0.000000,2.542477,1.041698,0.000000,2.554412,1.044826,-0.000000
0,0,7,4,0.000000,0.683432,-0.000000,2.186813,0.902574,0.000000,2.507868,1.018999,0.000000,2.479542,1.006385,-0.000000
0,0,8,4,0.000000,0.655083,-0.000000,2.123611,0.869499,-0.000000,2.458419,0.993511,-0.000000,2.399393,0.968783,-0.000000
0,0,9,4,0.000000,0.624450,0.000000,2.051728,0.835234,0.000000,2.393928,0.964072,-0.000000,2.312412,0.930436,0.000000
0,0,10,4,0.000000,0.590961,0.000000,1.970023,0.798657,-0.000000,2.313797,0.929731,-0.000000,2.217003,0.890045,-0.000000
0,0,11,4,0.000000,0.554009,-0.000000,1.877175,0.758771,-0.000000,2.217062,0.889624,0.000000,2.111451,0.846465,-0.000000
0,0,12,4,0.000000,0.512918,-0.000000,1.771617,0.714616,-0.000000,2.102347,0.842885,0.000000,1.993830,0.798616,0.000000
0,0,13,4,0.000000,0.466894,-0.000000,1.651411,0.665185,-0.000000,1.967748,0.788542,0.000000,1.861857,0.745374,-0.000000
0,0,14,4,0.000000,0.414936,0.000000,1.513999,0.609292,-0.000000,1.810546,0.725371,-0.000000,1.712597,0.685427,-0.000000
0,0,15,4,0.000000,0.355638,0.000000,1.355689,0.545343,-0.000000,1.626620,0.651639,-0.000000,1.541874,0.617020,-0.000000
0,0,16,4,0.000000,0.286800,-0.000000,1.170565,0.470886,-0.000000,1.409194,0.564590,0.000000,1.342999,0.537430,0.000000
0,0,17,4,0.000000,0.204641,0.000000,0.948193,0.381649,0.000000,1.146251,0.459390,-0.000000,1.104018,0.441856,-0.000000
0,0,18,4,0.000000,0.102842,0.000000,0.668950,0.269598,-0.000000,0.815524,0.327085,-0.000000,0.801818,0.320998,-0.000000
0,0,19,4,0.028238,0.034655,-0.000000,0.294240,0.119136,-0.000000,0.376106,0.151333,0.000000,0.390034,0.156132,0.000000
0,1,0,4,2.419867,0.916835,0.799648,2.600278,0.030136,0.000000,3.200250,4.521350,0.000001,3.919926,6.853473,0.000000
0,1,1,4,2.695228,0.962687,0.867066,2.060026,1.953493,0.000000,4.142961,6.033663,0.000001,3.791953,4.769331,0.000000
0,1,2,4,2.699135,1.008068,0.860784,2.615035,2.667415,0.000000,4.937817,6.836464,0.000001,4.044302,4.474911,0.000000
0,1,3,4,2.629694,1.046425,0.847209,2.882503,2.720269,0.000000,5.209358,7.164414,0.000001,4.386661,5.027588,0.000000
0,1,4,4,2.522577,1.089228,0.826878,3.043826,2.146951,0.000000,5.282485,7.357945,0.000001,4.718315,5.601036,0.000000
0,1,5,4,2.411011,1.139945,0.780498,3.166321,1.564720,0.000000,5.326084,7.560428,0.000001,5.016341,6.229650,0.000000
0,1,6,4,2.275951,1.189250,0.725859,3.325479,1.066611,0.000000,5.462752,7.806224,0.000001,5.343172,6.810429,0.000000
0,1,7,4,2.124213,1.227643,0.667241,3.556518,0.563384,0.000000,5.726625,8.130371,0.000001,5.700656,7.303491,0.000000
0,1,8,4,1.984346,1.262534,0.603102,3.798162,0.245911,0.000000,6.050618,8.505151,0.000001,6.092774,7.769752,0.000000
0,1,9,4,1.841572,1.296239,0.532084,4.156769,0.198805,0.000000,6.459012,8.942375,0.000001,6.526061,8.218324,0.000000
0,1,10,4,1.718790,1.314548,0.452854,4.559869,0.154191,0.000000,6.940827,9.433166,0.000001,7.008951,8.675323,0.000000
0,1,11,4,1.609803,1.320735,0.363985,5.002235,0.109943,0.000000,7.493902,9.976361,0.000001,7.551704,9.163506,0.000000
0,1,12,4,1.505591,1.319545,0.263861,5.499949,0.058955,0.000000,8.126958,10.578891,0.000001,8.166938,9.700221,0.000000
0,1,13,4,1.403334,1.308293,0.150541,6.066716,0.000000,0.000000,8.853474,11.250737,0.000001,8.870174,10.303524,0.000000
0,1,14,4,1.300533,1.282468,0.021491,6.745070,0.000000,0.000000,9.684320,11.999318,0.000001,9.686422,11.002168,0.000000
0,1,15,4,1.233386,1.227556,0.000000,7.556183,0.000000,0.000000,10.706652,12.893539,0.000001,10.695305,11.880598,0.000000
0,1,16,4,1.130013,1.200973,0.000000,8.520825,0.000000,0.000000,11.923942,13.924373,0.000001,11.921069,12.934931,0.000000
0,1,17,4,0.967966,1.189066,0.049086,9.689081,0.000000,0.000000,13.384832,15.112648,0.000001,13.408038,14.182977,0.000000
0,1,18,4,0.783572,1.000024,0.278902,11.165320,0.000000,0.000000,15.197347,16.513906,0.000001,15.180775,15.611943,0.000000
0,1,19,4,0.572892,0.732743,0.553703,13.111172,0.000000,0.000000,17.691269,18.358736,0.000001,17.617363,17.489993,0.000000
0,2,0,4,5.054994,1.014661,-0.000000,4.550646,1.390580,0.000000,6.797526,6.128700,0.000000,6.577281,5.509495,0.000000
0,2,1,4,5.263495,1.120544,-0.000000,5.234442,4.188966,0.000000,10.125223,9.109931,0.000001,7.313689,3.290859,-0.000000
0,2,2,4,5.083074,1.254830,-0.000000,5.371406,3.342820,-0.000000,10.053664,9.169783,0.000000,8.119312,5.439522,0.000000
0,2,3,4,4.617590,1.294152,-0.000000,4.928936,0.000000,-0.000000,8.700250,7.896262,0.000000,8.021177,5.930619,0.000000
0,2,4,4,4.155043,1.315587,0.000000,4.464333,0.314302,0.000000,7.668740,6.835482,0.000000,7.405964,5.774495,0.000000
0,2,5,4,3.837834,1.301406,-0.000000,3.902552,0.380346,0.000000,6.959299,5.965271,0.000000,6.745586,4.919408,0.000000
0,2,6,4,3.541368,1.242013,-0.000000,3.509274,0.000000,-0.000000,6.463230,5.245608,0.000000,6.070941,3.931094,0.000000
0,2,7,4,3.261768,1.134708,0.000000,2.985089,0.571779,-0.000000,5.800178,4.356241,0.000000,5.223887,2.988767,0.000000
0,2,8,4,2.923968,0.992459,-0.000000,2.600129,2.023399,0.000000,4.917605,3.238588,0.000000,4.175479,2.325145,0.000000
0,2,9,4,2.544293,0.894658,0.000000,2.073192,2.639155,0.000000,3.751581,1.940608,0.000001,3.152433,1.422265,0.000000
0,2,10,4,2.170365,0.840968,-0.000000,1.340920,2.008243,0.000000,2.299453,0.386653,0.000001,2.445656,0.000000,0.000000
0,2,11,4,1.859032,0.627816,-0.000000,0.108158,1.092856,0.000001,0.995898,0.000000,0.000001,1.048721,0.000000,-0.000000
0,2,12,4,1.499254,0.432878,0.000000,-0.000000,0.768458,0.072189,0.111317,0.000000,0.118978,0.083382,0.000000,0.121010
0,2,13,4,1.266831,0.454433,-0.000000,-0.000000,0.871129,0.117396,0.015859,0.000000,0.234429,-0.000000,0.000000,0.206145
0,2,14,4,1.162790,0.567467,0.000000,-0.000000,0.986326,0.121487,0.052681,0.000000,0.237007,-0.000000,0.000000,0.164406
0,2,15,4,1.102480,0.561620,0.097107,-0.000000,1.147805,0.122326,0.020582,0.000000,0.237211,-0.000000,0.000000,0.133045
0,2,16,4,1.051285,0.551924,0.350904,-0.000000,1.361632,0.138298,-0.000000,0.000000,0.237270,-0.000000,0.000000,0.111464
0,2,17,4,1.012080,0.562682,0.716145,-0.000000,1.644719,0.159736,-0.000000,0.000000,0.236182,-0.000000,0.000000,0.092217
0,2,18,4,1.026294,0.681574,0.839366,-0.000000,2.027668,0.179529,-0.000000,0.000000,0.235327,-0.000000,0.000000,0.072473
0,2,19,4,1.190947,0.948428,0.959523,-0.000000,2.575858,0.193099,0.000000,0.000000,0.236203,-0.000000,0.000000,0.053507
0,3,0,4,7.040664,0.833291,0.000000,5.254209,3.847708,0.000000,9.869419,8.915213,0.000000,6.886799,4.044579,0.000000
0,3,1,4,6.643130,0.830332,0.000000,1.480463,1.422967,0.043670,6.421879,5.907143,0.103230,3.055729,3.210800,0.106240
0,3,2,4,5.371211,0.255607,0.000000,-0.000000,0.430872,0.476481,1.259914,0.802755,0.144651,0.631817,0.661558,0.413177
0,3,3,4,4.443062,0.230021,0.000000,-0.000000,1.377823,0.809883,0.189356,0.213539,0.458279,-0.000000,0.000000,0.504318
0,3,4,4,3.708209,0.347137,-0.000000,-0.000000,1.351583,0.437616,0.130449,0.097875,0.585693,-0.000000,0.000000,0.552089
0,3,5,4,3.346818,0.374035,0.000000,-0.000000,1.237176,0.190606,0.226809,0.147393,0.645016,-0.000000,0.000000,0.662147
0,3,6,4,3.314894,0.388408,0.000000,-0.000000,1.239031,0.098354,0.493096,0.164157,0.509931,0.273140,0.282845,0.520132
0,3,7,4,3.572720,0.522430,0.000000,-0.000000,1.224508,0.080279,1.653024,1.678682,0.193801,0.733656,1.082796,0.196126
0,3,8,4,3.705487,0.770458,0.000000,1.045820,2.045524,0.000000,3.149115,3.468623,0.000001,2.094344,0.000000,0.000000
0,3,9,4,3.632442,1.022746,-0.000000,2.348039,2.812670,0.000000,4.707137,5.319499,0.000001,3.841431,2.854253,-0.000000
0,3,10,4,3.489648,1.206628,0.000000,4.175460,0.000000,0.000000,7.215262,8.229506,0.000000,6.658177,5.979915,0.000000
0,3,11,4,3.418036,1.336448,-0.000000,5.908346,0.892178,-0.000000,10.329981,10.809934,0.000000,9.147688,7.232128,0.000000
0,3,12,4,3.255284,1.188555,-0.000000,8.843097,0.560456,0.000000,13.086114,12.843272,-0.000000,12.093181,9.744371,0.000000
0,3,13,4,3.157443,1.351505,0.000000,10.093727,1.003174,0.000000,15.119646,15.162340,0.000000,14.095961,12.010601,0.000000
0,3,14,4,3.130952,1.445800,0.000000,10.676490,0.889289,0.000000,15.970478,16.236137,0.000000,15.029091,13.196557,-0.000000
0,3,15,4,3.053917,1.434817,0.000000,10.896505,0.707727,0.000000,16.126175,16.442507,-0.000000,15.314965,13.603216,-0.000000
0,3,16,4,2.910453,1.351779,-0.000000,11.010889,0.547075,-0.000000,16.107270,16.399059,-0.000000,15.368053,13.665615,0.000000
0,3,17,4,2.707980,1.220240,0.000000,11.111003,0.424717,-0.000000,16.044430,16.261234,-0.000000,15.316797,13.552200,-0.000000
0,3,18,4,2.475167,1.050217,-0.000000,11.248156,0.355729,-0.000000,16.008256,16.096971,0.000000,15.223608,13.302893,-0.000000
0,3,19,4,2.029811,0.833521,-0.000000,11.461817,0.216729,-0.000000,16.025233,15.936193,0.000000,15.154075,12.962541,-0.000000
0,4,0,4,9.710520,0.892177,0.000000,-0.000000,2.178921,0.000000,4.371936,5.531609,0.000001,1.577195,2.271401,0.000000
0,4,1,4,8.047826,0.610600,0.000000,-0.000000,1.738560,0.237029,0.356779,0.590944,0.150749,0.000000,0.600828,0.158697
0,4,2,4,7.365390,0.431238,-0.000000,-0.000000,0.960377,0.000000,1.573306,2.494289,-0.000000,0.784475,1.755676,-0.000000
0,4,3,4,7.468474,0.754429,0.000000,3.773663,4.229796,0.000000,8.156755,9.454395,0.000000,5.853103,4.779959,0.000000
0,4,4,4,7.168047,1.064079,-0.000000,7.528912,6.344010,0.000000,13.287928,14.914396,0.000000,9.718499,7.874658,-0.000000
0,4,5,4,6.998180,1.113563,0.000000,9.350744,7.917514,-0.000000,16.010463,18.110082,-0.000000,11.767228,9.717845,-0.000000
0,4,6,4,6.903729,1.208995,-0.000000,10.172134,8.069202,0.000000,17.793927,20.550833,0.000000,13.280543,11.211614,-0.000000
0,4,7,4,6.647780,1.538480,0.000000,10.665099,7.058635,0.000000,18.858961,21.335705,0.000000,14.750480,12.455959,0.000000
0,4,8,4,6.236344,1.566281,0.000000,10.299454,2.028658,-0.000000,17.724492,20.038356,0.000000,15.527879,14.885405,0.000000
0,4,9,4,5.609440,1.606365,0.000000,9.464817,0.000000,0.000000,15.058033,16.827261,0.000000,14.223899,14.216668,0.000000
0,4,10,4,5.261156,1.656616,0.000000,5.062763,0.113209,-0.000000,10.253955,11.462841,0.000000,9.481379,8.942228,0.000000
0,4,11,4,4.830983,1.391148,-0.000000,-0.000000,0.583285,0.000000,3.148058,3.304044,0.000000,2.341294,2.075535,0.000000
0,4,12,4,3.991624,0.757242,0.000000,-0.000000,1.490562,0.145494,-0.000000,0.087270,0.084774,0.000000,0.000000,0.068864
0,4,13,4,3.556437,0.825686,-0.000000,-0.000000,2.140592,0.302031,-0.000000,0.000000,0.367258,0.000000,0.000000,0.084132
0,4,14,4,3.410385,0.934437,0.000000,-0.000000,2.390116,0.392579,-0.000000,0.000000,0.486884,0.000000,0.000000,0.042417
0,4,15,4,3.273668,1.013564,-0.000000,-0.000000,2.387484,0.423600,-0.000000,0.000000,0.540607,0.000000,0.000000,0.066012
0,4,16,4,3.087295,1.057764,0.000000,-0.000000,2.281275,0.390223,-0.000000,0.000000,0.543877,0.000000,0.000000,0.093865
0,4,17,4,2.900400,1.105196,-0.000000,-0.000000,2.150584,0.342242,0.000000,0.000000,0.510384,-0.000000,0.000000,0.100169
0,4,18,4,2.745476,1.155829,-0.000000,-0.000000,2.003083,0.301587,0.000000,0.000000,0.453813,-0.000000,0.068156,0.096659
0,4,19,4,2.474474,1.371676,-0.000000,-0.000000,1.907029,0.251887,0.000000,0.178108,0.362609,-0.000000,0.148542,0.123335
0,5,0,4,12.465546,1.870129,0.000000,2.114186,1.521351,0.000000,7.248714,7.396434,0.000001,3.342336,1.766224,0.000000
0,5,1,4,11.632419,1.251515,-0.000000,7.141490,4.501848,-0.000000,12.337909,13.297840,0.000000,7.523053,5.058134,-0.000000
0,5,2,4,11.121132,1.079300,-0.000000,12.958733,8.316392,-0.000000,22.588881,22.411181,0.000000,14.363642,3.633611,-0.000000
0,5,3,4,10.741050,1.046996,0.000000,12.950825,8.672136,-0.000000,23.476067,22.496064,-0.000000,15.161325,4.980142,-0.000000
0,5,4,4,9.540845,0.721164,-0.000000,3.002747,1.493863,-0.000000,11.016677,10.218513,0.000000,7.094768,2.551445,0.000000
0,5,5,4,7.453454,0.309732,0.000000,-0.000000,0.994952,0.372810,0.641338,0.545725,0.043647,-0.000000,0.000000,0.052185
0,5,6,4,6.821360,0.565601,-0.000000,-0.000000,1.509872,1.595446,0.302088,0.381005,0.494388,-0.000000,0.000000,0.440663
0,5,7,4,6.659282,0.833793,0.000000,-0.000000,1.750467,2.001639,0.695206,0.882840,0.551737,0.111676,0.000000,0.604563
0,5,8,4,6.504149,1.032641,-0.000000,-0.000000,2.576463,2.112220,0.668336,0.600895,0.767473,0.122825,0.000000,0.739822
0,5,9,4,5.752094,1.299220,0.000000,-0.000000,2.362431,1.437996,0.470884,0.405109,0.762669,0.166712,0.000000,0.295893
0,5,10,4,5.056758,1.393162,0.000000,-0.000000,1.945789,0.693271,0.783266,0.694214,0.787273,0.394329,0.000000,0.360670
0,5,11,4,4.545447,0.895667,0.000000,-0.000000,0.986496,0.318701,1.014994,1.050979,0.679999,0.452722,0.000000,0.536289
0,5,12,4,4.127996,0.502133,0.000000,-0.000000,1.532124,0.058815,0.015756,0.381416,0.261423,-0.000000,0.023262,0.272639
0,5,13,4,4.965446,0.784140,-0.000000,3.628783,4.885392,0.000000,7.597668,6.446597,-0.000000,4.851053,3.195596,0.000000
0,5,14,4,5.423704,1.031612,0.000000,7.507470,5.403305,-0.000000,13.019744,11.844501,0.000000,9.589701,6.560421,0.000000
0,5,15,4,5.591529,1.001982,-0.000000,8.979695,4.888440,0.000000,15.471989,14.492663,-0.000000,11.856302,8.099598,0.000000
0,5,16,4,5.474788,0.983868,-0.000000,9.469155,4.686687,-0.000000,16.372392,15.646514,-0.000000,12.689969,8.816835,0.000000
0,5,17,4,5.234824,0.943260,-0.000000,9.593623,4.623664,-0.000000,16.592955,16.118088,-0.000000,12.893705,9.115665,-0.000000
0,5,18,4,4.893480,0.828765,-0.000000,9.604673,4.631603,0.000000,16.617325,16.378009,-0.000000,12.915041,9.304906,0.000000
0,5,19,4,3.890660,0.767749,-0.000000,9.551107,4.179854,-0.000000,16.600298,16.504961,0.000000,13.156614,9.593270,-0.000000
0,6,0,4,15.209241,2.890345,0.000000,4.194645,0.000000,-0.000000,11.723786,11.747734,0.008830,4.977267,3.735933,0.009010
0,6,1,4,13.689009,2.016507,0.000000,3.091035,0.000000,0.000000,10.909205,10.737521,0.352438,4.634589,4.279856,0.357008
0,6,2,4,10.881510,1.695375,-0.000000,-0.000000,1.475822,0.377869,1.583255,0.894321,1.183222,-0.000000,1.593711,1.087323
0,6,3,4,10.529941,0.383245,0.000000,-0.000000,2.007174,2.216139,0.446970,1.672545,0.899368,-0.000000,1.276249,1.004268
0,6,4,4,10.122226,0.989120,0.000000,-0.000000,2.340269,2.883793,1.449059,2.747361,0.858509,0.039022,0.316813,0.834833
0,6,5,4,7.947830,0.664305,0.000000,-0.000000,1.023677,1.303973,0.613646,1.313712,0.387955,0.000000,0.000000,0.359217
0,6,6,4,7.423162,1.033741,0.000000,-0.000000,0.000000,0.000000,1.292387,0.499473,-0.000000,0.267372,0.676914,0.000000
0,6,7,4,9.022981,1.383672,0.000000,4.603429,3.847515,-0.000000,10.381680,9.782869,0.000000,6.709935,2.100250,-0.000000
0,6,8,4,9.440375,1.851375,0.000000,8.140440,6.196583,-0.000000,14.928289,14.613454,-0.000000,9.217613,2.718454,0.000000
0,6,9,4,8.950594,1.765739,0.000000,9.068952,6.870100,-0.000000,17.423888,17.176678,0.000000,10.980636,3.706889,-0.000000
0,6,10,4,8.379942,1.364681,0.000000,10.778499,7.921641,-0.000000,19.521665,19.326415,-0.000000,12.325435,3.691231,0.000000
0,6,11,4,7.834167,0.955036,-0.000000,12.796086,8.916569,-0.000000,21.607311,21.586250,-0.000000,14.756411,6.450451,-0.000000
0,6,12,4,7.477294,0.982678,-0.000000,10.692657,8.183165,0.000000,18.980279,18.153207,0.000000,13.499420,7.362151,-0.000000
0,6,13,4,7.654721,1.044767,-0.000000,11.163253,7.787406,-0.000000,20.427064,20.699530,0.000000,15.242769,11.871923,0.000000
0,6,14,4,7.097691,0.705923,-0.000000,2.531078,0.000000,-0.000000,7.204080,6.992725,0.000000,5.331297,4.384219,0.000000
0,6,15,4,6.223542,0.149796,0.000000,-0.000000,1.071241,0.287535,0.095396,1.407731,-0.000000,-0.000000,0.000000,0.015817
0,6,16,4,5.652848,0.074325,0.000000,-0.000000,1.538700,1.302530,0.027211,0.243211,0.683157,-0.000000,0.000000,0.358630
0,6,17,4,5.313123,0.106517,-0.000000,-0.000000,1.479744,1.611416,0.281552,0.529730,0.935784,0.000000,0.000000,0.644000
0,6,18,4,4.976075,0.182874,0.000000,-0.000000,1.534325,1.787465,0.000000,0.484190,1.128630,-0.000000,0.000000,0.855275
0,6,19,4,4.166216,0.374909,-0.000000,-0.000000,1.293726,1.828506,0.000000,0.384674,1.231735,-0.000000,0.000000,1.092552
0,7,0,4,17.152250,3.687612,0.000000,1.957934,1.626508,-0.000000,9.751778,9.755804,0.388997,3.489985,3.375352,0.396970
0,7,1,4,14.000774,2.909616,0.000000,-0.000000,2.776996,-0.000000,2.770529,2.222240,0.675059,-0.000000,0.387291,0.688895
0,7,2,4,11.490771,1.622859,0.000000,-0.000000,1.696749,-0.000000,0.693724,0.801945,0.043211,-0.000000,0.687729,0.037780
0,7,3,4,12.813701,1.773092,0.000000,4.060060,0.000000,0.000000,8.009294,7.757096,-0.000000,2.818445,5.405674,0.000000
0,7,4,4,13.407813,2.254085,0.000000,10.103825,6.433926,0.000000,19.545212,20.277206,-0.000000,9.180940,5.871441,-0.000000
0,7,5,4,11.658054,1.345046,-0.000000,10.760317,7.768511,0.000000,22.020496,22.146354,0.000000,12.554117,4.727706,0.000000
0,7,6,4,11.572644,1.443847,-0.000000,13.828621,7.651504,0.000000,25.388318,25.840999,0.000000,15.509343,2.704242,-0.000000
0,7,7,4,12.560525,1.116035,-0.000000,12.252848,8.512292,-0.000000,24.007045,24.016360,0.000000,14.791445,5.126790,-0.000000
0,7,8,4,11.957044,1.321049,0.000000,0.008046,0.260280,0.000000,7.690332,7.470406,-0.000000,2.866961,3.618564,-0.000000
0,7,9,4,8.890299,0.717532,0.000000,-0.000000,1.021240,0.298069,0.469514,1.470079,0.195881,-0.000000,0.616452,0.706842
0,7,10,4,8.381078,0.243515,0.000000,-0.000000,1.204523,2.071174,0.745402,1.054591,0.559491,-0.000000,1.247417,0.514813
0,7,11,4,8.013466,0.445826,-0.000000,-0.000000,1.377247,3.026490,1.124964,1.345797,1.099678,-0.000000,1.512272,1.135345
0,7,12,4,7.982969,0.554677,-0.000000,-0.000000,0.700463,3.398357,1.495193,2.487836,1.604695,-0.000000,1.965427,1.567703
0,7,13,4,7.440178,0.604749,0.000000,-0.000000,1.261321,3.281930,0.725491,2.253473,1.431972,-0.000000,0.227749,1.543623
0,7,14,4,7.284542,0.688911,0.000000,-0.000000,1.289869,2.412477,1.365579,2.504570,1.181896,-0.000000,0.313003,1.398459
0,7,15,4,5.920369,0.000000,0.000000,-0.000000,1.004657,0.791337,0.000000,0.682330,0.755217,-0.000000,0.311221,0.017999
0,7,16,4,5.599428,0.136236,-0.000000,-0.000000,1.274671,-0.000000,0.851367,0.836836,0.000000,-0.000000,0.976926,0.000000
0,7,17,4,6.468800,0.448058,-0.000000,5.151722,4.331298,-0.000000,10.041316,9.790426,0.000000,6.476638,1.382868,-0.000000
0,7,18,4,6.868120,0.677120,-0.000000,7.967314,6.323760,0.000000,14.433914,14.116487,-0.000000,9.212183,4.134135,0.000000
0,7,19,4,5.844527,0.592076,-0.000000,8.093352,7.164659,-0.000000,16.346971,16.322347,-0.000000,10.581118,6.057708,-0.000000
0,8,0,4,18.298402,4.323765,-0.000000,2.494102,1.130104,0.000000,10.014190,9.937199,0.480945,3.341258,3.144416,0.490803
0,8,1,4,15.331471,3.478793,0.000000,2.986873,0.000000,0.000000,7.923895,8.579222,0.654580,2.015814,1.862516,0.667997
0,8,2,4,14.944395,2.908370,-0.000000,7.954157,1.746535,-0.000000,15.897222,17.623128,0.578065,7.085990,7.210189,0.589913
0,8,3,4,16.136049,3.057928,0.000000,11.040018,4.307624,-0.000000,21.669742,21.987606,0.286552,9.842815,9.291575,0.240028
0,8,4,4,15.479161,3.085217,-0.000000,3.552083,0.000000,0.000000,13.110180,12.355413,-0.000000,4.557127,6.340049,0.000000
0,8,5,4,11.518702,1.816845,-0.000000,-0.000000,1.143965,0.916794,1.524405,1.308435,0.755129,-0.000000,1.419045,0.573438
0,8,6,4,11.811793,1.630908,-0.000000,-0.000000,1.998015,3.001727,1.782656,1.211327,1.731693,-0.000000,2.730238,0.488009
0,8,7,4,12.744165,1.494790,0.000000,-0.000000,2.609245,3.875401,1.888621,2.507275,1.686243,-0.000000,2.966079,1.070251
0,8,8,4,12.696980,1.602310,0.000000,-0.000000,2.306889,3.132370,3.275654,3.701421,1.415705,0.549910,1.170862,1.379765
0,8,9,4,8.687990,0.941036,0.000000,-0.000000,1.350864,1.246869,0.201153,0.799931,0.555244,-0.000000,0.967161,0.000000
0,8,10,4,8.520201,0.687911,0.000000,-0.000000,0.000000,0.000000,2.194468,1.181106,-0.000000,-0.000000,2.596554,-0.000000
0,8,11,4,9.899299,0.789327,0.000000,5.244176,3.729635,-0.000000,11.124129,11.613447,-0.000000,6.355973,2.423507,0.000000
0,8,12,4,10.458114,0.827685,-0.000000,8.038336,4.791130,-0.000000,16.226129,16.063404,-0.000000,10.065979,2.107055,-0.000000
0,8,13,4,10.116566,1.038281,-0.000000,8.682850,5.164765,-0.000000,15.896606,15.381567,-0.000000,9.393851,4.011497,0.000000
0,8,14,4,10.043586,1.040509,0.000000,12.212052,8.366741,0.000000,21.856341,21.657116,0.000000,13.047687,5.928375,-0.000000
0,8,15,4,8.826474,0.573448,0.000000,10.108542,7.953290,-0.000000,18.990185,17.329803,-0.000000,12.313585,6.470298,-0.000000
0,8,16,4,8.853593,0.839985,-0.000000,12.709590,9.139257,0.000000,23.107706,23.235411,0.000000,14.760646,5.889435,0.000000
0,8,17,4,9.120411,0.945852,0.000000,9.966620,7.666966,-0.000000,20.689813,20.586078,0.000000,14.084943,10.539669,0.000000
0,8,18,4,8.014706,0.414085,0.000000,-0.000000,0.000000,-0.000000,3.709077,3.508126,0.000000,2.109052,3.677455,-0.000000
0,8,19,4,5.768173,0.000000,0.000000,-0.000000,0.000000,0.566257,0.000000,0.688115,-0.000000,-0.000000,0.183104,-0.000000
0,9,0,4,18.748438,4.601584,-0.000000,4.235165,0.576427,-0.000000,11.912252,11.395818,0.554595,4.281905,4.325892,0.565962
0,9,1,4,15.554977,3.422978,-0.000000,4.454349,0.000000,0.000000,10.568104,10.427054,1.037025,3.642462,4.186199,1.058280
0,9,2,4,14.543065,2.656425,-0.000000,2.283677,1.326752,0.000000,9.161018,9.329361,1.177414,3.304597,5.072335,1.201547
0,9,3,4,13.910545,2.593016,0.000000,-0.000000,3.271143,0.349563,1.527520,2.669232,0.928082,-0.000000,0.786821,0.989628
0,9,4,4,13.601692,2.057111,-0.000000,-0.000000,3.176153,1.858590,1.825599,1.862162,1.251687,-0.000000,0.409017,0.767391
0,9,5,4,10.858460,1.409178,0.000000,-0.000000,1.981432,1.009771,0.621039,1.201472,0.381299,-0.000000,1.070377,0.263295
0,9,6,4,12.186686,1.860208,-0.000000,-0.000000,0.000000,-0.000000,3.953816,3.426360,-0.000000,0.017167,3.768107,0.203999
0,9,7,4,14.696432,2.611500,0.000000,5.412414,0.000000,0.000000,12.145145,12.050534,0.000000,4.669744,7.250884,-0.000000
0,9,8,4,15.151268,2.851762,0.000000,10.509406,5.410389,-0.000000,22.801517,23.346632,0.000000,9.757813,9.714239,0.000000
0,9,9,4,11.950416,1.916943,-0.000000,9.113147,7.180278,-0.000000,18.913127,18.315056,-0.000000,8.889201,8.166937,-0.000000
0,9,10,4,12.420899,1.725706,0.000000,13.257962,8.790666,-0.000000,25.244142,26.522589,-0.000000,13.590464,5.203909,0.000000
0,9,11,4,12.941146,1.558076,-0.000000,11.371016,7.837406,-0.000000,23.219313,23.183939,-0.000000,13.695116,6.707959,0.000000
0,9,12,4,12.119496,1.589883,-0.000000,-0.000000,0.000000,-0.000000,6.954312,6.597952,0.000000,1.871472,3.667310,-0.000000
0,9,13,4,9.089383,0.736368,-0.000000,-0.000000,1.683542,-0.000000,0.344751,0.594491,0.000000,-0.000000,0.094675,0.087543
0,9,14,4,8.696854,0.161581,0.000000,-0.000000,1.923393,0.896749,0.629873,0.566292,0.545748,-0.000000,0.833620,-0.000000
0,9,15,4,8.419695,0.192463,-0.000000,-0.000000,0.758103,2.526846,1.215890,1.943195,0.822011,-0.000000,1.407958,1.220356
0,9,16,4,8.185807,0.162549,0.000000,-0.000000,0.903796,3.013221,1.380422,1.942354,1.194297,-0.000000,2.279354,1.286036
0,9,17,4,8.498894,0.150331,0.000000,-0.000000,1.241423,3.555046,0.926041,2.508237,1.487314,-0.000000,1.185890,1.705074
0,9,18,4,8.108795,0.223089,0.000000,-0.000000,0.010079,2.509374,1.696272,2.732951,1.304513,0.131978,0.729997,1.520004
0,9,19,4,5.022379,0.092467,0.000000,-0.000000,0.000000,0.533686,0.000000,0.217352,0.700966,-0.000000,0.726985,0.000000
0,10,0,4,18.681052,4.556280,-0.000000,2.808678,2.199334,-0.000000,9.650755,10.123662,0.542594,2.868845,3.706611,0.553715
0,10,1,4,13.910710,2.584007,0.000000,-0.000000,2.029436,0.000000,3.422530,3.675502,0.953529,0.052018,0.978732,0.973073
0,10,2,4,12.368771,1.923833,0.000000,-0.000000,4.211139,0.000000,1.119874,0.688682,0.756571,0.000000,0.000000,0.774055
0,10,3,4,12.111472,1.741104,-0.000000,-0.000000,0.000000,-0.000000,1.254450,0.000000,0.496269,-0.000000,0.000000,0.463917
0,10,4,4,15.140158,3.024562,-0.000000,7.073615,1.227244,0.000000,14.287690,15.347567,0.149896,5.513677,6.382409,0.694956
0,10,5,4,15.172473,3.044917,0.000000,8.679810,5.789649,-0.000000,21.128033,19.870502,0.342561,9.150064,12.829295,0.581958
0,10,6,4,18.816215,4.378387,0.000000,15.607711,6.661049,0.000000,32.326193,33.883788,-0.000000,15.081949,12.747746,0.089605
0,10,7,4,20.052812,5.084265,0.000000,11.686442,0.668779,0.000000,25.280284,25.978788,0.000000,10.991134,10.827565,-0.000000
0,10,8,4,15.439523,3.627650,-0.000000,-0.000000,0.000000,-0.000000,5.154786,3.604099,0.000000,-0.000000,1.280625,0.000000
0,10,9,4,10.828125,1.321094,-0.000000,-0.000000,0.949429,2.831578,0.371461,0.135345,1.316284,-0.000000,0.796502,0.818493
0,10,10,4,11.167816,1.314910,0.000000,-0.000000,2.803613,4.594118,1.386053,0.571011,2.059646,-0.000000,2.181659,1.598350
0,10,11,4,12.249908,1.159028,-0.000000,-0.000000,4.038714,5.183281,1.558145,0.465631,2.059492,-0.000000,5.847916,1.994321
0,10,12,4,12.298175,1.310242,0.000000,-0.000000,2.730494,2.830247,2.813824,2.245260,1.526614,-0.000000,0.169909,1.498934
0,10,13,4,7.001512,0.370654,-0.000000,-0.000000,0.110391,0.353734,-0.000000,0.000000,0.434150,-0.000000,0.892174,0.000000
0,10,14,4,7.607570,0.217828,0.000000,-0.000000,0.000000,0.000000,1.278592,0.000000,0.000000,-0.000000,2.489481,-0.000000
0,10,15,4,9.919019,0.750317,0.000000,6.263062,4.293215,-0.000000,13.343554,13.544161,-0.000000,7.601899,0.000000,-0.000000
0,10,16,4,10.834403,0.668435,0.000000,9.551036,4.175811,0.000000,18.267231,18.204139,0.000000,11.692911,2.156350,0.000000
0,10,17,4,11.714845,1.162093,-0.000000,11.052931,5.629238,0.000000,19.760082,18.722736,0.000000,11.895584,2.561756,0.000000
0,10,18,4,11.745759,1.326670,0.000000,16.830132,11.225949,-0.000000,33.887965,34.269561,0.000000,21.012694,7.254543,-0.000000
0,10,19,4,7.854493,1.074652,0.000000,9.451587,8.203431,-0.000000,22.322345,19.770905,-0.000000,15.271706,9.691048,0.000000
0,11,0,4,18.367553,4.439863,-0.000000,3.476558,1.187145,0.000000,8.991141,9.198701,0.459713,2.608403,2.542255,0.469135
0,11,1,4,13.658700,2.409542,0.000000,2.282607,0.000000,-0.000000,7.199787,7.624692,0.316023,2.364544,1.823681,0.322500
0,11,2,4,13.937296,2.541527,0.000000,5.674894,0.000000,0.000000,12.328933,13.446850,-0.000000,5.277069,3.801007,-0.000000
0,11,3,4,15.049517,3.156204,0.000000,8.060488,3.964301,0.000000,16.950454,17.421993,0.153119,7.153118,7.188065,0.156257
0,11,4,4,17.063481,3.697747,-0.000000,13.584312,3.422113,0.000000,25.366952,25.466538,0.586894,12.128959,12.052901,0.598923
0,11,5,4,14.704235,3.128136,0.000000,-0.000000,0.000000,-0.000000,8.574820,8.805819,0.977783,2.247355,4.676298,1.016051
0,11,6,4,16.063976,3.762211,-0.000000,-0.000000,3.187551,0.123705,3.033729,3.798805,1.057475,-0.000000,2.680021,1.817911
0,11,7,4,17.567846,3.440983,-0.000000,-0.000000,4.251557,1.005033,3.093174,1.972520,0.648844,-0.000000,2.164780,1.074520
0,11,8,4,14.572171,2.466450,-0.000000,-0.000000,3.240206,-0.000000,2.306101,0.473742,1.442960,-0.000000,0.801411,1.493399
0,11,9,4,8.422378,0.735694,-0.000000,-0.000000,0.770648,-0.000000,-0.000000,0.368429,0.115857,-0.000000,1.700442,0.197884
0,11,10,4,9.477191,0.587333,-0.000000,-0.000000,0.000000,0.000000,2.180759,1.011256,-0.000000,-0.000000,5.357250,0.000000
0,11,11,4,12.388724,1.546104,0.000000,1.386020,0.000000,-0.000000,4.315588,3.552091,-0.000000,-0.000000,8.076097,-0.000000
0,11,12,4,13.934972,2.308195,0.000000,7.105463,1.907119,-0.000000,16.921636,18.874972,0.000000,6.405296,4.507775,-0.000000
0,11,13,4,8.763558,1.086014,0.000000,5.579144,3.636580,0.000000,9.506399,9.399767,0.000000,4.606407,3.137622,0.000000
0,11,14,4,10.471173,0.929657,-0.000000,12.732713,5.845169,0.000000,21.197015,23.574640,-0.000000,13.380867,0.000000,0.000000
0,11,15,4,12.652277,1.226192,-0.000000,9.563383,6.513630,-0.000000,24.421429,24.480960,-0.000000,14.501966,3.125195,-0.000000
0,11,16,4,11.857032,1.542657,0.000000,-0.000000,0.000000,-0.000000,5.312270,4.762155,0.000000,1.800100,4.999459,0.000000
0,11,17,4,10.648989,1.022091,0.000000,-0.000000,0.123715,-0.000000,0.863133,0.000000,0.000000,-0.000000,1.139343,-0.000000
0,11,18,4,9.916071,0.756387,-0.000000,-0.000000,1.676286,0.000000,0.971635,0.000000,0.000000,-0.000000,1.811736,-0.000000
0,11,19,4,7.919837,0.000000,0.000000,-0.000000,0.225294,3.914046,0.433232,1.391502,1.617223,0.000000,0.108704,2.416346
0,12,0,4,18.156025,4.358512,-0.000000,6.377406,0.000000,0.000000,11.924136,10.618910,0.451864,4.672458,3.606576,0.461125
0,12,1,4,12.999716,2.068522,-0.000000,5.515303,0.652234,-0.000000,12.179794,11.135004,0.735140,5.879997,5.302860,0.750208
0,12,2,4,12.524391,1.755308,-0.000000,3.932833,0.000000,0.000000,12.339144,11.893849,0.856299,5.255590,6.540550,0.873190
0,12,3,4,11.557654,1.728292,0.000000,-0.000000,0.000000,-0.000000,3.905198,3.644369,1.210068,-0.000000,2.654154,1.257027
0,12,4,4,11.711138,1.581808,-0.000000,-0.000000,3.042038,0.000000,0.037765,0.659220,1.272232,-0.000000,1.647293,1.088681
0,12,5,4,12.258890,1.325519,0.000000,-0.000000,2.046885,2.199610,3.565879,3.273662,0.727688,1.414091,2.219931,0.540934
0,12,6,4,13.407464,2.354817,0.000000,-0.000000,1.135894,0.000000,2.187816,2.472295,-0.000000,-0.000000,0.986407,0.058508
0,12,7,4,16.001690,3.178551,-0.000000,1.461037,0.000000,-0.000000,8.404803,9.920608,0.667120,1.612928,2.390848,0.788213
0,12,8,4,14.206268,2.750011,0.000000,8.150876,2.672799,0.000000,15.930922,18.732212,0.432897,6.278396,6.965671,0.472462
0,12,9,4,9.611464,1.029692,0.000000,4.089094,2.367501,0.000000,8.800197,7.264415,0.445749,3.947773,5.738749,0.566658
0,12,10,4,12.533591,1.821045,0.000000,8.062609,2.045842,0.000000,15.502870,16.889679,-0.000000,7.437561,7.501443,0.000000
0,12,11,4,14.991779,2.624101,0.000000,9.328657,4.310361,-0.000000,17.707327,19.983661,-0.000000,8.806486,1.554260,0.000000
0,12,12,4,15.361464,2.727617,0.000000,8.023784,5.414014,0.000000,19.994608,19.342968,-0.000000,10.516543,4.889704,-0.000000
0,12,13,4,8.910100,0.895887,0.000000,-0.000000,0.000000,-0.000000,0.909039,1.159247,0.000000,-0.000000,1.294646,-0.000000
0,12,14,4,9.799952,1.113079,-0.000000,-0.000000,0.000000,-0.000000,3.480762,3.713913,-0.000000,1.668956,5.818159,-0.000000
0,12,15,4,10.079500,0.880329,0.000000,-0.000000,0.872199,0.797478,2.030824,0.636448,0.240273,0.000000,3.155373,0.154718
0,12,16,4,11.070047,0.640396,0.000000,-0.000000,1.542053,0.000000,2.216561,0.533763,-0.000000,0.204558,0.124523,-0.000000
0,12,17,4,9.002559,0.693040,0.000000,-0.000000,0.000000,0.000000,0.000000,0.000000,-0.000000,-0.000000,0.029787,0.000000
0,12,18,4,10.433357,0.951181,-0.000000,0.032456,0.910484,-0.000000,5.682803,5.753639,-0.000000,1.525807,4.132549,-0.000000
0,12,19,4,10.140675,0.950071,0.000000,4.599594,4.979013,0.000000,13.423126,13.076083,-0.000000,7.488841,4.400171,0.000000
0,13,0,4,17.421207,3.932311,0.000000,4.790728,1.899381,-0.000000,9.924433,10.201021,0.422318,3.414303,3.740375,0.430974
0,13,1,4,10.375300,0.844387,0.000000,-0.000000,1.305761,0.277311,4.549412,4.749524,0.849661,1.803338,2.106828,0.878067
0,13,2,4,9.286481,0.791779,0.000000,-0.000000,2.603318,0.237470,1.278522,0.556621,0.540417,-0.000000,0.200974,0.567679
0,13,3,4,8.768150,0.360251,0.000000,-0.000000,0.000000,0.000000,1.169404,0.000000,-0.000000,-0.000000,0.000000,0.000000
0,13,4,4,11.107677,1.067520,0.000000,3.116659,0.000000,0.000000,5.702417,4.390782,-0.000000,3.693495,2.727562,0.000000
0,13,5,4,14.286165,2.119592,0.000000,7.581737,1.819896,-0.000000,19.683830,20.583101,-0.000000,9.719426,5.961976,-0.000000
0,13,6,4,16.501554,3.533898,0.000000,8.924067,2.470003,-0.000000,20.130070,19.837546,-0.000000,9.800612,6.673075,-0.000000
0,13,7,4,17.770543,4.055840,-0.000000,11.037038,6.819088,0.000000,24.043297,23.319931,0.153058,10.181801,8.174530,0.156941
0,13,8,4,14.398099,2.851308,0.000000,7.325537,0.000000,0.000000,14.298399,13.860814,0.161694,6.835072,6.615568,0.166107
0,13,9,4,8.608114,0.486962,0.000000,-0.000000,0.000000,-0.000000,0.641633,2.558969,0.139673,-0.000000,0.172999,0.274035
0,13,10,4,10.798523,1.357441,-0.000000,-0.000000,0.779459,0.000000,1.728621,4.584100,0.041403,-0.000000,2.174392,0.602510
0,13,11,4,13.014854,2.009775,-0.000000,-0.000000,1.154402,-0.000000,1.910672,2.338642,0.000000,-0.000000,1.595256,0.046221
0,13,12,4,12.207587,1.746259,0.000000,-0.000000,3.089584,1.166219,1.732999,1.345430,0.559006,-0.000000,2.129856,0.182686
0,13,13,4,7.652426,0.000000,0.000000,-0.000000,0.066694,1.216462,1.313435,1.690555,0.464603,-0.000000,1.351947,0.137675
0,13,14,4,7.574332,0.192872,0.000000,-0.000000,0.842580,0.000000,1.622194,0.259828,0.000000,0.309556,3.102624,-0.000000
0,13,15,4,10.478764,0.694933,0.000000,0.565781,0.000000,-0.000000,5.133505,6.488740,0.000000,0.726438,3.397133,0.000000
0,13,16,4,12.853184,1.437488,-0.000000,7.721290,3.730485,-0.000000,17.112949,19.804526,0.000000,8.438083,1.037943,0.000000
0,13,17,4,11.735065,1.716152,0.000000,8.818513,6.700847,-0.000000,16.567072,17.507336,-0.000000,8.927551,2.632881,0.000000
0,13,18,4,14.028367,2.443289,0.000000,11.312869,7.287470,-0.000000,24.441185,25.176855,-0.000000,13.887305,4.220694,0.000000
0,13,19,4,12.332077,2.235781,0.000000,5.586060,5.799647,-0.000000,17.706588,17.072504,0.000000,10.960264,5.415707,0.000000
0,14,0,4,16.943442,3.834745,0.000000,3.364332,2.853053,-0.000000,6.270471,7.274988,0.306157,1.444603,1.619938,0.312432
0,14,1,4,9.563879,0.631561,0.000000,-0.000000,0.000000,-0.000000,3.728753,4.944304,-0.000000,1.118863,1.192471,-0.000000
0,14,2,4,10.048013,0.954198,-0.000000,4.345694,1.304271,0.000000,8.727776,10.565963,0.000000,3.869317,0.000000,-0.000000
0,14,3,4,10.749275,0.858600,-0.000000,7.569481,2.821474,0.000000,15.690510,17.513356,-0.000000,8.856592,0.000000,-0.000000
0,14,4,4,13.255158,1.773496,-0.000000,10.469481,6.097831,0.000000,19.691209,21.506201,0.000000,11.048294,5.156435,0.000000
0,14,5,4,14.915055,2.696338,-0.000000,3.147599,0.000000,0.000000,15.340620,16.086828,0.000000,5.556938,7.666246,-0.000000
0,14,6,4,13.440284,2.611825,0.000000,-0.000000,2.483678,0.621910,1.860458,1.295619,0.933270,-0.000000,0.511257,1.090613
0,14,7,4,13.462202,2.118398,-0.000000,-0.000000,2.242442,0.000000,1.288969,0.120812,1.169984,-0.000000,0.040791,0.511510
0,14,8,4,11.631667,1.302967,-0.000000,-0.000000,5.353472,1.733694,-0.000000,0.000000,1.500805,-0.000000,0.601304,0.687934
0,14,9,4,7.420976,0.000000,-0.000000,-0.000000,1.345360,1.880770,0.256881,1.053786,0.688252,-0.000000,0.652571,0.587111
0,14,10,4,9.403724,0.996068,0.000000,-0.000000,1.943509,-0.000000,1.371485,0.000000,0.009953,-0.000000,0.254632,0.000000
0,14,11,4,13.764481,2.376353,-0.000000,1.689111,1.464942,-0.000000,8.633313,8.911093,0.000000,2.633841,5.389452,0.000000
0,14,12,4,13.839390,2.563940,-0.000000,6.806110,2.487478,0.000000,12.991800,14.537464,0.000000,4.839251,7.290681,-0.000000
0,14,13,4,9.770702,0.574086,0.000000,9.469118,5.808058,0.000000,18.818240,19.074367,0.000000,9.832692,3.086244,0.000000
0,14,14,4,10.218420,0.741701,0.000000,10.771833,4.619773,0.000000,20.732053,22.448534,-0.000000,13.145398,0.000000,0.000000
0,14,15,4,13.007733,1.400457,0.000000,11.961083,6.498237,-0.000000,22.397482,22.817479,-0.000000,13.017931,0.192609,-0.000000
0,14,16,4,15.159337,2.482392,-0.000000,5.351750,5.597028,-0.000000,18.394236,18.314266,-0.000000,10.352796,3.397667,-0.000000
0,14,17,4,11.709638,2.224443,0.000000,0.000000,0.000000,0.000000,1.352430,0.000000,0.000000,-0.000000,3.646313,0.000000
0,14,18,4,11.606577,1.965225,0.000000,0.000000,0.419948,2.521383,1.849766,1.048413,1.076896,-0.000000,2.581314,1.071171
0,14,19,4,10.780321,0.724163,-0.000000,0.000000,0.855564,2.163685,1.396250,1.700693,0.000000,-0.000000,1.677710,0.906086
0,15,0,4,17.206338,3.988912,-0.000000,5.052789,0.621714,0.000000,7.768687,7.921660,0.331840,2.140332,1.953913,0.338641
0,15,1,4,10.788958,1.159719,-0.000000,4.946680,1.881332,0.000000,11.871341,11.914649,0.000000,5.911986,5.027560,-0.000000
0,15,2,4,11.955730,1.405793,0.000000,6.905872,4.874081,-0.000000,15.438387,15.420816,-0.000000,7.936060,3.121776,-0.000000
0,15,3,4,11.351882,1.043110,0.000000,-0.000000,0.000000,0.000000,8.739075,7.867767,-0.000000,3.465383,4.885263,0.000000
0,15,4,4,10.674090,1.396880,-0.000000,-0.000000,0.293200,-0.000000,0.000000,0.000000,0.291092,-0.000000,1.788932,0.290957
0,15,5,4,11.984462,1.595230,-0.000000,-0.000000,4.484938,1.742961,1.684868,1.085637,0.954221,-0.000000,0.000000,0.942251
0,15,6,4,11.184596,1.126918,0.000000,-0.000000,1.358839,1.287159,0.971276,0.716551,0.031164,-0.000000,0.122930,0.021210
0,15,7,4,11.319917,1.530414,-0.000000,-0.000000,0.000000,-0.000000,1.517000,0.629626,0.224022,-0.000000,0.383840,0.569841
0,15,8,4,11.847480,1.702900,0.000000,6.862959,0.000000,-0.000000,11.299245,12.425131,0.000000,5.440105,5.329763,0.318119
0,15,9,4,10.139773,0.841696,0.000000,8.038070,4.506872,0.000000,17.773951,17.307690,0.000000,8.640012,7.346530,-0.000000
0,15,10,4,13.290495,2.156033,0.000000,11.014107,4.269518,0.000000,22.083333,23.243843,-0.000000,11.899224,2.092310,-0.000000
0,15,11,4,17.204544,3.734397,-0.000000,11.810051,5.132103,-0.000000,24.808146,24.939169,0.000000,11.385436,10.043789,-0.000000
0,15,12,4,15.745988,3.144363,-0.000000,5.495276,0.000000,-0.000000,13.601907,13.687615,-0.000000,6.063038,5.921958,0.000000
0,15,13,4,10.013056,0.737040,-0.000000,-0.000000,0.000000,0.000000,4.966167,4.355223,-0.000000,2.391421,1.240064,-0.000000
0,15,14,4,8.883054,0.801552,0.000000,-0.000000,0.809533,1.736554,0.690629,0.418755,0.923012,-0.000000,2.609209,0.370669
0,15,15,4,11.342060,1.191246,-0.000000,-0.000000,1.381275,2.032589,1.587962,0.106641,0.940425,0.000000,2.983349,0.286800
0,15,16,4,12.832414,2.039079,0.000000,-0.000000,1.922725,2.438264,3.294071,1.602377,0.928000,0.486817,3.158186,0.895920
0,15,17,4,10.589873,1.035073,0.000000,-0.000000,0.726665,0.000000,2.265153,2.666344,0.000000,0.680597,0.812349,0.266412
0,15,18,4,9.232132,0.914260,0.000000,-0.000000,0.000000,0.000000,0.427358,0.000000,0.656592,-0.000000,0.142190,0.594623
0,15,19,4,10.908496,1.002747,-0.000000,1.036522,0.000000,-0.000000,8.889736,8.693667,0.036758,3.018648,5.770850,0.000000
0,16,0,4,17.718663,4.163137,-0.000000,5.984823,1.033253,-0.000000,9.788277,9.644652,0.415086,3.402239,3.182011,0.423594
0,16,1,4,10.731017,0.838384,0.000000,1.574366,0.882693,-0.000000,10.272611,10.148128,0.417795,5.019795,5.462479,0.419553
0,16,2,4,10.738060,1.125194,-0.000000,-0.000000,1.919629,0.383964,3.774770,1.221280,0.019608,0.969267,3.060878,0.027878
0,16,3,4,9.034669,0.700911,-0.000000,-0.000000,1.352954,0.068300,0.968154,0.559117,-0.000000,-0.000000,0.424704,0.212553
0,16,4,4,9.831005,1.175551,0.000000,-0.000000,0.000000,0.000000,0.000000,0.000000,0.000000,-0.000000,0.163671,-0.000000
0,16,5,4,13.003172,1.730957,0.000000,5.041756,3.681105,-0.000000,10.671714,9.915946,-0.000000,4.775033,2.290729,-0.000000
0,16,6,4,14.059425,2.348654,-0.000000,7.238656,2.806280,-0.000000,16.648152,16.714585,0.000000,7.715064,6.925050,0.000000
0,16,7,4,14.692175,3.036017,0.000000,13.274316,6.825896,0.000000,22.318816,23.147277,0.000000,10.441568,8.846963,0.000000
0,16,8,4,14.788312,2.677261,-0.000000,12.371667,2.459919,-0.000000,23.393513,23.171585,0.000000,12.302688,10.653711,0.000000
0,16,9,4,11.203248,1.225133,-0.000000,-0.000000,0.000000,0.000000,8.354428,6.480706,0.000000,3.162108,3.210712,0.000000
0,16,10,4,11.822842,2.075916,-0.000000,-0.000000,0.748017,1.028430,2.912916,2.213116,1.108468,-0.000000,2.809542,0.907986
0,16,11,4,14.219818,2.536172,-0.000000,-0.000000,4.141975,2.403164,0.893835,0.487869,1.450798,-0.000000,0.015036,1.068582
0,16,12,4,13.847212,2.236026,0.000000,-0.000000,4.039400,3.085652,1.492321,0.439045,1.039907,0.334489,0.537369,0.871341
0,16,13,4,8.618793,0.501038,0.000000,-0.000000,1.912022,1.503124,2.416347,1.831433,0.622447,0.216347,1.835364,0.813803
0,16,14,4,7.124648,0.095384,0.000000,-0.000000,0.000000,-0.000000,0.111484,0.000000,0.000000,-0.000000,0.250923,0.511289
0,16,15,4,12.075449,1.372111,0.000000,2.063515,0.000000,-0.000000,8.245785,8.547521,0.000000,2.647236,4.232103,0.000000
0,16,16,4,14.536569,2.548036,-0.000000,6.367278,3.353509,0.000000,15.303765,16.573278,-0.000000,5.936482,6.591733,-0.000000
0,16,17,4,13.368771,2.111485,0.000000,7.314456,4.961193,-0.000000,18.753437,18.466199,-0.000000,8.539012,8.385037,-0.000000
0,16,18,4,12.605076,2.223984,0.000000,8.014465,5.317376,0.000000,17.586580,18.212914,-0.000000,8.581175,7.012202,0.000000
0,16,19,4,13.642637,2.333000,-0.000000,11.235991,3.549074,0.000000,24.765194,25.173460,0.000000,12.442306,8.266101,-0.000000
0,17,0,4,18.000200,4.222997,-0.000000,3.956149,2.150495,0.000000,8.753758,9.269756,0.438504,2.841815,2.842369,0.447492
0,17,1,4,10.095705,0.904591,0.000000,-0.000000,1.343064,-0.000000,5.188961,5.325695,0.427398,2.300881,1.934941,0.436158
0,17,2,4,10.507434,1.097199,-0.000000,0.605666,0.000000,-0.000000,3.541848,4.505771,-0.000000,-0.000000,0.535277,-0.000000
0,17,3,4,10.169063,0.894632,0.000000,4.872825,2.788220,0.000000,9.365978,9.411465,0.000000,4.931966,2.070227,-0.000000
0,17,4,4,12.010830,1.518017,-0.000000,9.803022,6.305087,-0.000000,16.716273,15.516133,0.000000,10.000050,3.530433,0.000000
0,17,5,4,15.776517,2.992164,0.000000,12.083307,6.215735,-0.000000,22.438721,23.137465,0.000000,10.467953,7.956346,0.000000
0,17,6,4,13.953872,2.528929,-0.000000,0.517146,1.611968,-0.000000,9.074602,9.836355,0.610076,2.437073,4.725359,0.596922
0,17,7,4,11.015994,1.385006,0.000000,-0.000000,0.100620,0.353633,0.105787,0.826806,0.835590,-0.000000,0.957831,1.181703
0,17,8,4,11.549597,1.476074,0.000000,-0.000000,4.136368,2.871825,0.000000,0.000000,1.882307,-0.000000,1.737522,1.236186
0,17,9,4,10.666538,0.955343,-0.000000,-0.000000,2.387556,2.929415,2.482608,3.493266,2.006266,-0.000000,1.217715,1.988117
0,17,10,4,10.023695,1.275766,0.000000,-0.000000,2.281376,0.675339,1.154980,1.112633,0.157018,-0.000000,1.003013,0.049999
0,17,11,4,13.007937,2.172734,-0.000000,-0.000000,0.000000,-0.000000,2.640090,1.932045,-0.000000,-0.000000,1.287439,0.000000
0,17,12,4,14.572760,2.718021,-0.000000,6.526474,2.189846,0.000000,14.771703,16.293782,0.025356,6.207100,6.144938,0.228624
0,17,13,4,10.626149,1.027702,0.000000,8.477251,4.738314,-0.000000,19.436141,20.690342,0.000000,8.296124,8.866442,-0.000000
0,17,14,4,10.075120,0.836096,0.000000,8.169290,6.514682,-0.000000,17.276217,18.733638,0.000000,9.425973,2.094777,-0.000000
0,17,15,4,14.810131,2.329731,-0.000000,10.633053,6.204638,-0.000000,23.184240,24.949240,-0.000000,12.149662,4.476805,0.000000
0,17,16,4,16.251955,3.230966,-0.000000,3.429360,1.094882,0.000000,13.829570,14.690632,-0.000000,5.908526,4.447689,-0.000000
0,17,17,4,12.238487,2.296764,-0.000000,-0.000000,0.392861,0.000000,3.071380,2.880402,0.015421,0.613474,2.737176,0.310836
0,17,18,4,10.457098,1.388442,-0.000000,-0.000000,0.279086,2.146121,0.996694,0.000000,0.692873,-0.000000,1.823999,0.890829
0,17,19,4,11.052308,0.800564,0.000000,-0.000000,1.443782,3.048153,0.785004,0.191306,1.672614,0.000000,1.920685,1.424898
0,18,0,4,18.339695,4.414537,0.000000,3.598559,1.733097,0.000000,8.732987,8.925093,0.448833,2.832885,2.583317,0.458032
0,18,1,4,10.786066,1.221395,0.000000,1.985791,0.625275,0.000000,7.145279,7.433628,0.221383,2.913212,2.381451,0.224813
0,18,2,4,12.563295,1.949591,0.000000,6.337721,1.737539,0.000000,12.956039,13.007455,0.000000,5.500991,4.671913,0.000000
0,18,3,4,11.997794,1.438911,0.000000,8.144385,6.828847,0.000000,15.777223,15.797375,0.000000,8.669469,3.712320,0.000000
0,18,4,4,12.630178,1.928012,0.000000,0.360764,0.000059,0.000000,5.889780,5.536806,0.000000,1.362086,5.430597,0.000000
0,18,5,4,12.344588,1.635794,0.000000,-0.000012,2.195726,0.912164,1.059231,0.971034,0.630279,0.000009,2.774534,1.428289
0,18,6,4,11.377106,1.121934,0.000000,-0.000017,2.464837,1.864207,1.118369,0.303860,0.328768,0.000008,0.000007,0.813336
0,18,7,4,8.992428,0.874720,0.000000,-0.000016,0.381526,0.380580,0.000002,0.170288,0.000000,0.000011,0.000011,0.000000
0,18,8,4,11.461341,1.500055,0.000000,2.216432,0.000086,0.000000,4.262550,5.814496,0.000000,1.240703,2.189637,0.000000
0,18,9,4,13.228767,1.977300,0.000000,6.823039,2.024530,0.000000,18.126653,20.143576,0.000000,7.493728,5.775468,0.000000
0,18,10,4,13.090875,2.184655,0.000000,7.840776,3.762079,0.000000,17.339355,18.004698,0.000000,8.045285,5.213638,0.000000
0,18,11,4,16.626025,3.551754,0.000000,11.777704,7.480928,0.000000,23.882278,25.429465,0.000000,10.572584,8.816830,0.000000
0,18,12,4,17.076173,3.613460,0.000000,9.911746,4.034911,0.000000,24.046879,24.153222,0.000000,11.230511,10.533688,0.000000
0,18,13,4,10.438565,1.051195,0.000000,-0.000033,0.959825,0.000000,4.539110,2.120506,0.005288,2.369247,2.676318,0.042339
0,18,14,4,9.385148,0.877191,0.000000,-0.000030,1.013712,1.689764,1.459953,0.636557,0.659087,0.000006,2.169055,0.473302
0,18,15,4,12.261529,1.786508,0.000000,-0.000020,2.194248,2.726601,2.322925,1.370135,1.358771,0.000004,2.708909,0.858674
0,18,16,4,13.351543,2.026572,0.000000,-0.000018,2.284204,2.522623,2.485367,0.462256,1.378172,0.824109,1.686010,0.525574
0,18,17,4,10.028147,1.020992,0.000000,-0.000011,1.334818,1.556250,2.187354,2.072829,0.948258,0.717440,0.000387,0.418215
0,18,18,4,8.555987,0.766696,0.000000,0.000003,0.000011,0.000000,1.053231,0.000014,0.266005,-0.000010,0.952694,0.175634
0,18,19,4,11.098285,1.361554,0.000000,2.862584,0.000073,0.000000,9.078919,8.752296,0.000000,3.984868,5.000353,0.000000
0,19,0,4,18.496975,4.478817,0.000000,4.780706,0.803125,0.000000,11.298971,10.743371,0.499813,4.311621,3.858774,0.510057
0,19,1,4,11.138175,1.317605,-0.000000,4.505312,1.965800,0.000000,10.578362,10.015360,0.584489,4.862944,4.540591,0.597022
0,19,2,4,12.505194,1.692280,0.000000,4.141616,0.000000,-0.000000,12.091687,11.522574,0.375629,5.204656,5.898154,0.375345
0,19,3,4,10.061023,0.896402,0.000000,-0.000000,1.282259,0.433745,2.023567,0.504572,0.379778,0.190273,2.912372,0.351483
0,19,4,4,10.186159,0.903240,0.000000,-0.000000,0.260534,0.000000,0.759090,0.413817,-0.000000,-0.000000,0.820452,0.528050
0,19,5,4,10.758286,0.963678,-0.000000,-0.000000,0.032067,-0.000000,0.999876,0.000000,0.000000,-0.000000,0.053052,-0.000000
0,19,6,4,12.895103,1.303356,0.000000,7.913622,0.456463,-0.000000,14.798274,14.848497,0.000000,7.904063,6.201005,0.000000
0,19,7,4,0.968213,2.509644,0.121425,-0.000000,0.000000,-0.000000,-0.000000,0.000000,0.122490,0.000000,0.000000,-0.000000
0,19,8,4,14.841883,2.106435,0.000000,14.221912,8.588751,-0.000000,25.538199,26.184374,0.000000,13.567984,8.582510,0.000000
0,19,9,4,15.506206,2.536573,-0.000000,6.970807,3.101033,-0.000000,22.535653,22.355230,0.000000,10.250745,7.564553,-0.000000
0,19,10,4,12.004398,1.911735,0.000000,-0.000000,0.000000,0.000000,2.955202,2.573498,0.126166,-0.000000,2.315572,0.219472
0,19,11,4,13.442853,2.582166,0.000000,-0.000000,0.736742,0.422673,1.970429,2.270596,0.853915,-0.000000,1.274515,0.663902
0,19,12,4,13.275156,2.245901,-0.000000,-0.000000,3.618027,3.034912,0.580087,0.000000,2.178046,-0.000000,0.667273,1.092729
0,19,13,4,9.487104,0.149439,0.000000,-0.000000,1.855106,3.590635,2.785048,2.779080,2.359254,0.800379,1.317699,2.306627
0,19,14,4,7.170811,0.106558,0.000000,-0.000000,0.273815,0.000000,0.653088,0.181855,0.206687,-0.000000,0.681254,0.056273
0,19,15,4,11.671108,1.443300,0.000000,0.374350,0.000000,-0.000000,5.944140,4.770513,0.000000,1.836033,3.115676,-0.000000
0,19,16,4,14.580917,2.657325,0.000000,7.225228,1.706274,-0.000000,14.601129,14.980045,0.000000,6.775361,5.663771,0.000000
0,19,17,4,12.670010,2.120357,0.000000,7.356293,3.657554,-0.000000,18.417015,17.984104,0.000000,8.756762,6.819566,0.000000
0,19,18,4,12.217287,2.173321,0.000000,9.245138,4.265186,0.000000,21.099267,20.561746,-0.000000,11.020993,8.707131,0.000000
0,19,19,4,13.968754,2.792642,-0.000000,11.757630,0.000000,0.000000,22.465105,21.104166,0.000000,12.145459,9.640245,-0.000000
0,20,0,4,17.598512,4.063730,-0.000000,2.342692,0.966094,-0.000000,10.121958,11.183484,0.496616,3.188533,4.372728,0.506794
0,20,1,4,9.331863,0.500892,0.000000,-0.000000,1.780997,-0.000000,2.915153,3.370689,0.725230,0.000000,1.396172,0.740095
0,20,2,4,9.945522,0.730751,-0.000000,-0.000000,3.304941,0.000000,0.509544,0.000000,0.662603,0.000000,0.000000,0.681842
0,20,3,4,8.412824,0.000000,-0.000000,-0.000000,0.000000,0.000000,0.000000,0.000000,0.000000,0.000000,0.000000,-0.000000
0,20,4,4,11.542434,1.150024,-0.000000,6.461028,3.037631,0.000000,12.376728,11.902899,0.000000,7.722586,0.000000,0.000000
0,20,5,4,13.886220,2.325461,0.000000,12.726841,6.839374,-0.000000,21.100905,21.852655,0.000000,11.725516,2.311938,0.000000
0,20,6,4,14.895710,2.278231,0.000000,11.590481,1.286470,0.000000,23.686628,25.282009,-0.000000,12.083839,11.215478,0.000000
0,20,7,4,-0.000000,1.502068,0.000000,-0.000000,0.000000,-0.000000,-0.000000,0.000000,0.000000,0.000000,0.000000,0.000000
0,20,8,4,15.713847,2.296478,-0.000000,-0.000000,2.476175,0.000000,8.655581,6.106562,-0.000000,4.308365,6.246036,-0.000000
0,20,9,4,12.539106,1.571143,0.000000,-0.000000,4.171999,2.280475,0.921250,0.000000,0.097981,-0.000000,0.550143,-0.000000
0,20,10,4,10.423215,0.631760,0.000000,-0.000000,1.871000,2.581675,1.485673,0.000000,2.142314,-0.000000,0.000000,2.091315
0,20,11,4,9.774262,1.213060,0.000000,-0.000000,0.000000,0.000000,0.592909,0.000000,0.000000,-0.000000,0.000000,0.000000
0,20,12,4,13.099637,2.130874,0.000000,0.188676,0.000000,-0.000000,2.769316,2.676870,-0.000000,-0.000000,0.921214,0.000000
0,20,13,4,13.292278,2.047649,-0.000000,9.427579,2.851296,0.000000,23.188262,28.919265,0.000000,9.899924,8.755045,-0.000000
0,20,14,4,11.540789,1.642386,-0.000000,6.805038,6.464501,-0.000000,18.010315,18.876390,0.000000,8.850668,2.404647,0.000000
0,20,15,4,16.395794,3.416856,0.000000,12.018442,5.393054,0.000000,25.839224,28.513445,-0.000000,13.370362,3.392065,-0.000000
0,20,16,4,17.593027,3.942848,0.000000,8.089640,0.000000,-0.000000,19.029009,19.822584,-0.000000,8.536509,9.401515,-0.000000
0,20,17,4,10.598931,1.473727,0.000000,-0.000000,0.569404,-0.000000,2.239942,0.000000,0.740768,-0.000000,1.496513,1.226206
0,20,18,4,8.372291,0.184182,-0.000000,0.000000,1.291477,1.511243,0.135289,0.000000,1.651383,-0.000000,0.000000,1.761664
0,20,19,4,10.714829,0.177511,-0.000000,0.000000,4.481597,2.740526,0.000000,0.000000,1.750431,-0.000000,0.609495,1.455823
0,21,0,4,17.570738,4.125909,-0.000000,1.343531,2.256807,-0.000000,8.091600,7.654976,0.329798,3.066793,1.868401,0.336558
0,21,1,4,9.553570,0.609168,0.000000,3.175132,0.000000,-0.000000,5.278766,5.187496,-0.000000,1.521818,1.002116,0.000000
0,21,2,4,11.389677,1.362686,-0.000000,4.499842,3.903732,-0.000000,7.874671,9.072142,0.000000,4.111783,0.710045,-0.000000
0,21,3,4,10.853653,0.911038,-0.000000,7.234099,3.501019,-0.000000,14.229565,16.531692,-0.000000,8.579739,0.000000,0.000000
0,21,4,4,14.677004,2.583297,0.000000,13.254718,8.979378,-0.000000,24.245175,25.792420,-0.000000,13.228780,5.618279,0.000000
0,21,5,4,13.404977,2.249591,0.000000,0.198816,0.963275,0.000000,5.987498,6.514903,0.106504,0.942778,5.166379,0.000000
0,21,6,4,9.640717,0.608803,-0.000000,-0.000000,1.692815,0.692937,0.000000,0.000000,1.144507,-0.000000,1.449610,1.121490
0,21,7,4,-0.000000,2.267383,-0.000000,-0.000000,0.000000,1.451448,0.000000,1.475644,2.581500,0.000000,0.346801,2.564959
0,21,8,4,13.822095,1.861863,-0.000000,-0.000000,0.000000,-0.000000,3.746580,1.799959,-0.000000,0.699682,3.908105,-0.000000
0,21,9,4,10.747156,0.766514,-0.000000,-0.000000,0.073623,-0.000000,0.120044,0.000000,0.000000,0.000000,1.104234,0.000000
0,21,10,4,11.092490,1.037431,0.000000,0.287160,0.000000,0.000000,7.017010,6.252063,-0.000000,2.102662,2.696201,0.000000
0,21,11,4,11.669578,1.957502,0.000000,3.364307,1.115047,-0.000000,9.182966,8.769059,-0.000000,4.773731,1.930952,0.000000
0,21,12,4,16.334500,3.405320,0.000000,14.045530,6.971656,0.000000,24.559901,24.629051,-0.000000,11.707423,9.953256,0.000000
0,21,13,4,16.186189,3.103588,-0.000000,7.408857,0.000000,0.000000,27.020980,26.475021,-0.000000,13.178308,13.068348,0.000000
0,21,14,4,11.119885,1.773614,0.000000,-0.000000,0.000000,0.448881,3.415068,0.785817,0.176199,-0.000000,2.376112,0.452189
0,21,15,4,12.670327,2.084388,0.000000,-0.000000,0.000000,-0.000000,3.414936,0.000000,0.388595,0.483042,5.139489,0.644483
0,21,16,4,12.804770,1.357355,0.000000,-0.000000,0.295976,0.246858,2.411817,0.000000,0.479609,0.253990,3.726850,1.073159
0,21,17,4,8.243362,0.000000,0.000000,-0.000000,0.603903,1.489034,1.452239,1.636559,1.032039,0.000000,2.133748,0.980410
0,21,18,4,5.763253,0.019015,-0.000000,-0.000000,0.301188,0.000000,0.000000,0.000000,-0.000000,0.000000,0.198716,-0.000000
0,21,19,4,9.502503,0.182639,0.000000,-0.000000,0.000000,0.000000,0.323229,0.000000,0.000000,0.000000,0.784155,-0.000000
0,22,0,4,17.947202,4.326873,0.000000,4.042444,0.000000,-0.000000,11.230541,9.920913,0.414901,4.512407,3.247574,0.423405
0,22,1,4,10.491093,0.952229,-0.000000,7.198874,3.195905,-0.000000,10.881038,9.761794,0.365743,5.002522,3.731129,0.373239
0,22,2,4,12.525424,1.875981,-0.000000,5.517312,0.000000,-0.000000,11.505960,10.815743,-0.000000,5.637638,5.689858,0.000000
0,22,3,4,10.508349,0.794110,-0.000000,0.000000,0.000000,-0.000000,7.459507,6.986907,0.056566,2.934707,7.005720,0.042016
0,22,4,4,10.426386,0.908903,0.000000,-0.000000,0.621927,0.809529,1.575051,0.000000,0.804137,0.000000,3.992829,0.800767
0,22,5,4,10.036120,0.000000,0.000000,-0.000000,0.000000,-0.000000,1.691806,0.000000,0.074729,0.644752,2.017559,0.000000
0,22,6,4,6.713404,0.773811,-0.000000,-0.000000,0.333366,-0.000000,0.000000,0.000000,0.000000,0.000000,0.490934,0.000000
0,22,7,4,-0.000000,1.907729,3.499043,3.063527,0.000000,-0.000000,1.990985,0.000000,0.000000,2.155338,0.016871,0.000000
0,22,8,4,15.424291,1.595228,-0.000000,5.272644,2.631460,0.000000,16.810806,18.741025,-0.000000,8.766002,2.568368,0.000000
0,22,9,4,12.561681,1.596870,-0.000000,5.745270,3.060345,0.000000,9.160595,7.513174,-0.000000,5.675115,0.000000,-0.000000
0,22,10,4,13.501607,2.112310,0.000000,10.425984,5.836209,0.000000,23.035416,23.876629,-0.000000,12.852054,2.211736,-0.000000
0,22,11,4,12.915959,2.405801,0.000000,6.962003,6.031072,-0.000000,15.644389,16.594740,0.000000,7.369323,5.478587,-0.000000
0,22,12,4,14.781568,2.690540,0.000000,-0.000000,1.521717,0.000000,8.774704,9.926599,0.000000,2.789093,5.411911,0.486145
0,22,13,4,11.712179,1.822063,0.000000,-0.000000,2.615951,0.000000,1.420112,0.000000,0.304078,-0.000000,1.326742,-0.000000
0,22,14,4,9.944511,0.434745,-0.000000,-0.000000,0.000000,1.826760,3.729484,2.210993,1.998697,0.561575,2.577559,1.992157
0,22,15,4,9.231336,0.602160,0.000000,-0.000000,0.000000,0.000000,0.553100,0.000000,0.000000,-0.000000,0.000000,0.000000
0,22,16,4,11.379902,1.232703,-0.000000,2.834373,2.136036,-0.000000,5.759769,7.564758,0.000000,2.591108,0.804971,-0.000000
0,22,17,4,8.422159,0.039389,0.000000,2.065849,1.372518,-0.000000,8.648391,10.590717,-0.000000,3.763694,1.881175,0.000000
0,22,18,4,7.026918,0.490143,0.000000,2.021443,5.080263,-0.000000,5.110619,4.691702,0.000000,3.664461,0.000000,-0.000000
0,22,19,4,11.665086,1.369811,0.000000,6.824037,8.087343,0.000000,11.772583,13.246742,0.000000,6.861968,1.485169,0.000000
0,23,0,4,17.386534,4.069734,0.000000,4.288051,0.605617,0.000000,11.051196,11.425498,0.469378,3.712555,4.428942,0.478998
0,23,1,4,9.088714,0.161850,-0.000000,1.437534,1.540876,-0.000000,5.323529,5.892867,0.721752,1.554720,3.258420,0.736545
0,23,2,4,10.205329,0.851250,0.000000,-0.000000,1.661810,0.344419,1.982159,2.326383,0.883708,0.425223,1.545957,0.919185
0,23,3,4,7.830013,0.000000,-0.000000,-0.000000,0.000000,-0.000000,1.158529,0.196130,0.225433,0.489973,0.963204,0.241807
0,23,4,4,9.110615,0.164453,-0.000000,-0.000000,0.000000,-0.000000,1.462716,1.377148,-0.000000,0.127500,0.000000,-0.000000
0,23,5,4,10.430854,0.474249,-0.000000,9.814315,5.598749,0.000000,15.889024,15.589402,-0.000000,11.458730,0.000000,0.000000
0,23,6,4,8.077429,0.405485,0.000000,10.480983,5.370502,-0.000000,16.893412,15.298152,-0.000000,12.164187,0.000000,0.000000
0,23,7,4,1.091516,0.928615,2.397866,9.596196,4.638217,-0.000000,13.328439,13.626321,0.000000,9.492835,0.098143,0.000000
0,23,8,4,17.033811,1.707350,0.000000,3.694275,4.303232,0.000000,19.201148,20.010279,0.000000,10.483454,0.062960,0.000000
0,23,9,4,11.955101,1.519340,-0.000000,-0.000000,0.000000,-0.000000,1.066507,0.000000,0.000000,-0.000000,0.989021,-0.000000
0,23,10,4,9.985547,1.115534,0.000000,-0.000000,0.000000,0.430232,4.699568,2.684072,0.705961,0.804593,5.795463,0.779393
0,23,11,4,8.065153,0.000000,0.000000,-0.000000,1.182316,1.134172,1.777912,0.000000,0.686413,0.222054,2.985152,1.236193
0,23,12,4,9.832055,0.591685,0.000000,-0.000000,0.000000,0.000000,1.722506,0.000000,-0.000000,0.754236,0.937668,0.843334
0,23,13,4,8.953224,0.267099,0.000000,-0.000000,0.000000,0.000000,0.517375,0.000000,0.000000,-0.000000,0.000000,-0.000000
0,23,14,4,10.424457,0.739101,0.000000,0.981962,0.000000,-0.000000,11.492475,12.670790,0.000000,4.222210,2.892218,-0.000000
0,23,15,4,10.956960,1.270034,0.000000,6.978474,3.358930,-0.000000,12.438769,13.452642,0.000000,6.616568,2.723214,0.000000
0,23,16,4,14.119731,2.494334,-0.000000,11.595374,1.765536,-0.000000,19.231088,18.893411,0.000000,10.668649,7.078767,0.000000
0,23,17,4,10.760018,1.359103,-0.000000,2.197186,0.000000,-0.000000,12.218820,11.733210,0.000000,6.281534,2.194146,-0.000000
0,23,18,4,8.179942,0.031051,-0.000000,-0.000000,0.000000,-0.000000,4.097446,3.128584,-0.000000,2.845427,3.909071,-0.000000
0,23,19,4,12.225270,2.093460,0.000000,0.000000,0.000000,-0.000000,4.565514,4.989906,-0.000000,0.506410,1.834052,0.000000
0,24,0,4,17.365073,4.040379,-0.000000,4.100231,1.384716,-0.000000,9.230435,8.275986,0.339687,3.292874,2.888321,0.346649
0,24,1,4,9.219533,0.374958,0.000000,2.814270,0.810771,0.000000,6.899485,5.603778,-0.000000,3.586141,2.539257,0.000000
0,24,2,4,10.431655,1.038276,-0.000000,3.455449,2.344054,-0.000000,7.061804,7.795534,0.000000,3.669720,0.047357,-0.000000
0,24,3,4,8.159288,0.078991,-0.000000,5.192535,2.683550,0.000000,9.239487,11.417207,-0.000000,5.515004,0.000065,0.000000
0,24,4,4,9.417901,0.249942,0.000000,6.009317,2.959524,-0.000000,10.219239,13.724454,-0.000000,5.281174,0.000152,0.000000
0,24,5,4,10.404898,1.019667,-0.000000,5.987721,4.753024,0.000000,10.283882,15.935271,-0.000000,4.547245,0.952860,-0.000000
0,24,6,4,7.529095,0.491672,-0.000000,-0.000057,0.000184,0.000000,1.494837,1.526791,-0.000000,0.587996,1.495291,-0.000000
0,24,7,4,1.943262,1.813739,0.751140,0.426646,0.000248,1.121162,3.805982,0.000149,0.000000,3.184583,4.874018,-0.000000
0,24,8,4,16.617640,1.766868,-0.000000,0.052208,0.007597,-0.000000,11.815898,2.408857,0.000000,8.410988,6.579929,-0.000000
0,24,9,4,11.802550,1.126658,-0.000000,1.257496,0.320598,0.000000,6.674196,1.685838,0.000000,4.735126,3.060391,0.000000
0,24,10,4,9.414525,1.218558,0.000000,1.342137,0.846368,-0.000000,4.942540,5.664338,0.000000,0.183200,0.711152,-0.000000
0,24,11,4,8.091851,0.196271,-0.000000,3.896108,0.968483,-0.000000,6.677382,7.415374,0.000000,2.951423,0.391222,0.000000
0,24,12,4,9.930371,0.834711,-0.000000,6.628954,3.480605,-0.000000,9.834809,11.082345,-0.000000,6.184812,0.000476,0.000000
0,24,13,4,9.094679,0.506905,-0.000000,3.984659,2.826816,0.000000,9.533641,12.420485,0.000000,4.822871,0.001087,-0.000000
0,24,14,4,10.352816,1.075776,0.000000,4.452879,5.711559,0.000000,13.570979,17.327101,0.000000,4.982423,2.428444,-0.000000
0,24,15,4,10.885825,1.606003,0.000000,3.530783,2.656101,0.000000,6.782724,8.916101,-0.000000,2.372634,3.736272,-0.000000
0,24,16,4,13.133316,2.725357,-0.000000,0.000214,1.283881,0.000000,4.254127,2.033282,0.468252,1.965809,3.097320,0.934701
0,24,17,4,10.576575,0.994676,0.000000,0.000324,1.039692,2.008462,7.558057,1.504733,0.685302,5.096624,5.575139,0.594502
0,24,18,4,8.150317,0.147138,-0.000000,0.000243,0.000201,0.609380,4.144340,1.787961,0.405700,2.676609,2.953645,0.325629
0,24,19,4,11.746703,2.053161,0.000000,0.090744,0.094083,0.000000,4.635545,3.576686,0.000000,0.258204,1.364520,-0.000000
1083,0,0,4,0.316740,1.004349,-0.000000,2.469032,1.233086,-0.000000,2.442535,1.410299,0.000000,3.037075,1.667369,0.000000
1083,0,1,4,0.149899,0.892902,0.000000,2.433697,1.217146,0.000000,2.449406,1.230030,0.000000,2.925372,1.413288,-0.000000
1083,0,2,4,0.084829,0.840697,0.000000,2.395816,1.130016,0.000000,2.512256,1.159142,-0.000000,2.840326,1.273365,-0.000000
1083,0,3,4,0.042211,0.800199,0.000000,2.364800,1.059926,-0.000000,2.554123,1.115546,-0.000000,2.764197,1.191448,0.000000
1083,0,4,4,0.009864,0.764560,-0.000000,2.328911,1.009576,-0.000000,2.567851,1.086898,-0.000000,2.695432,1.133744,-0.000000
1083,0,5,4,0.000000,0.736661,-0.000000,2.287122,0.969644,-0.000000,2.563490,1.063923,-0.000000,2.626528,1.086756,0.000000
1083,0,6,4,0.000000,0.711306,-0.000000,2.238918,0.934616,-0.000000,2.543695,1.042299,-0.000000,2.555149,1.045308,0.000000
1083,0,7,4,0.000000,0.684639,-0.000000,2.183782,0.901484,0.000000,2.508825,1.019456,-0.000000,2.480124,1.006763,-0.000000
1083,0,8,4,0.000000,0.656230,0.000000,2.120906,0.868504,-0.000000,2.459156,0.993848,-0.000000,2.399841,0.969070,-0.000000
1083,0,9,4,0.000000,0.625531,0.000000,2.049313,0.834329,-0.000000,2.394474,0.964312,-0.000000,2.312742,0.930647,0.000000
1083,0,10,4,0.000000,0.591970,-0.000000,1.967867,0.797837,-0.000000,2.314178,0.929889,-0.000000,2.217229,0.890191,-0.000000
1083,0,11,4,0.000000,0.554938,0.000000,1.875252,0.758030,-0.000000,2.217297,0.889715,-0.000000,2.111582,0.846556,0.000000
1083,0,12,4,0.000000,0.513759,0.000000,1.769903,0.713949,0.000000,2.102458,0.842920,-0.000000,1.993875,0.798660,0.000000
1083,0,13,4,0.000000,0.467638,-0.000000,1.649884,0.664585,0.000000,1.967753,0.788532,-0.000000,1.861822,0.745377,-0.000000
1083,0,14,4,0.000000,0.415571,-0.000000,1.512641,0.608753,-0.000000,1.810467,0.725327,0.000000,1.712488,0.685394,-0.000000
1083,0,15,4,0.000000,0.356153,-0.000000,1.354485,0.544861,0.000000,1.626479,0.651571,-0.000000,1.541698,0.616955,-0.000000
1083,0,16,4,0.000000,0.287180,0.000000,1.169504,0.470456,0.000000,1.409019,0.564510,0.000000,1.342765,0.537340,0.000000
1083,0,17,4,0.000000,0.204872,0.000000,0.947274,0.381272,0.000000,1.146079,0.459312,0.000000,1.103749,0.441748,-0.000000
1083,0,18,4,0.000000,0.102908,-0.000000,0.668200,0.269286,-0.000000,0.815408,0.327031,-0.000000,0.801560,0.320893,0.000000
1083,0,19,4,0.028154,0.034729,0.000000,0.293775,0.118946,-0.000000,0.376119,0.151337,0.000000,0.389885,0.156074,-0.000000
1083,1,0,4,2.653360,1.092063,0.832220,2.600352,0.000000,0.000000,4.316865,0.000000,0.000000,4.472634,0.000000,0.000000
1083,1,1,4,2.349840,0.879998,0.875549,2.158276,0.000000,0.000000,3.761927,0.000000,0.000000,3.495772,0.818977,0.000000
1083,1,2,4,2.355669,0.934658,0.867276,2.330519,0.128446,0.000000,4.387661,0.769728,0.000000,3.846357,1.793463,0.000000
1083,1,3,4,2.273494,0.996200,0.853810,2.598473,0.116489,0.000000,4.689453,0.667257,0.000000,4.203596,1.725568,0.000000
1083,1,4,4,2.110830,1.066290,0.834083,2.883269,0.120775,0.000000,4.909776,0.342484,0.000000,4.601123,1.365020,0.000000
1083,1,5,4,1.924767,1.159165,0.791436,3.186349,0.182065,0.000000,5.127682,0.043481,0.000000,5.073338,0.959918,0.000000
1083,1,6,4,1.790725,1.230773,0.736838,3.492616,0.234881,0.000000,5.450134,0.000000,0.000000,5.543936,0.620531,0.000000
1083,1,7,4,1.676643,1.293175,0.678219,3.804510,0.275153,0.000000,5.804089,0.000000,0.000000,6.011135,0.345474,0.000000
1083,1,8,4,1.574270,1.349169,0.614053,4.131967,0.300494,0.000000,6.185880,0.000000,0.000000,6.483256,0.126464,0.000000
1083,1,9,4,1.485615,1.400078,0.542983,4.488489,0.308564,0.000000,6.618979,0.000000,0.000000,6.972937,0.000000,0.000000
1083,1,10,4,1.412686,1.449748,0.463677,4.883679,0.292681,0.000000,7.134350,0.000000,0.000000,7.517186,0.000000,0.000000
1083,1,11,4,1.343369,1.484141,0.374708,5.325491,0.264906,0.000000,7.706552,0.000000,0.000000,8.102504,0.000000,0.000000
1083,1,12,4,1.272089,1.500595,0.274463,5.826284,0.232565,0.000000,8.347428,0.000000,0.000000,8.749093,0.000000,0.000000
1083,1,13,4,1.195721,1.497409,0.160998,6.399744,0.197381,0.000000,9.072298,0.000000,0.000000,9.472784,0.000000,0.000000
1083,1,14,4,1.112380,1.475642,0.031780,7.063578,0.158163,0.000000,9.898271,0.000000,0.000000,10.286995,0.000000,0.000000
1083,1,15,4,1.062048,1.419346,0.000000,7.862669,0.129524,0.000000,10.919066,0.000000,0.000000,11.288904,0.000000,0.000000
1083,1,16,4,0.982228,1.378389,0.000000,8.811730,0.088677,0.000000,12.134200,0.000000,0.000000,12.491315,0.000000,0.000000
1083,1,17,4,0.842755,1.338181,0.052877,9.942420,0.027099,0.000000,13.560054,0.000000,0.000000,13.907875,0.000000,0.000000
1083,1,18,4,0.685322,1.102177,0.283288,11.359863,0.000000,0.000000,15.270178,0.000000,0.000000,15.553390,0.000000,0.000000
1083,1,19,4,0.517227,0.765901,0.559277,13.265379,0.002321,0.000000,17.683130,0.313989,0.000000,17.784902,0.000000,0.000000
1083,2,0,4,4.348363,0.981920,-0.000000,4.226271,0.000000,0.000000,6.663044,0.000000,0.000000,6.680409,0.264247,0.000000
1083,2,1,4,4.380075,0.925363,-0.000000,4.534157,0.000000,0.000000,8.198034,2.706398,0.000000,6.878474,2.099679,0.000000
1083,2,2,4,4.275476,1.104973,-0.000000,5.449792,0.000000,-0.000000,9.481874,2.939481,0.000000,8.271333,2.075845,0.000000
1083,2,3,4,3.910430,1.209639,0.000000,5.548342,0.000000,0.000000,9.187525,1.963808,0.000000,8.508128,1.140591,0.000000
1083,2,4,4,3.494266,1.238727,0.000000,5.181228,0.296677,0.000000,8.386671,1.385307,0.000000,8.122153,0.751836,0.000000
1083,2,5,4,3.104186,1.196923,0.000000,4.643718,0.207760,0.000000,7.478262,1.254785,0.000000,7.269245,0.524047,-0.000000
1083,2,6,4,2.797640,1.069842,0.000000,3.999906,0.000000,-0.000000,6.466505,1.417173,0.000000,6.094207,0.643732,0.000000
1083,2,7,4,2.549919,0.929793,-0.000000,3.059223,0.000000,0.000000,5.213753,1.595899,0.000000,4.741900,0.983886,0.000000
1083,2,8,4,2.315500,0.785621,0.000000,2.026742,0.000000,0.000000,3.863892,1.764461,0.000000,3.323971,1.338542,0.000000
1083,2,9,4,2.094067,0.665697,-0.000000,0.908883,0.097722,0.000000,2.473557,1.964831,0.000000,1.818908,1.597495,0.000000
1083,2,10,4,1.827586,0.541646,0.000000,-0.000000,0.454798,0.000000,1.097486,2.176391,0.000000,0.246805,1.703681,0.000000
1083,2,11,4,1.412274,0.503219,-0.000000,-0.000000,0.508116,0.089179,-0.000000,1.579692,0.118623,0.000000,1.618383,0.119229
1083,2,12,4,1.139409,0.304426,0.254151,-0.000000,0.536373,0.064532,-0.000000,1.160224,0.326234,0.000000,1.365043,0.331618
1083,2,13,4,1.040697,0.265308,0.550394,0.000000,0.620339,0.064926,-0.000000,1.279719,0.324610,0.000000,1.459326,0.329955
1083,2,14,4,0.967097,0.246892,0.842328,0.000000,0.764132,0.053061,-0.000000,1.452393,0.303900,0.000000,1.615721,0.309064
1083,2,15,4,0.939818,0.234661,0.957545,0.000000,0.962501,0.051728,-0.000000,1.681942,0.287114,0.000000,1.817774,0.292284
1083,2,16,4,0.920629,0.250888,1.151356,0.000000,1.223171,0.052275,-0.000000,1.973936,0.275498,0.000000,2.076256,0.280832
1083,2,17,4,0.907391,0.298540,1.426149,0.000000,1.554355,0.050687,-0.000000,2.342616,0.260407,0.000000,2.405515,0.266024
1083,2,18,4,0.945899,0.478624,1.409998,0.000000,1.962899,0.056627,-0.000000,2.810532,0.238823,0.000000,2.825866,0.244904
1083,2,19,4,1.124002,0.836466,1.345614,0.000000,2.519283,0.098747,-0.000000,3.343479,0.223968,0.000000,3.425644,0.230609
1083,3,0,4,6.084376,0.668901,-0.000000,4.106765,0.337901,0.000000,7.412807,2.146393,0.000000,6.210513,2.021905,0.000000
1083,3,1,4,6.032414,0.595461,0.000000,1.182442,1.603986,0.000000,6.086365,8.284880,0.000000,2.147731,3.941375,0.000000
1083,3,2,4,5.133331,0.375559,-0.000000,-0.000000,1.522671,0.092559,2.176124,4.767985,0.210443,-0.000000,2.054854,0.216671
1083,3,3,4,3.929435,0.316460,0.000000,-0.000000,1.290788,0.390286,0.000000,1.812007,0.516363,-0.000000,1.446610,0.534998
1083,3,4,4,3.344135,0.440646,0.000000,-0.000000,1.101647,0.284830,0.000000,1.747334,0.572464,-0.000000,1.590867,0.590085
1083,3,5,4,2.925220,0.508934,-0.000000,-0.000000,0.946165,0.113421,0.000000,1.612655,0.634339,-0.000000,1.583663,0.649545
1083,3,6,4,2.665911,0.446624,0.000000,-0.000000,0.811871,0.103211,0.000000,1.357592,0.627774,-0.000000,1.325916,0.642082
1083,3,7,4,2.754051,0.433936,-0.000000,-0.000000,0.619725,0.089723,0.328745,1.820362,0.321499,-0.000000,1.318384,0.329951
1083,3,8,4,3.068299,0.558267,-0.000000,-0.000000,0.000000,0.000000,1.938349,2.153453,0.000000,0.578101,1.808806,0.000000
1083,3,9,4,3.022545,1.046794,0.000000,2.627586,0.000000,-0.000000,5.494816,1.117498,0.000000,4.944537,0.989395,0.000000
1083,3,10,4,2.863182,1.385281,0.000000,6.390542,0.086141,0.000000,9.630292,0.183165,0.000000,9.694985,0.446701,0.000000
1083,3,11,4,2.638738,1.865250,0.000000,9.598582,0.484088,0.000000,13.566400,0.000000,0.000000,14.165083,0.000000,-0.000000
1083,3,12,4,2.458500,1.699682,-0.000000,11.065935,0.000000,-0.000000,15.396127,0.000000,0.000000,15.509836,0.096556,-0.000000
1083,3,13,4,2.542770,1.873839,-0.000000,11.131842,0.000000,0.000000,16.043704,0.476473,0.000000,15.872183,1.296544,-0.000000
1083,3,14,4,2.529643,1.925704,-0.000000,11.267637,0.000000,0.000000,16.225656,0.469875,-0.000000,16.068279,1.422771,-0.000000
1083,3,15,4,2.456161,1.901347,0.000000,11.376123,0.000000,0.000000,16.228419,0.316289,0.000000,16.149428,1.293636,-0.000000
1083,3,16,4,2.328512,1.781659,-0.000000,11.507728,0.000000,0.000000,16.233723,0.125439,0.000000,16.234408,1.102591,-0.000000
1083,3,17,4,2.160399,1.637691,0.000000,11.701718,0.000000,0.000000,16.326683,0.000000,-0.000000,16.389498,0.884786,-0.000000
1083,3,18,4,2.000827,1.465803,0.000000,11.996193,0.000000,-0.000000,16.576163,0.000000,0.000000,16.666518,0.603378,-0.000000
1083,3,19,4,1.661635,1.182886,-0.000000,12.377717,0.000000,0.000000,17.091878,0.000000,-0.000000,17.107402,0.000000,0.000000
1083,4,0,4,8.122675,0.349367,-0.000001,-0.000136,0.000429,0.000000,3.060915,2.280965,0.000000,0.862289,2.708822,0.000000
1083,4,1,4,7.169924,0.377494,-0.000001,0.000026,1.142489,0.000000,1.983059,4.306521,0.201364,-0.000043,1.777118,0.205503
1083,4,2,4,6.444616,0.970314,-0.000001,0.589870,1.337881,-0.000000,3.670018,0.665893,-0.000000,3.512163,0.000885,-0.000000
1083,4,3,4,5.441285,1.531460,-0.000001,5.559392,0.030518,-0.000001,8.719918,0.000590,-0.000001,8.772596,0.000515,-0.000001
1083,4,4,4,5.393204,1.626359,-0.000001,8.316077,0.000325,-0.000000,12.660250,1.866115,-0.000001,11.265693,2.923093,-0.000001
1083,4,5,4,5.237268,1.808226,-0.000001,9.091954,0.000331,-0.000000,14.576969,2.272105,-0.000001,12.847310,4.193196,-0.000001
1083,4,6,4,4.939708,1.835722,-0.000001,10.076804,0.704808,-0.000000,15.727832,2.063115,-0.000001,13.905910,4.306847,-0.000001
1083,4,7,4,4.921511,1.922576,-0.000001,10.832188,0.857729,-0.000000,17.313441,2.018703,-0.000000,15.713513,4.359088,-0.000000
1083,4,8,4,4.783960,2.114695,-0.000001,11.872579,0.009155,0.000000,19.160422,1.046792,0.000000,18.232577,2.792314,0.000000
1083,4,9,4,4.194202,2.332072,-0.000001,11.544883,0.000163,0.000000,17.577309,0.000112,0.000000,17.726496,0.285551,0.000000
1083,4,10,4,3.941089,2.135756,-0.000001,4.534691,0.000220,0.000000,9.112659,0.306322,0.000000,8.861951,0.095941,0.000000
1083,4,11,4,3.496372,1.791326,-0.000001,-0.000094,1.400708,-0.000000,-0.000162,2.589103,-0.000000,-0.000198,2.246604,-0.000000
1083,4,12,4,2.853984,1.542228,-0.000001,-0.000075,1.480939,0.238277,-0.000177,2.291486,0.416779,-0.000386,2.464042,0.420451
1083,4,13,4,2.654381,1.789080,-0.000001,-0.000066,1.712606,0.102378,-0.000103,2.509691,0.507271,-0.000412,2.284795,0.516547
1083,4,14,4,2.643804,1.836755,-0.000001,-0.000094,1.814988,0.111958,-0.000086,2.616886,0.350225,-0.000358,2.293549,0.358920
1083,4,15,4,2.569457,1.809168,-0.000001,-0.000093,1.825880,0.111678,-0.000058,2.642379,0.240216,-0.000346,2.330195,0.247440
1083,4,16,4,2.448776,1.730928,-0.000002,-0.000087,1.813829,0.109097,-0.000042,2.652686,0.203347,-0.000321,2.383692,0.206813
1083,4,17,4,2.324314,1.700306,-0.000002,-0.000079,1.821730,0.105937,-0.000028,2.642768,0.214209,-0.000276,2.462766,0.220545
1083,4,18,4,2.243140,1.726326,-0.000002,-0.000068,1.866464,0.097632,-0.000020,2.604188,0.256872,-0.000211,2.598206,0.264076
1083,4,19,4,2.071999,1.803435,-0.000002,-0.000047,1.923998,0.119312,-0.000019,2.593751,0.292556,-0.000123,2.889239,0.301034
1083,5,0,4,10.353619,0.742409,0.000000,3.368652,0.271872,0.000000,8.293174,3.889558,0.000000,5.033279,3.241617,0.000000
1083,5,1,4,9.152405,0.426985,0.000000,9.231978,0.000000,0.000000,15.330002,2.447745,-0.000000,12.521944,4.352855,0.000000
1083,5,2,4,8.396645,0.958926,-0.000000,12.243652,0.191655,0.000000,19.960355,2.594925,-0.000000,17.565652,3.509119,-0.000000
1083,5,3,4,7.802617,1.163690,0.000000,9.528488,3.977120,0.000000,16.894327,6.948475,0.000000,11.760939,7.220064,-0.000000
1083,5,4,4,7.570456,1.074917,0.000000,-0.000000,1.122502,0.000000,5.836357,10.885718,0.000000,0.692536,4.159516,0.000000
1083,5,5,4,5.221905,1.499943,-0.000000,-0.000000,1.473331,0.419614,0.000000,1.625869,0.831786,-0.000000,1.452886,0.857587
1083,5,6,4,4.880060,1.420027,-0.000000,-0.000000,1.676207,0.499563,0.000000,2.018248,0.442552,-0.000000,1.570009,0.324519
1083,5,7,4,4.787952,1.455084,-0.000000,-0.000000,1.945969,0.686822,0.250020,2.631597,0.545429,-0.000000,1.614298,0.158486
1083,5,8,4,4.614650,1.555530,-0.000000,-0.000000,2.538671,0.673228,0.336427,3.540013,0.618822,-0.000000,2.312273,0.045054
1083,5,9,4,4.329282,1.743801,0.000000,-0.000000,2.071731,0.321309,0.000000,3.516683,0.429447,-0.000000,3.313995,0.223753
1083,5,10,4,4.019539,1.890046,0.000000,-0.000000,0.809373,0.210857,0.603045,2.646367,0.630138,-0.000000,2.246479,0.642693
1083,5,11,4,3.240182,1.483886,-0.000000,-0.000000,0.082010,0.033208,0.000000,0.765042,0.813498,-0.000000,0.626126,0.832759
1083,5,12,4,3.008846,1.080758,0.000000,-0.000000,0.000000,0.000000,0.221779,0.487543,-0.000000,-0.000000,0.905312,-0.000000
1083,5,13,4,3.580679,1.983310,0.000000,5.140007,0.000000,-0.000000,8.980531,0.695678,-0.000000,8.148637,1.625907,-0.000000
1083,5,14,4,4.037622,2.259462,-0.000000,8.825329,0.000000,-0.000000,13.521668,0.523564,-0.000000,13.131209,1.757814,0.000000
1083,5,15,4,4.176962,2.384122,0.000000,10.219183,0.322331,-0.000000,15.384111,0.421182,-0.000000,15.166687,1.637118,-0.000000
1083,5,16,4,4.118133,2.318876,-0.000000,10.705627,0.668037,-0.000000,15.983226,0.290997,0.000000,15.847924,1.537072,-0.000000
1083,5,17,4,4.012127,2.119505,0.000000,10.836013,0.825870,0.000000,16.000752,0.057201,-0.000000,15.931741,1.375739,0.000000
1083,5,18,4,3.878782,1.836692,0.000000,10.832821,0.854411,0.000000,15.959588,0.000000,-0.000000,15.871365,1.108771,-0.000000
1083,5,19,4,3.281753,1.333434,0.000000,10.396305,0.455532,0.000000,16.070693,0.000000,0.000000,15.789929,0.369955,-0.000000
1083,6,0,4,12.501155,1.488861,0.000000,3.649624,2.129238,0.000000,10.444974,8.529928,0.000000,4.669085,4.548477,0.000000
1083,6,1,4,11.016382,0.984341,0.000000,-0.000000,0.748547,0.000000,5.726226,10.784568,0.033086,0.161082,3.106781,0.033766
1083,6,2,4,8.372791,0.280337,-0.000000,-0.000000,1.662754,0.219629,0.000000,4.264936,1.211114,-0.000000,2.736325,1.240498
1083,6,3,4,7.725832,0.781418,-0.000000,-0.000000,1.150087,0.230636,0.000000,3.548205,1.041476,-0.000000,1.339351,1.067610
1083,6,4,4,7.343908,0.880926,0.000000,-0.000000,0.841050,1.986065,1.102543,1.376556,1.101134,-0.000000,0.197161,0.580773
1083,6,5,4,5.920952,1.229007,0.000000,-0.000000,0.956442,1.511550,0.000000,1.014223,0.132070,-0.000000,0.595608,0.093935
1083,6,6,4,6.008788,1.530377,0.000000,3.063626,0.000000,-0.000000,6.416554,2.058263,0.000000,5.487310,0.100417,0.000000
1083,6,7,4,6.734687,1.456763,0.000000,7.301800,0.000000,0.000000,13.016999,4.155181,-0.000000,10.598678,3.799112,-0.000000
1083,6,8,4,6.840171,1.442295,-0.000000,9.141568,1.026469,-0.000000,15.585051,3.845068,-0.000000,12.406457,5.438404,0.000000
1083,6,9,4,6.602221,1.361103,0.000000,9.110238,2.522895,-0.000000,16.271673,3.793634,-0.000000,12.782090,5.855741,-0.000000
1083,6,10,4,6.029947,1.374597,0.000000,11.694269,3.764734,0.000000,19.182890,4.708874,-0.000000,15.507027,6.320255,0.000000
1083,6,11,4,5.043939,1.829746,0.000000,11.493719,2.365159,-0.000000,18.416857,2.320718,0.000000,16.757855,3.915219,0.000000
1083,6,12,4,4.822273,1.713382,0.000000,12.742944,0.429125,0.000000,18.979178,0.836326,-0.000000,18.062867,2.668540,0.000000
1083,6,13,4,4.876549,2.310923,0.000000,11.305000,0.000000,0.000000,18.404809,1.697302,-0.000000,17.409481,1.445091,-0.000000
1083,6,14,4,4.963663,1.521066,0.000000,-0.000000,0.000000,0.000000,3.191661,2.463602,0.000000,1.869896,0.660311,0.000000
1083,6,15,4,4.196989,1.215548,0.000000,-0.000000,1.575470,0.223558,0.000000,2.214200,0.435175,-0.000000,1.857252,0.444092
1083,6,16,4,3.974728,1.172043,-0.000000,-0.000000,1.674814,0.288616,0.000000,2.260836,0.501131,-0.000000,1.909200,0.491465
1083,6,17,4,3.769283,1.070917,0.000000,-0.000000,1.709725,0.351013,0.000000,2.293379,0.565000,-0.000000,1.952489,0.521652
1083,6,18,4,3.572086,0.926575,0.000000,-0.000000,1.665704,0.396121,0.000000,2.181296,0.625604,-0.000000,2.019351,0.567394
1083,6,19,4,2.913453,0.916913,-0.000000,-0.000000,1.515807,0.375487,0.000000,2.048226,0.647371,-0.000000,2.302729,0.581271
1083,7,0,4,14.721324,2.635208,-0.000000,1.651694,0.000000,0.000000,8.345935,9.390650,0.000000,2.545770,3.155015,0.000000
1083,7,1,4,12.321175,1.993158,-0.000000,-0.000000,2.992771,0.001977,3.148598,3.505690,-0.000000,0.454569,1.078990,-0.000000
1083,7,2,4,9.536689,0.592284,0.000000,3.920731,0.000000,-0.000000,5.225367,0.000000,-0.000000,4.257939,0.000000,-0.000000
1083,7,3,4,10.274644,0.539760,-0.000000,6.701696,0.880163,0.000000,13.709050,4.702482,-0.000000,9.177196,8.033301,-0.000000
1083,7,4,4,10.176500,0.514731,-0.000000,12.486450,5.287164,0.000000,21.872033,5.683235,0.000000,14.955909,11.092764,-0.000000
1083,7,5,4,8.882949,1.212146,-0.000000,12.080354,4.516880,-0.000000,20.886027,7.898792,-0.000000,14.422578,9.884991,0.000000
1083,7,6,4,8.856920,1.334013,0.000000,13.226313,4.044456,-0.000000,23.815917,8.411077,0.000000,17.207673,9.792531,-0.000000
1083,7,7,4,9.001120,0.851460,-0.000000,3.706429,2.769287,-0.000000,12.587547,7.641151,0.000000,6.511866,7.481626,-0.000000
1083,7,8,4,7.568101,0.907438,-0.000000,-0.000000,1.929859,0.000000,0.505880,3.880139,0.174107,-0.000000,1.506169,0.472619
1083,7,9,4,6.832240,0.978457,-0.000000,-0.000000,1.688463,0.544582,0.000000,1.616151,0.636737,-0.000000,0.724514,0.356736
1083,7,10,4,6.176398,0.860724,0.000000,-0.000000,1.867215,1.153660,0.000000,2.339141,0.670987,-0.000000,0.844998,-0.000000
1083,7,11,4,5.219534,0.713249,-0.000000,-0.000000,1.801308,1.514359,0.261222,2.652443,0.781954,-0.000000,1.872611,0.149611
1083,7,12,4,4.900534,0.913321,-0.000000,-0.000000,2.116978,0.954992,0.579663,3.062578,0.927805,-0.000000,2.071123,0.299242
1083,7,13,4,4.513395,1.502007,0.000000,-0.000000,2.272172,0.674824,0.000000,3.143687,0.650189,-0.000000,2.712000,0.000000
1083,7,14,4,4.829931,1.251597,-0.000000,-0.000000,0.553110,0.392194,1.316100,1.303041,0.553329,-0.000000,0.725497,0.204676
1083,7,15,4,3.863948,0.363648,0.000000,-0.000000,0.448633,0.202352,0.000000,0.576940,0.329960,-0.000000,0.619959,0.289074
1083,7,16,4,4.559643,0.091028,-0.000000,-0.000000,0.000000,0.000000,1.670505,2.545582,-0.000000,-0.000000,1.420413,0.000000
1083,7,17,4,5.067344,0.789164,-0.000000,6.075596,0.292786,-0.000000,9.935556,2.568512,0.000000,8.209825,2.671333,0.000000
1083,7,18,4,5.246517,1.094496,-0.000000,8.568085,0.889965,-0.000000,13.618506,2.212037,0.000000,11.729786,3.375348,-0.000000
1083,7,19,4,4.451934,0.972672,0.000000,8.577079,0.660831,-0.000000,14.809132,1.232044,-0.000000,13.197718,2.851949,0.000000
1083,8,0,4,16.816077,3.642427,0.000000,3.758779,0.843099,0.000000,11.588178,10.554709,0.289277,5.176420,3.548380,0.295223
1083,8,1,4,14.607826,2.849400,0.000000,5.861336,0.759998,0.000000,12.825554,11.583653,0.129201,6.278960,4.493640,0.131877
1083,8,2,4,13.116279,1.835832,0.000000,8.225439,6.718735,-0.000000,16.704728,17.902958,-0.000000,6.675254,8.643448,0.000000
1083,8,3,4,12.728554,1.637991,0.000000,2.436902,1.337979,0.000000,12.328412,17.637515,0.205952,3.972886,3.786273,0.205816
1083,8,4,4,10.023644,0.899170,-0.000000,-0.000000,1.844411,0.000000,0.789876,3.297882,0.749280,-0.000000,0.215942,1.037750
1083,8,5,4,9.170637,0.170340,0.000000,-0.000000,1.702291,0.983633,0.190534,2.352353,1.415228,-0.000000,0.245649,-0.000000
1083,8,6,4,9.313640,0.343124,0.000000,-0.000000,2.500884,2.575844,0.273793,4.637448,1.318613,-0.000000,1.299482,0.254934
1083,8,7,4,9.643980,1.119649,-0.000000,-0.000000,1.058445,2.954855,1.965489,4.312376,1.172628,-0.000000,0.000000,0.846492
1083,8,8,4,8.444511,0.988314,0.000000,-0.000000,0.806616,2.419386,0.606462,1.282486,0.797843,-0.000000,0.628997,0.758484
1083,8,9,4,7.111215,1.427573,0.000000,-0.000000,1.224576,-0.000000,0.037203,1.623223,-0.000000,-0.000000,0.662869,-0.000000
1083,8,10,4,8.067846,1.093691,-0.000000,3.590274,0.903513,0.000000,9.008418,6.555194,-0.000000,4.440433,5.854735,0.000000
1083,8,11,4,7.719574,0.878643,-0.000000,7.362355,3.778134,0.000000,15.089213,7.629755,0.000000,9.137432,8.995129,0.000000
1083,8,12,4,7.590223,0.989821,-0.000000,7.990842,3.787827,-0.000000,15.861342,5.740936,0.000000,10.750202,8.654154,-0.000000
1083,8,13,4,6.898277,1.210514,-0.000000,8.956825,2.331405,-0.000000,15.172541,3.216896,0.000000,11.670081,6.068841,-0.000000
1083,8,14,4,6.904472,1.153761,0.000000,12.666085,4.017583,0.000000,21.002247,5.079103,0.000000,16.524355,7.191983,0.000000
1083,8,15,4,6.099000,0.813388,0.000000,9.668428,0.913247,-0.000000,14.865100,1.314072,0.000000,13.079482,4.254674,-0.000000
1083,8,16,4,6.880059,0.941950,0.000000,12.984041,1.442728,-0.000000,20.612061,3.693180,-0.000000,17.433770,5.325356,0.000000
1083,8,17,4,7.037161,1.236149,0.000000,9.229424,0.000000,-0.000000,16.872796,2.634206,-0.000000,14.833868,2.991652,0.000000
1083,8,18,4,6.283349,0.190185,-0.000000,-0.000000,0.717770,-0.000000,2.063907,2.296284,0.000000,-0.000000,1.278635,-0.000000
1083,8,19,4,4.110848,0.000000,-0.000000,-0.000000,1.316227,0.481010,-0.000000,2.152964,0.327621,-0.000000,1.746032,0.028367
1083,9,0,4,18.064936,4.144097,0.000000,3.916466,1.059479,0.000000,12.127473,11.466198,0.491119,4.694653,4.844261,0.501213
1083,9,1,4,14.572500,2.888536,0.000000,1.025160,0.749075,-0.000000,5.864244,5.046871,1.525572,1.313228,1.745931,1.556930
1083,9,2,4,11.986591,1.583712,0.000000,-0.000000,1.995550,0.370023,0.911425,2.001824,1.035334,-0.000000,0.737383,1.064222
1083,9,3,4,11.605798,1.405380,0.000000,-0.000000,3.212433,2.914040,1.779333,2.047559,1.313795,-0.000000,0.000000,0.540495
1083,9,4,4,9.996813,0.882826,0.000000,-0.000000,1.235436,1.303548,0.018319,1.782857,0.254233,-0.000000,0.000000,-0.000000
1083,9,5,4,11.064771,1.228383,0.000000,2.723485,0.000000,-0.000000,6.957392,6.378337,0.000000,2.522647,3.471238,-0.000000
1083,9,6,4,12.369233,1.431150,-0.000000,6.275645,2.885742,0.000000,15.416165,14.049837,0.000000,7.198888,8.178433,0.000000
1083,9,7,4,12.874949,1.750140,0.000000,11.114362,8.382695,0.000000,23.497772,19.984669,-0.000000,12.038059,9.498957,0.000000
1083,9,8,4,12.221712,1.455513,0.000000,11.500391,9.482199,-0.000000,24.085904,18.075503,0.000000,12.995070,12.390506,-0.000000
1083,9,9,4,1.283931,2.302500,0.826975,-0.000000,0.000000,0.000000,-0.000000,0.000000,0.083073,0.000000,0.126595,0.365094
1083,9,10,4,10.970671,0.689752,-0.000000,14.336307,7.212102,0.000000,26.611743,12.659021,-0.000000,17.322127,13.176048,0.000000
1083,9,11,4,9.130938,0.184639,-0.000000,3.191256,0.000000,0.000000,10.980252,3.280903,-0.000000,7.954284,1.393960,0.000000
1083,9,12,4,8.019820,0.000000,-0.000000,-0.000000,1.234182,0.486469,0.281457,3.078811,0.000000,-0.000000,0.323353,-0.000000
1083,9,13,4,7.152764,0.265380,-0.000000,-0.000000,1.444844,1.663186,0.447793,1.665786,0.568913,-0.000000,0.654447,0.709247
1083,9,14,4,6.542459,0.128457,-0.000000,-0.000000,1.880049,1.610855,0.210933,2.357702,0.771430,-0.000000,0.768338,0.321242
1083,9,15,4,6.181145,0.196550,-0.000000,-0.000000,1.440879,1.647422,1.282097,2.539554,1.054747,-0.000000,0.888853,0.510655
1083,9,16,4,6.374310,0.210307,-0.000000,-0.000000,2.012771,1.180827,1.079728,3.064851,0.943911,-0.000000,0.862582,-0.000000
1083,9,17,4,6.415919,0.386161,-0.000000,-0.000000,2.234711,1.212185,1.098439,3.031698,0.794056,-0.000000,1.500749,0.000000
1083,9,18,4,5.971851,0.138649,-0.000000,-0.000000,0.631181,0.720632,1.211128,0.602919,0.526973,0.000000,0.000000,0.108452
1083,9,19,4,3.289576,0.010435,0.000000,-0.000000,0.106589,0.416616,0.000000,0.819504,0.579781,-0.000000,0.863692,0.563152
1083,10,0,4,20.581552,5.458025,0.000000,0.908298,4.360338,0.000000,6.613870,6.637961,0.557419,1.348342,1.941229,0.568877
1083,10,1,4,15.681083,3.340949,-0.000000,-0.000000,2.080526,0.000000,2.264874,1.486268,0.425044,-0.000000,0.229679,0.433781
1083,10,2,4,14.850243,3.103093,0.000000,1.377503,0.000000,0.000000,5.814338,8.964744,-0.000000,0.559682,1.275612,-0.000000
1083,10,3,4,16.620907,3.661737,-0.000000,10.105273,2.765899,0.000000,18.600740,19.747887,-0.000000,7.525439,7.888004,-0.000000
1083,10,4,4,17.613630,4.174712,-0.000000,11.514679,8.450198,0.000000,25.887728,33.022514,0.000000,11.426273,9.240105,0.000000
1083,10,5,4,19.509384,4.506063,-0.000000,14.871896,9.760257,-0.000000,33.230269,39.999084,-0.000000,14.204148,12.624634,0.000000
1083,10,6,4,19.023396,4.684828,-0.000000,3.148798,0.000000,-0.000000,15.575305,22.640854,-0.000000,3.150257,4.377237,0.000000
1083,10,7,4,13.998055,2.393384,0.000000,-0.000000,3.359600,0.000000,-0.000000,2.115077,0.000000,-0.000000,0.454057,-0.000000
1083,10,8,4,10.947581,0.452087,0.000000,-0.000000,1.262130,2.550591,-0.000000,0.684041,1.944798,-0.000000,0.000000,0.616155
1083,10,9,4,2.336801,0.000000,0.000000,-0.000000,0.526133,6.446923,0.866307,0.000000,4.628101,-0.000000,0.079345,4.503743
1083,10,10,4,11.190804,1.071056,-0.000000,-0.000000,3.128039,1.957412,-0.000000,9.522310,0.835893,-0.000000,1.162938,0.021043
1083,10,11,4,11.175642,0.738874,0.000000,-0.000000,2.101557,3.686449,0.803321,4.628280,1.774725,-0.000000,1.644487,2.351166
1083,10,12,4,8.437334,0.000000,-0.000000,-0.000000,1.330848,1.572423,-0.000000,0.000000,0.885325,-0.000000,0.062800,0.253932
1083,10,13,4,8.469496,0.363066,-0.000000,-0.000000,0.000000,-0.000000,3.122242,10.071675,0.000000,-0.000000,1.796100,0.000000
1083,10,14,4,9.286518,0.663918,0.000000,3.558745,1.756507,-0.000000,9.659455,7.385453,-0.000000,3.302021,7.096067,-0.000000
1083,10,15,4,9.340667,0.251071,0.000000,7.403857,6.857892,0.000000,16.949096,9.794137,0.000000,7.956256,12.921622,0.000000
1083,10,16,4,9.351921,0.030150,0.000000,9.123535,3.324301,0.000000,17.171283,6.772594,0.000000,11.035394,10.235857,0.000000
1083,10,17,4,9.322589,0.301734,-0.000000,10.048341,5.182359,-0.000000,18.378942,5.799374,0.000000,11.762682,11.309917,0.000000
1083,10,18,4,8.947277,0.770264,0.000000,14.175467,6.393299,-0.000000,28.029718,6.721525,0.000000,21.398671,10.501674,-0.000000
1083,10,19,4,5.534060,0.644894,0.000000,8.284389,2.586826,-0.000000,16.713678,2.336199,0.000000,13.006048,6.509354,0.000000
1083,11,0,4,21.570152,5.776410,-0.000000,3.876471,0.482470,0.000000,11.045365,11.851984,0.808577,2.571761,3.787367,0.825197
1083,11,1,4,17.402818,4.252301,-0.000000,6.211394,2.075849,0.021506,13.604169,16.113722,1.226707,4.866825,4.383709,1.251438
1083,11,2,4,17.824318,4.247381,-0.000000,9.908311,2.568329,0.000000,21.807750,22.620028,1.200262,9.400526,9.371668,1.214604
1083,11,3,4,18.661638,4.361463,0.000000,9.035517,0.134190,-0.000000,19.547160,20.518638,0.447371,7.865162,9.898011,1.256870
1083,11,4,4,16.484165,4.243991,0.000000,0.000000,0.633177,0.000000,4.094908,2.812624,1.368259,-0.000000,2.300512,1.554038
1083,11,5,4,18.189610,4.146235,-0.000000,0.000000,3.304448,3.561977,3.244457,3.160107,1.179225,-0.000000,3.078567,1.179191
1083,11,6,4,19.562474,4.111261,-0.000000,0.000000,4.515605,3.908694,5.125977,3.064068,1.291984,-0.000000,2.596531,2.333701
1083,11,7,4,13.724648,2.133471,0.000000,0.000000,1.393314,0.603966,0.000000,2.250061,0.727857,-0.000000,1.700792,1.235314
1083,11,8,4,9.139048,1.000147,0.000000,-0.000000,0.000000,0.000000,0.000000,0.859925,-0.000000,-0.000000,0.265002,0.283292
1083,11,9,4,3.616027,0.000000,0.000000,2.020326,0.000000,-0.000000,6.854409,7.268347,-0.000000,1.458373,6.281239,0.000000
1083,11,10,4,1.392545,2.816295,0.547600,-0.000000,0.357482,-0.000000,-0.000000,0.000000,-0.000000,0.000000,0.000000,0.166999
1083,11,11,4,15.860167,2.556731,-0.000000,5.210684,5.481646,0.000000,14.460383,21.777329,-0.000000,3.020092,7.815191,0.000000
1083,11,12,4,12.924799,2.039667,-0.000000,5.523643,6.029654,-0.000000,14.851250,23.580827,-0.000000,3.963931,7.032783,0.000000
1083,11,13,4,12.466536,2.055265,-0.000000,9.282650,7.677563,-0.000000,20.444520,17.270933,0.000000,8.845050,14.885420,0.000000
1083,11,14,4,11.673840,1.014118,-0.000000,11.792682,2.812121,0.000000,22.221233,6.735807,-0.000000,15.823593,7.995219,-0.000000
1083,11,15,4,10.315946,0.372879,0.000000,2.357684,0.000000,-0.000000,10.762234,1.119192,0.000000,8.019922,0.724466,0.000000
1083,11,16,4,9.138139,0.415625,-0.000000,0.000000,1.726927,1.088114,0.696025,2.333796,0.000000,-0.000000,1.635327,0.174730
1083,11,17,4,8.789163,0.071970,-0.000000,0.000000,0.769304,1.673756,1.445282,3.055361,0.131539,-0.000000,0.425189,0.449072
1083,11,18,4,8.440060,0.000000,-0.000000,0.000000,0.888670,2.331088,1.953219,4.020459,0.779066,-0.000000,0.252078,0.672225
1083,11,19,4,5.506525,0.085862,0.000000,-0.000000,0.000000,2.667022,0.699205,1.642312,0.818662,-0.000000,0.000000,0.826700
1083,12,0,4,20.842495,5.416578,-0.000000,6.757304,0.000000,0.000000,14.884190,14.263102,0.777692,5.462137,5.729270,0.793677
1083,12,1,4,15.151582,3.156829,0.000000,4.535655,2.109152,-0.000000,11.270584,11.057927,1.150864,4.428798,6.131930,1.174760
1083,12,2,4,13.972918,2.814842,-0.000000,-0.000000,2.564092,1.466409,4.533977,4.515624,1.270248,0.142441,2.566569,1.336829
1083,12,3,4,14.168026,2.292862,0.000000,-0.000000,4.837902,0.006352,1.010978,0.760116,1.119049,-0.000000,1.694901,0.755060
1083,12,4,4,14.706085,2.596118,0.000000,-0.000000,1.364044,0.870146,2.734196,1.647944,0.084410,-0.000000,1.862959,0.000000
1083,12,5,4,16.026576,3.379842,0.000000,-0.000000,0.191496,0.000000,4.727279,5.405046,0.800616,-0.000000,0.839735,1.555064
1083,12,6,4,18.925842,4.141844,-0.000000,5.872356,0.000000,-0.000000,16.670490,19.337117,1.132521,5.191939,5.510805,1.225216
1083,12,7,4,13.644708,2.958677,-0.000000,4.173098,1.313699,-0.000000,7.785322,10.759533,1.475817,2.847654,4.144430,1.535930
1083,12,8,4,10.818072,2.055918,0.000000,4.553807,4.389119,0.000000,11.653459,19.863861,0.317133,3.328554,5.141046,0.514449
1083,12,9,4,3.088346,0.136500,-0.000000,13.034586,7.527239,0.000000,23.679533,20.423124,-0.000000,11.798442,11.853273,0.000000
1083,12,10,4,1.524708,1.035128,0.000000,2.072516,0.000000,-0.000000,3.310214,0.000000,-0.000000,3.931813,0.000000,0.000000
1083,12,11,4,17.384042,2.884813,-0.000000,9.033153,0.052875,-0.000000,18.411145,5.600035,-0.000000,11.045235,10.615693,0.000000
1083,12,12,4,12.139869,1.706787,-0.000000,-0.000000,0.098170,0.000000,5.259891,3.350340,0.000000,3.615507,4.320635,0.000000
1083,12,13,4,11.220409,1.666332,0.000000,-0.000000,0.330532,1.067201,1.864433,1.697421,0.060441,-0.000000,0.825522,0.152593
1083,12,14,4,10.814498,0.935347,-0.000000,-0.000000,2.133062,2.799378,1.826198,4.464002,1.519316,-0.000000,1.026395,2.101020
1083,12,15,4,10.039171,0.426331,-0.000000,0.000000,0.000000,0.871125,3.719352,4.834201,0.204850,-0.000000,0.741177,0.743132
1083,12,16,4,7.988171,0.000000,-0.000000,0.000000,0.000000,0.062335,0.404730,0.955055,0.486239,-0.000000,0.009916,0.515296
1083,12,17,4,9.136899,0.651092,0.000000,0.000000,0.125519,0.000000,4.196119,8.618030,-0.000000,-0.000000,2.097295,-0.000000
1083,12,18,4,9.966135,0.318886,-0.000000,2.454277,2.464990,-0.000000,10.466366,9.829906,0.000000,4.071226,8.174875,-0.000000
1083,12,19,4,7.669852,0.840857,0.000000,4.969478,2.797707,-0.000000,13.243346,7.319511,-0.000000,7.683393,6.296440,0.000000
1083,13,0,4,19.378647,4.774078,0.000000,3.582345,3.332657,0.000000,10.010026,10.103384,0.550424,3.402130,3.357087,0.561738
1083,13,1,4,11.902462,1.831070,0.000000,-0.000000,2.752802,0.655637,1.141188,0.827785,0.844487,-0.000000,1.083288,0.875561
1083,13,2,4,11.028945,1.260155,-0.000000,-0.000000,1.120447,0.000000,1.990907,0.805606,0.302998,-0.000000,0.145087,0.301429
1083,13,3,4,13.342873,1.957910,0.000000,4.626756,0.614413,-0.000000,9.095815,9.296304,0.010970,4.404798,3.660381,0.204691
1083,13,4,4,16.469175,3.235651,0.000000,9.102042,5.660444,0.000000,21.695461,23.967468,0.417190,9.266450,7.511851,0.245229
1083,13,5,4,18.671055,4.368785,0.000000,10.673216,4.536003,-0.000000,24.008955,24.358193,0.023353,10.485809,8.314814,0.017488
1083,13,6,4,19.464540,4.666628,0.000000,10.071996,0.781897,-0.000000,21.839841,21.327102,0.473668,9.310839,8.491909,0.483404
1083,13,7,4,12.103682,2.308900,0.000000,-0.000000,0.859495,0.000000,0.813366,0.663233,0.388545,-0.000000,0.897930,0.400547
1083,13,8,4,8.405327,0.433584,-0.000000,-0.000000,0.037133,-0.000000,2.324986,1.175659,0.193026,0.568373,2.055477,0.214005
1083,13,9,4,-0.000000,0.000000,0.000000,-0.000000,1.550994,0.433219,0.363140,2.401712,-0.000000,-0.000000,2.455362,-0.000000
1083,13,10,4,1.098519,0.000000,-0.000000,-0.000000,0.000000,3.420953,0.000000,0.000000,3.742672,-0.000000,0.483226,3.973728
1083,13,11,4,15.790695,2.709468,-0.000000,-0.000000,3.335534,0.445163,1.928828,6.867269,0.075366,-0.000000,0.276503,0.000000
1083,13,12,4,10.348679,0.972260,-0.000000,-0.000000,1.698669,0.295458,0.918085,0.000000,0.829711,-0.000000,0.414529,0.202314
1083,13,13,4,10.019933,1.039941,0.000000,-0.000000,0.295450,-0.000000,2.113321,2.992255,0.857874,-0.000000,0.137673,0.886449
1083,13,14,4,11.868258,0.697352,0.000000,1.891613,3.685518,0.000000,10.645796,16.986662,-0.000000,2.209796,6.078753,0.000000
1083,13,15,4,0.268351,2.360296,-0.000000,-0.000000,0.341630,-0.000000,-0.000000,0.000000,0.000000,0.000000,0.465683,-0.000000
1083,13,16,4,10.205014,0.336138,-0.000000,9.717027,6.021128,-0.000000,18.254759,9.998783,0.000000,10.890619,10.118122,0.000000
1083,13,17,4,11.282649,0.981657,-0.000000,10.662433,4.315290,0.000000,22.023429,9.871793,-0.000000,13.229668,12.468936,0.000000
1083,13,18,4,11.145596,0.725958,0.000000,8.908672,0.000000,0.000000,18.582129,5.069532,-0.000000,14.638738,5.699259,0.000000
1083,13,19,4,8.260255,0.984260,-0.000000,0.268874,0.502320,-0.000000,8.021332,0.000000,0.000000,6.524898,0.000000,0.000000
1083,14,0,4,18.158240,4.351948,-0.000000,2.946162,2.598811,0.000000,6.780947,7.404699,0.399687,1.562708,1.736678,0.407903
1083,14,1,4,10.968057,1.356113,0.000000,1.813135,0.000000,0.000000,4.622050,6.533139,0.208539,1.263836,0.301419,0.204342
1083,14,2,4,12.328910,1.613146,-0.000000,7.097480,2.773563,0.000000,16.428587,18.497733,-0.000000,7.163171,5.744332,-0.000000
1083,14,3,4,14.338347,2.261391,0.000000,10.627432,5.590030,-0.000000,20.593457,21.702681,0.133711,9.801789,9.774627,0.136459
1083,14,4,4,15.878082,3.303371,0.000000,-0.000000,0.000000,0.000000,9.931130,10.788679,0.764392,2.022762,4.002630,0.780519
1083,14,5,4,15.031135,3.018141,0.000000,-0.000000,2.407475,0.523985,2.144454,2.479022,1.274477,-0.000000,0.636632,1.159513
1083,14,6,4,14.914260,2.466850,0.000000,-0.000000,5.864492,1.333701,0.361427,0.000000,1.598633,-0.000000,1.158855,0.902226
1083,14,7,4,10.272973,0.809813,-0.000000,-0.000000,1.739677,1.301552,0.482904,0.037979,0.484821,-0.000000,0.594268,-0.000000
1083,14,8,4,5.770008,0.000000,0.000000,-0.000000,1.298205,-0.000000,0.555763,0.819326,0.570152,-0.000000,0.000000,0.592997
1083,14,9,4,-0.000000,1.459513,-0.000000,1.918681,1.345672,0.000000,3.480332,1.854938,-0.000000,3.448542,0.502091,-0.000000
1083,14,10,4,1.039280,2.314511,-0.000000,3.779226,0.000000,0.000000,6.214729,0.000000,0.000000,7.170554,0.000000,-0.000000
1083,14,11,4,16.783932,2.979189,-0.000000,6.043267,0.000000,0.000000,13.572643,5.339154,-0.000000,7.510845,7.012967,0.000000
1083,14,12,4,12.515229,1.662299,0.000000,8.942198,4.654899,0.000000,17.966620,18.909461,-0.000000,8.504501,8.356332,0.000000
1083,14,13,4,13.031726,1.926039,-0.000000,9.557327,7.317971,-0.000000,21.844348,17.987660,0.000000,10.049567,10.512041,0.000000
1083,14,14,4,12.325756,1.087241,-0.000000,9.586882,6.305742,-0.000000,20.563348,11.590923,0.000000,11.334981,11.617200,0.000000
1083,14,15,4,0.000000,2.632048,0.189643,5.885532,2.478163,-0.000000,6.906263,0.000000,0.000000,8.631336,0.000000,0.000000
1083,14,16,4,10.536855,0.000000,-0.000000,5.072317,0.000000,-0.000000,15.184704,0.729819,0.000000,13.092351,1.105584,-0.000000
1083,14,17,4,9.855143,0.644714,-0.000000,0.000000,1.311321,0.978462,0.902477,2.160646,0.649619,-0.000000,0.664288,0.684565
1083,14,18,4,10.015826,0.505102,-0.000000,0.000000,1.068019,2.289415,0.571906,4.089800,0.977485,-0.000000,0.456553,0.369080
1083,14,19,4,7.164283,0.313744,-0.000000,0.000000,0.000000,0.323390,1.218813,0.627762,0.387731,-0.000000,0.000000,-0.000000
1083,15,0,4,17.728474,4.220528,-0.000000,4.961820,0.754114,0.000000,8.432434,8.353617,0.364053,2.647503,2.269381,0.371536
1083,15,1,4,11.407626,1.324719,-0.000000,5.449737,1.862794,-0.000000,12.710381,12.569626,0.178274,5.984012,5.468794,0.182752
1083,15,2,4,12.508283,1.450403,-0.000000,3.586088,0.000000,0.000000,14.244858,13.828872,0.000000,6.246544,6.865755,0.000000
1083,15,3,4,11.884176,1.671684,-0.000000,-0.000000,2.131602,-0.000000,0.213925,0.809539,0.439595,-0.000000,0.604963,0.468288
1083,15,4,4,13.877780,2.218636,-0.000000,-0.000000,2.875495,2.445574,2.644265,0.990497,0.876648,-0.000000,0.000000,0.200814
1083,15,5,4,12.200682,1.805352,0.000000,-0.000000,1.139095,0.249923,1.123121,1.488453,0.126513,-0.000000,0.259105,0.270812
1083,15,6,4,13.166131,2.267723,0.000000,2.567570,0.000000,0.000000,4.409478,5.021031,0.090940,1.183901,2.101884,0.457443
1083,15,7,4,11.631097,1.886902,-0.000000,9.447456,4.701412,-0.000000,19.648253,21.714096,0.201395,9.020974,7.948190,0.397832
1083,15,8,4,8.623921,0.768321,0.000000,9.475418,4.835255,-0.000000,20.928754,18.085281,0.000000,11.176300,10.279110,-0.000000
1083,15,9,4,1.158102,0.575686,1.895539,11.617154,1.780244,0.000000,17.350028,3.444479,-0.000000,13.767047,7.524337,0.000000
1083,15,10,4,2.671621,2.263019,2.490097,4.873680,1.383073,-0.000000,9.298128,0.000000,-0.000000,9.747478,0.000000,0.000000
1083,15,11,4,17.561429,2.938394,0.000000,0.322336,1.484134,0.000000,10.295607,16.685765,0.053145,2.465910,2.183618,0.095698
1083,15,12,4,10.520638,1.133134,-0.000000,-0.000000,1.588200,-0.000000,2.030964,1.212353,0.877654,0.722444,1.532223,1.415914
1083,15,13,4,11.008699,1.238417,-0.000000,-0.000000,1.658668,0.649605,1.784682,0.957280,0.503599,0.000000,0.386746,-0.000000
1083,15,14,4,9.926207,0.426521,0.000000,-0.000000,0.769052,1.744281,0.755149,1.726216,0.777754,0.000000,0.000000,0.434900
1083,15,15,4,-0.000000,0.686287,1.522025,-0.000000,0.996895,2.813783,0.555626,1.015395,2.127517,-0.000000,0.869809,2.132466
1083,15,16,4,9.342834,0.299491,-0.000000,-0.000000,0.000000,1.110628,2.051443,4.659534,0.491643,0.000000,0.683011,-0.000000
1083,15,17,4,8.441291,0.100607,-0.000000,-0.000000,0.000000,-0.000000,0.531812,0.000000,1.041100,-0.000000,0.000000,1.146371
1083,15,18,4,9.161487,1.228640,0.000000,0.000000,0.000000,0.000000,3.012153,6.409479,0.684905,0.000000,1.288983,1.160010
1083,15,19,4,9.221923,1.265136,0.000000,3.161551,4.599690,-0.000000,14.930934,20.761987,0.000000,4.549544,6.608250,0.000000
1083,16,0,4,17.690437,4.127094,0.000000,5.702422,1.002370,0.000000,9.663218,9.430439,0.386502,3.569213,3.097477,0.394446
1083,16,1,4,10.707643,0.778421,-0.000000,1.357506,1.243238,-0.000000,9.052038,8.656621,0.556387,4.225132,4.067176,0.567823
1083,16,2,4,10.650141,1.154905,0.000000,-0.000000,2.968128,-0.000000,1.681458,1.402965,0.449553,0.065395,0.379923,0.464760
1083,16,3,4,10.627135,1.035448,-0.000000,-0.000000,0.273895,0.000000,0.000000,0.000000,0.034667,-0.000000,0.000000,0.000000
1083,16,4,4,14.598944,2.535154,-0.000000,4.395076,0.000000,0.000000,11.134080,10.606031,0.000000,4.269304,2.544140,0.000000
1083,16,5,4,13.957808,2.539499,-0.000000,6.245841,1.767138,-0.000000,13.837343,12.509507,0.205916,6.551638,5.953036,0.174589
1083,16,6,4,15.293409,2.998892,-0.000000,13.144471,6.669163,-0.000000,22.266704,21.897405,0.112899,11.406353,8.942898,0.115220
1083,16,7,4,13.877377,2.274657,-0.000000,5.977995,0.000000,0.000000,19.423882,18.471070,0.000000,9.297099,8.447151,0.000000
1083,16,8,4,7.835903,0.000000,0.000000,-0.000000,0.000000,1.526838,1.102955,2.478562,0.585078,-0.000000,0.000000,0.581301
1083,16,9,4,0.522915,0.000000,0.000000,-0.000000,1.202205,2.471570,0.000000,2.164596,1.647801,-0.000000,1.012157,1.621979
1083,16,10,4,2.051212,0.457700,-0.000000,-0.000000,1.161066,-0.000000,-0.000000,0.000000,0.491761,0.000000,1.540287,0.502251
1083,16,11,4,15.758753,2.919810,0.000000,-0.000000,2.501848,0.683525,2.427459,0.824540,1.319100,0.484342,0.000000,0.466100
1083,16,12,4,9.015983,0.696361,-0.000000,-0.000000,0.371637,0.092171,0.861112,0.877098,-0.000000,-0.000000,0.000000,0.000000
1083,16,13,4,11.663722,1.323115,-0.000000,-0.000000,0.000000,0.000000,6.860915,9.397727,-0.000000,1.552539,0.563113,0.000000
1083,16,14,4,11.364364,0.979018,-0.000000,6.331188,3.662884,-0.000000,13.466200,16.211790,0.000000,6.154746,4.887472,0.000000
1083,16,15,4,0.990806,0.719464,-0.000000,9.014570,3.667366,-0.000000,14.577972,5.570141,0.000000,10.158055,7.572056,-0.000000
1083,16,16,4,11.130239,0.162414,-0.000000,7.368238,1.114565,-0.000000,14.675257,6.153115,-0.000000,9.425027,7.516358,0.000000
1083,16,17,4,10.822833,0.562491,-0.000000,8.171612,4.752304,0.000000,17.800080,5.398987,0.000000,12.904937,6.361745,0.000000
1083,16,18,4,0.150319,2.677842,-0.000000,0.000000,0.550668,0.000000,-0.000000,0.000000,-0.000000,-0.000000,0.000000,0.000000
1083,16,19,4,10.882191,1.567865,0.000000,9.520426,0.000000,0.000000,20.888292,4.129304,-0.000000,14.865771,9.890621,-0.000000
1083,17,0,4,17.569329,4.044212,0.000000,4.462284,2.345153,0.000000,8.331369,8.942338,0.385716,2.799743,2.976039,0.393645
1083,17,1,4,9.739596,0.591957,0.000000,0.000086,1.413005,0.000000,5.337419,5.686227,0.338178,1.887834,2.010030,0.344211
1083,17,2,4,10.372096,0.915479,0.000000,1.533780,0.000052,0.000000,4.218127,4.019001,0.000000,1.097555,0.881466,0.000000
1083,17,3,4,11.915913,1.459407,0.000000,6.932142,4.851075,0.000000,12.716220,10.729357,0.000000,6.921761,5.338217,0.000000
1083,17,4,4,16.777340,3.418158,0.000000,11.012860,1.547298,0.000000,23.039232,23.502149,0.000000,10.246347,9.962820,0.091501
1083,17,5,4,13.602375,2.264063,0.000000,0.663445,0.000052,0.000000,8.499988,9.063151,0.728370,2.593580,4.233094,0.743341
1083,17,6,4,11.950859,1.835961,0.000000,-0.000012,0.177825,0.000000,0.251188,0.000004,1.316965,0.000001,0.786140,1.381140
1083,17,7,4,11.036964,0.958876,0.000000,-0.000011,4.591563,3.227512,1.138838,1.504741,2.318552,-0.000001,1.037849,1.275705
1083,17,8,4,7.306552,0.000005,0.000000,-0.000010,2.011268,1.761312,0.545532,1.223363,0.999055,-0.000002,0.159257,0.962216
1083,17,9,4,0.000001,0.000005,0.000000,-0.000007,1.629340,0.000000,-0.000003,1.092245,0.000000,0.000002,2.736182,0.000000
1083,17,10,4,2.419380,2.390260,0.000000,3.141460,0.553443,0.000000,6.582141,0.000034,0.000000,6.982370,0.000030,0.000000
1083,17,11,4,16.161928,2.876884,0.000000,8.644737,3.247585,0.000000,15.720993,2.067385,0.000000,9.893993,8.259628,0.000000
1083,17,12,4,11.098315,0.986005,0.000000,9.098830,5.517304,0.000000,20.503486,14.538330,0.000000,11.284534,10.583279,0.000000
1083,17,13,4,14.238630,2.252398,0.000000,9.883169,6.195862,0.000000,24.198656,18.874076,0.000000,11.598669,11.475227,0.000000
1083,17,14,4,12.756403,1.660516,0.000000,6.020634,1.468611,0.000000,14.631290,8.405557,0.000000,8.492068,7.604415,0.000000
1083,17,15,4,0.350711,0.796368,0.000000,-0.000010,0.466167,0.000000,-0.000008,1.313145,0.000000,0.000004,1.613277,0.000000
1083,17,16,4,10.239845,0.000003,0.000000,-0.000008,0.950682,1.949047,0.671833,2.046112,0.734861,-0.000003,0.457693,0.490670
1083,17,17,4,7.835813,0.157413,0.000000,-0.000005,0.000001,1.529158,0.317719,0.599633,0.517247,-0.000001,0.000000,0.000000
1083,17,18,4,0.000001,0.465731,0.000000,-0.000003,0.000001,0.659368,0.552760,0.000002,0.793059,-0.000001,0.000000,0.094187
1083,17,19,4,9.286575,1.315523,0.000000,0.000002,0.145747,0.202874,1.780608,7.058729,0.243628,0.000000,1.116314,0.499075
1083,18,0,4,17.384694,3.930262,0.000000,4.082479,0.989931,0.000000,8.587196,9.137679,0.378019,2.765128,3.039899,0.385789
1083,18,1,4,9.995782,0.780256,0.000000,2.595613,0.953124,-0.000000,8.528660,8.649470,0.064075,3.432240,3.058128,0.063844
1083,18,2,4,11.613411,1.327097,-0.000000,6.560585,2.751399,-0.000000,13.014476,10.271863,-0.000000,6.569695,6.102621,-0.000000
1083,18,3,4,12.959442,1.825946,-0.000000,4.776884,1.864913,-0.000000,12.820792,11.274394,-0.000000,6.689552,7.051153,0.000000
1083,18,4,4,13.667276,2.419166,0.000000,0.000000,2.803057,0.220337,2.507362,2.516785,1.124759,-0.000000,1.491230,1.443441
1083,18,5,4,10.485118,0.704236,0.000000,-0.000000,1.472406,1.947278,0.490082,0.261336,0.798906,-0.000000,0.000000,0.274422
1083,18,6,4,9.562489,1.126751,0.000000,-0.000000,0.000000,-0.000000,0.000000,0.019456,0.000000,-0.000000,0.000000,0.000000
1083,18,7,4,10.738900,0.956133,0.000000,3.411070,0.000000,-0.000000,8.444456,9.522323,0.000000,2.648536,4.057565,0.000000
1083,18,8,4,8.969139,0.368806,0.000000,6.712312,2.683909,0.000000,16.021483,12.895944,0.000000,8.679029,9.044398,-0.000000
1083,18,9,4,1.107662,1.080331,0.000000,9.700711,3.181741,-0.000000,16.509563,6.571027,-0.000000,12.554601,7.280593,0.000000
1083,18,10,4,3.134699,2.935728,-0.000000,9.669601,2.618221,-0.000000,16.678497,0.000000,-0.000000,16.077694,0.808193,-0.000000
1083,18,11,4,16.842226,3.088126,-0.000000,2.353727,4.728465,-0.000000,13.530524,20.735202,0.000000,3.534726,4.149942,-0.000000
1083,18,12,4,8.598637,0.656779,-0.000000,-0.000000,0.894784,0.403682,1.418522,1.479021,1.313995,-0.000000,0.000000,1.250379
1083,18,13,4,11.246931,1.233017,-0.000000,-0.000000,1.621128,2.643846,1.694339,2.038439,1.668517,-0.000000,0.858717,0.688669
1083,18,14,4,10.828431,0.804380,0.000000,-0.000000,1.468821,2.426827,0.923277,2.385359,1.182785,-0.000000,0.827761,0.317883
1083,18,15,4,0.000000,0.599150,0.575565,-0.000000,1.142519,1.038228,0.132435,0.807512,0.349638,-0.000000,0.401581,0.335479
1083,18,16,4,9.035069,0.000000,-0.000000,-0.000000,0.628113,0.000000,-0.000000,1.512016,0.000000,-0.000000,0.000000,0.000000
1083,18,17,4,8.413008,0.701645,-0.000000,2.455192,0.953516,0.000000,8.464745,5.906007,0.000000,4.505918,4.658243,-0.000000
1083,18,18,4,0.000000,1.171464,-0.000000,7.856416,0.505149,-0.000000,13.298303,0.559398,-0.000000,11.986110,3.671733,0.000000
1083,18,19,4,10.578975,1.663457,0.000000,7.862553,0.000000,-0.000000,15.570066,5.281165,0.000000,10.771714,5.581889,-0.000000
1083,19,0,4,17.637061,4.079330,-0.000000,4.408814,1.037870,0.000000,9.817828,9.316479,0.371707,3.879407,2.977320,0.379347
1083,19,1,4,10.245845,0.844455,-0.000000,3.623242,0.631604,0.000000,9.566121,8.980035,0.257965,4.068418,3.873731,0.264272
1083,19,2,4,11.783252,1.349513,-0.000000,2.365120,1.143022,-0.000000,7.395430,8.261014,0.000000,2.946130,3.276748,0.000000
1083,19,3,4,11.128042,1.386598,0.000000,-0.000000,0.607458,0.038834,1.317777,4.140104,0.622920,-0.000000,0.448202,0.608924
1083,19,4,4,11.506107,1.139977,-0.000000,-0.000000,0.252894,-0.000000,1.075768,0.329031,0.072973,-0.000000,0.000000,0.000000
1083,19,5,4,10.878184,1.322764,0.000000,3.805880,0.043864,-0.000000,8.029017,7.796307,-0.000000,3.620485,2.837363,0.108510
1083,19,6,4,12.051093,2.035961,0.000000,8.480332,4.758411,-0.000000,16.652774,17.091517,0.000000,8.502522,7.810121,0.000000
1083,19,7,4,13.619201,1.985151,-0.000000,10.574895,4.151883,-0.000000,22.352765,19.366426,0.000000,11.358799,9.559890,-0.000000
1083,19,8,4,10.087923,0.440874,0.000000,2.048854,0.000000,0.000000,12.145615,3.293996,0.000000,8.083418,5.287985,0.000000
1083,19,9,4,0.056969,0.000000,-0.000000,-0.000000,0.576192,0.000000,-0.000000,0.683879,-0.000000,-0.000000,0.036914,-0.000000
1083,19,10,4,2.929991,1.373052,0.000000,-0.000000,0.822023,0.229063,-0.000000,0.985664,0.895828,-0.000000,2.344712,0.909149
1083,19,11,4,14.929722,2.644619,-0.000000,-0.000000,0.406428,0.710305,2.128797,1.299084,0.941375,-0.000000,0.000000,0.455162
1083,19,12,4,7.525437,0.000000,0.000000,-0.000000,0.498071,2.256696,0.747311,0.744094,0.220451,-0.000000,0.000000,0.000000
1083,19,13,4,10.723920,1.092719,-0.000000,-0.000000,0.000000,-0.000000,2.875663,3.189373,0.000000,-0.000000,0.000000,0.000000
1083,19,14,4,12.274413,1.533414,0.000000,5.664575,0.096249,0.000000,13.130799,14.911469,0.000000,6.168655,5.504088,-0.000000
1083,19,15,4,2.083723,1.218020,1.340469,9.054927,4.266121,-0.000000,15.768013,6.677639,-0.000000,11.222955,6.899793,0.000000
1083,19,16,4,11.176113,0.878653,0.000000,10.150989,4.340007,0.000000,18.434398,7.230846,-0.000000,13.199841,7.300367,0.000000
1083,19,17,4,10.104435,1.018076,-0.000000,10.029458,4.042790,0.000000,22.429708,10.031240,-0.000000,14.743788,10.453536,0.000000
1083,19,18,4,0.000000,0.814944,0.578831,1.818384,0.000000,0.000000,6.188255,0.000000,-0.000000,5.510280,0.329158,-0.000000
1083,19,19,4,9.249874,0.304075,0.000000,0.000000,1.038392,0.740134,0.000000,1.493597,0.630433,-0.000000,0.552738,0.600347
1083,20,0,4,17.770763,4.164664,-0.000000,4.025816,1.484631,0.000000,10.456040,10.356309,0.432289,4.069715,3.657211,0.441174
1083,20,1,4,9.678949,0.534242,0.000000,2.161123,1.824992,0.000000,5.270542,5.250564,0.757816,1.626929,1.808464,0.773393
1083,20,2,4,11.223869,1.067121,0.000000,-0.000000,1.379506,-0.000000,2.568940,2.719966,0.317209,1.002003,1.054378,0.312136
1083,20,3,4,11.836451,0.947982,0.000000,1.096783,0.000000,0.000000,3.427298,0.031586,0.000000,2.128454,0.701969,-0.000000
1083,20,4,4,-0.000000,6.564996,-0.000000,0.000000,0.256575,-0.000000,-0.000000,0.000000,-0.000000,0.000000,0.000000,0.000000
1083,20,5,4,15.088052,2.631706,0.000000,16.009542,8.399910,0.000000,30.359630,28.443020,-0.000000,16.283751,14.723510,-0.000000
1083,20,6,4,14.522575,2.994532,0.000000,-0.000000,2.056987,0.000000,11.153746,11.884670,0.000000,3.766180,5.197692,0.000000
1083,20,7,4,12.235487,1.517727,-0.000000,-0.000000,1.135880,0.000000,1.235460,3.330737,-0.000000,-0.000000,0.000000,1.094509
1083,20,8,4,9.347393,0.049901,0.000000,-0.000000,1.406365,2.576005,0.756723,4.442346,1.082582,-0.000000,0.000000,0.357895
1083,20,9,4,0.000000,0.000000,-0.000000,-0.000000,1.330924,-0.000000,-0.000000,0.000000,0.000000,-0.000000,0.641543,-0.000000
1083,20,10,4,3.175062,2.412389,-0.000000,-0.000000,0.000000,0.000000,-0.000000,0.000000,-0.000000,-0.000000,0.035611,-0.000000
1083,20,11,4,15.743767,3.090738,0.000000,7.276629,1.452065,-0.000000,12.684562,0.000000,0.000000,8.838448,4.825130,-0.000000
1083,20,12,4,10.500201,0.796564,-0.000000,7.556944,2.085286,0.000000,18.369630,8.930566,-0.000000,11.097015,8.923186,-0.000000
1083,20,13,4,15.007846,2.817601,0.000000,13.857083,3.746722,0.000000,25.444761,15.971938,0.000000,14.365944,12.372776,0.000000
1083,20,14,4,15.586358,3.033343,0.000000,10.264578,5.883965,-0.000000,24.266202,20.756334,0.000000,11.985341,11.774280,-0.000000
1083,20,15,4,2.341507,2.399559,-0.000000,-0.000000,1.679099,0.000000,3.759597,0.000000,-0.000000,3.774495,0.000000,0.000000
1083,20,16,4,9.920155,0.100963,0.000000,-0.000000,1.348726,0.795197,0.000000,2.543127,0.762541,-0.000000,0.224806,0.231890
1083,20,17,4,7.605848,0.080418,-0.000000,-0.000000,0.389769,2.742965,0.000000,3.588720,1.588496,-0.000000,0.000000,0.319794
1083,20,18,4,0.000000,0.479159,0.000000,-0.000000,0.000000,1.337320,1.875111,3.598680,1.742043,0.000000,2.047215,2.402593
1083,20,19,4,8.627054,0.000000,0.000000,-0.000000,0.000000,1.309323,0.000000,0.000000,0.604433,-0.000000,0.000000,-0.000000
1083,21,0,4,18.023379,4.298687,-0.000000,2.873118,2.159712,0.000000,8.647880,8.958562,0.415083,2.836903,2.753411,0.423614
1083,21,1,4,9.899775,0.587322,0.000000,1.955575,2.125096,0.000000,4.102257,4.224265,0.222435,0.801579,0.659065,0.227007
1083,21,2,4,13.151551,2.001222,-0.000000,4.418122,0.847569,0.000000,9.984680,9.932034,-0.000000,5.343682,3.924893,0.000000
1083,21,3,4,13.088090,1.979302,0.000000,8.019112,4.863982,-0.000000,16.943140,14.941090,-0.000000,8.326918,7.169506,-0.000000
1083,21,4,4,-0.000000,2.650550,0.904007,3.465075,0.000000,0.000000,3.346126,0.000000,0.000000,3.713071,0.903845,-0.000000
1083,21,5,4,15.163718,2.250722,-0.000000,6.802356,2.244313,0.000000,20.733482,18.231689,-0.000000,10.671262,12.267549,0.000000
1083,21,6,4,12.317346,1.511126,-0.000000,0.000000,0.000000,2.198488,1.993116,0.000000,1.236682,-0.000000,0.261851,0.482049
1083,21,7,4,10.403168,0.890330,-0.000000,0.000000,2.018295,0.000000,0.000000,2.266804,0.018416,-0.000000,0.000000,0.000000
1083,21,8,4,8.491585,0.066530,-0.000000,0.000000,0.000000,-0.000000,2.952583,5.354246,0.000000,-0.000000,0.638777,0.000000
1083,21,9,4,-0.000000,0.528730,0.000000,-0.000000,0.563449,0.000000,4.103352,1.612750,0.000000,3.607606,2.564278,0.000000
1083,21,10,4,2.859667,2.863919,0.000000,7.112767,0.000000,0.000000,9.425772,0.000000,-0.000000,8.950975,0.000000,-0.000000
1083,21,11,4,15.484060,2.690598,0.000000,13.348620,7.017809,0.000000,23.637468,5.264227,-0.000000,15.666207,14.394609,-0.000000
1083,21,12,4,9.292951,0.428977,-0.000000,-0.000000,0.000000,0.000000,10.987801,14.569658,0.375636,3.325298,4.005693,0.361680
1083,21,13,4,11.438929,1.533612,0.000000,-0.000000,0.712163,0.000000,1.394895,1.718712,-0.000000,-0.000000,2.244389,0.978452
1083,21,14,4,12.707109,1.390456,-0.000000,-0.000000,0.000000,0.000000,2.469378,3.104059,0.144116,0.306511,2.651077,0.635051
1083,21,15,4,0.573566,1.794948,-0.000000,-0.000000,0.908854,0.392661,0.425707,1.449203,0.933104,0.372871,0.000000,0.944192
1083,21,16,4,8.280826,0.000000,0.000000,-0.000000,0.031053,0.608894,0.000000,1.392910,0.497301,-0.000000,1.496463,0.083371
1083,21,17,4,6.474979,0.421910,0.000000,-0.000000,0.000000,-0.000000,0.236904,3.964566,-0.000000,-0.000000,0.738516,0.000000
1083,21,18,4,0.000000,0.136106,0.274087,1.481091,0.000000,0.000000,7.358743,2.308988,-0.000000,4.166065,3.948846,-0.000000
1083,21,19,4,9.168442,0.130869,0.000000,1.708444,0.000000,0.000000,4.914947,0.000000,-0.000000,4.210797,0.000000,0.000000
1083,22,0,4,18.362525,4.419726,-0.000000,4.143875,0.000000,0.000000,10.889398,10.165764,0.450524,3.923315,3.350441,0.459784
1083,22,1,4,10.768606,0.947385,-0.000000,6.347331,2.422817,-0.000000,11.451900,10.342704,0.319101,5.069532,4.159925,0.325660
1083,22,2,4,14.750774,2.706499,0.000000,7.585384,3.703450,0.000000,16.275795,15.679257,0.262326,8.867458,8.224753,0.267383
1083,22,3,4,12.025027,1.581448,0.000000,1.600257,0.996442,0.000000,6.846865,7.757313,0.000000,2.270864,2.957994,0.000000
1083,22,4,4,-0.000000,1.788582,2.721798,-0.000000,0.508009,1.484051,0.000000,0.000000,0.429569,0.000000,0.315107,0.113101
1083,22,5,4,11.962514,0.807472,-0.000000,-0.000000,0.169405,-0.000000,4.036150,6.671130,-0.000000,2.302338,2.843783,0.118649
1083,22,6,4,10.059150,0.145779,-0.000000,-0.000000,0.000000,0.000000,0.428351,0.000000,-0.000000,0.000000,1.111023,0.182494
1083,22,7,4,8.735053,0.436535,0.000000,-0.000000,0.311026,-0.000000,0.721909,0.000000,0.000000,0.000000,0.097164,-0.000000
1083,22,8,4,9.353587,0.346178,0.000000,5.939385,3.276093,-0.000000,16.001420,11.520276,-0.000000,8.617438,8.568669,-0.000000
1083,22,9,4,-0.000000,0.000000,0.919951,7.106475,0.188150,0.000000,13.986738,2.731005,-0.000000,12.644250,2.111963,0.000000
1083,22,10,4,2.417305,3.154910,0.000000,5.130493,0.000000,-0.000000,8.690551,0.363757,0.000000,7.671075,0.284517,0.000000
1083,22,11,4,12.851343,1.426665,0.000000,-0.000000,0.000000,0.000000,2.248632,8.646769,-0.000000,0.000000,0.000000,0.359143
1083,22,12,4,6.458087,0.000000,-0.000000,-0.000000,0.000000,0.684586,2.834824,0.197006,1.472941,0.319714,1.847623,0.179121
1083,22,13,4,8.835601,0.000000,0.000000,-0.000000,0.279443,-0.000000,0.407916,0.490245,0.248935,-0.000000,0.251964,-0.000000
1083,22,14,4,11.224262,0.817196,0.000000,2.543436,0.000000,0.000000,8.375435,8.491579,0.000000,3.626581,3.656553,-0.000000
1083,22,15,4,1.311705,1.456476,1.165782,4.877987,0.000000,-0.000000,8.849831,6.073699,-0.000000,6.867653,2.078736,0.000000
1083,22,16,4,9.061140,0.198619,-0.000000,1.958837,0.000000,0.000000,5.541597,3.084206,-0.000000,3.692308,2.930897,0.000000
1083,22,17,4,7.489540,0.679413,-0.000000,5.900742,0.000000,0.000000,10.747716,3.066091,-0.000000,8.871879,4.170955,-0.000000
1083,22,18,4,0.000000,0.473560,0.111816,9.543754,0.000000,-0.000000,16.771858,2.502612,0.000000,14.866849,1.581741,0.000000
1083,22,19,4,9.493929,0.178104,0.000000,3.064649,0.000000,0.000000,6.156074,0.000000,-0.000000,4.853710,0.000000,-0.000000
1083,23,0,4,17.997637,4.257848,0.000000,5.263431,1.149781,0.000000,12.482013,11.810899,0.478557,4.735693,4.544169,0.488394
1083,23,1,4,9.495859,0.296001,0.000000,3.627890,1.949913,0.000000,8.137896,7.799444,0.700133,3.532574,4.414238,0.714524
1083,23,2,4,11.875787,1.533809,-0.000000,-0.000000,1.646061,1.075252,1.610308,1.703145,1.195676,0.616713,1.976370,1.256292
1083,23,3,4,8.789115,0.000000,-0.000000,-0.000000,0.000000,0.641784,1.321680,2.218188,0.656000,-0.000000,1.030905,0.038186
1083,23,4,4,0.000000,1.001822,1.940558,0.116636,0.264162,0.000000,-0.000000,0.000000,-0.000000,0.011789,0.292570,-0.000000
1083,23,5,4,11.134943,0.000000,-0.000000,5.426223,0.116133,-0.000000,12.121889,0.000000,-0.000000,10.039730,3.741079,0.000000
1083,23,6,4,11.798527,0.872554,-0.000000,8.360228,4.951598,-0.000000,16.591650,7.173941,0.000000,11.945821,9.619665,-0.000000
1083,23,7,4,1.505597,3.621860,0.000000,-0.000000,0.000000,0.000000,-0.000000,0.000000,-0.000000,0.000000,0.000000,0.000000
1083,23,8,4,11.493516,1.116533,0.000000,7.656629,2.114405,0.000000,22.479039,12.737428,0.000000,12.940455,10.286880,0.000000
1083,23,9,4,0.000000,0.000000,-0.000000,-0.000000,0.179075,0.000000,-0.000000,0.688394,-0.000000,-0.000000,0.603580,-0.000000
1083,23,10,4,1.850952,2.520152,0.552853,-0.000000,0.189617,-0.000000,-0.000000,0.727303,-0.000000,-0.000000,0.428500,0.000000
1083,23,11,4,10.529934,0.490082,-0.000000,-0.000000,0.000000,0.000000,0.000000,0.000000,0.027295,-0.000000,0.000000,0.628510
1083,23,12,4,6.886038,0.000000,-0.000000,1.560580,0.000000,0.000000,6.396001,0.002612,0.000000,3.227443,1.795107,0.000000
1083,23,13,4,9.781895,0.014033,0.000000,6.880117,0.000000,0.000000,13.111871,6.898932,0.000000,9.065006,7.166654,-0.000000
1083,23,14,4,11.858035,1.195370,0.000000,10.863812,2.459895,-0.000000,19.798112,13.430072,0.000000,11.612720,9.930084,0.000000
1083,23,15,4,1.653010,1.825173,0.151198,2.993113,0.000000,-0.000000,8.069707,0.456118,-0.000000,8.449614,1.515333,0.000000
1083,23,16,4,8.687258,0.000000,0.000000,-0.000000,0.000000,-0.000000,1.656658,1.485044,-0.000000,0.581860,0.349016,0.000000
1083,23,17,4,7.054965,0.000000,-0.000000,-0.000000,0.000000,0.000000,4.628919,3.427279,0.000000,1.683421,1.640411,-0.000000
1083,23,18,4,0.000000,0.000000,0.557335,-0.000000,0.000000,0.000000,-0.000000,1.930436,0.000000,-0.000000,1.965025,-0.000000
1083,23,19,4,8.489761,0.189467,-0.000000,-0.000000,0.000000,-0.000000,0.376619,0.000000,0.147942,0.000000,0.000000,0.152917
1083,24,0,4,17.892733,4.295718,0.000000,3.695520,1.556516,0.000000,9.647147,9.791781,0.383475,2.817205,3.474457,0.391357
1083,24,1,4,9.310789,0.507213,0.000000,1.656654,1.579139,-0.000000,5.120979,4.248331,0.198468,2.954692,2.353083,0.204511
1083,24,2,4,11.890759,1.813555,-0.000000,1.747572,0.991288,-0.000000,4.998562,5.348538,0.000000,2.400770,2.048003,-0.000000
1083,24,3,4,9.114973,0.506342,0.000000,6.571937,3.210934,-0.000000,11.292936,6.719699,0.000000,5.747655,6.051698,-0.000000
1083,24,4,4,0.499779,0.504132,1.393126,7.586547,1.692416,0.000000,9.946295,0.000121,-0.000000,9.393943,2.524319,0.000000
1083,24,5,4,11.499997,0.117928,-0.000000,6.650805,1.090683,-0.000000,13.082510,3.542997,-0.000000,8.481009,5.748148,0.000000
1083,24,6,4,10.547186,1.219712,-0.000000,0.000485,0.000351,0.000000,7.846891,10.854329,0.623337,4.659304,3.074827,0.889379
1083,24,7,4,2.116582,1.461207,0.680639,0.000620,0.000424,-0.000000,1.058519,0.000353,0.700983,1.429824,0.000274,-0.000000
1083,24,8,4,11.388636,1.204999,-0.000000,0.000929,1.919491,0.000000,7.583968,8.344558,0.000000,1.400424,1.242001,0.000000
1083,24,9,4,0.628841,0.620568,0.153539,0.001135,0.748262,0.095201,-0.003143,1.353986,0.486306,0.001938,0.817814,0.494327
1083,24,10,4,1.376362,1.369826,1.277724,0.123885,0.900083,-0.000000,0.000760,1.283411,0.000000,0.003201,1.052717,0.000000
1083,24,11,4,10.665415,0.904590,-0.000000,6.274567,0.160823,0.000000,8.628925,0.001352,-0.000000,7.671731,0.001342,-0.000000
1083,24,12,4,7.216372,0.231494,-0.000000,7.668287,0.000995,-0.000000,13.956075,4.250461,-0.000000,8.487451,4.804702,-0.000000
1083,24,13,4,9.798765,0.270389,-0.000000,4.405544,0.000820,-0.000000,10.806627,12.577477,-0.000000,5.015855,6.275460,-0.000000
1083,24,14,4,10.980351,1.587805,0.000000,0.000407,1.404322,0.000000,4.294392,3.189997,0.219462,2.994603,0.573201,0.546941
1083,24,15,4,2.071903,2.001029,0.196056,0.000344,0.000153,0.144514,2.647650,2.585424,-0.000000,2.265596,1.294723,-0.000000
1083,24,16,4,8.445783,0.293852,0.000000,0.000202,0.000125,0.165267,3.783060,1.465980,0.210103,3.307572,0.201715,0.151654
1083,24,17,4,7.134973,0.187165,-0.000000,0.505708,0.000311,0.000000,5.883865,8.122243,-0.000000,0.504071,1.818163,0.000000
1083,24,18,4,0.000899,0.000005,0.125471,2.545113,0.000188,0.000000,1.825726,1.409784,0.000000,2.237088,0.242303,-0.000000
1083,24,19,4,8.626457,0.110508,0.000000,7.122199,0.000739,-0.000000,9.769070,3.091083,-0.000000,7.623453,0.001000,-0.000000
1084,0,0,4,0.319887,1.006924,0.000000,2.468920,1.233111,-0.000000,2.442867,1.410057,-0.000000,3.035907,1.666451,0.000000
1084,0,1,4,0.149809,0.892748,0.000000,2.433355,1.216848,0.000000,2.449343,1.229815,0.000000,2.924947,1.412803,0.000000
1084,0,2,4,0.084548,0.840415,-0.000000,2.395542,1.129720,-0.000000,2.512234,1.158949,0.000000,2.840054,1.273103,-0.000000
1084,0,3,4,0.041944,0.799938,0.000000,2.364565,1.059714,0.000000,2.554073,1.115426,0.000000,2.764008,1.191288,0.000000
1084,0,4,4,0.009601,0.764310,0.000000,2.328710,1.009415,-0.000000,2.567792,1.086812,-0.000000,2.695292,1.133635,0.000000
1084,0,5,4,0.000000,0.736513,0.000000,2.286945,0.969524,-0.000000,2.563457,1.063867,0.000000,2.626398,1.086667,-0.000000
1084,0,6,4,0.000000,0.711164,0.000000,2.238764,0.934520,-0.000000,2.543666,1.042258,-0.000000,2.555044,1.045241,-0.000000
1084,0,7,4,0.000000,0.684505,0.000000,2.183648,0.901405,-0.000000,2.508798,1.019425,0.000000,2.480041,1.006712,-0.000000
1084,0,8,4,0.000000,0.656104,-0.000000,2.120791,0.868439,-0.000000,2.459130,0.993825,-0.000000,2.399777,0.969034,-0.000000
1084,0,9,4,0.000000,0.625411,-0.000000,2.049213,0.834276,-0.000000,2.394451,0.964294,0.000000,2.312695,0.930621,0.000000
1084,0,10,4,0.000000,0.591856,0.000000,1.967781,0.797793,-0.000000,2.314157,0.929875,0.000000,2.217195,0.890173,-0.000000
1084,0,11,4,0.000000,0.554828,0.000000,1.875177,0.757993,-0.000000,2.217279,0.889704,0.000000,2.111561,0.846545,0.000000
1084,0,12,4,0.000000,0.513653,0.000000,1.769838,0.713918,0.000000,2.102442,0.842912,-0.000000,1.993864,0.798654,-0.000000
1084,0,13,4,0.000000,0.467536,-0.000000,1.649828,0.664559,0.000000,1.967740,0.788525,0.000000,1.861820,0.745375,0.000000
1084,0,14,4,0.000000,0.415472,-0.000000,1.512594,0.608731,-0.000000,1.810456,0.725321,-0.000000,1.712495,0.685396,-0.000000
1084,0,15,4,0.000000,0.356057,-0.000000,1.354444,0.544843,0.000000,1.626470,0.651567,0.000000,1.541711,0.616960,0.000000
1084,0,16,4,0.000000,0.287086,-0.000000,1.169469,0.470440,0.000000,1.409012,0.564506,-0.000000,1.342784,0.537347,0.000000
1084,0,17,4,0.000000,0.204779,0.000000,0.947244,0.381259,0.000000,1.146074,0.459310,0.000000,1.103772,0.441757,-0.000000
1084,0,18,4,0.000000,0.102815,-0.000000,0.668176,0.269275,0.000000,0.815402,0.327028,-0.000000,0.801583,0.320902,-0.000000
1084,0,19,4,0.028057,0.034774,-0.000000,0.293771,0.118942,-0.000000,0.376107,0.151331,-0.000000,0.389897,0.156079,0.000000
1084,1,0,4,2.648724,1.094657,0.835068,2.600693,0.000000,0.000000,4.317248,0.000000,0.000000,4.475410,0.000000,0.000000
1084,1,1,4,2.343653,0.881132,0.879529,2.158668,0.000000,0.000000,3.761800,0.000000,0.000000,3.498188,0.808498,0.000000
1084,1,2,4,2.348504,0.935983,0.871182,2.331289,0.128032,0.000000,4.385505,0.761279,0.000000,3.848588,1.783925,0.000000
1084,1,3,4,2.266205,0.998189,0.857498,2.599725,0.117045,0.000000,4.688078,0.659134,0.000000,4.206270,1.716545,0.000000
1084,1,4,4,2.103304,1.069372,0.837521,2.885577,0.123328,0.000000,4.908665,0.335594,0.000000,4.606834,1.355935,0.000000
1084,1,5,4,1.918674,1.162186,0.794404,3.188756,0.184816,0.000000,5.126506,0.037400,0.000000,5.078272,0.951745,0.000000
1084,1,6,4,1.786314,1.232908,0.739601,3.494870,0.237119,0.000000,5.451142,0.000000,0.000000,5.548528,0.613126,0.000000
1084,1,7,4,1.672739,1.295238,0.680777,3.806492,0.276998,0.000000,5.804716,0.000000,0.000000,6.015086,0.338456,0.000000
1084,1,8,4,1.570955,1.351099,0.616405,4.133669,0.301710,0.000000,6.186263,0.000000,0.000000,6.486230,0.119429,0.000000
1084,1,9,4,1.483356,1.402549,0.545128,4.490079,0.308615,0.000000,6.621364,0.000000,0.000000,6.976875,0.000000,0.000000
1084,1,10,4,1.410958,1.452054,0.465614,4.885047,0.292175,0.000000,7.136591,0.000000,0.000000,7.520320,0.000000,0.000000
1084,1,11,4,1.341966,1.486212,0.376438,5.326690,0.264253,0.000000,7.708534,0.000000,0.000000,8.105194,0.000000,0.000000
1084,1,12,4,1.270921,1.502409,0.275984,5.827341,0.231934,0.000000,8.349187,0.000000,0.000000,8.751449,0.000000,0.000000
1084,1,13,4,1.194735,1.498944,0.162311,6.400670,0.196845,0.000000,9.073890,0.000000,0.000000,9.474878,0.000000,0.000000
1084,1,14,4,1.111502,1.476847,0.032883,7.064315,0.157769,0.000000,9.899812,0.000000,0.000000,10.288904,0.000000,0.000000
1084,1,15,4,1.061560,1.419497,0.000000,7.863667,0.129048,0.000000,10.920039,0.000000,0.000000,11.290022,0.000000,0.000000
1084,1,16,4,0.980827,1.380621,0.000000,8.812225,0.088006,0.000000,12.135045,0.000000,0.000000,12.492943,0.000000,0.000000
1084,1,17,4,0.841597,1.336637,0.056751,9.942171,0.026755,0.000000,13.559026,0.000000,0.000000,13.906318,0.000000,0.000000
1084,1,18,4,0.684688,1.101495,0.285958,11.359774,0.000000,0.000000,15.269529,0.000000,0.000000,15.552554,0.000000,0.000000
1084,1,19,4,0.516842,0.765379,0.560916,13.265355,0.002256,0.000000,17.682700,0.313720,0.000000,17.784417,0.000000,0.000000
1084,2,0,4,2.761490,0.887832,-0.000000,4.433465,0.000067,0.000000,6.427107,0.070897,0.000000,6.744526,0.647307,0.000000
1084,2,1,4,2.537219,0.698148,-0.000000,4.524869,0.000061,0.000000,7.199973,1.772629,0.000000,6.512716,1.665785,0.000000
1084,2,2,4,2.528954,0.812259,-0.000000,5.233485,0.000083,0.000000,8.263210,1.978266,0.000000,7.579558,1.570913,0.000000
1084,2,3,4,2.411056,0.912816,-0.000000,5.306554,0.000081,-0.000000,8.142316,1.188033,0.000000,7.847153,0.818968,0.000000
1084,2,4,4,2.221602,0.999344,-0.000000,4.979683,0.267359,-0.000000,7.578550,0.738809,0.000000,7.585686,0.571491,0.000000
1084,2,5,4,2.028316,1.081831,-0.000000,4.491632,0.185843,0.000000,6.866418,0.737351,0.000000,6.922400,0.421347,0.000000
1084,2,6,4,1.888302,1.135812,-0.000000,3.894990,0.000119,-0.000000,6.011610,0.986225,0.000000,5.987873,0.587964,0.000000
1084,2,7,4,1.766456,1.179619,-0.000000,3.049989,0.000169,-0.000000,4.996839,1.242334,0.000000,4.956289,0.998933,0.000000
1084,2,8,4,1.656234,1.216645,-0.000000,2.153423,0.000231,-0.000000,3.931517,1.545563,0.000000,3.880960,1.420008,0.000000
1084,2,9,4,1.558919,1.249471,-0.000000,1.251473,0.247030,0.000000,2.897649,1.887322,0.000000,2.785368,1.774897,0.000000
1084,2,10,4,1.472626,1.278099,-0.000000,0.144353,0.523399,0.000000,1.874775,2.193258,0.000000,1.712114,2.077414,0.000000
1084,2,11,4,1.323675,1.315592,0.001847,-0.000410,0.400039,0.088767,0.760909,1.733186,0.119249,1.040522,1.924762,0.119875
1084,2,12,4,1.163555,1.158050,0.197874,-0.000417,0.577620,0.064297,-0.002915,1.199151,0.326253,0.614019,1.650918,0.331643
1084,2,13,4,1.151320,1.145855,0.317380,-0.000314,0.707137,0.064479,0.114782,1.371962,0.324071,0.661974,1.765143,0.329414
1084,2,14,4,1.149089,1.143544,0.430679,-0.000198,0.856353,0.052656,0.128360,1.558448,0.303377,0.616346,1.904434,0.308539
1084,2,15,4,1.178632,1.173003,0.479710,-0.000125,1.064762,0.051671,0.000637,1.746850,0.286651,0.460737,2.051305,0.291818
1084,2,16,4,1.186200,1.180330,0.578807,-0.000081,1.313452,0.052202,0.000392,2.043166,0.275068,0.312557,2.248696,0.280400
1084,2,17,4,1.158595,1.152740,0.726873,-0.000054,1.631379,0.050638,0.000225,2.420948,0.259839,-0.000204,2.455247,0.265453
1084,2,18,4,1.131477,1.126924,0.776510,-0.000031,2.014344,0.056941,0.000117,2.869981,0.238470,-0.000104,2.863022,0.244550
1084,2,19,4,1.103139,1.100621,0.812969,-0.000011,2.542381,0.098895,0.000049,3.372254,0.223745,-0.000044,3.446053,0.230385
1085,0,0,4,0.319785,1.005917,-0.000000,2.468616,1.232967,-0.000000,2.443141,1.410190,-0.000000,3.036600,1.666655,-0.000000
1085,0,1,4,0.149830,0.892825,-0.000000,2.433340,1.216848,0.000000,2.449663,1.229941,0.000000,2.925324,1.412933,-0.000000
1085,0,2,4,0.084555,0.840561,0.000000,2.395600,1.129750,0.000000,2.512493,1.159041,-0.000000,2.840314,1.273202,-0.000000
1085,0,3,4,0.041946,0.800076,-0.000000,2.364640,1.059744,0.000000,2.554287,1.115502,0.000000,2.764209,1.191365,-0.000000
1085,0,4,4,0.009602,0.764437,-0.000000,2.328787,1.009444,-0.000000,2.567973,1.086877,-0.000000,2.695453,1.133697,0.000000
1085,0,5,4,0.000000,0.736630,0.000000,2.287018,0.969553,-0.000000,2.563611,1.063922,0.000000,2.626530,1.086719,0.000000
1085,0,6,4,0.000000,0.711272,-0.000000,2.238834,0.934546,-0.000000,2.543798,1.042306,0.000000,2.555152,1.045283,0.000000
1085,0,7,4,0.000000,0.684606,0.000000,2.183713,0.901430,-0.000000,2.508910,1.019466,0.000000,2.480129,1.006747,0.000000
1085,0,8,4,0.000000,0.656198,0.000000,2.120852,0.868463,-0.000000,2.459227,0.993860,-0.000000,2.399847,0.969062,0.000000
1085,0,9,4,0.000000,0.625500,0.000000,2.049269,0.834297,0.000000,2.394533,0.964323,-0.000000,2.312749,0.930643,0.000000
1085,0,10,4,0.000000,0.591939,-0.000000,1.967832,0.797813,0.000000,2.314225,0.929900,0.000000,2.217237,0.890190,-0.000000
1085,0,11,4,0.000000,0.554908,-0.000000,1.875225,0.758011,0.000000,2.217336,0.889724,-0.000000,2.111591,0.846557,-0.000000
1085,0,12,4,0.000000,0.513729,-0.000000,1.769882,0.713935,-0.000000,2.102488,0.842928,-0.000000,1.993884,0.798662,-0.000000
1085,0,13,4,0.000000,0.467608,0.000000,1.649868,0.664575,0.000000,1.967777,0.788539,0.000000,1.861831,0.745380,0.000000
1085,0,14,4,0.000000,0.415541,-0.000000,1.512630,0.608745,-0.000000,1.810485,0.725332,-0.000000,1.712498,0.685397,0.000000
1085,0,15,4,0.000000,0.356123,-0.000000,1.354477,0.544855,0.000000,1.626491,0.651575,-0.000000,1.541708,0.616959,0.000000
1085,0,16,4,0.000000,0.287150,-0.000000,1.169499,0.470452,0.000000,1.409027,0.564512,0.000000,1.342775,0.537343,-0.000000
1085,0,17,4,0.000000,0.204841,-0.000000,0.947272,0.381269,0.000000,1.146083,0.459313,-0.000000,1.103758,0.441752,0.000000
1085,0,18,4,0.000000,0.102873,-0.000000,0.668203,0.269286,0.000000,0.815406,0.327030,-0.000000,0.801565,0.320895,0.000000
1085,0,19,4,0.028063,0.034687,-0.000000,0.293809,0.118956,0.000000,0.376109,0.151331,0.000000,0.389866,0.156066,0.000000
1085,1,0,4,2.647993,1.094464,0.840185,2.601004,0.000000,0.000000,4.317625,0.000000,0.000000,4.475888,0.000000,0.000000
1085,1,1,4,2.342931,0.881072,0.886777,2.159123,0.000000,0.000000,3.761821,0.000000,0.000000,3.498556,0.806778,0.000000
1085,1,2,4,2.347568,0.935750,0.878301,2.331394,0.128165,0.000000,4.384818,0.761359,0.000000,3.848008,1.783192,0.000000
1085,1,3,4,2.265263,0.997944,0.864241,2.599648,0.117291,0.000000,4.687293,0.659524,0.000000,4.205468,1.716054,0.000000
1085,1,4,4,2.102378,1.069202,0.843859,2.885492,0.123712,0.000000,4.907891,0.336054,0.000000,4.606232,1.355447,0.000000
1085,1,5,4,1.917871,1.162034,0.800335,3.188665,0.185218,0.000000,5.125809,0.037815,0.000000,5.077723,0.951283,0.000000
1085,1,6,4,1.785634,1.232698,0.745126,3.494764,0.237555,0.000000,5.450417,0.000000,0.000000,5.548043,0.612658,0.000000
1085,1,7,4,1.672125,1.295054,0.685900,3.806393,0.277380,0.000000,5.804094,0.000000,0.000000,6.014679,0.337974,0.000000
1085,1,8,4,1.570431,1.350939,0.621128,4.133580,0.301984,0.000000,6.185724,0.000000,0.000000,6.485833,0.118842,0.000000
1085,1,9,4,1.482979,1.402487,0.549456,4.489991,0.308678,0.000000,6.621144,0.000000,0.000000,6.976746,0.000000,0.000000
1085,1,10,4,1.410659,1.452008,0.469549,4.884972,0.292152,0.000000,7.136430,0.000000,0.000000,7.520179,0.000000,0.000000
1085,1,11,4,1.341715,1.486172,0.379982,5.326633,0.264212,0.000000,7.708410,0.000000,0.000000,8.105077,0.000000,0.000000
1085,1,12,4,1.270700,1.502363,0.279140,5.827298,0.231910,0.000000,8.349105,0.000000,0.000000,8.751372,0.000000,0.000000
1085,1,13,4,1.194517,1.498872,0.165080,6.400617,0.196875,0.000000,9.073874,0.000000,0.000000,9.474870,0.000000,0.000000
1085,1,14,4,1.111209,1.476689,0.035268,7.064137,0.157907,0.000000,9.899968,0.000000,0.000000,10.289036,0.000000,0.000000
1085,1,15,4,1.061343,1.418534,0.000000,7.863858,0.128889,0.000000,10.919050,0.000000,0.000000,11.288829,0.000000,0.000000
1085,1,16,4,0.981355,1.378680,0.000000,8.812592,0.088093,0.000000,12.134945,0.000000,0.000000,12.492107,0.000000,0.000000
1085,1,17,4,0.841411,1.336619,0.055930,9.941938,0.026888,0.000000,13.558836,0.000000,0.000000,13.906138,0.000000,0.000000
1085,1,18,4,0.684572,1.101401,0.285367,11.359631,0.000000,0.000000,15.269356,0.000000,0.000000,15.552366,0.000000,0.000000
1085,1,19,4,0.516812,0.765365,0.560471,13.265258,0.002265,0.000000,17.682581,0.313765,0.000000,17.784283,0.000000,0.000000
1085,2,0,4,2.760599,0.884989,-0.000000,4.422973,0.000048,0.000000,6.426387,0.069669,0.000000,6.734803,0.620580,0.000000
1085,2,1,4,2.536345,0.695645,-0.000000,4.504066,0.000044,-0.000000,7.165342,1.729979,0.000000,6.481816,1.634427,0.000000
1085,2,2,4,2.527908,0.809515,-0.000000,5.196606,0.000075,0.000000,8.204547,1.923540,0.000000,7.522364,1.538817,0.000000
1085,2,3,4,2.410017,0.910310,-0.000000,5.273616,0.000073,-0.000000,8.095682,1.141337,0.000000,7.800980,0.794367,0.000000
1085,2,4,4,2.220604,0.997226,-0.000000,4.956210,0.274304,-0.000000,7.542054,0.701414,0.000000,7.550456,0.544811,0.000000
1085,2,5,4,2.027454,1.080054,-0.000000,4.474294,0.188885,-0.000000,6.838014,0.703114,0.000000,6.896434,0.397253,0.000000
1085,2,6,4,1.887578,1.134158,-0.000000,3.881370,0.000033,-0.000000,5.990441,0.951273,0.000000,5.966427,0.565131,0.000000
1085,2,7,4,1.765816,1.178106,-0.000000,3.044176,0.000036,-0.000000,4.983537,1.210953,0.000000,4.942214,0.980624,0.000000
1085,2,8,4,1.655699,1.215285,-0.000000,2.157577,0.000030,0.000000,3.929446,1.518354,0.000000,3.879562,1.403065,0.000000
1085,2,9,4,1.558522,1.248311,-0.000000,1.264444,0.250810,0.000000,2.909403,1.864300,0.000000,2.798273,1.766130,0.000000
1085,2,10,4,1.472301,1.277065,-0.000000,0.193083,0.528464,0.000000,1.899697,2.173735,0.000000,1.742043,2.077967,0.000000
1085,2,11,4,1.323471,1.315772,0.000872,-0.000049,0.394125,0.088755,0.791557,1.726051,0.119106,1.067613,1.927237,0.119730
1085,2,12,4,1.163313,1.157857,0.197329,-0.000066,0.567229,0.064248,0.020843,1.205531,0.326172,0.637730,1.657657,0.331562
1085,2,13,4,1.151107,1.145650,0.316885,-0.000054,0.698659,0.064442,0.132641,1.374922,0.323973,0.672714,1.767030,0.329315
1085,2,14,4,1.148845,1.143302,0.430197,-0.000038,0.851004,0.052661,0.138812,1.560203,0.303273,0.621646,1.904621,0.308432
1085,2,15,4,1.178558,1.172933,0.478862,-0.000021,1.061868,0.051626,-0.000009,1.745837,0.286555,0.461446,2.050573,0.291717
1085,2,16,4,1.186599,1.180727,0.576890,-0.000012,1.312337,0.052218,0.000000,2.041904,0.275050,0.312742,2.247863,0.280382
1085,2,17,4,1.158346,1.152486,0.727029,-0.000005,1.630636,0.050636,0.000004,2.419738,0.259962,-0.000008,2.455118,0.265579
1085,2,18,4,1.131336,1.126785,0.776463,-0.000001,2.013828,0.056919,-0.000001,2.869230,0.238515,-0.000002,2.862763,0.244596
1085,2,19,4,1.103093,1.100575,0.812900,0.000003,2.541496,0.098898,-0.000002,3.371570,0.223759,-0.000000,3.445530,0.230399
1086,0,0,4,0.317117,1.004194,-0.000000,2.469013,1.233085,0.000000,2.442650,1.410300,-0.000000,3.037192,1.667380,0.000000
1086,0,1,4,0.149902,0.892905,0.000000,2.433746,1.217156,-0.000000,2.449502,1.230056,0.000000,2.925452,1.413291,-0.000000
1086,0,2,4,0.084797,0.840719,-0.000000,2.395882,1.130026,-0.000000,2.512341,1.159159,0.000000,2.840382,1.273375,0.000000
1086,0,3,4,0.042178,0.800222,0.000000,2.364861,1.059940,-0.000000,2.554191,1.115565,0.000000,2.764243,1.191460,-0.000000
1086,0,4,4,0.009831,0.764581,0.000000,2.328964,1.009591,0.000000,2.567908,1.086915,-0.000000,2.695471,1.133755,-0.000000
1086,0,5,4,0.000000,0.736692,-0.000000,2.287168,0.969658,-0.000000,2.563541,1.063940,0.000000,2.626558,1.086765,-0.000000
1086,0,6,4,0.000000,0.711334,-0.000000,2.238959,0.934630,-0.000000,2.543739,1.042314,0.000000,2.555174,1.045316,0.000000
1086,0,7,4,0.000000,0.684665,-0.000000,2.183817,0.901496,0.000000,2.508863,1.019469,0.000000,2.480144,1.006769,-0.000000
1086,0,8,4,0.000000,0.656255,0.000000,2.120937,0.868515,-0.000000,2.459188,0.993860,-0.000000,2.399857,0.969076,0.000000
1086,0,9,4,0.000000,0.625555,-0.000000,2.049340,0.834339,-0.000000,2.394502,0.964322,-0.000000,2.312755,0.930652,-0.000000
1086,0,10,4,0.000000,0.591993,-0.000000,1.967891,0.797846,-0.000000,2.314201,0.929898,0.000000,2.217239,0.890194,-0.000000
1086,0,11,4,0.000000,0.554960,0.000000,1.875273,0.758038,0.000000,2.217317,0.889723,-0.000000,2.111589,0.846559,-0.000000
1086,0,12,4,0.000000,0.513779,0.000000,1.769921,0.713956,-0.000000,2.102474,0.842927,0.000000,1.993880,0.798662,0.000000
1086,0,13,4,0.000000,0.467658,-0.000000,1.649900,0.664591,0.000000,1.967766,0.788537,0.000000,1.861825,0.745377,0.000000
1086,0,14,4,0.000000,0.415590,0.000000,1.512655,0.608758,-0.000000,1.810477,0.725331,-0.000000,1.712489,0.685394,-0.000000
1086,0,15,4,0.000000,0.356171,0.000000,1.354497,0.544866,-0.000000,1.626487,0.651574,0.000000,1.541697,0.616955,-0.000000
1086,0,16,4,0.000000,0.287198,-0.000000,1.169514,0.470460,0.000000,1.409024,0.564512,0.000000,1.342763,0.537339,-0.000000
1086,0,17,4,0.000000,0.204889,0.000000,0.947282,0.381275,0.000000,1.146083,0.459313,-0.000000,1.103746,0.441747,-0.000000
1086,0,18,4,0.000000,0.102924,0.000000,0.668208,0.269289,-0.000000,0.815409,0.327032,-0.000000,0.801556,0.320891,0.000000
1086,0,19,4,0.028119,0.034704,0.000000,0.293783,0.118949,0.000000,0.376117,0.151336,-0.000000,0.389881,0.156072,-0.000000
1086,1,0,4,2.652339,1.092453,0.835000,2.600626,0.000000,0.000000,4.317114,0.000000,0.000000,4.473289,0.000000,0.000000
1086,1,1,4,2.348765,0.880194,0.879506,2.158456,0.000000,0.000000,3.762060,0.000000,0.000000,3.496346,0.817072,0.000000
1086,1,2,4,2.354431,0.934829,0.871169,2.330460,0.128308,0.000000,4.387078,0.768172,0.000000,3.846535,1.791855,0.000000
1086,1,3,4,2.272244,0.996458,0.857499,2.598417,0.116522,0.000000,4.688900,0.665861,0.000000,4.203702,1.724128,0.000000
1086,1,4,4,2.109546,1.066714,0.837549,2.883380,0.121125,0.000000,4.909253,0.341319,0.000000,4.601674,1.363595,0.000000
1086,1,5,4,1.923718,1.159574,0.794649,3.186510,0.182454,0.000000,5.127175,0.042451,0.000000,5.073792,0.958623,0.000000
1086,1,6,4,1.789952,1.231036,0.739832,3.492792,0.235191,0.000000,5.450035,0.000000,0.000000,5.544381,0.619346,0.000000
1086,1,7,4,1.675952,1.293428,0.680995,3.804678,0.275408,0.000000,5.803967,0.000000,0.000000,6.011521,0.344341,0.000000
1086,1,8,4,1.573675,1.349404,0.616613,4.132121,0.300657,0.000000,6.185755,0.000000,0.000000,6.483527,0.125326,0.000000
1086,1,9,4,1.485192,1.400402,0.545328,4.488655,0.308554,0.000000,6.619207,0.000000,0.000000,6.973391,0.000000,0.000000
1086,1,10,4,1.412353,1.450050,0.465807,4.883831,0.292586,0.000000,7.134584,0.000000,0.000000,7.517545,0.000000,0.000000
1086,1,11,4,1.343094,1.484409,0.376625,5.325634,0.264789,0.000000,7.706772,0.000000,0.000000,8.102820,0.000000,0.000000
1086,1,12,4,1.271858,1.500822,0.276168,5.826421,0.232454,0.000000,8.347639,0.000000,0.000000,8.749381,0.000000,0.000000
1086,1,13,4,1.195528,1.497586,0.162492,6.399879,0.197286,0.000000,9.072512,0.000000,0.000000,9.473061,0.000000,0.000000
1086,1,14,4,1.112215,1.475725,0.033062,7.063703,0.158091,0.000000,9.898509,0.000000,0.000000,10.287310,0.000000,0.000000
1086,1,15,4,1.061463,1.419499,0.000000,7.862513,0.129328,0.000000,10.918711,0.000000,0.000000,11.288568,0.000000,0.000000
1086,1,16,4,0.981953,1.378246,0.000000,8.811611,0.088584,0.000000,12.133912,0.000000,0.000000,12.491005,0.000000,0.000000
1086,1,17,4,0.842575,1.337957,0.053000,9.942328,0.027040,0.000000,13.559803,0.000000,0.000000,13.907557,0.000000,0.000000
1086,1,18,4,0.685207,1.102037,0.283368,11.359801,0.000000,0.000000,15.270001,0.000000,0.000000,15.553177,0.000000,0.000000
1086,1,19,4,0.517137,0.765803,0.559353,13.265321,0.002301,0.000000,17.682980,0.313959,0.000000,17.784733,0.000000,0.000000
1086,2,0,4,2.766167,0.884670,-0.000000,4.422063,0.000108,0.000000,6.422750,0.068512,0.000000,6.732196,0.632545,0.000000
1086,2,1,4,2.543020,0.696168,-0.000000,4.505528,0.000095,-0.000000,7.174695,1.748055,0.000000,6.486900,1.644642,0.000000
1086,2,2,4,2.535355,0.810416,-0.000000,5.201936,0.000165,-0.000000,8.219497,1.939705,0.000000,7.532784,1.551429,0.000000
1086,2,3,4,2.417507,0.910751,-0.000000,5.279400,0.000159,-0.000000,8.107996,1.155466,0.000000,7.809103,0.801226,0.000000
1086,2,4,4,2.228004,0.996913,-0.000000,4.960091,0.270812,0.000000,7.552313,0.715798,0.000000,7.557042,0.555354,0.000000
1086,2,5,4,2.033394,1.079863,-0.000000,4.479219,0.192638,-0.000000,6.848485,0.709061,0.000000,6.906355,0.402692,-0.000000
1086,2,6,4,1.892086,1.134413,-0.000000,3.884689,0.000077,-0.000000,6.000055,0.958357,0.000000,5.976061,0.565536,0.000000
1086,2,7,4,1.769816,1.178246,-0.000000,3.050318,0.000069,-0.000000,4.993024,1.217358,0.000000,4.951196,0.977922,0.000000
1086,2,8,4,1.659042,1.215274,-0.000000,2.160409,0.000052,-0.000000,3.935293,1.523208,0.000000,3.884986,1.400650,0.000000
1086,2,9,4,1.560942,1.247680,-0.000000,1.263959,0.247471,0.000000,2.911516,1.867094,0.000000,2.799233,1.765604,0.000000
1086,2,10,4,1.474272,1.276419,-0.000000,0.184668,0.527136,0.000000,1.900161,2.178681,0.000000,1.738773,2.079093,0.000000
1086,2,11,4,1.325370,1.315062,0.000879,-0.000302,0.394080,0.089078,0.790352,1.733350,0.118705,1.062747,1.929718,0.119314
1086,2,12,4,1.164398,1.158945,0.195715,-0.000318,0.568547,0.064474,0.014232,1.204421,0.326163,0.632594,1.657512,0.331547
1086,2,13,4,1.151921,1.146465,0.315499,-0.000245,0.699880,0.064839,0.129612,1.374708,0.324465,0.670118,1.767558,0.329809
1086,2,14,4,1.149549,1.144006,0.429225,-0.000176,0.852007,0.052981,0.137565,1.560334,0.303760,0.620860,1.905581,0.308923
1086,2,15,4,1.178531,1.172906,0.479506,-0.000116,1.062674,0.051691,-0.000007,1.745924,0.286952,0.461247,2.051991,0.292120
1086,2,16,4,1.187159,1.181292,0.575892,-0.000074,1.312690,0.052253,0.000023,2.042272,0.275318,0.312884,2.248746,0.280651
1086,2,17,4,1.159256,1.153395,0.726435,-0.000045,1.631072,0.050670,0.000018,2.420342,0.260264,-0.000007,2.455690,0.265880
1086,2,18,4,1.131807,1.127255,0.775964,-0.000023,2.014147,0.056676,0.000003,2.869615,0.238721,0.000004,2.863138,0.244801
1086,2,19,4,1.103270,1.100752,0.812758,-0.000004,2.541778,0.098760,-0.000001,3.371748,0.223892,0.000003,3.445826,0.230531
