t,ee_box_depth,ee_box_force_norm,n_pairs
0.000000,0.00000000,0.0000,0
0.001000,0.00000000,0.0000,0
0.002000,0.00000000,0.0000,1
0.003000,0.00000000,0.0000,1
0.004000,0.00000000,0.0000,1
0.005000,0.00000000,0.0000,1
0.006000,0.00000000,0.0000,1
0.007000,0.00000000,0.0000,1
0.008000,0.00000000,0.0000,1
0.009000,0.00000000,0.0000,1
0.010000,0.00000000,0.0000,1
0.011000,0.00000000,0.0000,1
0.012000,0.00000000,0.0000,1
0.013000,0.00000000,0.0000,1
0.014000,0.00000000,0.0000,1
0.015000,0.00000000,0.0000,1
0.015625,0.00000000,0.0000,1
0.016000,0.00000000,0.0000,1
0.017000,0.00000000,0.0000,1
0.018000,0.00000000,0.0000,1
0.019000,0.00000000,0.0000,1
0.020000,0.00000000,0.0000,1
0.021000,0.00000000,0.0000,1
0.022000,0.00000000,0.0000,1
0.023000,0.00000000,0.0000,1
0.024000,0.00000000,0.0000,1
0.025000,0.00000000,0.0000,1
0.026000,0.00000000,0.0000,1
0.027000,0.00000000,0.0000,1
0.028000,0.00000000,0.0000,1
0.029000,0.00000000,0.0000,1
0.030000,0.00000000,0.0000,1
0.031000,0.00000000,0.0000,1
0.031250,0.00000000,0.0000,1
0.032000,0.00000000,0.0000,1
0.033000,0.00000000,0.0000,1
0.034000,0.00000000,0.0000,1
0.035000,0.00000000,0.0000,1
0.036000,0.00000000,0.0000,1
0.037000,0.00000000,0.0000,1
0.038000,0.00000000,0.0000,1
0.039000,0.00000000,0.0000,1
0.040000,0.00000000,0.0000,1
0.041000,0.00000000,0.0000,1
0.042000,0.00000000,0.0000,1
0.043000,0.00000000,0.0000,1
0.044000,0.00000000,0.0000,1
0.045000,0.00000000,0.0000,1
0.046000,0.00000000,0.0000,1
0.046875,0.00000000,0.0000,1
0.047000,0.00000000,0.0000,1
0.048000,0.00000000,0.0000,1
0.049000,0.00000000,0.0000,1
0.050000,0.00000000,0.0000,1
0.051000,0.00000000,0.0000,1
0.052000,0.00000000,0.0000,1
0.053000,0.00000000,0.0000,1
0.054000,0.00000000,0.0000,1
0.055000,0.00000000,0.0000,1
0.056000,0.00000000,0.0000,1
0.057000,0.00000000,0.0000,1
0.058000,0.00000000,0.0000,1
0.059000,0.00000000,0.0000,1
0.060000,0.00000000,0.0000,1
0.060000,0.00000000,0.0000,1
0.061000,0.00000000,0.0000,1
0.062000,0.00000000,0.0000,1
0.062500,0.00000000,0.0000,1
0.063000,0.00000000,0.0000,1
0.064000,0.00000000,0.0000,1
0.065000,0.00000000,0.0000,1
0.066000,0.00000000,0.0000,1
0.067000,0.00000000,0.0000,1
0.068000,0.00000000,0.0000,1
0.069000,0.00000000,0.0000,1
0.070000,0.00000000,0.0000,1
0.071000,0.00000000,0.0000,1
0.072000,0.00000000,0.0000,1
0.073000,0.00000000,0.0000,1
0.074000,0.00000000,0.0000,1
0.075000,0.00000000,0.0000,1
0.076000,0.00000000,0.0000,1
0.077000,0.00000000,0.0000,1
0.078000,0.00000000,0.0000,1
0.078125,0.00000000,0.0000,1
0.079000,0.00000000,0.0000,1
0.080000,0.00000000,0.0000,1
0.081000,0.00000000,0.0000,1
0.082000,0.00000000,0.0000,1
0.083000,0.00000000,0.0000,1
0.084000,0.00000000,0.0000,1
0.085000,0.00000000,0.0000,1
0.086000,0.00000000,0.0000,1
0.087000,0.00000000,0.0000,1
0.088000,0.00000000,0.0000,1
0.089000,0.00000000,0.0000,1
0.090000,0.00000000,0.0000,1
0.091000,0.00000000,0.0000,1
0.092000,0.00000000,0.0000,1
0.093000,0.00000000,0.0000,1
0.093750,0.00000000,0.0000,1
0.094000,0.00000000,0.0000,1
0.095000,0.00000000,0.0000,1
0.096000,0.00000000,0.0000,1
0.097000,0.00000000,0.0000,1
0.098000,0.00000000,0.0000,1
0.099000,0.00000000,0.0000,1
0.100000,0.00000000,0.0000,1
0.100000,0.00000000,0.0000,1
0.101000,0.00000000,0.0000,1
0.102000,0.00000000,0.0000,1
0.103000,0.00000000,0.0000,1
0.104000,0.00000000,0.0000,1
0.105000,0.00000000,0.0000,1
0.106000,0.00000000,0.0000,1
0.107000,0.00000000,0.0000,1
0.108000,0.00000000,0.0000,1
0.109000,0.00000000,0.0000,1
0.109375,0.00000000,0.0000,1
0.110000,0.00000000,0.0000,1
0.110000,0.00000000,0.0000,1
0.111000,0.00000000,0.0000,1
0.112000,0.00000000,0.0000,1
0.113000,0.00000000,0.0000,1
0.114000,0.00000000,0.0000,1
0.115000,0.00000000,0.0000,1
0.116000,0.00000000,0.0000,1
0.117000,0.00000000,0.0000,1
0.118000,0.00000000,0.0000,1
0.119000,0.00000000,0.0000,1
0.120000,0.00000000,0.0000,1
0.120000,0.00000000,0.0000,1
0.121000,0.00000000,0.0000,1
0.122000,0.00000000,0.0000,1
0.123000,0.00000000,0.0000,1
0.124000,0.00000000,0.0000,1
0.125000,0.00000000,0.0000,1
0.126000,0.00000000,0.0000,1
0.127000,0.00000000,0.0000,1
0.128000,0.00000000,0.0000,1
0.129000,0.00000000,0.0000,1
0.130000,0.00000000,0.0000,1
0.130000,0.00000000,0.0000,1
0.131000,0.00000000,0.0000,1
0.132000,0.00000000,0.0000,1
0.133000,0.00000000,0.0000,1
0.134000,0.00000000,0.0000,1
0.135000,0.00000000,0.0000,1
0.136000,0.00000000,0.0000,1
0.137000,0.00000000,0.0000,1
0.138000,0.00000000,0.0000,1
0.139000,0.00000000,0.0000,1
0.140000,0.00000000,0.0000,1
0.140000,0.00000000,0.0000,1
0.140625,0.00000000,0.0000,1
0.141000,0.00000000,0.0000,1
0.142000,0.00000000,0.0000,1
0.143000,0.00000000,0.0000,1
0.144000,0.00000000,0.0000,1
0.145000,0.00000000,0.0000,1
0.146000,0.00000000,0.0000,1
0.147000,0.00000000,0.0000,1
0.148000,0.00000000,0.0000,1
0.149000,0.00000000,0.0000,1
0.150000,0.00000000,0.0000,1
0.151000,0.00000000,0.0000,1
0.152000,0.00000000,0.0000,1
0.153000,0.00000000,0.0000,1
0.154000,0.00000000,0.0000,1
0.155000,0.00000000,0.0000,1
0.156000,0.00000000,0.0000,1
0.156250,0.00000000,0.0000,1
0.157000,0.00000000,0.0000,1
0.158000,0.00000000,0.0000,1
0.159000,0.00000000,0.0000,1
0.160000,0.00000000,0.0000,1
0.161000,0.00000000,0.0000,1
0.162000,0.00000000,0.0000,1
0.163000,0.00000000,0.0000,1
0.164000,0.00000000,0.0000,1
0.165000,0.00000000,0.0000,1
0.166000,0.00000000,0.0000,1
0.167000,0.00000000,0.0000,1
0.168000,0.00000000,0.0000,1
0.169000,0.00000000,0.0000,1
0.170000,0.00000000,0.0000,1
0.171000,0.00000000,0.0000,1
0.171875,0.00000000,0.0000,1
0.172000,0.00000000,0.0000,1
0.173000,0.00000000,0.0000,1
0.174000,0.00000000,0.0000,1
0.175000,0.00000000,0.0000,1
0.176000,0.00000000,0.0000,1
0.177000,0.00000000,0.0000,1
0.178000,0.00000000,0.0000,1
0.179000,0.00000000,0.0000,1
0.180000,0.00000000,0.0000,1
0.180000,0.00000000,0.0000,1
0.181000,0.00000000,0.0000,1
0.182000,0.00000000,0.0000,1
0.183000,0.00000000,0.0000,1
0.184000,0.00000000,0.0000,1
0.185000,0.00000000,0.0000,1
0.186000,0.00000000,0.0000,1
0.187000,0.00000000,0.0000,1
0.187500,0.00000000,0.0000,1
0.188000,0.00000000,0.0000,1
0.189000,0.00000000,0.0000,1
0.190000,0.00000000,0.0000,1
0.190000,0.00000000,0.0000,1
0.191000,0.00000000,0.0000,1
0.192000,0.00000000,0.0000,1
0.193000,0.00000000,0.0000,1
0.194000,0.00000000,0.0000,1
0.195000,0.00000000,0.0000,1
0.196000,0.00000000,0.0000,1
0.197000,0.00000000,0.0000,1
0.198000,0.00000000,0.0000,1
0.199000,0.00000000,0.0000,1
0.200000,0.00000000,0.0000,1
0.200000,0.00000000,0.0000,1
0.201000,0.00000000,0.0000,1
0.202000,0.00000000,0.0000,1
0.203000,0.00000000,0.0000,1
0.203125,0.00000000,0.0000,1
0.204000,0.00000000,0.0000,1
0.205000,0.00000000,0.0000,1
0.206000,0.00000000,0.0000,1
0.207000,0.00000000,0.0000,1
0.208000,0.00000000,0.0000,1
0.209000,0.00000000,0.0000,1
0.210000,0.00000000,0.0000,1
0.210000,0.00000000,0.0000,1
0.211000,0.00000000,0.0000,1
0.212000,0.00000000,0.0000,1
0.213000,0.00000000,0.0000,1
0.214000,0.00000000,0.0000,1
0.215000,0.00000000,0.0000,1
0.216000,0.00000000,0.0000,1
0.217000,0.00000000,0.0000,1
0.218000,0.00000000,0.0000,1
0.218750,0.00000000,0.0000,1
0.219000,0.00000000,0.0000,1
0.220000,0.00000000,0.0000,1
0.220000,0.00000000,0.0000,1
0.221000,0.00000000,0.0000,1
0.222000,0.00000000,0.0000,1
0.223000,0.00000000,0.0000,1
0.224000,0.00000000,0.0000,1
0.225000,0.00000000,0.0000,1
0.226000,0.00000000,0.0000,1
0.227000,0.00000000,0.0000,1
0.228000,0.00000000,0.0000,1
0.229000,0.00000000,0.0000,1
0.230000,0.00000000,0.0000,1
0.230000,0.00000000,0.0000,1
0.231000,0.00000000,0.0000,1
0.232000,0.00000000,0.0000,1
0.233000,0.00000000,0.0000,1
0.234000,0.00000000,0.0000,1
0.234375,0.00000000,0.0000,1
0.235000,0.00000000,0.0000,1
0.236000,0.00000000,0.0000,1
0.237000,0.00000000,0.0000,1
0.238000,0.00000000,0.0000,1
0.239000,0.00000000,0.0000,1
0.240000,0.00000000,0.0000,1
0.240000,0.00000000,0.0000,1
0.241000,0.00000000,0.0000,1
0.242000,0.00000000,0.0000,1
0.243000,0.00000000,0.0000,1
0.244000,0.00000000,0.0000,1
0.245000,0.00000000,0.0000,1
0.246000,0.00000000,0.0000,1
0.247000,0.00000000,0.0000,1
0.248000,0.00000000,0.0000,1
0.249000,0.00000000,0.0000,1
0.250000,0.00000000,0.0000,1
0.250000,0.00000000,0.0000,1
0.251000,0.00000000,0.0000,1
0.252000,0.00000000,0.0000,1
0.253000,0.00000000,0.0000,1
0.254000,0.00000000,0.0000,1
0.255000,0.00000000,0.0000,1
0.256000,0.00000000,0.0000,1
0.257000,0.00000000,0.0000,1
0.258000,0.00000000,0.0000,1
0.259000,0.00000000,0.0000,1
0.260000,0.00000000,0.0000,1
0.260000,0.00000000,0.0000,1
0.261000,0.00000000,0.0000,1
0.262000,0.00000000,0.0000,1
0.263000,0.00000000,0.0000,1
0.264000,0.00000000,0.0000,1
0.265000,0.00000000,0.0000,1
0.265625,0.00000000,0.0000,1
0.266000,0.00000000,0.0000,1
0.267000,0.00000000,0.0000,1
0.268000,0.00000000,0.0000,1
0.269000,0.00000000,0.0000,1
0.270000,0.00000000,0.0000,1
0.270000,0.00000000,0.0000,1
0.271000,0.00000000,0.0000,1
0.272000,0.00000000,0.0000,1
0.273000,0.00000000,0.0000,1
0.274000,0.00000000,0.0000,1
0.275000,0.00000000,0.0000,1
0.276000,0.00000000,0.0000,1
0.277000,0.00000000,0.0000,1
0.278000,0.00000000,0.0000,1
0.279000,0.00000000,0.0000,1
0.280000,0.00000000,0.0000,1
0.280000,0.00000000,0.0000,1
0.281000,0.00000000,0.0000,1
0.281250,0.00000000,0.0000,1
0.282000,0.00000000,0.0000,1
0.283000,0.00000000,0.0000,1
0.284000,0.00000000,0.0000,1
0.285000,0.00000000,0.0000,1
0.286000,0.00000000,0.0000,1
0.287000,0.00000000,0.0000,1
0.288000,0.00000000,0.0000,1
0.289000,0.00000000,0.0000,1
0.290000,0.00000000,0.0000,1
0.290000,0.00000000,0.0000,1
0.291000,0.00000000,0.0000,1
0.292000,0.00000000,0.0000,1
0.293000,0.00000000,0.0000,1
0.294000,0.00000000,0.0000,1
0.295000,0.00000000,0.0000,1
0.296000,0.00000000,0.0000,1
0.296875,0.00000000,0.0000,1
0.297000,0.00000000,0.0000,1
0.298000,0.00000000,0.0000,1
0.299000,0.00000000,0.0000,1
0.300000,0.00000000,0.0000,1
0.300000,0.00000000,0.0000,1
0.301000,0.00000000,0.0000,1
0.302000,0.00000000,0.0000,1
0.303000,0.00000000,0.0000,1
0.304000,0.00000000,0.0000,1
0.305000,0.00000000,0.0000,1
0.306000,0.00000000,0.0000,1
0.307000,0.00000000,0.0000,1
0.308000,0.00000000,0.0000,1
0.309000,0.00000000,0.0000,1
0.310000,0.00000000,0.0000,1
0.310000,0.00000000,0.0000,1
0.311000,0.00000000,0.0000,1
0.312000,0.00000000,0.0000,1
0.312500,0.00000000,0.0000,1
0.313000,0.00000000,0.0000,1
0.314000,0.00000000,0.0000,1
0.315000,0.00000000,0.0000,1
0.316000,0.00000000,0.0000,1
0.317000,0.00000000,0.0000,1
0.318000,0.00000000,0.0000,1
0.319000,0.00000000,0.0000,1
0.320000,0.00000000,0.0000,1
0.320000,0.00000000,0.0000,1
0.321000,0.00000000,0.0000,1
0.322000,0.00000000,0.0000,1
0.323000,0.00000000,0.0000,1
0.324000,0.00000000,0.0000,1
0.325000,0.00000000,0.0000,1
0.326000,0.00000000,0.0000,1
0.327000,0.00000000,0.0000,1
0.328000,0.00000000,0.0000,1
0.328125,0.00000000,0.0000,1
0.329000,0.00000000,0.0000,1
0.330000,0.00000000,0.0000,1
0.330000,0.00000000,0.0000,1
0.331000,0.00000000,0.0000,1
0.332000,0.00000000,0.0000,1
0.333000,0.00000000,0.0000,1
0.334000,0.00000000,0.0000,1
0.335000,0.00000000,0.0000,1
0.336000,0.00000000,0.0000,1
0.337000,0.00000000,0.0000,1
0.338000,0.00000000,0.0000,1
0.339000,0.00000000,0.0000,1
0.340000,0.00000000,0.0000,1
0.340000,0.00000000,0.0000,1
0.341000,0.00000000,0.0000,1
0.342000,0.00000000,0.0000,1
0.343000,0.00000000,0.0000,1
0.343750,0.00000000,0.0000,1
0.344000,0.00000000,0.0000,1
0.345000,0.00000000,0.0000,1
0.346000,0.00000000,0.0000,1
0.347000,0.00000000,0.0000,1
0.348000,0.00000000,0.0000,1
0.349000,0.00000000,0.0000,1
0.350000,0.00000000,0.0000,1
0.350000,0.00000000,0.0000,1
0.351000,0.00000000,0.0000,1
0.352000,0.00000000,0.0000,1
0.353000,0.00000000,0.0000,1
0.354000,0.00000000,0.0000,1
0.355000,0.00000000,0.0000,1
0.356000,0.00000000,0.0000,1
0.357000,0.00000000,0.0000,1
0.358000,0.00000000,0.0000,1
0.359000,0.00000000,0.0000,1
0.359375,0.00000000,0.0000,1
0.360000,0.00000000,0.0000,1
0.360000,0.00000000,0.0000,1
0.361000,0.00000000,0.0000,1
0.362000,0.00000000,0.0000,1
0.363000,0.00000000,0.0000,1
0.364000,0.00000000,0.0000,1
0.365000,0.00000000,0.0000,1
0.366000,0.00000000,0.0000,1
0.367000,0.00000000,0.0000,1
0.368000,0.00000000,0.0000,1
0.369000,0.00000000,0.0000,1
0.370000,0.00000000,0.0000,1
0.370000,0.00000000,0.0000,1
0.371000,0.00000000,0.0000,1
0.372000,0.00000000,0.0000,1
0.373000,0.00000000,0.0000,1
0.374000,0.00000000,0.0000,1
0.375000,0.00000000,0.0000,1
0.376000,0.00000000,0.0000,1
0.377000,0.00000000,0.0000,1
0.378000,0.00000000,0.0000,1
0.379000,0.00000000,0.0000,1
0.380000,0.00000000,0.0000,1
0.380000,0.00000000,0.0000,1
0.381000,0.00000000,0.0000,1
0.382000,0.00000000,0.0000,1
0.383000,0.00000000,0.0000,1
0.384000,0.00000000,0.0000,1
0.385000,0.00000000,0.0000,1
0.386000,0.00000000,0.0000,1
0.387000,0.00000000,0.0000,1
0.388000,0.00000000,0.0000,1
0.389000,0.00000000,0.0000,1
0.390000,0.00000000,0.0000,1
0.390000,0.00000000,0.0000,1
0.390625,0.00000000,0.0000,1
0.391000,0.00000000,0.0000,1
0.392000,0.00000000,0.0000,1
0.393000,0.00000000,0.0000,1
0.394000,0.00000000,0.0000,1
0.395000,0.00000000,0.0000,1
0.396000,0.00000000,0.0000,1
0.397000,0.00000000,0.0000,1
0.398000,0.00000000,0.0000,1
0.399000,0.00000000,0.0000,1
0.400000,0.00000000,0.0000,1
0.400000,0.00000000,0.0000,1
0.401000,0.00000000,0.0000,1
0.402000,0.00000000,0.0000,1
0.403000,0.00000000,0.0000,1
0.404000,0.00000000,0.0000,1
0.405000,0.00000000,0.0000,1
0.406000,0.00000000,0.0000,1
0.406250,0.00000000,0.0000,1
0.407000,0.00000000,0.0000,1
0.408000,0.00000000,0.0000,1
0.409000,0.00000000,0.0000,1
0.410000,0.00000000,0.0000,1
0.410000,0.00000000,0.0000,1
0.411000,0.00000000,0.0000,1
0.412000,0.00000000,0.0000,1
0.413000,0.00000000,0.0000,1
0.414000,0.00000000,0.0000,1
0.415000,0.00000000,0.0000,1
0.416000,0.00000000,0.0000,1
0.417000,0.00000000,0.0000,1
0.418000,0.00000000,0.0000,1
0.419000,0.00000000,0.0000,1
0.420000,0.00000000,0.0000,1
0.420000,0.00000000,0.0000,1
0.421000,0.00000000,0.0000,1
0.421875,0.00000000,0.0000,1
0.422000,0.00000000,0.0000,1
0.423000,0.00000000,0.0000,1
0.424000,0.00000000,0.0000,1
0.425000,0.00000000,0.0000,1
0.426000,0.00000000,0.0000,1
0.427000,0.00000000,0.0000,1
0.428000,0.00000000,0.0000,1
0.429000,0.00000000,0.0000,1
0.430000,0.00000000,0.0000,1
0.430000,0.00000000,0.0000,1
0.431000,0.00000000,0.0000,1
0.432000,0.00000000,0.0000,1
0.433000,0.00000000,0.0000,1
0.434000,0.00000000,0.0000,1
0.435000,0.00000000,0.0000,1
0.436000,0.00000000,0.0000,1
0.437000,0.00000000,0.0000,1
0.437500,0.00000000,0.0000,1
0.438000,0.00000000,0.0000,1
0.439000,0.00000000,0.0000,1
0.440000,0.00000000,0.0000,1
0.440000,0.00000000,0.0000,1
0.441000,0.00000000,0.0000,1
0.442000,0.00000000,0.0000,1
0.443000,0.00000000,0.0000,1
0.444000,0.00000000,0.0000,1
0.445000,0.00000000,0.0000,1
0.446000,0.00000000,0.0000,1
0.447000,0.00000000,0.0000,1
0.448000,0.00000000,0.0000,1
0.449000,0.00000000,0.0000,1
0.450000,0.00000000,0.0000,1
0.450000,0.00000000,0.0000,1
0.451000,0.00000000,0.0000,1
0.452000,0.00000000,0.0000,1
0.453000,0.00000000,0.0000,1
0.453125,0.00000000,0.0000,1
0.454000,0.00000000,0.0000,1
0.455000,0.00000000,0.0000,1
0.456000,0.00000000,0.0000,1
0.457000,0.00000000,0.0000,1
0.458000,0.00000000,0.0000,1
0.459000,0.00000000,0.0000,1
0.460000,0.00000000,0.0000,1
0.460000,0.00000000,0.0000,1
0.461000,0.00000000,0.0000,1
0.462000,0.00000000,0.0000,1
0.463000,0.00000000,0.0000,1
0.464000,0.00000000,0.0000,1
0.465000,0.00000000,0.0000,1
0.466000,0.00000000,0.0000,1
0.467000,0.00000000,0.0000,1
0.468000,0.00000000,0.0000,1
0.468750,0.00000000,0.0000,1
0.469000,0.00000000,0.0000,1
0.470000,0.00000000,0.0000,1
0.470000,0.00000000,0.0000,1
0.471000,0.00000000,0.0000,1
0.472000,0.00000000,0.0000,1
0.473000,0.00000000,0.0000,1
0.474000,0.00000000,0.0000,1
0.475000,0.00000000,0.0000,1
0.476000,0.00000000,0.0000,1
0.477000,0.00000000,0.0000,1
0.478000,0.00000000,0.0000,1
0.479000,0.00000000,0.0000,1
0.480000,0.00000000,0.0000,1
0.480000,0.00000000,0.0000,1
0.481000,0.00000000,0.0000,1
0.482000,0.00000000,0.0000,1
0.483000,0.00000000,0.0000,1
0.484000,0.00000000,0.0000,1
0.484375,0.00000000,0.0000,1
0.485000,0.00000000,0.0000,1
0.486000,0.00000000,0.0000,1
0.487000,0.00000000,0.0000,1
0.488000,0.00000000,0.0000,1
0.489000,0.00000000,0.0000,1
0.490000,0.00000000,0.0000,1
0.490000,0.00000000,0.0000,1
0.491000,0.00000000,0.0000,1
0.492000,0.00000000,0.0000,1
0.493000,0.00000000,0.0000,1
0.494000,0.00000000,0.0000,1
0.495000,0.00000000,0.0000,1
0.496000,0.00000000,0.0000,1
0.497000,0.00000000,0.0000,1
0.498000,0.00000000,0.0000,1
0.499000,0.00000000,0.0000,1
0.500000,0.00000000,0.0000,1
0.500000,0.00000000,0.0000,1
0.501000,0.00000000,0.0000,1
0.502000,0.00000000,0.0000,1
0.503000,0.00000000,0.0000,1
0.504000,0.00000000,0.0000,1
0.505000,0.00000000,0.0000,1
0.506000,0.00000000,0.0000,1
0.507000,0.00000000,0.0000,1
0.508000,0.00000000,0.0000,1
0.509000,0.00000000,0.0000,1
0.510000,0.00000000,0.0000,1
0.510000,0.00000000,0.0000,1
0.511000,0.00000000,0.0000,1
0.512000,0.00000000,0.0000,1
0.513000,0.00000000,0.0000,1
0.514000,0.00000000,0.0000,1
0.515000,0.00000000,0.0000,1
0.515625,0.00000000,0.0000,1
0.516000,0.00000000,0.0000,1
0.517000,0.00000000,0.0000,1
0.518000,0.00000000,0.0000,1
0.519000,0.00000000,0.0000,1
0.520000,0.00000000,0.0000,1
0.520000,0.00000000,0.0000,1
0.521000,0.00000000,0.0000,1
0.522000,0.00000000,0.0000,1
0.523000,0.00000000,0.0000,1
0.524000,0.00000000,0.0000,1
0.525000,0.00000000,0.0000,1
0.526000,0.00000000,0.0000,1
0.527000,0.00000000,0.0000,1
0.528000,0.00000000,0.0000,1
0.529000,0.00000000,0.0000,1
0.530000,0.00000000,0.0000,1
0.530000,0.00000000,0.0000,1
0.531000,0.00000000,0.0000,1
0.531250,0.00000000,0.0000,1
0.532000,0.00000000,0.0000,1
0.533000,0.00000000,0.0000,1
0.534000,0.00000000,0.0000,1
0.535000,0.00000000,0.0000,1
0.536000,0.00000000,0.0000,1
0.537000,0.00000000,0.0000,1
0.538000,0.00000000,0.0000,1
0.539000,0.00000000,0.0000,1
0.540000,0.00000000,0.0000,1
0.540000,0.00000000,0.0000,1
0.541000,0.00000000,0.0000,1
0.542000,0.00000000,0.0000,1
0.543000,0.00000000,0.0000,1
0.544000,0.00000000,0.0000,1
0.545000,0.00000000,0.0000,2
0.546000,0.00000000,0.0000,2
0.546875,0.00000000,0.0000,2
0.547000,0.00000000,0.0000,2
0.548000,0.00000000,0.0000,2
0.549000,0.00000000,0.0000,2
0.550000,0.00000000,0.0000,2
0.550000,0.00000000,0.0000,2
0.551000,0.00000000,0.0000,2
0.552000,0.00000000,0.0000,2
0.553000,0.00000000,0.0000,2
0.554000,0.00000000,0.0000,2
0.555000,0.00000000,0.0000,2
0.556000,0.00000000,0.0000,2
0.557000,0.00000000,0.0000,2
0.558000,0.00000000,0.0000,2
0.559000,0.00000000,0.0000,2
0.560000,0.00000000,0.0000,2
0.560000,0.00000000,0.0000,2
0.561000,0.00000000,0.0000,2
0.562000,0.00000000,0.0000,2
0.562500,0.00000000,0.0000,2
0.563000,0.00000000,0.0000,2
0.564000,0.00000000,0.0000,2
0.565000,0.00000000,0.0000,2
0.566000,0.00000000,0.0000,2
0.567000,0.00000000,0.0000,2
0.568000,0.00000000,0.0000,2
0.569000,0.00000000,0.0000,2
0.570000,0.00000000,0.0000,2
0.570000,0.00000000,0.0000,2
0.571000,0.00000000,0.0000,2
0.572000,0.00000000,0.0000,2
0.573000,0.00000000,0.0000,2
0.574000,0.00000000,0.0000,2
0.575000,0.00000000,0.0000,2
0.576000,0.00000000,0.0000,2
0.577000,0.00000000,0.0000,2
0.578000,0.00000000,0.0000,2
0.578125,0.00000000,0.0000,2
0.579000,0.00000000,0.0000,2
0.580000,0.00000000,0.0000,2
0.580000,0.00000000,0.0000,2
0.581000,0.00000000,0.0000,2
0.582000,0.00000000,0.0000,2
0.583000,0.00000000,0.0000,2
0.584000,0.00000000,0.0000,2
0.585000,0.00000000,0.0000,2
0.586000,0.00000000,0.0000,2
0.587000,0.00000000,0.0000,2
0.588000,0.00000000,0.0000,2
0.589000,0.00000000,0.0000,2
0.590000,0.00000000,0.0000,2
0.590000,0.00000000,0.0000,2
0.591000,0.00000000,0.0000,2
0.592000,0.00000000,0.0000,2
0.593000,0.00000000,0.0000,2
0.593750,0.00000000,0.0000,2
0.594000,0.00000000,0.0000,2
0.595000,0.00000000,0.0000,2
0.596000,0.00000000,0.0000,2
0.597000,0.00000000,0.0000,2
0.598000,0.00000000,0.0000,2
0.599000,0.00000000,0.0000,2
0.600000,0.00000000,0.0000,2
0.600000,0.00000000,0.0000,2
0.601000,0.00000000,0.0000,2
0.602000,0.00000000,0.0000,2
0.603000,0.00000000,0.0000,2
0.604000,0.00000000,0.0000,2
0.605000,0.00000000,0.0000,2
0.606000,0.00000000,0.0000,2
0.607000,0.00000000,0.0000,2
0.608000,0.00000000,0.0000,2
0.609000,0.00000000,0.0000,2
0.609375,0.00000000,0.0000,2
0.610000,0.00000000,0.0000,2
0.610000,0.00000000,0.0000,2
0.611000,0.00000000,0.0000,2
0.612000,0.00000000,0.0000,2
0.613000,0.00000000,0.0000,2
0.614000,0.00000000,0.0000,2
0.615000,0.00000000,0.0000,2
0.616000,0.00000000,0.0000,2
0.617000,0.00000000,0.0000,2
0.618000,0.00000000,0.0000,2
0.619000,0.00000000,0.0000,2
0.620000,0.00000000,0.0000,2
0.620000,0.00000000,0.0000,2
0.621000,0.00000000,0.0000,2
0.622000,0.00000000,0.0000,2
0.623000,0.00000000,0.0000,1
0.624000,0.00000000,0.0000,1
0.625000,0.00000000,0.0000,1
0.626000,0.00000000,0.0000,1
0.627000,0.00000000,0.0000,1
0.628000,0.00000000,0.0000,1
0.629000,0.00000000,0.0000,1
0.630000,0.00000000,0.0000,1
0.630000,0.00000000,0.0000,1
0.631000,0.00000000,0.0000,1
0.632000,0.00000000,0.0000,1
0.633000,0.00000000,0.0000,1
0.634000,0.00000000,0.0000,1
0.635000,0.00000000,0.0000,1
0.636000,0.00000000,0.0000,1
0.637000,0.00000000,0.0000,1
0.638000,0.00000000,0.0000,1
0.639000,0.00000000,0.0000,1
0.640000,0.00000000,0.0000,1
0.640000,0.00000000,0.0000,1
0.640625,0.00000000,0.0000,1
0.641000,0.00000000,0.0000,1
0.642000,0.00000000,0.0000,1
0.643000,0.00000000,0.0000,1
0.644000,0.00000000,0.0000,1
0.645000,0.00000000,0.0000,1
0.646000,0.00000000,0.0000,1
0.647000,0.00000000,0.0000,1
0.648000,0.00000000,0.0000,1
0.649000,0.00000000,0.0000,1
0.650000,0.00000000,0.0000,1
0.650000,0.00000000,0.0000,1
0.651000,0.00000000,0.0000,1
0.652000,0.00000000,0.0000,1
0.653000,0.00000000,0.0000,1
0.654000,0.00000000,0.0000,1
0.655000,0.00000000,0.0000,1
0.656000,0.00000000,0.0000,1
0.656250,0.00000000,0.0000,1
0.657000,0.00000000,0.0000,1
0.658000,0.00000000,0.0000,1
0.659000,0.00000000,0.0000,1
0.660000,0.00000000,0.0000,1
0.660000,0.00000000,0.0000,1
0.661000,0.00000000,0.0000,1
0.662000,0.00000000,0.0000,1
0.663000,0.00000000,0.0000,1
0.664000,0.00000000,0.0000,1
0.665000,0.00000000,0.0000,1
0.666000,0.00000000,0.0000,1
0.667000,0.00000000,0.0000,1
0.668000,0.00000000,0.0000,1
0.669000,0.00000000,0.0000,1
0.670000,0.00000000,0.0000,1
0.670000,0.00000000,0.0000,1
0.671000,0.00000000,0.0000,1
0.671875,0.00000000,0.0000,1
0.672000,0.00000000,0.0000,1
0.673000,0.00000000,0.0000,1
0.674000,0.00000000,0.0000,1
0.675000,0.00000000,0.0000,1
0.676000,0.00000000,0.0000,1
0.677000,0.00000000,0.0000,1
0.678000,0.00000000,0.0000,1
0.679000,0.00000000,0.0000,1
0.680000,0.00000000,0.0000,1
0.680000,0.00000000,0.0000,1
0.681000,0.00000000,0.0000,1
0.682000,0.00000000,0.0000,1
0.683000,0.00000000,0.0000,1
0.684000,0.00000000,0.0000,1
0.685000,0.00000000,0.0000,1
0.686000,0.00000000,0.0000,1
0.687000,0.00000000,0.0000,1
0.687500,0.00000000,0.0000,1
0.688000,0.00000000,0.0000,1
0.689000,0.00000000,0.0000,1
0.690000,0.00000000,0.0000,1
0.690000,0.00000000,0.0000,1
0.691000,0.00000000,0.0000,1
0.692000,0.00000000,0.0000,1
0.693000,0.00000000,0.0000,1
0.694000,0.00000000,0.0000,1
0.695000,0.00000000,0.0000,1
0.696000,0.00000000,0.0000,1
0.697000,0.00000000,0.0000,1
0.698000,0.00000000,0.0000,1
0.699000,0.00000000,0.0000,1
0.700000,0.00000000,0.0000,1
0.700000,0.00000000,0.0000,1
0.701000,0.00000000,0.0000,1
0.702000,0.00000000,0.0000,1
0.703000,0.00000000,0.0000,1
0.703125,0.00000000,0.0000,1
0.704000,0.00000000,0.0000,1
0.705000,0.00000000,0.0000,1
0.706000,0.00000000,0.0000,1
0.707000,0.00000000,0.0000,1
0.708000,0.00000000,0.0000,1
0.709000,0.00000000,0.0000,1
0.710000,0.00000000,0.0000,1
0.710000,0.00000000,0.0000,1
0.711000,0.00000000,0.0000,1
0.712000,0.00000000,0.0000,1
0.713000,0.00000000,0.0000,1
0.714000,0.00000000,0.0000,1
0.715000,0.00000000,0.0000,1
0.716000,0.00000000,0.0000,1
0.717000,0.00000000,0.0000,1
0.718000,0.00000000,0.0000,1
0.718750,0.00000000,0.0000,1
0.719000,0.00000000,0.0000,1
0.720000,0.00000000,0.0000,1
0.720000,0.00000000,0.0000,1
0.721000,0.00000000,0.0000,1
0.722000,0.00000000,0.0000,1
0.723000,0.00000000,0.0000,1
0.724000,0.00000000,0.0000,1
0.725000,0.00000000,0.0000,1
0.726000,0.00000000,0.0000,1
0.727000,0.00000000,0.0000,1
0.728000,0.00000000,0.0000,1
0.729000,0.00000000,0.0000,1
0.730000,0.00000000,0.0000,1
0.730000,0.00000000,0.0000,1
0.731000,0.00000000,0.0000,1
0.732000,0.00000000,0.0000,1
0.733000,0.00000000,0.0000,1
0.734000,0.00000000,0.0000,1
0.734375,0.00000000,0.0000,1
0.735000,0.00000000,0.0000,1
0.736000,0.00000000,0.0000,1
0.737000,0.00000000,0.0000,1
0.738000,0.00000000,0.0000,1
0.739000,0.00000000,0.0000,1
0.740000,0.00000000,0.0000,1
0.740000,0.00000000,0.0000,1
0.741000,0.00000000,0.0000,1
0.742000,0.00000000,0.0000,1
0.743000,0.00000000,0.0000,1
0.744000,0.00000000,0.0000,1
0.745000,0.00000000,0.0000,1
0.746000,0.00000000,0.0000,1
0.747000,0.00000000,0.0000,1
0.748000,0.00000000,0.0000,1
0.749000,0.00000000,0.0000,1
0.750000,0.00000000,0.0000,1
0.750000,0.00000000,0.0000,1
0.751000,0.00000000,0.0000,1
0.752000,0.00000000,0.0000,1
0.753000,0.00000000,0.0000,1
0.754000,0.00000000,0.0000,1
0.755000,0.00000000,0.0000,1
0.756000,0.00000000,0.0000,1
0.757000,0.00000000,0.0000,1
0.758000,0.00000000,0.0000,1
0.759000,0.00000000,0.0000,1
0.760000,0.00000000,0.0000,1
0.760000,0.00000000,0.0000,1
0.761000,0.00000000,0.0000,1
0.762000,0.00000000,0.0000,1
0.763000,0.00000000,0.0000,1
0.764000,0.00000000,0.0000,1
0.765000,0.00000000,0.0000,1
0.765625,0.00000000,0.0000,1
0.766000,0.00000000,0.0000,1
0.767000,0.00000000,0.0000,1
0.768000,0.00000000,0.0000,1
0.769000,0.00000000,0.0000,1
0.770000,0.00000000,0.0000,1
0.770000,0.00000000,0.0000,1
0.771000,0.00000000,0.0000,1
0.772000,0.00000000,0.0000,1
0.773000,0.00000000,0.0000,1
0.774000,0.00000000,0.0000,1
0.775000,0.00000000,0.0000,1
0.776000,0.00000000,0.0000,1
0.777000,0.00000000,0.0000,1
0.778000,0.00000000,0.0000,1
0.779000,0.00000000,0.0000,1
0.780000,0.00000000,0.0000,1
0.780000,0.00000000,0.0000,1
0.781000,0.00000000,0.0000,1
0.781250,0.00000000,0.0000,1
0.782000,0.00000000,0.0000,1
0.783000,0.00000000,0.0000,1
0.784000,0.00000000,0.0000,1
0.785000,0.00000000,0.0000,1
0.786000,0.00000000,0.0000,1
0.787000,0.00000000,0.0000,1
0.788000,0.00000000,0.0000,1
0.789000,0.00000000,0.0000,1
0.790000,0.00000000,0.0000,1
0.790000,0.00000000,0.0000,1
0.791000,0.00000000,0.0000,1
0.792000,0.00000000,0.0000,1
0.793000,0.00000000,0.0000,1
0.794000,0.00000000,0.0000,1
0.795000,0.00000000,0.0000,1
0.796000,0.00000000,0.0000,1
0.796875,0.00000000,0.0000,1
0.797000,0.00000000,0.0000,1
0.798000,0.00000000,0.0000,1
0.799000,0.00000000,0.0000,1
0.800000,0.00000000,0.0000,1
0.800000,0.00000000,0.0000,1
0.801000,0.00000000,0.0000,1
0.802000,0.00000000,0.0000,1
0.803000,0.00000000,0.0000,1
0.804000,0.00000000,0.0000,1
0.805000,0.00000000,0.0000,1
0.806000,0.00000000,0.0000,1
0.807000,0.00000000,0.0000,1
0.808000,0.00000000,0.0000,1
0.809000,0.00000000,0.0000,1
0.810000,0.00000000,0.0000,1
0.810000,0.00000000,0.0000,1
0.811000,0.00000000,0.0000,1
0.812000,0.00000000,0.0000,1
0.812500,0.00000000,0.0000,1
0.813000,0.00000000,0.0000,1
0.814000,0.00000000,0.0000,1
0.815000,0.00000000,0.0000,1
0.816000,0.00000000,0.0000,1
0.817000,0.00000000,0.0000,1
0.818000,0.00000000,0.0000,1
0.819000,0.00000000,0.0000,1
0.820000,0.00000000,0.0000,1
0.820000,0.00000000,0.0000,1
0.821000,0.00000000,0.0000,1
0.822000,0.00000000,0.0000,1
0.823000,0.00000000,0.0000,1
0.824000,0.00000000,0.0000,1
0.825000,0.00000000,0.0000,1
0.826000,0.00000000,0.0000,1
0.827000,0.00000000,0.0000,1
0.828000,0.00000000,0.0000,1
0.828125,0.00000000,0.0000,1
0.829000,0.00000000,0.0000,1
0.830000,0.00000000,0.0000,1
0.830000,0.00000000,0.0000,1
0.831000,0.00000000,0.0000,1
0.832000,0.00000000,0.0000,1
0.833000,0.00000000,0.0000,1
0.834000,0.00000000,0.0000,1
0.835000,0.00000000,0.0000,1
0.836000,0.00000000,0.0000,1
0.837000,0.00000000,0.0000,1
0.838000,0.00000000,0.0000,1
0.839000,0.00000000,0.0000,1
0.840000,0.00000000,0.0000,1
0.840000,0.00000000,0.0000,1
0.841000,0.00000000,0.0000,1
0.842000,0.00000000,0.0000,1
0.843000,0.00000000,0.0000,1
0.843750,0.00000000,0.0000,1
0.844000,0.00000000,0.0000,1
0.845000,0.00000000,0.0000,1
0.846000,0.00000000,0.0000,1
0.847000,0.00000000,0.0000,1
0.848000,0.00000000,0.0000,1
0.849000,0.00000000,0.0000,1
0.850000,0.00000000,0.0000,1
0.850000,0.00000000,0.0000,1
0.851000,0.00000000,0.0000,1
0.852000,0.00000000,0.0000,1
0.853000,0.00000000,0.0000,1
0.854000,0.00000000,0.0000,1
0.855000,0.00000000,0.0000,1
0.856000,0.00000000,0.0000,1
0.857000,0.00000000,0.0000,1
0.858000,0.00000000,0.0000,1
0.859000,0.00000000,0.0000,1
0.859375,0.00000000,0.0000,1
0.860000,0.00000000,0.0000,1
0.860000,0.00000000,0.0000,1
0.861000,0.00000000,0.0000,1
0.862000,0.00000000,0.0000,1
0.863000,0.00000000,0.0000,1
0.864000,0.00000000,0.0000,1
0.865000,0.00000000,0.0000,1
0.866000,0.00000000,0.0000,1
0.867000,0.00000000,0.0000,1
0.868000,0.00000000,0.0000,1
0.869000,0.00000000,0.0000,1
0.870000,0.00000000,0.0000,1
0.870000,0.00000000,0.0000,1
0.871000,0.00000000,0.0000,1
0.872000,0.00000000,0.0000,1
0.873000,0.00000000,0.0000,1
0.874000,0.00000000,0.0000,1
0.875000,0.00000000,0.0000,1
0.876000,0.00000000,0.0000,1
0.877000,0.00000000,0.0000,1
0.878000,0.00000000,0.0000,1
0.879000,0.00000000,0.0000,1
0.880000,0.00000000,0.0000,1
0.880000,0.00000000,0.0000,1
0.881000,0.00000000,0.0000,1
0.882000,0.00000000,0.0000,1
0.883000,0.00000000,0.0000,1
0.884000,0.00000000,0.0000,1
0.885000,0.00000000,0.0000,1
0.886000,0.00000000,0.0000,1
0.887000,0.00000000,0.0000,1
0.888000,0.00000000,0.0000,1
0.889000,0.00000000,0.0000,1
0.890000,0.00000000,0.0000,1
0.890000,0.00000000,0.0000,1
0.890625,0.00000000,0.0000,1
0.891000,0.00000000,0.0000,1
0.892000,0.00000000,0.0000,1
0.893000,0.00000000,0.0000,1
0.894000,0.00000000,0.0000,1
0.895000,0.00000000,0.0000,1
0.896000,0.00000000,0.0000,1
0.897000,0.00000000,0.0000,1
0.898000,0.00000000,0.0000,1
0.899000,0.00000000,0.0000,1
0.900000,0.00000000,0.0000,1
0.900000,0.00000000,0.0000,1
0.901000,0.00000000,0.0000,1
0.902000,0.00000000,0.0000,1
0.903000,0.00000000,0.0000,1
0.904000,0.00000000,0.0000,1
0.905000,0.00000000,0.0000,1
0.906000,0.00000000,0.0000,1
0.906250,0.00000000,0.0000,1
0.907000,0.00000000,0.0000,1
0.908000,0.00000000,0.0000,1
0.909000,0.00000000,0.0000,1
0.910000,0.00000000,0.0000,1
0.910000,0.00000000,0.0000,1
0.911000,0.00000000,0.0000,1
0.912000,0.00000000,0.0000,1
0.913000,0.00000000,0.0000,1
0.914000,0.00000000,0.0000,1
0.915000,0.00000000,0.0000,1
0.916000,0.00000000,0.0000,1
0.917000,0.00000000,0.0000,1
0.918000,0.00000000,0.0000,1
0.919000,0.00000000,0.0000,1
0.920000,0.00000000,0.0000,1
0.920000,0.00000000,0.0000,1
0.921000,0.00000000,0.0000,1
0.921875,0.00000000,0.0000,1
0.922000,0.00000000,0.0000,1
0.923000,0.00000000,0.0000,1
0.924000,0.00000000,0.0000,1
0.925000,0.00000000,0.0000,1
0.926000,0.00000000,0.0000,1
0.927000,0.00000000,0.0000,1
0.928000,0.00000000,0.0000,1
0.929000,0.00000000,0.0000,1
0.930000,0.00000000,0.0000,1
0.930000,0.00000000,0.0000,1
0.931000,0.00000000,0.0000,1
0.932000,0.00000000,0.0000,1
0.933000,0.00000000,0.0000,1
0.934000,0.00000000,0.0000,1
0.935000,0.00000000,0.0000,1
0.936000,0.00000000,0.0000,1
0.937000,0.00000000,0.0000,1
0.937500,0.00000000,0.0000,1
0.938000,0.00000000,0.0000,1
0.939000,0.00000000,0.0000,1
0.940000,0.00000000,0.0000,1
0.940000,0.00000000,0.0000,1
0.941000,0.00000000,0.0000,1
0.942000,0.00000000,0.0000,1
0.943000,0.00000000,0.0000,1
0.944000,0.00000000,0.0000,1
0.945000,0.00000000,0.0000,1
0.946000,0.00000000,0.0000,1
0.947000,0.00000000,0.0000,1
0.948000,0.00000000,0.0000,1
0.949000,0.00000000,0.0000,1
0.950000,0.00000000,0.0000,1
0.950000,0.00000000,0.0000,1
0.951000,0.00000000,0.0000,1
0.952000,0.00000000,0.0000,1
0.953000,0.00000000,0.0000,1
0.953125,0.00000000,0.0000,1
0.954000,0.00000000,0.0000,1
0.955000,0.00000000,0.0000,1
0.956000,0.00000000,0.0000,1
0.957000,0.00000000,0.0000,1
0.958000,0.00000000,0.0000,1
0.959000,0.00000000,0.0000,1
0.960000,0.00000000,0.0000,1
0.960000,0.00000000,0.0000,1
0.961000,0.00000000,0.0000,1
0.962000,0.00000000,0.0000,1
0.963000,0.00000000,0.0000,1
0.964000,0.00000000,0.0000,1
0.965000,0.00000000,0.0000,1
0.966000,0.00000000,0.0000,1
0.967000,0.00000000,0.0000,1
0.968000,0.00000000,0.0000,1
0.968750,0.00000000,0.0000,1
0.969000,0.00000000,0.0000,1
0.970000,0.00000000,0.0000,1
0.970000,0.00000000,0.0000,1
0.971000,0.00000000,0.0000,1
0.972000,0.00000000,0.0000,1
0.973000,0.00000000,0.0000,1
0.974000,0.00000000,0.0000,1
0.975000,0.00000000,0.0000,1
0.976000,0.00000000,0.0000,1
0.977000,0.00000000,0.0000,1
0.978000,0.00000000,0.0000,1
0.979000,0.00000000,0.0000,1
0.980000,0.00000000,0.0000,1
0.980000,0.00000000,0.0000,1
0.981000,0.00000000,0.0000,1
0.982000,0.00000000,0.0000,1
0.983000,0.00000000,0.0000,1
0.984000,0.00000000,0.0000,1
0.984375,0.00000000,0.0000,1
0.985000,0.00000000,0.0000,1
0.986000,0.00000000,0.0000,1
0.987000,0.00000000,0.0000,1
0.988000,0.00000000,0.0000,1
0.989000,0.00000000,0.0000,1
0.990000,0.00000000,0.0000,1
0.990000,0.00000000,0.0000,1
0.991000,0.00000000,0.0000,1
0.992000,0.00000000,0.0000,1
0.993000,0.00000000,0.0000,1
0.994000,0.00000000,0.0000,1
0.995000,0.00000000,0.0000,1
0.996000,0.00000000,0.0000,1
0.997000,0.00000000,0.0000,1
0.998000,0.00000000,0.0000,1
0.999000,0.00000000,0.0000,1
1.000000,0.00000000,0.0000,1
1.000000,0.00000000,0.0000,1
1.001000,0.00000000,0.0000,1
1.002000,0.00000000,0.0000,1
1.003000,0.00000000,0.0000,1
1.004000,0.00000000,0.0000,1
1.005000,0.00000000,0.0000,1
1.006000,0.00000000,0.0000,1
1.007000,0.00000000,0.0000,1
1.008000,0.00000000,0.0000,1
1.009000,0.00000000,0.0000,1
1.010000,0.00000000,0.0000,1
1.010000,0.00000000,0.0000,1
1.011000,0.00000000,0.0000,1
1.012000,0.00000000,0.0000,1
1.013000,0.00000000,0.0000,1
1.014000,0.00000000,0.0000,1
1.015000,0.00000000,0.0000,1
1.015625,0.00000000,0.0000,1
1.016000,0.00000000,0.0000,1
1.017000,0.00000000,0.0000,1
1.018000,0.00000000,0.0000,1
1.019000,0.00000000,0.0000,1
1.020000,0.00000000,0.0000,1
1.020000,0.00000000,0.0000,1
1.021000,0.00000000,0.0000,1
1.022000,0.00000000,0.0000,1
1.023000,0.00000000,0.0000,1
1.024000,0.00000000,0.0000,1
1.025000,0.00000000,0.0000,1
1.026000,0.00000000,0.0000,1
1.027000,0.00000000,0.0000,1
1.028000,0.00000000,0.0000,1
1.029000,0.00000000,0.0000,1
1.030000,0.00000000,0.0000,1
1.030000,0.00000000,0.0000,1
1.031000,0.00000000,0.0000,1
1.031250,0.00000000,0.0000,1
1.032000,0.00000000,0.0000,1
1.033000,0.00000000,0.0000,1
1.034000,0.00000000,0.0000,1
1.035000,0.00000000,0.0000,1
1.036000,0.00000000,0.0000,1
1.037000,0.00000000,0.0000,1
1.038000,0.00000000,0.0000,1
1.039000,0.00000000,0.0000,1
1.040000,0.00000000,0.0000,1
1.040000,0.00000000,0.0000,1
1.041000,0.00000000,0.0000,1
1.042000,0.00000000,0.0000,1
1.043000,0.00000000,0.0000,1
1.044000,0.00000000,0.0000,1
1.045000,0.00000000,0.0000,1
1.046000,0.00000000,0.0000,1
1.046875,0.00000000,0.0000,1
1.047000,0.00000000,0.0000,1
1.048000,0.00000000,0.0000,1
1.049000,0.00000000,0.0000,1
1.050000,0.00000000,0.0000,1
1.050000,0.00000000,0.0000,1
1.051000,0.00000000,0.0000,1
1.052000,0.00000000,0.0000,1
1.053000,0.00000000,0.0000,1
1.054000,0.00000000,0.0000,1
1.055000,0.00000000,0.0000,1
1.056000,0.00000000,0.0000,1
1.057000,0.00000000,0.0000,1
1.058000,0.00000000,0.0000,1
1.059000,0.00000000,0.0000,1
1.060000,0.00000000,0.0000,1
1.060000,0.00000000,0.0000,1
1.061000,0.00000000,0.0000,1
1.062000,0.00000000,0.0000,1
1.062500,0.00000000,0.0000,1
1.063000,0.00000000,0.0000,1
1.064000,0.00000000,0.0000,1
1.065000,0.00000000,0.0000,1
1.066000,0.00000000,0.0000,1
1.067000,0.00000000,0.0000,1
1.068000,0.00000000,0.0000,1
1.069000,0.00000000,0.0000,1
1.070000,0.00000000,0.0000,1
1.070000,0.00000000,0.0000,1
1.071000,0.00000000,0.0000,1
1.072000,0.00000000,0.0000,1
1.073000,0.00000000,0.0000,1
1.074000,0.00000000,0.0000,1
1.075000,0.00000000,0.0000,1
1.076000,0.00000000,0.0000,1
1.077000,0.00000000,0.0000,1
1.078000,0.00000000,0.0000,1
1.078125,0.00000000,0.0000,1
1.079000,0.00000000,0.0000,1
1.080000,0.00000000,0.0000,1
1.080000,0.00000000,0.0000,1
1.081000,0.00000000,0.0000,1
1.082000,0.00000000,0.0000,1
1.083000,0.00000000,0.0000,1
1.084000,0.00000000,0.0000,1
1.085000,0.00000000,0.0000,1
1.086000,0.00000000,0.0000,1
1.087000,0.00000000,0.0000,1
1.088000,0.00000000,0.0000,1
1.089000,0.00000000,0.0000,1
1.090000,0.00000000,0.0000,1
1.090000,0.00000000,0.0000,1
1.091000,0.00000000,0.0000,1
1.092000,0.00000000,0.0000,1
1.093000,0.00000000,0.0000,1
1.093750,0.00000000,0.0000,1
1.094000,0.00000000,0.0000,1
1.095000,0.00000000,0.0000,1
1.096000,0.00000000,0.0000,1
1.097000,0.00000000,0.0000,1
1.098000,0.00000000,0.0000,1
1.099000,0.00000000,0.0000,1
1.100000,0.00000000,0.0000,1
1.100000,0.00000000,0.0000,1
1.101000,0.00000000,0.0000,1
1.102000,0.00000000,0.0000,1
1.103000,0.00000000,0.0000,1
1.104000,0.00000000,0.0000,1
1.105000,0.00000000,0.0000,1
1.106000,0.00000000,0.0000,1
1.107000,0.00000000,0.0000,1
1.108000,0.00000000,0.0000,1
1.109000,0.00000000,0.0000,1
1.109375,0.00000000,0.0000,1
1.110000,0.00000000,0.0000,1
1.110000,0.00000000,0.0000,1
1.111000,0.00000000,0.0000,1
1.112000,0.00000000,0.0000,1
1.113000,0.00000000,0.0000,1
1.114000,0.00000000,0.0000,1
1.115000,0.00000000,0.0000,1
1.116000,0.00000000,0.0000,1
1.117000,0.00000000,0.0000,1
1.118000,0.00000000,0.0000,1
1.119000,0.00000000,0.0000,1
1.120000,0.00000000,0.0000,1
1.120000,0.00000000,0.0000,1
1.121000,0.00000000,0.0000,1
1.122000,0.00000000,0.0000,1
1.123000,0.00000000,0.0000,1
1.124000,0.00000000,0.0000,1
1.125000,0.00000000,0.0000,1
1.126000,0.00000000,0.0000,1
1.127000,0.00000000,0.0000,1
1.128000,0.00000000,0.0000,1
1.129000,0.00000000,0.0000,1
1.130000,0.00000000,0.0000,1
1.130000,0.00000000,0.0000,1
1.131000,0.00000000,0.0000,1
1.132000,0.00000000,0.0000,1
1.133000,0.00000000,0.0000,1
1.134000,0.00000000,0.0000,1
1.135000,0.00000000,0.0000,1
1.136000,0.00000000,0.0000,1
1.137000,0.00000000,0.0000,1
1.138000,0.00000000,0.0000,1
1.139000,0.00000000,0.0000,1
1.140000,0.00000000,0.0000,1
1.140000,0.00000000,0.0000,1
1.140625,0.00000000,0.0000,1
1.141000,0.00000000,0.0000,1
1.142000,0.00000000,0.0000,1
1.143000,0.00000000,0.0000,1
1.144000,0.00000000,0.0000,1
1.145000,0.00000000,0.0000,1
1.146000,0.00000000,0.0000,1
1.147000,0.00000000,0.0000,1
1.148000,0.00000000,0.0000,1
1.149000,0.00000000,0.0000,1
1.150000,0.00000000,0.0000,1
1.150000,0.00000000,0.0000,1
1.151000,0.00000000,0.0000,1
1.152000,0.00000000,0.0000,1
1.153000,0.00000000,0.0000,1
1.154000,0.00000000,0.0000,1
1.155000,0.00000000,0.0000,1
1.156000,0.00000000,0.0000,1
1.156250,0.00000000,0.0000,1
1.157000,0.00000000,0.0000,1
1.158000,0.00000000,0.0000,1
1.159000,0.00000000,0.0000,1
1.160000,0.00000000,0.0000,1
1.160000,0.00000000,0.0000,1
1.161000,0.00000000,0.0000,1
1.162000,0.00000000,0.0000,1
1.163000,0.00000000,0.0000,1
1.164000,0.00000000,0.0000,1
1.165000,0.00000000,0.0000,1
1.166000,0.00000000,0.0000,1
1.167000,0.00000000,0.0000,1
1.168000,0.00000000,0.0000,1
1.169000,0.00000000,0.0000,1
1.170000,0.00000000,0.0000,1
1.170000,0.00000000,0.0000,1
1.171000,0.00000000,0.0000,1
1.171875,0.00000000,0.0000,1
1.172000,0.00000000,0.0000,1
1.173000,0.00000000,0.0000,1
1.174000,0.00000000,0.0000,1
1.175000,0.00000000,0.0000,1
1.176000,0.00000000,0.0000,1
1.177000,0.00000000,0.0000,1
1.178000,0.00000000,0.0000,1
1.179000,0.00000000,0.0000,1
1.180000,0.00000000,0.0000,1
1.180000,0.00000000,0.0000,1
1.181000,0.00000000,0.0000,1
1.182000,0.00000000,0.0000,1
1.183000,0.00000000,0.0000,1
1.184000,0.00000000,0.0000,1
1.185000,0.00000000,0.0000,1
1.186000,0.00000000,0.0000,1
1.187000,0.00000000,0.0000,1
1.187500,0.00000000,0.0000,1
1.188000,0.00000000,0.0000,1
1.189000,0.00000000,0.0000,1
1.190000,0.00000000,0.0000,1
1.190000,0.00000000,0.0000,1
1.191000,0.00000000,0.0000,1
1.192000,0.00000000,0.0000,1
1.193000,0.00000000,0.0000,1
1.194000,0.00000000,0.0000,1
1.195000,0.00000000,0.0000,1
1.196000,0.00000000,0.0000,1
1.197000,0.00000000,0.0000,1
1.198000,0.00000000,0.0000,1
1.199000,0.00000000,0.0000,1
1.200000,0.00000000,0.0000,1
1.200000,0.00000000,0.0000,1
1.201000,0.00000000,0.0000,1
1.202000,0.00000000,0.0000,1
1.203000,0.00000000,0.0000,1
1.203125,0.00000000,0.0000,1
1.204000,0.00000000,0.0000,1
1.205000,0.00000000,0.0000,1
1.206000,0.00000000,0.0000,1
1.207000,0.00000000,0.0000,1
1.208000,0.00000000,0.0000,1
1.209000,0.00000000,0.0000,1
1.210000,0.00000000,0.0000,1
1.210000,0.00000000,0.0000,1
1.211000,0.00000000,0.0000,1
1.212000,0.00000000,0.0000,1
1.213000,0.00000000,0.0000,1
1.214000,0.00000000,0.0000,1
1.215000,0.00000000,0.0000,1
1.216000,0.00000000,0.0000,1
1.217000,0.00000000,0.0000,1
1.218000,0.00000000,0.0000,1
1.218750,0.00000000,0.0000,1
1.219000,0.00000000,0.0000,1
1.220000,0.00000000,0.0000,1
1.220000,0.00000000,0.0000,1
1.221000,0.00000000,0.0000,1
1.222000,0.00000000,0.0000,1
1.223000,0.00000000,0.0000,1
1.224000,0.00000000,0.0000,1
1.225000,0.00000000,0.0000,1
1.226000,0.00000000,0.0000,1
1.227000,0.00000000,0.0000,1
1.228000,0.00000000,0.0000,1
1.229000,0.00000000,0.0000,1
1.230000,0.00000000,0.0000,1
1.230000,0.00000000,0.0000,1
1.231000,0.00000000,0.0000,1
1.232000,0.00000000,0.0000,1
1.233000,0.00000000,0.0000,1
1.234000,0.00000000,0.0000,1
1.234375,0.00000000,0.0000,1
1.235000,0.00000000,0.0000,1
1.236000,0.00000000,0.0000,1
1.237000,0.00000000,0.0000,1
1.238000,0.00000000,0.0000,1
1.239000,0.00000000,0.0000,1
1.240000,0.00000000,0.0000,1
1.240000,0.00000000,0.0000,1
1.241000,0.00000000,0.0000,1
1.242000,0.00000000,0.0000,1
1.243000,0.00000000,0.0000,1
1.244000,0.00000000,0.0000,1
1.245000,0.00000000,0.0000,1
1.246000,0.00000000,0.0000,1
1.247000,0.00000000,0.0000,1
1.248000,0.00000000,0.0000,1
1.249000,0.00000000,0.0000,1
1.250000,0.00000000,0.0000,1
1.250000,0.00000000,0.0000,1
1.251000,0.00000000,0.0000,1
1.252000,0.00000000,0.0000,1
1.253000,0.00000000,0.0000,1
1.254000,0.00000000,0.0000,1
1.255000,0.00000000,0.0000,1
1.256000,0.00000000,0.0000,1
1.257000,0.00000000,0.0000,1
1.258000,0.00000000,0.0000,1
1.259000,0.00000000,0.0000,1
1.260000,0.00000000,0.0000,1
1.260000,0.00000000,0.0000,1
1.261000,0.00000000,0.0000,1
1.262000,0.00000000,0.0000,1
1.263000,0.00000000,0.0000,1
1.264000,0.00000000,0.0000,1
1.265000,0.00000000,0.0000,1
1.265625,0.00000000,0.0000,1
1.266000,0.00000000,0.0000,1
1.267000,0.00000000,0.0000,1
1.268000,0.00000000,0.0000,1
1.269000,0.00000000,0.0000,1
1.270000,0.00000000,0.0000,1
1.270000,0.00000000,0.0000,1
1.271000,0.00000000,0.0000,1
1.272000,0.00000000,0.0000,1
1.273000,0.00000000,0.0000,1
1.274000,0.00000000,0.0000,1
1.275000,0.00000000,0.0000,1
1.276000,0.00000000,0.0000,1
1.277000,0.00000000,0.0000,1
1.278000,0.00000000,0.0000,1
1.279000,0.00000000,0.0000,1
1.280000,0.00000000,0.0000,1
1.280000,0.00000000,0.0000,1
1.281000,0.00000000,0.0000,1
1.281250,0.00000000,0.0000,1
1.282000,0.00000000,0.0000,1
1.283000,0.00000000,0.0000,1
1.284000,0.00000000,0.0000,1
1.285000,0.00000000,0.0000,1
1.286000,0.00000000,0.0000,1
1.287000,0.00000000,0.0000,1
1.288000,0.00000000,0.0000,1
1.289000,0.00000000,0.0000,1
1.290000,0.00000000,0.0000,1
1.290000,0.00000000,0.0000,1
1.291000,0.00000000,0.0000,1
1.292000,0.00000000,0.0000,1
1.293000,0.00000000,0.0000,1
1.294000,0.00000000,0.0000,1
1.295000,0.00000000,0.0000,1
1.296000,0.00000000,0.0000,1
1.296875,0.00000000,0.0000,1
1.297000,0.00000000,0.0000,1
1.298000,0.00000000,0.0000,1
1.299000,0.00000000,0.0000,1
1.300000,0.00000000,0.0000,1
1.300000,0.00000000,0.0000,1
1.301000,0.00000000,0.0000,1
1.302000,0.00000000,0.0000,1
1.303000,0.00000000,0.0000,1
1.304000,0.00000000,0.0000,1
1.305000,0.00000000,0.0000,1
1.306000,0.00000000,0.0000,1
1.307000,0.00000000,0.0000,1
1.308000,0.00000000,0.0000,1
1.309000,0.00000000,0.0000,1
1.310000,0.00000000,0.0000,1
1.310000,0.00000000,0.0000,1
1.311000,0.00000000,0.0000,1
1.312000,0.00000000,0.0000,1
1.312500,0.00000000,0.0000,1
1.313000,0.00000000,0.0000,1
1.314000,0.00000000,0.0000,1
1.315000,0.00000000,0.0000,1
1.316000,0.00000000,0.0000,1
1.317000,0.00000000,0.0000,1
1.318000,0.00000000,0.0000,1
1.319000,0.00000000,0.0000,1
1.320000,0.00000000,0.0000,1
1.320000,0.00000000,0.0000,1
1.321000,0.00000000,0.0000,1
1.322000,0.00000000,0.0000,1
1.323000,0.00000000,0.0000,1
1.324000,0.00000000,0.0000,1
1.325000,0.00000000,0.0000,1
1.326000,0.00000000,0.0000,1
1.327000,0.00000000,0.0000,1
1.328000,0.00000000,0.0000,1
1.328125,0.00000000,0.0000,1
1.329000,0.00000000,0.0000,1
1.330000,0.00000000,0.0000,1
1.330000,0.00000000,0.0000,1
1.331000,0.00000000,0.0000,1
1.332000,0.00000000,0.0000,1
1.333000,0.00000000,0.0000,1
1.334000,0.00000000,0.0000,1
1.335000,0.00000000,0.0000,1
1.336000,0.00000000,0.0000,1
1.337000,0.00000000,0.0000,1
1.338000,0.00000000,0.0000,1
1.339000,0.00000000,0.0000,1
1.340000,0.00000000,0.0000,1
1.340000,0.00000000,0.0000,1
1.341000,0.00000000,0.0000,1
1.342000,0.00000000,0.0000,1
1.343000,0.00000000,0.0000,1
1.343750,0.00000000,0.0000,1
1.344000,0.00000000,0.0000,1
1.345000,0.00000000,0.0000,1
1.346000,0.00000000,0.0000,1
1.347000,0.00000000,0.0000,1
1.348000,0.00000000,0.0000,1
1.349000,0.00000000,0.0000,1
1.350000,0.00000000,0.0000,2
1.350000,0.00000000,0.0000,2
1.351000,0.00000000,0.0000,2
1.352000,0.00000000,0.0000,2
1.353000,0.00000000,0.0000,2
1.354000,0.00000000,0.0000,2
1.355000,0.00000000,0.0000,2
1.356000,0.00000000,0.0000,2
1.357000,0.00000000,0.0000,2
1.358000,0.00000000,0.0000,2
1.359000,0.00000000,0.0000,1
1.359375,0.00000000,0.0000,2
1.360000,0.00000000,0.0000,2
1.360000,0.00000000,0.0000,2
1.361000,0.00000000,0.0000,2
1.362000,0.00000000,0.0000,2
1.363000,0.00000000,0.0000,2
1.364000,0.00000000,0.0000,2
1.365000,0.00000000,0.0000,2
1.366000,0.00000000,0.0000,2
1.367000,0.00000000,0.0000,2
1.368000,0.00000000,0.0000,2
1.369000,0.00000000,0.0000,2
1.370000,0.00000000,0.0000,2
1.370000,0.00000000,0.0000,2
1.371000,0.00000000,0.0000,2
1.372000,0.00000000,0.0000,2
1.373000,0.00000000,0.0000,2
1.374000,0.00000000,0.0000,2
1.375000,0.00000000,0.0000,2
1.376000,0.00000000,0.0000,2
1.377000,0.00000000,0.0000,2
1.378000,0.00000000,0.0000,2
1.379000,0.00000000,0.0000,2
1.380000,0.00000000,0.0000,2
1.380000,0.00000000,0.0000,2
1.381000,0.00000000,0.0000,2
1.382000,0.00000000,0.0000,2
1.383000,0.00000000,0.0000,2
1.384000,0.00000000,0.0000,2
1.385000,0.00000000,0.0000,2
1.386000,0.00000000,0.0000,2
1.387000,0.00000000,0.0000,2
1.388000,0.00000000,0.0000,2
1.389000,0.00000000,0.0000,2
1.390000,0.00000000,0.0000,2
1.390000,0.00000000,0.0000,2
1.390625,0.00000000,0.0000,2
1.391000,0.00000000,0.0000,2
1.392000,0.00000000,0.0000,2
1.393000,0.00000000,0.0000,2
1.394000,0.00000000,0.0000,2
1.395000,0.00000000,0.0000,2
1.396000,0.00000000,0.0000,2
1.397000,0.00000000,0.0000,2
1.398000,0.00000000,0.0000,2
1.399000,0.00000000,0.0000,2
1.400000,0.00000000,0.0000,2
1.400000,0.00000000,0.0000,2
1.401000,0.00000000,0.0000,2
1.402000,0.00000000,0.0000,2
1.403000,0.00000000,0.0000,2
1.404000,0.00000000,0.0000,2
1.405000,0.00000000,0.0000,2
1.406000,0.00000000,0.0000,2
1.406250,0.00000000,0.0000,2
1.407000,0.00000000,0.0000,2
1.408000,0.00000000,0.0000,2
1.409000,0.00000000,0.0000,2
1.410000,0.00000000,0.0000,2
1.410000,0.00000000,0.0000,2
1.411000,0.00000000,0.0000,2
1.412000,0.00000000,0.0000,2
1.413000,0.00000000,0.0000,2
1.414000,0.00000000,0.0000,2
1.415000,0.00000000,0.0000,2
1.416000,0.00000000,0.0000,2
1.417000,0.00000000,0.0000,2
1.418000,0.00000000,0.0000,2
1.419000,0.00000000,0.0000,2
1.420000,0.00000000,0.0000,2
1.420000,0.00000000,0.0000,2
1.421000,0.00000000,0.0000,2
1.421875,0.00000000,0.0000,2
1.422000,0.00000000,0.0000,2
1.423000,0.00000000,0.0000,2
1.424000,0.00000000,0.0000,2
1.425000,0.00000000,0.0000,2
1.426000,0.00000000,0.0000,2
1.427000,0.00000000,0.0000,2
1.428000,0.00000000,0.0000,2
1.429000,0.00000000,0.0000,2
1.430000,0.00000000,0.0000,1
1.430000,0.00000000,0.0000,2
1.431000,0.00000000,0.0000,2
1.432000,0.00000000,0.0000,2
1.433000,0.00000000,0.0000,2
1.434000,0.00000000,0.0000,2
1.435000,0.00000000,0.0000,2
1.436000,0.00000000,0.0000,1
1.437000,0.00000000,0.0000,2
1.437500,0.00000000,0.0000,2
1.438000,0.00000000,0.0000,2
1.439000,0.00000000,0.0000,2
1.440000,0.00000000,0.0000,2
1.440000,0.00000000,0.0000,2
1.441000,0.00000000,0.0000,2
1.442000,0.00000000,0.0000,2
1.443000,0.00000000,0.0000,2
1.444000,0.00000000,0.0000,2
1.445000,0.00000000,0.0000,2
1.446000,0.00000000,0.0000,2
1.447000,0.00000000,0.0000,2
1.448000,0.00000000,0.0000,2
1.449000,0.00000000,0.0000,2
1.450000,0.00000000,0.0000,2
1.450000,0.00000000,0.0000,2
1.451000,0.00000000,0.0000,2
1.452000,0.00000000,0.0000,2
1.453000,0.00000000,0.0000,2
1.453125,0.00000000,0.0000,2
1.454000,0.00000000,0.0000,2
1.455000,0.00000000,0.0000,2
1.456000,0.00000000,0.0000,2
1.457000,0.00000000,0.0000,2
1.458000,0.00000000,0.0000,2
1.459000,0.00000000,0.0000,2
1.460000,0.00000000,0.0000,2
1.460000,0.00000000,0.0000,2
1.461000,0.00000000,0.0000,2
1.462000,0.00000000,0.0000,2
1.463000,0.00000000,0.0000,2
1.464000,0.00000000,0.0000,2
1.465000,0.00000000,0.0000,2
1.466000,0.00000000,0.0000,2
1.467000,0.00000000,0.0000,2
1.468000,0.00000000,0.0000,2
1.468750,0.00000000,0.0000,1
1.469000,0.00000000,0.0000,1
1.470000,0.00000000,0.0000,1
1.470000,0.00000000,0.0000,2
1.471000,0.00000000,0.0000,2
1.472000,0.00000000,0.0000,2
1.473000,0.00000000,0.0000,2
1.474000,0.00000000,0.0000,2
1.475000,0.00000000,0.0000,1
1.476000,0.00000000,0.0000,1
1.477000,0.00000000,0.0000,1
1.478000,0.00000000,0.0000,2
1.479000,0.00000000,0.0000,2
1.480000,0.00000000,0.0000,2
1.480000,0.00000000,0.0000,2
1.481000,0.00000000,0.0000,2
1.482000,0.00000000,0.0000,2
1.483000,0.00000000,0.0000,2
1.484000,0.00000000,0.0000,2
1.484375,0.00000000,0.0000,2
1.485000,0.00000000,0.0000,2
1.486000,0.00000000,0.0000,2
1.487000,0.00000000,0.0000,2
1.488000,0.00000000,0.0000,2
1.489000,0.00000000,0.0000,2
1.490000,0.00000000,0.0000,2
1.490000,0.00000000,0.0000,1
1.491000,0.00000000,0.0000,1
1.492000,0.00000000,0.0000,2
1.493000,0.00000000,0.0000,2
1.494000,0.00000000,0.0000,2
1.495000,0.00000000,0.0000,1
1.496000,0.00000000,0.0000,1
1.497000,0.00000000,0.0000,2
1.498000,0.00000000,0.0000,2
1.499000,0.00000000,0.0000,2
1.500000,0.00000000,0.0000,2
1.500000,0.00000000,0.0000,2
1.501000,0.00000000,0.0000,2
1.502000,0.00000000,0.0000,2
1.503000,0.00000000,0.0000,2
1.504000,0.00000000,0.0000,2
1.505000,0.00000000,0.0000,1
1.506000,0.00000000,0.0000,1
1.507000,0.00000000,0.0000,2
1.508000,0.00000000,0.0000,2
1.509000,0.00000000,0.0000,1
1.510000,0.00000000,0.0000,1
1.510000,0.00000000,0.0000,1
1.511000,0.00000000,0.0000,1
1.512000,0.00000000,0.0000,1
1.513000,0.00000000,0.0000,2
1.514000,0.00000000,0.0000,2
1.515000,0.00000000,0.0000,1
1.515625,0.00000000,0.0000,1
1.516000,0.00000000,0.0000,1
1.517000,0.00000000,0.0000,1
1.518000,0.00000000,0.0000,1
1.519000,0.00000000,0.0000,1
1.520000,0.00000000,0.0000,1
1.520000,0.00000000,0.0000,2
1.521000,0.00000000,0.0000,2
1.522000,0.00000000,0.0000,2
1.523000,0.00000000,0.0000,2
1.524000,0.00000000,0.0000,2
1.525000,0.00000000,0.0000,2
1.526000,0.00000000,0.0000,2
1.527000,0.00000000,0.0000,2
1.528000,0.00000000,0.0000,1
1.529000,0.00000000,0.0000,2
1.530000,0.00000000,0.0000,2
1.530000,0.00000000,0.0000,2
1.531000,0.00000000,0.0000,2
1.531250,0.00000000,0.0000,2
1.532000,0.00000000,0.0000,2
1.533000,0.00000000,0.0000,2
1.534000,0.00000000,0.0000,2
1.535000,0.00000000,0.0000,2
1.536000,0.00000000,0.0000,2
1.537000,0.00000000,0.0000,2
1.538000,0.00000000,0.0000,1
1.539000,0.00000000,0.0000,2
1.540000,0.00000000,0.0000,2
1.540000,0.00000000,0.0000,2
1.541000,0.00000000,0.0000,2
1.542000,0.00000000,0.0000,1
1.543000,0.00000000,0.0000,2
1.544000,0.00000000,0.0000,2
1.545000,0.00000000,0.0000,1
1.546000,0.00000000,0.0000,1
1.546875,0.00000000,0.0000,1
1.547000,0.00000000,0.0000,1
1.548000,0.00000000,0.0000,1
1.549000,0.00000000,0.0000,1
1.550000,0.00000000,0.0000,1
1.550000,0.00000000,0.0000,1
1.551000,0.00000000,0.0000,1
1.552000,0.00000000,0.0000,1
1.553000,0.00000000,0.0000,1
1.554000,0.00000000,0.0000,1
1.555000,0.00000000,0.0000,1
1.556000,0.00000000,0.0000,2
1.557000,0.00000000,0.0000,1
1.558000,0.00000000,0.0000,1
1.559000,0.00000000,0.0000,1
1.560000,0.00000000,0.0000,1
1.560000,0.00000000,0.0000,1
1.561000,0.00000000,0.0000,1
1.562000,0.00000000,0.0000,2
1.562500,0.00000000,0.0000,1
1.563000,0.00000000,0.0000,1
1.564000,0.00000000,0.0000,1
1.565000,0.00000000,0.0000,2
1.566000,0.00000000,0.0000,2
1.567000,0.00000000,0.0000,2
1.568000,0.00000000,0.0000,2
1.569000,0.00000000,0.0000,2
1.570000,0.00000000,0.0000,1
1.570000,0.00000000,0.0000,1
1.571000,0.00000000,0.0000,1
1.572000,0.00000000,0.0000,1
1.573000,0.00000000,0.0000,1
1.574000,0.00000000,0.0000,1
1.575000,0.00000000,0.0000,2
1.576000,0.00000000,0.0000,1
1.577000,0.00000000,0.0000,2
1.578000,0.00000000,0.0000,2
1.578125,0.00000000,0.0000,2
1.579000,0.00000000,0.0000,2
1.580000,0.00000000,0.0000,2
1.580000,0.00000000,0.0000,2
1.581000,0.00000000,0.0000,2
1.582000,0.00000000,0.0000,1
1.583000,0.00000000,0.0000,2
1.584000,0.00000000,0.0000,1
1.585000,0.00000000,0.0000,1
1.586000,0.00000000,0.0000,2
1.587000,0.00000000,0.0000,2
1.588000,0.00000000,0.0000,2
1.589000,0.00000000,0.0000,2
1.590000,0.00000000,0.0000,1
1.590000,0.00000000,0.0000,1
1.591000,0.00000000,0.0000,1
1.592000,0.00000000,0.0000,1
1.593000,0.00000000,0.0000,1
1.593750,0.00000000,0.0000,2
1.594000,0.00000000,0.0000,2
1.595000,0.00000000,0.0000,2
1.596000,0.00000000,0.0000,1
1.597000,0.00000000,0.0000,1
1.598000,0.00000000,0.0000,2
1.599000,0.00000000,0.0000,1
1.600000,0.00000000,0.0000,2
1.600000,0.00000000,0.0000,2
1.601000,0.00000000,0.0000,2
1.602000,0.00000000,0.0000,2
1.603000,0.00000000,0.0000,2
1.604000,0.00000000,0.0000,1
1.605000,0.00000000,0.0000,1
1.606000,0.00000000,0.0000,1
1.607000,0.00000000,0.0000,1
1.608000,0.00000000,0.0000,2
1.609000,0.00000000,0.0000,2
1.609375,0.00000000,0.0000,1
1.610000,0.00000000,0.0000,1
1.610000,0.00000000,0.0000,1
1.611000,0.00000000,0.0000,1
1.612000,0.00000000,0.0000,1
1.613000,0.00000000,0.0000,1
1.614000,0.00000000,0.0000,2
1.615000,0.00000000,0.0000,2
1.616000,0.00000000,0.0000,2
1.617000,0.00000000,0.0000,2
1.618000,0.00000000,0.0000,1
1.619000,0.00000000,0.0000,2
1.620000,0.00000000,0.0000,1
1.620000,0.00000000,0.0000,1
1.621000,0.00000000,0.0000,1
1.622000,0.00000000,0.0000,1
1.623000,0.00000000,0.0000,1
1.624000,0.00000000,0.0000,2
1.625000,0.00000000,0.0000,2
1.626000,0.00000000,0.0000,1
1.627000,0.00000000,0.0000,1
1.628000,0.00000000,0.0000,1
1.629000,0.00000000,0.0000,1
1.630000,0.00000000,0.0000,1
1.630000,0.00000000,0.0000,1
1.631000,0.00000000,0.0000,1
1.632000,0.00000000,0.0000,1
1.633000,0.00000000,0.0000,1
1.634000,0.00000000,0.0000,1
1.635000,0.00000000,0.0000,1
1.636000,0.00000000,0.0000,2
1.637000,0.00000000,0.0000,1
1.638000,0.00000000,0.0000,1
1.639000,0.00000000,0.0000,1
1.640000,0.00000000,0.0000,1
1.640000,0.00000000,0.0000,1
1.640625,0.00000000,0.0000,1
1.641000,0.00000000,0.0000,1
1.642000,0.00000000,0.0000,1
1.643000,0.00000000,0.0000,1
1.644000,0.00000000,0.0000,1
1.645000,0.00000000,0.0000,1
1.646000,0.00000000,0.0000,1
1.647000,0.00000000,0.0000,2
1.648000,0.00000000,0.0000,2
1.649000,0.00000000,0.0000,2
1.650000,0.00000000,0.0000,1
1.650000,0.00000000,0.0000,1
1.651000,0.00000000,0.0000,1
1.652000,0.00000000,0.0000,1
1.653000,0.00000000,0.0000,1
1.654000,0.00000000,0.0000,1
1.655000,0.00000000,0.0000,1
1.656000,0.00000000,0.0000,1
1.656250,0.00000000,0.0000,2
1.657000,0.00000000,0.0000,2
1.658000,0.00000000,0.0000,2
1.659000,0.00000000,0.0000,1
1.660000,0.00000000,0.0000,1
1.660000,0.00000000,0.0000,2
1.661000,0.00000000,0.0000,2
1.662000,0.00000000,0.0000,2
1.663000,0.00000000,0.0000,1
1.664000,0.00000000,0.0000,1
1.665000,0.00000000,0.0000,2
1.666000,0.00000000,0.0000,2
1.667000,0.00000000,0.0000,1
1.668000,0.00000000,0.0000,1
1.669000,0.00000000,0.0000,1
1.670000,0.00000000,0.0000,1
1.670000,0.00000000,0.0000,1
1.671000,0.00000000,0.0000,1
1.671875,0.00000000,0.0000,1
1.672000,0.00000000,0.0000,1
1.673000,0.00000000,0.0000,2
1.674000,0.00000000,0.0000,2
1.675000,0.00000000,0.0000,2
1.676000,0.00000000,0.0000,1
1.677000,0.00000000,0.0000,1
1.678000,0.00000000,0.0000,1
1.679000,0.00000000,0.0000,1
1.680000,0.00000000,0.0000,1
1.680000,0.00000000,0.0000,1
1.681000,0.00000000,0.0000,1
1.682000,0.00000000,0.0000,2
1.683000,0.00000000,0.0000,2
1.684000,0.00000000,0.0000,2
1.685000,0.00000000,0.0000,2
1.686000,0.00000000,0.0000,2
1.687000,0.00000000,0.0000,1
1.687500,0.00000000,0.0000,2
1.688000,0.00000000,0.0000,2
1.689000,0.00000000,0.0000,2
1.690000,0.00000000,0.0000,1
1.690000,0.00000000,0.0000,1
1.691000,0.00000000,0.0000,1
1.692000,0.00000000,0.0000,1
1.693000,0.00000000,0.0000,1
1.694000,0.00000000,0.0000,1
1.695000,0.00000000,0.0000,1
1.696000,0.00000000,0.0000,1
1.697000,0.00000000,0.0000,1
1.698000,0.00000000,0.0000,1
1.699000,0.00000000,0.0000,1
1.700000,0.00000000,0.0000,1
1.700000,0.00000000,0.0000,1
1.701000,0.00000000,0.0000,1
1.702000,0.00000000,0.0000,1
1.703000,0.00000000,0.0000,1
1.703125,0.00000000,0.0000,2
1.704000,0.00000000,0.0000,2
1.705000,0.00000000,0.0000,1
1.706000,0.00000000,0.0000,1
1.707000,0.00000000,0.0000,1
1.708000,0.00000000,0.0000,2
1.709000,0.00000000,0.0000,1
1.710000,0.00000000,0.0000,2
1.710000,0.00000000,0.0000,1
1.711000,0.00000000,0.0000,1
1.712000,0.00000000,0.0000,2
1.713000,0.00000000,0.0000,2
1.714000,0.00000000,0.0000,1
1.715000,0.00000000,0.0000,1
1.716000,0.00000000,0.0000,1
1.717000,0.00000000,0.0000,2
1.718000,0.00000000,0.0000,1
1.718750,0.00000000,0.0000,1
1.719000,0.00000000,0.0000,1
1.720000,0.00000000,0.0000,1
1.720000,0.00000000,0.0000,2
1.721000,0.00000000,0.0000,2
1.722000,0.00000000,0.0000,2
1.723000,0.00000000,0.0000,2
1.724000,0.00000000,0.0000,2
1.725000,0.00000000,0.0000,1
1.726000,0.00000000,0.0000,1
1.727000,0.00000000,0.0000,1
1.728000,0.00000000,0.0000,2
1.729000,0.00000000,0.0000,2
1.730000,0.00000000,0.0000,1
1.730000,0.00000000,0.0000,1
1.731000,0.00000000,0.0000,1
1.732000,0.00000000,0.0000,1
1.733000,0.00000000,0.0000,1
1.734000,0.00000000,0.0000,1
1.734375,0.00000000,0.0000,1
1.735000,0.00000000,0.0000,1
1.736000,0.00000000,0.0000,1
1.737000,0.00000000,0.0000,1
1.738000,0.00000000,0.0000,1
1.739000,0.00000000,0.0000,1
1.740000,0.00000000,0.0000,1
1.740000,0.00000000,0.0000,1
1.741000,0.00000000,0.0000,1
1.742000,0.00000000,0.0000,1
1.743000,0.00000000,0.0000,1
1.744000,0.00000000,0.0000,1
1.745000,0.00000000,0.0000,1
1.746000,0.00000000,0.0000,1
1.747000,0.00000000,0.0000,1
1.748000,0.00000000,0.0000,1
1.749000,0.00000000,0.0000,1
1.750000,0.00000000,0.0000,1
1.750000,0.00000000,0.0000,1
1.751000,0.00000000,0.0000,1
1.752000,0.00000000,0.0000,1
1.753000,0.00000000,0.0000,1
1.754000,0.00000000,0.0000,1
1.755000,0.00000000,0.0000,1
1.756000,0.00000000,0.0000,1
1.757000,0.00000000,0.0000,1
1.758000,0.00000000,0.0000,1
1.759000,0.00000000,0.0000,1
1.760000,0.00000000,0.0000,1
1.760000,0.00000000,0.0000,1
1.761000,0.00000000,0.0000,1
1.762000,0.00000000,0.0000,1
1.763000,0.00000000,0.0000,1
1.764000,0.00000000,0.0000,1
1.765000,0.00000000,0.0000,1
1.765625,0.00000000,0.0000,1
1.766000,0.00000000,0.0000,1
1.767000,0.00000000,0.0000,1
1.768000,0.00000000,0.0000,1
1.769000,0.00000000,0.0000,1
1.770000,0.00000000,0.0000,1
1.770000,0.00000000,0.0000,1
1.771000,0.00000000,0.0000,1
1.772000,0.00000000,0.0000,1
1.773000,0.00000000,0.0000,1
1.774000,0.00000000,0.0000,1
1.775000,0.00000000,0.0000,1
1.776000,0.00000000,0.0000,1
1.777000,0.00000000,0.0000,1
1.778000,0.00000000,0.0000,1
1.779000,0.00000000,0.0000,1
1.780000,0.00000000,0.0000,1
1.780000,0.00000000,0.0000,1
1.781000,0.00000000,0.0000,1
1.781250,0.00000000,0.0000,1
1.782000,0.00000000,0.0000,1
1.783000,0.00000000,0.0000,1
1.784000,0.00000000,0.0000,1
1.785000,0.00000000,0.0000,1
1.786000,0.00000000,0.0000,1
1.787000,0.00000000,0.0000,1
1.788000,0.00000000,0.0000,1
1.789000,0.00000000,0.0000,1
1.790000,0.00000000,0.0000,1
1.790000,0.00000000,0.0000,1
1.791000,0.00000000,0.0000,1
1.792000,0.00000000,0.0000,1
1.793000,0.00000000,0.0000,1
1.794000,0.00000000,0.0000,1
1.795000,0.00000000,0.0000,1
1.796000,0.00000000,0.0000,1
1.796875,0.00000000,0.0000,1
1.797000,0.00000000,0.0000,1
1.798000,0.00000000,0.0000,1
1.799000,0.00000000,0.0000,1
1.800000,0.00000000,0.0000,1
1.800000,0.00000000,0.0000,1
1.801000,0.00000000,0.0000,1
1.802000,0.00000000,0.0000,1
1.803000,0.00000000,0.0000,1
1.804000,0.00000000,0.0000,1
1.805000,0.00000000,0.0000,1
1.806000,0.00000000,0.0000,1
1.807000,0.00000000,0.0000,1
1.808000,0.00000000,0.0000,1
1.809000,0.00000000,0.0000,1
1.810000,0.00000000,0.0000,1
1.810000,0.00000000,0.0000,1
1.811000,0.00000000,0.0000,1
1.812000,0.00000000,0.0000,1
1.812500,0.00000000,0.0000,1
1.813000,0.00000000,0.0000,1
1.814000,0.00000000,0.0000,1
1.815000,0.00000000,0.0000,1
1.816000,0.00000000,0.0000,1
1.817000,0.00000000,0.0000,1
1.818000,0.00000000,0.0000,1
1.819000,0.00000000,0.0000,1
1.820000,0.00000000,0.0000,1
1.820000,0.00000000,0.0000,1
1.821000,0.00000000,0.0000,1
1.822000,0.00000000,0.0000,1
1.823000,0.00000000,0.0000,1
1.824000,0.00000000,0.0000,1
1.825000,0.00000000,0.0000,1
1.826000,0.00000000,0.0000,1
1.827000,0.00000000,0.0000,1
1.828000,0.00000000,0.0000,1
1.828125,0.00000000,0.0000,1
1.829000,0.00000000,0.0000,1
1.830000,0.00000000,0.0000,1
1.830000,0.00000000,0.0000,1
1.831000,0.00000000,0.0000,1
1.832000,0.00000000,0.0000,1
1.833000,0.00000000,0.0000,1
1.834000,0.00000000,0.0000,1
1.835000,0.00000000,0.0000,1
1.836000,0.00000000,0.0000,1
1.837000,0.00000000,0.0000,1
1.838000,0.00000000,0.0000,1
1.839000,0.00000000,0.0000,1
1.840000,0.00000000,0.0000,1
1.840000,0.00000000,0.0000,1
1.841000,0.00000000,0.0000,1
1.842000,0.00000000,0.0000,1
1.843000,0.00000000,0.0000,1
1.843750,0.00000000,0.0000,1
1.844000,0.00000000,0.0000,1
1.845000,0.00000000,0.0000,1
1.846000,0.00000000,0.0000,1
1.847000,0.00000000,0.0000,1
1.848000,0.00000000,0.0000,1
1.849000,0.00000000,0.0000,1
1.850000,0.00000000,0.0000,1
1.850000,0.00000000,0.0000,1
1.851000,0.00000000,0.0000,1
1.852000,0.00000000,0.0000,1
1.853000,0.00000000,0.0000,1
1.854000,0.00000000,0.0000,1
1.855000,0.00000000,0.0000,1
1.856000,0.00000000,0.0000,1
1.857000,0.00000000,0.0000,1
1.858000,0.00000000,0.0000,1
1.859000,0.00000000,0.0000,1
1.859375,0.00000000,0.0000,1
1.860000,0.00000000,0.0000,1
1.860000,0.00000000,0.0000,1
1.861000,0.00000000,0.0000,1
1.862000,0.00000000,0.0000,1
1.863000,0.00000000,0.0000,1
1.864000,0.00000000,0.0000,1
1.865000,0.00000000,0.0000,1
1.866000,0.00000000,0.0000,1
1.867000,0.00000000,0.0000,1
1.868000,0.00000000,0.0000,1
1.869000,0.00000000,0.0000,1
1.870000,0.00000000,0.0000,1
1.870000,0.00000000,0.0000,1
1.871000,0.00000000,0.0000,1
1.872000,0.00000000,0.0000,1
1.873000,0.00000000,0.0000,1
1.874000,0.00000000,0.0000,1
1.875000,0.00000000,0.0000,1
1.876000,0.00000000,0.0000,1
1.877000,0.00000000,0.0000,1
1.878000,0.00000000,0.0000,1
1.879000,0.00000000,0.0000,1
1.880000,0.00000000,0.0000,1
1.880000,0.00000000,0.0000,1
1.881000,0.00000000,0.0000,1
1.882000,0.00000000,0.0000,1
1.883000,0.00000000,0.0000,1
1.884000,0.00000000,0.0000,1
1.885000,0.00000000,0.0000,1
1.886000,0.00000000,0.0000,1
1.887000,0.00000000,0.0000,1
1.888000,0.00000000,0.0000,1
1.889000,0.00000000,0.0000,1
1.890000,0.00000000,0.0000,1
1.890000,0.00000000,0.0000,1
1.890625,0.00000000,0.0000,1
1.891000,0.00000000,0.0000,1
1.892000,0.00000000,0.0000,1
1.893000,0.00000000,0.0000,1
1.894000,0.00000000,0.0000,1
1.895000,0.00000000,0.0000,1
1.896000,0.00000000,0.0000,1
1.897000,0.00000000,0.0000,1
1.898000,0.00000000,0.0000,1
1.899000,0.00000000,0.0000,1
1.900000,0.00000000,0.0000,1
1.900000,0.00000000,0.0000,1
1.901000,0.00000000,0.0000,1
1.902000,0.00000000,0.0000,1
1.903000,0.00000000,0.0000,1
1.904000,0.00000000,0.0000,1
1.905000,0.00000000,0.0000,1
1.906000,0.00000000,0.0000,1
1.906250,0.00000000,0.0000,1
1.907000,0.00000000,0.0000,1
1.908000,0.00000000,0.0000,1
1.909000,0.00000000,0.0000,1
1.910000,0.00000000,0.0000,1
1.910000,0.00000000,0.0000,1
1.911000,0.00000000,0.0000,1
1.912000,0.00000000,0.0000,1
1.913000,0.00000000,0.0000,1
1.914000,0.00000000,0.0000,1
1.915000,0.00000000,0.0000,1
1.916000,0.00000000,0.0000,1
1.917000,0.00000000,0.0000,1
1.918000,0.00000000,0.0000,1
1.919000,0.00000000,0.0000,1
1.920000,0.00000000,0.0000,1
1.920000,0.00000000,0.0000,1
1.921000,0.00000000,0.0000,1
1.921875,0.00000000,0.0000,1
1.922000,0.00000000,0.0000,1
1.923000,0.00000000,0.0000,1
1.924000,0.00000000,0.0000,1
1.925000,0.00000000,0.0000,1
1.926000,0.00000000,0.0000,1
1.927000,0.00000000,0.0000,1
1.928000,0.00000000,0.0000,1
1.929000,0.00000000,0.0000,1
1.930000,0.00000000,0.0000,1
1.930000,0.00000000,0.0000,1
1.931000,0.00000000,0.0000,1
1.932000,0.00000000,0.0000,1
1.933000,0.00000000,0.0000,1
1.934000,0.00000000,0.0000,1
1.935000,0.00000000,0.0000,1
1.936000,0.00000000,0.0000,1
1.937000,0.00000000,0.0000,1
1.937500,0.00000000,0.0000,1
1.938000,0.00000000,0.0000,1
1.939000,0.00000000,0.0000,1
1.940000,0.00000000,0.0000,1
1.940000,0.00000000,0.0000,1
1.941000,0.00000000,0.0000,1
1.942000,0.00000000,0.0000,1
1.943000,0.00000000,0.0000,1
1.944000,0.00000000,0.0000,1
1.945000,0.00000000,0.0000,1
1.946000,0.00000000,0.0000,1
1.947000,0.00000000,0.0000,1
1.948000,0.00000000,0.0000,1
1.949000,0.00000000,0.0000,1
1.950000,0.00000000,0.0000,1
1.950000,0.00000000,0.0000,1
1.951000,0.00000000,0.0000,1
1.952000,0.00000000,0.0000,1
1.953000,0.00000000,0.0000,1
1.953125,0.00000000,0.0000,1
1.954000,0.00000000,0.0000,1
1.955000,0.00000000,0.0000,1
1.956000,0.00000000,0.0000,1
1.957000,0.00000000,0.0000,1
1.958000,0.00000000,0.0000,1
1.959000,0.00000000,0.0000,1
1.960000,0.00000000,0.0000,1
1.960000,0.00000000,0.0000,1
1.961000,0.00000000,0.0000,1
1.962000,0.00000000,0.0000,1
1.963000,0.00000000,0.0000,1
1.964000,0.00000000,0.0000,1
1.965000,0.00000000,0.0000,1
1.966000,0.00000000,0.0000,1
1.967000,0.00000000,0.0000,1
1.968000,0.00000000,0.0000,1
1.968750,0.00000000,0.0000,1
1.969000,0.00000000,0.0000,1
1.970000,0.00000000,0.0000,1
1.970000,0.00000000,0.0000,1
1.971000,0.00000000,0.0000,1
1.972000,0.00000000,0.0000,1
1.973000,0.00000000,0.0000,1
1.974000,0.00000000,0.0000,1
1.975000,0.00000000,0.0000,1
1.976000,0.00000000,0.0000,1
1.977000,0.00000000,0.0000,1
1.978000,0.00000000,0.0000,1
1.979000,0.00000000,0.0000,1
1.980000,0.00000000,0.0000,1
1.980000,0.00000000,0.0000,1
1.981000,0.00000000,0.0000,1
1.982000,0.00000000,0.0000,1
1.983000,0.00000000,0.0000,1
1.984000,0.00000000,0.0000,1
1.984375,0.00000000,0.0000,1
1.985000,0.00000000,0.0000,1
1.986000,0.00000000,0.0000,1
1.987000,0.00000000,0.0000,1
1.988000,0.00000000,0.0000,1
1.989000,0.00000000,0.0000,1
1.990000,0.00000000,0.0000,1
1.990000,0.00000000,0.0000,1
1.991000,0.00000000,0.0000,1
1.992000,0.00000000,0.0000,1
1.993000,0.00000000,0.0000,1
1.994000,0.00000000,0.0000,1
1.995000,0.00000000,0.0000,1
1.996000,0.00000000,0.0000,1
1.997000,0.00000000,0.0000,1
1.998000,0.00000000,0.0000,1
1.999000,0.00000000,0.0000,1
2.000000,0.00000000,0.0000,1
2.000000,0.00000000,0.0000,1
2.001000,0.00000000,0.0000,1
2.002000,0.00000000,0.0000,1
2.003000,0.00000000,0.0000,1
2.004000,0.00000000,0.0000,1
2.005000,0.00000000,0.0000,1
2.006000,0.00000000,0.0000,1
2.007000,0.00000000,0.0000,1
2.008000,0.00000000,0.0000,1
2.009000,0.00000000,0.0000,1
2.010000,0.00000000,0.0000,1
2.010000,0.00000000,0.0000,1
2.011000,0.00000000,0.0000,1
2.012000,0.00000000,0.0000,1
2.013000,0.00000000,0.0000,1
2.014000,0.00000000,0.0000,1
2.015000,0.00000000,0.0000,1
2.015625,0.00000000,0.0000,1
2.016000,0.00000000,0.0000,1
2.017000,0.00000000,0.0000,1
2.018000,0.00000000,0.0000,1
2.019000,0.00000000,0.0000,1
2.020000,0.00000000,0.0000,1
2.020000,0.00000000,0.0000,1
2.021000,0.00000000,0.0000,1
2.022000,0.00000000,0.0000,1
2.023000,0.00000000,0.0000,1
2.024000,0.00000000,0.0000,1
2.025000,0.00000000,0.0000,1
2.026000,0.00000000,0.0000,1
2.027000,0.00000000,0.0000,1
2.028000,0.00000000,0.0000,1
2.029000,0.00000000,0.0000,1
2.030000,0.00000000,0.0000,1
2.030000,0.00000000,0.0000,1
2.031000,0.00000000,0.0000,1
2.031250,0.00000000,0.0000,1
2.032000,0.00000000,0.0000,1
2.033000,0.00000000,0.0000,1
2.034000,0.00000000,0.0000,1
2.035000,0.00000000,0.0000,1
2.036000,0.00000000,0.0000,1
2.037000,0.00000000,0.0000,1
2.038000,0.00000000,0.0000,1
2.039000,0.00000000,0.0000,1
2.040000,0.00000000,0.0000,1
2.040000,0.00000000,0.0000,1
2.041000,0.00000000,0.0000,1
2.042000,0.00000000,0.0000,1
2.043000,0.00000000,0.0000,1
2.044000,0.00000000,0.0000,1
2.045000,0.00000000,0.0000,1
2.046000,0.00000000,0.0000,1
2.046875,0.00000000,0.0000,1
2.047000,0.00000000,0.0000,1
2.048000,0.00000000,0.0000,1
2.049000,0.00000000,0.0000,1
2.050000,0.00000000,0.0000,1
2.050000,0.00000000,0.0000,1
2.051000,0.00000000,0.0000,1
2.052000,0.00000000,0.0000,1
2.053000,0.00000000,0.0000,1
2.054000,0.00000000,0.0000,1
2.055000,0.00000000,0.0000,1
2.056000,0.00000000,0.0000,1
2.057000,0.00000000,0.0000,1
2.058000,0.00000000,0.0000,1
2.059000,0.00000000,0.0000,1
2.060000,0.00000000,0.0000,1
2.061000,0.00000000,0.0000,1
2.062000,0.00000000,0.0000,1
2.062500,0.00000000,0.0000,1
2.063000,0.00000000,0.0000,1
2.064000,0.00000000,0.0000,1
2.065000,0.00000000,0.0000,1
2.066000,0.00000000,0.0000,1
2.067000,0.00000000,0.0000,1
2.068000,0.00000000,0.0000,1
2.069000,0.00000000,0.0000,1
2.070000,0.00000000,0.0000,1
2.071000,0.00000000,0.0000,1
2.072000,0.00000000,0.0000,1
2.073000,0.00000000,0.0000,1
2.074000,0.00000000,0.0000,1
2.075000,0.00000000,0.0000,1
2.076000,0.00000000,0.0000,1
2.077000,0.00000000,0.0000,1
2.078000,0.00000000,0.0000,1
2.078125,0.00000000,0.0000,1
2.079000,0.00000000,0.0000,1
2.080000,0.00000000,0.0000,1
2.080000,0.00000000,0.0000,1
2.081000,0.00000000,0.0000,1
2.082000,0.00000000,0.0000,1
2.083000,0.00000000,0.0000,1
2.084000,0.00000000,0.0000,1
2.085000,0.00000000,0.0000,1
2.086000,0.00000000,0.0000,1
2.087000,0.00000000,0.0000,1
2.088000,0.00000000,0.0000,1
2.089000,0.00000000,0.0000,1
2.090000,0.00000000,0.0000,1
2.090000,0.00000000,0.0000,1
2.091000,0.00000000,0.0000,1
2.092000,0.00000000,0.0000,1
2.093000,0.00000000,0.0000,1
2.093750,0.00000000,0.0000,1
2.094000,0.00000000,0.0000,1
2.095000,0.00000000,0.0000,1
2.096000,0.00000000,0.0000,1
2.097000,0.00000000,0.0000,1
2.098000,0.00000000,0.0000,1
2.099000,0.00000000,0.0000,1
2.100000,0.00000000,0.0000,1
2.100000,0.00000000,0.0000,1
2.101000,0.00000000,0.0000,1
2.102000,0.00000000,0.0000,1
2.103000,0.00000000,0.0000,1
2.104000,0.00000000,0.0000,1
2.105000,0.00000000,0.0000,1
2.106000,0.00000000,0.0000,1
2.107000,0.00000000,0.0000,1
2.108000,0.00000000,0.0000,1
2.109000,0.00000000,0.0000,1
2.109375,0.00000000,0.0000,1
2.110000,0.00000000,0.0000,1
2.110000,0.00000000,0.0000,1
2.111000,0.00000000,0.0000,1
2.112000,0.00000000,0.0000,1
2.113000,0.00000000,0.0000,1
2.114000,0.00000000,0.0000,1
2.115000,0.00000000,0.0000,1
2.116000,0.00000000,0.0000,1
2.117000,0.00000000,0.0000,1
2.118000,0.00000000,0.0000,1
2.119000,0.00000000,0.0000,1
2.120000,0.00000000,0.0000,1
2.120000,0.00000000,0.0000,1
2.121000,0.00000000,0.0000,1
2.122000,0.00000000,0.0000,1
2.123000,0.00000000,0.0000,1
2.124000,0.00000000,0.0000,1
2.125000,0.00000000,0.0000,1
2.126000,0.00000000,0.0000,1
2.127000,0.00000000,0.0000,1
2.128000,0.00000000,0.0000,1
2.129000,0.00000000,0.0000,1
2.130000,0.00000000,0.0000,1
2.130000,0.00000000,0.0000,1
2.131000,0.00000000,0.0000,1
2.132000,0.00000000,0.0000,1
2.133000,0.00000000,0.0000,1
2.134000,0.00000000,0.0000,1
2.135000,0.00000000,0.0000,1
2.136000,0.00000000,0.0000,1
2.137000,0.00000000,0.0000,1
2.138000,0.00000000,0.0000,1
2.139000,0.00000000,0.0000,1
2.140000,0.00000000,0.0000,1
2.140000,0.00000000,0.0000,1
2.140625,0.00000000,0.0000,1
2.141000,0.00000000,0.0000,1
2.142000,0.00000000,0.0000,1
2.143000,0.00000000,0.0000,1
2.144000,0.00000000,0.0000,1
2.145000,0.00000000,0.0000,1
2.146000,0.00000000,0.0000,1
2.147000,0.00000000,0.0000,1
2.148000,0.00000000,0.0000,1
2.149000,0.00000000,0.0000,1
2.150000,0.00000000,0.0000,1
2.150000,0.00000000,0.0000,1
2.151000,0.00000000,0.0000,1
2.152000,0.00000000,0.0000,1
2.153000,0.00000000,0.0000,1
2.154000,0.00000000,0.0000,1
2.155000,0.00000000,0.0000,1
2.156000,0.00000000,0.0000,1
2.156250,0.00000000,0.0000,1
2.157000,0.00000000,0.0000,1
2.158000,0.00000000,0.0000,1
2.159000,0.00000000,0.0000,1
2.160000,0.00000000,0.0000,1
2.160000,0.00000000,0.0000,1
2.161000,0.00000000,0.0000,1
2.162000,0.00000000,0.0000,1
2.163000,0.00000000,0.0000,1
2.164000,0.00000000,0.0000,1
2.165000,0.00000000,0.0000,1
2.166000,0.00000000,0.0000,1
2.167000,0.00000000,0.0000,1
2.168000,0.00000000,0.0000,1
2.169000,0.00000000,0.0000,1
2.170000,0.00000000,0.0000,1
2.170000,0.00000000,0.0000,1
2.171000,0.00000000,0.0000,1
2.171875,0.00000000,0.0000,1
2.172000,0.00000000,0.0000,1
2.173000,0.00000000,0.0000,1
2.174000,0.00000000,0.0000,1
2.175000,0.00000000,0.0000,1
2.176000,0.00000000,0.0000,1
2.177000,0.00000000,0.0000,1
2.178000,0.00000000,0.0000,1
2.179000,0.00000000,0.0000,1
2.180000,0.00000000,0.0000,1
2.180000,0.00000000,0.0000,1
2.181000,0.00000000,0.0000,1
2.182000,0.00000000,0.0000,1
2.183000,0.00000000,0.0000,1
2.184000,0.00000000,0.0000,1
2.185000,0.00000000,0.0000,1
2.186000,0.00000000,0.0000,1
2.187000,0.00000000,0.0000,1
2.187500,0.00000000,0.0000,1
2.188000,0.00000000,0.0000,1
2.189000,0.00000000,0.0000,1
2.190000,0.00000000,0.0000,1
2.190000,0.00000000,0.0000,1
2.191000,0.00000000,0.0000,1
2.192000,0.00000000,0.0000,1
2.193000,0.00000000,0.0000,1
2.194000,0.00000000,0.0000,1
2.195000,0.00000000,0.0000,1
2.196000,0.00000000,0.0000,1
2.197000,0.00000000,0.0000,1
2.198000,0.00000000,0.0000,1
2.199000,0.00000000,0.0000,1
2.200000,0.00000000,0.0000,1
2.200000,0.00000000,0.0000,1
2.201000,0.00000000,0.0000,1
2.202000,0.00000000,0.0000,1
2.203000,0.00000000,0.0000,1
2.203125,0.00000000,0.0000,1
2.204000,0.00000000,0.0000,1
2.205000,0.00000000,0.0000,1
2.206000,0.00000000,0.0000,1
2.207000,0.00000000,0.0000,1
2.208000,0.00000000,0.0000,1
2.209000,0.00000000,0.0000,1
2.210000,0.00000000,0.0000,1
2.210000,0.00000000,0.0000,1
2.211000,0.00000000,0.0000,1
2.212000,0.00000000,0.0000,1
2.213000,0.00000000,0.0000,1
2.214000,0.00000000,0.0000,1
2.215000,0.00000000,0.0000,1
2.216000,0.00000000,0.0000,1
2.217000,0.00000000,0.0000,1
2.218000,0.00000000,0.0000,1
2.218750,0.00000000,0.0000,1
2.219000,0.00000000,0.0000,1
2.220000,0.00000000,0.0000,1
2.220000,0.00000000,0.0000,1
2.221000,0.00000000,0.0000,1
2.222000,0.00000000,0.0000,1
2.223000,0.00000000,0.0000,1
2.224000,0.00000000,0.0000,1
2.225000,0.00000000,0.0000,1
2.226000,0.00000000,0.0000,1
2.227000,0.00000000,0.0000,1
2.228000,0.00000000,0.0000,1
2.229000,0.00000000,0.0000,1
2.230000,0.00000000,0.0000,1
2.230000,0.00000000,0.0000,1
2.231000,0.00000000,0.0000,1
2.232000,0.00000000,0.0000,1
2.233000,0.00000000,0.0000,1
2.234000,0.00000000,0.0000,1
2.234375,0.00000000,0.0000,1
2.235000,0.00000000,0.0000,1
2.236000,0.00000000,0.0000,1
2.237000,0.00000000,0.0000,1
2.238000,0.00000000,0.0000,1
2.239000,0.00000000,0.0000,1
2.240000,0.00000000,0.0000,1
2.240000,0.00000000,0.0000,1
2.241000,0.00000000,0.0000,1
2.242000,0.00000000,0.0000,1
2.243000,0.00000000,0.0000,1
2.244000,0.00000000,0.0000,1
2.245000,0.00000000,0.0000,1
2.246000,0.00000000,0.0000,1
2.247000,0.00000000,0.0000,1
2.248000,0.00000000,0.0000,1
2.249000,0.00000000,0.0000,1
2.250000,0.00000000,0.0000,1
2.250000,0.00000000,0.0000,1
2.251000,0.00000000,0.0000,1
2.252000,0.00000000,0.0000,1
2.253000,0.00000000,0.0000,1
2.254000,0.00000000,0.0000,1
2.255000,0.00000000,0.0000,1
2.256000,0.00000000,0.0000,1
2.257000,0.00000000,0.0000,1
2.258000,0.00000000,0.0000,1
2.259000,0.00000000,0.0000,1
2.260000,0.00000000,0.0000,1
2.260000,0.00000000,0.0000,1
2.261000,0.00000000,0.0000,1
2.262000,0.00000000,0.0000,1
2.263000,0.00000000,0.0000,1
2.264000,0.00000000,0.0000,1
2.265000,0.00000000,0.0000,1
2.265625,0.00000000,0.0000,1
2.266000,0.00000000,0.0000,1
2.267000,0.00000000,0.0000,1
2.268000,0.00000000,0.0000,1
2.269000,0.00000000,0.0000,1
2.270000,0.00000000,0.0000,1
2.270000,0.00000000,0.0000,1
2.271000,0.00000000,0.0000,1
2.272000,0.00000000,0.0000,1
2.273000,0.00000000,0.0000,1
2.274000,0.00000000,0.0000,1
2.275000,0.00000000,0.0000,1
2.276000,0.00000000,0.0000,1
2.277000,0.00000000,0.0000,1
2.278000,0.00000000,0.0000,1
2.279000,0.00000000,0.0000,1
2.280000,0.00000000,0.0000,1
2.280000,0.00000000,0.0000,1
2.281000,0.00000000,0.0000,1
2.281250,0.00000000,0.0000,1
2.282000,0.00000000,0.0000,1
2.283000,0.00000000,0.0000,1
2.284000,0.00000000,0.0000,1
2.285000,0.00000000,0.0000,1
2.286000,0.00000000,0.0000,1
2.287000,0.00000000,0.0000,1
2.288000,0.00000000,0.0000,1
2.289000,0.00000000,0.0000,1
2.290000,0.00000000,0.0000,1
2.290000,0.00000000,0.0000,1
2.291000,0.00000000,0.0000,1
2.292000,0.00000000,0.0000,1
2.293000,0.00000000,0.0000,1
2.294000,0.00000000,0.0000,1
2.295000,0.00000000,0.0000,1
2.296000,0.00000000,0.0000,1
2.296875,0.00000000,0.0000,1
2.297000,0.00000000,0.0000,1
2.298000,0.00000000,0.0000,1
2.299000,0.00000000,0.0000,1
2.300000,0.00000000,0.0000,1
2.300000,0.00000000,0.0000,1
2.301000,0.00000000,0.0000,1
2.302000,0.00000000,0.0000,1
2.303000,0.00000000,0.0000,1
2.304000,0.00000000,0.0000,1
2.305000,0.00000000,0.0000,1
2.306000,0.00000000,0.0000,1
2.307000,0.00000000,0.0000,1
2.308000,0.00000000,0.0000,1
2.309000,0.00000000,0.0000,1
2.310000,0.00000000,0.0000,1
2.310000,0.00000000,0.0000,1
2.311000,0.00000000,0.0000,1
2.312000,0.00000000,0.0000,1
2.312500,0.00000000,0.0000,1
2.313000,0.00000000,0.0000,1
2.314000,0.00000000,0.0000,1
2.315000,0.00000000,0.0000,1
2.316000,0.00000000,0.0000,1
2.317000,0.00000000,0.0000,1
2.318000,0.00000000,0.0000,1
2.319000,0.00000000,0.0000,1
2.320000,0.00000000,0.0000,1
2.320000,0.00000000,0.0000,1
2.321000,0.00000000,0.0000,1
2.322000,0.00000000,0.0000,1
2.323000,0.00000000,0.0000,1
2.324000,0.00000000,0.0000,1
2.325000,0.00000000,0.0000,1
2.326000,0.00000000,0.0000,1
2.327000,0.00000000,0.0000,1
2.328000,0.00000000,0.0000,1
2.328125,0.00000000,0.0000,1
2.329000,0.00000000,0.0000,1
2.330000,0.00000000,0.0000,1
2.330000,0.00000000,0.0000,1
2.331000,0.00000000,0.0000,1
2.332000,0.00000000,0.0000,1
2.333000,0.00000000,0.0000,1
2.334000,0.00000000,0.0000,1
2.335000,0.00000000,0.0000,1
2.336000,0.00000000,0.0000,1
2.337000,0.00000000,0.0000,1
2.338000,0.00000000,0.0000,1
2.339000,0.00000000,0.0000,1
2.340000,0.00000000,0.0000,1
2.340000,0.00000000,0.0000,1
2.341000,0.00000000,0.0000,1
2.342000,0.00000000,0.0000,1
2.343000,0.00000000,0.0000,1
2.343750,0.00000000,0.0000,1
2.344000,0.00000000,0.0000,1
2.345000,0.00000000,0.0000,1
2.346000,0.00000000,0.0000,1
2.347000,0.00000000,0.0000,1
2.348000,0.00000000,0.0000,1
2.349000,0.00000000,0.0000,1
2.350000,0.00000000,0.0000,1
2.350000,0.00000000,0.0000,1
2.351000,0.00000000,0.0000,1
2.352000,0.00000000,0.0000,1
2.353000,0.00000000,0.0000,1
2.354000,0.00000000,0.0000,1
2.355000,0.00000000,0.0000,1
2.356000,0.00000000,0.0000,1
2.357000,0.00000000,0.0000,1
2.358000,0.00000000,0.0000,1
2.359000,0.00000000,0.0000,1
2.359375,0.00000000,0.0000,1
2.360000,0.00000000,0.0000,1
2.360000,0.00000000,0.0000,1
2.361000,0.00000000,0.0000,1
2.362000,0.00000000,0.0000,1
2.363000,0.00000000,0.0000,1
2.364000,0.00000000,0.0000,1
2.365000,0.00000000,0.0000,1
2.366000,0.00000000,0.0000,1
2.367000,0.00000000,0.0000,1
2.368000,0.00000000,0.0000,1
2.369000,0.00000000,0.0000,1
2.370000,0.00000000,0.0000,1
2.370000,0.00000000,0.0000,1
2.371000,0.00000000,0.0000,1
2.372000,0.00000000,0.0000,1
2.373000,0.00000000,0.0000,1
2.374000,0.00000000,0.0000,1
2.375000,0.00000000,0.0000,1
2.376000,0.00000000,0.0000,1
2.377000,0.00000000,0.0000,1
2.378000,0.00000000,0.0000,1
2.379000,0.00000000,0.0000,1
2.380000,0.00000000,0.0000,1
2.380000,0.00000000,0.0000,1
2.381000,0.00000000,0.0000,1
2.382000,0.00000000,0.0000,1
2.383000,0.00000000,0.0000,1
2.384000,0.00000000,0.0000,1
2.385000,0.00000000,0.0000,1
2.386000,0.00000000,0.0000,1
2.387000,0.00000000,0.0000,1
2.388000,0.00000000,0.0000,1
2.389000,0.00000000,0.0000,1
2.390000,0.00000000,0.0000,1
2.390000,0.00000000,0.0000,1
2.390625,0.00000000,0.0000,1
2.391000,0.00000000,0.0000,1
2.392000,0.00000000,0.0000,1
2.393000,0.00000000,0.0000,1
2.394000,0.00000000,0.0000,1
2.395000,0.00000000,0.0000,1
2.396000,0.00000000,0.0000,1
2.397000,0.00000000,0.0000,1
2.398000,0.00000000,0.0000,1
2.399000,0.00000000,0.0000,1
2.400000,0.00000000,0.0000,1
2.400000,0.00000000,0.0000,1
2.401000,0.00000000,0.0000,1
2.402000,0.00000000,0.0000,1
2.403000,0.00000000,0.0000,1
2.404000,0.00000000,0.0000,1
2.405000,0.00000000,0.0000,1
2.406000,0.00000000,0.0000,1
2.406250,0.00000000,0.0000,1
2.407000,0.00000000,0.0000,1
2.408000,0.00000000,0.0000,1
2.409000,0.00000000,0.0000,1
2.410000,0.00000000,0.0000,1
2.410000,0.00000000,0.0000,1
2.411000,0.00000000,0.0000,1
2.412000,0.00000000,0.0000,1
2.413000,0.00000000,0.0000,1
2.414000,0.00000000,0.0000,1
2.415000,0.00000000,0.0000,1
2.416000,0.00000000,0.0000,1
2.417000,0.00000000,0.0000,1
2.418000,0.00000000,0.0000,1
2.419000,0.00000000,0.0000,1
2.420000,0.00000000,0.0000,1
2.420000,0.00000000,0.0000,1
2.421000,0.00000000,0.0000,1
2.421875,0.00000000,0.0000,1
2.422000,0.00000000,0.0000,1
2.423000,0.00000000,0.0000,1
2.424000,0.00000000,0.0000,1
2.425000,0.00000000,0.0000,1
2.426000,0.00000000,0.0000,1
2.427000,0.00000000,0.0000,1
2.428000,0.00000000,0.0000,1
2.429000,0.00000000,0.0000,1
2.430000,0.00000000,0.0000,1
2.430000,0.00000000,0.0000,1
2.431000,0.00000000,0.0000,1
2.432000,0.00000000,0.0000,1
2.433000,0.00000000,0.0000,1
2.434000,0.00000000,0.0000,1
2.435000,0.00000000,0.0000,1
2.436000,0.00000000,0.0000,1
2.437000,0.00000000,0.0000,1
2.437500,0.00000000,0.0000,1
2.438000,0.00000000,0.0000,1
2.439000,0.00000000,0.0000,1
2.440000,0.00000000,0.0000,1
2.440000,0.00000000,0.0000,1
2.441000,0.00000000,0.0000,1
2.442000,0.00000000,0.0000,1
2.443000,0.00000000,0.0000,1
2.444000,0.00000000,0.0000,1
2.445000,0.00000000,0.0000,1
2.446000,0.00000000,0.0000,1
2.447000,0.00000000,0.0000,1
2.448000,0.00000000,0.0000,1
2.449000,0.00000000,0.0000,1
2.450000,0.00000000,0.0000,1
2.450000,0.00000000,0.0000,1
2.451000,0.00000000,0.0000,1
2.452000,0.00000000,0.0000,1
2.453000,0.00000000,0.0000,1
2.453125,0.00000000,0.0000,1
2.454000,0.00000000,0.0000,1
2.455000,0.00000000,0.0000,1
2.456000,0.00000000,0.0000,1
2.457000,0.00000000,0.0000,1
2.458000,0.00000000,0.0000,1
2.459000,0.00000000,0.0000,1
2.460000,0.00000000,0.0000,1
2.460000,0.00000000,0.0000,1
2.461000,0.00000000,0.0000,1
2.462000,0.00000000,0.0000,1
2.463000,0.00000000,0.0000,1
2.464000,0.00000000,0.0000,1
2.465000,0.00000000,0.0000,1
2.466000,0.00000000,0.0000,1
2.467000,0.00000000,0.0000,1
2.468000,0.00000000,0.0000,1
2.468750,0.00000000,0.0000,1
2.469000,0.00000000,0.0000,1
2.470000,0.00000000,0.0000,1
2.470000,0.00000000,0.0000,1
2.471000,0.00000000,0.0000,1
2.472000,0.00000000,0.0000,1
2.473000,0.00000000,0.0000,1
2.474000,0.00000000,0.0000,1
2.475000,0.00000000,0.0000,1
2.476000,0.00000000,0.0000,1
2.477000,0.00000000,0.0000,1
2.478000,0.00000000,0.0000,1
2.479000,0.00000000,0.0000,1
2.480000,0.00000000,0.0000,1
2.480000,0.00000000,0.0000,1
2.481000,0.00000000,0.0000,1
2.482000,0.00000000,0.0000,1
2.483000,0.00000000,0.0000,1
2.484000,0.00000000,0.0000,1
2.484375,0.00000000,0.0000,1
2.485000,0.00000000,0.0000,1
2.486000,0.00000000,0.0000,1
2.487000,0.00000000,0.0000,1
2.488000,0.00000000,0.0000,1
2.489000,0.00000000,0.0000,1
2.490000,0.00000000,0.0000,1
2.490000,0.00000000,0.0000,1
2.491000,0.00000000,0.0000,1
2.492000,0.00000000,0.0000,1
2.493000,0.00000000,0.0000,1
2.494000,0.00000000,0.0000,1
2.495000,0.00000000,0.0000,1
2.496000,0.00000000,0.0000,1
2.497000,0.00000000,0.0000,1
2.498000,0.00000000,0.0000,1
2.499000,0.00000000,0.0000,1
2.500000,0.00000000,0.0000,1
2.500000,0.00000000,0.0000,1
2.501000,0.00000000,0.0000,1
2.502000,0.00000000,0.0000,1
2.503000,0.00000000,0.0000,1
2.504000,0.00000000,0.0000,1
2.505000,0.00000000,0.0000,1
2.506000,0.00000000,0.0000,1
2.507000,0.00000000,0.0000,1
2.508000,0.00000000,0.0000,1
2.509000,0.00000000,0.0000,1
2.510000,0.00000000,0.0000,1
2.510000,0.00000000,0.0000,1
2.511000,0.00000000,0.0000,1
2.512000,0.00000000,0.0000,1
2.513000,0.00000000,0.0000,1
2.514000,0.00000000,0.0000,1
2.515000,0.00000000,0.0000,1
2.515625,0.00000000,0.0000,1
2.516000,0.00000000,0.0000,1
2.517000,0.00000000,0.0000,1
2.518000,0.00000000,0.0000,1
2.519000,0.00000000,0.0000,1
2.520000,0.00000000,0.0000,1
2.520000,0.00000000,0.0000,1
2.521000,0.00000000,0.0000,1
2.522000,0.00000000,0.0000,1
2.523000,0.00000000,0.0000,1
2.524000,0.00000000,0.0000,1
2.525000,0.00000000,0.0000,1
2.526000,0.00000000,0.0000,1
2.527000,0.00000000,0.0000,1
2.528000,0.00000000,0.0000,1
2.529000,0.00000000,0.0000,1
2.530000,0.00000000,0.0000,1
2.530000,0.00000000,0.0000,1
2.531000,0.00000000,0.0000,1
2.531250,0.00000000,0.0000,1
2.532000,0.00000000,0.0000,1
2.533000,0.00000000,0.0000,1
2.534000,0.00000000,0.0000,1
2.535000,0.00000000,0.0000,1
2.536000,0.00000000,0.0000,1
2.537000,0.00000000,0.0000,1
2.538000,0.00000000,0.0000,1
2.539000,0.00000000,0.0000,1
2.540000,0.00000000,0.0000,1
2.540000,0.00000000,0.0000,1
2.541000,0.00000000,0.0000,1
2.542000,0.00000000,0.0000,1
2.543000,0.00000000,0.0000,1
2.544000,0.00000000,0.0000,1
2.545000,0.00000000,0.0000,1
2.546000,0.00000000,0.0000,1
2.546875,0.00000000,0.0000,1
2.547000,0.00000000,0.0000,1
2.548000,0.00000000,0.0000,1
2.549000,0.00000000,0.0000,1
2.550000,0.00000000,0.0000,1
2.550000,0.00000000,0.0000,1
2.551000,0.00000000,0.0000,1
2.552000,0.00000000,0.0000,1
2.553000,0.00000000,0.0000,1
2.554000,0.00000000,0.0000,1
2.555000,0.00000000,0.0000,1
2.556000,0.00000000,0.0000,1
2.557000,0.00000000,0.0000,1
2.558000,0.00000000,0.0000,1
2.559000,0.00000000,0.0000,1
2.560000,0.00000000,0.0000,1
2.560000,0.00000000,0.0000,1
2.561000,0.00000000,0.0000,1
2.562000,0.00000000,0.0000,1
2.562500,0.00000000,0.0000,1
2.563000,0.00000000,0.0000,1
2.564000,0.00000000,0.0000,1
2.565000,0.00000000,0.0000,1
2.566000,0.00000000,0.0000,1
2.567000,0.00000000,0.0000,1
2.568000,0.00000000,0.0000,1
2.569000,0.00000000,0.0000,1
2.570000,0.00000000,0.0000,1
2.570000,0.00000000,0.0000,1
2.571000,0.00000000,0.0000,1
2.572000,0.00000000,0.0000,1
2.573000,0.00000000,0.0000,1
2.574000,0.00000000,0.0000,1
2.575000,0.00000000,0.0000,1
2.576000,0.00000000,0.0000,1
2.577000,0.00000000,0.0000,1
2.578000,0.00000000,0.0000,1
2.578125,0.00000000,0.0000,1
2.579000,0.00000000,0.0000,1
2.580000,0.00000000,0.0000,1
2.580000,0.00000000,0.0000,1
2.581000,0.00000000,0.0000,1
2.582000,0.00000000,0.0000,1
2.583000,0.00000000,0.0000,1
2.584000,0.00000000,0.0000,1
2.585000,0.00000000,0.0000,1
2.586000,0.00000000,0.0000,1
2.587000,0.00000000,0.0000,1
2.588000,0.00000000,0.0000,1
2.589000,0.00000000,0.0000,1
2.590000,0.00000000,0.0000,1
2.590000,0.00000000,0.0000,1
2.591000,0.00000000,0.0000,1
2.592000,0.00000000,0.0000,1
2.593000,0.00000000,0.0000,1
2.593750,0.00000000,0.0000,1
2.594000,0.00000000,0.0000,1
2.595000,0.00000000,0.0000,1
2.596000,0.00000000,0.0000,1
2.597000,0.00000000,0.0000,1
2.598000,0.00000000,0.0000,1
2.599000,0.00000000,0.0000,1
2.600000,0.00000000,0.0000,1
2.600000,0.00000000,0.0000,1
2.601000,0.00000000,0.0000,1
2.602000,0.00000000,0.0000,1
2.603000,0.00000000,0.0000,1
2.604000,0.00000000,0.0000,1
2.605000,0.00000000,0.0000,1
2.606000,0.00000000,0.0000,1
2.607000,0.00000000,0.0000,1
2.608000,0.00000000,0.0000,1
2.609000,0.00000000,0.0000,1
2.609375,0.00000000,0.0000,1
2.610000,0.00000000,0.0000,1
2.610000,0.00000000,0.0000,1
2.611000,0.00000000,0.0000,1
2.612000,0.00000000,0.0000,1
2.613000,0.00000000,0.0000,1
2.614000,0.00000000,0.0000,1
2.615000,0.00000000,0.0000,1
2.616000,0.00000000,0.0000,1
2.617000,0.00000000,0.0000,1
2.618000,0.00000000,0.0000,1
2.619000,0.00000000,0.0000,1
2.620000,0.00000000,0.0000,1
2.620000,0.00000000,0.0000,1
2.621000,0.00000000,0.0000,1
2.622000,0.00000000,0.0000,1
2.623000,0.00000000,0.0000,1
2.624000,0.00000000,0.0000,1
2.625000,0.00000000,0.0000,1
2.626000,0.00000000,0.0000,1
2.627000,0.00000000,0.0000,1
2.628000,0.00000000,0.0000,1
2.629000,0.00000000,0.0000,1
2.630000,0.00000000,0.0000,1
2.630000,0.00000000,0.0000,1
2.631000,0.00000000,0.0000,1
2.632000,0.00000000,0.0000,1
2.633000,0.00000000,0.0000,1
2.634000,0.00000000,0.0000,1
2.635000,0.00000000,0.0000,1
2.636000,0.00000000,0.0000,1
2.637000,0.00000000,0.0000,1
2.638000,0.00000000,0.0000,1
2.639000,0.00000000,0.0000,1
2.640000,0.00000000,0.0000,1
2.640000,0.00000000,0.0000,1
2.640625,0.00000000,0.0000,1
2.641000,0.00000000,0.0000,1
2.642000,0.00000000,0.0000,1
2.643000,0.00000000,0.0000,1
2.644000,0.00000000,0.0000,1
2.645000,0.00000000,0.0000,1
2.646000,0.00000000,0.0000,1
2.647000,0.00000000,0.0000,1
2.648000,0.00000000,0.0000,1
2.649000,0.00000000,0.0000,1
2.650000,0.00000000,0.0000,1
2.650000,0.00000000,0.0000,1
2.651000,0.00000000,0.0000,1
2.652000,0.00000000,0.0000,1
2.653000,0.00000000,0.0000,1
2.654000,0.00000000,0.0000,1
2.655000,0.00000000,0.0000,1
2.656000,0.00000000,0.0000,1
2.656250,0.00000000,0.0000,1
2.657000,0.00000000,0.0000,1
2.658000,0.00000000,0.0000,1
2.659000,0.00000000,0.0000,1
2.660000,0.00000000,0.0000,1
2.660000,0.00000000,0.0000,1
2.661000,0.00000000,0.0000,1
2.662000,0.00000000,0.0000,1
2.663000,0.00000000,0.0000,1
2.664000,0.00000000,0.0000,1
2.665000,0.00000000,0.0000,1
2.666000,0.00000000,0.0000,1
2.667000,0.00000000,0.0000,1
2.668000,0.00000000,0.0000,1
2.669000,0.00000000,0.0000,1
2.670000,0.00000000,0.0000,1
2.670000,0.00000000,0.0000,1
2.671000,0.00000000,0.0000,1
2.671875,0.00000000,0.0000,1
2.672000,0.00000000,0.0000,1
2.673000,0.00000000,0.0000,1
2.674000,0.00000000,0.0000,1
2.675000,0.00000000,0.0000,1
2.676000,0.00000000,0.0000,1
2.677000,0.00000000,0.0000,1
2.678000,0.00000000,0.0000,1
2.679000,0.00000000,0.0000,1
2.680000,0.00000000,0.0000,1
2.680000,0.00000000,0.0000,1
2.681000,0.00000000,0.0000,1
2.682000,0.00000000,0.0000,1
2.683000,0.00000000,0.0000,1
2.684000,0.00000000,0.0000,1
2.685000,0.00000000,0.0000,1
2.686000,0.00000000,0.0000,1
2.687000,0.00000000,0.0000,1
2.687500,0.00000000,0.0000,1
2.688000,0.00000000,0.0000,1
2.689000,0.00000000,0.0000,1
2.690000,0.00000000,0.0000,1
2.690000,0.00000000,0.0000,1
2.691000,0.00000000,0.0000,1
2.692000,0.00000000,0.0000,1
2.693000,0.00000000,0.0000,1
2.694000,0.00000000,0.0000,1
2.695000,0.00000000,0.0000,1
2.696000,0.00000000,0.0000,1
2.697000,0.00000000,0.0000,1
2.698000,0.00000000,0.0000,1
2.699000,0.00000000,0.0000,1
2.700000,0.00000000,0.0000,1
2.700000,0.00000000,0.0000,1
2.701000,0.00000000,0.0000,1
2.702000,0.00000000,0.0000,1
2.703000,0.00000000,0.0000,1
2.703125,0.00000000,0.0000,1
2.704000,0.00000000,0.0000,1
2.705000,0.00000000,0.0000,1
2.706000,0.00000000,0.0000,1
2.707000,0.00000000,0.0000,1
2.708000,0.00000000,0.0000,1
2.709000,0.00000000,0.0000,1
2.710000,0.00000000,0.0000,1
2.710000,0.00000000,0.0000,1
2.711000,0.00000000,0.0000,1
2.712000,0.00000000,0.0000,1
2.713000,0.00000000,0.0000,1
2.714000,0.00000000,0.0000,1
2.715000,0.00000000,0.0000,1
2.716000,0.00000000,0.0000,1
2.717000,0.00000000,0.0000,1
2.718000,0.00000000,0.0000,1
2.718750,0.00000000,0.0000,1
2.719000,0.00000000,0.0000,1
2.720000,0.00000000,0.0000,1
2.720000,0.00000000,0.0000,1
2.721000,0.00000000,0.0000,1
2.722000,0.00000000,0.0000,1
2.723000,0.00000000,0.0000,1
2.724000,0.00000000,0.0000,1
2.725000,0.00000000,0.0000,1
2.726000,0.00000000,0.0000,1
2.727000,0.00000000,0.0000,1
2.728000,0.00000000,0.0000,1
2.729000,0.00000000,0.0000,1
2.730000,0.00000000,0.0000,1
2.730000,0.00000000,0.0000,1
2.731000,0.00000000,0.0000,1
2.732000,0.00000000,0.0000,1
2.733000,0.00000000,0.0000,1
2.734000,0.00000000,0.0000,1
2.734375,0.00000000,0.0000,1
2.735000,0.00000000,0.0000,1
2.736000,0.00000000,0.0000,1
2.737000,0.00000000,0.0000,1
2.738000,0.00000000,0.0000,1
2.739000,0.00000000,0.0000,1
2.740000,0.00000000,0.0000,1
2.740000,0.00000000,0.0000,1
2.741000,0.00000000,0.0000,1
2.742000,0.00000000,0.0000,1
2.743000,0.00000000,0.0000,1
2.744000,0.00000000,0.0000,1
2.745000,0.00000000,0.0000,1
2.746000,0.00000000,0.0000,1
2.747000,0.00000000,0.0000,1
2.748000,0.00000000,0.0000,1
2.749000,0.00000000,0.0000,1
2.750000,0.00000000,0.0000,1
2.750000,0.00000000,0.0000,1
2.751000,0.00000000,0.0000,1
2.752000,0.00000000,0.0000,1
2.753000,0.00000000,0.0000,1
2.754000,0.00000000,0.0000,1
2.755000,0.00000000,0.0000,1
2.756000,0.00000000,0.0000,1
2.757000,0.00000000,0.0000,1
2.758000,0.00000000,0.0000,1
2.759000,0.00000000,0.0000,1
2.760000,0.00000000,0.0000,1
2.760000,0.00000000,0.0000,1
2.761000,0.00000000,0.0000,1
2.762000,0.00000000,0.0000,1
2.763000,0.00000000,0.0000,1
2.764000,0.00000000,0.0000,1
2.765000,0.00000000,0.0000,1
2.765625,0.00000000,0.0000,1
2.766000,0.00000000,0.0000,1
2.767000,0.00000000,0.0000,1
2.768000,0.00000000,0.0000,1
2.769000,0.00000000,0.0000,1
2.770000,0.00000000,0.0000,1
2.770000,0.00000000,0.0000,1
2.771000,0.00000000,0.0000,1
2.772000,0.00000000,0.0000,1
2.773000,0.00000000,0.0000,1
2.774000,0.00000000,0.0000,1
2.775000,0.00000000,0.0000,1
2.776000,0.00000000,0.0000,1
2.777000,0.00000000,0.0000,1
2.778000,0.00000000,0.0000,1
2.779000,0.00000000,0.0000,1
2.780000,0.00000000,0.0000,1
2.780000,0.00000000,0.0000,1
2.781000,0.00000000,0.0000,1
2.781250,0.00000000,0.0000,1
2.782000,0.00000000,0.0000,1
2.783000,0.00000000,0.0000,1
2.784000,0.00000000,0.0000,1
2.785000,0.00000000,0.0000,1
2.786000,0.00000000,0.0000,1
2.787000,0.00000000,0.0000,1
2.788000,0.00000000,0.0000,1
2.789000,0.00000000,0.0000,1
2.790000,0.00000000,0.0000,1
2.790000,0.00000000,0.0000,1
2.791000,0.00000000,0.0000,1
2.792000,0.00000000,0.0000,1
2.793000,0.00000000,0.0000,1
2.794000,0.00000000,0.0000,1
2.795000,0.00000000,0.0000,1
2.796000,0.00000000,0.0000,1
2.796875,0.00000000,0.0000,1
2.797000,0.00000000,0.0000,1
2.798000,0.00000000,0.0000,1
2.799000,0.00000000,0.0000,1
2.800000,0.00000000,0.0000,1
2.800000,0.00000000,0.0000,1
2.801000,0.00000000,0.0000,1
2.802000,0.00000000,0.0000,1
2.803000,0.00000000,0.0000,1
2.804000,0.00000000,0.0000,1
2.805000,0.00000000,0.0000,1
2.806000,0.00000000,0.0000,1
2.807000,0.00000000,0.0000,1
2.808000,0.00000000,0.0000,1
2.809000,0.00000000,0.0000,1
2.810000,0.00000000,0.0000,1
2.810000,0.00000000,0.0000,1
2.811000,0.00000000,0.0000,1
2.812000,0.00000000,0.0000,1
2.812500,0.00000000,0.0000,1
2.813000,0.00000000,0.0000,1
2.814000,0.00000000,0.0000,1
2.815000,0.00000000,0.0000,1
2.816000,0.00000000,0.0000,1
2.817000,0.00000000,0.0000,1
2.818000,0.00000000,0.0000,1
2.819000,0.00000000,0.0000,1
2.820000,0.00000000,0.0000,1
2.820000,0.00000000,0.0000,1
2.821000,0.00000000,0.0000,1
2.822000,0.00000000,0.0000,1
2.823000,0.00000000,0.0000,1
2.824000,0.00000000,0.0000,1
2.825000,0.00000000,0.0000,1
2.826000,0.00000000,0.0000,1
2.827000,0.00000000,0.0000,1
2.828000,0.00000000,0.0000,1
2.828125,0.00000000,0.0000,1
2.829000,0.00000000,0.0000,1
2.830000,0.00000000,0.0000,1
2.830000,0.00000000,0.0000,1
2.831000,0.00000000,0.0000,1
2.832000,0.00000000,0.0000,1
2.833000,0.00000000,0.0000,1
2.834000,0.00000000,0.0000,1
2.835000,0.00000000,0.0000,1
2.836000,0.00000000,0.0000,1
2.837000,0.00000000,0.0000,1
2.838000,0.00000000,0.0000,1
2.839000,0.00000000,0.0000,1
2.840000,0.00000000,0.0000,1
2.840000,0.00000000,0.0000,1
2.841000,0.00000000,0.0000,1
2.842000,0.00000000,0.0000,1
2.843000,0.00000000,0.0000,1
2.843750,0.00000000,0.0000,1
2.844000,0.00000000,0.0000,1
2.845000,0.00000000,0.0000,1
2.846000,0.00000000,0.0000,1
2.847000,0.00000000,0.0000,1
2.848000,0.00000000,0.0000,1
2.849000,0.00000000,0.0000,1
2.850000,0.00000000,0.0000,1
2.850000,0.00000000,0.0000,1
2.851000,0.00000000,0.0000,1
2.852000,0.00000000,0.0000,1
2.853000,0.00000000,0.0000,1
2.854000,0.00000000,0.0000,1
2.855000,0.00000000,0.0000,1
2.856000,0.00000000,0.0000,1
2.857000,0.00000000,0.0000,1
2.858000,0.00000000,0.0000,1
2.859000,0.00000000,0.0000,1
2.859375,0.00000000,0.0000,1
2.860000,0.00000000,0.0000,1
2.860000,0.00000000,0.0000,1
2.861000,0.00000000,0.0000,1
2.862000,0.00000000,0.0000,1
2.863000,0.00000000,0.0000,1
2.864000,0.00000000,0.0000,1
2.865000,0.00000000,0.0000,1
2.866000,0.00000000,0.0000,1
2.867000,0.00000000,0.0000,1
2.868000,0.00000000,0.0000,1
2.869000,0.00000000,0.0000,1
2.870000,0.00000000,0.0000,1
2.870000,0.00000000,0.0000,1
2.871000,0.00000000,0.0000,1
2.872000,0.00000000,0.0000,1
2.873000,0.00000000,0.0000,1
2.874000,0.00000000,0.0000,1
2.875000,0.00000000,0.0000,1
2.876000,0.00000000,0.0000,1
2.877000,0.00000000,0.0000,1
2.878000,0.00000000,0.0000,1
2.879000,0.00000000,0.0000,1
2.880000,0.00000000,0.0000,1
2.880000,0.00000000,0.0000,1
2.881000,0.00000000,0.0000,1
2.882000,0.00000000,0.0000,1
2.883000,0.00000000,0.0000,1
2.884000,0.00000000,0.0000,1
2.885000,0.00000000,0.0000,1
2.886000,0.00000000,0.0000,1
2.887000,0.00000000,0.0000,1
2.888000,0.00000000,0.0000,1
2.889000,0.00000000,0.0000,1
2.890000,0.00000000,0.0000,1
2.890000,0.00000000,0.0000,1
2.890625,0.00000000,0.0000,1
2.891000,0.00000000,0.0000,1
2.892000,0.00000000,0.0000,1
2.893000,0.00000000,0.0000,1
2.894000,0.00000000,0.0000,1
2.895000,0.00000000,0.0000,1
2.896000,0.00000000,0.0000,1
2.897000,0.00000000,0.0000,1
2.898000,0.00000000,0.0000,1
2.899000,0.00000000,0.0000,1
2.900000,0.00000000,0.0000,1
2.900000,0.00000000,0.0000,1
2.901000,0.00000000,0.0000,1
2.902000,0.00000000,0.0000,1
2.903000,0.00000000,0.0000,1
2.904000,0.00000000,0.0000,1
2.905000,0.00000000,0.0000,1
2.906000,0.00000000,0.0000,1
2.906250,0.00000000,0.0000,1
2.907000,0.00000000,0.0000,1
2.908000,0.00000000,0.0000,1
2.909000,0.00000000,0.0000,1
2.910000,0.00000000,0.0000,1
2.910000,0.00000000,0.0000,1
2.911000,0.00000000,0.0000,1
2.912000,0.00000000,0.0000,1
2.913000,0.00000000,0.0000,1
2.914000,0.00000000,0.0000,1
2.915000,0.00000000,0.0000,1
2.916000,0.00000000,0.0000,1
2.917000,0.00000000,0.0000,1
2.918000,0.00000000,0.0000,1
2.919000,0.00000000,0.0000,1
2.920000,0.00000000,0.0000,1
2.920000,0.00000000,0.0000,1
2.921000,0.00000000,0.0000,1
2.921875,0.00000000,0.0000,1
2.922000,0.00000000,0.0000,1
2.923000,0.00000000,0.0000,1
2.924000,0.00000000,0.0000,1
2.925000,0.00000000,0.0000,1
2.926000,0.00000000,0.0000,1
2.927000,0.00000000,0.0000,1
2.928000,0.00000000,0.0000,1
2.929000,0.00000000,0.0000,1
2.930000,0.00000000,0.0000,1
2.930000,0.00000000,0.0000,1
2.931000,0.00000000,0.0000,1
2.932000,0.00000000,0.0000,1
2.933000,0.00000000,0.0000,1
2.934000,0.00000000,0.0000,1
2.935000,0.00000000,0.0000,1
2.936000,0.00000000,0.0000,1
2.937000,0.00000000,0.0000,1
2.937500,0.00000000,0.0000,1
2.938000,0.00000000,0.0000,1
2.939000,0.00000000,0.0000,1
2.940000,0.00000000,0.0000,1
2.940000,0.00000000,0.0000,1
2.941000,0.00000000,0.0000,1
2.942000,0.00000000,0.0000,1
2.943000,0.00000000,0.0000,1
2.944000,0.00000000,0.0000,1
2.945000,0.00000000,0.0000,1
2.946000,0.00000000,0.0000,1
2.947000,0.00000000,0.0000,1
2.948000,0.00000000,0.0000,1
2.949000,0.00000000,0.0000,1
2.950000,0.00000000,0.0000,1
2.950000,0.00000000,0.0000,1
2.951000,0.00000000,0.0000,1
2.952000,0.00000000,0.0000,1
2.953000,0.00000000,0.0000,1
2.953125,0.00000000,0.0000,1
2.954000,0.00000000,0.0000,1
2.955000,0.00000000,0.0000,1
2.956000,0.00000000,0.0000,1
2.957000,0.00000000,0.0000,1
2.958000,0.00000000,0.0000,1
2.959000,0.00000000,0.0000,1
2.960000,0.00000000,0.0000,1
2.960000,0.00000000,0.0000,1
2.961000,0.00000000,0.0000,1
2.962000,0.00000000,0.0000,1
2.963000,0.00000000,0.0000,1
2.964000,0.00000000,0.0000,1
2.965000,0.00000000,0.0000,1
2.966000,0.00000000,0.0000,1
2.967000,0.00000000,0.0000,1
2.968000,0.00000000,0.0000,1
2.968750,0.00000000,0.0000,1
2.969000,0.00000000,0.0000,1
2.970000,0.00000000,0.0000,1
2.970000,0.00000000,0.0000,1
2.971000,0.00000000,0.0000,1
2.972000,0.00000000,0.0000,1
2.973000,0.00000000,0.0000,1
2.974000,0.00000000,0.0000,1
2.975000,0.00000000,0.0000,1
2.976000,0.00000000,0.0000,1
2.977000,0.00000000,0.0000,1
2.978000,0.00000000,0.0000,1
2.979000,0.00000000,0.0000,1
2.980000,0.00000000,0.0000,1
2.980000,0.00000000,0.0000,1
2.981000,0.00000000,0.0000,1
2.982000,0.00000000,0.0000,1
2.983000,0.00000000,0.0000,1
2.984000,0.00000000,0.0000,1
2.984375,0.00000000,0.0000,1
2.985000,0.00000000,0.0000,1
2.986000,0.00000000,0.0000,1
2.987000,0.00000000,0.0000,1
2.988000,0.00000000,0.0000,1
2.989000,0.00000000,0.0000,1
2.990000,0.00000000,0.0000,1
2.990000,0.00000000,0.0000,1
2.991000,0.00000000,0.0000,1
2.992000,0.00000000,0.0000,1
2.993000,0.00000000,0.0000,1
2.994000,0.00000000,0.0000,1
2.995000,0.00000000,0.0000,1
2.996000,0.00000000,0.0000,1
2.997000,0.00000000,0.0000,1
2.998000,0.00000000,0.0000,1
2.999000,0.00000000,0.0000,1
3.000000,0.00000000,0.0000,1
3.000000,0.00000000,0.0000,1
3.001000,0.00000000,0.0000,1
3.002000,0.00000000,0.0000,1
3.003000,0.00000000,0.0000,1
3.004000,0.00000000,0.0000,1
3.005000,0.00000000,0.0000,1
3.006000,0.00000000,0.0000,1
3.007000,0.00000000,0.0000,1
3.008000,0.00000000,0.0000,1
3.009000,0.00000000,0.0000,1
3.010000,0.00000000,0.0000,1
3.010000,0.00000000,0.0000,1
3.011000,0.00000000,0.0000,1
3.012000,0.00000000,0.0000,1
3.013000,0.00000000,0.0000,1
3.014000,0.00000000,0.0000,1
3.015000,0.00000000,0.0000,1
3.015625,0.00000000,0.0000,1
3.016000,0.00000000,0.0000,1
3.017000,0.00000000,0.0000,1
3.018000,0.00000000,0.0000,1
3.019000,0.00000000,0.0000,1
3.020000,0.00000000,0.0000,1
3.020000,0.00000000,0.0000,1
3.021000,0.00000000,0.0000,1
3.022000,0.00000000,0.0000,1
3.023000,0.00000000,0.0000,1
3.024000,0.00000000,0.0000,1
3.025000,0.00000000,0.0000,1
3.026000,0.00000000,0.0000,1
3.027000,0.00000000,0.0000,1
3.028000,0.00000000,0.0000,1
3.029000,0.00000000,0.0000,1
3.030000,0.00000000,0.0000,1
3.030000,0.00000000,0.0000,1
3.031000,0.00000000,0.0000,1
3.031250,0.00000000,0.0000,1
3.032000,0.00000000,0.0000,1
3.033000,0.00000000,0.0000,1
3.034000,0.00000000,0.0000,1
3.035000,0.00000000,0.0000,1
3.036000,0.00000000,0.0000,1
3.037000,0.00000000,0.0000,1
3.038000,0.00000000,0.0000,1
3.039000,0.00000000,0.0000,1
3.040000,0.00000000,0.0000,1
3.040000,0.00000000,0.0000,1
3.041000,0.00000000,0.0000,1
3.042000,0.00000000,0.0000,1
3.043000,0.00000000,0.0000,1
3.044000,0.00000000,0.0000,1
3.045000,0.00000000,0.0000,1
3.046000,0.00000000,0.0000,1
3.046875,0.00000000,0.0000,1
3.047000,0.00000000,0.0000,1
3.048000,0.00000000,0.0000,1
3.049000,0.00000000,0.0000,1
3.050000,0.00000000,0.0000,1
3.050000,0.00000000,0.0000,1
3.051000,0.00000000,0.0000,1
3.052000,0.00000000,0.0000,1
3.053000,0.00000000,0.0000,1
3.054000,0.00000000,0.0000,1
3.055000,0.00000000,0.0000,1
3.056000,0.00000000,0.0000,1
3.057000,0.00000000,0.0000,1
3.058000,0.00000000,0.0000,1
3.059000,0.00000000,0.0000,1
3.060000,0.00000000,0.0000,1
3.060000,0.00000000,0.0000,1
3.061000,0.00000000,0.0000,1
3.062000,0.00000000,0.0000,1
3.062500,0.00000000,0.0000,1
3.063000,0.00000000,0.0000,1
3.064000,0.00000000,0.0000,1
3.065000,0.00000000,0.0000,1
3.066000,0.00000000,0.0000,1
3.067000,0.00000000,0.0000,1
3.068000,0.00000000,0.0000,1
3.069000,0.00000000,0.0000,1
3.070000,0.00000000,0.0000,1
3.070000,0.00000000,0.0000,1
3.071000,0.00000000,0.0000,1
3.072000,0.00000000,0.0000,1
3.073000,0.00000000,0.0000,1
3.074000,0.00000000,0.0000,1
3.075000,0.00000000,0.0000,1
3.076000,0.00000000,0.0000,1
3.077000,0.00000000,0.0000,1
3.078000,0.00000000,0.0000,1
3.078125,0.00000000,0.0000,1
3.079000,0.00000000,0.0000,1
3.080000,0.00000000,0.0000,1
3.080000,0.00000000,0.0000,1
3.081000,0.00000000,0.0000,1
3.082000,0.00000000,0.0000,1
3.083000,0.00000000,0.0000,1
3.084000,0.00000000,0.0000,1
3.085000,0.00000000,0.0000,1
3.086000,0.00000000,0.0000,1
3.087000,0.00000000,0.0000,1
3.088000,0.00000000,0.0000,1
3.089000,0.00000000,0.0000,1
3.090000,0.00000000,0.0000,1
3.090000,0.00000000,0.0000,1
3.091000,0.00000000,0.0000,1
3.092000,0.00000000,0.0000,1
3.093000,0.00000000,0.0000,1
3.093750,0.00000000,0.0000,1
3.094000,0.00000000,0.0000,1
3.095000,0.00000000,0.0000,1
3.096000,0.00000000,0.0000,1
3.097000,0.00000000,0.0000,1
3.098000,0.00000000,0.0000,1
3.099000,0.00000000,0.0000,1
3.100000,0.00000000,0.0000,1
3.100000,0.00000000,0.0000,1
3.101000,0.00000000,0.0000,1
3.102000,0.00000000,0.0000,1
3.103000,0.00000000,0.0000,1
3.104000,0.00000000,0.0000,1
3.105000,0.00000000,0.0000,1
3.106000,0.00000000,0.0000,1
3.107000,0.00000000,0.0000,1
3.108000,0.00000000,0.0000,1
3.109000,0.00000000,0.0000,1
3.109375,0.00000000,0.0000,1
3.110000,0.00000000,0.0000,1
3.110000,0.00000000,0.0000,1
3.111000,0.00000000,0.0000,1
3.112000,0.00000000,0.0000,1
3.113000,0.00000000,0.0000,1
3.114000,0.00000000,0.0000,1
3.115000,0.00000000,0.0000,1
3.116000,0.00000000,0.0000,1
3.117000,0.00000000,0.0000,1
3.118000,0.00000000,0.0000,1
3.119000,0.00000000,0.0000,1
3.120000,0.00000000,0.0000,1
3.120000,0.00000000,0.0000,1
3.121000,0.00000000,0.0000,1
3.122000,0.00000000,0.0000,1
3.123000,0.00000000,0.0000,1
3.124000,0.00000000,0.0000,1
3.125000,0.00000000,0.0000,1
3.126000,0.00000000,0.0000,1
3.127000,0.00000000,0.0000,1
3.128000,0.00000000,0.0000,1
3.129000,0.00000000,0.0000,1
3.130000,0.00000000,0.0000,1
3.130000,0.00000000,0.0000,1
3.131000,0.00000000,0.0000,1
3.132000,0.00000000,0.0000,1
3.133000,0.00000000,0.0000,1
3.134000,0.00000000,0.0000,1
3.135000,0.00000000,0.0000,1
3.136000,0.00000000,0.0000,1
3.137000,0.00000000,0.0000,1
3.138000,0.00000000,0.0000,1
3.139000,0.00000000,0.0000,1
3.140000,0.00000000,0.0000,1
3.140000,0.00000000,0.0000,1
3.140625,0.00000000,0.0000,1
3.141000,0.00000000,0.0000,1
3.142000,0.00000000,0.0000,1
3.143000,0.00000000,0.0000,1
3.144000,0.00000000,0.0000,1
3.145000,0.00000000,0.0000,1
3.146000,0.00000000,0.0000,1
3.147000,0.00000000,0.0000,1
3.148000,0.00000000,0.0000,1
3.149000,0.00000000,0.0000,1
3.150000,0.00000000,0.0000,1
3.150000,0.00000000,0.0000,1
3.151000,0.00000000,0.0000,1
3.152000,0.00000000,0.0000,1
3.153000,0.00000000,0.0000,1
3.154000,0.00000000,0.0000,1
3.155000,0.00000000,0.0000,1
3.156000,0.00000000,0.0000,1
3.156250,0.00000000,0.0000,1
3.157000,0.00000000,0.0000,1
3.158000,0.00000000,0.0000,1
3.159000,0.00000000,0.0000,1
3.160000,0.00000000,0.0000,1
3.160000,0.00000000,0.0000,1
3.161000,0.00000000,0.0000,1
3.162000,0.00000000,0.0000,1
3.163000,0.00000000,0.0000,1
3.164000,0.00000000,0.0000,1
3.165000,0.00000000,0.0000,1
3.166000,0.00000000,0.0000,1
3.167000,0.00000000,0.0000,1
3.168000,0.00000000,0.0000,1
3.169000,0.00000000,0.0000,1
3.170000,0.00000000,0.0000,1
3.170000,0.00000000,0.0000,1
3.171000,0.00000000,0.0000,1
3.171875,0.00000000,0.0000,1
3.172000,0.00000000,0.0000,1
3.173000,0.00000000,0.0000,1
3.174000,0.00000000,0.0000,1
3.175000,0.00000000,0.0000,1
3.176000,0.00000000,0.0000,1
3.177000,0.00000000,0.0000,1
3.178000,0.00000000,0.0000,1
3.179000,0.00000000,0.0000,1
3.180000,0.00000000,0.0000,1
3.180000,0.00000000,0.0000,1
3.181000,0.00000000,0.0000,1
3.182000,0.00000000,0.0000,1
3.183000,0.00000000,0.0000,1
3.184000,0.00000000,0.0000,1
3.185000,0.00000000,0.0000,1
3.186000,0.00000000,0.0000,1
3.187000,0.00000000,0.0000,1
3.187500,0.00000000,0.0000,1
3.188000,0.00000000,0.0000,1
3.189000,0.00000000,0.0000,1
3.190000,0.00000000,0.0000,1
3.190000,0.00000000,0.0000,1
3.191000,0.00000000,0.0000,1
3.192000,0.00000000,0.0000,1
3.193000,0.00000000,0.0000,1
3.194000,0.00000000,0.0000,1
3.195000,0.00000000,0.0000,1
3.196000,0.00000000,0.0000,1
3.197000,0.00000000,0.0000,1
3.198000,0.00000000,0.0000,1
3.199000,0.00000000,0.0000,1
3.200000,0.00000000,0.0000,1
3.200000,0.00000000,0.0000,1
3.201000,0.00000000,0.0000,1
3.202000,0.00000000,0.0000,1
3.203000,0.00000000,0.0000,1
3.203125,0.00000000,0.0000,1
3.204000,0.00000000,0.0000,1
3.205000,0.00000000,0.0000,1
3.206000,0.00000000,0.0000,1
3.207000,0.00000000,0.0000,1
3.208000,0.00000000,0.0000,1
3.209000,0.00000000,0.0000,1
3.210000,0.00000000,0.0000,1
3.210000,0.00000000,0.0000,1
3.211000,0.00000000,0.0000,1
3.212000,0.00000000,0.0000,1
3.213000,0.00000000,0.0000,1
3.214000,0.00000000,0.0000,1
3.215000,0.00000000,0.0000,1
3.216000,0.00000000,0.0000,1
3.217000,0.00000000,0.0000,1
3.218000,0.00000000,0.0000,1
3.218750,0.00000000,0.0000,1
3.219000,0.00000000,0.0000,1
3.220000,0.00000000,0.0000,1
3.220000,0.00000000,0.0000,1
3.221000,0.00000000,0.0000,1
3.222000,0.00000000,0.0000,1
3.223000,0.00000000,0.0000,1
3.224000,0.00000000,0.0000,1
3.225000,0.00000000,0.0000,1
3.226000,0.00000000,0.0000,1
3.227000,0.00000000,0.0000,1
3.228000,0.00000000,0.0000,1
3.229000,0.00000000,0.0000,1
3.230000,0.00000000,0.0000,1
3.230000,0.00000000,0.0000,1
3.231000,0.00000000,0.0000,1
3.232000,0.00000000,0.0000,1
3.233000,0.00000000,0.0000,1
3.234000,0.00000000,0.0000,1
3.234375,0.00000000,0.0000,1
3.235000,0.00000000,0.0000,1
3.236000,0.00000000,0.0000,1
3.237000,0.00000000,0.0000,1
3.238000,0.00000000,0.0000,1
3.239000,0.00000000,0.0000,1
3.240000,0.00000000,0.0000,1
3.240000,0.00000000,0.0000,1
3.241000,0.00000000,0.0000,1
3.242000,0.00000000,0.0000,1
3.243000,0.00000000,0.0000,1
3.244000,0.00000000,0.0000,1
3.245000,0.00000000,0.0000,1
3.246000,0.00000000,0.0000,1
3.247000,0.00000000,0.0000,1
3.248000,0.00000000,0.0000,1
3.249000,0.00000000,0.0000,1
3.250000,0.00000000,0.0000,1
3.250000,0.00000000,0.0000,1
3.251000,0.00000000,0.0000,1
3.252000,0.00000000,0.0000,1
3.253000,0.00000000,0.0000,1
3.254000,0.00000000,0.0000,1
3.255000,0.00000000,0.0000,1
3.256000,0.00000000,0.0000,1
3.257000,0.00000000,0.0000,1
3.258000,0.00000000,0.0000,1
3.259000,0.00000000,0.0000,1
3.260000,0.00000000,0.0000,1
3.260000,0.00000000,0.0000,1
3.261000,0.00000000,0.0000,1
3.262000,0.00000000,0.0000,1
3.263000,0.00000000,0.0000,1
3.264000,0.00000000,0.0000,1
3.265000,0.00000000,0.0000,1
3.265625,0.00000000,0.0000,1
3.266000,0.00000000,0.0000,1
3.267000,0.00000000,0.0000,1
3.268000,0.00000000,0.0000,1
3.269000,0.00000000,0.0000,1
3.270000,0.00000000,0.0000,1
3.270000,0.00000000,0.0000,1
3.271000,0.00000000,0.0000,1
3.272000,0.00000000,0.0000,1
3.273000,0.00000000,0.0000,1
3.274000,0.00000000,0.0000,1
3.275000,0.00000000,0.0000,1
3.276000,0.00000000,0.0000,1
3.277000,0.00000000,0.0000,1
3.278000,0.00000000,0.0000,1
3.279000,0.00000000,0.0000,1
3.280000,0.00000000,0.0000,1
3.280000,0.00000000,0.0000,1
3.281000,0.00000000,0.0000,1
3.281250,0.00000000,0.0000,1
3.282000,0.00000000,0.0000,1
3.283000,0.00000000,0.0000,1
3.284000,0.00000000,0.0000,1
3.285000,0.00000000,0.0000,1
3.286000,0.00000000,0.0000,1
3.287000,0.00000000,0.0000,1
3.288000,0.00000000,0.0000,1
3.289000,0.00000000,0.0000,1
3.290000,0.00000000,0.0000,1
3.290000,0.00000000,0.0000,1
3.291000,0.00000000,0.0000,1
3.292000,0.00000000,0.0000,1
3.293000,0.00000000,0.0000,1
3.294000,0.00000000,0.0000,1
3.295000,0.00000000,0.0000,1
3.296000,0.00000000,0.0000,1
3.296875,0.00000000,0.0000,1
3.297000,0.00000000,0.0000,1
3.298000,0.00000000,0.0000,1
3.299000,0.00000000,0.0000,1
3.300000,0.00000000,0.0000,1
3.300000,0.00000000,0.0000,1
3.301000,0.00000000,0.0000,1
3.302000,0.00000000,0.0000,1
3.303000,0.00000000,0.0000,1
3.304000,0.00000000,0.0000,1
3.305000,0.00000000,0.0000,1
3.306000,0.00000000,0.0000,1
3.307000,0.00000000,0.0000,1
3.308000,0.00000000,0.0000,1
3.309000,0.00000000,0.0000,1
3.310000,0.00000000,0.0000,1
3.310000,0.00000000,0.0000,1
3.311000,0.00000000,0.0000,1
3.312000,0.00000000,0.0000,1
3.312500,0.00000000,0.0000,1
3.313000,0.00000000,0.0000,1
3.314000,0.00000000,0.0000,1
3.315000,0.00000000,0.0000,1
3.316000,0.00000000,0.0000,1
3.317000,0.00000000,0.0000,1
3.318000,0.00000000,0.0000,1
3.319000,0.00000000,0.0000,1
3.320000,0.00000000,0.0000,1
3.320000,0.00000000,0.0000,1
3.321000,0.00000000,0.0000,1
3.322000,0.00000000,0.0000,1
3.323000,0.00000000,0.0000,1
3.324000,0.00000000,0.0000,1
3.325000,0.00000000,0.0000,1
3.326000,0.00000000,0.0000,1
3.327000,0.00000000,0.0000,1
3.328000,0.00000000,0.0000,1
3.328125,0.00000000,0.0000,1
3.329000,0.00000000,0.0000,1
3.330000,0.00000000,0.0000,1
3.330000,0.00000000,0.0000,1
3.331000,0.00000000,0.0000,1
3.332000,0.00000000,0.0000,1
3.333000,0.00000000,0.0000,1
3.334000,0.00000000,0.0000,1
3.335000,0.00000000,0.0000,2
3.336000,0.00000000,0.0000,2
3.337000,0.00000000,0.0000,2
3.338000,0.00000000,0.0000,2
3.339000,0.00000000,0.0000,2
3.340000,0.00000000,0.0000,2
3.340000,0.00000000,0.0000,2
3.341000,0.00000000,0.0000,2
3.342000,0.00000000,0.0000,2
3.343000,0.00000000,0.0000,2
3.343750,0.00000000,0.0000,2
3.344000,0.00000000,0.0000,2
3.345000,0.00000000,0.0000,2
3.346000,0.00000000,0.0000,2
3.347000,0.00000000,0.0000,2
3.348000,0.00000000,0.0000,2
3.349000,0.00000000,0.0000,2
3.350000,0.00000000,0.0000,2
3.350000,0.00000000,0.0000,2
3.351000,0.00000000,0.0000,2
3.352000,0.00000000,0.0000,2
3.353000,0.00000000,0.0000,2
3.354000,0.00000000,0.0000,2
3.355000,0.00000000,0.0000,2
3.356000,0.00000000,0.0000,2
3.357000,0.00000000,0.0000,2
3.358000,0.00000000,0.0000,2
3.359000,0.00000000,0.0000,2
3.359375,0.00000000,0.0000,2
3.360000,0.00000000,0.0000,2
3.360000,0.00000000,0.0000,2
3.361000,0.00000000,0.0000,2
3.362000,0.00000000,0.0000,2
3.363000,0.00000000,0.0000,2
3.364000,0.00000000,0.0000,2
3.365000,0.00000000,0.0000,2
3.366000,0.00000000,0.0000,2
3.367000,0.00000000,0.0000,2
3.368000,0.00000000,0.0000,2
3.369000,0.00000000,0.0000,2
3.370000,0.00000000,0.0000,2
3.370000,0.00000000,0.0000,2
3.371000,0.00000000,0.0000,2
3.372000,0.00000000,0.0000,2
3.373000,0.00000000,0.0000,2
3.374000,0.00000000,0.0000,2
3.375000,0.00000000,0.0000,2
3.376000,0.00000000,0.0000,2
3.377000,0.00000000,0.0000,2
3.378000,0.00000000,0.0000,2
3.379000,0.00000000,0.0000,2
3.380000,0.00000000,0.0000,2
3.380000,0.00000000,0.0000,2
3.381000,0.00000000,0.0000,2
3.382000,0.00000000,0.0000,2
3.383000,0.00000000,0.0000,2
3.384000,0.00000000,0.0000,2
3.385000,0.00000000,0.0000,2
3.386000,0.00000000,0.0000,2
3.387000,0.00000000,0.0000,2
3.388000,0.00000000,0.0000,2
3.389000,0.00000000,0.0000,2
3.390000,0.00000000,0.0000,1
3.390000,0.00000000,0.0000,1
3.390625,0.00000000,0.0000,1
3.391000,0.00000000,0.0000,1
3.392000,0.00000000,0.0000,1
3.393000,0.00000000,0.0000,2
3.394000,0.00000000,0.0000,2
3.395000,0.00000000,0.0000,2
3.396000,0.00000000,0.0000,1
3.397000,0.00000000,0.0000,2
3.398000,0.00000000,0.0000,2
3.399000,0.00000000,0.0000,2
3.400000,0.00000000,0.0000,2
3.400000,0.00000000,0.0000,2
3.401000,0.00000000,0.0000,1
3.402000,0.00000000,0.0000,1
3.403000,0.00000000,0.0000,2
3.404000,0.00000000,0.0000,2
3.405000,0.00000000,0.0000,2
3.406000,0.00000000,0.0000,2
3.406250,0.00000000,0.0000,2
3.407000,0.00000000,0.0000,2
3.408000,0.00000000,0.0000,2
3.409000,0.00000000,0.0000,2
3.410000,0.00000000,0.0000,2
3.410000,0.00000000,0.0000,2
3.411000,0.00000000,0.0000,2
3.412000,0.00000000,0.0000,1
3.413000,0.00000000,0.0000,2
3.414000,0.00000000,0.0000,2
3.415000,0.00000000,0.0000,2
3.416000,0.00000000,0.0000,2
3.417000,0.00000000,0.0000,2
3.418000,0.00000000,0.0000,2
3.419000,0.00000000,0.0000,2
3.420000,0.00000000,0.0000,2
3.420000,0.00000000,0.0000,2
3.421000,0.00000000,0.0000,1
3.421875,0.00000000,0.0000,2
3.422000,0.00000000,0.0000,2
3.423000,0.00000000,0.0000,2
3.424000,0.00000000,0.0000,2
3.425000,0.00000000,0.0000,2
3.426000,0.00000000,0.0000,2
3.427000,0.00000000,0.0000,1
3.428000,0.00000000,0.0000,1
3.429000,0.00000000,0.0000,2
3.430000,0.00000000,0.0000,2
3.430000,0.00000000,0.0000,2
3.431000,0.00000000,0.0000,2
3.432000,0.00000000,0.0000,1
3.433000,0.00000000,0.0000,1
3.434000,0.00000000,0.0000,1
3.435000,0.00000000,0.0000,1
3.436000,0.00000000,0.0000,1
3.437000,0.00000000,0.0000,2
3.437500,0.00000000,0.0000,2
3.438000,0.00000000,0.0000,2
3.439000,0.00000000,0.0000,2
3.440000,0.00000000,0.0000,1
3.440000,0.00000000,0.0000,1
3.441000,0.00000000,0.0000,1
3.442000,0.00000000,0.0000,1
3.443000,0.00000000,0.0000,1
3.444000,0.00000000,0.0000,1
3.445000,0.00000000,0.0000,1
3.446000,0.00000000,0.0000,2
3.447000,0.00000000,0.0000,2
3.448000,0.00000000,0.0000,2
3.449000,0.00000000,0.0000,1
3.450000,0.00000000,0.0000,1
3.450000,0.00000000,0.0000,1
3.451000,0.00000000,0.0000,1
3.452000,0.00000000,0.0000,1
3.453000,0.00000000,0.0000,2
3.453125,0.00000000,0.0000,2
3.454000,0.00000000,0.0000,2
3.455000,0.00000000,0.0000,2
3.456000,0.00000000,0.0000,1
3.457000,0.00000000,0.0000,1
3.458000,0.00000000,0.0000,1
3.459000,0.00000000,0.0000,2
3.460000,0.00000000,0.0000,2
3.460000,0.00000000,0.0000,2
3.461000,0.00000000,0.0000,2
3.462000,0.00000000,0.0000,1
3.463000,0.00000000,0.0000,1
3.464000,0.00000000,0.0000,1
3.465000,0.00000000,0.0000,1
3.466000,0.00000000,0.0000,1
3.467000,0.00000000,0.0000,1
3.468000,0.00000000,0.0000,2
3.468750,0.00000000,0.0000,2
3.469000,0.00000000,0.0000,2
3.470000,0.00000000,0.0000,1
3.470000,0.00000000,0.0000,1
3.471000,0.00000000,0.0000,1
3.472000,0.00000000,0.0000,1
3.473000,0.00000000,0.0000,1
3.474000,0.00000000,0.0000,1
3.475000,0.00000000,0.0000,1
3.476000,0.00000000,0.0000,1
3.477000,0.00000000,0.0000,1
3.478000,0.00000000,0.0000,1
3.479000,0.00000000,0.0000,1
3.480000,0.00000000,0.0000,1
3.480000,0.00000000,0.0000,1
3.481000,0.00000000,0.0000,1
3.482000,0.00000000,0.0000,1
3.483000,0.00000000,0.0000,1
3.484000,0.00000000,0.0000,1
3.484375,0.00000000,0.0000,1
3.485000,0.00000000,0.0000,1
3.486000,0.00000000,0.0000,1
3.487000,0.00000000,0.0000,1
3.488000,0.00000000,0.0000,1
3.489000,0.00000000,0.0000,1
3.490000,0.00000000,0.0000,1
3.490000,0.00000000,0.0000,1
3.491000,0.00000000,0.0000,1
3.492000,0.00000000,0.0000,1
3.493000,0.00000000,0.0000,1
3.494000,0.00000000,0.0000,1
3.495000,0.00000000,0.0000,1
3.496000,0.00000000,0.0000,1
3.497000,0.00000000,0.0000,1
3.498000,0.00000000,0.0000,1
3.499000,0.00000000,0.0000,1
3.500000,0.00000000,0.0000,1
3.500000,0.00000000,0.0000,1
3.501000,0.00000000,0.0000,1
3.502000,0.00000000,0.0000,1
3.503000,0.00000000,0.0000,1
3.504000,0.00000000,0.0000,1
3.505000,0.00000000,0.0000,1
3.506000,0.00000000,0.0000,1
3.507000,0.00000000,0.0000,1
3.508000,0.00000000,0.0000,1
3.509000,0.00000000,0.0000,1
3.510000,0.00000000,0.0000,1
3.510000,0.00000000,0.0000,1
3.511000,0.00000000,0.0000,1
3.512000,0.00000000,0.0000,1
3.513000,0.00000000,0.0000,1
3.514000,0.00000000,0.0000,1
3.515000,0.00000000,0.0000,1
3.515625,0.00000000,0.0000,1
3.516000,0.00000000,0.0000,1
3.517000,0.00000000,0.0000,1
3.518000,0.00000000,0.0000,1
3.519000,0.00000000,0.0000,1
3.520000,0.00000000,0.0000,1
3.520000,0.00000000,0.0000,1
3.521000,0.00000000,0.0000,1
3.522000,0.00000000,0.0000,1
3.523000,0.00000000,0.0000,1
3.524000,0.00000000,0.0000,1
3.525000,0.00000000,0.0000,1
3.526000,0.00000000,0.0000,1
3.527000,0.00000000,0.0000,1
3.528000,0.00000000,0.0000,1
3.529000,0.00000000,0.0000,1
3.530000,0.00000000,0.0000,1
3.530000,0.00000000,0.0000,1
3.531000,0.00000000,0.0000,1
3.531250,0.00000000,0.0000,1
3.532000,0.00000000,0.0000,1
3.533000,0.00000000,0.0000,1
3.534000,0.00000000,0.0000,1
3.535000,0.00000000,0.0000,1
3.536000,0.00000000,0.0000,1
3.537000,0.00000000,0.0000,1
3.538000,0.00000000,0.0000,1
3.539000,0.00000000,0.0000,1
3.540000,0.00000000,0.0000,1
3.540000,0.00000000,0.0000,1
3.541000,0.00000000,0.0000,1
3.542000,0.00000000,0.0000,1
3.543000,0.00000000,0.0000,1
3.544000,0.00000000,0.0000,1
3.545000,0.00000000,0.0000,1
3.546000,0.00000000,0.0000,1
3.546875,0.00000000,0.0000,1
3.547000,0.00000000,0.0000,1
3.548000,0.00000000,0.0000,1
3.549000,0.00000000,0.0000,1
3.550000,0.00000000,0.0000,1
3.550000,0.00000000,0.0000,1
3.551000,0.00000000,0.0000,1
3.552000,0.00000000,0.0000,1
3.553000,0.00000000,0.0000,1
3.554000,0.00000000,0.0000,1
3.555000,0.00000000,0.0000,1
3.556000,0.00000000,0.0000,1
3.557000,0.00000000,0.0000,1
3.558000,0.00000000,0.0000,1
3.559000,0.00000000,0.0000,1
3.560000,0.00000000,0.0000,1
3.560000,0.00000000,0.0000,1
3.561000,0.00000000,0.0000,1
3.562000,0.00000000,0.0000,1
3.562500,0.00000000,0.0000,1
3.563000,0.00000000,0.0000,1
3.564000,0.00000000,0.0000,1
3.565000,0.00000000,0.0000,1
3.566000,0.00000000,0.0000,1
3.567000,0.00000000,0.0000,1
3.568000,0.00000000,0.0000,1
3.569000,0.00000000,0.0000,1
3.570000,0.00000000,0.0000,1
3.570000,0.00000000,0.0000,1
3.571000,0.00000000,0.0000,1
3.572000,0.00000000,0.0000,1
3.573000,0.00000000,0.0000,1
3.574000,0.00000000,0.0000,1
3.575000,0.00000000,0.0000,1
3.576000,0.00000000,0.0000,1
3.577000,0.00000000,0.0000,1
3.578000,0.00000000,0.0000,1
3.578125,0.00000000,0.0000,1
3.579000,0.00000000,0.0000,1
3.580000,0.00000000,0.0000,1
3.580000,0.00000000,0.0000,1
3.581000,0.00000000,0.0000,1
3.582000,0.00000000,0.0000,1
3.583000,0.00000000,0.0000,1
3.584000,0.00000000,0.0000,1
3.585000,0.00000000,0.0000,1
3.586000,0.00000000,0.0000,1
3.587000,0.00000000,0.0000,1
3.588000,0.00000000,0.0000,1
3.589000,0.00000000,0.0000,1
3.590000,0.00000000,0.0000,1
3.590000,0.00000000,0.0000,1
3.591000,0.00000000,0.0000,1
3.592000,0.00000000,0.0000,1
3.593000,0.00000000,0.0000,1
3.593750,0.00000000,0.0000,1
3.594000,0.00000000,0.0000,1
3.595000,0.00000000,0.0000,1
3.596000,0.00000000,0.0000,1
3.597000,0.00000000,0.0000,1
3.598000,0.00000000,0.0000,1
3.599000,0.00000000,0.0000,1
3.600000,0.00000000,0.0000,1
3.600000,0.00000000,0.0000,1
3.601000,0.00000000,0.0000,1
3.602000,0.00000000,0.0000,1
3.603000,0.00000000,0.0000,1
3.604000,0.00000000,0.0000,1
3.605000,0.00000000,0.0000,1
3.606000,0.00000000,0.0000,1
3.607000,0.00000000,0.0000,1
3.608000,0.00000000,0.0000,1
3.609000,0.00000000,0.0000,1
3.609375,0.00000000,0.0000,1
3.610000,0.00000000,0.0000,1
3.610000,0.00000000,0.0000,1
3.611000,0.00000000,0.0000,1
3.612000,0.00000000,0.0000,1
3.613000,0.00000000,0.0000,1
3.614000,0.00000000,0.0000,1
3.615000,0.00000000,0.0000,1
3.616000,0.00000000,0.0000,1
3.617000,0.00000000,0.0000,1
3.618000,0.00000000,0.0000,1
3.619000,0.00000000,0.0000,1
3.620000,0.00000000,0.0000,1
3.620000,0.00000000,0.0000,1
3.621000,0.00000000,0.0000,1
3.622000,0.00000000,0.0000,1
3.623000,0.00000000,0.0000,1
3.624000,0.00000000,0.0000,1
3.625000,0.00000000,0.0000,1
3.626000,0.00000000,0.0000,1
3.627000,0.00000000,0.0000,1
3.628000,0.00000000,0.0000,1
3.629000,0.00000000,0.0000,1
3.630000,0.00000000,0.0000,1
3.630000,0.00000000,0.0000,1
3.631000,0.00000000,0.0000,1
3.632000,0.00000000,0.0000,1
3.633000,0.00000000,0.0000,1
3.634000,0.00000000,0.0000,1
3.635000,0.00000000,0.0000,1
3.636000,0.00000000,0.0000,1
3.637000,0.00000000,0.0000,1
3.638000,0.00000000,0.0000,1
3.639000,0.00000000,0.0000,1
3.640000,0.00000000,0.0000,1
3.640000,0.00000000,0.0000,1
3.640625,0.00000000,0.0000,1
3.641000,0.00000000,0.0000,1
3.642000,0.00000000,0.0000,1
3.643000,0.00000000,0.0000,1
3.644000,0.00000000,0.0000,1
3.645000,0.00000000,0.0000,1
3.646000,0.00000000,0.0000,1
3.647000,0.00000000,0.0000,1
3.648000,0.00000000,0.0000,1
3.649000,0.00000000,0.0000,1
3.650000,0.00000000,0.0000,1
3.650000,0.00000000,0.0000,1
3.651000,0.00000000,0.0000,1
3.652000,0.00000000,0.0000,1
3.653000,0.00000000,0.0000,1
3.654000,0.00000000,0.0000,1
3.655000,0.00000000,0.0000,1
3.656000,0.00000000,0.0000,1
3.656250,0.00000000,0.0000,1
3.657000,0.00000000,0.0000,1
3.658000,0.00000000,0.0000,1
3.659000,0.00000000,0.0000,1
3.660000,0.00000000,0.0000,1
3.660000,0.00000000,0.0000,1
3.661000,0.00000000,0.0000,1
3.662000,0.00000000,0.0000,1
3.663000,0.00000000,0.0000,1
3.664000,0.00000000,0.0000,1
3.665000,0.00000000,0.0000,1
3.666000,0.00000000,0.0000,1
3.667000,0.00000000,0.0000,1
3.668000,0.00000000,0.0000,1
3.669000,0.00000000,0.0000,1
3.670000,0.00000000,0.0000,1
3.670000,0.00000000,0.0000,1
3.671000,0.00000000,0.0000,1
3.671875,0.00000000,0.0000,1
3.672000,0.00000000,0.0000,1
3.673000,0.00000000,0.0000,1
3.674000,0.00000000,0.0000,1
3.675000,0.00000000,0.0000,1
3.676000,0.00000000,0.0000,1
3.677000,0.00000000,0.0000,1
3.678000,0.00000000,0.0000,1
3.679000,0.00000000,0.0000,1
3.680000,0.00000000,0.0000,1
3.680000,0.00000000,0.0000,1
3.681000,0.00000000,0.0000,1
3.682000,0.00000000,0.0000,1
3.683000,0.00000000,0.0000,1
3.684000,0.00000000,0.0000,1
3.685000,0.00000000,0.0000,1
3.686000,0.00000000,0.0000,1
3.687000,0.00000000,0.0000,1
3.687500,0.00000000,0.0000,1
3.688000,0.00000000,0.0000,1
3.689000,0.00000000,0.0000,1
3.690000,0.00000000,0.0000,1
3.690000,0.00000000,0.0000,1
3.691000,0.00000000,0.0000,1
3.692000,0.00000000,0.0000,1
3.693000,0.00000000,0.0000,1
3.694000,0.00000000,0.0000,1
3.695000,0.00000000,0.0000,1
3.696000,0.00000000,0.0000,1
3.697000,0.00000000,0.0000,1
3.698000,0.00000000,0.0000,1
3.699000,0.00000000,0.0000,1
3.700000,0.00000000,0.0000,1
3.700000,0.00000000,0.0000,1
3.701000,0.00000000,0.0000,1
3.702000,0.00000000,0.0000,1
3.703000,0.00000000,0.0000,1
3.703125,0.00000000,0.0000,1
3.704000,0.00000000,0.0000,1
3.705000,0.00000000,0.0000,1
3.706000,0.00000000,0.0000,1
3.707000,0.00000000,0.0000,1
3.708000,0.00000000,0.0000,1
3.709000,0.00000000,0.0000,1
3.710000,0.00000000,0.0000,1
3.710000,0.00000000,0.0000,1
3.711000,0.00000000,0.0000,1
3.712000,0.00000000,0.0000,1
3.713000,0.00000000,0.0000,1
3.714000,0.00000000,0.0000,1
3.715000,0.00000000,0.0000,1
3.716000,0.00000000,0.0000,1
3.717000,0.00000000,0.0000,1
3.718000,0.00000000,0.0000,1
3.718750,0.00000000,0.0000,1
3.719000,0.00000000,0.0000,1
3.720000,0.00000000,0.0000,1
3.720000,0.00000000,0.0000,1
3.721000,0.00000000,0.0000,1
3.722000,0.00000000,0.0000,1
3.723000,0.00000000,0.0000,1
3.724000,0.00000000,0.0000,1
3.725000,0.00000000,0.0000,1
3.726000,0.00000000,0.0000,1
3.727000,0.00000000,0.0000,1
3.728000,0.00000000,0.0000,1
3.729000,0.00000000,0.0000,1
3.730000,0.00000000,0.0000,1
3.730000,0.00000000,0.0000,1
3.731000,0.00000000,0.0000,1
3.732000,0.00000000,0.0000,1
3.733000,0.00000000,0.0000,1
3.734000,0.00000000,0.0000,1
3.734375,0.00000000,0.0000,1
3.735000,0.00000000,0.0000,1
3.736000,0.00000000,0.0000,1
3.737000,0.00000000,0.0000,1
3.738000,0.00000000,0.0000,1
3.739000,0.00000000,0.0000,1
3.740000,0.00000000,0.0000,1
3.740000,0.00000000,0.0000,1
3.741000,0.00000000,0.0000,1
3.742000,0.00000000,0.0000,1
3.743000,0.00000000,0.0000,1
3.744000,0.00000000,0.0000,1
3.745000,0.00000000,0.0000,1
3.746000,0.00000000,0.0000,1
3.747000,0.00000000,0.0000,1
3.748000,0.00000000,0.0000,1
3.749000,0.00000000,0.0000,1
3.750000,0.00000000,0.0000,1
3.750000,0.00000000,0.0000,1
3.751000,0.00000000,0.0000,1
3.752000,0.00000000,0.0000,1
3.753000,0.00000000,0.0000,1
3.754000,0.00000000,0.0000,1
3.755000,0.00000000,0.0000,1
3.756000,0.00000000,0.0000,1
3.757000,0.00000000,0.0000,1
3.758000,0.00000000,0.0000,1
3.759000,0.00000000,0.0000,1
3.760000,0.00000000,0.0000,1
3.760000,0.00000000,0.0000,1
3.761000,0.00000000,0.0000,1
3.762000,0.00000000,0.0000,1
3.763000,0.00000000,0.0000,1
3.764000,0.00000000,0.0000,1
3.765000,0.00000000,0.0000,1
3.765625,0.00000000,0.0000,1
3.766000,0.00000000,0.0000,1
3.767000,0.00000000,0.0000,1
3.768000,0.00000000,0.0000,1
3.769000,0.00000000,0.0000,1
3.770000,0.00000000,0.0000,1
3.770000,0.00000000,0.0000,1
3.771000,0.00000000,0.0000,1
3.772000,0.00000000,0.0000,1
3.773000,0.00000000,0.0000,1
3.774000,0.00000000,0.0000,1
3.775000,0.00000000,0.0000,1
3.776000,0.00000000,0.0000,1
3.777000,0.00000000,0.0000,1
3.778000,0.00000000,0.0000,1
3.779000,0.00000000,0.0000,1
3.780000,0.00000000,0.0000,1
3.780000,0.00000000,0.0000,1
3.781000,0.00000000,0.0000,1
3.781250,0.00000000,0.0000,1
3.782000,0.00000000,0.0000,1
3.783000,0.00000000,0.0000,1
3.784000,0.00000000,0.0000,1
3.785000,0.00000000,0.0000,1
3.786000,0.00000000,0.0000,1
3.787000,0.00000000,0.0000,1
3.788000,0.00000000,0.0000,1
3.789000,0.00000000,0.0000,1
3.790000,0.00000000,0.0000,1
3.790000,0.00000000,0.0000,1
3.791000,0.00000000,0.0000,1
3.792000,0.00000000,0.0000,1
3.793000,0.00000000,0.0000,1
3.794000,0.00000000,0.0000,1
3.795000,0.00000000,0.0000,1
3.796000,0.00000000,0.0000,1
3.796875,0.00000000,0.0000,1
3.797000,0.00000000,0.0000,1
3.798000,0.00000000,0.0000,1
3.799000,0.00000000,0.0000,1
3.800000,0.00000000,0.0000,1
3.800000,0.00000000,0.0000,1
3.801000,0.00000000,0.0000,1
3.802000,0.00000000,0.0000,1
3.803000,0.00000000,0.0000,1
3.804000,0.00000000,0.0000,1
3.805000,0.00000000,0.0000,1
3.806000,0.00000000,0.0000,1
3.807000,0.00000000,0.0000,1
3.808000,0.00000000,0.0000,1
3.809000,0.00000000,0.0000,1
3.810000,0.00000000,0.0000,1
3.810000,0.00000000,0.0000,1
3.811000,0.00000000,0.0000,1
3.812000,0.00000000,0.0000,1
3.812500,0.00000000,0.0000,1
3.813000,0.00000000,0.0000,1
3.814000,0.00000000,0.0000,1
3.815000,0.00000000,0.0000,1
3.816000,0.00000000,0.0000,1
3.817000,0.00000000,0.0000,1
3.818000,0.00000000,0.0000,1
3.819000,0.00000000,0.0000,1
3.820000,0.00000000,0.0000,1
3.820000,0.00000000,0.0000,1
3.821000,0.00000000,0.0000,1
3.822000,0.00000000,0.0000,1
3.823000,0.00000000,0.0000,1
3.824000,0.00000000,0.0000,1
3.825000,0.00000000,0.0000,1
3.826000,0.00000000,0.0000,1
3.827000,0.00000000,0.0000,1
3.828000,0.00000000,0.0000,1
3.828125,0.00000000,0.0000,1
3.829000,0.00000000,0.0000,1
3.830000,0.00000000,0.0000,1
3.830000,0.00000000,0.0000,1
3.831000,0.00000000,0.0000,1
3.832000,0.00000000,0.0000,1
3.833000,0.00000000,0.0000,1
3.834000,0.00000000,0.0000,1
3.835000,0.00000000,0.0000,1
3.836000,0.00000000,0.0000,1
3.837000,0.00000000,0.0000,1
3.838000,0.00000000,0.0000,1
3.839000,0.00000000,0.0000,1
3.840000,0.00000000,0.0000,1
3.840000,0.00000000,0.0000,1
3.841000,0.00000000,0.0000,1
3.842000,0.00000000,0.0000,1
3.843000,0.00000000,0.0000,1
3.843750,0.00000000,0.0000,1
3.844000,0.00000000,0.0000,1
3.845000,0.00000000,0.0000,1
3.846000,0.00000000,0.0000,1
3.847000,0.00000000,0.0000,1
3.848000,0.00000000,0.0000,1
3.849000,0.00000000,0.0000,1
3.850000,0.00000000,0.0000,1
3.850000,0.00000000,0.0000,1
3.851000,0.00000000,0.0000,1
3.852000,0.00000000,0.0000,1
3.853000,0.00000000,0.0000,1
3.854000,0.00000000,0.0000,1
3.855000,0.00000000,0.0000,1
3.856000,0.00000000,0.0000,1
3.857000,0.00000000,0.0000,1
3.858000,0.00000000,0.0000,1
3.859000,0.00000000,0.0000,1
3.859375,0.00000000,0.0000,1
3.860000,0.00000000,0.0000,1
3.860000,0.00000000,0.0000,1
3.861000,0.00000000,0.0000,1
3.862000,0.00000000,0.0000,1
3.863000,0.00000000,0.0000,1
3.864000,0.00000000,0.0000,1
3.865000,0.00000000,0.0000,1
3.866000,0.00000000,0.0000,1
3.867000,0.00000000,0.0000,1
3.868000,0.00000000,0.0000,1
3.869000,0.00000000,0.0000,1
3.870000,0.00000000,0.0000,1
3.870000,0.00000000,0.0000,1
3.871000,0.00000000,0.0000,1
3.872000,0.00000000,0.0000,1
3.873000,0.00000000,0.0000,1
3.874000,0.00000000,0.0000,1
3.875000,0.00000000,0.0000,1
3.876000,0.00000000,0.0000,1
3.877000,0.00000000,0.0000,1
3.878000,0.00000000,0.0000,1
3.879000,0.00000000,0.0000,1
3.880000,0.00000000,0.0000,1
3.880000,0.00000000,0.0000,1
3.881000,0.00000000,0.0000,1
3.882000,0.00000000,0.0000,1
3.883000,0.00000000,0.0000,1
3.884000,0.00000000,0.0000,1
3.885000,0.00000000,0.0000,1
3.886000,0.00000000,0.0000,1
3.887000,0.00000000,0.0000,1
3.888000,0.00000000,0.0000,1
3.889000,0.00000000,0.0000,1
3.890000,0.00000000,0.0000,1
3.890000,0.00000000,0.0000,1
3.890625,0.00000000,0.0000,1
3.891000,0.00000000,0.0000,1
3.892000,0.00000000,0.0000,1
3.893000,0.00000000,0.0000,1
3.894000,0.00000000,0.0000,1
3.895000,0.00000000,0.0000,1
3.896000,0.00000000,0.0000,1
3.897000,0.00000000,0.0000,1
3.898000,0.00000000,0.0000,1
3.899000,0.00000000,0.0000,1
3.900000,0.00000000,0.0000,1
3.900000,0.00000000,0.0000,1
3.901000,0.00000000,0.0000,1
3.902000,0.00000000,0.0000,1
3.903000,0.00000000,0.0000,1
3.904000,0.00000000,0.0000,1
3.905000,0.00000000,0.0000,1
3.906000,0.00000000,0.0000,1
3.906250,0.00000000,0.0000,1
3.907000,0.00000000,0.0000,1
3.908000,0.00000000,0.0000,1
3.909000,0.00000000,0.0000,1
3.910000,0.00000000,0.0000,1
3.910000,0.00000000,0.0000,1
3.911000,0.00000000,0.0000,1
3.912000,0.00000000,0.0000,1
3.913000,0.00000000,0.0000,1
3.914000,0.00000000,0.0000,1
3.915000,0.00000000,0.0000,1
3.916000,0.00000000,0.0000,1
3.917000,0.00000000,0.0000,1
3.918000,0.00000000,0.0000,1
3.919000,0.00000000,0.0000,1
3.920000,0.00000000,0.0000,1
3.920000,0.00000000,0.0000,1
3.921000,0.00000000,0.0000,1
3.921875,0.00000000,0.0000,1
3.922000,0.00000000,0.0000,1
3.923000,0.00000000,0.0000,1
3.924000,0.00000000,0.0000,1
3.925000,0.00000000,0.0000,1
3.926000,0.00000000,0.0000,1
3.927000,0.00000000,0.0000,1
3.928000,0.00000000,0.0000,1
3.929000,0.00000000,0.0000,1
3.930000,0.00000000,0.0000,1
3.930000,0.00000000,0.0000,1
3.931000,0.00000000,0.0000,1
3.932000,0.00000000,0.0000,1
3.933000,0.00000000,0.0000,1
3.934000,0.00000000,0.0000,1
3.935000,0.00000000,0.0000,1
3.936000,0.00000000,0.0000,1
3.937000,0.00000000,0.0000,1
3.937500,0.00000000,0.0000,1
3.938000,0.00000000,0.0000,1
3.939000,0.00000000,0.0000,1
3.940000,0.00000000,0.0000,1
3.940000,0.00000000,0.0000,1
3.941000,0.00000000,0.0000,1
3.942000,0.00000000,0.0000,1
3.943000,0.00000000,0.0000,1
3.944000,0.00000000,0.0000,1
3.945000,0.00000000,0.0000,1
3.946000,0.00000000,0.0000,1
3.947000,0.00000000,0.0000,1
3.948000,0.00000000,0.0000,1
3.949000,0.00000000,0.0000,1
3.950000,0.00000000,0.0000,1
3.950000,0.00000000,0.0000,1
3.951000,0.00000000,0.0000,1
3.952000,0.00000000,0.0000,1
3.953000,0.00000000,0.0000,1
3.953125,0.00000000,0.0000,1
3.954000,0.00000000,0.0000,1
3.955000,0.00000000,0.0000,1
3.956000,0.00000000,0.0000,1
3.957000,0.00000000,0.0000,1
3.958000,0.00000000,0.0000,1
3.959000,0.00000000,0.0000,1
3.960000,0.00000000,0.0000,1
3.960000,0.00000000,0.0000,1
3.961000,0.00000000,0.0000,1
3.962000,0.00000000,0.0000,1
3.963000,0.00000000,0.0000,1
3.964000,0.00000000,0.0000,1
3.965000,0.00000000,0.0000,1
3.966000,0.00000000,0.0000,1
3.967000,0.00000000,0.0000,1
3.968000,0.00000000,0.0000,1
3.968750,0.00000000,0.0000,1
3.969000,0.00000000,0.0000,1
3.970000,0.00000000,0.0000,1
3.970000,0.00000000,0.0000,1
3.971000,0.00000000,0.0000,1
3.972000,0.00000000,0.0000,1
3.973000,0.00000000,0.0000,1
3.974000,0.00000000,0.0000,1
3.975000,0.00000000,0.0000,1
3.976000,0.00000000,0.0000,1
3.977000,0.00000000,0.0000,1
3.978000,0.00000000,0.0000,1
3.979000,0.00000000,0.0000,1
3.980000,0.00000000,0.0000,1
3.980000,0.00000000,0.0000,1
3.981000,0.00000000,0.0000,1
3.982000,0.00000000,0.0000,1
3.983000,0.00000000,0.0000,1
3.984000,0.00000000,0.0000,1
3.984375,0.00000000,0.0000,1
3.985000,0.00000000,0.0000,1
3.986000,0.00000000,0.0000,1
3.987000,0.00000000,0.0000,1
3.988000,0.00000000,0.0000,1
3.989000,0.00000000,0.0000,1
3.990000,0.00000000,0.0000,1
3.990000,0.00000000,0.0000,1
3.991000,0.00000000,0.0000,1
3.992000,0.00000000,0.0000,1
3.993000,0.00000000,0.0000,1
3.994000,0.00000000,0.0000,1
3.995000,0.00000000,0.0000,1
3.996000,0.00000000,0.0000,1
3.997000,0.00000000,0.0000,1
3.998000,0.00000000,0.0000,1
3.999000,0.00000000,0.0000,1
4.000000,0.00000000,0.0000,1
4.000000,0.00000000,0.0000,1
4.001000,0.00000000,0.0000,1
4.002000,0.00000000,0.0000,1
4.003000,0.00000000,0.0000,1
4.004000,0.00000000,0.0000,1
4.005000,0.00000000,0.0000,1
4.006000,0.00000000,0.0000,1
4.007000,0.00000000,0.0000,1
4.008000,0.00000000,0.0000,1
4.009000,0.00000000,0.0000,1
4.010000,0.00000000,0.0000,1
4.010000,0.00000000,0.0000,1
4.011000,0.00000000,0.0000,1
4.012000,0.00000000,0.0000,1
4.013000,0.00000000,0.0000,1
4.014000,0.00000000,0.0000,1
4.015000,0.00000000,0.0000,1
4.015625,0.00000000,0.0000,1
4.016000,0.00000000,0.0000,1
4.017000,0.00000000,0.0000,1
4.018000,0.00000000,0.0000,1
4.019000,0.00000000,0.0000,1
4.020000,0.00000000,0.0000,1
4.020000,0.00000000,0.0000,1
4.021000,0.00000000,0.0000,1
4.022000,0.00000000,0.0000,1
4.023000,0.00000000,0.0000,1
4.024000,0.00000000,0.0000,1
4.025000,0.00000000,0.0000,1
4.026000,0.00000000,0.0000,1
4.027000,0.00000000,0.0000,1
4.028000,0.00000000,0.0000,1
4.029000,0.00000000,0.0000,1
4.030000,0.00000000,0.0000,1
4.030000,0.00000000,0.0000,1
4.031000,0.00000000,0.0000,1
4.031250,0.00000000,0.0000,1
4.032000,0.00000000,0.0000,1
4.033000,0.00000000,0.0000,1
4.034000,0.00000000,0.0000,1
4.035000,0.00000000,0.0000,1
4.036000,0.00000000,0.0000,1
4.037000,0.00000000,0.0000,1
4.038000,0.00000000,0.0000,1
4.039000,0.00000000,0.0000,1
4.040000,0.00000000,0.0000,1
4.040000,0.00000000,0.0000,1
4.041000,0.00000000,0.0000,1
4.042000,0.00000000,0.0000,1
4.043000,0.00000000,0.0000,1
4.044000,0.00000000,0.0000,1
4.045000,0.00000000,0.0000,1
4.046000,0.00000000,0.0000,1
4.046875,0.00000000,0.0000,1
4.047000,0.00000000,0.0000,1
4.048000,0.00000000,0.0000,1
4.049000,0.00000000,0.0000,1
4.050000,0.00000000,0.0000,1
4.050000,0.00000000,0.0000,1
4.051000,0.00000000,0.0000,1
4.052000,0.00000000,0.0000,1
4.053000,0.00000000,0.0000,1
4.054000,0.00000000,0.0000,1
4.055000,0.00000000,0.0000,1
4.056000,0.00000000,0.0000,1
4.057000,0.00000000,0.0000,1
4.058000,0.00000000,0.0000,1
4.059000,0.00000000,0.0000,1
4.060000,0.00000000,0.0000,1
4.060000,0.00000000,0.0000,1
4.061000,0.00000000,0.0000,1
4.062000,0.00000000,0.0000,1
4.062500,0.00000000,0.0000,1
4.063000,0.00000000,0.0000,1
4.064000,0.00000000,0.0000,1
4.065000,0.00000000,0.0000,1
4.066000,0.00000000,0.0000,1
4.067000,0.00000000,0.0000,1
4.068000,0.00000000,0.0000,1
4.069000,0.00000000,0.0000,1
4.070000,0.00000000,0.0000,1
4.070000,0.00000000,0.0000,1
4.071000,0.00000000,0.0000,1
4.072000,0.00000000,0.0000,1
4.073000,0.00000000,0.0000,1
4.074000,0.00000000,0.0000,1
4.075000,0.00000000,0.0000,1
4.076000,0.00000000,0.0000,1
4.077000,0.00000000,0.0000,1
4.078000,0.00000000,0.0000,1
4.078125,0.00000000,0.0000,1
4.079000,0.00000000,0.0000,1
4.080000,0.00000000,0.0000,1
4.080000,0.00000000,0.0000,1
4.081000,0.00000000,0.0000,1
4.082000,0.00000000,0.0000,1
4.083000,0.00000000,0.0000,1
4.084000,0.00000000,0.0000,1
4.085000,0.00000000,0.0000,1
4.086000,0.00000000,0.0000,1
4.087000,0.00000000,0.0000,1
4.088000,0.00000000,0.0000,1
4.089000,0.00000000,0.0000,1
4.090000,0.00000000,0.0000,1
4.090000,0.00000000,0.0000,1
4.091000,0.00000000,0.0000,1
4.092000,0.00000000,0.0000,1
4.093000,0.00000000,0.0000,1
4.093750,0.00000000,0.0000,1
4.094000,0.00000000,0.0000,1
4.095000,0.00000000,0.0000,1
4.096000,0.00000000,0.0000,1
4.097000,0.00000000,0.0000,1
4.098000,0.00000000,0.0000,1
4.099000,0.00000000,0.0000,1
4.100000,0.00000000,0.0000,1
4.100000,0.00000000,0.0000,1
4.101000,0.00000000,0.0000,1
4.102000,0.00000000,0.0000,1
4.103000,0.00000000,0.0000,1
4.104000,0.00000000,0.0000,1
4.105000,0.00000000,0.0000,1
4.106000,0.00000000,0.0000,1
4.107000,0.00000000,0.0000,1
4.108000,0.00000000,0.0000,1
4.109000,0.00000000,0.0000,1
4.109375,0.00000000,0.0000,1
4.110000,0.00000000,0.0000,1
4.110000,0.00000000,0.0000,1
4.111000,0.00000000,0.0000,1
4.112000,0.00000000,0.0000,1
4.113000,0.00000000,0.0000,1
4.114000,0.00000000,0.0000,1
4.115000,0.00000000,0.0000,1
4.116000,0.00000000,0.0000,1
4.117000,0.00000000,0.0000,1
4.118000,0.00000000,0.0000,1
4.119000,0.00000000,0.0000,1
4.120000,0.00000000,0.0000,1
4.120000,0.00000000,0.0000,1
4.121000,0.00000000,0.0000,1
4.122000,0.00000000,0.0000,1
4.123000,0.00000000,0.0000,1
4.124000,0.00000000,0.0000,1
4.125000,0.00000000,0.0000,1
4.126000,0.00000000,0.0000,1
4.127000,0.00000000,0.0000,1
4.128000,0.00000000,0.0000,1
4.129000,0.00000000,0.0000,1
4.130000,0.00000000,0.0000,1
4.130000,0.00000000,0.0000,1
4.131000,0.00000000,0.0000,1
4.132000,0.00000000,0.0000,1
4.133000,0.00000000,0.0000,1
4.134000,0.00000000,0.0000,1
4.135000,0.00000000,0.0000,1
4.136000,0.00000000,0.0000,1
4.137000,0.00000000,0.0000,1
4.138000,0.00000000,0.0000,1
4.139000,0.00000000,0.0000,1
4.140000,0.00000000,0.0000,1
4.140000,0.00000000,0.0000,1
4.140625,0.00000000,0.0000,1
4.141000,0.00000000,0.0000,1
4.142000,0.00000000,0.0000,1
4.143000,0.00000000,0.0000,1
4.144000,0.00000000,0.0000,1
4.145000,0.00000000,0.0000,1
4.146000,0.00000000,0.0000,1
4.147000,0.00000000,0.0000,1
4.148000,0.00000000,0.0000,1
4.149000,0.00000000,0.0000,1
4.150000,0.00000000,0.0000,1
4.150000,0.00000000,0.0000,1
4.151000,0.00000000,0.0000,1
4.152000,0.00000000,0.0000,1
4.153000,0.00000000,0.0000,1
4.154000,0.00000000,0.0000,1
4.155000,0.00000000,0.0000,1
4.156000,0.00000000,0.0000,1
4.156250,0.00000000,0.0000,1
4.157000,0.00000000,0.0000,1
4.158000,0.00000000,0.0000,1
4.159000,0.00000000,0.0000,1
4.160000,0.00000000,0.0000,1
4.160000,0.00000000,0.0000,1
4.161000,0.00000000,0.0000,1
4.162000,0.00000000,0.0000,1
4.163000,0.00000000,0.0000,1
4.164000,0.00000000,0.0000,1
4.165000,0.00000000,0.0000,1
4.166000,0.00000000,0.0000,1
4.167000,0.00000000,0.0000,1
4.168000,0.00000000,0.0000,1
4.169000,0.00000000,0.0000,1
4.170000,0.00000000,0.0000,1
4.170000,0.00000000,0.0000,1
4.171000,0.00000000,0.0000,1
4.171875,0.00000000,0.0000,1
4.172000,0.00000000,0.0000,1
4.173000,0.00000000,0.0000,1
4.174000,0.00000000,0.0000,1
4.175000,0.00000000,0.0000,1
4.176000,0.00000000,0.0000,1
4.177000,0.00000000,0.0000,1
4.178000,0.00000000,0.0000,1
4.179000,0.00000000,0.0000,1
4.180000,0.00000000,0.0000,1
4.180000,0.00000000,0.0000,1
4.181000,0.00000000,0.0000,1
4.182000,0.00000000,0.0000,1
4.183000,0.00000000,0.0000,1
4.184000,0.00000000,0.0000,1
4.185000,0.00000000,0.0000,1
4.186000,0.00000000,0.0000,1
4.187000,0.00000000,0.0000,1
4.187500,0.00000000,0.0000,1
4.188000,0.00000000,0.0000,1
4.189000,0.00000000,0.0000,1
4.190000,0.00000000,0.0000,1
4.190000,0.00000000,0.0000,1
4.191000,0.00000000,0.0000,1
4.192000,0.00000000,0.0000,1
4.193000,0.00000000,0.0000,1
4.194000,0.00000000,0.0000,1
4.195000,0.00000000,0.0000,1
4.196000,0.00000000,0.0000,1
4.197000,0.00000000,0.0000,1
4.198000,0.00000000,0.0000,1
4.199000,0.00000000,0.0000,1
4.200000,0.00000000,0.0000,1
4.200000,0.00000000,0.0000,1
4.201000,0.00000000,0.0000,1
4.202000,0.00000000,0.0000,1
4.203000,0.00000000,0.0000,1
4.203125,0.00000000,0.0000,1
4.204000,0.00000000,0.0000,1
4.205000,0.00000000,0.0000,1
4.206000,0.00000000,0.0000,1
4.207000,0.00000000,0.0000,1
4.208000,0.00000000,0.0000,1
4.209000,0.00000000,0.0000,1
4.210000,0.00000000,0.0000,1
4.210000,0.00000000,0.0000,1
4.211000,0.00000000,0.0000,1
4.212000,0.00000000,0.0000,1
4.213000,0.00000000,0.0000,1
4.214000,0.00000000,0.0000,1
4.215000,0.00000000,0.0000,1
4.216000,0.00000000,0.0000,1
4.217000,0.00000000,0.0000,1
4.218000,0.00000000,0.0000,1
4.218750,0.00000000,0.0000,1
4.219000,0.00000000,0.0000,1
4.220000,0.00000000,0.0000,1
4.220000,0.00000000,0.0000,1
4.221000,0.00000000,0.0000,1
4.222000,0.00000000,0.0000,1
4.223000,0.00000000,0.0000,1
4.224000,0.00000000,0.0000,1
4.225000,0.00000000,0.0000,1
4.226000,0.00000000,0.0000,1
4.227000,0.00000000,0.0000,1
4.228000,0.00000000,0.0000,1
4.229000,0.00000000,0.0000,1
4.230000,0.00000000,0.0000,1
4.230000,0.00000000,0.0000,1
4.231000,0.00000000,0.0000,1
4.232000,0.00000000,0.0000,1
4.233000,0.00000000,0.0000,1
4.234000,0.00000000,0.0000,1
4.234375,0.00000000,0.0000,1
4.235000,0.00000000,0.0000,1
4.236000,0.00000000,0.0000,1
4.237000,0.00000000,0.0000,1
4.238000,0.00000000,0.0000,1
4.239000,0.00000000,0.0000,1
4.240000,0.00000000,0.0000,1
4.240000,0.00000000,0.0000,1
4.241000,0.00000000,0.0000,1
4.242000,0.00000000,0.0000,1
4.243000,0.00000000,0.0000,1
4.244000,0.00000000,0.0000,1
4.245000,0.00000000,0.0000,1
4.246000,0.00000000,0.0000,1
4.247000,0.00000000,0.0000,1
4.248000,0.00000000,0.0000,1
4.249000,0.00000000,0.0000,1
4.250000,0.00000000,0.0000,1
4.250000,0.00000000,0.0000,1
4.251000,0.00000000,0.0000,1
4.252000,0.00000000,0.0000,1
4.253000,0.00000000,0.0000,1
4.254000,0.00000000,0.0000,1
4.255000,0.00000000,0.0000,1
4.256000,0.00000000,0.0000,1
4.257000,0.00000000,0.0000,1
4.258000,0.00000000,0.0000,1
4.259000,0.00000000,0.0000,1
4.260000,0.00000000,0.0000,1
4.260000,0.00000000,0.0000,1
4.261000,0.00000000,0.0000,1
4.262000,0.00000000,0.0000,1
4.263000,0.00000000,0.0000,1
4.264000,0.00000000,0.0000,1
4.265000,0.00000000,0.0000,1
4.265625,0.00000000,0.0000,1
4.266000,0.00000000,0.0000,1
4.267000,0.00000000,0.0000,1
4.268000,0.00000000,0.0000,1
4.269000,0.00000000,0.0000,1
4.270000,0.00000000,0.0000,1
4.270000,0.00000000,0.0000,1
4.271000,0.00000000,0.0000,1
4.272000,0.00000000,0.0000,1
4.273000,0.00000000,0.0000,1
4.274000,0.00000000,0.0000,1
4.275000,0.00000000,0.0000,1
4.276000,0.00000000,0.0000,1
4.277000,0.00000000,0.0000,1
4.278000,0.00000000,0.0000,1
4.279000,0.00000000,0.0000,1
4.280000,0.00000000,0.0000,1
4.280000,0.00000000,0.0000,1
4.281000,0.00000000,0.0000,1
4.281250,0.00000000,0.0000,1
4.282000,0.00000000,0.0000,1
4.283000,0.00000000,0.0000,1
4.284000,0.00000000,0.0000,1
4.285000,0.00000000,0.0000,1
4.286000,0.00000000,0.0000,1
4.287000,0.00000000,0.0000,1
4.288000,0.00000000,0.0000,1
4.289000,0.00000000,0.0000,1
4.290000,0.00000000,0.0000,1
4.290000,0.00000000,0.0000,1
4.291000,0.00000000,0.0000,1
4.292000,0.00000000,0.0000,1
4.293000,0.00000000,0.0000,1
4.294000,0.00000000,0.0000,1
4.295000,0.00000000,0.0000,1
4.296000,0.00000000,0.0000,1
4.296875,0.00000000,0.0000,1
4.297000,0.00000000,0.0000,1
4.298000,0.00000000,0.0000,1
4.299000,0.00000000,0.0000,1
4.300000,0.00000000,0.0000,1
4.300000,0.00000000,0.0000,1
4.301000,0.00000000,0.0000,1
4.302000,0.00000000,0.0000,1
4.303000,0.00000000,0.0000,1
4.304000,0.00000000,0.0000,1
4.305000,0.00000000,0.0000,1
4.306000,0.00000000,0.0000,1
4.307000,0.00000000,0.0000,1
4.308000,0.00000000,0.0000,1
4.309000,0.00000000,0.0000,1
4.310000,0.00000000,0.0000,1
4.310000,0.00000000,0.0000,1
4.311000,0.00000000,0.0000,1
4.312000,0.00000000,0.0000,1
4.312500,0.00000000,0.0000,1
4.313000,0.00000000,0.0000,1
4.314000,0.00000000,0.0000,1
4.315000,0.00000000,0.0000,1
4.316000,0.00000000,0.0000,1
4.317000,0.00000000,0.0000,1
4.318000,0.00000000,0.0000,1
4.319000,0.00000000,0.0000,1
4.320000,0.00000000,0.0000,1
4.320000,0.00000000,0.0000,1
4.321000,0.00000000,0.0000,1
4.322000,0.00000000,0.0000,1
4.323000,0.00000000,0.0000,1
4.324000,0.00000000,0.0000,1
4.325000,0.00000000,0.0000,1
4.326000,0.00000000,0.0000,1
4.327000,0.00000000,0.0000,1
4.328000,0.00000000,0.0000,1
4.328125,0.00000000,0.0000,1
4.329000,0.00000000,0.0000,1
4.330000,0.00000000,0.0000,1
4.330000,0.00000000,0.0000,1
4.331000,0.00000000,0.0000,1
4.332000,0.00000000,0.0000,1
4.333000,0.00000000,0.0000,1
4.334000,0.00000000,0.0000,1
4.335000,0.00000000,0.0000,1
4.336000,0.00000000,0.0000,1
4.337000,0.00000000,0.0000,1
4.338000,0.00000000,0.0000,1
4.339000,0.00000000,0.0000,1
4.340000,0.00000000,0.0000,1
4.340000,0.00000000,0.0000,1
4.341000,0.00000000,0.0000,1
4.342000,0.00000000,0.0000,1
4.343000,0.00000000,0.0000,1
4.343750,0.00000000,0.0000,1
4.344000,0.00000000,0.0000,1
4.345000,0.00000000,0.0000,1
4.346000,0.00000000,0.0000,1
4.347000,0.00000000,0.0000,1
4.348000,0.00000000,0.0000,1
4.349000,0.00000000,0.0000,1
4.350000,0.00000000,0.0000,1
4.350000,0.00000000,0.0000,1
4.351000,0.00000000,0.0000,1
4.352000,0.00000000,0.0000,1
4.353000,0.00000000,0.0000,1
4.354000,0.00000000,0.0000,1
4.355000,0.00000000,0.0000,1
4.356000,0.00000000,0.0000,1
4.357000,0.00000000,0.0000,1
4.358000,0.00000000,0.0000,1
4.359000,0.00000000,0.0000,1
4.359375,0.00000000,0.0000,1
4.360000,0.00000000,0.0000,1
4.360000,0.00000000,0.0000,1
4.361000,0.00000000,0.0000,1
4.362000,0.00000000,0.0000,1
4.363000,0.00000000,0.0000,1
4.364000,0.00000000,0.0000,1
4.365000,0.00000000,0.0000,1
4.366000,0.00000000,0.0000,1
4.367000,0.00000000,0.0000,1
4.368000,0.00000000,0.0000,1
4.369000,0.00000000,0.0000,1
4.370000,0.00000000,0.0000,1
4.370000,0.00000000,0.0000,1
4.371000,0.00000000,0.0000,1
4.372000,0.00000000,0.0000,1
4.373000,0.00000000,0.0000,1
4.374000,0.00000000,0.0000,1
4.375000,0.00000000,0.0000,1
4.376000,0.00000000,0.0000,1
4.377000,0.00000000,0.0000,1
4.378000,0.00000000,0.0000,1
4.379000,0.00000000,0.0000,1
4.380000,0.00000000,0.0000,1
4.380000,0.00000000,0.0000,1
4.381000,0.00000000,0.0000,1
4.382000,0.00000000,0.0000,1
4.383000,0.00000000,0.0000,1
4.384000,0.00000000,0.0000,1
4.385000,0.00000000,0.0000,1
4.386000,0.00000000,0.0000,1
4.387000,0.00000000,0.0000,1
4.388000,0.00000000,0.0000,1
4.389000,0.00000000,0.0000,1
4.390000,0.00000000,0.0000,1
4.390000,0.00000000,0.0000,1
4.390625,0.00000000,0.0000,1
4.391000,0.00000000,0.0000,1
4.392000,0.00000000,0.0000,1
4.393000,0.00000000,0.0000,1
4.394000,0.00000000,0.0000,1
4.395000,0.00000000,0.0000,1
4.396000,0.00000000,0.0000,1
4.397000,0.00000000,0.0000,1
4.398000,0.00000000,0.0000,1
4.399000,0.00000000,0.0000,1
4.400000,0.00000000,0.0000,1
4.400000,0.00000000,0.0000,1
4.401000,0.00000000,0.0000,1
4.402000,0.00000000,0.0000,1
4.403000,0.00000000,0.0000,1
4.404000,0.00000000,0.0000,1
4.405000,0.00000000,0.0000,1
4.406000,0.00000000,0.0000,1
4.406250,0.00000000,0.0000,1
4.407000,0.00000000,0.0000,1
4.408000,0.00000000,0.0000,1
4.409000,0.00000000,0.0000,1
4.410000,0.00000000,0.0000,1
4.410000,0.00000000,0.0000,1
4.411000,0.00000000,0.0000,1
4.412000,0.00000000,0.0000,1
4.413000,0.00000000,0.0000,1
4.414000,0.00000000,0.0000,1
4.415000,0.00000000,0.0000,1
4.416000,0.00000000,0.0000,1
4.417000,0.00000000,0.0000,1
4.418000,0.00000000,0.0000,1
4.419000,0.00000000,0.0000,1
4.420000,0.00000000,0.0000,1
4.420000,0.00000000,0.0000,1
4.421000,0.00000000,0.0000,1
4.421875,0.00000000,0.0000,1
4.422000,0.00000000,0.0000,1
4.423000,0.00000000,0.0000,1
4.424000,0.00000000,0.0000,1
4.425000,0.00000000,0.0000,1
4.426000,0.00000000,0.0000,1
4.427000,0.00000000,0.0000,1
4.428000,0.00000000,0.0000,1
4.429000,0.00000000,0.0000,1
4.430000,0.00000000,0.0000,1
4.430000,0.00000000,0.0000,1
4.431000,0.00000000,0.0000,1
4.432000,0.00000000,0.0000,1
4.433000,0.00000000,0.0000,1
4.434000,0.00000000,0.0000,1
4.435000,0.00000000,0.0000,1
4.436000,0.00000000,0.0000,1
4.437000,0.00000000,0.0000,1
4.437500,0.00000000,0.0000,1
4.438000,0.00000000,0.0000,1
4.439000,0.00000000,0.0000,1
4.440000,0.00000000,0.0000,1
4.440000,0.00000000,0.0000,1
4.441000,0.00000000,0.0000,1
4.442000,0.00000000,0.0000,1
4.443000,0.00000000,0.0000,1
4.444000,0.00000000,0.0000,1
4.445000,0.00000000,0.0000,1
4.446000,0.00000000,0.0000,1
4.447000,0.00000000,0.0000,1
4.448000,0.00000000,0.0000,1
4.449000,0.00000000,0.0000,1
4.450000,0.00000000,0.0000,1
4.450000,0.00000000,0.0000,1
4.451000,0.00000000,0.0000,1
4.452000,0.00000000,0.0000,1
4.453000,0.00000000,0.0000,1
4.453125,0.00000000,0.0000,1
4.454000,0.00000000,0.0000,1
4.455000,0.00000000,0.0000,1
4.456000,0.00000000,0.0000,1
4.457000,0.00000000,0.0000,1
4.458000,0.00000000,0.0000,1
4.459000,0.00000000,0.0000,1
4.460000,0.00000000,0.0000,1
4.460000,0.00000000,0.0000,1
4.461000,0.00000000,0.0000,1
4.462000,0.00000000,0.0000,1
4.463000,0.00000000,0.0000,1
4.464000,0.00000000,0.0000,1
4.465000,0.00000000,0.0000,1
4.466000,0.00000000,0.0000,1
4.467000,0.00000000,0.0000,1
4.468000,0.00000000,0.0000,1
4.468750,0.00000000,0.0000,1
4.469000,0.00000000,0.0000,1
4.470000,0.00000000,0.0000,1
4.470000,0.00000000,0.0000,1
4.471000,0.00000000,0.0000,1
4.472000,0.00000000,0.0000,1
4.473000,0.00000000,0.0000,1
4.474000,0.00000000,0.0000,1
4.475000,0.00000000,0.0000,1
4.476000,0.00000000,0.0000,1
4.477000,0.00000000,0.0000,1
4.478000,0.00000000,0.0000,1
4.479000,0.00000000,0.0000,1
4.480000,0.00000000,0.0000,1
4.480000,0.00000000,0.0000,1
4.481000,0.00000000,0.0000,1
4.482000,0.00000000,0.0000,1
4.483000,0.00000000,0.0000,1
4.484000,0.00000000,0.0000,1
4.484375,0.00000000,0.0000,1
4.485000,0.00000000,0.0000,1
4.486000,0.00000000,0.0000,1
4.487000,0.00000000,0.0000,1
4.488000,0.00000000,0.0000,1
4.489000,0.00000000,0.0000,1
4.490000,0.00000000,0.0000,1
4.490000,0.00000000,0.0000,1
4.491000,0.00000000,0.0000,1
4.492000,0.00000000,0.0000,1
4.493000,0.00000000,0.0000,1
4.494000,0.00000000,0.0000,1
4.495000,0.00000000,0.0000,1
4.496000,0.00000000,0.0000,1
4.497000,0.00000000,0.0000,1
4.498000,0.00000000,0.0000,1
4.499000,0.00000000,0.0000,1
4.500000,0.00000000,0.0000,1
4.500000,0.00000000,0.0000,1
4.501000,0.00000000,0.0000,1
4.502000,0.00000000,0.0000,1
4.503000,0.00000000,0.0000,1
4.504000,0.00000000,0.0000,1
4.505000,0.00000000,0.0000,1
4.506000,0.00000000,0.0000,1
4.507000,0.00000000,0.0000,1
4.508000,0.00000000,0.0000,1
4.509000,0.00000000,0.0000,1
4.510000,0.00000000,0.0000,1
4.510000,0.00000000,0.0000,1
4.511000,0.00000000,0.0000,1
4.512000,0.00000000,0.0000,1
4.513000,0.00000000,0.0000,1
4.514000,0.00000000,0.0000,1
4.515000,0.00000000,0.0000,1
4.515625,0.00000000,0.0000,1
4.516000,0.00000000,0.0000,1
4.517000,0.00000000,0.0000,1
4.518000,0.00000000,0.0000,1
4.519000,0.00000000,0.0000,1
4.520000,0.00000000,0.0000,1
4.520000,0.00000000,0.0000,1
4.521000,0.00000000,0.0000,1
4.522000,0.00000000,0.0000,1
4.523000,0.00000000,0.0000,1
4.524000,0.00000000,0.0000,1
4.525000,0.00000000,0.0000,1
4.526000,0.00000000,0.0000,1
4.527000,0.00000000,0.0000,1
4.528000,0.00000000,0.0000,1
4.529000,0.00000000,0.0000,1
4.530000,0.00000000,0.0000,1
4.530000,0.00000000,0.0000,1
4.531000,0.00000000,0.0000,1
4.531250,0.00000000,0.0000,1
4.532000,0.00000000,0.0000,1
4.533000,0.00000000,0.0000,1
4.534000,0.00000000,0.0000,1
4.535000,0.00000000,0.0000,1
4.536000,0.00000000,0.0000,1
4.537000,0.00000000,0.0000,1
4.538000,0.00000000,0.0000,1
4.539000,0.00000000,0.0000,1
4.540000,0.00000000,0.0000,1
4.540000,0.00000000,0.0000,1
4.541000,0.00000000,0.0000,1
4.542000,0.00000000,0.0000,1
4.543000,0.00000000,0.0000,1
4.544000,0.00000000,0.0000,1
4.545000,0.00000000,0.0000,1
4.546000,0.00000000,0.0000,1
4.546875,0.00000000,0.0000,1
4.547000,0.00000000,0.0000,1
4.548000,0.00000000,0.0000,1
4.549000,0.00000000,0.0000,1
4.550000,0.00000000,0.0000,1
4.550000,0.00000000,0.0000,1
4.551000,0.00000000,0.0000,1
4.552000,0.00000000,0.0000,1
4.553000,0.00000000,0.0000,1
4.554000,0.00000000,0.0000,1
4.555000,0.00000000,0.0000,1
4.556000,0.00000000,0.0000,1
4.557000,0.00000000,0.0000,1
4.558000,0.00000000,0.0000,1
4.559000,0.00000000,0.0000,1
4.560000,0.00000000,0.0000,1
4.560000,0.00000000,0.0000,1
4.561000,0.00000000,0.0000,1
4.562000,0.00000000,0.0000,1
4.562500,0.00000000,0.0000,1
4.563000,0.00000000,0.0000,1
4.564000,0.00000000,0.0000,1
4.565000,0.00000000,0.0000,1
4.566000,0.00000000,0.0000,1
4.567000,0.00000000,0.0000,1
4.568000,0.00000000,0.0000,1
4.569000,0.00000000,0.0000,1
4.570000,0.00000000,0.0000,1
4.570000,0.00000000,0.0000,1
4.571000,0.00000000,0.0000,1
4.572000,0.00000000,0.0000,1
4.573000,0.00000000,0.0000,1
4.574000,0.00000000,0.0000,1
4.575000,0.00000000,0.0000,1
4.576000,0.00000000,0.0000,1
4.577000,0.00000000,0.0000,1
4.578000,0.00000000,0.0000,1
4.578125,0.00000000,0.0000,1
4.579000,0.00000000,0.0000,1
4.580000,0.00000000,0.0000,1
4.580000,0.00000000,0.0000,1
4.581000,0.00000000,0.0000,1
4.582000,0.00000000,0.0000,1
4.583000,0.00000000,0.0000,1
4.584000,0.00000000,0.0000,1
4.585000,0.00000000,0.0000,1
4.586000,0.00000000,0.0000,1
4.587000,0.00000000,0.0000,1
4.588000,0.00000000,0.0000,1
4.589000,0.00000000,0.0000,1
4.590000,0.00000000,0.0000,1
4.590000,0.00000000,0.0000,1
4.591000,0.00000000,0.0000,1
4.592000,0.00000000,0.0000,1
4.593000,0.00000000,0.0000,1
4.593750,0.00000000,0.0000,1
4.594000,0.00000000,0.0000,1
4.595000,0.00000000,0.0000,1
4.596000,0.00000000,0.0000,1
4.597000,0.00000000,0.0000,1
4.598000,0.00000000,0.0000,1
4.599000,0.00000000,0.0000,1
4.600000,0.00000000,0.0000,1
4.600000,0.00000000,0.0000,1
4.601000,0.00000000,0.0000,1
4.602000,0.00000000,0.0000,1
4.603000,0.00000000,0.0000,1
4.604000,0.00000000,0.0000,1
4.605000,0.00000000,0.0000,1
4.606000,0.00000000,0.0000,1
4.607000,0.00000000,0.0000,1
4.608000,0.00000000,0.0000,1
4.609000,0.00000000,0.0000,1
4.609375,0.00000000,0.0000,1
4.610000,0.00000000,0.0000,1
4.610000,0.00000000,0.0000,1
4.611000,0.00000000,0.0000,1
4.612000,0.00000000,0.0000,1
4.613000,0.00000000,0.0000,1
4.614000,0.00000000,0.0000,1
4.615000,0.00000000,0.0000,1
4.616000,0.00000000,0.0000,1
4.617000,0.00000000,0.0000,1
4.618000,0.00000000,0.0000,1
4.619000,0.00000000,0.0000,1
4.620000,0.00000000,0.0000,1
4.620000,0.00000000,0.0000,1
4.621000,0.00000000,0.0000,1
4.622000,0.00000000,0.0000,1
4.623000,0.00000000,0.0000,1
4.624000,0.00000000,0.0000,1
4.625000,0.00000000,0.0000,1
4.626000,0.00000000,0.0000,1
4.627000,0.00000000,0.0000,1
4.628000,0.00000000,0.0000,1
4.629000,0.00000000,0.0000,1
4.630000,0.00000000,0.0000,1
4.630000,0.00000000,0.0000,1
4.631000,0.00000000,0.0000,1
4.632000,0.00000000,0.0000,1
4.633000,0.00000000,0.0000,1
4.634000,0.00000000,0.0000,1
4.635000,0.00000000,0.0000,1
4.636000,0.00000000,0.0000,1
4.637000,0.00000000,0.0000,1
4.638000,0.00000000,0.0000,1
4.639000,0.00000000,0.0000,1
4.640000,0.00000000,0.0000,1
4.640000,0.00000000,0.0000,1
4.640625,0.00000000,0.0000,1
4.641000,0.00000000,0.0000,1
4.642000,0.00000000,0.0000,1
4.643000,0.00000000,0.0000,1
4.644000,0.00000000,0.0000,1
4.645000,0.00000000,0.0000,1
4.646000,0.00000000,0.0000,1
4.647000,0.00000000,0.0000,1
4.648000,0.00000000,0.0000,1
4.649000,0.00000000,0.0000,1
4.650000,0.00000000,0.0000,1
4.650000,0.00000000,0.0000,1
4.651000,0.00000000,0.0000,1
4.652000,0.00000000,0.0000,1
4.653000,0.00000000,0.0000,1
4.654000,0.00000000,0.0000,1
4.655000,0.00000000,0.0000,1
4.656000,0.00000000,0.0000,1
4.656250,0.00000000,0.0000,1
4.657000,0.00000000,0.0000,1
4.658000,0.00000000,0.0000,1
4.659000,0.00000000,0.0000,1
4.660000,0.00000000,0.0000,1
4.660000,0.00000000,0.0000,1
4.661000,0.00000000,0.0000,1
4.662000,0.00000000,0.0000,1
4.663000,0.00000000,0.0000,1
4.664000,0.00000000,0.0000,1
4.665000,0.00000000,0.0000,1
4.666000,0.00000000,0.0000,1
4.667000,0.00000000,0.0000,1
4.668000,0.00000000,0.0000,1
4.669000,0.00000000,0.0000,1
4.670000,0.00000000,0.0000,1
4.670000,0.00000000,0.0000,1
4.671000,0.00000000,0.0000,1
4.671875,0.00000000,0.0000,1
4.672000,0.00000000,0.0000,1
4.673000,0.00000000,0.0000,1
4.674000,0.00000000,0.0000,1
4.675000,0.00000000,0.0000,1
4.676000,0.00000000,0.0000,1
4.677000,0.00000000,0.0000,1
4.678000,0.00000000,0.0000,1
4.679000,0.00000000,0.0000,1
4.680000,0.00000000,0.0000,1
4.680000,0.00000000,0.0000,1
4.681000,0.00000000,0.0000,1
4.682000,0.00000000,0.0000,1
4.683000,0.00000000,0.0000,1
4.684000,0.00000000,0.0000,1
4.685000,0.00000000,0.0000,1
4.686000,0.00000000,0.0000,1
4.687000,0.00000000,0.0000,1
4.687500,0.00000000,0.0000,1
4.688000,0.00000000,0.0000,1
4.689000,0.00000000,0.0000,1
4.690000,0.00000000,0.0000,1
4.690000,0.00000000,0.0000,1
4.691000,0.00000000,0.0000,1
4.692000,0.00000000,0.0000,1
4.693000,0.00000000,0.0000,1
4.694000,0.00000000,0.0000,1
4.695000,0.00000000,0.0000,1
4.696000,0.00000000,0.0000,1
4.697000,0.00000000,0.0000,1
4.698000,0.00000000,0.0000,1
4.699000,0.00000000,0.0000,1
4.700000,0.00000000,0.0000,1
4.700000,0.00000000,0.0000,1
4.701000,0.00000000,0.0000,1
4.702000,0.00000000,0.0000,1
4.703000,0.00000000,0.0000,1
4.703125,0.00000000,0.0000,1
4.704000,0.00000000,0.0000,1
4.705000,0.00000000,0.0000,1
4.706000,0.00000000,0.0000,1
4.707000,0.00000000,0.0000,1
4.708000,0.00000000,0.0000,1
4.709000,0.00000000,0.0000,1
4.710000,0.00000000,0.0000,1
4.710000,0.00000000,0.0000,1
4.711000,0.00000000,0.0000,1
4.712000,0.00000000,0.0000,1
4.713000,0.00000000,0.0000,1
4.714000,0.00000000,0.0000,1
4.715000,0.00000000,0.0000,1
4.716000,0.00000000,0.0000,1
4.717000,0.00000000,0.0000,1
4.718000,0.00000000,0.0000,1
4.718750,0.00000000,0.0000,1
4.719000,0.00000000,0.0000,1
4.720000,0.00000000,0.0000,1
4.720000,0.00000000,0.0000,1
4.721000,0.00000000,0.0000,1
4.722000,0.00000000,0.0000,1
4.723000,0.00000000,0.0000,1
4.724000,0.00000000,0.0000,1
4.725000,0.00000000,0.0000,1
4.726000,0.00000000,0.0000,1
4.727000,0.00000000,0.0000,1
4.728000,0.00000000,0.0000,1
4.729000,0.00000000,0.0000,1
4.730000,0.00000000,0.0000,1
4.730000,0.00000000,0.0000,1
4.731000,0.00000000,0.0000,1
4.732000,0.00000000,0.0000,1
4.733000,0.00000000,0.0000,1
4.734000,0.00000000,0.0000,1
4.734375,0.00000000,0.0000,1
4.735000,0.00000000,0.0000,1
4.736000,0.00000000,0.0000,1
4.737000,0.00000000,0.0000,1
4.738000,0.00000000,0.0000,1
4.739000,0.00000000,0.0000,1
4.740000,0.00000000,0.0000,1
4.740000,0.00000000,0.0000,1
4.741000,0.00000000,0.0000,1
4.742000,0.00000000,0.0000,1
4.743000,0.00000000,0.0000,1
4.744000,0.00000000,0.0000,1
4.745000,0.00000000,0.0000,1
4.746000,0.00000000,0.0000,1
4.747000,0.00000000,0.0000,1
4.748000,0.00000000,0.0000,1
4.749000,0.00000000,0.0000,1
4.750000,0.00000000,0.0000,1
4.750000,0.00000000,0.0000,1
4.751000,0.00000000,0.0000,1
4.752000,0.00000000,0.0000,1
4.753000,0.00000000,0.0000,1
4.754000,0.00000000,0.0000,1
4.755000,0.00000000,0.0000,1
4.756000,0.00000000,0.0000,1
4.757000,0.00000000,0.0000,1
4.758000,0.00000000,0.0000,1
4.759000,0.00000000,0.0000,1
4.760000,0.00000000,0.0000,1
4.760000,0.00000000,0.0000,1
4.761000,0.00000000,0.0000,1
4.762000,0.00000000,0.0000,1
4.763000,0.00000000,0.0000,1
4.764000,0.00000000,0.0000,1
4.765000,0.00000000,0.0000,1
4.765625,0.00000000,0.0000,1
4.766000,0.00000000,0.0000,1
4.767000,0.00000000,0.0000,1
4.768000,0.00000000,0.0000,1
4.769000,0.00000000,0.0000,1
4.770000,0.00000000,0.0000,1
4.770000,0.00000000,0.0000,1
4.771000,0.00000000,0.0000,1
4.772000,0.00000000,0.0000,1
4.773000,0.00000000,0.0000,1
4.774000,0.00000000,0.0000,1
4.775000,0.00000000,0.0000,1
4.776000,0.00000000,0.0000,1
4.777000,0.00000000,0.0000,1
4.778000,0.00000000,0.0000,1
4.779000,0.00000000,0.0000,1
4.780000,0.00000000,0.0000,1
4.780000,0.00000000,0.0000,1
4.781000,0.00000000,0.0000,1
4.781250,0.00000000,0.0000,1
4.782000,0.00000000,0.0000,1
4.783000,0.00000000,0.0000,1
4.784000,0.00000000,0.0000,1
4.785000,0.00000000,0.0000,1
4.786000,0.00000000,0.0000,1
4.787000,0.00000000,0.0000,1
4.788000,0.00000000,0.0000,1
4.789000,0.00000000,0.0000,1
4.790000,0.00000000,0.0000,1
4.790000,0.00000000,0.0000,1
4.791000,0.00000000,0.0000,1
4.792000,0.00000000,0.0000,1
4.793000,0.00000000,0.0000,1
4.794000,0.00000000,0.0000,1
4.795000,0.00000000,0.0000,1
4.796000,0.00000000,0.0000,1
4.796875,0.00000000,0.0000,1
4.797000,0.00000000,0.0000,1
4.798000,0.00000000,0.0000,1
4.799000,0.00000000,0.0000,1
4.800000,0.00000000,0.0000,1
4.800000,0.00000000,0.0000,1
4.801000,0.00000000,0.0000,1
4.802000,0.00000000,0.0000,1
4.803000,0.00000000,0.0000,1
4.804000,0.00000000,0.0000,1
4.805000,0.00000000,0.0000,1
4.806000,0.00000000,0.0000,1
4.807000,0.00000000,0.0000,1
4.808000,0.00000000,0.0000,1
4.809000,0.00000000,0.0000,1
4.810000,0.00000000,0.0000,1
4.810000,0.00000000,0.0000,1
4.811000,0.00000000,0.0000,1
4.812000,0.00000000,0.0000,1
4.812500,0.00000000,0.0000,1
4.813000,0.00000000,0.0000,1
4.814000,0.00000000,0.0000,1
4.815000,0.00000000,0.0000,1
4.816000,0.00000000,0.0000,1
4.817000,0.00000000,0.0000,1
4.818000,0.00000000,0.0000,1
4.819000,0.00000000,0.0000,1
4.820000,0.00000000,0.0000,1
4.820000,0.00000000,0.0000,1
4.821000,0.00000000,0.0000,1
4.822000,0.00000000,0.0000,1
4.823000,0.00000000,0.0000,1
4.824000,0.00000000,0.0000,1
4.825000,0.00000000,0.0000,1
4.826000,0.00000000,0.0000,1
4.827000,0.00000000,0.0000,1
4.828000,0.00000000,0.0000,1
4.828125,0.00000000,0.0000,1
4.829000,0.00000000,0.0000,1
4.830000,0.00000000,0.0000,1
4.830000,0.00000000,0.0000,1
4.831000,0.00000000,0.0000,1
4.832000,0.00000000,0.0000,1
4.833000,0.00000000,0.0000,1
4.834000,0.00000000,0.0000,1
4.835000,0.00000000,0.0000,1
4.836000,0.00000000,0.0000,1
4.837000,0.00000000,0.0000,1
4.838000,0.00000000,0.0000,1
4.839000,0.00000000,0.0000,1
4.840000,0.00000000,0.0000,1
4.840000,0.00000000,0.0000,1
4.841000,0.00000000,0.0000,1
4.842000,0.00000000,0.0000,1
4.843000,0.00000000,0.0000,1
4.843750,0.00000000,0.0000,1
4.844000,0.00000000,0.0000,1
4.845000,0.00000000,0.0000,1
4.846000,0.00000000,0.0000,1
4.847000,0.00000000,0.0000,1
4.848000,0.00000000,0.0000,1
4.849000,0.00000000,0.0000,1
4.850000,0.00000000,0.0000,1
4.850000,0.00000000,0.0000,1
4.851000,0.00000000,0.0000,1
4.852000,0.00000000,0.0000,1
4.853000,0.00000000,0.0000,1
4.854000,0.00000000,0.0000,1
4.855000,0.00000000,0.0000,1
4.856000,0.00000000,0.0000,1
4.857000,0.00000000,0.0000,1
4.858000,0.00000000,0.0000,1
4.859000,0.00000000,0.0000,1
4.859375,0.00000000,0.0000,1
4.860000,0.00000000,0.0000,1
4.860000,0.00000000,0.0000,1
4.861000,0.00000000,0.0000,1
4.862000,0.00000000,0.0000,1
4.863000,0.00000000,0.0000,1
4.864000,0.00000000,0.0000,1
4.865000,0.00000000,0.0000,1
4.866000,0.00000000,0.0000,1
4.867000,0.00000000,0.0000,1
4.868000,0.00000000,0.0000,1
4.869000,0.00000000,0.0000,1
4.870000,0.00000000,0.0000,1
4.870000,0.00000000,0.0000,1
4.871000,0.00000000,0.0000,1
4.872000,0.00000000,0.0000,1
4.873000,0.00000000,0.0000,1
4.874000,0.00000000,0.0000,1
4.875000,0.00000000,0.0000,1
4.876000,0.00000000,0.0000,1
4.877000,0.00000000,0.0000,1
4.878000,0.00000000,0.0000,1
4.879000,0.00000000,0.0000,1
4.880000,0.00000000,0.0000,1
4.880000,0.00000000,0.0000,1
4.881000,0.00000000,0.0000,1
4.882000,0.00000000,0.0000,1
4.883000,0.00000000,0.0000,1
4.884000,0.00000000,0.0000,1
4.885000,0.00000000,0.0000,1
4.886000,0.00000000,0.0000,1
4.887000,0.00000000,0.0000,1
4.888000,0.00000000,0.0000,1
4.889000,0.00000000,0.0000,1
4.890000,0.00000000,0.0000,1
4.890000,0.00000000,0.0000,1
4.890625,0.00000000,0.0000,1
4.891000,0.00000000,0.0000,1
4.892000,0.00000000,0.0000,1
4.893000,0.00000000,0.0000,1
4.894000,0.00000000,0.0000,1
4.895000,0.00000000,0.0000,1
4.896000,0.00000000,0.0000,1
4.897000,0.00000000,0.0000,1
4.898000,0.00000000,0.0000,1
4.899000,0.00000000,0.0000,1
4.900000,0.00000000,0.0000,1
4.900000,0.00000000,0.0000,1
4.901000,0.00000000,0.0000,1
4.902000,0.00000000,0.0000,1
4.903000,0.00000000,0.0000,1
4.904000,0.00000000,0.0000,1
4.905000,0.00000000,0.0000,1
4.906000,0.00000000,0.0000,1
4.906250,0.00000000,0.0000,1
4.907000,0.00000000,0.0000,1
4.908000,0.00000000,0.0000,1
4.909000,0.00000000,0.0000,1
4.910000,0.00000000,0.0000,1
4.910000,0.00000000,0.0000,1
4.911000,0.00000000,0.0000,1
4.912000,0.00000000,0.0000,1
4.913000,0.00000000,0.0000,1
4.914000,0.00000000,0.0000,1
4.915000,0.00000000,0.0000,1
4.916000,0.00000000,0.0000,1
4.917000,0.00000000,0.0000,1
4.918000,0.00000000,0.0000,1
4.919000,0.00000000,0.0000,1
4.920000,0.00000000,0.0000,1
4.920000,0.00000000,0.0000,1
4.921000,0.00000000,0.0000,1
4.921875,0.00000000,0.0000,1
4.922000,0.00000000,0.0000,1
4.923000,0.00000000,0.0000,1
4.924000,0.00000000,0.0000,1
4.925000,0.00000000,0.0000,1
4.926000,0.00000000,0.0000,1
4.927000,0.00000000,0.0000,1
4.928000,0.00000000,0.0000,1
4.929000,0.00000000,0.0000,1
4.930000,0.00000000,0.0000,1
4.930000,0.00000000,0.0000,1
4.931000,0.00000000,0.0000,1
4.932000,0.00000000,0.0000,1
4.933000,0.00000000,0.0000,1
4.934000,0.00000000,0.0000,1
4.935000,0.00000000,0.0000,1
4.936000,0.00000000,0.0000,1
4.937000,0.00000000,0.0000,1
4.937500,0.00000000,0.0000,1
4.938000,0.00000000,0.0000,1
4.939000,0.00000000,0.0000,1
4.940000,0.00000000,0.0000,1
4.940000,0.00000000,0.0000,1
4.941000,0.00000000,0.0000,1
4.942000,0.00000000,0.0000,1
4.943000,0.00000000,0.0000,1
4.944000,0.00000000,0.0000,1
4.945000,0.00000000,0.0000,1
4.946000,0.00000000,0.0000,1
4.947000,0.00000000,0.0000,1
4.948000,0.00000000,0.0000,1
4.949000,0.00000000,0.0000,1
4.950000,0.00000000,0.0000,1
4.950000,0.00000000,0.0000,1
4.951000,0.00000000,0.0000,1
4.952000,0.00000000,0.0000,1
4.953000,0.00000000,0.0000,1
4.953125,0.00000000,0.0000,1
4.954000,0.00000000,0.0000,1
4.955000,0.00000000,0.0000,1
4.956000,0.00000000,0.0000,1
4.957000,0.00000000,0.0000,1
4.958000,0.00000000,0.0000,1
4.959000,0.00000000,0.0000,1
4.960000,0.00000000,0.0000,1
4.960000,0.00000000,0.0000,1
4.961000,0.00000000,0.0000,1
4.962000,0.00000000,0.0000,1
4.963000,0.00000000,0.0000,1
4.964000,0.00000000,0.0000,1
4.965000,0.00000000,0.0000,1
4.966000,0.00000000,0.0000,1
4.967000,0.00000000,0.0000,1
4.968000,0.00000000,0.0000,1
4.968750,0.00000000,0.0000,1
4.969000,0.00000000,0.0000,1
4.970000,0.00000000,0.0000,1
4.970000,0.00000000,0.0000,1
4.971000,0.00000000,0.0000,1
4.972000,0.00000000,0.0000,1
4.973000,0.00000000,0.0000,1
4.974000,0.00000000,0.0000,1
4.975000,0.00000000,0.0000,1
4.976000,0.00000000,0.0000,1
4.977000,0.00000000,0.0000,1
4.978000,0.00000000,0.0000,1
4.979000,0.00000000,0.0000,1
4.980000,0.00000000,0.0000,1
4.980000,0.00000000,0.0000,1
4.981000,0.00000000,0.0000,1
4.982000,0.00000000,0.0000,1
4.983000,0.00000000,0.0000,1
4.984000,0.00000000,0.0000,1
4.984375,0.00000000,0.0000,1
4.985000,0.00000000,0.0000,1
4.986000,0.00000000,0.0000,1
4.987000,0.00000000,0.0000,1
4.988000,0.00000000,0.0000,1
4.989000,0.00000000,0.0000,1
4.990000,0.00000000,0.0000,1
4.990000,0.00000000,0.0000,1
4.991000,0.00000000,0.0000,1
4.992000,0.00000000,0.0000,1
4.993000,0.00000000,0.0000,1
4.994000,0.00000000,0.0000,1
4.995000,0.00000000,0.0000,1
4.996000,0.00000000,0.0000,1
4.997000,0.00000000,0.0000,1
4.998000,0.00000000,0.0000,1
4.999000,0.00000000,0.0000,1
5.000000,0.00000000,0.0000,1
5.000000,0.00000000,0.0000,1
5.001000,0.00000000,0.0000,1
5.002000,0.00000000,0.0000,1
5.003000,0.00000000,0.0000,1
5.004000,0.00000000,0.0000,1
5.005000,0.00000000,0.0000,1
5.006000,0.00000000,0.0000,1
5.007000,0.00000000,0.0000,1
5.008000,0.00000000,0.0000,1
5.009000,0.00000000,0.0000,1
5.010000,0.00000000,0.0000,1
5.010000,0.00000000,0.0000,1
5.011000,0.00000000,0.0000,1
5.012000,0.00000000,0.0000,1
5.013000,0.00000000,0.0000,1
5.014000,0.00000000,0.0000,1
5.015000,0.00000000,0.0000,1
5.015625,0.00000000,0.0000,1
5.016000,0.00000000,0.0000,1
5.017000,0.00000000,0.0000,1
5.018000,0.00000000,0.0000,1
5.019000,0.00000000,0.0000,1
5.020000,0.00000000,0.0000,1
5.020000,0.00000000,0.0000,1
5.021000,0.00000000,0.0000,1
5.022000,0.00000000,0.0000,1
5.023000,0.00000000,0.0000,1
5.024000,0.00000000,0.0000,1
5.025000,0.00000000,0.0000,1
5.026000,0.00000000,0.0000,1
5.027000,0.00000000,0.0000,1
5.028000,0.00000000,0.0000,1
5.029000,0.00000000,0.0000,1
5.030000,0.00000000,0.0000,1
5.030000,0.00000000,0.0000,1
5.031000,0.00000000,0.0000,1
5.031250,0.00000000,0.0000,1
5.032000,0.00000000,0.0000,1
5.033000,0.00000000,0.0000,1
5.034000,0.00000000,0.0000,1
5.035000,0.00000000,0.0000,1
5.036000,0.00000000,0.0000,1
5.037000,0.00000000,0.0000,1
5.038000,0.00000000,0.0000,1
5.039000,0.00000000,0.0000,1
5.040000,0.00000000,0.0000,1
5.040000,0.00000000,0.0000,1
5.041000,0.00000000,0.0000,1
5.042000,0.00000000,0.0000,1
5.043000,0.00000000,0.0000,1
5.044000,0.00000000,0.0000,1
5.045000,0.00000000,0.0000,1
5.046000,0.00000000,0.0000,1
5.046875,0.00000000,0.0000,1
5.047000,0.00000000,0.0000,1
5.048000,0.00000000,0.0000,1
5.049000,0.00000000,0.0000,1
5.050000,0.00000000,0.0000,1
5.050000,0.00000000,0.0000,1
5.051000,0.00000000,0.0000,1
5.052000,0.00000000,0.0000,1
5.053000,0.00000000,0.0000,1
5.054000,0.00000000,0.0000,1
5.055000,0.00000000,0.0000,1
5.056000,0.00000000,0.0000,1
5.057000,0.00000000,0.0000,1
5.058000,0.00000000,0.0000,1
5.059000,0.00000000,0.0000,1
5.060000,0.00000000,0.0000,1
5.060000,0.00000000,0.0000,1
5.061000,0.00000000,0.0000,1
5.062000,0.00000000,0.0000,1
5.062500,0.00000000,0.0000,1
5.063000,0.00000000,0.0000,1
5.064000,0.00000000,0.0000,1
5.065000,0.00000000,0.0000,1
5.066000,0.00000000,0.0000,1
5.067000,0.00000000,0.0000,1
5.068000,0.00000000,0.0000,1
5.069000,0.00000000,0.0000,1
5.070000,0.00000000,0.0000,1
5.070000,0.00000000,0.0000,1
5.071000,0.00000000,0.0000,1
5.072000,0.00000000,0.0000,1
5.073000,0.00000000,0.0000,1
5.074000,0.00000000,0.0000,1
5.075000,0.00000000,0.0000,1
5.076000,0.00000000,0.0000,1
5.077000,0.00000000,0.0000,1
5.078000,0.00000000,0.0000,1
5.078125,0.00000000,0.0000,1
5.079000,0.00000000,0.0000,1
5.080000,0.00000000,0.0000,1
5.080000,0.00000000,0.0000,1
5.081000,0.00000000,0.0000,1
5.082000,0.00000000,0.0000,1
5.083000,0.00000000,0.0000,1
5.084000,0.00000000,0.0000,1
5.085000,0.00000000,0.0000,1
5.086000,0.00000000,0.0000,1
5.087000,0.00000000,0.0000,1
5.088000,0.00000000,0.0000,1
5.089000,0.00000000,0.0000,1
5.090000,0.00000000,0.0000,1
5.090000,0.00000000,0.0000,1
5.091000,0.00000000,0.0000,1
5.092000,0.00000000,0.0000,1
5.093000,0.00000000,0.0000,1
5.093750,0.00000000,0.0000,1
5.094000,0.00000000,0.0000,1
5.095000,0.00000000,0.0000,1
5.096000,0.00000000,0.0000,1
5.097000,0.00000000,0.0000,1
5.098000,0.00000000,0.0000,1
5.099000,0.00000000,0.0000,1
5.100000,0.00000000,0.0000,1
5.100000,0.00000000,0.0000,1
5.101000,0.00000000,0.0000,1
5.102000,0.00000000,0.0000,1
5.103000,0.00000000,0.0000,1
5.104000,0.00000000,0.0000,1
5.105000,0.00000000,0.0000,1
5.106000,0.00000000,0.0000,1
5.107000,0.00000000,0.0000,1
5.108000,0.00000000,0.0000,1
5.109000,0.00000000,0.0000,1
5.109375,0.00000000,0.0000,1
5.110000,0.00000000,0.0000,1
5.110000,0.00000000,0.0000,1
5.111000,0.00000000,0.0000,1
5.112000,0.00000000,0.0000,1
5.113000,0.00000000,0.0000,1
5.114000,0.00000000,0.0000,1
5.115000,0.00000000,0.0000,1
5.116000,0.00000000,0.0000,1
5.117000,0.00000000,0.0000,1
5.118000,0.00000000,0.0000,1
5.119000,0.00000000,0.0000,1
5.120000,0.00000000,0.0000,1
5.120000,0.00000000,0.0000,1
5.121000,0.00000000,0.0000,1
5.122000,0.00000000,0.0000,1
5.123000,0.00000000,0.0000,1
5.124000,0.00000000,0.0000,1
5.125000,0.00000000,0.0000,1
5.126000,0.00000000,0.0000,1
5.127000,0.00000000,0.0000,1
5.128000,0.00000000,0.0000,1
5.129000,0.00000000,0.0000,1
5.130000,0.00000000,0.0000,1
5.130000,0.00000000,0.0000,1
5.131000,0.00000000,0.0000,1
5.132000,0.00000000,0.0000,1
5.133000,0.00000000,0.0000,1
5.134000,0.00000000,0.0000,1
5.135000,0.00000000,0.0000,1
5.136000,0.00000000,0.0000,1
5.137000,0.00000000,0.0000,1
5.138000,0.00000000,0.0000,1
5.139000,0.00000000,0.0000,1
5.140000,0.00000000,0.0000,1
5.140000,0.00000000,0.0000,1
5.140625,0.00000000,0.0000,1
5.141000,0.00000000,0.0000,1
5.142000,0.00000000,0.0000,1
5.143000,0.00000000,0.0000,1
5.144000,0.00000000,0.0000,1
5.145000,0.00000000,0.0000,1
5.146000,0.00000000,0.0000,1
5.147000,0.00000000,0.0000,1
5.148000,0.00000000,0.0000,1
5.149000,0.00000000,0.0000,1
5.150000,0.00000000,0.0000,1
5.150000,0.00000000,0.0000,1
5.151000,0.00000000,0.0000,1
5.152000,0.00000000,0.0000,1
5.153000,0.00000000,0.0000,1
5.154000,0.00000000,0.0000,1
5.155000,0.00000000,0.0000,1
5.156000,0.00000000,0.0000,1
5.156250,0.00000000,0.0000,1
5.157000,0.00000000,0.0000,1
5.158000,0.00000000,0.0000,1
5.159000,0.00000000,0.0000,1
5.160000,0.00000000,0.0000,1
5.160000,0.00000000,0.0000,1
5.161000,0.00000000,0.0000,1
5.162000,0.00000000,0.0000,1
5.163000,0.00000000,0.0000,1
5.164000,0.00000000,0.0000,1
5.165000,0.00000000,0.0000,1
5.166000,0.00000000,0.0000,1
5.167000,0.00000000,0.0000,1
5.168000,0.00000000,0.0000,1
5.169000,0.00000000,0.0000,1
5.170000,0.00000000,0.0000,1
5.170000,0.00000000,0.0000,1
5.171000,0.00000000,0.0000,1
5.171875,0.00000000,0.0000,1
5.172000,0.00000000,0.0000,1
5.173000,0.00000000,0.0000,1
5.174000,0.00000000,0.0000,1
5.175000,0.00000000,0.0000,1
5.176000,0.00000000,0.0000,1
5.177000,0.00000000,0.0000,1
5.178000,0.00000000,0.0000,1
5.179000,0.00000000,0.0000,1
5.180000,0.00000000,0.0000,1
5.180000,0.00000000,0.0000,1
5.181000,0.00000000,0.0000,1
5.182000,0.00000000,0.0000,1
5.183000,0.00000000,0.0000,1
5.184000,0.00000000,0.0000,1
5.185000,0.00000000,0.0000,1
5.186000,0.00000000,0.0000,1
5.187000,0.00000000,0.0000,1
5.187500,0.00000000,0.0000,1
5.188000,0.00000000,0.0000,1
5.189000,0.00000000,0.0000,1
5.190000,0.00000000,0.0000,1
5.190000,0.00000000,0.0000,1
5.191000,0.00000000,0.0000,1
5.192000,0.00000000,0.0000,1
5.193000,0.00000000,0.0000,1
5.194000,0.00000000,0.0000,1
5.195000,0.00000000,0.0000,1
5.196000,0.00000000,0.0000,1
5.197000,0.00000000,0.0000,1
5.198000,0.00000000,0.0000,1
5.199000,0.00000000,0.0000,1
5.200000,0.00000000,0.0000,1
5.200000,0.00000000,0.0000,1
5.201000,0.00000000,0.0000,1
5.202000,0.00000000,0.0000,1
5.203000,0.00000000,0.0000,1
5.203125,0.00000000,0.0000,1
5.204000,0.00000000,0.0000,1
5.205000,0.00000000,0.0000,1
5.206000,0.00000000,0.0000,1
5.207000,0.00000000,0.0000,1
5.208000,0.00000000,0.0000,1
5.209000,0.00000000,0.0000,1
5.210000,0.00000000,0.0000,1
5.210000,0.00000000,0.0000,1
5.211000,0.00000000,0.0000,1
5.212000,0.00000000,0.0000,1
5.213000,0.00000000,0.0000,1
5.214000,0.00000000,0.0000,1
5.215000,0.00000000,0.0000,1
5.216000,0.00000000,0.0000,1
5.217000,0.00000000,0.0000,1
5.218000,0.00000000,0.0000,1
5.218750,0.00000000,0.0000,1
5.219000,0.00000000,0.0000,1
5.220000,0.00000000,0.0000,1
5.220000,0.00000000,0.0000,1
5.221000,0.00000000,0.0000,1
5.222000,0.00000000,0.0000,1
5.223000,0.00000000,0.0000,1
5.224000,0.00000000,0.0000,1
5.225000,0.00000000,0.0000,1
5.226000,0.00000000,0.0000,1
5.227000,0.00000000,0.0000,1
5.228000,0.00000000,0.0000,1
5.229000,0.00000000,0.0000,1
5.230000,0.00000000,0.0000,1
5.230000,0.00000000,0.0000,1
5.231000,0.00000000,0.0000,1
5.232000,0.00000000,0.0000,1
5.233000,0.00000000,0.0000,1
5.234000,0.00000000,0.0000,1
5.234375,0.00000000,0.0000,1
5.235000,0.00000000,0.0000,1
5.236000,0.00000000,0.0000,1
5.237000,0.00000000,0.0000,1
5.238000,0.00000000,0.0000,1
5.239000,0.00000000,0.0000,1
5.240000,0.00000000,0.0000,1
5.240000,0.00000000,0.0000,1
5.241000,0.00000000,0.0000,1
5.242000,0.00000000,0.0000,1
5.243000,0.00000000,0.0000,1
5.244000,0.00000000,0.0000,1
5.245000,0.00000000,0.0000,1
5.246000,0.00000000,0.0000,1
5.247000,0.00000000,0.0000,1
5.248000,0.00000000,0.0000,1
5.249000,0.00000000,0.0000,1
5.250000,0.00000000,0.0000,1
5.250000,0.00000000,0.0000,1
5.251000,0.00000000,0.0000,1
5.252000,0.00000000,0.0000,1
5.253000,0.00000000,0.0000,1
5.254000,0.00000000,0.0000,1
5.255000,0.00000000,0.0000,1
5.256000,0.00000000,0.0000,1
5.257000,0.00000000,0.0000,1
5.258000,0.00000000,0.0000,1
5.259000,0.00000000,0.0000,1
5.260000,0.00000000,0.0000,1
5.260000,0.00000000,0.0000,1
5.261000,0.00000000,0.0000,1
5.262000,0.00000000,0.0000,1
5.263000,0.00000000,0.0000,1
5.264000,0.00000000,0.0000,1
5.265000,0.00000000,0.0000,1
5.265625,0.00000000,0.0000,1
5.266000,0.00000000,0.0000,1
5.267000,0.00000000,0.0000,1
5.268000,0.00000000,0.0000,1
5.269000,0.00000000,0.0000,1
5.270000,0.00000000,0.0000,1
5.270000,0.00000000,0.0000,1
5.271000,0.00000000,0.0000,1
5.272000,0.00000000,0.0000,1
5.273000,0.00000000,0.0000,1
5.274000,0.00000000,0.0000,1
5.275000,0.00000000,0.0000,1
5.276000,0.00000000,0.0000,1
5.277000,0.00000000,0.0000,1
5.278000,0.00000000,0.0000,1
5.279000,0.00000000,0.0000,1
5.280000,0.00000000,0.0000,1
5.280000,0.00000000,0.0000,1
5.281000,0.00000000,0.0000,1
5.281250,0.00000000,0.0000,1
5.282000,0.00000000,0.0000,1
5.283000,0.00000000,0.0000,1
5.284000,0.00000000,0.0000,1
5.285000,0.00000000,0.0000,1
5.286000,0.00000000,0.0000,1
5.287000,0.00000000,0.0000,1
5.288000,0.00000000,0.0000,1
5.289000,0.00000000,0.0000,1
5.290000,0.00000000,0.0000,1
5.290000,0.00000000,0.0000,1
5.291000,0.00000000,0.0000,1
5.292000,0.00000000,0.0000,1
5.293000,0.00000000,0.0000,1
5.294000,0.00000000,0.0000,1
5.295000,0.00000000,0.0000,1
5.296000,0.00000000,0.0000,1
5.296875,0.00000000,0.0000,1
5.297000,0.00000000,0.0000,1
5.298000,0.00000000,0.0000,1
5.299000,0.00000000,0.0000,1
5.300000,0.00000000,0.0000,1
5.300000,0.00000000,0.0000,1
5.301000,0.00000000,0.0000,1
5.302000,0.00000000,0.0000,1
5.303000,0.00000000,0.0000,1
5.304000,0.00000000,0.0000,1
5.305000,0.00000000,0.0000,1
5.306000,0.00000000,0.0000,1
5.307000,0.00000000,0.0000,1
5.308000,0.00000000,0.0000,1
5.309000,0.00000000,0.0000,1
5.310000,0.00000000,0.0000,1
5.310000,0.00000000,0.0000,1
5.311000,0.00000000,0.0000,1
5.312000,0.00000000,0.0000,1
5.312500,0.00000000,0.0000,1
5.313000,0.00000000,0.0000,1
5.314000,0.00000000,0.0000,1
5.315000,0.00000000,0.0000,1
5.316000,0.00000000,0.0000,1
5.317000,0.00000000,0.0000,1
5.318000,0.00000000,0.0000,1
5.319000,0.00000000,0.0000,1
5.320000,0.00000000,0.0000,1
5.320000,0.00000000,0.0000,1
5.321000,0.00000000,0.0000,1
5.322000,0.00000000,0.0000,1
5.323000,0.00000000,0.0000,1
5.324000,0.00000000,0.0000,1
5.325000,0.00000000,0.0000,1
5.326000,0.00000000,0.0000,1
5.327000,0.00000000,0.0000,1
5.328000,0.00000000,0.0000,1
5.328125,0.00000000,0.0000,1
5.329000,0.00000000,0.0000,1
5.330000,0.00000000,0.0000,1
5.330000,0.00000000,0.0000,1
5.331000,0.00000000,0.0000,1
5.332000,0.00000000,0.0000,1
5.333000,0.00000000,0.0000,1
5.334000,0.00000000,0.0000,1
5.335000,0.00000000,0.0000,1
5.336000,0.00000000,0.0000,1
5.337000,0.00000000,0.0000,1
5.338000,0.00000000,0.0000,1
5.339000,0.00000000,0.0000,1
5.340000,0.00000000,0.0000,1
5.340000,0.00000000,0.0000,1
5.341000,0.00000000,0.0000,1
5.342000,0.00000000,0.0000,1
5.343000,0.00000000,0.0000,1
5.343750,0.00000000,0.0000,1
5.344000,0.00000000,0.0000,1
5.345000,0.00000000,0.0000,1
5.346000,0.00000000,0.0000,1
5.347000,0.00000000,0.0000,1
5.348000,0.00000000,0.0000,1
5.349000,0.00000000,0.0000,1
5.350000,0.00000000,0.0000,1
5.350000,0.00000000,0.0000,1
5.351000,0.00000000,0.0000,1
5.352000,0.00000000,0.0000,1
5.353000,0.00000000,0.0000,1
5.354000,0.00000000,0.0000,1
5.355000,0.00000000,0.0000,1
5.356000,0.00000000,0.0000,1
5.357000,0.00000000,0.0000,1
5.358000,0.00000000,0.0000,1
5.359000,0.00000000,0.0000,1
5.359375,0.00000000,0.0000,1
5.360000,0.00000000,0.0000,1
5.360000,0.00000000,0.0000,1
5.361000,0.00000000,0.0000,1
5.362000,0.00000000,0.0000,1
5.363000,0.00000000,0.0000,1
5.364000,0.00000000,0.0000,1
5.365000,0.00000000,0.0000,1
5.366000,0.00000000,0.0000,1
5.367000,0.00000000,0.0000,1
5.368000,0.00000000,0.0000,1
5.369000,0.00000000,0.0000,1
5.370000,0.00000000,0.0000,1
5.370000,0.00000000,0.0000,1
5.371000,0.00000000,0.0000,1
5.372000,0.00000000,0.0000,1
5.373000,0.00000000,0.0000,1
5.374000,0.00000000,0.0000,1
5.375000,0.00000000,0.0000,1
5.376000,0.00000000,0.0000,1
5.377000,0.00000000,0.0000,1
5.378000,0.00000000,0.0000,1
5.379000,0.00000000,0.0000,1
5.380000,0.00000000,0.0000,1
5.380000,0.00000000,0.0000,1
5.381000,0.00000000,0.0000,1
5.382000,0.00000000,0.0000,1
5.383000,0.00000000,0.0000,1
5.384000,0.00000000,0.0000,1
5.385000,0.00000000,0.0000,1
5.386000,0.00000000,0.0000,1
5.387000,0.00000000,0.0000,1
5.388000,0.00000000,0.0000,1
5.389000,0.00000000,0.0000,1
5.390000,0.00000000,0.0000,1
5.390000,0.00000000,0.0000,1
5.390625,0.00000000,0.0000,1
5.391000,0.00000000,0.0000,1
5.392000,0.00000000,0.0000,1
5.393000,0.00000000,0.0000,1
5.394000,0.00000000,0.0000,1
5.395000,0.00000000,0.0000,1
5.396000,0.00000000,0.0000,1
5.397000,0.00000000,0.0000,1
5.398000,0.00000000,0.0000,1
5.399000,0.00000000,0.0000,1
5.400000,0.00000000,0.0000,1
5.400000,0.00000000,0.0000,1
5.401000,0.00000000,0.0000,1
5.402000,0.00000000,0.0000,1
5.403000,0.00000000,0.0000,1
5.404000,0.00000000,0.0000,1
5.405000,0.00000000,0.0000,1
5.406000,0.00000000,0.0000,1
5.406250,0.00000000,0.0000,1
5.407000,0.00000000,0.0000,1
5.408000,0.00000000,0.0000,1
5.409000,0.00000000,0.0000,1
5.410000,0.00000000,0.0000,1
5.410000,0.00000000,0.0000,1
5.411000,0.00000000,0.0000,1
5.412000,0.00000000,0.0000,1
5.413000,0.00000000,0.0000,1
5.414000,0.00000000,0.0000,1
5.415000,0.00000000,0.0000,1
5.416000,0.00000000,0.0000,1
5.417000,0.00000000,0.0000,1
5.418000,0.00000000,0.0000,1
5.419000,0.00000000,0.0000,1
5.420000,0.00000000,0.0000,1
5.420000,0.00000000,0.0000,1
5.421000,0.00000000,0.0000,1
5.421875,0.00000000,0.0000,1
5.422000,0.00000000,0.0000,1
5.423000,0.00000000,0.0000,1
5.424000,0.00000000,0.0000,1
5.425000,0.00000000,0.0000,1
5.426000,0.00000000,0.0000,1
5.427000,0.00000000,0.0000,1
5.428000,0.00000000,0.0000,1
5.429000,0.00000000,0.0000,1
5.430000,0.00000000,0.0000,1
5.430000,0.00000000,0.0000,1
5.431000,0.00000000,0.0000,1
5.432000,0.00000000,0.0000,1
5.433000,0.00000000,0.0000,1
5.434000,0.00000000,0.0000,1
5.435000,0.00000000,0.0000,1
5.436000,0.00000000,0.0000,1
5.437000,0.00000000,0.0000,1
5.437500,0.00000000,0.0000,1
5.438000,0.00000000,0.0000,1
5.439000,0.00000000,0.0000,1
5.440000,0.00000000,0.0000,1
5.440000,0.00000000,0.0000,1
5.441000,0.00000000,0.0000,1
5.442000,0.00000000,0.0000,1
5.443000,0.00000000,0.0000,1
5.444000,0.00000000,0.0000,1
5.445000,0.00000000,0.0000,1
5.446000,0.00000000,0.0000,1
5.447000,0.00000000,0.0000,1
5.448000,0.00000000,0.0000,1
5.449000,0.00000000,0.0000,1
5.450000,0.00000000,0.0000,1
5.450000,0.00000000,0.0000,1
5.451000,0.00000000,0.0000,1
5.452000,0.00000000,0.0000,1
5.453000,0.00000000,0.0000,1
5.453125,0.00000000,0.0000,1
5.454000,0.00000000,0.0000,1
5.455000,0.00000000,0.0000,1
5.456000,0.00000000,0.0000,1
5.457000,0.00000000,0.0000,1
5.458000,0.00000000,0.0000,1
5.459000,0.00000000,0.0000,1
5.460000,0.00000000,0.0000,1
5.460000,0.00000000,0.0000,1
5.461000,0.00000000,0.0000,1
5.462000,0.00000000,0.0000,1
5.463000,0.00000000,0.0000,1
5.464000,0.00000000,0.0000,1
5.465000,0.00000000,0.0000,1
5.466000,0.00000000,0.0000,1
5.467000,0.00000000,0.0000,1
5.468000,0.00000000,0.0000,1
5.468750,0.00000000,0.0000,1
5.469000,0.00000000,0.0000,1
5.470000,0.00000000,0.0000,1
5.470000,0.00000000,0.0000,1
5.471000,0.00000000,0.0000,1
5.472000,0.00000000,0.0000,1
5.473000,0.00000000,0.0000,1
5.474000,0.00000000,0.0000,1
5.475000,0.00000000,0.0000,1
5.476000,0.00000000,0.0000,1
5.477000,0.00000000,0.0000,1
5.478000,0.00000000,0.0000,1
5.479000,0.00000000,0.0000,1
5.480000,0.00000000,0.0000,1
5.480000,0.00000000,0.0000,1
5.481000,0.00000000,0.0000,1
5.482000,0.00000000,0.0000,1
5.483000,0.00000000,0.0000,1
5.484000,0.00000000,0.0000,1
5.484375,0.00000000,0.0000,1
5.485000,0.00000000,0.0000,1
5.486000,0.00000000,0.0000,1
5.487000,0.00000000,0.0000,1
5.488000,0.00000000,0.0000,1
5.489000,0.00000000,0.0000,1
5.490000,0.00000000,0.0000,1
5.490000,0.00000000,0.0000,1
5.491000,0.00000000,0.0000,1
5.492000,0.00000000,0.0000,1
5.493000,0.00000000,0.0000,1
5.494000,0.00000000,0.0000,1
5.495000,0.00000000,0.0000,1
5.496000,0.00000000,0.0000,1
5.497000,0.00000000,0.0000,1
5.498000,0.00000000,0.0000,1
5.499000,0.00000000,0.0000,1
5.500000,0.00000000,0.0000,1
5.500000,0.00000000,0.0000,1
5.501000,0.00000000,0.0000,1
5.502000,0.00000000,0.0000,1
5.503000,0.00000000,0.0000,1
5.504000,0.00000000,0.0000,1
5.505000,0.00000000,0.0000,1
5.506000,0.00000000,0.0000,1
5.507000,0.00000000,0.0000,1
5.508000,0.00000000,0.0000,1
5.509000,0.00000000,0.0000,1
5.510000,0.00000000,0.0000,1
5.510000,0.00000000,0.0000,1
5.511000,0.00000000,0.0000,1
5.512000,0.00000000,0.0000,1
5.513000,0.00000000,0.0000,1
5.514000,0.00000000,0.0000,1
5.515000,0.00000000,0.0000,1
5.515625,0.00000000,0.0000,1
5.516000,0.00000000,0.0000,1
5.517000,0.00000000,0.0000,1
5.518000,0.00000000,0.0000,1
5.519000,0.00000000,0.0000,1
5.520000,0.00000000,0.0000,1
5.520000,0.00000000,0.0000,1
5.521000,0.00000000,0.0000,1
5.522000,0.00000000,0.0000,1
5.523000,0.00000000,0.0000,1
5.524000,0.00000000,0.0000,1
5.525000,0.00000000,0.0000,1
5.526000,0.00000000,0.0000,1
5.527000,0.00000000,0.0000,1
5.528000,0.00000000,0.0000,1
5.529000,0.00000000,0.0000,1
5.530000,0.00000000,0.0000,1
5.530000,0.00000000,0.0000,1
5.531000,0.00000000,0.0000,1
5.531250,0.00000000,0.0000,1
5.532000,0.00000000,0.0000,1
5.533000,0.00000000,0.0000,1
5.534000,0.00000000,0.0000,1
5.535000,0.00000000,0.0000,1
5.536000,0.00000000,0.0000,1
5.537000,0.00000000,0.0000,1
5.538000,0.00000000,0.0000,1
5.539000,0.00000000,0.0000,1
5.540000,0.00000000,0.0000,1
5.540000,0.00000000,0.0000,1
5.541000,0.00000000,0.0000,1
5.542000,0.00000000,0.0000,1
5.543000,0.00000000,0.0000,1
5.544000,0.00000000,0.0000,1
5.545000,0.00000000,0.0000,1
5.546000,0.00000000,0.0000,1
5.546875,0.00000000,0.0000,1
5.547000,0.00000000,0.0000,1
5.548000,0.00000000,0.0000,1
5.549000,0.00000000,0.0000,1
5.550000,0.00000000,0.0000,1
5.550000,0.00000000,0.0000,1
5.551000,0.00000000,0.0000,1
5.552000,0.00000000,0.0000,1
5.553000,0.00000000,0.0000,1
5.554000,0.00000000,0.0000,1
5.555000,0.00000000,0.0000,1
5.556000,0.00000000,0.0000,1
5.557000,0.00000000,0.0000,1
5.558000,0.00000000,0.0000,1
5.559000,0.00000000,0.0000,1
5.560000,0.00000000,0.0000,1
5.560000,0.00000000,0.0000,1
5.561000,0.00000000,0.0000,1
5.562000,0.00000000,0.0000,1
5.562500,0.00000000,0.0000,1
5.563000,0.00000000,0.0000,1
5.564000,0.00000000,0.0000,1
5.565000,0.00000000,0.0000,1
5.566000,0.00000000,0.0000,1
5.567000,0.00000000,0.0000,1
5.568000,0.00000000,0.0000,1
5.569000,0.00000000,0.0000,1
5.570000,0.00000000,0.0000,1
5.570000,0.00000000,0.0000,1
5.571000,0.00000000,0.0000,1
5.572000,0.00000000,0.0000,1
5.573000,0.00000000,0.0000,1
5.574000,0.00000000,0.0000,1
5.575000,0.00000000,0.0000,1
5.576000,0.00000000,0.0000,1
5.577000,0.00000000,0.0000,1
5.578000,0.00000000,0.0000,1
5.578125,0.00000000,0.0000,1
5.579000,0.00000000,0.0000,1
5.580000,0.00000000,0.0000,1
5.580000,0.00000000,0.0000,1
5.581000,0.00000000,0.0000,1
5.582000,0.00000000,0.0000,1
5.583000,0.00000000,0.0000,1
5.584000,0.00000000,0.0000,1
5.585000,0.00000000,0.0000,1
5.586000,0.00000000,0.0000,1
5.587000,0.00000000,0.0000,1
5.588000,0.00000000,0.0000,1
5.589000,0.00000000,0.0000,1
5.590000,0.00000000,0.0000,1
5.590000,0.00000000,0.0000,1
5.591000,0.00000000,0.0000,1
5.592000,0.00000000,0.0000,1
5.593000,0.00000000,0.0000,1
5.593750,0.00000000,0.0000,1
5.594000,0.00000000,0.0000,1
5.595000,0.00000000,0.0000,1
5.596000,0.00000000,0.0000,1
5.597000,0.00000000,0.0000,1
5.598000,0.00000000,0.0000,1
5.599000,0.00000000,0.0000,1
5.600000,0.00000000,0.0000,1
5.600000,0.00000000,0.0000,1
5.601000,0.00000000,0.0000,1
5.602000,0.00000000,0.0000,1
5.603000,0.00000000,0.0000,1
5.604000,0.00000000,0.0000,1
5.605000,0.00000000,0.0000,1
5.606000,0.00000000,0.0000,1
5.607000,0.00000000,0.0000,1
5.608000,0.00000000,0.0000,1
5.609000,0.00000000,0.0000,1
5.609375,0.00000000,0.0000,1
5.610000,0.00000000,0.0000,1
5.610000,0.00000000,0.0000,1
5.611000,0.00000000,0.0000,1
5.612000,0.00000000,0.0000,1
5.613000,0.00000000,0.0000,1
5.614000,0.00000000,0.0000,1
5.615000,0.00000000,0.0000,1
5.616000,0.00000000,0.0000,1
5.617000,0.00000000,0.0000,1
5.618000,0.00000000,0.0000,1
5.619000,0.00000000,0.0000,1
5.620000,0.00000000,0.0000,1
5.620000,0.00000000,0.0000,1
5.621000,0.00000000,0.0000,1
5.622000,0.00000000,0.0000,1
5.623000,0.00000000,0.0000,1
5.624000,0.00000000,0.0000,1
5.625000,0.00000000,0.0000,1
5.626000,0.00000000,0.0000,1
5.627000,0.00000000,0.0000,1
5.628000,0.00000000,0.0000,1
5.629000,0.00000000,0.0000,1
5.630000,0.00000000,0.0000,1
5.630000,0.00000000,0.0000,1
5.631000,0.00000000,0.0000,1
5.632000,0.00000000,0.0000,1
5.633000,0.00000000,0.0000,1
5.634000,0.00000000,0.0000,1
5.635000,0.00000000,0.0000,1
5.636000,0.00000000,0.0000,1
5.637000,0.00000000,0.0000,1
5.638000,0.00000000,0.0000,1
5.639000,0.00000000,0.0000,1
5.640000,0.00000000,0.0000,1
5.640000,0.00000000,0.0000,1
5.640625,0.00000000,0.0000,1
5.641000,0.00000000,0.0000,1
5.642000,0.00000000,0.0000,1
5.643000,0.00000000,0.0000,1
5.644000,0.00000000,0.0000,1
5.645000,0.00000000,0.0000,1
5.646000,0.00000000,0.0000,1
5.647000,0.00000000,0.0000,1
5.648000,0.00000000,0.0000,1
5.649000,0.00000000,0.0000,1
5.650000,0.00000000,0.0000,1
5.650000,0.00000000,0.0000,1
5.651000,0.00000000,0.0000,1
5.652000,0.00000000,0.0000,1
5.653000,0.00000000,0.0000,1
5.654000,0.00000000,0.0000,1
5.655000,0.00000000,0.0000,1
5.656000,0.00000000,0.0000,1
5.656250,0.00000000,0.0000,1
5.657000,0.00000000,0.0000,1
5.658000,0.00000000,0.0000,1
5.659000,0.00000000,0.0000,1
5.660000,0.00000000,0.0000,1
5.660000,0.00000000,0.0000,1
5.661000,0.00000000,0.0000,1
5.662000,0.00000000,0.0000,1
5.663000,0.00000000,0.0000,1
5.664000,0.00000000,0.0000,1
5.665000,0.00000000,0.0000,1
5.666000,0.00000000,0.0000,1
5.667000,0.00000000,0.0000,1
5.668000,0.00000000,0.0000,1
5.669000,0.00000000,0.0000,1
5.670000,0.00000000,0.0000,1
5.670000,0.00000000,0.0000,1
5.671000,0.00000000,0.0000,1
5.671875,0.00000000,0.0000,1
5.672000,0.00000000,0.0000,1
5.673000,0.00000000,0.0000,1
5.674000,0.00000000,0.0000,1
5.675000,0.00000000,0.0000,1
5.676000,0.00000000,0.0000,1
5.677000,0.00000000,0.0000,1
5.678000,0.00000000,0.0000,1
5.679000,0.00000000,0.0000,1
5.680000,0.00000000,0.0000,1
5.680000,0.00000000,0.0000,1
5.681000,0.00000000,0.0000,1
5.682000,0.00000000,0.0000,1
5.683000,0.00000000,0.0000,1
5.684000,0.00000000,0.0000,1
5.685000,0.00000000,0.0000,1
5.686000,0.00000000,0.0000,1
5.687000,0.00000000,0.0000,1
5.687500,0.00000000,0.0000,1
5.688000,0.00000000,0.0000,1
5.689000,0.00000000,0.0000,1
5.690000,0.00000000,0.0000,1
5.690000,0.00000000,0.0000,1
5.691000,0.00000000,0.0000,1
5.692000,0.00000000,0.0000,1
5.693000,0.00000000,0.0000,1
5.694000,0.00000000,0.0000,1
5.695000,0.00000000,0.0000,1
5.696000,0.00000000,0.0000,1
5.697000,0.00000000,0.0000,1
5.698000,0.00000000,0.0000,1
5.699000,0.00000000,0.0000,1
5.700000,0.00000000,0.0000,1
5.700000,0.00000000,0.0000,1
5.701000,0.00000000,0.0000,1
5.702000,0.00000000,0.0000,1
5.703000,0.00000000,0.0000,1
5.703125,0.00000000,0.0000,1
5.704000,0.00000000,0.0000,1
5.705000,0.00000000,0.0000,1
5.706000,0.00000000,0.0000,1
5.707000,0.00000000,0.0000,1
5.708000,0.00000000,0.0000,1
5.709000,0.00000000,0.0000,1
5.710000,0.00000000,0.0000,1
5.710000,0.00000000,0.0000,1
5.711000,0.00000000,0.0000,1
5.712000,0.00000000,0.0000,1
5.713000,0.00000000,0.0000,1
5.714000,0.00000000,0.0000,1
5.715000,0.00000000,0.0000,1
5.716000,0.00000000,0.0000,1
5.717000,0.00000000,0.0000,1
5.718000,0.00000000,0.0000,1
5.718750,0.00000000,0.0000,1
5.719000,0.00000000,0.0000,1
5.720000,0.00000000,0.0000,1
5.720000,0.00000000,0.0000,1
5.721000,0.00000000,0.0000,1
5.722000,0.00000000,0.0000,1
5.723000,0.00000000,0.0000,1
5.724000,0.00000000,0.0000,1
5.725000,0.00000000,0.0000,1
5.726000,0.00000000,0.0000,1
5.727000,0.00000000,0.0000,1
5.728000,0.00000000,0.0000,1
5.729000,0.00000000,0.0000,1
5.730000,0.00000000,0.0000,1
5.730000,0.00000000,0.0000,1
5.731000,0.00000000,0.0000,1
5.732000,0.00000000,0.0000,1
5.733000,0.00000000,0.0000,1
5.734000,0.00000000,0.0000,1
5.734375,0.00000000,0.0000,1
5.735000,0.00000000,0.0000,1
5.736000,0.00000000,0.0000,1
5.737000,0.00000000,0.0000,1
5.738000,0.00000000,0.0000,1
5.739000,0.00000000,0.0000,1
5.740000,0.00000000,0.0000,1
5.740000,0.00000000,0.0000,1
5.741000,0.00000000,0.0000,1
5.742000,0.00000000,0.0000,1
5.743000,0.00000000,0.0000,1
5.744000,0.00000000,0.0000,1
5.745000,0.00000000,0.0000,1
5.746000,0.00000000,0.0000,1
5.747000,0.00000000,0.0000,1
5.748000,0.00000000,0.0000,1
5.749000,0.00000000,0.0000,1
5.750000,0.00000000,0.0000,1
5.750000,0.00000000,0.0000,1
5.751000,0.00000000,0.0000,1
5.752000,0.00000000,0.0000,1
5.753000,0.00000000,0.0000,1
5.754000,0.00000000,0.0000,1
5.755000,0.00000000,0.0000,1
5.756000,0.00000000,0.0000,1
5.757000,0.00000000,0.0000,1
5.758000,0.00000000,0.0000,1
5.759000,0.00000000,0.0000,1
5.760000,0.00000000,0.0000,1
5.760000,0.00000000,0.0000,1
5.761000,0.00000000,0.0000,1
5.762000,0.00000000,0.0000,1
5.763000,0.00000000,0.0000,1
5.764000,0.00000000,0.0000,1
5.765000,0.00000000,0.0000,1
5.765625,0.00000000,0.0000,1
5.766000,0.00000000,0.0000,1
5.767000,0.00000000,0.0000,1
5.768000,0.00000000,0.0000,1
5.769000,0.00000000,0.0000,1
5.770000,0.00000000,0.0000,1
5.770000,0.00000000,0.0000,1
5.771000,0.00000000,0.0000,1
5.772000,0.00000000,0.0000,1
5.773000,0.00000000,0.0000,1
5.774000,0.00000000,0.0000,1
5.775000,0.00000000,0.0000,1
5.776000,0.00000000,0.0000,1
5.777000,0.00000000,0.0000,1
5.778000,0.00000000,0.0000,1
5.779000,0.00000000,0.0000,1
5.780000,0.00000000,0.0000,1
5.780000,0.00000000,0.0000,1
5.781000,0.00000000,0.0000,1
5.781250,0.00000000,0.0000,1
5.782000,0.00000000,0.0000,1
5.783000,0.00000000,0.0000,1
5.784000,0.00000000,0.0000,1
5.785000,0.00000000,0.0000,1
5.786000,0.00000000,0.0000,1
5.787000,0.00000000,0.0000,1
5.788000,0.00000000,0.0000,1
5.789000,0.00000000,0.0000,1
5.790000,0.00000000,0.0000,1
5.790000,0.00000000,0.0000,1
5.791000,0.00000000,0.0000,1
5.792000,0.00000000,0.0000,1
5.793000,0.00000000,0.0000,1
5.794000,0.00000000,0.0000,1
5.795000,0.00000000,0.0000,1
5.796000,0.00000000,0.0000,1
5.796875,0.00000000,0.0000,1
5.797000,0.00000000,0.0000,1
5.798000,0.00000000,0.0000,1
5.799000,0.00000000,0.0000,1
5.800000,0.00000000,0.0000,1
5.800000,0.00000000,0.0000,1
5.801000,0.00000000,0.0000,1
5.802000,0.00000000,0.0000,1
5.803000,0.00000000,0.0000,1
5.804000,0.00000000,0.0000,1
5.805000,0.00000000,0.0000,1
5.806000,0.00000000,0.0000,1
5.807000,0.00000000,0.0000,1
5.808000,0.00000000,0.0000,1
5.809000,0.00000000,0.0000,1
5.810000,0.00000000,0.0000,1
5.810000,0.00000000,0.0000,1
5.811000,0.00000000,0.0000,1
5.812000,0.00000000,0.0000,1
5.812500,0.00000000,0.0000,1
5.813000,0.00000000,0.0000,1
5.814000,0.00000000,0.0000,1
5.815000,0.00000000,0.0000,1
5.816000,0.00000000,0.0000,1
5.817000,0.00000000,0.0000,1
5.818000,0.00000000,0.0000,1
5.819000,0.00000000,0.0000,1
5.820000,0.00000000,0.0000,1
5.820000,0.00000000,0.0000,1
5.821000,0.00000000,0.0000,1
5.822000,0.00000000,0.0000,1
5.823000,0.00000000,0.0000,1
5.824000,0.00000000,0.0000,1
5.825000,0.00000000,0.0000,1
5.826000,0.00000000,0.0000,1
5.827000,0.00000000,0.0000,1
5.828000,0.00000000,0.0000,1
5.828125,0.00000000,0.0000,1
5.829000,0.00000000,0.0000,1
5.830000,0.00000000,0.0000,1
5.830000,0.00000000,0.0000,1
5.831000,0.00000000,0.0000,1
5.832000,0.00000000,0.0000,1
5.833000,0.00000000,0.0000,1
5.834000,0.00000000,0.0000,1
5.835000,0.00000000,0.0000,1
5.836000,0.00000000,0.0000,1
5.837000,0.00000000,0.0000,1
5.838000,0.00000000,0.0000,1
5.839000,0.00000000,0.0000,1
5.840000,0.00000000,0.0000,1
5.840000,0.00000000,0.0000,1
5.841000,0.00000000,0.0000,1
5.842000,0.00000000,0.0000,1
5.843000,0.00000000,0.0000,1
5.843750,0.00000000,0.0000,1
5.844000,0.00000000,0.0000,1
5.845000,0.00000000,0.0000,1
5.846000,0.00000000,0.0000,1
5.847000,0.00000000,0.0000,1
5.848000,0.00000000,0.0000,1
5.849000,0.00000000,0.0000,1
5.850000,0.00000000,0.0000,1
5.850000,0.00000000,0.0000,1
5.851000,0.00000000,0.0000,1
5.852000,0.00000000,0.0000,1
5.853000,0.00000000,0.0000,1
5.854000,0.00000000,0.0000,1
5.855000,0.00000000,0.0000,1
5.856000,0.00000000,0.0000,1
5.857000,0.00000000,0.0000,1
5.858000,0.00000000,0.0000,1
5.859000,0.00000000,0.0000,1
5.859375,0.00000000,0.0000,1
5.860000,0.00000000,0.0000,1
5.860000,0.00000000,0.0000,1
5.861000,0.00000000,0.0000,1
5.862000,0.00000000,0.0000,1
5.863000,0.00000000,0.0000,1
5.864000,0.00000000,0.0000,1
5.865000,0.00000000,0.0000,1
5.866000,0.00000000,0.0000,1
5.867000,0.00000000,0.0000,1
5.868000,0.00000000,0.0000,1
5.869000,0.00000000,0.0000,1
5.870000,0.00000000,0.0000,1
5.870000,0.00000000,0.0000,1
5.871000,0.00000000,0.0000,1
5.872000,0.00000000,0.0000,1
5.873000,0.00000000,0.0000,1
5.874000,0.00000000,0.0000,1
5.875000,0.00000000,0.0000,1
5.876000,0.00000000,0.0000,1
5.877000,0.00000000,0.0000,1
5.878000,0.00000000,0.0000,1
5.879000,0.00000000,0.0000,1
5.880000,0.00000000,0.0000,1
5.880000,0.00000000,0.0000,1
5.881000,0.00000000,0.0000,1
5.882000,0.00000000,0.0000,1
5.883000,0.00000000,0.0000,1
5.884000,0.00000000,0.0000,1
5.885000,0.00000000,0.0000,1
5.886000,0.00000000,0.0000,1
5.887000,0.00000000,0.0000,1
5.888000,0.00000000,0.0000,1
5.889000,0.00000000,0.0000,1
5.890000,0.00000000,0.0000,1
5.890000,0.00000000,0.0000,1
5.890625,0.00000000,0.0000,1
5.891000,0.00000000,0.0000,1
5.892000,0.00000000,0.0000,1
5.893000,0.00000000,0.0000,1
5.894000,0.00000000,0.0000,1
5.895000,0.00000000,0.0000,1
5.896000,0.00000000,0.0000,1
5.897000,0.00000000,0.0000,1
5.898000,0.00000000,0.0000,1
5.899000,0.00000000,0.0000,1
5.900000,0.00000000,0.0000,1
5.900000,0.00000000,0.0000,1
5.901000,0.00000000,0.0000,1
5.902000,0.00000000,0.0000,1
5.903000,0.00000000,0.0000,1
5.904000,0.00000000,0.0000,1
5.905000,0.00000000,0.0000,1
5.906000,0.00000000,0.0000,1
5.906250,0.00000000,0.0000,1
5.907000,0.00000000,0.0000,1
5.908000,0.00000000,0.0000,1
5.909000,0.00000000,0.0000,1
5.910000,0.00000000,0.0000,1
5.910000,0.00000000,0.0000,1
5.911000,0.00000000,0.0000,1
5.912000,0.00000000,0.0000,1
5.913000,0.00000000,0.0000,1
5.914000,0.00000000,0.0000,1
5.915000,0.00000000,0.0000,1
5.916000,0.00000000,0.0000,1
5.917000,0.00000000,0.0000,1
5.918000,0.00000000,0.0000,1
5.919000,0.00000000,0.0000,1
5.920000,0.00000000,0.0000,1
5.920000,0.00000000,0.0000,1
5.921000,0.00000000,0.0000,1
5.921875,0.00000000,0.0000,1
5.922000,0.00000000,0.0000,1
5.923000,0.00000000,0.0000,1
5.924000,0.00000000,0.0000,1
5.925000,0.00000000,0.0000,1
5.926000,0.00000000,0.0000,1
5.927000,0.00000000,0.0000,1
5.928000,0.00000000,0.0000,1
5.929000,0.00000000,0.0000,1
5.930000,0.00000000,0.0000,1
5.930000,0.00000000,0.0000,1
5.931000,0.00000000,0.0000,1
5.932000,0.00000000,0.0000,1
5.933000,0.00000000,0.0000,1
5.934000,0.00000000,0.0000,1
5.935000,0.00000000,0.0000,1
5.936000,0.00000000,0.0000,1
5.937000,0.00000000,0.0000,1
5.937500,0.00000000,0.0000,1
5.938000,0.00000000,0.0000,1
5.939000,0.00000000,0.0000,1
5.940000,0.00000000,0.0000,1
5.940000,0.00000000,0.0000,1
5.941000,0.00000000,0.0000,1
5.942000,0.00000000,0.0000,1
5.943000,0.00000000,0.0000,1
5.944000,0.00000000,0.0000,1
5.945000,0.00000000,0.0000,1
5.946000,0.00000000,0.0000,1
5.947000,0.00000000,0.0000,1
5.948000,0.00000000,0.0000,1
5.949000,0.00000000,0.0000,1
5.950000,0.00000000,0.0000,1
5.950000,0.00000000,0.0000,1
5.951000,0.00000000,0.0000,1
5.952000,0.00000000,0.0000,1
5.953000,0.00000000,0.0000,1
5.953125,0.00000000,0.0000,1
5.954000,0.00000000,0.0000,1
5.955000,0.00000000,0.0000,1
5.956000,0.00000000,0.0000,1
5.957000,0.00000000,0.0000,1
5.958000,0.00000000,0.0000,1
5.959000,0.00000000,0.0000,1
5.960000,0.00000000,0.0000,1
5.960000,0.00000000,0.0000,1
5.961000,0.00000000,0.0000,1
5.962000,0.00000000,0.0000,1
5.963000,0.00000000,0.0000,1
5.964000,0.00000000,0.0000,1
5.965000,0.00000000,0.0000,1
5.966000,0.00000000,0.0000,1
5.967000,0.00000000,0.0000,1
5.968000,0.00000000,0.0000,1
5.968750,0.00000000,0.0000,1
5.969000,0.00000000,0.0000,1
5.970000,0.00000000,0.0000,1
5.970000,0.00000000,0.0000,1
5.971000,0.00000000,0.0000,1
5.972000,0.00000000,0.0000,1
5.973000,0.00000000,0.0000,1
5.974000,0.00000000,0.0000,1
5.975000,0.00000000,0.0000,1
5.976000,0.00000000,0.0000,1
5.977000,0.00000000,0.0000,1
5.978000,0.00000000,0.0000,1
5.979000,0.00000000,0.0000,1
5.980000,0.00000000,0.0000,1
5.980000,0.00000000,0.0000,1
5.981000,0.00000000,0.0000,1
5.982000,0.00000000,0.0000,1
5.983000,0.00000000,0.0000,1
5.984000,0.00000000,0.0000,1
5.984375,0.00000000,0.0000,1
5.985000,0.00000000,0.0000,1
5.986000,0.00000000,0.0000,1
5.987000,0.00000000,0.0000,1
5.988000,0.00000000,0.0000,1
5.989000,0.00000000,0.0000,1
5.990000,0.00000000,0.0000,1
5.990000,0.00000000,0.0000,1
5.991000,0.00000000,0.0000,1
5.992000,0.00000000,0.0000,1
5.993000,0.00000000,0.0000,1
5.994000,0.00000000,0.0000,1
5.995000,0.00000000,0.0000,1
5.996000,0.00000000,0.0000,1
5.997000,0.00000000,0.0000,1
5.998000,0.00000000,0.0000,1
5.999000,0.00000000,0.0000,1
6.000000,0.00000000,0.0000,1
6.000000,0.00000000,0.0000,1
6.001000,0.00000000,0.0000,1
6.002000,0.00000000,0.0000,1
6.003000,0.00000000,0.0000,1
6.004000,0.00000000,0.0000,1
6.005000,0.00000000,0.0000,1
6.006000,0.00000000,0.0000,1
6.007000,0.00000000,0.0000,1
6.008000,0.00000000,0.0000,1
6.009000,0.00000000,0.0000,1
6.010000,0.00000000,0.0000,1
6.010000,0.00000000,0.0000,1
6.011000,0.00000000,0.0000,1
6.012000,0.00000000,0.0000,1
6.013000,0.00000000,0.0000,1
6.014000,0.00000000,0.0000,1
6.015000,0.00000000,0.0000,1
6.015625,0.00000000,0.0000,1
6.016000,0.00000000,0.0000,1
6.017000,0.00000000,0.0000,1
6.018000,0.00000000,0.0000,1
6.019000,0.00000000,0.0000,1
6.020000,0.00000000,0.0000,1
6.020000,0.00000000,0.0000,1
6.021000,0.00000000,0.0000,1
6.022000,0.00000000,0.0000,1
6.023000,0.00000000,0.0000,1
6.024000,0.00000000,0.0000,1
6.025000,0.00000000,0.0000,1
6.026000,0.00000000,0.0000,1
6.027000,0.00000000,0.0000,1
6.028000,0.00000000,0.0000,1
6.029000,0.00000000,0.0000,1
6.030000,0.00000000,0.0000,1
6.030000,0.00000000,0.0000,1
6.031000,0.00000000,0.0000,1
6.031250,0.00000000,0.0000,1
6.032000,0.00000000,0.0000,1
6.033000,0.00000000,0.0000,1
6.034000,0.00000000,0.0000,1
6.035000,0.00000000,0.0000,1
6.036000,0.00000000,0.0000,1
6.037000,0.00000000,0.0000,1
6.038000,0.00000000,0.0000,1
6.039000,0.00000000,0.0000,1
6.040000,0.00000000,0.0000,1
6.040000,0.00000000,0.0000,1
6.041000,0.00000000,0.0000,1
6.042000,0.00000000,0.0000,1
6.043000,0.00000000,0.0000,1
6.044000,0.00000000,0.0000,1
6.045000,0.00000000,0.0000,1
6.046000,0.00000000,0.0000,1
6.046875,0.00000000,0.0000,1
6.047000,0.00000000,0.0000,1
6.048000,0.00000000,0.0000,1
6.049000,0.00000000,0.0000,1
6.050000,0.00000000,0.0000,1
6.050000,0.00000000,0.0000,1
6.051000,0.00000000,0.0000,1
6.052000,0.00000000,0.0000,1
6.053000,0.00000000,0.0000,1
6.054000,0.00000000,0.0000,1
6.055000,0.00000000,0.0000,1
6.056000,0.00000000,0.0000,1
6.057000,0.00000000,0.0000,1
6.058000,0.00000000,0.0000,1
6.059000,0.00000000,0.0000,1
6.060000,0.00000000,0.0000,1
6.060000,0.00000000,0.0000,1
6.061000,0.00000000,0.0000,1
6.062000,0.00000000,0.0000,1
6.062500,0.00000000,0.0000,1
6.063000,0.00000000,0.0000,1
6.064000,0.00000000,0.0000,1
6.065000,0.00000000,0.0000,1
6.066000,0.00000000,0.0000,1
6.067000,0.00000000,0.0000,1
6.068000,0.00000000,0.0000,1
6.069000,0.00000000,0.0000,1
6.070000,0.00000000,0.0000,1
6.070000,0.00000000,0.0000,1
6.071000,0.00000000,0.0000,1
6.072000,0.00000000,0.0000,1
6.073000,0.00000000,0.0000,1
6.074000,0.00000000,0.0000,1
6.075000,0.00000000,0.0000,1
6.076000,0.00000000,0.0000,1
6.077000,0.00000000,0.0000,1
6.078000,0.00000000,0.0000,1
6.078125,0.00000000,0.0000,1
6.079000,0.00000000,0.0000,1
6.080000,0.00000000,0.0000,1
6.080000,0.00000000,0.0000,1
6.081000,0.00000000,0.0000,1
6.082000,0.00000000,0.0000,1
6.083000,0.00000000,0.0000,1
6.084000,0.00000000,0.0000,1
6.085000,0.00000000,0.0000,1
6.086000,0.00000000,0.0000,1
6.087000,0.00000000,0.0000,1
6.088000,0.00000000,0.0000,1
6.089000,0.00000000,0.0000,1
6.090000,0.00000000,0.0000,1
6.090000,0.00000000,0.0000,1
6.091000,0.00000000,0.0000,1
6.092000,0.00000000,0.0000,1
6.093000,0.00000000,0.0000,1
6.093750,0.00000000,0.0000,1
6.094000,0.00000000,0.0000,1
6.095000,0.00000000,0.0000,1
6.096000,0.00000000,0.0000,1
6.097000,0.00000000,0.0000,1
6.098000,0.00000000,0.0000,1
6.099000,0.00000000,0.0000,1
6.100000,0.00000000,0.0000,1
6.100000,0.00000000,0.0000,1
6.101000,0.00000000,0.0000,1
6.102000,0.00000000,0.0000,1
6.103000,0.00000000,0.0000,1
6.104000,0.00000000,0.0000,1
6.105000,0.00000000,0.0000,1
6.106000,0.00000000,0.0000,1
6.107000,0.00000000,0.0000,1
6.108000,0.00000000,0.0000,1
6.109000,0.00000000,0.0000,1
6.109375,0.00000000,0.0000,1
6.110000,0.00000000,0.0000,1
6.110000,0.00000000,0.0000,1
6.111000,0.00000000,0.0000,1
6.112000,0.00000000,0.0000,1
6.113000,0.00000000,0.0000,1
6.114000,0.00000000,0.0000,1
6.115000,0.00000000,0.0000,1
6.116000,0.00000000,0.0000,1
6.117000,0.00000000,0.0000,1
6.118000,0.00000000,0.0000,1
6.119000,0.00000000,0.0000,1
6.120000,0.00000000,0.0000,1
6.120000,0.00000000,0.0000,1
6.121000,0.00000000,0.0000,1
6.122000,0.00000000,0.0000,1
6.123000,0.00000000,0.0000,1
6.124000,0.00000000,0.0000,1
6.125000,0.00000000,0.0000,1
6.126000,0.00000000,0.0000,1
6.127000,0.00000000,0.0000,1
6.128000,0.00000000,0.0000,1
6.129000,0.00000000,0.0000,1
6.130000,0.00000000,0.0000,1
6.130000,0.00000000,0.0000,1
6.131000,0.00000000,0.0000,1
6.132000,0.00000000,0.0000,1
6.133000,0.00000000,0.0000,1
6.134000,0.00000000,0.0000,1
6.135000,0.00000000,0.0000,1
6.136000,0.00000000,0.0000,1
6.137000,0.00000000,0.0000,1
6.138000,0.00000000,0.0000,1
6.139000,0.00000000,0.0000,1
6.140000,0.00000000,0.0000,1
6.140000,0.00000000,0.0000,1
6.140625,0.00000000,0.0000,1
6.141000,0.00000000,0.0000,1
6.142000,0.00000000,0.0000,1
6.143000,0.00000000,0.0000,1
6.144000,0.00000000,0.0000,1
6.145000,0.00000000,0.0000,1
6.146000,0.00000000,0.0000,1
6.147000,0.00000000,0.0000,1
6.148000,0.00000000,0.0000,1
6.149000,0.00000000,0.0000,1
6.150000,0.00000000,0.0000,1
6.150000,0.00000000,0.0000,1
6.151000,0.00000000,0.0000,1
6.152000,0.00000000,0.0000,1
6.153000,0.00000000,0.0000,1
6.154000,0.00000000,0.0000,1
6.155000,0.00000000,0.0000,1
6.156000,0.00000000,0.0000,1
6.156250,0.00000000,0.0000,1
6.157000,0.00000000,0.0000,1
6.158000,0.00000000,0.0000,1
6.159000,0.00000000,0.0000,1
6.160000,0.00000000,0.0000,1
6.160000,0.00000000,0.0000,1
6.161000,0.00000000,0.0000,1
6.162000,0.00000000,0.0000,1
6.163000,0.00000000,0.0000,1
6.164000,0.00000000,0.0000,1
6.165000,0.00000000,0.0000,1
6.166000,0.00000000,0.0000,1
6.167000,0.00000000,0.0000,1
6.168000,0.00000000,0.0000,1
6.169000,0.00000000,0.0000,1
6.170000,0.00000000,0.0000,1
6.170000,0.00000000,0.0000,1
6.171000,0.00000000,0.0000,1
6.171875,0.00000000,0.0000,1
6.172000,0.00000000,0.0000,1
6.173000,0.00000000,0.0000,1
6.174000,0.00000000,0.0000,1
6.175000,0.00000000,0.0000,1
6.176000,0.00000000,0.0000,1
6.177000,0.00000000,0.0000,1
6.178000,0.00000000,0.0000,1
6.179000,0.00000000,0.0000,1
6.180000,0.00000000,0.0000,1
6.180000,0.00000000,0.0000,1
6.181000,0.00000000,0.0000,1
6.182000,0.00000000,0.0000,1
6.183000,0.00000000,0.0000,1
6.184000,0.00000000,0.0000,1
6.185000,0.00000000,0.0000,1
6.186000,0.00000000,0.0000,1
6.187000,0.00000000,0.0000,1
6.187500,0.00000000,0.0000,1
6.188000,0.00000000,0.0000,1
6.189000,0.00000000,0.0000,1
6.190000,0.00000000,0.0000,1
6.190000,0.00000000,0.0000,1
6.191000,0.00000000,0.0000,1
6.192000,0.00000000,0.0000,1
6.193000,0.00000000,0.0000,1
6.194000,0.00000000,0.0000,1
6.195000,0.00000000,0.0000,1
6.196000,0.00000000,0.0000,1
6.197000,0.00000000,0.0000,1
6.198000,0.00000000,0.0000,1
6.199000,0.00000000,0.0000,1
6.200000,0.00000000,0.0000,1
6.200000,0.00000000,0.0000,1
6.201000,0.00000000,0.0000,1
6.202000,0.00000000,0.0000,1
6.203000,0.00000000,0.0000,1
6.203125,0.00000000,0.0000,1
6.204000,0.00000000,0.0000,1
6.205000,0.00000000,0.0000,1
6.206000,0.00000000,0.0000,1
6.207000,0.00000000,0.0000,1
6.208000,0.00000000,0.0000,1
6.209000,0.00000000,0.0000,1
6.210000,0.00000000,0.0000,1
6.210000,0.00000000,0.0000,1
6.211000,0.00000000,0.0000,1
6.212000,0.00000000,0.0000,1
6.213000,0.00000000,0.0000,1
6.214000,0.00000000,0.0000,1
6.215000,0.00000000,0.0000,1
6.216000,0.00000000,0.0000,1
6.217000,0.00000000,0.0000,1
6.218000,0.00000000,0.0000,1
6.218750,0.00000000,0.0000,1
6.219000,0.00000000,0.0000,1
6.220000,0.00000000,0.0000,1
6.220000,0.00000000,0.0000,1
6.221000,0.00000000,0.0000,1
6.222000,0.00000000,0.0000,1
6.223000,0.00000000,0.0000,1
6.224000,0.00000000,0.0000,1
6.225000,0.00000000,0.0000,1
6.226000,0.00000000,0.0000,1
6.227000,0.00000000,0.0000,1
6.228000,0.00000000,0.0000,1
6.229000,0.00000000,0.0000,1
6.230000,0.00000000,0.0000,1
6.230000,0.00000000,0.0000,1
6.231000,0.00000000,0.0000,1
6.232000,0.00000000,0.0000,1
6.233000,0.00000000,0.0000,1
6.234000,0.00000000,0.0000,1
6.234375,0.00000000,0.0000,1
6.235000,0.00000000,0.0000,1
6.236000,0.00000000,0.0000,1
6.237000,0.00000000,0.0000,1
6.238000,0.00000000,0.0000,1
6.239000,0.00000000,0.0000,1
6.240000,0.00000000,0.0000,1
6.240000,0.00000000,0.0000,1
6.241000,0.00000000,0.0000,1
6.242000,0.00000000,0.0000,1
6.243000,0.00000000,0.0000,1
6.244000,0.00000000,0.0000,1
6.245000,0.00000000,0.0000,1
6.246000,0.00000000,0.0000,1
6.247000,0.00000000,0.0000,1
6.248000,0.00000000,0.0000,1
6.249000,0.00000000,0.0000,1
6.250000,0.00000000,0.0000,1
6.250000,0.00000000,0.0000,1
6.251000,0.00000000,0.0000,1
6.252000,0.00000000,0.0000,1
6.253000,0.00000000,0.0000,1
6.254000,0.00000000,0.0000,1
6.255000,0.00000000,0.0000,1
6.256000,0.00000000,0.0000,1
6.257000,0.00000000,0.0000,1
6.258000,0.00000000,0.0000,1
6.259000,0.00000000,0.0000,1
6.260000,0.00000000,0.0000,1
6.260000,0.00000000,0.0000,1
6.261000,0.00000000,0.0000,1
6.262000,0.00000000,0.0000,1
6.263000,0.00000000,0.0000,1
6.264000,0.00000000,0.0000,1
6.265000,0.00000000,0.0000,1
6.265625,0.00000000,0.0000,1
6.266000,0.00000000,0.0000,1
6.267000,0.00000000,0.0000,1
6.268000,0.00000000,0.0000,1
6.269000,0.00000000,0.0000,1
6.270000,0.00000000,0.0000,1
6.270000,0.00000000,0.0000,1
6.271000,0.00000000,0.0000,1
6.272000,0.00000000,0.0000,1
6.273000,0.00000000,0.0000,1
6.274000,0.00000000,0.0000,1
6.275000,0.00000000,0.0000,1
6.276000,0.00000000,0.0000,1
6.277000,0.00000000,0.0000,1
6.278000,0.00000000,0.0000,1
6.279000,0.00000000,0.0000,1
6.280000,0.00000000,0.0000,1
6.280000,0.00000000,0.0000,1
6.281000,0.00000000,0.0000,1
6.281250,0.00000000,0.0000,1
6.282000,0.00000000,0.0000,1
6.283000,0.00000000,0.0000,1
6.284000,0.00000000,0.0000,1
6.285000,0.00000000,0.0000,1
6.286000,0.00000000,0.0000,1
6.287000,0.00000000,0.0000,1
6.288000,0.00000000,0.0000,1
6.289000,0.00000000,0.0000,1
6.290000,0.00000000,0.0000,1
6.290000,0.00000000,0.0000,1
6.291000,0.00000000,0.0000,1
6.292000,0.00000000,0.0000,1
6.293000,0.00000000,0.0000,1
6.294000,0.00000000,0.0000,1
6.295000,0.00000000,0.0000,1
6.296000,0.00000000,0.0000,1
6.296875,0.00000000,0.0000,1
6.297000,0.00000000,0.0000,1
6.298000,0.00000000,0.0000,1
6.299000,0.00000000,0.0000,1
6.300000,0.00000000,0.0000,1
6.300000,0.00000000,0.0000,1
6.301000,0.00000000,0.0000,1
6.302000,0.00000000,0.0000,1
6.303000,0.00000000,0.0000,1
6.304000,0.00000000,0.0000,1
6.305000,0.00000000,0.0000,1
6.306000,0.00000000,0.0000,1
6.307000,0.00000000,0.0000,1
6.308000,0.00000000,0.0000,1
6.309000,0.00000000,0.0000,1
6.310000,0.00000000,0.0000,1
6.310000,0.00000000,0.0000,1
6.311000,0.00000000,0.0000,1
6.312000,0.00000000,0.0000,1
6.312500,0.00000000,0.0000,1
6.313000,0.00000000,0.0000,1
6.314000,0.00000000,0.0000,1
6.315000,0.00000000,0.0000,1
6.316000,0.00000000,0.0000,1
6.317000,0.00000000,0.0000,1
6.318000,0.00000000,0.0000,1
6.319000,0.00000000,0.0000,1
6.320000,0.00000000,0.0000,1
6.320000,0.00000000,0.0000,1
6.321000,0.00000000,0.0000,1
6.322000,0.00000000,0.0000,1
6.323000,0.00000000,0.0000,1
6.324000,0.00000000,0.0000,1
6.325000,0.00000000,0.0000,1
6.326000,0.00000000,0.0000,1
6.327000,0.00000000,0.0000,1
6.328000,0.00000000,0.0000,1
6.328125,0.00000000,0.0000,1
6.329000,0.00000000,0.0000,1
6.330000,0.00000000,0.0000,1
6.330000,0.00000000,0.0000,1
6.331000,0.00000000,0.0000,1
6.332000,0.00000000,0.0000,1
6.333000,0.00000000,0.0000,1
6.334000,0.00000000,0.0000,1
6.335000,0.00000000,0.0000,1
6.336000,0.00000000,0.0000,1
6.337000,0.00000000,0.0000,1
6.338000,0.00000000,0.0000,1
6.339000,0.00000000,0.0000,1
6.340000,0.00000000,0.0000,1
6.340000,0.00000000,0.0000,1
6.341000,0.00000000,0.0000,1
6.342000,0.00000000,0.0000,1
6.343000,0.00000000,0.0000,1
6.343750,0.00000000,0.0000,1
6.344000,0.00000000,0.0000,1
6.345000,0.00000000,0.0000,1
6.346000,0.00000000,0.0000,1
6.347000,0.00000000,0.0000,1
6.348000,0.00000000,0.0000,1
6.349000,0.00000000,0.0000,1
6.350000,0.00000000,0.0000,1
6.350000,0.00000000,0.0000,1
6.351000,0.00000000,0.0000,1
6.352000,0.00000000,0.0000,1
6.353000,0.00000000,0.0000,1
6.354000,0.00000000,0.0000,1
6.355000,0.00000000,0.0000,1
6.356000,0.00000000,0.0000,1
6.357000,0.00000000,0.0000,1
6.358000,0.00000000,0.0000,1
6.359000,0.00000000,0.0000,1
6.359375,0.00000000,0.0000,1
6.360000,0.00000000,0.0000,1
6.360000,0.00000000,0.0000,1
6.361000,0.00000000,0.0000,1
6.362000,0.00000000,0.0000,1
6.363000,0.00000000,0.0000,1
6.364000,0.00000000,0.0000,1
6.365000,0.00000000,0.0000,1
6.366000,0.00000000,0.0000,1
6.367000,0.00000000,0.0000,1
6.368000,0.00000000,0.0000,1
6.369000,0.00000000,0.0000,1
6.370000,0.00000000,0.0000,1
6.370000,0.00000000,0.0000,1
6.371000,0.00000000,0.0000,1
6.372000,0.00000000,0.0000,1
6.373000,0.00000000,0.0000,1
6.374000,0.00000000,0.0000,1
6.375000,0.00000000,0.0000,1
6.376000,0.00000000,0.0000,1
6.377000,0.00000000,0.0000,1
6.378000,0.00000000,0.0000,1
6.379000,0.00000000,0.0000,1
6.380000,0.00000000,0.0000,1
6.380000,0.00000000,0.0000,1
6.381000,0.00000000,0.0000,1
6.382000,0.00000000,0.0000,1
6.383000,0.00000000,0.0000,1
6.384000,0.00000000,0.0000,1
6.385000,0.00000000,0.0000,1
6.386000,0.00000000,0.0000,1
6.387000,0.00000000,0.0000,1
6.388000,0.00000000,0.0000,1
6.389000,0.00000000,0.0000,1
6.390000,0.00000000,0.0000,1
6.390000,0.00000000,0.0000,1
6.390625,0.00000000,0.0000,1
6.391000,0.00000000,0.0000,1
6.392000,0.00000000,0.0000,1
6.393000,0.00000000,0.0000,1
6.394000,0.00000000,0.0000,1
6.395000,0.00000000,0.0000,1
6.396000,0.00000000,0.0000,1
6.397000,0.00000000,0.0000,1
6.398000,0.00000000,0.0000,1
6.399000,0.00000000,0.0000,1
6.400000,0.00000000,0.0000,1
6.400000,0.00000000,0.0000,1
6.401000,0.00000000,0.0000,1
6.402000,0.00000000,0.0000,1
6.403000,0.00000000,0.0000,1
6.404000,0.00000000,0.0000,1
6.405000,0.00000000,0.0000,1
6.406000,0.00000000,0.0000,1
6.406250,0.00000000,0.0000,1
6.407000,0.00000000,0.0000,1
6.408000,0.00000000,0.0000,1
6.409000,0.00000000,0.0000,1
6.410000,0.00000000,0.0000,1
6.410000,0.00000000,0.0000,1
6.411000,0.00000000,0.0000,1
6.412000,0.00000000,0.0000,1
6.413000,0.00000000,0.0000,1
6.414000,0.00000000,0.0000,1
6.415000,0.00000000,0.0000,1
6.416000,0.00000000,0.0000,1
6.417000,0.00000000,0.0000,1
6.418000,0.00000000,0.0000,1
6.419000,0.00000000,0.0000,1
6.420000,0.00000000,0.0000,1
6.420000,0.00000000,0.0000,1
6.421000,0.00000000,0.0000,1
6.421875,0.00000000,0.0000,1
6.422000,0.00000000,0.0000,1
6.423000,0.00000000,0.0000,1
6.424000,0.00000000,0.0000,1
6.425000,0.00000000,0.0000,1
6.426000,0.00000000,0.0000,1
6.427000,0.00000000,0.0000,1
6.428000,0.00000000,0.0000,1
6.429000,0.00000000,0.0000,1
6.430000,0.00000000,0.0000,1
6.430000,0.00000000,0.0000,1
6.431000,0.00000000,0.0000,1
6.432000,0.00000000,0.0000,1
6.433000,0.00000000,0.0000,1
6.434000,0.00000000,0.0000,1
6.435000,0.00000000,0.0000,1
6.436000,0.00000000,0.0000,1
6.437000,0.00000000,0.0000,1
6.437500,0.00000000,0.0000,1
6.438000,0.00000000,0.0000,1
6.439000,0.00000000,0.0000,1
6.440000,0.00000000,0.0000,1
6.440000,0.00000000,0.0000,1
6.441000,0.00000000,0.0000,1
6.442000,0.00000000,0.0000,1
6.443000,0.00000000,0.0000,1
6.444000,0.00000000,0.0000,1
6.445000,0.00000000,0.0000,1
6.446000,0.00000000,0.0000,1
6.447000,0.00000000,0.0000,1
6.448000,0.00000000,0.0000,1
6.449000,0.00000000,0.0000,1
6.450000,0.00000000,0.0000,1
6.450000,0.00000000,0.0000,1
6.451000,0.00000000,0.0000,1
6.452000,0.00000000,0.0000,1
6.453000,0.00000000,0.0000,1
6.453125,0.00000000,0.0000,1
6.454000,0.00000000,0.0000,1
6.455000,0.00000000,0.0000,1
6.456000,0.00000000,0.0000,1
6.457000,0.00000000,0.0000,1
6.458000,0.00000000,0.0000,1
6.459000,0.00000000,0.0000,1
6.460000,0.00000000,0.0000,1
6.460000,0.00000000,0.0000,1
6.461000,0.00000000,0.0000,1
6.462000,0.00000000,0.0000,1
6.463000,0.00000000,0.0000,1
6.464000,0.00000000,0.0000,1
6.465000,0.00000000,0.0000,1
6.466000,0.00000000,0.0000,1
6.467000,0.00000000,0.0000,1
6.468000,0.00000000,0.0000,1
6.468750,0.00000000,0.0000,1
6.469000,0.00000000,0.0000,1
6.470000,0.00000000,0.0000,1
6.470000,0.00000000,0.0000,1
6.471000,0.00000000,0.0000,1
6.472000,0.00000000,0.0000,1
6.473000,0.00000000,0.0000,1
6.474000,0.00000000,0.0000,1
6.475000,0.00000000,0.0000,1
6.476000,0.00000000,0.0000,1
6.477000,0.00000000,0.0000,1
6.478000,0.00000000,0.0000,1
6.479000,0.00000000,0.0000,1
6.480000,0.00000000,0.0000,1
6.480000,0.00000000,0.0000,1
6.481000,0.00000000,0.0000,1
6.482000,0.00000000,0.0000,1
6.483000,0.00000000,0.0000,1
6.484000,0.00000000,0.0000,1
6.484375,0.00000000,0.0000,1
6.485000,0.00000000,0.0000,1
6.486000,0.00000000,0.0000,1
6.487000,0.00000000,0.0000,1
6.488000,0.00000000,0.0000,1
6.489000,0.00000000,0.0000,1
6.490000,0.00000000,0.0000,1
6.490000,0.00000000,0.0000,1
6.491000,0.00000000,0.0000,1
6.492000,0.00000000,0.0000,1
6.493000,0.00000000,0.0000,1
6.494000,0.00000000,0.0000,1
6.495000,0.00000000,0.0000,1
6.496000,0.00000000,0.0000,1
6.497000,0.00000000,0.0000,1
6.498000,0.00000000,0.0000,1
6.499000,0.00000000,0.0000,1
6.500000,0.00000000,0.0000,1
6.500000,0.00000000,0.0000,1
6.501000,0.00000000,0.0000,1
6.502000,0.00000000,0.0000,1
6.503000,0.00000000,0.0000,1
6.504000,0.00000000,0.0000,1
6.505000,0.00000000,0.0000,1
6.506000,0.00000000,0.0000,1
6.507000,0.00000000,0.0000,1
6.508000,0.00000000,0.0000,1
6.509000,0.00000000,0.0000,1
6.510000,0.00000000,0.0000,1
6.510000,0.00000000,0.0000,1
6.511000,0.00000000,0.0000,1
6.512000,0.00000000,0.0000,1
6.513000,0.00000000,0.0000,1
6.514000,0.00000000,0.0000,1
6.515000,0.00000000,0.0000,1
6.515625,0.00000000,0.0000,1
6.516000,0.00000000,0.0000,1
6.517000,0.00000000,0.0000,1
6.518000,0.00000000,0.0000,1
6.519000,0.00000000,0.0000,1
6.520000,0.00000000,0.0000,1
6.520000,0.00000000,0.0000,1
6.521000,0.00000000,0.0000,1
6.522000,0.00000000,0.0000,1
6.523000,0.00000000,0.0000,1
6.524000,0.00000000,0.0000,1
6.525000,0.00000000,0.0000,1
6.526000,0.00000000,0.0000,1
6.527000,0.00000000,0.0000,1
6.528000,0.00000000,0.0000,1
6.529000,0.00000000,0.0000,1
6.530000,0.00000000,0.0000,1
6.530000,0.00000000,0.0000,1
6.531000,0.00000000,0.0000,1
6.531250,0.00000000,0.0000,1
6.532000,0.00000000,0.0000,1
6.533000,0.00000000,0.0000,1
6.534000,0.00000000,0.0000,1
6.535000,0.00000000,0.0000,1
6.536000,0.00000000,0.0000,1
6.537000,0.00000000,0.0000,1
6.538000,0.00000000,0.0000,1
6.539000,0.00000000,0.0000,1
6.540000,0.00000000,0.0000,1
6.540000,0.00000000,0.0000,1
6.541000,0.00000000,0.0000,1
6.542000,0.00000000,0.0000,1
6.543000,0.00000000,0.0000,1
6.544000,0.00000000,0.0000,1
6.545000,0.00000000,0.0000,1
6.546000,0.00000000,0.0000,1
6.546875,0.00000000,0.0000,1
6.547000,0.00000000,0.0000,1
6.548000,0.00000000,0.0000,1
6.549000,0.00000000,0.0000,1
6.550000,0.00000000,0.0000,1
6.550000,0.00000000,0.0000,1
6.551000,0.00000000,0.0000,1
6.552000,0.00000000,0.0000,1
6.553000,0.00000000,0.0000,1
6.554000,0.00000000,0.0000,1
6.555000,0.00000000,0.0000,1
6.556000,0.00000000,0.0000,1
6.557000,0.00000000,0.0000,1
6.558000,0.00000000,0.0000,1
6.559000,0.00000000,0.0000,1
6.560000,0.00000000,0.0000,1
6.560000,0.00000000,0.0000,1
6.561000,0.00000000,0.0000,1
6.562000,0.00000429,13.4549,2
6.562500,0.00001618,12.4689,2
6.563000,0.00001618,12.4689,2
6.564000,0.00001954,7.7887,2
6.565000,0.00001555,2.8142,2
6.566000,0.00000529,1.0271,2
6.567000,0.00000205,0.3412,2
6.568000,0.00000000,0.0000,1
6.569000,0.00000000,0.0000,1
6.570000,0.00000000,0.0000,1
6.570000,0.00000000,0.0000,1
6.571000,0.00000000,0.0000,1
6.572000,0.00000000,0.0000,1
6.573000,0.00001071,6.6426,2
6.574000,0.00001103,3.4732,2
6.575000,0.00000658,1.5048,2
6.576000,0.00000256,2.5508,2
6.577000,0.00000447,4.6860,2
6.578000,0.00000801,3.7382,2
6.578125,0.00000704,11.2501,2
6.579000,0.00000704,11.2501,2
6.580000,0.00001583,8.9364,2
6.580000,0.00001583,8.9364,2
6.581000,0.00001568,3.4202,2
6.582000,0.00000559,2.2248,2
6.583000,0.00000448,0.8448,2
6.584000,0.00000000,0.0000,1
6.585000,0.00000000,0.0000,1
6.586000,0.00000000,0.0000,1
6.587000,0.00000000,0.0000,1
6.588000,0.00000000,0.0000,1
6.589000,0.00000000,0.0000,1
6.590000,0.00000000,0.0000,1
6.590000,0.00000000,0.0000,1
6.591000,0.00000000,0.0000,1
6.592000,0.00000000,0.0000,1
6.593000,0.00000000,0.0000,1
6.593750,0.00000000,0.0000,1
6.594000,0.00000000,0.0000,1
6.595000,0.00000000,0.0000,1
6.596000,0.00000000,0.0000,1
6.597000,0.00000000,0.0000,1
6.598000,0.00000000,0.0000,1
6.599000,0.00000000,0.0000,1
6.600000,0.00000520,11.6219,2
6.600000,0.00000520,11.6219,2
6.601000,0.00001491,5.9090,2
6.602000,0.00001014,15.8736,2
6.603000,0.00002087,8.6493,2
6.604000,0.00001564,3.4528,2
6.605000,0.00000805,0.9885,2
6.606000,0.00000000,0.0000,1
6.607000,0.00000000,0.0000,1
6.608000,0.00000000,0.0000,1
6.609000,0.00000000,0.0000,1
6.609375,0.00000000,0.0000,1
6.610000,0.00000000,0.0000,1
6.610000,0.00000000,0.0000,1
6.611000,0.00000000,0.0000,1
6.612000,0.00000000,0.0000,1
6.613000,0.00000000,0.0000,1
6.614000,0.00000363,3.2783,2
6.615000,0.00000542,5.0787,2
6.616000,0.00000870,11.6517,2
6.617000,0.00001666,7.1595,2
6.618000,0.00001314,4.2554,2
6.619000,0.00000899,2.1447,2
6.620000,0.00000403,0.9012,2
6.620000,0.00000403,0.9012,2
6.621000,0.00000132,2.8726,2
6.622000,0.00000472,8.1860,2
6.623000,0.00001212,12.8528,2
6.624000,0.00001885,6.7718,2
6.625000,0.00001286,1.8275,2
6.626000,0.00000121,0.1002,2
6.627000,0.00000000,0.0000,1
6.628000,0.00000000,0.0000,1
6.629000,0.00000000,0.0000,1
6.630000,0.00000000,0.0000,1
6.630000,0.00000000,0.0000,1
6.631000,0.00000000,0.0000,1
6.632000,0.00000000,0.0000,1
6.633000,0.00000000,0.0000,1
6.634000,0.00000000,0.0000,1
6.635000,0.00000000,0.0000,1
6.636000,0.00000000,0.0000,1
6.637000,0.00000000,0.0000,1
6.638000,0.00001157,9.3857,2
6.639000,0.00001019,20.6888,2
6.640000,0.00002449,34.3795,2
6.640000,0.00002449,34.3795,2
6.640625,0.00003911,14.9151,2
6.641000,0.00003911,14.9151,2
6.642000,0.00002764,2.3811,2
6.643000,0.00000954,0.1656,2
6.644000,0.00000000,0.0000,1
6.645000,0.00000000,0.0000,1
6.646000,0.00000000,0.0000,1
6.647000,0.00000000,0.0000,1
6.648000,0.00000000,0.0000,1
6.649000,0.00000000,0.0000,1
6.650000,0.00000000,0.0000,1
6.650000,0.00000000,0.0000,1
6.651000,0.00000000,0.0000,1
6.652000,0.00000000,0.0000,1
6.653000,0.00000000,0.0000,1
6.654000,0.00000000,0.0000,1
6.655000,0.00000000,0.0000,1
6.656000,0.00000000,0.0000,1
6.656250,0.00004266,27.8525,2
6.657000,0.00004266,27.8525,2
6.658000,0.00000000,0.0000,1
6.659000,0.00003421,24.9279,2
6.660000,0.00002917,47.5855,2
6.660000,0.00002917,47.5855,2
6.661000,0.00004881,19.7790,2
6.662000,0.00003215,1.1238,2
6.663000,0.00001340,0.1378,2
6.664000,0.00000000,0.0000,1
6.665000,0.00000000,0.0000,1
6.666000,0.00000000,0.0000,1
6.667000,0.00000000,0.0000,1
6.668000,0.00000000,0.0000,1
6.669000,0.00000000,0.0000,1
6.670000,0.00000000,0.0000,1
6.670000,0.00000000,0.0000,1
6.671000,0.00000000,0.0000,1
6.671875,0.00000000,0.0000,1
6.672000,0.00000000,0.0000,1
6.673000,0.00000000,0.0000,1
6.674000,0.00001907,8.8900,2
6.675000,0.00000290,22.5595,2
6.676000,0.00002293,9.7526,2
6.677000,0.00001275,32.8866,2
6.678000,0.00003309,13.4406,2
6.679000,0.00000026,0.0000,2
6.680000,0.00000000,0.0000,1
6.680000,0.00000000,0.0000,1
6.681000,0.00000502,3.2378,2
6.682000,0.00000417,28.3467,2
6.683000,0.00002695,11.6544,2
6.684000,0.00001082,1.5203,3
6.685000,0.00000438,0.5970,3
6.686000,0.00000000,0.0000,2
6.687000,0.00000000,0.0000,2
6.687500,0.00000000,0.0000,2
6.688000,0.00000000,0.0000,2
6.689000,0.00000000,0.0000,2
6.690000,0.00000000,0.0000,2
6.690000,0.00000000,0.0000,2
6.691000,0.00000000,0.0000,2
6.692000,0.00000000,0.0000,2
6.693000,0.00000000,0.0000,2
6.694000,0.00000000,0.0000,2
6.695000,0.00000000,0.0000,2
6.696000,0.00000000,0.0000,2
6.697000,0.00000000,0.0000,2
6.698000,0.00000000,0.0000,2
6.699000,0.00000000,0.0000,2
6.700000,0.00000081,5.5474,3
6.700000,0.00000081,5.5474,3
6.701000,0.00000809,1.5465,2
6.702000,0.00000132,0.1794,3
6.703000,0.00000010,1.5958,3
6.703125,0.00000280,0.6360,3
6.704000,0.00000280,0.6360,3
6.705000,0.00000000,0.0000,2
6.706000,0.00000000,0.0000,2
6.707000,0.00000000,0.0000,2
6.708000,0.00000000,0.0000,2
6.709000,0.00000000,0.0000,2
6.710000,0.00000000,0.0000,2
6.710000,0.00000000,0.0000,2
6.711000,0.00000000,0.0000,2
6.712000,0.00000000,0.0000,2
6.713000,0.00000000,0.0000,2
6.714000,0.00000000,0.0000,2
6.715000,0.00000000,0.0000,2
6.716000,0.00000000,0.0000,2
6.717000,0.00003424,16.2235,3
6.718000,0.00003068,19.6927,3
6.718750,0.00003346,5.9664,3
6.719000,0.00003346,5.9664,3
6.720000,0.00002356,5.2755,2
6.720000,0.00002356,5.2755,2
6.721000,0.00001564,2.2121,2
6.722000,0.00000554,2.0866,3
6.723000,0.00000428,0.8022,3
6.724000,0.00000000,0.0000,2
6.725000,0.00000841,12.4133,3
6.726000,0.00001693,5.1205,3
6.727000,0.00000683,0.6772,3
6.728000,0.00000000,0.0000,2
6.729000,0.00000000,0.0000,2
6.730000,0.00000000,0.0000,2
6.730000,0.00000000,0.0000,2
6.731000,0.00000000,0.0000,2
6.732000,0.00000000,0.0000,2
6.733000,0.00000000,0.0000,2
6.734000,0.00000000,0.0000,2
6.734375,0.00000000,0.0000,2
6.735000,0.00000000,0.0000,2
6.736000,0.00000000,0.0000,2
6.737000,0.00000000,0.0000,2
6.738000,0.00000000,0.0000,2
6.739000,0.00000000,0.0000,2
6.740000,0.00003347,14.5553,3
6.740000,0.00003347,14.5553,3
6.741000,0.00002854,5.9402,3
6.742000,0.00001972,3.5322,3
6.743000,0.00001036,18.8618,3
6.744000,0.00002310,7.7617,3
6.745000,0.00000993,0.6796,3
6.746000,0.00000000,0.0000,2
6.747000,0.00000000,0.0000,2
6.748000,0.00000000,0.0000,2
6.749000,0.00000000,0.0000,2
6.750000,0.00000000,0.0000,2
6.750000,0.00000000,0.0000,2
6.751000,0.00000000,0.0000,2
6.752000,0.00000000,0.0000,2
6.753000,0.00000000,0.0000,2
6.754000,0.00000000,0.0000,2
6.755000,0.00000000,0.0000,2
6.756000,0.00000000,0.0000,2
6.757000,0.00000000,0.0000,2
6.758000,0.00000000,0.0000,2
6.759000,0.00000000,0.0000,2
6.760000,0.00003024,7.1711,3
6.760000,0.00003024,7.1711,3
6.761000,0.00002277,4.3341,3
6.762000,0.00001288,1.3037,3
6.763000,0.00000000,0.0000,2
6.764000,0.00001607,18.5148,3
6.765000,0.00002444,5.4473,3
6.765625,0.00001133,0.7852,3
6.766000,0.00001133,0.7852,3
6.767000,0.00000000,0.0000,2
6.768000,0.00000000,0.0000,2
6.769000,0.00000000,0.0000,2
6.770000,0.00000000,0.0000,2
6.770000,0.00000000,0.0000,2
6.771000,0.00000000,0.0000,2
6.772000,0.00000000,0.0000,2
6.773000,0.00000000,0.0000,2
6.774000,0.00000000,0.0000,2
6.775000,0.00000000,0.0000,2
6.776000,0.00000000,0.0000,2
6.777000,0.00001051,9.7651,3
6.778000,0.00001429,14.2907,3
6.779000,0.00002092,2.1492,3
6.780000,0.00000711,0.4432,3
6.780000,0.00000711,0.4432,3
6.781000,0.00000000,0.0000,2
6.781250,0.00001356,5.5402,3
6.782000,0.00001356,5.5402,3
6.783000,0.00000835,3.4255,3
6.784000,0.00000693,1.2907,3
6.785000,0.00000000,0.0000,2
6.786000,0.00000000,0.0000,2
6.787000,0.00000000,0.0000,2
6.788000,0.00000000,0.0000,2
6.789000,0.00000000,0.0000,2
6.790000,0.00000000,0.0000,2
6.790000,0.00000000,0.0000,2
6.791000,0.00000000,0.0000,2
6.792000,0.00000000,0.0000,2
6.793000,0.00000398,2.4862,3
6.794000,0.00000420,1.3699,3
6.795000,0.00000241,11.2143,3
6.796000,0.00001419,23.6042,3
6.796875,0.00002774,8.0119,3
6.797000,0.00002774,8.0119,3
6.798000,0.00001665,1.5295,3
6.799000,0.00000246,0.1443,3
6.800000,0.00000000,0.0000,2
6.800000,0.00000000,0.0000,2
6.801000,0.00002817,5.5214,3
6.802000,0.00001462,0.8449,3
6.803000,0.00000000,0.0000,2
6.804000,0.00000955,16.1614,3
6.805000,0.00002054,4.7080,3
6.806000,0.00000000,0.0000,2
6.807000,0.00000000,0.0000,2
6.808000,0.00000000,0.0000,2
6.809000,0.00000000,0.0000,2
6.810000,0.00000000,0.0000,2
6.810000,0.00000000,0.0000,2
6.811000,0.00000000,0.0000,2
6.812000,0.00000000,0.0000,2
6.812500,0.00000000,0.0000,2
6.813000,0.00000000,0.0000,2
6.814000,0.00000000,0.0000,2
6.815000,0.00000000,0.0000,2
6.816000,0.00001447,8.6288,3
6.817000,0.00001125,17.6455,3
6.818000,0.00002254,30.9531,3
6.819000,0.00003610,10.2752,3
6.820000,0.00002384,1.8579,3
6.820000,0.00002384,1.8579,3
6.821000,0.00000377,0.0000,3
6.822000,0.00000000,0.0000,2
6.823000,0.00000000,0.0000,2
6.824000,0.00000000,0.0000,2
6.825000,0.00000000,0.0000,2
6.826000,0.00000000,0.0000,2
6.827000,0.00000000,0.0000,2
6.828000,0.00000000,0.0000,2
6.828125,0.00000000,0.0000,2
6.829000,0.00000000,0.0000,2
6.830000,0.00000000,0.0000,2
6.830000,0.00000000,0.0000,2
6.831000,0.00000000,0.0000,2
6.832000,0.00000000,0.0000,2
6.833000,0.00000000,0.0000,2
6.834000,0.00000000,0.0000,2
6.835000,0.00001736,10.4248,3
6.836000,0.00001664,3.2172,3
6.837000,0.00000000,0.0000,2
6.838000,0.00000665,19.7820,3
6.839000,0.00002220,44.0718,3
6.840000,0.00004288,12.3856,3
6.840000,0.00004288,12.3856,3
6.841000,0.00002974,2.0563,2
6.842000,0.00000000,0.0000,1
6.843000,0.00000000,0.0000,2
6.843750,0.00000000,0.0000,2
6.844000,0.00000000,0.0000,2
6.845000,0.00000000,0.0000,2
6.846000,0.00000000,0.0000,2
6.847000,0.00000000,0.0000,2
6.848000,0.00000000,0.0000,2
6.849000,0.00000000,0.0000,2
6.850000,0.00000000,0.0000,2
6.850000,0.00000000,0.0000,2
6.851000,0.00000000,0.0000,2
6.852000,0.00000000,0.0000,2
6.853000,0.00000000,0.0000,2
6.854000,0.00000000,0.0000,2
6.855000,0.00000000,0.0000,2
6.856000,0.00002155,5.5737,2
6.857000,0.00001076,3.2018,3
6.858000,0.00000738,1.4849,3
6.859000,0.00000227,0.4191,3
6.859375,0.00000057,23.2393,3
6.860000,0.00000057,23.2393,3
6.860000,0.00000057,23.2393,3
6.861000,0.00002235,38.3934,3
6.862000,0.00003989,12.8556,3
6.863000,0.00002640,1.7329,3
6.864000,0.00000000,0.0000,2
6.865000,0.00000000,0.0000,2
6.866000,0.00000000,0.0000,2
6.867000,0.00000000,0.0000,2
6.868000,0.00000000,0.0000,2
6.869000,0.00000000,0.0000,2
6.870000,0.00000000,0.0000,2
6.870000,0.00000000,0.0000,2
6.871000,0.00000000,0.0000,2
6.872000,0.00000000,0.0000,2
6.873000,0.00000000,0.0000,2
6.874000,0.00000000,0.0000,2
6.875000,0.00000000,0.0000,2
6.876000,0.00000000,0.0000,2
6.877000,0.00002676,16.0409,3
6.878000,0.00001741,5.2265,3
6.879000,0.00001278,2.1548,3
6.880000,0.00000335,17.7761,3
6.880000,0.00000335,17.7761,3
6.881000,0.00001969,5.5749,3
6.882000,0.00000000,0.0000,2
6.883000,0.00000000,0.0000,2
6.884000,0.00000000,0.0000,2
6.885000,0.00000000,0.0000,2
6.886000,0.00000000,0.0000,2
6.887000,0.00000000,0.0000,2
6.888000,0.00000000,0.0000,2
6.889000,0.00000000,0.0000,2
6.890000,0.00000000,0.0000,2
6.890000,0.00000000,0.0000,2
6.890625,0.00000000,0.0000,2
6.891000,0.00000000,0.0000,2
6.892000,0.00001891,6.3806,3
6.893000,0.00000263,2.1776,3
6.894000,0.00000412,1.3460,3
6.895000,0.00000228,9.9770,3
6.896000,0.00001302,4.2497,3
6.897000,0.00000482,0.5803,2
6.898000,0.00000030,18.8203,3
6.899000,0.00001937,6.7391,3
6.900000,0.00001117,1.4617,2
6.900000,0.00001117,1.4617,2
6.901000,0.00000231,0.2582,2
6.902000,0.00000000,0.0000,2
6.903000,0.00002880,7.0455,3
6.904000,0.00001297,0.5475,3
6.905000,0.00000000,0.0000,2
6.906000,0.00001199,27.5007,3
6.906250,0.00002926,5.4327,3
6.907000,0.00002926,5.4327,3
6.908000,0.00000000,0.0000,2
6.909000,0.00000000,0.0000,2
6.910000,0.00000000,0.0000,1
6.910000,0.00000000,0.0000,1
6.911000,0.00000000,0.0000,2
6.912000,0.00000000,0.0000,2
6.913000,0.00000000,0.0000,2
6.914000,0.00001152,7.4780,3
6.915000,0.00000280,0.3163,3
6.916000,0.00000000,0.0000,2
6.917000,0.00000986,23.8983,3
6.918000,0.00002605,46.2432,3
6.919000,0.00004579,12.2666,3
6.920000,0.00003286,2.3363,3
6.920000,0.00003286,2.3363,3
6.921000,0.00000397,0.0000,3
6.921875,0.00000000,0.0000,2
6.922000,0.00000000,0.0000,2
6.923000,0.00000000,0.0000,2
6.924000,0.00000000,0.0000,2
6.925000,0.00000000,0.0000,2
6.926000,0.00001347,8.0798,3
6.927000,0.00000737,24.4218,3
6.928000,0.00002566,10.0835,3
6.929000,0.00001259,0.8760,3
6.930000,0.00000000,0.0000,2
6.930000,0.00000000,0.0000,2
6.931000,0.00000000,0.0000,2
6.932000,0.00000000,0.0000,2
6.933000,0.00000766,19.0897,3
6.934000,0.00002178,5.5931,3
6.935000,0.00000995,0.8168,3
6.936000,0.00000000,0.0000,2
6.937000,0.00001317,32.6741,3
6.937500,0.00003264,54.4546,3
6.938000,0.00003264,54.4546,3
6.939000,0.00005284,14.0471,3
6.940000,0.00004112,2.9419,3
6.940000,0.00004112,2.9419,3
6.941000,0.00002567,0.4754,3
6.942000,0.00000765,0.1537,3
6.943000,0.00000000,0.0000,2
6.944000,0.00000000,0.0000,2
6.945000,0.00000000,0.0000,2
6.946000,0.00000000,0.0000,2
6.947000,0.00000000,0.0000,2
6.948000,0.00001391,31.9569,3
6.949000,0.00003243,9.9085,3
6.950000,0.00001797,0.8096,3
6.950000,0.00001797,0.8096,3
6.951000,0.00000476,0.3246,3
6.952000,0.00000000,0.0000,2
6.953000,0.00000000,0.0000,2
6.953125,0.00000000,0.0000,2
6.954000,0.00000000,0.0000,2
6.955000,0.00002427,16.0832,3
6.956000,0.00001358,6.0347,3
6.957000,0.00001247,42.6749,2
6.958000,0.00003785,12.9930,2
6.959000,0.00002498,1.7827,2
6.960000,0.00000571,0.0419,2
6.960000,0.00000571,0.0419,2
6.961000,0.00000000,0.0000,1
6.962000,0.00000000,0.0000,1
6.963000,0.00000000,0.0000,1
6.964000,0.00002517,8.5733,2
6.965000,0.00001096,0.6416,3
6.966000,0.00000040,37.1225,3
6.967000,0.00002998,66.2981,3
6.968000,0.00005621,18.3456,3
6.968750,0.00004385,2.9356,3
6.969000,0.00004385,2.9356,3
6.970000,0.00002803,0.9152,3
6.970000,0.00002803,0.9152,3
6.971000,0.00001083,0.3105,3
6.972000,0.00000029,0.0278,3
6.973000,0.00000000,0.0000,2
6.974000,0.00000000,0.0000,2
6.975000,0.00000000,0.0000,2
6.976000,0.00000000,0.0000,2
6.977000,0.00004389,102.3346,3
6.978000,0.00007510,20.3546,3
6.979000,0.00006709,3.3973,3
6.980000,0.00004965,1.2854,3
6.980000,0.00004965,1.2854,3
6.981000,0.00003099,3.8148,3
6.982000,0.00001893,27.7446,3
6.983000,0.00003274,44.2925,3
6.984000,0.00004832,13.7932,3
6.984375,0.00003472,2.1812,3
6.985000,0.00003472,2.1812,3
6.986000,0.00001922,0.8612,3
6.987000,0.00000000,0.0000,2
6.988000,0.00000000,0.0000,2
6.989000,0.00000000,0.0000,2
6.990000,0.00000000,0.0000,2
6.990000,0.00000000,0.0000,2
6.991000,0.00000000,0.0000,2
6.992000,0.00000477,27.8323,3
6.993000,0.00002657,11.1548,3
6.994000,0.00001033,0.3858,3
6.995000,0.00000000,0.0000,2
6.996000,0.00000000,0.0000,2
6.997000,0.00000000,0.0000,2
6.998000,0.00002186,14.3174,3
6.999000,0.00001045,32.1284,3
7.000000,0.00003148,7.1847,3
7.000000,0.00003148,7.1847,3
7.001000,0.00000000,0.0000,2
7.002000,0.00000000,0.0000,2
7.003000,0.00000000,0.0000,2
7.004000,0.00000000,0.0000,2
7.005000,0.00000000,0.0000,2
7.006000,0.00000000,0.0000,2
7.007000,0.00004358,10.0027,3
7.008000,0.00002890,1.1165,3
7.009000,0.00001162,0.3097,3
7.010000,0.00000000,0.0000,2
