# generated by normalize_glyphs.py from glyph_0.obj
# x=width y=cap-height(0.103) z=thickness(0.025), metres, centred
v -0.001937 0.048746 -0.011821
v 0.001936 0.048746 -0.011821
v -0.000000 0.048787 -0.011821
v -0.003837 0.048626 -0.011821
v 0.003837 0.048626 -0.011821
v -0.005703 0.048424 -0.011821
v 0.005702 0.048424 -0.011821
v -0.007532 0.048143 -0.011821
v 0.007532 0.048143 -0.011821
v -0.009326 0.047781 -0.011821
v 0.009326 0.047781 -0.011821
v -0.011085 0.047338 -0.011821
v 0.011085 0.047338 -0.011821
v 0.012808 0.046815 -0.011821
v -0.012808 0.046815 -0.011821
v 0.014495 0.046211 -0.011821
v -0.014495 0.046211 -0.011821
v 0.016147 0.045527 -0.011821
v -0.016147 0.045527 -0.011821
v 0.017763 0.044762 -0.011821
v -0.017764 0.044762 -0.011821
v 0.019344 0.043917 -0.011821
v -0.019344 0.043917 -0.011821
v 0.020889 0.042992 -0.011821
v -0.020889 0.042992 -0.011821
v -0.022389 0.041990 -0.011821
v 0.022389 0.041990 -0.011821
v 0.023833 0.040916 -0.011821
v -0.023834 0.040916 -0.011821
v 0.025223 0.039770 -0.011821
v -0.025223 0.039770 -0.011821
v 0.026557 0.038552 -0.011821
v -0.026557 0.038552 -0.011821
v 0.027836 0.037262 -0.011821
v -0.027836 0.037262 -0.011821
v 0.029059 0.035899 -0.011821
v -0.029060 0.035899 -0.011821
v 0.030228 0.034465 -0.011821
v -0.030228 0.034465 -0.011821
v 0.031341 0.032959 -0.011821
v -0.031342 0.032959 -0.011821
v 0.032399 0.031380 -0.011821
v -0.032400 0.031380 -0.011821
v 0.033402 0.029730 -0.011821
v -0.033402 0.029730 -0.011821
v -0.000000 0.030323 -0.011821
v -0.001390 0.030272 -0.011821
v 0.001412 0.030272 -0.011821
v -0.002731 0.030117 -0.011821
v 0.002772 0.030117 -0.011821
v -0.004022 0.029860 -0.011821
v 0.004081 0.029860 -0.011821
v -0.005264 0.029500 -0.011821
v 0.005338 0.029500 -0.011821
v 0.034350 0.028007 -0.011821
v -0.034350 0.028007 -0.011821
v -0.006456 0.029036 -0.011821
v 0.006544 0.029036 -0.011821
v -0.007598 0.028470 -0.011821
v 0.007698 0.028470 -0.011821
v -0.008691 0.027801 -0.011821
v 0.008801 0.027801 -0.011821
v 0.035242 0.026213 -0.011821
v -0.035242 0.026213 -0.011821
v -0.009734 0.027029 -0.011821
v 0.009853 0.027029 -0.011821
v -0.010727 0.026154 -0.011821
v 0.010853 0.026154 -0.011821
v -0.036071 0.024353 -0.011821
v 0.036071 0.024353 -0.011821
v -0.011671 0.025176 -0.011821
v 0.011801 0.025176 -0.011821
v -0.012565 0.024095 -0.011821
v 0.012699 0.024095 -0.011821
v 0.036827 0.022434 -0.011821
v -0.036828 0.022434 -0.011821
v -0.013410 0.022911 -0.011821
v 0.013544 0.022911 -0.011821
v -0.014195 0.021619 -0.011821
v 0.014330 0.021619 -0.011821
v 0.037512 0.020456 -0.011821
v -0.037512 0.020456 -0.011821
v -0.014913 0.020216 -0.011821
v 0.015047 0.020216 -0.011821
v 0.038125 0.018419 -0.011821
v -0.038125 0.018419 -0.011821
v -0.015562 0.018699 -0.011821
v 0.015696 0.018699 -0.011821
v -0.016143 0.017071 -0.011821
v 0.016277 0.017071 -0.011821
v -0.038665 0.016323 -0.011821
v 0.038665 0.016323 -0.011821
v -0.016655 0.015330 -0.011821
v 0.016789 0.015330 -0.011821
v -0.039134 0.014168 -0.011821
v 0.039133 0.014168 -0.011821
v -0.017099 0.013477 -0.011821
v 0.017233 0.013477 -0.011821
v -0.039530 0.011954 -0.011821
v 0.039530 0.011954 -0.011821
v -0.017475 0.011512 -0.011821
v 0.017609 0.011512 -0.011821
v -0.039855 0.009681 -0.011821
v 0.039854 0.009681 -0.011821
v -0.017782 0.009434 -0.011821
v 0.017917 0.009434 -0.011821
v -0.040107 0.007349 -0.011821
v 0.040106 0.007349 -0.011821
v -0.018021 0.007244 -0.011821
v 0.018156 0.007244 -0.011821
v -0.040287 0.004959 -0.011821
v 0.040286 0.004959 -0.011821
v -0.018192 0.004942 -0.011821
v 0.018327 0.004942 -0.011821
v -0.040395 0.002509 -0.011821
v 0.040395 0.002509 -0.011821
v -0.018295 0.002527 -0.011821
v 0.018429 0.002527 -0.011821
v -0.018329 0.000000 -0.011821
v 0.018463 0.000000 -0.011821
v -0.040431 0.000000 -0.011821
v 0.040431 0.000000 -0.011821
v -0.040395 -0.002509 -0.011821
v -0.018295 -0.002527 -0.011821
v 0.018429 -0.002527 -0.011821
v 0.040395 -0.002509 -0.011821
v -0.040287 -0.004958 -0.011821
v 0.040286 -0.004958 -0.011821
v -0.018192 -0.004941 -0.011821
v 0.018327 -0.004941 -0.011821
v -0.018021 -0.007244 -0.011821
v 0.018156 -0.007244 -0.011821
v -0.040107 -0.007349 -0.011821
v 0.040106 -0.007349 -0.011821
v -0.017782 -0.009434 -0.011821
v 0.017917 -0.009434 -0.011821
v -0.039855 -0.009681 -0.011821
v 0.039854 -0.009681 -0.011821
v -0.017475 -0.011511 -0.011821
v 0.017609 -0.011511 -0.011821
v 0.039530 -0.011954 -0.011821
v -0.039530 -0.011954 -0.011821
v -0.017099 -0.013477 -0.011821
v 0.017233 -0.013477 -0.011821
v 0.039133 -0.014167 -0.011821
v -0.039134 -0.014167 -0.011821
v -0.016655 -0.015330 -0.011821
v 0.016789 -0.015330 -0.011821
v 0.038665 -0.016322 -0.011821
v -0.038665 -0.016322 -0.011821
v -0.016143 -0.017071 -0.011821
v 0.016277 -0.017071 -0.011821
v 0.038125 -0.018418 -0.011821
v -0.038125 -0.018418 -0.011821
v -0.015562 -0.018699 -0.011821
v 0.015696 -0.018699 -0.011821
v 0.037512 -0.020455 -0.011821
v -0.037512 -0.020455 -0.011821
v -0.014913 -0.020215 -0.011821
v 0.015047 -0.020215 -0.011821
v -0.014195 -0.021619 -0.011821
v 0.014330 -0.021619 -0.011821
v 0.036827 -0.022433 -0.011821
v -0.036828 -0.022433 -0.011821
v -0.013410 -0.022911 -0.011821
v 0.013544 -0.022911 -0.011821
v 0.036071 -0.024352 -0.011821
v -0.036071 -0.024352 -0.011821
v -0.012565 -0.024095 -0.011821
v 0.012699 -0.024095 -0.011821
v -0.011671 -0.025176 -0.011821
v 0.011801 -0.025176 -0.011821
v 0.035242 -0.026213 -0.011821
v -0.035242 -0.026213 -0.011821
v -0.010727 -0.026154 -0.011821
v 0.010853 -0.026154 -0.011821
v -0.009734 -0.027029 -0.011821
v 0.009853 -0.027029 -0.011821
v -0.034350 -0.028007 -0.011821
v 0.034350 -0.028007 -0.011821
v -0.008691 -0.027801 -0.011821
v 0.008801 -0.027801 -0.011821
v -0.007598 -0.028470 -0.011821
v 0.007698 -0.028470 -0.011821
v 0.033402 -0.029730 -0.011821
v -0.033402 -0.029730 -0.011821
v -0.006456 -0.029036 -0.011821
v 0.006544 -0.029036 -0.011821
v -0.005264 -0.029499 -0.011821
v 0.005338 -0.029499 -0.011821
v -0.004022 -0.029860 -0.011821
v 0.004081 -0.029860 -0.011821
v 0.032399 -0.031380 -0.011821
v -0.032400 -0.031380 -0.011821
v -0.002731 -0.030117 -0.011821
v 0.002772 -0.030117 -0.011821
v -0.001390 -0.030271 -0.011821
v 0.001412 -0.030271 -0.011821
v -0.000000 -0.030323 -0.011821
v 0.031341 -0.032958 -0.011821
v -0.031342 -0.032958 -0.011821
v 0.030228 -0.034465 -0.011821
v -0.030228 -0.034465 -0.011821
v 0.029059 -0.035899 -0.011821
v -0.029060 -0.035899 -0.011821
v 0.027836 -0.037261 -0.011821
v -0.027836 -0.037261 -0.011821
v -0.026557 -0.038551 -0.011821
v 0.026557 -0.038551 -0.011821
v -0.025223 -0.039769 -0.011821
v 0.025223 -0.039769 -0.011821
v -0.023834 -0.040915 -0.011821
v 0.023833 -0.040915 -0.011821
v -0.022389 -0.041989 -0.011821
v 0.022389 -0.041989 -0.011821
v -0.020889 -0.042991 -0.011821
v 0.020889 -0.042991 -0.011821
v -0.019344 -0.043917 -0.011821
v 0.019344 -0.043917 -0.011821
v -0.017764 -0.044762 -0.011821
v 0.017763 -0.044762 -0.011821
v -0.016147 -0.045527 -0.011821
v 0.016147 -0.045527 -0.011821
v 0.014495 -0.046211 -0.011821
v -0.014495 -0.046211 -0.011821
v 0.012808 -0.046814 -0.011821
v -0.012808 -0.046814 -0.011821
v 0.011085 -0.047338 -0.011821
v -0.011085 -0.047338 -0.011821
v 0.009326 -0.047780 -0.011821
v -0.009326 -0.047780 -0.011821
v 0.007532 -0.048142 -0.011821
v -0.007532 -0.048142 -0.011821
v 0.005702 -0.048424 -0.011821
v -0.005703 -0.048424 -0.011821
v 0.003837 -0.048625 -0.011821
v -0.003837 -0.048625 -0.011821
v 0.001936 -0.048746 -0.011821
v -0.001937 -0.048746 -0.011821
v -0.000000 -0.048786 -0.011821
v -0.001937 0.048746 0.011821
v -0.000000 0.048787 0.011821
v 0.001936 0.048746 0.011821
v -0.003837 0.048626 0.011821
v 0.003837 0.048626 0.011821
v -0.005703 0.048424 0.011821
v 0.005702 0.048424 0.011821
v -0.007532 0.048143 0.011821
v 0.007532 0.048143 0.011821
v -0.009326 0.047781 0.011821
v 0.009326 0.047781 0.011821
v -0.011085 0.047338 0.011821
v 0.011085 0.047338 0.011821
v 0.012808 0.046815 0.011821
v -0.012808 0.046815 0.011821
v 0.014495 0.046211 0.011821
v -0.014495 0.046211 0.011821
v 0.016147 0.045527 0.011821
v -0.016147 0.045527 0.011821
v 0.017763 0.044762 0.011821
v -0.017764 0.044762 0.011821
v 0.019344 0.043917 0.011821
v -0.019344 0.043917 0.011821
v 0.020889 0.042992 0.011821
v -0.020889 0.042992 0.011821
v -0.022389 0.041990 0.011821
v 0.022389 0.041990 0.011821
v 0.023833 0.040916 0.011821
v -0.023834 0.040916 0.011821
v 0.025223 0.039770 0.011821
v -0.025223 0.039770 0.011821
v 0.026557 0.038552 0.011821
v -0.026557 0.038552 0.011821
v 0.027836 0.037262 0.011821
v -0.027836 0.037262 0.011821
v 0.029059 0.035899 0.011821
v -0.029060 0.035899 0.011821
v 0.030228 0.034465 0.011821
v -0.030228 0.034465 0.011821
v 0.031341 0.032959 0.011821
v -0.031342 0.032959 0.011821
v 0.032399 0.031380 0.011821
v -0.032400 0.031380 0.011821
v 0.033402 0.029730 0.011821
v -0.033402 0.029730 0.011821
v -0.000000 0.030323 0.011821
v -0.001390 0.030272 0.011821
v 0.001412 0.030272 0.011821
v -0.002731 0.030117 0.011821
v 0.002772 0.030117 0.011821
v -0.004022 0.029860 0.011821
v 0.004081 0.029860 0.011821
v -0.005264 0.029500 0.011821
v 0.005338 0.029500 0.011821
v 0.034350 0.028007 0.011821
v -0.034350 0.028007 0.011821
v -0.006456 0.029036 0.011821
v 0.006544 0.029036 0.011821
v -0.007598 0.028470 0.011821
v 0.007698 0.028470 0.011821
v -0.008691 0.027801 0.011821
v 0.008801 0.027801 0.011821
v 0.035242 0.026213 0.011821
v -0.035242 0.026213 0.011821
v -0.009734 0.027029 0.011821
v 0.009853 0.027029 0.011821
v -0.010727 0.026154 0.011821
v 0.010853 0.026154 0.011821
v -0.036071 0.024353 0.011821
v 0.036071 0.024353 0.011821
v -0.011671 0.025176 0.011821
v 0.011801 0.025176 0.011821
v -0.012565 0.024095 0.011821
v 0.012699 0.024095 0.011821
v 0.036827 0.022434 0.011821
v -0.036828 0.022434 0.011821
v -0.013410 0.022911 0.011821
v 0.013544 0.022911 0.011821
v -0.014195 0.021619 0.011821
v 0.014330 0.021619 0.011821
v 0.037512 0.020456 0.011821
v -0.037512 0.020456 0.011821
v -0.014913 0.020216 0.011821
v 0.015047 0.020216 0.011821
v 0.038125 0.018419 0.011821
v -0.038125 0.018419 0.011821
v -0.015562 0.018699 0.011821
v 0.015696 0.018699 0.011821
v -0.016143 0.017071 0.011821
v 0.016277 0.017071 0.011821
v -0.038665 0.016323 0.011821
v 0.038665 0.016323 0.011821
v -0.016655 0.015330 0.011821
v 0.016789 0.015330 0.011821
v -0.039134 0.014168 0.011821
v 0.039133 0.014168 0.011821
v -0.017099 0.013477 0.011821
v 0.017233 0.013477 0.011821
v -0.039530 0.011954 0.011821
v 0.039530 0.011954 0.011821
v -0.017475 0.011512 0.011821
v 0.017609 0.011512 0.011821
v -0.039855 0.009681 0.011821
v 0.039854 0.009681 0.011821
v -0.017782 0.009434 0.011821
v 0.017917 0.009434 0.011821
v -0.040107 0.007349 0.011821
v 0.040106 0.007349 0.011821
v -0.018021 0.007244 0.011821
v 0.018156 0.007244 0.011821
v -0.040287 0.004959 0.011821
v 0.040286 0.004959 0.011821
v -0.018192 0.004942 0.011821
v 0.018327 0.004942 0.011821
v -0.040395 0.002509 0.011821
v 0.040395 0.002509 0.011821
v -0.018295 0.002527 0.011821
v 0.018429 0.002527 0.011821
v -0.018329 0.000000 0.011821
v 0.018463 0.000000 0.011821
v -0.040431 0.000000 0.011821
v 0.040431 0.000000 0.011821
v -0.040395 -0.002509 0.011821
v -0.018295 -0.002527 0.011821
v 0.018429 -0.002527 0.011821
v 0.040395 -0.002509 0.011821
v -0.040287 -0.004958 0.011821
v 0.040286 -0.004958 0.011821
v -0.018192 -0.004941 0.011821
v 0.018327 -0.004941 0.011821
v -0.018021 -0.007244 0.011821
v 0.018156 -0.007244 0.011821
v -0.040107 -0.007349 0.011821
v 0.040106 -0.007349 0.011821
v -0.017782 -0.009434 0.011821
v 0.017917 -0.009434 0.011821
v -0.039855 -0.009681 0.011821
v 0.039854 -0.009681 0.011821
v -0.017475 -0.011511 0.011821
v 0.017609 -0.011511 0.011821
v 0.039530 -0.011954 0.011821
v -0.039530 -0.011954 0.011821
v -0.017099 -0.013477 0.011821
v 0.017233 -0.013477 0.011821
v 0.039133 -0.014167 0.011821
v -0.039134 -0.014167 0.011821
v -0.016655 -0.015330 0.011821
v 0.016789 -0.015330 0.011821
v 0.038665 -0.016322 0.011821
v -0.038665 -0.016322 0.011821
v -0.016143 -0.017071 0.011821
v 0.016277 -0.017071 0.011821
v 0.038125 -0.018418 0.011821
v -0.038125 -0.018418 0.011821
v -0.015562 -0.018699 0.011821
v 0.015696 -0.018699 0.011821
v 0.037512 -0.020455 0.011821
v -0.037512 -0.020455 0.011821
v -0.014913 -0.020215 0.011821
v 0.015047 -0.020215 0.011821
v -0.014195 -0.021619 0.011821
v 0.014330 -0.021619 0.011821
v 0.036827 -0.022433 0.011821
v -0.036828 -0.022433 0.011821
v -0.013410 -0.022911 0.011821
v 0.013544 -0.022911 0.011821
v 0.036071 -0.024352 0.011821
v -0.036071 -0.024352 0.011821
v -0.012565 -0.024095 0.011821
v 0.012699 -0.024095 0.011821
v -0.011671 -0.025176 0.011821
v 0.011801 -0.025176 0.011821
v 0.035242 -0.026213 0.011821
v -0.035242 -0.026213 0.011821
v -0.010727 -0.026154 0.011821
v 0.010853 -0.026154 0.011821
v -0.009734 -0.027029 0.011821
v 0.009853 -0.027029 0.011821
v -0.034350 -0.028007 0.011821
v 0.034350 -0.028007 0.011821
v -0.008691 -0.027801 0.011821
v 0.008801 -0.027801 0.011821
v -0.007598 -0.028470 0.011821
v 0.007698 -0.028470 0.011821
v 0.033402 -0.029730 0.011821
v -0.033402 -0.029730 0.011821
v -0.006456 -0.029036 0.011821
v 0.006544 -0.029036 0.011821
v -0.005264 -0.029499 0.011821
v 0.005338 -0.029499 0.011821
v -0.004022 -0.029860 0.011821
v 0.004081 -0.029860 0.011821
v 0.032399 -0.031380 0.011821
v -0.032400 -0.031380 0.011821
v -0.002731 -0.030117 0.011821
v 0.002772 -0.030117 0.011821
v -0.001390 -0.030271 0.011821
v 0.001412 -0.030271 0.011821
v -0.000000 -0.030323 0.011821
v 0.031341 -0.032958 0.011821
v -0.031342 -0.032958 0.011821
v 0.030228 -0.034465 0.011821
v -0.030228 -0.034465 0.011821
v 0.029059 -0.035899 0.011821
v -0.029060 -0.035899 0.011821
v 0.027836 -0.037261 0.011821
v -0.027836 -0.037261 0.011821
v -0.026557 -0.038551 0.011821
v 0.026557 -0.038551 0.011821
v -0.025223 -0.039769 0.011821
v 0.025223 -0.039769 0.011821
v -0.023834 -0.040915 0.011821
v 0.023833 -0.040915 0.011821
v -0.022389 -0.041989 0.011821
v 0.022389 -0.041989 0.011821
v -0.020889 -0.042991 0.011821
v 0.020889 -0.042991 0.011821
v -0.019344 -0.043917 0.011821
v 0.019344 -0.043917 0.011821
v -0.017764 -0.044762 0.011821
v 0.017763 -0.044762 0.011821
v -0.016147 -0.045527 0.011821
v 0.016147 -0.045527 0.011821
v 0.014495 -0.046211 0.011821
v -0.014495 -0.046211 0.011821
v 0.012808 -0.046814 0.011821
v -0.012808 -0.046814 0.011821
v 0.011085 -0.047338 0.011821
v -0.011085 -0.047338 0.011821
v 0.009326 -0.047780 0.011821
v -0.009326 -0.047780 0.011821
v 0.007532 -0.048142 0.011821
v -0.007532 -0.048142 0.011821
v 0.005702 -0.048424 0.011821
v -0.005703 -0.048424 0.011821
v 0.003837 -0.048625 0.011821
v -0.003837 -0.048625 0.011821
v 0.001936 -0.048746 0.011821
v -0.001937 -0.048746 0.011821
v -0.000000 -0.048786 0.011821
v -0.000000 -0.049457 0.011741
v -0.001937 -0.048746 0.011821
v -0.000000 -0.048786 0.011821
v -0.000000 -0.050062 0.011509
v -0.001965 -0.049416 0.011741
v -0.000000 -0.050543 0.011149
v -0.001990 -0.050021 0.011509
v -0.000000 -0.050851 0.010694
v -0.002011 -0.050501 0.011149
v -0.000000 -0.050957 0.010190
v -0.002023 -0.050809 0.010694
v -0.002028 -0.050915 -0.010190
v -0.000000 -0.050957 -0.010190
v -0.002023 -0.050809 -0.010694
v -0.000000 -0.050851 -0.010694
v -0.002011 -0.050501 -0.011149
v -0.000000 -0.050543 -0.011149
v -0.001990 -0.050021 -0.011509
v -0.000000 -0.050062 -0.011509
v -0.001965 -0.049416 -0.011741
v -0.000000 -0.049457 -0.011741
v -0.001937 -0.048746 -0.011821
v -0.000000 -0.048786 -0.011821
v -0.003837 -0.048625 0.011821
v -0.003895 -0.049294 0.011741
v -0.003946 -0.049897 0.011509
v -0.003987 -0.050375 0.011149
v -0.002028 -0.050915 0.010190
v -0.004014 -0.050682 0.010694
v -0.004023 -0.050788 -0.010190
v -0.004014 -0.050682 -0.010694
v -0.003987 -0.050375 -0.011149
v -0.003946 -0.049897 -0.011509
v -0.003895 -0.049294 -0.011741
v -0.003837 -0.048625 -0.011821
v -0.005703 -0.048424 0.011821
v -0.005790 -0.049089 0.011741
v -0.005868 -0.049689 0.011509
v -0.005931 -0.050166 0.011149
v -0.004023 -0.050788 0.010190
v -0.005971 -0.050471 0.010694
v -0.005984 -0.050577 -0.010190
v -0.005971 -0.050471 -0.010694
v -0.005931 -0.050166 -0.011149
v -0.005868 -0.049689 -0.011509
v -0.005790 -0.049089 -0.011741
v -0.005703 -0.048424 -0.011821
v -0.007532 -0.048142 0.011821
v -0.007650 -0.048803 0.011741
v -0.007756 -0.049399 0.011509
v -0.007840 -0.049872 0.011149
v -0.005984 -0.050577 0.010190
v -0.007894 -0.050175 0.010694
v -0.007912 -0.050280 -0.010190
v -0.007894 -0.050175 -0.010694
v -0.007840 -0.049872 -0.011149
v -0.007756 -0.049399 -0.011509
v -0.007650 -0.048803 -0.011741
v -0.007532 -0.048142 -0.011821
v -0.009326 -0.047780 0.011821
v -0.009475 -0.048435 0.011741
v -0.009609 -0.049025 0.011509
v -0.009715 -0.049493 0.011149
v -0.007912 -0.050280 0.010190
v -0.009783 -0.049794 0.010694
v -0.009806 -0.049898 -0.010190
v -0.009783 -0.049794 -0.010694
v -0.009715 -0.049493 -0.011149
v -0.009609 -0.049025 -0.011509
v -0.009475 -0.048435 -0.011741
v -0.009326 -0.047780 -0.011821
v -0.011085 -0.047338 0.011821
v -0.011264 -0.047984 0.011741
v -0.011426 -0.048567 0.011509
v -0.011555 -0.049030 0.011149
v -0.009806 -0.049898 0.010190
v -0.011637 -0.049327 0.010694
v -0.011666 -0.049429 -0.010190
v -0.011637 -0.049327 -0.010694
v -0.011555 -0.049030 -0.011149
v -0.011426 -0.048567 -0.011509
v -0.011264 -0.047984 -0.011741
v -0.011085 -0.047338 -0.011821
v -0.012808 -0.046814 0.011821
v -0.013018 -0.047451 0.011741
v -0.013208 -0.048026 0.011509
v -0.013359 -0.048482 0.011149
v -0.011666 -0.049429 0.010190
v -0.013456 -0.048775 0.010694
v -0.013489 -0.048876 -0.010190
v -0.013456 -0.048775 -0.010694
v -0.013359 -0.048482 -0.011149
v -0.013208 -0.048026 -0.011509
v -0.013018 -0.047451 -0.011741
v -0.012808 -0.046814 -0.011821
v -0.014495 -0.046211 0.011821
v -0.014737 -0.046837 0.011741
v -0.014955 -0.047401 0.011509
v -0.015127 -0.047849 0.011149
v -0.013489 -0.048876 0.010190
v -0.015238 -0.048137 0.010694
v -0.015277 -0.048236 -0.010190
v -0.015238 -0.048137 -0.010694
v -0.015127 -0.047849 -0.011149
v -0.014955 -0.047401 -0.011509
v -0.014737 -0.046837 -0.011741
v -0.014495 -0.046211 -0.011821
v -0.016147 -0.045527 0.011821
v -0.016419 -0.046140 0.011741
v -0.016664 -0.046693 0.011509
v -0.016859 -0.047132 0.011149
v -0.015277 -0.048236 0.010190
v -0.016984 -0.047414 0.010694
v -0.017027 -0.047511 -0.010190
v -0.016984 -0.047414 -0.010694
v -0.016859 -0.047132 -0.011149
v -0.016664 -0.046693 -0.011509
v -0.016419 -0.046140 -0.011741
v -0.016147 -0.045527 -0.011821
v -0.018065 -0.045361 0.011741
v -0.018337 -0.045902 0.011509
v -0.018553 -0.046331 0.011149
v -0.018692 -0.046606 0.010694
v -0.018740 -0.046701 0.010190
v -0.017027 -0.047511 0.010190
v -0.018740 -0.046701 -0.010190
v -0.018692 -0.046606 -0.010694
v -0.018553 -0.046331 -0.011149
v -0.018337 -0.045902 -0.011509
v -0.018065 -0.045361 -0.011741
v -0.019675 -0.044501 0.011741
v -0.017764 -0.044762 0.011821
v -0.019973 -0.045027 0.011509
v -0.020210 -0.045445 0.011149
v -0.020362 -0.045713 0.010694
v -0.020414 -0.045806 0.010190
v -0.020414 -0.045806 -0.010190
v -0.020362 -0.045713 -0.010694
v -0.020210 -0.045445 -0.011149
v -0.019973 -0.045027 -0.011509
v -0.017764 -0.044762 -0.011821
v -0.019675 -0.044501 -0.011741
v -0.020889 -0.042991 0.011821
v -0.019344 -0.043917 0.011821
v -0.021248 -0.043558 0.011741
v -0.021572 -0.044070 0.011509
v -0.021829 -0.044475 0.011149
v -0.021994 -0.044736 0.010694
v -0.022051 -0.044826 -0.010190
v -0.021994 -0.044736 -0.010694
v -0.021829 -0.044475 -0.011149
v -0.021572 -0.044070 -0.011509
v -0.021248 -0.043558 -0.011741
v -0.020889 -0.042991 -0.011821
v -0.019344 -0.043917 -0.011821
v -0.022389 -0.041989 0.011821
v -0.022776 -0.042538 0.011741
v -0.023125 -0.043032 0.011509
v -0.023401 -0.043425 0.011149
v -0.022051 -0.044826 0.010190
v -0.023579 -0.043677 0.010694
v -0.023640 -0.043764 -0.010190
v -0.023579 -0.043677 -0.010694
v -0.023401 -0.043425 -0.011149
v -0.023125 -0.043032 -0.011509
v -0.022776 -0.042538 -0.011741
v -0.022389 -0.041989 -0.011821
v -0.023834 -0.040915 0.011821
v -0.024248 -0.041444 0.011741
v -0.024621 -0.041920 0.011509
v -0.024917 -0.042298 0.011149
v -0.023640 -0.043764 0.010190
v -0.025107 -0.042541 0.010694
v -0.025173 -0.042625 -0.010190
v -0.025107 -0.042541 -0.010694
v -0.024917 -0.042298 -0.011149
v -0.024621 -0.041920 -0.011509
v -0.024248 -0.041444 -0.011741
v -0.023834 -0.040915 -0.011821
v -0.025663 -0.040276 0.011741
v -0.026060 -0.040733 0.011509
v -0.026374 -0.041096 0.011149
v -0.026577 -0.041329 0.010694
v -0.026646 -0.041409 0.010190
v -0.025173 -0.042625 0.010190
v -0.026646 -0.041409 -0.010190
v -0.026577 -0.041329 -0.010694
v -0.026374 -0.041096 -0.011149
v -0.026060 -0.040733 -0.011509
v -0.025663 -0.040276 -0.011741
v -0.027022 -0.039035 0.011741
v -0.025223 -0.039769 0.011821
v -0.027441 -0.039472 0.011509
v -0.027773 -0.039819 0.011149
v -0.027987 -0.040041 0.010694
v -0.028061 -0.040118 0.010190
v -0.028061 -0.040118 -0.010190
v -0.027987 -0.040041 -0.010694
v -0.027773 -0.039819 -0.011149
v -0.027441 -0.039472 -0.011509
v -0.025223 -0.039769 -0.011821
v -0.027022 -0.039035 -0.011741
v -0.028324 -0.037722 0.011741
v -0.026557 -0.038551 0.011821
v -0.028764 -0.038137 0.011509
v -0.029114 -0.038467 0.011149
v -0.029338 -0.038678 0.010694
v -0.029415 -0.038751 0.010190
v -0.029415 -0.038751 -0.010190
v -0.029338 -0.038678 -0.010694
v -0.029114 -0.038467 -0.011149
v -0.028764 -0.038137 -0.011509
v -0.026557 -0.038551 -0.011821
v -0.028324 -0.037722 -0.011741
v -0.029570 -0.036335 0.011741
v -0.027836 -0.037261 0.011821
v -0.030029 -0.036729 0.011509
v -0.030394 -0.037041 0.011149
v -0.030629 -0.037241 0.010694
v -0.030709 -0.037310 0.010190
v -0.030709 -0.037310 -0.010190
v -0.030629 -0.037241 -0.010694
v -0.030394 -0.037041 -0.011149
v -0.030029 -0.036729 -0.011509
v -0.027836 -0.037261 -0.011821
v -0.029570 -0.036335 -0.011741
v -0.030758 -0.034876 0.011741
v -0.029060 -0.035899 0.011821
v -0.031236 -0.035247 0.011509
v -0.031616 -0.035542 0.011149
v -0.031859 -0.035731 0.010694
v -0.031943 -0.035796 0.010190
v -0.031943 -0.035796 -0.010190
v -0.031859 -0.035731 -0.010694
v -0.031616 -0.035542 -0.011149
v -0.031236 -0.035247 -0.011509
v -0.029060 -0.035899 -0.011821
v -0.030758 -0.034876 -0.011741
v -0.031890 -0.033345 0.011741
v -0.030228 -0.034465 0.011821
v -0.032385 -0.033693 0.011509
v -0.032778 -0.033970 0.011149
v -0.033030 -0.034147 0.010694
v -0.033117 -0.034208 0.010190
v -0.033117 -0.034208 -0.010190
v -0.033030 -0.034147 -0.010694
v -0.032778 -0.033970 -0.011149
v -0.032385 -0.033693 -0.011509
v -0.030228 -0.034465 -0.011821
v -0.031890 -0.033345 -0.011741
v -0.032965 -0.031741 0.011741
v -0.031342 -0.032958 0.011821
v -0.033475 -0.032067 0.011509
v -0.033880 -0.032325 0.011149
v -0.034140 -0.032491 0.010694
v -0.034229 -0.032548 0.010190
v -0.034229 -0.032548 -0.010190
v -0.034140 -0.032491 -0.010694
v -0.033880 -0.032325 -0.011149
v -0.033475 -0.032067 -0.011509
v -0.031342 -0.032958 -0.011821
v -0.032965 -0.031741 -0.011741
v -0.033983 -0.030066 0.011741
v -0.032400 -0.031380 0.011821
v -0.034507 -0.030369 0.011509
v -0.034923 -0.030609 0.011149
v -0.035190 -0.030763 0.010694
v -0.035281 -0.030817 0.010190
v -0.035281 -0.030817 -0.010190
v -0.035190 -0.030763 -0.010694
v -0.034923 -0.030609 -0.011149
v -0.034507 -0.030369 -0.011509
v -0.032400 -0.031380 -0.011821
v -0.033983 -0.030066 -0.011741
v -0.034944 -0.028318 0.011741
v -0.033402 -0.029730 0.011821
v -0.035480 -0.028599 0.011509
v -0.035906 -0.028821 0.011149
v -0.036179 -0.028964 0.010694
v -0.036273 -0.029014 0.010190
v -0.036273 -0.029014 -0.010190
v -0.036179 -0.028964 -0.010694
v -0.035906 -0.028821 -0.011149
v -0.035480 -0.028599 -0.011509
v -0.033402 -0.029730 -0.011821
v -0.034944 -0.028318 -0.011741
v -0.035242 -0.026213 0.011821
v -0.034350 -0.028007 0.011821
v -0.035849 -0.026498 0.011741
v -0.036397 -0.026756 0.011509
v -0.036831 -0.026961 0.011149
v -0.037110 -0.027092 0.010694
v -0.037206 -0.027138 -0.010190
v -0.037110 -0.027092 -0.010694
v -0.036831 -0.026961 -0.011149
v -0.036397 -0.026756 -0.011509
v -0.035849 -0.026498 -0.011741
v -0.035242 -0.026213 -0.011821
v -0.034350 -0.028007 -0.011821
v -0.036071 -0.024352 0.011821
v -0.036690 -0.024612 0.011741
v -0.037248 -0.024846 0.011509
v -0.037691 -0.025032 0.011149
v -0.037206 -0.027138 0.010190
v -0.037975 -0.025151 0.010694
v -0.038073 -0.025192 -0.010190
v -0.037975 -0.025151 -0.010694
v -0.037691 -0.025032 -0.011149
v -0.037248 -0.024846 -0.011509
v -0.036690 -0.024612 -0.011741
v -0.036071 -0.024352 -0.011821
v -0.037457 -0.022666 0.011741
v -0.038024 -0.022876 0.011509
v -0.038475 -0.023043 0.011149
v -0.038764 -0.023150 0.010694
v -0.038864 -0.023187 0.010190
v -0.038073 -0.025192 0.010190
v -0.038864 -0.023187 -0.010190
v -0.038764 -0.023150 -0.010694
v -0.038475 -0.023043 -0.011149
v -0.038024 -0.022876 -0.011509
v -0.037457 -0.022666 -0.011741
v -0.038151 -0.020662 0.011741
v -0.036828 -0.022433 0.011821
v -0.038727 -0.020848 0.011509
v -0.039183 -0.020996 0.011149
v -0.039477 -0.021090 0.010694
v -0.039578 -0.021123 0.010190
v -0.039578 -0.021123 -0.010190
v -0.039477 -0.021090 -0.010694
v -0.039183 -0.020996 -0.011149
v -0.038727 -0.020848 -0.011509
v -0.036828 -0.022433 -0.011821
v -0.038151 -0.020662 -0.011741
v -0.038771 -0.018599 0.011741
v -0.037512 -0.020455 0.011821
v -0.039354 -0.018761 0.011509
v -0.039816 -0.018891 0.011149
v -0.040113 -0.018973 0.010694
v -0.040216 -0.019002 0.010190
v -0.040216 -0.019002 -0.010190
v -0.040113 -0.018973 -0.010694
v -0.039816 -0.018891 -0.011149
v -0.039354 -0.018761 -0.011509
v -0.037512 -0.020455 -0.011821
v -0.038771 -0.018599 -0.011741
v -0.039318 -0.016477 0.011741
v -0.038125 -0.018418 0.011821
v -0.039907 -0.016617 0.011509
v -0.040374 -0.016728 0.011149
v -0.040674 -0.016799 0.010694
v -0.040777 -0.016824 0.010190
v -0.040777 -0.016824 -0.010190
v -0.040674 -0.016799 -0.010694
v -0.040374 -0.016728 -0.011149
v -0.039907 -0.016617 -0.011509
v -0.038125 -0.018418 -0.011821
v -0.039318 -0.016477 -0.011741
v -0.039792 -0.014298 0.011741
v -0.038665 -0.016322 0.011821
v -0.040385 -0.014415 0.011509
v -0.040857 -0.014509 0.011149
v -0.041159 -0.014569 0.010694
v -0.041263 -0.014589 0.010190
v -0.041263 -0.014589 -0.010190
v -0.041159 -0.014569 -0.010694
v -0.040857 -0.014509 -0.011149
v -0.040385 -0.014415 -0.011509
v -0.038665 -0.016322 -0.011821
v -0.039792 -0.014298 -0.011741
v -0.040192 -0.012060 0.011741
v -0.039134 -0.014167 0.011821
v -0.040790 -0.012156 0.011509
v -0.041264 -0.012232 0.011149
v -0.041568 -0.012281 0.010694
v -0.041673 -0.012298 0.010190
v -0.041673 -0.012298 -0.010190
v -0.041568 -0.012281 -0.010694
v -0.041264 -0.012232 -0.011149
v -0.040790 -0.012156 -0.011509
v -0.039134 -0.014167 -0.011821
v -0.040192 -0.012060 -0.011741
v -0.040520 -0.009764 0.011741
v -0.039530 -0.011954 0.011821
v -0.041120 -0.009840 0.011509
v -0.041597 -0.009899 0.011149
v -0.041903 -0.009938 0.010694
v -0.042008 -0.009951 0.010190
v -0.042008 -0.009951 -0.010190
v -0.041903 -0.009938 -0.010694
v -0.041597 -0.009899 -0.011149
v -0.041120 -0.009840 -0.011509
v -0.039530 -0.011954 -0.011821
v -0.040520 -0.009764 -0.011741
v -0.040775 -0.007410 0.011741
v -0.039855 -0.009681 0.011821
v -0.041377 -0.007466 0.011509
v -0.041855 -0.007509 0.011149
v -0.042162 -0.007538 0.010694
v -0.042268 -0.007547 0.010190
v -0.042268 -0.007547 -0.010190
v -0.042162 -0.007538 -0.010694
v -0.041855 -0.007509 -0.011149
v -0.041377 -0.007466 -0.011509
v -0.039855 -0.009681 -0.011821
v -0.040775 -0.007410 -0.011741
v -0.040956 -0.004998 0.011741
v -0.040107 -0.007349 0.011821
v -0.041560 -0.005034 0.011509
v -0.042040 -0.005063 0.011149
v -0.042348 -0.005081 0.010694
v -0.042454 -0.005088 0.010190
v -0.042454 -0.005088 -0.010190
v -0.042348 -0.005081 -0.010694
v -0.042040 -0.005063 -0.011149
v -0.041560 -0.005034 -0.011509
v -0.040107 -0.007349 -0.011821
v -0.040956 -0.004998 -0.011741
v -0.041065 -0.002528 0.011741
v -0.040287 -0.004958 0.011821
v -0.041670 -0.002546 0.011509
v -0.042150 -0.002560 0.011149
v -0.042458 -0.002569 0.010694
v -0.042565 -0.002572 0.010190
v -0.042565 -0.002572 -0.010190
v -0.042458 -0.002569 -0.010694
v -0.042150 -0.002560 -0.011149
v -0.041670 -0.002546 -0.011509
v -0.040287 -0.004958 -0.011821
v -0.041065 -0.002528 -0.011741
v -0.041102 0.000000 0.011741
v -0.040395 -0.002509 0.011821
v -0.041707 0.000000 0.011509
v -0.042187 0.000000 0.011149
v -0.042495 0.000000 0.010694
v -0.042602 0.000000 0.010190
v -0.042602 0.000000 -0.010190
v -0.042495 0.000000 -0.010694
v -0.042187 0.000000 -0.011149
v -0.041707 0.000000 -0.011509
v -0.040395 -0.002509 -0.011821
v -0.041102 0.000000 -0.011741
v -0.040395 0.002509 0.011821
v -0.040431 0.000000 0.011821
v -0.041065 0.002528 0.011741
v -0.041670 0.002546 0.011509
v -0.042150 0.002560 0.011149
v -0.042458 0.002569 0.010694
v -0.042565 0.002572 -0.010190
v -0.042458 0.002569 -0.010694
v -0.042150 0.002560 -0.011149
v -0.041670 0.002546 -0.011509
v -0.041065 0.002528 -0.011741
v -0.040395 0.002509 -0.011821
v -0.040431 0.000000 -0.011821
v -0.040287 0.004959 0.011821
v -0.040956 0.004999 0.011741
v -0.041560 0.005035 0.011509
v -0.042040 0.005063 0.011149
v -0.042565 0.002572 0.010190
v -0.042348 0.005082 0.010694
v -0.042454 0.005088 -0.010190
v -0.042348 0.005082 -0.010694
v -0.042040 0.005063 -0.011149
v -0.041560 0.005035 -0.011509
v -0.040956 0.004999 -0.011741
v -0.040287 0.004959 -0.011821
v -0.040107 0.007349 0.011821
v -0.040775 0.007411 0.011741
v -0.041377 0.007466 0.011509
v -0.041855 0.007510 0.011149
v -0.042454 0.005088 0.010190
v -0.042162 0.007538 0.010694
v -0.042268 0.007548 -0.010190
v -0.042162 0.007538 -0.010694
v -0.041855 0.007510 -0.011149
v -0.041377 0.007466 -0.011509
v -0.040775 0.007411 -0.011741
v -0.040107 0.007349 -0.011821
v -0.039855 0.009681 0.011821
v -0.040520 0.009765 0.011741
v -0.041120 0.009840 0.011509
v -0.041597 0.009900 0.011149
v -0.042268 0.007548 0.010190
v -0.041903 0.009938 0.010694
v -0.042008 0.009951 0.010190
v -0.041903 0.009938 -0.010694
v -0.041597 0.009900 -0.011149
v -0.041120 0.009840 -0.011509
v -0.040520 0.009765 -0.011741
v -0.039855 0.009681 -0.011821
v -0.039530 0.011954 0.011821
v -0.040192 0.012060 0.011741
v -0.040790 0.012156 0.011509
v -0.041264 0.012233 0.011149
v -0.041568 0.012282 0.010694
v -0.042008 0.009951 -0.010190
v -0.041673 0.012299 0.010190
v -0.041568 0.012282 -0.010694
v -0.041264 0.012233 -0.011149
v -0.040790 0.012156 -0.011509
v -0.040192 0.012060 -0.011741
v -0.039530 0.011954 -0.011821
v -0.039134 0.014168 0.011821
v -0.039792 0.014298 0.011741
v -0.040385 0.014416 0.011509
v -0.040857 0.014509 0.011149
v -0.041159 0.014569 0.010694
v -0.041673 0.012299 -0.010190
v -0.041263 0.014590 0.010190
v -0.041159 0.014569 -0.010694
v -0.040857 0.014509 -0.011149
v -0.040385 0.014416 -0.011509
v -0.039792 0.014298 -0.011741
v -0.039134 0.014168 -0.011821
v -0.038665 0.016323 0.011821
v -0.039318 0.016478 0.011741
v -0.039907 0.016618 0.011509
v -0.040374 0.016729 0.011149
v -0.040674 0.016800 0.010694
v -0.040777 0.016824 -0.010190
v -0.041263 0.014590 -0.010190
v -0.040674 0.016800 -0.010694
v -0.040374 0.016729 -0.011149
v -0.039907 0.016618 -0.011509
v -0.039318 0.016478 -0.011741
v -0.038665 0.016323 -0.011821
v -0.038125 0.018419 0.011821
v -0.038771 0.018599 0.011741
v -0.039354 0.018762 0.011509
v -0.039816 0.018891 0.011149
v -0.040777 0.016824 0.010190
v -0.040113 0.018974 0.010694
v -0.040216 0.019002 -0.010190
v -0.040113 0.018974 -0.010694
v -0.039816 0.018891 -0.011149
v -0.039354 0.018762 -0.011509
v -0.038771 0.018599 -0.011741
v -0.038125 0.018419 -0.011821
v -0.037512 0.020456 0.011821
v -0.038151 0.020662 0.011741
v -0.038727 0.020848 0.011509
v -0.039183 0.020996 0.011149
v -0.040216 0.019002 0.010190
v -0.039477 0.021091 0.010694
v -0.039578 0.021123 -0.010190
v -0.039477 0.021091 -0.010694
v -0.039183 0.020996 -0.011149
v -0.038727 0.020848 -0.011509
v -0.038151 0.020662 -0.011741
v -0.037512 0.020456 -0.011821
v -0.036828 0.022434 0.011821
v -0.037457 0.022666 0.011741
v -0.038024 0.022876 0.011509
v -0.038475 0.023043 0.011149
v -0.039578 0.021123 0.010190
v -0.038764 0.023150 0.010694
v -0.038864 0.023187 -0.010190
v -0.038764 0.023150 -0.010694
v -0.038475 0.023043 -0.011149
v -0.038024 0.022876 -0.011509
v -0.037457 0.022666 -0.011741
v -0.036828 0.022434 -0.011821
v -0.036071 0.024353 0.011821
v -0.036690 0.024612 0.011741
v -0.037248 0.024846 0.011509
v -0.037691 0.025032 0.011149
v -0.038864 0.023187 0.010190
v -0.037975 0.025152 0.010694
v -0.038073 0.025193 -0.010190
v -0.037975 0.025152 -0.010694
v -0.037691 0.025032 -0.011149
v -0.037248 0.024846 -0.011509
v -0.036690 0.024612 -0.011741
v -0.036071 0.024353 -0.011821
v -0.035849 0.026499 0.011741
v -0.036397 0.026757 0.011509
v -0.036831 0.026961 0.011149
v -0.037110 0.027093 0.010694
v -0.037206 0.027138 0.010190
v -0.038073 0.025193 0.010190
v -0.037206 0.027138 -0.010190
v -0.037110 0.027093 -0.010694
v -0.036831 0.026961 -0.011149
v -0.036397 0.026757 -0.011509
v -0.035849 0.026499 -0.011741
v -0.034944 0.028318 0.011741
v -0.035242 0.026213 0.011821
v -0.035480 0.028599 0.011509
v -0.035906 0.028822 0.011149
v -0.036179 0.028965 0.010694
v -0.036273 0.029014 0.010190
v -0.036273 0.029014 -0.010190
v -0.036179 0.028965 -0.010694
v -0.035906 0.028822 -0.011149
v -0.035480 0.028599 -0.011509
v -0.035242 0.026213 -0.011821
v -0.034944 0.028318 -0.011741
v -0.033402 0.029730 0.011821
v -0.034350 0.028007 0.011821
v -0.033983 0.030066 0.011741
v -0.034507 0.030369 0.011509
v -0.034923 0.030609 0.011149
v -0.035190 0.030764 0.010694
v -0.035281 0.030817 -0.010190
v -0.035190 0.030764 -0.010694
v -0.034923 0.030609 -0.011149
v -0.034507 0.030369 -0.011509
v -0.033983 0.030066 -0.011741
v -0.033402 0.029730 -0.011821
v -0.034350 0.028007 -0.011821
v -0.032400 0.031380 0.011821
v -0.032965 0.031741 0.011741
v -0.033475 0.032067 0.011509
v -0.033880 0.032325 0.011149
v -0.035281 0.030817 0.010190
v -0.034140 0.032491 0.010694
v -0.034229 0.032549 -0.010190
v -0.034140 0.032491 -0.010694
v -0.033880 0.032325 -0.011149
v -0.033475 0.032067 -0.011509
v -0.032965 0.031741 -0.011741
v -0.032400 0.031380 -0.011821
v -0.031342 0.032959 0.011821
v -0.031890 0.033345 0.011741
v -0.032385 0.033693 0.011509
v -0.032778 0.033970 0.011149
v -0.034229 0.032549 0.010190
v -0.033030 0.034147 0.010694
v -0.033117 0.034209 -0.010190
v -0.033030 0.034147 -0.010694
v -0.032778 0.033970 -0.011149
v -0.032385 0.033693 -0.011509
v -0.031890 0.033345 -0.011741
v -0.031342 0.032959 -0.011821
v -0.030228 0.034465 0.011821
v -0.030758 0.034876 0.011741
v -0.031236 0.035247 0.011509
v -0.031616 0.035542 0.011149
v -0.033117 0.034209 0.010190
v -0.031859 0.035731 0.010694
v -0.031943 0.035796 -0.010190
v -0.031859 0.035731 -0.010694
v -0.031616 0.035542 -0.011149
v -0.031236 0.035247 -0.011509
v -0.030758 0.034876 -0.011741
v -0.030228 0.034465 -0.011821
v -0.029060 0.035899 0.011821
v -0.029570 0.036335 0.011741
v -0.030029 0.036729 0.011509
v -0.030394 0.037041 0.011149
v -0.031943 0.035796 0.010190
v -0.030629 0.037242 0.010694
v -0.030709 0.037311 -0.010190
v -0.030629 0.037242 -0.010694
v -0.030394 0.037041 -0.011149
v -0.030029 0.036729 -0.011509
v -0.029570 0.036335 -0.011741
v -0.029060 0.035899 -0.011821
v -0.027836 0.037262 0.011821
v -0.028324 0.037722 0.011741
v -0.028764 0.038137 0.011509
v -0.029114 0.038467 0.011149
v -0.030709 0.037311 0.010190
v -0.029338 0.038679 0.010694
v -0.029415 0.038752 -0.010190
v -0.029338 0.038679 -0.010694
v -0.029114 0.038467 -0.011149
v -0.028764 0.038137 -0.011509
v -0.028324 0.037722 -0.011741
v -0.027836 0.037262 -0.011821
v -0.026557 0.038552 0.011821
v -0.027022 0.039036 0.011741
v -0.027441 0.039472 0.011509
v -0.027773 0.039819 0.011149
v -0.029415 0.038752 0.010190
v -0.027987 0.040041 0.010694
v -0.028061 0.040118 -0.010190
v -0.027987 0.040041 -0.010694
v -0.027773 0.039819 -0.011149
v -0.027441 0.039472 -0.011509
v -0.027022 0.039036 -0.011741
v -0.026557 0.038552 -0.011821
v -0.025223 0.039770 0.011821
v -0.025663 0.040276 0.011741
v -0.026060 0.040733 0.011509
v -0.026374 0.041096 0.011149
v -0.028061 0.040118 0.010190
v -0.026577 0.041329 0.010694
v -0.026646 0.041409 -0.010190
v -0.026577 0.041329 -0.010694
v -0.026374 0.041096 -0.011149
v -0.026060 0.040733 -0.011509
v -0.025663 0.040276 -0.011741
v -0.025223 0.039770 -0.011821
v -0.023834 0.040916 0.011821
v -0.024248 0.041444 0.011741
v -0.024621 0.041920 0.011509
v -0.024917 0.042298 0.011149
v -0.026646 0.041409 0.010190
v -0.025107 0.042541 0.010694
v -0.025173 0.042625 -0.010190
v -0.025107 0.042541 -0.010694
v -0.024917 0.042298 -0.011149
v -0.024621 0.041920 -0.011509
v -0.024248 0.041444 -0.011741
v -0.023834 0.040916 -0.011821
v -0.022776 0.042538 0.011741
v -0.023125 0.043033 0.011509
v -0.023401 0.043425 0.011149
v -0.023579 0.043677 0.010694
v -0.023640 0.043764 0.010190
v -0.025173 0.042625 0.010190
v -0.023640 0.043764 -0.010190
v -0.023579 0.043677 -0.010694
v -0.023401 0.043425 -0.011149
v -0.023125 0.043033 -0.011509
v -0.022776 0.042538 -0.011741
v -0.021248 0.043558 0.011741
v -0.022389 0.041990 0.011821
v -0.021572 0.044070 0.011509
v -0.021829 0.044476 0.011149
v -0.021994 0.044736 0.010694
v -0.022051 0.044826 0.010190
v -0.022051 0.044826 -0.010190
v -0.021994 0.044736 -0.010694
v -0.021829 0.044476 -0.011149
v -0.021572 0.044070 -0.011509
v -0.022389 0.041990 -0.011821
v -0.021248 0.043558 -0.011741
v -0.019675 0.044501 0.011741
v -0.020889 0.042992 0.011821
v -0.019973 0.045027 0.011509
v -0.020210 0.045445 0.011149
v -0.020362 0.045714 0.010694
v -0.020414 0.045806 0.010190
v -0.020414 0.045806 -0.010190
v -0.020362 0.045714 -0.010694
v -0.020210 0.045445 -0.011149
v -0.019973 0.045027 -0.011509
v -0.020889 0.042992 -0.011821
v -0.019675 0.044501 -0.011741
v -0.017764 0.044762 0.011821
v -0.019344 0.043917 0.011821
v -0.018065 0.045361 0.011741
v -0.018337 0.045902 0.011509
v -0.018553 0.046331 0.011149
v -0.018692 0.046606 0.010694
v -0.018740 0.046701 -0.010190
v -0.018692 0.046606 -0.010694
v -0.018553 0.046331 -0.011149
v -0.018337 0.045902 -0.011509
v -0.018065 0.045361 -0.011741
v -0.017764 0.044762 -0.011821
v -0.019344 0.043917 -0.011821
v -0.016147 0.045527 0.011821
v -0.016419 0.046140 0.011741
v -0.016664 0.046693 0.011509
v -0.016859 0.047133 0.011149
v -0.018740 0.046701 0.010190
v -0.016984 0.047414 0.010694
v -0.017027 0.047512 -0.010190
v -0.016984 0.047414 -0.010694
v -0.016859 0.047133 -0.011149
v -0.016664 0.046693 -0.011509
v -0.016419 0.046140 -0.011741
v -0.016147 0.045527 -0.011821
v -0.014737 0.046837 0.011741
v -0.014955 0.047402 0.011509
v -0.015127 0.047850 0.011149
v -0.015238 0.048137 0.010694
v -0.015277 0.048237 0.010190
v -0.017027 0.047512 0.010190
v -0.015277 0.048237 -0.010190
v -0.015238 0.048137 -0.010694
v -0.015127 0.047850 -0.011149
v -0.014955 0.047402 -0.011509
v -0.014737 0.046837 -0.011741
v -0.013018 0.047452 0.011741
v -0.014495 0.046211 0.011821
v -0.013208 0.048026 0.011509
v -0.013359 0.048482 0.011149
v -0.013456 0.048775 0.010694
v -0.013489 0.048876 0.010190
v -0.013489 0.048876 -0.010190
v -0.013456 0.048775 -0.010694
v -0.013359 0.048482 -0.011149
v -0.013208 0.048026 -0.011509
v -0.014495 0.046211 -0.011821
v -0.013018 0.047452 -0.011741
v -0.011264 0.047984 0.011741
v -0.012808 0.046815 0.011821
v -0.011426 0.048567 0.011509
v -0.011555 0.049030 0.011149
v -0.011637 0.049327 0.010694
v -0.011666 0.049430 0.010190
v -0.011666 0.049430 -0.010190
v -0.011637 0.049327 -0.010694
v -0.011555 0.049030 -0.011149
v -0.011426 0.048567 -0.011509
v -0.012808 0.046815 -0.011821
v -0.011264 0.047984 -0.011741
v -0.009475 0.048435 0.011741
v -0.011085 0.047338 0.011821
v -0.009609 0.049025 0.011509
v -0.009715 0.049493 0.011149
v -0.009783 0.049794 0.010694
v -0.009806 0.049898 0.010190
v -0.009806 0.049898 -0.010190
v -0.009783 0.049794 -0.010694
v -0.009715 0.049493 -0.011149
v -0.009609 0.049025 -0.011509
v -0.011085 0.047338 -0.011821
v -0.009475 0.048435 -0.011741
v -0.007650 0.048803 0.011741
v -0.009326 0.047781 0.011821
v -0.007756 0.049399 0.011509
v -0.007840 0.049872 0.011149
v -0.007894 0.050176 0.010694
v -0.007912 0.050280 0.010190
v -0.007912 0.050280 -0.010190
v -0.007894 0.050176 -0.010694
v -0.007840 0.049872 -0.011149
v -0.007756 0.049399 -0.011509
v -0.009326 0.047781 -0.011821
v -0.007650 0.048803 -0.011741
v -0.005790 0.049090 0.011741
v -0.007532 0.048143 0.011821
v -0.005868 0.049690 0.011509
v -0.005931 0.050166 0.011149
v -0.005971 0.050472 0.010694
v -0.005984 0.050577 0.010190
v -0.005984 0.050577 -0.010190
v -0.005971 0.050472 -0.010694
v -0.005931 0.050166 -0.011149
v -0.005868 0.049690 -0.011509
v -0.007532 0.048143 -0.011821
v -0.005790 0.049090 -0.011741
v -0.003895 0.049294 0.011741
v -0.005703 0.048424 0.011821
v -0.003946 0.049897 0.011509
v -0.003987 0.050376 0.011149
v -0.004014 0.050683 0.010694
v -0.004023 0.050789 0.010190
v -0.004023 0.050789 -0.010190
v -0.004014 0.050683 -0.010694
v -0.003987 0.050376 -0.011149
v -0.003946 0.049897 -0.011509
v -0.005703 0.048424 -0.011821
v -0.003895 0.049294 -0.011741
v -0.001965 0.049417 0.011741
v -0.003837 0.048626 0.011821
v -0.001990 0.050021 0.011509
v -0.002011 0.050501 0.011149
v -0.002023 0.050809 0.010694
v -0.002028 0.050915 0.010190
v -0.002028 0.050915 -0.010190
v -0.002023 0.050809 -0.010694
v -0.002011 0.050501 -0.011149
v -0.001990 0.050021 -0.011509
v -0.003837 0.048626 -0.011821
v -0.001965 0.049417 -0.011741
v -0.000000 0.049457 0.011741
v -0.001937 0.048746 0.011821
v -0.000000 0.050063 0.011509
v -0.000000 0.050543 0.011149
v -0.000000 0.050851 0.010694
v -0.000000 0.050957 0.010190
v -0.000000 0.050957 -0.010190
v -0.000000 0.050851 -0.010694
v -0.000000 0.050543 -0.011149
v -0.000000 0.050063 -0.011509
v -0.001937 0.048746 -0.011821
v -0.000000 0.049457 -0.011741
v 0.001936 0.048746 0.011821
v -0.000000 0.048787 0.011821
v 0.001964 0.049417 0.011741
v 0.001990 0.050021 0.011509
v 0.002010 0.050501 0.011149
v 0.002023 0.050809 0.010694
v 0.002028 0.050915 -0.010190
v 0.002023 0.050809 -0.010694
v 0.002010 0.050501 -0.011149
v 0.001990 0.050021 -0.011509
v 0.001964 0.049417 -0.011741
v 0.001936 0.048746 -0.011821
v -0.000000 0.048787 -0.011821
v 0.003837 0.048626 0.011821
v 0.003894 0.049294 0.011741
v 0.003946 0.049897 0.011509
v 0.003987 0.050376 0.011149
v 0.002028 0.050915 0.010190
v 0.004013 0.050683 0.010694
v 0.004022 0.050789 -0.010190
v 0.004013 0.050683 -0.010694
v 0.003987 0.050376 -0.011149
v 0.003946 0.049897 -0.011509
v 0.003894 0.049294 -0.011741
v 0.003837 0.048626 -0.011821
v 0.005702 0.048424 0.011821
v 0.005789 0.049090 0.011741
v 0.005868 0.049690 0.011509
v 0.005930 0.050166 0.011149
v 0.004022 0.050789 0.010190
v 0.005970 0.050472 0.010694
v 0.005984 0.050577 -0.010190
v 0.005970 0.050472 -0.010694
v 0.005930 0.050166 -0.011149
v 0.005868 0.049690 -0.011509
v 0.005789 0.049090 -0.011741
v 0.005702 0.048424 -0.011821
v 0.007532 0.048143 0.011821
v 0.007649 0.048803 0.011741
v 0.007755 0.049399 0.011509
v 0.007839 0.049872 0.011149
v 0.005984 0.050577 0.010190
v 0.007893 0.050176 0.010694
v 0.007912 0.050280 -0.010190
v 0.007893 0.050176 -0.010694
v 0.007839 0.049872 -0.011149
v 0.007755 0.049399 -0.011509
v 0.007649 0.048803 -0.011741
v 0.007532 0.048143 -0.011821
v 0.009326 0.047781 0.011821
v 0.009474 0.048435 0.011741
v 0.009608 0.049025 0.011509
v 0.009714 0.049493 0.011149
v 0.007912 0.050280 0.010190
v 0.009782 0.049794 0.010694
v 0.009806 0.049898 -0.010190
v 0.009782 0.049794 -0.010694
v 0.009714 0.049493 -0.011149
v 0.009608 0.049025 -0.011509
v 0.009474 0.048435 -0.011741
v 0.009326 0.047781 -0.011821
v 0.011085 0.047338 0.011821
v 0.011264 0.047984 0.011741
v 0.011426 0.048567 0.011509
v 0.011554 0.049030 0.011149
v 0.009806 0.049898 0.010190
v 0.011637 0.049327 0.010694
v 0.011665 0.049430 -0.010190
v 0.011637 0.049327 -0.010694
v 0.011554 0.049030 -0.011149
v 0.011426 0.048567 -0.011509
v 0.011264 0.047984 -0.011741
v 0.011085 0.047338 -0.011821
v 0.012808 0.046815 0.011821
v 0.013018 0.047452 0.011741
v 0.013208 0.048026 0.011509
v 0.013359 0.048482 0.011149
v 0.011665 0.049430 0.010190
v 0.013455 0.048775 0.010694
v 0.013489 0.048876 -0.010190
v 0.013455 0.048775 -0.010694
v 0.013359 0.048482 -0.011149
v 0.013208 0.048026 -0.011509
v 0.013018 0.047452 -0.011741
v 0.012808 0.046815 -0.011821
v 0.014495 0.046211 0.011821
v 0.014736 0.046837 0.011741
v 0.014954 0.047402 0.011509
v 0.015127 0.047850 0.011149
v 0.013489 0.048876 0.010190
v 0.015238 0.048137 0.010694
v 0.015276 0.048237 -0.010190
v 0.015238 0.048137 -0.010694
v 0.015127 0.047850 -0.011149
v 0.014954 0.047402 -0.011509
v 0.014736 0.046837 -0.011741
v 0.014495 0.046211 -0.011821
v 0.016147 0.045527 0.011821
v 0.016419 0.046140 0.011741
v 0.016664 0.046693 0.011509
v 0.016859 0.047133 0.011149
v 0.015276 0.048237 0.010190
v 0.016984 0.047414 0.010694
v 0.017027 0.047512 -0.010190
v 0.016984 0.047414 -0.010694
v 0.016859 0.047133 -0.011149
v 0.016664 0.046693 -0.011509
v 0.016419 0.046140 -0.011741
v 0.016147 0.045527 -0.011821
v 0.018065 0.045362 0.011741
v 0.018337 0.045902 0.011509
v 0.018553 0.046331 0.011149
v 0.018692 0.046606 0.010694
v 0.018739 0.046701 0.010190
v 0.017027 0.047512 0.010190
v 0.018739 0.046701 -0.010190
v 0.018692 0.046606 -0.010694
v 0.018553 0.046331 -0.011149
v 0.018337 0.045902 -0.011509
v 0.018065 0.045362 -0.011741
v 0.019674 0.044501 0.011741
v 0.017763 0.044762 0.011821
v 0.019973 0.045028 0.011509
v 0.020209 0.045445 0.011149
v 0.020361 0.045714 0.010694
v 0.020414 0.045806 0.010190
v 0.020414 0.045806 -0.010190
v 0.020361 0.045714 -0.010694
v 0.020209 0.045445 -0.011149
v 0.019973 0.045028 -0.011509
v 0.017763 0.044762 -0.011821
v 0.019674 0.044501 -0.011741
v 0.020889 0.042992 0.011821
v 0.019344 0.043917 0.011821
v 0.021248 0.043558 0.011741
v 0.021572 0.044070 0.011509
v 0.021828 0.044476 0.011149
v 0.021993 0.044736 0.010694
v 0.022050 0.044826 -0.010190
v 0.021993 0.044736 -0.010694
v 0.021828 0.044476 -0.011149
v 0.021572 0.044070 -0.011509
v 0.021248 0.043558 -0.011741
v 0.020889 0.042992 -0.011821
v 0.019344 0.043917 -0.011821
v 0.022389 0.041990 0.011821
v 0.022775 0.042538 0.011741
v 0.023124 0.043033 0.011509
v 0.023401 0.043425 0.011149
v 0.022050 0.044826 0.010190
v 0.023579 0.043677 0.010694
v 0.023640 0.043764 -0.010190
v 0.023579 0.043677 -0.010694
v 0.023401 0.043425 -0.011149
v 0.023124 0.043033 -0.011509
v 0.022775 0.042538 -0.011741
v 0.022389 0.041990 -0.011821
v 0.023833 0.040916 0.011821
v 0.024247 0.041444 0.011741
v 0.024620 0.041920 0.011509
v 0.024916 0.042298 0.011149
v 0.023640 0.043764 0.010190
v 0.025107 0.042541 0.010694
v 0.025172 0.042625 -0.010190
v 0.025107 0.042541 -0.010694
v 0.024916 0.042298 -0.011149
v 0.024620 0.041920 -0.011509
v 0.024247 0.041444 -0.011741
v 0.023833 0.040916 -0.011821
v 0.025662 0.040276 0.011741
v 0.026059 0.040733 0.011509
v 0.026374 0.041096 0.011149
v 0.026576 0.041329 0.010694
v 0.026646 0.041409 0.010190
v 0.025172 0.042625 0.010190
v 0.026646 0.041409 -0.010190
v 0.026576 0.041329 -0.010694
v 0.026374 0.041096 -0.011149
v 0.026059 0.040733 -0.011509
v 0.025662 0.040276 -0.011741
v 0.027021 0.039036 0.011741
v 0.025223 0.039770 0.011821
v 0.027440 0.039472 0.011509
v 0.027773 0.039819 0.011149
v 0.027987 0.040041 0.010694
v 0.028060 0.040118 0.010190
v 0.028060 0.040118 -0.010190
v 0.027987 0.040041 -0.010694
v 0.027773 0.039819 -0.011149
v 0.027440 0.039472 -0.011509
v 0.025223 0.039770 -0.011821
v 0.027021 0.039036 -0.011741
v 0.028324 0.037722 0.011741
v 0.026557 0.038552 0.011821
v 0.028764 0.038137 0.011509
v 0.029113 0.038467 0.011149
v 0.029337 0.038679 0.010694
v 0.029415 0.038752 0.010190
v 0.029415 0.038752 -0.010190
v 0.029337 0.038679 -0.010694
v 0.029113 0.038467 -0.011149
v 0.028764 0.038137 -0.011509
v 0.026557 0.038552 -0.011821
v 0.028324 0.037722 -0.011741
v 0.029569 0.036335 0.011741
v 0.027836 0.037262 0.011821
v 0.030029 0.036729 0.011509
v 0.030394 0.037041 0.011149
v 0.030628 0.037242 0.010694
v 0.030709 0.037311 0.010190
v 0.030709 0.037311 -0.010190
v 0.030628 0.037242 -0.010694
v 0.030394 0.037041 -0.011149
v 0.030029 0.036729 -0.011509
v 0.027836 0.037262 -0.011821
v 0.029569 0.036335 -0.011741
v 0.030758 0.034876 0.011741
v 0.029059 0.035899 0.011821
v 0.031236 0.035247 0.011509
v 0.031615 0.035542 0.011149
v 0.031859 0.035731 0.010694
v 0.031943 0.035796 0.010190
v 0.031943 0.035796 -0.010190
v 0.031859 0.035731 -0.010694
v 0.031615 0.035542 -0.011149
v 0.031236 0.035247 -0.011509
v 0.029059 0.035899 -0.011821
v 0.030758 0.034876 -0.011741
v 0.031890 0.033345 0.011741
v 0.030228 0.034465 0.011821
v 0.032384 0.033693 0.011509
v 0.032777 0.033970 0.011149
v 0.033029 0.034147 0.010694
v 0.033116 0.034209 0.010190
v 0.033116 0.034209 -0.010190
v 0.033029 0.034147 -0.010694
v 0.032777 0.033970 -0.011149
v 0.032384 0.033693 -0.011509
v 0.030228 0.034465 -0.011821
v 0.031890 0.033345 -0.011741
v 0.032965 0.031741 0.011741
v 0.031341 0.032959 0.011821
v 0.033475 0.032067 0.011509
v 0.033879 0.032325 0.011149
v 0.034139 0.032491 0.010694
v 0.034229 0.032549 0.010190
v 0.034229 0.032549 -0.010190
v 0.034139 0.032491 -0.010694
v 0.033879 0.032325 -0.011149
v 0.033475 0.032067 -0.011509
v 0.031341 0.032959 -0.011821
v 0.032965 0.031741 -0.011741
v 0.033983 0.030066 0.011741
v 0.032399 0.031380 0.011821
v 0.034506 0.030369 0.011509
v 0.034922 0.030609 0.011149
v 0.035189 0.030764 0.010694
v 0.035281 0.030817 0.010190
v 0.035281 0.030817 -0.010190
v 0.035189 0.030764 -0.010694
v 0.034922 0.030609 -0.011149
v 0.034506 0.030369 -0.011509
v 0.032399 0.031380 -0.011821
v 0.033983 0.030066 -0.011741
v 0.034944 0.028318 0.011741
v 0.033402 0.029730 0.011821
v 0.035480 0.028599 0.011509
v 0.035906 0.028822 0.011149
v 0.036179 0.028965 0.010694
v 0.036273 0.029014 0.010190
v 0.036273 0.029014 -0.010190
v 0.036179 0.028965 -0.010694
v 0.035906 0.028822 -0.011149
v 0.035480 0.028599 -0.011509
v 0.033402 0.029730 -0.011821
v 0.034944 0.028318 -0.011741
v 0.035242 0.026213 0.011821
v 0.034350 0.028007 0.011821
v 0.035849 0.026499 0.011741
v 0.036396 0.026757 0.011509
v 0.036831 0.026961 0.011149
v 0.037110 0.027093 0.010694
v 0.037206 0.027138 -0.010190
v 0.037110 0.027093 -0.010694
v 0.036831 0.026961 -0.011149
v 0.036396 0.026757 -0.011509
v 0.035849 0.026499 -0.011741
v 0.035242 0.026213 -0.011821
v 0.034350 0.028007 -0.011821
v 0.036071 0.024353 0.011821
v 0.036689 0.024612 0.011741
v 0.037247 0.024846 0.011509
v 0.037690 0.025032 0.011149
v 0.037206 0.027138 0.010190
v 0.037974 0.025152 0.010694
v 0.038072 0.025193 0.010190
v 0.037974 0.025152 -0.010694
v 0.037690 0.025032 -0.011149
v 0.037247 0.024846 -0.011509
v 0.036689 0.024612 -0.011741
v 0.036071 0.024353 -0.011821
v 0.037457 0.022666 0.011741
v 0.038024 0.022876 0.011509
v 0.038474 0.023043 0.011149
v 0.038764 0.023150 0.010694
v 0.038863 0.023187 0.010190
v 0.038863 0.023187 -0.010190
v 0.038072 0.025193 -0.010190
v 0.038764 0.023150 -0.010694
v 0.038474 0.023043 -0.011149
v 0.038024 0.022876 -0.011509
v 0.037457 0.022666 -0.011741
v 0.038150 0.020662 0.011741
v 0.036827 0.022434 0.011821
v 0.038726 0.020848 0.011509
v 0.039183 0.020996 0.011149
v 0.039476 0.021091 0.010694
v 0.039578 0.021123 0.010190
v 0.039578 0.021123 -0.010190
v 0.039476 0.021091 -0.010694
v 0.039183 0.020996 -0.011149
v 0.038726 0.020848 -0.011509
v 0.036827 0.022434 -0.011821
v 0.038150 0.020662 -0.011741
v 0.038771 0.018599 0.011741
v 0.037512 0.020456 0.011821
v 0.039353 0.018762 0.011509
v 0.039816 0.018891 0.011149
v 0.040113 0.018974 0.010694
v 0.040215 0.019002 0.010190
v 0.040215 0.019002 -0.010190
v 0.040113 0.018974 -0.010694
v 0.039816 0.018891 -0.011149
v 0.039353 0.018762 -0.011509
v 0.037512 0.020456 -0.011821
v 0.038771 0.018599 -0.011741
v 0.039318 0.016478 0.011741
v 0.038125 0.018419 0.011821
v 0.039906 0.016618 0.011509
v 0.040374 0.016729 0.011149
v 0.040674 0.016800 0.010694
v 0.040777 0.016824 0.010190
v 0.040777 0.016824 -0.010190
v 0.040674 0.016800 -0.010694
v 0.040374 0.016729 -0.011149
v 0.039906 0.016618 -0.011509
v 0.038125 0.018419 -0.011821
v 0.039318 0.016478 -0.011741
v 0.039791 0.014298 0.011741
v 0.038665 0.016323 0.011821
v 0.040385 0.014416 0.011509
v 0.040856 0.014509 0.011149
v 0.041159 0.014569 0.010694
v 0.041263 0.014590 0.010190
v 0.041263 0.014590 -0.010190
v 0.041159 0.014569 -0.010694
v 0.040856 0.014509 -0.011149
v 0.040385 0.014416 -0.011509
v 0.038665 0.016323 -0.011821
v 0.039791 0.014298 -0.011741
v 0.040192 0.012060 0.011741
v 0.039133 0.014168 0.011821
v 0.040789 0.012156 0.011509
v 0.041264 0.012233 0.011149
v 0.041568 0.012282 0.010694
v 0.041673 0.012299 0.010190
v 0.041673 0.012299 -0.010190
v 0.041568 0.012282 -0.010694
v 0.041264 0.012233 -0.011149
v 0.040789 0.012156 -0.011509
v 0.039133 0.014168 -0.011821
v 0.040192 0.012060 -0.011741
v 0.040520 0.009765 0.011741
v 0.039530 0.011954 0.011821
v 0.041120 0.009840 0.011509
v 0.041597 0.009900 0.011149
v 0.041902 0.009938 0.010694
v 0.042008 0.009951 0.010190
v 0.042008 0.009951 -0.010190
v 0.041902 0.009938 -0.010694
v 0.041597 0.009900 -0.011149
v 0.041120 0.009840 -0.011509
v 0.039530 0.011954 -0.011821
v 0.040520 0.009765 -0.011741
v 0.040774 0.007411 0.011741
v 0.039854 0.009681 0.011821
v 0.041377 0.007466 0.011509
v 0.041855 0.007510 0.011149
v 0.042162 0.007538 0.010694
v 0.042268 0.007548 0.010190
v 0.042268 0.007548 -0.010190
v 0.042162 0.007538 -0.010694
v 0.041855 0.007510 -0.011149
v 0.041377 0.007466 -0.011509
v 0.039854 0.009681 -0.011821
v 0.040774 0.007411 -0.011741
v 0.040956 0.004999 0.011741
v 0.040106 0.007349 0.011821
v 0.041560 0.005035 0.011509
v 0.042039 0.005063 0.011149
v 0.042347 0.005082 0.010694
v 0.042453 0.005088 0.010190
v 0.042453 0.005088 -0.010190
v 0.042347 0.005082 -0.010694
v 0.042039 0.005063 -0.011149
v 0.041560 0.005035 -0.011509
v 0.040106 0.007349 -0.011821
v 0.040956 0.004999 -0.011741
v 0.041065 0.002528 0.011741
v 0.040286 0.004959 0.011821
v 0.041670 0.002546 0.011509
v 0.042150 0.002560 0.011149
v 0.042458 0.002569 0.010694
v 0.042564 0.002572 0.010190
v 0.042564 0.002572 -0.010190
v 0.042458 0.002569 -0.010694
v 0.042150 0.002560 -0.011149
v 0.041670 0.002546 -0.011509
v 0.040286 0.004959 -0.011821
v 0.041065 0.002528 -0.011741
v 0.041101 0.000000 0.011741
v 0.040395 0.002509 0.011821
v 0.041706 0.000000 0.011509
v 0.042187 0.000000 0.011149
v 0.042495 0.000000 0.010694
v 0.042601 0.000000 0.010190
v 0.042601 0.000000 -0.010190
v 0.042495 0.000000 -0.010694
v 0.042187 0.000000 -0.011149
v 0.041706 0.000000 -0.011509
v 0.040395 0.002509 -0.011821
v 0.041101 0.000000 -0.011741
v 0.040395 -0.002509 0.011821
v 0.040431 0.000000 0.011821
v 0.041065 -0.002528 0.011741
v 0.041670 -0.002546 0.011509
v 0.042150 -0.002560 0.011149
v 0.042458 -0.002569 0.010694
v 0.042564 -0.002572 -0.010190
v 0.042458 -0.002569 -0.010694
v 0.042150 -0.002560 -0.011149
v 0.041670 -0.002546 -0.011509
v 0.041065 -0.002528 -0.011741
v 0.040395 -0.002509 -0.011821
v 0.040431 0.000000 -0.011821
v 0.040286 -0.004958 0.011821
v 0.040956 -0.004998 0.011741
v 0.041560 -0.005034 0.011509
v 0.042039 -0.005063 0.011149
v 0.042564 -0.002572 0.010190
v 0.042347 -0.005081 0.010694
v 0.042453 -0.005088 -0.010190
v 0.042347 -0.005081 -0.010694
v 0.042039 -0.005063 -0.011149
v 0.041560 -0.005034 -0.011509
v 0.040956 -0.004998 -0.011741
v 0.040286 -0.004958 -0.011821
v 0.040106 -0.007349 0.011821
v 0.040774 -0.007410 0.011741
v 0.041377 -0.007466 0.011509
v 0.041855 -0.007509 0.011149
v 0.042453 -0.005088 0.010190
v 0.042162 -0.007538 0.010694
v 0.042268 -0.007547 -0.010190
v 0.042162 -0.007538 -0.010694
v 0.041855 -0.007509 -0.011149
v 0.041377 -0.007466 -0.011509
v 0.040774 -0.007410 -0.011741
v 0.040106 -0.007349 -0.011821
v 0.039854 -0.009681 0.011821
v 0.040520 -0.009764 0.011741
v 0.041120 -0.009840 0.011509
v 0.041597 -0.009899 0.011149
v 0.042268 -0.007547 0.010190
v 0.041902 -0.009938 0.010694
v 0.042008 -0.009951 -0.010190
v 0.041902 -0.009938 -0.010694
v 0.041597 -0.009899 -0.011149
v 0.041120 -0.009840 -0.011509
v 0.040520 -0.009764 -0.011741
v 0.039854 -0.009681 -0.011821
v 0.039530 -0.011954 0.011821
v 0.040192 -0.012060 0.011741
v 0.040789 -0.012156 0.011509
v 0.041264 -0.012232 0.011149
v 0.042008 -0.009951 0.010190
v 0.041568 -0.012281 0.010694
v 0.041673 -0.012298 -0.010190
v 0.041568 -0.012281 -0.010694
v 0.041264 -0.012232 -0.011149
v 0.040789 -0.012156 -0.011509
v 0.040192 -0.012060 -0.011741
v 0.039530 -0.011954 -0.011821
v 0.039133 -0.014167 0.011821
v 0.039791 -0.014298 0.011741
v 0.040385 -0.014415 0.011509
v 0.040856 -0.014509 0.011149
v 0.041673 -0.012298 0.010190
v 0.041159 -0.014569 0.010694
v 0.041263 -0.014589 -0.010190
v 0.041159 -0.014569 -0.010694
v 0.040856 -0.014509 -0.011149
v 0.040385 -0.014415 -0.011509
v 0.039791 -0.014298 -0.011741
v 0.039133 -0.014167 -0.011821
v 0.038665 -0.016322 0.011821
v 0.039318 -0.016477 0.011741
v 0.039906 -0.016617 0.011509
v 0.040374 -0.016728 0.011149
v 0.041263 -0.014589 0.010190
v 0.040674 -0.016799 0.010694
v 0.040777 -0.016824 -0.010190
v 0.040674 -0.016799 -0.010694
v 0.040374 -0.016728 -0.011149
v 0.039906 -0.016617 -0.011509
v 0.039318 -0.016477 -0.011741
v 0.038665 -0.016322 -0.011821
v 0.038125 -0.018418 0.011821
v 0.038771 -0.018599 0.011741
v 0.039353 -0.018761 0.011509
v 0.039816 -0.018891 0.011149
v 0.040777 -0.016824 0.010190
v 0.040113 -0.018973 0.010694
v 0.040215 -0.019002 0.010190
v 0.040113 -0.018973 -0.010694
v 0.039816 -0.018891 -0.011149
v 0.039353 -0.018761 -0.011509
v 0.038771 -0.018599 -0.011741
v 0.038125 -0.018418 -0.011821
v 0.037512 -0.020455 0.011821
v 0.038150 -0.020662 0.011741
v 0.038726 -0.020848 0.011509
v 0.039183 -0.020996 0.011149
v 0.039476 -0.021090 0.010694
v 0.039578 -0.021123 -0.010190
v 0.040215 -0.019002 -0.010190
v 0.039476 -0.021090 -0.010694
v 0.039183 -0.020996 -0.011149
v 0.038726 -0.020848 -0.011509
v 0.038150 -0.020662 -0.011741
v 0.037512 -0.020455 -0.011821
v 0.036827 -0.022433 0.011821
v 0.037457 -0.022666 0.011741
v 0.038024 -0.022876 0.011509
v 0.038474 -0.023043 0.011149
v 0.039578 -0.021123 0.010190
v 0.038764 -0.023150 0.010694
v 0.038863 -0.023187 -0.010190
v 0.038764 -0.023150 -0.010694
v 0.038474 -0.023043 -0.011149
v 0.038024 -0.022876 -0.011509
v 0.037457 -0.022666 -0.011741
v 0.036827 -0.022433 -0.011821
v 0.036071 -0.024352 0.011821
v 0.036689 -0.024612 0.011741
v 0.037247 -0.024846 0.011509
v 0.037690 -0.025032 0.011149
v 0.038863 -0.023187 0.010190
v 0.037974 -0.025151 0.010694
v 0.038072 -0.025192 -0.010190
v 0.037974 -0.025151 -0.010694
v 0.037690 -0.025032 -0.011149
v 0.037247 -0.024846 -0.011509
v 0.036689 -0.024612 -0.011741
v 0.036071 -0.024352 -0.011821
v 0.035849 -0.026498 0.011741
v 0.036396 -0.026756 0.011509
v 0.036831 -0.026961 0.011149
v 0.037110 -0.027092 0.010694
v 0.037206 -0.027138 0.010190
v 0.038072 -0.025192 0.010190
v 0.037206 -0.027138 -0.010190
v 0.037110 -0.027092 -0.010694
v 0.036831 -0.026961 -0.011149
v 0.036396 -0.026756 -0.011509
v 0.035849 -0.026498 -0.011741
v 0.034944 -0.028318 0.011741
v 0.035242 -0.026213 0.011821
v 0.035480 -0.028599 0.011509
v 0.035906 -0.028821 0.011149
v 0.036179 -0.028964 0.010694
v 0.036273 -0.029014 0.010190
v 0.036273 -0.029014 -0.010190
v 0.036179 -0.028964 -0.010694
v 0.035906 -0.028821 -0.011149
v 0.035480 -0.028599 -0.011509
v 0.035242 -0.026213 -0.011821
v 0.034944 -0.028318 -0.011741
v 0.033402 -0.029730 0.011821
v 0.034350 -0.028007 0.011821
v 0.033983 -0.030066 0.011741
v 0.034506 -0.030369 0.011509
v 0.034922 -0.030609 0.011149
v 0.035189 -0.030763 0.010694
v 0.035281 -0.030817 -0.010190
v 0.035189 -0.030763 -0.010694
v 0.034922 -0.030609 -0.011149
v 0.034506 -0.030369 -0.011509
v 0.033983 -0.030066 -0.011741
v 0.033402 -0.029730 -0.011821
v 0.034350 -0.028007 -0.011821
v 0.032399 -0.031380 0.011821
v 0.032965 -0.031741 0.011741
v 0.033475 -0.032067 0.011509
v 0.033879 -0.032325 0.011149
v 0.035281 -0.030817 0.010190
v 0.034139 -0.032491 0.010694
v 0.034229 -0.032548 -0.010190
v 0.034139 -0.032491 -0.010694
v 0.033879 -0.032325 -0.011149
v 0.033475 -0.032067 -0.011509
v 0.032965 -0.031741 -0.011741
v 0.032399 -0.031380 -0.011821
v 0.031341 -0.032958 0.011821
v 0.031890 -0.033345 0.011741
v 0.032384 -0.033693 0.011509
v 0.032777 -0.033970 0.011149
v 0.034229 -0.032548 0.010190
v 0.033029 -0.034147 0.010694
v 0.033116 -0.034208 -0.010190
v 0.033029 -0.034147 -0.010694
v 0.032777 -0.033970 -0.011149
v 0.032384 -0.033693 -0.011509
v 0.031890 -0.033345 -0.011741
v 0.031341 -0.032958 -0.011821
v 0.030228 -0.034465 0.011821
v 0.030758 -0.034876 0.011741
v 0.031236 -0.035247 0.011509
v 0.031615 -0.035542 0.011149
v 0.033116 -0.034208 0.010190
v 0.031859 -0.035731 0.010694
v 0.031943 -0.035796 -0.010190
v 0.031859 -0.035731 -0.010694
v 0.031615 -0.035542 -0.011149
v 0.031236 -0.035247 -0.011509
v 0.030758 -0.034876 -0.011741
v 0.030228 -0.034465 -0.011821
v 0.029059 -0.035899 0.011821
v 0.029569 -0.036335 0.011741
v 0.030029 -0.036729 0.011509
v 0.030394 -0.037041 0.011149
v 0.031943 -0.035796 0.010190
v 0.030628 -0.037241 0.010694
v 0.030709 -0.037310 -0.010190
v 0.030628 -0.037241 -0.010694
v 0.030394 -0.037041 -0.011149
v 0.030029 -0.036729 -0.011509
v 0.029569 -0.036335 -0.011741
v 0.029059 -0.035899 -0.011821
v 0.027836 -0.037261 0.011821
v 0.028324 -0.037722 0.011741
v 0.028764 -0.038137 0.011509
v 0.029113 -0.038467 0.011149
v 0.030709 -0.037310 0.010190
v 0.029337 -0.038678 0.010694
v 0.029415 -0.038751 -0.010190
v 0.029337 -0.038678 -0.010694
v 0.029113 -0.038467 -0.011149
v 0.028764 -0.038137 -0.011509
v 0.028324 -0.037722 -0.011741
v 0.027836 -0.037261 -0.011821
v 0.026557 -0.038551 0.011821
v 0.027021 -0.039035 0.011741
v 0.027440 -0.039472 0.011509
v 0.027773 -0.039819 0.011149
v 0.029415 -0.038751 0.010190
v 0.027987 -0.040041 0.010694
v 0.028060 -0.040118 -0.010190
v 0.027987 -0.040041 -0.010694
v 0.027773 -0.039819 -0.011149
v 0.027440 -0.039472 -0.011509
v 0.027021 -0.039035 -0.011741
v 0.026557 -0.038551 -0.011821
v 0.025223 -0.039769 0.011821
v 0.025662 -0.040276 0.011741
v 0.026059 -0.040733 0.011509
v 0.026374 -0.041096 0.011149
v 0.028060 -0.040118 0.010190
v 0.026576 -0.041329 0.010694
v 0.026646 -0.041409 -0.010190
v 0.026576 -0.041329 -0.010694
v 0.026374 -0.041096 -0.011149
v 0.026059 -0.040733 -0.011509
v 0.025662 -0.040276 -0.011741
v 0.025223 -0.039769 -0.011821
v 0.023833 -0.040915 0.011821
v 0.024247 -0.041444 0.011741
v 0.024620 -0.041920 0.011509
v 0.024916 -0.042298 0.011149
v 0.026646 -0.041409 0.010190
v 0.025107 -0.042541 0.010694
v 0.025172 -0.042625 -0.010190
v 0.025107 -0.042541 -0.010694
v 0.024916 -0.042298 -0.011149
v 0.024620 -0.041920 -0.011509
v 0.024247 -0.041444 -0.011741
v 0.023833 -0.040915 -0.011821
v 0.022775 -0.042538 0.011741
v 0.023124 -0.043032 0.011509
v 0.023401 -0.043425 0.011149
v 0.023579 -0.043677 0.010694
v 0.023640 -0.043764 0.010190
v 0.025172 -0.042625 0.010190
v 0.023640 -0.043764 -0.010190
v 0.023579 -0.043677 -0.010694
v 0.023401 -0.043425 -0.011149
v 0.023124 -0.043032 -0.011509
v 0.022775 -0.042538 -0.011741
v 0.021248 -0.043558 0.011741
v 0.022389 -0.041989 0.011821
v 0.021572 -0.044070 0.011509
v 0.021828 -0.044475 0.011149
v 0.021993 -0.044736 0.010694
v 0.022050 -0.044826 0.010190
v 0.022050 -0.044826 -0.010190
v 0.021993 -0.044736 -0.010694
v 0.021828 -0.044475 -0.011149
v 0.021572 -0.044070 -0.011509
v 0.022389 -0.041989 -0.011821
v 0.021248 -0.043558 -0.011741
v 0.019674 -0.044501 0.011741
v 0.020889 -0.042991 0.011821
v 0.019973 -0.045027 0.011509
v 0.020209 -0.045445 0.011149
v 0.020361 -0.045713 0.010694
v 0.020414 -0.045806 0.010190
v 0.020414 -0.045806 -0.010190
v 0.020361 -0.045713 -0.010694
v 0.020209 -0.045445 -0.011149
v 0.019973 -0.045027 -0.011509
v 0.020889 -0.042991 -0.011821
v 0.019674 -0.044501 -0.011741
v 0.017763 -0.044762 0.011821
v 0.019344 -0.043917 0.011821
v 0.018065 -0.045361 0.011741
v 0.018337 -0.045902 0.011509
v 0.018553 -0.046331 0.011149
v 0.018692 -0.046606 0.010694
v 0.018739 -0.046701 -0.010190
v 0.018692 -0.046606 -0.010694
v 0.018553 -0.046331 -0.011149
v 0.018337 -0.045902 -0.011509
v 0.018065 -0.045361 -0.011741
v 0.017763 -0.044762 -0.011821
v 0.019344 -0.043917 -0.011821
v 0.016147 -0.045527 0.011821
v 0.016419 -0.046140 0.011741
v 0.016664 -0.046693 0.011509
v 0.016859 -0.047132 0.011149
v 0.018739 -0.046701 0.010190
v 0.016984 -0.047414 0.010694
v 0.017027 -0.047511 -0.010190
v 0.016984 -0.047414 -0.010694
v 0.016859 -0.047132 -0.011149
v 0.016664 -0.046693 -0.011509
v 0.016419 -0.046140 -0.011741
v 0.016147 -0.045527 -0.011821
v 0.014736 -0.046837 0.011741
v 0.014954 -0.047401 0.011509
v 0.015127 -0.047849 0.011149
v 0.015238 -0.048137 0.010694
v 0.017027 -0.047511 0.010190
v 0.015276 -0.048236 -0.010190
v 0.015238 -0.048137 -0.010694
v 0.015127 -0.047849 -0.011149
v 0.014954 -0.047401 -0.011509
v 0.014736 -0.046837 -0.011741
v 0.013018 -0.047451 0.011741
v 0.014495 -0.046211 0.011821
v 0.013208 -0.048026 0.011509
v 0.013359 -0.048482 0.011149
v 0.013455 -0.048775 0.010694
v 0.013489 -0.048876 0.010190
v 0.015276 -0.048236 0.010190
v 0.013489 -0.048876 -0.010190
v 0.013455 -0.048775 -0.010694
v 0.013359 -0.048482 -0.011149
v 0.013208 -0.048026 -0.011509
v 0.014495 -0.046211 -0.011821
v 0.013018 -0.047451 -0.011741
v 0.011264 -0.047984 0.011741
v 0.012808 -0.046814 0.011821
v 0.011426 -0.048567 0.011509
v 0.011554 -0.049030 0.011149
v 0.011637 -0.049327 0.010694
v 0.011665 -0.049429 0.010190
v 0.011665 -0.049429 -0.010190
v 0.011637 -0.049327 -0.010694
v 0.011554 -0.049030 -0.011149
v 0.011426 -0.048567 -0.011509
v 0.012808 -0.046814 -0.011821
v 0.011264 -0.047984 -0.011741
v 0.009474 -0.048435 0.011741
v 0.011085 -0.047338 0.011821
v 0.009608 -0.049025 0.011509
v 0.009714 -0.049493 0.011149
v 0.009782 -0.049794 0.010694
v 0.009806 -0.049898 0.010190
v 0.009806 -0.049898 -0.010190
v 0.009782 -0.049794 -0.010694
v 0.009714 -0.049493 -0.011149
v 0.009608 -0.049025 -0.011509
v 0.011085 -0.047338 -0.011821
v 0.009474 -0.048435 -0.011741
v 0.007649 -0.048803 0.011741
v 0.009326 -0.047780 0.011821
v 0.007755 -0.049399 0.011509
v 0.007839 -0.049872 0.011149
v 0.007893 -0.050175 0.010694
v 0.007912 -0.050280 0.010190
v 0.007912 -0.050280 -0.010190
v 0.007893 -0.050175 -0.010694
v 0.007839 -0.049872 -0.011149
v 0.007755 -0.049399 -0.011509
v 0.009326 -0.047780 -0.011821
v 0.007649 -0.048803 -0.011741
v 0.005789 -0.049089 0.011741
v 0.007532 -0.048142 0.011821
v 0.005868 -0.049689 0.011509
v 0.005930 -0.050166 0.011149
v 0.005970 -0.050471 0.010694
v 0.005984 -0.050577 0.010190
v 0.005984 -0.050577 -0.010190
v 0.005970 -0.050471 -0.010694
v 0.005930 -0.050166 -0.011149
v 0.005868 -0.049689 -0.011509
v 0.007532 -0.048142 -0.011821
v 0.005789 -0.049089 -0.011741
v 0.003894 -0.049294 0.011741
v 0.005702 -0.048424 0.011821
v 0.003946 -0.049897 0.011509
v 0.003987 -0.050375 0.011149
v 0.004013 -0.050682 0.010694
v 0.004022 -0.050788 0.010190
v 0.004022 -0.050788 -0.010190
v 0.004013 -0.050682 -0.010694
v 0.003987 -0.050375 -0.011149
v 0.003946 -0.049897 -0.011509
v 0.005702 -0.048424 -0.011821
v 0.003894 -0.049294 -0.011741
v 0.001964 -0.049416 0.011741
v 0.003837 -0.048625 0.011821
v 0.001990 -0.050021 0.011509
v 0.002010 -0.050501 0.011149
v 0.002023 -0.050809 0.010694
v 0.002028 -0.050915 0.010190
v 0.002028 -0.050915 -0.010190
v 0.002023 -0.050809 -0.010694
v 0.002010 -0.050501 -0.011149
v 0.001990 -0.050021 -0.011509
v 0.003837 -0.048625 -0.011821
v 0.001964 -0.049416 -0.011741
v 0.001936 -0.048746 0.011821
v 0.001936 -0.048746 -0.011821
v 0.001361 -0.029602 0.011741
v -0.000000 -0.030323 0.011821
v -0.000000 -0.029652 0.011741
v 0.001316 -0.028998 0.011509
v 0.000000 -0.029046 0.011509
v 0.001280 -0.028519 0.011149
v 0.000000 -0.028566 0.011149
v 0.001257 -0.028212 0.010694
v 0.000000 -0.028257 0.010694
v 0.001249 -0.028106 0.010190
v 0.000000 -0.028151 0.010190
v 0.001249 -0.028106 -0.010190
v 0.000000 -0.028151 -0.010190
v 0.000000 -0.028257 -0.010694
v 0.000000 -0.028566 -0.011149
v 0.001257 -0.028212 -0.010694
v 0.000000 -0.029046 -0.011509
v 0.001280 -0.028519 -0.011149
v -0.000000 -0.029652 -0.011741
v 0.001316 -0.028998 -0.011509
v -0.000000 -0.030323 -0.011821
v 0.001361 -0.029602 -0.011741
v 0.002669 -0.029454 0.011741
v 0.001412 -0.030271 0.011821
v 0.002577 -0.028855 0.011509
v 0.002503 -0.028380 0.011149
v 0.002456 -0.028076 0.010694
v 0.002440 -0.027971 0.010190
v 0.002440 -0.027971 -0.010190
v 0.002456 -0.028076 -0.010694
v 0.002503 -0.028380 -0.011149
v 0.002577 -0.028855 -0.011509
v 0.001412 -0.030271 -0.011821
v 0.002669 -0.029454 -0.011741
v 0.003923 -0.029207 0.011741
v 0.002772 -0.030117 0.011821
v 0.003781 -0.028618 0.011509
v 0.003669 -0.028151 0.011149
v 0.003596 -0.027851 0.010694
v 0.003572 -0.027748 0.010190
v 0.003572 -0.027748 -0.010190
v 0.003596 -0.027851 -0.010694
v 0.003669 -0.028151 -0.011149
v 0.003781 -0.028618 -0.011509
v 0.002772 -0.030117 -0.011821
v 0.003923 -0.029207 -0.011741
v 0.005125 -0.028863 0.011741
v 0.004081 -0.029860 0.011821
v 0.004933 -0.028288 0.011509
v 0.004780 -0.027833 0.011149
v 0.004682 -0.027540 0.010694
v 0.004649 -0.027439 0.010190
v 0.004649 -0.027439 -0.010190
v 0.004682 -0.027540 -0.010694
v 0.004780 -0.027833 -0.011149
v 0.004933 -0.028288 -0.011509
v 0.004081 -0.029860 -0.011821
v 0.005125 -0.028863 -0.011741
v 0.006276 -0.028421 0.011741
v 0.005338 -0.029499 0.011821
v 0.006033 -0.027866 0.011509
v 0.005841 -0.027425 0.011149
v 0.005718 -0.027142 0.010694
v 0.005675 -0.027045 0.010190
v 0.005675 -0.027045 -0.010190
v 0.005718 -0.027142 -0.010694
v 0.005841 -0.027425 -0.011149
v 0.006033 -0.027866 -0.011509
v 0.005338 -0.029499 -0.011821
v 0.006276 -0.028421 -0.011741
v 0.007376 -0.027881 0.011741
v 0.006544 -0.029036 0.011821
v 0.007086 -0.027350 0.011509
v 0.006855 -0.026928 0.011149
v 0.006707 -0.026657 0.010694
v 0.006656 -0.026564 0.010190
v 0.006656 -0.026564 -0.010190
v 0.006707 -0.026657 -0.010694
v 0.006855 -0.026928 -0.011149
v 0.007086 -0.027350 -0.011509
v 0.006544 -0.029036 -0.011821
v 0.007376 -0.027881 -0.011741
v 0.008801 -0.027801 0.011821
v 0.007698 -0.028470 0.011821
v 0.008428 -0.027243 0.011741
v 0.008092 -0.026739 0.011509
v 0.007825 -0.026340 0.011149
v 0.007653 -0.026083 0.010694
v 0.007594 -0.025995 -0.010190
v 0.007653 -0.026083 -0.010694
v 0.007825 -0.026340 -0.011149
v 0.008092 -0.026739 -0.011509
v 0.008428 -0.027243 -0.011741
v 0.008801 -0.027801 -0.011821
v 0.007698 -0.028470 -0.011821
v 0.009853 -0.027029 0.011821
v 0.009433 -0.026505 0.011741
v 0.009054 -0.026033 0.011509
v 0.008753 -0.025658 0.011149
v 0.007594 -0.025995 0.010190
v 0.008560 -0.025417 0.010694
v 0.008494 -0.025334 -0.010190
v 0.008560 -0.025417 -0.010694
v 0.008753 -0.025658 -0.011149
v 0.009054 -0.026033 -0.011509
v 0.009433 -0.026505 -0.011741
v 0.009853 -0.027029 -0.011821
v 0.010853 -0.026154 0.011821
v 0.010391 -0.025667 0.011741
v 0.009974 -0.025228 0.011509
v 0.009643 -0.024880 0.011149
v 0.008494 -0.025334 0.010190
v 0.009430 -0.024656 0.010694
v 0.009357 -0.024579 -0.010190
v 0.009430 -0.024656 -0.010694
v 0.009643 -0.024880 -0.011149
v 0.009974 -0.025228 -0.011509
v 0.010391 -0.025667 -0.011741
v 0.010853 -0.026154 -0.011821
v 0.011801 -0.025176 0.011821
v 0.011302 -0.024727 0.011741
v 0.010851 -0.024323 0.011509
v 0.010494 -0.024002 0.011149
v 0.009357 -0.024579 0.010190
v 0.010264 -0.023796 0.010694
v 0.010185 -0.023725 -0.010190
v 0.010264 -0.023796 -0.010694
v 0.010494 -0.024002 -0.011149
v 0.010851 -0.024323 -0.011509
v 0.011302 -0.024727 -0.011741
v 0.011801 -0.025176 -0.011821
v 0.012699 -0.024095 0.011821
v 0.012167 -0.023685 0.011741
v 0.011687 -0.023315 0.011509
v 0.011307 -0.023022 0.011149
v 0.010185 -0.023725 0.010190
v 0.011062 -0.022834 0.010694
v 0.010978 -0.022769 -0.010190
v 0.011062 -0.022834 -0.010694
v 0.011307 -0.023022 -0.011149
v 0.011687 -0.023315 -0.011509
v 0.012167 -0.023685 -0.011741
v 0.012699 -0.024095 -0.011821
v 0.012984 -0.022541 0.011741
v 0.012479 -0.022207 0.011509
v 0.012078 -0.021943 0.011149
v 0.011820 -0.021773 0.010694
v 0.011731 -0.021714 0.010190
v 0.010978 -0.022769 0.010190
v 0.011731 -0.021714 -0.010190
v 0.011820 -0.021773 -0.010694
v 0.012078 -0.021943 -0.011149
v 0.012479 -0.022207 -0.011509
v 0.012984 -0.022541 -0.011741
v 0.013744 -0.021292 0.011741
v 0.013544 -0.022911 0.011821
v 0.013215 -0.020997 0.011509
v 0.012796 -0.020762 0.011149
v 0.012527 -0.020612 0.010694
v 0.012434 -0.020560 0.010190
v 0.012434 -0.020560 -0.010190
v 0.012527 -0.020612 -0.010694
v 0.012796 -0.020762 -0.011149
v 0.013215 -0.020997 -0.011509
v 0.013544 -0.022911 -0.011821
v 0.013744 -0.021292 -0.011741
v 0.015047 -0.020215 0.011821
v 0.014330 -0.021619 0.011821
v 0.014440 -0.019930 0.011741
v 0.013891 -0.019673 0.011509
v 0.013456 -0.019469 0.011149
v 0.013177 -0.019338 0.010694
v 0.013081 -0.019293 -0.010190
v 0.013177 -0.019338 -0.010694
v 0.013456 -0.019469 -0.011149
v 0.013891 -0.019673 -0.011509
v 0.014440 -0.019930 -0.011741
v 0.015047 -0.020215 -0.011821
v 0.014330 -0.021619 -0.011821
v 0.015696 -0.018699 0.011821
v 0.015071 -0.018454 0.011741
v 0.014508 -0.018233 0.011509
v 0.014061 -0.018058 0.011149
v 0.013081 -0.019293 0.010190
v 0.013773 -0.017946 0.010694
v 0.013675 -0.017907 -0.010190
v 0.013773 -0.017946 -0.010694
v 0.014061 -0.018058 -0.011149
v 0.014508 -0.018233 -0.011509
v 0.015071 -0.018454 -0.011741
v 0.015696 -0.018699 -0.011821
v 0.016277 -0.017071 0.011821
v 0.015639 -0.016863 0.011741
v 0.015063 -0.016676 0.011509
v 0.014607 -0.016527 0.011149
v 0.013675 -0.017907 0.010190
v 0.014313 -0.016432 0.010694
v 0.014212 -0.016399 -0.010190
v 0.014313 -0.016432 -0.010694
v 0.014607 -0.016527 -0.011149
v 0.015063 -0.016676 -0.011509
v 0.015639 -0.016863 -0.011741
v 0.016277 -0.017071 -0.011821
v 0.016789 -0.015330 0.011821
v 0.016141 -0.015157 0.011741
v 0.015556 -0.015001 0.011509
v 0.015092 -0.014877 0.011149
v 0.014212 -0.016399 0.010190
v 0.014794 -0.014798 0.010694
v 0.014692 -0.014770 -0.010190
v 0.014794 -0.014798 -0.010694
v 0.015092 -0.014877 -0.011149
v 0.015556 -0.015001 -0.011509
v 0.016141 -0.015157 -0.011741
v 0.016789 -0.015330 -0.011821
v 0.017233 -0.013477 0.011821
v 0.016578 -0.013336 0.011741
v 0.015986 -0.013208 0.011509
v 0.015516 -0.013107 0.011149
v 0.014692 -0.014770 0.010190
v 0.015215 -0.013042 0.010694
v 0.015111 -0.013020 -0.010190
v 0.015215 -0.013042 -0.010694
v 0.015516 -0.013107 -0.011149
v 0.015986 -0.013208 -0.011509
v 0.016578 -0.013336 -0.011741
v 0.017233 -0.013477 -0.011821
v 0.017609 -0.011511 0.011821
v 0.016948 -0.011399 0.011741
v 0.016351 -0.011298 0.011509
v 0.015878 -0.011218 0.011149
v 0.015111 -0.013020 0.010190
v 0.015574 -0.011166 0.010694
v 0.015469 -0.011149 -0.010190
v 0.015574 -0.011166 -0.010694
v 0.015878 -0.011218 -0.011149
v 0.016351 -0.011298 -0.011509
v 0.016948 -0.011399 -0.011741
v 0.017609 -0.011511 -0.011821
v 0.017917 -0.009434 0.011821
v 0.017251 -0.009348 0.011741
v 0.016651 -0.009271 0.011509
v 0.016175 -0.009210 0.011149
v 0.015469 -0.011149 0.010190
v 0.015869 -0.009171 0.010694
v 0.015764 -0.009157 -0.010190
v 0.015869 -0.009171 -0.010694
v 0.016175 -0.009210 -0.011149
v 0.016651 -0.009271 -0.011509
v 0.017251 -0.009348 -0.011741
v 0.017917 -0.009434 -0.011821
v 0.018156 -0.007244 0.011821
v 0.017488 -0.007182 0.011741
v 0.016885 -0.007127 0.011509
v 0.016407 -0.007083 0.011149
v 0.015764 -0.009157 0.010190
v 0.016100 -0.007055 0.010694
v 0.015994 -0.007046 -0.010190
v 0.016100 -0.007055 -0.010694
v 0.016407 -0.007083 -0.011149
v 0.016885 -0.007127 -0.011509
v 0.017488 -0.007182 -0.011741
v 0.018156 -0.007244 -0.011821
v 0.018327 -0.004941 0.011821
v 0.017657 -0.004902 0.011741
v 0.017053 -0.004867 0.011509
v 0.016573 -0.004839 0.011149
v 0.015994 -0.007046 0.010190
v 0.016266 -0.004821 0.010694
v 0.016160 -0.004815 -0.010190
v 0.016266 -0.004821 -0.010694
v 0.016573 -0.004839 -0.011149
v 0.017053 -0.004867 -0.011509
v 0.017657 -0.004902 -0.011741
v 0.018327 -0.004941 -0.011821
v 0.018429 -0.002527 0.011821
v 0.017759 -0.002508 0.011741
v 0.017154 -0.002491 0.011509
v 0.016674 -0.002478 0.011149
v 0.016160 -0.004815 0.010190
v 0.016366 -0.002469 0.010694
v 0.016259 -0.002466 -0.010190
v 0.016366 -0.002469 -0.010694
v 0.016674 -0.002478 -0.011149
v 0.017154 -0.002491 -0.011509
v 0.017759 -0.002508 -0.011741
v 0.018429 -0.002527 -0.011821
v 0.018463 0.000000 0.011821
v 0.017792 0.000000 0.011741
v 0.017187 0.000000 0.011509
v 0.016707 0.000000 0.011149
v 0.016259 -0.002466 0.010190
v 0.016399 0.000000 0.010694
v 0.016293 0.000000 0.010190
v 0.016399 0.000000 -0.010694
v 0.016707 0.000000 -0.011149
v 0.017187 0.000000 -0.011509
v 0.017792 0.000000 -0.011741
v 0.018463 0.000000 -0.011821
v 0.017759 0.002508 0.011741
v 0.017154 0.002491 0.011509
v 0.016674 0.002478 0.011149
v 0.016366 0.002469 0.010694
v 0.016259 0.002466 0.010190
v 0.016293 0.000000 -0.010190
v 0.016259 0.002466 -0.010190
v 0.016366 0.002469 -0.010694
v 0.016674 0.002478 -0.011149
v 0.017154 0.002491 -0.011509
v 0.017759 0.002508 -0.011741
v 0.017657 0.004903 0.011741
v 0.018429 0.002527 0.011821
v 0.017053 0.004867 0.011509
v 0.016573 0.004839 0.011149
v 0.016266 0.004822 0.010694
v 0.016160 0.004815 0.010190
v 0.016160 0.004815 -0.010190
v 0.016266 0.004822 -0.010694
v 0.016573 0.004839 -0.011149
v 0.017053 0.004867 -0.011509
v 0.018429 0.002527 -0.011821
v 0.017657 0.004903 -0.011741
v 0.017488 0.007183 0.011741
v 0.018327 0.004942 0.011821
v 0.016885 0.007128 0.011509
v 0.016407 0.007084 0.011149
v 0.016100 0.007056 0.010694
v 0.015994 0.007046 0.010190
v 0.015994 0.007046 -0.010190
v 0.016100 0.007056 -0.010694
v 0.016407 0.007084 -0.011149
v 0.016885 0.007128 -0.011509
v 0.018327 0.004942 -0.011821
v 0.017488 0.007183 -0.011741
v 0.017251 0.009348 0.011741
v 0.018156 0.007244 0.011821
v 0.016651 0.009271 0.011509
v 0.016175 0.009210 0.011149
v 0.015869 0.009171 0.010694
v 0.015764 0.009157 0.010190
v 0.015764 0.009157 -0.010190
v 0.015869 0.009171 -0.010694
v 0.016175 0.009210 -0.011149
v 0.016651 0.009271 -0.011509
v 0.018156 0.007244 -0.011821
v 0.017251 0.009348 -0.011741
v 0.016948 0.011400 0.011741
v 0.017917 0.009434 0.011821
v 0.016351 0.011298 0.011509
v 0.015878 0.011218 0.011149
v 0.015574 0.011167 0.010694
v 0.015469 0.011149 0.010190
v 0.015469 0.011149 -0.010190
v 0.015574 0.011167 -0.010694
v 0.015878 0.011218 -0.011149
v 0.016351 0.011298 -0.011509
v 0.017917 0.009434 -0.011821
v 0.016948 0.011400 -0.011741
v 0.016578 0.013336 0.011741
v 0.017609 0.011512 0.011821
v 0.015986 0.013209 0.011509
v 0.015516 0.013107 0.011149
v 0.015215 0.013043 0.010694
v 0.015111 0.013020 0.010190
v 0.015111 0.013020 -0.010190
v 0.015215 0.013043 -0.010694
v 0.015516 0.013107 -0.011149
v 0.015986 0.013209 -0.011509
v 0.017609 0.011512 -0.011821
v 0.016578 0.013336 -0.011741
v 0.016141 0.015157 0.011741
v 0.017233 0.013477 0.011821
v 0.015556 0.015001 0.011509
v 0.015092 0.014877 0.011149
v 0.014794 0.014798 0.010694
v 0.014692 0.014770 0.010190
v 0.014692 0.014770 -0.010190
v 0.014794 0.014798 -0.010694
v 0.015092 0.014877 -0.011149
v 0.015556 0.015001 -0.011509
v 0.017233 0.013477 -0.011821
v 0.016141 0.015157 -0.011741
v 0.015639 0.016863 0.011741
v 0.016789 0.015330 0.011821
v 0.015063 0.016676 0.011509
v 0.014607 0.016528 0.011149
v 0.014313 0.016432 0.010694
v 0.014212 0.016399 0.010190
v 0.014212 0.016399 -0.010190
v 0.014313 0.016432 -0.010694
v 0.014607 0.016528 -0.011149
v 0.015063 0.016676 -0.011509
v 0.016789 0.015330 -0.011821
v 0.015639 0.016863 -0.011741
v 0.015071 0.018455 0.011741
v 0.016277 0.017071 0.011821
v 0.014508 0.018234 0.011509
v 0.014061 0.018058 0.011149
v 0.013773 0.017946 0.010694
v 0.013675 0.017907 0.010190
v 0.013675 0.017907 -0.010190
v 0.013773 0.017946 -0.010694
v 0.014061 0.018058 -0.011149
v 0.014508 0.018234 -0.011509
v 0.016277 0.017071 -0.011821
v 0.015071 0.018455 -0.011741
v 0.014440 0.019931 0.011741
v 0.015696 0.018699 0.011821
v 0.013891 0.019674 0.011509
v 0.013456 0.019470 0.011149
v 0.013177 0.019339 0.010694
v 0.013081 0.019294 0.010190
v 0.013081 0.019294 -0.010190
v 0.013177 0.019339 -0.010694
v 0.013456 0.019470 -0.011149
v 0.013891 0.019674 -0.011509
v 0.015696 0.018699 -0.011821
v 0.014440 0.019931 -0.011741
v 0.013744 0.021292 0.011741
v 0.015047 0.020216 0.011821
v 0.013215 0.020997 0.011509
v 0.012796 0.020762 0.011149
v 0.012527 0.020612 0.010694
v 0.012434 0.020560 0.010190
v 0.012434 0.020560 -0.010190
v 0.012527 0.020612 -0.010694
v 0.012796 0.020762 -0.011149
v 0.013215 0.020997 -0.011509
v 0.015047 0.020216 -0.011821
v 0.013744 0.021292 -0.011741
v 0.013544 0.022911 0.011821
v 0.014330 0.021619 0.011821
v 0.012984 0.022541 0.011741
v 0.012479 0.022208 0.011509
v 0.012078 0.021943 0.011149
v 0.011820 0.021773 0.010694
v 0.011731 0.021715 -0.010190
v 0.011820 0.021773 -0.010694
v 0.012078 0.021943 -0.011149
v 0.012479 0.022208 -0.011509
v 0.012984 0.022541 -0.011741
v 0.013544 0.022911 -0.011821
v 0.014330 0.021619 -0.011821
v 0.012699 0.024095 0.011821
v 0.012167 0.023685 0.011741
v 0.011687 0.023316 0.011509
v 0.011307 0.023023 0.011149
v 0.011731 0.021715 0.010190
v 0.011062 0.022834 0.010694
v 0.010978 0.022769 -0.010190
v 0.011062 0.022834 -0.010694
v 0.011307 0.023023 -0.011149
v 0.011687 0.023316 -0.011509
v 0.012167 0.023685 -0.011741
v 0.012699 0.024095 -0.011821
v 0.011302 0.024728 0.011741
v 0.010851 0.024323 0.011509
v 0.010494 0.024002 0.011149
v 0.010264 0.023796 0.010694
v 0.010185 0.023725 0.010190
v 0.010978 0.022769 0.010190
v 0.010185 0.023725 -0.010190
v 0.010264 0.023796 -0.010694
v 0.010494 0.024002 -0.011149
v 0.010851 0.024323 -0.011509
v 0.011302 0.024728 -0.011741
v 0.010391 0.025667 0.011741
v 0.011801 0.025176 0.011821
v 0.009974 0.025228 0.011509
v 0.009643 0.024880 0.011149
v 0.009430 0.024656 0.010694
v 0.009357 0.024579 0.010190
v 0.009357 0.024579 -0.010190
v 0.009430 0.024656 -0.010694
v 0.009643 0.024880 -0.011149
v 0.009974 0.025228 -0.011509
v 0.011801 0.025176 -0.011821
v 0.010391 0.025667 -0.011741
v 0.009433 0.026505 0.011741
v 0.010853 0.026154 0.011821
v 0.009054 0.026033 0.011509
v 0.008753 0.025658 0.011149
v 0.008560 0.025417 0.010694
v 0.008494 0.025334 0.010190
v 0.008494 0.025334 -0.010190
v 0.008560 0.025417 -0.010694
v 0.008753 0.025658 -0.011149
v 0.009054 0.026033 -0.011509
v 0.010853 0.026154 -0.011821
v 0.009433 0.026505 -0.011741
v 0.008428 0.027243 0.011741
v 0.009853 0.027029 0.011821
v 0.008092 0.026739 0.011509
v 0.007825 0.026340 0.011149
v 0.007653 0.026083 0.010694
v 0.007594 0.025995 0.010190
v 0.007594 0.025995 -0.010190
v 0.007653 0.026083 -0.010694
v 0.007825 0.026340 -0.011149
v 0.008092 0.026739 -0.011509
v 0.009853 0.027029 -0.011821
v 0.008428 0.027243 -0.011741
v 0.007376 0.027881 0.011741
v 0.008801 0.027801 0.011821
v 0.007086 0.027350 0.011509
v 0.006855 0.026928 0.011149
v 0.006707 0.026658 0.010694
v 0.006656 0.026564 0.010190
v 0.006656 0.026564 -0.010190
v 0.006707 0.026658 -0.010694
v 0.006855 0.026928 -0.011149
v 0.007086 0.027350 -0.011509
v 0.008801 0.027801 -0.011821
v 0.007376 0.027881 -0.011741
v 0.006544 0.029036 0.011821
v 0.007698 0.028470 0.011821
v 0.006276 0.028421 0.011741
v 0.006033 0.027866 0.011509
v 0.005841 0.027425 0.011149
v 0.005718 0.027143 0.010694
v 0.005675 0.027045 -0.010190
v 0.005718 0.027143 -0.010694
v 0.005841 0.027425 -0.011149
v 0.006033 0.027866 -0.011509
v 0.006276 0.028421 -0.011741
v 0.006544 0.029036 -0.011821
v 0.007698 0.028470 -0.011821
v 0.005338 0.029500 0.011821
v 0.005125 0.028863 0.011741
v 0.004933 0.028289 0.011509
v 0.004780 0.027833 0.011149
v 0.005675 0.027045 0.010190
v 0.004682 0.027540 0.010694
v 0.004649 0.027440 -0.010190
v 0.004682 0.027540 -0.010694
v 0.004780 0.027833 -0.011149
v 0.004933 0.028289 -0.011509
v 0.005125 0.028863 -0.011741
v 0.005338 0.029500 -0.011821
v 0.004081 0.029860 0.011821
v 0.003923 0.029207 0.011741
v 0.003781 0.028619 0.011509
v 0.003669 0.028152 0.011149
v 0.004649 0.027440 0.010190
v 0.003596 0.027852 0.010694
v 0.003572 0.027748 -0.010190
v 0.003596 0.027852 -0.010694
v 0.003669 0.028152 -0.011149
v 0.003781 0.028619 -0.011509
v 0.003923 0.029207 -0.011741
v 0.004081 0.029860 -0.011821
v 0.002772 0.030117 0.011821
v 0.002669 0.029454 0.011741
v 0.002577 0.028856 0.011509
v 0.002503 0.028381 0.011149
v 0.003572 0.027748 0.010190
v 0.002456 0.028076 0.010694
v 0.002440 0.027971 -0.010190
v 0.002456 0.028076 -0.010694
v 0.002503 0.028381 -0.011149
v 0.002577 0.028856 -0.011509
v 0.002669 0.029454 -0.011741
v 0.002772 0.030117 -0.011821
v 0.001412 0.030272 0.011821
v 0.001361 0.029602 0.011741
v 0.001316 0.028999 0.011509
v 0.001280 0.028520 0.011149
v 0.002440 0.027971 0.010190
v 0.001257 0.028212 0.010694
v 0.001249 0.028106 -0.010190
v 0.001257 0.028212 -0.010694
v 0.001280 0.028520 -0.011149
v 0.001316 0.028999 -0.011509
v 0.001361 0.029602 -0.011741
v 0.001412 0.030272 -0.011821
v -0.000000 0.030323 0.011821
v -0.000000 0.029652 0.011741
v 0.000000 0.029047 0.011509
v 0.000000 0.028566 0.011149
v 0.001249 0.028106 0.010190
v 0.000000 0.028258 0.010694
v 0.000000 0.028151 -0.010190
v 0.000000 0.028258 -0.010694
v 0.000000 0.028566 -0.011149
v 0.000000 0.029047 -0.011509
v -0.000000 0.029652 -0.011741
v -0.000000 0.030323 -0.011821
v -0.001340 0.029603 0.011741
v -0.001294 0.028999 0.011509
v -0.001257 0.028520 0.011149
v -0.001234 0.028212 0.010694
v -0.001226 0.028106 0.010190
v 0.000000 0.028151 0.010190
v -0.001226 0.028106 -0.010190
v -0.001234 0.028212 -0.010694
v -0.001257 0.028520 -0.011149
v -0.001294 0.028999 -0.011509
v -0.001340 0.029603 -0.011741
v -0.002627 0.029454 0.011741
v -0.001390 0.030272 0.011821
v -0.002533 0.028856 0.011509
v -0.002459 0.028381 0.011149
v -0.002411 0.028076 0.010694
v -0.002394 0.027971 0.010190
v -0.002394 0.027971 -0.010190
v -0.002411 0.028076 -0.010694
v -0.002459 0.028381 -0.011149
v -0.002533 0.028856 -0.011509
v -0.001390 0.030272 -0.011821
v -0.002627 0.029454 -0.011741
v -0.003863 0.029208 0.011741
v -0.002731 0.030117 0.011821
v -0.003719 0.028620 0.011509
v -0.003605 0.028153 0.011149
v -0.003532 0.027853 0.010694
v -0.003507 0.027750 0.010190
v -0.003507 0.027750 -0.010190
v -0.003532 0.027853 -0.010694
v -0.003605 0.028153 -0.011149
v -0.003719 0.028620 -0.011509
v -0.002731 0.030117 -0.011821
v -0.003863 0.029208 -0.011741
v -0.005048 0.028864 0.011741
v -0.004022 0.029860 0.011821
v -0.004854 0.028290 0.011509
v -0.004700 0.027835 0.011149
v -0.004601 0.027543 0.010694
v -0.004567 0.027442 0.010190
v -0.004567 0.027442 -0.010190
v -0.004601 0.027543 -0.010694
v -0.004700 0.027835 -0.011149
v -0.004854 0.028290 -0.011509
v -0.004022 0.029860 -0.011821
v -0.005048 0.028864 -0.011741
v -0.006185 0.028422 0.011741
v -0.005264 0.029500 0.011821
v -0.005940 0.027868 0.011509
v -0.005746 0.027428 0.011149
v -0.005622 0.027146 0.010694
v -0.005579 0.027049 0.010190
v -0.005579 0.027049 -0.010190
v -0.005622 0.027146 -0.010694
v -0.005746 0.027428 -0.011149
v -0.005940 0.027868 -0.011509
v -0.005264 0.029500 -0.011821
v -0.006185 0.028422 -0.011741
v -0.007598 0.028470 0.011821
v -0.006456 0.029036 0.011821
v -0.007273 0.027883 0.011741
v -0.006980 0.027353 0.011509
v -0.006748 0.026932 0.011149
v -0.006598 0.026662 0.010694
v -0.006547 0.026569 -0.010190
v -0.006598 0.026662 -0.010694
v -0.006748 0.026932 -0.011149
v -0.006980 0.027353 -0.011509
v -0.007273 0.027883 -0.011741
v -0.007598 0.028470 -0.011821
v -0.006456 0.029036 -0.011821
v -0.008691 0.027801 0.011821
v -0.008315 0.027244 0.011741
v -0.007977 0.026742 0.011509
v -0.007708 0.026344 0.011149
v -0.006547 0.026569 0.010190
v -0.007535 0.026088 0.010694
v -0.007476 0.026000 -0.010190
v -0.007535 0.026088 -0.010694
v -0.007708 0.026344 -0.011149
v -0.007977 0.026742 -0.011509
v -0.008315 0.027244 -0.011741
v -0.008691 0.027801 -0.011821
v -0.009734 0.027029 0.011821
v -0.009312 0.026507 0.011741
v -0.008931 0.026036 0.011509
v -0.008629 0.025662 0.011149
v -0.007476 0.026000 0.010190
v -0.008435 0.025422 0.010694
v -0.008368 0.025339 -0.010190
v -0.008435 0.025422 -0.010694
v -0.008629 0.025662 -0.011149
v -0.008931 0.026036 -0.011509
v -0.009312 0.026507 -0.011741
v -0.009734 0.027029 -0.011821
v -0.010727 0.026154 0.011821
v -0.010263 0.025669 0.011741
v -0.009845 0.025231 0.011509
v -0.009513 0.024883 0.011149
v -0.008368 0.025339 0.010190
v -0.009300 0.024660 0.010694
v -0.009226 0.024583 -0.010190
v -0.009300 0.024660 -0.010694
v -0.009513 0.024883 -0.011149
v -0.009845 0.025231 -0.011509
v -0.010263 0.025669 -0.011741
v -0.010727 0.026154 -0.011821
v -0.011671 0.025176 0.011821
v -0.011170 0.024729 0.011741
v -0.010719 0.024325 0.011509
v -0.010361 0.024005 0.011149
v -0.009226 0.024583 0.010190
v -0.010131 0.023799 0.010694
v -0.010052 0.023728 -0.010190
v -0.010131 0.023799 -0.010694
v -0.010361 0.024005 -0.011149
v -0.010719 0.024325 -0.011509
v -0.011170 0.024729 -0.011741
v -0.011671 0.025176 -0.011821
v -0.012565 0.024095 0.011821
v -0.012033 0.023686 0.011741
v -0.011553 0.023317 0.011509
v -0.011172 0.023024 0.011149
v -0.010052 0.023728 0.010190
v -0.010928 0.022836 0.010694
v -0.010843 0.022771 -0.010190
v -0.010928 0.022836 -0.010694
v -0.011172 0.023024 -0.011149
v -0.011553 0.023317 -0.011509
v -0.012033 0.023686 -0.011741
v -0.012565 0.024095 -0.011821
v -0.012850 0.022541 0.011741
v -0.012344 0.022208 0.011509
v -0.011943 0.021943 0.011149
v -0.011686 0.021774 0.010694
v -0.011597 0.021715 0.010190
v -0.010843 0.022771 0.010190
v -0.011597 0.021715 -0.010190
v -0.011686 0.021774 -0.010694
v -0.011943 0.021943 -0.011149
v -0.012344 0.022208 -0.011509
v -0.012850 0.022541 -0.011741
v -0.013610 0.021292 0.011741
v -0.013410 0.022911 0.011821
v -0.013081 0.020997 0.011509
v -0.012662 0.020762 0.011149
v -0.012392 0.020612 0.010694
v -0.012299 0.020560 0.010190
v -0.012299 0.020560 -0.010190
v -0.012392 0.020612 -0.010694
v -0.012662 0.020762 -0.011149
v -0.013081 0.020997 -0.011509
v -0.013410 0.022911 -0.011821
v -0.013610 0.021292 -0.011741
v -0.014913 0.020216 0.011821
v -0.014195 0.021619 0.011821
v -0.014305 0.019931 0.011741
v -0.013757 0.019674 0.011509
v -0.013322 0.019470 0.011149
v -0.013043 0.019339 0.010694
v -0.012947 0.019294 -0.010190
v -0.013043 0.019339 -0.010694
v -0.013322 0.019470 -0.011149
v -0.013757 0.019674 -0.011509
v -0.014305 0.019931 -0.011741
v -0.014913 0.020216 -0.011821
v -0.014195 0.021619 -0.011821
v -0.015562 0.018699 0.011821
v -0.014937 0.018455 0.011741
v -0.014374 0.018234 0.011509
v -0.013926 0.018058 0.011149
v -0.012947 0.019294 0.010190
v -0.013639 0.017946 0.010694
v -0.013540 0.017907 -0.010190
v -0.013639 0.017946 -0.010694
v -0.013926 0.018058 -0.011149
v -0.014374 0.018234 -0.011509
v -0.014937 0.018455 -0.011741
v -0.015562 0.018699 -0.011821
v -0.016143 0.017071 0.011821
v -0.015505 0.016863 0.011741
v -0.014929 0.016676 0.011509
v -0.014472 0.016528 0.011149
v -0.013540 0.017907 0.010190
v -0.014179 0.016432 0.010694
v -0.014078 0.016399 -0.010190
v -0.014179 0.016432 -0.010694
v -0.014472 0.016528 -0.011149
v -0.014929 0.016676 -0.011509
v -0.015505 0.016863 -0.011741
v -0.016143 0.017071 -0.011821
v -0.016655 0.015330 0.011821
v -0.016007 0.015157 0.011741
v -0.015422 0.015001 0.011509
v -0.014958 0.014877 0.011149
v -0.014078 0.016399 0.010190
v -0.014660 0.014798 0.010694
v -0.014557 0.014770 0.010190
v -0.014660 0.014798 -0.010694
v -0.014958 0.014877 -0.011149
v -0.015422 0.015001 -0.011509
v -0.016007 0.015157 -0.011741
v -0.016655 0.015330 -0.011821
v -0.017099 0.013477 0.011821
v -0.016443 0.013336 0.011741
v -0.015852 0.013209 0.011509
v -0.015382 0.013107 0.011149
v -0.015081 0.013043 0.010694
v -0.014557 0.014770 -0.010190
v -0.014977 0.013020 0.010190
v -0.015081 0.013043 -0.010694
v -0.015382 0.013107 -0.011149
v -0.015852 0.013209 -0.011509
v -0.016443 0.013336 -0.011741
v -0.017099 0.013477 -0.011821
v -0.017475 0.011512 0.011821
v -0.016813 0.011400 0.011741
v -0.016217 0.011298 0.011509
v -0.015743 0.011218 0.011149
v -0.015439 0.011167 0.010694
v -0.015335 0.011149 -0.010190
v -0.014977 0.013020 -0.010190
v -0.015439 0.011167 -0.010694
v -0.015743 0.011218 -0.011149
v -0.016217 0.011298 -0.011509
v -0.016813 0.011400 -0.011741
v -0.017475 0.011512 -0.011821
v -0.017782 0.009434 0.011821
v -0.017117 0.009348 0.011741
v -0.016517 0.009271 0.011509
v -0.016040 0.009210 0.011149
v -0.015335 0.011149 0.010190
v -0.015735 0.009171 0.010694
v -0.015629 0.009157 -0.010190
v -0.015735 0.009171 -0.010694
v -0.016040 0.009210 -0.011149
v -0.016517 0.009271 -0.011509
v -0.017117 0.009348 -0.011741
v -0.017782 0.009434 -0.011821
v -0.018021 0.007244 0.011821
v -0.017353 0.007183 0.011741
v -0.016751 0.007128 0.011509
v -0.016273 0.007084 0.011149
v -0.015629 0.009157 0.010190
v -0.015966 0.007056 0.010694
v -0.015860 0.007046 0.010190
v -0.015966 0.007056 -0.010694
v -0.016273 0.007084 -0.011149
v -0.016751 0.007128 -0.011509
v -0.017353 0.007183 -0.011741
v -0.018021 0.007244 -0.011821
v -0.018192 0.004942 0.011821
v -0.017523 0.004903 0.011741
v -0.016919 0.004867 0.011509
v -0.016439 0.004839 0.011149
v -0.016131 0.004822 0.010694
v -0.016025 0.004815 -0.010190
v -0.015860 0.007046 -0.010190
v -0.016131 0.004822 -0.010694
v -0.016439 0.004839 -0.011149
v -0.016919 0.004867 -0.011509
v -0.017523 0.004903 -0.011741
v -0.018192 0.004942 -0.011821
v -0.018295 0.002527 0.011821
v -0.017624 0.002508 0.011741
v -0.017019 0.002491 0.011509
v -0.016539 0.002478 0.011149
v -0.016025 0.004815 0.010190
v -0.016231 0.002469 0.010694
v -0.016125 0.002466 -0.010190
v -0.016231 0.002469 -0.010694
v -0.016539 0.002478 -0.011149
v -0.017019 0.002491 -0.011509
v -0.017624 0.002508 -0.011741
v -0.018295 0.002527 -0.011821
v -0.018329 0.000000 0.011821
v -0.017658 0.000000 0.011741
v -0.017053 0.000000 0.011509
v -0.016573 0.000000 0.011149
v -0.016125 0.002466 0.010190
v -0.016265 0.000000 0.010694
v -0.016158 0.000000 -0.010190
v -0.016265 0.000000 -0.010694
v -0.016573 0.000000 -0.011149
v -0.017053 0.000000 -0.011509
v -0.017658 0.000000 -0.011741
v -0.018329 0.000000 -0.011821
v -0.017624 -0.002508 0.011741
v -0.017019 -0.002491 0.011509
v -0.016539 -0.002478 0.011149
v -0.016231 -0.002469 0.010694
v -0.016125 -0.002466 0.010190
v -0.016158 0.000000 0.010190
v -0.016125 -0.002466 -0.010190
v -0.016231 -0.002469 -0.010694
v -0.016539 -0.002478 -0.011149
v -0.017019 -0.002491 -0.011509
v -0.017624 -0.002508 -0.011741
v -0.017523 -0.004902 0.011741
v -0.018295 -0.002527 0.011821
v -0.016919 -0.004867 0.011509
v -0.016439 -0.004839 0.011149
v -0.016131 -0.004821 0.010694
v -0.016025 -0.004815 0.010190
v -0.016025 -0.004815 -0.010190
v -0.016131 -0.004821 -0.010694
v -0.016439 -0.004839 -0.011149
v -0.016919 -0.004867 -0.011509
v -0.018295 -0.002527 -0.011821
v -0.017523 -0.004902 -0.011741
v -0.017353 -0.007182 0.011741
v -0.018192 -0.004941 0.011821
v -0.016751 -0.007127 0.011509
v -0.016273 -0.007083 0.011149
v -0.015966 -0.007055 0.010694
v -0.015860 -0.007046 0.010190
v -0.015860 -0.007046 -0.010190
v -0.015966 -0.007055 -0.010694
v -0.016273 -0.007083 -0.011149
v -0.016751 -0.007127 -0.011509
v -0.018192 -0.004941 -0.011821
v -0.017353 -0.007182 -0.011741
v -0.017117 -0.009348 0.011741
v -0.018021 -0.007244 0.011821
v -0.016517 -0.009271 0.011509
v -0.016040 -0.009210 0.011149
v -0.015735 -0.009171 0.010694
v -0.015629 -0.009157 0.010190
v -0.015629 -0.009157 -0.010190
v -0.015735 -0.009171 -0.010694
v -0.016040 -0.009210 -0.011149
v -0.016517 -0.009271 -0.011509
v -0.018021 -0.007244 -0.011821
v -0.017117 -0.009348 -0.011741
v -0.016813 -0.011399 0.011741
v -0.017782 -0.009434 0.011821
v -0.016217 -0.011298 0.011509
v -0.015743 -0.011218 0.011149
v -0.015439 -0.011166 0.010694
v -0.015335 -0.011149 0.010190
v -0.015335 -0.011149 -0.010190
v -0.015439 -0.011166 -0.010694
v -0.015743 -0.011218 -0.011149
v -0.016217 -0.011298 -0.011509
v -0.017782 -0.009434 -0.011821
v -0.016813 -0.011399 -0.011741
v -0.016443 -0.013336 0.011741
v -0.017475 -0.011511 0.011821
v -0.015852 -0.013208 0.011509
v -0.015382 -0.013107 0.011149
v -0.015081 -0.013042 0.010694
v -0.014977 -0.013020 0.010190
v -0.014977 -0.013020 -0.010190
v -0.015081 -0.013042 -0.010694
v -0.015382 -0.013107 -0.011149
v -0.015852 -0.013208 -0.011509
v -0.017475 -0.011511 -0.011821
v -0.016443 -0.013336 -0.011741
v -0.016007 -0.015157 0.011741
v -0.017099 -0.013477 0.011821
v -0.015422 -0.015001 0.011509
v -0.014958 -0.014877 0.011149
v -0.014660 -0.014798 0.010694
v -0.014557 -0.014770 0.010190
v -0.014557 -0.014770 -0.010190
v -0.014660 -0.014798 -0.010694
v -0.014958 -0.014877 -0.011149
v -0.015422 -0.015001 -0.011509
v -0.017099 -0.013477 -0.011821
v -0.016007 -0.015157 -0.011741
v -0.015505 -0.016863 0.011741
v -0.016655 -0.015330 0.011821
v -0.014929 -0.016676 0.011509
v -0.014472 -0.016527 0.011149
v -0.014179 -0.016432 0.010694
v -0.014078 -0.016399 0.010190
v -0.014078 -0.016399 -0.010190
v -0.014179 -0.016432 -0.010694
v -0.014472 -0.016527 -0.011149
v -0.014929 -0.016676 -0.011509
v -0.016655 -0.015330 -0.011821
v -0.015505 -0.016863 -0.011741
v -0.014937 -0.018454 0.011741
v -0.016143 -0.017071 0.011821
v -0.014374 -0.018233 0.011509
v -0.013926 -0.018058 0.011149
v -0.013639 -0.017946 0.010694
v -0.013540 -0.017907 0.010190
v -0.013540 -0.017907 -0.010190
v -0.013639 -0.017946 -0.010694
v -0.013926 -0.018058 -0.011149
v -0.014374 -0.018233 -0.011509
v -0.016143 -0.017071 -0.011821
v -0.014937 -0.018454 -0.011741
v -0.014305 -0.019930 0.011741
v -0.015562 -0.018699 0.011821
v -0.013757 -0.019673 0.011509
v -0.013322 -0.019469 0.011149
v -0.013043 -0.019338 0.010694
v -0.012947 -0.019293 0.010190
v -0.012947 -0.019293 -0.010190
v -0.013043 -0.019338 -0.010694
v -0.013322 -0.019469 -0.011149
v -0.013757 -0.019673 -0.011509
v -0.015562 -0.018699 -0.011821
v -0.014305 -0.019930 -0.011741
v -0.013610 -0.021292 0.011741
v -0.014913 -0.020215 0.011821
v -0.013081 -0.020997 0.011509
v -0.012662 -0.020762 0.011149
v -0.012392 -0.020612 0.010694
v -0.012299 -0.020560 0.010190
v -0.012299 -0.020560 -0.010190
v -0.012392 -0.020612 -0.010694
v -0.012662 -0.020762 -0.011149
v -0.013081 -0.020997 -0.011509
v -0.014913 -0.020215 -0.011821
v -0.013610 -0.021292 -0.011741
v -0.013410 -0.022911 0.011821
v -0.014195 -0.021619 0.011821
v -0.012850 -0.022541 0.011741
v -0.012344 -0.022208 0.011509
v -0.011943 -0.021943 0.011149
v -0.011686 -0.021773 0.010694
v -0.011597 -0.021715 -0.010190
v -0.011686 -0.021773 -0.010694
v -0.011943 -0.021943 -0.011149
v -0.012344 -0.022208 -0.011509
v -0.012850 -0.022541 -0.011741
v -0.013410 -0.022911 -0.011821
v -0.014195 -0.021619 -0.011821
v -0.012565 -0.024095 0.011821
v -0.012033 -0.023686 0.011741
v -0.011553 -0.023317 0.011509
v -0.011172 -0.023024 0.011149
v -0.011597 -0.021715 0.010190
v -0.010928 -0.022836 0.010694
v -0.010843 -0.022771 -0.010190
v -0.010928 -0.022836 -0.010694
v -0.011172 -0.023024 -0.011149
v -0.011553 -0.023317 -0.011509
v -0.012033 -0.023686 -0.011741
v -0.012565 -0.024095 -0.011821
v -0.011170 -0.024728 0.011741
v -0.010719 -0.024325 0.011509
v -0.010361 -0.024005 0.011149
v -0.010131 -0.023799 0.010694
v -0.010052 -0.023728 0.010190
v -0.010843 -0.022771 0.010190
v -0.010052 -0.023728 -0.010190
v -0.010131 -0.023799 -0.010694
v -0.010361 -0.024005 -0.011149
v -0.010719 -0.024325 -0.011509
v -0.011170 -0.024728 -0.011741
v -0.010263 -0.025668 0.011741
v -0.011671 -0.025176 0.011821
v -0.009845 -0.025230 0.011509
v -0.009513 -0.024883 0.011149
v -0.009300 -0.024660 0.010694
v -0.009226 -0.024583 0.010190
v -0.009226 -0.024583 -0.010190
v -0.009300 -0.024660 -0.010694
v -0.009513 -0.024883 -0.011149
v -0.009845 -0.025230 -0.011509
v -0.011671 -0.025176 -0.011821
v -0.010263 -0.025668 -0.011741
v -0.009312 -0.026507 0.011741
v -0.010727 -0.026154 0.011821
v -0.008931 -0.026036 0.011509
v -0.008629 -0.025662 0.011149
v -0.008435 -0.025422 0.010694
v -0.008368 -0.025339 0.010190
v -0.008368 -0.025339 -0.010190
v -0.008435 -0.025422 -0.010694
v -0.008629 -0.025662 -0.011149
v -0.008931 -0.026036 -0.011509
v -0.010727 -0.026154 -0.011821
v -0.009312 -0.026507 -0.011741
v -0.008315 -0.027244 0.011741
v -0.009734 -0.027029 0.011821
v -0.007977 -0.026742 0.011509
v -0.007708 -0.026344 0.011149
v -0.007535 -0.026088 0.010694
v -0.007476 -0.026000 0.010190
v -0.007476 -0.026000 -0.010190
v -0.007535 -0.026088 -0.010694
v -0.007708 -0.026344 -0.011149
v -0.007977 -0.026742 -0.011509
v -0.009734 -0.027029 -0.011821
v -0.008315 -0.027244 -0.011741
v -0.007273 -0.027882 0.011741
v -0.008691 -0.027801 0.011821
v -0.006980 -0.027352 0.011509
v -0.006748 -0.026932 0.011149
v -0.006598 -0.026661 0.010694
v -0.006547 -0.026568 0.010190
v -0.006547 -0.026568 -0.010190
v -0.006598 -0.026661 -0.010694
v -0.006748 -0.026932 -0.011149
v -0.006980 -0.027352 -0.011509
v -0.008691 -0.027801 -0.011821
v -0.007273 -0.027882 -0.011741
v -0.006185 -0.028422 0.011741
v -0.007598 -0.028470 0.011821
v -0.005940 -0.027868 0.011509
v -0.005746 -0.027428 0.011149
v -0.005622 -0.027146 0.010694
v -0.005579 -0.027048 0.010190
v -0.005579 -0.027048 -0.010190
v -0.005622 -0.027146 -0.010694
v -0.005746 -0.027428 -0.011149
v -0.005940 -0.027868 -0.011509
v -0.007598 -0.028470 -0.011821
v -0.006185 -0.028422 -0.011741
v -0.005264 -0.029499 0.011821
v -0.006456 -0.029036 0.011821
v -0.005048 -0.028864 0.011741
v -0.004854 -0.028290 0.011509
v -0.004700 -0.027835 0.011149
v -0.004601 -0.027542 0.010694
v -0.004567 -0.027442 -0.010190
v -0.004601 -0.027542 -0.010694
v -0.004700 -0.027835 -0.011149
v -0.004854 -0.028290 -0.011509
v -0.005048 -0.028864 -0.011741
v -0.005264 -0.029499 -0.011821
v -0.006456 -0.029036 -0.011821
v -0.004022 -0.029860 0.011821
v -0.003863 -0.029208 0.011741
v -0.003719 -0.028619 0.011509
v -0.003605 -0.028152 0.011149
v -0.004567 -0.027442 0.010190
v -0.003532 -0.027853 0.010694
v -0.003507 -0.027749 -0.010190
v -0.003532 -0.027853 -0.010694
v -0.003605 -0.028152 -0.011149
v -0.003719 -0.028619 -0.011509
v -0.003863 -0.029208 -0.011741
v -0.004022 -0.029860 -0.011821
v -0.002731 -0.030117 0.011821
v -0.002627 -0.029454 0.011741
v -0.002533 -0.028856 0.011509
v -0.002459 -0.028381 0.011149
v -0.003507 -0.027749 0.010190
v -0.002411 -0.028076 0.010694
v -0.002394 -0.027971 -0.010190
v -0.002411 -0.028076 -0.010694
v -0.002459 -0.028381 -0.011149
v -0.002533 -0.028856 -0.011509
v -0.002627 -0.029454 -0.011741
v -0.002731 -0.030117 -0.011821
v -0.001390 -0.030271 0.011821
v -0.001340 -0.029602 0.011741
v -0.001294 -0.028999 0.011509
v -0.001257 -0.028519 0.011149
v -0.002394 -0.027971 0.010190
v -0.001234 -0.028212 0.010694
v -0.001226 -0.028106 -0.010190
v -0.001234 -0.028212 -0.010694
v -0.001257 -0.028519 -0.011149
v -0.001294 -0.028999 -0.011509
v -0.001340 -0.029602 -0.011741
v -0.001390 -0.030271 -0.011821
v -0.001226 -0.028106 0.010190
v -0.001936 0.048746 -0.011549
v 0.001936 0.048746 -0.011549
v 0.000000 0.048787 -0.011549
v -0.003837 0.048626 -0.011549
v 0.003837 0.048626 -0.011549
v -0.005702 0.048424 -0.011549
v 0.005702 0.048424 -0.011549
v -0.007532 0.048143 -0.011549
v 0.007532 0.048143 -0.011549
v -0.009326 0.047780 -0.011549
v 0.009326 0.047780 -0.011549
v -0.011085 0.047338 -0.011549
v 0.011085 0.047338 -0.011549
v 0.012808 0.046815 -0.011549
v -0.012808 0.046815 -0.011549
v 0.014495 0.046211 -0.011549
v -0.014495 0.046211 -0.011549
v 0.016147 0.045527 -0.011549
v -0.016147 0.045527 -0.011549
v 0.017763 0.044762 -0.011549
v -0.017763 0.044762 -0.011549
v 0.019344 0.043917 -0.011549
v -0.019344 0.043917 -0.011549
v 0.020889 0.042991 -0.011549
v -0.020889 0.042991 -0.011549
v -0.022389 0.041990 -0.011549
v 0.022389 0.041990 -0.011549
v 0.023834 0.040916 -0.011549
v -0.023834 0.040916 -0.011549
v 0.025223 0.039770 -0.011549
v -0.025223 0.039770 -0.011549
v 0.026557 0.038552 -0.011549
v -0.026557 0.038552 -0.011549
v 0.027836 0.037261 -0.011549
v -0.027836 0.037261 -0.011549
v 0.029060 0.035899 -0.011549
v -0.029060 0.035899 -0.011549
v 0.030228 0.034465 -0.011549
v -0.030228 0.034465 -0.011549
v 0.031341 0.032959 -0.011549
v -0.031341 0.032959 -0.011549
v 0.032399 0.031380 -0.011549
v -0.032399 0.031380 -0.011549
v 0.033402 0.029730 -0.011549
v -0.033402 0.029730 -0.011549
v 0.000000 0.030323 -0.011549
v -0.001390 0.030272 -0.011549
v 0.001412 0.030272 -0.011549
v -0.002731 0.030117 -0.011549
v 0.002772 0.030117 -0.011549
v -0.004022 0.029860 -0.011549
v 0.004081 0.029860 -0.011549
v -0.005263 0.029500 -0.011549
v 0.005338 0.029500 -0.011549
v 0.034350 0.028007 -0.011549
v -0.034350 0.028007 -0.011549
v -0.006455 0.029036 -0.011549
v 0.006544 0.029036 -0.011549
v -0.007598 0.028470 -0.011549
v 0.007699 0.028470 -0.011549
v -0.008690 0.027801 -0.011549
v 0.008802 0.027801 -0.011549
v 0.035242 0.026213 -0.011549
v -0.035242 0.026213 -0.011549
v -0.009733 0.027029 -0.011549
v 0.009853 0.027029 -0.011549
v -0.010727 0.026154 -0.011549
v 0.010853 0.026154 -0.011549
v -0.036071 0.024353 -0.011549
v 0.036071 0.024353 -0.011549
v -0.011671 0.025176 -0.011549
v 0.011802 0.025176 -0.011549
v -0.012565 0.024095 -0.011549
v 0.012699 0.024095 -0.011549
v 0.036828 0.022433 -0.011549
v -0.036828 0.022433 -0.011549
v -0.013410 0.022911 -0.011549
v 0.013544 0.022911 -0.011549
v -0.014195 0.021619 -0.011549
v 0.014330 0.021619 -0.011549
v 0.037512 0.020455 -0.011549
v -0.037512 0.020455 -0.011549
v -0.014913 0.020215 -0.011549
v 0.015047 0.020215 -0.011549
v 0.038125 0.018418 -0.011549
v -0.038125 0.018418 -0.011549
v -0.015562 0.018699 -0.011549
v 0.015696 0.018699 -0.011549
v -0.016142 0.017071 -0.011549
v 0.016277 0.017071 -0.011549
v -0.038665 0.016323 -0.011549
v 0.038665 0.016323 -0.011549
v -0.016655 0.015330 -0.011549
v 0.016790 0.015330 -0.011549
v -0.039134 0.014168 -0.011549
v 0.039134 0.014168 -0.011549
v -0.017099 0.013477 -0.011549
v 0.017234 0.013477 -0.011549
v -0.039530 0.011954 -0.011549
v 0.039530 0.011954 -0.011549
v -0.017475 0.011512 -0.011549
v 0.017609 0.011512 -0.011549
v -0.039854 0.009681 -0.011549
v 0.039854 0.009681 -0.011549
v -0.017782 0.009434 -0.011549
v 0.017917 0.009434 -0.011549
v -0.040107 0.007349 -0.011549
v 0.040107 0.007349 -0.011549
v -0.018021 0.007244 -0.011549
v 0.018156 0.007244 -0.011549
v -0.040287 0.004958 -0.011549
v 0.040287 0.004958 -0.011549
v -0.018192 0.004942 -0.011549
v 0.018327 0.004942 -0.011549
v -0.040395 0.002509 -0.011549
v 0.040395 0.002509 -0.011549
v -0.018294 0.002527 -0.011549
v 0.018429 0.002527 -0.011549
v -0.018329 -0.000000 -0.011549
v 0.018463 -0.000000 -0.011549
v -0.040431 -0.000000 -0.011549
v 0.040431 -0.000000 -0.011549
v -0.040395 -0.002509 -0.011549
v -0.018294 -0.002527 -0.011549
v 0.018429 -0.002527 -0.011549
v 0.040395 -0.002509 -0.011549
v -0.040287 -0.004958 -0.011549
v 0.040287 -0.004958 -0.011549
v -0.018192 -0.004942 -0.011549
v 0.018327 -0.004942 -0.011549
v -0.018021 -0.007244 -0.011549
v 0.018156 -0.007244 -0.011549
v -0.040107 -0.007349 -0.011549
v 0.040107 -0.007349 -0.011549
v -0.017782 -0.009434 -0.011549
v 0.017917 -0.009434 -0.011549
v -0.039854 -0.009681 -0.011549
v 0.039854 -0.009681 -0.011549
v -0.017475 -0.011512 -0.011549
v 0.017609 -0.011512 -0.011549
v 0.039530 -0.011954 -0.011549
v -0.039530 -0.011954 -0.011549
v -0.017099 -0.013477 -0.011549
v 0.017234 -0.013477 -0.011549
v 0.039134 -0.014168 -0.011549
v -0.039134 -0.014168 -0.011549
v -0.016655 -0.015330 -0.011549
v 0.016790 -0.015330 -0.011549
v 0.038665 -0.016323 -0.011549
v -0.038665 -0.016323 -0.011549
v -0.016142 -0.017071 -0.011549
v 0.016277 -0.017071 -0.011549
v 0.038125 -0.018418 -0.011549
v -0.038125 -0.018418 -0.011549
v -0.015562 -0.018699 -0.011549
v 0.015696 -0.018699 -0.011549
v 0.037512 -0.020455 -0.011549
v -0.037512 -0.020455 -0.011549
v -0.014913 -0.020215 -0.011549
v 0.015047 -0.020215 -0.011549
v -0.014195 -0.021619 -0.011549
v 0.014330 -0.021619 -0.011549
v 0.036828 -0.022433 -0.011549
v -0.036828 -0.022433 -0.011549
v -0.013410 -0.022911 -0.011549
v 0.013544 -0.022911 -0.011549
v 0.036071 -0.024353 -0.011549
v -0.036071 -0.024353 -0.011549
v -0.012565 -0.024095 -0.011549
v 0.012699 -0.024095 -0.011549
v -0.011671 -0.025176 -0.011549
v 0.011802 -0.025176 -0.011549
v 0.035242 -0.026213 -0.011549
v -0.035242 -0.026213 -0.011549
v -0.010727 -0.026154 -0.011549
v 0.010853 -0.026154 -0.011549
v -0.009733 -0.027029 -0.011549
v 0.009853 -0.027029 -0.011549
v -0.034350 -0.028007 -0.011549
v 0.034350 -0.028007 -0.011549
v -0.008690 -0.027801 -0.011549
v 0.008802 -0.027801 -0.011549
v -0.007598 -0.028470 -0.011549
v 0.007699 -0.028470 -0.011549
v 0.033402 -0.029730 -0.011549
v -0.033402 -0.029730 -0.011549
v -0.006455 -0.029036 -0.011549
v 0.006544 -0.029036 -0.011549
v -0.005263 -0.029500 -0.011549
v 0.005338 -0.029500 -0.011549
v -0.004022 -0.029860 -0.011549
v 0.004081 -0.029860 -0.011549
v 0.032399 -0.031380 -0.011549
v -0.032399 -0.031380 -0.011549
v -0.002731 -0.030117 -0.011549
v 0.002772 -0.030117 -0.011549
v -0.001390 -0.030272 -0.011549
v 0.001412 -0.030272 -0.011549
v 0.000000 -0.030323 -0.011549
v 0.031341 -0.032959 -0.011549
v -0.031341 -0.032959 -0.011549
v 0.030228 -0.034465 -0.011549
v -0.030228 -0.034465 -0.011549
v 0.029060 -0.035899 -0.011549
v -0.029060 -0.035899 -0.011549
v 0.027836 -0.037261 -0.011549
v -0.027836 -0.037261 -0.011549
v -0.026557 -0.038552 -0.011549
v 0.026557 -0.038552 -0.011549
v -0.025223 -0.039770 -0.011549
v 0.025223 -0.039770 -0.011549
v -0.023834 -0.040916 -0.011549
v 0.023834 -0.040916 -0.011549
v -0.022389 -0.041990 -0.011549
v 0.022389 -0.041990 -0.011549
v -0.020889 -0.042991 -0.011549
v 0.020889 -0.042991 -0.011549
v -0.019344 -0.043917 -0.011549
v 0.019344 -0.043917 -0.011549
v -0.017763 -0.044762 -0.011549
v 0.017763 -0.044762 -0.011549
v -0.016147 -0.045527 -0.011549
v 0.016147 -0.045527 -0.011549
v 0.014495 -0.046211 -0.011549
v -0.014495 -0.046211 -0.011549
v 0.012808 -0.046815 -0.011549
v -0.012808 -0.046815 -0.011549
v 0.011085 -0.047338 -0.011549
v -0.011085 -0.047338 -0.011549
v 0.009326 -0.047780 -0.011549
v -0.009326 -0.047780 -0.011549
v 0.007532 -0.048143 -0.011549
v -0.007532 -0.048143 -0.011549
v 0.005702 -0.048424 -0.011549
v -0.005702 -0.048424 -0.011549
v 0.003837 -0.048626 -0.011549
v -0.003837 -0.048626 -0.011549
v 0.001936 -0.048746 -0.011549
v -0.001936 -0.048746 -0.011549
v 0.000000 -0.048787 -0.011549
v -0.001936 0.048746 0.011549
v 0.000000 0.048787 0.011549
v 0.001936 0.048746 0.011549
v -0.003837 0.048626 0.011549
v 0.003837 0.048626 0.011549
v -0.005702 0.048424 0.011549
v 0.005702 0.048424 0.011549
v -0.007532 0.048143 0.011549
v 0.007532 0.048143 0.011549
v -0.009326 0.047780 0.011549
v 0.009326 0.047780 0.011549
v -0.011085 0.047338 0.011549
v 0.011085 0.047338 0.011549
v 0.012808 0.046815 0.011549
v -0.012808 0.046815 0.011549
v 0.014495 0.046211 0.011549
v -0.014495 0.046211 0.011549
v 0.016147 0.045527 0.011549
v -0.016147 0.045527 0.011549
v 0.017763 0.044762 0.011549
v -0.017763 0.044762 0.011549
v 0.019344 0.043917 0.011549
v -0.019344 0.043917 0.011549
v 0.020889 0.042991 0.011549
v -0.020889 0.042991 0.011549
v -0.022389 0.041990 0.011549
v 0.022389 0.041990 0.011549
v 0.023834 0.040916 0.011549
v -0.023834 0.040916 0.011549
v 0.025223 0.039770 0.011549
v -0.025223 0.039770 0.011549
v 0.026557 0.038552 0.011549
v -0.026557 0.038552 0.011549
v 0.027836 0.037261 0.011549
v -0.027836 0.037261 0.011549
v 0.029060 0.035899 0.011549
v -0.029060 0.035899 0.011549
v 0.030228 0.034465 0.011549
v -0.030228 0.034465 0.011549
v 0.031341 0.032959 0.011549
v -0.031341 0.032959 0.011549
v 0.032399 0.031380 0.011549
v -0.032399 0.031380 0.011549
v 0.033402 0.029730 0.011549
v -0.033402 0.029730 0.011549
v 0.000000 0.030323 0.011549
v -0.001390 0.030272 0.011549
v 0.001412 0.030272 0.011549
v -0.002731 0.030117 0.011549
v 0.002772 0.030117 0.011549
v -0.004022 0.029860 0.011549
v 0.004081 0.029860 0.011549
v -0.005263 0.029500 0.011549
v 0.005338 0.029500 0.011549
v 0.034350 0.028007 0.011549
v -0.034350 0.028007 0.011549
v -0.006455 0.029036 0.011549
v 0.006544 0.029036 0.011549
v -0.007598 0.028470 0.011549
v 0.007699 0.028470 0.011549
v -0.008690 0.027801 0.011549
v 0.008802 0.027801 0.011549
v 0.035242 0.026213 0.011549
v -0.035242 0.026213 0.011549
v -0.009733 0.027029 0.011549
v 0.009853 0.027029 0.011549
v -0.010727 0.026154 0.011549
v 0.010853 0.026154 0.011549
v -0.036071 0.024353 0.011549
v 0.036071 0.024353 0.011549
v -0.011671 0.025176 0.011549
v 0.011802 0.025176 0.011549
v -0.012565 0.024095 0.011549
v 0.012699 0.024095 0.011549
v 0.036828 0.022433 0.011549
v -0.036828 0.022433 0.011549
v -0.013410 0.022911 0.011549
v 0.013544 0.022911 0.011549
v -0.014195 0.021619 0.011549
v 0.014330 0.021619 0.011549
v 0.037512 0.020455 0.011549
v -0.037512 0.020455 0.011549
v -0.014913 0.020215 0.011549
v 0.015047 0.020215 0.011549
v 0.038125 0.018418 0.011549
v -0.038125 0.018418 0.011549
v -0.015562 0.018699 0.011549
v 0.015696 0.018699 0.011549
v -0.016142 0.017071 0.011549
v 0.016277 0.017071 0.011549
v -0.038665 0.016323 0.011549
v 0.038665 0.016323 0.011549
v -0.016655 0.015330 0.011549
v 0.016790 0.015330 0.011549
v -0.039134 0.014168 0.011549
v 0.039134 0.014168 0.011549
v -0.017099 0.013477 0.011549
v 0.017234 0.013477 0.011549
v -0.039530 0.011954 0.011549
v 0.039530 0.011954 0.011549
v -0.017475 0.011512 0.011549
v 0.017609 0.011512 0.011549
v -0.039854 0.009681 0.011549
v 0.039854 0.009681 0.011549
v -0.017782 0.009434 0.011549
v 0.017917 0.009434 0.011549
v -0.040107 0.007349 0.011549
v 0.040107 0.007349 0.011549
v -0.018021 0.007244 0.011549
v 0.018156 0.007244 0.011549
v -0.040287 0.004958 0.011549
v 0.040287 0.004958 0.011549
v -0.018192 0.004942 0.011549
v 0.018327 0.004942 0.011549
v -0.040395 0.002509 0.011549
v 0.040395 0.002509 0.011549
v -0.018294 0.002527 0.011549
v 0.018429 0.002527 0.011549
v -0.018329 -0.000000 0.011549
v 0.018463 -0.000000 0.011549
v -0.040431 -0.000000 0.011549
v 0.040431 -0.000000 0.011549
v -0.040395 -0.002509 0.011549
v -0.018294 -0.002527 0.011549
v 0.018429 -0.002527 0.011549
v 0.040395 -0.002509 0.011549
v -0.040287 -0.004958 0.011549
v 0.040287 -0.004958 0.011549
v -0.018192 -0.004942 0.011549
v 0.018327 -0.004942 0.011549
v -0.018021 -0.007244 0.011549
v 0.018156 -0.007244 0.011549
v -0.040107 -0.007349 0.011549
v 0.040107 -0.007349 0.011549
v -0.017782 -0.009434 0.011549
v 0.017917 -0.009434 0.011549
v -0.039854 -0.009681 0.011549
v 0.039854 -0.009681 0.011549
v -0.017475 -0.011512 0.011549
v 0.017609 -0.011512 0.011549
v 0.039530 -0.011954 0.011549
v -0.039530 -0.011954 0.011549
v -0.017099 -0.013477 0.011549
v 0.017234 -0.013477 0.011549
v 0.039134 -0.014168 0.011549
v -0.039134 -0.014168 0.011549
v -0.016655 -0.015330 0.011549
v 0.016790 -0.015330 0.011549
v 0.038665 -0.016323 0.011549
v -0.038665 -0.016323 0.011549
v -0.016142 -0.017071 0.011549
v 0.016277 -0.017071 0.011549
v 0.038125 -0.018418 0.011549
v -0.038125 -0.018418 0.011549
v -0.015562 -0.018699 0.011549
v 0.015696 -0.018699 0.011549
v 0.037512 -0.020455 0.011549
v -0.037512 -0.020455 0.011549
v -0.014913 -0.020215 0.011549
v 0.015047 -0.020215 0.011549
v -0.014195 -0.021619 0.011549
v 0.014330 -0.021619 0.011549
v 0.036828 -0.022433 0.011549
v -0.036828 -0.022433 0.011549
v -0.013410 -0.022911 0.011549
v 0.013544 -0.022911 0.011549
v 0.036071 -0.024353 0.011549
v -0.036071 -0.024353 0.011549
v -0.012565 -0.024095 0.011549
v 0.012699 -0.024095 0.011549
v -0.011671 -0.025176 0.011549
v 0.011802 -0.025176 0.011549
v 0.035242 -0.026213 0.011549
v -0.035242 -0.026213 0.011549
v -0.010727 -0.026154 0.011549
v 0.010853 -0.026154 0.011549
v -0.009733 -0.027029 0.011549
v 0.009853 -0.027029 0.011549
v -0.034350 -0.028007 0.011549
v 0.034350 -0.028007 0.011549
v -0.008690 -0.027801 0.011549
v 0.008802 -0.027801 0.011549
v -0.007598 -0.028470 0.011549
v 0.007699 -0.028470 0.011549
v 0.033402 -0.029730 0.011549
v -0.033402 -0.029730 0.011549
v -0.006455 -0.029036 0.011549
v 0.006544 -0.029036 0.011549
v -0.005263 -0.029500 0.011549
v 0.005338 -0.029500 0.011549
v -0.004022 -0.029860 0.011549
v 0.004081 -0.029860 0.011549
v 0.032399 -0.031380 0.011549
v -0.032399 -0.031380 0.011549
v -0.002731 -0.030117 0.011549
v 0.002772 -0.030117 0.011549
v -0.001390 -0.030272 0.011549
v 0.001412 -0.030272 0.011549
v 0.000000 -0.030323 0.011549
v 0.031341 -0.032959 0.011549
v -0.031341 -0.032959 0.011549
v 0.030228 -0.034465 0.011549
v -0.030228 -0.034465 0.011549
v 0.029060 -0.035899 0.011549
v -0.029060 -0.035899 0.011549
v 0.027836 -0.037261 0.011549
v -0.027836 -0.037261 0.011549
v -0.026557 -0.038552 0.011549
v 0.026557 -0.038552 0.011549
v -0.025223 -0.039770 0.011549
v 0.025223 -0.039770 0.011549
v -0.023834 -0.040916 0.011549
v 0.023834 -0.040916 0.011549
v -0.022389 -0.041990 0.011549
v 0.022389 -0.041990 0.011549
v -0.020889 -0.042991 0.011549
v 0.020889 -0.042991 0.011549
v -0.019344 -0.043917 0.011549
v 0.019344 -0.043917 0.011549
v -0.017763 -0.044762 0.011549
v 0.017763 -0.044762 0.011549
v -0.016147 -0.045527 0.011549
v 0.016147 -0.045527 0.011549
v 0.014495 -0.046211 0.011549
v -0.014495 -0.046211 0.011549
v 0.012808 -0.046815 0.011549
v -0.012808 -0.046815 0.011549
v 0.011085 -0.047338 0.011549
v -0.011085 -0.047338 0.011549
v 0.009326 -0.047780 0.011549
v -0.009326 -0.047780 0.011549
v 0.007532 -0.048143 0.011549
v -0.007532 -0.048143 0.011549
v 0.005702 -0.048424 0.011549
v -0.005702 -0.048424 0.011549
v 0.003837 -0.048626 0.011549
v -0.003837 -0.048626 0.011549
v 0.001936 -0.048746 0.011549
v -0.001936 -0.048746 0.011549
v 0.000000 -0.048787 0.011549
v 0.000000 -0.049625 0.011449
v -0.001936 -0.048746 0.011549
v 0.000000 -0.048787 0.011549
v 0.000000 -0.050381 0.011160
v -0.001972 -0.049584 0.011449
v 0.000000 -0.050982 0.010709
v -0.002004 -0.050340 0.011160
v 0.000000 -0.051367 0.010141
v -0.002029 -0.050940 0.010709
v 0.000000 -0.051500 0.009511
v -0.002045 -0.051325 0.010141
v -0.002051 -0.051457 -0.009511
v 0.000000 -0.051500 -0.009511
v -0.002045 -0.051325 -0.010141
v 0.000000 -0.051367 -0.010141
v -0.002029 -0.050940 -0.010709
v 0.000000 -0.050982 -0.010709
v -0.002004 -0.050340 -0.011160
v 0.000000 -0.050381 -0.011160
v -0.001972 -0.049584 -0.011449
v 0.000000 -0.049625 -0.011449
v -0.001936 -0.048746 -0.011549
v 0.000000 -0.048787 -0.011549
v -0.003837 -0.048626 0.011549
v -0.003909 -0.049461 0.011449
v -0.003973 -0.050215 0.011160
v -0.004025 -0.050813 0.010709
v -0.002051 -0.051457 0.009511
v -0.004057 -0.051197 0.010141
v -0.004069 -0.051329 -0.009511
v -0.004057 -0.051197 -0.010141
v -0.004025 -0.050813 -0.010709
v -0.003973 -0.050215 -0.011160
v -0.003909 -0.049461 -0.011449
v -0.003837 -0.048626 -0.011549
v -0.005702 -0.048424 0.011549
v -0.005811 -0.049256 0.011449
v -0.005909 -0.050006 0.011160
v -0.005987 -0.050601 0.010709
v -0.004069 -0.051329 0.009511
v -0.006037 -0.050983 0.010141
v -0.006055 -0.051115 -0.009511
v -0.006037 -0.050983 -0.010141
v -0.005987 -0.050601 -0.010709
v -0.005909 -0.050006 -0.011160
v -0.005811 -0.049256 -0.011449
v -0.005702 -0.048424 -0.011549
v -0.007532 -0.048143 0.011549
v -0.007679 -0.048968 0.011449
v -0.007811 -0.049713 0.011160
v -0.007916 -0.050304 0.010709
v -0.006055 -0.051115 0.009511
v -0.007984 -0.050684 0.010141
v -0.008007 -0.050814 -0.009511
v -0.007984 -0.050684 -0.010141
v -0.007916 -0.050304 -0.010709
v -0.007811 -0.049713 -0.011160
v -0.007679 -0.048968 -0.011449
v -0.007532 -0.048143 -0.011549
v -0.009326 -0.047780 0.011549
v -0.009512 -0.048598 0.011449
v -0.009679 -0.049336 0.011160
v -0.009812 -0.049922 0.010709
v -0.008007 -0.050814 0.009511
v -0.009897 -0.050297 0.010141
v -0.009926 -0.050427 -0.009511
v -0.009897 -0.050297 -0.010141
v -0.009812 -0.049922 -0.010709
v -0.009679 -0.049336 -0.011160
v -0.009512 -0.048598 -0.011449
v -0.009326 -0.047780 -0.011549
v -0.011085 -0.047338 0.011549
v -0.011309 -0.048146 0.011449
v -0.011511 -0.048875 0.011160
v -0.011672 -0.049453 0.010709
v -0.009926 -0.050427 0.009511
v -0.011775 -0.049825 0.010141
v -0.011810 -0.049953 -0.009511
v -0.011775 -0.049825 -0.010141
v -0.011672 -0.049453 -0.010709
v -0.011511 -0.048875 -0.011160
v -0.011309 -0.048146 -0.011449
v -0.011085 -0.047338 -0.011549
v -0.012808 -0.046815 0.011549
v -0.013071 -0.047611 0.011449
v -0.013308 -0.048329 0.011160
v -0.013497 -0.048899 0.010709
v -0.011810 -0.049953 0.009511
v -0.013618 -0.049265 0.010141
v -0.013659 -0.049391 -0.009511
v -0.013618 -0.049265 -0.010141
v -0.013497 -0.048899 -0.010709
v -0.013308 -0.048329 -0.011160
v -0.013071 -0.047611 -0.011449
v -0.012808 -0.046815 -0.011549
v -0.014495 -0.046211 0.011549
v -0.014797 -0.046993 0.011449
v -0.015069 -0.047699 0.011160
v -0.015285 -0.048259 0.010709
v -0.013659 -0.049391 0.009511
v -0.015424 -0.048619 0.010141
v -0.015472 -0.048743 -0.009511
v -0.015424 -0.048619 -0.010141
v -0.015285 -0.048259 -0.010709
v -0.015069 -0.047699 -0.011160
v -0.014797 -0.046993 -0.011449
v -0.014495 -0.046211 -0.011549
v -0.016147 -0.045527 0.011549
v -0.016487 -0.046293 0.011449
v -0.016793 -0.046985 0.011160
v -0.017037 -0.047534 0.010709
v -0.015472 -0.048743 0.009511
v -0.017193 -0.047886 0.010141
v -0.017247 -0.048008 -0.009511
v -0.017193 -0.047886 -0.010141
v -0.017037 -0.047534 -0.010709
v -0.016793 -0.046985 -0.011160
v -0.016487 -0.046293 -0.011449
v -0.016147 -0.045527 -0.011549
v -0.018140 -0.045511 0.011449
v -0.018481 -0.046187 0.011160
v -0.018751 -0.046723 0.010709
v -0.018924 -0.047067 0.010141
v -0.018984 -0.047186 0.009511
v -0.017247 -0.048008 0.009511
v -0.018984 -0.047186 -0.009511
v -0.018924 -0.047067 -0.010141
v -0.018751 -0.046723 -0.010709
v -0.018481 -0.046187 -0.011160
v -0.018140 -0.045511 -0.011449
v -0.019757 -0.044647 0.011449
v -0.017763 -0.044762 0.011549
v -0.020130 -0.045305 0.011160
v -0.020426 -0.045827 0.010709
v -0.020616 -0.046163 0.010141
v -0.020681 -0.046278 0.009511
v -0.020681 -0.046278 -0.009511
v -0.020616 -0.046163 -0.010141
v -0.020426 -0.045827 -0.010709
v -0.020130 -0.045305 -0.011160
v -0.017763 -0.044762 -0.011549
v -0.019757 -0.044647 -0.011449
v -0.020889 -0.042991 0.011549
v -0.019344 -0.043917 0.011549
v -0.021338 -0.043700 0.011449
v -0.021742 -0.044339 0.011160
v -0.022063 -0.044846 0.010709
v -0.022270 -0.045172 0.010141
v -0.022341 -0.045284 -0.009511
v -0.022270 -0.045172 -0.010141
v -0.022063 -0.044846 -0.010709
v -0.021742 -0.044339 -0.011160
v -0.021338 -0.043700 -0.011449
v -0.020889 -0.042991 -0.011549
v -0.019344 -0.043917 -0.011549
v -0.022389 -0.041990 0.011549
v -0.022872 -0.042675 0.011449
v -0.023308 -0.043293 0.011160
v -0.023654 -0.043784 0.010709
v -0.022341 -0.045284 0.009511
v -0.023876 -0.044099 0.010141
v -0.023953 -0.044207 -0.009511
v -0.023876 -0.044099 -0.010141
v -0.023654 -0.043784 -0.010709
v -0.023308 -0.043293 -0.011160
v -0.022872 -0.042675 -0.011449
v -0.022389 -0.041990 -0.011549
v -0.023834 -0.040916 0.011549
v -0.024351 -0.041576 0.011449
v -0.024817 -0.042171 0.011160
v -0.025187 -0.042644 0.010709
v -0.025507 -0.043052 0.009511
v -0.023953 -0.044207 0.009511
v -0.025507 -0.043052 -0.009511
v -0.025187 -0.042644 -0.010709
v -0.024817 -0.042171 -0.011160
v -0.024351 -0.041576 -0.011449
v -0.023834 -0.040916 -0.011549
v -0.025773 -0.040403 0.011449
v -0.026269 -0.040974 0.011160
v -0.026662 -0.041428 0.010709
v -0.026915 -0.041719 0.010141
v -0.025425 -0.042947 0.010141
v -0.027002 -0.041819 0.009511
v -0.027002 -0.041819 -0.009511
v -0.025425 -0.042947 -0.010141
v -0.026915 -0.041719 -0.010141
v -0.026662 -0.041428 -0.010709
v -0.026269 -0.040974 -0.011160
v -0.025773 -0.040403 -0.011449
v -0.027138 -0.039157 0.011449
v -0.025223 -0.039770 0.011549
v -0.027662 -0.039702 0.011160
v -0.028077 -0.040136 0.010709
v -0.028344 -0.040414 0.010141
v -0.028436 -0.040509 0.009511
v -0.028436 -0.040509 -0.009511
v -0.028344 -0.040414 -0.010141
v -0.028077 -0.040136 -0.010709
v -0.027662 -0.039702 -0.011160
v -0.025223 -0.039770 -0.011549
v -0.027138 -0.039157 -0.011449
v -0.028446 -0.037837 0.011449
v -0.026557 -0.038552 0.011549
v -0.028996 -0.038356 0.011160
v -0.029433 -0.038768 0.010709
v -0.029713 -0.039033 0.010141
v -0.029810 -0.039124 0.009511
v -0.029810 -0.039124 -0.009511
v -0.029713 -0.039033 -0.010141
v -0.029433 -0.038768 -0.010709
v -0.028996 -0.038356 -0.011160
v -0.026557 -0.038552 -0.011549
v -0.028446 -0.037837 -0.011449
v -0.029697 -0.036444 0.011449
v -0.027836 -0.037261 0.011549
v -0.030272 -0.036936 0.011160
v -0.030728 -0.037327 0.010709
v -0.031021 -0.037577 0.010141
v -0.031122 -0.037663 0.009511
v -0.031122 -0.037663 -0.009511
v -0.031021 -0.037577 -0.010141
v -0.030728 -0.037327 -0.010709
v -0.030272 -0.036936 -0.011160
v -0.027836 -0.037261 -0.011549
v -0.029697 -0.036444 -0.011449
v -0.030891 -0.034979 0.011449
v -0.029060 -0.035899 0.011549
v -0.031488 -0.035443 0.011160
v -0.031962 -0.035811 0.010709
v -0.032267 -0.036047 0.010141
v -0.032372 -0.036129 0.009511
v -0.032372 -0.036129 -0.009511
v -0.032267 -0.036047 -0.010141
v -0.031962 -0.035811 -0.010709
v -0.031488 -0.035443 -0.011160
v -0.029060 -0.035899 -0.011549
v -0.030891 -0.034979 -0.011449
v -0.032027 -0.033441 0.011449
v -0.030228 -0.034465 0.011549
v -0.032646 -0.033877 0.011160
v -0.033136 -0.034223 0.010709
v -0.033452 -0.034444 0.010141
v -0.033560 -0.034521 0.009511
v -0.033560 -0.034521 -0.009511
v -0.033452 -0.034444 -0.010141
v -0.033136 -0.034223 -0.010709
v -0.032646 -0.033877 -0.011160
v -0.030228 -0.034465 -0.011549
v -0.032027 -0.033441 -0.011449
v -0.033106 -0.031831 0.011449
v -0.031341 -0.032959 0.011549
v -0.033744 -0.032239 0.011160
v -0.034250 -0.032562 0.010709
v -0.034575 -0.032769 0.010141
v -0.034687 -0.032841 0.009511
v -0.034687 -0.032841 -0.009511
v -0.034575 -0.032769 -0.010141
v -0.034250 -0.032562 -0.010709
v -0.033744 -0.032239 -0.011160
v -0.031341 -0.032959 -0.011549
v -0.033106 -0.031831 -0.011449
v -0.034128 -0.030150 0.011449
v -0.032399 -0.031380 0.011549
v -0.034783 -0.030528 0.011160
v -0.035302 -0.030829 0.010709
v -0.035636 -0.031022 0.010141
v -0.035751 -0.031089 0.009511
v -0.035751 -0.031089 -0.009511
v -0.035636 -0.031022 -0.010141
v -0.035302 -0.030829 -0.010709
v -0.034783 -0.030528 -0.011160
v -0.032399 -0.031380 -0.011549
v -0.034128 -0.030150 -0.011449
v -0.035093 -0.028396 0.011449
v -0.033402 -0.029730 0.011549
v -0.035763 -0.028747 0.011160
v -0.036295 -0.029025 0.010709
v -0.036636 -0.029204 0.010141
v -0.036754 -0.029266 0.009511
v -0.036754 -0.029266 -0.009511
v -0.036636 -0.029204 -0.010141
v -0.036295 -0.029025 -0.010709
v -0.035763 -0.028747 -0.011160
v -0.033402 -0.029730 -0.011549
v -0.035093 -0.028396 -0.011449
v -0.035242 -0.026213 0.011549
v -0.034350 -0.028007 0.011549
v -0.036001 -0.026570 0.011449
v -0.036685 -0.026892 0.011160
v -0.037228 -0.027148 0.010709
v -0.037577 -0.027313 0.010141
v -0.037697 -0.027369 -0.009511
v -0.037577 -0.027313 -0.010141
v -0.037228 -0.027148 -0.010709
v -0.036685 -0.026892 -0.011160
v -0.036001 -0.026570 -0.011449
v -0.035242 -0.026213 -0.011549
v -0.034350 -0.028007 -0.011549
v -0.036071 -0.024353 0.011549
v -0.036844 -0.024677 0.011449
v -0.037542 -0.024970 0.011160
v -0.038095 -0.025202 0.010709
v -0.037697 -0.027369 0.009511
v -0.038451 -0.025351 0.010141
v -0.038573 -0.025403 -0.009511
v -0.038451 -0.025351 -0.010141
v -0.038095 -0.025202 -0.010709
v -0.037542 -0.024970 -0.011160
v -0.036844 -0.024677 -0.011449
v -0.036071 -0.024353 -0.011549
v -0.037614 -0.022724 0.011449
v -0.038323 -0.022987 0.011160
v -0.038886 -0.023195 0.010709
v -0.039248 -0.023329 0.010141
v -0.039372 -0.023375 0.009511
v -0.038573 -0.025403 0.009511
v -0.039372 -0.023375 -0.009511
v -0.039248 -0.023329 -0.010141
v -0.038886 -0.023195 -0.010709
v -0.038323 -0.022987 -0.011160
v -0.037614 -0.022724 -0.011449
v -0.038310 -0.020713 0.011449
v -0.036828 -0.022433 0.011549
v -0.039030 -0.020946 0.011160
v -0.039601 -0.021131 0.010709
v -0.039968 -0.021249 0.010141
v -0.040094 -0.021290 0.009511
v -0.040094 -0.021290 -0.009511
v -0.039968 -0.021249 -0.010141
v -0.039601 -0.021131 -0.010709
v -0.039030 -0.020946 -0.011160
v -0.036828 -0.022433 -0.011549
v -0.038310 -0.020713 -0.011449
v -0.038932 -0.018644 0.011449
v -0.037512 -0.020455 0.011549
v -0.039661 -0.018847 0.011160
v -0.040239 -0.019009 0.010709
v -0.040610 -0.019112 0.010141
v -0.040738 -0.019148 0.009511
v -0.040738 -0.019148 -0.009511
v -0.040610 -0.019112 -0.010141
v -0.040239 -0.019009 -0.010709
v -0.039661 -0.018847 -0.011160
v -0.037512 -0.020455 -0.011549
v -0.038932 -0.018644 -0.011449
v -0.039481 -0.016516 0.011449
v -0.038125 -0.018418 0.011549
v -0.040217 -0.016691 0.011160
v -0.040801 -0.016830 0.010709
v -0.041176 -0.016919 0.010141
v -0.041305 -0.016950 0.009511
v -0.041305 -0.016950 -0.009511
v -0.041176 -0.016919 -0.010141
v -0.040801 -0.016830 -0.010709
v -0.040217 -0.016691 -0.011160
v -0.038125 -0.018418 -0.011549
v -0.039481 -0.016516 -0.011449
v -0.039956 -0.014331 0.011449
v -0.038665 -0.016323 0.011549
v -0.040698 -0.014478 0.011160
v -0.041287 -0.014594 0.010709
v -0.041665 -0.014669 0.010141
v -0.041795 -0.014695 0.009511
v -0.041795 -0.014695 -0.009511
v -0.041665 -0.014669 -0.010141
v -0.041287 -0.014594 -0.010709
v -0.040698 -0.014478 -0.011160
v -0.038665 -0.016323 -0.011549
v -0.039956 -0.014331 -0.011449
v -0.040358 -0.012087 0.011449
v -0.039134 -0.014168 0.011549
v -0.041105 -0.012207 0.011160
v -0.041697 -0.012302 0.010709
v -0.042078 -0.012363 0.010141
v -0.042209 -0.012385 0.009511
v -0.042209 -0.012385 -0.009511
v -0.042078 -0.012363 -0.010141
v -0.041697 -0.012302 -0.010709
v -0.041105 -0.012207 -0.011160
v -0.039134 -0.014168 -0.011549
v -0.040358 -0.012087 -0.011449
v -0.040686 -0.009785 0.011449
v -0.039530 -0.011954 0.011549
v -0.041437 -0.009879 0.011160
v -0.042032 -0.009954 0.010709
v -0.042415 -0.010002 0.010141
v -0.042547 -0.010019 0.009511
v -0.042547 -0.010019 -0.009511
v -0.042415 -0.010002 -0.010141
v -0.042032 -0.009954 -0.010709
v -0.041437 -0.009879 -0.011160
v -0.039530 -0.011954 -0.011549
v -0.040686 -0.009785 -0.011449
v -0.040941 -0.007426 0.011449
v -0.039854 -0.009681 0.011549
v -0.041695 -0.007495 0.011160
v -0.042292 -0.007550 0.010709
v -0.042676 -0.007585 0.010141
v -0.042808 -0.007597 0.009511
v -0.042808 -0.007597 -0.009511
v -0.042676 -0.007585 -0.010141
v -0.042292 -0.007550 -0.010709
v -0.041695 -0.007495 -0.011160
v -0.039854 -0.009681 -0.011549
v -0.040941 -0.007426 -0.011449
v -0.041124 -0.005008 0.011449
v -0.040107 -0.007349 0.011549
v -0.041879 -0.005053 0.011160
v -0.042478 -0.005089 0.010709
v -0.042863 -0.005112 0.010141
v -0.042995 -0.005120 0.009511
v -0.042995 -0.005120 -0.009511
v -0.042863 -0.005112 -0.010141
v -0.042478 -0.005089 -0.010709
v -0.041879 -0.005053 -0.011160
v -0.040107 -0.007349 -0.011549
v -0.041124 -0.005008 -0.011449
v -0.041233 -0.002533 0.011449
v -0.040287 -0.004958 0.011549
v -0.041989 -0.002555 0.011160
v -0.042589 -0.002573 0.010709
v -0.042974 -0.002584 0.010141
v -0.043107 -0.002588 0.009511
v -0.043107 -0.002588 -0.009511
v -0.042974 -0.002584 -0.010141
v -0.042589 -0.002573 -0.010709
v -0.041989 -0.002555 -0.011160
v -0.040287 -0.004958 -0.011549
v -0.041233 -0.002533 -0.011449
v -0.041269 -0.000000 0.011449
v -0.040395 -0.002509 0.011549
v -0.042026 -0.000000 0.011160
v -0.042626 -0.000000 0.010709
v -0.043011 -0.000000 0.010141
v -0.043144 -0.000000 0.009511
v -0.043144 -0.000000 -0.009511
v -0.043011 -0.000000 -0.010141
v -0.042626 -0.000000 -0.010709
v -0.042026 -0.000000 -0.011160
v -0.040395 -0.002509 -0.011549
v -0.041269 -0.000000 -0.011449
v -0.040395 0.002509 0.011549
v -0.040431 -0.000000 0.011549
v -0.041233 0.002533 0.011449
v -0.041989 0.002555 0.011160
v -0.042589 0.002573 0.010709
v -0.042974 0.002584 0.010141
v -0.043107 0.002588 -0.009511
v -0.042974 0.002584 -0.010141
v -0.042589 0.002573 -0.010709
v -0.041989 0.002555 -0.011160
v -0.041233 0.002533 -0.011449
v -0.040395 0.002509 -0.011549
v -0.040431 -0.000000 -0.011549
v -0.040287 0.004958 0.011549
v -0.041124 0.005008 0.011449
v -0.041879 0.005053 0.011160
v -0.042478 0.005089 0.010709
v -0.043107 0.002588 0.009511
v -0.042863 0.005112 0.010141
v -0.042995 0.005120 -0.009511
v -0.042863 0.005112 -0.010141
v -0.042478 0.005089 -0.010709
v -0.041879 0.005053 -0.011160
v -0.041124 0.005008 -0.011449
v -0.040287 0.004958 -0.011549
v -0.040107 0.007349 0.011549
v -0.040941 0.007426 0.011449
v -0.041695 0.007495 0.011160
v -0.042292 0.007550 0.010709
v -0.042995 0.005120 0.009511
v -0.042676 0.007585 0.010141
v -0.042808 0.007597 -0.009511
v -0.042676 0.007585 -0.010141
v -0.042292 0.007550 -0.010709
v -0.041695 0.007495 -0.011160
v -0.040941 0.007426 -0.011449
v -0.040107 0.007349 -0.011549
v -0.039854 0.009681 0.011549
v -0.040686 0.009785 0.011449
v -0.041437 0.009879 0.011160
v -0.042032 0.009954 0.010709
v -0.042808 0.007597 0.009511
v -0.042415 0.010002 0.010141
v -0.042547 0.010018 0.009511
v -0.042415 0.010002 -0.010141
v -0.042032 0.009954 -0.010709
v -0.041437 0.009879 -0.011160
v -0.040686 0.009785 -0.011449
v -0.039854 0.009681 -0.011549
v -0.039530 0.011954 0.011549
v -0.040358 0.012087 0.011449
v -0.041105 0.012207 0.011160
v -0.041697 0.012302 0.010709
v -0.042078 0.012363 0.010141
v -0.042209 0.012385 -0.009511
v -0.042547 0.010018 -0.009511
v -0.042078 0.012363 -0.010141
v -0.041697 0.012302 -0.010709
v -0.041105 0.012207 -0.011160
v -0.040358 0.012087 -0.011449
v -0.039530 0.011954 -0.011549
v -0.039134 0.014168 0.011549
v -0.039956 0.014331 0.011449
v -0.040698 0.014478 0.011160
v -0.041287 0.014594 0.010709
v -0.042209 0.012385 0.009511
v -0.041665 0.014669 0.010141
v -0.041795 0.014695 -0.009511
v -0.041665 0.014669 -0.010141
v -0.041287 0.014594 -0.010709
v -0.040698 0.014478 -0.011160
v -0.039956 0.014331 -0.011449
v -0.039134 0.014168 -0.011549
v -0.038665 0.016323 0.011549
v -0.039481 0.016516 0.011449
v -0.040217 0.016691 0.011160
v -0.040801 0.016830 0.010709
v -0.041795 0.014695 0.009511
v -0.041176 0.016919 0.010141
v -0.041305 0.016950 0.009511
v -0.041176 0.016919 -0.010141
v -0.040801 0.016830 -0.010709
v -0.040217 0.016691 -0.011160
v -0.039481 0.016516 -0.011449
v -0.038665 0.016323 -0.011549
v -0.038125 0.018418 0.011549
v -0.038932 0.018644 0.011449
v -0.039661 0.018847 0.011160
v -0.040239 0.019009 0.010709
v -0.040610 0.019112 0.010141
v -0.040738 0.019148 -0.009511
v -0.041305 0.016950 -0.009511
v -0.040610 0.019112 -0.010141
v -0.040239 0.019009 -0.010709
v -0.039661 0.018847 -0.011160
v -0.038932 0.018644 -0.011449
v -0.038125 0.018418 -0.011549
v -0.037512 0.020455 0.011549
v -0.038310 0.020713 0.011449
v -0.039030 0.020946 0.011160
v -0.039601 0.021131 0.010709
v -0.040738 0.019148 0.009511
v -0.039968 0.021249 0.010141
v -0.040094 0.021290 -0.009511
v -0.039968 0.021249 -0.010141
v -0.039601 0.021131 -0.010709
v -0.039030 0.020946 -0.011160
v -0.038310 0.020713 -0.011449
v -0.037512 0.020455 -0.011549
v -0.036828 0.022433 0.011549
v -0.037614 0.022724 0.011449
v -0.038323 0.022987 0.011160
v -0.038886 0.023195 0.010709
v -0.040094 0.021290 0.009511
v -0.039248 0.023329 0.010141
v -0.039372 0.023375 -0.009511
v -0.039248 0.023329 -0.010141
v -0.038886 0.023195 -0.010709
v -0.038323 0.022987 -0.011160
v -0.037614 0.022724 -0.011449
v -0.036828 0.022433 -0.011549
v -0.036071 0.024353 0.011549
v -0.036844 0.024677 0.011449
v -0.037542 0.024970 0.011160
v -0.038095 0.025202 0.010709
v -0.039372 0.023375 0.009511
v -0.038451 0.025351 0.010141
v -0.038573 0.025403 -0.009511
v -0.038451 0.025351 -0.010141
v -0.038095 0.025202 -0.010709
v -0.037542 0.024970 -0.011160
v -0.036844 0.024677 -0.011449
v -0.036071 0.024353 -0.011549
v -0.036001 0.026570 0.011449
v -0.036685 0.026892 0.011160
v -0.037228 0.027148 0.010709
v -0.037577 0.027313 0.010141
v -0.037697 0.027369 0.009511
v -0.038573 0.025403 0.009511
v -0.037697 0.027369 -0.009511
v -0.037577 0.027313 -0.010141
v -0.037228 0.027148 -0.010709
v -0.036685 0.026892 -0.011160
v -0.036001 0.026570 -0.011449
v -0.035093 0.028396 0.011449
v -0.035242 0.026213 0.011549
v -0.035763 0.028747 0.011160
v -0.036295 0.029025 0.010709
v -0.036636 0.029204 0.010141
v -0.036754 0.029266 0.009511
v -0.036754 0.029266 -0.009511
v -0.036636 0.029204 -0.010141
v -0.036295 0.029025 -0.010709
v -0.035763 0.028747 -0.011160
v -0.035242 0.026213 -0.011549
v -0.035093 0.028396 -0.011449
v -0.033402 0.029730 0.011549
v -0.034350 0.028007 0.011549
v -0.034128 0.030150 0.011449
v -0.034783 0.030528 0.011160
v -0.035302 0.030829 0.010709
v -0.035636 0.031022 0.010141
v -0.035751 0.031089 -0.009511
v -0.035636 0.031022 -0.010141
v -0.035302 0.030829 -0.010709
v -0.034783 0.030528 -0.011160
v -0.034128 0.030150 -0.011449
v -0.033402 0.029730 -0.011549
v -0.034350 0.028007 -0.011549
v -0.032399 0.031380 0.011549
v -0.033106 0.031831 0.011449
v -0.033744 0.032239 0.011160
v -0.034250 0.032562 0.010709
v -0.035751 0.031089 0.009511
v -0.034575 0.032769 0.010141
v -0.034687 0.032841 -0.009511
v -0.034575 0.032769 -0.010141
v -0.034250 0.032562 -0.010709
v -0.033744 0.032239 -0.011160
v -0.033106 0.031831 -0.011449
v -0.032399 0.031380 -0.011549
v -0.031341 0.032959 0.011549
v -0.032027 0.033441 0.011449
v -0.032646 0.033877 0.011160
v -0.033136 0.034223 0.010709
v -0.034687 0.032841 0.009511
v -0.033452 0.034444 0.010141
v -0.033560 0.034521 -0.009511
v -0.033452 0.034444 -0.010141
v -0.033136 0.034223 -0.010709
v -0.032646 0.033877 -0.011160
v -0.032027 0.033441 -0.011449
v -0.031341 0.032959 -0.011549
v -0.030228 0.034465 0.011549
v -0.030891 0.034979 0.011449
v -0.031488 0.035443 0.011160
v -0.031962 0.035811 0.010709
v -0.033560 0.034521 0.009511
v -0.032267 0.036047 0.010141
v -0.032372 0.036129 -0.009511
v -0.032267 0.036047 -0.010141
v -0.031962 0.035811 -0.010709
v -0.031488 0.035443 -0.011160
v -0.030891 0.034979 -0.011449
v -0.030228 0.034465 -0.011549
v -0.029060 0.035899 0.011549
v -0.029697 0.036444 0.011449
v -0.030272 0.036936 0.011160
v -0.030728 0.037326 0.010709
v -0.032372 0.036129 0.009511
v -0.031021 0.037577 0.010141
v -0.031122 0.037663 -0.009511
v -0.031021 0.037577 -0.010141
v -0.030728 0.037326 -0.010709
v -0.030272 0.036936 -0.011160
v -0.029697 0.036444 -0.011449
v -0.029060 0.035899 -0.011549
v -0.027836 0.037261 0.011549
v -0.028446 0.037837 0.011449
v -0.028996 0.038356 0.011160
v -0.029433 0.038768 0.010709
v -0.031122 0.037663 0.009511
v -0.029713 0.039033 0.010141
v -0.029810 0.039124 -0.009511
v -0.029713 0.039033 -0.010141
v -0.029433 0.038768 -0.010709
v -0.028996 0.038356 -0.011160
v -0.028446 0.037837 -0.011449
v -0.027836 0.037261 -0.011549
v -0.026557 0.038552 0.011549
v -0.027138 0.039157 0.011449
v -0.027662 0.039702 0.011160
v -0.028077 0.040135 0.010709
v -0.029810 0.039124 0.009511
v -0.028344 0.040414 0.010141
v -0.028436 0.040509 -0.009511
v -0.028344 0.040414 -0.010141
v -0.028077 0.040135 -0.010709
v -0.027662 0.039702 -0.011160
v -0.027138 0.039157 -0.011449
v -0.026557 0.038552 -0.011549
v -0.025223 0.039770 0.011549
v -0.025773 0.040403 0.011449
v -0.026269 0.040974 0.011160
v -0.026662 0.041428 0.010709
v -0.028436 0.040509 0.009511
v -0.026915 0.041719 0.010141
v -0.027002 0.041819 -0.009511
v -0.026915 0.041719 -0.010141
v -0.026662 0.041428 -0.010709
v -0.026269 0.040974 -0.011160
v -0.025773 0.040403 -0.011449
v -0.025223 0.039770 -0.011549
v -0.023834 0.040916 0.011549
v -0.024351 0.041576 0.011449
v -0.024817 0.042171 0.011160
v -0.025187 0.042644 0.010709
v -0.027002 0.041819 0.009511
v -0.025425 0.042947 0.010141
v -0.025507 0.043052 -0.009511
v -0.025425 0.042947 -0.010141
v -0.025187 0.042644 -0.010709
v -0.024817 0.042171 -0.011160
v -0.024351 0.041576 -0.011449
v -0.023834 0.040916 -0.011549
v -0.022872 0.042675 0.011449
v -0.023308 0.043293 0.011160
v -0.023654 0.043784 0.010709
v -0.023876 0.044099 0.010141
v -0.023953 0.044207 0.009511
v -0.025507 0.043052 0.009511
v -0.023953 0.044207 -0.009511
v -0.023876 0.044099 -0.010141
v -0.023654 0.043784 -0.010709
v -0.023308 0.043293 -0.011160
v -0.022872 0.042675 -0.011449
v -0.021338 0.043700 0.011449
v -0.022389 0.041990 0.011549
v -0.021742 0.044339 0.011160
v -0.022063 0.044846 0.010709
v -0.022270 0.045172 0.010141
v -0.022341 0.045284 0.009511
v -0.022341 0.045284 -0.009511
v -0.022270 0.045172 -0.010141
v -0.022063 0.044846 -0.010709
v -0.021742 0.044339 -0.011160
v -0.022389 0.041990 -0.011549
v -0.021338 0.043700 -0.011449
v -0.019757 0.044647 0.011449
v -0.020889 0.042991 0.011549
v -0.020130 0.045305 0.011160
v -0.020426 0.045827 0.010709
v -0.020616 0.046163 0.010141
v -0.020681 0.046278 0.009511
v -0.020681 0.046278 -0.009511
v -0.020616 0.046163 -0.010141
v -0.020426 0.045827 -0.010709
v -0.020130 0.045305 -0.011160
v -0.020889 0.042991 -0.011549
v -0.019757 0.044647 -0.011449
v -0.017763 0.044762 0.011549
v -0.019344 0.043917 0.011549
v -0.018140 0.045511 0.011449
v -0.018481 0.046187 0.011160
v -0.018751 0.046723 0.010709
v -0.018924 0.047067 0.010141
v -0.018984 0.047186 -0.009511
v -0.018924 0.047067 -0.010141
v -0.018751 0.046723 -0.010709
v -0.018481 0.046187 -0.011160
v -0.018140 0.045511 -0.011449
v -0.017763 0.044762 -0.011549
v -0.019344 0.043917 -0.011549
v -0.016147 0.045527 0.011549
v -0.016487 0.046293 0.011449
v -0.016793 0.046985 0.011160
v -0.017037 0.047534 0.010709
v -0.018984 0.047186 0.009511
v -0.017193 0.047886 0.010141
v -0.017247 0.048008 -0.009511
v -0.017193 0.047886 -0.010141
v -0.017037 0.047534 -0.010709
v -0.016793 0.046985 -0.011160
v -0.016487 0.046293 -0.011449
v -0.016147 0.045527 -0.011549
v -0.014797 0.046993 0.011449
v -0.015069 0.047699 0.011160
v -0.015285 0.048259 0.010709
v -0.015424 0.048619 0.010141
v -0.015472 0.048743 0.009511
v -0.017247 0.048008 0.009511
v -0.015472 0.048743 -0.009511
v -0.015424 0.048619 -0.010141
v -0.015285 0.048259 -0.010709
v -0.015069 0.047699 -0.011160
v -0.014797 0.046993 -0.011449
v -0.013071 0.047611 0.011449
v -0.014495 0.046211 0.011549
v -0.013308 0.048329 0.011160
v -0.013497 0.048899 0.010709
v -0.013618 0.049265 0.010141
v -0.013659 0.049391 0.009511
v -0.013659 0.049391 -0.009511
v -0.013618 0.049265 -0.010141
v -0.013497 0.048899 -0.010709
v -0.013308 0.048329 -0.011160
v -0.014495 0.046211 -0.011549
v -0.013071 0.047611 -0.011449
v -0.011309 0.048146 0.011449
v -0.012808 0.046815 0.011549
v -0.011511 0.048875 0.011160
v -0.011672 0.049453 0.010709
v -0.011775 0.049825 0.010141
v -0.011810 0.049953 0.009511
v -0.011810 0.049953 -0.009511
v -0.011775 0.049825 -0.010141
v -0.011672 0.049453 -0.010709
v -0.011511 0.048875 -0.011160
v -0.012808 0.046815 -0.011549
v -0.011309 0.048146 -0.011449
v -0.009512 0.048598 0.011449
v -0.011085 0.047338 0.011549
v -0.009679 0.049336 0.011160
v -0.009812 0.049922 0.010709
v -0.009897 0.050297 0.010141
v -0.009926 0.050427 0.009511
v -0.009926 0.050427 -0.009511
v -0.009897 0.050297 -0.010141
v -0.009812 0.049922 -0.010709
v -0.009679 0.049336 -0.011160
v -0.011085 0.047338 -0.011549
v -0.009512 0.048598 -0.011449
v -0.007679 0.048968 0.011449
v -0.009326 0.047780 0.011549
v -0.007811 0.049713 0.011160
v -0.007916 0.050304 0.010709
v -0.007984 0.050684 0.010141
v -0.008007 0.050814 0.009511
v -0.008007 0.050814 -0.009511
v -0.007984 0.050684 -0.010141
v -0.007916 0.050304 -0.010709
v -0.007811 0.049713 -0.011160
v -0.009326 0.047780 -0.011549
v -0.007679 0.048968 -0.011449
v -0.005811 0.049256 0.011449
v -0.007532 0.048143 0.011549
v -0.005909 0.050006 0.011160
v -0.005987 0.050601 0.010709
v -0.006037 0.050983 0.010141
v -0.006055 0.051115 0.009511
v -0.006055 0.051115 -0.009511
v -0.006037 0.050983 -0.010141
v -0.005987 0.050601 -0.010709
v -0.005909 0.050006 -0.011160
v -0.007532 0.048143 -0.011549
v -0.005811 0.049256 -0.011449
v -0.003909 0.049461 0.011449
v -0.005702 0.048424 0.011549
v -0.003973 0.050215 0.011160
v -0.004025 0.050813 0.010709
v -0.004057 0.051197 0.010141
v -0.004069 0.051329 0.009511
v -0.004069 0.051329 -0.009511
v -0.004057 0.051197 -0.010141
v -0.004025 0.050813 -0.010709
v -0.003973 0.050215 -0.011160
v -0.005702 0.048424 -0.011549
v -0.003909 0.049461 -0.011449
v -0.001972 0.049584 0.011449
v -0.003837 0.048626 0.011549
v -0.002004 0.050340 0.011160
v -0.002029 0.050940 0.010709
v -0.002045 0.051325 0.010141
v -0.002051 0.051457 0.009511
v -0.002051 0.051457 -0.009511
v -0.002045 0.051325 -0.010141
v -0.002029 0.050940 -0.010709
v -0.002004 0.050340 -0.011160
v -0.003837 0.048626 -0.011549
v -0.001972 0.049584 -0.011449
v 0.000000 0.049625 0.011449
v -0.001936 0.048746 0.011549
v 0.000000 0.050381 0.011160
v 0.000000 0.050982 0.010709
v 0.000000 0.051367 0.010141
v 0.000000 0.051500 0.009511
v 0.000000 0.051500 -0.009511
v 0.000000 0.051367 -0.010141
v 0.000000 0.050982 -0.010709
v 0.000000 0.050381 -0.011160
v -0.001936 0.048746 -0.011549
v 0.000000 0.049625 -0.011449
v 0.001936 0.048746 0.011549
v 0.000000 0.048787 0.011549
v 0.001972 0.049584 0.011449
v 0.002004 0.050340 0.011160
v 0.002029 0.050940 0.010709
v 0.002045 0.051325 0.010141
v 0.002051 0.051457 -0.009511
v 0.002045 0.051325 -0.010141
v 0.002029 0.050940 -0.010709
v 0.002004 0.050340 -0.011160
v 0.001972 0.049584 -0.011449
v 0.001936 0.048746 -0.011549
v 0.000000 0.048787 -0.011549
v 0.003837 0.048626 0.011549
v 0.003909 0.049461 0.011449
v 0.003973 0.050215 0.011160
v 0.004025 0.050813 0.010709
v 0.002051 0.051457 0.009511
v 0.004057 0.051197 0.010141
v 0.004069 0.051329 -0.009511
v 0.004057 0.051197 -0.010141
v 0.004025 0.050813 -0.010709
v 0.003973 0.050215 -0.011160
v 0.003909 0.049461 -0.011449
v 0.003837 0.048626 -0.011549
v 0.005702 0.048424 0.011549
v 0.005811 0.049256 0.011449
v 0.005909 0.050006 0.011160
v 0.005987 0.050601 0.010709
v 0.004069 0.051329 0.009511
v 0.006037 0.050983 0.010141
v 0.006055 0.051115 -0.009511
v 0.006037 0.050983 -0.010141
v 0.005987 0.050601 -0.010709
v 0.005909 0.050006 -0.011160
v 0.005811 0.049256 -0.011449
v 0.005702 0.048424 -0.011549
v 0.007532 0.048143 0.011549
v 0.007679 0.048968 0.011449
v 0.007811 0.049713 0.011160
v 0.007916 0.050304 0.010709
v 0.006055 0.051115 0.009511
v 0.007984 0.050684 0.010141
v 0.008007 0.050814 -0.009511
v 0.007984 0.050684 -0.010141
v 0.007916 0.050304 -0.010709
v 0.007811 0.049713 -0.011160
v 0.007679 0.048968 -0.011449
v 0.007532 0.048143 -0.011549
v 0.009326 0.047780 0.011549
v 0.009512 0.048598 0.011449
v 0.009679 0.049336 0.011160
v 0.009812 0.049922 0.010709
v 0.008007 0.050814 0.009511
v 0.009897 0.050297 0.010141
v 0.009926 0.050427 -0.009511
v 0.009897 0.050297 -0.010141
v 0.009812 0.049922 -0.010709
v 0.009679 0.049336 -0.011160
v 0.009512 0.048598 -0.011449
v 0.009326 0.047780 -0.011549
v 0.011085 0.047338 0.011549
v 0.011309 0.048146 0.011449
v 0.011511 0.048875 0.011160
v 0.011672 0.049453 0.010709
v 0.009926 0.050427 0.009511
v 0.011775 0.049825 0.010141
v 0.011810 0.049953 -0.009511
v 0.011775 0.049825 -0.010141
v 0.011672 0.049453 -0.010709
v 0.011511 0.048875 -0.011160
v 0.011309 0.048146 -0.011449
v 0.011085 0.047338 -0.011549
v 0.012808 0.046815 0.011549
v 0.013071 0.047611 0.011449
v 0.013308 0.048329 0.011160
v 0.013497 0.048899 0.010709
v 0.011810 0.049953 0.009511
v 0.013618 0.049265 0.010141
v 0.013659 0.049391 -0.009511
v 0.013618 0.049265 -0.010141
v 0.013497 0.048899 -0.010709
v 0.013308 0.048329 -0.011160
v 0.013071 0.047611 -0.011449
v 0.012808 0.046815 -0.011549
v 0.014495 0.046211 0.011549
v 0.014797 0.046993 0.011449
v 0.015069 0.047699 0.011160
v 0.015285 0.048259 0.010709
v 0.013659 0.049391 0.009511
v 0.015424 0.048619 0.010141
v 0.015472 0.048743 -0.009511
v 0.015424 0.048619 -0.010141
v 0.015285 0.048259 -0.010709
v 0.015069 0.047699 -0.011160
v 0.014797 0.046993 -0.011449
v 0.014495 0.046211 -0.011549
v 0.016147 0.045527 0.011549
v 0.016487 0.046293 0.011449
v 0.016793 0.046985 0.011160
v 0.017037 0.047534 0.010709
v 0.015472 0.048743 0.009511
v 0.017193 0.047886 0.010141
v 0.017247 0.048008 -0.009511
v 0.017193 0.047886 -0.010141
v 0.017037 0.047534 -0.010709
v 0.016793 0.046985 -0.011160
v 0.016487 0.046293 -0.011449
v 0.016147 0.045527 -0.011549
v 0.018140 0.045511 0.011449
v 0.018481 0.046187 0.011160
v 0.018751 0.046723 0.010709
v 0.018924 0.047067 0.010141
v 0.018984 0.047186 0.009511
v 0.017247 0.048008 0.009511
v 0.018984 0.047186 -0.009511
v 0.018924 0.047067 -0.010141
v 0.018751 0.046723 -0.010709
v 0.018481 0.046187 -0.011160
v 0.018140 0.045511 -0.011449
v 0.019757 0.044647 0.011449
v 0.017763 0.044762 0.011549
v 0.020130 0.045305 0.011160
v 0.020426 0.045827 0.010709
v 0.020616 0.046163 0.010141
v 0.020681 0.046278 0.009511
v 0.020681 0.046278 -0.009511
v 0.020616 0.046163 -0.010141
v 0.020426 0.045827 -0.010709
v 0.020130 0.045305 -0.011160
v 0.017763 0.044762 -0.011549
v 0.019757 0.044647 -0.011449
v 0.020889 0.042991 0.011549
v 0.019344 0.043917 0.011549
v 0.021338 0.043700 0.011449
v 0.021742 0.044339 0.011160
v 0.022063 0.044846 0.010709
v 0.022270 0.045172 0.010141
v 0.022341 0.045284 -0.009511
v 0.022270 0.045172 -0.010141
v 0.022063 0.044846 -0.010709
v 0.021742 0.044339 -0.011160
v 0.021338 0.043700 -0.011449
v 0.020889 0.042991 -0.011549
v 0.019344 0.043917 -0.011549
v 0.022389 0.041990 0.011549
v 0.022872 0.042675 0.011449
v 0.023308 0.043293 0.011160
v 0.023654 0.043784 0.010709
v 0.022341 0.045284 0.009511
v 0.023876 0.044099 0.010141
v 0.023953 0.044207 -0.009511
v 0.023876 0.044099 -0.010141
v 0.023654 0.043784 -0.010709
v 0.023308 0.043293 -0.011160
v 0.022872 0.042675 -0.011449
v 0.022389 0.041990 -0.011549
v 0.023834 0.040916 0.011549
v 0.024351 0.041576 0.011449
v 0.024817 0.042171 0.011160
v 0.025187 0.042644 0.010709
v 0.025507 0.043052 0.009511
v 0.023953 0.044207 0.009511
v 0.025507 0.043052 -0.009511
v 0.025187 0.042644 -0.010709
v 0.024817 0.042171 -0.011160
v 0.024351 0.041576 -0.011449
v 0.023834 0.040916 -0.011549
v 0.025773 0.040403 0.011449
v 0.026269 0.040974 0.011160
v 0.026662 0.041428 0.010709
v 0.026915 0.041719 0.010141
v 0.025425 0.042947 0.010141
v 0.027002 0.041819 0.009511
v 0.027002 0.041819 -0.009511
v 0.025425 0.042947 -0.010141
v 0.026915 0.041719 -0.010141
v 0.026662 0.041428 -0.010709
v 0.026269 0.040974 -0.011160
v 0.025773 0.040403 -0.011449
v 0.027138 0.039157 0.011449
v 0.025223 0.039770 0.011549
v 0.027662 0.039702 0.011160
v 0.028077 0.040135 0.010709
v 0.028344 0.040414 0.010141
v 0.028436 0.040509 0.009511
v 0.028436 0.040509 -0.009511
v 0.028344 0.040414 -0.010141
v 0.028077 0.040135 -0.010709
v 0.027662 0.039702 -0.011160
v 0.025223 0.039770 -0.011549
v 0.027138 0.039157 -0.011449
v 0.028446 0.037837 0.011449
v 0.026557 0.038552 0.011549
v 0.028996 0.038356 0.011160
v 0.029433 0.038768 0.010709
v 0.029713 0.039033 0.010141
v 0.029810 0.039124 0.009511
v 0.029810 0.039124 -0.009511
v 0.029713 0.039033 -0.010141
v 0.029433 0.038768 -0.010709
v 0.028996 0.038356 -0.011160
v 0.026557 0.038552 -0.011549
v 0.028446 0.037837 -0.011449
v 0.029697 0.036444 0.011449
v 0.027836 0.037261 0.011549
v 0.030272 0.036936 0.011160
v 0.030728 0.037326 0.010709
v 0.031021 0.037577 0.010141
v 0.031122 0.037663 0.009511
v 0.031122 0.037663 -0.009511
v 0.031021 0.037577 -0.010141
v 0.030728 0.037326 -0.010709
v 0.030272 0.036936 -0.011160
v 0.027836 0.037261 -0.011549
v 0.029697 0.036444 -0.011449
v 0.030891 0.034979 0.011449
v 0.029060 0.035899 0.011549
v 0.031488 0.035443 0.011160
v 0.031962 0.035811 0.010709
v 0.032267 0.036047 0.010141
v 0.032372 0.036129 0.009511
v 0.032372 0.036129 -0.009511
v 0.032267 0.036047 -0.010141
v 0.031962 0.035811 -0.010709
v 0.031488 0.035443 -0.011160
v 0.029060 0.035899 -0.011549
v 0.030891 0.034979 -0.011449
v 0.032027 0.033441 0.011449
v 0.030228 0.034465 0.011549
v 0.032646 0.033877 0.011160
v 0.033136 0.034223 0.010709
v 0.033452 0.034444 0.010141
v 0.033560 0.034521 0.009511
v 0.033560 0.034521 -0.009511
v 0.033452 0.034444 -0.010141
v 0.033136 0.034223 -0.010709
v 0.032646 0.033877 -0.011160
v 0.030228 0.034465 -0.011549
v 0.032027 0.033441 -0.011449
v 0.033106 0.031831 0.011449
v 0.031341 0.032959 0.011549
v 0.033744 0.032239 0.011160
v 0.034250 0.032562 0.010709
v 0.034575 0.032769 0.010141
v 0.034687 0.032841 0.009511
v 0.034687 0.032841 -0.009511
v 0.034575 0.032769 -0.010141
v 0.034250 0.032562 -0.010709
v 0.033744 0.032239 -0.011160
v 0.031341 0.032959 -0.011549
v 0.033106 0.031831 -0.011449
v 0.034128 0.030150 0.011449
v 0.032399 0.031380 0.011549
v 0.034783 0.030528 0.011160
v 0.035302 0.030829 0.010709
v 0.035636 0.031022 0.010141
v 0.035751 0.031089 0.009511
v 0.035751 0.031089 -0.009511
v 0.035636 0.031022 -0.010141
v 0.035302 0.030829 -0.010709
v 0.034783 0.030528 -0.011160
v 0.032399 0.031380 -0.011549
v 0.034128 0.030150 -0.011449
v 0.035093 0.028396 0.011449
v 0.033402 0.029730 0.011549
v 0.035763 0.028747 0.011160
v 0.036295 0.029025 0.010709
v 0.036636 0.029204 0.010141
v 0.036754 0.029266 0.009511
v 0.036754 0.029266 -0.009511
v 0.036636 0.029204 -0.010141
v 0.036295 0.029025 -0.010709
v 0.035763 0.028747 -0.011160
v 0.033402 0.029730 -0.011549
v 0.035093 0.028396 -0.011449
v 0.035242 0.026213 0.011549
v 0.034350 0.028007 0.011549
v 0.036001 0.026570 0.011449
v 0.036685 0.026892 0.011160
v 0.037228 0.027148 0.010709
v 0.037577 0.027313 0.010141
v 0.037697 0.027369 -0.009511
v 0.037577 0.027313 -0.010141
v 0.037228 0.027148 -0.010709
v 0.036685 0.026892 -0.011160
v 0.036001 0.026570 -0.011449
v 0.035242 0.026213 -0.011549
v 0.034350 0.028007 -0.011549
v 0.036071 0.024353 0.011549
v 0.036844 0.024677 0.011449
v 0.037542 0.024970 0.011160
v 0.038095 0.025202 0.010709
v 0.037697 0.027369 0.009511
v 0.038451 0.025351 0.010141
v 0.038573 0.025403 0.009511
v 0.038451 0.025351 -0.010141
v 0.038095 0.025202 -0.010709
v 0.037542 0.024970 -0.011160
v 0.036844 0.024677 -0.011449
v 0.036071 0.024353 -0.011549
v 0.037614 0.022724 0.011449
v 0.038323 0.022987 0.011160
v 0.038886 0.023195 0.010709
v 0.039248 0.023329 0.010141
v 0.039372 0.023375 0.009511
v 0.039372 0.023375 -0.009511
v 0.038573 0.025403 -0.009511
v 0.039248 0.023329 -0.010141
v 0.038886 0.023195 -0.010709
v 0.038323 0.022987 -0.011160
v 0.037614 0.022724 -0.011449
v 0.038310 0.020713 0.011449
v 0.036828 0.022433 0.011549
v 0.039030 0.020946 0.011160
v 0.039601 0.021131 0.010709
v 0.039968 0.021249 0.010141
v 0.040094 0.021290 0.009511
v 0.040094 0.021290 -0.009511
v 0.039968 0.021249 -0.010141
v 0.039601 0.021131 -0.010709
v 0.039030 0.020946 -0.011160
v 0.036828 0.022433 -0.011549
v 0.038310 0.020713 -0.011449
v 0.038932 0.018644 0.011449
v 0.037512 0.020455 0.011549
v 0.039661 0.018847 0.011160
v 0.040239 0.019009 0.010709
v 0.040610 0.019112 0.010141
v 0.040738 0.019148 0.009511
v 0.040738 0.019148 -0.009511
v 0.040610 0.019112 -0.010141
v 0.040239 0.019009 -0.010709
v 0.039661 0.018847 -0.011160
v 0.037512 0.020455 -0.011549
v 0.038932 0.018644 -0.011449
v 0.039481 0.016516 0.011449
v 0.038125 0.018418 0.011549
v 0.040217 0.016691 0.011160
v 0.040801 0.016830 0.010709
v 0.041176 0.016919 0.010141
v 0.041305 0.016950 0.009511
v 0.041305 0.016950 -0.009511
v 0.041176 0.016919 -0.010141
v 0.040801 0.016830 -0.010709
v 0.040217 0.016691 -0.011160
v 0.038125 0.018418 -0.011549
v 0.039481 0.016516 -0.011449
v 0.039956 0.014331 0.011449
v 0.038665 0.016323 0.011549
v 0.040698 0.014478 0.011160
v 0.041287 0.014594 0.010709
v 0.041665 0.014669 0.010141
v 0.041795 0.014695 0.009511
v 0.041795 0.014695 -0.009511
v 0.041665 0.014669 -0.010141
v 0.041287 0.014594 -0.010709
v 0.040698 0.014478 -0.011160
v 0.038665 0.016323 -0.011549
v 0.039956 0.014331 -0.011449
v 0.040358 0.012087 0.011449
v 0.039134 0.014168 0.011549
v 0.041105 0.012207 0.011160
v 0.041697 0.012302 0.010709
v 0.042078 0.012363 0.010141
v 0.042209 0.012385 0.009511
v 0.042209 0.012385 -0.009511
v 0.042078 0.012363 -0.010141
v 0.041697 0.012302 -0.010709
v 0.041105 0.012207 -0.011160
v 0.039134 0.014168 -0.011549
v 0.040358 0.012087 -0.011449
v 0.040686 0.009785 0.011449
v 0.039530 0.011954 0.011549
v 0.041437 0.009879 0.011160
v 0.042032 0.009954 0.010709
v 0.042415 0.010002 0.010141
v 0.042547 0.010018 0.009511
v 0.042547 0.010018 -0.009511
v 0.042415 0.010002 -0.010141
v 0.042032 0.009954 -0.010709
v 0.041437 0.009879 -0.011160
v 0.039530 0.011954 -0.011549
v 0.040686 0.009785 -0.011449
v 0.040941 0.007426 0.011449
v 0.039854 0.009681 0.011549
v 0.041695 0.007495 0.011160
v 0.042292 0.007550 0.010709
v 0.042676 0.007585 0.010141
v 0.042808 0.007597 0.009511
v 0.042808 0.007597 -0.009511
v 0.042676 0.007585 -0.010141
v 0.042292 0.007550 -0.010709
v 0.041695 0.007495 -0.011160
v 0.039854 0.009681 -0.011549
v 0.040941 0.007426 -0.011449
v 0.041124 0.005008 0.011449
v 0.040107 0.007349 0.011549
v 0.041879 0.005053 0.011160
v 0.042478 0.005089 0.010709
v 0.042863 0.005112 0.010141
v 0.042995 0.005120 0.009511
v 0.042995 0.005120 -0.009511
v 0.042863 0.005112 -0.010141
v 0.042478 0.005089 -0.010709
v 0.041879 0.005053 -0.011160
v 0.040107 0.007349 -0.011549
v 0.041124 0.005008 -0.011449
v 0.041233 0.002533 0.011449
v 0.040287 0.004958 0.011549
v 0.041989 0.002555 0.011160
v 0.042589 0.002573 0.010709
v 0.042974 0.002584 0.010141
v 0.043107 0.002588 0.009511
v 0.043107 0.002588 -0.009511
v 0.042974 0.002584 -0.010141
v 0.042589 0.002573 -0.010709
v 0.041989 0.002555 -0.011160
v 0.040287 0.004958 -0.011549
v 0.041233 0.002533 -0.011449
v 0.041269 -0.000000 0.011449
v 0.040395 0.002509 0.011549
v 0.042026 -0.000000 0.011160
v 0.042626 -0.000000 0.010709
v 0.043011 -0.000000 0.010141
v 0.043144 -0.000000 0.009511
v 0.043144 -0.000000 -0.009511
v 0.043011 -0.000000 -0.010141
v 0.042626 -0.000000 -0.010709
v 0.042026 -0.000000 -0.011160
v 0.040395 0.002509 -0.011549
v 0.041269 -0.000000 -0.011449
v 0.040395 -0.002509 0.011549
v 0.040431 -0.000000 0.011549
v 0.041233 -0.002533 0.011449
v 0.041989 -0.002555 0.011160
v 0.042589 -0.002573 0.010709
v 0.042974 -0.002584 0.010141
v 0.043107 -0.002588 0.009511
v 0.042974 -0.002584 -0.010141
v 0.042589 -0.002573 -0.010709
v 0.041989 -0.002555 -0.011160
v 0.041233 -0.002533 -0.011449
v 0.040395 -0.002509 -0.011549
v 0.040431 -0.000000 -0.011549
v 0.040287 -0.004958 0.011549
v 0.041124 -0.005008 0.011449
v 0.041879 -0.005053 0.011160
v 0.042478 -0.005089 0.010709
v 0.042863 -0.005112 0.010141
v 0.042995 -0.005120 -0.009511
v 0.043107 -0.002588 -0.009511
v 0.042863 -0.005112 -0.010141
v 0.042478 -0.005089 -0.010709
v 0.041879 -0.005053 -0.011160
v 0.041124 -0.005008 -0.011449
v 0.040287 -0.004958 -0.011549
v 0.040107 -0.007349 0.011549
v 0.040941 -0.007426 0.011449
v 0.041695 -0.007495 0.011160
v 0.042292 -0.007550 0.010709
v 0.042995 -0.005120 0.009511
v 0.042676 -0.007585 0.010141
v 0.042808 -0.007597 0.009511
v 0.042676 -0.007585 -0.010141
v 0.042292 -0.007550 -0.010709
v 0.041695 -0.007495 -0.011160
v 0.040941 -0.007426 -0.011449
v 0.040107 -0.007349 -0.011549
v 0.039854 -0.009681 0.011549
v 0.040686 -0.009785 0.011449
v 0.041437 -0.009879 0.011160
v 0.042032 -0.009954 0.010709
v 0.042415 -0.010002 0.010141
v 0.042547 -0.010018 -0.009511
v 0.042808 -0.007597 -0.009511
v 0.042415 -0.010002 -0.010141
v 0.042032 -0.009954 -0.010709
v 0.041437 -0.009879 -0.011160
v 0.040686 -0.009785 -0.011449
v 0.039854 -0.009681 -0.011549
v 0.039530 -0.011954 0.011549
v 0.040358 -0.012087 0.011449
v 0.041105 -0.012207 0.011160
v 0.041697 -0.012302 0.010709
v 0.042547 -0.010019 0.009511
v 0.042078 -0.012363 0.010141
v 0.042209 -0.012385 -0.009511
v 0.042078 -0.012363 -0.010141
v 0.041697 -0.012302 -0.010709
v 0.041105 -0.012207 -0.011160
v 0.040358 -0.012087 -0.011449
v 0.039530 -0.011954 -0.011549
v 0.039134 -0.014168 0.011549
v 0.039956 -0.014331 0.011449
v 0.040698 -0.014478 0.011160
v 0.041287 -0.014594 0.010709
v 0.042209 -0.012385 0.009511
v 0.041665 -0.014669 0.010141
v 0.041795 -0.014695 -0.009511
v 0.041665 -0.014669 -0.010141
v 0.041287 -0.014594 -0.010709
v 0.040698 -0.014478 -0.011160
v 0.039956 -0.014331 -0.011449
v 0.039134 -0.014168 -0.011549
v 0.038665 -0.016323 0.011549
v 0.039481 -0.016516 0.011449
v 0.040217 -0.016691 0.011160
v 0.040801 -0.016830 0.010709
v 0.041795 -0.014695 0.009511
v 0.041176 -0.016919 0.010141
v 0.041305 -0.016950 -0.009511
v 0.041176 -0.016919 -0.010141
v 0.040801 -0.016830 -0.010709
v 0.040217 -0.016691 -0.011160
v 0.039481 -0.016516 -0.011449
v 0.038665 -0.016323 -0.011549
v 0.038125 -0.018418 0.011549
v 0.038932 -0.018644 0.011449
v 0.039661 -0.018847 0.011160
v 0.040239 -0.019009 0.010709
v 0.041305 -0.016950 0.009511
v 0.040610 -0.019112 0.010141
v 0.040738 -0.019148 -0.009511
v 0.040610 -0.019112 -0.010141
v 0.040239 -0.019009 -0.010709
v 0.039661 -0.018847 -0.011160
v 0.038932 -0.018644 -0.011449
v 0.038125 -0.018418 -0.011549
v 0.037512 -0.020455 0.011549
v 0.038310 -0.020713 0.011449
v 0.039030 -0.020946 0.011160
v 0.039601 -0.021131 0.010709
v 0.040738 -0.019148 0.009511
v 0.039968 -0.021249 0.010141
v 0.040094 -0.021290 -0.009511
v 0.039968 -0.021249 -0.010141
v 0.039601 -0.021131 -0.010709
v 0.039030 -0.020946 -0.011160
v 0.038310 -0.020713 -0.011449
v 0.037512 -0.020455 -0.011549
v 0.036828 -0.022433 0.011549
v 0.037614 -0.022724 0.011449
v 0.038323 -0.022987 0.011160
v 0.038886 -0.023195 0.010709
v 0.040094 -0.021290 0.009511
v 0.039248 -0.023329 0.010141
v 0.039372 -0.023375 -0.009511
v 0.039248 -0.023329 -0.010141
v 0.038886 -0.023195 -0.010709
v 0.038323 -0.022987 -0.011160
v 0.037614 -0.022724 -0.011449
v 0.036828 -0.022433 -0.011549
v 0.036071 -0.024353 0.011549
v 0.036844 -0.024677 0.011449
v 0.037542 -0.024970 0.011160
v 0.038095 -0.025202 0.010709
v 0.039372 -0.023375 0.009511
v 0.038451 -0.025351 0.010141
v 0.038573 -0.025403 -0.009511
v 0.038451 -0.025351 -0.010141
v 0.038095 -0.025202 -0.010709
v 0.037542 -0.024970 -0.011160
v 0.036844 -0.024677 -0.011449
v 0.036071 -0.024353 -0.011549
v 0.036001 -0.026570 0.011449
v 0.036685 -0.026892 0.011160
v 0.037228 -0.027148 0.010709
v 0.037577 -0.027313 0.010141
v 0.037697 -0.027369 0.009511
v 0.038573 -0.025403 0.009511
v 0.037697 -0.027369 -0.009511
v 0.037577 -0.027313 -0.010141
v 0.037228 -0.027148 -0.010709
v 0.036685 -0.026892 -0.011160
v 0.036001 -0.026570 -0.011449
v 0.035093 -0.028396 0.011449
v 0.035242 -0.026213 0.011549
v 0.035763 -0.028747 0.011160
v 0.036295 -0.029025 0.010709
v 0.036636 -0.029204 0.010141
v 0.036754 -0.029266 0.009511
v 0.036754 -0.029266 -0.009511
v 0.036636 -0.029204 -0.010141
v 0.036295 -0.029025 -0.010709
v 0.035763 -0.028747 -0.011160
v 0.035242 -0.026213 -0.011549
v 0.035093 -0.028396 -0.011449
v 0.033402 -0.029730 0.011549
v 0.034350 -0.028007 0.011549
v 0.034128 -0.030150 0.011449
v 0.034783 -0.030528 0.011160
v 0.035302 -0.030829 0.010709
v 0.035636 -0.031022 0.010141
v 0.035751 -0.031089 -0.009511
v 0.035636 -0.031022 -0.010141
v 0.035302 -0.030829 -0.010709
v 0.034783 -0.030528 -0.011160
v 0.034128 -0.030150 -0.011449
v 0.033402 -0.029730 -0.011549
v 0.034350 -0.028007 -0.011549
v 0.032399 -0.031380 0.011549
v 0.033106 -0.031831 0.011449
v 0.033744 -0.032239 0.011160
v 0.034250 -0.032562 0.010709
v 0.035751 -0.031089 0.009511
v 0.034575 -0.032769 0.010141
v 0.034687 -0.032841 -0.009511
v 0.034575 -0.032769 -0.010141
v 0.034250 -0.032562 -0.010709
v 0.033744 -0.032239 -0.011160
v 0.033106 -0.031831 -0.011449
v 0.032399 -0.031380 -0.011549
v 0.031341 -0.032959 0.011549
v 0.032027 -0.033441 0.011449
v 0.032646 -0.033877 0.011160
v 0.033136 -0.034223 0.010709
v 0.034687 -0.032841 0.009511
v 0.033452 -0.034444 0.010141
v 0.033560 -0.034521 -0.009511
v 0.033452 -0.034444 -0.010141
v 0.033136 -0.034223 -0.010709
v 0.032646 -0.033877 -0.011160
v 0.032027 -0.033441 -0.011449
v 0.031341 -0.032959 -0.011549
v 0.030228 -0.034465 0.011549
v 0.030891 -0.034979 0.011449
v 0.031488 -0.035443 0.011160
v 0.031962 -0.035811 0.010709
v 0.033560 -0.034521 0.009511
v 0.032267 -0.036047 0.010141
v 0.032372 -0.036129 -0.009511
v 0.032267 -0.036047 -0.010141
v 0.031962 -0.035811 -0.010709
v 0.031488 -0.035443 -0.011160
v 0.030891 -0.034979 -0.011449
v 0.030228 -0.034465 -0.011549
v 0.029060 -0.035899 0.011549
v 0.029697 -0.036444 0.011449
v 0.030272 -0.036936 0.011160
v 0.030728 -0.037327 0.010709
v 0.032372 -0.036129 0.009511
v 0.031021 -0.037577 0.010141
v 0.031122 -0.037663 -0.009511
v 0.031021 -0.037577 -0.010141
v 0.030728 -0.037327 -0.010709
v 0.030272 -0.036936 -0.011160
v 0.029697 -0.036444 -0.011449
v 0.029060 -0.035899 -0.011549
v 0.027836 -0.037261 0.011549
v 0.028446 -0.037837 0.011449
v 0.028996 -0.038356 0.011160
v 0.029433 -0.038768 0.010709
v 0.031122 -0.037663 0.009511
v 0.029713 -0.039033 0.010141
v 0.029810 -0.039124 -0.009511
v 0.029713 -0.039033 -0.010141
v 0.029433 -0.038768 -0.010709
v 0.028996 -0.038356 -0.011160
v 0.028446 -0.037837 -0.011449
v 0.027836 -0.037261 -0.011549
v 0.026557 -0.038552 0.011549
v 0.027138 -0.039157 0.011449
v 0.027662 -0.039702 0.011160
v 0.028077 -0.040136 0.010709
v 0.029810 -0.039124 0.009511
v 0.028344 -0.040414 0.010141
v 0.028436 -0.040509 -0.009511
v 0.028344 -0.040414 -0.010141
v 0.028077 -0.040136 -0.010709
v 0.027662 -0.039702 -0.011160
v 0.027138 -0.039157 -0.011449
v 0.026557 -0.038552 -0.011549
v 0.025223 -0.039770 0.011549
v 0.025773 -0.040403 0.011449
v 0.026269 -0.040974 0.011160
v 0.026662 -0.041428 0.010709
v 0.028436 -0.040509 0.009511
v 0.026915 -0.041719 0.010141
v 0.027002 -0.041819 -0.009511
v 0.026915 -0.041719 -0.010141
v 0.026662 -0.041428 -0.010709
v 0.026269 -0.040974 -0.011160
v 0.025773 -0.040403 -0.011449
v 0.025223 -0.039770 -0.011549
v 0.023834 -0.040916 0.011549
v 0.024351 -0.041576 0.011449
v 0.024817 -0.042171 0.011160
v 0.025187 -0.042644 0.010709
v 0.027002 -0.041819 0.009511
v 0.025425 -0.042947 0.010141
v 0.025507 -0.043052 -0.009511
v 0.025425 -0.042947 -0.010141
v 0.025187 -0.042644 -0.010709
v 0.024817 -0.042171 -0.011160
v 0.024351 -0.041576 -0.011449
v 0.023834 -0.040916 -0.011549
v 0.022872 -0.042675 0.011449
v 0.023308 -0.043293 0.011160
v 0.023654 -0.043784 0.010709
v 0.023876 -0.044099 0.010141
v 0.025507 -0.043052 0.009511
v 0.023953 -0.044207 -0.009511
v 0.023876 -0.044099 -0.010141
v 0.023654 -0.043784 -0.010709
v 0.023308 -0.043293 -0.011160
v 0.022872 -0.042675 -0.011449
v 0.021338 -0.043700 0.011449
v 0.022389 -0.041990 0.011549
v 0.021742 -0.044339 0.011160
v 0.022063 -0.044846 0.010709
v 0.022270 -0.045172 0.010141
v 0.022341 -0.045284 0.009511
v 0.023953 -0.044207 0.009511
v 0.022341 -0.045284 -0.009511
v 0.022270 -0.045172 -0.010141
v 0.022063 -0.044846 -0.010709
v 0.021742 -0.044339 -0.011160
v 0.022389 -0.041990 -0.011549
v 0.021338 -0.043700 -0.011449
v 0.019757 -0.044647 0.011449
v 0.020889 -0.042991 0.011549
v 0.020130 -0.045305 0.011160
v 0.020426 -0.045827 0.010709
v 0.020616 -0.046163 0.010141
v 0.020681 -0.046278 0.009511
v 0.020681 -0.046278 -0.009511
v 0.020616 -0.046163 -0.010141
v 0.020426 -0.045827 -0.010709
v 0.020130 -0.045305 -0.011160
v 0.020889 -0.042991 -0.011549
v 0.019757 -0.044647 -0.011449
v 0.017763 -0.044762 0.011549
v 0.019344 -0.043917 0.011549
v 0.018140 -0.045511 0.011449
v 0.018481 -0.046187 0.011160
v 0.018751 -0.046723 0.010709
v 0.018924 -0.047067 0.010141
v 0.018984 -0.047186 -0.009511
v 0.018924 -0.047067 -0.010141
v 0.018751 -0.046723 -0.010709
v 0.018481 -0.046187 -0.011160
v 0.018140 -0.045511 -0.011449
v 0.017763 -0.044762 -0.011549
v 0.019344 -0.043917 -0.011549
v 0.016147 -0.045527 0.011549
v 0.016487 -0.046293 0.011449
v 0.016793 -0.046985 0.011160
v 0.017037 -0.047534 0.010709
v 0.018984 -0.047186 0.009511
v 0.017193 -0.047886 0.010141
v 0.017247 -0.048008 -0.009511
v 0.017193 -0.047886 -0.010141
v 0.017037 -0.047534 -0.010709
v 0.016793 -0.046985 -0.011160
v 0.016487 -0.046293 -0.011449
v 0.016147 -0.045527 -0.011549
v 0.014797 -0.046993 0.011449
v 0.015069 -0.047699 0.011160
v 0.015285 -0.048259 0.010709
v 0.015424 -0.048619 0.010141
v 0.015472 -0.048743 0.009511
v 0.017247 -0.048008 0.009511
v 0.015472 -0.048743 -0.009511
v 0.015424 -0.048619 -0.010141
v 0.015285 -0.048259 -0.010709
v 0.015069 -0.047699 -0.011160
v 0.014797 -0.046993 -0.011449
v 0.013071 -0.047611 0.011449
v 0.014495 -0.046211 0.011549
v 0.013308 -0.048329 0.011160
v 0.013497 -0.048899 0.010709
v 0.013618 -0.049265 0.010141
v 0.013659 -0.049391 0.009511
v 0.013659 -0.049391 -0.009511
v 0.013618 -0.049265 -0.010141
v 0.013497 -0.048899 -0.010709
v 0.013308 -0.048329 -0.011160
v 0.014495 -0.046211 -0.011549
v 0.013071 -0.047611 -0.011449
v 0.011309 -0.048146 0.011449
v 0.012808 -0.046815 0.011549
v 0.011511 -0.048875 0.011160
v 0.011672 -0.049453 0.010709
v 0.011775 -0.049825 0.010141
v 0.011810 -0.049953 0.009511
v 0.011810 -0.049953 -0.009511
v 0.011775 -0.049825 -0.010141
v 0.011672 -0.049453 -0.010709
v 0.011511 -0.048875 -0.011160
v 0.012808 -0.046815 -0.011549
v 0.011309 -0.048146 -0.011449
v 0.009512 -0.048598 0.011449
v 0.011085 -0.047338 0.011549
v 0.009679 -0.049336 0.011160
v 0.009812 -0.049922 0.010709
v 0.009897 -0.050297 0.010141
v 0.009926 -0.050427 0.009511
v 0.009926 -0.050427 -0.009511
v 0.009897 -0.050297 -0.010141
v 0.009812 -0.049922 -0.010709
v 0.009679 -0.049336 -0.011160
v 0.011085 -0.047338 -0.011549
v 0.009512 -0.048598 -0.011449
v 0.007679 -0.048968 0.011449
v 0.009326 -0.047780 0.011549
v 0.007811 -0.049713 0.011160
v 0.007916 -0.050304 0.010709
v 0.007984 -0.050684 0.010141
v 0.008007 -0.050814 0.009511
v 0.008007 -0.050814 -0.009511
v 0.007984 -0.050684 -0.010141
v 0.007916 -0.050304 -0.010709
v 0.007811 -0.049713 -0.011160
v 0.009326 -0.047780 -0.011549
v 0.007679 -0.048968 -0.011449
v 0.005811 -0.049256 0.011449
v 0.007532 -0.048143 0.011549
v 0.005909 -0.050006 0.011160
v 0.005987 -0.050601 0.010709
v 0.006037 -0.050983 0.010141
v 0.006055 -0.051115 0.009511
v 0.006055 -0.051115 -0.009511
v 0.006037 -0.050983 -0.010141
v 0.005987 -0.050601 -0.010709
v 0.005909 -0.050006 -0.011160
v 0.007532 -0.048143 -0.011549
v 0.005811 -0.049256 -0.011449
v 0.003909 -0.049461 0.011449
v 0.005702 -0.048424 0.011549
v 0.003973 -0.050215 0.011160
v 0.004025 -0.050813 0.010709
v 0.004057 -0.051197 0.010141
v 0.004069 -0.051329 0.009511
v 0.004069 -0.051329 -0.009511
v 0.004057 -0.051197 -0.010141
v 0.004025 -0.050813 -0.010709
v 0.003973 -0.050215 -0.011160
v 0.005702 -0.048424 -0.011549
v 0.003909 -0.049461 -0.011449
v 0.001972 -0.049584 0.011449
v 0.003837 -0.048626 0.011549
v 0.002004 -0.050340 0.011160
v 0.002029 -0.050940 0.010709
v 0.002045 -0.051325 0.010141
v 0.002051 -0.051457 0.009511
v 0.002051 -0.051457 -0.009511
v 0.002045 -0.051325 -0.010141
v 0.002029 -0.050940 -0.010709
v 0.002004 -0.050340 -0.011160
v 0.003837 -0.048626 -0.011549
v 0.001972 -0.049584 -0.011449
v 0.001936 -0.048746 0.011549
v 0.001936 -0.048746 -0.011549
v 0.001349 -0.029435 0.011449
v 0.000000 -0.030323 0.011549
v 0.000000 -0.029484 0.011449
v 0.001293 -0.028680 0.011160
v 0.000000 -0.028727 0.011160
v 0.001248 -0.028081 0.010709
v 0.000001 -0.028127 0.010709
v 0.001219 -0.027697 0.010141
v 0.000001 -0.027741 0.010141
v 0.001209 -0.027564 0.009511
v 0.000001 -0.027608 0.009511
v 0.001209 -0.027564 -0.009511
v 0.000001 -0.027608 -0.009511
v 0.000001 -0.027741 -0.010141
v 0.000001 -0.028127 -0.010709
v 0.001219 -0.027697 -0.010141
v 0.000000 -0.028727 -0.011160
v 0.001248 -0.028081 -0.010709
v 0.000000 -0.029484 -0.011449
v 0.001293 -0.028680 -0.011160
v 0.000000 -0.030323 -0.011549
v 0.001349 -0.029435 -0.011449
v 0.002644 -0.029288 0.011449
v 0.001412 -0.030272 0.011549
v 0.002528 -0.028540 0.011160
v 0.002436 -0.027946 0.010709
v 0.002377 -0.027565 0.010141
v 0.002357 -0.027434 0.009511
v 0.002357 -0.027434 -0.009511
v 0.002377 -0.027565 -0.010141
v 0.002436 -0.027946 -0.010709
v 0.002528 -0.028540 -0.011160
v 0.001412 -0.030272 -0.011549
v 0.002644 -0.029288 -0.011449
v 0.003884 -0.029044 0.011449
v 0.002772 -0.030117 0.011549
v 0.003707 -0.028308 0.011160
v 0.003566 -0.027724 0.010709
v 0.003476 -0.027349 0.010141
v 0.003444 -0.027220 0.009511
v 0.003444 -0.027220 -0.009511
v 0.003476 -0.027349 -0.010141
v 0.003566 -0.027724 -0.010709
v 0.003707 -0.028308 -0.011160
v 0.002772 -0.030117 -0.011549
v 0.003884 -0.029044 -0.011449
v 0.005072 -0.028704 0.011449
v 0.004081 -0.029860 0.011549
v 0.004832 -0.027986 0.011160
v 0.004641 -0.027416 0.010709
v 0.004519 -0.027050 0.010141
v 0.004477 -0.026924 0.009511
v 0.004477 -0.026924 -0.009511
v 0.004519 -0.027050 -0.010141
v 0.004641 -0.027416 -0.010709
v 0.004832 -0.027986 -0.011160
v 0.004081 -0.029860 -0.011549
v 0.005072 -0.028704 -0.011449
v 0.006209 -0.028267 0.011449
v 0.005338 -0.029500 0.011549
v 0.005906 -0.027573 0.011160
v 0.005666 -0.027023 0.010709
v 0.005511 -0.026669 0.010141
v 0.005458 -0.026547 0.009511
v 0.005458 -0.026547 -0.009511
v 0.005511 -0.026669 -0.010141
v 0.005666 -0.027023 -0.010709
v 0.005906 -0.027573 -0.011160
v 0.005338 -0.029500 -0.011549
v 0.006209 -0.028267 -0.011449
v 0.007296 -0.027734 0.011449
v 0.006544 -0.029036 0.011549
v 0.006933 -0.027070 0.011160
v 0.006644 -0.026543 0.010709
v 0.006459 -0.026204 0.010141
v 0.006395 -0.026088 0.009511
v 0.006395 -0.026088 -0.009511
v 0.006459 -0.026204 -0.010141
v 0.006644 -0.026543 -0.010709
v 0.006933 -0.027070 -0.011160
v 0.006544 -0.029036 -0.011549
v 0.007296 -0.027734 -0.011449
v 0.008802 -0.027801 0.011549
v 0.007699 -0.028470 0.011549
v 0.008335 -0.027103 0.011449
v 0.007914 -0.026474 0.011160
v 0.007581 -0.025975 0.010709
v 0.007366 -0.025654 0.010141
v 0.007292 -0.025543 -0.009511
v 0.007366 -0.025654 -0.010141
v 0.007581 -0.025975 -0.010709
v 0.007914 -0.026474 -0.011160
v 0.008335 -0.027103 -0.011449
v 0.008802 -0.027801 -0.011549
v 0.007699 -0.028470 -0.011549
v 0.009853 -0.027029 0.011549
v 0.009328 -0.026374 0.011449
v 0.008854 -0.025784 0.011160
v 0.008478 -0.025315 0.010709
v 0.007292 -0.025543 0.009511
v 0.008237 -0.025014 0.010141
v 0.008154 -0.024911 -0.009511
v 0.008237 -0.025014 -0.010141
v 0.008478 -0.025315 -0.010709
v 0.008854 -0.025784 -0.011160
v 0.009328 -0.026374 -0.011449
v 0.009853 -0.027029 -0.011549
v 0.010853 -0.026154 0.011549
v 0.010275 -0.025545 0.011449
v 0.009754 -0.024997 0.011160
v 0.009340 -0.024561 0.010709
v 0.008154 -0.024911 0.009511
v 0.009075 -0.024282 0.010141
v 0.008983 -0.024185 -0.009511
v 0.009075 -0.024282 -0.010141
v 0.009340 -0.024561 -0.010709
v 0.009754 -0.024997 -0.011160
v 0.010275 -0.025545 -0.011449
v 0.010853 -0.026154 -0.011549
v 0.011802 -0.025176 0.011549
v 0.011177 -0.024615 0.011449
v 0.010614 -0.024110 0.011160
v 0.010167 -0.023709 0.010709
v 0.008983 -0.024185 0.009511
v 0.009880 -0.023451 0.010141
v 0.009781 -0.023362 -0.009511
v 0.009880 -0.023451 -0.010141
v 0.010167 -0.023709 -0.010709
v 0.010614 -0.024110 -0.011160
v 0.011177 -0.024615 -0.011449
v 0.011802 -0.025176 -0.011549
v 0.012699 -0.024095 0.011549
v 0.012034 -0.023583 0.011449
v 0.011435 -0.023121 0.011160
v 0.010959 -0.022754 0.010709
v 0.009781 -0.023362 0.009511
v 0.010654 -0.022519 0.010141
v 0.010548 -0.022438 -0.009511
v 0.010654 -0.022519 -0.010141
v 0.010959 -0.022754 -0.010709
v 0.011435 -0.023121 -0.011160
v 0.012034 -0.023583 -0.011449
v 0.012699 -0.024095 -0.011549
v 0.012844 -0.022449 0.011449
v 0.012213 -0.022032 0.011160
v 0.011711 -0.021701 0.010709
v 0.011389 -0.021489 0.010141
v 0.011279 -0.021415 0.009511
v 0.010548 -0.022438 0.009511
v 0.011279 -0.021415 -0.009511
v 0.011389 -0.021489 -0.010141
v 0.011711 -0.021701 -0.010709
v 0.012213 -0.022032 -0.011160
v 0.012844 -0.022449 -0.011449
v 0.013598 -0.021210 0.011449
v 0.013544 -0.022911 0.011549
v 0.012937 -0.020841 0.011160
v 0.012413 -0.020548 0.010709
v 0.012076 -0.020360 0.010141
v 0.011960 -0.020295 0.009511
v 0.011960 -0.020295 -0.009511
v 0.012076 -0.020360 -0.010141
v 0.012413 -0.020548 -0.010709
v 0.012937 -0.020841 -0.011160
v 0.013544 -0.022911 -0.011549
v 0.013598 -0.021210 -0.011449
v 0.015047 -0.020215 0.011549
v 0.014330 -0.021619 0.011549
v 0.014288 -0.019859 0.011449
v 0.013603 -0.019538 0.011160
v 0.013059 -0.019283 0.010709
v 0.012710 -0.019119 0.010141
v 0.012590 -0.019063 -0.009511
v 0.012710 -0.019119 -0.010141
v 0.013059 -0.019283 -0.010709
v 0.013603 -0.019538 -0.011160
v 0.014288 -0.019859 -0.011449
v 0.015047 -0.020215 -0.011549
v 0.014330 -0.021619 -0.011549
v 0.015696 -0.018699 0.011549
v 0.014916 -0.018393 0.011449
v 0.014211 -0.018117 0.011160
v 0.013652 -0.017898 0.010709
v 0.012590 -0.019063 0.009511
v 0.013293 -0.017757 0.010141
v 0.013169 -0.017709 -0.009511
v 0.013293 -0.017757 -0.010141
v 0.013652 -0.017898 -0.010709
v 0.014211 -0.018117 -0.011160
v 0.014916 -0.018393 -0.011449
v 0.015696 -0.018699 -0.011549
v 0.016277 -0.017071 0.011549
v 0.015480 -0.016811 0.011449
v 0.014760 -0.016577 0.011160
v 0.014189 -0.016392 0.010709
v 0.013169 -0.017709 0.009511
v 0.013823 -0.016273 0.010141
v 0.013696 -0.016231 0.009511
v 0.013823 -0.016273 -0.010141
v 0.014189 -0.016392 -0.010709
v 0.014760 -0.016577 -0.011160
v 0.015480 -0.016811 -0.011449
v 0.016277 -0.017071 -0.011549
v 0.016790 -0.015330 0.011549
v 0.015979 -0.015114 0.011449
v 0.015248 -0.014919 0.011160
v 0.014668 -0.014764 0.010709
v 0.014296 -0.014665 0.010141
v 0.014167 -0.014630 -0.009511
v 0.013696 -0.016231 -0.009511
v 0.014296 -0.014665 -0.010141
v 0.014668 -0.014764 -0.010709
v 0.015248 -0.014919 -0.011160
v 0.015979 -0.015114 -0.011449
v 0.016790 -0.015330 -0.011549
v 0.017234 -0.013477 0.011549
v 0.016414 -0.013300 0.011449
v 0.015674 -0.013141 0.011160
v 0.015087 -0.013015 0.010709
v 0.014167 -0.014630 0.009511
v 0.014711 -0.012934 0.010141
v 0.014581 -0.012906 -0.009511
v 0.014711 -0.012934 -0.010141
v 0.015087 -0.013015 -0.010709
v 0.015674 -0.013141 -0.011160
v 0.016414 -0.013300 -0.011449
v 0.017234 -0.013477 -0.011549
v 0.017609 -0.011512 0.011549
v 0.016783 -0.011371 0.011449
v 0.016037 -0.011245 0.011160
v 0.015445 -0.011145 0.010709
v 0.014581 -0.012906 0.009511
v 0.015065 -0.011080 0.010141
v 0.014934 -0.011058 -0.009511
v 0.015065 -0.011080 -0.010141
v 0.015445 -0.011145 -0.010709
v 0.016037 -0.011245 -0.011160
v 0.016783 -0.011371 -0.011449
v 0.017609 -0.011512 -0.011549
v 0.017917 -0.009434 0.011549
v 0.017085 -0.009327 0.011449
v 0.016335 -0.009231 0.011160
v 0.015740 -0.009154 0.010709
v 0.014934 -0.011058 0.009511
v 0.015357 -0.009105 0.010141
v 0.015226 -0.009088 -0.009511
v 0.015357 -0.009105 -0.010141
v 0.015740 -0.009154 -0.010709
v 0.016335 -0.009231 -0.011160
v 0.017085 -0.009327 -0.011449
v 0.017917 -0.009434 -0.011549
v 0.018156 -0.007244 0.011549
v 0.017321 -0.007167 0.011449
v 0.016568 -0.007098 0.011160
v 0.015970 -0.007043 0.010709
v 0.015226 -0.009088 0.009511
v 0.015586 -0.007008 0.010141
v 0.015454 -0.006996 -0.009511
v 0.015586 -0.007008 -0.010141
v 0.015970 -0.007043 -0.010709
v 0.016568 -0.007098 -0.011160
v 0.017321 -0.007167 -0.011449
v 0.018156 -0.007244 -0.011549
v 0.018327 -0.004942 0.011549
v 0.017490 -0.004893 0.011449
v 0.016735 -0.004849 0.011160
v 0.016135 -0.004814 0.010709
v 0.015454 -0.006996 0.009511
v 0.015751 -0.004791 0.010141
v 0.015618 -0.004784 -0.009511
v 0.015751 -0.004791 -0.010141
v 0.016135 -0.004814 -0.010709
v 0.016735 -0.004849 -0.011160
v 0.017490 -0.004893 -0.011449
v 0.018327 -0.004942 -0.011549
v 0.018429 -0.002527 0.011549
v 0.017591 -0.002503 0.011449
v 0.016835 -0.002482 0.011160
v 0.016235 -0.002466 0.010709
v 0.015618 -0.004784 0.009511
v 0.015850 -0.002455 0.010141
v 0.015717 -0.002451 -0.009511
v 0.015850 -0.002455 -0.010141
v 0.016235 -0.002466 -0.010709
v 0.016835 -0.002482 -0.011160
v 0.017591 -0.002503 -0.011449
v 0.018429 -0.002527 -0.011549
v 0.018463 -0.000000 0.011549
v 0.017625 -0.000000 0.011449
v 0.016869 -0.000000 0.011160
v 0.016268 -0.000000 0.010709
v 0.015717 -0.002451 0.009511
v 0.015883 -0.000000 0.010141
v 0.015750 -0.000000 -0.009511
v 0.015883 -0.000000 -0.010141
v 0.016268 -0.000000 -0.010709
v 0.016869 -0.000000 -0.011160
v 0.017625 -0.000000 -0.011449
v 0.018463 -0.000000 -0.011549
v 0.017591 0.002503 0.011449
v 0.016835 0.002482 0.011160
v 0.016235 0.002466 0.010709
v 0.015850 0.002455 0.010141
v 0.015717 0.002451 0.009511
v 0.015750 -0.000000 0.009511
v 0.015717 0.002451 -0.009511
v 0.015850 0.002455 -0.010141
v 0.016235 0.002466 -0.010709
v 0.016835 0.002482 -0.011160
v 0.017591 0.002503 -0.011449
v 0.017490 0.004893 0.011449
v 0.018429 0.002527 0.011549
v 0.016735 0.004849 0.011160
v 0.016135 0.004814 0.010709
v 0.015751 0.004791 0.010141
v 0.015618 0.004784 0.009511
v 0.015618 0.004784 -0.009511
v 0.015751 0.004791 -0.010141
v 0.016135 0.004814 -0.010709
v 0.016735 0.004849 -0.011160
v 0.018429 0.002527 -0.011549
v 0.017490 0.004893 -0.011449
v 0.017321 0.007167 0.011449
v 0.018327 0.004942 0.011549
v 0.016568 0.007098 0.011160
v 0.015970 0.007043 0.010709
v 0.015586 0.007008 0.010141
v 0.015454 0.006996 0.009511
v 0.015454 0.006996 -0.009511
v 0.015586 0.007008 -0.010141
v 0.015970 0.007043 -0.010709
v 0.016568 0.007098 -0.011160
v 0.018327 0.004942 -0.011549
v 0.017321 0.007167 -0.011449
v 0.017085 0.009327 0.011449
v 0.018156 0.007244 0.011549
v 0.016335 0.009231 0.011160
v 0.015740 0.009154 0.010709
v 0.015357 0.009105 0.010141
v 0.015226 0.009088 0.009511
v 0.015226 0.009088 -0.009511
v 0.015357 0.009105 -0.010141
v 0.015740 0.009154 -0.010709
v 0.016335 0.009231 -0.011160
v 0.018156 0.007244 -0.011549
v 0.017085 0.009327 -0.011449
v 0.016783 0.011371 0.011449
v 0.017917 0.009434 0.011549
v 0.016037 0.011245 0.011160
v 0.015445 0.011145 0.010709
v 0.015065 0.011080 0.010141
v 0.014934 0.011058 0.009511
v 0.014934 0.011058 -0.009511
v 0.015065 0.011080 -0.010141
v 0.015445 0.011145 -0.010709
v 0.016037 0.011245 -0.011160
v 0.017917 0.009434 -0.011549
v 0.016783 0.011371 -0.011449
v 0.016414 0.013300 0.011449
v 0.017609 0.011512 0.011549
v 0.015674 0.013141 0.011160
v 0.015087 0.013015 0.010709
v 0.014711 0.012934 0.010141
v 0.014581 0.012906 0.009511
v 0.014581 0.012906 -0.009511
v 0.014711 0.012934 -0.010141
v 0.015087 0.013015 -0.010709
v 0.015674 0.013141 -0.011160
v 0.017609 0.011512 -0.011549
v 0.016414 0.013300 -0.011449
v 0.015979 0.015114 0.011449
v 0.017234 0.013477 0.011549
v 0.015248 0.014919 0.011160
v 0.014668 0.014764 0.010709
v 0.014296 0.014665 0.010141
v 0.014167 0.014630 0.009511
v 0.014167 0.014630 -0.009511
v 0.014296 0.014665 -0.010141
v 0.014668 0.014764 -0.010709
v 0.015248 0.014919 -0.011160
v 0.017234 0.013477 -0.011549
v 0.015979 0.015114 -0.011449
v 0.015480 0.016811 0.011449
v 0.016790 0.015330 0.011549
v 0.014760 0.016577 0.011160
v 0.014189 0.016392 0.010709
v 0.013823 0.016273 0.010141
v 0.013696 0.016231 0.009511
v 0.013696 0.016231 -0.009511
v 0.013823 0.016273 -0.010141
v 0.014189 0.016392 -0.010709
v 0.014760 0.016577 -0.011160
v 0.016790 0.015330 -0.011549
v 0.015480 0.016811 -0.011449
v 0.014916 0.018393 0.011449
v 0.016277 0.017071 0.011549
v 0.014211 0.018117 0.011160
v 0.013652 0.017898 0.010709
v 0.013293 0.017757 0.010141
v 0.013169 0.017709 0.009511
v 0.013169 0.017709 -0.009511
v 0.013293 0.017757 -0.010141
v 0.013652 0.017898 -0.010709
v 0.014211 0.018117 -0.011160
v 0.016277 0.017071 -0.011549
v 0.014916 0.018393 -0.011449
v 0.014288 0.019859 0.011449
v 0.015696 0.018699 0.011549
v 0.013603 0.019538 0.011160
v 0.013059 0.019283 0.010709
v 0.012710 0.019119 0.010141
v 0.012590 0.019063 0.009511
v 0.012590 0.019063 -0.009511
v 0.012710 0.019119 -0.010141
v 0.013059 0.019283 -0.010709
v 0.013603 0.019538 -0.011160
v 0.015696 0.018699 -0.011549
v 0.014288 0.019859 -0.011449
v 0.013598 0.021210 0.011449
v 0.015047 0.020215 0.011549
v 0.012937 0.020841 0.011160
v 0.012413 0.020548 0.010709
v 0.012076 0.020360 0.010141
v 0.011960 0.020295 0.009511
v 0.011960 0.020295 -0.009511
v 0.012076 0.020360 -0.010141
v 0.012413 0.020548 -0.010709
v 0.012937 0.020841 -0.011160
v 0.015047 0.020215 -0.011549
v 0.013598 0.021210 -0.011449
v 0.013544 0.022911 0.011549
v 0.014330 0.021619 0.011549
v 0.012844 0.022449 0.011449
v 0.012213 0.022032 0.011160
v 0.011711 0.021701 0.010709
v 0.011389 0.021489 0.010141
v 0.011279 0.021415 -0.009511
v 0.011389 0.021489 -0.010141
v 0.011711 0.021701 -0.010709
v 0.012213 0.022032 -0.011160
v 0.012844 0.022449 -0.011449
v 0.013544 0.022911 -0.011549
v 0.014330 0.021619 -0.011549
v 0.012699 0.024095 0.011549
v 0.012034 0.023583 0.011449
v 0.011435 0.023121 0.011160
v 0.010959 0.022754 0.010709
v 0.011279 0.021415 0.009511
v 0.010654 0.022519 0.010141
v 0.010548 0.022438 -0.009511
v 0.010654 0.022519 -0.010141
v 0.010959 0.022754 -0.010709
v 0.011435 0.023121 -0.011160
v 0.012034 0.023583 -0.011449
v 0.012699 0.024095 -0.011549
v 0.011177 0.024615 0.011449
v 0.010614 0.024110 0.011160
v 0.010167 0.023709 0.010709
v 0.009880 0.023451 0.010141
v 0.009781 0.023362 0.009511
v 0.010548 0.022438 0.009511
v 0.009781 0.023362 -0.009511
v 0.009880 0.023451 -0.010141
v 0.010167 0.023709 -0.010709
v 0.010614 0.024110 -0.011160
v 0.011177 0.024615 -0.011449
v 0.010275 0.025545 0.011449
v 0.011802 0.025176 0.011549
v 0.009754 0.024997 0.011160
v 0.009340 0.024561 0.010709
v 0.009075 0.024282 0.010141
v 0.008983 0.024185 0.009511
v 0.008983 0.024185 -0.009511
v 0.009075 0.024282 -0.010141
v 0.009340 0.024561 -0.010709
v 0.009754 0.024997 -0.011160
v 0.011802 0.025176 -0.011549
v 0.010275 0.025545 -0.011449
v 0.009328 0.026374 0.011449
v 0.010853 0.026154 0.011549
v 0.008854 0.025784 0.011160
v 0.008478 0.025315 0.010709
v 0.008237 0.025014 0.010141
v 0.008154 0.024911 0.009511
v 0.008154 0.024911 -0.009511
v 0.008237 0.025014 -0.010141
v 0.008478 0.025315 -0.010709
v 0.008854 0.025784 -0.011160
v 0.010853 0.026154 -0.011549
v 0.009328 0.026374 -0.011449
v 0.008335 0.027103 0.011449
v 0.009853 0.027029 0.011549
v 0.007914 0.026474 0.011160
v 0.007581 0.025975 0.010709
v 0.007366 0.025654 0.010141
v 0.007292 0.025543 0.009511
v 0.007292 0.025543 -0.009511
v 0.007366 0.025654 -0.010141
v 0.007581 0.025975 -0.010709
v 0.007914 0.026474 -0.011160
v 0.009853 0.027029 -0.011549
v 0.008335 0.027103 -0.011449
v 0.007296 0.027734 0.011449
v 0.008802 0.027801 0.011549
v 0.006933 0.027070 0.011160
v 0.006644 0.026543 0.010709
v 0.006459 0.026204 0.010141
v 0.006395 0.026088 0.009511
v 0.006395 0.026088 -0.009511
v 0.006459 0.026204 -0.010141
v 0.006644 0.026543 -0.010709
v 0.006933 0.027070 -0.011160
v 0.008802 0.027801 -0.011549
v 0.007296 0.027734 -0.011449
v 0.006544 0.029036 0.011549
v 0.007699 0.028470 0.011549
v 0.006209 0.028267 0.011449
v 0.005906 0.027573 0.011160
v 0.005666 0.027023 0.010709
v 0.005511 0.026669 0.010141
v 0.005458 0.026547 -0.009511
v 0.005511 0.026669 -0.010141
v 0.005666 0.027023 -0.010709
v 0.005906 0.027573 -0.011160
v 0.006209 0.028267 -0.011449
v 0.006544 0.029036 -0.011549
v 0.007699 0.028470 -0.011549
v 0.005338 0.029500 0.011549
v 0.005072 0.028704 0.011449
v 0.004832 0.027986 0.011160
v 0.004641 0.027416 0.010709
v 0.005458 0.026547 0.009511
v 0.004519 0.027050 0.010141
v 0.004477 0.026924 -0.009511
v 0.004519 0.027050 -0.010141
v 0.004641 0.027416 -0.010709
v 0.004832 0.027986 -0.011160
v 0.005072 0.028704 -0.011449
v 0.005338 0.029500 -0.011549
v 0.004081 0.029860 0.011549
v 0.003884 0.029044 0.011449
v 0.003707 0.028308 0.011160
v 0.003566 0.027724 0.010709
v 0.004477 0.026924 0.009511
v 0.003476 0.027349 0.010141
v 0.003444 0.027220 -0.009511
v 0.003476 0.027349 -0.010141
v 0.003566 0.027724 -0.010709
v 0.003707 0.028308 -0.011160
v 0.003884 0.029044 -0.011449
v 0.004081 0.029860 -0.011549
v 0.002772 0.030117 0.011549
v 0.002644 0.029288 0.011449
v 0.002528 0.028540 0.011160
v 0.002436 0.027946 0.010709
v 0.003444 0.027220 0.009511
v 0.002377 0.027565 0.010141
v 0.002357 0.027434 -0.009511
v 0.002377 0.027565 -0.010141
v 0.002436 0.027946 -0.010709
v 0.002528 0.028540 -0.011160
v 0.002644 0.029288 -0.011449
v 0.002772 0.030117 -0.011549
v 0.001412 0.030272 0.011549
v 0.001349 0.029435 0.011449
v 0.001293 0.028680 0.011160
v 0.001248 0.028081 0.010709
v 0.002357 0.027434 0.009511
v 0.001219 0.027697 0.010141
v 0.001209 0.027564 -0.009511
v 0.001219 0.027697 -0.010141
v 0.001248 0.028081 -0.010709
v 0.001293 0.028680 -0.011160
v 0.001349 0.029435 -0.011449
v 0.001412 0.030272 -0.011549
v 0.000000 0.030323 0.011549
v 0.000000 0.029484 0.011449
v 0.000000 0.028727 0.011160
v 0.000001 0.028127 0.010709
v 0.001209 0.027564 0.009511
v 0.000001 0.027741 0.010141
v 0.000001 0.027608 -0.009511
v 0.000001 0.027741 -0.010141
v 0.000001 0.028127 -0.010709
v 0.000000 0.028727 -0.011160
v 0.000000 0.029484 -0.011449
v 0.000000 0.030323 -0.011549
v -0.001327 0.029435 0.011449
v -0.001269 0.028680 0.011160
v -0.001224 0.028081 0.010709
v -0.001195 0.027697 0.010141
v -0.001185 0.027564 0.009511
v 0.000001 0.027608 0.009511
v -0.001185 0.027564 -0.009511
v -0.001195 0.027697 -0.010141
v -0.001224 0.028081 -0.010709
v -0.001269 0.028680 -0.011160
v -0.001327 0.029435 -0.011449
v -0.002601 0.029288 0.011449
v -0.001390 0.030272 0.011549
v -0.002483 0.028541 0.011160
v -0.002390 0.027947 0.010709
v -0.002330 0.027566 0.010141
v -0.002310 0.027435 0.009511
v -0.002310 0.027435 -0.009511
v -0.002330 0.027566 -0.010141
v -0.002390 0.027947 -0.010709
v -0.002483 0.028541 -0.011160
v -0.001390 0.030272 -0.011549
v -0.002601 0.029288 -0.011449
v -0.003823 0.029045 0.011449
v -0.002731 0.030117 0.011549
v -0.003643 0.028309 0.011160
v -0.003501 0.027726 0.010709
v -0.003409 0.027351 0.010141
v -0.003378 0.027222 0.009511
v -0.003378 0.027222 -0.009511
v -0.003409 0.027351 -0.010141
v -0.003501 0.027726 -0.010709
v -0.003643 0.028309 -0.011160
v -0.002731 0.030117 -0.011549
v -0.003823 0.029045 -0.011449
v -0.004994 0.028705 0.011449
v -0.004022 0.029860 0.011549
v -0.004751 0.027988 0.011160
v -0.004559 0.027419 0.010709
v -0.004435 0.027053 0.010141
v -0.004392 0.026928 0.009511
v -0.004392 0.026928 -0.009511
v -0.004435 0.027053 -0.010141
v -0.004559 0.027419 -0.010709
v -0.004751 0.027988 -0.011160
v -0.004022 0.029860 -0.011549
v -0.004994 0.028705 -0.011449
v -0.006117 0.028268 0.011449
v -0.005263 0.029500 0.011549
v -0.005811 0.027576 0.011160
v -0.005569 0.027026 0.010709
v -0.005413 0.026673 0.010141
v -0.005359 0.026552 0.009511
v -0.005359 0.026552 -0.009511
v -0.005413 0.026673 -0.010141
v -0.005569 0.027026 -0.010709
v -0.005811 0.027576 -0.011160
v -0.005263 0.029500 -0.011549
v -0.006117 0.028268 -0.011449
v -0.007598 0.028470 0.011549
v -0.006455 0.029036 0.011549
v -0.007192 0.027736 0.011449
v -0.006826 0.027073 0.011160
v -0.006535 0.026547 0.010709
v -0.006348 0.026210 0.010141
v -0.006284 0.026093 -0.009511
v -0.006348 0.026210 -0.010141
v -0.006535 0.026547 -0.010709
v -0.006826 0.027073 -0.011160
v -0.007192 0.027736 -0.011449
v -0.007598 0.028470 -0.011549
v -0.006455 0.029036 -0.011549
v -0.008690 0.027801 0.011549
v -0.008221 0.027105 0.011449
v -0.007798 0.026478 0.011160
v -0.007462 0.025979 0.010709
v -0.006284 0.026093 0.009511
v -0.007246 0.025660 0.010141
v -0.007172 0.025550 -0.009511
v -0.007246 0.025660 -0.010141
v -0.007462 0.025979 -0.010709
v -0.007798 0.026478 -0.011160
v -0.008221 0.027105 -0.011449
v -0.008690 0.027801 -0.011549
v -0.009733 0.027029 0.011549
v -0.009206 0.026376 0.011449
v -0.008730 0.025787 0.011160
v -0.008353 0.025320 0.010709
v -0.007172 0.025550 0.009511
v -0.008110 0.025020 0.010141
v -0.008027 0.024917 -0.009511
v -0.008110 0.025020 -0.010141
v -0.008353 0.025320 -0.010709
v -0.008730 0.025787 -0.011160
v -0.009206 0.026376 -0.011449
v -0.009733 0.027029 -0.011549
v -0.010727 0.026154 0.011549
v -0.010147 0.025547 0.011449
v -0.009624 0.025000 0.011160
v -0.009209 0.024566 0.010709
v -0.008027 0.024917 0.009511
v -0.008943 0.024287 0.010141
v -0.008851 0.024191 -0.009511
v -0.008943 0.024287 -0.010141
v -0.009209 0.024566 -0.010709
v -0.009624 0.025000 -0.011160
v -0.010147 0.025547 -0.011449
v -0.010727 0.026154 -0.011549
v -0.011671 0.025176 0.011549
v -0.011045 0.024617 0.011449
v -0.010481 0.024112 0.011160
v -0.010033 0.023712 0.010709
v -0.008851 0.024191 0.009511
v -0.009746 0.023455 0.010141
v -0.009646 0.023366 -0.009511
v -0.009746 0.023455 -0.010141
v -0.010033 0.023712 -0.010709
v -0.010481 0.024112 -0.011160
v -0.011045 0.024617 -0.011449
v -0.011671 0.025176 -0.011549
v -0.012565 0.024095 0.011549
v -0.011900 0.023583 0.011449
v -0.011300 0.023122 0.011160
v -0.010824 0.022756 0.010709
v -0.009646 0.023366 0.009511
v -0.010518 0.022521 0.010141
v -0.010413 0.022440 -0.009511
v -0.010518 0.022521 -0.010141
v -0.010824 0.022756 -0.010709
v -0.011300 0.023122 -0.011160
v -0.011900 0.023583 -0.011449
v -0.012565 0.024095 -0.011549
v -0.012709 0.022449 0.011449
v -0.012078 0.022032 0.011160
v -0.011576 0.021701 0.010709
v -0.011254 0.021489 0.010141
v -0.011143 0.021416 0.009511
v -0.010413 0.022440 0.009511
v -0.011143 0.021416 -0.009511
v -0.011254 0.021489 -0.010141
v -0.011576 0.021701 -0.010709
v -0.012078 0.022032 -0.011160
v -0.012709 0.022449 -0.011449
v -0.013463 0.021210 0.011449
v -0.013410 0.022911 0.011549
v -0.012802 0.020841 0.011160
v -0.012278 0.020548 0.010709
v -0.011941 0.020360 0.010141
v -0.011825 0.020295 0.009511
v -0.011825 0.020295 -0.009511
v -0.011941 0.020360 -0.010141
v -0.012278 0.020548 -0.010709
v -0.012802 0.020841 -0.011160
v -0.013410 0.022911 -0.011549
v -0.013463 0.021210 -0.011449
v -0.014913 0.020215 0.011549
v -0.014195 0.021619 0.011549
v -0.014153 0.019859 0.011449
v -0.013468 0.019538 0.011160
v -0.012924 0.019283 0.010709
v -0.012575 0.019119 0.010141
v -0.012455 0.019063 0.009511
v -0.012575 0.019119 -0.010141
v -0.012924 0.019283 -0.010709
v -0.013468 0.019538 -0.011160
v -0.014153 0.019859 -0.011449
v -0.014913 0.020215 -0.011549
v -0.014195 0.021619 -0.011549
v -0.015562 0.018699 0.011549
v -0.014781 0.018393 0.011449
v -0.014076 0.018117 0.011160
v -0.013517 0.017898 0.010709
v -0.013158 0.017757 0.010141
v -0.013035 0.017709 -0.009511
v -0.012455 0.019063 -0.009511
v -0.013158 0.017757 -0.010141
v -0.013517 0.017898 -0.010709
v -0.014076 0.018117 -0.011160
v -0.014781 0.018393 -0.011449
v -0.015562 0.018699 -0.011549
v -0.016142 0.017071 0.011549
v -0.015345 0.016811 0.011449
v -0.014625 0.016577 0.011160
v -0.014054 0.016392 0.010709
v -0.013035 0.017709 0.009511
v -0.013688 0.016273 0.010141
v -0.013561 0.016231 -0.009511
v -0.013688 0.016273 -0.010141
v -0.014054 0.016392 -0.010709
v -0.014625 0.016577 -0.011160
v -0.015345 0.016811 -0.011449
v -0.016142 0.017071 -0.011549
v -0.016655 0.015330 0.011549
v -0.015845 0.015114 0.011449
v -0.015114 0.014919 0.011160
v -0.014533 0.014764 0.010709
v -0.013561 0.016231 0.009511
v -0.014161 0.014665 0.010141
v -0.014033 0.014630 -0.009511
v -0.014161 0.014665 -0.010141
v -0.014533 0.014764 -0.010709
v -0.015114 0.014919 -0.011160
v -0.015845 0.015114 -0.011449
v -0.016655 0.015330 -0.011549
v -0.017099 0.013477 0.011549
v -0.016279 0.013300 0.011449
v -0.015540 0.013141 0.011160
v -0.014953 0.013015 0.010709
v -0.014033 0.014630 0.009511
v -0.014576 0.012934 0.010141
v -0.014446 0.012906 -0.009511
v -0.014576 0.012934 -0.010141
v -0.014953 0.013015 -0.010709
v -0.015540 0.013141 -0.011160
v -0.016279 0.013300 -0.011449
v -0.017099 0.013477 -0.011549
v -0.017475 0.011512 0.011549
v -0.016648 0.011371 0.011449
v -0.015902 0.011245 0.011160
v -0.015310 0.011145 0.010709
v -0.014446 0.012906 0.009511
v -0.014930 0.011080 0.010141
v -0.014799 0.011058 -0.009511
v -0.014930 0.011080 -0.010141
v -0.015310 0.011145 -0.010709
v -0.015902 0.011245 -0.011160
v -0.016648 0.011371 -0.011449
v -0.017475 0.011512 -0.011549
v -0.017782 0.009434 0.011549
v -0.016950 0.009327 0.011449
v -0.016200 0.009231 0.011160
v -0.015605 0.009154 0.010709
v -0.014799 0.011058 0.009511
v -0.015223 0.009105 0.010141
v -0.015091 0.009088 -0.009511
v -0.015223 0.009105 -0.010141
v -0.015605 0.009154 -0.010709
v -0.016200 0.009231 -0.011160
v -0.016950 0.009327 -0.011449
v -0.017782 0.009434 -0.011549
v -0.018021 0.007244 0.011549
v -0.017186 0.007167 0.011449
v -0.016433 0.007098 0.011160
v -0.015835 0.007043 0.010709
v -0.015091 0.009088 0.009511
v -0.015451 0.007008 0.010141
v -0.015319 0.006996 0.009511
v -0.015451 0.007008 -0.010141
v -0.015835 0.007043 -0.010709
v -0.016433 0.007098 -0.011160
v -0.017186 0.007167 -0.011449
v -0.018021 0.007244 -0.011549
v -0.018192 0.004942 0.011549
v -0.017355 0.004893 0.011449
v -0.016600 0.004849 0.011160
v -0.016001 0.004814 0.010709
v -0.015616 0.004791 0.010141
v -0.015483 0.004784 -0.009511
v -0.015319 0.006996 -0.009511
v -0.015616 0.004791 -0.010141
v -0.016001 0.004814 -0.010709
v -0.016600 0.004849 -0.011160
v -0.017355 0.004893 -0.011449
v -0.018192 0.004942 -0.011549
v -0.018294 0.002527 0.011549
v -0.017456 0.002503 0.011449
v -0.016700 0.002482 0.011160
v -0.016100 0.002466 0.010709
v -0.015483 0.004784 0.009511
v -0.015715 0.002455 0.010141
v -0.015582 0.002451 -0.009511
v -0.015715 0.002455 -0.010141
v -0.016100 0.002466 -0.010709
v -0.016700 0.002482 -0.011160
v -0.017456 0.002503 -0.011449
v -0.018294 0.002527 -0.011549
v -0.018329 -0.000000 0.011549
v -0.017490 -0.000000 0.011449
v -0.016734 -0.000000 0.011160
v -0.016134 -0.000000 0.010709
v -0.015582 0.002451 0.009511
v -0.015748 -0.000000 0.010141
v -0.015615 -0.000000 -0.009511
v -0.015748 -0.000000 -0.010141
v -0.016134 -0.000000 -0.010709
v -0.016734 -0.000000 -0.011160
v -0.017490 -0.000000 -0.011449
v -0.018329 -0.000000 -0.011549
v -0.017456 -0.002503 0.011449
v -0.016700 -0.002482 0.011160
v -0.016100 -0.002466 0.010709
v -0.015715 -0.002455 0.010141
v -0.015582 -0.002451 0.009511
v -0.015615 -0.000000 0.009511
v -0.015582 -0.002451 -0.009511
v -0.015715 -0.002455 -0.010141
v -0.016100 -0.002466 -0.010709
v -0.016700 -0.002482 -0.011160
v -0.017456 -0.002503 -0.011449
v -0.017355 -0.004893 0.011449
v -0.018294 -0.002527 0.011549
v -0.016600 -0.004849 0.011160
v -0.016001 -0.004814 0.010709
v -0.015616 -0.004791 0.010141
v -0.015483 -0.004784 0.009511
v -0.015483 -0.004784 -0.009511
v -0.015616 -0.004791 -0.010141
v -0.016001 -0.004814 -0.010709
v -0.016600 -0.004849 -0.011160
v -0.018294 -0.002527 -0.011549
v -0.017355 -0.004893 -0.011449
v -0.017186 -0.007167 0.011449
v -0.018192 -0.004942 0.011549
v -0.016433 -0.007098 0.011160
v -0.015835 -0.007043 0.010709
v -0.015451 -0.007008 0.010141
v -0.015319 -0.006996 0.009511
v -0.015319 -0.006996 -0.009511
v -0.015451 -0.007008 -0.010141
v -0.015835 -0.007043 -0.010709
v -0.016433 -0.007098 -0.011160
v -0.018192 -0.004942 -0.011549
v -0.017186 -0.007167 -0.011449
v -0.016950 -0.009327 0.011449
v -0.018021 -0.007244 0.011549
v -0.016200 -0.009231 0.011160
v -0.015605 -0.009154 0.010709
v -0.015223 -0.009105 0.010141
v -0.015091 -0.009088 0.009511
v -0.015091 -0.009088 -0.009511
v -0.015223 -0.009105 -0.010141
v -0.015605 -0.009154 -0.010709
v -0.016200 -0.009231 -0.011160
v -0.018021 -0.007244 -0.011549
v -0.016950 -0.009327 -0.011449
v -0.016648 -0.011371 0.011449
v -0.017782 -0.009434 0.011549
v -0.015902 -0.011245 0.011160
v -0.015310 -0.011145 0.010709
v -0.014930 -0.011080 0.010141
v -0.014799 -0.011058 0.009511
v -0.014799 -0.011058 -0.009511
v -0.014930 -0.011080 -0.010141
v -0.015310 -0.011145 -0.010709
v -0.015902 -0.011245 -0.011160
v -0.017782 -0.009434 -0.011549
v -0.016648 -0.011371 -0.011449
v -0.016279 -0.013300 0.011449
v -0.017475 -0.011512 0.011549
v -0.015540 -0.013141 0.011160
v -0.014953 -0.013015 0.010709
v -0.014576 -0.012934 0.010141
v -0.014446 -0.012906 0.009511
v -0.014446 -0.012906 -0.009511
v -0.014576 -0.012934 -0.010141
v -0.014953 -0.013015 -0.010709
v -0.015540 -0.013141 -0.011160
v -0.017475 -0.011512 -0.011549
v -0.016279 -0.013300 -0.011449
v -0.015845 -0.015114 0.011449
v -0.017099 -0.013477 0.011549
v -0.015114 -0.014919 0.011160
v -0.014533 -0.014764 0.010709
v -0.014161 -0.014665 0.010141
v -0.014033 -0.014630 0.009511
v -0.014033 -0.014630 -0.009511
v -0.014161 -0.014665 -0.010141
v -0.014533 -0.014764 -0.010709
v -0.015114 -0.014919 -0.011160
v -0.017099 -0.013477 -0.011549
v -0.015845 -0.015114 -0.011449
v -0.015345 -0.016811 0.011449
v -0.016655 -0.015330 0.011549
v -0.014625 -0.016577 0.011160
v -0.014054 -0.016392 0.010709
v -0.013688 -0.016273 0.010141
v -0.013561 -0.016231 0.009511
v -0.013561 -0.016231 -0.009511
v -0.013688 -0.016273 -0.010141
v -0.014054 -0.016392 -0.010709
v -0.014625 -0.016577 -0.011160
v -0.016655 -0.015330 -0.011549
v -0.015345 -0.016811 -0.011449
v -0.014781 -0.018393 0.011449
v -0.016142 -0.017071 0.011549
v -0.014076 -0.018117 0.011160
v -0.013517 -0.017898 0.010709
v -0.013158 -0.017757 0.010141
v -0.013035 -0.017709 0.009511
v -0.013035 -0.017709 -0.009511
v -0.013158 -0.017757 -0.010141
v -0.013517 -0.017898 -0.010709
v -0.014076 -0.018117 -0.011160
v -0.016142 -0.017071 -0.011549
v -0.014781 -0.018393 -0.011449
v -0.014153 -0.019859 0.011449
v -0.015562 -0.018699 0.011549
v -0.013468 -0.019538 0.011160
v -0.012924 -0.019283 0.010709
v -0.012575 -0.019119 0.010141
v -0.012455 -0.019063 0.009511
v -0.012455 -0.019063 -0.009511
v -0.012575 -0.019119 -0.010141
v -0.012924 -0.019283 -0.010709
v -0.013468 -0.019538 -0.011160
v -0.015562 -0.018699 -0.011549
v -0.014153 -0.019859 -0.011449
v -0.013463 -0.021210 0.011449
v -0.014913 -0.020215 0.011549
v -0.012802 -0.020841 0.011160
v -0.012278 -0.020548 0.010709
v -0.011941 -0.020360 0.010141
v -0.011825 -0.020295 0.009511
v -0.011825 -0.020295 -0.009511
v -0.011941 -0.020360 -0.010141
v -0.012278 -0.020548 -0.010709
v -0.012802 -0.020841 -0.011160
v -0.014913 -0.020215 -0.011549
v -0.013463 -0.021210 -0.011449
v -0.013410 -0.022911 0.011549
v -0.014195 -0.021619 0.011549
v -0.012709 -0.022449 0.011449
v -0.012078 -0.022032 0.011160
v -0.011576 -0.021701 0.010709
v -0.011254 -0.021489 0.010141
v -0.011143 -0.021416 -0.009511
v -0.011254 -0.021489 -0.010141
v -0.011576 -0.021701 -0.010709
v -0.012078 -0.022032 -0.011160
v -0.012709 -0.022449 -0.011449
v -0.013410 -0.022911 -0.011549
v -0.014195 -0.021619 -0.011549
v -0.012565 -0.024095 0.011549
v -0.011900 -0.023583 0.011449
v -0.011300 -0.023122 0.011160
v -0.010824 -0.022756 0.010709
v -0.011143 -0.021416 0.009511
v -0.010518 -0.022521 0.010141
v -0.010413 -0.022440 -0.009511
v -0.010518 -0.022521 -0.010141
v -0.010824 -0.022756 -0.010709
v -0.011300 -0.023122 -0.011160
v -0.011900 -0.023583 -0.011449
v -0.012565 -0.024095 -0.011549
v -0.011045 -0.024617 0.011449
v -0.010481 -0.024112 0.011160
v -0.010033 -0.023712 0.010709
v -0.009746 -0.023455 0.010141
v -0.009646 -0.023366 0.009511
v -0.010413 -0.022440 0.009511
v -0.009646 -0.023366 -0.009511
v -0.009746 -0.023455 -0.010141
v -0.010033 -0.023712 -0.010709
v -0.010481 -0.024112 -0.011160
v -0.011045 -0.024617 -0.011449
v -0.010147 -0.025547 0.011449
v -0.011671 -0.025176 0.011549
v -0.009624 -0.025000 0.011160
v -0.009209 -0.024566 0.010709
v -0.008943 -0.024287 0.010141
v -0.008851 -0.024191 0.009511
v -0.008851 -0.024191 -0.009511
v -0.008943 -0.024287 -0.010141
v -0.009209 -0.024566 -0.010709
v -0.009624 -0.025000 -0.011160
v -0.011671 -0.025176 -0.011549
v -0.010147 -0.025547 -0.011449
v -0.009206 -0.026376 0.011449
v -0.010727 -0.026154 0.011549
v -0.008730 -0.025787 0.011160
v -0.008353 -0.025320 0.010709
v -0.008110 -0.025020 0.010141
v -0.008027 -0.024917 0.009511
v -0.008027 -0.024917 -0.009511
v -0.008110 -0.025020 -0.010141
v -0.008353 -0.025320 -0.010709
v -0.008730 -0.025787 -0.011160
v -0.010727 -0.026154 -0.011549
v -0.009206 -0.026376 -0.011449
v -0.008221 -0.027105 0.011449
v -0.009733 -0.027029 0.011549
v -0.007798 -0.026478 0.011160
v -0.007462 -0.025979 0.010709
v -0.007246 -0.025660 0.010141
v -0.007172 -0.025550 0.009511
v -0.007172 -0.025550 -0.009511
v -0.007246 -0.025660 -0.010141
v -0.007462 -0.025979 -0.010709
v -0.007798 -0.026478 -0.011160
v -0.009733 -0.027029 -0.011549
v -0.008221 -0.027105 -0.011449
v -0.007192 -0.027736 0.011449
v -0.008690 -0.027801 0.011549
v -0.006826 -0.027073 0.011160
v -0.006535 -0.026547 0.010709
v -0.006348 -0.026210 0.010141
v -0.006284 -0.026093 0.009511
v -0.006284 -0.026093 -0.009511
v -0.006348 -0.026210 -0.010141
v -0.006535 -0.026547 -0.010709
v -0.006826 -0.027073 -0.011160
v -0.008690 -0.027801 -0.011549
v -0.007192 -0.027736 -0.011449
v -0.006117 -0.028268 0.011449
v -0.007598 -0.028470 0.011549
v -0.005811 -0.027576 0.011160
v -0.005569 -0.027026 0.010709
v -0.005413 -0.026673 0.010141
v -0.005359 -0.026552 0.009511
v -0.005359 -0.026552 -0.009511
v -0.005413 -0.026673 -0.010141
v -0.005569 -0.027026 -0.010709
v -0.005811 -0.027576 -0.011160
v -0.007598 -0.028470 -0.011549
v -0.006117 -0.028268 -0.011449
v -0.005263 -0.029500 0.011549
v -0.006455 -0.029036 0.011549
v -0.004994 -0.028705 0.011449
v -0.004751 -0.027988 0.011160
v -0.004559 -0.027419 0.010709
v -0.004435 -0.027053 0.010141
v -0.004392 -0.026928 0.009511
v -0.004435 -0.027053 -0.010141
v -0.004559 -0.027419 -0.010709
v -0.004751 -0.027988 -0.011160
v -0.004994 -0.028705 -0.011449
v -0.005263 -0.029500 -0.011549
v -0.006455 -0.029036 -0.011549
v -0.004022 -0.029860 0.011549
v -0.003823 -0.029045 0.011449
v -0.003643 -0.028309 0.011160
v -0.003501 -0.027726 0.010709
v -0.003409 -0.027351 0.010141
v -0.003378 -0.027222 -0.009511
v -0.004392 -0.026928 -0.009511
v -0.003409 -0.027351 -0.010141
v -0.003501 -0.027726 -0.010709
v -0.003643 -0.028309 -0.011160
v -0.003823 -0.029045 -0.011449
v -0.004022 -0.029860 -0.011549
v -0.002731 -0.030117 0.011549
v -0.002601 -0.029288 0.011449
v -0.002483 -0.028541 0.011160
v -0.002390 -0.027947 0.010709
v -0.003378 -0.027222 0.009511
v -0.002330 -0.027566 0.010141
v -0.002310 -0.027435 -0.009511
v -0.002330 -0.027566 -0.010141
v -0.002390 -0.027947 -0.010709
v -0.002483 -0.028541 -0.011160
v -0.002601 -0.029288 -0.011449
v -0.002731 -0.030117 -0.011549
v -0.001390 -0.030272 0.011549
v -0.001327 -0.029435 0.011449
v -0.001269 -0.028680 0.011160
v -0.001224 -0.028082 0.010709
v -0.002310 -0.027435 0.009511
v -0.001195 -0.027697 0.010141
v -0.001185 -0.027564 -0.009511
v -0.001195 -0.027697 -0.010141
v -0.001224 -0.028082 -0.010709
v -0.001269 -0.028680 -0.011160
v -0.001327 -0.029435 -0.011449
v -0.001390 -0.030272 -0.011549
v -0.001185 -0.027564 0.009511
v -0.001937 0.048746 -0.012500
v 0.001935 0.048746 -0.012500
v -0.000001 0.048787 -0.012500
v -0.003838 0.048626 -0.012500
v 0.003836 0.048626 -0.012500
v -0.005703 0.048424 -0.012500
v 0.005701 0.048424 -0.012500
v -0.007533 0.048143 -0.012500
v 0.007531 0.048143 -0.012500
v -0.009327 0.047781 -0.012500
v 0.009325 0.047781 -0.012500
v -0.011086 0.047338 -0.012500
v 0.011084 0.047338 -0.012500
v 0.012807 0.046815 -0.012500
v -0.012809 0.046815 -0.012500
v 0.014494 0.046211 -0.012500
v -0.014496 0.046211 -0.012500
v 0.016146 0.045527 -0.012500
v -0.016148 0.045527 -0.012500
v 0.017762 0.044762 -0.012500
v -0.017764 0.044762 -0.012500
v 0.019343 0.043917 -0.012500
v -0.019345 0.043917 -0.012500
v 0.020888 0.042992 -0.012500
v -0.020890 0.042992 -0.012500
v -0.022390 0.041990 -0.012500
v 0.022388 0.041990 -0.012500
v 0.023833 0.040916 -0.012500
v -0.023835 0.040916 -0.012500
v 0.025222 0.039770 -0.012500
v -0.025224 0.039770 -0.012500
v 0.026556 0.038552 -0.012500
v -0.026558 0.038552 -0.012500
v 0.027835 0.037262 -0.012500
v -0.027837 0.037262 -0.012500
v 0.029059 0.035899 -0.012500
v -0.029061 0.035899 -0.012500
v 0.030227 0.034465 -0.012500
v -0.030229 0.034465 -0.012500
v 0.031340 0.032959 -0.012500
v -0.031342 0.032959 -0.012500
v 0.032398 0.031380 -0.012500
v -0.032400 0.031380 -0.012500
v 0.033401 0.029730 -0.012500
v -0.033403 0.029730 -0.012500
v -0.000001 0.030323 -0.012500
v -0.001391 0.030272 -0.012500
v 0.001411 0.030272 -0.012500
v -0.002732 0.030117 -0.012500
v 0.002771 0.030117 -0.012500
v -0.004023 0.029860 -0.012500
v 0.004080 0.029860 -0.012500
v -0.005265 0.029500 -0.012500
v 0.005337 0.029500 -0.012500
v 0.034349 0.028007 -0.012500
v -0.034351 0.028007 -0.012500
v -0.006456 0.029036 -0.012500
v 0.006543 0.029036 -0.012500
v -0.007599 0.028470 -0.012500
v 0.007698 0.028470 -0.012500
v -0.008691 0.027801 -0.012500
v 0.008801 0.027801 -0.012500
v 0.035241 0.026213 -0.012500
v -0.035243 0.026213 -0.012500
v -0.009734 0.027029 -0.012500
v 0.009852 0.027029 -0.012500
v -0.010728 0.026154 -0.012500
v 0.010852 0.026154 -0.012500
v -0.036072 0.024353 -0.012500
v 0.036070 0.024353 -0.012500
v -0.011672 0.025176 -0.012500
v 0.011801 0.025176 -0.012500
v -0.012566 0.024095 -0.012500
v 0.012698 0.024095 -0.012500
v 0.036827 0.022434 -0.012500
v -0.036829 0.022434 -0.012500
v -0.013411 0.022911 -0.012500
v 0.013543 0.022911 -0.012500
v -0.014196 0.021619 -0.012500
v 0.014329 0.021619 -0.012500
v 0.037511 0.020456 -0.012500
v -0.037513 0.020456 -0.012500
v -0.014914 0.020216 -0.012500
v 0.015046 0.020216 -0.012500
v 0.038124 0.018419 -0.012500
v -0.038126 0.018419 -0.012500
v -0.015563 0.018699 -0.012500
v 0.015695 0.018699 -0.012500
v -0.016143 0.017071 -0.012500
v 0.016276 0.017071 -0.012500
v -0.038666 0.016323 -0.012500
v 0.038664 0.016323 -0.012500
v -0.016656 0.015330 -0.012500
v 0.016788 0.015330 -0.012500
v -0.039135 0.014168 -0.012500
v 0.039133 0.014168 -0.012500
v -0.017100 0.013477 -0.012500
v 0.017233 0.013477 -0.012500
v -0.039531 0.011954 -0.012500
v 0.039529 0.011954 -0.012500
v -0.017476 0.011512 -0.012500
v 0.017608 0.011512 -0.012500
v -0.039855 0.009681 -0.012500
v 0.039853 0.009681 -0.012500
v -0.017783 0.009434 -0.012500
v 0.017916 0.009434 -0.012500
v -0.040108 0.007349 -0.012500
v 0.040105 0.007349 -0.012500
v -0.018022 0.007244 -0.012500
v 0.018155 0.007244 -0.012500
v -0.040288 0.004959 -0.012500
v 0.040286 0.004959 -0.012500
v -0.018193 0.004942 -0.012500
v 0.018326 0.004942 -0.012500
v -0.040396 0.002509 -0.012500
v 0.040394 0.002509 -0.012500
v -0.018296 0.002527 -0.012500
v 0.018428 0.002527 -0.012500
v -0.018330 0.000000 -0.012500
v 0.018462 0.000000 -0.012500
v -0.040432 0.000000 -0.012500
v 0.040430 0.000000 -0.012500
v -0.040396 -0.002509 -0.012500
v -0.018296 -0.002527 -0.012500
v 0.018428 -0.002527 -0.012500
v 0.040394 -0.002509 -0.012500
v -0.040288 -0.004958 -0.012500
v 0.040286 -0.004958 -0.012500
v -0.018193 -0.004941 -0.012500
v 0.018326 -0.004941 -0.012500
v -0.018022 -0.007244 -0.012500
v 0.018155 -0.007244 -0.012500
v -0.040108 -0.007349 -0.012500
v 0.040105 -0.007349 -0.012500
v -0.017783 -0.009434 -0.012500
v 0.017916 -0.009434 -0.012500
v -0.039855 -0.009681 -0.012500
v 0.039853 -0.009681 -0.012500
v -0.017476 -0.011511 -0.012500
v 0.017608 -0.011511 -0.012500
v 0.039529 -0.011954 -0.012500
v -0.039531 -0.011954 -0.012500
v -0.017100 -0.013477 -0.012500
v 0.017233 -0.013477 -0.012500
v 0.039133 -0.014167 -0.012500
v -0.039135 -0.014168 -0.012500
v -0.016656 -0.015330 -0.012500
v 0.016788 -0.015330 -0.012500
v 0.038664 -0.016322 -0.012500
v -0.038666 -0.016322 -0.012500
v -0.016143 -0.017071 -0.012500
v 0.016276 -0.017071 -0.012500
v 0.038124 -0.018418 -0.012500
v -0.038126 -0.018418 -0.012500
v -0.015563 -0.018699 -0.012500
v 0.015695 -0.018699 -0.012500
v 0.037511 -0.020455 -0.012500
v -0.037513 -0.020455 -0.012500
v -0.014914 -0.020215 -0.012500
v 0.015046 -0.020215 -0.012500
v -0.014196 -0.021619 -0.012500
v 0.014329 -0.021619 -0.012500
v 0.036827 -0.022433 -0.012500
v -0.036829 -0.022433 -0.012500
v -0.013411 -0.022911 -0.012500
v 0.013543 -0.022911 -0.012500
v 0.036070 -0.024352 -0.012500
v -0.036072 -0.024352 -0.012500
v -0.012566 -0.024095 -0.012500
v 0.012698 -0.024095 -0.012500
v -0.011672 -0.025176 -0.012500
v 0.011801 -0.025176 -0.012500
v 0.035241 -0.026213 -0.012500
v -0.035243 -0.026213 -0.012500
v -0.010728 -0.026154 -0.012500
v 0.010852 -0.026154 -0.012500
v -0.009734 -0.027029 -0.012500
v 0.009852 -0.027029 -0.012500
v -0.034351 -0.028007 -0.012500
v 0.034349 -0.028007 -0.012500
v -0.008691 -0.027801 -0.012500
v 0.008801 -0.027801 -0.012500
v -0.007599 -0.028470 -0.012500
v 0.007698 -0.028470 -0.012500
v 0.033401 -0.029730 -0.012500
v -0.033403 -0.029730 -0.012500
v -0.006456 -0.029036 -0.012500
v 0.006543 -0.029036 -0.012500
v -0.005265 -0.029499 -0.012500
v 0.005337 -0.029499 -0.012500
v -0.004023 -0.029860 -0.012500
v 0.004080 -0.029860 -0.012500
v 0.032398 -0.031380 -0.012500
v -0.032400 -0.031380 -0.012500
v -0.002732 -0.030117 -0.012500
v 0.002771 -0.030117 -0.012500
v -0.001391 -0.030272 -0.012500
v 0.001411 -0.030272 -0.012500
v -0.000001 -0.030323 -0.012500
v 0.031340 -0.032958 -0.012500
v -0.031342 -0.032958 -0.012500
v 0.030227 -0.034465 -0.012500
v -0.030229 -0.034465 -0.012500
v 0.029059 -0.035899 -0.012500
v -0.029061 -0.035899 -0.012500
v 0.027835 -0.037261 -0.012500
v -0.027837 -0.037261 -0.012500
v -0.026558 -0.038551 -0.012500
v 0.026556 -0.038551 -0.012500
v -0.025224 -0.039769 -0.012500
v 0.025222 -0.039769 -0.012500
v -0.023835 -0.040915 -0.012500
v 0.023833 -0.040915 -0.012500
v -0.022390 -0.041989 -0.012500
v 0.022388 -0.041989 -0.012500
v -0.020890 -0.042991 -0.012500
v 0.020888 -0.042991 -0.012500
v -0.019345 -0.043917 -0.012500
v 0.019343 -0.043917 -0.012500
v -0.017764 -0.044762 -0.012500
v 0.017762 -0.044762 -0.012500
v -0.016148 -0.045527 -0.012500
v 0.016146 -0.045527 -0.012500
v 0.014494 -0.046211 -0.012500
v -0.014496 -0.046211 -0.012500
v 0.012807 -0.046814 -0.012500
v -0.012809 -0.046814 -0.012500
v 0.011084 -0.047338 -0.012500
v -0.011086 -0.047338 -0.012500
v 0.009325 -0.047780 -0.012500
v -0.009327 -0.047780 -0.012500
v 0.007531 -0.048142 -0.012500
v -0.007533 -0.048142 -0.012500
v 0.005701 -0.048424 -0.012500
v -0.005703 -0.048424 -0.012500
v 0.003836 -0.048625 -0.012500
v -0.003838 -0.048625 -0.012500
v 0.001935 -0.048746 -0.012500
v -0.001937 -0.048746 -0.012500
v -0.000001 -0.048786 -0.012500
v -0.001937 0.048746 0.012500
v -0.000001 0.048787 0.012500
v 0.001935 0.048746 0.012500
v -0.003838 0.048626 0.012500
v 0.003836 0.048626 0.012500
v -0.005703 0.048424 0.012500
v 0.005701 0.048424 0.012500
v -0.007533 0.048143 0.012500
v 0.007531 0.048143 0.012500
v -0.009327 0.047781 0.012500
v 0.009325 0.047781 0.012500
v -0.011086 0.047338 0.012500
v 0.011084 0.047338 0.012500
v 0.012807 0.046815 0.012500
v -0.012809 0.046815 0.012500
v 0.014494 0.046211 0.012500
v -0.014496 0.046211 0.012500
v 0.016146 0.045527 0.012500
v -0.016148 0.045527 0.012500
v 0.017762 0.044762 0.012500
v -0.017764 0.044762 0.012500
v 0.019343 0.043917 0.012500
v -0.019345 0.043917 0.012500
v 0.020888 0.042992 0.012500
v -0.020890 0.042992 0.012500
v -0.022390 0.041990 0.012500
v 0.022388 0.041990 0.012500
v 0.023833 0.040916 0.012500
v -0.023835 0.040916 0.012500
v 0.025222 0.039770 0.012500
v -0.025224 0.039770 0.012500
v 0.026556 0.038552 0.012500
v -0.026558 0.038552 0.012500
v 0.027835 0.037262 0.012500
v -0.027837 0.037262 0.012500
v 0.029059 0.035899 0.012500
v -0.029061 0.035899 0.012500
v 0.030227 0.034465 0.012500
v -0.030229 0.034465 0.012500
v 0.031340 0.032959 0.012500
v -0.031342 0.032959 0.012500
v 0.032398 0.031380 0.012500
v -0.032400 0.031380 0.012500
v 0.033401 0.029730 0.012500
v -0.033403 0.029730 0.012500
v -0.000001 0.030323 0.012500
v -0.001391 0.030272 0.012500
v 0.001411 0.030272 0.012500
v -0.002732 0.030117 0.012500
v 0.002771 0.030117 0.012500
v -0.004023 0.029860 0.012500
v 0.004080 0.029860 0.012500
v -0.005265 0.029500 0.012500
v 0.005337 0.029500 0.012500
v 0.034349 0.028007 0.012500
v -0.034351 0.028007 0.012500
v -0.006456 0.029036 0.012500
v 0.006543 0.029036 0.012500
v -0.007599 0.028470 0.012500
v 0.007698 0.028470 0.012500
v -0.008691 0.027801 0.012500
v 0.008801 0.027801 0.012500
v 0.035241 0.026213 0.012500
v -0.035243 0.026213 0.012500
v -0.009734 0.027029 0.012500
v 0.009852 0.027029 0.012500
v -0.010728 0.026154 0.012500
v 0.010852 0.026154 0.012500
v -0.036072 0.024353 0.012500
v 0.036070 0.024353 0.012500
v -0.011672 0.025176 0.012500
v 0.011801 0.025176 0.012500
v -0.012566 0.024095 0.012500
v 0.012698 0.024095 0.012500
v 0.036827 0.022434 0.012500
v -0.036829 0.022434 0.012500
v -0.013411 0.022911 0.012500
v 0.013543 0.022911 0.012500
v -0.014196 0.021619 0.012500
v 0.014329 0.021619 0.012500
v 0.037511 0.020456 0.012500
v -0.037513 0.020456 0.012500
v -0.014914 0.020216 0.012500
v 0.015046 0.020216 0.012500
v 0.038124 0.018419 0.012500
v -0.038126 0.018419 0.012500
v -0.015563 0.018699 0.012500
v 0.015695 0.018699 0.012500
v -0.016143 0.017071 0.012500
v 0.016276 0.017071 0.012500
v -0.038666 0.016323 0.012500
v 0.038664 0.016323 0.012500
v -0.016656 0.015330 0.012500
v 0.016788 0.015330 0.012500
v -0.039135 0.014168 0.012500
v 0.039133 0.014168 0.012500
v -0.017100 0.013477 0.012500
v 0.017233 0.013477 0.012500
v -0.039531 0.011954 0.012500
v 0.039529 0.011954 0.012500
v -0.017476 0.011512 0.012500
v 0.017608 0.011512 0.012500
v -0.039855 0.009681 0.012500
v 0.039853 0.009681 0.012500
v -0.017783 0.009434 0.012500
v 0.017916 0.009434 0.012500
v -0.040108 0.007349 0.012500
v 0.040105 0.007349 0.012500
v -0.018022 0.007244 0.012500
v 0.018155 0.007244 0.012500
v -0.040288 0.004959 0.012500
v 0.040286 0.004959 0.012500
v -0.018193 0.004942 0.012500
v 0.018326 0.004942 0.012500
v -0.040396 0.002509 0.012500
v 0.040394 0.002509 0.012500
v -0.018296 0.002527 0.012500
v 0.018428 0.002527 0.012500
v -0.018330 0.000000 0.012500
v 0.018462 0.000000 0.012500
v -0.040432 0.000000 0.012500
v 0.040430 0.000000 0.012500
v -0.040396 -0.002509 0.012500
v -0.018296 -0.002527 0.012500
v 0.018428 -0.002527 0.012500
v 0.040394 -0.002509 0.012500
v -0.040288 -0.004958 0.012500
v 0.040286 -0.004958 0.012500
v -0.018193 -0.004941 0.012500
v 0.018326 -0.004941 0.012500
v -0.018022 -0.007244 0.012500
v 0.018155 -0.007244 0.012500
v -0.040108 -0.007349 0.012500
v 0.040105 -0.007349 0.012500
v -0.017783 -0.009434 0.012500
v 0.017916 -0.009434 0.012500
v -0.039855 -0.009681 0.012500
v 0.039853 -0.009681 0.012500
v -0.017476 -0.011511 0.012500
v 0.017608 -0.011511 0.012500
v 0.039529 -0.011954 0.012500
v -0.039531 -0.011954 0.012500
v -0.017100 -0.013477 0.012500
v 0.017233 -0.013477 0.012500
v 0.039133 -0.014168 0.012500
v -0.039135 -0.014168 0.012500
v -0.016656 -0.015330 0.012500
v 0.016788 -0.015330 0.012500
v 0.038664 -0.016322 0.012500
v -0.038666 -0.016322 0.012500
v -0.016143 -0.017071 0.012500
v 0.016276 -0.017071 0.012500
v 0.038124 -0.018418 0.012500
v -0.038126 -0.018418 0.012500
v -0.015563 -0.018699 0.012500
v 0.015695 -0.018699 0.012500
v 0.037511 -0.020455 0.012500
v -0.037513 -0.020455 0.012500
v -0.014914 -0.020215 0.012500
v 0.015046 -0.020215 0.012500
v -0.014196 -0.021619 0.012500
v 0.014329 -0.021619 0.012500
v 0.036827 -0.022433 0.012500
v -0.036829 -0.022433 0.012500
v -0.013411 -0.022911 0.012500
v 0.013543 -0.022911 0.012500
v 0.036070 -0.024352 0.012500
v -0.036072 -0.024352 0.012500
v -0.012566 -0.024095 0.012500
v 0.012698 -0.024095 0.012500
v -0.011672 -0.025176 0.012500
v 0.011801 -0.025176 0.012500
v 0.035241 -0.026213 0.012500
v -0.035243 -0.026213 0.012500
v -0.010728 -0.026154 0.012500
v 0.010852 -0.026154 0.012500
v -0.009734 -0.027029 0.012500
v 0.009852 -0.027029 0.012500
v -0.034351 -0.028007 0.012500
v 0.034349 -0.028007 0.012500
v -0.008691 -0.027801 0.012500
v 0.008801 -0.027801 0.012500
v -0.007599 -0.028470 0.012500
v 0.007698 -0.028470 0.012500
v 0.033401 -0.029730 0.012500
v -0.033403 -0.029730 0.012500
v -0.006456 -0.029036 0.012500
v 0.006543 -0.029036 0.012500
v -0.005265 -0.029499 0.012500
v 0.005337 -0.029499 0.012500
v -0.004023 -0.029860 0.012500
v 0.004080 -0.029860 0.012500
v 0.032398 -0.031380 0.012500
v -0.032400 -0.031380 0.012500
v -0.002732 -0.030117 0.012500
v 0.002771 -0.030117 0.012500
v -0.001391 -0.030272 0.012500
v 0.001411 -0.030272 0.012500
v -0.000001 -0.030323 0.012500
v 0.031340 -0.032958 0.012500
v -0.031342 -0.032958 0.012500
v 0.030227 -0.034465 0.012500
v -0.030229 -0.034465 0.012500
v 0.029059 -0.035899 0.012500
v -0.029061 -0.035899 0.012500
v 0.027835 -0.037261 0.012500
v -0.027837 -0.037261 0.012500
v -0.026558 -0.038551 0.012500
v 0.026556 -0.038551 0.012500
v -0.025224 -0.039769 0.012500
v 0.025222 -0.039769 0.012500
v -0.023835 -0.040915 0.012500
v 0.023833 -0.040915 0.012500
v -0.022390 -0.041989 0.012500
v 0.022388 -0.041989 0.012500
v -0.020890 -0.042991 0.012500
v 0.020888 -0.042991 0.012500
v -0.019345 -0.043917 0.012500
v 0.019343 -0.043917 0.012500
v -0.017764 -0.044762 0.012500
v 0.017762 -0.044762 0.012500
v -0.016148 -0.045527 0.012500
v 0.016146 -0.045527 0.012500
v 0.014494 -0.046211 0.012500
v -0.014496 -0.046211 0.012500
v 0.012807 -0.046814 0.012500
v -0.012809 -0.046814 0.012500
v 0.011084 -0.047338 0.012500
v -0.011086 -0.047338 0.012500
v 0.009325 -0.047780 0.012500
v -0.009327 -0.047780 0.012500
v 0.007531 -0.048142 0.012500
v -0.007533 -0.048142 0.012500
v 0.005701 -0.048424 0.012500
v -0.005703 -0.048424 0.012500
v 0.003836 -0.048625 0.012500
v -0.003838 -0.048625 0.012500
v 0.001935 -0.048746 0.012500
v -0.001937 -0.048746 0.012500
v -0.000001 -0.048786 0.012500
v -0.000001 -0.049066 0.012467
v -0.001937 -0.048746 0.012500
v -0.000001 -0.048786 0.012500
v -0.000001 -0.049318 0.012370
v -0.001949 -0.049025 0.012467
v -0.000001 -0.049518 0.012220
v -0.001960 -0.049277 0.012370
v -0.000001 -0.049647 0.012031
v -0.001968 -0.049477 0.012220
v -0.000001 -0.049691 0.011821
v -0.001974 -0.049606 0.012031
v -0.001976 -0.049650 -0.011821
v -0.000001 -0.049691 -0.011821
v -0.001974 -0.049606 -0.012031
v -0.000001 -0.049647 -0.012031
v -0.001968 -0.049477 -0.012220
v -0.000001 -0.049518 -0.012220
v -0.001960 -0.049277 -0.012370
v -0.000001 -0.049318 -0.012370
v -0.001949 -0.049025 -0.012467
v -0.000001 -0.049066 -0.012467
v -0.001937 -0.048746 -0.012500
v -0.000001 -0.048786 -0.012500
v -0.003838 -0.048625 0.012500
v -0.003862 -0.048904 0.012467
v -0.003884 -0.049155 0.012370
v -0.003901 -0.049355 0.012220
v -0.001976 -0.049650 0.011821
v -0.003912 -0.049483 0.012031
v -0.003915 -0.049527 -0.011821
v -0.003912 -0.049483 -0.012031
v -0.003901 -0.049355 -0.012220
v -0.003884 -0.049155 -0.012370
v -0.003862 -0.048904 -0.012467
v -0.003838 -0.048625 -0.012500
v -0.005703 -0.048424 0.012500
v -0.005740 -0.048701 0.012467
v -0.005772 -0.048951 0.012370
v -0.005798 -0.049150 0.012220
v -0.003915 -0.049527 0.011821
v -0.005815 -0.049277 0.012031
v -0.005821 -0.049321 -0.011821
v -0.005815 -0.049277 -0.012031
v -0.005798 -0.049150 -0.012220
v -0.005772 -0.048951 -0.012370
v -0.005740 -0.048701 -0.012467
v -0.005703 -0.048424 -0.012500
v -0.007533 -0.048142 0.012500
v -0.007582 -0.048418 0.012467
v -0.007626 -0.048666 0.012370
v -0.007661 -0.048863 0.012220
v -0.005821 -0.049321 0.011821
v -0.007684 -0.048989 0.012031
v -0.007692 -0.049033 -0.011821
v -0.007684 -0.048989 -0.012031
v -0.007661 -0.048863 -0.012220
v -0.007626 -0.048666 -0.012370
v -0.007582 -0.048418 -0.012467
v -0.007533 -0.048142 -0.012500
v -0.009327 -0.047780 0.012500
v -0.009389 -0.048053 0.012467
v -0.009445 -0.048299 0.012370
v -0.009489 -0.048494 0.012220
v -0.007692 -0.049033 0.011821
v -0.009517 -0.048619 0.012031
v -0.009527 -0.048662 -0.011821
v -0.009517 -0.048619 -0.012031
v -0.009489 -0.048494 -0.012220
v -0.009445 -0.048299 -0.012370
v -0.009389 -0.048053 -0.012467
v -0.009327 -0.047780 -0.012500
v -0.011086 -0.047338 0.012500
v -0.011161 -0.047607 0.012467
v -0.011228 -0.047850 0.012370
v -0.011282 -0.048043 0.012220
v -0.009527 -0.048662 0.011821
v -0.011316 -0.048167 0.012031
v -0.011328 -0.048209 -0.011821
v -0.011316 -0.048167 -0.012031
v -0.011282 -0.048043 -0.012220
v -0.011228 -0.047850 -0.012370
v -0.011161 -0.047607 -0.012467
v -0.011086 -0.047338 -0.012500
v -0.012809 -0.046814 0.012500
v -0.012897 -0.047080 0.012467
v -0.012976 -0.047319 0.012370
v -0.013038 -0.047509 0.012220
v -0.011328 -0.048209 0.011821
v -0.013079 -0.047631 0.012031
v -0.013093 -0.047673 -0.011821
v -0.013079 -0.047631 -0.012031
v -0.013038 -0.047509 -0.012220
v -0.012976 -0.047319 -0.012370
v -0.012897 -0.047080 -0.012467
v -0.012809 -0.046814 -0.012500
v -0.014496 -0.046211 0.012500
v -0.014597 -0.046472 0.012467
v -0.014688 -0.046707 0.012370
v -0.014760 -0.046894 0.012220
v -0.013093 -0.047673 0.011821
v -0.014806 -0.047013 0.012031
v -0.014822 -0.047055 -0.011821
v -0.014806 -0.047013 -0.012031
v -0.014760 -0.046894 -0.012220
v -0.014688 -0.046707 -0.012370
v -0.014597 -0.046472 -0.012467
v -0.014496 -0.046211 -0.012500
v -0.016148 -0.045527 0.012500
v -0.016261 -0.045782 0.012467
v -0.016364 -0.046013 0.012370
v -0.016445 -0.046196 0.012220
v -0.014822 -0.047055 0.011821
v -0.016497 -0.046313 0.012031
v -0.016515 -0.046354 -0.011821
v -0.016497 -0.046313 -0.012031
v -0.016445 -0.046196 -0.012220
v -0.016364 -0.046013 -0.012370
v -0.016261 -0.045782 -0.012467
v -0.016148 -0.045527 -0.012500
v -0.017890 -0.045012 0.012467
v -0.018004 -0.045237 0.012370
v -0.018094 -0.045416 0.012220
v -0.018151 -0.045530 0.012031
v -0.018171 -0.045570 0.011821
v -0.016515 -0.046354 0.011821
v -0.018171 -0.045570 -0.011821
v -0.018151 -0.045530 -0.012031
v -0.018094 -0.045416 -0.012220
v -0.018004 -0.045237 -0.012370
v -0.017890 -0.045012 -0.012467
v -0.019483 -0.044160 0.012467
v -0.017764 -0.044762 0.012500
v -0.019607 -0.044380 0.012370
v -0.019706 -0.044554 0.012220
v -0.019769 -0.044665 0.012031
v -0.019791 -0.044704 0.011821
v -0.019791 -0.044704 -0.011821
v -0.019769 -0.044665 -0.012031
v -0.019706 -0.044554 -0.012220
v -0.019607 -0.044380 -0.012370
v -0.017764 -0.044762 -0.012500
v -0.019483 -0.044160 -0.012467
v -0.020890 -0.042991 0.012500
v -0.019345 -0.043917 0.012500
v -0.021040 -0.043227 0.012467
v -0.021175 -0.043441 0.012370
v -0.021282 -0.043610 0.012220
v -0.021350 -0.043718 0.012031
v -0.021374 -0.043756 -0.011821
v -0.021350 -0.043718 -0.012031
v -0.021282 -0.043610 -0.012220
v -0.021175 -0.043441 -0.012370
v -0.021040 -0.043227 -0.012467
v -0.020890 -0.042991 -0.012500
v -0.019345 -0.043917 -0.012500
v -0.022390 -0.041989 0.012500
v -0.022551 -0.042218 0.012467
v -0.022696 -0.042424 0.012370
v -0.022812 -0.042588 0.012220
v -0.021374 -0.043756 0.011821
v -0.022886 -0.042693 0.012031
v -0.022911 -0.042729 -0.011821
v -0.022886 -0.042693 -0.012031
v -0.022812 -0.042588 -0.012220
v -0.022696 -0.042424 -0.012370
v -0.022551 -0.042218 -0.012467
v -0.022390 -0.041989 -0.012500
v -0.023835 -0.040915 0.012500
v -0.024007 -0.041136 0.012467
v -0.024163 -0.041334 0.012370
v -0.024286 -0.041492 0.012220
v -0.022911 -0.042729 0.011821
v -0.024365 -0.041593 0.012031
v -0.024392 -0.041628 -0.011821
v -0.024365 -0.041593 -0.012031
v -0.024286 -0.041492 -0.012220
v -0.024163 -0.041334 -0.012370
v -0.024007 -0.041136 -0.012467
v -0.023835 -0.040915 -0.012500
v -0.025407 -0.039981 0.012467
v -0.025573 -0.040171 0.012370
v -0.025704 -0.040322 0.012220
v -0.025788 -0.040419 0.012031
v -0.025817 -0.040453 0.011821
v -0.024392 -0.041628 0.011821
v -0.025817 -0.040453 -0.011821
v -0.025788 -0.040419 -0.012031
v -0.025704 -0.040322 -0.012220
v -0.025573 -0.040171 -0.012370
v -0.025407 -0.039981 -0.012467
v -0.026752 -0.038753 0.012467
v -0.025224 -0.039769 0.012500
v -0.026926 -0.038935 0.012370
v -0.027065 -0.039079 0.012220
v -0.027154 -0.039172 0.012031
v -0.027184 -0.039204 0.011821
v -0.027184 -0.039204 -0.011821
v -0.027154 -0.039172 -0.012031
v -0.027065 -0.039079 -0.012220
v -0.026926 -0.038935 -0.012370
v -0.025224 -0.039769 -0.012500
v -0.026752 -0.038753 -0.012467
v -0.028040 -0.037453 0.012467
v -0.026558 -0.038551 0.012500
v -0.028224 -0.037626 0.012370
v -0.028369 -0.037764 0.012220
v -0.028463 -0.037852 0.012031
v -0.028495 -0.037882 0.011821
v -0.028495 -0.037882 -0.011821
v -0.028463 -0.037852 -0.012031
v -0.028369 -0.037764 -0.012220
v -0.028224 -0.037626 -0.012370
v -0.026558 -0.038551 -0.012500
v -0.028040 -0.037453 -0.012467
v -0.029273 -0.036081 0.012467
v -0.027837 -0.037261 0.012500
v -0.029465 -0.036245 0.012370
v -0.029617 -0.036375 0.012220
v -0.029714 -0.036458 0.012031
v -0.029748 -0.036487 0.011821
v -0.029748 -0.036487 -0.011821
v -0.029714 -0.036458 -0.012031
v -0.029617 -0.036375 -0.012220
v -0.029465 -0.036245 -0.012370
v -0.027837 -0.037261 -0.012500
v -0.029273 -0.036081 -0.012467
v -0.030450 -0.034636 0.012467
v -0.029061 -0.035899 0.012500
v -0.030649 -0.034791 0.012370
v -0.030807 -0.034914 0.012220
v -0.030909 -0.034992 0.012031
v -0.030944 -0.035019 0.011821
v -0.030944 -0.035019 -0.011821
v -0.030909 -0.034992 -0.012031
v -0.030807 -0.034914 -0.012220
v -0.030649 -0.034791 -0.012370
v -0.029061 -0.035899 -0.012500
v -0.030450 -0.034636 -0.012467
v -0.031571 -0.033119 0.012467
v -0.030229 -0.034465 0.012500
v -0.031777 -0.033265 0.012370
v -0.031941 -0.033380 0.012220
v -0.032046 -0.033454 0.012031
v -0.032082 -0.033479 0.011821
v -0.032082 -0.033479 -0.011821
v -0.032046 -0.033454 -0.012031
v -0.031941 -0.033380 -0.012220
v -0.031777 -0.033265 -0.012370
v -0.030229 -0.034465 -0.012500
v -0.031571 -0.033119 -0.012467
v -0.032636 -0.031531 0.012467
v -0.031342 -0.032958 0.012500
v -0.032849 -0.031666 0.012370
v -0.033017 -0.031774 0.012220
v -0.033126 -0.031843 0.012031
v -0.033163 -0.031867 0.011821
v -0.033163 -0.031867 -0.011821
v -0.033126 -0.031843 -0.012031
v -0.033017 -0.031774 -0.012220
v -0.032849 -0.031666 -0.012370
v -0.031342 -0.032958 -0.012500
v -0.032636 -0.031531 -0.012467
v -0.033645 -0.029870 0.012467
v -0.032400 -0.031380 0.012500
v -0.033863 -0.029996 0.012370
v -0.034037 -0.030096 0.012220
v -0.034148 -0.030160 0.012031
v -0.034186 -0.030183 0.011821
v -0.034186 -0.030183 -0.011821
v -0.034148 -0.030160 -0.012031
v -0.034037 -0.030096 -0.012220
v -0.033863 -0.029996 -0.012370
v -0.032400 -0.031380 -0.012500
v -0.033645 -0.029870 -0.012467
v -0.034598 -0.028137 0.012467
v -0.033403 -0.029730 0.012500
v -0.034822 -0.028254 0.012370
v -0.034999 -0.028346 0.012220
v -0.035113 -0.028406 0.012031
v -0.035152 -0.028427 0.011821
v -0.035152 -0.028427 -0.011821
v -0.035113 -0.028406 -0.012031
v -0.034999 -0.028346 -0.012220
v -0.034822 -0.028254 -0.012370
v -0.033403 -0.029730 -0.012500
v -0.034598 -0.028137 -0.012467
v -0.035243 -0.026213 0.012500
v -0.034351 -0.028007 0.012500
v -0.035496 -0.026332 0.012467
v -0.035724 -0.026439 0.012370
v -0.035905 -0.026524 0.012220
v -0.036021 -0.026579 0.012031
v -0.036061 -0.026598 -0.011821
v -0.036021 -0.026579 -0.012031
v -0.035905 -0.026524 -0.012220
v -0.035724 -0.026439 -0.012370
v -0.035496 -0.026332 -0.012467
v -0.035243 -0.026213 -0.012500
v -0.034351 -0.028007 -0.012500
v -0.036072 -0.024352 0.012500
v -0.036330 -0.024461 0.012467
v -0.036562 -0.024558 0.012370
v -0.036747 -0.024636 0.012220
v -0.036061 -0.026598 0.011821
v -0.036865 -0.024685 0.012031
v -0.036906 -0.024702 -0.011821
v -0.036865 -0.024685 -0.012031
v -0.036747 -0.024636 -0.012220
v -0.036562 -0.024558 -0.012370
v -0.036330 -0.024461 -0.012467
v -0.036072 -0.024352 -0.012500
v -0.037091 -0.022530 0.012467
v -0.037327 -0.022618 0.012370
v -0.037515 -0.022687 0.012220
v -0.037635 -0.022732 0.012031
v -0.037677 -0.022747 0.011821
v -0.036906 -0.024702 0.011821
v -0.037677 -0.022747 -0.011821
v -0.037635 -0.022732 -0.012031
v -0.037515 -0.022687 -0.012220
v -0.037327 -0.022618 -0.012370
v -0.037091 -0.022530 -0.012467
v -0.037779 -0.020541 0.012467
v -0.036829 -0.022433 0.012500
v -0.038019 -0.020619 0.012370
v -0.038210 -0.020680 0.012220
v -0.038332 -0.020720 0.012031
v -0.038374 -0.020734 0.011821
v -0.038374 -0.020734 -0.011821
v -0.038332 -0.020720 -0.012031
v -0.038210 -0.020680 -0.012220
v -0.038019 -0.020619 -0.012370
v -0.036829 -0.022433 -0.012500
v -0.037779 -0.020541 -0.012467
v -0.038395 -0.018494 0.012467
v -0.037513 -0.020455 0.012500
v -0.038638 -0.018561 0.012370
v -0.038831 -0.018615 0.012220
v -0.038954 -0.018650 0.012031
v -0.038997 -0.018662 0.011821
v -0.038997 -0.018662 -0.011821
v -0.038954 -0.018650 -0.012031
v -0.038831 -0.018615 -0.012220
v -0.038638 -0.018561 -0.012370
v -0.037513 -0.020455 -0.012500
v -0.038395 -0.018494 -0.012467
v -0.038938 -0.016387 0.012467
v -0.038126 -0.018418 0.012500
v -0.039184 -0.016445 0.012370
v -0.039378 -0.016492 0.012220
v -0.039503 -0.016521 0.012031
v -0.039546 -0.016531 0.011821
v -0.039546 -0.016531 -0.011821
v -0.039503 -0.016521 -0.012031
v -0.039378 -0.016492 -0.012220
v -0.039184 -0.016445 -0.012370
v -0.038126 -0.018418 -0.012500
v -0.038938 -0.016387 -0.012467
v -0.039409 -0.014222 0.012467
v -0.038666 -0.016322 0.012500
v -0.039656 -0.014271 0.012370
v -0.039852 -0.014310 0.012220
v -0.039978 -0.014335 0.012031
v -0.040022 -0.014343 0.011821
v -0.040022 -0.014343 -0.011821
v -0.039978 -0.014335 -0.012031
v -0.039852 -0.014310 -0.012220
v -0.039656 -0.014271 -0.012370
v -0.038666 -0.016322 -0.012500
v -0.039409 -0.014222 -0.012467
v -0.039807 -0.011998 0.012467
v -0.039135 -0.014168 0.012500
v -0.040056 -0.012038 0.012370
v -0.040253 -0.012070 0.012220
v -0.040380 -0.012090 0.012031
v -0.040424 -0.012097 0.011821
v -0.040424 -0.012097 -0.011821
v -0.040380 -0.012090 -0.012031
v -0.040253 -0.012070 -0.012220
v -0.040056 -0.012038 -0.012370
v -0.039135 -0.014168 -0.012500
v -0.039807 -0.011998 -0.012467
v -0.040133 -0.009716 0.012467
v -0.039531 -0.011954 0.012500
v -0.040383 -0.009747 0.012370
v -0.040581 -0.009772 0.012220
v -0.040709 -0.009788 0.012031
v -0.040753 -0.009793 0.011821
v -0.040753 -0.009793 -0.011821
v -0.040709 -0.009788 -0.012031
v -0.040581 -0.009772 -0.012220
v -0.040383 -0.009747 -0.012370
v -0.039531 -0.011954 -0.012500
v -0.040133 -0.009716 -0.012467
v -0.040386 -0.007375 0.012467
v -0.039855 -0.009681 0.012500
v -0.040637 -0.007398 0.012370
v -0.040836 -0.007416 0.012220
v -0.040964 -0.007428 0.012031
v -0.041008 -0.007432 0.011821
v -0.041008 -0.007432 -0.011821
v -0.040964 -0.007428 -0.012031
v -0.040836 -0.007416 -0.012220
v -0.040637 -0.007398 -0.012370
v -0.039855 -0.009681 -0.012500
v -0.040386 -0.007375 -0.012467
v -0.040567 -0.004975 0.012467
v -0.040108 -0.007349 0.012500
v -0.040818 -0.004990 0.012370
v -0.041018 -0.005002 0.012220
v -0.041146 -0.005010 0.012031
v -0.041191 -0.005012 0.011821
v -0.041191 -0.005012 -0.011821
v -0.041146 -0.005010 -0.012031
v -0.041018 -0.005002 -0.012220
v -0.040818 -0.004990 -0.012370
v -0.040108 -0.007349 -0.012500
v -0.040567 -0.004975 -0.012467
v -0.040675 -0.002517 0.012467
v -0.040288 -0.004958 0.012500
v -0.040927 -0.002524 0.012370
v -0.041127 -0.002530 0.012220
v -0.041256 -0.002534 0.012031
v -0.041300 -0.002535 0.011821
v -0.041300 -0.002535 -0.011821
v -0.041256 -0.002534 -0.012031
v -0.041127 -0.002530 -0.012220
v -0.040927 -0.002524 -0.012370
v -0.040288 -0.004958 -0.012500
v -0.040675 -0.002517 -0.012467
v -0.040711 0.000000 0.012467
v -0.040396 -0.002509 0.012500
v -0.040963 0.000000 0.012370
v -0.041164 0.000000 0.012220
v -0.041292 0.000000 0.012031
v -0.041336 0.000000 0.011821
v -0.041336 0.000000 -0.011821
v -0.041292 0.000000 -0.012031
v -0.041164 0.000000 -0.012220
v -0.040963 0.000000 -0.012370
v -0.040396 -0.002509 -0.012500
v -0.040711 0.000000 -0.012467
v -0.040396 0.002509 0.012500
v -0.040432 0.000000 0.012500
v -0.040675 0.002517 0.012467
v -0.040927 0.002524 0.012370
v -0.041127 0.002530 0.012220
v -0.041256 0.002534 0.012031
v -0.041300 0.002535 0.011821
v -0.041256 0.002534 -0.012031
v -0.041127 0.002530 -0.012220
v -0.040927 0.002524 -0.012370
v -0.040675 0.002517 -0.012467
v -0.040396 0.002509 -0.012500
v -0.040432 0.000000 -0.012500
v -0.040288 0.004959 0.012500
v -0.040567 0.004975 0.012467
v -0.040818 0.004990 0.012370
v -0.041018 0.005002 0.012220
v -0.041146 0.005010 0.012031
v -0.041191 0.005012 -0.011821
v -0.041300 0.002535 -0.011821
v -0.041146 0.005010 -0.012031
v -0.041018 0.005002 -0.012220
v -0.040818 0.004990 -0.012370
v -0.040567 0.004975 -0.012467
v -0.040288 0.004959 -0.012500
v -0.040108 0.007349 0.012500
v -0.040386 0.007375 0.012467
v -0.040637 0.007398 0.012370
v -0.040836 0.007416 0.012220
v -0.041191 0.005012 0.011821
v -0.040964 0.007428 0.012031
v -0.041008 0.007432 -0.011821
v -0.040964 0.007428 -0.012031
v -0.040836 0.007416 -0.012220
v -0.040637 0.007398 -0.012370
v -0.040386 0.007375 -0.012467
v -0.040108 0.007349 -0.012500
v -0.039855 0.009681 0.012500
v -0.040133 0.009716 0.012467
v -0.040383 0.009747 0.012370
v -0.040581 0.009772 0.012220
v -0.041008 0.007432 0.011821
v -0.040709 0.009788 0.012031
v -0.040753 0.009794 -0.011821
v -0.040709 0.009788 -0.012031
v -0.040581 0.009772 -0.012220
v -0.040383 0.009747 -0.012370
v -0.040133 0.009716 -0.012467
v -0.039855 0.009681 -0.012500
v -0.039531 0.011954 0.012500
v -0.039807 0.011998 0.012467
v -0.040056 0.012038 0.012370
v -0.040253 0.012070 0.012220
v -0.040753 0.009794 0.011821
v -0.040380 0.012090 0.012031
v -0.040424 0.012097 -0.011821
v -0.040380 0.012090 -0.012031
v -0.040253 0.012070 -0.012220
v -0.040056 0.012038 -0.012370
v -0.039807 0.011998 -0.012467
v -0.039531 0.011954 -0.012500
v -0.039135 0.014168 0.012500
v -0.039409 0.014222 0.012467
v -0.039656 0.014271 0.012370
v -0.039852 0.014310 0.012220
v -0.040424 0.012097 0.011821
v -0.039978 0.014335 0.012031
v -0.040022 0.014344 -0.011821
v -0.039978 0.014335 -0.012031
v -0.039852 0.014310 -0.012220
v -0.039656 0.014271 -0.012370
v -0.039409 0.014222 -0.012467
v -0.039135 0.014168 -0.012500
v -0.038666 0.016323 0.012500
v -0.038938 0.016387 0.012467
v -0.039184 0.016446 0.012370
v -0.039378 0.016492 0.012220
v -0.040022 0.014344 0.011821
v -0.039503 0.016521 0.012031
v -0.039546 0.016532 -0.011821
v -0.039503 0.016521 -0.012031
v -0.039378 0.016492 -0.012220
v -0.039184 0.016446 -0.012370
v -0.038938 0.016387 -0.012467
v -0.038666 0.016323 -0.012500
v -0.038126 0.018419 0.012500
v -0.038395 0.018494 0.012467
v -0.038638 0.018562 0.012370
v -0.038831 0.018615 0.012220
v -0.039546 0.016532 0.011821
v -0.038954 0.018650 0.012031
v -0.038997 0.018662 -0.011821
v -0.038954 0.018650 -0.012031
v -0.038831 0.018615 -0.012220
v -0.038638 0.018562 -0.012370
v -0.038395 0.018494 -0.012467
v -0.038126 0.018419 -0.012500
v -0.037513 0.020456 0.012500
v -0.037779 0.020542 0.012467
v -0.038019 0.020619 0.012370
v -0.038210 0.020681 0.012220
v -0.038997 0.018662 0.011821
v -0.038332 0.020720 0.012031
v -0.038374 0.020734 -0.011821
v -0.038332 0.020720 -0.012031
v -0.038210 0.020681 -0.012220
v -0.038019 0.020619 -0.012370
v -0.037779 0.020542 -0.012467
v -0.037513 0.020456 -0.012500
v -0.036829 0.022434 0.012500
v -0.037091 0.022531 0.012467
v -0.037327 0.022618 0.012370
v -0.037515 0.022688 0.012220
v -0.038374 0.020734 0.011821
v -0.037635 0.022732 0.012031
v -0.037677 0.022747 -0.011821
v -0.037635 0.022732 -0.012031
v -0.037515 0.022688 -0.012220
v -0.037327 0.022618 -0.012370
v -0.037091 0.022531 -0.012467
v -0.036829 0.022434 -0.012500
v -0.036072 0.024353 0.012500
v -0.036330 0.024461 0.012467
v -0.036562 0.024558 0.012370
v -0.036747 0.024636 0.012220
v -0.037677 0.022747 0.011821
v -0.036865 0.024686 0.012031
v -0.036906 0.024703 -0.011821
v -0.036865 0.024686 -0.012031
v -0.036747 0.024636 -0.012220
v -0.036562 0.024558 -0.012370
v -0.036330 0.024461 -0.012467
v -0.036072 0.024353 -0.012500
v -0.035496 0.026332 0.012467
v -0.035724 0.026439 0.012370
v -0.035905 0.026525 0.012220
v -0.036021 0.026579 0.012031
v -0.036061 0.026598 0.011821
v -0.036906 0.024703 0.011821
v -0.036061 0.026598 -0.011821
v -0.036021 0.026579 -0.012031
v -0.035905 0.026525 -0.012220
v -0.035724 0.026439 -0.012370
v -0.035496 0.026332 -0.012467
v -0.034598 0.028137 0.012467
v -0.035243 0.026213 0.012500
v -0.034822 0.028254 0.012370
v -0.034999 0.028347 0.012220
v -0.035113 0.028406 0.012031
v -0.035152 0.028427 0.011821
v -0.035152 0.028427 -0.011821
v -0.035113 0.028406 -0.012031
v -0.034999 0.028347 -0.012220
v -0.034822 0.028254 -0.012370
v -0.035243 0.026213 -0.012500
v -0.034598 0.028137 -0.012467
v -0.033403 0.029730 0.012500
v -0.034351 0.028007 0.012500
v -0.033645 0.029870 0.012467
v -0.033863 0.029996 0.012370
v -0.034037 0.030096 0.012220
v -0.034148 0.030161 0.012031
v -0.034186 0.030183 -0.011821
v -0.034148 0.030161 -0.012031
v -0.034037 0.030096 -0.012220
v -0.033863 0.029996 -0.012370
v -0.033645 0.029870 -0.012467
v -0.033403 0.029730 -0.012500
v -0.034351 0.028007 -0.012500
v -0.032400 0.031380 0.012500
v -0.032636 0.031531 0.012467
v -0.032849 0.031666 0.012370
v -0.033017 0.031774 0.012220
v -0.034186 0.030183 0.011821
v -0.033126 0.031843 0.012031
v -0.033163 0.031867 -0.011821
v -0.033126 0.031843 -0.012031
v -0.033017 0.031774 -0.012220
v -0.032849 0.031666 -0.012370
v -0.032636 0.031531 -0.012467
v -0.032400 0.031380 -0.012500
v -0.031342 0.032959 0.012500
v -0.031571 0.033120 0.012467
v -0.031777 0.033265 0.012370
v -0.031941 0.033380 0.012220
v -0.033163 0.031867 0.011821
v -0.032046 0.033454 0.012031
v -0.032082 0.033479 -0.011821
v -0.032046 0.033454 -0.012031
v -0.031941 0.033380 -0.012220
v -0.031777 0.033265 -0.012370
v -0.031571 0.033120 -0.012467
v -0.031342 0.032959 -0.012500
v -0.030229 0.034465 0.012500
v -0.030450 0.034636 0.012467
v -0.030649 0.034791 0.012370
v -0.030807 0.034914 0.012220
v -0.032082 0.033479 0.011821
v -0.030909 0.034993 0.012031
v -0.030944 0.035020 -0.011821
v -0.030909 0.034993 -0.012031
v -0.030807 0.034914 -0.012220
v -0.030649 0.034791 -0.012370
v -0.030450 0.034636 -0.012467
v -0.030229 0.034465 -0.012500
v -0.029061 0.035899 0.012500
v -0.029273 0.036081 0.012467
v -0.029465 0.036245 0.012370
v -0.029617 0.036375 0.012220
v -0.030944 0.035020 0.011821
v -0.029714 0.036459 0.012031
v -0.029748 0.036487 -0.011821
v -0.029714 0.036459 -0.012031
v -0.029617 0.036375 -0.012220
v -0.029465 0.036245 -0.012370
v -0.029273 0.036081 -0.012467
v -0.029061 0.035899 -0.012500
v -0.027837 0.037262 0.012500
v -0.028040 0.037453 0.012467
v -0.028224 0.037626 0.012370
v -0.028369 0.037764 0.012220
v -0.029748 0.036487 0.011821
v -0.028463 0.037852 0.012031
v -0.028495 0.037882 -0.011821
v -0.028463 0.037852 -0.012031
v -0.028369 0.037764 -0.012220
v -0.028224 0.037626 -0.012370
v -0.028040 0.037453 -0.012467
v -0.027837 0.037262 -0.012500
v -0.026558 0.038552 0.012500
v -0.026752 0.038753 0.012467
v -0.026926 0.038935 0.012370
v -0.027065 0.039080 0.012220
v -0.028495 0.037882 0.011821
v -0.027154 0.039172 0.012031
v -0.027184 0.039204 -0.011821
v -0.027154 0.039172 -0.012031
v -0.027065 0.039080 -0.012220
v -0.026926 0.038935 -0.012370
v -0.026752 0.038753 -0.012467
v -0.026558 0.038552 -0.012500
v -0.025224 0.039770 0.012500
v -0.025407 0.039981 0.012467
v -0.025573 0.040171 0.012370
v -0.025704 0.040322 0.012220
v -0.027184 0.039204 0.011821
v -0.025788 0.040419 0.012031
v -0.025817 0.040453 -0.011821
v -0.025788 0.040419 -0.012031
v -0.025704 0.040322 -0.012220
v -0.025573 0.040171 -0.012370
v -0.025407 0.039981 -0.012467
v -0.025224 0.039770 -0.012500
v -0.023835 0.040916 0.012500
v -0.024007 0.041136 0.012467
v -0.024163 0.041334 0.012370
v -0.024286 0.041492 0.012220
v -0.025817 0.040453 0.011821
v -0.024365 0.041593 0.012031
v -0.024392 0.041628 -0.011821
v -0.024365 0.041593 -0.012031
v -0.024286 0.041492 -0.012220
v -0.024163 0.041334 -0.012370
v -0.024007 0.041136 -0.012467
v -0.023835 0.040916 -0.012500
v -0.022551 0.042218 0.012467
v -0.022696 0.042424 0.012370
v -0.022812 0.042588 0.012220
v -0.022886 0.042693 0.012031
v -0.022911 0.042729 0.011821
v -0.024392 0.041628 0.011821
v -0.022911 0.042729 -0.011821
v -0.022886 0.042693 -0.012031
v -0.022812 0.042588 -0.012220
v -0.022696 0.042424 -0.012370
v -0.022551 0.042218 -0.012467
v -0.021040 0.043228 0.012467
v -0.022390 0.041990 0.012500
v -0.021175 0.043441 0.012370
v -0.021282 0.043610 0.012220
v -0.021350 0.043718 0.012031
v -0.021374 0.043756 0.011821
v -0.021374 0.043756 -0.011821
v -0.021350 0.043718 -0.012031
v -0.021282 0.043610 -0.012220
v -0.021175 0.043441 -0.012370
v -0.022390 0.041990 -0.012500
v -0.021040 0.043228 -0.012467
v -0.019483 0.044160 0.012467
v -0.020890 0.042992 0.012500
v -0.019607 0.044380 0.012370
v -0.019706 0.044554 0.012220
v -0.019769 0.044666 0.012031
v -0.019791 0.044704 0.011821
v -0.019791 0.044704 -0.011821
v -0.019769 0.044666 -0.012031
v -0.019706 0.044554 -0.012220
v -0.019607 0.044380 -0.012370
v -0.020890 0.042992 -0.012500
v -0.019483 0.044160 -0.012467
v -0.017764 0.044762 0.012500
v -0.019345 0.043917 0.012500
v -0.017890 0.045012 0.012467
v -0.018004 0.045237 0.012370
v -0.018094 0.045416 0.012220
v -0.018151 0.045531 0.012031
v -0.018171 0.045570 -0.011821
v -0.018151 0.045531 -0.012031
v -0.018094 0.045416 -0.012220
v -0.018004 0.045237 -0.012370
v -0.017890 0.045012 -0.012467
v -0.017764 0.044762 -0.012500
v -0.019345 0.043917 -0.012500
v -0.016148 0.045527 0.012500
v -0.016261 0.045782 0.012467
v -0.016364 0.046013 0.012370
v -0.016445 0.046196 0.012220
v -0.018171 0.045570 0.011821
v -0.016497 0.046313 0.012031
v -0.016515 0.046354 -0.011821
v -0.016497 0.046313 -0.012031
v -0.016445 0.046196 -0.012220
v -0.016364 0.046013 -0.012370
v -0.016261 0.045782 -0.012467
v -0.016148 0.045527 -0.012500
v -0.014597 0.046472 0.012467
v -0.014688 0.046707 0.012370
v -0.014760 0.046894 0.012220
v -0.014806 0.047014 0.012031
v -0.014822 0.047055 0.011821
v -0.016515 0.046354 0.011821
v -0.014822 0.047055 -0.011821
v -0.014806 0.047014 -0.012031
v -0.014760 0.046894 -0.012220
v -0.014688 0.046707 -0.012370
v -0.014597 0.046472 -0.012467
v -0.012897 0.047080 0.012467
v -0.014496 0.046211 0.012500
v -0.012976 0.047320 0.012370
v -0.013038 0.047510 0.012220
v -0.013079 0.047632 0.012031
v -0.013093 0.047674 0.011821
v -0.013093 0.047674 -0.011821
v -0.013079 0.047632 -0.012031
v -0.013038 0.047510 -0.012220
v -0.012976 0.047320 -0.012370
v -0.014496 0.046211 -0.012500
v -0.012897 0.047080 -0.012467
v -0.011161 0.047607 0.012467
v -0.012809 0.046815 0.012500
v -0.011228 0.047850 0.012370
v -0.011282 0.048043 0.012220
v -0.011316 0.048167 0.012031
v -0.011328 0.048209 0.011821
v -0.011328 0.048209 -0.011821
v -0.011316 0.048167 -0.012031
v -0.011282 0.048043 -0.012220
v -0.011228 0.047850 -0.012370
v -0.012809 0.046815 -0.012500
v -0.011161 0.047607 -0.012467
v -0.009389 0.048053 0.012467
v -0.011086 0.047338 0.012500
v -0.009445 0.048299 0.012370
v -0.009489 0.048494 0.012220
v -0.009517 0.048620 0.012031
v -0.009527 0.048663 0.011821
v -0.009527 0.048663 -0.011821
v -0.009517 0.048620 -0.012031
v -0.009489 0.048494 -0.012220
v -0.009445 0.048299 -0.012370
v -0.011086 0.047338 -0.012500
v -0.009389 0.048053 -0.012467
v -0.007582 0.048418 0.012467
v -0.009327 0.047781 0.012500
v -0.007626 0.048666 0.012370
v -0.007661 0.048863 0.012220
v -0.007684 0.048990 0.012031
v -0.007692 0.049033 0.011821
v -0.007692 0.049033 -0.011821
v -0.007684 0.048990 -0.012031
v -0.007661 0.048863 -0.012220
v -0.007626 0.048666 -0.012370
v -0.009327 0.047781 -0.012500
v -0.007582 0.048418 -0.012467
v -0.005740 0.048702 0.012467
v -0.007533 0.048143 0.012500
v -0.005772 0.048952 0.012370
v -0.005798 0.049150 0.012220
v -0.005815 0.049277 0.012031
v -0.005821 0.049321 0.011821
v -0.005821 0.049321 -0.011821
v -0.005815 0.049277 -0.012031
v -0.005798 0.049150 -0.012220
v -0.005772 0.048952 -0.012370
v -0.007533 0.048143 -0.012500
v -0.005740 0.048702 -0.012467
v -0.003862 0.048904 0.012467
v -0.005703 0.048424 0.012500
v -0.003884 0.049155 0.012370
v -0.003901 0.049355 0.012220
v -0.003912 0.049483 0.012031
v -0.003915 0.049527 0.011821
v -0.003915 0.049527 -0.011821
v -0.003912 0.049483 -0.012031
v -0.003901 0.049355 -0.012220
v -0.003884 0.049155 -0.012370
v -0.005703 0.048424 -0.012500
v -0.003862 0.048904 -0.012467
v -0.001949 0.049026 0.012467
v -0.003838 0.048626 0.012500
v -0.001960 0.049278 0.012370
v -0.001968 0.049478 0.012220
v -0.001974 0.049606 0.012031
v -0.001976 0.049650 0.011821
v -0.001976 0.049650 -0.011821
v -0.001974 0.049606 -0.012031
v -0.001968 0.049478 -0.012220
v -0.001960 0.049278 -0.012370
v -0.003838 0.048626 -0.012500
v -0.001949 0.049026 -0.012467
v -0.000001 0.049066 0.012467
v -0.001937 0.048746 0.012500
v -0.000001 0.049318 0.012370
v -0.000001 0.049518 0.012220
v -0.000001 0.049647 0.012031
v -0.000001 0.049691 0.011821
v -0.000001 0.049691 -0.011821
v -0.000001 0.049647 -0.012031
v -0.000001 0.049518 -0.012220
v -0.000001 0.049318 -0.012370
v -0.001937 0.048746 -0.012500
v -0.000001 0.049066 -0.012467
v 0.001935 0.048746 0.012500
v -0.000001 0.048787 0.012500
v 0.001947 0.049026 0.012467
v 0.001958 0.049278 0.012370
v 0.001966 0.049478 0.012220
v 0.001972 0.049606 0.012031
v 0.001973 0.049650 -0.011821
v 0.001972 0.049606 -0.012031
v 0.001966 0.049478 -0.012220
v 0.001958 0.049278 -0.012370
v 0.001947 0.049026 -0.012467
v 0.001935 0.048746 -0.012500
v -0.000001 0.048787 -0.012500
v 0.003836 0.048626 0.012500
v 0.003860 0.048904 0.012467
v 0.003882 0.049155 0.012370
v 0.003899 0.049355 0.012220
v 0.001973 0.049650 0.011821
v 0.003910 0.049483 0.012031
v 0.003913 0.049527 -0.011821
v 0.003910 0.049483 -0.012031
v 0.003899 0.049355 -0.012220
v 0.003882 0.049155 -0.012370
v 0.003860 0.048904 -0.012467
v 0.003836 0.048626 -0.012500
v 0.005701 0.048424 0.012500
v 0.005738 0.048702 0.012467
v 0.005770 0.048952 0.012370
v 0.005796 0.049150 0.012220
v 0.003913 0.049527 0.011821
v 0.005813 0.049277 0.012031
v 0.005819 0.049321 -0.011821
v 0.005813 0.049277 -0.012031
v 0.005796 0.049150 -0.012220
v 0.005770 0.048952 -0.012370
v 0.005738 0.048702 -0.012467
v 0.005701 0.048424 -0.012500
v 0.007531 0.048143 0.012500
v 0.007580 0.048418 0.012467
v 0.007624 0.048666 0.012370
v 0.007659 0.048863 0.012220
v 0.005819 0.049321 0.011821
v 0.007682 0.048990 0.012031
v 0.007689 0.049033 -0.011821
v 0.007682 0.048990 -0.012031
v 0.007659 0.048863 -0.012220
v 0.007624 0.048666 -0.012370
v 0.007580 0.048418 -0.012467
v 0.007531 0.048143 -0.012500
v 0.009325 0.047781 0.012500
v 0.009387 0.048053 0.012467
v 0.009443 0.048299 0.012370
v 0.009487 0.048494 0.012220
v 0.007689 0.049033 0.011821
v 0.009515 0.048620 0.012031
v 0.009525 0.048663 -0.011821
v 0.009515 0.048620 -0.012031
v 0.009487 0.048494 -0.012220
v 0.009443 0.048299 -0.012370
v 0.009387 0.048053 -0.012467
v 0.009325 0.047781 -0.012500
v 0.011084 0.047338 0.012500
v 0.011158 0.047607 0.012467
v 0.011226 0.047850 0.012370
v 0.011279 0.048043 0.012220
v 0.009525 0.048663 0.011821
v 0.011314 0.048167 0.012031
v 0.011326 0.048209 -0.011821
v 0.011314 0.048167 -0.012031
v 0.011279 0.048043 -0.012220
v 0.011226 0.047850 -0.012370
v 0.011158 0.047607 -0.012467
v 0.011084 0.047338 -0.012500
v 0.012807 0.046815 0.012500
v 0.012894 0.047080 0.012467
v 0.012974 0.047320 0.012370
v 0.013036 0.047510 0.012220
v 0.011326 0.048209 0.011821
v 0.013077 0.047632 0.012031
v 0.013091 0.047674 -0.011821
v 0.013077 0.047632 -0.012031
v 0.013036 0.047510 -0.012220
v 0.012974 0.047320 -0.012370
v 0.012894 0.047080 -0.012467
v 0.012807 0.046815 -0.012500
v 0.014494 0.046211 0.012500
v 0.014595 0.046472 0.012467
v 0.014685 0.046707 0.012370
v 0.014757 0.046894 0.012220
v 0.013091 0.047674 0.011821
v 0.014804 0.047014 0.012031
v 0.014820 0.047055 -0.011821
v 0.014804 0.047014 -0.012031
v 0.014757 0.046894 -0.012220
v 0.014685 0.046707 -0.012370
v 0.014595 0.046472 -0.012467
v 0.014494 0.046211 -0.012500
v 0.016146 0.045527 0.012500
v 0.016259 0.045782 0.012467
v 0.016361 0.046013 0.012370
v 0.016443 0.046196 0.012220
v 0.016513 0.046354 0.011821
v 0.014820 0.047055 0.011821
v 0.016513 0.046354 -0.011821
v 0.016443 0.046196 -0.012220
v 0.016361 0.046013 -0.012370
v 0.016259 0.045782 -0.012467
v 0.016146 0.045527 -0.012500
v 0.017888 0.045012 0.012467
v 0.018001 0.045237 0.012370
v 0.018091 0.045416 0.012220
v 0.018149 0.045531 0.012031
v 0.016495 0.046313 0.012031
v 0.018169 0.045570 0.011821
v 0.018169 0.045570 -0.011821
v 0.016495 0.046313 -0.012031
v 0.018149 0.045531 -0.012031
v 0.018091 0.045416 -0.012220
v 0.018001 0.045237 -0.012370
v 0.017888 0.045012 -0.012467
v 0.019481 0.044160 0.012467
v 0.017762 0.044762 0.012500
v 0.019605 0.044380 0.012370
v 0.019704 0.044554 0.012220
v 0.019767 0.044666 0.012031
v 0.019789 0.044704 0.011821
v 0.019789 0.044704 -0.011821
v 0.019767 0.044666 -0.012031
v 0.019704 0.044554 -0.012220
v 0.019605 0.044380 -0.012370
v 0.017762 0.044762 -0.012500
v 0.019481 0.044160 -0.012467
v 0.020888 0.042992 0.012500
v 0.019343 0.043917 0.012500
v 0.021038 0.043228 0.012467
v 0.021173 0.043441 0.012370
v 0.021280 0.043610 0.012220
v 0.021348 0.043718 0.012031
v 0.021372 0.043756 -0.011821
v 0.021348 0.043718 -0.012031
v 0.021280 0.043610 -0.012220
v 0.021173 0.043441 -0.012370
v 0.021038 0.043228 -0.012467
v 0.020888 0.042992 -0.012500
v 0.019343 0.043917 -0.012500
v 0.022388 0.041990 0.012500
v 0.022549 0.042218 0.012467
v 0.022694 0.042424 0.012370
v 0.022810 0.042588 0.012220
v 0.021372 0.043756 0.011821
v 0.022884 0.042693 0.012031
v 0.022909 0.042729 -0.011821
v 0.022884 0.042693 -0.012031
v 0.022810 0.042588 -0.012220
v 0.022694 0.042424 -0.012370
v 0.022549 0.042218 -0.012467
v 0.022388 0.041990 -0.012500
v 0.023833 0.040916 0.012500
v 0.024005 0.041136 0.012467
v 0.024160 0.041334 0.012370
v 0.024284 0.041492 0.012220
v 0.022909 0.042729 0.011821
v 0.024363 0.041593 0.012031
v 0.024390 0.041628 -0.011821
v 0.024363 0.041593 -0.012031
v 0.024284 0.041492 -0.012220
v 0.024160 0.041334 -0.012370
v 0.024005 0.041136 -0.012467
v 0.023833 0.040916 -0.012500
v 0.025405 0.039981 0.012467
v 0.025570 0.040171 0.012370
v 0.025702 0.040322 0.012220
v 0.025786 0.040419 0.012031
v 0.025815 0.040453 0.011821
v 0.024390 0.041628 0.011821
v 0.025815 0.040453 -0.011821
v 0.025786 0.040419 -0.012031
v 0.025702 0.040322 -0.012220
v 0.025570 0.040171 -0.012370
v 0.025405 0.039981 -0.012467
v 0.026750 0.038753 0.012467
v 0.025222 0.039770 0.012500
v 0.026924 0.038935 0.012370
v 0.027063 0.039080 0.012220
v 0.027152 0.039172 0.012031
v 0.027182 0.039204 0.011821
v 0.027182 0.039204 -0.011821
v 0.027152 0.039172 -0.012031
v 0.027063 0.039080 -0.012220
v 0.026924 0.038935 -0.012370
v 0.025222 0.039770 -0.012500
v 0.026750 0.038753 -0.012467
v 0.028038 0.037453 0.012467
v 0.026556 0.038552 0.012500
v 0.028222 0.037626 0.012370
v 0.028367 0.037764 0.012220
v 0.028461 0.037852 0.012031
v 0.028493 0.037882 0.011821
v 0.028493 0.037882 -0.011821
v 0.028461 0.037852 -0.012031
v 0.028367 0.037764 -0.012220
v 0.028222 0.037626 -0.012370
v 0.026556 0.038552 -0.012500
v 0.028038 0.037453 -0.012467
v 0.029271 0.036081 0.012467
v 0.027835 0.037262 0.012500
v 0.029463 0.036245 0.012370
v 0.029615 0.036375 0.012220
v 0.029712 0.036459 0.012031
v 0.029746 0.036487 0.011821
v 0.029746 0.036487 -0.011821
v 0.029712 0.036459 -0.012031
v 0.029615 0.036375 -0.012220
v 0.029463 0.036245 -0.012370
v 0.027835 0.037262 -0.012500
v 0.029271 0.036081 -0.012467
v 0.030448 0.034636 0.012467
v 0.029059 0.035899 0.012500
v 0.030647 0.034791 0.012370
v 0.030805 0.034914 0.012220
v 0.030907 0.034993 0.012031
v 0.030942 0.035020 0.011821
v 0.030942 0.035020 -0.011821
v 0.030907 0.034993 -0.012031
v 0.030805 0.034914 -0.012220
v 0.030647 0.034791 -0.012370
v 0.029059 0.035899 -0.012500
v 0.030448 0.034636 -0.012467
v 0.031569 0.033120 0.012467
v 0.030227 0.034465 0.012500
v 0.031775 0.033265 0.012370
v 0.031939 0.033380 0.012220
v 0.032044 0.033454 0.012031
v 0.032080 0.033479 0.011821
v 0.032080 0.033479 -0.011821
v 0.032044 0.033454 -0.012031
v 0.031939 0.033380 -0.012220
v 0.031775 0.033265 -0.012370
v 0.030227 0.034465 -0.012500
v 0.031569 0.033120 -0.012467
v 0.032634 0.031531 0.012467
v 0.031340 0.032959 0.012500
v 0.032846 0.031666 0.012370
v 0.033015 0.031774 0.012220
v 0.033123 0.031843 0.012031
v 0.033161 0.031867 0.011821
v 0.033161 0.031867 -0.011821
v 0.033123 0.031843 -0.012031
v 0.033015 0.031774 -0.012220
v 0.032846 0.031666 -0.012370
v 0.031340 0.032959 -0.012500
v 0.032634 0.031531 -0.012467
v 0.033643 0.029870 0.012467
v 0.032398 0.031380 0.012500
v 0.033861 0.029996 0.012370
v 0.034035 0.030096 0.012220
v 0.034146 0.030161 0.012031
v 0.034184 0.030183 0.011821
v 0.034184 0.030183 -0.011821
v 0.034146 0.030161 -0.012031
v 0.034035 0.030096 -0.012220
v 0.033861 0.029996 -0.012370
v 0.032398 0.031380 -0.012500
v 0.033643 0.029870 -0.012467
v 0.034596 0.028137 0.012467
v 0.033401 0.029730 0.012500
v 0.034820 0.028254 0.012370
v 0.034997 0.028347 0.012220
v 0.035111 0.028406 0.012031
v 0.035150 0.028427 0.011821
v 0.035150 0.028427 -0.011821
v 0.035111 0.028406 -0.012031
v 0.034997 0.028347 -0.012220
v 0.034820 0.028254 -0.012370
v 0.033401 0.029730 -0.012500
v 0.034596 0.028137 -0.012467
v 0.035241 0.026213 0.012500
v 0.034349 0.028007 0.012500
v 0.035494 0.026332 0.012467
v 0.035722 0.026439 0.012370
v 0.035903 0.026525 0.012220
v 0.036019 0.026579 0.012031
v 0.036059 0.026598 0.011821
v 0.036019 0.026579 -0.012031
v 0.035903 0.026525 -0.012220
v 0.035722 0.026439 -0.012370
v 0.035494 0.026332 -0.012467
v 0.035241 0.026213 -0.012500
v 0.034349 0.028007 -0.012500
v 0.036070 0.024353 0.012500
v 0.036328 0.024461 0.012467
v 0.036560 0.024558 0.012370
v 0.036745 0.024636 0.012220
v 0.036863 0.024686 0.012031
v 0.036904 0.024703 -0.011821
v 0.036059 0.026598 -0.011821
v 0.036863 0.024686 -0.012031
v 0.036745 0.024636 -0.012220
v 0.036560 0.024558 -0.012370
v 0.036328 0.024461 -0.012467
v 0.036070 0.024353 -0.012500
v 0.037089 0.022531 0.012467
v 0.037325 0.022618 0.012370
v 0.037513 0.022688 0.012220
v 0.037633 0.022732 0.012031
v 0.037675 0.022747 0.011821
v 0.036904 0.024703 0.011821
v 0.037675 0.022747 -0.011821
v 0.037633 0.022732 -0.012031
v 0.037513 0.022688 -0.012220
v 0.037325 0.022618 -0.012370
v 0.037089 0.022531 -0.012467
v 0.037777 0.020542 0.012467
v 0.036827 0.022434 0.012500
v 0.038017 0.020619 0.012370
v 0.038207 0.020681 0.012220
v 0.038330 0.020720 0.012031
v 0.038372 0.020734 0.011821
v 0.038372 0.020734 -0.011821
v 0.038330 0.020720 -0.012031
v 0.038207 0.020681 -0.012220
v 0.038017 0.020619 -0.012370
v 0.036827 0.022434 -0.012500
v 0.037777 0.020542 -0.012467
v 0.038393 0.018494 0.012467
v 0.037511 0.020456 0.012500
v 0.038636 0.018562 0.012370
v 0.038828 0.018615 0.012220
v 0.038952 0.018650 0.012031
v 0.038995 0.018662 0.011821
v 0.038995 0.018662 -0.011821
v 0.038952 0.018650 -0.012031
v 0.038828 0.018615 -0.012220
v 0.038636 0.018562 -0.012370
v 0.037511 0.020456 -0.012500
v 0.038393 0.018494 -0.012467
v 0.038936 0.016387 0.012467
v 0.038124 0.018419 0.012500
v 0.039181 0.016446 0.012370
v 0.039376 0.016492 0.012220
v 0.039501 0.016521 0.012031
v 0.039544 0.016532 0.011821
v 0.039544 0.016532 -0.011821
v 0.039501 0.016521 -0.012031
v 0.039376 0.016492 -0.012220
v 0.039181 0.016446 -0.012370
v 0.038124 0.018419 -0.012500
v 0.038936 0.016387 -0.012467
v 0.039407 0.014222 0.012467
v 0.038664 0.016323 0.012500
v 0.039654 0.014271 0.012370
v 0.039850 0.014310 0.012220
v 0.039976 0.014335 0.012031
v 0.040020 0.014344 0.011821
v 0.040020 0.014344 -0.011821
v 0.039976 0.014335 -0.012031
v 0.039850 0.014310 -0.012220
v 0.039654 0.014271 -0.012370
v 0.038664 0.016323 -0.012500
v 0.039407 0.014222 -0.012467
v 0.039805 0.011998 0.012467
v 0.039133 0.014168 0.012500
v 0.040054 0.012038 0.012370
v 0.040251 0.012070 0.012220
v 0.040378 0.012090 0.012031
v 0.040422 0.012097 0.011821
v 0.040422 0.012097 -0.011821
v 0.040378 0.012090 -0.012031
v 0.040251 0.012070 -0.012220
v 0.040054 0.012038 -0.012370
v 0.039133 0.014168 -0.012500
v 0.039805 0.011998 -0.012467
v 0.040131 0.009716 0.012467
v 0.039529 0.011954 0.012500
v 0.040381 0.009747 0.012370
v 0.040579 0.009772 0.012220
v 0.040707 0.009788 0.012031
v 0.040751 0.009794 0.011821
v 0.040751 0.009794 -0.011821
v 0.040707 0.009788 -0.012031
v 0.040579 0.009772 -0.012220
v 0.040381 0.009747 -0.012370
v 0.039529 0.011954 -0.012500
v 0.040131 0.009716 -0.012467
v 0.040384 0.007375 0.012467
v 0.039853 0.009681 0.012500
v 0.040635 0.007398 0.012370
v 0.040834 0.007416 0.012220
v 0.040962 0.007428 0.012031
v 0.041006 0.007432 0.011821
v 0.041006 0.007432 -0.011821
v 0.040962 0.007428 -0.012031
v 0.040834 0.007416 -0.012220
v 0.040635 0.007398 -0.012370
v 0.039853 0.009681 -0.012500
v 0.040384 0.007375 -0.012467
v 0.040565 0.004975 0.012467
v 0.040105 0.007349 0.012500
v 0.040816 0.004990 0.012370
v 0.041016 0.005002 0.012220
v 0.041144 0.005010 0.012031
v 0.041188 0.005012 0.011821
v 0.041188 0.005012 -0.011821
v 0.041144 0.005010 -0.012031
v 0.041016 0.005002 -0.012220
v 0.040816 0.004990 -0.012370
v 0.040105 0.007349 -0.012500
v 0.040565 0.004975 -0.012467
v 0.040673 0.002517 0.012467
v 0.040286 0.004959 0.012500
v 0.040925 0.002524 0.012370
v 0.041125 0.002530 0.012220
v 0.041253 0.002534 0.012031
v 0.041298 0.002535 0.011821
v 0.041298 0.002535 -0.011821
v 0.041253 0.002534 -0.012031
v 0.041125 0.002530 -0.012220
v 0.040925 0.002524 -0.012370
v 0.040286 0.004959 -0.012500
v 0.040673 0.002517 -0.012467
v 0.040709 0.000000 0.012467
v 0.040394 0.002509 0.012500
v 0.040961 0.000000 0.012370
v 0.041161 0.000000 0.012220
v 0.041290 0.000000 0.012031
v 0.041334 0.000000 0.011821
v 0.041334 0.000000 -0.011821
v 0.041290 0.000000 -0.012031
v 0.041161 0.000000 -0.012220
v 0.040961 0.000000 -0.012370
v 0.040394 0.002509 -0.012500
v 0.040709 0.000000 -0.012467
v 0.040394 -0.002509 0.012500
v 0.040430 0.000000 0.012500
v 0.040673 -0.002517 0.012467
v 0.040925 -0.002524 0.012370
v 0.041125 -0.002530 0.012220
v 0.041253 -0.002534 0.012031
v 0.041298 -0.002535 -0.011821
v 0.041253 -0.002534 -0.012031
v 0.041125 -0.002530 -0.012220
v 0.040925 -0.002524 -0.012370
v 0.040673 -0.002517 -0.012467
v 0.040394 -0.002509 -0.012500
v 0.040430 0.000000 -0.012500
v 0.040286 -0.004958 0.012500
v 0.040565 -0.004975 0.012467
v 0.040816 -0.004990 0.012370
v 0.041016 -0.005002 0.012220
v 0.041298 -0.002535 0.011821
v 0.041144 -0.005010 0.012031
v 0.041188 -0.005012 -0.011821
v 0.041144 -0.005010 -0.012031
v 0.041016 -0.005002 -0.012220
v 0.040816 -0.004990 -0.012370
v 0.040565 -0.004975 -0.012467
v 0.040286 -0.004958 -0.012500
v 0.040105 -0.007349 0.012500
v 0.040384 -0.007375 0.012467
v 0.040635 -0.007398 0.012370
v 0.040834 -0.007416 0.012220
v 0.041188 -0.005012 0.011821
v 0.040962 -0.007428 0.012031
v 0.041006 -0.007432 -0.011821
v 0.040962 -0.007428 -0.012031
v 0.040834 -0.007416 -0.012220
v 0.040635 -0.007398 -0.012370
v 0.040384 -0.007375 -0.012467
v 0.040105 -0.007349 -0.012500
v 0.039853 -0.009681 0.012500
v 0.040131 -0.009716 0.012467
v 0.040381 -0.009747 0.012370
v 0.040579 -0.009772 0.012220
v 0.041006 -0.007432 0.011821
v 0.040707 -0.009788 0.012031
v 0.040751 -0.009793 -0.011821
v 0.040707 -0.009788 -0.012031
v 0.040579 -0.009772 -0.012220
v 0.040381 -0.009747 -0.012370
v 0.040131 -0.009716 -0.012467
v 0.039853 -0.009681 -0.012500
v 0.039529 -0.011954 0.012500
v 0.039805 -0.011998 0.012467
v 0.040054 -0.012038 0.012370
v 0.040251 -0.012070 0.012220
v 0.040751 -0.009793 0.011821
v 0.040378 -0.012090 0.012031
v 0.040422 -0.012097 -0.011821
v 0.040378 -0.012090 -0.012031
v 0.040251 -0.012070 -0.012220
v 0.040054 -0.012038 -0.012370
v 0.039805 -0.011998 -0.012467
v 0.039529 -0.011954 -0.012500
v 0.039133 -0.014168 0.012500
v 0.039407 -0.014222 0.012467
v 0.039654 -0.014271 0.012370
v 0.039850 -0.014310 0.012220
v 0.040422 -0.012097 0.011821
v 0.039976 -0.014335 0.012031
v 0.040020 -0.014343 -0.011821
v 0.039976 -0.014335 -0.012031
v 0.039850 -0.014310 -0.012220
v 0.039654 -0.014271 -0.012370
v 0.039407 -0.014222 -0.012467
v 0.039133 -0.014167 -0.012500
v 0.038664 -0.016322 0.012500
v 0.038936 -0.016387 0.012467
v 0.039181 -0.016445 0.012370
v 0.039376 -0.016492 0.012220
v 0.040020 -0.014343 0.011821
v 0.039501 -0.016521 0.012031
v 0.039544 -0.016531 -0.011821
v 0.039501 -0.016521 -0.012031
v 0.039376 -0.016492 -0.012220
v 0.039181 -0.016445 -0.012370
v 0.038936 -0.016387 -0.012467
v 0.038664 -0.016322 -0.012500
v 0.038124 -0.018418 0.012500
v 0.038393 -0.018494 0.012467
v 0.038636 -0.018561 0.012370
v 0.038828 -0.018615 0.012220
v 0.039544 -0.016531 0.011821
v 0.038952 -0.018650 0.012031
v 0.038995 -0.018662 -0.011821
v 0.038952 -0.018650 -0.012031
v 0.038828 -0.018615 -0.012220
v 0.038636 -0.018561 -0.012370
v 0.038393 -0.018494 -0.012467
v 0.038124 -0.018418 -0.012500
v 0.037511 -0.020455 0.012500
v 0.037777 -0.020541 0.012467
v 0.038017 -0.020619 0.012370
v 0.038207 -0.020680 0.012220
v 0.038995 -0.018662 0.011821
v 0.038330 -0.020720 0.012031
v 0.038372 -0.020734 -0.011821
v 0.038330 -0.020720 -0.012031
v 0.038207 -0.020680 -0.012220
v 0.038017 -0.020619 -0.012370
v 0.037777 -0.020541 -0.012467
v 0.037511 -0.020455 -0.012500
v 0.036827 -0.022433 0.012500
v 0.037089 -0.022530 0.012467
v 0.037325 -0.022618 0.012370
v 0.037513 -0.022687 0.012220
v 0.038372 -0.020734 0.011821
v 0.037633 -0.022732 0.012031
v 0.037675 -0.022747 -0.011821
v 0.037633 -0.022732 -0.012031
v 0.037513 -0.022687 -0.012220
v 0.037325 -0.022618 -0.012370
v 0.037089 -0.022530 -0.012467
v 0.036827 -0.022433 -0.012500
v 0.036070 -0.024352 0.012500
v 0.036328 -0.024461 0.012467
v 0.036560 -0.024558 0.012370
v 0.036745 -0.024636 0.012220
v 0.037675 -0.022747 0.011821
v 0.036863 -0.024685 0.012031
v 0.036904 -0.024702 -0.011821
v 0.036863 -0.024685 -0.012031
v 0.036745 -0.024636 -0.012220
v 0.036560 -0.024558 -0.012370
v 0.036328 -0.024461 -0.012467
v 0.036070 -0.024352 -0.012500
v 0.035494 -0.026332 0.012467
v 0.035722 -0.026439 0.012370
v 0.035903 -0.026524 0.012220
v 0.036019 -0.026579 0.012031
v 0.036059 -0.026598 0.011821
v 0.036904 -0.024702 0.011821
v 0.036059 -0.026598 -0.011821
v 0.036019 -0.026579 -0.012031
v 0.035903 -0.026524 -0.012220
v 0.035722 -0.026439 -0.012370
v 0.035494 -0.026332 -0.012467
v 0.034596 -0.028137 0.012467
v 0.035241 -0.026213 0.012500
v 0.034820 -0.028254 0.012370
v 0.034997 -0.028346 0.012220
v 0.035111 -0.028406 0.012031
v 0.035150 -0.028427 0.011821
v 0.035150 -0.028427 -0.011821
v 0.035111 -0.028406 -0.012031
v 0.034997 -0.028346 -0.012220
v 0.034820 -0.028254 -0.012370
v 0.035241 -0.026213 -0.012500
v 0.034596 -0.028137 -0.012467
v 0.033401 -0.029730 0.012500
v 0.034349 -0.028007 0.012500
v 0.033643 -0.029870 0.012467
v 0.033861 -0.029996 0.012370
v 0.034035 -0.030096 0.012220
v 0.034146 -0.030160 0.012031
v 0.034184 -0.030183 -0.011821
v 0.034146 -0.030160 -0.012031
v 0.034035 -0.030096 -0.012220
v 0.033861 -0.029996 -0.012370
v 0.033643 -0.029870 -0.012467
v 0.033401 -0.029730 -0.012500
v 0.034349 -0.028007 -0.012500
v 0.032398 -0.031380 0.012500
v 0.032634 -0.031531 0.012467
v 0.032846 -0.031666 0.012370
v 0.033015 -0.031774 0.012220
v 0.034184 -0.030183 0.011821
v 0.033123 -0.031843 0.012031
v 0.033161 -0.031867 -0.011821
v 0.033123 -0.031843 -0.012031
v 0.033015 -0.031774 -0.012220
v 0.032846 -0.031666 -0.012370
v 0.032634 -0.031531 -0.012467
v 0.032398 -0.031380 -0.012500
v 0.031340 -0.032958 0.012500
v 0.031569 -0.033119 0.012467
v 0.031775 -0.033265 0.012370
v 0.031939 -0.033380 0.012220
v 0.033161 -0.031867 0.011821
v 0.032044 -0.033454 0.012031
v 0.032080 -0.033479 -0.011821
v 0.032044 -0.033454 -0.012031
v 0.031939 -0.033380 -0.012220
v 0.031775 -0.033265 -0.012370
v 0.031569 -0.033119 -0.012467
v 0.031340 -0.032958 -0.012500
v 0.030227 -0.034465 0.012500
v 0.030448 -0.034636 0.012467
v 0.030647 -0.034791 0.012370
v 0.030805 -0.034913 0.012220
v 0.032080 -0.033479 0.011821
v 0.030907 -0.034992 0.012031
v 0.030942 -0.035019 -0.011821
v 0.030907 -0.034992 -0.012031
v 0.030805 -0.034913 -0.012220
v 0.030647 -0.034791 -0.012370
v 0.030448 -0.034636 -0.012467
v 0.030227 -0.034465 -0.012500
v 0.029059 -0.035899 0.012500
v 0.029271 -0.036081 0.012467
v 0.029463 -0.036245 0.012370
v 0.029615 -0.036375 0.012220
v 0.030942 -0.035019 0.011821
v 0.029712 -0.036458 0.012031
v 0.029746 -0.036487 -0.011821
v 0.029712 -0.036458 -0.012031
v 0.029615 -0.036375 -0.012220
v 0.029463 -0.036245 -0.012370
v 0.029271 -0.036081 -0.012467
v 0.029059 -0.035899 -0.012500
v 0.027835 -0.037261 0.012500
v 0.028038 -0.037453 0.012467
v 0.028222 -0.037626 0.012370
v 0.028367 -0.037764 0.012220
v 0.029746 -0.036487 0.011821
v 0.028461 -0.037852 0.012031
v 0.028493 -0.037882 -0.011821
v 0.028461 -0.037852 -0.012031
v 0.028367 -0.037764 -0.012220
v 0.028222 -0.037626 -0.012370
v 0.028038 -0.037453 -0.012467
v 0.027835 -0.037261 -0.012500
v 0.026556 -0.038551 0.012500
v 0.026750 -0.038753 0.012467
v 0.026924 -0.038935 0.012370
v 0.027063 -0.039079 0.012220
v 0.028493 -0.037882 0.011821
v 0.027152 -0.039172 0.012031
v 0.027182 -0.039204 -0.011821
v 0.027152 -0.039172 -0.012031
v 0.027063 -0.039079 -0.012220
v 0.026924 -0.038935 -0.012370
v 0.026750 -0.038753 -0.012467
v 0.026556 -0.038551 -0.012500
v 0.025222 -0.039769 0.012500
v 0.025405 -0.039981 0.012467
v 0.025570 -0.040171 0.012370
v 0.025702 -0.040322 0.012220
v 0.027182 -0.039204 0.011821
v 0.025786 -0.040419 0.012031
v 0.025815 -0.040453 -0.011821
v 0.025786 -0.040419 -0.012031
v 0.025702 -0.040322 -0.012220
v 0.025570 -0.040171 -0.012370
v 0.025405 -0.039981 -0.012467
v 0.025222 -0.039769 -0.012500
v 0.023833 -0.040915 0.012500
v 0.024005 -0.041136 0.012467
v 0.024160 -0.041334 0.012370
v 0.024284 -0.041492 0.012220
v 0.025815 -0.040453 0.011821
v 0.024363 -0.041593 0.012031
v 0.024390 -0.041628 -0.011821
v 0.024363 -0.041593 -0.012031
v 0.024284 -0.041492 -0.012220
v 0.024160 -0.041334 -0.012370
v 0.024005 -0.041136 -0.012467
v 0.023833 -0.040915 -0.012500
v 0.022549 -0.042218 0.012467
v 0.022694 -0.042424 0.012370
v 0.022810 -0.042588 0.012220
v 0.022884 -0.042693 0.012031
v 0.024390 -0.041628 0.011821
v 0.022909 -0.042729 -0.011821
v 0.022884 -0.042693 -0.012031
v 0.022810 -0.042588 -0.012220
v 0.022694 -0.042424 -0.012370
v 0.022549 -0.042218 -0.012467
v 0.021038 -0.043227 0.012467
v 0.022388 -0.041989 0.012500
v 0.021173 -0.043441 0.012370
v 0.021280 -0.043610 0.012220
v 0.021348 -0.043718 0.012031
v 0.021372 -0.043756 0.011821
v 0.022909 -0.042729 0.011821
v 0.021372 -0.043756 -0.011821
v 0.021348 -0.043718 -0.012031
v 0.021280 -0.043610 -0.012220
v 0.021173 -0.043441 -0.012370
v 0.022388 -0.041989 -0.012500
v 0.021038 -0.043227 -0.012467
v 0.019481 -0.044160 0.012467
v 0.020888 -0.042991 0.012500
v 0.019605 -0.044380 0.012370
v 0.019704 -0.044554 0.012220
v 0.019767 -0.044665 0.012031
v 0.019789 -0.044704 0.011821
v 0.019789 -0.044704 -0.011821
v 0.019767 -0.044665 -0.012031
v 0.019704 -0.044554 -0.012220
v 0.019605 -0.044380 -0.012370
v 0.020888 -0.042991 -0.012500
v 0.019481 -0.044160 -0.012467
v 0.017762 -0.044762 0.012500
v 0.019343 -0.043917 0.012500
v 0.017888 -0.045012 0.012467
v 0.018001 -0.045237 0.012370
v 0.018091 -0.045416 0.012220
v 0.018149 -0.045530 0.012031
v 0.018169 -0.045570 -0.011821
v 0.018149 -0.045530 -0.012031
v 0.018091 -0.045416 -0.012220
v 0.018001 -0.045237 -0.012370
v 0.017888 -0.045012 -0.012467
v 0.017762 -0.044762 -0.012500
v 0.019343 -0.043917 -0.012500
v 0.016146 -0.045527 0.012500
v 0.016259 -0.045782 0.012467
v 0.016361 -0.046013 0.012370
v 0.016443 -0.046196 0.012220
v 0.018169 -0.045570 0.011821
v 0.016495 -0.046313 0.012031
v 0.016513 -0.046354 -0.011821
v 0.016495 -0.046313 -0.012031
v 0.016443 -0.046196 -0.012220
v 0.016361 -0.046013 -0.012370
v 0.016259 -0.045782 -0.012467
v 0.016146 -0.045527 -0.012500
v 0.014595 -0.046472 0.012467
v 0.014685 -0.046707 0.012370
v 0.014757 -0.046894 0.012220
v 0.014804 -0.047013 0.012031
v 0.014820 -0.047055 0.011821
v 0.016513 -0.046354 0.011821
v 0.014820 -0.047055 -0.011821
v 0.014804 -0.047013 -0.012031
v 0.014757 -0.046894 -0.012220
v 0.014685 -0.046707 -0.012370
v 0.014595 -0.046472 -0.012467
v 0.012894 -0.047080 0.012467
v 0.014494 -0.046211 0.012500
v 0.012974 -0.047319 0.012370
v 0.013036 -0.047509 0.012220
v 0.013077 -0.047631 0.012031
v 0.013091 -0.047673 0.011821
v 0.013091 -0.047673 -0.011821
v 0.013077 -0.047631 -0.012031
v 0.013036 -0.047509 -0.012220
v 0.012974 -0.047319 -0.012370
v 0.014494 -0.046211 -0.012500
v 0.012894 -0.047080 -0.012467
v 0.011158 -0.047607 0.012467
v 0.012807 -0.046814 0.012500
v 0.011226 -0.047850 0.012370
v 0.011279 -0.048043 0.012220
v 0.011314 -0.048167 0.012031
v 0.011326 -0.048209 0.011821
v 0.011326 -0.048209 -0.011821
v 0.011314 -0.048167 -0.012031
v 0.011279 -0.048043 -0.012220
v 0.011226 -0.047850 -0.012370
v 0.012807 -0.046814 -0.012500
v 0.011158 -0.047607 -0.012467
v 0.009387 -0.048053 0.012467
v 0.011084 -0.047338 0.012500
v 0.009443 -0.048299 0.012370
v 0.009487 -0.048494 0.012220
v 0.009515 -0.048619 0.012031
v 0.009525 -0.048662 0.011821
v 0.009525 -0.048662 -0.011821
v 0.009515 -0.048619 -0.012031
v 0.009487 -0.048494 -0.012220
v 0.009443 -0.048299 -0.012370
v 0.011084 -0.047338 -0.012500
v 0.009387 -0.048053 -0.012467
v 0.007580 -0.048418 0.012467
v 0.009325 -0.047780 0.012500
v 0.007624 -0.048666 0.012370
v 0.007659 -0.048863 0.012220
v 0.007682 -0.048989 0.012031
v 0.007689 -0.049033 0.011821
v 0.007689 -0.049033 -0.011821
v 0.007682 -0.048989 -0.012031
v 0.007659 -0.048863 -0.012220
v 0.007624 -0.048666 -0.012370
v 0.009325 -0.047780 -0.012500
v 0.007580 -0.048418 -0.012467
v 0.005738 -0.048701 0.012467
v 0.007531 -0.048142 0.012500
v 0.005770 -0.048951 0.012370
v 0.005796 -0.049150 0.012220
v 0.005813 -0.049277 0.012031
v 0.005819 -0.049321 0.011821
v 0.005819 -0.049321 -0.011821
v 0.005813 -0.049277 -0.012031
v 0.005796 -0.049150 -0.012220
v 0.005770 -0.048951 -0.012370
v 0.007531 -0.048142 -0.012500
v 0.005738 -0.048701 -0.012467
v 0.003860 -0.048904 0.012467
v 0.005701 -0.048424 0.012500
v 0.003882 -0.049155 0.012370
v 0.003899 -0.049355 0.012220
v 0.003910 -0.049483 0.012031
v 0.003913 -0.049527 0.011821
v 0.003913 -0.049527 -0.011821
v 0.003910 -0.049483 -0.012031
v 0.003899 -0.049355 -0.012220
v 0.003882 -0.049155 -0.012370
v 0.005701 -0.048424 -0.012500
v 0.003860 -0.048904 -0.012467
v 0.001947 -0.049025 0.012467
v 0.003836 -0.048625 0.012500
v 0.001958 -0.049277 0.012370
v 0.001966 -0.049477 0.012220
v 0.001972 -0.049606 0.012031
v 0.001973 -0.049650 0.011821
v 0.001973 -0.049650 -0.011821
v 0.001972 -0.049606 -0.012031
v 0.001966 -0.049477 -0.012220
v 0.001958 -0.049277 -0.012370
v 0.003836 -0.048625 -0.012500
v 0.001947 -0.049025 -0.012467
v 0.001935 -0.048746 0.012500
v 0.001935 -0.048746 -0.012500
v 0.001390 -0.029993 0.012467
v -0.000001 -0.030323 0.012500
v -0.000001 -0.030043 0.012467
v 0.001371 -0.029741 0.012370
v -0.000001 -0.029791 0.012370
v 0.001356 -0.029541 0.012220
v -0.000001 -0.029591 0.012220
v 0.001346 -0.029413 0.012031
v -0.000001 -0.029462 0.012031
v 0.001343 -0.029369 0.011821
v -0.000001 -0.029418 0.011821
v 0.001343 -0.029369 -0.011821
v -0.000001 -0.029418 -0.011821
v -0.000001 -0.029462 -0.012031
v -0.000001 -0.029591 -0.012220
v 0.001346 -0.029413 -0.012031
v -0.000001 -0.029791 -0.012370
v 0.001356 -0.029541 -0.012220
v -0.000001 -0.030043 -0.012467
v 0.001371 -0.029741 -0.012370
v -0.000001 -0.030323 -0.012500
v 0.001390 -0.029993 -0.012467
v 0.002728 -0.029841 0.012467
v 0.001411 -0.030272 0.012500
v 0.002690 -0.029591 0.012370
v 0.002659 -0.029394 0.012220
v 0.002639 -0.029266 0.012031
v 0.002633 -0.029223 0.011821
v 0.002633 -0.029223 -0.011821
v 0.002639 -0.029266 -0.012031
v 0.002659 -0.029394 -0.012220
v 0.002690 -0.029591 -0.012370
v 0.001411 -0.030272 -0.012500
v 0.002728 -0.029841 -0.012467
v 0.004014 -0.029588 0.012467
v 0.002771 -0.030117 0.012500
v 0.003955 -0.029343 0.012370
v 0.003908 -0.029148 0.012220
v 0.003878 -0.029023 0.012031
v 0.003868 -0.028980 0.011821
v 0.003868 -0.028980 -0.011821
v 0.003878 -0.029023 -0.012031
v 0.003908 -0.029148 -0.012220
v 0.003955 -0.029343 -0.012370
v 0.002771 -0.030117 -0.012500
v 0.004014 -0.029588 -0.012467
v 0.005249 -0.029234 0.012467
v 0.004080 -0.029860 0.012500
v 0.005168 -0.028995 0.012370
v 0.005105 -0.028805 0.012220
v 0.005064 -0.028683 0.012031
v 0.005050 -0.028641 0.011821
v 0.005050 -0.028641 -0.011821
v 0.005064 -0.028683 -0.012031
v 0.005105 -0.028805 -0.012220
v 0.005168 -0.028995 -0.012370
v 0.004080 -0.029860 -0.012500
v 0.005249 -0.029234 -0.012467
v 0.006431 -0.028780 0.012467
v 0.005337 -0.029499 0.012500
v 0.006330 -0.028548 0.012370
v 0.006250 -0.028365 0.012220
v 0.006199 -0.028247 0.012031
v 0.006181 -0.028206 0.011821
v 0.006181 -0.028206 -0.011821
v 0.006199 -0.028247 -0.012031
v 0.006250 -0.028365 -0.012220
v 0.006330 -0.028548 -0.012370
v 0.005337 -0.029499 -0.012500
v 0.006431 -0.028780 -0.012467
v 0.007563 -0.028225 0.012467
v 0.006543 -0.029036 0.012500
v 0.007442 -0.028003 0.012370
v 0.007346 -0.027827 0.012220
v 0.007284 -0.027715 0.012031
v 0.007263 -0.027676 0.011821
v 0.007263 -0.027676 -0.011821
v 0.007284 -0.027715 -0.012031
v 0.007346 -0.027827 -0.012220
v 0.007442 -0.028003 -0.012370
v 0.006543 -0.029036 -0.012500
v 0.007563 -0.028225 -0.012467
v 0.008801 -0.027801 0.012500
v 0.007698 -0.028470 0.012500
v 0.008645 -0.027568 0.012467
v 0.008505 -0.027358 0.012370
v 0.008394 -0.027192 0.012220
v 0.008322 -0.027085 0.012031
v 0.008297 -0.027048 -0.011821
v 0.008322 -0.027085 -0.012031
v 0.008394 -0.027192 -0.012220
v 0.008505 -0.027358 -0.012370
v 0.008645 -0.027568 -0.012467
v 0.008801 -0.027801 -0.012500
v 0.007698 -0.028470 -0.012500
v 0.009852 -0.027029 0.012500
v 0.009677 -0.026810 0.012467
v 0.009519 -0.026614 0.012370
v 0.009394 -0.026457 0.012220
v 0.008297 -0.027048 0.011821
v 0.009313 -0.026357 0.012031
v 0.009286 -0.026323 -0.011821
v 0.009313 -0.026357 -0.012031
v 0.009394 -0.026457 -0.012220
v 0.009519 -0.026614 -0.012370
v 0.009677 -0.026810 -0.012467
v 0.009852 -0.027029 -0.012500
v 0.010852 -0.026154 0.012500
v 0.010659 -0.025951 0.012467
v 0.010486 -0.025768 0.012370
v 0.010348 -0.025623 0.012220
v 0.009286 -0.026323 0.011821
v 0.010259 -0.025530 0.012031
v 0.010229 -0.025497 -0.011821
v 0.010259 -0.025530 -0.012031
v 0.010348 -0.025623 -0.012220
v 0.010486 -0.025768 -0.012370
v 0.010659 -0.025951 -0.012467
v 0.010852 -0.026154 -0.012500
v 0.011801 -0.025176 0.012500
v 0.011592 -0.024989 0.012467
v 0.011405 -0.024820 0.012370
v 0.011256 -0.024687 0.012220
v 0.010229 -0.025497 0.011821
v 0.011160 -0.024601 0.012031
v 0.011127 -0.024571 -0.011821
v 0.011160 -0.024601 -0.012031
v 0.011256 -0.024687 -0.012220
v 0.011405 -0.024820 -0.012370
v 0.011592 -0.024989 -0.012467
v 0.011801 -0.025176 -0.012500
v 0.012698 -0.024095 0.012500
v 0.012476 -0.023924 0.012467
v 0.012276 -0.023770 0.012370
v 0.012118 -0.023648 0.012220
v 0.011127 -0.024571 0.011821
v 0.012016 -0.023569 0.012031
v 0.011981 -0.023542 -0.011821
v 0.012016 -0.023569 -0.012031
v 0.012118 -0.023648 -0.012220
v 0.012276 -0.023770 -0.012370
v 0.012476 -0.023924 -0.012467
v 0.012698 -0.024095 -0.012500
v 0.013310 -0.022757 0.012467
v 0.013099 -0.022618 0.012370
v 0.012932 -0.022507 0.012220
v 0.012825 -0.022437 0.012031
v 0.012788 -0.022412 0.011821
v 0.011981 -0.023542 0.011821
v 0.012788 -0.022412 -0.011821
v 0.012825 -0.022437 -0.012031
v 0.012932 -0.022507 -0.012220
v 0.013099 -0.022618 -0.012370
v 0.013310 -0.022757 -0.012467
v 0.014085 -0.021483 0.012467
v 0.013543 -0.022911 0.012500
v 0.013865 -0.021360 0.012370
v 0.013690 -0.021262 0.012220
v 0.013578 -0.021199 0.012031
v 0.013539 -0.021178 0.011821
v 0.013539 -0.021178 -0.011821
v 0.013578 -0.021199 -0.012031
v 0.013690 -0.021262 -0.012220
v 0.013865 -0.021360 -0.012370
v 0.013543 -0.022911 -0.012500
v 0.014085 -0.021483 -0.012467
v 0.015046 -0.020215 0.012500
v 0.014329 -0.021619 0.012500
v 0.014793 -0.020097 0.012467
v 0.014565 -0.019989 0.012370
v 0.014384 -0.019905 0.012220
v 0.014267 -0.019850 0.012031
v 0.014227 -0.019831 -0.011821
v 0.014267 -0.019850 -0.012031
v 0.014384 -0.019905 -0.012220
v 0.014565 -0.019989 -0.012370
v 0.014793 -0.020097 -0.012467
v 0.015046 -0.020215 -0.012500
v 0.014329 -0.021619 -0.012500
v 0.015695 -0.018699 0.012500
v 0.015435 -0.018597 0.012467
v 0.015200 -0.018505 0.012370
v 0.015014 -0.018432 0.012220
v 0.014227 -0.019831 0.011821
v 0.014894 -0.018385 0.012031
v 0.014853 -0.018369 -0.011821
v 0.014894 -0.018385 -0.012031
v 0.015014 -0.018432 -0.012220
v 0.015200 -0.018505 -0.012370
v 0.015435 -0.018597 -0.012467
v 0.015695 -0.018699 -0.012500
v 0.016276 -0.017071 0.012500
v 0.016010 -0.016984 0.012467
v 0.015770 -0.016906 0.012370
v 0.015580 -0.016844 0.012220
v 0.014853 -0.018369 0.011821
v 0.015458 -0.016805 0.012031
v 0.015416 -0.016791 -0.011821
v 0.015458 -0.016805 -0.012031
v 0.015580 -0.016844 -0.012220
v 0.015770 -0.016906 -0.012370
v 0.016010 -0.016984 -0.012467
v 0.016276 -0.017071 -0.012500
v 0.016788 -0.015330 0.012500
v 0.016518 -0.015258 0.012467
v 0.016275 -0.015193 0.012370
v 0.016081 -0.015141 0.012220
v 0.015416 -0.016791 0.011821
v 0.015957 -0.015108 0.012031
v 0.015914 -0.015097 -0.011821
v 0.015957 -0.015108 -0.012031
v 0.016081 -0.015141 -0.012220
v 0.016275 -0.015193 -0.012370
v 0.016518 -0.015258 -0.012467
v 0.016788 -0.015330 -0.012500
v 0.017233 -0.013477 0.012500
v 0.016959 -0.013418 0.012467
v 0.016713 -0.013365 0.012370
v 0.016517 -0.013323 0.012220
v 0.015914 -0.015097 0.011821
v 0.016392 -0.013296 0.012031
v 0.016348 -0.013286 -0.011821
v 0.016392 -0.013296 -0.012031
v 0.016517 -0.013323 -0.012220
v 0.016713 -0.013365 -0.012370
v 0.016959 -0.013418 -0.012467
v 0.017233 -0.013477 -0.012500
v 0.017608 -0.011511 0.012500
v 0.017333 -0.011465 0.012467
v 0.017084 -0.011423 0.012370
v 0.016887 -0.011389 0.012220
v 0.016348 -0.013286 0.011821
v 0.016760 -0.011368 0.012031
v 0.016717 -0.011360 -0.011821
v 0.016760 -0.011368 -0.012031
v 0.016887 -0.011389 -0.012220
v 0.017084 -0.011423 -0.012370
v 0.017333 -0.011465 -0.012467
v 0.017608 -0.011511 -0.012500
v 0.017916 -0.009434 0.012500
v 0.017639 -0.009398 0.012467
v 0.017388 -0.009366 0.012370
v 0.017190 -0.009340 0.012220
v 0.016717 -0.011360 0.011821
v 0.017063 -0.009324 0.012031
v 0.017019 -0.009318 -0.011821
v 0.017063 -0.009324 -0.012031
v 0.017190 -0.009340 -0.012220
v 0.017388 -0.009366 -0.012370
v 0.017639 -0.009398 -0.012467
v 0.017916 -0.009434 -0.012500
v 0.018155 -0.007244 0.012500
v 0.017877 -0.007218 0.012467
v 0.017626 -0.007195 0.012370
v 0.017426 -0.007177 0.012220
v 0.017019 -0.009318 0.011821
v 0.017298 -0.007165 0.012031
v 0.017254 -0.007161 -0.011821
v 0.017298 -0.007165 -0.012031
v 0.017426 -0.007177 -0.012220
v 0.017626 -0.007195 -0.012370
v 0.017877 -0.007218 -0.012467
v 0.018155 -0.007244 -0.012500
v 0.018326 -0.004941 0.012500
v 0.018047 -0.004925 0.012467
v 0.017795 -0.004910 0.012370
v 0.017595 -0.004899 0.012220
v 0.017254 -0.007161 0.011821
v 0.017467 -0.004891 0.012031
v 0.017423 -0.004889 -0.011821
v 0.017467 -0.004891 -0.012031
v 0.017595 -0.004899 -0.012220
v 0.017795 -0.004910 -0.012370
v 0.018047 -0.004925 -0.012467
v 0.018326 -0.004941 -0.012500
v 0.018428 -0.002527 0.012500
v 0.018149 -0.002519 0.012467
v 0.017897 -0.002512 0.012370
v 0.017697 -0.002506 0.012220
v 0.017423 -0.004889 0.011821
v 0.017568 -0.002503 0.012031
v 0.017524 -0.002502 -0.011821
v 0.017568 -0.002503 -0.012031
v 0.017697 -0.002506 -0.012220
v 0.017897 -0.002512 -0.012370
v 0.018149 -0.002519 -0.012467
v 0.018428 -0.002527 -0.012500
v 0.018462 0.000000 0.012500
v 0.018183 0.000000 0.012467
v 0.017931 0.000000 0.012370
v 0.017731 0.000000 0.012220
v 0.017524 -0.002502 0.011821
v 0.017602 0.000000 0.012031
v 0.017558 0.000000 0.011821
v 0.017602 0.000000 -0.012031
v 0.017731 0.000000 -0.012220
v 0.017931 0.000000 -0.012370
v 0.018183 0.000000 -0.012467
v 0.018462 0.000000 -0.012500
v 0.018149 0.002519 0.012467
v 0.017897 0.002512 0.012370
v 0.017697 0.002507 0.012220
v 0.017568 0.002503 0.012031
v 0.017524 0.002502 0.011821
v 0.017558 0.000000 -0.011821
v 0.017524 0.002502 -0.011821
v 0.017568 0.002503 -0.012031
v 0.017697 0.002507 -0.012220
v 0.017897 0.002512 -0.012370
v 0.018149 0.002519 -0.012467
v 0.018047 0.004925 0.012467
v 0.018428 0.002527 0.012500
v 0.017795 0.004911 0.012370
v 0.017595 0.004899 0.012220
v 0.017467 0.004892 0.012031
v 0.017423 0.004889 0.011821
v 0.017423 0.004889 -0.011821
v 0.017467 0.004892 -0.012031
v 0.017595 0.004899 -0.012220
v 0.017795 0.004911 -0.012370
v 0.018428 0.002527 -0.012500
v 0.018047 0.004925 -0.012467
v 0.017877 0.007218 0.012467
v 0.018326 0.004942 0.012500
v 0.017626 0.007195 0.012370
v 0.017426 0.007177 0.012220
v 0.017298 0.007165 0.012031
v 0.017254 0.007161 0.011821
v 0.017254 0.007161 -0.011821
v 0.017298 0.007165 -0.012031
v 0.017426 0.007177 -0.012220
v 0.017626 0.007195 -0.012370
v 0.018326 0.004942 -0.012500
v 0.017877 0.007218 -0.012467
v 0.017639 0.009398 0.012467
v 0.018155 0.007244 0.012500
v 0.017388 0.009366 0.012370
v 0.017190 0.009341 0.012220
v 0.017063 0.009324 0.012031
v 0.017019 0.009319 0.011821
v 0.017019 0.009319 -0.011821
v 0.017063 0.009324 -0.012031
v 0.017190 0.009341 -0.012220
v 0.017388 0.009366 -0.012370
v 0.018155 0.007244 -0.012500
v 0.017639 0.009398 -0.012467
v 0.017333 0.011465 0.012467
v 0.017916 0.009434 0.012500
v 0.017084 0.011423 0.012370
v 0.016887 0.011389 0.012220
v 0.016760 0.011368 0.012031
v 0.016717 0.011361 0.011821
v 0.016717 0.011361 -0.011821
v 0.016760 0.011368 -0.012031
v 0.016887 0.011389 -0.012220
v 0.017084 0.011423 -0.012370
v 0.017916 0.009434 -0.012500
v 0.017333 0.011465 -0.012467
v 0.016959 0.013418 0.012467
v 0.017608 0.011512 0.012500
v 0.016713 0.013365 0.012370
v 0.016517 0.013323 0.012220
v 0.016392 0.013296 0.012031
v 0.016348 0.013287 0.011821
v 0.016348 0.013287 -0.011821
v 0.016392 0.013296 -0.012031
v 0.016517 0.013323 -0.012220
v 0.016713 0.013365 -0.012370
v 0.017608 0.011512 -0.012500
v 0.016959 0.013418 -0.012467
v 0.016518 0.015258 0.012467
v 0.017233 0.013477 0.012500
v 0.016275 0.015193 0.012370
v 0.016081 0.015141 0.012220
v 0.015957 0.015108 0.012031
v 0.015914 0.015097 0.011821
v 0.015914 0.015097 -0.011821
v 0.015957 0.015108 -0.012031
v 0.016081 0.015141 -0.012220
v 0.016275 0.015193 -0.012370
v 0.017233 0.013477 -0.012500
v 0.016518 0.015258 -0.012467
v 0.016010 0.016984 0.012467
v 0.016788 0.015330 0.012500
v 0.015770 0.016906 0.012370
v 0.015580 0.016845 0.012220
v 0.015458 0.016805 0.012031
v 0.015416 0.016791 0.011821
v 0.015416 0.016791 -0.011821
v 0.015458 0.016805 -0.012031
v 0.015580 0.016845 -0.012220
v 0.015770 0.016906 -0.012370
v 0.016788 0.015330 -0.012500
v 0.016010 0.016984 -0.012467
v 0.015435 0.018597 0.012467
v 0.016276 0.017071 0.012500
v 0.015200 0.018505 0.012370
v 0.015014 0.018432 0.012220
v 0.014894 0.018385 0.012031
v 0.014853 0.018369 0.011821
v 0.014853 0.018369 -0.011821
v 0.014894 0.018385 -0.012031
v 0.015014 0.018432 -0.012220
v 0.015200 0.018505 -0.012370
v 0.016276 0.017071 -0.012500
v 0.015435 0.018597 -0.012467
v 0.014793 0.020097 0.012467
v 0.015695 0.018699 0.012500
v 0.014565 0.019990 0.012370
v 0.014384 0.019905 0.012220
v 0.014267 0.019850 0.012031
v 0.014227 0.019831 0.011821
v 0.014227 0.019831 -0.011821
v 0.014267 0.019850 -0.012031
v 0.014384 0.019905 -0.012220
v 0.014565 0.019990 -0.012370
v 0.015695 0.018699 -0.012500
v 0.014793 0.020097 -0.012467
v 0.014085 0.021483 0.012467
v 0.015046 0.020216 0.012500
v 0.013865 0.021360 0.012370
v 0.013690 0.021262 0.012220
v 0.013578 0.021200 0.012031
v 0.013539 0.021178 0.011821
v 0.013539 0.021178 -0.011821
v 0.013578 0.021200 -0.012031
v 0.013690 0.021262 -0.012220
v 0.013865 0.021360 -0.012370
v 0.015046 0.020216 -0.012500
v 0.014085 0.021483 -0.012467
v 0.013543 0.022911 0.012500
v 0.014329 0.021619 0.012500
v 0.013310 0.022757 0.012467
v 0.013099 0.022618 0.012370
v 0.012932 0.022508 0.012220
v 0.012825 0.022437 0.012031
v 0.012788 0.022412 -0.011821
v 0.012825 0.022437 -0.012031
v 0.012932 0.022508 -0.012220
v 0.013099 0.022618 -0.012370
v 0.013310 0.022757 -0.012467
v 0.013543 0.022911 -0.012500
v 0.014329 0.021619 -0.012500
v 0.012698 0.024095 0.012500
v 0.012476 0.023924 0.012467
v 0.012276 0.023770 0.012370
v 0.012118 0.023648 0.012220
v 0.012788 0.022412 0.011821
v 0.012016 0.023570 0.012031
v 0.011981 0.023543 -0.011821
v 0.012016 0.023570 -0.012031
v 0.012118 0.023648 -0.012220
v 0.012276 0.023770 -0.012370
v 0.012476 0.023924 -0.012467
v 0.012698 0.024095 -0.012500
v 0.011592 0.024989 0.012467
v 0.011405 0.024821 0.012370
v 0.011256 0.024687 0.012220
v 0.011160 0.024601 0.012031
v 0.011127 0.024571 0.011821
v 0.011981 0.023543 0.011821
v 0.011127 0.024571 -0.011821
v 0.011160 0.024601 -0.012031
v 0.011256 0.024687 -0.012220
v 0.011405 0.024821 -0.012370
v 0.011592 0.024989 -0.012467
v 0.010659 0.025951 0.012467
v 0.011801 0.025176 0.012500
v 0.010486 0.025768 0.012370
v 0.010348 0.025623 0.012220
v 0.010259 0.025530 0.012031
v 0.010229 0.025498 0.011821
v 0.010229 0.025498 -0.011821
v 0.010259 0.025530 -0.012031
v 0.010348 0.025623 -0.012220
v 0.010486 0.025768 -0.012370
v 0.011801 0.025176 -0.012500
v 0.010659 0.025951 -0.012467
v 0.009677 0.026811 0.012467
v 0.010852 0.026154 0.012500
v 0.009519 0.026614 0.012370
v 0.009394 0.026458 0.012220
v 0.009313 0.026357 0.012031
v 0.009286 0.026323 0.011821
v 0.009286 0.026323 -0.011821
v 0.009313 0.026357 -0.012031
v 0.009394 0.026458 -0.012220
v 0.009519 0.026614 -0.012370
v 0.010852 0.026154 -0.012500
v 0.009677 0.026811 -0.012467
v 0.008645 0.027568 0.012467
v 0.009852 0.027029 0.012500
v 0.008505 0.027359 0.012370
v 0.008394 0.027192 0.012220
v 0.008322 0.027085 0.012031
v 0.008297 0.027049 0.011821
v 0.008297 0.027049 -0.011821
v 0.008322 0.027085 -0.012031
v 0.008394 0.027192 -0.012220
v 0.008505 0.027359 -0.012370
v 0.009852 0.027029 -0.012500
v 0.008645 0.027568 -0.012467
v 0.007563 0.028225 0.012467
v 0.008801 0.027801 0.012500
v 0.007442 0.028003 0.012370
v 0.007346 0.027828 0.012220
v 0.007284 0.027715 0.012031
v 0.007263 0.027676 0.011821
v 0.007263 0.027676 -0.011821
v 0.007284 0.027715 -0.012031
v 0.007346 0.027828 -0.012220
v 0.007442 0.028003 -0.012370
v 0.008801 0.027801 -0.012500
v 0.007563 0.028225 -0.012467
v 0.006543 0.029036 0.012500
v 0.007698 0.028470 0.012500
v 0.006431 0.028780 0.012467
v 0.006330 0.028549 0.012370
v 0.006250 0.028365 0.012220
v 0.006199 0.028247 0.012031
v 0.006181 0.028207 -0.011821
v 0.006199 0.028247 -0.012031
v 0.006250 0.028365 -0.012220
v 0.006330 0.028549 -0.012370
v 0.006431 0.028780 -0.012467
v 0.006543 0.029036 -0.012500
v 0.007698 0.028470 -0.012500
v 0.005337 0.029500 0.012500
v 0.005249 0.029234 0.012467
v 0.005168 0.028995 0.012370
v 0.005105 0.028805 0.012220
v 0.006181 0.028207 0.011821
v 0.005064 0.028683 0.012031
v 0.005050 0.028641 -0.011821
v 0.005064 0.028683 -0.012031
v 0.005105 0.028805 -0.012220
v 0.005168 0.028995 -0.012370
v 0.005249 0.029234 -0.012467
v 0.005337 0.029500 -0.012500
v 0.004080 0.029860 0.012500
v 0.004014 0.029588 0.012467
v 0.003955 0.029343 0.012370
v 0.003908 0.029148 0.012220
v 0.005050 0.028641 0.011821
v 0.003878 0.029023 0.012031
v 0.003868 0.028980 -0.011821
v 0.003878 0.029023 -0.012031
v 0.003908 0.029148 -0.012220
v 0.003955 0.029343 -0.012370
v 0.004014 0.029588 -0.012467
v 0.004080 0.029860 -0.012500
v 0.002771 0.030117 0.012500
v 0.002728 0.029841 0.012467
v 0.002690 0.029592 0.012370
v 0.002659 0.029394 0.012220
v 0.003868 0.028980 0.011821
v 0.002639 0.029267 0.012031
v 0.002633 0.029223 -0.011821
v 0.002639 0.029267 -0.012031
v 0.002659 0.029394 -0.012220
v 0.002690 0.029592 -0.012370
v 0.002728 0.029841 -0.012467
v 0.002771 0.030117 -0.012500
v 0.001411 0.030272 0.012500
v 0.001390 0.029993 0.012467
v 0.001371 0.029741 0.012370
v 0.001356 0.029542 0.012220
v 0.002633 0.029223 0.011821
v 0.001346 0.029413 0.012031
v 0.001343 0.029369 -0.011821
v 0.001346 0.029413 -0.012031
v 0.001356 0.029542 -0.012220
v 0.001371 0.029741 -0.012370
v 0.001390 0.029993 -0.012467
v 0.001411 0.030272 -0.012500
v -0.000001 0.030323 0.012500
v -0.000001 0.030044 0.012467
v -0.000001 0.029791 0.012370
v -0.000001 0.029591 0.012220
v 0.001343 0.029369 0.011821
v -0.000001 0.029463 0.012031
v -0.000001 0.029418 -0.011821
v -0.000001 0.029463 -0.012031
v -0.000001 0.029591 -0.012220
v -0.000001 0.029791 -0.012370
v -0.000001 0.030044 -0.012467
v -0.000001 0.030323 -0.012500
v -0.001370 0.029993 0.012467
v -0.001351 0.029741 0.012370
v -0.001336 0.029542 0.012220
v -0.001326 0.029414 0.012031
v -0.001323 0.029369 0.011821
v -0.000001 0.029418 0.011821
v -0.001323 0.029369 -0.011821
v -0.001326 0.029414 -0.012031
v -0.001336 0.029542 -0.012220
v -0.001351 0.029741 -0.012370
v -0.001370 0.029993 -0.012467
v -0.002689 0.029841 0.012467
v -0.001391 0.030272 0.012500
v -0.002650 0.029592 0.012370
v -0.002618 0.029394 0.012220
v -0.002599 0.029267 0.012031
v -0.002592 0.029223 0.011821
v -0.002592 0.029223 -0.011821
v -0.002599 0.029267 -0.012031
v -0.002618 0.029394 -0.012220
v -0.002650 0.029592 -0.012370
v -0.001391 0.030272 -0.012500
v -0.002689 0.029841 -0.012467
v -0.003957 0.029588 0.012467
v -0.002732 0.030117 0.012500
v -0.003897 0.029343 0.012370
v -0.003849 0.029149 0.012220
v -0.003819 0.029024 0.012031
v -0.003808 0.028981 0.011821
v -0.003808 0.028981 -0.011821
v -0.003819 0.029024 -0.012031
v -0.003849 0.029149 -0.012220
v -0.003897 0.029343 -0.012370
v -0.002732 0.030117 -0.012500
v -0.003957 0.029588 -0.012467
v -0.005175 0.029235 0.012467
v -0.004023 0.029860 0.012500
v -0.005094 0.028996 0.012370
v -0.005030 0.028806 0.012220
v -0.004988 0.028684 0.012031
v -0.004974 0.028642 0.011821
v -0.004974 0.028642 -0.011821
v -0.004988 0.028684 -0.012031
v -0.005030 0.028806 -0.012220
v -0.005094 0.028996 -0.012370
v -0.004023 0.029860 -0.012500
v -0.005175 0.029235 -0.012467
v -0.006344 0.028780 0.012467
v -0.005265 0.029500 0.012500
v -0.006242 0.028550 0.012370
v -0.006161 0.028366 0.012220
v -0.006109 0.028249 0.012031
v -0.006091 0.028208 0.011821
v -0.006091 0.028208 -0.011821
v -0.006109 0.028249 -0.012031
v -0.006161 0.028366 -0.012220
v -0.006242 0.028550 -0.012370
v -0.005265 0.029500 -0.012500
v -0.006344 0.028780 -0.012467
v -0.007599 0.028470 0.012500
v -0.006456 0.029036 0.012500
v -0.007463 0.028225 0.012467
v -0.007341 0.028004 0.012370
v -0.007244 0.027829 0.012220
v -0.007182 0.027717 0.012031
v -0.007161 0.027678 -0.011821
v -0.007182 0.027717 -0.012031
v -0.007244 0.027829 -0.012220
v -0.007341 0.028004 -0.012370
v -0.007463 0.028225 -0.012467
v -0.007599 0.028470 -0.012500
v -0.006456 0.029036 -0.012500
v -0.008691 0.027801 0.012500
v -0.008535 0.027569 0.012467
v -0.008394 0.027360 0.012370
v -0.008282 0.027194 0.012220
v -0.007161 0.027678 0.011821
v -0.008210 0.027087 0.012031
v -0.008185 0.027051 -0.011821
v -0.008210 0.027087 -0.012031
v -0.008282 0.027194 -0.012220
v -0.008394 0.027360 -0.012370
v -0.008535 0.027569 -0.012467
v -0.008691 0.027801 -0.012500
v -0.009734 0.027029 0.012500
v -0.009559 0.026811 0.012467
v -0.009400 0.026615 0.012370
v -0.009274 0.026459 0.012220
v -0.008185 0.027051 0.011821
v -0.009193 0.026359 0.012031
v -0.009166 0.026325 -0.011821
v -0.009193 0.026359 -0.012031
v -0.009274 0.026459 -0.012220
v -0.009400 0.026615 -0.012370
v -0.009559 0.026811 -0.012467
v -0.009734 0.027029 -0.012500
v -0.010728 0.026154 0.012500
v -0.010535 0.025952 0.012467
v -0.010360 0.025769 0.012370
v -0.010222 0.025624 0.012220
v -0.009166 0.026325 0.011821
v -0.010133 0.025531 0.012031
v -0.010103 0.025499 -0.011821
v -0.010133 0.025531 -0.012031
v -0.010222 0.025624 -0.012220
v -0.010360 0.025769 -0.012370
v -0.010535 0.025952 -0.012467
v -0.010728 0.026154 -0.012500
v -0.011672 0.025176 0.012500
v -0.011463 0.024989 0.012467
v -0.011275 0.024821 0.012370
v -0.011126 0.024688 0.012220
v -0.010103 0.025499 0.011821
v -0.011030 0.024602 0.012031
v -0.010997 0.024573 -0.011821
v -0.011030 0.024602 -0.012031
v -0.011126 0.024688 -0.012220
v -0.011275 0.024821 -0.012370
v -0.011463 0.024989 -0.012467
v -0.011672 0.025176 -0.012500
v -0.012566 0.024095 0.012500
v -0.012344 0.023924 0.012467
v -0.012144 0.023771 0.012370
v -0.011986 0.023649 0.012220
v -0.010997 0.024573 0.011821
v -0.011884 0.023570 0.012031
v -0.011849 0.023543 -0.011821
v -0.011884 0.023570 -0.012031
v -0.011986 0.023649 -0.012220
v -0.012144 0.023771 -0.012370
v -0.012344 0.023924 -0.012467
v -0.012566 0.024095 -0.012500
v -0.013177 0.022757 0.012467
v -0.012967 0.022618 0.012370
v -0.012799 0.022508 0.012220
v -0.012692 0.022437 0.012031
v -0.012655 0.022413 0.011821
v -0.011849 0.023543 0.011821
v -0.012655 0.022413 -0.011821
v -0.012692 0.022437 -0.012031
v -0.012799 0.022508 -0.012220
v -0.012967 0.022618 -0.012370
v -0.013177 0.022757 -0.012467
v -0.013952 0.021483 0.012467
v -0.013411 0.022911 0.012500
v -0.013732 0.021360 0.012370
v -0.013557 0.021262 0.012220
v -0.013445 0.021200 0.012031
v -0.013406 0.021178 0.011821
v -0.013406 0.021178 -0.011821
v -0.013445 0.021200 -0.012031
v -0.013557 0.021262 -0.012220
v -0.013732 0.021360 -0.012370
v -0.013411 0.022911 -0.012500
v -0.013952 0.021483 -0.012467
v -0.014914 0.020216 0.012500
v -0.014196 0.021619 0.012500
v -0.014661 0.020097 0.012467
v -0.014432 0.019990 0.012370
v -0.014251 0.019905 0.012220
v -0.014135 0.019850 0.012031
v -0.014094 0.019831 -0.011821
v -0.014135 0.019850 -0.012031
v -0.014251 0.019905 -0.012220
v -0.014432 0.019990 -0.012370
v -0.014661 0.020097 -0.012467
v -0.014914 0.020216 -0.012500
v -0.014196 0.021619 -0.012500
v -0.015563 0.018699 0.012500
v -0.015302 0.018597 0.012467
v -0.015068 0.018505 0.012370
v -0.014881 0.018432 0.012220
v -0.014094 0.019831 0.011821
v -0.014762 0.018385 0.012031
v -0.014720 0.018369 -0.011821
v -0.014762 0.018385 -0.012031
v -0.014881 0.018432 -0.012220
v -0.015068 0.018505 -0.012370
v -0.015302 0.018597 -0.012467
v -0.015563 0.018699 -0.012500
v -0.016143 0.017071 0.012500
v -0.015878 0.016984 0.012467
v -0.015638 0.016906 0.012370
v -0.015447 0.016845 0.012220
v -0.014720 0.018369 0.011821
v -0.015325 0.016805 0.012031
v -0.015283 0.016791 -0.011821
v -0.015325 0.016805 -0.012031
v -0.015447 0.016845 -0.012220
v -0.015638 0.016906 -0.012370
v -0.015878 0.016984 -0.012467
v -0.016143 0.017071 -0.012500
v -0.016656 0.015330 0.012500
v -0.016386 0.015258 0.012467
v -0.016142 0.015193 0.012370
v -0.015949 0.015141 0.012220
v -0.015283 0.016791 0.011821
v -0.015825 0.015108 0.012031
v -0.015782 0.015097 -0.011821
v -0.015825 0.015108 -0.012031
v -0.015949 0.015141 -0.012220
v -0.016142 0.015193 -0.012370
v -0.016386 0.015258 -0.012467
v -0.016656 0.015330 -0.012500
v -0.017100 0.013477 0.012500
v -0.016827 0.013418 0.012467
v -0.016580 0.013365 0.012370
v -0.016385 0.013323 0.012220
v -0.015782 0.015097 0.011821
v -0.016259 0.013296 0.012031
v -0.016216 0.013287 -0.011821
v -0.016259 0.013296 -0.012031
v -0.016385 0.013323 -0.012220
v -0.016580 0.013365 -0.012370
v -0.016827 0.013418 -0.012467
v -0.017100 0.013477 -0.012500
v -0.017476 0.011512 0.012500
v -0.017200 0.011465 0.012467
v -0.016952 0.011423 0.012370
v -0.016754 0.011389 0.012220
v -0.016216 0.013287 0.011821
v -0.016628 0.011368 0.012031
v -0.016584 0.011361 -0.011821
v -0.016628 0.011368 -0.012031
v -0.016754 0.011389 -0.012220
v -0.016952 0.011423 -0.012370
v -0.017200 0.011465 -0.012467
v -0.017476 0.011512 -0.012500
v -0.017783 0.009434 0.012500
v -0.017506 0.009398 0.012467
v -0.017256 0.009366 0.012370
v -0.017057 0.009341 0.012220
v -0.016584 0.011361 0.011821
v -0.016930 0.009324 0.012031
v -0.016886 0.009319 -0.011821
v -0.016930 0.009324 -0.012031
v -0.017057 0.009341 -0.012220
v -0.017256 0.009366 -0.012370
v -0.017506 0.009398 -0.012467
v -0.017783 0.009434 -0.012500
v -0.018022 0.007244 0.012500
v -0.017744 0.007218 0.012467
v -0.017493 0.007195 0.012370
v -0.017294 0.007177 0.012220
v -0.016886 0.009319 0.011821
v -0.017166 0.007165 0.012031
v -0.017122 0.007161 -0.011821
v -0.017166 0.007165 -0.012031
v -0.017294 0.007177 -0.012220
v -0.017493 0.007195 -0.012370
v -0.017744 0.007218 -0.012467
v -0.018022 0.007244 -0.012500
v -0.018193 0.004942 0.012500
v -0.017914 0.004925 0.012467
v -0.017662 0.004911 0.012370
v -0.017463 0.004899 0.012220
v -0.017122 0.007161 0.011821
v -0.017334 0.004892 0.012031
v -0.017290 0.004889 -0.011821
v -0.017334 0.004892 -0.012031
v -0.017463 0.004899 -0.012220
v -0.017662 0.004911 -0.012370
v -0.017914 0.004925 -0.012467
v -0.018193 0.004942 -0.012500
v -0.018296 0.002527 0.012500
v -0.018016 0.002519 0.012467
v -0.017764 0.002512 0.012370
v -0.017564 0.002507 0.012220
v -0.017290 0.004889 0.011821
v -0.017436 0.002503 0.012031
v -0.017391 0.002502 -0.011821
v -0.017436 0.002503 -0.012031
v -0.017564 0.002507 -0.012220
v -0.017764 0.002512 -0.012370
v -0.018016 0.002519 -0.012467
v -0.018296 0.002527 -0.012500
v -0.018330 0.000000 0.012500
v -0.018050 0.000000 0.012467
v -0.017798 0.000000 0.012370
v -0.017598 0.000000 0.012220
v -0.017391 0.002502 0.011821
v -0.017470 0.000000 0.012031
v -0.017425 0.000000 -0.011821
v -0.017470 0.000000 -0.012031
v -0.017598 0.000000 -0.012220
v -0.017798 0.000000 -0.012370
v -0.018050 0.000000 -0.012467
v -0.018330 0.000000 -0.012500
v -0.018016 -0.002519 0.012467
v -0.017764 -0.002512 0.012370
v -0.017564 -0.002506 0.012220
v -0.017436 -0.002503 0.012031
v -0.017391 -0.002502 0.011821
v -0.017425 0.000000 0.011821
v -0.017391 -0.002502 -0.011821
v -0.017436 -0.002503 -0.012031
v -0.017564 -0.002506 -0.012220
v -0.017764 -0.002512 -0.012370
v -0.018016 -0.002519 -0.012467
v -0.017914 -0.004925 0.012467
v -0.018296 -0.002527 0.012500
v -0.017662 -0.004910 0.012370
v -0.017463 -0.004899 0.012220
v -0.017334 -0.004891 0.012031
v -0.017290 -0.004889 0.011821
v -0.017290 -0.004889 -0.011821
v -0.017334 -0.004891 -0.012031
v -0.017463 -0.004899 -0.012220
v -0.017662 -0.004910 -0.012370
v -0.018296 -0.002527 -0.012500
v -0.017914 -0.004925 -0.012467
v -0.017744 -0.007218 0.012467
v -0.018193 -0.004941 0.012500
v -0.017493 -0.007195 0.012370
v -0.017294 -0.007177 0.012220
v -0.017166 -0.007165 0.012031
v -0.017122 -0.007161 0.011821
v -0.017122 -0.007161 -0.011821
v -0.017166 -0.007165 -0.012031
v -0.017294 -0.007177 -0.012220
v -0.017493 -0.007195 -0.012370
v -0.018193 -0.004941 -0.012500
v -0.017744 -0.007218 -0.012467
v -0.017506 -0.009398 0.012467
v -0.018022 -0.007244 0.012500
v -0.017256 -0.009366 0.012370
v -0.017057 -0.009340 0.012220
v -0.016930 -0.009324 0.012031
v -0.016886 -0.009318 0.011821
v -0.016886 -0.009318 -0.011821
v -0.016930 -0.009324 -0.012031
v -0.017057 -0.009340 -0.012220
v -0.017256 -0.009366 -0.012370
v -0.018022 -0.007244 -0.012500
v -0.017506 -0.009398 -0.012467
v -0.017200 -0.011465 0.012467
v -0.017783 -0.009434 0.012500
v -0.016952 -0.011423 0.012370
v -0.016754 -0.011389 0.012220
v -0.016628 -0.011368 0.012031
v -0.016584 -0.011360 0.011821
v -0.016584 -0.011360 -0.011821
v -0.016628 -0.011368 -0.012031
v -0.016754 -0.011389 -0.012220
v -0.016952 -0.011423 -0.012370
v -0.017783 -0.009434 -0.012500
v -0.017200 -0.011465 -0.012467
v -0.016827 -0.013418 0.012467
v -0.017476 -0.011511 0.012500
v -0.016580 -0.013365 0.012370
v -0.016385 -0.013323 0.012220
v -0.016259 -0.013296 0.012031
v -0.016216 -0.013286 0.011821
v -0.016216 -0.013286 -0.011821
v -0.016259 -0.013296 -0.012031
v -0.016385 -0.013323 -0.012220
v -0.016580 -0.013365 -0.012370
v -0.017476 -0.011511 -0.012500
v -0.016827 -0.013418 -0.012467
v -0.016386 -0.015258 0.012467
v -0.017100 -0.013477 0.012500
v -0.016142 -0.015193 0.012370
v -0.015949 -0.015141 0.012220
v -0.015825 -0.015108 0.012031
v -0.015782 -0.015097 0.011821
v -0.015782 -0.015097 -0.011821
v -0.015825 -0.015108 -0.012031
v -0.015949 -0.015141 -0.012220
v -0.016142 -0.015193 -0.012370
v -0.017100 -0.013477 -0.012500
v -0.016386 -0.015258 -0.012467
v -0.015878 -0.016984 0.012467
v -0.016656 -0.015330 0.012500
v -0.015638 -0.016906 0.012370
v -0.015447 -0.016844 0.012220
v -0.015325 -0.016805 0.012031
v -0.015283 -0.016791 0.011821
v -0.015283 -0.016791 -0.011821
v -0.015325 -0.016805 -0.012031
v -0.015447 -0.016844 -0.012220
v -0.015638 -0.016906 -0.012370
v -0.016656 -0.015330 -0.012500
v -0.015878 -0.016984 -0.012467
v -0.015302 -0.018597 0.012467
v -0.016143 -0.017071 0.012500
v -0.015068 -0.018505 0.012370
v -0.014881 -0.018432 0.012220
v -0.014762 -0.018385 0.012031
v -0.014720 -0.018369 0.011821
v -0.014720 -0.018369 -0.011821
v -0.014762 -0.018385 -0.012031
v -0.014881 -0.018432 -0.012220
v -0.015068 -0.018505 -0.012370
v -0.016143 -0.017071 -0.012500
v -0.015302 -0.018597 -0.012467
v -0.014661 -0.020097 0.012467
v -0.015563 -0.018699 0.012500
v -0.014432 -0.019989 0.012370
v -0.014251 -0.019905 0.012220
v -0.014135 -0.019850 0.012031
v -0.014094 -0.019831 0.011821
v -0.014094 -0.019831 -0.011821
v -0.014135 -0.019850 -0.012031
v -0.014251 -0.019905 -0.012220
v -0.014432 -0.019989 -0.012370
v -0.015563 -0.018699 -0.012500
v -0.014661 -0.020097 -0.012467
v -0.013952 -0.021483 0.012467
v -0.014914 -0.020215 0.012500
v -0.013732 -0.021360 0.012370
v -0.013557 -0.021262 0.012220
v -0.013445 -0.021199 0.012031
v -0.013406 -0.021178 0.011821
v -0.013406 -0.021178 -0.011821
v -0.013445 -0.021199 -0.012031
v -0.013557 -0.021262 -0.012220
v -0.013732 -0.021360 -0.012370
v -0.014914 -0.020215 -0.012500
v -0.013952 -0.021483 -0.012467
v -0.013411 -0.022911 0.012500
v -0.014196 -0.021619 0.012500
v -0.013177 -0.022757 0.012467
v -0.012967 -0.022618 0.012370
v -0.012799 -0.022508 0.012220
v -0.012692 -0.022437 0.012031
v -0.012655 -0.022412 0.011821
v -0.012692 -0.022437 -0.012031
v -0.012799 -0.022508 -0.012220
v -0.012967 -0.022618 -0.012370
v -0.013177 -0.022757 -0.012467
v -0.013411 -0.022911 -0.012500
v -0.014196 -0.021619 -0.012500
v -0.012566 -0.024095 0.012500
v -0.012344 -0.023924 0.012467
v -0.012144 -0.023770 0.012370
v -0.011986 -0.023648 0.012220
v -0.011884 -0.023570 0.012031
v -0.011849 -0.023543 -0.011821
v -0.012655 -0.022412 -0.011821
v -0.011884 -0.023570 -0.012031
v -0.011986 -0.023648 -0.012220
v -0.012144 -0.023770 -0.012370
v -0.012344 -0.023924 -0.012467
v -0.012566 -0.024095 -0.012500
v -0.011463 -0.024989 0.012467
v -0.011275 -0.024821 0.012370
v -0.011126 -0.024688 0.012220
v -0.011030 -0.024602 0.012031
v -0.010997 -0.024572 0.011821
v -0.011849 -0.023543 0.011821
v -0.010997 -0.024572 -0.011821
v -0.011030 -0.024602 -0.012031
v -0.011126 -0.024688 -0.012220
v -0.011275 -0.024821 -0.012370
v -0.011463 -0.024989 -0.012467
v -0.010535 -0.025951 0.012467
v -0.011672 -0.025176 0.012500
v -0.010360 -0.025769 0.012370
v -0.010222 -0.025624 0.012220
v -0.010133 -0.025531 0.012031
v -0.010103 -0.025499 0.011821
v -0.010103 -0.025499 -0.011821
v -0.010133 -0.025531 -0.012031
v -0.010222 -0.025624 -0.012220
v -0.010360 -0.025769 -0.012370
v -0.011672 -0.025176 -0.012500
v -0.010535 -0.025951 -0.012467
v -0.009559 -0.026811 0.012467
v -0.010728 -0.026154 0.012500
v -0.009400 -0.026615 0.012370
v -0.009274 -0.026459 0.012220
v -0.009193 -0.026359 0.012031
v -0.009165 -0.026325 0.011821
v -0.009165 -0.026325 -0.011821
v -0.009193 -0.026359 -0.012031
v -0.009274 -0.026459 -0.012220
v -0.009400 -0.026615 -0.012370
v -0.010728 -0.026154 -0.012500
v -0.009559 -0.026811 -0.012467
v -0.008535 -0.027569 0.012467
v -0.009734 -0.027029 0.012500
v -0.008394 -0.027360 0.012370
v -0.008282 -0.027194 0.012220
v -0.008210 -0.027087 0.012031
v -0.008185 -0.027050 0.011821
v -0.008185 -0.027050 -0.011821
v -0.008210 -0.027087 -0.012031
v -0.008282 -0.027194 -0.012220
v -0.008394 -0.027360 -0.012370
v -0.009734 -0.027029 -0.012500
v -0.008535 -0.027569 -0.012467
v -0.007463 -0.028225 0.012467
v -0.008691 -0.027801 0.012500
v -0.007341 -0.028004 0.012370
v -0.007244 -0.027829 0.012220
v -0.007182 -0.027716 0.012031
v -0.007161 -0.027678 0.011821
v -0.007161 -0.027678 -0.011821
v -0.007182 -0.027716 -0.012031
v -0.007244 -0.027829 -0.012220
v -0.007341 -0.028004 -0.012370
v -0.008691 -0.027801 -0.012500
v -0.007463 -0.028225 -0.012467
v -0.006344 -0.028780 0.012467
v -0.007599 -0.028470 0.012500
v -0.006242 -0.028549 0.012370
v -0.006161 -0.028366 0.012220
v -0.006109 -0.028248 0.012031
v -0.006091 -0.028208 0.011821
v -0.006091 -0.028208 -0.011821
v -0.006109 -0.028248 -0.012031
v -0.006161 -0.028366 -0.012220
v -0.006242 -0.028549 -0.012370
v -0.007599 -0.028470 -0.012500
v -0.006344 -0.028780 -0.012467
v -0.005265 -0.029499 0.012500
v -0.006456 -0.029036 0.012500
v -0.005175 -0.029234 0.012467
v -0.005094 -0.028995 0.012370
v -0.005030 -0.028806 0.012220
v -0.004988 -0.028684 0.012031
v -0.004974 -0.028642 -0.011821
v -0.004988 -0.028684 -0.012031
v -0.005030 -0.028806 -0.012220
v -0.005094 -0.028995 -0.012370
v -0.005175 -0.029234 -0.012467
v -0.005265 -0.029499 -0.012500
v -0.006456 -0.029036 -0.012500
v -0.004023 -0.029860 0.012500
v -0.003957 -0.029588 0.012467
v -0.003897 -0.029343 0.012370
v -0.003849 -0.029148 0.012220
v -0.004974 -0.028642 0.011821
v -0.003819 -0.029023 0.012031
v -0.003808 -0.028980 -0.011821
v -0.003819 -0.029023 -0.012031
v -0.003849 -0.029148 -0.012220
v -0.003897 -0.029343 -0.012370
v -0.003957 -0.029588 -0.012467
v -0.004023 -0.029860 -0.012500
v -0.002732 -0.030117 0.012500
v -0.002689 -0.029841 0.012467
v -0.002650 -0.029592 0.012370
v -0.002618 -0.029394 0.012220
v -0.003808 -0.028980 0.011821
v -0.002599 -0.029267 0.012031
v -0.002592 -0.029223 -0.011821
v -0.002599 -0.029267 -0.012031
v -0.002618 -0.029394 -0.012220
v -0.002650 -0.029592 -0.012370
v -0.002689 -0.029841 -0.012467
v -0.002732 -0.030117 -0.012500
v -0.001391 -0.030272 0.012500
v -0.001370 -0.029993 0.012467
v -0.001351 -0.029741 0.012370
v -0.001336 -0.029541 0.012220
v -0.002592 -0.029223 0.011821
v -0.001326 -0.029413 0.012031
v -0.001323 -0.029369 -0.011821
v -0.001326 -0.029413 -0.012031
v -0.001336 -0.029541 -0.012220
v -0.001351 -0.029741 -0.012370
v -0.001370 -0.029993 -0.012467
v -0.001391 -0.030272 -0.012500
v -0.001323 -0.029369 0.011821
f 1 2 3
f 4 2 1
f 4 5 2
f 6 5 4
f 6 7 5
f 8 7 6
f 8 9 7
f 10 9 8
f 10 11 9
f 12 11 10
f 12 13 11
f 12 14 13
f 15 14 12
f 15 16 14
f 17 16 15
f 17 18 16
f 19 18 17
f 19 20 18
f 21 20 19
f 21 22 20
f 23 22 21
f 23 24 22
f 25 24 23
f 26 24 25
f 26 27 24
f 26 28 27
f 29 28 26
f 29 30 28
f 31 30 29
f 31 32 30
f 33 32 31
f 33 34 32
f 35 34 33
f 35 36 34
f 37 36 35
f 37 38 36
f 39 38 37
f 39 40 38
f 41 40 39
f 41 42 40
f 43 42 41
f 43 44 42
f 45 46 43
f 46 44 43
f 45 47 46
f 48 44 46
f 45 49 47
f 50 44 48
f 45 51 49
f 52 44 50
f 45 53 51
f 54 44 52
f 54 55 44
f 56 53 45
f 56 57 53
f 58 55 54
f 56 59 57
f 60 55 58
f 56 61 59
f 62 55 60
f 62 63 55
f 64 61 56
f 64 65 61
f 66 63 62
f 64 67 65
f 68 63 66
f 69 67 64
f 68 70 63
f 69 71 67
f 72 70 68
f 69 73 71
f 74 70 72
f 74 75 70
f 76 73 69
f 76 77 73
f 78 75 74
f 76 79 77
f 80 75 78
f 80 81 75
f 82 79 76
f 82 83 79
f 84 81 80
f 84 85 81
f 86 83 82
f 86 87 83
f 88 85 84
f 86 89 87
f 90 85 88
f 91 89 86
f 90 92 85
f 91 93 89
f 94 92 90
f 95 93 91
f 94 96 92
f 95 97 93
f 98 96 94
f 99 97 95
f 98 100 96
f 99 101 97
f 102 100 98
f 103 101 99
f 102 104 100
f 103 105 101
f 106 104 102
f 107 105 103
f 106 108 104
f 107 109 105
f 110 108 106
f 111 109 107
f 110 112 108
f 111 113 109
f 114 112 110
f 115 113 111
f 114 116 112
f 115 117 113
f 118 116 114
f 115 119 117
f 120 116 118
f 121 119 115
f 120 122 116
f 123 119 121
f 123 124 119
f 125 122 120
f 125 126 122
f 127 124 123
f 125 128 126
f 127 129 124
f 130 128 125
f 127 131 129
f 132 128 130
f 133 131 127
f 132 134 128
f 133 135 131
f 136 134 132
f 137 135 133
f 136 138 134
f 137 139 135
f 140 138 136
f 140 141 138
f 142 139 137
f 142 143 139
f 144 141 140
f 144 145 141
f 146 143 142
f 146 147 143
f 148 145 144
f 148 149 145
f 150 147 146
f 150 151 147
f 152 149 148
f 152 153 149
f 154 151 150
f 154 155 151
f 156 153 152
f 156 157 153
f 158 155 154
f 158 159 155
f 160 157 156
f 158 161 159
f 162 157 160
f 162 163 157
f 164 161 158
f 164 165 161
f 166 163 162
f 166 167 163
f 168 165 164
f 168 169 165
f 170 167 166
f 168 171 169
f 172 167 170
f 172 173 167
f 174 171 168
f 174 175 171
f 176 173 172
f 174 177 175
f 178 173 176
f 179 177 174
f 178 180 173
f 179 181 177
f 182 180 178
f 179 183 181
f 184 180 182
f 184 185 180
f 186 183 179
f 186 187 183
f 188 185 184
f 186 189 187
f 190 185 188
f 186 191 189
f 192 185 190
f 192 193 185
f 194 191 186
f 194 195 191
f 196 193 192
f 194 197 195
f 198 193 196
f 194 199 197
f 199 193 198
f 194 193 199
f 194 200 193
f 201 200 194
f 201 202 200
f 203 202 201
f 203 204 202
f 205 204 203
f 205 206 204
f 207 206 205
f 208 206 207
f 208 209 206
f 210 209 208
f 210 211 209
f 212 211 210
f 212 213 211
f 214 213 212
f 214 215 213
f 216 215 214
f 216 217 215
f 218 217 216
f 218 219 217
f 220 219 218
f 220 221 219
f 222 221 220
f 222 223 221
f 222 224 223
f 225 224 222
f 225 226 224
f 227 226 225
f 227 228 226
f 229 228 227
f 229 230 228
f 231 230 229
f 231 232 230
f 233 232 231
f 233 234 232
f 235 234 233
f 235 236 234
f 237 236 235
f 237 238 236
f 239 238 237
f 239 240 238
f 241 242 243
f 244 241 243
f 244 243 245
f 246 244 245
f 246 245 247
f 248 246 247
f 248 247 249
f 250 248 249
f 250 249 251
f 252 250 251
f 252 251 253
f 252 253 254
f 255 252 254
f 255 254 256
f 257 255 256
f 257 256 258
f 259 257 258
f 259 258 260
f 261 259 260
f 261 260 262
f 263 261 262
f 263 262 264
f 265 263 264
f 266 265 264
f 266 264 267
f 266 267 268
f 269 266 268
f 269 268 270
f 271 269 270
f 271 270 272
f 273 271 272
f 273 272 274
f 275 273 274
f 275 274 276
f 277 275 276
f 277 276 278
f 279 277 278
f 279 278 280
f 281 279 280
f 281 280 282
f 283 281 282
f 283 282 284
f 285 283 286
f 286 283 284
f 285 286 287
f 288 286 284
f 285 287 289
f 290 288 284
f 285 289 291
f 292 290 284
f 285 291 293
f 294 292 284
f 294 284 295
f 296 285 293
f 296 293 297
f 298 294 295
f 296 297 299
f 300 298 295
f 296 299 301
f 302 300 295
f 302 295 303
f 304 296 301
f 304 301 305
f 306 302 303
f 304 305 307
f 308 306 303
f 309 304 307
f 308 303 310
f 309 307 311
f 312 308 310
f 309 311 313
f 314 312 310
f 314 310 315
f 316 309 313
f 316 313 317
f 318 314 315
f 316 317 319
f 320 318 315
f 320 315 321
f 322 316 319
f 322 319 323
f 324 320 321
f 324 321 325
f 326 322 323
f 326 323 327
f 328 324 325
f 326 327 329
f 330 328 325
f 331 326 329
f 330 325 332
f 331 329 333
f 334 330 332
f 335 331 333
f 334 332 336
f 335 333 337
f 338 334 336
f 339 335 337
f 338 336 340
f 339 337 341
f 342 338 340
f 343 339 341
f 342 340 344
f 343 341 345
f 346 342 344
f 347 343 345
f 346 344 348
f 347 345 349
f 350 346 348
f 351 347 349
f 350 348 352
f 351 349 353
f 354 350 352
f 355 351 353
f 354 352 356
f 355 353 357
f 358 354 356
f 355 357 359
f 360 358 356
f 361 355 359
f 360 356 362
f 363 361 359
f 363 359 364
f 365 360 362
f 365 362 366
f 367 363 364
f 365 366 368
f 367 364 369
f 370 365 368
f 367 369 371
f 372 370 368
f 373 367 371
f 372 368 374
f 373 371 375
f 376 372 374
f 377 373 375
f 376 374 378
f 377 375 379
f 380 376 378
f 380 378 381
f 382 377 379
f 382 379 383
f 384 380 381
f 384 381 385
f 386 382 383
f 386 383 387
f 388 384 385
f 388 385 389
f 390 386 387
f 390 387 391
f 392 388 389
f 392 389 393
f 394 390 391
f 394 391 395
f 396 392 393
f 396 393 397
f 398 394 395
f 398 395 399
f 400 396 397
f 398 399 401
f 402 400 397
f 402 397 403
f 404 398 401
f 404 401 405
f 406 402 403
f 406 403 407
f 408 404 405
f 408 405 409
f 410 406 407
f 408 409 411
f 412 410 407
f 412 407 413
f 414 408 411
f 414 411 415
f 416 412 413
f 414 415 417
f 418 416 413
f 419 414 417
f 418 413 420
f 419 417 421
f 422 418 420
f 419 421 423
f 424 422 420
f 424 420 425
f 426 419 423
f 426 423 427
f 428 424 425
f 426 427 429
f 430 428 425
f 426 429 431
f 432 430 425
f 432 425 433
f 434 426 431
f 434 431 435
f 436 432 433
f 434 435 437
f 438 436 433
f 434 437 439
f 439 438 433
f 434 439 433
f 434 433 440
f 441 434 440
f 441 440 442
f 443 441 442
f 443 442 444
f 445 443 444
f 445 444 446
f 447 445 446
f 448 447 446
f 448 446 449
f 450 448 449
f 450 449 451
f 452 450 451
f 452 451 453
f 454 452 453
f 454 453 455
f 456 454 455
f 456 455 457
f 458 456 457
f 458 457 459
f 460 458 459
f 460 459 461
f 462 460 461
f 462 461 463
f 462 463 464
f 465 462 464
f 465 464 466
f 467 465 466
f 467 466 468
f 469 467 468
f 469 468 470
f 471 469 470
f 471 470 472
f 473 471 472
f 473 472 474
f 475 473 474
f 475 474 476
f 477 475 476
f 477 476 478
f 479 477 478
f 479 478 480
f 481 482 483
f 484 485 481
f 486 487 484
f 488 489 486
f 490 491 488
f 492 490 493
f 494 493 495
f 496 495 497
f 498 497 499
f 500 499 501
f 502 501 503
f 485 504 482
f 487 505 485
f 489 506 487
f 491 507 489
f 508 509 491
f 510 508 492
f 511 492 494
f 512 494 496
f 513 496 498
f 514 498 500
f 515 500 502
f 505 516 504
f 506 517 505
f 507 518 506
f 509 519 507
f 520 521 509
f 522 520 510
f 523 510 511
f 524 511 512
f 525 512 513
f 526 513 514
f 527 514 515
f 517 528 516
f 518 529 517
f 519 530 518
f 521 531 519
f 532 533 521
f 534 532 522
f 535 522 523
f 536 523 524
f 537 524 525
f 538 525 526
f 539 526 527
f 529 540 528
f 530 541 529
f 531 542 530
f 533 543 531
f 544 545 533
f 546 544 534
f 547 534 535
f 548 535 536
f 549 536 537
f 550 537 538
f 551 538 539
f 541 552 540
f 542 553 541
f 543 554 542
f 545 555 543
f 556 557 545
f 558 556 546
f 559 546 547
f 560 547 548
f 561 548 549
f 562 549 550
f 563 550 551
f 553 564 552
f 554 565 553
f 555 566 554
f 557 567 555
f 568 569 557
f 570 568 558
f 571 558 559
f 572 559 560
f 573 560 561
f 574 561 562
f 575 562 563
f 565 576 564
f 566 577 565
f 567 578 566
f 569 579 567
f 580 581 569
f 582 580 570
f 583 570 571
f 584 571 572
f 585 572 573
f 586 573 574
f 587 574 575
f 577 588 576
f 578 589 577
f 579 590 578
f 581 591 579
f 592 593 581
f 594 592 582
f 595 582 583
f 596 583 584
f 597 584 585
f 598 585 586
f 599 586 587
f 600 588 589
f 601 589 590
f 602 590 591
f 603 591 593
f 604 593 605
f 606 605 594
f 595 606 594
f 596 607 595
f 597 608 596
f 598 609 597
f 599 610 598
f 611 612 600
f 613 600 601
f 614 601 602
f 615 602 603
f 616 603 604
f 617 604 606
f 607 617 606
f 608 618 607
f 609 619 608
f 610 620 609
f 621 622 610
f 611 623 624
f 613 625 611
f 614 626 613
f 615 627 614
f 616 628 615
f 629 616 617
f 630 617 618
f 631 618 619
f 632 619 620
f 633 620 622
f 634 622 635
f 625 636 623
f 626 637 625
f 627 638 626
f 628 639 627
f 640 641 628
f 642 640 629
f 643 629 630
f 644 630 631
f 645 631 632
f 646 632 633
f 647 633 634
f 637 648 636
f 638 649 637
f 639 650 638
f 641 651 639
f 652 653 641
f 654 652 642
f 655 642 643
f 656 643 644
f 657 644 645
f 658 645 646
f 659 646 647
f 660 648 649
f 661 649 650
f 662 650 651
f 663 651 653
f 664 653 665
f 666 665 654
f 655 666 654
f 656 667 655
f 657 668 656
f 658 669 657
f 659 670 658
f 671 672 660
f 673 660 661
f 674 661 662
f 675 662 663
f 676 663 664
f 677 664 666
f 667 677 666
f 668 678 667
f 669 679 668
f 670 680 669
f 681 682 670
f 683 684 671
f 685 671 673
f 686 673 674
f 687 674 675
f 688 675 676
f 689 676 677
f 678 689 677
f 679 690 678
f 680 691 679
f 682 692 680
f 693 694 682
f 695 696 683
f 697 683 685
f 698 685 686
f 699 686 687
f 700 687 688
f 701 688 689
f 690 701 689
f 691 702 690
f 692 703 691
f 694 704 692
f 705 706 694
f 707 708 695
f 709 695 697
f 710 697 698
f 711 698 699
f 712 699 700
f 713 700 701
f 702 713 701
f 703 714 702
f 704 715 703
f 706 716 704
f 717 718 706
f 719 720 707
f 721 707 709
f 722 709 710
f 723 710 711
f 724 711 712
f 725 712 713
f 714 725 713
f 715 726 714
f 716 727 715
f 718 728 716
f 729 730 718
f 731 732 719
f 733 719 721
f 734 721 722
f 735 722 723
f 736 723 724
f 737 724 725
f 726 737 725
f 727 738 726
f 728 739 727
f 730 740 728
f 741 742 730
f 743 744 731
f 745 731 733
f 746 733 734
f 747 734 735
f 748 735 736
f 749 736 737
f 738 749 737
f 739 750 738
f 740 751 739
f 742 752 740
f 753 754 742
f 755 756 743
f 757 743 745
f 758 745 746
f 759 746 747
f 760 747 748
f 761 748 749
f 750 761 749
f 751 762 750
f 752 763 751
f 754 764 752
f 765 766 754
f 755 767 768
f 757 769 755
f 758 770 757
f 759 771 758
f 760 772 759
f 773 760 761
f 774 761 762
f 775 762 763
f 776 763 764
f 777 764 766
f 778 766 779
f 769 780 767
f 770 781 769
f 771 782 770
f 772 783 771
f 784 785 772
f 786 784 773
f 787 773 774
f 788 774 775
f 789 775 776
f 790 776 777
f 791 777 778
f 792 780 781
f 793 781 782
f 794 782 783
f 795 783 785
f 796 785 797
f 798 797 786
f 787 798 786
f 788 799 787
f 789 800 788
f 790 801 789
f 791 802 790
f 803 804 792
f 805 792 793
f 806 793 794
f 807 794 795
f 808 795 796
f 809 796 798
f 799 809 798
f 800 810 799
f 801 811 800
f 802 812 801
f 813 814 802
f 815 816 803
f 817 803 805
f 818 805 806
f 819 806 807
f 820 807 808
f 809 820 808
f 810 821 809
f 811 822 810
f 812 823 811
f 814 824 812
f 825 826 814
f 827 828 815
f 829 815 817
f 830 817 818
f 831 818 819
f 832 819 820
f 833 820 821
f 822 833 821
f 823 834 822
f 824 835 823
f 826 836 824
f 837 838 826
f 839 840 827
f 841 827 829
f 842 829 830
f 843 830 831
f 844 831 832
f 845 832 833
f 834 845 833
f 835 846 834
f 836 847 835
f 838 848 836
f 849 850 838
f 851 852 839
f 853 839 841
f 854 841 842
f 855 842 843
f 856 843 844
f 845 856 844
f 846 857 845
f 847 858 846
f 848 859 847
f 850 860 848
f 861 862 850
f 863 864 851
f 865 851 853
f 866 853 854
f 867 854 855
f 868 855 856
f 869 856 857
f 858 869 857
f 859 870 858
f 860 871 859
f 862 872 860
f 873 874 862
f 875 876 863
f 877 863 865
f 878 865 866
f 879 866 867
f 880 867 868
f 869 880 868
f 870 881 869
f 871 882 870
f 872 883 871
f 874 884 872
f 885 886 874
f 887 888 875
f 889 875 877
f 890 877 878
f 891 878 879
f 892 879 880
f 893 880 881
f 882 893 881
f 883 894 882
f 884 895 883
f 886 896 884
f 897 898 886
f 899 900 887
f 901 887 889
f 902 889 890
f 903 890 891
f 904 891 892
f 905 892 893
f 894 905 893
f 895 906 894
f 896 907 895
f 898 908 896
f 909 910 898
f 911 912 899
f 913 899 901
f 914 901 902
f 915 902 903
f 916 903 904
f 917 904 905
f 906 917 905
f 907 918 906
f 908 919 907
f 910 920 908
f 921 922 910
f 911 923 924
f 913 925 911
f 914 926 913
f 915 927 914
f 916 928 915
f 929 916 917
f 930 917 918
f 931 918 919
f 932 919 920
f 933 920 922
f 934 922 935
f 925 936 923
f 926 937 925
f 927 938 926
f 928 939 927
f 940 941 928
f 942 940 929
f 943 929 930
f 944 930 931
f 945 931 932
f 946 932 933
f 947 933 934
f 937 948 936
f 938 949 937
f 939 950 938
f 941 951 939
f 952 953 941
f 954 952 942
f 955 942 943
f 956 943 944
f 957 944 945
f 958 945 946
f 959 946 947
f 949 960 948
f 950 961 949
f 951 962 950
f 953 963 951
f 964 965 953
f 954 966 964
f 967 954 955
f 968 955 956
f 969 956 957
f 970 957 958
f 971 958 959
f 961 972 960
f 962 973 961
f 963 974 962
f 965 975 963
f 966 976 965
f 977 978 966
f 979 977 967
f 980 967 968
f 981 968 969
f 982 969 970
f 983 970 971
f 973 984 972
f 974 985 973
f 975 986 974
f 976 987 975
f 978 988 976
f 989 990 978
f 991 989 979
f 992 979 980
f 993 980 981
f 994 981 982
f 995 982 983
f 985 996 984
f 986 997 985
f 987 998 986
f 988 999 987
f 990 1000 988
f 1001 990 1002
f 1003 1002 991
f 1004 991 992
f 1005 992 993
f 1006 993 994
f 1007 994 995
f 997 1008 996
f 998 1009 997
f 999 1010 998
f 1000 1011 999
f 1012 1013 1000
f 1014 1012 1001
f 1015 1001 1003
f 1016 1003 1004
f 1017 1004 1005
f 1018 1005 1006
f 1019 1006 1007
f 1009 1020 1008
f 1010 1021 1009
f 1011 1022 1010
f 1013 1023 1011
f 1024 1025 1013
f 1026 1024 1014
f 1027 1014 1015
f 1028 1015 1016
f 1029 1016 1017
f 1030 1017 1018
f 1031 1018 1019
f 1021 1032 1020
f 1022 1033 1021
f 1023 1034 1022
f 1025 1035 1023
f 1036 1037 1025
f 1038 1036 1026
f 1039 1026 1027
f 1040 1027 1028
f 1041 1028 1029
f 1042 1029 1030
f 1043 1030 1031
f 1033 1044 1032
f 1034 1045 1033
f 1035 1046 1034
f 1037 1047 1035
f 1048 1049 1037
f 1050 1048 1038
f 1051 1038 1039
f 1052 1039 1040
f 1053 1040 1041
f 1054 1041 1042
f 1055 1042 1043
f 1056 1044 1045
f 1057 1045 1046
f 1058 1046 1047
f 1059 1047 1049
f 1060 1049 1061
f 1062 1061 1050
f 1051 1062 1050
f 1052 1063 1051
f 1053 1064 1052
f 1054 1065 1053
f 1055 1066 1054
f 1067 1068 1056
f 1069 1056 1057
f 1070 1057 1058
f 1071 1058 1059
f 1072 1059 1060
f 1073 1060 1062
f 1063 1073 1062
f 1064 1074 1063
f 1065 1075 1064
f 1066 1076 1065
f 1077 1078 1066
f 1067 1079 1080
f 1069 1081 1067
f 1070 1082 1069
f 1071 1083 1070
f 1072 1084 1071
f 1085 1072 1073
f 1086 1073 1074
f 1087 1074 1075
f 1088 1075 1076
f 1089 1076 1078
f 1090 1078 1091
f 1081 1092 1079
f 1082 1093 1081
f 1083 1094 1082
f 1084 1095 1083
f 1096 1097 1084
f 1098 1096 1085
f 1099 1085 1086
f 1100 1086 1087
f 1101 1087 1088
f 1102 1088 1089
f 1103 1089 1090
f 1093 1104 1092
f 1094 1105 1093
f 1095 1106 1094
f 1097 1107 1095
f 1108 1109 1097
f 1110 1108 1098
f 1111 1098 1099
f 1112 1099 1100
f 1113 1100 1101
f 1114 1101 1102
f 1115 1102 1103
f 1105 1116 1104
f 1106 1117 1105
f 1107 1118 1106
f 1109 1119 1107
f 1120 1121 1109
f 1122 1120 1110
f 1123 1110 1111
f 1124 1111 1112
f 1125 1112 1113
f 1126 1113 1114
f 1127 1114 1115
f 1117 1128 1116
f 1118 1129 1117
f 1119 1130 1118
f 1121 1131 1119
f 1132 1133 1121
f 1134 1132 1122
f 1135 1122 1123
f 1136 1123 1124
f 1137 1124 1125
f 1138 1125 1126
f 1139 1126 1127
f 1129 1140 1128
f 1130 1141 1129
f 1131 1142 1130
f 1133 1143 1131
f 1144 1145 1133
f 1146 1144 1134
f 1147 1134 1135
f 1148 1135 1136
f 1149 1136 1137
f 1150 1137 1138
f 1151 1138 1139
f 1141 1152 1140
f 1142 1153 1141
f 1143 1154 1142
f 1145 1155 1143
f 1156 1157 1145
f 1158 1156 1146
f 1159 1146 1147
f 1160 1147 1148
f 1161 1148 1149
f 1162 1149 1150
f 1163 1150 1151
f 1153 1164 1152
f 1154 1165 1153
f 1155 1166 1154
f 1157 1167 1155
f 1168 1169 1157
f 1170 1168 1158
f 1171 1158 1159
f 1172 1159 1160
f 1173 1160 1161
f 1174 1161 1162
f 1175 1162 1163
f 1165 1176 1164
f 1166 1177 1165
f 1167 1178 1166
f 1169 1179 1167
f 1180 1181 1169
f 1182 1180 1170
f 1183 1170 1171
f 1184 1171 1172
f 1185 1172 1173
f 1186 1173 1174
f 1187 1174 1175
f 1188 1176 1177
f 1189 1177 1178
f 1190 1178 1179
f 1191 1179 1181
f 1192 1181 1193
f 1194 1193 1182
f 1195 1182 1183
f 1184 1195 1183
f 1185 1196 1184
f 1186 1197 1185
f 1187 1198 1186
f 1199 1200 1188
f 1201 1188 1189
f 1202 1189 1190
f 1203 1190 1191
f 1204 1191 1192
f 1205 1192 1194
f 1195 1205 1194
f 1196 1206 1195
f 1197 1207 1196
f 1198 1208 1197
f 1209 1210 1198
f 1211 1212 1199
f 1213 1199 1201
f 1214 1201 1202
f 1215 1202 1203
f 1216 1203 1204
f 1217 1204 1205
f 1206 1217 1205
f 1207 1218 1206
f 1208 1219 1207
f 1210 1220 1208
f 1221 1222 1210
f 1211 1223 1224
f 1213 1225 1211
f 1214 1226 1213
f 1215 1227 1214
f 1216 1228 1215
f 1229 1216 1217
f 1230 1217 1218
f 1231 1218 1219
f 1232 1219 1220
f 1233 1220 1222
f 1234 1222 1235
f 1225 1236 1223
f 1226 1237 1225
f 1227 1238 1226
f 1228 1239 1227
f 1240 1241 1228
f 1242 1240 1229
f 1243 1229 1230
f 1244 1230 1231
f 1245 1231 1232
f 1246 1232 1233
f 1247 1233 1234
f 1248 1236 1237
f 1249 1237 1238
f 1250 1238 1239
f 1251 1239 1241
f 1252 1241 1253
f 1254 1253 1242
f 1243 1254 1242
f 1244 1255 1243
f 1245 1256 1244
f 1246 1257 1245
f 1247 1258 1246
f 1259 1260 1248
f 1261 1248 1249
f 1262 1249 1250
f 1263 1250 1251
f 1264 1251 1252
f 1265 1252 1254
f 1255 1265 1254
f 1256 1266 1255
f 1257 1267 1256
f 1258 1268 1257
f 1269 1270 1258
f 1271 1272 1259
f 1273 1259 1261
f 1274 1261 1262
f 1275 1262 1263
f 1276 1263 1264
f 1277 1264 1265
f 1266 1277 1265
f 1267 1278 1266
f 1268 1279 1267
f 1270 1280 1268
f 1281 1282 1270
f 1283 1284 1271
f 1285 1271 1273
f 1286 1273 1274
f 1287 1274 1275
f 1288 1275 1276
f 1289 1276 1277
f 1278 1289 1277
f 1279 1290 1278
f 1280 1291 1279
f 1282 1292 1280
f 1293 1294 1282
f 1295 1296 1283
f 1297 1283 1285
f 1298 1285 1286
f 1299 1286 1287
f 1300 1287 1288
f 1301 1288 1289
f 1290 1301 1289
f 1291 1302 1290
f 1292 1303 1291
f 1294 1304 1292
f 1305 1306 1294
f 1307 1308 1295
f 1309 1295 1297
f 1310 1297 1298
f 1311 1298 1299
f 1312 1299 1300
f 1313 1300 1301
f 1302 1313 1301
f 1303 1314 1302
f 1304 1315 1303
f 1306 1316 1304
f 1317 1318 1306
f 1319 1320 1307
f 1321 1307 1309
f 1322 1309 1310
f 1323 1310 1311
f 1324 1311 1312
f 1325 1312 1313
f 1314 1325 1313
f 1315 1326 1314
f 1316 1327 1315
f 1318 1328 1316
f 1329 1330 1318
f 1331 1332 1319
f 1333 1319 1321
f 1334 1321 1322
f 1335 1322 1323
f 1336 1323 1324
f 1337 1324 1325
f 1326 1337 1325
f 1327 1338 1326
f 1328 1339 1327
f 1330 1340 1328
f 1341 1342 1330
f 1343 1344 1331
f 1345 1331 1333
f 1346 1333 1334
f 1347 1334 1335
f 1348 1335 1336
f 1349 1336 1337
f 1338 1349 1337
f 1339 1350 1338
f 1340 1351 1339
f 1342 1352 1340
f 1353 1354 1342
f 1343 1355 1356
f 1345 1357 1343
f 1346 1358 1345
f 1347 1359 1346
f 1348 1360 1347
f 1361 1348 1349
f 1362 1349 1350
f 1363 1350 1351
f 1364 1351 1352
f 1365 1352 1354
f 1366 1354 1367
f 1357 1368 1355
f 1358 1369 1357
f 1359 1370 1358
f 1360 1371 1359
f 1372 1373 1360
f 1374 1372 1361
f 1375 1361 1362
f 1376 1362 1363
f 1377 1363 1364
f 1378 1364 1365
f 1379 1365 1366
f 1369 1380 1368
f 1370 1381 1369
f 1371 1382 1370
f 1373 1383 1371
f 1384 1385 1373
f 1386 1384 1374
f 1387 1374 1375
f 1388 1375 1376
f 1389 1376 1377
f 1390 1377 1378
f 1391 1378 1379
f 1381 1392 1380
f 1382 1393 1381
f 1383 1394 1382
f 1385 1395 1383
f 1396 1397 1385
f 1398 1396 1386
f 1399 1386 1387
f 1400 1387 1388
f 1401 1388 1389
f 1402 1389 1390
f 1403 1390 1391
f 1393 1404 1392
f 1394 1405 1393
f 1395 1406 1394
f 1397 1407 1395
f 1408 1409 1397
f 1410 1408 1398
f 1411 1398 1399
f 1412 1399 1400
f 1413 1400 1401
f 1414 1401 1402
f 1415 1402 1403
f 1405 1416 1404
f 1406 1417 1405
f 1407 1418 1406
f 1409 1419 1407
f 1420 1421 1409
f 1422 1420 1410
f 1423 1410 1411
f 1424 1411 1412
f 1425 1412 1413
f 1426 1413 1414
f 1427 1414 1415
f 1417 1428 1416
f 1418 1429 1417
f 1419 1430 1418
f 1421 1431 1419
f 1432 1433 1421
f 1434 1432 1422
f 1435 1422 1423
f 1436 1423 1424
f 1437 1424 1425
f 1438 1425 1426
f 1439 1426 1427
f 1429 1440 1428
f 1430 1441 1429
f 1431 1442 1430
f 1433 1443 1431
f 1444 1445 1433
f 1446 1444 1434
f 1447 1434 1435
f 1448 1435 1436
f 1449 1436 1437
f 1450 1437 1438
f 1451 1438 1439
f 1441 1452 1440
f 1442 1453 1441
f 1443 1454 1442
f 1445 1455 1443
f 1456 1457 1445
f 1458 1456 1446
f 1459 1446 1447
f 1460 1447 1448
f 1461 1448 1449
f 1462 1449 1450
f 1463 1450 1451
f 1464 1452 1453
f 1465 1453 1454
f 1466 1454 1455
f 1467 1455 1457
f 1468 1457 1469
f 1470 1469 1458
f 1459 1470 1458
f 1460 1471 1459
f 1461 1472 1460
f 1462 1473 1461
f 1463 1474 1462
f 1475 1476 1464
f 1477 1464 1465
f 1478 1465 1466
f 1479 1466 1467
f 1480 1467 1468
f 1481 1468 1470
f 1471 1481 1470
f 1472 1482 1471
f 1473 1483 1472
f 1474 1484 1473
f 1485 1486 1474
f 1475 1487 1488
f 1477 1489 1475
f 1478 1490 1477
f 1479 1491 1478
f 1480 1492 1479
f 1493 1480 1481
f 1494 1481 1482
f 1495 1482 1483
f 1496 1483 1484
f 1497 1484 1486
f 1498 1486 1499
f 1489 1500 1487
f 1490 1501 1489
f 1491 1502 1490
f 1492 1503 1491
f 1504 1505 1492
f 1506 1504 1493
f 1507 1493 1494
f 1508 1494 1495
f 1509 1495 1496
f 1510 1496 1497
f 1511 1497 1498
f 1501 1512 1500
f 1502 1513 1501
f 1503 1514 1502
f 1505 1515 1503
f 1516 1517 1505
f 1518 1516 1506
f 1519 1506 1507
f 1520 1507 1508
f 1521 1508 1509
f 1522 1509 1510
f 1523 1510 1511
f 1524 1512 1513
f 1525 1513 1514
f 1526 1514 1515
f 1527 1515 1517
f 1528 1517 1529
f 1530 1529 1518
f 1519 1530 1518
f 1520 1531 1519
f 1521 1532 1520
f 1522 1533 1521
f 1523 1534 1522
f 1535 1536 1524
f 1537 1524 1525
f 1538 1525 1526
f 1539 1526 1527
f 1540 1527 1528
f 1541 1528 1530
f 1531 1541 1530
f 1532 1542 1531
f 1533 1543 1532
f 1534 1544 1533
f 1545 1546 1534
f 1547 1548 1535
f 1549 1535 1537
f 1550 1537 1538
f 1551 1538 1539
f 1552 1539 1540
f 1553 1540 1541
f 1542 1553 1541
f 1543 1554 1542
f 1544 1555 1543
f 1546 1556 1544
f 1557 1558 1546
f 1559 1560 1547
f 1561 1547 1549
f 1562 1549 1550
f 1563 1550 1551
f 1564 1551 1552
f 1565 1552 1553
f 1554 1565 1553
f 1555 1566 1554
f 1556 1567 1555
f 1558 1568 1556
f 1569 1570 1558
f 1571 1572 1559
f 1573 1559 1561
f 1574 1561 1562
f 1575 1562 1563
f 1576 1563 1564
f 1577 1564 1565
f 1566 1577 1565
f 1567 1578 1566
f 1568 1579 1567
f 1570 1580 1568
f 1581 1582 1570
f 1583 1584 1571
f 1585 1571 1573
f 1586 1573 1574
f 1587 1574 1575
f 1588 1575 1576
f 1589 1576 1577
f 1578 1589 1577
f 1579 1590 1578
f 1580 1591 1579
f 1582 1592 1580
f 1593 1594 1582
f 1595 1596 1583
f 1597 1583 1585
f 1598 1585 1586
f 1599 1586 1587
f 1600 1587 1588
f 1601 1588 1589
f 1590 1601 1589
f 1591 1602 1590
f 1592 1603 1591
f 1594 1604 1592
f 1605 1606 1594
f 1607 1608 1595
f 1609 1595 1597
f 1610 1597 1598
f 1611 1598 1599
f 1612 1599 1600
f 1613 1600 1601
f 1602 1613 1601
f 1603 1614 1602
f 1604 1615 1603
f 1606 1616 1604
f 1617 1618 1606
f 1619 1620 1607
f 1621 1607 1609
f 1622 1609 1610
f 1623 1610 1611
f 1624 1611 1612
f 1625 1612 1613
f 1614 1625 1613
f 1615 1626 1614
f 1616 1627 1615
f 1618 1628 1616
f 1629 1630 1618
f 1619 1631 1632
f 1621 1633 1619
f 1622 1634 1621
f 1623 1635 1622
f 1624 1636 1623
f 1637 1624 1625
f 1638 1625 1626
f 1639 1626 1627
f 1640 1627 1628
f 1641 1628 1630
f 1642 1630 1643
f 1633 1644 1631
f 1634 1645 1633
f 1635 1646 1634
f 1636 1647 1635
f 1648 1649 1636
f 1637 1650 1648
f 1651 1637 1638
f 1652 1638 1639
f 1653 1639 1640
f 1654 1640 1641
f 1655 1641 1642
f 1656 1644 1645
f 1657 1645 1646
f 1658 1646 1647
f 1659 1647 1649
f 1660 1649 1650
f 1661 1650 1662
f 1651 1661 1662
f 1652 1663 1651
f 1653 1664 1652
f 1654 1665 1653
f 1655 1666 1654
f 1667 1668 1656
f 1669 1656 1657
f 1670 1657 1658
f 1671 1658 1659
f 1672 1659 1660
f 1673 1660 1661
f 1663 1673 1661
f 1664 1674 1663
f 1665 1675 1664
f 1666 1676 1665
f 1677 1678 1666
f 1679 1680 1667
f 1681 1667 1669
f 1682 1669 1670
f 1683 1670 1671
f 1684 1671 1672
f 1685 1672 1673
f 1674 1685 1673
f 1675 1686 1674
f 1676 1687 1675
f 1678 1688 1676
f 1689 1690 1678
f 1691 1692 1679
f 1693 1679 1681
f 1694 1681 1682
f 1695 1682 1683
f 1696 1683 1684
f 1697 1684 1685
f 1686 1697 1685
f 1687 1698 1686
f 1688 1699 1687
f 1690 1700 1688
f 1701 1702 1690
f 1703 1704 1691
f 1705 1691 1693
f 1706 1693 1694
f 1707 1694 1695
f 1708 1695 1696
f 1709 1696 1697
f 1698 1709 1697
f 1699 1710 1698
f 1700 1711 1699
f 1702 1712 1700
f 1713 1714 1702
f 1715 1716 1703
f 1717 1703 1705
f 1718 1705 1706
f 1719 1706 1707
f 1720 1707 1708
f 1721 1708 1709
f 1710 1721 1709
f 1711 1722 1710
f 1712 1723 1711
f 1714 1724 1712
f 1725 1726 1714
f 1727 1728 1715
f 1729 1715 1717
f 1730 1717 1718
f 1731 1718 1719
f 1732 1719 1720
f 1733 1720 1721
f 1722 1733 1721
f 1723 1734 1722
f 1724 1735 1723
f 1726 1736 1724
f 1737 1738 1726
f 1739 1740 1727
f 1741 1727 1729
f 1742 1729 1730
f 1743 1730 1731
f 1744 1731 1732
f 1733 1744 1732
f 1734 1745 1733
f 1735 1746 1734
f 1736 1747 1735
f 1738 1748 1736
f 1749 1750 1738
f 1751 1752 1739
f 1753 1739 1741
f 1754 1741 1742
f 1755 1742 1743
f 1756 1743 1744
f 1757 1744 1745
f 1746 1757 1745
f 1747 1758 1746
f 1748 1759 1747
f 1750 1760 1748
f 1761 1762 1750
f 1763 1764 1751
f 1765 1751 1753
f 1766 1753 1754
f 1767 1754 1755
f 1768 1755 1756
f 1769 1756 1757
f 1758 1769 1757
f 1759 1770 1758
f 1760 1771 1759
f 1762 1772 1760
f 1773 1774 1762
f 1775 1776 1763
f 1777 1763 1765
f 1778 1765 1766
f 1779 1766 1767
f 1780 1767 1768
f 1781 1768 1769
f 1770 1781 1769
f 1771 1782 1770
f 1772 1783 1771
f 1774 1784 1772
f 1785 1786 1774
f 1775 1787 1788
f 1777 1789 1775
f 1778 1790 1777
f 1779 1791 1778
f 1780 1792 1779
f 1793 1780 1781
f 1794 1781 1782
f 1795 1782 1783
f 1796 1783 1784
f 1797 1784 1786
f 1798 1786 1799
f 1789 1800 1787
f 1790 1801 1789
f 1791 1802 1790
f 1792 1803 1791
f 1804 1805 1792
f 1806 1804 1793
f 1807 1793 1794
f 1808 1794 1795
f 1809 1795 1796
f 1810 1796 1797
f 1811 1797 1798
f 1801 1812 1800
f 1802 1813 1801
f 1803 1814 1802
f 1805 1815 1803
f 1816 1817 1805
f 1818 1816 1806
f 1819 1806 1807
f 1820 1807 1808
f 1821 1808 1809
f 1822 1809 1810
f 1823 1810 1811
f 1813 1824 1812
f 1814 1825 1813
f 1815 1826 1814
f 1817 1827 1815
f 1828 1829 1817
f 1830 1828 1818
f 1831 1818 1819
f 1832 1819 1820
f 1833 1820 1821
f 1834 1821 1822
f 1835 1822 1823
f 1825 1836 1824
f 1826 1837 1825
f 1827 1838 1826
f 1829 1839 1827
f 1840 1841 1829
f 1842 1840 1830
f 1843 1830 1831
f 1844 1831 1832
f 1845 1832 1833
f 1846 1833 1834
f 1847 1834 1835
f 1837 1848 1836
f 1838 1849 1837
f 1839 1850 1838
f 1841 1851 1839
f 1852 1853 1841
f 1854 1852 1842
f 1855 1842 1843
f 1856 1843 1844
f 1857 1844 1845
f 1858 1845 1846
f 1859 1846 1847
f 1849 1860 1848
f 1850 1861 1849
f 1851 1862 1850
f 1853 1863 1851
f 1864 1865 1853
f 1866 1864 1854
f 1867 1854 1855
f 1868 1855 1856
f 1869 1856 1857
f 1870 1857 1858
f 1871 1858 1859
f 1861 1872 1860
f 1862 1873 1861
f 1863 1874 1862
f 1865 1875 1863
f 1876 1877 1865
f 1866 1878 1876
f 1879 1866 1867
f 1880 1867 1868
f 1881 1868 1869
f 1882 1869 1870
f 1883 1870 1871
f 1873 1884 1872
f 1874 1885 1873
f 1875 1886 1874
f 1877 1887 1875
f 1878 1888 1877
f 1889 1878 1890
f 1891 1890 1879
f 1892 1879 1880
f 1893 1880 1881
f 1894 1881 1882
f 1895 1882 1883
f 1885 1896 1884
f 1886 1897 1885
f 1887 1898 1886
f 1888 1899 1887
f 1900 1901 1888
f 1902 1900 1889
f 1903 1889 1891
f 1904 1891 1892
f 1905 1892 1893
f 1906 1893 1894
f 1907 1894 1895
f 1897 1908 1896
f 1898 1909 1897
f 1899 1910 1898
f 1901 1911 1899
f 1912 1913 1901
f 1914 1912 1902
f 1915 1902 1903
f 1916 1903 1904
f 1917 1904 1905
f 1918 1905 1906
f 1919 1906 1907
f 1920 1908 1909
f 1921 1909 1910
f 1922 1910 1911
f 1923 1911 1913
f 1924 1913 1925
f 1914 1924 1925
f 1915 1926 1914
f 1916 1927 1915
f 1917 1928 1916
f 1918 1929 1917
f 1919 1930 1918
f 1931 1932 1920
f 1933 1920 1921
f 1934 1921 1922
f 1935 1922 1923
f 1936 1923 1924
f 1937 1924 1926
f 1927 1937 1926
f 1928 1938 1927
f 1929 1939 1928
f 1930 1940 1929
f 1941 1942 1930
f 1931 1943 1944
f 1933 1945 1931
f 1934 1946 1933
f 1935 1947 1934
f 1936 1948 1935
f 1949 1936 1937
f 1950 1937 1938
f 1951 1938 1939
f 1952 1939 1940
f 1953 1940 1942
f 1954 1942 1955
f 1945 1956 1943
f 1946 1957 1945
f 1947 1958 1946
f 1948 1959 1947
f 1960 1961 1948
f 1962 1960 1949
f 1963 1949 1950
f 1964 1950 1951
f 1965 1951 1952
f 1966 1952 1953
f 1967 1953 1954
f 1957 1968 1956
f 1958 1969 1957
f 1959 1970 1958
f 1961 1971 1959
f 1972 1973 1961
f 1974 1972 1962
f 1975 1962 1963
f 1976 1963 1964
f 1977 1964 1965
f 1978 1965 1966
f 1979 1966 1967
f 1969 1980 1968
f 1970 1981 1969
f 1971 1982 1970
f 1973 1983 1971
f 1984 1985 1973
f 1986 1984 1974
f 1987 1974 1975
f 1988 1975 1976
f 1989 1976 1977
f 1990 1977 1978
f 1991 1978 1979
f 1981 1992 1980
f 1982 1993 1981
f 1983 1994 1982
f 1985 1995 1983
f 1996 1997 1985
f 1998 1996 1986
f 1999 1986 1987
f 2000 1987 1988
f 2001 1988 1989
f 2002 1989 1990
f 2003 1990 1991
f 1993 2004 1992
f 1994 2005 1993
f 1995 2006 1994
f 1997 2007 1995
f 2008 2009 1997
f 2010 2008 1998
f 2011 1998 1999
f 2012 1999 2000
f 2013 2000 2001
f 2014 2001 2002
f 2015 2002 2003
f 2005 2016 2004
f 2006 2017 2005
f 2007 2018 2006
f 2009 2019 2007
f 2020 2021 2009
f 2022 2020 2010
f 2023 2010 2011
f 2024 2011 2012
f 2025 2012 2013
f 2026 2013 2014
f 2027 2014 2015
f 2017 2028 2016
f 2018 2029 2017
f 2019 2030 2018
f 2021 2031 2019
f 2032 2033 2021
f 2034 2032 2022
f 2035 2022 2023
f 2036 2023 2024
f 2037 2024 2025
f 2038 2025 2026
f 2039 2026 2027
f 2029 2040 2028
f 2030 2041 2029
f 2031 2042 2030
f 2033 2043 2031
f 2044 2045 2033
f 2046 2044 2034
f 2047 2034 2035
f 2048 2035 2036
f 2049 2036 2037
f 2050 2037 2038
f 2051 2038 2039
f 2052 2040 2041
f 2053 2041 2042
f 2054 2042 2043
f 2055 2043 2045
f 2056 2045 2057
f 2058 2057 2046
f 2047 2058 2046
f 2048 2059 2047
f 2049 2060 2048
f 2050 2061 2049
f 2051 2062 2050
f 2063 2064 2052
f 2065 2052 2053
f 2066 2053 2054
f 2067 2054 2055
f 2068 2055 2056
f 2069 2056 2058
f 2059 2069 2058
f 2060 2070 2059
f 2061 2071 2060
f 2062 2072 2061
f 2073 2074 2062
f 2075 2076 2063
f 2077 2063 2065
f 2078 2065 2066
f 2079 2066 2067
f 2080 2067 2068
f 2081 2068 2069
f 2070 2081 2069
f 2071 2082 2070
f 2072 2083 2071
f 2074 2084 2072
f 2085 2086 2074
f 2075 2087 2088
f 2077 2089 2075
f 2078 2090 2077
f 2079 2091 2078
f 2080 2092 2079
f 2093 2080 2081
f 2094 2081 2082
f 2095 2082 2083
f 2096 2083 2084
f 2097 2084 2086
f 2098 2086 2099
f 2089 2100 2087
f 2090 2101 2089
f 2091 2102 2090
f 2092 2103 2091
f 2104 2105 2092
f 2106 2104 2093
f 2107 2093 2094
f 2108 2094 2095
f 2109 2095 2096
f 2110 2096 2097
f 2111 2097 2098
f 2112 2100 2101
f 2113 2101 2102
f 2114 2102 2103
f 2115 2103 2105
f 2116 2115 2105
f 2117 2116 2106
f 2118 2106 2107
f 2108 2118 2107
f 2109 2119 2108
f 2110 2120 2109
f 2111 2121 2110
f 2122 2123 2112
f 2124 2112 2113
f 2125 2113 2114
f 2126 2114 2115
f 2127 2115 2128
f 2129 2128 2117
f 2118 2129 2117
f 2119 2130 2118
f 2120 2131 2119
f 2121 2132 2120
f 2133 2134 2121
f 2135 2136 2122
f 2137 2122 2124
f 2138 2124 2125
f 2139 2125 2126
f 2140 2126 2127
f 2141 2127 2129
f 2130 2141 2129
f 2131 2142 2130
f 2132 2143 2131
f 2134 2144 2132
f 2145 2146 2134
f 2147 2148 2135
f 2149 2135 2137
f 2150 2137 2138
f 2151 2138 2139
f 2152 2139 2140
f 2153 2140 2141
f 2142 2153 2141
f 2143 2154 2142
f 2144 2155 2143
f 2146 2156 2144
f 2157 2158 2146
f 2159 2160 2147
f 2161 2147 2149
f 2162 2149 2150
f 2163 2150 2151
f 2164 2151 2152
f 2165 2152 2153
f 2154 2165 2153
f 2155 2166 2154
f 2156 2167 2155
f 2158 2168 2156
f 2169 2170 2158
f 2171 2172 2159
f 2173 2159 2161
f 2174 2161 2162
f 2175 2162 2163
f 2176 2163 2164
f 2177 2164 2165
f 2166 2177 2165
f 2167 2178 2166
f 2168 2179 2167
f 2170 2180 2168
f 2181 2182 2170
f 2183 2184 2171
f 2185 2171 2173
f 2186 2173 2174
f 2187 2174 2175
f 2188 2175 2176
f 2189 2176 2177
f 2178 2189 2177
f 2179 2190 2178
f 2180 2191 2179
f 2182 2192 2180
f 2193 2194 2182
f 2195 2196 2183
f 2197 2183 2185
f 2198 2185 2186
f 2199 2186 2187
f 2200 2187 2188
f 2201 2188 2189
f 2190 2201 2189
f 2191 2202 2190
f 2192 2203 2191
f 2194 2204 2192
f 2205 2206 2194
f 481 2207 2195
f 484 2195 2197
f 486 2197 2198
f 488 2198 2199
f 490 2199 2200
f 493 2200 2201
f 2202 493 2201
f 2203 495 2202
f 2204 497 2203
f 2206 499 2204
f 2208 501 2206
f 2209 2210 2211
f 2212 2211 2213
f 2214 2213 2215
f 2216 2215 2217
f 2218 2217 2219
f 2220 2219 2221
f 2222 2220 2221
f 2223 2224 2222
f 2225 2226 2223
f 2227 2228 2225
f 2229 2230 2227
f 2231 2232 2209
f 2233 2209 2212
f 2234 2212 2214
f 2235 2214 2216
f 2236 2216 2218
f 2237 2218 2220
f 2224 2237 2220
f 2226 2238 2224
f 2228 2239 2226
f 2230 2240 2228
f 2241 2242 2230
f 2243 2244 2231
f 2245 2231 2233
f 2246 2233 2234
f 2247 2234 2235
f 2248 2235 2236
f 2249 2236 2237
f 2238 2249 2237
f 2239 2250 2238
f 2240 2251 2239
f 2242 2252 2240
f 2253 2254 2242
f 2255 2256 2243
f 2257 2243 2245
f 2258 2245 2246
f 2259 2246 2247
f 2260 2247 2248
f 2261 2248 2249
f 2250 2261 2249
f 2251 2262 2250
f 2252 2263 2251
f 2254 2264 2252
f 2265 2266 2254
f 2267 2268 2255
f 2269 2255 2257
f 2270 2257 2258
f 2271 2258 2259
f 2272 2259 2260
f 2273 2260 2261
f 2262 2273 2261
f 2263 2274 2262
f 2264 2275 2263
f 2266 2276 2264
f 2277 2278 2266
f 2279 2280 2267
f 2281 2267 2269
f 2282 2269 2270
f 2283 2270 2271
f 2284 2271 2272
f 2285 2272 2273
f 2274 2285 2273
f 2275 2286 2274
f 2276 2287 2275
f 2278 2288 2276
f 2289 2290 2278
f 2279 2291 2292
f 2281 2293 2279
f 2282 2294 2281
f 2283 2295 2282
f 2284 2296 2283
f 2297 2284 2285
f 2298 2285 2286
f 2299 2286 2287
f 2300 2287 2288
f 2301 2288 2290
f 2302 2290 2303
f 2293 2304 2291
f 2294 2305 2293
f 2295 2306 2294
f 2296 2307 2295
f 2308 2309 2296
f 2310 2308 2297
f 2311 2297 2298
f 2312 2298 2299
f 2313 2299 2300
f 2314 2300 2301
f 2315 2301 2302
f 2305 2316 2304
f 2306 2317 2305
f 2307 2318 2306
f 2309 2319 2307
f 2320 2321 2309
f 2322 2320 2310
f 2323 2310 2311
f 2324 2311 2312
f 2325 2312 2313
f 2326 2313 2314
f 2327 2314 2315
f 2317 2328 2316
f 2318 2329 2317
f 2319 2330 2318
f 2321 2331 2319
f 2332 2333 2321
f 2334 2332 2322
f 2335 2322 2323
f 2336 2323 2324
f 2337 2324 2325
f 2338 2325 2326
f 2339 2326 2327
f 2329 2340 2328
f 2330 2341 2329
f 2331 2342 2330
f 2333 2343 2331
f 2344 2345 2333
f 2346 2344 2334
f 2347 2334 2335
f 2348 2335 2336
f 2349 2336 2337
f 2350 2337 2338
f 2351 2338 2339
f 2352 2340 2341
f 2353 2341 2342
f 2354 2342 2343
f 2355 2343 2345
f 2356 2345 2357
f 2358 2357 2346
f 2347 2358 2346
f 2348 2359 2347
f 2349 2360 2348
f 2350 2361 2349
f 2351 2362 2350
f 2363 2364 2352
f 2365 2352 2353
f 2366 2353 2354
f 2367 2354 2355
f 2368 2355 2356
f 2369 2356 2358
f 2359 2369 2358
f 2360 2370 2359
f 2361 2371 2360
f 2362 2372 2361
f 2373 2374 2362
f 2363 2375 2376
f 2365 2377 2363
f 2366 2378 2365
f 2367 2379 2366
f 2368 2380 2367
f 2381 2368 2369
f 2382 2369 2370
f 2383 2370 2371
f 2384 2371 2372
f 2385 2372 2374
f 2386 2374 2387
f 2377 2388 2375
f 2378 2389 2377
f 2379 2390 2378
f 2380 2391 2379
f 2392 2393 2380
f 2394 2392 2381
f 2395 2381 2382
f 2396 2382 2383
f 2397 2383 2384
f 2398 2384 2385
f 2399 2385 2386
f 2389 2400 2388
f 2390 2401 2389
f 2391 2402 2390
f 2393 2403 2391
f 2404 2405 2393
f 2406 2404 2394
f 2407 2394 2395
f 2408 2395 2396
f 2409 2396 2397
f 2410 2397 2398
f 2411 2398 2399
f 2401 2412 2400
f 2402 2413 2401
f 2403 2414 2402
f 2405 2415 2403
f 2416 2417 2405
f 2418 2416 2406
f 2419 2406 2407
f 2420 2407 2408
f 2421 2408 2409
f 2422 2409 2410
f 2423 2410 2411
f 2413 2424 2412
f 2414 2425 2413
f 2415 2426 2414
f 2417 2427 2415
f 2428 2429 2417
f 2430 2428 2418
f 2431 2418 2419
f 2432 2419 2420
f 2433 2420 2421
f 2434 2421 2422
f 2435 2422 2423
f 2425 2436 2424
f 2426 2437 2425
f 2427 2438 2426
f 2429 2439 2427
f 2440 2441 2429
f 2442 2440 2430
f 2443 2430 2431
f 2444 2431 2432
f 2445 2432 2433
f 2446 2433 2434
f 2447 2434 2435
f 2437 2448 2436
f 2438 2449 2437
f 2439 2450 2438
f 2441 2451 2439
f 2452 2453 2441
f 2454 2452 2442
f 2455 2442 2443
f 2456 2443 2444
f 2457 2444 2445
f 2458 2445 2446
f 2459 2446 2447
f 2449 2460 2448
f 2450 2461 2449
f 2451 2462 2450
f 2453 2463 2451
f 2464 2465 2453
f 2466 2464 2454
f 2467 2454 2455
f 2468 2455 2456
f 2469 2456 2457
f 2470 2457 2458
f 2471 2458 2459
f 2461 2472 2460
f 2462 2473 2461
f 2463 2474 2462
f 2465 2475 2463
f 2476 2477 2465
f 2478 2476 2466
f 2479 2466 2467
f 2480 2467 2468
f 2481 2468 2469
f 2482 2469 2470
f 2483 2470 2471
f 2473 2484 2472
f 2474 2485 2473
f 2475 2486 2474
f 2477 2487 2475
f 2488 2489 2477
f 2490 2488 2478
f 2491 2478 2479
f 2492 2479 2480
f 2493 2480 2481
f 2494 2481 2482
f 2495 2482 2483
f 2485 2496 2484
f 2486 2497 2485
f 2487 2498 2486
f 2489 2499 2487
f 2500 2501 2489
f 2490 2502 2500
f 2503 2490 2491
f 2504 2491 2492
f 2505 2492 2493
f 2506 2493 2494
f 2507 2494 2495
f 2508 2496 2497
f 2509 2497 2498
f 2510 2498 2499
f 2511 2499 2501
f 2512 2501 2502
f 2513 2512 2502
f 2503 2514 2513
f 2504 2515 2503
f 2505 2516 2504
f 2506 2517 2505
f 2507 2518 2506
f 2519 2520 2508
f 2521 2508 2509
f 2522 2509 2510
f 2523 2510 2511
f 2524 2511 2512
f 2525 2512 2514
f 2515 2525 2514
f 2516 2526 2515
f 2517 2527 2516
f 2518 2528 2517
f 2529 2530 2518
f 2531 2532 2519
f 2533 2519 2521
f 2534 2521 2522
f 2535 2522 2523
f 2536 2523 2524
f 2537 2524 2525
f 2526 2537 2525
f 2527 2538 2526
f 2528 2539 2527
f 2530 2540 2528
f 2541 2542 2530
f 2543 2544 2531
f 2545 2531 2533
f 2546 2533 2534
f 2547 2534 2535
f 2548 2535 2536
f 2549 2536 2537
f 2538 2549 2537
f 2539 2550 2538
f 2540 2551 2539
f 2542 2552 2540
f 2553 2554 2542
f 2555 2556 2543
f 2557 2543 2545
f 2558 2545 2546
f 2559 2546 2547
f 2560 2547 2548
f 2561 2548 2549
f 2550 2561 2549
f 2551 2562 2550
f 2552 2563 2551
f 2554 2564 2552
f 2565 2566 2554
f 2567 2568 2555
f 2569 2555 2557
f 2570 2557 2558
f 2571 2558 2559
f 2572 2559 2560
f 2573 2560 2561
f 2562 2573 2561
f 2563 2574 2562
f 2564 2575 2563
f 2566 2576 2564
f 2577 2578 2566
f 2579 2580 2567
f 2581 2567 2569
f 2582 2569 2570
f 2583 2570 2571
f 2584 2571 2572
f 2585 2572 2573
f 2574 2585 2573
f 2575 2586 2574
f 2576 2587 2575
f 2578 2588 2576
f 2589 2590 2578
f 2591 2592 2579
f 2593 2579 2581
f 2594 2581 2582
f 2595 2582 2583
f 2596 2583 2584
f 2597 2584 2585
f 2586 2597 2585
f 2587 2598 2586
f 2588 2599 2587
f 2590 2600 2588
f 2601 2602 2590
f 2603 2604 2591
f 2605 2591 2593
f 2606 2593 2594
f 2607 2594 2595
f 2608 2595 2596
f 2597 2608 2596
f 2598 2609 2597
f 2599 2610 2598
f 2600 2611 2599
f 2602 2612 2600
f 2613 2614 2602
f 2615 2616 2603
f 2617 2603 2605
f 2618 2605 2606
f 2619 2606 2607
f 2620 2607 2608
f 2621 2608 2609
f 2610 2621 2609
f 2611 2622 2610
f 2612 2623 2611
f 2614 2624 2612
f 2625 2626 2614
f 2627 2628 2615
f 2629 2615 2617
f 2630 2617 2618
f 2631 2618 2619
f 2632 2619 2620
f 2633 2620 2621
f 2622 2633 2621
f 2623 2634 2622
f 2624 2635 2623
f 2626 2636 2624
f 2637 2638 2626
f 2627 2639 2640
f 2629 2641 2627
f 2630 2642 2629
f 2631 2643 2630
f 2632 2644 2631
f 2645 2632 2633
f 2646 2633 2634
f 2647 2634 2635
f 2648 2635 2636
f 2649 2636 2638
f 2650 2638 2651
f 2641 2652 2639
f 2642 2653 2641
f 2643 2654 2642
f 2644 2655 2643
f 2656 2657 2644
f 2658 2656 2645
f 2659 2645 2646
f 2660 2646 2647
f 2661 2647 2648
f 2662 2648 2649
f 2663 2649 2650
f 2664 2652 2653
f 2665 2653 2654
f 2666 2654 2655
f 2667 2655 2657
f 2668 2657 2669
f 2670 2669 2658
f 2659 2670 2658
f 2660 2671 2659
f 2661 2672 2660
f 2662 2673 2661
f 2663 2674 2662
f 2675 2676 2664
f 2677 2664 2665
f 2678 2665 2666
f 2679 2666 2667
f 2680 2667 2668
f 2681 2668 2670
f 2671 2681 2670
f 2672 2682 2671
f 2673 2683 2672
f 2674 2684 2673
f 2685 2686 2674
f 2687 2688 2675
f 2689 2675 2677
f 2690 2677 2678
f 2691 2678 2679
f 2692 2679 2680
f 2693 2680 2681
f 2682 2693 2681
f 2683 2694 2682
f 2684 2695 2683
f 2686 2696 2684
f 2697 2698 2686
f 2699 2700 2687
f 2701 2687 2689
f 2702 2689 2690
f 2703 2690 2691
f 2704 2691 2692
f 2705 2692 2693
f 2694 2705 2693
f 2695 2706 2694
f 2696 2707 2695
f 2698 2708 2696
f 2709 2710 2698
f 2711 2712 2699
f 2713 2699 2701
f 2714 2701 2702
f 2715 2702 2703
f 2716 2703 2704
f 2717 2704 2705
f 2706 2717 2705
f 2707 2718 2706
f 2708 2719 2707
f 2710 2720 2708
f 2721 2722 2710
f 2711 2723 2724
f 2713 2725 2711
f 2714 2726 2713
f 2715 2727 2714
f 2716 2728 2715
f 2729 2716 2717
f 2730 2717 2718
f 2731 2718 2719
f 2732 2719 2720
f 2733 2720 2722
f 2734 2722 2735
f 2725 2736 2723
f 2726 2737 2725
f 2727 2738 2726
f 2728 2739 2727
f 2740 2741 2728
f 2742 2740 2729
f 2743 2729 2730
f 2744 2730 2731
f 2745 2731 2732
f 2746 2732 2733
f 2747 2733 2734
f 2737 2748 2736
f 2738 2749 2737
f 2739 2750 2738
f 2741 2751 2739
f 2752 2753 2741
f 2754 2752 2742
f 2755 2742 2743
f 2756 2743 2744
f 2757 2744 2745
f 2758 2745 2746
f 2759 2746 2747
f 2749 2760 2748
f 2750 2761 2749
f 2751 2762 2750
f 2753 2763 2751
f 2764 2765 2753
f 2766 2764 2754
f 2767 2754 2755
f 2768 2755 2756
f 2769 2756 2757
f 2770 2757 2758
f 2771 2758 2759
f 2761 2772 2760
f 2762 2773 2761
f 2763 2774 2762
f 2765 2775 2763
f 2776 2777 2765
f 2778 2776 2766
f 2779 2766 2767
f 2780 2767 2768
f 2781 2768 2769
f 2782 2769 2770
f 2783 2770 2771
f 2773 2784 2772
f 2774 2785 2773
f 2775 2786 2774
f 2777 2787 2775
f 2788 2789 2777
f 2790 2788 2778
f 2791 2778 2779
f 2792 2779 2780
f 2793 2780 2781
f 2794 2781 2782
f 2795 2782 2783
f 2796 2784 2785
f 2797 2785 2786
f 2798 2786 2787
f 2799 2787 2789
f 2800 2789 2801
f 2802 2801 2790
f 2791 2802 2790
f 2792 2803 2791
f 2793 2804 2792
f 2794 2805 2793
f 2795 2806 2794
f 2807 2808 2796
f 2809 2796 2797
f 2810 2797 2798
f 2811 2798 2799
f 2812 2799 2800
f 2813 2800 2802
f 2803 2813 2802
f 2804 2814 2803
f 2805 2815 2804
f 2806 2816 2805
f 2817 2818 2806
f 2819 2820 2807
f 2821 2807 2809
f 2822 2809 2810
f 2823 2810 2811
f 2824 2811 2812
f 2825 2812 2813
f 2814 2825 2813
f 2815 2826 2814
f 2816 2827 2815
f 2818 2828 2816
f 2829 2830 2818
f 2831 2832 2819
f 2833 2819 2821
f 2834 2821 2822
f 2835 2822 2823
f 2836 2823 2824
f 2837 2824 2825
f 2826 2837 2825
f 2827 2838 2826
f 2828 2839 2827
f 2830 2840 2828
f 2841 2842 2830
f 2843 2844 2831
f 2845 2831 2833
f 2846 2833 2834
f 2847 2834 2835
f 2848 2835 2836
f 2849 2836 2837
f 2838 2849 2837
f 2839 2850 2838
f 2840 2851 2839
f 2842 2852 2840
f 2853 2854 2842
f 2843 2855 2856
f 2845 2857 2843
f 2846 2858 2845
f 2847 2859 2846
f 2848 2860 2847
f 2861 2848 2849
f 2862 2849 2850
f 2863 2850 2851
f 2864 2851 2852
f 2865 2852 2854
f 2866 2854 2867
f 2857 2868 2855
f 2858 2869 2857
f 2859 2870 2858
f 2860 2871 2859
f 2872 2873 2860
f 2874 2872 2861
f 2875 2861 2862
f 2876 2862 2863
f 2877 2863 2864
f 2878 2864 2865
f 2879 2865 2866
f 2869 2880 2868
f 2870 2881 2869
f 2871 2882 2870
f 2873 2883 2871
f 2884 2885 2873
f 2886 2884 2874
f 2887 2874 2875
f 2888 2875 2876
f 2889 2876 2877
f 2890 2877 2878
f 2891 2878 2879
f 2881 2892 2880
f 2882 2893 2881
f 2883 2894 2882
f 2885 2895 2883
f 2896 2897 2885
f 2898 2896 2886
f 2899 2886 2887
f 2900 2887 2888
f 2901 2888 2889
f 2902 2889 2890
f 2903 2890 2891
f 2893 2904 2892
f 2894 2905 2893
f 2895 2906 2894
f 2897 2907 2895
f 2908 2909 2897
f 2910 2908 2898
f 2911 2898 2899
f 2912 2899 2900
f 2913 2900 2901
f 2914 2901 2902
f 2915 2902 2903
f 2905 2916 2904
f 2906 2917 2905
f 2907 2918 2906
f 2909 2919 2907
f 2920 2921 2909
f 2922 2920 2910
f 2923 2910 2911
f 2924 2911 2912
f 2925 2912 2913
f 2926 2913 2914
f 2927 2914 2915
f 2928 2916 2917
f 2929 2917 2918
f 2930 2918 2919
f 2931 2919 2921
f 2932 2921 2933
f 2934 2933 2922
f 2923 2934 2922
f 2924 2935 2923
f 2925 2936 2924
f 2926 2937 2925
f 2927 2938 2926
f 2939 2940 2928
f 2941 2928 2929
f 2942 2929 2930
f 2943 2930 2931
f 2944 2931 2932
f 2945 2932 2934
f 2935 2945 2934
f 2936 2946 2935
f 2937 2947 2936
f 2938 2948 2937
f 2949 2950 2938
f 2939 2951 2952
f 2941 2953 2939
f 2942 2954 2941
f 2943 2955 2942
f 2944 2956 2943
f 2957 2944 2945
f 2958 2945 2946
f 2959 2946 2947
f 2960 2947 2948
f 2961 2948 2950
f 2962 2950 2963
f 2953 2964 2951
f 2954 2965 2953
f 2955 2966 2954
f 2956 2967 2955
f 2968 2969 2956
f 2970 2968 2957
f 2971 2957 2958
f 2972 2958 2959
f 2973 2959 2960
f 2974 2960 2961
f 2975 2961 2962
f 2965 2976 2964
f 2966 2977 2965
f 2967 2978 2966
f 2969 2979 2967
f 2980 2981 2969
f 2982 2980 2970
f 2983 2970 2971
f 2984 2971 2972
f 2985 2972 2973
f 2986 2973 2974
f 2987 2974 2975
f 2977 2988 2976
f 2978 2989 2977
f 2979 2990 2978
f 2981 2991 2979
f 2992 2993 2981
f 2982 2994 2992
f 2995 2982 2983
f 2996 2983 2984
f 2997 2984 2985
f 2998 2985 2986
f 2999 2986 2987
f 2989 3000 2988
f 2990 3001 2989
f 2991 3002 2990
f 2993 3003 2991
f 2994 3004 2993
f 3005 3006 2994
f 3007 3005 2995
f 3008 2995 2996
f 3009 2996 2997
f 3010 2997 2998
f 3011 2998 2999
f 3001 3012 3000
f 3002 3013 3001
f 3003 3014 3002
f 3004 3015 3003
f 3006 3016 3004
f 3017 3006 3018
f 3019 3018 3007
f 3020 3007 3008
f 3021 3008 3009
f 3022 3009 3010
f 3023 3010 3011
f 3013 3024 3012
f 3014 3025 3013
f 3015 3026 3014
f 3016 3027 3015
f 3028 3029 3016
f 3030 3028 3017
f 3031 3017 3019
f 3032 3019 3020
f 3033 3020 3021
f 3034 3021 3022
f 3035 3022 3023
f 3025 3036 3024
f 3026 3037 3025
f 3027 3038 3026
f 3029 3039 3027
f 3040 3041 3029
f 3030 3042 3040
f 3043 3030 3031
f 3044 3031 3032
f 3045 3032 3033
f 3046 3033 3034
f 3047 3034 3035
f 3037 3048 3036
f 3038 3049 3037
f 3039 3050 3038
f 3041 3051 3039
f 3042 3052 3041
f 3053 3042 3054
f 3055 3054 3043
f 3056 3043 3044
f 3057 3044 3045
f 3058 3045 3046
f 3059 3046 3047
f 3049 3060 3048
f 3050 3061 3049
f 3051 3062 3050
f 3052 3063 3051
f 3064 3065 3052
f 3066 3064 3053
f 3067 3053 3055
f 3068 3055 3056
f 3069 3056 3057
f 3070 3057 3058
f 3071 3058 3059
f 3061 3072 3060
f 3062 3073 3061
f 3063 3074 3062
f 3065 3075 3063
f 3076 3077 3065
f 3078 3076 3066
f 3079 3066 3067
f 3080 3067 3068
f 3081 3068 3069
f 3082 3069 3070
f 3083 3070 3071
f 3084 3072 3073
f 3085 3073 3074
f 3086 3074 3075
f 3087 3075 3077
f 3088 3077 3089
f 3090 3089 3078
f 3079 3090 3078
f 3080 3091 3079
f 3081 3092 3080
f 3082 3093 3081
f 3083 3094 3082
f 3095 3096 3084
f 3097 3084 3085
f 3098 3085 3086
f 3099 3086 3087
f 3100 3087 3088
f 3101 3088 3090
f 3091 3101 3090
f 3092 3102 3091
f 3093 3103 3092
f 3094 3104 3093
f 3105 3106 3094
f 3107 3108 3095
f 3109 3095 3097
f 3110 3097 3098
f 3111 3098 3099
f 3112 3099 3100
f 3113 3100 3101
f 3102 3113 3101
f 3103 3114 3102
f 3104 3115 3103
f 3106 3116 3104
f 3117 3118 3106
f 3119 3120 3107
f 3121 3107 3109
f 3122 3109 3110
f 3123 3110 3111
f 3124 3111 3112
f 3125 3112 3113
f 3114 3125 3113
f 3115 3126 3114
f 3116 3127 3115
f 3118 3128 3116
f 3129 3130 3118
f 3131 3132 3119
f 3133 3119 3121
f 3134 3121 3122
f 3135 3122 3123
f 3136 3123 3124
f 3137 3124 3125
f 3126 3137 3125
f 3127 3138 3126
f 3128 3139 3127
f 3130 3140 3128
f 3141 3142 3130
f 3143 3144 3131
f 3145 3131 3133
f 3146 3133 3134
f 3147 3134 3135
f 3148 3135 3136
f 3149 3136 3137
f 3138 3149 3137
f 3139 3150 3138
f 3140 3151 3139
f 3142 3152 3140
f 3153 3154 3142
f 3155 3156 3143
f 3157 3143 3145
f 3158 3145 3146
f 3159 3146 3147
f 3160 3147 3148
f 3161 3148 3149
f 3150 3161 3149
f 3151 3162 3150
f 3152 3163 3151
f 3154 3164 3152
f 3165 3166 3154
f 3167 3168 3155
f 3169 3155 3157
f 3170 3157 3158
f 3171 3158 3159
f 3172 3159 3160
f 3173 3160 3161
f 3162 3173 3161
f 3163 3174 3162
f 3164 3175 3163
f 3166 3176 3164
f 3177 3178 3166
f 3179 3180 3167
f 3181 3167 3169
f 3182 3169 3170
f 3183 3170 3171
f 3184 3171 3172
f 3185 3172 3173
f 3174 3185 3173
f 3175 3186 3174
f 3176 3187 3175
f 3178 3188 3176
f 3189 3190 3178
f 3191 3192 3179
f 3193 3179 3181
f 3194 3181 3182
f 3195 3182 3183
f 3196 3183 3184
f 3197 3184 3185
f 3186 3197 3185
f 3187 3198 3186
f 3188 3199 3187
f 3190 3200 3188
f 3201 3202 3190
f 3203 3204 3191
f 3205 3191 3193
f 3206 3193 3194
f 3207 3194 3195
f 3208 3195 3196
f 3209 3196 3197
f 3198 3209 3197
f 3199 3210 3198
f 3200 3211 3199
f 3202 3212 3200
f 3213 3214 3202
f 3203 3215 3216
f 3205 3217 3203
f 3206 3218 3205
f 3207 3219 3206
f 3208 3220 3207
f 3221 3208 3209
f 3222 3209 3210
f 3223 3210 3211
f 3224 3211 3212
f 3225 3212 3214
f 3226 3214 3227
f 3217 3228 3215
f 3218 3229 3217
f 3219 3230 3218
f 3220 3231 3219
f 3232 3233 3220
f 3234 3232 3221
f 3235 3221 3222
f 3236 3222 3223
f 3237 3223 3224
f 3238 3224 3225
f 3239 3225 3226
f 3240 3228 3229
f 3241 3229 3230
f 3242 3230 3231
f 3243 3231 3233
f 3244 3233 3245
f 3246 3245 3234
f 3235 3246 3234
f 3236 3247 3235
f 3237 3248 3236
f 3238 3249 3237
f 3239 3250 3238
f 3251 3252 3240
f 3253 3240 3241
f 3254 3241 3242
f 3255 3242 3243
f 3256 3243 3244
f 3257 3244 3246
f 3247 3257 3246
f 3248 3258 3247
f 3249 3259 3248
f 3250 3260 3249
f 3261 3262 3250
f 3263 3264 3251
f 3265 3251 3253
f 3266 3253 3254
f 3267 3254 3255
f 3268 3255 3256
f 3269 3256 3257
f 3258 3269 3257
f 3259 3270 3258
f 3260 3271 3259
f 3262 3272 3260
f 3273 3274 3262
f 3275 3276 3263
f 3277 3263 3265
f 3278 3265 3266
f 3279 3266 3267
f 3280 3267 3268
f 3281 3268 3269
f 3270 3281 3269
f 3271 3282 3270
f 3272 3283 3271
f 3274 3284 3272
f 3285 3286 3274
f 3287 3288 3275
f 3289 3275 3277
f 3290 3277 3278
f 3291 3278 3279
f 3292 3279 3280
f 3293 3280 3281
f 3282 3293 3281
f 3283 3294 3282
f 3284 3295 3283
f 3286 3296 3284
f 3297 3298 3286
f 3299 3300 3287
f 3301 3287 3289
f 3302 3289 3290
f 3303 3290 3291
f 3304 3291 3292
f 3305 3292 3293
f 3294 3305 3293
f 3295 3306 3294
f 3296 3307 3295
f 3298 3308 3296
f 3309 3310 3298
f 3299 3311 3312
f 3301 3313 3299
f 3302 3314 3301
f 3303 3315 3302
f 3304 3316 3303
f 3317 3304 3305
f 3318 3305 3306
f 3319 3306 3307
f 3320 3307 3308
f 3321 3308 3310
f 3322 3310 3323
f 3313 3324 3311
f 3314 3325 3313
f 3315 3326 3314
f 3316 3327 3315
f 3328 3329 3316
f 3330 3328 3317
f 3331 3317 3318
f 3332 3318 3319
f 3333 3319 3320
f 3334 3320 3321
f 3335 3321 3322
f 3325 3336 3324
f 3326 3337 3325
f 3327 3338 3326
f 3329 3339 3327
f 3340 3341 3329
f 3342 3340 3330
f 3343 3330 3331
f 3344 3331 3332
f 3345 3332 3333
f 3346 3333 3334
f 3347 3334 3335
f 3337 3348 3336
f 3338 3349 3337
f 3339 3350 3338
f 3341 3351 3339
f 3352 3353 3341
f 3354 3352 3342
f 3355 3342 3343
f 3356 3343 3344
f 3357 3344 3345
f 3358 3345 3346
f 3359 3346 3347
f 3349 2210 3348
f 3350 2211 3349
f 3351 2213 3350
f 3353 2215 3351
f 3360 2217 3353
f 2221 3360 3354
f 2222 3354 3355
f 2223 3355 3356
f 2225 3356 3357
f 2227 3357 3358
f 2229 3358 3359
f 481 485 482
f 484 487 485
f 486 489 487
f 488 491 489
f 490 508 491
f 492 508 490
f 494 492 493
f 496 494 495
f 498 496 497
f 500 498 499
f 502 500 501
f 485 505 504
f 487 506 505
f 489 507 506
f 491 509 507
f 508 520 509
f 510 520 508
f 511 510 492
f 512 511 494
f 513 512 496
f 514 513 498
f 515 514 500
f 505 517 516
f 506 518 517
f 507 519 518
f 509 521 519
f 520 532 521
f 522 532 520
f 523 522 510
f 524 523 511
f 525 524 512
f 526 525 513
f 527 526 514
f 517 529 528
f 518 530 529
f 519 531 530
f 521 533 531
f 532 544 533
f 534 544 532
f 535 534 522
f 536 535 523
f 537 536 524
f 538 537 525
f 539 538 526
f 529 541 540
f 530 542 541
f 531 543 542
f 533 545 543
f 544 556 545
f 546 556 544
f 547 546 534
f 548 547 535
f 549 548 536
f 550 549 537
f 551 550 538
f 541 553 552
f 542 554 553
f 543 555 554
f 545 557 555
f 556 568 557
f 558 568 556
f 559 558 546
f 560 559 547
f 561 560 548
f 562 561 549
f 563 562 550
f 553 565 564
f 554 566 565
f 555 567 566
f 557 569 567
f 568 580 569
f 570 580 568
f 571 570 558
f 572 571 559
f 573 572 560
f 574 573 561
f 575 574 562
f 565 577 576
f 566 578 577
f 567 579 578
f 569 581 579
f 580 592 581
f 582 592 580
f 583 582 570
f 584 583 571
f 585 584 572
f 586 585 573
f 587 586 574
f 577 589 588
f 578 590 589
f 579 591 590
f 581 593 591
f 592 605 593
f 594 605 592
f 595 594 582
f 596 595 583
f 597 596 584
f 598 597 585
f 599 598 586
f 600 612 588
f 601 600 589
f 602 601 590
f 603 602 591
f 604 603 593
f 606 604 605
f 595 607 606
f 596 608 607
f 597 609 608
f 598 610 609
f 599 621 610
f 611 624 612
f 613 611 600
f 614 613 601
f 615 614 602
f 616 615 603
f 617 616 604
f 607 618 617
f 608 619 618
f 609 620 619
f 610 622 620
f 621 635 622
f 611 625 623
f 613 626 625
f 614 627 626
f 615 628 627
f 616 640 628
f 629 640 616
f 630 629 617
f 631 630 618
f 632 631 619
f 633 632 620
f 634 633 622
f 625 637 636
f 626 638 637
f 627 639 638
f 628 641 639
f 640 652 641
f 642 652 640
f 643 642 629
f 644 643 630
f 645 644 631
f 646 645 632
f 647 646 633
f 637 649 648
f 638 650 649
f 639 651 650
f 641 653 651
f 652 665 653
f 654 665 652
f 655 654 642
f 656 655 643
f 657 656 644
f 658 657 645
f 659 658 646
f 660 672 648
f 661 660 649
f 662 661 650
f 663 662 651
f 664 663 653
f 666 664 665
f 655 667 666
f 656 668 667
f 657 669 668
f 658 670 669
f 659 681 670
f 671 684 672
f 673 671 660
f 674 673 661
f 675 674 662
f 676 675 663
f 677 676 664
f 667 678 677
f 668 679 678
f 669 680 679
f 670 682 680
f 681 693 682
f 683 696 684
f 685 683 671
f 686 685 673
f 687 686 674
f 688 687 675
f 689 688 676
f 678 690 689
f 679 691 690
f 680 692 691
f 682 694 692
f 693 705 694
f 695 708 696
f 697 695 683
f 698 697 685
f 699 698 686
f 700 699 687
f 701 700 688
f 690 702 701
f 691 703 702
f 692 704 703
f 694 706 704
f 705 717 706
f 707 720 708
f 709 707 695
f 710 709 697
f 711 710 698
f 712 711 699
f 713 712 700
f 702 714 713
f 703 715 714
f 704 716 715
f 706 718 716
f 717 729 718
f 719 732 720
f 721 719 707
f 722 721 709
f 723 722 710
f 724 723 711
f 725 724 712
f 714 726 725
f 715 727 726
f 716 728 727
f 718 730 728
f 729 741 730
f 731 744 732
f 733 731 719
f 734 733 721
f 735 734 722
f 736 735 723
f 737 736 724
f 726 738 737
f 727 739 738
f 728 740 739
f 730 742 740
f 741 753 742
f 743 756 744
f 745 743 731
f 746 745 733
f 747 746 734
f 748 747 735
f 749 748 736
f 738 750 749
f 739 751 750
f 740 752 751
f 742 754 752
f 753 765 754
f 755 768 756
f 757 755 743
f 758 757 745
f 759 758 746
f 760 759 747
f 761 760 748
f 750 762 761
f 751 763 762
f 752 764 763
f 754 766 764
f 765 779 766
f 755 769 767
f 757 770 769
f 758 771 770
f 759 772 771
f 760 784 772
f 773 784 760
f 774 773 761
f 775 774 762
f 776 775 763
f 777 776 764
f 778 777 766
f 769 781 780
f 770 782 781
f 771 783 782
f 772 785 783
f 784 797 785
f 786 797 784
f 787 786 773
f 788 787 774
f 789 788 775
f 790 789 776
f 791 790 777
f 792 804 780
f 793 792 781
f 794 793 782
f 795 794 783
f 796 795 785
f 798 796 797
f 787 799 798
f 788 800 799
f 789 801 800
f 790 802 801
f 791 813 802
f 803 816 804
f 805 803 792
f 806 805 793
f 807 806 794
f 808 807 795
f 809 808 796
f 799 810 809
f 800 811 810
f 801 812 811
f 802 814 812
f 813 825 814
f 815 828 816
f 817 815 803
f 818 817 805
f 819 818 806
f 820 819 807
f 809 821 820
f 810 822 821
f 811 823 822
f 812 824 823
f 814 826 824
f 825 837 826
f 827 840 828
f 829 827 815
f 830 829 817
f 831 830 818
f 832 831 819
f 833 832 820
f 822 834 833
f 823 835 834
f 824 836 835
f 826 838 836
f 837 849 838
f 839 852 840
f 841 839 827
f 842 841 829
f 843 842 830
f 844 843 831
f 845 844 832
f 834 846 845
f 835 847 846
f 836 848 847
f 838 850 848
f 849 861 850
f 851 864 852
f 853 851 839
f 854 853 841
f 855 854 842
f 856 855 843
f 845 857 856
f 846 858 857
f 847 859 858
f 848 860 859
f 850 862 860
f 861 873 862
f 863 876 864
f 865 863 851
f 866 865 853
f 867 866 854
f 868 867 855
f 869 868 856
f 858 870 869
f 859 871 870
f 860 872 871
f 862 874 872
f 873 885 874
f 875 888 876
f 877 875 863
f 878 877 865
f 879 878 866
f 880 879 867
f 869 881 880
f 870 882 881
f 871 883 882
f 872 884 883
f 874 886 884
f 885 897 886
f 887 900 888
f 889 887 875
f 890 889 877
f 891 890 878
f 892 891 879
f 893 892 880
f 882 894 893
f 883 895 894
f 884 896 895
f 886 898 896
f 897 909 898
f 899 912 900
f 901 899 887
f 902 901 889
f 903 902 890
f 904 903 891
f 905 904 892
f 894 906 905
f 895 907 906
f 896 908 907
f 898 910 908
f 909 921 910
f 911 924 912
f 913 911 899
f 914 913 901
f 915 914 902
f 916 915 903
f 917 916 904
f 906 918 917
f 907 919 918
f 908 920 919
f 910 922 920
f 921 935 922
f 911 925 923
f 913 926 925
f 914 927 926
f 915 928 927
f 916 940 928
f 929 940 916
f 930 929 917
f 931 930 918
f 932 931 919
f 933 932 920
f 934 933 922
f 925 937 936
f 926 938 937
f 927 939 938
f 928 941 939
f 940 952 941
f 942 952 940
f 943 942 929
f 944 943 930
f 945 944 931
f 946 945 932
f 947 946 933
f 937 949 948
f 938 950 949
f 939 951 950
f 941 953 951
f 952 964 953
f 954 964 952
f 955 954 942
f 956 955 943
f 957 956 944
f 958 957 945
f 959 958 946
f 949 961 960
f 950 962 961
f 951 963 962
f 953 965 963
f 964 966 965
f 954 977 966
f 967 977 954
f 968 967 955
f 969 968 956
f 970 969 957
f 971 970 958
f 961 973 972
f 962 974 973
f 963 975 974
f 965 976 975
f 966 978 976
f 977 989 978
f 979 989 977
f 980 979 967
f 981 980 968
f 982 981 969
f 983 982 970
f 973 985 984
f 974 986 985
f 975 987 986
f 976 988 987
f 978 990 988
f 989 1002 990
f 991 1002 989
f 992 991 979
f 993 992 980
f 994 993 981
f 995 994 982
f 985 997 996
f 986 998 997
f 987 999 998
f 988 1000 999
f 990 1012 1000
f 1001 1012 990
f 1003 1001 1002
f 1004 1003 991
f 1005 1004 992
f 1006 1005 993
f 1007 1006 994
f 997 1009 1008
f 998 1010 1009
f 999 1011 1010
f 1000 1013 1011
f 1012 1024 1013
f 1014 1024 1012
f 1015 1014 1001
f 1016 1015 1003
f 1017 1016 1004
f 1018 1017 1005
f 1019 1018 1006
f 1009 1021 1020
f 1010 1022 1021
f 1011 1023 1022
f 1013 1025 1023
f 1024 1036 1025
f 1026 1036 1024
f 1027 1026 1014
f 1028 1027 1015
f 1029 1028 1016
f 1030 1029 1017
f 1031 1030 1018
f 1021 1033 1032
f 1022 1034 1033
f 1023 1035 1034
f 1025 1037 1035
f 1036 1048 1037
f 1038 1048 1036
f 1039 1038 1026
f 1040 1039 1027
f 1041 1040 1028
f 1042 1041 1029
f 1043 1042 1030
f 1033 1045 1044
f 1034 1046 1045
f 1035 1047 1046
f 1037 1049 1047
f 1048 1061 1049
f 1050 1061 1048
f 1051 1050 1038
f 1052 1051 1039
f 1053 1052 1040
f 1054 1053 1041
f 1055 1054 1042
f 1056 1068 1044
f 1057 1056 1045
f 1058 1057 1046
f 1059 1058 1047
f 1060 1059 1049
f 1062 1060 1061
f 1051 1063 1062
f 1052 1064 1063
f 1053 1065 1064
f 1054 1066 1065
f 1055 1077 1066
f 1067 1080 1068
f 1069 1067 1056
f 1070 1069 1057
f 1071 1070 1058
f 1072 1071 1059
f 1073 1072 1060
f 1063 1074 1073
f 1064 1075 1074
f 1065 1076 1075
f 1066 1078 1076
f 1077 1091 1078
f 1067 1081 1079
f 1069 1082 1081
f 1070 1083 1082
f 1071 1084 1083
f 1072 1096 1084
f 1085 1096 1072
f 1086 1085 1073
f 1087 1086 1074
f 1088 1087 1075
f 1089 1088 1076
f 1090 1089 1078
f 1081 1093 1092
f 1082 1094 1093
f 1083 1095 1094
f 1084 1097 1095
f 1096 1108 1097
f 1098 1108 1096
f 1099 1098 1085
f 1100 1099 1086
f 1101 1100 1087
f 1102 1101 1088
f 1103 1102 1089
f 1093 1105 1104
f 1094 1106 1105
f 1095 1107 1106
f 1097 1109 1107
f 1108 1120 1109
f 1110 1120 1108
f 1111 1110 1098
f 1112 1111 1099
f 1113 1112 1100
f 1114 1113 1101
f 1115 1114 1102
f 1105 1117 1116
f 1106 1118 1117
f 1107 1119 1118
f 1109 1121 1119
f 1120 1132 1121
f 1122 1132 1120
f 1123 1122 1110
f 1124 1123 1111
f 1125 1124 1112
f 1126 1125 1113
f 1127 1126 1114
f 1117 1129 1128
f 1118 1130 1129
f 1119 1131 1130
f 1121 1133 1131
f 1132 1144 1133
f 1134 1144 1132
f 1135 1134 1122
f 1136 1135 1123
f 1137 1136 1124
f 1138 1137 1125
f 1139 1138 1126
f 1129 1141 1140
f 1130 1142 1141
f 1131 1143 1142
f 1133 1145 1143
f 1144 1156 1145
f 1146 1156 1144
f 1147 1146 1134
f 1148 1147 1135
f 1149 1148 1136
f 1150 1149 1137
f 1151 1150 1138
f 1141 1153 1152
f 1142 1154 1153
f 1143 1155 1154
f 1145 1157 1155
f 1156 1168 1157
f 1158 1168 1156
f 1159 1158 1146
f 1160 1159 1147
f 1161 1160 1148
f 1162 1161 1149
f 1163 1162 1150
f 1153 1165 1164
f 1154 1166 1165
f 1155 1167 1166
f 1157 1169 1167
f 1168 1180 1169
f 1170 1180 1168
f 1171 1170 1158
f 1172 1171 1159
f 1173 1172 1160
f 1174 1173 1161
f 1175 1174 1162
f 1165 1177 1176
f 1166 1178 1177
f 1167 1179 1178
f 1169 1181 1179
f 1180 1193 1181
f 1182 1193 1180
f 1183 1182 1170
f 1184 1183 1171
f 1185 1184 1172
f 1186 1185 1173
f 1187 1186 1174
f 1188 1200 1176
f 1189 1188 1177
f 1190 1189 1178
f 1191 1190 1179
f 1192 1191 1181
f 1194 1192 1193
f 1195 1194 1182
f 1184 1196 1195
f 1185 1197 1196
f 1186 1198 1197
f 1187 1209 1198
f 1199 1212 1200
f 1201 1199 1188
f 1202 1201 1189
f 1203 1202 1190
f 1204 1203 1191
f 1205 1204 1192
f 1195 1206 1205
f 1196 1207 1206
f 1197 1208 1207
f 1198 1210 1208
f 1209 1221 1210
f 1211 1224 1212
f 1213 1211 1199
f 1214 1213 1201
f 1215 1214 1202
f 1216 1215 1203
f 1217 1216 1204
f 1206 1218 1217
f 1207 1219 1218
f 1208 1220 1219
f 1210 1222 1220
f 1221 1235 1222
f 1211 1225 1223
f 1213 1226 1225
f 1214 1227 1226
f 1215 1228 1227
f 1216 1240 1228
f 1229 1240 1216
f 1230 1229 1217
f 1231 1230 1218
f 1232 1231 1219
f 1233 1232 1220
f 1234 1233 1222
f 1225 1237 1236
f 1226 1238 1237
f 1227 1239 1238
f 1228 1241 1239
f 1240 1253 1241
f 1242 1253 1240
f 1243 1242 1229
f 1244 1243 1230
f 1245 1244 1231
f 1246 1245 1232
f 1247 1246 1233
f 1248 1260 1236
f 1249 1248 1237
f 1250 1249 1238
f 1251 1250 1239
f 1252 1251 1241
f 1254 1252 1253
f 1243 1255 1254
f 1244 1256 1255
f 1245 1257 1256
f 1246 1258 1257
f 1247 1269 1258
f 1259 1272 1260
f 1261 1259 1248
f 1262 1261 1249
f 1263 1262 1250
f 1264 1263 1251
f 1265 1264 1252
f 1255 1266 1265
f 1256 1267 1266
f 1257 1268 1267
f 1258 1270 1268
f 1269 1281 1270
f 1271 1284 1272
f 1273 1271 1259
f 1274 1273 1261
f 1275 1274 1262
f 1276 1275 1263
f 1277 1276 1264
f 1266 1278 1277
f 1267 1279 1278
f 1268 1280 1279
f 1270 1282 1280
f 1281 1293 1282
f 1283 1296 1284
f 1285 1283 1271
f 1286 1285 1273
f 1287 1286 1274
f 1288 1287 1275
f 1289 1288 1276
f 1278 1290 1289
f 1279 1291 1290
f 1280 1292 1291
f 1282 1294 1292
f 1293 1305 1294
f 1295 1308 1296
f 1297 1295 1283
f 1298 1297 1285
f 1299 1298 1286
f 1300 1299 1287
f 1301 1300 1288
f 1290 1302 1301
f 1291 1303 1302
f 1292 1304 1303
f 1294 1306 1304
f 1305 1317 1306
f 1307 1320 1308
f 1309 1307 1295
f 1310 1309 1297
f 1311 1310 1298
f 1312 1311 1299
f 1313 1312 1300
f 1302 1314 1313
f 1303 1315 1314
f 1304 1316 1315
f 1306 1318 1316
f 1317 1329 1318
f 1319 1332 1320
f 1321 1319 1307
f 1322 1321 1309
f 1323 1322 1310
f 1324 1323 1311
f 1325 1324 1312
f 1314 1326 1325
f 1315 1327 1326
f 1316 1328 1327
f 1318 1330 1328
f 1329 1341 1330
f 1331 1344 1332
f 1333 1331 1319
f 1334 1333 1321
f 1335 1334 1322
f 1336 1335 1323
f 1337 1336 1324
f 1326 1338 1337
f 1327 1339 1338
f 1328 1340 1339
f 1330 1342 1340
f 1341 1353 1342
f 1343 1356 1344
f 1345 1343 1331
f 1346 1345 1333
f 1347 1346 1334
f 1348 1347 1335
f 1349 1348 1336
f 1338 1350 1349
f 1339 1351 1350
f 1340 1352 1351
f 1342 1354 1352
f 1353 1367 1354
f 1343 1357 1355
f 1345 1358 1357
f 1346 1359 1358
f 1347 1360 1359
f 1348 1372 1360
f 1361 1372 1348
f 1362 1361 1349
f 1363 1362 1350
f 1364 1363 1351
f 1365 1364 1352
f 1366 1365 1354
f 1357 1369 1368
f 1358 1370 1369
f 1359 1371 1370
f 1360 1373 1371
f 1372 1384 1373
f 1374 1384 1372
f 1375 1374 1361
f 1376 1375 1362
f 1377 1376 1363
f 1378 1377 1364
f 1379 1378 1365
f 1369 1381 1380
f 1370 1382 1381
f 1371 1383 1382
f 1373 1385 1383
f 1384 1396 1385
f 1386 1396 1384
f 1387 1386 1374
f 1388 1387 1375
f 1389 1388 1376
f 1390 1389 1377
f 1391 1390 1378
f 1381 1393 1392
f 1382 1394 1393
f 1383 1395 1394
f 1385 1397 1395
f 1396 1408 1397
f 1398 1408 1396
f 1399 1398 1386
f 1400 1399 1387
f 1401 1400 1388
f 1402 1401 1389
f 1403 1402 1390
f 1393 1405 1404
f 1394 1406 1405
f 1395 1407 1406
f 1397 1409 1407
f 1408 1420 1409
f 1410 1420 1408
f 1411 1410 1398
f 1412 1411 1399
f 1413 1412 1400
f 1414 1413 1401
f 1415 1414 1402
f 1405 1417 1416
f 1406 1418 1417
f 1407 1419 1418
f 1409 1421 1419
f 1420 1432 1421
f 1422 1432 1420
f 1423 1422 1410
f 1424 1423 1411
f 1425 1424 1412
f 1426 1425 1413
f 1427 1426 1414
f 1417 1429 1428
f 1418 1430 1429
f 1419 1431 1430
f 1421 1433 1431
f 1432 1444 1433
f 1434 1444 1432
f 1435 1434 1422
f 1436 1435 1423
f 1437 1436 1424
f 1438 1437 1425
f 1439 1438 1426
f 1429 1441 1440
f 1430 1442 1441
f 1431 1443 1442
f 1433 1445 1443
f 1444 1456 1445
f 1446 1456 1444
f 1447 1446 1434
f 1448 1447 1435
f 1449 1448 1436
f 1450 1449 1437
f 1451 1450 1438
f 1441 1453 1452
f 1442 1454 1453
f 1443 1455 1454
f 1445 1457 1455
f 1456 1469 1457
f 1458 1469 1456
f 1459 1458 1446
f 1460 1459 1447
f 1461 1460 1448
f 1462 1461 1449
f 1463 1462 1450
f 1464 1476 1452
f 1465 1464 1453
f 1466 1465 1454
f 1467 1466 1455
f 1468 1467 1457
f 1470 1468 1469
f 1459 1471 1470
f 1460 1472 1471
f 1461 1473 1472
f 1462 1474 1473
f 1463 1485 1474
f 1475 1488 1476
f 1477 1475 1464
f 1478 1477 1465
f 1479 1478 1466
f 1480 1479 1467
f 1481 1480 1468
f 1471 1482 1481
f 1472 1483 1482
f 1473 1484 1483
f 1474 1486 1484
f 1485 1499 1486
f 1475 1489 1487
f 1477 1490 1489
f 1478 1491 1490
f 1479 1492 1491
f 1480 1504 1492
f 1493 1504 1480
f 1494 1493 1481
f 1495 1494 1482
f 1496 1495 1483
f 1497 1496 1484
f 1498 1497 1486
f 1489 1501 1500
f 1490 1502 1501
f 1491 1503 1502
f 1492 1505 1503
f 1504 1516 1505
f 1506 1516 1504
f 1507 1506 1493
f 1508 1507 1494
f 1509 1508 1495
f 1510 1509 1496
f 1511 1510 1497
f 1501 1513 1512
f 1502 1514 1513
f 1503 1515 1514
f 1505 1517 1515
f 1516 1529 1517
f 1518 1529 1516
f 1519 1518 1506
f 1520 1519 1507
f 1521 1520 1508
f 1522 1521 1509
f 1523 1522 1510
f 1524 1536 1512
f 1525 1524 1513
f 1526 1525 1514
f 1527 1526 1515
f 1528 1527 1517
f 1530 1528 1529
f 1519 1531 1530
f 1520 1532 1531
f 1521 1533 1532
f 1522 1534 1533
f 1523 1545 1534
f 1535 1548 1536
f 1537 1535 1524
f 1538 1537 1525
f 1539 1538 1526
f 1540 1539 1527
f 1541 1540 1528
f 1531 1542 1541
f 1532 1543 1542
f 1533 1544 1543
f 1534 1546 1544
f 1545 1557 1546
f 1547 1560 1548
f 1549 1547 1535
f 1550 1549 1537
f 1551 1550 1538
f 1552 1551 1539
f 1553 1552 1540
f 1542 1554 1553
f 1543 1555 1554
f 1544 1556 1555
f 1546 1558 1556
f 1557 1569 1558
f 1559 1572 1560
f 1561 1559 1547
f 1562 1561 1549
f 1563 1562 1550
f 1564 1563 1551
f 1565 1564 1552
f 1554 1566 1565
f 1555 1567 1566
f 1556 1568 1567
f 1558 1570 1568
f 1569 1581 1570
f 1571 1584 1572
f 1573 1571 1559
f 1574 1573 1561
f 1575 1574 1562
f 1576 1575 1563
f 1577 1576 1564
f 1566 1578 1577
f 1567 1579 1578
f 1568 1580 1579
f 1570 1582 1580
f 1581 1593 1582
f 1583 1596 1584
f 1585 1583 1571
f 1586 1585 1573
f 1587 1586 1574
f 1588 1587 1575
f 1589 1588 1576
f 1578 1590 1589
f 1579 1591 1590
f 1580 1592 1591
f 1582 1594 1592
f 1593 1605 1594
f 1595 1608 1596
f 1597 1595 1583
f 1598 1597 1585
f 1599 1598 1586
f 1600 1599 1587
f 1601 1600 1588
f 1590 1602 1601
f 1591 1603 1602
f 1592 1604 1603
f 1594 1606 1604
f 1605 1617 1606
f 1607 1620 1608
f 1609 1607 1595
f 1610 1609 1597
f 1611 1610 1598
f 1612 1611 1599
f 1613 1612 1600
f 1602 1614 1613
f 1603 1615 1614
f 1604 1616 1615
f 1606 1618 1616
f 1617 1629 1618
f 1619 1632 1620
f 1621 1619 1607
f 1622 1621 1609
f 1623 1622 1610
f 1624 1623 1611
f 1625 1624 1612
f 1614 1626 1625
f 1615 1627 1626
f 1616 1628 1627
f 1618 1630 1628
f 1629 1643 1630
f 1619 1633 1631
f 1621 1634 1633
f 1622 1635 1634
f 1623 1636 1635
f 1624 1648 1636
f 1637 1648 1624
f 1638 1637 1625
f 1639 1638 1626
f 1640 1639 1627
f 1641 1640 1628
f 1642 1641 1630
f 1633 1645 1644
f 1634 1646 1645
f 1635 1647 1646
f 1636 1649 1647
f 1648 1650 1649
f 1637 1662 1650
f 1651 1662 1637
f 1652 1651 1638
f 1653 1652 1639
f 1654 1653 1640
f 1655 1654 1641
f 1656 1668 1644
f 1657 1656 1645
f 1658 1657 1646
f 1659 1658 1647
f 1660 1659 1649
f 1661 1660 1650
f 1651 1663 1661
f 1652 1664 1663
f 1653 1665 1664
f 1654 1666 1665
f 1655 1677 1666
f 1667 1680 1668
f 1669 1667 1656
f 1670 1669 1657
f 1671 1670 1658
f 1672 1671 1659
f 1673 1672 1660
f 1663 1674 1673
f 1664 1675 1674
f 1665 1676 1675
f 1666 1678 1676
f 1677 1689 1678
f 1679 1692 1680
f 1681 1679 1667
f 1682 1681 1669
f 1683 1682 1670
f 1684 1683 1671
f 1685 1684 1672
f 1674 1686 1685
f 1675 1687 1686
f 1676 1688 1687
f 1678 1690 1688
f 1689 1701 1690
f 1691 1704 1692
f 1693 1691 1679
f 1694 1693 1681
f 1695 1694 1682
f 1696 1695 1683
f 1697 1696 1684
f 1686 1698 1697
f 1687 1699 1698
f 1688 1700 1699
f 1690 1702 1700
f 1701 1713 1702
f 1703 1716 1704
f 1705 1703 1691
f 1706 1705 1693
f 1707 1706 1694
f 1708 1707 1695
f 1709 1708 1696
f 1698 1710 1709
f 1699 1711 1710
f 1700 1712 1711
f 1702 1714 1712
f 1713 1725 1714
f 1715 1728 1716
f 1717 1715 1703
f 1718 1717 1705
f 1719 1718 1706
f 1720 1719 1707
f 1721 1720 1708
f 1710 1722 1721
f 1711 1723 1722
f 1712 1724 1723
f 1714 1726 1724
f 1725 1737 1726
f 1727 1740 1728
f 1729 1727 1715
f 1730 1729 1717
f 1731 1730 1718
f 1732 1731 1719
f 1733 1732 1720
f 1722 1734 1733
f 1723 1735 1734
f 1724 1736 1735
f 1726 1738 1736
f 1737 1749 1738
f 1739 1752 1740
f 1741 1739 1727
f 1742 1741 1729
f 1743 1742 1730
f 1744 1743 1731
f 1733 1745 1744
f 1734 1746 1745
f 1735 1747 1746
f 1736 1748 1747
f 1738 1750 1748
f 1749 1761 1750
f 1751 1764 1752
f 1753 1751 1739
f 1754 1753 1741
f 1755 1754 1742
f 1756 1755 1743
f 1757 1756 1744
f 1746 1758 1757
f 1747 1759 1758
f 1748 1760 1759
f 1750 1762 1760
f 1761 1773 1762
f 1763 1776 1764
f 1765 1763 1751
f 1766 1765 1753
f 1767 1766 1754
f 1768 1767 1755
f 1769 1768 1756
f 1758 1770 1769
f 1759 1771 1770
f 1760 1772 1771
f 1762 1774 1772
f 1773 1785 1774
f 1775 1788 1776
f 1777 1775 1763
f 1778 1777 1765
f 1779 1778 1766
f 1780 1779 1767
f 1781 1780 1768
f 1770 1782 1781
f 1771 1783 1782
f 1772 1784 1783
f 1774 1786 1784
f 1785 1799 1786
f 1775 1789 1787
f 1777 1790 1789
f 1778 1791 1790
f 1779 1792 1791
f 1780 1804 1792
f 1793 1804 1780
f 1794 1793 1781
f 1795 1794 1782
f 1796 1795 1783
f 1797 1796 1784
f 1798 1797 1786
f 1789 1801 1800
f 1790 1802 1801
f 1791 1803 1802
f 1792 1805 1803
f 1804 1816 1805
f 1806 1816 1804
f 1807 1806 1793
f 1808 1807 1794
f 1809 1808 1795
f 1810 1809 1796
f 1811 1810 1797
f 1801 1813 1812
f 1802 1814 1813
f 1803 1815 1814
f 1805 1817 1815
f 1816 1828 1817
f 1818 1828 1816
f 1819 1818 1806
f 1820 1819 1807
f 1821 1820 1808
f 1822 1821 1809
f 1823 1822 1810
f 1813 1825 1824
f 1814 1826 1825
f 1815 1827 1826
f 1817 1829 1827
f 1828 1840 1829
f 1830 1840 1828
f 1831 1830 1818
f 1832 1831 1819
f 1833 1832 1820
f 1834 1833 1821
f 1835 1834 1822
f 1825 1837 1836
f 1826 1838 1837
f 1827 1839 1838
f 1829 1841 1839
f 1840 1852 1841
f 1842 1852 1840
f 1843 1842 1830
f 1844 1843 1831
f 1845 1844 1832
f 1846 1845 1833
f 1847 1846 1834
f 1837 1849 1848
f 1838 1850 1849
f 1839 1851 1850
f 1841 1853 1851
f 1852 1864 1853
f 1854 1864 1852
f 1855 1854 1842
f 1856 1855 1843
f 1857 1856 1844
f 1858 1857 1845
f 1859 1858 1846
f 1849 1861 1860
f 1850 1862 1861
f 1851 1863 1862
f 1853 1865 1863
f 1864 1876 1865
f 1866 1876 1864
f 1867 1866 1854
f 1868 1867 1855
f 1869 1868 1856
f 1870 1869 1857
f 1871 1870 1858
f 1861 1873 1872
f 1862 1874 1873
f 1863 1875 1874
f 1865 1877 1875
f 1876 1878 1877
f 1866 1890 1878
f 1879 1890 1866
f 1880 1879 1867
f 1881 1880 1868
f 1882 1881 1869
f 1883 1882 1870
f 1873 1885 1884
f 1874 1886 1885
f 1875 1887 1886
f 1877 1888 1887
f 1878 1900 1888
f 1889 1900 1878
f 1891 1889 1890
f 1892 1891 1879
f 1893 1892 1880
f 1894 1893 1881
f 1895 1894 1882
f 1885 1897 1896
f 1886 1898 1897
f 1887 1899 1898
f 1888 1901 1899
f 1900 1912 1901
f 1902 1912 1900
f 1903 1902 1889
f 1904 1903 1891
f 1905 1904 1892
f 1906 1905 1893
f 1907 1906 1894
f 1897 1909 1908
f 1898 1910 1909
f 1899 1911 1910
f 1901 1913 1911
f 1912 1925 1913
f 1914 1925 1912
f 1915 1914 1902
f 1916 1915 1903
f 1917 1916 1904
f 1918 1917 1905
f 1919 1918 1906
f 1920 1932 1908
f 1921 1920 1909
f 1922 1921 1910
f 1923 1922 1911
f 1924 1923 1913
f 1914 1926 1924
f 1915 1927 1926
f 1916 1928 1927
f 1917 1929 1928
f 1918 1930 1929
f 1919 1941 1930
f 1931 1944 1932
f 1933 1931 1920
f 1934 1933 1921
f 1935 1934 1922
f 1936 1935 1923
f 1937 1936 1924
f 1927 1938 1937
f 1928 1939 1938
f 1929 1940 1939
f 1930 1942 1940
f 1941 1955 1942
f 1931 1945 1943
f 1933 1946 1945
f 1934 1947 1946
f 1935 1948 1947
f 1936 1960 1948
f 1949 1960 1936
f 1950 1949 1937
f 1951 1950 1938
f 1952 1951 1939
f 1953 1952 1940
f 1954 1953 1942
f 1945 1957 1956
f 1946 1958 1957
f 1947 1959 1958
f 1948 1961 1959
f 1960 1972 1961
f 1962 1972 1960
f 1963 1962 1949
f 1964 1963 1950
f 1965 1964 1951
f 1966 1965 1952
f 1967 1966 1953
f 1957 1969 1968
f 1958 1970 1969
f 1959 1971 1970
f 1961 1973 1971
f 1972 1984 1973
f 1974 1984 1972
f 1975 1974 1962
f 1976 1975 1963
f 1977 1976 1964
f 1978 1977 1965
f 1979 1978 1966
f 1969 1981 1980
f 1970 1982 1981
f 1971 1983 1982
f 1973 1985 1983
f 1984 1996 1985
f 1986 1996 1984
f 1987 1986 1974
f 1988 1987 1975
f 1989 1988 1976
f 1990 1989 1977
f 1991 1990 1978
f 1981 1993 1992
f 1982 1994 1993
f 1983 1995 1994
f 1985 1997 1995
f 1996 2008 1997
f 1998 2008 1996
f 1999 1998 1986
f 2000 1999 1987
f 2001 2000 1988
f 2002 2001 1989
f 2003 2002 1990
f 1993 2005 2004
f 1994 2006 2005
f 1995 2007 2006
f 1997 2009 2007
f 2008 2020 2009
f 2010 2020 2008
f 2011 2010 1998
f 2012 2011 1999
f 2013 2012 2000
f 2014 2013 2001
f 2015 2014 2002
f 2005 2017 2016
f 2006 2018 2017
f 2007 2019 2018
f 2009 2021 2019
f 2020 2032 2021
f 2022 2032 2020
f 2023 2022 2010
f 2024 2023 2011
f 2025 2024 2012
f 2026 2025 2013
f 2027 2026 2014
f 2017 2029 2028
f 2018 2030 2029
f 2019 2031 2030
f 2021 2033 2031
f 2032 2044 2033
f 2034 2044 2032
f 2035 2034 2022
f 2036 2035 2023
f 2037 2036 2024
f 2038 2037 2025
f 2039 2038 2026
f 2029 2041 2040
f 2030 2042 2041
f 2031 2043 2042
f 2033 2045 2043
f 2044 2057 2045
f 2046 2057 2044
f 2047 2046 2034
f 2048 2047 2035
f 2049 2048 2036
f 2050 2049 2037
f 2051 2050 2038
f 2052 2064 2040
f 2053 2052 2041
f 2054 2053 2042
f 2055 2054 2043
f 2056 2055 2045
f 2058 2056 2057
f 2047 2059 2058
f 2048 2060 2059
f 2049 2061 2060
f 2050 2062 2061
f 2051 2073 2062
f 2063 2076 2064
f 2065 2063 2052
f 2066 2065 2053
f 2067 2066 2054
f 2068 2067 2055
f 2069 2068 2056
f 2059 2070 2069
f 2060 2071 2070
f 2061 2072 2071
f 2062 2074 2072
f 2073 2085 2074
f 2075 2088 2076
f 2077 2075 2063
f 2078 2077 2065
f 2079 2078 2066
f 2080 2079 2067
f 2081 2080 2068
f 2070 2082 2081
f 2071 2083 2082
f 2072 2084 2083
f 2074 2086 2084
f 2085 2099 2086
f 2075 2089 2087
f 2077 2090 2089
f 2078 2091 2090
f 2079 2092 2091
f 2080 2104 2092
f 2093 2104 2080
f 2094 2093 2081
f 2095 2094 2082
f 2096 2095 2083
f 2097 2096 2084
f 2098 2097 2086
f 2089 2101 2100
f 2090 2102 2101
f 2091 2103 2102
f 2092 2105 2103
f 2104 2116 2105
f 2106 2116 2104
f 2107 2106 2093
f 2108 2107 2094
f 2109 2108 2095
f 2110 2109 2096
f 2111 2110 2097
f 2112 2123 2100
f 2113 2112 2101
f 2114 2113 2102
f 2115 2114 2103
f 2116 2128 2115
f 2117 2128 2116
f 2118 2117 2106
f 2108 2119 2118
f 2109 2120 2119
f 2110 2121 2120
f 2111 2133 2121
f 2122 2136 2123
f 2124 2122 2112
f 2125 2124 2113
f 2126 2125 2114
f 2127 2126 2115
f 2129 2127 2128
f 2118 2130 2129
f 2119 2131 2130
f 2120 2132 2131
f 2121 2134 2132
f 2133 2145 2134
f 2135 2148 2136
f 2137 2135 2122
f 2138 2137 2124
f 2139 2138 2125
f 2140 2139 2126
f 2141 2140 2127
f 2130 2142 2141
f 2131 2143 2142
f 2132 2144 2143
f 2134 2146 2144
f 2145 2157 2146
f 2147 2160 2148
f 2149 2147 2135
f 2150 2149 2137
f 2151 2150 2138
f 2152 2151 2139
f 2153 2152 2140
f 2142 2154 2153
f 2143 2155 2154
f 2144 2156 2155
f 2146 2158 2156
f 2157 2169 2158
f 2159 2172 2160
f 2161 2159 2147
f 2162 2161 2149
f 2163 2162 2150
f 2164 2163 2151
f 2165 2164 2152
f 2154 2166 2165
f 2155 2167 2166
f 2156 2168 2167
f 2158 2170 2168
f 2169 2181 2170
f 2171 2184 2172
f 2173 2171 2159
f 2174 2173 2161
f 2175 2174 2162
f 2176 2175 2163
f 2177 2176 2164
f 2166 2178 2177
f 2167 2179 2178
f 2168 2180 2179
f 2170 2182 2180
f 2181 2193 2182
f 2183 2196 2184
f 2185 2183 2171
f 2186 2185 2173
f 2187 2186 2174
f 2188 2187 2175
f 2189 2188 2176
f 2178 2190 2189
f 2179 2191 2190
f 2180 2192 2191
f 2182 2194 2192
f 2193 2205 2194
f 2195 2207 2196
f 2197 2195 2183
f 2198 2197 2185
f 2199 2198 2186
f 2200 2199 2187
f 2201 2200 2188
f 2190 2202 2201
f 2191 2203 2202
f 2192 2204 2203
f 2194 2206 2204
f 2205 2208 2206
f 481 483 2207
f 484 481 2195
f 486 484 2197
f 488 486 2198
f 490 488 2199
f 493 490 2200
f 2202 495 493
f 2203 497 495
f 2204 499 497
f 2206 501 499
f 2208 503 501
f 2209 2232 2210
f 2212 2209 2211
f 2214 2212 2213
f 2216 2214 2215
f 2218 2216 2217
f 2220 2218 2219
f 2222 2224 2220
f 2223 2226 2224
f 2225 2228 2226
f 2227 2230 2228
f 2229 2241 2230
f 2231 2244 2232
f 2233 2231 2209
f 2234 2233 2212
f 2235 2234 2214
f 2236 2235 2216
f 2237 2236 2218
f 2224 2238 2237
f 2226 2239 2238
f 2228 2240 2239
f 2230 2242 2240
f 2241 2253 2242
f 2243 2256 2244
f 2245 2243 2231
f 2246 2245 2233
f 2247 2246 2234
f 2248 2247 2235
f 2249 2248 2236
f 2238 2250 2249
f 2239 2251 2250
f 2240 2252 2251
f 2242 2254 2252
f 2253 2265 2254
f 2255 2268 2256
f 2257 2255 2243
f 2258 2257 2245
f 2259 2258 2246
f 2260 2259 2247
f 2261 2260 2248
f 2250 2262 2261
f 2251 2263 2262
f 2252 2264 2263
f 2254 2266 2264
f 2265 2277 2266
f 2267 2280 2268
f 2269 2267 2255
f 2270 2269 2257
f 2271 2270 2258
f 2272 2271 2259
f 2273 2272 2260
f 2262 2274 2273
f 2263 2275 2274
f 2264 2276 2275
f 2266 2278 2276
f 2277 2289 2278
f 2279 2292 2280
f 2281 2279 2267
f 2282 2281 2269
f 2283 2282 2270
f 2284 2283 2271
f 2285 2284 2272
f 2274 2286 2285
f 2275 2287 2286
f 2276 2288 2287
f 2278 2290 2288
f 2289 2303 2290
f 2279 2293 2291
f 2281 2294 2293
f 2282 2295 2294
f 2283 2296 2295
f 2284 2308 2296
f 2297 2308 2284
f 2298 2297 2285
f 2299 2298 2286
f 2300 2299 2287
f 2301 2300 2288
f 2302 2301 2290
f 2293 2305 2304
f 2294 2306 2305
f 2295 2307 2306
f 2296 2309 2307
f 2308 2320 2309
f 2310 2320 2308
f 2311 2310 2297
f 2312 2311 2298
f 2313 2312 2299
f 2314 2313 2300
f 2315 2314 2301
f 2305 2317 2316
f 2306 2318 2317
f 2307 2319 2318
f 2309 2321 2319
f 2320 2332 2321
f 2322 2332 2320
f 2323 2322 2310
f 2324 2323 2311
f 2325 2324 2312
f 2326 2325 2313
f 2327 2326 2314
f 2317 2329 2328
f 2318 2330 2329
f 2319 2331 2330
f 2321 2333 2331
f 2332 2344 2333
f 2334 2344 2332
f 2335 2334 2322
f 2336 2335 2323
f 2337 2336 2324
f 2338 2337 2325
f 2339 2338 2326
f 2329 2341 2340
f 2330 2342 2341
f 2331 2343 2342
f 2333 2345 2343
f 2344 2357 2345
f 2346 2357 2344
f 2347 2346 2334
f 2348 2347 2335
f 2349 2348 2336
f 2350 2349 2337
f 2351 2350 2338
f 2352 2364 2340
f 2353 2352 2341
f 2354 2353 2342
f 2355 2354 2343
f 2356 2355 2345
f 2358 2356 2357
f 2347 2359 2358
f 2348 2360 2359
f 2349 2361 2360
f 2350 2362 2361
f 2351 2373 2362
f 2363 2376 2364
f 2365 2363 2352
f 2366 2365 2353
f 2367 2366 2354
f 2368 2367 2355
f 2369 2368 2356
f 2359 2370 2369
f 2360 2371 2370
f 2361 2372 2371
f 2362 2374 2372
f 2373 2387 2374
f 2363 2377 2375
f 2365 2378 2377
f 2366 2379 2378
f 2367 2380 2379
f 2368 2392 2380
f 2381 2392 2368
f 2382 2381 2369
f 2383 2382 2370
f 2384 2383 2371
f 2385 2384 2372
f 2386 2385 2374
f 2377 2389 2388
f 2378 2390 2389
f 2379 2391 2390
f 2380 2393 2391
f 2392 2404 2393
f 2394 2404 2392
f 2395 2394 2381
f 2396 2395 2382
f 2397 2396 2383
f 2398 2397 2384
f 2399 2398 2385
f 2389 2401 2400
f 2390 2402 2401
f 2391 2403 2402
f 2393 2405 2403
f 2404 2416 2405
f 2406 2416 2404
f 2407 2406 2394
f 2408 2407 2395
f 2409 2408 2396
f 2410 2409 2397
f 2411 2410 2398
f 2401 2413 2412
f 2402 2414 2413
f 2403 2415 2414
f 2405 2417 2415
f 2416 2428 2417
f 2418 2428 2416
f 2419 2418 2406
f 2420 2419 2407
f 2421 2420 2408
f 2422 2421 2409
f 2423 2422 2410
f 2413 2425 2424
f 2414 2426 2425
f 2415 2427 2426
f 2417 2429 2427
f 2428 2440 2429
f 2430 2440 2428
f 2431 2430 2418
f 2432 2431 2419
f 2433 2432 2420
f 2434 2433 2421
f 2435 2434 2422
f 2425 2437 2436
f 2426 2438 2437
f 2427 2439 2438
f 2429 2441 2439
f 2440 2452 2441
f 2442 2452 2440
f 2443 2442 2430
f 2444 2443 2431
f 2445 2444 2432
f 2446 2445 2433
f 2447 2446 2434
f 2437 2449 2448
f 2438 2450 2449
f 2439 2451 2450
f 2441 2453 2451
f 2452 2464 2453
f 2454 2464 2452
f 2455 2454 2442
f 2456 2455 2443
f 2457 2456 2444
f 2458 2457 2445
f 2459 2458 2446
f 2449 2461 2460
f 2450 2462 2461
f 2451 2463 2462
f 2453 2465 2463
f 2464 2476 2465
f 2466 2476 2464
f 2467 2466 2454
f 2468 2467 2455
f 2469 2468 2456
f 2470 2469 2457
f 2471 2470 2458
f 2461 2473 2472
f 2462 2474 2473
f 2463 2475 2474
f 2465 2477 2475
f 2476 2488 2477
f 2478 2488 2476
f 2479 2478 2466
f 2480 2479 2467
f 2481 2480 2468
f 2482 2481 2469
f 2483 2482 2470
f 2473 2485 2484
f 2474 2486 2485
f 2475 2487 2486
f 2477 2489 2487
f 2488 2500 2489
f 2490 2500 2488
f 2491 2490 2478
f 2492 2491 2479
f 2493 2492 2480
f 2494 2493 2481
f 2495 2494 2482
f 2485 2497 2496
f 2486 2498 2497
f 2487 2499 2498
f 2489 2501 2499
f 2500 2502 2501
f 2490 2513 2502
f 2503 2513 2490
f 2504 2503 2491
f 2505 2504 2492
f 2506 2505 2493
f 2507 2506 2494
f 2508 2520 2496
f 2509 2508 2497
f 2510 2509 2498
f 2511 2510 2499
f 2512 2511 2501
f 2513 2514 2512
f 2503 2515 2514
f 2504 2516 2515
f 2505 2517 2516
f 2506 2518 2517
f 2507 2529 2518
f 2519 2532 2520
f 2521 2519 2508
f 2522 2521 2509
f 2523 2522 2510
f 2524 2523 2511
f 2525 2524 2512
f 2515 2526 2525
f 2516 2527 2526
f 2517 2528 2527
f 2518 2530 2528
f 2529 2541 2530
f 2531 2544 2532
f 2533 2531 2519
f 2534 2533 2521
f 2535 2534 2522
f 2536 2535 2523
f 2537 2536 2524
f 2526 2538 2537
f 2527 2539 2538
f 2528 2540 2539
f 2530 2542 2540
f 2541 2553 2542
f 2543 2556 2544
f 2545 2543 2531
f 2546 2545 2533
f 2547 2546 2534
f 2548 2547 2535
f 2549 2548 2536
f 2538 2550 2549
f 2539 2551 2550
f 2540 2552 2551
f 2542 2554 2552
f 2553 2565 2554
f 2555 2568 2556
f 2557 2555 2543
f 2558 2557 2545
f 2559 2558 2546
f 2560 2559 2547
f 2561 2560 2548
f 2550 2562 2561
f 2551 2563 2562
f 2552 2564 2563
f 2554 2566 2564
f 2565 2577 2566
f 2567 2580 2568
f 2569 2567 2555
f 2570 2569 2557
f 2571 2570 2558
f 2572 2571 2559
f 2573 2572 2560
f 2562 2574 2573
f 2563 2575 2574
f 2564 2576 2575
f 2566 2578 2576
f 2577 2589 2578
f 2579 2592 2580
f 2581 2579 2567
f 2582 2581 2569
f 2583 2582 2570
f 2584 2583 2571
f 2585 2584 2572
f 2574 2586 2585
f 2575 2587 2586
f 2576 2588 2587
f 2578 2590 2588
f 2589 2601 2590
f 2591 2604 2592
f 2593 2591 2579
f 2594 2593 2581
f 2595 2594 2582
f 2596 2595 2583
f 2597 2596 2584
f 2586 2598 2597
f 2587 2599 2598
f 2588 2600 2599
f 2590 2602 2600
f 2601 2613 2602
f 2603 2616 2604
f 2605 2603 2591
f 2606 2605 2593
f 2607 2606 2594
f 2608 2607 2595
f 2597 2609 2608
f 2598 2610 2609
f 2599 2611 2610
f 2600 2612 2611
f 2602 2614 2612
f 2613 2625 2614
f 2615 2628 2616
f 2617 2615 2603
f 2618 2617 2605
f 2619 2618 2606
f 2620 2619 2607
f 2621 2620 2608
f 2610 2622 2621
f 2611 2623 2622
f 2612 2624 2623
f 2614 2626 2624
f 2625 2637 2626
f 2627 2640 2628
f 2629 2627 2615
f 2630 2629 2617
f 2631 2630 2618
f 2632 2631 2619
f 2633 2632 2620
f 2622 2634 2633
f 2623 2635 2634
f 2624 2636 2635
f 2626 2638 2636
f 2637 2651 2638
f 2627 2641 2639
f 2629 2642 2641
f 2630 2643 2642
f 2631 2644 2643
f 2632 2656 2644
f 2645 2656 2632
f 2646 2645 2633
f 2647 2646 2634
f 2648 2647 2635
f 2649 2648 2636
f 2650 2649 2638
f 2641 2653 2652
f 2642 2654 2653
f 2643 2655 2654
f 2644 2657 2655
f 2656 2669 2657
f 2658 2669 2656
f 2659 2658 2645
f 2660 2659 2646
f 2661 2660 2647
f 2662 2661 2648
f 2663 2662 2649
f 2664 2676 2652
f 2665 2664 2653
f 2666 2665 2654
f 2667 2666 2655
f 2668 2667 2657
f 2670 2668 2669
f 2659 2671 2670
f 2660 2672 2671
f 2661 2673 2672
f 2662 2674 2673
f 2663 2685 2674
f 2675 2688 2676
f 2677 2675 2664
f 2678 2677 2665
f 2679 2678 2666
f 2680 2679 2667
f 2681 2680 2668
f 2671 2682 2681
f 2672 2683 2682
f 2673 2684 2683
f 2674 2686 2684
f 2685 2697 2686
f 2687 2700 2688
f 2689 2687 2675
f 2690 2689 2677
f 2691 2690 2678
f 2692 2691 2679
f 2693 2692 2680
f 2682 2694 2693
f 2683 2695 2694
f 2684 2696 2695
f 2686 2698 2696
f 2697 2709 2698
f 2699 2712 2700
f 2701 2699 2687
f 2702 2701 2689
f 2703 2702 2690
f 2704 2703 2691
f 2705 2704 2692
f 2694 2706 2705
f 2695 2707 2706
f 2696 2708 2707
f 2698 2710 2708
f 2709 2721 2710
f 2711 2724 2712
f 2713 2711 2699
f 2714 2713 2701
f 2715 2714 2702
f 2716 2715 2703
f 2717 2716 2704
f 2706 2718 2717
f 2707 2719 2718
f 2708 2720 2719
f 2710 2722 2720
f 2721 2735 2722
f 2711 2725 2723
f 2713 2726 2725
f 2714 2727 2726
f 2715 2728 2727
f 2716 2740 2728
f 2729 2740 2716
f 2730 2729 2717
f 2731 2730 2718
f 2732 2731 2719
f 2733 2732 2720
f 2734 2733 2722
f 2725 2737 2736
f 2726 2738 2737
f 2727 2739 2738
f 2728 2741 2739
f 2740 2752 2741
f 2742 2752 2740
f 2743 2742 2729
f 2744 2743 2730
f 2745 2744 2731
f 2746 2745 2732
f 2747 2746 2733
f 2737 2749 2748
f 2738 2750 2749
f 2739 2751 2750
f 2741 2753 2751
f 2752 2764 2753
f 2754 2764 2752
f 2755 2754 2742
f 2756 2755 2743
f 2757 2756 2744
f 2758 2757 2745
f 2759 2758 2746
f 2749 2761 2760
f 2750 2762 2761
f 2751 2763 2762
f 2753 2765 2763
f 2764 2776 2765
f 2766 2776 2764
f 2767 2766 2754
f 2768 2767 2755
f 2769 2768 2756
f 2770 2769 2757
f 2771 2770 2758
f 2761 2773 2772
f 2762 2774 2773
f 2763 2775 2774
f 2765 2777 2775
f 2776 2788 2777
f 2778 2788 2776
f 2779 2778 2766
f 2780 2779 2767
f 2781 2780 2768
f 2782 2781 2769
f 2783 2782 2770
f 2773 2785 2784
f 2774 2786 2785
f 2775 2787 2786
f 2777 2789 2787
f 2788 2801 2789
f 2790 2801 2788
f 2791 2790 2778
f 2792 2791 2779
f 2793 2792 2780
f 2794 2793 2781
f 2795 2794 2782
f 2796 2808 2784
f 2797 2796 2785
f 2798 2797 2786
f 2799 2798 2787
f 2800 2799 2789
f 2802 2800 2801
f 2791 2803 2802
f 2792 2804 2803
f 2793 2805 2804
f 2794 2806 2805
f 2795 2817 2806
f 2807 2820 2808
f 2809 2807 2796
f 2810 2809 2797
f 2811 2810 2798
f 2812 2811 2799
f 2813 2812 2800
f 2803 2814 2813
f 2804 2815 2814
f 2805 2816 2815
f 2806 2818 2816
f 2817 2829 2818
f 2819 2832 2820
f 2821 2819 2807
f 2822 2821 2809
f 2823 2822 2810
f 2824 2823 2811
f 2825 2824 2812
f 2814 2826 2825
f 2815 2827 2826
f 2816 2828 2827
f 2818 2830 2828
f 2829 2841 2830
f 2831 2844 2832
f 2833 2831 2819
f 2834 2833 2821
f 2835 2834 2822
f 2836 2835 2823
f 2837 2836 2824
f 2826 2838 2837
f 2827 2839 2838
f 2828 2840 2839
f 2830 2842 2840
f 2841 2853 2842
f 2843 2856 2844
f 2845 2843 2831
f 2846 2845 2833
f 2847 2846 2834
f 2848 2847 2835
f 2849 2848 2836
f 2838 2850 2849
f 2839 2851 2850
f 2840 2852 2851
f 2842 2854 2852
f 2853 2867 2854
f 2843 2857 2855
f 2845 2858 2857
f 2846 2859 2858
f 2847 2860 2859
f 2848 2872 2860
f 2861 2872 2848
f 2862 2861 2849
f 2863 2862 2850
f 2864 2863 2851
f 2865 2864 2852
f 2866 2865 2854
f 2857 2869 2868
f 2858 2870 2869
f 2859 2871 2870
f 2860 2873 2871
f 2872 2884 2873
f 2874 2884 2872
f 2875 2874 2861
f 2876 2875 2862
f 2877 2876 2863
f 2878 2877 2864
f 2879 2878 2865
f 2869 2881 2880
f 2870 2882 2881
f 2871 2883 2882
f 2873 2885 2883
f 2884 2896 2885
f 2886 2896 2884
f 2887 2886 2874
f 2888 2887 2875
f 2889 2888 2876
f 2890 2889 2877
f 2891 2890 2878
f 2881 2893 2892
f 2882 2894 2893
f 2883 2895 2894
f 2885 2897 2895
f 2896 2908 2897
f 2898 2908 2896
f 2899 2898 2886
f 2900 2899 2887
f 2901 2900 2888
f 2902 2901 2889
f 2903 2902 2890
f 2893 2905 2904
f 2894 2906 2905
f 2895 2907 2906
f 2897 2909 2907
f 2908 2920 2909
f 2910 2920 2908
f 2911 2910 2898
f 2912 2911 2899
f 2913 2912 2900
f 2914 2913 2901
f 2915 2914 2902
f 2905 2917 2916
f 2906 2918 2917
f 2907 2919 2918
f 2909 2921 2919
f 2920 2933 2921
f 2922 2933 2920
f 2923 2922 2910
f 2924 2923 2911
f 2925 2924 2912
f 2926 2925 2913
f 2927 2926 2914
f 2928 2940 2916
f 2929 2928 2917
f 2930 2929 2918
f 2931 2930 2919
f 2932 2931 2921
f 2934 2932 2933
f 2923 2935 2934
f 2924 2936 2935
f 2925 2937 2936
f 2926 2938 2937
f 2927 2949 2938
f 2939 2952 2940
f 2941 2939 2928
f 2942 2941 2929
f 2943 2942 2930
f 2944 2943 2931
f 2945 2944 2932
f 2935 2946 2945
f 2936 2947 2946
f 2937 2948 2947
f 2938 2950 2948
f 2949 2963 2950
f 2939 2953 2951
f 2941 2954 2953
f 2942 2955 2954
f 2943 2956 2955
f 2944 2968 2956
f 2957 2968 2944
f 2958 2957 2945
f 2959 2958 2946
f 2960 2959 2947
f 2961 2960 2948
f 2962 2961 2950
f 2953 2965 2964
f 2954 2966 2965
f 2955 2967 2966
f 2956 2969 2967
f 2968 2980 2969
f 2970 2980 2968
f 2971 2970 2957
f 2972 2971 2958
f 2973 2972 2959
f 2974 2973 2960
f 2975 2974 2961
f 2965 2977 2976
f 2966 2978 2977
f 2967 2979 2978
f 2969 2981 2979
f 2980 2992 2981
f 2982 2992 2980
f 2983 2982 2970
f 2984 2983 2971
f 2985 2984 2972
f 2986 2985 2973
f 2987 2986 2974
f 2977 2989 2988
f 2978 2990 2989
f 2979 2991 2990
f 2981 2993 2991
f 2992 2994 2993
f 2982 3005 2994
f 2995 3005 2982
f 2996 2995 2983
f 2997 2996 2984
f 2998 2997 2985
f 2999 2998 2986
f 2989 3001 3000
f 2990 3002 3001
f 2991 3003 3002
f 2993 3004 3003
f 2994 3006 3004
f 3005 3018 3006
f 3007 3018 3005
f 3008 3007 2995
f 3009 3008 2996
f 3010 3009 2997
f 3011 3010 2998
f 3001 3013 3012
f 3002 3014 3013
f 3003 3015 3014
f 3004 3016 3015
f 3006 3028 3016
f 3017 3028 3006
f 3019 3017 3018
f 3020 3019 3007
f 3021 3020 3008
f 3022 3021 3009
f 3023 3022 3010
f 3013 3025 3024
f 3014 3026 3025
f 3015 3027 3026
f 3016 3029 3027
f 3028 3040 3029
f 3030 3040 3028
f 3031 3030 3017
f 3032 3031 3019
f 3033 3032 3020
f 3034 3033 3021
f 3035 3034 3022
f 3025 3037 3036
f 3026 3038 3037
f 3027 3039 3038
f 3029 3041 3039
f 3040 3042 3041
f 3030 3054 3042
f 3043 3054 3030
f 3044 3043 3031
f 3045 3044 3032
f 3046 3045 3033
f 3047 3046 3034
f 3037 3049 3048
f 3038 3050 3049
f 3039 3051 3050
f 3041 3052 3051
f 3042 3064 3052
f 3053 3064 3042
f 3055 3053 3054
f 3056 3055 3043
f 3057 3056 3044
f 3058 3057 3045
f 3059 3058 3046
f 3049 3061 3060
f 3050 3062 3061
f 3051 3063 3062
f 3052 3065 3063
f 3064 3076 3065
f 3066 3076 3064
f 3067 3066 3053
f 3068 3067 3055
f 3069 3068 3056
f 3070 3069 3057
f 3071 3070 3058
f 3061 3073 3072
f 3062 3074 3073
f 3063 3075 3074
f 3065 3077 3075
f 3076 3089 3077
f 3078 3089 3076
f 3079 3078 3066
f 3080 3079 3067
f 3081 3080 3068
f 3082 3081 3069
f 3083 3082 3070
f 3084 3096 3072
f 3085 3084 3073
f 3086 3085 3074
f 3087 3086 3075
f 3088 3087 3077
f 3090 3088 3089
f 3079 3091 3090
f 3080 3092 3091
f 3081 3093 3092
f 3082 3094 3093
f 3083 3105 3094
f 3095 3108 3096
f 3097 3095 3084
f 3098 3097 3085
f 3099 3098 3086
f 3100 3099 3087
f 3101 3100 3088
f 3091 3102 3101
f 3092 3103 3102
f 3093 3104 3103
f 3094 3106 3104
f 3105 3117 3106
f 3107 3120 3108
f 3109 3107 3095
f 3110 3109 3097
f 3111 3110 3098
f 3112 3111 3099
f 3113 3112 3100
f 3102 3114 3113
f 3103 3115 3114
f 3104 3116 3115
f 3106 3118 3116
f 3117 3129 3118
f 3119 3132 3120
f 3121 3119 3107
f 3122 3121 3109
f 3123 3122 3110
f 3124 3123 3111
f 3125 3124 3112
f 3114 3126 3125
f 3115 3127 3126
f 3116 3128 3127
f 3118 3130 3128
f 3129 3141 3130
f 3131 3144 3132
f 3133 3131 3119
f 3134 3133 3121
f 3135 3134 3122
f 3136 3135 3123
f 3137 3136 3124
f 3126 3138 3137
f 3127 3139 3138
f 3128 3140 3139
f 3130 3142 3140
f 3141 3153 3142
f 3143 3156 3144
f 3145 3143 3131
f 3146 3145 3133
f 3147 3146 3134
f 3148 3147 3135
f 3149 3148 3136
f 3138 3150 3149
f 3139 3151 3150
f 3140 3152 3151
f 3142 3154 3152
f 3153 3165 3154
f 3155 3168 3156
f 3157 3155 3143
f 3158 3157 3145
f 3159 3158 3146
f 3160 3159 3147
f 3161 3160 3148
f 3150 3162 3161
f 3151 3163 3162
f 3152 3164 3163
f 3154 3166 3164
f 3165 3177 3166
f 3167 3180 3168
f 3169 3167 3155
f 3170 3169 3157
f 3171 3170 3158
f 3172 3171 3159
f 3173 3172 3160
f 3162 3174 3173
f 3163 3175 3174
f 3164 3176 3175
f 3166 3178 3176
f 3177 3189 3178
f 3179 3192 3180
f 3181 3179 3167
f 3182 3181 3169
f 3183 3182 3170
f 3184 3183 3171
f 3185 3184 3172
f 3174 3186 3185
f 3175 3187 3186
f 3176 3188 3187
f 3178 3190 3188
f 3189 3201 3190
f 3191 3204 3192
f 3193 3191 3179
f 3194 3193 3181
f 3195 3194 3182
f 3196 3195 3183
f 3197 3196 3184
f 3186 3198 3197
f 3187 3199 3198
f 3188 3200 3199
f 3190 3202 3200
f 3201 3213 3202
f 3203 3216 3204
f 3205 3203 3191
f 3206 3205 3193
f 3207 3206 3194
f 3208 3207 3195
f 3209 3208 3196
f 3198 3210 3209
f 3199 3211 3210
f 3200 3212 3211
f 3202 3214 3212
f 3213 3227 3214
f 3203 3217 3215
f 3205 3218 3217
f 3206 3219 3218
f 3207 3220 3219
f 3208 3232 3220
f 3221 3232 3208
f 3222 3221 3209
f 3223 3222 3210
f 3224 3223 3211
f 3225 3224 3212
f 3226 3225 3214
f 3217 3229 3228
f 3218 3230 3229
f 3219 3231 3230
f 3220 3233 3231
f 3232 3245 3233
f 3234 3245 3232
f 3235 3234 3221
f 3236 3235 3222
f 3237 3236 3223
f 3238 3237 3224
f 3239 3238 3225
f 3240 3252 3228
f 3241 3240 3229
f 3242 3241 3230
f 3243 3242 3231
f 3244 3243 3233
f 3246 3244 3245
f 3235 3247 3246
f 3236 3248 3247
f 3237 3249 3248
f 3238 3250 3249
f 3239 3261 3250
f 3251 3264 3252
f 3253 3251 3240
f 3254 3253 3241
f 3255 3254 3242
f 3256 3255 3243
f 3257 3256 3244
f 3247 3258 3257
f 3248 3259 3258
f 3249 3260 3259
f 3250 3262 3260
f 3261 3273 3262
f 3263 3276 3264
f 3265 3263 3251
f 3266 3265 3253
f 3267 3266 3254
f 3268 3267 3255
f 3269 3268 3256
f 3258 3270 3269
f 3259 3271 3270
f 3260 3272 3271
f 3262 3274 3272
f 3273 3285 3274
f 3275 3288 3276
f 3277 3275 3263
f 3278 3277 3265
f 3279 3278 3266
f 3280 3279 3267
f 3281 3280 3268
f 3270 3282 3281
f 3271 3283 3282
f 3272 3284 3283
f 3274 3286 3284
f 3285 3297 3286
f 3287 3300 3288
f 3289 3287 3275
f 3290 3289 3277
f 3291 3290 3278
f 3292 3291 3279
f 3293 3292 3280
f 3282 3294 3293
f 3283 3295 3294
f 3284 3296 3295
f 3286 3298 3296
f 3297 3309 3298
f 3299 3312 3300
f 3301 3299 3287
f 3302 3301 3289
f 3303 3302 3290
f 3304 3303 3291
f 3305 3304 3292
f 3294 3306 3305
f 3295 3307 3306
f 3296 3308 3307
f 3298 3310 3308
f 3309 3323 3310
f 3299 3313 3311
f 3301 3314 3313
f 3302 3315 3314
f 3303 3316 3315
f 3304 3328 3316
f 3317 3328 3304
f 3318 3317 3305
f 3319 3318 3306
f 3320 3319 3307
f 3321 3320 3308
f 3322 3321 3310
f 3313 3325 3324
f 3314 3326 3325
f 3315 3327 3326
f 3316 3329 3327
f 3328 3340 3329
f 3330 3340 3328
f 3331 3330 3317
f 3332 3331 3318
f 3333 3332 3319
f 3334 3333 3320
f 3335 3334 3321
f 3325 3337 3336
f 3326 3338 3337
f 3327 3339 3338
f 3329 3341 3339
f 3340 3352 3341
f 3342 3352 3340
f 3343 3342 3330
f 3344 3343 3331
f 3345 3344 3332
f 3346 3345 3333
f 3347 3346 3334
f 3337 3349 3348
f 3338 3350 3349
f 3339 3351 3350
f 3341 3353 3351
f 3352 3360 3353
f 3354 3360 3352
f 3355 3354 3342
f 3356 3355 3343
f 3357 3356 3344
f 3358 3357 3345
f 3359 3358 3346
f 3349 2211 2210
f 3350 2213 2211
f 3351 2215 2213
f 3353 2217 2215
f 3360 2219 2217
f 2221 2219 3360
f 2222 2221 3354
f 2223 2222 3355
f 2225 2223 3356
f 2227 2225 3357
f 2229 2227 3358
f 3361 3362 3363
f 3364 3362 3361
f 3364 3365 3362
f 3366 3365 3364
f 3366 3367 3365
f 3368 3367 3366
f 3368 3369 3367
f 3370 3369 3368
f 3370 3371 3369
f 3372 3371 3370
f 3372 3373 3371
f 3372 3374 3373
f 3375 3374 3372
f 3375 3376 3374
f 3377 3376 3375
f 3377 3378 3376
f 3379 3378 3377
f 3379 3380 3378
f 3381 3380 3379
f 3381 3382 3380
f 3383 3382 3381
f 3383 3384 3382
f 3385 3384 3383
f 3386 3384 3385
f 3386 3387 3384
f 3386 3388 3387
f 3389 3388 3386
f 3389 3390 3388
f 3391 3390 3389
f 3391 3392 3390
f 3393 3392 3391
f 3393 3394 3392
f 3395 3394 3393
f 3395 3396 3394
f 3397 3396 3395
f 3397 3398 3396
f 3399 3398 3397
f 3399 3400 3398
f 3401 3400 3399
f 3401 3402 3400
f 3403 3402 3401
f 3403 3404 3402
f 3405 3406 3403
f 3406 3404 3403
f 3405 3407 3406
f 3408 3404 3406
f 3405 3409 3407
f 3410 3404 3408
f 3405 3411 3409
f 3412 3404 3410
f 3405 3413 3411
f 3414 3404 3412
f 3414 3415 3404
f 3416 3413 3405
f 3416 3417 3413
f 3418 3415 3414
f 3416 3419 3417
f 3420 3415 3418
f 3416 3421 3419
f 3422 3415 3420
f 3422 3423 3415
f 3424 3421 3416
f 3424 3425 3421
f 3426 3423 3422
f 3424 3427 3425
f 3428 3423 3426
f 3429 3427 3424
f 3428 3430 3423
f 3429 3431 3427
f 3432 3430 3428
f 3429 3433 3431
f 3434 3430 3432
f 3434 3435 3430
f 3436 3433 3429
f 3436 3437 3433
f 3438 3435 3434
f 3436 3439 3437
f 3440 3435 3438
f 3440 3441 3435
f 3442 3439 3436
f 3442 3443 3439
f 3444 3441 3440
f 3444 3445 3441
f 3446 3443 3442
f 3446 3447 3443
f 3448 3445 3444
f 3446 3449 3447
f 3450 3445 3448
f 3451 3449 3446
f 3450 3452 3445
f 3451 3453 3449
f 3454 3452 3450
f 3455 3453 3451
f 3454 3456 3452
f 3455 3457 3453
f 3458 3456 3454
f 3459 3457 3455
f 3458 3460 3456
f 3459 3461 3457
f 3462 3460 3458
f 3463 3461 3459
f 3462 3464 3460
f 3463 3465 3461
f 3466 3464 3462
f 3467 3465 3463
f 3466 3468 3464
f 3467 3469 3465
f 3470 3468 3466
f 3471 3469 3467
f 3470 3472 3468
f 3471 3473 3469
f 3474 3472 3470
f 3475 3473 3471
f 3474 3476 3472
f 3475 3477 3473
f 3478 3476 3474
f 3475 3479 3477
f 3480 3476 3478
f 3481 3479 3475
f 3480 3482 3476
f 3483 3479 3481
f 3483 3484 3479
f 3485 3482 3480
f 3485 3486 3482
f 3487 3484 3483
f 3485 3488 3486
f 3487 3489 3484
f 3490 3488 3485
f 3487 3491 3489
f 3492 3488 3490
f 3493 3491 3487
f 3492 3494 3488
f 3493 3495 3491
f 3496 3494 3492
f 3497 3495 3493
f 3496 3498 3494
f 3497 3499 3495
f 3500 3498 3496
f 3500 3501 3498
f 3502 3499 3497
f 3502 3503 3499
f 3504 3501 3500
f 3504 3505 3501
f 3506 3503 3502
f 3506 3507 3503
f 3508 3505 3504
f 3508 3509 3505
f 3510 3507 3506
f 3510 3511 3507
f 3512 3509 3508
f 3512 3513 3509
f 3514 3511 3510
f 3514 3515 3511
f 3516 3513 3512
f 3516 3517 3513
f 3518 3515 3514
f 3518 3519 3515
f 3520 3517 3516
f 3518 3521 3519
f 3522 3517 3520
f 3522 3523 3517
f 3524 3521 3518
f 3524 3525 3521
f 3526 3523 3522
f 3526 3527 3523
f 3528 3525 3524
f 3528 3529 3525
f 3530 3527 3526
f 3528 3531 3529
f 3532 3527 3530
f 3532 3533 3527
f 3534 3531 3528
f 3534 3535 3531
f 3536 3533 3532
f 3534 3537 3535
f 3538 3533 3536
f 3539 3537 3534
f 3538 3540 3533
f 3539 3541 3537
f 3542 3540 3538
f 3539 3543 3541
f 3544 3540 3542
f 3544 3545 3540
f 3546 3543 3539
f 3546 3547 3543
f 3548 3545 3544
f 3546 3549 3547
f 3550 3545 3548
f 3546 3551 3549
f 3552 3545 3550
f 3552 3553 3545
f 3554 3551 3546
f 3554 3555 3551
f 3556 3553 3552
f 3554 3557 3555
f 3558 3553 3556
f 3554 3559 3557
f 3559 3553 3558
f 3554 3553 3559
f 3554 3560 3553
f 3561 3560 3554
f 3561 3562 3560
f 3563 3562 3561
f 3563 3564 3562
f 3565 3564 3563
f 3565 3566 3564
f 3567 3566 3565
f 3568 3566 3567
f 3568 3569 3566
f 3570 3569 3568
f 3570 3571 3569
f 3572 3571 3570
f 3572 3573 3571
f 3574 3573 3572
f 3574 3575 3573
f 3576 3575 3574
f 3576 3577 3575
f 3578 3577 3576
f 3578 3579 3577
f 3580 3579 3578
f 3580 3581 3579
f 3582 3581 3580
f 3582 3583 3581
f 3582 3584 3583
f 3585 3584 3582
f 3585 3586 3584
f 3587 3586 3585
f 3587 3588 3586
f 3589 3588 3587
f 3589 3590 3588
f 3591 3590 3589
f 3591 3592 3590
f 3593 3592 3591
f 3593 3594 3592
f 3595 3594 3593
f 3595 3596 3594
f 3597 3596 3595
f 3597 3598 3596
f 3599 3598 3597
f 3599 3600 3598
f 3601 3602 3603
f 3604 3601 3603
f 3604 3603 3605
f 3606 3604 3605
f 3606 3605 3607
f 3608 3606 3607
f 3608 3607 3609
f 3610 3608 3609
f 3610 3609 3611
f 3612 3610 3611
f 3612 3611 3613
f 3612 3613 3614
f 3615 3612 3614
f 3615 3614 3616
f 3617 3615 3616
f 3617 3616 3618
f 3619 3617 3618
f 3619 3618 3620
f 3621 3619 3620
f 3621 3620 3622
f 3623 3621 3622
f 3623 3622 3624
f 3625 3623 3624
f 3626 3625 3624
f 3626 3624 3627
f 3626 3627 3628
f 3629 3626 3628
f 3629 3628 3630
f 3631 3629 3630
f 3631 3630 3632
f 3633 3631 3632
f 3633 3632 3634
f 3635 3633 3634
f 3635 3634 3636
f 3637 3635 3636
f 3637 3636 3638
f 3639 3637 3638
f 3639 3638 3640
f 3641 3639 3640
f 3641 3640 3642
f 3643 3641 3642
f 3643 3642 3644
f 3645 3643 3646
f 3646 3643 3644
f 3645 3646 3647
f 3648 3646 3644
f 3645 3647 3649
f 3650 3648 3644
f 3645 3649 3651
f 3652 3650 3644
f 3645 3651 3653
f 3654 3652 3644
f 3654 3644 3655
f 3656 3645 3653
f 3656 3653 3657
f 3658 3654 3655
f 3656 3657 3659
f 3660 3658 3655
f 3656 3659 3661
f 3662 3660 3655
f 3662 3655 3663
f 3664 3656 3661
f 3664 3661 3665
f 3666 3662 3663
f 3664 3665 3667
f 3668 3666 3663
f 3669 3664 3667
f 3668 3663 3670
f 3669 3667 3671
f 3672 3668 3670
f 3669 3671 3673
f 3674 3672 3670
f 3674 3670 3675
f 3676 3669 3673
f 3676 3673 3677
f 3678 3674 3675
f 3676 3677 3679
f 3680 3678 3675
f 3680 3675 3681
f 3682 3676 3679
f 3682 3679 3683
f 3684 3680 3681
f 3684 3681 3685
f 3686 3682 3683
f 3686 3683 3687
f 3688 3684 3685
f 3686 3687 3689
f 3690 3688 3685
f 3691 3686 3689
f 3690 3685 3692
f 3691 3689 3693
f 3694 3690 3692
f 3695 3691 3693
f 3694 3692 3696
f 3695 3693 3697
f 3698 3694 3696
f 3699 3695 3697
f 3698 3696 3700
f 3699 3697 3701
f 3702 3698 3700
f 3703 3699 3701
f 3702 3700 3704
f 3703 3701 3705
f 3706 3702 3704
f 3707 3703 3705
f 3706 3704 3708
f 3707 3705 3709
f 3710 3706 3708
f 3711 3707 3709
f 3710 3708 3712
f 3711 3709 3713
f 3714 3710 3712
f 3715 3711 3713
f 3714 3712 3716
f 3715 3713 3717
f 3718 3714 3716
f 3715 3717 3719
f 3720 3718 3716
f 3721 3715 3719
f 3720 3716 3722
f 3723 3721 3719
f 3723 3719 3724
f 3725 3720 3722
f 3725 3722 3726
f 3727 3723 3724
f 3725 3726 3728
f 3727 3724 3729
f 3730 3725 3728
f 3727 3729 3731
f 3732 3730 3728
f 3733 3727 3731
f 3732 3728 3734
f 3733 3731 3735
f 3736 3732 3734
f 3737 3733 3735
f 3736 3734 3738
f 3737 3735 3739
f 3740 3736 3738
f 3740 3738 3741
f 3742 3737 3739
f 3742 3739 3743
f 3744 3740 3741
f 3744 3741 3745
f 3746 3742 3743
f 3746 3743 3747
f 3748 3744 3745
f 3748 3745 3749
f 3750 3746 3747
f 3750 3747 3751
f 3752 3748 3749
f 3752 3749 3753
f 3754 3750 3751
f 3754 3751 3755
f 3756 3752 3753
f 3756 3753 3757
f 3758 3754 3755
f 3758 3755 3759
f 3760 3756 3757
f 3758 3759 3761
f 3762 3760 3757
f 3762 3757 3763
f 3764 3758 3761
f 3764 3761 3765
f 3766 3762 3763
f 3766 3763 3767
f 3768 3764 3765
f 3768 3765 3769
f 3770 3766 3767
f 3768 3769 3771
f 3772 3770 3767
f 3772 3767 3773
f 3774 3768 3771
f 3774 3771 3775
f 3776 3772 3773
f 3774 3775 3777
f 3778 3776 3773
f 3779 3774 3777
f 3778 3773 3780
f 3779 3777 3781
f 3782 3778 3780
f 3779 3781 3783
f 3784 3782 3780
f 3784 3780 3785
f 3786 3779 3783
f 3786 3783 3787
f 3788 3784 3785
f 3786 3787 3789
f 3790 3788 3785
f 3786 3789 3791
f 3792 3790 3785
f 3792 3785 3793
f 3794 3786 3791
f 3794 3791 3795
f 3796 3792 3793
f 3794 3795 3797
f 3798 3796 3793
f 3794 3797 3799
f 3799 3798 3793
f 3794 3799 3793
f 3794 3793 3800
f 3801 3794 3800
f 3801 3800 3802
f 3803 3801 3802
f 3803 3802 3804
f 3805 3803 3804
f 3805 3804 3806
f 3807 3805 3806
f 3808 3807 3806
f 3808 3806 3809
f 3810 3808 3809
f 3810 3809 3811
f 3812 3810 3811
f 3812 3811 3813
f 3814 3812 3813
f 3814 3813 3815
f 3816 3814 3815
f 3816 3815 3817
f 3818 3816 3817
f 3818 3817 3819
f 3820 3818 3819
f 3820 3819 3821
f 3822 3820 3821
f 3822 3821 3823
f 3822 3823 3824
f 3825 3822 3824
f 3825 3824 3826
f 3827 3825 3826
f 3827 3826 3828
f 3829 3827 3828
f 3829 3828 3830
f 3831 3829 3830
f 3831 3830 3832
f 3833 3831 3832
f 3833 3832 3834
f 3835 3833 3834
f 3835 3834 3836
f 3837 3835 3836
f 3837 3836 3838
f 3839 3837 3838
f 3839 3838 3840
f 3841 3842 3843
f 3844 3845 3841
f 3846 3847 3844
f 3848 3849 3846
f 3850 3851 3848
f 3852 3850 3853
f 3854 3853 3855
f 3856 3855 3857
f 3858 3857 3859
f 3860 3859 3861
f 3862 3861 3863
f 3845 3864 3842
f 3847 3865 3845
f 3849 3866 3847
f 3851 3867 3849
f 3868 3869 3851
f 3870 3868 3852
f 3871 3852 3854
f 3872 3854 3856
f 3873 3856 3858
f 3874 3858 3860
f 3875 3860 3862
f 3865 3876 3864
f 3866 3877 3865
f 3867 3878 3866
f 3869 3879 3867
f 3880 3881 3869
f 3882 3880 3870
f 3883 3870 3871
f 3884 3871 3872
f 3885 3872 3873
f 3886 3873 3874
f 3887 3874 3875
f 3877 3888 3876
f 3878 3889 3877
f 3879 3890 3878
f 3881 3891 3879
f 3892 3893 3881
f 3894 3892 3882
f 3895 3882 3883
f 3896 3883 3884
f 3897 3884 3885
f 3898 3885 3886
f 3899 3886 3887
f 3889 3900 3888
f 3890 3901 3889
f 3891 3902 3890
f 3893 3903 3891
f 3904 3905 3893
f 3906 3904 3894
f 3907 3894 3895
f 3908 3895 3896
f 3909 3896 3897
f 3910 3897 3898
f 3911 3898 3899
f 3901 3912 3900
f 3902 3913 3901
f 3903 3914 3902
f 3905 3915 3903
f 3916 3917 3905
f 3918 3916 3906
f 3919 3906 3907
f 3920 3907 3908
f 3921 3908 3909
f 3922 3909 3910
f 3923 3910 3911
f 3913 3924 3912
f 3914 3925 3913
f 3915 3926 3914
f 3917 3927 3915
f 3928 3929 3917
f 3930 3928 3918
f 3931 3918 3919
f 3932 3919 3920
f 3933 3920 3921
f 3934 3921 3922
f 3935 3922 3923
f 3925 3936 3924
f 3926 3937 3925
f 3927 3938 3926
f 3929 3939 3927
f 3940 3941 3929
f 3942 3940 3930
f 3943 3930 3931
f 3944 3931 3932
f 3945 3932 3933
f 3946 3933 3934
f 3947 3934 3935
f 3937 3948 3936
f 3938 3949 3937
f 3939 3950 3938
f 3941 3951 3939
f 3952 3953 3941
f 3954 3952 3942
f 3955 3942 3943
f 3956 3943 3944
f 3957 3944 3945
f 3958 3945 3946
f 3959 3946 3947
f 3960 3948 3949
f 3961 3949 3950
f 3962 3950 3951
f 3963 3951 3953
f 3964 3953 3965
f 3966 3965 3954
f 3955 3966 3954
f 3956 3967 3955
f 3957 3968 3956
f 3958 3969 3957
f 3959 3970 3958
f 3971 3972 3960
f 3973 3960 3961
f 3974 3961 3962
f 3975 3962 3963
f 3976 3963 3964
f 3977 3964 3966
f 3967 3977 3966
f 3968 3978 3967
f 3969 3979 3968
f 3970 3980 3969
f 3981 3982 3970
f 3971 3983 3984
f 3973 3985 3971
f 3974 3986 3973
f 3975 3987 3974
f 3976 3988 3975
f 3989 3976 3977
f 3990 3977 3978
f 3991 3978 3979
f 3992 3979 3980
f 3993 3980 3982
f 3994 3982 3995
f 3985 3996 3983
f 3986 3997 3985
f 3987 3998 3986
f 3988 3999 3987
f 4000 4001 3988
f 4002 4000 3989
f 4003 3989 3990
f 4004 3990 3991
f 4005 3991 3992
f 4006 3992 3993
f 4007 3993 3994
f 3997 4008 3996
f 3998 4009 3997
f 3999 4010 3998
f 4001 4011 3999
f 4012 4001 4013
f 4014 4013 4002
f 4003 4014 4002
f 4015 4003 4004
f 4016 4004 4005
f 4017 4005 4006
f 4018 4006 4007
f 4019 4008 4009
f 4020 4009 4010
f 4021 4010 4011
f 4022 4011 4023
f 4024 4023 4012
f 4025 4012 4014
f 4026 4025 4014
f 4015 4027 4026
f 4016 4028 4015
f 4017 4029 4016
f 4018 4030 4017
f 4031 4032 4019
f 4033 4019 4020
f 4034 4020 4021
f 4035 4021 4022
f 4036 4022 4024
f 4037 4024 4025
f 4027 4037 4025
f 4028 4038 4027
f 4029 4039 4028
f 4030 4040 4029
f 4041 4042 4030
f 4043 4044 4031
f 4045 4031 4033
f 4046 4033 4034
f 4047 4034 4035
f 4048 4035 4036
f 4049 4036 4037
f 4038 4049 4037
f 4039 4050 4038
f 4040 4051 4039
f 4042 4052 4040
f 4053 4054 4042
f 4055 4056 4043
f 4057 4043 4045
f 4058 4045 4046
f 4059 4046 4047
f 4060 4047 4048
f 4061 4048 4049
f 4050 4061 4049
f 4051 4062 4050
f 4052 4063 4051
f 4054 4064 4052
f 4065 4066 4054
f 4067 4068 4055
f 4069 4055 4057
f 4070 4057 4058
f 4071 4058 4059
f 4072 4059 4060
f 4073 4060 4061
f 4062 4073 4061
f 4063 4074 4062
f 4064 4075 4063
f 4066 4076 4064
f 4077 4078 4066
f 4079 4080 4067
f 4081 4067 4069
f 4082 4069 4070
f 4083 4070 4071
f 4084 4071 4072
f 4085 4072 4073
f 4074 4085 4073
f 4075 4086 4074
f 4076 4087 4075
f 4078 4088 4076
f 4089 4090 4078
f 4091 4092 4079
f 4093 4079 4081
f 4094 4081 4082
f 4095 4082 4083
f 4096 4083 4084
f 4097 4084 4085
f 4086 4097 4085
f 4087 4098 4086
f 4088 4099 4087
f 4090 4100 4088
f 4101 4102 4090
f 4103 4104 4091
f 4105 4091 4093
f 4106 4093 4094
f 4107 4094 4095
f 4108 4095 4096
f 4109 4096 4097
f 4098 4109 4097
f 4099 4110 4098
f 4100 4111 4099
f 4102 4112 4100
f 4113 4114 4102
f 4115 4116 4103
f 4117 4103 4105
f 4118 4105 4106
f 4119 4106 4107
f 4120 4107 4108
f 4121 4108 4109
f 4110 4121 4109
f 4111 4122 4110
f 4112 4123 4111
f 4114 4124 4112
f 4125 4126 4114
f 4115 4127 4128
f 4117 4129 4115
f 4118 4130 4117
f 4119 4131 4118
f 4120 4132 4119
f 4133 4120 4121
f 4134 4121 4122
f 4135 4122 4123
f 4136 4123 4124
f 4137 4124 4126
f 4138 4126 4139
f 4129 4140 4127
f 4130 4141 4129
f 4131 4142 4130
f 4132 4143 4131
f 4144 4145 4132
f 4146 4144 4133
f 4147 4133 4134
f 4148 4134 4135
f 4149 4135 4136
f 4150 4136 4137
f 4151 4137 4138
f 4152 4140 4141
f 4153 4141 4142
f 4154 4142 4143
f 4155 4143 4145
f 4156 4145 4157
f 4158 4157 4146
f 4147 4158 4146
f 4148 4159 4147
f 4149 4160 4148
f 4150 4161 4149
f 4151 4162 4150
f 4163 4164 4152
f 4165 4152 4153
f 4166 4153 4154
f 4167 4154 4155
f 4168 4155 4156
f 4169 4156 4158
f 4159 4169 4158
f 4160 4170 4159
f 4161 4171 4160
f 4162 4172 4161
f 4173 4174 4162
f 4175 4176 4163
f 4177 4163 4165
f 4178 4165 4166
f 4179 4166 4167
f 4180 4167 4168
f 4181 4168 4169
f 4170 4181 4169
f 4171 4182 4170
f 4172 4183 4171
f 4174 4184 4172
f 4185 4186 4174
f 4187 4188 4175
f 4189 4175 4177
f 4190 4177 4178
f 4191 4178 4179
f 4192 4179 4180
f 4193 4180 4181
f 4182 4193 4181
f 4183 4194 4182
f 4184 4195 4183
f 4186 4196 4184
f 4197 4198 4186
f 4199 4200 4187
f 4201 4187 4189
f 4202 4189 4190
f 4203 4190 4191
f 4204 4191 4192
f 4193 4204 4192
f 4194 4205 4193
f 4195 4206 4194
f 4196 4207 4195
f 4198 4208 4196
f 4209 4210 4198
f 4211 4212 4199
f 4213 4199 4201
f 4214 4201 4202
f 4215 4202 4203
f 4216 4203 4204
f 4217 4204 4205
f 4206 4217 4205
f 4207 4218 4206
f 4208 4219 4207
f 4210 4220 4208
f 4221 4222 4210
f 4223 4224 4211
f 4225 4211 4213
f 4226 4213 4214
f 4227 4214 4215
f 4228 4215 4216
f 4229 4216 4217
f 4218 4229 4217
f 4219 4230 4218
f 4220 4231 4219
f 4222 4232 4220
f 4233 4234 4222
f 4235 4236 4223
f 4237 4223 4225
f 4238 4225 4226
f 4239 4226 4227
f 4240 4227 4228
f 4241 4228 4229
f 4230 4241 4229
f 4231 4242 4230
f 4232 4243 4231
f 4234 4244 4232
f 4245 4246 4234
f 4247 4248 4235
f 4249 4235 4237
f 4250 4237 4238
f 4251 4238 4239
f 4252 4239 4240
f 4253 4240 4241
f 4242 4253 4241
f 4243 4254 4242
f 4244 4255 4243
f 4246 4256 4244
f 4257 4258 4246
f 4259 4260 4247
f 4261 4247 4249
f 4262 4249 4250
f 4263 4250 4251
f 4264 4251 4252
f 4265 4252 4253
f 4254 4265 4253
f 4255 4266 4254
f 4256 4267 4255
f 4258 4268 4256
f 4269 4270 4258
f 4271 4272 4259
f 4273 4259 4261
f 4274 4261 4262
f 4275 4262 4263
f 4276 4263 4264
f 4277 4264 4265
f 4266 4277 4265
f 4267 4278 4266
f 4268 4279 4267
f 4270 4280 4268
f 4281 4282 4270
f 4271 4283 4284
f 4273 4285 4271
f 4274 4286 4273
f 4275 4287 4274
f 4276 4288 4275
f 4289 4276 4277
f 4290 4277 4278
f 4291 4278 4279
f 4292 4279 4280
f 4293 4280 4282
f 4294 4282 4295
f 4285 4296 4283
f 4286 4297 4285
f 4287 4298 4286
f 4288 4299 4287
f 4300 4301 4288
f 4302 4300 4289
f 4303 4289 4290
f 4304 4290 4291
f 4305 4291 4292
f 4306 4292 4293
f 4307 4293 4294
f 4297 4308 4296
f 4298 4309 4297
f 4299 4310 4298
f 4301 4311 4299
f 4312 4313 4301
f 4314 4312 4302
f 4315 4302 4303
f 4316 4303 4304
f 4317 4304 4305
f 4318 4305 4306
f 4319 4306 4307
f 4309 4320 4308
f 4310 4321 4309
f 4311 4322 4310
f 4313 4323 4311
f 4324 4325 4313
f 4314 4326 4324
f 4327 4314 4315
f 4328 4315 4316
f 4329 4316 4317
f 4330 4317 4318
f 4331 4318 4319
f 4321 4332 4320
f 4322 4333 4321
f 4323 4334 4322
f 4325 4335 4323
f 4326 4336 4325
f 4337 4326 4338
f 4339 4338 4327
f 4340 4327 4328
f 4341 4328 4329
f 4342 4329 4330
f 4343 4330 4331
f 4333 4344 4332
f 4334 4345 4333
f 4335 4346 4334
f 4336 4347 4335
f 4348 4349 4336
f 4350 4348 4337
f 4351 4337 4339
f 4352 4339 4340
f 4353 4340 4341
f 4354 4341 4342
f 4355 4342 4343
f 4345 4356 4344
f 4346 4357 4345
f 4347 4358 4346
f 4349 4359 4347
f 4360 4361 4349
f 4350 4362 4360
f 4363 4350 4351
f 4364 4351 4352
f 4365 4352 4353
f 4366 4353 4354
f 4367 4354 4355
f 4357 4368 4356
f 4358 4369 4357
f 4359 4370 4358
f 4361 4371 4359
f 4362 4372 4361
f 4373 4362 4374
f 4375 4374 4363
f 4376 4363 4364
f 4377 4364 4365
f 4378 4365 4366
f 4379 4366 4367
f 4369 4380 4368
f 4370 4381 4369
f 4371 4382 4370
f 4372 4383 4371
f 4384 4385 4372
f 4386 4384 4373
f 4387 4373 4375
f 4388 4375 4376
f 4389 4376 4377
f 4390 4377 4378
f 4391 4378 4379
f 4381 4392 4380
f 4382 4393 4381
f 4383 4394 4382
f 4385 4395 4383
f 4396 4397 4385
f 4398 4396 4386
f 4399 4386 4387
f 4400 4387 4388
f 4401 4388 4389
f 4402 4389 4390
f 4403 4390 4391
f 4393 4404 4392
f 4394 4405 4393
f 4395 4406 4394
f 4397 4407 4395
f 4408 4409 4397
f 4410 4408 4398
f 4411 4398 4399
f 4412 4399 4400
f 4413 4400 4401
f 4414 4401 4402
f 4415 4402 4403
f 4416 4404 4405
f 4417 4405 4406
f 4418 4406 4407
f 4419 4407 4409
f 4420 4409 4421
f 4422 4421 4410
f 4411 4422 4410
f 4412 4423 4411
f 4413 4424 4412
f 4414 4425 4413
f 4415 4426 4414
f 4427 4428 4416
f 4429 4416 4417
f 4430 4417 4418
f 4431 4418 4419
f 4432 4419 4420
f 4433 4420 4422
f 4423 4433 4422
f 4424 4434 4423
f 4425 4435 4424
f 4426 4436 4425
f 4437 4438 4426
f 4427 4439 4440
f 4429 4441 4427
f 4430 4442 4429
f 4431 4443 4430
f 4432 4444 4431
f 4445 4432 4433
f 4446 4433 4434
f 4447 4434 4435
f 4448 4435 4436
f 4449 4436 4438
f 4450 4438 4451
f 4441 4452 4439
f 4442 4453 4441
f 4443 4454 4442
f 4444 4455 4443
f 4456 4457 4444
f 4458 4456 4445
f 4459 4445 4446
f 4460 4446 4447
f 4461 4447 4448
f 4462 4448 4449
f 4463 4449 4450
f 4453 4464 4452
f 4454 4465 4453
f 4455 4466 4454
f 4457 4467 4455
f 4468 4469 4457
f 4470 4468 4458
f 4471 4458 4459
f 4472 4459 4460
f 4473 4460 4461
f 4474 4461 4462
f 4475 4462 4463
f 4465 4476 4464
f 4466 4477 4465
f 4467 4478 4466
f 4469 4479 4467
f 4480 4481 4469
f 4482 4480 4470
f 4483 4470 4471
f 4484 4471 4472
f 4485 4472 4473
f 4486 4473 4474
f 4487 4474 4475
f 4477 4488 4476
f 4478 4489 4477
f 4479 4490 4478
f 4481 4491 4479
f 4492 4493 4481
f 4494 4492 4482
f 4495 4482 4483
f 4496 4483 4484
f 4497 4484 4485
f 4498 4485 4486
f 4499 4486 4487
f 4489 4500 4488
f 4490 4501 4489
f 4491 4502 4490
f 4493 4503 4491
f 4504 4505 4493
f 4506 4504 4494
f 4507 4494 4495
f 4508 4495 4496
f 4509 4496 4497
f 4510 4497 4498
f 4511 4498 4499
f 4501 4512 4500
f 4502 4513 4501
f 4503 4514 4502
f 4505 4515 4503
f 4516 4517 4505
f 4518 4516 4506
f 4519 4506 4507
f 4520 4507 4508
f 4521 4508 4509
f 4522 4509 4510
f 4523 4510 4511
f 4513 4524 4512
f 4514 4525 4513
f 4515 4526 4514
f 4517 4527 4515
f 4528 4529 4517
f 4530 4528 4518
f 4531 4518 4519
f 4532 4519 4520
f 4533 4520 4521
f 4534 4521 4522
f 4535 4522 4523
f 4525 4536 4524
f 4526 4537 4525
f 4527 4538 4526
f 4529 4539 4527
f 4540 4541 4529
f 4542 4540 4530
f 4543 4530 4531
f 4544 4531 4532
f 4545 4532 4533
f 4546 4533 4534
f 4547 4534 4535
f 4548 4536 4537
f 4549 4537 4538
f 4550 4538 4539
f 4551 4539 4541
f 4552 4541 4553
f 4554 4553 4542
f 4543 4554 4542
f 4544 4555 4543
f 4545 4556 4544
f 4546 4557 4545
f 4547 4558 4546
f 4559 4560 4548
f 4561 4548 4549
f 4562 4549 4550
f 4563 4550 4551
f 4564 4551 4552
f 4565 4552 4554
f 4555 4565 4554
f 4556 4566 4555
f 4557 4567 4556
f 4558 4568 4557
f 4569 4570 4558
f 4571 4572 4559
f 4573 4559 4561
f 4574 4561 4562
f 4575 4562 4563
f 4576 4563 4564
f 4577 4564 4565
f 4566 4577 4565
f 4567 4578 4566
f 4568 4579 4567
f 4570 4580 4568
f 4581 4582 4570
f 4571 4583 4584
f 4573 4585 4571
f 4574 4586 4573
f 4575 4587 4574
f 4576 4588 4575
f 4589 4576 4577
f 4590 4577 4578
f 4591 4578 4579
f 4592 4579 4580
f 4593 4580 4582
f 4594 4582 4595
f 4585 4596 4583
f 4586 4597 4585
f 4587 4598 4586
f 4588 4599 4587
f 4600 4601 4588
f 4602 4600 4589
f 4603 4589 4590
f 4604 4590 4591
f 4605 4591 4592
f 4606 4592 4593
f 4607 4593 4594
f 4608 4596 4597
f 4609 4597 4598
f 4610 4598 4599
f 4611 4599 4601
f 4612 4601 4613
f 4614 4613 4602
f 4603 4614 4602
f 4604 4615 4603
f 4605 4616 4604
f 4606 4617 4605
f 4607 4618 4606
f 4619 4620 4608
f 4621 4608 4609
f 4622 4609 4610
f 4623 4610 4611
f 4624 4611 4612
f 4625 4612 4614
f 4615 4625 4614
f 4616 4626 4615
f 4617 4627 4616
f 4618 4628 4617
f 4629 4630 4618
f 4631 4632 4619
f 4633 4619 4621
f 4634 4621 4622
f 4635 4622 4623
f 4636 4623 4624
f 4637 4624 4625
f 4626 4637 4625
f 4627 4638 4626
f 4628 4639 4627
f 4630 4640 4628
f 4641 4642 4630
f 4643 4644 4631
f 4645 4631 4633
f 4646 4633 4634
f 4647 4634 4635
f 4648 4635 4636
f 4649 4636 4637
f 4638 4649 4637
f 4639 4650 4638
f 4640 4651 4639
f 4642 4652 4640
f 4653 4654 4642
f 4655 4656 4643
f 4657 4643 4645
f 4658 4645 4646
f 4659 4646 4647
f 4660 4647 4648
f 4661 4648 4649
f 4650 4661 4649
f 4651 4662 4650
f 4652 4663 4651
f 4654 4664 4652
f 4665 4666 4654
f 4667 4668 4655
f 4669 4655 4657
f 4670 4657 4658
f 4671 4658 4659
f 4672 4659 4660
f 4673 4660 4661
f 4662 4673 4661
f 4663 4674 4662
f 4664 4675 4663
f 4666 4676 4664
f 4677 4678 4666
f 4679 4680 4667
f 4681 4667 4669
f 4682 4669 4670
f 4683 4670 4671
f 4684 4671 4672
f 4685 4672 4673
f 4674 4685 4673
f 4675 4686 4674
f 4676 4687 4675
f 4678 4688 4676
f 4689 4690 4678
f 4691 4692 4679
f 4693 4679 4681
f 4694 4681 4682
f 4695 4682 4683
f 4696 4683 4684
f 4697 4684 4685
f 4686 4697 4685
f 4687 4698 4686
f 4688 4699 4687
f 4690 4700 4688
f 4701 4702 4690
f 4703 4704 4691
f 4705 4691 4693
f 4706 4693 4694
f 4707 4694 4695
f 4708 4695 4696
f 4709 4696 4697
f 4698 4709 4697
f 4699 4710 4698
f 4700 4711 4699
f 4702 4712 4700
f 4713 4714 4702
f 4703 4715 4716
f 4705 4717 4703
f 4706 4718 4705
f 4707 4719 4706
f 4708 4720 4707
f 4721 4708 4709
f 4722 4709 4710
f 4723 4710 4711
f 4724 4711 4712
f 4725 4712 4714
f 4726 4714 4727
f 4717 4728 4715
f 4718 4729 4717
f 4719 4730 4718
f 4720 4731 4719
f 4732 4733 4720
f 4734 4732 4721
f 4735 4721 4722
f 4736 4722 4723
f 4737 4723 4724
f 4738 4724 4725
f 4739 4725 4726
f 4729 4740 4728
f 4730 4741 4729
f 4731 4742 4730
f 4733 4743 4731
f 4744 4745 4733
f 4746 4744 4734
f 4747 4734 4735
f 4748 4735 4736
f 4749 4736 4737
f 4750 4737 4738
f 4751 4738 4739
f 4741 4752 4740
f 4742 4753 4741
f 4743 4754 4742
f 4745 4755 4743
f 4756 4757 4745
f 4758 4756 4746
f 4759 4746 4747
f 4760 4747 4748
f 4761 4748 4749
f 4762 4749 4750
f 4763 4750 4751
f 4753 4764 4752
f 4754 4765 4753
f 4755 4766 4754
f 4757 4767 4755
f 4768 4769 4757
f 4770 4768 4758
f 4771 4758 4759
f 4772 4759 4760
f 4773 4760 4761
f 4774 4761 4762
f 4775 4762 4763
f 4765 4776 4764
f 4766 4777 4765
f 4767 4778 4766
f 4769 4779 4767
f 4780 4781 4769
f 4782 4780 4770
f 4783 4770 4771
f 4784 4771 4772
f 4785 4772 4773
f 4786 4773 4774
f 4787 4774 4775
f 4777 4788 4776
f 4778 4789 4777
f 4779 4790 4778
f 4781 4791 4779
f 4792 4793 4781
f 4794 4792 4782
f 4795 4782 4783
f 4796 4783 4784
f 4797 4784 4785
f 4798 4785 4786
f 4799 4786 4787
f 4789 4800 4788
f 4790 4801 4789
f 4791 4802 4790
f 4793 4803 4791
f 4804 4805 4793
f 4806 4804 4794
f 4807 4794 4795
f 4808 4795 4796
f 4809 4796 4797
f 4810 4797 4798
f 4811 4798 4799
f 4801 4812 4800
f 4802 4813 4801
f 4803 4814 4802
f 4805 4815 4803
f 4816 4817 4805
f 4818 4816 4806
f 4819 4806 4807
f 4820 4807 4808
f 4821 4808 4809
f 4822 4809 4810
f 4823 4810 4811
f 4824 4812 4813
f 4825 4813 4814
f 4826 4814 4815
f 4827 4815 4817
f 4828 4817 4829
f 4830 4829 4818
f 4819 4830 4818
f 4820 4831 4819
f 4821 4832 4820
f 4822 4833 4821
f 4823 4834 4822
f 4835 4836 4824
f 4837 4824 4825
f 4838 4825 4826
f 4839 4826 4827
f 4840 4827 4828
f 4841 4828 4830
f 4831 4841 4830
f 4832 4842 4831
f 4833 4843 4832
f 4834 4844 4833
f 4845 4846 4834
f 4835 4847 4848
f 4837 4849 4835
f 4838 4850 4837
f 4839 4851 4838
f 4840 4852 4839
f 4853 4840 4841
f 4854 4841 4842
f 4855 4842 4843
f 4856 4843 4844
f 4857 4844 4846
f 4858 4846 4859
f 4849 4860 4847
f 4850 4861 4849
f 4851 4862 4850
f 4852 4863 4851
f 4864 4865 4852
f 4866 4864 4853
f 4867 4853 4854
f 4868 4854 4855
f 4869 4855 4856
f 4870 4856 4857
f 4871 4857 4858
f 4861 4872 4860
f 4862 4873 4861
f 4863 4874 4862
f 4865 4875 4863
f 4876 4865 4877
f 4878 4877 4866
f 4867 4878 4866
f 4879 4867 4868
f 4880 4868 4869
f 4881 4869 4870
f 4882 4870 4871
f 4883 4872 4873
f 4884 4873 4874
f 4885 4874 4875
f 4886 4875 4887
f 4888 4887 4876
f 4889 4876 4878
f 4890 4889 4878
f 4879 4891 4890
f 4880 4892 4879
f 4881 4893 4880
f 4882 4894 4881
f 4895 4896 4883
f 4897 4883 4884
f 4898 4884 4885
f 4899 4885 4886
f 4900 4886 4888
f 4901 4888 4889
f 4891 4901 4889
f 4892 4902 4891
f 4893 4903 4892
f 4894 4904 4893
f 4905 4906 4894
f 4907 4908 4895
f 4909 4895 4897
f 4910 4897 4898
f 4911 4898 4899
f 4912 4899 4900
f 4913 4900 4901
f 4902 4913 4901
f 4903 4914 4902
f 4904 4915 4903
f 4906 4916 4904
f 4917 4918 4906
f 4919 4920 4907
f 4921 4907 4909
f 4922 4909 4910
f 4923 4910 4911
f 4924 4911 4912
f 4925 4912 4913
f 4914 4925 4913
f 4915 4926 4914
f 4916 4927 4915
f 4918 4928 4916
f 4929 4930 4918
f 4931 4932 4919
f 4933 4919 4921
f 4934 4921 4922
f 4935 4922 4923
f 4936 4923 4924
f 4937 4924 4925
f 4926 4937 4925
f 4927 4938 4926
f 4928 4939 4927
f 4930 4940 4928
f 4941 4942 4930
f 4943 4944 4931
f 4945 4931 4933
f 4946 4933 4934
f 4947 4934 4935
f 4948 4935 4936
f 4949 4936 4937
f 4938 4949 4937
f 4939 4950 4938
f 4940 4951 4939
f 4942 4952 4940
f 4953 4954 4942
f 4955 4956 4943
f 4957 4943 4945
f 4958 4945 4946
f 4959 4946 4947
f 4960 4947 4948
f 4961 4948 4949
f 4950 4961 4949
f 4951 4962 4950
f 4952 4963 4951
f 4954 4964 4952
f 4965 4966 4954
f 4967 4968 4955
f 4969 4955 4957
f 4970 4957 4958
f 4971 4958 4959
f 4972 4959 4960
f 4973 4960 4961
f 4962 4973 4961
f 4963 4974 4962
f 4964 4975 4963
f 4966 4976 4964
f 4977 4978 4966
f 4979 4980 4967
f 4981 4967 4969
f 4982 4969 4970
f 4983 4970 4971
f 4984 4971 4972
f 4985 4972 4973
f 4974 4985 4973
f 4975 4986 4974
f 4976 4987 4975
f 4978 4988 4976
f 4989 4990 4978
f 4979 4991 4992
f 4981 4993 4979
f 4982 4994 4981
f 4983 4995 4982
f 4984 4996 4983
f 4997 4984 4985
f 4998 4985 4986
f 4999 4986 4987
f 5000 4987 4988
f 5001 4988 4990
f 5002 4990 5003
f 4993 5004 4991
f 4994 5005 4993
f 4995 5006 4994
f 4996 5007 4995
f 5008 5009 4996
f 4997 5010 5008
f 5011 4997 4998
f 5012 4998 4999
f 5013 4999 5000
f 5014 5000 5001
f 5015 5001 5002
f 5016 5004 5005
f 5017 5005 5006
f 5018 5006 5007
f 5019 5007 5009
f 5020 5009 5010
f 5021 5010 5022
f 5011 5021 5022
f 5012 5023 5011
f 5013 5024 5012
f 5014 5025 5013
f 5015 5026 5014
f 5027 5028 5016
f 5029 5016 5017
f 5030 5017 5018
f 5031 5018 5019
f 5032 5019 5020
f 5033 5020 5021
f 5023 5033 5021
f 5024 5034 5023
f 5025 5035 5024
f 5026 5036 5025
f 5037 5038 5026
f 5039 5040 5027
f 5041 5027 5029
f 5042 5029 5030
f 5043 5030 5031
f 5044 5031 5032
f 5045 5032 5033
f 5034 5045 5033
f 5035 5046 5034
f 5036 5047 5035
f 5038 5048 5036
f 5049 5050 5038
f 5051 5052 5039
f 5053 5039 5041
f 5054 5041 5042
f 5055 5042 5043
f 5056 5043 5044
f 5057 5044 5045
f 5046 5057 5045
f 5047 5058 5046
f 5048 5059 5047
f 5050 5060 5048
f 5061 5062 5050
f 5063 5064 5051
f 5065 5051 5053
f 5066 5053 5054
f 5067 5054 5055
f 5068 5055 5056
f 5069 5056 5057
f 5058 5069 5057
f 5059 5070 5058
f 5060 5071 5059
f 5062 5072 5060
f 5073 5074 5062
f 5075 5076 5063
f 5077 5063 5065
f 5078 5065 5066
f 5079 5066 5067
f 5080 5067 5068
f 5081 5068 5069
f 5070 5081 5069
f 5071 5082 5070
f 5072 5083 5071
f 5074 5084 5072
f 5085 5086 5074
f 5087 5088 5075
f 5089 5075 5077
f 5090 5077 5078
f 5091 5078 5079
f 5092 5079 5080
f 5093 5080 5081
f 5082 5093 5081
f 5083 5094 5082
f 5084 5095 5083
f 5086 5096 5084
f 5097 5098 5086
f 5099 5100 5087
f 5101 5087 5089
f 5102 5089 5090
f 5103 5090 5091
f 5104 5091 5092
f 5105 5092 5093
f 5094 5105 5093
f 5095 5106 5094
f 5096 5107 5095
f 5098 5108 5096
f 5109 5110 5098
f 5111 5112 5099
f 5113 5099 5101
f 5114 5101 5102
f 5115 5102 5103
f 5116 5103 5104
f 5117 5104 5105
f 5106 5117 5105
f 5107 5118 5106
f 5108 5119 5107
f 5110 5120 5108
f 5121 5122 5110
f 5123 5124 5111
f 5125 5111 5113
f 5126 5113 5114
f 5127 5114 5115
f 5128 5115 5116
f 5129 5116 5117
f 5118 5129 5117
f 5119 5130 5118
f 5120 5131 5119
f 5122 5132 5120
f 5133 5134 5122
f 5135 5136 5123
f 5137 5123 5125
f 5138 5125 5126
f 5139 5126 5127
f 5140 5127 5128
f 5141 5128 5129
f 5130 5141 5129
f 5131 5142 5130
f 5132 5143 5131
f 5134 5144 5132
f 5145 5146 5134
f 5135 5147 5148
f 5137 5149 5135
f 5138 5150 5137
f 5139 5151 5138
f 5140 5152 5139
f 5141 5153 5140
f 5154 5141 5142
f 5155 5142 5143
f 5156 5143 5144
f 5157 5144 5146
f 5158 5146 5159
f 5149 5160 5147
f 5150 5161 5149
f 5151 5162 5150
f 5152 5163 5151
f 5153 5164 5152
f 5165 5153 5166
f 5167 5166 5154
f 5168 5154 5155
f 5169 5155 5156
f 5170 5156 5157
f 5171 5157 5158
f 5161 5172 5160
f 5162 5173 5161
f 5163 5174 5162
f 5164 5175 5163
f 5176 5177 5164
f 5165 5178 5176
f 5179 5165 5167
f 5180 5167 5168
f 5181 5168 5169
f 5182 5169 5170
f 5183 5170 5171
f 5173 5184 5172
f 5174 5185 5173
f 5175 5186 5174
f 5177 5187 5175
f 5178 5188 5177
f 5189 5178 5190
f 5191 5190 5179
f 5192 5179 5180
f 5193 5180 5181
f 5194 5181 5182
f 5195 5182 5183
f 5185 5196 5184
f 5186 5197 5185
f 5187 5198 5186
f 5188 5199 5187
f 5200 5201 5188
f 5202 5200 5189
f 5203 5189 5191
f 5204 5191 5192
f 5205 5192 5193
f 5206 5193 5194
f 5207 5194 5195
f 5197 5208 5196
f 5198 5209 5197
f 5199 5210 5198
f 5201 5211 5199
f 5212 5213 5201
f 5214 5212 5202
f 5215 5202 5203
f 5216 5203 5204
f 5217 5204 5205
f 5218 5205 5206
f 5219 5206 5207
f 5209 5220 5208
f 5210 5221 5209
f 5211 5222 5210
f 5213 5223 5211
f 5224 5225 5213
f 5226 5224 5214
f 5227 5214 5215
f 5228 5215 5216
f 5229 5216 5217
f 5230 5217 5218
f 5231 5218 5219
f 5221 5232 5220
f 5222 5233 5221
f 5223 5234 5222
f 5225 5235 5223
f 5236 5237 5225
f 5238 5236 5226
f 5239 5226 5227
f 5240 5227 5228
f 5241 5228 5229
f 5242 5229 5230
f 5243 5230 5231
f 5233 5244 5232
f 5234 5245 5233
f 5235 5246 5234
f 5237 5247 5235
f 5248 5249 5237
f 5250 5248 5238
f 5251 5238 5239
f 5252 5239 5240
f 5253 5240 5241
f 5254 5241 5242
f 5255 5242 5243
f 5245 5256 5244
f 5246 5257 5245
f 5247 5258 5246
f 5249 5259 5247
f 5260 5261 5249
f 5262 5260 5250
f 5263 5250 5251
f 5264 5251 5252
f 5265 5252 5253
f 5266 5253 5254
f 5267 5254 5255
f 5257 5268 5256
f 5258 5269 5257
f 5259 5270 5258
f 5261 5271 5259
f 5272 5273 5261
f 5274 5272 5262
f 5275 5262 5263
f 5276 5263 5264
f 5277 5264 5265
f 5278 5265 5266
f 5279 5266 5267
f 5280 5268 5269
f 5281 5269 5270
f 5282 5270 5271
f 5283 5271 5273
f 5284 5273 5285
f 5274 5284 5285
f 5275 5286 5274
f 5276 5287 5275
f 5277 5288 5276
f 5278 5289 5277
f 5279 5290 5278
f 5291 5292 5280
f 5293 5280 5281
f 5294 5281 5282
f 5295 5282 5283
f 5296 5283 5284
f 5297 5284 5286
f 5287 5297 5286
f 5288 5298 5287
f 5289 5299 5288
f 5290 5300 5289
f 5301 5302 5290
f 5291 5303 5304
f 5293 5305 5291
f 5294 5306 5293
f 5295 5307 5294
f 5296 5308 5295
f 5309 5296 5297
f 5310 5297 5298
f 5311 5298 5299
f 5312 5299 5300
f 5313 5300 5302
f 5314 5302 5315
f 5305 5316 5303
f 5306 5317 5305
f 5307 5318 5306
f 5308 5319 5307
f 5320 5321 5308
f 5322 5320 5309
f 5323 5309 5310
f 5324 5310 5311
f 5325 5311 5312
f 5326 5312 5313
f 5327 5313 5314
f 5317 5328 5316
f 5318 5329 5317
f 5319 5330 5318
f 5321 5331 5319
f 5332 5333 5321
f 5334 5332 5322
f 5335 5322 5323
f 5336 5323 5324
f 5337 5324 5325
f 5338 5325 5326
f 5339 5326 5327
f 5329 5340 5328
f 5330 5341 5329
f 5331 5342 5330
f 5333 5343 5331
f 5344 5345 5333
f 5346 5344 5334
f 5347 5334 5335
f 5348 5335 5336
f 5349 5336 5337
f 5350 5337 5338
f 5351 5338 5339
f 5341 5352 5340
f 5342 5353 5341
f 5343 5354 5342
f 5345 5355 5343
f 5356 5357 5345
f 5358 5356 5346
f 5359 5346 5347
f 5360 5347 5348
f 5361 5348 5349
f 5362 5349 5350
f 5363 5350 5351
f 5353 5364 5352
f 5354 5365 5353
f 5355 5366 5354
f 5357 5367 5355
f 5368 5369 5357
f 5370 5368 5358
f 5371 5358 5359
f 5372 5359 5360
f 5373 5360 5361
f 5374 5361 5362
f 5375 5362 5363
f 5365 5376 5364
f 5366 5377 5365
f 5367 5378 5366
f 5369 5379 5367
f 5380 5381 5369
f 5382 5380 5370
f 5383 5370 5371
f 5384 5371 5372
f 5385 5372 5373
f 5386 5373 5374
f 5387 5374 5375
f 5377 5388 5376
f 5378 5389 5377
f 5379 5390 5378
f 5381 5391 5379
f 5392 5393 5381
f 5394 5392 5382
f 5395 5382 5383
f 5396 5383 5384
f 5397 5384 5385
f 5398 5385 5386
f 5399 5386 5387
f 5389 5400 5388
f 5390 5401 5389
f 5391 5402 5390
f 5393 5403 5391
f 5404 5405 5393
f 5406 5404 5394
f 5407 5394 5395
f 5408 5395 5396
f 5409 5396 5397
f 5410 5397 5398
f 5411 5398 5399
f 5412 5400 5401
f 5413 5401 5402
f 5414 5402 5403
f 5415 5403 5405
f 5416 5415 5405
f 5417 5416 5406
f 5418 5406 5407
f 5408 5418 5407
f 5409 5419 5408
f 5410 5420 5409
f 5411 5421 5410
f 5422 5423 5412
f 5424 5412 5413
f 5425 5413 5414
f 5426 5414 5415
f 5427 5415 5428
f 5429 5428 5417
f 5418 5429 5417
f 5419 5430 5418
f 5420 5431 5419
f 5421 5432 5420
f 5433 5434 5421
f 5435 5436 5422
f 5437 5422 5424
f 5438 5424 5425
f 5439 5425 5426
f 5440 5426 5427
f 5441 5427 5429
f 5430 5441 5429
f 5431 5442 5430
f 5432 5443 5431
f 5434 5444 5432
f 5445 5446 5434
f 5435 5447 5448
f 5437 5449 5435
f 5438 5450 5437
f 5439 5451 5438
f 5440 5452 5439
f 5453 5440 5441
f 5454 5441 5442
f 5455 5442 5443
f 5456 5443 5444
f 5457 5444 5446
f 5458 5446 5459
f 5449 5460 5447
f 5450 5461 5449
f 5451 5462 5450
f 5452 5463 5451
f 5464 5465 5452
f 5466 5464 5453
f 5467 5453 5454
f 5468 5454 5455
f 5469 5455 5456
f 5470 5456 5457
f 5471 5457 5458
f 5472 5460 5461
f 5473 5461 5462
f 5474 5462 5463
f 5475 5463 5465
f 5476 5465 5477
f 5478 5477 5466
f 5467 5478 5466
f 5468 5479 5467
f 5469 5480 5468
f 5470 5481 5469
f 5471 5482 5470
f 5483 5484 5472
f 5485 5472 5473
f 5486 5473 5474
f 5487 5474 5475
f 5488 5475 5476
f 5489 5476 5478
f 5479 5489 5478
f 5480 5490 5479
f 5481 5491 5480
f 5482 5492 5481
f 5493 5494 5482
f 5495 5496 5483
f 5497 5483 5485
f 5498 5485 5486
f 5499 5486 5487
f 5500 5487 5488
f 5501 5488 5489
f 5490 5501 5489
f 5491 5502 5490
f 5492 5503 5491
f 5494 5504 5492
f 5505 5506 5494
f 5507 5508 5495
f 5509 5495 5497
f 5510 5497 5498
f 5511 5498 5499
f 5512 5499 5500
f 5513 5500 5501
f 5502 5513 5501
f 5503 5514 5502
f 5504 5515 5503
f 5506 5516 5504
f 5517 5518 5506
f 5519 5520 5507
f 5521 5507 5509
f 5522 5509 5510
f 5523 5510 5511
f 5524 5511 5512
f 5525 5512 5513
f 5514 5525 5513
f 5515 5526 5514
f 5516 5527 5515
f 5518 5528 5516
f 5529 5530 5518
f 5531 5532 5519
f 5533 5519 5521
f 5534 5521 5522
f 5535 5522 5523
f 5536 5523 5524
f 5537 5524 5525
f 5526 5537 5525
f 5527 5538 5526
f 5528 5539 5527
f 5530 5540 5528
f 5541 5542 5530
f 5543 5544 5531
f 5545 5531 5533
f 5546 5533 5534
f 5547 5534 5535
f 5548 5535 5536
f 5549 5536 5537
f 5538 5549 5537
f 5539 5550 5538
f 5540 5551 5539
f 5542 5552 5540
f 5553 5554 5542
f 5555 5556 5543
f 5557 5543 5545
f 5558 5545 5546
f 5559 5546 5547
f 5560 5547 5548
f 5561 5548 5549
f 5550 5561 5549
f 5551 5562 5550
f 5552 5563 5551
f 5554 5564 5552
f 5565 5566 5554
f 3841 5567 5555
f 3844 5555 5557
f 3846 5557 5558
f 3848 5558 5559
f 3850 5559 5560
f 3853 5560 5561
f 5562 3853 5561
f 5563 3855 5562
f 5564 3857 5563
f 5566 3859 5564
f 5568 3861 5566
f 5569 5570 5571
f 5572 5571 5573
f 5574 5573 5575
f 5576 5575 5577
f 5578 5577 5579
f 5580 5579 5581
f 5582 5580 5581
f 5583 5584 5582
f 5585 5586 5583
f 5587 5588 5585
f 5589 5590 5587
f 5591 5592 5569
f 5593 5569 5572
f 5594 5572 5574
f 5595 5574 5576
f 5596 5576 5578
f 5597 5578 5580
f 5584 5597 5580
f 5586 5598 5584
f 5588 5599 5586
f 5590 5600 5588
f 5601 5602 5590
f 5603 5604 5591
f 5605 5591 5593
f 5606 5593 5594
f 5607 5594 5595
f 5608 5595 5596
f 5609 5596 5597
f 5598 5609 5597
f 5599 5610 5598
f 5600 5611 5599
f 5602 5612 5600
f 5613 5614 5602
f 5615 5616 5603
f 5617 5603 5605
f 5618 5605 5606
f 5619 5606 5607
f 5620 5607 5608
f 5621 5608 5609
f 5610 5621 5609
f 5611 5622 5610
f 5612 5623 5611
f 5614 5624 5612
f 5625 5626 5614
f 5627 5628 5615
f 5629 5615 5617
f 5630 5617 5618
f 5631 5618 5619
f 5632 5619 5620
f 5633 5620 5621
f 5622 5633 5621
f 5623 5634 5622
f 5624 5635 5623
f 5626 5636 5624
f 5637 5638 5626
f 5639 5640 5627
f 5641 5627 5629
f 5642 5629 5630
f 5643 5630 5631
f 5644 5631 5632
f 5645 5632 5633
f 5634 5645 5633
f 5635 5646 5634
f 5636 5647 5635
f 5638 5648 5636
f 5649 5650 5638
f 5639 5651 5652
f 5641 5653 5639
f 5642 5654 5641
f 5643 5655 5642
f 5644 5656 5643
f 5657 5644 5645
f 5658 5645 5646
f 5659 5646 5647
f 5660 5647 5648
f 5661 5648 5650
f 5662 5650 5663
f 5653 5664 5651
f 5654 5665 5653
f 5655 5666 5654
f 5656 5667 5655
f 5668 5669 5656
f 5670 5668 5657
f 5671 5657 5658
f 5672 5658 5659
f 5673 5659 5660
f 5674 5660 5661
f 5675 5661 5662
f 5665 5676 5664
f 5666 5677 5665
f 5667 5678 5666
f 5669 5679 5667
f 5680 5681 5669
f 5682 5680 5670
f 5683 5670 5671
f 5684 5671 5672
f 5685 5672 5673
f 5686 5673 5674
f 5687 5674 5675
f 5677 5688 5676
f 5678 5689 5677
f 5679 5690 5678
f 5681 5691 5679
f 5692 5693 5681
f 5694 5692 5682
f 5695 5682 5683
f 5696 5683 5684
f 5697 5684 5685
f 5698 5685 5686
f 5699 5686 5687
f 5689 5700 5688
f 5690 5701 5689
f 5691 5702 5690
f 5693 5703 5691
f 5704 5705 5693
f 5706 5704 5694
f 5707 5694 5695
f 5708 5695 5696
f 5709 5696 5697
f 5710 5697 5698
f 5711 5698 5699
f 5712 5700 5701
f 5713 5701 5702
f 5714 5702 5703
f 5715 5703 5705
f 5716 5705 5717
f 5718 5717 5706
f 5707 5718 5706
f 5708 5719 5707
f 5709 5720 5708
f 5710 5721 5709
f 5711 5722 5710
f 5723 5724 5712
f 5725 5712 5713
f 5726 5713 5714
f 5727 5714 5715
f 5728 5715 5716
f 5718 5728 5716
f 5719 5729 5718
f 5720 5730 5719
f 5721 5731 5720
f 5722 5732 5721
f 5733 5734 5722
f 5723 5735 5736
f 5725 5737 5723
f 5726 5738 5725
f 5727 5739 5726
f 5728 5740 5727
f 5741 5728 5729
f 5742 5729 5730
f 5743 5730 5731
f 5744 5731 5732
f 5745 5732 5734
f 5746 5734 5747
f 5737 5748 5735
f 5738 5749 5737
f 5739 5750 5738
f 5740 5751 5739
f 5752 5753 5740
f 5754 5752 5741
f 5755 5741 5742
f 5756 5742 5743
f 5757 5743 5744
f 5758 5744 5745
f 5759 5745 5746
f 5749 5760 5748
f 5750 5761 5749
f 5751 5762 5750
f 5753 5763 5751
f 5764 5765 5753
f 5754 5766 5764
f 5767 5754 5755
f 5768 5755 5756
f 5769 5756 5757
f 5770 5757 5758
f 5771 5758 5759
f 5761 5772 5760
f 5762 5773 5761
f 5763 5774 5762
f 5765 5775 5763
f 5766 5776 5765
f 5777 5766 5778
f 5779 5778 5767
f 5780 5767 5768
f 5781 5768 5769
f 5782 5769 5770
f 5783 5770 5771
f 5773 5784 5772
f 5774 5785 5773
f 5775 5786 5774
f 5776 5787 5775
f 5788 5789 5776
f 5790 5788 5777
f 5791 5777 5779
f 5792 5779 5780
f 5793 5780 5781
f 5794 5781 5782
f 5795 5782 5783
f 5785 5796 5784
f 5786 5797 5785
f 5787 5798 5786
f 5789 5799 5787
f 5800 5801 5789
f 5802 5800 5790
f 5803 5790 5791
f 5804 5791 5792
f 5805 5792 5793
f 5806 5793 5794
f 5807 5794 5795
f 5797 5808 5796
f 5798 5809 5797
f 5799 5810 5798
f 5801 5811 5799
f 5812 5813 5801
f 5814 5812 5802
f 5815 5802 5803
f 5816 5803 5804
f 5817 5804 5805
f 5818 5805 5806
f 5819 5806 5807
f 5809 5820 5808
f 5810 5821 5809
f 5811 5822 5810
f 5813 5823 5811
f 5824 5825 5813
f 5826 5824 5814
f 5827 5814 5815
f 5828 5815 5816
f 5829 5816 5817
f 5830 5817 5818
f 5831 5818 5819
f 5821 5832 5820
f 5822 5833 5821
f 5823 5834 5822
f 5825 5835 5823
f 5836 5837 5825
f 5838 5836 5826
f 5839 5826 5827
f 5840 5827 5828
f 5841 5828 5829
f 5842 5829 5830
f 5843 5830 5831
f 5833 5844 5832
f 5834 5845 5833
f 5835 5846 5834
f 5837 5847 5835
f 5848 5849 5837
f 5850 5848 5838
f 5851 5838 5839
f 5852 5839 5840
f 5853 5840 5841
f 5854 5841 5842
f 5855 5842 5843
f 5845 5856 5844
f 5846 5857 5845
f 5847 5858 5846
f 5849 5859 5847
f 5860 5861 5849
f 5862 5860 5850
f 5863 5850 5851
f 5864 5851 5852
f 5865 5852 5853
f 5866 5853 5854
f 5867 5854 5855
f 5868 5856 5857
f 5869 5857 5858
f 5870 5858 5859
f 5871 5859 5861
f 5872 5861 5873
f 5874 5873 5862
f 5863 5874 5862
f 5864 5875 5863
f 5865 5876 5864
f 5866 5877 5865
f 5867 5878 5866
f 5879 5880 5868
f 5881 5868 5869
f 5882 5869 5870
f 5883 5870 5871
f 5884 5871 5872
f 5885 5872 5874
f 5875 5885 5874
f 5876 5886 5875
f 5877 5887 5876
f 5878 5888 5877
f 5889 5890 5878
f 5891 5892 5879
f 5893 5879 5881
f 5894 5881 5882
f 5895 5882 5883
f 5896 5883 5884
f 5897 5884 5885
f 5886 5897 5885
f 5887 5898 5886
f 5888 5899 5887
f 5890 5900 5888
f 5901 5902 5890
f 5903 5904 5891
f 5905 5891 5893
f 5906 5893 5894
f 5907 5894 5895
f 5908 5895 5896
f 5909 5896 5897
f 5898 5909 5897
f 5899 5910 5898
f 5900 5911 5899
f 5902 5912 5900
f 5913 5914 5902
f 5915 5916 5903
f 5917 5903 5905
f 5918 5905 5906
f 5919 5906 5907
f 5920 5907 5908
f 5921 5908 5909
f 5910 5921 5909
f 5911 5922 5910
f 5912 5923 5911
f 5914 5924 5912
f 5925 5926 5914
f 5927 5928 5915
f 5929 5915 5917
f 5930 5917 5918
f 5931 5918 5919
f 5932 5919 5920
f 5933 5920 5921
f 5922 5933 5921
f 5923 5934 5922
f 5924 5935 5923
f 5926 5936 5924
f 5937 5938 5926
f 5939 5940 5927
f 5941 5927 5929
f 5942 5929 5930
f 5943 5930 5931
f 5944 5931 5932
f 5945 5932 5933
f 5934 5945 5933
f 5935 5946 5934
f 5936 5947 5935
f 5938 5948 5936
f 5949 5950 5938
f 5951 5952 5939
f 5953 5939 5941
f 5954 5941 5942
f 5955 5942 5943
f 5956 5943 5944
f 5957 5944 5945
f 5946 5957 5945
f 5947 5958 5946
f 5948 5959 5947
f 5950 5960 5948
f 5961 5962 5950
f 5963 5964 5951
f 5965 5951 5953
f 5966 5953 5954
f 5967 5954 5955
f 5968 5955 5956
f 5969 5956 5957
f 5958 5969 5957
f 5959 5970 5958
f 5960 5971 5959
f 5962 5972 5960
f 5973 5974 5962
f 5975 5976 5963
f 5977 5963 5965
f 5978 5965 5966
f 5979 5966 5967
f 5980 5967 5968
f 5981 5968 5969
f 5970 5981 5969
f 5971 5982 5970
f 5972 5983 5971
f 5974 5984 5972
f 5985 5986 5974
f 5987 5988 5975
f 5989 5975 5977
f 5990 5977 5978
f 5991 5978 5979
f 5992 5979 5980
f 5993 5980 5981
f 5982 5993 5981
f 5983 5994 5982
f 5984 5995 5983
f 5986 5996 5984
f 5997 5998 5986
f 5987 5999 6000
f 5989 6001 5987
f 5990 6002 5989
f 5991 6003 5990
f 5992 6004 5991
f 6005 5992 5993
f 6006 5993 5994
f 6007 5994 5995
f 6008 5995 5996
f 6009 5996 5998
f 6010 5998 6011
f 6001 6012 5999
f 6002 6013 6001
f 6003 6014 6002
f 6004 6015 6003
f 6016 6017 6004
f 6018 6016 6005
f 6019 6005 6006
f 6020 6006 6007
f 6021 6007 6008
f 6022 6008 6009
f 6023 6009 6010
f 6024 6012 6013
f 6025 6013 6014
f 6026 6014 6015
f 6027 6015 6017
f 6028 6017 6029
f 6030 6029 6018
f 6019 6030 6018
f 6020 6031 6019
f 6021 6032 6020
f 6022 6033 6021
f 6023 6034 6022
f 6035 6036 6024
f 6037 6024 6025
f 6038 6025 6026
f 6039 6026 6027
f 6040 6027 6028
f 6041 6028 6030
f 6031 6041 6030
f 6032 6042 6031
f 6033 6043 6032
f 6034 6044 6033
f 6045 6046 6034
f 6047 6048 6035
f 6049 6035 6037
f 6050 6037 6038
f 6051 6038 6039
f 6052 6039 6040
f 6053 6040 6041
f 6042 6053 6041
f 6043 6054 6042
f 6044 6055 6043
f 6046 6056 6044
f 6057 6058 6046
f 6059 6060 6047
f 6061 6047 6049
f 6062 6049 6050
f 6063 6050 6051
f 6064 6051 6052
f 6065 6052 6053
f 6054 6065 6053
f 6055 6066 6054
f 6056 6067 6055
f 6058 6068 6056
f 6069 6070 6058
f 6071 6072 6059
f 6073 6059 6061
f 6074 6061 6062
f 6075 6062 6063
f 6076 6063 6064
f 6077 6064 6065
f 6066 6077 6065
f 6067 6078 6066
f 6068 6079 6067
f 6070 6080 6068
f 6081 6082 6070
f 6071 6083 6084
f 6073 6085 6071
f 6074 6086 6073
f 6075 6087 6074
f 6076 6088 6075
f 6089 6076 6077
f 6090 6077 6078
f 6091 6078 6079
f 6092 6079 6080
f 6093 6080 6082
f 6094 6082 6095
f 6085 6096 6083
f 6086 6097 6085
f 6087 6098 6086
f 6088 6099 6087
f 6100 6101 6088
f 6102 6100 6089
f 6103 6089 6090
f 6104 6090 6091
f 6105 6091 6092
f 6106 6092 6093
f 6107 6093 6094
f 6097 6108 6096
f 6098 6109 6097
f 6099 6110 6098
f 6101 6111 6099
f 6112 6113 6101
f 6114 6112 6102
f 6115 6102 6103
f 6116 6103 6104
f 6117 6104 6105
f 6118 6105 6106
f 6119 6106 6107
f 6109 6120 6108
f 6110 6121 6109
f 6111 6122 6110
f 6113 6123 6111
f 6124 6125 6113
f 6126 6124 6114
f 6127 6114 6115
f 6128 6115 6116
f 6129 6116 6117
f 6130 6117 6118
f 6131 6118 6119
f 6121 6132 6120
f 6122 6133 6121
f 6123 6134 6122
f 6125 6135 6123
f 6136 6137 6125
f 6138 6136 6126
f 6139 6126 6127
f 6140 6127 6128
f 6141 6128 6129
f 6142 6129 6130
f 6143 6130 6131
f 6133 6144 6132
f 6134 6145 6133
f 6135 6146 6134
f 6137 6147 6135
f 6148 6149 6137
f 6150 6148 6138
f 6151 6138 6139
f 6152 6139 6140
f 6153 6140 6141
f 6154 6141 6142
f 6155 6142 6143
f 6156 6144 6145
f 6157 6145 6146
f 6158 6146 6147
f 6159 6147 6149
f 6160 6149 6161
f 6162 6161 6150
f 6151 6162 6150
f 6152 6163 6151
f 6153 6164 6152
f 6154 6165 6153
f 6155 6166 6154
f 6167 6168 6156
f 6169 6156 6157
f 6170 6157 6158
f 6171 6158 6159
f 6172 6159 6160
f 6173 6160 6162
f 6163 6173 6162
f 6164 6174 6163
f 6165 6175 6164
f 6166 6176 6165
f 6177 6178 6166
f 6179 6180 6167
f 6181 6167 6169
f 6182 6169 6170
f 6183 6170 6171
f 6184 6171 6172
f 6185 6172 6173
f 6174 6185 6173
f 6175 6186 6174
f 6176 6187 6175
f 6178 6188 6176
f 6189 6190 6178
f 6191 6192 6179
f 6193 6179 6181
f 6194 6181 6182
f 6195 6182 6183
f 6196 6183 6184
f 6197 6184 6185
f 6186 6197 6185
f 6187 6198 6186
f 6188 6199 6187
f 6190 6200 6188
f 6201 6202 6190
f 6203 6204 6191
f 6205 6191 6193
f 6206 6193 6194
f 6207 6194 6195
f 6208 6195 6196
f 6197 6208 6196
f 6198 6209 6197
f 6199 6210 6198
f 6200 6211 6199
f 6202 6212 6200
f 6213 6214 6202
f 6203 6215 6216
f 6205 6217 6203
f 6206 6218 6205
f 6207 6219 6206
f 6208 6220 6207
f 6221 6208 6209
f 6222 6209 6210
f 6223 6210 6211
f 6224 6211 6212
f 6225 6212 6214
f 6226 6214 6227
f 6217 6228 6215
f 6218 6229 6217
f 6219 6230 6218
f 6220 6231 6219
f 6232 6233 6220
f 6234 6232 6221
f 6235 6221 6222
f 6236 6222 6223
f 6237 6223 6224
f 6238 6224 6225
f 6239 6225 6226
f 6229 6240 6228
f 6230 6241 6229
f 6231 6242 6230
f 6233 6243 6231
f 6244 6245 6233
f 6246 6244 6234
f 6247 6234 6235
f 6248 6235 6236
f 6249 6236 6237
f 6250 6237 6238
f 6251 6238 6239
f 6241 6252 6240
f 6242 6253 6241
f 6243 6254 6242
f 6245 6255 6243
f 6256 6257 6245
f 6258 6256 6246
f 6259 6246 6247
f 6260 6247 6248
f 6261 6248 6249
f 6262 6249 6250
f 6263 6250 6251
f 6253 6264 6252
f 6254 6265 6253
f 6255 6266 6254
f 6257 6267 6255
f 6268 6269 6257
f 6270 6268 6258
f 6271 6258 6259
f 6272 6259 6260
f 6273 6260 6261
f 6274 6261 6262
f 6275 6262 6263
f 6265 6276 6264
f 6266 6277 6265
f 6267 6278 6266
f 6269 6279 6267
f 6280 6281 6269
f 6282 6280 6270
f 6283 6270 6271
f 6284 6271 6272
f 6285 6272 6273
f 6286 6273 6274
f 6287 6274 6275
f 6288 6276 6277
f 6289 6277 6278
f 6290 6278 6279
f 6291 6279 6281
f 6292 6281 6293
f 6294 6293 6282
f 6283 6294 6282
f 6284 6295 6283
f 6285 6296 6284
f 6286 6297 6285
f 6287 6298 6286
f 6299 6300 6288
f 6301 6288 6289
f 6302 6289 6290
f 6303 6290 6291
f 6304 6291 6292
f 6305 6292 6294
f 6295 6305 6294
f 6296 6306 6295
f 6297 6307 6296
f 6298 6308 6297
f 6309 6310 6298
f 6299 6311 6312
f 6301 6313 6299
f 6302 6314 6301
f 6303 6315 6302
f 6304 6316 6303
f 6305 6317 6304
f 6318 6305 6306
f 6319 6306 6307
f 6320 6307 6308
f 6321 6308 6310
f 6322 6310 6323
f 6313 6324 6311
f 6314 6325 6313
f 6315 6326 6314
f 6316 6327 6315
f 6317 6328 6316
f 6329 6317 6330
f 6331 6330 6318
f 6332 6318 6319
f 6333 6319 6320
f 6334 6320 6321
f 6335 6321 6322
f 6325 6336 6324
f 6326 6337 6325
f 6327 6338 6326
f 6328 6339 6327
f 6340 6341 6328
f 6342 6340 6329
f 6343 6329 6331
f 6344 6331 6332
f 6345 6332 6333
f 6346 6333 6334
f 6347 6334 6335
f 6337 6348 6336
f 6338 6349 6337
f 6339 6350 6338
f 6341 6351 6339
f 6352 6353 6341
f 6354 6352 6342
f 6355 6342 6343
f 6356 6343 6344
f 6357 6344 6345
f 6358 6345 6346
f 6359 6346 6347
f 6349 6360 6348
f 6350 6361 6349
f 6351 6362 6350
f 6353 6363 6351
f 6364 6365 6353
f 6366 6364 6354
f 6367 6354 6355
f 6368 6355 6356
f 6369 6356 6357
f 6370 6357 6358
f 6371 6358 6359
f 6361 6372 6360
f 6362 6373 6361
f 6363 6374 6362
f 6365 6375 6363
f 6376 6377 6365
f 6378 6376 6366
f 6379 6366 6367
f 6380 6367 6368
f 6381 6368 6369
f 6382 6369 6370
f 6383 6370 6371
f 6373 6384 6372
f 6374 6385 6373
f 6375 6386 6374
f 6377 6387 6375
f 6388 6389 6377
f 6390 6388 6378
f 6391 6378 6379
f 6392 6379 6380
f 6393 6380 6381
f 6394 6381 6382
f 6395 6382 6383
f 6385 6396 6384
f 6386 6397 6385
f 6387 6398 6386
f 6389 6399 6387
f 6400 6401 6389
f 6390 6402 6400
f 6403 6390 6391
f 6404 6391 6392
f 6405 6392 6393
f 6406 6393 6394
f 6407 6394 6395
f 6397 6408 6396
f 6398 6409 6397
f 6399 6410 6398
f 6401 6411 6399
f 6402 6412 6401
f 6413 6402 6414
f 6415 6414 6403
f 6416 6403 6404
f 6417 6404 6405
f 6418 6405 6406
f 6419 6406 6407
f 6409 6420 6408
f 6410 6421 6409
f 6411 6422 6410
f 6412 6423 6411
f 6424 6425 6412
f 6426 6424 6413
f 6427 6413 6415
f 6428 6415 6416
f 6429 6416 6417
f 6430 6417 6418
f 6431 6418 6419
f 6421 6432 6420
f 6422 6433 6421
f 6423 6434 6422
f 6425 6435 6423
f 6436 6437 6425
f 6438 6436 6426
f 6439 6426 6427
f 6440 6427 6428
f 6441 6428 6429
f 6442 6429 6430
f 6443 6430 6431
f 6444 6432 6433
f 6445 6433 6434
f 6446 6434 6435
f 6447 6435 6437
f 6448 6437 6449
f 6450 6449 6438
f 6439 6450 6438
f 6440 6451 6439
f 6441 6452 6440
f 6442 6453 6441
f 6443 6454 6442
f 6455 6456 6444
f 6457 6444 6445
f 6458 6445 6446
f 6459 6446 6447
f 6460 6447 6448
f 6461 6448 6450
f 6451 6461 6450
f 6452 6462 6451
f 6453 6463 6452
f 6454 6464 6453
f 6465 6466 6454
f 6467 6468 6455
f 6469 6455 6457
f 6470 6457 6458
f 6471 6458 6459
f 6472 6459 6460
f 6461 6472 6460
f 6462 6473 6461
f 6463 6474 6462
f 6464 6475 6463
f 6466 6476 6464
f 6477 6478 6466
f 6479 6480 6467
f 6481 6467 6469
f 6482 6469 6470
f 6483 6470 6471
f 6484 6471 6472
f 6473 6484 6472
f 6474 6485 6473
f 6475 6486 6474
f 6476 6487 6475
f 6478 6488 6476
f 6489 6490 6478
f 6491 6492 6479
f 6493 6479 6481
f 6494 6481 6482
f 6495 6482 6483
f 6496 6483 6484
f 6497 6484 6485
f 6486 6497 6485
f 6487 6498 6486
f 6488 6499 6487
f 6490 6500 6488
f 6501 6502 6490
f 6503 6504 6491
f 6505 6491 6493
f 6506 6493 6494
f 6507 6494 6495
f 6508 6495 6496
f 6509 6496 6497
f 6498 6509 6497
f 6499 6510 6498
f 6500 6511 6499
f 6502 6512 6500
f 6513 6514 6502
f 6515 6516 6503
f 6517 6503 6505
f 6518 6505 6506
f 6519 6506 6507
f 6520 6507 6508
f 6521 6508 6509
f 6510 6521 6509
f 6511 6522 6510
f 6512 6523 6511
f 6514 6524 6512
f 6525 6526 6514
f 6527 6528 6515
f 6529 6515 6517
f 6530 6517 6518
f 6531 6518 6519
f 6532 6519 6520
f 6533 6520 6521
f 6522 6533 6521
f 6523 6534 6522
f 6524 6535 6523
f 6526 6536 6524
f 6537 6538 6526
f 6539 6540 6527
f 6541 6527 6529
f 6542 6529 6530
f 6543 6530 6531
f 6544 6531 6532
f 6545 6532 6533
f 6534 6545 6533
f 6535 6546 6534
f 6536 6547 6535
f 6538 6548 6536
f 6549 6550 6538
f 6551 6552 6539
f 6553 6539 6541
f 6554 6541 6542
f 6555 6542 6543
f 6556 6543 6544
f 6557 6544 6545
f 6546 6557 6545
f 6547 6558 6546
f 6548 6559 6547
f 6550 6560 6548
f 6561 6562 6550
f 6563 6564 6551
f 6565 6551 6553
f 6566 6553 6554
f 6567 6554 6555
f 6568 6555 6556
f 6569 6556 6557
f 6558 6569 6557
f 6559 6570 6558
f 6560 6571 6559
f 6562 6572 6560
f 6573 6574 6562
f 6563 6575 6576
f 6565 6577 6563
f 6566 6578 6565
f 6567 6579 6566
f 6568 6580 6567
f 6581 6568 6569
f 6582 6569 6570
f 6583 6570 6571
f 6584 6571 6572
f 6585 6572 6574
f 6586 6574 6587
f 6577 6588 6575
f 6578 6589 6577
f 6579 6590 6578
f 6580 6591 6579
f 6592 6593 6580
f 6594 6592 6581
f 6595 6581 6582
f 6596 6582 6583
f 6597 6583 6584
f 6598 6584 6585
f 6599 6585 6586
f 6600 6588 6589
f 6601 6589 6590
f 6602 6590 6591
f 6603 6591 6593
f 6604 6593 6605
f 6606 6605 6594
f 6595 6606 6594
f 6596 6607 6595
f 6597 6608 6596
f 6598 6609 6597
f 6599 6610 6598
f 6611 6612 6600
f 6613 6600 6601
f 6614 6601 6602
f 6615 6602 6603
f 6616 6603 6604
f 6617 6604 6606
f 6607 6617 6606
f 6608 6618 6607
f 6609 6619 6608
f 6610 6620 6609
f 6621 6622 6610
f 6623 6624 6611
f 6625 6611 6613
f 6626 6613 6614
f 6627 6614 6615
f 6628 6615 6616
f 6629 6616 6617
f 6618 6629 6617
f 6619 6630 6618
f 6620 6631 6619
f 6622 6632 6620
f 6633 6634 6622
f 6635 6636 6623
f 6637 6623 6625
f 6638 6625 6626
f 6639 6626 6627
f 6640 6627 6628
f 6641 6628 6629
f 6630 6641 6629
f 6631 6642 6630
f 6632 6643 6631
f 6634 6644 6632
f 6645 6646 6634
f 6647 6648 6635
f 6649 6635 6637
f 6650 6637 6638
f 6651 6638 6639
f 6652 6639 6640
f 6653 6640 6641
f 6642 6653 6641
f 6643 6654 6642
f 6644 6655 6643
f 6646 6656 6644
f 6657 6658 6646
f 6659 6660 6647
f 6661 6647 6649
f 6662 6649 6650
f 6663 6650 6651
f 6664 6651 6652
f 6665 6652 6653
f 6654 6665 6653
f 6655 6666 6654
f 6656 6667 6655
f 6658 6668 6656
f 6669 6670 6658
f 6659 6671 6672
f 6661 6673 6659
f 6662 6674 6661
f 6663 6675 6662
f 6664 6676 6663
f 6665 6677 6664
f 6678 6665 6666
f 6679 6666 6667
f 6680 6667 6668
f 6681 6668 6670
f 6682 6670 6683
f 6673 6684 6671
f 6674 6685 6673
f 6675 6686 6674
f 6676 6687 6675
f 6677 6688 6676
f 6689 6677 6690
f 6691 6690 6678
f 6692 6678 6679
f 6693 6679 6680
f 6694 6680 6681
f 6695 6681 6682
f 6685 6696 6684
f 6686 6697 6685
f 6687 6698 6686
f 6688 6699 6687
f 6700 6701 6688
f 6702 6700 6689
f 6703 6689 6691
f 6704 6691 6692
f 6705 6692 6693
f 6706 6693 6694
f 6707 6694 6695
f 6697 6708 6696
f 6698 6709 6697
f 6699 6710 6698
f 6701 6711 6699
f 6712 6713 6701
f 6714 6712 6702
f 6715 6702 6703
f 6716 6703 6704
f 6717 6704 6705
f 6718 6705 6706
f 6719 6706 6707
f 6709 5570 6708
f 6710 5571 6709
f 6711 5573 6710
f 6713 5575 6711
f 6720 5577 6713
f 5581 6720 6714
f 5582 6714 6715
f 5583 6715 6716
f 5585 6716 6717
f 5587 6717 6718
f 5589 6718 6719
f 3841 3845 3842
f 3844 3847 3845
f 3846 3849 3847
f 3848 3851 3849
f 3850 3868 3851
f 3852 3868 3850
f 3854 3852 3853
f 3856 3854 3855
f 3858 3856 3857
f 3860 3858 3859
f 3862 3860 3861
f 3845 3865 3864
f 3847 3866 3865
f 3849 3867 3866
f 3851 3869 3867
f 3868 3880 3869
f 3870 3880 3868
f 3871 3870 3852
f 3872 3871 3854
f 3873 3872 3856
f 3874 3873 3858
f 3875 3874 3860
f 3865 3877 3876
f 3866 3878 3877
f 3867 3879 3878
f 3869 3881 3879
f 3880 3892 3881
f 3882 3892 3880
f 3883 3882 3870
f 3884 3883 3871
f 3885 3884 3872
f 3886 3885 3873
f 3887 3886 3874
f 3877 3889 3888
f 3878 3890 3889
f 3879 3891 3890
f 3881 3893 3891
f 3892 3904 3893
f 3894 3904 3892
f 3895 3894 3882
f 3896 3895 3883
f 3897 3896 3884
f 3898 3897 3885
f 3899 3898 3886
f 3889 3901 3900
f 3890 3902 3901
f 3891 3903 3902
f 3893 3905 3903
f 3904 3916 3905
f 3906 3916 3904
f 3907 3906 3894
f 3908 3907 3895
f 3909 3908 3896
f 3910 3909 3897
f 3911 3910 3898
f 3901 3913 3912
f 3902 3914 3913
f 3903 3915 3914
f 3905 3917 3915
f 3916 3928 3917
f 3918 3928 3916
f 3919 3918 3906
f 3920 3919 3907
f 3921 3920 3908
f 3922 3921 3909
f 3923 3922 3910
f 3913 3925 3924
f 3914 3926 3925
f 3915 3927 3926
f 3917 3929 3927
f 3928 3940 3929
f 3930 3940 3928
f 3931 3930 3918
f 3932 3931 3919
f 3933 3932 3920
f 3934 3933 3921
f 3935 3934 3922
f 3925 3937 3936
f 3926 3938 3937
f 3927 3939 3938
f 3929 3941 3939
f 3940 3952 3941
f 3942 3952 3940
f 3943 3942 3930
f 3944 3943 3931
f 3945 3944 3932
f 3946 3945 3933
f 3947 3946 3934
f 3937 3949 3948
f 3938 3950 3949
f 3939 3951 3950
f 3941 3953 3951
f 3952 3965 3953
f 3954 3965 3952
f 3955 3954 3942
f 3956 3955 3943
f 3957 3956 3944
f 3958 3957 3945
f 3959 3958 3946
f 3960 3972 3948
f 3961 3960 3949
f 3962 3961 3950
f 3963 3962 3951
f 3964 3963 3953
f 3966 3964 3965
f 3955 3967 3966
f 3956 3968 3967
f 3957 3969 3968
f 3958 3970 3969
f 3959 3981 3970
f 3971 3984 3972
f 3973 3971 3960
f 3974 3973 3961
f 3975 3974 3962
f 3976 3975 3963
f 3977 3976 3964
f 3967 3978 3977
f 3968 3979 3978
f 3969 3980 3979
f 3970 3982 3980
f 3981 3995 3982
f 3971 3985 3983
f 3973 3986 3985
f 3974 3987 3986
f 3975 3988 3987
f 3976 4000 3988
f 3989 4000 3976
f 3990 3989 3977
f 3991 3990 3978
f 3992 3991 3979
f 3993 3992 3980
f 3994 3993 3982
f 3985 3997 3996
f 3986 3998 3997
f 3987 3999 3998
f 3988 4001 3999
f 4000 4013 4001
f 4002 4013 4000
f 4003 4002 3989
f 4004 4003 3990
f 4005 4004 3991
f 4006 4005 3992
f 4007 4006 3993
f 3997 4009 4008
f 3998 4010 4009
f 3999 4011 4010
f 4001 4023 4011
f 4012 4023 4001
f 4014 4012 4013
f 4003 4026 4014
f 4015 4026 4003
f 4016 4015 4004
f 4017 4016 4005
f 4018 4017 4006
f 4019 4032 4008
f 4020 4019 4009
f 4021 4020 4010
f 4022 4021 4011
f 4024 4022 4023
f 4025 4024 4012
f 4026 4027 4025
f 4015 4028 4027
f 4016 4029 4028
f 4017 4030 4029
f 4018 4041 4030
f 4031 4044 4032
f 4033 4031 4019
f 4034 4033 4020
f 4035 4034 4021
f 4036 4035 4022
f 4037 4036 4024
f 4027 4038 4037
f 4028 4039 4038
f 4029 4040 4039
f 4030 4042 4040
f 4041 4053 4042
f 4043 4056 4044
f 4045 4043 4031
f 4046 4045 4033
f 4047 4046 4034
f 4048 4047 4035
f 4049 4048 4036
f 4038 4050 4049
f 4039 4051 4050
f 4040 4052 4051
f 4042 4054 4052
f 4053 4065 4054
f 4055 4068 4056
f 4057 4055 4043
f 4058 4057 4045
f 4059 4058 4046
f 4060 4059 4047
f 4061 4060 4048
f 4050 4062 4061
f 4051 4063 4062
f 4052 4064 4063
f 4054 4066 4064
f 4065 4077 4066
f 4067 4080 4068
f 4069 4067 4055
f 4070 4069 4057
f 4071 4070 4058
f 4072 4071 4059
f 4073 4072 4060
f 4062 4074 4073
f 4063 4075 4074
f 4064 4076 4075
f 4066 4078 4076
f 4077 4089 4078
f 4079 4092 4080
f 4081 4079 4067
f 4082 4081 4069
f 4083 4082 4070
f 4084 4083 4071
f 4085 4084 4072
f 4074 4086 4085
f 4075 4087 4086
f 4076 4088 4087
f 4078 4090 4088
f 4089 4101 4090
f 4091 4104 4092
f 4093 4091 4079
f 4094 4093 4081
f 4095 4094 4082
f 4096 4095 4083
f 4097 4096 4084
f 4086 4098 4097
f 4087 4099 4098
f 4088 4100 4099
f 4090 4102 4100
f 4101 4113 4102
f 4103 4116 4104
f 4105 4103 4091
f 4106 4105 4093
f 4107 4106 4094
f 4108 4107 4095
f 4109 4108 4096
f 4098 4110 4109
f 4099 4111 4110
f 4100 4112 4111
f 4102 4114 4112
f 4113 4125 4114
f 4115 4128 4116
f 4117 4115 4103
f 4118 4117 4105
f 4119 4118 4106
f 4120 4119 4107
f 4121 4120 4108
f 4110 4122 4121
f 4111 4123 4122
f 4112 4124 4123
f 4114 4126 4124
f 4125 4139 4126
f 4115 4129 4127
f 4117 4130 4129
f 4118 4131 4130
f 4119 4132 4131
f 4120 4144 4132
f 4133 4144 4120
f 4134 4133 4121
f 4135 4134 4122
f 4136 4135 4123
f 4137 4136 4124
f 4138 4137 4126
f 4129 4141 4140
f 4130 4142 4141
f 4131 4143 4142
f 4132 4145 4143
f 4144 4157 4145
f 4146 4157 4144
f 4147 4146 4133
f 4148 4147 4134
f 4149 4148 4135
f 4150 4149 4136
f 4151 4150 4137
f 4152 4164 4140
f 4153 4152 4141
f 4154 4153 4142
f 4155 4154 4143
f 4156 4155 4145
f 4158 4156 4157
f 4147 4159 4158
f 4148 4160 4159
f 4149 4161 4160
f 4150 4162 4161
f 4151 4173 4162
f 4163 4176 4164
f 4165 4163 4152
f 4166 4165 4153
f 4167 4166 4154
f 4168 4167 4155
f 4169 4168 4156
f 4159 4170 4169
f 4160 4171 4170
f 4161 4172 4171
f 4162 4174 4172
f 4173 4185 4174
f 4175 4188 4176
f 4177 4175 4163
f 4178 4177 4165
f 4179 4178 4166
f 4180 4179 4167
f 4181 4180 4168
f 4170 4182 4181
f 4171 4183 4182
f 4172 4184 4183
f 4174 4186 4184
f 4185 4197 4186
f 4187 4200 4188
f 4189 4187 4175
f 4190 4189 4177
f 4191 4190 4178
f 4192 4191 4179
f 4193 4192 4180
f 4182 4194 4193
f 4183 4195 4194
f 4184 4196 4195
f 4186 4198 4196
f 4197 4209 4198
f 4199 4212 4200
f 4201 4199 4187
f 4202 4201 4189
f 4203 4202 4190
f 4204 4203 4191
f 4193 4205 4204
f 4194 4206 4205
f 4195 4207 4206
f 4196 4208 4207
f 4198 4210 4208
f 4209 4221 4210
f 4211 4224 4212
f 4213 4211 4199
f 4214 4213 4201
f 4215 4214 4202
f 4216 4215 4203
f 4217 4216 4204
f 4206 4218 4217
f 4207 4219 4218
f 4208 4220 4219
f 4210 4222 4220
f 4221 4233 4222
f 4223 4236 4224
f 4225 4223 4211
f 4226 4225 4213
f 4227 4226 4214
f 4228 4227 4215
f 4229 4228 4216
f 4218 4230 4229
f 4219 4231 4230
f 4220 4232 4231
f 4222 4234 4232
f 4233 4245 4234
f 4235 4248 4236
f 4237 4235 4223
f 4238 4237 4225
f 4239 4238 4226
f 4240 4239 4227
f 4241 4240 4228
f 4230 4242 4241
f 4231 4243 4242
f 4232 4244 4243
f 4234 4246 4244
f 4245 4257 4246
f 4247 4260 4248
f 4249 4247 4235
f 4250 4249 4237
f 4251 4250 4238
f 4252 4251 4239
f 4253 4252 4240
f 4242 4254 4253
f 4243 4255 4254
f 4244 4256 4255
f 4246 4258 4256
f 4257 4269 4258
f 4259 4272 4260
f 4261 4259 4247
f 4262 4261 4249
f 4263 4262 4250
f 4264 4263 4251
f 4265 4264 4252
f 4254 4266 4265
f 4255 4267 4266
f 4256 4268 4267
f 4258 4270 4268
f 4269 4281 4270
f 4271 4284 4272
f 4273 4271 4259
f 4274 4273 4261
f 4275 4274 4262
f 4276 4275 4263
f 4277 4276 4264
f 4266 4278 4277
f 4267 4279 4278
f 4268 4280 4279
f 4270 4282 4280
f 4281 4295 4282
f 4271 4285 4283
f 4273 4286 4285
f 4274 4287 4286
f 4275 4288 4287
f 4276 4300 4288
f 4289 4300 4276
f 4290 4289 4277
f 4291 4290 4278
f 4292 4291 4279
f 4293 4292 4280
f 4294 4293 4282
f 4285 4297 4296
f 4286 4298 4297
f 4287 4299 4298
f 4288 4301 4299
f 4300 4312 4301
f 4302 4312 4300
f 4303 4302 4289
f 4304 4303 4290
f 4305 4304 4291
f 4306 4305 4292
f 4307 4306 4293
f 4297 4309 4308
f 4298 4310 4309
f 4299 4311 4310
f 4301 4313 4311
f 4312 4324 4313
f 4314 4324 4312
f 4315 4314 4302
f 4316 4315 4303
f 4317 4316 4304
f 4318 4317 4305
f 4319 4318 4306
f 4309 4321 4320
f 4310 4322 4321
f 4311 4323 4322
f 4313 4325 4323
f 4324 4326 4325
f 4314 4338 4326
f 4327 4338 4314
f 4328 4327 4315
f 4329 4328 4316
f 4330 4329 4317
f 4331 4330 4318
f 4321 4333 4332
f 4322 4334 4333
f 4323 4335 4334
f 4325 4336 4335
f 4326 4348 4336
f 4337 4348 4326
f 4339 4337 4338
f 4340 4339 4327
f 4341 4340 4328
f 4342 4341 4329
f 4343 4342 4330
f 4333 4345 4344
f 4334 4346 4345
f 4335 4347 4346
f 4336 4349 4347
f 4348 4360 4349
f 4350 4360 4348
f 4351 4350 4337
f 4352 4351 4339
f 4353 4352 4340
f 4354 4353 4341
f 4355 4354 4342
f 4345 4357 4356
f 4346 4358 4357
f 4347 4359 4358
f 4349 4361 4359
f 4360 4362 4361
f 4350 4374 4362
f 4363 4374 4350
f 4364 4363 4351
f 4365 4364 4352
f 4366 4365 4353
f 4367 4366 4354
f 4357 4369 4368
f 4358 4370 4369
f 4359 4371 4370
f 4361 4372 4371
f 4362 4384 4372
f 4373 4384 4362
f 4375 4373 4374
f 4376 4375 4363
f 4377 4376 4364
f 4378 4377 4365
f 4379 4378 4366
f 4369 4381 4380
f 4370 4382 4381
f 4371 4383 4382
f 4372 4385 4383
f 4384 4396 4385
f 4386 4396 4384
f 4387 4386 4373
f 4388 4387 4375
f 4389 4388 4376
f 4390 4389 4377
f 4391 4390 4378
f 4381 4393 4392
f 4382 4394 4393
f 4383 4395 4394
f 4385 4397 4395
f 4396 4408 4397
f 4398 4408 4396
f 4399 4398 4386
f 4400 4399 4387
f 4401 4400 4388
f 4402 4401 4389
f 4403 4402 4390
f 4393 4405 4404
f 4394 4406 4405
f 4395 4407 4406
f 4397 4409 4407
f 4408 4421 4409
f 4410 4421 4408
f 4411 4410 4398
f 4412 4411 4399
f 4413 4412 4400
f 4414 4413 4401
f 4415 4414 4402
f 4416 4428 4404
f 4417 4416 4405
f 4418 4417 4406
f 4419 4418 4407
f 4420 4419 4409
f 4422 4420 4421
f 4411 4423 4422
f 4412 4424 4423
f 4413 4425 4424
f 4414 4426 4425
f 4415 4437 4426
f 4427 4440 4428
f 4429 4427 4416
f 4430 4429 4417
f 4431 4430 4418
f 4432 4431 4419
f 4433 4432 4420
f 4423 4434 4433
f 4424 4435 4434
f 4425 4436 4435
f 4426 4438 4436
f 4437 4451 4438
f 4427 4441 4439
f 4429 4442 4441
f 4430 4443 4442
f 4431 4444 4443
f 4432 4456 4444
f 4445 4456 4432
f 4446 4445 4433
f 4447 4446 4434
f 4448 4447 4435
f 4449 4448 4436
f 4450 4449 4438
f 4441 4453 4452
f 4442 4454 4453
f 4443 4455 4454
f 4444 4457 4455
f 4456 4468 4457
f 4458 4468 4456
f 4459 4458 4445
f 4460 4459 4446
f 4461 4460 4447
f 4462 4461 4448
f 4463 4462 4449
f 4453 4465 4464
f 4454 4466 4465
f 4455 4467 4466
f 4457 4469 4467
f 4468 4480 4469
f 4470 4480 4468
f 4471 4470 4458
f 4472 4471 4459
f 4473 4472 4460
f 4474 4473 4461
f 4475 4474 4462
f 4465 4477 4476
f 4466 4478 4477
f 4467 4479 4478
f 4469 4481 4479
f 4480 4492 4481
f 4482 4492 4480
f 4483 4482 4470
f 4484 4483 4471
f 4485 4484 4472
f 4486 4485 4473
f 4487 4486 4474
f 4477 4489 4488
f 4478 4490 4489
f 4479 4491 4490
f 4481 4493 4491
f 4492 4504 4493
f 4494 4504 4492
f 4495 4494 4482
f 4496 4495 4483
f 4497 4496 4484
f 4498 4497 4485
f 4499 4498 4486
f 4489 4501 4500
f 4490 4502 4501
f 4491 4503 4502
f 4493 4505 4503
f 4504 4516 4505
f 4506 4516 4504
f 4507 4506 4494
f 4508 4507 4495
f 4509 4508 4496
f 4510 4509 4497
f 4511 4510 4498
f 4501 4513 4512
f 4502 4514 4513
f 4503 4515 4514
f 4505 4517 4515
f 4516 4528 4517
f 4518 4528 4516
f 4519 4518 4506
f 4520 4519 4507
f 4521 4520 4508
f 4522 4521 4509
f 4523 4522 4510
f 4513 4525 4524
f 4514 4526 4525
f 4515 4527 4526
f 4517 4529 4527
f 4528 4540 4529
f 4530 4540 4528
f 4531 4530 4518
f 4532 4531 4519
f 4533 4532 4520
f 4534 4533 4521
f 4535 4534 4522
f 4525 4537 4536
f 4526 4538 4537
f 4527 4539 4538
f 4529 4541 4539
f 4540 4553 4541
f 4542 4553 4540
f 4543 4542 4530
f 4544 4543 4531
f 4545 4544 4532
f 4546 4545 4533
f 4547 4546 4534
f 4548 4560 4536
f 4549 4548 4537
f 4550 4549 4538
f 4551 4550 4539
f 4552 4551 4541
f 4554 4552 4553
f 4543 4555 4554
f 4544 4556 4555
f 4545 4557 4556
f 4546 4558 4557
f 4547 4569 4558
f 4559 4572 4560
f 4561 4559 4548
f 4562 4561 4549
f 4563 4562 4550
f 4564 4563 4551
f 4565 4564 4552
f 4555 4566 4565
f 4556 4567 4566
f 4557 4568 4567
f 4558 4570 4568
f 4569 4581 4570
f 4571 4584 4572
f 4573 4571 4559
f 4574 4573 4561
f 4575 4574 4562
f 4576 4575 4563
f 4577 4576 4564
f 4566 4578 4577
f 4567 4579 4578
f 4568 4580 4579
f 4570 4582 4580
f 4581 4595 4582
f 4571 4585 4583
f 4573 4586 4585
f 4574 4587 4586
f 4575 4588 4587
f 4576 4600 4588
f 4589 4600 4576
f 4590 4589 4577
f 4591 4590 4578
f 4592 4591 4579
f 4593 4592 4580
f 4594 4593 4582
f 4585 4597 4596
f 4586 4598 4597
f 4587 4599 4598
f 4588 4601 4599
f 4600 4613 4601
f 4602 4613 4600
f 4603 4602 4589
f 4604 4603 4590
f 4605 4604 4591
f 4606 4605 4592
f 4607 4606 4593
f 4608 4620 4596
f 4609 4608 4597
f 4610 4609 4598
f 4611 4610 4599
f 4612 4611 4601
f 4614 4612 4613
f 4603 4615 4614
f 4604 4616 4615
f 4605 4617 4616
f 4606 4618 4617
f 4607 4629 4618
f 4619 4632 4620
f 4621 4619 4608
f 4622 4621 4609
f 4623 4622 4610
f 4624 4623 4611
f 4625 4624 4612
f 4615 4626 4625
f 4616 4627 4626
f 4617 4628 4627
f 4618 4630 4628
f 4629 4641 4630
f 4631 4644 4632
f 4633 4631 4619
f 4634 4633 4621
f 4635 4634 4622
f 4636 4635 4623
f 4637 4636 4624
f 4626 4638 4637
f 4627 4639 4638
f 4628 4640 4639
f 4630 4642 4640
f 4641 4653 4642
f 4643 4656 4644
f 4645 4643 4631
f 4646 4645 4633
f 4647 4646 4634
f 4648 4647 4635
f 4649 4648 4636
f 4638 4650 4649
f 4639 4651 4650
f 4640 4652 4651
f 4642 4654 4652
f 4653 4665 4654
f 4655 4668 4656
f 4657 4655 4643
f 4658 4657 4645
f 4659 4658 4646
f 4660 4659 4647
f 4661 4660 4648
f 4650 4662 4661
f 4651 4663 4662
f 4652 4664 4663
f 4654 4666 4664
f 4665 4677 4666
f 4667 4680 4668
f 4669 4667 4655
f 4670 4669 4657
f 4671 4670 4658
f 4672 4671 4659
f 4673 4672 4660
f 4662 4674 4673
f 4663 4675 4674
f 4664 4676 4675
f 4666 4678 4676
f 4677 4689 4678
f 4679 4692 4680
f 4681 4679 4667
f 4682 4681 4669
f 4683 4682 4670
f 4684 4683 4671
f 4685 4684 4672
f 4674 4686 4685
f 4675 4687 4686
f 4676 4688 4687
f 4678 4690 4688
f 4689 4701 4690
f 4691 4704 4692
f 4693 4691 4679
f 4694 4693 4681
f 4695 4694 4682
f 4696 4695 4683
f 4697 4696 4684
f 4686 4698 4697
f 4687 4699 4698
f 4688 4700 4699
f 4690 4702 4700
f 4701 4713 4702
f 4703 4716 4704
f 4705 4703 4691
f 4706 4705 4693
f 4707 4706 4694
f 4708 4707 4695
f 4709 4708 4696
f 4698 4710 4709
f 4699 4711 4710
f 4700 4712 4711
f 4702 4714 4712
f 4713 4727 4714
f 4703 4717 4715
f 4705 4718 4717
f 4706 4719 4718
f 4707 4720 4719
f 4708 4732 4720
f 4721 4732 4708
f 4722 4721 4709
f 4723 4722 4710
f 4724 4723 4711
f 4725 4724 4712
f 4726 4725 4714
f 4717 4729 4728
f 4718 4730 4729
f 4719 4731 4730
f 4720 4733 4731
f 4732 4744 4733
f 4734 4744 4732
f 4735 4734 4721
f 4736 4735 4722
f 4737 4736 4723
f 4738 4737 4724
f 4739 4738 4725
f 4729 4741 4740
f 4730 4742 4741
f 4731 4743 4742
f 4733 4745 4743
f 4744 4756 4745
f 4746 4756 4744
f 4747 4746 4734
f 4748 4747 4735
f 4749 4748 4736
f 4750 4749 4737
f 4751 4750 4738
f 4741 4753 4752
f 4742 4754 4753
f 4743 4755 4754
f 4745 4757 4755
f 4756 4768 4757
f 4758 4768 4756
f 4759 4758 4746
f 4760 4759 4747
f 4761 4760 4748
f 4762 4761 4749
f 4763 4762 4750
f 4753 4765 4764
f 4754 4766 4765
f 4755 4767 4766
f 4757 4769 4767
f 4768 4780 4769
f 4770 4780 4768
f 4771 4770 4758
f 4772 4771 4759
f 4773 4772 4760
f 4774 4773 4761
f 4775 4774 4762
f 4765 4777 4776
f 4766 4778 4777
f 4767 4779 4778
f 4769 4781 4779
f 4780 4792 4781
f 4782 4792 4780
f 4783 4782 4770
f 4784 4783 4771
f 4785 4784 4772
f 4786 4785 4773
f 4787 4786 4774
f 4777 4789 4788
f 4778 4790 4789
f 4779 4791 4790
f 4781 4793 4791
f 4792 4804 4793
f 4794 4804 4792
f 4795 4794 4782
f 4796 4795 4783
f 4797 4796 4784
f 4798 4797 4785
f 4799 4798 4786
f 4789 4801 4800
f 4790 4802 4801
f 4791 4803 4802
f 4793 4805 4803
f 4804 4816 4805
f 4806 4816 4804
f 4807 4806 4794
f 4808 4807 4795
f 4809 4808 4796
f 4810 4809 4797
f 4811 4810 4798
f 4801 4813 4812
f 4802 4814 4813
f 4803 4815 4814
f 4805 4817 4815
f 4816 4829 4817
f 4818 4829 4816
f 4819 4818 4806
f 4820 4819 4807
f 4821 4820 4808
f 4822 4821 4809
f 4823 4822 4810
f 4824 4836 4812
f 4825 4824 4813
f 4826 4825 4814
f 4827 4826 4815
f 4828 4827 4817
f 4830 4828 4829
f 4819 4831 4830
f 4820 4832 4831
f 4821 4833 4832
f 4822 4834 4833
f 4823 4845 4834
f 4835 4848 4836
f 4837 4835 4824
f 4838 4837 4825
f 4839 4838 4826
f 4840 4839 4827
f 4841 4840 4828
f 4831 4842 4841
f 4832 4843 4842
f 4833 4844 4843
f 4834 4846 4844
f 4845 4859 4846
f 4835 4849 4847
f 4837 4850 4849
f 4838 4851 4850
f 4839 4852 4851
f 4840 4864 4852
f 4853 4864 4840
f 4854 4853 4841
f 4855 4854 4842
f 4856 4855 4843
f 4857 4856 4844
f 4858 4857 4846
f 4849 4861 4860
f 4850 4862 4861
f 4851 4863 4862
f 4852 4865 4863
f 4864 4877 4865
f 4866 4877 4864
f 4867 4866 4853
f 4868 4867 4854
f 4869 4868 4855
f 4870 4869 4856
f 4871 4870 4857
f 4861 4873 4872
f 4862 4874 4873
f 4863 4875 4874
f 4865 4887 4875
f 4876 4887 4865
f 4878 4876 4877
f 4867 4890 4878
f 4879 4890 4867
f 4880 4879 4868
f 4881 4880 4869
f 4882 4881 4870
f 4883 4896 4872
f 4884 4883 4873
f 4885 4884 4874
f 4886 4885 4875
f 4888 4886 4887
f 4889 4888 4876
f 4890 4891 4889
f 4879 4892 4891
f 4880 4893 4892
f 4881 4894 4893
f 4882 4905 4894
f 4895 4908 4896
f 4897 4895 4883
f 4898 4897 4884
f 4899 4898 4885
f 4900 4899 4886
f 4901 4900 4888
f 4891 4902 4901
f 4892 4903 4902
f 4893 4904 4903
f 4894 4906 4904
f 4905 4917 4906
f 4907 4920 4908
f 4909 4907 4895
f 4910 4909 4897
f 4911 4910 4898
f 4912 4911 4899
f 4913 4912 4900
f 4902 4914 4913
f 4903 4915 4914
f 4904 4916 4915
f 4906 4918 4916
f 4917 4929 4918
f 4919 4932 4920
f 4921 4919 4907
f 4922 4921 4909
f 4923 4922 4910
f 4924 4923 4911
f 4925 4924 4912
f 4914 4926 4925
f 4915 4927 4926
f 4916 4928 4927
f 4918 4930 4928
f 4929 4941 4930
f 4931 4944 4932
f 4933 4931 4919
f 4934 4933 4921
f 4935 4934 4922
f 4936 4935 4923
f 4937 4936 4924
f 4926 4938 4937
f 4927 4939 4938
f 4928 4940 4939
f 4930 4942 4940
f 4941 4953 4942
f 4943 4956 4944
f 4945 4943 4931
f 4946 4945 4933
f 4947 4946 4934
f 4948 4947 4935
f 4949 4948 4936
f 4938 4950 4949
f 4939 4951 4950
f 4940 4952 4951
f 4942 4954 4952
f 4953 4965 4954
f 4955 4968 4956
f 4957 4955 4943
f 4958 4957 4945
f 4959 4958 4946
f 4960 4959 4947
f 4961 4960 4948
f 4950 4962 4961
f 4951 4963 4962
f 4952 4964 4963
f 4954 4966 4964
f 4965 4977 4966
f 4967 4980 4968
f 4969 4967 4955
f 4970 4969 4957
f 4971 4970 4958
f 4972 4971 4959
f 4973 4972 4960
f 4962 4974 4973
f 4963 4975 4974
f 4964 4976 4975
f 4966 4978 4976
f 4977 4989 4978
f 4979 4992 4980
f 4981 4979 4967
f 4982 4981 4969
f 4983 4982 4970
f 4984 4983 4971
f 4985 4984 4972
f 4974 4986 4985
f 4975 4987 4986
f 4976 4988 4987
f 4978 4990 4988
f 4989 5003 4990
f 4979 4993 4991
f 4981 4994 4993
f 4982 4995 4994
f 4983 4996 4995
f 4984 5008 4996
f 4997 5008 4984
f 4998 4997 4985
f 4999 4998 4986
f 5000 4999 4987
f 5001 5000 4988
f 5002 5001 4990
f 4993 5005 5004
f 4994 5006 5005
f 4995 5007 5006
f 4996 5009 5007
f 5008 5010 5009
f 4997 5022 5010
f 5011 5022 4997
f 5012 5011 4998
f 5013 5012 4999
f 5014 5013 5000
f 5015 5014 5001
f 5016 5028 5004
f 5017 5016 5005
f 5018 5017 5006
f 5019 5018 5007
f 5020 5019 5009
f 5021 5020 5010
f 5011 5023 5021
f 5012 5024 5023
f 5013 5025 5024
f 5014 5026 5025
f 5015 5037 5026
f 5027 5040 5028
f 5029 5027 5016
f 5030 5029 5017
f 5031 5030 5018
f 5032 5031 5019
f 5033 5032 5020
f 5023 5034 5033
f 5024 5035 5034
f 5025 5036 5035
f 5026 5038 5036
f 5037 5049 5038
f 5039 5052 5040
f 5041 5039 5027
f 5042 5041 5029
f 5043 5042 5030
f 5044 5043 5031
f 5045 5044 5032
f 5034 5046 5045
f 5035 5047 5046
f 5036 5048 5047
f 5038 5050 5048
f 5049 5061 5050
f 5051 5064 5052
f 5053 5051 5039
f 5054 5053 5041
f 5055 5054 5042
f 5056 5055 5043
f 5057 5056 5044
f 5046 5058 5057
f 5047 5059 5058
f 5048 5060 5059
f 5050 5062 5060
f 5061 5073 5062
f 5063 5076 5064
f 5065 5063 5051
f 5066 5065 5053
f 5067 5066 5054
f 5068 5067 5055
f 5069 5068 5056
f 5058 5070 5069
f 5059 5071 5070
f 5060 5072 5071
f 5062 5074 5072
f 5073 5085 5074
f 5075 5088 5076
f 5077 5075 5063
f 5078 5077 5065
f 5079 5078 5066
f 5080 5079 5067
f 5081 5080 5068
f 5070 5082 5081
f 5071 5083 5082
f 5072 5084 5083
f 5074 5086 5084
f 5085 5097 5086
f 5087 5100 5088
f 5089 5087 5075
f 5090 5089 5077
f 5091 5090 5078
f 5092 5091 5079
f 5093 5092 5080
f 5082 5094 5093
f 5083 5095 5094
f 5084 5096 5095
f 5086 5098 5096
f 5097 5109 5098
f 5099 5112 5100
f 5101 5099 5087
f 5102 5101 5089
f 5103 5102 5090
f 5104 5103 5091
f 5105 5104 5092
f 5094 5106 5105
f 5095 5107 5106
f 5096 5108 5107
f 5098 5110 5108
f 5109 5121 5110
f 5111 5124 5112
f 5113 5111 5099
f 5114 5113 5101
f 5115 5114 5102
f 5116 5115 5103
f 5117 5116 5104
f 5106 5118 5117
f 5107 5119 5118
f 5108 5120 5119
f 5110 5122 5120
f 5121 5133 5122
f 5123 5136 5124
f 5125 5123 5111
f 5126 5125 5113
f 5127 5126 5114
f 5128 5127 5115
f 5129 5128 5116
f 5118 5130 5129
f 5119 5131 5130
f 5120 5132 5131
f 5122 5134 5132
f 5133 5145 5134
f 5135 5148 5136
f 5137 5135 5123
f 5138 5137 5125
f 5139 5138 5126
f 5140 5139 5127
f 5141 5140 5128
f 5130 5142 5141
f 5131 5143 5142
f 5132 5144 5143
f 5134 5146 5144
f 5145 5159 5146
f 5135 5149 5147
f 5137 5150 5149
f 5138 5151 5150
f 5139 5152 5151
f 5140 5153 5152
f 5141 5166 5153
f 5154 5166 5141
f 5155 5154 5142
f 5156 5155 5143
f 5157 5156 5144
f 5158 5157 5146
f 5149 5161 5160
f 5150 5162 5161
f 5151 5163 5162
f 5152 5164 5163
f 5153 5176 5164
f 5165 5176 5153
f 5167 5165 5166
f 5168 5167 5154
f 5169 5168 5155
f 5170 5169 5156
f 5171 5170 5157
f 5161 5173 5172
f 5162 5174 5173
f 5163 5175 5174
f 5164 5177 5175
f 5176 5178 5177
f 5165 5190 5178
f 5179 5190 5165
f 5180 5179 5167
f 5181 5180 5168
f 5182 5181 5169
f 5183 5182 5170
f 5173 5185 5184
f 5174 5186 5185
f 5175 5187 5186
f 5177 5188 5187
f 5178 5200 5188
f 5189 5200 5178
f 5191 5189 5190
f 5192 5191 5179
f 5193 5192 5180
f 5194 5193 5181
f 5195 5194 5182
f 5185 5197 5196
f 5186 5198 5197
f 5187 5199 5198
f 5188 5201 5199
f 5200 5212 5201
f 5202 5212 5200
f 5203 5202 5189
f 5204 5203 5191
f 5205 5204 5192
f 5206 5205 5193
f 5207 5206 5194
f 5197 5209 5208
f 5198 5210 5209
f 5199 5211 5210
f 5201 5213 5211
f 5212 5224 5213
f 5214 5224 5212
f 5215 5214 5202
f 5216 5215 5203
f 5217 5216 5204
f 5218 5217 5205
f 5219 5218 5206
f 5209 5221 5220
f 5210 5222 5221
f 5211 5223 5222
f 5213 5225 5223
f 5224 5236 5225
f 5226 5236 5224
f 5227 5226 5214
f 5228 5227 5215
f 5229 5228 5216
f 5230 5229 5217
f 5231 5230 5218
f 5221 5233 5232
f 5222 5234 5233
f 5223 5235 5234
f 5225 5237 5235
f 5236 5248 5237
f 5238 5248 5236
f 5239 5238 5226
f 5240 5239 5227
f 5241 5240 5228
f 5242 5241 5229
f 5243 5242 5230
f 5233 5245 5244
f 5234 5246 5245
f 5235 5247 5246
f 5237 5249 5247
f 5248 5260 5249
f 5250 5260 5248
f 5251 5250 5238
f 5252 5251 5239
f 5253 5252 5240
f 5254 5253 5241
f 5255 5254 5242
f 5245 5257 5256
f 5246 5258 5257
f 5247 5259 5258
f 5249 5261 5259
f 5260 5272 5261
f 5262 5272 5260
f 5263 5262 5250
f 5264 5263 5251
f 5265 5264 5252
f 5266 5265 5253
f 5267 5266 5254
f 5257 5269 5268
f 5258 5270 5269
f 5259 5271 5270
f 5261 5273 5271
f 5272 5285 5273
f 5274 5285 5272
f 5275 5274 5262
f 5276 5275 5263
f 5277 5276 5264
f 5278 5277 5265
f 5279 5278 5266
f 5280 5292 5268
f 5281 5280 5269
f 5282 5281 5270
f 5283 5282 5271
f 5284 5283 5273
f 5274 5286 5284
f 5275 5287 5286
f 5276 5288 5287
f 5277 5289 5288
f 5278 5290 5289
f 5279 5301 5290
f 5291 5304 5292
f 5293 5291 5280
f 5294 5293 5281
f 5295 5294 5282
f 5296 5295 5283
f 5297 5296 5284
f 5287 5298 5297
f 5288 5299 5298
f 5289 5300 5299
f 5290 5302 5300
f 5301 5315 5302
f 5291 5305 5303
f 5293 5306 5305
f 5294 5307 5306
f 5295 5308 5307
f 5296 5320 5308
f 5309 5320 5296
f 5310 5309 5297
f 5311 5310 5298
f 5312 5311 5299
f 5313 5312 5300
f 5314 5313 5302
f 5305 5317 5316
f 5306 5318 5317
f 5307 5319 5318
f 5308 5321 5319
f 5320 5332 5321
f 5322 5332 5320
f 5323 5322 5309
f 5324 5323 5310
f 5325 5324 5311
f 5326 5325 5312
f 5327 5326 5313
f 5317 5329 5328
f 5318 5330 5329
f 5319 5331 5330
f 5321 5333 5331
f 5332 5344 5333
f 5334 5344 5332
f 5335 5334 5322
f 5336 5335 5323
f 5337 5336 5324
f 5338 5337 5325
f 5339 5338 5326
f 5329 5341 5340
f 5330 5342 5341
f 5331 5343 5342
f 5333 5345 5343
f 5344 5356 5345
f 5346 5356 5344
f 5347 5346 5334
f 5348 5347 5335
f 5349 5348 5336
f 5350 5349 5337
f 5351 5350 5338
f 5341 5353 5352
f 5342 5354 5353
f 5343 5355 5354
f 5345 5357 5355
f 5356 5368 5357
f 5358 5368 5356
f 5359 5358 5346
f 5360 5359 5347
f 5361 5360 5348
f 5362 5361 5349
f 5363 5362 5350
f 5353 5365 5364
f 5354 5366 5365
f 5355 5367 5366
f 5357 5369 5367
f 5368 5380 5369
f 5370 5380 5368
f 5371 5370 5358
f 5372 5371 5359
f 5373 5372 5360
f 5374 5373 5361
f 5375 5374 5362
f 5365 5377 5376
f 5366 5378 5377
f 5367 5379 5378
f 5369 5381 5379
f 5380 5392 5381
f 5382 5392 5380
f 5383 5382 5370
f 5384 5383 5371
f 5385 5384 5372
f 5386 5385 5373
f 5387 5386 5374
f 5377 5389 5388
f 5378 5390 5389
f 5379 5391 5390
f 5381 5393 5391
f 5392 5404 5393
f 5394 5404 5392
f 5395 5394 5382
f 5396 5395 5383
f 5397 5396 5384
f 5398 5397 5385
f 5399 5398 5386
f 5389 5401 5400
f 5390 5402 5401
f 5391 5403 5402
f 5393 5405 5403
f 5404 5416 5405
f 5406 5416 5404
f 5407 5406 5394
f 5408 5407 5395
f 5409 5408 5396
f 5410 5409 5397
f 5411 5410 5398
f 5412 5423 5400
f 5413 5412 5401
f 5414 5413 5402
f 5415 5414 5403
f 5416 5428 5415
f 5417 5428 5416
f 5418 5417 5406
f 5408 5419 5418
f 5409 5420 5419
f 5410 5421 5420
f 5411 5433 5421
f 5422 5436 5423
f 5424 5422 5412
f 5425 5424 5413
f 5426 5425 5414
f 5427 5426 5415
f 5429 5427 5428
f 5418 5430 5429
f 5419 5431 5430
f 5420 5432 5431
f 5421 5434 5432
f 5433 5445 5434
f 5435 5448 5436
f 5437 5435 5422
f 5438 5437 5424
f 5439 5438 5425
f 5440 5439 5426
f 5441 5440 5427
f 5430 5442 5441
f 5431 5443 5442
f 5432 5444 5443
f 5434 5446 5444
f 5445 5459 5446
f 5435 5449 5447
f 5437 5450 5449
f 5438 5451 5450
f 5439 5452 5451
f 5440 5464 5452
f 5453 5464 5440
f 5454 5453 5441
f 5455 5454 5442
f 5456 5455 5443
f 5457 5456 5444
f 5458 5457 5446
f 5449 5461 5460
f 5450 5462 5461
f 5451 5463 5462
f 5452 5465 5463
f 5464 5477 5465
f 5466 5477 5464
f 5467 5466 5453
f 5468 5467 5454
f 5469 5468 5455
f 5470 5469 5456
f 5471 5470 5457
f 5472 5484 5460
f 5473 5472 5461
f 5474 5473 5462
f 5475 5474 5463
f 5476 5475 5465
f 5478 5476 5477
f 5467 5479 5478
f 5468 5480 5479
f 5469 5481 5480
f 5470 5482 5481
f 5471 5493 5482
f 5483 5496 5484
f 5485 5483 5472
f 5486 5485 5473
f 5487 5486 5474
f 5488 5487 5475
f 5489 5488 5476
f 5479 5490 5489
f 5480 5491 5490
f 5481 5492 5491
f 5482 5494 5492
f 5493 5505 5494
f 5495 5508 5496
f 5497 5495 5483
f 5498 5497 5485
f 5499 5498 5486
f 5500 5499 5487
f 5501 5500 5488
f 5490 5502 5501
f 5491 5503 5502
f 5492 5504 5503
f 5494 5506 5504
f 5505 5517 5506
f 5507 5520 5508
f 5509 5507 5495
f 5510 5509 5497
f 5511 5510 5498
f 5512 5511 5499
f 5513 5512 5500
f 5502 5514 5513
f 5503 5515 5514
f 5504 5516 5515
f 5506 5518 5516
f 5517 5529 5518
f 5519 5532 5520
f 5521 5519 5507
f 5522 5521 5509
f 5523 5522 5510
f 5524 5523 5511
f 5525 5524 5512
f 5514 5526 5525
f 5515 5527 5526
f 5516 5528 5527
f 5518 5530 5528
f 5529 5541 5530
f 5531 5544 5532
f 5533 5531 5519
f 5534 5533 5521
f 5535 5534 5522
f 5536 5535 5523
f 5537 5536 5524
f 5526 5538 5537
f 5527 5539 5538
f 5528 5540 5539
f 5530 5542 5540
f 5541 5553 5542
f 5543 5556 5544
f 5545 5543 5531
f 5546 5545 5533
f 5547 5546 5534
f 5548 5547 5535
f 5549 5548 5536
f 5538 5550 5549
f 5539 5551 5550
f 5540 5552 5551
f 5542 5554 5552
f 5553 5565 5554
f 5555 5567 5556
f 5557 5555 5543
f 5558 5557 5545
f 5559 5558 5546
f 5560 5559 5547
f 5561 5560 5548
f 5550 5562 5561
f 5551 5563 5562
f 5552 5564 5563
f 5554 5566 5564
f 5565 5568 5566
f 3841 3843 5567
f 3844 3841 5555
f 3846 3844 5557
f 3848 3846 5558
f 3850 3848 5559
f 3853 3850 5560
f 5562 3855 3853
f 5563 3857 3855
f 5564 3859 3857
f 5566 3861 3859
f 5568 3863 3861
f 5569 5592 5570
f 5572 5569 5571
f 5574 5572 5573
f 5576 5574 5575
f 5578 5576 5577
f 5580 5578 5579
f 5582 5584 5580
f 5583 5586 5584
f 5585 5588 5586
f 5587 5590 5588
f 5589 5601 5590
f 5591 5604 5592
f 5593 5591 5569
f 5594 5593 5572
f 5595 5594 5574
f 5596 5595 5576
f 5597 5596 5578
f 5584 5598 5597
f 5586 5599 5598
f 5588 5600 5599
f 5590 5602 5600
f 5601 5613 5602
f 5603 5616 5604
f 5605 5603 5591
f 5606 5605 5593
f 5607 5606 5594
f 5608 5607 5595
f 5609 5608 5596
f 5598 5610 5609
f 5599 5611 5610
f 5600 5612 5611
f 5602 5614 5612
f 5613 5625 5614
f 5615 5628 5616
f 5617 5615 5603
f 5618 5617 5605
f 5619 5618 5606
f 5620 5619 5607
f 5621 5620 5608
f 5610 5622 5621
f 5611 5623 5622
f 5612 5624 5623
f 5614 5626 5624
f 5625 5637 5626
f 5627 5640 5628
f 5629 5627 5615
f 5630 5629 5617
f 5631 5630 5618
f 5632 5631 5619
f 5633 5632 5620
f 5622 5634 5633
f 5623 5635 5634
f 5624 5636 5635
f 5626 5638 5636
f 5637 5649 5638
f 5639 5652 5640
f 5641 5639 5627
f 5642 5641 5629
f 5643 5642 5630
f 5644 5643 5631
f 5645 5644 5632
f 5634 5646 5645
f 5635 5647 5646
f 5636 5648 5647
f 5638 5650 5648
f 5649 5663 5650
f 5639 5653 5651
f 5641 5654 5653
f 5642 5655 5654
f 5643 5656 5655
f 5644 5668 5656
f 5657 5668 5644
f 5658 5657 5645
f 5659 5658 5646
f 5660 5659 5647
f 5661 5660 5648
f 5662 5661 5650
f 5653 5665 5664
f 5654 5666 5665
f 5655 5667 5666
f 5656 5669 5667
f 5668 5680 5669
f 5670 5680 5668
f 5671 5670 5657
f 5672 5671 5658
f 5673 5672 5659
f 5674 5673 5660
f 5675 5674 5661
f 5665 5677 5676
f 5666 5678 5677
f 5667 5679 5678
f 5669 5681 5679
f 5680 5692 5681
f 5682 5692 5680
f 5683 5682 5670
f 5684 5683 5671
f 5685 5684 5672
f 5686 5685 5673
f 5687 5686 5674
f 5677 5689 5688
f 5678 5690 5689
f 5679 5691 5690
f 5681 5693 5691
f 5692 5704 5693
f 5694 5704 5692
f 5695 5694 5682
f 5696 5695 5683
f 5697 5696 5684
f 5698 5697 5685
f 5699 5698 5686
f 5689 5701 5700
f 5690 5702 5701
f 5691 5703 5702
f 5693 5705 5703
f 5704 5717 5705
f 5706 5717 5704
f 5707 5706 5694
f 5708 5707 5695
f 5709 5708 5696
f 5710 5709 5697
f 5711 5710 5698
f 5712 5724 5700
f 5713 5712 5701
f 5714 5713 5702
f 5715 5714 5703
f 5716 5715 5705
f 5718 5716 5717
f 5707 5719 5718
f 5708 5720 5719
f 5709 5721 5720
f 5710 5722 5721
f 5711 5733 5722
f 5723 5736 5724
f 5725 5723 5712
f 5726 5725 5713
f 5727 5726 5714
f 5728 5727 5715
f 5718 5729 5728
f 5719 5730 5729
f 5720 5731 5730
f 5721 5732 5731
f 5722 5734 5732
f 5733 5747 5734
f 5723 5737 5735
f 5725 5738 5737
f 5726 5739 5738
f 5727 5740 5739
f 5728 5752 5740
f 5741 5752 5728
f 5742 5741 5729
f 5743 5742 5730
f 5744 5743 5731
f 5745 5744 5732
f 5746 5745 5734
f 5737 5749 5748
f 5738 5750 5749
f 5739 5751 5750
f 5740 5753 5751
f 5752 5764 5753
f 5754 5764 5752
f 5755 5754 5741
f 5756 5755 5742
f 5757 5756 5743
f 5758 5757 5744
f 5759 5758 5745
f 5749 5761 5760
f 5750 5762 5761
f 5751 5763 5762
f 5753 5765 5763
f 5764 5766 5765
f 5754 5778 5766
f 5767 5778 5754
f 5768 5767 5755
f 5769 5768 5756
f 5770 5769 5757
f 5771 5770 5758
f 5761 5773 5772
f 5762 5774 5773
f 5763 5775 5774
f 5765 5776 5775
f 5766 5788 5776
f 5777 5788 5766
f 5779 5777 5778
f 5780 5779 5767
f 5781 5780 5768
f 5782 5781 5769
f 5783 5782 5770
f 5773 5785 5784
f 5774 5786 5785
f 5775 5787 5786
f 5776 5789 5787
f 5788 5800 5789
f 5790 5800 5788
f 5791 5790 5777
f 5792 5791 5779
f 5793 5792 5780
f 5794 5793 5781
f 5795 5794 5782
f 5785 5797 5796
f 5786 5798 5797
f 5787 5799 5798
f 5789 5801 5799
f 5800 5812 5801
f 5802 5812 5800
f 5803 5802 5790
f 5804 5803 5791
f 5805 5804 5792
f 5806 5805 5793
f 5807 5806 5794
f 5797 5809 5808
f 5798 5810 5809
f 5799 5811 5810
f 5801 5813 5811
f 5812 5824 5813
f 5814 5824 5812
f 5815 5814 5802
f 5816 5815 5803
f 5817 5816 5804
f 5818 5817 5805
f 5819 5818 5806
f 5809 5821 5820
f 5810 5822 5821
f 5811 5823 5822
f 5813 5825 5823
f 5824 5836 5825
f 5826 5836 5824
f 5827 5826 5814
f 5828 5827 5815
f 5829 5828 5816
f 5830 5829 5817
f 5831 5830 5818
f 5821 5833 5832
f 5822 5834 5833
f 5823 5835 5834
f 5825 5837 5835
f 5836 5848 5837
f 5838 5848 5836
f 5839 5838 5826
f 5840 5839 5827
f 5841 5840 5828
f 5842 5841 5829
f 5843 5842 5830
f 5833 5845 5844
f 5834 5846 5845
f 5835 5847 5846
f 5837 5849 5847
f 5848 5860 5849
f 5850 5860 5848
f 5851 5850 5838
f 5852 5851 5839
f 5853 5852 5840
f 5854 5853 5841
f 5855 5854 5842
f 5845 5857 5856
f 5846 5858 5857
f 5847 5859 5858
f 5849 5861 5859
f 5860 5873 5861
f 5862 5873 5860
f 5863 5862 5850
f 5864 5863 5851
f 5865 5864 5852
f 5866 5865 5853
f 5867 5866 5854
f 5868 5880 5856
f 5869 5868 5857
f 5870 5869 5858
f 5871 5870 5859
f 5872 5871 5861
f 5874 5872 5873
f 5863 5875 5874
f 5864 5876 5875
f 5865 5877 5876
f 5866 5878 5877
f 5867 5889 5878
f 5879 5892 5880
f 5881 5879 5868
f 5882 5881 5869
f 5883 5882 5870
f 5884 5883 5871
f 5885 5884 5872
f 5875 5886 5885
f 5876 5887 5886
f 5877 5888 5887
f 5878 5890 5888
f 5889 5901 5890
f 5891 5904 5892
f 5893 5891 5879
f 5894 5893 5881
f 5895 5894 5882
f 5896 5895 5883
f 5897 5896 5884
f 5886 5898 5897
f 5887 5899 5898
f 5888 5900 5899
f 5890 5902 5900
f 5901 5913 5902
f 5903 5916 5904
f 5905 5903 5891
f 5906 5905 5893
f 5907 5906 5894
f 5908 5907 5895
f 5909 5908 5896
f 5898 5910 5909
f 5899 5911 5910
f 5900 5912 5911
f 5902 5914 5912
f 5913 5925 5914
f 5915 5928 5916
f 5917 5915 5903
f 5918 5917 5905
f 5919 5918 5906
f 5920 5919 5907
f 5921 5920 5908
f 5910 5922 5921
f 5911 5923 5922
f 5912 5924 5923
f 5914 5926 5924
f 5925 5937 5926
f 5927 5940 5928
f 5929 5927 5915
f 5930 5929 5917
f 5931 5930 5918
f 5932 5931 5919
f 5933 5932 5920
f 5922 5934 5933
f 5923 5935 5934
f 5924 5936 5935
f 5926 5938 5936
f 5937 5949 5938
f 5939 5952 5940
f 5941 5939 5927
f 5942 5941 5929
f 5943 5942 5930
f 5944 5943 5931
f 5945 5944 5932
f 5934 5946 5945
f 5935 5947 5946
f 5936 5948 5947
f 5938 5950 5948
f 5949 5961 5950
f 5951 5964 5952
f 5953 5951 5939
f 5954 5953 5941
f 5955 5954 5942
f 5956 5955 5943
f 5957 5956 5944
f 5946 5958 5957
f 5947 5959 5958
f 5948 5960 5959
f 5950 5962 5960
f 5961 5973 5962
f 5963 5976 5964
f 5965 5963 5951
f 5966 5965 5953
f 5967 5966 5954
f 5968 5967 5955
f 5969 5968 5956
f 5958 5970 5969
f 5959 5971 5970
f 5960 5972 5971
f 5962 5974 5972
f 5973 5985 5974
f 5975 5988 5976
f 5977 5975 5963
f 5978 5977 5965
f 5979 5978 5966
f 5980 5979 5967
f 5981 5980 5968
f 5970 5982 5981
f 5971 5983 5982
f 5972 5984 5983
f 5974 5986 5984
f 5985 5997 5986
f 5987 6000 5988
f 5989 5987 5975
f 5990 5989 5977
f 5991 5990 5978
f 5992 5991 5979
f 5993 5992 5980
f 5982 5994 5993
f 5983 5995 5994
f 5984 5996 5995
f 5986 5998 5996
f 5997 6011 5998
f 5987 6001 5999
f 5989 6002 6001
f 5990 6003 6002
f 5991 6004 6003
f 5992 6016 6004
f 6005 6016 5992
f 6006 6005 5993
f 6007 6006 5994
f 6008 6007 5995
f 6009 6008 5996
f 6010 6009 5998
f 6001 6013 6012
f 6002 6014 6013
f 6003 6015 6014
f 6004 6017 6015
f 6016 6029 6017
f 6018 6029 6016
f 6019 6018 6005
f 6020 6019 6006
f 6021 6020 6007
f 6022 6021 6008
f 6023 6022 6009
f 6024 6036 6012
f 6025 6024 6013
f 6026 6025 6014
f 6027 6026 6015
f 6028 6027 6017
f 6030 6028 6029
f 6019 6031 6030
f 6020 6032 6031
f 6021 6033 6032
f 6022 6034 6033
f 6023 6045 6034
f 6035 6048 6036
f 6037 6035 6024
f 6038 6037 6025
f 6039 6038 6026
f 6040 6039 6027
f 6041 6040 6028
f 6031 6042 6041
f 6032 6043 6042
f 6033 6044 6043
f 6034 6046 6044
f 6045 6057 6046
f 6047 6060 6048
f 6049 6047 6035
f 6050 6049 6037
f 6051 6050 6038
f 6052 6051 6039
f 6053 6052 6040
f 6042 6054 6053
f 6043 6055 6054
f 6044 6056 6055
f 6046 6058 6056
f 6057 6069 6058
f 6059 6072 6060
f 6061 6059 6047
f 6062 6061 6049
f 6063 6062 6050
f 6064 6063 6051
f 6065 6064 6052
f 6054 6066 6065
f 6055 6067 6066
f 6056 6068 6067
f 6058 6070 6068
f 6069 6081 6070
f 6071 6084 6072
f 6073 6071 6059
f 6074 6073 6061
f 6075 6074 6062
f 6076 6075 6063
f 6077 6076 6064
f 6066 6078 6077
f 6067 6079 6078
f 6068 6080 6079
f 6070 6082 6080
f 6081 6095 6082
f 6071 6085 6083
f 6073 6086 6085
f 6074 6087 6086
f 6075 6088 6087
f 6076 6100 6088
f 6089 6100 6076
f 6090 6089 6077
f 6091 6090 6078
f 6092 6091 6079
f 6093 6092 6080
f 6094 6093 6082
f 6085 6097 6096
f 6086 6098 6097
f 6087 6099 6098
f 6088 6101 6099
f 6100 6112 6101
f 6102 6112 6100
f 6103 6102 6089
f 6104 6103 6090
f 6105 6104 6091
f 6106 6105 6092
f 6107 6106 6093
f 6097 6109 6108
f 6098 6110 6109
f 6099 6111 6110
f 6101 6113 6111
f 6112 6124 6113
f 6114 6124 6112
f 6115 6114 6102
f 6116 6115 6103
f 6117 6116 6104
f 6118 6117 6105
f 6119 6118 6106
f 6109 6121 6120
f 6110 6122 6121
f 6111 6123 6122
f 6113 6125 6123
f 6124 6136 6125
f 6126 6136 6124
f 6127 6126 6114
f 6128 6127 6115
f 6129 6128 6116
f 6130 6129 6117
f 6131 6130 6118
f 6121 6133 6132
f 6122 6134 6133
f 6123 6135 6134
f 6125 6137 6135
f 6136 6148 6137
f 6138 6148 6136
f 6139 6138 6126
f 6140 6139 6127
f 6141 6140 6128
f 6142 6141 6129
f 6143 6142 6130
f 6133 6145 6144
f 6134 6146 6145
f 6135 6147 6146
f 6137 6149 6147
f 6148 6161 6149
f 6150 6161 6148
f 6151 6150 6138
f 6152 6151 6139
f 6153 6152 6140
f 6154 6153 6141
f 6155 6154 6142
f 6156 6168 6144
f 6157 6156 6145
f 6158 6157 6146
f 6159 6158 6147
f 6160 6159 6149
f 6162 6160 6161
f 6151 6163 6162
f 6152 6164 6163
f 6153 6165 6164
f 6154 6166 6165
f 6155 6177 6166
f 6167 6180 6168
f 6169 6167 6156
f 6170 6169 6157
f 6171 6170 6158
f 6172 6171 6159
f 6173 6172 6160
f 6163 6174 6173
f 6164 6175 6174
f 6165 6176 6175
f 6166 6178 6176
f 6177 6189 6178
f 6179 6192 6180
f 6181 6179 6167
f 6182 6181 6169
f 6183 6182 6170
f 6184 6183 6171
f 6185 6184 6172
f 6174 6186 6185
f 6175 6187 6186
f 6176 6188 6187
f 6178 6190 6188
f 6189 6201 6190
f 6191 6204 6192
f 6193 6191 6179
f 6194 6193 6181
f 6195 6194 6182
f 6196 6195 6183
f 6197 6196 6184
f 6186 6198 6197
f 6187 6199 6198
f 6188 6200 6199
f 6190 6202 6200
f 6201 6213 6202
f 6203 6216 6204
f 6205 6203 6191
f 6206 6205 6193
f 6207 6206 6194
f 6208 6207 6195
f 6197 6209 6208
f 6198 6210 6209
f 6199 6211 6210
f 6200 6212 6211
f 6202 6214 6212
f 6213 6227 6214
f 6203 6217 6215
f 6205 6218 6217
f 6206 6219 6218
f 6207 6220 6219
f 6208 6232 6220
f 6221 6232 6208
f 6222 6221 6209
f 6223 6222 6210
f 6224 6223 6211
f 6225 6224 6212
f 6226 6225 6214
f 6217 6229 6228
f 6218 6230 6229
f 6219 6231 6230
f 6220 6233 6231
f 6232 6244 6233
f 6234 6244 6232
f 6235 6234 6221
f 6236 6235 6222
f 6237 6236 6223
f 6238 6237 6224
f 6239 6238 6225
f 6229 6241 6240
f 6230 6242 6241
f 6231 6243 6242
f 6233 6245 6243
f 6244 6256 6245
f 6246 6256 6244
f 6247 6246 6234
f 6248 6247 6235
f 6249 6248 6236
f 6250 6249 6237
f 6251 6250 6238
f 6241 6253 6252
f 6242 6254 6253
f 6243 6255 6254
f 6245 6257 6255
f 6256 6268 6257
f 6258 6268 6256
f 6259 6258 6246
f 6260 6259 6247
f 6261 6260 6248
f 6262 6261 6249
f 6263 6262 6250
f 6253 6265 6264
f 6254 6266 6265
f 6255 6267 6266
f 6257 6269 6267
f 6268 6280 6269
f 6270 6280 6268
f 6271 6270 6258
f 6272 6271 6259
f 6273 6272 6260
f 6274 6273 6261
f 6275 6274 6262
f 6265 6277 6276
f 6266 6278 6277
f 6267 6279 6278
f 6269 6281 6279
f 6280 6293 6281
f 6282 6293 6280
f 6283 6282 6270
f 6284 6283 6271
f 6285 6284 6272
f 6286 6285 6273
f 6287 6286 6274
f 6288 6300 6276
f 6289 6288 6277
f 6290 6289 6278
f 6291 6290 6279
f 6292 6291 6281
f 6294 6292 6293
f 6283 6295 6294
f 6284 6296 6295
f 6285 6297 6296
f 6286 6298 6297
f 6287 6309 6298
f 6299 6312 6300
f 6301 6299 6288
f 6302 6301 6289
f 6303 6302 6290
f 6304 6303 6291
f 6305 6304 6292
f 6295 6306 6305
f 6296 6307 6306
f 6297 6308 6307
f 6298 6310 6308
f 6309 6323 6310
f 6299 6313 6311
f 6301 6314 6313
f 6302 6315 6314
f 6303 6316 6315
f 6304 6317 6316
f 6305 6330 6317
f 6318 6330 6305
f 6319 6318 6306
f 6320 6319 6307
f 6321 6320 6308
f 6322 6321 6310
f 6313 6325 6324
f 6314 6326 6325
f 6315 6327 6326
f 6316 6328 6327
f 6317 6340 6328
f 6329 6340 6317
f 6331 6329 6330
f 6332 6331 6318
f 6333 6332 6319
f 6334 6333 6320
f 6335 6334 6321
f 6325 6337 6336
f 6326 6338 6337
f 6327 6339 6338
f 6328 6341 6339
f 6340 6352 6341
f 6342 6352 6340
f 6343 6342 6329
f 6344 6343 6331
f 6345 6344 6332
f 6346 6345 6333
f 6347 6346 6334
f 6337 6349 6348
f 6338 6350 6349
f 6339 6351 6350
f 6341 6353 6351
f 6352 6364 6353
f 6354 6364 6352
f 6355 6354 6342
f 6356 6355 6343
f 6357 6356 6344
f 6358 6357 6345
f 6359 6358 6346
f 6349 6361 6360
f 6350 6362 6361
f 6351 6363 6362
f 6353 6365 6363
f 6364 6376 6365
f 6366 6376 6364
f 6367 6366 6354
f 6368 6367 6355
f 6369 6368 6356
f 6370 6369 6357
f 6371 6370 6358
f 6361 6373 6372
f 6362 6374 6373
f 6363 6375 6374
f 6365 6377 6375
f 6376 6388 6377
f 6378 6388 6376
f 6379 6378 6366
f 6380 6379 6367
f 6381 6380 6368
f 6382 6381 6369
f 6383 6382 6370
f 6373 6385 6384
f 6374 6386 6385
f 6375 6387 6386
f 6377 6389 6387
f 6388 6400 6389
f 6390 6400 6388
f 6391 6390 6378
f 6392 6391 6379
f 6393 6392 6380
f 6394 6393 6381
f 6395 6394 6382
f 6385 6397 6396
f 6386 6398 6397
f 6387 6399 6398
f 6389 6401 6399
f 6400 6402 6401
f 6390 6414 6402
f 6403 6414 6390
f 6404 6403 6391
f 6405 6404 6392
f 6406 6405 6393
f 6407 6406 6394
f 6397 6409 6408
f 6398 6410 6409
f 6399 6411 6410
f 6401 6412 6411
f 6402 6424 6412
f 6413 6424 6402
f 6415 6413 6414
f 6416 6415 6403
f 6417 6416 6404
f 6418 6417 6405
f 6419 6418 6406
f 6409 6421 6420
f 6410 6422 6421
f 6411 6423 6422
f 6412 6425 6423
f 6424 6436 6425
f 6426 6436 6424
f 6427 6426 6413
f 6428 6427 6415
f 6429 6428 6416
f 6430 6429 6417
f 6431 6430 6418
f 6421 6433 6432
f 6422 6434 6433
f 6423 6435 6434
f 6425 6437 6435
f 6436 6449 6437
f 6438 6449 6436
f 6439 6438 6426
f 6440 6439 6427
f 6441 6440 6428
f 6442 6441 6429
f 6443 6442 6430
f 6444 6456 6432
f 6445 6444 6433
f 6446 6445 6434
f 6447 6446 6435
f 6448 6447 6437
f 6450 6448 6449
f 6439 6451 6450
f 6440 6452 6451
f 6441 6453 6452
f 6442 6454 6453
f 6443 6465 6454
f 6455 6468 6456
f 6457 6455 6444
f 6458 6457 6445
f 6459 6458 6446
f 6460 6459 6447
f 6461 6460 6448
f 6451 6462 6461
f 6452 6463 6462
f 6453 6464 6463
f 6454 6466 6464
f 6465 6477 6466
f 6467 6480 6468
f 6469 6467 6455
f 6470 6469 6457
f 6471 6470 6458
f 6472 6471 6459
f 6461 6473 6472
f 6462 6474 6473
f 6463 6475 6474
f 6464 6476 6475
f 6466 6478 6476
f 6477 6489 6478
f 6479 6492 6480
f 6481 6479 6467
f 6482 6481 6469
f 6483 6482 6470
f 6484 6483 6471
f 6473 6485 6484
f 6474 6486 6485
f 6475 6487 6486
f 6476 6488 6487
f 6478 6490 6488
f 6489 6501 6490
f 6491 6504 6492
f 6493 6491 6479
f 6494 6493 6481
f 6495 6494 6482
f 6496 6495 6483
f 6497 6496 6484
f 6486 6498 6497
f 6487 6499 6498
f 6488 6500 6499
f 6490 6502 6500
f 6501 6513 6502
f 6503 6516 6504
f 6505 6503 6491
f 6506 6505 6493
f 6507 6506 6494
f 6508 6507 6495
f 6509 6508 6496
f 6498 6510 6509
f 6499 6511 6510
f 6500 6512 6511
f 6502 6514 6512
f 6513 6525 6514
f 6515 6528 6516
f 6517 6515 6503
f 6518 6517 6505
f 6519 6518 6506
f 6520 6519 6507
f 6521 6520 6508
f 6510 6522 6521
f 6511 6523 6522
f 6512 6524 6523
f 6514 6526 6524
f 6525 6537 6526
f 6527 6540 6528
f 6529 6527 6515
f 6530 6529 6517
f 6531 6530 6518
f 6532 6531 6519
f 6533 6532 6520
f 6522 6534 6533
f 6523 6535 6534
f 6524 6536 6535
f 6526 6538 6536
f 6537 6549 6538
f 6539 6552 6540
f 6541 6539 6527
f 6542 6541 6529
f 6543 6542 6530
f 6544 6543 6531
f 6545 6544 6532
f 6534 6546 6545
f 6535 6547 6546
f 6536 6548 6547
f 6538 6550 6548
f 6549 6561 6550
f 6551 6564 6552
f 6553 6551 6539
f 6554 6553 6541
f 6555 6554 6542
f 6556 6555 6543
f 6557 6556 6544
f 6546 6558 6557
f 6547 6559 6558
f 6548 6560 6559
f 6550 6562 6560
f 6561 6573 6562
f 6563 6576 6564
f 6565 6563 6551
f 6566 6565 6553
f 6567 6566 6554
f 6568 6567 6555
f 6569 6568 6556
f 6558 6570 6569
f 6559 6571 6570
f 6560 6572 6571
f 6562 6574 6572
f 6573 6587 6574
f 6563 6577 6575
f 6565 6578 6577
f 6566 6579 6578
f 6567 6580 6579
f 6568 6592 6580
f 6581 6592 6568
f 6582 6581 6569
f 6583 6582 6570
f 6584 6583 6571
f 6585 6584 6572
f 6586 6585 6574
f 6577 6589 6588
f 6578 6590 6589
f 6579 6591 6590
f 6580 6593 6591
f 6592 6605 6593
f 6594 6605 6592
f 6595 6594 6581
f 6596 6595 6582
f 6597 6596 6583
f 6598 6597 6584
f 6599 6598 6585
f 6600 6612 6588
f 6601 6600 6589
f 6602 6601 6590
f 6603 6602 6591
f 6604 6603 6593
f 6606 6604 6605
f 6595 6607 6606
f 6596 6608 6607
f 6597 6609 6608
f 6598 6610 6609
f 6599 6621 6610
f 6611 6624 6612
f 6613 6611 6600
f 6614 6613 6601
f 6615 6614 6602
f 6616 6615 6603
f 6617 6616 6604
f 6607 6618 6617
f 6608 6619 6618
f 6609 6620 6619
f 6610 6622 6620
f 6621 6633 6622
f 6623 6636 6624
f 6625 6623 6611
f 6626 6625 6613
f 6627 6626 6614
f 6628 6627 6615
f 6629 6628 6616
f 6618 6630 6629
f 6619 6631 6630
f 6620 6632 6631
f 6622 6634 6632
f 6633 6645 6634
f 6635 6648 6636
f 6637 6635 6623
f 6638 6637 6625
f 6639 6638 6626
f 6640 6639 6627
f 6641 6640 6628
f 6630 6642 6641
f 6631 6643 6642
f 6632 6644 6643
f 6634 6646 6644
f 6645 6657 6646
f 6647 6660 6648
f 6649 6647 6635
f 6650 6649 6637
f 6651 6650 6638
f 6652 6651 6639
f 6653 6652 6640
f 6642 6654 6653
f 6643 6655 6654
f 6644 6656 6655
f 6646 6658 6656
f 6657 6669 6658
f 6659 6672 6660
f 6661 6659 6647
f 6662 6661 6649
f 6663 6662 6650
f 6664 6663 6651
f 6665 6664 6652
f 6654 6666 6665
f 6655 6667 6666
f 6656 6668 6667
f 6658 6670 6668
f 6669 6683 6670
f 6659 6673 6671
f 6661 6674 6673
f 6662 6675 6674
f 6663 6676 6675
f 6664 6677 6676
f 6665 6690 6677
f 6678 6690 6665
f 6679 6678 6666
f 6680 6679 6667
f 6681 6680 6668
f 6682 6681 6670
f 6673 6685 6684
f 6674 6686 6685
f 6675 6687 6686
f 6676 6688 6687
f 6677 6700 6688
f 6689 6700 6677
f 6691 6689 6690
f 6692 6691 6678
f 6693 6692 6679
f 6694 6693 6680
f 6695 6694 6681
f 6685 6697 6696
f 6686 6698 6697
f 6687 6699 6698
f 6688 6701 6699
f 6700 6712 6701
f 6702 6712 6700
f 6703 6702 6689
f 6704 6703 6691
f 6705 6704 6692
f 6706 6705 6693
f 6707 6706 6694
f 6697 6709 6708
f 6698 6710 6709
f 6699 6711 6710
f 6701 6713 6711
f 6712 6720 6713
f 6714 6720 6712
f 6715 6714 6702
f 6716 6715 6703
f 6717 6716 6704
f 6718 6717 6705
f 6719 6718 6706
f 6709 5571 5570
f 6710 5573 5571
f 6711 5575 5573
f 6713 5577 5575
f 6720 5579 5577
f 5581 5579 6720
f 5582 5581 6714
f 5583 5582 6715
f 5585 5583 6716
f 5587 5585 6717
f 5589 5587 6718
f 6721 6722 6723
f 6724 6722 6721
f 6724 6725 6722
f 6726 6725 6724
f 6726 6727 6725
f 6728 6727 6726
f 6728 6729 6727
f 6730 6729 6728
f 6730 6731 6729
f 6732 6731 6730
f 6732 6733 6731
f 6732 6734 6733
f 6735 6734 6732
f 6735 6736 6734
f 6737 6736 6735
f 6737 6738 6736
f 6739 6738 6737
f 6739 6740 6738
f 6741 6740 6739
f 6741 6742 6740
f 6743 6742 6741
f 6743 6744 6742
f 6745 6744 6743
f 6746 6744 6745
f 6746 6747 6744
f 6746 6748 6747
f 6749 6748 6746
f 6749 6750 6748
f 6751 6750 6749
f 6751 6752 6750
f 6753 6752 6751
f 6753 6754 6752
f 6755 6754 6753
f 6755 6756 6754
f 6757 6756 6755
f 6757 6758 6756
f 6759 6758 6757
f 6759 6760 6758
f 6761 6760 6759
f 6761 6762 6760
f 6763 6762 6761
f 6763 6764 6762
f 6765 6766 6763
f 6766 6764 6763
f 6765 6767 6766
f 6768 6764 6766
f 6765 6769 6767
f 6770 6764 6768
f 6765 6771 6769
f 6772 6764 6770
f 6765 6773 6771
f 6774 6764 6772
f 6774 6775 6764
f 6776 6773 6765
f 6776 6777 6773
f 6778 6775 6774
f 6776 6779 6777
f 6780 6775 6778
f 6776 6781 6779
f 6782 6775 6780
f 6782 6783 6775
f 6784 6781 6776
f 6784 6785 6781
f 6786 6783 6782
f 6784 6787 6785
f 6788 6783 6786
f 6789 6787 6784
f 6788 6790 6783
f 6789 6791 6787
f 6792 6790 6788
f 6789 6793 6791
f 6794 6790 6792
f 6794 6795 6790
f 6796 6793 6789
f 6796 6797 6793
f 6798 6795 6794
f 6796 6799 6797
f 6800 6795 6798
f 6800 6801 6795
f 6802 6799 6796
f 6802 6803 6799
f 6804 6801 6800
f 6804 6805 6801
f 6806 6803 6802
f 6806 6807 6803
f 6808 6805 6804
f 6806 6809 6807
f 6810 6805 6808
f 6811 6809 6806
f 6810 6812 6805
f 6811 6813 6809
f 6814 6812 6810
f 6815 6813 6811
f 6814 6816 6812
f 6815 6817 6813
f 6818 6816 6814
f 6819 6817 6815
f 6818 6820 6816
f 6819 6821 6817
f 6822 6820 6818
f 6823 6821 6819
f 6822 6824 6820
f 6823 6825 6821
f 6826 6824 6822
f 6827 6825 6823
f 6826 6828 6824
f 6827 6829 6825
f 6830 6828 6826
f 6831 6829 6827
f 6830 6832 6828
f 6831 6833 6829
f 6834 6832 6830
f 6835 6833 6831
f 6834 6836 6832
f 6835 6837 6833
f 6838 6836 6834
f 6835 6839 6837
f 6840 6836 6838
f 6841 6839 6835
f 6840 6842 6836
f 6843 6839 6841
f 6843 6844 6839
f 6845 6842 6840
f 6845 6846 6842
f 6847 6844 6843
f 6845 6848 6846
f 6847 6849 6844
f 6850 6848 6845
f 6847 6851 6849
f 6852 6848 6850
f 6853 6851 6847
f 6852 6854 6848
f 6853 6855 6851
f 6856 6854 6852
f 6857 6855 6853
f 6856 6858 6854
f 6857 6859 6855
f 6860 6858 6856
f 6860 6861 6858
f 6862 6859 6857
f 6862 6863 6859
f 6864 6861 6860
f 6864 6865 6861
f 6866 6863 6862
f 6866 6867 6863
f 6868 6865 6864
f 6868 6869 6865
f 6870 6867 6866
f 6870 6871 6867
f 6872 6869 6868
f 6872 6873 6869
f 6874 6871 6870
f 6874 6875 6871
f 6876 6873 6872
f 6876 6877 6873
f 6878 6875 6874
f 6878 6879 6875
f 6880 6877 6876
f 6878 6881 6879
f 6882 6877 6880
f 6882 6883 6877
f 6884 6881 6878
f 6884 6885 6881
f 6886 6883 6882
f 6886 6887 6883
f 6888 6885 6884
f 6888 6889 6885
f 6890 6887 6886
f 6888 6891 6889
f 6892 6887 6890
f 6892 6893 6887
f 6894 6891 6888
f 6894 6895 6891
f 6896 6893 6892
f 6894 6897 6895
f 6898 6893 6896
f 6899 6897 6894
f 6898 6900 6893
f 6899 6901 6897
f 6902 6900 6898
f 6899 6903 6901
f 6904 6900 6902
f 6904 6905 6900
f 6906 6903 6899
f 6906 6907 6903
f 6908 6905 6904
f 6906 6909 6907
f 6910 6905 6908
f 6906 6911 6909
f 6912 6905 6910
f 6912 6913 6905
f 6914 6911 6906
f 6914 6915 6911
f 6916 6913 6912
f 6914 6917 6915
f 6918 6913 6916
f 6914 6919 6917
f 6919 6913 6918
f 6914 6913 6919
f 6914 6920 6913
f 6921 6920 6914
f 6921 6922 6920
f 6923 6922 6921
f 6923 6924 6922
f 6925 6924 6923
f 6925 6926 6924
f 6927 6926 6925
f 6928 6926 6927
f 6928 6929 6926
f 6930 6929 6928
f 6930 6931 6929
f 6932 6931 6930
f 6932 6933 6931
f 6934 6933 6932
f 6934 6935 6933
f 6936 6935 6934
f 6936 6937 6935
f 6938 6937 6936
f 6938 6939 6937
f 6940 6939 6938
f 6940 6941 6939
f 6942 6941 6940
f 6942 6943 6941
f 6942 6944 6943
f 6945 6944 6942
f 6945 6946 6944
f 6947 6946 6945
f 6947 6948 6946
f 6949 6948 6947
f 6949 6950 6948
f 6951 6950 6949
f 6951 6952 6950
f 6953 6952 6951
f 6953 6954 6952
f 6955 6954 6953
f 6955 6956 6954
f 6957 6956 6955
f 6957 6958 6956
f 6959 6958 6957
f 6959 6960 6958
f 6961 6962 6963
f 6964 6961 6963
f 6964 6963 6965
f 6966 6964 6965
f 6966 6965 6967
f 6968 6966 6967
f 6968 6967 6969
f 6970 6968 6969
f 6970 6969 6971
f 6972 6970 6971
f 6972 6971 6973
f 6972 6973 6974
f 6975 6972 6974
f 6975 6974 6976
f 6977 6975 6976
f 6977 6976 6978
f 6979 6977 6978
f 6979 6978 6980
f 6981 6979 6980
f 6981 6980 6982
f 6983 6981 6982
f 6983 6982 6984
f 6985 6983 6984
f 6986 6985 6984
f 6986 6984 6987
f 6986 6987 6988
f 6989 6986 6988
f 6989 6988 6990
f 6991 6989 6990
f 6991 6990 6992
f 6993 6991 6992
f 6993 6992 6994
f 6995 6993 6994
f 6995 6994 6996
f 6997 6995 6996
f 6997 6996 6998
f 6999 6997 6998
f 6999 6998 7000
f 7001 6999 7000
f 7001 7000 7002
f 7003 7001 7002
f 7003 7002 7004
f 7005 7003 7006
f 7006 7003 7004
f 7005 7006 7007
f 7008 7006 7004
f 7005 7007 7009
f 7010 7008 7004
f 7005 7009 7011
f 7012 7010 7004
f 7005 7011 7013
f 7014 7012 7004
f 7014 7004 7015
f 7016 7005 7013
f 7016 7013 7017
f 7018 7014 7015
f 7016 7017 7019
f 7020 7018 7015
f 7016 7019 7021
f 7022 7020 7015
f 7022 7015 7023
f 7024 7016 7021
f 7024 7021 7025
f 7026 7022 7023
f 7024 7025 7027
f 7028 7026 7023
f 7029 7024 7027
f 7028 7023 7030
f 7029 7027 7031
f 7032 7028 7030
f 7029 7031 7033
f 7034 7032 7030
f 7034 7030 7035
f 7036 7029 7033
f 7036 7033 7037
f 7038 7034 7035
f 7036 7037 7039
f 7040 7038 7035
f 7040 7035 7041
f 7042 7036 7039
f 7042 7039 7043
f 7044 7040 7041
f 7044 7041 7045
f 7046 7042 7043
f 7046 7043 7047
f 7048 7044 7045
f 7046 7047 7049
f 7050 7048 7045
f 7051 7046 7049
f 7050 7045 7052
f 7051 7049 7053
f 7054 7050 7052
f 7055 7051 7053
f 7054 7052 7056
f 7055 7053 7057
f 7058 7054 7056
f 7059 7055 7057
f 7058 7056 7060
f 7059 7057 7061
f 7062 7058 7060
f 7063 7059 7061
f 7062 7060 7064
f 7063 7061 7065
f 7066 7062 7064
f 7067 7063 7065
f 7066 7064 7068
f 7067 7065 7069
f 7070 7066 7068
f 7071 7067 7069
f 7070 7068 7072
f 7071 7069 7073
f 7074 7070 7072
f 7075 7071 7073
f 7074 7072 7076
f 7075 7073 7077
f 7078 7074 7076
f 7075 7077 7079
f 7080 7078 7076
f 7081 7075 7079
f 7080 7076 7082
f 7083 7081 7079
f 7083 7079 7084
f 7085 7080 7082
f 7085 7082 7086
f 7087 7083 7084
f 7085 7086 7088
f 7087 7084 7089
f 7090 7085 7088
f 7087 7089 7091
f 7092 7090 7088
f 7093 7087 7091
f 7092 7088 7094
f 7093 7091 7095
f 7096 7092 7094
f 7097 7093 7095
f 7096 7094 7098
f 7097 7095 7099
f 7100 7096 7098
f 7100 7098 7101
f 7102 7097 7099
f 7102 7099 7103
f 7104 7100 7101
f 7104 7101 7105
f 7106 7102 7103
f 7106 7103 7107
f 7108 7104 7105
f 7108 7105 7109
f 7110 7106 7107
f 7110 7107 7111
f 7112 7108 7109
f 7112 7109 7113
f 7114 7110 7111
f 7114 7111 7115
f 7116 7112 7113
f 7116 7113 7117
f 7118 7114 7115
f 7118 7115 7119
f 7120 7116 7117
f 7118 7119 7121
f 7122 7120 7117
f 7122 7117 7123
f 7124 7118 7121
f 7124 7121 7125
f 7126 7122 7123
f 7126 7123 7127
f 7128 7124 7125
f 7128 7125 7129
f 7130 7126 7127
f 7128 7129 7131
f 7132 7130 7127
f 7132 7127 7133
f 7134 7128 7131
f 7134 7131 7135
f 7136 7132 7133
f 7134 7135 7137
f 7138 7136 7133
f 7139 7134 7137
f 7138 7133 7140
f 7139 7137 7141
f 7142 7138 7140
f 7139 7141 7143
f 7144 7142 7140
f 7144 7140 7145
f 7146 7139 7143
f 7146 7143 7147
f 7148 7144 7145
f 7146 7147 7149
f 7150 7148 7145
f 7146 7149 7151
f 7152 7150 7145
f 7152 7145 7153
f 7154 7146 7151
f 7154 7151 7155
f 7156 7152 7153
f 7154 7155 7157
f 7158 7156 7153
f 7154 7157 7159
f 7159 7158 7153
f 7154 7159 7153
f 7154 7153 7160
f 7161 7154 7160
f 7161 7160 7162
f 7163 7161 7162
f 7163 7162 7164
f 7165 7163 7164
f 7165 7164 7166
f 7167 7165 7166
f 7168 7167 7166
f 7168 7166 7169
f 7170 7168 7169
f 7170 7169 7171
f 7172 7170 7171
f 7172 7171 7173
f 7174 7172 7173
f 7174 7173 7175
f 7176 7174 7175
f 7176 7175 7177
f 7178 7176 7177
f 7178 7177 7179
f 7180 7178 7179
f 7180 7179 7181
f 7182 7180 7181
f 7182 7181 7183
f 7182 7183 7184
f 7185 7182 7184
f 7185 7184 7186
f 7187 7185 7186
f 7187 7186 7188
f 7189 7187 7188
f 7189 7188 7190
f 7191 7189 7190
f 7191 7190 7192
f 7193 7191 7192
f 7193 7192 7194
f 7195 7193 7194
f 7195 7194 7196
f 7197 7195 7196
f 7197 7196 7198
f 7199 7197 7198
f 7199 7198 7200
f 7201 7202 7203
f 7204 7205 7201
f 7206 7207 7204
f 7208 7209 7206
f 7210 7211 7208
f 7212 7210 7213
f 7214 7213 7215
f 7216 7215 7217
f 7218 7217 7219
f 7220 7219 7221
f 7222 7221 7223
f 7205 7224 7202
f 7207 7225 7205
f 7209 7226 7207
f 7211 7227 7209
f 7228 7229 7211
f 7230 7228 7212
f 7231 7212 7214
f 7232 7214 7216
f 7233 7216 7218
f 7234 7218 7220
f 7235 7220 7222
f 7225 7236 7224
f 7226 7237 7225
f 7227 7238 7226
f 7229 7239 7227
f 7240 7241 7229
f 7242 7240 7230
f 7243 7230 7231
f 7244 7231 7232
f 7245 7232 7233
f 7246 7233 7234
f 7247 7234 7235
f 7237 7248 7236
f 7238 7249 7237
f 7239 7250 7238
f 7241 7251 7239
f 7252 7253 7241
f 7254 7252 7242
f 7255 7242 7243
f 7256 7243 7244
f 7257 7244 7245
f 7258 7245 7246
f 7259 7246 7247
f 7249 7260 7248
f 7250 7261 7249
f 7251 7262 7250
f 7253 7263 7251
f 7264 7265 7253
f 7266 7264 7254
f 7267 7254 7255
f 7268 7255 7256
f 7269 7256 7257
f 7270 7257 7258
f 7271 7258 7259
f 7261 7272 7260
f 7262 7273 7261
f 7263 7274 7262
f 7265 7275 7263
f 7276 7277 7265
f 7278 7276 7266
f 7279 7266 7267
f 7280 7267 7268
f 7281 7268 7269
f 7282 7269 7270
f 7283 7270 7271
f 7273 7284 7272
f 7274 7285 7273
f 7275 7286 7274
f 7277 7287 7275
f 7288 7289 7277
f 7290 7288 7278
f 7291 7278 7279
f 7292 7279 7280
f 7293 7280 7281
f 7294 7281 7282
f 7295 7282 7283
f 7285 7296 7284
f 7286 7297 7285
f 7287 7298 7286
f 7289 7299 7287
f 7300 7301 7289
f 7302 7300 7290
f 7303 7290 7291
f 7304 7291 7292
f 7305 7292 7293
f 7306 7293 7294
f 7307 7294 7295
f 7297 7308 7296
f 7298 7309 7297
f 7299 7310 7298
f 7301 7311 7299
f 7312 7313 7301
f 7314 7312 7302
f 7315 7302 7303
f 7316 7303 7304
f 7317 7304 7305
f 7318 7305 7306
f 7319 7306 7307
f 7320 7308 7309
f 7321 7309 7310
f 7322 7310 7311
f 7323 7311 7313
f 7324 7313 7325
f 7326 7325 7314
f 7315 7326 7314
f 7316 7327 7315
f 7317 7328 7316
f 7318 7329 7317
f 7319 7330 7318
f 7331 7332 7320
f 7333 7320 7321
f 7334 7321 7322
f 7335 7322 7323
f 7336 7323 7324
f 7337 7324 7326
f 7327 7337 7326
f 7328 7338 7327
f 7329 7339 7328
f 7330 7340 7329
f 7341 7342 7330
f 7331 7343 7344
f 7333 7345 7331
f 7334 7346 7333
f 7335 7347 7334
f 7336 7348 7335
f 7349 7336 7337
f 7350 7337 7338
f 7351 7338 7339
f 7352 7339 7340
f 7353 7340 7342
f 7354 7342 7355
f 7345 7356 7343
f 7346 7357 7345
f 7347 7358 7346
f 7348 7359 7347
f 7360 7361 7348
f 7362 7360 7349
f 7363 7349 7350
f 7364 7350 7351
f 7365 7351 7352
f 7366 7352 7353
f 7367 7353 7354
f 7357 7368 7356
f 7358 7369 7357
f 7359 7370 7358
f 7361 7371 7359
f 7372 7373 7361
f 7374 7372 7362
f 7375 7362 7363
f 7376 7363 7364
f 7377 7364 7365
f 7378 7365 7366
f 7379 7366 7367
f 7380 7368 7369
f 7381 7369 7370
f 7382 7370 7371
f 7383 7371 7373
f 7384 7373 7385
f 7386 7385 7374
f 7375 7386 7374
f 7376 7387 7375
f 7377 7388 7376
f 7378 7389 7377
f 7379 7390 7378
f 7391 7392 7380
f 7393 7380 7381
f 7394 7381 7382
f 7395 7382 7383
f 7396 7383 7384
f 7397 7384 7386
f 7387 7397 7386
f 7388 7398 7387
f 7389 7399 7388
f 7390 7400 7389
f 7401 7402 7390
f 7403 7404 7391
f 7405 7391 7393
f 7406 7393 7394
f 7407 7394 7395
f 7408 7395 7396
f 7409 7396 7397
f 7398 7409 7397
f 7399 7410 7398
f 7400 7411 7399
f 7402 7412 7400
f 7413 7414 7402
f 7415 7416 7403
f 7417 7403 7405
f 7418 7405 7406
f 7419 7406 7407
f 7420 7407 7408
f 7421 7408 7409
f 7410 7421 7409
f 7411 7422 7410
f 7412 7423 7411
f 7414 7424 7412
f 7425 7426 7414
f 7427 7428 7415
f 7429 7415 7417
f 7430 7417 7418
f 7431 7418 7419
f 7432 7419 7420
f 7433 7420 7421
f 7422 7433 7421
f 7423 7434 7422
f 7424 7435 7423
f 7426 7436 7424
f 7437 7438 7426
f 7439 7440 7427
f 7441 7427 7429
f 7442 7429 7430
f 7443 7430 7431
f 7444 7431 7432
f 7445 7432 7433
f 7434 7445 7433
f 7435 7446 7434
f 7436 7447 7435
f 7438 7448 7436
f 7449 7450 7438
f 7451 7452 7439
f 7453 7439 7441
f 7454 7441 7442
f 7455 7442 7443
f 7456 7443 7444
f 7457 7444 7445
f 7446 7457 7445
f 7447 7458 7446
f 7448 7459 7447
f 7450 7460 7448
f 7461 7462 7450
f 7463 7464 7451
f 7465 7451 7453
f 7466 7453 7454
f 7467 7454 7455
f 7468 7455 7456
f 7469 7456 7457
f 7458 7469 7457
f 7459 7470 7458
f 7460 7471 7459
f 7462 7472 7460
f 7473 7474 7462
f 7475 7476 7463
f 7477 7463 7465
f 7478 7465 7466
f 7479 7466 7467
f 7480 7467 7468
f 7481 7468 7469
f 7470 7481 7469
f 7471 7482 7470
f 7472 7483 7471
f 7474 7484 7472
f 7485 7486 7474
f 7475 7487 7488
f 7477 7489 7475
f 7478 7490 7477
f 7479 7491 7478
f 7480 7492 7479
f 7493 7480 7481
f 7494 7481 7482
f 7495 7482 7483
f 7496 7483 7484
f 7497 7484 7486
f 7498 7486 7499
f 7489 7500 7487
f 7490 7501 7489
f 7491 7502 7490
f 7492 7503 7491
f 7504 7505 7492
f 7506 7504 7493
f 7507 7493 7494
f 7508 7494 7495
f 7509 7495 7496
f 7510 7496 7497
f 7511 7497 7498
f 7512 7500 7501
f 7513 7501 7502
f 7514 7502 7503
f 7515 7503 7505
f 7516 7505 7517
f 7518 7517 7506
f 7507 7518 7506
f 7508 7519 7507
f 7509 7520 7508
f 7510 7521 7509
f 7511 7522 7510
f 7523 7524 7512
f 7525 7512 7513
f 7526 7513 7514
f 7527 7514 7515
f 7528 7515 7516
f 7529 7516 7518
f 7519 7529 7518
f 7520 7530 7519
f 7521 7531 7520
f 7522 7532 7521
f 7533 7534 7522
f 7535 7536 7523
f 7537 7523 7525
f 7538 7525 7526
f 7539 7526 7527
f 7540 7527 7528
f 7541 7528 7529
f 7530 7541 7529
f 7531 7542 7530
f 7532 7543 7531
f 7534 7544 7532
f 7545 7546 7534
f 7547 7548 7535
f 7549 7535 7537
f 7550 7537 7538
f 7551 7538 7539
f 7552 7539 7540
f 7553 7540 7541
f 7542 7553 7541
f 7543 7554 7542
f 7544 7555 7543
f 7546 7556 7544
f 7557 7558 7546
f 7559 7560 7547
f 7561 7547 7549
f 7562 7549 7550
f 7563 7550 7551
f 7564 7551 7552
f 7553 7564 7552
f 7554 7565 7553
f 7555 7566 7554
f 7556 7567 7555
f 7558 7568 7556
f 7569 7570 7558
f 7571 7572 7559
f 7573 7559 7561
f 7574 7561 7562
f 7575 7562 7563
f 7576 7563 7564
f 7577 7564 7565
f 7566 7577 7565
f 7567 7578 7566
f 7568 7579 7567
f 7570 7580 7568
f 7581 7582 7570
f 7583 7584 7571
f 7585 7571 7573
f 7586 7573 7574
f 7587 7574 7575
f 7588 7575 7576
f 7589 7576 7577
f 7578 7589 7577
f 7579 7590 7578
f 7580 7591 7579
f 7582 7592 7580
f 7593 7594 7582
f 7595 7596 7583
f 7597 7583 7585
f 7598 7585 7586
f 7599 7586 7587
f 7600 7587 7588
f 7601 7588 7589
f 7590 7601 7589
f 7591 7602 7590
f 7592 7603 7591
f 7594 7604 7592
f 7605 7606 7594
f 7607 7608 7595
f 7609 7595 7597
f 7610 7597 7598
f 7611 7598 7599
f 7612 7599 7600
f 7613 7600 7601
f 7602 7613 7601
f 7603 7614 7602
f 7604 7615 7603
f 7606 7616 7604
f 7617 7618 7606
f 7619 7620 7607
f 7621 7607 7609
f 7622 7609 7610
f 7623 7610 7611
f 7624 7611 7612
f 7625 7612 7613
f 7614 7625 7613
f 7615 7626 7614
f 7616 7627 7615
f 7618 7628 7616
f 7629 7630 7618
f 7631 7632 7619
f 7633 7619 7621
f 7634 7621 7622
f 7635 7622 7623
f 7636 7623 7624
f 7625 7636 7624
f 7626 7637 7625
f 7627 7638 7626
f 7628 7639 7627
f 7630 7640 7628
f 7641 7642 7630
f 7631 7643 7644
f 7633 7645 7631
f 7634 7646 7633
f 7635 7647 7634
f 7636 7648 7635
f 7637 7649 7636
f 7650 7637 7638
f 7651 7638 7639
f 7652 7639 7640
f 7653 7640 7642
f 7654 7642 7655
f 7645 7656 7643
f 7646 7657 7645
f 7647 7658 7646
f 7648 7659 7647
f 7649 7660 7648
f 7661 7649 7662
f 7663 7662 7650
f 7664 7650 7651
f 7665 7651 7652
f 7666 7652 7653
f 7667 7653 7654
f 7657 7668 7656
f 7658 7669 7657
f 7659 7670 7658
f 7660 7671 7659
f 7672 7673 7660
f 7674 7672 7661
f 7675 7661 7663
f 7676 7663 7664
f 7677 7664 7665
f 7678 7665 7666
f 7679 7666 7667
f 7669 7680 7668
f 7670 7681 7669
f 7671 7682 7670
f 7673 7683 7671
f 7684 7685 7673
f 7686 7684 7674
f 7687 7674 7675
f 7688 7675 7676
f 7689 7676 7677
f 7690 7677 7678
f 7691 7678 7679
f 7681 7692 7680
f 7682 7693 7681
f 7683 7694 7682
f 7685 7695 7683
f 7696 7697 7685
f 7698 7696 7686
f 7699 7686 7687
f 7700 7687 7688
f 7701 7688 7689
f 7702 7689 7690
f 7703 7690 7691
f 7693 7704 7692
f 7694 7705 7693
f 7695 7706 7694
f 7697 7707 7695
f 7708 7709 7697
f 7710 7708 7698
f 7711 7698 7699
f 7712 7699 7700
f 7713 7700 7701
f 7714 7701 7702
f 7715 7702 7703
f 7705 7716 7704
f 7706 7717 7705
f 7707 7718 7706
f 7709 7719 7707
f 7720 7721 7709
f 7722 7720 7710
f 7723 7710 7711
f 7724 7711 7712
f 7725 7712 7713
f 7726 7713 7714
f 7727 7714 7715
f 7717 7728 7716
f 7718 7729 7717
f 7719 7730 7718
f 7721 7731 7719
f 7732 7733 7721
f 7734 7732 7722
f 7735 7722 7723
f 7736 7723 7724
f 7737 7724 7725
f 7738 7725 7726
f 7739 7726 7727
f 7729 7740 7728
f 7730 7741 7729
f 7731 7742 7730
f 7733 7743 7731
f 7744 7745 7733
f 7746 7744 7734
f 7747 7734 7735
f 7748 7735 7736
f 7749 7736 7737
f 7750 7737 7738
f 7751 7738 7739
f 7741 7752 7740
f 7742 7753 7741
f 7743 7754 7742
f 7745 7755 7743
f 7756 7757 7745
f 7758 7756 7746
f 7759 7746 7747
f 7760 7747 7748
f 7761 7748 7749
f 7762 7749 7750
f 7763 7750 7751
f 7753 7764 7752
f 7754 7765 7753
f 7755 7766 7754
f 7757 7767 7755
f 7768 7769 7757
f 7770 7768 7758
f 7771 7758 7759
f 7772 7759 7760
f 7773 7760 7761
f 7774 7761 7762
f 7775 7762 7763
f 7776 7764 7765
f 7777 7765 7766
f 7778 7766 7767
f 7779 7767 7769
f 7780 7769 7781
f 7782 7781 7770
f 7771 7782 7770
f 7772 7783 7771
f 7773 7784 7772
f 7774 7785 7773
f 7775 7786 7774
f 7787 7788 7776
f 7789 7776 7777
f 7790 7777 7778
f 7791 7778 7779
f 7792 7779 7780
f 7793 7780 7782
f 7783 7793 7782
f 7784 7794 7783
f 7785 7795 7784
f 7786 7796 7785
f 7797 7798 7786
f 7787 7799 7800
f 7789 7801 7787
f 7790 7802 7789
f 7791 7803 7790
f 7792 7804 7791
f 7805 7792 7793
f 7806 7793 7794
f 7807 7794 7795
f 7808 7795 7796
f 7809 7796 7798
f 7810 7798 7811
f 7801 7812 7799
f 7802 7813 7801
f 7803 7814 7802
f 7804 7815 7803
f 7816 7817 7804
f 7818 7816 7805
f 7819 7805 7806
f 7820 7806 7807
f 7821 7807 7808
f 7822 7808 7809
f 7823 7809 7810
f 7813 7824 7812
f 7814 7825 7813
f 7815 7826 7814
f 7817 7827 7815
f 7828 7829 7817
f 7830 7828 7818
f 7831 7818 7819
f 7832 7819 7820
f 7833 7820 7821
f 7834 7821 7822
f 7835 7822 7823
f 7825 7836 7824
f 7826 7837 7825
f 7827 7838 7826
f 7829 7839 7827
f 7840 7841 7829
f 7842 7840 7830
f 7843 7830 7831
f 7844 7831 7832
f 7845 7832 7833
f 7846 7833 7834
f 7847 7834 7835
f 7837 7848 7836
f 7838 7849 7837
f 7839 7850 7838
f 7841 7851 7839
f 7852 7853 7841
f 7854 7852 7842
f 7855 7842 7843
f 7856 7843 7844
f 7857 7844 7845
f 7858 7845 7846
f 7859 7846 7847
f 7849 7860 7848
f 7850 7861 7849
f 7851 7862 7850
f 7853 7863 7851
f 7864 7865 7853
f 7866 7864 7854
f 7867 7854 7855
f 7868 7855 7856
f 7869 7856 7857
f 7870 7857 7858
f 7871 7858 7859
f 7861 7872 7860
f 7862 7873 7861
f 7863 7874 7862
f 7865 7875 7863
f 7876 7877 7865
f 7878 7876 7866
f 7879 7866 7867
f 7880 7867 7868
f 7881 7868 7869
f 7882 7869 7870
f 7883 7870 7871
f 7873 7884 7872
f 7874 7885 7873
f 7875 7886 7874
f 7877 7887 7875
f 7888 7889 7877
f 7890 7888 7878
f 7891 7878 7879
f 7892 7879 7880
f 7893 7880 7881
f 7894 7881 7882
f 7895 7882 7883
f 7885 7896 7884
f 7886 7897 7885
f 7887 7898 7886
f 7889 7899 7887
f 7900 7901 7889
f 7902 7900 7890
f 7903 7890 7891
f 7904 7891 7892
f 7905 7892 7893
f 7906 7893 7894
f 7907 7894 7895
f 7908 7896 7897
f 7909 7897 7898
f 7910 7898 7899
f 7911 7899 7901
f 7912 7901 7913
f 7914 7913 7902
f 7903 7914 7902
f 7904 7915 7903
f 7905 7916 7904
f 7906 7917 7905
f 7907 7918 7906
f 7919 7920 7908
f 7921 7908 7909
f 7922 7909 7910
f 7923 7910 7911
f 7924 7911 7912
f 7925 7912 7914
f 7915 7925 7914
f 7916 7926 7915
f 7917 7927 7916
f 7918 7928 7917
f 7929 7930 7918
f 7931 7932 7919
f 7933 7919 7921
f 7934 7921 7922
f 7935 7922 7923
f 7936 7923 7924
f 7937 7924 7925
f 7926 7937 7925
f 7927 7938 7926
f 7928 7939 7927
f 7930 7940 7928
f 7941 7942 7930
f 7931 7943 7944
f 7933 7945 7931
f 7934 7946 7933
f 7935 7947 7934
f 7936 7948 7935
f 7949 7936 7937
f 7950 7937 7938
f 7951 7938 7939
f 7952 7939 7940
f 7953 7940 7942
f 7954 7942 7955
f 7945 7956 7943
f 7946 7957 7945
f 7947 7958 7946
f 7948 7959 7947
f 7960 7961 7948
f 7962 7960 7949
f 7963 7949 7950
f 7964 7950 7951
f 7965 7951 7952
f 7966 7952 7953
f 7967 7953 7954
f 7968 7956 7957
f 7969 7957 7958
f 7970 7958 7959
f 7971 7959 7961
f 7972 7961 7973
f 7974 7973 7962
f 7975 7962 7963
f 7964 7975 7963
f 7965 7976 7964
f 7966 7977 7965
f 7967 7978 7966
f 7979 7980 7968
f 7981 7968 7969
f 7982 7969 7970
f 7983 7970 7971
f 7984 7971 7972
f 7985 7972 7974
f 7975 7985 7974
f 7976 7986 7975
f 7977 7987 7976
f 7978 7988 7977
f 7989 7990 7978
f 7991 7992 7979
f 7993 7979 7981
f 7994 7981 7982
f 7995 7982 7983
f 7996 7983 7984
f 7997 7984 7985
f 7986 7997 7985
f 7987 7998 7986
f 7988 7999 7987
f 7990 8000 7988
f 8001 8002 7990
f 8003 8004 7991
f 8005 7991 7993
f 8006 7993 7994
f 8007 7994 7995
f 8008 7995 7996
f 8009 7996 7997
f 7998 8009 7997
f 7999 8010 7998
f 8000 8011 7999
f 8002 8012 8000
f 8013 8014 8002
f 8015 8016 8003
f 8017 8003 8005
f 8018 8005 8006
f 8019 8006 8007
f 8020 8007 8008
f 8021 8008 8009
f 8010 8021 8009
f 8011 8022 8010
f 8012 8023 8011
f 8014 8024 8012
f 8025 8026 8014
f 8027 8028 8015
f 8029 8015 8017
f 8030 8017 8018
f 8031 8018 8019
f 8032 8019 8020
f 8033 8020 8021
f 8022 8033 8021
f 8023 8034 8022
f 8024 8035 8023
f 8026 8036 8024
f 8037 8038 8026
f 8039 8040 8027
f 8041 8027 8029
f 8042 8029 8030
f 8043 8030 8031
f 8044 8031 8032
f 8045 8032 8033
f 8034 8045 8033
f 8035 8046 8034
f 8036 8047 8035
f 8038 8048 8036
f 8049 8050 8038
f 8051 8052 8039
f 8053 8039 8041
f 8054 8041 8042
f 8055 8042 8043
f 8056 8043 8044
f 8057 8044 8045
f 8046 8057 8045
f 8047 8058 8046
f 8048 8059 8047
f 8050 8060 8048
f 8061 8062 8050
f 8063 8064 8051
f 8065 8051 8053
f 8066 8053 8054
f 8067 8054 8055
f 8068 8055 8056
f 8069 8056 8057
f 8058 8069 8057
f 8059 8070 8058
f 8060 8071 8059
f 8062 8072 8060
f 8073 8074 8062
f 8063 8075 8076
f 8065 8077 8063
f 8066 8078 8065
f 8067 8079 8066
f 8068 8080 8067
f 8081 8068 8069
f 8082 8069 8070
f 8083 8070 8071
f 8084 8071 8072
f 8085 8072 8074
f 8086 8074 8087
f 8077 8088 8075
f 8078 8089 8077
f 8079 8090 8078
f 8080 8091 8079
f 8092 8093 8080
f 8094 8092 8081
f 8095 8081 8082
f 8096 8082 8083
f 8097 8083 8084
f 8098 8084 8085
f 8099 8085 8086
f 8089 8100 8088
f 8090 8101 8089
f 8091 8102 8090
f 8093 8103 8091
f 8104 8105 8093
f 8106 8104 8094
f 8107 8094 8095
f 8108 8095 8096
f 8109 8096 8097
f 8110 8097 8098
f 8111 8098 8099
f 8101 8112 8100
f 8102 8113 8101
f 8103 8114 8102
f 8105 8115 8103
f 8116 8117 8105
f 8118 8116 8106
f 8119 8106 8107
f 8120 8107 8108
f 8121 8108 8109
f 8122 8109 8110
f 8123 8110 8111
f 8113 8124 8112
f 8114 8125 8113
f 8115 8126 8114
f 8117 8127 8115
f 8128 8129 8117
f 8130 8128 8118
f 8131 8118 8119
f 8132 8119 8120
f 8133 8120 8121
f 8134 8121 8122
f 8135 8122 8123
f 8125 8136 8124
f 8126 8137 8125
f 8127 8138 8126
f 8129 8139 8127
f 8140 8141 8129
f 8142 8140 8130
f 8143 8130 8131
f 8144 8131 8132
f 8145 8132 8133
f 8146 8133 8134
f 8147 8134 8135
f 8137 8148 8136
f 8138 8149 8137
f 8139 8150 8138
f 8141 8151 8139
f 8152 8153 8141
f 8154 8152 8142
f 8155 8142 8143
f 8156 8143 8144
f 8157 8144 8145
f 8158 8145 8146
f 8159 8146 8147
f 8149 8160 8148
f 8150 8161 8149
f 8151 8162 8150
f 8153 8163 8151
f 8164 8165 8153
f 8166 8164 8154
f 8167 8154 8155
f 8168 8155 8156
f 8169 8156 8157
f 8170 8157 8158
f 8171 8158 8159
f 8161 8172 8160
f 8162 8173 8161
f 8163 8174 8162
f 8165 8175 8163
f 8176 8165 8177
f 8178 8177 8166
f 8167 8178 8166
f 8179 8167 8168
f 8180 8168 8169
f 8181 8169 8170
f 8182 8170 8171
f 8183 8172 8173
f 8184 8173 8174
f 8185 8174 8175
f 8186 8175 8187
f 8188 8187 8176
f 8189 8176 8178
f 8190 8189 8178
f 8179 8191 8190
f 8180 8192 8179
f 8181 8193 8180
f 8182 8194 8181
f 8195 8196 8183
f 8197 8183 8184
f 8198 8184 8185
f 8199 8185 8186
f 8200 8186 8188
f 8201 8188 8189
f 8191 8201 8189
f 8192 8202 8191
f 8193 8203 8192
f 8194 8204 8193
f 8205 8206 8194
f 8195 8207 8208
f 8197 8209 8195
f 8198 8210 8197
f 8199 8211 8198
f 8200 8212 8199
f 8213 8200 8201
f 8214 8201 8202
f 8215 8202 8203
f 8216 8203 8204
f 8217 8204 8206
f 8218 8206 8219
f 8209 8220 8207
f 8210 8221 8209
f 8211 8222 8210
f 8212 8223 8211
f 8224 8225 8212
f 8226 8224 8213
f 8227 8213 8214
f 8228 8214 8215
f 8229 8215 8216
f 8230 8216 8217
f 8231 8217 8218
f 8221 8232 8220
f 8222 8233 8221
f 8223 8234 8222
f 8225 8235 8223
f 8236 8237 8225
f 8238 8236 8226
f 8239 8226 8227
f 8240 8227 8228
f 8241 8228 8229
f 8242 8229 8230
f 8243 8230 8231
f 8244 8232 8233
f 8245 8233 8234
f 8246 8234 8235
f 8247 8235 8237
f 8248 8237 8249
f 8250 8249 8238
f 8239 8250 8238
f 8240 8251 8239
f 8241 8252 8240
f 8242 8253 8241
f 8243 8254 8242
f 8255 8256 8244
f 8257 8244 8245
f 8258 8245 8246
f 8259 8246 8247
f 8260 8247 8248
f 8261 8248 8250
f 8251 8261 8250
f 8252 8262 8251
f 8253 8263 8252
f 8254 8264 8253
f 8265 8266 8254
f 8267 8268 8255
f 8269 8255 8257
f 8270 8257 8258
f 8271 8258 8259
f 8272 8259 8260
f 8273 8260 8261
f 8262 8273 8261
f 8263 8274 8262
f 8264 8275 8263
f 8266 8276 8264
f 8277 8278 8266
f 8279 8280 8267
f 8281 8267 8269
f 8282 8269 8270
f 8283 8270 8271
f 8284 8271 8272
f 8285 8272 8273
f 8274 8285 8273
f 8275 8286 8274
f 8276 8287 8275
f 8278 8288 8276
f 8289 8290 8278
f 8291 8292 8279
f 8293 8279 8281
f 8294 8281 8282
f 8295 8282 8283
f 8296 8283 8284
f 8297 8284 8285
f 8286 8297 8285
f 8287 8298 8286
f 8288 8299 8287
f 8290 8300 8288
f 8301 8302 8290
f 8303 8304 8291
f 8305 8291 8293
f 8306 8293 8294
f 8307 8294 8295
f 8308 8295 8296
f 8309 8296 8297
f 8298 8309 8297
f 8299 8310 8298
f 8300 8311 8299
f 8302 8312 8300
f 8313 8314 8302
f 8315 8316 8303
f 8317 8303 8305
f 8318 8305 8306
f 8319 8306 8307
f 8320 8307 8308
f 8321 8308 8309
f 8310 8321 8309
f 8311 8322 8310
f 8312 8323 8311
f 8314 8324 8312
f 8325 8326 8314
f 8327 8328 8315
f 8329 8315 8317
f 8330 8317 8318
f 8331 8318 8319
f 8332 8319 8320
f 8333 8320 8321
f 8322 8333 8321
f 8323 8334 8322
f 8324 8335 8323
f 8326 8336 8324
f 8337 8338 8326
f 8339 8340 8327
f 8341 8327 8329
f 8342 8329 8330
f 8343 8330 8331
f 8344 8331 8332
f 8345 8332 8333
f 8334 8345 8333
f 8335 8346 8334
f 8336 8347 8335
f 8338 8348 8336
f 8349 8350 8338
f 8339 8351 8352
f 8341 8353 8339
f 8342 8354 8341
f 8343 8355 8342
f 8344 8356 8343
f 8345 8357 8344
f 8358 8345 8346
f 8359 8346 8347
f 8360 8347 8348
f 8361 8348 8350
f 8362 8350 8363
f 8353 8364 8351
f 8354 8365 8353
f 8355 8366 8354
f 8356 8367 8355
f 8357 8368 8356
f 8369 8357 8370
f 8371 8370 8358
f 8372 8358 8359
f 8373 8359 8360
f 8374 8360 8361
f 8375 8361 8362
f 8376 8364 8365
f 8377 8365 8366
f 8378 8366 8367
f 8379 8367 8368
f 8380 8368 8381
f 8382 8381 8369
f 8371 8382 8369
f 8372 8383 8371
f 8373 8384 8372
f 8374 8385 8373
f 8375 8386 8374
f 8387 8388 8376
f 8389 8376 8377
f 8390 8377 8378
f 8391 8378 8379
f 8392 8379 8380
f 8393 8380 8382
f 8383 8393 8382
f 8384 8394 8383
f 8385 8395 8384
f 8386 8396 8385
f 8397 8398 8386
f 8399 8400 8387
f 8401 8387 8389
f 8402 8389 8390
f 8403 8390 8391
f 8404 8391 8392
f 8405 8392 8393
f 8394 8405 8393
f 8395 8406 8394
f 8396 8407 8395
f 8398 8408 8396
f 8409 8410 8398
f 8411 8412 8399
f 8413 8399 8401
f 8414 8401 8402
f 8415 8402 8403
f 8416 8403 8404
f 8417 8404 8405
f 8406 8417 8405
f 8407 8418 8406
f 8408 8419 8407
f 8410 8420 8408
f 8421 8422 8410
f 8423 8424 8411
f 8425 8411 8413
f 8426 8413 8414
f 8427 8414 8415
f 8428 8415 8416
f 8429 8416 8417
f 8418 8429 8417
f 8419 8430 8418
f 8420 8431 8419
f 8422 8432 8420
f 8433 8434 8422
f 8435 8436 8423
f 8437 8423 8425
f 8438 8425 8426
f 8439 8426 8427
f 8440 8427 8428
f 8441 8428 8429
f 8430 8441 8429
f 8431 8442 8430
f 8432 8443 8431
f 8434 8444 8432
f 8445 8446 8434
f 8447 8448 8435
f 8449 8435 8437
f 8450 8437 8438
f 8451 8438 8439
f 8452 8439 8440
f 8453 8440 8441
f 8442 8453 8441
f 8443 8454 8442
f 8444 8455 8443
f 8446 8456 8444
f 8457 8458 8446
f 8459 8460 8447
f 8461 8447 8449
f 8462 8449 8450
f 8463 8450 8451
f 8464 8451 8452
f 8465 8452 8453
f 8454 8465 8453
f 8455 8466 8454
f 8456 8467 8455
f 8458 8468 8456
f 8469 8470 8458
f 8471 8472 8459
f 8473 8459 8461
f 8474 8461 8462
f 8475 8462 8463
f 8476 8463 8464
f 8477 8464 8465
f 8466 8477 8465
f 8467 8478 8466
f 8468 8479 8467
f 8470 8480 8468
f 8481 8482 8470
f 8483 8484 8471
f 8485 8471 8473
f 8486 8473 8474
f 8487 8474 8475
f 8488 8475 8476
f 8489 8476 8477
f 8478 8489 8477
f 8479 8490 8478
f 8480 8491 8479
f 8482 8492 8480
f 8493 8494 8482
f 8495 8496 8483
f 8497 8483 8485
f 8498 8485 8486
f 8499 8486 8487
f 8500 8487 8488
f 8501 8488 8489
f 8490 8501 8489
f 8491 8502 8490
f 8492 8503 8491
f 8494 8504 8492
f 8505 8506 8494
f 8495 8507 8508
f 8497 8509 8495
f 8498 8510 8497
f 8499 8511 8498
f 8500 8512 8499
f 8513 8500 8501
f 8514 8501 8502
f 8515 8502 8503
f 8516 8503 8504
f 8517 8504 8506
f 8518 8506 8519
f 8509 8520 8507
f 8510 8521 8509
f 8511 8522 8510
f 8512 8523 8511
f 8524 8525 8512
f 8526 8524 8513
f 8527 8513 8514
f 8528 8514 8515
f 8529 8515 8516
f 8530 8516 8517
f 8531 8517 8518
f 8521 8532 8520
f 8522 8533 8521
f 8523 8534 8522
f 8525 8535 8523
f 8536 8537 8525
f 8538 8536 8526
f 8539 8526 8527
f 8540 8527 8528
f 8541 8528 8529
f 8542 8529 8530
f 8543 8530 8531
f 8533 8544 8532
f 8534 8545 8533
f 8535 8546 8534
f 8537 8547 8535
f 8548 8549 8537
f 8550 8548 8538
f 8551 8538 8539
f 8552 8539 8540
f 8553 8540 8541
f 8554 8541 8542
f 8555 8542 8543
f 8545 8556 8544
f 8546 8557 8545
f 8547 8558 8546
f 8549 8559 8547
f 8560 8561 8549
f 8562 8560 8550
f 8563 8550 8551
f 8564 8551 8552
f 8565 8552 8553
f 8566 8553 8554
f 8567 8554 8555
f 8557 8568 8556
f 8558 8569 8557
f 8559 8570 8558
f 8561 8571 8559
f 8572 8573 8561
f 8574 8572 8562
f 8575 8562 8563
f 8576 8563 8564
f 8577 8564 8565
f 8578 8565 8566
f 8579 8566 8567
f 8569 8580 8568
f 8570 8581 8569
f 8571 8582 8570
f 8573 8583 8571
f 8584 8585 8573
f 8586 8584 8574
f 8587 8574 8575
f 8588 8575 8576
f 8589 8576 8577
f 8590 8577 8578
f 8591 8578 8579
f 8581 8592 8580
f 8582 8593 8581
f 8583 8594 8582
f 8585 8595 8583
f 8596 8597 8585
f 8598 8596 8586
f 8599 8586 8587
f 8600 8587 8588
f 8601 8588 8589
f 8602 8589 8590
f 8603 8590 8591
f 8593 8604 8592
f 8594 8605 8593
f 8595 8606 8594
f 8597 8607 8595
f 8608 8609 8597
f 8610 8608 8598
f 8611 8598 8599
f 8612 8599 8600
f 8613 8600 8601
f 8614 8601 8602
f 8615 8602 8603
f 8605 8616 8604
f 8606 8617 8605
f 8607 8618 8606
f 8609 8619 8607
f 8620 8621 8609
f 8622 8620 8610
f 8623 8610 8611
f 8624 8611 8612
f 8625 8612 8613
f 8626 8613 8614
f 8627 8614 8615
f 8617 8628 8616
f 8618 8629 8617
f 8619 8630 8618
f 8621 8631 8619
f 8632 8633 8621
f 8634 8632 8622
f 8635 8622 8623
f 8636 8623 8624
f 8637 8624 8625
f 8638 8625 8626
f 8639 8626 8627
f 8640 8628 8629
f 8641 8629 8630
f 8642 8630 8631
f 8643 8631 8633
f 8644 8633 8645
f 8646 8645 8634
f 8635 8646 8634
f 8636 8647 8635
f 8637 8648 8636
f 8638 8649 8637
f 8639 8650 8638
f 8651 8652 8640
f 8653 8640 8641
f 8654 8641 8642
f 8655 8642 8643
f 8656 8643 8644
f 8657 8644 8646
f 8647 8657 8646
f 8648 8658 8647
f 8649 8659 8648
f 8650 8660 8649
f 8661 8662 8650
f 8651 8663 8664
f 8653 8665 8651
f 8654 8666 8653
f 8655 8667 8654
f 8656 8668 8655
f 8669 8656 8657
f 8670 8657 8658
f 8671 8658 8659
f 8672 8659 8660
f 8673 8660 8662
f 8674 8662 8675
f 8665 8676 8663
f 8666 8677 8665
f 8667 8678 8666
f 8668 8679 8667
f 8680 8681 8668
f 8682 8680 8669
f 8683 8669 8670
f 8684 8670 8671
f 8685 8671 8672
f 8686 8672 8673
f 8687 8673 8674
f 8677 8688 8676
f 8678 8689 8677
f 8679 8690 8678
f 8681 8691 8679
f 8692 8693 8681
f 8694 8692 8682
f 8695 8682 8683
f 8696 8683 8684
f 8697 8684 8685
f 8698 8685 8686
f 8699 8686 8687
f 8689 8700 8688
f 8690 8701 8689
f 8691 8702 8690
f 8693 8703 8691
f 8704 8705 8693
f 8706 8704 8694
f 8707 8694 8695
f 8708 8695 8696
f 8709 8696 8697
f 8710 8697 8698
f 8711 8698 8699
f 8701 8712 8700
f 8702 8713 8701
f 8703 8714 8702
f 8705 8715 8703
f 8716 8717 8705
f 8718 8716 8706
f 8719 8706 8707
f 8720 8707 8708
f 8721 8708 8709
f 8722 8709 8710
f 8723 8710 8711
f 8713 8724 8712
f 8714 8725 8713
f 8715 8726 8714
f 8717 8727 8715
f 8728 8729 8717
f 8730 8728 8718
f 8731 8718 8719
f 8732 8719 8720
f 8733 8720 8721
f 8734 8721 8722
f 8735 8722 8723
f 8725 8736 8724
f 8726 8737 8725
f 8727 8738 8726
f 8729 8739 8727
f 8740 8741 8729
f 8742 8740 8730
f 8743 8730 8731
f 8744 8731 8732
f 8745 8732 8733
f 8746 8733 8734
f 8747 8734 8735
f 8737 8748 8736
f 8738 8749 8737
f 8739 8750 8738
f 8741 8751 8739
f 8752 8753 8741
f 8754 8752 8742
f 8755 8742 8743
f 8756 8743 8744
f 8757 8744 8745
f 8758 8745 8746
f 8759 8746 8747
f 8749 8760 8748
f 8750 8761 8749
f 8751 8762 8750
f 8753 8763 8751
f 8764 8765 8753
f 8766 8764 8754
f 8767 8754 8755
f 8768 8755 8756
f 8769 8756 8757
f 8770 8757 8758
f 8771 8758 8759
f 8772 8760 8761
f 8773 8761 8762
f 8774 8762 8763
f 8775 8763 8765
f 8776 8775 8765
f 8777 8776 8766
f 8778 8766 8767
f 8768 8778 8767
f 8769 8779 8768
f 8770 8780 8769
f 8771 8781 8770
f 8782 8783 8772
f 8784 8772 8773
f 8785 8773 8774
f 8786 8774 8775
f 8787 8775 8788
f 8789 8788 8777
f 8778 8789 8777
f 8779 8790 8778
f 8780 8791 8779
f 8781 8792 8780
f 8793 8794 8781
f 8795 8796 8782
f 8797 8782 8784
f 8798 8784 8785
f 8799 8785 8786
f 8800 8786 8787
f 8789 8800 8787
f 8790 8801 8789
f 8791 8802 8790
f 8792 8803 8791
f 8794 8804 8792
f 8805 8806 8794
f 8795 8807 8808
f 8797 8809 8795
f 8798 8810 8797
f 8799 8811 8798
f 8800 8812 8799
f 8813 8800 8801
f 8814 8801 8802
f 8815 8802 8803
f 8816 8803 8804
f 8817 8804 8806
f 8818 8806 8819
f 8809 8820 8807
f 8810 8821 8809
f 8811 8822 8810
f 8812 8823 8811
f 8824 8825 8812
f 8826 8824 8813
f 8827 8813 8814
f 8828 8814 8815
f 8829 8815 8816
f 8830 8816 8817
f 8831 8817 8818
f 8832 8820 8821
f 8833 8821 8822
f 8834 8822 8823
f 8835 8823 8825
f 8836 8825 8837
f 8838 8837 8826
f 8827 8838 8826
f 8828 8839 8827
f 8829 8840 8828
f 8830 8841 8829
f 8831 8842 8830
f 8843 8844 8832
f 8845 8832 8833
f 8846 8833 8834
f 8847 8834 8835
f 8848 8835 8836
f 8849 8836 8838
f 8839 8849 8838
f 8840 8850 8839
f 8841 8851 8840
f 8842 8852 8841
f 8853 8854 8842
f 8855 8856 8843
f 8857 8843 8845
f 8858 8845 8846
f 8859 8846 8847
f 8860 8847 8848
f 8861 8848 8849
f 8850 8861 8849
f 8851 8862 8850
f 8852 8863 8851
f 8854 8864 8852
f 8865 8866 8854
f 8867 8868 8855
f 8869 8855 8857
f 8870 8857 8858
f 8871 8858 8859
f 8872 8859 8860
f 8873 8860 8861
f 8862 8873 8861
f 8863 8874 8862
f 8864 8875 8863
f 8866 8876 8864
f 8877 8878 8866
f 8879 8880 8867
f 8881 8867 8869
f 8882 8869 8870
f 8883 8870 8871
f 8884 8871 8872
f 8885 8872 8873
f 8874 8885 8873
f 8875 8886 8874
f 8876 8887 8875
f 8878 8888 8876
f 8889 8890 8878
f 8891 8892 8879
f 8893 8879 8881
f 8894 8881 8882
f 8895 8882 8883
f 8896 8883 8884
f 8897 8884 8885
f 8886 8897 8885
f 8887 8898 8886
f 8888 8899 8887
f 8890 8900 8888
f 8901 8902 8890
f 8903 8904 8891
f 8905 8891 8893
f 8906 8893 8894
f 8907 8894 8895
f 8908 8895 8896
f 8909 8896 8897
f 8898 8909 8897
f 8899 8910 8898
f 8900 8911 8899
f 8902 8912 8900
f 8913 8914 8902
f 8915 8916 8903
f 8917 8903 8905
f 8918 8905 8906
f 8919 8906 8907
f 8920 8907 8908
f 8921 8908 8909
f 8910 8921 8909
f 8911 8922 8910
f 8912 8923 8911
f 8914 8924 8912
f 8925 8926 8914
f 7201 8927 8915
f 7204 8915 8917
f 7206 8917 8918
f 7208 8918 8919
f 7210 8919 8920
f 7213 8920 8921
f 8922 7213 8921
f 8923 7215 8922
f 8924 7217 8923
f 8926 7219 8924
f 8928 7221 8926
f 8929 8930 8931
f 8932 8931 8933
f 8934 8933 8935
f 8936 8935 8937
f 8938 8937 8939
f 8940 8939 8941
f 8942 8940 8941
f 8943 8944 8942
f 8945 8946 8943
f 8947 8948 8945
f 8949 8950 8947
f 8951 8952 8929
f 8953 8929 8932
f 8954 8932 8934
f 8955 8934 8936
f 8956 8936 8938
f 8957 8938 8940
f 8944 8957 8940
f 8946 8958 8944
f 8948 8959 8946
f 8950 8960 8948
f 8961 8962 8950
f 8963 8964 8951
f 8965 8951 8953
f 8966 8953 8954
f 8967 8954 8955
f 8968 8955 8956
f 8969 8956 8957
f 8958 8969 8957
f 8959 8970 8958
f 8960 8971 8959
f 8962 8972 8960
f 8973 8974 8962
f 8975 8976 8963
f 8977 8963 8965
f 8978 8965 8966
f 8979 8966 8967
f 8980 8967 8968
f 8981 8968 8969
f 8970 8981 8969
f 8971 8982 8970
f 8972 8983 8971
f 8974 8984 8972
f 8985 8986 8974
f 8987 8988 8975
f 8989 8975 8977
f 8990 8977 8978
f 8991 8978 8979
f 8992 8979 8980
f 8993 8980 8981
f 8982 8993 8981
f 8983 8994 8982
f 8984 8995 8983
f 8986 8996 8984
f 8997 8998 8986
f 8999 9000 8987
f 9001 8987 8989
f 9002 8989 8990
f 9003 8990 8991
f 9004 8991 8992
f 9005 8992 8993
f 8994 9005 8993
f 8995 9006 8994
f 8996 9007 8995
f 8998 9008 8996
f 9009 9010 8998
f 8999 9011 9012
f 9001 9013 8999
f 9002 9014 9001
f 9003 9015 9002
f 9004 9016 9003
f 9017 9004 9005
f 9018 9005 9006
f 9019 9006 9007
f 9020 9007 9008
f 9021 9008 9010
f 9022 9010 9023
f 9013 9024 9011
f 9014 9025 9013
f 9015 9026 9014
f 9016 9027 9015
f 9028 9029 9016
f 9030 9028 9017
f 9031 9017 9018
f 9032 9018 9019
f 9033 9019 9020
f 9034 9020 9021
f 9035 9021 9022
f 9025 9036 9024
f 9026 9037 9025
f 9027 9038 9026
f 9029 9039 9027
f 9040 9041 9029
f 9042 9040 9030
f 9043 9030 9031
f 9044 9031 9032
f 9045 9032 9033
f 9046 9033 9034
f 9047 9034 9035
f 9037 9048 9036
f 9038 9049 9037
f 9039 9050 9038
f 9041 9051 9039
f 9052 9053 9041
f 9054 9052 9042
f 9055 9042 9043
f 9056 9043 9044
f 9057 9044 9045
f 9058 9045 9046
f 9059 9046 9047
f 9049 9060 9048
f 9050 9061 9049
f 9051 9062 9050
f 9053 9063 9051
f 9064 9065 9053
f 9066 9064 9054
f 9067 9054 9055
f 9068 9055 9056
f 9069 9056 9057
f 9070 9057 9058
f 9071 9058 9059
f 9072 9060 9061
f 9073 9061 9062
f 9074 9062 9063
f 9075 9063 9065
f 9076 9065 9077
f 9078 9077 9066
f 9067 9078 9066
f 9068 9079 9067
f 9069 9080 9068
f 9070 9081 9069
f 9071 9082 9070
f 9083 9084 9072
f 9085 9072 9073
f 9086 9073 9074
f 9087 9074 9075
f 9088 9075 9076
f 9089 9076 9078
f 9079 9089 9078
f 9080 9090 9079
f 9081 9091 9080
f 9082 9092 9081
f 9093 9094 9082
f 9083 9095 9096
f 9085 9097 9083
f 9086 9098 9085
f 9087 9099 9086
f 9088 9100 9087
f 9101 9088 9089
f 9102 9089 9090
f 9103 9090 9091
f 9104 9091 9092
f 9105 9092 9094
f 9106 9094 9107
f 9097 9108 9095
f 9098 9109 9097
f 9099 9110 9098
f 9100 9111 9099
f 9112 9113 9100
f 9114 9112 9101
f 9115 9101 9102
f 9116 9102 9103
f 9117 9103 9104
f 9118 9104 9105
f 9119 9105 9106
f 9109 9120 9108
f 9110 9121 9109
f 9111 9122 9110
f 9113 9123 9111
f 9124 9125 9113
f 9126 9124 9114
f 9127 9114 9115
f 9128 9115 9116
f 9129 9116 9117
f 9130 9117 9118
f 9131 9118 9119
f 9121 9132 9120
f 9122 9133 9121
f 9123 9134 9122
f 9125 9135 9123
f 9136 9137 9125
f 9138 9136 9126
f 9139 9126 9127
f 9140 9127 9128
f 9141 9128 9129
f 9142 9129 9130
f 9143 9130 9131
f 9133 9144 9132
f 9134 9145 9133
f 9135 9146 9134
f 9137 9147 9135
f 9148 9149 9137
f 9150 9148 9138
f 9151 9138 9139
f 9152 9139 9140
f 9153 9140 9141
f 9154 9141 9142
f 9155 9142 9143
f 9145 9156 9144
f 9146 9157 9145
f 9147 9158 9146
f 9149 9159 9147
f 9160 9161 9149
f 9162 9160 9150
f 9163 9150 9151
f 9164 9151 9152
f 9165 9152 9153
f 9166 9153 9154
f 9167 9154 9155
f 9157 9168 9156
f 9158 9169 9157
f 9159 9170 9158
f 9161 9171 9159
f 9172 9173 9161
f 9174 9172 9162
f 9175 9162 9163
f 9176 9163 9164
f 9177 9164 9165
f 9178 9165 9166
f 9179 9166 9167
f 9169 9180 9168
f 9170 9181 9169
f 9171 9182 9170
f 9173 9183 9171
f 9184 9185 9173
f 9186 9184 9174
f 9187 9174 9175
f 9188 9175 9176
f 9189 9176 9177
f 9190 9177 9178
f 9191 9178 9179
f 9181 9192 9180
f 9182 9193 9181
f 9183 9194 9182
f 9185 9195 9183
f 9196 9197 9185
f 9198 9196 9186
f 9199 9186 9187
f 9200 9187 9188
f 9201 9188 9189
f 9202 9189 9190
f 9203 9190 9191
f 9193 9204 9192
f 9194 9205 9193
f 9195 9206 9194
f 9197 9207 9195
f 9208 9209 9197
f 9210 9208 9198
f 9211 9198 9199
f 9212 9199 9200
f 9213 9200 9201
f 9214 9201 9202
f 9215 9202 9203
f 9205 9216 9204
f 9206 9217 9205
f 9207 9218 9206
f 9209 9219 9207
f 9220 9221 9209
f 9210 9222 9220
f 9223 9210 9211
f 9224 9211 9212
f 9225 9212 9213
f 9226 9213 9214
f 9227 9214 9215
f 9228 9216 9217
f 9229 9217 9218
f 9230 9218 9219
f 9231 9219 9221
f 9232 9221 9222
f 9233 9232 9222
f 9223 9234 9233
f 9224 9235 9223
f 9225 9236 9224
f 9226 9237 9225
f 9227 9238 9226
f 9239 9240 9228
f 9241 9228 9229
f 9242 9229 9230
f 9243 9230 9231
f 9244 9231 9232
f 9245 9232 9234
f 9235 9245 9234
f 9236 9246 9235
f 9237 9247 9236
f 9238 9248 9237
f 9249 9250 9238
f 9251 9252 9239
f 9253 9239 9241
f 9254 9241 9242
f 9255 9242 9243
f 9256 9243 9244
f 9257 9244 9245
f 9246 9257 9245
f 9247 9258 9246
f 9248 9259 9247
f 9250 9260 9248
f 9261 9262 9250
f 9263 9264 9251
f 9265 9251 9253
f 9266 9253 9254
f 9267 9254 9255
f 9268 9255 9256
f 9269 9256 9257
f 9258 9269 9257
f 9259 9270 9258
f 9260 9271 9259
f 9262 9272 9260
f 9273 9274 9262
f 9275 9276 9263
f 9277 9263 9265
f 9278 9265 9266
f 9279 9266 9267
f 9280 9267 9268
f 9281 9268 9269
f 9270 9281 9269
f 9271 9282 9270
f 9272 9283 9271
f 9274 9284 9272
f 9285 9286 9274
f 9287 9288 9275
f 9289 9275 9277
f 9290 9277 9278
f 9291 9278 9279
f 9292 9279 9280
f 9293 9280 9281
f 9282 9293 9281
f 9283 9294 9282
f 9284 9295 9283
f 9286 9296 9284
f 9297 9298 9286
f 9299 9300 9287
f 9301 9287 9289
f 9302 9289 9290
f 9303 9290 9291
f 9304 9291 9292
f 9305 9292 9293
f 9294 9305 9293
f 9295 9306 9294
f 9296 9307 9295
f 9298 9308 9296
f 9309 9310 9298
f 9311 9312 9299
f 9313 9299 9301
f 9314 9301 9302
f 9315 9302 9303
f 9316 9303 9304
f 9317 9304 9305
f 9306 9317 9305
f 9307 9318 9306
f 9308 9319 9307
f 9310 9320 9308
f 9321 9322 9310
f 9323 9324 9311
f 9325 9311 9313
f 9326 9313 9314
f 9327 9314 9315
f 9328 9315 9316
f 9329 9316 9317
f 9318 9329 9317
f 9319 9330 9318
f 9320 9331 9319
f 9322 9332 9320
f 9333 9334 9322
f 9335 9336 9323
f 9337 9323 9325
f 9338 9325 9326
f 9339 9326 9327
f 9340 9327 9328
f 9341 9328 9329
f 9330 9341 9329
f 9331 9342 9330
f 9332 9343 9331
f 9334 9344 9332
f 9345 9346 9334
f 9347 9348 9335
f 9349 9335 9337
f 9350 9337 9338
f 9351 9338 9339
f 9352 9339 9340
f 9353 9340 9341
f 9342 9353 9341
f 9343 9354 9342
f 9344 9355 9343
f 9346 9356 9344
f 9357 9358 9346
f 9347 9359 9360
f 9349 9361 9347
f 9350 9362 9349
f 9351 9363 9350
f 9352 9364 9351
f 9365 9352 9353
f 9366 9353 9354
f 9367 9354 9355
f 9368 9355 9356
f 9369 9356 9358
f 9370 9358 9371
f 9361 9372 9359
f 9362 9373 9361
f 9363 9374 9362
f 9364 9375 9363
f 9376 9377 9364
f 9378 9376 9365
f 9379 9365 9366
f 9380 9366 9367
f 9381 9367 9368
f 9382 9368 9369
f 9383 9369 9370
f 9384 9372 9373
f 9385 9373 9374
f 9386 9374 9375
f 9387 9375 9377
f 9388 9377 9389
f 9390 9389 9378
f 9379 9390 9378
f 9380 9391 9379
f 9381 9392 9380
f 9382 9393 9381
f 9383 9394 9382
f 9395 9396 9384
f 9397 9384 9385
f 9398 9385 9386
f 9399 9386 9387
f 9400 9387 9388
f 9401 9388 9390
f 9391 9401 9390
f 9392 9402 9391
f 9393 9403 9392
f 9394 9404 9393
f 9405 9406 9394
f 9407 9408 9395
f 9409 9395 9397
f 9410 9397 9398
f 9411 9398 9399
f 9412 9399 9400
f 9413 9400 9401
f 9402 9413 9401
f 9403 9414 9402
f 9404 9415 9403
f 9406 9416 9404
f 9417 9418 9406
f 9419 9420 9407
f 9421 9407 9409
f 9422 9409 9410
f 9423 9410 9411
f 9424 9411 9412
f 9425 9412 9413
f 9414 9425 9413
f 9415 9426 9414
f 9416 9427 9415
f 9418 9428 9416
f 9429 9430 9418
f 9431 9432 9419
f 9433 9419 9421
f 9434 9421 9422
f 9435 9422 9423
f 9436 9423 9424
f 9437 9424 9425
f 9426 9437 9425
f 9427 9438 9426
f 9428 9439 9427
f 9430 9440 9428
f 9441 9442 9430
f 9431 9443 9444
f 9433 9445 9431
f 9434 9446 9433
f 9435 9447 9434
f 9436 9448 9435
f 9449 9436 9437
f 9450 9437 9438
f 9451 9438 9439
f 9452 9439 9440
f 9453 9440 9442
f 9454 9442 9455
f 9445 9456 9443
f 9446 9457 9445
f 9447 9458 9446
f 9448 9459 9447
f 9460 9461 9448
f 9462 9460 9449
f 9463 9449 9450
f 9464 9450 9451
f 9465 9451 9452
f 9466 9452 9453
f 9467 9453 9454
f 9457 9468 9456
f 9458 9469 9457
f 9459 9470 9458
f 9461 9471 9459
f 9472 9473 9461
f 9474 9472 9462
f 9475 9462 9463
f 9476 9463 9464
f 9477 9464 9465
f 9478 9465 9466
f 9479 9466 9467
f 9469 9480 9468
f 9470 9481 9469
f 9471 9482 9470
f 9473 9483 9471
f 9484 9485 9473
f 9486 9484 9474
f 9487 9474 9475
f 9488 9475 9476
f 9489 9476 9477
f 9490 9477 9478
f 9491 9478 9479
f 9481 9492 9480
f 9482 9493 9481
f 9483 9494 9482
f 9485 9495 9483
f 9496 9497 9485
f 9498 9496 9486
f 9499 9486 9487
f 9500 9487 9488
f 9501 9488 9489
f 9502 9489 9490
f 9503 9490 9491
f 9493 9504 9492
f 9494 9505 9493
f 9495 9506 9494
f 9497 9507 9495
f 9508 9509 9497
f 9510 9508 9498
f 9511 9498 9499
f 9512 9499 9500
f 9513 9500 9501
f 9514 9501 9502
f 9515 9502 9503
f 9516 9504 9505
f 9517 9505 9506
f 9518 9506 9507
f 9519 9507 9509
f 9520 9509 9521
f 9522 9521 9510
f 9511 9522 9510
f 9512 9523 9511
f 9513 9524 9512
f 9514 9525 9513
f 9515 9526 9514
f 9527 9528 9516
f 9529 9516 9517
f 9530 9517 9518
f 9531 9518 9519
f 9532 9519 9520
f 9533 9520 9522
f 9523 9533 9522
f 9524 9534 9523
f 9525 9535 9524
f 9526 9536 9525
f 9537 9538 9526
f 9539 9540 9527
f 9541 9527 9529
f 9542 9529 9530
f 9543 9530 9531
f 9544 9531 9532
f 9545 9532 9533
f 9534 9545 9533
f 9535 9546 9534
f 9536 9547 9535
f 9538 9548 9536
f 9549 9550 9538
f 9551 9552 9539
f 9553 9539 9541
f 9554 9541 9542
f 9555 9542 9543
f 9556 9543 9544
f 9557 9544 9545
f 9546 9557 9545
f 9547 9558 9546
f 9548 9559 9547
f 9550 9560 9548
f 9561 9562 9550
f 9563 9564 9551
f 9565 9551 9553
f 9566 9553 9554
f 9567 9554 9555
f 9568 9555 9556
f 9569 9556 9557
f 9558 9569 9557
f 9559 9570 9558
f 9560 9571 9559
f 9562 9572 9560
f 9573 9574 9562
f 9563 9575 9576
f 9565 9577 9563
f 9566 9578 9565
f 9567 9579 9566
f 9568 9580 9567
f 9581 9568 9569
f 9582 9569 9570
f 9583 9570 9571
f 9584 9571 9572
f 9585 9572 9574
f 9586 9574 9587
f 9577 9588 9575
f 9578 9589 9577
f 9579 9590 9578
f 9580 9591 9579
f 9592 9593 9580
f 9594 9592 9581
f 9595 9581 9582
f 9596 9582 9583
f 9597 9583 9584
f 9598 9584 9585
f 9599 9585 9586
f 9589 9600 9588
f 9590 9601 9589
f 9591 9602 9590
f 9593 9603 9591
f 9604 9605 9593
f 9606 9604 9594
f 9607 9594 9595
f 9608 9595 9596
f 9609 9596 9597
f 9610 9597 9598
f 9611 9598 9599
f 9601 9612 9600
f 9602 9613 9601
f 9603 9614 9602
f 9605 9615 9603
f 9616 9617 9605
f 9618 9616 9606
f 9619 9606 9607
f 9620 9607 9608
f 9621 9608 9609
f 9622 9609 9610
f 9623 9610 9611
f 9613 9624 9612
f 9614 9625 9613
f 9615 9626 9614
f 9617 9627 9615
f 9628 9629 9617
f 9630 9628 9618
f 9631 9618 9619
f 9632 9619 9620
f 9633 9620 9621
f 9634 9621 9622
f 9635 9622 9623
f 9625 9636 9624
f 9626 9637 9625
f 9627 9638 9626
f 9629 9639 9627
f 9640 9641 9629
f 9642 9640 9630
f 9643 9630 9631
f 9644 9631 9632
f 9645 9632 9633
f 9646 9633 9634
f 9647 9634 9635
f 9648 9636 9637
f 9649 9637 9638
f 9650 9638 9639
f 9651 9639 9641
f 9652 9641 9653
f 9654 9653 9642
f 9643 9654 9642
f 9644 9655 9643
f 9645 9656 9644
f 9646 9657 9645
f 9647 9658 9646
f 9659 9660 9648
f 9661 9648 9649
f 9662 9649 9650
f 9663 9650 9651
f 9664 9651 9652
f 9665 9652 9654
f 9655 9665 9654
f 9656 9666 9655
f 9657 9667 9656
f 9658 9668 9657
f 9669 9670 9658
f 9659 9671 9672
f 9661 9673 9659
f 9662 9674 9661
f 9663 9675 9662
f 9664 9676 9663
f 9677 9664 9665
f 9678 9665 9666
f 9679 9666 9667
f 9680 9667 9668
f 9681 9668 9670
f 9682 9670 9683
f 9673 9684 9671
f 9674 9685 9673
f 9675 9686 9674
f 9676 9687 9675
f 9688 9689 9676
f 9690 9688 9677
f 9691 9677 9678
f 9692 9678 9679
f 9693 9679 9680
f 9694 9680 9681
f 9695 9681 9682
f 9685 9696 9684
f 9686 9697 9685
f 9687 9698 9686
f 9689 9699 9687
f 9700 9701 9689
f 9702 9700 9690
f 9703 9690 9691
f 9704 9691 9692
f 9705 9692 9693
f 9706 9693 9694
f 9707 9694 9695
f 9697 9708 9696
f 9698 9709 9697
f 9699 9710 9698
f 9701 9711 9699
f 9712 9713 9701
f 9714 9712 9702
f 9715 9702 9703
f 9716 9703 9704
f 9717 9704 9705
f 9718 9705 9706
f 9719 9706 9707
f 9709 9720 9708
f 9710 9721 9709
f 9711 9722 9710
f 9713 9723 9711
f 9724 9725 9713
f 9726 9724 9714
f 9727 9714 9715
f 9728 9715 9716
f 9729 9716 9717
f 9730 9717 9718
f 9731 9718 9719
f 9721 9732 9720
f 9722 9733 9721
f 9723 9734 9722
f 9725 9735 9723
f 9736 9737 9725
f 9738 9736 9726
f 9739 9726 9727
f 9740 9727 9728
f 9741 9728 9729
f 9742 9729 9730
f 9743 9730 9731
f 9733 9744 9732
f 9734 9745 9733
f 9735 9746 9734
f 9737 9747 9735
f 9748 9749 9737
f 9750 9748 9738
f 9751 9738 9739
f 9752 9739 9740
f 9753 9740 9741
f 9754 9741 9742
f 9755 9742 9743
f 9745 9756 9744
f 9746 9757 9745
f 9747 9758 9746
f 9749 9759 9747
f 9760 9761 9749
f 9762 9760 9750
f 9763 9750 9751
f 9764 9751 9752
f 9765 9752 9753
f 9766 9753 9754
f 9767 9754 9755
f 9757 9768 9756
f 9758 9769 9757
f 9759 9770 9758
f 9761 9771 9759
f 9772 9773 9761
f 9774 9772 9762
f 9775 9762 9763
f 9776 9763 9764
f 9777 9764 9765
f 9778 9765 9766
f 9779 9766 9767
f 9769 9780 9768
f 9770 9781 9769
f 9771 9782 9770
f 9773 9783 9771
f 9784 9785 9773
f 9786 9784 9774
f 9787 9774 9775
f 9788 9775 9776
f 9789 9776 9777
f 9790 9777 9778
f 9791 9778 9779
f 9781 9792 9780
f 9782 9793 9781
f 9783 9794 9782
f 9785 9795 9783
f 9796 9797 9785
f 9798 9796 9786
f 9799 9786 9787
f 9800 9787 9788
f 9801 9788 9789
f 9802 9789 9790
f 9803 9790 9791
f 9804 9792 9793
f 9805 9793 9794
f 9806 9794 9795
f 9807 9795 9797
f 9808 9797 9809
f 9810 9809 9798
f 9799 9810 9798
f 9800 9811 9799
f 9801 9812 9800
f 9802 9813 9801
f 9803 9814 9802
f 9815 9816 9804
f 9817 9804 9805
f 9818 9805 9806
f 9819 9806 9807
f 9820 9807 9808
f 9821 9808 9810
f 9811 9821 9810
f 9812 9822 9811
f 9813 9823 9812
f 9814 9824 9813
f 9825 9826 9814
f 9827 9828 9815
f 9829 9815 9817
f 9830 9817 9818
f 9831 9818 9819
f 9832 9819 9820
f 9833 9820 9821
f 9822 9833 9821
f 9823 9834 9822
f 9824 9835 9823
f 9826 9836 9824
f 9837 9838 9826
f 9839 9840 9827
f 9841 9827 9829
f 9842 9829 9830
f 9843 9830 9831
f 9844 9831 9832
f 9845 9832 9833
f 9834 9845 9833
f 9835 9846 9834
f 9836 9847 9835
f 9838 9848 9836
f 9849 9850 9838
f 9851 9852 9839
f 9853 9839 9841
f 9854 9841 9842
f 9855 9842 9843
f 9856 9843 9844
f 9857 9844 9845
f 9846 9857 9845
f 9847 9858 9846
f 9848 9859 9847
f 9850 9860 9848
f 9861 9862 9850
f 9863 9864 9851
f 9865 9851 9853
f 9866 9853 9854
f 9867 9854 9855
f 9868 9855 9856
f 9857 9868 9856
f 9858 9869 9857
f 9859 9870 9858
f 9860 9871 9859
f 9862 9872 9860
f 9873 9874 9862
f 9875 9876 9863
f 9877 9863 9865
f 9878 9865 9866
f 9879 9866 9867
f 9880 9867 9868
f 9881 9868 9869
f 9870 9881 9869
f 9871 9882 9870
f 9872 9883 9871
f 9874 9884 9872
f 9885 9886 9874
f 9887 9888 9875
f 9889 9875 9877
f 9890 9877 9878
f 9891 9878 9879
f 9892 9879 9880
f 9893 9880 9881
f 9882 9893 9881
f 9883 9894 9882
f 9884 9895 9883
f 9886 9896 9884
f 9897 9898 9886
f 9899 9900 9887
f 9901 9887 9889
f 9902 9889 9890
f 9903 9890 9891
f 9904 9891 9892
f 9905 9892 9893
f 9894 9905 9893
f 9895 9906 9894
f 9896 9907 9895
f 9898 9908 9896
f 9909 9910 9898
f 9911 9912 9899
f 9913 9899 9901
f 9914 9901 9902
f 9915 9902 9903
f 9916 9903 9904
f 9917 9904 9905
f 9906 9917 9905
f 9907 9918 9906
f 9908 9919 9907
f 9910 9920 9908
f 9921 9922 9910
f 9923 9924 9911
f 9925 9911 9913
f 9926 9913 9914
f 9927 9914 9915
f 9928 9915 9916
f 9917 9928 9916
f 9918 9929 9917
f 9919 9930 9918
f 9920 9931 9919
f 9922 9932 9920
f 9933 9934 9922
f 9923 9935 9936
f 9925 9937 9923
f 9926 9938 9925
f 9927 9939 9926
f 9928 9940 9927
f 9929 9941 9928
f 9942 9929 9930
f 9943 9930 9931
f 9944 9931 9932
f 9945 9932 9934
f 9946 9934 9947
f 9937 9948 9935
f 9938 9949 9937
f 9939 9950 9938
f 9940 9951 9939
f 9941 9952 9940
f 9953 9941 9954
f 9955 9954 9942
f 9956 9942 9943
f 9957 9943 9944
f 9958 9944 9945
f 9959 9945 9946
f 9960 9948 9949
f 9961 9949 9950
f 9962 9950 9951
f 9963 9951 9952
f 9964 9952 9965
f 9966 9965 9953
f 9955 9966 9953
f 9956 9967 9955
f 9957 9968 9956
f 9958 9969 9957
f 9959 9970 9958
f 9971 9972 9960
f 9973 9960 9961
f 9974 9961 9962
f 9975 9962 9963
f 9976 9963 9964
f 9977 9964 9966
f 9967 9977 9966
f 9968 9978 9967
f 9969 9979 9968
f 9970 9980 9969
f 9981 9982 9970
f 9983 9984 9971
f 9985 9971 9973
f 9986 9973 9974
f 9987 9974 9975
f 9988 9975 9976
f 9989 9976 9977
f 9978 9989 9977
f 9979 9990 9978
f 9980 9991 9979
f 9982 9992 9980
f 9993 9994 9982
f 9995 9996 9983
f 9997 9983 9985
f 9998 9985 9986
f 9999 9986 9987
f 10000 9987 9988
f 10001 9988 9989
f 9990 10001 9989
f 9991 10002 9990
f 9992 10003 9991
f 9994 10004 9992
f 10005 10006 9994
f 10007 10008 9995
f 10009 9995 9997
f 10010 9997 9998
f 10011 9998 9999
f 10012 9999 10000
f 10013 10000 10001
f 10002 10013 10001
f 10003 10014 10002
f 10004 10015 10003
f 10006 10016 10004
f 10017 10018 10006
f 10019 10020 10007
f 10021 10007 10009
f 10022 10009 10010
f 10023 10010 10011
f 10024 10011 10012
f 10025 10012 10013
f 10014 10025 10013
f 10015 10026 10014
f 10016 10027 10015
f 10018 10028 10016
f 10029 10030 10018
f 10019 10031 10032
f 10021 10033 10019
f 10022 10034 10021
f 10023 10035 10022
f 10024 10036 10023
f 10037 10024 10025
f 10038 10025 10026
f 10039 10026 10027
f 10040 10027 10028
f 10041 10028 10030
f 10042 10030 10043
f 10033 10044 10031
f 10034 10045 10033
f 10035 10046 10034
f 10036 10047 10035
f 10048 10049 10036
f 10050 10048 10037
f 10051 10037 10038
f 10052 10038 10039
f 10053 10039 10040
f 10054 10040 10041
f 10055 10041 10042
f 10045 10056 10044
f 10046 10057 10045
f 10047 10058 10046
f 10049 10059 10047
f 10060 10061 10049
f 10062 10060 10050
f 10063 10050 10051
f 10064 10051 10052
f 10065 10052 10053
f 10066 10053 10054
f 10067 10054 10055
f 10057 10068 10056
f 10058 10069 10057
f 10059 10070 10058
f 10061 10071 10059
f 10072 10073 10061
f 10074 10072 10062
f 10075 10062 10063
f 10076 10063 10064
f 10077 10064 10065
f 10078 10065 10066
f 10079 10066 10067
f 10069 8930 10068
f 10070 8931 10069
f 10071 8933 10070
f 10073 8935 10071
f 10080 8937 10073
f 8941 10080 10074
f 8942 10074 10075
f 8943 10075 10076
f 8945 10076 10077
f 8947 10077 10078
f 8949 10078 10079
f 7201 7205 7202
f 7204 7207 7205
f 7206 7209 7207
f 7208 7211 7209
f 7210 7228 7211
f 7212 7228 7210
f 7214 7212 7213
f 7216 7214 7215
f 7218 7216 7217
f 7220 7218 7219
f 7222 7220 7221
f 7205 7225 7224
f 7207 7226 7225
f 7209 7227 7226
f 7211 7229 7227
f 7228 7240 7229
f 7230 7240 7228
f 7231 7230 7212
f 7232 7231 7214
f 7233 7232 7216
f 7234 7233 7218
f 7235 7234 7220
f 7225 7237 7236
f 7226 7238 7237
f 7227 7239 7238
f 7229 7241 7239
f 7240 7252 7241
f 7242 7252 7240
f 7243 7242 7230
f 7244 7243 7231
f 7245 7244 7232
f 7246 7245 7233
f 7247 7246 7234
f 7237 7249 7248
f 7238 7250 7249
f 7239 7251 7250
f 7241 7253 7251
f 7252 7264 7253
f 7254 7264 7252
f 7255 7254 7242
f 7256 7255 7243
f 7257 7256 7244
f 7258 7257 7245
f 7259 7258 7246
f 7249 7261 7260
f 7250 7262 7261
f 7251 7263 7262
f 7253 7265 7263
f 7264 7276 7265
f 7266 7276 7264
f 7267 7266 7254
f 7268 7267 7255
f 7269 7268 7256
f 7270 7269 7257
f 7271 7270 7258
f 7261 7273 7272
f 7262 7274 7273
f 7263 7275 7274
f 7265 7277 7275
f 7276 7288 7277
f 7278 7288 7276
f 7279 7278 7266
f 7280 7279 7267
f 7281 7280 7268
f 7282 7281 7269
f 7283 7282 7270
f 7273 7285 7284
f 7274 7286 7285
f 7275 7287 7286
f 7277 7289 7287
f 7288 7300 7289
f 7290 7300 7288
f 7291 7290 7278
f 7292 7291 7279
f 7293 7292 7280
f 7294 7293 7281
f 7295 7294 7282
f 7285 7297 7296
f 7286 7298 7297
f 7287 7299 7298
f 7289 7301 7299
f 7300 7312 7301
f 7302 7312 7300
f 7303 7302 7290
f 7304 7303 7291
f 7305 7304 7292
f 7306 7305 7293
f 7307 7306 7294
f 7297 7309 7308
f 7298 7310 7309
f 7299 7311 7310
f 7301 7313 7311
f 7312 7325 7313
f 7314 7325 7312
f 7315 7314 7302
f 7316 7315 7303
f 7317 7316 7304
f 7318 7317 7305
f 7319 7318 7306
f 7320 7332 7308
f 7321 7320 7309
f 7322 7321 7310
f 7323 7322 7311
f 7324 7323 7313
f 7326 7324 7325
f 7315 7327 7326
f 7316 7328 7327
f 7317 7329 7328
f 7318 7330 7329
f 7319 7341 7330
f 7331 7344 7332
f 7333 7331 7320
f 7334 7333 7321
f 7335 7334 7322
f 7336 7335 7323
f 7337 7336 7324
f 7327 7338 7337
f 7328 7339 7338
f 7329 7340 7339
f 7330 7342 7340
f 7341 7355 7342
f 7331 7345 7343
f 7333 7346 7345
f 7334 7347 7346
f 7335 7348 7347
f 7336 7360 7348
f 7349 7360 7336
f 7350 7349 7337
f 7351 7350 7338
f 7352 7351 7339
f 7353 7352 7340
f 7354 7353 7342
f 7345 7357 7356
f 7346 7358 7357
f 7347 7359 7358
f 7348 7361 7359
f 7360 7372 7361
f 7362 7372 7360
f 7363 7362 7349
f 7364 7363 7350
f 7365 7364 7351
f 7366 7365 7352
f 7367 7366 7353
f 7357 7369 7368
f 7358 7370 7369
f 7359 7371 7370
f 7361 7373 7371
f 7372 7385 7373
f 7374 7385 7372
f 7375 7374 7362
f 7376 7375 7363
f 7377 7376 7364
f 7378 7377 7365
f 7379 7378 7366
f 7380 7392 7368
f 7381 7380 7369
f 7382 7381 7370
f 7383 7382 7371
f 7384 7383 7373
f 7386 7384 7385
f 7375 7387 7386
f 7376 7388 7387
f 7377 7389 7388
f 7378 7390 7389
f 7379 7401 7390
f 7391 7404 7392
f 7393 7391 7380
f 7394 7393 7381
f 7395 7394 7382
f 7396 7395 7383
f 7397 7396 7384
f 7387 7398 7397
f 7388 7399 7398
f 7389 7400 7399
f 7390 7402 7400
f 7401 7413 7402
f 7403 7416 7404
f 7405 7403 7391
f 7406 7405 7393
f 7407 7406 7394
f 7408 7407 7395
f 7409 7408 7396
f 7398 7410 7409
f 7399 7411 7410
f 7400 7412 7411
f 7402 7414 7412
f 7413 7425 7414
f 7415 7428 7416
f 7417 7415 7403
f 7418 7417 7405
f 7419 7418 7406
f 7420 7419 7407
f 7421 7420 7408
f 7410 7422 7421
f 7411 7423 7422
f 7412 7424 7423
f 7414 7426 7424
f 7425 7437 7426
f 7427 7440 7428
f 7429 7427 7415
f 7430 7429 7417
f 7431 7430 7418
f 7432 7431 7419
f 7433 7432 7420
f 7422 7434 7433
f 7423 7435 7434
f 7424 7436 7435
f 7426 7438 7436
f 7437 7449 7438
f 7439 7452 7440
f 7441 7439 7427
f 7442 7441 7429
f 7443 7442 7430
f 7444 7443 7431
f 7445 7444 7432
f 7434 7446 7445
f 7435 7447 7446
f 7436 7448 7447
f 7438 7450 7448
f 7449 7461 7450
f 7451 7464 7452
f 7453 7451 7439
f 7454 7453 7441
f 7455 7454 7442
f 7456 7455 7443
f 7457 7456 7444
f 7446 7458 7457
f 7447 7459 7458
f 7448 7460 7459
f 7450 7462 7460
f 7461 7473 7462
f 7463 7476 7464
f 7465 7463 7451
f 7466 7465 7453
f 7467 7466 7454
f 7468 7467 7455
f 7469 7468 7456
f 7458 7470 7469
f 7459 7471 7470
f 7460 7472 7471
f 7462 7474 7472
f 7473 7485 7474
f 7475 7488 7476
f 7477 7475 7463
f 7478 7477 7465
f 7479 7478 7466
f 7480 7479 7467
f 7481 7480 7468
f 7470 7482 7481
f 7471 7483 7482
f 7472 7484 7483
f 7474 7486 7484
f 7485 7499 7486
f 7475 7489 7487
f 7477 7490 7489
f 7478 7491 7490
f 7479 7492 7491
f 7480 7504 7492
f 7493 7504 7480
f 7494 7493 7481
f 7495 7494 7482
f 7496 7495 7483
f 7497 7496 7484
f 7498 7497 7486
f 7489 7501 7500
f 7490 7502 7501
f 7491 7503 7502
f 7492 7505 7503
f 7504 7517 7505
f 7506 7517 7504
f 7507 7506 7493
f 7508 7507 7494
f 7509 7508 7495
f 7510 7509 7496
f 7511 7510 7497
f 7512 7524 7500
f 7513 7512 7501
f 7514 7513 7502
f 7515 7514 7503
f 7516 7515 7505
f 7518 7516 7517
f 7507 7519 7518
f 7508 7520 7519
f 7509 7521 7520
f 7510 7522 7521
f 7511 7533 7522
f 7523 7536 7524
f 7525 7523 7512
f 7526 7525 7513
f 7527 7526 7514
f 7528 7527 7515
f 7529 7528 7516
f 7519 7530 7529
f 7520 7531 7530
f 7521 7532 7531
f 7522 7534 7532
f 7533 7545 7534
f 7535 7548 7536
f 7537 7535 7523
f 7538 7537 7525
f 7539 7538 7526
f 7540 7539 7527
f 7541 7540 7528
f 7530 7542 7541
f 7531 7543 7542
f 7532 7544 7543
f 7534 7546 7544
f 7545 7557 7546
f 7547 7560 7548
f 7549 7547 7535
f 7550 7549 7537
f 7551 7550 7538
f 7552 7551 7539
f 7553 7552 7540
f 7542 7554 7553
f 7543 7555 7554
f 7544 7556 7555
f 7546 7558 7556
f 7557 7569 7558
f 7559 7572 7560
f 7561 7559 7547
f 7562 7561 7549
f 7563 7562 7550
f 7564 7563 7551
f 7553 7565 7564
f 7554 7566 7565
f 7555 7567 7566
f 7556 7568 7567
f 7558 7570 7568
f 7569 7581 7570
f 7571 7584 7572
f 7573 7571 7559
f 7574 7573 7561
f 7575 7574 7562
f 7576 7575 7563
f 7577 7576 7564
f 7566 7578 7577
f 7567 7579 7578
f 7568 7580 7579
f 7570 7582 7580
f 7581 7593 7582
f 7583 7596 7584
f 7585 7583 7571
f 7586 7585 7573
f 7587 7586 7574
f 7588 7587 7575
f 7589 7588 7576
f 7578 7590 7589
f 7579 7591 7590
f 7580 7592 7591
f 7582 7594 7592
f 7593 7605 7594
f 7595 7608 7596
f 7597 7595 7583
f 7598 7597 7585
f 7599 7598 7586
f 7600 7599 7587
f 7601 7600 7588
f 7590 7602 7601
f 7591 7603 7602
f 7592 7604 7603
f 7594 7606 7604
f 7605 7617 7606
f 7607 7620 7608
f 7609 7607 7595
f 7610 7609 7597
f 7611 7610 7598
f 7612 7611 7599
f 7613 7612 7600
f 7602 7614 7613
f 7603 7615 7614
f 7604 7616 7615
f 7606 7618 7616
f 7617 7629 7618
f 7619 7632 7620
f 7621 7619 7607
f 7622 7621 7609
f 7623 7622 7610
f 7624 7623 7611
f 7625 7624 7612
f 7614 7626 7625
f 7615 7627 7626
f 7616 7628 7627
f 7618 7630 7628
f 7629 7641 7630
f 7631 7644 7632
f 7633 7631 7619
f 7634 7633 7621
f 7635 7634 7622
f 7636 7635 7623
f 7625 7637 7636
f 7626 7638 7637
f 7627 7639 7638
f 7628 7640 7639
f 7630 7642 7640
f 7641 7655 7642
f 7631 7645 7643
f 7633 7646 7645
f 7634 7647 7646
f 7635 7648 7647
f 7636 7649 7648
f 7637 7662 7649
f 7650 7662 7637
f 7651 7650 7638
f 7652 7651 7639
f 7653 7652 7640
f 7654 7653 7642
f 7645 7657 7656
f 7646 7658 7657
f 7647 7659 7658
f 7648 7660 7659
f 7649 7672 7660
f 7661 7672 7649
f 7663 7661 7662
f 7664 7663 7650
f 7665 7664 7651
f 7666 7665 7652
f 7667 7666 7653
f 7657 7669 7668
f 7658 7670 7669
f 7659 7671 7670
f 7660 7673 7671
f 7672 7684 7673
f 7674 7684 7672
f 7675 7674 7661
f 7676 7675 7663
f 7677 7676 7664
f 7678 7677 7665
f 7679 7678 7666
f 7669 7681 7680
f 7670 7682 7681
f 7671 7683 7682
f 7673 7685 7683
f 7684 7696 7685
f 7686 7696 7684
f 7687 7686 7674
f 7688 7687 7675
f 7689 7688 7676
f 7690 7689 7677
f 7691 7690 7678
f 7681 7693 7692
f 7682 7694 7693
f 7683 7695 7694
f 7685 7697 7695
f 7696 7708 7697
f 7698 7708 7696
f 7699 7698 7686
f 7700 7699 7687
f 7701 7700 7688
f 7702 7701 7689
f 7703 7702 7690
f 7693 7705 7704
f 7694 7706 7705
f 7695 7707 7706
f 7697 7709 7707
f 7708 7720 7709
f 7710 7720 7708
f 7711 7710 7698
f 7712 7711 7699
f 7713 7712 7700
f 7714 7713 7701
f 7715 7714 7702
f 7705 7717 7716
f 7706 7718 7717
f 7707 7719 7718
f 7709 7721 7719
f 7720 7732 7721
f 7722 7732 7720
f 7723 7722 7710
f 7724 7723 7711
f 7725 7724 7712
f 7726 7725 7713
f 7727 7726 7714
f 7717 7729 7728
f 7718 7730 7729
f 7719 7731 7730
f 7721 7733 7731
f 7732 7744 7733
f 7734 7744 7732
f 7735 7734 7722
f 7736 7735 7723
f 7737 7736 7724
f 7738 7737 7725
f 7739 7738 7726
f 7729 7741 7740
f 7730 7742 7741
f 7731 7743 7742
f 7733 7745 7743
f 7744 7756 7745
f 7746 7756 7744
f 7747 7746 7734
f 7748 7747 7735
f 7749 7748 7736
f 7750 7749 7737
f 7751 7750 7738
f 7741 7753 7752
f 7742 7754 7753
f 7743 7755 7754
f 7745 7757 7755
f 7756 7768 7757
f 7758 7768 7756
f 7759 7758 7746
f 7760 7759 7747
f 7761 7760 7748
f 7762 7761 7749
f 7763 7762 7750
f 7753 7765 7764
f 7754 7766 7765
f 7755 7767 7766
f 7757 7769 7767
f 7768 7781 7769
f 7770 7781 7768
f 7771 7770 7758
f 7772 7771 7759
f 7773 7772 7760
f 7774 7773 7761
f 7775 7774 7762
f 7776 7788 7764
f 7777 7776 7765
f 7778 7777 7766
f 7779 7778 7767
f 7780 7779 7769
f 7782 7780 7781
f 7771 7783 7782
f 7772 7784 7783
f 7773 7785 7784
f 7774 7786 7785
f 7775 7797 7786
f 7787 7800 7788
f 7789 7787 7776
f 7790 7789 7777
f 7791 7790 7778
f 7792 7791 7779
f 7793 7792 7780
f 7783 7794 7793
f 7784 7795 7794
f 7785 7796 7795
f 7786 7798 7796
f 7797 7811 7798
f 7787 7801 7799
f 7789 7802 7801
f 7790 7803 7802
f 7791 7804 7803
f 7792 7816 7804
f 7805 7816 7792
f 7806 7805 7793
f 7807 7806 7794
f 7808 7807 7795
f 7809 7808 7796
f 7810 7809 7798
f 7801 7813 7812
f 7802 7814 7813
f 7803 7815 7814
f 7804 7817 7815
f 7816 7828 7817
f 7818 7828 7816
f 7819 7818 7805
f 7820 7819 7806
f 7821 7820 7807
f 7822 7821 7808
f 7823 7822 7809
f 7813 7825 7824
f 7814 7826 7825
f 7815 7827 7826
f 7817 7829 7827
f 7828 7840 7829
f 7830 7840 7828
f 7831 7830 7818
f 7832 7831 7819
f 7833 7832 7820
f 7834 7833 7821
f 7835 7834 7822
f 7825 7837 7836
f 7826 7838 7837
f 7827 7839 7838
f 7829 7841 7839
f 7840 7852 7841
f 7842 7852 7840
f 7843 7842 7830
f 7844 7843 7831
f 7845 7844 7832
f 7846 7845 7833
f 7847 7846 7834
f 7837 7849 7848
f 7838 7850 7849
f 7839 7851 7850
f 7841 7853 7851
f 7852 7864 7853
f 7854 7864 7852
f 7855 7854 7842
f 7856 7855 7843
f 7857 7856 7844
f 7858 7857 7845
f 7859 7858 7846
f 7849 7861 7860
f 7850 7862 7861
f 7851 7863 7862
f 7853 7865 7863
f 7864 7876 7865
f 7866 7876 7864
f 7867 7866 7854
f 7868 7867 7855
f 7869 7868 7856
f 7870 7869 7857
f 7871 7870 7858
f 7861 7873 7872
f 7862 7874 7873
f 7863 7875 7874
f 7865 7877 7875
f 7876 7888 7877
f 7878 7888 7876
f 7879 7878 7866
f 7880 7879 7867
f 7881 7880 7868
f 7882 7881 7869
f 7883 7882 7870
f 7873 7885 7884
f 7874 7886 7885
f 7875 7887 7886
f 7877 7889 7887
f 7888 7900 7889
f 7890 7900 7888
f 7891 7890 7878
f 7892 7891 7879
f 7893 7892 7880
f 7894 7893 7881
f 7895 7894 7882
f 7885 7897 7896
f 7886 7898 7897
f 7887 7899 7898
f 7889 7901 7899
f 7900 7913 7901
f 7902 7913 7900
f 7903 7902 7890
f 7904 7903 7891
f 7905 7904 7892
f 7906 7905 7893
f 7907 7906 7894
f 7908 7920 7896
f 7909 7908 7897
f 7910 7909 7898
f 7911 7910 7899
f 7912 7911 7901
f 7914 7912 7913
f 7903 7915 7914
f 7904 7916 7915
f 7905 7917 7916
f 7906 7918 7917
f 7907 7929 7918
f 7919 7932 7920
f 7921 7919 7908
f 7922 7921 7909
f 7923 7922 7910
f 7924 7923 7911
f 7925 7924 7912
f 7915 7926 7925
f 7916 7927 7926
f 7917 7928 7927
f 7918 7930 7928
f 7929 7941 7930
f 7931 7944 7932
f 7933 7931 7919
f 7934 7933 7921
f 7935 7934 7922
f 7936 7935 7923
f 7937 7936 7924
f 7926 7938 7937
f 7927 7939 7938
f 7928 7940 7939
f 7930 7942 7940
f 7941 7955 7942
f 7931 7945 7943
f 7933 7946 7945
f 7934 7947 7946
f 7935 7948 7947
f 7936 7960 7948
f 7949 7960 7936
f 7950 7949 7937
f 7951 7950 7938
f 7952 7951 7939
f 7953 7952 7940
f 7954 7953 7942
f 7945 7957 7956
f 7946 7958 7957
f 7947 7959 7958
f 7948 7961 7959
f 7960 7973 7961
f 7962 7973 7960
f 7963 7962 7949
f 7964 7963 7950
f 7965 7964 7951
f 7966 7965 7952
f 7967 7966 7953
f 7968 7980 7956
f 7969 7968 7957
f 7970 7969 7958
f 7971 7970 7959
f 7972 7971 7961
f 7974 7972 7973
f 7975 7974 7962
f 7964 7976 7975
f 7965 7977 7976
f 7966 7978 7977
f 7967 7989 7978
f 7979 7992 7980
f 7981 7979 7968
f 7982 7981 7969
f 7983 7982 7970
f 7984 7983 7971
f 7985 7984 7972
f 7975 7986 7985
f 7976 7987 7986
f 7977 7988 7987
f 7978 7990 7988
f 7989 8001 7990
f 7991 8004 7992
f 7993 7991 7979
f 7994 7993 7981
f 7995 7994 7982
f 7996 7995 7983
f 7997 7996 7984
f 7986 7998 7997
f 7987 7999 7998
f 7988 8000 7999
f 7990 8002 8000
f 8001 8013 8002
f 8003 8016 8004
f 8005 8003 7991
f 8006 8005 7993
f 8007 8006 7994
f 8008 8007 7995
f 8009 8008 7996
f 7998 8010 8009
f 7999 8011 8010
f 8000 8012 8011
f 8002 8014 8012
f 8013 8025 8014
f 8015 8028 8016
f 8017 8015 8003
f 8018 8017 8005
f 8019 8018 8006
f 8020 8019 8007
f 8021 8020 8008
f 8010 8022 8021
f 8011 8023 8022
f 8012 8024 8023
f 8014 8026 8024
f 8025 8037 8026
f 8027 8040 8028
f 8029 8027 8015
f 8030 8029 8017
f 8031 8030 8018
f 8032 8031 8019
f 8033 8032 8020
f 8022 8034 8033
f 8023 8035 8034
f 8024 8036 8035
f 8026 8038 8036
f 8037 8049 8038
f 8039 8052 8040
f 8041 8039 8027
f 8042 8041 8029
f 8043 8042 8030
f 8044 8043 8031
f 8045 8044 8032
f 8034 8046 8045
f 8035 8047 8046
f 8036 8048 8047
f 8038 8050 8048
f 8049 8061 8050
f 8051 8064 8052
f 8053 8051 8039
f 8054 8053 8041
f 8055 8054 8042
f 8056 8055 8043
f 8057 8056 8044
f 8046 8058 8057
f 8047 8059 8058
f 8048 8060 8059
f 8050 8062 8060
f 8061 8073 8062
f 8063 8076 8064
f 8065 8063 8051
f 8066 8065 8053
f 8067 8066 8054
f 8068 8067 8055
f 8069 8068 8056
f 8058 8070 8069
f 8059 8071 8070
f 8060 8072 8071
f 8062 8074 8072
f 8073 8087 8074
f 8063 8077 8075
f 8065 8078 8077
f 8066 8079 8078
f 8067 8080 8079
f 8068 8092 8080
f 8081 8092 8068
f 8082 8081 8069
f 8083 8082 8070
f 8084 8083 8071
f 8085 8084 8072
f 8086 8085 8074
f 8077 8089 8088
f 8078 8090 8089
f 8079 8091 8090
f 8080 8093 8091
f 8092 8104 8093
f 8094 8104 8092
f 8095 8094 8081
f 8096 8095 8082
f 8097 8096 8083
f 8098 8097 8084
f 8099 8098 8085
f 8089 8101 8100
f 8090 8102 8101
f 8091 8103 8102
f 8093 8105 8103
f 8104 8116 8105
f 8106 8116 8104
f 8107 8106 8094
f 8108 8107 8095
f 8109 8108 8096
f 8110 8109 8097
f 8111 8110 8098
f 8101 8113 8112
f 8102 8114 8113
f 8103 8115 8114
f 8105 8117 8115
f 8116 8128 8117
f 8118 8128 8116
f 8119 8118 8106
f 8120 8119 8107
f 8121 8120 8108
f 8122 8121 8109
f 8123 8122 8110
f 8113 8125 8124
f 8114 8126 8125
f 8115 8127 8126
f 8117 8129 8127
f 8128 8140 8129
f 8130 8140 8128
f 8131 8130 8118
f 8132 8131 8119
f 8133 8132 8120
f 8134 8133 8121
f 8135 8134 8122
f 8125 8137 8136
f 8126 8138 8137
f 8127 8139 8138
f 8129 8141 8139
f 8140 8152 8141
f 8142 8152 8140
f 8143 8142 8130
f 8144 8143 8131
f 8145 8144 8132
f 8146 8145 8133
f 8147 8146 8134
f 8137 8149 8148
f 8138 8150 8149
f 8139 8151 8150
f 8141 8153 8151
f 8152 8164 8153
f 8154 8164 8152
f 8155 8154 8142
f 8156 8155 8143
f 8157 8156 8144
f 8158 8157 8145
f 8159 8158 8146
f 8149 8161 8160
f 8150 8162 8161
f 8151 8163 8162
f 8153 8165 8163
f 8164 8177 8165
f 8166 8177 8164
f 8167 8166 8154
f 8168 8167 8155
f 8169 8168 8156
f 8170 8169 8157
f 8171 8170 8158
f 8161 8173 8172
f 8162 8174 8173
f 8163 8175 8174
f 8165 8187 8175
f 8176 8187 8165
f 8178 8176 8177
f 8167 8190 8178
f 8179 8190 8167
f 8180 8179 8168
f 8181 8180 8169
f 8182 8181 8170
f 8183 8196 8172
f 8184 8183 8173
f 8185 8184 8174
f 8186 8185 8175
f 8188 8186 8187
f 8189 8188 8176
f 8190 8191 8189
f 8179 8192 8191
f 8180 8193 8192
f 8181 8194 8193
f 8182 8205 8194
f 8195 8208 8196
f 8197 8195 8183
f 8198 8197 8184
f 8199 8198 8185
f 8200 8199 8186
f 8201 8200 8188
f 8191 8202 8201
f 8192 8203 8202
f 8193 8204 8203
f 8194 8206 8204
f 8205 8219 8206
f 8195 8209 8207
f 8197 8210 8209
f 8198 8211 8210
f 8199 8212 8211
f 8200 8224 8212
f 8213 8224 8200
f 8214 8213 8201
f 8215 8214 8202
f 8216 8215 8203
f 8217 8216 8204
f 8218 8217 8206
f 8209 8221 8220
f 8210 8222 8221
f 8211 8223 8222
f 8212 8225 8223
f 8224 8236 8225
f 8226 8236 8224
f 8227 8226 8213
f 8228 8227 8214
f 8229 8228 8215
f 8230 8229 8216
f 8231 8230 8217
f 8221 8233 8232
f 8222 8234 8233
f 8223 8235 8234
f 8225 8237 8235
f 8236 8249 8237
f 8238 8249 8236
f 8239 8238 8226
f 8240 8239 8227
f 8241 8240 8228
f 8242 8241 8229
f 8243 8242 8230
f 8244 8256 8232
f 8245 8244 8233
f 8246 8245 8234
f 8247 8246 8235
f 8248 8247 8237
f 8250 8248 8249
f 8239 8251 8250
f 8240 8252 8251
f 8241 8253 8252
f 8242 8254 8253
f 8243 8265 8254
f 8255 8268 8256
f 8257 8255 8244
f 8258 8257 8245
f 8259 8258 8246
f 8260 8259 8247
f 8261 8260 8248
f 8251 8262 8261
f 8252 8263 8262
f 8253 8264 8263
f 8254 8266 8264
f 8265 8277 8266
f 8267 8280 8268
f 8269 8267 8255
f 8270 8269 8257
f 8271 8270 8258
f 8272 8271 8259
f 8273 8272 8260
f 8262 8274 8273
f 8263 8275 8274
f 8264 8276 8275
f 8266 8278 8276
f 8277 8289 8278
f 8279 8292 8280
f 8281 8279 8267
f 8282 8281 8269
f 8283 8282 8270
f 8284 8283 8271
f 8285 8284 8272
f 8274 8286 8285
f 8275 8287 8286
f 8276 8288 8287
f 8278 8290 8288
f 8289 8301 8290
f 8291 8304 8292
f 8293 8291 8279
f 8294 8293 8281
f 8295 8294 8282
f 8296 8295 8283
f 8297 8296 8284
f 8286 8298 8297
f 8287 8299 8298
f 8288 8300 8299
f 8290 8302 8300
f 8301 8313 8302
f 8303 8316 8304
f 8305 8303 8291
f 8306 8305 8293
f 8307 8306 8294
f 8308 8307 8295
f 8309 8308 8296
f 8298 8310 8309
f 8299 8311 8310
f 8300 8312 8311
f 8302 8314 8312
f 8313 8325 8314
f 8315 8328 8316
f 8317 8315 8303
f 8318 8317 8305
f 8319 8318 8306
f 8320 8319 8307
f 8321 8320 8308
f 8310 8322 8321
f 8311 8323 8322
f 8312 8324 8323
f 8314 8326 8324
f 8325 8337 8326
f 8327 8340 8328
f 8329 8327 8315
f 8330 8329 8317
f 8331 8330 8318
f 8332 8331 8319
f 8333 8332 8320
f 8322 8334 8333
f 8323 8335 8334
f 8324 8336 8335
f 8326 8338 8336
f 8337 8349 8338
f 8339 8352 8340
f 8341 8339 8327
f 8342 8341 8329
f 8343 8342 8330
f 8344 8343 8331
f 8345 8344 8332
f 8334 8346 8345
f 8335 8347 8346
f 8336 8348 8347
f 8338 8350 8348
f 8349 8363 8350
f 8339 8353 8351
f 8341 8354 8353
f 8342 8355 8354
f 8343 8356 8355
f 8344 8357 8356
f 8345 8370 8357
f 8358 8370 8345
f 8359 8358 8346
f 8360 8359 8347
f 8361 8360 8348
f 8362 8361 8350
f 8353 8365 8364
f 8354 8366 8365
f 8355 8367 8366
f 8356 8368 8367
f 8357 8381 8368
f 8369 8381 8357
f 8371 8369 8370
f 8372 8371 8358
f 8373 8372 8359
f 8374 8373 8360
f 8375 8374 8361
f 8376 8388 8364
f 8377 8376 8365
f 8378 8377 8366
f 8379 8378 8367
f 8380 8379 8368
f 8382 8380 8381
f 8371 8383 8382
f 8372 8384 8383
f 8373 8385 8384
f 8374 8386 8385
f 8375 8397 8386
f 8387 8400 8388
f 8389 8387 8376
f 8390 8389 8377
f 8391 8390 8378
f 8392 8391 8379
f 8393 8392 8380
f 8383 8394 8393
f 8384 8395 8394
f 8385 8396 8395
f 8386 8398 8396
f 8397 8409 8398
f 8399 8412 8400
f 8401 8399 8387
f 8402 8401 8389
f 8403 8402 8390
f 8404 8403 8391
f 8405 8404 8392
f 8394 8406 8405
f 8395 8407 8406
f 8396 8408 8407
f 8398 8410 8408
f 8409 8421 8410
f 8411 8424 8412
f 8413 8411 8399
f 8414 8413 8401
f 8415 8414 8402
f 8416 8415 8403
f 8417 8416 8404
f 8406 8418 8417
f 8407 8419 8418
f 8408 8420 8419
f 8410 8422 8420
f 8421 8433 8422
f 8423 8436 8424
f 8425 8423 8411
f 8426 8425 8413
f 8427 8426 8414
f 8428 8427 8415
f 8429 8428 8416
f 8418 8430 8429
f 8419 8431 8430
f 8420 8432 8431
f 8422 8434 8432
f 8433 8445 8434
f 8435 8448 8436
f 8437 8435 8423
f 8438 8437 8425
f 8439 8438 8426
f 8440 8439 8427
f 8441 8440 8428
f 8430 8442 8441
f 8431 8443 8442
f 8432 8444 8443
f 8434 8446 8444
f 8445 8457 8446
f 8447 8460 8448
f 8449 8447 8435
f 8450 8449 8437
f 8451 8450 8438
f 8452 8451 8439
f 8453 8452 8440
f 8442 8454 8453
f 8443 8455 8454
f 8444 8456 8455
f 8446 8458 8456
f 8457 8469 8458
f 8459 8472 8460
f 8461 8459 8447
f 8462 8461 8449
f 8463 8462 8450
f 8464 8463 8451
f 8465 8464 8452
f 8454 8466 8465
f 8455 8467 8466
f 8456 8468 8467
f 8458 8470 8468
f 8469 8481 8470
f 8471 8484 8472
f 8473 8471 8459
f 8474 8473 8461
f 8475 8474 8462
f 8476 8475 8463
f 8477 8476 8464
f 8466 8478 8477
f 8467 8479 8478
f 8468 8480 8479
f 8470 8482 8480
f 8481 8493 8482
f 8483 8496 8484
f 8485 8483 8471
f 8486 8485 8473
f 8487 8486 8474
f 8488 8487 8475
f 8489 8488 8476
f 8478 8490 8489
f 8479 8491 8490
f 8480 8492 8491
f 8482 8494 8492
f 8493 8505 8494
f 8495 8508 8496
f 8497 8495 8483
f 8498 8497 8485
f 8499 8498 8486
f 8500 8499 8487
f 8501 8500 8488
f 8490 8502 8501
f 8491 8503 8502
f 8492 8504 8503
f 8494 8506 8504
f 8505 8519 8506
f 8495 8509 8507
f 8497 8510 8509
f 8498 8511 8510
f 8499 8512 8511
f 8500 8524 8512
f 8513 8524 8500
f 8514 8513 8501
f 8515 8514 8502
f 8516 8515 8503
f 8517 8516 8504
f 8518 8517 8506
f 8509 8521 8520
f 8510 8522 8521
f 8511 8523 8522
f 8512 8525 8523
f 8524 8536 8525
f 8526 8536 8524
f 8527 8526 8513
f 8528 8527 8514
f 8529 8528 8515
f 8530 8529 8516
f 8531 8530 8517
f 8521 8533 8532
f 8522 8534 8533
f 8523 8535 8534
f 8525 8537 8535
f 8536 8548 8537
f 8538 8548 8536
f 8539 8538 8526
f 8540 8539 8527
f 8541 8540 8528
f 8542 8541 8529
f 8543 8542 8530
f 8533 8545 8544
f 8534 8546 8545
f 8535 8547 8546
f 8537 8549 8547
f 8548 8560 8549
f 8550 8560 8548
f 8551 8550 8538
f 8552 8551 8539
f 8553 8552 8540
f 8554 8553 8541
f 8555 8554 8542
f 8545 8557 8556
f 8546 8558 8557
f 8547 8559 8558
f 8549 8561 8559
f 8560 8572 8561
f 8562 8572 8560
f 8563 8562 8550
f 8564 8563 8551
f 8565 8564 8552
f 8566 8565 8553
f 8567 8566 8554
f 8557 8569 8568
f 8558 8570 8569
f 8559 8571 8570
f 8561 8573 8571
f 8572 8584 8573
f 8574 8584 8572
f 8575 8574 8562
f 8576 8575 8563
f 8577 8576 8564
f 8578 8577 8565
f 8579 8578 8566
f 8569 8581 8580
f 8570 8582 8581
f 8571 8583 8582
f 8573 8585 8583
f 8584 8596 8585
f 8586 8596 8584
f 8587 8586 8574
f 8588 8587 8575
f 8589 8588 8576
f 8590 8589 8577
f 8591 8590 8578
f 8581 8593 8592
f 8582 8594 8593
f 8583 8595 8594
f 8585 8597 8595
f 8596 8608 8597
f 8598 8608 8596
f 8599 8598 8586
f 8600 8599 8587
f 8601 8600 8588
f 8602 8601 8589
f 8603 8602 8590
f 8593 8605 8604
f 8594 8606 8605
f 8595 8607 8606
f 8597 8609 8607
f 8608 8620 8609
f 8610 8620 8608
f 8611 8610 8598
f 8612 8611 8599
f 8613 8612 8600
f 8614 8613 8601
f 8615 8614 8602
f 8605 8617 8616
f 8606 8618 8617
f 8607 8619 8618
f 8609 8621 8619
f 8620 8632 8621
f 8622 8632 8620
f 8623 8622 8610
f 8624 8623 8611
f 8625 8624 8612
f 8626 8625 8613
f 8627 8626 8614
f 8617 8629 8628
f 8618 8630 8629
f 8619 8631 8630
f 8621 8633 8631
f 8632 8645 8633
f 8634 8645 8632
f 8635 8634 8622
f 8636 8635 8623
f 8637 8636 8624
f 8638 8637 8625
f 8639 8638 8626
f 8640 8652 8628
f 8641 8640 8629
f 8642 8641 8630
f 8643 8642 8631
f 8644 8643 8633
f 8646 8644 8645
f 8635 8647 8646
f 8636 8648 8647
f 8637 8649 8648
f 8638 8650 8649
f 8639 8661 8650
f 8651 8664 8652
f 8653 8651 8640
f 8654 8653 8641
f 8655 8654 8642
f 8656 8655 8643
f 8657 8656 8644
f 8647 8658 8657
f 8648 8659 8658
f 8649 8660 8659
f 8650 8662 8660
f 8661 8675 8662
f 8651 8665 8663
f 8653 8666 8665
f 8654 8667 8666
f 8655 8668 8667
f 8656 8680 8668
f 8669 8680 8656
f 8670 8669 8657
f 8671 8670 8658
f 8672 8671 8659
f 8673 8672 8660
f 8674 8673 8662
f 8665 8677 8676
f 8666 8678 8677
f 8667 8679 8678
f 8668 8681 8679
f 8680 8692 8681
f 8682 8692 8680
f 8683 8682 8669
f 8684 8683 8670
f 8685 8684 8671
f 8686 8685 8672
f 8687 8686 8673
f 8677 8689 8688
f 8678 8690 8689
f 8679 8691 8690
f 8681 8693 8691
f 8692 8704 8693
f 8694 8704 8692
f 8695 8694 8682
f 8696 8695 8683
f 8697 8696 8684
f 8698 8697 8685
f 8699 8698 8686
f 8689 8701 8700
f 8690 8702 8701
f 8691 8703 8702
f 8693 8705 8703
f 8704 8716 8705
f 8706 8716 8704
f 8707 8706 8694
f 8708 8707 8695
f 8709 8708 8696
f 8710 8709 8697
f 8711 8710 8698
f 8701 8713 8712
f 8702 8714 8713
f 8703 8715 8714
f 8705 8717 8715
f 8716 8728 8717
f 8718 8728 8716
f 8719 8718 8706
f 8720 8719 8707
f 8721 8720 8708
f 8722 8721 8709
f 8723 8722 8710
f 8713 8725 8724
f 8714 8726 8725
f 8715 8727 8726
f 8717 8729 8727
f 8728 8740 8729
f 8730 8740 8728
f 8731 8730 8718
f 8732 8731 8719
f 8733 8732 8720
f 8734 8733 8721
f 8735 8734 8722
f 8725 8737 8736
f 8726 8738 8737
f 8727 8739 8738
f 8729 8741 8739
f 8740 8752 8741
f 8742 8752 8740
f 8743 8742 8730
f 8744 8743 8731
f 8745 8744 8732
f 8746 8745 8733
f 8747 8746 8734
f 8737 8749 8748
f 8738 8750 8749
f 8739 8751 8750
f 8741 8753 8751
f 8752 8764 8753
f 8754 8764 8752
f 8755 8754 8742
f 8756 8755 8743
f 8757 8756 8744
f 8758 8757 8745
f 8759 8758 8746
f 8749 8761 8760
f 8750 8762 8761
f 8751 8763 8762
f 8753 8765 8763
f 8764 8776 8765
f 8766 8776 8764
f 8767 8766 8754
f 8768 8767 8755
f 8769 8768 8756
f 8770 8769 8757
f 8771 8770 8758
f 8772 8783 8760
f 8773 8772 8761
f 8774 8773 8762
f 8775 8774 8763
f 8776 8788 8775
f 8777 8788 8776
f 8778 8777 8766
f 8768 8779 8778
f 8769 8780 8779
f 8770 8781 8780
f 8771 8793 8781
f 8782 8796 8783
f 8784 8782 8772
f 8785 8784 8773
f 8786 8785 8774
f 8787 8786 8775
f 8789 8787 8788
f 8778 8790 8789
f 8779 8791 8790
f 8780 8792 8791
f 8781 8794 8792
f 8793 8805 8794
f 8795 8808 8796
f 8797 8795 8782
f 8798 8797 8784
f 8799 8798 8785
f 8800 8799 8786
f 8789 8801 8800
f 8790 8802 8801
f 8791 8803 8802
f 8792 8804 8803
f 8794 8806 8804
f 8805 8819 8806
f 8795 8809 8807
f 8797 8810 8809
f 8798 8811 8810
f 8799 8812 8811
f 8800 8824 8812
f 8813 8824 8800
f 8814 8813 8801
f 8815 8814 8802
f 8816 8815 8803
f 8817 8816 8804
f 8818 8817 8806
f 8809 8821 8820
f 8810 8822 8821
f 8811 8823 8822
f 8812 8825 8823
f 8824 8837 8825
f 8826 8837 8824
f 8827 8826 8813
f 8828 8827 8814
f 8829 8828 8815
f 8830 8829 8816
f 8831 8830 8817
f 8832 8844 8820
f 8833 8832 8821
f 8834 8833 8822
f 8835 8834 8823
f 8836 8835 8825
f 8838 8836 8837
f 8827 8839 8838
f 8828 8840 8839
f 8829 8841 8840
f 8830 8842 8841
f 8831 8853 8842
f 8843 8856 8844
f 8845 8843 8832
f 8846 8845 8833
f 8847 8846 8834
f 8848 8847 8835
f 8849 8848 8836
f 8839 8850 8849
f 8840 8851 8850
f 8841 8852 8851
f 8842 8854 8852
f 8853 8865 8854
f 8855 8868 8856
f 8857 8855 8843
f 8858 8857 8845
f 8859 8858 8846
f 8860 8859 8847
f 8861 8860 8848
f 8850 8862 8861
f 8851 8863 8862
f 8852 8864 8863
f 8854 8866 8864
f 8865 8877 8866
f 8867 8880 8868
f 8869 8867 8855
f 8870 8869 8857
f 8871 8870 8858
f 8872 8871 8859
f 8873 8872 8860
f 8862 8874 8873
f 8863 8875 8874
f 8864 8876 8875
f 8866 8878 8876
f 8877 8889 8878
f 8879 8892 8880
f 8881 8879 8867
f 8882 8881 8869
f 8883 8882 8870
f 8884 8883 8871
f 8885 8884 8872
f 8874 8886 8885
f 8875 8887 8886
f 8876 8888 8887
f 8878 8890 8888
f 8889 8901 8890
f 8891 8904 8892
f 8893 8891 8879
f 8894 8893 8881
f 8895 8894 8882
f 8896 8895 8883
f 8897 8896 8884
f 8886 8898 8897
f 8887 8899 8898
f 8888 8900 8899
f 8890 8902 8900
f 8901 8913 8902
f 8903 8916 8904
f 8905 8903 8891
f 8906 8905 8893
f 8907 8906 8894
f 8908 8907 8895
f 8909 8908 8896
f 8898 8910 8909
f 8899 8911 8910
f 8900 8912 8911
f 8902 8914 8912
f 8913 8925 8914
f 8915 8927 8916
f 8917 8915 8903
f 8918 8917 8905
f 8919 8918 8906
f 8920 8919 8907
f 8921 8920 8908
f 8910 8922 8921
f 8911 8923 8922
f 8912 8924 8923
f 8914 8926 8924
f 8925 8928 8926
f 7201 7203 8927
f 7204 7201 8915
f 7206 7204 8917
f 7208 7206 8918
f 7210 7208 8919
f 7213 7210 8920
f 8922 7215 7213
f 8923 7217 7215
f 8924 7219 7217
f 8926 7221 7219
f 8928 7223 7221
f 8929 8952 8930
f 8932 8929 8931
f 8934 8932 8933
f 8936 8934 8935
f 8938 8936 8937
f 8940 8938 8939
f 8942 8944 8940
f 8943 8946 8944
f 8945 8948 8946
f 8947 8950 8948
f 8949 8961 8950
f 8951 8964 8952
f 8953 8951 8929
f 8954 8953 8932
f 8955 8954 8934
f 8956 8955 8936
f 8957 8956 8938
f 8944 8958 8957
f 8946 8959 8958
f 8948 8960 8959
f 8950 8962 8960
f 8961 8973 8962
f 8963 8976 8964
f 8965 8963 8951
f 8966 8965 8953
f 8967 8966 8954
f 8968 8967 8955
f 8969 8968 8956
f 8958 8970 8969
f 8959 8971 8970
f 8960 8972 8971
f 8962 8974 8972
f 8973 8985 8974
f 8975 8988 8976
f 8977 8975 8963
f 8978 8977 8965
f 8979 8978 8966
f 8980 8979 8967
f 8981 8980 8968
f 8970 8982 8981
f 8971 8983 8982
f 8972 8984 8983
f 8974 8986 8984
f 8985 8997 8986
f 8987 9000 8988
f 8989 8987 8975
f 8990 8989 8977
f 8991 8990 8978
f 8992 8991 8979
f 8993 8992 8980
f 8982 8994 8993
f 8983 8995 8994
f 8984 8996 8995
f 8986 8998 8996
f 8997 9009 8998
f 8999 9012 9000
f 9001 8999 8987
f 9002 9001 8989
f 9003 9002 8990
f 9004 9003 8991
f 9005 9004 8992
f 8994 9006 9005
f 8995 9007 9006
f 8996 9008 9007
f 8998 9010 9008
f 9009 9023 9010
f 8999 9013 9011
f 9001 9014 9013
f 9002 9015 9014
f 9003 9016 9015
f 9004 9028 9016
f 9017 9028 9004
f 9018 9017 9005
f 9019 9018 9006
f 9020 9019 9007
f 9021 9020 9008
f 9022 9021 9010
f 9013 9025 9024
f 9014 9026 9025
f 9015 9027 9026
f 9016 9029 9027
f 9028 9040 9029
f 9030 9040 9028
f 9031 9030 9017
f 9032 9031 9018
f 9033 9032 9019
f 9034 9033 9020
f 9035 9034 9021
f 9025 9037 9036
f 9026 9038 9037
f 9027 9039 9038
f 9029 9041 9039
f 9040 9052 9041
f 9042 9052 9040
f 9043 9042 9030
f 9044 9043 9031
f 9045 9044 9032
f 9046 9045 9033
f 9047 9046 9034
f 9037 9049 9048
f 9038 9050 9049
f 9039 9051 9050
f 9041 9053 9051
f 9052 9064 9053
f 9054 9064 9052
f 9055 9054 9042
f 9056 9055 9043
f 9057 9056 9044
f 9058 9057 9045
f 9059 9058 9046
f 9049 9061 9060
f 9050 9062 9061
f 9051 9063 9062
f 9053 9065 9063
f 9064 9077 9065
f 9066 9077 9064
f 9067 9066 9054
f 9068 9067 9055
f 9069 9068 9056
f 9070 9069 9057
f 9071 9070 9058
f 9072 9084 9060
f 9073 9072 9061
f 9074 9073 9062
f 9075 9074 9063
f 9076 9075 9065
f 9078 9076 9077
f 9067 9079 9078
f 9068 9080 9079
f 9069 9081 9080
f 9070 9082 9081
f 9071 9093 9082
f 9083 9096 9084
f 9085 9083 9072
f 9086 9085 9073
f 9087 9086 9074
f 9088 9087 9075
f 9089 9088 9076
f 9079 9090 9089
f 9080 9091 9090
f 9081 9092 9091
f 9082 9094 9092
f 9093 9107 9094
f 9083 9097 9095
f 9085 9098 9097
f 9086 9099 9098
f 9087 9100 9099
f 9088 9112 9100
f 9101 9112 9088
f 9102 9101 9089
f 9103 9102 9090
f 9104 9103 9091
f 9105 9104 9092
f 9106 9105 9094
f 9097 9109 9108
f 9098 9110 9109
f 9099 9111 9110
f 9100 9113 9111
f 9112 9124 9113
f 9114 9124 9112
f 9115 9114 9101
f 9116 9115 9102
f 9117 9116 9103
f 9118 9117 9104
f 9119 9118 9105
f 9109 9121 9120
f 9110 9122 9121
f 9111 9123 9122
f 9113 9125 9123
f 9124 9136 9125
f 9126 9136 9124
f 9127 9126 9114
f 9128 9127 9115
f 9129 9128 9116
f 9130 9129 9117
f 9131 9130 9118
f 9121 9133 9132
f 9122 9134 9133
f 9123 9135 9134
f 9125 9137 9135
f 9136 9148 9137
f 9138 9148 9136
f 9139 9138 9126
f 9140 9139 9127
f 9141 9140 9128
f 9142 9141 9129
f 9143 9142 9130
f 9133 9145 9144
f 9134 9146 9145
f 9135 9147 9146
f 9137 9149 9147
f 9148 9160 9149
f 9150 9160 9148
f 9151 9150 9138
f 9152 9151 9139
f 9153 9152 9140
f 9154 9153 9141
f 9155 9154 9142
f 9145 9157 9156
f 9146 9158 9157
f 9147 9159 9158
f 9149 9161 9159
f 9160 9172 9161
f 9162 9172 9160
f 9163 9162 9150
f 9164 9163 9151
f 9165 9164 9152
f 9166 9165 9153
f 9167 9166 9154
f 9157 9169 9168
f 9158 9170 9169
f 9159 9171 9170
f 9161 9173 9171
f 9172 9184 9173
f 9174 9184 9172
f 9175 9174 9162
f 9176 9175 9163
f 9177 9176 9164
f 9178 9177 9165
f 9179 9178 9166
f 9169 9181 9180
f 9170 9182 9181
f 9171 9183 9182
f 9173 9185 9183
f 9184 9196 9185
f 9186 9196 9184
f 9187 9186 9174
f 9188 9187 9175
f 9189 9188 9176
f 9190 9189 9177
f 9191 9190 9178
f 9181 9193 9192
f 9182 9194 9193
f 9183 9195 9194
f 9185 9197 9195
f 9196 9208 9197
f 9198 9208 9196
f 9199 9198 9186
f 9200 9199 9187
f 9201 9200 9188
f 9202 9201 9189
f 9203 9202 9190
f 9193 9205 9204
f 9194 9206 9205
f 9195 9207 9206
f 9197 9209 9207
f 9208 9220 9209
f 9210 9220 9208
f 9211 9210 9198
f 9212 9211 9199
f 9213 9212 9200
f 9214 9213 9201
f 9215 9214 9202
f 9205 9217 9216
f 9206 9218 9217
f 9207 9219 9218
f 9209 9221 9219
f 9220 9222 9221
f 9210 9233 9222
f 9223 9233 9210
f 9224 9223 9211
f 9225 9224 9212
f 9226 9225 9213
f 9227 9226 9214
f 9228 9240 9216
f 9229 9228 9217
f 9230 9229 9218
f 9231 9230 9219
f 9232 9231 9221
f 9233 9234 9232
f 9223 9235 9234
f 9224 9236 9235
f 9225 9237 9236
f 9226 9238 9237
f 9227 9249 9238
f 9239 9252 9240
f 9241 9239 9228
f 9242 9241 9229
f 9243 9242 9230
f 9244 9243 9231
f 9245 9244 9232
f 9235 9246 9245
f 9236 9247 9246
f 9237 9248 9247
f 9238 9250 9248
f 9249 9261 9250
f 9251 9264 9252
f 9253 9251 9239
f 9254 9253 9241
f 9255 9254 9242
f 9256 9255 9243
f 9257 9256 9244
f 9246 9258 9257
f 9247 9259 9258
f 9248 9260 9259
f 9250 9262 9260
f 9261 9273 9262
f 9263 9276 9264
f 9265 9263 9251
f 9266 9265 9253
f 9267 9266 9254
f 9268 9267 9255
f 9269 9268 9256
f 9258 9270 9269
f 9259 9271 9270
f 9260 9272 9271
f 9262 9274 9272
f 9273 9285 9274
f 9275 9288 9276
f 9277 9275 9263
f 9278 9277 9265
f 9279 9278 9266
f 9280 9279 9267
f 9281 9280 9268
f 9270 9282 9281
f 9271 9283 9282
f 9272 9284 9283
f 9274 9286 9284
f 9285 9297 9286
f 9287 9300 9288
f 9289 9287 9275
f 9290 9289 9277
f 9291 9290 9278
f 9292 9291 9279
f 9293 9292 9280
f 9282 9294 9293
f 9283 9295 9294
f 9284 9296 9295
f 9286 9298 9296
f 9297 9309 9298
f 9299 9312 9300
f 9301 9299 9287
f 9302 9301 9289
f 9303 9302 9290
f 9304 9303 9291
f 9305 9304 9292
f 9294 9306 9305
f 9295 9307 9306
f 9296 9308 9307
f 9298 9310 9308
f 9309 9321 9310
f 9311 9324 9312
f 9313 9311 9299
f 9314 9313 9301
f 9315 9314 9302
f 9316 9315 9303
f 9317 9316 9304
f 9306 9318 9317
f 9307 9319 9318
f 9308 9320 9319
f 9310 9322 9320
f 9321 9333 9322
f 9323 9336 9324
f 9325 9323 9311
f 9326 9325 9313
f 9327 9326 9314
f 9328 9327 9315
f 9329 9328 9316
f 9318 9330 9329
f 9319 9331 9330
f 9320 9332 9331
f 9322 9334 9332
f 9333 9345 9334
f 9335 9348 9336
f 9337 9335 9323
f 9338 9337 9325
f 9339 9338 9326
f 9340 9339 9327
f 9341 9340 9328
f 9330 9342 9341
f 9331 9343 9342
f 9332 9344 9343
f 9334 9346 9344
f 9345 9357 9346
f 9347 9360 9348
f 9349 9347 9335
f 9350 9349 9337
f 9351 9350 9338
f 9352 9351 9339
f 9353 9352 9340
f 9342 9354 9353
f 9343 9355 9354
f 9344 9356 9355
f 9346 9358 9356
f 9357 9371 9358
f 9347 9361 9359
f 9349 9362 9361
f 9350 9363 9362
f 9351 9364 9363
f 9352 9376 9364
f 9365 9376 9352
f 9366 9365 9353
f 9367 9366 9354
f 9368 9367 9355
f 9369 9368 9356
f 9370 9369 9358
f 9361 9373 9372
f 9362 9374 9373
f 9363 9375 9374
f 9364 9377 9375
f 9376 9389 9377
f 9378 9389 9376
f 9379 9378 9365
f 9380 9379 9366
f 9381 9380 9367
f 9382 9381 9368
f 9383 9382 9369
f 9384 9396 9372
f 9385 9384 9373
f 9386 9385 9374
f 9387 9386 9375
f 9388 9387 9377
f 9390 9388 9389
f 9379 9391 9390
f 9380 9392 9391
f 9381 9393 9392
f 9382 9394 9393
f 9383 9405 9394
f 9395 9408 9396
f 9397 9395 9384
f 9398 9397 9385
f 9399 9398 9386
f 9400 9399 9387
f 9401 9400 9388
f 9391 9402 9401
f 9392 9403 9402
f 9393 9404 9403
f 9394 9406 9404
f 9405 9417 9406
f 9407 9420 9408
f 9409 9407 9395
f 9410 9409 9397
f 9411 9410 9398
f 9412 9411 9399
f 9413 9412 9400
f 9402 9414 9413
f 9403 9415 9414
f 9404 9416 9415
f 9406 9418 9416
f 9417 9429 9418
f 9419 9432 9420
f 9421 9419 9407
f 9422 9421 9409
f 9423 9422 9410
f 9424 9423 9411
f 9425 9424 9412
f 9414 9426 9425
f 9415 9427 9426
f 9416 9428 9427
f 9418 9430 9428
f 9429 9441 9430
f 9431 9444 9432
f 9433 9431 9419
f 9434 9433 9421
f 9435 9434 9422
f 9436 9435 9423
f 9437 9436 9424
f 9426 9438 9437
f 9427 9439 9438
f 9428 9440 9439
f 9430 9442 9440
f 9441 9455 9442
f 9431 9445 9443
f 9433 9446 9445
f 9434 9447 9446
f 9435 9448 9447
f 9436 9460 9448
f 9449 9460 9436
f 9450 9449 9437
f 9451 9450 9438
f 9452 9451 9439
f 9453 9452 9440
f 9454 9453 9442
f 9445 9457 9456
f 9446 9458 9457
f 9447 9459 9458
f 9448 9461 9459
f 9460 9472 9461
f 9462 9472 9460
f 9463 9462 9449
f 9464 9463 9450
f 9465 9464 9451
f 9466 9465 9452
f 9467 9466 9453
f 9457 9469 9468
f 9458 9470 9469
f 9459 9471 9470
f 9461 9473 9471
f 9472 9484 9473
f 9474 9484 9472
f 9475 9474 9462
f 9476 9475 9463
f 9477 9476 9464
f 9478 9477 9465
f 9479 9478 9466
f 9469 9481 9480
f 9470 9482 9481
f 9471 9483 9482
f 9473 9485 9483
f 9484 9496 9485
f 9486 9496 9484
f 9487 9486 9474
f 9488 9487 9475
f 9489 9488 9476
f 9490 9489 9477
f 9491 9490 9478
f 9481 9493 9492
f 9482 9494 9493
f 9483 9495 9494
f 9485 9497 9495
f 9496 9508 9497
f 9498 9508 9496
f 9499 9498 9486
f 9500 9499 9487
f 9501 9500 9488
f 9502 9501 9489
f 9503 9502 9490
f 9493 9505 9504
f 9494 9506 9505
f 9495 9507 9506
f 9497 9509 9507
f 9508 9521 9509
f 9510 9521 9508
f 9511 9510 9498
f 9512 9511 9499
f 9513 9512 9500
f 9514 9513 9501
f 9515 9514 9502
f 9516 9528 9504
f 9517 9516 9505
f 9518 9517 9506
f 9519 9518 9507
f 9520 9519 9509
f 9522 9520 9521
f 9511 9523 9522
f 9512 9524 9523
f 9513 9525 9524
f 9514 9526 9525
f 9515 9537 9526
f 9527 9540 9528
f 9529 9527 9516
f 9530 9529 9517
f 9531 9530 9518
f 9532 9531 9519
f 9533 9532 9520
f 9523 9534 9533
f 9524 9535 9534
f 9525 9536 9535
f 9526 9538 9536
f 9537 9549 9538
f 9539 9552 9540
f 9541 9539 9527
f 9542 9541 9529
f 9543 9542 9530
f 9544 9543 9531
f 9545 9544 9532
f 9534 9546 9545
f 9535 9547 9546
f 9536 9548 9547
f 9538 9550 9548
f 9549 9561 9550
f 9551 9564 9552
f 9553 9551 9539
f 9554 9553 9541
f 9555 9554 9542
f 9556 9555 9543
f 9557 9556 9544
f 9546 9558 9557
f 9547 9559 9558
f 9548 9560 9559
f 9550 9562 9560
f 9561 9573 9562
f 9563 9576 9564
f 9565 9563 9551
f 9566 9565 9553
f 9567 9566 9554
f 9568 9567 9555
f 9569 9568 9556
f 9558 9570 9569
f 9559 9571 9570
f 9560 9572 9571
f 9562 9574 9572
f 9573 9587 9574
f 9563 9577 9575
f 9565 9578 9577
f 9566 9579 9578
f 9567 9580 9579
f 9568 9592 9580
f 9581 9592 9568
f 9582 9581 9569
f 9583 9582 9570
f 9584 9583 9571
f 9585 9584 9572
f 9586 9585 9574
f 9577 9589 9588
f 9578 9590 9589
f 9579 9591 9590
f 9580 9593 9591
f 9592 9604 9593
f 9594 9604 9592
f 9595 9594 9581
f 9596 9595 9582
f 9597 9596 9583
f 9598 9597 9584
f 9599 9598 9585
f 9589 9601 9600
f 9590 9602 9601
f 9591 9603 9602
f 9593 9605 9603
f 9604 9616 9605
f 9606 9616 9604
f 9607 9606 9594
f 9608 9607 9595
f 9609 9608 9596
f 9610 9609 9597
f 9611 9610 9598
f 9601 9613 9612
f 9602 9614 9613
f 9603 9615 9614
f 9605 9617 9615
f 9616 9628 9617
f 9618 9628 9616
f 9619 9618 9606
f 9620 9619 9607
f 9621 9620 9608
f 9622 9621 9609
f 9623 9622 9610
f 9613 9625 9624
f 9614 9626 9625
f 9615 9627 9626
f 9617 9629 9627
f 9628 9640 9629
f 9630 9640 9628
f 9631 9630 9618
f 9632 9631 9619
f 9633 9632 9620
f 9634 9633 9621
f 9635 9634 9622
f 9625 9637 9636
f 9626 9638 9637
f 9627 9639 9638
f 9629 9641 9639
f 9640 9653 9641
f 9642 9653 9640
f 9643 9642 9630
f 9644 9643 9631
f 9645 9644 9632
f 9646 9645 9633
f 9647 9646 9634
f 9648 9660 9636
f 9649 9648 9637
f 9650 9649 9638
f 9651 9650 9639
f 9652 9651 9641
f 9654 9652 9653
f 9643 9655 9654
f 9644 9656 9655
f 9645 9657 9656
f 9646 9658 9657
f 9647 9669 9658
f 9659 9672 9660
f 9661 9659 9648
f 9662 9661 9649
f 9663 9662 9650
f 9664 9663 9651
f 9665 9664 9652
f 9655 9666 9665
f 9656 9667 9666
f 9657 9668 9667
f 9658 9670 9668
f 9669 9683 9670
f 9659 9673 9671
f 9661 9674 9673
f 9662 9675 9674
f 9663 9676 9675
f 9664 9688 9676
f 9677 9688 9664
f 9678 9677 9665
f 9679 9678 9666
f 9680 9679 9667
f 9681 9680 9668
f 9682 9681 9670
f 9673 9685 9684
f 9674 9686 9685
f 9675 9687 9686
f 9676 9689 9687
f 9688 9700 9689
f 9690 9700 9688
f 9691 9690 9677
f 9692 9691 9678
f 9693 9692 9679
f 9694 9693 9680
f 9695 9694 9681
f 9685 9697 9696
f 9686 9698 9697
f 9687 9699 9698
f 9689 9701 9699
f 9700 9712 9701
f 9702 9712 9700
f 9703 9702 9690
f 9704 9703 9691
f 9705 9704 9692
f 9706 9705 9693
f 9707 9706 9694
f 9697 9709 9708
f 9698 9710 9709
f 9699 9711 9710
f 9701 9713 9711
f 9712 9724 9713
f 9714 9724 9712
f 9715 9714 9702
f 9716 9715 9703
f 9717 9716 9704
f 9718 9717 9705
f 9719 9718 9706
f 9709 9721 9720
f 9710 9722 9721
f 9711 9723 9722
f 9713 9725 9723
f 9724 9736 9725
f 9726 9736 9724
f 9727 9726 9714
f 9728 9727 9715
f 9729 9728 9716
f 9730 9729 9717
f 9731 9730 9718
f 9721 9733 9732
f 9722 9734 9733
f 9723 9735 9734
f 9725 9737 9735
f 9736 9748 9737
f 9738 9748 9736
f 9739 9738 9726
f 9740 9739 9727
f 9741 9740 9728
f 9742 9741 9729
f 9743 9742 9730
f 9733 9745 9744
f 9734 9746 9745
f 9735 9747 9746
f 9737 9749 9747
f 9748 9760 9749
f 9750 9760 9748
f 9751 9750 9738
f 9752 9751 9739
f 9753 9752 9740
f 9754 9753 9741
f 9755 9754 9742
f 9745 9757 9756
f 9746 9758 9757
f 9747 9759 9758
f 9749 9761 9759
f 9760 9772 9761
f 9762 9772 9760
f 9763 9762 9750
f 9764 9763 9751
f 9765 9764 9752
f 9766 9765 9753
f 9767 9766 9754
f 9757 9769 9768
f 9758 9770 9769
f 9759 9771 9770
f 9761 9773 9771
f 9772 9784 9773
f 9774 9784 9772
f 9775 9774 9762
f 9776 9775 9763
f 9777 9776 9764
f 9778 9777 9765
f 9779 9778 9766
f 9769 9781 9780
f 9770 9782 9781
f 9771 9783 9782
f 9773 9785 9783
f 9784 9796 9785
f 9786 9796 9784
f 9787 9786 9774
f 9788 9787 9775
f 9789 9788 9776
f 9790 9789 9777
f 9791 9790 9778
f 9781 9793 9792
f 9782 9794 9793
f 9783 9795 9794
f 9785 9797 9795
f 9796 9809 9797
f 9798 9809 9796
f 9799 9798 9786
f 9800 9799 9787
f 9801 9800 9788
f 9802 9801 9789
f 9803 9802 9790
f 9804 9816 9792
f 9805 9804 9793
f 9806 9805 9794
f 9807 9806 9795
f 9808 9807 9797
f 9810 9808 9809
f 9799 9811 9810
f 9800 9812 9811
f 9801 9813 9812
f 9802 9814 9813
f 9803 9825 9814
f 9815 9828 9816
f 9817 9815 9804
f 9818 9817 9805
f 9819 9818 9806
f 9820 9819 9807
f 9821 9820 9808
f 9811 9822 9821
f 9812 9823 9822
f 9813 9824 9823
f 9814 9826 9824
f 9825 9837 9826
f 9827 9840 9828
f 9829 9827 9815
f 9830 9829 9817
f 9831 9830 9818
f 9832 9831 9819
f 9833 9832 9820
f 9822 9834 9833
f 9823 9835 9834
f 9824 9836 9835
f 9826 9838 9836
f 9837 9849 9838
f 9839 9852 9840
f 9841 9839 9827
f 9842 9841 9829
f 9843 9842 9830
f 9844 9843 9831
f 9845 9844 9832
f 9834 9846 9845
f 9835 9847 9846
f 9836 9848 9847
f 9838 9850 9848
f 9849 9861 9850
f 9851 9864 9852
f 9853 9851 9839
f 9854 9853 9841
f 9855 9854 9842
f 9856 9855 9843
f 9857 9856 9844
f 9846 9858 9857
f 9847 9859 9858
f 9848 9860 9859
f 9850 9862 9860
f 9861 9873 9862
f 9863 9876 9864
f 9865 9863 9851
f 9866 9865 9853
f 9867 9866 9854
f 9868 9867 9855
f 9857 9869 9868
f 9858 9870 9869
f 9859 9871 9870
f 9860 9872 9871
f 9862 9874 9872
f 9873 9885 9874
f 9875 9888 9876
f 9877 9875 9863
f 9878 9877 9865
f 9879 9878 9866
f 9880 9879 9867
f 9881 9880 9868
f 9870 9882 9881
f 9871 9883 9882
f 9872 9884 9883
f 9874 9886 9884
f 9885 9897 9886
f 9887 9900 9888
f 9889 9887 9875
f 9890 9889 9877
f 9891 9890 9878
f 9892 9891 9879
f 9893 9892 9880
f 9882 9894 9893
f 9883 9895 9894
f 9884 9896 9895
f 9886 9898 9896
f 9897 9909 9898
f 9899 9912 9900
f 9901 9899 9887
f 9902 9901 9889
f 9903 9902 9890
f 9904 9903 9891
f 9905 9904 9892
f 9894 9906 9905
f 9895 9907 9906
f 9896 9908 9907
f 9898 9910 9908
f 9909 9921 9910
f 9911 9924 9912
f 9913 9911 9899
f 9914 9913 9901
f 9915 9914 9902
f 9916 9915 9903
f 9917 9916 9904
f 9906 9918 9917
f 9907 9919 9918
f 9908 9920 9919
f 9910 9922 9920
f 9921 9933 9922
f 9923 9936 9924
f 9925 9923 9911
f 9926 9925 9913
f 9927 9926 9914
f 9928 9927 9915
f 9917 9929 9928
f 9918 9930 9929
f 9919 9931 9930
f 9920 9932 9931
f 9922 9934 9932
f 9933 9947 9934
f 9923 9937 9935
f 9925 9938 9937
f 9926 9939 9938
f 9927 9940 9939
f 9928 9941 9940
f 9929 9954 9941
f 9942 9954 9929
f 9943 9942 9930
f 9944 9943 9931
f 9945 9944 9932
f 9946 9945 9934
f 9937 9949 9948
f 9938 9950 9949
f 9939 9951 9950
f 9940 9952 9951
f 9941 9965 9952
f 9953 9965 9941
f 9955 9953 9954
f 9956 9955 9942
f 9957 9956 9943
f 9958 9957 9944
f 9959 9958 9945
f 9960 9972 9948
f 9961 9960 9949
f 9962 9961 9950
f 9963 9962 9951
f 9964 9963 9952
f 9966 9964 9965
f 9955 9967 9966
f 9956 9968 9967
f 9957 9969 9968
f 9958 9970 9969
f 9959 9981 9970
f 9971 9984 9972
f 9973 9971 9960
f 9974 9973 9961
f 9975 9974 9962
f 9976 9975 9963
f 9977 9976 9964
f 9967 9978 9977
f 9968 9979 9978
f 9969 9980 9979
f 9970 9982 9980
f 9981 9993 9982
f 9983 9996 9984
f 9985 9983 9971
f 9986 9985 9973
f 9987 9986 9974
f 9988 9987 9975
f 9989 9988 9976
f 9978 9990 9989
f 9979 9991 9990
f 9980 9992 9991
f 9982 9994 9992
f 9993 10005 9994
f 9995 10008 9996
f 9997 9995 9983
f 9998 9997 9985
f 9999 9998 9986
f 10000 9999 9987
f 10001 10000 9988
f 9990 10002 10001
f 9991 10003 10002
f 9992 10004 10003
f 9994 10006 10004
f 10005 10017 10006
f 10007 10020 10008
f 10009 10007 9995
f 10010 10009 9997
f 10011 10010 9998
f 10012 10011 9999
f 10013 10012 10000
f 10002 10014 10013
f 10003 10015 10014
f 10004 10016 10015
f 10006 10018 10016
f 10017 10029 10018
f 10019 10032 10020
f 10021 10019 10007
f 10022 10021 10009
f 10023 10022 10010
f 10024 10023 10011
f 10025 10024 10012
f 10014 10026 10025
f 10015 10027 10026
f 10016 10028 10027
f 10018 10030 10028
f 10029 10043 10030
f 10019 10033 10031
f 10021 10034 10033
f 10022 10035 10034
f 10023 10036 10035
f 10024 10048 10036
f 10037 10048 10024
f 10038 10037 10025
f 10039 10038 10026
f 10040 10039 10027
f 10041 10040 10028
f 10042 10041 10030
f 10033 10045 10044
f 10034 10046 10045
f 10035 10047 10046
f 10036 10049 10047
f 10048 10060 10049
f 10050 10060 10048
f 10051 10050 10037
f 10052 10051 10038
f 10053 10052 10039
f 10054 10053 10040
f 10055 10054 10041
f 10045 10057 10056
f 10046 10058 10057
f 10047 10059 10058
f 10049 10061 10059
f 10060 10072 10061
f 10062 10072 10060
f 10063 10062 10050
f 10064 10063 10051
f 10065 10064 10052
f 10066 10065 10053
f 10067 10066 10054
f 10057 10069 10068
f 10058 10070 10069
f 10059 10071 10070
f 10061 10073 10071
f 10072 10080 10073
f 10074 10080 10072
f 10075 10074 10062
f 10076 10075 10063
f 10077 10076 10064
f 10078 10077 10065
f 10079 10078 10066
f 10069 8931 8930
f 10070 8933 8931
f 10071 8935 8933
f 10073 8937 8935
f 10080 8939 8937
f 8941 8939 10080
f 8942 8941 10074
f 8943 8942 10075
f 8945 8943 10076
f 8947 8945 10077
f 8949 8947 10078
