# generated by normalize_glyphs.py from glyph_6.obj
# x=width y=cap-height(0.103) z=thickness(0.025), metres, centred
v 0.006849 0.048878 -0.011821
v 0.010459 0.048908 -0.011821
v 0.009206 0.048920 -0.011821
v 0.011705 0.048873 -0.011821
v 0.004539 0.048755 -0.011821
v 0.012941 0.048814 -0.011821
v 0.014170 0.048732 -0.011821
v 0.002278 0.048549 -0.011821
v 0.015390 0.048627 -0.011821
v 0.016601 0.048498 -0.011821
v 0.000064 0.048261 -0.011821
v 0.017804 0.048346 -0.011821
v 0.018999 0.048171 -0.011821
v -0.002102 0.047890 -0.011821
v 0.020185 0.047972 -0.011821
v 0.021363 0.047750 -0.011821
v -0.004221 0.047437 -0.011821
v 0.022532 0.047504 -0.011821
v 0.023693 0.047235 -0.011821
v -0.006291 0.046902 -0.011821
v 0.024836 0.046944 -0.011821
v 0.025949 0.046634 -0.011821
v -0.008314 0.046284 -0.011821
v 0.027033 0.046304 -0.011821
v 0.028088 0.045955 -0.011821
v -0.010290 0.045584 -0.011821
v 0.029115 0.045585 -0.011821
v 0.030112 0.045197 -0.011821
v -0.012217 0.044802 -0.011821
v 0.031080 0.044788 -0.011821
v -0.014097 0.043937 -0.011821
v 0.032019 0.044360 -0.011821
v 0.032929 0.043912 -0.011821
v -0.015929 0.042990 -0.011821
v 0.033811 0.043445 -0.011821
v 0.034663 0.042957 -0.011821
v -0.017704 0.041963 -0.011821
v 0.035486 0.042451 -0.011821
v 0.020928 0.029525 -0.011821
v 0.022323 0.029034 -0.011821
v 0.023668 0.028477 -0.011821
v 0.024963 0.027854 -0.011821
v 0.026206 0.027166 -0.011821
v 0.027400 0.026413 -0.011821
v -0.019412 0.040860 -0.011821
v 0.019482 0.029951 -0.011821
v -0.021054 0.039679 -0.011821
v 0.017985 0.030311 -0.011821
v -0.022630 0.038422 -0.011821
v -0.024139 0.037089 -0.011821
v 0.016438 0.030606 -0.011821
v -0.025582 0.035678 -0.011821
v 0.014841 0.030835 -0.011821
v -0.026958 0.034191 -0.011821
v 0.013193 0.030999 -0.011821
v -0.028268 0.032627 -0.011821
v 0.011494 0.031097 -0.011821
v -0.029511 0.030987 -0.011821
v 0.009745 0.031130 -0.011821
v 0.007780 0.031081 -0.011821
v 0.005885 0.030935 -0.011821
v -0.030688 0.029269 -0.011821
v 0.004059 0.030692 -0.011821
v 0.002302 0.030351 -0.011821
v 0.000615 0.029913 -0.011821
v -0.001003 0.029378 -0.011821
v -0.002552 0.028745 -0.011821
v -0.031798 0.027475 -0.011821
v -0.004032 0.028015 -0.011821
v -0.005442 0.027188 -0.011821
v -0.032842 0.025604 -0.011821
v -0.006783 0.026263 -0.011821
v -0.008055 0.025241 -0.011821
v -0.033811 0.023663 -0.011821
v -0.009258 0.024122 -0.011821
v -0.010381 0.022910 -0.011821
v -0.034696 0.021659 -0.011821
v -0.011414 0.021610 -0.011821
v -0.035496 0.019590 -0.011821
v -0.012357 0.020222 -0.011821
v -0.013211 0.018746 -0.011821
v -0.036212 0.017458 -0.011821
v -0.013975 0.017182 -0.011821
v -0.036843 0.015263 -0.011821
v -0.014649 0.015530 -0.011821
v -0.015233 0.013790 -0.011821
v -0.037391 0.013003 -0.011821
v -0.015727 0.011963 -0.011821
v -0.037854 0.010680 -0.011821
v 0.004063 0.012069 -0.011821
v 0.008004 0.012102 -0.011821
v 0.006510 0.012127 -0.011821
v 0.009475 0.012026 -0.011821
v 0.001707 0.011895 -0.011821
v 0.010924 0.011900 -0.011821
v -0.016131 0.010047 -0.011821
v 0.012350 0.011723 -0.011821
v -0.000557 0.011605 -0.011821
v 0.013754 0.011496 -0.011821
v -0.002729 0.011199 -0.011821
v 0.015136 0.011218 -0.011821
v 0.016495 0.010889 -0.011821
v -0.004809 0.010677 -0.011821
v 0.017831 0.010510 -0.011821
v -0.038233 0.008294 -0.011821
v -0.006798 0.010038 -0.011821
v 0.019145 0.010081 -0.011821
v 0.020437 0.009600 -0.011821
v -0.016445 0.008043 -0.011821
v -0.008695 0.009284 -0.011821
v 0.021706 0.009070 -0.011821
v -0.010501 0.008414 -0.011821
v 0.022952 0.008489 -0.011821
v 0.024166 0.007861 -0.011821
v -0.012214 0.007427 -0.011821
v -0.038528 0.005844 -0.011821
v -0.016670 0.005951 -0.011821
v 0.025337 0.007191 -0.011821
v -0.013836 0.006325 -0.011821
v 0.026465 0.006480 -0.011821
v 0.027549 0.005726 -0.011821
v -0.015366 0.005106 -0.011821
v -0.016805 0.003772 -0.011821
v -0.038739 0.003330 -0.011821
v 0.028591 0.004930 -0.011821
v 0.029590 0.004092 -0.011821
v 0.030545 0.003212 -0.011821
v -0.038865 0.000752 -0.011821
v 0.031458 0.002289 -0.011821
v 0.032327 0.001325 -0.011821
v 0.033154 0.000318 -0.011821
v -0.038907 -0.001889 -0.011821
v 0.033937 -0.000730 -0.011821
v 0.034677 -0.001821 -0.011821
v 0.035366 -0.002948 -0.011821
v -0.038829 -0.005568 -0.011821
v 0.000621 -0.004207 -0.011821
v 0.001793 -0.004180 -0.011821
v 0.035995 -0.004103 -0.011821
v 0.002986 -0.004206 -0.011821
v 0.036564 -0.005287 -0.011821
v 0.004139 -0.004286 -0.011821
v -0.000516 -0.004290 -0.011821
v 0.005251 -0.004420 -0.011821
v -0.001618 -0.004428 -0.011821
v 0.006323 -0.004607 -0.011821
v -0.002684 -0.004621 -0.011821
v 0.007355 -0.004847 -0.011821
v -0.003714 -0.004870 -0.011821
v 0.008347 -0.005140 -0.011821
v -0.004709 -0.005174 -0.011821
v 0.009298 -0.005487 -0.011821
v -0.005669 -0.005533 -0.011821
v 0.037073 -0.006501 -0.011821
v 0.010209 -0.005887 -0.011821
v -0.006592 -0.005947 -0.011821
v -0.038596 -0.009103 -0.011821
v 0.011080 -0.006340 -0.011821
v -0.007480 -0.006416 -0.011821
v 0.011910 -0.006847 -0.011821
v -0.008333 -0.006941 -0.011821
v 0.037522 -0.007743 -0.011821
v 0.012701 -0.007407 -0.011821
v -0.009150 -0.007520 -0.011821
v 0.013451 -0.008021 -0.011821
v -0.009932 -0.008155 -0.011821
v 0.037912 -0.009015 -0.011821
v 0.014151 -0.008679 -0.011821
v -0.010663 -0.008834 -0.011821
v 0.014789 -0.009374 -0.011821
v -0.011332 -0.009542 -0.011821
v 0.038241 -0.010315 -0.011821
v -0.038208 -0.012493 -0.011821
v 0.015367 -0.010105 -0.011821
v -0.011936 -0.010282 -0.011821
v 0.015884 -0.010873 -0.011821
v -0.012477 -0.011053 -0.011821
v 0.038511 -0.011645 -0.011821
v 0.016341 -0.011678 -0.011821
v -0.012955 -0.011855 -0.011821
v 0.038720 -0.013003 -0.011821
v 0.016736 -0.012519 -0.011821
v -0.013368 -0.012687 -0.011821
v -0.037664 -0.015740 -0.011821
v 0.017071 -0.013396 -0.011821
v -0.013718 -0.013550 -0.011821
v 0.038870 -0.014390 -0.011821
v 0.017344 -0.014310 -0.011821
v -0.014005 -0.014445 -0.011821
v 0.017557 -0.015260 -0.011821
v 0.038960 -0.015807 -0.011821
v -0.014227 -0.015370 -0.011821
v 0.017709 -0.016247 -0.011821
v -0.014387 -0.016326 -0.011821
v -0.036965 -0.018843 -0.011821
v 0.038990 -0.017252 -0.011821
v 0.017801 -0.017271 -0.011821
v -0.014482 -0.017313 -0.011821
v 0.038957 -0.018809 -0.011821
v 0.017831 -0.018331 -0.011821
v -0.014514 -0.018331 -0.011821
v -0.014483 -0.019348 -0.011821
v 0.017801 -0.019390 -0.011821
v 0.038859 -0.020333 -0.011821
v -0.036111 -0.021801 -0.011821
v -0.014390 -0.020333 -0.011821
v 0.017709 -0.020412 -0.011821
v -0.014236 -0.021287 -0.011821
v 0.038695 -0.021826 -0.011821
v 0.017557 -0.021397 -0.011821
v -0.014020 -0.022209 -0.011821
v 0.017344 -0.022344 -0.011821
v -0.035101 -0.024615 -0.011821
v 0.038466 -0.023287 -0.011821
v -0.013742 -0.023099 -0.011821
v 0.017071 -0.023253 -0.011821
v -0.013402 -0.023957 -0.011821
v 0.016736 -0.024126 -0.011821
v 0.038171 -0.024716 -0.011821
v -0.013000 -0.024784 -0.011821
v 0.016341 -0.024961 -0.011821
v -0.033936 -0.027285 -0.011821
v 0.037811 -0.026114 -0.011821
v -0.012537 -0.025578 -0.011821
v 0.015884 -0.025758 -0.011821
v -0.012012 -0.026341 -0.011821
v 0.015367 -0.026518 -0.011821
v 0.037385 -0.027479 -0.011821
v -0.011425 -0.027072 -0.011821
v 0.014789 -0.027240 -0.011821
v -0.010777 -0.027771 -0.011821
v 0.014151 -0.027925 -0.011821
v -0.032615 -0.029811 -0.011821
v 0.036893 -0.028813 -0.011821
v -0.010066 -0.028438 -0.011821
v 0.013451 -0.028573 -0.011821
v -0.009303 -0.029063 -0.011821
v 0.012703 -0.029176 -0.011821
v 0.036337 -0.030115 -0.011821
v -0.008494 -0.029633 -0.011821
v 0.011918 -0.029726 -0.011821
v -0.007641 -0.030148 -0.011821
v 0.011097 -0.030224 -0.011821
v -0.031139 -0.032193 -0.011821
v 0.035714 -0.031385 -0.011821
v -0.006742 -0.030610 -0.011821
v 0.010239 -0.030670 -0.011821
v -0.005799 -0.031017 -0.011821
v 0.009345 -0.031063 -0.011821
v -0.004810 -0.031370 -0.011821
v 0.008414 -0.031403 -0.011821
v -0.003777 -0.031668 -0.011821
v 0.035026 -0.032623 -0.011821
v 0.007447 -0.031692 -0.011821
v -0.002699 -0.031912 -0.011821
v 0.006443 -0.031927 -0.011821
v -0.001576 -0.032102 -0.011821
v 0.005403 -0.032111 -0.011821
v -0.000408 -0.032238 -0.011821
v 0.004326 -0.032242 -0.011821
v -0.029508 -0.034431 -0.011821
v 0.000805 -0.032320 -0.011821
v 0.003213 -0.032320 -0.011821
v 0.002063 -0.032347 -0.011821
v 0.034273 -0.033829 -0.011821
v 0.033463 -0.034997 -0.011821
v -0.027721 -0.036525 -0.011821
v 0.032605 -0.036118 -0.011821
v 0.031700 -0.037194 -0.011821
v -0.025797 -0.038462 -0.011821
v 0.030746 -0.038224 -0.011821
v 0.029745 -0.039208 -0.011821
v -0.023753 -0.040231 -0.011821
v 0.028697 -0.040146 -0.011821
v 0.027600 -0.041039 -0.011821
v -0.021589 -0.041831 -0.011821
v 0.026456 -0.041885 -0.011821
v -0.019306 -0.043263 -0.011821
v 0.025264 -0.042686 -0.011821
v 0.024025 -0.043441 -0.011821
v -0.016902 -0.044526 -0.011821
v 0.022737 -0.044150 -0.011821
v 0.021402 -0.044813 -0.011821
v -0.014379 -0.045621 -0.011821
v 0.020031 -0.045426 -0.011821
v 0.018634 -0.045986 -0.011821
v -0.011736 -0.046548 -0.011821
v 0.017212 -0.046493 -0.011821
v 0.015764 -0.046947 -0.011821
v -0.008973 -0.047306 -0.011821
v 0.014292 -0.047347 -0.011821
v -0.006091 -0.047896 -0.011821
v 0.012794 -0.047694 -0.011821
v 0.011271 -0.047987 -0.011821
v -0.003088 -0.048317 -0.011821
v 0.009722 -0.048227 -0.011821
v 0.008149 -0.048414 -0.011821
v 0.000034 -0.048570 -0.011821
v 0.006550 -0.048547 -0.011821
v 0.004925 -0.048627 -0.011821
v 0.003276 -0.048654 -0.011821
v 0.006849 0.048878 0.011821
v 0.009206 0.048920 0.011821
v 0.010459 0.048908 0.011821
v 0.011705 0.048873 0.011821
v 0.004539 0.048755 0.011821
v 0.012941 0.048814 0.011821
v 0.014170 0.048732 0.011821
v 0.002278 0.048549 0.011821
v 0.015390 0.048627 0.011821
v 0.016601 0.048498 0.011821
v 0.000064 0.048261 0.011821
v 0.017804 0.048346 0.011821
v 0.018999 0.048171 0.011821
v -0.002102 0.047890 0.011821
v 0.020185 0.047972 0.011821
v 0.021363 0.047750 0.011821
v -0.004221 0.047437 0.011821
v 0.022532 0.047504 0.011821
v 0.023693 0.047235 0.011821
v -0.006291 0.046902 0.011821
v 0.024836 0.046944 0.011821
v 0.025949 0.046634 0.011821
v -0.008314 0.046284 0.011821
v 0.027033 0.046304 0.011821
v 0.028088 0.045955 0.011821
v -0.010290 0.045584 0.011821
v 0.029115 0.045585 0.011821
v 0.030112 0.045197 0.011821
v -0.012217 0.044802 0.011821
v 0.031080 0.044788 0.011821
v -0.014097 0.043937 0.011821
v 0.032019 0.044360 0.011821
v 0.032929 0.043912 0.011821
v -0.015929 0.042990 0.011821
v 0.033811 0.043445 0.011821
v 0.034663 0.042957 0.011821
v -0.017704 0.041963 0.011821
v 0.035486 0.042451 0.011821
v 0.020928 0.029525 0.011821
v 0.022323 0.029034 0.011821
v 0.023668 0.028477 0.011821
v 0.024963 0.027854 0.011821
v 0.026206 0.027166 0.011821
v 0.027400 0.026413 0.011821
v -0.019412 0.040860 0.011821
v 0.019482 0.029951 0.011821
v -0.021054 0.039679 0.011821
v 0.017985 0.030311 0.011821
v -0.022630 0.038422 0.011821
v -0.024139 0.037089 0.011821
v 0.016438 0.030606 0.011821
v -0.025582 0.035678 0.011821
v 0.014841 0.030835 0.011821
v -0.026958 0.034191 0.011821
v 0.013193 0.030999 0.011821
v -0.028268 0.032627 0.011821
v 0.011494 0.031097 0.011821
v -0.029511 0.030987 0.011821
v 0.009745 0.031130 0.011821
v 0.007780 0.031081 0.011821
v 0.005885 0.030935 0.011821
v -0.030688 0.029269 0.011821
v 0.004059 0.030692 0.011821
v 0.002302 0.030351 0.011821
v 0.000615 0.029913 0.011821
v -0.001003 0.029378 0.011821
v -0.002552 0.028745 0.011821
v -0.031798 0.027475 0.011821
v -0.004032 0.028015 0.011821
v -0.005442 0.027188 0.011821
v -0.032842 0.025604 0.011821
v -0.006783 0.026263 0.011821
v -0.008055 0.025241 0.011821
v -0.033811 0.023663 0.011821
v -0.009258 0.024122 0.011821
v -0.010381 0.022910 0.011821
v -0.034696 0.021659 0.011821
v -0.011414 0.021610 0.011821
v -0.035496 0.019590 0.011821
v -0.012357 0.020222 0.011821
v -0.013211 0.018746 0.011821
v -0.036212 0.017458 0.011821
v -0.013975 0.017182 0.011821
v -0.036843 0.015263 0.011821
v -0.014649 0.015530 0.011821
v -0.015233 0.013790 0.011821
v -0.037391 0.013003 0.011821
v -0.015727 0.011963 0.011821
v -0.037854 0.010681 0.011821
v 0.004063 0.012069 0.011821
v 0.006510 0.012127 0.011821
v 0.008004 0.012102 0.011821
v 0.009475 0.012026 0.011821
v 0.001707 0.011895 0.011821
v 0.010924 0.011900 0.011821
v -0.016131 0.010047 0.011821
v 0.012350 0.011723 0.011821
v -0.000557 0.011605 0.011821
v 0.013754 0.011496 0.011821
v -0.002729 0.011199 0.011821
v 0.015136 0.011218 0.011821
v 0.016495 0.010889 0.011821
v -0.004809 0.010677 0.011821
v 0.017831 0.010510 0.011821
v -0.038233 0.008294 0.011821
v -0.006798 0.010038 0.011821
v 0.019145 0.010081 0.011821
v 0.020437 0.009600 0.011821
v -0.016445 0.008043 0.011821
v -0.008695 0.009284 0.011821
v 0.021706 0.009070 0.011821
v -0.010501 0.008414 0.011821
v 0.022952 0.008489 0.011821
v 0.024166 0.007861 0.011821
v -0.012214 0.007427 0.011821
v -0.038528 0.005844 0.011821
v -0.016670 0.005951 0.011821
v 0.025337 0.007191 0.011821
v -0.013836 0.006325 0.011821
v 0.026465 0.006480 0.011821
v 0.027549 0.005726 0.011821
v -0.015366 0.005106 0.011821
v -0.016805 0.003772 0.011821
v -0.038739 0.003330 0.011821
v 0.028591 0.004930 0.011821
v 0.029590 0.004092 0.011821
v 0.030545 0.003212 0.011821
v -0.038865 0.000752 0.011821
v 0.031458 0.002289 0.011821
v 0.032327 0.001325 0.011821
v 0.033154 0.000318 0.011821
v -0.038907 -0.001889 0.011821
v 0.033937 -0.000730 0.011821
v 0.034677 -0.001821 0.011821
v 0.035366 -0.002948 0.011821
v -0.038829 -0.005568 0.011821
v 0.000621 -0.004207 0.011821
v 0.001793 -0.004180 0.011821
v 0.035995 -0.004103 0.011821
v 0.002986 -0.004206 0.011821
v 0.036564 -0.005287 0.011821
v 0.004139 -0.004286 0.011821
v -0.000516 -0.004290 0.011821
v 0.005251 -0.004420 0.011821
v -0.001618 -0.004428 0.011821
v 0.006323 -0.004607 0.011821
v -0.002684 -0.004621 0.011821
v 0.007355 -0.004847 0.011821
v -0.003714 -0.004870 0.011821
v 0.008347 -0.005140 0.011821
v -0.004709 -0.005174 0.011821
v 0.009298 -0.005487 0.011821
v -0.005669 -0.005533 0.011821
v 0.037073 -0.006501 0.011821
v 0.010209 -0.005887 0.011821
v -0.006592 -0.005947 0.011821
v -0.038596 -0.009103 0.011821
v 0.011080 -0.006340 0.011821
v -0.007480 -0.006416 0.011821
v 0.011910 -0.006847 0.011821
v -0.008333 -0.006941 0.011821
v 0.037522 -0.007743 0.011821
v 0.012701 -0.007407 0.011821
v -0.009150 -0.007520 0.011821
v 0.013451 -0.008021 0.011821
v -0.009932 -0.008155 0.011821
v 0.037912 -0.009015 0.011821
v 0.014151 -0.008679 0.011821
v -0.010663 -0.008834 0.011821
v 0.014789 -0.009374 0.011821
v -0.011332 -0.009542 0.011821
v 0.038241 -0.010315 0.011821
v -0.038208 -0.012493 0.011821
v 0.015367 -0.010105 0.011821
v -0.011936 -0.010282 0.011821
v 0.015884 -0.010873 0.011821
v -0.012477 -0.011053 0.011821
v 0.038511 -0.011644 0.011821
v 0.016341 -0.011678 0.011821
v -0.012955 -0.011855 0.011821
v 0.038720 -0.013003 0.011821
v 0.016736 -0.012519 0.011821
v -0.013368 -0.012687 0.011821
v -0.037664 -0.015740 0.011821
v 0.017071 -0.013396 0.011821
v -0.013718 -0.013550 0.011821
v 0.038870 -0.014390 0.011821
v 0.017344 -0.014310 0.011821
v -0.014005 -0.014445 0.011821
v 0.017557 -0.015260 0.011821
v 0.038960 -0.015807 0.011821
v -0.014227 -0.015370 0.011821
v 0.017709 -0.016247 0.011821
v -0.014387 -0.016326 0.011821
v -0.036965 -0.018843 0.011821
v 0.038990 -0.017252 0.011821
v 0.017801 -0.017271 0.011821
v -0.014482 -0.017313 0.011821
v 0.038957 -0.018809 0.011821
v 0.017831 -0.018331 0.011821
v -0.014514 -0.018331 0.011821
v -0.014483 -0.019348 0.011821
v 0.017801 -0.019390 0.011821
v 0.038859 -0.020333 0.011821
v -0.036111 -0.021801 0.011821
v -0.014390 -0.020333 0.011821
v 0.017709 -0.020412 0.011821
v -0.014236 -0.021287 0.011821
v 0.038695 -0.021826 0.011821
v 0.017557 -0.021397 0.011821
v -0.014020 -0.022209 0.011821
v 0.017344 -0.022344 0.011821
v -0.035101 -0.024615 0.011821
v 0.038466 -0.023287 0.011821
v -0.013742 -0.023099 0.011821
v 0.017071 -0.023253 0.011821
v -0.013402 -0.023957 0.011821
v 0.016736 -0.024126 0.011821
v 0.038171 -0.024716 0.011821
v -0.013000 -0.024784 0.011821
v 0.016341 -0.024961 0.011821
v -0.033936 -0.027285 0.011821
v 0.037811 -0.026114 0.011821
v -0.012537 -0.025578 0.011821
v 0.015884 -0.025758 0.011821
v -0.012012 -0.026341 0.011821
v 0.015367 -0.026518 0.011821
v 0.037385 -0.027479 0.011821
v -0.011425 -0.027072 0.011821
v 0.014789 -0.027240 0.011821
v -0.010777 -0.027771 0.011821
v 0.014151 -0.027925 0.011821
v -0.032615 -0.029811 0.011821
v 0.036893 -0.028813 0.011821
v -0.010066 -0.028438 0.011821
v 0.013451 -0.028573 0.011821
v -0.009303 -0.029063 0.011821
v 0.012703 -0.029176 0.011821
v 0.036337 -0.030115 0.011821
v -0.008494 -0.029633 0.011821
v 0.011918 -0.029726 0.011821
v -0.007641 -0.030148 0.011821
v 0.011097 -0.030224 0.011821
v -0.031139 -0.032193 0.011821
v 0.035714 -0.031385 0.011821
v -0.006742 -0.030610 0.011821
v 0.010239 -0.030670 0.011821
v -0.005799 -0.031017 0.011821
v 0.009345 -0.031063 0.011821
v -0.004810 -0.031370 0.011821
v 0.008414 -0.031403 0.011821
v -0.003777 -0.031668 0.011821
v 0.035026 -0.032623 0.011821
v 0.007447 -0.031692 0.011821
v -0.002699 -0.031912 0.011821
v 0.006443 -0.031927 0.011821
v -0.001576 -0.032102 0.011821
v 0.005403 -0.032111 0.011821
v -0.000408 -0.032238 0.011821
v 0.004326 -0.032242 0.011821
v -0.029508 -0.034431 0.011821
v 0.000805 -0.032320 0.011821
v 0.003213 -0.032320 0.011821
v 0.002063 -0.032347 0.011821
v 0.034273 -0.033829 0.011821
v 0.033463 -0.034997 0.011821
v -0.027721 -0.036525 0.011821
v 0.032605 -0.036118 0.011821
v 0.031700 -0.037194 0.011821
v -0.025797 -0.038462 0.011821
v 0.030746 -0.038224 0.011821
v 0.029745 -0.039208 0.011821
v -0.023753 -0.040231 0.011821
v 0.028697 -0.040146 0.011821
v 0.027600 -0.041039 0.011821
v -0.021589 -0.041831 0.011821
v 0.026456 -0.041885 0.011821
v -0.019306 -0.043263 0.011821
v 0.025264 -0.042686 0.011821
v 0.024025 -0.043441 0.011821
v -0.016902 -0.044526 0.011821
v 0.022737 -0.044150 0.011821
v 0.021402 -0.044813 0.011821
v -0.014379 -0.045621 0.011821
v 0.020031 -0.045426 0.011821
v 0.018634 -0.045986 0.011821
v -0.011736 -0.046548 0.011821
v 0.017212 -0.046493 0.011821
v 0.015764 -0.046947 0.011821
v -0.008973 -0.047306 0.011821
v 0.014292 -0.047347 0.011821
v -0.006091 -0.047896 0.011821
v 0.012794 -0.047694 0.011821
v 0.011271 -0.047987 0.011821
v -0.003088 -0.048317 0.011821
v 0.009722 -0.048227 0.011821
v 0.008149 -0.048414 0.011821
v 0.000034 -0.048570 0.011821
v 0.006550 -0.048547 0.011821
v 0.004925 -0.048627 0.011821
v 0.003276 -0.048654 0.011821
v 0.008027 0.012773 0.011741
v 0.006510 0.012127 0.011821
v 0.006508 0.012798 0.011741
v 0.008048 0.013377 0.011509
v 0.006506 0.013403 0.011509
v 0.008064 0.013857 0.011149
v 0.006504 0.013884 0.011149
v 0.008075 0.014165 0.010694
v 0.006503 0.014192 0.010694
v 0.008078 0.014272 0.010190
v 0.006503 0.014298 0.010190
v 0.008078 0.014272 -0.010190
v 0.006503 0.014298 -0.010190
v 0.006503 0.014192 -0.010694
v 0.006504 0.013884 -0.011149
v 0.008075 0.014165 -0.010694
v 0.006506 0.013403 -0.011509
v 0.008064 0.013857 -0.011149
v 0.006508 0.012798 -0.011741
v 0.008048 0.013377 -0.011509
v 0.006510 0.012127 -0.011821
v 0.008027 0.012773 -0.011741
v 0.009475 0.012026 0.011821
v 0.008004 0.012102 0.011821
v 0.009522 0.012695 0.011741
v 0.009564 0.013299 0.011509
v 0.009597 0.013778 0.011149
v 0.009618 0.014086 0.010694
v 0.009625 0.014192 -0.010190
v 0.009618 0.014086 -0.010694
v 0.009597 0.013778 -0.011149
v 0.009564 0.013299 -0.011509
v 0.009522 0.012695 -0.011741
v 0.009475 0.012026 -0.011821
v 0.008004 0.012102 -0.011821
v 0.010924 0.011900 0.011821
v 0.010994 0.012567 0.011741
v 0.011058 0.013169 0.011509
v 0.011108 0.013646 0.011149
v 0.009625 0.014192 0.010190
v 0.011141 0.013953 0.010694
v 0.011152 0.014059 -0.010190
v 0.011141 0.013953 -0.010694
v 0.011108 0.013646 -0.011149
v 0.011058 0.013169 -0.011509
v 0.010994 0.012567 -0.011741
v 0.010924 0.011900 -0.011821
v 0.012350 0.011723 0.011821
v 0.012445 0.012387 0.011741
v 0.012531 0.012986 0.011509
v 0.012599 0.013462 0.011149
v 0.011152 0.014059 0.010190
v 0.012642 0.013767 0.010694
v 0.012658 0.013872 -0.010190
v 0.012642 0.013767 -0.010694
v 0.012599 0.013462 -0.011149
v 0.012531 0.012986 -0.011509
v 0.012445 0.012387 -0.011741
v 0.012350 0.011723 -0.011821
v 0.013754 0.011496 0.011821
v 0.013874 0.012156 0.011741
v 0.013982 0.012751 0.011509
v 0.014068 0.013224 0.011149
v 0.012658 0.013872 0.010190
v 0.014123 0.013527 0.010694
v 0.014142 0.013631 -0.010190
v 0.014123 0.013527 -0.010694
v 0.014068 0.013224 -0.011149
v 0.013982 0.012751 -0.011509
v 0.013874 0.012156 -0.011741
v 0.013754 0.011496 -0.011821
v 0.015136 0.011218 0.011821
v 0.015281 0.011873 0.011741
v 0.015411 0.012463 0.011509
v 0.015515 0.012932 0.011149
v 0.014142 0.013631 0.010190
v 0.015582 0.013233 0.010694
v 0.015605 0.013337 -0.010190
v 0.015582 0.013233 -0.010694
v 0.015515 0.012932 -0.011149
v 0.015411 0.012463 -0.011509
v 0.015281 0.011873 -0.011741
v 0.015136 0.011218 -0.011821
v 0.016495 0.010889 0.011821
v 0.016665 0.011538 0.011741
v 0.016819 0.012123 0.011509
v 0.016940 0.012588 0.011149
v 0.015605 0.013337 0.010190
v 0.017019 0.012886 0.010694
v 0.017046 0.012989 -0.010190
v 0.017019 0.012886 -0.010694
v 0.016940 0.012588 -0.011149
v 0.016819 0.012123 -0.011509
v 0.016665 0.011538 -0.011741
v 0.016495 0.010889 -0.011821
v 0.017831 0.010510 0.011821
v 0.018027 0.011152 0.011741
v 0.018203 0.011731 0.011509
v 0.018344 0.012190 0.011149
v 0.017046 0.012989 0.010190
v 0.018434 0.012485 0.010694
v 0.018465 0.012586 -0.010190
v 0.018434 0.012485 -0.010694
v 0.018344 0.012190 -0.011149
v 0.018203 0.011731 -0.011509
v 0.018027 0.011152 -0.011741
v 0.017831 0.010510 -0.011821
v 0.019145 0.010081 0.011821
v 0.019366 0.010714 0.011741
v 0.019566 0.011285 0.011509
v 0.019724 0.011739 0.011149
v 0.018465 0.012586 0.010190
v 0.019826 0.012030 0.010694
v 0.019861 0.012130 -0.010190
v 0.019826 0.012030 -0.010694
v 0.019724 0.011739 -0.011149
v 0.019566 0.011285 -0.011509
v 0.019366 0.010714 -0.011741
v 0.019145 0.010081 -0.011821
v 0.020437 0.009600 0.011821
v 0.020683 0.010224 0.011741
v 0.020905 0.010787 0.011509
v 0.021081 0.011234 0.011149
v 0.019861 0.012130 0.010190
v 0.021195 0.011521 0.010694
v 0.021234 0.011620 -0.010190
v 0.021195 0.011521 -0.010694
v 0.021081 0.011234 -0.011149
v 0.020905 0.010787 -0.011509
v 0.020683 0.010224 -0.011741
v 0.020437 0.009600 -0.011821
v 0.021706 0.009070 0.011821
v 0.021977 0.009683 0.011741
v 0.022221 0.010237 0.011509
v 0.022416 0.010676 0.011149
v 0.021234 0.011620 0.010190
v 0.022540 0.010958 0.010694
v 0.022583 0.011055 -0.010190
v 0.022540 0.010958 -0.010694
v 0.022416 0.010676 -0.011149
v 0.022221 0.010237 -0.011509
v 0.021977 0.009683 -0.011741
v 0.021706 0.009070 -0.011821
v 0.022952 0.008489 0.011821
v 0.023248 0.009091 0.011741
v 0.023515 0.009634 0.011509
v 0.023727 0.010065 0.011149
v 0.022583 0.011055 0.010190
v 0.023863 0.010342 0.010694
v 0.023910 0.010437 -0.010190
v 0.023863 0.010342 -0.010694
v 0.023727 0.010065 -0.011149
v 0.023515 0.009634 -0.011509
v 0.023248 0.009091 -0.011741
v 0.022952 0.008489 -0.011821
v 0.024166 0.007861 0.011821
v 0.024487 0.008450 0.011741
v 0.024776 0.008982 0.011509
v 0.025005 0.009404 0.011149
v 0.023910 0.010437 0.010190
v 0.025153 0.009675 0.010694
v 0.025204 0.009768 -0.010190
v 0.025153 0.009675 -0.010694
v 0.025005 0.009404 -0.011149
v 0.024776 0.008982 -0.011509
v 0.024487 0.008450 -0.011741
v 0.024166 0.007861 -0.011821
v 0.025337 0.007191 0.011821
v 0.025683 0.007766 0.011741
v 0.025994 0.008285 0.011509
v 0.026242 0.008697 0.011149
v 0.025204 0.009768 0.010190
v 0.026401 0.008961 0.010694
v 0.026455 0.009052 -0.010190
v 0.026401 0.008961 -0.010694
v 0.026242 0.008697 -0.011149
v 0.025994 0.008285 -0.011509
v 0.025683 0.007766 -0.011741
v 0.025337 0.007191 -0.011821
v 0.026465 0.006480 0.011821
v 0.026835 0.007039 0.011741
v 0.027169 0.007543 0.011509
v 0.027435 0.007944 0.011149
v 0.026455 0.009052 0.010190
v 0.027605 0.008201 0.010694
v 0.027664 0.008289 -0.010190
v 0.027605 0.008201 -0.010694
v 0.027435 0.007944 -0.011149
v 0.027169 0.007543 -0.011509
v 0.026835 0.007039 -0.011741
v 0.026465 0.006480 -0.011821
v 0.027549 0.005726 0.011821
v 0.027945 0.006268 0.011741
v 0.028301 0.006757 0.011509
v 0.028584 0.007145 0.011149
v 0.027664 0.008289 0.010190
v 0.028766 0.007394 0.010694
v 0.028828 0.007480 -0.010190
v 0.028766 0.007394 -0.010694
v 0.028584 0.007145 -0.011149
v 0.028301 0.006757 -0.011509
v 0.027945 0.006268 -0.011741
v 0.027549 0.005726 -0.011821
v 0.028591 0.004930 0.011821
v 0.029010 0.005453 0.011741
v 0.029389 0.005926 0.011509
v 0.029689 0.006301 0.011149
v 0.028828 0.007480 0.010190
v 0.029882 0.006541 0.010694
v 0.029948 0.006624 -0.010190
v 0.029882 0.006541 -0.010694
v 0.029689 0.006301 -0.011149
v 0.029389 0.005926 -0.011509
v 0.029010 0.005453 -0.011741
v 0.028591 0.004930 -0.011821
v 0.029590 0.004092 0.011821
v 0.030033 0.004596 0.011741
v 0.030432 0.005050 0.011509
v 0.030749 0.005411 0.011149
v 0.029948 0.006624 0.010190
v 0.030953 0.005642 0.010694
v 0.031023 0.005722 -0.010190
v 0.030953 0.005642 -0.010694
v 0.030749 0.005411 -0.011149
v 0.030432 0.005050 -0.011509
v 0.030033 0.004596 -0.011741
v 0.029590 0.004092 -0.011821
v 0.030545 0.003212 0.011821
v 0.031011 0.003694 0.011741
v 0.031431 0.004130 0.011509
v 0.031765 0.004475 0.011149
v 0.031023 0.005722 0.010190
v 0.031979 0.004697 0.010694
v 0.032053 0.004774 0.010190
v 0.031979 0.004697 -0.010694
v 0.031765 0.004475 -0.011149
v 0.031431 0.004130 -0.011509
v 0.031011 0.003694 -0.011741
v 0.030545 0.003212 -0.011821
v 0.031458 0.002289 0.011821
v 0.031945 0.002750 0.011741
v 0.032385 0.003165 0.011509
v 0.032959 0.003707 0.010694
v 0.032053 0.004774 -0.010190
v 0.033036 0.003780 0.010190
v 0.032959 0.003707 -0.010694
v 0.032385 0.003165 -0.011509
v 0.031945 0.002750 -0.011741
v 0.031458 0.002289 -0.011821
v 0.032836 0.001762 0.011741
v 0.033294 0.002157 0.011509
v 0.033658 0.002470 0.011149
v 0.032735 0.003495 0.011149
v 0.033892 0.002671 0.010694
v 0.033973 0.002741 0.010190
v 0.033973 0.002741 -0.010190
v 0.033036 0.003780 -0.010190
v 0.032735 0.003495 -0.011149
v 0.033892 0.002671 -0.010694
v 0.033658 0.002470 -0.011149
v 0.033294 0.002157 -0.011509
v 0.032836 0.001762 -0.011741
v 0.033682 0.000732 0.011741
v 0.032327 0.001325 0.011821
v 0.034158 0.001105 0.011509
v 0.034536 0.001401 0.011149
v 0.034779 0.001591 0.010694
v 0.034863 0.001657 0.010190
v 0.034863 0.001657 -0.010190
v 0.034779 0.001591 -0.010694
v 0.034536 0.001401 -0.011149
v 0.034158 0.001105 -0.011509
v 0.032327 0.001325 -0.011821
v 0.033682 0.000732 -0.011741
v 0.034483 -0.000341 0.011741
v 0.033154 0.000318 0.011821
v 0.034976 0.000010 0.011509
v 0.035367 0.000288 0.011149
v 0.035619 0.000467 0.010694
v 0.035705 0.000529 0.010190
v 0.035705 0.000529 -0.010190
v 0.035619 0.000467 -0.010694
v 0.035367 0.000288 -0.011149
v 0.034976 0.000010 -0.011509
v 0.033154 0.000318 -0.011821
v 0.034483 -0.000341 -0.011741
v 0.034677 -0.001821 0.011821
v 0.033937 -0.000730 0.011821
v 0.035241 -0.001458 0.011741
v 0.035750 -0.001130 0.011509
v 0.036153 -0.000870 0.011149
v 0.036413 -0.000703 0.010694
v 0.036502 -0.000645 -0.010190
v 0.036413 -0.000703 -0.010694
v 0.036153 -0.000870 -0.011149
v 0.035750 -0.001130 -0.011509
v 0.035241 -0.001458 -0.011741
v 0.034677 -0.001821 -0.011821
v 0.033937 -0.000730 -0.011821
v 0.035366 -0.002948 0.011821
v 0.035947 -0.002612 0.011741
v 0.036471 -0.002309 0.011509
v 0.036887 -0.002069 0.011149
v 0.036502 -0.000645 0.010190
v 0.037154 -0.001915 0.010694
v 0.037246 -0.001862 -0.010190
v 0.037154 -0.001915 -0.010694
v 0.036887 -0.002069 -0.011149
v 0.036471 -0.002309 -0.011509
v 0.035947 -0.002612 -0.011741
v 0.035366 -0.002948 -0.011821
v 0.035995 -0.004103 0.011821
v 0.036592 -0.003797 0.011741
v 0.037131 -0.003521 0.011509
v 0.037558 -0.003303 0.011149
v 0.037246 -0.001862 0.010190
v 0.037833 -0.003162 0.010694
v 0.037927 -0.003114 -0.010190
v 0.037833 -0.003162 -0.010694
v 0.037558 -0.003303 -0.011149
v 0.037131 -0.003521 -0.011509
v 0.036592 -0.003797 -0.011741
v 0.035995 -0.004103 -0.011821
v 0.037176 -0.005012 0.011741
v 0.037728 -0.004764 0.011509
v 0.038166 -0.004567 0.011149
v 0.038447 -0.004441 0.010694
v 0.038544 -0.004397 0.010190
v 0.037927 -0.003114 0.010190
v 0.038544 -0.004397 -0.010190
v 0.038447 -0.004441 -0.010694
v 0.038166 -0.004567 -0.011149
v 0.037176 -0.005012 -0.011741
v 0.037698 -0.006257 0.011741
v 0.036564 -0.005287 0.011821
v 0.038262 -0.006037 0.011509
v 0.038709 -0.005862 0.011149
v 0.038997 -0.005750 0.010694
v 0.039096 -0.005711 0.010190
v 0.039096 -0.005711 -0.010190
v 0.038997 -0.005750 -0.010694
v 0.037728 -0.004764 -0.011509
v 0.038709 -0.005862 -0.011149
v 0.038262 -0.006037 -0.011509
v 0.036564 -0.005287 -0.011821
v 0.037698 -0.006257 -0.011741
v 0.038159 -0.007531 0.011741
v 0.037073 -0.006501 0.011821
v 0.038733 -0.007339 0.011509
v 0.039188 -0.007187 0.011149
v 0.039481 -0.007090 0.010694
v 0.039582 -0.007056 0.010190
v 0.039582 -0.007056 -0.010190
v 0.039481 -0.007090 -0.010694
v 0.039188 -0.007187 -0.011149
v 0.038733 -0.007339 -0.011509
v 0.037073 -0.006501 -0.011821
v 0.038159 -0.007531 -0.011741
v 0.038558 -0.008834 0.011741
v 0.037522 -0.007743 0.011821
v 0.039141 -0.008671 0.011509
v 0.039603 -0.008542 0.011149
v 0.039900 -0.008459 0.010694
v 0.040002 -0.008430 0.010190
v 0.040002 -0.008430 -0.010190
v 0.039900 -0.008459 -0.010694
v 0.039603 -0.008542 -0.011149
v 0.039141 -0.008671 -0.011509
v 0.037522 -0.007743 -0.011821
v 0.038558 -0.008834 -0.011741
v 0.038895 -0.010166 0.011741
v 0.037912 -0.009015 0.011821
v 0.039485 -0.010032 0.011509
v 0.039954 -0.009925 0.011149
v 0.040254 -0.009856 0.010694
v 0.040358 -0.009833 0.010190
v 0.040358 -0.009833 -0.010190
v 0.040254 -0.009856 -0.010694
v 0.039954 -0.009925 -0.011149
v 0.039485 -0.010032 -0.011509
v 0.037912 -0.009015 -0.011821
v 0.038895 -0.010166 -0.011741
v 0.039171 -0.011527 0.011741
v 0.038241 -0.010315 0.011821
v 0.039767 -0.011420 0.011509
v 0.040240 -0.011336 0.011149
v 0.040543 -0.011282 0.010694
v 0.040648 -0.011263 0.010190
v 0.040648 -0.011263 -0.010190
v 0.040543 -0.011282 -0.010694
v 0.040240 -0.011336 -0.011149
v 0.039767 -0.011420 -0.011509
v 0.038241 -0.010315 -0.011821
v 0.039171 -0.011527 -0.011741
v 0.039385 -0.012916 0.011741
v 0.038511 -0.011644 0.011821
v 0.039985 -0.012837 0.011509
v 0.040462 -0.012775 0.011149
v 0.040767 -0.012735 0.010694
v 0.040873 -0.012721 0.010190
v 0.040873 -0.012721 -0.010190
v 0.040767 -0.012735 -0.010694
v 0.040462 -0.012775 -0.011149
v 0.039985 -0.012837 -0.011509
v 0.038511 -0.011645 -0.011821
v 0.039385 -0.012916 -0.011741
v 0.039538 -0.014333 0.011741
v 0.038720 -0.013003 0.011821
v 0.040141 -0.014282 0.011509
v 0.040620 -0.014241 0.011149
v 0.040927 -0.014214 0.010694
v 0.041033 -0.014205 0.010190
v 0.041033 -0.014205 -0.010190
v 0.040927 -0.014214 -0.010694
v 0.040620 -0.014241 -0.011149
v 0.040141 -0.014282 -0.011509
v 0.038720 -0.013003 -0.011821
v 0.039538 -0.014333 -0.011741
v 0.039630 -0.015779 0.011741
v 0.038870 -0.014390 0.011821
v 0.040235 -0.015753 0.011509
v 0.040715 -0.015733 0.011149
v 0.041023 -0.015720 0.010694
v 0.041129 -0.015716 0.010190
v 0.041129 -0.015716 -0.010190
v 0.041023 -0.015720 -0.010694
v 0.040715 -0.015733 -0.011149
v 0.040235 -0.015753 -0.011509
v 0.038870 -0.014390 -0.011821
v 0.039630 -0.015779 -0.011741
v 0.039661 -0.017253 0.011741
v 0.038960 -0.015807 0.011821
v 0.040266 -0.017253 0.011509
v 0.040746 -0.017253 0.011149
v 0.041054 -0.017253 0.010694
v 0.041161 -0.017253 0.010190
v 0.041161 -0.017253 -0.010190
v 0.041054 -0.017253 -0.010694
v 0.040746 -0.017253 -0.011149
v 0.040266 -0.017253 -0.011509
v 0.038960 -0.015807 -0.011821
v 0.039661 -0.017253 -0.011741
v 0.038957 -0.018809 0.011821
v 0.038990 -0.017252 0.011821
v 0.039627 -0.018837 0.011741
v 0.040232 -0.018863 0.011509
v 0.040712 -0.018884 0.011149
v 0.041020 -0.018897 0.010694
v 0.041126 -0.018902 -0.010190
v 0.041020 -0.018897 -0.010694
v 0.040712 -0.018884 -0.011149
v 0.040232 -0.018863 -0.011509
v 0.039627 -0.018837 -0.011741
v 0.038957 -0.018809 -0.011821
v 0.038990 -0.017252 -0.011821
v 0.038859 -0.020333 0.011821
v 0.039527 -0.020392 0.011741
v 0.040130 -0.020444 0.011509
v 0.040608 -0.020486 0.011149
v 0.041126 -0.018902 0.010190
v 0.040916 -0.020512 0.010694
v 0.041022 -0.020522 -0.010190
v 0.040916 -0.020512 -0.010694
v 0.040608 -0.020486 -0.011149
v 0.040130 -0.020444 -0.011509
v 0.039527 -0.020392 -0.011741
v 0.038859 -0.020333 -0.011821
v 0.038695 -0.021826 0.011821
v 0.039360 -0.021915 0.011741
v 0.039960 -0.021995 0.011509
v 0.040436 -0.022058 0.011149
v 0.041022 -0.020522 0.010190
v 0.040742 -0.022099 0.010694
v 0.040847 -0.022113 -0.010190
v 0.040742 -0.022099 -0.010694
v 0.040436 -0.022058 -0.011149
v 0.039960 -0.021995 -0.011509
v 0.039360 -0.021915 -0.011741
v 0.038695 -0.021826 -0.011821
v 0.038466 -0.023287 0.011821
v 0.039126 -0.023407 0.011741
v 0.039721 -0.023515 0.011509
v 0.040194 -0.023601 0.011149
v 0.040847 -0.022113 0.010190
v 0.040497 -0.023656 0.010694
v 0.040602 -0.023675 -0.010190
v 0.040497 -0.023656 -0.010694
v 0.040194 -0.023601 -0.011149
v 0.039721 -0.023515 -0.011509
v 0.039126 -0.023407 -0.011741
v 0.038466 -0.023287 -0.011821
v 0.038171 -0.024716 0.011821
v 0.038824 -0.024868 0.011741
v 0.039414 -0.025005 0.011509
v 0.039882 -0.025113 0.011149
v 0.040602 -0.023675 0.010190
v 0.040182 -0.025183 0.010694
v 0.040286 -0.025207 -0.010190
v 0.040182 -0.025183 -0.010694
v 0.039882 -0.025113 -0.011149
v 0.039414 -0.025005 -0.011509
v 0.038824 -0.024868 -0.011741
v 0.038171 -0.024716 -0.011821
v 0.037811 -0.026114 0.011821
v 0.038456 -0.026297 0.011741
v 0.039038 -0.026463 0.011509
v 0.039500 -0.026594 0.011149
v 0.040286 -0.025207 0.010190
v 0.039796 -0.026679 0.010694
v 0.039899 -0.026708 -0.010190
v 0.039796 -0.026679 -0.010694
v 0.039500 -0.026594 -0.011149
v 0.039038 -0.026463 -0.011509
v 0.038456 -0.026297 -0.011741
v 0.037811 -0.026114 -0.011821
v 0.037385 -0.027479 0.011821
v 0.038020 -0.027695 0.011741
v 0.038593 -0.027890 0.011509
v 0.039048 -0.028044 0.011149
v 0.039899 -0.026708 0.010190
v 0.039340 -0.028144 0.010694
v 0.039440 -0.028178 -0.010190
v 0.039340 -0.028144 -0.010694
v 0.039048 -0.028044 -0.011149
v 0.038593 -0.027890 -0.011509
v 0.038020 -0.027695 -0.011741
v 0.037385 -0.027479 -0.011821
v 0.036893 -0.028813 0.011821
v 0.037517 -0.029061 0.011741
v 0.038079 -0.029284 0.011509
v 0.038525 -0.029462 0.011149
v 0.039440 -0.028178 0.010190
v 0.038812 -0.029576 0.010694
v 0.038911 -0.029615 -0.010190
v 0.038812 -0.029576 -0.010694
v 0.038525 -0.029462 -0.011149
v 0.038079 -0.029284 -0.011509
v 0.037517 -0.029061 -0.011741
v 0.036893 -0.028813 -0.011821
v 0.036337 -0.030115 0.011821
v 0.036946 -0.030394 0.011741
v 0.037497 -0.030646 0.011509
v 0.037933 -0.030847 0.011149
v 0.038911 -0.029615 0.010190
v 0.038213 -0.030975 0.010694
v 0.038310 -0.031019 -0.010190
v 0.038213 -0.030975 -0.010694
v 0.037933 -0.030847 -0.011149
v 0.037497 -0.030646 -0.011509
v 0.036946 -0.030394 -0.011741
v 0.036337 -0.030115 -0.011821
v 0.036309 -0.031695 0.011741
v 0.036845 -0.031975 0.011509
v 0.037271 -0.032198 0.011149
v 0.037544 -0.032341 0.010694
v 0.038310 -0.031019 0.010190
v 0.037639 -0.032390 -0.010190
v 0.037544 -0.032341 -0.010694
v 0.037271 -0.032198 -0.011149
v 0.036845 -0.031975 -0.011509
v 0.036309 -0.031695 -0.011741
v 0.035604 -0.032963 0.011741
v 0.035714 -0.031385 0.011821
v 0.036126 -0.033271 0.011509
v 0.036539 -0.033515 0.011149
v 0.036805 -0.033671 0.010694
v 0.036897 -0.033725 0.010190
v 0.037639 -0.032390 0.010190
v 0.036897 -0.033725 -0.010190
v 0.036805 -0.033671 -0.010694
v 0.036539 -0.033515 -0.011149
v 0.036126 -0.033271 -0.011509
v 0.035714 -0.031385 -0.011821
v 0.035604 -0.032963 -0.011741
v 0.034833 -0.034198 0.011741
v 0.035026 -0.032623 0.011821
v 0.035339 -0.034531 0.011509
v 0.035740 -0.034795 0.011149
v 0.035997 -0.034965 0.010694
v 0.036086 -0.035023 0.010190
v 0.036086 -0.035023 -0.010190
v 0.035997 -0.034965 -0.010694
v 0.035740 -0.034795 -0.011149
v 0.035339 -0.034531 -0.011509
v 0.035026 -0.032623 -0.011821
v 0.034833 -0.034198 -0.011741
v 0.034005 -0.035392 0.011741
v 0.034273 -0.033829 0.011821
v 0.034494 -0.035748 0.011509
v 0.034882 -0.036031 0.011149
v 0.035132 -0.036213 0.010694
v 0.035217 -0.036275 0.010190
v 0.035217 -0.036275 -0.010190
v 0.035132 -0.036213 -0.010694
v 0.034882 -0.036031 -0.011149
v 0.034494 -0.035748 -0.011509
v 0.034273 -0.033829 -0.011821
v 0.034005 -0.035392 -0.011741
v 0.032605 -0.036118 0.011821
v 0.033463 -0.034997 0.011821
v 0.033128 -0.036538 0.011741
v 0.033600 -0.036917 0.011509
v 0.033975 -0.037218 0.011149
v 0.034215 -0.037411 0.010694
v 0.034298 -0.037477 -0.010190
v 0.034215 -0.037411 -0.010694
v 0.033975 -0.037218 -0.011149
v 0.033600 -0.036917 -0.011509
v 0.033128 -0.036538 -0.011741
v 0.032605 -0.036118 -0.011821
v 0.033463 -0.034997 -0.011821
v 0.031700 -0.037194 0.011821
v 0.032203 -0.037638 0.011741
v 0.032656 -0.038039 0.011509
v 0.033016 -0.038356 0.011149
v 0.034298 -0.037477 0.010190
v 0.033248 -0.038560 0.010694
v 0.033327 -0.038631 -0.010190
v 0.033248 -0.038560 -0.010694
v 0.033016 -0.038356 -0.011149
v 0.032656 -0.038039 -0.011509
v 0.032203 -0.037638 -0.011741
v 0.031700 -0.037194 -0.011821
v 0.030746 -0.038224 0.011821
v 0.031228 -0.038691 0.011741
v 0.031662 -0.039113 0.011509
v 0.032007 -0.039447 0.011149
v 0.033327 -0.038631 0.010190
v 0.032228 -0.039662 0.010694
v 0.032304 -0.039736 -0.010190
v 0.032007 -0.039447 -0.011149
v 0.031662 -0.039113 -0.011509
v 0.031228 -0.038691 -0.011741
v 0.030746 -0.038224 -0.011821
v 0.030204 -0.039698 0.011741
v 0.030618 -0.040139 0.011509
v 0.030947 -0.040489 0.011149
v 0.031158 -0.040714 0.010694
v 0.031231 -0.040792 0.010190
v 0.032304 -0.039736 0.010190
v 0.031231 -0.040792 -0.010190
v 0.032228 -0.039662 -0.010694
v 0.031158 -0.040714 -0.010694
v 0.030947 -0.040489 -0.011149
v 0.030618 -0.040139 -0.011509
v 0.030204 -0.039698 -0.011741
v 0.029132 -0.040657 0.011741
v 0.029745 -0.039208 0.011821
v 0.029525 -0.041117 0.011509
v 0.029837 -0.041482 0.011149
v 0.030037 -0.041717 0.010694
v 0.030106 -0.041798 0.010190
v 0.030106 -0.041798 -0.010190
v 0.030037 -0.041717 -0.010694
v 0.029837 -0.041482 -0.011149
v 0.029525 -0.041117 -0.011509
v 0.029745 -0.039208 -0.011821
v 0.029132 -0.040657 -0.011741
v 0.028012 -0.041569 0.011741
v 0.028697 -0.040146 0.011821
v 0.028383 -0.042047 0.011509
v 0.028677 -0.042426 0.011149
v 0.028866 -0.042670 0.010694
v 0.028932 -0.042754 0.010190
v 0.028932 -0.042754 -0.010190
v 0.028866 -0.042670 -0.010694
v 0.028677 -0.042426 -0.011149
v 0.028383 -0.042047 -0.011509
v 0.028697 -0.040146 -0.011821
v 0.028012 -0.041569 -0.011741
v 0.026843 -0.042434 0.011741
v 0.027600 -0.041039 0.011821
v 0.027192 -0.042928 0.011509
v 0.027468 -0.043321 0.011149
v 0.027646 -0.043573 0.010694
v 0.027707 -0.043659 0.010190
v 0.027707 -0.043659 -0.010190
v 0.027646 -0.043573 -0.010694
v 0.027468 -0.043321 -0.011149
v 0.027192 -0.042928 -0.011509
v 0.027600 -0.041039 -0.011821
v 0.026843 -0.042434 -0.011741
v 0.025626 -0.043251 0.011741
v 0.026456 -0.041885 0.011821
v 0.025952 -0.043761 0.011509
v 0.026211 -0.044165 0.011149
v 0.026377 -0.044425 0.010694
v 0.026434 -0.044515 0.010190
v 0.026434 -0.044515 -0.010190
v 0.026377 -0.044425 -0.010694
v 0.026211 -0.044165 -0.011149
v 0.025952 -0.043761 -0.011509
v 0.026456 -0.041885 -0.011821
v 0.025626 -0.043251 -0.011741
v 0.024361 -0.044021 0.011741
v 0.025264 -0.042686 0.011821
v 0.024664 -0.044545 0.011509
v 0.024905 -0.044960 0.011149
v 0.025060 -0.045227 0.010694
v 0.025113 -0.045319 0.010190
v 0.025113 -0.045319 -0.010190
v 0.025060 -0.045227 -0.010694
v 0.024905 -0.044960 -0.011149
v 0.024664 -0.044545 -0.011509
v 0.025264 -0.042686 -0.011821
v 0.024361 -0.044021 -0.011741
v 0.023049 -0.044744 0.011741
v 0.024025 -0.043441 0.011821
v 0.023329 -0.045280 0.011509
v 0.023552 -0.045706 0.011149
v 0.023695 -0.045979 0.010694
v 0.023744 -0.046073 0.010190
v 0.023744 -0.046073 -0.010190
v 0.023695 -0.045979 -0.010694
v 0.023552 -0.045706 -0.011149
v 0.023329 -0.045280 -0.011509
v 0.024025 -0.043441 -0.011821
v 0.023049 -0.044744 -0.011741
v 0.021689 -0.045420 0.011741
v 0.022737 -0.044150 0.011821
v 0.021947 -0.045967 0.011509
v 0.022152 -0.046401 0.011149
v 0.022283 -0.046680 0.010694
v 0.022329 -0.046776 0.010190
v 0.022329 -0.046776 -0.010190
v 0.022283 -0.046680 -0.010694
v 0.022152 -0.046401 -0.011149
v 0.021947 -0.045967 -0.011509
v 0.022737 -0.044150 -0.011821
v 0.021689 -0.045420 -0.011741
v 0.020293 -0.046044 0.011741
v 0.021402 -0.044813 0.011821
v 0.020529 -0.046601 0.011509
v 0.020716 -0.047043 0.011149
v 0.020837 -0.047327 0.010694
v 0.020878 -0.047425 0.010190
v 0.020878 -0.047425 -0.010190
v 0.020837 -0.047327 -0.010694
v 0.020716 -0.047043 -0.011149
v 0.020529 -0.046601 -0.011509
v 0.021402 -0.044813 -0.011821
v 0.020293 -0.046044 -0.011741
v 0.018871 -0.046614 0.011741
v 0.020031 -0.045426 0.011821
v 0.019086 -0.047180 0.011509
v 0.019256 -0.047629 0.011149
v 0.019365 -0.047917 0.010694
v 0.019402 -0.048017 0.010190
v 0.019402 -0.048017 -0.010190
v 0.019365 -0.047917 -0.010694
v 0.019256 -0.047629 -0.011149
v 0.019086 -0.047180 -0.011509
v 0.020031 -0.045426 -0.011821
v 0.018871 -0.046614 -0.011741
v 0.017425 -0.047129 0.011741
v 0.018634 -0.045986 0.011821
v 0.017617 -0.047703 0.011509
v 0.017769 -0.048159 0.011149
v 0.017867 -0.048451 0.010694
v 0.017901 -0.048552 0.010190
v 0.017901 -0.048552 -0.010190
v 0.017867 -0.048451 -0.010694
v 0.017769 -0.048159 -0.011149
v 0.017617 -0.047703 -0.011509
v 0.018634 -0.045986 -0.011821
v 0.017425 -0.047129 -0.011741
v 0.015953 -0.047591 0.011741
v 0.017212 -0.046493 0.011821
v 0.016123 -0.048171 0.011509
v 0.016257 -0.048632 0.011149
v 0.016344 -0.048928 0.010694
v 0.016374 -0.049030 0.010190
v 0.016374 -0.049030 -0.010190
v 0.016344 -0.048928 -0.010694
v 0.016257 -0.048632 -0.011149
v 0.016123 -0.048171 -0.011509
v 0.017212 -0.046493 -0.011821
v 0.015953 -0.047591 -0.011741
v 0.014455 -0.047997 0.011741
v 0.015764 -0.046947 0.011821
v 0.014603 -0.048584 0.011509
v 0.014720 -0.049050 0.011149
v 0.014795 -0.049349 0.010694
v 0.014821 -0.049452 0.010190
v 0.014821 -0.049452 -0.010190
v 0.014795 -0.049349 -0.010694
v 0.014720 -0.049050 -0.011149
v 0.014603 -0.048584 -0.011509
v 0.015764 -0.046947 -0.011821
v 0.014455 -0.047997 -0.011741
v 0.012933 -0.048350 0.011741
v 0.014292 -0.047347 0.011821
v 0.013059 -0.048942 0.011509
v 0.013158 -0.049412 0.011149
v 0.013222 -0.049713 0.010694
v 0.013244 -0.049817 0.010190
v 0.013244 -0.049817 -0.010190
v 0.013222 -0.049713 -0.010694
v 0.013158 -0.049412 -0.011149
v 0.013059 -0.048942 -0.011509
v 0.014292 -0.047347 -0.011821
v 0.012933 -0.048350 -0.011741
v 0.011386 -0.048648 0.011741
v 0.012794 -0.047694 0.011821
v 0.011489 -0.049244 0.011509
v 0.011571 -0.049717 0.011149
v 0.011624 -0.050021 0.010694
v 0.011642 -0.050126 0.010190
v 0.011642 -0.050126 -0.010190
v 0.011624 -0.050021 -0.010694
v 0.011571 -0.049717 -0.011149
v 0.011489 -0.049244 -0.011509
v 0.012794 -0.047694 -0.011821
v 0.011386 -0.048648 -0.011741
v 0.009813 -0.048892 0.011741
v 0.011271 -0.047987 0.011821
v 0.009895 -0.049491 0.011509
v 0.009960 -0.049967 0.011149
v 0.010002 -0.050272 0.010694
v 0.010017 -0.050378 0.010190
v 0.010017 -0.050378 -0.010190
v 0.010002 -0.050272 -0.010694
v 0.009960 -0.049967 -0.011149
v 0.009895 -0.049491 -0.011509
v 0.011271 -0.047987 -0.011821
v 0.009813 -0.048892 -0.011741
v 0.008216 -0.049081 0.011741
v 0.009722 -0.048227 0.011821
v 0.008277 -0.049683 0.011509
v 0.008325 -0.050161 0.011149
v 0.008356 -0.050468 0.010694
v 0.008367 -0.050573 0.010190
v 0.008367 -0.050573 -0.010190
v 0.008356 -0.050468 -0.010694
v 0.008325 -0.050161 -0.011149
v 0.008277 -0.049683 -0.011509
v 0.009722 -0.048227 -0.011821
v 0.008216 -0.049081 -0.011741
v 0.006594 -0.049216 0.011741
v 0.008149 -0.048414 0.011821
v 0.006634 -0.049820 0.011509
v 0.006666 -0.050299 0.011149
v 0.006686 -0.050607 0.010694
v 0.006693 -0.050713 0.010190
v 0.006693 -0.050713 -0.010190
v 0.006686 -0.050607 -0.010694
v 0.006666 -0.050299 -0.011149
v 0.006634 -0.049820 -0.011509
v 0.008149 -0.048414 -0.011821
v 0.006594 -0.049216 -0.011741
v 0.004947 -0.049298 0.011741
v 0.006550 -0.048547 0.011821
v 0.004967 -0.049902 0.011509
v 0.004983 -0.050382 0.011149
v 0.004993 -0.050690 0.010694
v 0.004996 -0.050797 0.010190
v 0.004996 -0.050797 -0.010190
v 0.004993 -0.050690 -0.010694
v 0.004983 -0.050382 -0.011149
v 0.004967 -0.049902 -0.011509
v 0.006550 -0.048547 -0.011821
v 0.004947 -0.049298 -0.011741
v 0.003276 -0.048654 0.011821
v 0.004925 -0.048627 0.011821
v 0.003273 -0.049325 0.011741
v 0.003270 -0.049930 0.011509
v 0.003267 -0.050410 0.011149
v 0.003266 -0.050718 0.010694
v 0.003265 -0.050825 -0.010190
v 0.003266 -0.050718 -0.010694
v 0.003267 -0.050410 -0.011149
v 0.003270 -0.049930 -0.011509
v 0.003273 -0.049325 -0.011741
v 0.003276 -0.048654 -0.011821
v 0.004925 -0.048627 -0.011821
v 0.000034 -0.048570 0.011821
v -0.000002 -0.049240 0.011741
v -0.000034 -0.049844 0.011509
v -0.000060 -0.050324 0.011149
v 0.003265 -0.050825 0.010190
v -0.000076 -0.050632 0.010694
v -0.000082 -0.050738 -0.010190
v -0.000076 -0.050632 -0.010694
v -0.000060 -0.050324 -0.011149
v -0.000034 -0.049844 -0.011509
v -0.000002 -0.049240 -0.011741
v 0.000034 -0.048570 -0.011821
v -0.003088 -0.048317 0.011821
v -0.003162 -0.048984 0.011741
v -0.003228 -0.049585 0.011509
v -0.003281 -0.050063 0.011149
v -0.000082 -0.050738 0.010190
v -0.003315 -0.050369 0.010694
v -0.003327 -0.050475 -0.010190
v -0.003315 -0.050369 -0.010694
v -0.003281 -0.050063 -0.011149
v -0.003228 -0.049585 -0.011509
v -0.003162 -0.048984 -0.011741
v -0.003088 -0.048317 -0.011821
v -0.006091 -0.047896 0.011821
v -0.006205 -0.048557 0.011741
v -0.006307 -0.049154 0.011509
v -0.006389 -0.049627 0.011149
v -0.003327 -0.050475 0.010190
v -0.006441 -0.049931 0.010694
v -0.006459 -0.050036 -0.010190
v -0.006441 -0.049931 -0.010694
v -0.006389 -0.049627 -0.011149
v -0.006307 -0.049154 -0.011509
v -0.006205 -0.048557 -0.011741
v -0.006091 -0.047896 -0.011821
v -0.008973 -0.047306 0.011821
v -0.009129 -0.047959 0.011741
v -0.009270 -0.048547 0.011509
v -0.009382 -0.049015 0.011149
v -0.006459 -0.050036 0.010190
v -0.009454 -0.049315 0.010694
v -0.009478 -0.049418 -0.010190
v -0.009454 -0.049315 -0.010694
v -0.009382 -0.049015 -0.011149
v -0.009270 -0.048547 -0.011509
v -0.009129 -0.047959 -0.011741
v -0.008973 -0.047306 -0.011821
v -0.011736 -0.046548 0.011821
v -0.011936 -0.047189 0.011741
v -0.012116 -0.047767 0.011509
v -0.012259 -0.048225 0.011149
v -0.009478 -0.049418 0.010190
v -0.012351 -0.048520 0.010694
v -0.012383 -0.048621 -0.010190
v -0.012351 -0.048520 -0.010694
v -0.012259 -0.048225 -0.011149
v -0.012116 -0.047767 -0.011509
v -0.011936 -0.047189 -0.011741
v -0.011736 -0.046548 -0.011821
v -0.014379 -0.045621 0.011821
v -0.014624 -0.046246 0.011741
v -0.014845 -0.046810 0.011509
v -0.015020 -0.047257 0.011149
v -0.012383 -0.048621 0.010190
v -0.015132 -0.047545 0.010694
v -0.015171 -0.047644 -0.010190
v -0.015132 -0.047545 -0.010694
v -0.015020 -0.047257 -0.011149
v -0.014845 -0.046810 -0.011509
v -0.014624 -0.046246 -0.011741
v -0.014379 -0.045621 -0.011821
v -0.016902 -0.044526 0.011821
v -0.017192 -0.045132 0.011741
v -0.017454 -0.045678 0.011509
v -0.017661 -0.046111 0.011149
v -0.015171 -0.047644 0.010190
v -0.017795 -0.046389 0.010694
v -0.017840 -0.046485 -0.010190
v -0.017795 -0.046389 -0.010694
v -0.017661 -0.046111 -0.011149
v -0.017454 -0.045678 -0.011509
v -0.017192 -0.045132 -0.011741
v -0.016902 -0.044526 -0.011821
v -0.019306 -0.043263 0.011821
v -0.019640 -0.043845 0.011741
v -0.019942 -0.044370 0.011509
v -0.020182 -0.044786 0.011149
v -0.017840 -0.046485 0.010190
v -0.020336 -0.045053 0.010694
v -0.020389 -0.045146 0.010190
v -0.020336 -0.045053 -0.010694
v -0.020182 -0.044786 -0.011149
v -0.019942 -0.044370 -0.011509
v -0.019640 -0.043845 -0.011741
v -0.019306 -0.043263 -0.011821
v -0.021589 -0.041831 0.011821
v -0.021967 -0.042386 0.011741
v -0.022308 -0.042886 0.011509
v -0.022579 -0.043283 0.011149
v -0.022753 -0.043538 0.010694
v -0.022813 -0.043626 -0.010190
v -0.020389 -0.045146 -0.010190
v -0.022753 -0.043538 -0.010694
v -0.022579 -0.043283 -0.011149
v -0.022308 -0.042886 -0.011509
v -0.021967 -0.042386 -0.011741
v -0.021589 -0.041831 -0.011821
v -0.024172 -0.040755 0.011741
v -0.024551 -0.041227 0.011509
v -0.024851 -0.041602 0.011149
v -0.025044 -0.041843 0.010694
v -0.025110 -0.041926 0.010190
v -0.022813 -0.043626 0.010190
v -0.025110 -0.041926 -0.010190
v -0.025044 -0.041843 -0.010694
v -0.024851 -0.041602 -0.011149
v -0.024551 -0.041227 -0.011509
v -0.024172 -0.040755 -0.011741
v -0.026255 -0.038952 0.011741
v -0.023753 -0.040231 0.011821
v -0.026668 -0.039395 0.011509
v -0.026996 -0.039746 0.011149
v -0.027207 -0.039972 0.010694
v -0.027279 -0.040049 0.010190
v -0.027279 -0.040049 -0.010190
v -0.027207 -0.039972 -0.010694
v -0.026996 -0.039746 -0.011149
v -0.026668 -0.039395 -0.011509
v -0.023753 -0.040231 -0.011821
v -0.026255 -0.038952 -0.011741
v -0.027721 -0.036525 0.011821
v -0.025797 -0.038462 0.011821
v -0.028215 -0.036979 0.011741
v -0.028660 -0.037389 0.011509
v -0.029014 -0.037715 0.011149
v -0.029241 -0.037924 0.010694
v -0.029319 -0.037996 -0.010190
v -0.029241 -0.037924 -0.010694
v -0.029014 -0.037715 -0.011149
v -0.028660 -0.037389 -0.011509
v -0.028215 -0.036979 -0.011741
v -0.027721 -0.036525 -0.011821
v -0.025797 -0.038462 -0.011821
v -0.029508 -0.034431 0.011821
v -0.030035 -0.034847 0.011741
v -0.030510 -0.035222 0.011509
v -0.030887 -0.035520 0.011149
v -0.029319 -0.037996 0.010190
v -0.031129 -0.035711 0.010694
v -0.031213 -0.035777 -0.010190
v -0.031129 -0.035711 -0.010694
v -0.030887 -0.035520 -0.011149
v -0.030510 -0.035222 -0.011509
v -0.030035 -0.034847 -0.011741
v -0.029508 -0.034431 -0.011821
v -0.031696 -0.032568 0.011741
v -0.032198 -0.032906 0.011509
v -0.032597 -0.033174 0.011149
v -0.032853 -0.033346 0.010694
v -0.032941 -0.033406 0.010190
v -0.031213 -0.035777 0.010190
v -0.032941 -0.033406 -0.010190
v -0.032853 -0.033346 -0.010694
v -0.032597 -0.033174 -0.011149
v -0.032198 -0.032906 -0.011509
v -0.031696 -0.032568 -0.011741
v -0.033198 -0.030144 0.011741
v -0.031139 -0.032193 0.011821
v -0.033724 -0.030444 0.011509
v -0.034141 -0.030682 0.011149
v -0.034409 -0.030834 0.010694
v -0.034502 -0.030887 0.010190
v -0.034502 -0.030887 -0.010190
v -0.034409 -0.030834 -0.010694
v -0.034141 -0.030682 -0.011149
v -0.033724 -0.030444 -0.011509
v -0.031139 -0.032193 -0.011821
v -0.033198 -0.030144 -0.011741
v -0.034541 -0.027575 0.011741
v -0.032615 -0.029811 0.011821
v -0.035087 -0.027837 0.011509
v -0.035520 -0.028044 0.011149
v -0.035798 -0.028177 0.010694
v -0.035894 -0.028223 0.010190
v -0.035894 -0.028223 -0.010190
v -0.035798 -0.028177 -0.010694
v -0.035520 -0.028044 -0.011149
v -0.035087 -0.027837 -0.011509
v -0.032615 -0.029811 -0.011821
v -0.034541 -0.027575 -0.011741
v -0.035725 -0.024863 0.011741
v -0.033936 -0.027285 0.011821
v -0.036287 -0.025086 0.011509
v -0.036734 -0.025264 0.011149
v -0.037020 -0.025377 0.010694
v -0.037119 -0.025417 0.010190
v -0.037119 -0.025417 -0.010190
v -0.037020 -0.025377 -0.010694
v -0.036734 -0.025264 -0.011149
v -0.036287 -0.025086 -0.011509
v -0.033936 -0.027285 -0.011821
v -0.035725 -0.024863 -0.011741
v -0.036749 -0.022007 0.011741
v -0.035101 -0.024615 0.011821
v -0.037325 -0.022194 0.011509
v -0.037782 -0.022342 0.011149
v -0.038076 -0.022437 0.010694
v -0.038177 -0.022469 0.010190
v -0.038177 -0.022469 -0.010190
v -0.038076 -0.022437 -0.010694
v -0.037782 -0.022342 -0.011149
v -0.037325 -0.022194 -0.011509
v -0.035101 -0.024615 -0.011821
v -0.036749 -0.022007 -0.011741
v -0.037615 -0.019009 0.011741
v -0.036111 -0.021801 0.011821
v -0.038201 -0.019160 0.011509
v -0.038667 -0.019280 0.011149
v -0.038965 -0.019356 0.010694
v -0.039068 -0.019383 0.010190
v -0.039068 -0.019383 -0.010190
v -0.038965 -0.019356 -0.010694
v -0.038667 -0.019280 -0.011149
v -0.038201 -0.019160 -0.011509
v -0.036111 -0.021801 -0.011821
v -0.037615 -0.019009 -0.011741
v -0.038323 -0.015869 0.011741
v -0.036965 -0.018843 0.011821
v -0.038917 -0.015986 0.011509
v -0.039388 -0.016078 0.011149
v -0.039691 -0.016138 0.010694
v -0.039795 -0.016158 0.010190
v -0.039795 -0.016158 -0.010190
v -0.039691 -0.016138 -0.010694
v -0.039388 -0.016078 -0.011149
v -0.038917 -0.015986 -0.011509
v -0.036965 -0.018843 -0.011821
v -0.038323 -0.015869 -0.011741
v -0.038872 -0.012587 0.011741
v -0.037664 -0.015740 0.011821
v -0.039472 -0.012671 0.011509
v -0.039947 -0.012738 0.011149
v -0.040253 -0.012781 0.010694
v -0.040358 -0.012796 0.010190
v -0.040358 -0.012796 -0.010190
v -0.040253 -0.012781 -0.010694
v -0.039947 -0.012738 -0.011149
v -0.039472 -0.012671 -0.011509
v -0.037664 -0.015740 -0.011821
v -0.038872 -0.012587 -0.011741
v -0.039265 -0.009163 0.011741
v -0.038208 -0.012493 0.011821
v -0.039867 -0.009217 0.011509
v -0.040346 -0.009260 0.011149
v -0.040653 -0.009288 0.010694
v -0.040759 -0.009298 0.010190
v -0.040759 -0.009298 -0.010190
v -0.040653 -0.009288 -0.010694
v -0.040346 -0.009260 -0.011149
v -0.039867 -0.009217 -0.011509
v -0.038208 -0.012493 -0.011821
v -0.039265 -0.009163 -0.011741
v -0.039500 -0.005597 0.011741
v -0.038596 -0.009103 0.011821
v -0.040104 -0.005623 0.011509
v -0.040584 -0.005644 0.011149
v -0.040892 -0.005657 0.010694
v -0.040998 -0.005662 0.010190
v -0.040998 -0.005662 -0.010190
v -0.040892 -0.005657 -0.010694
v -0.040584 -0.005644 -0.011149
v -0.040104 -0.005623 -0.011509
v -0.038596 -0.009103 -0.011821
v -0.039500 -0.005597 -0.011741
v -0.039578 -0.001890 0.011741
v -0.038829 -0.005568 0.011821
v -0.040183 -0.001892 0.011509
v -0.040663 -0.001893 0.011149
v -0.040972 -0.001894 0.010694
v -0.041078 -0.001894 0.010190
v -0.041078 -0.001894 -0.010190
v -0.040972 -0.001894 -0.010694
v -0.040663 -0.001893 -0.011149
v -0.040183 -0.001892 -0.011509
v -0.038829 -0.005568 -0.011821
v -0.039578 -0.001890 -0.011741
v -0.039535 0.000774 0.011741
v -0.038907 -0.001889 0.011821
v -0.040140 0.000794 0.011509
v -0.040620 0.000809 0.011149
v -0.040928 0.000819 0.010694
v -0.041035 0.000823 0.010190
v -0.041035 0.000823 -0.010190
v -0.040928 0.000819 -0.010694
v -0.040620 0.000809 -0.011149
v -0.040140 0.000794 -0.011509
v -0.038907 -0.001889 -0.011821
v -0.039535 0.000774 -0.011741
v -0.038739 0.003330 0.011821
v -0.038865 0.000752 0.011821
v -0.039408 0.003374 0.011741
v -0.040012 0.003414 0.011509
v -0.040491 0.003446 0.011149
v -0.040799 0.003467 0.010694
v -0.040905 0.003474 0.010190
v -0.040799 0.003467 -0.010694
v -0.040491 0.003446 -0.011149
v -0.040012 0.003414 -0.011509
v -0.039408 0.003374 -0.011741
v -0.038739 0.003330 -0.011821
v -0.038865 0.000752 -0.011821
v -0.038528 0.005844 0.011821
v -0.039195 0.005912 0.011741
v -0.039797 0.005973 0.011509
v -0.040275 0.006022 0.011149
v -0.040582 0.006053 0.010694
v -0.040688 0.006064 -0.010190
v -0.040905 0.003474 -0.010190
v -0.040582 0.006053 -0.010694
v -0.040275 0.006022 -0.011149
v -0.039797 0.005973 -0.011509
v -0.039195 0.005912 -0.011741
v -0.038528 0.005844 -0.011821
v -0.038233 0.008294 0.011821
v -0.038898 0.008387 0.011741
v -0.039497 0.008470 0.011509
v -0.039973 0.008537 0.011149
v -0.040688 0.006064 0.010190
v -0.040278 0.008579 0.010694
v -0.040383 0.008594 -0.010190
v -0.040278 0.008579 -0.010694
v -0.039973 0.008537 -0.011149
v -0.039497 0.008470 -0.011509
v -0.038898 0.008387 -0.011741
v -0.038233 0.008294 -0.011821
v -0.037854 0.010681 0.011821
v -0.038515 0.010799 0.011741
v -0.039110 0.010905 0.011509
v -0.039583 0.010990 0.011149
v -0.040383 0.008594 0.010190
v -0.039886 0.011044 0.010694
v -0.039991 0.011063 -0.010190
v -0.039886 0.011044 -0.010694
v -0.039583 0.010990 -0.011149
v -0.039110 0.010905 -0.011509
v -0.038515 0.010799 -0.011741
v -0.037854 0.010680 -0.011821
v -0.037391 0.013003 0.011821
v -0.038046 0.013148 0.011741
v -0.038637 0.013278 0.011509
v -0.039106 0.013382 0.011149
v -0.039991 0.011063 0.010190
v -0.039407 0.013449 0.010694
v -0.039511 0.013471 -0.010190
v -0.039407 0.013449 -0.010694
v -0.039106 0.013382 -0.011149
v -0.038637 0.013278 -0.011509
v -0.038046 0.013148 -0.011741
v -0.037391 0.013003 -0.011821
v -0.036843 0.015263 0.011821
v -0.037492 0.015434 0.011741
v -0.038077 0.015589 0.011509
v -0.038541 0.015712 0.011149
v -0.039511 0.013471 0.010190
v -0.038839 0.015791 0.010694
v -0.038942 0.015819 -0.010190
v -0.038839 0.015791 -0.010694
v -0.038541 0.015712 -0.011149
v -0.038077 0.015589 -0.011509
v -0.037492 0.015434 -0.011741
v -0.036843 0.015263 -0.011821
v -0.036212 0.017458 0.011821
v -0.036852 0.017658 0.011741
v -0.037430 0.017838 0.011509
v -0.037888 0.017981 0.011149
v -0.038942 0.015819 0.010190
v -0.038183 0.018073 0.010694
v -0.038284 0.018104 -0.010190
v -0.038183 0.018073 -0.010694
v -0.037888 0.017981 -0.011149
v -0.037430 0.017838 -0.011509
v -0.036852 0.017658 -0.011741
v -0.036212 0.017458 -0.011821
v -0.035496 0.019590 0.011821
v -0.036127 0.019818 0.011741
v -0.036696 0.020024 0.011509
v -0.037148 0.020187 0.011149
v -0.038284 0.018104 0.010190
v -0.037438 0.020292 0.010694
v -0.037538 0.020328 -0.010190
v -0.037438 0.020292 -0.010694
v -0.037148 0.020187 -0.011149
v -0.036696 0.020024 -0.011509
v -0.036127 0.019818 -0.011741
v -0.035496 0.019590 -0.011821
v -0.034696 0.021659 0.011821
v -0.035315 0.021915 0.011741
v -0.035875 0.022146 0.011509
v -0.036318 0.022330 0.011149
v -0.037538 0.020328 0.010190
v -0.036603 0.022448 0.010694
v -0.036702 0.022489 -0.010190
v -0.036603 0.022448 -0.010694
v -0.036318 0.022330 -0.011149
v -0.035875 0.022146 -0.011509
v -0.035315 0.021915 -0.011741
v -0.034696 0.021659 -0.011821
v -0.033811 0.023663 0.011821
v -0.034418 0.023949 0.011741
v -0.034966 0.024206 0.011509
v -0.035401 0.024410 0.011149
v -0.036702 0.022489 0.010190
v -0.035680 0.024541 0.010694
v -0.035776 0.024586 -0.010190
v -0.035680 0.024541 -0.010694
v -0.035401 0.024410 -0.011149
v -0.034966 0.024206 -0.011509
v -0.034418 0.023949 -0.011741
v -0.033811 0.023663 -0.011821
v -0.033436 0.025918 0.011741
v -0.033971 0.026200 0.011509
v -0.034395 0.026425 0.011149
v -0.034668 0.026569 0.010694
v -0.034762 0.026618 0.010190
v -0.035776 0.024586 0.010190
v -0.034762 0.026618 -0.010190
v -0.034668 0.026569 -0.010694
v -0.034395 0.026425 -0.011149
v -0.033971 0.026200 -0.011509
v -0.033436 0.025918 -0.011741
v -0.032377 0.027815 0.011741
v -0.032842 0.025604 0.011821
v -0.032898 0.028122 0.011509
v -0.033312 0.028366 0.011149
v -0.033578 0.028522 0.010694
v -0.033670 0.028576 0.010190
v -0.033670 0.028576 -0.010190
v -0.033578 0.028522 -0.010694
v -0.033312 0.028366 -0.011149
v -0.032898 0.028122 -0.011509
v -0.032842 0.025604 -0.011821
v -0.032377 0.027815 -0.011741
v -0.030688 0.029269 0.011821
v -0.031798 0.027475 0.011821
v -0.031250 0.029636 0.011741
v -0.031757 0.029966 0.011509
v -0.032160 0.030228 0.011149
v -0.032418 0.030397 0.010694
v -0.032507 0.030455 -0.010190
v -0.032418 0.030397 -0.010694
v -0.032160 0.030228 -0.011149
v -0.031757 0.029966 -0.011509
v -0.031250 0.029636 -0.011741
v -0.030688 0.029269 -0.011821
v -0.031798 0.027475 -0.011821
v -0.029511 0.030987 0.011821
v -0.030055 0.031379 0.011741
v -0.030546 0.031733 0.011509
v -0.030936 0.032014 0.011149
v -0.032507 0.030455 0.010190
v -0.031186 0.032194 0.010694
v -0.031272 0.032256 -0.010190
v -0.031186 0.032194 -0.010694
v -0.030936 0.032014 -0.011149
v -0.030546 0.031733 -0.011509
v -0.030055 0.031379 -0.011741
v -0.029511 0.030987 -0.011821
v -0.028268 0.032627 0.011821
v -0.028792 0.033046 0.011741
v -0.029266 0.033423 0.011509
v -0.029641 0.033722 0.011149
v -0.031272 0.032256 0.010190
v -0.029883 0.033914 0.010694
v -0.029966 0.033980 -0.010190
v -0.029883 0.033914 -0.010694
v -0.029641 0.033722 -0.011149
v -0.029266 0.033423 -0.011509
v -0.028792 0.033046 -0.011741
v -0.028268 0.032627 -0.011821
v -0.026958 0.034191 0.011821
v -0.027462 0.034635 0.011741
v -0.027916 0.035035 0.011509
v -0.028276 0.035352 0.011149
v -0.029966 0.033980 0.010190
v -0.028508 0.035556 0.010694
v -0.028587 0.035626 -0.010190
v -0.028508 0.035556 -0.010694
v -0.028276 0.035352 -0.011149
v -0.027916 0.035035 -0.011509
v -0.027462 0.034635 -0.011741
v -0.026958 0.034191 -0.011821
v -0.025582 0.035678 0.011821
v -0.026063 0.036146 0.011741
v -0.026496 0.036568 0.011509
v -0.026841 0.036903 0.011149
v -0.028587 0.035626 0.010190
v -0.027062 0.037118 0.010694
v -0.027138 0.037192 -0.010190
v -0.027062 0.037118 -0.010694
v -0.026841 0.036903 -0.011149
v -0.026496 0.036568 -0.011509
v -0.026063 0.036146 -0.011741
v -0.025582 0.035678 -0.011821
v -0.024139 0.037089 0.011821
v -0.024596 0.037580 0.011741
v -0.025008 0.038023 0.011509
v -0.025335 0.038375 0.011149
v -0.027138 0.037192 0.010190
v -0.025545 0.038601 0.010694
v -0.025617 0.038679 -0.010190
v -0.025545 0.038601 -0.010694
v -0.025335 0.038375 -0.011149
v -0.025008 0.038023 -0.011509
v -0.024596 0.037580 -0.011741
v -0.024139 0.037089 -0.011821
v -0.022630 0.038422 0.011821
v -0.023061 0.038936 0.011741
v -0.023451 0.039400 0.011509
v -0.023759 0.039767 0.011149
v -0.024026 0.040085 0.010190
v -0.025617 0.038679 0.010190
v -0.024026 0.040085 -0.010190
v -0.023759 0.039767 -0.011149
v -0.023451 0.039400 -0.011509
v -0.023061 0.038936 -0.011741
v -0.022630 0.038422 -0.011821
v -0.021459 0.040214 0.011741
v -0.021825 0.040697 0.011509
v -0.022115 0.041079 0.011149
v -0.022301 0.041325 0.010694
v -0.023958 0.040004 0.010694
v -0.022365 0.041410 0.010190
v -0.022365 0.041410 -0.010190
v -0.023958 0.040004 -0.010694
v -0.022301 0.041325 -0.010694
v -0.022115 0.041079 -0.011149
v -0.021825 0.040697 -0.011509
v -0.021459 0.040214 -0.011741
v -0.019790 0.041414 0.011741
v -0.021054 0.039679 0.011821
v -0.020131 0.041914 0.011509
v -0.020402 0.042311 0.011149
v -0.020575 0.042566 0.010694
v -0.020635 0.042653 0.010190
v -0.020635 0.042653 -0.010190
v -0.020575 0.042566 -0.010694
v -0.020402 0.042311 -0.011149
v -0.020131 0.041914 -0.011509
v -0.021054 0.039679 -0.011821
v -0.019790 0.041414 -0.011741
v -0.018054 0.042535 0.011741
v -0.019412 0.040860 0.011821
v -0.018370 0.043052 0.011509
v -0.018620 0.043461 0.011149
v -0.018781 0.043724 0.010694
v -0.018837 0.043815 0.010190
v -0.018837 0.043815 -0.010190
v -0.018781 0.043724 -0.010694
v -0.018620 0.043461 -0.011149
v -0.018370 0.043052 -0.011509
v -0.019412 0.040860 -0.011821
v -0.018054 0.042535 -0.011741
v -0.016251 0.043578 0.011741
v -0.017704 0.041963 0.011821
v -0.016542 0.044109 0.011509
v -0.016772 0.044530 0.011149
v -0.016920 0.044801 0.010694
v -0.016971 0.044894 0.010190
v -0.016971 0.044894 -0.010190
v -0.016920 0.044801 -0.010694
v -0.016772 0.044530 -0.011149
v -0.016542 0.044109 -0.011509
v -0.017704 0.041963 -0.011821
v -0.016251 0.043578 -0.011741
v -0.014391 0.044540 0.011741
v -0.015929 0.042990 0.011821
v -0.014657 0.045084 0.011509
v -0.014867 0.045515 0.011149
v -0.015003 0.045792 0.010694
v -0.015049 0.045888 0.010190
v -0.015049 0.045888 -0.010190
v -0.015003 0.045792 -0.010694
v -0.014867 0.045515 -0.011149
v -0.014657 0.045084 -0.011509
v -0.015929 0.042990 -0.011821
v -0.014391 0.044540 -0.011741
v -0.012484 0.045417 0.011741
v -0.014097 0.043937 0.011821
v -0.012724 0.045973 0.011509
v -0.012915 0.046413 0.011149
v -0.013037 0.046696 0.010694
v -0.013079 0.046794 0.010190
v -0.013079 0.046794 -0.010190
v -0.013037 0.046696 -0.010694
v -0.012915 0.046413 -0.011149
v -0.012724 0.045973 -0.011509
v -0.014097 0.043937 -0.011821
v -0.012484 0.045417 -0.011741
v -0.010528 0.046211 0.011741
v -0.012217 0.044802 0.011821
v -0.010743 0.046777 0.011509
v -0.010913 0.047226 0.011149
v -0.011023 0.047514 0.010694
v -0.011061 0.047613 0.010190
v -0.011061 0.047613 -0.010190
v -0.011023 0.047514 -0.010694
v -0.010913 0.047226 -0.011149
v -0.010743 0.046777 -0.011509
v -0.012217 0.044802 -0.011821
v -0.010528 0.046211 -0.011741
v -0.008524 0.046921 0.011741
v -0.010290 0.045584 0.011821
v -0.008714 0.047496 0.011509
v -0.008864 0.047952 0.011149
v -0.008961 0.048245 0.010694
v -0.008994 0.048346 0.010190
v -0.008994 0.048346 -0.010190
v -0.008961 0.048245 -0.010694
v -0.008864 0.047952 -0.011149
v -0.008714 0.047496 -0.011509
v -0.010290 0.045584 -0.011821
v -0.008524 0.046921 -0.011741
v -0.006473 0.047547 0.011741
v -0.008314 0.046284 0.011821
v -0.006638 0.048130 0.011509
v -0.006768 0.048592 0.011149
v -0.006851 0.048889 0.010694
v -0.006880 0.048991 0.010190
v -0.006880 0.048991 -0.010190
v -0.006851 0.048889 -0.010694
v -0.006768 0.048592 -0.011149
v -0.006638 0.048130 -0.011509
v -0.008314 0.046284 -0.011821
v -0.006473 0.047547 -0.011741
v -0.004375 0.048090 0.011741
v -0.006291 0.046902 0.011821
v -0.004514 0.048679 0.011509
v -0.004624 0.049146 0.011149
v -0.004695 0.049446 0.010694
v -0.004719 0.049550 0.010190
v -0.004719 0.049550 -0.010190
v -0.004695 0.049446 -0.010694
v -0.004624 0.049146 -0.011149
v -0.004514 0.048679 -0.011509
v -0.006291 0.046902 -0.011821
v -0.004375 0.048090 -0.011741
v -0.002229 0.048549 0.011741
v -0.004221 0.047437 0.011821
v -0.002343 0.049143 0.011509
v -0.002434 0.049615 0.011149
v -0.002492 0.049917 0.010694
v -0.002512 0.050022 0.010190
v -0.002512 0.050022 -0.010190
v -0.002492 0.049917 -0.010694
v -0.002434 0.049615 -0.011149
v -0.002343 0.049143 -0.011509
v -0.004221 0.047437 -0.011821
v -0.002229 0.048549 -0.011741
v -0.000036 0.048924 0.011741
v -0.002102 0.047890 0.011821
v -0.000126 0.049522 0.011509
v -0.000198 0.049997 0.011149
v -0.000244 0.050302 0.010694
v -0.000259 0.050407 0.010190
v -0.000259 0.050407 -0.010190
v -0.000244 0.050302 -0.010694
v -0.000198 0.049997 -0.011149
v -0.000126 0.049522 -0.011509
v -0.002102 0.047890 -0.011821
v -0.000036 0.048924 -0.011741
v 0.002204 0.049216 0.011741
v 0.000064 0.048261 0.011821
v 0.002137 0.049817 0.011509
v 0.002085 0.050294 0.011149
v 0.002051 0.050601 0.010694
v 0.002039 0.050707 0.010190
v 0.002039 0.050707 -0.010190
v 0.002051 0.050601 -0.010694
v 0.002085 0.050294 -0.011149
v 0.002137 0.049817 -0.011509
v 0.000064 0.048261 -0.011821
v 0.002204 0.049216 -0.011741
v 0.004491 0.049424 0.011741
v 0.002278 0.048549 0.011821
v 0.004447 0.050027 0.011509
v 0.004413 0.050506 0.011149
v 0.004391 0.050814 0.010694
v 0.004383 0.050920 0.010190
v 0.004383 0.050920 -0.010190
v 0.004391 0.050814 -0.010694
v 0.004413 0.050506 -0.011149
v 0.004447 0.050027 -0.011509
v 0.002278 0.048549 -0.011821
v 0.004491 0.049424 -0.011741
v 0.006825 0.049549 0.011741
v 0.004539 0.048755 0.011821
v 0.006803 0.050153 0.011509
v 0.006786 0.050633 0.011149
v 0.006775 0.050942 0.010694
v 0.006772 0.051048 0.010190
v 0.006772 0.051048 -0.010190
v 0.006775 0.050942 -0.010694
v 0.006786 0.050633 -0.011149
v 0.006803 0.050153 -0.011509
v 0.004539 0.048755 -0.011821
v 0.006825 0.049549 -0.011741
v 0.009203 0.049590 0.011741
v 0.006849 0.048878 0.011821
v 0.009201 0.050195 0.011509
v 0.009199 0.050676 0.011149
v 0.009197 0.050984 0.010694
v 0.009197 0.051090 0.010190
v 0.009197 0.051090 -0.010190
v 0.009197 0.050984 -0.010694
v 0.009199 0.050676 -0.011149
v 0.009201 0.050195 -0.011509
v 0.006849 0.048878 -0.011821
v 0.009203 0.049590 -0.011741
v 0.010472 0.049578 0.011741
v 0.009206 0.048920 0.011821
v 0.010483 0.050183 0.011509
v 0.010492 0.050663 0.011149
v 0.010498 0.050972 0.010694
v 0.010500 0.051078 0.010190
v 0.010500 0.051078 -0.010190
v 0.010498 0.050972 -0.010694
v 0.010492 0.050663 -0.011149
v 0.010483 0.050183 -0.011509
v 0.009206 0.048920 -0.011821
v 0.010472 0.049578 -0.011741
v 0.011705 0.048873 0.011821
v 0.010459 0.048908 0.011821
v 0.011730 0.049543 0.011741
v 0.011753 0.050148 0.011509
v 0.011771 0.050627 0.011149
v 0.011782 0.050936 0.010694
v 0.011786 0.051042 -0.010190
v 0.011782 0.050936 -0.010694
v 0.011771 0.050627 -0.011149
v 0.011753 0.050148 -0.011509
v 0.011730 0.049543 -0.011741
v 0.011705 0.048873 -0.011821
v 0.010459 0.048908 -0.011821
v 0.012941 0.048814 0.011821
v 0.012980 0.049484 0.011741
v 0.013014 0.050088 0.011509
v 0.013041 0.050567 0.011149
v 0.011786 0.051042 0.010190
v 0.013059 0.050875 0.010694
v 0.013065 0.050981 -0.010190
v 0.013059 0.050875 -0.010694
v 0.013041 0.050567 -0.011149
v 0.013014 0.050088 -0.011509
v 0.012980 0.049484 -0.011741
v 0.012941 0.048814 -0.011821
v 0.014170 0.048732 0.011821
v 0.014221 0.049401 0.011741
v 0.014267 0.050004 0.011509
v 0.014304 0.050483 0.011149
v 0.013065 0.050981 0.010190
v 0.014327 0.050791 0.010694
v 0.014335 0.050897 -0.010190
v 0.014327 0.050791 -0.010694
v 0.014304 0.050483 -0.011149
v 0.014267 0.050004 -0.011509
v 0.014221 0.049401 -0.011741
v 0.014170 0.048732 -0.011821
v 0.015390 0.048627 0.011821
v 0.015454 0.049295 0.011741
v 0.015512 0.049897 0.011509
v 0.015558 0.050375 0.011149
v 0.014335 0.050897 0.010190
v 0.015587 0.050682 0.010694
v 0.015598 0.050788 -0.010190
v 0.015587 0.050682 -0.010694
v 0.015558 0.050375 -0.011149
v 0.015512 0.049897 -0.011509
v 0.015454 0.049295 -0.011741
v 0.015390 0.048627 -0.011821
v 0.016601 0.048498 0.011821
v 0.016679 0.049165 0.011741
v 0.016749 0.049766 0.011509
v 0.016804 0.050243 0.011149
v 0.015598 0.050788 0.010190
v 0.016840 0.050549 0.010694
v 0.016852 0.050654 -0.010190
v 0.016840 0.050549 -0.010694
v 0.016804 0.050243 -0.011149
v 0.016749 0.049766 -0.011509
v 0.016679 0.049165 -0.011741
v 0.016601 0.048498 -0.011821
v 0.017804 0.048346 0.011821
v 0.017895 0.049011 0.011741
v 0.017977 0.049610 0.011509
v 0.018042 0.050086 0.011149
v 0.016852 0.050654 0.010190
v 0.018084 0.050392 0.010694
v 0.018098 0.050497 -0.010190
v 0.018084 0.050392 -0.010694
v 0.018042 0.050086 -0.011149
v 0.017977 0.049610 -0.011509
v 0.017895 0.049011 -0.011741
v 0.017804 0.048346 -0.011821
v 0.018999 0.048171 0.011821
v 0.019103 0.048833 0.011741
v 0.019197 0.049431 0.011509
v 0.019272 0.049905 0.011149
v 0.018098 0.050497 0.010190
v 0.019320 0.050210 0.010694
v 0.019336 0.050315 -0.010190
v 0.019320 0.050210 -0.010694
v 0.019272 0.049905 -0.011149
v 0.019197 0.049431 -0.011509
v 0.019103 0.048833 -0.011741
v 0.018999 0.048171 -0.011821
v 0.020185 0.047972 0.011821
v 0.020303 0.048632 0.011741
v 0.020409 0.049228 0.011509
v 0.020493 0.049701 0.011149
v 0.019336 0.050315 0.010190
v 0.020547 0.050004 0.010694
v 0.020566 0.050109 -0.010190
v 0.020547 0.050004 -0.010694
v 0.020493 0.049701 -0.011149
v 0.020409 0.049228 -0.011509
v 0.020303 0.048632 -0.011741
v 0.020185 0.047972 -0.011821
v 0.021363 0.047750 0.011821
v 0.021494 0.048407 0.011741
v 0.021613 0.049001 0.011509
v 0.021706 0.049472 0.011149
v 0.021787 0.049878 0.010190
v 0.020566 0.050109 0.010190
v 0.021787 0.049878 -0.010190
v 0.021767 0.049774 -0.010694
v 0.021706 0.049472 -0.011149
v 0.021613 0.049001 -0.011509
v 0.021494 0.048407 -0.011741
v 0.021363 0.047750 -0.011821
v 0.022532 0.047504 0.011821
v 0.022677 0.048159 0.011741
v 0.022808 0.048750 0.011509
v 0.021767 0.049774 0.010694
v 0.022911 0.049219 0.011149
v 0.022978 0.049520 0.010694
v 0.023001 0.049623 -0.010190
v 0.022978 0.049520 -0.010694
v 0.022911 0.049219 -0.011149
v 0.022808 0.048750 -0.011509
v 0.022677 0.048159 -0.011741
v 0.022532 0.047504 -0.011821
v 0.023693 0.047235 0.011821
v 0.023852 0.047887 0.011741
v 0.023995 0.048475 0.011509
v 0.024108 0.048941 0.011149
v 0.023001 0.049623 0.010190
v 0.024181 0.049241 0.010694
v 0.024206 0.049344 -0.010190
v 0.024181 0.049241 -0.010694
v 0.024108 0.048941 -0.011149
v 0.023995 0.048475 -0.011509
v 0.023852 0.047887 -0.011741
v 0.023693 0.047235 -0.011821
v 0.024836 0.046944 0.011821
v 0.025008 0.047592 0.011741
v 0.025164 0.048177 0.011509
v 0.025288 0.048641 0.011149
v 0.024206 0.049344 0.010190
v 0.025367 0.048939 0.010694
v 0.025395 0.049042 -0.010190
v 0.025367 0.048939 -0.010694
v 0.025288 0.048641 -0.011149
v 0.025164 0.048177 -0.011509
v 0.025008 0.047592 -0.011741
v 0.024836 0.046944 -0.011821
v 0.025949 0.046634 0.011821
v 0.026137 0.047278 0.011741
v 0.026306 0.047859 0.011509
v 0.026440 0.048320 0.011149
v 0.025395 0.049042 0.010190
v 0.026527 0.048616 0.010694
v 0.026556 0.048718 -0.010190
v 0.026527 0.048616 -0.010694
v 0.026440 0.048320 -0.011149
v 0.026306 0.047859 -0.011509
v 0.026137 0.047278 -0.011741
v 0.025949 0.046634 -0.011821
v 0.027033 0.046304 0.011821
v 0.027236 0.046943 0.011741
v 0.027420 0.047520 0.011509
v 0.027565 0.047978 0.011149
v 0.026556 0.048718 0.010190
v 0.027658 0.048272 0.010694
v 0.027690 0.048373 -0.010190
v 0.027658 0.048272 -0.010694
v 0.027565 0.047978 -0.011149
v 0.027420 0.047520 -0.011509
v 0.027236 0.046943 -0.011741
v 0.027033 0.046304 -0.011821
v 0.028088 0.045955 0.011821
v 0.028307 0.046589 0.011741
v 0.028505 0.047160 0.011509
v 0.028662 0.047614 0.011149
v 0.027690 0.048373 0.010190
v 0.028762 0.047906 0.010694
v 0.028797 0.048006 -0.010190
v 0.028762 0.047906 -0.010694
v 0.028662 0.047614 -0.011149
v 0.028505 0.047160 -0.011509
v 0.028307 0.046589 -0.011741
v 0.028088 0.045955 -0.011821
v 0.029115 0.045585 0.011821
v 0.029350 0.046213 0.011741
v 0.029562 0.046780 0.011509
v 0.029731 0.047230 0.011149
v 0.028797 0.048006 0.010190
v 0.029839 0.047518 0.010694
v 0.029876 0.047618 -0.010190
v 0.029839 0.047518 -0.010694
v 0.029731 0.047230 -0.011149
v 0.029562 0.046780 -0.011509
v 0.029350 0.046213 -0.011741
v 0.029115 0.045585 -0.011821
v 0.030112 0.045197 0.011821
v 0.030364 0.045818 0.011741
v 0.030592 0.046379 0.011509
v 0.030772 0.046824 0.011149
v 0.029876 0.047618 0.010190
v 0.030888 0.047109 0.010694
v 0.030928 0.047208 -0.010190
v 0.030888 0.047109 -0.010694
v 0.030772 0.046824 -0.011149
v 0.030592 0.046379 -0.011509
v 0.030364 0.045818 -0.011741
v 0.030112 0.045197 -0.011821
v 0.031080 0.044788 0.011821
v 0.031350 0.045402 0.011741
v 0.031593 0.045956 0.011509
v 0.031786 0.046396 0.011149
v 0.030928 0.047208 0.010190
v 0.031910 0.046678 0.010694
v 0.031952 0.046776 -0.010190
v 0.031910 0.046678 -0.010694
v 0.031786 0.046396 -0.011149
v 0.031593 0.045956 -0.011509
v 0.031350 0.045402 -0.011741
v 0.031080 0.044788 -0.011821
v 0.032019 0.044360 0.011821
v 0.032306 0.044966 0.011741
v 0.032566 0.045513 0.011509
v 0.032771 0.045947 0.011149
v 0.031952 0.046776 0.010190
v 0.032903 0.046225 0.010694
v 0.032949 0.046321 -0.010190
v 0.032903 0.046225 -0.010694
v 0.032771 0.045947 -0.011149
v 0.032566 0.045513 -0.011509
v 0.032306 0.044966 -0.011741
v 0.032019 0.044360 -0.011821
v 0.032929 0.043912 0.011821
v 0.033235 0.044509 0.011741
v 0.033510 0.045048 0.011509
v 0.033729 0.045476 0.011149
v 0.032949 0.046321 0.010190
v 0.033869 0.045750 0.010694
v 0.033917 0.045845 -0.010190
v 0.033869 0.045750 -0.010694
v 0.033729 0.045476 -0.011149
v 0.033510 0.045048 -0.011509
v 0.033235 0.044509 -0.011741
v 0.032929 0.043912 -0.011821
v 0.033811 0.043445 0.011821
v 0.034134 0.044032 0.011741
v 0.034426 0.044562 0.011509
v 0.034658 0.044983 0.011149
v 0.033917 0.045845 0.010190
v 0.034807 0.045253 0.010694
v 0.034858 0.045346 -0.010190
v 0.034807 0.045253 -0.010694
v 0.034658 0.044983 -0.011149
v 0.034426 0.044562 -0.011509
v 0.034134 0.044032 -0.011741
v 0.033811 0.043445 -0.011821
v 0.034663 0.042957 0.011821
v 0.035005 0.043534 0.011741
v 0.035314 0.044055 0.011509
v 0.035559 0.044468 0.011149
v 0.034858 0.045346 0.010190
v 0.035716 0.044733 0.010694
v 0.035770 0.044824 -0.010190
v 0.035716 0.044733 -0.010694
v 0.035559 0.044468 -0.011149
v 0.035314 0.044055 -0.011509
v 0.035005 0.043534 -0.011741
v 0.034663 0.042957 -0.011821
v 0.035486 0.042451 0.011821
v 0.036362 0.042699 0.011741
v 0.037152 0.042923 0.011509
v 0.037780 0.043100 0.011149
v 0.035770 0.044824 0.010190
v 0.038182 0.043214 0.010694
v 0.038321 0.043254 -0.010190
v 0.038182 0.043214 -0.010694
v 0.037780 0.043100 -0.011149
v 0.037152 0.042923 -0.011509
v 0.036362 0.042699 -0.011741
v 0.035486 0.042451 -0.011821
v 0.027400 0.026413 0.011821
v 0.027666 0.025452 0.011741
v 0.027906 0.024584 0.011509
v 0.028097 0.023896 0.011149
v 0.038321 0.043254 0.010190
v 0.028219 0.023454 0.010694
v 0.028262 0.023302 -0.010190
v 0.028219 0.023454 -0.010694
v 0.028097 0.023896 -0.011149
v 0.027906 0.024584 -0.011509
v 0.027666 0.025452 -0.011741
v 0.027400 0.026413 -0.011821
v 0.025865 0.026589 0.011741
v 0.025557 0.026068 0.011509
v 0.025312 0.025655 0.011149
v 0.025155 0.025389 0.010694
v 0.025101 0.025298 0.010190
v 0.028262 0.023302 0.010190
v 0.025101 0.025298 -0.010190
v 0.025155 0.025389 -0.010694
v 0.025312 0.025655 -0.011149
v 0.025557 0.026068 -0.011509
v 0.025865 0.026589 -0.011741
v 0.024963 0.027854 0.011821
v 0.026206 0.027166 0.011821
v 0.024655 0.027258 0.011741
v 0.024377 0.026720 0.011509
v 0.024157 0.026294 0.011149
v 0.024015 0.026020 0.010694
v 0.023966 0.025925 -0.010190
v 0.024015 0.026020 -0.010694
v 0.024157 0.026294 -0.011149
v 0.024377 0.026720 -0.011509
v 0.024655 0.027258 -0.011741
v 0.024963 0.027854 -0.011821
v 0.026206 0.027166 -0.011821
v 0.023668 0.028477 0.011821
v 0.023394 0.027864 0.011741
v 0.023147 0.027312 0.011509
v 0.022951 0.026873 0.011149
v 0.023966 0.025925 0.010190
v 0.022825 0.026592 0.010694
v 0.022782 0.026495 -0.010190
v 0.022825 0.026592 -0.010694
v 0.022951 0.026873 -0.011149
v 0.023147 0.027312 -0.011509
v 0.023394 0.027864 -0.011741
v 0.023668 0.028477 -0.011821
v 0.022323 0.029034 0.011821
v 0.022083 0.028407 0.011741
v 0.021867 0.027842 0.011509
v 0.021695 0.027393 0.011149
v 0.022782 0.026495 0.010190
v 0.021585 0.027105 0.010694
v 0.021547 0.027006 -0.010190
v 0.021585 0.027105 -0.010694
v 0.021695 0.027393 -0.011149
v 0.021867 0.027842 -0.011509
v 0.022083 0.028407 -0.011741
v 0.022323 0.029034 -0.011821
v 0.020928 0.029525 0.011821
v 0.020722 0.028886 0.011741
v 0.020536 0.028311 0.011509
v 0.020388 0.027854 0.011149
v 0.021547 0.027006 0.010190
v 0.020293 0.027560 0.010694
v 0.020260 0.027459 -0.010190
v 0.020293 0.027560 -0.010694
v 0.020388 0.027854 -0.011149
v 0.020536 0.028311 -0.011509
v 0.020722 0.028886 -0.011741
v 0.020928 0.029525 -0.011821
v 0.019482 0.029951 0.011821
v 0.019309 0.029303 0.011741
v 0.019152 0.028718 0.011509
v 0.019028 0.028254 0.011149
v 0.020260 0.027459 0.010190
v 0.018948 0.027956 0.010694
v 0.018921 0.027853 -0.010190
v 0.018948 0.027956 -0.010694
v 0.019028 0.028254 -0.011149
v 0.019152 0.028718 -0.011509
v 0.019309 0.029303 -0.011741
v 0.019482 0.029951 -0.011821
v 0.017985 0.030311 0.011821
v 0.017844 0.029655 0.011741
v 0.017717 0.029064 0.011509
v 0.017615 0.028594 0.011149
v 0.018921 0.027853 0.010190
v 0.017550 0.028293 0.010694
v 0.017528 0.028189 -0.010190
v 0.017550 0.028293 -0.010694
v 0.017615 0.028594 -0.011149
v 0.017717 0.029064 -0.011509
v 0.017844 0.029655 -0.011741
v 0.017985 0.030311 -0.011821
v 0.016438 0.030606 0.011821
v 0.016328 0.029944 0.011741
v 0.016228 0.029347 0.011509
v 0.016149 0.028874 0.011149
v 0.017528 0.028189 0.010190
v 0.016098 0.028569 0.010694
v 0.016081 0.028465 -0.010190
v 0.016098 0.028569 -0.010694
v 0.016149 0.028874 -0.011149
v 0.016228 0.029347 -0.011509
v 0.016328 0.029944 -0.011741
v 0.016438 0.030606 -0.011821
v 0.014841 0.030835 0.011821
v 0.014760 0.030169 0.011741
v 0.014687 0.029568 0.011509
v 0.014629 0.029092 0.011149
v 0.016081 0.028465 0.010190
v 0.014592 0.028786 0.010694
v 0.014579 0.028680 -0.010190
v 0.014592 0.028786 -0.010694
v 0.014629 0.029092 -0.011149
v 0.014687 0.029568 -0.011509
v 0.014760 0.030169 -0.011741
v 0.014841 0.030835 -0.011821
v 0.013193 0.030999 0.011821
v 0.013140 0.030330 0.011741
v 0.013093 0.029727 0.011509
v 0.013055 0.029248 0.011149
v 0.014579 0.028680 0.010190
v 0.013031 0.028941 0.010694
v 0.013023 0.028835 -0.010190
v 0.013031 0.028941 -0.010694
v 0.013055 0.029248 -0.011149
v 0.013093 0.029727 -0.011509
v 0.013140 0.030330 -0.011741
v 0.013193 0.030999 -0.011821
v 0.011494 0.031097 0.011821
v 0.011468 0.030427 0.011741
v 0.011445 0.029822 0.011509
v 0.011427 0.029342 0.011149
v 0.013023 0.028835 0.010190
v 0.011415 0.029034 0.010694
v 0.011411 0.028928 -0.010190
v 0.011415 0.029034 -0.010694
v 0.011427 0.029342 -0.011149
v 0.011445 0.029822 -0.011509
v 0.011468 0.030427 -0.011741
v 0.011494 0.031097 -0.011821
v 0.009747 0.030459 0.011741
v 0.009749 0.029854 0.011509
v 0.009750 0.029374 0.011149
v 0.009751 0.029065 0.010694
v 0.009751 0.028959 0.010190
v 0.011411 0.028928 0.010190
v 0.009751 0.028959 -0.010190
v 0.009751 0.029065 -0.010694
v 0.009750 0.029374 -0.011149
v 0.009749 0.029854 -0.011509
v 0.009747 0.030459 -0.011741
v 0.007814 0.030411 0.011741
v 0.009745 0.031130 0.011821
v 0.007845 0.029807 0.011509
v 0.007870 0.029327 0.011149
v 0.007885 0.029019 0.010694
v 0.007891 0.028913 0.010190
v 0.007891 0.028913 -0.010190
v 0.007885 0.029019 -0.010694
v 0.007870 0.029327 -0.011149
v 0.007845 0.029807 -0.011509
v 0.009745 0.031130 -0.011821
v 0.007814 0.030411 -0.011741
v 0.005955 0.030268 0.011741
v 0.007780 0.031081 0.011821
v 0.006018 0.029666 0.011509
v 0.006069 0.029188 0.011149
v 0.006101 0.028882 0.010694
v 0.006112 0.028776 0.010190
v 0.006112 0.028776 -0.010190
v 0.006101 0.028882 -0.010694
v 0.006069 0.029188 -0.011149
v 0.006018 0.029666 -0.011509
v 0.007780 0.031081 -0.011821
v 0.005955 0.030268 -0.011741
v 0.004167 0.030030 0.011741
v 0.005885 0.030935 0.011821
v 0.004265 0.029432 0.011509
v 0.004343 0.028958 0.011149
v 0.004392 0.028654 0.010694
v 0.004409 0.028549 0.010190
v 0.004409 0.028549 -0.010190
v 0.004392 0.028654 -0.010694
v 0.004343 0.028958 -0.011149
v 0.004265 0.029432 -0.011509
v 0.005885 0.030935 -0.011821
v 0.004167 0.030030 -0.011741
v 0.002451 0.029697 0.011741
v 0.004059 0.030692 0.011821
v 0.002584 0.029107 0.011509
v 0.002691 0.028638 0.011149
v 0.002759 0.028337 0.010694
v 0.002782 0.028234 0.010190
v 0.002782 0.028234 -0.010190
v 0.002759 0.028337 -0.010694
v 0.002691 0.028638 -0.011149
v 0.002584 0.029107 -0.011509
v 0.004059 0.030692 -0.011821
v 0.002451 0.029697 -0.011741
v 0.000805 0.029270 0.011741
v 0.002302 0.030351 0.011821
v 0.000976 0.028689 0.011509
v 0.001112 0.028228 0.011149
v 0.001199 0.027932 0.010694
v 0.001229 0.027830 0.010190
v 0.001229 0.027830 -0.010190
v 0.001199 0.027932 -0.010694
v 0.001112 0.028228 -0.011149
v 0.000976 0.028689 -0.011509
v 0.002302 0.030351 -0.011821
v 0.000805 0.029270 -0.011741
v -0.000771 0.028748 0.011741
v 0.000615 0.029913 0.011821
v -0.000561 0.028180 0.011509
v -0.000395 0.027730 0.011149
v -0.000288 0.027440 0.010694
v -0.000251 0.027341 0.010190
v -0.000251 0.027341 -0.010190
v -0.000288 0.027440 -0.010694
v -0.000395 0.027730 -0.011149
v -0.000561 0.028180 -0.011509
v 0.000615 0.029913 -0.011821
v -0.000771 0.028748 -0.011741
v -0.002277 0.028133 0.011741
v -0.001003 0.029378 0.011821
v -0.002028 0.027581 0.011509
v -0.001831 0.027143 0.011149
v -0.001704 0.026862 0.010694
v -0.001660 0.026765 0.010190
v -0.001660 0.026765 -0.010190
v -0.001704 0.026862 -0.010694
v -0.001831 0.027143 -0.011149
v -0.002028 0.027581 -0.011509
v -0.001003 0.029378 -0.011821
v -0.002277 0.028133 -0.011741
v -0.003713 0.027425 0.011741
v -0.002552 0.028745 0.011821
v -0.003426 0.026892 0.011509
v -0.003198 0.026469 0.011149
v -0.003052 0.026197 0.010694
v -0.003001 0.026104 0.010190
v -0.003001 0.026104 -0.010190
v -0.003052 0.026197 -0.010694
v -0.003198 0.026469 -0.011149
v -0.003426 0.026892 -0.011509
v -0.002552 0.028745 -0.011821
v -0.003713 0.027425 -0.011741
v -0.005082 0.026622 0.011741
v -0.004032 0.028015 0.011821
v -0.004756 0.026111 0.011509
v -0.004498 0.025706 0.011149
v -0.004333 0.025446 0.010694
v -0.004276 0.025356 0.010190
v -0.004276 0.025356 -0.010190
v -0.004333 0.025446 -0.010694
v -0.004498 0.025706 -0.011149
v -0.004756 0.026111 -0.011509
v -0.004032 0.028015 -0.011821
v -0.005082 0.026622 -0.011741
v -0.006382 0.025725 0.011741
v -0.005442 0.027188 0.011821
v -0.006021 0.025240 0.011509
v -0.005734 0.024854 0.011149
v -0.005549 0.024607 0.010694
v -0.005486 0.024522 0.010190
v -0.005486 0.024522 -0.010190
v -0.005549 0.024607 -0.010694
v -0.005734 0.024854 -0.011149
v -0.006021 0.025240 -0.011509
v -0.005442 0.027188 -0.011821
v -0.006382 0.025725 -0.011741
v -0.008055 0.025241 0.011821
v -0.006783 0.026263 0.011821
v -0.007616 0.024734 0.011741
v -0.007220 0.024276 0.011509
v -0.006906 0.023913 0.011149
v -0.006704 0.023679 0.010694
v -0.006634 0.023599 -0.010190
v -0.006704 0.023679 -0.010694
v -0.006906 0.023913 -0.011149
v -0.007220 0.024276 -0.011509
v -0.007616 0.024734 -0.011741
v -0.008055 0.025241 -0.011821
v -0.006783 0.026263 -0.011821
v -0.008783 0.023648 0.011741
v -0.008354 0.023220 0.011509
v -0.008014 0.022881 0.011149
v -0.007796 0.022663 0.010694
v -0.007720 0.022588 0.010190
v -0.006634 0.023599 0.010190
v -0.007720 0.022588 -0.010190
v -0.007796 0.022663 -0.010694
v -0.008014 0.022881 -0.011149
v -0.008354 0.023220 -0.011509
v -0.008783 0.023648 -0.011741
v -0.009872 0.022473 0.011741
v -0.009258 0.024122 0.011821
v -0.009412 0.022078 0.011509
v -0.009048 0.021765 0.011149
v -0.008814 0.021564 0.010694
v -0.008733 0.021495 0.010190
v -0.008733 0.021495 -0.010190
v -0.008814 0.021564 -0.010694
v -0.009048 0.021765 -0.011149
v -0.009412 0.022078 -0.011509
v -0.009258 0.024122 -0.011821
v -0.009872 0.022473 -0.011741
v -0.011414 0.021610 0.011821
v -0.010381 0.022910 0.011821
v -0.010873 0.021212 0.011741
v -0.010386 0.020853 0.011509
v -0.009999 0.020569 0.011149
v -0.009750 0.020386 0.010694
v -0.009665 0.020323 -0.010190
v -0.009750 0.020386 -0.010694
v -0.009999 0.020569 -0.011149
v -0.010386 0.020853 -0.011509
v -0.010873 0.021212 -0.011741
v -0.011414 0.021610 -0.011821
v -0.010381 0.022910 -0.011821
v -0.012357 0.020222 0.011821
v -0.011789 0.019865 0.011741
v -0.011276 0.019543 0.011509
v -0.010869 0.019288 0.011149
v -0.009665 0.020323 0.010190
v -0.010608 0.019124 0.010694
v -0.010518 0.019067 -0.010190
v -0.010608 0.019124 -0.010694
v -0.010869 0.019288 -0.011149
v -0.011276 0.019543 -0.011509
v -0.011789 0.019865 -0.011741
v -0.012357 0.020222 -0.011821
v -0.013211 0.018746 0.011821
v -0.012619 0.018431 0.011741
v -0.012084 0.018146 0.011509
v -0.011660 0.017920 0.011149
v -0.010518 0.019067 0.010190
v -0.011388 0.017775 0.010694
v -0.011294 0.017725 -0.010190
v -0.011388 0.017775 -0.010694
v -0.011660 0.017920 -0.011149
v -0.012084 0.018146 -0.011509
v -0.012619 0.018431 -0.011741
v -0.013211 0.018746 -0.011821
v -0.013975 0.017182 0.011821
v -0.013362 0.016908 0.011741
v -0.012810 0.016661 0.011509
v -0.012371 0.016465 0.011149
v -0.011294 0.017725 0.010190
v -0.012090 0.016339 0.010694
v -0.011993 0.016295 -0.010190
v -0.012090 0.016339 -0.010694
v -0.012371 0.016465 -0.011149
v -0.012810 0.016661 -0.011509
v -0.013362 0.016908 -0.011741
v -0.013975 0.017182 -0.011821
v -0.014649 0.015530 0.011821
v -0.014020 0.015297 0.011741
v -0.013452 0.015086 0.011509
v -0.013002 0.014919 0.011149
v -0.011993 0.016295 0.010190
v -0.012713 0.014811 0.010694
v -0.012613 0.014774 -0.010190
v -0.012713 0.014811 -0.010694
v -0.013002 0.014919 -0.011149
v -0.013452 0.015086 -0.011509
v -0.014020 0.015297 -0.011741
v -0.014649 0.015530 -0.011821
v -0.015233 0.013790 0.011821
v -0.014590 0.013596 0.011741
v -0.014011 0.013421 0.011509
v -0.013551 0.013282 0.011149
v -0.012613 0.014774 0.010190
v -0.013256 0.013192 0.010694
v -0.013154 0.013161 -0.010190
v -0.013256 0.013192 -0.010694
v -0.013551 0.013282 -0.011149
v -0.014011 0.013421 -0.011509
v -0.014590 0.013596 -0.011741
v -0.015233 0.013790 -0.011821
v -0.015727 0.011963 0.011821
v -0.015074 0.011806 0.011741
v -0.014486 0.011664 0.011509
v -0.014019 0.011552 0.011149
v -0.013154 0.013161 0.010190
v -0.013719 0.011480 0.010694
v -0.013616 0.011455 -0.010190
v -0.013719 0.011480 -0.010694
v -0.014019 0.011552 -0.011149
v -0.014486 0.011664 -0.011509
v -0.015074 0.011806 -0.011741
v -0.015727 0.011963 -0.011821
v -0.016131 0.010047 0.011821
v -0.015471 0.009926 0.011741
v -0.014876 0.009816 0.011509
v -0.014404 0.009729 0.011149
v -0.013616 0.011455 0.010190
v -0.014100 0.009674 0.010694
v -0.013996 0.009654 -0.010190
v -0.014100 0.009674 -0.010694
v -0.014404 0.009729 -0.011149
v -0.014876 0.009816 -0.011509
v -0.015471 0.009926 -0.011741
v -0.016131 0.010047 -0.011821
v -0.016445 0.008043 0.011821
v -0.015780 0.007955 0.011741
v -0.015180 0.007876 0.011509
v -0.014704 0.007813 0.011149
v -0.013996 0.009654 0.010190
v -0.014399 0.007773 0.010694
v -0.014293 0.007759 -0.010190
v -0.014399 0.007773 -0.010694
v -0.014704 0.007813 -0.011149
v -0.015180 0.007876 -0.011509
v -0.015780 0.007955 -0.011741
v -0.016445 0.008043 -0.011821
v -0.016670 0.005951 0.011821
v -0.016002 0.005895 0.011741
v -0.015399 0.005844 0.011509
v -0.014920 0.005803 0.011149
v -0.014293 0.007759 0.010190
v -0.014613 0.005777 0.010694
v -0.014507 0.005768 -0.010190
v -0.014613 0.005777 -0.010694
v -0.014920 0.005803 -0.011149
v -0.015399 0.005844 -0.011509
v -0.016002 0.005895 -0.011741
v -0.016670 0.005951 -0.011821
v -0.016032 0.005404 0.011741
v -0.015335 0.006876 0.011509
v -0.014782 0.008044 0.011149
v -0.014507 0.005768 0.010190
v -0.014426 0.008794 0.010694
v -0.014304 0.009053 -0.010190
v -0.014426 0.008794 -0.010694
v -0.014782 0.008044 -0.011149
v -0.015335 0.006876 -0.011509
v -0.016032 0.005404 -0.011741
v -0.015366 0.005106 0.011821
v -0.016805 0.003772 0.011821
v -0.015804 0.005615 0.011741
v -0.016512 0.006439 0.011149
v -0.016713 0.006672 0.010694
v -0.016782 0.006753 0.010190
v -0.014304 0.009053 0.010190
v -0.016782 0.006753 -0.010190
v -0.016713 0.006672 -0.010694
v -0.016512 0.006439 -0.011149
v -0.016199 0.006074 -0.011509
v -0.015366 0.005106 -0.011821
v -0.016805 0.003772 -0.011821
v -0.013836 0.006325 0.011821
v -0.016199 0.006074 0.011509
v -0.014234 0.006865 0.011741
v -0.014593 0.007353 0.011509
v -0.014878 0.007740 0.011149
v -0.015061 0.007988 0.010694
v -0.015124 0.008074 -0.010190
v -0.015061 0.007988 -0.010694
v -0.014878 0.007740 -0.011149
v -0.014593 0.007353 -0.011509
v -0.014234 0.006865 -0.011741
v -0.015804 0.005615 -0.011741
v -0.013836 0.006325 -0.011821
v -0.012571 0.007996 0.011741
v -0.012892 0.008509 0.011509
v -0.013147 0.008916 0.011149
v -0.013311 0.009178 0.010694
v -0.013367 0.009268 0.010190
v -0.015124 0.008074 0.010190
v -0.013367 0.009268 -0.010190
v -0.013311 0.009178 -0.010694
v -0.013147 0.008916 -0.011149
v -0.012892 0.008509 -0.011509
v -0.012571 0.007996 -0.011741
v -0.010814 0.009007 0.011741
v -0.012214 0.007427 0.011821
v -0.011097 0.009543 0.011509
v -0.011321 0.009967 0.011149
v -0.011465 0.010240 0.010694
v -0.011515 0.010334 0.010190
v -0.011515 0.010334 -0.010190
v -0.011465 0.010240 -0.010694
v -0.011321 0.009967 -0.011149
v -0.011097 0.009543 -0.011509
v -0.012214 0.007427 -0.011821
v -0.010814 0.009007 -0.011741
v -0.008965 0.009899 0.011741
v -0.010501 0.008414 0.011821
v -0.009209 0.010453 0.011509
v -0.009402 0.010893 0.011149
v -0.009526 0.011175 0.010694
v -0.009569 0.011272 0.010190
v -0.009569 0.011272 -0.010190
v -0.009526 0.011175 -0.010694
v -0.009402 0.010893 -0.011149
v -0.009209 0.010453 -0.011509
v -0.010501 0.008414 -0.011821
v -0.008965 0.009899 -0.011741
v -0.007025 0.010670 0.011741
v -0.008695 0.009284 0.011821
v -0.007229 0.011240 0.011509
v -0.007392 0.011692 0.011149
v -0.007496 0.011982 0.010694
v -0.007532 0.012082 0.010190
v -0.007532 0.012082 -0.010190
v -0.007496 0.011982 -0.010694
v -0.007392 0.011692 -0.011149
v -0.007229 0.011240 -0.011509
v -0.008695 0.009284 -0.011821
v -0.007025 0.010670 -0.011741
v -0.004994 0.011322 0.011741
v -0.006798 0.010038 0.011821
v -0.005160 0.011904 0.011509
v -0.005292 0.012366 0.011149
v -0.005377 0.012663 0.010694
v -0.005406 0.012765 0.010190
v -0.005406 0.012765 -0.010190
v -0.005377 0.012663 -0.010694
v -0.005292 0.012366 -0.011149
v -0.005160 0.011904 -0.011509
v -0.006798 0.010038 -0.011821
v -0.004994 0.011322 -0.011741
v -0.002872 0.011854 0.011741
v -0.004809 0.010677 0.011821
v -0.003002 0.012446 0.011509
v -0.003104 0.012915 0.011149
v -0.003170 0.013216 0.010694
v -0.003193 0.013320 0.010190
v -0.003193 0.013320 -0.010190
v -0.003170 0.013216 -0.010694
v -0.003104 0.012915 -0.011149
v -0.003002 0.012446 -0.011509
v -0.004809 0.010677 -0.011821
v -0.002872 0.011854 -0.011741
v -0.000661 0.012268 0.011741
v -0.002729 0.011199 0.011821
v -0.000755 0.012866 0.011509
v -0.000830 0.013340 0.011149
v -0.000878 0.013645 0.010694
v -0.000894 0.013750 0.010190
v -0.000894 0.013750 -0.010190
v -0.000878 0.013645 -0.010694
v -0.000830 0.013340 -0.011149
v -0.000755 0.012866 -0.011509
v -0.002729 0.011199 -0.011821
v -0.000661 0.012268 -0.011741
v 0.001640 0.012563 0.011741
v -0.000557 0.011605 0.011821
v 0.001579 0.013165 0.011509
v 0.001531 0.013643 0.011149
v 0.001500 0.013950 0.010694
v 0.001489 0.014055 0.010190
v 0.001489 0.014055 -0.010190
v 0.001500 0.013950 -0.010694
v 0.001531 0.013643 -0.011149
v 0.001579 0.013165 -0.011509
v -0.000557 0.011605 -0.011821
v 0.001640 0.012563 -0.011741
v 0.004030 0.012739 0.011741
v 0.001707 0.011895 0.011821
v 0.004001 0.013344 0.011509
v 0.003977 0.013824 0.011149
v 0.003962 0.014132 0.010694
v 0.003957 0.014238 0.010190
v 0.003957 0.014238 -0.010190
v 0.003962 0.014132 -0.010694
v 0.003977 0.013824 -0.011149
v 0.004001 0.013344 -0.011509
v 0.001707 0.011895 -0.011821
v 0.004030 0.012739 -0.011741
v 0.004063 0.012069 0.011821
v 0.004063 0.012069 -0.011821
v 0.003181 -0.031650 0.011741
v 0.002063 -0.032347 0.011821
v 0.002062 -0.031676 0.011741
v 0.003153 -0.031046 0.011509
v 0.002062 -0.031071 0.011509
v 0.003131 -0.030566 0.011149
v 0.002062 -0.030590 0.011149
v 0.003116 -0.030258 0.010694
v 0.002062 -0.030282 0.010694
v 0.003111 -0.030152 0.010190
v 0.002062 -0.030176 0.010190
v 0.003111 -0.030152 -0.010190
v 0.002062 -0.030176 -0.010190
v 0.002062 -0.030282 -0.010694
v 0.002062 -0.030590 -0.011149
v 0.003116 -0.030258 -0.010694
v 0.002062 -0.031071 -0.011509
v 0.003131 -0.030566 -0.011149
v 0.002062 -0.031676 -0.011741
v 0.003153 -0.031046 -0.011509
v 0.002063 -0.032347 -0.011821
v 0.003181 -0.031650 -0.011741
v 0.004262 -0.031574 0.011741
v 0.003213 -0.032320 0.011821
v 0.004204 -0.030972 0.011509
v 0.004158 -0.030493 0.011149
v 0.004128 -0.030187 0.010694
v 0.004118 -0.030081 0.010190
v 0.004118 -0.030081 -0.010190
v 0.004128 -0.030187 -0.010694
v 0.004158 -0.030493 -0.011149
v 0.004204 -0.030972 -0.011509
v 0.003213 -0.032320 -0.011821
v 0.004262 -0.031574 -0.011741
v 0.005304 -0.031447 0.011741
v 0.004326 -0.032242 0.011821
v 0.005215 -0.030849 0.011509
v 0.005144 -0.030373 0.011149
v 0.005099 -0.030068 0.010694
v 0.005083 -0.029963 0.010190
v 0.005083 -0.029963 -0.010190
v 0.005099 -0.030068 -0.010694
v 0.005144 -0.030373 -0.011149
v 0.005215 -0.030849 -0.011509
v 0.004326 -0.032242 -0.011821
v 0.005304 -0.031447 -0.011741
v 0.006308 -0.031270 0.011741
v 0.005403 -0.032111 0.011821
v 0.006186 -0.030677 0.011509
v 0.006089 -0.030207 0.011149
v 0.006027 -0.029905 0.010694
v 0.006006 -0.029801 0.010190
v 0.006006 -0.029801 -0.010190
v 0.006027 -0.029905 -0.010694
v 0.006089 -0.030207 -0.011149
v 0.006186 -0.030677 -0.011509
v 0.005403 -0.032111 -0.011821
v 0.006308 -0.031270 -0.011741
v 0.007274 -0.031043 0.011741
v 0.006443 -0.031927 0.011821
v 0.007118 -0.030458 0.011509
v 0.006995 -0.029994 0.011149
v 0.006915 -0.029696 0.010694
v 0.006888 -0.029593 0.010190
v 0.006888 -0.029593 -0.010190
v 0.006915 -0.029696 -0.010694
v 0.006995 -0.029994 -0.011149
v 0.007118 -0.030458 -0.011509
v 0.006443 -0.031927 -0.011821
v 0.007274 -0.031043 -0.011741
v 0.008203 -0.030766 0.011741
v 0.007447 -0.031692 0.011821
v 0.008012 -0.030192 0.011509
v 0.007861 -0.029736 0.011149
v 0.007764 -0.029443 0.010694
v 0.007730 -0.029342 0.010190
v 0.007730 -0.029342 -0.010190
v 0.007764 -0.029443 -0.010694
v 0.007861 -0.029736 -0.011149
v 0.008012 -0.030192 -0.011509
v 0.007447 -0.031692 -0.011821
v 0.008203 -0.030766 -0.011741
v 0.009094 -0.030440 0.011741
v 0.008414 -0.031403 0.011821
v 0.008868 -0.029878 0.011509
v 0.008689 -0.029433 0.011149
v 0.008574 -0.029147 0.010694
v 0.008534 -0.029048 0.010190
v 0.008534 -0.029048 -0.010190
v 0.008574 -0.029147 -0.010694
v 0.008689 -0.029433 -0.011149
v 0.008868 -0.029878 -0.011509
v 0.008414 -0.031403 -0.011821
v 0.009094 -0.030440 -0.011741
v 0.009949 -0.030064 0.011741
v 0.009345 -0.031063 0.011821
v 0.009688 -0.029518 0.011509
v 0.009480 -0.029085 0.011149
v 0.009347 -0.028807 0.010694
v 0.009301 -0.028711 0.010190
v 0.009301 -0.028711 -0.010190
v 0.009347 -0.028807 -0.010694
v 0.009480 -0.029085 -0.011149
v 0.009688 -0.029518 -0.011509
v 0.009345 -0.031063 -0.011821
v 0.009949 -0.030064 -0.011741
v 0.010768 -0.029639 0.011741
v 0.010239 -0.030670 0.011821
v 0.010471 -0.029111 0.011509
v 0.010236 -0.028693 0.011149
v 0.010085 -0.028424 0.010694
v 0.010033 -0.028331 0.010190
v 0.010033 -0.028331 -0.010190
v 0.010085 -0.028424 -0.010694
v 0.010236 -0.028693 -0.011149
v 0.010471 -0.029111 -0.011509
v 0.010239 -0.030670 -0.011821
v 0.010768 -0.029639 -0.011741
v 0.011551 -0.029164 0.011741
v 0.011097 -0.030224 0.011821
v 0.011220 -0.028657 0.011509
v 0.010958 -0.028255 0.011149
v 0.010789 -0.027997 0.010694
v 0.010731 -0.027908 0.010190
v 0.010731 -0.027908 -0.010190
v 0.010789 -0.027997 -0.010694
v 0.010958 -0.028255 -0.011149
v 0.011220 -0.028657 -0.011509
v 0.011097 -0.030224 -0.011821
v 0.011551 -0.029164 -0.011741
v 0.012703 -0.029176 0.011821
v 0.011918 -0.029726 0.011821
v 0.012299 -0.028640 0.011741
v 0.011936 -0.028156 0.011509
v 0.011647 -0.027772 0.011149
v 0.011461 -0.027525 0.010694
v 0.011397 -0.027440 -0.010190
v 0.011461 -0.027525 -0.010694
v 0.011647 -0.027772 -0.011149
v 0.011936 -0.028156 -0.011509
v 0.012299 -0.028640 -0.011741
v 0.012703 -0.029176 -0.011821
v 0.011918 -0.029726 -0.011821
v 0.013012 -0.028065 0.011741
v 0.012617 -0.027607 0.011509
v 0.012302 -0.027244 0.011149
v 0.012101 -0.027010 0.010694
v 0.012031 -0.026930 0.010190
v 0.011397 -0.027440 0.010190
v 0.012031 -0.026930 -0.010190
v 0.012101 -0.027010 -0.010694
v 0.012302 -0.027244 -0.011149
v 0.012617 -0.027607 -0.011509
v 0.013012 -0.028065 -0.011741
v 0.013677 -0.027450 0.011741
v 0.013451 -0.028573 0.011821
v 0.013249 -0.027021 0.011509
v 0.012910 -0.026681 0.011149
v 0.012693 -0.026462 0.010694
v 0.012618 -0.026387 0.010190
v 0.012618 -0.026387 -0.010190
v 0.012693 -0.026462 -0.010694
v 0.012910 -0.026681 -0.011149
v 0.013249 -0.027021 -0.011509
v 0.013451 -0.028573 -0.011821
v 0.013677 -0.027450 -0.011741
v 0.014281 -0.026802 0.011741
v 0.014151 -0.027925 0.011821
v 0.013823 -0.026406 0.011509
v 0.013460 -0.026092 0.011149
v 0.013226 -0.025890 0.010694
v 0.013146 -0.025820 0.010190
v 0.013146 -0.025820 -0.010190
v 0.013226 -0.025890 -0.010694
v 0.013460 -0.026092 -0.011149
v 0.013823 -0.026406 -0.011509
v 0.014151 -0.027925 -0.011821
v 0.014281 -0.026802 -0.011741
v 0.014827 -0.026119 0.011741
v 0.014789 -0.027240 0.011821
v 0.014340 -0.025759 0.011509
v 0.013954 -0.025474 0.011149
v 0.013706 -0.025291 0.010694
v 0.013620 -0.025228 0.010190
v 0.013620 -0.025228 -0.010190
v 0.013706 -0.025291 -0.010694
v 0.013954 -0.025474 -0.011149
v 0.014340 -0.025759 -0.011509
v 0.014789 -0.027240 -0.011821
v 0.014827 -0.026119 -0.011741
v 0.015315 -0.025402 0.011741
v 0.015367 -0.026518 0.011821
v 0.014802 -0.025081 0.011509
v 0.014394 -0.024827 0.011149
v 0.014133 -0.024663 0.010694
v 0.014042 -0.024607 0.010190
v 0.014042 -0.024607 -0.010190
v 0.014133 -0.024663 -0.010694
v 0.014394 -0.024827 -0.011149
v 0.014802 -0.025081 -0.011509
v 0.015367 -0.026518 -0.011821
v 0.015315 -0.025402 -0.011741
v 0.016341 -0.024961 0.011821
v 0.015884 -0.025758 0.011821
v 0.015746 -0.024650 0.011741
v 0.015209 -0.024370 0.011509
v 0.014783 -0.024147 0.011149
v 0.014509 -0.024005 0.010694
v 0.014415 -0.023956 -0.010190
v 0.014509 -0.024005 -0.010694
v 0.014783 -0.024147 -0.011149
v 0.015209 -0.024370 -0.011509
v 0.015746 -0.024650 -0.011741
v 0.016341 -0.024961 -0.011821
v 0.015884 -0.025758 -0.011821
v 0.016736 -0.024126 0.011821
v 0.016119 -0.023862 0.011741
v 0.015562 -0.023623 0.011509
v 0.015121 -0.023434 0.011149
v 0.014415 -0.023956 0.010190
v 0.014837 -0.023313 0.010694
v 0.014739 -0.023271 -0.010190
v 0.014837 -0.023313 -0.010694
v 0.015121 -0.023434 -0.011149
v 0.015562 -0.023623 -0.011509
v 0.016119 -0.023862 -0.011741
v 0.016736 -0.024126 -0.011821
v 0.017071 -0.023253 0.011821
v 0.016435 -0.023036 0.011741
v 0.015863 -0.022841 0.011509
v 0.015408 -0.022685 0.011149
v 0.014739 -0.023271 0.010190
v 0.015116 -0.022585 0.010694
v 0.015015 -0.022551 -0.010190
v 0.015116 -0.022585 -0.010694
v 0.015408 -0.022685 -0.011149
v 0.015863 -0.022841 -0.011509
v 0.016435 -0.023036 -0.011741
v 0.017071 -0.023253 -0.011821
v 0.017344 -0.022344 0.011821
v 0.016695 -0.022173 0.011741
v 0.016110 -0.022020 0.011509
v 0.015645 -0.021898 0.011149
v 0.015015 -0.022551 0.010190
v 0.015347 -0.021819 0.010694
v 0.015244 -0.021792 -0.010190
v 0.015347 -0.021819 -0.010694
v 0.015645 -0.021898 -0.011149
v 0.016110 -0.022020 -0.011509
v 0.016695 -0.022173 -0.011741
v 0.017344 -0.022344 -0.011821
v 0.017557 -0.021397 0.011821
v 0.016898 -0.021272 0.011741
v 0.016303 -0.021159 0.011509
v 0.015831 -0.021070 0.011149
v 0.015244 -0.021792 0.010190
v 0.015528 -0.021012 0.010694
v 0.015424 -0.020992 -0.010190
v 0.015528 -0.021012 -0.010694
v 0.015831 -0.021070 -0.011149
v 0.016303 -0.021159 -0.011509
v 0.016898 -0.021272 -0.011741
v 0.017557 -0.021397 -0.011821
v 0.017709 -0.020412 0.011821
v 0.017043 -0.020331 0.011741
v 0.016442 -0.020258 0.011509
v 0.015965 -0.020200 0.011149
v 0.015424 -0.020992 0.010190
v 0.015659 -0.020162 0.010694
v 0.015554 -0.020150 -0.010190
v 0.015659 -0.020162 -0.010694
v 0.015965 -0.020200 -0.011149
v 0.016442 -0.020258 -0.011509
v 0.017043 -0.020331 -0.011741
v 0.017709 -0.020412 -0.011821
v 0.017801 -0.019390 0.011821
v 0.017131 -0.019351 0.011741
v 0.016526 -0.019315 0.011509
v 0.016047 -0.019287 0.011149
v 0.015554 -0.020150 0.010190
v 0.015739 -0.019269 0.010694
v 0.015633 -0.019262 -0.010190
v 0.015739 -0.019269 -0.010694
v 0.016047 -0.019287 -0.011149
v 0.016526 -0.019315 -0.011509
v 0.017131 -0.019351 -0.011741
v 0.017801 -0.019390 -0.011821
v 0.017831 -0.018331 0.011821
v 0.017160 -0.018331 0.011741
v 0.016555 -0.018331 0.011509
v 0.016074 -0.018331 0.011149
v 0.015633 -0.019262 0.010190
v 0.015766 -0.018331 0.010694
v 0.015660 -0.018331 -0.010190
v 0.015766 -0.018331 -0.010694
v 0.016074 -0.018331 -0.011149
v 0.016555 -0.018331 -0.011509
v 0.017160 -0.018331 -0.011741
v 0.017831 -0.018331 -0.011821
v 0.017131 -0.017310 0.011741
v 0.016526 -0.017346 0.011509
v 0.016047 -0.017374 0.011149
v 0.015739 -0.017392 0.010694
v 0.015633 -0.017398 0.010190
v 0.015660 -0.018331 0.010190
v 0.015633 -0.017398 -0.010190
v 0.015739 -0.017392 -0.010694
v 0.016047 -0.017374 -0.011149
v 0.016526 -0.017346 -0.011509
v 0.017131 -0.017310 -0.011741
v 0.017043 -0.016328 0.011741
v 0.017801 -0.017271 0.011821
v 0.016442 -0.016401 0.011509
v 0.015965 -0.016459 0.011149
v 0.015659 -0.016496 0.010694
v 0.015554 -0.016509 0.010190
v 0.015554 -0.016509 -0.010190
v 0.015659 -0.016496 -0.010694
v 0.015965 -0.016459 -0.011149
v 0.016442 -0.016401 -0.011509
v 0.017801 -0.017271 -0.011821
v 0.017043 -0.016328 -0.011741
v 0.016898 -0.015385 0.011741
v 0.017709 -0.016247 0.011821
v 0.016303 -0.015497 0.011509
v 0.015831 -0.015586 0.011149
v 0.015528 -0.015644 0.010694
v 0.015423 -0.015663 0.010190
v 0.015423 -0.015663 -0.010190
v 0.015528 -0.015644 -0.010694
v 0.015831 -0.015586 -0.011149
v 0.016303 -0.015497 -0.011509
v 0.017709 -0.016247 -0.011821
v 0.016898 -0.015385 -0.011741
v 0.016695 -0.014480 0.011741
v 0.017557 -0.015260 0.011821
v 0.016109 -0.014633 0.011509
v 0.015644 -0.014754 0.011149
v 0.015346 -0.014832 0.010694
v 0.015243 -0.014859 0.010190
v 0.015243 -0.014859 -0.010190
v 0.015346 -0.014832 -0.010694
v 0.015644 -0.014754 -0.011149
v 0.016109 -0.014633 -0.011509
v 0.017557 -0.015260 -0.011821
v 0.016695 -0.014480 -0.011741
v 0.016435 -0.013612 0.011741
v 0.017344 -0.014310 0.011821
v 0.015862 -0.013807 0.011509
v 0.015407 -0.013962 0.011149
v 0.015115 -0.014061 0.010694
v 0.015014 -0.014095 0.010190
v 0.015014 -0.014095 -0.010190
v 0.015115 -0.014061 -0.010694
v 0.015407 -0.013962 -0.011149
v 0.015862 -0.013807 -0.011509
v 0.017344 -0.014310 -0.011821
v 0.016435 -0.013612 -0.011741
v 0.016118 -0.012781 0.011741
v 0.017071 -0.013396 0.011821
v 0.015561 -0.013018 0.011509
v 0.015119 -0.013206 0.011149
v 0.014835 -0.013327 0.010694
v 0.014737 -0.013368 0.010190
v 0.014737 -0.013368 -0.010190
v 0.014835 -0.013327 -0.010694
v 0.015119 -0.013206 -0.011149
v 0.015561 -0.013018 -0.011509
v 0.017071 -0.013396 -0.011821
v 0.016118 -0.012781 -0.011741
v 0.015745 -0.011986 0.011741
v 0.016736 -0.012519 0.011821
v 0.015207 -0.012265 0.011509
v 0.014780 -0.012486 0.011149
v 0.014506 -0.012627 0.010694
v 0.014412 -0.012676 0.010190
v 0.014412 -0.012676 -0.010190
v 0.014506 -0.012627 -0.010694
v 0.014780 -0.012486 -0.011149
v 0.015207 -0.012265 -0.011509
v 0.016736 -0.012519 -0.011821
v 0.015745 -0.011986 -0.011741
v 0.015314 -0.011227 0.011741
v 0.016341 -0.011678 0.011821
v 0.014799 -0.011545 0.011509
v 0.014390 -0.011798 0.011149
v 0.014128 -0.011961 0.010694
v 0.014038 -0.012016 0.010190
v 0.014038 -0.012016 -0.010190
v 0.014128 -0.011961 -0.010694
v 0.014390 -0.011798 -0.011149
v 0.014799 -0.011545 -0.011509
v 0.016341 -0.011678 -0.011821
v 0.015314 -0.011227 -0.011741
v 0.015367 -0.010105 0.011821
v 0.015884 -0.010873 0.011821
v 0.014825 -0.010501 0.011741
v 0.014336 -0.010858 0.011509
v 0.013948 -0.011142 0.011149
v 0.013699 -0.011323 0.010694
v 0.013613 -0.011386 -0.010190
v 0.013699 -0.011323 -0.010694
v 0.013948 -0.011142 -0.011149
v 0.014336 -0.010858 -0.011509
v 0.014825 -0.010501 -0.011741
v 0.015367 -0.010105 -0.011821
v 0.015884 -0.010873 -0.011821
v 0.014789 -0.009374 0.011821
v 0.014279 -0.009809 0.011741
v 0.013818 -0.010202 0.011509
v 0.013452 -0.010514 0.011149
v 0.013613 -0.011386 0.010190
v 0.013217 -0.010714 0.010694
v 0.013137 -0.010783 -0.010190
v 0.013217 -0.010714 -0.010694
v 0.013452 -0.010514 -0.011149
v 0.013818 -0.010202 -0.011509
v 0.014279 -0.009809 -0.011741
v 0.014789 -0.009374 -0.011821
v 0.014151 -0.008679 0.011821
v 0.013673 -0.009151 0.011741
v 0.013243 -0.009576 0.011509
v 0.012901 -0.009914 0.011149
v 0.013137 -0.010783 0.010190
v 0.012681 -0.010131 0.010694
v 0.012606 -0.010206 -0.010190
v 0.012681 -0.010131 -0.010694
v 0.012901 -0.009914 -0.011149
v 0.013243 -0.009576 -0.011509
v 0.013673 -0.009151 -0.011741
v 0.014151 -0.008679 -0.011821
v 0.013451 -0.008021 0.011821
v 0.013008 -0.008525 0.011741
v 0.012609 -0.008980 0.011509
v 0.012292 -0.009341 0.011149
v 0.012606 -0.010206 0.010190
v 0.012089 -0.009573 0.010694
v 0.012019 -0.009653 -0.010190
v 0.012089 -0.009573 -0.010694
v 0.012292 -0.009341 -0.011149
v 0.012609 -0.008980 -0.011509
v 0.013008 -0.008525 -0.011741
v 0.013451 -0.008021 -0.011821
v 0.012701 -0.007407 0.011821
v 0.012294 -0.007941 0.011741
v 0.011927 -0.008423 0.011509
v 0.011636 -0.008805 0.011149
v 0.012019 -0.009653 0.010190
v 0.011449 -0.009050 0.010694
v 0.011385 -0.009135 -0.010190
v 0.011449 -0.009050 -0.010694
v 0.011636 -0.008805 -0.011149
v 0.011927 -0.008423 -0.011509
v 0.012294 -0.007941 -0.011741
v 0.012701 -0.007407 -0.011821
v 0.011910 -0.006847 0.011821
v 0.011541 -0.007408 0.011741
v 0.011209 -0.007913 0.011509
v 0.010944 -0.008315 0.011149
v 0.011385 -0.009135 0.010190
v 0.010775 -0.008572 0.010694
v 0.010716 -0.008661 -0.010190
v 0.010775 -0.008572 -0.010694
v 0.010944 -0.008315 -0.011149
v 0.011209 -0.007913 -0.011509
v 0.011541 -0.007408 -0.011741
v 0.011910 -0.006847 -0.011821
v 0.011080 -0.006340 0.011821
v 0.010750 -0.006925 0.011741
v 0.010452 -0.007452 0.011509
v 0.010216 -0.007870 0.011149
v 0.010716 -0.008661 0.010190
v 0.010064 -0.008139 0.010694
v 0.010012 -0.008231 -0.010190
v 0.010064 -0.008139 -0.010694
v 0.010216 -0.007870 -0.011149
v 0.010452 -0.007452 -0.011509
v 0.010750 -0.006925 -0.011741
v 0.011080 -0.006340 -0.011821
v 0.010209 -0.005887 0.011821
v 0.009919 -0.006492 0.011741
v 0.009657 -0.007038 0.011509
v 0.009450 -0.007471 0.011149
v 0.010012 -0.008231 0.010190
v 0.009316 -0.007749 0.010694
v 0.009270 -0.007845 -0.010190
v 0.009316 -0.007749 -0.010694
v 0.009450 -0.007471 -0.011149
v 0.009657 -0.007038 -0.011509
v 0.009919 -0.006492 -0.011741
v 0.010209 -0.005887 -0.011821
v 0.009298 -0.005487 0.011821
v 0.009048 -0.006109 0.011741
v 0.008823 -0.006671 0.011509
v 0.008644 -0.007117 0.011149
v 0.009270 -0.007845 0.010190
v 0.008529 -0.007403 0.010694
v 0.008489 -0.007502 -0.010190
v 0.008529 -0.007403 -0.010694
v 0.008644 -0.007117 -0.011149
v 0.008823 -0.006671 -0.011509
v 0.009048 -0.006109 -0.011741
v 0.009298 -0.005487 -0.011821
v 0.008347 -0.005140 0.011821
v 0.008136 -0.005777 0.011741
v 0.007947 -0.006352 0.011509
v 0.007796 -0.006808 0.011149
v 0.008489 -0.007502 0.010190
v 0.007700 -0.007101 0.010694
v 0.007666 -0.007202 -0.010190
v 0.007700 -0.007101 -0.010694
v 0.007796 -0.006808 -0.011149
v 0.007947 -0.006352 -0.011509
v 0.008136 -0.005777 -0.011741
v 0.008347 -0.005140 -0.011821
v 0.007355 -0.004847 0.011821
v 0.007184 -0.005495 0.011741
v 0.007029 -0.006081 0.011509
v 0.006907 -0.006545 0.011149
v 0.007666 -0.007202 0.010190
v 0.006828 -0.006843 0.010694
v 0.006801 -0.006946 -0.010190
v 0.006828 -0.006843 -0.010694
v 0.006907 -0.006545 -0.011149
v 0.007029 -0.006081 -0.011509
v 0.007184 -0.005495 -0.011741
v 0.007355 -0.004847 -0.011821
v 0.006323 -0.004607 0.011821
v 0.006189 -0.005264 0.011741
v 0.006069 -0.005857 0.011509
v 0.005973 -0.006328 0.011149
v 0.006801 -0.006946 0.010190
v 0.005912 -0.006630 0.010694
v 0.005891 -0.006734 -0.010190
v 0.005912 -0.006630 -0.010694
v 0.005973 -0.006328 -0.011149
v 0.006069 -0.005857 -0.011509
v 0.006189 -0.005264 -0.011741
v 0.006323 -0.004607 -0.011821
v 0.005251 -0.004420 0.011821
v 0.005154 -0.005084 0.011741
v 0.005066 -0.005682 0.011509
v 0.004996 -0.006158 0.011149
v 0.005891 -0.006734 0.010190
v 0.004951 -0.006463 0.010694
v 0.004935 -0.006568 0.010190
v 0.004951 -0.006463 -0.010694
v 0.004996 -0.006158 -0.011149
v 0.005066 -0.005682 -0.011509
v 0.005154 -0.005084 -0.011741
v 0.005251 -0.004420 -0.011821
v 0.004139 -0.004286 0.011821
v 0.004076 -0.004954 0.011741
v 0.004019 -0.005557 0.011509
v 0.003973 -0.006035 0.011149
v 0.003944 -0.006342 0.010694
v 0.003934 -0.006448 -0.010190
v 0.004935 -0.006568 -0.010190
v 0.003944 -0.006342 -0.010694
v 0.003973 -0.006035 -0.011149
v 0.004019 -0.005557 -0.011509
v 0.004076 -0.004954 -0.011741
v 0.004139 -0.004286 -0.011821
v 0.002986 -0.004206 0.011821
v 0.002955 -0.004877 0.011741
v 0.002928 -0.005481 0.011509
v 0.002906 -0.005961 0.011149
v 0.003934 -0.006448 0.010190
v 0.002892 -0.006269 0.010694
v 0.002887 -0.006375 -0.010190
v 0.002892 -0.006269 -0.010694
v 0.002906 -0.005961 -0.011149
v 0.002928 -0.005481 -0.011509
v 0.002955 -0.004877 -0.011741
v 0.002986 -0.004206 -0.011821
v 0.001793 -0.004180 0.011821
v 0.001794 -0.004851 0.011741
v 0.001794 -0.005456 0.011509
v 0.001794 -0.005936 0.011149
v 0.002887 -0.006375 0.010190
v 0.001795 -0.006244 0.010694
v 0.001795 -0.006351 -0.010190
v 0.001795 -0.006244 -0.010694
v 0.001794 -0.005936 -0.011149
v 0.001794 -0.005456 -0.011509
v 0.001794 -0.004851 -0.011741
v 0.001793 -0.004180 -0.011821
v 0.000653 -0.004877 0.011741
v 0.000682 -0.005482 0.011509
v 0.000705 -0.005962 0.011149
v 0.000720 -0.006270 0.010694
v 0.000725 -0.006376 0.010190
v 0.001795 -0.006351 0.010190
v 0.000725 -0.006376 -0.010190
v 0.000720 -0.006270 -0.010694
v 0.000705 -0.005962 -0.011149
v 0.000682 -0.005482 -0.011509
v 0.000653 -0.004877 -0.011741
v -0.000450 -0.004958 0.011741
v 0.000621 -0.004207 0.011821
v -0.000391 -0.005560 0.011509
v -0.000343 -0.006038 0.011149
v -0.000313 -0.006345 0.010694
v -0.000303 -0.006451 0.010190
v -0.000303 -0.006451 -0.010190
v -0.000313 -0.006345 -0.010694
v -0.000343 -0.006038 -0.011149
v -0.000391 -0.005560 -0.011509
v 0.000621 -0.004207 -0.011821
v -0.000450 -0.004958 -0.011741
v -0.001516 -0.005091 0.011741
v -0.000516 -0.004290 0.011821
v -0.001425 -0.005690 0.011509
v -0.001352 -0.006164 0.011149
v -0.001305 -0.006469 0.010694
v -0.001289 -0.006574 0.010190
v -0.001289 -0.006574 -0.010190
v -0.001305 -0.006469 -0.010694
v -0.001352 -0.006164 -0.011149
v -0.001425 -0.005690 -0.011509
v -0.000516 -0.004290 -0.011821
v -0.001516 -0.005091 -0.011741
v -0.002545 -0.005278 0.011741
v -0.001618 -0.004428 0.011821
v -0.002420 -0.005870 0.011509
v -0.002321 -0.006340 0.011149
v -0.002258 -0.006642 0.010694
v -0.002236 -0.006746 0.010190
v -0.002236 -0.006746 -0.010190
v -0.002258 -0.006642 -0.010694
v -0.002321 -0.006340 -0.011149
v -0.002420 -0.005870 -0.011509
v -0.001618 -0.004428 -0.011821
v -0.002545 -0.005278 -0.011741
v -0.003538 -0.005517 0.011741
v -0.002684 -0.004621 0.011821
v -0.003378 -0.006101 0.011509
v -0.003252 -0.006565 0.011149
v -0.003171 -0.006862 0.010694
v -0.003143 -0.006965 0.010190
v -0.003143 -0.006965 -0.010190
v -0.003171 -0.006862 -0.010694
v -0.003252 -0.006565 -0.011149
v -0.003378 -0.006101 -0.011509
v -0.002684 -0.004621 -0.011821
v -0.003538 -0.005517 -0.011741
v -0.004494 -0.005809 0.011741
v -0.003714 -0.004870 0.011821
v -0.004299 -0.006382 0.011509
v -0.004145 -0.006837 0.011149
v -0.004046 -0.007129 0.010694
v -0.004012 -0.007230 0.010190
v -0.004012 -0.007230 -0.010190
v -0.004046 -0.007129 -0.010694
v -0.004145 -0.006837 -0.011149
v -0.004299 -0.006382 -0.011509
v -0.003714 -0.004870 -0.011821
v -0.004494 -0.005809 -0.011741
v -0.005414 -0.006153 0.011741
v -0.004709 -0.005174 0.011821
v -0.005184 -0.006713 0.011509
v -0.005001 -0.007158 0.011149
v -0.004884 -0.007443 0.010694
v -0.004844 -0.007541 0.010190
v -0.004844 -0.007541 -0.010190
v -0.004884 -0.007443 -0.010694
v -0.005001 -0.007158 -0.011149
v -0.005184 -0.006713 -0.011509
v -0.004709 -0.005174 -0.011821
v -0.005414 -0.006153 -0.011741
v -0.006298 -0.006550 0.011741
v -0.005669 -0.005533 0.011821
v -0.006033 -0.007094 0.011509
v -0.005822 -0.007526 0.011149
v -0.005687 -0.007803 0.010694
v -0.005640 -0.007898 0.010190
v -0.005640 -0.007898 -0.010190
v -0.005687 -0.007803 -0.010694
v -0.005822 -0.007526 -0.011149
v -0.006033 -0.007094 -0.011509
v -0.005669 -0.005533 -0.011821
v -0.006298 -0.006550 -0.011741
v -0.007148 -0.006999 0.011741
v -0.006592 -0.005947 0.011821
v -0.006848 -0.007524 0.011509
v -0.006609 -0.007942 0.011149
v -0.006456 -0.008209 0.010694
v -0.006404 -0.008302 0.010190
v -0.006404 -0.008302 -0.010190
v -0.006456 -0.008209 -0.010694
v -0.006609 -0.007942 -0.011149
v -0.006848 -0.007524 -0.011509
v -0.006592 -0.005947 -0.011821
v -0.007148 -0.006999 -0.011741
v -0.007963 -0.007500 0.011741
v -0.007480 -0.006416 0.011821
v -0.007629 -0.008005 0.011509
v -0.007364 -0.008406 0.011149
v -0.007194 -0.008663 0.010694
v -0.007135 -0.008752 0.010190
v -0.007135 -0.008752 -0.010190
v -0.007194 -0.008663 -0.010694
v -0.007364 -0.008406 -0.011149
v -0.007629 -0.008005 -0.011509
v -0.007480 -0.006416 -0.011821
v -0.007963 -0.007500 -0.011741
v -0.009150 -0.007520 0.011821
v -0.008333 -0.006941 0.011821
v -0.008744 -0.008055 0.011741
v -0.008378 -0.008537 0.011509
v -0.008087 -0.008919 0.011149
v -0.007901 -0.009165 0.010694
v -0.007836 -0.009249 -0.010190
v -0.007901 -0.009165 -0.010694
v -0.008087 -0.008919 -0.011149
v -0.008378 -0.008537 -0.011509
v -0.008744 -0.008055 -0.011741
v -0.009150 -0.007520 -0.011821
v -0.008333 -0.006941 -0.011821
v -0.009932 -0.008155 0.011821
v -0.009492 -0.008662 0.011741
v -0.009095 -0.009119 0.011509
v -0.008780 -0.009482 0.011149
v -0.007836 -0.009249 0.010190
v -0.008578 -0.009715 0.010694
v -0.008508 -0.009795 -0.010190
v -0.008578 -0.009715 -0.010694
v -0.008780 -0.009482 -0.011149
v -0.009095 -0.009119 -0.011509
v -0.009492 -0.008662 -0.011741
v -0.009932 -0.008155 -0.011821
v -0.010191 -0.009310 0.011741
v -0.009765 -0.009740 0.011509
v -0.009427 -0.010081 0.011149
v -0.009209 -0.010300 0.010694
v -0.009135 -0.010376 0.010190
v -0.008508 -0.009795 0.010190
v -0.009135 -0.010376 -0.010190
v -0.009209 -0.010300 -0.010694
v -0.009427 -0.010081 -0.011149
v -0.009765 -0.009740 -0.011509
v -0.010191 -0.009310 -0.011741
v -0.010827 -0.009985 0.011741
v -0.010663 -0.008834 0.011821
v -0.010372 -0.010385 0.011509
v -0.010011 -0.010702 0.011149
v -0.009780 -0.010905 0.010694
v -0.009700 -0.010975 0.010190
v -0.009700 -0.010975 -0.010190
v -0.009780 -0.010905 -0.010694
v -0.010011 -0.010702 -0.011149
v -0.010372 -0.010385 -0.011509
v -0.010663 -0.008834 -0.011821
v -0.010827 -0.009985 -0.011741
v -0.011401 -0.010688 0.011741
v -0.011332 -0.009542 0.011821
v -0.010919 -0.011053 0.011509
v -0.010536 -0.011344 0.011149
v -0.010290 -0.011530 0.010694
v -0.010206 -0.011594 0.010190
v -0.010206 -0.011594 -0.010190
v -0.010290 -0.011530 -0.010694
v -0.010536 -0.011344 -0.011149
v -0.010919 -0.011053 -0.011509
v -0.011332 -0.009542 -0.011821
v -0.011401 -0.010688 -0.011741
v -0.011914 -0.011418 0.011741
v -0.011936 -0.010282 0.011821
v -0.011406 -0.011747 0.011509
v -0.011002 -0.012008 0.011149
v -0.010743 -0.012176 0.010694
v -0.010654 -0.012233 0.010190
v -0.010654 -0.012233 -0.010190
v -0.010743 -0.012176 -0.010694
v -0.011002 -0.012008 -0.011149
v -0.011406 -0.011747 -0.011509
v -0.011936 -0.010282 -0.011821
v -0.011914 -0.011418 -0.011741
v -0.012365 -0.012176 0.011741
v -0.012477 -0.011053 0.011821
v -0.011834 -0.012466 0.011509
v -0.011412 -0.012696 0.011149
v -0.011141 -0.012843 0.010694
v -0.011048 -0.012894 0.010190
v -0.011048 -0.012894 -0.010190
v -0.011141 -0.012843 -0.010694
v -0.011412 -0.012696 -0.011149
v -0.011834 -0.012466 -0.011509
v -0.012477 -0.011053 -0.011821
v -0.012365 -0.012176 -0.011741
v -0.012756 -0.012963 0.011741
v -0.012955 -0.011855 0.011821
v -0.012204 -0.013211 0.011509
v -0.011766 -0.013409 0.011149
v -0.011485 -0.013535 0.010694
v -0.011388 -0.013579 0.010190
v -0.011388 -0.013579 -0.010190
v -0.011485 -0.013535 -0.010694
v -0.011766 -0.013409 -0.011149
v -0.012204 -0.013211 -0.011509
v -0.012955 -0.011855 -0.011821
v -0.012756 -0.012963 -0.011741
v -0.013718 -0.013550 0.011821
v -0.013368 -0.012687 0.011821
v -0.013087 -0.013779 0.011741
v -0.012518 -0.013985 0.011509
v -0.012066 -0.014149 0.011149
v -0.011776 -0.014254 0.010694
v -0.011676 -0.014290 -0.010190
v -0.011776 -0.014254 -0.010694
v -0.012066 -0.014149 -0.011149
v -0.012518 -0.013985 -0.011509
v -0.013087 -0.013779 -0.011741
v -0.013718 -0.013550 -0.011821
v -0.013368 -0.012687 -0.011821
v -0.014005 -0.014445 0.011821
v -0.013358 -0.014626 0.011741
v -0.012775 -0.014789 0.011509
v -0.012313 -0.014919 0.011149
v -0.011676 -0.014290 0.010190
v -0.012016 -0.015002 0.010694
v -0.011913 -0.015030 -0.010190
v -0.012016 -0.015002 -0.010694
v -0.012313 -0.014919 -0.011149
v -0.012775 -0.014789 -0.011509
v -0.013358 -0.014626 -0.011741
v -0.014005 -0.014445 -0.011821
v -0.014227 -0.015370 0.011821
v -0.013570 -0.015504 0.011741
v -0.012977 -0.015624 0.011509
v -0.012506 -0.015720 0.011149
v -0.011913 -0.015030 0.010190
v -0.012203 -0.015781 0.010694
v -0.012099 -0.015803 -0.010190
v -0.012203 -0.015781 -0.010694
v -0.012506 -0.015720 -0.011149
v -0.012977 -0.015624 -0.011509
v -0.013570 -0.015504 -0.011741
v -0.014227 -0.015370 -0.011821
v -0.014387 -0.016326 0.011821
v -0.013721 -0.016413 0.011741
v -0.013121 -0.016492 0.011509
v -0.012645 -0.016555 0.011149
v -0.012099 -0.015803 0.010190
v -0.012339 -0.016595 0.010694
v -0.012233 -0.016609 -0.010190
v -0.012339 -0.016595 -0.010694
v -0.012645 -0.016555 -0.011149
v -0.013121 -0.016492 -0.011509
v -0.013721 -0.016413 -0.011741
v -0.014387 -0.016326 -0.011821
v -0.014482 -0.017313 0.011821
v -0.013812 -0.017356 0.011741
v -0.013208 -0.017394 0.011509
v -0.012729 -0.017425 0.011149
v -0.012233 -0.016609 0.010190
v -0.012421 -0.017445 0.010694
v -0.012315 -0.017451 -0.010190
v -0.012421 -0.017445 -0.010694
v -0.012729 -0.017425 -0.011149
v -0.013208 -0.017394 -0.011509
v -0.013812 -0.017356 -0.011741
v -0.014482 -0.017313 -0.011821
v -0.014514 -0.018331 0.011821
v -0.013843 -0.018331 0.011741
v -0.013237 -0.018331 0.011509
v -0.012757 -0.018331 0.011149
v -0.012315 -0.017451 0.010190
v -0.012449 -0.018332 0.010694
v -0.012342 -0.018332 -0.010190
v -0.012449 -0.018332 -0.010694
v -0.012757 -0.018331 -0.011149
v -0.013237 -0.018331 -0.011509
v -0.013843 -0.018331 -0.011741
v -0.014514 -0.018331 -0.011821
v -0.013813 -0.019306 0.011741
v -0.013209 -0.019269 0.011509
v -0.012730 -0.019239 0.011149
v -0.012422 -0.019220 0.010694
v -0.012316 -0.019213 0.010190
v -0.012342 -0.018332 0.010190
v -0.012316 -0.019213 -0.010190
v -0.012422 -0.019220 -0.010694
v -0.012730 -0.019239 -0.011149
v -0.013209 -0.019269 -0.011509
v -0.013813 -0.019306 -0.011741
v -0.013725 -0.020248 0.011741
v -0.014483 -0.019348 0.011821
v -0.013124 -0.020172 0.011509
v -0.012648 -0.020111 0.011149
v -0.012342 -0.020072 0.010694
v -0.012236 -0.020058 0.010190
v -0.012236 -0.020058 -0.010190
v -0.012342 -0.020072 -0.010694
v -0.012648 -0.020111 -0.011149
v -0.013124 -0.020172 -0.011509
v -0.014483 -0.019348 -0.011821
v -0.013725 -0.020248 -0.011741
v -0.013578 -0.021157 0.011741
v -0.014390 -0.020333 0.011821
v -0.012984 -0.021039 0.011509
v -0.012512 -0.020946 0.011149
v -0.012210 -0.020886 0.010694
v -0.012106 -0.020865 0.010190
v -0.012106 -0.020865 -0.010190
v -0.012210 -0.020886 -0.010694
v -0.012512 -0.020946 -0.011149
v -0.012984 -0.021039 -0.011509
v -0.014390 -0.020333 -0.011821
v -0.013578 -0.021157 -0.011741
v -0.013372 -0.022032 0.011741
v -0.014236 -0.021287 0.011821
v -0.012788 -0.021873 0.011509
v -0.012325 -0.021746 0.011149
v -0.012027 -0.021665 0.010694
v -0.011925 -0.021637 0.010190
v -0.011925 -0.021637 -0.010190
v -0.012027 -0.021665 -0.010694
v -0.012325 -0.021746 -0.011149
v -0.012788 -0.021873 -0.011509
v -0.014236 -0.021287 -0.011821
v -0.013372 -0.022032 -0.011741
v -0.013109 -0.022875 0.011741
v -0.014020 -0.022209 0.011821
v -0.012538 -0.022674 0.011509
v -0.012085 -0.022513 0.011149
v -0.011794 -0.022411 0.010694
v -0.011694 -0.022375 0.010190
v -0.011694 -0.022375 -0.010190
v -0.011794 -0.022411 -0.010694
v -0.012085 -0.022513 -0.011149
v -0.012538 -0.022674 -0.011509
v -0.014020 -0.022209 -0.011821
v -0.013109 -0.022875 -0.011741
v -0.012788 -0.023687 0.011741
v -0.013742 -0.023099 0.011821
v -0.012233 -0.023443 0.011509
v -0.011794 -0.023249 0.011149
v -0.011511 -0.023125 0.010694
v -0.011414 -0.023082 0.010190
v -0.011414 -0.023082 -0.010190
v -0.011511 -0.023125 -0.010694
v -0.011794 -0.023249 -0.011149
v -0.012233 -0.023443 -0.011509
v -0.013742 -0.023099 -0.011821
v -0.012788 -0.023687 -0.011741
v -0.012408 -0.024468 0.011741
v -0.013402 -0.023957 0.011821
v -0.011874 -0.024183 0.011509
v -0.011450 -0.023957 0.011149
v -0.011178 -0.023811 0.010694
v -0.011084 -0.023761 0.010190
v -0.011084 -0.023761 -0.010190
v -0.011178 -0.023811 -0.010694
v -0.011450 -0.023957 -0.011149
v -0.011874 -0.024183 -0.011509
v -0.013402 -0.023957 -0.011821
v -0.012408 -0.024468 -0.011741
v -0.012537 -0.025578 0.011821
v -0.013000 -0.024784 0.011821
v -0.011970 -0.025219 0.011741
v -0.011459 -0.024894 0.011509
v -0.011054 -0.024637 0.011149
v -0.010793 -0.024472 0.010694
v -0.010703 -0.024415 -0.010190
v -0.010793 -0.024472 -0.010694
v -0.011054 -0.024637 -0.011149
v -0.011459 -0.024894 -0.011509
v -0.011970 -0.025219 -0.011741
v -0.012537 -0.025578 -0.011821
v -0.013000 -0.024784 -0.011821
v -0.012012 -0.026341 0.011821
v -0.011474 -0.025940 0.011741
v -0.010988 -0.025579 0.011509
v -0.010602 -0.025292 0.011149
v -0.010703 -0.024415 0.010190
v -0.010355 -0.025108 0.010694
v -0.010270 -0.025045 -0.010190
v -0.010355 -0.025108 -0.010694
v -0.010602 -0.025292 -0.011149
v -0.010988 -0.025579 -0.011509
v -0.011474 -0.025940 -0.011741
v -0.012012 -0.026341 -0.011821
v -0.011425 -0.027072 0.011821
v -0.010917 -0.026633 0.011741
v -0.010459 -0.026238 0.011509
v -0.010095 -0.025924 0.011149
v -0.010270 -0.025045 0.010190
v -0.009862 -0.025722 0.010694
v -0.009781 -0.025653 -0.010190
v -0.009862 -0.025722 -0.010694
v -0.010095 -0.025924 -0.011149
v -0.010459 -0.026238 -0.011509
v -0.010917 -0.026633 -0.011741
v -0.011425 -0.027072 -0.011821
v -0.010777 -0.027771 0.011821
v -0.010301 -0.027298 0.011741
v -0.009871 -0.026871 0.011509
v -0.009531 -0.026533 0.011149
v -0.009781 -0.025653 0.010190
v -0.009312 -0.026315 0.010694
v -0.009236 -0.026240 -0.010190
v -0.009312 -0.026315 -0.010694
v -0.009531 -0.026533 -0.011149
v -0.009871 -0.026871 -0.011509
v -0.010301 -0.027298 -0.011741
v -0.010777 -0.027771 -0.011821
v -0.009624 -0.027934 0.011741
v -0.009225 -0.027478 0.011509
v -0.008908 -0.027117 0.011149
v -0.008705 -0.026885 0.010694
v -0.008635 -0.026805 0.010190
v -0.009236 -0.026240 0.010190
v -0.008635 -0.026805 -0.010190
v -0.008705 -0.026885 -0.010694
v -0.008908 -0.027117 -0.011149
v -0.009225 -0.027478 -0.011509
v -0.009624 -0.027934 -0.011741
v -0.008897 -0.028528 0.011741
v -0.010066 -0.028438 0.011821
v -0.008531 -0.028046 0.011509
v -0.008240 -0.027663 0.011149
v -0.008053 -0.027418 0.010694
v -0.007989 -0.027333 0.010190
v -0.007989 -0.027333 -0.010190
v -0.008053 -0.027418 -0.010694
v -0.008240 -0.027663 -0.011149
v -0.008531 -0.028046 -0.011509
v -0.010066 -0.028438 -0.011821
v -0.008897 -0.028528 -0.011741
v -0.008494 -0.029633 0.011821
v -0.009303 -0.029063 0.011821
v -0.008127 -0.029071 0.011741
v -0.007796 -0.028564 0.011509
v -0.007533 -0.028162 0.011149
v -0.007364 -0.027903 0.010694
v -0.007306 -0.027814 -0.010190
v -0.007364 -0.027903 -0.010694
v -0.007533 -0.028162 -0.011149
v -0.007796 -0.028564 -0.011509
v -0.008127 -0.029071 -0.011741
v -0.008494 -0.029633 -0.011821
v -0.009303 -0.029063 -0.011821
v -0.007641 -0.030148 0.011821
v -0.007314 -0.029562 0.011741
v -0.007019 -0.029034 0.011509
v -0.006784 -0.028614 0.011149
v -0.007306 -0.027814 0.010190
v -0.006634 -0.028345 0.010694
v -0.006582 -0.028252 -0.010190
v -0.006634 -0.028345 -0.010694
v -0.006784 -0.028614 -0.011149
v -0.007019 -0.029034 -0.011509
v -0.007314 -0.029562 -0.011741
v -0.007641 -0.030148 -0.011821
v -0.006742 -0.030610 0.011821
v -0.006456 -0.030003 0.011741
v -0.006197 -0.029455 0.011509
v -0.005992 -0.029021 0.011149
v -0.006582 -0.028252 0.010190
v -0.005861 -0.028742 0.010694
v -0.005815 -0.028646 -0.010190
v -0.005861 -0.028742 -0.010694
v -0.005992 -0.029021 -0.011149
v -0.006197 -0.029455 -0.011509
v -0.006456 -0.030003 -0.011741
v -0.006742 -0.030610 -0.011821
v -0.005799 -0.031017 0.011821
v -0.005553 -0.030392 0.011741
v -0.005331 -0.029829 0.011509
v -0.005155 -0.029382 0.011149
v -0.005815 -0.028646 0.010190
v -0.005042 -0.029095 0.010694
v -0.005003 -0.028996 -0.010190
v -0.005042 -0.029095 -0.010694
v -0.005155 -0.029382 -0.011149
v -0.005331 -0.029829 -0.011509
v -0.005553 -0.030392 -0.011741
v -0.005799 -0.031017 -0.011821
v -0.004810 -0.031370 0.011821
v -0.004604 -0.030731 0.011741
v -0.004418 -0.030155 0.011509
v -0.004271 -0.029698 0.011149
v -0.005003 -0.028996 0.010190
v -0.004176 -0.029404 0.010694
v -0.004144 -0.029303 -0.010190
v -0.004176 -0.029404 -0.010694
v -0.004271 -0.029698 -0.011149
v -0.004418 -0.030155 -0.011509
v -0.004604 -0.030731 -0.011741
v -0.004810 -0.031370 -0.011821
v -0.003777 -0.031668 0.011821
v -0.003610 -0.031018 0.011741
v -0.003459 -0.030432 0.011509
v -0.003339 -0.029967 0.011149
v -0.004144 -0.029303 0.010190
v -0.003262 -0.029668 0.010694
v -0.003236 -0.029565 -0.010190
v -0.003262 -0.029668 -0.010694
v -0.003339 -0.029967 -0.011149
v -0.003459 -0.030432 -0.011509
v -0.003610 -0.031018 -0.011741
v -0.003777 -0.031668 -0.011821
v -0.002699 -0.031912 0.011821
v -0.002569 -0.031254 0.011741
v -0.002451 -0.030660 0.011509
v -0.002358 -0.030189 0.011149
v -0.003236 -0.029565 0.010190
v -0.002298 -0.029887 0.010694
v -0.002278 -0.029782 -0.010190
v -0.002298 -0.029887 -0.010694
v -0.002358 -0.030189 -0.011149
v -0.002451 -0.030660 -0.011509
v -0.002569 -0.031254 -0.011741
v -0.002699 -0.031912 -0.011821
v -0.001576 -0.032102 0.011821
v -0.001481 -0.031438 0.011741
v -0.001396 -0.030839 0.011509
v -0.001328 -0.030364 0.011149
v -0.002278 -0.029782 0.010190
v -0.001284 -0.030058 0.010694
v -0.001269 -0.029953 -0.010190
v -0.001284 -0.030058 -0.010694
v -0.001328 -0.030364 -0.011149
v -0.001396 -0.030839 -0.011509
v -0.001481 -0.031438 -0.011741
v -0.001576 -0.032102 -0.011821
v -0.000408 -0.032238 0.011821
v -0.000347 -0.031570 0.011741
v -0.000291 -0.030967 0.011509
v -0.000248 -0.030489 0.011149
v -0.001269 -0.029953 0.010190
v -0.000220 -0.030182 0.010694
v -0.000210 -0.030076 -0.010190
v -0.000220 -0.030182 -0.010694
v -0.000248 -0.030489 -0.011149
v -0.000291 -0.030967 -0.011509
v -0.000347 -0.031570 -0.011741
v -0.000408 -0.032238 -0.011821
v 0.000805 -0.032320 0.011821
v 0.000835 -0.031649 0.011741
v 0.000862 -0.031045 0.011509
v 0.000883 -0.030565 0.011149
v -0.000210 -0.030076 0.010190
v 0.000896 -0.030257 0.010694
v 0.000901 -0.030151 -0.010190
v 0.000896 -0.030257 -0.010694
v 0.000883 -0.030565 -0.011149
v 0.000862 -0.031045 -0.011509
v 0.000835 -0.031649 -0.011741
v 0.000805 -0.032320 -0.011821
v 0.000901 -0.030151 0.010190
v 0.006807 0.048746 -0.011549
v 0.010418 0.048775 -0.011549
v 0.009164 0.048787 -0.011549
v 0.011663 0.048740 -0.011549
v 0.004498 0.048622 -0.011549
v 0.012900 0.048682 -0.011549
v 0.014128 0.048600 -0.011549
v 0.002236 0.048416 -0.011549
v 0.015348 0.048494 -0.011549
v 0.016560 0.048366 -0.011549
v 0.000022 0.048128 -0.011549
v 0.017763 0.048214 -0.011549
v 0.018958 0.048038 -0.011549
v -0.002144 0.047757 -0.011549
v 0.020144 0.047839 -0.011549
v 0.021322 0.047617 -0.011549
v -0.004262 0.047304 -0.011549
v 0.022491 0.047371 -0.011549
v 0.023652 0.047102 -0.011549
v -0.006333 0.046769 -0.011549
v 0.024794 0.046812 -0.011549
v 0.025908 0.046501 -0.011549
v -0.008356 0.046151 -0.011549
v 0.026992 0.046171 -0.011549
v 0.028047 0.045822 -0.011549
v -0.010331 0.045451 -0.011549
v 0.029073 0.045453 -0.011549
v 0.030070 0.045064 -0.011549
v -0.012259 0.044669 -0.011549
v 0.031039 0.044655 -0.011549
v -0.014138 0.043804 -0.011549
v 0.031978 0.044227 -0.011549
v 0.032888 0.043779 -0.011549
v -0.015970 0.042857 -0.011549
v 0.033769 0.043312 -0.011549
v 0.034621 0.042825 -0.011549
v -0.017745 0.041830 -0.011549
v 0.035444 0.042318 -0.011549
v 0.020886 0.029392 -0.011549
v 0.022282 0.028901 -0.011549
v 0.023627 0.028344 -0.011549
v 0.024921 0.027722 -0.011549
v 0.026165 0.027034 -0.011549
v 0.027358 0.026280 -0.011549
v -0.019454 0.040727 -0.011549
v 0.019440 0.029818 -0.011549
v -0.021096 0.039547 -0.011549
v 0.017944 0.030178 -0.011549
v -0.022671 0.038290 -0.011549
v -0.024180 0.036956 -0.011549
v 0.016397 0.030473 -0.011549
v -0.025623 0.035546 -0.011549
v 0.014799 0.030702 -0.011549
v -0.026999 0.034059 -0.011549
v 0.013151 0.030866 -0.011549
v -0.028309 0.032495 -0.011549
v 0.011453 0.030964 -0.011549
v -0.029553 0.030854 -0.011549
v 0.009703 0.030997 -0.011549
v 0.007739 0.030949 -0.011549
v 0.005844 0.030803 -0.011549
v -0.030729 0.029137 -0.011549
v 0.004018 0.030559 -0.011549
v 0.002261 0.030219 -0.011549
v 0.000574 0.029781 -0.011549
v -0.001045 0.029245 -0.011549
v -0.002593 0.028613 -0.011549
v -0.031840 0.027343 -0.011549
v -0.004073 0.027883 -0.011549
v -0.005484 0.027055 -0.011549
v -0.032884 0.025472 -0.011549
v -0.006825 0.026131 -0.011549
v -0.008097 0.025109 -0.011549
v -0.033853 0.023531 -0.011549
v -0.009299 0.023989 -0.011549
v -0.010422 0.022777 -0.011549
v -0.034737 0.021526 -0.011549
v -0.011456 0.021477 -0.011549
v -0.035537 0.019458 -0.011549
v -0.012399 0.020089 -0.011549
v -0.013252 0.018613 -0.011549
v -0.036253 0.017326 -0.011549
v -0.014016 0.017049 -0.011549
v -0.036885 0.015130 -0.011549
v -0.014690 0.015398 -0.011549
v -0.015274 0.013658 -0.011549
v -0.037432 0.012871 -0.011549
v -0.015768 0.011830 -0.011549
v -0.037896 0.010548 -0.011549
v 0.004022 0.011937 -0.011549
v 0.007963 0.011969 -0.011549
v 0.006469 0.011995 -0.011549
v 0.009434 0.011894 -0.011549
v 0.001666 0.011763 -0.011549
v 0.010883 0.011767 -0.011549
v -0.016172 0.009914 -0.011549
v 0.012309 0.011590 -0.011549
v -0.000598 0.011472 -0.011549
v 0.013713 0.011363 -0.011549
v -0.002770 0.011066 -0.011549
v 0.015094 0.011085 -0.011549
v 0.016453 0.010756 -0.011549
v -0.004851 0.010544 -0.011549
v 0.017790 0.010377 -0.011549
v -0.038275 0.008161 -0.011549
v -0.006840 0.009906 -0.011549
v 0.019104 0.009948 -0.011549
v 0.020395 0.009468 -0.011549
v -0.016487 0.007910 -0.011549
v -0.008737 0.009151 -0.011549
v 0.021664 0.008937 -0.011549
v -0.010542 0.008281 -0.011549
v 0.022911 0.008356 -0.011549
v 0.024125 0.007728 -0.011549
v -0.012256 0.007295 -0.011549
v -0.038570 0.005711 -0.011549
v -0.016712 0.005819 -0.011549
v 0.025295 0.007059 -0.011549
v -0.013878 0.006192 -0.011549
v 0.026423 0.006347 -0.011549
v 0.027508 0.005593 -0.011549
v -0.015408 0.004974 -0.011549
v -0.016846 0.003639 -0.011549
v -0.038780 0.003197 -0.011549
v 0.028550 0.004797 -0.011549
v 0.029548 0.003959 -0.011549
v 0.030504 0.003079 -0.011549
v -0.038906 0.000620 -0.011549
v 0.031416 0.002156 -0.011549
v 0.032286 0.001192 -0.011549
v 0.033112 0.000185 -0.011549
v -0.038949 -0.002021 -0.011549
v 0.033895 -0.000863 -0.011549
v 0.034636 -0.001954 -0.011549
v 0.035325 -0.003080 -0.011549
v -0.038871 -0.005700 -0.011549
v 0.000579 -0.004340 -0.011549
v 0.001752 -0.004312 -0.011549
v 0.035954 -0.004236 -0.011549
v 0.002945 -0.004339 -0.011549
v 0.036523 -0.005420 -0.011549
v 0.004097 -0.004419 -0.011549
v -0.000558 -0.004423 -0.011549
v 0.005210 -0.004553 -0.011549
v -0.001659 -0.004561 -0.011549
v 0.006282 -0.004739 -0.011549
v -0.002725 -0.004754 -0.011549
v 0.007314 -0.004979 -0.011549
v -0.003756 -0.005003 -0.011549
v 0.008305 -0.005273 -0.011549
v -0.004751 -0.005306 -0.011549
v 0.009256 -0.005619 -0.011549
v -0.005710 -0.005665 -0.011549
v 0.037032 -0.006633 -0.011549
v 0.010168 -0.006020 -0.011549
v -0.006634 -0.006079 -0.011549
v -0.038638 -0.009235 -0.011549
v 0.011038 -0.006473 -0.011549
v -0.007522 -0.006549 -0.011549
v 0.011869 -0.006980 -0.011549
v -0.008375 -0.007073 -0.011549
v 0.037481 -0.007876 -0.011549
v 0.012659 -0.007540 -0.011549
v -0.009192 -0.007653 -0.011549
v 0.013410 -0.008153 -0.011549
v -0.009973 -0.008288 -0.011549
v 0.037870 -0.009147 -0.011549
v 0.014109 -0.008812 -0.011549
v -0.010705 -0.008966 -0.011549
v 0.014748 -0.009507 -0.011549
v -0.011373 -0.009675 -0.011549
v 0.038200 -0.010448 -0.011549
v -0.038249 -0.012626 -0.011549
v 0.015326 -0.010238 -0.011549
v -0.011978 -0.010415 -0.011549
v 0.015843 -0.011006 -0.011549
v -0.012519 -0.011186 -0.011549
v 0.038469 -0.011777 -0.011549
v 0.016299 -0.011810 -0.011549
v -0.012996 -0.011987 -0.011549
v 0.038679 -0.013136 -0.011549
v 0.016695 -0.012651 -0.011549
v -0.013410 -0.012820 -0.011549
v -0.037706 -0.015873 -0.011549
v 0.017029 -0.013529 -0.011549
v -0.013760 -0.013683 -0.011549
v 0.038829 -0.014523 -0.011549
v 0.017303 -0.014443 -0.011549
v -0.014046 -0.014577 -0.011549
v 0.017516 -0.015393 -0.011549
v 0.038918 -0.015940 -0.011549
v -0.014269 -0.015503 -0.011549
v 0.017668 -0.016380 -0.011549
v -0.014428 -0.016459 -0.011549
v -0.037007 -0.018975 -0.011549
v 0.038948 -0.017385 -0.011549
v 0.017759 -0.017403 -0.011549
v -0.014523 -0.017446 -0.011549
v 0.038916 -0.018942 -0.011549
v 0.017790 -0.018463 -0.011549
v -0.014555 -0.018463 -0.011549
v -0.014524 -0.019481 -0.011549
v 0.017759 -0.019523 -0.011549
v 0.038817 -0.020466 -0.011549
v -0.036152 -0.021934 -0.011549
v -0.014432 -0.020466 -0.011549
v 0.017668 -0.020545 -0.011549
v -0.014277 -0.021420 -0.011549
v 0.038654 -0.021959 -0.011549
v 0.017516 -0.021529 -0.011549
v -0.014061 -0.022342 -0.011549
v 0.017303 -0.022476 -0.011549
v -0.035142 -0.024748 -0.011549
v 0.038424 -0.023420 -0.011549
v -0.013783 -0.023232 -0.011549
v 0.017029 -0.023386 -0.011549
v -0.013443 -0.024090 -0.011549
v 0.016695 -0.024258 -0.011549
v 0.038130 -0.024849 -0.011549
v -0.013042 -0.024916 -0.011549
v 0.016299 -0.025093 -0.011549
v -0.033977 -0.027418 -0.011549
v 0.037769 -0.026246 -0.011549
v -0.012579 -0.025711 -0.011549
v 0.015843 -0.025891 -0.011549
v -0.012054 -0.026474 -0.011549
v 0.015326 -0.026651 -0.011549
v 0.037343 -0.027612 -0.011549
v -0.011467 -0.027205 -0.011549
v 0.014748 -0.027373 -0.011549
v -0.010818 -0.027904 -0.011549
v 0.014109 -0.028058 -0.011549
v -0.032656 -0.029944 -0.011549
v 0.036852 -0.028945 -0.011549
v -0.010108 -0.028571 -0.011549
v 0.013410 -0.028706 -0.011549
v -0.009344 -0.029195 -0.011549
v 0.012661 -0.029309 -0.011549
v 0.036295 -0.030247 -0.011549
v -0.008535 -0.029765 -0.011549
v 0.011877 -0.029859 -0.011549
v -0.007682 -0.030281 -0.011549
v 0.011055 -0.030357 -0.011549
v -0.031181 -0.032326 -0.011549
v 0.035673 -0.031517 -0.011549
v -0.006783 -0.030742 -0.011549
v 0.010198 -0.030802 -0.011549
v -0.005840 -0.031149 -0.011549
v 0.009303 -0.031195 -0.011549
v -0.004852 -0.031502 -0.011549
v 0.008373 -0.031536 -0.011549
v -0.003819 -0.031801 -0.011549
v 0.034985 -0.032755 -0.011549
v 0.007405 -0.031824 -0.011549
v -0.002740 -0.032045 -0.011549
v 0.006401 -0.032060 -0.011549
v -0.001617 -0.032235 -0.011549
v 0.005361 -0.032244 -0.011549
v -0.000449 -0.032371 -0.011549
v 0.004284 -0.032375 -0.011549
v -0.029549 -0.034564 -0.011549
v 0.000764 -0.032452 -0.011549
v 0.003171 -0.032453 -0.011549
v 0.002021 -0.032479 -0.011549
v 0.034231 -0.033962 -0.011549
v 0.033421 -0.035129 -0.011549
v -0.027763 -0.036657 -0.011549
v 0.032564 -0.036251 -0.011549
v 0.031658 -0.037327 -0.011549
v -0.025838 -0.038595 -0.011549
v 0.030705 -0.038357 -0.011549
v 0.029704 -0.039341 -0.011549
v -0.023794 -0.040363 -0.011549
v 0.028655 -0.040279 -0.011549
v 0.027559 -0.041172 -0.011549
v -0.021631 -0.041964 -0.011549
v 0.026415 -0.042018 -0.011549
v -0.019347 -0.043396 -0.011549
v 0.025223 -0.042819 -0.011549
v 0.023983 -0.043574 -0.011549
v -0.016944 -0.044659 -0.011549
v 0.022696 -0.044282 -0.011549
v 0.021361 -0.044946 -0.011549
v -0.014420 -0.045754 -0.011549
v 0.019989 -0.045559 -0.011549
v 0.018593 -0.046119 -0.011549
v -0.011777 -0.046681 -0.011549
v 0.017170 -0.046626 -0.011549
v 0.015723 -0.047079 -0.011549
v -0.009015 -0.047439 -0.011549
v 0.014250 -0.047480 -0.011549
v -0.006132 -0.048028 -0.011549
v 0.012753 -0.047826 -0.011549
v 0.011229 -0.048120 -0.011549
v -0.003130 -0.048450 -0.011549
v 0.009681 -0.048360 -0.011549
v 0.008107 -0.048546 -0.011549
v -0.000008 -0.048702 -0.011549
v 0.006508 -0.048680 -0.011549
v 0.004884 -0.048760 -0.011549
v 0.003234 -0.048787 -0.011549
v 0.006807 0.048746 0.011549
v 0.009164 0.048787 0.011549
v 0.010418 0.048775 0.011549
v 0.011663 0.048740 0.011549
v 0.004498 0.048622 0.011549
v 0.012900 0.048682 0.011549
v 0.014128 0.048600 0.011549
v 0.002236 0.048416 0.011549
v 0.015348 0.048494 0.011549
v 0.016560 0.048366 0.011549
v 0.000022 0.048128 0.011549
v 0.017763 0.048214 0.011549
v 0.018958 0.048038 0.011549
v -0.002144 0.047757 0.011549
v 0.020144 0.047839 0.011549
v 0.021322 0.047617 0.011549
v -0.004262 0.047304 0.011549
v 0.022491 0.047371 0.011549
v 0.023652 0.047102 0.011549
v -0.006333 0.046769 0.011549
v 0.024794 0.046812 0.011549
v 0.025908 0.046501 0.011549
v -0.008356 0.046151 0.011549
v 0.026992 0.046171 0.011549
v 0.028047 0.045822 0.011549
v -0.010331 0.045451 0.011549
v 0.029073 0.045453 0.011549
v 0.030070 0.045064 0.011549
v -0.012259 0.044669 0.011549
v 0.031039 0.044655 0.011549
v -0.014138 0.043804 0.011549
v 0.031978 0.044227 0.011549
v 0.032888 0.043779 0.011549
v -0.015970 0.042857 0.011549
v 0.033769 0.043312 0.011549
v 0.034621 0.042825 0.011549
v -0.017745 0.041830 0.011549
v 0.035444 0.042318 0.011549
v 0.020886 0.029392 0.011549
v 0.022282 0.028901 0.011549
v 0.023627 0.028344 0.011549
v 0.024921 0.027722 0.011549
v 0.026165 0.027034 0.011549
v 0.027358 0.026280 0.011549
v -0.019454 0.040727 0.011549
v 0.019440 0.029818 0.011549
v -0.021096 0.039547 0.011549
v 0.017944 0.030178 0.011549
v -0.022671 0.038290 0.011549
v -0.024180 0.036956 0.011549
v 0.016397 0.030473 0.011549
v -0.025623 0.035546 0.011549
v 0.014799 0.030702 0.011549
v -0.026999 0.034059 0.011549
v 0.013151 0.030866 0.011549
v -0.028309 0.032495 0.011549
v 0.011453 0.030964 0.011549
v -0.029553 0.030854 0.011549
v 0.009703 0.030997 0.011549
v 0.007739 0.030949 0.011549
v 0.005844 0.030803 0.011549
v -0.030729 0.029137 0.011549
v 0.004018 0.030559 0.011549
v 0.002261 0.030219 0.011549
v 0.000574 0.029781 0.011549
v -0.001045 0.029245 0.011549
v -0.002593 0.028613 0.011549
v -0.031840 0.027343 0.011549
v -0.004073 0.027883 0.011549
v -0.005484 0.027055 0.011549
v -0.032884 0.025472 0.011549
v -0.006825 0.026131 0.011549
v -0.008097 0.025109 0.011549
v -0.033853 0.023531 0.011549
v -0.009299 0.023989 0.011549
v -0.010422 0.022777 0.011549
v -0.034737 0.021526 0.011549
v -0.011456 0.021477 0.011549
v -0.035537 0.019458 0.011549
v -0.012399 0.020089 0.011549
v -0.013252 0.018613 0.011549
v -0.036253 0.017326 0.011549
v -0.014016 0.017049 0.011549
v -0.036885 0.015130 0.011549
v -0.014690 0.015398 0.011549
v -0.015274 0.013658 0.011549
v -0.037432 0.012871 0.011549
v -0.015768 0.011830 0.011549
v -0.037896 0.010548 0.011549
v 0.004022 0.011937 0.011549
v 0.006469 0.011995 0.011549
v 0.007963 0.011969 0.011549
v 0.009434 0.011894 0.011549
v 0.001666 0.011763 0.011549
v 0.010883 0.011767 0.011549
v -0.016172 0.009914 0.011549
v 0.012309 0.011590 0.011549
v -0.000598 0.011472 0.011549
v 0.013713 0.011363 0.011549
v -0.002770 0.011066 0.011549
v 0.015094 0.011085 0.011549
v 0.016453 0.010756 0.011549
v -0.004851 0.010544 0.011549
v 0.017790 0.010377 0.011549
v -0.038275 0.008161 0.011549
v -0.006840 0.009906 0.011549
v 0.019104 0.009948 0.011549
v 0.020395 0.009468 0.011549
v -0.016487 0.007910 0.011549
v -0.008737 0.009151 0.011549
v 0.021664 0.008937 0.011549
v -0.010542 0.008281 0.011549
v 0.022911 0.008356 0.011549
v 0.024125 0.007728 0.011549
v -0.012256 0.007295 0.011549
v -0.038570 0.005711 0.011549
v -0.016712 0.005819 0.011549
v 0.025295 0.007059 0.011549
v -0.013878 0.006192 0.011549
v 0.026423 0.006347 0.011549
v 0.027508 0.005593 0.011549
v -0.015408 0.004974 0.011549
v -0.016846 0.003639 0.011549
v -0.038780 0.003197 0.011549
v 0.028550 0.004797 0.011549
v 0.029548 0.003959 0.011549
v 0.030504 0.003079 0.011549
v -0.038906 0.000620 0.011549
v 0.031416 0.002156 0.011549
v 0.032286 0.001192 0.011549
v 0.033112 0.000185 0.011549
v -0.038949 -0.002021 0.011549
v 0.033895 -0.000863 0.011549
v 0.034636 -0.001954 0.011549
v 0.035325 -0.003080 0.011549
v -0.038871 -0.005700 0.011549
v 0.000579 -0.004340 0.011549
v 0.001752 -0.004312 0.011549
v 0.035954 -0.004236 0.011549
v 0.002945 -0.004339 0.011549
v 0.036523 -0.005420 0.011549
v 0.004097 -0.004419 0.011549
v -0.000558 -0.004423 0.011549
v 0.005210 -0.004553 0.011549
v -0.001659 -0.004561 0.011549
v 0.006282 -0.004739 0.011549
v -0.002725 -0.004754 0.011549
v 0.007314 -0.004979 0.011549
v -0.003756 -0.005003 0.011549
v 0.008305 -0.005273 0.011549
v -0.004751 -0.005306 0.011549
v 0.009256 -0.005619 0.011549
v -0.005710 -0.005665 0.011549
v 0.037032 -0.006633 0.011549
v 0.010168 -0.006020 0.011549
v -0.006634 -0.006079 0.011549
v -0.038638 -0.009235 0.011549
v 0.011038 -0.006473 0.011549
v -0.007522 -0.006549 0.011549
v 0.011869 -0.006980 0.011549
v -0.008375 -0.007073 0.011549
v 0.037481 -0.007876 0.011549
v 0.012659 -0.007540 0.011549
v -0.009192 -0.007653 0.011549
v 0.013410 -0.008153 0.011549
v -0.009973 -0.008288 0.011549
v 0.037870 -0.009147 0.011549
v 0.014109 -0.008812 0.011549
v -0.010705 -0.008966 0.011549
v 0.014748 -0.009507 0.011549
v -0.011373 -0.009675 0.011549
v 0.038200 -0.010448 0.011549
v -0.038249 -0.012626 0.011549
v 0.015326 -0.010238 0.011549
v -0.011978 -0.010415 0.011549
v 0.015843 -0.011006 0.011549
v -0.012519 -0.011186 0.011549
v 0.038469 -0.011777 0.011549
v 0.016299 -0.011810 0.011549
v -0.012996 -0.011987 0.011549
v 0.038679 -0.013136 0.011549
v 0.016695 -0.012651 0.011549
v -0.013410 -0.012820 0.011549
v -0.037706 -0.015873 0.011549
v 0.017029 -0.013529 0.011549
v -0.013760 -0.013683 0.011549
v 0.038829 -0.014523 0.011549
v 0.017303 -0.014443 0.011549
v -0.014046 -0.014577 0.011549
v 0.017516 -0.015393 0.011549
v 0.038918 -0.015940 0.011549
v -0.014269 -0.015503 0.011549
v 0.017668 -0.016380 0.011549
v -0.014428 -0.016459 0.011549
v -0.037007 -0.018975 0.011549
v 0.038948 -0.017385 0.011549
v 0.017759 -0.017403 0.011549
v -0.014523 -0.017446 0.011549
v 0.038916 -0.018942 0.011549
v 0.017790 -0.018463 0.011549
v -0.014555 -0.018463 0.011549
v -0.014524 -0.019481 0.011549
v 0.017759 -0.019523 0.011549
v 0.038817 -0.020466 0.011549
v -0.036152 -0.021934 0.011549
v -0.014432 -0.020466 0.011549
v 0.017668 -0.020545 0.011549
v -0.014277 -0.021420 0.011549
v 0.038654 -0.021959 0.011549
v 0.017516 -0.021529 0.011549
v -0.014061 -0.022342 0.011549
v 0.017303 -0.022476 0.011549
v -0.035142 -0.024748 0.011549
v 0.038424 -0.023420 0.011549
v -0.013783 -0.023232 0.011549
v 0.017029 -0.023386 0.011549
v -0.013443 -0.024090 0.011549
v 0.016695 -0.024258 0.011549
v 0.038130 -0.024849 0.011549
v -0.013042 -0.024916 0.011549
v 0.016299 -0.025093 0.011549
v -0.033977 -0.027418 0.011549
v 0.037769 -0.026246 0.011549
v -0.012579 -0.025711 0.011549
v 0.015843 -0.025891 0.011549
v -0.012054 -0.026474 0.011549
v 0.015326 -0.026651 0.011549
v 0.037343 -0.027612 0.011549
v -0.011467 -0.027205 0.011549
v 0.014748 -0.027373 0.011549
v -0.010818 -0.027904 0.011549
v 0.014109 -0.028058 0.011549
v -0.032656 -0.029944 0.011549
v 0.036852 -0.028945 0.011549
v -0.010108 -0.028571 0.011549
v 0.013410 -0.028706 0.011549
v -0.009344 -0.029195 0.011549
v 0.012661 -0.029309 0.011549
v 0.036295 -0.030247 0.011549
v -0.008535 -0.029765 0.011549
v 0.011877 -0.029859 0.011549
v -0.007682 -0.030281 0.011549
v 0.011055 -0.030357 0.011549
v -0.031181 -0.032326 0.011549
v 0.035673 -0.031517 0.011549
v -0.006783 -0.030742 0.011549
v 0.010198 -0.030802 0.011549
v -0.005840 -0.031149 0.011549
v 0.009303 -0.031195 0.011549
v -0.004852 -0.031502 0.011549
v 0.008373 -0.031536 0.011549
v -0.003819 -0.031801 0.011549
v 0.034985 -0.032755 0.011549
v 0.007405 -0.031824 0.011549
v -0.002740 -0.032045 0.011549
v 0.006401 -0.032060 0.011549
v -0.001617 -0.032235 0.011549
v 0.005361 -0.032244 0.011549
v -0.000449 -0.032371 0.011549
v 0.004284 -0.032375 0.011549
v -0.029549 -0.034564 0.011549
v 0.000764 -0.032452 0.011549
v 0.003171 -0.032453 0.011549
v 0.002021 -0.032479 0.011549
v 0.034231 -0.033962 0.011549
v 0.033421 -0.035129 0.011549
v -0.027763 -0.036657 0.011549
v 0.032564 -0.036251 0.011549
v 0.031658 -0.037327 0.011549
v -0.025838 -0.038595 0.011549
v 0.030705 -0.038357 0.011549
v 0.029704 -0.039341 0.011549
v -0.023794 -0.040363 0.011549
v 0.028655 -0.040279 0.011549
v 0.027559 -0.041172 0.011549
v -0.021631 -0.041964 0.011549
v 0.026415 -0.042018 0.011549
v -0.019347 -0.043396 0.011549
v 0.025223 -0.042819 0.011549
v 0.023983 -0.043574 0.011549
v -0.016944 -0.044659 0.011549
v 0.022696 -0.044282 0.011549
v 0.021361 -0.044946 0.011549
v -0.014420 -0.045754 0.011549
v 0.019989 -0.045559 0.011549
v 0.018593 -0.046119 0.011549
v -0.011777 -0.046681 0.011549
v 0.017170 -0.046626 0.011549
v 0.015723 -0.047079 0.011549
v -0.009015 -0.047439 0.011549
v 0.014250 -0.047480 0.011549
v -0.006132 -0.048028 0.011549
v 0.012753 -0.047826 0.011549
v 0.011229 -0.048120 0.011549
v -0.003130 -0.048450 0.011549
v 0.009681 -0.048360 0.011549
v 0.008107 -0.048546 0.011549
v -0.000008 -0.048702 0.011549
v 0.006508 -0.048680 0.011549
v 0.004884 -0.048760 0.011549
v 0.003234 -0.048787 0.011549
v 0.007991 0.012807 0.011449
v 0.006469 0.011995 0.011549
v 0.006466 0.012833 0.011449
v 0.008017 0.013563 0.011160
v 0.006463 0.013590 0.011160
v 0.008038 0.014163 0.010709
v 0.006461 0.014190 0.010709
v 0.008051 0.014548 0.010141
v 0.006460 0.014575 0.010141
v 0.008055 0.014681 0.009511
v 0.006460 0.014708 0.009511
v 0.008055 0.014681 -0.009511
v 0.006460 0.014708 -0.009511
v 0.006460 0.014575 -0.010141
v 0.006461 0.014190 -0.010709
v 0.008051 0.014548 -0.010141
v 0.006463 0.013590 -0.011160
v 0.008038 0.014163 -0.010709
v 0.006466 0.012833 -0.011449
v 0.008017 0.013563 -0.011160
v 0.006469 0.011995 -0.011549
v 0.007991 0.012807 -0.011449
v 0.009434 0.011894 0.011549
v 0.007963 0.011969 0.011549
v 0.009492 0.012730 0.011449
v 0.009544 0.013485 0.011160
v 0.009586 0.014083 0.010709
v 0.009612 0.014468 0.010141
v 0.009622 0.014600 -0.009511
v 0.009612 0.014468 -0.010141
v 0.009586 0.014083 -0.010709
v 0.009544 0.013485 -0.011160
v 0.009492 0.012730 -0.011449
v 0.009434 0.011894 -0.011549
v 0.007963 0.011969 -0.011549
v 0.010883 0.011767 0.011549
v 0.010971 0.012601 0.011449
v 0.011050 0.013353 0.011160
v 0.011113 0.013950 0.010709
v 0.009622 0.014600 0.009511
v 0.011154 0.014334 0.010141
v 0.011167 0.014466 -0.009511
v 0.011154 0.014334 -0.010141
v 0.011113 0.013950 -0.010709
v 0.011050 0.013353 -0.011160
v 0.010971 0.012601 -0.011449
v 0.010883 0.011767 -0.011549
v 0.012309 0.011590 0.011549
v 0.012428 0.012420 0.011449
v 0.012535 0.013169 0.011160
v 0.012620 0.013763 0.010709
v 0.011167 0.014466 0.009511
v 0.012674 0.014145 0.010141
v 0.012693 0.014276 -0.009511
v 0.012674 0.014145 -0.010141
v 0.012620 0.013763 -0.010709
v 0.012535 0.013169 -0.011160
v 0.012428 0.012420 -0.011449
v 0.012309 0.011590 -0.011549
v 0.013713 0.011363 0.011549
v 0.013863 0.012188 0.011449
v 0.013998 0.012932 0.011160
v 0.014105 0.013523 0.010709
v 0.012693 0.014276 0.009511
v 0.014174 0.013902 0.010141
v 0.014197 0.014033 -0.009511
v 0.014174 0.013902 -0.010141
v 0.014105 0.013523 -0.010709
v 0.013998 0.012932 -0.011160
v 0.013863 0.012188 -0.011449
v 0.013713 0.011363 -0.011549
v 0.015094 0.011085 0.011549
v 0.015275 0.011904 0.011449
v 0.015439 0.012642 0.011160
v 0.015569 0.013228 0.010709
v 0.014197 0.014033 0.009511
v 0.015652 0.013605 0.010141
v 0.015681 0.013734 -0.009511
v 0.015652 0.013605 -0.010141
v 0.015569 0.013228 -0.010709
v 0.015439 0.012642 -0.011160
v 0.015275 0.011904 -0.011449
v 0.015094 0.011085 -0.011549
v 0.016453 0.010756 0.011549
v 0.016666 0.011568 0.011449
v 0.016858 0.012299 0.011160
v 0.017011 0.012880 0.010709
v 0.015681 0.013734 0.009511
v 0.017108 0.013253 0.010141
v 0.017142 0.013381 -0.009511
v 0.017108 0.013253 -0.010141
v 0.017011 0.012880 -0.010709
v 0.016858 0.012299 -0.011160
v 0.016666 0.011568 -0.011449
v 0.016453 0.010756 -0.011549
v 0.017790 0.010377 0.011549
v 0.018034 0.011179 0.011449
v 0.018255 0.011903 0.011160
v 0.018430 0.012477 0.010709
v 0.017142 0.013381 0.009511
v 0.018543 0.012846 0.010141
v 0.018581 0.012973 -0.009511
v 0.018543 0.012846 -0.010141
v 0.018430 0.012477 -0.010709
v 0.018255 0.011903 -0.011160
v 0.018034 0.011179 -0.011449
v 0.017790 0.010377 -0.011549
v 0.019104 0.009948 0.011549
v 0.019380 0.010740 0.011449
v 0.019629 0.011454 0.011160
v 0.019827 0.012020 0.010709
v 0.018581 0.012973 0.009511
v 0.019954 0.012384 0.010141
v 0.019998 0.012510 -0.009511
v 0.019954 0.012384 -0.010141
v 0.019827 0.012020 -0.010709
v 0.019629 0.011454 -0.011160
v 0.019380 0.010740 -0.011449
v 0.019104 0.009948 -0.011549
v 0.020395 0.009468 0.011549
v 0.020703 0.010248 0.011449
v 0.020981 0.010951 0.011160
v 0.021201 0.011510 0.010709
v 0.019998 0.012510 0.009511
v 0.021343 0.011868 0.010141
v 0.021391 0.011992 -0.009511
v 0.021343 0.011868 -0.010141
v 0.021201 0.011510 -0.010709
v 0.020981 0.010951 -0.011160
v 0.020703 0.010248 -0.011449
v 0.020395 0.009468 -0.011549
v 0.021664 0.008937 0.011549
v 0.022003 0.009704 0.011449
v 0.022309 0.010396 0.011160
v 0.022552 0.010945 0.010709
v 0.021391 0.011992 0.009511
v 0.022707 0.011298 0.010141
v 0.022761 0.011419 -0.009511
v 0.022707 0.011298 -0.010141
v 0.022552 0.010945 -0.010709
v 0.022309 0.010396 -0.011160
v 0.022003 0.009704 -0.011449
v 0.021664 0.008937 -0.011549
v 0.022911 0.008356 0.011549
v 0.023281 0.009108 0.011449
v 0.023614 0.009787 0.011160
v 0.023879 0.010326 0.010709
v 0.022761 0.011419 0.009511
v 0.024049 0.010672 0.010141
v 0.024107 0.010791 -0.009511
v 0.024049 0.010672 -0.010141
v 0.023879 0.010326 -0.010709
v 0.023614 0.009787 -0.011160
v 0.023281 0.009108 -0.011449
v 0.022911 0.008356 -0.011549
v 0.024125 0.007728 0.011549
v 0.024525 0.008465 0.011449
v 0.024887 0.009129 0.011160
v 0.025174 0.009657 0.010709
v 0.024107 0.010791 0.009511
v 0.025358 0.009995 0.010141
v 0.025422 0.010112 -0.009511
v 0.025358 0.009995 -0.010141
v 0.025174 0.009657 -0.010709
v 0.024887 0.009129 -0.011160
v 0.024525 0.008465 -0.011449
v 0.024125 0.007728 -0.011549
v 0.025295 0.007059 0.011549
v 0.025728 0.007777 0.011449
v 0.026117 0.008426 0.011160
v 0.026427 0.008940 0.010709
v 0.025422 0.010112 0.009511
v 0.026625 0.009271 0.010141
v 0.026694 0.009384 -0.009511
v 0.026625 0.009271 -0.010141
v 0.026427 0.008940 -0.010709
v 0.026117 0.008426 -0.011160
v 0.025728 0.007777 -0.011449
v 0.025295 0.007059 -0.011549
v 0.026423 0.006347 0.011549
v 0.026886 0.007046 0.011449
v 0.027304 0.007677 0.011160
v 0.027636 0.008177 0.010709
v 0.026694 0.009384 0.009511
v 0.027849 0.008498 0.010141
v 0.027922 0.008609 -0.009511
v 0.027849 0.008498 -0.010141
v 0.027636 0.008177 -0.010709
v 0.027304 0.007677 -0.011160
v 0.026886 0.007046 -0.011449
v 0.026423 0.006347 -0.011549
v 0.027508 0.005593 0.011549
v 0.028002 0.006271 0.011449
v 0.028448 0.006882 0.011160
v 0.028801 0.007367 0.010709
v 0.027922 0.008609 0.009511
v 0.029028 0.007679 0.010141
v 0.029107 0.007786 -0.009511
v 0.029028 0.007679 -0.010141
v 0.028801 0.007367 -0.010709
v 0.028448 0.006882 -0.011160
v 0.028002 0.006271 -0.011449
v 0.027508 0.005593 -0.011549
v 0.028550 0.004797 0.011549
v 0.029074 0.005452 0.011449
v 0.029547 0.006042 0.011160
v 0.029922 0.006511 0.010709
v 0.029107 0.007786 0.009511
v 0.030163 0.006811 0.010141
v 0.030246 0.006915 -0.009511
v 0.030163 0.006811 -0.010141
v 0.029922 0.006511 -0.010709
v 0.029547 0.006042 -0.011160
v 0.029074 0.005452 -0.011449
v 0.028550 0.004797 -0.011549
v 0.029548 0.003959 0.011549
v 0.030102 0.004589 0.011449
v 0.030602 0.005157 0.011160
v 0.030998 0.005608 0.010709
v 0.030246 0.006915 0.009511
v 0.031253 0.005897 0.010141
v 0.031340 0.005997 -0.009511
v 0.031253 0.005897 -0.010141
v 0.030998 0.005608 -0.010709
v 0.030602 0.005157 -0.011160
v 0.030102 0.004589 -0.011449
v 0.029548 0.003959 -0.011549
v 0.030504 0.003079 0.011549
v 0.031086 0.003682 0.011449
v 0.031611 0.004227 0.011160
v 0.032028 0.004659 0.010709
v 0.031340 0.005997 0.009511
v 0.032296 0.004936 0.010141
v 0.032388 0.005032 -0.009511
v 0.032296 0.004936 -0.010141
v 0.032028 0.004659 -0.010709
v 0.031611 0.004227 -0.011160
v 0.031086 0.003682 -0.011449
v 0.030504 0.003079 -0.011549
v 0.031416 0.002156 0.011549
v 0.032026 0.002732 0.011449
v 0.032576 0.003252 0.011160
v 0.033012 0.003664 0.010709
v 0.033389 0.004020 0.009511
v 0.032388 0.005032 0.009511
v 0.033389 0.004020 -0.009511
v 0.033293 0.003929 -0.010141
v 0.033012 0.003664 -0.010709
v 0.032576 0.003252 -0.011160
v 0.032026 0.002732 -0.011449
v 0.031416 0.002156 -0.011549
v 0.032921 0.001739 0.011449
v 0.033495 0.002232 0.011160
v 0.033950 0.002624 0.010709
v 0.034242 0.002875 0.010141
v 0.033293 0.003929 0.010141
v 0.034343 0.002962 0.009511
v 0.034343 0.002962 -0.009511
v 0.034242 0.002875 -0.010141
v 0.033950 0.002624 -0.010709
v 0.033495 0.002232 -0.011160
v 0.032921 0.001739 -0.011449
v 0.033772 0.000703 0.011449
v 0.032286 0.001192 0.011549
v 0.034368 0.001169 0.011160
v 0.034840 0.001539 0.010709
v 0.035144 0.001777 0.010141
v 0.035248 0.001859 0.009511
v 0.035248 0.001859 -0.009511
v 0.035144 0.001777 -0.010141
v 0.034840 0.001539 -0.010709
v 0.034368 0.001169 -0.011160
v 0.032286 0.001192 -0.011549
v 0.033772 0.000703 -0.011449
v 0.034578 -0.000377 0.011449
v 0.033112 0.000185 0.011549
v 0.035195 0.000062 0.011160
v 0.035684 0.000410 0.010709
v 0.035998 0.000634 0.010141
v 0.036106 0.000711 0.009511
v 0.036106 0.000711 -0.009511
v 0.035998 0.000634 -0.010141
v 0.035684 0.000410 -0.010709
v 0.035195 0.000062 -0.011160
v 0.033112 0.000185 -0.011549
v 0.034578 -0.000377 -0.011449
v 0.034636 -0.001954 0.011549
v 0.033895 -0.000863 0.011549
v 0.035341 -0.001500 0.011449
v 0.035976 -0.001090 0.011160
v 0.036481 -0.000765 0.010709
v 0.036805 -0.000556 0.010141
v 0.036917 -0.000484 0.009511
v 0.036805 -0.000556 -0.010141
v 0.036481 -0.000765 -0.010709
v 0.035976 -0.001090 -0.011160
v 0.035341 -0.001500 -0.011449
v 0.034636 -0.001954 -0.011549
v 0.033895 -0.000863 -0.011549
v 0.035325 -0.003080 0.011549
v 0.036051 -0.002661 0.011449
v 0.036706 -0.002283 0.011160
v 0.037226 -0.001982 0.010709
v 0.037560 -0.001790 0.010141
v 0.037675 -0.001723 -0.009511
v 0.036917 -0.000484 -0.009511
v 0.037560 -0.001790 -0.010141
v 0.037226 -0.001982 -0.010709
v 0.036706 -0.002283 -0.011160
v 0.036051 -0.002661 -0.011449
v 0.035325 -0.003080 -0.011549
v 0.035954 -0.004236 0.011549
v 0.036700 -0.003854 0.011449
v 0.037373 -0.003509 0.011160
v 0.037908 -0.003235 0.010709
v 0.037675 -0.001723 0.009511
v 0.038251 -0.003060 0.010141
v 0.038369 -0.002999 -0.009511
v 0.038251 -0.003060 -0.010141
v 0.037908 -0.003235 -0.010709
v 0.037373 -0.003509 -0.011160
v 0.036700 -0.003854 -0.011449
v 0.035954 -0.004236 -0.011549
v 0.037287 -0.005076 0.011449
v 0.037977 -0.004766 0.011160
v 0.038525 -0.004520 0.010709
v 0.038876 -0.004362 0.010141
v 0.038998 -0.004307 0.009511
v 0.038369 -0.002999 0.009511
v 0.038998 -0.004307 -0.009511
v 0.038876 -0.004362 -0.010141
v 0.038525 -0.004520 -0.010709
v 0.037977 -0.004766 -0.011160
v 0.037287 -0.005076 -0.011449
v 0.037813 -0.006329 0.011449
v 0.036523 -0.005420 0.011549
v 0.038518 -0.006054 0.011160
v 0.039077 -0.005835 0.010709
v 0.039436 -0.005695 0.010141
v 0.039560 -0.005647 0.009511
v 0.039560 -0.005647 -0.009511
v 0.039436 -0.005695 -0.010141
v 0.039077 -0.005835 -0.010709
v 0.038518 -0.006054 -0.011160
v 0.036523 -0.005420 -0.011549
v 0.037813 -0.006329 -0.011449
v 0.038276 -0.007610 0.011449
v 0.037032 -0.006633 0.011549
v 0.038994 -0.007371 0.011160
v 0.039564 -0.007181 0.010709
v 0.039929 -0.007059 0.010141
v 0.040055 -0.007017 0.009511
v 0.040055 -0.007017 -0.009511
v 0.039929 -0.007059 -0.010141
v 0.039564 -0.007181 -0.010709
v 0.038994 -0.007371 -0.011160
v 0.037032 -0.006633 -0.011549
v 0.038276 -0.007610 -0.011449
v 0.038678 -0.008922 0.011449
v 0.037481 -0.007876 0.011549
v 0.039406 -0.008718 0.011160
v 0.039985 -0.008556 0.010709
v 0.040356 -0.008452 0.010141
v 0.040484 -0.008417 0.009511
v 0.040484 -0.008417 -0.009511
v 0.040356 -0.008452 -0.010141
v 0.039985 -0.008556 -0.010709
v 0.039406 -0.008718 -0.011160
v 0.037481 -0.007876 -0.011549
v 0.038678 -0.008922 -0.011449
v 0.039017 -0.010261 0.011449
v 0.037870 -0.009147 0.011549
v 0.039755 -0.010093 0.011160
v 0.040340 -0.009960 0.010709
v 0.040716 -0.009874 0.010141
v 0.040846 -0.009845 0.009511
v 0.040846 -0.009845 -0.009511
v 0.040716 -0.009874 -0.010141
v 0.040340 -0.009960 -0.010709
v 0.039755 -0.010093 -0.011160
v 0.037870 -0.009147 -0.011549
v 0.039017 -0.010261 -0.011449
v 0.039295 -0.011630 0.011449
v 0.038200 -0.010448 0.011549
v 0.040039 -0.011497 0.011160
v 0.040631 -0.011392 0.010709
v 0.041010 -0.011324 0.010141
v 0.041141 -0.011301 0.009511
v 0.041141 -0.011301 -0.009511
v 0.041010 -0.011324 -0.010141
v 0.040631 -0.011392 -0.010709
v 0.040039 -0.011497 -0.011160
v 0.038200 -0.010448 -0.011549
v 0.039295 -0.011630 -0.011449
v 0.039510 -0.013027 0.011449
v 0.038469 -0.011777 0.011549
v 0.040260 -0.012928 0.011160
v 0.040856 -0.012850 0.010709
v 0.041238 -0.012800 0.010141
v 0.041369 -0.012783 0.009511
v 0.041369 -0.012783 -0.009511
v 0.041238 -0.012800 -0.010141
v 0.040856 -0.012850 -0.010709
v 0.040260 -0.012928 -0.011160
v 0.038469 -0.011777 -0.011549
v 0.039510 -0.013027 -0.011449
v 0.039664 -0.014452 0.011449
v 0.038679 -0.013136 0.011549
v 0.040418 -0.014387 0.011160
v 0.041016 -0.014336 0.010709
v 0.041400 -0.014303 0.010141
v 0.041532 -0.014292 0.009511
v 0.041532 -0.014292 -0.009511
v 0.041400 -0.014303 -0.010141
v 0.041016 -0.014336 -0.010709
v 0.040418 -0.014387 -0.011160
v 0.038679 -0.013136 -0.011549
v 0.039664 -0.014452 -0.011449
v 0.039756 -0.015904 0.011449
v 0.038829 -0.014523 0.011549
v 0.040512 -0.015873 0.011160
v 0.041112 -0.015847 0.010709
v 0.041497 -0.015831 0.010141
v 0.041630 -0.015826 0.009511
v 0.041630 -0.015826 -0.009511
v 0.041497 -0.015831 -0.010141
v 0.041112 -0.015847 -0.010709
v 0.040512 -0.015873 -0.011160
v 0.038829 -0.014523 -0.011549
v 0.039756 -0.015904 -0.011449
v 0.039787 -0.017385 0.011449
v 0.038918 -0.015940 0.011549
v 0.040543 -0.017385 0.011160
v 0.041144 -0.017385 0.010709
v 0.041529 -0.017386 0.010141
v 0.041662 -0.017386 0.009511
v 0.041662 -0.017386 -0.009511
v 0.041529 -0.017386 -0.010141
v 0.041144 -0.017385 -0.010709
v 0.040543 -0.017385 -0.011160
v 0.038918 -0.015940 -0.011549
v 0.039787 -0.017385 -0.011449
v 0.038916 -0.018942 0.011549
v 0.038948 -0.017385 0.011549
v 0.039753 -0.018977 0.011449
v 0.040509 -0.019010 0.011160
v 0.041109 -0.019035 0.010709
v 0.041494 -0.019052 0.010141
v 0.041627 -0.019057 -0.009511
v 0.041494 -0.019052 -0.010141
v 0.041109 -0.019035 -0.010709
v 0.040509 -0.019010 -0.011160
v 0.039753 -0.018977 -0.011449
v 0.038916 -0.018942 -0.011549
v 0.038948 -0.017385 -0.011549
v 0.038817 -0.020466 0.011549
v 0.039653 -0.020539 0.011449
v 0.040406 -0.020604 0.011160
v 0.041004 -0.020656 0.010709
v 0.041627 -0.019057 0.009511
v 0.041388 -0.020690 0.010141
v 0.041521 -0.020701 -0.009511
v 0.041388 -0.020690 -0.010141
v 0.041004 -0.020656 -0.010709
v 0.040406 -0.020604 -0.011160
v 0.039653 -0.020539 -0.011449
v 0.038817 -0.020466 -0.011549
v 0.038654 -0.021959 0.011549
v 0.039485 -0.022070 0.011449
v 0.040235 -0.022170 0.011160
v 0.040830 -0.022249 0.010709
v 0.041521 -0.020701 0.009511
v 0.041212 -0.022300 0.010141
v 0.041343 -0.022317 -0.009511
v 0.041212 -0.022300 -0.010141
v 0.040830 -0.022249 -0.010709
v 0.040235 -0.022170 -0.011160
v 0.039485 -0.022070 -0.011449
v 0.038654 -0.021959 -0.011549
v 0.038424 -0.023420 0.011549
v 0.039249 -0.023570 0.011449
v 0.039994 -0.023705 0.011160
v 0.040584 -0.023812 0.010709
v 0.041343 -0.022317 0.009511
v 0.040964 -0.023881 0.010141
v 0.041094 -0.023904 -0.009511
v 0.040964 -0.023881 -0.010141
v 0.040584 -0.023812 -0.010709
v 0.039994 -0.023705 -0.011160
v 0.039249 -0.023570 -0.011449
v 0.038424 -0.023420 -0.011549
v 0.038130 -0.024849 0.011549
v 0.038946 -0.025038 0.011449
v 0.039683 -0.025209 0.011160
v 0.040268 -0.025345 0.010709
v 0.041094 -0.023904 0.009511
v 0.040644 -0.025432 0.010141
v 0.040773 -0.025462 -0.009511
v 0.040644 -0.025432 -0.010141
v 0.040268 -0.025345 -0.010709
v 0.039683 -0.025209 -0.011160
v 0.038946 -0.025038 -0.011449
v 0.038130 -0.024849 -0.011549
v 0.037769 -0.026246 0.011549
v 0.038576 -0.026476 0.011449
v 0.039303 -0.026683 0.011160
v 0.039881 -0.026847 0.010709
v 0.040773 -0.025462 0.009511
v 0.040252 -0.026953 0.010141
v 0.040379 -0.026989 -0.009511
v 0.040252 -0.026953 -0.010141
v 0.039881 -0.026847 -0.010709
v 0.039303 -0.026683 -0.011160
v 0.038576 -0.026476 -0.011449
v 0.037769 -0.026246 -0.011549
v 0.037343 -0.027612 0.011549
v 0.038137 -0.027882 0.011449
v 0.038854 -0.028125 0.011160
v 0.039422 -0.028318 0.010709
v 0.040379 -0.026989 0.009511
v 0.039787 -0.028442 0.010141
v 0.039913 -0.028485 -0.009511
v 0.039787 -0.028442 -0.010141
v 0.039422 -0.028318 -0.010709
v 0.038854 -0.028125 -0.011160
v 0.038137 -0.027882 -0.011449
v 0.037343 -0.027612 -0.011549
v 0.036852 -0.028945 0.011549
v 0.037631 -0.029255 0.011449
v 0.038334 -0.029535 0.011160
v 0.038892 -0.029757 0.010709
v 0.039913 -0.028485 0.009511
v 0.039250 -0.029899 0.010141
v 0.039374 -0.029948 -0.009511
v 0.039250 -0.029899 -0.010141
v 0.038892 -0.029757 -0.010709
v 0.038334 -0.029535 -0.011160
v 0.037631 -0.029255 -0.011449
v 0.036852 -0.028945 -0.011549
v 0.036295 -0.030247 0.011549
v 0.037057 -0.030597 0.011449
v 0.037745 -0.030912 0.011160
v 0.038291 -0.031162 0.010709
v 0.039374 -0.029948 0.009511
v 0.038641 -0.031323 0.010141
v 0.038762 -0.031378 -0.009511
v 0.038641 -0.031323 -0.010141
v 0.038291 -0.031162 -0.010709
v 0.037745 -0.030912 -0.011160
v 0.037057 -0.030597 -0.011449
v 0.036295 -0.030247 -0.011549
v 0.036416 -0.031906 0.011449
v 0.037087 -0.032256 0.011160
v 0.037619 -0.032534 0.010709
v 0.037960 -0.032712 0.010141
v 0.038078 -0.032774 0.009511
v 0.038762 -0.031378 0.009511
v 0.038078 -0.032774 -0.009511
v 0.037619 -0.032534 -0.010709
v 0.037087 -0.032256 -0.011160
v 0.036416 -0.031906 -0.011449
v 0.035707 -0.033181 0.011449
v 0.035673 -0.031517 0.011549
v 0.036359 -0.033566 0.011160
v 0.036876 -0.033870 0.010709
v 0.037208 -0.034066 0.010141
v 0.037323 -0.034134 0.009511
v 0.037323 -0.034134 -0.009511
v 0.037960 -0.032712 -0.010141
v 0.037208 -0.034066 -0.010141
v 0.036876 -0.033870 -0.010709
v 0.036359 -0.033566 -0.011160
v 0.035673 -0.031517 -0.011549
v 0.035707 -0.033181 -0.011449
v 0.034932 -0.034423 0.011449
v 0.034985 -0.032755 0.011549
v 0.035564 -0.034839 0.011160
v 0.036065 -0.035169 0.010709
v 0.036387 -0.035381 0.010141
v 0.036498 -0.035454 0.009511
v 0.036498 -0.035454 -0.009511
v 0.036387 -0.035381 -0.010141
v 0.036065 -0.035169 -0.010709
v 0.035564 -0.034839 -0.011160
v 0.034985 -0.032755 -0.011549
v 0.034932 -0.034423 -0.011449
v 0.034099 -0.035623 0.011449
v 0.034231 -0.033962 0.011549
v 0.034711 -0.036069 0.011160
v 0.035196 -0.036422 0.010709
v 0.035507 -0.036649 0.010141
v 0.035615 -0.036727 0.009511
v 0.035615 -0.036727 -0.009511
v 0.035507 -0.036649 -0.010141
v 0.035196 -0.036422 -0.010709
v 0.034711 -0.036069 -0.011160
v 0.034231 -0.033962 -0.011549
v 0.034099 -0.035623 -0.011449
v 0.032564 -0.036251 0.011549
v 0.033421 -0.035129 0.011549
v 0.033218 -0.036776 0.011449
v 0.033808 -0.037249 0.011160
v 0.034276 -0.037625 0.010709
v 0.034577 -0.037866 0.010141
v 0.034680 -0.037949 -0.009511
v 0.034577 -0.037866 -0.010141
v 0.034276 -0.037625 -0.010709
v 0.033808 -0.037249 -0.011160
v 0.033218 -0.036776 -0.011449
v 0.032564 -0.036251 -0.011549
v 0.033421 -0.035129 -0.011549
v 0.031658 -0.037327 0.011549
v 0.032287 -0.037882 0.011449
v 0.032854 -0.038382 0.011160
v 0.033304 -0.038780 0.010709
v 0.034680 -0.037949 0.009511
v 0.033593 -0.039035 0.010141
v 0.033693 -0.039123 -0.009511
v 0.033593 -0.039035 -0.010141
v 0.033304 -0.038780 -0.010709
v 0.032854 -0.038382 -0.011160
v 0.032287 -0.037882 -0.011449
v 0.031658 -0.037327 -0.011549
v 0.030705 -0.038357 0.011549
v 0.031307 -0.038941 0.011449
v 0.031850 -0.039468 0.011160
v 0.032281 -0.039886 0.010709
v 0.033693 -0.039123 0.009511
v 0.032557 -0.040154 0.010141
v 0.032653 -0.040246 -0.009511
v 0.032557 -0.040154 -0.010141
v 0.032281 -0.039886 -0.010709
v 0.031850 -0.039468 -0.011160
v 0.031307 -0.038941 -0.011449
v 0.030705 -0.038357 -0.011549
v 0.030278 -0.039953 0.011449
v 0.030795 -0.040504 0.011160
v 0.031206 -0.040942 0.010709
v 0.031470 -0.041223 0.010141
v 0.031561 -0.041320 0.009511
v 0.032653 -0.040246 0.009511
v 0.031561 -0.041320 -0.009511
v 0.031470 -0.041223 -0.010141
v 0.031206 -0.040942 -0.010709
v 0.030795 -0.040504 -0.011160
v 0.030278 -0.039953 -0.011449
v 0.029200 -0.040917 0.011449
v 0.029704 -0.039341 0.011549
v 0.029691 -0.041492 0.011160
v 0.030081 -0.041949 0.010709
v 0.030331 -0.042242 0.010141
v 0.030417 -0.042343 0.009511
v 0.030417 -0.042343 -0.009511
v 0.030331 -0.042242 -0.010141
v 0.030081 -0.041949 -0.010709
v 0.029691 -0.041492 -0.011160
v 0.029704 -0.039341 -0.011549
v 0.029200 -0.040917 -0.011449
v 0.028073 -0.041834 0.011449
v 0.028655 -0.040279 0.011549
v 0.028537 -0.042432 0.011160
v 0.028905 -0.042906 0.010709
v 0.029141 -0.043210 0.010141
v 0.029223 -0.043315 0.009511
v 0.029223 -0.043315 -0.009511
v 0.029141 -0.043210 -0.010141
v 0.028905 -0.042906 -0.010709
v 0.028537 -0.042432 -0.011160
v 0.028655 -0.040279 -0.011549
v 0.028073 -0.041834 -0.011449
v 0.026898 -0.042703 0.011449
v 0.027559 -0.041172 0.011549
v 0.027334 -0.043322 0.011160
v 0.027680 -0.043812 0.010709
v 0.027902 -0.044127 0.010141
v 0.027979 -0.044236 0.009511
v 0.027979 -0.044236 -0.009511
v 0.027902 -0.044127 -0.010141
v 0.027680 -0.043812 -0.010709
v 0.027334 -0.043322 -0.011160
v 0.027559 -0.041172 -0.011549
v 0.026898 -0.042703 -0.011449
v 0.025675 -0.043525 0.011449
v 0.026415 -0.042018 0.011549
v 0.026083 -0.044162 0.011160
v 0.026406 -0.044668 0.010709
v 0.026614 -0.044993 0.010141
v 0.026686 -0.045104 0.009511
v 0.026686 -0.045104 -0.009511
v 0.026614 -0.044993 -0.010141
v 0.026406 -0.044668 -0.010709
v 0.026083 -0.044162 -0.011160
v 0.026415 -0.042018 -0.011549
v 0.025675 -0.043525 -0.011449
v 0.024404 -0.044299 0.011449
v 0.025223 -0.042819 0.011549
v 0.024783 -0.044954 0.011160
v 0.025084 -0.045473 0.010709
v 0.025277 -0.045807 0.010141
v 0.025344 -0.045921 0.009511
v 0.025344 -0.045921 -0.009511
v 0.025277 -0.045807 -0.010141
v 0.025084 -0.045473 -0.010709
v 0.024783 -0.044954 -0.011160
v 0.025223 -0.042819 -0.011549
v 0.024404 -0.044299 -0.011449
v 0.023085 -0.045025 0.011449
v 0.023983 -0.043574 0.011549
v 0.023436 -0.045696 0.011160
v 0.023714 -0.046227 0.010709
v 0.023893 -0.046569 0.010141
v 0.023954 -0.046687 0.009511
v 0.023954 -0.046687 -0.009511
v 0.023893 -0.046569 -0.010141
v 0.023714 -0.046227 -0.010709
v 0.023436 -0.045696 -0.011160
v 0.023983 -0.043574 -0.011549
v 0.023085 -0.045025 -0.011449
v 0.021719 -0.045704 0.011449
v 0.022696 -0.044282 0.011549
v 0.022041 -0.046388 0.011160
v 0.022298 -0.046931 0.010709
v 0.022462 -0.047280 0.010141
v 0.022519 -0.047400 0.009511
v 0.022519 -0.047400 -0.009511
v 0.022462 -0.047280 -0.010141
v 0.022298 -0.046931 -0.010709
v 0.022041 -0.046388 -0.011160
v 0.022696 -0.044282 -0.011549
v 0.021719 -0.045704 -0.011449
v 0.020317 -0.046331 0.011449
v 0.021361 -0.044946 0.011549
v 0.020612 -0.047027 0.011160
v 0.020846 -0.047580 0.010709
v 0.020997 -0.047935 0.010141
v 0.021049 -0.048057 0.009511
v 0.021049 -0.048057 -0.009511
v 0.020997 -0.047935 -0.010141
v 0.020846 -0.047580 -0.010709
v 0.020612 -0.047027 -0.011160
v 0.021361 -0.044946 -0.011549
v 0.020317 -0.046331 -0.011449
v 0.018889 -0.046903 0.011449
v 0.019989 -0.045559 0.011549
v 0.019157 -0.047611 0.011160
v 0.019370 -0.048172 0.010709
v 0.019506 -0.048533 0.010141
v 0.019553 -0.048657 0.009511
v 0.019553 -0.048657 -0.009511
v 0.019506 -0.048533 -0.010141
v 0.019370 -0.048172 -0.010709
v 0.019157 -0.047611 -0.011160
v 0.019989 -0.045559 -0.011549
v 0.018889 -0.046903 -0.011449
v 0.017437 -0.047421 0.011449
v 0.018593 -0.046119 0.011549
v 0.017677 -0.048138 0.011160
v 0.017867 -0.048708 0.010709
v 0.017989 -0.049073 0.010141
v 0.018032 -0.049199 0.009511
v 0.018032 -0.049199 -0.009511
v 0.017989 -0.049073 -0.010141
v 0.017867 -0.048708 -0.010709
v 0.017677 -0.048138 -0.011160
v 0.018593 -0.046119 -0.011549
v 0.017437 -0.047421 -0.011449
v 0.015958 -0.047884 0.011449
v 0.017170 -0.046626 0.011549
v 0.016171 -0.048610 0.011160
v 0.016339 -0.049186 0.010709
v 0.016447 -0.049556 0.010141
v 0.016485 -0.049684 0.009511
v 0.016485 -0.049684 -0.009511
v 0.016447 -0.049556 -0.010141
v 0.016339 -0.049186 -0.010709
v 0.016171 -0.048610 -0.011160
v 0.017170 -0.046626 -0.011549
v 0.015958 -0.047884 -0.011449
v 0.014455 -0.048293 0.011449
v 0.015723 -0.047079 0.011549
v 0.014639 -0.049026 0.011160
v 0.014786 -0.049608 0.010709
v 0.014880 -0.049982 0.010141
v 0.014912 -0.050111 0.009511
v 0.014912 -0.050111 -0.009511
v 0.014880 -0.049982 -0.010141
v 0.014786 -0.049608 -0.010709
v 0.014639 -0.049026 -0.011160
v 0.015723 -0.047079 -0.011549
v 0.014455 -0.048293 -0.011449
v 0.012926 -0.048647 0.011449
v 0.014250 -0.047480 0.011549
v 0.013083 -0.049386 0.011160
v 0.013208 -0.049974 0.010709
v 0.013288 -0.050351 0.010141
v 0.013315 -0.050481 0.009511
v 0.013315 -0.050481 -0.009511
v 0.013288 -0.050351 -0.010141
v 0.013208 -0.049974 -0.010709
v 0.013083 -0.049386 -0.011160
v 0.014250 -0.047480 -0.011549
v 0.012926 -0.048647 -0.011449
v 0.011373 -0.048946 0.011449
v 0.012753 -0.047826 0.011549
v 0.011502 -0.049691 0.011160
v 0.011605 -0.050282 0.010709
v 0.011671 -0.050662 0.010141
v 0.011694 -0.050793 0.009511
v 0.011694 -0.050793 -0.009511
v 0.011671 -0.050662 -0.010141
v 0.011605 -0.050282 -0.010709
v 0.011502 -0.049691 -0.011160
v 0.012753 -0.047826 -0.011549
v 0.011373 -0.048946 -0.011449
v 0.009795 -0.049190 0.011449
v 0.011229 -0.048120 0.011549
v 0.009897 -0.049940 0.011160
v 0.009978 -0.050535 0.010709
v 0.010031 -0.050916 0.010141
v 0.010049 -0.051048 0.009511
v 0.010049 -0.051048 -0.009511
v 0.010031 -0.050916 -0.010141
v 0.009978 -0.050535 -0.010709
v 0.009897 -0.049940 -0.011160
v 0.011229 -0.048120 -0.011549
v 0.009795 -0.049190 -0.011449
v 0.008191 -0.049381 0.011449
v 0.009681 -0.048360 0.011549
v 0.008267 -0.050133 0.011160
v 0.008328 -0.050730 0.010709
v 0.008366 -0.051114 0.010141
v 0.008380 -0.051246 0.009511
v 0.008380 -0.051246 -0.009511
v 0.008366 -0.051114 -0.010141
v 0.008328 -0.050730 -0.010709
v 0.008267 -0.050133 -0.011160
v 0.009681 -0.048360 -0.011549
v 0.008191 -0.049381 -0.011449
v 0.006564 -0.049516 0.011449
v 0.008107 -0.048546 0.011549
v 0.006614 -0.050271 0.011160
v 0.006653 -0.050870 0.010709
v 0.006679 -0.051255 0.010141
v 0.006688 -0.051387 0.009511
v 0.006688 -0.051387 -0.009511
v 0.006679 -0.051255 -0.010141
v 0.006653 -0.050870 -0.010709
v 0.006614 -0.050271 -0.011160
v 0.008107 -0.048546 -0.011549
v 0.006564 -0.049516 -0.011449
v 0.004911 -0.049598 0.011449
v 0.006508 -0.048680 0.011549
v 0.004936 -0.050354 0.011160
v 0.004956 -0.050954 0.010709
v 0.004968 -0.051339 0.010141
v 0.004973 -0.051472 0.009511
v 0.004973 -0.051472 -0.009511
v 0.004968 -0.051339 -0.010141
v 0.004956 -0.050954 -0.010709
v 0.004936 -0.050354 -0.011160
v 0.006508 -0.048680 -0.011549
v 0.004911 -0.049598 -0.011449
v 0.003234 -0.048787 0.011549
v 0.004884 -0.048760 0.011549
v 0.003230 -0.049625 0.011449
v 0.003227 -0.050381 0.011160
v 0.003224 -0.050982 0.010709
v 0.003222 -0.051367 0.010141
v 0.003221 -0.051500 -0.009511
v 0.003222 -0.051367 -0.010141
v 0.003224 -0.050982 -0.010709
v 0.003227 -0.050381 -0.011160
v 0.003230 -0.049625 -0.011449
v 0.003234 -0.048787 -0.011549
v 0.004884 -0.048760 -0.011549
v -0.000008 -0.048702 0.011549
v -0.000052 -0.049540 0.011449
v -0.000093 -0.050295 0.011160
v -0.000125 -0.050895 0.010709
v 0.003221 -0.051500 0.009511
v -0.000145 -0.051280 0.010141
v -0.000152 -0.051412 -0.009511
v -0.000145 -0.051280 -0.010141
v -0.000125 -0.050895 -0.010709
v -0.000093 -0.050295 -0.011160
v -0.000052 -0.049540 -0.011449
v -0.000008 -0.048702 -0.011549
v -0.003130 -0.048450 0.011549
v -0.003222 -0.049283 0.011449
v -0.003305 -0.050035 0.011160
v -0.003371 -0.050632 0.010709
v -0.000152 -0.051412 0.009511
v -0.003413 -0.051015 0.010141
v -0.003428 -0.051147 -0.009511
v -0.003413 -0.051015 -0.010141
v -0.003371 -0.050632 -0.010709
v -0.003305 -0.050035 -0.011160
v -0.003222 -0.049283 -0.011449
v -0.003130 -0.048450 -0.011549
v -0.006132 -0.048028 0.011549
v -0.006274 -0.048855 0.011449
v -0.006403 -0.049601 0.011160
v -0.006505 -0.050192 0.010709
v -0.003428 -0.051147 0.009511
v -0.006570 -0.050572 0.010141
v -0.006593 -0.050703 -0.009511
v -0.006570 -0.050572 -0.010141
v -0.006505 -0.050192 -0.010709
v -0.006403 -0.049601 -0.011160
v -0.006274 -0.048855 -0.011449
v -0.006132 -0.048028 -0.011549
v -0.009015 -0.047439 0.011549
v -0.009210 -0.048255 0.011449
v -0.009386 -0.048991 0.011160
v -0.009526 -0.049575 0.010709
v -0.006593 -0.050703 0.009511
v -0.009615 -0.049950 0.010141
v -0.009646 -0.050079 -0.009511
v -0.009615 -0.049950 -0.010141
v -0.009526 -0.049575 -0.010709
v -0.009386 -0.048991 -0.011160
v -0.009210 -0.048255 -0.011449
v -0.009015 -0.047439 -0.011549
v -0.011777 -0.046681 0.011549
v -0.012027 -0.047481 0.011449
v -0.012253 -0.048204 0.011160
v -0.012432 -0.048777 0.010709
v -0.009646 -0.050079 0.009511
v -0.012547 -0.049145 0.010141
v -0.012586 -0.049272 -0.009511
v -0.012547 -0.049145 -0.010141
v -0.012432 -0.048777 -0.010709
v -0.012253 -0.048204 -0.011160
v -0.012027 -0.047481 -0.011449
v -0.011777 -0.046681 -0.011549
v -0.014420 -0.045754 0.011549
v -0.014726 -0.046535 0.011449
v -0.015002 -0.047240 0.011160
v -0.015221 -0.047799 0.010709
v -0.012586 -0.049272 0.009511
v -0.015362 -0.048158 0.010141
v -0.015410 -0.048282 -0.009511
v -0.015362 -0.048158 -0.010141
v -0.015221 -0.047799 -0.010709
v -0.015002 -0.047240 -0.011160
v -0.014726 -0.046535 -0.011449
v -0.014420 -0.045754 -0.011549
v -0.016944 -0.044659 0.011549
v -0.017306 -0.045416 0.011449
v -0.017633 -0.046098 0.011160
v -0.017892 -0.046640 0.010709
v -0.015410 -0.048282 0.009511
v -0.018059 -0.046988 0.010141
v -0.018116 -0.047108 -0.009511
v -0.018059 -0.046988 -0.010141
v -0.017892 -0.046640 -0.010709
v -0.017633 -0.046098 -0.011160
v -0.017306 -0.045416 -0.011449
v -0.016944 -0.044659 -0.011549
v -0.019347 -0.043396 0.011549
v -0.019765 -0.044123 0.011449
v -0.020143 -0.044779 0.011160
v -0.020442 -0.045300 0.010709
v -0.018116 -0.047108 0.009511
v -0.020635 -0.045634 0.010141
v -0.020701 -0.045749 0.009511
v -0.020635 -0.045634 -0.010141
v -0.020442 -0.045300 -0.010709
v -0.020143 -0.044779 -0.011160
v -0.019765 -0.044123 -0.011449
v -0.019347 -0.043396 -0.011549
v -0.021631 -0.041964 0.011549
v -0.022103 -0.042657 0.011449
v -0.022530 -0.043282 0.011160
v -0.022868 -0.043778 0.010709
v -0.023085 -0.044097 0.010141
v -0.023160 -0.044207 -0.009511
v -0.020701 -0.045749 -0.009511
v -0.023085 -0.044097 -0.010141
v -0.022868 -0.043778 -0.010709
v -0.022530 -0.043282 -0.011160
v -0.022103 -0.042657 -0.011449
v -0.021631 -0.041964 -0.011549
v -0.024319 -0.041018 0.011449
v -0.024792 -0.041609 0.011160
v -0.025167 -0.042078 0.010709
v -0.025408 -0.042379 0.010141
v -0.025491 -0.042483 0.009511
v -0.023160 -0.044207 0.009511
v -0.025491 -0.042483 -0.009511
v -0.025408 -0.042379 -0.010141
v -0.025167 -0.042078 -0.010709
v -0.024792 -0.041609 -0.011160
v -0.024319 -0.041018 -0.011449
v -0.026411 -0.039208 0.011449
v -0.023794 -0.040363 0.011549
v -0.026927 -0.039761 0.011160
v -0.027337 -0.040200 0.010709
v -0.027600 -0.040482 0.010141
v -0.027691 -0.040579 0.009511
v -0.027691 -0.040579 -0.009511
v -0.027600 -0.040482 -0.010141
v -0.027337 -0.040200 -0.010709
v -0.026927 -0.039761 -0.011160
v -0.023794 -0.040363 -0.011549
v -0.026411 -0.039208 -0.011449
v -0.027763 -0.036657 0.011549
v -0.025838 -0.038595 0.011549
v -0.028380 -0.037226 0.011449
v -0.028937 -0.037738 0.011160
v -0.029378 -0.038145 0.010709
v -0.029662 -0.038406 0.010141
v -0.029760 -0.038496 -0.009511
v -0.029662 -0.038406 -0.010141
v -0.029378 -0.038145 -0.010709
v -0.028937 -0.037738 -0.011160
v -0.028380 -0.037226 -0.011449
v -0.027763 -0.036657 -0.011549
v -0.025838 -0.038595 -0.011549
v -0.029549 -0.034564 0.011549
v -0.030208 -0.035083 0.011449
v -0.030802 -0.035552 0.011160
v -0.031273 -0.035924 0.010709
v -0.029760 -0.038496 0.009511
v -0.031576 -0.036163 0.010141
v -0.031680 -0.036246 -0.009511
v -0.031576 -0.036163 -0.010141
v -0.031273 -0.035924 -0.010709
v -0.030802 -0.035552 -0.011160
v -0.030208 -0.035083 -0.011449
v -0.029549 -0.034564 -0.011549
v -0.031877 -0.032794 0.011449
v -0.032504 -0.033217 0.011160
v -0.033003 -0.033552 0.010709
v -0.033323 -0.033767 0.010141
v -0.033433 -0.033842 0.009511
v -0.031680 -0.036246 0.009511
v -0.033433 -0.033842 -0.009511
v -0.033323 -0.033767 -0.010141
v -0.033003 -0.033552 -0.010709
v -0.032504 -0.033217 -0.011160
v -0.031877 -0.032794 -0.011449
v -0.033385 -0.030360 0.011449
v -0.031181 -0.032326 0.011549
v -0.034043 -0.030734 0.011160
v -0.034564 -0.031032 0.010709
v -0.034899 -0.031223 0.010141
v -0.035015 -0.031289 0.009511
v -0.035015 -0.031289 -0.009511
v -0.034899 -0.031223 -0.010141
v -0.034564 -0.031032 -0.010709
v -0.034043 -0.030734 -0.011160
v -0.031181 -0.032326 -0.011549
v -0.033385 -0.030360 -0.011449
v -0.034734 -0.027780 0.011449
v -0.032656 -0.029944 0.011549
v -0.035416 -0.028107 0.011160
v -0.035958 -0.028367 0.010709
v -0.036306 -0.028533 0.010141
v -0.036425 -0.028590 0.009511
v -0.036425 -0.028590 -0.009511
v -0.036306 -0.028533 -0.010141
v -0.035958 -0.028367 -0.010709
v -0.035416 -0.028107 -0.011160
v -0.032656 -0.029944 -0.011549
v -0.034734 -0.027780 -0.011449
v -0.035922 -0.025057 0.011449
v -0.033977 -0.027418 0.011549
v -0.036625 -0.025337 0.011160
v -0.037183 -0.025558 0.010709
v -0.037542 -0.025701 0.010141
v -0.037665 -0.025750 0.009511
v -0.037665 -0.025750 -0.009511
v -0.037542 -0.025701 -0.010141
v -0.037183 -0.025558 -0.010709
v -0.036625 -0.025337 -0.011160
v -0.033977 -0.027418 -0.011549
v -0.035922 -0.025057 -0.011449
v -0.036950 -0.022192 0.011449
v -0.035142 -0.024748 0.011549
v -0.037670 -0.022425 0.011160
v -0.038241 -0.022609 0.010709
v -0.038608 -0.022728 0.010141
v -0.038735 -0.022769 0.009511
v -0.038735 -0.022769 -0.009511
v -0.038608 -0.022728 -0.010141
v -0.038241 -0.022609 -0.010709
v -0.037670 -0.022425 -0.011160
v -0.035142 -0.024748 -0.011549
v -0.036950 -0.022192 -0.011449
v -0.037819 -0.019184 0.011449
v -0.036152 -0.021934 0.011549
v -0.038552 -0.019372 0.011160
v -0.039133 -0.019521 0.010709
v -0.039507 -0.019617 0.010141
v -0.039635 -0.019650 0.009511
v -0.039635 -0.019650 -0.009511
v -0.039507 -0.019617 -0.010141
v -0.039133 -0.019521 -0.010709
v -0.038552 -0.019372 -0.011160
v -0.036152 -0.021934 -0.011549
v -0.037819 -0.019184 -0.011449
v -0.038529 -0.016034 0.011449
v -0.037007 -0.018975 0.011549
v -0.039271 -0.016180 0.011160
v -0.039860 -0.016296 0.010709
v -0.040238 -0.016370 0.010141
v -0.040369 -0.016395 0.009511
v -0.040369 -0.016395 -0.009511
v -0.040238 -0.016370 -0.010141
v -0.039860 -0.016296 -0.010709
v -0.039271 -0.016180 -0.011160
v -0.037007 -0.018975 -0.011549
v -0.038529 -0.016034 -0.011449
v -0.039080 -0.012743 0.011449
v -0.037706 -0.015873 0.011549
v -0.039829 -0.012849 0.011160
v -0.040423 -0.012932 0.010709
v -0.040805 -0.012986 0.010141
v -0.040937 -0.013005 0.009511
v -0.040937 -0.013005 -0.009511
v -0.040805 -0.012986 -0.010141
v -0.040423 -0.012932 -0.010709
v -0.039829 -0.012849 -0.011160
v -0.037706 -0.015873 -0.011549
v -0.039080 -0.012743 -0.011449
v -0.039473 -0.009311 0.011449
v -0.038249 -0.012626 0.011549
v -0.040226 -0.009379 0.011160
v -0.040824 -0.009432 0.010709
v -0.041208 -0.009467 0.010141
v -0.041341 -0.009479 0.009511
v -0.041341 -0.009479 -0.009511
v -0.041208 -0.009467 -0.010141
v -0.040824 -0.009432 -0.010709
v -0.040226 -0.009379 -0.011160
v -0.038249 -0.012626 -0.011549
v -0.039473 -0.009311 -0.011449
v -0.039709 -0.005737 0.011449
v -0.038638 -0.009235 0.011549
v -0.040464 -0.005770 0.011160
v -0.041064 -0.005796 0.010709
v -0.041449 -0.005813 0.010141
v -0.041582 -0.005818 0.009511
v -0.041582 -0.005818 -0.009511
v -0.041449 -0.005813 -0.010141
v -0.041064 -0.005796 -0.010709
v -0.040464 -0.005770 -0.011160
v -0.038638 -0.009235 -0.011549
v -0.039709 -0.005737 -0.011449
v -0.039787 -0.002024 0.011449
v -0.038871 -0.005700 0.011549
v -0.040543 -0.002025 0.011160
v -0.041144 -0.002027 0.010709
v -0.041529 -0.002028 0.010141
v -0.041662 -0.002028 0.009511
v -0.041662 -0.002028 -0.009511
v -0.041529 -0.002028 -0.010141
v -0.041144 -0.002027 -0.010709
v -0.040543 -0.002025 -0.011160
v -0.038871 -0.005700 -0.011549
v -0.039787 -0.002024 -0.011449
v -0.039744 0.000647 0.011449
v -0.038949 -0.002021 0.011549
v -0.040500 0.000672 0.011160
v -0.041100 0.000691 0.010709
v -0.041486 0.000703 0.010141
v -0.041618 0.000708 0.009511
v -0.041618 0.000708 -0.009511
v -0.041486 0.000703 -0.010141
v -0.041100 0.000691 -0.010709
v -0.040500 0.000672 -0.011160
v -0.038949 -0.002021 -0.011549
v -0.039744 0.000647 -0.011449
v -0.038780 0.003197 0.011549
v -0.038906 0.000620 0.011549
v -0.039617 0.003253 0.011449
v -0.040371 0.003303 0.011160
v -0.040970 0.003343 0.010709
v -0.041355 0.003368 0.010141
v -0.041487 0.003377 -0.009511
v -0.041355 0.003368 -0.010141
v -0.040970 0.003343 -0.010709
v -0.040371 0.003303 -0.011160
v -0.039617 0.003253 -0.011449
v -0.038780 0.003197 -0.011549
v -0.038906 0.000620 -0.011549
v -0.038570 0.005711 0.011549
v -0.039404 0.005796 0.011449
v -0.040156 0.005873 0.011160
v -0.040753 0.005934 0.010709
v -0.041487 0.003377 0.009511
v -0.041137 0.005973 0.010141
v -0.041269 0.005986 -0.009511
v -0.041137 0.005973 -0.010141
v -0.040753 0.005934 -0.010709
v -0.040156 0.005873 -0.011160
v -0.039404 0.005796 -0.011449
v -0.038570 0.005711 -0.011549
v -0.038275 0.008161 0.011549
v -0.039105 0.008277 0.011449
v -0.039854 0.008382 0.011160
v -0.040449 0.008465 0.010709
v -0.041269 0.005986 0.009511
v -0.040831 0.008518 0.010141
v -0.040962 0.008536 0.009511
v -0.040831 0.008518 -0.010141
v -0.040449 0.008465 -0.010709
v -0.039854 0.008382 -0.011160
v -0.039105 0.008277 -0.011449
v -0.038275 0.008161 -0.011549
v -0.037896 0.010548 0.011549
v -0.038721 0.010696 0.011449
v -0.039466 0.010829 0.011160
v -0.040057 0.010935 0.010709
v -0.040436 0.011003 0.010141
v -0.040962 0.008536 -0.009511
v -0.040567 0.011026 0.009511
v -0.040436 0.011003 -0.010141
v -0.040057 0.010935 -0.010709
v -0.039466 0.010829 -0.011160
v -0.038721 0.010696 -0.011449
v -0.037896 0.010548 -0.011549
v -0.037432 0.012871 0.011549
v -0.038251 0.013051 0.011449
v -0.038990 0.013215 0.011160
v -0.039576 0.013344 0.010709
v -0.039952 0.013427 0.010141
v -0.040082 0.013456 -0.009511
v -0.040567 0.011026 -0.009511
v -0.039952 0.013427 -0.010141
v -0.039576 0.013344 -0.010709
v -0.038990 0.013215 -0.011160
v -0.038251 0.013051 -0.011449
v -0.037432 0.012871 -0.011549
v -0.036885 0.015130 0.011549
v -0.037695 0.015345 0.011449
v -0.038427 0.015538 0.011160
v -0.039007 0.015692 0.010709
v -0.040082 0.013456 0.009511
v -0.039380 0.015791 0.010141
v -0.039508 0.015825 0.009511
v -0.039380 0.015791 -0.010141
v -0.039007 0.015692 -0.010709
v -0.038427 0.015538 -0.011160
v -0.037695 0.015345 -0.011449
v -0.036885 0.015130 -0.011549
v -0.036253 0.017326 0.011549
v -0.037054 0.017575 0.011449
v -0.037776 0.017800 0.011160
v -0.038349 0.017979 0.010709
v -0.038717 0.018093 0.010141
v -0.038844 0.018133 -0.009511
v -0.039508 0.015825 -0.009511
v -0.038717 0.018093 -0.010141
v -0.038349 0.017979 -0.010709
v -0.037776 0.017800 -0.011160
v -0.037054 0.017575 -0.011449
v -0.036253 0.017326 -0.011549
v -0.035537 0.019458 0.011549
v -0.036326 0.019742 0.011449
v -0.037037 0.019999 0.011160
v -0.037602 0.020203 0.010709
v -0.038844 0.018133 0.009511
v -0.037965 0.020334 0.010141
v -0.038089 0.020379 -0.009511
v -0.037965 0.020334 -0.010141
v -0.037602 0.020203 -0.010709
v -0.037037 0.019999 -0.011160
v -0.036326 0.019742 -0.011449
v -0.035537 0.019458 -0.011549
v -0.034737 0.021526 0.011549
v -0.035512 0.021847 0.011449
v -0.036211 0.022136 0.011160
v -0.036766 0.022365 0.010709
v -0.038089 0.020379 0.009511
v -0.037122 0.022513 0.010141
v -0.037244 0.022563 -0.009511
v -0.037122 0.022513 -0.010141
v -0.036766 0.022365 -0.010709
v -0.036211 0.022136 -0.011160
v -0.035512 0.021847 -0.011449
v -0.034737 0.021526 -0.011549
v -0.033853 0.023531 0.011549
v -0.034612 0.023887 0.011449
v -0.035296 0.024209 0.011160
v -0.035840 0.024464 0.010709
v -0.037244 0.022563 0.009511
v -0.036189 0.024628 0.010141
v -0.036309 0.024684 -0.009511
v -0.036189 0.024628 -0.010141
v -0.035840 0.024464 -0.010709
v -0.035296 0.024209 -0.011160
v -0.034612 0.023887 -0.011449
v -0.033853 0.023531 -0.011549
v -0.033625 0.025863 0.011449
v -0.034294 0.026217 0.011160
v -0.034825 0.026497 0.010709
v -0.035166 0.026677 0.010141
v -0.035283 0.026739 0.009511
v -0.036309 0.024684 0.009511
v -0.035283 0.026739 -0.009511
v -0.035166 0.026677 -0.010141
v -0.034825 0.026497 -0.010709
v -0.034294 0.026217 -0.011160
v -0.033625 0.025863 -0.011449
v -0.032563 0.027768 0.011449
v -0.032884 0.025472 0.011549
v -0.033215 0.028151 0.011160
v -0.033732 0.028455 0.010709
v -0.034065 0.028651 0.010141
v -0.034179 0.028718 0.009511
v -0.034179 0.028718 -0.009511
v -0.034065 0.028651 -0.010141
v -0.033732 0.028455 -0.010709
v -0.033215 0.028151 -0.011160
v -0.032884 0.025472 -0.011549
v -0.032563 0.027768 -0.011449
v -0.030729 0.029137 0.011549
v -0.031840 0.027343 0.011549
v -0.031432 0.029594 0.011449
v -0.032066 0.030007 0.011160
v -0.032569 0.030335 0.010709
v -0.032892 0.030546 0.010141
v -0.033003 0.030618 -0.009511
v -0.032892 0.030546 -0.010141
v -0.032569 0.030335 -0.010709
v -0.032066 0.030007 -0.011160
v -0.031432 0.029594 -0.011449
v -0.030729 0.029137 -0.011549
v -0.031840 0.027343 -0.011549
v -0.029553 0.030854 0.011549
v -0.030233 0.031344 0.011449
v -0.030846 0.031787 0.011160
v -0.031333 0.032138 0.010709
v -0.033003 0.030618 0.009511
v -0.031646 0.032363 0.010141
v -0.031754 0.032441 -0.009511
v -0.031646 0.032363 -0.010141
v -0.031333 0.032138 -0.010709
v -0.030846 0.031787 -0.011160
v -0.030233 0.031344 -0.011449
v -0.029553 0.030854 -0.011549
v -0.028309 0.032495 0.011549
v -0.028965 0.033017 0.011449
v -0.029557 0.033489 0.011160
v -0.030026 0.033863 0.010709
v -0.031754 0.032441 0.009511
v -0.030328 0.034103 0.010141
v -0.030431 0.034186 -0.009511
v -0.030328 0.034103 -0.010141
v -0.030026 0.033863 -0.010709
v -0.029557 0.033489 -0.011160
v -0.028965 0.033017 -0.011449
v -0.028309 0.032495 -0.011549
v -0.026999 0.034059 0.011549
v -0.027629 0.034613 0.011449
v -0.028197 0.035113 0.011160
v -0.028647 0.035509 0.010709
v -0.030431 0.034186 0.009511
v -0.028936 0.035764 0.010141
v -0.029036 0.035852 -0.009511
v -0.028936 0.035764 -0.010141
v -0.028647 0.035509 -0.010709
v -0.028197 0.035113 -0.011160
v -0.027629 0.034613 -0.011449
v -0.026999 0.034059 -0.011549
v -0.025623 0.035546 0.011549
v -0.026224 0.036131 0.011449
v -0.026766 0.036658 0.011160
v -0.027197 0.037077 0.010709
v -0.029036 0.035852 0.009511
v -0.027473 0.037346 0.010141
v -0.027568 0.037438 -0.009511
v -0.027473 0.037346 -0.010141
v -0.027197 0.037077 -0.010709
v -0.026766 0.036658 -0.011160
v -0.026224 0.036131 -0.011449
v -0.025623 0.035546 -0.011549
v -0.024180 0.036956 0.011549
v -0.024751 0.037570 0.011449
v -0.025267 0.038124 0.011160
v -0.025675 0.038564 0.010709
v -0.027568 0.037438 0.009511
v -0.025938 0.038846 0.010141
v -0.026028 0.038944 -0.009511
v -0.025938 0.038846 -0.010141
v -0.025675 0.038564 -0.010709
v -0.025267 0.038124 -0.011160
v -0.024751 0.037570 -0.011449
v -0.024180 0.036956 -0.011549
v -0.022671 0.038290 0.011549
v -0.023211 0.038932 0.011449
v -0.023697 0.039511 0.011160
v -0.024083 0.039971 0.010709
v -0.024417 0.040368 0.009511
v -0.026028 0.038944 0.009511
v -0.024417 0.040368 -0.009511
v -0.024083 0.039971 -0.010709
v -0.023697 0.039511 -0.011160
v -0.023211 0.038932 -0.011449
v -0.022671 0.038290 -0.011549
v -0.021602 0.040215 0.011449
v -0.022059 0.040818 0.011160
v -0.022421 0.041297 0.010709
v -0.022654 0.041604 0.010141
v -0.024331 0.040266 0.010141
v -0.022734 0.041710 0.009511
v -0.022734 0.041710 -0.009511
v -0.024331 0.040266 -0.010141
v -0.022654 0.041604 -0.010141
v -0.022421 0.041297 -0.010709
v -0.022059 0.040818 -0.011160
v -0.021602 0.040215 -0.011449
v -0.019926 0.041420 0.011449
v -0.021096 0.039547 0.011549
v -0.020352 0.042045 0.011160
v -0.020690 0.042541 0.010709
v -0.020907 0.042859 0.010141
v -0.020982 0.042969 0.009511
v -0.020982 0.042969 -0.009511
v -0.020907 0.042859 -0.010141
v -0.020690 0.042541 -0.010709
v -0.020352 0.042045 -0.011160
v -0.021096 0.039547 -0.011549
v -0.019926 0.041420 -0.011449
v -0.018183 0.042546 0.011449
v -0.019454 0.040727 0.011549
v -0.018578 0.043191 0.011160
v -0.018891 0.043703 0.010709
v -0.019092 0.044032 0.010141
v -0.019161 0.044145 0.009511
v -0.019161 0.044145 -0.009511
v -0.019092 0.044032 -0.010141
v -0.018891 0.043703 -0.010709
v -0.018578 0.043191 -0.011160
v -0.019454 0.040727 -0.011549
v -0.018183 0.042546 -0.011449
v -0.016373 0.043593 0.011449
v -0.017745 0.041830 0.011549
v -0.016736 0.044256 0.011160
v -0.017024 0.044783 0.010709
v -0.017209 0.045121 0.010141
v -0.017273 0.045237 0.009511
v -0.017273 0.045237 -0.009511
v -0.017209 0.045121 -0.010141
v -0.017024 0.044783 -0.010709
v -0.016736 0.044256 -0.011160
v -0.017745 0.041830 -0.011549
v -0.016373 0.043593 -0.011449
v -0.014506 0.044558 0.011449
v -0.015970 0.042857 0.011549
v -0.014838 0.045237 0.011160
v -0.015101 0.045777 0.010709
v -0.015270 0.046123 0.010141
v -0.015329 0.046243 0.009511
v -0.015329 0.046243 -0.009511
v -0.015270 0.046123 -0.010141
v -0.015101 0.045777 -0.010709
v -0.014838 0.045237 -0.011160
v -0.015970 0.042857 -0.011549
v -0.014506 0.044558 -0.011449
v -0.012592 0.045438 0.011449
v -0.014138 0.043804 0.011549
v -0.012892 0.046133 0.011160
v -0.013130 0.046684 0.010709
v -0.013283 0.047037 0.010141
v -0.013336 0.047159 0.009511
v -0.013336 0.047159 -0.009511
v -0.013283 0.047037 -0.010141
v -0.013130 0.046684 -0.010709
v -0.012892 0.046133 -0.011160
v -0.014138 0.043804 -0.011549
v -0.012592 0.045438 -0.011449
v -0.010629 0.046235 0.011449
v -0.012259 0.044669 0.011549
v -0.010898 0.046942 0.011160
v -0.011111 0.047504 0.010709
v -0.011248 0.047864 0.010141
v -0.011295 0.047988 0.009511
v -0.011295 0.047988 -0.009511
v -0.011248 0.047864 -0.010141
v -0.011111 0.047504 -0.010709
v -0.010898 0.046942 -0.011160
v -0.012259 0.044669 -0.011549
v -0.010629 0.046235 -0.011449
v -0.008618 0.046948 0.011449
v -0.010331 0.045451 0.011549
v -0.008855 0.047666 0.011160
v -0.009043 0.048236 0.010709
v -0.009164 0.048602 0.010141
v -0.009205 0.048728 0.009511
v -0.009205 0.048728 -0.009511
v -0.009164 0.048602 -0.010141
v -0.009043 0.048236 -0.010709
v -0.008855 0.047666 -0.011160
v -0.010331 0.045451 -0.011549
v -0.008618 0.046948 -0.011449
v -0.006560 0.047576 0.011449
v -0.008356 0.046151 0.011549
v -0.006765 0.048304 0.011160
v -0.006928 0.048882 0.010709
v -0.007033 0.049253 0.010141
v -0.007069 0.049381 0.009511
v -0.007069 0.049381 -0.009511
v -0.007033 0.049253 -0.010141
v -0.006928 0.048882 -0.010709
v -0.006765 0.048304 -0.011160
v -0.008356 0.046151 -0.011549
v -0.006560 0.047576 -0.011449
v -0.004455 0.048120 0.011449
v -0.006333 0.046769 0.011549
v -0.004629 0.048857 0.011160
v -0.004767 0.049441 0.010709
v -0.004855 0.049816 0.010141
v -0.004886 0.049945 0.009511
v -0.004886 0.049945 -0.009511
v -0.004855 0.049816 -0.010141
v -0.004767 0.049441 -0.010709
v -0.004629 0.048857 -0.011160
v -0.006333 0.046769 -0.011549
v -0.004455 0.048120 -0.011449
v -0.002302 0.048581 0.011449
v -0.004262 0.047304 0.011549
v -0.002445 0.049324 0.011160
v -0.002558 0.049913 0.010709
v -0.002631 0.050292 0.010141
v -0.002656 0.050422 0.009511
v -0.002656 0.050422 -0.009511
v -0.002631 0.050292 -0.010141
v -0.002558 0.049913 -0.010709
v -0.002445 0.049324 -0.011160
v -0.004262 0.047304 -0.011549
v -0.002302 0.048581 -0.011449
v -0.000102 0.048957 0.011449
v -0.002144 0.047757 0.011549
v -0.000215 0.049705 0.011160
v -0.000305 0.050299 0.010709
v -0.000362 0.050680 0.010141
v -0.000382 0.050811 0.009511
v -0.000382 0.050811 -0.009511
v -0.000362 0.050680 -0.010141
v -0.000305 0.050299 -0.010709
v -0.000215 0.049705 -0.011160
v -0.002144 0.047757 -0.011549
v -0.000102 0.048957 -0.011449
v 0.002144 0.049250 0.011449
v 0.000022 0.048128 0.011549
v 0.002061 0.050001 0.011160
v 0.001995 0.050598 0.010709
v 0.001953 0.050981 0.010141
v 0.001938 0.051113 0.009511
v 0.001938 0.051113 -0.009511
v 0.001953 0.050981 -0.010141
v 0.001995 0.050598 -0.010709
v 0.002061 0.050001 -0.011160
v 0.000022 0.048128 -0.011549
v 0.002144 0.049250 -0.011449
v 0.004437 0.049458 0.011449
v 0.002236 0.048416 0.011549
v 0.004383 0.050213 0.011160
v 0.004340 0.050812 0.010709
v 0.004312 0.051196 0.010141
v 0.004302 0.051328 0.009511
v 0.004302 0.051328 -0.009511
v 0.004312 0.051196 -0.010141
v 0.004340 0.050812 -0.010709
v 0.004383 0.050213 -0.011160
v 0.002236 0.048416 -0.011549
v 0.004437 0.049458 -0.011449
v 0.006777 0.049584 0.011449
v 0.004498 0.048622 0.011549
v 0.006751 0.050340 0.011160
v 0.006729 0.050939 0.010709
v 0.006716 0.051325 0.010141
v 0.006711 0.051457 0.009511
v 0.006711 0.051457 -0.009511
v 0.006716 0.051325 -0.010141
v 0.006729 0.050939 -0.010709
v 0.006751 0.050340 -0.011160
v 0.004498 0.048622 -0.011549
v 0.006777 0.049584 -0.011449
v 0.009161 0.049625 0.011449
v 0.006807 0.048746 0.011549
v 0.009158 0.050382 0.011160
v 0.009155 0.050982 0.010709
v 0.009154 0.051367 0.010141
v 0.009153 0.051500 0.009511
v 0.009153 0.051500 -0.009511
v 0.009154 0.051367 -0.010141
v 0.009155 0.050982 -0.010709
v 0.009158 0.050382 -0.011160
v 0.006807 0.048746 -0.011549
v 0.009161 0.049625 -0.011449
v 0.010434 0.049613 0.011449
v 0.009164 0.048787 0.011549
v 0.010448 0.050370 0.011160
v 0.010459 0.050970 0.010709
v 0.010466 0.051355 0.010141
v 0.010469 0.051488 0.009511
v 0.010469 0.051488 -0.009511
v 0.010466 0.051355 -0.010141
v 0.010459 0.050970 -0.010709
v 0.010448 0.050370 -0.011160
v 0.009164 0.048787 -0.011549
v 0.010434 0.049613 -0.011449
v 0.011663 0.048740 0.011549
v 0.010418 0.048775 0.011549
v 0.011695 0.049578 0.011449
v 0.011723 0.050334 0.011160
v 0.011746 0.050933 0.010709
v 0.011760 0.051318 0.010141
v 0.011765 0.051451 -0.009511
v 0.011760 0.051318 -0.010141
v 0.011746 0.050933 -0.010709
v 0.011723 0.050334 -0.011160
v 0.011695 0.049578 -0.011449
v 0.011663 0.048740 -0.011549
v 0.010418 0.048775 -0.011549
v 0.012900 0.048682 0.011549
v 0.012948 0.049519 0.011449
v 0.012991 0.050274 0.011160
v 0.013025 0.050873 0.010709
v 0.011765 0.051451 0.009511
v 0.013047 0.051258 0.010141
v 0.013054 0.051390 -0.009511
v 0.013047 0.051258 -0.010141
v 0.013025 0.050873 -0.010709
v 0.012991 0.050274 -0.011160
v 0.012948 0.049519 -0.011449
v 0.012900 0.048682 -0.011549
v 0.014128 0.048600 0.011549
v 0.014192 0.049436 0.011449
v 0.014250 0.050190 0.011160
v 0.014296 0.050788 0.010709
v 0.013054 0.051390 0.009511
v 0.014325 0.051172 0.010141
v 0.014335 0.051305 -0.009511
v 0.014325 0.051172 -0.010141
v 0.014296 0.050788 -0.010709
v 0.014250 0.050190 -0.011160
v 0.014192 0.049436 -0.011449
v 0.014128 0.048600 -0.011549
v 0.015348 0.048494 0.011549
v 0.015429 0.049329 0.011449
v 0.015501 0.050082 0.011160
v 0.015559 0.050679 0.010709
v 0.014335 0.051305 0.009511
v 0.015595 0.051063 0.010141
v 0.015608 0.051195 -0.009511
v 0.015595 0.051063 -0.010141
v 0.015559 0.050679 -0.010709
v 0.015501 0.050082 -0.011160
v 0.015429 0.049329 -0.011449
v 0.015348 0.048494 -0.011549
v 0.016560 0.048366 0.011549
v 0.016657 0.049198 0.011449
v 0.016744 0.049950 0.011160
v 0.016813 0.050546 0.010709
v 0.015608 0.051195 0.009511
v 0.016858 0.050929 0.010141
v 0.016873 0.051061 -0.009511
v 0.016858 0.050929 -0.010141
v 0.016813 0.050546 -0.010709
v 0.016744 0.049950 -0.011160
v 0.016657 0.049198 -0.011449
v 0.016560 0.048366 -0.011549
v 0.017763 0.048214 0.011549
v 0.017876 0.049044 0.011449
v 0.017979 0.049794 0.011160
v 0.018060 0.050388 0.010709
v 0.016873 0.051061 0.009511
v 0.018112 0.050770 0.010141
v 0.018130 0.050902 -0.009511
v 0.018112 0.050770 -0.010141
v 0.018060 0.050388 -0.010709
v 0.017979 0.049794 -0.011160
v 0.017876 0.049044 -0.011449
v 0.017763 0.048214 -0.011549
v 0.018958 0.048038 0.011549
v 0.019088 0.048866 0.011449
v 0.019205 0.049613 0.011160
v 0.019299 0.050206 0.010709
v 0.018130 0.050902 0.009511
v 0.019358 0.050587 0.010141
v 0.019379 0.050718 -0.009511
v 0.019358 0.050587 -0.010141
v 0.019299 0.050206 -0.010709
v 0.019205 0.049613 -0.011160
v 0.019088 0.048866 -0.011449
v 0.018958 0.048038 -0.011549
v 0.020144 0.047839 0.011549
v 0.020291 0.048665 0.011449
v 0.020424 0.049409 0.011160
v 0.020529 0.050000 0.010709
v 0.019379 0.050718 0.009511
v 0.020596 0.050380 0.010141
v 0.020620 0.050510 -0.009511
v 0.020596 0.050380 -0.010141
v 0.020529 0.050000 -0.010709
v 0.020424 0.049409 -0.011160
v 0.020291 0.048665 -0.011449
v 0.020144 0.047839 -0.011549
v 0.021322 0.047617 0.011549
v 0.021486 0.048439 0.011449
v 0.021633 0.049181 0.011160
v 0.021751 0.049770 0.010709
v 0.020620 0.050510 0.009511
v 0.021826 0.050147 0.010141
v 0.021852 0.050278 -0.009511
v 0.021826 0.050147 -0.010141
v 0.021751 0.049770 -0.010709
v 0.021633 0.049181 -0.011160
v 0.021486 0.048439 -0.011449
v 0.021322 0.047617 -0.011549
v 0.022491 0.047371 0.011549
v 0.022672 0.048190 0.011449
v 0.022835 0.048928 0.011160
v 0.022964 0.049515 0.010709
v 0.021852 0.050278 0.009511
v 0.023048 0.049891 0.010141
v 0.023076 0.050020 -0.009511
v 0.023048 0.049891 -0.010141
v 0.022964 0.049515 -0.010709
v 0.022835 0.048928 -0.011160
v 0.022672 0.048190 -0.011449
v 0.022491 0.047371 -0.011549
v 0.023652 0.047102 0.011549
v 0.023850 0.047917 0.011449
v 0.024029 0.048652 0.011160
v 0.024170 0.049235 0.010709
v 0.023076 0.050020 0.009511
v 0.024261 0.049610 0.010141
v 0.024293 0.049739 -0.009511
v 0.024261 0.049610 -0.010141
v 0.024170 0.049235 -0.010709
v 0.024029 0.048652 -0.011160
v 0.023850 0.047917 -0.011449
v 0.023652 0.047102 -0.011549
v 0.024794 0.046812 0.011549
v 0.025010 0.047622 0.011449
v 0.025205 0.048353 0.011160
v 0.025360 0.048933 0.010709
v 0.024293 0.049739 0.009511
v 0.025459 0.049305 0.010141
v 0.025493 0.049433 -0.009511
v 0.025459 0.049305 -0.010141
v 0.025360 0.048933 -0.010709
v 0.025205 0.048353 -0.011160
v 0.025010 0.047622 -0.011449
v 0.024794 0.046812 -0.011549
v 0.025908 0.046501 0.011549
v 0.026142 0.047306 0.011449
v 0.026354 0.048032 0.011160
v 0.026522 0.048609 0.010709
v 0.025493 0.049433 0.009511
v 0.026630 0.048979 0.010141
v 0.026667 0.049106 -0.009511
v 0.026630 0.048979 -0.010141
v 0.026522 0.048609 -0.010709
v 0.026354 0.048032 -0.011160
v 0.026142 0.047306 -0.011449
v 0.025908 0.046501 -0.011549
v 0.026992 0.046171 0.011549
v 0.027246 0.046971 0.011449
v 0.027475 0.047691 0.011160
v 0.027656 0.048263 0.010709
v 0.026667 0.049106 0.009511
v 0.027773 0.048631 0.010141
v 0.027813 0.048757 -0.009511
v 0.027773 0.048631 -0.010141
v 0.027656 0.048263 -0.010709
v 0.027475 0.047691 -0.011160
v 0.027246 0.046971 -0.011449
v 0.026992 0.046171 -0.011549
v 0.028047 0.045822 0.011549
v 0.028321 0.046614 0.011449
v 0.028568 0.047329 0.011160
v 0.028764 0.047897 0.010709
v 0.027813 0.048757 0.009511
v 0.028890 0.048261 0.010141
v 0.028933 0.048386 -0.009511
v 0.028890 0.048261 -0.010141
v 0.028764 0.047897 -0.010709
v 0.028568 0.047329 -0.011160
v 0.028321 0.046614 -0.011449
v 0.028047 0.045822 -0.011549
v 0.029073 0.045453 0.011549
v 0.029367 0.046238 0.011449
v 0.029633 0.046946 0.011160
v 0.029844 0.047508 0.010709
v 0.028933 0.048386 0.009511
v 0.029979 0.047869 0.010141
v 0.030025 0.047993 -0.009511
v 0.029979 0.047869 -0.010141
v 0.029844 0.047508 -0.010709
v 0.029633 0.046946 -0.011160
v 0.029367 0.046238 -0.011449
v 0.029073 0.045453 -0.011549
v 0.030070 0.045064 0.011549
v 0.030386 0.045841 0.011449
v 0.030670 0.046542 0.011160
v 0.030896 0.047098 0.010709
v 0.030025 0.047993 0.009511
v 0.031041 0.047455 0.010141
v 0.031091 0.047578 -0.009511
v 0.031041 0.047455 -0.010141
v 0.030896 0.047098 -0.010709
v 0.030670 0.046542 -0.011160
v 0.030386 0.045841 -0.011449
v 0.030070 0.045064 -0.011549
v 0.031039 0.044655 0.011549
v 0.031376 0.045423 0.011449
v 0.031679 0.046116 0.011160
v 0.031921 0.046665 0.010709
v 0.031091 0.047578 0.009511
v 0.032076 0.047018 0.010141
v 0.032129 0.047140 -0.009511
v 0.032076 0.047018 -0.010141
v 0.031921 0.046665 -0.010709
v 0.031679 0.046116 -0.011160
v 0.031376 0.045423 -0.011449
v 0.031039 0.044655 -0.011549
v 0.031978 0.044227 0.011549
v 0.032337 0.044985 0.011449
v 0.032661 0.045668 0.011160
v 0.032918 0.046211 0.010709
v 0.032129 0.047140 0.009511
v 0.033083 0.046559 0.010141
v 0.033140 0.046679 -0.009511
v 0.033083 0.046559 -0.010141
v 0.032918 0.046211 -0.010709
v 0.032661 0.045668 -0.011160
v 0.032337 0.044985 -0.011449
v 0.031978 0.044227 -0.011549
v 0.032888 0.043779 0.011549
v 0.033270 0.044526 0.011449
v 0.033614 0.045199 0.011160
v 0.033887 0.045734 0.010709
v 0.033140 0.046679 0.009511
v 0.034062 0.046077 0.010141
v 0.034123 0.046195 -0.009511
v 0.034062 0.046077 -0.010141
v 0.033887 0.045734 -0.010709
v 0.033614 0.045199 -0.011160
v 0.033270 0.044526 -0.011449
v 0.032888 0.043779 -0.011549
v 0.033769 0.043312 0.011549
v 0.034174 0.044046 0.011449
v 0.034539 0.044709 0.011160
v 0.034828 0.045234 0.010709
v 0.034123 0.046195 0.009511
v 0.035014 0.045572 0.010141
v 0.035078 0.045688 -0.009511
v 0.035014 0.045572 -0.010141
v 0.034828 0.045234 -0.010709
v 0.034539 0.044709 -0.011160
v 0.034174 0.044046 -0.011449
v 0.033769 0.043312 -0.011549
v 0.034621 0.042825 0.011549
v 0.035049 0.043546 0.011449
v 0.035435 0.044196 0.011160
v 0.035742 0.044712 0.010709
v 0.035078 0.045688 0.009511
v 0.035938 0.045044 0.010141
v 0.036006 0.045158 -0.009511
v 0.035938 0.045044 -0.010141
v 0.035742 0.044712 -0.010709
v 0.035435 0.044196 -0.011160
v 0.035049 0.043546 -0.011449
v 0.034621 0.042825 -0.011549
v 0.035444 0.042318 0.011549
v 0.036540 0.042628 0.011449
v 0.037528 0.042908 0.011160
v 0.038312 0.043130 0.010709
v 0.036006 0.045158 0.009511
v 0.038815 0.043272 0.010141
v 0.038989 0.043322 -0.009511
v 0.038815 0.043272 -0.010141
v 0.038312 0.043130 -0.010709
v 0.037528 0.042908 -0.011160
v 0.036540 0.042628 -0.011449
v 0.035444 0.042318 -0.011549
v 0.027358 0.026280 0.011549
v 0.027691 0.025079 0.011449
v 0.027992 0.023995 0.011160
v 0.028230 0.023134 0.010709
v 0.038989 0.043322 0.009511
v 0.028383 0.022582 0.010141
v 0.028436 0.022392 -0.009511
v 0.028383 0.022582 -0.010141
v 0.028230 0.023134 -0.010709
v 0.027992 0.023995 -0.011160
v 0.027691 0.025079 -0.011449
v 0.027358 0.026280 -0.011549
v 0.025738 0.026312 0.011449
v 0.025353 0.025661 0.011160
v 0.025047 0.025144 0.010709
v 0.024851 0.024812 0.010141
v 0.024783 0.024698 0.009511
v 0.028436 0.022392 0.009511
v 0.024783 0.024698 -0.009511
v 0.024851 0.024812 -0.010141
v 0.025047 0.025144 -0.010709
v 0.025353 0.025661 -0.011160
v 0.025738 0.026312 -0.011449
v 0.024921 0.027722 0.011549
v 0.026165 0.027034 0.011549
v 0.024536 0.026976 0.011449
v 0.024189 0.026304 0.011160
v 0.023914 0.025771 0.010709
v 0.023737 0.025428 0.010141
v 0.023676 0.025310 -0.009511
v 0.023737 0.025428 -0.010141
v 0.023914 0.025771 -0.010709
v 0.024189 0.026304 -0.011160
v 0.024536 0.026976 -0.011449
v 0.024921 0.027722 -0.011549
v 0.026165 0.027034 -0.011549
v 0.023627 0.028344 0.011549
v 0.023285 0.027578 0.011449
v 0.022976 0.026888 0.011160
v 0.022731 0.026339 0.010709
v 0.023676 0.025310 0.009511
v 0.022573 0.025988 0.010141
v 0.022519 0.025866 -0.009511
v 0.022573 0.025988 -0.010141
v 0.022731 0.026339 -0.010709
v 0.022976 0.026888 -0.011160
v 0.023285 0.027578 -0.011449
v 0.023627 0.028344 -0.011549
v 0.022282 0.028901 0.011549
v 0.021982 0.028118 0.011449
v 0.021712 0.027411 0.011160
v 0.021497 0.026850 0.010709
v 0.022519 0.025866 0.009511
v 0.021359 0.026490 0.010141
v 0.021312 0.026366 -0.009511
v 0.021359 0.026490 -0.010141
v 0.021497 0.026850 -0.010709
v 0.021712 0.027411 -0.011160
v 0.021982 0.028118 -0.011449
v 0.022282 0.028901 -0.011549
v 0.020886 0.029392 0.011549
v 0.020629 0.028594 0.011449
v 0.020396 0.027874 0.011160
v 0.020211 0.027303 0.010709
v 0.021312 0.026366 0.009511
v 0.020093 0.026936 0.010141
v 0.020052 0.026810 -0.009511
v 0.020093 0.026936 -0.010141
v 0.020211 0.027303 -0.010709
v 0.020396 0.027874 -0.011160
v 0.020629 0.028594 -0.011449
v 0.020886 0.029392 -0.011549
v 0.019440 0.029818 0.011549
v 0.019224 0.029008 0.011449
v 0.019028 0.028277 0.011160
v 0.018873 0.027697 0.010709
v 0.020052 0.026810 0.009511
v 0.018774 0.027325 0.010141
v 0.018739 0.027196 -0.009511
v 0.018774 0.027325 -0.010141
v 0.018873 0.027697 -0.010709
v 0.019028 0.028277 -0.011160
v 0.019224 0.029008 -0.011449
v 0.019440 0.029818 -0.011549
v 0.017944 0.030178 0.011549
v 0.017767 0.029359 0.011449
v 0.017608 0.028619 0.011160
v 0.017481 0.028032 0.010709
v 0.018739 0.027196 0.009511
v 0.017400 0.027655 0.010141
v 0.017372 0.027526 -0.009511
v 0.017400 0.027655 -0.010141
v 0.017481 0.028032 -0.010709
v 0.017608 0.028619 -0.011160
v 0.017767 0.029359 -0.011449
v 0.017944 0.030178 -0.011549
v 0.016397 0.030473 0.011549
v 0.016259 0.029646 0.011449
v 0.016134 0.028900 0.011160
v 0.016035 0.028308 0.010709
v 0.017372 0.027526 0.009511
v 0.015972 0.027928 0.010141
v 0.015950 0.027797 -0.009511
v 0.015972 0.027928 -0.010141
v 0.016035 0.028308 -0.010709
v 0.016134 0.028900 -0.011160
v 0.016259 0.029646 -0.011449
v 0.016397 0.030473 -0.011549
v 0.014799 0.030702 0.011549
v 0.014698 0.029870 0.011449
v 0.014607 0.029119 0.011160
v 0.014535 0.028523 0.010709
v 0.015950 0.027797 0.009511
v 0.014488 0.028140 0.010141
v 0.014472 0.028009 -0.009511
v 0.014488 0.028140 -0.010141
v 0.014535 0.028523 -0.010709
v 0.014607 0.029119 -0.011160
v 0.014698 0.029870 -0.011449
v 0.014799 0.030702 -0.011549
v 0.013151 0.030866 0.011549
v 0.013086 0.030030 0.011449
v 0.013026 0.029276 0.011160
v 0.012979 0.028678 0.010709
v 0.014472 0.028009 0.009511
v 0.012949 0.028293 0.010141
v 0.012939 0.028161 -0.009511
v 0.012949 0.028293 -0.010141
v 0.012979 0.028678 -0.010709
v 0.013026 0.029276 -0.011160
v 0.013086 0.030030 -0.011449
v 0.013151 0.030866 -0.011549
v 0.011453 0.030964 0.011549
v 0.011420 0.030127 0.011449
v 0.011392 0.029371 0.011160
v 0.011369 0.028771 0.010709
v 0.012939 0.028161 0.009511
v 0.011354 0.028386 0.010141
v 0.011349 0.028253 -0.009511
v 0.011354 0.028386 -0.010141
v 0.011369 0.028771 -0.010709
v 0.011392 0.029371 -0.011160
v 0.011420 0.030127 -0.011449
v 0.011453 0.030964 -0.011549
v 0.009706 0.030159 0.011449
v 0.009708 0.029402 0.011160
v 0.009710 0.028802 0.010709
v 0.009711 0.028417 0.010141
v 0.009712 0.028284 0.009511
v 0.011349 0.028253 0.009511
v 0.009712 0.028284 -0.009511
v 0.009711 0.028417 -0.010141
v 0.009710 0.028802 -0.010709
v 0.009708 0.029402 -0.011160
v 0.009706 0.030159 -0.011449
v 0.007782 0.030111 0.011449
v 0.009703 0.030997 0.011549
v 0.007820 0.029355 0.011160
v 0.007850 0.028756 0.010709
v 0.007870 0.028371 0.010141
v 0.007877 0.028238 0.009511
v 0.007877 0.028238 -0.009511
v 0.007870 0.028371 -0.010141
v 0.007850 0.028756 -0.010709
v 0.007820 0.029355 -0.011160
v 0.009703 0.030997 -0.011549
v 0.007782 0.030111 -0.011449
v 0.005931 0.029969 0.011449
v 0.007739 0.030949 0.011549
v 0.006010 0.029216 0.011160
v 0.006073 0.028619 0.010709
v 0.006113 0.028236 0.010141
v 0.006127 0.028103 0.009511
v 0.006127 0.028103 -0.009511
v 0.006113 0.028236 -0.010141
v 0.006073 0.028619 -0.010709
v 0.006010 0.029216 -0.011160
v 0.007739 0.030949 -0.011549
v 0.005931 0.029969 -0.011449
v 0.004153 0.029732 0.011449
v 0.005844 0.030803 0.011549
v 0.004275 0.028985 0.011160
v 0.004372 0.028392 0.010709
v 0.004434 0.028012 0.010141
v 0.004456 0.027881 0.009511
v 0.004456 0.027881 -0.009511
v 0.004434 0.028012 -0.010141
v 0.004372 0.028392 -0.010709
v 0.004275 0.028985 -0.011160
v 0.005844 0.030803 -0.011549
v 0.004153 0.029732 -0.011449
v 0.002446 0.029401 0.011449
v 0.004018 0.030559 0.011549
v 0.002614 0.028663 0.011160
v 0.002746 0.028077 0.010709
v 0.002831 0.027701 0.010141
v 0.002861 0.027571 0.009511
v 0.002861 0.027571 -0.009511
v 0.002831 0.027701 -0.010141
v 0.002746 0.028077 -0.010709
v 0.002614 0.028663 -0.011160
v 0.004018 0.030559 -0.011549
v 0.002446 0.029401 -0.011449
v 0.000811 0.028976 0.011449
v 0.002261 0.030219 0.011549
v 0.001025 0.028250 0.011160
v 0.001195 0.027674 0.010709
v 0.001304 0.027304 0.010141
v 0.001341 0.027177 0.009511
v 0.001341 0.027177 -0.009511
v 0.001304 0.027304 -0.010141
v 0.001195 0.027674 -0.010709
v 0.001025 0.028250 -0.011160
v 0.002261 0.030219 -0.011549
v 0.000811 0.028976 -0.011449
v -0.000754 0.028458 0.011449
v 0.000574 0.029781 0.011549
v -0.000492 0.027748 0.011160
v -0.000284 0.027185 0.010709
v -0.000150 0.026823 0.010141
v -0.000104 0.026699 0.009511
v -0.000104 0.026699 -0.009511
v -0.000150 0.026823 -0.010141
v -0.000284 0.027185 -0.010709
v -0.000492 0.027748 -0.011160
v 0.000574 0.029781 -0.011549
v -0.000754 0.028458 -0.011449
v -0.002249 0.027848 0.011449
v -0.001045 0.029245 0.011549
v -0.001938 0.027158 0.011160
v -0.001692 0.026610 0.010709
v -0.001534 0.026258 0.010141
v -0.001479 0.026137 0.009511
v -0.001479 0.026137 -0.009511
v -0.001534 0.026258 -0.010141
v -0.001692 0.026610 -0.010709
v -0.001938 0.027158 -0.011160
v -0.001045 0.029245 -0.011549
v -0.002249 0.027848 -0.011449
v -0.003675 0.027144 0.011449
v -0.002593 0.028613 0.011549
v -0.003316 0.026478 0.011160
v -0.003031 0.025949 0.010709
v -0.002848 0.025610 0.010141
v -0.002785 0.025493 0.009511
v -0.002785 0.025493 -0.009511
v -0.002848 0.025610 -0.010141
v -0.003031 0.025949 -0.010709
v -0.003316 0.026478 -0.011160
v -0.002593 0.028613 -0.011549
v -0.003675 0.027144 -0.011449
v -0.005033 0.026348 0.011449
v -0.004073 0.027883 0.011549
v -0.004626 0.025709 0.011160
v -0.004304 0.025203 0.010709
v -0.004097 0.024877 0.010141
v -0.004025 0.024765 0.009511
v -0.004025 0.024765 -0.009511
v -0.004097 0.024877 -0.010141
v -0.004304 0.025203 -0.010709
v -0.004626 0.025709 -0.011160
v -0.004073 0.027883 -0.011549
v -0.005033 0.026348 -0.011449
v -0.006324 0.025458 0.011449
v -0.005484 0.027055 0.011549
v -0.005871 0.024851 0.011160
v -0.005513 0.024369 0.010709
v -0.005282 0.024060 0.010141
v -0.005203 0.023953 0.009511
v -0.005203 0.023953 -0.009511
v -0.005282 0.024060 -0.010141
v -0.005513 0.024369 -0.010709
v -0.005871 0.024851 -0.011160
v -0.005484 0.027055 -0.011549
v -0.006324 0.025458 -0.011449
v -0.008097 0.025109 0.011549
v -0.006825 0.026131 0.011549
v -0.007548 0.024474 0.011449
v -0.007053 0.023902 0.011160
v -0.006660 0.023448 0.010709
v -0.006407 0.023156 0.010141
v -0.006320 0.023056 -0.009511
v -0.006407 0.023156 -0.010141
v -0.006660 0.023448 -0.010709
v -0.007053 0.023902 -0.011160
v -0.007548 0.024474 -0.011449
v -0.008097 0.025109 -0.011549
v -0.006825 0.026131 -0.011549
v -0.008705 0.023397 0.011449
v -0.008170 0.022862 0.011160
v -0.007744 0.022438 0.010709
v -0.007472 0.022166 0.010141
v -0.007377 0.022072 0.009511
v -0.006320 0.023056 0.009511
v -0.007377 0.022072 -0.009511
v -0.007472 0.022166 -0.010141
v -0.007744 0.022438 -0.010709
v -0.008170 0.022862 -0.011160
v -0.008705 0.023397 -0.011449
v -0.009786 0.022231 0.011449
v -0.009299 0.023989 0.011549
v -0.009212 0.021738 0.011160
v -0.008756 0.021346 0.010709
v -0.008463 0.021095 0.010141
v -0.008362 0.021009 0.009511
v -0.008362 0.021009 -0.009511
v -0.008463 0.021095 -0.010141
v -0.008756 0.021346 -0.010709
v -0.009212 0.021738 -0.011160
v -0.009299 0.023989 -0.011549
v -0.009786 0.022231 -0.011449
v -0.011456 0.021477 0.011549
v -0.010422 0.022777 0.011549
v -0.010780 0.020980 0.011449
v -0.010170 0.020532 0.011160
v -0.009686 0.020176 0.010709
v -0.009376 0.019947 0.010141
v -0.009269 0.019868 -0.009511
v -0.009376 0.019947 -0.010141
v -0.009686 0.020176 -0.010709
v -0.010170 0.020532 -0.011160
v -0.010780 0.020980 -0.011449
v -0.011456 0.021477 -0.011549
v -0.010422 0.022777 -0.011549
v -0.012399 0.020089 0.011549
v -0.011688 0.019643 0.011449
v -0.011048 0.019241 0.011160
v -0.010539 0.018921 0.010709
v -0.009269 0.019868 0.009511
v -0.010212 0.018716 0.010141
v -0.010100 0.018646 -0.009511
v -0.010212 0.018716 -0.010141
v -0.010539 0.018921 -0.010709
v -0.011048 0.019241 -0.011160
v -0.011688 0.019643 -0.011449
v -0.012399 0.020089 -0.011549
v -0.013252 0.018613 0.011549
v -0.012512 0.018219 0.011449
v -0.011844 0.017863 0.011160
v -0.011314 0.017581 0.010709
v -0.010100 0.018646 0.009511
v -0.010974 0.017400 0.010141
v -0.010856 0.017338 -0.009511
v -0.010974 0.017400 -0.010141
v -0.011314 0.017581 -0.010709
v -0.011844 0.017863 -0.011160
v -0.012512 0.018219 -0.011449
v -0.013252 0.018613 -0.011549
v -0.014016 0.017049 0.011549
v -0.013251 0.016707 0.011449
v -0.012560 0.016398 0.011160
v -0.012012 0.016152 0.010709
v -0.010856 0.017338 0.009511
v -0.011660 0.015995 0.010141
v -0.011538 0.015941 -0.009511
v -0.011660 0.015995 -0.010141
v -0.012012 0.016152 -0.010709
v -0.012560 0.016398 -0.011160
v -0.013251 0.016707 -0.011449
v -0.014016 0.017049 -0.011549
v -0.014690 0.015398 0.011549
v -0.013904 0.015106 0.011449
v -0.013194 0.014842 0.011160
v -0.012631 0.014633 0.010709
v -0.011538 0.015941 0.009511
v -0.012270 0.014499 0.010141
v -0.012145 0.014453 -0.009511
v -0.012270 0.014499 -0.010141
v -0.012631 0.014633 -0.010709
v -0.013194 0.014842 -0.011160
v -0.013904 0.015106 -0.011449
v -0.014690 0.015398 -0.011549
v -0.015274 0.013658 0.011549
v -0.014471 0.013415 0.011449
v -0.013747 0.013196 0.011160
v -0.013172 0.013022 0.010709
v -0.012145 0.014453 0.009511
v -0.012803 0.012910 0.010141
v -0.012676 0.012871 -0.009511
v -0.012803 0.012910 -0.010141
v -0.013172 0.013022 -0.010709
v -0.013747 0.013196 -0.011160
v -0.014471 0.013415 -0.011449
v -0.015274 0.013658 -0.011549
v -0.015768 0.011830 0.011549
v -0.014953 0.011634 0.011449
v -0.014217 0.011457 0.011160
v -0.013633 0.011317 0.010709
v -0.012676 0.012871 0.009511
v -0.013259 0.011226 0.010141
v -0.013129 0.011195 -0.009511
v -0.013259 0.011226 -0.010141
v -0.013633 0.011317 -0.010709
v -0.014217 0.011457 -0.011160
v -0.014953 0.011634 -0.011449
v -0.015768 0.011830 -0.011549
v -0.016172 0.009914 0.011549
v -0.015348 0.009763 0.011449
v -0.014604 0.009626 0.011160
v -0.014013 0.009517 0.010709
v -0.013129 0.011195 0.009511
v -0.013634 0.009447 0.010141
v -0.013503 0.009423 -0.009511
v -0.013634 0.009447 -0.010141
v -0.014013 0.009517 -0.010709
v -0.014604 0.009626 -0.011160
v -0.015348 0.009763 -0.011449
v -0.016172 0.009914 -0.011549
v -0.016487 0.007910 0.011549
v -0.015656 0.007801 0.011449
v -0.014906 0.007702 0.011160
v -0.014310 0.007623 0.010709
v -0.013503 0.009423 0.009511
v -0.013928 0.007572 0.010141
v -0.013797 0.007555 -0.009511
v -0.013928 0.007572 -0.010141
v -0.014310 0.007623 -0.010709
v -0.014906 0.007702 -0.011160
v -0.015656 0.007801 -0.011449
v -0.016487 0.007910 -0.011549
v -0.016712 0.005819 0.011549
v -0.015876 0.005748 0.011449
v -0.015122 0.005684 0.011160
v -0.014524 0.005634 0.010709
v -0.013797 0.007555 0.009511
v -0.014140 0.005601 0.010141
v -0.014008 0.005590 -0.009511
v -0.014140 0.005601 -0.010141
v -0.014524 0.005634 -0.010709
v -0.015122 0.005684 -0.011160
v -0.015876 0.005748 -0.011449
v -0.016712 0.005819 -0.011549
v -0.015880 0.005679 0.011449
v -0.015009 0.007519 0.011160
v -0.014317 0.008979 0.010709
v -0.014008 0.005590 0.009511
v -0.013873 0.009917 0.010141
v -0.013720 0.010240 0.009511
v -0.013873 0.009917 -0.010141
v -0.014317 0.008979 -0.010709
v -0.015009 0.007519 -0.011160
v -0.015880 0.005679 -0.011449
v -0.015408 0.004974 0.011549
v -0.016846 0.003639 0.011549
v -0.016448 0.006183 0.011160
v -0.016840 0.006639 0.010709
v -0.017091 0.006931 0.010141
v -0.017178 0.007032 0.009511
v -0.017178 0.007032 -0.009511
v -0.013720 0.010240 -0.009511
v -0.017091 0.006931 -0.010141
v -0.016840 0.006639 -0.010709
v -0.016448 0.006183 -0.011160
v -0.016846 0.003639 -0.011549
v -0.015955 0.005610 -0.011449
v -0.015955 0.005610 0.011449
v -0.013878 0.006192 0.011549
v -0.014375 0.006868 0.011449
v -0.014824 0.007477 0.011160
v -0.015180 0.007961 0.010709
v -0.015409 0.008271 0.010141
v -0.015487 0.008378 -0.009511
v -0.015409 0.008271 -0.010141
v -0.015180 0.007961 -0.010709
v -0.014824 0.007477 -0.011160
v -0.014375 0.006868 -0.011449
v -0.013878 0.006192 -0.011549
v -0.015408 0.004974 -0.011549
v -0.012701 0.008006 0.011449
v -0.013103 0.008647 0.011160
v -0.013422 0.009156 0.010709
v -0.013626 0.009483 0.010141
v -0.013697 0.009595 0.009511
v -0.015487 0.008378 0.009511
v -0.013697 0.009595 -0.009511
v -0.013626 0.009483 -0.010141
v -0.013422 0.009156 -0.010709
v -0.013103 0.008647 -0.011160
v -0.012701 0.008006 -0.011449
v -0.010934 0.009023 0.011449
v -0.012256 0.007295 0.011549
v -0.011287 0.009692 0.011160
v -0.011567 0.010223 0.010709
v -0.011748 0.010564 0.010141
v -0.011810 0.010682 0.009511
v -0.011810 0.010682 -0.009511
v -0.011748 0.010564 -0.010141
v -0.011567 0.010223 -0.010709
v -0.011287 0.009692 -0.011160
v -0.012256 0.007295 -0.011549
v -0.010934 0.009023 -0.011449
v -0.009074 0.009919 0.011449
v -0.010542 0.008281 0.011549
v -0.009378 0.010612 0.011160
v -0.009620 0.011162 0.010709
v -0.009775 0.011515 0.010141
v -0.009828 0.011637 0.009511
v -0.009828 0.011637 -0.009511
v -0.009775 0.011515 -0.010141
v -0.009620 0.011162 -0.010709
v -0.009378 0.010612 -0.011160
v -0.010542 0.008281 -0.011549
v -0.009074 0.009919 -0.011449
v -0.007123 0.010695 0.011449
v -0.008737 0.009151 0.011549
v -0.007379 0.011408 0.011160
v -0.007581 0.011973 0.010709
v -0.007712 0.012336 0.010141
v -0.007756 0.012461 0.009511
v -0.007756 0.012461 -0.009511
v -0.007712 0.012336 -0.010141
v -0.007581 0.011973 -0.010709
v -0.007379 0.011408 -0.011160
v -0.008737 0.009151 -0.011549
v -0.007123 0.010695 -0.011449
v -0.005081 0.011351 0.011449
v -0.006840 0.009906 0.011549
v -0.005289 0.012078 0.011160
v -0.005454 0.012656 0.010709
v -0.005560 0.013026 0.010141
v -0.005596 0.013154 0.009511
v -0.005596 0.013154 -0.009511
v -0.005560 0.013026 -0.010141
v -0.005454 0.012656 -0.010709
v -0.005289 0.012078 -0.011160
v -0.006840 0.009906 -0.011549
v -0.005081 0.011351 -0.011449
v -0.002950 0.011886 0.011449
v -0.004851 0.010544 0.011549
v -0.003111 0.012625 0.011160
v -0.003240 0.013211 0.010709
v -0.003322 0.013588 0.010141
v -0.003350 0.013718 0.009511
v -0.003350 0.013718 -0.009511
v -0.003322 0.013588 -0.010141
v -0.003240 0.013211 -0.010709
v -0.003111 0.012625 -0.011160
v -0.004851 0.010544 -0.011549
v -0.002950 0.011886 -0.011449
v -0.000729 0.012301 0.011449
v -0.002770 0.011066 0.011549
v -0.000846 0.013048 0.011160
v -0.000940 0.013641 0.010709
v -0.001000 0.014022 0.010141
v -0.001020 0.014153 0.009511
v -0.001020 0.014153 -0.009511
v -0.001000 0.014022 -0.010141
v -0.000940 0.013641 -0.010709
v -0.000846 0.013048 -0.011160
v -0.002770 0.011066 -0.011549
v -0.000729 0.012301 -0.011449
v 0.001582 0.012597 0.011449
v -0.000598 0.011472 0.011549
v 0.001506 0.013350 0.011160
v 0.001445 0.013947 0.010709
v 0.001407 0.014331 0.010141
v 0.001393 0.014463 0.009511
v 0.001393 0.014463 -0.009511
v 0.001407 0.014331 -0.010141
v 0.001445 0.013947 -0.010709
v 0.001506 0.013350 -0.011160
v -0.000598 0.011472 -0.011549
v 0.001582 0.012597 -0.011449
v 0.003981 0.012774 0.011449
v 0.001666 0.011763 0.011549
v 0.003944 0.013530 0.011160
v 0.003915 0.014130 0.010709
v 0.003896 0.014515 0.010141
v 0.003889 0.014647 0.009511
v 0.003889 0.014647 -0.009511
v 0.003896 0.014515 -0.010141
v 0.003915 0.014130 -0.010709
v 0.003944 0.013530 -0.011160
v 0.001666 0.011763 -0.011549
v 0.003981 0.012774 -0.011449
v 0.004022 0.011937 0.011549
v 0.004022 0.011937 -0.011549
v 0.003132 -0.031615 0.011449
v 0.002021 -0.032479 0.011549
v 0.002021 -0.031641 0.011449
v 0.003097 -0.030860 0.011160
v 0.002021 -0.030884 0.011160
v 0.003069 -0.030260 0.010709
v 0.002020 -0.030284 0.010709
v 0.003051 -0.029875 0.010141
v 0.002020 -0.029899 0.010141
v 0.003045 -0.029742 0.009511
v 0.002020 -0.029766 0.009511
v 0.003045 -0.029742 -0.009511
v 0.002020 -0.029766 -0.009511
v 0.002020 -0.029899 -0.010141
v 0.002020 -0.030284 -0.010709
v 0.003051 -0.029875 -0.010141
v 0.002021 -0.030884 -0.011160
v 0.003069 -0.030260 -0.010709
v 0.002021 -0.031641 -0.011449
v 0.003097 -0.030860 -0.011160
v 0.002021 -0.032479 -0.011549
v 0.003132 -0.031615 -0.011449
v 0.004204 -0.031540 0.011449
v 0.003171 -0.032453 0.011549
v 0.004132 -0.030787 0.011160
v 0.004074 -0.030189 0.010709
v 0.004038 -0.029805 0.010141
v 0.004025 -0.029673 0.009511
v 0.004025 -0.029673 -0.009511
v 0.004038 -0.029805 -0.010141
v 0.004074 -0.030189 -0.010709
v 0.004132 -0.030787 -0.011160
v 0.003171 -0.032453 -0.011549
v 0.004204 -0.031540 -0.011449
v 0.005238 -0.031414 0.011449
v 0.004284 -0.032375 0.011549
v 0.005126 -0.030666 0.011160
v 0.005038 -0.030072 0.010709
v 0.004981 -0.029691 0.010141
v 0.004962 -0.029559 0.009511
v 0.004962 -0.029559 -0.009511
v 0.004981 -0.029691 -0.010141
v 0.005038 -0.030072 -0.010709
v 0.005126 -0.030666 -0.011160
v 0.004284 -0.032375 -0.011549
v 0.005238 -0.031414 -0.011449
v 0.006233 -0.031239 0.011449
v 0.005361 -0.032244 0.011549
v 0.006080 -0.030497 0.011160
v 0.005960 -0.029909 0.010709
v 0.005882 -0.029532 0.010141
v 0.005855 -0.029402 0.009511
v 0.005855 -0.029402 -0.009511
v 0.005882 -0.029532 -0.010141
v 0.005960 -0.029909 -0.010709
v 0.006080 -0.030497 -0.011160
v 0.005361 -0.032244 -0.011549
v 0.006233 -0.031239 -0.011449
v 0.007189 -0.031014 0.011449
v 0.006401 -0.032060 0.011549
v 0.006995 -0.030283 0.011160
v 0.006840 -0.029702 0.010709
v 0.006741 -0.029330 0.010141
v 0.006707 -0.029202 0.009511
v 0.006707 -0.029202 -0.009511
v 0.006741 -0.029330 -0.010141
v 0.006840 -0.029702 -0.010709
v 0.006995 -0.030283 -0.011160
v 0.006401 -0.032060 -0.011549
v 0.007189 -0.031014 -0.011449
v 0.008108 -0.030740 0.011449
v 0.007405 -0.031824 0.011549
v 0.007870 -0.030022 0.011160
v 0.007681 -0.029452 0.010709
v 0.007560 -0.029086 0.010141
v 0.007518 -0.028960 0.009511
v 0.007518 -0.028960 -0.009511
v 0.007560 -0.029086 -0.010141
v 0.007681 -0.029452 -0.010709
v 0.007870 -0.030022 -0.011160
v 0.007405 -0.031824 -0.011549
v 0.008108 -0.030740 -0.011449
v 0.008990 -0.030417 0.011449
v 0.008373 -0.031536 0.011549
v 0.008708 -0.029715 0.011160
v 0.008484 -0.029158 0.010709
v 0.008340 -0.028800 0.010141
v 0.008290 -0.028677 0.009511
v 0.008290 -0.028677 -0.009511
v 0.008340 -0.028800 -0.010141
v 0.008484 -0.029158 -0.010709
v 0.008708 -0.029715 -0.011160
v 0.008373 -0.031536 -0.011549
v 0.008990 -0.030417 -0.011449
v 0.009835 -0.030046 0.011449
v 0.009303 -0.031195 0.011549
v 0.009508 -0.029363 0.011160
v 0.009249 -0.028822 0.010709
v 0.009083 -0.028474 0.010141
v 0.009025 -0.028354 0.009511
v 0.009025 -0.028354 -0.009511
v 0.009083 -0.028474 -0.010141
v 0.009249 -0.028822 -0.010709
v 0.009508 -0.029363 -0.011160
v 0.009303 -0.031195 -0.011549
v 0.009835 -0.030046 -0.011449
v 0.010644 -0.029626 0.011449
v 0.010198 -0.030802 0.011549
v 0.010274 -0.028966 0.011160
v 0.009979 -0.028442 0.010709
v 0.009790 -0.028106 0.010141
v 0.009725 -0.027990 0.009511
v 0.009725 -0.027990 -0.009511
v 0.009790 -0.028106 -0.010141
v 0.009979 -0.028442 -0.010709
v 0.010274 -0.028966 -0.011160
v 0.010198 -0.030802 -0.011549
v 0.010644 -0.029626 -0.011449
v 0.011418 -0.029156 0.011449
v 0.011055 -0.030357 0.011549
v 0.011004 -0.028523 0.011160
v 0.010676 -0.028020 0.010709
v 0.010465 -0.027697 0.010141
v 0.010393 -0.027586 0.009511
v 0.010393 -0.027586 -0.009511
v 0.010465 -0.027697 -0.010141
v 0.010676 -0.028020 -0.010709
v 0.011004 -0.028523 -0.011160
v 0.011055 -0.030357 -0.011549
v 0.011418 -0.029156 -0.011449
v 0.012661 -0.029309 0.011549
v 0.011877 -0.029859 0.011549
v 0.012157 -0.028638 0.011449
v 0.011702 -0.028033 0.011160
v 0.011341 -0.027553 0.010709
v 0.011030 -0.027139 0.009511
v 0.011030 -0.027139 -0.009511
v 0.011341 -0.027553 -0.010709
v 0.011702 -0.028033 -0.011160
v 0.012157 -0.028638 -0.011449
v 0.012661 -0.029309 -0.011549
v 0.011877 -0.029859 -0.011549
v 0.012861 -0.028071 0.011449
v 0.012367 -0.027498 0.011160
v 0.011974 -0.027044 0.010709
v 0.011722 -0.026752 0.010141
v 0.011110 -0.027245 0.010141
v 0.011635 -0.026652 0.009511
v 0.011635 -0.026652 -0.009511
v 0.011110 -0.027245 -0.010141
v 0.011722 -0.026752 -0.010141
v 0.011974 -0.027044 -0.010709
v 0.012367 -0.027498 -0.011160
v 0.012861 -0.028071 -0.011449
v 0.013517 -0.027464 0.011449
v 0.013410 -0.028706 0.011549
v 0.012983 -0.026928 0.011160
v 0.012559 -0.026502 0.010709
v 0.012287 -0.026229 0.010141
v 0.012193 -0.026135 0.009511
v 0.012193 -0.026135 -0.009511
v 0.012287 -0.026229 -0.010141
v 0.012559 -0.026502 -0.010709
v 0.012983 -0.026928 -0.011160
v 0.013410 -0.028706 -0.011549
v 0.013517 -0.027464 -0.011449
v 0.014113 -0.026825 0.011449
v 0.014109 -0.028058 0.011549
v 0.013540 -0.026330 0.011160
v 0.013086 -0.025937 0.010709
v 0.012794 -0.025685 0.010141
v 0.012694 -0.025598 0.009511
v 0.012694 -0.025598 -0.009511
v 0.012794 -0.025685 -0.010141
v 0.013086 -0.025937 -0.010709
v 0.013540 -0.026330 -0.011160
v 0.014109 -0.028058 -0.011549
v 0.014113 -0.026825 -0.011449
v 0.014651 -0.026152 0.011449
v 0.014748 -0.027373 0.011549
v 0.014042 -0.025703 0.011160
v 0.013559 -0.025346 0.010709
v 0.013249 -0.025117 0.010141
v 0.013142 -0.025038 0.009511
v 0.013142 -0.025038 -0.009511
v 0.013249 -0.025117 -0.010141
v 0.013559 -0.025346 -0.010709
v 0.014042 -0.025703 -0.011160
v 0.014748 -0.027373 -0.011549
v 0.014651 -0.026152 -0.011449
v 0.015131 -0.025446 0.011449
v 0.015326 -0.026651 0.011549
v 0.014490 -0.025045 0.011160
v 0.013980 -0.024727 0.010709
v 0.013653 -0.024522 0.010141
v 0.013541 -0.024452 0.009511
v 0.013541 -0.024452 -0.009511
v 0.013653 -0.024522 -0.010141
v 0.013980 -0.024727 -0.010709
v 0.014490 -0.025045 -0.011160
v 0.015326 -0.026651 -0.011549
v 0.015131 -0.025446 -0.011449
v 0.016299 -0.025093 0.011549
v 0.015843 -0.025891 0.011549
v 0.015555 -0.024705 0.011449
v 0.014884 -0.024355 0.011160
v 0.014352 -0.024077 0.010709
v 0.014010 -0.023899 0.010141
v 0.013892 -0.023837 -0.009511
v 0.014010 -0.023899 -0.010141
v 0.014352 -0.024077 -0.010709
v 0.014884 -0.024355 -0.011160
v 0.015555 -0.024705 -0.011449
v 0.016299 -0.025093 -0.011549
v 0.015843 -0.025891 -0.011549
v 0.016695 -0.024258 0.011549
v 0.015923 -0.023928 0.011449
v 0.015227 -0.023631 0.011160
v 0.014675 -0.023394 0.010709
v 0.013892 -0.023837 0.009511
v 0.014321 -0.023243 0.010141
v 0.014199 -0.023190 -0.009511
v 0.014321 -0.023243 -0.010141
v 0.014675 -0.023394 -0.010709
v 0.015227 -0.023631 -0.011160
v 0.015923 -0.023928 -0.011449
v 0.016695 -0.024258 -0.011549
v 0.017029 -0.023386 0.011549
v 0.016235 -0.023115 0.011449
v 0.015519 -0.022870 0.011160
v 0.014951 -0.022676 0.010709
v 0.014199 -0.023190 0.009511
v 0.014586 -0.022551 0.010141
v 0.014460 -0.022508 -0.009511
v 0.014586 -0.022551 -0.010141
v 0.014951 -0.022676 -0.010709
v 0.015519 -0.022870 -0.011160
v 0.016235 -0.023115 -0.011449
v 0.017029 -0.023386 -0.011549
v 0.017303 -0.022476 0.011549
v 0.016492 -0.022263 0.011449
v 0.015760 -0.022071 0.011160
v 0.015179 -0.021919 0.010709
v 0.014460 -0.022508 0.009511
v 0.014806 -0.021821 0.010141
v 0.014677 -0.021787 -0.009511
v 0.014806 -0.021821 -0.010141
v 0.015179 -0.021919 -0.010709
v 0.015760 -0.022071 -0.011160
v 0.016492 -0.022263 -0.011449
v 0.017303 -0.022476 -0.011549
v 0.017516 -0.021529 0.011549
v 0.016692 -0.021373 0.011449
v 0.015948 -0.021232 0.011160
v 0.015358 -0.021121 0.010709
v 0.014677 -0.021787 0.009511
v 0.014979 -0.021049 0.010141
v 0.014849 -0.021024 -0.009511
v 0.014979 -0.021049 -0.010141
v 0.015358 -0.021121 -0.010709
v 0.015948 -0.021232 -0.011160
v 0.016692 -0.021373 -0.011449
v 0.017516 -0.021529 -0.011549
v 0.017668 -0.020545 0.011549
v 0.016835 -0.020443 0.011449
v 0.016084 -0.020352 0.011160
v 0.015488 -0.020279 0.010709
v 0.014849 -0.021024 0.009511
v 0.015105 -0.020233 0.010141
v 0.014973 -0.020217 -0.009511
v 0.015105 -0.020233 -0.010141
v 0.015488 -0.020279 -0.010709
v 0.016084 -0.020352 -0.011160
v 0.016835 -0.020443 -0.011449
v 0.017668 -0.020545 -0.011549
v 0.017759 -0.019523 0.011549
v 0.016922 -0.019473 0.011449
v 0.016167 -0.019429 0.011160
v 0.015567 -0.019394 0.010709
v 0.014973 -0.020217 0.009511
v 0.015182 -0.019371 0.010141
v 0.015050 -0.019363 -0.009511
v 0.015182 -0.019371 -0.010141
v 0.015567 -0.019394 -0.010709
v 0.016167 -0.019429 -0.011160
v 0.016922 -0.019473 -0.011449
v 0.017759 -0.019523 -0.011549
v 0.017790 -0.018463 0.011549
v 0.016951 -0.018463 0.011449
v 0.016194 -0.018463 0.011160
v 0.015594 -0.018463 0.010709
v 0.015050 -0.019363 0.009511
v 0.015208 -0.018463 0.010141
v 0.015076 -0.018463 -0.009511
v 0.015208 -0.018463 -0.010141
v 0.015594 -0.018463 -0.010709
v 0.016194 -0.018463 -0.011160
v 0.016951 -0.018463 -0.011449
v 0.017790 -0.018463 -0.011549
v 0.016922 -0.017453 0.011449
v 0.016167 -0.017497 0.011160
v 0.015567 -0.017532 0.010709
v 0.015182 -0.017555 0.010141
v 0.015050 -0.017563 0.009511
v 0.015076 -0.018463 0.009511
v 0.015050 -0.017563 -0.009511
v 0.015182 -0.017555 -0.010141
v 0.015567 -0.017532 -0.010709
v 0.016167 -0.017497 -0.011160
v 0.016922 -0.017453 -0.011449
v 0.016835 -0.016481 0.011449
v 0.017759 -0.017403 0.011549
v 0.016084 -0.016572 0.011160
v 0.015488 -0.016645 0.010709
v 0.015105 -0.016691 0.010141
v 0.014973 -0.016707 0.009511
v 0.014973 -0.016707 -0.009511
v 0.015105 -0.016691 -0.010141
v 0.015488 -0.016645 -0.010709
v 0.016084 -0.016572 -0.011160
v 0.017759 -0.017403 -0.011549
v 0.016835 -0.016481 -0.011449
v 0.016692 -0.015549 0.011449
v 0.017668 -0.016380 0.011549
v 0.015948 -0.015689 0.011160
v 0.015358 -0.015801 0.010709
v 0.014979 -0.015872 0.010141
v 0.014848 -0.015897 0.009511
v 0.014848 -0.015897 -0.009511
v 0.014979 -0.015872 -0.010141
v 0.015358 -0.015801 -0.010709
v 0.015948 -0.015689 -0.011160
v 0.017668 -0.016380 -0.011549
v 0.016692 -0.015549 -0.011449
v 0.016491 -0.014655 0.011449
v 0.017516 -0.015393 0.011549
v 0.015759 -0.014846 0.011160
v 0.015178 -0.014998 0.010709
v 0.014805 -0.015096 0.010141
v 0.014677 -0.015129 0.009511
v 0.014677 -0.015129 -0.009511
v 0.014805 -0.015096 -0.010141
v 0.015178 -0.014998 -0.010709
v 0.015759 -0.014846 -0.011160
v 0.017516 -0.015393 -0.011549
v 0.016491 -0.014655 -0.011449
v 0.016235 -0.013799 0.011449
v 0.017303 -0.014443 0.011549
v 0.015518 -0.014042 0.011160
v 0.014950 -0.014236 0.010709
v 0.014585 -0.014360 0.010141
v 0.014459 -0.014402 0.009511
v 0.014459 -0.014402 -0.009511
v 0.014585 -0.014360 -0.010141
v 0.014950 -0.014236 -0.010709
v 0.015518 -0.014042 -0.011160
v 0.017303 -0.014443 -0.011549
v 0.016235 -0.013799 -0.011449
v 0.015922 -0.012980 0.011449
v 0.017029 -0.013529 0.011549
v 0.015226 -0.013276 0.011160
v 0.014673 -0.013511 0.010709
v 0.014318 -0.013661 0.010141
v 0.014196 -0.013713 0.009511
v 0.014196 -0.013713 -0.009511
v 0.014318 -0.013661 -0.010141
v 0.014673 -0.013511 -0.010709
v 0.015226 -0.013276 -0.011160
v 0.017029 -0.013529 -0.011549
v 0.015922 -0.012980 -0.011449
v 0.015554 -0.012196 0.011449
v 0.016695 -0.012651 0.011549
v 0.014882 -0.012544 0.011160
v 0.014349 -0.012820 0.010709
v 0.014006 -0.012998 0.010141
v 0.013888 -0.013059 0.009511
v 0.013888 -0.013059 -0.009511
v 0.014006 -0.012998 -0.010141
v 0.014349 -0.012820 -0.010709
v 0.014882 -0.012544 -0.011160
v 0.016695 -0.012651 -0.011549
v 0.015554 -0.012196 -0.011449
v 0.015130 -0.011448 0.011449
v 0.016299 -0.011810 0.011549
v 0.014486 -0.011846 0.011160
v 0.013975 -0.012162 0.010709
v 0.013647 -0.012365 0.010141
v 0.013534 -0.012435 0.009511
v 0.013534 -0.012435 -0.009511
v 0.013647 -0.012365 -0.010141
v 0.013975 -0.012162 -0.010709
v 0.014486 -0.011846 -0.011160
v 0.016299 -0.011810 -0.011549
v 0.015130 -0.011448 -0.011449
v 0.015326 -0.010238 0.011549
v 0.015843 -0.011006 0.011549
v 0.014648 -0.010733 0.011449
v 0.014037 -0.011179 0.011160
v 0.013552 -0.011533 0.010709
v 0.013240 -0.011761 0.010141
v 0.013133 -0.011839 -0.009511
v 0.013240 -0.011761 -0.010141
v 0.013552 -0.011533 -0.010709
v 0.014037 -0.011179 -0.011160
v 0.014648 -0.010733 -0.011449
v 0.015326 -0.010238 -0.011549
v 0.015843 -0.011006 -0.011549
v 0.014748 -0.009507 0.011549
v 0.014109 -0.010051 0.011449
v 0.013534 -0.010542 0.011160
v 0.013077 -0.010932 0.010709
v 0.013133 -0.011839 0.009511
v 0.012783 -0.011182 0.010141
v 0.012682 -0.011268 -0.009511
v 0.012783 -0.011182 -0.010141
v 0.013077 -0.010932 -0.010709
v 0.013534 -0.010542 -0.011160
v 0.014109 -0.010051 -0.011449
v 0.014748 -0.009507 -0.011549
v 0.014109 -0.008812 0.011549
v 0.013512 -0.009401 0.011449
v 0.012974 -0.009933 0.011160
v 0.012547 -0.010356 0.010709
v 0.012682 -0.011268 0.009511
v 0.012273 -0.010627 0.010141
v 0.012178 -0.010720 -0.009511
v 0.012273 -0.010627 -0.010141
v 0.012547 -0.010356 -0.010709
v 0.012974 -0.009933 -0.011160
v 0.013512 -0.009401 -0.011449
v 0.014109 -0.008812 -0.011549
v 0.013410 -0.008153 0.011549
v 0.012856 -0.008784 0.011449
v 0.012357 -0.009353 0.011160
v 0.011961 -0.009804 0.010709
v 0.012178 -0.010720 0.009511
v 0.011707 -0.010094 0.010141
v 0.011619 -0.010194 0.009511
v 0.011707 -0.010094 -0.010141
v 0.011961 -0.009804 -0.010709
v 0.012357 -0.009353 -0.011160
v 0.012856 -0.008784 -0.011449
v 0.013410 -0.008153 -0.011549
v 0.012659 -0.007540 0.011549
v 0.012151 -0.008207 0.011449
v 0.011692 -0.008809 0.011160
v 0.011329 -0.009287 0.010709
v 0.011095 -0.009594 0.010141
v 0.011014 -0.009699 -0.009511
v 0.011619 -0.010194 -0.009511
v 0.011095 -0.009594 -0.010141
v 0.011329 -0.009287 -0.010709
v 0.011692 -0.008809 -0.011160
v 0.012151 -0.008207 -0.011449
v 0.012659 -0.007540 -0.011549
v 0.011869 -0.006980 0.011549
v 0.011408 -0.007680 0.011449
v 0.010992 -0.008312 0.011160
v 0.010661 -0.008814 0.010709
v 0.011014 -0.009699 0.009511
v 0.010449 -0.009136 0.010141
v 0.010376 -0.009247 -0.009511
v 0.010449 -0.009136 -0.010141
v 0.010661 -0.008814 -0.010709
v 0.010992 -0.008312 -0.011160
v 0.011408 -0.007680 -0.011449
v 0.011869 -0.006980 -0.011549
v 0.011038 -0.006473 0.011549
v 0.010626 -0.007203 0.011449
v 0.010254 -0.007862 0.011160
v 0.009959 -0.008385 0.010709
v 0.010376 -0.009247 0.009511
v 0.009769 -0.008721 0.010141
v 0.009704 -0.008837 -0.009511
v 0.009769 -0.008721 -0.010141
v 0.009959 -0.008385 -0.010709
v 0.010254 -0.007862 -0.011160
v 0.010626 -0.007203 -0.011449
v 0.011038 -0.006473 -0.011549
v 0.010168 -0.006020 0.011549
v 0.009805 -0.006776 0.011449
v 0.009478 -0.007458 0.011160
v 0.009218 -0.008000 0.010709
v 0.009704 -0.008837 0.009511
v 0.009052 -0.008348 0.010141
v 0.008994 -0.008467 -0.009511
v 0.009052 -0.008348 -0.010141
v 0.009218 -0.008000 -0.010709
v 0.009478 -0.007458 -0.011160
v 0.009805 -0.006776 -0.011449
v 0.010168 -0.006020 -0.011549
v 0.009256 -0.005619 0.011549
v 0.008944 -0.006398 0.011449
v 0.008662 -0.007100 0.011160
v 0.008439 -0.007657 0.010709
v 0.008994 -0.008467 0.009511
v 0.008295 -0.008015 0.010141
v 0.008246 -0.008138 -0.009511
v 0.008295 -0.008015 -0.010141
v 0.008439 -0.007657 -0.010709
v 0.008662 -0.007100 -0.011160
v 0.008944 -0.006398 -0.011449
v 0.009256 -0.005619 -0.011549
v 0.008305 -0.005273 0.011549
v 0.008042 -0.006069 0.011449
v 0.007805 -0.006788 0.011160
v 0.007617 -0.007358 0.010709
v 0.008246 -0.008138 0.009511
v 0.007497 -0.007724 0.010141
v 0.007455 -0.007850 -0.009511
v 0.007497 -0.007724 -0.010141
v 0.007617 -0.007358 -0.010709
v 0.007805 -0.006788 -0.011160
v 0.008042 -0.006069 -0.011449
v 0.008305 -0.005273 -0.011549
v 0.007314 -0.004979 0.011549
v 0.007099 -0.005790 0.011449
v 0.006906 -0.006522 0.011160
v 0.006753 -0.007102 0.010709
v 0.007455 -0.007850 0.009511
v 0.006655 -0.007475 0.010141
v 0.006621 -0.007603 -0.009511
v 0.006655 -0.007475 -0.010141
v 0.006753 -0.007102 -0.010709
v 0.006906 -0.006522 -0.011160
v 0.007099 -0.005790 -0.011449
v 0.007314 -0.004979 -0.011549
v 0.006282 -0.004739 0.011549
v 0.006115 -0.005561 0.011449
v 0.005964 -0.006303 0.011160
v 0.005844 -0.006891 0.010709
v 0.006621 -0.007603 0.009511
v 0.005768 -0.007269 0.010141
v 0.005741 -0.007399 -0.009511
v 0.005768 -0.007269 -0.010141
v 0.005844 -0.006891 -0.010709
v 0.005964 -0.006303 -0.011160
v 0.006115 -0.005561 -0.011449
v 0.006282 -0.004739 -0.011549
v 0.005210 -0.004553 0.011549
v 0.005088 -0.005382 0.011449
v 0.004978 -0.006131 0.011160
v 0.004890 -0.006725 0.010709
v 0.005741 -0.007399 0.009511
v 0.004834 -0.007106 0.010141
v 0.004815 -0.007238 -0.009511
v 0.004834 -0.007106 -0.010141
v 0.004890 -0.006725 -0.010709
v 0.004978 -0.006131 -0.011160
v 0.005088 -0.005382 -0.011449
v 0.005210 -0.004553 -0.011549
v 0.004097 -0.004419 0.011549
v 0.004018 -0.005254 0.011449
v 0.003947 -0.006007 0.011160
v 0.003891 -0.006605 0.010709
v 0.004815 -0.007238 0.009511
v 0.003854 -0.006989 0.010141
v 0.003842 -0.007121 -0.009511
v 0.003854 -0.006989 -0.010141
v 0.003891 -0.006605 -0.010709
v 0.003947 -0.006007 -0.011160
v 0.004018 -0.005254 -0.011449
v 0.004097 -0.004419 -0.011549
v 0.002945 -0.004339 0.011549
v 0.002906 -0.005177 0.011449
v 0.002872 -0.005933 0.011160
v 0.002844 -0.006532 0.010709
v 0.003842 -0.007121 0.009511
v 0.002826 -0.006917 0.010141
v 0.002820 -0.007050 -0.009511
v 0.002826 -0.006917 -0.010141
v 0.002844 -0.006532 -0.010709
v 0.002872 -0.005933 -0.011160
v 0.002906 -0.005177 -0.011449
v 0.002945 -0.004339 -0.011549
v 0.001752 -0.004312 0.011549
v 0.001752 -0.005151 0.011449
v 0.001753 -0.005907 0.011160
v 0.001753 -0.006508 0.010709
v 0.002820 -0.007050 0.009511
v 0.001753 -0.006893 0.010141
v 0.001754 -0.007026 -0.009511
v 0.001753 -0.006893 -0.010141
v 0.001753 -0.006508 -0.010709
v 0.001753 -0.005907 -0.011160
v 0.001752 -0.005151 -0.011449
v 0.001752 -0.004312 -0.011549
v 0.000620 -0.005178 0.011449
v 0.000656 -0.005933 0.011160
v 0.000685 -0.006533 0.010709
v 0.000703 -0.006918 0.010141
v 0.000710 -0.007051 0.009511
v 0.001754 -0.007026 0.009511
v 0.000710 -0.007051 -0.009511
v 0.000703 -0.006918 -0.010141
v 0.000685 -0.006533 -0.010709
v 0.000656 -0.005933 -0.011160
v 0.000620 -0.005178 -0.011449
v -0.000475 -0.005257 0.011449
v 0.000579 -0.004340 0.011549
v -0.000401 -0.006010 0.011160
v -0.000342 -0.006608 0.010709
v -0.000304 -0.006991 0.010141
v -0.000290 -0.007124 0.009511
v -0.000290 -0.007124 -0.009511
v -0.000304 -0.006991 -0.010141
v -0.000342 -0.006608 -0.010709
v -0.000401 -0.006010 -0.011160
v 0.000579 -0.004340 -0.011549
v -0.000475 -0.005257 -0.011449
v -0.001532 -0.005390 0.011449
v -0.000558 -0.004423 0.011549
v -0.001418 -0.006138 0.011160
v -0.001327 -0.006731 0.010709
v -0.001269 -0.007112 0.010141
v -0.001248 -0.007244 0.009511
v -0.001248 -0.007244 -0.009511
v -0.001269 -0.007112 -0.010141
v -0.001327 -0.006731 -0.010709
v -0.001418 -0.006138 -0.011160
v -0.000558 -0.004423 -0.011549
v -0.001532 -0.005390 -0.011449
v -0.002552 -0.005575 0.011449
v -0.001659 -0.004561 0.011549
v -0.002396 -0.006315 0.011160
v -0.002272 -0.006903 0.010709
v -0.002192 -0.007280 0.010141
v -0.002165 -0.007410 0.009511
v -0.002165 -0.007410 -0.009511
v -0.002192 -0.007280 -0.010141
v -0.002272 -0.006903 -0.010709
v -0.002396 -0.006315 -0.011160
v -0.001659 -0.004561 -0.011549
v -0.002552 -0.005575 -0.011449
v -0.003535 -0.005812 0.011449
v -0.002725 -0.004754 0.011549
v -0.003336 -0.006542 0.011160
v -0.003178 -0.007121 0.010709
v -0.003076 -0.007493 0.010141
v -0.003041 -0.007621 0.009511
v -0.003041 -0.007621 -0.009511
v -0.003076 -0.007493 -0.010141
v -0.003178 -0.007121 -0.010709
v -0.003336 -0.006542 -0.011160
v -0.002725 -0.004754 -0.011549
v -0.003535 -0.005812 -0.011449
v -0.004481 -0.006101 0.011449
v -0.003756 -0.005003 0.011549
v -0.004238 -0.006817 0.011160
v -0.004045 -0.007386 0.010709
v -0.003921 -0.007751 0.010141
v -0.003879 -0.007877 0.009511
v -0.003879 -0.007877 -0.009511
v -0.003921 -0.007751 -0.010141
v -0.004045 -0.007386 -0.010709
v -0.004238 -0.006817 -0.011160
v -0.003756 -0.005003 -0.011549
v -0.004481 -0.006101 -0.011449
v -0.005391 -0.006441 0.011449
v -0.004751 -0.005306 0.011549
v -0.005104 -0.007141 0.011160
v -0.004876 -0.007697 0.010709
v -0.004729 -0.008053 0.010141
v -0.004679 -0.008176 0.009511
v -0.004679 -0.008176 -0.009511
v -0.004729 -0.008053 -0.010141
v -0.004876 -0.007697 -0.010709
v -0.005104 -0.007141 -0.011160
v -0.004751 -0.005306 -0.011549
v -0.005391 -0.006441 -0.011449
v -0.006266 -0.006833 0.011449
v -0.005710 -0.005665 0.011549
v -0.005934 -0.007513 0.011160
v -0.005671 -0.008053 0.010709
v -0.005502 -0.008400 0.010141
v -0.005444 -0.008519 0.009511
v -0.005444 -0.008519 -0.009511
v -0.005502 -0.008400 -0.010141
v -0.005671 -0.008053 -0.010709
v -0.005934 -0.007513 -0.011160
v -0.005710 -0.005665 -0.011549
v -0.006266 -0.006833 -0.011449
v -0.007106 -0.007277 0.011449
v -0.006634 -0.006079 0.011549
v -0.006731 -0.007934 0.011160
v -0.006433 -0.008456 0.010709
v -0.006242 -0.008791 0.010141
v -0.006176 -0.008906 0.009511
v -0.006176 -0.008906 -0.009511
v -0.006242 -0.008791 -0.010141
v -0.006433 -0.008456 -0.010709
v -0.006731 -0.007934 -0.011160
v -0.006634 -0.006079 -0.011549
v -0.007106 -0.007277 -0.011449
v -0.007912 -0.007773 0.011449
v -0.007522 -0.006549 0.011549
v -0.007494 -0.008404 0.011160
v -0.007163 -0.008905 0.010709
v -0.006950 -0.009227 0.010141
v -0.006877 -0.009337 0.009511
v -0.006877 -0.009337 -0.009511
v -0.006950 -0.009227 -0.010141
v -0.007163 -0.008905 -0.010709
v -0.007494 -0.008404 -0.011160
v -0.007522 -0.006549 -0.011549
v -0.007912 -0.007773 -0.011449
v -0.009192 -0.007653 0.011549
v -0.008375 -0.007073 0.011549
v -0.008684 -0.008321 0.011449
v -0.008226 -0.008924 0.011160
v -0.007863 -0.009402 0.010709
v -0.007630 -0.009709 0.010141
v -0.007549 -0.009814 -0.009511
v -0.007630 -0.009709 -0.010141
v -0.007863 -0.009402 -0.010709
v -0.008226 -0.008924 -0.011160
v -0.008684 -0.008321 -0.011449
v -0.009192 -0.007653 -0.011549
v -0.008375 -0.007073 -0.011549
v -0.009973 -0.008288 0.011549
v -0.009423 -0.008922 0.011449
v -0.008927 -0.009493 0.011160
v -0.008534 -0.009947 0.010709
v -0.007549 -0.009814 0.009511
v -0.008281 -0.010238 0.010141
v -0.008194 -0.010338 -0.009511
v -0.008281 -0.010238 -0.010141
v -0.008534 -0.009947 -0.010709
v -0.008927 -0.009493 -0.011160
v -0.009423 -0.008922 -0.011449
v -0.009973 -0.008288 -0.011549
v -0.010114 -0.009562 0.011449
v -0.009582 -0.010099 0.011160
v -0.009159 -0.010526 0.010709
v -0.008887 -0.010800 0.010141
v -0.008794 -0.010894 0.009511
v -0.008194 -0.010338 0.009511
v -0.008794 -0.010894 -0.009511
v -0.008887 -0.010800 -0.010141
v -0.009159 -0.010526 -0.010709
v -0.009582 -0.010099 -0.011160
v -0.010114 -0.009562 -0.011449
v -0.010743 -0.010229 0.011449
v -0.010705 -0.008966 0.011549
v -0.010174 -0.010728 0.011160
v -0.009723 -0.011124 0.010709
v -0.009433 -0.011379 0.010141
v -0.009333 -0.011466 0.009511
v -0.009333 -0.011466 -0.009511
v -0.009433 -0.011379 -0.010141
v -0.009723 -0.011124 -0.010709
v -0.010174 -0.010728 -0.011160
v -0.010705 -0.008966 -0.011549
v -0.010743 -0.010229 -0.011449
v -0.011309 -0.010922 0.011449
v -0.011373 -0.009675 0.011549
v -0.010706 -0.011379 0.011160
v -0.010227 -0.011742 0.010709
v -0.009920 -0.011975 0.010141
v -0.009814 -0.012055 0.009511
v -0.009814 -0.012055 -0.009511
v -0.009920 -0.011975 -0.010141
v -0.010227 -0.011742 -0.010709
v -0.010706 -0.011379 -0.011160
v -0.011373 -0.009675 -0.011549
v -0.011309 -0.010922 -0.011449
v -0.011814 -0.011642 0.011449
v -0.011978 -0.010415 0.011549
v -0.011179 -0.012053 0.011160
v -0.010675 -0.012379 0.010709
v -0.010351 -0.012589 0.010141
v -0.010240 -0.012661 0.009511
v -0.010240 -0.012661 -0.009511
v -0.010351 -0.012589 -0.010141
v -0.010675 -0.012379 -0.010709
v -0.011179 -0.012053 -0.011160
v -0.011978 -0.010415 -0.011549
v -0.011814 -0.011642 -0.011449
v -0.012259 -0.012389 0.011449
v -0.012519 -0.011186 0.011549
v -0.011595 -0.012751 0.011160
v -0.011068 -0.013039 0.010709
v -0.010729 -0.013223 0.010141
v -0.010612 -0.013287 0.009511
v -0.010612 -0.013287 -0.009511
v -0.010729 -0.013223 -0.010141
v -0.011068 -0.013039 -0.010709
v -0.011595 -0.012751 -0.011160
v -0.012519 -0.011186 -0.011549
v -0.012259 -0.012389 -0.011449
v -0.012645 -0.013164 0.011449
v -0.012996 -0.011987 0.011549
v -0.011955 -0.013475 0.011160
v -0.011407 -0.013722 0.010709
v -0.011055 -0.013880 0.010141
v -0.010934 -0.013935 0.009511
v -0.010934 -0.013935 -0.009511
v -0.011055 -0.013880 -0.010141
v -0.011407 -0.013722 -0.010709
v -0.011955 -0.013475 -0.011160
v -0.012996 -0.011987 -0.011549
v -0.012645 -0.013164 -0.011449
v -0.013760 -0.013683 0.011549
v -0.013410 -0.012820 0.011549
v -0.012971 -0.013969 0.011449
v -0.012259 -0.014227 0.011160
v -0.011695 -0.014431 0.010709
v -0.011332 -0.014563 0.010141
v -0.011207 -0.014608 -0.009511
v -0.011332 -0.014563 -0.010141
v -0.011695 -0.014431 -0.010709
v -0.012259 -0.014227 -0.011160
v -0.012971 -0.013969 -0.011449
v -0.013760 -0.013683 -0.011549
v -0.013410 -0.012820 -0.011549
v -0.014046 -0.014577 0.011549
v -0.013238 -0.014804 0.011449
v -0.012510 -0.015008 0.011160
v -0.011931 -0.015170 0.010709
v -0.011207 -0.014608 0.009511
v -0.011560 -0.015274 0.010141
v -0.011432 -0.015310 -0.009511
v -0.011560 -0.015274 -0.010141
v -0.011931 -0.015170 -0.010709
v -0.012510 -0.015008 -0.011160
v -0.013238 -0.014804 -0.011449
v -0.014046 -0.014577 -0.011549
v -0.014269 -0.015503 0.011549
v -0.013447 -0.015670 0.011449
v -0.012705 -0.015821 0.011160
v -0.012117 -0.015940 0.010709
v -0.011432 -0.015310 0.009511
v -0.011739 -0.016017 0.010141
v -0.011609 -0.016043 -0.009511
v -0.011739 -0.016017 -0.010141
v -0.012117 -0.015940 -0.010709
v -0.012705 -0.015821 -0.011160
v -0.013447 -0.015670 -0.011449
v -0.014269 -0.015503 -0.011549
v -0.014428 -0.016459 0.011549
v -0.013596 -0.016568 0.011449
v -0.012846 -0.016666 0.011160
v -0.012251 -0.016745 0.010709
v -0.011609 -0.016043 0.009511
v -0.011868 -0.016795 0.010141
v -0.011737 -0.016812 -0.009511
v -0.011868 -0.016795 -0.010141
v -0.012251 -0.016745 -0.010709
v -0.012846 -0.016666 -0.011160
v -0.013596 -0.016568 -0.011449
v -0.014428 -0.016459 -0.011549
v -0.014523 -0.017446 0.011549
v -0.013686 -0.017499 0.011449
v -0.012931 -0.017547 0.011160
v -0.012332 -0.017586 0.010709
v -0.011737 -0.016812 0.009511
v -0.011947 -0.017610 0.010141
v -0.011815 -0.017619 -0.009511
v -0.011947 -0.017610 -0.010141
v -0.012332 -0.017586 -0.010709
v -0.012931 -0.017547 -0.011160
v -0.013686 -0.017499 -0.011449
v -0.014523 -0.017446 -0.011549
v -0.014555 -0.018463 0.011549
v -0.013716 -0.018464 0.011449
v -0.012960 -0.018464 0.011160
v -0.012359 -0.018464 0.010709
v -0.011815 -0.017619 0.009511
v -0.011974 -0.018464 0.010141
v -0.011841 -0.018465 -0.009511
v -0.011974 -0.018464 -0.010141
v -0.012359 -0.018464 -0.010709
v -0.012960 -0.018464 -0.011160
v -0.013716 -0.018464 -0.011449
v -0.014555 -0.018463 -0.011549
v -0.013687 -0.019429 0.011449
v -0.012932 -0.019382 0.011160
v -0.012333 -0.019344 0.010709
v -0.011948 -0.019321 0.010141
v -0.011815 -0.019312 0.009511
v -0.011841 -0.018465 0.009511
v -0.011815 -0.019312 -0.009511
v -0.011948 -0.019321 -0.010141
v -0.012333 -0.019344 -0.010709
v -0.012932 -0.019382 -0.011160
v -0.013687 -0.019429 -0.011449
v -0.013600 -0.020360 0.011449
v -0.014524 -0.019481 0.011549
v -0.012849 -0.020264 0.011160
v -0.012253 -0.020188 0.010709
v -0.011871 -0.020139 0.010141
v -0.011739 -0.020122 0.009511
v -0.011739 -0.020122 -0.009511
v -0.011871 -0.020139 -0.010141
v -0.012253 -0.020188 -0.010709
v -0.012849 -0.020264 -0.011160
v -0.014524 -0.019481 -0.011549
v -0.013600 -0.020360 -0.011449
v -0.013454 -0.021257 0.011449
v -0.014432 -0.020466 0.011549
v -0.012712 -0.021110 0.011160
v -0.012123 -0.020993 0.010709
v -0.011745 -0.020918 0.010141
v -0.011614 -0.020893 0.009511
v -0.011614 -0.020893 -0.009511
v -0.011745 -0.020918 -0.010141
v -0.012123 -0.020993 -0.010709
v -0.012712 -0.021110 -0.011160
v -0.014432 -0.020466 -0.011549
v -0.013454 -0.021257 -0.011449
v -0.013252 -0.022121 0.011449
v -0.014277 -0.021420 0.011549
v -0.012522 -0.021921 0.011160
v -0.011942 -0.021763 0.010709
v -0.011570 -0.021662 0.010141
v -0.011442 -0.021627 0.009511
v -0.011442 -0.021627 -0.009511
v -0.011570 -0.021662 -0.010141
v -0.011942 -0.021763 -0.010709
v -0.012522 -0.021921 -0.011160
v -0.014277 -0.021420 -0.011549
v -0.013252 -0.022121 -0.011449
v -0.012992 -0.022952 0.011449
v -0.014061 -0.022342 0.011549
v -0.012279 -0.022700 0.011160
v -0.011712 -0.022500 0.010709
v -0.011349 -0.022371 0.010141
v -0.011224 -0.022327 0.009511
v -0.011224 -0.022327 -0.009511
v -0.011349 -0.022371 -0.010141
v -0.011712 -0.022500 -0.010709
v -0.012279 -0.022700 -0.011160
v -0.014061 -0.022342 -0.011549
v -0.012992 -0.022952 -0.011449
v -0.012676 -0.023752 0.011449
v -0.013783 -0.023232 0.011549
v -0.011983 -0.023447 0.011160
v -0.011433 -0.023205 0.010709
v -0.011080 -0.023050 0.010141
v -0.010959 -0.022996 0.009511
v -0.010959 -0.022996 -0.009511
v -0.011080 -0.023050 -0.010141
v -0.011433 -0.023205 -0.010709
v -0.011983 -0.023447 -0.011160
v -0.013783 -0.023232 -0.011549
v -0.012676 -0.023752 -0.011449
v -0.012302 -0.024521 0.011449
v -0.013443 -0.024090 0.011549
v -0.011634 -0.024165 0.011160
v -0.011104 -0.023883 0.010709
v -0.010764 -0.023701 0.010141
v -0.010647 -0.023639 0.009511
v -0.010647 -0.023639 -0.009511
v -0.010764 -0.023701 -0.010141
v -0.011104 -0.023883 -0.010709
v -0.011634 -0.024165 -0.011160
v -0.013443 -0.024090 -0.011549
v -0.012302 -0.024521 -0.011449
v -0.012579 -0.025711 0.011549
v -0.013042 -0.024916 0.011549
v -0.011870 -0.025261 0.011449
v -0.011231 -0.024856 0.011160
v -0.010724 -0.024534 0.010709
v -0.010398 -0.024328 0.010141
v -0.010286 -0.024257 -0.009511
v -0.010398 -0.024328 -0.010141
v -0.010724 -0.024534 -0.010709
v -0.011231 -0.024856 -0.011160
v -0.011870 -0.025261 -0.011449
v -0.012579 -0.025711 -0.011549
v -0.013042 -0.024916 -0.011549
v -0.012054 -0.026474 0.011549
v -0.011380 -0.025973 0.011449
v -0.010773 -0.025521 0.011160
v -0.010291 -0.025163 0.010709
v -0.010286 -0.024257 0.009511
v -0.009982 -0.024932 0.010141
v -0.009875 -0.024853 -0.009511
v -0.009982 -0.024932 -0.010141
v -0.010291 -0.025163 -0.010709
v -0.010773 -0.025521 -0.011160
v -0.011380 -0.025973 -0.011449
v -0.012054 -0.026474 -0.011549
v -0.011467 -0.027205 0.011549
v -0.010832 -0.026656 0.011449
v -0.010259 -0.026162 0.011160
v -0.009804 -0.025769 0.010709
v -0.009875 -0.024853 0.009511
v -0.009512 -0.025517 0.010141
v -0.009412 -0.025431 -0.009511
v -0.009512 -0.025517 -0.010141
v -0.009804 -0.025769 -0.010709
v -0.010259 -0.026162 -0.011160
v -0.010832 -0.026656 -0.011449
v -0.011467 -0.027205 -0.011549
v -0.010818 -0.027904 0.011549
v -0.010223 -0.027312 0.011449
v -0.009686 -0.026779 0.011160
v -0.009260 -0.026356 0.010709
v -0.009412 -0.025431 0.009511
v -0.008987 -0.026084 0.010141
v -0.008893 -0.025990 -0.009511
v -0.008987 -0.026084 -0.010141
v -0.009260 -0.026356 -0.010709
v -0.009686 -0.026779 -0.011160
v -0.010223 -0.027312 -0.011449
v -0.010818 -0.027904 -0.011549
v -0.009555 -0.027940 0.011449
v -0.009056 -0.027371 0.011160
v -0.008660 -0.026920 0.010709
v -0.008406 -0.026630 0.010141
v -0.008318 -0.026530 0.009511
v -0.008893 -0.025990 0.009511
v -0.008318 -0.026530 -0.009511
v -0.008406 -0.026630 -0.010141
v -0.008660 -0.026920 -0.010709
v -0.009056 -0.027371 -0.011160
v -0.009555 -0.027940 -0.011449
v -0.008837 -0.028527 0.011449
v -0.010108 -0.028571 0.011549
v -0.008379 -0.027925 0.011160
v -0.008016 -0.027446 0.010709
v -0.007782 -0.027139 0.010141
v -0.007702 -0.027034 0.009511
v -0.007702 -0.027034 -0.009511
v -0.007782 -0.027139 -0.010141
v -0.008016 -0.027446 -0.010709
v -0.008379 -0.027925 -0.011160
v -0.010108 -0.028571 -0.011549
v -0.008837 -0.028527 -0.011449
v -0.008535 -0.029765 0.011549
v -0.009344 -0.029195 0.011549
v -0.008077 -0.029063 0.011449
v -0.007663 -0.028429 0.011160
v -0.007334 -0.027927 0.010709
v -0.007123 -0.027604 0.010141
v -0.007051 -0.027493 -0.009511
v -0.007123 -0.027604 -0.010141
v -0.007334 -0.027927 -0.010709
v -0.007663 -0.028429 -0.011160
v -0.008077 -0.029063 -0.011449
v -0.008535 -0.029765 -0.011549
v -0.009344 -0.029195 -0.011549
v -0.007682 -0.030281 0.011549
v -0.007273 -0.029548 0.011449
v -0.006904 -0.028888 0.011160
v -0.006612 -0.028363 0.010709
v -0.007051 -0.027493 0.009511
v -0.006424 -0.028026 0.010141
v -0.006359 -0.027910 -0.009511
v -0.006424 -0.028026 -0.010141
v -0.006612 -0.028363 -0.010709
v -0.006904 -0.028888 -0.011160
v -0.007273 -0.029548 -0.011449
v -0.007682 -0.030281 -0.011549
v -0.006783 -0.030742 0.011549
v -0.006426 -0.029984 0.011449
v -0.006103 -0.029299 0.011160
v -0.005846 -0.028756 0.010709
v -0.006359 -0.027910 0.009511
v -0.005682 -0.028408 0.010141
v -0.005625 -0.028287 -0.009511
v -0.005682 -0.028408 -0.010141
v -0.005846 -0.028756 -0.010709
v -0.006103 -0.029299 -0.011160
v -0.006426 -0.029984 -0.011449
v -0.006783 -0.030742 -0.011549
v -0.005840 -0.031149 0.011549
v -0.005533 -0.030369 0.011449
v -0.005255 -0.029665 0.011160
v -0.005035 -0.029106 0.010709
v -0.005625 -0.028287 0.009511
v -0.004894 -0.028747 0.010141
v -0.004846 -0.028624 -0.009511
v -0.004894 -0.028747 -0.010141
v -0.005035 -0.029106 -0.010709
v -0.005255 -0.029665 -0.011160
v -0.005533 -0.030369 -0.011449
v -0.005840 -0.031149 -0.011549
v -0.004852 -0.031502 0.011549
v -0.004594 -0.030704 0.011449
v -0.004362 -0.029984 0.011160
v -0.004178 -0.029413 0.010709
v -0.004846 -0.028624 0.009511
v -0.004059 -0.029046 0.010141
v -0.004018 -0.028919 -0.009511
v -0.004059 -0.029046 -0.010141
v -0.004178 -0.029413 -0.010709
v -0.004362 -0.029984 -0.011160
v -0.004594 -0.030704 -0.011449
v -0.004852 -0.031502 -0.011549
v -0.003819 -0.031801 0.011549
v -0.003609 -0.030989 0.011449
v -0.003421 -0.030256 0.011160
v -0.003271 -0.029674 0.010709
v -0.004018 -0.028919 0.009511
v -0.003175 -0.029301 0.010141
v -0.003142 -0.029173 -0.009511
v -0.003175 -0.029301 -0.010141
v -0.003271 -0.029674 -0.010709
v -0.003421 -0.030256 -0.011160
v -0.003609 -0.030989 -0.011449
v -0.003819 -0.031801 -0.011549
v -0.002740 -0.032045 0.011549
v -0.002578 -0.031222 0.011449
v -0.002431 -0.030480 0.011160
v -0.002315 -0.029891 0.010709
v -0.003142 -0.029173 0.009511
v -0.002240 -0.029513 0.010141
v -0.002214 -0.029383 -0.009511
v -0.002240 -0.029513 -0.010141
v -0.002315 -0.029891 -0.010709
v -0.002431 -0.030480 -0.011160
v -0.002578 -0.031222 -0.011449
v -0.002740 -0.032045 -0.011549
v -0.001617 -0.032235 0.011549
v -0.001499 -0.031405 0.011449
v -0.001392 -0.030656 0.011160
v -0.001307 -0.030062 0.010709
v -0.002214 -0.029383 0.009511
v -0.001253 -0.029680 0.010141
v -0.001234 -0.029548 -0.009511
v -0.001253 -0.029680 -0.010141
v -0.001307 -0.030062 -0.010709
v -0.001392 -0.030656 -0.011160
v -0.001499 -0.031405 -0.011449
v -0.001617 -0.032235 -0.011549
v -0.000449 -0.032371 0.011549
v -0.000373 -0.031536 0.011449
v -0.000304 -0.030782 0.011160
v -0.000249 -0.030185 0.010709
v -0.001234 -0.029548 0.009511
v -0.000214 -0.029801 0.010141
v -0.000202 -0.029668 -0.009511
v -0.000214 -0.029801 -0.010141
v -0.000249 -0.030185 -0.010709
v -0.000304 -0.030782 -0.011160
v -0.000373 -0.031536 -0.011449
v -0.000449 -0.032371 -0.011549
v 0.000764 -0.032452 0.011549
v 0.000801 -0.031614 0.011449
v 0.000834 -0.030859 0.011160
v 0.000861 -0.030259 0.010709
v -0.000202 -0.029668 0.009511
v 0.000878 -0.029874 0.010141
v 0.000884 -0.029741 -0.009511
v 0.000878 -0.029874 -0.010141
v 0.000861 -0.030259 -0.010709
v 0.000834 -0.030859 -0.011160
v 0.000801 -0.031614 -0.011449
v 0.000764 -0.032452 -0.011549
v 0.000884 -0.029741 0.009511
v 0.006940 0.049196 -0.012500
v 0.010551 0.049225 -0.012500
v 0.009298 0.049237 -0.012500
v 0.011796 0.049190 -0.012500
v 0.004631 0.049072 -0.012500
v 0.013033 0.049131 -0.012500
v 0.014262 0.049050 -0.012500
v 0.002370 0.048866 -0.012500
v 0.015481 0.048944 -0.012500
v 0.016693 0.048816 -0.012500
v 0.000156 0.048578 -0.012500
v 0.017896 0.048664 -0.012500
v 0.019091 0.048488 -0.012500
v -0.002011 0.048207 -0.012500
v 0.020277 0.048289 -0.012500
v 0.021455 0.048067 -0.012500
v -0.004129 0.047754 -0.012500
v 0.022624 0.047821 -0.012500
v 0.023785 0.047552 -0.012500
v -0.006200 0.047219 -0.012500
v 0.024928 0.047262 -0.012500
v 0.026041 0.046951 -0.012500
v -0.008223 0.046601 -0.012500
v 0.027125 0.046621 -0.012500
v 0.028180 0.046272 -0.012500
v -0.010198 0.045901 -0.012500
v 0.029206 0.045903 -0.012500
v 0.030204 0.045514 -0.012500
v -0.012125 0.045119 -0.012500
v 0.031172 0.045105 -0.012500
v -0.014005 0.044254 -0.012500
v 0.032111 0.044677 -0.012500
v 0.033021 0.044229 -0.012500
v -0.015837 0.043307 -0.012500
v 0.033902 0.043762 -0.012500
v 0.034755 0.043275 -0.012500
v -0.017612 0.042280 -0.012500
v 0.035578 0.042768 -0.012500
v 0.021020 0.029842 -0.012500
v 0.022415 0.029351 -0.012500
v 0.023760 0.028794 -0.012500
v 0.025054 0.028171 -0.012500
v 0.026298 0.027484 -0.012500
v 0.027491 0.026730 -0.012500
v -0.019320 0.041177 -0.012500
v 0.019574 0.030268 -0.012500
v -0.020963 0.039997 -0.012500
v 0.018077 0.030628 -0.012500
v -0.022538 0.038740 -0.012500
v -0.024047 0.037406 -0.012500
v 0.016530 0.030923 -0.012500
v -0.025490 0.035996 -0.012500
v 0.014933 0.031152 -0.012500
v -0.026866 0.034508 -0.012500
v 0.013284 0.031316 -0.012500
v -0.028176 0.032945 -0.012500
v 0.011586 0.031414 -0.012500
v -0.029419 0.031304 -0.012500
v 0.009837 0.031447 -0.012500
v 0.007872 0.031398 -0.012500
v 0.005977 0.031252 -0.012500
v -0.030596 0.029587 -0.012500
v 0.004151 0.031009 -0.012500
v 0.002394 0.030668 -0.012500
v 0.000707 0.030230 -0.012500
v -0.000911 0.029695 -0.012500
v -0.002460 0.029062 -0.012500
v -0.031707 0.027792 -0.012500
v -0.003940 0.028332 -0.012500
v -0.005350 0.027505 -0.012500
v -0.032751 0.025922 -0.012500
v -0.006691 0.026580 -0.012500
v -0.007963 0.025558 -0.012500
v -0.033719 0.023981 -0.012500
v -0.009166 0.024439 -0.012500
v -0.010289 0.023227 -0.012500
v -0.034604 0.021976 -0.012500
v -0.011322 0.021927 -0.012500
v -0.035404 0.019907 -0.012500
v -0.012266 0.020539 -0.012500
v -0.013119 0.019063 -0.012500
v -0.036120 0.017775 -0.012500
v -0.013883 0.017499 -0.012500
v -0.036752 0.015580 -0.012500
v -0.014557 0.015848 -0.012500
v -0.015141 0.014108 -0.012500
v -0.037299 0.013321 -0.012500
v -0.015635 0.012280 -0.012500
v -0.037762 0.010998 -0.012500
v 0.004155 0.012387 -0.012500
v 0.008096 0.012419 -0.012500
v 0.006602 0.012445 -0.012500
v 0.009567 0.012344 -0.012500
v 0.001799 0.012212 -0.012500
v 0.011016 0.012217 -0.012500
v -0.016039 0.010364 -0.012500
v 0.012442 0.012040 -0.012500
v -0.000465 0.011922 -0.012500
v 0.013846 0.011813 -0.012500
v -0.002637 0.011516 -0.012500
v 0.015227 0.011535 -0.012500
v 0.016586 0.011206 -0.012500
v -0.004718 0.010994 -0.012500
v 0.017923 0.010827 -0.012500
v -0.038141 0.008611 -0.012500
v -0.006706 0.010356 -0.012500
v 0.019237 0.010398 -0.012500
v 0.020528 0.009918 -0.012500
v -0.016354 0.008360 -0.012500
v -0.008603 0.009601 -0.012500
v 0.021797 0.009387 -0.012500
v -0.010409 0.008731 -0.012500
v 0.023044 0.008806 -0.012500
v 0.024258 0.008178 -0.012500
v -0.012122 0.007744 -0.012500
v -0.038436 0.006161 -0.012500
v -0.016578 0.006269 -0.012500
v 0.025429 0.007509 -0.012500
v -0.013744 0.006642 -0.012500
v 0.026556 0.006797 -0.012500
v 0.027641 0.006043 -0.012500
v -0.015275 0.005423 -0.012500
v -0.016713 0.004089 -0.012500
v -0.038647 0.003647 -0.012500
v 0.028683 0.005247 -0.012500
v 0.029681 0.004409 -0.012500
v 0.030637 0.003529 -0.012500
v -0.038773 0.001070 -0.012500
v 0.031550 0.002606 -0.012500
v 0.032419 0.001642 -0.012500
v 0.033245 0.000635 -0.012500
v -0.038815 -0.001571 -0.012500
v 0.034029 -0.000413 -0.012500
v 0.034769 -0.001504 -0.012500
v 0.035458 -0.002630 -0.012500
v -0.038738 -0.005251 -0.012500
v 0.000712 -0.003890 -0.012500
v 0.001885 -0.003863 -0.012500
v 0.036087 -0.003786 -0.012500
v 0.003078 -0.003889 -0.012500
v 0.036656 -0.004970 -0.012500
v 0.004231 -0.003969 -0.012500
v -0.000425 -0.003973 -0.012500
v 0.005343 -0.004103 -0.012500
v -0.001526 -0.004111 -0.012500
v 0.006415 -0.004289 -0.012500
v -0.002592 -0.004304 -0.012500
v 0.007447 -0.004529 -0.012500
v -0.003623 -0.004553 -0.012500
v 0.008438 -0.004823 -0.012500
v -0.004617 -0.004856 -0.012500
v 0.009390 -0.005170 -0.012500
v -0.005577 -0.005215 -0.012500
v 0.037165 -0.006184 -0.012500
v 0.010301 -0.005570 -0.012500
v -0.006501 -0.005630 -0.012500
v -0.038505 -0.008785 -0.012500
v 0.011172 -0.006023 -0.012500
v -0.007389 -0.006099 -0.012500
v 0.012002 -0.006530 -0.012500
v -0.008241 -0.006623 -0.012500
v 0.037614 -0.007426 -0.012500
v 0.012793 -0.007090 -0.012500
v -0.009058 -0.007203 -0.012500
v 0.013543 -0.007703 -0.012500
v -0.009840 -0.007838 -0.012500
v 0.038003 -0.008697 -0.012500
v 0.014242 -0.008362 -0.012500
v -0.010572 -0.008516 -0.012500
v 0.014881 -0.009057 -0.012500
v -0.011240 -0.009225 -0.012500
v 0.038333 -0.009998 -0.012500
v -0.038116 -0.012176 -0.012500
v 0.015459 -0.009788 -0.012500
v -0.011844 -0.009965 -0.012500
v 0.015976 -0.010556 -0.012500
v -0.012385 -0.010736 -0.012500
v 0.038602 -0.011327 -0.012500
v 0.016432 -0.011361 -0.012500
v -0.012863 -0.011537 -0.012500
v 0.038812 -0.012686 -0.012500
v 0.016828 -0.012201 -0.012500
v -0.013276 -0.012370 -0.012500
v -0.037572 -0.015423 -0.012500
v 0.017162 -0.013079 -0.012500
v -0.013626 -0.013233 -0.012500
v 0.038962 -0.014073 -0.012500
v 0.017436 -0.013993 -0.012500
v -0.013913 -0.014128 -0.012500
v 0.017649 -0.014943 -0.012500
v 0.039052 -0.015490 -0.012500
v -0.014136 -0.015053 -0.012500
v 0.017801 -0.015930 -0.012500
v -0.014295 -0.016009 -0.012500
v -0.036873 -0.018525 -0.012500
v 0.039082 -0.016935 -0.012500
v 0.017892 -0.016953 -0.012500
v -0.014390 -0.016996 -0.012500
v 0.039049 -0.018492 -0.012500
v 0.017923 -0.018013 -0.012500
v -0.014422 -0.018013 -0.012500
v -0.014391 -0.019031 -0.012500
v 0.017892 -0.019073 -0.012500
v 0.038951 -0.020016 -0.012500
v -0.036019 -0.021484 -0.012500
v -0.014298 -0.020016 -0.012500
v 0.017801 -0.020095 -0.012500
v -0.014144 -0.020970 -0.012500
v 0.038787 -0.021509 -0.012500
v 0.017649 -0.021079 -0.012500
v -0.013928 -0.021892 -0.012500
v 0.017436 -0.022027 -0.012500
v -0.035009 -0.024298 -0.012500
v 0.038558 -0.022970 -0.012500
v -0.013650 -0.022782 -0.012500
v 0.017162 -0.022936 -0.012500
v -0.013310 -0.023640 -0.012500
v 0.016828 -0.023808 -0.012500
v 0.038263 -0.024399 -0.012500
v -0.012909 -0.024466 -0.012500
v 0.016432 -0.024643 -0.012500
v -0.033844 -0.026968 -0.012500
v 0.037902 -0.025796 -0.012500
v -0.012445 -0.025261 -0.012500
v 0.015976 -0.025441 -0.012500
v -0.011920 -0.026024 -0.012500
v 0.015459 -0.026201 -0.012500
v 0.037477 -0.027162 -0.012500
v -0.011333 -0.026755 -0.012500
v 0.014881 -0.026923 -0.012500
v -0.010685 -0.027454 -0.012500
v 0.014242 -0.027608 -0.012500
v -0.032523 -0.029494 -0.012500
v 0.036985 -0.028495 -0.012500
v -0.009975 -0.028121 -0.012500
v 0.013543 -0.028256 -0.012500
v -0.009211 -0.028745 -0.012500
v 0.012795 -0.028859 -0.012500
v 0.036428 -0.029797 -0.012500
v -0.008402 -0.029315 -0.012500
v 0.012010 -0.029409 -0.012500
v -0.007549 -0.029831 -0.012500
v 0.011189 -0.029907 -0.012500
v -0.031047 -0.031876 -0.012500
v 0.035806 -0.031067 -0.012500
v -0.006650 -0.030292 -0.012500
v 0.010331 -0.030352 -0.012500
v -0.005707 -0.030700 -0.012500
v 0.009437 -0.030745 -0.012500
v -0.004719 -0.031052 -0.012500
v 0.008506 -0.031086 -0.012500
v -0.003685 -0.031351 -0.012500
v 0.035118 -0.032306 -0.012500
v 0.007538 -0.031374 -0.012500
v -0.002607 -0.031595 -0.012500
v 0.006535 -0.031610 -0.012500
v -0.001484 -0.031785 -0.012500
v 0.005494 -0.031794 -0.012500
v -0.000316 -0.031921 -0.012500
v 0.004418 -0.031925 -0.012500
v -0.029416 -0.034114 -0.012500
v 0.000897 -0.032002 -0.012500
v 0.003304 -0.032003 -0.012500
v 0.002155 -0.032029 -0.012500
v 0.034365 -0.033512 -0.012500
v 0.033555 -0.034679 -0.012500
v -0.027629 -0.036207 -0.012500
v 0.032697 -0.035801 -0.012500
v 0.031791 -0.036877 -0.012500
v -0.025705 -0.038145 -0.012500
v 0.030838 -0.037907 -0.012500
v 0.029837 -0.038891 -0.012500
v -0.023661 -0.039913 -0.012500
v 0.028789 -0.039829 -0.012500
v 0.027692 -0.040722 -0.012500
v -0.021497 -0.041514 -0.012500
v 0.026548 -0.041568 -0.012500
v -0.019214 -0.042946 -0.012500
v 0.025356 -0.042369 -0.012500
v 0.024117 -0.043124 -0.012500
v -0.016810 -0.044209 -0.012500
v 0.022829 -0.043833 -0.012500
v 0.021494 -0.044496 -0.012500
v -0.014287 -0.045304 -0.012500
v 0.020123 -0.045109 -0.012500
v 0.018726 -0.045669 -0.012500
v -0.011644 -0.046231 -0.012500
v 0.017304 -0.046176 -0.012500
v 0.015856 -0.046630 -0.012500
v -0.008881 -0.046989 -0.012500
v 0.014384 -0.047030 -0.012500
v -0.005999 -0.047579 -0.012500
v 0.012886 -0.047376 -0.012500
v 0.011363 -0.047670 -0.012500
v -0.002996 -0.048000 -0.012500
v 0.009814 -0.047910 -0.012500
v 0.008240 -0.048097 -0.012500
v 0.000126 -0.048252 -0.012500
v 0.006641 -0.048230 -0.012500
v 0.005017 -0.048310 -0.012500
v 0.003368 -0.048337 -0.012500
v 0.006940 0.049196 0.012500
v 0.009298 0.049237 0.012500
v 0.010551 0.049225 0.012500
v 0.011796 0.049190 0.012500
v 0.004631 0.049072 0.012500
v 0.013033 0.049131 0.012500
v 0.014262 0.049050 0.012500
v 0.002370 0.048866 0.012500
v 0.015481 0.048944 0.012500
v 0.016693 0.048816 0.012500
v 0.000156 0.048578 0.012500
v 0.017896 0.048664 0.012500
v 0.019091 0.048488 0.012500
v -0.002011 0.048207 0.012500
v 0.020277 0.048289 0.012500
v 0.021455 0.048067 0.012500
v -0.004129 0.047754 0.012500
v 0.022624 0.047821 0.012500
v 0.023785 0.047552 0.012500
v -0.006200 0.047219 0.012500
v 0.024928 0.047262 0.012500
v 0.026041 0.046951 0.012500
v -0.008223 0.046601 0.012500
v 0.027125 0.046621 0.012500
v 0.028180 0.046272 0.012500
v -0.010198 0.045901 0.012500
v 0.029206 0.045903 0.012500
v 0.030204 0.045514 0.012500
v -0.012125 0.045119 0.012500
v 0.031172 0.045105 0.012500
v -0.014005 0.044254 0.012500
v 0.032111 0.044677 0.012500
v 0.033021 0.044229 0.012500
v -0.015837 0.043307 0.012500
v 0.033902 0.043762 0.012500
v 0.034755 0.043275 0.012500
v -0.017612 0.042280 0.012500
v 0.035578 0.042768 0.012500
v 0.021020 0.029842 0.012500
v 0.022415 0.029351 0.012500
v 0.023760 0.028794 0.012500
v 0.025054 0.028171 0.012500
v 0.026298 0.027484 0.012500
v 0.027491 0.026730 0.012500
v -0.019320 0.041177 0.012500
v 0.019574 0.030268 0.012500
v -0.020963 0.039997 0.012500
v 0.018077 0.030628 0.012500
v -0.022538 0.038740 0.012500
v -0.024047 0.037406 0.012500
v 0.016530 0.030923 0.012500
v -0.025490 0.035996 0.012500
v 0.014933 0.031152 0.012500
v -0.026866 0.034508 0.012500
v 0.013284 0.031316 0.012500
v -0.028176 0.032945 0.012500
v 0.011586 0.031414 0.012500
v -0.029419 0.031304 0.012500
v 0.009837 0.031447 0.012500
v 0.007872 0.031398 0.012500
v 0.005977 0.031252 0.012500
v -0.030596 0.029587 0.012500
v 0.004151 0.031009 0.012500
v 0.002394 0.030668 0.012500
v 0.000707 0.030230 0.012500
v -0.000911 0.029695 0.012500
v -0.002460 0.029062 0.012500
v -0.031707 0.027792 0.012500
v -0.003940 0.028332 0.012500
v -0.005350 0.027505 0.012500
v -0.032751 0.025922 0.012500
v -0.006691 0.026580 0.012500
v -0.007963 0.025558 0.012500
v -0.033719 0.023981 0.012500
v -0.009166 0.024439 0.012500
v -0.010289 0.023227 0.012500
v -0.034604 0.021976 0.012500
v -0.011322 0.021927 0.012500
v -0.035404 0.019907 0.012500
v -0.012266 0.020539 0.012500
v -0.013119 0.019063 0.012500
v -0.036120 0.017775 0.012500
v -0.013883 0.017499 0.012500
v -0.036752 0.015580 0.012500
v -0.014557 0.015848 0.012500
v -0.015141 0.014108 0.012500
v -0.037299 0.013321 0.012500
v -0.015635 0.012280 0.012500
v -0.037762 0.010998 0.012500
v 0.004155 0.012387 0.012500
v 0.006602 0.012445 0.012500
v 0.008096 0.012419 0.012500
v 0.009567 0.012344 0.012500
v 0.001799 0.012212 0.012500
v 0.011016 0.012217 0.012500
v -0.016039 0.010364 0.012500
v 0.012442 0.012040 0.012500
v -0.000465 0.011922 0.012500
v 0.013846 0.011813 0.012500
v -0.002637 0.011516 0.012500
v 0.015227 0.011535 0.012500
v 0.016586 0.011206 0.012500
v -0.004718 0.010994 0.012500
v 0.017923 0.010827 0.012500
v -0.038141 0.008611 0.012500
v -0.006706 0.010356 0.012500
v 0.019237 0.010398 0.012500
v 0.020528 0.009918 0.012500
v -0.016354 0.008360 0.012500
v -0.008603 0.009601 0.012500
v 0.021797 0.009387 0.012500
v -0.010409 0.008731 0.012500
v 0.023044 0.008806 0.012500
v 0.024258 0.008178 0.012500
v -0.012122 0.007744 0.012500
v -0.038436 0.006161 0.012500
v -0.016578 0.006269 0.012500
v 0.025429 0.007509 0.012500
v -0.013744 0.006642 0.012500
v 0.026556 0.006797 0.012500
v 0.027641 0.006043 0.012500
v -0.015275 0.005423 0.012500
v -0.016713 0.004089 0.012500
v -0.038647 0.003647 0.012500
v 0.028683 0.005247 0.012500
v 0.029681 0.004409 0.012500
v 0.030637 0.003529 0.012500
v -0.038773 0.001070 0.012500
v 0.031550 0.002606 0.012500
v 0.032419 0.001642 0.012500
v 0.033245 0.000635 0.012500
v -0.038815 -0.001571 0.012500
v 0.034029 -0.000413 0.012500
v 0.034769 -0.001504 0.012500
v 0.035458 -0.002630 0.012500
v -0.038738 -0.005251 0.012500
v 0.000712 -0.003890 0.012500
v 0.001885 -0.003863 0.012500
v 0.036087 -0.003786 0.012500
v 0.003078 -0.003889 0.012500
v 0.036656 -0.004970 0.012500
v 0.004231 -0.003969 0.012500
v -0.000425 -0.003973 0.012500
v 0.005343 -0.004103 0.012500
v -0.001526 -0.004111 0.012500
v 0.006415 -0.004289 0.012500
v -0.002592 -0.004304 0.012500
v 0.007447 -0.004529 0.012500
v -0.003623 -0.004553 0.012500
v 0.008438 -0.004823 0.012500
v -0.004617 -0.004856 0.012500
v 0.009390 -0.005170 0.012500
v -0.005577 -0.005215 0.012500
v 0.037165 -0.006184 0.012500
v 0.010301 -0.005570 0.012500
v -0.006501 -0.005630 0.012500
v -0.038505 -0.008785 0.012500
v 0.011172 -0.006023 0.012500
v -0.007389 -0.006099 0.012500
v 0.012002 -0.006530 0.012500
v -0.008241 -0.006623 0.012500
v 0.037614 -0.007426 0.012500
v 0.012793 -0.007090 0.012500
v -0.009058 -0.007203 0.012500
v 0.013543 -0.007703 0.012500
v -0.009840 -0.007838 0.012500
v 0.038003 -0.008697 0.012500
v 0.014242 -0.008362 0.012500
v -0.010572 -0.008516 0.012500
v 0.014881 -0.009057 0.012500
v -0.011240 -0.009225 0.012500
v 0.038333 -0.009998 0.012500
v -0.038116 -0.012176 0.012500
v 0.015459 -0.009788 0.012500
v -0.011844 -0.009965 0.012500
v 0.015976 -0.010556 0.012500
v -0.012385 -0.010736 0.012500
v 0.038602 -0.011327 0.012500
v 0.016432 -0.011361 0.012500
v -0.012863 -0.011537 0.012500
v 0.038812 -0.012686 0.012500
v 0.016828 -0.012201 0.012500
v -0.013276 -0.012370 0.012500
v -0.037572 -0.015423 0.012500
v 0.017162 -0.013079 0.012500
v -0.013626 -0.013233 0.012500
v 0.038962 -0.014073 0.012500
v 0.017436 -0.013993 0.012500
v -0.013913 -0.014128 0.012500
v 0.017649 -0.014943 0.012500
v 0.039052 -0.015490 0.012500
v -0.014136 -0.015053 0.012500
v 0.017801 -0.015930 0.012500
v -0.014295 -0.016009 0.012500
v -0.036873 -0.018525 0.012500
v 0.039082 -0.016935 0.012500
v 0.017892 -0.016953 0.012500
v -0.014390 -0.016996 0.012500
v 0.039049 -0.018492 0.012500
v 0.017923 -0.018013 0.012500
v -0.014422 -0.018013 0.012500
v -0.014391 -0.019031 0.012500
v 0.017892 -0.019073 0.012500
v 0.038951 -0.020016 0.012500
v -0.036019 -0.021484 0.012500
v -0.014298 -0.020016 0.012500
v 0.017801 -0.020095 0.012500
v -0.014144 -0.020970 0.012500
v 0.038787 -0.021509 0.012500
v 0.017649 -0.021079 0.012500
v -0.013928 -0.021892 0.012500
v 0.017436 -0.022027 0.012500
v -0.035009 -0.024298 0.012500
v 0.038558 -0.022970 0.012500
v -0.013650 -0.022782 0.012500
v 0.017162 -0.022936 0.012500
v -0.013310 -0.023640 0.012500
v 0.016828 -0.023808 0.012500
v 0.038263 -0.024399 0.012500
v -0.012909 -0.024466 0.012500
v 0.016432 -0.024643 0.012500
v -0.033844 -0.026968 0.012500
v 0.037902 -0.025796 0.012500
v -0.012445 -0.025261 0.012500
v 0.015976 -0.025441 0.012500
v -0.011920 -0.026024 0.012500
v 0.015459 -0.026201 0.012500
v 0.037477 -0.027162 0.012500
v -0.011333 -0.026755 0.012500
v 0.014881 -0.026923 0.012500
v -0.010685 -0.027454 0.012500
v 0.014242 -0.027608 0.012500
v -0.032523 -0.029494 0.012500
v 0.036985 -0.028495 0.012500
v -0.009975 -0.028121 0.012500
v 0.013543 -0.028256 0.012500
v -0.009211 -0.028745 0.012500
v 0.012795 -0.028859 0.012500
v 0.036428 -0.029797 0.012500
v -0.008402 -0.029315 0.012500
v 0.012010 -0.029409 0.012500
v -0.007549 -0.029831 0.012500
v 0.011189 -0.029907 0.012500
v -0.031047 -0.031876 0.012500
v 0.035806 -0.031067 0.012500
v -0.006650 -0.030292 0.012500
v 0.010331 -0.030352 0.012500
v -0.005707 -0.030700 0.012500
v 0.009437 -0.030745 0.012500
v -0.004719 -0.031052 0.012500
v 0.008506 -0.031086 0.012500
v -0.003685 -0.031351 0.012500
v 0.035118 -0.032306 0.012500
v 0.007538 -0.031374 0.012500
v -0.002607 -0.031595 0.012500
v 0.006535 -0.031610 0.012500
v -0.001484 -0.031785 0.012500
v 0.005494 -0.031794 0.012500
v -0.000316 -0.031921 0.012500
v 0.004418 -0.031925 0.012500
v -0.029416 -0.034114 0.012500
v 0.000897 -0.032002 0.012500
v 0.003304 -0.032003 0.012500
v 0.002155 -0.032029 0.012500
v 0.034365 -0.033512 0.012500
v 0.033555 -0.034679 0.012500
v -0.027629 -0.036207 0.012500
v 0.032697 -0.035801 0.012500
v 0.031791 -0.036877 0.012500
v -0.025705 -0.038145 0.012500
v 0.030838 -0.037907 0.012500
v 0.029837 -0.038891 0.012500
v -0.023661 -0.039913 0.012500
v 0.028789 -0.039829 0.012500
v 0.027692 -0.040722 0.012500
v -0.021497 -0.041514 0.012500
v 0.026548 -0.041568 0.012500
v -0.019214 -0.042946 0.012500
v 0.025356 -0.042369 0.012500
v 0.024117 -0.043124 0.012500
v -0.016810 -0.044209 0.012500
v 0.022829 -0.043833 0.012500
v 0.021494 -0.044496 0.012500
v -0.014287 -0.045304 0.012500
v 0.020123 -0.045109 0.012500
v 0.018726 -0.045669 0.012500
v -0.011644 -0.046231 0.012500
v 0.017304 -0.046176 0.012500
v 0.015856 -0.046630 0.012500
v -0.008881 -0.046989 0.012500
v 0.014384 -0.047030 0.012500
v -0.005999 -0.047579 0.012500
v 0.012886 -0.047376 0.012500
v 0.011363 -0.047670 0.012500
v -0.002996 -0.048000 0.012500
v 0.009814 -0.047910 0.012500
v 0.008240 -0.048097 0.012500
v 0.000126 -0.048252 0.012500
v 0.006641 -0.048230 0.012500
v 0.005017 -0.048310 0.012500
v 0.003368 -0.048337 0.012500
v 0.008105 0.012699 0.012467
v 0.006602 0.012445 0.012500
v 0.006601 0.012724 0.012467
v 0.008114 0.012951 0.012370
v 0.006600 0.012976 0.012370
v 0.008121 0.013151 0.012220
v 0.006600 0.013176 0.012220
v 0.008125 0.013279 0.012031
v 0.006599 0.013305 0.012031
v 0.008127 0.013323 0.011821
v 0.006599 0.013349 0.011821
v 0.006599 0.013349 -0.011821
v 0.006599 0.013305 -0.012031
v 0.008127 0.013323 -0.011821
v 0.006600 0.013176 -0.012220
v 0.008125 0.013279 -0.012031
v 0.006600 0.012976 -0.012370
v 0.008121 0.013151 -0.012220
v 0.006601 0.012724 -0.012467
v 0.008114 0.012951 -0.012370
v 0.006602 0.012445 -0.012500
v 0.008105 0.012699 -0.012467
v 0.009567 0.012344 0.012500
v 0.008096 0.012419 0.012500
v 0.009586 0.012622 0.012467
v 0.009604 0.012874 0.012370
v 0.009618 0.013073 0.012220
v 0.009627 0.013202 0.012031
v 0.009630 0.013246 -0.011821
v 0.009627 0.013202 -0.012031
v 0.009618 0.013073 -0.012220
v 0.009604 0.012874 -0.012370
v 0.009586 0.012622 -0.012467
v 0.009567 0.012344 -0.012500
v 0.008096 0.012419 -0.012500
v 0.011016 0.012217 0.012500
v 0.011045 0.012495 0.012467
v 0.011072 0.012746 0.012370
v 0.011093 0.012945 0.012220
v 0.009630 0.013246 0.011821
v 0.011106 0.013073 0.012031
v 0.011111 0.013117 -0.011821
v 0.011106 0.013073 -0.012031
v 0.011093 0.012945 -0.012220
v 0.011072 0.012746 -0.012370
v 0.011045 0.012495 -0.012467
v 0.011016 0.012217 -0.012500
v 0.012442 0.012040 0.012500
v 0.012482 0.012317 0.012467
v 0.012517 0.012567 0.012370
v 0.012546 0.012765 0.012220
v 0.011111 0.013117 0.011821
v 0.012564 0.012892 0.012031
v 0.012570 0.012936 -0.011821
v 0.012564 0.012892 -0.012031
v 0.012546 0.012765 -0.012220
v 0.012517 0.012567 -0.012370
v 0.012482 0.012317 -0.012467
v 0.012442 0.012040 -0.012500
v 0.013846 0.011813 0.012500
v 0.013896 0.012088 0.012467
v 0.013941 0.012336 0.012370
v 0.013977 0.012533 0.012220
v 0.012570 0.012936 0.011821
v 0.014000 0.012659 0.012031
v 0.014008 0.012703 0.011821
v 0.014000 0.012659 -0.012031
v 0.013977 0.012533 -0.012220
v 0.013941 0.012336 -0.012370
v 0.013896 0.012088 -0.012467
v 0.013846 0.011813 -0.012500
v 0.015227 0.011535 0.012500
v 0.015288 0.011808 0.012467
v 0.015342 0.012054 0.012370
v 0.015386 0.012249 0.012220
v 0.015413 0.012375 0.012031
v 0.014008 0.012703 -0.011821
v 0.015423 0.012418 0.011821
v 0.015413 0.012375 -0.012031
v 0.015386 0.012249 -0.012220
v 0.015342 0.012054 -0.012370
v 0.015288 0.011808 -0.012467
v 0.015227 0.011535 -0.012500
v 0.016586 0.011206 0.012500
v 0.016657 0.011477 0.012467
v 0.016721 0.011721 0.012370
v 0.016772 0.011914 0.012220
v 0.016805 0.012038 0.012031
v 0.016816 0.012081 -0.011821
v 0.015423 0.012418 -0.011821
v 0.016805 0.012038 -0.012031
v 0.016772 0.011914 -0.012220
v 0.016721 0.011721 -0.012370
v 0.016657 0.011477 -0.012467
v 0.016586 0.011206 -0.012500
v 0.017923 0.010827 0.012500
v 0.018004 0.011095 0.012467
v 0.018078 0.011336 0.012370
v 0.018136 0.011527 0.012220
v 0.016816 0.012081 0.011821
v 0.018174 0.011650 0.012031
v 0.018187 0.011692 -0.011821
v 0.018174 0.011650 -0.012031
v 0.018136 0.011527 -0.012220
v 0.018078 0.011336 -0.012370
v 0.018004 0.011095 -0.012467
v 0.017923 0.010827 -0.012500
v 0.019237 0.010398 0.012500
v 0.019329 0.010662 0.012467
v 0.019412 0.010900 0.012370
v 0.019478 0.011089 0.012220
v 0.018187 0.011692 0.011821
v 0.019520 0.011210 0.012031
v 0.019535 0.011252 -0.011821
v 0.019520 0.011210 -0.012031
v 0.019478 0.011089 -0.012220
v 0.019412 0.010900 -0.012370
v 0.019329 0.010662 -0.012467
v 0.019237 0.010398 -0.012500
v 0.020528 0.009918 0.012500
v 0.020631 0.010178 0.012467
v 0.020724 0.010412 0.012370
v 0.020797 0.010598 0.012220
v 0.019535 0.011252 0.011821
v 0.020844 0.010718 0.012031
v 0.020860 0.010759 -0.011821
v 0.020844 0.010718 -0.012031
v 0.020797 0.010598 -0.012220
v 0.020724 0.010412 -0.012370
v 0.020631 0.010178 -0.012467
v 0.020528 0.009918 -0.012500
v 0.021797 0.009387 0.012500
v 0.021910 0.009643 0.012467
v 0.022012 0.009873 0.012370
v 0.022145 0.010174 0.012031
v 0.020860 0.010759 0.011821
v 0.022163 0.010214 -0.011821
v 0.022145 0.010174 -0.012031
v 0.022012 0.009873 -0.012370
v 0.021910 0.009643 -0.012467
v 0.021797 0.009387 -0.012500
v 0.023044 0.008806 0.012500
v 0.023167 0.009057 0.012467
v 0.022093 0.010056 0.012220
v 0.023278 0.009283 0.012370
v 0.023367 0.009463 0.012220
v 0.022163 0.010214 0.011821
v 0.023423 0.009578 0.012031
v 0.023443 0.009618 -0.011821
v 0.023423 0.009578 -0.012031
v 0.023367 0.009463 -0.012220
v 0.022093 0.010056 -0.012220
v 0.023278 0.009283 -0.012370
v 0.023167 0.009057 -0.012467
v 0.023044 0.008806 -0.012500
v 0.024258 0.008178 0.012500
v 0.024391 0.008424 0.012467
v 0.024512 0.008645 0.012370
v 0.024608 0.008821 0.012220
v 0.023443 0.009618 0.011821
v 0.024669 0.008934 0.012031
v 0.024690 0.008973 -0.011821
v 0.024669 0.008934 -0.012031
v 0.024608 0.008821 -0.012220
v 0.024512 0.008645 -0.012370
v 0.024391 0.008424 -0.012467
v 0.024258 0.008178 -0.012500
v 0.025429 0.007509 0.012500
v 0.025573 0.007748 0.012467
v 0.025703 0.007964 0.012370
v 0.025806 0.008136 0.012220
v 0.024690 0.008973 0.011821
v 0.025872 0.008246 0.012031
v 0.025895 0.008284 -0.011821
v 0.025872 0.008246 -0.012031
v 0.025806 0.008136 -0.012220
v 0.025703 0.007964 -0.012370
v 0.025573 0.007748 -0.012467
v 0.025429 0.007509 -0.012500
v 0.026556 0.006797 0.012500
v 0.026711 0.007030 0.012467
v 0.026850 0.007240 0.012370
v 0.026961 0.007407 0.012220
v 0.025895 0.008284 0.011821
v 0.027032 0.007514 0.012031
v 0.027056 0.007551 -0.011821
v 0.027032 0.007514 -0.012031
v 0.026961 0.007407 -0.012220
v 0.026850 0.007240 -0.012370
v 0.026711 0.007030 -0.012467
v 0.026556 0.006797 -0.012500
v 0.027641 0.006043 0.012500
v 0.027806 0.006269 0.012467
v 0.027954 0.006473 0.012370
v 0.028072 0.006634 0.012220
v 0.027056 0.007551 0.011821
v 0.028148 0.006738 0.012031
v 0.028174 0.006774 -0.011821
v 0.028148 0.006738 -0.012031
v 0.028072 0.006634 -0.012220
v 0.027954 0.006473 -0.012370
v 0.027806 0.006269 -0.012467
v 0.027641 0.006043 -0.012500
v 0.028683 0.005247 0.012500
v 0.028858 0.005465 0.012467
v 0.029015 0.005662 0.012370
v 0.029140 0.005818 0.012220
v 0.028174 0.006774 0.011821
v 0.029221 0.005918 0.012031
v 0.029248 0.005953 -0.011821
v 0.029221 0.005918 -0.012031
v 0.029140 0.005818 -0.012220
v 0.029015 0.005662 -0.012370
v 0.028858 0.005465 -0.012467
v 0.028683 0.005247 -0.012500
v 0.029681 0.004409 0.012500
v 0.029866 0.004619 0.012467
v 0.030033 0.004808 0.012370
v 0.030165 0.004958 0.012220
v 0.029248 0.005953 0.011821
v 0.030250 0.005055 0.012031
v 0.030279 0.005088 -0.011821
v 0.030250 0.005055 -0.012031
v 0.030165 0.004958 -0.012220
v 0.030033 0.004808 -0.012370
v 0.029866 0.004619 -0.012467
v 0.029681 0.004409 -0.012500
v 0.030637 0.003529 0.012500
v 0.030831 0.003730 0.012467
v 0.031006 0.003911 0.012370
v 0.031145 0.004055 0.012220
v 0.030279 0.005088 0.011821
v 0.031234 0.004148 0.012031
v 0.031265 0.004180 -0.011821
v 0.031145 0.004055 -0.012220
v 0.031006 0.003911 -0.012370
v 0.030831 0.003730 -0.012467
v 0.030637 0.003529 -0.012500
v 0.031550 0.002606 0.012500
v 0.031753 0.002798 0.012467
v 0.031936 0.002971 0.012370
v 0.032175 0.003197 0.012031
v 0.032207 0.003227 0.011821
v 0.031265 0.004180 0.011821
v 0.032207 0.003227 -0.011821
v 0.031234 0.004148 -0.012031
v 0.032175 0.003197 -0.012031
v 0.031936 0.002971 -0.012370
v 0.031753 0.002798 -0.012467
v 0.031550 0.002606 -0.012500
v 0.032631 0.001824 0.012467
v 0.032822 0.001989 0.012370
v 0.032974 0.002119 0.012220
v 0.032082 0.003109 0.012220
v 0.033071 0.002203 0.012031
v 0.033105 0.002232 0.011821
v 0.033105 0.002232 -0.011821
v 0.032082 0.003109 -0.012220
v 0.033071 0.002203 -0.012031
v 0.032974 0.002119 -0.012220
v 0.032822 0.001989 -0.012370
v 0.032631 0.001824 -0.012467
v 0.033465 0.000808 0.012467
v 0.032419 0.001642 0.012500
v 0.033664 0.000963 0.012370
v 0.033821 0.001087 0.012220
v 0.033923 0.001166 0.012031
v 0.033957 0.001193 0.011821
v 0.033957 0.001193 -0.011821
v 0.033923 0.001166 -0.012031
v 0.033821 0.001087 -0.012220
v 0.033664 0.000963 -0.012370
v 0.032419 0.001642 -0.012500
v 0.033465 0.000808 -0.012467
v 0.034256 -0.000251 0.012467
v 0.033245 0.000635 0.012500
v 0.034462 -0.000105 0.012370
v 0.034625 0.000011 0.012220
v 0.034729 0.000086 0.012031
v 0.034765 0.000111 0.011821
v 0.034765 0.000111 -0.011821
v 0.034729 0.000086 -0.012031
v 0.034625 0.000011 -0.012220
v 0.034462 -0.000105 -0.012370
v 0.033245 0.000635 -0.012500
v 0.034256 -0.000251 -0.012467
v 0.034769 -0.001504 0.012500
v 0.034029 -0.000413 0.012500
v 0.035004 -0.001353 0.012467
v 0.035216 -0.001216 0.012370
v 0.035384 -0.001108 0.012220
v 0.035492 -0.001038 0.012031
v 0.035529 -0.001014 -0.011821
v 0.035492 -0.001038 -0.012031
v 0.035384 -0.001108 -0.012220
v 0.035216 -0.001216 -0.012370
v 0.035004 -0.001353 -0.012467
v 0.034769 -0.001504 -0.012500
v 0.034029 -0.000413 -0.012500
v 0.035458 -0.002630 0.012500
v 0.035700 -0.002491 0.012467
v 0.035918 -0.002365 0.012370
v 0.036092 -0.002264 0.012220
v 0.035529 -0.001014 0.011821
v 0.036203 -0.002200 0.012031
v 0.036241 -0.002178 -0.011821
v 0.036203 -0.002200 -0.012031
v 0.036092 -0.002264 -0.012220
v 0.035918 -0.002365 -0.012370
v 0.035700 -0.002491 -0.012467
v 0.035458 -0.002630 -0.012500
v 0.036087 -0.003786 0.012500
v 0.036336 -0.003658 0.012467
v 0.036560 -0.003544 0.012370
v 0.036738 -0.003452 0.012220
v 0.036241 -0.002178 0.011821
v 0.036853 -0.003394 0.012031
v 0.036892 -0.003374 -0.011821
v 0.036853 -0.003394 -0.012031
v 0.036738 -0.003452 -0.012220
v 0.036560 -0.003544 -0.012370
v 0.036336 -0.003658 -0.012467
v 0.036087 -0.003786 -0.012500
v 0.036911 -0.004856 0.012467
v 0.037141 -0.004752 0.012370
v 0.037323 -0.004670 0.012220
v 0.037440 -0.004617 0.012031
v 0.037481 -0.004599 0.011821
v 0.036892 -0.003374 0.011821
v 0.037481 -0.004599 -0.011821
v 0.037323 -0.004670 -0.012220
v 0.037141 -0.004752 -0.012370
v 0.036911 -0.004856 -0.012467
v 0.037425 -0.006082 0.012467
v 0.036656 -0.004970 0.012500
v 0.037660 -0.005990 0.012370
v 0.037847 -0.005918 0.012220
v 0.037966 -0.005871 0.012031
v 0.038008 -0.005855 0.011821
v 0.037440 -0.004617 -0.012031
v 0.038008 -0.005855 -0.011821
v 0.037966 -0.005871 -0.012031
v 0.037847 -0.005918 -0.012220
v 0.037660 -0.005990 -0.012370
v 0.036656 -0.004970 -0.012500
v 0.037425 -0.006082 -0.012467
v 0.037879 -0.007338 0.012467
v 0.037165 -0.006184 0.012500
v 0.038119 -0.007258 0.012370
v 0.038308 -0.007194 0.012220
v 0.038430 -0.007154 0.012031
v 0.038472 -0.007140 0.011821
v 0.038472 -0.007140 -0.011821
v 0.038430 -0.007154 -0.012031
v 0.038308 -0.007194 -0.012220
v 0.038119 -0.007258 -0.012370
v 0.037165 -0.006184 -0.012500
v 0.037879 -0.007338 -0.012467
v 0.038273 -0.008622 0.012467
v 0.037614 -0.007426 0.012500
v 0.038516 -0.008554 0.012370
v 0.038708 -0.008500 0.012220
v 0.038832 -0.008466 0.012031
v 0.038875 -0.008454 0.011821
v 0.038875 -0.008454 -0.011821
v 0.038832 -0.008466 -0.012031
v 0.038708 -0.008500 -0.012220
v 0.038516 -0.008554 -0.012370
v 0.037614 -0.007426 -0.012500
v 0.038273 -0.008622 -0.012467
v 0.038605 -0.009936 0.012467
v 0.038003 -0.008697 0.012500
v 0.038851 -0.009880 0.012370
v 0.039046 -0.009835 0.012220
v 0.039172 -0.009807 0.012031
v 0.039215 -0.009797 0.011821
v 0.039215 -0.009797 -0.011821
v 0.039172 -0.009807 -0.012031
v 0.039046 -0.009835 -0.012220
v 0.038851 -0.009880 -0.012370
v 0.038003 -0.008697 -0.012500
v 0.038605 -0.009936 -0.012467
v 0.038878 -0.011278 0.012467
v 0.038333 -0.009998 0.012500
v 0.039126 -0.011234 0.012370
v 0.039323 -0.011199 0.012220
v 0.039449 -0.011176 0.012031
v 0.039493 -0.011168 0.011821
v 0.039493 -0.011168 -0.011821
v 0.039449 -0.011176 -0.012031
v 0.039323 -0.011199 -0.012220
v 0.039126 -0.011234 -0.012370
v 0.038333 -0.009998 -0.012500
v 0.038878 -0.011278 -0.012467
v 0.039089 -0.012649 0.012467
v 0.038602 -0.011327 0.012500
v 0.039339 -0.012617 0.012370
v 0.039538 -0.012591 0.012220
v 0.039665 -0.012574 0.012031
v 0.039709 -0.012568 0.011821
v 0.039709 -0.012568 -0.011821
v 0.039665 -0.012574 -0.012031
v 0.039538 -0.012591 -0.012220
v 0.039339 -0.012617 -0.012370
v 0.038602 -0.011327 -0.012500
v 0.039089 -0.012649 -0.012467
v 0.039240 -0.014049 0.012467
v 0.038812 -0.012686 0.012500
v 0.039492 -0.014028 0.012370
v 0.039691 -0.014011 0.012220
v 0.039819 -0.014000 0.012031
v 0.039863 -0.013996 0.011821
v 0.039863 -0.013996 -0.011821
v 0.039819 -0.014000 -0.012031
v 0.039691 -0.014011 -0.012220
v 0.039492 -0.014028 -0.012370
v 0.038812 -0.012686 -0.012500
v 0.039240 -0.014049 -0.012467
v 0.039331 -0.015478 0.012467
v 0.038962 -0.014073 0.012500
v 0.039583 -0.015467 0.012370
v 0.039783 -0.015459 0.012220
v 0.039911 -0.015454 0.012031
v 0.039955 -0.015452 0.011821
v 0.039955 -0.015452 -0.011821
v 0.039911 -0.015454 -0.012031
v 0.039783 -0.015459 -0.012220
v 0.039583 -0.015467 -0.012370
v 0.038962 -0.014073 -0.012500
v 0.039331 -0.015478 -0.012467
v 0.039361 -0.016935 0.012467
v 0.039052 -0.015490 0.012500
v 0.039613 -0.016935 0.012370
v 0.039813 -0.016935 0.012220
v 0.039942 -0.016935 0.012031
v 0.039986 -0.016935 0.011821
v 0.039986 -0.016935 -0.011821
v 0.039942 -0.016935 -0.012031
v 0.039813 -0.016935 -0.012220
v 0.039613 -0.016935 -0.012370
v 0.039052 -0.015490 -0.012500
v 0.039361 -0.016935 -0.012467
v 0.039049 -0.018492 0.012500
v 0.039082 -0.016935 0.012500
v 0.039328 -0.018504 0.012467
v 0.039580 -0.018514 0.012370
v 0.039780 -0.018523 0.012220
v 0.039908 -0.018528 0.012031
v 0.039953 -0.018530 -0.011821
v 0.039908 -0.018528 -0.012031
v 0.039780 -0.018523 -0.012220
v 0.039580 -0.018514 -0.012370
v 0.039328 -0.018504 -0.012467
v 0.039049 -0.018492 -0.012500
v 0.039082 -0.016935 -0.012500
v 0.038951 -0.020016 0.012500
v 0.039229 -0.020040 0.012467
v 0.039480 -0.020062 0.012370
v 0.039680 -0.020080 0.012220
v 0.039953 -0.018530 0.011821
v 0.039808 -0.020091 0.012031
v 0.039852 -0.020095 -0.011821
v 0.039808 -0.020091 -0.012031
v 0.039680 -0.020080 -0.012220
v 0.039480 -0.020062 -0.012370
v 0.039229 -0.020040 -0.012467
v 0.038951 -0.020016 -0.012500
v 0.038787 -0.021509 0.012500
v 0.039064 -0.021546 0.012467
v 0.039314 -0.021579 0.012370
v 0.039512 -0.021606 0.012220
v 0.039852 -0.020095 0.011821
v 0.039640 -0.021623 0.012031
v 0.039683 -0.021628 -0.011821
v 0.039640 -0.021623 -0.012031
v 0.039512 -0.021606 -0.012220
v 0.039314 -0.021579 -0.012370
v 0.039064 -0.021546 -0.012467
v 0.038787 -0.021509 -0.012500
v 0.038558 -0.022970 0.012500
v 0.038833 -0.023020 0.012467
v 0.039081 -0.023065 0.012370
v 0.039278 -0.023101 0.012220
v 0.039683 -0.021628 0.011821
v 0.039404 -0.023124 0.012031
v 0.039448 -0.023131 -0.011821
v 0.039404 -0.023124 -0.012031
v 0.039278 -0.023101 -0.012220
v 0.039081 -0.023065 -0.012370
v 0.038833 -0.023020 -0.012467
v 0.038558 -0.022970 -0.012500
v 0.038263 -0.024399 0.012500
v 0.038535 -0.024462 0.012467
v 0.038781 -0.024519 0.012370
v 0.038976 -0.024564 0.012220
v 0.039448 -0.023131 0.011821
v 0.039101 -0.024593 0.012031
v 0.039144 -0.024603 -0.011821
v 0.039101 -0.024593 -0.012031
v 0.038976 -0.024564 -0.012220
v 0.038781 -0.024519 -0.012370
v 0.038535 -0.024462 -0.012467
v 0.038263 -0.024399 -0.012500
v 0.037902 -0.025796 0.012500
v 0.038171 -0.025873 0.012467
v 0.038414 -0.025942 0.012370
v 0.038606 -0.025997 0.012220
v 0.039144 -0.024603 0.011821
v 0.038730 -0.026032 0.012031
v 0.038772 -0.026044 -0.011821
v 0.038730 -0.026032 -0.012031
v 0.038606 -0.025997 -0.012220
v 0.038414 -0.025942 -0.012370
v 0.038171 -0.025873 -0.012467
v 0.037902 -0.025796 -0.012500
v 0.037477 -0.027162 0.012500
v 0.037741 -0.027252 0.012467
v 0.037980 -0.027333 0.012370
v 0.038169 -0.027397 0.012220
v 0.038772 -0.026044 0.011821
v 0.038291 -0.027439 0.012031
v 0.038333 -0.027453 -0.011821
v 0.038291 -0.027439 -0.012031
v 0.038169 -0.027397 -0.012220
v 0.037980 -0.027333 -0.012370
v 0.037741 -0.027252 -0.012467
v 0.037477 -0.027162 -0.012500
v 0.036985 -0.028495 0.012500
v 0.037245 -0.028599 0.012467
v 0.037479 -0.028692 0.012370
v 0.037665 -0.028766 0.012220
v 0.038333 -0.027453 0.011821
v 0.037785 -0.028813 0.012031
v 0.037826 -0.028830 -0.011821
v 0.037785 -0.028813 -0.012031
v 0.037665 -0.028766 -0.012220
v 0.037479 -0.028692 -0.012370
v 0.037245 -0.028599 -0.012467
v 0.036985 -0.028495 -0.012500
v 0.036428 -0.029797 0.012500
v 0.036682 -0.029914 0.012467
v 0.036912 -0.030019 0.012370
v 0.037094 -0.030102 0.012220
v 0.037826 -0.028830 0.011821
v 0.037210 -0.030156 0.012031
v 0.037251 -0.030174 -0.011821
v 0.037210 -0.030156 -0.012031
v 0.037094 -0.030102 -0.012220
v 0.036912 -0.030019 -0.012370
v 0.036682 -0.029914 -0.012467
v 0.036428 -0.029797 -0.012500
v 0.036054 -0.031197 0.012467
v 0.036277 -0.031314 0.012370
v 0.036455 -0.031406 0.012220
v 0.036569 -0.031466 0.012031
v 0.037251 -0.030174 0.011821
v 0.036608 -0.031486 -0.011821
v 0.036569 -0.031466 -0.012031
v 0.036455 -0.031406 -0.012220
v 0.036277 -0.031314 -0.012370
v 0.036054 -0.031197 -0.012467
v 0.035359 -0.032448 0.012467
v 0.035806 -0.031067 0.012500
v 0.035576 -0.032576 0.012370
v 0.035749 -0.032677 0.012220
v 0.035859 -0.032742 0.012031
v 0.035897 -0.032765 0.011821
v 0.036608 -0.031486 0.011821
v 0.035897 -0.032765 -0.011821
v 0.035859 -0.032742 -0.012031
v 0.035749 -0.032677 -0.012220
v 0.035576 -0.032576 -0.012370
v 0.035806 -0.031067 -0.012500
v 0.035359 -0.032448 -0.012467
v 0.034598 -0.033666 0.012467
v 0.035118 -0.032306 0.012500
v 0.034809 -0.033804 0.012370
v 0.034976 -0.033914 0.012220
v 0.035083 -0.033985 0.012031
v 0.035120 -0.034009 0.011821
v 0.035120 -0.034009 -0.011821
v 0.035083 -0.033985 -0.012031
v 0.034976 -0.033914 -0.012220
v 0.034809 -0.033804 -0.012370
v 0.035118 -0.032306 -0.012500
v 0.034598 -0.033666 -0.012467
v 0.033781 -0.034844 0.012467
v 0.034365 -0.033512 0.012500
v 0.033984 -0.034993 0.012370
v 0.034146 -0.035110 0.012220
v 0.034250 -0.035186 0.012031
v 0.034286 -0.035212 0.011821
v 0.034286 -0.035212 -0.011821
v 0.034250 -0.035186 -0.012031
v 0.034146 -0.035110 -0.012220
v 0.033984 -0.034993 -0.012370
v 0.034365 -0.033512 -0.012500
v 0.033781 -0.034844 -0.012467
v 0.032697 -0.035801 0.012500
v 0.033555 -0.034679 0.012500
v 0.032915 -0.035976 0.012467
v 0.033112 -0.036134 0.012370
v 0.033268 -0.036259 0.012220
v 0.033368 -0.036340 0.012031
v 0.033402 -0.036367 -0.011821
v 0.033368 -0.036340 -0.012031
v 0.033268 -0.036259 -0.012220
v 0.033112 -0.036134 -0.012370
v 0.032915 -0.035976 -0.012467
v 0.032697 -0.035801 -0.012500
v 0.033555 -0.034679 -0.012500
v 0.031791 -0.036877 0.012500
v 0.032001 -0.037062 0.012467
v 0.032190 -0.037229 0.012370
v 0.032340 -0.037361 0.012220
v 0.033402 -0.036367 0.011821
v 0.032436 -0.037446 0.012031
v 0.032470 -0.037476 -0.011821
v 0.032436 -0.037446 -0.012031
v 0.032340 -0.037361 -0.012220
v 0.032190 -0.037229 -0.012370
v 0.032001 -0.037062 -0.012467
v 0.031791 -0.036877 -0.012500
v 0.030838 -0.037907 0.012500
v 0.031039 -0.038102 0.012467
v 0.031220 -0.038277 0.012370
v 0.031456 -0.038506 0.012031
v 0.032470 -0.037476 0.011821
v 0.031487 -0.038537 -0.011821
v 0.031456 -0.038506 -0.012031
v 0.031220 -0.038277 -0.012370
v 0.031039 -0.038102 -0.012467
v 0.030838 -0.037907 -0.012500
v 0.030029 -0.039095 0.012467
v 0.030201 -0.039279 0.012370
v 0.030338 -0.039425 0.012220
v 0.031363 -0.038417 0.012220
v 0.030426 -0.039518 0.012031
v 0.030456 -0.039551 0.011821
v 0.031487 -0.038537 0.011821
v 0.030456 -0.039551 -0.011821
v 0.031363 -0.038417 -0.012220
v 0.030426 -0.039518 -0.012031
v 0.030338 -0.039425 -0.012220
v 0.030201 -0.039279 -0.012370
v 0.030029 -0.039095 -0.012467
v 0.028970 -0.040042 0.012467
v 0.029837 -0.038891 0.012500
v 0.029134 -0.040234 0.012370
v 0.029264 -0.040386 0.012220
v 0.029347 -0.040484 0.012031
v 0.029376 -0.040517 0.011821
v 0.029376 -0.040517 -0.011821
v 0.029347 -0.040484 -0.012031
v 0.029264 -0.040386 -0.012220
v 0.029134 -0.040234 -0.012370
v 0.029837 -0.038891 -0.012500
v 0.028970 -0.040042 -0.012467
v 0.027864 -0.040942 0.012467
v 0.028789 -0.039829 0.012500
v 0.028018 -0.041142 0.012370
v 0.028141 -0.041300 0.012220
v 0.028220 -0.041401 0.012031
v 0.028247 -0.041436 0.011821
v 0.028247 -0.041436 -0.011821
v 0.028220 -0.041401 -0.012031
v 0.028141 -0.041300 -0.012220
v 0.028018 -0.041142 -0.012370
v 0.028789 -0.039829 -0.012500
v 0.027864 -0.040942 -0.012467
v 0.026709 -0.041797 0.012467
v 0.027692 -0.040722 0.012500
v 0.026854 -0.042003 0.012370
v 0.026970 -0.042166 0.012220
v 0.027044 -0.042271 0.012031
v 0.027069 -0.042307 0.011821
v 0.027069 -0.042307 -0.011821
v 0.027044 -0.042271 -0.012031
v 0.026970 -0.042166 -0.012220
v 0.026854 -0.042003 -0.012370
v 0.027692 -0.040722 -0.012500
v 0.026709 -0.041797 -0.012467
v 0.025507 -0.042604 0.012467
v 0.026548 -0.041568 0.012500
v 0.025643 -0.042817 0.012370
v 0.025751 -0.042985 0.012220
v 0.025820 -0.043093 0.012031
v 0.025844 -0.043131 0.011821
v 0.025844 -0.043131 -0.011821
v 0.025820 -0.043093 -0.012031
v 0.025751 -0.042985 -0.012220
v 0.025643 -0.042817 -0.012370
v 0.026548 -0.041568 -0.012500
v 0.025507 -0.042604 -0.012467
v 0.024257 -0.043365 0.012467
v 0.025356 -0.042369 0.012500
v 0.024383 -0.043584 0.012370
v 0.024483 -0.043757 0.012220
v 0.024548 -0.043868 0.012031
v 0.024570 -0.043906 0.011821
v 0.024570 -0.043906 -0.011821
v 0.024548 -0.043868 -0.012031
v 0.024483 -0.043757 -0.012220
v 0.024383 -0.043584 -0.012370
v 0.025356 -0.042369 -0.012500
v 0.024257 -0.043365 -0.012467
v 0.022959 -0.044080 0.012467
v 0.024117 -0.043124 0.012500
v 0.023076 -0.044304 0.012370
v 0.023169 -0.044481 0.012220
v 0.023228 -0.044595 0.012031
v 0.023249 -0.044634 0.011821
v 0.023249 -0.044634 -0.011821
v 0.023228 -0.044595 -0.012031
v 0.023169 -0.044481 -0.012220
v 0.023076 -0.044304 -0.012370
v 0.024117 -0.043124 -0.012500
v 0.022959 -0.044080 -0.012467
v 0.021613 -0.044748 0.012467
v 0.022829 -0.043833 0.012500
v 0.021721 -0.044976 0.012370
v 0.021806 -0.045157 0.012220
v 0.021861 -0.045274 0.012031
v 0.021880 -0.045314 0.011821
v 0.021880 -0.045314 -0.011821
v 0.021861 -0.045274 -0.012031
v 0.021806 -0.045157 -0.012220
v 0.021721 -0.044976 -0.012370
v 0.022829 -0.043833 -0.012500
v 0.021613 -0.044748 -0.012467
v 0.020232 -0.045366 0.012467
v 0.021494 -0.044496 0.012500
v 0.020330 -0.045599 0.012370
v 0.020408 -0.045783 0.012220
v 0.020458 -0.045901 0.012031
v 0.020476 -0.045942 0.011821
v 0.020476 -0.045942 -0.011821
v 0.020458 -0.045901 -0.012031
v 0.020408 -0.045783 -0.012220
v 0.020330 -0.045599 -0.012370
v 0.021494 -0.044496 -0.012500
v 0.020232 -0.045366 -0.012467
v 0.018825 -0.045931 0.012467
v 0.020123 -0.045109 0.012500
v 0.018914 -0.046166 0.012370
v 0.018985 -0.046354 0.012220
v 0.019030 -0.046474 0.012031
v 0.019046 -0.046515 0.011821
v 0.019046 -0.046515 -0.011821
v 0.019030 -0.046474 -0.012031
v 0.018985 -0.046354 -0.012220
v 0.018914 -0.046166 -0.012370
v 0.020123 -0.045109 -0.012500
v 0.018825 -0.045931 -0.012467
v 0.017392 -0.046441 0.012467
v 0.018726 -0.045669 0.012500
v 0.017472 -0.046680 0.012370
v 0.017536 -0.046870 0.012220
v 0.017577 -0.046992 0.012031
v 0.017591 -0.047034 0.011821
v 0.017591 -0.047034 -0.011821
v 0.017577 -0.046992 -0.012031
v 0.017536 -0.046870 -0.012220
v 0.017472 -0.046680 -0.012370
v 0.018726 -0.045669 -0.012500
v 0.017392 -0.046441 -0.012467
v 0.015935 -0.046898 0.012467
v 0.017304 -0.046176 0.012500
v 0.016006 -0.047140 0.012370
v 0.016062 -0.047332 0.012220
v 0.016098 -0.047455 0.012031
v 0.016110 -0.047498 0.011821
v 0.016110 -0.047498 -0.011821
v 0.016098 -0.047455 -0.012031
v 0.016062 -0.047332 -0.012220
v 0.016006 -0.047140 -0.012370
v 0.017304 -0.046176 -0.012500
v 0.015935 -0.046898 -0.012467
v 0.014452 -0.047301 0.012467
v 0.015856 -0.046630 0.012500
v 0.014513 -0.047545 0.012370
v 0.014562 -0.047739 0.012220
v 0.014593 -0.047864 0.012031
v 0.014604 -0.047907 0.011821
v 0.014604 -0.047907 -0.011821
v 0.014593 -0.047864 -0.012031
v 0.014562 -0.047739 -0.012220
v 0.014513 -0.047545 -0.012370
v 0.015856 -0.046630 -0.012500
v 0.014452 -0.047301 -0.012467
v 0.012944 -0.047650 0.012467
v 0.014384 -0.047030 0.012500
v 0.012996 -0.047896 0.012370
v 0.013038 -0.048092 0.012220
v 0.013064 -0.048218 0.012031
v 0.013073 -0.048261 0.011821
v 0.013073 -0.048261 -0.011821
v 0.013064 -0.048218 -0.012031
v 0.013038 -0.048092 -0.012220
v 0.012996 -0.047896 -0.012370
v 0.014384 -0.047030 -0.012500
v 0.012944 -0.047650 -0.012467
v 0.011410 -0.047945 0.012467
v 0.012886 -0.047376 0.012500
v 0.011454 -0.048194 0.012370
v 0.011488 -0.048391 0.012220
v 0.011510 -0.048517 0.012031
v 0.011517 -0.048561 0.011821
v 0.011517 -0.048561 -0.011821
v 0.011510 -0.048517 -0.012031
v 0.011488 -0.048391 -0.012220
v 0.011454 -0.048194 -0.012370
v 0.012886 -0.047376 -0.012500
v 0.011410 -0.047945 -0.012467
v 0.009852 -0.048187 0.012467
v 0.011363 -0.047670 0.012500
v 0.009886 -0.048437 0.012370
v 0.009913 -0.048635 0.012220
v 0.009931 -0.048762 0.012031
v 0.009937 -0.048806 0.011821
v 0.009937 -0.048806 -0.011821
v 0.009931 -0.048762 -0.012031
v 0.009913 -0.048635 -0.012220
v 0.009886 -0.048437 -0.012370
v 0.011363 -0.047670 -0.012500
v 0.009852 -0.048187 -0.012467
v 0.008269 -0.048375 0.012467
v 0.009814 -0.047910 0.012500
v 0.008294 -0.048625 0.012370
v 0.008314 -0.048825 0.012220
v 0.008327 -0.048952 0.012031
v 0.008331 -0.048996 0.011821
v 0.008331 -0.048996 -0.011821
v 0.008327 -0.048952 -0.012031
v 0.008314 -0.048825 -0.012220
v 0.008294 -0.048625 -0.012370
v 0.009814 -0.047910 -0.012500
v 0.008269 -0.048375 -0.012467
v 0.006660 -0.048509 0.012467
v 0.008240 -0.048097 0.012500
v 0.006677 -0.048760 0.012370
v 0.006690 -0.048960 0.012220
v 0.006698 -0.049088 0.012031
v 0.006701 -0.049132 0.011821
v 0.006701 -0.049132 -0.011821
v 0.006698 -0.049088 -0.012031
v 0.006690 -0.048960 -0.012220
v 0.006677 -0.048760 -0.012370
v 0.008240 -0.048097 -0.012500
v 0.006660 -0.048509 -0.012467
v 0.005026 -0.048589 0.012467
v 0.006641 -0.048230 0.012500
v 0.005035 -0.048841 0.012370
v 0.005041 -0.049041 0.012220
v 0.005045 -0.049170 0.012031
v 0.005047 -0.049214 0.011821
v 0.005047 -0.049214 -0.011821
v 0.005045 -0.049170 -0.012031
v 0.005041 -0.049041 -0.012220
v 0.005035 -0.048841 -0.012370
v 0.006641 -0.048230 -0.012500
v 0.005026 -0.048589 -0.012467
v 0.003368 -0.048337 0.012500
v 0.005017 -0.048310 0.012500
v 0.003366 -0.048616 0.012467
v 0.003365 -0.048868 0.012370
v 0.003364 -0.049068 0.012220
v 0.003363 -0.049197 0.012031
v 0.003363 -0.049241 -0.011821
v 0.003363 -0.049197 -0.012031
v 0.003364 -0.049068 -0.012220
v 0.003365 -0.048868 -0.012370
v 0.003366 -0.048616 -0.012467
v 0.003368 -0.048337 -0.012500
v 0.005017 -0.048310 -0.012500
v 0.000126 -0.048252 0.012500
v 0.000111 -0.048532 0.012467
v 0.000097 -0.048783 0.012370
v 0.000087 -0.048983 0.012220
v 0.003363 -0.049241 0.011821
v 0.000080 -0.049112 0.012031
v 0.000077 -0.049156 -0.011821
v 0.000080 -0.049112 -0.012031
v 0.000087 -0.048983 -0.012220
v 0.000097 -0.048783 -0.012370
v 0.000111 -0.048532 -0.012467
v 0.000126 -0.048252 -0.012500
v -0.002996 -0.048000 0.012500
v -0.003027 -0.048278 0.012467
v -0.003055 -0.048528 0.012370
v -0.003077 -0.048727 0.012220
v 0.000077 -0.049156 0.011821
v -0.003091 -0.048855 0.012031
v -0.003096 -0.048899 -0.011821
v -0.003091 -0.048855 -0.012031
v -0.003077 -0.048727 -0.012220
v -0.003055 -0.048528 -0.012370
v -0.003027 -0.048278 -0.012467
v -0.002996 -0.048000 -0.012500
v -0.005999 -0.047579 0.012500
v -0.006046 -0.047854 0.012467
v -0.006089 -0.048103 0.012370
v -0.006123 -0.048300 0.012220
v -0.003096 -0.048899 0.011821
v -0.006145 -0.048427 0.012031
v -0.006152 -0.048470 -0.011821
v -0.006145 -0.048427 -0.012031
v -0.006123 -0.048300 -0.012220
v -0.006089 -0.048103 -0.012370
v -0.006046 -0.047854 -0.012467
v -0.005999 -0.047579 -0.012500
v -0.008881 -0.046989 0.012500
v -0.008946 -0.047261 0.012467
v -0.009005 -0.047506 0.012370
v -0.009052 -0.047701 0.012220
v -0.006152 -0.048470 0.011821
v -0.009082 -0.047826 0.012031
v -0.009092 -0.047869 -0.011821
v -0.009082 -0.047826 -0.012031
v -0.009052 -0.047701 -0.012220
v -0.009005 -0.047506 -0.012370
v -0.008946 -0.047261 -0.012467
v -0.008881 -0.046989 -0.012500
v -0.011644 -0.046231 0.012500
v -0.011728 -0.046498 0.012467
v -0.011803 -0.046739 0.012370
v -0.011862 -0.046930 0.012220
v -0.009092 -0.047869 0.011821
v -0.011901 -0.047052 0.012031
v -0.011914 -0.047095 -0.011821
v -0.011901 -0.047052 -0.012031
v -0.011862 -0.046930 -0.012220
v -0.011803 -0.046739 -0.012370
v -0.011728 -0.046498 -0.012467
v -0.011644 -0.046231 -0.012500
v -0.014287 -0.045304 0.012500
v -0.014389 -0.045565 0.012467
v -0.014481 -0.045800 0.012370
v -0.014554 -0.045986 0.012220
v -0.011914 -0.047095 0.011821
v -0.014601 -0.046106 0.012031
v -0.014617 -0.046147 -0.011821
v -0.014601 -0.046106 -0.012031
v -0.014554 -0.045986 -0.012220
v -0.014481 -0.045800 -0.012370
v -0.014389 -0.045565 -0.012467
v -0.014287 -0.045304 -0.012500
v -0.016810 -0.044209 0.012500
v -0.016931 -0.044461 0.012467
v -0.017040 -0.044689 0.012370
v -0.017127 -0.044870 0.012220
v -0.014617 -0.046147 0.011821
v -0.017182 -0.044985 0.012031
v -0.017201 -0.045025 -0.011821
v -0.017182 -0.044985 -0.012031
v -0.017127 -0.044870 -0.012220
v -0.017040 -0.044689 -0.012370
v -0.016931 -0.044461 -0.012467
v -0.016810 -0.044209 -0.012500
v -0.019214 -0.042946 0.012500
v -0.019353 -0.043188 0.012467
v -0.019479 -0.043407 0.012370
v -0.019579 -0.043580 0.012220
v -0.017201 -0.045025 0.011821
v -0.019643 -0.043692 0.012031
v -0.019665 -0.043730 -0.011821
v -0.019643 -0.043692 -0.012031
v -0.019579 -0.043580 -0.012220
v -0.019479 -0.043407 -0.012370
v -0.019353 -0.043188 -0.012467
v -0.019214 -0.042946 -0.012500
v -0.021497 -0.041514 0.012500
v -0.021655 -0.041745 0.012467
v -0.021797 -0.041953 0.012370
v -0.021910 -0.042119 0.012220
v -0.019665 -0.043730 0.011821
v -0.021982 -0.042225 0.012031
v -0.022007 -0.042262 -0.011821
v -0.021982 -0.042225 -0.012031
v -0.021910 -0.042119 -0.012220
v -0.021797 -0.041953 -0.012370
v -0.021655 -0.041745 -0.012467
v -0.021497 -0.041514 -0.012500
v -0.023836 -0.040132 0.012467
v -0.023994 -0.040329 0.012370
v -0.024119 -0.040485 0.012220
v -0.024199 -0.040585 0.012031
v -0.024227 -0.040620 0.011821
v -0.022007 -0.042262 0.011821
v -0.024227 -0.040620 -0.011821
v -0.024199 -0.040585 -0.012031
v -0.024119 -0.040485 -0.012220
v -0.023994 -0.040329 -0.012370
v -0.023836 -0.040132 -0.012467
v -0.025896 -0.038349 0.012467
v -0.023661 -0.039913 0.012500
v -0.026068 -0.038533 0.012370
v -0.026205 -0.038680 0.012220
v -0.026293 -0.038774 0.012031
v -0.026323 -0.038806 0.011821
v -0.026323 -0.038806 -0.011821
v -0.026293 -0.038774 -0.012031
v -0.026205 -0.038680 -0.012220
v -0.026068 -0.038533 -0.012370
v -0.023661 -0.039913 -0.012500
v -0.025896 -0.038349 -0.012467
v -0.027629 -0.036207 0.012500
v -0.025705 -0.038145 0.012500
v -0.027835 -0.036397 0.012467
v -0.028021 -0.036568 0.012370
v -0.028168 -0.036703 0.012220
v -0.028295 -0.036820 0.011821
v -0.028295 -0.036820 -0.011821
v -0.028168 -0.036703 -0.012220
v -0.028021 -0.036568 -0.012370
v -0.027835 -0.036397 -0.012467
v -0.027629 -0.036207 -0.012500
v -0.025705 -0.038145 -0.012500
v -0.029416 -0.034114 0.012500
v -0.029636 -0.034287 0.012467
v -0.029834 -0.034443 0.012370
v -0.028263 -0.036790 0.012031
v -0.029991 -0.034567 0.012220
v -0.030092 -0.034647 0.012031
v -0.030126 -0.034674 -0.011821
v -0.030092 -0.034647 -0.012031
v -0.028263 -0.036790 -0.012031
v -0.029991 -0.034567 -0.012220
v -0.029834 -0.034443 -0.012370
v -0.029636 -0.034287 -0.012467
v -0.029416 -0.034114 -0.012500
v -0.031279 -0.032032 0.012467
v -0.031489 -0.032173 0.012370
v -0.031655 -0.032285 0.012220
v -0.031761 -0.032356 0.012031
v -0.031798 -0.032381 0.011821
v -0.030126 -0.034674 0.011821
v -0.031798 -0.032381 -0.011821
v -0.031761 -0.032356 -0.012031
v -0.031655 -0.032285 -0.012220
v -0.031489 -0.032173 -0.012370
v -0.031279 -0.032032 -0.012467
v -0.032766 -0.029633 0.012467
v -0.031047 -0.031876 0.012500
v -0.032985 -0.029758 0.012370
v -0.033159 -0.029857 0.012220
v -0.033271 -0.029920 0.012031
v -0.033309 -0.029942 0.011821
v -0.033309 -0.029942 -0.011821
v -0.033271 -0.029920 -0.012031
v -0.033159 -0.029857 -0.012220
v -0.032985 -0.029758 -0.012370
v -0.031047 -0.031876 -0.012500
v -0.032766 -0.029633 -0.012467
v -0.034096 -0.027089 0.012467
v -0.032523 -0.029494 0.012500
v -0.034324 -0.027198 0.012370
v -0.034504 -0.027284 0.012220
v -0.034620 -0.027340 0.012031
v -0.034660 -0.027359 0.011821
v -0.034660 -0.027359 -0.011821
v -0.034620 -0.027340 -0.012031
v -0.034504 -0.027284 -0.012220
v -0.034324 -0.027198 -0.012370
v -0.032523 -0.029494 -0.012500
v -0.034096 -0.027089 -0.012467
v -0.035269 -0.024401 0.012467
v -0.033844 -0.026968 0.012500
v -0.035503 -0.024494 0.012370
v -0.035689 -0.024568 0.012220
v -0.035809 -0.024616 0.012031
v -0.035850 -0.024632 0.011821
v -0.035850 -0.024632 -0.011821
v -0.035809 -0.024616 -0.012031
v -0.035689 -0.024568 -0.012220
v -0.035503 -0.024494 -0.012370
v -0.033844 -0.026968 -0.012500
v -0.035269 -0.024401 -0.012467
v -0.036285 -0.021570 0.012467
v -0.035009 -0.024298 0.012500
v -0.036525 -0.021647 0.012370
v -0.036715 -0.021709 0.012220
v -0.036838 -0.021749 0.012031
v -0.036880 -0.021762 0.011821
v -0.036880 -0.021762 -0.011821
v -0.036838 -0.021749 -0.012031
v -0.036715 -0.021709 -0.012220
v -0.036525 -0.021647 -0.012370
v -0.035009 -0.024298 -0.012500
v -0.036285 -0.021570 -0.012467
v -0.037144 -0.018595 0.012467
v -0.036019 -0.021484 0.012500
v -0.037388 -0.018658 0.012370
v -0.037582 -0.018707 0.012220
v -0.037707 -0.018739 0.012031
v -0.037750 -0.018750 0.011821
v -0.037750 -0.018750 -0.011821
v -0.037707 -0.018739 -0.012031
v -0.037582 -0.018707 -0.012220
v -0.037388 -0.018658 -0.012370
v -0.036019 -0.021484 -0.012500
v -0.037144 -0.018595 -0.012467
v -0.037847 -0.015477 0.012467
v -0.036873 -0.018525 0.012500
v -0.038094 -0.015525 0.012370
v -0.038291 -0.015564 0.012220
v -0.038417 -0.015589 0.012031
v -0.038460 -0.015597 0.011821
v -0.038460 -0.015597 -0.011821
v -0.038417 -0.015589 -0.012031
v -0.038291 -0.015564 -0.012220
v -0.038094 -0.015525 -0.012370
v -0.036873 -0.018525 -0.012500
v -0.037847 -0.015477 -0.012467
v -0.038393 -0.012215 0.012467
v -0.037572 -0.015423 0.012500
v -0.038643 -0.012250 0.012370
v -0.038841 -0.012278 0.012220
v -0.038968 -0.012296 0.012031
v -0.039012 -0.012302 0.011821
v -0.039012 -0.012302 -0.011821
v -0.038968 -0.012296 -0.012031
v -0.038841 -0.012278 -0.012220
v -0.038643 -0.012250 -0.012370
v -0.037572 -0.015423 -0.012500
v -0.038393 -0.012215 -0.012467
v -0.038783 -0.008811 0.012467
v -0.038116 -0.012176 0.012500
v -0.039034 -0.008833 0.012370
v -0.039233 -0.008851 0.012220
v -0.039361 -0.008863 0.012031
v -0.039406 -0.008867 0.011821
v -0.039406 -0.008867 -0.011821
v -0.039361 -0.008863 -0.012031
v -0.039233 -0.008851 -0.012220
v -0.039034 -0.008833 -0.012370
v -0.038116 -0.012176 -0.012500
v -0.038783 -0.008811 -0.012467
v -0.039017 -0.005263 0.012467
v -0.038505 -0.008785 0.012500
v -0.039269 -0.005274 0.012370
v -0.039469 -0.005282 0.012220
v -0.039597 -0.005288 0.012031
v -0.039641 -0.005290 0.011821
v -0.039641 -0.005290 -0.011821
v -0.039597 -0.005288 -0.012031
v -0.039469 -0.005282 -0.012220
v -0.039269 -0.005274 -0.012370
v -0.038505 -0.008785 -0.012500
v -0.039017 -0.005263 -0.012467
v -0.039095 -0.001572 0.012467
v -0.038738 -0.005251 0.012500
v -0.039347 -0.001573 0.012370
v -0.039547 -0.001573 0.012220
v -0.039676 -0.001574 0.012031
v -0.039720 -0.001574 0.011821
v -0.039720 -0.001574 -0.011821
v -0.039676 -0.001574 -0.012031
v -0.039547 -0.001573 -0.012220
v -0.039347 -0.001573 -0.012370
v -0.038738 -0.005251 -0.012500
v -0.039095 -0.001572 -0.012467
v -0.039053 0.001079 0.012467
v -0.038815 -0.001571 0.012500
v -0.039305 0.001087 0.012370
v -0.039505 0.001093 0.012220
v -0.039633 0.001098 0.012031
v -0.039677 0.001099 0.011821
v -0.039677 0.001099 -0.011821
v -0.039633 0.001098 -0.012031
v -0.039505 0.001093 -0.012220
v -0.039305 0.001087 -0.012370
v -0.038815 -0.001571 -0.012500
v -0.039053 0.001079 -0.012467
v -0.038647 0.003647 0.012500
v -0.038773 0.001070 0.012500
v -0.038926 0.003666 0.012467
v -0.039177 0.003682 0.012370
v -0.039377 0.003696 0.012220
v -0.039505 0.003704 0.012031
v -0.039549 0.003707 -0.011821
v -0.039505 0.003704 -0.012031
v -0.039377 0.003696 -0.012220
v -0.039177 0.003682 -0.012370
v -0.038926 0.003666 -0.012467
v -0.038647 0.003647 -0.012500
v -0.038773 0.001070 -0.012500
v -0.038436 0.006161 0.012500
v -0.038714 0.006189 0.012467
v -0.038965 0.006215 0.012370
v -0.039164 0.006235 0.012220
v -0.039549 0.003707 0.011821
v -0.039292 0.006248 0.012031
v -0.039336 0.006253 -0.011821
v -0.039292 0.006248 -0.012031
v -0.039164 0.006235 -0.012220
v -0.038965 0.006215 -0.012370
v -0.038714 0.006189 -0.012467
v -0.038436 0.006161 -0.012500
v -0.038141 0.008611 0.012500
v -0.038418 0.008650 0.012467
v -0.038668 0.008685 0.012370
v -0.038866 0.008712 0.012220
v -0.039336 0.006253 0.011821
v -0.038993 0.008730 0.012031
v -0.039037 0.008736 -0.011821
v -0.038993 0.008730 -0.012031
v -0.038866 0.008712 -0.012220
v -0.038668 0.008685 -0.012370
v -0.038418 0.008650 -0.012467
v -0.038141 0.008611 -0.012500
v -0.037762 0.010998 0.012500
v -0.038038 0.011047 0.012467
v -0.038286 0.011091 0.012370
v -0.038483 0.011127 0.012220
v -0.039037 0.008736 0.011821
v -0.038609 0.011149 0.012031
v -0.038653 0.011157 -0.011821
v -0.038609 0.011149 -0.012031
v -0.038483 0.011127 -0.012220
v -0.038286 0.011091 -0.012370
v -0.038038 0.011047 -0.012467
v -0.037762 0.010998 -0.012500
v -0.037299 0.013321 0.012500
v -0.037572 0.013381 0.012467
v -0.037818 0.013435 0.012370
v -0.038014 0.013478 0.012220
v -0.038653 0.011157 0.011821
v -0.038139 0.013506 0.012031
v -0.038182 0.013516 -0.011821
v -0.038139 0.013506 -0.012031
v -0.038014 0.013478 -0.012220
v -0.037818 0.013435 -0.012370
v -0.037572 0.013381 -0.012467
v -0.037299 0.013321 -0.012500
v -0.036752 0.015580 0.012500
v -0.037022 0.015651 0.012467
v -0.037266 0.015716 0.012370
v -0.037459 0.015767 0.012220
v -0.038182 0.013516 0.011821
v -0.037583 0.015800 0.012031
v -0.037626 0.015811 -0.011821
v -0.037583 0.015800 -0.012031
v -0.037459 0.015767 -0.012220
v -0.037266 0.015716 -0.012370
v -0.037022 0.015651 -0.012467
v -0.036752 0.015580 -0.012500
v -0.036120 0.017775 0.012500
v -0.036387 0.017859 0.012467
v -0.036628 0.017934 0.012370
v -0.036819 0.017993 0.012220
v -0.037626 0.015811 0.011821
v -0.036941 0.018031 0.012031
v -0.036983 0.018045 -0.011821
v -0.036941 0.018031 -0.012031
v -0.036819 0.017993 -0.012220
v -0.036628 0.017934 -0.012370
v -0.036387 0.017859 -0.012467
v -0.036120 0.017775 -0.012500
v -0.035404 0.019907 0.012500
v -0.035667 0.020002 0.012467
v -0.035904 0.020088 0.012370
v -0.036092 0.020156 0.012220
v -0.036983 0.018045 0.011821
v -0.036213 0.020200 0.012031
v -0.036255 0.020215 -0.011821
v -0.036213 0.020200 -0.012031
v -0.036092 0.020156 -0.012220
v -0.035904 0.020088 -0.012370
v -0.035667 0.020002 -0.012467
v -0.035404 0.019907 -0.012500
v -0.034604 0.021976 0.012500
v -0.034862 0.022083 0.012467
v -0.035095 0.022179 0.012370
v -0.035280 0.022256 0.012220
v -0.036255 0.020215 0.011821
v -0.035399 0.022305 0.012031
v -0.035440 0.022322 -0.011821
v -0.035399 0.022305 -0.012031
v -0.035280 0.022256 -0.012220
v -0.035095 0.022179 -0.012370
v -0.034862 0.022083 -0.012467
v -0.034604 0.021976 -0.012500
v -0.033719 0.023981 0.012500
v -0.033972 0.024099 0.012467
v -0.034201 0.024207 0.012370
v -0.034382 0.024292 0.012220
v -0.035440 0.022322 0.011821
v -0.034498 0.024346 0.012031
v -0.034538 0.024365 -0.011821
v -0.034498 0.024346 -0.012031
v -0.034382 0.024292 -0.012220
v -0.034201 0.024207 -0.012370
v -0.033972 0.024099 -0.012467
v -0.033719 0.023981 -0.012500
v -0.032998 0.026052 0.012467
v -0.033221 0.026170 0.012370
v -0.033398 0.026263 0.012220
v -0.033511 0.026323 0.012031
v -0.033551 0.026344 0.011821
v -0.034538 0.024365 0.011821
v -0.033551 0.026344 -0.011821
v -0.033511 0.026323 -0.012031
v -0.033398 0.026263 -0.012220
v -0.033221 0.026170 -0.012370
v -0.032998 0.026052 -0.012467
v -0.031948 0.027934 0.012467
v -0.032751 0.025922 0.012500
v -0.032165 0.028062 0.012370
v -0.032337 0.028163 0.012220
v -0.032448 0.028229 0.012031
v -0.032486 0.028251 0.011821
v -0.032486 0.028251 -0.011821
v -0.032448 0.028229 -0.012031
v -0.032337 0.028163 -0.012220
v -0.032165 0.028062 -0.012370
v -0.032751 0.025922 -0.012500
v -0.031948 0.027934 -0.012467
v -0.030596 0.029587 0.012500
v -0.031707 0.027792 0.012500
v -0.030830 0.029739 0.012467
v -0.031042 0.029877 0.012370
v -0.031209 0.029986 0.012220
v -0.031317 0.030056 0.012031
v -0.031354 0.030080 -0.011821
v -0.031317 0.030056 -0.012031
v -0.031209 0.029986 -0.012220
v -0.031042 0.029877 -0.012370
v -0.030830 0.029739 -0.012467
v -0.030596 0.029587 -0.012500
v -0.031707 0.027792 -0.012500
v -0.029419 0.031304 0.012500
v -0.029646 0.031467 0.012467
v -0.029851 0.031615 0.012370
v -0.030013 0.031732 0.012220
v -0.031354 0.030080 0.011821
v -0.030117 0.031807 0.012031
v -0.030153 0.031833 -0.011821
v -0.030117 0.031807 -0.012031
v -0.030013 0.031732 -0.012220
v -0.029851 0.031615 -0.012370
v -0.029646 0.031467 -0.012467
v -0.029419 0.031304 -0.012500
v -0.028176 0.032945 0.012500
v -0.028395 0.033119 0.012467
v -0.028592 0.033276 0.012370
v -0.028748 0.033401 0.012220
v -0.030153 0.031833 0.011821
v -0.028849 0.033481 0.012031
v -0.028883 0.033508 -0.011821
v -0.028849 0.033481 -0.012031
v -0.028748 0.033401 -0.012220
v -0.028592 0.033276 -0.012370
v -0.028395 0.033119 -0.012467
v -0.028176 0.032945 -0.012500
v -0.026866 0.034508 0.012500
v -0.027076 0.034693 0.012467
v -0.027265 0.034860 0.012370
v -0.027415 0.034992 0.012220
v -0.028883 0.033508 0.011821
v -0.027512 0.035077 0.012031
v -0.027545 0.035106 -0.011821
v -0.027512 0.035077 -0.012031
v -0.027415 0.034992 -0.012220
v -0.027265 0.034860 -0.012370
v -0.027076 0.034693 -0.012467
v -0.026866 0.034508 -0.012500
v -0.025490 0.035996 0.012500
v -0.025690 0.036191 0.012467
v -0.025871 0.036366 0.012370
v -0.026014 0.036506 0.012220
v -0.027545 0.035106 0.011821
v -0.026107 0.036596 0.012031
v -0.026138 0.036626 -0.011821
v -0.026107 0.036596 -0.012031
v -0.026014 0.036506 -0.012220
v -0.025871 0.036366 -0.012370
v -0.025690 0.036191 -0.012467
v -0.025490 0.035996 -0.012500
v -0.024047 0.037406 0.012500
v -0.024238 0.037611 0.012467
v -0.024409 0.037795 0.012370
v -0.024546 0.037942 0.012220
v -0.026138 0.036626 0.011821
v -0.024633 0.038036 0.012031
v -0.024663 0.038069 -0.011821
v -0.024633 0.038036 -0.012031
v -0.024546 0.037942 -0.012220
v -0.024409 0.037795 -0.012370
v -0.024238 0.037611 -0.012467
v -0.024047 0.037406 -0.012500
v -0.022538 0.038740 0.012500
v -0.022718 0.038954 0.012467
v -0.022880 0.039147 0.012370
v -0.023009 0.039300 0.012220
v -0.023120 0.039432 0.011821
v -0.024663 0.038069 0.011821
v -0.023120 0.039432 -0.011821
v -0.023091 0.039398 -0.012031
v -0.023009 0.039300 -0.012220
v -0.022880 0.039147 -0.012370
v -0.022718 0.038954 -0.012467
v -0.022538 0.038740 -0.012500
v -0.021131 0.040219 0.012467
v -0.021284 0.040420 0.012370
v -0.021404 0.040580 0.012220
v -0.021482 0.040682 0.012031
v -0.023091 0.039398 0.012031
v -0.021509 0.040718 0.011821
v -0.021509 0.040718 -0.011821
v -0.021482 0.040682 -0.012031
v -0.021404 0.040580 -0.012220
v -0.021284 0.040420 -0.012370
v -0.021131 0.040219 -0.012467
v -0.019478 0.041408 0.012467
v -0.020963 0.039997 0.012500
v -0.019620 0.041616 0.012370
v -0.019733 0.041781 0.012220
v -0.019805 0.041888 0.012031
v -0.019830 0.041924 0.011821
v -0.019830 0.041924 -0.011821
v -0.019805 0.041888 -0.012031
v -0.019733 0.041781 -0.012220
v -0.019620 0.041616 -0.012370
v -0.020963 0.039997 -0.012500
v -0.019478 0.041408 -0.012467
v -0.017758 0.042519 0.012467
v -0.019320 0.041177 0.012500
v -0.017889 0.042734 0.012370
v -0.017994 0.042904 0.012220
v -0.018061 0.043014 0.012031
v -0.018084 0.043052 0.011821
v -0.018084 0.043052 -0.011821
v -0.018061 0.043014 -0.012031
v -0.017994 0.042904 -0.012220
v -0.017889 0.042734 -0.012370
v -0.019320 0.041177 -0.012500
v -0.017758 0.042519 -0.012467
v -0.015971 0.043552 0.012467
v -0.017612 0.042280 0.012500
v -0.016092 0.043773 0.012370
v -0.016188 0.043949 0.012220
v -0.016250 0.044062 0.012031
v -0.016271 0.044100 0.011821
v -0.016271 0.044100 -0.011821
v -0.016250 0.044062 -0.012031
v -0.016188 0.043949 -0.012220
v -0.016092 0.043773 -0.012370
v -0.017612 0.042280 -0.012500
v -0.015971 0.043552 -0.012467
v -0.014128 0.044505 0.012467
v -0.015837 0.043307 0.012500
v -0.014238 0.044732 0.012370
v -0.014326 0.044912 0.012220
v -0.014382 0.045027 0.012031
v -0.014402 0.045067 0.011821
v -0.014402 0.045067 -0.011821
v -0.014382 0.045027 -0.012031
v -0.014326 0.044912 -0.012220
v -0.014238 0.044732 -0.012370
v -0.015837 0.043307 -0.012500
v -0.014128 0.044505 -0.012467
v -0.012236 0.045375 0.012467
v -0.014005 0.044254 0.012500
v -0.012336 0.045607 0.012370
v -0.012416 0.045790 0.012220
v -0.012467 0.045908 0.012031
v -0.012484 0.045949 0.011821
v -0.012484 0.045949 -0.011821
v -0.012467 0.045908 -0.012031
v -0.012416 0.045790 -0.012220
v -0.012336 0.045607 -0.012370
v -0.014005 0.044254 -0.012500
v -0.012236 0.045375 -0.012467
v -0.010297 0.046163 0.012467
v -0.012125 0.045119 0.012500
v -0.010387 0.046398 0.012370
v -0.010458 0.046585 0.012220
v -0.010503 0.046705 0.012031
v -0.010519 0.046747 0.011821
v -0.010519 0.046747 -0.011821
v -0.010503 0.046705 -0.012031
v -0.010458 0.046585 -0.012220
v -0.010387 0.046398 -0.012370
v -0.012125 0.045119 -0.012500
v -0.010297 0.046163 -0.012467
v -0.008310 0.046867 0.012467
v -0.010198 0.045901 0.012500
v -0.008389 0.047106 0.012370
v -0.008452 0.047296 0.012220
v -0.008492 0.047418 0.012031
v -0.008506 0.047460 0.011821
v -0.008506 0.047460 -0.011821
v -0.008492 0.047418 -0.012031
v -0.008452 0.047296 -0.012220
v -0.008389 0.047106 -0.012370
v -0.010198 0.045901 -0.012500
v -0.008310 0.046867 -0.012467
v -0.006275 0.047488 0.012467
v -0.008223 0.046601 0.012500
v -0.006344 0.047731 0.012370
v -0.006398 0.047923 0.012220
v -0.006433 0.048047 0.012031
v -0.006445 0.048090 0.011821
v -0.006445 0.048090 -0.011821
v -0.006433 0.048047 -0.012031
v -0.006398 0.047923 -0.012220
v -0.006344 0.047731 -0.012370
v -0.008223 0.046601 -0.012500
v -0.006275 0.047488 -0.012467
v -0.004193 0.048026 0.012467
v -0.006200 0.047219 0.012500
v -0.004251 0.048272 0.012370
v -0.004297 0.048466 0.012220
v -0.004327 0.048592 0.012031
v -0.004337 0.048635 0.011821
v -0.004337 0.048635 -0.011821
v -0.004327 0.048592 -0.012031
v -0.004297 0.048466 -0.012220
v -0.004251 0.048272 -0.012370
v -0.006200 0.047219 -0.012500
v -0.004193 0.048026 -0.012467
v -0.002063 0.048482 0.012467
v -0.004129 0.047754 0.012500
v -0.002111 0.048729 0.012370
v -0.002149 0.048926 0.012220
v -0.002173 0.049052 0.012031
v -0.002181 0.049095 0.011821
v -0.002181 0.049095 -0.011821
v -0.002173 0.049052 -0.012031
v -0.002149 0.048926 -0.012220
v -0.002111 0.048729 -0.012370
v -0.004129 0.047754 -0.012500
v -0.002063 0.048482 -0.012467
v 0.000114 0.048854 0.012467
v -0.002011 0.048207 0.012500
v 0.000076 0.049104 0.012370
v 0.000047 0.049301 0.012220
v 0.000028 0.049429 0.012031
v 0.000021 0.049472 0.011821
v 0.000021 0.049472 -0.011821
v 0.000028 0.049429 -0.012031
v 0.000047 0.049301 -0.012220
v 0.000076 0.049104 -0.012370
v -0.002011 0.048207 -0.012500
v 0.000114 0.048854 -0.012467
v 0.002339 0.049144 0.012467
v 0.000156 0.048578 0.012500
v 0.002311 0.049395 0.012370
v 0.002289 0.049593 0.012220
v 0.002275 0.049721 0.012031
v 0.002270 0.049765 0.011821
v 0.002270 0.049765 -0.011821
v 0.002275 0.049721 -0.012031
v 0.002289 0.049593 -0.012220
v 0.002311 0.049395 -0.012370
v 0.000156 0.048578 -0.012500
v 0.002339 0.049144 -0.012467
v 0.004611 0.049351 0.012467
v 0.002370 0.048866 0.012500
v 0.004593 0.049602 0.012370
v 0.004578 0.049802 0.012220
v 0.004569 0.049930 0.012031
v 0.004566 0.049974 0.011821
v 0.004566 0.049974 -0.011821
v 0.004569 0.049930 -0.012031
v 0.004578 0.049802 -0.012220
v 0.004593 0.049602 -0.012370
v 0.002370 0.048866 -0.012500
v 0.004611 0.049351 -0.012467
v 0.006931 0.049475 0.012467
v 0.004631 0.049072 0.012500
v 0.006922 0.049727 0.012370
v 0.006915 0.049927 0.012220
v 0.006910 0.050055 0.012031
v 0.006908 0.050099 0.011821
v 0.006908 0.050099 -0.011821
v 0.006910 0.050055 -0.012031
v 0.006915 0.049927 -0.012220
v 0.006922 0.049727 -0.012370
v 0.004631 0.049072 -0.012500
v 0.006931 0.049475 -0.012467
v 0.009296 0.049516 0.012467
v 0.006940 0.049196 0.012500
v 0.009295 0.049768 0.012370
v 0.009295 0.049968 0.012220
v 0.009294 0.050097 0.012031
v 0.009294 0.050141 0.011821
v 0.009294 0.050141 -0.011821
v 0.009294 0.050097 -0.012031
v 0.009295 0.049968 -0.012220
v 0.009295 0.049768 -0.012370
v 0.006940 0.049196 -0.012500
v 0.009296 0.049516 -0.012467
v 0.010556 0.049504 0.012467
v 0.009298 0.049237 0.012500
v 0.010561 0.049757 0.012370
v 0.010565 0.049957 0.012220
v 0.010567 0.050085 0.012031
v 0.010568 0.050129 0.011821
v 0.010568 0.050129 -0.011821
v 0.010567 0.050085 -0.012031
v 0.010565 0.049957 -0.012220
v 0.010561 0.049757 -0.012370
v 0.009298 0.049237 -0.012500
v 0.010556 0.049504 -0.012467
v 0.011796 0.049190 0.012500
v 0.010551 0.049225 0.012500
v 0.011807 0.049469 0.012467
v 0.011816 0.049721 0.012370
v 0.011824 0.049921 0.012220
v 0.011829 0.050049 0.012031
v 0.011830 0.050094 -0.011821
v 0.011829 0.050049 -0.012031
v 0.011824 0.049921 -0.012220
v 0.011816 0.049721 -0.012370
v 0.011807 0.049469 -0.012467
v 0.011796 0.049190 -0.012500
v 0.010551 0.049225 -0.012500
v 0.013033 0.049131 0.012500
v 0.013049 0.049410 0.012467
v 0.013063 0.049662 0.012370
v 0.013075 0.049862 0.012220
v 0.011830 0.050094 0.011821
v 0.013082 0.049990 0.012031
v 0.013085 0.050034 -0.011821
v 0.013082 0.049990 -0.012031
v 0.013075 0.049862 -0.012220
v 0.013063 0.049662 -0.012370
v 0.013049 0.049410 -0.012467
v 0.013033 0.049131 -0.012500
v 0.014262 0.049050 0.012500
v 0.014283 0.049328 0.012467
v 0.014302 0.049580 0.012370
v 0.014317 0.049779 0.012220
v 0.013085 0.050034 0.011821
v 0.014327 0.049907 0.012031
v 0.014331 0.049951 -0.011821
v 0.014327 0.049907 -0.012031
v 0.014317 0.049779 -0.012220
v 0.014302 0.049580 -0.012370
v 0.014283 0.049328 -0.012467
v 0.014262 0.049050 -0.012500
v 0.015481 0.048944 0.012500
v 0.015508 0.049222 0.012467
v 0.015532 0.049473 0.012370
v 0.015552 0.049673 0.012220
v 0.014331 0.049951 0.011821
v 0.015564 0.049800 0.012031
v 0.015568 0.049844 -0.011821
v 0.015564 0.049800 -0.012031
v 0.015552 0.049673 -0.012220
v 0.015532 0.049473 -0.012370
v 0.015508 0.049222 -0.012467
v 0.015481 0.048944 -0.012500
v 0.016693 0.048816 0.012500
v 0.016725 0.049093 0.012467
v 0.016754 0.049344 0.012370
v 0.016778 0.049542 0.012220
v 0.015568 0.049844 0.011821
v 0.016792 0.049670 0.012031
v 0.016797 0.049714 -0.011821
v 0.016792 0.049670 -0.012031
v 0.016778 0.049542 -0.012220
v 0.016754 0.049344 -0.012370
v 0.016725 0.049093 -0.012467
v 0.016693 0.048816 -0.012500
v 0.017896 0.048664 0.012500
v 0.017934 0.048940 0.012467
v 0.017968 0.049190 0.012370
v 0.017995 0.049388 0.012220
v 0.016797 0.049714 0.011821
v 0.018013 0.049516 0.012031
v 0.018019 0.049560 -0.011821
v 0.018013 0.049516 -0.012031
v 0.017995 0.049388 -0.012220
v 0.017968 0.049190 -0.012370
v 0.017934 0.048940 -0.012467
v 0.017896 0.048664 -0.012500
v 0.019091 0.048488 0.012500
v 0.019134 0.048764 0.012467
v 0.019173 0.049013 0.012370
v 0.019204 0.049211 0.012220
v 0.018019 0.049560 0.011821
v 0.019224 0.049338 0.012031
v 0.019231 0.049381 -0.011821
v 0.019224 0.049338 -0.012031
v 0.019204 0.049211 -0.012220
v 0.019173 0.049013 -0.012370
v 0.019134 0.048764 -0.012467
v 0.019091 0.048488 -0.012500
v 0.020277 0.048289 0.012500
v 0.020326 0.048564 0.012467
v 0.020370 0.048812 0.012370
v 0.020405 0.049009 0.012220
v 0.019231 0.049381 0.011821
v 0.020428 0.049136 0.012031
v 0.020436 0.049179 -0.011821
v 0.020428 0.049136 -0.012031
v 0.020405 0.049009 -0.012220
v 0.020370 0.048812 -0.012370
v 0.020326 0.048564 -0.012467
v 0.020277 0.048289 -0.012500
v 0.021455 0.048067 0.012500
v 0.021510 0.048341 0.012467
v 0.021559 0.048588 0.012370
v 0.021598 0.048784 0.012220
v 0.020436 0.049179 0.011821
v 0.021623 0.048910 0.012031
v 0.021632 0.048954 -0.011821
v 0.021623 0.048910 -0.012031
v 0.021598 0.048784 -0.012220
v 0.021559 0.048588 -0.012370
v 0.021510 0.048341 -0.012467
v 0.021455 0.048067 -0.012500
v 0.022624 0.047821 0.012500
v 0.022685 0.048094 0.012467
v 0.022739 0.048340 0.012370
v 0.022782 0.048536 0.012220
v 0.021632 0.048954 0.011821
v 0.022810 0.048661 0.012031
v 0.022819 0.048704 -0.011821
v 0.022810 0.048661 -0.012031
v 0.022782 0.048536 -0.012220
v 0.022739 0.048340 -0.012370
v 0.022685 0.048094 -0.012467
v 0.022624 0.047821 -0.012500
v 0.023785 0.047552 0.012500
v 0.023851 0.047824 0.012467
v 0.023911 0.048069 0.012370
v 0.023958 0.048263 0.012220
v 0.022819 0.048704 0.011821
v 0.023988 0.048388 0.012031
v 0.023999 0.048431 -0.011821
v 0.023988 0.048388 -0.012031
v 0.023958 0.048263 -0.012220
v 0.023911 0.048069 -0.012370
v 0.023851 0.047824 -0.012467
v 0.023785 0.047552 -0.012500
v 0.024928 0.047262 0.012500
v 0.025000 0.047532 0.012467
v 0.025064 0.047775 0.012370
v 0.025116 0.047969 0.012220
v 0.023999 0.048431 0.011821
v 0.025149 0.048093 0.012031
v 0.025160 0.048135 -0.011821
v 0.025149 0.048093 -0.012031
v 0.025116 0.047969 -0.012220
v 0.025064 0.047775 -0.012370
v 0.025000 0.047532 -0.012467
v 0.024928 0.047262 -0.012500
v 0.026041 0.046951 0.012500
v 0.026119 0.047220 0.012467
v 0.026190 0.047462 0.012370
v 0.026246 0.047654 0.012220
v 0.025160 0.048135 0.011821
v 0.026281 0.047777 0.012031
v 0.026294 0.047820 -0.011821
v 0.026281 0.047777 -0.012031
v 0.026246 0.047654 -0.012220
v 0.026190 0.047462 -0.012370
v 0.026119 0.047220 -0.012467
v 0.026041 0.046951 -0.012500
v 0.027125 0.046621 0.012500
v 0.027210 0.046888 0.012467
v 0.027286 0.047128 0.012370
v 0.027347 0.047319 0.012220
v 0.026294 0.047820 0.011821
v 0.027385 0.047441 0.012031
v 0.027399 0.047483 -0.011821
v 0.027385 0.047441 -0.012031
v 0.027347 0.047319 -0.012220
v 0.027286 0.047128 -0.012370
v 0.027210 0.046888 -0.012467
v 0.027125 0.046621 -0.012500
v 0.028180 0.046272 0.012500
v 0.028272 0.046536 0.012467
v 0.028354 0.046774 0.012370
v 0.028419 0.046963 0.012220
v 0.027399 0.047483 0.011821
v 0.028461 0.047085 0.012031
v 0.028476 0.047127 -0.011821
v 0.028461 0.047085 -0.012031
v 0.028419 0.046963 -0.012220
v 0.028354 0.046774 -0.012370
v 0.028272 0.046536 -0.012467
v 0.028180 0.046272 -0.012500
v 0.029206 0.045903 0.012500
v 0.029305 0.046164 0.012467
v 0.029393 0.046400 0.012370
v 0.029463 0.046588 0.012220
v 0.028476 0.047127 0.011821
v 0.029508 0.046708 0.012031
v 0.029524 0.046749 -0.011821
v 0.029508 0.046708 -0.012031
v 0.029463 0.046588 -0.012220
v 0.029393 0.046400 -0.012370
v 0.029305 0.046164 -0.012467
v 0.029206 0.045903 -0.012500
v 0.030204 0.045514 0.012500
v 0.030309 0.045773 0.012467
v 0.030404 0.046006 0.012370
v 0.030479 0.046192 0.012220
v 0.029524 0.046749 0.011821
v 0.030527 0.046311 0.012031
v 0.030544 0.046352 -0.011821
v 0.030527 0.046311 -0.012031
v 0.030479 0.046192 -0.012220
v 0.030404 0.046006 -0.012370
v 0.030309 0.045773 -0.012467
v 0.030204 0.045514 -0.012500
v 0.031172 0.045105 0.012500
v 0.031284 0.045361 0.012467
v 0.031385 0.045592 0.012370
v 0.031466 0.045775 0.012220
v 0.030544 0.046352 0.011821
v 0.031518 0.045893 0.012031
v 0.031535 0.045933 -0.011821
v 0.031518 0.045893 -0.012031
v 0.031466 0.045775 -0.012220
v 0.031385 0.045592 -0.012370
v 0.031284 0.045361 -0.012467
v 0.031172 0.045105 -0.012500
v 0.032111 0.044677 0.012500
v 0.032231 0.044930 0.012467
v 0.032339 0.045157 0.012370
v 0.032424 0.045338 0.012220
v 0.031535 0.045933 0.011821
v 0.032479 0.045454 0.012031
v 0.032498 0.045494 -0.011821
v 0.032479 0.045454 -0.012031
v 0.032424 0.045338 -0.012220
v 0.032339 0.045157 -0.012370
v 0.032231 0.044930 -0.012467
v 0.032111 0.044677 -0.012500
v 0.033021 0.044229 0.012500
v 0.033148 0.044478 0.012467
v 0.033263 0.044703 0.012370
v 0.033354 0.044881 0.012220
v 0.032498 0.045494 0.011821
v 0.033413 0.044995 0.012031
v 0.033433 0.045035 -0.011821
v 0.033413 0.044995 -0.012031
v 0.033354 0.044881 -0.012220
v 0.033263 0.044703 -0.012370
v 0.033148 0.044478 -0.012467
v 0.033021 0.044229 -0.012500
v 0.033902 0.043762 0.012500
v 0.034037 0.044007 0.012467
v 0.034159 0.044227 0.012370
v 0.034255 0.044403 0.012220
v 0.033433 0.045035 0.011821
v 0.034317 0.044515 0.012031
v 0.034339 0.044554 -0.011821
v 0.034317 0.044515 -0.012031
v 0.034255 0.044403 -0.012220
v 0.034159 0.044227 -0.012370
v 0.034037 0.044007 -0.012467
v 0.033902 0.043762 -0.012500
v 0.034755 0.043275 0.012500
v 0.034897 0.043515 0.012467
v 0.035026 0.043732 0.012370
v 0.035128 0.043904 0.012220
v 0.034339 0.044554 0.011821
v 0.035194 0.044014 0.012031
v 0.035216 0.044052 -0.011821
v 0.035194 0.044014 -0.012031
v 0.035128 0.043904 -0.012220
v 0.035026 0.043732 -0.012370
v 0.034897 0.043515 -0.012467
v 0.034755 0.043275 -0.012500
v 0.035578 0.042768 0.012500
v 0.035943 0.042871 0.012467
v 0.036272 0.042964 0.012370
v 0.036533 0.043038 0.012220
v 0.035216 0.044052 0.011821
v 0.036701 0.043086 0.012031
v 0.036759 0.043102 -0.011821
v 0.036701 0.043086 -0.012031
v 0.036533 0.043038 -0.012220
v 0.036272 0.042964 -0.012370
v 0.035943 0.042871 -0.012467
v 0.035578 0.042768 -0.012500
v 0.027491 0.026730 0.012500
v 0.027602 0.026330 0.012467
v 0.027703 0.025968 0.012370
v 0.027782 0.025682 0.012220
v 0.036759 0.043102 0.011821
v 0.027833 0.025497 0.012031
v 0.027851 0.025434 -0.011821
v 0.027833 0.025497 -0.012031
v 0.027782 0.025682 -0.012220
v 0.027703 0.025968 -0.012370
v 0.027602 0.026330 -0.012467
v 0.027491 0.026730 -0.012500
v 0.026156 0.027243 0.012467
v 0.026027 0.027026 0.012370
v 0.025926 0.026854 0.012220
v 0.025860 0.026743 0.012031
v 0.025838 0.026705 0.011821
v 0.027851 0.025434 0.011821
v 0.025838 0.026705 -0.011821
v 0.025860 0.026743 -0.012031
v 0.025926 0.026854 -0.012220
v 0.026027 0.027026 -0.012370
v 0.026156 0.027243 -0.012467
v 0.025054 0.028171 0.012500
v 0.026298 0.027484 0.012500
v 0.024926 0.027923 0.012467
v 0.024810 0.027699 0.012370
v 0.024719 0.027521 0.012220
v 0.024660 0.027407 0.012031
v 0.024639 0.027368 -0.011821
v 0.024660 0.027407 -0.012031
v 0.024719 0.027521 -0.012220
v 0.024810 0.027699 -0.012370
v 0.024926 0.027923 -0.012467
v 0.025054 0.028171 -0.012500
v 0.026298 0.027484 -0.012500
v 0.023760 0.028794 0.012500
v 0.023646 0.028539 0.012467
v 0.023543 0.028308 0.012370
v 0.023461 0.028126 0.012220
v 0.024639 0.027368 0.011821
v 0.023409 0.028008 0.012031
v 0.023391 0.027968 -0.011821
v 0.023409 0.028008 -0.012031
v 0.023461 0.028126 -0.012220
v 0.023543 0.028308 -0.012370
v 0.023646 0.028539 -0.012467
v 0.023760 0.028794 -0.012500
v 0.022415 0.029351 0.012500
v 0.022315 0.029090 0.012467
v 0.022225 0.028854 0.012370
v 0.022153 0.028667 0.012220
v 0.023391 0.027968 0.011821
v 0.022108 0.028547 0.012031
v 0.022092 0.028506 -0.011821
v 0.022108 0.028547 -0.012031
v 0.022153 0.028667 -0.012220
v 0.022225 0.028854 -0.012370
v 0.022315 0.029090 -0.012467
v 0.022415 0.029351 -0.012500
v 0.021020 0.029842 0.012500
v 0.020934 0.029576 0.012467
v 0.020856 0.029336 0.012370
v 0.020795 0.029146 0.012220
v 0.022092 0.028506 0.011821
v 0.020755 0.029023 0.012031
v 0.020742 0.028981 -0.011821
v 0.020755 0.029023 -0.012031
v 0.020795 0.029146 -0.012220
v 0.020856 0.029336 -0.012370
v 0.020934 0.029576 -0.012467
v 0.021020 0.029842 -0.012500
v 0.019574 0.030268 0.012500
v 0.019501 0.029998 0.012467
v 0.019436 0.029754 0.012370
v 0.019385 0.029561 0.012220
v 0.020742 0.028981 0.011821
v 0.019351 0.029437 0.012031
v 0.019340 0.029394 -0.011821
v 0.019351 0.029437 -0.012031
v 0.019385 0.029561 -0.012220
v 0.019436 0.029754 -0.012370
v 0.019501 0.029998 -0.012467
v 0.019574 0.030268 -0.012500
v 0.018077 0.030628 0.012500
v 0.018018 0.030355 0.012467
v 0.017965 0.030108 0.012370
v 0.017923 0.029913 0.012220
v 0.019340 0.029394 0.011821
v 0.017896 0.029787 0.012031
v 0.017887 0.029744 -0.011821
v 0.017896 0.029787 -0.012031
v 0.017923 0.029913 -0.012220
v 0.017965 0.030108 -0.012370
v 0.018018 0.030355 -0.012467
v 0.018077 0.030628 -0.012500
v 0.016530 0.030923 0.012500
v 0.016484 0.030647 0.012467
v 0.016443 0.030399 0.012370
v 0.016410 0.030201 0.012220
v 0.017887 0.029744 0.011821
v 0.016388 0.030075 0.012031
v 0.016381 0.030031 -0.011821
v 0.016388 0.030075 -0.012031
v 0.016410 0.030201 -0.012220
v 0.016443 0.030399 -0.012370
v 0.016484 0.030647 -0.012467
v 0.016530 0.030923 -0.012500
v 0.014933 0.031152 0.012500
v 0.014899 0.030875 0.012467
v 0.014869 0.030625 0.012370
v 0.014844 0.030426 0.012220
v 0.016381 0.030031 0.011821
v 0.014829 0.030298 0.012031
v 0.014824 0.030254 -0.011821
v 0.014829 0.030298 -0.012031
v 0.014844 0.030426 -0.012220
v 0.014869 0.030625 -0.012370
v 0.014899 0.030875 -0.012467
v 0.014933 0.031152 -0.012500
v 0.013284 0.031316 0.012500
v 0.013263 0.031037 0.012467
v 0.013243 0.030786 0.012370
v 0.013227 0.030587 0.012220
v 0.014824 0.030254 0.011821
v 0.013217 0.030459 0.012031
v 0.013214 0.030414 -0.011821
v 0.013217 0.030459 -0.012031
v 0.013227 0.030587 -0.012220
v 0.013243 0.030786 -0.012370
v 0.013263 0.031037 -0.012467
v 0.013284 0.031316 -0.012500
v 0.011586 0.031414 0.012500
v 0.011575 0.031135 0.012467
v 0.011565 0.030883 0.012370
v 0.011558 0.030683 0.012220
v 0.013214 0.030414 0.011821
v 0.011553 0.030555 0.012031
v 0.011551 0.030511 -0.011821
v 0.011553 0.030555 -0.012031
v 0.011558 0.030683 -0.012220
v 0.011565 0.030883 -0.012370
v 0.011575 0.031135 -0.012467
v 0.011586 0.031414 -0.012500
v 0.009837 0.031168 0.012467
v 0.009838 0.030915 0.012370
v 0.009839 0.030715 0.012220
v 0.009839 0.030587 0.012031
v 0.009839 0.030543 0.011821
v 0.011551 0.030511 0.011821
v 0.009839 0.030543 -0.011821
v 0.009839 0.030587 -0.012031
v 0.009839 0.030715 -0.012220
v 0.009838 0.030915 -0.012370
v 0.009837 0.031168 -0.012467
v 0.007886 0.031119 0.012467
v 0.009837 0.031447 0.012500
v 0.007899 0.030867 0.012370
v 0.007909 0.030668 0.012220
v 0.007916 0.030539 0.012031
v 0.007918 0.030495 0.011821
v 0.007918 0.030495 -0.011821
v 0.007916 0.030539 -0.012031
v 0.007909 0.030668 -0.012220
v 0.007899 0.030867 -0.012370
v 0.009837 0.031447 -0.012500
v 0.007886 0.031119 -0.012467
v 0.006006 0.030974 0.012467
v 0.007872 0.031398 0.012500
v 0.006033 0.030724 0.012370
v 0.006053 0.030525 0.012220
v 0.006067 0.030397 0.012031
v 0.006071 0.030353 0.011821
v 0.006071 0.030353 -0.011821
v 0.006067 0.030397 -0.012031
v 0.006053 0.030525 -0.012220
v 0.006033 0.030724 -0.012370
v 0.007872 0.031398 -0.012500
v 0.006006 0.030974 -0.012467
v 0.004196 0.030733 0.012467
v 0.005977 0.031252 0.012500
v 0.004237 0.030484 0.012370
v 0.004269 0.030287 0.012220
v 0.004290 0.030160 0.012031
v 0.004297 0.030116 0.011821
v 0.004297 0.030116 -0.011821
v 0.004290 0.030160 -0.012031
v 0.004269 0.030287 -0.012220
v 0.004237 0.030484 -0.012370
v 0.005977 0.031252 -0.012500
v 0.004196 0.030733 -0.012467
v 0.002456 0.030396 0.012467
v 0.004151 0.031009 0.012500
v 0.002512 0.030150 0.012370
v 0.002556 0.029955 0.012220
v 0.002584 0.029829 0.012031
v 0.002594 0.029786 0.011821
v 0.002594 0.029786 -0.011821
v 0.002584 0.029829 -0.012031
v 0.002556 0.029955 -0.012220
v 0.002512 0.030150 -0.012370
v 0.004151 0.031009 -0.012500
v 0.002456 0.030396 -0.012467
v 0.000786 0.029962 0.012467
v 0.002394 0.030668 0.012500
v 0.000857 0.029720 0.012370
v 0.000914 0.029528 0.012220
v 0.000950 0.029405 0.012031
v 0.000963 0.029363 0.011821
v 0.000963 0.029363 -0.011821
v 0.000950 0.029405 -0.012031
v 0.000914 0.029528 -0.012220
v 0.000857 0.029720 -0.012370
v 0.002394 0.030668 -0.012500
v 0.000786 0.029962 -0.012467
v -0.000814 0.029433 0.012467
v 0.000707 0.030230 0.012500
v -0.000727 0.029196 0.012370
v -0.000658 0.029008 0.012220
v -0.000613 0.028888 0.012031
v -0.000598 0.028846 0.011821
v -0.000598 0.028846 -0.011821
v -0.000613 0.028888 -0.012031
v -0.000658 0.029008 -0.012220
v -0.000727 0.029196 -0.012370
v 0.000707 0.030230 -0.012500
v -0.000814 0.029433 -0.012467
v -0.002345 0.028807 0.012467
v -0.000911 0.029695 0.012500
v -0.002242 0.028577 0.012370
v -0.002160 0.028395 0.012220
v -0.002107 0.028278 0.012031
v -0.002089 0.028237 0.011821
v -0.002089 0.028237 -0.011821
v -0.002107 0.028278 -0.012031
v -0.002160 0.028395 -0.012220
v -0.002242 0.028577 -0.012370
v -0.000911 0.029695 -0.012500
v -0.002345 0.028807 -0.012467
v -0.003807 0.028086 0.012467
v -0.002460 0.029062 0.012500
v -0.003687 0.027864 0.012370
v -0.003592 0.027688 0.012220
v -0.003532 0.027575 0.012031
v -0.003510 0.027536 0.011821
v -0.003510 0.027536 -0.011821
v -0.003532 0.027575 -0.012031
v -0.003592 0.027688 -0.012220
v -0.003687 0.027864 -0.012370
v -0.002460 0.029062 -0.012500
v -0.003807 0.028086 -0.012467
v -0.005200 0.027269 0.012467
v -0.003940 0.028332 0.012500
v -0.005065 0.027056 0.012370
v -0.004957 0.026888 0.012220
v -0.004888 0.026779 0.012031
v -0.004864 0.026742 0.011821
v -0.004864 0.026742 -0.011821
v -0.004888 0.026779 -0.012031
v -0.004957 0.026888 -0.012220
v -0.005065 0.027056 -0.012370
v -0.003940 0.028332 -0.012500
v -0.005200 0.027269 -0.012467
v -0.006524 0.026356 0.012467
v -0.005350 0.027505 0.012500
v -0.006374 0.026154 0.012370
v -0.006254 0.025993 0.012220
v -0.006177 0.025890 0.012031
v -0.006151 0.025855 0.011821
v -0.006151 0.025855 -0.011821
v -0.006177 0.025890 -0.012031
v -0.006254 0.025993 -0.012220
v -0.006374 0.026154 -0.012370
v -0.005350 0.027505 -0.012500
v -0.006524 0.026356 -0.012467
v -0.007963 0.025558 0.012500
v -0.006691 0.026580 0.012500
v -0.007780 0.025347 0.012467
v -0.007615 0.025156 0.012370
v -0.007484 0.025005 0.012220
v -0.007400 0.024908 0.012031
v -0.007371 0.024874 -0.011821
v -0.007400 0.024908 -0.012031
v -0.007484 0.025005 -0.012220
v -0.007615 0.025156 -0.012370
v -0.007780 0.025347 -0.012467
v -0.007963 0.025558 -0.012500
v -0.006691 0.026580 -0.012500
v -0.008968 0.024242 0.012467
v -0.008789 0.024063 0.012370
v -0.008648 0.023922 0.012220
v -0.008557 0.023831 0.012031
v -0.008525 0.023800 0.011821
v -0.007371 0.024874 0.011821
v -0.008525 0.023800 -0.011821
v -0.008557 0.023831 -0.012031
v -0.008648 0.023922 -0.012220
v -0.008789 0.024063 -0.012370
v -0.008968 0.024242 -0.012467
v -0.010077 0.023045 0.012467
v -0.009166 0.024439 0.012500
v -0.009885 0.022881 0.012370
v -0.009734 0.022750 0.012220
v -0.009636 0.022666 0.012031
v -0.009602 0.022638 0.011821
v -0.009602 0.022638 -0.011821
v -0.009636 0.022666 -0.012031
v -0.009734 0.022750 -0.012220
v -0.009885 0.022881 -0.012370
v -0.009166 0.024439 -0.012500
v -0.010077 0.023045 -0.012467
v -0.011322 0.021927 0.012500
v -0.010289 0.023227 0.012500
v -0.011097 0.021761 0.012467
v -0.010894 0.021612 0.012370
v -0.010733 0.021493 0.012220
v -0.010629 0.021417 0.012031
v -0.010593 0.021391 -0.011821
v -0.010629 0.021417 -0.012031
v -0.010733 0.021493 -0.012220
v -0.010894 0.021612 -0.012370
v -0.011097 0.021761 -0.012467
v -0.011322 0.021927 -0.012500
v -0.010289 0.023227 -0.012500
v -0.012266 0.020539 0.012500
v -0.012029 0.020391 0.012467
v -0.011815 0.020256 0.012370
v -0.011646 0.020150 0.012220
v -0.010593 0.021391 0.011821
v -0.011537 0.020082 0.012031
v -0.011499 0.020058 -0.011821
v -0.011537 0.020082 -0.012031
v -0.011646 0.020150 -0.012220
v -0.011815 0.020256 -0.012370
v -0.012029 0.020391 -0.012467
v -0.012266 0.020539 -0.012500
v -0.013119 0.019063 0.012500
v -0.012872 0.018932 0.012467
v -0.012650 0.018813 0.012370
v -0.012473 0.018719 0.012220
v -0.011499 0.020058 0.011821
v -0.012360 0.018659 0.012031
v -0.012321 0.018638 -0.011821
v -0.012360 0.018659 -0.012031
v -0.012473 0.018719 -0.012220
v -0.012650 0.018813 -0.012370
v -0.012872 0.018932 -0.012467
v -0.013119 0.019063 -0.012500
v -0.013883 0.017499 0.012500
v -0.013628 0.017385 0.012467
v -0.013397 0.017282 0.012370
v -0.013215 0.017200 0.012220
v -0.012321 0.018638 0.011821
v -0.013097 0.017148 0.012031
v -0.013057 0.017130 -0.011821
v -0.013097 0.017148 -0.012031
v -0.013215 0.017200 -0.012220
v -0.013397 0.017282 -0.012370
v -0.013628 0.017385 -0.012467
v -0.013883 0.017499 -0.012500
v -0.014557 0.015848 0.012500
v -0.014295 0.015750 0.012467
v -0.014058 0.015662 0.012370
v -0.013871 0.015593 0.012220
v -0.013057 0.017130 0.011821
v -0.013750 0.015548 0.012031
v -0.013709 0.015533 -0.011821
v -0.013750 0.015548 -0.012031
v -0.013871 0.015593 -0.012220
v -0.014058 0.015662 -0.012370
v -0.014295 0.015750 -0.012467
v -0.014557 0.015848 -0.012500
v -0.015141 0.014108 0.012500
v -0.014873 0.014027 0.012467
v -0.014632 0.013954 0.012370
v -0.014440 0.013896 0.012220
v -0.013709 0.015533 0.011821
v -0.014317 0.013858 0.012031
v -0.014275 0.013846 -0.011821
v -0.014317 0.013858 -0.012031
v -0.014440 0.013896 -0.012220
v -0.014632 0.013954 -0.012370
v -0.014873 0.014027 -0.012467
v -0.015141 0.014108 -0.012500
v -0.015635 0.012280 0.012500
v -0.015363 0.012215 0.012467
v -0.015118 0.012156 0.012370
v -0.014923 0.012109 0.012220
v -0.014275 0.013846 0.011821
v -0.014798 0.012079 0.012031
v -0.014755 0.012068 -0.011821
v -0.014798 0.012079 -0.012031
v -0.014923 0.012109 -0.012220
v -0.015118 0.012156 -0.012370
v -0.015363 0.012215 -0.012467
v -0.015635 0.012280 -0.012500
v -0.016039 0.010364 0.012500
v -0.015764 0.010314 0.012467
v -0.015516 0.010268 0.012370
v -0.015319 0.010232 0.012220
v -0.014755 0.012068 0.011821
v -0.015193 0.010209 0.012031
v -0.015150 0.010201 -0.011821
v -0.015193 0.010209 -0.012031
v -0.015319 0.010232 -0.012220
v -0.015516 0.010268 -0.012370
v -0.015764 0.010314 -0.012467
v -0.016039 0.010364 -0.012500
v -0.016354 0.008360 0.012500
v -0.016077 0.008324 0.012467
v -0.015827 0.008291 0.012370
v -0.015628 0.008264 0.012220
v -0.015150 0.010201 0.011821
v -0.015501 0.008248 0.012031
v -0.015457 0.008242 -0.011821
v -0.015501 0.008248 -0.012031
v -0.015628 0.008264 -0.012220
v -0.015827 0.008291 -0.012370
v -0.016077 0.008324 -0.012467
v -0.016354 0.008360 -0.012500
v -0.016578 0.006269 0.012500
v -0.016300 0.006245 0.012467
v -0.016049 0.006224 0.012370
v -0.015849 0.006207 0.012220
v -0.015457 0.008242 0.011821
v -0.015721 0.006196 0.012031
v -0.015677 0.006192 -0.011821
v -0.015721 0.006196 -0.012031
v -0.015849 0.006207 -0.012220
v -0.016049 0.006224 -0.012370
v -0.016300 0.006245 -0.012467
v -0.016578 0.006269 -0.012500
v -0.016391 0.004769 0.012467
v -0.016101 0.005382 0.012370
v -0.015870 0.005869 0.012220
v -0.015722 0.006182 0.012031
v -0.015677 0.006192 0.011821
v -0.015671 0.006289 -0.011821
v -0.015722 0.006182 -0.012031
v -0.015870 0.005869 -0.012220
v -0.016101 0.005382 -0.012370
v -0.016391 0.004769 -0.012467
v -0.015275 0.005423 0.012500
v -0.016713 0.004089 0.012500
v -0.015457 0.005635 0.012467
v -0.015621 0.005827 0.012370
v -0.015752 0.005979 0.012220
v -0.015865 0.006110 0.011821
v -0.015671 0.006289 0.011821
v -0.015865 0.006110 -0.011821
v -0.015836 0.006076 -0.012031
v -0.015621 0.005827 -0.012370
v -0.015457 0.005635 -0.012467
v -0.015275 0.005423 -0.012500
v -0.016713 0.004089 -0.012500
v -0.013744 0.006642 0.012500
v -0.013910 0.006867 0.012467
v -0.014060 0.007070 0.012370
v -0.014255 0.007335 0.012031
v -0.015836 0.006076 0.012031
v -0.014281 0.007371 -0.011821
v -0.014255 0.007335 -0.012031
v -0.014179 0.007232 -0.012220
v -0.015752 0.005979 -0.012220
v -0.014060 0.007070 -0.012370
v -0.013910 0.006867 -0.012467
v -0.013744 0.006642 -0.012500
v -0.012271 0.007981 0.012467
v -0.012405 0.008195 0.012370
v -0.012511 0.008365 0.012220
v -0.014179 0.007232 0.012220
v -0.012579 0.008474 0.012031
v -0.012603 0.008511 0.011821
v -0.014281 0.007371 0.011821
v -0.012603 0.008511 -0.011821
v -0.012579 0.008474 -0.012031
v -0.012511 0.008365 -0.012220
v -0.012405 0.008195 -0.012370
v -0.012271 0.007981 -0.012467
v -0.010539 0.008978 0.012467
v -0.012122 0.007744 0.012500
v -0.010657 0.009201 0.012370
v -0.010751 0.009378 0.012220
v -0.010811 0.009492 0.012031
v -0.010831 0.009531 0.011821
v -0.010831 0.009531 -0.011821
v -0.010811 0.009492 -0.012031
v -0.010751 0.009378 -0.012220
v -0.010657 0.009201 -0.012370
v -0.012122 0.007744 -0.012500
v -0.010539 0.008978 -0.012467
v -0.008716 0.009857 0.012467
v -0.010409 0.008731 0.012500
v -0.008817 0.010088 0.012370
v -0.008898 0.010272 0.012220
v -0.008950 0.010389 0.012031
v -0.008967 0.010430 0.011821
v -0.008967 0.010430 -0.011821
v -0.008950 0.010389 -0.012031
v -0.008898 0.010272 -0.012220
v -0.008817 0.010088 -0.012370
v -0.010409 0.008731 -0.012500
v -0.008716 0.009857 -0.012467
v -0.006801 0.010619 0.012467
v -0.008603 0.009601 0.012500
v -0.006886 0.010856 0.012370
v -0.006954 0.011045 0.012220
v -0.006997 0.011166 0.012031
v -0.007012 0.011207 0.011821
v -0.007012 0.011207 -0.011821
v -0.006997 0.011166 -0.012031
v -0.006954 0.011045 -0.012220
v -0.006886 0.010856 -0.012370
v -0.008603 0.009601 -0.012500
v -0.006801 0.010619 -0.012467
v -0.004794 0.011263 0.012467
v -0.006706 0.010356 0.012500
v -0.004864 0.011505 0.012370
v -0.004919 0.011698 0.012220
v -0.004954 0.011821 0.012031
v -0.004966 0.011864 0.011821
v -0.004966 0.011864 -0.011821
v -0.004954 0.011821 -0.012031
v -0.004919 0.011698 -0.012220
v -0.004864 0.011505 -0.012370
v -0.006706 0.010356 -0.012500
v -0.004794 0.011263 -0.012467
v -0.002697 0.011789 0.012467
v -0.004718 0.010994 0.012500
v -0.002751 0.012036 0.012370
v -0.002794 0.012231 0.012220
v -0.002821 0.012357 0.012031
v -0.002830 0.012400 0.011821
v -0.002830 0.012400 -0.011821
v -0.002821 0.012357 -0.012031
v -0.002794 0.012231 -0.012220
v -0.002751 0.012036 -0.012370
v -0.004718 0.010994 -0.012500
v -0.002697 0.011789 -0.012467
v -0.000508 0.012199 0.012467
v -0.002637 0.011516 0.012500
v -0.000548 0.012448 0.012370
v -0.000579 0.012645 0.012220
v -0.000599 0.012772 0.012031
v -0.000606 0.012816 0.011821
v -0.000606 0.012816 -0.011821
v -0.000599 0.012772 -0.012031
v -0.000579 0.012645 -0.012220
v -0.000548 0.012448 -0.012370
v -0.002637 0.011516 -0.012500
v -0.000508 0.012199 -0.012467
v 0.001771 0.012491 0.012467
v -0.000465 0.011922 0.012500
v 0.001746 0.012742 0.012370
v 0.001726 0.012941 0.012220
v 0.001713 0.013068 0.012031
v 0.001708 0.013113 0.011821
v 0.001708 0.013113 -0.011821
v 0.001713 0.013068 -0.012031
v 0.001726 0.012941 -0.012220
v 0.001746 0.012742 -0.012370
v -0.000465 0.011922 -0.012500
v 0.001771 0.012491 -0.012467
v 0.004141 0.012666 0.012467
v 0.001799 0.012212 0.012500
v 0.004129 0.012918 0.012370
v 0.004119 0.013118 0.012220
v 0.004113 0.013246 0.012031
v 0.004111 0.013290 0.011821
v 0.004111 0.013290 -0.011821
v 0.004113 0.013246 -0.012031
v 0.004119 0.013118 -0.012220
v 0.004129 0.012918 -0.012370
v 0.001799 0.012212 -0.012500
v 0.004141 0.012666 -0.012467
v 0.004155 0.012387 0.012500
v 0.004155 0.012387 -0.012500
v 0.003291 -0.031724 0.012467
v 0.002155 -0.032029 0.012500
v 0.002155 -0.031750 0.012467
v 0.003280 -0.031472 0.012370
v 0.002154 -0.031498 0.012370
v 0.003270 -0.031272 0.012220
v 0.002154 -0.031298 0.012220
v 0.003264 -0.031144 0.012031
v 0.002154 -0.031169 0.012031
v 0.003262 -0.031100 0.011821
v 0.002154 -0.031125 0.011821
v 0.003262 -0.031100 -0.011821
v 0.002154 -0.031125 -0.011821
v 0.002154 -0.031169 -0.012031
v 0.002154 -0.031298 -0.012220
v 0.003264 -0.031144 -0.012031
v 0.002154 -0.031498 -0.012370
v 0.003270 -0.031272 -0.012220
v 0.002155 -0.031750 -0.012467
v 0.003280 -0.031472 -0.012370
v 0.002155 -0.032029 -0.012500
v 0.003291 -0.031724 -0.012467
v 0.004391 -0.031646 0.012467
v 0.003304 -0.032003 0.012500
v 0.004367 -0.031395 0.012370
v 0.004348 -0.031196 0.012220
v 0.004335 -0.031068 0.012031
v 0.004331 -0.031024 0.011821
v 0.004331 -0.031024 -0.011821
v 0.004335 -0.031068 -0.012031
v 0.004348 -0.031196 -0.012220
v 0.004367 -0.031395 -0.012370
v 0.003304 -0.032003 -0.012500
v 0.004391 -0.031646 -0.012467
v 0.005453 -0.031517 0.012467
v 0.004418 -0.031925 0.012500
v 0.005416 -0.031268 0.012370
v 0.005387 -0.031070 0.012220
v 0.005368 -0.030943 0.012031
v 0.005361 -0.030899 0.011821
v 0.005361 -0.030899 -0.011821
v 0.005368 -0.030943 -0.012031
v 0.005387 -0.031070 -0.012220
v 0.005416 -0.031268 -0.012370
v 0.004418 -0.031925 -0.012500
v 0.005453 -0.031517 -0.012467
v 0.006478 -0.031336 0.012467
v 0.005494 -0.031794 0.012500
v 0.006428 -0.031089 0.012370
v 0.006387 -0.030893 0.012220
v 0.006362 -0.030767 0.012031
v 0.006353 -0.030724 0.011821
v 0.006353 -0.030724 -0.011821
v 0.006362 -0.030767 -0.012031
v 0.006387 -0.030893 -0.012220
v 0.006428 -0.031089 -0.012370
v 0.005494 -0.031794 -0.012500
v 0.006478 -0.031336 -0.012467
v 0.007467 -0.031104 0.012467
v 0.006535 -0.031610 0.012500
v 0.007402 -0.030860 0.012370
v 0.007350 -0.030667 0.012220
v 0.007317 -0.030543 0.012031
v 0.007306 -0.030500 0.011821
v 0.007306 -0.030500 -0.011821
v 0.007317 -0.030543 -0.012031
v 0.007350 -0.030667 -0.012220
v 0.007402 -0.030860 -0.012370
v 0.006535 -0.031610 -0.012500
v 0.007467 -0.031104 -0.012467
v 0.008418 -0.030821 0.012467
v 0.007538 -0.031374 0.012500
v 0.008338 -0.030581 0.012370
v 0.008275 -0.030391 0.012220
v 0.008235 -0.030269 0.012031
v 0.008221 -0.030227 0.011821
v 0.008221 -0.030227 -0.011821
v 0.008235 -0.030269 -0.012031
v 0.008275 -0.030391 -0.012220
v 0.008338 -0.030581 -0.012370
v 0.007538 -0.031374 -0.012500
v 0.008418 -0.030821 -0.012467
v 0.009332 -0.030486 0.012467
v 0.008506 -0.031086 0.012500
v 0.009238 -0.030252 0.012370
v 0.009163 -0.030066 0.012220
v 0.009115 -0.029947 0.012031
v 0.009099 -0.029906 0.011821
v 0.009099 -0.029906 -0.011821
v 0.009115 -0.029947 -0.012031
v 0.009163 -0.030066 -0.012220
v 0.009238 -0.030252 -0.012370
v 0.008506 -0.031086 -0.012500
v 0.009332 -0.030486 -0.012467
v 0.010210 -0.030100 0.012467
v 0.009437 -0.030745 0.012500
v 0.010101 -0.029873 0.012370
v 0.010015 -0.029692 0.012220
v 0.009959 -0.029576 0.012031
v 0.009940 -0.029536 0.011821
v 0.009940 -0.029536 -0.011821
v 0.009959 -0.029576 -0.012031
v 0.010015 -0.029692 -0.012220
v 0.010101 -0.029873 -0.012370
v 0.009437 -0.030745 -0.012500
v 0.010210 -0.030100 -0.012467
v 0.011052 -0.029663 0.012467
v 0.010331 -0.030352 0.012500
v 0.010928 -0.029443 0.012370
v 0.010830 -0.029269 0.012220
v 0.010767 -0.029157 0.012031
v 0.010745 -0.029118 0.011821
v 0.010745 -0.029118 -0.011821
v 0.010767 -0.029157 -0.012031
v 0.010830 -0.029269 -0.012220
v 0.010928 -0.029443 -0.012370
v 0.010331 -0.030352 -0.012500
v 0.011052 -0.029663 -0.012467
v 0.011857 -0.029175 0.012467
v 0.011189 -0.029907 0.012500
v 0.011719 -0.028964 0.012370
v 0.011610 -0.028796 0.012220
v 0.011539 -0.028688 0.012031
v 0.011515 -0.028651 0.011821
v 0.011515 -0.028651 -0.011821
v 0.011539 -0.028688 -0.012031
v 0.011610 -0.028796 -0.012220
v 0.011719 -0.028964 -0.012370
v 0.011189 -0.029907 -0.012500
v 0.011857 -0.029175 -0.012467
v 0.012795 -0.028859 0.012500
v 0.012010 -0.029409 0.012500
v 0.012626 -0.028635 0.012467
v 0.012475 -0.028434 0.012370
v 0.012355 -0.028274 0.012220
v 0.012277 -0.028171 0.012031
v 0.012251 -0.028135 -0.011821
v 0.012277 -0.028171 -0.012031
v 0.012355 -0.028274 -0.012220
v 0.012475 -0.028434 -0.012370
v 0.012626 -0.028635 -0.012467
v 0.012795 -0.028859 -0.012500
v 0.012010 -0.029409 -0.012500
v 0.013360 -0.028044 0.012467
v 0.013195 -0.027853 0.012370
v 0.013064 -0.027702 0.012220
v 0.012980 -0.027605 0.012031
v 0.012951 -0.027571 0.011821
v 0.012251 -0.028135 0.011821
v 0.012951 -0.027571 -0.011821
v 0.012980 -0.027605 -0.012031
v 0.013064 -0.027702 -0.012220
v 0.013195 -0.027853 -0.012370
v 0.013360 -0.028044 -0.012467
v 0.014045 -0.027410 0.012467
v 0.013543 -0.028256 0.012500
v 0.013867 -0.027231 0.012370
v 0.013726 -0.027090 0.012220
v 0.013635 -0.026999 0.012031
v 0.013604 -0.026967 0.011821
v 0.013604 -0.026967 -0.011821
v 0.013635 -0.026999 -0.012031
v 0.013726 -0.027090 -0.012220
v 0.013867 -0.027231 -0.012370
v 0.013543 -0.028256 -0.012500
v 0.014045 -0.027410 -0.012467
v 0.014670 -0.026740 0.012467
v 0.014242 -0.027608 0.012500
v 0.014479 -0.026575 0.012370
v 0.014327 -0.026445 0.012220
v 0.014230 -0.026361 0.012031
v 0.014196 -0.026332 0.011821
v 0.014196 -0.026332 -0.011821
v 0.014230 -0.026361 -0.012031
v 0.014327 -0.026445 -0.012220
v 0.014479 -0.026575 -0.012370
v 0.014242 -0.027608 -0.012500
v 0.014670 -0.026740 -0.012467
v 0.015234 -0.026035 0.012467
v 0.014881 -0.026923 0.012500
v 0.015031 -0.025885 0.012370
v 0.014870 -0.025766 0.012220
v 0.014767 -0.025689 0.012031
v 0.014731 -0.025663 0.011821
v 0.014731 -0.025663 -0.011821
v 0.014767 -0.025689 -0.012031
v 0.014870 -0.025766 -0.012220
v 0.015031 -0.025885 -0.012370
v 0.014881 -0.026923 -0.012500
v 0.015234 -0.026035 -0.012467
v 0.015739 -0.025292 0.012467
v 0.015459 -0.026201 0.012500
v 0.015525 -0.025159 0.012370
v 0.015355 -0.025053 0.012220
v 0.015246 -0.024985 0.012031
v 0.015209 -0.024961 0.011821
v 0.015209 -0.024961 -0.011821
v 0.015246 -0.024985 -0.012031
v 0.015355 -0.025053 -0.012220
v 0.015525 -0.025159 -0.012370
v 0.015459 -0.026201 -0.012500
v 0.015739 -0.025292 -0.012467
v 0.016432 -0.024643 0.012500
v 0.015976 -0.025441 0.012500
v 0.016184 -0.024514 0.012467
v 0.015961 -0.024397 0.012370
v 0.015783 -0.024305 0.012220
v 0.015669 -0.024245 0.012031
v 0.015630 -0.024225 -0.011821
v 0.015669 -0.024245 -0.012031
v 0.015783 -0.024305 -0.012220
v 0.015961 -0.024397 -0.012370
v 0.016184 -0.024514 -0.012467
v 0.016432 -0.024643 -0.012500
v 0.015976 -0.025441 -0.012500
v 0.016828 -0.023808 0.012500
v 0.016571 -0.023698 0.012467
v 0.016339 -0.023599 0.012370
v 0.016155 -0.023520 0.012220
v 0.015630 -0.024225 0.011821
v 0.016037 -0.023470 0.012031
v 0.015996 -0.023452 -0.011821
v 0.016037 -0.023470 -0.012031
v 0.016155 -0.023520 -0.012220
v 0.016339 -0.023599 -0.012370
v 0.016571 -0.023698 -0.012467
v 0.016828 -0.023808 -0.012500
v 0.017162 -0.022936 0.012500
v 0.016898 -0.022846 0.012467
v 0.016659 -0.022764 0.012370
v 0.016470 -0.022699 0.012220
v 0.015996 -0.023452 0.011821
v 0.016348 -0.022658 0.012031
v 0.016306 -0.022644 -0.011821
v 0.016348 -0.022658 -0.012031
v 0.016470 -0.022699 -0.012220
v 0.016659 -0.022764 -0.012370
v 0.016898 -0.022846 -0.012467
v 0.017162 -0.022936 -0.012500
v 0.017436 -0.022027 0.012500
v 0.017166 -0.021956 0.012467
v 0.016922 -0.021891 0.012370
v 0.016728 -0.021841 0.012220
v 0.016306 -0.022644 0.011821
v 0.016604 -0.021808 0.012031
v 0.016561 -0.021797 -0.011821
v 0.016604 -0.021808 -0.012031
v 0.016728 -0.021841 -0.012220
v 0.016922 -0.021891 -0.012370
v 0.017166 -0.021956 -0.012467
v 0.017436 -0.022027 -0.012500
v 0.017649 -0.021079 0.012500
v 0.017374 -0.021027 0.012467
v 0.017126 -0.020980 0.012370
v 0.016930 -0.020943 0.012220
v 0.016561 -0.021797 0.011821
v 0.016804 -0.020919 0.012031
v 0.016760 -0.020911 -0.011821
v 0.016804 -0.020919 -0.012031
v 0.016930 -0.020943 -0.012220
v 0.017126 -0.020980 -0.012370
v 0.017374 -0.021027 -0.012467
v 0.017649 -0.021079 -0.012500
v 0.017801 -0.020095 0.012500
v 0.017524 -0.020061 0.012467
v 0.017273 -0.020031 0.012370
v 0.017075 -0.020006 0.012220
v 0.016760 -0.020911 0.011821
v 0.016947 -0.019991 0.012031
v 0.016903 -0.019985 -0.011821
v 0.016947 -0.019991 -0.012031
v 0.017075 -0.020006 -0.012220
v 0.017273 -0.020031 -0.012370
v 0.017524 -0.020061 -0.012467
v 0.017801 -0.020095 -0.012500
v 0.017892 -0.019073 0.012500
v 0.017613 -0.019056 0.012467
v 0.017362 -0.019042 0.012370
v 0.017162 -0.019030 0.012220
v 0.016903 -0.019985 0.011821
v 0.017033 -0.019022 0.012031
v 0.016989 -0.019020 -0.011821
v 0.017033 -0.019022 -0.012031
v 0.017162 -0.019030 -0.012220
v 0.017362 -0.019042 -0.012370
v 0.017613 -0.019056 -0.012467
v 0.017892 -0.019073 -0.012500
v 0.017923 -0.018013 0.012500
v 0.017643 -0.018013 0.012467
v 0.017391 -0.018013 0.012370
v 0.017191 -0.018013 0.012220
v 0.016989 -0.019020 0.011821
v 0.017062 -0.018013 0.012031
v 0.017018 -0.018013 -0.011821
v 0.017062 -0.018013 -0.012031
v 0.017191 -0.018013 -0.012220
v 0.017391 -0.018013 -0.012370
v 0.017643 -0.018013 -0.012467
v 0.017923 -0.018013 -0.012500
v 0.017613 -0.016970 0.012467
v 0.017362 -0.016985 0.012370
v 0.017162 -0.016996 0.012220
v 0.017033 -0.017004 0.012031
v 0.016989 -0.017007 0.011821
v 0.017018 -0.018013 0.011821
v 0.016989 -0.017007 -0.011821
v 0.017033 -0.017004 -0.012031
v 0.017162 -0.016997 -0.012220
v 0.017362 -0.016985 -0.012370
v 0.017613 -0.016970 -0.012467
v 0.017524 -0.015964 0.012467
v 0.017892 -0.016953 0.012500
v 0.017273 -0.015994 0.012370
v 0.017074 -0.016018 0.012220
v 0.016947 -0.016034 0.012031
v 0.016903 -0.016039 0.011821
v 0.016903 -0.016039 -0.011821
v 0.016947 -0.016034 -0.012031
v 0.017074 -0.016018 -0.012220
v 0.017273 -0.015994 -0.012370
v 0.017892 -0.016953 -0.012500
v 0.017524 -0.015964 -0.012467
v 0.017374 -0.014995 0.012467
v 0.017801 -0.015930 0.012500
v 0.017126 -0.015042 0.012370
v 0.016930 -0.015079 0.012220
v 0.016803 -0.015103 0.012031
v 0.016760 -0.015111 0.011821
v 0.016760 -0.015111 -0.011821
v 0.016803 -0.015103 -0.012031
v 0.016930 -0.015079 -0.012220
v 0.017126 -0.015042 -0.012370
v 0.017801 -0.015930 -0.012500
v 0.017374 -0.014995 -0.012467
v 0.017166 -0.014063 0.012467
v 0.017649 -0.014943 0.012500
v 0.016922 -0.014127 0.012370
v 0.016728 -0.014178 0.012220
v 0.016604 -0.014210 0.012031
v 0.016561 -0.014222 0.011821
v 0.016561 -0.014222 -0.011821
v 0.016604 -0.014210 -0.012031
v 0.016728 -0.014178 -0.012220
v 0.016922 -0.014127 -0.012370
v 0.017649 -0.014943 -0.012500
v 0.017166 -0.014063 -0.012467
v 0.016898 -0.013169 0.012467
v 0.017436 -0.013993 0.012500
v 0.016659 -0.013250 0.012370
v 0.016469 -0.013314 0.012220
v 0.016348 -0.013356 0.012031
v 0.016306 -0.013370 0.011821
v 0.016306 -0.013370 -0.011821
v 0.016348 -0.013356 -0.012031
v 0.016469 -0.013314 -0.012220
v 0.016659 -0.013250 -0.012370
v 0.017436 -0.013993 -0.012500
v 0.016898 -0.013169 -0.012467
v 0.016570 -0.012311 0.012467
v 0.017162 -0.013079 0.012500
v 0.016338 -0.012410 0.012370
v 0.016154 -0.012488 0.012220
v 0.016036 -0.012538 0.012031
v 0.015995 -0.012555 0.011821
v 0.015995 -0.012555 -0.011821
v 0.016036 -0.012538 -0.012031
v 0.016154 -0.012488 -0.012220
v 0.016338 -0.012410 -0.012370
v 0.017162 -0.013079 -0.012500
v 0.016570 -0.012311 -0.012467
v 0.016184 -0.011489 0.012467
v 0.016828 -0.012201 0.012500
v 0.015960 -0.011605 0.012370
v 0.015782 -0.011697 0.012220
v 0.015668 -0.011756 0.012031
v 0.015629 -0.011777 0.011821
v 0.015629 -0.011777 -0.011821
v 0.015668 -0.011756 -0.012031
v 0.015782 -0.011697 -0.012220
v 0.015960 -0.011605 -0.012370
v 0.016828 -0.012201 -0.012500
v 0.016184 -0.011489 -0.012467
v 0.015738 -0.010703 0.012467
v 0.016432 -0.011361 0.012500
v 0.015524 -0.010836 0.012370
v 0.015354 -0.010941 0.012220
v 0.015244 -0.011009 0.012031
v 0.015207 -0.011032 0.011821
v 0.015207 -0.011032 -0.011821
v 0.015244 -0.011009 -0.012031
v 0.015354 -0.010941 -0.012220
v 0.015524 -0.010836 -0.012370
v 0.016432 -0.011361 -0.012500
v 0.015738 -0.010703 -0.012467
v 0.015459 -0.009788 0.012500
v 0.015976 -0.010556 0.012500
v 0.015233 -0.009953 0.012467
v 0.015029 -0.010102 0.012370
v 0.014868 -0.010220 0.012220
v 0.014764 -0.010296 0.012031
v 0.014728 -0.010322 -0.011821
v 0.014764 -0.010296 -0.012031
v 0.014868 -0.010220 -0.012220
v 0.015029 -0.010102 -0.012370
v 0.015233 -0.009953 -0.012467
v 0.015459 -0.009788 -0.012500
v 0.015976 -0.010556 -0.012500
v 0.014881 -0.009057 0.012500
v 0.014668 -0.009238 0.012467
v 0.014476 -0.009402 0.012370
v 0.014324 -0.009532 0.012220
v 0.014728 -0.010322 0.011821
v 0.014226 -0.009615 0.012031
v 0.014192 -0.009644 -0.011821
v 0.014226 -0.009615 -0.012031
v 0.014324 -0.009532 -0.012220
v 0.014476 -0.009402 -0.012370
v 0.014668 -0.009238 -0.012467
v 0.014881 -0.009057 -0.012500
v 0.014242 -0.008362 0.012500
v 0.014043 -0.008558 0.012467
v 0.013864 -0.008736 0.012370
v 0.013722 -0.008877 0.012220
v 0.014192 -0.009644 0.011821
v 0.013630 -0.008967 0.012031
v 0.013599 -0.008998 -0.011821
v 0.013630 -0.008967 -0.012031
v 0.013722 -0.008877 -0.012220
v 0.013864 -0.008736 -0.012370
v 0.014043 -0.008558 -0.012467
v 0.014242 -0.008362 -0.012500
v 0.013543 -0.007703 0.012500
v 0.013358 -0.007914 0.012467
v 0.013192 -0.008103 0.012370
v 0.013060 -0.008254 0.012220
v 0.013599 -0.008998 0.011821
v 0.012975 -0.008350 0.012031
v 0.012946 -0.008384 0.011821
v 0.012975 -0.008350 -0.012031
v 0.013060 -0.008254 -0.012220
v 0.013192 -0.008103 -0.012370
v 0.013358 -0.007914 -0.012467
v 0.013543 -0.007703 -0.012500
v 0.012793 -0.007090 0.012500
v 0.012623 -0.007312 0.012467
v 0.012470 -0.007513 0.012370
v 0.012349 -0.007672 0.012220
v 0.012271 -0.007775 0.012031
v 0.012244 -0.007810 -0.011821
v 0.012946 -0.008384 -0.011821
v 0.012271 -0.007775 -0.012031
v 0.012349 -0.007672 -0.012220
v 0.012470 -0.007513 -0.012370
v 0.012623 -0.007312 -0.012467
v 0.012793 -0.007090 -0.012500
v 0.012002 -0.006530 0.012500
v 0.011849 -0.006763 0.012467
v 0.011710 -0.006974 0.012370
v 0.011600 -0.007141 0.012220
v 0.012244 -0.007810 0.011821
v 0.011529 -0.007249 0.012031
v 0.011505 -0.007286 -0.011821
v 0.011529 -0.007249 -0.012031
v 0.011600 -0.007141 -0.012220
v 0.011710 -0.006974 -0.012370
v 0.011849 -0.006763 -0.012467
v 0.012002 -0.006530 -0.012500
v 0.011172 -0.006023 0.012500
v 0.011034 -0.006267 0.012467
v 0.010910 -0.006486 0.012370
v 0.010812 -0.006661 0.012220
v 0.011505 -0.007286 0.011821
v 0.010749 -0.006772 0.012031
v 0.010727 -0.006811 -0.011821
v 0.010749 -0.006772 -0.012031
v 0.010812 -0.006661 -0.012220
v 0.010910 -0.006486 -0.012370
v 0.011034 -0.006267 -0.012467
v 0.011172 -0.006023 -0.012500
v 0.010301 -0.005570 0.012500
v 0.010180 -0.005822 0.012467
v 0.010071 -0.006049 0.012370
v 0.009984 -0.006230 0.012220
v 0.010727 -0.006811 0.011821
v 0.009929 -0.006346 0.012031
v 0.009910 -0.006386 -0.011821
v 0.009929 -0.006346 -0.012031
v 0.009984 -0.006230 -0.012220
v 0.010071 -0.006049 -0.012370
v 0.010180 -0.005822 -0.012467
v 0.010301 -0.005570 -0.012500
v 0.009390 -0.005170 0.012500
v 0.009286 -0.005429 0.012467
v 0.009192 -0.005663 0.012370
v 0.009117 -0.005849 0.012220
v 0.009910 -0.006386 0.011821
v 0.009069 -0.005968 0.012031
v 0.009053 -0.006009 -0.011821
v 0.009069 -0.005968 -0.012031
v 0.009117 -0.005849 -0.012220
v 0.009192 -0.005663 -0.012370
v 0.009286 -0.005429 -0.012467
v 0.009390 -0.005170 -0.012500
v 0.008438 -0.004823 0.012500
v 0.008351 -0.005088 0.012467
v 0.008272 -0.005328 0.012370
v 0.008209 -0.005518 0.012220
v 0.009053 -0.006009 0.011821
v 0.008169 -0.005640 0.012031
v 0.008155 -0.005682 -0.011821
v 0.008169 -0.005640 -0.012031
v 0.008209 -0.005518 -0.012220
v 0.008272 -0.005328 -0.012370
v 0.008351 -0.005088 -0.012467
v 0.008438 -0.004823 -0.012500
v 0.007447 -0.004529 0.012500
v 0.007375 -0.004800 0.012467
v 0.007311 -0.005044 0.012370
v 0.007260 -0.005237 0.012220
v 0.008155 -0.005682 0.011821
v 0.007227 -0.005361 0.012031
v 0.007216 -0.005404 -0.011821
v 0.007227 -0.005361 -0.012031
v 0.007260 -0.005237 -0.012220
v 0.007311 -0.005044 -0.012370
v 0.007375 -0.004800 -0.012467
v 0.007447 -0.004529 -0.012500
v 0.006415 -0.004289 0.012500
v 0.006359 -0.004563 0.012467
v 0.006309 -0.004810 0.012370
v 0.006269 -0.005007 0.012220
v 0.007216 -0.005404 0.011821
v 0.006244 -0.005132 0.012031
v 0.006235 -0.005176 -0.011821
v 0.006244 -0.005132 -0.012031
v 0.006269 -0.005007 -0.012220
v 0.006309 -0.004810 -0.012370
v 0.006359 -0.004563 -0.012467
v 0.006415 -0.004289 -0.012500
v 0.005343 -0.004103 0.012500
v 0.005302 -0.004379 0.012467
v 0.005266 -0.004629 0.012370
v 0.005236 -0.004827 0.012220
v 0.006235 -0.005176 0.011821
v 0.005218 -0.004954 0.012031
v 0.005211 -0.004998 -0.011821
v 0.005218 -0.004954 -0.012031
v 0.005236 -0.004827 -0.012220
v 0.005266 -0.004629 -0.012370
v 0.005302 -0.004379 -0.012467
v 0.005343 -0.004103 -0.012500
v 0.004231 -0.003969 0.012500
v 0.004204 -0.004248 0.012467
v 0.004180 -0.004499 0.012370
v 0.004162 -0.004698 0.012220
v 0.005211 -0.004998 0.011821
v 0.004150 -0.004826 0.012031
v 0.004145 -0.004870 0.011821
v 0.004150 -0.004826 -0.012031
v 0.004162 -0.004698 -0.012220
v 0.004180 -0.004499 -0.012370
v 0.004204 -0.004248 -0.012467
v 0.004231 -0.003969 -0.012500
v 0.003078 -0.003889 0.012500
v 0.003065 -0.004168 0.012467
v 0.003054 -0.004420 0.012370
v 0.003044 -0.004620 0.012220
v 0.003039 -0.004749 0.012031
v 0.003037 -0.004793 -0.011821
v 0.004145 -0.004870 -0.011821
v 0.003039 -0.004749 -0.012031
v 0.003044 -0.004620 -0.012220
v 0.003054 -0.004420 -0.012370
v 0.003065 -0.004168 -0.012467
v 0.003078 -0.003889 -0.012500
v 0.001885 -0.003863 0.012500
v 0.001885 -0.004142 0.012467
v 0.001885 -0.004394 0.012370
v 0.001886 -0.004594 0.012220
v 0.003037 -0.004793 0.011821
v 0.001886 -0.004723 0.012031
v 0.001886 -0.004767 0.011821
v 0.001886 -0.004723 -0.012031
v 0.001886 -0.004594 -0.012220
v 0.001885 -0.004394 -0.012370
v 0.001885 -0.004142 -0.012467
v 0.001885 -0.003863 -0.012500
v 0.000726 -0.004169 0.012467
v 0.000738 -0.004421 0.012370
v 0.000748 -0.004621 0.012220
v 0.000754 -0.004749 0.012031
v 0.000756 -0.004794 0.011821
v 0.000756 -0.004794 -0.011821
v 0.001886 -0.004767 -0.011821
v 0.000754 -0.004749 -0.012031
v 0.000748 -0.004621 -0.012220
v 0.000738 -0.004421 -0.012370
v 0.000726 -0.004169 -0.012467
v -0.000397 -0.004251 0.012467
v 0.000712 -0.003890 0.012500
v -0.000372 -0.004502 0.012370
v -0.000353 -0.004701 0.012220
v -0.000340 -0.004829 0.012031
v -0.000335 -0.004873 0.011821
v -0.000335 -0.004873 -0.011821
v -0.000340 -0.004829 -0.012031
v -0.000353 -0.004701 -0.012220
v -0.000372 -0.004502 -0.012370
v 0.000712 -0.003890 -0.012500
v -0.000397 -0.004251 -0.012467
v -0.001484 -0.004387 0.012467
v -0.000425 -0.003973 0.012500
v -0.001446 -0.004637 0.012370
v -0.001415 -0.004834 0.012220
v -0.001396 -0.004961 0.012031
v -0.001389 -0.005005 0.011821
v -0.001389 -0.005005 -0.011821
v -0.001396 -0.004961 -0.012031
v -0.001415 -0.004834 -0.012220
v -0.001446 -0.004637 -0.012370
v -0.000425 -0.003973 -0.012500
v -0.001484 -0.004387 -0.012467
v -0.002534 -0.004578 0.012467
v -0.001526 -0.004111 0.012500
v -0.002482 -0.004825 0.012370
v -0.002441 -0.005020 0.012220
v -0.002415 -0.005146 0.012031
v -0.002405 -0.005189 0.011821
v -0.002405 -0.005189 -0.011821
v -0.002415 -0.005146 -0.012031
v -0.002441 -0.005020 -0.012220
v -0.002482 -0.004825 -0.012370
v -0.001526 -0.004111 -0.012500
v -0.002534 -0.004578 -0.012467
v -0.003549 -0.004822 0.012467
v -0.002592 -0.004304 0.012500
v -0.003483 -0.005066 0.012370
v -0.003430 -0.005259 0.012220
v -0.003396 -0.005383 0.012031
v -0.003384 -0.005426 0.011821
v -0.003384 -0.005426 -0.011821
v -0.003396 -0.005383 -0.012031
v -0.003430 -0.005259 -0.012220
v -0.003483 -0.005066 -0.012370
v -0.002592 -0.004304 -0.012500
v -0.003549 -0.004822 -0.012467
v -0.004528 -0.005121 0.012467
v -0.003623 -0.004553 0.012500
v -0.004447 -0.005360 0.012370
v -0.004382 -0.005550 0.012220
v -0.004341 -0.005671 0.012031
v -0.004327 -0.005713 0.011821
v -0.004327 -0.005713 -0.011821
v -0.004341 -0.005671 -0.012031
v -0.004382 -0.005550 -0.012220
v -0.004447 -0.005360 -0.012370
v -0.003623 -0.004553 -0.012500
v -0.004528 -0.005121 -0.012467
v -0.005471 -0.005474 0.012467
v -0.004617 -0.004856 0.012500
v -0.005375 -0.005707 0.012370
v -0.005299 -0.005892 0.012220
v -0.005250 -0.006011 0.012031
v -0.005233 -0.006052 0.011821
v -0.005233 -0.006052 -0.011821
v -0.005250 -0.006011 -0.012031
v -0.005299 -0.005892 -0.012220
v -0.005375 -0.005707 -0.012370
v -0.004617 -0.004856 -0.012500
v -0.005471 -0.005474 -0.012467
v -0.006378 -0.005881 0.012467
v -0.005577 -0.005215 0.012500
v -0.006267 -0.006108 0.012370
v -0.006180 -0.006287 0.012220
v -0.006123 -0.006403 0.012031
v -0.006104 -0.006443 0.011821
v -0.006104 -0.006443 -0.011821
v -0.006123 -0.006403 -0.012031
v -0.006180 -0.006287 -0.012220
v -0.006267 -0.006108 -0.012370
v -0.005577 -0.005215 -0.012500
v -0.006378 -0.005881 -0.012467
v -0.007250 -0.006342 0.012467
v -0.006501 -0.005630 0.012500
v -0.007125 -0.006561 0.012370
v -0.007026 -0.006735 0.012220
v -0.006962 -0.006846 0.012031
v -0.006940 -0.006885 0.011821
v -0.006940 -0.006885 -0.011821
v -0.006962 -0.006846 -0.012031
v -0.007026 -0.006735 -0.012220
v -0.007125 -0.006561 -0.012370
v -0.006501 -0.005630 -0.012500
v -0.007250 -0.006342 -0.012467
v -0.008087 -0.006857 0.012467
v -0.007389 -0.006099 0.012500
v -0.007948 -0.007067 0.012370
v -0.007837 -0.007234 0.012220
v -0.007767 -0.007341 0.012031
v -0.007742 -0.007378 0.011821
v -0.007742 -0.007378 -0.011821
v -0.007767 -0.007341 -0.012031
v -0.007837 -0.007234 -0.012220
v -0.007948 -0.007067 -0.012370
v -0.007389 -0.006099 -0.012500
v -0.008087 -0.006857 -0.012467
v -0.009058 -0.007203 0.012500
v -0.008241 -0.006623 0.012500
v -0.008889 -0.007426 0.012467
v -0.008737 -0.007627 0.012370
v -0.008615 -0.007786 0.012220
v -0.008538 -0.007888 0.012031
v -0.008511 -0.007924 -0.011821
v -0.008538 -0.007888 -0.012031
v -0.008615 -0.007786 -0.012220
v -0.008737 -0.007627 -0.012370
v -0.008889 -0.007426 -0.012467
v -0.009058 -0.007203 -0.012500
v -0.008241 -0.006623 -0.012500
v -0.009840 -0.007838 0.012500
v -0.009657 -0.008049 0.012467
v -0.009491 -0.008240 0.012370
v -0.009360 -0.008391 0.012220
v -0.008511 -0.007924 0.011821
v -0.009276 -0.008488 0.012031
v -0.009247 -0.008522 -0.011821
v -0.009276 -0.008488 -0.012031
v -0.009360 -0.008391 -0.012220
v -0.009491 -0.008240 -0.012370
v -0.009657 -0.008049 -0.012467
v -0.009840 -0.007838 -0.012500
v -0.010375 -0.008715 0.012467
v -0.010197 -0.008894 0.012370
v -0.010056 -0.009036 0.012220
v -0.009966 -0.009127 0.012031
v -0.009935 -0.009159 0.011821
v -0.009247 -0.008522 0.011821
v -0.009935 -0.009159 -0.011821
v -0.009966 -0.009127 -0.012031
v -0.010056 -0.009036 -0.012220
v -0.010197 -0.008894 -0.012370
v -0.010375 -0.008715 -0.012467
v -0.011030 -0.009410 0.012467
v -0.010572 -0.008516 0.012500
v -0.010840 -0.009576 0.012370
v -0.010690 -0.009708 0.012220
v -0.010593 -0.009793 0.012031
v -0.010560 -0.009822 0.011821
v -0.010560 -0.009822 -0.011821
v -0.010593 -0.009793 -0.012031
v -0.010690 -0.009708 -0.012220
v -0.010840 -0.009576 -0.012370
v -0.010572 -0.008516 -0.012500
v -0.011030 -0.009410 -0.012467
v -0.011622 -0.010134 0.012467
v -0.011240 -0.009225 0.012500
v -0.011421 -0.010286 0.012370
v -0.011261 -0.010407 0.012220
v -0.011159 -0.010485 0.012031
v -0.011123 -0.010512 0.011821
v -0.011123 -0.010512 -0.011821
v -0.011159 -0.010485 -0.012031
v -0.011261 -0.010407 -0.012220
v -0.011421 -0.010286 -0.012370
v -0.011240 -0.009225 -0.012500
v -0.011622 -0.010134 -0.012467
v -0.012151 -0.010888 0.012467
v -0.011844 -0.009965 0.012500
v -0.011939 -0.011025 0.012370
v -0.011771 -0.011134 0.012220
v -0.011663 -0.011204 0.012031
v -0.011626 -0.011228 0.011821
v -0.011626 -0.011228 -0.011821
v -0.011663 -0.011204 -0.012031
v -0.011771 -0.011134 -0.012220
v -0.011939 -0.011025 -0.012370
v -0.011844 -0.009965 -0.012500
v -0.012151 -0.010888 -0.012467
v -0.012617 -0.011671 0.012467
v -0.012385 -0.010736 0.012500
v -0.012396 -0.011792 0.012370
v -0.012220 -0.011888 0.012220
v -0.012107 -0.011949 0.012031
v -0.012068 -0.011971 0.011821
v -0.012068 -0.011971 -0.011821
v -0.012107 -0.011949 -0.012031
v -0.012220 -0.011888 -0.012220
v -0.012396 -0.011792 -0.012370
v -0.012385 -0.010736 -0.012500
v -0.012617 -0.011671 -0.012467
v -0.013021 -0.012485 0.012467
v -0.012863 -0.011537 0.012500
v -0.012791 -0.012588 0.012370
v -0.012609 -0.012671 0.012220
v -0.012492 -0.012723 0.012031
v -0.012451 -0.012742 0.011821
v -0.012451 -0.012742 -0.011821
v -0.012492 -0.012723 -0.012031
v -0.012609 -0.012671 -0.012220
v -0.012791 -0.012588 -0.012370
v -0.012863 -0.011537 -0.012500
v -0.013021 -0.012485 -0.012467
v -0.013626 -0.013233 0.012500
v -0.013276 -0.012370 0.012500
v -0.013364 -0.013329 0.012467
v -0.013126 -0.013414 0.012370
v -0.012938 -0.013483 0.012220
v -0.012817 -0.013526 0.012031
v -0.012776 -0.013541 -0.011821
v -0.012817 -0.013526 -0.012031
v -0.012938 -0.013483 -0.012220
v -0.013126 -0.013414 -0.012370
v -0.013364 -0.013329 -0.012467
v -0.013626 -0.013233 -0.012500
v -0.013276 -0.012370 -0.012500
v -0.013913 -0.014128 0.012500
v -0.013644 -0.014203 0.012467
v -0.013401 -0.014271 0.012370
v -0.013208 -0.014325 0.012220
v -0.012776 -0.013541 0.011821
v -0.013084 -0.014360 0.012031
v -0.013041 -0.014372 -0.011821
v -0.013084 -0.014360 -0.012031
v -0.013208 -0.014325 -0.012220
v -0.013401 -0.014271 -0.012370
v -0.013644 -0.014203 -0.012467
v -0.013913 -0.014128 -0.012500
v -0.014136 -0.015053 0.012500
v -0.013862 -0.015108 0.012467
v -0.013614 -0.015159 0.012370
v -0.013418 -0.015199 0.012220
v -0.013041 -0.014372 0.011821
v -0.013292 -0.015224 0.012031
v -0.013249 -0.015233 -0.011821
v -0.013292 -0.015224 -0.012031
v -0.013418 -0.015199 -0.012220
v -0.013614 -0.015159 -0.012370
v -0.013862 -0.015108 -0.012467
v -0.014136 -0.015053 -0.012500
v -0.014295 -0.016009 0.012500
v -0.014017 -0.016045 0.012467
v -0.013767 -0.016078 0.012370
v -0.013569 -0.016104 0.012220
v -0.013249 -0.015233 0.011821
v -0.013441 -0.016121 0.012031
v -0.013398 -0.016127 -0.011821
v -0.013441 -0.016121 -0.012031
v -0.013569 -0.016104 -0.012220
v -0.013767 -0.016078 -0.012370
v -0.014017 -0.016045 -0.012467
v -0.014295 -0.016009 -0.012500
v -0.014390 -0.016996 0.012500
v -0.014111 -0.017013 0.012467
v -0.013859 -0.017030 0.012370
v -0.013660 -0.017042 0.012220
v -0.013398 -0.016127 0.011821
v -0.013531 -0.017050 0.012031
v -0.013487 -0.017053 -0.011821
v -0.013531 -0.017050 -0.012031
v -0.013660 -0.017042 -0.012220
v -0.013859 -0.017030 -0.012370
v -0.014111 -0.017013 -0.012467
v -0.014390 -0.016996 -0.012500
v -0.014422 -0.018013 0.012500
v -0.014142 -0.018014 0.012467
v -0.013890 -0.018014 0.012370
v -0.013690 -0.018014 0.012220
v -0.013487 -0.017053 0.011821
v -0.013562 -0.018014 0.012031
v -0.013517 -0.018014 -0.011821
v -0.013562 -0.018014 -0.012031
v -0.013690 -0.018014 -0.012220
v -0.013890 -0.018014 -0.012370
v -0.014142 -0.018014 -0.012467
v -0.014422 -0.018013 -0.012500
v -0.014112 -0.019013 0.012467
v -0.013860 -0.018998 0.012370
v -0.013661 -0.018985 0.012220
v -0.013532 -0.018977 0.012031
v -0.013488 -0.018975 0.011821
v -0.013517 -0.018014 0.011821
v -0.013488 -0.018975 -0.011821
v -0.013532 -0.018977 -0.012031
v -0.013661 -0.018985 -0.012220
v -0.013860 -0.018998 -0.012370
v -0.014112 -0.019013 -0.012467
v -0.014021 -0.019981 0.012467
v -0.014391 -0.019031 0.012500
v -0.013771 -0.019949 0.012370
v -0.013572 -0.019923 0.012220
v -0.013445 -0.019907 0.012031
v -0.013401 -0.019901 0.011821
v -0.013401 -0.019901 -0.011821
v -0.013445 -0.019907 -0.012031
v -0.013572 -0.019923 -0.012220
v -0.013771 -0.019949 -0.012370
v -0.014391 -0.019031 -0.012500
v -0.014021 -0.019981 -0.012467
v -0.013870 -0.020916 0.012467
v -0.014298 -0.020016 0.012500
v -0.013622 -0.020867 0.012370
v -0.013426 -0.020828 0.012220
v -0.013300 -0.020803 0.012031
v -0.013256 -0.020794 0.011821
v -0.013256 -0.020794 -0.011821
v -0.013300 -0.020803 -0.012031
v -0.013426 -0.020828 -0.012220
v -0.013622 -0.020867 -0.012370
v -0.014298 -0.020016 -0.012500
v -0.013870 -0.020916 -0.012467
v -0.013658 -0.021818 0.012467
v -0.014144 -0.020970 0.012500
v -0.013415 -0.021752 0.012370
v -0.013222 -0.021699 0.012220
v -0.013098 -0.021665 0.012031
v -0.013055 -0.021653 0.011821
v -0.013055 -0.021653 -0.011821
v -0.013098 -0.021665 -0.012031
v -0.013222 -0.021699 -0.012220
v -0.013415 -0.021752 -0.012370
v -0.014144 -0.020970 -0.012500
v -0.013658 -0.021818 -0.012467
v -0.013386 -0.022689 0.012467
v -0.013928 -0.021892 0.012500
v -0.013148 -0.022605 0.012370
v -0.012960 -0.022538 0.012220
v -0.012838 -0.022495 0.012031
v -0.012797 -0.022480 0.011821
v -0.012797 -0.022480 -0.011821
v -0.012838 -0.022495 -0.012031
v -0.012960 -0.022538 -0.012220
v -0.013148 -0.022605 -0.012370
v -0.013928 -0.021892 -0.012500
v -0.013386 -0.022689 -0.012467
v -0.013054 -0.023527 0.012467
v -0.013650 -0.022782 0.012500
v -0.012823 -0.023426 0.012370
v -0.012640 -0.023345 0.012220
v -0.012522 -0.023293 0.012031
v -0.012482 -0.023276 0.011821
v -0.012482 -0.023276 -0.011821
v -0.012522 -0.023293 -0.012031
v -0.012640 -0.023345 -0.012220
v -0.012823 -0.023426 -0.012370
v -0.013650 -0.022782 -0.012500
v -0.013054 -0.023527 -0.012467
v -0.012662 -0.024335 0.012467
v -0.013310 -0.023640 0.012500
v -0.012439 -0.024216 0.012370
v -0.012263 -0.024122 0.012220
v -0.012149 -0.024061 0.012031
v -0.012110 -0.024040 0.011821
v -0.012110 -0.024040 -0.011821
v -0.012149 -0.024061 -0.012031
v -0.012263 -0.024122 -0.012220
v -0.012439 -0.024216 -0.012370
v -0.013310 -0.023640 -0.012500
v -0.012662 -0.024335 -0.012467
v -0.012445 -0.025261 0.012500
v -0.012909 -0.024466 0.012500
v -0.012209 -0.025111 0.012467
v -0.011996 -0.024976 0.012370
v -0.011827 -0.024869 0.012220
v -0.011719 -0.024800 0.012031
v -0.011681 -0.024776 -0.011821
v -0.011719 -0.024800 -0.012031
v -0.011827 -0.024869 -0.012220
v -0.011996 -0.024976 -0.012370
v -0.012209 -0.025111 -0.012467
v -0.012445 -0.025261 -0.012500
v -0.012909 -0.024466 -0.012500
v -0.011920 -0.026024 0.012500
v -0.011696 -0.025857 0.012467
v -0.011494 -0.025706 0.012370
v -0.011333 -0.025587 0.012220
v -0.011681 -0.024776 0.011821
v -0.011230 -0.025510 0.012031
v -0.011194 -0.025484 -0.011821
v -0.011230 -0.025510 -0.012031
v -0.011333 -0.025587 -0.012220
v -0.011494 -0.025706 -0.012370
v -0.011696 -0.025857 -0.012467
v -0.011920 -0.026024 -0.012500
v -0.011333 -0.026755 0.012500
v -0.011122 -0.026572 0.012467
v -0.010931 -0.026407 0.012370
v -0.010779 -0.026276 0.012220
v -0.011194 -0.025484 0.011821
v -0.010682 -0.026192 0.012031
v -0.010649 -0.026163 -0.011821
v -0.010682 -0.026192 -0.012031
v -0.010779 -0.026276 -0.012220
v -0.010931 -0.026407 -0.012370
v -0.011122 -0.026572 -0.012467
v -0.011333 -0.026755 -0.012500
v -0.010685 -0.027454 0.012500
v -0.010487 -0.027257 0.012467
v -0.010308 -0.027079 0.012370
v -0.010166 -0.026938 0.012220
v -0.010649 -0.026163 0.011821
v -0.010075 -0.026847 0.012031
v -0.010043 -0.026816 -0.011821
v -0.010075 -0.026847 -0.012031
v -0.010166 -0.026938 -0.012220
v -0.010308 -0.027079 -0.012370
v -0.010487 -0.027257 -0.012467
v -0.010685 -0.027454 -0.012500
v -0.009790 -0.027911 0.012467
v -0.009624 -0.027721 0.012370
v -0.009492 -0.027571 0.012220
v -0.009407 -0.027474 0.012031
v -0.009378 -0.027441 0.011821
v -0.010043 -0.026816 0.011821
v -0.009378 -0.027441 -0.011821
v -0.009407 -0.027474 -0.012031
v -0.009492 -0.027571 -0.012220
v -0.009624 -0.027721 -0.012370
v -0.009790 -0.027911 -0.012467
v -0.009042 -0.028523 0.012467
v -0.009975 -0.028121 0.012500
v -0.008889 -0.028322 0.012370
v -0.008768 -0.028162 0.012220
v -0.008690 -0.028060 0.012031
v -0.008664 -0.028025 0.011821
v -0.008664 -0.028025 -0.011821
v -0.008690 -0.028060 -0.012031
v -0.008768 -0.028162 -0.012220
v -0.008889 -0.028322 -0.012370
v -0.009975 -0.028121 -0.012500
v -0.009042 -0.028523 -0.012467
v -0.008402 -0.029315 0.012500
v -0.009211 -0.028745 0.012500
v -0.008249 -0.029081 0.012467
v -0.008111 -0.028870 0.012370
v -0.008002 -0.028702 0.012220
v -0.007932 -0.028595 0.012031
v -0.007907 -0.028558 -0.011821
v -0.007932 -0.028595 -0.012031
v -0.008002 -0.028702 -0.012220
v -0.008111 -0.028870 -0.012370
v -0.008249 -0.029081 -0.012467
v -0.008402 -0.029315 -0.012500
v -0.009211 -0.028745 -0.012500
v -0.007549 -0.029831 0.012500
v -0.007412 -0.029587 0.012467
v -0.007290 -0.029367 0.012370
v -0.007192 -0.029192 0.012220
v -0.007907 -0.028558 0.011821
v -0.007129 -0.029080 0.012031
v -0.007108 -0.029041 -0.011821
v -0.007129 -0.029080 -0.012031
v -0.007192 -0.029192 -0.012220
v -0.007290 -0.029367 -0.012370
v -0.007412 -0.029587 -0.012467
v -0.007549 -0.029831 -0.012500
v -0.006650 -0.030292 0.012500
v -0.006531 -0.030040 0.012467
v -0.006423 -0.029811 0.012370
v -0.006338 -0.029630 0.012220
v -0.007108 -0.029041 0.011821
v -0.006283 -0.029514 0.012031
v -0.006264 -0.029474 -0.011821
v -0.006283 -0.029514 -0.012031
v -0.006338 -0.029630 -0.012220
v -0.006423 -0.029811 -0.012370
v -0.006531 -0.030040 -0.012467
v -0.006650 -0.030292 -0.012500
v -0.005707 -0.030700 0.012500
v -0.005604 -0.030439 0.012467
v -0.005512 -0.030205 0.012370
v -0.005439 -0.030018 0.012220
v -0.006264 -0.029474 0.011821
v -0.005392 -0.029899 0.012031
v -0.005375 -0.029858 -0.011821
v -0.005392 -0.029899 -0.012031
v -0.005439 -0.030018 -0.012220
v -0.005512 -0.030205 -0.012370
v -0.005604 -0.030439 -0.012467
v -0.005707 -0.030700 -0.012500
v -0.004719 -0.031052 0.012500
v -0.004633 -0.030786 0.012467
v -0.004555 -0.030546 0.012370
v -0.004494 -0.030356 0.012220
v -0.005375 -0.029858 0.011821
v -0.004454 -0.030233 0.012031
v -0.004441 -0.030191 -0.011821
v -0.004454 -0.030233 -0.012031
v -0.004494 -0.030356 -0.012220
v -0.004555 -0.030546 -0.012370
v -0.004633 -0.030786 -0.012467
v -0.004719 -0.031052 -0.012500
v -0.003685 -0.031351 0.012500
v -0.003616 -0.031080 0.012467
v -0.003553 -0.030836 0.012370
v -0.003503 -0.030642 0.012220
v -0.004441 -0.030191 0.011821
v -0.003471 -0.030518 0.012031
v -0.003460 -0.030475 -0.011821
v -0.003471 -0.030518 -0.012031
v -0.003503 -0.030642 -0.012220
v -0.003553 -0.030836 -0.012370
v -0.003616 -0.031080 -0.012467
v -0.003685 -0.031351 -0.012500
v -0.002607 -0.031595 0.012500
v -0.002553 -0.031321 0.012467
v -0.002504 -0.031074 0.012370
v -0.002465 -0.030877 0.012220
v -0.003460 -0.030475 0.011821
v -0.002440 -0.030751 0.012031
v -0.002432 -0.030708 -0.011821
v -0.002440 -0.030751 -0.012031
v -0.002465 -0.030877 -0.012220
v -0.002504 -0.031074 -0.012370
v -0.002553 -0.031321 -0.012467
v -0.002607 -0.031595 -0.012500
v -0.001484 -0.031785 0.012500
v -0.001445 -0.031508 0.012467
v -0.001409 -0.031259 0.012370
v -0.001381 -0.031061 0.012220
v -0.002432 -0.030708 0.011821
v -0.001363 -0.030933 0.012031
v -0.001356 -0.030890 -0.011821
v -0.001363 -0.030933 -0.012031
v -0.001381 -0.031061 -0.012220
v -0.001409 -0.031259 -0.012370
v -0.001445 -0.031508 -0.012467
v -0.001484 -0.031785 -0.012500
v -0.000316 -0.031921 0.012500
v -0.000291 -0.031643 0.012467
v -0.000268 -0.031391 0.012370
v -0.000249 -0.031192 0.012220
v -0.001356 -0.030890 0.011821
v -0.000238 -0.031064 0.012031
v -0.000234 -0.031020 -0.011821
v -0.000238 -0.031064 -0.012031
v -0.000249 -0.031192 -0.012220
v -0.000268 -0.031391 -0.012370
v -0.000291 -0.031643 -0.012467
v -0.000316 -0.031921 -0.012500
v 0.000897 -0.032002 0.012500
v 0.000909 -0.031723 0.012467
v 0.000920 -0.031471 0.012370
v 0.000929 -0.031271 0.012220
v -0.000234 -0.031020 0.011821
v 0.000935 -0.031143 0.012031
v 0.000937 -0.031099 -0.011821
v 0.000935 -0.031143 -0.012031
v 0.000929 -0.031271 -0.012220
v 0.000920 -0.031471 -0.012370
v 0.000909 -0.031723 -0.012467
v 0.000897 -0.032002 -0.012500
v 0.000937 -0.031099 0.011821
f 1 2 3
f 1 4 2
f 5 4 1
f 5 6 4
f 5 7 6
f 8 7 5
f 8 9 7
f 8 10 9
f 11 10 8
f 11 12 10
f 11 13 12
f 14 13 11
f 14 15 13
f 14 16 15
f 17 16 14
f 17 18 16
f 17 19 18
f 20 19 17
f 20 21 19
f 20 22 21
f 23 22 20
f 23 24 22
f 23 25 24
f 26 25 23
f 26 27 25
f 26 28 27
f 29 28 26
f 29 30 28
f 31 30 29
f 31 32 30
f 31 33 32
f 34 33 31
f 34 35 33
f 34 36 35
f 37 36 34
f 37 38 36
f 37 39 38
f 39 40 38
f 40 41 38
f 41 42 38
f 42 43 38
f 43 44 38
f 45 46 37
f 46 39 37
f 47 48 45
f 48 46 45
f 49 48 47
f 50 51 49
f 51 48 49
f 52 53 50
f 53 51 50
f 54 55 52
f 55 53 52
f 56 57 54
f 57 55 54
f 58 59 56
f 59 57 56
f 58 60 59
f 58 61 60
f 62 61 58
f 62 63 61
f 62 64 63
f 62 65 64
f 62 66 65
f 62 67 66
f 68 67 62
f 68 69 67
f 68 70 69
f 71 70 68
f 71 72 70
f 71 73 72
f 74 73 71
f 74 75 73
f 74 76 75
f 77 76 74
f 77 78 76
f 79 78 77
f 79 80 78
f 79 81 80
f 82 81 79
f 82 83 81
f 84 83 82
f 84 85 83
f 84 86 85
f 87 86 84
f 87 88 86
f 89 88 87
f 90 91 92
f 90 93 91
f 94 93 90
f 94 95 93
f 89 96 88
f 94 97 95
f 98 97 94
f 98 99 97
f 100 99 98
f 100 101 99
f 100 102 101
f 103 102 100
f 103 104 102
f 105 96 89
f 106 104 103
f 106 107 104
f 106 108 107
f 105 109 96
f 110 108 106
f 110 111 108
f 112 111 110
f 112 113 111
f 112 114 113
f 115 114 112
f 116 109 105
f 116 117 109
f 115 118 114
f 119 118 115
f 119 120 118
f 119 121 120
f 122 121 119
f 116 123 117
f 124 123 116
f 122 125 121
f 123 125 122
f 123 126 125
f 123 127 126
f 124 127 123
f 128 127 124
f 128 129 127
f 128 130 129
f 128 131 130
f 132 131 128
f 132 133 131
f 132 134 133
f 132 135 134
f 136 135 132
f 136 137 135
f 137 138 135
f 138 139 135
f 138 140 139
f 140 141 139
f 142 141 140
f 136 143 137
f 144 141 142
f 136 145 143
f 146 141 144
f 136 147 145
f 148 141 146
f 136 149 147
f 150 141 148
f 136 151 149
f 152 141 150
f 136 153 151
f 152 154 141
f 155 154 152
f 136 156 153
f 157 156 136
f 158 154 155
f 157 159 156
f 160 154 158
f 157 161 159
f 160 162 154
f 163 162 160
f 157 164 161
f 165 162 163
f 157 166 164
f 165 167 162
f 168 167 165
f 157 169 166
f 170 167 168
f 157 171 169
f 170 172 167
f 173 171 157
f 174 172 170
f 173 175 171
f 176 172 174
f 173 177 175
f 176 178 172
f 179 178 176
f 173 180 177
f 179 181 178
f 182 181 179
f 173 183 180
f 184 183 173
f 185 181 182
f 184 186 183
f 185 187 181
f 188 187 185
f 184 189 186
f 190 187 188
f 190 191 187
f 184 192 189
f 193 191 190
f 184 194 192
f 195 194 184
f 193 196 191
f 197 196 193
f 195 198 194
f 197 199 196
f 200 199 197
f 195 201 198
f 195 202 201
f 203 199 200
f 203 204 199
f 205 202 195
f 205 206 202
f 207 204 203
f 205 208 206
f 207 209 204
f 210 209 207
f 205 211 208
f 212 209 210
f 213 211 205
f 212 214 209
f 213 215 211
f 216 214 212
f 213 217 215
f 218 214 216
f 218 219 214
f 213 220 217
f 221 219 218
f 222 220 213
f 221 223 219
f 222 224 220
f 225 223 221
f 222 226 224
f 227 223 225
f 227 228 223
f 222 229 226
f 230 228 227
f 222 231 229
f 232 228 230
f 233 231 222
f 232 234 228
f 233 235 231
f 236 234 232
f 233 237 235
f 238 234 236
f 238 239 234
f 233 240 237
f 241 239 238
f 233 242 240
f 243 239 241
f 244 242 233
f 243 245 239
f 244 246 242
f 247 245 243
f 244 248 246
f 249 245 247
f 244 250 248
f 251 245 249
f 244 252 250
f 251 253 245
f 254 253 251
f 244 255 252
f 256 253 254
f 244 257 255
f 258 253 256
f 244 259 257
f 260 253 258
f 261 259 244
f 261 262 259
f 263 253 260
f 261 264 262
f 264 253 263
f 261 253 264
f 261 265 253
f 261 266 265
f 267 266 261
f 267 268 266
f 267 269 268
f 270 269 267
f 270 271 269
f 270 272 271
f 273 272 270
f 273 274 272
f 273 275 274
f 276 275 273
f 276 277 275
f 278 277 276
f 278 279 277
f 278 280 279
f 281 280 278
f 281 282 280
f 281 283 282
f 284 283 281
f 284 285 283
f 284 286 285
f 287 286 284
f 287 288 286
f 287 289 288
f 290 289 287
f 290 291 289
f 292 291 290
f 292 293 291
f 292 294 293
f 295 294 292
f 295 296 294
f 295 297 296
f 298 297 295
f 298 299 297
f 298 300 299
f 301 300 298
f 302 303 304
f 302 304 305
f 306 302 305
f 306 305 307
f 306 307 308
f 309 306 308
f 309 308 310
f 309 310 311
f 312 309 311
f 312 311 313
f 312 313 314
f 315 312 314
f 315 314 316
f 315 316 317
f 318 315 317
f 318 317 319
f 318 319 320
f 321 318 320
f 321 320 322
f 321 322 323
f 324 321 323
f 324 323 325
f 324 325 326
f 327 324 326
f 327 326 328
f 327 328 329
f 330 327 329
f 330 329 331
f 332 330 331
f 332 331 333
f 332 333 334
f 335 332 334
f 335 334 336
f 335 336 337
f 338 335 337
f 338 337 339
f 338 339 340
f 340 339 341
f 341 339 342
f 342 339 343
f 343 339 344
f 344 339 345
f 346 338 347
f 347 338 340
f 348 346 349
f 349 346 347
f 350 348 349
f 351 350 352
f 352 350 349
f 353 351 354
f 354 351 352
f 355 353 356
f 356 353 354
f 357 355 358
f 358 355 356
f 359 357 360
f 360 357 358
f 359 360 361
f 359 361 362
f 363 359 362
f 363 362 364
f 363 364 365
f 363 365 366
f 363 366 367
f 363 367 368
f 369 363 368
f 369 368 370
f 369 370 371
f 372 369 371
f 372 371 373
f 372 373 374
f 375 372 374
f 375 374 376
f 375 376 377
f 378 375 377
f 378 377 379
f 380 378 379
f 380 379 381
f 380 381 382
f 383 380 382
f 383 382 384
f 385 383 384
f 385 384 386
f 385 386 387
f 388 385 387
f 388 387 389
f 390 388 389
f 391 392 393
f 391 393 394
f 395 391 394
f 395 394 396
f 390 389 397
f 395 396 398
f 399 395 398
f 399 398 400
f 401 399 400
f 401 400 402
f 401 402 403
f 404 401 403
f 404 403 405
f 406 390 397
f 407 404 405
f 407 405 408
f 407 408 409
f 406 397 410
f 411 407 409
f 411 409 412
f 413 411 412
f 413 412 414
f 413 414 415
f 416 413 415
f 417 406 410
f 417 410 418
f 416 415 419
f 420 416 419
f 420 419 421
f 420 421 422
f 423 420 422
f 417 418 424
f 425 417 424
f 423 422 426
f 424 423 426
f 424 426 427
f 424 427 428
f 425 424 428
f 429 425 428
f 429 428 430
f 429 430 431
f 429 431 432
f 433 429 432
f 433 432 434
f 433 434 435
f 433 435 436
f 437 433 436
f 437 436 438
f 438 436 439
f 439 436 440
f 439 440 441
f 441 440 442
f 443 441 442
f 437 438 444
f 445 443 442
f 437 444 446
f 447 445 442
f 437 446 448
f 449 447 442
f 437 448 450
f 451 449 442
f 437 450 452
f 453 451 442
f 437 452 454
f 453 442 455
f 456 453 455
f 437 454 457
f 458 437 457
f 459 456 455
f 458 457 460
f 461 459 455
f 458 460 462
f 461 455 463
f 464 461 463
f 458 462 465
f 466 464 463
f 458 465 467
f 466 463 468
f 469 466 468
f 458 467 470
f 471 469 468
f 458 470 472
f 471 468 473
f 474 458 472
f 475 471 473
f 474 472 476
f 477 475 473
f 474 476 478
f 477 473 479
f 480 477 479
f 474 478 481
f 480 479 482
f 483 480 482
f 474 481 484
f 485 474 484
f 486 483 482
f 485 484 487
f 486 482 488
f 489 486 488
f 485 487 490
f 491 489 488
f 491 488 492
f 485 490 493
f 494 491 492
f 485 493 495
f 496 485 495
f 494 492 497
f 498 494 497
f 496 495 499
f 498 497 500
f 501 498 500
f 496 499 502
f 496 502 503
f 504 501 500
f 504 500 505
f 506 496 503
f 506 503 507
f 508 504 505
f 506 507 509
f 508 505 510
f 511 508 510
f 506 509 512
f 513 511 510
f 514 506 512
f 513 510 515
f 514 512 516
f 517 513 515
f 514 516 518
f 519 517 515
f 519 515 520
f 514 518 521
f 522 519 520
f 523 514 521
f 522 520 524
f 523 521 525
f 526 522 524
f 523 525 527
f 528 526 524
f 528 524 529
f 523 527 530
f 531 528 529
f 523 530 532
f 533 531 529
f 534 523 532
f 533 529 535
f 534 532 536
f 537 533 535
f 534 536 538
f 539 537 535
f 539 535 540
f 534 538 541
f 542 539 540
f 534 541 543
f 544 542 540
f 545 534 543
f 544 540 546
f 545 543 547
f 548 544 546
f 545 547 549
f 550 548 546
f 545 549 551
f 552 550 546
f 545 551 553
f 552 546 554
f 555 552 554
f 545 553 556
f 557 555 554
f 545 556 558
f 559 557 554
f 545 558 560
f 561 559 554
f 562 545 560
f 562 560 563
f 564 561 554
f 562 563 565
f 565 564 554
f 562 565 554
f 562 554 566
f 562 566 567
f 568 562 567
f 568 567 569
f 568 569 570
f 571 568 570
f 571 570 572
f 571 572 573
f 574 571 573
f 574 573 575
f 574 575 576
f 577 574 576
f 577 576 578
f 579 577 578
f 579 578 580
f 579 580 581
f 582 579 581
f 582 581 583
f 582 583 584
f 585 582 584
f 585 584 586
f 585 586 587
f 588 585 587
f 588 587 589
f 588 589 590
f 591 588 590
f 591 590 592
f 593 591 592
f 593 592 594
f 593 594 595
f 596 593 595
f 596 595 597
f 596 597 598
f 599 596 598
f 599 598 600
f 599 600 601
f 602 599 601
f 603 604 605
f 606 605 607
f 608 607 609
f 610 609 611
f 612 611 613
f 614 613 615
f 616 614 615
f 617 618 616
f 619 620 617
f 621 622 619
f 623 624 621
f 603 625 626
f 606 627 603
f 608 628 606
f 610 629 608
f 612 630 610
f 631 612 614
f 632 614 618
f 633 618 620
f 634 620 622
f 635 622 624
f 636 624 637
f 627 638 625
f 628 639 627
f 629 640 628
f 630 641 629
f 642 643 630
f 644 642 631
f 645 631 632
f 646 632 633
f 647 633 634
f 648 634 635
f 649 635 636
f 639 650 638
f 640 651 639
f 641 652 640
f 643 653 641
f 654 655 643
f 656 654 644
f 657 644 645
f 658 645 646
f 659 646 647
f 660 647 648
f 661 648 649
f 651 662 650
f 652 663 651
f 653 664 652
f 655 665 653
f 666 667 655
f 668 666 656
f 669 656 657
f 670 657 658
f 671 658 659
f 672 659 660
f 673 660 661
f 663 674 662
f 664 675 663
f 665 676 664
f 667 677 665
f 678 679 667
f 680 678 668
f 681 668 669
f 682 669 670
f 683 670 671
f 684 671 672
f 685 672 673
f 675 686 674
f 676 687 675
f 677 688 676
f 679 689 677
f 690 691 679
f 692 690 680
f 693 680 681
f 694 681 682
f 695 682 683
f 696 683 684
f 697 684 685
f 687 698 686
f 688 699 687
f 689 700 688
f 691 701 689
f 702 703 691
f 704 702 692
f 705 692 693
f 706 693 694
f 707 694 695
f 708 695 696
f 709 696 697
f 699 710 698
f 700 711 699
f 701 712 700
f 703 713 701
f 714 715 703
f 716 714 704
f 717 704 705
f 718 705 706
f 719 706 707
f 720 707 708
f 721 708 709
f 711 722 710
f 712 723 711
f 713 724 712
f 715 725 713
f 726 727 715
f 728 726 716
f 729 716 717
f 730 717 718
f 731 718 719
f 732 719 720
f 733 720 721
f 723 734 722
f 724 735 723
f 725 736 724
f 727 737 725
f 738 739 727
f 740 738 728
f 741 728 729
f 742 729 730
f 743 730 731
f 744 731 732
f 745 732 733
f 735 746 734
f 736 747 735
f 737 748 736
f 739 749 737
f 750 751 739
f 752 750 740
f 753 740 741
f 754 741 742
f 755 742 743
f 756 743 744
f 757 744 745
f 747 758 746
f 748 759 747
f 749 760 748
f 751 761 749
f 762 763 751
f 764 762 752
f 765 752 753
f 766 753 754
f 767 754 755
f 768 755 756
f 769 756 757
f 759 770 758
f 760 771 759
f 761 772 760
f 763 773 761
f 774 775 763
f 776 774 764
f 777 764 765
f 778 765 766
f 779 766 767
f 780 767 768
f 781 768 769
f 771 782 770
f 772 783 771
f 773 784 772
f 775 785 773
f 786 787 775
f 788 786 776
f 789 776 777
f 790 777 778
f 791 778 779
f 792 779 780
f 793 780 781
f 783 794 782
f 784 795 783
f 785 796 784
f 787 797 785
f 798 799 787
f 800 798 788
f 801 788 789
f 802 789 790
f 803 790 791
f 804 791 792
f 805 792 793
f 795 806 794
f 796 807 795
f 797 808 796
f 799 809 797
f 810 811 799
f 812 810 800
f 813 800 801
f 814 801 802
f 815 802 803
f 816 803 804
f 817 804 805
f 807 818 806
f 808 819 807
f 809 820 808
f 811 821 809
f 822 823 811
f 824 822 812
f 825 812 813
f 826 813 814
f 827 814 815
f 828 815 816
f 829 816 817
f 819 830 818
f 820 831 819
f 821 832 820
f 823 833 821
f 834 835 823
f 824 836 834
f 837 824 825
f 838 825 826
f 839 826 827
f 840 827 828
f 841 828 829
f 831 842 830
f 832 843 831
f 833 844 832
f 845 833 835
f 836 845 835
f 846 847 836
f 848 846 837
f 838 848 837
f 849 838 839
f 850 839 840
f 851 840 841
f 852 842 843
f 853 843 844
f 854 844 855
f 856 855 845
f 857 845 847
f 858 847 859
f 848 858 859
f 860 861 848
f 849 862 860
f 850 863 849
f 851 864 850
f 865 866 852
f 867 852 853
f 868 853 854
f 869 854 856
f 870 856 857
f 858 870 857
f 861 871 858
f 862 872 861
f 863 873 862
f 864 874 863
f 875 876 864
f 877 878 865
f 879 865 867
f 880 867 868
f 881 868 869
f 882 869 870
f 883 870 871
f 872 883 871
f 873 884 872
f 874 885 873
f 876 886 874
f 887 888 876
f 877 889 890
f 879 891 877
f 880 892 879
f 881 893 880
f 882 894 881
f 895 882 883
f 896 883 884
f 897 884 885
f 898 885 886
f 899 886 888
f 900 888 901
f 891 902 889
f 892 903 891
f 893 904 892
f 894 905 893
f 906 907 894
f 908 906 895
f 909 895 896
f 910 896 897
f 911 897 898
f 912 898 899
f 913 899 900
f 903 914 902
f 904 915 903
f 905 916 904
f 907 917 905
f 918 919 907
f 920 918 908
f 921 908 909
f 922 909 910
f 923 910 911
f 924 911 912
f 925 912 913
f 926 914 915
f 927 915 916
f 928 916 917
f 929 917 919
f 930 919 931
f 932 931 920
f 921 932 920
f 922 933 921
f 923 934 922
f 935 923 924
f 925 935 924
f 936 937 926
f 938 926 927
f 939 927 928
f 940 928 929
f 941 929 930
f 942 930 932
f 933 942 932
f 934 943 933
f 944 945 934
f 935 946 944
f 947 948 935
f 949 950 936
f 951 936 938
f 952 938 939
f 953 939 940
f 954 940 941
f 942 954 941
f 943 955 942
f 945 956 943
f 946 957 945
f 948 958 946
f 959 960 948
f 961 962 949
f 963 949 951
f 964 951 952
f 965 952 953
f 966 953 954
f 967 954 955
f 956 967 955
f 957 968 956
f 958 969 957
f 960 970 958
f 971 972 960
f 973 974 961
f 975 961 963
f 976 963 964
f 977 964 965
f 978 965 966
f 979 966 967
f 968 979 967
f 969 980 968
f 970 981 969
f 972 982 970
f 983 984 972
f 985 986 973
f 987 973 975
f 988 975 976
f 989 976 977
f 990 977 978
f 991 978 979
f 980 991 979
f 981 992 980
f 982 993 981
f 984 994 982
f 995 996 984
f 997 998 985
f 999 985 987
f 1000 987 988
f 1001 988 989
f 1002 989 990
f 1003 990 991
f 992 1003 991
f 993 1004 992
f 994 1005 993
f 996 1006 994
f 1007 1008 996
f 1009 1010 997
f 1011 997 999
f 1012 999 1000
f 1013 1000 1001
f 1014 1001 1002
f 1015 1002 1003
f 1004 1015 1003
f 1005 1016 1004
f 1006 1017 1005
f 1008 1018 1006
f 1019 1020 1008
f 1021 1022 1009
f 1023 1009 1011
f 1024 1011 1012
f 1025 1012 1013
f 1026 1013 1014
f 1027 1014 1015
f 1016 1027 1015
f 1017 1028 1016
f 1018 1029 1017
f 1020 1030 1018
f 1031 1032 1020
f 1033 1034 1021
f 1035 1021 1023
f 1036 1023 1024
f 1037 1024 1025
f 1038 1025 1026
f 1039 1026 1027
f 1028 1039 1027
f 1029 1040 1028
f 1030 1041 1029
f 1032 1042 1030
f 1043 1044 1032
f 1033 1045 1046
f 1035 1047 1033
f 1036 1048 1035
f 1037 1049 1036
f 1038 1050 1037
f 1051 1038 1039
f 1052 1039 1040
f 1053 1040 1041
f 1054 1041 1042
f 1055 1042 1044
f 1056 1044 1057
f 1047 1058 1045
f 1048 1059 1047
f 1049 1060 1048
f 1050 1061 1049
f 1062 1063 1050
f 1064 1062 1051
f 1065 1051 1052
f 1066 1052 1053
f 1067 1053 1054
f 1068 1054 1055
f 1069 1055 1056
f 1059 1070 1058
f 1060 1071 1059
f 1061 1072 1060
f 1063 1073 1061
f 1074 1075 1063
f 1076 1074 1064
f 1077 1064 1065
f 1078 1065 1066
f 1079 1066 1067
f 1080 1067 1068
f 1081 1068 1069
f 1071 1082 1070
f 1072 1083 1071
f 1073 1084 1072
f 1075 1085 1073
f 1086 1087 1075
f 1088 1086 1076
f 1089 1076 1077
f 1090 1077 1078
f 1091 1078 1079
f 1092 1079 1080
f 1093 1080 1081
f 1083 1094 1082
f 1084 1095 1083
f 1085 1096 1084
f 1087 1097 1085
f 1098 1099 1087
f 1100 1098 1088
f 1101 1088 1089
f 1102 1089 1090
f 1103 1090 1091
f 1104 1091 1092
f 1105 1092 1093
f 1095 1106 1094
f 1096 1107 1095
f 1097 1108 1096
f 1099 1109 1097
f 1110 1111 1099
f 1112 1110 1100
f 1113 1100 1101
f 1114 1101 1102
f 1115 1102 1103
f 1116 1103 1104
f 1117 1104 1105
f 1107 1118 1106
f 1108 1119 1107
f 1109 1120 1108
f 1111 1121 1109
f 1122 1123 1111
f 1124 1122 1112
f 1125 1112 1113
f 1126 1113 1114
f 1127 1114 1115
f 1128 1115 1116
f 1129 1116 1117
f 1119 1130 1118
f 1120 1131 1119
f 1121 1132 1120
f 1123 1133 1121
f 1134 1135 1123
f 1136 1134 1124
f 1137 1124 1125
f 1138 1125 1126
f 1139 1126 1127
f 1140 1127 1128
f 1141 1128 1129
f 1131 1142 1130
f 1132 1143 1131
f 1133 1144 1132
f 1135 1145 1133
f 1146 1147 1135
f 1148 1146 1136
f 1149 1136 1137
f 1150 1137 1138
f 1151 1138 1139
f 1152 1139 1140
f 1153 1140 1141
f 1154 1142 1143
f 1155 1143 1144
f 1156 1144 1145
f 1157 1145 1147
f 1158 1157 1147
f 1159 1158 1148
f 1160 1148 1149
f 1150 1160 1149
f 1151 1161 1150
f 1152 1162 1151
f 1153 1163 1152
f 1164 1165 1154
f 1166 1154 1155
f 1167 1155 1156
f 1168 1156 1157
f 1169 1157 1170
f 1171 1170 1159
f 1160 1171 1159
f 1161 1172 1160
f 1162 1173 1161
f 1163 1174 1162
f 1175 1176 1163
f 1177 1178 1164
f 1179 1164 1166
f 1180 1166 1167
f 1181 1167 1168
f 1182 1168 1169
f 1183 1169 1171
f 1172 1183 1171
f 1173 1184 1172
f 1174 1185 1173
f 1176 1186 1174
f 1187 1188 1176
f 1189 1190 1177
f 1191 1177 1179
f 1192 1179 1180
f 1193 1180 1181
f 1194 1181 1182
f 1195 1182 1183
f 1184 1195 1183
f 1185 1196 1184
f 1186 1197 1185
f 1188 1198 1186
f 1199 1200 1188
f 1189 1201 1202
f 1191 1203 1189
f 1192 1204 1191
f 1193 1205 1192
f 1194 1206 1193
f 1207 1194 1195
f 1208 1195 1196
f 1209 1196 1197
f 1210 1197 1198
f 1211 1198 1200
f 1212 1200 1213
f 1203 1214 1201
f 1204 1215 1203
f 1205 1216 1204
f 1206 1217 1205
f 1218 1219 1206
f 1220 1218 1207
f 1221 1207 1208
f 1222 1208 1209
f 1223 1209 1210
f 1224 1210 1211
f 1225 1211 1212
f 1215 1226 1214
f 1216 1227 1215
f 1217 1228 1216
f 1219 1229 1217
f 1230 1231 1219
f 1232 1230 1220
f 1221 1232 1220
f 1233 1221 1222
f 1234 1222 1223
f 1235 1223 1224
f 1236 1224 1225
f 1237 1226 1227
f 1238 1227 1228
f 1239 1228 1229
f 1240 1229 1231
f 1241 1231 1242
f 1243 1242 1232
f 1244 1243 1232
f 1233 1245 1244
f 1234 1246 1233
f 1235 1247 1234
f 1236 1248 1235
f 1249 1250 1237
f 1251 1237 1238
f 1252 1238 1239
f 1253 1239 1240
f 1254 1240 1241
f 1255 1241 1243
f 1245 1255 1243
f 1246 1256 1245
f 1247 1257 1246
f 1248 1258 1247
f 1259 1260 1248
f 1261 1262 1249
f 1263 1249 1251
f 1264 1251 1252
f 1265 1252 1253
f 1266 1253 1254
f 1267 1254 1255
f 1256 1267 1255
f 1257 1268 1256
f 1258 1269 1257
f 1260 1270 1258
f 1271 1272 1260
f 1273 1274 1261
f 1275 1261 1263
f 1276 1263 1264
f 1277 1264 1265
f 1278 1265 1266
f 1279 1266 1267
f 1268 1279 1267
f 1269 1280 1268
f 1270 1281 1269
f 1272 1282 1270
f 1283 1284 1272
f 1285 1286 1273
f 1287 1273 1275
f 1288 1275 1276
f 1289 1276 1277
f 1290 1277 1278
f 1291 1278 1279
f 1280 1291 1279
f 1281 1292 1280
f 1282 1293 1281
f 1284 1294 1282
f 1295 1296 1284
f 1297 1298 1285
f 1299 1285 1287
f 1300 1287 1288
f 1301 1288 1289
f 1302 1289 1290
f 1303 1290 1291
f 1292 1303 1291
f 1293 1304 1292
f 1294 1305 1293
f 1296 1306 1294
f 1307 1308 1296
f 1309 1310 1297
f 1311 1297 1299
f 1312 1299 1300
f 1313 1300 1301
f 1314 1301 1302
f 1315 1302 1303
f 1304 1315 1303
f 1305 1316 1304
f 1306 1317 1305
f 1308 1318 1306
f 1319 1320 1308
f 1321 1322 1309
f 1323 1309 1311
f 1324 1311 1312
f 1325 1312 1313
f 1326 1313 1314
f 1327 1314 1315
f 1316 1327 1315
f 1317 1328 1316
f 1318 1329 1317
f 1320 1330 1318
f 1331 1332 1320
f 1333 1334 1321
f 1335 1321 1323
f 1336 1323 1324
f 1337 1324 1325
f 1338 1325 1326
f 1339 1326 1327
f 1328 1339 1327
f 1329 1340 1328
f 1330 1341 1329
f 1332 1342 1330
f 1343 1344 1332
f 1345 1346 1333
f 1347 1333 1335
f 1348 1335 1336
f 1349 1336 1337
f 1350 1337 1338
f 1351 1338 1339
f 1340 1351 1339
f 1341 1352 1340
f 1342 1353 1341
f 1344 1354 1342
f 1355 1356 1344
f 1357 1358 1345
f 1359 1345 1347
f 1360 1347 1348
f 1361 1348 1349
f 1362 1349 1350
f 1363 1350 1351
f 1352 1363 1351
f 1353 1364 1352
f 1354 1365 1353
f 1356 1366 1354
f 1367 1368 1356
f 1369 1370 1357
f 1371 1357 1359
f 1372 1359 1360
f 1373 1360 1361
f 1374 1361 1362
f 1375 1362 1363
f 1364 1375 1363
f 1365 1376 1364
f 1366 1377 1365
f 1368 1378 1366
f 1379 1380 1368
f 1381 1382 1369
f 1383 1369 1371
f 1384 1371 1372
f 1385 1372 1373
f 1386 1373 1374
f 1387 1374 1375
f 1376 1387 1375
f 1377 1388 1376
f 1378 1389 1377
f 1380 1390 1378
f 1391 1392 1380
f 1393 1394 1381
f 1395 1381 1383
f 1396 1383 1384
f 1397 1384 1385
f 1398 1385 1386
f 1399 1386 1387
f 1388 1399 1387
f 1389 1400 1388
f 1390 1401 1389
f 1392 1402 1390
f 1403 1404 1392
f 1405 1406 1393
f 1407 1393 1395
f 1408 1395 1396
f 1409 1396 1397
f 1410 1397 1398
f 1411 1398 1399
f 1400 1411 1399
f 1401 1412 1400
f 1402 1413 1401
f 1404 1414 1402
f 1415 1416 1404
f 1417 1418 1405
f 1419 1405 1407
f 1420 1407 1408
f 1421 1408 1409
f 1422 1409 1410
f 1423 1410 1411
f 1412 1423 1411
f 1413 1424 1412
f 1414 1425 1413
f 1416 1426 1414
f 1427 1428 1416
f 1429 1430 1417
f 1431 1417 1419
f 1432 1419 1420
f 1433 1420 1421
f 1434 1421 1422
f 1435 1422 1423
f 1424 1435 1423
f 1425 1436 1424
f 1426 1437 1425
f 1428 1438 1426
f 1439 1440 1428
f 1441 1442 1429
f 1443 1429 1431
f 1444 1431 1432
f 1445 1432 1433
f 1446 1433 1434
f 1447 1434 1435
f 1436 1447 1435
f 1437 1448 1436
f 1438 1449 1437
f 1440 1450 1438
f 1451 1452 1440
f 1453 1454 1441
f 1455 1441 1443
f 1456 1443 1444
f 1457 1444 1445
f 1458 1445 1446
f 1459 1446 1447
f 1448 1459 1447
f 1449 1460 1448
f 1450 1461 1449
f 1452 1462 1450
f 1463 1464 1452
f 1453 1465 1466
f 1455 1467 1453
f 1456 1468 1455
f 1457 1469 1456
f 1458 1470 1457
f 1471 1458 1459
f 1472 1459 1460
f 1473 1460 1461
f 1474 1461 1462
f 1475 1462 1464
f 1476 1464 1477
f 1467 1478 1465
f 1468 1479 1467
f 1469 1480 1468
f 1470 1481 1469
f 1482 1483 1470
f 1484 1482 1471
f 1485 1471 1472
f 1486 1472 1473
f 1487 1473 1474
f 1488 1474 1475
f 1489 1475 1476
f 1479 1490 1478
f 1480 1491 1479
f 1481 1492 1480
f 1483 1493 1481
f 1494 1495 1483
f 1496 1494 1484
f 1497 1484 1485
f 1498 1485 1486
f 1499 1486 1487
f 1500 1487 1488
f 1501 1488 1489
f 1491 1502 1490
f 1492 1503 1491
f 1493 1504 1492
f 1495 1505 1493
f 1506 1507 1495
f 1508 1506 1496
f 1509 1496 1497
f 1510 1497 1498
f 1511 1498 1499
f 1512 1499 1500
f 1513 1500 1501
f 1503 1514 1502
f 1504 1515 1503
f 1505 1516 1504
f 1507 1517 1505
f 1518 1519 1507
f 1520 1518 1508
f 1521 1508 1509
f 1522 1509 1510
f 1523 1510 1511
f 1524 1511 1512
f 1525 1512 1513
f 1515 1526 1514
f 1516 1527 1515
f 1517 1528 1516
f 1519 1529 1517
f 1530 1531 1519
f 1532 1530 1520
f 1533 1520 1521
f 1534 1521 1522
f 1535 1522 1523
f 1536 1523 1524
f 1537 1524 1525
f 1527 1538 1526
f 1528 1539 1527
f 1529 1540 1528
f 1531 1541 1529
f 1542 1543 1531
f 1544 1542 1532
f 1545 1532 1533
f 1546 1533 1534
f 1547 1534 1535
f 1548 1535 1536
f 1549 1536 1537
f 1539 1550 1538
f 1540 1551 1539
f 1541 1552 1540
f 1543 1553 1541
f 1554 1555 1543
f 1556 1554 1544
f 1557 1544 1545
f 1558 1545 1546
f 1559 1546 1547
f 1560 1547 1548
f 1561 1548 1549
f 1551 1562 1550
f 1552 1563 1551
f 1553 1564 1552
f 1555 1565 1553
f 1566 1567 1555
f 1556 1568 1566
f 1569 1556 1557
f 1570 1557 1558
f 1571 1558 1559
f 1572 1559 1560
f 1573 1560 1561
f 1563 1574 1562
f 1564 1575 1563
f 1565 1576 1564
f 1567 1577 1565
f 1568 1578 1567
f 1579 1568 1580
f 1581 1580 1569
f 1582 1569 1570
f 1583 1570 1571
f 1584 1571 1572
f 1585 1572 1573
f 1586 1574 1575
f 1587 1575 1576
f 1588 1576 1577
f 1589 1577 1578
f 1590 1578 1591
f 1592 1591 1579
f 1581 1592 1579
f 1582 1593 1581
f 1583 1594 1582
f 1584 1595 1583
f 1585 1596 1584
f 1597 1598 1586
f 1599 1586 1587
f 1600 1587 1588
f 1601 1588 1589
f 1602 1589 1590
f 1603 1590 1592
f 1593 1603 1592
f 1594 1604 1593
f 1595 1605 1594
f 1596 1606 1595
f 1607 1608 1596
f 1597 1609 1610
f 1599 1611 1597
f 1600 1612 1599
f 1601 1613 1600
f 1602 1614 1601
f 1615 1602 1603
f 1616 1603 1604
f 1617 1604 1605
f 1618 1605 1606
f 1619 1606 1608
f 1620 1608 1621
f 1611 1622 1609
f 1612 1623 1611
f 1613 1624 1612
f 1614 1625 1613
f 1626 1627 1614
f 1628 1626 1615
f 1629 1615 1616
f 1630 1616 1617
f 1631 1617 1618
f 1632 1618 1619
f 1633 1619 1620
f 1634 1622 1623
f 1635 1623 1624
f 1636 1624 1625
f 1637 1625 1627
f 1638 1627 1639
f 1640 1639 1628
f 1629 1640 1628
f 1630 1641 1629
f 1631 1642 1630
f 1632 1643 1631
f 1633 1644 1632
f 1645 1646 1634
f 1647 1634 1635
f 1648 1635 1636
f 1649 1636 1637
f 1650 1637 1638
f 1651 1638 1640
f 1641 1651 1640
f 1642 1652 1641
f 1643 1653 1642
f 1644 1654 1643
f 1655 1656 1644
f 1657 1658 1645
f 1659 1645 1647
f 1660 1647 1648
f 1661 1648 1649
f 1662 1649 1650
f 1663 1650 1651
f 1652 1663 1651
f 1653 1664 1652
f 1654 1665 1653
f 1656 1666 1654
f 1667 1668 1656
f 1669 1670 1657
f 1671 1657 1659
f 1672 1659 1660
f 1673 1660 1661
f 1674 1661 1662
f 1675 1662 1663
f 1664 1675 1663
f 1665 1676 1664
f 1666 1677 1665
f 1668 1678 1666
f 1679 1680 1668
f 1681 1682 1669
f 1683 1669 1671
f 1684 1671 1672
f 1685 1672 1673
f 1686 1673 1674
f 1687 1674 1675
f 1676 1687 1675
f 1677 1688 1676
f 1678 1689 1677
f 1680 1690 1678
f 1691 1692 1680
f 1693 1694 1681
f 1695 1681 1683
f 1696 1683 1684
f 1697 1684 1685
f 1698 1685 1686
f 1699 1686 1687
f 1688 1699 1687
f 1689 1700 1688
f 1690 1701 1689
f 1692 1702 1690
f 1703 1704 1692
f 1705 1706 1693
f 1707 1693 1695
f 1708 1695 1696
f 1709 1696 1697
f 1710 1697 1698
f 1711 1698 1699
f 1700 1711 1699
f 1701 1712 1700
f 1702 1713 1701
f 1704 1714 1702
f 1715 1716 1704
f 1717 1718 1705
f 1719 1705 1707
f 1720 1707 1708
f 1721 1708 1709
f 1722 1709 1710
f 1723 1710 1711
f 1712 1723 1711
f 1713 1724 1712
f 1714 1725 1713
f 1716 1726 1714
f 1727 1728 1716
f 1729 1730 1717
f 1731 1717 1719
f 1732 1719 1720
f 1733 1720 1721
f 1734 1721 1722
f 1735 1722 1723
f 1724 1735 1723
f 1725 1736 1724
f 1726 1737 1725
f 1728 1738 1726
f 1739 1740 1728
f 1741 1742 1729
f 1743 1729 1731
f 1744 1731 1732
f 1745 1732 1733
f 1746 1733 1734
f 1747 1734 1735
f 1736 1747 1735
f 1737 1748 1736
f 1738 1749 1737
f 1740 1750 1738
f 1751 1752 1740
f 1753 1754 1741
f 1755 1741 1743
f 1756 1743 1744
f 1757 1744 1745
f 1758 1745 1746
f 1759 1746 1747
f 1748 1759 1747
f 1749 1760 1748
f 1750 1761 1749
f 1752 1762 1750
f 1763 1764 1752
f 1765 1766 1753
f 1767 1753 1755
f 1768 1755 1756
f 1769 1756 1757
f 1770 1757 1758
f 1771 1758 1759
f 1760 1771 1759
f 1761 1772 1760
f 1762 1773 1761
f 1764 1774 1762
f 1775 1776 1764
f 1765 1777 1778
f 1767 1779 1765
f 1768 1780 1767
f 1769 1781 1768
f 1770 1782 1769
f 1771 1783 1770
f 1784 1771 1772
f 1785 1772 1773
f 1786 1773 1774
f 1787 1774 1776
f 1788 1776 1789
f 1779 1790 1777
f 1780 1791 1779
f 1781 1792 1780
f 1782 1793 1781
f 1783 1794 1782
f 1795 1783 1796
f 1797 1796 1784
f 1798 1784 1785
f 1799 1785 1786
f 1800 1786 1787
f 1801 1787 1788
f 1791 1802 1790
f 1792 1803 1791
f 1793 1804 1792
f 1794 1805 1793
f 1806 1807 1794
f 1808 1806 1795
f 1809 1795 1797
f 1810 1797 1798
f 1811 1798 1799
f 1812 1799 1800
f 1813 1800 1801
f 1803 1814 1802
f 1804 1815 1803
f 1805 1816 1804
f 1807 1817 1805
f 1818 1819 1807
f 1820 1818 1808
f 1821 1808 1809
f 1822 1809 1810
f 1823 1810 1811
f 1824 1811 1812
f 1825 1812 1813
f 1815 1826 1814
f 1816 1827 1815
f 1817 1828 1816
f 1819 1829 1817
f 1830 1831 1819
f 1832 1830 1820
f 1833 1820 1821
f 1834 1821 1822
f 1835 1822 1823
f 1836 1823 1824
f 1837 1824 1825
f 1827 1838 1826
f 1828 1839 1827
f 1829 1840 1828
f 1831 1841 1829
f 1842 1843 1831
f 1844 1842 1832
f 1845 1832 1833
f 1846 1833 1834
f 1847 1834 1835
f 1848 1835 1836
f 1849 1836 1837
f 1839 1850 1838
f 1840 1851 1839
f 1841 1852 1840
f 1843 1853 1841
f 1854 1855 1843
f 1856 1854 1844
f 1857 1844 1845
f 1858 1845 1846
f 1859 1846 1847
f 1860 1847 1848
f 1861 1848 1849
f 1851 1862 1850
f 1852 1863 1851
f 1853 1864 1852
f 1855 1865 1853
f 1866 1867 1855
f 1868 1866 1856
f 1869 1856 1857
f 1870 1857 1858
f 1871 1858 1859
f 1872 1859 1860
f 1873 1860 1861
f 1863 1874 1862
f 1864 1875 1863
f 1865 1876 1864
f 1867 1877 1865
f 1878 1879 1867
f 1880 1878 1868
f 1881 1868 1869
f 1882 1869 1870
f 1883 1870 1871
f 1884 1871 1872
f 1885 1872 1873
f 1875 1886 1874
f 1876 1887 1875
f 1877 1888 1876
f 1879 1889 1877
f 1890 1891 1879
f 1892 1890 1880
f 1893 1880 1881
f 1894 1881 1882
f 1895 1882 1883
f 1896 1883 1884
f 1897 1884 1885
f 1898 1886 1887
f 1899 1887 1888
f 1900 1888 1889
f 1901 1889 1891
f 1902 1891 1903
f 1904 1903 1892
f 1893 1904 1892
f 1894 1905 1893
f 1895 1906 1894
f 1896 1907 1895
f 1897 1908 1896
f 1909 1910 1898
f 1911 1898 1899
f 1912 1899 1900
f 1913 1900 1901
f 1914 1901 1902
f 1915 1902 1904
f 1905 1915 1904
f 1906 1916 1905
f 1907 1917 1906
f 1908 1918 1907
f 1919 1920 1908
f 1909 1921 1922
f 1911 1923 1909
f 1912 1924 1911
f 1913 1925 1912
f 1914 1926 1913
f 1927 1914 1915
f 1928 1915 1916
f 1929 1916 1917
f 1930 1917 1918
f 1931 1918 1920
f 1932 1920 1933
f 1923 1934 1921
f 1924 1935 1923
f 1925 1936 1924
f 1926 1937 1925
f 1938 1939 1926
f 1940 1938 1927
f 1941 1927 1928
f 1942 1928 1929
f 1943 1929 1930
f 1944 1930 1931
f 1945 1931 1932
f 1935 1946 1934
f 1936 1947 1935
f 1937 1948 1936
f 1939 1949 1937
f 1950 1951 1939
f 1952 1950 1940
f 1953 1940 1941
f 1954 1941 1942
f 1955 1942 1943
f 1956 1943 1944
f 1957 1944 1945
f 1947 1958 1946
f 1948 1959 1947
f 1949 1960 1948
f 1951 1961 1949
f 1962 1963 1951
f 1964 1962 1952
f 1965 1952 1953
f 1966 1953 1954
f 1967 1954 1955
f 1968 1955 1956
f 1969 1956 1957
f 1959 1970 1958
f 1960 1971 1959
f 1961 1972 1960
f 1963 1973 1961
f 1974 1975 1963
f 1976 1974 1964
f 1977 1964 1965
f 1978 1965 1966
f 1979 1966 1967
f 1980 1967 1968
f 1981 1968 1969
f 1971 1982 1970
f 1972 1983 1971
f 1973 1984 1972
f 1975 1985 1973
f 1986 1987 1975
f 1988 1986 1976
f 1989 1976 1977
f 1990 1977 1978
f 1991 1978 1979
f 1992 1979 1980
f 1993 1980 1981
f 1983 1994 1982
f 1984 1995 1983
f 1985 1996 1984
f 1987 1997 1985
f 1998 1987 1999
f 2000 1999 1988
f 1989 2000 1988
f 2001 1989 1990
f 2002 1990 1991
f 2003 1991 1992
f 2004 1992 1993
f 2005 1994 1995
f 2006 1995 1996
f 2007 1996 1997
f 2008 1997 2009
f 2010 2009 1998
f 2011 1998 2000
f 2012 2011 2000
f 2001 2013 2012
f 2002 2014 2001
f 2003 2015 2002
f 2004 2016 2003
f 2017 2018 2005
f 2019 2005 2006
f 2020 2006 2007
f 2021 2007 2008
f 2022 2008 2010
f 2023 2010 2011
f 2013 2023 2011
f 2014 2024 2013
f 2015 2025 2014
f 2016 2026 2015
f 2027 2028 2016
f 2029 2030 2017
f 2031 2017 2019
f 2032 2019 2020
f 2033 2020 2021
f 2034 2021 2022
f 2035 2022 2023
f 2024 2035 2023
f 2025 2036 2024
f 2026 2037 2025
f 2028 2038 2026
f 2039 2040 2028
f 2041 2042 2029
f 2043 2029 2031
f 2044 2031 2032
f 2045 2032 2033
f 2046 2033 2034
f 2047 2034 2035
f 2036 2047 2035
f 2037 2048 2036
f 2038 2049 2037
f 2040 2050 2038
f 2051 2052 2040
f 2053 2054 2041
f 2055 2041 2043
f 2056 2043 2044
f 2057 2044 2045
f 2058 2045 2046
f 2059 2046 2047
f 2048 2059 2047
f 2049 2060 2048
f 2050 2061 2049
f 2052 2062 2050
f 2063 2064 2052
f 2065 2066 2053
f 2067 2053 2055
f 2068 2055 2056
f 2069 2056 2057
f 2070 2057 2058
f 2059 2070 2058
f 2060 2071 2059
f 2061 2072 2060
f 2062 2073 2061
f 2064 2074 2062
f 2075 2076 2064
f 2077 2078 2065
f 2079 2065 2067
f 2080 2067 2068
f 2081 2068 2069
f 2082 2069 2070
f 2083 2070 2071
f 2072 2083 2071
f 2073 2084 2072
f 2074 2085 2073
f 2076 2086 2074
f 2087 2088 2076
f 2089 2090 2077
f 2091 2077 2079
f 2092 2079 2080
f 2093 2080 2081
f 2094 2081 2082
f 2095 2082 2083
f 2084 2095 2083
f 2085 2096 2084
f 2086 2097 2085
f 2088 2098 2086
f 2099 2100 2088
f 2101 2102 2089
f 2103 2089 2091
f 2104 2091 2092
f 2105 2092 2093
f 2106 2093 2094
f 2107 2094 2095
f 2096 2107 2095
f 2097 2108 2096
f 2098 2109 2097
f 2100 2110 2098
f 2111 2112 2100
f 2113 2114 2101
f 2115 2101 2103
f 2116 2103 2104
f 2117 2104 2105
f 2118 2105 2106
f 2119 2106 2107
f 2108 2119 2107
f 2109 2120 2108
f 2110 2121 2109
f 2112 2122 2110
f 2123 2124 2112
f 2125 2126 2113
f 2127 2113 2115
f 2128 2115 2116
f 2129 2116 2117
f 2130 2117 2118
f 2131 2118 2119
f 2120 2131 2119
f 2121 2132 2120
f 2122 2133 2121
f 2124 2134 2122
f 2135 2136 2124
f 2137 2138 2125
f 2139 2125 2127
f 2140 2127 2128
f 2141 2128 2129
f 2142 2129 2130
f 2143 2130 2131
f 2132 2143 2131
f 2133 2144 2132
f 2134 2145 2133
f 2136 2146 2134
f 2147 2148 2136
f 2149 2150 2137
f 2151 2137 2139
f 2152 2139 2140
f 2153 2140 2141
f 2154 2141 2142
f 2155 2142 2143
f 2144 2155 2143
f 2145 2156 2144
f 2146 2157 2145
f 2148 2158 2146
f 2159 2160 2148
f 2161 2162 2149
f 2163 2149 2151
f 2164 2151 2152
f 2165 2152 2153
f 2166 2153 2154
f 2167 2154 2155
f 2156 2167 2155
f 2157 2168 2156
f 2158 2169 2157
f 2160 2170 2158
f 2171 2172 2160
f 2173 2174 2161
f 2175 2161 2163
f 2176 2163 2164
f 2177 2164 2165
f 2178 2165 2166
f 2179 2166 2167
f 2168 2179 2167
f 2169 2180 2168
f 2170 2181 2169
f 2172 2182 2170
f 2183 2184 2172
f 2185 2186 2173
f 2187 2173 2175
f 2188 2175 2176
f 2189 2176 2177
f 2190 2177 2178
f 2191 2178 2179
f 2180 2191 2179
f 2181 2192 2180
f 2182 2193 2181
f 2184 2194 2182
f 2195 2196 2184
f 2197 2198 2185
f 2199 2185 2187
f 2200 2187 2188
f 2201 2188 2189
f 2202 2189 2190
f 2203 2190 2191
f 2192 2203 2191
f 2193 2204 2192
f 2194 2205 2193
f 2196 2206 2194
f 2207 2208 2196
f 2197 2209 2210
f 2199 2211 2197
f 2200 2212 2199
f 2201 2213 2200
f 2202 2214 2201
f 2215 2202 2203
f 2216 2203 2204
f 2217 2204 2205
f 2218 2205 2206
f 2219 2206 2208
f 2220 2208 2221
f 2211 2222 2209
f 2212 2223 2211
f 2213 2224 2212
f 2214 2225 2213
f 2226 2227 2214
f 2228 2226 2215
f 2229 2215 2216
f 2230 2216 2217
f 2231 2217 2218
f 2232 2218 2219
f 2233 2219 2220
f 2223 2234 2222
f 2224 2235 2223
f 2225 2236 2224
f 2227 2237 2225
f 2238 2239 2227
f 2240 2238 2228
f 2241 2228 2229
f 2242 2229 2230
f 2243 2230 2231
f 2244 2231 2232
f 2245 2232 2233
f 2235 2246 2234
f 2236 2247 2235
f 2237 2248 2236
f 2239 2249 2237
f 2250 2251 2239
f 2252 2250 2240
f 2253 2240 2241
f 2254 2241 2242
f 2255 2242 2243
f 2256 2243 2244
f 2257 2244 2245
f 2247 2258 2246
f 2248 2259 2247
f 2249 2260 2248
f 2251 2261 2249
f 2262 2263 2251
f 2264 2262 2252
f 2265 2252 2253
f 2266 2253 2254
f 2267 2254 2255
f 2268 2255 2256
f 2269 2256 2257
f 2259 2270 2258
f 2260 2271 2259
f 2261 2272 2260
f 2263 2273 2261
f 2274 2275 2263
f 2276 2274 2264
f 2277 2264 2265
f 2278 2265 2266
f 2279 2266 2267
f 2280 2267 2268
f 2281 2268 2269
f 2271 2282 2270
f 2272 2283 2271
f 2273 2284 2272
f 2275 2285 2273
f 2286 2287 2275
f 2288 2286 2276
f 2289 2276 2277
f 2290 2277 2278
f 2291 2278 2279
f 2292 2279 2280
f 2293 2280 2281
f 2283 2294 2282
f 2284 2295 2283
f 2285 2296 2284
f 2287 2297 2285
f 2298 2299 2287
f 2300 2298 2288
f 2301 2288 2289
f 2302 2289 2290
f 2303 2290 2291
f 2304 2291 2292
f 2305 2292 2293
f 2295 2306 2294
f 2296 2307 2295
f 2297 2308 2296
f 2299 2309 2297
f 2310 2299 2311
f 2312 2311 2300
f 2313 2300 2301
f 2314 2301 2302
f 2315 2302 2303
f 2316 2303 2304
f 2317 2304 2305
f 2307 2318 2306
f 2308 2319 2307
f 2309 2320 2308
f 2321 2322 2309
f 2310 2323 2321
f 2324 2310 2312
f 2325 2312 2313
f 2326 2313 2314
f 2327 2314 2315
f 2328 2315 2316
f 2329 2316 2317
f 2319 2330 2318
f 2320 2331 2319
f 2322 2332 2320
f 2323 2333 2322
f 2334 2335 2323
f 2336 2334 2324
f 2337 2324 2325
f 2338 2325 2326
f 2339 2326 2327
f 2340 2327 2328
f 2341 2328 2329
f 2331 2342 2330
f 2332 2343 2331
f 2333 2344 2332
f 2335 2345 2333
f 2346 2347 2335
f 2348 2346 2336
f 2349 2336 2337
f 2350 2337 2338
f 2351 2338 2339
f 2352 2339 2340
f 2353 2340 2341
f 2343 2354 2342
f 2344 2355 2343
f 2345 2356 2344
f 2347 2357 2345
f 2358 2359 2347
f 2360 2358 2348
f 2361 2348 2349
f 2362 2349 2350
f 2363 2350 2351
f 2364 2351 2352
f 2365 2352 2353
f 2355 2366 2354
f 2356 2367 2355
f 2357 2368 2356
f 2359 2369 2357
f 2370 2371 2359
f 2372 2370 2360
f 2373 2360 2361
f 2374 2361 2362
f 2375 2362 2363
f 2376 2363 2364
f 2377 2364 2365
f 2367 2378 2366
f 2368 2379 2367
f 2369 2380 2368
f 2371 2381 2369
f 2382 2383 2371
f 2384 2382 2372
f 2385 2372 2373
f 2386 2373 2374
f 2387 2374 2375
f 2388 2375 2376
f 2389 2376 2377
f 2379 2390 2378
f 2380 2391 2379
f 2381 2392 2380
f 2383 2393 2381
f 2394 2395 2383
f 2396 2394 2384
f 2397 2384 2385
f 2398 2385 2386
f 2399 2386 2387
f 2400 2387 2388
f 2401 2388 2389
f 2391 2402 2390
f 2392 2403 2391
f 2393 2404 2392
f 2395 2405 2393
f 2406 2407 2395
f 2408 2406 2396
f 2409 2396 2397
f 2410 2397 2398
f 2411 2398 2399
f 2412 2399 2400
f 2413 2400 2401
f 2403 2414 2402
f 2404 2415 2403
f 2405 2416 2404
f 2407 2417 2405
f 2418 2419 2407
f 2420 2418 2408
f 2421 2408 2409
f 2422 2409 2410
f 2423 2410 2411
f 2424 2411 2412
f 2425 2412 2413
f 2415 2426 2414
f 2416 2427 2415
f 2417 2428 2416
f 2419 2429 2417
f 2430 2431 2419
f 2432 2430 2420
f 2433 2420 2421
f 2434 2421 2422
f 2435 2422 2423
f 2436 2423 2424
f 2437 2424 2425
f 2427 2438 2426
f 2428 2439 2427
f 2429 2440 2428
f 2431 2441 2429
f 2442 2443 2431
f 2444 2442 2432
f 2445 2432 2433
f 2446 2433 2434
f 2447 2434 2435
f 2448 2435 2436
f 2449 2436 2437
f 2439 2450 2438
f 2440 2451 2439
f 2441 2452 2440
f 2443 2453 2441
f 2454 2455 2443
f 2456 2454 2444
f 2457 2444 2445
f 2458 2445 2446
f 2459 2446 2447
f 2460 2447 2448
f 2461 2448 2449
f 2451 2462 2450
f 2452 2463 2451
f 2453 2464 2452
f 2455 2465 2453
f 2466 2467 2455
f 2468 2466 2456
f 2469 2456 2457
f 2470 2457 2458
f 2471 2458 2459
f 2472 2459 2460
f 2473 2460 2461
f 2463 2474 2462
f 2464 2475 2463
f 2465 2476 2464
f 2467 2477 2465
f 2478 2479 2467
f 2480 2478 2468
f 2481 2468 2469
f 2482 2469 2470
f 2483 2470 2471
f 2484 2471 2472
f 2485 2472 2473
f 2475 2486 2474
f 2476 2487 2475
f 2477 2488 2476
f 2479 2489 2477
f 2490 2491 2479
f 2492 2490 2480
f 2493 2480 2481
f 2494 2481 2482
f 2495 2482 2483
f 2496 2483 2484
f 2497 2484 2485
f 2498 2486 2487
f 2499 2487 2488
f 2500 2488 2489
f 2501 2489 2491
f 2502 2491 2503
f 2504 2503 2492
f 2493 2504 2492
f 2494 2505 2493
f 2495 2506 2494
f 2496 2507 2495
f 2497 2508 2496
f 2498 2509 2510
f 2499 2511 2498
f 2500 2512 2499
f 2501 2513 2500
f 2502 2514 2501
f 2515 2502 2504
f 2516 2504 2505
f 2517 2505 2506
f 2518 2506 2507
f 2519 2507 2508
f 2520 2508 2521
f 2511 2522 2509
f 2512 2523 2511
f 2513 2524 2512
f 2514 2525 2513
f 2526 2527 2514
f 2528 2526 2515
f 2529 2515 2516
f 2530 2516 2517
f 2531 2517 2518
f 2532 2518 2519
f 2533 2519 2520
f 2523 2534 2522
f 2524 2535 2523
f 2525 2536 2524
f 2527 2537 2525
f 2538 2539 2527
f 2540 2538 2528
f 2541 2528 2529
f 2542 2529 2530
f 2543 2530 2531
f 2544 2531 2532
f 2545 2532 2533
f 2535 2546 2534
f 2536 2547 2535
f 2537 2548 2536
f 2539 2549 2537
f 2550 2551 2539
f 2552 2550 2540
f 2553 2540 2541
f 2554 2541 2542
f 2555 2542 2543
f 2556 2543 2544
f 2557 2544 2545
f 2547 2558 2546
f 2548 2559 2547
f 2549 2560 2548
f 2551 2561 2549
f 2562 2563 2551
f 2564 2562 2552
f 2565 2552 2553
f 2566 2553 2554
f 2567 2554 2555
f 2568 2555 2556
f 2569 2556 2557
f 2559 2570 2558
f 2560 2571 2559
f 2561 2572 2560
f 2563 2573 2561
f 2574 2575 2563
f 2576 2574 2564
f 2577 2564 2565
f 2578 2565 2566
f 2579 2566 2567
f 2580 2567 2568
f 2581 2568 2569
f 2571 2582 2570
f 2572 2583 2571
f 2573 2584 2572
f 2575 2585 2573
f 2586 2587 2575
f 2588 2586 2576
f 2589 2576 2577
f 2590 2577 2578
f 2591 2578 2579
f 2592 2579 2580
f 2593 2580 2581
f 2583 2594 2582
f 2584 2595 2583
f 2585 2596 2584
f 2587 2597 2585
f 2598 2599 2587
f 2600 2598 2588
f 2601 2588 2589
f 2602 2589 2590
f 2603 2590 2591
f 2604 2591 2592
f 2605 2592 2593
f 2595 2606 2594
f 2596 2607 2595
f 2597 2608 2596
f 2599 2609 2597
f 2610 2611 2599
f 2612 2610 2600
f 2613 2600 2601
f 2614 2601 2602
f 2615 2602 2603
f 2616 2603 2604
f 2617 2604 2605
f 2607 2618 2606
f 2608 2619 2607
f 2609 2620 2608
f 2611 2621 2609
f 2622 2623 2611
f 2624 2622 2612
f 2625 2612 2613
f 2626 2613 2614
f 2627 2614 2615
f 2628 2615 2616
f 2629 2616 2617
f 2630 2618 2619
f 2631 2619 2620
f 2632 2620 2621
f 2633 2621 2623
f 2634 2623 2635
f 2636 2635 2624
f 2625 2636 2624
f 2626 2637 2625
f 2627 2638 2626
f 2628 2639 2627
f 2629 2640 2628
f 2641 2642 2630
f 2643 2630 2631
f 2644 2631 2632
f 2645 2632 2633
f 2646 2633 2634
f 2647 2634 2636
f 2637 2647 2636
f 2638 2648 2637
f 2639 2649 2638
f 2640 2650 2639
f 2651 2652 2640
f 2653 2654 2641
f 2655 2641 2643
f 2656 2643 2644
f 2657 2644 2645
f 2658 2645 2646
f 2659 2646 2647
f 2648 2659 2647
f 2649 2660 2648
f 2650 2661 2649
f 2652 2662 2650
f 2663 2664 2652
f 2665 2666 2653
f 2667 2653 2655
f 2668 2655 2656
f 2669 2656 2657
f 2670 2657 2658
f 2671 2658 2659
f 2660 2671 2659
f 2661 2672 2660
f 2662 2673 2661
f 2664 2674 2662
f 2675 2676 2664
f 2677 2678 2665
f 2679 2665 2667
f 2680 2667 2668
f 2681 2668 2669
f 2682 2669 2670
f 2683 2670 2671
f 2672 2683 2671
f 2673 2684 2672
f 2674 2685 2673
f 2676 2686 2674
f 2687 2688 2676
f 2689 2690 2677
f 2691 2677 2679
f 2692 2679 2680
f 2693 2680 2681
f 2694 2681 2682
f 2695 2682 2683
f 2684 2695 2683
f 2685 2696 2684
f 2686 2697 2685
f 2688 2698 2686
f 2699 2700 2688
f 2701 2702 2689
f 2703 2689 2691
f 2704 2691 2692
f 2705 2692 2693
f 2706 2693 2694
f 2707 2694 2695
f 2696 2707 2695
f 2697 2708 2696
f 2698 2709 2697
f 2700 2710 2698
f 2711 2712 2700
f 2713 2714 2701
f 2715 2701 2703
f 2716 2703 2704
f 2717 2704 2705
f 2718 2705 2706
f 2719 2706 2707
f 2708 2719 2707
f 2709 2720 2708
f 2710 2721 2709
f 2712 2722 2710
f 2723 2724 2712
f 2725 2726 2713
f 2727 2713 2715
f 2728 2715 2716
f 2729 2716 2717
f 2730 2717 2718
f 2731 2718 2719
f 2720 2731 2719
f 2721 2732 2720
f 2722 2733 2721
f 2724 2734 2722
f 2735 2736 2724
f 2737 2738 2725
f 2739 2725 2727
f 2740 2727 2728
f 2741 2728 2729
f 2742 2729 2730
f 2743 2730 2731
f 2732 2743 2731
f 2733 2744 2732
f 2734 2745 2733
f 2736 2746 2734
f 2747 2748 2736
f 2749 2750 2737
f 2751 2737 2739
f 2752 2739 2740
f 2753 2740 2741
f 2754 2741 2742
f 2755 2742 2743
f 2744 2755 2743
f 2745 2756 2744
f 2746 2757 2745
f 2748 2758 2746
f 2759 2760 2748
f 2749 2761 2762
f 2751 2763 2749
f 2752 2764 2751
f 2753 2765 2752
f 2754 2766 2753
f 2767 2754 2755
f 2768 2755 2756
f 2769 2756 2757
f 2770 2757 2758
f 2771 2758 2760
f 2772 2760 2773
f 2774 2761 2763
f 2775 2763 2764
f 2776 2764 2765
f 2777 2765 2766
f 2778 2766 2779
f 2780 2779 2767
f 2768 2780 2767
f 2769 2781 2768
f 2770 2782 2769
f 2771 2783 2770
f 2772 2784 2771
f 2785 2786 2774
f 2787 2774 2775
f 2788 2775 2776
f 2789 2776 2777
f 2790 2777 2778
f 2791 2778 2780
f 2781 2791 2780
f 2782 2792 2781
f 2783 2793 2782
f 2784 2794 2783
f 2795 2796 2784
f 2785 2797 2798
f 2787 2799 2785
f 2788 2800 2787
f 2789 2801 2788
f 2790 2802 2789
f 2803 2790 2791
f 2804 2791 2792
f 2805 2792 2793
f 2806 2793 2794
f 2807 2794 2796
f 2808 2796 2809
f 2799 2810 2797
f 2800 2811 2799
f 2801 2812 2800
f 2802 2813 2801
f 2814 2815 2802
f 2816 2814 2803
f 2817 2803 2804
f 2818 2804 2805
f 2819 2805 2806
f 2820 2806 2807
f 2821 2807 2808
f 2811 2822 2810
f 2812 2823 2811
f 2813 2824 2812
f 2815 2825 2813
f 2826 2827 2815
f 2828 2826 2816
f 2829 2816 2817
f 2830 2817 2818
f 2831 2818 2819
f 2832 2819 2820
f 2833 2820 2821
f 2823 2834 2822
f 2824 2835 2823
f 2825 2836 2824
f 2827 2837 2825
f 2838 2839 2827
f 2840 2838 2828
f 2841 2828 2829
f 2842 2829 2830
f 2843 2830 2831
f 2844 2831 2832
f 2845 2832 2833
f 2835 2846 2834
f 2836 2847 2835
f 2837 2848 2836
f 2839 2849 2837
f 2850 2851 2839
f 2852 2850 2840
f 2853 2840 2841
f 2854 2841 2842
f 2855 2842 2843
f 2856 2843 2844
f 2857 2844 2845
f 2847 2858 2846
f 2848 2859 2847
f 2849 2860 2848
f 2851 2861 2849
f 2862 2863 2851
f 2864 2862 2852
f 2865 2852 2853
f 2866 2853 2854
f 2867 2854 2855
f 2868 2855 2856
f 2869 2856 2857
f 2859 2870 2858
f 2860 2871 2859
f 2861 2872 2860
f 2863 2873 2861
f 2874 2875 2863
f 2876 2874 2864
f 2877 2864 2865
f 2878 2865 2866
f 2879 2866 2867
f 2880 2867 2868
f 2881 2868 2869
f 2871 2882 2870
f 2872 2883 2871
f 2873 2884 2872
f 2875 2885 2873
f 2886 2887 2875
f 2888 2886 2876
f 2889 2876 2877
f 2890 2877 2878
f 2891 2878 2879
f 2892 2879 2880
f 2893 2880 2881
f 2883 2894 2882
f 2884 2895 2883
f 2885 2896 2884
f 2887 2897 2885
f 2898 2899 2887
f 2900 2898 2888
f 2901 2888 2889
f 2902 2889 2890
f 2903 2890 2891
f 2904 2891 2892
f 2905 2892 2893
f 2895 2906 2894
f 2896 2907 2895
f 2897 2908 2896
f 2899 2909 2897
f 2910 2911 2899
f 2912 2910 2900
f 2913 2900 2901
f 2914 2901 2902
f 2915 2902 2903
f 2916 2903 2904
f 2917 2904 2905
f 2918 2906 2907
f 2908 2918 2907
f 2909 2919 2908
f 2911 2920 2909
f 2921 2922 2911
f 2923 2921 2912
f 2924 2912 2913
f 2925 2913 2914
f 2926 2914 2915
f 2916 2926 2915
f 2917 2927 2916
f 2918 2928 2929
f 2919 2930 2918
f 2931 2919 2920
f 2932 2920 2922
f 2933 2922 2934
f 2935 2934 2923
f 2924 2935 2923
f 2925 2936 2924
f 2926 2937 2925
f 2927 2938 2926
f 2939 2927 2940
f 2930 2941 2928
f 2942 2943 2930
f 2931 2944 2942
f 2932 2945 2931
f 2933 2946 2932
f 2947 2933 2935
f 2948 2935 2936
f 2949 2936 2937
f 2950 2937 2938
f 2951 2938 2952
f 2953 2952 2939
f 2954 2941 2943
f 2955 2943 2944
f 2956 2944 2945
f 2957 2945 2946
f 2958 2946 2959
f 2960 2959 2947
f 2948 2960 2947
f 2949 2961 2948
f 2950 2962 2949
f 2951 2963 2950
f 2953 2964 2951
f 2965 2966 2954
f 2967 2954 2955
f 2968 2955 2956
f 2969 2956 2957
f 2970 2957 2958
f 2971 2958 2960
f 2961 2971 2960
f 2962 2972 2961
f 2963 2973 2962
f 2964 2974 2963
f 2975 2976 2964
f 2977 2978 2965
f 2979 2965 2967
f 2980 2967 2968
f 2981 2968 2969
f 2982 2969 2970
f 2983 2970 2971
f 2972 2983 2971
f 2973 2984 2972
f 2974 2985 2973
f 2976 2986 2974
f 2987 2988 2976
f 2989 2990 2977
f 2991 2977 2979
f 2992 2979 2980
f 2993 2980 2981
f 2994 2981 2982
f 2995 2982 2983
f 2984 2995 2983
f 2985 2996 2984
f 2986 2997 2985
f 2988 2998 2986
f 2999 3000 2988
f 3001 3002 2989
f 3003 2989 2991
f 3004 2991 2992
f 3005 2992 2993
f 3006 2993 2994
f 3007 2994 2995
f 2996 3007 2995
f 2997 3008 2996
f 2998 3009 2997
f 3000 3010 2998
f 3011 3012 3000
f 3013 3014 3001
f 3015 3001 3003
f 3016 3003 3004
f 3017 3004 3005
f 3018 3005 3006
f 3019 3006 3007
f 3008 3019 3007
f 3009 3020 3008
f 3010 3021 3009
f 3012 3022 3010
f 3023 3024 3012
f 3025 3026 3013
f 3027 3013 3015
f 3028 3015 3016
f 3029 3016 3017
f 3030 3017 3018
f 3031 3018 3019
f 3020 3031 3019
f 3021 3032 3020
f 3022 3033 3021
f 3024 3034 3022
f 3035 3036 3024
f 3037 3038 3025
f 3039 3025 3027
f 3040 3027 3028
f 3041 3028 3029
f 3042 3029 3030
f 3043 3030 3031
f 3032 3043 3031
f 3033 3044 3032
f 3034 3045 3033
f 3036 3046 3034
f 3047 3048 3036
f 3049 3050 3037
f 3051 3037 3039
f 3052 3039 3040
f 3053 3040 3041
f 3054 3041 3042
f 3055 3042 3043
f 3044 3055 3043
f 3045 3056 3044
f 3046 3057 3045
f 3048 3058 3046
f 3059 3060 3048
f 605 3061 3049
f 607 3049 3051
f 609 3051 3052
f 611 3052 3053
f 613 3053 3054
f 615 3054 3055
f 3056 615 3055
f 3057 616 3056
f 3058 617 3057
f 3060 619 3058
f 3062 621 3060
f 3063 3064 3065
f 3066 3065 3067
f 3068 3067 3069
f 3070 3069 3071
f 3072 3071 3073
f 3074 3073 3075
f 3076 3074 3075
f 3077 3078 3076
f 3079 3080 3077
f 3081 3082 3079
f 3083 3084 3081
f 3085 3086 3063
f 3087 3063 3066
f 3088 3066 3068
f 3089 3068 3070
f 3090 3070 3072
f 3091 3072 3074
f 3078 3091 3074
f 3080 3092 3078
f 3082 3093 3080
f 3084 3094 3082
f 3095 3096 3084
f 3097 3098 3085
f 3099 3085 3087
f 3100 3087 3088
f 3101 3088 3089
f 3102 3089 3090
f 3103 3090 3091
f 3092 3103 3091
f 3093 3104 3092
f 3094 3105 3093
f 3096 3106 3094
f 3107 3108 3096
f 3109 3110 3097
f 3111 3097 3099
f 3112 3099 3100
f 3113 3100 3101
f 3114 3101 3102
f 3115 3102 3103
f 3104 3115 3103
f 3105 3116 3104
f 3106 3117 3105
f 3108 3118 3106
f 3119 3120 3108
f 3121 3122 3109
f 3123 3109 3111
f 3124 3111 3112
f 3125 3112 3113
f 3126 3113 3114
f 3127 3114 3115
f 3116 3127 3115
f 3117 3128 3116
f 3118 3129 3117
f 3120 3130 3118
f 3131 3132 3120
f 3133 3134 3121
f 3135 3121 3123
f 3136 3123 3124
f 3137 3124 3125
f 3138 3125 3126
f 3139 3126 3127
f 3128 3139 3127
f 3129 3140 3128
f 3130 3141 3129
f 3132 3142 3130
f 3143 3144 3132
f 3145 3146 3133
f 3147 3133 3135
f 3148 3135 3136
f 3149 3136 3137
f 3150 3137 3138
f 3151 3138 3139
f 3140 3151 3139
f 3141 3152 3140
f 3142 3153 3141
f 3144 3154 3142
f 3155 3156 3144
f 3157 3158 3145
f 3159 3145 3147
f 3160 3147 3148
f 3161 3148 3149
f 3162 3149 3150
f 3163 3150 3151
f 3152 3163 3151
f 3153 3164 3152
f 3154 3165 3153
f 3156 3166 3154
f 3167 3168 3156
f 3169 3170 3157
f 3171 3157 3159
f 3172 3159 3160
f 3173 3160 3161
f 3174 3161 3162
f 3175 3162 3163
f 3164 3175 3163
f 3165 3176 3164
f 3166 3177 3165
f 3168 3178 3166
f 3179 3180 3168
f 3181 3182 3169
f 3183 3169 3171
f 3184 3171 3172
f 3185 3172 3173
f 3186 3173 3174
f 3187 3174 3175
f 3176 3187 3175
f 3177 3188 3176
f 3178 3189 3177
f 3180 3190 3178
f 3191 3192 3180
f 3181 3193 3194
f 3183 3195 3181
f 3184 3196 3183
f 3185 3197 3184
f 3186 3198 3185
f 3199 3186 3187
f 3200 3187 3188
f 3201 3188 3189
f 3202 3189 3190
f 3203 3190 3192
f 3204 3192 3205
f 3206 3193 3195
f 3207 3195 3196
f 3208 3196 3197
f 3209 3197 3198
f 3210 3198 3211
f 3212 3211 3199
f 3200 3212 3199
f 3201 3213 3200
f 3202 3214 3201
f 3203 3215 3202
f 3204 3216 3203
f 3217 3218 3206
f 3219 3206 3207
f 3220 3207 3208
f 3221 3208 3209
f 3222 3209 3210
f 3223 3210 3212
f 3213 3223 3212
f 3214 3224 3213
f 3215 3225 3214
f 3216 3226 3215
f 3227 3228 3216
f 3229 3230 3217
f 3231 3217 3219
f 3232 3219 3220
f 3233 3220 3221
f 3234 3221 3222
f 3235 3222 3223
f 3224 3235 3223
f 3225 3236 3224
f 3226 3237 3225
f 3228 3238 3226
f 3239 3240 3228
f 3241 3242 3229
f 3243 3229 3231
f 3244 3231 3232
f 3245 3232 3233
f 3246 3233 3234
f 3247 3234 3235
f 3236 3247 3235
f 3237 3248 3236
f 3238 3249 3237
f 3240 3250 3238
f 3251 3252 3240
f 3253 3254 3241
f 3255 3241 3243
f 3256 3243 3244
f 3257 3244 3245
f 3258 3245 3246
f 3259 3246 3247
f 3248 3259 3247
f 3249 3260 3248
f 3250 3261 3249
f 3252 3262 3250
f 3263 3264 3252
f 3253 3265 3266
f 3255 3267 3253
f 3256 3268 3255
f 3257 3269 3256
f 3258 3270 3257
f 3271 3258 3259
f 3272 3259 3260
f 3273 3260 3261
f 3274 3261 3262
f 3275 3262 3264
f 3276 3264 3277
f 3267 3278 3265
f 3268 3279 3267
f 3269 3280 3268
f 3270 3281 3269
f 3282 3283 3270
f 3284 3282 3271
f 3285 3271 3272
f 3286 3272 3273
f 3287 3273 3274
f 3288 3274 3275
f 3289 3275 3276
f 3279 3290 3278
f 3280 3291 3279
f 3281 3292 3280
f 3283 3293 3281
f 3294 3295 3283
f 3296 3294 3284
f 3297 3284 3285
f 3298 3285 3286
f 3299 3286 3287
f 3300 3287 3288
f 3301 3288 3289
f 3291 3302 3290
f 3292 3303 3291
f 3293 3304 3292
f 3295 3305 3293
f 3306 3307 3295
f 3308 3306 3296
f 3309 3296 3297
f 3310 3297 3298
f 3311 3298 3299
f 3312 3299 3300
f 3313 3300 3301
f 3303 3314 3302
f 3304 3315 3303
f 3305 3316 3304
f 3307 3317 3305
f 3318 3319 3307
f 3320 3318 3308
f 3321 3308 3309
f 3322 3309 3310
f 3323 3310 3311
f 3324 3311 3312
f 3325 3312 3313
f 3315 3326 3314
f 3316 3327 3315
f 3317 3328 3316
f 3319 3329 3317
f 3330 3331 3319
f 3332 3330 3320
f 3333 3320 3321
f 3334 3321 3322
f 3335 3322 3323
f 3336 3323 3324
f 3337 3324 3325
f 3327 3338 3326
f 3328 3339 3327
f 3329 3340 3328
f 3331 3341 3329
f 3342 3343 3331
f 3344 3342 3332
f 3345 3332 3333
f 3346 3333 3334
f 3347 3334 3335
f 3348 3335 3336
f 3349 3336 3337
f 3339 3350 3338
f 3340 3351 3339
f 3341 3352 3340
f 3343 3353 3341
f 3354 3355 3343
f 3356 3354 3344
f 3357 3344 3345
f 3358 3345 3346
f 3359 3346 3347
f 3360 3347 3348
f 3361 3348 3349
f 3362 3350 3351
f 3363 3351 3352
f 3364 3352 3353
f 3365 3353 3355
f 3366 3355 3367
f 3368 3367 3356
f 3357 3368 3356
f 3358 3369 3357
f 3359 3370 3358
f 3360 3371 3359
f 3361 3372 3360
f 3373 3374 3362
f 3375 3362 3363
f 3376 3363 3364
f 3377 3364 3365
f 3378 3365 3366
f 3379 3366 3368
f 3369 3379 3368
f 3370 3380 3369
f 3371 3381 3370
f 3372 3382 3371
f 3383 3384 3372
f 3385 3386 3373
f 3387 3373 3375
f 3388 3375 3376
f 3389 3376 3377
f 3390 3377 3378
f 3391 3378 3379
f 3380 3391 3379
f 3381 3392 3380
f 3382 3393 3381
f 3384 3394 3382
f 3395 3396 3384
f 3397 3398 3385
f 3399 3385 3387
f 3400 3387 3388
f 3401 3388 3389
f 3402 3389 3390
f 3391 3402 3390
f 3392 3403 3391
f 3393 3404 3392
f 3394 3405 3393
f 3396 3406 3394
f 3407 3408 3396
f 3409 3410 3397
f 3411 3397 3399
f 3412 3399 3400
f 3413 3400 3401
f 3414 3401 3402
f 3415 3402 3403
f 3404 3415 3403
f 3405 3416 3404
f 3406 3417 3405
f 3408 3418 3406
f 3419 3420 3408
f 3421 3422 3409
f 3423 3409 3411
f 3424 3411 3412
f 3425 3412 3413
f 3426 3413 3414
f 3427 3414 3415
f 3416 3427 3415
f 3417 3428 3416
f 3418 3429 3417
f 3420 3430 3418
f 3431 3432 3420
f 3433 3434 3421
f 3435 3421 3423
f 3436 3423 3424
f 3437 3424 3425
f 3438 3425 3426
f 3439 3426 3427
f 3428 3439 3427
f 3429 3440 3428
f 3430 3441 3429
f 3432 3442 3430
f 3443 3444 3432
f 3445 3446 3433
f 3447 3433 3435
f 3448 3435 3436
f 3449 3436 3437
f 3450 3437 3438
f 3451 3438 3439
f 3440 3451 3439
f 3441 3452 3440
f 3442 3453 3441
f 3444 3454 3442
f 3455 3456 3444
f 3445 3457 3458
f 3447 3459 3445
f 3448 3460 3447
f 3449 3461 3448
f 3450 3462 3449
f 3463 3450 3451
f 3464 3451 3452
f 3465 3452 3453
f 3466 3453 3454
f 3467 3454 3456
f 3468 3456 3469
f 3459 3470 3457
f 3460 3471 3459
f 3461 3472 3460
f 3462 3473 3461
f 3474 3475 3462
f 3476 3474 3463
f 3477 3463 3464
f 3478 3464 3465
f 3479 3465 3466
f 3480 3466 3467
f 3481 3467 3468
f 3471 3482 3470
f 3472 3483 3471
f 3473 3484 3472
f 3475 3485 3473
f 3486 3487 3475
f 3488 3486 3476
f 3489 3476 3477
f 3490 3477 3478
f 3491 3478 3479
f 3492 3479 3480
f 3493 3480 3481
f 3483 3494 3482
f 3484 3495 3483
f 3485 3496 3484
f 3487 3497 3485
f 3498 3499 3487
f 3500 3498 3488
f 3501 3488 3489
f 3502 3489 3490
f 3503 3490 3491
f 3504 3491 3492
f 3505 3492 3493
f 3495 3506 3494
f 3496 3507 3495
f 3497 3508 3496
f 3499 3509 3497
f 3510 3511 3499
f 3512 3510 3500
f 3513 3500 3501
f 3514 3501 3502
f 3515 3502 3503
f 3516 3503 3504
f 3517 3504 3505
f 3507 3518 3506
f 3508 3519 3507
f 3509 3520 3508
f 3511 3521 3509
f 3522 3523 3511
f 3524 3522 3512
f 3525 3512 3513
f 3526 3513 3514
f 3527 3514 3515
f 3528 3515 3516
f 3529 3516 3517
f 3519 3530 3518
f 3520 3531 3519
f 3521 3532 3520
f 3523 3533 3521
f 3534 3535 3523
f 3536 3534 3524
f 3537 3524 3525
f 3538 3525 3526
f 3539 3526 3527
f 3540 3527 3528
f 3541 3528 3529
f 3531 3542 3530
f 3532 3543 3531
f 3533 3544 3532
f 3535 3545 3533
f 3546 3547 3535
f 3548 3546 3536
f 3549 3536 3537
f 3550 3537 3538
f 3551 3538 3539
f 3552 3539 3540
f 3553 3540 3541
f 3543 3554 3542
f 3544 3555 3543
f 3545 3556 3544
f 3547 3557 3545
f 3558 3559 3547
f 3560 3558 3548
f 3561 3548 3549
f 3562 3549 3550
f 3563 3550 3551
f 3564 3551 3552
f 3565 3552 3553
f 3555 3566 3554
f 3556 3567 3555
f 3557 3568 3556
f 3559 3569 3557
f 3570 3571 3559
f 3572 3570 3560
f 3573 3560 3561
f 3574 3561 3562
f 3575 3562 3563
f 3576 3563 3564
f 3577 3564 3565
f 3567 3578 3566
f 3568 3579 3567
f 3569 3580 3568
f 3571 3581 3569
f 3582 3583 3571
f 3584 3582 3572
f 3585 3572 3573
f 3586 3573 3574
f 3587 3574 3575
f 3588 3575 3576
f 3589 3576 3577
f 3579 3590 3578
f 3580 3591 3579
f 3581 3592 3580
f 3583 3593 3581
f 3594 3595 3583
f 3596 3594 3584
f 3597 3584 3585
f 3598 3585 3586
f 3599 3586 3587
f 3600 3587 3588
f 3601 3588 3589
f 3591 3602 3590
f 3592 3603 3591
f 3593 3604 3592
f 3595 3605 3593
f 3606 3607 3595
f 3596 3608 3606
f 3609 3596 3597
f 3610 3597 3598
f 3611 3598 3599
f 3612 3599 3600
f 3613 3600 3601
f 3603 3614 3602
f 3604 3615 3603
f 3605 3616 3604
f 3607 3617 3605
f 3608 3618 3607
f 3619 3608 3620
f 3621 3620 3609
f 3622 3609 3610
f 3623 3610 3611
f 3624 3611 3612
f 3625 3612 3613
f 3615 3626 3614
f 3616 3627 3615
f 3617 3628 3616
f 3618 3629 3617
f 3630 3631 3618
f 3632 3630 3619
f 3633 3619 3621
f 3634 3621 3622
f 3635 3622 3623
f 3636 3623 3624
f 3637 3624 3625
f 3627 3638 3626
f 3628 3639 3627
f 3629 3640 3628
f 3631 3641 3629
f 3642 3643 3631
f 3644 3642 3632
f 3645 3632 3633
f 3646 3633 3634
f 3647 3634 3635
f 3648 3635 3636
f 3649 3636 3637
f 3650 3638 3639
f 3651 3639 3640
f 3652 3640 3641
f 3653 3641 3643
f 3654 3643 3655
f 3656 3655 3644
f 3645 3656 3644
f 3646 3657 3645
f 3647 3658 3646
f 3648 3659 3647
f 3649 3660 3648
f 3661 3662 3650
f 3663 3650 3651
f 3664 3651 3652
f 3665 3652 3653
f 3666 3653 3654
f 3656 3666 3654
f 3657 3667 3656
f 3658 3668 3657
f 3659 3669 3658
f 3660 3670 3659
f 3671 3672 3660
f 3673 3674 3661
f 3675 3661 3663
f 3676 3663 3664
f 3677 3664 3665
f 3678 3665 3666
f 3667 3678 3666
f 3668 3679 3667
f 3669 3680 3668
f 3670 3681 3669
f 3672 3682 3670
f 3683 3684 3672
f 3685 3686 3673
f 3687 3673 3675
f 3688 3675 3676
f 3689 3676 3677
f 3690 3677 3678
f 3691 3678 3679
f 3680 3691 3679
f 3681 3692 3680
f 3682 3693 3681
f 3684 3694 3682
f 3695 3696 3684
f 3697 3698 3685
f 3699 3685 3687
f 3700 3687 3688
f 3701 3688 3689
f 3702 3689 3690
f 3703 3690 3691
f 3692 3703 3691
f 3693 3704 3692
f 3694 3705 3693
f 3696 3706 3694
f 3707 3708 3696
f 3709 3710 3697
f 3711 3697 3699
f 3712 3699 3700
f 3713 3700 3701
f 3714 3701 3702
f 3715 3702 3703
f 3704 3715 3703
f 3705 3716 3704
f 3706 3717 3705
f 3708 3718 3706
f 3719 3720 3708
f 3721 3722 3709
f 3723 3709 3711
f 3724 3711 3712
f 3725 3712 3713
f 3726 3713 3714
f 3727 3714 3715
f 3716 3727 3715
f 3717 3728 3716
f 3718 3729 3717
f 3720 3730 3718
f 3731 3732 3720
f 3733 3734 3721
f 3735 3721 3723
f 3736 3723 3724
f 3737 3724 3725
f 3738 3725 3726
f 3739 3726 3727
f 3728 3739 3727
f 3729 3740 3728
f 3730 3741 3729
f 3732 3742 3730
f 3743 3744 3732
f 3745 3746 3733
f 3747 3733 3735
f 3748 3735 3736
f 3749 3736 3737
f 3750 3737 3738
f 3751 3738 3739
f 3740 3751 3739
f 3741 3752 3740
f 3742 3753 3741
f 3744 3754 3742
f 3755 3756 3744
f 3757 3758 3745
f 3759 3745 3747
f 3760 3747 3748
f 3761 3748 3749
f 3762 3749 3750
f 3763 3750 3751
f 3752 3763 3751
f 3753 3764 3752
f 3754 3765 3753
f 3756 3766 3754
f 3767 3768 3756
f 3757 3769 3770
f 3759 3771 3757
f 3760 3772 3759
f 3761 3773 3760
f 3762 3774 3761
f 3775 3762 3763
f 3776 3763 3764
f 3777 3764 3765
f 3778 3765 3766
f 3779 3766 3768
f 3780 3768 3781
f 3771 3782 3769
f 3772 3783 3771
f 3773 3784 3772
f 3774 3785 3773
f 3786 3787 3774
f 3788 3786 3775
f 3789 3775 3776
f 3790 3776 3777
f 3791 3777 3778
f 3792 3778 3779
f 3793 3779 3780
f 3794 3782 3783
f 3795 3783 3784
f 3796 3784 3785
f 3797 3785 3787
f 3798 3787 3799
f 3800 3799 3788
f 3789 3800 3788
f 3790 3801 3789
f 3791 3802 3790
f 3792 3803 3791
f 3793 3804 3792
f 3805 3806 3794
f 3807 3794 3795
f 3808 3795 3796
f 3809 3796 3797
f 3810 3797 3798
f 3811 3798 3800
f 3801 3811 3800
f 3802 3812 3801
f 3803 3813 3802
f 3804 3814 3803
f 3815 3816 3804
f 3817 3818 3805
f 3819 3805 3807
f 3820 3807 3808
f 3821 3808 3809
f 3822 3809 3810
f 3823 3810 3811
f 3812 3823 3811
f 3813 3824 3812
f 3814 3825 3813
f 3816 3826 3814
f 3827 3828 3816
f 3829 3830 3817
f 3831 3817 3819
f 3832 3819 3820
f 3833 3820 3821
f 3834 3821 3822
f 3835 3822 3823
f 3824 3835 3823
f 3825 3836 3824
f 3826 3837 3825
f 3828 3838 3826
f 3839 3840 3828
f 3841 3842 3829
f 3843 3829 3831
f 3844 3831 3832
f 3845 3832 3833
f 3846 3833 3834
f 3847 3834 3835
f 3836 3847 3835
f 3837 3848 3836
f 3838 3849 3837
f 3840 3850 3838
f 3851 3852 3840
f 3853 3854 3841
f 3855 3841 3843
f 3856 3843 3844
f 3857 3844 3845
f 3858 3845 3846
f 3859 3846 3847
f 3848 3859 3847
f 3849 3860 3848
f 3850 3861 3849
f 3852 3862 3850
f 3863 3864 3852
f 3853 3865 3866
f 3855 3867 3853
f 3856 3868 3855
f 3857 3869 3856
f 3858 3870 3857
f 3871 3858 3859
f 3872 3859 3860
f 3873 3860 3861
f 3874 3861 3862
f 3875 3862 3864
f 3876 3864 3877
f 3867 3878 3865
f 3868 3879 3867
f 3869 3880 3868
f 3870 3881 3869
f 3882 3883 3870
f 3884 3882 3871
f 3885 3871 3872
f 3886 3872 3873
f 3887 3873 3874
f 3888 3874 3875
f 3889 3875 3876
f 3879 3890 3878
f 3880 3891 3879
f 3881 3892 3880
f 3883 3893 3881
f 3894 3895 3883
f 3896 3894 3884
f 3897 3884 3885
f 3898 3885 3886
f 3899 3886 3887
f 3900 3887 3888
f 3901 3888 3889
f 3891 3902 3890
f 3892 3903 3891
f 3893 3904 3892
f 3895 3905 3893
f 3906 3907 3895
f 3908 3906 3896
f 3909 3896 3897
f 3910 3897 3898
f 3911 3898 3899
f 3912 3899 3900
f 3913 3900 3901
f 3903 3914 3902
f 3904 3915 3903
f 3905 3916 3904
f 3907 3917 3905
f 3918 3919 3907
f 3920 3918 3908
f 3921 3908 3909
f 3922 3909 3910
f 3923 3910 3911
f 3924 3911 3912
f 3925 3912 3913
f 3915 3926 3914
f 3916 3927 3915
f 3917 3928 3916
f 3919 3929 3917
f 3930 3931 3919
f 3932 3930 3920
f 3933 3920 3921
f 3934 3921 3922
f 3935 3922 3923
f 3936 3923 3924
f 3937 3924 3925
f 3938 3926 3927
f 3939 3927 3928
f 3940 3928 3929
f 3941 3929 3931
f 3942 3931 3943
f 3944 3943 3932
f 3933 3944 3932
f 3934 3945 3933
f 3935 3946 3934
f 3936 3947 3935
f 3937 3948 3936
f 3949 3950 3938
f 3951 3938 3939
f 3952 3939 3940
f 3953 3940 3941
f 3954 3941 3942
f 3955 3942 3944
f 3945 3955 3944
f 3946 3956 3945
f 3947 3957 3946
f 3948 3958 3947
f 3959 3960 3948
f 3961 3962 3949
f 3963 3949 3951
f 3964 3951 3952
f 3965 3952 3953
f 3966 3953 3954
f 3967 3954 3955
f 3956 3967 3955
f 3957 3968 3956
f 3958 3969 3957
f 3960 3970 3958
f 3971 3972 3960
f 3973 3974 3961
f 3975 3961 3963
f 3976 3963 3964
f 3977 3964 3965
f 3978 3965 3966
f 3979 3966 3967
f 3968 3979 3967
f 3969 3980 3968
f 3970 3981 3969
f 3972 3982 3970
f 3983 3984 3972
f 3985 3986 3973
f 3987 3973 3975
f 3988 3975 3976
f 3989 3976 3977
f 3990 3977 3978
f 3991 3978 3979
f 3980 3991 3979
f 3981 3992 3980
f 3982 3993 3981
f 3984 3994 3982
f 3995 3996 3984
f 3997 3998 3985
f 3999 3985 3987
f 4000 3987 3988
f 4001 3988 3989
f 4002 3989 3990
f 4003 3990 3991
f 3992 4003 3991
f 3993 4004 3992
f 3994 4005 3993
f 3996 4006 3994
f 4007 4008 3996
f 4009 4010 3997
f 4011 3997 3999
f 4012 3999 4000
f 4013 4000 4001
f 4014 4001 4002
f 4015 4002 4003
f 4004 4015 4003
f 4005 4016 4004
f 4006 4017 4005
f 4008 4018 4006
f 4019 4020 4008
f 4009 4021 4022
f 4011 4023 4009
f 4012 4024 4011
f 4013 4025 4012
f 4014 4026 4013
f 4027 4014 4015
f 4028 4015 4016
f 4029 4016 4017
f 4030 4017 4018
f 4031 4018 4020
f 4032 4020 4033
f 4023 4034 4021
f 4024 4035 4023
f 4025 4036 4024
f 4026 4037 4025
f 4038 4039 4026
f 4040 4038 4027
f 4041 4027 4028
f 4042 4028 4029
f 4043 4029 4030
f 4044 4030 4031
f 4045 4031 4032
f 4035 4046 4034
f 4036 4047 4035
f 4037 4048 4036
f 4039 4049 4037
f 4050 4051 4039
f 4052 4050 4040
f 4053 4040 4041
f 4054 4041 4042
f 4055 4042 4043
f 4056 4043 4044
f 4057 4044 4045
f 4047 4058 4046
f 4048 4059 4047
f 4049 4060 4048
f 4051 4061 4049
f 4062 4063 4051
f 4064 4062 4052
f 4065 4052 4053
f 4066 4053 4054
f 4067 4054 4055
f 4068 4055 4056
f 4069 4056 4057
f 4070 4058 4059
f 4071 4059 4060
f 4072 4060 4061
f 4073 4061 4063
f 4074 4063 4075
f 4076 4075 4064
f 4065 4076 4064
f 4066 4077 4065
f 4067 4078 4066
f 4068 4079 4067
f 4069 4080 4068
f 4081 4082 4070
f 4083 4070 4071
f 4084 4071 4072
f 4085 4072 4073
f 4086 4073 4074
f 4087 4074 4076
f 4077 4087 4076
f 4078 4088 4077
f 4079 4089 4078
f 4080 4090 4079
f 4091 4092 4080
f 4081 4093 4094
f 4083 4095 4081
f 4084 4096 4083
f 4085 4097 4084
f 4086 4098 4085
f 4099 4086 4087
f 4100 4087 4088
f 4101 4088 4089
f 4102 4089 4090
f 4103 4090 4092
f 4104 4092 4105
f 4095 4106 4093
f 4096 4107 4095
f 4097 4108 4096
f 4098 4109 4097
f 4110 4111 4098
f 4112 4110 4099
f 4113 4099 4100
f 4114 4100 4101
f 4115 4101 4102
f 4116 4102 4103
f 4117 4103 4104
f 4107 4118 4106
f 4108 4119 4107
f 4109 4120 4108
f 4111 4121 4109
f 4122 4123 4111
f 4124 4122 4112
f 4125 4112 4113
f 4126 4113 4114
f 4127 4114 4115
f 4128 4115 4116
f 4129 4116 4117
f 4119 4130 4118
f 4120 4131 4119
f 4121 4132 4120
f 4123 4133 4121
f 4134 4135 4123
f 4136 4134 4124
f 4137 4124 4125
f 4138 4125 4126
f 4139 4126 4127
f 4140 4127 4128
f 4141 4128 4129
f 4131 4142 4130
f 4132 4143 4131
f 4133 4144 4132
f 4135 4145 4133
f 4146 4147 4135
f 4148 4146 4136
f 4149 4136 4137
f 4150 4137 4138
f 4151 4138 4139
f 4152 4139 4140
f 4153 4140 4141
f 4143 4154 4142
f 4144 4155 4143
f 4145 4156 4144
f 4147 4157 4145
f 4158 4159 4147
f 4160 4158 4148
f 4161 4148 4149
f 4162 4149 4150
f 4163 4150 4151
f 4164 4151 4152
f 4165 4152 4153
f 4155 4166 4154
f 4156 4167 4155
f 4157 4168 4156
f 4159 4169 4157
f 4170 4171 4159
f 4172 4170 4160
f 4173 4160 4161
f 4174 4161 4162
f 4175 4162 4163
f 4176 4163 4164
f 4177 4164 4165
f 4167 4178 4166
f 4168 4179 4167
f 4169 4180 4168
f 4171 4181 4169
f 4182 4183 4171
f 4184 4182 4172
f 4185 4172 4173
f 4186 4173 4174
f 4187 4174 4175
f 4188 4175 4176
f 4189 4176 4177
f 4179 4190 4178
f 4180 4191 4179
f 4181 4192 4180
f 4183 4193 4181
f 4194 4195 4183
f 4196 4194 4184
f 4197 4184 4185
f 4198 4185 4186
f 4199 4186 4187
f 4200 4187 4188
f 4201 4188 4189
f 4191 4202 4190
f 4192 4203 4191
f 4193 4204 4192
f 4195 4205 4193
f 4206 4207 4195
f 4208 4206 4196
f 4209 4196 4197
f 4210 4197 4198
f 4211 4198 4199
f 4212 4199 4200
f 4213 4200 4201
f 4203 3064 4202
f 4204 3065 4203
f 4205 3067 4204
f 4207 3069 4205
f 4214 3071 4207
f 3075 4214 4208
f 3076 4208 4209
f 3077 4209 4210
f 3079 4210 4211
f 3081 4211 4212
f 3083 4212 4213
f 603 626 604
f 606 603 605
f 608 606 607
f 610 608 609
f 612 610 611
f 614 612 613
f 616 618 614
f 617 620 618
f 619 622 620
f 621 624 622
f 623 637 624
f 603 627 625
f 606 628 627
f 608 629 628
f 610 630 629
f 612 642 630
f 631 642 612
f 632 631 614
f 633 632 618
f 634 633 620
f 635 634 622
f 636 635 624
f 627 639 638
f 628 640 639
f 629 641 640
f 630 643 641
f 642 654 643
f 644 654 642
f 645 644 631
f 646 645 632
f 647 646 633
f 648 647 634
f 649 648 635
f 639 651 650
f 640 652 651
f 641 653 652
f 643 655 653
f 654 666 655
f 656 666 654
f 657 656 644
f 658 657 645
f 659 658 646
f 660 659 647
f 661 660 648
f 651 663 662
f 652 664 663
f 653 665 664
f 655 667 665
f 666 678 667
f 668 678 666
f 669 668 656
f 670 669 657
f 671 670 658
f 672 671 659
f 673 672 660
f 663 675 674
f 664 676 675
f 665 677 676
f 667 679 677
f 678 690 679
f 680 690 678
f 681 680 668
f 682 681 669
f 683 682 670
f 684 683 671
f 685 684 672
f 675 687 686
f 676 688 687
f 677 689 688
f 679 691 689
f 690 702 691
f 692 702 690
f 693 692 680
f 694 693 681
f 695 694 682
f 696 695 683
f 697 696 684
f 687 699 698
f 688 700 699
f 689 701 700
f 691 703 701
f 702 714 703
f 704 714 702
f 705 704 692
f 706 705 693
f 707 706 694
f 708 707 695
f 709 708 696
f 699 711 710
f 700 712 711
f 701 713 712
f 703 715 713
f 714 726 715
f 716 726 714
f 717 716 704
f 718 717 705
f 719 718 706
f 720 719 707
f 721 720 708
f 711 723 722
f 712 724 723
f 713 725 724
f 715 727 725
f 726 738 727
f 728 738 726
f 729 728 716
f 730 729 717
f 731 730 718
f 732 731 719
f 733 732 720
f 723 735 734
f 724 736 735
f 725 737 736
f 727 739 737
f 738 750 739
f 740 750 738
f 741 740 728
f 742 741 729
f 743 742 730
f 744 743 731
f 745 744 732
f 735 747 746
f 736 748 747
f 737 749 748
f 739 751 749
f 750 762 751
f 752 762 750
f 753 752 740
f 754 753 741
f 755 754 742
f 756 755 743
f 757 756 744
f 747 759 758
f 748 760 759
f 749 761 760
f 751 763 761
f 762 774 763
f 764 774 762
f 765 764 752
f 766 765 753
f 767 766 754
f 768 767 755
f 769 768 756
f 759 771 770
f 760 772 771
f 761 773 772
f 763 775 773
f 774 786 775
f 776 786 774
f 777 776 764
f 778 777 765
f 779 778 766
f 780 779 767
f 781 780 768
f 771 783 782
f 772 784 783
f 773 785 784
f 775 787 785
f 786 798 787
f 788 798 786
f 789 788 776
f 790 789 777
f 791 790 778
f 792 791 779
f 793 792 780
f 783 795 794
f 784 796 795
f 785 797 796
f 787 799 797
f 798 810 799
f 800 810 798
f 801 800 788
f 802 801 789
f 803 802 790
f 804 803 791
f 805 804 792
f 795 807 806
f 796 808 807
f 797 809 808
f 799 811 809
f 810 822 811
f 812 822 810
f 813 812 800
f 814 813 801
f 815 814 802
f 816 815 803
f 817 816 804
f 807 819 818
f 808 820 819
f 809 821 820
f 811 823 821
f 822 834 823
f 824 834 822
f 825 824 812
f 826 825 813
f 827 826 814
f 828 827 815
f 829 828 816
f 819 831 830
f 820 832 831
f 821 833 832
f 823 835 833
f 834 836 835
f 824 846 836
f 837 846 824
f 838 837 825
f 839 838 826
f 840 839 827
f 841 840 828
f 831 843 842
f 832 844 843
f 833 855 844
f 845 855 833
f 836 847 845
f 846 859 847
f 848 859 846
f 838 860 848
f 849 860 838
f 850 849 839
f 851 850 840
f 852 866 842
f 853 852 843
f 854 853 844
f 856 854 855
f 857 856 845
f 858 857 847
f 848 861 858
f 860 862 861
f 849 863 862
f 850 864 863
f 851 875 864
f 865 878 866
f 867 865 852
f 868 867 853
f 869 868 854
f 870 869 856
f 858 871 870
f 861 872 871
f 862 873 872
f 863 874 873
f 864 876 874
f 875 887 876
f 877 890 878
f 879 877 865
f 880 879 867
f 881 880 868
f 882 881 869
f 883 882 870
f 872 884 883
f 873 885 884
f 874 886 885
f 876 888 886
f 887 901 888
f 877 891 889
f 879 892 891
f 880 893 892
f 881 894 893
f 882 906 894
f 895 906 882
f 896 895 883
f 897 896 884
f 898 897 885
f 899 898 886
f 900 899 888
f 891 903 902
f 892 904 903
f 893 905 904
f 894 907 905
f 906 918 907
f 908 918 906
f 909 908 895
f 910 909 896
f 911 910 897
f 912 911 898
f 913 912 899
f 903 915 914
f 904 916 915
f 905 917 916
f 907 919 917
f 918 931 919
f 920 931 918
f 921 920 908
f 922 921 909
f 923 922 910
f 924 923 911
f 925 924 912
f 926 937 914
f 927 926 915
f 928 927 916
f 929 928 917
f 930 929 919
f 932 930 931
f 921 933 932
f 922 934 933
f 923 944 934
f 935 944 923
f 925 947 935
f 936 950 937
f 938 936 926
f 939 938 927
f 940 939 928
f 941 940 929
f 942 941 930
f 933 943 942
f 934 945 943
f 944 946 945
f 935 948 946
f 947 959 948
f 949 962 950
f 951 949 936
f 952 951 938
f 953 952 939
f 954 953 940
f 942 955 954
f 943 956 955
f 945 957 956
f 946 958 957
f 948 960 958
f 959 971 960
f 961 974 962
f 963 961 949
f 964 963 951
f 965 964 952
f 966 965 953
f 967 966 954
f 956 968 967
f 957 969 968
f 958 970 969
f 960 972 970
f 971 983 972
f 973 986 974
f 975 973 961
f 976 975 963
f 977 976 964
f 978 977 965
f 979 978 966
f 968 980 979
f 969 981 980
f 970 982 981
f 972 984 982
f 983 995 984
f 985 998 986
f 987 985 973
f 988 987 975
f 989 988 976
f 990 989 977
f 991 990 978
f 980 992 991
f 981 993 992
f 982 994 993
f 984 996 994
f 995 1007 996
f 997 1010 998
f 999 997 985
f 1000 999 987
f 1001 1000 988
f 1002 1001 989
f 1003 1002 990
f 992 1004 1003
f 993 1005 1004
f 994 1006 1005
f 996 1008 1006
f 1007 1019 1008
f 1009 1022 1010
f 1011 1009 997
f 1012 1011 999
f 1013 1012 1000
f 1014 1013 1001
f 1015 1014 1002
f 1004 1016 1015
f 1005 1017 1016
f 1006 1018 1017
f 1008 1020 1018
f 1019 1031 1020
f 1021 1034 1022
f 1023 1021 1009
f 1024 1023 1011
f 1025 1024 1012
f 1026 1025 1013
f 1027 1026 1014
f 1016 1028 1027
f 1017 1029 1028
f 1018 1030 1029
f 1020 1032 1030
f 1031 1043 1032
f 1033 1046 1034
f 1035 1033 1021
f 1036 1035 1023
f 1037 1036 1024
f 1038 1037 1025
f 1039 1038 1026
f 1028 1040 1039
f 1029 1041 1040
f 1030 1042 1041
f 1032 1044 1042
f 1043 1057 1044
f 1033 1047 1045
f 1035 1048 1047
f 1036 1049 1048
f 1037 1050 1049
f 1038 1062 1050
f 1051 1062 1038
f 1052 1051 1039
f 1053 1052 1040
f 1054 1053 1041
f 1055 1054 1042
f 1056 1055 1044
f 1047 1059 1058
f 1048 1060 1059
f 1049 1061 1060
f 1050 1063 1061
f 1062 1074 1063
f 1064 1074 1062
f 1065 1064 1051
f 1066 1065 1052
f 1067 1066 1053
f 1068 1067 1054
f 1069 1068 1055
f 1059 1071 1070
f 1060 1072 1071
f 1061 1073 1072
f 1063 1075 1073
f 1074 1086 1075
f 1076 1086 1074
f 1077 1076 1064
f 1078 1077 1065
f 1079 1078 1066
f 1080 1079 1067
f 1081 1080 1068
f 1071 1083 1082
f 1072 1084 1083
f 1073 1085 1084
f 1075 1087 1085
f 1086 1098 1087
f 1088 1098 1086
f 1089 1088 1076
f 1090 1089 1077
f 1091 1090 1078
f 1092 1091 1079
f 1093 1092 1080
f 1083 1095 1094
f 1084 1096 1095
f 1085 1097 1096
f 1087 1099 1097
f 1098 1110 1099
f 1100 1110 1098
f 1101 1100 1088
f 1102 1101 1089
f 1103 1102 1090
f 1104 1103 1091
f 1105 1104 1092
f 1095 1107 1106
f 1096 1108 1107
f 1097 1109 1108
f 1099 1111 1109
f 1110 1122 1111
f 1112 1122 1110
f 1113 1112 1100
f 1114 1113 1101
f 1115 1114 1102
f 1116 1115 1103
f 1117 1116 1104
f 1107 1119 1118
f 1108 1120 1119
f 1109 1121 1120
f 1111 1123 1121
f 1122 1134 1123
f 1124 1134 1122
f 1125 1124 1112
f 1126 1125 1113
f 1127 1126 1114
f 1128 1127 1115
f 1129 1128 1116
f 1119 1131 1130
f 1120 1132 1131
f 1121 1133 1132
f 1123 1135 1133
f 1134 1146 1135
f 1136 1146 1134
f 1137 1136 1124
f 1138 1137 1125
f 1139 1138 1126
f 1140 1139 1127
f 1141 1140 1128
f 1131 1143 1142
f 1132 1144 1143
f 1133 1145 1144
f 1135 1147 1145
f 1146 1158 1147
f 1148 1158 1146
f 1149 1148 1136
f 1150 1149 1137
f 1151 1150 1138
f 1152 1151 1139
f 1153 1152 1140
f 1154 1165 1142
f 1155 1154 1143
f 1156 1155 1144
f 1157 1156 1145
f 1158 1170 1157
f 1159 1170 1158
f 1160 1159 1148
f 1150 1161 1160
f 1151 1162 1161
f 1152 1163 1162
f 1153 1175 1163
f 1164 1178 1165
f 1166 1164 1154
f 1167 1166 1155
f 1168 1167 1156
f 1169 1168 1157
f 1171 1169 1170
f 1160 1172 1171
f 1161 1173 1172
f 1162 1174 1173
f 1163 1176 1174
f 1175 1187 1176
f 1177 1190 1178
f 1179 1177 1164
f 1180 1179 1166
f 1181 1180 1167
f 1182 1181 1168
f 1183 1182 1169
f 1172 1184 1183
f 1173 1185 1184
f 1174 1186 1185
f 1176 1188 1186
f 1187 1199 1188
f 1189 1202 1190
f 1191 1189 1177
f 1192 1191 1179
f 1193 1192 1180
f 1194 1193 1181
f 1195 1194 1182
f 1184 1196 1195
f 1185 1197 1196
f 1186 1198 1197
f 1188 1200 1198
f 1199 1213 1200
f 1189 1203 1201
f 1191 1204 1203
f 1192 1205 1204
f 1193 1206 1205
f 1194 1218 1206
f 1207 1218 1194
f 1208 1207 1195
f 1209 1208 1196
f 1210 1209 1197
f 1211 1210 1198
f 1212 1211 1200
f 1203 1215 1214
f 1204 1216 1215
f 1205 1217 1216
f 1206 1219 1217
f 1218 1230 1219
f 1220 1230 1218
f 1221 1220 1207
f 1222 1221 1208
f 1223 1222 1209
f 1224 1223 1210
f 1225 1224 1211
f 1215 1227 1226
f 1216 1228 1227
f 1217 1229 1228
f 1219 1231 1229
f 1230 1242 1231
f 1232 1242 1230
f 1221 1244 1232
f 1233 1244 1221
f 1234 1233 1222
f 1235 1234 1223
f 1236 1235 1224
f 1237 1250 1226
f 1238 1237 1227
f 1239 1238 1228
f 1240 1239 1229
f 1241 1240 1231
f 1243 1241 1242
f 1244 1245 1243
f 1233 1246 1245
f 1234 1247 1246
f 1235 1248 1247
f 1236 1259 1248
f 1249 1262 1250
f 1251 1249 1237
f 1252 1251 1238
f 1253 1252 1239
f 1254 1253 1240
f 1255 1254 1241
f 1245 1256 1255
f 1246 1257 1256
f 1247 1258 1257
f 1248 1260 1258
f 1259 1271 1260
f 1261 1274 1262
f 1263 1261 1249
f 1264 1263 1251
f 1265 1264 1252
f 1266 1265 1253
f 1267 1266 1254
f 1256 1268 1267
f 1257 1269 1268
f 1258 1270 1269
f 1260 1272 1270
f 1271 1283 1272
f 1273 1286 1274
f 1275 1273 1261
f 1276 1275 1263
f 1277 1276 1264
f 1278 1277 1265
f 1279 1278 1266
f 1268 1280 1279
f 1269 1281 1280
f 1270 1282 1281
f 1272 1284 1282
f 1283 1295 1284
f 1285 1298 1286
f 1287 1285 1273
f 1288 1287 1275
f 1289 1288 1276
f 1290 1289 1277
f 1291 1290 1278
f 1280 1292 1291
f 1281 1293 1292
f 1282 1294 1293
f 1284 1296 1294
f 1295 1307 1296
f 1297 1310 1298
f 1299 1297 1285
f 1300 1299 1287
f 1301 1300 1288
f 1302 1301 1289
f 1303 1302 1290
f 1292 1304 1303
f 1293 1305 1304
f 1294 1306 1305
f 1296 1308 1306
f 1307 1319 1308
f 1309 1322 1310
f 1311 1309 1297
f 1312 1311 1299
f 1313 1312 1300
f 1314 1313 1301
f 1315 1314 1302
f 1304 1316 1315
f 1305 1317 1316
f 1306 1318 1317
f 1308 1320 1318
f 1319 1331 1320
f 1321 1334 1322
f 1323 1321 1309
f 1324 1323 1311
f 1325 1324 1312
f 1326 1325 1313
f 1327 1326 1314
f 1316 1328 1327
f 1317 1329 1328
f 1318 1330 1329
f 1320 1332 1330
f 1331 1343 1332
f 1333 1346 1334
f 1335 1333 1321
f 1336 1335 1323
f 1337 1336 1324
f 1338 1337 1325
f 1339 1338 1326
f 1328 1340 1339
f 1329 1341 1340
f 1330 1342 1341
f 1332 1344 1342
f 1343 1355 1344
f 1345 1358 1346
f 1347 1345 1333
f 1348 1347 1335
f 1349 1348 1336
f 1350 1349 1337
f 1351 1350 1338
f 1340 1352 1351
f 1341 1353 1352
f 1342 1354 1353
f 1344 1356 1354
f 1355 1367 1356
f 1357 1370 1358
f 1359 1357 1345
f 1360 1359 1347
f 1361 1360 1348
f 1362 1361 1349
f 1363 1362 1350
f 1352 1364 1363
f 1353 1365 1364
f 1354 1366 1365
f 1356 1368 1366
f 1367 1379 1368
f 1369 1382 1370
f 1371 1369 1357
f 1372 1371 1359
f 1373 1372 1360
f 1374 1373 1361
f 1375 1374 1362
f 1364 1376 1375
f 1365 1377 1376
f 1366 1378 1377
f 1368 1380 1378
f 1379 1391 1380
f 1381 1394 1382
f 1383 1381 1369
f 1384 1383 1371
f 1385 1384 1372
f 1386 1385 1373
f 1387 1386 1374
f 1376 1388 1387
f 1377 1389 1388
f 1378 1390 1389
f 1380 1392 1390
f 1391 1403 1392
f 1393 1406 1394
f 1395 1393 1381
f 1396 1395 1383
f 1397 1396 1384
f 1398 1397 1385
f 1399 1398 1386
f 1388 1400 1399
f 1389 1401 1400
f 1390 1402 1401
f 1392 1404 1402
f 1403 1415 1404
f 1405 1418 1406
f 1407 1405 1393
f 1408 1407 1395
f 1409 1408 1396
f 1410 1409 1397
f 1411 1410 1398
f 1400 1412 1411
f 1401 1413 1412
f 1402 1414 1413
f 1404 1416 1414
f 1415 1427 1416
f 1417 1430 1418
f 1419 1417 1405
f 1420 1419 1407
f 1421 1420 1408
f 1422 1421 1409
f 1423 1422 1410
f 1412 1424 1423
f 1413 1425 1424
f 1414 1426 1425
f 1416 1428 1426
f 1427 1439 1428
f 1429 1442 1430
f 1431 1429 1417
f 1432 1431 1419
f 1433 1432 1420
f 1434 1433 1421
f 1435 1434 1422
f 1424 1436 1435
f 1425 1437 1436
f 1426 1438 1437
f 1428 1440 1438
f 1439 1451 1440
f 1441 1454 1442
f 1443 1441 1429
f 1444 1443 1431
f 1445 1444 1432
f 1446 1445 1433
f 1447 1446 1434
f 1436 1448 1447
f 1437 1449 1448
f 1438 1450 1449
f 1440 1452 1450
f 1451 1463 1452
f 1453 1466 1454
f 1455 1453 1441
f 1456 1455 1443
f 1457 1456 1444
f 1458 1457 1445
f 1459 1458 1446
f 1448 1460 1459
f 1449 1461 1460
f 1450 1462 1461
f 1452 1464 1462
f 1463 1477 1464
f 1453 1467 1465
f 1455 1468 1467
f 1456 1469 1468
f 1457 1470 1469
f 1458 1482 1470
f 1471 1482 1458
f 1472 1471 1459
f 1473 1472 1460
f 1474 1473 1461
f 1475 1474 1462
f 1476 1475 1464
f 1467 1479 1478
f 1468 1480 1479
f 1469 1481 1480
f 1470 1483 1481
f 1482 1494 1483
f 1484 1494 1482
f 1485 1484 1471
f 1486 1485 1472
f 1487 1486 1473
f 1488 1487 1474
f 1489 1488 1475
f 1479 1491 1490
f 1480 1492 1491
f 1481 1493 1492
f 1483 1495 1493
f 1494 1506 1495
f 1496 1506 1494
f 1497 1496 1484
f 1498 1497 1485
f 1499 1498 1486
f 1500 1499 1487
f 1501 1500 1488
f 1491 1503 1502
f 1492 1504 1503
f 1493 1505 1504
f 1495 1507 1505
f 1506 1518 1507
f 1508 1518 1506
f 1509 1508 1496
f 1510 1509 1497
f 1511 1510 1498
f 1512 1511 1499
f 1513 1512 1500
f 1503 1515 1514
f 1504 1516 1515
f 1505 1517 1516
f 1507 1519 1517
f 1518 1530 1519
f 1520 1530 1518
f 1521 1520 1508
f 1522 1521 1509
f 1523 1522 1510
f 1524 1523 1511
f 1525 1524 1512
f 1515 1527 1526
f 1516 1528 1527
f 1517 1529 1528
f 1519 1531 1529
f 1530 1542 1531
f 1532 1542 1530
f 1533 1532 1520
f 1534 1533 1521
f 1535 1534 1522
f 1536 1535 1523
f 1537 1536 1524
f 1527 1539 1538
f 1528 1540 1539
f 1529 1541 1540
f 1531 1543 1541
f 1542 1554 1543
f 1544 1554 1542
f 1545 1544 1532
f 1546 1545 1533
f 1547 1546 1534
f 1548 1547 1535
f 1549 1548 1536
f 1539 1551 1550
f 1540 1552 1551
f 1541 1553 1552
f 1543 1555 1553
f 1554 1566 1555
f 1556 1566 1554
f 1557 1556 1544
f 1558 1557 1545
f 1559 1558 1546
f 1560 1559 1547
f 1561 1560 1548
f 1551 1563 1562
f 1552 1564 1563
f 1553 1565 1564
f 1555 1567 1565
f 1566 1568 1567
f 1556 1580 1568
f 1569 1580 1556
f 1570 1569 1557
f 1571 1570 1558
f 1572 1571 1559
f 1573 1572 1560
f 1563 1575 1574
f 1564 1576 1575
f 1565 1577 1576
f 1567 1578 1577
f 1568 1591 1578
f 1579 1591 1568
f 1581 1579 1580
f 1582 1581 1569
f 1583 1582 1570
f 1584 1583 1571
f 1585 1584 1572
f 1586 1598 1574
f 1587 1586 1575
f 1588 1587 1576
f 1589 1588 1577
f 1590 1589 1578
f 1592 1590 1591
f 1581 1593 1592
f 1582 1594 1593
f 1583 1595 1594
f 1584 1596 1595
f 1585 1607 1596
f 1597 1610 1598
f 1599 1597 1586
f 1600 1599 1587
f 1601 1600 1588
f 1602 1601 1589
f 1603 1602 1590
f 1593 1604 1603
f 1594 1605 1604
f 1595 1606 1605
f 1596 1608 1606
f 1607 1621 1608
f 1597 1611 1609
f 1599 1612 1611
f 1600 1613 1612
f 1601 1614 1613
f 1602 1626 1614
f 1615 1626 1602
f 1616 1615 1603
f 1617 1616 1604
f 1618 1617 1605
f 1619 1618 1606
f 1620 1619 1608
f 1611 1623 1622
f 1612 1624 1623
f 1613 1625 1624
f 1614 1627 1625
f 1626 1639 1627
f 1628 1639 1626
f 1629 1628 1615
f 1630 1629 1616
f 1631 1630 1617
f 1632 1631 1618
f 1633 1632 1619
f 1634 1646 1622
f 1635 1634 1623
f 1636 1635 1624
f 1637 1636 1625
f 1638 1637 1627
f 1640 1638 1639
f 1629 1641 1640
f 1630 1642 1641
f 1631 1643 1642
f 1632 1644 1643
f 1633 1655 1644
f 1645 1658 1646
f 1647 1645 1634
f 1648 1647 1635
f 1649 1648 1636
f 1650 1649 1637
f 1651 1650 1638
f 1641 1652 1651
f 1642 1653 1652
f 1643 1654 1653
f 1644 1656 1654
f 1655 1667 1656
f 1657 1670 1658
f 1659 1657 1645
f 1660 1659 1647
f 1661 1660 1648
f 1662 1661 1649
f 1663 1662 1650
f 1652 1664 1663
f 1653 1665 1664
f 1654 1666 1665
f 1656 1668 1666
f 1667 1679 1668
f 1669 1682 1670
f 1671 1669 1657
f 1672 1671 1659
f 1673 1672 1660
f 1674 1673 1661
f 1675 1674 1662
f 1664 1676 1675
f 1665 1677 1676
f 1666 1678 1677
f 1668 1680 1678
f 1679 1691 1680
f 1681 1694 1682
f 1683 1681 1669
f 1684 1683 1671
f 1685 1684 1672
f 1686 1685 1673
f 1687 1686 1674
f 1676 1688 1687
f 1677 1689 1688
f 1678 1690 1689
f 1680 1692 1690
f 1691 1703 1692
f 1693 1706 1694
f 1695 1693 1681
f 1696 1695 1683
f 1697 1696 1684
f 1698 1697 1685
f 1699 1698 1686
f 1688 1700 1699
f 1689 1701 1700
f 1690 1702 1701
f 1692 1704 1702
f 1703 1715 1704
f 1705 1718 1706
f 1707 1705 1693
f 1708 1707 1695
f 1709 1708 1696
f 1710 1709 1697
f 1711 1710 1698
f 1700 1712 1711
f 1701 1713 1712
f 1702 1714 1713
f 1704 1716 1714
f 1715 1727 1716
f 1717 1730 1718
f 1719 1717 1705
f 1720 1719 1707
f 1721 1720 1708
f 1722 1721 1709
f 1723 1722 1710
f 1712 1724 1723
f 1713 1725 1724
f 1714 1726 1725
f 1716 1728 1726
f 1727 1739 1728
f 1729 1742 1730
f 1731 1729 1717
f 1732 1731 1719
f 1733 1732 1720
f 1734 1733 1721
f 1735 1734 1722
f 1724 1736 1735
f 1725 1737 1736
f 1726 1738 1737
f 1728 1740 1738
f 1739 1751 1740
f 1741 1754 1742
f 1743 1741 1729
f 1744 1743 1731
f 1745 1744 1732
f 1746 1745 1733
f 1747 1746 1734
f 1736 1748 1747
f 1737 1749 1748
f 1738 1750 1749
f 1740 1752 1750
f 1751 1763 1752
f 1753 1766 1754
f 1755 1753 1741
f 1756 1755 1743
f 1757 1756 1744
f 1758 1757 1745
f 1759 1758 1746
f 1748 1760 1759
f 1749 1761 1760
f 1750 1762 1761
f 1752 1764 1762
f 1763 1775 1764
f 1765 1778 1766
f 1767 1765 1753
f 1768 1767 1755
f 1769 1768 1756
f 1770 1769 1757
f 1771 1770 1758
f 1760 1772 1771
f 1761 1773 1772
f 1762 1774 1773
f 1764 1776 1774
f 1775 1789 1776
f 1765 1779 1777
f 1767 1780 1779
f 1768 1781 1780
f 1769 1782 1781
f 1770 1783 1782
f 1771 1796 1783
f 1784 1796 1771
f 1785 1784 1772
f 1786 1785 1773
f 1787 1786 1774
f 1788 1787 1776
f 1779 1791 1790
f 1780 1792 1791
f 1781 1793 1792
f 1782 1794 1793
f 1783 1806 1794
f 1795 1806 1783
f 1797 1795 1796
f 1798 1797 1784
f 1799 1798 1785
f 1800 1799 1786
f 1801 1800 1787
f 1791 1803 1802
f 1792 1804 1803
f 1793 1805 1804
f 1794 1807 1805
f 1806 1818 1807
f 1808 1818 1806
f 1809 1808 1795
f 1810 1809 1797
f 1811 1810 1798
f 1812 1811 1799
f 1813 1812 1800
f 1803 1815 1814
f 1804 1816 1815
f 1805 1817 1816
f 1807 1819 1817
f 1818 1830 1819
f 1820 1830 1818
f 1821 1820 1808
f 1822 1821 1809
f 1823 1822 1810
f 1824 1823 1811
f 1825 1824 1812
f 1815 1827 1826
f 1816 1828 1827
f 1817 1829 1828
f 1819 1831 1829
f 1830 1842 1831
f 1832 1842 1830
f 1833 1832 1820
f 1834 1833 1821
f 1835 1834 1822
f 1836 1835 1823
f 1837 1836 1824
f 1827 1839 1838
f 1828 1840 1839
f 1829 1841 1840
f 1831 1843 1841
f 1842 1854 1843
f 1844 1854 1842
f 1845 1844 1832
f 1846 1845 1833
f 1847 1846 1834
f 1848 1847 1835
f 1849 1848 1836
f 1839 1851 1850
f 1840 1852 1851
f 1841 1853 1852
f 1843 1855 1853
f 1854 1866 1855
f 1856 1866 1854
f 1857 1856 1844
f 1858 1857 1845
f 1859 1858 1846
f 1860 1859 1847
f 1861 1860 1848
f 1851 1863 1862
f 1852 1864 1863
f 1853 1865 1864
f 1855 1867 1865
f 1866 1878 1867
f 1868 1878 1866
f 1869 1868 1856
f 1870 1869 1857
f 1871 1870 1858
f 1872 1871 1859
f 1873 1872 1860
f 1863 1875 1874
f 1864 1876 1875
f 1865 1877 1876
f 1867 1879 1877
f 1878 1890 1879
f 1880 1890 1878
f 1881 1880 1868
f 1882 1881 1869
f 1883 1882 1870
f 1884 1883 1871
f 1885 1884 1872
f 1875 1887 1886
f 1876 1888 1887
f 1877 1889 1888
f 1879 1891 1889
f 1890 1903 1891
f 1892 1903 1890
f 1893 1892 1880
f 1894 1893 1881
f 1895 1894 1882
f 1896 1895 1883
f 1897 1896 1884
f 1898 1910 1886
f 1899 1898 1887
f 1900 1899 1888
f 1901 1900 1889
f 1902 1901 1891
f 1904 1902 1903
f 1893 1905 1904
f 1894 1906 1905
f 1895 1907 1906
f 1896 1908 1907
f 1897 1919 1908
f 1909 1922 1910
f 1911 1909 1898
f 1912 1911 1899
f 1913 1912 1900
f 1914 1913 1901
f 1915 1914 1902
f 1905 1916 1915
f 1906 1917 1916
f 1907 1918 1917
f 1908 1920 1918
f 1919 1933 1920
f 1909 1923 1921
f 1911 1924 1923
f 1912 1925 1924
f 1913 1926 1925
f 1914 1938 1926
f 1927 1938 1914
f 1928 1927 1915
f 1929 1928 1916
f 1930 1929 1917
f 1931 1930 1918
f 1932 1931 1920
f 1923 1935 1934
f 1924 1936 1935
f 1925 1937 1936
f 1926 1939 1937
f 1938 1950 1939
f 1940 1950 1938
f 1941 1940 1927
f 1942 1941 1928
f 1943 1942 1929
f 1944 1943 1930
f 1945 1944 1931
f 1935 1947 1946
f 1936 1948 1947
f 1937 1949 1948
f 1939 1951 1949
f 1950 1962 1951
f 1952 1962 1950
f 1953 1952 1940
f 1954 1953 1941
f 1955 1954 1942
f 1956 1955 1943
f 1957 1956 1944
f 1947 1959 1958
f 1948 1960 1959
f 1949 1961 1960
f 1951 1963 1961
f 1962 1974 1963
f 1964 1974 1962
f 1965 1964 1952
f 1966 1965 1953
f 1967 1966 1954
f 1968 1967 1955
f 1969 1968 1956
f 1959 1971 1970
f 1960 1972 1971
f 1961 1973 1972
f 1963 1975 1973
f 1974 1986 1975
f 1976 1986 1974
f 1977 1976 1964
f 1978 1977 1965
f 1979 1978 1966
f 1980 1979 1967
f 1981 1980 1968
f 1971 1983 1982
f 1972 1984 1983
f 1973 1985 1984
f 1975 1987 1985
f 1986 1999 1987
f 1988 1999 1986
f 1989 1988 1976
f 1990 1989 1977
f 1991 1990 1978
f 1992 1991 1979
f 1993 1992 1980
f 1983 1995 1994
f 1984 1996 1995
f 1985 1997 1996
f 1987 2009 1997
f 1998 2009 1987
f 2000 1998 1999
f 1989 2012 2000
f 2001 2012 1989
f 2002 2001 1990
f 2003 2002 1991
f 2004 2003 1992
f 2005 2018 1994
f 2006 2005 1995
f 2007 2006 1996
f 2008 2007 1997
f 2010 2008 2009
f 2011 2010 1998
f 2012 2013 2011
f 2001 2014 2013
f 2002 2015 2014
f 2003 2016 2015
f 2004 2027 2016
f 2017 2030 2018
f 2019 2017 2005
f 2020 2019 2006
f 2021 2020 2007
f 2022 2021 2008
f 2023 2022 2010
f 2013 2024 2023
f 2014 2025 2024
f 2015 2026 2025
f 2016 2028 2026
f 2027 2039 2028
f 2029 2042 2030
f 2031 2029 2017
f 2032 2031 2019
f 2033 2032 2020
f 2034 2033 2021
f 2035 2034 2022
f 2024 2036 2035
f 2025 2037 2036
f 2026 2038 2037
f 2028 2040 2038
f 2039 2051 2040
f 2041 2054 2042
f 2043 2041 2029
f 2044 2043 2031
f 2045 2044 2032
f 2046 2045 2033
f 2047 2046 2034
f 2036 2048 2047
f 2037 2049 2048
f 2038 2050 2049
f 2040 2052 2050
f 2051 2063 2052
f 2053 2066 2054
f 2055 2053 2041
f 2056 2055 2043
f 2057 2056 2044
f 2058 2057 2045
f 2059 2058 2046
f 2048 2060 2059
f 2049 2061 2060
f 2050 2062 2061
f 2052 2064 2062
f 2063 2075 2064
f 2065 2078 2066
f 2067 2065 2053
f 2068 2067 2055
f 2069 2068 2056
f 2070 2069 2057
f 2059 2071 2070
f 2060 2072 2071
f 2061 2073 2072
f 2062 2074 2073
f 2064 2076 2074
f 2075 2087 2076
f 2077 2090 2078
f 2079 2077 2065
f 2080 2079 2067
f 2081 2080 2068
f 2082 2081 2069
f 2083 2082 2070
f 2072 2084 2083
f 2073 2085 2084
f 2074 2086 2085
f 2076 2088 2086
f 2087 2099 2088
f 2089 2102 2090
f 2091 2089 2077
f 2092 2091 2079
f 2093 2092 2080
f 2094 2093 2081
f 2095 2094 2082
f 2084 2096 2095
f 2085 2097 2096
f 2086 2098 2097
f 2088 2100 2098
f 2099 2111 2100
f 2101 2114 2102
f 2103 2101 2089
f 2104 2103 2091
f 2105 2104 2092
f 2106 2105 2093
f 2107 2106 2094
f 2096 2108 2107
f 2097 2109 2108
f 2098 2110 2109
f 2100 2112 2110
f 2111 2123 2112
f 2113 2126 2114
f 2115 2113 2101
f 2116 2115 2103
f 2117 2116 2104
f 2118 2117 2105
f 2119 2118 2106
f 2108 2120 2119
f 2109 2121 2120
f 2110 2122 2121
f 2112 2124 2122
f 2123 2135 2124
f 2125 2138 2126
f 2127 2125 2113
f 2128 2127 2115
f 2129 2128 2116
f 2130 2129 2117
f 2131 2130 2118
f 2120 2132 2131
f 2121 2133 2132
f 2122 2134 2133
f 2124 2136 2134
f 2135 2147 2136
f 2137 2150 2138
f 2139 2137 2125
f 2140 2139 2127
f 2141 2140 2128
f 2142 2141 2129
f 2143 2142 2130
f 2132 2144 2143
f 2133 2145 2144
f 2134 2146 2145
f 2136 2148 2146
f 2147 2159 2148
f 2149 2162 2150
f 2151 2149 2137
f 2152 2151 2139
f 2153 2152 2140
f 2154 2153 2141
f 2155 2154 2142
f 2144 2156 2155
f 2145 2157 2156
f 2146 2158 2157
f 2148 2160 2158
f 2159 2171 2160
f 2161 2174 2162
f 2163 2161 2149
f 2164 2163 2151
f 2165 2164 2152
f 2166 2165 2153
f 2167 2166 2154
f 2156 2168 2167
f 2157 2169 2168
f 2158 2170 2169
f 2160 2172 2170
f 2171 2183 2172
f 2173 2186 2174
f 2175 2173 2161
f 2176 2175 2163
f 2177 2176 2164
f 2178 2177 2165
f 2179 2178 2166
f 2168 2180 2179
f 2169 2181 2180
f 2170 2182 2181
f 2172 2184 2182
f 2183 2195 2184
f 2185 2198 2186
f 2187 2185 2173
f 2188 2187 2175
f 2189 2188 2176
f 2190 2189 2177
f 2191 2190 2178
f 2180 2192 2191
f 2181 2193 2192
f 2182 2194 2193
f 2184 2196 2194
f 2195 2207 2196
f 2197 2210 2198
f 2199 2197 2185
f 2200 2199 2187
f 2201 2200 2188
f 2202 2201 2189
f 2203 2202 2190
f 2192 2204 2203
f 2193 2205 2204
f 2194 2206 2205
f 2196 2208 2206
f 2207 2221 2208
f 2197 2211 2209
f 2199 2212 2211
f 2200 2213 2212
f 2201 2214 2213
f 2202 2226 2214
f 2215 2226 2202
f 2216 2215 2203
f 2217 2216 2204
f 2218 2217 2205
f 2219 2218 2206
f 2220 2219 2208
f 2211 2223 2222
f 2212 2224 2223
f 2213 2225 2224
f 2214 2227 2225
f 2226 2238 2227
f 2228 2238 2226
f 2229 2228 2215
f 2230 2229 2216
f 2231 2230 2217
f 2232 2231 2218
f 2233 2232 2219
f 2223 2235 2234
f 2224 2236 2235
f 2225 2237 2236
f 2227 2239 2237
f 2238 2250 2239
f 2240 2250 2238
f 2241 2240 2228
f 2242 2241 2229
f 2243 2242 2230
f 2244 2243 2231
f 2245 2244 2232
f 2235 2247 2246
f 2236 2248 2247
f 2237 2249 2248
f 2239 2251 2249
f 2250 2262 2251
f 2252 2262 2250
f 2253 2252 2240
f 2254 2253 2241
f 2255 2254 2242
f 2256 2255 2243
f 2257 2256 2244
f 2247 2259 2258
f 2248 2260 2259
f 2249 2261 2260
f 2251 2263 2261
f 2262 2274 2263
f 2264 2274 2262
f 2265 2264 2252
f 2266 2265 2253
f 2267 2266 2254
f 2268 2267 2255
f 2269 2268 2256
f 2259 2271 2270
f 2260 2272 2271
f 2261 2273 2272
f 2263 2275 2273
f 2274 2286 2275
f 2276 2286 2274
f 2277 2276 2264
f 2278 2277 2265
f 2279 2278 2266
f 2280 2279 2267
f 2281 2280 2268
f 2271 2283 2282
f 2272 2284 2283
f 2273 2285 2284
f 2275 2287 2285
f 2286 2298 2287
f 2288 2298 2286
f 2289 2288 2276
f 2290 2289 2277
f 2291 2290 2278
f 2292 2291 2279
f 2293 2292 2280
f 2283 2295 2294
f 2284 2296 2295
f 2285 2297 2296
f 2287 2299 2297
f 2298 2311 2299
f 2300 2311 2298
f 2301 2300 2288
f 2302 2301 2289
f 2303 2302 2290
f 2304 2303 2291
f 2305 2304 2292
f 2295 2307 2306
f 2296 2308 2307
f 2297 2309 2308
f 2299 2321 2309
f 2310 2321 2299
f 2312 2310 2311
f 2313 2312 2300
f 2314 2313 2301
f 2315 2314 2302
f 2316 2315 2303
f 2317 2316 2304
f 2307 2319 2318
f 2308 2320 2319
f 2309 2322 2320
f 2321 2323 2322
f 2310 2334 2323
f 2324 2334 2310
f 2325 2324 2312
f 2326 2325 2313
f 2327 2326 2314
f 2328 2327 2315
f 2329 2328 2316
f 2319 2331 2330
f 2320 2332 2331
f 2322 2333 2332
f 2323 2335 2333
f 2334 2346 2335
f 2336 2346 2334
f 2337 2336 2324
f 2338 2337 2325
f 2339 2338 2326
f 2340 2339 2327
f 2341 2340 2328
f 2331 2343 2342
f 2332 2344 2343
f 2333 2345 2344
f 2335 2347 2345
f 2346 2358 2347
f 2348 2358 2346
f 2349 2348 2336
f 2350 2349 2337
f 2351 2350 2338
f 2352 2351 2339
f 2353 2352 2340
f 2343 2355 2354
f 2344 2356 2355
f 2345 2357 2356
f 2347 2359 2357
f 2358 2370 2359
f 2360 2370 2358
f 2361 2360 2348
f 2362 2361 2349
f 2363 2362 2350
f 2364 2363 2351
f 2365 2364 2352
f 2355 2367 2366
f 2356 2368 2367
f 2357 2369 2368
f 2359 2371 2369
f 2370 2382 2371
f 2372 2382 2370
f 2373 2372 2360
f 2374 2373 2361
f 2375 2374 2362
f 2376 2375 2363
f 2377 2376 2364
f 2367 2379 2378
f 2368 2380 2379
f 2369 2381 2380
f 2371 2383 2381
f 2382 2394 2383
f 2384 2394 2382
f 2385 2384 2372
f 2386 2385 2373
f 2387 2386 2374
f 2388 2387 2375
f 2389 2388 2376
f 2379 2391 2390
f 2380 2392 2391
f 2381 2393 2392
f 2383 2395 2393
f 2394 2406 2395
f 2396 2406 2394
f 2397 2396 2384
f 2398 2397 2385
f 2399 2398 2386
f 2400 2399 2387
f 2401 2400 2388
f 2391 2403 2402
f 2392 2404 2403
f 2393 2405 2404
f 2395 2407 2405
f 2406 2418 2407
f 2408 2418 2406
f 2409 2408 2396
f 2410 2409 2397
f 2411 2410 2398
f 2412 2411 2399
f 2413 2412 2400
f 2403 2415 2414
f 2404 2416 2415
f 2405 2417 2416
f 2407 2419 2417
f 2418 2430 2419
f 2420 2430 2418
f 2421 2420 2408
f 2422 2421 2409
f 2423 2422 2410
f 2424 2423 2411
f 2425 2424 2412
f 2415 2427 2426
f 2416 2428 2427
f 2417 2429 2428
f 2419 2431 2429
f 2430 2442 2431
f 2432 2442 2430
f 2433 2432 2420
f 2434 2433 2421
f 2435 2434 2422
f 2436 2435 2423
f 2437 2436 2424
f 2427 2439 2438
f 2428 2440 2439
f 2429 2441 2440
f 2431 2443 2441
f 2442 2454 2443
f 2444 2454 2442
f 2445 2444 2432
f 2446 2445 2433
f 2447 2446 2434
f 2448 2447 2435
f 2449 2448 2436
f 2439 2451 2450
f 2440 2452 2451
f 2441 2453 2452
f 2443 2455 2453
f 2454 2466 2455
f 2456 2466 2454
f 2457 2456 2444
f 2458 2457 2445
f 2459 2458 2446
f 2460 2459 2447
f 2461 2460 2448
f 2451 2463 2462
f 2452 2464 2463
f 2453 2465 2464
f 2455 2467 2465
f 2466 2478 2467
f 2468 2478 2466
f 2469 2468 2456
f 2470 2469 2457
f 2471 2470 2458
f 2472 2471 2459
f 2473 2472 2460
f 2463 2475 2474
f 2464 2476 2475
f 2465 2477 2476
f 2467 2479 2477
f 2478 2490 2479
f 2480 2490 2478
f 2481 2480 2468
f 2482 2481 2469
f 2483 2482 2470
f 2484 2483 2471
f 2485 2484 2472
f 2475 2487 2486
f 2476 2488 2487
f 2477 2489 2488
f 2479 2491 2489
f 2490 2503 2491
f 2492 2503 2490
f 2493 2492 2480
f 2494 2493 2481
f 2495 2494 2482
f 2496 2495 2483
f 2497 2496 2484
f 2498 2510 2486
f 2499 2498 2487
f 2500 2499 2488
f 2501 2500 2489
f 2502 2501 2491
f 2504 2502 2503
f 2493 2505 2504
f 2494 2506 2505
f 2495 2507 2506
f 2496 2508 2507
f 2497 2521 2508
f 2498 2511 2509
f 2499 2512 2511
f 2500 2513 2512
f 2501 2514 2513
f 2502 2526 2514
f 2515 2526 2502
f 2516 2515 2504
f 2517 2516 2505
f 2518 2517 2506
f 2519 2518 2507
f 2520 2519 2508
f 2511 2523 2522
f 2512 2524 2523
f 2513 2525 2524
f 2514 2527 2525
f 2526 2538 2527
f 2528 2538 2526
f 2529 2528 2515
f 2530 2529 2516
f 2531 2530 2517
f 2532 2531 2518
f 2533 2532 2519
f 2523 2535 2534
f 2524 2536 2535
f 2525 2537 2536
f 2527 2539 2537
f 2538 2550 2539
f 2540 2550 2538
f 2541 2540 2528
f 2542 2541 2529
f 2543 2542 2530
f 2544 2543 2531
f 2545 2544 2532
f 2535 2547 2546
f 2536 2548 2547
f 2537 2549 2548
f 2539 2551 2549
f 2550 2562 2551
f 2552 2562 2550
f 2553 2552 2540
f 2554 2553 2541
f 2555 2554 2542
f 2556 2555 2543
f 2557 2556 2544
f 2547 2559 2558
f 2548 2560 2559
f 2549 2561 2560
f 2551 2563 2561
f 2562 2574 2563
f 2564 2574 2562
f 2565 2564 2552
f 2566 2565 2553
f 2567 2566 2554
f 2568 2567 2555
f 2569 2568 2556
f 2559 2571 2570
f 2560 2572 2571
f 2561 2573 2572
f 2563 2575 2573
f 2574 2586 2575
f 2576 2586 2574
f 2577 2576 2564
f 2578 2577 2565
f 2579 2578 2566
f 2580 2579 2567
f 2581 2580 2568
f 2571 2583 2582
f 2572 2584 2583
f 2573 2585 2584
f 2575 2587 2585
f 2586 2598 2587
f 2588 2598 2586
f 2589 2588 2576
f 2590 2589 2577
f 2591 2590 2578
f 2592 2591 2579
f 2593 2592 2580
f 2583 2595 2594
f 2584 2596 2595
f 2585 2597 2596
f 2587 2599 2597
f 2598 2610 2599
f 2600 2610 2598
f 2601 2600 2588
f 2602 2601 2589
f 2603 2602 2590
f 2604 2603 2591
f 2605 2604 2592
f 2595 2607 2606
f 2596 2608 2607
f 2597 2609 2608
f 2599 2611 2609
f 2610 2622 2611
f 2612 2622 2610
f 2613 2612 2600
f 2614 2613 2601
f 2615 2614 2602
f 2616 2615 2603
f 2617 2616 2604
f 2607 2619 2618
f 2608 2620 2619
f 2609 2621 2620
f 2611 2623 2621
f 2622 2635 2623
f 2624 2635 2622
f 2625 2624 2612
f 2626 2625 2613
f 2627 2626 2614
f 2628 2627 2615
f 2629 2628 2616
f 2630 2642 2618
f 2631 2630 2619
f 2632 2631 2620
f 2633 2632 2621
f 2634 2633 2623
f 2636 2634 2635
f 2625 2637 2636
f 2626 2638 2637
f 2627 2639 2638
f 2628 2640 2639
f 2629 2651 2640
f 2641 2654 2642
f 2643 2641 2630
f 2644 2643 2631
f 2645 2644 2632
f 2646 2645 2633
f 2647 2646 2634
f 2637 2648 2647
f 2638 2649 2648
f 2639 2650 2649
f 2640 2652 2650
f 2651 2663 2652
f 2653 2666 2654
f 2655 2653 2641
f 2656 2655 2643
f 2657 2656 2644
f 2658 2657 2645
f 2659 2658 2646
f 2648 2660 2659
f 2649 2661 2660
f 2650 2662 2661
f 2652 2664 2662
f 2663 2675 2664
f 2665 2678 2666
f 2667 2665 2653
f 2668 2667 2655
f 2669 2668 2656
f 2670 2669 2657
f 2671 2670 2658
f 2660 2672 2671
f 2661 2673 2672
f 2662 2674 2673
f 2664 2676 2674
f 2675 2687 2676
f 2677 2690 2678
f 2679 2677 2665
f 2680 2679 2667
f 2681 2680 2668
f 2682 2681 2669
f 2683 2682 2670
f 2672 2684 2683
f 2673 2685 2684
f 2674 2686 2685
f 2676 2688 2686
f 2687 2699 2688
f 2689 2702 2690
f 2691 2689 2677
f 2692 2691 2679
f 2693 2692 2680
f 2694 2693 2681
f 2695 2694 2682
f 2684 2696 2695
f 2685 2697 2696
f 2686 2698 2697
f 2688 2700 2698
f 2699 2711 2700
f 2701 2714 2702
f 2703 2701 2689
f 2704 2703 2691
f 2705 2704 2692
f 2706 2705 2693
f 2707 2706 2694
f 2696 2708 2707
f 2697 2709 2708
f 2698 2710 2709
f 2700 2712 2710
f 2711 2723 2712
f 2713 2726 2714
f 2715 2713 2701
f 2716 2715 2703
f 2717 2716 2704
f 2718 2717 2705
f 2719 2718 2706
f 2708 2720 2719
f 2709 2721 2720
f 2710 2722 2721
f 2712 2724 2722
f 2723 2735 2724
f 2725 2738 2726
f 2727 2725 2713
f 2728 2727 2715
f 2729 2728 2716
f 2730 2729 2717
f 2731 2730 2718
f 2720 2732 2731
f 2721 2733 2732
f 2722 2734 2733
f 2724 2736 2734
f 2735 2747 2736
f 2737 2750 2738
f 2739 2737 2725
f 2740 2739 2727
f 2741 2740 2728
f 2742 2741 2729
f 2743 2742 2730
f 2732 2744 2743
f 2733 2745 2744
f 2734 2746 2745
f 2736 2748 2746
f 2747 2759 2748
f 2749 2762 2750
f 2751 2749 2737
f 2752 2751 2739
f 2753 2752 2740
f 2754 2753 2741
f 2755 2754 2742
f 2744 2756 2755
f 2745 2757 2756
f 2746 2758 2757
f 2748 2760 2758
f 2759 2773 2760
f 2749 2763 2761
f 2751 2764 2763
f 2752 2765 2764
f 2753 2766 2765
f 2754 2779 2766
f 2767 2779 2754
f 2768 2767 2755
f 2769 2768 2756
f 2770 2769 2757
f 2771 2770 2758
f 2772 2771 2760
f 2774 2786 2761
f 2775 2774 2763
f 2776 2775 2764
f 2777 2776 2765
f 2778 2777 2766
f 2780 2778 2779
f 2768 2781 2780
f 2769 2782 2781
f 2770 2783 2782
f 2771 2784 2783
f 2772 2795 2784
f 2785 2798 2786
f 2787 2785 2774
f 2788 2787 2775
f 2789 2788 2776
f 2790 2789 2777
f 2791 2790 2778
f 2781 2792 2791
f 2782 2793 2792
f 2783 2794 2793
f 2784 2796 2794
f 2795 2809 2796
f 2785 2799 2797
f 2787 2800 2799
f 2788 2801 2800
f 2789 2802 2801
f 2790 2814 2802
f 2803 2814 2790
f 2804 2803 2791
f 2805 2804 2792
f 2806 2805 2793
f 2807 2806 2794
f 2808 2807 2796
f 2799 2811 2810
f 2800 2812 2811
f 2801 2813 2812
f 2802 2815 2813
f 2814 2826 2815
f 2816 2826 2814
f 2817 2816 2803
f 2818 2817 2804
f 2819 2818 2805
f 2820 2819 2806
f 2821 2820 2807
f 2811 2823 2822
f 2812 2824 2823
f 2813 2825 2824
f 2815 2827 2825
f 2826 2838 2827
f 2828 2838 2826
f 2829 2828 2816
f 2830 2829 2817
f 2831 2830 2818
f 2832 2831 2819
f 2833 2832 2820
f 2823 2835 2834
f 2824 2836 2835
f 2825 2837 2836
f 2827 2839 2837
f 2838 2850 2839
f 2840 2850 2838
f 2841 2840 2828
f 2842 2841 2829
f 2843 2842 2830
f 2844 2843 2831
f 2845 2844 2832
f 2835 2847 2846
f 2836 2848 2847
f 2837 2849 2848
f 2839 2851 2849
f 2850 2862 2851
f 2852 2862 2850
f 2853 2852 2840
f 2854 2853 2841
f 2855 2854 2842
f 2856 2855 2843
f 2857 2856 2844
f 2847 2859 2858
f 2848 2860 2859
f 2849 2861 2860
f 2851 2863 2861
f 2862 2874 2863
f 2864 2874 2862
f 2865 2864 2852
f 2866 2865 2853
f 2867 2866 2854
f 2868 2867 2855
f 2869 2868 2856
f 2859 2871 2870
f 2860 2872 2871
f 2861 2873 2872
f 2863 2875 2873
f 2874 2886 2875
f 2876 2886 2874
f 2877 2876 2864
f 2878 2877 2865
f 2879 2878 2866
f 2880 2879 2867
f 2881 2880 2868
f 2871 2883 2882
f 2872 2884 2883
f 2873 2885 2884
f 2875 2887 2885
f 2886 2898 2887
f 2888 2898 2886
f 2889 2888 2876
f 2890 2889 2877
f 2891 2890 2878
f 2892 2891 2879
f 2893 2892 2880
f 2883 2895 2894
f 2884 2896 2895
f 2885 2897 2896
f 2887 2899 2897
f 2898 2910 2899
f 2900 2910 2898
f 2901 2900 2888
f 2902 2901 2889
f 2903 2902 2890
f 2904 2903 2891
f 2905 2904 2892
f 2895 2907 2906
f 2896 2908 2907
f 2897 2909 2908
f 2899 2911 2909
f 2910 2921 2911
f 2912 2921 2910
f 2913 2912 2900
f 2914 2913 2901
f 2915 2914 2902
f 2916 2915 2903
f 2917 2916 2904
f 2918 2929 2906
f 2908 2919 2918
f 2909 2920 2919
f 2911 2922 2920
f 2921 2934 2922
f 2923 2934 2921
f 2924 2923 2912
f 2925 2924 2913
f 2926 2925 2914
f 2916 2927 2926
f 2917 2940 2927
f 2918 2930 2928
f 2919 2942 2930
f 2931 2942 2919
f 2932 2931 2920
f 2933 2932 2922
f 2935 2933 2934
f 2924 2936 2935
f 2925 2937 2936
f 2926 2938 2937
f 2927 2952 2938
f 2939 2952 2927
f 2930 2943 2941
f 2942 2944 2943
f 2931 2945 2944
f 2932 2946 2945
f 2933 2959 2946
f 2947 2959 2933
f 2948 2947 2935
f 2949 2948 2936
f 2950 2949 2937
f 2951 2950 2938
f 2953 2951 2952
f 2954 2966 2941
f 2955 2954 2943
f 2956 2955 2944
f 2957 2956 2945
f 2958 2957 2946
f 2960 2958 2959
f 2948 2961 2960
f 2949 2962 2961
f 2950 2963 2962
f 2951 2964 2963
f 2953 2975 2964
f 2965 2978 2966
f 2967 2965 2954
f 2968 2967 2955
f 2969 2968 2956
f 2970 2969 2957
f 2971 2970 2958
f 2961 2972 2971
f 2962 2973 2972
f 2963 2974 2973
f 2964 2976 2974
f 2975 2987 2976
f 2977 2990 2978
f 2979 2977 2965
f 2980 2979 2967
f 2981 2980 2968
f 2982 2981 2969
f 2983 2982 2970
f 2972 2984 2983
f 2973 2985 2984
f 2974 2986 2985
f 2976 2988 2986
f 2987 2999 2988
f 2989 3002 2990
f 2991 2989 2977
f 2992 2991 2979
f 2993 2992 2980
f 2994 2993 2981
f 2995 2994 2982
f 2984 2996 2995
f 2985 2997 2996
f 2986 2998 2997
f 2988 3000 2998
f 2999 3011 3000
f 3001 3014 3002
f 3003 3001 2989
f 3004 3003 2991
f 3005 3004 2992
f 3006 3005 2993
f 3007 3006 2994
f 2996 3008 3007
f 2997 3009 3008
f 2998 3010 3009
f 3000 3012 3010
f 3011 3023 3012
f 3013 3026 3014
f 3015 3013 3001
f 3016 3015 3003
f 3017 3016 3004
f 3018 3017 3005
f 3019 3018 3006
f 3008 3020 3019
f 3009 3021 3020
f 3010 3022 3021
f 3012 3024 3022
f 3023 3035 3024
f 3025 3038 3026
f 3027 3025 3013
f 3028 3027 3015
f 3029 3028 3016
f 3030 3029 3017
f 3031 3030 3018
f 3020 3032 3031
f 3021 3033 3032
f 3022 3034 3033
f 3024 3036 3034
f 3035 3047 3036
f 3037 3050 3038
f 3039 3037 3025
f 3040 3039 3027
f 3041 3040 3028
f 3042 3041 3029
f 3043 3042 3030
f 3032 3044 3043
f 3033 3045 3044
f 3034 3046 3045
f 3036 3048 3046
f 3047 3059 3048
f 3049 3061 3050
f 3051 3049 3037
f 3052 3051 3039
f 3053 3052 3040
f 3054 3053 3041
f 3055 3054 3042
f 3044 3056 3055
f 3045 3057 3056
f 3046 3058 3057
f 3048 3060 3058
f 3059 3062 3060
f 605 604 3061
f 607 605 3049
f 609 607 3051
f 611 609 3052
f 613 611 3053
f 615 613 3054
f 3056 616 615
f 3057 617 616
f 3058 619 617
f 3060 621 619
f 3062 623 621
f 3063 3086 3064
f 3066 3063 3065
f 3068 3066 3067
f 3070 3068 3069
f 3072 3070 3071
f 3074 3072 3073
f 3076 3078 3074
f 3077 3080 3078
f 3079 3082 3080
f 3081 3084 3082
f 3083 3095 3084
f 3085 3098 3086
f 3087 3085 3063
f 3088 3087 3066
f 3089 3088 3068
f 3090 3089 3070
f 3091 3090 3072
f 3078 3092 3091
f 3080 3093 3092
f 3082 3094 3093
f 3084 3096 3094
f 3095 3107 3096
f 3097 3110 3098
f 3099 3097 3085
f 3100 3099 3087
f 3101 3100 3088
f 3102 3101 3089
f 3103 3102 3090
f 3092 3104 3103
f 3093 3105 3104
f 3094 3106 3105
f 3096 3108 3106
f 3107 3119 3108
f 3109 3122 3110
f 3111 3109 3097
f 3112 3111 3099
f 3113 3112 3100
f 3114 3113 3101
f 3115 3114 3102
f 3104 3116 3115
f 3105 3117 3116
f 3106 3118 3117
f 3108 3120 3118
f 3119 3131 3120
f 3121 3134 3122
f 3123 3121 3109
f 3124 3123 3111
f 3125 3124 3112
f 3126 3125 3113
f 3127 3126 3114
f 3116 3128 3127
f 3117 3129 3128
f 3118 3130 3129
f 3120 3132 3130
f 3131 3143 3132
f 3133 3146 3134
f 3135 3133 3121
f 3136 3135 3123
f 3137 3136 3124
f 3138 3137 3125
f 3139 3138 3126
f 3128 3140 3139
f 3129 3141 3140
f 3130 3142 3141
f 3132 3144 3142
f 3143 3155 3144
f 3145 3158 3146
f 3147 3145 3133
f 3148 3147 3135
f 3149 3148 3136
f 3150 3149 3137
f 3151 3150 3138
f 3140 3152 3151
f 3141 3153 3152
f 3142 3154 3153
f 3144 3156 3154
f 3155 3167 3156
f 3157 3170 3158
f 3159 3157 3145
f 3160 3159 3147
f 3161 3160 3148
f 3162 3161 3149
f 3163 3162 3150
f 3152 3164 3163
f 3153 3165 3164
f 3154 3166 3165
f 3156 3168 3166
f 3167 3179 3168
f 3169 3182 3170
f 3171 3169 3157
f 3172 3171 3159
f 3173 3172 3160
f 3174 3173 3161
f 3175 3174 3162
f 3164 3176 3175
f 3165 3177 3176
f 3166 3178 3177
f 3168 3180 3178
f 3179 3191 3180
f 3181 3194 3182
f 3183 3181 3169
f 3184 3183 3171
f 3185 3184 3172
f 3186 3185 3173
f 3187 3186 3174
f 3176 3188 3187
f 3177 3189 3188
f 3178 3190 3189
f 3180 3192 3190
f 3191 3205 3192
f 3181 3195 3193
f 3183 3196 3195
f 3184 3197 3196
f 3185 3198 3197
f 3186 3211 3198
f 3199 3211 3186
f 3200 3199 3187
f 3201 3200 3188
f 3202 3201 3189
f 3203 3202 3190
f 3204 3203 3192
f 3206 3218 3193
f 3207 3206 3195
f 3208 3207 3196
f 3209 3208 3197
f 3210 3209 3198
f 3212 3210 3211
f 3200 3213 3212
f 3201 3214 3213
f 3202 3215 3214
f 3203 3216 3215
f 3204 3227 3216
f 3217 3230 3218
f 3219 3217 3206
f 3220 3219 3207
f 3221 3220 3208
f 3222 3221 3209
f 3223 3222 3210
f 3213 3224 3223
f 3214 3225 3224
f 3215 3226 3225
f 3216 3228 3226
f 3227 3239 3228
f 3229 3242 3230
f 3231 3229 3217
f 3232 3231 3219
f 3233 3232 3220
f 3234 3233 3221
f 3235 3234 3222
f 3224 3236 3235
f 3225 3237 3236
f 3226 3238 3237
f 3228 3240 3238
f 3239 3251 3240
f 3241 3254 3242
f 3243 3241 3229
f 3244 3243 3231
f 3245 3244 3232
f 3246 3245 3233
f 3247 3246 3234
f 3236 3248 3247
f 3237 3249 3248
f 3238 3250 3249
f 3240 3252 3250
f 3251 3263 3252
f 3253 3266 3254
f 3255 3253 3241
f 3256 3255 3243
f 3257 3256 3244
f 3258 3257 3245
f 3259 3258 3246
f 3248 3260 3259
f 3249 3261 3260
f 3250 3262 3261
f 3252 3264 3262
f 3263 3277 3264
f 3253 3267 3265
f 3255 3268 3267
f 3256 3269 3268
f 3257 3270 3269
f 3258 3282 3270
f 3271 3282 3258
f 3272 3271 3259
f 3273 3272 3260
f 3274 3273 3261
f 3275 3274 3262
f 3276 3275 3264
f 3267 3279 3278
f 3268 3280 3279
f 3269 3281 3280
f 3270 3283 3281
f 3282 3294 3283
f 3284 3294 3282
f 3285 3284 3271
f 3286 3285 3272
f 3287 3286 3273
f 3288 3287 3274
f 3289 3288 3275
f 3279 3291 3290
f 3280 3292 3291
f 3281 3293 3292
f 3283 3295 3293
f 3294 3306 3295
f 3296 3306 3294
f 3297 3296 3284
f 3298 3297 3285
f 3299 3298 3286
f 3300 3299 3287
f 3301 3300 3288
f 3291 3303 3302
f 3292 3304 3303
f 3293 3305 3304
f 3295 3307 3305
f 3306 3318 3307
f 3308 3318 3306
f 3309 3308 3296
f 3310 3309 3297
f 3311 3310 3298
f 3312 3311 3299
f 3313 3312 3300
f 3303 3315 3314
f 3304 3316 3315
f 3305 3317 3316
f 3307 3319 3317
f 3318 3330 3319
f 3320 3330 3318
f 3321 3320 3308
f 3322 3321 3309
f 3323 3322 3310
f 3324 3323 3311
f 3325 3324 3312
f 3315 3327 3326
f 3316 3328 3327
f 3317 3329 3328
f 3319 3331 3329
f 3330 3342 3331
f 3332 3342 3330
f 3333 3332 3320
f 3334 3333 3321
f 3335 3334 3322
f 3336 3335 3323
f 3337 3336 3324
f 3327 3339 3338
f 3328 3340 3339
f 3329 3341 3340
f 3331 3343 3341
f 3342 3354 3343
f 3344 3354 3342
f 3345 3344 3332
f 3346 3345 3333
f 3347 3346 3334
f 3348 3347 3335
f 3349 3348 3336
f 3339 3351 3350
f 3340 3352 3351
f 3341 3353 3352
f 3343 3355 3353
f 3354 3367 3355
f 3356 3367 3354
f 3357 3356 3344
f 3358 3357 3345
f 3359 3358 3346
f 3360 3359 3347
f 3361 3360 3348
f 3362 3374 3350
f 3363 3362 3351
f 3364 3363 3352
f 3365 3364 3353
f 3366 3365 3355
f 3368 3366 3367
f 3357 3369 3368
f 3358 3370 3369
f 3359 3371 3370
f 3360 3372 3371
f 3361 3383 3372
f 3373 3386 3374
f 3375 3373 3362
f 3376 3375 3363
f 3377 3376 3364
f 3378 3377 3365
f 3379 3378 3366
f 3369 3380 3379
f 3370 3381 3380
f 3371 3382 3381
f 3372 3384 3382
f 3383 3395 3384
f 3385 3398 3386
f 3387 3385 3373
f 3388 3387 3375
f 3389 3388 3376
f 3390 3389 3377
f 3391 3390 3378
f 3380 3392 3391
f 3381 3393 3392
f 3382 3394 3393
f 3384 3396 3394
f 3395 3407 3396
f 3397 3410 3398
f 3399 3397 3385
f 3400 3399 3387
f 3401 3400 3388
f 3402 3401 3389
f 3391 3403 3402
f 3392 3404 3403
f 3393 3405 3404
f 3394 3406 3405
f 3396 3408 3406
f 3407 3419 3408
f 3409 3422 3410
f 3411 3409 3397
f 3412 3411 3399
f 3413 3412 3400
f 3414 3413 3401
f 3415 3414 3402
f 3404 3416 3415
f 3405 3417 3416
f 3406 3418 3417
f 3408 3420 3418
f 3419 3431 3420
f 3421 3434 3422
f 3423 3421 3409
f 3424 3423 3411
f 3425 3424 3412
f 3426 3425 3413
f 3427 3426 3414
f 3416 3428 3427
f 3417 3429 3428
f 3418 3430 3429
f 3420 3432 3430
f 3431 3443 3432
f 3433 3446 3434
f 3435 3433 3421
f 3436 3435 3423
f 3437 3436 3424
f 3438 3437 3425
f 3439 3438 3426
f 3428 3440 3439
f 3429 3441 3440
f 3430 3442 3441
f 3432 3444 3442
f 3443 3455 3444
f 3445 3458 3446
f 3447 3445 3433
f 3448 3447 3435
f 3449 3448 3436
f 3450 3449 3437
f 3451 3450 3438
f 3440 3452 3451
f 3441 3453 3452
f 3442 3454 3453
f 3444 3456 3454
f 3455 3469 3456
f 3445 3459 3457
f 3447 3460 3459
f 3448 3461 3460
f 3449 3462 3461
f 3450 3474 3462
f 3463 3474 3450
f 3464 3463 3451
f 3465 3464 3452
f 3466 3465 3453
f 3467 3466 3454
f 3468 3467 3456
f 3459 3471 3470
f 3460 3472 3471
f 3461 3473 3472
f 3462 3475 3473
f 3474 3486 3475
f 3476 3486 3474
f 3477 3476 3463
f 3478 3477 3464
f 3479 3478 3465
f 3480 3479 3466
f 3481 3480 3467
f 3471 3483 3482
f 3472 3484 3483
f 3473 3485 3484
f 3475 3487 3485
f 3486 3498 3487
f 3488 3498 3486
f 3489 3488 3476
f 3490 3489 3477
f 3491 3490 3478
f 3492 3491 3479
f 3493 3492 3480
f 3483 3495 3494
f 3484 3496 3495
f 3485 3497 3496
f 3487 3499 3497
f 3498 3510 3499
f 3500 3510 3498
f 3501 3500 3488
f 3502 3501 3489
f 3503 3502 3490
f 3504 3503 3491
f 3505 3504 3492
f 3495 3507 3506
f 3496 3508 3507
f 3497 3509 3508
f 3499 3511 3509
f 3510 3522 3511
f 3512 3522 3510
f 3513 3512 3500
f 3514 3513 3501
f 3515 3514 3502
f 3516 3515 3503
f 3517 3516 3504
f 3507 3519 3518
f 3508 3520 3519
f 3509 3521 3520
f 3511 3523 3521
f 3522 3534 3523
f 3524 3534 3522
f 3525 3524 3512
f 3526 3525 3513
f 3527 3526 3514
f 3528 3527 3515
f 3529 3528 3516
f 3519 3531 3530
f 3520 3532 3531
f 3521 3533 3532
f 3523 3535 3533
f 3534 3546 3535
f 3536 3546 3534
f 3537 3536 3524
f 3538 3537 3525
f 3539 3538 3526
f 3540 3539 3527
f 3541 3540 3528
f 3531 3543 3542
f 3532 3544 3543
f 3533 3545 3544
f 3535 3547 3545
f 3546 3558 3547
f 3548 3558 3546
f 3549 3548 3536
f 3550 3549 3537
f 3551 3550 3538
f 3552 3551 3539
f 3553 3552 3540
f 3543 3555 3554
f 3544 3556 3555
f 3545 3557 3556
f 3547 3559 3557
f 3558 3570 3559
f 3560 3570 3558
f 3561 3560 3548
f 3562 3561 3549
f 3563 3562 3550
f 3564 3563 3551
f 3565 3564 3552
f 3555 3567 3566
f 3556 3568 3567
f 3557 3569 3568
f 3559 3571 3569
f 3570 3582 3571
f 3572 3582 3570
f 3573 3572 3560
f 3574 3573 3561
f 3575 3574 3562
f 3576 3575 3563
f 3577 3576 3564
f 3567 3579 3578
f 3568 3580 3579
f 3569 3581 3580
f 3571 3583 3581
f 3582 3594 3583
f 3584 3594 3582
f 3585 3584 3572
f 3586 3585 3573
f 3587 3586 3574
f 3588 3587 3575
f 3589 3588 3576
f 3579 3591 3590
f 3580 3592 3591
f 3581 3593 3592
f 3583 3595 3593
f 3594 3606 3595
f 3596 3606 3594
f 3597 3596 3584
f 3598 3597 3585
f 3599 3598 3586
f 3600 3599 3587
f 3601 3600 3588
f 3591 3603 3602
f 3592 3604 3603
f 3593 3605 3604
f 3595 3607 3605
f 3606 3608 3607
f 3596 3620 3608
f 3609 3620 3596
f 3610 3609 3597
f 3611 3610 3598
f 3612 3611 3599
f 3613 3612 3600
f 3603 3615 3614
f 3604 3616 3615
f 3605 3617 3616
f 3607 3618 3617
f 3608 3630 3618
f 3619 3630 3608
f 3621 3619 3620
f 3622 3621 3609
f 3623 3622 3610
f 3624 3623 3611
f 3625 3624 3612
f 3615 3627 3626
f 3616 3628 3627
f 3617 3629 3628
f 3618 3631 3629
f 3630 3642 3631
f 3632 3642 3630
f 3633 3632 3619
f 3634 3633 3621
f 3635 3634 3622
f 3636 3635 3623
f 3637 3636 3624
f 3627 3639 3638
f 3628 3640 3639
f 3629 3641 3640
f 3631 3643 3641
f 3642 3655 3643
f 3644 3655 3642
f 3645 3644 3632
f 3646 3645 3633
f 3647 3646 3634
f 3648 3647 3635
f 3649 3648 3636
f 3650 3662 3638
f 3651 3650 3639
f 3652 3651 3640
f 3653 3652 3641
f 3654 3653 3643
f 3656 3654 3655
f 3645 3657 3656
f 3646 3658 3657
f 3647 3659 3658
f 3648 3660 3659
f 3649 3671 3660
f 3661 3674 3662
f 3663 3661 3650
f 3664 3663 3651
f 3665 3664 3652
f 3666 3665 3653
f 3656 3667 3666
f 3657 3668 3667
f 3658 3669 3668
f 3659 3670 3669
f 3660 3672 3670
f 3671 3683 3672
f 3673 3686 3674
f 3675 3673 3661
f 3676 3675 3663
f 3677 3676 3664
f 3678 3677 3665
f 3667 3679 3678
f 3668 3680 3679
f 3669 3681 3680
f 3670 3682 3681
f 3672 3684 3682
f 3683 3695 3684
f 3685 3698 3686
f 3687 3685 3673
f 3688 3687 3675
f 3689 3688 3676
f 3690 3689 3677
f 3691 3690 3678
f 3680 3692 3691
f 3681 3693 3692
f 3682 3694 3693
f 3684 3696 3694
f 3695 3707 3696
f 3697 3710 3698
f 3699 3697 3685
f 3700 3699 3687
f 3701 3700 3688
f 3702 3701 3689
f 3703 3702 3690
f 3692 3704 3703
f 3693 3705 3704
f 3694 3706 3705
f 3696 3708 3706
f 3707 3719 3708
f 3709 3722 3710
f 3711 3709 3697
f 3712 3711 3699
f 3713 3712 3700
f 3714 3713 3701
f 3715 3714 3702
f 3704 3716 3715
f 3705 3717 3716
f 3706 3718 3717
f 3708 3720 3718
f 3719 3731 3720
f 3721 3734 3722
f 3723 3721 3709
f 3724 3723 3711
f 3725 3724 3712
f 3726 3725 3713
f 3727 3726 3714
f 3716 3728 3727
f 3717 3729 3728
f 3718 3730 3729
f 3720 3732 3730
f 3731 3743 3732
f 3733 3746 3734
f 3735 3733 3721
f 3736 3735 3723
f 3737 3736 3724
f 3738 3737 3725
f 3739 3738 3726
f 3728 3740 3739
f 3729 3741 3740
f 3730 3742 3741
f 3732 3744 3742
f 3743 3755 3744
f 3745 3758 3746
f 3747 3745 3733
f 3748 3747 3735
f 3749 3748 3736
f 3750 3749 3737
f 3751 3750 3738
f 3740 3752 3751
f 3741 3753 3752
f 3742 3754 3753
f 3744 3756 3754
f 3755 3767 3756
f 3757 3770 3758
f 3759 3757 3745
f 3760 3759 3747
f 3761 3760 3748
f 3762 3761 3749
f 3763 3762 3750
f 3752 3764 3763
f 3753 3765 3764
f 3754 3766 3765
f 3756 3768 3766
f 3767 3781 3768
f 3757 3771 3769
f 3759 3772 3771
f 3760 3773 3772
f 3761 3774 3773
f 3762 3786 3774
f 3775 3786 3762
f 3776 3775 3763
f 3777 3776 3764
f 3778 3777 3765
f 3779 3778 3766
f 3780 3779 3768
f 3771 3783 3782
f 3772 3784 3783
f 3773 3785 3784
f 3774 3787 3785
f 3786 3799 3787
f 3788 3799 3786
f 3789 3788 3775
f 3790 3789 3776
f 3791 3790 3777
f 3792 3791 3778
f 3793 3792 3779
f 3794 3806 3782
f 3795 3794 3783
f 3796 3795 3784
f 3797 3796 3785
f 3798 3797 3787
f 3800 3798 3799
f 3789 3801 3800
f 3790 3802 3801
f 3791 3803 3802
f 3792 3804 3803
f 3793 3815 3804
f 3805 3818 3806
f 3807 3805 3794
f 3808 3807 3795
f 3809 3808 3796
f 3810 3809 3797
f 3811 3810 3798
f 3801 3812 3811
f 3802 3813 3812
f 3803 3814 3813
f 3804 3816 3814
f 3815 3827 3816
f 3817 3830 3818
f 3819 3817 3805
f 3820 3819 3807
f 3821 3820 3808
f 3822 3821 3809
f 3823 3822 3810
f 3812 3824 3823
f 3813 3825 3824
f 3814 3826 3825
f 3816 3828 3826
f 3827 3839 3828
f 3829 3842 3830
f 3831 3829 3817
f 3832 3831 3819
f 3833 3832 3820
f 3834 3833 3821
f 3835 3834 3822
f 3824 3836 3835
f 3825 3837 3836
f 3826 3838 3837
f 3828 3840 3838
f 3839 3851 3840
f 3841 3854 3842
f 3843 3841 3829
f 3844 3843 3831
f 3845 3844 3832
f 3846 3845 3833
f 3847 3846 3834
f 3836 3848 3847
f 3837 3849 3848
f 3838 3850 3849
f 3840 3852 3850
f 3851 3863 3852
f 3853 3866 3854
f 3855 3853 3841
f 3856 3855 3843
f 3857 3856 3844
f 3858 3857 3845
f 3859 3858 3846
f 3848 3860 3859
f 3849 3861 3860
f 3850 3862 3861
f 3852 3864 3862
f 3863 3877 3864
f 3853 3867 3865
f 3855 3868 3867
f 3856 3869 3868
f 3857 3870 3869
f 3858 3882 3870
f 3871 3882 3858
f 3872 3871 3859
f 3873 3872 3860
f 3874 3873 3861
f 3875 3874 3862
f 3876 3875 3864
f 3867 3879 3878
f 3868 3880 3879
f 3869 3881 3880
f 3870 3883 3881
f 3882 3894 3883
f 3884 3894 3882
f 3885 3884 3871
f 3886 3885 3872
f 3887 3886 3873
f 3888 3887 3874
f 3889 3888 3875
f 3879 3891 3890
f 3880 3892 3891
f 3881 3893 3892
f 3883 3895 3893
f 3894 3906 3895
f 3896 3906 3894
f 3897 3896 3884
f 3898 3897 3885
f 3899 3898 3886
f 3900 3899 3887
f 3901 3900 3888
f 3891 3903 3902
f 3892 3904 3903
f 3893 3905 3904
f 3895 3907 3905
f 3906 3918 3907
f 3908 3918 3906
f 3909 3908 3896
f 3910 3909 3897
f 3911 3910 3898
f 3912 3911 3899
f 3913 3912 3900
f 3903 3915 3914
f 3904 3916 3915
f 3905 3917 3916
f 3907 3919 3917
f 3918 3930 3919
f 3920 3930 3918
f 3921 3920 3908
f 3922 3921 3909
f 3923 3922 3910
f 3924 3923 3911
f 3925 3924 3912
f 3915 3927 3926
f 3916 3928 3927
f 3917 3929 3928
f 3919 3931 3929
f 3930 3943 3931
f 3932 3943 3930
f 3933 3932 3920
f 3934 3933 3921
f 3935 3934 3922
f 3936 3935 3923
f 3937 3936 3924
f 3938 3950 3926
f 3939 3938 3927
f 3940 3939 3928
f 3941 3940 3929
f 3942 3941 3931
f 3944 3942 3943
f 3933 3945 3944
f 3934 3946 3945
f 3935 3947 3946
f 3936 3948 3947
f 3937 3959 3948
f 3949 3962 3950
f 3951 3949 3938
f 3952 3951 3939
f 3953 3952 3940
f 3954 3953 3941
f 3955 3954 3942
f 3945 3956 3955
f 3946 3957 3956
f 3947 3958 3957
f 3948 3960 3958
f 3959 3971 3960
f 3961 3974 3962
f 3963 3961 3949
f 3964 3963 3951
f 3965 3964 3952
f 3966 3965 3953
f 3967 3966 3954
f 3956 3968 3967
f 3957 3969 3968
f 3958 3970 3969
f 3960 3972 3970
f 3971 3983 3972
f 3973 3986 3974
f 3975 3973 3961
f 3976 3975 3963
f 3977 3976 3964
f 3978 3977 3965
f 3979 3978 3966
f 3968 3980 3979
f 3969 3981 3980
f 3970 3982 3981
f 3972 3984 3982
f 3983 3995 3984
f 3985 3998 3986
f 3987 3985 3973
f 3988 3987 3975
f 3989 3988 3976
f 3990 3989 3977
f 3991 3990 3978
f 3980 3992 3991
f 3981 3993 3992
f 3982 3994 3993
f 3984 3996 3994
f 3995 4007 3996
f 3997 4010 3998
f 3999 3997 3985
f 4000 3999 3987
f 4001 4000 3988
f 4002 4001 3989
f 4003 4002 3990
f 3992 4004 4003
f 3993 4005 4004
f 3994 4006 4005
f 3996 4008 4006
f 4007 4019 4008
f 4009 4022 4010
f 4011 4009 3997
f 4012 4011 3999
f 4013 4012 4000
f 4014 4013 4001
f 4015 4014 4002
f 4004 4016 4015
f 4005 4017 4016
f 4006 4018 4017
f 4008 4020 4018
f 4019 4033 4020
f 4009 4023 4021
f 4011 4024 4023
f 4012 4025 4024
f 4013 4026 4025
f 4014 4038 4026
f 4027 4038 4014
f 4028 4027 4015
f 4029 4028 4016
f 4030 4029 4017
f 4031 4030 4018
f 4032 4031 4020
f 4023 4035 4034
f 4024 4036 4035
f 4025 4037 4036
f 4026 4039 4037
f 4038 4050 4039
f 4040 4050 4038
f 4041 4040 4027
f 4042 4041 4028
f 4043 4042 4029
f 4044 4043 4030
f 4045 4044 4031
f 4035 4047 4046
f 4036 4048 4047
f 4037 4049 4048
f 4039 4051 4049
f 4050 4062 4051
f 4052 4062 4050
f 4053 4052 4040
f 4054 4053 4041
f 4055 4054 4042
f 4056 4055 4043
f 4057 4056 4044
f 4047 4059 4058
f 4048 4060 4059
f 4049 4061 4060
f 4051 4063 4061
f 4062 4075 4063
f 4064 4075 4062
f 4065 4064 4052
f 4066 4065 4053
f 4067 4066 4054
f 4068 4067 4055
f 4069 4068 4056
f 4070 4082 4058
f 4071 4070 4059
f 4072 4071 4060
f 4073 4072 4061
f 4074 4073 4063
f 4076 4074 4075
f 4065 4077 4076
f 4066 4078 4077
f 4067 4079 4078
f 4068 4080 4079
f 4069 4091 4080
f 4081 4094 4082
f 4083 4081 4070
f 4084 4083 4071
f 4085 4084 4072
f 4086 4085 4073
f 4087 4086 4074
f 4077 4088 4087
f 4078 4089 4088
f 4079 4090 4089
f 4080 4092 4090
f 4091 4105 4092
f 4081 4095 4093
f 4083 4096 4095
f 4084 4097 4096
f 4085 4098 4097
f 4086 4110 4098
f 4099 4110 4086
f 4100 4099 4087
f 4101 4100 4088
f 4102 4101 4089
f 4103 4102 4090
f 4104 4103 4092
f 4095 4107 4106
f 4096 4108 4107
f 4097 4109 4108
f 4098 4111 4109
f 4110 4122 4111
f 4112 4122 4110
f 4113 4112 4099
f 4114 4113 4100
f 4115 4114 4101
f 4116 4115 4102
f 4117 4116 4103
f 4107 4119 4118
f 4108 4120 4119
f 4109 4121 4120
f 4111 4123 4121
f 4122 4134 4123
f 4124 4134 4122
f 4125 4124 4112
f 4126 4125 4113
f 4127 4126 4114
f 4128 4127 4115
f 4129 4128 4116
f 4119 4131 4130
f 4120 4132 4131
f 4121 4133 4132
f 4123 4135 4133
f 4134 4146 4135
f 4136 4146 4134
f 4137 4136 4124
f 4138 4137 4125
f 4139 4138 4126
f 4140 4139 4127
f 4141 4140 4128
f 4131 4143 4142
f 4132 4144 4143
f 4133 4145 4144
f 4135 4147 4145
f 4146 4158 4147
f 4148 4158 4146
f 4149 4148 4136
f 4150 4149 4137
f 4151 4150 4138
f 4152 4151 4139
f 4153 4152 4140
f 4143 4155 4154
f 4144 4156 4155
f 4145 4157 4156
f 4147 4159 4157
f 4158 4170 4159
f 4160 4170 4158
f 4161 4160 4148
f 4162 4161 4149
f 4163 4162 4150
f 4164 4163 4151
f 4165 4164 4152
f 4155 4167 4166
f 4156 4168 4167
f 4157 4169 4168
f 4159 4171 4169
f 4170 4182 4171
f 4172 4182 4170
f 4173 4172 4160
f 4174 4173 4161
f 4175 4174 4162
f 4176 4175 4163
f 4177 4176 4164
f 4167 4179 4178
f 4168 4180 4179
f 4169 4181 4180
f 4171 4183 4181
f 4182 4194 4183
f 4184 4194 4182
f 4185 4184 4172
f 4186 4185 4173
f 4187 4186 4174
f 4188 4187 4175
f 4189 4188 4176
f 4179 4191 4190
f 4180 4192 4191
f 4181 4193 4192
f 4183 4195 4193
f 4194 4206 4195
f 4196 4206 4194
f 4197 4196 4184
f 4198 4197 4185
f 4199 4198 4186
f 4200 4199 4187
f 4201 4200 4188
f 4191 4203 4202
f 4192 4204 4203
f 4193 4205 4204
f 4195 4207 4205
f 4206 4214 4207
f 4208 4214 4206
f 4209 4208 4196
f 4210 4209 4197
f 4211 4210 4198
f 4212 4211 4199
f 4213 4212 4200
f 4203 3065 3064
f 4204 3067 3065
f 4205 3069 3067
f 4207 3071 3069
f 4214 3073 3071
f 3075 3073 4214
f 3076 3075 4208
f 3077 3076 4209
f 3079 3077 4210
f 3081 3079 4211
f 3083 3081 4212
f 4215 4216 4217
f 4215 4218 4216
f 4219 4218 4215
f 4219 4220 4218
f 4219 4221 4220
f 4222 4221 4219
f 4222 4223 4221
f 4222 4224 4223
f 4225 4224 4222
f 4225 4226 4224
f 4225 4227 4226
f 4228 4227 4225
f 4228 4229 4227
f 4228 4230 4229
f 4231 4230 4228
f 4231 4232 4230
f 4231 4233 4232
f 4234 4233 4231
f 4234 4235 4233
f 4234 4236 4235
f 4237 4236 4234
f 4237 4238 4236
f 4237 4239 4238
f 4240 4239 4237
f 4240 4241 4239
f 4240 4242 4241
f 4243 4242 4240
f 4243 4244 4242
f 4245 4244 4243
f 4245 4246 4244
f 4245 4247 4246
f 4248 4247 4245
f 4248 4249 4247
f 4248 4250 4249
f 4251 4250 4248
f 4251 4252 4250
f 4251 4253 4252
f 4253 4254 4252
f 4254 4255 4252
f 4255 4256 4252
f 4256 4257 4252
f 4257 4258 4252
f 4259 4260 4251
f 4260 4253 4251
f 4261 4262 4259
f 4262 4260 4259
f 4263 4262 4261
f 4264 4265 4263
f 4265 4262 4263
f 4266 4267 4264
f 4267 4265 4264
f 4268 4269 4266
f 4269 4267 4266
f 4270 4271 4268
f 4271 4269 4268
f 4272 4273 4270
f 4273 4271 4270
f 4272 4274 4273
f 4272 4275 4274
f 4276 4275 4272
f 4276 4277 4275
f 4276 4278 4277
f 4276 4279 4278
f 4276 4280 4279
f 4276 4281 4280
f 4282 4281 4276
f 4282 4283 4281
f 4282 4284 4283
f 4285 4284 4282
f 4285 4286 4284
f 4285 4287 4286
f 4288 4287 4285
f 4288 4289 4287
f 4288 4290 4289
f 4291 4290 4288
f 4291 4292 4290
f 4293 4292 4291
f 4293 4294 4292
f 4293 4295 4294
f 4296 4295 4293
f 4296 4297 4295
f 4298 4297 4296
f 4298 4299 4297
f 4298 4300 4299
f 4301 4300 4298
f 4301 4302 4300
f 4303 4302 4301
f 4304 4305 4306
f 4304 4307 4305
f 4308 4307 4304
f 4308 4309 4307
f 4303 4310 4302
f 4308 4311 4309
f 4312 4311 4308
f 4312 4313 4311
f 4314 4313 4312
f 4314 4315 4313
f 4314 4316 4315
f 4317 4316 4314
f 4317 4318 4316
f 4319 4310 4303
f 4320 4318 4317
f 4320 4321 4318
f 4320 4322 4321
f 4319 4323 4310
f 4324 4322 4320
f 4324 4325 4322
f 4326 4325 4324
f 4326 4327 4325
f 4326 4328 4327
f 4329 4328 4326
f 4330 4323 4319
f 4330 4331 4323
f 4329 4332 4328
f 4333 4332 4329
f 4333 4334 4332
f 4333 4335 4334
f 4336 4335 4333
f 4330 4337 4331
f 4338 4337 4330
f 4336 4339 4335
f 4337 4339 4336
f 4337 4340 4339
f 4337 4341 4340
f 4338 4341 4337
f 4342 4341 4338
f 4342 4343 4341
f 4342 4344 4343
f 4342 4345 4344
f 4346 4345 4342
f 4346 4347 4345
f 4346 4348 4347
f 4346 4349 4348
f 4350 4349 4346
f 4350 4351 4349
f 4351 4352 4349
f 4352 4353 4349
f 4352 4354 4353
f 4354 4355 4353
f 4356 4355 4354
f 4350 4357 4351
f 4358 4355 4356
f 4350 4359 4357
f 4360 4355 4358
f 4350 4361 4359
f 4362 4355 4360
f 4350 4363 4361
f 4364 4355 4362
f 4350 4365 4363
f 4366 4355 4364
f 4350 4367 4365
f 4366 4368 4355
f 4369 4368 4366
f 4350 4370 4367
f 4371 4370 4350
f 4372 4368 4369
f 4371 4373 4370
f 4374 4368 4372
f 4371 4375 4373
f 4374 4376 4368
f 4377 4376 4374
f 4371 4378 4375
f 4379 4376 4377
f 4371 4380 4378
f 4379 4381 4376
f 4382 4381 4379
f 4371 4383 4380
f 4384 4381 4382
f 4371 4385 4383
f 4384 4386 4381
f 4387 4385 4371
f 4388 4386 4384
f 4387 4389 4385
f 4390 4386 4388
f 4387 4391 4389
f 4390 4392 4386
f 4393 4392 4390
f 4387 4394 4391
f 4393 4395 4392
f 4396 4395 4393
f 4387 4397 4394
f 4398 4397 4387
f 4399 4395 4396
f 4398 4400 4397
f 4399 4401 4395
f 4402 4401 4399
f 4398 4403 4400
f 4404 4401 4402
f 4404 4405 4401
f 4398 4406 4403
f 4407 4405 4404
f 4398 4408 4406
f 4409 4408 4398
f 4407 4410 4405
f 4411 4410 4407
f 4409 4412 4408
f 4411 4413 4410
f 4414 4413 4411
f 4409 4415 4412
f 4409 4416 4415
f 4417 4413 4414
f 4417 4418 4413
f 4419 4416 4409
f 4419 4420 4416
f 4421 4418 4417
f 4419 4422 4420
f 4421 4423 4418
f 4424 4423 4421
f 4419 4425 4422
f 4426 4423 4424
f 4427 4425 4419
f 4426 4428 4423
f 4427 4429 4425
f 4430 4428 4426
f 4427 4431 4429
f 4432 4428 4430
f 4432 4433 4428
f 4427 4434 4431
f 4435 4433 4432
f 4436 4434 4427
f 4435 4437 4433
f 4436 4438 4434
f 4439 4437 4435
f 4436 4440 4438
f 4441 4437 4439
f 4441 4442 4437
f 4436 4443 4440
f 4444 4442 4441
f 4436 4445 4443
f 4446 4442 4444
f 4447 4445 4436
f 4446 4448 4442
f 4447 4449 4445
f 4450 4448 4446
f 4447 4451 4449
f 4452 4448 4450
f 4452 4453 4448
f 4447 4454 4451
f 4455 4453 4452
f 4447 4456 4454
f 4457 4453 4455
f 4458 4456 4447
f 4457 4459 4453
f 4458 4460 4456
f 4461 4459 4457
f 4458 4462 4460
f 4463 4459 4461
f 4458 4464 4462
f 4465 4459 4463
f 4458 4466 4464
f 4465 4467 4459
f 4468 4467 4465
f 4458 4469 4466
f 4470 4467 4468
f 4458 4471 4469
f 4472 4467 4470
f 4458 4473 4471
f 4474 4467 4472
f 4475 4473 4458
f 4475 4476 4473
f 4477 4467 4474
f 4475 4478 4476
f 4478 4467 4477
f 4475 4467 4478
f 4475 4479 4467
f 4475 4480 4479
f 4481 4480 4475
f 4481 4482 4480
f 4481 4483 4482
f 4484 4483 4481
f 4484 4485 4483
f 4484 4486 4485
f 4487 4486 4484
f 4487 4488 4486
f 4487 4489 4488
f 4490 4489 4487
f 4490 4491 4489
f 4492 4491 4490
f 4492 4493 4491
f 4492 4494 4493
f 4495 4494 4492
f 4495 4496 4494
f 4495 4497 4496
f 4498 4497 4495
f 4498 4499 4497
f 4498 4500 4499
f 4501 4500 4498
f 4501 4502 4500
f 4501 4503 4502
f 4504 4503 4501
f 4504 4505 4503
f 4506 4505 4504
f 4506 4507 4505
f 4506 4508 4507
f 4509 4508 4506
f 4509 4510 4508
f 4509 4511 4510
f 4512 4511 4509
f 4512 4513 4511
f 4512 4514 4513
f 4515 4514 4512
f 4516 4517 4518
f 4516 4518 4519
f 4520 4516 4519
f 4520 4519 4521
f 4520 4521 4522
f 4523 4520 4522
f 4523 4522 4524
f 4523 4524 4525
f 4526 4523 4525
f 4526 4525 4527
f 4526 4527 4528
f 4529 4526 4528
f 4529 4528 4530
f 4529 4530 4531
f 4532 4529 4531
f 4532 4531 4533
f 4532 4533 4534
f 4535 4532 4534
f 4535 4534 4536
f 4535 4536 4537
f 4538 4535 4537
f 4538 4537 4539
f 4538 4539 4540
f 4541 4538 4540
f 4541 4540 4542
f 4541 4542 4543
f 4544 4541 4543
f 4544 4543 4545
f 4546 4544 4545
f 4546 4545 4547
f 4546 4547 4548
f 4549 4546 4548
f 4549 4548 4550
f 4549 4550 4551
f 4552 4549 4551
f 4552 4551 4553
f 4552 4553 4554
f 4554 4553 4555
f 4555 4553 4556
f 4556 4553 4557
f 4557 4553 4558
f 4558 4553 4559
f 4560 4552 4561
f 4561 4552 4554
f 4562 4560 4563
f 4563 4560 4561
f 4564 4562 4563
f 4565 4564 4566
f 4566 4564 4563
f 4567 4565 4568
f 4568 4565 4566
f 4569 4567 4570
f 4570 4567 4568
f 4571 4569 4572
f 4572 4569 4570
f 4573 4571 4574
f 4574 4571 4572
f 4573 4574 4575
f 4573 4575 4576
f 4577 4573 4576
f 4577 4576 4578
f 4577 4578 4579
f 4577 4579 4580
f 4577 4580 4581
f 4577 4581 4582
f 4583 4577 4582
f 4583 4582 4584
f 4583 4584 4585
f 4586 4583 4585
f 4586 4585 4587
f 4586 4587 4588
f 4589 4586 4588
f 4589 4588 4590
f 4589 4590 4591
f 4592 4589 4591
f 4592 4591 4593
f 4594 4592 4593
f 4594 4593 4595
f 4594 4595 4596
f 4597 4594 4596
f 4597 4596 4598
f 4599 4597 4598
f 4599 4598 4600
f 4599 4600 4601
f 4602 4599 4601
f 4602 4601 4603
f 4604 4602 4603
f 4605 4606 4607
f 4605 4607 4608
f 4609 4605 4608
f 4609 4608 4610
f 4604 4603 4611
f 4609 4610 4612
f 4613 4609 4612
f 4613 4612 4614
f 4615 4613 4614
f 4615 4614 4616
f 4615 4616 4617
f 4618 4615 4617
f 4618 4617 4619
f 4620 4604 4611
f 4621 4618 4619
f 4621 4619 4622
f 4621 4622 4623
f 4620 4611 4624
f 4625 4621 4623
f 4625 4623 4626
f 4627 4625 4626
f 4627 4626 4628
f 4627 4628 4629
f 4630 4627 4629
f 4631 4620 4624
f 4631 4624 4632
f 4630 4629 4633
f 4634 4630 4633
f 4634 4633 4635
f 4634 4635 4636
f 4637 4634 4636
f 4631 4632 4638
f 4639 4631 4638
f 4637 4636 4640
f 4638 4637 4640
f 4638 4640 4641
f 4638 4641 4642
f 4639 4638 4642
f 4643 4639 4642
f 4643 4642 4644
f 4643 4644 4645
f 4643 4645 4646
f 4647 4643 4646
f 4647 4646 4648
f 4647 4648 4649
f 4647 4649 4650
f 4651 4647 4650
f 4651 4650 4652
f 4652 4650 4653
f 4653 4650 4654
f 4653 4654 4655
f 4655 4654 4656
f 4657 4655 4656
f 4651 4652 4658
f 4659 4657 4656
f 4651 4658 4660
f 4661 4659 4656
f 4651 4660 4662
f 4663 4661 4656
f 4651 4662 4664
f 4665 4663 4656
f 4651 4664 4666
f 4667 4665 4656
f 4651 4666 4668
f 4667 4656 4669
f 4670 4667 4669
f 4651 4668 4671
f 4672 4651 4671
f 4673 4670 4669
f 4672 4671 4674
f 4675 4673 4669
f 4672 4674 4676
f 4675 4669 4677
f 4678 4675 4677
f 4672 4676 4679
f 4680 4678 4677
f 4672 4679 4681
f 4680 4677 4682
f 4683 4680 4682
f 4672 4681 4684
f 4685 4683 4682
f 4672 4684 4686
f 4685 4682 4687
f 4688 4672 4686
f 4689 4685 4687
f 4688 4686 4690
f 4691 4689 4687
f 4688 4690 4692
f 4691 4687 4693
f 4694 4691 4693
f 4688 4692 4695
f 4694 4693 4696
f 4697 4694 4696
f 4688 4695 4698
f 4699 4688 4698
f 4700 4697 4696
f 4699 4698 4701
f 4700 4696 4702
f 4703 4700 4702
f 4699 4701 4704
f 4705 4703 4702
f 4705 4702 4706
f 4699 4704 4707
f 4708 4705 4706
f 4699 4707 4709
f 4710 4699 4709
f 4708 4706 4711
f 4712 4708 4711
f 4710 4709 4713
f 4712 4711 4714
f 4715 4712 4714
f 4710 4713 4716
f 4710 4716 4717
f 4718 4715 4714
f 4718 4714 4719
f 4720 4710 4717
f 4720 4717 4721
f 4722 4718 4719
f 4720 4721 4723
f 4722 4719 4724
f 4725 4722 4724
f 4720 4723 4726
f 4727 4725 4724
f 4728 4720 4726
f 4727 4724 4729
f 4728 4726 4730
f 4731 4727 4729
f 4728 4730 4732
f 4733 4731 4729
f 4733 4729 4734
f 4728 4732 4735
f 4736 4733 4734
f 4737 4728 4735
f 4736 4734 4738
f 4737 4735 4739
f 4740 4736 4738
f 4737 4739 4741
f 4742 4740 4738
f 4742 4738 4743
f 4737 4741 4744
f 4745 4742 4743
f 4737 4744 4746
f 4747 4745 4743
f 4748 4737 4746
f 4747 4743 4749
f 4748 4746 4750
f 4751 4747 4749
f 4748 4750 4752
f 4753 4751 4749
f 4753 4749 4754
f 4748 4752 4755
f 4756 4753 4754
f 4748 4755 4757
f 4758 4756 4754
f 4759 4748 4757
f 4758 4754 4760
f 4759 4757 4761
f 4762 4758 4760
f 4759 4761 4763
f 4764 4762 4760
f 4759 4763 4765
f 4766 4764 4760
f 4759 4765 4767
f 4766 4760 4768
f 4769 4766 4768
f 4759 4767 4770
f 4771 4769 4768
f 4759 4770 4772
f 4773 4771 4768
f 4759 4772 4774
f 4775 4773 4768
f 4776 4759 4774
f 4776 4774 4777
f 4778 4775 4768
f 4776 4777 4779
f 4779 4778 4768
f 4776 4779 4768
f 4776 4768 4780
f 4776 4780 4781
f 4782 4776 4781
f 4782 4781 4783
f 4782 4783 4784
f 4785 4782 4784
f 4785 4784 4786
f 4785 4786 4787
f 4788 4785 4787
f 4788 4787 4789
f 4788 4789 4790
f 4791 4788 4790
f 4791 4790 4792
f 4793 4791 4792
f 4793 4792 4794
f 4793 4794 4795
f 4796 4793 4795
f 4796 4795 4797
f 4796 4797 4798
f 4799 4796 4798
f 4799 4798 4800
f 4799 4800 4801
f 4802 4799 4801
f 4802 4801 4803
f 4802 4803 4804
f 4805 4802 4804
f 4805 4804 4806
f 4807 4805 4806
f 4807 4806 4808
f 4807 4808 4809
f 4810 4807 4809
f 4810 4809 4811
f 4810 4811 4812
f 4813 4810 4812
f 4813 4812 4814
f 4813 4814 4815
f 4816 4813 4815
f 4817 4818 4819
f 4820 4819 4821
f 4822 4821 4823
f 4824 4823 4825
f 4826 4825 4827
f 4828 4827 4829
f 4830 4828 4829
f 4831 4832 4830
f 4833 4834 4831
f 4835 4836 4833
f 4837 4838 4835
f 4817 4839 4840
f 4820 4841 4817
f 4822 4842 4820
f 4824 4843 4822
f 4826 4844 4824
f 4845 4826 4828
f 4846 4828 4832
f 4847 4832 4834
f 4848 4834 4836
f 4849 4836 4838
f 4850 4838 4851
f 4841 4852 4839
f 4842 4853 4841
f 4843 4854 4842
f 4844 4855 4843
f 4856 4857 4844
f 4858 4856 4845
f 4859 4845 4846
f 4860 4846 4847
f 4861 4847 4848
f 4862 4848 4849
f 4863 4849 4850
f 4853 4864 4852
f 4854 4865 4853
f 4855 4866 4854
f 4857 4867 4855
f 4868 4869 4857
f 4870 4868 4858
f 4871 4858 4859
f 4872 4859 4860
f 4873 4860 4861
f 4874 4861 4862
f 4875 4862 4863
f 4865 4876 4864
f 4866 4877 4865
f 4867 4878 4866
f 4869 4879 4867
f 4880 4881 4869
f 4882 4880 4870
f 4883 4870 4871
f 4884 4871 4872
f 4885 4872 4873
f 4886 4873 4874
f 4887 4874 4875
f 4877 4888 4876
f 4878 4889 4877
f 4879 4890 4878
f 4881 4891 4879
f 4892 4893 4881
f 4894 4892 4882
f 4895 4882 4883
f 4896 4883 4884
f 4897 4884 4885
f 4898 4885 4886
f 4899 4886 4887
f 4889 4900 4888
f 4890 4901 4889
f 4891 4902 4890
f 4893 4903 4891
f 4904 4905 4893
f 4906 4904 4894
f 4907 4894 4895
f 4908 4895 4896
f 4909 4896 4897
f 4910 4897 4898
f 4911 4898 4899
f 4901 4912 4900
f 4902 4913 4901
f 4903 4914 4902
f 4905 4915 4903
f 4916 4917 4905
f 4918 4916 4906
f 4919 4906 4907
f 4920 4907 4908
f 4921 4908 4909
f 4922 4909 4910
f 4923 4910 4911
f 4913 4924 4912
f 4914 4925 4913
f 4915 4926 4914
f 4917 4927 4915
f 4928 4929 4917
f 4930 4928 4918
f 4931 4918 4919
f 4932 4919 4920
f 4933 4920 4921
f 4934 4921 4922
f 4935 4922 4923
f 4925 4936 4924
f 4926 4937 4925
f 4927 4938 4926
f 4929 4939 4927
f 4940 4941 4929
f 4942 4940 4930
f 4943 4930 4931
f 4944 4931 4932
f 4945 4932 4933
f 4946 4933 4934
f 4947 4934 4935
f 4937 4948 4936
f 4938 4949 4937
f 4939 4950 4938
f 4941 4951 4939
f 4952 4953 4941
f 4954 4952 4942
f 4955 4942 4943
f 4956 4943 4944
f 4957 4944 4945
f 4958 4945 4946
f 4959 4946 4947
f 4949 4960 4948
f 4950 4961 4949
f 4951 4962 4950
f 4953 4963 4951
f 4964 4965 4953
f 4966 4964 4954
f 4967 4954 4955
f 4968 4955 4956
f 4969 4956 4957
f 4970 4957 4958
f 4971 4958 4959
f 4961 4972 4960
f 4962 4973 4961
f 4963 4974 4962
f 4965 4975 4963
f 4976 4977 4965
f 4978 4976 4966
f 4979 4966 4967
f 4980 4967 4968
f 4981 4968 4969
f 4982 4969 4970
f 4983 4970 4971
f 4973 4984 4972
f 4974 4985 4973
f 4975 4986 4974
f 4977 4987 4975
f 4988 4989 4977
f 4990 4988 4978
f 4991 4978 4979
f 4992 4979 4980
f 4993 4980 4981
f 4994 4981 4982
f 4995 4982 4983
f 4985 4996 4984
f 4986 4997 4985
f 4987 4998 4986
f 4989 4999 4987
f 5000 5001 4989
f 5002 5000 4990
f 5003 4990 4991
f 5004 4991 4992
f 5005 4992 4993
f 5006 4993 4994
f 5007 4994 4995
f 4997 5008 4996
f 4998 5009 4997
f 4999 5010 4998
f 5001 5011 4999
f 5012 5013 5001
f 5014 5012 5002
f 5015 5002 5003
f 5016 5003 5004
f 5017 5004 5005
f 5018 5005 5006
f 5019 5006 5007
f 5009 5020 5008
f 5010 5021 5009
f 5011 5022 5010
f 5013 5023 5011
f 5024 5025 5013
f 5026 5024 5014
f 5027 5014 5015
f 5028 5015 5016
f 5029 5016 5017
f 5030 5017 5018
f 5031 5018 5019
f 5021 5032 5020
f 5022 5033 5021
f 5023 5034 5022
f 5025 5035 5023
f 5036 5037 5025
f 5038 5036 5026
f 5039 5026 5027
f 5040 5027 5028
f 5041 5028 5029
f 5042 5029 5030
f 5043 5030 5031
f 5033 5044 5032
f 5034 5045 5033
f 5035 5046 5034
f 5037 5047 5035
f 5048 5049 5037
f 5050 5048 5038
f 5051 5038 5039
f 5052 5039 5040
f 5053 5040 5041
f 5054 5041 5042
f 5055 5042 5043
f 5045 5056 5044
f 5046 5057 5045
f 5047 5058 5046
f 5049 5059 5047
f 5060 5049 5061
f 5062 5061 5050
f 5063 5050 5051
f 5064 5051 5052
f 5065 5052 5053
f 5066 5053 5054
f 5067 5054 5055
f 5068 5056 5057
f 5069 5057 5058
f 5070 5058 5059
f 5071 5059 5072
f 5073 5072 5060
f 5074 5060 5062
f 5063 5074 5062
f 5064 5075 5063
f 5065 5076 5064
f 5066 5077 5065
f 5067 5078 5066
f 5079 5080 5068
f 5081 5068 5069
f 5082 5069 5070
f 5083 5070 5071
f 5084 5071 5073
f 5085 5073 5074
f 5075 5085 5074
f 5076 5086 5075
f 5077 5087 5076
f 5078 5088 5077
f 5089 5090 5078
f 5091 5092 5079
f 5093 5079 5081
f 5094 5081 5082
f 5095 5082 5083
f 5096 5083 5084
f 5097 5084 5085
f 5086 5097 5085
f 5087 5098 5086
f 5088 5099 5087
f 5090 5100 5088
f 5101 5102 5090
f 5091 5103 5104
f 5093 5105 5091
f 5094 5106 5093
f 5095 5107 5094
f 5096 5108 5095
f 5097 5109 5096
f 5110 5097 5098
f 5111 5098 5099
f 5112 5099 5100
f 5113 5100 5102
f 5114 5102 5115
f 5105 5116 5103
f 5106 5117 5105
f 5107 5118 5106
f 5108 5119 5107
f 5109 5120 5108
f 5121 5109 5122
f 5123 5122 5110
f 5124 5110 5111
f 5125 5111 5112
f 5126 5112 5113
f 5127 5113 5114
f 5117 5128 5116
f 5118 5129 5117
f 5119 5130 5118
f 5120 5131 5119
f 5132 5133 5120
f 5134 5132 5121
f 5135 5121 5123
f 5136 5123 5124
f 5137 5124 5125
f 5138 5125 5126
f 5139 5126 5127
f 5140 5128 5129
f 5141 5129 5130
f 5142 5130 5131
f 5143 5131 5133
f 5144 5133 5145
f 5146 5145 5134
f 5135 5146 5134
f 5136 5147 5135
f 5137 5148 5136
f 5138 5149 5137
f 5139 5150 5138
f 5151 5152 5140
f 5153 5140 5141
f 5154 5141 5142
f 5155 5142 5143
f 5156 5143 5144
f 5157 5144 5146
f 5147 5157 5146
f 5148 5158 5147
f 5149 5159 5148
f 5150 5160 5149
f 5161 5162 5150
f 5163 5164 5151
f 5165 5151 5153
f 5166 5153 5154
f 5167 5154 5155
f 5168 5155 5156
f 5169 5156 5157
f 5158 5169 5157
f 5159 5170 5158
f 5160 5171 5159
f 5162 5172 5160
f 5173 5174 5162
f 5175 5176 5163
f 5177 5163 5165
f 5178 5165 5166
f 5179 5166 5167
f 5180 5167 5168
f 5181 5168 5169
f 5170 5181 5169
f 5171 5182 5170
f 5172 5183 5171
f 5174 5184 5172
f 5185 5186 5174
f 5187 5188 5175
f 5189 5175 5177
f 5190 5177 5178
f 5191 5178 5179
f 5192 5179 5180
f 5193 5180 5181
f 5182 5193 5181
f 5183 5194 5182
f 5184 5195 5183
f 5186 5196 5184
f 5197 5198 5186
f 5199 5200 5187
f 5201 5187 5189
f 5202 5189 5190
f 5203 5190 5191
f 5204 5191 5192
f 5205 5192 5193
f 5194 5205 5193
f 5195 5206 5194
f 5196 5207 5195
f 5198 5208 5196
f 5209 5210 5198
f 5211 5212 5199
f 5213 5199 5201
f 5214 5201 5202
f 5215 5202 5203
f 5216 5203 5204
f 5217 5204 5205
f 5206 5217 5205
f 5207 5218 5206
f 5208 5219 5207
f 5210 5220 5208
f 5221 5222 5210
f 5223 5224 5211
f 5225 5211 5213
f 5226 5213 5214
f 5227 5214 5215
f 5228 5215 5216
f 5229 5216 5217
f 5218 5229 5217
f 5219 5230 5218
f 5220 5231 5219
f 5222 5232 5220
f 5233 5234 5222
f 5235 5236 5223
f 5237 5223 5225
f 5238 5225 5226
f 5239 5226 5227
f 5240 5227 5228
f 5241 5228 5229
f 5230 5241 5229
f 5231 5242 5230
f 5232 5243 5231
f 5234 5244 5232
f 5245 5246 5234
f 5247 5248 5235
f 5249 5235 5237
f 5250 5237 5238
f 5251 5238 5239
f 5252 5239 5240
f 5253 5240 5241
f 5242 5253 5241
f 5243 5254 5242
f 5244 5255 5243
f 5246 5256 5244
f 5257 5258 5246
f 5247 5259 5260
f 5249 5261 5247
f 5250 5262 5249
f 5251 5263 5250
f 5252 5264 5251
f 5265 5252 5253
f 5266 5253 5254
f 5267 5254 5255
f 5268 5255 5256
f 5269 5256 5258
f 5270 5258 5271
f 5261 5272 5259
f 5262 5273 5261
f 5263 5274 5262
f 5264 5275 5263
f 5276 5277 5264
f 5278 5276 5265
f 5279 5265 5266
f 5280 5266 5267
f 5281 5267 5268
f 5282 5268 5269
f 5283 5269 5270
f 5273 5284 5272
f 5274 5285 5273
f 5275 5286 5274
f 5277 5287 5275
f 5288 5289 5277
f 5290 5288 5278
f 5291 5278 5279
f 5292 5279 5280
f 5293 5280 5281
f 5294 5281 5282
f 5295 5282 5283
f 5285 5296 5284
f 5286 5297 5285
f 5287 5298 5286
f 5289 5299 5287
f 5300 5301 5289
f 5302 5300 5290
f 5303 5290 5291
f 5304 5291 5292
f 5305 5292 5293
f 5306 5293 5294
f 5307 5294 5295
f 5297 5308 5296
f 5298 5309 5297
f 5299 5310 5298
f 5301 5311 5299
f 5312 5313 5301
f 5314 5312 5302
f 5315 5302 5303
f 5316 5303 5304
f 5317 5304 5305
f 5318 5305 5306
f 5319 5306 5307
f 5309 5320 5308
f 5310 5321 5309
f 5311 5322 5310
f 5313 5323 5311
f 5324 5325 5313
f 5326 5324 5314
f 5327 5314 5315
f 5328 5315 5316
f 5329 5316 5317
f 5330 5317 5318
f 5331 5318 5319
f 5321 5332 5320
f 5322 5333 5321
f 5323 5334 5322
f 5325 5335 5323
f 5336 5337 5325
f 5338 5336 5326
f 5339 5326 5327
f 5340 5327 5328
f 5341 5328 5329
f 5342 5329 5330
f 5343 5330 5331
f 5333 5344 5332
f 5334 5345 5333
f 5335 5346 5334
f 5337 5347 5335
f 5348 5349 5337
f 5350 5348 5338
f 5351 5338 5339
f 5352 5339 5340
f 5353 5340 5341
f 5354 5341 5342
f 5355 5342 5343
f 5345 5356 5344
f 5346 5357 5345
f 5347 5358 5346
f 5349 5359 5347
f 5360 5361 5349
f 5362 5360 5350
f 5363 5350 5351
f 5364 5351 5352
f 5365 5352 5353
f 5366 5353 5354
f 5367 5354 5355
f 5368 5356 5357
f 5369 5357 5358
f 5370 5358 5359
f 5371 5359 5361
f 5372 5361 5373
f 5374 5373 5362
f 5363 5374 5362
f 5375 5363 5364
f 5365 5375 5364
f 5366 5376 5365
f 5367 5377 5366
f 5378 5379 5368
f 5380 5368 5369
f 5381 5369 5370
f 5382 5370 5371
f 5383 5371 5372
f 5384 5372 5374
f 5385 5384 5374
f 5375 5386 5385
f 5376 5387 5375
f 5377 5388 5376
f 5389 5390 5377
f 5391 5392 5378
f 5393 5378 5380
f 5394 5380 5381
f 5395 5381 5382
f 5396 5382 5383
f 5397 5383 5384
f 5386 5397 5384
f 5387 5398 5386
f 5388 5399 5387
f 5390 5400 5388
f 5401 5402 5390
f 5403 5404 5391
f 5405 5391 5393
f 5406 5393 5394
f 5407 5394 5395
f 5408 5395 5396
f 5409 5396 5397
f 5398 5409 5397
f 5399 5410 5398
f 5400 5411 5399
f 5402 5412 5400
f 5413 5414 5402
f 5403 5415 5416
f 5405 5417 5403
f 5406 5418 5405
f 5407 5419 5406
f 5408 5420 5407
f 5421 5408 5409
f 5422 5409 5410
f 5423 5410 5411
f 5424 5411 5412
f 5425 5412 5414
f 5426 5414 5427
f 5417 5428 5415
f 5418 5429 5417
f 5419 5430 5418
f 5420 5431 5419
f 5432 5433 5420
f 5434 5432 5421
f 5435 5421 5422
f 5436 5422 5423
f 5437 5423 5424
f 5438 5424 5425
f 5439 5425 5426
f 5429 5440 5428
f 5430 5441 5429
f 5431 5442 5430
f 5433 5443 5431
f 5444 5445 5433
f 5446 5444 5434
f 5447 5434 5435
f 5448 5435 5436
f 5449 5436 5437
f 5450 5437 5438
f 5451 5438 5439
f 5452 5440 5441
f 5453 5441 5442
f 5454 5442 5443
f 5455 5443 5445
f 5456 5445 5457
f 5458 5457 5446
f 5447 5458 5446
f 5448 5459 5447
f 5449 5460 5448
f 5450 5461 5449
f 5451 5462 5450
f 5463 5464 5452
f 5465 5452 5453
f 5466 5453 5454
f 5467 5454 5455
f 5468 5455 5456
f 5469 5456 5458
f 5459 5469 5458
f 5460 5470 5459
f 5461 5471 5460
f 5462 5472 5461
f 5473 5474 5462
f 5475 5476 5463
f 5477 5463 5465
f 5478 5465 5466
f 5479 5466 5467
f 5480 5467 5468
f 5481 5468 5469
f 5470 5481 5469
f 5471 5482 5470
f 5472 5483 5471
f 5474 5484 5472
f 5485 5486 5474
f 5487 5488 5475
f 5489 5475 5477
f 5490 5477 5478
f 5491 5478 5479
f 5492 5479 5480
f 5493 5480 5481
f 5482 5493 5481
f 5483 5494 5482
f 5484 5495 5483
f 5486 5496 5484
f 5497 5498 5486
f 5499 5500 5487
f 5501 5487 5489
f 5502 5489 5490
f 5503 5490 5491
f 5504 5491 5492
f 5505 5492 5493
f 5494 5505 5493
f 5495 5506 5494
f 5496 5507 5495
f 5498 5508 5496
f 5509 5510 5498
f 5511 5512 5499
f 5513 5499 5501
f 5514 5501 5502
f 5515 5502 5503
f 5516 5503 5504
f 5517 5504 5505
f 5506 5517 5505
f 5507 5518 5506
f 5508 5519 5507
f 5510 5520 5508
f 5521 5522 5510
f 5523 5524 5511
f 5525 5511 5513
f 5526 5513 5514
f 5527 5514 5515
f 5528 5515 5516
f 5529 5516 5517
f 5518 5529 5517
f 5519 5530 5518
f 5520 5531 5519
f 5522 5532 5520
f 5533 5534 5522
f 5535 5536 5523
f 5537 5523 5525
f 5538 5525 5526
f 5539 5526 5527
f 5540 5527 5528
f 5541 5528 5529
f 5530 5541 5529
f 5531 5542 5530
f 5532 5543 5531
f 5534 5544 5532
f 5545 5546 5534
f 5547 5548 5535
f 5549 5535 5537
f 5550 5537 5538
f 5551 5538 5539
f 5552 5539 5540
f 5553 5540 5541
f 5542 5553 5541
f 5543 5554 5542
f 5544 5555 5543
f 5546 5556 5544
f 5557 5558 5546
f 5559 5560 5547
f 5561 5547 5549
f 5562 5549 5550
f 5563 5550 5551
f 5564 5551 5552
f 5565 5552 5553
f 5554 5565 5553
f 5555 5566 5554
f 5556 5567 5555
f 5558 5568 5556
f 5569 5570 5558
f 5571 5572 5559
f 5573 5559 5561
f 5574 5561 5562
f 5575 5562 5563
f 5576 5563 5564
f 5577 5564 5565
f 5566 5577 5565
f 5567 5578 5566
f 5568 5579 5567
f 5570 5580 5568
f 5581 5582 5570
f 5583 5584 5571
f 5585 5571 5573
f 5586 5573 5574
f 5587 5574 5575
f 5588 5575 5576
f 5589 5576 5577
f 5578 5589 5577
f 5579 5590 5578
f 5580 5591 5579
f 5582 5592 5580
f 5593 5594 5582
f 5595 5596 5583
f 5597 5583 5585
f 5598 5585 5586
f 5599 5586 5587
f 5600 5587 5588
f 5601 5588 5589
f 5590 5601 5589
f 5591 5602 5590
f 5592 5603 5591
f 5594 5604 5592
f 5605 5606 5594
f 5607 5608 5595
f 5609 5595 5597
f 5610 5597 5598
f 5611 5598 5599
f 5612 5599 5600
f 5613 5600 5601
f 5602 5613 5601
f 5603 5614 5602
f 5604 5615 5603
f 5606 5616 5604
f 5617 5618 5606
f 5619 5620 5607
f 5621 5607 5609
f 5622 5609 5610
f 5623 5610 5611
f 5624 5611 5612
f 5625 5612 5613
f 5614 5625 5613
f 5615 5626 5614
f 5616 5627 5615
f 5618 5628 5616
f 5629 5630 5618
f 5631 5632 5619
f 5633 5619 5621
f 5634 5621 5622
f 5635 5622 5623
f 5636 5623 5624
f 5637 5624 5625
f 5626 5637 5625
f 5627 5638 5626
f 5628 5639 5627
f 5630 5640 5628
f 5641 5642 5630
f 5643 5644 5631
f 5645 5631 5633
f 5646 5633 5634
f 5647 5634 5635
f 5648 5635 5636
f 5649 5636 5637
f 5638 5649 5637
f 5639 5650 5638
f 5640 5651 5639
f 5642 5652 5640
f 5653 5654 5642
f 5655 5656 5643
f 5657 5643 5645
f 5658 5645 5646
f 5659 5646 5647
f 5660 5647 5648
f 5661 5648 5649
f 5650 5661 5649
f 5651 5662 5650
f 5652 5663 5651
f 5654 5664 5652
f 5665 5666 5654
f 5667 5668 5655
f 5669 5655 5657
f 5670 5657 5658
f 5671 5658 5659
f 5672 5659 5660
f 5673 5660 5661
f 5662 5673 5661
f 5663 5674 5662
f 5664 5675 5663
f 5666 5676 5664
f 5677 5678 5666
f 5667 5679 5680
f 5669 5681 5667
f 5670 5682 5669
f 5671 5683 5670
f 5672 5684 5671
f 5685 5672 5673
f 5686 5673 5674
f 5687 5674 5675
f 5688 5675 5676
f 5689 5676 5678
f 5690 5678 5691
f 5681 5692 5679
f 5682 5693 5681
f 5683 5694 5682
f 5684 5695 5683
f 5696 5697 5684
f 5698 5696 5685
f 5699 5685 5686
f 5700 5686 5687
f 5701 5687 5688
f 5702 5688 5689
f 5703 5689 5690
f 5693 5704 5692
f 5694 5705 5693
f 5695 5706 5694
f 5697 5707 5695
f 5708 5709 5697
f 5710 5708 5698
f 5711 5698 5699
f 5712 5699 5700
f 5713 5700 5701
f 5714 5701 5702
f 5715 5702 5703
f 5705 5716 5704
f 5706 5717 5705
f 5707 5718 5706
f 5709 5719 5707
f 5720 5721 5709
f 5722 5720 5710
f 5723 5710 5711
f 5724 5711 5712
f 5725 5712 5713
f 5726 5713 5714
f 5727 5714 5715
f 5717 5728 5716
f 5718 5729 5717
f 5719 5730 5718
f 5721 5731 5719
f 5732 5733 5721
f 5734 5732 5722
f 5735 5722 5723
f 5736 5723 5724
f 5737 5724 5725
f 5738 5725 5726
f 5739 5726 5727
f 5729 5740 5728
f 5730 5741 5729
f 5731 5742 5730
f 5733 5743 5731
f 5744 5745 5733
f 5746 5744 5734
f 5747 5734 5735
f 5748 5735 5736
f 5749 5736 5737
f 5750 5737 5738
f 5751 5738 5739
f 5741 5752 5740
f 5742 5753 5741
f 5743 5754 5742
f 5745 5755 5743
f 5756 5757 5745
f 5758 5756 5746
f 5759 5746 5747
f 5760 5747 5748
f 5761 5748 5749
f 5762 5749 5750
f 5763 5750 5751
f 5753 5764 5752
f 5754 5765 5753
f 5755 5766 5754
f 5757 5767 5755
f 5768 5769 5757
f 5770 5768 5758
f 5771 5758 5759
f 5772 5759 5760
f 5773 5760 5761
f 5774 5761 5762
f 5775 5762 5763
f 5765 5776 5764
f 5766 5777 5765
f 5767 5778 5766
f 5769 5779 5767
f 5780 5781 5769
f 5770 5782 5780
f 5783 5770 5771
f 5784 5771 5772
f 5785 5772 5773
f 5786 5773 5774
f 5787 5774 5775
f 5777 5788 5776
f 5778 5789 5777
f 5779 5790 5778
f 5781 5791 5779
f 5782 5792 5781
f 5793 5782 5794
f 5795 5794 5783
f 5796 5783 5784
f 5797 5784 5785
f 5798 5785 5786
f 5799 5786 5787
f 5800 5788 5789
f 5801 5789 5790
f 5802 5790 5791
f 5803 5791 5792
f 5804 5792 5805
f 5806 5805 5793
f 5795 5806 5793
f 5796 5807 5795
f 5797 5808 5796
f 5798 5809 5797
f 5799 5810 5798
f 5811 5812 5800
f 5813 5800 5801
f 5814 5801 5802
f 5815 5802 5803
f 5816 5803 5804
f 5817 5804 5806
f 5807 5817 5806
f 5808 5818 5807
f 5809 5819 5808
f 5810 5820 5809
f 5821 5822 5810
f 5811 5823 5824
f 5813 5825 5811
f 5814 5826 5813
f 5815 5827 5814
f 5816 5828 5815
f 5829 5816 5817
f 5830 5817 5818
f 5831 5818 5819
f 5832 5819 5820
f 5833 5820 5822
f 5834 5822 5835
f 5825 5836 5823
f 5826 5837 5825
f 5827 5838 5826
f 5828 5839 5827
f 5840 5841 5828
f 5842 5840 5829
f 5843 5829 5830
f 5844 5830 5831
f 5845 5831 5832
f 5846 5832 5833
f 5847 5833 5834
f 5848 5836 5837
f 5849 5837 5838
f 5850 5838 5839
f 5851 5839 5841
f 5852 5841 5853
f 5854 5853 5842
f 5843 5854 5842
f 5844 5855 5843
f 5845 5856 5844
f 5846 5857 5845
f 5847 5858 5846
f 5859 5860 5848
f 5861 5848 5849
f 5862 5849 5850
f 5863 5850 5851
f 5864 5851 5852
f 5865 5852 5854
f 5855 5865 5854
f 5856 5866 5855
f 5857 5867 5856
f 5858 5868 5857
f 5869 5870 5858
f 5871 5872 5859
f 5873 5859 5861
f 5874 5861 5862
f 5875 5862 5863
f 5876 5863 5864
f 5877 5864 5865
f 5866 5877 5865
f 5867 5878 5866
f 5868 5879 5867
f 5870 5880 5868
f 5881 5882 5870
f 5883 5884 5871
f 5885 5871 5873
f 5886 5873 5874
f 5887 5874 5875
f 5888 5875 5876
f 5889 5876 5877
f 5878 5889 5877
f 5879 5890 5878
f 5880 5891 5879
f 5882 5892 5880
f 5893 5894 5882
f 5895 5896 5883
f 5897 5883 5885
f 5898 5885 5886
f 5899 5886 5887
f 5900 5887 5888
f 5901 5888 5889
f 5890 5901 5889
f 5891 5902 5890
f 5892 5903 5891
f 5894 5904 5892
f 5905 5906 5894
f 5907 5908 5895
f 5909 5895 5897
f 5910 5897 5898
f 5911 5898 5899
f 5912 5899 5900
f 5913 5900 5901
f 5902 5913 5901
f 5903 5914 5902
f 5904 5915 5903
f 5906 5916 5904
f 5917 5918 5906
f 5919 5920 5907
f 5921 5907 5909
f 5922 5909 5910
f 5923 5910 5911
f 5924 5911 5912
f 5925 5912 5913
f 5914 5925 5913
f 5915 5926 5914
f 5916 5927 5915
f 5918 5928 5916
f 5929 5930 5918
f 5931 5932 5919
f 5933 5919 5921
f 5934 5921 5922
f 5935 5922 5923
f 5936 5923 5924
f 5937 5924 5925
f 5926 5937 5925
f 5927 5938 5926
f 5928 5939 5927
f 5930 5940 5928
f 5941 5942 5930
f 5943 5944 5931
f 5945 5931 5933
f 5946 5933 5934
f 5947 5934 5935
f 5948 5935 5936
f 5949 5936 5937
f 5938 5949 5937
f 5939 5950 5938
f 5940 5951 5939
f 5942 5952 5940
f 5953 5954 5942
f 5955 5956 5943
f 5957 5943 5945
f 5958 5945 5946
f 5959 5946 5947
f 5960 5947 5948
f 5949 5960 5948
f 5950 5961 5949
f 5951 5962 5950
f 5952 5963 5951
f 5954 5964 5952
f 5965 5966 5954
f 5967 5968 5955
f 5969 5955 5957
f 5970 5957 5958
f 5971 5958 5959
f 5972 5959 5960
f 5973 5960 5961
f 5962 5973 5961
f 5963 5974 5962
f 5964 5975 5963
f 5966 5976 5964
f 5977 5978 5966
f 5979 5980 5967
f 5981 5967 5969
f 5982 5969 5970
f 5983 5970 5971
f 5984 5971 5972
f 5985 5972 5973
f 5974 5985 5973
f 5975 5986 5974
f 5976 5987 5975
f 5978 5988 5976
f 5989 5990 5978
f 5979 5991 5992
f 5981 5993 5979
f 5982 5994 5981
f 5983 5995 5982
f 5984 5996 5983
f 5997 5984 5985
f 5998 5985 5986
f 5999 5986 5987
f 6000 5987 5988
f 6001 5988 5990
f 6002 5990 6003
f 5993 6004 5991
f 5994 6005 5993
f 5995 6006 5994
f 5996 6007 5995
f 6008 6009 5996
f 6010 6008 5997
f 6011 5997 5998
f 6012 5998 5999
f 6013 5999 6000
f 6014 6000 6001
f 6015 6001 6002
f 6005 6016 6004
f 6006 6017 6005
f 6007 6018 6006
f 6009 6019 6007
f 6020 6021 6009
f 6010 6022 6020
f 6023 6010 6011
f 6024 6011 6012
f 6025 6012 6013
f 6026 6013 6014
f 6027 6014 6015
f 6017 6028 6016
f 6018 6029 6017
f 6019 6030 6018
f 6021 6031 6019
f 6022 6032 6021
f 6033 6034 6022
f 6035 6033 6023
f 6036 6023 6024
f 6037 6024 6025
f 6038 6025 6026
f 6039 6026 6027
f 6029 6040 6028
f 6030 6041 6029
f 6031 6042 6030
f 6032 6043 6031
f 6034 6044 6032
f 6045 6034 6046
f 6047 6046 6035
f 6048 6035 6036
f 6049 6036 6037
f 6050 6037 6038
f 6051 6038 6039
f 6041 6052 6040
f 6042 6053 6041
f 6043 6054 6042
f 6044 6055 6043
f 6056 6057 6044
f 6045 6058 6056
f 6059 6045 6047
f 6060 6047 6048
f 6061 6048 6049
f 6062 6049 6050
f 6063 6050 6051
f 6053 6064 6052
f 6054 6065 6053
f 6055 6066 6054
f 6057 6067 6055
f 6058 6068 6057
f 6069 6058 6070
f 6071 6070 6059
f 6072 6059 6060
f 6073 6060 6061
f 6074 6061 6062
f 6075 6062 6063
f 6065 6076 6064
f 6066 6077 6065
f 6067 6078 6066
f 6068 6079 6067
f 6080 6081 6068
f 6082 6080 6069
f 6083 6069 6071
f 6084 6071 6072
f 6085 6072 6073
f 6086 6073 6074
f 6087 6074 6075
f 6077 6088 6076
f 6078 6089 6077
f 6079 6090 6078
f 6081 6091 6079
f 6092 6093 6081
f 6094 6092 6082
f 6095 6082 6083
f 6096 6083 6084
f 6097 6084 6085
f 6098 6085 6086
f 6099 6086 6087
f 6089 6100 6088
f 6090 6101 6089
f 6091 6102 6090
f 6093 6103 6091
f 6104 6105 6093
f 6106 6104 6094
f 6107 6094 6095
f 6108 6095 6096
f 6109 6096 6097
f 6110 6097 6098
f 6111 6098 6099
f 6112 6100 6101
f 6113 6101 6102
f 6114 6102 6103
f 6115 6103 6105
f 6116 6105 6117
f 6118 6117 6106
f 6107 6118 6106
f 6108 6119 6107
f 6109 6120 6108
f 6110 6121 6109
f 6111 6122 6110
f 6123 6124 6112
f 6125 6112 6113
f 6126 6113 6114
f 6127 6114 6115
f 6128 6115 6116
f 6129 6116 6118
f 6119 6129 6118
f 6120 6130 6119
f 6121 6131 6120
f 6122 6132 6121
f 6133 6134 6122
f 6123 6135 6136
f 6125 6137 6123
f 6126 6138 6125
f 6127 6139 6126
f 6128 6140 6127
f 6141 6128 6129
f 6142 6129 6130
f 6143 6130 6131
f 6144 6131 6132
f 6145 6132 6134
f 6146 6134 6147
f 6137 6148 6135
f 6138 6149 6137
f 6139 6150 6138
f 6140 6151 6139
f 6152 6153 6140
f 6154 6152 6141
f 6155 6141 6142
f 6156 6142 6143
f 6157 6143 6144
f 6158 6144 6145
f 6159 6145 6146
f 6149 6160 6148
f 6150 6161 6149
f 6151 6162 6150
f 6153 6163 6151
f 6164 6165 6153
f 6166 6164 6154
f 6167 6154 6155
f 6168 6155 6156
f 6169 6156 6157
f 6170 6157 6158
f 6171 6158 6159
f 6161 6172 6160
f 6162 6173 6161
f 6163 6174 6162
f 6165 6175 6163
f 6176 6177 6165
f 6178 6176 6166
f 6179 6166 6167
f 6180 6167 6168
f 6181 6168 6169
f 6182 6169 6170
f 6183 6170 6171
f 6173 6184 6172
f 6174 6185 6173
f 6175 6186 6174
f 6177 6187 6175
f 6188 6189 6177
f 6190 6188 6178
f 6191 6178 6179
f 6192 6179 6180
f 6193 6180 6181
f 6194 6181 6182
f 6195 6182 6183
f 6185 6196 6184
f 6186 6197 6185
f 6187 6198 6186
f 6189 6199 6187
f 6200 6201 6189
f 6202 6200 6190
f 6203 6190 6191
f 6204 6191 6192
f 6205 6192 6193
f 6206 6193 6194
f 6207 6194 6195
f 6197 6208 6196
f 6198 6209 6197
f 6199 6210 6198
f 6201 6211 6199
f 6212 6201 6213
f 6214 6213 6202
f 6203 6214 6202
f 6215 6203 6204
f 6216 6204 6205
f 6217 6205 6206
f 6218 6206 6207
f 6219 6208 6209
f 6220 6209 6210
f 6221 6210 6211
f 6222 6211 6223
f 6224 6223 6212
f 6225 6212 6214
f 6226 6225 6214
f 6215 6227 6226
f 6216 6228 6215
f 6217 6229 6216
f 6218 6230 6217
f 6231 6232 6219
f 6233 6219 6220
f 6234 6220 6221
f 6235 6221 6222
f 6236 6222 6224
f 6237 6224 6225
f 6227 6237 6225
f 6228 6238 6227
f 6229 6239 6228
f 6230 6240 6229
f 6241 6242 6230
f 6243 6244 6231
f 6245 6231 6233
f 6246 6233 6234
f 6247 6234 6235
f 6248 6235 6236
f 6249 6236 6237
f 6238 6249 6237
f 6239 6250 6238
f 6240 6251 6239
f 6242 6252 6240
f 6253 6254 6242
f 6255 6256 6243
f 6257 6243 6245
f 6258 6245 6246
f 6259 6246 6247
f 6260 6247 6248
f 6261 6248 6249
f 6250 6261 6249
f 6251 6262 6250
f 6252 6263 6251
f 6254 6264 6252
f 6265 6266 6254
f 6267 6268 6255
f 6269 6255 6257
f 6270 6257 6258
f 6271 6258 6259
f 6272 6259 6260
f 6273 6260 6261
f 6262 6273 6261
f 6263 6274 6262
f 6264 6275 6263
f 6266 6276 6264
f 6277 6278 6266
f 6279 6280 6267
f 6281 6267 6269
f 6282 6269 6270
f 6283 6270 6271
f 6284 6271 6272
f 6273 6284 6272
f 6274 6285 6273
f 6275 6286 6274
f 6276 6287 6275
f 6278 6288 6276
f 6289 6290 6278
f 6291 6292 6279
f 6293 6279 6281
f 6294 6281 6282
f 6295 6282 6283
f 6296 6283 6284
f 6297 6284 6285
f 6286 6297 6285
f 6287 6298 6286
f 6288 6299 6287
f 6290 6300 6288
f 6301 6302 6290
f 6303 6304 6291
f 6305 6291 6293
f 6306 6293 6294
f 6307 6294 6295
f 6308 6295 6296
f 6309 6296 6297
f 6298 6309 6297
f 6299 6310 6298
f 6300 6311 6299
f 6302 6312 6300
f 6313 6314 6302
f 6315 6316 6303
f 6317 6303 6305
f 6318 6305 6306
f 6319 6306 6307
f 6320 6307 6308
f 6321 6308 6309
f 6310 6321 6309
f 6311 6322 6310
f 6312 6323 6311
f 6314 6324 6312
f 6325 6326 6314
f 6327 6328 6315
f 6329 6315 6317
f 6330 6317 6318
f 6331 6318 6319
f 6332 6319 6320
f 6333 6320 6321
f 6322 6333 6321
f 6323 6334 6322
f 6324 6335 6323
f 6326 6336 6324
f 6337 6338 6326
f 6339 6340 6327
f 6341 6327 6329
f 6342 6329 6330
f 6343 6330 6331
f 6344 6331 6332
f 6345 6332 6333
f 6334 6345 6333
f 6335 6346 6334
f 6336 6347 6335
f 6338 6348 6336
f 6349 6350 6338
f 6351 6352 6339
f 6353 6339 6341
f 6354 6341 6342
f 6355 6342 6343
f 6356 6343 6344
f 6357 6344 6345
f 6346 6357 6345
f 6347 6358 6346
f 6348 6359 6347
f 6350 6360 6348
f 6361 6362 6350
f 6363 6364 6351
f 6365 6351 6353
f 6366 6353 6354
f 6367 6354 6355
f 6368 6355 6356
f 6369 6356 6357
f 6358 6369 6357
f 6359 6370 6358
f 6360 6371 6359
f 6362 6372 6360
f 6373 6374 6362
f 6375 6376 6363
f 6377 6363 6365
f 6378 6365 6366
f 6379 6366 6367
f 6380 6367 6368
f 6381 6368 6369
f 6370 6381 6369
f 6371 6382 6370
f 6372 6383 6371
f 6374 6384 6372
f 6385 6386 6374
f 6387 6388 6375
f 6389 6375 6377
f 6390 6377 6378
f 6391 6378 6379
f 6392 6379 6380
f 6393 6380 6381
f 6382 6393 6381
f 6383 6394 6382
f 6384 6395 6383
f 6386 6396 6384
f 6397 6398 6386
f 6399 6400 6387
f 6401 6387 6389
f 6402 6389 6390
f 6403 6390 6391
f 6404 6391 6392
f 6405 6392 6393
f 6394 6405 6393
f 6395 6406 6394
f 6396 6407 6395
f 6398 6408 6396
f 6409 6410 6398
f 6411 6412 6399
f 6413 6399 6401
f 6414 6401 6402
f 6415 6402 6403
f 6416 6403 6404
f 6417 6404 6405
f 6406 6417 6405
f 6407 6418 6406
f 6408 6419 6407
f 6410 6420 6408
f 6421 6422 6410
f 6411 6423 6424
f 6413 6425 6411
f 6414 6426 6413
f 6415 6427 6414
f 6416 6428 6415
f 6429 6416 6417
f 6430 6417 6418
f 6431 6418 6419
f 6432 6419 6420
f 6433 6420 6422
f 6434 6422 6435
f 6425 6436 6423
f 6426 6437 6425
f 6427 6438 6426
f 6428 6439 6427
f 6440 6441 6428
f 6442 6440 6429
f 6443 6429 6430
f 6444 6430 6431
f 6445 6431 6432
f 6446 6432 6433
f 6447 6433 6434
f 6437 6448 6436
f 6438 6449 6437
f 6439 6450 6438
f 6441 6451 6439
f 6452 6453 6441
f 6454 6452 6442
f 6455 6442 6443
f 6456 6443 6444
f 6457 6444 6445
f 6458 6445 6446
f 6459 6446 6447
f 6449 6460 6448
f 6450 6461 6449
f 6451 6462 6450
f 6453 6463 6451
f 6464 6465 6453
f 6466 6464 6454
f 6467 6454 6455
f 6468 6455 6456
f 6469 6456 6457
f 6470 6457 6458
f 6471 6458 6459
f 6461 6472 6460
f 6462 6473 6461
f 6463 6474 6462
f 6465 6475 6463
f 6476 6477 6465
f 6478 6476 6466
f 6479 6466 6467
f 6480 6467 6468
f 6481 6468 6469
f 6482 6469 6470
f 6483 6470 6471
f 6473 6484 6472
f 6474 6485 6473
f 6475 6486 6474
f 6477 6487 6475
f 6488 6489 6477
f 6490 6488 6478
f 6491 6478 6479
f 6492 6479 6480
f 6493 6480 6481
f 6494 6481 6482
f 6495 6482 6483
f 6485 6496 6484
f 6486 6497 6485
f 6487 6498 6486
f 6489 6499 6487
f 6500 6501 6489
f 6502 6500 6490
f 6503 6490 6491
f 6504 6491 6492
f 6505 6492 6493
f 6506 6493 6494
f 6507 6494 6495
f 6497 6508 6496
f 6498 6509 6497
f 6499 6510 6498
f 6501 6511 6499
f 6512 6513 6501
f 6514 6512 6502
f 6515 6502 6503
f 6516 6503 6504
f 6517 6504 6505
f 6518 6505 6506
f 6519 6506 6507
f 6509 6520 6508
f 6510 6521 6509
f 6511 6522 6510
f 6513 6523 6511
f 6524 6525 6513
f 6526 6524 6514
f 6527 6514 6515
f 6528 6515 6516
f 6529 6516 6517
f 6530 6517 6518
f 6531 6518 6519
f 6521 6532 6520
f 6522 6533 6521
f 6523 6534 6522
f 6525 6535 6523
f 6536 6537 6525
f 6538 6536 6526
f 6539 6526 6527
f 6540 6527 6528
f 6541 6528 6529
f 6542 6529 6530
f 6543 6530 6531
f 6533 6544 6532
f 6534 6545 6533
f 6535 6546 6534
f 6537 6547 6535
f 6548 6549 6537
f 6550 6548 6538
f 6551 6538 6539
f 6552 6539 6540
f 6553 6540 6541
f 6554 6541 6542
f 6555 6542 6543
f 6545 6556 6544
f 6546 6557 6545
f 6547 6558 6546
f 6549 6559 6547
f 6560 6561 6549
f 6562 6560 6550
f 6563 6550 6551
f 6564 6551 6552
f 6565 6552 6553
f 6566 6553 6554
f 6567 6554 6555
f 6557 6568 6556
f 6558 6569 6557
f 6559 6570 6558
f 6561 6571 6559
f 6572 6573 6561
f 6574 6572 6562
f 6575 6562 6563
f 6576 6563 6564
f 6577 6564 6565
f 6578 6565 6566
f 6579 6566 6567
f 6569 6580 6568
f 6570 6581 6569
f 6571 6582 6570
f 6573 6583 6571
f 6584 6585 6573
f 6586 6584 6574
f 6587 6574 6575
f 6588 6575 6576
f 6589 6576 6577
f 6590 6577 6578
f 6591 6578 6579
f 6581 6592 6580
f 6582 6593 6581
f 6583 6594 6582
f 6585 6595 6583
f 6596 6597 6585
f 6598 6596 6586
f 6599 6586 6587
f 6600 6587 6588
f 6601 6588 6589
f 6602 6589 6590
f 6603 6590 6591
f 6593 6604 6592
f 6594 6605 6593
f 6595 6606 6594
f 6597 6607 6595
f 6608 6609 6597
f 6610 6608 6598
f 6611 6598 6599
f 6612 6599 6600
f 6613 6600 6601
f 6614 6601 6602
f 6615 6602 6603
f 6605 6616 6604
f 6606 6617 6605
f 6607 6618 6606
f 6609 6619 6607
f 6620 6621 6609
f 6622 6620 6610
f 6623 6610 6611
f 6624 6611 6612
f 6625 6612 6613
f 6626 6613 6614
f 6627 6614 6615
f 6617 6628 6616
f 6618 6629 6617
f 6619 6630 6618
f 6621 6631 6619
f 6632 6633 6621
f 6634 6632 6622
f 6635 6622 6623
f 6636 6623 6624
f 6637 6624 6625
f 6638 6625 6626
f 6639 6626 6627
f 6629 6640 6628
f 6630 6641 6629
f 6631 6642 6630
f 6633 6643 6631
f 6644 6645 6633
f 6646 6644 6634
f 6647 6634 6635
f 6648 6635 6636
f 6649 6636 6637
f 6650 6637 6638
f 6651 6638 6639
f 6641 6652 6640
f 6642 6653 6641
f 6643 6654 6642
f 6645 6655 6643
f 6656 6657 6645
f 6658 6656 6646
f 6659 6646 6647
f 6660 6647 6648
f 6661 6648 6649
f 6662 6649 6650
f 6663 6650 6651
f 6653 6664 6652
f 6654 6665 6653
f 6655 6666 6654
f 6657 6667 6655
f 6668 6669 6657
f 6670 6668 6658
f 6671 6658 6659
f 6672 6659 6660
f 6673 6660 6661
f 6674 6661 6662
f 6675 6662 6663
f 6665 6676 6664
f 6666 6677 6665
f 6667 6678 6666
f 6669 6679 6667
f 6680 6681 6669
f 6682 6680 6670
f 6683 6670 6671
f 6684 6671 6672
f 6685 6672 6673
f 6686 6673 6674
f 6687 6674 6675
f 6677 6688 6676
f 6678 6689 6677
f 6679 6690 6678
f 6681 6691 6679
f 6692 6693 6681
f 6694 6692 6682
f 6695 6682 6683
f 6696 6683 6684
f 6697 6684 6685
f 6698 6685 6686
f 6699 6686 6687
f 6689 6700 6688
f 6690 6701 6689
f 6691 6702 6690
f 6693 6703 6691
f 6704 6705 6693
f 6706 6704 6694
f 6707 6694 6695
f 6708 6695 6696
f 6709 6696 6697
f 6710 6697 6698
f 6711 6698 6699
f 6712 6700 6701
f 6713 6701 6702
f 6714 6702 6703
f 6715 6703 6705
f 6716 6705 6717
f 6718 6717 6706
f 6707 6718 6706
f 6708 6719 6707
f 6709 6720 6708
f 6710 6721 6709
f 6711 6722 6710
f 6712 6723 6724
f 6713 6725 6712
f 6714 6726 6713
f 6715 6727 6714
f 6716 6728 6715
f 6729 6716 6718
f 6730 6718 6719
f 6731 6719 6720
f 6732 6720 6721
f 6733 6721 6722
f 6734 6722 6735
f 6725 6736 6723
f 6726 6737 6725
f 6727 6738 6726
f 6728 6739 6727
f 6740 6741 6728
f 6742 6740 6729
f 6743 6729 6730
f 6744 6730 6731
f 6745 6731 6732
f 6746 6732 6733
f 6747 6733 6734
f 6737 6748 6736
f 6738 6749 6737
f 6739 6750 6738
f 6741 6751 6739
f 6752 6753 6741
f 6754 6752 6742
f 6755 6742 6743
f 6756 6743 6744
f 6757 6744 6745
f 6758 6745 6746
f 6759 6746 6747
f 6749 6760 6748
f 6750 6761 6749
f 6751 6762 6750
f 6753 6763 6751
f 6764 6765 6753
f 6766 6764 6754
f 6767 6754 6755
f 6768 6755 6756
f 6769 6756 6757
f 6770 6757 6758
f 6771 6758 6759
f 6761 6772 6760
f 6762 6773 6761
f 6763 6774 6762
f 6765 6775 6763
f 6776 6777 6765
f 6778 6776 6766
f 6779 6766 6767
f 6780 6767 6768
f 6781 6768 6769
f 6782 6769 6770
f 6783 6770 6771
f 6773 6784 6772
f 6774 6785 6773
f 6775 6786 6774
f 6777 6787 6775
f 6788 6789 6777
f 6790 6788 6778
f 6791 6778 6779
f 6792 6779 6780
f 6793 6780 6781
f 6794 6781 6782
f 6795 6782 6783
f 6785 6796 6784
f 6786 6797 6785
f 6787 6798 6786
f 6789 6799 6787
f 6800 6801 6789
f 6802 6800 6790
f 6803 6790 6791
f 6804 6791 6792
f 6805 6792 6793
f 6806 6793 6794
f 6807 6794 6795
f 6797 6808 6796
f 6798 6809 6797
f 6799 6810 6798
f 6801 6811 6799
f 6812 6813 6801
f 6814 6812 6802
f 6815 6802 6803
f 6816 6803 6804
f 6817 6804 6805
f 6818 6805 6806
f 6819 6806 6807
f 6809 6820 6808
f 6810 6821 6809
f 6811 6822 6810
f 6813 6823 6811
f 6824 6825 6813
f 6826 6824 6814
f 6827 6814 6815
f 6828 6815 6816
f 6829 6816 6817
f 6830 6817 6818
f 6831 6818 6819
f 6821 6832 6820
f 6822 6833 6821
f 6823 6834 6822
f 6825 6835 6823
f 6836 6837 6825
f 6838 6836 6826
f 6839 6826 6827
f 6840 6827 6828
f 6841 6828 6829
f 6842 6829 6830
f 6843 6830 6831
f 6844 6832 6833
f 6845 6833 6834
f 6846 6834 6835
f 6847 6835 6837
f 6848 6837 6849
f 6850 6849 6838
f 6839 6850 6838
f 6840 6851 6839
f 6841 6852 6840
f 6842 6853 6841
f 6843 6854 6842
f 6855 6856 6844
f 6857 6844 6845
f 6858 6845 6846
f 6859 6846 6847
f 6860 6847 6848
f 6861 6848 6850
f 6851 6861 6850
f 6852 6862 6851
f 6853 6863 6852
f 6854 6864 6853
f 6865 6866 6854
f 6867 6868 6855
f 6869 6855 6857
f 6870 6857 6858
f 6871 6858 6859
f 6872 6859 6860
f 6873 6860 6861
f 6862 6873 6861
f 6863 6874 6862
f 6864 6875 6863
f 6866 6876 6864
f 6877 6878 6866
f 6879 6880 6867
f 6881 6867 6869
f 6882 6869 6870
f 6883 6870 6871
f 6884 6871 6872
f 6885 6872 6873
f 6874 6885 6873
f 6875 6886 6874
f 6876 6887 6875
f 6878 6888 6876
f 6889 6890 6878
f 6891 6892 6879
f 6893 6879 6881
f 6894 6881 6882
f 6895 6882 6883
f 6896 6883 6884
f 6897 6884 6885
f 6886 6897 6885
f 6887 6898 6886
f 6888 6899 6887
f 6890 6900 6888
f 6901 6902 6890
f 6903 6904 6891
f 6905 6891 6893
f 6906 6893 6894
f 6907 6894 6895
f 6908 6895 6896
f 6909 6896 6897
f 6898 6909 6897
f 6899 6910 6898
f 6900 6911 6899
f 6902 6912 6900
f 6913 6914 6902
f 6915 6916 6903
f 6917 6903 6905
f 6918 6905 6906
f 6919 6906 6907
f 6920 6907 6908
f 6921 6908 6909
f 6910 6921 6909
f 6911 6922 6910
f 6912 6923 6911
f 6914 6924 6912
f 6925 6926 6914
f 6927 6928 6915
f 6929 6915 6917
f 6930 6917 6918
f 6931 6918 6919
f 6932 6919 6920
f 6933 6920 6921
f 6922 6933 6921
f 6923 6934 6922
f 6924 6935 6923
f 6926 6936 6924
f 6937 6938 6926
f 6939 6940 6927
f 6941 6927 6929
f 6942 6929 6930
f 6943 6930 6931
f 6944 6931 6932
f 6945 6932 6933
f 6934 6945 6933
f 6935 6946 6934
f 6936 6947 6935
f 6938 6948 6936
f 6949 6950 6938
f 6951 6952 6939
f 6953 6939 6941
f 6954 6941 6942
f 6955 6942 6943
f 6956 6943 6944
f 6957 6944 6945
f 6946 6957 6945
f 6947 6958 6946
f 6948 6959 6947
f 6950 6960 6948
f 6961 6962 6950
f 6963 6964 6951
f 6965 6951 6953
f 6966 6953 6954
f 6967 6954 6955
f 6968 6955 6956
f 6969 6956 6957
f 6958 6969 6957
f 6959 6970 6958
f 6960 6971 6959
f 6962 6972 6960
f 6973 6974 6962
f 6963 6975 6976
f 6965 6977 6963
f 6966 6978 6965
f 6967 6979 6966
f 6968 6980 6967
f 6981 6968 6969
f 6982 6969 6970
f 6983 6970 6971
f 6984 6971 6972
f 6985 6972 6974
f 6986 6974 6987
f 6988 6975 6977
f 6989 6977 6978
f 6990 6978 6979
f 6991 6979 6980
f 6992 6980 6993
f 6994 6993 6981
f 6982 6994 6981
f 6983 6995 6982
f 6984 6996 6983
f 6985 6997 6984
f 6986 6998 6985
f 6999 7000 6988
f 7001 6988 6989
f 7002 6989 6990
f 7003 6990 6991
f 7004 6991 6992
f 7005 6992 6994
f 6995 7005 6994
f 6996 7006 6995
f 6997 7007 6996
f 6998 7008 6997
f 7009 7010 6998
f 6999 7011 7012
f 7001 7013 6999
f 7002 7014 7001
f 7003 7015 7002
f 7004 7016 7003
f 7017 7004 7005
f 7018 7005 7006
f 7019 7006 7007
f 7020 7007 7008
f 7021 7008 7010
f 7022 7010 7023
f 7013 7024 7011
f 7014 7025 7013
f 7015 7026 7014
f 7016 7027 7015
f 7028 7029 7016
f 7030 7028 7017
f 7031 7017 7018
f 7032 7018 7019
f 7033 7019 7020
f 7034 7020 7021
f 7035 7021 7022
f 7025 7036 7024
f 7026 7037 7025
f 7027 7038 7026
f 7029 7039 7027
f 7040 7041 7029
f 7042 7040 7030
f 7043 7030 7031
f 7044 7031 7032
f 7045 7032 7033
f 7046 7033 7034
f 7047 7034 7035
f 7037 7048 7036
f 7038 7049 7037
f 7039 7050 7038
f 7041 7051 7039
f 7052 7053 7041
f 7054 7052 7042
f 7055 7042 7043
f 7056 7043 7044
f 7057 7044 7045
f 7058 7045 7046
f 7059 7046 7047
f 7049 7060 7048
f 7050 7061 7049
f 7051 7062 7050
f 7053 7063 7051
f 7064 7065 7053
f 7066 7064 7054
f 7067 7054 7055
f 7068 7055 7056
f 7069 7056 7057
f 7070 7057 7058
f 7071 7058 7059
f 7061 7072 7060
f 7062 7073 7061
f 7063 7074 7062
f 7065 7075 7063
f 7076 7077 7065
f 7078 7076 7066
f 7079 7066 7067
f 7080 7067 7068
f 7081 7068 7069
f 7082 7069 7070
f 7083 7070 7071
f 7073 7084 7072
f 7074 7085 7073
f 7075 7086 7074
f 7077 7087 7075
f 7088 7089 7077
f 7090 7088 7078
f 7091 7078 7079
f 7092 7079 7080
f 7093 7080 7081
f 7094 7081 7082
f 7095 7082 7083
f 7085 7096 7084
f 7086 7097 7085
f 7087 7098 7086
f 7089 7099 7087
f 7100 7101 7089
f 7102 7100 7090
f 7103 7090 7091
f 7104 7091 7092
f 7105 7092 7093
f 7106 7093 7094
f 7107 7094 7095
f 7097 7108 7096
f 7098 7109 7097
f 7099 7110 7098
f 7101 7111 7099
f 7112 7113 7101
f 7114 7112 7102
f 7115 7102 7103
f 7116 7103 7104
f 7117 7104 7105
f 7118 7105 7106
f 7119 7106 7107
f 7109 7120 7108
f 7110 7121 7109
f 7111 7122 7110
f 7113 7123 7111
f 7124 7125 7113
f 7126 7124 7114
f 7127 7114 7115
f 7128 7115 7116
f 7129 7116 7117
f 7130 7117 7118
f 7131 7118 7119
f 7132 7120 7121
f 7122 7132 7121
f 7123 7133 7122
f 7125 7134 7123
f 7135 7136 7125
f 7126 7137 7135
f 7138 7126 7127
f 7139 7127 7128
f 7140 7128 7129
f 7130 7140 7129
f 7131 7141 7130
f 7132 7142 7143
f 7144 7132 7133
f 7145 7133 7134
f 7146 7134 7136
f 7147 7136 7137
f 7148 7137 7149
f 7138 7148 7149
f 7139 7150 7138
f 7140 7151 7139
f 7141 7152 7140
f 7153 7154 7141
f 7155 7156 7142
f 7144 7157 7155
f 7145 7158 7144
f 7146 7159 7145
f 7147 7160 7146
f 7161 7147 7148
f 7162 7148 7150
f 7163 7150 7151
f 7164 7151 7152
f 7165 7152 7154
f 7166 7154 7167
f 7168 7156 7157
f 7169 7157 7158
f 7170 7158 7159
f 7171 7159 7160
f 7172 7160 7173
f 7174 7173 7161
f 7162 7174 7161
f 7163 7175 7162
f 7164 7176 7163
f 7165 7177 7164
f 7166 7178 7165
f 7179 7180 7168
f 7181 7168 7169
f 7182 7169 7170
f 7183 7170 7171
f 7184 7171 7172
f 7185 7172 7174
f 7175 7185 7174
f 7176 7186 7175
f 7177 7187 7176
f 7178 7188 7177
f 7189 7190 7178
f 7191 7192 7179
f 7193 7179 7181
f 7194 7181 7182
f 7195 7182 7183
f 7196 7183 7184
f 7185 7196 7184
f 7186 7197 7185
f 7187 7198 7186
f 7188 7199 7187
f 7190 7200 7188
f 7201 7202 7190
f 7203 7204 7191
f 7205 7191 7193
f 7206 7193 7194
f 7207 7194 7195
f 7208 7195 7196
f 7209 7196 7197
f 7198 7209 7197
f 7199 7210 7198
f 7200 7211 7199
f 7202 7212 7200
f 7213 7214 7202
f 7215 7216 7203
f 7217 7203 7205
f 7218 7205 7206
f 7219 7206 7207
f 7220 7207 7208
f 7221 7208 7209
f 7210 7221 7209
f 7211 7222 7210
f 7212 7223 7211
f 7214 7224 7212
f 7225 7226 7214
f 7227 7228 7215
f 7229 7215 7217
f 7230 7217 7218
f 7231 7218 7219
f 7232 7219 7220
f 7233 7220 7221
f 7222 7233 7221
f 7223 7234 7222
f 7224 7235 7223
f 7226 7236 7224
f 7237 7238 7226
f 7239 7240 7227
f 7241 7227 7229
f 7242 7229 7230
f 7243 7230 7231
f 7244 7231 7232
f 7245 7232 7233
f 7234 7245 7233
f 7235 7246 7234
f 7236 7247 7235
f 7238 7248 7236
f 7249 7250 7238
f 7251 7252 7239
f 7253 7239 7241
f 7254 7241 7242
f 7255 7242 7243
f 7256 7243 7244
f 7257 7244 7245
f 7246 7257 7245
f 7247 7258 7246
f 7248 7259 7247
f 7250 7260 7248
f 7261 7262 7250
f 7263 7264 7251
f 7265 7251 7253
f 7266 7253 7254
f 7267 7254 7255
f 7268 7255 7256
f 7269 7256 7257
f 7258 7269 7257
f 7259 7270 7258
f 7260 7271 7259
f 7262 7272 7260
f 7273 7274 7262
f 4819 7275 7263
f 4821 7263 7265
f 4823 7265 7266
f 4825 7266 7267
f 4827 7267 7268
f 4829 7268 7269
f 7270 4829 7269
f 7271 4830 7270
f 7272 4831 7271
f 7274 4833 7272
f 7276 4835 7274
f 7277 7278 7279
f 7280 7279 7281
f 7282 7281 7283
f 7284 7283 7285
f 7286 7285 7287
f 7288 7287 7289
f 7290 7288 7289
f 7291 7292 7290
f 7293 7294 7291
f 7295 7296 7293
f 7297 7298 7295
f 7299 7300 7277
f 7301 7277 7280
f 7302 7280 7282
f 7303 7282 7284
f 7304 7284 7286
f 7305 7286 7288
f 7292 7305 7288
f 7294 7306 7292
f 7296 7307 7294
f 7298 7308 7296
f 7309 7310 7298
f 7311 7312 7299
f 7313 7299 7301
f 7314 7301 7302
f 7315 7302 7303
f 7316 7303 7304
f 7317 7304 7305
f 7306 7317 7305
f 7307 7318 7306
f 7308 7319 7307
f 7310 7320 7308
f 7321 7322 7310
f 7323 7324 7311
f 7325 7311 7313
f 7326 7313 7314
f 7327 7314 7315
f 7328 7315 7316
f 7329 7316 7317
f 7318 7329 7317
f 7319 7330 7318
f 7320 7331 7319
f 7322 7332 7320
f 7333 7334 7322
f 7335 7336 7323
f 7337 7323 7325
f 7338 7325 7326
f 7339 7326 7327
f 7340 7327 7328
f 7341 7328 7329
f 7330 7341 7329
f 7331 7342 7330
f 7332 7343 7331
f 7334 7344 7332
f 7345 7346 7334
f 7347 7348 7335
f 7349 7335 7337
f 7350 7337 7338
f 7351 7338 7339
f 7352 7339 7340
f 7353 7340 7341
f 7342 7353 7341
f 7343 7354 7342
f 7344 7355 7343
f 7346 7356 7344
f 7357 7358 7346
f 7359 7360 7347
f 7361 7347 7349
f 7362 7349 7350
f 7363 7350 7351
f 7364 7351 7352
f 7365 7352 7353
f 7354 7365 7353
f 7355 7366 7354
f 7356 7367 7355
f 7358 7368 7356
f 7369 7370 7358
f 7371 7372 7359
f 7373 7359 7361
f 7374 7361 7362
f 7375 7362 7363
f 7376 7363 7364
f 7377 7364 7365
f 7366 7377 7365
f 7367 7378 7366
f 7368 7379 7367
f 7370 7380 7368
f 7381 7382 7370
f 7383 7384 7371
f 7385 7371 7373
f 7386 7373 7374
f 7387 7374 7375
f 7388 7375 7376
f 7389 7376 7377
f 7378 7389 7377
f 7379 7390 7378
f 7380 7391 7379
f 7382 7392 7380
f 7393 7394 7382
f 7395 7396 7383
f 7397 7383 7385
f 7398 7385 7386
f 7399 7386 7387
f 7400 7387 7388
f 7401 7388 7389
f 7390 7401 7389
f 7391 7402 7390
f 7392 7403 7391
f 7394 7404 7392
f 7405 7406 7394
f 7395 7407 7408
f 7397 7409 7395
f 7398 7410 7397
f 7399 7411 7398
f 7412 7399 7400
f 7413 7400 7401
f 7402 7413 7401
f 7414 7402 7403
f 7415 7403 7404
f 7416 7404 7406
f 7417 7406 7418
f 7419 7407 7409
f 7420 7409 7410
f 7421 7410 7411
f 7422 7411 7423
f 7424 7423 7412
f 7425 7412 7413
f 7426 7425 7413
f 7414 7427 7426
f 7415 7428 7414
f 7416 7429 7415
f 7417 7430 7416
f 7431 7432 7419
f 7433 7419 7420
f 7434 7420 7421
f 7435 7421 7422
f 7436 7422 7424
f 7437 7424 7425
f 7427 7437 7425
f 7428 7438 7427
f 7429 7439 7428
f 7430 7440 7429
f 7441 7442 7430
f 7443 7444 7431
f 7445 7431 7433
f 7446 7433 7434
f 7447 7434 7435
f 7448 7435 7436
f 7449 7436 7437
f 7438 7449 7437
f 7439 7450 7438
f 7440 7451 7439
f 7442 7452 7440
f 7453 7454 7442
f 7455 7456 7443
f 7457 7443 7445
f 7458 7445 7446
f 7459 7446 7447
f 7460 7447 7448
f 7461 7448 7449
f 7450 7461 7449
f 7451 7462 7450
f 7452 7463 7451
f 7454 7464 7452
f 7465 7466 7454
f 7467 7468 7455
f 7469 7455 7457
f 7470 7457 7458
f 7471 7458 7459
f 7472 7459 7460
f 7473 7460 7461
f 7462 7473 7461
f 7463 7474 7462
f 7464 7475 7463
f 7466 7476 7464
f 7477 7478 7466
f 7467 7479 7480
f 7469 7481 7467
f 7470 7482 7469
f 7471 7483 7470
f 7472 7484 7471
f 7485 7472 7473
f 7486 7473 7474
f 7487 7474 7475
f 7488 7475 7476
f 7489 7476 7478
f 7490 7478 7491
f 7481 7492 7479
f 7482 7493 7481
f 7483 7494 7482
f 7484 7495 7483
f 7496 7497 7484
f 7498 7496 7485
f 7499 7485 7486
f 7500 7486 7487
f 7501 7487 7488
f 7502 7488 7489
f 7503 7489 7490
f 7493 7504 7492
f 7494 7505 7493
f 7495 7506 7494
f 7497 7507 7495
f 7508 7509 7497
f 7510 7508 7498
f 7511 7498 7499
f 7512 7499 7500
f 7513 7500 7501
f 7514 7501 7502
f 7515 7502 7503
f 7505 7516 7504
f 7506 7517 7505
f 7507 7518 7506
f 7509 7519 7507
f 7520 7521 7509
f 7522 7520 7510
f 7523 7510 7511
f 7524 7511 7512
f 7525 7512 7513
f 7526 7513 7514
f 7527 7514 7515
f 7517 7528 7516
f 7518 7529 7517
f 7519 7530 7518
f 7521 7531 7519
f 7532 7533 7521
f 7534 7532 7522
f 7535 7522 7523
f 7536 7523 7524
f 7537 7524 7525
f 7538 7525 7526
f 7539 7526 7527
f 7529 7540 7528
f 7530 7541 7529
f 7531 7542 7530
f 7533 7543 7531
f 7544 7545 7533
f 7546 7544 7534
f 7547 7534 7535
f 7548 7535 7536
f 7549 7536 7537
f 7550 7537 7538
f 7551 7538 7539
f 7541 7552 7540
f 7542 7553 7541
f 7543 7554 7542
f 7545 7555 7543
f 7556 7557 7545
f 7558 7556 7546
f 7559 7546 7547
f 7560 7547 7548
f 7561 7548 7549
f 7562 7549 7550
f 7563 7550 7551
f 7553 7564 7552
f 7554 7565 7553
f 7555 7566 7554
f 7557 7567 7555
f 7568 7569 7557
f 7570 7568 7558
f 7571 7558 7559
f 7572 7559 7560
f 7573 7560 7561
f 7574 7561 7562
f 7575 7562 7563
f 7576 7564 7565
f 7577 7565 7566
f 7578 7566 7567
f 7579 7567 7569
f 7580 7569 7581
f 7582 7581 7570
f 7571 7582 7570
f 7572 7583 7571
f 7573 7584 7572
f 7574 7585 7573
f 7575 7586 7574
f 7587 7588 7576
f 7589 7576 7577
f 7590 7577 7578
f 7591 7578 7579
f 7592 7579 7580
f 7593 7580 7582
f 7583 7593 7582
f 7584 7594 7583
f 7585 7595 7584
f 7586 7596 7585
f 7597 7598 7586
f 7599 7600 7587
f 7601 7587 7589
f 7602 7589 7590
f 7603 7590 7591
f 7604 7591 7592
f 7605 7592 7593
f 7594 7605 7593
f 7595 7606 7594
f 7596 7607 7595
f 7598 7608 7596
f 7609 7610 7598
f 7611 7612 7599
f 7613 7599 7601
f 7614 7601 7602
f 7615 7602 7603
f 7616 7603 7604
f 7605 7616 7604
f 7606 7617 7605
f 7607 7618 7606
f 7608 7619 7607
f 7610 7620 7608
f 7621 7622 7610
f 7623 7624 7611
f 7625 7611 7613
f 7626 7613 7614
f 7627 7614 7615
f 7628 7615 7616
f 7629 7616 7617
f 7618 7629 7617
f 7619 7630 7618
f 7620 7631 7619
f 7622 7632 7620
f 7633 7634 7622
f 7635 7636 7623
f 7637 7623 7625
f 7638 7625 7626
f 7639 7626 7627
f 7640 7627 7628
f 7641 7628 7629
f 7630 7641 7629
f 7631 7642 7630
f 7632 7643 7631
f 7634 7644 7632
f 7645 7646 7634
f 7647 7648 7635
f 7649 7635 7637
f 7650 7637 7638
f 7651 7638 7639
f 7652 7639 7640
f 7653 7640 7641
f 7642 7653 7641
f 7643 7654 7642
f 7644 7655 7643
f 7646 7656 7644
f 7657 7658 7646
f 7659 7660 7647
f 7661 7647 7649
f 7662 7649 7650
f 7663 7650 7651
f 7664 7651 7652
f 7665 7652 7653
f 7654 7665 7653
f 7655 7666 7654
f 7656 7667 7655
f 7658 7668 7656
f 7669 7670 7658
f 7659 7671 7672
f 7661 7673 7659
f 7662 7674 7661
f 7663 7675 7662
f 7664 7676 7663
f 7677 7664 7665
f 7678 7665 7666
f 7679 7666 7667
f 7680 7667 7668
f 7681 7668 7670
f 7682 7670 7683
f 7673 7684 7671
f 7674 7685 7673
f 7675 7686 7674
f 7676 7687 7675
f 7688 7689 7676
f 7690 7688 7677
f 7691 7677 7678
f 7692 7678 7679
f 7693 7679 7680
f 7694 7680 7681
f 7695 7681 7682
f 7685 7696 7684
f 7686 7697 7685
f 7687 7698 7686
f 7689 7699 7687
f 7700 7701 7689
f 7702 7700 7690
f 7703 7690 7691
f 7704 7691 7692
f 7705 7692 7693
f 7706 7693 7694
f 7707 7694 7695
f 7697 7708 7696
f 7698 7709 7697
f 7699 7710 7698
f 7701 7711 7699
f 7712 7713 7701
f 7702 7714 7712
f 7715 7702 7703
f 7716 7703 7704
f 7717 7704 7705
f 7718 7705 7706
f 7719 7706 7707
f 7709 7720 7708
f 7710 7721 7709
f 7711 7722 7710
f 7713 7723 7711
f 7714 7724 7713
f 7725 7714 7726
f 7727 7726 7715
f 7728 7715 7716
f 7729 7716 7717
f 7730 7717 7718
f 7731 7718 7719
f 7721 7732 7720
f 7722 7733 7721
f 7723 7734 7722
f 7724 7735 7723
f 7736 7737 7724
f 7738 7736 7725
f 7739 7725 7727
f 7740 7727 7728
f 7741 7728 7729
f 7742 7729 7730
f 7743 7730 7731
f 7733 7744 7732
f 7734 7745 7733
f 7735 7746 7734
f 7737 7747 7735
f 7748 7749 7737
f 7750 7748 7738
f 7751 7738 7739
f 7752 7739 7740
f 7753 7740 7741
f 7754 7741 7742
f 7755 7742 7743
f 7745 7756 7744
f 7746 7757 7745
f 7747 7758 7746
f 7749 7759 7747
f 7760 7761 7749
f 7762 7760 7750
f 7763 7750 7751
f 7764 7751 7752
f 7765 7752 7753
f 7766 7753 7754
f 7767 7754 7755
f 7757 7768 7756
f 7758 7769 7757
f 7759 7770 7758
f 7761 7771 7759
f 7772 7773 7761
f 7774 7772 7762
f 7775 7762 7763
f 7776 7763 7764
f 7777 7764 7765
f 7778 7765 7766
f 7779 7766 7767
f 7769 7780 7768
f 7770 7781 7769
f 7771 7782 7770
f 7773 7783 7771
f 7784 7785 7773
f 7786 7784 7774
f 7787 7774 7775
f 7788 7775 7776
f 7789 7776 7777
f 7790 7777 7778
f 7791 7778 7779
f 7781 7792 7780
f 7782 7793 7781
f 7783 7794 7782
f 7785 7795 7783
f 7796 7797 7785
f 7798 7796 7786
f 7799 7786 7787
f 7800 7787 7788
f 7801 7788 7789
f 7802 7789 7790
f 7803 7790 7791
f 7793 7804 7792
f 7794 7805 7793
f 7795 7806 7794
f 7797 7807 7795
f 7808 7809 7797
f 7810 7808 7798
f 7811 7798 7799
f 7812 7799 7800
f 7813 7800 7801
f 7814 7801 7802
f 7815 7802 7803
f 7805 7816 7804
f 7806 7817 7805
f 7807 7818 7806
f 7809 7819 7807
f 7820 7821 7809
f 7822 7820 7810
f 7823 7810 7811
f 7824 7811 7812
f 7825 7812 7813
f 7826 7813 7814
f 7827 7814 7815
f 7817 7828 7816
f 7818 7829 7817
f 7819 7830 7818
f 7821 7831 7819
f 7832 7833 7821
f 7834 7832 7822
f 7835 7822 7823
f 7836 7823 7824
f 7837 7824 7825
f 7838 7825 7826
f 7839 7826 7827
f 7829 7840 7828
f 7830 7841 7829
f 7831 7842 7830
f 7833 7843 7831
f 7844 7845 7833
f 7846 7844 7834
f 7847 7834 7835
f 7848 7835 7836
f 7849 7836 7837
f 7850 7837 7838
f 7851 7838 7839
f 7841 7852 7840
f 7842 7853 7841
f 7843 7854 7842
f 7845 7855 7843
f 7856 7857 7845
f 7858 7856 7846
f 7859 7846 7847
f 7860 7847 7848
f 7861 7848 7849
f 7862 7849 7850
f 7863 7850 7851
f 7864 7852 7853
f 7865 7853 7854
f 7866 7854 7855
f 7867 7855 7857
f 7868 7857 7869
f 7870 7869 7858
f 7859 7870 7858
f 7860 7871 7859
f 7861 7872 7860
f 7862 7873 7861
f 7863 7874 7862
f 7875 7876 7864
f 7877 7864 7865
f 7878 7865 7866
f 7879 7866 7867
f 7880 7867 7868
f 7881 7868 7870
f 7871 7881 7870
f 7872 7882 7871
f 7873 7883 7872
f 7874 7884 7873
f 7885 7886 7874
f 7887 7888 7875
f 7889 7875 7877
f 7890 7877 7878
f 7891 7878 7879
f 7892 7879 7880
f 7893 7880 7881
f 7882 7893 7881
f 7883 7894 7882
f 7884 7895 7883
f 7886 7896 7884
f 7897 7898 7886
f 7899 7900 7887
f 7901 7887 7889
f 7902 7889 7890
f 7903 7890 7891
f 7904 7891 7892
f 7905 7892 7893
f 7894 7905 7893
f 7895 7906 7894
f 7896 7907 7895
f 7898 7908 7896
f 7909 7910 7898
f 7911 7912 7899
f 7913 7899 7901
f 7914 7901 7902
f 7915 7902 7903
f 7916 7903 7904
f 7917 7904 7905
f 7906 7917 7905
f 7907 7918 7906
f 7908 7919 7907
f 7910 7920 7908
f 7921 7922 7910
f 7923 7924 7911
f 7925 7911 7913
f 7926 7913 7914
f 7927 7914 7915
f 7928 7915 7916
f 7929 7916 7917
f 7918 7929 7917
f 7919 7930 7918
f 7920 7931 7919
f 7922 7932 7920
f 7933 7934 7922
f 7935 7936 7923
f 7937 7923 7925
f 7938 7925 7926
f 7939 7926 7927
f 7940 7927 7928
f 7941 7928 7929
f 7930 7941 7929
f 7931 7942 7930
f 7932 7943 7931
f 7934 7944 7932
f 7945 7946 7934
f 7947 7948 7935
f 7949 7935 7937
f 7950 7937 7938
f 7951 7938 7939
f 7952 7939 7940
f 7953 7940 7941
f 7942 7953 7941
f 7943 7954 7942
f 7944 7955 7943
f 7946 7956 7944
f 7957 7958 7946
f 7959 7960 7947
f 7961 7947 7949
f 7962 7949 7950
f 7963 7950 7951
f 7964 7951 7952
f 7965 7952 7953
f 7954 7965 7953
f 7955 7966 7954
f 7956 7967 7955
f 7958 7968 7956
f 7969 7970 7958
f 7971 7972 7959
f 7973 7959 7961
f 7974 7961 7962
f 7975 7962 7963
f 7976 7963 7964
f 7977 7964 7965
f 7966 7977 7965
f 7967 7978 7966
f 7968 7979 7967
f 7970 7980 7968
f 7981 7982 7970
f 7971 7983 7984
f 7973 7985 7971
f 7974 7986 7973
f 7975 7987 7974
f 7976 7988 7975
f 7989 7976 7977
f 7990 7977 7978
f 7991 7978 7979
f 7992 7979 7980
f 7993 7980 7982
f 7994 7982 7995
f 7985 7996 7983
f 7986 7997 7985
f 7987 7998 7986
f 7988 7999 7987
f 8000 8001 7988
f 8002 8000 7989
f 8003 7989 7990
f 8004 7990 7991
f 8005 7991 7992
f 8006 7992 7993
f 8007 7993 7994
f 8008 7996 7997
f 8009 7997 7998
f 8010 7998 7999
f 8011 7999 8001
f 8012 8001 8013
f 8014 8013 8002
f 8003 8014 8002
f 8004 8015 8003
f 8005 8016 8004
f 8006 8017 8005
f 8007 8018 8006
f 8019 8020 8008
f 8021 8008 8009
f 8022 8009 8010
f 8023 8010 8011
f 8024 8011 8012
f 8025 8012 8014
f 8015 8025 8014
f 8016 8026 8015
f 8017 8027 8016
f 8018 8028 8017
f 8029 8030 8018
f 8031 8032 8019
f 8033 8019 8021
f 8034 8021 8022
f 8035 8022 8023
f 8036 8023 8024
f 8037 8024 8025
f 8026 8037 8025
f 8027 8038 8026
f 8028 8039 8027
f 8030 8040 8028
f 8041 8042 8030
f 8043 8044 8031
f 8045 8031 8033
f 8046 8033 8034
f 8047 8034 8035
f 8048 8035 8036
f 8049 8036 8037
f 8038 8049 8037
f 8039 8050 8038
f 8040 8051 8039
f 8042 8052 8040
f 8053 8054 8042
f 8055 8056 8043
f 8057 8043 8045
f 8058 8045 8046
f 8059 8046 8047
f 8060 8047 8048
f 8061 8048 8049
f 8050 8061 8049
f 8051 8062 8050
f 8052 8063 8051
f 8054 8064 8052
f 8065 8066 8054
f 8067 8068 8055
f 8069 8055 8057
f 8070 8057 8058
f 8071 8058 8059
f 8072 8059 8060
f 8073 8060 8061
f 8062 8073 8061
f 8063 8074 8062
f 8064 8075 8063
f 8066 8076 8064
f 8077 8078 8066
f 8067 8079 8080
f 8069 8081 8067
f 8070 8082 8069
f 8071 8083 8070
f 8072 8084 8071
f 8085 8072 8073
f 8086 8073 8074
f 8087 8074 8075
f 8088 8075 8076
f 8089 8076 8078
f 8090 8078 8091
f 8081 8092 8079
f 8082 8093 8081
f 8083 8094 8082
f 8084 8095 8083
f 8096 8097 8084
f 8098 8096 8085
f 8099 8085 8086
f 8100 8086 8087
f 8101 8087 8088
f 8102 8088 8089
f 8103 8089 8090
f 8093 8104 8092
f 8094 8105 8093
f 8095 8106 8094
f 8097 8107 8095
f 8108 8109 8097
f 8110 8108 8098
f 8111 8098 8099
f 8112 8099 8100
f 8113 8100 8101
f 8114 8101 8102
f 8115 8102 8103
f 8105 8116 8104
f 8106 8117 8105
f 8107 8118 8106
f 8109 8119 8107
f 8120 8121 8109
f 8122 8120 8110
f 8123 8110 8111
f 8124 8111 8112
f 8125 8112 8113
f 8126 8113 8114
f 8127 8114 8115
f 8117 8128 8116
f 8118 8129 8117
f 8119 8130 8118
f 8121 8131 8119
f 8132 8133 8121
f 8134 8132 8122
f 8135 8122 8123
f 8136 8123 8124
f 8137 8124 8125
f 8138 8125 8126
f 8139 8126 8127
f 8129 8140 8128
f 8130 8141 8129
f 8131 8142 8130
f 8133 8143 8131
f 8144 8145 8133
f 8146 8144 8134
f 8147 8134 8135
f 8148 8135 8136
f 8149 8136 8137
f 8150 8137 8138
f 8151 8138 8139
f 8152 8140 8141
f 8153 8141 8142
f 8154 8142 8143
f 8155 8143 8145
f 8156 8145 8157
f 8158 8157 8146
f 8147 8158 8146
f 8148 8159 8147
f 8149 8160 8148
f 8150 8161 8149
f 8151 8162 8150
f 8163 8164 8152
f 8165 8152 8153
f 8166 8153 8154
f 8167 8154 8155
f 8168 8155 8156
f 8169 8156 8158
f 8159 8169 8158
f 8160 8170 8159
f 8161 8171 8160
f 8162 8172 8161
f 8173 8174 8162
f 8175 8176 8163
f 8177 8163 8165
f 8178 8165 8166
f 8179 8166 8167
f 8180 8167 8168
f 8181 8168 8169
f 8170 8181 8169
f 8171 8182 8170
f 8172 8183 8171
f 8174 8184 8172
f 8185 8186 8174
f 8187 8188 8175
f 8189 8175 8177
f 8190 8177 8178
f 8191 8178 8179
f 8192 8179 8180
f 8193 8180 8181
f 8182 8193 8181
f 8183 8194 8182
f 8184 8195 8183
f 8186 8196 8184
f 8197 8198 8186
f 8199 8200 8187
f 8201 8187 8189
f 8202 8189 8190
f 8203 8190 8191
f 8204 8191 8192
f 8205 8192 8193
f 8194 8205 8193
f 8195 8206 8194
f 8196 8207 8195
f 8198 8208 8196
f 8209 8210 8198
f 8211 8212 8199
f 8213 8199 8201
f 8214 8201 8202
f 8215 8202 8203
f 8216 8203 8204
f 8217 8204 8205
f 8206 8217 8205
f 8207 8218 8206
f 8208 8219 8207
f 8210 8220 8208
f 8221 8222 8210
f 8223 8224 8211
f 8225 8211 8213
f 8226 8213 8214
f 8227 8214 8215
f 8228 8215 8216
f 8229 8216 8217
f 8218 8229 8217
f 8219 8230 8218
f 8220 8231 8219
f 8222 8232 8220
f 8233 8234 8222
f 8223 8235 8236
f 8225 8237 8223
f 8226 8238 8225
f 8227 8239 8226
f 8228 8240 8227
f 8241 8228 8229
f 8242 8229 8230
f 8243 8230 8231
f 8244 8231 8232
f 8245 8232 8234
f 8246 8234 8247
f 8237 8248 8235
f 8238 8249 8237
f 8239 8250 8238
f 8240 8251 8239
f 8252 8253 8240
f 8254 8252 8241
f 8255 8241 8242
f 8256 8242 8243
f 8257 8243 8244
f 8258 8244 8245
f 8259 8245 8246
f 8249 8260 8248
f 8250 8261 8249
f 8251 8262 8250
f 8253 8263 8251
f 8264 8265 8253
f 8266 8264 8254
f 8267 8254 8255
f 8268 8255 8256
f 8269 8256 8257
f 8270 8257 8258
f 8271 8258 8259
f 8261 8272 8260
f 8262 8273 8261
f 8263 8274 8262
f 8265 8275 8263
f 8276 8277 8265
f 8278 8276 8266
f 8279 8266 8267
f 8280 8267 8268
f 8281 8268 8269
f 8282 8269 8270
f 8283 8270 8271
f 8284 8272 8273
f 8285 8273 8274
f 8286 8274 8275
f 8287 8275 8277
f 8288 8277 8289
f 8290 8289 8278
f 8279 8290 8278
f 8280 8291 8279
f 8281 8292 8280
f 8282 8293 8281
f 8283 8294 8282
f 8295 8296 8284
f 8297 8284 8285
f 8298 8285 8286
f 8299 8286 8287
f 8300 8287 8288
f 8301 8288 8290
f 8291 8301 8290
f 8292 8302 8291
f 8293 8303 8292
f 8294 8304 8293
f 8305 8306 8294
f 8295 8307 8308
f 8297 8309 8295
f 8298 8310 8297
f 8299 8311 8298
f 8300 8312 8299
f 8313 8300 8301
f 8314 8301 8302
f 8315 8302 8303
f 8316 8303 8304
f 8317 8304 8306
f 8318 8306 8319
f 8309 8320 8307
f 8310 8321 8309
f 8311 8322 8310
f 8312 8323 8311
f 8324 8325 8312
f 8326 8324 8313
f 8327 8313 8314
f 8328 8314 8315
f 8329 8315 8316
f 8330 8316 8317
f 8331 8317 8318
f 8321 8332 8320
f 8322 8333 8321
f 8323 8334 8322
f 8325 8335 8323
f 8336 8337 8325
f 8338 8336 8326
f 8339 8326 8327
f 8340 8327 8328
f 8341 8328 8329
f 8342 8329 8330
f 8343 8330 8331
f 8333 8344 8332
f 8334 8345 8333
f 8335 8346 8334
f 8337 8347 8335
f 8348 8349 8337
f 8350 8348 8338
f 8351 8338 8339
f 8352 8339 8340
f 8353 8340 8341
f 8354 8341 8342
f 8355 8342 8343
f 8345 8356 8344
f 8346 8357 8345
f 8347 8358 8346
f 8349 8359 8347
f 8360 8361 8349
f 8362 8360 8350
f 8363 8350 8351
f 8364 8351 8352
f 8365 8352 8353
f 8366 8353 8354
f 8367 8354 8355
f 8357 8368 8356
f 8358 8369 8357
f 8359 8370 8358
f 8361 8371 8359
f 8372 8373 8361
f 8374 8372 8362
f 8375 8362 8363
f 8376 8363 8364
f 8377 8364 8365
f 8378 8365 8366
f 8379 8366 8367
f 8369 8380 8368
f 8370 8381 8369
f 8371 8382 8370
f 8373 8383 8371
f 8384 8385 8373
f 8386 8384 8374
f 8387 8374 8375
f 8388 8375 8376
f 8389 8376 8377
f 8390 8377 8378
f 8391 8378 8379
f 8381 8392 8380
f 8382 8393 8381
f 8383 8394 8382
f 8385 8395 8383
f 8396 8397 8385
f 8398 8396 8386
f 8399 8386 8387
f 8400 8387 8388
f 8401 8388 8389
f 8402 8389 8390
f 8403 8390 8391
f 8393 8404 8392
f 8394 8405 8393
f 8395 8406 8394
f 8397 8407 8395
f 8408 8409 8397
f 8410 8408 8398
f 8411 8398 8399
f 8412 8399 8400
f 8413 8400 8401
f 8414 8401 8402
f 8415 8402 8403
f 8405 8416 8404
f 8406 8417 8405
f 8407 8418 8406
f 8409 8419 8407
f 8420 8421 8409
f 8422 8420 8410
f 8423 8410 8411
f 8424 8411 8412
f 8425 8412 8413
f 8426 8413 8414
f 8427 8414 8415
f 8417 7278 8416
f 8418 7279 8417
f 8419 7281 8418
f 8421 7283 8419
f 8428 7285 8421
f 7289 8428 8422
f 7290 8422 8423
f 7291 8423 8424
f 7293 8424 8425
f 7295 8425 8426
f 7297 8426 8427
f 4817 4840 4818
f 4820 4817 4819
f 4822 4820 4821
f 4824 4822 4823
f 4826 4824 4825
f 4828 4826 4827
f 4830 4832 4828
f 4831 4834 4832
f 4833 4836 4834
f 4835 4838 4836
f 4837 4851 4838
f 4817 4841 4839
f 4820 4842 4841
f 4822 4843 4842
f 4824 4844 4843
f 4826 4856 4844
f 4845 4856 4826
f 4846 4845 4828
f 4847 4846 4832
f 4848 4847 4834
f 4849 4848 4836
f 4850 4849 4838
f 4841 4853 4852
f 4842 4854 4853
f 4843 4855 4854
f 4844 4857 4855
f 4856 4868 4857
f 4858 4868 4856
f 4859 4858 4845
f 4860 4859 4846
f 4861 4860 4847
f 4862 4861 4848
f 4863 4862 4849
f 4853 4865 4864
f 4854 4866 4865
f 4855 4867 4866
f 4857 4869 4867
f 4868 4880 4869
f 4870 4880 4868
f 4871 4870 4858
f 4872 4871 4859
f 4873 4872 4860
f 4874 4873 4861
f 4875 4874 4862
f 4865 4877 4876
f 4866 4878 4877
f 4867 4879 4878
f 4869 4881 4879
f 4880 4892 4881
f 4882 4892 4880
f 4883 4882 4870
f 4884 4883 4871
f 4885 4884 4872
f 4886 4885 4873
f 4887 4886 4874
f 4877 4889 4888
f 4878 4890 4889
f 4879 4891 4890
f 4881 4893 4891
f 4892 4904 4893
f 4894 4904 4892
f 4895 4894 4882
f 4896 4895 4883
f 4897 4896 4884
f 4898 4897 4885
f 4899 4898 4886
f 4889 4901 4900
f 4890 4902 4901
f 4891 4903 4902
f 4893 4905 4903
f 4904 4916 4905
f 4906 4916 4904
f 4907 4906 4894
f 4908 4907 4895
f 4909 4908 4896
f 4910 4909 4897
f 4911 4910 4898
f 4901 4913 4912
f 4902 4914 4913
f 4903 4915 4914
f 4905 4917 4915
f 4916 4928 4917
f 4918 4928 4916
f 4919 4918 4906
f 4920 4919 4907
f 4921 4920 4908
f 4922 4921 4909
f 4923 4922 4910
f 4913 4925 4924
f 4914 4926 4925
f 4915 4927 4926
f 4917 4929 4927
f 4928 4940 4929
f 4930 4940 4928
f 4931 4930 4918
f 4932 4931 4919
f 4933 4932 4920
f 4934 4933 4921
f 4935 4934 4922
f 4925 4937 4936
f 4926 4938 4937
f 4927 4939 4938
f 4929 4941 4939
f 4940 4952 4941
f 4942 4952 4940
f 4943 4942 4930
f 4944 4943 4931
f 4945 4944 4932
f 4946 4945 4933
f 4947 4946 4934
f 4937 4949 4948
f 4938 4950 4949
f 4939 4951 4950
f 4941 4953 4951
f 4952 4964 4953
f 4954 4964 4952
f 4955 4954 4942
f 4956 4955 4943
f 4957 4956 4944
f 4958 4957 4945
f 4959 4958 4946
f 4949 4961 4960
f 4950 4962 4961
f 4951 4963 4962
f 4953 4965 4963
f 4964 4976 4965
f 4966 4976 4964
f 4967 4966 4954
f 4968 4967 4955
f 4969 4968 4956
f 4970 4969 4957
f 4971 4970 4958
f 4961 4973 4972
f 4962 4974 4973
f 4963 4975 4974
f 4965 4977 4975
f 4976 4988 4977
f 4978 4988 4976
f 4979 4978 4966
f 4980 4979 4967
f 4981 4980 4968
f 4982 4981 4969
f 4983 4982 4970
f 4973 4985 4984
f 4974 4986 4985
f 4975 4987 4986
f 4977 4989 4987
f 4988 5000 4989
f 4990 5000 4988
f 4991 4990 4978
f 4992 4991 4979
f 4993 4992 4980
f 4994 4993 4981
f 4995 4994 4982
f 4985 4997 4996
f 4986 4998 4997
f 4987 4999 4998
f 4989 5001 4999
f 5000 5012 5001
f 5002 5012 5000
f 5003 5002 4990
f 5004 5003 4991
f 5005 5004 4992
f 5006 5005 4993
f 5007 5006 4994
f 4997 5009 5008
f 4998 5010 5009
f 4999 5011 5010
f 5001 5013 5011
f 5012 5024 5013
f 5014 5024 5012
f 5015 5014 5002
f 5016 5015 5003
f 5017 5016 5004
f 5018 5017 5005
f 5019 5018 5006
f 5009 5021 5020
f 5010 5022 5021
f 5011 5023 5022
f 5013 5025 5023
f 5024 5036 5025
f 5026 5036 5024
f 5027 5026 5014
f 5028 5027 5015
f 5029 5028 5016
f 5030 5029 5017
f 5031 5030 5018
f 5021 5033 5032
f 5022 5034 5033
f 5023 5035 5034
f 5025 5037 5035
f 5036 5048 5037
f 5038 5048 5036
f 5039 5038 5026
f 5040 5039 5027
f 5041 5040 5028
f 5042 5041 5029
f 5043 5042 5030
f 5033 5045 5044
f 5034 5046 5045
f 5035 5047 5046
f 5037 5049 5047
f 5048 5061 5049
f 5050 5061 5048
f 5051 5050 5038
f 5052 5051 5039
f 5053 5052 5040
f 5054 5053 5041
f 5055 5054 5042
f 5045 5057 5056
f 5046 5058 5057
f 5047 5059 5058
f 5049 5072 5059
f 5060 5072 5049
f 5062 5060 5061
f 5063 5062 5050
f 5064 5063 5051
f 5065 5064 5052
f 5066 5065 5053
f 5067 5066 5054
f 5068 5080 5056
f 5069 5068 5057
f 5070 5069 5058
f 5071 5070 5059
f 5073 5071 5072
f 5074 5073 5060
f 5063 5075 5074
f 5064 5076 5075
f 5065 5077 5076
f 5066 5078 5077
f 5067 5089 5078
f 5079 5092 5080
f 5081 5079 5068
f 5082 5081 5069
f 5083 5082 5070
f 5084 5083 5071
f 5085 5084 5073
f 5075 5086 5085
f 5076 5087 5086
f 5077 5088 5087
f 5078 5090 5088
f 5089 5101 5090
f 5091 5104 5092
f 5093 5091 5079
f 5094 5093 5081
f 5095 5094 5082
f 5096 5095 5083
f 5097 5096 5084
f 5086 5098 5097
f 5087 5099 5098
f 5088 5100 5099
f 5090 5102 5100
f 5101 5115 5102
f 5091 5105 5103
f 5093 5106 5105
f 5094 5107 5106
f 5095 5108 5107
f 5096 5109 5108
f 5097 5122 5109
f 5110 5122 5097
f 5111 5110 5098
f 5112 5111 5099
f 5113 5112 5100
f 5114 5113 5102
f 5105 5117 5116
f 5106 5118 5117
f 5107 5119 5118
f 5108 5120 5119
f 5109 5132 5120
f 5121 5132 5109
f 5123 5121 5122
f 5124 5123 5110
f 5125 5124 5111
f 5126 5125 5112
f 5127 5126 5113
f 5117 5129 5128
f 5118 5130 5129
f 5119 5131 5130
f 5120 5133 5131
f 5132 5145 5133
f 5134 5145 5132
f 5135 5134 5121
f 5136 5135 5123
f 5137 5136 5124
f 5138 5137 5125
f 5139 5138 5126
f 5140 5152 5128
f 5141 5140 5129
f 5142 5141 5130
f 5143 5142 5131
f 5144 5143 5133
f 5146 5144 5145
f 5135 5147 5146
f 5136 5148 5147
f 5137 5149 5148
f 5138 5150 5149
f 5139 5161 5150
f 5151 5164 5152
f 5153 5151 5140
f 5154 5153 5141
f 5155 5154 5142
f 5156 5155 5143
f 5157 5156 5144
f 5147 5158 5157
f 5148 5159 5158
f 5149 5160 5159
f 5150 5162 5160
f 5161 5173 5162
f 5163 5176 5164
f 5165 5163 5151
f 5166 5165 5153
f 5167 5166 5154
f 5168 5167 5155
f 5169 5168 5156
f 5158 5170 5169
f 5159 5171 5170
f 5160 5172 5171
f 5162 5174 5172
f 5173 5185 5174
f 5175 5188 5176
f 5177 5175 5163
f 5178 5177 5165
f 5179 5178 5166
f 5180 5179 5167
f 5181 5180 5168
f 5170 5182 5181
f 5171 5183 5182
f 5172 5184 5183
f 5174 5186 5184
f 5185 5197 5186
f 5187 5200 5188
f 5189 5187 5175
f 5190 5189 5177
f 5191 5190 5178
f 5192 5191 5179
f 5193 5192 5180
f 5182 5194 5193
f 5183 5195 5194
f 5184 5196 5195
f 5186 5198 5196
f 5197 5209 5198
f 5199 5212 5200
f 5201 5199 5187
f 5202 5201 5189
f 5203 5202 5190
f 5204 5203 5191
f 5205 5204 5192
f 5194 5206 5205
f 5195 5207 5206
f 5196 5208 5207
f 5198 5210 5208
f 5209 5221 5210
f 5211 5224 5212
f 5213 5211 5199
f 5214 5213 5201
f 5215 5214 5202
f 5216 5215 5203
f 5217 5216 5204
f 5206 5218 5217
f 5207 5219 5218
f 5208 5220 5219
f 5210 5222 5220
f 5221 5233 5222
f 5223 5236 5224
f 5225 5223 5211
f 5226 5225 5213
f 5227 5226 5214
f 5228 5227 5215
f 5229 5228 5216
f 5218 5230 5229
f 5219 5231 5230
f 5220 5232 5231
f 5222 5234 5232
f 5233 5245 5234
f 5235 5248 5236
f 5237 5235 5223
f 5238 5237 5225
f 5239 5238 5226
f 5240 5239 5227
f 5241 5240 5228
f 5230 5242 5241
f 5231 5243 5242
f 5232 5244 5243
f 5234 5246 5244
f 5245 5257 5246
f 5247 5260 5248
f 5249 5247 5235
f 5250 5249 5237
f 5251 5250 5238
f 5252 5251 5239
f 5253 5252 5240
f 5242 5254 5253
f 5243 5255 5254
f 5244 5256 5255
f 5246 5258 5256
f 5257 5271 5258
f 5247 5261 5259
f 5249 5262 5261
f 5250 5263 5262
f 5251 5264 5263
f 5252 5276 5264
f 5265 5276 5252
f 5266 5265 5253
f 5267 5266 5254
f 5268 5267 5255
f 5269 5268 5256
f 5270 5269 5258
f 5261 5273 5272
f 5262 5274 5273
f 5263 5275 5274
f 5264 5277 5275
f 5276 5288 5277
f 5278 5288 5276
f 5279 5278 5265
f 5280 5279 5266
f 5281 5280 5267
f 5282 5281 5268
f 5283 5282 5269
f 5273 5285 5284
f 5274 5286 5285
f 5275 5287 5286
f 5277 5289 5287
f 5288 5300 5289
f 5290 5300 5288
f 5291 5290 5278
f 5292 5291 5279
f 5293 5292 5280
f 5294 5293 5281
f 5295 5294 5282
f 5285 5297 5296
f 5286 5298 5297
f 5287 5299 5298
f 5289 5301 5299
f 5300 5312 5301
f 5302 5312 5300
f 5303 5302 5290
f 5304 5303 5291
f 5305 5304 5292
f 5306 5305 5293
f 5307 5306 5294
f 5297 5309 5308
f 5298 5310 5309
f 5299 5311 5310
f 5301 5313 5311
f 5312 5324 5313
f 5314 5324 5312
f 5315 5314 5302
f 5316 5315 5303
f 5317 5316 5304
f 5318 5317 5305
f 5319 5318 5306
f 5309 5321 5320
f 5310 5322 5321
f 5311 5323 5322
f 5313 5325 5323
f 5324 5336 5325
f 5326 5336 5324
f 5327 5326 5314
f 5328 5327 5315
f 5329 5328 5316
f 5330 5329 5317
f 5331 5330 5318
f 5321 5333 5332
f 5322 5334 5333
f 5323 5335 5334
f 5325 5337 5335
f 5336 5348 5337
f 5338 5348 5336
f 5339 5338 5326
f 5340 5339 5327
f 5341 5340 5328
f 5342 5341 5329
f 5343 5342 5330
f 5333 5345 5344
f 5334 5346 5345
f 5335 5347 5346
f 5337 5349 5347
f 5348 5360 5349
f 5350 5360 5348
f 5351 5350 5338
f 5352 5351 5339
f 5353 5352 5340
f 5354 5353 5341
f 5355 5354 5342
f 5345 5357 5356
f 5346 5358 5357
f 5347 5359 5358
f 5349 5361 5359
f 5360 5373 5361
f 5362 5373 5360
f 5363 5362 5350
f 5364 5363 5351
f 5365 5364 5352
f 5366 5365 5353
f 5367 5366 5354
f 5368 5379 5356
f 5369 5368 5357
f 5370 5369 5358
f 5371 5370 5359
f 5372 5371 5361
f 5374 5372 5373
f 5363 5385 5374
f 5375 5385 5363
f 5365 5376 5375
f 5366 5377 5376
f 5367 5389 5377
f 5378 5392 5379
f 5380 5378 5368
f 5381 5380 5369
f 5382 5381 5370
f 5383 5382 5371
f 5384 5383 5372
f 5385 5386 5384
f 5375 5387 5386
f 5376 5388 5387
f 5377 5390 5388
f 5389 5401 5390
f 5391 5404 5392
f 5393 5391 5378
f 5394 5393 5380
f 5395 5394 5381
f 5396 5395 5382
f 5397 5396 5383
f 5386 5398 5397
f 5387 5399 5398
f 5388 5400 5399
f 5390 5402 5400
f 5401 5413 5402
f 5403 5416 5404
f 5405 5403 5391
f 5406 5405 5393
f 5407 5406 5394
f 5408 5407 5395
f 5409 5408 5396
f 5398 5410 5409
f 5399 5411 5410
f 5400 5412 5411
f 5402 5414 5412
f 5413 5427 5414
f 5403 5417 5415
f 5405 5418 5417
f 5406 5419 5418
f 5407 5420 5419
f 5408 5432 5420
f 5421 5432 5408
f 5422 5421 5409
f 5423 5422 5410
f 5424 5423 5411
f 5425 5424 5412
f 5426 5425 5414
f 5417 5429 5428
f 5418 5430 5429
f 5419 5431 5430
f 5420 5433 5431
f 5432 5444 5433
f 5434 5444 5432
f 5435 5434 5421
f 5436 5435 5422
f 5437 5436 5423
f 5438 5437 5424
f 5439 5438 5425
f 5429 5441 5440
f 5430 5442 5441
f 5431 5443 5442
f 5433 5445 5443
f 5444 5457 5445
f 5446 5457 5444
f 5447 5446 5434
f 5448 5447 5435
f 5449 5448 5436
f 5450 5449 5437
f 5451 5450 5438
f 5452 5464 5440
f 5453 5452 5441
f 5454 5453 5442
f 5455 5454 5443
f 5456 5455 5445
f 5458 5456 5457
f 5447 5459 5458
f 5448 5460 5459
f 5449 5461 5460
f 5450 5462 5461
f 5451 5473 5462
f 5463 5476 5464
f 5465 5463 5452
f 5466 5465 5453
f 5467 5466 5454
f 5468 5467 5455
f 5469 5468 5456
f 5459 5470 5469
f 5460 5471 5470
f 5461 5472 5471
f 5462 5474 5472
f 5473 5485 5474
f 5475 5488 5476
f 5477 5475 5463
f 5478 5477 5465
f 5479 5478 5466
f 5480 5479 5467
f 5481 5480 5468
f 5470 5482 5481
f 5471 5483 5482
f 5472 5484 5483
f 5474 5486 5484
f 5485 5497 5486
f 5487 5500 5488
f 5489 5487 5475
f 5490 5489 5477
f 5491 5490 5478
f 5492 5491 5479
f 5493 5492 5480
f 5482 5494 5493
f 5483 5495 5494
f 5484 5496 5495
f 5486 5498 5496
f 5497 5509 5498
f 5499 5512 5500
f 5501 5499 5487
f 5502 5501 5489
f 5503 5502 5490
f 5504 5503 5491
f 5505 5504 5492
f 5494 5506 5505
f 5495 5507 5506
f 5496 5508 5507
f 5498 5510 5508
f 5509 5521 5510
f 5511 5524 5512
f 5513 5511 5499
f 5514 5513 5501
f 5515 5514 5502
f 5516 5515 5503
f 5517 5516 5504
f 5506 5518 5517
f 5507 5519 5518
f 5508 5520 5519
f 5510 5522 5520
f 5521 5533 5522
f 5523 5536 5524
f 5525 5523 5511
f 5526 5525 5513
f 5527 5526 5514
f 5528 5527 5515
f 5529 5528 5516
f 5518 5530 5529
f 5519 5531 5530
f 5520 5532 5531
f 5522 5534 5532
f 5533 5545 5534
f 5535 5548 5536
f 5537 5535 5523
f 5538 5537 5525
f 5539 5538 5526
f 5540 5539 5527
f 5541 5540 5528
f 5530 5542 5541
f 5531 5543 5542
f 5532 5544 5543
f 5534 5546 5544
f 5545 5557 5546
f 5547 5560 5548
f 5549 5547 5535
f 5550 5549 5537
f 5551 5550 5538
f 5552 5551 5539
f 5553 5552 5540
f 5542 5554 5553
f 5543 5555 5554
f 5544 5556 5555
f 5546 5558 5556
f 5557 5569 5558
f 5559 5572 5560
f 5561 5559 5547
f 5562 5561 5549
f 5563 5562 5550
f 5564 5563 5551
f 5565 5564 5552
f 5554 5566 5565
f 5555 5567 5566
f 5556 5568 5567
f 5558 5570 5568
f 5569 5581 5570
f 5571 5584 5572
f 5573 5571 5559
f 5574 5573 5561
f 5575 5574 5562
f 5576 5575 5563
f 5577 5576 5564
f 5566 5578 5577
f 5567 5579 5578
f 5568 5580 5579
f 5570 5582 5580
f 5581 5593 5582
f 5583 5596 5584
f 5585 5583 5571
f 5586 5585 5573
f 5587 5586 5574
f 5588 5587 5575
f 5589 5588 5576
f 5578 5590 5589
f 5579 5591 5590
f 5580 5592 5591
f 5582 5594 5592
f 5593 5605 5594
f 5595 5608 5596
f 5597 5595 5583
f 5598 5597 5585
f 5599 5598 5586
f 5600 5599 5587
f 5601 5600 5588
f 5590 5602 5601
f 5591 5603 5602
f 5592 5604 5603
f 5594 5606 5604
f 5605 5617 5606
f 5607 5620 5608
f 5609 5607 5595
f 5610 5609 5597
f 5611 5610 5598
f 5612 5611 5599
f 5613 5612 5600
f 5602 5614 5613
f 5603 5615 5614
f 5604 5616 5615
f 5606 5618 5616
f 5617 5629 5618
f 5619 5632 5620
f 5621 5619 5607
f 5622 5621 5609
f 5623 5622 5610
f 5624 5623 5611
f 5625 5624 5612
f 5614 5626 5625
f 5615 5627 5626
f 5616 5628 5627
f 5618 5630 5628
f 5629 5641 5630
f 5631 5644 5632
f 5633 5631 5619
f 5634 5633 5621
f 5635 5634 5622
f 5636 5635 5623
f 5637 5636 5624
f 5626 5638 5637
f 5627 5639 5638
f 5628 5640 5639
f 5630 5642 5640
f 5641 5653 5642
f 5643 5656 5644
f 5645 5643 5631
f 5646 5645 5633
f 5647 5646 5634
f 5648 5647 5635
f 5649 5648 5636
f 5638 5650 5649
f 5639 5651 5650
f 5640 5652 5651
f 5642 5654 5652
f 5653 5665 5654
f 5655 5668 5656
f 5657 5655 5643
f 5658 5657 5645
f 5659 5658 5646
f 5660 5659 5647
f 5661 5660 5648
f 5650 5662 5661
f 5651 5663 5662
f 5652 5664 5663
f 5654 5666 5664
f 5665 5677 5666
f 5667 5680 5668
f 5669 5667 5655
f 5670 5669 5657
f 5671 5670 5658
f 5672 5671 5659
f 5673 5672 5660
f 5662 5674 5673
f 5663 5675 5674
f 5664 5676 5675
f 5666 5678 5676
f 5677 5691 5678
f 5667 5681 5679
f 5669 5682 5681
f 5670 5683 5682
f 5671 5684 5683
f 5672 5696 5684
f 5685 5696 5672
f 5686 5685 5673
f 5687 5686 5674
f 5688 5687 5675
f 5689 5688 5676
f 5690 5689 5678
f 5681 5693 5692
f 5682 5694 5693
f 5683 5695 5694
f 5684 5697 5695
f 5696 5708 5697
f 5698 5708 5696
f 5699 5698 5685
f 5700 5699 5686
f 5701 5700 5687
f 5702 5701 5688
f 5703 5702 5689
f 5693 5705 5704
f 5694 5706 5705
f 5695 5707 5706
f 5697 5709 5707
f 5708 5720 5709
f 5710 5720 5708
f 5711 5710 5698
f 5712 5711 5699
f 5713 5712 5700
f 5714 5713 5701
f 5715 5714 5702
f 5705 5717 5716
f 5706 5718 5717
f 5707 5719 5718
f 5709 5721 5719
f 5720 5732 5721
f 5722 5732 5720
f 5723 5722 5710
f 5724 5723 5711
f 5725 5724 5712
f 5726 5725 5713
f 5727 5726 5714
f 5717 5729 5728
f 5718 5730 5729
f 5719 5731 5730
f 5721 5733 5731
f 5732 5744 5733
f 5734 5744 5732
f 5735 5734 5722
f 5736 5735 5723
f 5737 5736 5724
f 5738 5737 5725
f 5739 5738 5726
f 5729 5741 5740
f 5730 5742 5741
f 5731 5743 5742
f 5733 5745 5743
f 5744 5756 5745
f 5746 5756 5744
f 5747 5746 5734
f 5748 5747 5735
f 5749 5748 5736
f 5750 5749 5737
f 5751 5750 5738
f 5741 5753 5752
f 5742 5754 5753
f 5743 5755 5754
f 5745 5757 5755
f 5756 5768 5757
f 5758 5768 5756
f 5759 5758 5746
f 5760 5759 5747
f 5761 5760 5748
f 5762 5761 5749
f 5763 5762 5750
f 5753 5765 5764
f 5754 5766 5765
f 5755 5767 5766
f 5757 5769 5767
f 5768 5780 5769
f 5770 5780 5768
f 5771 5770 5758
f 5772 5771 5759
f 5773 5772 5760
f 5774 5773 5761
f 5775 5774 5762
f 5765 5777 5776
f 5766 5778 5777
f 5767 5779 5778
f 5769 5781 5779
f 5780 5782 5781
f 5770 5794 5782
f 5783 5794 5770
f 5784 5783 5771
f 5785 5784 5772
f 5786 5785 5773
f 5787 5786 5774
f 5777 5789 5788
f 5778 5790 5789
f 5779 5791 5790
f 5781 5792 5791
f 5782 5805 5792
f 5793 5805 5782
f 5795 5793 5794
f 5796 5795 5783
f 5797 5796 5784
f 5798 5797 5785
f 5799 5798 5786
f 5800 5812 5788
f 5801 5800 5789
f 5802 5801 5790
f 5803 5802 5791
f 5804 5803 5792
f 5806 5804 5805
f 5795 5807 5806
f 5796 5808 5807
f 5797 5809 5808
f 5798 5810 5809
f 5799 5821 5810
f 5811 5824 5812
f 5813 5811 5800
f 5814 5813 5801
f 5815 5814 5802
f 5816 5815 5803
f 5817 5816 5804
f 5807 5818 5817
f 5808 5819 5818
f 5809 5820 5819
f 5810 5822 5820
f 5821 5835 5822
f 5811 5825 5823
f 5813 5826 5825
f 5814 5827 5826
f 5815 5828 5827
f 5816 5840 5828
f 5829 5840 5816
f 5830 5829 5817
f 5831 5830 5818
f 5832 5831 5819
f 5833 5832 5820
f 5834 5833 5822
f 5825 5837 5836
f 5826 5838 5837
f 5827 5839 5838
f 5828 5841 5839
f 5840 5853 5841
f 5842 5853 5840
f 5843 5842 5829
f 5844 5843 5830
f 5845 5844 5831
f 5846 5845 5832
f 5847 5846 5833
f 5848 5860 5836
f 5849 5848 5837
f 5850 5849 5838
f 5851 5850 5839
f 5852 5851 5841
f 5854 5852 5853
f 5843 5855 5854
f 5844 5856 5855
f 5845 5857 5856
f 5846 5858 5857
f 5847 5869 5858
f 5859 5872 5860
f 5861 5859 5848
f 5862 5861 5849
f 5863 5862 5850
f 5864 5863 5851
f 5865 5864 5852
f 5855 5866 5865
f 5856 5867 5866
f 5857 5868 5867
f 5858 5870 5868
f 5869 5881 5870
f 5871 5884 5872
f 5873 5871 5859
f 5874 5873 5861
f 5875 5874 5862
f 5876 5875 5863
f 5877 5876 5864
f 5866 5878 5877
f 5867 5879 5878
f 5868 5880 5879
f 5870 5882 5880
f 5881 5893 5882
f 5883 5896 5884
f 5885 5883 5871
f 5886 5885 5873
f 5887 5886 5874
f 5888 5887 5875
f 5889 5888 5876
f 5878 5890 5889
f 5879 5891 5890
f 5880 5892 5891
f 5882 5894 5892
f 5893 5905 5894
f 5895 5908 5896
f 5897 5895 5883
f 5898 5897 5885
f 5899 5898 5886
f 5900 5899 5887
f 5901 5900 5888
f 5890 5902 5901
f 5891 5903 5902
f 5892 5904 5903
f 5894 5906 5904
f 5905 5917 5906
f 5907 5920 5908
f 5909 5907 5895
f 5910 5909 5897
f 5911 5910 5898
f 5912 5911 5899
f 5913 5912 5900
f 5902 5914 5913
f 5903 5915 5914
f 5904 5916 5915
f 5906 5918 5916
f 5917 5929 5918
f 5919 5932 5920
f 5921 5919 5907
f 5922 5921 5909
f 5923 5922 5910
f 5924 5923 5911
f 5925 5924 5912
f 5914 5926 5925
f 5915 5927 5926
f 5916 5928 5927
f 5918 5930 5928
f 5929 5941 5930
f 5931 5944 5932
f 5933 5931 5919
f 5934 5933 5921
f 5935 5934 5922
f 5936 5935 5923
f 5937 5936 5924
f 5926 5938 5937
f 5927 5939 5938
f 5928 5940 5939
f 5930 5942 5940
f 5941 5953 5942
f 5943 5956 5944
f 5945 5943 5931
f 5946 5945 5933
f 5947 5946 5934
f 5948 5947 5935
f 5949 5948 5936
f 5938 5950 5949
f 5939 5951 5950
f 5940 5952 5951
f 5942 5954 5952
f 5953 5965 5954
f 5955 5968 5956
f 5957 5955 5943
f 5958 5957 5945
f 5959 5958 5946
f 5960 5959 5947
f 5949 5961 5960
f 5950 5962 5961
f 5951 5963 5962
f 5952 5964 5963
f 5954 5966 5964
f 5965 5977 5966
f 5967 5980 5968
f 5969 5967 5955
f 5970 5969 5957
f 5971 5970 5958
f 5972 5971 5959
f 5973 5972 5960
f 5962 5974 5973
f 5963 5975 5974
f 5964 5976 5975
f 5966 5978 5976
f 5977 5989 5978
f 5979 5992 5980
f 5981 5979 5967
f 5982 5981 5969
f 5983 5982 5970
f 5984 5983 5971
f 5985 5984 5972
f 5974 5986 5985
f 5975 5987 5986
f 5976 5988 5987
f 5978 5990 5988
f 5989 6003 5990
f 5979 5993 5991
f 5981 5994 5993
f 5982 5995 5994
f 5983 5996 5995
f 5984 6008 5996
f 5997 6008 5984
f 5998 5997 5985
f 5999 5998 5986
f 6000 5999 5987
f 6001 6000 5988
f 6002 6001 5990
f 5993 6005 6004
f 5994 6006 6005
f 5995 6007 6006
f 5996 6009 6007
f 6008 6020 6009
f 6010 6020 6008
f 6011 6010 5997
f 6012 6011 5998
f 6013 6012 5999
f 6014 6013 6000
f 6015 6014 6001
f 6005 6017 6016
f 6006 6018 6017
f 6007 6019 6018
f 6009 6021 6019
f 6020 6022 6021
f 6010 6033 6022
f 6023 6033 6010
f 6024 6023 6011
f 6025 6024 6012
f 6026 6025 6013
f 6027 6026 6014
f 6017 6029 6028
f 6018 6030 6029
f 6019 6031 6030
f 6021 6032 6031
f 6022 6034 6032
f 6033 6046 6034
f 6035 6046 6033
f 6036 6035 6023
f 6037 6036 6024
f 6038 6037 6025
f 6039 6038 6026
f 6029 6041 6040
f 6030 6042 6041
f 6031 6043 6042
f 6032 6044 6043
f 6034 6056 6044
f 6045 6056 6034
f 6047 6045 6046
f 6048 6047 6035
f 6049 6048 6036
f 6050 6049 6037
f 6051 6050 6038
f 6041 6053 6052
f 6042 6054 6053
f 6043 6055 6054
f 6044 6057 6055
f 6056 6058 6057
f 6045 6070 6058
f 6059 6070 6045
f 6060 6059 6047
f 6061 6060 6048
f 6062 6061 6049
f 6063 6062 6050
f 6053 6065 6064
f 6054 6066 6065
f 6055 6067 6066
f 6057 6068 6067
f 6058 6080 6068
f 6069 6080 6058
f 6071 6069 6070
f 6072 6071 6059
f 6073 6072 6060
f 6074 6073 6061
f 6075 6074 6062
f 6065 6077 6076
f 6066 6078 6077
f 6067 6079 6078
f 6068 6081 6079
f 6080 6092 6081
f 6082 6092 6080
f 6083 6082 6069
f 6084 6083 6071
f 6085 6084 6072
f 6086 6085 6073
f 6087 6086 6074
f 6077 6089 6088
f 6078 6090 6089
f 6079 6091 6090
f 6081 6093 6091
f 6092 6104 6093
f 6094 6104 6092
f 6095 6094 6082
f 6096 6095 6083
f 6097 6096 6084
f 6098 6097 6085
f 6099 6098 6086
f 6089 6101 6100
f 6090 6102 6101
f 6091 6103 6102
f 6093 6105 6103
f 6104 6117 6105
f 6106 6117 6104
f 6107 6106 6094
f 6108 6107 6095
f 6109 6108 6096
f 6110 6109 6097
f 6111 6110 6098
f 6112 6124 6100
f 6113 6112 6101
f 6114 6113 6102
f 6115 6114 6103
f 6116 6115 6105
f 6118 6116 6117
f 6107 6119 6118
f 6108 6120 6119
f 6109 6121 6120
f 6110 6122 6121
f 6111 6133 6122
f 6123 6136 6124
f 6125 6123 6112
f 6126 6125 6113
f 6127 6126 6114
f 6128 6127 6115
f 6129 6128 6116
f 6119 6130 6129
f 6120 6131 6130
f 6121 6132 6131
f 6122 6134 6132
f 6133 6147 6134
f 6123 6137 6135
f 6125 6138 6137
f 6126 6139 6138
f 6127 6140 6139
f 6128 6152 6140
f 6141 6152 6128
f 6142 6141 6129
f 6143 6142 6130
f 6144 6143 6131
f 6145 6144 6132
f 6146 6145 6134
f 6137 6149 6148
f 6138 6150 6149
f 6139 6151 6150
f 6140 6153 6151
f 6152 6164 6153
f 6154 6164 6152
f 6155 6154 6141
f 6156 6155 6142
f 6157 6156 6143
f 6158 6157 6144
f 6159 6158 6145
f 6149 6161 6160
f 6150 6162 6161
f 6151 6163 6162
f 6153 6165 6163
f 6164 6176 6165
f 6166 6176 6164
f 6167 6166 6154
f 6168 6167 6155
f 6169 6168 6156
f 6170 6169 6157
f 6171 6170 6158
f 6161 6173 6172
f 6162 6174 6173
f 6163 6175 6174
f 6165 6177 6175
f 6176 6188 6177
f 6178 6188 6176
f 6179 6178 6166
f 6180 6179 6167
f 6181 6180 6168
f 6182 6181 6169
f 6183 6182 6170
f 6173 6185 6184
f 6174 6186 6185
f 6175 6187 6186
f 6177 6189 6187
f 6188 6200 6189
f 6190 6200 6188
f 6191 6190 6178
f 6192 6191 6179
f 6193 6192 6180
f 6194 6193 6181
f 6195 6194 6182
f 6185 6197 6196
f 6186 6198 6197
f 6187 6199 6198
f 6189 6201 6199
f 6200 6213 6201
f 6202 6213 6200
f 6203 6202 6190
f 6204 6203 6191
f 6205 6204 6192
f 6206 6205 6193
f 6207 6206 6194
f 6197 6209 6208
f 6198 6210 6209
f 6199 6211 6210
f 6201 6223 6211
f 6212 6223 6201
f 6214 6212 6213
f 6203 6226 6214
f 6215 6226 6203
f 6216 6215 6204
f 6217 6216 6205
f 6218 6217 6206
f 6219 6232 6208
f 6220 6219 6209
f 6221 6220 6210
f 6222 6221 6211
f 6224 6222 6223
f 6225 6224 6212
f 6226 6227 6225
f 6215 6228 6227
f 6216 6229 6228
f 6217 6230 6229
f 6218 6241 6230
f 6231 6244 6232
f 6233 6231 6219
f 6234 6233 6220
f 6235 6234 6221
f 6236 6235 6222
f 6237 6236 6224
f 6227 6238 6237
f 6228 6239 6238
f 6229 6240 6239
f 6230 6242 6240
f 6241 6253 6242
f 6243 6256 6244
f 6245 6243 6231
f 6246 6245 6233
f 6247 6246 6234
f 6248 6247 6235
f 6249 6248 6236
f 6238 6250 6249
f 6239 6251 6250
f 6240 6252 6251
f 6242 6254 6252
f 6253 6265 6254
f 6255 6268 6256
f 6257 6255 6243
f 6258 6257 6245
f 6259 6258 6246
f 6260 6259 6247
f 6261 6260 6248
f 6250 6262 6261
f 6251 6263 6262
f 6252 6264 6263
f 6254 6266 6264
f 6265 6277 6266
f 6267 6280 6268
f 6269 6267 6255
f 6270 6269 6257
f 6271 6270 6258
f 6272 6271 6259
f 6273 6272 6260
f 6262 6274 6273
f 6263 6275 6274
f 6264 6276 6275
f 6266 6278 6276
f 6277 6289 6278
f 6279 6292 6280
f 6281 6279 6267
f 6282 6281 6269
f 6283 6282 6270
f 6284 6283 6271
f 6273 6285 6284
f 6274 6286 6285
f 6275 6287 6286
f 6276 6288 6287
f 6278 6290 6288
f 6289 6301 6290
f 6291 6304 6292
f 6293 6291 6279
f 6294 6293 6281
f 6295 6294 6282
f 6296 6295 6283
f 6297 6296 6284
f 6286 6298 6297
f 6287 6299 6298
f 6288 6300 6299
f 6290 6302 6300
f 6301 6313 6302
f 6303 6316 6304
f 6305 6303 6291
f 6306 6305 6293
f 6307 6306 6294
f 6308 6307 6295
f 6309 6308 6296
f 6298 6310 6309
f 6299 6311 6310
f 6300 6312 6311
f 6302 6314 6312
f 6313 6325 6314
f 6315 6328 6316
f 6317 6315 6303
f 6318 6317 6305
f 6319 6318 6306
f 6320 6319 6307
f 6321 6320 6308
f 6310 6322 6321
f 6311 6323 6322
f 6312 6324 6323
f 6314 6326 6324
f 6325 6337 6326
f 6327 6340 6328
f 6329 6327 6315
f 6330 6329 6317
f 6331 6330 6318
f 6332 6331 6319
f 6333 6332 6320
f 6322 6334 6333
f 6323 6335 6334
f 6324 6336 6335
f 6326 6338 6336
f 6337 6349 6338
f 6339 6352 6340
f 6341 6339 6327
f 6342 6341 6329
f 6343 6342 6330
f 6344 6343 6331
f 6345 6344 6332
f 6334 6346 6345
f 6335 6347 6346
f 6336 6348 6347
f 6338 6350 6348
f 6349 6361 6350
f 6351 6364 6352
f 6353 6351 6339
f 6354 6353 6341
f 6355 6354 6342
f 6356 6355 6343
f 6357 6356 6344
f 6346 6358 6357
f 6347 6359 6358
f 6348 6360 6359
f 6350 6362 6360
f 6361 6373 6362
f 6363 6376 6364
f 6365 6363 6351
f 6366 6365 6353
f 6367 6366 6354
f 6368 6367 6355
f 6369 6368 6356
f 6358 6370 6369
f 6359 6371 6370
f 6360 6372 6371
f 6362 6374 6372
f 6373 6385 6374
f 6375 6388 6376
f 6377 6375 6363
f 6378 6377 6365
f 6379 6378 6366
f 6380 6379 6367
f 6381 6380 6368
f 6370 6382 6381
f 6371 6383 6382
f 6372 6384 6383
f 6374 6386 6384
f 6385 6397 6386
f 6387 6400 6388
f 6389 6387 6375
f 6390 6389 6377
f 6391 6390 6378
f 6392 6391 6379
f 6393 6392 6380
f 6382 6394 6393
f 6383 6395 6394
f 6384 6396 6395
f 6386 6398 6396
f 6397 6409 6398
f 6399 6412 6400
f 6401 6399 6387
f 6402 6401 6389
f 6403 6402 6390
f 6404 6403 6391
f 6405 6404 6392
f 6394 6406 6405
f 6395 6407 6406
f 6396 6408 6407
f 6398 6410 6408
f 6409 6421 6410
f 6411 6424 6412
f 6413 6411 6399
f 6414 6413 6401
f 6415 6414 6402
f 6416 6415 6403
f 6417 6416 6404
f 6406 6418 6417
f 6407 6419 6418
f 6408 6420 6419
f 6410 6422 6420
f 6421 6435 6422
f 6411 6425 6423
f 6413 6426 6425
f 6414 6427 6426
f 6415 6428 6427
f 6416 6440 6428
f 6429 6440 6416
f 6430 6429 6417
f 6431 6430 6418
f 6432 6431 6419
f 6433 6432 6420
f 6434 6433 6422
f 6425 6437 6436
f 6426 6438 6437
f 6427 6439 6438
f 6428 6441 6439
f 6440 6452 6441
f 6442 6452 6440
f 6443 6442 6429
f 6444 6443 6430
f 6445 6444 6431
f 6446 6445 6432
f 6447 6446 6433
f 6437 6449 6448
f 6438 6450 6449
f 6439 6451 6450
f 6441 6453 6451
f 6452 6464 6453
f 6454 6464 6452
f 6455 6454 6442
f 6456 6455 6443
f 6457 6456 6444
f 6458 6457 6445
f 6459 6458 6446
f 6449 6461 6460
f 6450 6462 6461
f 6451 6463 6462
f 6453 6465 6463
f 6464 6476 6465
f 6466 6476 6464
f 6467 6466 6454
f 6468 6467 6455
f 6469 6468 6456
f 6470 6469 6457
f 6471 6470 6458
f 6461 6473 6472
f 6462 6474 6473
f 6463 6475 6474
f 6465 6477 6475
f 6476 6488 6477
f 6478 6488 6476
f 6479 6478 6466
f 6480 6479 6467
f 6481 6480 6468
f 6482 6481 6469
f 6483 6482 6470
f 6473 6485 6484
f 6474 6486 6485
f 6475 6487 6486
f 6477 6489 6487
f 6488 6500 6489
f 6490 6500 6488
f 6491 6490 6478
f 6492 6491 6479
f 6493 6492 6480
f 6494 6493 6481
f 6495 6494 6482
f 6485 6497 6496
f 6486 6498 6497
f 6487 6499 6498
f 6489 6501 6499
f 6500 6512 6501
f 6502 6512 6500
f 6503 6502 6490
f 6504 6503 6491
f 6505 6504 6492
f 6506 6505 6493
f 6507 6506 6494
f 6497 6509 6508
f 6498 6510 6509
f 6499 6511 6510
f 6501 6513 6511
f 6512 6524 6513
f 6514 6524 6512
f 6515 6514 6502
f 6516 6515 6503
f 6517 6516 6504
f 6518 6517 6505
f 6519 6518 6506
f 6509 6521 6520
f 6510 6522 6521
f 6511 6523 6522
f 6513 6525 6523
f 6524 6536 6525
f 6526 6536 6524
f 6527 6526 6514
f 6528 6527 6515
f 6529 6528 6516
f 6530 6529 6517
f 6531 6530 6518
f 6521 6533 6532
f 6522 6534 6533
f 6523 6535 6534
f 6525 6537 6535
f 6536 6548 6537
f 6538 6548 6536
f 6539 6538 6526
f 6540 6539 6527
f 6541 6540 6528
f 6542 6541 6529
f 6543 6542 6530
f 6533 6545 6544
f 6534 6546 6545
f 6535 6547 6546
f 6537 6549 6547
f 6548 6560 6549
f 6550 6560 6548
f 6551 6550 6538
f 6552 6551 6539
f 6553 6552 6540
f 6554 6553 6541
f 6555 6554 6542
f 6545 6557 6556
f 6546 6558 6557
f 6547 6559 6558
f 6549 6561 6559
f 6560 6572 6561
f 6562 6572 6560
f 6563 6562 6550
f 6564 6563 6551
f 6565 6564 6552
f 6566 6565 6553
f 6567 6566 6554
f 6557 6569 6568
f 6558 6570 6569
f 6559 6571 6570
f 6561 6573 6571
f 6572 6584 6573
f 6574 6584 6572
f 6575 6574 6562
f 6576 6575 6563
f 6577 6576 6564
f 6578 6577 6565
f 6579 6578 6566
f 6569 6581 6580
f 6570 6582 6581
f 6571 6583 6582
f 6573 6585 6583
f 6584 6596 6585
f 6586 6596 6584
f 6587 6586 6574
f 6588 6587 6575
f 6589 6588 6576
f 6590 6589 6577
f 6591 6590 6578
f 6581 6593 6592
f 6582 6594 6593
f 6583 6595 6594
f 6585 6597 6595
f 6596 6608 6597
f 6598 6608 6596
f 6599 6598 6586
f 6600 6599 6587
f 6601 6600 6588
f 6602 6601 6589
f 6603 6602 6590
f 6593 6605 6604
f 6594 6606 6605
f 6595 6607 6606
f 6597 6609 6607
f 6608 6620 6609
f 6610 6620 6608
f 6611 6610 6598
f 6612 6611 6599
f 6613 6612 6600
f 6614 6613 6601
f 6615 6614 6602
f 6605 6617 6616
f 6606 6618 6617
f 6607 6619 6618
f 6609 6621 6619
f 6620 6632 6621
f 6622 6632 6620
f 6623 6622 6610
f 6624 6623 6611
f 6625 6624 6612
f 6626 6625 6613
f 6627 6626 6614
f 6617 6629 6628
f 6618 6630 6629
f 6619 6631 6630
f 6621 6633 6631
f 6632 6644 6633
f 6634 6644 6632
f 6635 6634 6622
f 6636 6635 6623
f 6637 6636 6624
f 6638 6637 6625
f 6639 6638 6626
f 6629 6641 6640
f 6630 6642 6641
f 6631 6643 6642
f 6633 6645 6643
f 6644 6656 6645
f 6646 6656 6644
f 6647 6646 6634
f 6648 6647 6635
f 6649 6648 6636
f 6650 6649 6637
f 6651 6650 6638
f 6641 6653 6652
f 6642 6654 6653
f 6643 6655 6654
f 6645 6657 6655
f 6656 6668 6657
f 6658 6668 6656
f 6659 6658 6646
f 6660 6659 6647
f 6661 6660 6648
f 6662 6661 6649
f 6663 6662 6650
f 6653 6665 6664
f 6654 6666 6665
f 6655 6667 6666
f 6657 6669 6667
f 6668 6680 6669
f 6670 6680 6668
f 6671 6670 6658
f 6672 6671 6659
f 6673 6672 6660
f 6674 6673 6661
f 6675 6674 6662
f 6665 6677 6676
f 6666 6678 6677
f 6667 6679 6678
f 6669 6681 6679
f 6680 6692 6681
f 6682 6692 6680
f 6683 6682 6670
f 6684 6683 6671
f 6685 6684 6672
f 6686 6685 6673
f 6687 6686 6674
f 6677 6689 6688
f 6678 6690 6689
f 6679 6691 6690
f 6681 6693 6691
f 6692 6704 6693
f 6694 6704 6692
f 6695 6694 6682
f 6696 6695 6683
f 6697 6696 6684
f 6698 6697 6685
f 6699 6698 6686
f 6689 6701 6700
f 6690 6702 6701
f 6691 6703 6702
f 6693 6705 6703
f 6704 6717 6705
f 6706 6717 6704
f 6707 6706 6694
f 6708 6707 6695
f 6709 6708 6696
f 6710 6709 6697
f 6711 6710 6698
f 6712 6724 6700
f 6713 6712 6701
f 6714 6713 6702
f 6715 6714 6703
f 6716 6715 6705
f 6718 6716 6717
f 6707 6719 6718
f 6708 6720 6719
f 6709 6721 6720
f 6710 6722 6721
f 6711 6735 6722
f 6712 6725 6723
f 6713 6726 6725
f 6714 6727 6726
f 6715 6728 6727
f 6716 6740 6728
f 6729 6740 6716
f 6730 6729 6718
f 6731 6730 6719
f 6732 6731 6720
f 6733 6732 6721
f 6734 6733 6722
f 6725 6737 6736
f 6726 6738 6737
f 6727 6739 6738
f 6728 6741 6739
f 6740 6752 6741
f 6742 6752 6740
f 6743 6742 6729
f 6744 6743 6730
f 6745 6744 6731
f 6746 6745 6732
f 6747 6746 6733
f 6737 6749 6748
f 6738 6750 6749
f 6739 6751 6750
f 6741 6753 6751
f 6752 6764 6753
f 6754 6764 6752
f 6755 6754 6742
f 6756 6755 6743
f 6757 6756 6744
f 6758 6757 6745
f 6759 6758 6746
f 6749 6761 6760
f 6750 6762 6761
f 6751 6763 6762
f 6753 6765 6763
f 6764 6776 6765
f 6766 6776 6764
f 6767 6766 6754
f 6768 6767 6755
f 6769 6768 6756
f 6770 6769 6757
f 6771 6770 6758
f 6761 6773 6772
f 6762 6774 6773
f 6763 6775 6774
f 6765 6777 6775
f 6776 6788 6777
f 6778 6788 6776
f 6779 6778 6766
f 6780 6779 6767
f 6781 6780 6768
f 6782 6781 6769
f 6783 6782 6770
f 6773 6785 6784
f 6774 6786 6785
f 6775 6787 6786
f 6777 6789 6787
f 6788 6800 6789
f 6790 6800 6788
f 6791 6790 6778
f 6792 6791 6779
f 6793 6792 6780
f 6794 6793 6781
f 6795 6794 6782
f 6785 6797 6796
f 6786 6798 6797
f 6787 6799 6798
f 6789 6801 6799
f 6800 6812 6801
f 6802 6812 6800
f 6803 6802 6790
f 6804 6803 6791
f 6805 6804 6792
f 6806 6805 6793
f 6807 6806 6794
f 6797 6809 6808
f 6798 6810 6809
f 6799 6811 6810
f 6801 6813 6811
f 6812 6824 6813
f 6814 6824 6812
f 6815 6814 6802
f 6816 6815 6803
f 6817 6816 6804
f 6818 6817 6805
f 6819 6818 6806
f 6809 6821 6820
f 6810 6822 6821
f 6811 6823 6822
f 6813 6825 6823
f 6824 6836 6825
f 6826 6836 6824
f 6827 6826 6814
f 6828 6827 6815
f 6829 6828 6816
f 6830 6829 6817
f 6831 6830 6818
f 6821 6833 6832
f 6822 6834 6833
f 6823 6835 6834
f 6825 6837 6835
f 6836 6849 6837
f 6838 6849 6836
f 6839 6838 6826
f 6840 6839 6827
f 6841 6840 6828
f 6842 6841 6829
f 6843 6842 6830
f 6844 6856 6832
f 6845 6844 6833
f 6846 6845 6834
f 6847 6846 6835
f 6848 6847 6837
f 6850 6848 6849
f 6839 6851 6850
f 6840 6852 6851
f 6841 6853 6852
f 6842 6854 6853
f 6843 6865 6854
f 6855 6868 6856
f 6857 6855 6844
f 6858 6857 6845
f 6859 6858 6846
f 6860 6859 6847
f 6861 6860 6848
f 6851 6862 6861
f 6852 6863 6862
f 6853 6864 6863
f 6854 6866 6864
f 6865 6877 6866
f 6867 6880 6868
f 6869 6867 6855
f 6870 6869 6857
f 6871 6870 6858
f 6872 6871 6859
f 6873 6872 6860
f 6862 6874 6873
f 6863 6875 6874
f 6864 6876 6875
f 6866 6878 6876
f 6877 6889 6878
f 6879 6892 6880
f 6881 6879 6867
f 6882 6881 6869
f 6883 6882 6870
f 6884 6883 6871
f 6885 6884 6872
f 6874 6886 6885
f 6875 6887 6886
f 6876 6888 6887
f 6878 6890 6888
f 6889 6901 6890
f 6891 6904 6892
f 6893 6891 6879
f 6894 6893 6881
f 6895 6894 6882
f 6896 6895 6883
f 6897 6896 6884
f 6886 6898 6897
f 6887 6899 6898
f 6888 6900 6899
f 6890 6902 6900
f 6901 6913 6902
f 6903 6916 6904
f 6905 6903 6891
f 6906 6905 6893
f 6907 6906 6894
f 6908 6907 6895
f 6909 6908 6896
f 6898 6910 6909
f 6899 6911 6910
f 6900 6912 6911
f 6902 6914 6912
f 6913 6925 6914
f 6915 6928 6916
f 6917 6915 6903
f 6918 6917 6905
f 6919 6918 6906
f 6920 6919 6907
f 6921 6920 6908
f 6910 6922 6921
f 6911 6923 6922
f 6912 6924 6923
f 6914 6926 6924
f 6925 6937 6926
f 6927 6940 6928
f 6929 6927 6915
f 6930 6929 6917
f 6931 6930 6918
f 6932 6931 6919
f 6933 6932 6920
f 6922 6934 6933
f 6923 6935 6934
f 6924 6936 6935
f 6926 6938 6936
f 6937 6949 6938
f 6939 6952 6940
f 6941 6939 6927
f 6942 6941 6929
f 6943 6942 6930
f 6944 6943 6931
f 6945 6944 6932
f 6934 6946 6945
f 6935 6947 6946
f 6936 6948 6947
f 6938 6950 6948
f 6949 6961 6950
f 6951 6964 6952
f 6953 6951 6939
f 6954 6953 6941
f 6955 6954 6942
f 6956 6955 6943
f 6957 6956 6944
f 6946 6958 6957
f 6947 6959 6958
f 6948 6960 6959
f 6950 6962 6960
f 6961 6973 6962
f 6963 6976 6964
f 6965 6963 6951
f 6966 6965 6953
f 6967 6966 6954
f 6968 6967 6955
f 6969 6968 6956
f 6958 6970 6969
f 6959 6971 6970
f 6960 6972 6971
f 6962 6974 6972
f 6973 6987 6974
f 6963 6977 6975
f 6965 6978 6977
f 6966 6979 6978
f 6967 6980 6979
f 6968 6993 6980
f 6981 6993 6968
f 6982 6981 6969
f 6983 6982 6970
f 6984 6983 6971
f 6985 6984 6972
f 6986 6985 6974
f 6988 7000 6975
f 6989 6988 6977
f 6990 6989 6978
f 6991 6990 6979
f 6992 6991 6980
f 6994 6992 6993
f 6982 6995 6994
f 6983 6996 6995
f 6984 6997 6996
f 6985 6998 6997
f 6986 7009 6998
f 6999 7012 7000
f 7001 6999 6988
f 7002 7001 6989
f 7003 7002 6990
f 7004 7003 6991
f 7005 7004 6992
f 6995 7006 7005
f 6996 7007 7006
f 6997 7008 7007
f 6998 7010 7008
f 7009 7023 7010
f 6999 7013 7011
f 7001 7014 7013
f 7002 7015 7014
f 7003 7016 7015
f 7004 7028 7016
f 7017 7028 7004
f 7018 7017 7005
f 7019 7018 7006
f 7020 7019 7007
f 7021 7020 7008
f 7022 7021 7010
f 7013 7025 7024
f 7014 7026 7025
f 7015 7027 7026
f 7016 7029 7027
f 7028 7040 7029
f 7030 7040 7028
f 7031 7030 7017
f 7032 7031 7018
f 7033 7032 7019
f 7034 7033 7020
f 7035 7034 7021
f 7025 7037 7036
f 7026 7038 7037
f 7027 7039 7038
f 7029 7041 7039
f 7040 7052 7041
f 7042 7052 7040
f 7043 7042 7030
f 7044 7043 7031
f 7045 7044 7032
f 7046 7045 7033
f 7047 7046 7034
f 7037 7049 7048
f 7038 7050 7049
f 7039 7051 7050
f 7041 7053 7051
f 7052 7064 7053
f 7054 7064 7052
f 7055 7054 7042
f 7056 7055 7043
f 7057 7056 7044
f 7058 7057 7045
f 7059 7058 7046
f 7049 7061 7060
f 7050 7062 7061
f 7051 7063 7062
f 7053 7065 7063
f 7064 7076 7065
f 7066 7076 7064
f 7067 7066 7054
f 7068 7067 7055
f 7069 7068 7056
f 7070 7069 7057
f 7071 7070 7058
f 7061 7073 7072
f 7062 7074 7073
f 7063 7075 7074
f 7065 7077 7075
f 7076 7088 7077
f 7078 7088 7076
f 7079 7078 7066
f 7080 7079 7067
f 7081 7080 7068
f 7082 7081 7069
f 7083 7082 7070
f 7073 7085 7084
f 7074 7086 7085
f 7075 7087 7086
f 7077 7089 7087
f 7088 7100 7089
f 7090 7100 7088
f 7091 7090 7078
f 7092 7091 7079
f 7093 7092 7080
f 7094 7093 7081
f 7095 7094 7082
f 7085 7097 7096
f 7086 7098 7097
f 7087 7099 7098
f 7089 7101 7099
f 7100 7112 7101
f 7102 7112 7100
f 7103 7102 7090
f 7104 7103 7091
f 7105 7104 7092
f 7106 7105 7093
f 7107 7106 7094
f 7097 7109 7108
f 7098 7110 7109
f 7099 7111 7110
f 7101 7113 7111
f 7112 7124 7113
f 7114 7124 7112
f 7115 7114 7102
f 7116 7115 7103
f 7117 7116 7104
f 7118 7117 7105
f 7119 7118 7106
f 7109 7121 7120
f 7110 7122 7121
f 7111 7123 7122
f 7113 7125 7123
f 7124 7135 7125
f 7126 7135 7124
f 7127 7126 7114
f 7128 7127 7115
f 7129 7128 7116
f 7130 7129 7117
f 7131 7130 7118
f 7132 7143 7120
f 7122 7133 7132
f 7123 7134 7133
f 7125 7136 7134
f 7135 7137 7136
f 7126 7149 7137
f 7138 7149 7126
f 7139 7138 7127
f 7140 7139 7128
f 7130 7141 7140
f 7131 7153 7141
f 7132 7155 7142
f 7144 7155 7132
f 7145 7144 7133
f 7146 7145 7134
f 7147 7146 7136
f 7148 7147 7137
f 7138 7150 7148
f 7139 7151 7150
f 7140 7152 7151
f 7141 7154 7152
f 7153 7167 7154
f 7155 7157 7156
f 7144 7158 7157
f 7145 7159 7158
f 7146 7160 7159
f 7147 7173 7160
f 7161 7173 7147
f 7162 7161 7148
f 7163 7162 7150
f 7164 7163 7151
f 7165 7164 7152
f 7166 7165 7154
f 7168 7180 7156
f 7169 7168 7157
f 7170 7169 7158
f 7171 7170 7159
f 7172 7171 7160
f 7174 7172 7173
f 7162 7175 7174
f 7163 7176 7175
f 7164 7177 7176
f 7165 7178 7177
f 7166 7189 7178
f 7179 7192 7180
f 7181 7179 7168
f 7182 7181 7169
f 7183 7182 7170
f 7184 7183 7171
f 7185 7184 7172
f 7175 7186 7185
f 7176 7187 7186
f 7177 7188 7187
f 7178 7190 7188
f 7189 7201 7190
f 7191 7204 7192
f 7193 7191 7179
f 7194 7193 7181
f 7195 7194 7182
f 7196 7195 7183
f 7185 7197 7196
f 7186 7198 7197
f 7187 7199 7198
f 7188 7200 7199
f 7190 7202 7200
f 7201 7213 7202
f 7203 7216 7204
f 7205 7203 7191
f 7206 7205 7193
f 7207 7206 7194
f 7208 7207 7195
f 7209 7208 7196
f 7198 7210 7209
f 7199 7211 7210
f 7200 7212 7211
f 7202 7214 7212
f 7213 7225 7214
f 7215 7228 7216
f 7217 7215 7203
f 7218 7217 7205
f 7219 7218 7206
f 7220 7219 7207
f 7221 7220 7208
f 7210 7222 7221
f 7211 7223 7222
f 7212 7224 7223
f 7214 7226 7224
f 7225 7237 7226
f 7227 7240 7228
f 7229 7227 7215
f 7230 7229 7217
f 7231 7230 7218
f 7232 7231 7219
f 7233 7232 7220
f 7222 7234 7233
f 7223 7235 7234
f 7224 7236 7235
f 7226 7238 7236
f 7237 7249 7238
f 7239 7252 7240
f 7241 7239 7227
f 7242 7241 7229
f 7243 7242 7230
f 7244 7243 7231
f 7245 7244 7232
f 7234 7246 7245
f 7235 7247 7246
f 7236 7248 7247
f 7238 7250 7248
f 7249 7261 7250
f 7251 7264 7252
f 7253 7251 7239
f 7254 7253 7241
f 7255 7254 7242
f 7256 7255 7243
f 7257 7256 7244
f 7246 7258 7257
f 7247 7259 7258
f 7248 7260 7259
f 7250 7262 7260
f 7261 7273 7262
f 7263 7275 7264
f 7265 7263 7251
f 7266 7265 7253
f 7267 7266 7254
f 7268 7267 7255
f 7269 7268 7256
f 7258 7270 7269
f 7259 7271 7270
f 7260 7272 7271
f 7262 7274 7272
f 7273 7276 7274
f 4819 4818 7275
f 4821 4819 7263
f 4823 4821 7265
f 4825 4823 7266
f 4827 4825 7267
f 4829 4827 7268
f 7270 4830 4829
f 7271 4831 4830
f 7272 4833 4831
f 7274 4835 4833
f 7276 4837 4835
f 7277 7300 7278
f 7280 7277 7279
f 7282 7280 7281
f 7284 7282 7283
f 7286 7284 7285
f 7288 7286 7287
f 7290 7292 7288
f 7291 7294 7292
f 7293 7296 7294
f 7295 7298 7296
f 7297 7309 7298
f 7299 7312 7300
f 7301 7299 7277
f 7302 7301 7280
f 7303 7302 7282
f 7304 7303 7284
f 7305 7304 7286
f 7292 7306 7305
f 7294 7307 7306
f 7296 7308 7307
f 7298 7310 7308
f 7309 7321 7310
f 7311 7324 7312
f 7313 7311 7299
f 7314 7313 7301
f 7315 7314 7302
f 7316 7315 7303
f 7317 7316 7304
f 7306 7318 7317
f 7307 7319 7318
f 7308 7320 7319
f 7310 7322 7320
f 7321 7333 7322
f 7323 7336 7324
f 7325 7323 7311
f 7326 7325 7313
f 7327 7326 7314
f 7328 7327 7315
f 7329 7328 7316
f 7318 7330 7329
f 7319 7331 7330
f 7320 7332 7331
f 7322 7334 7332
f 7333 7345 7334
f 7335 7348 7336
f 7337 7335 7323
f 7338 7337 7325
f 7339 7338 7326
f 7340 7339 7327
f 7341 7340 7328
f 7330 7342 7341
f 7331 7343 7342
f 7332 7344 7343
f 7334 7346 7344
f 7345 7357 7346
f 7347 7360 7348
f 7349 7347 7335
f 7350 7349 7337
f 7351 7350 7338
f 7352 7351 7339
f 7353 7352 7340
f 7342 7354 7353
f 7343 7355 7354
f 7344 7356 7355
f 7346 7358 7356
f 7357 7369 7358
f 7359 7372 7360
f 7361 7359 7347
f 7362 7361 7349
f 7363 7362 7350
f 7364 7363 7351
f 7365 7364 7352
f 7354 7366 7365
f 7355 7367 7366
f 7356 7368 7367
f 7358 7370 7368
f 7369 7381 7370
f 7371 7384 7372
f 7373 7371 7359
f 7374 7373 7361
f 7375 7374 7362
f 7376 7375 7363
f 7377 7376 7364
f 7366 7378 7377
f 7367 7379 7378
f 7368 7380 7379
f 7370 7382 7380
f 7381 7393 7382
f 7383 7396 7384
f 7385 7383 7371
f 7386 7385 7373
f 7387 7386 7374
f 7388 7387 7375
f 7389 7388 7376
f 7378 7390 7389
f 7379 7391 7390
f 7380 7392 7391
f 7382 7394 7392
f 7393 7405 7394
f 7395 7408 7396
f 7397 7395 7383
f 7398 7397 7385
f 7399 7398 7386
f 7400 7399 7387
f 7401 7400 7388
f 7390 7402 7401
f 7391 7403 7402
f 7392 7404 7403
f 7394 7406 7404
f 7405 7418 7406
f 7395 7409 7407
f 7397 7410 7409
f 7398 7411 7410
f 7399 7423 7411
f 7412 7423 7399
f 7413 7412 7400
f 7402 7426 7413
f 7414 7426 7402
f 7415 7414 7403
f 7416 7415 7404
f 7417 7416 7406
f 7419 7432 7407
f 7420 7419 7409
f 7421 7420 7410
f 7422 7421 7411
f 7424 7422 7423
f 7425 7424 7412
f 7426 7427 7425
f 7414 7428 7427
f 7415 7429 7428
f 7416 7430 7429
f 7417 7441 7430
f 7431 7444 7432
f 7433 7431 7419
f 7434 7433 7420
f 7435 7434 7421
f 7436 7435 7422
f 7437 7436 7424
f 7427 7438 7437
f 7428 7439 7438
f 7429 7440 7439
f 7430 7442 7440
f 7441 7453 7442
f 7443 7456 7444
f 7445 7443 7431
f 7446 7445 7433
f 7447 7446 7434
f 7448 7447 7435
f 7449 7448 7436
f 7438 7450 7449
f 7439 7451 7450
f 7440 7452 7451
f 7442 7454 7452
f 7453 7465 7454
f 7455 7468 7456
f 7457 7455 7443
f 7458 7457 7445
f 7459 7458 7446
f 7460 7459 7447
f 7461 7460 7448
f 7450 7462 7461
f 7451 7463 7462
f 7452 7464 7463
f 7454 7466 7464
f 7465 7477 7466
f 7467 7480 7468
f 7469 7467 7455
f 7470 7469 7457
f 7471 7470 7458
f 7472 7471 7459
f 7473 7472 7460
f 7462 7474 7473
f 7463 7475 7474
f 7464 7476 7475
f 7466 7478 7476
f 7477 7491 7478
f 7467 7481 7479
f 7469 7482 7481
f 7470 7483 7482
f 7471 7484 7483
f 7472 7496 7484
f 7485 7496 7472
f 7486 7485 7473
f 7487 7486 7474
f 7488 7487 7475
f 7489 7488 7476
f 7490 7489 7478
f 7481 7493 7492
f 7482 7494 7493
f 7483 7495 7494
f 7484 7497 7495
f 7496 7508 7497
f 7498 7508 7496
f 7499 7498 7485
f 7500 7499 7486
f 7501 7500 7487
f 7502 7501 7488
f 7503 7502 7489
f 7493 7505 7504
f 7494 7506 7505
f 7495 7507 7506
f 7497 7509 7507
f 7508 7520 7509
f 7510 7520 7508
f 7511 7510 7498
f 7512 7511 7499
f 7513 7512 7500
f 7514 7513 7501
f 7515 7514 7502
f 7505 7517 7516
f 7506 7518 7517
f 7507 7519 7518
f 7509 7521 7519
f 7520 7532 7521
f 7522 7532 7520
f 7523 7522 7510
f 7524 7523 7511
f 7525 7524 7512
f 7526 7525 7513
f 7527 7526 7514
f 7517 7529 7528
f 7518 7530 7529
f 7519 7531 7530
f 7521 7533 7531
f 7532 7544 7533
f 7534 7544 7532
f 7535 7534 7522
f 7536 7535 7523
f 7537 7536 7524
f 7538 7537 7525
f 7539 7538 7526
f 7529 7541 7540
f 7530 7542 7541
f 7531 7543 7542
f 7533 7545 7543
f 7544 7556 7545
f 7546 7556 7544
f 7547 7546 7534
f 7548 7547 7535
f 7549 7548 7536
f 7550 7549 7537
f 7551 7550 7538
f 7541 7553 7552
f 7542 7554 7553
f 7543 7555 7554
f 7545 7557 7555
f 7556 7568 7557
f 7558 7568 7556
f 7559 7558 7546
f 7560 7559 7547
f 7561 7560 7548
f 7562 7561 7549
f 7563 7562 7550
f 7553 7565 7564
f 7554 7566 7565
f 7555 7567 7566
f 7557 7569 7567
f 7568 7581 7569
f 7570 7581 7568
f 7571 7570 7558
f 7572 7571 7559
f 7573 7572 7560
f 7574 7573 7561
f 7575 7574 7562
f 7576 7588 7564
f 7577 7576 7565
f 7578 7577 7566
f 7579 7578 7567
f 7580 7579 7569
f 7582 7580 7581
f 7571 7583 7582
f 7572 7584 7583
f 7573 7585 7584
f 7574 7586 7585
f 7575 7597 7586
f 7587 7600 7588
f 7589 7587 7576
f 7590 7589 7577
f 7591 7590 7578
f 7592 7591 7579
f 7593 7592 7580
f 7583 7594 7593
f 7584 7595 7594
f 7585 7596 7595
f 7586 7598 7596
f 7597 7609 7598
f 7599 7612 7600
f 7601 7599 7587
f 7602 7601 7589
f 7603 7602 7590
f 7604 7603 7591
f 7605 7604 7592
f 7594 7606 7605
f 7595 7607 7606
f 7596 7608 7607
f 7598 7610 7608
f 7609 7621 7610
f 7611 7624 7612
f 7613 7611 7599
f 7614 7613 7601
f 7615 7614 7602
f 7616 7615 7603
f 7605 7617 7616
f 7606 7618 7617
f 7607 7619 7618
f 7608 7620 7619
f 7610 7622 7620
f 7621 7633 7622
f 7623 7636 7624
f 7625 7623 7611
f 7626 7625 7613
f 7627 7626 7614
f 7628 7627 7615
f 7629 7628 7616
f 7618 7630 7629
f 7619 7631 7630
f 7620 7632 7631
f 7622 7634 7632
f 7633 7645 7634
f 7635 7648 7636
f 7637 7635 7623
f 7638 7637 7625
f 7639 7638 7626
f 7640 7639 7627
f 7641 7640 7628
f 7630 7642 7641
f 7631 7643 7642
f 7632 7644 7643
f 7634 7646 7644
f 7645 7657 7646
f 7647 7660 7648
f 7649 7647 7635
f 7650 7649 7637
f 7651 7650 7638
f 7652 7651 7639
f 7653 7652 7640
f 7642 7654 7653
f 7643 7655 7654
f 7644 7656 7655
f 7646 7658 7656
f 7657 7669 7658
f 7659 7672 7660
f 7661 7659 7647
f 7662 7661 7649
f 7663 7662 7650
f 7664 7663 7651
f 7665 7664 7652
f 7654 7666 7665
f 7655 7667 7666
f 7656 7668 7667
f 7658 7670 7668
f 7669 7683 7670
f 7659 7673 7671
f 7661 7674 7673
f 7662 7675 7674
f 7663 7676 7675
f 7664 7688 7676
f 7677 7688 7664
f 7678 7677 7665
f 7679 7678 7666
f 7680 7679 7667
f 7681 7680 7668
f 7682 7681 7670
f 7673 7685 7684
f 7674 7686 7685
f 7675 7687 7686
f 7676 7689 7687
f 7688 7700 7689
f 7690 7700 7688
f 7691 7690 7677
f 7692 7691 7678
f 7693 7692 7679
f 7694 7693 7680
f 7695 7694 7681
f 7685 7697 7696
f 7686 7698 7697
f 7687 7699 7698
f 7689 7701 7699
f 7700 7712 7701
f 7702 7712 7700
f 7703 7702 7690
f 7704 7703 7691
f 7705 7704 7692
f 7706 7705 7693
f 7707 7706 7694
f 7697 7709 7708
f 7698 7710 7709
f 7699 7711 7710
f 7701 7713 7711
f 7712 7714 7713
f 7702 7726 7714
f 7715 7726 7702
f 7716 7715 7703
f 7717 7716 7704
f 7718 7717 7705
f 7719 7718 7706
f 7709 7721 7720
f 7710 7722 7721
f 7711 7723 7722
f 7713 7724 7723
f 7714 7736 7724
f 7725 7736 7714
f 7727 7725 7726
f 7728 7727 7715
f 7729 7728 7716
f 7730 7729 7717
f 7731 7730 7718
f 7721 7733 7732
f 7722 7734 7733
f 7723 7735 7734
f 7724 7737 7735
f 7736 7748 7737
f 7738 7748 7736
f 7739 7738 7725
f 7740 7739 7727
f 7741 7740 7728
f 7742 7741 7729
f 7743 7742 7730
f 7733 7745 7744
f 7734 7746 7745
f 7735 7747 7746
f 7737 7749 7747
f 7748 7760 7749
f 7750 7760 7748
f 7751 7750 7738
f 7752 7751 7739
f 7753 7752 7740
f 7754 7753 7741
f 7755 7754 7742
f 7745 7757 7756
f 7746 7758 7757
f 7747 7759 7758
f 7749 7761 7759
f 7760 7772 7761
f 7762 7772 7760
f 7763 7762 7750
f 7764 7763 7751
f 7765 7764 7752
f 7766 7765 7753
f 7767 7766 7754
f 7757 7769 7768
f 7758 7770 7769
f 7759 7771 7770
f 7761 7773 7771
f 7772 7784 7773
f 7774 7784 7772
f 7775 7774 7762
f 7776 7775 7763
f 7777 7776 7764
f 7778 7777 7765
f 7779 7778 7766
f 7769 7781 7780
f 7770 7782 7781
f 7771 7783 7782
f 7773 7785 7783
f 7784 7796 7785
f 7786 7796 7784
f 7787 7786 7774
f 7788 7787 7775
f 7789 7788 7776
f 7790 7789 7777
f 7791 7790 7778
f 7781 7793 7792
f 7782 7794 7793
f 7783 7795 7794
f 7785 7797 7795
f 7796 7808 7797
f 7798 7808 7796
f 7799 7798 7786
f 7800 7799 7787
f 7801 7800 7788
f 7802 7801 7789
f 7803 7802 7790
f 7793 7805 7804
f 7794 7806 7805
f 7795 7807 7806
f 7797 7809 7807
f 7808 7820 7809
f 7810 7820 7808
f 7811 7810 7798
f 7812 7811 7799
f 7813 7812 7800
f 7814 7813 7801
f 7815 7814 7802
f 7805 7817 7816
f 7806 7818 7817
f 7807 7819 7818
f 7809 7821 7819
f 7820 7832 7821
f 7822 7832 7820
f 7823 7822 7810
f 7824 7823 7811
f 7825 7824 7812
f 7826 7825 7813
f 7827 7826 7814
f 7817 7829 7828
f 7818 7830 7829
f 7819 7831 7830
f 7821 7833 7831
f 7832 7844 7833
f 7834 7844 7832
f 7835 7834 7822
f 7836 7835 7823
f 7837 7836 7824
f 7838 7837 7825
f 7839 7838 7826
f 7829 7841 7840
f 7830 7842 7841
f 7831 7843 7842
f 7833 7845 7843
f 7844 7856 7845
f 7846 7856 7844
f 7847 7846 7834
f 7848 7847 7835
f 7849 7848 7836
f 7850 7849 7837
f 7851 7850 7838
f 7841 7853 7852
f 7842 7854 7853
f 7843 7855 7854
f 7845 7857 7855
f 7856 7869 7857
f 7858 7869 7856
f 7859 7858 7846
f 7860 7859 7847
f 7861 7860 7848
f 7862 7861 7849
f 7863 7862 7850
f 7864 7876 7852
f 7865 7864 7853
f 7866 7865 7854
f 7867 7866 7855
f 7868 7867 7857
f 7870 7868 7869
f 7859 7871 7870
f 7860 7872 7871
f 7861 7873 7872
f 7862 7874 7873
f 7863 7885 7874
f 7875 7888 7876
f 7877 7875 7864
f 7878 7877 7865
f 7879 7878 7866
f 7880 7879 7867
f 7881 7880 7868
f 7871 7882 7881
f 7872 7883 7882
f 7873 7884 7883
f 7874 7886 7884
f 7885 7897 7886
f 7887 7900 7888
f 7889 7887 7875
f 7890 7889 7877
f 7891 7890 7878
f 7892 7891 7879
f 7893 7892 7880
f 7882 7894 7893
f 7883 7895 7894
f 7884 7896 7895
f 7886 7898 7896
f 7897 7909 7898
f 7899 7912 7900
f 7901 7899 7887
f 7902 7901 7889
f 7903 7902 7890
f 7904 7903 7891
f 7905 7904 7892
f 7894 7906 7905
f 7895 7907 7906
f 7896 7908 7907
f 7898 7910 7908
f 7909 7921 7910
f 7911 7924 7912
f 7913 7911 7899
f 7914 7913 7901
f 7915 7914 7902
f 7916 7915 7903
f 7917 7916 7904
f 7906 7918 7917
f 7907 7919 7918
f 7908 7920 7919
f 7910 7922 7920
f 7921 7933 7922
f 7923 7936 7924
f 7925 7923 7911
f 7926 7925 7913
f 7927 7926 7914
f 7928 7927 7915
f 7929 7928 7916
f 7918 7930 7929
f 7919 7931 7930
f 7920 7932 7931
f 7922 7934 7932
f 7933 7945 7934
f 7935 7948 7936
f 7937 7935 7923
f 7938 7937 7925
f 7939 7938 7926
f 7940 7939 7927
f 7941 7940 7928
f 7930 7942 7941
f 7931 7943 7942
f 7932 7944 7943
f 7934 7946 7944
f 7945 7957 7946
f 7947 7960 7948
f 7949 7947 7935
f 7950 7949 7937
f 7951 7950 7938
f 7952 7951 7939
f 7953 7952 7940
f 7942 7954 7953
f 7943 7955 7954
f 7944 7956 7955
f 7946 7958 7956
f 7957 7969 7958
f 7959 7972 7960
f 7961 7959 7947
f 7962 7961 7949
f 7963 7962 7950
f 7964 7963 7951
f 7965 7964 7952
f 7954 7966 7965
f 7955 7967 7966
f 7956 7968 7967
f 7958 7970 7968
f 7969 7981 7970
f 7971 7984 7972
f 7973 7971 7959
f 7974 7973 7961
f 7975 7974 7962
f 7976 7975 7963
f 7977 7976 7964
f 7966 7978 7977
f 7967 7979 7978
f 7968 7980 7979
f 7970 7982 7980
f 7981 7995 7982
f 7971 7985 7983
f 7973 7986 7985
f 7974 7987 7986
f 7975 7988 7987
f 7976 8000 7988
f 7989 8000 7976
f 7990 7989 7977
f 7991 7990 7978
f 7992 7991 7979
f 7993 7992 7980
f 7994 7993 7982
f 7985 7997 7996
f 7986 7998 7997
f 7987 7999 7998
f 7988 8001 7999
f 8000 8013 8001
f 8002 8013 8000
f 8003 8002 7989
f 8004 8003 7990
f 8005 8004 7991
f 8006 8005 7992
f 8007 8006 7993
f 8008 8020 7996
f 8009 8008 7997
f 8010 8009 7998
f 8011 8010 7999
f 8012 8011 8001
f 8014 8012 8013
f 8003 8015 8014
f 8004 8016 8015
f 8005 8017 8016
f 8006 8018 8017
f 8007 8029 8018
f 8019 8032 8020
f 8021 8019 8008
f 8022 8021 8009
f 8023 8022 8010
f 8024 8023 8011
f 8025 8024 8012
f 8015 8026 8025
f 8016 8027 8026
f 8017 8028 8027
f 8018 8030 8028
f 8029 8041 8030
f 8031 8044 8032
f 8033 8031 8019
f 8034 8033 8021
f 8035 8034 8022
f 8036 8035 8023
f 8037 8036 8024
f 8026 8038 8037
f 8027 8039 8038
f 8028 8040 8039
f 8030 8042 8040
f 8041 8053 8042
f 8043 8056 8044
f 8045 8043 8031
f 8046 8045 8033
f 8047 8046 8034
f 8048 8047 8035
f 8049 8048 8036
f 8038 8050 8049
f 8039 8051 8050
f 8040 8052 8051
f 8042 8054 8052
f 8053 8065 8054
f 8055 8068 8056
f 8057 8055 8043
f 8058 8057 8045
f 8059 8058 8046
f 8060 8059 8047
f 8061 8060 8048
f 8050 8062 8061
f 8051 8063 8062
f 8052 8064 8063
f 8054 8066 8064
f 8065 8077 8066
f 8067 8080 8068
f 8069 8067 8055
f 8070 8069 8057
f 8071 8070 8058
f 8072 8071 8059
f 8073 8072 8060
f 8062 8074 8073
f 8063 8075 8074
f 8064 8076 8075
f 8066 8078 8076
f 8077 8091 8078
f 8067 8081 8079
f 8069 8082 8081
f 8070 8083 8082
f 8071 8084 8083
f 8072 8096 8084
f 8085 8096 8072
f 8086 8085 8073
f 8087 8086 8074
f 8088 8087 8075
f 8089 8088 8076
f 8090 8089 8078
f 8081 8093 8092
f 8082 8094 8093
f 8083 8095 8094
f 8084 8097 8095
f 8096 8108 8097
f 8098 8108 8096
f 8099 8098 8085
f 8100 8099 8086
f 8101 8100 8087
f 8102 8101 8088
f 8103 8102 8089
f 8093 8105 8104
f 8094 8106 8105
f 8095 8107 8106
f 8097 8109 8107
f 8108 8120 8109
f 8110 8120 8108
f 8111 8110 8098
f 8112 8111 8099
f 8113 8112 8100
f 8114 8113 8101
f 8115 8114 8102
f 8105 8117 8116
f 8106 8118 8117
f 8107 8119 8118
f 8109 8121 8119
f 8120 8132 8121
f 8122 8132 8120
f 8123 8122 8110
f 8124 8123 8111
f 8125 8124 8112
f 8126 8125 8113
f 8127 8126 8114
f 8117 8129 8128
f 8118 8130 8129
f 8119 8131 8130
f 8121 8133 8131
f 8132 8144 8133
f 8134 8144 8132
f 8135 8134 8122
f 8136 8135 8123
f 8137 8136 8124
f 8138 8137 8125
f 8139 8138 8126
f 8129 8141 8140
f 8130 8142 8141
f 8131 8143 8142
f 8133 8145 8143
f 8144 8157 8145
f 8146 8157 8144
f 8147 8146 8134
f 8148 8147 8135
f 8149 8148 8136
f 8150 8149 8137
f 8151 8150 8138
f 8152 8164 8140
f 8153 8152 8141
f 8154 8153 8142
f 8155 8154 8143
f 8156 8155 8145
f 8158 8156 8157
f 8147 8159 8158
f 8148 8160 8159
f 8149 8161 8160
f 8150 8162 8161
f 8151 8173 8162
f 8163 8176 8164
f 8165 8163 8152
f 8166 8165 8153
f 8167 8166 8154
f 8168 8167 8155
f 8169 8168 8156
f 8159 8170 8169
f 8160 8171 8170
f 8161 8172 8171
f 8162 8174 8172
f 8173 8185 8174
f 8175 8188 8176
f 8177 8175 8163
f 8178 8177 8165
f 8179 8178 8166
f 8180 8179 8167
f 8181 8180 8168
f 8170 8182 8181
f 8171 8183 8182
f 8172 8184 8183
f 8174 8186 8184
f 8185 8197 8186
f 8187 8200 8188
f 8189 8187 8175
f 8190 8189 8177
f 8191 8190 8178
f 8192 8191 8179
f 8193 8192 8180
f 8182 8194 8193
f 8183 8195 8194
f 8184 8196 8195
f 8186 8198 8196
f 8197 8209 8198
f 8199 8212 8200
f 8201 8199 8187
f 8202 8201 8189
f 8203 8202 8190
f 8204 8203 8191
f 8205 8204 8192
f 8194 8206 8205
f 8195 8207 8206
f 8196 8208 8207
f 8198 8210 8208
f 8209 8221 8210
f 8211 8224 8212
f 8213 8211 8199
f 8214 8213 8201
f 8215 8214 8202
f 8216 8215 8203
f 8217 8216 8204
f 8206 8218 8217
f 8207 8219 8218
f 8208 8220 8219
f 8210 8222 8220
f 8221 8233 8222
f 8223 8236 8224
f 8225 8223 8211
f 8226 8225 8213
f 8227 8226 8214
f 8228 8227 8215
f 8229 8228 8216
f 8218 8230 8229
f 8219 8231 8230
f 8220 8232 8231
f 8222 8234 8232
f 8233 8247 8234
f 8223 8237 8235
f 8225 8238 8237
f 8226 8239 8238
f 8227 8240 8239
f 8228 8252 8240
f 8241 8252 8228
f 8242 8241 8229
f 8243 8242 8230
f 8244 8243 8231
f 8245 8244 8232
f 8246 8245 8234
f 8237 8249 8248
f 8238 8250 8249
f 8239 8251 8250
f 8240 8253 8251
f 8252 8264 8253
f 8254 8264 8252
f 8255 8254 8241
f 8256 8255 8242
f 8257 8256 8243
f 8258 8257 8244
f 8259 8258 8245
f 8249 8261 8260
f 8250 8262 8261
f 8251 8263 8262
f 8253 8265 8263
f 8264 8276 8265
f 8266 8276 8264
f 8267 8266 8254
f 8268 8267 8255
f 8269 8268 8256
f 8270 8269 8257
f 8271 8270 8258
f 8261 8273 8272
f 8262 8274 8273
f 8263 8275 8274
f 8265 8277 8275
f 8276 8289 8277
f 8278 8289 8276
f 8279 8278 8266
f 8280 8279 8267
f 8281 8280 8268
f 8282 8281 8269
f 8283 8282 8270
f 8284 8296 8272
f 8285 8284 8273
f 8286 8285 8274
f 8287 8286 8275
f 8288 8287 8277
f 8290 8288 8289
f 8279 8291 8290
f 8280 8292 8291
f 8281 8293 8292
f 8282 8294 8293
f 8283 8305 8294
f 8295 8308 8296
f 8297 8295 8284
f 8298 8297 8285
f 8299 8298 8286
f 8300 8299 8287
f 8301 8300 8288
f 8291 8302 8301
f 8292 8303 8302
f 8293 8304 8303
f 8294 8306 8304
f 8305 8319 8306
f 8295 8309 8307
f 8297 8310 8309
f 8298 8311 8310
f 8299 8312 8311
f 8300 8324 8312
f 8313 8324 8300
f 8314 8313 8301
f 8315 8314 8302
f 8316 8315 8303
f 8317 8316 8304
f 8318 8317 8306
f 8309 8321 8320
f 8310 8322 8321
f 8311 8323 8322
f 8312 8325 8323
f 8324 8336 8325
f 8326 8336 8324
f 8327 8326 8313
f 8328 8327 8314
f 8329 8328 8315
f 8330 8329 8316
f 8331 8330 8317
f 8321 8333 8332
f 8322 8334 8333
f 8323 8335 8334
f 8325 8337 8335
f 8336 8348 8337
f 8338 8348 8336
f 8339 8338 8326
f 8340 8339 8327
f 8341 8340 8328
f 8342 8341 8329
f 8343 8342 8330
f 8333 8345 8344
f 8334 8346 8345
f 8335 8347 8346
f 8337 8349 8347
f 8348 8360 8349
f 8350 8360 8348
f 8351 8350 8338
f 8352 8351 8339
f 8353 8352 8340
f 8354 8353 8341
f 8355 8354 8342
f 8345 8357 8356
f 8346 8358 8357
f 8347 8359 8358
f 8349 8361 8359
f 8360 8372 8361
f 8362 8372 8360
f 8363 8362 8350
f 8364 8363 8351
f 8365 8364 8352
f 8366 8365 8353
f 8367 8366 8354
f 8357 8369 8368
f 8358 8370 8369
f 8359 8371 8370
f 8361 8373 8371
f 8372 8384 8373
f 8374 8384 8372
f 8375 8374 8362
f 8376 8375 8363
f 8377 8376 8364
f 8378 8377 8365
f 8379 8378 8366
f 8369 8381 8380
f 8370 8382 8381
f 8371 8383 8382
f 8373 8385 8383
f 8384 8396 8385
f 8386 8396 8384
f 8387 8386 8374
f 8388 8387 8375
f 8389 8388 8376
f 8390 8389 8377
f 8391 8390 8378
f 8381 8393 8392
f 8382 8394 8393
f 8383 8395 8394
f 8385 8397 8395
f 8396 8408 8397
f 8398 8408 8396
f 8399 8398 8386
f 8400 8399 8387
f 8401 8400 8388
f 8402 8401 8389
f 8403 8402 8390
f 8393 8405 8404
f 8394 8406 8405
f 8395 8407 8406
f 8397 8409 8407
f 8408 8420 8409
f 8410 8420 8408
f 8411 8410 8398
f 8412 8411 8399
f 8413 8412 8400
f 8414 8413 8401
f 8415 8414 8402
f 8405 8417 8416
f 8406 8418 8417
f 8407 8419 8418
f 8409 8421 8419
f 8420 8428 8421
f 8422 8428 8420
f 8423 8422 8410
f 8424 8423 8411
f 8425 8424 8412
f 8426 8425 8413
f 8427 8426 8414
f 8417 7279 7278
f 8418 7281 7279
f 8419 7283 7281
f 8421 7285 7283
f 8428 7287 7285
f 7289 7287 8428
f 7290 7289 8422
f 7291 7290 8423
f 7293 7291 8424
f 7295 7293 8425
f 7297 7295 8426
f 8429 8430 8431
f 8429 8432 8430
f 8433 8432 8429
f 8433 8434 8432
f 8433 8435 8434
f 8436 8435 8433
f 8436 8437 8435
f 8436 8438 8437
f 8439 8438 8436
f 8439 8440 8438
f 8439 8441 8440
f 8442 8441 8439
f 8442 8443 8441
f 8442 8444 8443
f 8445 8444 8442
f 8445 8446 8444
f 8445 8447 8446
f 8448 8447 8445
f 8448 8449 8447
f 8448 8450 8449
f 8451 8450 8448
f 8451 8452 8450
f 8451 8453 8452
f 8454 8453 8451
f 8454 8455 8453
f 8454 8456 8455
f 8457 8456 8454
f 8457 8458 8456
f 8459 8458 8457
f 8459 8460 8458
f 8459 8461 8460
f 8462 8461 8459
f 8462 8463 8461
f 8462 8464 8463
f 8465 8464 8462
f 8465 8466 8464
f 8465 8467 8466
f 8467 8468 8466
f 8468 8469 8466
f 8469 8470 8466
f 8470 8471 8466
f 8471 8472 8466
f 8473 8474 8465
f 8474 8467 8465
f 8475 8476 8473
f 8476 8474 8473
f 8477 8476 8475
f 8478 8479 8477
f 8479 8476 8477
f 8480 8481 8478
f 8481 8479 8478
f 8482 8483 8480
f 8483 8481 8480
f 8484 8485 8482
f 8485 8483 8482
f 8486 8487 8484
f 8487 8485 8484
f 8486 8488 8487
f 8486 8489 8488
f 8490 8489 8486
f 8490 8491 8489
f 8490 8492 8491
f 8490 8493 8492
f 8490 8494 8493
f 8490 8495 8494
f 8496 8495 8490
f 8496 8497 8495
f 8496 8498 8497
f 8499 8498 8496
f 8499 8500 8498
f 8499 8501 8500
f 8502 8501 8499
f 8502 8503 8501
f 8502 8504 8503
f 8505 8504 8502
f 8505 8506 8504
f 8507 8506 8505
f 8507 8508 8506
f 8507 8509 8508
f 8510 8509 8507
f 8510 8511 8509
f 8512 8511 8510
f 8512 8513 8511
f 8512 8514 8513
f 8515 8514 8512
f 8515 8516 8514
f 8517 8516 8515
f 8518 8519 8520
f 8518 8521 8519
f 8522 8521 8518
f 8522 8523 8521
f 8517 8524 8516
f 8522 8525 8523
f 8526 8525 8522
f 8526 8527 8525
f 8528 8527 8526
f 8528 8529 8527
f 8528 8530 8529
f 8531 8530 8528
f 8531 8532 8530
f 8533 8524 8517
f 8534 8532 8531
f 8534 8535 8532
f 8534 8536 8535
f 8533 8537 8524
f 8538 8536 8534
f 8538 8539 8536
f 8540 8539 8538
f 8540 8541 8539
f 8540 8542 8541
f 8543 8542 8540
f 8544 8537 8533
f 8544 8545 8537
f 8543 8546 8542
f 8547 8546 8543
f 8547 8548 8546
f 8547 8549 8548
f 8550 8549 8547
f 8544 8551 8545
f 8552 8551 8544
f 8550 8553 8549
f 8551 8553 8550
f 8551 8554 8553
f 8551 8555 8554
f 8552 8555 8551
f 8556 8555 8552
f 8556 8557 8555
f 8556 8558 8557
f 8556 8559 8558
f 8560 8559 8556
f 8560 8561 8559
f 8560 8562 8561
f 8560 8563 8562
f 8564 8563 8560
f 8564 8565 8563
f 8565 8566 8563
f 8566 8567 8563
f 8566 8568 8567
f 8568 8569 8567
f 8570 8569 8568
f 8564 8571 8565
f 8572 8569 8570
f 8564 8573 8571
f 8574 8569 8572
f 8564 8575 8573
f 8576 8569 8574
f 8564 8577 8575
f 8578 8569 8576
f 8564 8579 8577
f 8580 8569 8578
f 8564 8581 8579
f 8580 8582 8569
f 8583 8582 8580
f 8564 8584 8581
f 8585 8584 8564
f 8586 8582 8583
f 8585 8587 8584
f 8588 8582 8586
f 8585 8589 8587
f 8588 8590 8582
f 8591 8590 8588
f 8585 8592 8589
f 8593 8590 8591
f 8585 8594 8592
f 8593 8595 8590
f 8596 8595 8593
f 8585 8597 8594
f 8598 8595 8596
f 8585 8599 8597
f 8598 8600 8595
f 8601 8599 8585
f 8602 8600 8598
f 8601 8603 8599
f 8604 8600 8602
f 8601 8605 8603
f 8604 8606 8600
f 8607 8606 8604
f 8601 8608 8605
f 8607 8609 8606
f 8610 8609 8607
f 8601 8611 8608
f 8612 8611 8601
f 8613 8609 8610
f 8612 8614 8611
f 8613 8615 8609
f 8616 8615 8613
f 8612 8617 8614
f 8618 8615 8616
f 8618 8619 8615
f 8612 8620 8617
f 8621 8619 8618
f 8612 8622 8620
f 8623 8622 8612
f 8621 8624 8619
f 8625 8624 8621
f 8623 8626 8622
f 8625 8627 8624
f 8628 8627 8625
f 8623 8629 8626
f 8623 8630 8629
f 8631 8627 8628
f 8631 8632 8627
f 8633 8630 8623
f 8633 8634 8630
f 8635 8632 8631
f 8633 8636 8634
f 8635 8637 8632
f 8638 8637 8635
f 8633 8639 8636
f 8640 8637 8638
f 8641 8639 8633
f 8640 8642 8637
f 8641 8643 8639
f 8644 8642 8640
f 8641 8645 8643
f 8646 8642 8644
f 8646 8647 8642
f 8641 8648 8645
f 8649 8647 8646
f 8650 8648 8641
f 8649 8651 8647
f 8650 8652 8648
f 8653 8651 8649
f 8650 8654 8652
f 8655 8651 8653
f 8655 8656 8651
f 8650 8657 8654
f 8658 8656 8655
f 8650 8659 8657
f 8660 8656 8658
f 8661 8659 8650
f 8660 8662 8656
f 8661 8663 8659
f 8664 8662 8660
f 8661 8665 8663
f 8666 8662 8664
f 8666 8667 8662
f 8661 8668 8665
f 8669 8667 8666
f 8661 8670 8668
f 8671 8667 8669
f 8672 8670 8661
f 8671 8673 8667
f 8672 8674 8670
f 8675 8673 8671
f 8672 8676 8674
f 8677 8673 8675
f 8672 8678 8676
f 8679 8673 8677
f 8672 8680 8678
f 8679 8681 8673
f 8682 8681 8679
f 8672 8683 8680
f 8684 8681 8682
f 8672 8685 8683
f 8686 8681 8684
f 8672 8687 8685
f 8688 8681 8686
f 8689 8687 8672
f 8689 8690 8687
f 8691 8681 8688
f 8689 8692 8690
f 8692 8681 8691
f 8689 8681 8692
f 8689 8693 8681
f 8689 8694 8693
f 8695 8694 8689
f 8695 8696 8694
f 8695 8697 8696
f 8698 8697 8695
f 8698 8699 8697
f 8698 8700 8699
f 8701 8700 8698
f 8701 8702 8700
f 8701 8703 8702
f 8704 8703 8701
f 8704 8705 8703
f 8706 8705 8704
f 8706 8707 8705
f 8706 8708 8707
f 8709 8708 8706
f 8709 8710 8708
f 8709 8711 8710
f 8712 8711 8709
f 8712 8713 8711
f 8712 8714 8713
f 8715 8714 8712
f 8715 8716 8714
f 8715 8717 8716
f 8718 8717 8715
f 8718 8719 8717
f 8720 8719 8718
f 8720 8721 8719
f 8720 8722 8721
f 8723 8722 8720
f 8723 8724 8722
f 8723 8725 8724
f 8726 8725 8723
f 8726 8727 8725
f 8726 8728 8727
f 8729 8728 8726
f 8730 8731 8732
f 8730 8732 8733
f 8734 8730 8733
f 8734 8733 8735
f 8734 8735 8736
f 8737 8734 8736
f 8737 8736 8738
f 8737 8738 8739
f 8740 8737 8739
f 8740 8739 8741
f 8740 8741 8742
f 8743 8740 8742
f 8743 8742 8744
f 8743 8744 8745
f 8746 8743 8745
f 8746 8745 8747
f 8746 8747 8748
f 8749 8746 8748
f 8749 8748 8750
f 8749 8750 8751
f 8752 8749 8751
f 8752 8751 8753
f 8752 8753 8754
f 8755 8752 8754
f 8755 8754 8756
f 8755 8756 8757
f 8758 8755 8757
f 8758 8757 8759
f 8760 8758 8759
f 8760 8759 8761
f 8760 8761 8762
f 8763 8760 8762
f 8763 8762 8764
f 8763 8764 8765
f 8766 8763 8765
f 8766 8765 8767
f 8766 8767 8768
f 8768 8767 8769
f 8769 8767 8770
f 8770 8767 8771
f 8771 8767 8772
f 8772 8767 8773
f 8774 8766 8775
f 8775 8766 8768
f 8776 8774 8777
f 8777 8774 8775
f 8778 8776 8777
f 8779 8778 8780
f 8780 8778 8777
f 8781 8779 8782
f 8782 8779 8780
f 8783 8781 8784
f 8784 8781 8782
f 8785 8783 8786
f 8786 8783 8784
f 8787 8785 8788
f 8788 8785 8786
f 8787 8788 8789
f 8787 8789 8790
f 8791 8787 8790
f 8791 8790 8792
f 8791 8792 8793
f 8791 8793 8794
f 8791 8794 8795
f 8791 8795 8796
f 8797 8791 8796
f 8797 8796 8798
f 8797 8798 8799
f 8800 8797 8799
f 8800 8799 8801
f 8800 8801 8802
f 8803 8800 8802
f 8803 8802 8804
f 8803 8804 8805
f 8806 8803 8805
f 8806 8805 8807
f 8808 8806 8807
f 8808 8807 8809
f 8808 8809 8810
f 8811 8808 8810
f 8811 8810 8812
f 8813 8811 8812
f 8813 8812 8814
f 8813 8814 8815
f 8816 8813 8815
f 8816 8815 8817
f 8818 8816 8817
f 8819 8820 8821
f 8819 8821 8822
f 8823 8819 8822
f 8823 8822 8824
f 8818 8817 8825
f 8823 8824 8826
f 8827 8823 8826
f 8827 8826 8828
f 8829 8827 8828
f 8829 8828 8830
f 8829 8830 8831
f 8832 8829 8831
f 8832 8831 8833
f 8834 8818 8825
f 8835 8832 8833
f 8835 8833 8836
f 8835 8836 8837
f 8834 8825 8838
f 8839 8835 8837
f 8839 8837 8840
f 8841 8839 8840
f 8841 8840 8842
f 8841 8842 8843
f 8844 8841 8843
f 8845 8834 8838
f 8845 8838 8846
f 8844 8843 8847
f 8848 8844 8847
f 8848 8847 8849
f 8848 8849 8850
f 8851 8848 8850
f 8845 8846 8852
f 8853 8845 8852
f 8851 8850 8854
f 8852 8851 8854
f 8852 8854 8855
f 8852 8855 8856
f 8853 8852 8856
f 8857 8853 8856
f 8857 8856 8858
f 8857 8858 8859
f 8857 8859 8860
f 8861 8857 8860
f 8861 8860 8862
f 8861 8862 8863
f 8861 8863 8864
f 8865 8861 8864
f 8865 8864 8866
f 8866 8864 8867
f 8867 8864 8868
f 8867 8868 8869
f 8869 8868 8870
f 8871 8869 8870
f 8865 8866 8872
f 8873 8871 8870
f 8865 8872 8874
f 8875 8873 8870
f 8865 8874 8876
f 8877 8875 8870
f 8865 8876 8878
f 8879 8877 8870
f 8865 8878 8880
f 8881 8879 8870
f 8865 8880 8882
f 8881 8870 8883
f 8884 8881 8883
f 8865 8882 8885
f 8886 8865 8885
f 8887 8884 8883
f 8886 8885 8888
f 8889 8887 8883
f 8886 8888 8890
f 8889 8883 8891
f 8892 8889 8891
f 8886 8890 8893
f 8894 8892 8891
f 8886 8893 8895
f 8894 8891 8896
f 8897 8894 8896
f 8886 8895 8898
f 8899 8897 8896
f 8886 8898 8900
f 8899 8896 8901
f 8902 8886 8900
f 8903 8899 8901
f 8902 8900 8904
f 8905 8903 8901
f 8902 8904 8906
f 8905 8901 8907
f 8908 8905 8907
f 8902 8906 8909
f 8908 8907 8910
f 8911 8908 8910
f 8902 8909 8912
f 8913 8902 8912
f 8914 8911 8910
f 8913 8912 8915
f 8914 8910 8916
f 8917 8914 8916
f 8913 8915 8918
f 8919 8917 8916
f 8919 8916 8920
f 8913 8918 8921
f 8922 8919 8920
f 8913 8921 8923
f 8924 8913 8923
f 8922 8920 8925
f 8926 8922 8925
f 8924 8923 8927
f 8926 8925 8928
f 8929 8926 8928
f 8924 8927 8930
f 8924 8930 8931
f 8932 8929 8928
f 8932 8928 8933
f 8934 8924 8931
f 8934 8931 8935
f 8936 8932 8933
f 8934 8935 8937
f 8936 8933 8938
f 8939 8936 8938
f 8934 8937 8940
f 8941 8939 8938
f 8942 8934 8940
f 8941 8938 8943
f 8942 8940 8944
f 8945 8941 8943
f 8942 8944 8946
f 8947 8945 8943
f 8947 8943 8948
f 8942 8946 8949
f 8950 8947 8948
f 8951 8942 8949
f 8950 8948 8952
f 8951 8949 8953
f 8954 8950 8952
f 8951 8953 8955
f 8956 8954 8952
f 8956 8952 8957
f 8951 8955 8958
f 8959 8956 8957
f 8951 8958 8960
f 8961 8959 8957
f 8962 8951 8960
f 8961 8957 8963
f 8962 8960 8964
f 8965 8961 8963
f 8962 8964 8966
f 8967 8965 8963
f 8967 8963 8968
f 8962 8966 8969
f 8970 8967 8968
f 8962 8969 8971
f 8972 8970 8968
f 8973 8962 8971
f 8972 8968 8974
f 8973 8971 8975
f 8976 8972 8974
f 8973 8975 8977
f 8978 8976 8974
f 8973 8977 8979
f 8980 8978 8974
f 8973 8979 8981
f 8980 8974 8982
f 8983 8980 8982
f 8973 8981 8984
f 8985 8983 8982
f 8973 8984 8986
f 8987 8985 8982
f 8973 8986 8988
f 8989 8987 8982
f 8990 8973 8988
f 8990 8988 8991
f 8992 8989 8982
f 8990 8991 8993
f 8993 8992 8982
f 8990 8993 8982
f 8990 8982 8994
f 8990 8994 8995
f 8996 8990 8995
f 8996 8995 8997
f 8996 8997 8998
f 8999 8996 8998
f 8999 8998 9000
f 8999 9000 9001
f 9002 8999 9001
f 9002 9001 9003
f 9002 9003 9004
f 9005 9002 9004
f 9005 9004 9006
f 9007 9005 9006
f 9007 9006 9008
f 9007 9008 9009
f 9010 9007 9009
f 9010 9009 9011
f 9010 9011 9012
f 9013 9010 9012
f 9013 9012 9014
f 9013 9014 9015
f 9016 9013 9015
f 9016 9015 9017
f 9016 9017 9018
f 9019 9016 9018
f 9019 9018 9020
f 9021 9019 9020
f 9021 9020 9022
f 9021 9022 9023
f 9024 9021 9023
f 9024 9023 9025
f 9024 9025 9026
f 9027 9024 9026
f 9027 9026 9028
f 9027 9028 9029
f 9030 9027 9029
f 9031 9032 9033
f 9034 9033 9035
f 9036 9035 9037
f 9038 9037 9039
f 9040 9039 9041
f 9042 9040 9041
f 9043 9044 9042
f 9045 9046 9043
f 9047 9048 9045
f 9049 9050 9047
f 9051 9052 9049
f 9031 9053 9054
f 9034 9055 9031
f 9036 9056 9034
f 9038 9057 9036
f 9040 9058 9038
f 9059 9040 9044
f 9060 9044 9046
f 9061 9046 9048
f 9062 9048 9050
f 9063 9050 9052
f 9064 9052 9065
f 9055 9066 9053
f 9056 9067 9055
f 9057 9068 9056
f 9058 9069 9057
f 9070 9071 9058
f 9072 9070 9059
f 9073 9059 9060
f 9074 9060 9061
f 9075 9061 9062
f 9076 9062 9063
f 9077 9063 9064
f 9067 9078 9066
f 9068 9079 9067
f 9069 9080 9068
f 9071 9081 9069
f 9082 9083 9071
f 9084 9082 9072
f 9085 9072 9073
f 9086 9073 9074
f 9087 9074 9075
f 9088 9075 9076
f 9089 9076 9077
f 9079 9090 9078
f 9080 9091 9079
f 9081 9092 9080
f 9083 9093 9081
f 9094 9095 9083
f 9084 9096 9094
f 9097 9084 9085
f 9098 9085 9086
f 9099 9086 9087
f 9100 9087 9088
f 9101 9088 9089
f 9091 9102 9090
f 9092 9103 9091
f 9093 9104 9092
f 9095 9105 9093
f 9096 9106 9095
f 9107 9108 9096
f 9109 9107 9097
f 9110 9097 9098
f 9111 9098 9099
f 9112 9099 9100
f 9113 9100 9101
f 9103 9114 9102
f 9104 9115 9103
f 9105 9116 9104
f 9106 9117 9105
f 9108 9118 9106
f 9119 9108 9120
f 9121 9120 9109
f 9122 9109 9110
f 9123 9110 9111
f 9124 9111 9112
f 9125 9112 9113
f 9115 9126 9114
f 9116 9127 9115
f 9117 9128 9116
f 9118 9129 9117
f 9130 9131 9118
f 9132 9130 9119
f 9133 9119 9121
f 9134 9121 9122
f 9135 9122 9123
f 9136 9123 9124
f 9137 9124 9125
f 9127 9138 9126
f 9128 9139 9127
f 9129 9140 9128
f 9131 9141 9129
f 9142 9143 9131
f 9144 9142 9132
f 9145 9132 9133
f 9146 9133 9134
f 9147 9134 9135
f 9148 9135 9136
f 9149 9136 9137
f 9139 9150 9138
f 9140 9151 9139
f 9141 9152 9140
f 9143 9153 9141
f 9154 9155 9143
f 9156 9154 9144
f 9157 9144 9145
f 9158 9145 9146
f 9159 9146 9147
f 9160 9147 9148
f 9161 9148 9149
f 9151 9162 9150
f 9152 9163 9151
f 9153 9164 9152
f 9165 9153 9155
f 9166 9165 9155
f 9167 9166 9156
f 9168 9156 9157
f 9158 9168 9157
f 9169 9158 9159
f 9170 9159 9160
f 9171 9160 9161
f 9163 9172 9162
f 9164 9173 9163
f 9174 9175 9164
f 9165 9176 9174
f 9177 9178 9165
f 9179 9177 9167
f 9180 9167 9168
f 9181 9168 9182
f 9183 9182 9169
f 9184 9169 9170
f 9185 9170 9171
f 9173 9186 9172
f 9175 9187 9173
f 9176 9188 9175
f 9178 9189 9176
f 9190 9191 9178
f 9192 9190 9179
f 9193 9179 9180
f 9194 9180 9181
f 9195 9181 9183
f 9196 9183 9184
f 9197 9184 9185
f 9187 9198 9186
f 9188 9199 9187
f 9189 9200 9188
f 9191 9201 9189
f 9202 9203 9191
f 9204 9202 9192
f 9205 9192 9193
f 9206 9193 9194
f 9207 9194 9195
f 9208 9195 9196
f 9209 9196 9197
f 9199 9210 9198
f 9200 9211 9199
f 9201 9212 9200
f 9203 9213 9201
f 9214 9215 9203
f 9216 9214 9204
f 9217 9204 9205
f 9218 9205 9206
f 9219 9206 9207
f 9220 9207 9208
f 9221 9208 9209
f 9211 9222 9210
f 9212 9223 9211
f 9213 9224 9212
f 9215 9225 9213
f 9226 9227 9215
f 9228 9226 9216
f 9229 9216 9217
f 9230 9217 9218
f 9231 9218 9219
f 9232 9219 9220
f 9233 9220 9221
f 9223 9234 9222
f 9224 9235 9223
f 9225 9236 9224
f 9227 9237 9225
f 9238 9239 9227
f 9240 9238 9228
f 9241 9228 9229
f 9242 9229 9230
f 9243 9230 9231
f 9244 9231 9232
f 9245 9232 9233
f 9235 9246 9234
f 9236 9247 9235
f 9237 9248 9236
f 9239 9249 9237
f 9250 9251 9239
f 9252 9250 9240
f 9253 9240 9241
f 9254 9241 9242
f 9255 9242 9243
f 9256 9243 9244
f 9257 9244 9245
f 9247 9258 9246
f 9248 9259 9247
f 9249 9260 9248
f 9251 9261 9249
f 9262 9263 9251
f 9264 9262 9252
f 9253 9264 9252
f 9265 9253 9254
f 9266 9254 9255
f 9267 9255 9256
f 9268 9256 9257
f 9259 9269 9258
f 9260 9270 9259
f 9261 9271 9260
f 9272 9261 9263
f 9273 9263 9274
f 9275 9274 9264
f 9276 9275 9264
f 9265 9277 9276
f 9278 9265 9266
f 9279 9266 9267
f 9280 9267 9268
f 9281 9269 9270
f 9282 9270 9271
f 9283 9271 9284
f 9285 9284 9272
f 9286 9272 9273
f 9287 9273 9275
f 9277 9287 9275
f 9288 9289 9277
f 9278 9290 9288
f 9279 9291 9278
f 9280 9292 9279
f 9293 9294 9281
f 9295 9281 9282
f 9296 9282 9283
f 9297 9283 9285
f 9298 9285 9286
f 9299 9286 9287
f 9289 9299 9287
f 9290 9300 9289
f 9291 9301 9290
f 9292 9302 9291
f 9303 9304 9292
f 9305 9306 9293
f 9307 9293 9295
f 9308 9295 9296
f 9309 9296 9297
f 9310 9297 9298
f 9311 9298 9299
f 9300 9311 9299
f 9301 9312 9300
f 9302 9313 9301
f 9304 9314 9302
f 9315 9316 9304
f 9305 9317 9318
f 9307 9319 9305
f 9308 9320 9307
f 9309 9321 9308
f 9310 9322 9309
f 9323 9310 9311
f 9324 9311 9312
f 9325 9312 9313
f 9326 9313 9314
f 9327 9314 9316
f 9328 9316 9329
f 9319 9330 9317
f 9320 9331 9319
f 9321 9332 9320
f 9322 9333 9321
f 9334 9335 9322
f 9336 9334 9323
f 9337 9323 9324
f 9338 9324 9325
f 9339 9325 9326
f 9340 9326 9327
f 9341 9327 9328
f 9331 9342 9330
f 9332 9343 9331
f 9333 9344 9332
f 9335 9345 9333
f 9346 9347 9335
f 9348 9346 9336
f 9349 9336 9337
f 9350 9337 9338
f 9351 9338 9339
f 9352 9339 9340
f 9353 9340 9341
f 9354 9342 9343
f 9355 9343 9344
f 9356 9344 9345
f 9357 9345 9347
f 9358 9347 9359
f 9360 9359 9348
f 9349 9360 9348
f 9361 9349 9350
f 9351 9361 9350
f 9352 9362 9351
f 9353 9363 9352
f 9364 9365 9354
f 9366 9354 9355
f 9367 9355 9356
f 9368 9356 9357
f 9369 9357 9358
f 9360 9369 9358
f 9370 9371 9360
f 9361 9372 9370
f 9362 9373 9361
f 9363 9374 9362
f 9375 9376 9363
f 9377 9378 9364
f 9379 9364 9366
f 9380 9366 9367
f 9381 9367 9368
f 9382 9368 9369
f 9383 9369 9371
f 9372 9383 9371
f 9373 9384 9372
f 9374 9385 9373
f 9376 9386 9374
f 9387 9388 9376
f 9389 9390 9377
f 9391 9377 9379
f 9392 9379 9380
f 9393 9380 9381
f 9394 9381 9382
f 9395 9382 9383
f 9384 9395 9383
f 9385 9396 9384
f 9386 9397 9385
f 9388 9398 9386
f 9399 9400 9388
f 9401 9402 9389
f 9403 9389 9391
f 9404 9391 9392
f 9405 9392 9393
f 9406 9393 9394
f 9407 9394 9395
f 9396 9407 9395
f 9397 9408 9396
f 9398 9409 9397
f 9400 9410 9398
f 9411 9412 9400
f 9413 9414 9401
f 9415 9401 9403
f 9416 9403 9404
f 9417 9404 9405
f 9418 9405 9406
f 9419 9406 9407
f 9408 9419 9407
f 9409 9420 9408
f 9410 9421 9409
f 9412 9422 9410
f 9423 9424 9412
f 9425 9426 9413
f 9427 9413 9415
f 9428 9415 9416
f 9429 9416 9417
f 9430 9417 9418
f 9431 9418 9419
f 9420 9431 9419
f 9421 9432 9420
f 9422 9433 9421
f 9424 9434 9422
f 9435 9436 9424
f 9437 9438 9425
f 9439 9425 9427
f 9440 9427 9428
f 9441 9428 9429
f 9442 9429 9430
f 9443 9430 9431
f 9432 9443 9431
f 9433 9444 9432
f 9434 9445 9433
f 9436 9446 9434
f 9447 9448 9436
f 9449 9450 9437
f 9451 9437 9439
f 9452 9439 9440
f 9453 9440 9441
f 9454 9441 9442
f 9455 9442 9443
f 9444 9455 9443
f 9445 9456 9444
f 9446 9457 9445
f 9448 9458 9446
f 9459 9460 9448
f 9461 9462 9449
f 9463 9449 9451
f 9464 9451 9452
f 9465 9452 9453
f 9466 9453 9454
f 9455 9466 9454
f 9456 9467 9455
f 9457 9468 9456
f 9458 9469 9457
f 9460 9470 9458
f 9471 9472 9460
f 9461 9473 9474
f 9463 9475 9461
f 9464 9476 9463
f 9465 9477 9464
f 9466 9478 9465
f 9479 9466 9467
f 9480 9467 9468
f 9481 9468 9469
f 9482 9469 9470
f 9483 9470 9472
f 9484 9472 9485
f 9475 9486 9473
f 9476 9487 9475
f 9477 9488 9476
f 9478 9489 9477
f 9490 9491 9478
f 9492 9490 9479
f 9493 9479 9480
f 9494 9480 9481
f 9495 9481 9482
f 9496 9482 9483
f 9497 9483 9484
f 9487 9498 9486
f 9488 9499 9487
f 9489 9500 9488
f 9491 9501 9489
f 9502 9503 9491
f 9504 9502 9492
f 9505 9492 9493
f 9506 9493 9494
f 9507 9494 9495
f 9508 9495 9496
f 9509 9496 9497
f 9499 9510 9498
f 9500 9511 9499
f 9501 9512 9500
f 9503 9513 9501
f 9514 9515 9503
f 9516 9514 9504
f 9517 9504 9505
f 9518 9505 9506
f 9519 9506 9507
f 9520 9507 9508
f 9521 9508 9509
f 9511 9522 9510
f 9512 9523 9511
f 9513 9524 9512
f 9515 9525 9513
f 9526 9527 9515
f 9528 9526 9516
f 9529 9516 9517
f 9530 9517 9518
f 9531 9518 9519
f 9532 9519 9520
f 9533 9520 9521
f 9523 9534 9522
f 9524 9535 9523
f 9525 9536 9524
f 9527 9537 9525
f 9538 9539 9527
f 9540 9538 9528
f 9541 9528 9529
f 9542 9529 9530
f 9543 9530 9531
f 9544 9531 9532
f 9545 9532 9533
f 9535 9546 9534
f 9536 9547 9535
f 9537 9548 9536
f 9539 9549 9537
f 9550 9551 9539
f 9552 9550 9540
f 9553 9540 9541
f 9554 9541 9542
f 9555 9542 9543
f 9556 9543 9544
f 9557 9544 9545
f 9547 9558 9546
f 9548 9559 9547
f 9549 9560 9548
f 9551 9561 9549
f 9562 9563 9551
f 9564 9562 9552
f 9565 9552 9553
f 9566 9553 9554
f 9567 9554 9555
f 9568 9555 9556
f 9569 9556 9557
f 9559 9570 9558
f 9560 9571 9559
f 9561 9572 9560
f 9563 9573 9561
f 9574 9575 9563
f 9576 9574 9564
f 9577 9564 9565
f 9578 9565 9566
f 9579 9566 9567
f 9580 9567 9568
f 9581 9568 9569
f 9582 9570 9571
f 9583 9571 9572
f 9584 9572 9573
f 9585 9573 9575
f 9586 9585 9575
f 9587 9586 9576
f 9588 9576 9577
f 9578 9588 9577
f 9579 9589 9578
f 9580 9590 9579
f 9581 9591 9580
f 9592 9593 9582
f 9594 9582 9583
f 9595 9583 9584
f 9596 9584 9585
f 9597 9585 9598
f 9599 9598 9587
f 9588 9599 9587
f 9589 9600 9588
f 9590 9601 9589
f 9591 9602 9590
f 9603 9604 9591
f 9605 9606 9592
f 9607 9592 9594
f 9608 9594 9595
f 9609 9595 9596
f 9610 9596 9597
f 9611 9597 9599
f 9600 9611 9599
f 9601 9612 9600
f 9602 9613 9601
f 9604 9614 9602
f 9615 9616 9604
f 9617 9618 9605
f 9619 9605 9607
f 9620 9607 9608
f 9621 9608 9609
f 9622 9609 9610
f 9623 9610 9611
f 9612 9623 9611
f 9613 9624 9612
f 9614 9625 9613
f 9616 9626 9614
f 9627 9628 9616
f 9617 9629 9630
f 9619 9631 9617
f 9620 9632 9619
f 9621 9633 9620
f 9622 9634 9621
f 9635 9622 9623
f 9636 9623 9624
f 9637 9624 9625
f 9638 9625 9626
f 9639 9626 9628
f 9640 9628 9641
f 9631 9642 9629
f 9632 9643 9631
f 9633 9644 9632
f 9634 9645 9633
f 9646 9647 9634
f 9648 9646 9635
f 9649 9635 9636
f 9650 9636 9637
f 9651 9637 9638
f 9652 9638 9639
f 9653 9639 9640
f 9643 9654 9642
f 9644 9655 9643
f 9645 9656 9644
f 9657 9645 9647
f 9658 9657 9647
f 9659 9658 9648
f 9649 9659 9648
f 9650 9660 9649
f 9661 9650 9651
f 9662 9651 9652
f 9663 9652 9653
f 9664 9654 9655
f 9665 9655 9656
f 9666 9656 9667
f 9668 9667 9657
f 9669 9657 9670
f 9671 9670 9659
f 9660 9671 9659
f 9672 9673 9660
f 9661 9674 9672
f 9662 9675 9661
f 9663 9676 9662
f 9677 9678 9664
f 9679 9664 9665
f 9680 9665 9666
f 9681 9666 9668
f 9682 9668 9669
f 9683 9669 9671
f 9673 9683 9671
f 9674 9684 9673
f 9675 9685 9674
f 9676 9686 9675
f 9687 9688 9676
f 9689 9690 9677
f 9691 9677 9679
f 9692 9679 9680
f 9693 9680 9681
f 9694 9681 9682
f 9695 9682 9683
f 9684 9695 9683
f 9685 9696 9684
f 9686 9697 9685
f 9688 9698 9686
f 9699 9700 9688
f 9701 9702 9689
f 9703 9689 9691
f 9704 9691 9692
f 9705 9692 9693
f 9706 9693 9694
f 9707 9694 9695
f 9696 9707 9695
f 9697 9708 9696
f 9698 9709 9697
f 9700 9710 9698
f 9711 9712 9700
f 9713 9714 9701
f 9715 9701 9703
f 9716 9703 9704
f 9717 9704 9705
f 9718 9705 9706
f 9719 9706 9707
f 9708 9719 9707
f 9709 9720 9708
f 9710 9721 9709
f 9712 9722 9710
f 9723 9724 9712
f 9725 9726 9713
f 9727 9713 9715
f 9728 9715 9716
f 9729 9716 9717
f 9730 9717 9718
f 9731 9718 9719
f 9720 9731 9719
f 9721 9732 9720
f 9722 9733 9721
f 9724 9734 9722
f 9735 9736 9724
f 9737 9738 9725
f 9739 9725 9727
f 9740 9727 9728
f 9741 9728 9729
f 9742 9729 9730
f 9743 9730 9731
f 9732 9743 9731
f 9733 9744 9732
f 9734 9745 9733
f 9736 9746 9734
f 9747 9748 9736
f 9749 9750 9737
f 9751 9737 9739
f 9752 9739 9740
f 9753 9740 9741
f 9754 9741 9742
f 9755 9742 9743
f 9744 9755 9743
f 9745 9756 9744
f 9746 9757 9745
f 9748 9758 9746
f 9759 9760 9748
f 9761 9762 9749
f 9763 9749 9751
f 9764 9751 9752
f 9765 9752 9753
f 9766 9753 9754
f 9767 9754 9755
f 9756 9767 9755
f 9757 9768 9756
f 9758 9769 9757
f 9760 9770 9758
f 9771 9772 9760
f 9773 9774 9761
f 9775 9761 9763
f 9776 9763 9764
f 9777 9764 9765
f 9778 9765 9766
f 9779 9766 9767
f 9768 9779 9767
f 9769 9780 9768
f 9770 9781 9769
f 9772 9782 9770
f 9783 9784 9772
f 9785 9786 9773
f 9787 9773 9775
f 9788 9775 9776
f 9789 9776 9777
f 9790 9777 9778
f 9791 9778 9779
f 9780 9791 9779
f 9781 9792 9780
f 9782 9793 9781
f 9784 9794 9782
f 9795 9796 9784
f 9797 9798 9785
f 9799 9785 9787
f 9800 9787 9788
f 9801 9788 9789
f 9802 9789 9790
f 9803 9790 9791
f 9792 9803 9791
f 9793 9804 9792
f 9794 9805 9793
f 9796 9806 9794
f 9807 9808 9796
f 9809 9810 9797
f 9811 9797 9799
f 9812 9799 9800
f 9813 9800 9801
f 9814 9801 9802
f 9815 9802 9803
f 9804 9815 9803
f 9805 9816 9804
f 9806 9817 9805
f 9808 9818 9806
f 9819 9820 9808
f 9821 9822 9809
f 9823 9809 9811
f 9824 9811 9812
f 9825 9812 9813
f 9826 9813 9814
f 9827 9814 9815
f 9816 9827 9815
f 9817 9828 9816
f 9818 9829 9817
f 9820 9830 9818
f 9831 9832 9820
f 9833 9834 9821
f 9835 9821 9823
f 9836 9823 9824
f 9837 9824 9825
f 9838 9825 9826
f 9839 9826 9827
f 9828 9839 9827
f 9829 9840 9828
f 9830 9841 9829
f 9832 9842 9830
f 9843 9844 9832
f 9845 9846 9833
f 9847 9833 9835
f 9848 9835 9836
f 9849 9836 9837
f 9850 9837 9838
f 9851 9838 9839
f 9840 9851 9839
f 9841 9852 9840
f 9842 9853 9841
f 9844 9854 9842
f 9855 9856 9844
f 9857 9858 9845
f 9859 9845 9847
f 9860 9847 9848
f 9861 9848 9849
f 9862 9849 9850
f 9863 9850 9851
f 9852 9863 9851
f 9853 9864 9852
f 9854 9865 9853
f 9856 9866 9854
f 9867 9868 9856
f 9869 9870 9857
f 9871 9857 9859
f 9872 9859 9860
f 9873 9860 9861
f 9874 9861 9862
f 9875 9862 9863
f 9864 9875 9863
f 9865 9876 9864
f 9866 9877 9865
f 9868 9878 9866
f 9879 9880 9868
f 9881 9882 9869
f 9883 9869 9871
f 9884 9871 9872
f 9885 9872 9873
f 9886 9873 9874
f 9887 9874 9875
f 9876 9887 9875
f 9877 9888 9876
f 9878 9889 9877
f 9880 9890 9878
f 9891 9892 9880
f 9881 9893 9894
f 9883 9895 9881
f 9884 9896 9883
f 9885 9897 9884
f 9886 9898 9885
f 9899 9886 9887
f 9900 9887 9888
f 9901 9888 9889
f 9902 9889 9890
f 9903 9890 9892
f 9904 9892 9905
f 9895 9906 9893
f 9896 9907 9895
f 9897 9908 9896
f 9898 9909 9897
f 9910 9911 9898
f 9912 9910 9899
f 9913 9899 9900
f 9914 9900 9901
f 9915 9901 9902
f 9916 9902 9903
f 9917 9903 9904
f 9907 9918 9906
f 9908 9919 9907
f 9909 9920 9908
f 9911 9921 9909
f 9922 9923 9911
f 9924 9922 9912
f 9925 9912 9913
f 9926 9913 9914
f 9927 9914 9915
f 9928 9915 9916
f 9929 9916 9917
f 9919 9930 9918
f 9920 9931 9919
f 9921 9932 9920
f 9923 9933 9921
f 9934 9935 9923
f 9936 9934 9924
f 9937 9924 9925
f 9938 9925 9926
f 9939 9926 9927
f 9940 9927 9928
f 9941 9928 9929
f 9931 9942 9930
f 9932 9943 9931
f 9933 9944 9932
f 9935 9945 9933
f 9946 9947 9935
f 9948 9946 9936
f 9949 9936 9937
f 9950 9937 9938
f 9951 9938 9939
f 9952 9939 9940
f 9953 9940 9941
f 9943 9954 9942
f 9944 9955 9943
f 9945 9956 9944
f 9947 9957 9945
f 9958 9959 9947
f 9960 9958 9948
f 9961 9948 9949
f 9962 9949 9950
f 9963 9950 9951
f 9964 9951 9952
f 9965 9952 9953
f 9955 9966 9954
f 9956 9967 9955
f 9957 9968 9956
f 9959 9969 9957
f 9970 9971 9959
f 9972 9970 9960
f 9973 9960 9961
f 9974 9961 9962
f 9975 9962 9963
f 9976 9963 9964
f 9977 9964 9965
f 9967 9978 9966
f 9968 9979 9967
f 9969 9980 9968
f 9971 9981 9969
f 9982 9983 9971
f 9984 9982 9972
f 9985 9972 9973
f 9986 9973 9974
f 9987 9974 9975
f 9988 9975 9976
f 9989 9976 9977
f 9979 9990 9978
f 9980 9991 9979
f 9981 9992 9980
f 9983 9993 9981
f 9994 9995 9983
f 9996 9994 9984
f 9997 9984 9985
f 9998 9985 9986
f 9999 9986 9987
f 10000 9987 9988
f 10001 9988 9989
f 9991 10002 9990
f 9992 10003 9991
f 9993 10004 9992
f 9995 10005 9993
f 10006 10007 9995
f 10008 10006 9996
f 10009 9996 9997
f 10010 9997 9998
f 10011 9998 9999
f 10012 9999 10000
f 10013 10000 10001
f 10014 10002 10003
f 10015 10003 10004
f 10016 10004 10005
f 10017 10005 10007
f 10018 10007 10019
f 10020 10019 10008
f 10009 10020 10008
f 10010 10021 10009
f 10011 10022 10010
f 10012 10023 10011
f 10013 10024 10012
f 10025 10026 10014
f 10027 10014 10015
f 10028 10015 10016
f 10029 10016 10017
f 10030 10017 10018
f 10031 10018 10020
f 10021 10031 10020
f 10022 10032 10021
f 10023 10033 10022
f 10024 10034 10023
f 10035 10036 10024
f 10025 10037 10038
f 10027 10039 10025
f 10028 10040 10027
f 10029 10041 10028
f 10042 10029 10030
f 10043 10030 10031
f 10032 10043 10031
f 10044 10032 10033
f 10045 10033 10034
f 10046 10034 10036
f 10047 10036 10048
f 10039 10049 10037
f 10040 10050 10039
f 10041 10051 10040
f 10052 10053 10041
f 10042 10054 10052
f 10055 10042 10043
f 10056 10043 10057
f 10058 10057 10044
f 10059 10044 10045
f 10060 10045 10046
f 10061 10046 10047
f 10062 10049 10050
f 10063 10050 10051
f 10064 10051 10053
f 10065 10053 10054
f 10066 10054 10067
f 10068 10067 10055
f 10056 10068 10055
f 10058 10069 10056
f 10059 10070 10058
f 10060 10071 10059
f 10061 10072 10060
f 10073 10074 10062
f 10075 10062 10063
f 10076 10063 10064
f 10077 10064 10065
f 10078 10065 10066
f 10079 10066 10068
f 10069 10079 10068
f 10070 10080 10069
f 10071 10081 10070
f 10072 10082 10071
f 10083 10084 10072
f 10085 10086 10073
f 10087 10073 10075
f 10088 10075 10076
f 10089 10076 10077
f 10090 10077 10078
f 10091 10078 10079
f 10080 10091 10079
f 10081 10092 10080
f 10082 10093 10081
f 10084 10094 10082
f 10095 10096 10084
f 10097 10098 10085
f 10099 10085 10087
f 10100 10087 10088
f 10101 10088 10089
f 10102 10089 10090
f 10103 10090 10091
f 10092 10103 10091
f 10093 10104 10092
f 10094 10105 10093
f 10096 10106 10094
f 10107 10108 10096
f 10109 10110 10097
f 10111 10097 10099
f 10112 10099 10100
f 10113 10100 10101
f 10114 10101 10102
f 10115 10102 10103
f 10104 10115 10103
f 10105 10116 10104
f 10106 10117 10105
f 10108 10118 10106
f 10119 10120 10108
f 10121 10122 10109
f 10123 10109 10111
f 10124 10111 10112
f 10125 10112 10113
f 10126 10113 10114
f 10127 10114 10115
f 10116 10127 10115
f 10117 10128 10116
f 10118 10129 10117
f 10120 10130 10118
f 10131 10132 10120
f 10133 10134 10121
f 10135 10121 10123
f 10136 10123 10124
f 10137 10124 10125
f 10138 10125 10126
f 10139 10126 10127
f 10128 10139 10127
f 10129 10140 10128
f 10130 10141 10129
f 10132 10142 10130
f 10143 10144 10132
f 10145 10146 10133
f 10147 10133 10135
f 10148 10135 10136
f 10149 10136 10137
f 10150 10137 10138
f 10151 10138 10139
f 10140 10151 10139
f 10141 10152 10140
f 10142 10153 10141
f 10144 10154 10142
f 10155 10156 10144
f 10157 10158 10145
f 10159 10145 10147
f 10160 10147 10148
f 10161 10148 10149
f 10162 10149 10150
f 10163 10150 10151
f 10152 10163 10151
f 10153 10164 10152
f 10154 10165 10153
f 10156 10166 10154
f 10167 10168 10156
f 10169 10170 10157
f 10171 10157 10159
f 10172 10159 10160
f 10173 10160 10161
f 10174 10161 10162
f 10175 10162 10163
f 10164 10175 10163
f 10165 10176 10164
f 10166 10177 10165
f 10168 10178 10166
f 10179 10180 10168
f 10181 10182 10169
f 10183 10169 10171
f 10184 10171 10172
f 10185 10172 10173
f 10186 10173 10174
f 10187 10174 10175
f 10176 10187 10175
f 10177 10188 10176
f 10178 10189 10177
f 10180 10190 10178
f 10191 10192 10180
f 10193 10194 10181
f 10195 10181 10183
f 10196 10183 10184
f 10197 10184 10185
f 10198 10185 10186
f 10199 10186 10187
f 10188 10199 10187
f 10189 10200 10188
f 10190 10201 10189
f 10192 10202 10190
f 10203 10204 10192
f 10193 10205 10206
f 10195 10207 10193
f 10196 10208 10195
f 10197 10209 10196
f 10198 10210 10197
f 10211 10198 10199
f 10212 10199 10200
f 10213 10200 10201
f 10214 10201 10202
f 10215 10202 10204
f 10216 10204 10217
f 10207 10218 10205
f 10208 10219 10207
f 10209 10220 10208
f 10210 10221 10209
f 10222 10223 10210
f 10224 10222 10211
f 10225 10211 10212
f 10226 10212 10213
f 10227 10213 10214
f 10228 10214 10215
f 10229 10215 10216
f 10219 10230 10218
f 10220 10231 10219
f 10221 10232 10220
f 10223 10233 10221
f 10234 10235 10223
f 10236 10234 10224
f 10237 10224 10225
f 10238 10225 10226
f 10239 10226 10227
f 10240 10227 10228
f 10241 10228 10229
f 10231 10242 10230
f 10232 10243 10231
f 10233 10244 10232
f 10235 10245 10233
f 10246 10247 10235
f 10248 10246 10236
f 10249 10236 10237
f 10250 10237 10238
f 10251 10238 10239
f 10252 10239 10240
f 10253 10240 10241
f 10243 10254 10242
f 10244 10255 10243
f 10245 10256 10244
f 10247 10257 10245
f 10258 10259 10247
f 10260 10258 10248
f 10261 10248 10249
f 10262 10249 10250
f 10263 10250 10251
f 10264 10251 10252
f 10265 10252 10253
f 10255 10266 10254
f 10256 10267 10255
f 10257 10268 10256
f 10259 10269 10257
f 10270 10271 10259
f 10272 10270 10260
f 10273 10260 10261
f 10274 10261 10262
f 10275 10262 10263
f 10276 10263 10264
f 10277 10264 10265
f 10267 10278 10266
f 10268 10279 10267
f 10269 10280 10268
f 10271 10281 10269
f 10282 10283 10271
f 10284 10282 10272
f 10285 10272 10273
f 10286 10273 10274
f 10287 10274 10275
f 10288 10275 10276
f 10289 10276 10277
f 10279 10290 10278
f 10280 10291 10279
f 10281 10292 10280
f 10283 10293 10281
f 10294 10295 10283
f 10296 10294 10284
f 10297 10284 10285
f 10298 10285 10286
f 10299 10286 10287
f 10300 10287 10288
f 10301 10288 10289
f 10291 10302 10290
f 10292 10303 10291
f 10293 10304 10292
f 10295 10305 10293
f 10306 10307 10295
f 10308 10306 10296
f 10309 10296 10297
f 10310 10297 10298
f 10311 10298 10299
f 10312 10299 10300
f 10313 10300 10301
f 10303 10314 10302
f 10304 10315 10303
f 10305 10316 10304
f 10307 10317 10305
f 10318 10319 10307
f 10320 10318 10308
f 10321 10308 10309
f 10322 10309 10310
f 10323 10310 10311
f 10324 10311 10312
f 10325 10312 10313
f 10326 10314 10315
f 10327 10315 10316
f 10328 10316 10317
f 10329 10317 10319
f 10330 10319 10331
f 10332 10331 10320
f 10321 10332 10320
f 10322 10333 10321
f 10323 10334 10322
f 10324 10335 10323
f 10325 10336 10324
f 10337 10338 10326
f 10339 10326 10327
f 10340 10327 10328
f 10341 10328 10329
f 10342 10329 10330
f 10343 10330 10332
f 10333 10343 10332
f 10334 10344 10333
f 10335 10345 10334
f 10336 10346 10335
f 10347 10348 10336
f 10337 10349 10350
f 10339 10351 10337
f 10340 10352 10339
f 10341 10353 10340
f 10342 10354 10341
f 10355 10342 10343
f 10356 10343 10344
f 10357 10344 10345
f 10358 10345 10346
f 10359 10346 10348
f 10360 10348 10361
f 10351 10362 10349
f 10352 10363 10351
f 10353 10364 10352
f 10354 10365 10353
f 10366 10367 10354
f 10368 10366 10355
f 10369 10355 10356
f 10370 10356 10357
f 10371 10357 10358
f 10372 10358 10359
f 10373 10359 10360
f 10363 10374 10362
f 10364 10375 10363
f 10365 10376 10364
f 10367 10377 10365
f 10378 10379 10367
f 10380 10378 10368
f 10381 10368 10369
f 10382 10369 10370
f 10383 10370 10371
f 10384 10371 10372
f 10385 10372 10373
f 10375 10386 10374
f 10376 10387 10375
f 10377 10388 10376
f 10379 10389 10377
f 10390 10391 10379
f 10392 10390 10380
f 10393 10380 10381
f 10394 10381 10382
f 10395 10382 10383
f 10396 10383 10384
f 10397 10384 10385
f 10387 10398 10386
f 10388 10399 10387
f 10389 10400 10388
f 10391 10401 10389
f 10402 10403 10391
f 10404 10402 10392
f 10405 10392 10393
f 10406 10393 10394
f 10407 10394 10395
f 10408 10395 10396
f 10409 10396 10397
f 10399 10410 10398
f 10400 10411 10399
f 10401 10412 10400
f 10403 10413 10401
f 10414 10415 10403
f 10416 10414 10404
f 10417 10404 10405
f 10418 10405 10406
f 10419 10406 10407
f 10420 10407 10408
f 10421 10408 10409
f 10411 10422 10410
f 10412 10423 10411
f 10413 10424 10412
f 10415 10425 10413
f 10426 10415 10427
f 10428 10427 10416
f 10429 10416 10417
f 10430 10417 10418
f 10431 10418 10419
f 10432 10419 10420
f 10433 10420 10421
f 10434 10422 10423
f 10435 10423 10424
f 10436 10424 10425
f 10437 10425 10438
f 10439 10438 10426
f 10440 10426 10428
f 10429 10440 10428
f 10430 10441 10429
f 10431 10442 10430
f 10432 10443 10431
f 10433 10444 10432
f 10445 10446 10434
f 10447 10434 10435
f 10448 10435 10436
f 10449 10436 10437
f 10450 10437 10439
f 10451 10439 10440
f 10441 10451 10440
f 10442 10452 10441
f 10443 10453 10442
f 10444 10454 10443
f 10455 10456 10444
f 10457 10458 10445
f 10459 10445 10447
f 10460 10447 10448
f 10461 10448 10449
f 10462 10449 10450
f 10463 10450 10451
f 10452 10463 10451
f 10453 10464 10452
f 10454 10465 10453
f 10456 10466 10454
f 10467 10468 10456
f 10469 10470 10457
f 10471 10457 10459
f 10472 10459 10460
f 10473 10460 10461
f 10474 10461 10462
f 10475 10462 10463
f 10464 10475 10463
f 10465 10476 10464
f 10466 10477 10465
f 10468 10478 10466
f 10479 10480 10468
f 10481 10482 10469
f 10483 10469 10471
f 10484 10471 10472
f 10485 10472 10473
f 10486 10473 10474
f 10487 10474 10475
f 10476 10487 10475
f 10477 10488 10476
f 10478 10489 10477
f 10480 10490 10478
f 10491 10492 10480
f 10493 10494 10481
f 10495 10481 10483
f 10496 10483 10484
f 10497 10484 10485
f 10498 10485 10486
f 10499 10486 10487
f 10488 10499 10487
f 10489 10500 10488
f 10490 10501 10489
f 10492 10502 10490
f 10503 10504 10492
f 10505 10506 10493
f 10507 10493 10495
f 10508 10495 10496
f 10509 10496 10497
f 10510 10497 10498
f 10511 10498 10499
f 10500 10511 10499
f 10501 10512 10500
f 10502 10513 10501
f 10504 10514 10502
f 10515 10516 10504
f 10517 10518 10505
f 10519 10505 10507
f 10520 10507 10508
f 10521 10508 10509
f 10522 10509 10510
f 10523 10510 10511
f 10512 10523 10511
f 10513 10524 10512
f 10514 10525 10513
f 10516 10526 10514
f 10527 10528 10516
f 10529 10530 10517
f 10531 10517 10519
f 10532 10519 10520
f 10533 10520 10521
f 10534 10521 10522
f 10535 10522 10523
f 10524 10535 10523
f 10525 10536 10524
f 10526 10537 10525
f 10528 10538 10526
f 10539 10540 10528
f 10541 10542 10529
f 10543 10529 10531
f 10544 10531 10532
f 10545 10532 10533
f 10546 10533 10534
f 10547 10534 10535
f 10536 10547 10535
f 10537 10548 10536
f 10538 10549 10537
f 10540 10550 10538
f 10551 10552 10540
f 10553 10554 10541
f 10555 10541 10543
f 10556 10543 10544
f 10557 10544 10545
f 10558 10545 10546
f 10559 10546 10547
f 10548 10559 10547
f 10549 10560 10548
f 10550 10561 10549
f 10552 10562 10550
f 10563 10564 10552
f 10565 10566 10553
f 10567 10553 10555
f 10568 10555 10556
f 10569 10556 10557
f 10570 10557 10558
f 10571 10558 10559
f 10560 10571 10559
f 10561 10572 10560
f 10562 10573 10561
f 10564 10574 10562
f 10575 10576 10564
f 10577 10578 10565
f 10579 10565 10567
f 10580 10567 10568
f 10581 10568 10569
f 10582 10569 10570
f 10583 10570 10571
f 10572 10583 10571
f 10573 10584 10572
f 10574 10585 10573
f 10576 10586 10574
f 10587 10588 10576
f 10589 10590 10577
f 10591 10577 10579
f 10592 10579 10580
f 10593 10580 10581
f 10594 10581 10582
f 10595 10582 10583
f 10584 10595 10583
f 10585 10596 10584
f 10586 10597 10585
f 10588 10598 10586
f 10599 10600 10588
f 10601 10602 10589
f 10603 10589 10591
f 10604 10591 10592
f 10605 10592 10593
f 10606 10593 10594
f 10607 10594 10595
f 10596 10607 10595
f 10597 10608 10596
f 10598 10609 10597
f 10600 10610 10598
f 10611 10612 10600
f 10613 10614 10601
f 10615 10601 10603
f 10616 10603 10604
f 10617 10604 10605
f 10618 10605 10606
f 10619 10606 10607
f 10608 10619 10607
f 10609 10620 10608
f 10610 10621 10609
f 10612 10622 10610
f 10623 10624 10612
f 10625 10626 10613
f 10627 10613 10615
f 10628 10615 10616
f 10629 10616 10617
f 10630 10617 10618
f 10631 10618 10619
f 10620 10631 10619
f 10621 10632 10620
f 10622 10633 10621
f 10624 10634 10622
f 10635 10636 10624
f 10625 10637 10638
f 10627 10639 10625
f 10628 10640 10627
f 10629 10641 10628
f 10630 10642 10629
f 10643 10630 10631
f 10644 10631 10632
f 10645 10632 10633
f 10646 10633 10634
f 10647 10634 10636
f 10648 10636 10649
f 10639 10650 10637
f 10640 10651 10639
f 10641 10652 10640
f 10642 10653 10641
f 10654 10655 10642
f 10656 10654 10643
f 10657 10643 10644
f 10658 10644 10645
f 10659 10645 10646
f 10660 10646 10647
f 10661 10647 10648
f 10651 10662 10650
f 10652 10663 10651
f 10653 10664 10652
f 10655 10665 10653
f 10666 10667 10655
f 10668 10666 10656
f 10669 10656 10657
f 10670 10657 10658
f 10671 10658 10659
f 10672 10659 10660
f 10673 10660 10661
f 10663 10674 10662
f 10664 10675 10663
f 10665 10676 10664
f 10667 10677 10665
f 10678 10679 10667
f 10680 10678 10668
f 10681 10668 10669
f 10682 10669 10670
f 10683 10670 10671
f 10684 10671 10672
f 10685 10672 10673
f 10675 10686 10674
f 10676 10687 10675
f 10677 10688 10676
f 10679 10689 10677
f 10690 10691 10679
f 10692 10690 10680
f 10693 10680 10681
f 10694 10681 10682
f 10695 10682 10683
f 10696 10683 10684
f 10697 10684 10685
f 10687 10698 10686
f 10688 10699 10687
f 10689 10700 10688
f 10691 10701 10689
f 10702 10703 10691
f 10704 10702 10692
f 10705 10692 10693
f 10706 10693 10694
f 10707 10694 10695
f 10708 10695 10696
f 10709 10696 10697
f 10699 10710 10698
f 10700 10711 10699
f 10701 10712 10700
f 10703 10713 10701
f 10714 10715 10703
f 10716 10714 10704
f 10717 10704 10705
f 10718 10705 10706
f 10719 10706 10707
f 10720 10707 10708
f 10721 10708 10709
f 10711 10722 10710
f 10712 10723 10711
f 10713 10724 10712
f 10715 10725 10713
f 10726 10727 10715
f 10728 10726 10716
f 10729 10716 10717
f 10730 10717 10718
f 10731 10718 10719
f 10732 10719 10720
f 10733 10720 10721
f 10723 10734 10722
f 10724 10735 10723
f 10725 10736 10724
f 10727 10737 10725
f 10738 10739 10727
f 10740 10738 10728
f 10741 10728 10729
f 10742 10729 10730
f 10743 10730 10731
f 10744 10731 10732
f 10745 10732 10733
f 10735 10746 10734
f 10736 10747 10735
f 10737 10748 10736
f 10739 10749 10737
f 10750 10751 10739
f 10752 10750 10740
f 10753 10740 10741
f 10754 10741 10742
f 10755 10742 10743
f 10756 10743 10744
f 10757 10744 10745
f 10747 10758 10746
f 10748 10759 10747
f 10749 10760 10748
f 10751 10761 10749
f 10762 10763 10751
f 10764 10762 10752
f 10765 10752 10753
f 10766 10753 10754
f 10767 10754 10755
f 10768 10755 10756
f 10769 10756 10757
f 10759 10770 10758
f 10760 10771 10759
f 10761 10772 10760
f 10763 10773 10761
f 10774 10775 10763
f 10776 10774 10764
f 10777 10764 10765
f 10778 10765 10766
f 10779 10766 10767
f 10780 10767 10768
f 10781 10768 10769
f 10771 10782 10770
f 10772 10783 10771
f 10773 10784 10772
f 10775 10785 10773
f 10786 10787 10775
f 10788 10786 10776
f 10789 10776 10777
f 10790 10777 10778
f 10791 10778 10779
f 10792 10779 10780
f 10793 10780 10781
f 10783 10794 10782
f 10784 10795 10783
f 10785 10796 10784
f 10787 10797 10785
f 10798 10799 10787
f 10800 10798 10788
f 10801 10788 10789
f 10802 10789 10790
f 10803 10790 10791
f 10804 10791 10792
f 10805 10792 10793
f 10795 10806 10794
f 10796 10807 10795
f 10797 10808 10796
f 10799 10809 10797
f 10810 10811 10799
f 10812 10810 10800
f 10813 10800 10801
f 10814 10801 10802
f 10815 10802 10803
f 10816 10803 10804
f 10817 10804 10805
f 10807 10818 10806
f 10808 10819 10807
f 10809 10820 10808
f 10811 10821 10809
f 10822 10823 10811
f 10824 10822 10812
f 10825 10812 10813
f 10826 10813 10814
f 10827 10814 10815
f 10828 10815 10816
f 10829 10816 10817
f 10819 10830 10818
f 10820 10831 10819
f 10821 10832 10820
f 10823 10833 10821
f 10834 10835 10823
f 10836 10834 10824
f 10837 10824 10825
f 10838 10825 10826
f 10839 10826 10827
f 10840 10827 10828
f 10841 10828 10829
f 10831 10842 10830
f 10832 10843 10831
f 10833 10844 10832
f 10835 10845 10833
f 10846 10847 10835
f 10848 10846 10836
f 10849 10836 10837
f 10850 10837 10838
f 10851 10838 10839
f 10852 10839 10840
f 10853 10840 10841
f 10843 10854 10842
f 10844 10855 10843
f 10845 10856 10844
f 10847 10857 10845
f 10858 10859 10847
f 10860 10858 10848
f 10861 10848 10849
f 10862 10849 10850
f 10863 10850 10851
f 10864 10851 10852
f 10865 10852 10853
f 10855 10866 10854
f 10856 10867 10855
f 10857 10868 10856
f 10859 10869 10857
f 10870 10871 10859
f 10872 10870 10860
f 10873 10860 10861
f 10874 10861 10862
f 10875 10862 10863
f 10876 10863 10864
f 10877 10864 10865
f 10867 10878 10866
f 10868 10879 10867
f 10869 10880 10868
f 10871 10881 10869
f 10882 10883 10871
f 10884 10882 10872
f 10885 10872 10873
f 10886 10873 10874
f 10887 10874 10875
f 10888 10875 10876
f 10889 10876 10877
f 10879 10890 10878
f 10880 10891 10879
f 10881 10892 10880
f 10883 10893 10881
f 10894 10895 10883
f 10896 10894 10884
f 10897 10884 10885
f 10898 10885 10886
f 10899 10886 10887
f 10900 10887 10888
f 10901 10888 10889
f 10891 10902 10890
f 10892 10903 10891
f 10893 10904 10892
f 10895 10905 10893
f 10906 10907 10895
f 10908 10906 10896
f 10909 10896 10897
f 10910 10897 10898
f 10911 10898 10899
f 10912 10899 10900
f 10913 10900 10901
f 10903 10914 10902
f 10904 10915 10903
f 10905 10916 10904
f 10907 10917 10905
f 10918 10919 10907
f 10920 10918 10908
f 10921 10908 10909
f 10922 10909 10910
f 10923 10910 10911
f 10924 10911 10912
f 10925 10912 10913
f 10926 10914 10915
f 10927 10915 10916
f 10928 10916 10917
f 10929 10917 10919
f 10930 10919 10931
f 10932 10931 10920
f 10921 10932 10920
f 10922 10933 10921
f 10923 10934 10922
f 10924 10935 10923
f 10925 10936 10924
f 10926 10937 10938
f 10927 10939 10926
f 10928 10940 10927
f 10929 10941 10928
f 10930 10942 10929
f 10943 10930 10932
f 10944 10932 10933
f 10945 10933 10934
f 10946 10934 10935
f 10947 10935 10936
f 10948 10936 10949
f 10939 10950 10937
f 10940 10951 10939
f 10941 10952 10940
f 10942 10953 10941
f 10954 10955 10942
f 10956 10954 10943
f 10957 10943 10944
f 10958 10944 10945
f 10959 10945 10946
f 10960 10946 10947
f 10961 10947 10948
f 10951 10962 10950
f 10952 10963 10951
f 10953 10964 10952
f 10955 10965 10953
f 10966 10967 10955
f 10968 10966 10956
f 10969 10956 10957
f 10970 10957 10958
f 10971 10958 10959
f 10972 10959 10960
f 10973 10960 10961
f 10963 10974 10962
f 10964 10975 10963
f 10965 10976 10964
f 10967 10977 10965
f 10978 10979 10967
f 10980 10978 10968
f 10981 10968 10969
f 10982 10969 10970
f 10983 10970 10971
f 10984 10971 10972
f 10985 10972 10973
f 10975 10986 10974
f 10976 10987 10975
f 10977 10988 10976
f 10979 10989 10977
f 10990 10991 10979
f 10992 10990 10980
f 10993 10980 10981
f 10994 10981 10982
f 10995 10982 10983
f 10996 10983 10984
f 10997 10984 10985
f 10987 10998 10986
f 10988 10999 10987
f 10989 11000 10988
f 10991 11001 10989
f 11002 11003 10991
f 11004 11002 10992
f 11005 10992 10993
f 11006 10993 10994
f 11007 10994 10995
f 11008 10995 10996
f 11009 10996 10997
f 10999 11010 10998
f 11000 11011 10999
f 11001 11012 11000
f 11003 11013 11001
f 11014 11015 11003
f 11016 11014 11004
f 11017 11004 11005
f 11018 11005 11006
f 11019 11006 11007
f 11020 11007 11008
f 11021 11008 11009
f 11011 11022 11010
f 11012 11023 11011
f 11013 11024 11012
f 11015 11025 11013
f 11026 11027 11015
f 11028 11026 11016
f 11029 11016 11017
f 11030 11017 11018
f 11031 11018 11019
f 11032 11019 11020
f 11033 11020 11021
f 11023 11034 11022
f 11024 11035 11023
f 11025 11036 11024
f 11027 11037 11025
f 11038 11039 11027
f 11040 11038 11028
f 11041 11028 11029
f 11042 11029 11030
f 11043 11030 11031
f 11044 11031 11032
f 11045 11032 11033
f 11035 11046 11034
f 11036 11047 11035
f 11037 11048 11036
f 11039 11049 11037
f 11050 11051 11039
f 11052 11050 11040
f 11053 11040 11041
f 11054 11041 11042
f 11055 11042 11043
f 11056 11043 11044
f 11057 11044 11045
f 11058 11046 11047
f 11059 11047 11048
f 11060 11048 11049
f 11061 11049 11051
f 11062 11051 11063
f 11064 11063 11052
f 11053 11064 11052
f 11054 11065 11053
f 11055 11066 11054
f 11056 11067 11055
f 11057 11068 11056
f 11069 11070 11058
f 11071 11058 11059
f 11072 11059 11060
f 11073 11060 11061
f 11074 11061 11062
f 11075 11062 11064
f 11065 11075 11064
f 11066 11076 11065
f 11067 11077 11066
f 11068 11078 11067
f 11079 11080 11068
f 11081 11082 11069
f 11083 11069 11071
f 11084 11071 11072
f 11085 11072 11073
f 11086 11073 11074
f 11087 11074 11075
f 11076 11087 11075
f 11077 11088 11076
f 11078 11089 11077
f 11080 11090 11078
f 11091 11092 11080
f 11093 11094 11081
f 11095 11081 11083
f 11096 11083 11084
f 11097 11084 11085
f 11098 11085 11086
f 11099 11086 11087
f 11088 11099 11087
f 11089 11100 11088
f 11090 11101 11089
f 11092 11102 11090
f 11103 11104 11092
f 11105 11106 11093
f 11107 11093 11095
f 11108 11095 11096
f 11109 11096 11097
f 11110 11097 11098
f 11111 11098 11099
f 11100 11111 11099
f 11101 11112 11100
f 11102 11113 11101
f 11104 11114 11102
f 11115 11116 11104
f 11117 11118 11105
f 11119 11105 11107
f 11120 11107 11108
f 11121 11108 11109
f 11122 11109 11110
f 11123 11110 11111
f 11112 11123 11111
f 11113 11124 11112
f 11114 11125 11113
f 11116 11126 11114
f 11127 11128 11116
f 11129 11130 11117
f 11131 11117 11119
f 11132 11119 11120
f 11133 11120 11121
f 11134 11121 11122
f 11135 11122 11123
f 11124 11135 11123
f 11125 11136 11124
f 11126 11137 11125
f 11128 11138 11126
f 11139 11140 11128
f 11141 11142 11129
f 11143 11129 11131
f 11144 11131 11132
f 11145 11132 11133
f 11146 11133 11134
f 11147 11134 11135
f 11136 11147 11135
f 11137 11148 11136
f 11138 11149 11137
f 11140 11150 11138
f 11151 11152 11140
f 11153 11154 11141
f 11155 11141 11143
f 11156 11143 11144
f 11157 11144 11145
f 11158 11145 11146
f 11159 11146 11147
f 11148 11159 11147
f 11149 11160 11148
f 11150 11161 11149
f 11152 11162 11150
f 11163 11164 11152
f 11165 11166 11153
f 11167 11153 11155
f 11168 11155 11156
f 11169 11156 11157
f 11170 11157 11158
f 11171 11158 11159
f 11160 11171 11159
f 11161 11172 11160
f 11162 11173 11161
f 11164 11174 11162
f 11175 11176 11164
f 11177 11178 11165
f 11179 11165 11167
f 11180 11167 11168
f 11181 11168 11169
f 11182 11169 11170
f 11183 11170 11171
f 11172 11183 11171
f 11173 11184 11172
f 11174 11185 11173
f 11176 11186 11174
f 11187 11188 11176
f 11177 11189 11190
f 11179 11191 11177
f 11180 11192 11179
f 11181 11193 11180
f 11182 11194 11181
f 11195 11182 11183
f 11196 11183 11184
f 11197 11184 11185
f 11198 11185 11186
f 11199 11186 11188
f 11200 11188 11201
f 11202 11189 11191
f 11203 11191 11192
f 11204 11192 11193
f 11205 11193 11194
f 11206 11194 11207
f 11208 11207 11195
f 11196 11208 11195
f 11197 11209 11196
f 11198 11210 11197
f 11199 11211 11198
f 11200 11212 11199
f 11213 11214 11202
f 11215 11202 11203
f 11216 11203 11204
f 11217 11204 11205
f 11218 11205 11206
f 11219 11206 11208
f 11209 11219 11208
f 11210 11220 11209
f 11211 11221 11210
f 11212 11222 11211
f 11223 11224 11212
f 11213 11225 11226
f 11215 11227 11213
f 11216 11228 11215
f 11217 11229 11216
f 11218 11230 11217
f 11231 11218 11219
f 11232 11219 11220
f 11233 11220 11221
f 11234 11221 11222
f 11235 11222 11224
f 11236 11224 11237
f 11227 11238 11225
f 11228 11239 11227
f 11229 11240 11228
f 11230 11241 11229
f 11242 11243 11230
f 11244 11242 11231
f 11245 11231 11232
f 11246 11232 11233
f 11247 11233 11234
f 11248 11234 11235
f 11249 11235 11236
f 11239 11250 11238
f 11240 11251 11239
f 11241 11252 11240
f 11243 11253 11241
f 11254 11255 11243
f 11256 11254 11244
f 11257 11244 11245
f 11258 11245 11246
f 11259 11246 11247
f 11260 11247 11248
f 11261 11248 11249
f 11251 11262 11250
f 11252 11263 11251
f 11253 11264 11252
f 11255 11265 11253
f 11266 11267 11255
f 11268 11266 11256
f 11269 11256 11257
f 11270 11257 11258
f 11271 11258 11259
f 11272 11259 11260
f 11273 11260 11261
f 11263 11274 11262
f 11264 11275 11263
f 11265 11276 11264
f 11267 11277 11265
f 11278 11279 11267
f 11280 11278 11268
f 11281 11268 11269
f 11282 11269 11270
f 11283 11270 11271
f 11284 11271 11272
f 11285 11272 11273
f 11275 11286 11274
f 11276 11287 11275
f 11277 11288 11276
f 11279 11289 11277
f 11290 11291 11279
f 11292 11290 11280
f 11293 11280 11281
f 11294 11281 11282
f 11295 11282 11283
f 11296 11283 11284
f 11297 11284 11285
f 11287 11298 11286
f 11288 11299 11287
f 11289 11300 11288
f 11291 11301 11289
f 11302 11303 11291
f 11304 11302 11292
f 11305 11292 11293
f 11306 11293 11294
f 11307 11294 11295
f 11308 11295 11296
f 11309 11296 11297
f 11299 11310 11298
f 11300 11311 11299
f 11301 11312 11300
f 11303 11313 11301
f 11314 11315 11303
f 11316 11314 11304
f 11317 11304 11305
f 11318 11305 11306
f 11319 11306 11307
f 11320 11307 11308
f 11321 11308 11309
f 11311 11322 11310
f 11312 11323 11311
f 11313 11324 11312
f 11315 11325 11313
f 11326 11327 11315
f 11328 11326 11316
f 11329 11316 11317
f 11330 11317 11318
f 11331 11318 11319
f 11332 11319 11320
f 11333 11320 11321
f 11323 11334 11322
f 11324 11335 11323
f 11325 11336 11324
f 11327 11337 11325
f 11338 11339 11327
f 11340 11338 11328
f 11341 11328 11329
f 11342 11329 11330
f 11343 11330 11331
f 11344 11331 11332
f 11345 11332 11333
f 11346 11334 11335
f 11347 11335 11336
f 11348 11336 11337
f 11349 11337 11339
f 11350 11349 11339
f 11351 11350 11340
f 11341 11351 11340
f 11342 11352 11341
f 11343 11353 11342
f 11344 11354 11343
f 11345 11355 11344
f 11346 11356 11357
f 11347 11358 11346
f 11348 11359 11347
f 11349 11360 11348
f 11361 11349 11362
f 11363 11362 11351
f 11352 11363 11351
f 11353 11364 11352
f 11365 11353 11354
f 11366 11354 11355
f 11367 11355 11368
f 11358 11369 11356
f 11359 11370 11358
f 11360 11371 11359
f 11372 11360 11373
f 11361 11372 11373
f 11374 11361 11363
f 11375 11363 11364
f 11376 11364 11377
f 11378 11377 11365
f 11379 11365 11366
f 11380 11366 11367
f 11381 11369 11370
f 11382 11370 11371
f 11383 11371 11384
f 11385 11384 11372
f 11386 11372 11387
f 11388 11387 11374
f 11375 11388 11374
f 11376 11389 11375
f 11378 11390 11376
f 11379 11391 11378
f 11380 11392 11379
f 11393 11394 11381
f 11395 11381 11382
f 11396 11382 11383
f 11397 11383 11385
f 11398 11385 11386
f 11399 11386 11388
f 11389 11399 11388
f 11390 11400 11389
f 11391 11401 11390
f 11392 11402 11391
f 11403 11404 11392
f 11405 11406 11393
f 11407 11393 11395
f 11408 11395 11396
f 11409 11396 11397
f 11410 11397 11398
f 11411 11398 11399
f 11400 11411 11399
f 11401 11412 11400
f 11402 11413 11401
f 11404 11414 11402
f 11415 11416 11404
f 11417 11418 11405
f 11419 11405 11407
f 11420 11407 11408
f 11421 11408 11409
f 11422 11409 11410
f 11423 11410 11411
f 11412 11423 11411
f 11413 11424 11412
f 11414 11425 11413
f 11416 11426 11414
f 11427 11428 11416
f 11429 11430 11417
f 11431 11417 11419
f 11432 11419 11420
f 11433 11420 11421
f 11434 11421 11422
f 11435 11422 11423
f 11424 11435 11423
f 11425 11436 11424
f 11426 11437 11425
f 11428 11438 11426
f 11439 11440 11428
f 11441 11442 11429
f 11443 11429 11431
f 11444 11431 11432
f 11445 11432 11433
f 11446 11433 11434
f 11447 11434 11435
f 11436 11447 11435
f 11437 11448 11436
f 11438 11449 11437
f 11440 11450 11438
f 11451 11452 11440
f 11453 11454 11441
f 11455 11441 11443
f 11456 11443 11444
f 11457 11444 11445
f 11458 11445 11446
f 11459 11446 11447
f 11448 11459 11447
f 11449 11460 11448
f 11450 11461 11449
f 11452 11462 11450
f 11463 11464 11452
f 11465 11466 11453
f 11467 11453 11455
f 11468 11455 11456
f 11469 11456 11457
f 11470 11457 11458
f 11471 11458 11459
f 11460 11471 11459
f 11461 11472 11460
f 11462 11473 11461
f 11464 11474 11462
f 11475 11476 11464
f 11477 11478 11465
f 11479 11465 11467
f 11480 11467 11468
f 11481 11468 11469
f 11482 11469 11470
f 11483 11470 11471
f 11472 11483 11471
f 11473 11484 11472
f 11474 11485 11473
f 11476 11486 11474
f 11487 11488 11476
f 9033 11489 11477
f 9035 11477 11479
f 9037 11479 11480
f 9039 11480 11481
f 9041 11481 11482
f 11483 9041 11482
f 11484 9042 11483
f 11485 9043 11484
f 11486 9045 11485
f 11488 9047 11486
f 11490 9049 11488
f 11491 11492 11493
f 11494 11493 11495
f 11496 11495 11497
f 11498 11497 11499
f 11500 11499 11501
f 11502 11501 11503
f 11504 11502 11503
f 11505 11506 11504
f 11507 11508 11505
f 11509 11510 11507
f 11511 11512 11509
f 11513 11514 11491
f 11515 11491 11494
f 11516 11494 11496
f 11517 11496 11498
f 11518 11498 11500
f 11519 11500 11502
f 11506 11519 11502
f 11508 11520 11506
f 11510 11521 11508
f 11512 11522 11510
f 11523 11524 11512
f 11525 11526 11513
f 11527 11513 11515
f 11528 11515 11516
f 11529 11516 11517
f 11530 11517 11518
f 11531 11518 11519
f 11520 11531 11519
f 11521 11532 11520
f 11522 11533 11521
f 11524 11534 11522
f 11535 11536 11524
f 11537 11538 11525
f 11539 11525 11527
f 11540 11527 11528
f 11541 11528 11529
f 11542 11529 11530
f 11543 11530 11531
f 11532 11543 11531
f 11533 11544 11532
f 11534 11545 11533
f 11536 11546 11534
f 11547 11548 11536
f 11549 11550 11537
f 11551 11537 11539
f 11552 11539 11540
f 11553 11540 11541
f 11554 11541 11542
f 11555 11542 11543
f 11544 11555 11543
f 11545 11556 11544
f 11546 11557 11545
f 11548 11558 11546
f 11559 11560 11548
f 11561 11562 11549
f 11563 11549 11551
f 11564 11551 11552
f 11565 11552 11553
f 11566 11553 11554
f 11567 11554 11555
f 11556 11567 11555
f 11557 11568 11556
f 11558 11569 11557
f 11560 11570 11558
f 11571 11572 11560
f 11573 11574 11561
f 11575 11561 11563
f 11576 11563 11564
f 11577 11564 11565
f 11578 11565 11566
f 11579 11566 11567
f 11568 11579 11567
f 11569 11580 11568
f 11570 11581 11569
f 11572 11582 11570
f 11583 11584 11572
f 11585 11586 11573
f 11587 11573 11575
f 11588 11575 11576
f 11589 11576 11577
f 11590 11577 11578
f 11591 11578 11579
f 11580 11591 11579
f 11581 11592 11580
f 11582 11593 11581
f 11584 11594 11582
f 11595 11596 11584
f 11597 11598 11585
f 11599 11585 11587
f 11600 11587 11588
f 11601 11588 11589
f 11602 11589 11590
f 11603 11590 11591
f 11592 11603 11591
f 11593 11604 11592
f 11594 11605 11593
f 11596 11606 11594
f 11607 11608 11596
f 11609 11610 11597
f 11611 11597 11599
f 11612 11599 11600
f 11613 11600 11601
f 11614 11601 11602
f 11615 11602 11603
f 11604 11615 11603
f 11605 11616 11604
f 11606 11617 11605
f 11608 11618 11606
f 11619 11620 11608
f 11609 11621 11622
f 11611 11623 11609
f 11612 11624 11611
f 11613 11625 11612
f 11614 11626 11613
f 11627 11614 11615
f 11628 11615 11616
f 11629 11616 11617
f 11630 11617 11618
f 11631 11618 11620
f 11632 11620 11633
f 11634 11621 11623
f 11635 11623 11624
f 11636 11624 11625
f 11637 11625 11626
f 11638 11626 11639
f 11640 11639 11627
f 11628 11640 11627
f 11629 11641 11628
f 11630 11642 11629
f 11631 11643 11630
f 11632 11644 11631
f 11645 11646 11634
f 11647 11634 11635
f 11648 11635 11636
f 11649 11636 11637
f 11650 11637 11638
f 11651 11638 11640
f 11641 11651 11640
f 11642 11652 11641
f 11643 11653 11642
f 11644 11654 11643
f 11655 11656 11644
f 11657 11658 11645
f 11659 11645 11647
f 11660 11647 11648
f 11661 11648 11649
f 11662 11649 11650
f 11663 11650 11651
f 11652 11663 11651
f 11653 11664 11652
f 11654 11665 11653
f 11656 11666 11654
f 11667 11668 11656
f 11669 11670 11657
f 11671 11657 11659
f 11672 11659 11660
f 11673 11660 11661
f 11674 11661 11662
f 11675 11662 11663
f 11664 11675 11663
f 11665 11676 11664
f 11666 11677 11665
f 11668 11678 11666
f 11679 11680 11668
f 11681 11682 11669
f 11683 11669 11671
f 11684 11671 11672
f 11685 11672 11673
f 11686 11673 11674
f 11687 11674 11675
f 11676 11687 11675
f 11677 11688 11676
f 11678 11689 11677
f 11680 11690 11678
f 11691 11692 11680
f 11681 11693 11694
f 11683 11695 11681
f 11684 11696 11683
f 11685 11697 11684
f 11686 11698 11685
f 11699 11686 11687
f 11700 11687 11688
f 11701 11688 11689
f 11702 11689 11690
f 11703 11690 11692
f 11704 11692 11705
f 11695 11706 11693
f 11696 11707 11695
f 11697 11708 11696
f 11698 11709 11697
f 11710 11711 11698
f 11712 11710 11699
f 11713 11699 11700
f 11714 11700 11701
f 11715 11701 11702
f 11716 11702 11703
f 11717 11703 11704
f 11707 11718 11706
f 11708 11719 11707
f 11709 11720 11708
f 11711 11721 11709
f 11722 11723 11711
f 11724 11722 11712
f 11725 11712 11713
f 11726 11713 11714
f 11727 11714 11715
f 11728 11715 11716
f 11729 11716 11717
f 11719 11730 11718
f 11720 11731 11719
f 11721 11732 11720
f 11723 11733 11721
f 11734 11735 11723
f 11736 11734 11724
f 11737 11724 11725
f 11738 11725 11726
f 11739 11726 11727
f 11740 11727 11728
f 11741 11728 11729
f 11731 11742 11730
f 11732 11743 11731
f 11733 11744 11732
f 11735 11745 11733
f 11746 11747 11735
f 11748 11746 11736
f 11749 11736 11737
f 11750 11737 11738
f 11751 11738 11739
f 11752 11739 11740
f 11753 11740 11741
f 11743 11754 11742
f 11744 11755 11743
f 11745 11756 11744
f 11747 11757 11745
f 11758 11759 11747
f 11760 11758 11748
f 11761 11748 11749
f 11762 11749 11750
f 11763 11750 11751
f 11764 11751 11752
f 11765 11752 11753
f 11755 11766 11754
f 11756 11767 11755
f 11757 11768 11756
f 11759 11769 11757
f 11770 11771 11759
f 11772 11770 11760
f 11773 11760 11761
f 11774 11761 11762
f 11775 11762 11763
f 11776 11763 11764
f 11777 11764 11765
f 11767 11778 11766
f 11768 11779 11767
f 11769 11780 11768
f 11771 11781 11769
f 11782 11783 11771
f 11784 11782 11772
f 11785 11772 11773
f 11786 11773 11774
f 11787 11774 11775
f 11788 11775 11776
f 11789 11776 11777
f 11790 11778 11779
f 11791 11779 11780
f 11792 11780 11781
f 11793 11781 11783
f 11794 11783 11795
f 11796 11795 11784
f 11785 11796 11784
f 11786 11797 11785
f 11787 11798 11786
f 11788 11799 11787
f 11789 11800 11788
f 11801 11802 11790
f 11803 11790 11791
f 11804 11791 11792
f 11805 11792 11793
f 11806 11793 11794
f 11807 11794 11796
f 11797 11807 11796
f 11798 11808 11797
f 11799 11809 11798
f 11800 11810 11799
f 11811 11812 11800
f 11813 11814 11801
f 11815 11801 11803
f 11816 11803 11804
f 11817 11804 11805
f 11818 11805 11806
f 11807 11818 11806
f 11808 11819 11807
f 11809 11820 11808
f 11810 11821 11809
f 11812 11822 11810
f 11823 11824 11812
f 11825 11826 11813
f 11827 11813 11815
f 11828 11815 11816
f 11829 11816 11817
f 11830 11817 11818
f 11831 11818 11819
f 11820 11831 11819
f 11821 11832 11820
f 11822 11833 11821
f 11824 11834 11822
f 11835 11836 11824
f 11837 11838 11825
f 11839 11825 11827
f 11840 11827 11828
f 11841 11828 11829
f 11842 11829 11830
f 11843 11830 11831
f 11832 11843 11831
f 11833 11844 11832
f 11834 11845 11833
f 11836 11846 11834
f 11847 11848 11836
f 11849 11850 11837
f 11851 11837 11839
f 11852 11839 11840
f 11853 11840 11841
f 11854 11841 11842
f 11855 11842 11843
f 11844 11855 11843
f 11845 11856 11844
f 11846 11857 11845
f 11848 11858 11846
f 11859 11860 11848
f 11861 11862 11849
f 11863 11849 11851
f 11864 11851 11852
f 11865 11852 11853
f 11866 11853 11854
f 11867 11854 11855
f 11856 11867 11855
f 11857 11868 11856
f 11858 11869 11857
f 11860 11870 11858
f 11871 11872 11860
f 11873 11874 11861
f 11875 11861 11863
f 11876 11863 11864
f 11877 11864 11865
f 11878 11865 11866
f 11879 11866 11867
f 11868 11879 11867
f 11869 11880 11868
f 11870 11881 11869
f 11872 11882 11870
f 11883 11884 11872
f 11873 11885 11886
f 11875 11887 11873
f 11876 11888 11875
f 11877 11889 11876
f 11878 11890 11877
f 11891 11878 11879
f 11892 11879 11880
f 11893 11880 11881
f 11894 11881 11882
f 11895 11882 11884
f 11896 11884 11897
f 11887 11898 11885
f 11888 11899 11887
f 11889 11900 11888
f 11890 11901 11889
f 11902 11903 11890
f 11904 11902 11891
f 11905 11891 11892
f 11906 11892 11893
f 11907 11893 11894
f 11908 11894 11895
f 11909 11895 11896
f 11899 11910 11898
f 11900 11911 11899
f 11901 11912 11900
f 11903 11913 11901
f 11914 11915 11903
f 11916 11914 11904
f 11917 11904 11905
f 11918 11905 11906
f 11919 11906 11907
f 11920 11907 11908
f 11921 11908 11909
f 11911 11922 11910
f 11912 11923 11911
f 11913 11924 11912
f 11915 11925 11913
f 11926 11927 11915
f 11916 11928 11926
f 11929 11916 11917
f 11930 11917 11918
f 11931 11918 11919
f 11932 11919 11920
f 11933 11920 11921
f 11923 11934 11922
f 11924 11935 11923
f 11925 11936 11924
f 11927 11937 11925
f 11928 11938 11927
f 11939 11928 11940
f 11941 11940 11929
f 11942 11929 11930
f 11943 11930 11931
f 11944 11931 11932
f 11945 11932 11933
f 11935 11946 11934
f 11936 11947 11935
f 11937 11948 11936
f 11938 11949 11937
f 11950 11951 11938
f 11952 11950 11939
f 11953 11939 11941
f 11954 11941 11942
f 11955 11942 11943
f 11956 11943 11944
f 11957 11944 11945
f 11947 11958 11946
f 11948 11959 11947
f 11949 11960 11948
f 11951 11961 11949
f 11962 11963 11951
f 11964 11962 11952
f 11965 11952 11953
f 11966 11953 11954
f 11967 11954 11955
f 11968 11955 11956
f 11969 11956 11957
f 11959 11970 11958
f 11960 11971 11959
f 11961 11972 11960
f 11963 11973 11961
f 11974 11975 11963
f 11976 11974 11964
f 11977 11964 11965
f 11978 11965 11966
f 11979 11966 11967
f 11980 11967 11968
f 11981 11968 11969
f 11971 11982 11970
f 11972 11983 11971
f 11973 11984 11972
f 11975 11985 11973
f 11986 11987 11975
f 11988 11986 11976
f 11989 11976 11977
f 11990 11977 11978
f 11991 11978 11979
f 11992 11979 11980
f 11993 11980 11981
f 11983 11994 11982
f 11984 11995 11983
f 11985 11996 11984
f 11987 11997 11985
f 11998 11999 11987
f 12000 11998 11988
f 12001 11988 11989
f 12002 11989 11990
f 12003 11990 11991
f 12004 11991 11992
f 12005 11992 11993
f 11995 12006 11994
f 11996 12007 11995
f 11997 12008 11996
f 11999 12009 11997
f 12010 12011 11999
f 12012 12010 12000
f 12013 12000 12001
f 12014 12001 12002
f 12015 12002 12003
f 12016 12003 12004
f 12017 12004 12005
f 12007 12018 12006
f 12008 12019 12007
f 12009 12020 12008
f 12011 12021 12009
f 12022 12023 12011
f 12024 12022 12012
f 12025 12012 12013
f 12026 12013 12014
f 12027 12014 12015
f 12028 12015 12016
f 12029 12016 12017
f 12019 12030 12018
f 12020 12031 12019
f 12021 12032 12020
f 12023 12033 12021
f 12034 12035 12023
f 12036 12034 12024
f 12037 12024 12025
f 12038 12025 12026
f 12039 12026 12027
f 12040 12027 12028
f 12041 12028 12029
f 12031 12042 12030
f 12032 12043 12031
f 12033 12044 12032
f 12035 12045 12033
f 12046 12047 12035
f 12036 12048 12046
f 12049 12036 12037
f 12050 12037 12038
f 12051 12038 12039
f 12052 12039 12040
f 12053 12040 12041
f 12043 12054 12042
f 12044 12055 12043
f 12045 12056 12044
f 12047 12057 12045
f 12048 12058 12047
f 12059 12048 12060
f 12061 12060 12049
f 12062 12049 12050
f 12063 12050 12051
f 12064 12051 12052
f 12065 12052 12053
f 12055 12066 12054
f 12056 12067 12055
f 12057 12068 12056
f 12058 12069 12057
f 12070 12071 12058
f 12059 12072 12070
f 12073 12059 12061
f 12074 12061 12062
f 12075 12062 12063
f 12076 12063 12064
f 12077 12064 12065
f 12078 12066 12067
f 12079 12067 12068
f 12080 12068 12069
f 12081 12069 12071
f 12082 12071 12072
f 12083 12072 12084
f 12073 12083 12084
f 12074 12085 12073
f 12075 12086 12074
f 12076 12087 12075
f 12077 12088 12076
f 12089 12090 12078
f 12091 12078 12079
f 12092 12079 12080
f 12093 12080 12081
f 12094 12081 12082
f 12095 12082 12083
f 12085 12095 12083
f 12086 12096 12085
f 12087 12097 12086
f 12088 12098 12087
f 12099 12100 12088
f 12101 12102 12089
f 12103 12089 12091
f 12104 12091 12092
f 12105 12092 12093
f 12106 12093 12094
f 12107 12094 12095
f 12096 12107 12095
f 12097 12108 12096
f 12098 12109 12097
f 12100 12110 12098
f 12111 12112 12100
f 12113 12114 12101
f 12115 12101 12103
f 12116 12103 12104
f 12117 12104 12105
f 12118 12105 12106
f 12119 12106 12107
f 12108 12119 12107
f 12109 12120 12108
f 12110 12121 12109
f 12112 12122 12110
f 12123 12124 12112
f 12125 12126 12113
f 12127 12113 12115
f 12128 12115 12116
f 12129 12116 12117
f 12130 12117 12118
f 12131 12118 12119
f 12120 12131 12119
f 12121 12132 12120
f 12122 12133 12121
f 12124 12134 12122
f 12135 12136 12124
f 12137 12138 12125
f 12139 12125 12127
f 12140 12127 12128
f 12141 12128 12129
f 12142 12129 12130
f 12143 12130 12131
f 12132 12143 12131
f 12133 12144 12132
f 12134 12145 12133
f 12136 12146 12134
f 12147 12148 12136
f 12149 12150 12137
f 12151 12137 12139
f 12152 12139 12140
f 12153 12140 12141
f 12154 12141 12142
f 12155 12142 12143
f 12144 12155 12143
f 12145 12156 12144
f 12146 12157 12145
f 12148 12158 12146
f 12159 12160 12148
f 12161 12162 12149
f 12163 12149 12151
f 12164 12151 12152
f 12165 12152 12153
f 12166 12153 12154
f 12167 12154 12155
f 12156 12167 12155
f 12157 12168 12156
f 12158 12169 12157
f 12160 12170 12158
f 12171 12172 12160
f 12173 12174 12161
f 12175 12161 12163
f 12176 12163 12164
f 12177 12164 12165
f 12178 12165 12166
f 12179 12166 12167
f 12168 12179 12167
f 12169 12180 12168
f 12170 12181 12169
f 12172 12182 12170
f 12183 12184 12172
f 12185 12186 12173
f 12187 12173 12175
f 12188 12175 12176
f 12189 12176 12177
f 12190 12177 12178
f 12191 12178 12179
f 12180 12191 12179
f 12181 12192 12180
f 12182 12193 12181
f 12184 12194 12182
f 12195 12196 12184
f 12185 12197 12198
f 12187 12199 12185
f 12188 12200 12187
f 12189 12201 12188
f 12190 12202 12189
f 12203 12190 12191
f 12204 12191 12192
f 12205 12192 12193
f 12206 12193 12194
f 12207 12194 12196
f 12208 12196 12209
f 12199 12210 12197
f 12200 12211 12199
f 12201 12212 12200
f 12202 12213 12201
f 12214 12215 12202
f 12216 12214 12203
f 12217 12203 12204
f 12218 12204 12205
f 12219 12205 12206
f 12220 12206 12207
f 12221 12207 12208
f 12222 12210 12211
f 12223 12211 12212
f 12224 12212 12213
f 12225 12213 12215
f 12226 12215 12227
f 12228 12227 12216
f 12217 12228 12216
f 12218 12229 12217
f 12219 12230 12218
f 12220 12231 12219
f 12221 12232 12220
f 12233 12234 12222
f 12235 12222 12223
f 12236 12223 12224
f 12237 12224 12225
f 12238 12225 12226
f 12239 12226 12228
f 12229 12239 12228
f 12230 12240 12229
f 12231 12241 12230
f 12232 12242 12231
f 12243 12244 12232
f 12245 12246 12233
f 12247 12233 12235
f 12248 12235 12236
f 12249 12236 12237
f 12250 12237 12238
f 12251 12238 12239
f 12240 12251 12239
f 12241 12252 12240
f 12242 12253 12241
f 12244 12254 12242
f 12255 12256 12244
f 12257 12258 12245
f 12259 12245 12247
f 12260 12247 12248
f 12261 12248 12249
f 12262 12249 12250
f 12263 12250 12251
f 12252 12263 12251
f 12253 12264 12252
f 12254 12265 12253
f 12256 12266 12254
f 12267 12268 12256
f 12269 12270 12257
f 12271 12257 12259
f 12272 12259 12260
f 12273 12260 12261
f 12274 12261 12262
f 12275 12262 12263
f 12264 12275 12263
f 12265 12276 12264
f 12266 12277 12265
f 12268 12278 12266
f 12279 12280 12268
f 12281 12282 12269
f 12283 12269 12271
f 12284 12271 12272
f 12285 12272 12273
f 12286 12273 12274
f 12287 12274 12275
f 12288 12275 12276
f 12277 12288 12276
f 12278 12289 12277
f 12280 12290 12278
f 12291 12292 12280
f 12281 12293 12294
f 12283 12295 12281
f 12284 12296 12283
f 12285 12297 12284
f 12286 12298 12285
f 12299 12286 12287
f 12300 12287 12288
f 12301 12288 12289
f 12302 12289 12290
f 12303 12290 12292
f 12304 12292 12305
f 12295 12306 12293
f 12296 12307 12295
f 12297 12308 12296
f 12298 12309 12297
f 12310 12311 12298
f 12312 12310 12299
f 12313 12299 12300
f 12314 12300 12301
f 12315 12301 12302
f 12316 12302 12303
f 12317 12303 12304
f 12307 12318 12306
f 12308 12319 12307
f 12309 12320 12308
f 12311 12321 12309
f 12322 12323 12311
f 12324 12322 12312
f 12325 12312 12313
f 12326 12313 12314
f 12327 12314 12315
f 12328 12315 12316
f 12329 12316 12317
f 12319 12330 12318
f 12320 12331 12319
f 12321 12332 12320
f 12323 12333 12321
f 12334 12335 12323
f 12336 12334 12324
f 12337 12324 12325
f 12338 12325 12326
f 12339 12326 12327
f 12340 12327 12328
f 12341 12328 12329
f 12331 12342 12330
f 12332 12343 12331
f 12333 12344 12332
f 12335 12345 12333
f 12346 12347 12335
f 12348 12346 12336
f 12349 12336 12337
f 12350 12337 12338
f 12351 12338 12339
f 12352 12339 12340
f 12353 12340 12341
f 12343 12354 12342
f 12344 12355 12343
f 12345 12356 12344
f 12347 12357 12345
f 12358 12359 12347
f 12360 12358 12348
f 12361 12348 12349
f 12362 12349 12350
f 12363 12350 12351
f 12364 12351 12352
f 12365 12352 12353
f 12366 12354 12355
f 12367 12355 12356
f 12368 12356 12357
f 12369 12357 12359
f 12370 12359 12371
f 12372 12371 12360
f 12361 12372 12360
f 12362 12373 12361
f 12363 12374 12362
f 12364 12375 12363
f 12365 12376 12364
f 12377 12378 12366
f 12379 12366 12367
f 12380 12367 12368
f 12381 12368 12369
f 12382 12369 12370
f 12383 12370 12372
f 12373 12383 12372
f 12374 12384 12373
f 12375 12385 12374
f 12376 12386 12375
f 12387 12388 12376
f 12389 12390 12377
f 12391 12377 12379
f 12392 12379 12380
f 12393 12380 12381
f 12394 12381 12382
f 12383 12394 12382
f 12384 12395 12383
f 12385 12396 12384
f 12386 12397 12385
f 12388 12398 12386
f 12399 12400 12388
f 12401 12402 12389
f 12403 12389 12391
f 12404 12391 12392
f 12405 12392 12393
f 12406 12393 12394
f 12407 12394 12395
f 12396 12407 12395
f 12397 12408 12396
f 12398 12409 12397
f 12400 12410 12398
f 12411 12412 12400
f 12413 12414 12401
f 12415 12401 12403
f 12416 12403 12404
f 12417 12404 12405
f 12418 12405 12406
f 12419 12406 12407
f 12408 12419 12407
f 12409 12420 12408
f 12410 12421 12409
f 12412 12422 12410
f 12423 12424 12412
f 12425 12426 12413
f 12427 12413 12415
f 12428 12415 12416
f 12429 12416 12417
f 12430 12417 12418
f 12431 12418 12419
f 12420 12431 12419
f 12421 12432 12420
f 12422 12433 12421
f 12424 12434 12422
f 12435 12436 12424
f 12437 12438 12425
f 12439 12425 12427
f 12440 12427 12428
f 12441 12428 12429
f 12442 12429 12430
f 12443 12430 12431
f 12432 12443 12431
f 12433 12444 12432
f 12434 12445 12433
f 12436 12446 12434
f 12447 12448 12436
f 12437 12449 12450
f 12439 12451 12437
f 12440 12452 12439
f 12441 12453 12440
f 12442 12454 12441
f 12455 12442 12443
f 12456 12443 12444
f 12457 12444 12445
f 12458 12445 12446
f 12459 12446 12448
f 12460 12448 12461
f 12451 12462 12449
f 12452 12463 12451
f 12453 12464 12452
f 12454 12465 12453
f 12466 12467 12454
f 12468 12466 12455
f 12469 12455 12456
f 12470 12456 12457
f 12471 12457 12458
f 12472 12458 12459
f 12473 12459 12460
f 12463 12474 12462
f 12464 12475 12463
f 12465 12476 12464
f 12467 12477 12465
f 12478 12479 12467
f 12480 12478 12468
f 12481 12468 12469
f 12482 12469 12470
f 12483 12470 12471
f 12484 12471 12472
f 12485 12472 12473
f 12475 12486 12474
f 12476 12487 12475
f 12477 12488 12476
f 12479 12489 12477
f 12490 12491 12479
f 12492 12490 12480
f 12493 12480 12481
f 12494 12481 12482
f 12495 12482 12483
f 12496 12483 12484
f 12497 12484 12485
f 12498 12486 12487
f 12499 12487 12488
f 12500 12488 12489
f 12501 12489 12491
f 12502 12491 12503
f 12504 12503 12492
f 12493 12504 12492
f 12494 12505 12493
f 12495 12506 12494
f 12496 12507 12495
f 12497 12508 12496
f 12509 12510 12498
f 12511 12498 12499
f 12512 12499 12500
f 12513 12500 12501
f 12514 12501 12502
f 12515 12502 12504
f 12505 12515 12504
f 12506 12516 12505
f 12507 12517 12506
f 12508 12518 12507
f 12519 12520 12508
f 12509 12521 12522
f 12511 12523 12509
f 12512 12524 12511
f 12513 12525 12512
f 12514 12526 12513
f 12527 12514 12515
f 12528 12515 12516
f 12529 12516 12517
f 12530 12517 12518
f 12531 12518 12520
f 12532 12520 12533
f 12523 12534 12521
f 12524 12535 12523
f 12525 12536 12524
f 12526 12537 12525
f 12538 12539 12526
f 12540 12538 12527
f 12541 12527 12528
f 12542 12528 12529
f 12543 12529 12530
f 12544 12530 12531
f 12545 12531 12532
f 12535 12546 12534
f 12536 12547 12535
f 12537 12548 12536
f 12539 12549 12537
f 12550 12551 12539
f 12552 12550 12540
f 12553 12540 12541
f 12554 12541 12542
f 12555 12542 12543
f 12556 12543 12544
f 12557 12544 12545
f 12547 12558 12546
f 12548 12559 12547
f 12549 12560 12548
f 12551 12561 12549
f 12562 12563 12551
f 12564 12562 12552
f 12565 12552 12553
f 12566 12553 12554
f 12567 12554 12555
f 12568 12555 12556
f 12569 12556 12557
f 12559 12570 12558
f 12560 12571 12559
f 12561 12572 12560
f 12563 12573 12561
f 12574 12575 12563
f 12576 12574 12564
f 12577 12564 12565
f 12578 12565 12566
f 12579 12566 12567
f 12580 12567 12568
f 12581 12568 12569
f 12571 12582 12570
f 12572 12583 12571
f 12573 12584 12572
f 12575 12585 12573
f 12586 12587 12575
f 12588 12586 12576
f 12589 12576 12577
f 12590 12577 12578
f 12591 12578 12579
f 12592 12579 12580
f 12593 12580 12581
f 12583 12594 12582
f 12584 12595 12583
f 12585 12596 12584
f 12587 12597 12585
f 12598 12599 12587
f 12600 12598 12588
f 12601 12588 12589
f 12602 12589 12590
f 12603 12590 12591
f 12604 12591 12592
f 12605 12592 12593
f 12595 12606 12594
f 12596 12607 12595
f 12597 12608 12596
f 12599 12609 12597
f 12610 12611 12599
f 12612 12610 12600
f 12613 12600 12601
f 12614 12601 12602
f 12615 12602 12603
f 12616 12603 12604
f 12617 12604 12605
f 12607 12618 12606
f 12608 12619 12607
f 12609 12620 12608
f 12611 12621 12609
f 12622 12623 12611
f 12624 12622 12612
f 12625 12612 12613
f 12626 12613 12614
f 12627 12614 12615
f 12628 12615 12616
f 12629 12616 12617
f 12619 12630 12618
f 12620 12631 12619
f 12621 12632 12620
f 12623 12633 12621
f 12634 12635 12623
f 12636 12634 12624
f 12637 12624 12625
f 12638 12625 12626
f 12639 12626 12627
f 12640 12627 12628
f 12641 12628 12629
f 12631 11492 12630
f 12632 11493 12631
f 12633 11495 12632
f 12635 11497 12633
f 12642 11499 12635
f 11503 12642 12636
f 11504 12636 12637
f 11505 12637 12638
f 11507 12638 12639
f 11509 12639 12640
f 11511 12640 12641
f 9031 9054 9032
f 9034 9031 9033
f 9036 9034 9035
f 9038 9036 9037
f 9040 9038 9039
f 9042 9044 9040
f 9043 9046 9044
f 9045 9048 9046
f 9047 9050 9048
f 9049 9052 9050
f 9051 9065 9052
f 9031 9055 9053
f 9034 9056 9055
f 9036 9057 9056
f 9038 9058 9057
f 9040 9070 9058
f 9059 9070 9040
f 9060 9059 9044
f 9061 9060 9046
f 9062 9061 9048
f 9063 9062 9050
f 9064 9063 9052
f 9055 9067 9066
f 9056 9068 9067
f 9057 9069 9068
f 9058 9071 9069
f 9070 9082 9071
f 9072 9082 9070
f 9073 9072 9059
f 9074 9073 9060
f 9075 9074 9061
f 9076 9075 9062
f 9077 9076 9063
f 9067 9079 9078
f 9068 9080 9079
f 9069 9081 9080
f 9071 9083 9081
f 9082 9094 9083
f 9084 9094 9082
f 9085 9084 9072
f 9086 9085 9073
f 9087 9086 9074
f 9088 9087 9075
f 9089 9088 9076
f 9079 9091 9090
f 9080 9092 9091
f 9081 9093 9092
f 9083 9095 9093
f 9094 9096 9095
f 9084 9107 9096
f 9097 9107 9084
f 9098 9097 9085
f 9099 9098 9086
f 9100 9099 9087
f 9101 9100 9088
f 9091 9103 9102
f 9092 9104 9103
f 9093 9105 9104
f 9095 9106 9105
f 9096 9108 9106
f 9107 9120 9108
f 9109 9120 9107
f 9110 9109 9097
f 9111 9110 9098
f 9112 9111 9099
f 9113 9112 9100
f 9103 9115 9114
f 9104 9116 9115
f 9105 9117 9116
f 9106 9118 9117
f 9108 9130 9118
f 9119 9130 9108
f 9121 9119 9120
f 9122 9121 9109
f 9123 9122 9110
f 9124 9123 9111
f 9125 9124 9112
f 9115 9127 9126
f 9116 9128 9127
f 9117 9129 9128
f 9118 9131 9129
f 9130 9142 9131
f 9132 9142 9130
f 9133 9132 9119
f 9134 9133 9121
f 9135 9134 9122
f 9136 9135 9123
f 9137 9136 9124
f 9127 9139 9138
f 9128 9140 9139
f 9129 9141 9140
f 9131 9143 9141
f 9142 9154 9143
f 9144 9154 9142
f 9145 9144 9132
f 9146 9145 9133
f 9147 9146 9134
f 9148 9147 9135
f 9149 9148 9136
f 9139 9151 9150
f 9140 9152 9151
f 9141 9153 9152
f 9143 9155 9153
f 9154 9166 9155
f 9156 9166 9154
f 9157 9156 9144
f 9158 9157 9145
f 9159 9158 9146
f 9160 9159 9147
f 9161 9160 9148
f 9151 9163 9162
f 9152 9164 9163
f 9153 9174 9164
f 9165 9174 9153
f 9166 9177 9165
f 9167 9177 9166
f 9168 9167 9156
f 9158 9182 9168
f 9169 9182 9158
f 9170 9169 9159
f 9171 9170 9160
f 9163 9173 9172
f 9164 9175 9173
f 9174 9176 9175
f 9165 9178 9176
f 9177 9190 9178
f 9179 9190 9177
f 9180 9179 9167
f 9181 9180 9168
f 9183 9181 9182
f 9184 9183 9169
f 9185 9184 9170
f 9173 9187 9186
f 9175 9188 9187
f 9176 9189 9188
f 9178 9191 9189
f 9190 9202 9191
f 9192 9202 9190
f 9193 9192 9179
f 9194 9193 9180
f 9195 9194 9181
f 9196 9195 9183
f 9197 9196 9184
f 9187 9199 9198
f 9188 9200 9199
f 9189 9201 9200
f 9191 9203 9201
f 9202 9214 9203
f 9204 9214 9202
f 9205 9204 9192
f 9206 9205 9193
f 9207 9206 9194
f 9208 9207 9195
f 9209 9208 9196
f 9199 9211 9210
f 9200 9212 9211
f 9201 9213 9212
f 9203 9215 9213
f 9214 9226 9215
f 9216 9226 9214
f 9217 9216 9204
f 9218 9217 9205
f 9219 9218 9206
f 9220 9219 9207
f 9221 9220 9208
f 9211 9223 9222
f 9212 9224 9223
f 9213 9225 9224
f 9215 9227 9225
f 9226 9238 9227
f 9228 9238 9226
f 9229 9228 9216
f 9230 9229 9217
f 9231 9230 9218
f 9232 9231 9219
f 9233 9232 9220
f 9223 9235 9234
f 9224 9236 9235
f 9225 9237 9236
f 9227 9239 9237
f 9238 9250 9239
f 9240 9250 9238
f 9241 9240 9228
f 9242 9241 9229
f 9243 9242 9230
f 9244 9243 9231
f 9245 9244 9232
f 9235 9247 9246
f 9236 9248 9247
f 9237 9249 9248
f 9239 9251 9249
f 9250 9262 9251
f 9252 9262 9250
f 9253 9252 9240
f 9254 9253 9241
f 9255 9254 9242
f 9256 9255 9243
f 9257 9256 9244
f 9247 9259 9258
f 9248 9260 9259
f 9249 9261 9260
f 9251 9263 9261
f 9262 9274 9263
f 9264 9274 9262
f 9253 9276 9264
f 9265 9276 9253
f 9266 9265 9254
f 9267 9266 9255
f 9268 9267 9256
f 9259 9270 9269
f 9260 9271 9270
f 9261 9284 9271
f 9272 9284 9261
f 9273 9272 9263
f 9275 9273 9274
f 9276 9277 9275
f 9265 9288 9277
f 9278 9288 9265
f 9279 9278 9266
f 9280 9279 9267
f 9281 9294 9269
f 9282 9281 9270
f 9283 9282 9271
f 9285 9283 9284
f 9286 9285 9272
f 9287 9286 9273
f 9277 9289 9287
f 9288 9290 9289
f 9278 9291 9290
f 9279 9292 9291
f 9280 9303 9292
f 9293 9306 9294
f 9295 9293 9281
f 9296 9295 9282
f 9297 9296 9283
f 9298 9297 9285
f 9299 9298 9286
f 9289 9300 9299
f 9290 9301 9300
f 9291 9302 9301
f 9292 9304 9302
f 9303 9315 9304
f 9305 9318 9306
f 9307 9305 9293
f 9308 9307 9295
f 9309 9308 9296
f 9310 9309 9297
f 9311 9310 9298
f 9300 9312 9311
f 9301 9313 9312
f 9302 9314 9313
f 9304 9316 9314
f 9315 9329 9316
f 9305 9319 9317
f 9307 9320 9319
f 9308 9321 9320
f 9309 9322 9321
f 9310 9334 9322
f 9323 9334 9310
f 9324 9323 9311
f 9325 9324 9312
f 9326 9325 9313
f 9327 9326 9314
f 9328 9327 9316
f 9319 9331 9330
f 9320 9332 9331
f 9321 9333 9332
f 9322 9335 9333
f 9334 9346 9335
f 9336 9346 9334
f 9337 9336 9323
f 9338 9337 9324
f 9339 9338 9325
f 9340 9339 9326
f 9341 9340 9327
f 9331 9343 9342
f 9332 9344 9343
f 9333 9345 9344
f 9335 9347 9345
f 9346 9359 9347
f 9348 9359 9346
f 9349 9348 9336
f 9350 9349 9337
f 9351 9350 9338
f 9352 9351 9339
f 9353 9352 9340
f 9354 9365 9342
f 9355 9354 9343
f 9356 9355 9344
f 9357 9356 9345
f 9358 9357 9347
f 9360 9358 9359
f 9349 9370 9360
f 9361 9370 9349
f 9351 9362 9361
f 9352 9363 9362
f 9353 9375 9363
f 9364 9378 9365
f 9366 9364 9354
f 9367 9366 9355
f 9368 9367 9356
f 9369 9368 9357
f 9360 9371 9369
f 9370 9372 9371
f 9361 9373 9372
f 9362 9374 9373
f 9363 9376 9374
f 9375 9387 9376
f 9377 9390 9378
f 9379 9377 9364
f 9380 9379 9366
f 9381 9380 9367
f 9382 9381 9368
f 9383 9382 9369
f 9372 9384 9383
f 9373 9385 9384
f 9374 9386 9385
f 9376 9388 9386
f 9387 9399 9388
f 9389 9402 9390
f 9391 9389 9377
f 9392 9391 9379
f 9393 9392 9380
f 9394 9393 9381
f 9395 9394 9382
f 9384 9396 9395
f 9385 9397 9396
f 9386 9398 9397
f 9388 9400 9398
f 9399 9411 9400
f 9401 9414 9402
f 9403 9401 9389
f 9404 9403 9391
f 9405 9404 9392
f 9406 9405 9393
f 9407 9406 9394
f 9396 9408 9407
f 9397 9409 9408
f 9398 9410 9409
f 9400 9412 9410
f 9411 9423 9412
f 9413 9426 9414
f 9415 9413 9401
f 9416 9415 9403
f 9417 9416 9404
f 9418 9417 9405
f 9419 9418 9406
f 9408 9420 9419
f 9409 9421 9420
f 9410 9422 9421
f 9412 9424 9422
f 9423 9435 9424
f 9425 9438 9426
f 9427 9425 9413
f 9428 9427 9415
f 9429 9428 9416
f 9430 9429 9417
f 9431 9430 9418
f 9420 9432 9431
f 9421 9433 9432
f 9422 9434 9433
f 9424 9436 9434
f 9435 9447 9436
f 9437 9450 9438
f 9439 9437 9425
f 9440 9439 9427
f 9441 9440 9428
f 9442 9441 9429
f 9443 9442 9430
f 9432 9444 9443
f 9433 9445 9444
f 9434 9446 9445
f 9436 9448 9446
f 9447 9459 9448
f 9449 9462 9450
f 9451 9449 9437
f 9452 9451 9439
f 9453 9452 9440
f 9454 9453 9441
f 9455 9454 9442
f 9444 9456 9455
f 9445 9457 9456
f 9446 9458 9457
f 9448 9460 9458
f 9459 9471 9460
f 9461 9474 9462
f 9463 9461 9449
f 9464 9463 9451
f 9465 9464 9452
f 9466 9465 9453
f 9455 9467 9466
f 9456 9468 9467
f 9457 9469 9468
f 9458 9470 9469
f 9460 9472 9470
f 9471 9485 9472
f 9461 9475 9473
f 9463 9476 9475
f 9464 9477 9476
f 9465 9478 9477
f 9466 9490 9478
f 9479 9490 9466
f 9480 9479 9467
f 9481 9480 9468
f 9482 9481 9469
f 9483 9482 9470
f 9484 9483 9472
f 9475 9487 9486
f 9476 9488 9487
f 9477 9489 9488
f 9478 9491 9489
f 9490 9502 9491
f 9492 9502 9490
f 9493 9492 9479
f 9494 9493 9480
f 9495 9494 9481
f 9496 9495 9482
f 9497 9496 9483
f 9487 9499 9498
f 9488 9500 9499
f 9489 9501 9500
f 9491 9503 9501
f 9502 9514 9503
f 9504 9514 9502
f 9505 9504 9492
f 9506 9505 9493
f 9507 9506 9494
f 9508 9507 9495
f 9509 9508 9496
f 9499 9511 9510
f 9500 9512 9511
f 9501 9513 9512
f 9503 9515 9513
f 9514 9526 9515
f 9516 9526 9514
f 9517 9516 9504
f 9518 9517 9505
f 9519 9518 9506
f 9520 9519 9507
f 9521 9520 9508
f 9511 9523 9522
f 9512 9524 9523
f 9513 9525 9524
f 9515 9527 9525
f 9526 9538 9527
f 9528 9538 9526
f 9529 9528 9516
f 9530 9529 9517
f 9531 9530 9518
f 9532 9531 9519
f 9533 9532 9520
f 9523 9535 9534
f 9524 9536 9535
f 9525 9537 9536
f 9527 9539 9537
f 9538 9550 9539
f 9540 9550 9538
f 9541 9540 9528
f 9542 9541 9529
f 9543 9542 9530
f 9544 9543 9531
f 9545 9544 9532
f 9535 9547 9546
f 9536 9548 9547
f 9537 9549 9548
f 9539 9551 9549
f 9550 9562 9551
f 9552 9562 9550
f 9553 9552 9540
f 9554 9553 9541
f 9555 9554 9542
f 9556 9555 9543
f 9557 9556 9544
f 9547 9559 9558
f 9548 9560 9559
f 9549 9561 9560
f 9551 9563 9561
f 9562 9574 9563
f 9564 9574 9562
f 9565 9564 9552
f 9566 9565 9553
f 9567 9566 9554
f 9568 9567 9555
f 9569 9568 9556
f 9559 9571 9570
f 9560 9572 9571
f 9561 9573 9572
f 9563 9575 9573
f 9574 9586 9575
f 9576 9586 9574
f 9577 9576 9564
f 9578 9577 9565
f 9579 9578 9566
f 9580 9579 9567
f 9581 9580 9568
f 9582 9593 9570
f 9583 9582 9571
f 9584 9583 9572
f 9585 9584 9573
f 9586 9598 9585
f 9587 9598 9586
f 9588 9587 9576
f 9578 9589 9588
f 9579 9590 9589
f 9580 9591 9590
f 9581 9603 9591
f 9592 9606 9593
f 9594 9592 9582
f 9595 9594 9583
f 9596 9595 9584
f 9597 9596 9585
f 9599 9597 9598
f 9588 9600 9599
f 9589 9601 9600
f 9590 9602 9601
f 9591 9604 9602
f 9603 9615 9604
f 9605 9618 9606
f 9607 9605 9592
f 9608 9607 9594
f 9609 9608 9595
f 9610 9609 9596
f 9611 9610 9597
f 9600 9612 9611
f 9601 9613 9612
f 9602 9614 9613
f 9604 9616 9614
f 9615 9627 9616
f 9617 9630 9618
f 9619 9617 9605
f 9620 9619 9607
f 9621 9620 9608
f 9622 9621 9609
f 9623 9622 9610
f 9612 9624 9623
f 9613 9625 9624
f 9614 9626 9625
f 9616 9628 9626
f 9627 9641 9628
f 9617 9631 9629
f 9619 9632 9631
f 9620 9633 9632
f 9621 9634 9633
f 9622 9646 9634
f 9635 9646 9622
f 9636 9635 9623
f 9637 9636 9624
f 9638 9637 9625
f 9639 9638 9626
f 9640 9639 9628
f 9631 9643 9642
f 9632 9644 9643
f 9633 9645 9644
f 9634 9647 9645
f 9646 9658 9647
f 9648 9658 9646
f 9649 9648 9635
f 9650 9649 9636
f 9651 9650 9637
f 9652 9651 9638
f 9653 9652 9639
f 9643 9655 9654
f 9644 9656 9655
f 9645 9667 9656
f 9657 9667 9645
f 9658 9670 9657
f 9659 9670 9658
f 9649 9660 9659
f 9650 9672 9660
f 9661 9672 9650
f 9662 9661 9651
f 9663 9662 9652
f 9664 9678 9654
f 9665 9664 9655
f 9666 9665 9656
f 9668 9666 9667
f 9669 9668 9657
f 9671 9669 9670
f 9660 9673 9671
f 9672 9674 9673
f 9661 9675 9674
f 9662 9676 9675
f 9663 9687 9676
f 9677 9690 9678
f 9679 9677 9664
f 9680 9679 9665
f 9681 9680 9666
f 9682 9681 9668
f 9683 9682 9669
f 9673 9684 9683
f 9674 9685 9684
f 9675 9686 9685
f 9676 9688 9686
f 9687 9699 9688
f 9689 9702 9690
f 9691 9689 9677
f 9692 9691 9679
f 9693 9692 9680
f 9694 9693 9681
f 9695 9694 9682
f 9684 9696 9695
f 9685 9697 9696
f 9686 9698 9697
f 9688 9700 9698
f 9699 9711 9700
f 9701 9714 9702
f 9703 9701 9689
f 9704 9703 9691
f 9705 9704 9692
f 9706 9705 9693
f 9707 9706 9694
f 9696 9708 9707
f 9697 9709 9708
f 9698 9710 9709
f 9700 9712 9710
f 9711 9723 9712
f 9713 9726 9714
f 9715 9713 9701
f 9716 9715 9703
f 9717 9716 9704
f 9718 9717 9705
f 9719 9718 9706
f 9708 9720 9719
f 9709 9721 9720
f 9710 9722 9721
f 9712 9724 9722
f 9723 9735 9724
f 9725 9738 9726
f 9727 9725 9713
f 9728 9727 9715
f 9729 9728 9716
f 9730 9729 9717
f 9731 9730 9718
f 9720 9732 9731
f 9721 9733 9732
f 9722 9734 9733
f 9724 9736 9734
f 9735 9747 9736
f 9737 9750 9738
f 9739 9737 9725
f 9740 9739 9727
f 9741 9740 9728
f 9742 9741 9729
f 9743 9742 9730
f 9732 9744 9743
f 9733 9745 9744
f 9734 9746 9745
f 9736 9748 9746
f 9747 9759 9748
f 9749 9762 9750
f 9751 9749 9737
f 9752 9751 9739
f 9753 9752 9740
f 9754 9753 9741
f 9755 9754 9742
f 9744 9756 9755
f 9745 9757 9756
f 9746 9758 9757
f 9748 9760 9758
f 9759 9771 9760
f 9761 9774 9762
f 9763 9761 9749
f 9764 9763 9751
f 9765 9764 9752
f 9766 9765 9753
f 9767 9766 9754
f 9756 9768 9767
f 9757 9769 9768
f 9758 9770 9769
f 9760 9772 9770
f 9771 9783 9772
f 9773 9786 9774
f 9775 9773 9761
f 9776 9775 9763
f 9777 9776 9764
f 9778 9777 9765
f 9779 9778 9766
f 9768 9780 9779
f 9769 9781 9780
f 9770 9782 9781
f 9772 9784 9782
f 9783 9795 9784
f 9785 9798 9786
f 9787 9785 9773
f 9788 9787 9775
f 9789 9788 9776
f 9790 9789 9777
f 9791 9790 9778
f 9780 9792 9791
f 9781 9793 9792
f 9782 9794 9793
f 9784 9796 9794
f 9795 9807 9796
f 9797 9810 9798
f 9799 9797 9785
f 9800 9799 9787
f 9801 9800 9788
f 9802 9801 9789
f 9803 9802 9790
f 9792 9804 9803
f 9793 9805 9804
f 9794 9806 9805
f 9796 9808 9806
f 9807 9819 9808
f 9809 9822 9810
f 9811 9809 9797
f 9812 9811 9799
f 9813 9812 9800
f 9814 9813 9801
f 9815 9814 9802
f 9804 9816 9815
f 9805 9817 9816
f 9806 9818 9817
f 9808 9820 9818
f 9819 9831 9820
f 9821 9834 9822
f 9823 9821 9809
f 9824 9823 9811
f 9825 9824 9812
f 9826 9825 9813
f 9827 9826 9814
f 9816 9828 9827
f 9817 9829 9828
f 9818 9830 9829
f 9820 9832 9830
f 9831 9843 9832
f 9833 9846 9834
f 9835 9833 9821
f 9836 9835 9823
f 9837 9836 9824
f 9838 9837 9825
f 9839 9838 9826
f 9828 9840 9839
f 9829 9841 9840
f 9830 9842 9841
f 9832 9844 9842
f 9843 9855 9844
f 9845 9858 9846
f 9847 9845 9833
f 9848 9847 9835
f 9849 9848 9836
f 9850 9849 9837
f 9851 9850 9838
f 9840 9852 9851
f 9841 9853 9852
f 9842 9854 9853
f 9844 9856 9854
f 9855 9867 9856
f 9857 9870 9858
f 9859 9857 9845
f 9860 9859 9847
f 9861 9860 9848
f 9862 9861 9849
f 9863 9862 9850
f 9852 9864 9863
f 9853 9865 9864
f 9854 9866 9865
f 9856 9868 9866
f 9867 9879 9868
f 9869 9882 9870
f 9871 9869 9857
f 9872 9871 9859
f 9873 9872 9860
f 9874 9873 9861
f 9875 9874 9862
f 9864 9876 9875
f 9865 9877 9876
f 9866 9878 9877
f 9868 9880 9878
f 9879 9891 9880
f 9881 9894 9882
f 9883 9881 9869
f 9884 9883 9871
f 9885 9884 9872
f 9886 9885 9873
f 9887 9886 9874
f 9876 9888 9887
f 9877 9889 9888
f 9878 9890 9889
f 9880 9892 9890
f 9891 9905 9892
f 9881 9895 9893
f 9883 9896 9895
f 9884 9897 9896
f 9885 9898 9897
f 9886 9910 9898
f 9899 9910 9886
f 9900 9899 9887
f 9901 9900 9888
f 9902 9901 9889
f 9903 9902 9890
f 9904 9903 9892
f 9895 9907 9906
f 9896 9908 9907
f 9897 9909 9908
f 9898 9911 9909
f 9910 9922 9911
f 9912 9922 9910
f 9913 9912 9899
f 9914 9913 9900
f 9915 9914 9901
f 9916 9915 9902
f 9917 9916 9903
f 9907 9919 9918
f 9908 9920 9919
f 9909 9921 9920
f 9911 9923 9921
f 9922 9934 9923
f 9924 9934 9922
f 9925 9924 9912
f 9926 9925 9913
f 9927 9926 9914
f 9928 9927 9915
f 9929 9928 9916
f 9919 9931 9930
f 9920 9932 9931
f 9921 9933 9932
f 9923 9935 9933
f 9934 9946 9935
f 9936 9946 9934
f 9937 9936 9924
f 9938 9937 9925
f 9939 9938 9926
f 9940 9939 9927
f 9941 9940 9928
f 9931 9943 9942
f 9932 9944 9943
f 9933 9945 9944
f 9935 9947 9945
f 9946 9958 9947
f 9948 9958 9946
f 9949 9948 9936
f 9950 9949 9937
f 9951 9950 9938
f 9952 9951 9939
f 9953 9952 9940
f 9943 9955 9954
f 9944 9956 9955
f 9945 9957 9956
f 9947 9959 9957
f 9958 9970 9959
f 9960 9970 9958
f 9961 9960 9948
f 9962 9961 9949
f 9963 9962 9950
f 9964 9963 9951
f 9965 9964 9952
f 9955 9967 9966
f 9956 9968 9967
f 9957 9969 9968
f 9959 9971 9969
f 9970 9982 9971
f 9972 9982 9970
f 9973 9972 9960
f 9974 9973 9961
f 9975 9974 9962
f 9976 9975 9963
f 9977 9976 9964
f 9967 9979 9978
f 9968 9980 9979
f 9969 9981 9980
f 9971 9983 9981
f 9982 9994 9983
f 9984 9994 9982
f 9985 9984 9972
f 9986 9985 9973
f 9987 9986 9974
f 9988 9987 9975
f 9989 9988 9976
f 9979 9991 9990
f 9980 9992 9991
f 9981 9993 9992
f 9983 9995 9993
f 9994 10006 9995
f 9996 10006 9994
f 9997 9996 9984
f 9998 9997 9985
f 9999 9998 9986
f 10000 9999 9987
f 10001 10000 9988
f 9991 10003 10002
f 9992 10004 10003
f 9993 10005 10004
f 9995 10007 10005
f 10006 10019 10007
f 10008 10019 10006
f 10009 10008 9996
f 10010 10009 9997
f 10011 10010 9998
f 10012 10011 9999
f 10013 10012 10000
f 10014 10026 10002
f 10015 10014 10003
f 10016 10015 10004
f 10017 10016 10005
f 10018 10017 10007
f 10020 10018 10019
f 10009 10021 10020
f 10010 10022 10021
f 10011 10023 10022
f 10012 10024 10023
f 10013 10035 10024
f 10025 10038 10026
f 10027 10025 10014
f 10028 10027 10015
f 10029 10028 10016
f 10030 10029 10017
f 10031 10030 10018
f 10021 10032 10031
f 10022 10033 10032
f 10023 10034 10033
f 10024 10036 10034
f 10035 10048 10036
f 10025 10039 10037
f 10027 10040 10039
f 10028 10041 10040
f 10029 10052 10041
f 10042 10052 10029
f 10043 10042 10030
f 10032 10057 10043
f 10044 10057 10032
f 10045 10044 10033
f 10046 10045 10034
f 10047 10046 10036
f 10039 10050 10049
f 10040 10051 10050
f 10041 10053 10051
f 10052 10054 10053
f 10042 10067 10054
f 10055 10067 10042
f 10056 10055 10043
f 10058 10056 10057
f 10059 10058 10044
f 10060 10059 10045
f 10061 10060 10046
f 10062 10074 10049
f 10063 10062 10050
f 10064 10063 10051
f 10065 10064 10053
f 10066 10065 10054
f 10068 10066 10067
f 10056 10069 10068
f 10058 10070 10069
f 10059 10071 10070
f 10060 10072 10071
f 10061 10083 10072
f 10073 10086 10074
f 10075 10073 10062
f 10076 10075 10063
f 10077 10076 10064
f 10078 10077 10065
f 10079 10078 10066
f 10069 10080 10079
f 10070 10081 10080
f 10071 10082 10081
f 10072 10084 10082
f 10083 10095 10084
f 10085 10098 10086
f 10087 10085 10073
f 10088 10087 10075
f 10089 10088 10076
f 10090 10089 10077
f 10091 10090 10078
f 10080 10092 10091
f 10081 10093 10092
f 10082 10094 10093
f 10084 10096 10094
f 10095 10107 10096
f 10097 10110 10098
f 10099 10097 10085
f 10100 10099 10087
f 10101 10100 10088
f 10102 10101 10089
f 10103 10102 10090
f 10092 10104 10103
f 10093 10105 10104
f 10094 10106 10105
f 10096 10108 10106
f 10107 10119 10108
f 10109 10122 10110
f 10111 10109 10097
f 10112 10111 10099
f 10113 10112 10100
f 10114 10113 10101
f 10115 10114 10102
f 10104 10116 10115
f 10105 10117 10116
f 10106 10118 10117
f 10108 10120 10118
f 10119 10131 10120
f 10121 10134 10122
f 10123 10121 10109
f 10124 10123 10111
f 10125 10124 10112
f 10126 10125 10113
f 10127 10126 10114
f 10116 10128 10127
f 10117 10129 10128
f 10118 10130 10129
f 10120 10132 10130
f 10131 10143 10132
f 10133 10146 10134
f 10135 10133 10121
f 10136 10135 10123
f 10137 10136 10124
f 10138 10137 10125
f 10139 10138 10126
f 10128 10140 10139
f 10129 10141 10140
f 10130 10142 10141
f 10132 10144 10142
f 10143 10155 10144
f 10145 10158 10146
f 10147 10145 10133
f 10148 10147 10135
f 10149 10148 10136
f 10150 10149 10137
f 10151 10150 10138
f 10140 10152 10151
f 10141 10153 10152
f 10142 10154 10153
f 10144 10156 10154
f 10155 10167 10156
f 10157 10170 10158
f 10159 10157 10145
f 10160 10159 10147
f 10161 10160 10148
f 10162 10161 10149
f 10163 10162 10150
f 10152 10164 10163
f 10153 10165 10164
f 10154 10166 10165
f 10156 10168 10166
f 10167 10179 10168
f 10169 10182 10170
f 10171 10169 10157
f 10172 10171 10159
f 10173 10172 10160
f 10174 10173 10161
f 10175 10174 10162
f 10164 10176 10175
f 10165 10177 10176
f 10166 10178 10177
f 10168 10180 10178
f 10179 10191 10180
f 10181 10194 10182
f 10183 10181 10169
f 10184 10183 10171
f 10185 10184 10172
f 10186 10185 10173
f 10187 10186 10174
f 10176 10188 10187
f 10177 10189 10188
f 10178 10190 10189
f 10180 10192 10190
f 10191 10203 10192
f 10193 10206 10194
f 10195 10193 10181
f 10196 10195 10183
f 10197 10196 10184
f 10198 10197 10185
f 10199 10198 10186
f 10188 10200 10199
f 10189 10201 10200
f 10190 10202 10201
f 10192 10204 10202
f 10203 10217 10204
f 10193 10207 10205
f 10195 10208 10207
f 10196 10209 10208
f 10197 10210 10209
f 10198 10222 10210
f 10211 10222 10198
f 10212 10211 10199
f 10213 10212 10200
f 10214 10213 10201
f 10215 10214 10202
f 10216 10215 10204
f 10207 10219 10218
f 10208 10220 10219
f 10209 10221 10220
f 10210 10223 10221
f 10222 10234 10223
f 10224 10234 10222
f 10225 10224 10211
f 10226 10225 10212
f 10227 10226 10213
f 10228 10227 10214
f 10229 10228 10215
f 10219 10231 10230
f 10220 10232 10231
f 10221 10233 10232
f 10223 10235 10233
f 10234 10246 10235
f 10236 10246 10234
f 10237 10236 10224
f 10238 10237 10225
f 10239 10238 10226
f 10240 10239 10227
f 10241 10240 10228
f 10231 10243 10242
f 10232 10244 10243
f 10233 10245 10244
f 10235 10247 10245
f 10246 10258 10247
f 10248 10258 10246
f 10249 10248 10236
f 10250 10249 10237
f 10251 10250 10238
f 10252 10251 10239
f 10253 10252 10240
f 10243 10255 10254
f 10244 10256 10255
f 10245 10257 10256
f 10247 10259 10257
f 10258 10270 10259
f 10260 10270 10258
f 10261 10260 10248
f 10262 10261 10249
f 10263 10262 10250
f 10264 10263 10251
f 10265 10264 10252
f 10255 10267 10266
f 10256 10268 10267
f 10257 10269 10268
f 10259 10271 10269
f 10270 10282 10271
f 10272 10282 10270
f 10273 10272 10260
f 10274 10273 10261
f 10275 10274 10262
f 10276 10275 10263
f 10277 10276 10264
f 10267 10279 10278
f 10268 10280 10279
f 10269 10281 10280
f 10271 10283 10281
f 10282 10294 10283
f 10284 10294 10282
f 10285 10284 10272
f 10286 10285 10273
f 10287 10286 10274
f 10288 10287 10275
f 10289 10288 10276
f 10279 10291 10290
f 10280 10292 10291
f 10281 10293 10292
f 10283 10295 10293
f 10294 10306 10295
f 10296 10306 10294
f 10297 10296 10284
f 10298 10297 10285
f 10299 10298 10286
f 10300 10299 10287
f 10301 10300 10288
f 10291 10303 10302
f 10292 10304 10303
f 10293 10305 10304
f 10295 10307 10305
f 10306 10318 10307
f 10308 10318 10306
f 10309 10308 10296
f 10310 10309 10297
f 10311 10310 10298
f 10312 10311 10299
f 10313 10312 10300
f 10303 10315 10314
f 10304 10316 10315
f 10305 10317 10316
f 10307 10319 10317
f 10318 10331 10319
f 10320 10331 10318
f 10321 10320 10308
f 10322 10321 10309
f 10323 10322 10310
f 10324 10323 10311
f 10325 10324 10312
f 10326 10338 10314
f 10327 10326 10315
f 10328 10327 10316
f 10329 10328 10317
f 10330 10329 10319
f 10332 10330 10331
f 10321 10333 10332
f 10322 10334 10333
f 10323 10335 10334
f 10324 10336 10335
f 10325 10347 10336
f 10337 10350 10338
f 10339 10337 10326
f 10340 10339 10327
f 10341 10340 10328
f 10342 10341 10329
f 10343 10342 10330
f 10333 10344 10343
f 10334 10345 10344
f 10335 10346 10345
f 10336 10348 10346
f 10347 10361 10348
f 10337 10351 10349
f 10339 10352 10351
f 10340 10353 10352
f 10341 10354 10353
f 10342 10366 10354
f 10355 10366 10342
f 10356 10355 10343
f 10357 10356 10344
f 10358 10357 10345
f 10359 10358 10346
f 10360 10359 10348
f 10351 10363 10362
f 10352 10364 10363
f 10353 10365 10364
f 10354 10367 10365
f 10366 10378 10367
f 10368 10378 10366
f 10369 10368 10355
f 10370 10369 10356
f 10371 10370 10357
f 10372 10371 10358
f 10373 10372 10359
f 10363 10375 10374
f 10364 10376 10375
f 10365 10377 10376
f 10367 10379 10377
f 10378 10390 10379
f 10380 10390 10378
f 10381 10380 10368
f 10382 10381 10369
f 10383 10382 10370
f 10384 10383 10371
f 10385 10384 10372
f 10375 10387 10386
f 10376 10388 10387
f 10377 10389 10388
f 10379 10391 10389
f 10390 10402 10391
f 10392 10402 10390
f 10393 10392 10380
f 10394 10393 10381
f 10395 10394 10382
f 10396 10395 10383
f 10397 10396 10384
f 10387 10399 10398
f 10388 10400 10399
f 10389 10401 10400
f 10391 10403 10401
f 10402 10414 10403
f 10404 10414 10402
f 10405 10404 10392
f 10406 10405 10393
f 10407 10406 10394
f 10408 10407 10395
f 10409 10408 10396
f 10399 10411 10410
f 10400 10412 10411
f 10401 10413 10412
f 10403 10415 10413
f 10414 10427 10415
f 10416 10427 10414
f 10417 10416 10404
f 10418 10417 10405
f 10419 10418 10406
f 10420 10419 10407
f 10421 10420 10408
f 10411 10423 10422
f 10412 10424 10423
f 10413 10425 10424
f 10415 10438 10425
f 10426 10438 10415
f 10428 10426 10427
f 10429 10428 10416
f 10430 10429 10417
f 10431 10430 10418
f 10432 10431 10419
f 10433 10432 10420
f 10434 10446 10422
f 10435 10434 10423
f 10436 10435 10424
f 10437 10436 10425
f 10439 10437 10438
f 10440 10439 10426
f 10429 10441 10440
f 10430 10442 10441
f 10431 10443 10442
f 10432 10444 10443
f 10433 10455 10444
f 10445 10458 10446
f 10447 10445 10434
f 10448 10447 10435
f 10449 10448 10436
f 10450 10449 10437
f 10451 10450 10439
f 10441 10452 10451
f 10442 10453 10452
f 10443 10454 10453
f 10444 10456 10454
f 10455 10467 10456
f 10457 10470 10458
f 10459 10457 10445
f 10460 10459 10447
f 10461 10460 10448
f 10462 10461 10449
f 10463 10462 10450
f 10452 10464 10463
f 10453 10465 10464
f 10454 10466 10465
f 10456 10468 10466
f 10467 10479 10468
f 10469 10482 10470
f 10471 10469 10457
f 10472 10471 10459
f 10473 10472 10460
f 10474 10473 10461
f 10475 10474 10462
f 10464 10476 10475
f 10465 10477 10476
f 10466 10478 10477
f 10468 10480 10478
f 10479 10491 10480
f 10481 10494 10482
f 10483 10481 10469
f 10484 10483 10471
f 10485 10484 10472
f 10486 10485 10473
f 10487 10486 10474
f 10476 10488 10487
f 10477 10489 10488
f 10478 10490 10489
f 10480 10492 10490
f 10491 10503 10492
f 10493 10506 10494
f 10495 10493 10481
f 10496 10495 10483
f 10497 10496 10484
f 10498 10497 10485
f 10499 10498 10486
f 10488 10500 10499
f 10489 10501 10500
f 10490 10502 10501
f 10492 10504 10502
f 10503 10515 10504
f 10505 10518 10506
f 10507 10505 10493
f 10508 10507 10495
f 10509 10508 10496
f 10510 10509 10497
f 10511 10510 10498
f 10500 10512 10511
f 10501 10513 10512
f 10502 10514 10513
f 10504 10516 10514
f 10515 10527 10516
f 10517 10530 10518
f 10519 10517 10505
f 10520 10519 10507
f 10521 10520 10508
f 10522 10521 10509
f 10523 10522 10510
f 10512 10524 10523
f 10513 10525 10524
f 10514 10526 10525
f 10516 10528 10526
f 10527 10539 10528
f 10529 10542 10530
f 10531 10529 10517
f 10532 10531 10519
f 10533 10532 10520
f 10534 10533 10521
f 10535 10534 10522
f 10524 10536 10535
f 10525 10537 10536
f 10526 10538 10537
f 10528 10540 10538
f 10539 10551 10540
f 10541 10554 10542
f 10543 10541 10529
f 10544 10543 10531
f 10545 10544 10532
f 10546 10545 10533
f 10547 10546 10534
f 10536 10548 10547
f 10537 10549 10548
f 10538 10550 10549
f 10540 10552 10550
f 10551 10563 10552
f 10553 10566 10554
f 10555 10553 10541
f 10556 10555 10543
f 10557 10556 10544
f 10558 10557 10545
f 10559 10558 10546
f 10548 10560 10559
f 10549 10561 10560
f 10550 10562 10561
f 10552 10564 10562
f 10563 10575 10564
f 10565 10578 10566
f 10567 10565 10553
f 10568 10567 10555
f 10569 10568 10556
f 10570 10569 10557
f 10571 10570 10558
f 10560 10572 10571
f 10561 10573 10572
f 10562 10574 10573
f 10564 10576 10574
f 10575 10587 10576
f 10577 10590 10578
f 10579 10577 10565
f 10580 10579 10567
f 10581 10580 10568
f 10582 10581 10569
f 10583 10582 10570
f 10572 10584 10583
f 10573 10585 10584
f 10574 10586 10585
f 10576 10588 10586
f 10587 10599 10588
f 10589 10602 10590
f 10591 10589 10577
f 10592 10591 10579
f 10593 10592 10580
f 10594 10593 10581
f 10595 10594 10582
f 10584 10596 10595
f 10585 10597 10596
f 10586 10598 10597
f 10588 10600 10598
f 10599 10611 10600
f 10601 10614 10602
f 10603 10601 10589
f 10604 10603 10591
f 10605 10604 10592
f 10606 10605 10593
f 10607 10606 10594
f 10596 10608 10607
f 10597 10609 10608
f 10598 10610 10609
f 10600 10612 10610
f 10611 10623 10612
f 10613 10626 10614
f 10615 10613 10601
f 10616 10615 10603
f 10617 10616 10604
f 10618 10617 10605
f 10619 10618 10606
f 10608 10620 10619
f 10609 10621 10620
f 10610 10622 10621
f 10612 10624 10622
f 10623 10635 10624
f 10625 10638 10626
f 10627 10625 10613
f 10628 10627 10615
f 10629 10628 10616
f 10630 10629 10617
f 10631 10630 10618
f 10620 10632 10631
f 10621 10633 10632
f 10622 10634 10633
f 10624 10636 10634
f 10635 10649 10636
f 10625 10639 10637
f 10627 10640 10639
f 10628 10641 10640
f 10629 10642 10641
f 10630 10654 10642
f 10643 10654 10630
f 10644 10643 10631
f 10645 10644 10632
f 10646 10645 10633
f 10647 10646 10634
f 10648 10647 10636
f 10639 10651 10650
f 10640 10652 10651
f 10641 10653 10652
f 10642 10655 10653
f 10654 10666 10655
f 10656 10666 10654
f 10657 10656 10643
f 10658 10657 10644
f 10659 10658 10645
f 10660 10659 10646
f 10661 10660 10647
f 10651 10663 10662
f 10652 10664 10663
f 10653 10665 10664
f 10655 10667 10665
f 10666 10678 10667
f 10668 10678 10666
f 10669 10668 10656
f 10670 10669 10657
f 10671 10670 10658
f 10672 10671 10659
f 10673 10672 10660
f 10663 10675 10674
f 10664 10676 10675
f 10665 10677 10676
f 10667 10679 10677
f 10678 10690 10679
f 10680 10690 10678
f 10681 10680 10668
f 10682 10681 10669
f 10683 10682 10670
f 10684 10683 10671
f 10685 10684 10672
f 10675 10687 10686
f 10676 10688 10687
f 10677 10689 10688
f 10679 10691 10689
f 10690 10702 10691
f 10692 10702 10690
f 10693 10692 10680
f 10694 10693 10681
f 10695 10694 10682
f 10696 10695 10683
f 10697 10696 10684
f 10687 10699 10698
f 10688 10700 10699
f 10689 10701 10700
f 10691 10703 10701
f 10702 10714 10703
f 10704 10714 10702
f 10705 10704 10692
f 10706 10705 10693
f 10707 10706 10694
f 10708 10707 10695
f 10709 10708 10696
f 10699 10711 10710
f 10700 10712 10711
f 10701 10713 10712
f 10703 10715 10713
f 10714 10726 10715
f 10716 10726 10714
f 10717 10716 10704
f 10718 10717 10705
f 10719 10718 10706
f 10720 10719 10707
f 10721 10720 10708
f 10711 10723 10722
f 10712 10724 10723
f 10713 10725 10724
f 10715 10727 10725
f 10726 10738 10727
f 10728 10738 10726
f 10729 10728 10716
f 10730 10729 10717
f 10731 10730 10718
f 10732 10731 10719
f 10733 10732 10720
f 10723 10735 10734
f 10724 10736 10735
f 10725 10737 10736
f 10727 10739 10737
f 10738 10750 10739
f 10740 10750 10738
f 10741 10740 10728
f 10742 10741 10729
f 10743 10742 10730
f 10744 10743 10731
f 10745 10744 10732
f 10735 10747 10746
f 10736 10748 10747
f 10737 10749 10748
f 10739 10751 10749
f 10750 10762 10751
f 10752 10762 10750
f 10753 10752 10740
f 10754 10753 10741
f 10755 10754 10742
f 10756 10755 10743
f 10757 10756 10744
f 10747 10759 10758
f 10748 10760 10759
f 10749 10761 10760
f 10751 10763 10761
f 10762 10774 10763
f 10764 10774 10762
f 10765 10764 10752
f 10766 10765 10753
f 10767 10766 10754
f 10768 10767 10755
f 10769 10768 10756
f 10759 10771 10770
f 10760 10772 10771
f 10761 10773 10772
f 10763 10775 10773
f 10774 10786 10775
f 10776 10786 10774
f 10777 10776 10764
f 10778 10777 10765
f 10779 10778 10766
f 10780 10779 10767
f 10781 10780 10768
f 10771 10783 10782
f 10772 10784 10783
f 10773 10785 10784
f 10775 10787 10785
f 10786 10798 10787
f 10788 10798 10786
f 10789 10788 10776
f 10790 10789 10777
f 10791 10790 10778
f 10792 10791 10779
f 10793 10792 10780
f 10783 10795 10794
f 10784 10796 10795
f 10785 10797 10796
f 10787 10799 10797
f 10798 10810 10799
f 10800 10810 10798
f 10801 10800 10788
f 10802 10801 10789
f 10803 10802 10790
f 10804 10803 10791
f 10805 10804 10792
f 10795 10807 10806
f 10796 10808 10807
f 10797 10809 10808
f 10799 10811 10809
f 10810 10822 10811
f 10812 10822 10810
f 10813 10812 10800
f 10814 10813 10801
f 10815 10814 10802
f 10816 10815 10803
f 10817 10816 10804
f 10807 10819 10818
f 10808 10820 10819
f 10809 10821 10820
f 10811 10823 10821
f 10822 10834 10823
f 10824 10834 10822
f 10825 10824 10812
f 10826 10825 10813
f 10827 10826 10814
f 10828 10827 10815
f 10829 10828 10816
f 10819 10831 10830
f 10820 10832 10831
f 10821 10833 10832
f 10823 10835 10833
f 10834 10846 10835
f 10836 10846 10834
f 10837 10836 10824
f 10838 10837 10825
f 10839 10838 10826
f 10840 10839 10827
f 10841 10840 10828
f 10831 10843 10842
f 10832 10844 10843
f 10833 10845 10844
f 10835 10847 10845
f 10846 10858 10847
f 10848 10858 10846
f 10849 10848 10836
f 10850 10849 10837
f 10851 10850 10838
f 10852 10851 10839
f 10853 10852 10840
f 10843 10855 10854
f 10844 10856 10855
f 10845 10857 10856
f 10847 10859 10857
f 10858 10870 10859
f 10860 10870 10858
f 10861 10860 10848
f 10862 10861 10849
f 10863 10862 10850
f 10864 10863 10851
f 10865 10864 10852
f 10855 10867 10866
f 10856 10868 10867
f 10857 10869 10868
f 10859 10871 10869
f 10870 10882 10871
f 10872 10882 10870
f 10873 10872 10860
f 10874 10873 10861
f 10875 10874 10862
f 10876 10875 10863
f 10877 10876 10864
f 10867 10879 10878
f 10868 10880 10879
f 10869 10881 10880
f 10871 10883 10881
f 10882 10894 10883
f 10884 10894 10882
f 10885 10884 10872
f 10886 10885 10873
f 10887 10886 10874
f 10888 10887 10875
f 10889 10888 10876
f 10879 10891 10890
f 10880 10892 10891
f 10881 10893 10892
f 10883 10895 10893
f 10894 10906 10895
f 10896 10906 10894
f 10897 10896 10884
f 10898 10897 10885
f 10899 10898 10886
f 10900 10899 10887
f 10901 10900 10888
f 10891 10903 10902
f 10892 10904 10903
f 10893 10905 10904
f 10895 10907 10905
f 10906 10918 10907
f 10908 10918 10906
f 10909 10908 10896
f 10910 10909 10897
f 10911 10910 10898
f 10912 10911 10899
f 10913 10912 10900
f 10903 10915 10914
f 10904 10916 10915
f 10905 10917 10916
f 10907 10919 10917
f 10918 10931 10919
f 10920 10931 10918
f 10921 10920 10908
f 10922 10921 10909
f 10923 10922 10910
f 10924 10923 10911
f 10925 10924 10912
f 10926 10938 10914
f 10927 10926 10915
f 10928 10927 10916
f 10929 10928 10917
f 10930 10929 10919
f 10932 10930 10931
f 10921 10933 10932
f 10922 10934 10933
f 10923 10935 10934
f 10924 10936 10935
f 10925 10949 10936
f 10926 10939 10937
f 10927 10940 10939
f 10928 10941 10940
f 10929 10942 10941
f 10930 10954 10942
f 10943 10954 10930
f 10944 10943 10932
f 10945 10944 10933
f 10946 10945 10934
f 10947 10946 10935
f 10948 10947 10936
f 10939 10951 10950
f 10940 10952 10951
f 10941 10953 10952
f 10942 10955 10953
f 10954 10966 10955
f 10956 10966 10954
f 10957 10956 10943
f 10958 10957 10944
f 10959 10958 10945
f 10960 10959 10946
f 10961 10960 10947
f 10951 10963 10962
f 10952 10964 10963
f 10953 10965 10964
f 10955 10967 10965
f 10966 10978 10967
f 10968 10978 10966
f 10969 10968 10956
f 10970 10969 10957
f 10971 10970 10958
f 10972 10971 10959
f 10973 10972 10960
f 10963 10975 10974
f 10964 10976 10975
f 10965 10977 10976
f 10967 10979 10977
f 10978 10990 10979
f 10980 10990 10978
f 10981 10980 10968
f 10982 10981 10969
f 10983 10982 10970
f 10984 10983 10971
f 10985 10984 10972
f 10975 10987 10986
f 10976 10988 10987
f 10977 10989 10988
f 10979 10991 10989
f 10990 11002 10991
f 10992 11002 10990
f 10993 10992 10980
f 10994 10993 10981
f 10995 10994 10982
f 10996 10995 10983
f 10997 10996 10984
f 10987 10999 10998
f 10988 11000 10999
f 10989 11001 11000
f 10991 11003 11001
f 11002 11014 11003
f 11004 11014 11002
f 11005 11004 10992
f 11006 11005 10993
f 11007 11006 10994
f 11008 11007 10995
f 11009 11008 10996
f 10999 11011 11010
f 11000 11012 11011
f 11001 11013 11012
f 11003 11015 11013
f 11014 11026 11015
f 11016 11026 11014
f 11017 11016 11004
f 11018 11017 11005
f 11019 11018 11006
f 11020 11019 11007
f 11021 11020 11008
f 11011 11023 11022
f 11012 11024 11023
f 11013 11025 11024
f 11015 11027 11025
f 11026 11038 11027
f 11028 11038 11026
f 11029 11028 11016
f 11030 11029 11017
f 11031 11030 11018
f 11032 11031 11019
f 11033 11032 11020
f 11023 11035 11034
f 11024 11036 11035
f 11025 11037 11036
f 11027 11039 11037
f 11038 11050 11039
f 11040 11050 11038
f 11041 11040 11028
f 11042 11041 11029
f 11043 11042 11030
f 11044 11043 11031
f 11045 11044 11032
f 11035 11047 11046
f 11036 11048 11047
f 11037 11049 11048
f 11039 11051 11049
f 11050 11063 11051
f 11052 11063 11050
f 11053 11052 11040
f 11054 11053 11041
f 11055 11054 11042
f 11056 11055 11043
f 11057 11056 11044
f 11058 11070 11046
f 11059 11058 11047
f 11060 11059 11048
f 11061 11060 11049
f 11062 11061 11051
f 11064 11062 11063
f 11053 11065 11064
f 11054 11066 11065
f 11055 11067 11066
f 11056 11068 11067
f 11057 11079 11068
f 11069 11082 11070
f 11071 11069 11058
f 11072 11071 11059
f 11073 11072 11060
f 11074 11073 11061
f 11075 11074 11062
f 11065 11076 11075
f 11066 11077 11076
f 11067 11078 11077
f 11068 11080 11078
f 11079 11091 11080
f 11081 11094 11082
f 11083 11081 11069
f 11084 11083 11071
f 11085 11084 11072
f 11086 11085 11073
f 11087 11086 11074
f 11076 11088 11087
f 11077 11089 11088
f 11078 11090 11089
f 11080 11092 11090
f 11091 11103 11092
f 11093 11106 11094
f 11095 11093 11081
f 11096 11095 11083
f 11097 11096 11084
f 11098 11097 11085
f 11099 11098 11086
f 11088 11100 11099
f 11089 11101 11100
f 11090 11102 11101
f 11092 11104 11102
f 11103 11115 11104
f 11105 11118 11106
f 11107 11105 11093
f 11108 11107 11095
f 11109 11108 11096
f 11110 11109 11097
f 11111 11110 11098
f 11100 11112 11111
f 11101 11113 11112
f 11102 11114 11113
f 11104 11116 11114
f 11115 11127 11116
f 11117 11130 11118
f 11119 11117 11105
f 11120 11119 11107
f 11121 11120 11108
f 11122 11121 11109
f 11123 11122 11110
f 11112 11124 11123
f 11113 11125 11124
f 11114 11126 11125
f 11116 11128 11126
f 11127 11139 11128
f 11129 11142 11130
f 11131 11129 11117
f 11132 11131 11119
f 11133 11132 11120
f 11134 11133 11121
f 11135 11134 11122
f 11124 11136 11135
f 11125 11137 11136
f 11126 11138 11137
f 11128 11140 11138
f 11139 11151 11140
f 11141 11154 11142
f 11143 11141 11129
f 11144 11143 11131
f 11145 11144 11132
f 11146 11145 11133
f 11147 11146 11134
f 11136 11148 11147
f 11137 11149 11148
f 11138 11150 11149
f 11140 11152 11150
f 11151 11163 11152
f 11153 11166 11154
f 11155 11153 11141
f 11156 11155 11143
f 11157 11156 11144
f 11158 11157 11145
f 11159 11158 11146
f 11148 11160 11159
f 11149 11161 11160
f 11150 11162 11161
f 11152 11164 11162
f 11163 11175 11164
f 11165 11178 11166
f 11167 11165 11153
f 11168 11167 11155
f 11169 11168 11156
f 11170 11169 11157
f 11171 11170 11158
f 11160 11172 11171
f 11161 11173 11172
f 11162 11174 11173
f 11164 11176 11174
f 11175 11187 11176
f 11177 11190 11178
f 11179 11177 11165
f 11180 11179 11167
f 11181 11180 11168
f 11182 11181 11169
f 11183 11182 11170
f 11172 11184 11183
f 11173 11185 11184
f 11174 11186 11185
f 11176 11188 11186
f 11187 11201 11188
f 11177 11191 11189
f 11179 11192 11191
f 11180 11193 11192
f 11181 11194 11193
f 11182 11207 11194
f 11195 11207 11182
f 11196 11195 11183
f 11197 11196 11184
f 11198 11197 11185
f 11199 11198 11186
f 11200 11199 11188
f 11202 11214 11189
f 11203 11202 11191
f 11204 11203 11192
f 11205 11204 11193
f 11206 11205 11194
f 11208 11206 11207
f 11196 11209 11208
f 11197 11210 11209
f 11198 11211 11210
f 11199 11212 11211
f 11200 11223 11212
f 11213 11226 11214
f 11215 11213 11202
f 11216 11215 11203
f 11217 11216 11204
f 11218 11217 11205
f 11219 11218 11206
f 11209 11220 11219
f 11210 11221 11220
f 11211 11222 11221
f 11212 11224 11222
f 11223 11237 11224
f 11213 11227 11225
f 11215 11228 11227
f 11216 11229 11228
f 11217 11230 11229
f 11218 11242 11230
f 11231 11242 11218
f 11232 11231 11219
f 11233 11232 11220
f 11234 11233 11221
f 11235 11234 11222
f 11236 11235 11224
f 11227 11239 11238
f 11228 11240 11239
f 11229 11241 11240
f 11230 11243 11241
f 11242 11254 11243
f 11244 11254 11242
f 11245 11244 11231
f 11246 11245 11232
f 11247 11246 11233
f 11248 11247 11234
f 11249 11248 11235
f 11239 11251 11250
f 11240 11252 11251
f 11241 11253 11252
f 11243 11255 11253
f 11254 11266 11255
f 11256 11266 11254
f 11257 11256 11244
f 11258 11257 11245
f 11259 11258 11246
f 11260 11259 11247
f 11261 11260 11248
f 11251 11263 11262
f 11252 11264 11263
f 11253 11265 11264
f 11255 11267 11265
f 11266 11278 11267
f 11268 11278 11266
f 11269 11268 11256
f 11270 11269 11257
f 11271 11270 11258
f 11272 11271 11259
f 11273 11272 11260
f 11263 11275 11274
f 11264 11276 11275
f 11265 11277 11276
f 11267 11279 11277
f 11278 11290 11279
f 11280 11290 11278
f 11281 11280 11268
f 11282 11281 11269
f 11283 11282 11270
f 11284 11283 11271
f 11285 11284 11272
f 11275 11287 11286
f 11276 11288 11287
f 11277 11289 11288
f 11279 11291 11289
f 11290 11302 11291
f 11292 11302 11290
f 11293 11292 11280
f 11294 11293 11281
f 11295 11294 11282
f 11296 11295 11283
f 11297 11296 11284
f 11287 11299 11298
f 11288 11300 11299
f 11289 11301 11300
f 11291 11303 11301
f 11302 11314 11303
f 11304 11314 11302
f 11305 11304 11292
f 11306 11305 11293
f 11307 11306 11294
f 11308 11307 11295
f 11309 11308 11296
f 11299 11311 11310
f 11300 11312 11311
f 11301 11313 11312
f 11303 11315 11313
f 11314 11326 11315
f 11316 11326 11314
f 11317 11316 11304
f 11318 11317 11305
f 11319 11318 11306
f 11320 11319 11307
f 11321 11320 11308
f 11311 11323 11322
f 11312 11324 11323
f 11313 11325 11324
f 11315 11327 11325
f 11326 11338 11327
f 11328 11338 11326
f 11329 11328 11316
f 11330 11329 11317
f 11331 11330 11318
f 11332 11331 11319
f 11333 11332 11320
f 11323 11335 11334
f 11324 11336 11335
f 11325 11337 11336
f 11327 11339 11337
f 11338 11350 11339
f 11340 11350 11338
f 11341 11340 11328
f 11342 11341 11329
f 11343 11342 11330
f 11344 11343 11331
f 11345 11344 11332
f 11346 11357 11334
f 11347 11346 11335
f 11348 11347 11336
f 11349 11348 11337
f 11350 11362 11349
f 11351 11362 11350
f 11341 11352 11351
f 11342 11353 11352
f 11343 11354 11353
f 11344 11355 11354
f 11345 11368 11355
f 11346 11358 11356
f 11347 11359 11358
f 11348 11360 11359
f 11349 11373 11360
f 11361 11373 11349
f 11363 11361 11362
f 11352 11364 11363
f 11353 11377 11364
f 11365 11377 11353
f 11366 11365 11354
f 11367 11366 11355
f 11358 11370 11369
f 11359 11371 11370
f 11360 11384 11371
f 11372 11384 11360
f 11361 11387 11372
f 11374 11387 11361
f 11375 11374 11363
f 11376 11375 11364
f 11378 11376 11377
f 11379 11378 11365
f 11380 11379 11366
f 11381 11394 11369
f 11382 11381 11370
f 11383 11382 11371
f 11385 11383 11384
f 11386 11385 11372
f 11388 11386 11387
f 11375 11389 11388
f 11376 11390 11389
f 11378 11391 11390
f 11379 11392 11391
f 11380 11403 11392
f 11393 11406 11394
f 11395 11393 11381
f 11396 11395 11382
f 11397 11396 11383
f 11398 11397 11385
f 11399 11398 11386
f 11389 11400 11399
f 11390 11401 11400
f 11391 11402 11401
f 11392 11404 11402
f 11403 11415 11404
f 11405 11418 11406
f 11407 11405 11393
f 11408 11407 11395
f 11409 11408 11396
f 11410 11409 11397
f 11411 11410 11398
f 11400 11412 11411
f 11401 11413 11412
f 11402 11414 11413
f 11404 11416 11414
f 11415 11427 11416
f 11417 11430 11418
f 11419 11417 11405
f 11420 11419 11407
f 11421 11420 11408
f 11422 11421 11409
f 11423 11422 11410
f 11412 11424 11423
f 11413 11425 11424
f 11414 11426 11425
f 11416 11428 11426
f 11427 11439 11428
f 11429 11442 11430
f 11431 11429 11417
f 11432 11431 11419
f 11433 11432 11420
f 11434 11433 11421
f 11435 11434 11422
f 11424 11436 11435
f 11425 11437 11436
f 11426 11438 11437
f 11428 11440 11438
f 11439 11451 11440
f 11441 11454 11442
f 11443 11441 11429
f 11444 11443 11431
f 11445 11444 11432
f 11446 11445 11433
f 11447 11446 11434
f 11436 11448 11447
f 11437 11449 11448
f 11438 11450 11449
f 11440 11452 11450
f 11451 11463 11452
f 11453 11466 11454
f 11455 11453 11441
f 11456 11455 11443
f 11457 11456 11444
f 11458 11457 11445
f 11459 11458 11446
f 11448 11460 11459
f 11449 11461 11460
f 11450 11462 11461
f 11452 11464 11462
f 11463 11475 11464
f 11465 11478 11466
f 11467 11465 11453
f 11468 11467 11455
f 11469 11468 11456
f 11470 11469 11457
f 11471 11470 11458
f 11460 11472 11471
f 11461 11473 11472
f 11462 11474 11473
f 11464 11476 11474
f 11475 11487 11476
f 11477 11489 11478
f 11479 11477 11465
f 11480 11479 11467
f 11481 11480 11468
f 11482 11481 11469
f 11483 11482 11470
f 11472 11484 11483
f 11473 11485 11484
f 11474 11486 11485
f 11476 11488 11486
f 11487 11490 11488
f 9033 9032 11489
f 9035 9033 11477
f 9037 9035 11479
f 9039 9037 11480
f 9041 9039 11481
f 11483 9042 9041
f 11484 9043 9042
f 11485 9045 9043
f 11486 9047 9045
f 11488 9049 9047
f 11490 9051 9049
f 11491 11514 11492
f 11494 11491 11493
f 11496 11494 11495
f 11498 11496 11497
f 11500 11498 11499
f 11502 11500 11501
f 11504 11506 11502
f 11505 11508 11506
f 11507 11510 11508
f 11509 11512 11510
f 11511 11523 11512
f 11513 11526 11514
f 11515 11513 11491
f 11516 11515 11494
f 11517 11516 11496
f 11518 11517 11498
f 11519 11518 11500
f 11506 11520 11519
f 11508 11521 11520
f 11510 11522 11521
f 11512 11524 11522
f 11523 11535 11524
f 11525 11538 11526
f 11527 11525 11513
f 11528 11527 11515
f 11529 11528 11516
f 11530 11529 11517
f 11531 11530 11518
f 11520 11532 11531
f 11521 11533 11532
f 11522 11534 11533
f 11524 11536 11534
f 11535 11547 11536
f 11537 11550 11538
f 11539 11537 11525
f 11540 11539 11527
f 11541 11540 11528
f 11542 11541 11529
f 11543 11542 11530
f 11532 11544 11543
f 11533 11545 11544
f 11534 11546 11545
f 11536 11548 11546
f 11547 11559 11548
f 11549 11562 11550
f 11551 11549 11537
f 11552 11551 11539
f 11553 11552 11540
f 11554 11553 11541
f 11555 11554 11542
f 11544 11556 11555
f 11545 11557 11556
f 11546 11558 11557
f 11548 11560 11558
f 11559 11571 11560
f 11561 11574 11562
f 11563 11561 11549
f 11564 11563 11551
f 11565 11564 11552
f 11566 11565 11553
f 11567 11566 11554
f 11556 11568 11567
f 11557 11569 11568
f 11558 11570 11569
f 11560 11572 11570
f 11571 11583 11572
f 11573 11586 11574
f 11575 11573 11561
f 11576 11575 11563
f 11577 11576 11564
f 11578 11577 11565
f 11579 11578 11566
f 11568 11580 11579
f 11569 11581 11580
f 11570 11582 11581
f 11572 11584 11582
f 11583 11595 11584
f 11585 11598 11586
f 11587 11585 11573
f 11588 11587 11575
f 11589 11588 11576
f 11590 11589 11577
f 11591 11590 11578
f 11580 11592 11591
f 11581 11593 11592
f 11582 11594 11593
f 11584 11596 11594
f 11595 11607 11596
f 11597 11610 11598
f 11599 11597 11585
f 11600 11599 11587
f 11601 11600 11588
f 11602 11601 11589
f 11603 11602 11590
f 11592 11604 11603
f 11593 11605 11604
f 11594 11606 11605
f 11596 11608 11606
f 11607 11619 11608
f 11609 11622 11610
f 11611 11609 11597
f 11612 11611 11599
f 11613 11612 11600
f 11614 11613 11601
f 11615 11614 11602
f 11604 11616 11615
f 11605 11617 11616
f 11606 11618 11617
f 11608 11620 11618
f 11619 11633 11620
f 11609 11623 11621
f 11611 11624 11623
f 11612 11625 11624
f 11613 11626 11625
f 11614 11639 11626
f 11627 11639 11614
f 11628 11627 11615
f 11629 11628 11616
f 11630 11629 11617
f 11631 11630 11618
f 11632 11631 11620
f 11634 11646 11621
f 11635 11634 11623
f 11636 11635 11624
f 11637 11636 11625
f 11638 11637 11626
f 11640 11638 11639
f 11628 11641 11640
f 11629 11642 11641
f 11630 11643 11642
f 11631 11644 11643
f 11632 11655 11644
f 11645 11658 11646
f 11647 11645 11634
f 11648 11647 11635
f 11649 11648 11636
f 11650 11649 11637
f 11651 11650 11638
f 11641 11652 11651
f 11642 11653 11652
f 11643 11654 11653
f 11644 11656 11654
f 11655 11667 11656
f 11657 11670 11658
f 11659 11657 11645
f 11660 11659 11647
f 11661 11660 11648
f 11662 11661 11649
f 11663 11662 11650
f 11652 11664 11663
f 11653 11665 11664
f 11654 11666 11665
f 11656 11668 11666
f 11667 11679 11668
f 11669 11682 11670
f 11671 11669 11657
f 11672 11671 11659
f 11673 11672 11660
f 11674 11673 11661
f 11675 11674 11662
f 11664 11676 11675
f 11665 11677 11676
f 11666 11678 11677
f 11668 11680 11678
f 11679 11691 11680
f 11681 11694 11682
f 11683 11681 11669
f 11684 11683 11671
f 11685 11684 11672
f 11686 11685 11673
f 11687 11686 11674
f 11676 11688 11687
f 11677 11689 11688
f 11678 11690 11689
f 11680 11692 11690
f 11691 11705 11692
f 11681 11695 11693
f 11683 11696 11695
f 11684 11697 11696
f 11685 11698 11697
f 11686 11710 11698
f 11699 11710 11686
f 11700 11699 11687
f 11701 11700 11688
f 11702 11701 11689
f 11703 11702 11690
f 11704 11703 11692
f 11695 11707 11706
f 11696 11708 11707
f 11697 11709 11708
f 11698 11711 11709
f 11710 11722 11711
f 11712 11722 11710
f 11713 11712 11699
f 11714 11713 11700
f 11715 11714 11701
f 11716 11715 11702
f 11717 11716 11703
f 11707 11719 11718
f 11708 11720 11719
f 11709 11721 11720
f 11711 11723 11721
f 11722 11734 11723
f 11724 11734 11722
f 11725 11724 11712
f 11726 11725 11713
f 11727 11726 11714
f 11728 11727 11715
f 11729 11728 11716
f 11719 11731 11730
f 11720 11732 11731
f 11721 11733 11732
f 11723 11735 11733
f 11734 11746 11735
f 11736 11746 11734
f 11737 11736 11724
f 11738 11737 11725
f 11739 11738 11726
f 11740 11739 11727
f 11741 11740 11728
f 11731 11743 11742
f 11732 11744 11743
f 11733 11745 11744
f 11735 11747 11745
f 11746 11758 11747
f 11748 11758 11746
f 11749 11748 11736
f 11750 11749 11737
f 11751 11750 11738
f 11752 11751 11739
f 11753 11752 11740
f 11743 11755 11754
f 11744 11756 11755
f 11745 11757 11756
f 11747 11759 11757
f 11758 11770 11759
f 11760 11770 11758
f 11761 11760 11748
f 11762 11761 11749
f 11763 11762 11750
f 11764 11763 11751
f 11765 11764 11752
f 11755 11767 11766
f 11756 11768 11767
f 11757 11769 11768
f 11759 11771 11769
f 11770 11782 11771
f 11772 11782 11770
f 11773 11772 11760
f 11774 11773 11761
f 11775 11774 11762
f 11776 11775 11763
f 11777 11776 11764
f 11767 11779 11778
f 11768 11780 11779
f 11769 11781 11780
f 11771 11783 11781
f 11782 11795 11783
f 11784 11795 11782
f 11785 11784 11772
f 11786 11785 11773
f 11787 11786 11774
f 11788 11787 11775
f 11789 11788 11776
f 11790 11802 11778
f 11791 11790 11779
f 11792 11791 11780
f 11793 11792 11781
f 11794 11793 11783
f 11796 11794 11795
f 11785 11797 11796
f 11786 11798 11797
f 11787 11799 11798
f 11788 11800 11799
f 11789 11811 11800
f 11801 11814 11802
f 11803 11801 11790
f 11804 11803 11791
f 11805 11804 11792
f 11806 11805 11793
f 11807 11806 11794
f 11797 11808 11807
f 11798 11809 11808
f 11799 11810 11809
f 11800 11812 11810
f 11811 11823 11812
f 11813 11826 11814
f 11815 11813 11801
f 11816 11815 11803
f 11817 11816 11804
f 11818 11817 11805
f 11807 11819 11818
f 11808 11820 11819
f 11809 11821 11820
f 11810 11822 11821
f 11812 11824 11822
f 11823 11835 11824
f 11825 11838 11826
f 11827 11825 11813
f 11828 11827 11815
f 11829 11828 11816
f 11830 11829 11817
f 11831 11830 11818
f 11820 11832 11831
f 11821 11833 11832
f 11822 11834 11833
f 11824 11836 11834
f 11835 11847 11836
f 11837 11850 11838
f 11839 11837 11825
f 11840 11839 11827
f 11841 11840 11828
f 11842 11841 11829
f 11843 11842 11830
f 11832 11844 11843
f 11833 11845 11844
f 11834 11846 11845
f 11836 11848 11846
f 11847 11859 11848
f 11849 11862 11850
f 11851 11849 11837
f 11852 11851 11839
f 11853 11852 11840
f 11854 11853 11841
f 11855 11854 11842
f 11844 11856 11855
f 11845 11857 11856
f 11846 11858 11857
f 11848 11860 11858
f 11859 11871 11860
f 11861 11874 11862
f 11863 11861 11849
f 11864 11863 11851
f 11865 11864 11852
f 11866 11865 11853
f 11867 11866 11854
f 11856 11868 11867
f 11857 11869 11868
f 11858 11870 11869
f 11860 11872 11870
f 11871 11883 11872
f 11873 11886 11874
f 11875 11873 11861
f 11876 11875 11863
f 11877 11876 11864
f 11878 11877 11865
f 11879 11878 11866
f 11868 11880 11879
f 11869 11881 11880
f 11870 11882 11881
f 11872 11884 11882
f 11883 11897 11884
f 11873 11887 11885
f 11875 11888 11887
f 11876 11889 11888
f 11877 11890 11889
f 11878 11902 11890
f 11891 11902 11878
f 11892 11891 11879
f 11893 11892 11880
f 11894 11893 11881
f 11895 11894 11882
f 11896 11895 11884
f 11887 11899 11898
f 11888 11900 11899
f 11889 11901 11900
f 11890 11903 11901
f 11902 11914 11903
f 11904 11914 11902
f 11905 11904 11891
f 11906 11905 11892
f 11907 11906 11893
f 11908 11907 11894
f 11909 11908 11895
f 11899 11911 11910
f 11900 11912 11911
f 11901 11913 11912
f 11903 11915 11913
f 11914 11926 11915
f 11916 11926 11914
f 11917 11916 11904
f 11918 11917 11905
f 11919 11918 11906
f 11920 11919 11907
f 11921 11920 11908
f 11911 11923 11922
f 11912 11924 11923
f 11913 11925 11924
f 11915 11927 11925
f 11926 11928 11927
f 11916 11940 11928
f 11929 11940 11916
f 11930 11929 11917
f 11931 11930 11918
f 11932 11931 11919
f 11933 11932 11920
f 11923 11935 11934
f 11924 11936 11935
f 11925 11937 11936
f 11927 11938 11937
f 11928 11950 11938
f 11939 11950 11928
f 11941 11939 11940
f 11942 11941 11929
f 11943 11942 11930
f 11944 11943 11931
f 11945 11944 11932
f 11935 11947 11946
f 11936 11948 11947
f 11937 11949 11948
f 11938 11951 11949
f 11950 11962 11951
f 11952 11962 11950
f 11953 11952 11939
f 11954 11953 11941
f 11955 11954 11942
f 11956 11955 11943
f 11957 11956 11944
f 11947 11959 11958
f 11948 11960 11959
f 11949 11961 11960
f 11951 11963 11961
f 11962 11974 11963
f 11964 11974 11962
f 11965 11964 11952
f 11966 11965 11953
f 11967 11966 11954
f 11968 11967 11955
f 11969 11968 11956
f 11959 11971 11970
f 11960 11972 11971
f 11961 11973 11972
f 11963 11975 11973
f 11974 11986 11975
f 11976 11986 11974
f 11977 11976 11964
f 11978 11977 11965
f 11979 11978 11966
f 11980 11979 11967
f 11981 11980 11968
f 11971 11983 11982
f 11972 11984 11983
f 11973 11985 11984
f 11975 11987 11985
f 11986 11998 11987
f 11988 11998 11986
f 11989 11988 11976
f 11990 11989 11977
f 11991 11990 11978
f 11992 11991 11979
f 11993 11992 11980
f 11983 11995 11994
f 11984 11996 11995
f 11985 11997 11996
f 11987 11999 11997
f 11998 12010 11999
f 12000 12010 11998
f 12001 12000 11988
f 12002 12001 11989
f 12003 12002 11990
f 12004 12003 11991
f 12005 12004 11992
f 11995 12007 12006
f 11996 12008 12007
f 11997 12009 12008
f 11999 12011 12009
f 12010 12022 12011
f 12012 12022 12010
f 12013 12012 12000
f 12014 12013 12001
f 12015 12014 12002
f 12016 12015 12003
f 12017 12016 12004
f 12007 12019 12018
f 12008 12020 12019
f 12009 12021 12020
f 12011 12023 12021
f 12022 12034 12023
f 12024 12034 12022
f 12025 12024 12012
f 12026 12025 12013
f 12027 12026 12014
f 12028 12027 12015
f 12029 12028 12016
f 12019 12031 12030
f 12020 12032 12031
f 12021 12033 12032
f 12023 12035 12033
f 12034 12046 12035
f 12036 12046 12034
f 12037 12036 12024
f 12038 12037 12025
f 12039 12038 12026
f 12040 12039 12027
f 12041 12040 12028
f 12031 12043 12042
f 12032 12044 12043
f 12033 12045 12044
f 12035 12047 12045
f 12046 12048 12047
f 12036 12060 12048
f 12049 12060 12036
f 12050 12049 12037
f 12051 12050 12038
f 12052 12051 12039
f 12053 12052 12040
f 12043 12055 12054
f 12044 12056 12055
f 12045 12057 12056
f 12047 12058 12057
f 12048 12070 12058
f 12059 12070 12048
f 12061 12059 12060
f 12062 12061 12049
f 12063 12062 12050
f 12064 12063 12051
f 12065 12064 12052
f 12055 12067 12066
f 12056 12068 12067
f 12057 12069 12068
f 12058 12071 12069
f 12070 12072 12071
f 12059 12084 12072
f 12073 12084 12059
f 12074 12073 12061
f 12075 12074 12062
f 12076 12075 12063
f 12077 12076 12064
f 12078 12090 12066
f 12079 12078 12067
f 12080 12079 12068
f 12081 12080 12069
f 12082 12081 12071
f 12083 12082 12072
f 12073 12085 12083
f 12074 12086 12085
f 12075 12087 12086
f 12076 12088 12087
f 12077 12099 12088
f 12089 12102 12090
f 12091 12089 12078
f 12092 12091 12079
f 12093 12092 12080
f 12094 12093 12081
f 12095 12094 12082
f 12085 12096 12095
f 12086 12097 12096
f 12087 12098 12097
f 12088 12100 12098
f 12099 12111 12100
f 12101 12114 12102
f 12103 12101 12089
f 12104 12103 12091
f 12105 12104 12092
f 12106 12105 12093
f 12107 12106 12094
f 12096 12108 12107
f 12097 12109 12108
f 12098 12110 12109
f 12100 12112 12110
f 12111 12123 12112
f 12113 12126 12114
f 12115 12113 12101
f 12116 12115 12103
f 12117 12116 12104
f 12118 12117 12105
f 12119 12118 12106
f 12108 12120 12119
f 12109 12121 12120
f 12110 12122 12121
f 12112 12124 12122
f 12123 12135 12124
f 12125 12138 12126
f 12127 12125 12113
f 12128 12127 12115
f 12129 12128 12116
f 12130 12129 12117
f 12131 12130 12118
f 12120 12132 12131
f 12121 12133 12132
f 12122 12134 12133
f 12124 12136 12134
f 12135 12147 12136
f 12137 12150 12138
f 12139 12137 12125
f 12140 12139 12127
f 12141 12140 12128
f 12142 12141 12129
f 12143 12142 12130
f 12132 12144 12143
f 12133 12145 12144
f 12134 12146 12145
f 12136 12148 12146
f 12147 12159 12148
f 12149 12162 12150
f 12151 12149 12137
f 12152 12151 12139
f 12153 12152 12140
f 12154 12153 12141
f 12155 12154 12142
f 12144 12156 12155
f 12145 12157 12156
f 12146 12158 12157
f 12148 12160 12158
f 12159 12171 12160
f 12161 12174 12162
f 12163 12161 12149
f 12164 12163 12151
f 12165 12164 12152
f 12166 12165 12153
f 12167 12166 12154
f 12156 12168 12167
f 12157 12169 12168
f 12158 12170 12169
f 12160 12172 12170
f 12171 12183 12172
f 12173 12186 12174
f 12175 12173 12161
f 12176 12175 12163
f 12177 12176 12164
f 12178 12177 12165
f 12179 12178 12166
f 12168 12180 12179
f 12169 12181 12180
f 12170 12182 12181
f 12172 12184 12182
f 12183 12195 12184
f 12185 12198 12186
f 12187 12185 12173
f 12188 12187 12175
f 12189 12188 12176
f 12190 12189 12177
f 12191 12190 12178
f 12180 12192 12191
f 12181 12193 12192
f 12182 12194 12193
f 12184 12196 12194
f 12195 12209 12196
f 12185 12199 12197
f 12187 12200 12199
f 12188 12201 12200
f 12189 12202 12201
f 12190 12214 12202
f 12203 12214 12190
f 12204 12203 12191
f 12205 12204 12192
f 12206 12205 12193
f 12207 12206 12194
f 12208 12207 12196
f 12199 12211 12210
f 12200 12212 12211
f 12201 12213 12212
f 12202 12215 12213
f 12214 12227 12215
f 12216 12227 12214
f 12217 12216 12203
f 12218 12217 12204
f 12219 12218 12205
f 12220 12219 12206
f 12221 12220 12207
f 12222 12234 12210
f 12223 12222 12211
f 12224 12223 12212
f 12225 12224 12213
f 12226 12225 12215
f 12228 12226 12227
f 12217 12229 12228
f 12218 12230 12229
f 12219 12231 12230
f 12220 12232 12231
f 12221 12243 12232
f 12233 12246 12234
f 12235 12233 12222
f 12236 12235 12223
f 12237 12236 12224
f 12238 12237 12225
f 12239 12238 12226
f 12229 12240 12239
f 12230 12241 12240
f 12231 12242 12241
f 12232 12244 12242
f 12243 12255 12244
f 12245 12258 12246
f 12247 12245 12233
f 12248 12247 12235
f 12249 12248 12236
f 12250 12249 12237
f 12251 12250 12238
f 12240 12252 12251
f 12241 12253 12252
f 12242 12254 12253
f 12244 12256 12254
f 12255 12267 12256
f 12257 12270 12258
f 12259 12257 12245
f 12260 12259 12247
f 12261 12260 12248
f 12262 12261 12249
f 12263 12262 12250
f 12252 12264 12263
f 12253 12265 12264
f 12254 12266 12265
f 12256 12268 12266
f 12267 12279 12268
f 12269 12282 12270
f 12271 12269 12257
f 12272 12271 12259
f 12273 12272 12260
f 12274 12273 12261
f 12275 12274 12262
f 12264 12276 12275
f 12265 12277 12276
f 12266 12278 12277
f 12268 12280 12278
f 12279 12291 12280
f 12281 12294 12282
f 12283 12281 12269
f 12284 12283 12271
f 12285 12284 12272
f 12286 12285 12273
f 12287 12286 12274
f 12288 12287 12275
f 12277 12289 12288
f 12278 12290 12289
f 12280 12292 12290
f 12291 12305 12292
f 12281 12295 12293
f 12283 12296 12295
f 12284 12297 12296
f 12285 12298 12297
f 12286 12310 12298
f 12299 12310 12286
f 12300 12299 12287
f 12301 12300 12288
f 12302 12301 12289
f 12303 12302 12290
f 12304 12303 12292
f 12295 12307 12306
f 12296 12308 12307
f 12297 12309 12308
f 12298 12311 12309
f 12310 12322 12311
f 12312 12322 12310
f 12313 12312 12299
f 12314 12313 12300
f 12315 12314 12301
f 12316 12315 12302
f 12317 12316 12303
f 12307 12319 12318
f 12308 12320 12319
f 12309 12321 12320
f 12311 12323 12321
f 12322 12334 12323
f 12324 12334 12322
f 12325 12324 12312
f 12326 12325 12313
f 12327 12326 12314
f 12328 12327 12315
f 12329 12328 12316
f 12319 12331 12330
f 12320 12332 12331
f 12321 12333 12332
f 12323 12335 12333
f 12334 12346 12335
f 12336 12346 12334
f 12337 12336 12324
f 12338 12337 12325
f 12339 12338 12326
f 12340 12339 12327
f 12341 12340 12328
f 12331 12343 12342
f 12332 12344 12343
f 12333 12345 12344
f 12335 12347 12345
f 12346 12358 12347
f 12348 12358 12346
f 12349 12348 12336
f 12350 12349 12337
f 12351 12350 12338
f 12352 12351 12339
f 12353 12352 12340
f 12343 12355 12354
f 12344 12356 12355
f 12345 12357 12356
f 12347 12359 12357
f 12358 12371 12359
f 12360 12371 12358
f 12361 12360 12348
f 12362 12361 12349
f 12363 12362 12350
f 12364 12363 12351
f 12365 12364 12352
f 12366 12378 12354
f 12367 12366 12355
f 12368 12367 12356
f 12369 12368 12357
f 12370 12369 12359
f 12372 12370 12371
f 12361 12373 12372
f 12362 12374 12373
f 12363 12375 12374
f 12364 12376 12375
f 12365 12387 12376
f 12377 12390 12378
f 12379 12377 12366
f 12380 12379 12367
f 12381 12380 12368
f 12382 12381 12369
f 12383 12382 12370
f 12373 12384 12383
f 12374 12385 12384
f 12375 12386 12385
f 12376 12388 12386
f 12387 12399 12388
f 12389 12402 12390
f 12391 12389 12377
f 12392 12391 12379
f 12393 12392 12380
f 12394 12393 12381
f 12383 12395 12394
f 12384 12396 12395
f 12385 12397 12396
f 12386 12398 12397
f 12388 12400 12398
f 12399 12411 12400
f 12401 12414 12402
f 12403 12401 12389
f 12404 12403 12391
f 12405 12404 12392
f 12406 12405 12393
f 12407 12406 12394
f 12396 12408 12407
f 12397 12409 12408
f 12398 12410 12409
f 12400 12412 12410
f 12411 12423 12412
f 12413 12426 12414
f 12415 12413 12401
f 12416 12415 12403
f 12417 12416 12404
f 12418 12417 12405
f 12419 12418 12406
f 12408 12420 12419
f 12409 12421 12420
f 12410 12422 12421
f 12412 12424 12422
f 12423 12435 12424
f 12425 12438 12426
f 12427 12425 12413
f 12428 12427 12415
f 12429 12428 12416
f 12430 12429 12417
f 12431 12430 12418
f 12420 12432 12431
f 12421 12433 12432
f 12422 12434 12433
f 12424 12436 12434
f 12435 12447 12436
f 12437 12450 12438
f 12439 12437 12425
f 12440 12439 12427
f 12441 12440 12428
f 12442 12441 12429
f 12443 12442 12430
f 12432 12444 12443
f 12433 12445 12444
f 12434 12446 12445
f 12436 12448 12446
f 12447 12461 12448
f 12437 12451 12449
f 12439 12452 12451
f 12440 12453 12452
f 12441 12454 12453
f 12442 12466 12454
f 12455 12466 12442
f 12456 12455 12443
f 12457 12456 12444
f 12458 12457 12445
f 12459 12458 12446
f 12460 12459 12448
f 12451 12463 12462
f 12452 12464 12463
f 12453 12465 12464
f 12454 12467 12465
f 12466 12478 12467
f 12468 12478 12466
f 12469 12468 12455
f 12470 12469 12456
f 12471 12470 12457
f 12472 12471 12458
f 12473 12472 12459
f 12463 12475 12474
f 12464 12476 12475
f 12465 12477 12476
f 12467 12479 12477
f 12478 12490 12479
f 12480 12490 12478
f 12481 12480 12468
f 12482 12481 12469
f 12483 12482 12470
f 12484 12483 12471
f 12485 12484 12472
f 12475 12487 12486
f 12476 12488 12487
f 12477 12489 12488
f 12479 12491 12489
f 12490 12503 12491
f 12492 12503 12490
f 12493 12492 12480
f 12494 12493 12481
f 12495 12494 12482
f 12496 12495 12483
f 12497 12496 12484
f 12498 12510 12486
f 12499 12498 12487
f 12500 12499 12488
f 12501 12500 12489
f 12502 12501 12491
f 12504 12502 12503
f 12493 12505 12504
f 12494 12506 12505
f 12495 12507 12506
f 12496 12508 12507
f 12497 12519 12508
f 12509 12522 12510
f 12511 12509 12498
f 12512 12511 12499
f 12513 12512 12500
f 12514 12513 12501
f 12515 12514 12502
f 12505 12516 12515
f 12506 12517 12516
f 12507 12518 12517
f 12508 12520 12518
f 12519 12533 12520
f 12509 12523 12521
f 12511 12524 12523
f 12512 12525 12524
f 12513 12526 12525
f 12514 12538 12526
f 12527 12538 12514
f 12528 12527 12515
f 12529 12528 12516
f 12530 12529 12517
f 12531 12530 12518
f 12532 12531 12520
f 12523 12535 12534
f 12524 12536 12535
f 12525 12537 12536
f 12526 12539 12537
f 12538 12550 12539
f 12540 12550 12538
f 12541 12540 12527
f 12542 12541 12528
f 12543 12542 12529
f 12544 12543 12530
f 12545 12544 12531
f 12535 12547 12546
f 12536 12548 12547
f 12537 12549 12548
f 12539 12551 12549
f 12550 12562 12551
f 12552 12562 12550
f 12553 12552 12540
f 12554 12553 12541
f 12555 12554 12542
f 12556 12555 12543
f 12557 12556 12544
f 12547 12559 12558
f 12548 12560 12559
f 12549 12561 12560
f 12551 12563 12561
f 12562 12574 12563
f 12564 12574 12562
f 12565 12564 12552
f 12566 12565 12553
f 12567 12566 12554
f 12568 12567 12555
f 12569 12568 12556
f 12559 12571 12570
f 12560 12572 12571
f 12561 12573 12572
f 12563 12575 12573
f 12574 12586 12575
f 12576 12586 12574
f 12577 12576 12564
f 12578 12577 12565
f 12579 12578 12566
f 12580 12579 12567
f 12581 12580 12568
f 12571 12583 12582
f 12572 12584 12583
f 12573 12585 12584
f 12575 12587 12585
f 12586 12598 12587
f 12588 12598 12586
f 12589 12588 12576
f 12590 12589 12577
f 12591 12590 12578
f 12592 12591 12579
f 12593 12592 12580
f 12583 12595 12594
f 12584 12596 12595
f 12585 12597 12596
f 12587 12599 12597
f 12598 12610 12599
f 12600 12610 12598
f 12601 12600 12588
f 12602 12601 12589
f 12603 12602 12590
f 12604 12603 12591
f 12605 12604 12592
f 12595 12607 12606
f 12596 12608 12607
f 12597 12609 12608
f 12599 12611 12609
f 12610 12622 12611
f 12612 12622 12610
f 12613 12612 12600
f 12614 12613 12601
f 12615 12614 12602
f 12616 12615 12603
f 12617 12616 12604
f 12607 12619 12618
f 12608 12620 12619
f 12609 12621 12620
f 12611 12623 12621
f 12622 12634 12623
f 12624 12634 12622
f 12625 12624 12612
f 12626 12625 12613
f 12627 12626 12614
f 12628 12627 12615
f 12629 12628 12616
f 12619 12631 12630
f 12620 12632 12631
f 12621 12633 12632
f 12623 12635 12633
f 12634 12642 12635
f 12636 12642 12634
f 12637 12636 12624
f 12638 12637 12625
f 12639 12638 12626
f 12640 12639 12627
f 12641 12640 12628
f 12631 11493 11492
f 12632 11495 11493
f 12633 11497 11495
f 12635 11499 11497
f 12642 11501 11499
f 11503 11501 12642
f 11504 11503 12636
f 11505 11504 12637
f 11507 11505 12638
f 11509 11507 12639
f 11511 11509 12640
