INFO:drake:Meshcat listening for connections at http://localhost:7000
[C3] Log: results/admit_t2_default.txt
[C3] Task: pushing
[ENV]  Directional task: id=4 name=west
[ENV]  Goal coords: [-0.3, 0.0]
[ENV]  Description: Push box 30cm west. Arm prepositioned on west face: contact normal anti-aligned with goal direction. Pusher would have to go through the box -- impossible without contact mode switch.
[ENV]  Mass: 0.2 kg   Friction mu: 0.4
[MPC]  Horizon: 20   dt: 0.05 s
[MPC]  ADMM max iters: 3   rho_init: 100.0
[MPC]  Force limit: 30.0 Nm
[COST] w_obj_xy:      100000.0
[COST] w_obj_z:       10.0
[COST] w_box_z:       100.0
[COST] w_box_rp:      50.0
[COST] w_terminal:    5.0  (QN = w_terminal * Q)
[COST] w_ee_approach: 8000.0
[COST] w_torque:      0.01
[ENV]  INITIAL_ARM_Q: DEFAULT
[C3] Building Drake environment ...
[C3] DOFs: n_q=14, n_v=13, n_u=7, n_x=27
[C3] 'box_link': q[11]=x, q[12]=y
[FILTER INIT] Building EE geometry ID set:
  pusher: 1 collision geom(s)
[FILTER INIT] EE body: pusher  geom IDs: [<GeometryId value=223>]
[FILTER INIT] Manipuland geom IDs : 1
[FILTER INIT] Ground geom IDs     : 1  (world_body collision geoms)
[ADMIT-T2] contact_model='stewart_trinkle' (reference default='anitescu'; port default='stewart_trinkle'; env_LCS_CONTACT_MODEL=<unset>)
[ADMIT-T2] mu=0.4 (single scalar; reference uses mu_per_pair_type array)
[ADMIT-T2] box_ground_drag=10.0 (port-only viscous A-matrix modification; reference has no analog — LCS λ_n_gnd tracking is the reference mechanism)
[ADMIT-T2] lcs_explicit_manipuland_ground_contacts=0 object_shape='box' (port-only vertex synthesis; reference uses URDF-defined sphere witness points on the manipuland)
[ADMIT-T2] ref_pair_admission_planner_lcs=False (port-only partial reference-conformance flag; tshape-only opt-in at use site)
[ADMIT-T2] always_on_ee_box=False (env_LCS_ALWAYS_ON_EE_BOX=<unset>; port-only always-on EE-BOX injection when 2mm filter drops)
[ADMIT-T2] normal_compliance_k=0.0 normal_velocity_level=False normal_phi_clamp=None (port-only diagnostic normal-row patches — ALL default OFF)
[ADMIT-T2] distance_threshold=0.002 m (hardcoded default in extract_lcs_contacts; reference uses top-N ranking, no threshold)
[C3] Solver mode: c3plus  (planner: R^7 joint torque, c3+ projection: componentwise)
[C3+] planner construction verified: use_ee_space=False solver.n_x=27 solver.n_u=7  (joint torque (Nm))
[YAML-COMPAT] num_control_loops_to_wait=60 (ticks @ 100 Hz) → num_control_loops_to_wait_s=0.6000 s
[YAML-COMPAT] num_control_loops_to_wait_position=30 (ticks @ 100 Hz) → num_control_loops_to_wait_position_s=0.3000 s
[YAML-COMPAT] progress_enforced_over_n_loops=30 (ticks @ 100 Hz) → progress_enforced_over_duration_s=0.3000 s
[YAML-COMPAT] sample_buffer_lifetime=30 (ticks @ 100 Hz) → sample_buffer_lifetime_s=0.3000 s
[OVERRIDE] sampling_height=0.030 (was 0.050, per-task 'pushing')
[OVERRIDE] seed=0 (rng=np.random.default_rng)
[GS] start_mode=free (--prepositioned=False)
[GS] SamplingC3MPC enabled (config: config/sampling_c3_kik.yaml)
[GS]   strategy=kFaceNormal num_add_c3=3 num_add_repos=1
[GS]   w_align=30000.0  w_travel=200.0
[GS]   reposition: traj_type=kPiecewiseLinear z_safe=0.15m speed=0.4m/s
[C3] Goal: [-0.3  0. ]  |  Meshcat: http://localhost:7000
[C3] Running simulation ...
[ENV]  Sim duration overridden: max_time=2.0s
[PERSIST] step=1 refresh n_strategy=1 samples=[(-0.023, -0.08, 0.03)]
[ADMIT-T2] call=0 n_c=1 tags=['BOX-GND'] phi=['+0.0000'] n_ee_box=0 n_box_gnd=1 n_synth=0 n_other=0 n_lambda_ST=6 n_lambda_Anitescu_ref=6
[LCS-DRAG] box translational v indices in v: [10,11,12]  c=10.00/s  per-step multiplier=(1 - c·dt)=0.5000
[SANITY] nc=1  n_tangent_per_contact=4  J_n=(1, 13)  J_t=(4, 13)
[SANITY] Tangent interpretation: 4 → polyhedral pyramid
[CONTACT 0]
  body_A=world  body_B=box_link  a_is_box=False
  nhat_BA_W (B→A): [-0. -0. -1.]
  nhat_onto_box  : [0. 0. 1.]
  p_ACa (on A)   : [0.05 0.05 0.05]
  p_BCb (on B)   : [ 0.05  0.05 -0.05]
  distance       : 0.00000 m
[SIGN] J_n[0] (first contact normal row):
       [ 0.    0.    0.    0.    0.    0.    0.    0.05 -0.05  0.    0.    0.
  1.  ]
  nhat_onto_box = [0. 0. 1.]
  → if nhat_onto_box·[1,0,0] > 0, box should accelerate eastward from λ_n
[EErel] along_push=-0.000m (neg=correct)  perp=0.001m  ee_to_box=0.001m  stage=3  obj=[0. 0.]  g_hat=[-1.  0.]
[proxy] err=0.158m  effective=[0.051 0.    0.05 ]
[DEBUG-C3+] n_contacts=1, n_lambda=6, TOT=46, total_dim=947
[DEBUG-C3+] per-step slots:  x=[0:27)  λ=[27:33)  u=[33:40)  η=[40:46)
[ADMM-C3+] primal: 6.1275->4.9328  dual: 109.1384->80.5932  mono=False  iters=25/25  rho=25.0
[ADMM-C3+] WARNING non-converged: pr=4.9328 dr=80.5932 tol=1e-03
[C3+] step=1 |u[0]|=34.28Nm u_axis=(+10.22,-26.29,-0.84,+15.92,+3.40,-10.63,-0.76)Nm λ_n_max=1.058 η_n_max=1.279 primal=4.933 iters=25/25 lcp_res_max=nan
[ADMIT-GUARD] step=1 admit_active=0 latch=0/0 ee_z=0.200 gate_cap=0
[ALT-GATE] step=1 target_stable=0/0 allow_descent=1
[GS-tgt] step=1 ee=(+0.000,-0.001,+0.200) p_repos=(-0.023,-0.080,+0.030) ee_to_target=0.189m target_label=strat_0 target_changed=Y delta=nanm
[OSC-INIT] n_arm=7 n_v=13
[OSC-INIT]   Kp_cart=[400.0, 400.0, 400.0]  Kd_cart=[40.0, 40.0, 40.0]
[OSC-INIT]   Kp_null=[10.0, 10.0, 10.0, 10.0, 10.0, 10.0, 10.0]
[OSC-INIT]   Kd_null=[3.0, 3.0, 3.0, 3.0, 3.0, 3.0, 3.0]
[OSC-INIT]   W_track=100.0  W_posture=1.0  W_torque=0.001  W_acc=0.001
[OSC-INIT]   tau_max=[87.0, 87.0, 87.0, 87.0, 12.0, 12.0, 12.0]
[OSC-INIT]   q_nominal=[0.5522, 0.325, 0.9763, -2.2462, -0.189, 3.0447, 0.785]
[OSC-INIT]   use_force_tracking=True  W_force=1.0
[IMP] step=1 mode=free |x_err|=0.0040m |tau_imp|=6.55Nm |tau_ff|=0.00Nm |tau_out|=6.55Nm sat=False lam_n=False lam_t=False
[GS] step=1 mode=free switch=kStayInRepos best_k=0 best_src=strat_0 curr_cost=133952.57 repos_cost=195929.76 best_other=195929.76 met_progress=Y steps_since_improve=0 switches=0
[STEP] step=1 mode=free t=0.010s ee=(+0.000,-0.001,+0.200) obj=(+0.000,+0.000,+0.050) goal_dist=0.300m switch=kStayInRepos target=(-0.001,-0.004,+0.200) ee_stride=0.004m ee_to_ptarget=0.189m landing_err=0.1874m ik_ok=Y ik_resid=0.0002m q_max_resid_deg=0.66 target_changed=Y retgt=N held_idx=- held_cost=- won_cost=195929.76 margin=- won_src=strat_0 held_valid=N reason=no_held setpoint_to_ptarget=nanm finished_val=0.1892m finished_thresh=0.0200m pd_resid=nanm nextwp_to_ptarget=nanm guide_terminal_err=nanm
[GATE-EVOLVE] step=1 curr=133952.57 best_other=195929.76 ratio=0.6837 ee_to_optimal=0.0749m phi=0.0751m
[STAGE-A-TRACE] step=1 sim_t=0.010 mode=free phi=0.07508 box_xy=+0.00000,+0.00000 lam_n_ee_box=nan qy=+0.00000 qz=+0.00000 finished_repos=0
  t=0.00s | ee=(0.000, -0.001, 0.200) | obj=(0.000, 0.000, 0.050) | |u|=6.55 Nm | goal_dist=0.300 m
[DRAKE-CONTACT] step=1 n_pairs=1 ee_box_normal=0.000
[GATE-CONTACT] step=1 F_W=(+0.0000,+0.0000,+0.0000) F_on_box=(-0.0000,-0.0000,-0.0000) n_face_out=(-0.0000,-0.0000,-0.0000) A_is_ee=0 box_q=(+1.00000,+0.00000,+0.00000,+0.00000) box_p=(+0.00000,+0.00000,+0.05000) ee_p=(+0.00013,-0.00051,+0.20008)
[ADMIT-T2] call=2 n_c=1 tags=['BOX-GND'] phi=['-0.0000'] n_ee_box=0 n_box_gnd=1 n_synth=0 n_other=0 n_lambda_ST=6 n_lambda_Anitescu_ref=6
[EErel] along_push=-0.000m (neg=correct)  perp=0.001m  ee_to_box=0.001m  stage=3  obj=[-0. -0.]  g_hat=[-1.  0.]
[proxy] err=0.158m  effective=[0.051 0.    0.05 ]
[ADMM-C3+] primal: 5.7428->3.8718  dual: 74.7888->83.3044  mono=False  iters=25/25  rho=25.0
[ADMM-C3+] WARNING non-converged: pr=3.8718 dr=83.3044 tol=1e-03
[C3+] step=3 |u[0]|=34.29Nm u_axis=(+10.16,-26.16,-0.96,+16.21,+3.43,-10.59,-0.76)Nm λ_n_max=0.000 η_n_max=0.742 primal=3.872 iters=25/25 lcp_res_max=nan
[ADMIT-GUARD] step=2 admit_active=0 latch=0/0 ee_z=0.200 gate_cap=0
[ALT-GATE] step=2 target_stable=0/0 allow_descent=1
[GS-tgt] step=2 ee=(+0.000,-0.001,+0.200) p_repos=(-0.023,-0.080,+0.030) ee_to_target=0.189m target_label=prev_repos target_changed=N delta=0.000m
[IMP] step=2 mode=free |x_err|=0.0079m |tau_imp|=9.51Nm |tau_ff|=0.00Nm |tau_out|=9.51Nm sat=False lam_n=False lam_t=False
[GS] step=2 mode=free switch=kStayInRepos best_k=0 best_src=prev_repos curr_cost=156901.18 repos_cost=214633.15 best_other=214633.15 met_progress=Y steps_since_improve=0 switches=0
[STEP] step=2 mode=free t=0.020s ee=(+0.000,-0.001,+0.200) obj=(-0.000,-0.000,+0.050) goal_dist=0.300m switch=kStayInRepos target=(-0.002,-0.008,+0.200) ee_stride=0.008m ee_to_ptarget=0.189m landing_err=0.1858m ik_ok=Y ik_resid=0.0004m q_max_resid_deg=1.31 target_changed=Y retgt=N held_idx=1 held_cost=214633.15 won_cost=214633.15 margin=+0.00 won_src=prev_repos held_valid=Y reason=hold setpoint_to_ptarget=nanm finished_val=0.1891m finished_thresh=0.0200m pd_resid=nanm nextwp_to_ptarget=nanm guide_terminal_err=nanm
[GATE-EVOLVE] step=2 curr=156901.18 best_other=214633.15 ratio=0.7310 ee_to_optimal=0.0749m phi=0.0751m
[STAGE-A-TRACE] step=2 sim_t=0.020 mode=free phi=0.07508 box_xy=-0.00000,-0.00000 lam_n_ee_box=nan qy=-0.00002 qz=+0.00000 finished_repos=0
[DRAKE-CONTACT] step=2 n_pairs=1 ee_box_normal=0.000
[GATE-CONTACT] step=2 F_W=(+0.0000,+0.0000,+0.0000) F_on_box=(-0.0000,-0.0000,-0.0000) n_face_out=(-0.0000,-0.0000,-0.0000) A_is_ee=0 box_q=(+1.00000,+0.00002,-0.00002,+0.00000) box_p=(-0.00000,-0.00000,+0.04999) ee_p=(+0.00010,-0.00059,+0.20008)
[EErel] along_push=-0.000m (neg=correct)  perp=0.001m  ee_to_box=0.001m  stage=3  obj=[-0. -0.]  g_hat=[-1.  0.]
[proxy] err=0.159m  effective=[0.051 0.    0.05 ]
[ADMM-C3+] primal: 5.7461->3.8743  dual: 74.8590->83.4158  mono=False  iters=25/25  rho=25.0
[ADMM-C3+] WARNING non-converged: pr=3.8743 dr=83.4158 tol=1e-03
[C3+] step=6 |u[0]|=34.38Nm u_axis=(+10.16,-26.01,-1.20,+16.65,+3.48,-10.51,-0.77)Nm λ_n_max=0.000 η_n_max=0.740 primal=3.874 iters=25/25 lcp_res_max=nan
[ADMIT-GUARD] step=3 admit_active=0 latch=0/0 ee_z=0.200 gate_cap=0
[ALT-GATE] step=3 target_stable=0/0 allow_descent=1
[GS-tgt] step=3 ee=(+0.000,-0.001,+0.200) p_repos=(-0.023,-0.080,+0.030) ee_to_target=0.189m target_label=prev_repos target_changed=N delta=0.000m
[IMP] step=3 mode=free |x_err|=0.0117m |tau_imp|=11.33Nm |tau_ff|=0.00Nm |tau_out|=11.33Nm sat=False lam_n=False lam_t=False
[GS] step=3 mode=free switch=kStayInRepos best_k=0 best_src=prev_repos curr_cost=156747.50 repos_cost=214051.63 best_other=214051.63 met_progress=Y steps_since_improve=1 switches=0
[STEP] step=3 mode=free t=0.030s ee=(+0.000,-0.001,+0.200) obj=(-0.000,-0.000,+0.050) goal_dist=0.300m switch=kStayInRepos target=(-0.003,-0.012,+0.200) ee_stride=0.012m ee_to_ptarget=0.189m landing_err=0.1842m ik_ok=Y ik_resid=0.0007m q_max_resid_deg=1.92 target_changed=Y retgt=N held_idx=1 held_cost=214051.63 won_cost=214051.63 margin=+0.00 won_src=prev_repos held_valid=Y reason=hold setpoint_to_ptarget=nanm finished_val=0.1890m finished_thresh=0.0200m pd_resid=nanm nextwp_to_ptarget=nanm guide_terminal_err=nanm
[GATE-EVOLVE] step=3 curr=156747.50 best_other=214051.63 ratio=0.7323 ee_to_optimal=0.0750m phi=0.0751m
[STAGE-A-TRACE] step=3 sim_t=0.030 mode=free phi=0.07507 box_xy=-0.00000,-0.00000 lam_n_ee_box=nan qy=-0.00001 qz=+0.00000 finished_repos=0
[DRAKE-CONTACT] step=3 n_pairs=1 ee_box_normal=0.000
[GATE-CONTACT] step=3 F_W=(+0.0000,+0.0000,+0.0000) F_on_box=(-0.0000,-0.0000,-0.0000) n_face_out=(-0.0000,-0.0000,-0.0000) A_is_ee=0 box_q=(+1.00000,+0.00001,-0.00001,+0.00000) box_p=(-0.00000,-0.00000,+0.04999) ee_p=(+0.00002,-0.00084,+0.20006)
[EErel] along_push=+0.000m (neg=correct)  perp=0.001m  ee_to_box=0.001m  stage=3  obj=[-0. -0.]  g_hat=[-1.  0.]
[proxy] err=0.159m  effective=[0.052 0.    0.05 ]
[ADMM-C3+] primal: 5.7461->3.8743  dual: 74.8587->83.4152  mono=False  iters=25/25  rho=25.0
[ADMM-C3+] WARNING non-converged: pr=3.8743 dr=83.4152 tol=1e-03
[C3+] step=9 |u[0]|=34.49Nm u_axis=(+10.13,-25.80,-1.51,+17.25,+3.54,-10.41,-0.77)Nm λ_n_max=0.000 η_n_max=0.740 primal=3.874 iters=25/25 lcp_res_max=nan
[ADMIT-GUARD] step=4 admit_active=0 latch=0/0 ee_z=0.200 gate_cap=0
[ALT-GATE] step=4 target_stable=0/0 allow_descent=1
[GS-tgt] step=4 ee=(-0.000,-0.001,+0.200) p_repos=(-0.023,-0.080,+0.030) ee_to_target=0.189m target_label=prev_repos target_changed=N delta=0.000m
[IMP] step=4 mode=free |x_err|=0.0151m |tau_imp|=12.29Nm |tau_ff|=0.00Nm |tau_out|=12.29Nm sat=False lam_n=False lam_t=False
[GS] step=4 mode=free switch=kStayInRepos best_k=0 best_src=prev_repos curr_cost=156763.61 repos_cost=213601.37 best_other=213601.37 met_progress=Y steps_since_improve=2 switches=0
[STEP] step=4 mode=free t=0.040s ee=(-0.000,-0.001,+0.200) obj=(-0.000,-0.000,+0.050) goal_dist=0.300m switch=kStayInRepos target=(-0.004,-0.016,+0.200) ee_stride=0.015m ee_to_ptarget=0.189m landing_err=0.1827m ik_ok=Y ik_resid=0.0009m q_max_resid_deg=2.50 target_changed=Y retgt=N held_idx=1 held_cost=213601.37 won_cost=213601.37 margin=+0.00 won_src=prev_repos held_valid=Y reason=hold setpoint_to_ptarget=nanm finished_val=0.1887m finished_thresh=0.0200m pd_resid=nanm nextwp_to_ptarget=nanm guide_terminal_err=nanm
[GATE-EVOLVE] step=4 curr=156763.61 best_other=213601.37 ratio=0.7339 ee_to_optimal=0.0752m phi=0.0750m
[STAGE-A-TRACE] step=4 sim_t=0.040 mode=free phi=0.07505 box_xy=-0.00000,-0.00000 lam_n_ee_box=nan qy=-0.00001 qz=+0.00000 finished_repos=0
[DRAKE-CONTACT] step=4 n_pairs=1 ee_box_normal=0.000
[GATE-CONTACT] step=4 F_W=(+0.0000,+0.0000,+0.0000) F_on_box=(-0.0000,-0.0000,-0.0000) n_face_out=(-0.0000,-0.0000,-0.0000) A_is_ee=0 box_q=(+1.00000,+0.00001,-0.00001,+0.00000) box_p=(-0.00000,-0.00000,+0.04999) ee_p=(-0.00015,-0.00134,+0.20004)
[EErel] along_push=+0.000m (neg=correct)  perp=0.002m  ee_to_box=0.002m  stage=3  obj=[-0. -0.]  g_hat=[-1.  0.]
[proxy] err=0.159m  effective=[0.053 0.    0.05 ]
[ADMM-C3+] primal: 5.7461->3.8743  dual: 74.8587->83.4152  mono=False  iters=25/25  rho=25.0
[ADMM-C3+] WARNING non-converged: pr=3.8743 dr=83.4152 tol=1e-03
[C3+] step=12 |u[0]|=34.67Nm u_axis=(+10.14,-25.61,-1.91,+17.90,+3.64,-10.28,-0.77)Nm λ_n_max=0.000 η_n_max=0.740 primal=3.874 iters=25/25 lcp_res_max=nan
[ADMIT-GUARD] step=5 admit_active=0 latch=0/0 ee_z=0.200 gate_cap=0
[ALT-GATE] step=5 target_stable=0/0 allow_descent=1
[GS-tgt] step=5 ee=(-0.000,-0.002,+0.200) p_repos=(-0.023,-0.080,+0.030) ee_to_target=0.188m target_label=prev_repos target_changed=N delta=0.000m
[IMP] step=5 mode=free |x_err|=0.0183m |tau_imp|=12.62Nm |tau_ff|=0.00Nm |tau_out|=12.62Nm sat=False lam_n=False lam_t=False
[GS] step=5 mode=free switch=kStayInRepos best_k=0 best_src=prev_repos curr_cost=156783.72 repos_cost=213140.26 best_other=213140.26 met_progress=Y steps_since_improve=3 switches=0
[STEP] step=5 mode=free t=0.050s ee=(-0.000,-0.002,+0.200) obj=(-0.000,-0.000,+0.050) goal_dist=0.300m switch=kStayInRepos target=(-0.005,-0.020,+0.200) ee_stride=0.018m ee_to_ptarget=0.188m landing_err=0.1813m ik_ok=Y ik_resid=0.0001m q_max_resid_deg=3.14 target_changed=Y retgt=N held_idx=1 held_cost=213140.26 won_cost=213140.26 margin=+0.00 won_src=prev_repos held_valid=Y reason=hold setpoint_to_ptarget=nanm finished_val=0.1884m finished_thresh=0.0200m pd_resid=nanm nextwp_to_ptarget=nanm guide_terminal_err=nanm
[GATE-EVOLVE] step=5 curr=156783.72 best_other=213140.26 ratio=0.7356 ee_to_optimal=0.0754m phi=0.0750m
[STAGE-A-TRACE] step=5 sim_t=0.050 mode=free phi=0.07501 box_xy=-0.00000,-0.00000 lam_n_ee_box=nan qy=-0.00001 qz=+0.00000 finished_repos=0
[DRAKE-CONTACT] step=5 n_pairs=1 ee_box_normal=0.000
[GATE-CONTACT] step=5 F_W=(+0.0000,+0.0000,+0.0000) F_on_box=(-0.0000,-0.0000,-0.0000) n_face_out=(-0.0000,-0.0000,-0.0000) A_is_ee=0 box_q=(+1.00000,+0.00001,-0.00001,+0.00000) box_p=(-0.00000,-0.00000,+0.04999) ee_p=(-0.00040,-0.00211,+0.20000)
[EErel] along_push=+0.001m (neg=correct)  perp=0.003m  ee_to_box=0.003m  stage=3  obj=[-0. -0.]  g_hat=[-1.  0.]
[proxy] err=0.160m  effective=[0.055 0.    0.05 ]
[ADMM-C3+] primal: 5.7461->3.8743  dual: 74.8587->83.4152  mono=False  iters=25/25  rho=25.0
[ADMM-C3+] WARNING non-converged: pr=3.8743 dr=83.4152 tol=1e-03
[C3+] step=15 |u[0]|=34.90Nm u_axis=(+10.12,-25.41,-2.37,+18.61,+3.74,-10.15,-0.77)Nm λ_n_max=0.000 η_n_max=0.740 primal=3.874 iters=25/25 lcp_res_max=nan
[ADMIT-GUARD] step=6 admit_active=0 latch=0/0 ee_z=0.200 gate_cap=0
[ALT-GATE] step=6 target_stable=0/0 allow_descent=1
[GS-tgt] step=6 ee=(-0.001,-0.003,+0.200) p_repos=(-0.023,-0.080,+0.030) ee_to_target=0.188m target_label=prev_repos target_changed=N delta=0.000m
[GS] step=6 mode=free switch=kStayInRepos best_k=0 best_src=prev_repos curr_cost=156810.40 repos_cost=212692.44 best_other=212692.44 met_progress=Y steps_since_improve=4 switches=0
[STEP] step=6 mode=free t=0.060s ee=(-0.001,-0.003,+0.200) obj=(-0.000,-0.000,+0.050) goal_dist=0.300m switch=kStayInRepos target=(-0.007,-0.024,+0.200) ee_stride=0.021m ee_to_ptarget=0.188m landing_err=0.1800m ik_ok=Y ik_resid=0.0001m q_max_resid_deg=3.63 target_changed=Y retgt=N held_idx=1 held_cost=212692.44 won_cost=212692.44 margin=+0.00 won_src=prev_repos held_valid=Y reason=hold setpoint_to_ptarget=nanm finished_val=0.1878m finished_thresh=0.0200m pd_resid=nanm nextwp_to_ptarget=nanm guide_terminal_err=nanm
[GATE-EVOLVE] step=6 curr=156810.40 best_other=212692.44 ratio=0.7373 ee_to_optimal=0.0758m phi=0.0750m
[STAGE-A-TRACE] step=6 sim_t=0.060 mode=free phi=0.07496 box_xy=-0.00000,-0.00000 lam_n_ee_box=nan qy=-0.00001 qz=+0.00000 finished_repos=0
[DRAKE-CONTACT] step=6 n_pairs=1 ee_box_normal=0.000
[GATE-CONTACT] step=6 F_W=(+0.0000,+0.0000,+0.0000) F_on_box=(-0.0000,-0.0000,-0.0000) n_face_out=(-0.0000,-0.0000,-0.0000) A_is_ee=0 box_q=(+1.00000,+0.00001,-0.00001,+0.00000) box_p=(-0.00000,-0.00000,+0.04999) ee_p=(-0.00074,-0.00318,+0.19995)
[EErel] along_push=+0.001m (neg=correct)  perp=0.005m  ee_to_box=0.005m  stage=3  obj=[0. 0.]  g_hat=[-1. -0.]
[proxy] err=0.161m  effective=[0.057 0.    0.05 ]
[ADMM-C3+] primal: 6.1274->4.9359  dual: 109.8105->80.3187  mono=False  iters=25/25  rho=25.0
[ADMM-C3+] WARNING non-converged: pr=4.9359 dr=80.3187 tol=1e-03
[C3+] step=18 |u[0]|=35.22Nm u_axis=(+10.06,-25.25,-2.95,+19.42,+3.90,-9.98,-0.77)Nm λ_n_max=1.058 η_n_max=1.279 primal=4.936 iters=25/25 lcp_res_max=nan
[ADMIT-GUARD] step=7 admit_active=0 latch=0/0 ee_z=0.200 gate_cap=0
[ALT-GATE] step=7 target_stable=0/0 allow_descent=1
[GS-tgt] step=7 ee=(-0.001,-0.005,+0.200) p_repos=(-0.023,-0.080,+0.030) ee_to_target=0.187m target_label=prev_repos target_changed=N delta=0.000m
[GS] step=7 mode=free switch=kStayInRepos best_k=0 best_src=prev_repos curr_cost=134129.73 repos_cost=193453.53 best_other=193453.53 met_progress=Y steps_since_improve=5 switches=0
[STEP] step=7 mode=free t=0.070s ee=(-0.001,-0.005,+0.200) obj=(+0.000,+0.000,+0.050) goal_dist=0.300m switch=kStayInRepos target=(-0.008,-0.027,+0.200) ee_stride=0.024m ee_to_ptarget=0.187m landing_err=0.1787m ik_ok=Y ik_resid=0.0001m q_max_resid_deg=4.04 target_changed=Y retgt=N held_idx=1 held_cost=193453.53 won_cost=193453.53 margin=+0.00 won_src=prev_repos held_valid=Y reason=hold setpoint_to_ptarget=nanm finished_val=0.1871m finished_thresh=0.0200m pd_resid=nanm nextwp_to_ptarget=nanm guide_terminal_err=nanm
[GATE-EVOLVE] step=7 curr=134129.73 best_other=193453.53 ratio=0.6933 ee_to_optimal=0.0764m phi=0.0749m
[STAGE-A-TRACE] step=7 sim_t=0.070 mode=free phi=0.07491 box_xy=+0.00000,+0.00000 lam_n_ee_box=nan qy=+0.00001 qz=+0.00000 finished_repos=0
[DRAKE-CONTACT] step=7 n_pairs=1 ee_box_normal=0.000
[GATE-CONTACT] step=7 F_W=(+0.0000,+0.0000,+0.0000) F_on_box=(-0.0000,-0.0000,-0.0000) n_face_out=(-0.0000,-0.0000,-0.0000) A_is_ee=0 box_q=(+1.00000,-0.00001,+0.00001,+0.00000) box_p=(+0.00000,+0.00000,+0.04999) ee_p=(-0.00122,-0.00468,+0.19990)
[EErel] along_push=+0.002m (neg=correct)  perp=0.006m  ee_to_box=0.006m  stage=3  obj=[-0. -0.]  g_hat=[-1.  0.]
[proxy] err=0.162m  effective=[0.06  0.001 0.05 ]
[ADMM-C3+] primal: 5.7461->3.8743  dual: 74.8587->83.4152  mono=False  iters=25/25  rho=25.0
[ADMM-C3+] WARNING non-converged: pr=3.8743 dr=83.4152 tol=1e-03
[C3+] step=21 |u[0]|=35.47Nm u_axis=(+10.00,-25.10,-3.44,+20.07,+4.04,-9.83,-0.77)Nm λ_n_max=0.000 η_n_max=0.740 primal=3.874 iters=25/25 lcp_res_max=nan
[ADMIT-GUARD] step=8 admit_active=0 latch=0/0 ee_z=0.200 gate_cap=0
[ALT-GATE] step=8 target_stable=0/0 allow_descent=1
[GS-tgt] step=8 ee=(-0.002,-0.006,+0.200) p_repos=(-0.023,-0.080,+0.030) ee_to_target=0.186m target_label=prev_repos target_changed=N delta=0.000m
[GS] step=8 mode=free switch=kStayInRepos best_k=0 best_src=prev_repos curr_cost=156880.89 repos_cost=211921.89 best_other=211921.89 met_progress=Y steps_since_improve=6 switches=0
[STEP] step=8 mode=free t=0.080s ee=(-0.002,-0.006,+0.200) obj=(-0.000,-0.000,+0.050) goal_dist=0.300m switch=kStayInRepos target=(-0.009,-0.031,+0.200) ee_stride=0.026m ee_to_ptarget=0.186m landing_err=0.1775m ik_ok=Y ik_resid=0.0001m q_max_resid_deg=4.44 target_changed=Y retgt=N held_idx=1 held_cost=211921.89 won_cost=211921.89 margin=+0.00 won_src=prev_repos held_valid=Y reason=hold setpoint_to_ptarget=nanm finished_val=0.1864m finished_thresh=0.0200m pd_resid=nanm nextwp_to_ptarget=nanm guide_terminal_err=nanm
[GATE-EVOLVE] step=8 curr=156880.89 best_other=211921.89 ratio=0.7403 ee_to_optimal=0.0769m phi=0.0749m
[STAGE-A-TRACE] step=8 sim_t=0.080 mode=free phi=0.07486 box_xy=-0.00000,-0.00000 lam_n_ee_box=nan qy=-0.00001 qz=+0.00000 finished_repos=0
[DRAKE-CONTACT] step=8 n_pairs=1 ee_box_normal=0.000
[GATE-CONTACT] step=8 F_W=(+0.0000,+0.0000,+0.0000) F_on_box=(-0.0000,-0.0000,-0.0000) n_face_out=(-0.0000,-0.0000,-0.0000) A_is_ee=0 box_q=(+1.00000,+0.00001,-0.00001,+0.00000) box_p=(-0.00000,-0.00000,+0.04999) ee_p=(-0.00168,-0.00615,+0.19985)
[EErel] along_push=+0.002m (neg=correct)  perp=0.008m  ee_to_box=0.008m  stage=3  obj=[-0. -0.]  g_hat=[-1.  0.]
[proxy] err=0.163m  effective=[0.063 0.001 0.05 ]
[ADMM-C3+] primal: 5.7461->3.8743  dual: 74.8587->83.4152  mono=False  iters=25/25  rho=25.0
[ADMM-C3+] WARNING non-converged: pr=3.8743 dr=83.4152 tol=1e-03
[C3+] step=24 |u[0]|=35.84Nm u_axis=(+9.93,-24.98,-4.06,+20.83,+4.21,-9.65,-0.77)Nm λ_n_max=0.000 η_n_max=0.740 primal=3.874 iters=25/25 lcp_res_max=nan
[ADMIT-GUARD] step=9 admit_active=0 latch=0/0 ee_z=0.200 gate_cap=0
[ALT-GATE] step=9 target_stable=0/0 allow_descent=1
[GS-tgt] step=9 ee=(-0.002,-0.008,+0.200) p_repos=(-0.023,-0.080,+0.030) ee_to_target=0.186m target_label=prev_repos target_changed=N delta=0.000m
[GS] step=9 mode=free switch=kStayInRepos best_k=0 best_src=prev_repos curr_cost=156927.21 repos_cost=211600.33 best_other=211600.33 met_progress=Y steps_since_improve=7 switches=0
[STEP] step=9 mode=free t=0.090s ee=(-0.002,-0.008,+0.200) obj=(-0.000,-0.000,+0.050) goal_dist=0.300m switch=kStayInRepos target=(-0.010,-0.035,+0.200) ee_stride=0.028m ee_to_ptarget=0.186m landing_err=0.1764m ik_ok=Y ik_resid=0.0001m q_max_resid_deg=4.78 target_changed=Y retgt=N held_idx=1 held_cost=211600.33 won_cost=211600.33 margin=+0.00 won_src=prev_repos held_valid=Y reason=hold setpoint_to_ptarget=nanm finished_val=0.1856m finished_thresh=0.0200m pd_resid=nanm nextwp_to_ptarget=nanm guide_terminal_err=nanm
[GATE-EVOLVE] step=9 curr=156927.21 best_other=211600.33 ratio=0.7416 ee_to_optimal=0.0777m phi=0.0748m
[STAGE-A-TRACE] step=9 sim_t=0.090 mode=free phi=0.07481 box_xy=-0.00000,-0.00000 lam_n_ee_box=nan qy=-0.00001 qz=+0.00000 finished_repos=0
[DRAKE-CONTACT] step=9 n_pairs=1 ee_box_normal=0.000
[GATE-CONTACT] step=9 F_W=(+0.0000,+0.0000,+0.0000) F_on_box=(-0.0000,-0.0000,-0.0000) n_face_out=(-0.0000,-0.0000,-0.0000) A_is_ee=0 box_q=(+1.00000,+0.00001,-0.00001,+0.00000) box_p=(-0.00000,-0.00000,+0.04999) ee_p=(-0.00227,-0.00802,+0.19980)
[EErel] along_push=+0.003m (neg=correct)  perp=0.010m  ee_to_box=0.011m  stage=3  obj=[-0. -0.]  g_hat=[-1.  0.]
[proxy] err=0.165m  effective=[0.066 0.002 0.05 ]
[ADMM-C3+] primal: 5.7461->3.8743  dual: 74.8587->83.4152  mono=False  iters=25/25  rho=25.0
[ADMM-C3+] WARNING non-converged: pr=3.8743 dr=83.4152 tol=1e-03
[C3+] step=27 |u[0]|=36.24Nm u_axis=(+9.83,-24.90,-4.71,+21.57,+4.39,-9.44,-0.77)Nm λ_n_max=0.000 η_n_max=0.740 primal=3.874 iters=25/25 lcp_res_max=nan
[ADMIT-GUARD] step=10 admit_active=0 latch=0/0 ee_z=0.200 gate_cap=0
[ALT-GATE] step=10 target_stable=0/0 allow_descent=1
[GS-tgt] step=10 ee=(-0.003,-0.010,+0.200) p_repos=(-0.023,-0.080,+0.030) ee_to_target=0.185m target_label=prev_repos target_changed=N delta=0.000m
[IMP] step=10 mode=free |x_err|=0.0299m |tau_imp|=10.04Nm |tau_ff|=0.00Nm |tau_out|=10.04Nm sat=False lam_n=False lam_t=False
[GS] step=10 mode=free switch=kStayInRepos best_k=0 best_src=prev_repos curr_cost=156981.29 repos_cost=211320.95 best_other=211320.95 met_progress=Y steps_since_improve=8 switches=0
[STEP] step=10 mode=free t=0.100s ee=(-0.003,-0.010,+0.200) obj=(-0.000,-0.000,+0.050) goal_dist=0.300m switch=kStayInRepos target=(-0.011,-0.039,+0.200) ee_stride=0.030m ee_to_ptarget=0.185m landing_err=0.1754m ik_ok=Y ik_resid=0.0001m q_max_resid_deg=5.06 target_changed=Y retgt=N held_idx=1 held_cost=211320.95 won_cost=211320.95 margin=+0.00 won_src=prev_repos held_valid=Y reason=hold setpoint_to_ptarget=nanm finished_val=0.1847m finished_thresh=0.0200m pd_resid=nanm nextwp_to_ptarget=nanm guide_terminal_err=nanm
[GATE-EVOLVE] step=10 curr=156981.29 best_other=211320.95 ratio=0.7429 ee_to_optimal=0.0786m phi=0.0748m
[STAGE-A-TRACE] step=10 sim_t=0.100 mode=free phi=0.07477 box_xy=-0.00000,-0.00000 lam_n_ee_box=nan qy=-0.00001 qz=+0.00000 finished_repos=0
[DRAKE-CONTACT] step=10 n_pairs=1 ee_box_normal=0.000
[GATE-CONTACT] step=10 F_W=(+0.0000,+0.0000,+0.0000) F_on_box=(-0.0000,-0.0000,-0.0000) n_face_out=(-0.0000,-0.0000,-0.0000) A_is_ee=0 box_q=(+1.00000,+0.00001,-0.00001,+0.00000) box_p=(-0.00000,-0.00000,+0.04999) ee_p=(-0.00292,-0.01015,+0.19976)
[EErel] along_push=+0.004m (neg=correct)  perp=0.012m  ee_to_box=0.013m  stage=3  obj=[-0. -0.]  g_hat=[-1.  0.]
[proxy] err=0.167m  effective=[0.07  0.003 0.05 ]
[ADMM-C3+] primal: 5.7461->3.8743  dual: 74.8587->83.4152  mono=False  iters=25/25  rho=25.0
[ADMM-C3+] WARNING non-converged: pr=3.8743 dr=83.4152 tol=1e-03
[C3+] step=30 |u[0]|=36.70Nm u_axis=(+9.72,-24.89,-5.39,+22.31,+4.59,-9.20,-0.77)Nm λ_n_max=0.000 η_n_max=0.740 primal=3.874 iters=25/25 lcp_res_max=nan
[ADMIT-GUARD] step=11 admit_active=0 latch=0/0 ee_z=0.200 gate_cap=0
[ALT-GATE] step=11 target_stable=0/0 allow_descent=1
[GS-tgt] step=11 ee=(-0.004,-0.012,+0.200) p_repos=(-0.023,-0.080,+0.030) ee_to_target=0.184m target_label=prev_repos target_changed=N delta=0.000m
[GS] step=11 mode=free switch=kStayInRepos best_k=0 best_src=prev_repos curr_cost=157043.64 repos_cost=211085.34 best_other=211085.34 met_progress=Y steps_since_improve=9 switches=0
[STEP] step=11 mode=free t=0.110s ee=(-0.004,-0.012,+0.200) obj=(-0.000,-0.000,+0.050) goal_dist=0.300m switch=kStayInRepos target=(-0.012,-0.043,+0.200) ee_stride=0.031m ee_to_ptarget=0.184m landing_err=0.1744m ik_ok=Y ik_resid=0.0002m q_max_resid_deg=5.31 target_changed=Y retgt=N held_idx=1 held_cost=211085.34 won_cost=211085.34 margin=+0.00 won_src=prev_repos held_valid=Y reason=hold setpoint_to_ptarget=nanm finished_val=0.1837m finished_thresh=0.0200m pd_resid=nanm nextwp_to_ptarget=nanm guide_terminal_err=nanm
[GATE-EVOLVE] step=11 curr=157043.64 best_other=211085.34 ratio=0.7440 ee_to_optimal=0.0796m phi=0.0747m
[STAGE-A-TRACE] step=11 sim_t=0.110 mode=free phi=0.07472 box_xy=-0.00000,-0.00000 lam_n_ee_box=nan qy=-0.00001 qz=+0.00000 finished_repos=0
[DRAKE-CONTACT] step=11 n_pairs=1 ee_box_normal=0.000
[GATE-CONTACT] step=11 F_W=(+0.0000,+0.0000,+0.0000) F_on_box=(-0.0000,-0.0000,-0.0000) n_face_out=(-0.0000,-0.0000,-0.0000) A_is_ee=0 box_q=(+1.00000,+0.00001,-0.00001,+0.00000) box_p=(-0.00000,-0.00000,+0.04999) ee_p=(-0.00363,-0.01249,+0.19972)
[EErel] along_push=+0.004m (neg=correct)  perp=0.015m  ee_to_box=0.016m  stage=3  obj=[-0. -0.]  g_hat=[-1.  0.]
[proxy] err=0.170m  effective=[0.073 0.005 0.05 ]
[ADMM-C3+] primal: 5.7461->3.8743  dual: 74.8587->83.4152  mono=False  iters=25/25  rho=25.0
[ADMM-C3+] WARNING non-converged: pr=3.8743 dr=83.4152 tol=1e-03
[C3+] step=33 |u[0]|=37.20Nm u_axis=(+9.60,-24.90,-6.11,+23.04,+4.79,-8.94,-0.76)Nm λ_n_max=0.000 η_n_max=0.740 primal=3.874 iters=25/25 lcp_res_max=nan
[ADMIT-GUARD] step=12 admit_active=0 latch=0/0 ee_z=0.200 gate_cap=0
[ALT-GATE] step=12 target_stable=0/0 allow_descent=1
[GS-tgt] step=12 ee=(-0.004,-0.015,+0.200) p_repos=(-0.023,-0.080,+0.030) ee_to_target=0.183m target_label=prev_repos target_changed=N delta=0.000m
[GS] step=12 mode=free switch=kStayInRepos best_k=0 best_src=prev_repos curr_cost=157115.89 repos_cost=210890.06 best_other=210890.06 met_progress=Y steps_since_improve=10 switches=0
[STEP] step=12 mode=free t=0.120s ee=(-0.004,-0.015,+0.200) obj=(-0.000,-0.000,+0.050) goal_dist=0.300m switch=kStayInRepos target=(-0.013,-0.047,+0.200) ee_stride=0.033m ee_to_ptarget=0.183m landing_err=0.1736m ik_ok=Y ik_resid=0.0002m q_max_resid_deg=5.52 target_changed=Y retgt=N held_idx=1 held_cost=210890.06 won_cost=210890.06 margin=+0.00 won_src=prev_repos held_valid=Y reason=hold setpoint_to_ptarget=nanm finished_val=0.1826m finished_thresh=0.0200m pd_resid=nanm nextwp_to_ptarget=nanm guide_terminal_err=nanm
[GATE-EVOLVE] step=12 curr=157115.89 best_other=210890.06 ratio=0.7450 ee_to_optimal=0.0808m phi=0.0747m
[STAGE-A-TRACE] step=12 sim_t=0.120 mode=free phi=0.07469 box_xy=-0.00000,-0.00000 lam_n_ee_box=nan qy=-0.00001 qz=+0.00000 finished_repos=0
[DRAKE-CONTACT] step=12 n_pairs=1 ee_box_normal=0.000
[GATE-CONTACT] step=12 F_W=(+0.0000,+0.0000,+0.0000) F_on_box=(-0.0000,-0.0000,-0.0000) n_face_out=(-0.0000,-0.0000,-0.0000) A_is_ee=0 box_q=(+1.00000,+0.00001,-0.00001,+0.00000) box_p=(-0.00000,-0.00000,+0.04999) ee_p=(-0.00439,-0.01503,+0.19968)
[EErel] along_push=+0.005m (neg=correct)  perp=0.018m  ee_to_box=0.018m  stage=3  obj=[-0. -0.]  g_hat=[-1.  0.]
[proxy] err=0.173m  effective=[0.078 0.006 0.05 ]
[ADMM-C3+] primal: 5.7461->3.8743  dual: 74.8587->83.4152  mono=False  iters=25/25  rho=25.0
[ADMM-C3+] WARNING non-converged: pr=3.8743 dr=83.4152 tol=1e-03
[C3+] step=36 |u[0]|=37.74Nm u_axis=(+9.49,-24.94,-6.86,+23.77,+5.00,-8.66,-0.76)Nm λ_n_max=0.000 η_n_max=0.740 primal=3.874 iters=25/25 lcp_res_max=nan
[ADMIT-GUARD] step=13 admit_active=0 latch=0/0 ee_z=0.200 gate_cap=0
[ALT-GATE] step=13 target_stable=0/0 allow_descent=1
[GS-tgt] step=13 ee=(-0.005,-0.018,+0.200) p_repos=(-0.023,-0.080,+0.030) ee_to_target=0.182m target_label=prev_repos target_changed=N delta=0.000m
[GS] step=13 mode=free switch=kStayInRepos best_k=0 best_src=prev_repos curr_cost=157199.19 repos_cost=210730.82 best_other=210730.82 met_progress=Y steps_since_improve=11 switches=0
[STEP] step=13 mode=free t=0.130s ee=(-0.005,-0.018,+0.200) obj=(-0.000,-0.000,+0.050) goal_dist=0.300m switch=kStayInRepos target=(-0.014,-0.050,+0.200) ee_stride=0.034m ee_to_ptarget=0.182m landing_err=0.1728m ik_ok=Y ik_resid=0.0002m q_max_resid_deg=5.70 target_changed=Y retgt=N held_idx=1 held_cost=210730.82 won_cost=210730.82 margin=+0.00 won_src=prev_repos held_valid=Y reason=hold setpoint_to_ptarget=nanm finished_val=0.1816m finished_thresh=0.0200m pd_resid=nanm nextwp_to_ptarget=nanm guide_terminal_err=nanm
[GATE-EVOLVE] step=13 curr=157199.19 best_other=210730.82 ratio=0.7460 ee_to_optimal=0.0821m phi=0.0747m
[STAGE-A-TRACE] step=13 sim_t=0.130 mode=free phi=0.07466 box_xy=-0.00000,-0.00000 lam_n_ee_box=nan qy=-0.00001 qz=+0.00000 finished_repos=0
[DRAKE-CONTACT] step=13 n_pairs=1 ee_box_normal=0.000
[GATE-CONTACT] step=13 F_W=(+0.0000,+0.0000,+0.0000) F_on_box=(-0.0000,-0.0000,-0.0000) n_face_out=(-0.0000,-0.0000,-0.0000) A_is_ee=0 box_q=(+1.00000,+0.00001,-0.00001,+0.00000) box_p=(-0.00000,-0.00000,+0.04999) ee_p=(-0.00520,-0.01775,+0.19965)
[EErel] along_push=+0.006m (neg=correct)  perp=0.021m  ee_to_box=0.022m  stage=3  obj=[-0. -0.]  g_hat=[-1.  0.]
[proxy] err=0.176m  effective=[0.082 0.009 0.05 ]
[ADMM-C3+] primal: 5.7461->3.8743  dual: 74.8587->83.4152  mono=False  iters=25/25  rho=25.0
[ADMM-C3+] WARNING non-converged: pr=3.8743 dr=83.4152 tol=1e-03
[C3+] step=39 |u[0]|=38.04Nm u_axis=(+9.35,-24.59,-7.62,+24.49,+5.22,-8.34,-0.75)Nm λ_n_max=0.000 η_n_max=0.740 primal=3.874 iters=25/25 lcp_res_max=nan
[ADMIT-GUARD] step=14 admit_active=0 latch=0/0 ee_z=0.200 gate_cap=0
[ALT-GATE] step=14 target_stable=0/0 allow_descent=1
[GS-tgt] step=14 ee=(-0.006,-0.021,+0.200) p_repos=(-0.023,-0.080,+0.030) ee_to_target=0.181m target_label=prev_repos target_changed=N delta=0.000m
[GS] step=14 mode=free switch=kStayInRepos best_k=0 best_src=prev_repos curr_cost=157294.00 repos_cost=210603.04 best_other=210603.04 met_progress=Y steps_since_improve=12 switches=0
[STEP] step=14 mode=free t=0.140s ee=(-0.006,-0.021,+0.200) obj=(-0.000,-0.000,+0.050) goal_dist=0.300m switch=kStayInRepos target=(-0.016,-0.054,+0.200) ee_stride=0.035m ee_to_ptarget=0.181m landing_err=0.1722m ik_ok=Y ik_resid=0.0002m q_max_resid_deg=5.84 target_changed=Y retgt=N held_idx=1 held_cost=210603.04 won_cost=210603.04 margin=+0.00 won_src=prev_repos held_valid=Y reason=hold setpoint_to_ptarget=nanm finished_val=0.1805m finished_thresh=0.0200m pd_resid=nanm nextwp_to_ptarget=nanm guide_terminal_err=nanm
[GATE-EVOLVE] step=14 curr=157294.00 best_other=210603.04 ratio=0.7469 ee_to_optimal=0.0836m phi=0.0746m
[STAGE-A-TRACE] step=14 sim_t=0.140 mode=free phi=0.07464 box_xy=-0.00000,-0.00000 lam_n_ee_box=nan qy=-0.00001 qz=+0.00000 finished_repos=0
[DRAKE-CONTACT] step=14 n_pairs=1 ee_box_normal=0.000
[GATE-CONTACT] step=14 F_W=(+0.0000,+0.0000,+0.0000) F_on_box=(-0.0000,-0.0000,-0.0000) n_face_out=(-0.0000,-0.0000,-0.0000) A_is_ee=0 box_q=(+1.00000,+0.00001,-0.00001,+0.00000) box_p=(-0.00000,-0.00000,+0.04999) ee_p=(-0.00606,-0.02063,+0.19963)
[EErel] along_push=+0.007m (neg=correct)  perp=0.024m  ee_to_box=0.025m  stage=3  obj=[-0. -0.]  g_hat=[-1.  0.]
[proxy] err=0.180m  effective=[0.087 0.011 0.05 ]
[ADMM-C3+] primal: 5.7461->3.8743  dual: 74.8587->83.4152  mono=False  iters=25/25  rho=25.0
[ADMM-C3+] WARNING non-converged: pr=3.8743 dr=83.4152 tol=1e-03
[C3+] step=42 |u[0]|=38.23Nm u_axis=(+9.21,-24.01,-8.40,+25.21,+5.45,-8.00,-0.75)Nm λ_n_max=0.000 η_n_max=0.740 primal=3.874 iters=25/25 lcp_res_max=nan
[ADMIT-GUARD] step=15 admit_active=0 latch=0/0 ee_z=0.200 gate_cap=0
[ALT-GATE] step=15 target_stable=0/0 allow_descent=1
[GS-tgt] step=15 ee=(-0.007,-0.024,+0.200) p_repos=(-0.023,-0.080,+0.030) ee_to_target=0.179m target_label=prev_repos target_changed=N delta=0.000m
[GS] step=15 mode=free switch=kStayInRepos best_k=0 best_src=prev_repos curr_cost=157402.13 repos_cost=210502.25 best_other=210502.25 met_progress=Y steps_since_improve=13 switches=0
[STEP] step=15 mode=free t=0.150s ee=(-0.007,-0.024,+0.200) obj=(-0.000,-0.000,+0.050) goal_dist=0.300m switch=kStayInRepos target=(-0.017,-0.058,+0.200) ee_stride=0.036m ee_to_ptarget=0.179m landing_err=0.1716m ik_ok=Y ik_resid=0.0002m q_max_resid_deg=5.97 target_changed=Y retgt=N held_idx=1 held_cost=210502.25 won_cost=210502.25 margin=+0.00 won_src=prev_repos held_valid=Y reason=hold setpoint_to_ptarget=nanm finished_val=0.1794m finished_thresh=0.0200m pd_resid=nanm nextwp_to_ptarget=nanm guide_terminal_err=nanm
[GATE-EVOLVE] step=15 curr=157402.13 best_other=210502.25 ratio=0.7477 ee_to_optimal=0.0853m phi=0.0746m
[STAGE-A-TRACE] step=15 sim_t=0.150 mode=free phi=0.07462 box_xy=-0.00000,-0.00000 lam_n_ee_box=nan qy=-0.00001 qz=+0.00000 finished_repos=0
[DRAKE-CONTACT] step=15 n_pairs=1 ee_box_normal=0.000
[GATE-CONTACT] step=15 F_W=(+0.0000,+0.0000,+0.0000) F_on_box=(-0.0000,-0.0000,-0.0000) n_face_out=(-0.0000,-0.0000,-0.0000) A_is_ee=0 box_q=(+1.00000,+0.00001,-0.00001,+0.00000) box_p=(-0.00000,-0.00000,+0.04999) ee_p=(-0.00695,-0.02365,+0.19961)
[EErel] along_push=+0.008m (neg=correct)  perp=0.027m  ee_to_box=0.028m  stage=3  obj=[-0. -0.]  g_hat=[-1.  0.]
[proxy] err=0.184m  effective=[0.092 0.014 0.05 ]
[ADMM-C3+] primal: 5.7461->3.8743  dual: 74.8587->83.4152  mono=False  iters=25/25  rho=25.0
[ADMM-C3+] WARNING non-converged: pr=3.8743 dr=83.4152 tol=1e-03
[C3+] step=45 |u[0]|=38.49Nm u_axis=(+9.08,-23.45,-9.20,+25.95,+5.69,-7.63,-0.74)Nm λ_n_max=0.000 η_n_max=0.740 primal=3.874 iters=25/25 lcp_res_max=nan
[ADMIT-GUARD] step=16 admit_active=0 latch=0/0 ee_z=0.200 gate_cap=0
[ALT-GATE] step=16 target_stable=0/0 allow_descent=1
[GS-tgt] step=16 ee=(-0.008,-0.027,+0.200) p_repos=(-0.023,-0.080,+0.030) ee_to_target=0.178m target_label=prev_repos target_changed=N delta=0.000m
[GS] step=16 mode=free switch=kStayInRepos best_k=0 best_src=prev_repos curr_cost=157525.73 repos_cost=210424.35 best_other=210424.35 met_progress=Y steps_since_improve=14 switches=0
[STEP] step=16 mode=free t=0.160s ee=(-0.008,-0.027,+0.200) obj=(-0.000,-0.000,+0.050) goal_dist=0.300m switch=kStayInRepos target=(-0.018,-0.062,+0.200) ee_stride=0.037m ee_to_ptarget=0.178m landing_err=0.1711m ik_ok=Y ik_resid=0.0002m q_max_resid_deg=6.07 target_changed=Y retgt=N held_idx=1 held_cost=210424.35 won_cost=210424.35 margin=+0.00 won_src=prev_repos held_valid=Y reason=hold setpoint_to_ptarget=nanm finished_val=0.1784m finished_thresh=0.0200m pd_resid=nanm nextwp_to_ptarget=nanm guide_terminal_err=nanm
[GATE-EVOLVE] step=16 curr=157525.73 best_other=210424.35 ratio=0.7486 ee_to_optimal=0.0871m phi=0.0746m
[STAGE-A-TRACE] step=16 sim_t=0.160 mode=free phi=0.07461 box_xy=-0.00000,-0.00000 lam_n_ee_box=nan qy=-0.00001 qz=+0.00000 finished_repos=0
[DRAKE-CONTACT] step=16 n_pairs=1 ee_box_normal=0.000
[GATE-CONTACT] step=16 F_W=(+0.0000,+0.0000,+0.0000) F_on_box=(-0.0000,-0.0000,-0.0000) n_face_out=(-0.0000,-0.0000,-0.0000) A_is_ee=0 box_q=(+1.00000,+0.00001,-0.00001,+0.00000) box_p=(-0.00000,-0.00000,+0.04999) ee_p=(-0.00787,-0.02678,+0.19960)
[EErel] along_push=+0.009m (neg=correct)  perp=0.030m  ee_to_box=0.031m  stage=3  obj=[-0. -0.]  g_hat=[-1.  0.]
[proxy] err=0.189m  effective=[0.097 0.018 0.05 ]
[ADMM-C3+] primal: 5.7461->3.8743  dual: 74.8587->83.4152  mono=False  iters=25/25  rho=25.0
[ADMM-C3+] WARNING non-converged: pr=3.8743 dr=83.4152 tol=1e-03
[C3+] step=48 |u[0]|=38.81Nm u_axis=(+8.95,-22.90,-10.02,+26.70,+5.93,-7.25,-0.73)Nm λ_n_max=0.000 η_n_max=0.740 primal=3.874 iters=25/25 lcp_res_max=nan
[ADMIT-GUARD] step=17 admit_active=0 latch=0/0 ee_z=0.200 gate_cap=0
[ALT-GATE] step=17 target_stable=0/0 allow_descent=1
[GS-tgt] step=17 ee=(-0.009,-0.030,+0.200) p_repos=(-0.023,-0.080,+0.030) ee_to_target=0.177m target_label=prev_repos target_changed=N delta=0.000m
[GS] step=17 mode=free switch=kStayInRepos best_k=0 best_src=prev_repos curr_cost=157666.65 repos_cost=210365.71 best_other=210365.71 met_progress=Y steps_since_improve=15 switches=0
[STEP] step=17 mode=free t=0.170s ee=(-0.009,-0.030,+0.200) obj=(-0.000,-0.000,+0.050) goal_dist=0.300m switch=kStayInRepos target=(-0.019,-0.066,+0.200) ee_stride=0.037m ee_to_ptarget=0.177m landing_err=0.1707m ik_ok=Y ik_resid=0.0003m q_max_resid_deg=6.15 target_changed=Y retgt=N held_idx=1 held_cost=210365.71 won_cost=210365.71 margin=+0.00 won_src=prev_repos held_valid=Y reason=hold setpoint_to_ptarget=nanm finished_val=0.1774m finished_thresh=0.0200m pd_resid=nanm nextwp_to_ptarget=nanm guide_terminal_err=nanm
[GATE-EVOLVE] step=17 curr=157666.65 best_other=210365.71 ratio=0.7495 ee_to_optimal=0.0890m phi=0.0746m
[STAGE-A-TRACE] step=17 sim_t=0.170 mode=free phi=0.07460 box_xy=-0.00000,-0.00000 lam_n_ee_box=nan qy=-0.00001 qz=+0.00000 finished_repos=0
[DRAKE-CONTACT] step=17 n_pairs=1 ee_box_normal=0.000
[GATE-CONTACT] step=17 F_W=(+0.0000,+0.0000,+0.0000) F_on_box=(-0.0000,-0.0000,-0.0000) n_face_out=(-0.0000,-0.0000,-0.0000) A_is_ee=0 box_q=(+1.00000,+0.00001,-0.00001,+0.00000) box_p=(-0.00000,-0.00000,+0.04999) ee_p=(-0.00882,-0.03002,+0.19959)
[EErel] along_push=+0.010m (neg=correct)  perp=0.033m  ee_to_box=0.035m  stage=3  obj=[-0. -0.]  g_hat=[-1.  0.]
[proxy] err=0.195m  effective=[0.102 0.022 0.05 ]
[ADMM-C3+] primal: 5.7461->3.8743  dual: 74.8587->83.4152  mono=False  iters=25/25  rho=25.0
[ADMM-C3+] WARNING non-converged: pr=3.8743 dr=83.4152 tol=1e-03
[C3+] step=51 |u[0]|=39.20Nm u_axis=(+8.82,-22.37,-10.86,+27.47,+6.17,-6.85,-0.72)Nm λ_n_max=0.000 η_n_max=0.740 primal=3.874 iters=25/25 lcp_res_max=nan
[ADMIT-GUARD] step=18 admit_active=0 latch=0/0 ee_z=0.200 gate_cap=0
[ALT-GATE] step=18 target_stable=0/0 allow_descent=1
[GS-tgt] step=18 ee=(-0.010,-0.033,+0.200) p_repos=(-0.023,-0.080,+0.030) ee_to_target=0.176m target_label=prev_repos target_changed=N delta=0.000m
[GS] step=18 mode=free switch=kStayInRepos best_k=0 best_src=prev_repos curr_cost=157826.93 repos_cost=210323.24 best_other=210323.24 met_progress=Y steps_since_improve=16 switches=0
[STEP] step=18 mode=free t=0.180s ee=(-0.010,-0.033,+0.200) obj=(-0.000,-0.000,+0.050) goal_dist=0.300m switch=kStayInRepos target=(-0.020,-0.070,+0.200) ee_stride=0.038m ee_to_ptarget=0.176m landing_err=0.1704m ik_ok=Y ik_resid=0.0003m q_max_resid_deg=6.22 target_changed=Y retgt=N held_idx=1 held_cost=210323.24 won_cost=210323.24 margin=+0.00 won_src=prev_repos held_valid=Y reason=hold setpoint_to_ptarget=nanm finished_val=0.1764m finished_thresh=0.0200m pd_resid=nanm nextwp_to_ptarget=nanm guide_terminal_err=nanm
[GATE-EVOLVE] step=18 curr=157826.93 best_other=210323.24 ratio=0.7504 ee_to_optimal=0.0911m phi=0.0746m
[STAGE-A-TRACE] step=18 sim_t=0.180 mode=free phi=0.07460 box_xy=-0.00000,-0.00000 lam_n_ee_box=nan qy=-0.00001 qz=+0.00000 finished_repos=0
[DRAKE-CONTACT] step=18 n_pairs=1 ee_box_normal=0.000
[GATE-CONTACT] step=18 F_W=(+0.0000,+0.0000,+0.0000) F_on_box=(-0.0000,-0.0000,-0.0000) n_face_out=(-0.0000,-0.0000,-0.0000) A_is_ee=0 box_q=(+1.00000,+0.00001,-0.00001,+0.00000) box_p=(-0.00000,-0.00000,+0.04999) ee_p=(-0.00979,-0.03335,+0.19959)
[EErel] along_push=+0.011m (neg=correct)  perp=0.037m  ee_to_box=0.039m  stage=3  obj=[0. 0.]  g_hat=[-1. -0.]
[proxy] err=0.202m  effective=[0.108 0.028 0.05 ]
[ADMM-C3+] primal: 6.1274->4.9359  dual: 109.8105->80.3187  mono=False  iters=25/25  rho=25.0
[ADMM-C3+] WARNING non-converged: pr=4.9359 dr=80.3187 tol=1e-03
[C3+] step=54 |u[0]|=39.71Nm u_axis=(+8.69,-21.81,-11.80,+28.35,+6.44,-6.40,-0.71)Nm λ_n_max=1.058 η_n_max=1.279 primal=4.936 iters=25/25 lcp_res_max=nan
[ADMIT-GUARD] step=19 admit_active=0 latch=0/0 ee_z=0.200 gate_cap=0
[ALT-GATE] step=19 target_stable=0/0 allow_descent=1
[GS-tgt] step=19 ee=(-0.011,-0.037,+0.200) p_repos=(-0.023,-0.080,+0.030) ee_to_target=0.175m target_label=prev_repos target_changed=N delta=0.000m
[GS] step=19 mode=free switch=kStayInRepos best_k=0 best_src=prev_repos curr_cost=135312.19 repos_cost=191519.89 best_other=191519.89 met_progress=Y steps_since_improve=17 switches=0
[STEP] step=19 mode=free t=0.190s ee=(-0.011,-0.037,+0.200) obj=(+0.000,+0.000,+0.050) goal_dist=0.300m switch=kStayInRepos target=(-0.021,-0.073,+0.200) ee_stride=0.038m ee_to_ptarget=0.175m landing_err=0.1702m ik_ok=Y ik_resid=0.0003m q_max_resid_deg=6.21 target_changed=Y retgt=N held_idx=1 held_cost=191519.89 won_cost=191519.89 margin=+0.00 won_src=prev_repos held_valid=Y reason=hold setpoint_to_ptarget=nanm finished_val=0.1753m finished_thresh=0.0200m pd_resid=nanm nextwp_to_ptarget=nanm guide_terminal_err=nanm
[GATE-EVOLVE] step=19 curr=135312.19 best_other=191519.89 ratio=0.7065 ee_to_optimal=0.0936m phi=0.0746m
[STAGE-A-TRACE] step=19 sim_t=0.190 mode=free phi=0.07459 box_xy=+0.00000,+0.00000 lam_n_ee_box=nan qy=+0.00001 qz=+0.00000 finished_repos=0
[DRAKE-CONTACT] step=19 n_pairs=1 ee_box_normal=0.000
[GATE-CONTACT] step=19 F_W=(+0.0000,+0.0000,+0.0000) F_on_box=(-0.0000,-0.0000,-0.0000) n_face_out=(-0.0000,-0.0000,-0.0000) A_is_ee=0 box_q=(+1.00000,-0.00001,+0.00001,+0.00000) box_p=(+0.00000,+0.00000,+0.04999) ee_p=(-0.01088,-0.03710,+0.19958)
[EErel] along_push=+0.012m (neg=correct)  perp=0.041m  ee_to_box=0.042m  stage=3  obj=[0. 0.]  g_hat=[-1. -0.]
[proxy] err=0.209m  effective=[0.113 0.033 0.05 ]
[ADMM-C3+] primal: 6.1274->4.9359  dual: 109.8105->80.3187  mono=False  iters=25/25  rho=25.0
[ADMM-C3+] WARNING non-converged: pr=4.9359 dr=80.3187 tol=1e-03
[C3+] step=57 |u[0]|=40.24Nm u_axis=(+8.58,-21.33,-12.65,+29.15,+6.68,-5.98,-0.70)Nm λ_n_max=1.058 η_n_max=1.279 primal=4.936 iters=25/25 lcp_res_max=nan
[ADMIT-GUARD] step=20 admit_active=0 latch=0/0 ee_z=0.200 gate_cap=0
[ALT-GATE] step=20 target_stable=0/0 allow_descent=1
[GS-tgt] step=20 ee=(-0.012,-0.041,+0.200) p_repos=(-0.023,-0.080,+0.030) ee_to_target=0.174m target_label=prev_repos target_changed=N delta=0.000m
[IMP] step=20 mode=free |x_err|=0.0382m |tau_imp|=4.03Nm |tau_ff|=0.00Nm |tau_out|=4.03Nm sat=False lam_n=False lam_t=False
[GS] step=20 mode=free switch=kStayInRepos best_k=0 best_src=prev_repos curr_cost=135519.54 repos_cost=191508.53 best_other=191508.53 met_progress=Y steps_since_improve=18 switches=0
[STEP] step=20 mode=free t=0.200s ee=(-0.012,-0.041,+0.200) obj=(+0.000,+0.000,+0.050) goal_dist=0.300m switch=kStayInRepos target=(-0.022,-0.077,+0.200) ee_stride=0.038m ee_to_ptarget=0.174m landing_err=0.1701m ik_ok=Y ik_resid=0.0003m q_max_resid_deg=6.25 target_changed=Y retgt=N held_idx=1 held_cost=191508.53 won_cost=191508.53 margin=+0.00 won_src=prev_repos held_valid=Y reason=hold setpoint_to_ptarget=nanm finished_val=0.1745m finished_thresh=0.0200m pd_resid=nanm nextwp_to_ptarget=nanm guide_terminal_err=nanm
[GATE-EVOLVE] step=20 curr=135519.54 best_other=191508.53 ratio=0.7076 ee_to_optimal=0.0959m phi=0.0746m
[STAGE-A-TRACE] step=20 sim_t=0.200 mode=free phi=0.07459 box_xy=+0.00000,+0.00000 lam_n_ee_box=nan qy=+0.00001 qz=+0.00000 finished_repos=0
[GS-table] step=20
  k=0 (current   ) pos=(-0.012,-0.041,+0.200) c_C3= 135519.54 align=0.0000(bonus=    0.00) rot=+0.0000(bonus=    0.00) travel=0.000m(pen=  0.00) c_sample= 135519.54 feas=Y ik_err=0.0000m  ← WIN
  k=1 (prev_repos) pos=(-0.023,-0.080,+0.030) c_C3= 191473.64 align=0.0000(bonus=    0.00) rot=+0.0000(bonus=    0.00) travel=0.174m(pen= 34.89) c_sample= 191508.53 feas=Y ik_err=0.0001m
  k=2 (strat_0   ) pos=(-0.023,-0.080,+0.030) c_C3= 191473.64 align=0.0000(bonus=    0.00) rot=+0.0000(bonus=    0.00) travel=0.174m(pen= 34.89) c_sample= 191508.53 feas=Y ik_err=0.0001m
[DRAKE-CONTACT] step=20 n_pairs=1 ee_box_normal=0.000
[GATE-CONTACT] step=20 F_W=(+0.0000,+0.0000,+0.0000) F_on_box=(-0.0000,-0.0000,-0.0000) n_face_out=(-0.0000,-0.0000,-0.0000) A_is_ee=0 box_q=(+1.00000,-0.00001,+0.00001,+0.00000) box_p=(+0.00000,+0.00000,+0.04999) ee_p=(-0.01189,-0.04057,+0.19959)
[EErel] along_push=+0.013m (neg=correct)  perp=0.044m  ee_to_box=0.046m  stage=3  obj=[0. 0.]  g_hat=[-1. -0.]
[proxy] err=0.216m  effective=[0.119 0.039 0.05 ]
[ADMM-C3+] primal: 6.1274->4.9359  dual: 109.8105->80.3187  mono=False  iters=25/25  rho=25.0
[ADMM-C3+] WARNING non-converged: pr=4.9359 dr=80.3187 tol=1e-03
[C3+] step=60 |u[0]|=40.84Nm u_axis=(+8.46,-20.85,-13.51,+29.99,+6.94,-5.55,-0.69)Nm λ_n_max=1.058 η_n_max=1.279 primal=4.936 iters=25/25 lcp_res_max=nan
[ADMIT-GUARD] step=21 admit_active=0 latch=0/0 ee_z=0.200 gate_cap=0
[ALT-GATE] step=21 target_stable=0/0 allow_descent=1
[GS-tgt] step=21 ee=(-0.013,-0.044,+0.200) p_repos=(-0.023,-0.080,+0.030) ee_to_target=0.174m target_label=prev_repos target_changed=N delta=0.000m
[GS] step=21 mode=free switch=kStayInRepos best_k=0 best_src=prev_repos curr_cost=135753.46 repos_cost=191504.91 best_other=191504.91 met_progress=Y steps_since_improve=19 switches=0
[STEP] step=21 mode=free t=0.210s ee=(-0.013,-0.044,+0.200) obj=(+0.000,+0.000,+0.050) goal_dist=0.300m switch=kStayInRepos target=(-0.023,-0.080,+0.196) ee_stride=0.037m ee_to_ptarget=0.174m landing_err=0.1661m ik_ok=Y ik_resid=0.0002m q_max_resid_deg=5.90 target_changed=Y retgt=N held_idx=1 held_cost=191504.91 won_cost=191504.91 margin=+0.00 won_src=prev_repos held_valid=Y reason=hold setpoint_to_ptarget=nanm finished_val=0.1736m finished_thresh=0.0200m pd_resid=nanm nextwp_to_ptarget=nanm guide_terminal_err=nanm
[GATE-EVOLVE] step=21 curr=135753.46 best_other=191504.91 ratio=0.7089 ee_to_optimal=0.0983m phi=0.0746m
[STAGE-A-TRACE] step=21 sim_t=0.210 mode=free phi=0.07460 box_xy=+0.00000,+0.00000 lam_n_ee_box=nan qy=+0.00001 qz=+0.00000 finished_repos=0
[DRAKE-CONTACT] step=21 n_pairs=1 ee_box_normal=0.000
[GATE-CONTACT] step=21 F_W=(+0.0000,+0.0000,+0.0000) F_on_box=(-0.0000,-0.0000,-0.0000) n_face_out=(-0.0000,-0.0000,-0.0000) A_is_ee=0 box_q=(+1.00000,-0.00001,+0.00001,+0.00000) box_p=(+0.00000,+0.00000,+0.04999) ee_p=(-0.01291,-0.04409,+0.19959)
[EErel] along_push=+0.014m (neg=correct)  perp=0.048m  ee_to_box=0.050m  stage=3  obj=[0. 0.]  g_hat=[-1. -0.]
[proxy] err=0.224m  effective=[0.124 0.045 0.05 ]
[ADMM-C3+] primal: 6.1274->4.9359  dual: 109.8105->80.3187  mono=False  iters=25/25  rho=25.0
[ADMM-C3+] WARNING non-converged: pr=4.9359 dr=80.3187 tol=1e-03
[C3+] step=63 |u[0]|=40.95Nm u_axis=(+8.33,-20.78,-14.15,+30.00,+7.13,-4.88,-0.68)Nm λ_n_max=1.058 η_n_max=1.279 primal=4.936 iters=25/25 lcp_res_max=nan
[ADMIT-GUARD] step=22 admit_active=0 latch=0/0 ee_z=0.200 gate_cap=0
[ALT-GATE] step=22 target_stable=0/0 allow_descent=1
[GS-tgt] step=22 ee=(-0.014,-0.048,+0.200) p_repos=(-0.023,-0.080,+0.030) ee_to_target=0.173m target_label=prev_repos target_changed=N delta=0.000m
[GS] step=22 mode=free switch=kStayInRepos best_k=0 best_src=prev_repos curr_cost=136014.95 repos_cost=191491.17 best_other=191491.17 met_progress=Y steps_since_improve=20 switches=0
[STEP] step=22 mode=free t=0.220s ee=(-0.014,-0.048,+0.200) obj=(+0.000,+0.000,+0.050) goal_dist=0.300m switch=kStayInRepos target=(-0.023,-0.080,+0.192) ee_stride=0.034m ee_to_ptarget=0.173m landing_err=0.1621m ik_ok=Y ik_resid=0.0001m q_max_resid_deg=5.10 target_changed=Y retgt=N held_idx=1 held_cost=191491.17 won_cost=191491.17 margin=+0.00 won_src=prev_repos held_valid=Y reason=hold setpoint_to_ptarget=nanm finished_val=0.1728m finished_thresh=0.0200m pd_resid=nanm nextwp_to_ptarget=nanm guide_terminal_err=nanm
[GATE-EVOLVE] step=22 curr=136014.95 best_other=191491.17 ratio=0.7103 ee_to_optimal=0.1009m phi=0.0745m
[STAGE-A-TRACE] step=22 sim_t=0.220 mode=free phi=0.07453 box_xy=+0.00000,+0.00000 lam_n_ee_box=nan qy=+0.00001 qz=+0.00000 finished_repos=0
[DRAKE-CONTACT] step=22 n_pairs=1 ee_box_normal=0.000
[GATE-CONTACT] step=22 F_W=(+0.0000,+0.0000,+0.0000) F_on_box=(-0.0000,-0.0000,-0.0000) n_face_out=(-0.0000,-0.0000,-0.0000) A_is_ee=0 box_q=(+1.00000,-0.00001,+0.00001,+0.00000) box_p=(+0.00000,+0.00000,+0.04999) ee_p=(-0.01393,-0.04763,+0.19952)
[EErel] along_push=+0.015m (neg=correct)  perp=0.051m  ee_to_box=0.053m  stage=3  obj=[0. 0.]  g_hat=[-1. -0.]
[proxy] err=0.232m  effective=[0.13  0.051 0.05 ]
[ADMM-C3+] primal: 6.1274->4.9359  dual: 109.8105->80.3187  mono=False  iters=25/25  rho=25.0
[ADMM-C3+] WARNING non-converged: pr=4.9359 dr=80.3187 tol=1e-03
[C3+] step=66 |u[0]|=41.15Nm u_axis=(+8.09,-21.14,-14.48,+30.00,+7.27,-4.16,-0.65)Nm λ_n_max=1.058 η_n_max=1.279 primal=4.936 iters=25/25 lcp_res_max=nan
[ADMIT-GUARD] step=23 admit_active=0 latch=0/0 ee_z=0.199 gate_cap=0
[ALT-GATE] step=23 target_stable=0/0 allow_descent=1
[GS-tgt] step=23 ee=(-0.015,-0.051,+0.199) p_repos=(-0.023,-0.080,+0.030) ee_to_target=0.172m target_label=prev_repos target_changed=N delta=0.000m
[GS] step=23 mode=free switch=kStayInRepos best_k=0 best_src=prev_repos curr_cost=136254.14 repos_cost=191503.53 best_other=191503.53 met_progress=Y steps_since_improve=21 switches=0
[STEP] step=23 mode=free t=0.230s ee=(-0.015,-0.051,+0.199) obj=(+0.000,+0.000,+0.050) goal_dist=0.300m switch=kStayInRepos target=(-0.023,-0.080,+0.188) ee_stride=0.032m ee_to_ptarget=0.172m landing_err=0.1581m ik_ok=Y ik_resid=0.0001m q_max_resid_deg=4.31 target_changed=Y retgt=N held_idx=1 held_cost=191503.53 won_cost=191503.53 margin=+0.00 won_src=prev_repos held_valid=Y reason=hold setpoint_to_ptarget=nanm finished_val=0.1719m finished_thresh=0.0200m pd_resid=nanm nextwp_to_ptarget=nanm guide_terminal_err=nanm
[GATE-EVOLVE] step=23 curr=136254.14 best_other=191503.53 ratio=0.7115 ee_to_optimal=0.1035m phi=0.0743m
[STAGE-A-TRACE] step=23 sim_t=0.230 mode=free phi=0.07429 box_xy=+0.00000,+0.00000 lam_n_ee_box=nan qy=+0.00001 qz=+0.00000 finished_repos=0
[DRAKE-CONTACT] step=23 n_pairs=1 ee_box_normal=0.000
[GATE-CONTACT] step=23 F_W=(+0.0000,+0.0000,+0.0000) F_on_box=(-0.0000,-0.0000,-0.0000) n_face_out=(-0.0000,-0.0000,-0.0000) A_is_ee=0 box_q=(+1.00000,-0.00001,+0.00001,+0.00000) box_p=(+0.00000,+0.00000,+0.04999) ee_p=(-0.01493,-0.05113,+0.19928)
[EErel] along_push=+0.016m (neg=correct)  perp=0.054m  ee_to_box=0.057m  stage=3  obj=[0. 0.]  g_hat=[-1. -0.]
[proxy] err=0.238m  effective=[0.135 0.054 0.05 ]
[ADMM-C3+] primal: 6.1274->4.9359  dual: 109.8105->80.3187  mono=False  iters=25/25  rho=25.0
[ADMM-C3+] WARNING non-converged: pr=4.9359 dr=80.3187 tol=1e-03
[C3+] step=69 |u[0]|=41.42Nm u_axis=(+7.70,-21.85,-14.55,+30.00,+7.36,-3.51,-0.63)Nm λ_n_max=1.058 η_n_max=1.279 primal=4.936 iters=25/25 lcp_res_max=nan
[ADMIT-GUARD] step=24 admit_active=0 latch=0/0 ee_z=0.199 gate_cap=0
[ALT-GATE] step=24 target_stable=0/0 allow_descent=1
[GS-tgt] step=24 ee=(-0.016,-0.054,+0.199) p_repos=(-0.023,-0.080,+0.030) ee_to_target=0.171m target_label=prev_repos target_changed=N delta=0.000m
[GS] step=24 mode=free switch=kStayInRepos best_k=0 best_src=prev_repos curr_cost=136436.06 repos_cost=191677.80 best_other=191677.80 met_progress=Y steps_since_improve=22 switches=0
[STEP] step=24 mode=free t=0.240s ee=(-0.016,-0.054,+0.199) obj=(+0.000,+0.000,+0.050) goal_dist=0.300m switch=kStayInRepos target=(-0.023,-0.080,+0.184) ee_stride=0.030m ee_to_ptarget=0.171m landing_err=0.1541m ik_ok=Y ik_resid=0.0004m q_max_resid_deg=3.51 target_changed=Y retgt=N held_idx=1 held_cost=191677.80 won_cost=191677.80 margin=+0.00 won_src=prev_repos held_valid=Y reason=hold setpoint_to_ptarget=nanm finished_val=0.1709m finished_thresh=0.0200m pd_resid=nanm nextwp_to_ptarget=nanm guide_terminal_err=nanm
[GATE-EVOLVE] step=24 curr=136436.06 best_other=191677.80 ratio=0.7118 ee_to_optimal=0.1060m phi=0.0739m
[STAGE-A-TRACE] step=24 sim_t=0.240 mode=free phi=0.07391 box_xy=+0.00000,+0.00000 lam_n_ee_box=nan qy=+0.00001 qz=+0.00000 finished_repos=0
[DRAKE-CONTACT] step=24 n_pairs=1 ee_box_normal=0.000
[GATE-CONTACT] step=24 F_W=(+0.0000,+0.0000,+0.0000) F_on_box=(-0.0000,-0.0000,-0.0000) n_face_out=(-0.0000,-0.0000,-0.0000) A_is_ee=0 box_q=(+1.00000,-0.00001,+0.00001,+0.00000) box_p=(+0.00000,+0.00000,+0.04999) ee_p=(-0.01586,-0.05449,+0.19880)
[EErel] along_push=+0.017m (neg=correct)  perp=0.058m  ee_to_box=0.060m  stage=3  obj=[0. 0.]  g_hat=[-1. -0.]
[proxy] err=0.245m  effective=[0.14  0.058 0.05 ]
[ADMM-C3+] primal: 6.1274->4.9359  dual: 109.8105->80.3187  mono=False  iters=25/25  rho=25.0
[ADMM-C3+] WARNING non-converged: pr=4.9359 dr=80.3187 tol=1e-03
[C3+] step=72 |u[0]|=41.75Nm u_axis=(+7.27,-22.77,-14.43,+30.00,+7.42,-2.89,-0.61)Nm λ_n_max=1.058 η_n_max=1.279 primal=4.936 iters=25/25 lcp_res_max=nan
[ADMIT-GUARD] step=25 admit_active=0 latch=0/0 ee_z=0.198 gate_cap=0
[ALT-GATE] step=25 target_stable=0/0 allow_descent=1
[GS-tgt] step=25 ee=(-0.017,-0.058,+0.198) p_repos=(-0.023,-0.080,+0.030) ee_to_target=0.170m target_label=prev_repos target_changed=N delta=0.000m
[GS] step=25 mode=free switch=kStayInRepos best_k=0 best_src=prev_repos curr_cost=136596.29 repos_cost=192080.26 best_other=192080.26 met_progress=Y steps_since_improve=23 switches=0
[STEP] step=25 mode=free t=0.250s ee=(-0.017,-0.058,+0.198) obj=(+0.000,+0.000,+0.050) goal_dist=0.300m switch=kStayInRepos target=(-0.023,-0.080,+0.180) ee_stride=0.029m ee_to_ptarget=0.170m landing_err=0.1501m ik_ok=Y ik_resid=0.0004m q_max_resid_deg=2.86 target_changed=Y retgt=N held_idx=1 held_cost=192080.26 won_cost=192080.26 margin=+0.00 won_src=prev_repos held_valid=Y reason=hold setpoint_to_ptarget=nanm finished_val=0.1697m finished_thresh=0.0200m pd_resid=nanm nextwp_to_ptarget=nanm guide_terminal_err=nanm
[GATE-EVOLVE] step=25 curr=136596.29 best_other=192080.26 ratio=0.7111 ee_to_optimal=0.1083m phi=0.0734m
[STAGE-A-TRACE] step=25 sim_t=0.250 mode=free phi=0.07337 box_xy=+0.00000,+0.00000 lam_n_ee_box=nan qy=+0.00001 qz=+0.00000 finished_repos=0
[DRAKE-CONTACT] step=25 n_pairs=1 ee_box_normal=0.000
[GATE-CONTACT] step=25 F_W=(+0.0000,+0.0000,+0.0000) F_on_box=(-0.0000,-0.0000,-0.0000) n_face_out=(-0.0000,-0.0000,-0.0000) A_is_ee=0 box_q=(+1.00000,-0.00001,+0.00001,+0.00000) box_p=(+0.00000,+0.00000,+0.04999) ee_p=(-0.01672,-0.05766,+0.19806)
[EErel] along_push=+0.017m (neg=correct)  perp=0.061m  ee_to_box=0.063m  stage=3  obj=[0. 0.]  g_hat=[-1. -0.]
[proxy] err=0.250m  effective=[0.145 0.061 0.05 ]
[ADMM-C3+] primal: 6.1274->4.9359  dual: 109.8105->80.3187  mono=False  iters=25/25  rho=25.0
[ADMM-C3+] WARNING non-converged: pr=4.9359 dr=80.3187 tol=1e-03
[C3+] step=75 |u[0]|=42.14Nm u_axis=(+6.83,-23.82,-14.15,+30.00,+7.45,-2.30,-0.59)Nm λ_n_max=1.058 η_n_max=1.279 primal=4.936 iters=25/25 lcp_res_max=nan
[ADMIT-GUARD] step=26 admit_active=0 latch=0/0 ee_z=0.197 gate_cap=0
[ALT-GATE] step=26 target_stable=0/0 allow_descent=1
[GS-tgt] step=26 ee=(-0.017,-0.061,+0.197) p_repos=(-0.023,-0.080,+0.030) ee_to_target=0.168m target_label=prev_repos target_changed=N delta=0.000m
[GS] step=26 mode=free switch=kStayInRepos best_k=0 best_src=prev_repos curr_cost=136732.73 repos_cost=192733.17 best_other=192733.17 met_progress=Y steps_since_improve=24 switches=0
[STEP] step=26 mode=free t=0.260s ee=(-0.017,-0.061,+0.197) obj=(+0.000,+0.000,+0.050) goal_dist=0.300m switch=kStayInRepos target=(-0.023,-0.080,+0.176) ee_stride=0.029m ee_to_ptarget=0.168m landing_err=0.1461m ik_ok=Y ik_resid=0.0008m q_max_resid_deg=2.25 target_changed=Y retgt=N held_idx=1 held_cost=192733.17 won_cost=192733.17 margin=+0.00 won_src=prev_repos held_valid=Y reason=hold setpoint_to_ptarget=nanm finished_val=0.1683m finished_thresh=0.0200m pd_resid=nanm nextwp_to_ptarget=nanm guide_terminal_err=nanm
[GATE-EVOLVE] step=26 curr=136732.73 best_other=192733.17 ratio=0.7094 ee_to_optimal=0.1106m phi=0.0726m
[STAGE-A-TRACE] step=26 sim_t=0.260 mode=free phi=0.07262 box_xy=+0.00000,+0.00000 lam_n_ee_box=nan qy=+0.00001 qz=+0.00000 finished_repos=0
[DRAKE-CONTACT] step=26 n_pairs=1 ee_box_normal=0.000
[GATE-CONTACT] step=26 F_W=(+0.0000,+0.0000,+0.0000) F_on_box=(-0.0000,-0.0000,-0.0000) n_face_out=(-0.0000,-0.0000,-0.0000) A_is_ee=0 box_q=(+1.00000,-0.00001,+0.00001,+0.00000) box_p=(+0.00000,+0.00000,+0.04999) ee_p=(-0.01750,-0.06059,+0.19704)
[EErel] along_push=+0.018m (neg=correct)  perp=0.063m  ee_to_box=0.066m  stage=3  obj=[0. 0.]  g_hat=[-1. -0.]
[proxy] err=0.255m  effective=[0.149 0.063 0.05 ]
[ADMM-C3+] primal: 6.1274->4.9359  dual: 109.8105->80.3187  mono=False  iters=25/25  rho=25.0
[ADMM-C3+] WARNING non-converged: pr=4.9359 dr=80.3187 tol=1e-03
[C3+] step=78 |u[0]|=42.46Nm u_axis=(+6.39,-24.96,-13.77,+29.83,+7.45,-1.76,-0.58)Nm λ_n_max=1.058 η_n_max=1.279 primal=4.936 iters=25/25 lcp_res_max=nan
[ADMIT-GUARD] step=27 admit_active=0 latch=0/0 ee_z=0.196 gate_cap=0
[ALT-GATE] step=27 target_stable=0/0 allow_descent=1
[GS-tgt] step=27 ee=(-0.018,-0.063,+0.196) p_repos=(-0.023,-0.080,+0.030) ee_to_target=0.167m target_label=prev_repos target_changed=N delta=0.000m
[GS] step=27 mode=free switch=kStayInRepos best_k=0 best_src=prev_repos curr_cost=136847.65 repos_cost=193665.77 best_other=193665.77 met_progress=Y steps_since_improve=25 switches=0
[STEP] step=27 mode=free t=0.270s ee=(-0.018,-0.063,+0.196) obj=(+0.000,+0.000,+0.050) goal_dist=0.300m switch=kStayInRepos target=(-0.023,-0.080,+0.172) ee_stride=0.029m ee_to_ptarget=0.167m landing_err=0.1421m ik_ok=Y ik_resid=0.0001m q_max_resid_deg=1.99 target_changed=Y retgt=N held_idx=1 held_cost=193665.77 won_cost=193665.77 margin=+0.00 won_src=prev_repos held_valid=Y reason=hold setpoint_to_ptarget=nanm finished_val=0.1666m finished_thresh=0.0200m pd_resid=nanm nextwp_to_ptarget=nanm guide_terminal_err=nanm
[GATE-EVOLVE] step=27 curr=136847.65 best_other=193665.77 ratio=0.7066 ee_to_optimal=0.1126m phi=0.0717m
[STAGE-A-TRACE] step=27 sim_t=0.270 mode=free phi=0.07165 box_xy=+0.00000,+0.00000 lam_n_ee_box=nan qy=+0.00001 qz=+0.00000 finished_repos=0
[DRAKE-CONTACT] step=27 n_pairs=1 ee_box_normal=0.000
[GATE-CONTACT] step=27 F_W=(+0.0000,+0.0000,+0.0000) F_on_box=(-0.0000,-0.0000,-0.0000) n_face_out=(-0.0000,-0.0000,-0.0000) A_is_ee=0 box_q=(+1.00000,-0.00001,+0.00001,+0.00000) box_p=(+0.00000,+0.00000,+0.04999) ee_p=(-0.01818,-0.06327,+0.19573)
[EErel] along_push=+0.019m (neg=correct)  perp=0.066m  ee_to_box=0.068m  stage=3  obj=[0. 0.]  g_hat=[-1. -0.]
[proxy] err=0.260m  effective=[0.152 0.066 0.05 ]
[ADMM-C3+] primal: 6.1274->4.9359  dual: 109.8105->80.3187  mono=False  iters=25/25  rho=25.0
[ADMM-C3+] WARNING non-converged: pr=4.9359 dr=80.3187 tol=1e-03
[C3+] step=81 |u[0]|=42.68Nm u_axis=(+5.99,-26.14,-13.32,+29.46,+7.42,-1.24,-0.57)Nm λ_n_max=1.058 η_n_max=1.279 primal=4.936 iters=25/25 lcp_res_max=nan
[ADMIT-GUARD] step=28 admit_active=0 latch=0/0 ee_z=0.194 gate_cap=0
[ALT-GATE] step=28 target_stable=0/0 allow_descent=1
[GS-tgt] step=28 ee=(-0.019,-0.066,+0.194) p_repos=(-0.023,-0.080,+0.030) ee_to_target=0.165m target_label=prev_repos target_changed=N delta=0.000m
[GS] step=28 mode=free switch=kStayInRepos best_k=0 best_src=prev_repos curr_cost=136940.92 repos_cost=194767.33 best_other=194767.33 met_progress=Y steps_since_improve=26 switches=0
[STEP] step=28 mode=free t=0.280s ee=(-0.019,-0.066,+0.194) obj=(+0.000,+0.000,+0.050) goal_dist=0.300m switch=kStayInRepos target=(-0.023,-0.080,+0.168) ee_stride=0.030m ee_to_ptarget=0.165m landing_err=0.1381m ik_ok=Y ik_resid=0.0001m q_max_resid_deg=2.88 target_changed=Y retgt=N held_idx=1 held_cost=194767.33 won_cost=194767.33 margin=+0.00 won_src=prev_repos held_valid=Y reason=hold setpoint_to_ptarget=nanm finished_val=0.1648m finished_thresh=0.0200m pd_resid=nanm nextwp_to_ptarget=nanm guide_terminal_err=nanm
[GATE-EVOLVE] step=28 curr=136940.92 best_other=194767.33 ratio=0.7031 ee_to_optimal=0.1145m phi=0.0704m
[STAGE-A-TRACE] step=28 sim_t=0.280 mode=free phi=0.07045 box_xy=+0.00000,+0.00000 lam_n_ee_box=nan qy=+0.00001 qz=+0.00000 finished_repos=0
[DRAKE-CONTACT] step=28 n_pairs=1 ee_box_normal=0.000
[GATE-CONTACT] step=28 F_W=(+0.0000,+0.0000,+0.0000) F_on_box=(-0.0000,-0.0000,-0.0000) n_face_out=(-0.0000,-0.0000,-0.0000) A_is_ee=0 box_q=(+1.00000,-0.00001,+0.00001,+0.00000) box_p=(+0.00000,+0.00000,+0.04999) ee_p=(-0.01879,-0.06569,+0.19414)
[EErel] along_push=+0.019m (neg=correct)  perp=0.068m  ee_to_box=0.071m  stage=3  obj=[0. 0.]  g_hat=[-1. -0.]
[proxy] err=0.263m  effective=[0.156 0.068 0.05 ]
[ADMM-C3+] primal: 6.1274->4.9359  dual: 109.8105->80.3187  mono=False  iters=25/25  rho=25.0
[ADMM-C3+] WARNING non-converged: pr=4.9359 dr=80.3187 tol=1e-03
[C3+] step=84 |u[0]|=42.62Nm u_axis=(+5.58,-26.80,-12.82,+29.11,+7.37,-0.76,-0.56)Nm λ_n_max=1.058 η_n_max=1.279 primal=4.936 iters=25/25 lcp_res_max=nan
[ADMIT-GUARD] step=29 admit_active=0 latch=0/0 ee_z=0.192 gate_cap=0
[ALT-GATE] step=29 target_stable=0/0 allow_descent=1
[GS-tgt] step=29 ee=(-0.019,-0.068,+0.192) p_repos=(-0.023,-0.080,+0.030) ee_to_target=0.163m target_label=prev_repos target_changed=N delta=0.000m
[GS] step=29 mode=free switch=kStayInRepos best_k=0 best_src=prev_repos curr_cost=137006.07 repos_cost=195962.31 best_other=195962.31 met_progress=Y steps_since_improve=27 switches=0
[STEP] step=29 mode=free t=0.290s ee=(-0.019,-0.068,+0.192) obj=(+0.000,+0.000,+0.050) goal_dist=0.300m switch=kStayInRepos target=(-0.023,-0.080,+0.164) ee_stride=0.031m ee_to_ptarget=0.163m landing_err=0.1341m ik_ok=Y ik_resid=0.0001m q_max_resid_deg=3.67 target_changed=Y retgt=N held_idx=1 held_cost=195962.31 won_cost=195962.31 margin=+0.00 won_src=prev_repos held_valid=Y reason=hold setpoint_to_ptarget=nanm finished_val=0.1628m finished_thresh=0.0200m pd_resid=nanm nextwp_to_ptarget=nanm guide_terminal_err=nanm
[GATE-EVOLVE] step=29 curr=137006.07 best_other=195962.31 ratio=0.6991 ee_to_optimal=0.1162m phi=0.0690m
[STAGE-A-TRACE] step=29 sim_t=0.290 mode=free phi=0.06900 box_xy=+0.00000,+0.00000 lam_n_ee_box=nan qy=+0.00001 qz=-0.00000 finished_repos=0
[DRAKE-CONTACT] step=29 n_pairs=1 ee_box_normal=0.000
[GATE-CONTACT] step=29 F_W=(+0.0000,+0.0000,+0.0000) F_on_box=(-0.0000,-0.0000,-0.0000) n_face_out=(-0.0000,-0.0000,-0.0000) A_is_ee=0 box_q=(+1.00000,-0.00001,+0.00001,-0.00000) box_p=(+0.00000,+0.00000,+0.04999) ee_p=(-0.01932,-0.06786,+0.19228)
[EErel] along_push=+0.020m (neg=correct)  perp=0.070m  ee_to_box=0.073m  stage=3  obj=[0. 0.]  g_hat=[-1. -0.]
[proxy] err=0.266m  effective=[0.159 0.07  0.05 ]
[ADMM-C3+] primal: 6.1274->4.9359  dual: 109.8105->80.3187  mono=False  iters=25/25  rho=25.0
[ADMM-C3+] WARNING non-converged: pr=4.9359 dr=80.3187 tol=1e-03
[C3+] step=87 |u[0]|=42.21Nm u_axis=(+5.17,-26.85,-12.28,+28.80,+7.33,-0.31,-0.55)Nm λ_n_max=1.058 η_n_max=1.279 primal=4.936 iters=25/25 lcp_res_max=nan
[ADMIT-GUARD] step=30 admit_active=0 latch=0/0 ee_z=0.190 gate_cap=0
[ALT-GATE] step=30 target_stable=0/0 allow_descent=1
[GS-tgt] step=30 ee=(-0.020,-0.070,+0.190) p_repos=(-0.023,-0.080,+0.030) ee_to_target=0.161m target_label=prev_repos target_changed=N delta=0.000m
[IMP] step=30 mode=free |x_err|=0.0319m |tau_imp|=22.79Nm |tau_ff|=0.00Nm |tau_out|=22.79Nm sat=False lam_n=False lam_t=False
[GS] step=30 mode=free switch=kStayInRepos best_k=0 best_src=prev_repos curr_cost=137043.97 repos_cost=197194.96 best_other=197194.96 met_progress=Y steps_since_improve=28 switches=0
[STEP] step=30 mode=free t=0.300s ee=(-0.020,-0.070,+0.190) obj=(+0.000,+0.000,+0.050) goal_dist=0.300m switch=kStayInRepos target=(-0.023,-0.080,+0.160) ee_stride=0.032m ee_to_ptarget=0.161m landing_err=0.1301m ik_ok=Y ik_resid=0.0001m q_max_resid_deg=4.35 target_changed=Y retgt=N held_idx=1 held_cost=197194.96 won_cost=197194.96 margin=+0.00 won_src=prev_repos held_valid=Y reason=hold setpoint_to_ptarget=nanm finished_val=0.1605m finished_thresh=0.0200m pd_resid=nanm nextwp_to_ptarget=nanm guide_terminal_err=nanm
[GATE-EVOLVE] step=30 curr=137043.97 best_other=197194.96 ratio=0.6950 ee_to_optimal=0.1177m phi=0.0673m
[STAGE-A-TRACE] step=30 sim_t=0.300 mode=free phi=0.06732 box_xy=+0.00000,+0.00000 lam_n_ee_box=nan qy=+0.00001 qz=-0.00000 finished_repos=0
[DRAKE-CONTACT] step=30 n_pairs=1 ee_box_normal=0.000
[GATE-CONTACT] step=30 F_W=(+0.0000,+0.0000,+0.0000) F_on_box=(-0.0000,-0.0000,-0.0000) n_face_out=(-0.0000,-0.0000,-0.0000) A_is_ee=0 box_q=(+1.00000,-0.00001,+0.00001,-0.00000) box_p=(+0.00000,+0.00000,+0.04999) ee_p=(-0.01979,-0.06978,+0.19017)
[PERSIST] step=31 refresh n_strategy=1 samples=[(0.0459, 0.08, 0.03)]
[EErel] along_push=+0.020m (neg=correct)  perp=0.071m  ee_to_box=0.074m  stage=3  obj=[0. 0.]  g_hat=[-1. -0.]
[proxy] err=0.269m  effective=[0.161 0.071 0.05 ]
[ADMM-C3+] primal: 6.1274->4.9359  dual: 109.8105->80.3187  mono=False  iters=25/25  rho=25.0
[ADMM-C3+] WARNING non-converged: pr=4.9359 dr=80.3187 tol=1e-03
[C3+] step=90 |u[0]|=41.85Nm u_axis=(+4.80,-26.92,-11.75,+28.52,+7.26,+0.11,-0.55)Nm λ_n_max=1.058 η_n_max=1.279 primal=4.936 iters=25/25 lcp_res_max=nan
[ADMIT-GUARD] step=31 admit_active=0 latch=0/0 ee_z=0.188 gate_cap=0
[ALT-GATE] step=31 target_stable=0/0 allow_descent=1
[GS-tgt] step=31 ee=(-0.020,-0.071,+0.188) p_repos=(-0.023,-0.080,+0.030) ee_to_target=0.158m target_label=prev_repos target_changed=N delta=0.000m
[GS] step=31 mode=free switch=kStayInRepos best_k=0 best_src=prev_repos curr_cost=137058.32 repos_cost=198463.00 best_other=198463.00 met_progress=Y steps_since_improve=29 switches=0
[STEP] step=31 mode=free t=0.310s ee=(-0.020,-0.071,+0.188) obj=(+0.000,+0.000,+0.050) goal_dist=0.300m switch=kStayInRepos target=(-0.023,-0.080,+0.156) ee_stride=0.033m ee_to_ptarget=0.158m landing_err=0.1261m ik_ok=Y ik_resid=0.0001m q_max_resid_deg=4.93 target_changed=Y retgt=N held_idx=1 held_cost=198463.00 won_cost=198463.00 margin=+0.00 won_src=prev_repos held_valid=Y reason=hold setpoint_to_ptarget=nanm finished_val=0.1581m finished_thresh=0.0200m pd_resid=nanm nextwp_to_ptarget=nanm guide_terminal_err=nanm
[GATE-EVOLVE] step=31 curr=137058.32 best_other=198463.00 ratio=0.6906 ee_to_optimal=0.1190m phi=0.0654m
[STAGE-A-TRACE] step=31 sim_t=0.310 mode=free phi=0.06542 box_xy=+0.00000,+0.00000 lam_n_ee_box=nan qy=+0.00001 qz=-0.00000 finished_repos=0
[DRAKE-CONTACT] step=31 n_pairs=1 ee_box_normal=0.000
[GATE-CONTACT] step=31 F_W=(+0.0000,+0.0000,+0.0000) F_on_box=(-0.0000,-0.0000,-0.0000) n_face_out=(-0.0000,-0.0000,-0.0000) A_is_ee=0 box_q=(+1.00000,-0.00001,+0.00001,-0.00000) box_p=(+0.00000,+0.00000,+0.04999) ee_p=(-0.02019,-0.07147,+0.18782)
[EErel] along_push=+0.021m (neg=correct)  perp=0.073m  ee_to_box=0.076m  stage=3  obj=[0. 0.]  g_hat=[-1. -0.]
[proxy] err=0.271m  effective=[0.164 0.073 0.05 ]
[ADMM-C3+] primal: 6.1274->4.9359  dual: 109.8105->80.3187  mono=False  iters=25/25  rho=25.0
[ADMM-C3+] WARNING non-converged: pr=4.9359 dr=80.3187 tol=1e-03
[C3+] step=93 |u[0]|=41.60Nm u_axis=(+4.38,-27.07,-11.23,+28.29,+7.20,+0.52,-0.55)Nm λ_n_max=1.058 η_n_max=1.279 primal=4.936 iters=25/25 lcp_res_max=nan
[ADMIT-GUARD] step=32 admit_active=0 latch=0/0 ee_z=0.185 gate_cap=0
[ALT-GATE] step=32 target_stable=0/0 allow_descent=1
[GS-tgt] step=32 ee=(-0.021,-0.073,+0.185) p_repos=(-0.023,-0.080,+0.030) ee_to_target=0.155m target_label=prev_repos target_changed=N delta=0.000m
[GS] step=32 mode=free switch=kStayInRepos best_k=0 best_src=prev_repos curr_cost=137048.39 repos_cost=199662.06 best_other=199662.06 met_progress=Y steps_since_improve=30 switches=0
[STEP] step=32 mode=free t=0.320s ee=(-0.021,-0.073,+0.185) obj=(+0.000,+0.000,+0.050) goal_dist=0.300m switch=kStayInRepos target=(-0.023,-0.080,+0.152) ee_stride=0.034m ee_to_ptarget=0.155m landing_err=0.1221m ik_ok=Y ik_resid=0.0001m q_max_resid_deg=5.42 target_changed=Y retgt=N held_idx=1 held_cost=199662.06 won_cost=199662.06 margin=+0.00 won_src=prev_repos held_valid=Y reason=hold setpoint_to_ptarget=nanm finished_val=0.1554m finished_thresh=0.0200m pd_resid=nanm nextwp_to_ptarget=nanm guide_terminal_err=nanm
[GATE-EVOLVE] step=32 curr=137048.39 best_other=199662.06 ratio=0.6864 ee_to_optimal=0.1202m phi=0.0633m
[STAGE-A-TRACE] step=32 sim_t=0.320 mode=free phi=0.06330 box_xy=+0.00000,+0.00000 lam_n_ee_box=nan qy=+0.00001 qz=-0.00000 finished_repos=0
[DRAKE-CONTACT] step=32 n_pairs=1 ee_box_normal=0.000
[GATE-CONTACT] step=32 F_W=(+0.0000,+0.0000,+0.0000) F_on_box=(-0.0000,-0.0000,-0.0000) n_face_out=(-0.0000,-0.0000,-0.0000) A_is_ee=0 box_q=(+1.00000,-0.00001,+0.00001,-0.00000) box_p=(+0.00000,+0.00000,+0.04999) ee_p=(-0.02054,-0.07293,+0.18526)
[EErel] along_push=+0.021m (neg=correct)  perp=0.074m  ee_to_box=0.077m  stage=3  obj=[0. 0.]  g_hat=[-1. -0.]
[proxy] err=0.273m  effective=[0.166 0.074 0.05 ]
[ADMM-C3+] primal: 6.1274->4.9359  dual: 109.8105->80.3187  mono=False  iters=25/25  rho=25.0
[ADMM-C3+] WARNING non-converged: pr=4.9359 dr=80.3187 tol=1e-03
[C3+] step=96 |u[0]|=41.40Nm u_axis=(+4.00,-27.24,-10.72,+28.09,+7.12,+0.91,-0.56)Nm λ_n_max=1.058 η_n_max=1.279 primal=4.936 iters=25/25 lcp_res_max=nan
[ADMIT-GUARD] step=33 admit_active=0 latch=0/0 ee_z=0.182 gate_cap=0
[ALT-GATE] step=33 target_stable=0/0 allow_descent=1
[GS-tgt] step=33 ee=(-0.021,-0.074,+0.182) p_repos=(-0.023,-0.080,+0.030) ee_to_target=0.153m target_label=prev_repos target_changed=N delta=0.000m
[GS] step=33 mode=free switch=kStayInRepos best_k=0 best_src=prev_repos curr_cost=137021.24 repos_cost=200779.83 best_other=200779.83 met_progress=Y steps_since_improve=31 switches=0
[STEP] step=33 mode=free t=0.330s ee=(-0.021,-0.074,+0.182) obj=(+0.000,+0.000,+0.050) goal_dist=0.300m switch=kStayInRepos target=(-0.023,-0.080,+0.148) ee_stride=0.035m ee_to_ptarget=0.153m landing_err=0.1181m ik_ok=Y ik_resid=0.0001m q_max_resid_deg=5.83 target_changed=Y retgt=N held_idx=1 held_cost=200779.83 won_cost=200779.83 margin=+0.00 won_src=prev_repos held_valid=Y reason=hold setpoint_to_ptarget=nanm finished_val=0.1526m finished_thresh=0.0200m pd_resid=nanm nextwp_to_ptarget=nanm guide_terminal_err=nanm
[GATE-EVOLVE] step=33 curr=137021.24 best_other=200779.83 ratio=0.6824 ee_to_optimal=0.1212m phi=0.0610m
[STAGE-A-TRACE] step=33 sim_t=0.330 mode=free phi=0.06098 box_xy=+0.00000,+0.00000 lam_n_ee_box=nan qy=+0.00001 qz=-0.00000 finished_repos=0
[DRAKE-CONTACT] step=33 n_pairs=1 ee_box_normal=0.000
[GATE-CONTACT] step=33 F_W=(+0.0000,+0.0000,+0.0000) F_on_box=(-0.0000,-0.0000,-0.0000) n_face_out=(-0.0000,-0.0000,-0.0000) A_is_ee=0 box_q=(+1.00000,-0.00001,+0.00001,-0.00000) box_p=(+0.00000,+0.00000,+0.04999) ee_p=(-0.02084,-0.07420,+0.18250)
[EErel] along_push=+0.021m (neg=correct)  perp=0.075m  ee_to_box=0.078m  stage=3  obj=[0. 0.]  g_hat=[-1. -0.]
[proxy] err=0.274m  effective=[0.167 0.075 0.05 ]
[ADMM-C3+] primal: 6.1274->4.9359  dual: 109.8105->80.3187  mono=False  iters=25/25  rho=25.0
[ADMM-C3+] WARNING non-converged: pr=4.9359 dr=80.3187 tol=1e-03
[C3+] step=99 |u[0]|=41.27Nm u_axis=(+3.62,-27.45,-10.24,+27.93,+7.03,+1.30,-0.56)Nm λ_n_max=1.058 η_n_max=1.279 primal=4.936 iters=25/25 lcp_res_max=nan
[ADMIT-GUARD] step=34 admit_active=0 latch=0/0 ee_z=0.180 gate_cap=0
[ALT-GATE] step=34 target_stable=0/0 allow_descent=1
[GS-tgt] step=34 ee=(-0.021,-0.075,+0.180) p_repos=(-0.023,-0.080,+0.030) ee_to_target=0.150m target_label=prev_repos target_changed=N delta=0.000m
[GS] step=34 mode=free switch=kStayInRepos best_k=0 best_src=prev_repos curr_cost=136978.98 repos_cost=201801.92 best_other=201801.92 met_progress=Y steps_since_improve=32 switches=0
[STEP] step=34 mode=free t=0.340s ee=(-0.021,-0.075,+0.180) obj=(+0.000,+0.000,+0.050) goal_dist=0.300m switch=kStayInRepos target=(-0.023,-0.080,+0.144) ee_stride=0.036m ee_to_ptarget=0.150m landing_err=0.1141m ik_ok=Y ik_resid=0.0001m q_max_resid_deg=6.16 target_changed=Y retgt=N held_idx=1 held_cost=201801.92 won_cost=201801.92 margin=+0.00 won_src=prev_repos held_valid=Y reason=hold setpoint_to_ptarget=nanm finished_val=0.1496m finished_thresh=0.0200m pd_resid=nanm nextwp_to_ptarget=nanm guide_terminal_err=nanm
[GATE-EVOLVE] step=34 curr=136978.98 best_other=201801.92 ratio=0.6788 ee_to_optimal=0.1221m phi=0.0585m
[STAGE-A-TRACE] step=34 sim_t=0.340 mode=free phi=0.05849 box_xy=+0.00000,+0.00000 lam_n_ee_box=nan qy=+0.00001 qz=-0.00000 finished_repos=0
[DRAKE-CONTACT] step=34 n_pairs=1 ee_box_normal=0.000
[GATE-CONTACT] step=34 F_W=(+0.0000,+0.0000,+0.0000) F_on_box=(-0.0000,-0.0000,-0.0000) n_face_out=(-0.0000,-0.0000,-0.0000) A_is_ee=0 box_q=(+1.00000,-0.00001,+0.00001,-0.00000) box_p=(+0.00000,+0.00000,+0.04999) ee_p=(-0.02110,-0.07529,+0.17956)
[EErel] along_push=+0.021m (neg=correct)  perp=0.076m  ee_to_box=0.079m  stage=3  obj=[0. 0.]  g_hat=[-1. -0.]
[proxy] err=0.274m  effective=[0.169 0.076 0.05 ]
[ADMM-C3+] primal: 6.1274->4.9359  dual: 109.8105->80.3187  mono=False  iters=25/25  rho=25.0
[ADMM-C3+] WARNING non-converged: pr=4.9359 dr=80.3187 tol=1e-03
[C3+] step=102 |u[0]|=41.21Nm u_axis=(+3.21,-27.69,-9.80,+27.82,+6.95,+1.69,-0.57)Nm λ_n_max=1.058 η_n_max=1.279 primal=4.936 iters=25/25 lcp_res_max=nan
[ADMIT-GUARD] step=35 admit_active=0 latch=0/0 ee_z=0.176 gate_cap=0
[ALT-GATE] step=35 target_stable=0/0 allow_descent=1
[GS-tgt] step=35 ee=(-0.021,-0.076,+0.176) p_repos=(-0.023,-0.080,+0.030) ee_to_target=0.147m target_label=prev_repos target_changed=N delta=0.000m
[GS] step=35 mode=free switch=kStayInRepos best_k=0 best_src=prev_repos curr_cost=136922.61 repos_cost=202720.68 best_other=202720.68 met_progress=Y steps_since_improve=33 switches=0
[STEP] step=35 mode=free t=0.350s ee=(-0.021,-0.076,+0.176) obj=(+0.000,+0.000,+0.050) goal_dist=0.300m switch=kStayInRepos target=(-0.023,-0.080,+0.140) ee_stride=0.037m ee_to_ptarget=0.147m landing_err=0.1101m ik_ok=Y ik_resid=0.0001m q_max_resid_deg=6.43 target_changed=Y retgt=N held_idx=1 held_cost=202720.68 won_cost=202720.68 margin=+0.00 won_src=prev_repos held_valid=Y reason=hold setpoint_to_ptarget=nanm finished_val=0.1465m finished_thresh=0.0200m pd_resid=nanm nextwp_to_ptarget=nanm guide_terminal_err=nanm
[GATE-EVOLVE] step=35 curr=136922.61 best_other=202720.68 ratio=0.6754 ee_to_optimal=0.1228m phi=0.0558m
[STAGE-A-TRACE] step=35 sim_t=0.350 mode=free phi=0.05584 box_xy=+0.00000,+0.00000 lam_n_ee_box=nan qy=+0.00001 qz=-0.00000 finished_repos=0
[DRAKE-CONTACT] step=35 n_pairs=1 ee_box_normal=0.000
[GATE-CONTACT] step=35 F_W=(+0.0000,+0.0000,+0.0000) F_on_box=(-0.0000,-0.0000,-0.0000) n_face_out=(-0.0000,-0.0000,-0.0000) A_is_ee=0 box_q=(+1.00000,-0.00001,+0.00001,-0.00000) box_p=(+0.00000,+0.00000,+0.04999) ee_p=(-0.02132,-0.07622,+0.17646)
[EErel] along_push=+0.022m (neg=correct)  perp=0.077m  ee_to_box=0.080m  stage=3  obj=[0. 0.]  g_hat=[-1. -0.]
[proxy] err=0.275m  effective=[0.17  0.077 0.05 ]
[ADMM-C3+] primal: 6.1274->4.9359  dual: 109.8105->80.3187  mono=False  iters=25/25  rho=25.0
[ADMM-C3+] WARNING non-converged: pr=4.9359 dr=80.3187 tol=1e-03
[C3+] step=105 |u[0]|=41.18Nm u_axis=(+2.85,-27.92,-9.38,+27.72,+6.84,+2.08,-0.58)Nm λ_n_max=1.058 η_n_max=1.279 primal=4.936 iters=25/25 lcp_res_max=nan
[ADMIT-GUARD] step=36 admit_active=0 latch=0/0 ee_z=0.173 gate_cap=0
[ALT-GATE] step=36 target_stable=0/0 allow_descent=1
[GS-tgt] step=36 ee=(-0.022,-0.077,+0.173) p_repos=(-0.023,-0.080,+0.030) ee_to_target=0.143m target_label=prev_repos target_changed=N delta=0.000m
[GS] step=36 mode=free switch=kStayInRepos best_k=0 best_src=prev_repos curr_cost=136859.55 repos_cost=203533.55 best_other=203533.55 met_progress=Y steps_since_improve=34 switches=0
[STEP] step=36 mode=free t=0.360s ee=(-0.022,-0.077,+0.173) obj=(+0.000,+0.000,+0.050) goal_dist=0.300m switch=kStayInRepos target=(-0.023,-0.080,+0.136) ee_stride=0.037m ee_to_ptarget=0.143m landing_err=0.1061m ik_ok=Y ik_resid=0.0001m q_max_resid_deg=6.64 target_changed=Y retgt=N held_idx=1 held_cost=203533.55 won_cost=203533.55 margin=+0.00 won_src=prev_repos held_valid=Y reason=hold setpoint_to_ptarget=nanm finished_val=0.1433m finished_thresh=0.0200m pd_resid=nanm nextwp_to_ptarget=nanm guide_terminal_err=nanm
[GATE-EVOLVE] step=36 curr=136859.55 best_other=203533.55 ratio=0.6724 ee_to_optimal=0.1235m phi=0.0531m
[STAGE-A-TRACE] step=36 sim_t=0.360 mode=free phi=0.05305 box_xy=+0.00000,+0.00000 lam_n_ee_box=nan qy=+0.00001 qz=-0.00000 finished_repos=0
[DRAKE-CONTACT] step=36 n_pairs=1 ee_box_normal=0.000
[GATE-CONTACT] step=36 F_W=(+0.0000,+0.0000,+0.0000) F_on_box=(-0.0000,-0.0000,-0.0000) n_face_out=(-0.0000,-0.0000,-0.0000) A_is_ee=0 box_q=(+1.00000,-0.00001,+0.00001,-0.00000) box_p=(+0.00000,+0.00000,+0.04999) ee_p=(-0.02151,-0.07700,+0.17323)
[EErel] along_push=+0.022m (neg=correct)  perp=0.078m  ee_to_box=0.081m  stage=3  obj=[0. 0.]  g_hat=[-1. -0.]
[proxy] err=0.275m  effective=[0.171 0.078 0.05 ]
[ADMM-C3+] primal: 6.1274->4.9359  dual: 109.8105->80.3187  mono=False  iters=25/25  rho=25.0
[ADMM-C3+] WARNING non-converged: pr=4.9359 dr=80.3187 tol=1e-03
[C3+] step=108 |u[0]|=41.21Nm u_axis=(+2.48,-28.17,-8.99,+27.67,+6.73,+2.48,-0.59)Nm λ_n_max=1.058 η_n_max=1.279 primal=4.936 iters=25/25 lcp_res_max=nan
[ADMIT-GUARD] step=37 admit_active=0 latch=0/0 ee_z=0.170 gate_cap=0
[ALT-GATE] step=37 target_stable=0/0 allow_descent=1
[GS-tgt] step=37 ee=(-0.022,-0.078,+0.170) p_repos=(-0.023,-0.080,+0.030) ee_to_target=0.140m target_label=prev_repos target_changed=N delta=0.000m
[GS] step=37 mode=free switch=kStayInRepos best_k=0 best_src=prev_repos curr_cost=136788.26 repos_cost=204241.84 best_other=204241.84 met_progress=Y steps_since_improve=35 switches=0
[STEP] step=37 mode=free t=0.370s ee=(-0.022,-0.078,+0.170) obj=(+0.000,+0.000,+0.050) goal_dist=0.300m switch=kStayInRepos target=(-0.023,-0.080,+0.132) ee_stride=0.038m ee_to_ptarget=0.140m landing_err=0.1021m ik_ok=Y ik_resid=0.0001m q_max_resid_deg=6.80 target_changed=Y retgt=N held_idx=1 held_cost=204241.84 won_cost=204241.84 margin=+0.00 won_src=prev_repos held_valid=Y reason=hold setpoint_to_ptarget=nanm finished_val=0.1399m finished_thresh=0.0200m pd_resid=nanm nextwp_to_ptarget=nanm guide_terminal_err=nanm
[GATE-EVOLVE] step=37 curr=136788.26 best_other=204241.84 ratio=0.6697 ee_to_optimal=0.1240m phi=0.0501m
[STAGE-A-TRACE] step=37 sim_t=0.370 mode=free phi=0.05015 box_xy=+0.00000,+0.00000 lam_n_ee_box=nan qy=+0.00001 qz=-0.00000 finished_repos=0
[DRAKE-CONTACT] step=37 n_pairs=1 ee_box_normal=0.000
[GATE-CONTACT] step=37 F_W=(+0.0000,+0.0000,+0.0000) F_on_box=(-0.0000,-0.0000,-0.0000) n_face_out=(-0.0000,-0.0000,-0.0000) A_is_ee=0 box_q=(+1.00000,-0.00001,+0.00001,-0.00000) box_p=(+0.00000,+0.00000,+0.04999) ee_p=(-0.02168,-0.07766,+0.16987)
[EErel] along_push=+0.022m (neg=correct)  perp=0.078m  ee_to_box=0.081m  stage=3  obj=[0. 0.]  g_hat=[-1. -0.]
[proxy] err=0.275m  effective=[0.172 0.078 0.05 ]
[ADMM-C3+] primal: 6.1274->4.9359  dual: 109.8105->80.3187  mono=False  iters=25/25  rho=25.0
[ADMM-C3+] WARNING non-converged: pr=4.9359 dr=80.3187 tol=1e-03
[C3+] step=111 |u[0]|=41.24Nm u_axis=(+2.10,-28.42,-8.59,+27.61,+6.61,+2.88,-0.59)Nm λ_n_max=1.058 η_n_max=1.279 primal=4.936 iters=25/25 lcp_res_max=nan
[ADMIT-GUARD] step=38 admit_active=0 latch=0/0 ee_z=0.166 gate_cap=0
[ALT-GATE] step=38 target_stable=0/0 allow_descent=1
[GS-tgt] step=38 ee=(-0.022,-0.078,+0.166) p_repos=(-0.023,-0.080,+0.030) ee_to_target=0.136m target_label=prev_repos target_changed=N delta=0.000m
[GS] step=38 mode=free switch=kStayInRepos best_k=0 best_src=prev_repos curr_cost=136716.09 repos_cost=204849.88 best_other=204849.88 met_progress=Y steps_since_improve=36 switches=0
[STEP] step=38 mode=free t=0.380s ee=(-0.022,-0.078,+0.166) obj=(+0.000,+0.000,+0.050) goal_dist=0.300m switch=kStayInRepos target=(-0.023,-0.080,+0.128) ee_stride=0.038m ee_to_ptarget=0.136m landing_err=0.0981m ik_ok=Y ik_resid=0.0001m q_max_resid_deg=6.92 target_changed=Y retgt=N held_idx=1 held_cost=204849.88 won_cost=204849.88 margin=+0.00 won_src=prev_repos held_valid=Y reason=hold setpoint_to_ptarget=nanm finished_val=0.1364m finished_thresh=0.0200m pd_resid=nanm nextwp_to_ptarget=nanm guide_terminal_err=nanm
[GATE-EVOLVE] step=38 curr=136716.09 best_other=204849.88 ratio=0.6674 ee_to_optimal=0.1245m phi=0.0472m
[STAGE-A-TRACE] step=38 sim_t=0.380 mode=free phi=0.04715 box_xy=+0.00000,+0.00000 lam_n_ee_box=nan qy=+0.00001 qz=-0.00000 finished_repos=0
[DRAKE-CONTACT] step=38 n_pairs=1 ee_box_normal=0.000
[GATE-CONTACT] step=38 F_W=(+0.0000,+0.0000,+0.0000) F_on_box=(-0.0000,-0.0000,-0.0000) n_face_out=(-0.0000,-0.0000,-0.0000) A_is_ee=0 box_q=(+1.00000,-0.00001,+0.00001,-0.00000) box_p=(+0.00000,+0.00000,+0.04999) ee_p=(-0.02183,-0.07821,+0.16640)
[EErel] along_push=+0.022m (neg=correct)  perp=0.079m  ee_to_box=0.082m  stage=3  obj=[0. 0.]  g_hat=[-1. -0.]
[proxy] err=0.274m  effective=[0.172 0.079 0.05 ]
[ADMM-C3+] primal: 6.1274->4.9359  dual: 109.8105->80.3187  mono=False  iters=25/25  rho=25.0
[ADMM-C3+] WARNING non-converged: pr=4.9359 dr=80.3187 tol=1e-03
[C3+] step=114 |u[0]|=41.33Nm u_axis=(+1.76,-28.67,-8.24,+27.60,+6.47,+3.29,-0.60)Nm λ_n_max=1.058 η_n_max=1.279 primal=4.936 iters=25/25 lcp_res_max=nan
[ADMIT-GUARD] step=39 admit_active=0 latch=0/0 ee_z=0.163 gate_cap=0
[ALT-GATE] step=39 target_stable=0/0 allow_descent=1
[GS-tgt] step=39 ee=(-0.022,-0.079,+0.163) p_repos=(-0.023,-0.080,+0.030) ee_to_target=0.133m target_label=prev_repos target_changed=N delta=0.000m
[GS] step=39 mode=free switch=kStayInRepos best_k=0 best_src=prev_repos curr_cost=136638.70 repos_cost=205364.21 best_other=205364.21 met_progress=Y steps_since_improve=37 switches=0
[STEP] step=39 mode=free t=0.390s ee=(-0.022,-0.079,+0.163) obj=(+0.000,+0.000,+0.050) goal_dist=0.300m switch=kStayInRepos target=(-0.023,-0.080,+0.124) ee_stride=0.039m ee_to_ptarget=0.133m landing_err=0.0941m ik_ok=Y ik_resid=0.0001m q_max_resid_deg=7.01 target_changed=Y retgt=N held_idx=1 held_cost=205364.21 won_cost=205364.21 margin=+0.00 won_src=prev_repos held_valid=Y reason=hold setpoint_to_ptarget=nanm finished_val=0.1329m finished_thresh=0.0200m pd_resid=nanm nextwp_to_ptarget=nanm guide_terminal_err=nanm
[GATE-EVOLVE] step=39 curr=136638.70 best_other=205364.21 ratio=0.6653 ee_to_optimal=0.1249m phi=0.0441m
[STAGE-A-TRACE] step=39 sim_t=0.390 mode=free phi=0.04408 box_xy=+0.00000,+0.00000 lam_n_ee_box=nan qy=+0.00001 qz=-0.00000 finished_repos=0
[DRAKE-CONTACT] step=39 n_pairs=1 ee_box_normal=0.000
[GATE-CONTACT] step=39 F_W=(+0.0000,+0.0000,+0.0000) F_on_box=(-0.0000,-0.0000,-0.0000) n_face_out=(-0.0000,-0.0000,-0.0000) A_is_ee=0 box_q=(+1.00000,-0.00001,+0.00001,-0.00000) box_p=(+0.00000,+0.00000,+0.04999) ee_p=(-0.02196,-0.07866,+0.16284)
[EErel] along_push=+0.022m (neg=correct)  perp=0.079m  ee_to_box=0.082m  stage=3  obj=[0. 0.]  g_hat=[-1. -0.]
[proxy] err=0.274m  effective=[0.173 0.079 0.05 ]
[ADMM-C3+] primal: 6.1274->4.9359  dual: 109.8105->80.3187  mono=False  iters=25/25  rho=25.0
[ADMM-C3+] WARNING non-converged: pr=4.9359 dr=80.3187 tol=1e-03
[C3+] step=117 |u[0]|=41.41Nm u_axis=(+1.43,-28.90,-7.89,+27.59,+6.33,+3.70,-0.61)Nm λ_n_max=1.058 η_n_max=1.279 primal=4.936 iters=25/25 lcp_res_max=nan
[ADMIT-GUARD] step=40 admit_active=0 latch=0/0 ee_z=0.159 gate_cap=0
[ALT-GATE] step=40 target_stable=0/0 allow_descent=1
[GS-tgt] step=40 ee=(-0.022,-0.079,+0.159) p_repos=(-0.023,-0.080,+0.030) ee_to_target=0.129m target_label=prev_repos target_changed=N delta=0.000m
[IMP] step=40 mode=free |x_err|=0.0392m |tau_imp|=4.38Nm |tau_ff|=0.00Nm |tau_out|=4.38Nm sat=False lam_n=False lam_t=False
[GS] step=40 mode=free switch=kStayInRepos best_k=0 best_src=prev_repos curr_cost=136561.89 repos_cost=205792.92 best_other=205792.92 met_progress=Y steps_since_improve=38 switches=0
[STEP] step=40 mode=free t=0.400s ee=(-0.022,-0.079,+0.159) obj=(+0.000,+0.000,+0.050) goal_dist=0.300m switch=kStayInRepos target=(-0.023,-0.080,+0.120) ee_stride=0.039m ee_to_ptarget=0.129m landing_err=0.0901m ik_ok=Y ik_resid=0.0001m q_max_resid_deg=7.06 target_changed=Y retgt=N held_idx=1 held_cost=205792.92 won_cost=205792.92 margin=+0.00 won_src=prev_repos held_valid=Y reason=hold setpoint_to_ptarget=nanm finished_val=0.1292m finished_thresh=0.0200m pd_resid=nanm nextwp_to_ptarget=nanm guide_terminal_err=nanm
[GATE-EVOLVE] step=40 curr=136561.89 best_other=205792.92 ratio=0.6636 ee_to_optimal=0.1252m phi=0.0409m
[STAGE-A-TRACE] step=40 sim_t=0.400 mode=free phi=0.04095 box_xy=+0.00000,+0.00000 lam_n_ee_box=nan qy=+0.00001 qz=-0.00000 finished_repos=0
[GS-table] step=40
  k=0 (current   ) pos=(-0.022,-0.079,+0.159) c_C3= 136561.89 align=0.0000(bonus=    0.00) rot=+0.0000(bonus=    0.00) travel=0.000m(pen=  0.00) c_sample= 136561.89 feas=Y ik_err=0.0000m  ← WIN
  k=1 (prev_repos) pos=(-0.023,-0.080,+0.030) c_C3= 205767.07 align=0.0000(bonus=    0.00) rot=+0.0000(bonus=    0.00) travel=0.129m(pen= 25.84) c_sample= 205792.92 feas=Y ik_err=0.0001m
  k=2 (strat_0   ) pos=(+0.046,+0.080,+0.030) c_C3= 262708.15 align=0.0000(bonus=    0.15) rot=+0.0000(bonus=    0.00) travel=0.216m(pen= 43.18) c_sample= 262751.18 feas=Y ik_err=0.0002m
[DRAKE-CONTACT] step=40 n_pairs=1 ee_box_normal=0.000
[GATE-CONTACT] step=40 F_W=(+0.0000,+0.0000,+0.0000) F_on_box=(-0.0000,-0.0000,-0.0000) n_face_out=(-0.0000,-0.0000,-0.0000) A_is_ee=0 box_q=(+1.00000,-0.00001,+0.00001,-0.00000) box_p=(+0.00000,+0.00000,+0.04999) ee_p=(-0.02207,-0.07902,+0.15921)
[EErel] along_push=+0.022m (neg=correct)  perp=0.079m  ee_to_box=0.082m  stage=3  obj=[0. 0.]  g_hat=[-1. -0.]
[proxy] err=0.273m  effective=[0.174 0.079 0.05 ]
[ADMM-C3+] primal: 6.1274->4.9359  dual: 109.8105->80.3187  mono=False  iters=25/25  rho=25.0
[ADMM-C3+] WARNING non-converged: pr=4.9359 dr=80.3187 tol=1e-03
[C3+] step=120 |u[0]|=41.52Nm u_axis=(+1.07,-29.14,-7.53,+27.59,+6.18,+4.09,-0.62)Nm λ_n_max=1.058 η_n_max=1.279 primal=4.936 iters=25/25 lcp_res_max=nan
[ADMIT-GUARD] step=41 admit_active=0 latch=0/0 ee_z=0.156 gate_cap=0
[ALT-GATE] step=41 target_stable=0/0 allow_descent=1
[GS-tgt] step=41 ee=(-0.022,-0.079,+0.156) p_repos=(-0.023,-0.080,+0.030) ee_to_target=0.126m target_label=prev_repos target_changed=N delta=0.000m
[GS] step=41 mode=free switch=kStayInRepos best_k=0 best_src=prev_repos curr_cost=136486.90 repos_cost=206164.14 best_other=206164.14 met_progress=Y steps_since_improve=39 switches=0
[STEP] step=41 mode=free t=0.410s ee=(-0.022,-0.079,+0.156) obj=(+0.000,+0.000,+0.050) goal_dist=0.300m switch=kStayInRepos target=(-0.023,-0.080,+0.116) ee_stride=0.039m ee_to_ptarget=0.126m landing_err=0.0861m ik_ok=Y ik_resid=0.0001m q_max_resid_deg=7.09 target_changed=Y retgt=N held_idx=1 held_cost=206164.14 won_cost=206164.14 margin=+0.00 won_src=prev_repos held_valid=Y reason=hold setpoint_to_ptarget=nanm finished_val=0.1255m finished_thresh=0.0200m pd_resid=nanm nextwp_to_ptarget=nanm guide_terminal_err=nanm
[GATE-EVOLVE] step=41 curr=136486.90 best_other=206164.14 ratio=0.6620 ee_to_optimal=0.1254m phi=0.0378m
[STAGE-A-TRACE] step=41 sim_t=0.410 mode=free phi=0.03779 box_xy=+0.00000,+0.00000 lam_n_ee_box=nan qy=+0.00001 qz=-0.00000 finished_repos=0
[DRAKE-CONTACT] step=41 n_pairs=1 ee_box_normal=0.000
[GATE-CONTACT] step=41 F_W=(+0.0000,+0.0000,+0.0000) F_on_box=(-0.0000,-0.0000,-0.0000) n_face_out=(-0.0000,-0.0000,-0.0000) A_is_ee=0 box_q=(+1.00000,-0.00001,+0.00001,-0.00000) box_p=(+0.00000,+0.00000,+0.04999) ee_p=(-0.02217,-0.07932,+0.15551)
[EErel] along_push=+0.022m (neg=correct)  perp=0.080m  ee_to_box=0.083m  stage=3  obj=[0. 0.]  g_hat=[-1. -0.]
[proxy] err=0.272m  effective=[0.174 0.08  0.05 ]
[ADMM-C3+] primal: 6.1274->4.9359  dual: 109.8105->80.3187  mono=False  iters=25/25  rho=25.0
[ADMM-C3+] WARNING non-converged: pr=4.9359 dr=80.3187 tol=1e-03
[C3+] step=123 |u[0]|=41.65Nm u_axis=(+0.74,-29.37,-7.20,+27.62,+6.04,+4.50,-0.63)Nm λ_n_max=1.058 η_n_max=1.279 primal=4.936 iters=25/25 lcp_res_max=nan
[ADMIT-GUARD] step=42 admit_active=0 latch=0/0 ee_z=0.152 gate_cap=0
[ALT-GATE] step=42 target_stable=0/0 allow_descent=1
[GS-tgt] step=42 ee=(-0.022,-0.080,+0.152) p_repos=(-0.023,-0.080,+0.030) ee_to_target=0.122m target_label=prev_repos target_changed=N delta=0.000m
[GS] step=42 mode=free switch=kStayInRepos best_k=0 best_src=prev_repos curr_cost=136410.50 repos_cost=206469.09 best_other=206469.09 met_progress=Y steps_since_improve=40 switches=0
[STEP] step=42 mode=free t=0.420s ee=(-0.022,-0.080,+0.152) obj=(+0.000,+0.000,+0.050) goal_dist=0.300m switch=kStayInRepos target=(-0.023,-0.080,+0.112) ee_stride=0.040m ee_to_ptarget=0.122m landing_err=0.0821m ik_ok=Y ik_resid=0.0001m q_max_resid_deg=7.11 target_changed=Y retgt=N held_idx=1 held_cost=206469.09 won_cost=206469.09 margin=+0.00 won_src=prev_repos held_valid=Y reason=hold setpoint_to_ptarget=nanm finished_val=0.1218m finished_thresh=0.0200m pd_resid=nanm nextwp_to_ptarget=nanm guide_terminal_err=nanm
[GATE-EVOLVE] step=42 curr=136410.50 best_other=206469.09 ratio=0.6607 ee_to_optimal=0.1257m phi=0.0346m
[STAGE-A-TRACE] step=42 sim_t=0.420 mode=free phi=0.03461 box_xy=+0.00000,+0.00000 lam_n_ee_box=nan qy=+0.00001 qz=-0.00000 finished_repos=0
[DRAKE-CONTACT] step=42 n_pairs=1 ee_box_normal=0.000
[GATE-CONTACT] step=42 F_W=(+0.0000,+0.0000,+0.0000) F_on_box=(-0.0000,-0.0000,-0.0000) n_face_out=(-0.0000,-0.0000,-0.0000) A_is_ee=0 box_q=(+1.00000,-0.00001,+0.00001,-0.00000) box_p=(+0.00000,+0.00000,+0.04999) ee_p=(-0.02226,-0.07957,+0.15175)
[EErel] along_push=+0.022m (neg=correct)  perp=0.080m  ee_to_box=0.083m  stage=3  obj=[0. 0.]  g_hat=[-1. -0.]
[proxy] err=0.271m  effective=[0.174 0.08  0.05 ]
[ADMM-C3+] primal: 6.1274->4.9359  dual: 109.8105->80.3187  mono=False  iters=25/25  rho=25.0
[ADMM-C3+] WARNING non-converged: pr=4.9359 dr=80.3187 tol=1e-03
[C3+] step=126 |u[0]|=41.66Nm u_axis=(+0.41,-29.56,-6.72,+27.54,+5.84,+4.85,-0.63)Nm λ_n_max=1.058 η_n_max=1.279 primal=4.936 iters=25/25 lcp_res_max=nan
[ADMIT-GUARD] step=43 admit_active=0 latch=0/0 ee_z=0.148 gate_cap=0
[ALT-GATE] step=43 target_stable=0/0 allow_descent=1
[GS-tgt] step=43 ee=(-0.022,-0.080,+0.148) p_repos=(-0.023,-0.080,+0.030) ee_to_target=0.118m target_label=prev_repos target_changed=N delta=0.000m
[GS] step=43 mode=free switch=kStayInRepos best_k=0 best_src=prev_repos curr_cost=136354.82 repos_cost=206711.25 best_other=206711.25 met_progress=Y steps_since_improve=41 switches=0
[STEP] step=43 mode=free t=0.430s ee=(-0.022,-0.080,+0.148) obj=(+0.000,+0.000,+0.050) goal_dist=0.300m switch=kStayInRepos target=(-0.023,-0.080,+0.108) ee_stride=0.040m ee_to_ptarget=0.118m landing_err=0.0781m ik_ok=Y ik_resid=0.0001m q_max_resid_deg=7.11 target_changed=Y retgt=N held_idx=1 held_cost=206711.25 won_cost=206711.25 margin=+0.00 won_src=prev_repos held_valid=Y reason=hold setpoint_to_ptarget=nanm finished_val=0.1180m finished_thresh=0.0200m pd_resid=nanm nextwp_to_ptarget=nanm guide_terminal_err=nanm
[GATE-EVOLVE] step=43 curr=136354.82 best_other=206711.25 ratio=0.6596 ee_to_optimal=0.1258m phi=0.0314m
[STAGE-A-TRACE] step=43 sim_t=0.430 mode=free phi=0.03144 box_xy=+0.00000,+0.00000 lam_n_ee_box=nan qy=+0.00001 qz=-0.00000 finished_repos=0
[DRAKE-CONTACT] step=43 n_pairs=1 ee_box_normal=0.000
[GATE-CONTACT] step=43 F_W=(+0.0000,+0.0000,+0.0000) F_on_box=(-0.0000,-0.0000,-0.0000) n_face_out=(-0.0000,-0.0000,-0.0000) A_is_ee=0 box_q=(+1.00000,-0.00001,+0.00001,-0.00000) box_p=(+0.00000,+0.00000,+0.04999) ee_p=(-0.02233,-0.07976,+0.14795)
[EErel] along_push=+0.022m (neg=correct)  perp=0.080m  ee_to_box=0.083m  stage=3  obj=[0. 0.]  g_hat=[-1. -0.]
[proxy] err=0.270m  effective=[0.174 0.08  0.05 ]
[ADMM-C3+] primal: 6.1274->4.9359  dual: 109.8105->80.3187  mono=False  iters=25/25  rho=25.0
[ADMM-C3+] WARNING non-converged: pr=4.9359 dr=80.3187 tol=1e-03
[C3+] step=129 |u[0]|=41.68Nm u_axis=(+0.10,-29.75,-6.23,+27.47,+5.64,+5.19,-0.63)Nm λ_n_max=1.058 η_n_max=1.279 primal=4.936 iters=25/25 lcp_res_max=nan
[ADMIT-GUARD] step=44 admit_active=0 latch=0/0 ee_z=0.144 gate_cap=0
[ALT-GATE] step=44 target_stable=0/0 allow_descent=1
[GS-tgt] step=44 ee=(-0.022,-0.080,+0.144) p_repos=(-0.023,-0.080,+0.030) ee_to_target=0.114m target_label=prev_repos target_changed=N delta=0.000m
[GS] step=44 mode=free switch=kStayInRepos best_k=0 best_src=prev_repos curr_cost=136302.65 repos_cost=206902.06 best_other=206902.06 met_progress=Y steps_since_improve=42 switches=0
[STEP] step=44 mode=free t=0.440s ee=(-0.022,-0.080,+0.144) obj=(+0.000,+0.000,+0.050) goal_dist=0.300m switch=kStayInRepos target=(-0.023,-0.080,+0.104) ee_stride=0.040m ee_to_ptarget=0.114m landing_err=0.0741m ik_ok=Y ik_resid=0.0001m q_max_resid_deg=7.09 target_changed=Y retgt=N held_idx=1 held_cost=206902.06 won_cost=206902.06 margin=+0.00 won_src=prev_repos held_valid=Y reason=hold setpoint_to_ptarget=nanm finished_val=0.1141m finished_thresh=0.0200m pd_resid=nanm nextwp_to_ptarget=nanm guide_terminal_err=nanm
[GATE-EVOLVE] step=44 curr=136302.65 best_other=206902.06 ratio=0.6588 ee_to_optimal=0.1260m phi=0.0283m
[STAGE-A-TRACE] step=44 sim_t=0.440 mode=free phi=0.02830 box_xy=+0.00000,+0.00000 lam_n_ee_box=nan qy=+0.00001 qz=-0.00000 finished_repos=0
[DRAKE-CONTACT] step=44 n_pairs=1 ee_box_normal=0.000
[GATE-CONTACT] step=44 F_W=(+0.0000,+0.0000,+0.0000) F_on_box=(-0.0000,-0.0000,-0.0000) n_face_out=(-0.0000,-0.0000,-0.0000) A_is_ee=0 box_q=(+1.00000,-0.00001,+0.00001,-0.00000) box_p=(+0.00000,+0.00000,+0.04999) ee_p=(-0.02240,-0.07991,+0.14411)
[EErel] along_push=+0.022m (neg=correct)  perp=0.080m  ee_to_box=0.083m  stage=3  obj=[0. 0.]  g_hat=[-1. -0.]
[proxy] err=0.269m  effective=[0.175 0.08  0.05 ]
[ADMM-C3+] primal: 6.1274->4.9359  dual: 109.8105->80.3187  mono=False  iters=25/25  rho=25.0
[ADMM-C3+] WARNING non-converged: pr=4.9359 dr=80.3187 tol=1e-03
[C3+] step=132 |u[0]|=41.94Nm u_axis=(-0.20,-29.93,-6.09,+27.63,+5.52,+5.63,-0.65)Nm λ_n_max=1.058 η_n_max=1.279 primal=4.936 iters=25/25 lcp_res_max=nan
[ADMIT-GUARD] step=45 admit_active=0 latch=0/0 ee_z=0.140 gate_cap=0
[ALT-GATE] step=45 target_stable=0/0 allow_descent=1
[GS-tgt] step=45 ee=(-0.022,-0.080,+0.140) p_repos=(-0.023,-0.080,+0.030) ee_to_target=0.110m target_label=prev_repos target_changed=N delta=0.000m
[GS] step=45 mode=free switch=kStayInRepos best_k=0 best_src=prev_repos curr_cost=136215.90 repos_cost=207050.28 best_other=207050.28 met_progress=Y steps_since_improve=43 switches=0
[STEP] step=45 mode=free t=0.450s ee=(-0.022,-0.080,+0.140) obj=(+0.000,+0.000,+0.050) goal_dist=0.300m switch=kStayInRepos target=(-0.023,-0.080,+0.100) ee_stride=0.040m ee_to_ptarget=0.110m landing_err=0.0701m ik_ok=Y ik_resid=0.0001m q_max_resid_deg=7.07 target_changed=Y retgt=N held_idx=1 held_cost=207050.28 won_cost=207050.28 margin=+0.00 won_src=prev_repos held_valid=Y reason=hold setpoint_to_ptarget=nanm finished_val=0.1102m finished_thresh=0.0200m pd_resid=nanm nextwp_to_ptarget=nanm guide_terminal_err=nanm
[GATE-EVOLVE] step=45 curr=136215.90 best_other=207050.28 ratio=0.6579 ee_to_optimal=0.1261m phi=0.0252m
[STAGE-A-TRACE] step=45 sim_t=0.450 mode=free phi=0.02521 box_xy=+0.00000,+0.00000 lam_n_ee_box=nan qy=+0.00001 qz=+0.00000 finished_repos=0
[DRAKE-CONTACT] step=45 n_pairs=1 ee_box_normal=0.000
[GATE-CONTACT] step=45 F_W=(+0.0000,+0.0000,+0.0000) F_on_box=(-0.0000,-0.0000,-0.0000) n_face_out=(-0.0000,-0.0000,-0.0000) A_is_ee=0 box_q=(+1.00000,-0.00001,+0.00001,+0.00000) box_p=(+0.00000,+0.00000,+0.04999) ee_p=(-0.02246,-0.08003,+0.14024)
[EErel] along_push=+0.023m (neg=correct)  perp=0.080m  ee_to_box=0.083m  stage=3  obj=[0. 0.]  g_hat=[-1. -0.]
[proxy] err=0.268m  effective=[0.175 0.08  0.05 ]
[ADMM-C3+] primal: 6.1274->4.9359  dual: 109.8105->80.3187  mono=False  iters=25/25  rho=25.0
[ADMM-C3+] WARNING non-converged: pr=4.9359 dr=80.3187 tol=1e-03
[C3+] step=135 |u[0]|=41.91Nm u_axis=(-0.55,-29.99,-5.65,+27.57,+5.36,+5.97,-0.66)Nm λ_n_max=1.058 η_n_max=1.279 primal=4.936 iters=25/25 lcp_res_max=nan
[ADMIT-GUARD] step=46 admit_active=0 latch=0/0 ee_z=0.136 gate_cap=0
[ALT-GATE] step=46 target_stable=0/0 allow_descent=1
[GS-tgt] step=46 ee=(-0.023,-0.080,+0.136) p_repos=(-0.023,-0.080,+0.030) ee_to_target=0.106m target_label=prev_repos target_changed=N delta=0.000m
[GS] step=46 mode=free switch=kStayInRepos best_k=0 best_src=prev_repos curr_cost=136163.50 repos_cost=207008.68 best_other=207008.68 met_progress=Y steps_since_improve=44 switches=0
[STEP] step=46 mode=free t=0.460s ee=(-0.023,-0.080,+0.136) obj=(+0.000,+0.000,+0.050) goal_dist=0.300m switch=kStayInRepos target=(-0.023,-0.080,+0.096) ee_stride=0.040m ee_to_ptarget=0.106m landing_err=0.0661m ik_ok=Y ik_resid=0.0001m q_max_resid_deg=7.04 target_changed=Y retgt=N held_idx=1 held_cost=207008.68 won_cost=207008.68 margin=+0.00 won_src=prev_repos held_valid=Y reason=hold setpoint_to_ptarget=nanm finished_val=0.1063m finished_thresh=0.0200m pd_resid=nanm nextwp_to_ptarget=nanm guide_terminal_err=nanm
[GATE-EVOLVE] step=46 curr=136163.50 best_other=207008.68 ratio=0.6578 ee_to_optimal=0.1262m phi=0.0222m
[STAGE-A-TRACE] step=46 sim_t=0.460 mode=free phi=0.02221 box_xy=+0.00000,+0.00000 lam_n_ee_box=nan qy=+0.00001 qz=-0.00000 finished_repos=0
[DRAKE-CONTACT] step=46 n_pairs=1 ee_box_normal=0.000
[GATE-CONTACT] step=46 F_W=(+0.0000,+0.0000,+0.0000) F_on_box=(-0.0000,-0.0000,-0.0000) n_face_out=(-0.0000,-0.0000,-0.0000) A_is_ee=0 box_q=(+1.00000,-0.00001,+0.00001,-0.00000) box_p=(+0.00000,+0.00000,+0.04999) ee_p=(-0.02251,-0.08012,+0.13634)
[EErel] along_push=+0.023m (neg=correct)  perp=0.080m  ee_to_box=0.083m  stage=3  obj=[0. 0.]  g_hat=[-1. -0.]
[proxy] err=0.267m  effective=[0.175 0.08  0.05 ]
[ADMM-C3+] primal: 6.1274->4.9359  dual: 109.8105->80.3185  mono=False  iters=25/25  rho=25.0
[ADMM-C3+] WARNING non-converged: pr=4.9359 dr=80.3185 tol=1e-03
[C3+] step=138 |u[0]|=41.48Nm u_axis=(-0.90,-30.00,-4.69,+27.12,+5.06,+6.01,-0.66)Nm λ_n_max=1.058 η_n_max=1.279 primal=4.936 iters=25/25 lcp_res_max=nan
[ADMIT-GUARD] step=47 admit_active=0 latch=0/0 ee_z=0.132 gate_cap=0
[ALT-GATE] step=47 target_stable=0/0 allow_descent=1
[GS-tgt] step=47 ee=(-0.023,-0.080,+0.132) p_repos=(-0.023,-0.080,+0.030) ee_to_target=0.102m target_label=prev_repos target_changed=N delta=0.000m
[GS] step=47 mode=free switch=kStayInRepos best_k=0 best_src=prev_repos curr_cost=136173.80 repos_cost=207117.83 best_other=207117.83 met_progress=Y steps_since_improve=45 switches=0
[STEP] step=47 mode=free t=0.470s ee=(-0.023,-0.080,+0.132) obj=(+0.000,+0.000,+0.050) goal_dist=0.300m switch=kStayInRepos target=(-0.023,-0.080,+0.092) ee_stride=0.040m ee_to_ptarget=0.102m landing_err=0.0621m ik_ok=Y ik_resid=0.0001m q_max_resid_deg=7.01 target_changed=Y retgt=N held_idx=1 held_cost=207117.83 won_cost=207117.83 margin=+0.00 won_src=prev_repos held_valid=Y reason=hold setpoint_to_ptarget=nanm finished_val=0.1024m finished_thresh=0.0200m pd_resid=nanm nextwp_to_ptarget=nanm guide_terminal_err=nanm
[GATE-EVOLVE] step=47 curr=136173.80 best_other=207117.83 ratio=0.6575 ee_to_optimal=0.1263m phi=0.0193m
[STAGE-A-TRACE] step=47 sim_t=0.470 mode=free phi=0.01931 box_xy=+0.00000,+0.00000 lam_n_ee_box=nan qy=+0.00001 qz=-0.00000 finished_repos=0
[DRAKE-CONTACT] step=47 n_pairs=1 ee_box_normal=0.000
[GATE-CONTACT] step=47 F_W=(+0.0000,+0.0000,+0.0000) F_on_box=(-0.0000,-0.0000,-0.0000) n_face_out=(-0.0000,-0.0000,-0.0000) A_is_ee=0 box_q=(+1.00000,-0.00001,+0.00001,-0.00000) box_p=(+0.00000,+0.00000,+0.04999) ee_p=(-0.02256,-0.08019,+0.13242)
[EErel] along_push=+0.023m (neg=correct)  perp=0.080m  ee_to_box=0.083m  stage=3  obj=[0. 0.]  g_hat=[-1. -0.]
[proxy] err=0.266m  effective=[0.175 0.08  0.05 ]
[ADMM-C3+] primal: 6.1274->4.9359  dual: 109.8105->80.3183  mono=False  iters=25/25  rho=25.0
[ADMM-C3+] WARNING non-converged: pr=4.9359 dr=80.3183 tol=1e-03
[C3+] step=141 |u[0]|=41.29Nm u_axis=(-1.18,-29.99,-4.13,+26.93,+4.84,+6.15,-0.67)Nm λ_n_max=1.059 η_n_max=1.279 primal=4.936 iters=25/25 lcp_res_max=nan
[ADMIT-GUARD] step=48 admit_active=0 latch=0/0 ee_z=0.128 gate_cap=0
[ALT-GATE] step=48 target_stable=0/0 allow_descent=1
[GS-tgt] step=48 ee=(-0.023,-0.080,+0.128) p_repos=(-0.023,-0.080,+0.030) ee_to_target=0.098m target_label=prev_repos target_changed=N delta=0.000m
[GS] step=48 mode=free switch=kStayInRepos best_k=0 best_src=prev_repos curr_cost=136152.06 repos_cost=207202.77 best_other=207202.77 met_progress=Y steps_since_improve=46 switches=0
[STEP] step=48 mode=free t=0.480s ee=(-0.023,-0.080,+0.128) obj=(+0.000,+0.000,+0.050) goal_dist=0.300m switch=kStayInRepos target=(-0.023,-0.080,+0.088) ee_stride=0.040m ee_to_ptarget=0.098m landing_err=0.0581m ik_ok=Y ik_resid=0.0001m q_max_resid_deg=6.97 target_changed=Y retgt=N held_idx=1 held_cost=207202.77 won_cost=207202.77 margin=+0.00 won_src=prev_repos held_valid=Y reason=hold setpoint_to_ptarget=nanm finished_val=0.0985m finished_thresh=0.0200m pd_resid=nanm nextwp_to_ptarget=nanm guide_terminal_err=nanm
[GATE-EVOLVE] step=48 curr=136152.06 best_other=207202.77 ratio=0.6571 ee_to_optimal=0.1264m phi=0.0166m
[STAGE-A-TRACE] step=48 sim_t=0.480 mode=free phi=0.01655 box_xy=+0.00000,+0.00000 lam_n_ee_box=nan qy=+0.00001 qz=-0.00000 finished_repos=0
[DRAKE-CONTACT] step=48 n_pairs=1 ee_box_normal=0.000
[GATE-CONTACT] step=48 F_W=(+0.0000,+0.0000,+0.0000) F_on_box=(-0.0000,-0.0000,-0.0000) n_face_out=(-0.0000,-0.0000,-0.0000) A_is_ee=0 box_q=(+1.00000,-0.00001,+0.00001,-0.00000) box_p=(+0.00000,+0.00000,+0.04999) ee_p=(-0.02260,-0.08025,+0.12848)
[EErel] along_push=+0.023m (neg=correct)  perp=0.080m  ee_to_box=0.083m  stage=3  obj=[0. 0.]  g_hat=[-1. -0.]
[proxy] err=0.265m  effective=[0.175 0.08  0.05 ]
[ADMM-C3+] primal: 6.1274->4.9359  dual: 109.8105->80.3188  mono=False  iters=25/25  rho=25.0
[ADMM-C3+] WARNING non-converged: pr=4.9359 dr=80.3188 tol=1e-03
[C3+] step=144 |u[0]|=41.54Nm u_axis=(-1.43,-30.00,-4.00,+27.23,+4.72,+6.55,-0.67)Nm λ_n_max=1.058 η_n_max=1.279 primal=4.936 iters=25/25 lcp_res_max=nan
[ADMIT-GUARD] step=49 admit_active=0 latch=0/0 ee_z=0.125 gate_cap=0
[ALT-GATE] step=49 target_stable=0/0 allow_descent=1
[GS-tgt] step=49 ee=(-0.023,-0.080,+0.125) p_repos=(-0.023,-0.080,+0.030) ee_to_target=0.095m target_label=prev_repos target_changed=N delta=0.000m
[GS] step=49 mode=free switch=kStayInRepos best_k=0 best_src=prev_repos curr_cost=136073.38 repos_cost=207269.07 best_other=207269.07 met_progress=Y steps_since_improve=47 switches=0
[STEP] step=49 mode=free t=0.490s ee=(-0.023,-0.080,+0.125) obj=(+0.000,+0.000,+0.050) goal_dist=0.300m switch=kStayInRepos target=(-0.023,-0.080,+0.084) ee_stride=0.040m ee_to_ptarget=0.095m landing_err=0.0541m ik_ok=Y ik_resid=0.0001m q_max_resid_deg=6.93 target_changed=Y retgt=N held_idx=1 held_cost=207269.07 won_cost=207269.07 margin=+0.00 won_src=prev_repos held_valid=Y reason=hold setpoint_to_ptarget=nanm finished_val=0.0945m finished_thresh=0.0200m pd_resid=nanm nextwp_to_ptarget=nanm guide_terminal_err=nanm
[GATE-EVOLVE] step=49 curr=136073.38 best_other=207269.07 ratio=0.6565 ee_to_optimal=0.1264m phi=0.0140m
[STAGE-A-TRACE] step=49 sim_t=0.490 mode=free phi=0.01398 box_xy=+0.00000,+0.00000 lam_n_ee_box=nan qy=+0.00001 qz=-0.00000 finished_repos=0
[DRAKE-CONTACT] step=49 n_pairs=1 ee_box_normal=0.000
[GATE-CONTACT] step=49 F_W=(+0.0000,+0.0000,+0.0000) F_on_box=(-0.0000,-0.0000,-0.0000) n_face_out=(-0.0000,-0.0000,-0.0000) A_is_ee=0 box_q=(+1.00000,-0.00001,+0.00001,-0.00000) box_p=(+0.00000,+0.00000,+0.04999) ee_p=(-0.02264,-0.08029,+0.12453)
[EErel] along_push=+0.023m (neg=correct)  perp=0.080m  ee_to_box=0.083m  stage=3  obj=[0. 0.]  g_hat=[-1. -0.]
[proxy] err=0.264m  effective=[0.175 0.08  0.05 ]
[ADMM-C3+] primal: 6.1274->4.9359  dual: 109.8105->80.3186  mono=False  iters=25/25  rho=25.0
[ADMM-C3+] WARNING non-converged: pr=4.9359 dr=80.3186 tol=1e-03
[C3+] step=147 |u[0]|=40.74Nm u_axis=(-1.73,-30.00,-2.57,+26.34,+4.35,+6.06,-0.68)Nm λ_n_max=1.058 η_n_max=1.279 primal=4.936 iters=25/25 lcp_res_max=nan
[ADMIT-GUARD] step=50 admit_active=0 latch=0/0 ee_z=0.121 gate_cap=0
[ALT-GATE] step=50 target_stable=0/0 allow_descent=1
[GS-tgt] step=50 ee=(-0.023,-0.080,+0.121) p_repos=(-0.023,-0.080,+0.030) ee_to_target=0.091m target_label=prev_repos target_changed=N delta=0.000m
[IMP] step=50 mode=free |x_err|=0.0405m |tau_imp|=0.98Nm |tau_ff|=0.00Nm |tau_out|=0.98Nm sat=False lam_n=False lam_t=False
[GS] step=50 mode=free switch=kStayInRepos best_k=0 best_src=prev_repos curr_cost=136161.27 repos_cost=207321.48 best_other=207321.48 met_progress=Y steps_since_improve=48 switches=0
[STEP] step=50 mode=free t=0.500s ee=(-0.023,-0.080,+0.121) obj=(+0.000,+0.000,+0.050) goal_dist=0.300m switch=kStayInRepos target=(-0.023,-0.080,+0.080) ee_stride=0.040m ee_to_ptarget=0.091m landing_err=0.0501m ik_ok=Y ik_resid=0.0001m q_max_resid_deg=6.89 target_changed=Y retgt=N held_idx=1 held_cost=207321.48 won_cost=207321.48 margin=+0.00 won_src=prev_repos held_valid=Y reason=hold setpoint_to_ptarget=nanm finished_val=0.0906m finished_thresh=0.0200m pd_resid=nanm nextwp_to_ptarget=nanm guide_terminal_err=nanm
[GATE-EVOLVE] step=50 curr=136161.27 best_other=207321.48 ratio=0.6568 ee_to_optimal=0.1265m phi=0.0116m
[STAGE-A-TRACE] step=50 sim_t=0.500 mode=free phi=0.01164 box_xy=+0.00000,+0.00000 lam_n_ee_box=nan qy=+0.00001 qz=-0.00000 finished_repos=0
[DRAKE-CONTACT] step=50 n_pairs=1 ee_box_normal=0.000
[GATE-CONTACT] step=50 F_W=(+0.0000,+0.0000,+0.0000) F_on_box=(-0.0000,-0.0000,-0.0000) n_face_out=(-0.0000,-0.0000,-0.0000) A_is_ee=0 box_q=(+1.00000,-0.00001,+0.00001,-0.00000) box_p=(+0.00000,+0.00000,+0.04999) ee_p=(-0.02267,-0.08032,+0.12057)
[EErel] along_push=+0.023m (neg=correct)  perp=0.080m  ee_to_box=0.083m  stage=3  obj=[0. 0.]  g_hat=[-1. -0.]
[proxy] err=0.264m  effective=[0.175 0.08  0.05 ]
[ADMM-C3+] primal: 6.1274->4.9359  dual: 109.8105->80.3184  mono=False  iters=25/25  rho=25.0
[ADMM-C3+] WARNING non-converged: pr=4.9359 dr=80.3184 tol=1e-03
[C3+] step=150 |u[0]|=41.43Nm u_axis=(-2.04,-30.00,-3.16,+27.10,+4.42,+6.92,-0.69)Nm λ_n_max=1.059 η_n_max=1.279 primal=4.936 iters=25/25 lcp_res_max=nan
[ADMIT-GUARD] step=51 admit_active=0 latch=0/0 ee_z=0.117 gate_cap=0
[ALT-GATE] step=51 target_stable=0/0 allow_descent=1
[GS-tgt] step=51 ee=(-0.023,-0.080,+0.117) p_repos=(-0.023,-0.080,+0.030) ee_to_target=0.087m target_label=prev_repos target_changed=N delta=0.000m
[GS] step=51 mode=free switch=kStayInRepos best_k=0 best_src=prev_repos curr_cost=136011.83 repos_cost=207364.01 best_other=207364.01 met_progress=Y steps_since_improve=49 switches=0
[STEP] step=51 mode=free t=0.510s ee=(-0.023,-0.080,+0.117) obj=(+0.000,+0.000,+0.050) goal_dist=0.300m switch=kStayInRepos target=(-0.023,-0.080,+0.076) ee_stride=0.041m ee_to_ptarget=0.087m landing_err=0.0461m ik_ok=Y ik_resid=0.0001m q_max_resid_deg=6.85 target_changed=Y retgt=N held_idx=1 held_cost=207364.01 won_cost=207364.01 margin=+0.00 won_src=prev_repos held_valid=Y reason=hold setpoint_to_ptarget=nanm finished_val=0.0866m finished_thresh=0.0200m pd_resid=nanm nextwp_to_ptarget=nanm guide_terminal_err=nanm
[GATE-EVOLVE] step=51 curr=136011.83 best_other=207364.01 ratio=0.6559 ee_to_optimal=0.1265m phi=0.0096m
[STAGE-A-TRACE] step=51 sim_t=0.510 mode=free phi=0.00959 box_xy=+0.00000,+0.00000 lam_n_ee_box=nan qy=+0.00001 qz=-0.00000 finished_repos=0
  t=0.50s | ee=(-0.023, -0.080, 0.117) | obj=(0.000, 0.000, 0.050) | |u|=1.03 Nm | goal_dist=0.300 m
[DRAKE-CONTACT] step=51 n_pairs=1 ee_box_normal=0.000
[GATE-CONTACT] step=51 F_W=(+0.0000,+0.0000,+0.0000) F_on_box=(-0.0000,-0.0000,-0.0000) n_face_out=(-0.0000,-0.0000,-0.0000) A_is_ee=0 box_q=(+1.00000,-0.00001,+0.00001,-0.00000) box_p=(+0.00000,+0.00000,+0.04999) ee_p=(-0.02270,-0.08034,+0.11660)
[EErel] along_push=+0.023m (neg=correct)  perp=0.080m  ee_to_box=0.084m  stage=3  obj=[0. 0.]  g_hat=[-1. -0.]
[proxy] err=0.263m  effective=[0.175 0.08  0.05 ]
[ADMM-C3+] primal: 6.1274->4.9359  dual: 109.8105->80.3188  mono=False  iters=25/25  rho=25.0
[ADMM-C3+] WARNING non-converged: pr=4.9359 dr=80.3188 tol=1e-03
[C3+] step=153 |u[0]|=42.04Nm u_axis=(-2.40,-30.00,-3.51,+27.75,+4.43,+7.69,-0.71)Nm λ_n_max=1.058 η_n_max=1.279 primal=4.936 iters=25/25 lcp_res_max=nan
[ADMIT-GUARD] step=52 admit_active=0 latch=0/0 ee_z=0.113 gate_cap=0
[ALT-GATE] step=52 target_stable=0/0 allow_descent=1
[GS-tgt] step=52 ee=(-0.023,-0.080,+0.113) p_repos=(-0.023,-0.080,+0.030) ee_to_target=0.083m target_label=prev_repos target_changed=N delta=0.000m
[GS] step=52 mode=free switch=kStayInRepos best_k=0 best_src=prev_repos curr_cost=135896.32 repos_cost=207400.02 best_other=207400.02 met_progress=Y steps_since_improve=50 switches=0
[STEP] step=52 mode=free t=0.520s ee=(-0.023,-0.080,+0.113) obj=(+0.000,+0.000,+0.050) goal_dist=0.300m switch=kStayInRepos target=(-0.023,-0.080,+0.072) ee_stride=0.041m ee_to_ptarget=0.083m landing_err=0.0421m ik_ok=Y ik_resid=0.0001m q_max_resid_deg=6.81 target_changed=Y retgt=N held_idx=1 held_cost=207400.02 won_cost=207400.02 margin=+0.00 won_src=prev_repos held_valid=Y reason=hold setpoint_to_ptarget=nanm finished_val=0.0826m finished_thresh=0.0200m pd_resid=nanm nextwp_to_ptarget=nanm guide_terminal_err=nanm
[GATE-EVOLVE] step=52 curr=135896.32 best_other=207400.02 ratio=0.6552 ee_to_optimal=0.1265m phi=0.0079m
[STAGE-A-TRACE] step=52 sim_t=0.520 mode=free phi=0.00788 box_xy=+0.00000,+0.00000 lam_n_ee_box=nan qy=+0.00001 qz=-0.00000 finished_repos=0
[DRAKE-CONTACT] step=52 n_pairs=1 ee_box_normal=0.000
[GATE-CONTACT] step=52 F_W=(+0.0000,+0.0000,+0.0000) F_on_box=(-0.0000,-0.0000,-0.0000) n_face_out=(-0.0000,-0.0000,-0.0000) A_is_ee=0 box_q=(+1.00000,-0.00001,+0.00001,-0.00000) box_p=(+0.00000,+0.00000,+0.04999) ee_p=(-0.02272,-0.08036,+0.11262)
[EErel] along_push=+0.023m (neg=correct)  perp=0.080m  ee_to_box=0.084m  stage=3  obj=[0. 0.]  g_hat=[-1. -0.]
[proxy] err=0.262m  effective=[0.175 0.08  0.05 ]
[ADMM-C3+] primal: 6.1274->4.9359  dual: 109.8105->80.3188  mono=False  iters=25/25  rho=25.0
[ADMM-C3+] WARNING non-converged: pr=4.9359 dr=80.3188 tol=1e-03
[C3+] step=156 |u[0]|=42.51Nm u_axis=(-2.81,-30.00,-3.64,+28.23,+4.40,+8.32,-0.72)Nm λ_n_max=1.058 η_n_max=1.279 primal=4.936 iters=25/25 lcp_res_max=nan
[ADMIT-GUARD] step=53 admit_active=0 latch=0/0 ee_z=0.109 gate_cap=0
[ALT-GATE] step=53 target_stable=0/0 allow_descent=1
[GS-tgt] step=53 ee=(-0.023,-0.080,+0.109) p_repos=(-0.023,-0.080,+0.030) ee_to_target=0.079m target_label=prev_repos target_changed=N delta=0.000m
[GS] step=53 mode=free switch=kStayInRepos best_k=0 best_src=prev_repos curr_cost=135815.37 repos_cost=207432.23 best_other=207432.23 met_progress=Y steps_since_improve=51 switches=0
[STEP] step=53 mode=free t=0.530s ee=(-0.023,-0.080,+0.109) obj=(+0.000,+0.000,+0.050) goal_dist=0.300m switch=kStayInRepos target=(-0.023,-0.080,+0.068) ee_stride=0.041m ee_to_ptarget=0.079m landing_err=0.0381m ik_ok=Y ik_resid=0.0001m q_max_resid_deg=6.77 target_changed=Y retgt=N held_idx=1 held_cost=207432.23 won_cost=207432.23 margin=+0.00 won_src=prev_repos held_valid=Y reason=hold setpoint_to_ptarget=nanm finished_val=0.0786m finished_thresh=0.0200m pd_resid=nanm nextwp_to_ptarget=nanm guide_terminal_err=nanm
[GATE-EVOLVE] step=53 curr=135815.37 best_other=207432.23 ratio=0.6547 ee_to_optimal=0.1265m phi=0.0066m
[STAGE-A-TRACE] step=53 sim_t=0.530 mode=free phi=0.00658 box_xy=+0.00000,+0.00000 lam_n_ee_box=nan qy=+0.00001 qz=-0.00000 finished_repos=0
[DRAKE-CONTACT] step=53 n_pairs=1 ee_box_normal=0.000
[GATE-CONTACT] step=53 F_W=(+0.0000,+0.0000,+0.0000) F_on_box=(-0.0000,-0.0000,-0.0000) n_face_out=(-0.0000,-0.0000,-0.0000) A_is_ee=0 box_q=(+1.00000,-0.00001,+0.00001,-0.00000) box_p=(+0.00000,+0.00000,+0.04999) ee_p=(-0.02274,-0.08037,+0.10864)
[EErel] along_push=+0.023m (neg=correct)  perp=0.080m  ee_to_box=0.084m  stage=3  obj=[0. 0.]  g_hat=[-1. -0.]
[proxy] err=0.261m  effective=[0.175 0.08  0.05 ]
[ADMM-C3+] primal: 6.1274->4.9359  dual: 109.8105->80.3188  mono=False  iters=25/25  rho=25.0
[ADMM-C3+] WARNING non-converged: pr=4.9359 dr=80.3188 tol=1e-03
[C3+] step=159 |u[0]|=42.63Nm u_axis=(-3.15,-30.00,-3.35,+28.34,+4.29,+8.63,-0.73)Nm λ_n_max=1.058 η_n_max=1.279 primal=4.936 iters=25/25 lcp_res_max=nan
[ADMIT-GUARD] step=54 admit_active=0 latch=0/0 ee_z=0.105 gate_cap=0
[ALT-GATE] step=54 target_stable=0/0 allow_descent=1
[GS-tgt] step=54 ee=(-0.023,-0.080,+0.105) p_repos=(-0.023,-0.080,+0.030) ee_to_target=0.075m target_label=prev_repos target_changed=N delta=0.000m
[GS] step=54 mode=free switch=kStayInRepos best_k=0 best_src=prev_repos curr_cost=135784.63 repos_cost=207462.86 best_other=207462.86 met_progress=Y steps_since_improve=52 switches=0
[STEP] step=54 mode=free t=0.540s ee=(-0.023,-0.080,+0.105) obj=(+0.000,+0.000,+0.050) goal_dist=0.300m switch=kStayInRepos target=(-0.023,-0.080,+0.064) ee_stride=0.041m ee_to_ptarget=0.075m landing_err=0.0341m ik_ok=Y ik_resid=0.0001m q_max_resid_deg=6.73 target_changed=Y retgt=N held_idx=1 held_cost=207462.86 won_cost=207462.86 margin=+0.00 won_src=prev_repos held_valid=Y reason=hold setpoint_to_ptarget=nanm finished_val=0.0747m finished_thresh=0.0200m pd_resid=nanm nextwp_to_ptarget=nanm guide_terminal_err=nanm
[GATE-EVOLVE] step=54 curr=135784.63 best_other=207462.86 ratio=0.6545 ee_to_optimal=0.1266m phi=0.0057m
[STAGE-A-TRACE] step=54 sim_t=0.540 mode=free phi=0.00574 box_xy=+0.00000,+0.00000 lam_n_ee_box=nan qy=+0.00001 qz=-0.00000 finished_repos=0
[DRAKE-CONTACT] step=54 n_pairs=1 ee_box_normal=0.000
[GATE-CONTACT] step=54 F_W=(+0.0000,+0.0000,+0.0000) F_on_box=(-0.0000,-0.0000,-0.0000) n_face_out=(-0.0000,-0.0000,-0.0000) A_is_ee=0 box_q=(+1.00000,-0.00001,+0.00001,-0.00000) box_p=(+0.00000,+0.00000,+0.04999) ee_p=(-0.02276,-0.08038,+0.10466)
[EErel] along_push=+0.023m (neg=correct)  perp=0.080m  ee_to_box=0.084m  stage=3  obj=[0. 0.]  g_hat=[-1. -0.]
[proxy] err=0.260m  effective=[0.175 0.08  0.05 ]
[ADMM-C3+] primal: 6.1274->4.9359  dual: 109.8105->80.3187  mono=False  iters=25/25  rho=25.0
[ADMM-C3+] WARNING non-converged: pr=4.9359 dr=80.3187 tol=1e-03
[C3+] step=162 |u[0]|=42.63Nm u_axis=(-3.47,-30.00,-2.88,+28.33,+4.15,+8.75,-0.74)Nm λ_n_max=1.058 η_n_max=1.279 primal=4.936 iters=25/25 lcp_res_max=nan
[ADMIT-GUARD] step=55 admit_active=0 latch=0/0 ee_z=0.101 gate_cap=0
[ALT-GATE] step=55 target_stable=0/0 allow_descent=1
[GS-tgt] step=55 ee=(-0.023,-0.080,+0.101) p_repos=(-0.023,-0.080,+0.030) ee_to_target=0.071m target_label=prev_repos target_changed=N delta=0.000m
[GS] step=55 mode=free switch=kStayInRepos best_k=0 best_src=prev_repos curr_cost=135777.16 repos_cost=207493.71 best_other=207493.71 met_progress=Y steps_since_improve=53 switches=0
[STEP] step=55 mode=free t=0.550s ee=(-0.023,-0.080,+0.101) obj=(+0.000,+0.000,+0.050) goal_dist=0.300m switch=kStayInRepos target=(-0.023,-0.080,+0.060) ee_stride=0.041m ee_to_ptarget=0.071m landing_err=0.0301m ik_ok=Y ik_resid=0.0001m q_max_resid_deg=6.69 target_changed=Y retgt=N held_idx=1 held_cost=207493.71 won_cost=207493.71 margin=+0.00 won_src=prev_repos held_valid=Y reason=hold setpoint_to_ptarget=nanm finished_val=0.0707m finished_thresh=0.0200m pd_resid=nanm nextwp_to_ptarget=nanm guide_terminal_err=nanm
[GATE-EVOLVE] step=55 curr=135777.16 best_other=207493.71 ratio=0.6544 ee_to_optimal=0.1266m phi=0.0054m
[STAGE-A-TRACE] step=55 sim_t=0.550 mode=free phi=0.00539 box_xy=+0.00000,+0.00000 lam_n_ee_box=nan qy=+0.00001 qz=-0.00000 finished_repos=0
[DRAKE-CONTACT] step=55 n_pairs=1 ee_box_normal=0.000
[GATE-CONTACT] step=55 F_W=(+0.0000,+0.0000,+0.0000) F_on_box=(-0.0000,-0.0000,-0.0000) n_face_out=(-0.0000,-0.0000,-0.0000) A_is_ee=0 box_q=(+1.00000,-0.00001,+0.00001,-0.00000) box_p=(+0.00000,+0.00000,+0.04999) ee_p=(-0.02278,-0.08038,+0.10067)
[EErel] along_push=+0.023m (neg=correct)  perp=0.080m  ee_to_box=0.084m  stage=3  obj=[0. 0.]  g_hat=[-1. -0.]
[proxy] err=0.259m  effective=[0.175 0.08  0.05 ]
[ADMM-C3+] primal: 6.1274->4.9359  dual: 109.8105->80.3187  mono=False  iters=25/25  rho=25.0
[ADMM-C3+] WARNING non-converged: pr=4.9359 dr=80.3187 tol=1e-03
[C3+] step=165 |u[0]|=43.06Nm u_axis=(-3.95,-30.00,-2.91,+28.73,+4.12,+9.32,-0.75)Nm λ_n_max=1.058 η_n_max=1.279 primal=4.936 iters=25/25 lcp_res_max=nan
[ADMIT-GUARD] step=56 admit_active=0 latch=0/0 ee_z=0.097 gate_cap=0
[ALT-GATE] step=56 target_stable=0/0 allow_descent=1
[GS-tgt] step=56 ee=(-0.023,-0.080,+0.097) p_repos=(-0.023,-0.080,+0.030) ee_to_target=0.067m target_label=prev_repos target_changed=N delta=0.000m
[GS] step=56 mode=free switch=kStayInRepos best_k=0 best_src=prev_repos curr_cost=135723.50 repos_cost=207526.15 best_other=207526.15 met_progress=Y steps_since_improve=54 switches=0
[STEP] step=56 mode=free t=0.560s ee=(-0.023,-0.080,+0.097) obj=(+0.000,+0.000,+0.050) goal_dist=0.300m switch=kStayInRepos target=(-0.023,-0.080,+0.056) ee_stride=0.041m ee_to_ptarget=0.067m landing_err=0.0261m ik_ok=Y ik_resid=0.0001m q_max_resid_deg=6.66 target_changed=Y retgt=N held_idx=1 held_cost=207526.15 won_cost=207526.15 margin=+0.00 won_src=prev_repos held_valid=Y reason=hold setpoint_to_ptarget=nanm finished_val=0.0667m finished_thresh=0.0200m pd_resid=nanm nextwp_to_ptarget=nanm guide_terminal_err=nanm
[GATE-EVOLVE] step=56 curr=135723.50 best_other=207526.15 ratio=0.6540 ee_to_optimal=0.1266m phi=0.0054m
[STAGE-A-TRACE] step=56 sim_t=0.560 mode=free phi=0.00539 box_xy=+0.00000,+0.00000 lam_n_ee_box=nan qy=+0.00001 qz=-0.00000 finished_repos=0
[DRAKE-CONTACT] step=56 n_pairs=1 ee_box_normal=0.000
[GATE-CONTACT] step=56 F_W=(+0.0000,+0.0000,+0.0000) F_on_box=(-0.0000,-0.0000,-0.0000) n_face_out=(-0.0000,-0.0000,-0.0000) A_is_ee=0 box_q=(+1.00000,-0.00001,+0.00001,-0.00000) box_p=(+0.00000,+0.00000,+0.04999) ee_p=(-0.02279,-0.08039,+0.09668)
[EErel] along_push=+0.023m (neg=correct)  perp=0.080m  ee_to_box=0.084m  stage=3  obj=[0. 0.]  g_hat=[-1. -0.]
[proxy] err=0.259m  effective=[0.175 0.08  0.05 ]
[ADMM-C3+] primal: 6.1274->4.9359  dual: 109.8105->80.3188  mono=False  iters=25/25  rho=25.0
[ADMM-C3+] WARNING non-converged: pr=4.9359 dr=80.3188 tol=1e-03
[C3+] step=168 |u[0]|=43.06Nm u_axis=(-4.28,-30.00,-2.47,+28.72,+4.01,+9.40,-0.76)Nm λ_n_max=1.058 η_n_max=1.279 primal=4.936 iters=25/25 lcp_res_max=nan
[ADMIT-GUARD] step=57 admit_active=0 latch=0/0 ee_z=0.093 gate_cap=0
[ALT-GATE] step=57 target_stable=0/0 allow_descent=1
[GS-tgt] step=57 ee=(-0.023,-0.080,+0.093) p_repos=(-0.023,-0.080,+0.030) ee_to_target=0.063m target_label=prev_repos target_changed=N delta=0.000m
[GS] step=57 mode=free switch=kStayInRepos best_k=0 best_src=prev_repos curr_cost=135727.06 repos_cost=207561.26 best_other=207561.26 met_progress=Y steps_since_improve=55 switches=0
[STEP] step=57 mode=free t=0.570s ee=(-0.023,-0.080,+0.093) obj=(+0.000,+0.000,+0.050) goal_dist=0.300m switch=kStayInRepos target=(-0.023,-0.080,+0.052) ee_stride=0.041m ee_to_ptarget=0.063m landing_err=0.0221m ik_ok=Y ik_resid=0.0001m q_max_resid_deg=6.62 target_changed=Y retgt=N held_idx=1 held_cost=207561.26 won_cost=207561.26 margin=+0.00 won_src=prev_repos held_valid=Y reason=hold setpoint_to_ptarget=nanm finished_val=0.0627m finished_thresh=0.0200m pd_resid=nanm nextwp_to_ptarget=nanm guide_terminal_err=nanm
[GATE-EVOLVE] step=57 curr=135727.06 best_other=207561.26 ratio=0.6539 ee_to_optimal=0.1266m phi=0.0054m
[STAGE-A-TRACE] step=57 sim_t=0.570 mode=free phi=0.00539 box_xy=+0.00000,+0.00000 lam_n_ee_box=nan qy=+0.00001 qz=-0.00000 finished_repos=0
[DRAKE-CONTACT] step=57 n_pairs=1 ee_box_normal=0.000
[GATE-CONTACT] step=57 F_W=(+0.0000,+0.0000,+0.0000) F_on_box=(-0.0000,-0.0000,-0.0000) n_face_out=(-0.0000,-0.0000,-0.0000) A_is_ee=0 box_q=(+1.00000,-0.00001,+0.00001,-0.00000) box_p=(+0.00000,+0.00000,+0.04999) ee_p=(-0.02280,-0.08039,+0.09269)
[EErel] along_push=+0.023m (neg=correct)  perp=0.080m  ee_to_box=0.084m  stage=3  obj=[0. 0.]  g_hat=[-1. -0.]
[proxy] err=0.258m  effective=[0.175 0.08  0.05 ]
[ADMM-C3+] primal: 6.1274->4.9359  dual: 109.8105->80.3187  mono=False  iters=25/25  rho=25.0
[ADMM-C3+] WARNING non-converged: pr=4.9359 dr=80.3187 tol=1e-03
[C3+] step=171 |u[0]|=43.41Nm u_axis=(-4.75,-30.00,-2.36,+29.03,+3.97,+9.86,-0.78)Nm λ_n_max=1.058 η_n_max=1.279 primal=4.936 iters=25/25 lcp_res_max=nan
[ADMIT-GUARD] step=58 admit_active=0 latch=0/0 ee_z=0.089 gate_cap=0
[ALT-GATE] step=58 target_stable=0/0 allow_descent=1
[GS-tgt] step=58 ee=(-0.023,-0.080,+0.089) p_repos=(-0.023,-0.080,+0.030) ee_to_target=0.059m target_label=prev_repos target_changed=N delta=0.000m
[GS] step=58 mode=free switch=kStayInRepos best_k=0 best_src=prev_repos curr_cost=135698.39 repos_cost=207599.85 best_other=207599.85 met_progress=Y steps_since_improve=56 switches=0
[STEP] step=58 mode=free t=0.580s ee=(-0.023,-0.080,+0.089) obj=(+0.000,+0.000,+0.050) goal_dist=0.300m switch=kStayInRepos target=(-0.023,-0.080,+0.048) ee_stride=0.041m ee_to_ptarget=0.059m landing_err=0.0181m ik_ok=Y ik_resid=0.0001m q_max_resid_deg=6.59 target_changed=Y retgt=N held_idx=1 held_cost=207599.85 won_cost=207599.85 margin=+0.00 won_src=prev_repos held_valid=Y reason=hold setpoint_to_ptarget=nanm finished_val=0.0587m finished_thresh=0.0200m pd_resid=nanm nextwp_to_ptarget=nanm guide_terminal_err=nanm
[GATE-EVOLVE] step=58 curr=135698.39 best_other=207599.85 ratio=0.6537 ee_to_optimal=0.1266m phi=0.0054m
[STAGE-A-TRACE] step=58 sim_t=0.580 mode=free phi=0.00539 box_xy=+0.00000,+0.00000 lam_n_ee_box=nan qy=+0.00001 qz=-0.00000 finished_repos=0
[DRAKE-CONTACT] step=58 n_pairs=1 ee_box_normal=0.000
[GATE-CONTACT] step=58 F_W=(+0.0000,+0.0000,+0.0000) F_on_box=(-0.0000,-0.0000,-0.0000) n_face_out=(-0.0000,-0.0000,-0.0000) A_is_ee=0 box_q=(+1.00000,-0.00001,+0.00001,-0.00000) box_p=(+0.00000,+0.00000,+0.04999) ee_p=(-0.02281,-0.08039,+0.08870)
[EErel] along_push=+0.023m (neg=correct)  perp=0.080m  ee_to_box=0.084m  stage=3  obj=[0. 0.]  g_hat=[-1. -0.]
[proxy] err=0.258m  effective=[0.175 0.08  0.05 ]
[ADMM-C3+] primal: 6.1274->4.9359  dual: 109.8105->80.3184  mono=False  iters=25/25  rho=25.0
[ADMM-C3+] WARNING non-converged: pr=4.9359 dr=80.3184 tol=1e-03
[C3+] step=174 |u[0]|=43.00Nm u_axis=(-4.89,-30.00,-1.61,+28.59,+3.83,+9.47,-0.79)Nm λ_n_max=1.059 η_n_max=1.279 primal=4.936 iters=25/25 lcp_res_max=nan
[ADMIT-GUARD] step=59 admit_active=0 latch=0/0 ee_z=0.085 gate_cap=0
[ALT-GATE] step=59 target_stable=0/0 allow_descent=1
[GS-tgt] step=59 ee=(-0.023,-0.080,+0.085) p_repos=(-0.023,-0.080,+0.030) ee_to_target=0.055m target_label=prev_repos target_changed=N delta=0.000m
[GS] step=59 mode=free switch=kStayInRepos best_k=0 best_src=prev_repos curr_cost=135760.37 repos_cost=207642.51 best_other=207642.51 met_progress=Y steps_since_improve=57 switches=0
[STEP] step=59 mode=free t=0.590s ee=(-0.023,-0.080,+0.085) obj=(+0.000,+0.000,+0.050) goal_dist=0.300m switch=kStayInRepos target=(-0.023,-0.080,+0.044) ee_stride=0.041m ee_to_ptarget=0.055m landing_err=0.0141m ik_ok=Y ik_resid=0.0001m q_max_resid_deg=6.55 target_changed=Y retgt=N held_idx=1 held_cost=207642.51 won_cost=207642.51 margin=+0.00 won_src=prev_repos held_valid=Y reason=hold setpoint_to_ptarget=nanm finished_val=0.0547m finished_thresh=0.0200m pd_resid=nanm nextwp_to_ptarget=nanm guide_terminal_err=nanm
[GATE-EVOLVE] step=59 curr=135760.37 best_other=207642.51 ratio=0.6538 ee_to_optimal=0.1266m phi=0.0054m
[STAGE-A-TRACE] step=59 sim_t=0.590 mode=free phi=0.00540 box_xy=+0.00000,+0.00000 lam_n_ee_box=nan qy=+0.00001 qz=+0.00000 finished_repos=0
[DRAKE-CONTACT] step=59 n_pairs=1 ee_box_normal=0.000
[GATE-CONTACT] step=59 F_W=(+0.0000,+0.0000,+0.0000) F_on_box=(-0.0000,-0.0000,-0.0000) n_face_out=(-0.0000,-0.0000,-0.0000) A_is_ee=0 box_q=(+1.00000,-0.00001,+0.00001,+0.00000) box_p=(+0.00000,+0.00000,+0.04999) ee_p=(-0.02282,-0.08039,+0.08471)
[EErel] along_push=+0.023m (neg=correct)  perp=0.080m  ee_to_box=0.084m  stage=3  obj=[0. 0.]  g_hat=[-1. -0.]
[proxy] err=0.257m  effective=[0.175 0.08  0.05 ]
[ADMM-C3+] primal: 6.1274->4.9359  dual: 109.8105->80.3186  mono=False  iters=25/25  rho=25.0
[ADMM-C3+] WARNING non-converged: pr=4.9359 dr=80.3186 tol=1e-03
[C3+] step=177 |u[0]|=43.46Nm u_axis=(-5.40,-30.00,-1.52,+29.07,+3.82,+9.84,-0.80)Nm λ_n_max=1.058 η_n_max=1.279 primal=4.936 iters=25/25 lcp_res_max=nan
[ADMIT-GUARD] step=60 admit_active=0 latch=0/0 ee_z=0.081 gate_cap=0
[ALT-GATE] step=60 target_stable=0/0 allow_descent=1
[GS-tgt] step=60 ee=(-0.023,-0.080,+0.081) p_repos=(-0.023,-0.080,+0.030) ee_to_target=0.051m target_label=prev_repos target_changed=N delta=0.000m
[IMP] step=60 mode=free |x_err|=0.0406m |tau_imp|=0.95Nm |tau_ff|=0.00Nm |tau_out|=0.95Nm sat=False lam_n=False lam_t=False
[GS] step=60 mode=free switch=kStayInRepos best_k=0 best_src=prev_repos curr_cost=135745.37 repos_cost=207689.65 best_other=207689.65 met_progress=Y steps_since_improve=58 switches=0
[STEP] step=60 mode=free t=0.600s ee=(-0.023,-0.080,+0.081) obj=(+0.000,+0.000,+0.050) goal_dist=0.300m switch=kStayInRepos target=(-0.023,-0.080,+0.040) ee_stride=0.041m ee_to_ptarget=0.051m landing_err=0.0101m ik_ok=Y ik_resid=0.0001m q_max_resid_deg=6.52 target_changed=Y retgt=N held_idx=1 held_cost=207689.65 won_cost=207689.65 margin=+0.00 won_src=prev_repos held_valid=Y reason=hold setpoint_to_ptarget=nanm finished_val=0.0507m finished_thresh=0.0200m pd_resid=nanm nextwp_to_ptarget=nanm guide_terminal_err=nanm
[GATE-EVOLVE] step=60 curr=135745.37 best_other=207689.65 ratio=0.6536 ee_to_optimal=0.1266m phi=0.0054m
[STAGE-A-TRACE] step=60 sim_t=0.600 mode=free phi=0.00540 box_xy=+0.00000,+0.00000 lam_n_ee_box=nan qy=+0.00001 qz=+0.00000 finished_repos=0
[GS-table] step=60
  k=0 (current   ) pos=(-0.023,-0.080,+0.081) c_C3= 135745.37 align=0.0000(bonus=    0.00) rot=+0.0000(bonus=    0.00) travel=0.000m(pen=  0.00) c_sample= 135745.37 feas=Y ik_err=0.0000m  ← WIN
  k=1 (prev_repos) pos=(-0.023,-0.080,+0.030) c_C3= 207679.51 align=0.0000(bonus=    0.00) rot=+0.0000(bonus=    0.00) travel=0.051m(pen= 10.14) c_sample= 207689.65 feas=Y ik_err=0.0001m
  k=2 (strat_0   ) pos=(+0.046,+0.080,+0.030) c_C3= 259433.09 align=0.0000(bonus=    0.15) rot=+0.0000(bonus=    0.00) travel=0.182m(pen= 36.35) c_sample= 259469.28 feas=Y ik_err=0.0003m
[DRAKE-CONTACT] step=60 n_pairs=1 ee_box_normal=0.000
[GATE-CONTACT] step=60 F_W=(+0.0000,+0.0000,+0.0000) F_on_box=(-0.0000,-0.0000,-0.0000) n_face_out=(-0.0000,-0.0000,-0.0000) A_is_ee=0 box_q=(+1.00000,-0.00001,+0.00001,+0.00000) box_p=(+0.00000,+0.00000,+0.04999) ee_p=(-0.02283,-0.08040,+0.08072)
[PERSIST] step=61 refresh n_strategy=1 samples=[(0.08, 0.0, 0.03)]
[EErel] along_push=+0.023m (neg=correct)  perp=0.080m  ee_to_box=0.084m  stage=3  obj=[0. 0.]  g_hat=[-1. -0.]
[proxy] err=0.257m  effective=[0.175 0.08  0.05 ]
[ADMM-C3+] primal: 6.1274->4.9359  dual: 109.8105->80.3187  mono=False  iters=25/25  rho=25.0
[ADMM-C3+] WARNING non-converged: pr=4.9359 dr=80.3187 tol=1e-03
[C3+] step=180 |u[0]|=43.68Nm u_axis=(-5.82,-30.00,-1.30,+29.26,+3.80,+10.06,-0.82)Nm λ_n_max=1.058 η_n_max=1.279 primal=4.936 iters=25/25 lcp_res_max=nan
[ADMIT-GUARD] step=61 admit_active=0 latch=0/0 ee_z=0.077 gate_cap=0
[ALT-GATE] step=61 target_stable=0/0 allow_descent=1
[GS-tgt] step=61 ee=(-0.023,-0.080,+0.077) p_repos=(+0.080,+0.000,+0.030) ee_to_target=0.139m target_label=strat_0 target_changed=Y delta=0.130m
[GS] step=61 mode=free switch=kStayInRepos best_k=0 best_src=strat_0 curr_cost=135755.91 repos_cost=199019.98 best_other=199019.98 met_progress=Y steps_since_improve=59 switches=0
[STEP] step=61 mode=free t=0.610s ee=(-0.023,-0.080,+0.077) obj=(+0.000,+0.000,+0.050) goal_dist=0.300m switch=kStayInRepos target=(-0.023,-0.080,+0.081) ee_stride=0.004m ee_to_ptarget=0.139m landing_err=0.1400m ik_ok=Y ik_resid=0.0002m q_max_resid_deg=0.62 target_changed=Y retgt=Y held_idx=1 held_cost=207741.53 won_cost=199019.98 margin=+8721.55 won_src=strat_0 held_valid=Y reason=new_sample_better setpoint_to_ptarget=nanm finished_val=0.1386m finished_thresh=0.0200m pd_resid=nanm nextwp_to_ptarget=nanm guide_terminal_err=nanm
[GATE-EVOLVE] step=61 curr=135755.91 best_other=199019.98 ratio=0.6821 ee_to_optimal=0.1266m phi=0.0054m
[STAGE-A-TRACE] step=61 sim_t=0.610 mode=free phi=0.00540 box_xy=+0.00000,+0.00000 lam_n_ee_box=nan qy=+0.00001 qz=+0.00000 finished_repos=0
[DRAKE-CONTACT] step=61 n_pairs=1 ee_box_normal=0.000
[GATE-CONTACT] step=61 F_W=(+0.0000,+0.0000,+0.0000) F_on_box=(-0.0000,-0.0000,-0.0000) n_face_out=(-0.0000,-0.0000,-0.0000) A_is_ee=0 box_q=(+1.00000,-0.00001,+0.00001,+0.00000) box_p=(+0.00000,+0.00000,+0.04999) ee_p=(-0.02284,-0.08040,+0.07673)
[EErel] along_push=+0.023m (neg=correct)  perp=0.080m  ee_to_box=0.084m  stage=3  obj=[0. 0.]  g_hat=[-1. -0.]
[proxy] err=0.256m  effective=[0.175 0.08  0.05 ]
[ADMM-C3+] primal: 6.1274->4.9359  dual: 109.8105->80.3187  mono=False  iters=25/25  rho=25.0
[ADMM-C3+] WARNING non-converged: pr=4.9359 dr=80.3187 tol=1e-03
[C3+] step=183 |u[0]|=42.83Nm u_axis=(-2.78,-30.00,-3.46,+27.76,+2.84,+11.63,-0.71)Nm λ_n_max=1.058 η_n_max=1.279 primal=4.936 iters=25/25 lcp_res_max=nan
[ADMIT-GUARD] step=62 admit_active=0 latch=0/0 ee_z=0.074 gate_cap=0
[ALT-GATE] step=62 target_stable=0/0 allow_descent=1
[GS-tgt] step=62 ee=(-0.023,-0.080,+0.074) p_repos=(+0.080,+0.000,+0.030) ee_to_target=0.138m target_label=prev_repos target_changed=N delta=0.000m
[GS] step=62 mode=free switch=kStayInRepos best_k=0 best_src=prev_repos curr_cost=135648.81 repos_cost=193212.25 best_other=193212.25 met_progress=N steps_since_improve=60 switches=0
[STEP] step=62 mode=free t=0.620s ee=(-0.023,-0.080,+0.074) obj=(+0.000,+0.000,+0.050) goal_dist=0.300m switch=kStayInRepos target=(-0.023,-0.080,+0.085) ee_stride=0.011m ee_to_ptarget=0.138m landing_err=0.1415m ik_ok=Y ik_resid=0.0006m q_max_resid_deg=1.75 target_changed=Y retgt=N held_idx=1 held_cost=193212.25 won_cost=193212.25 margin=+0.00 won_src=prev_repos held_valid=Y reason=hold setpoint_to_ptarget=nanm finished_val=0.1376m finished_thresh=0.0200m pd_resid=nanm nextwp_to_ptarget=nanm guide_terminal_err=nanm
[GATE-EVOLVE] step=62 curr=135648.81 best_other=193212.25 ratio=0.7021 ee_to_optimal=0.1267m phi=0.0053m
[STAGE-A-TRACE] step=62 sim_t=0.620 mode=free phi=0.00531 box_xy=+0.00000,+0.00000 lam_n_ee_box=nan qy=+0.00001 qz=+0.00000 finished_repos=0
[DRAKE-CONTACT] step=62 n_pairs=1 ee_box_normal=0.000
[GATE-CONTACT] step=62 F_W=(+0.0000,+0.0000,+0.0000) F_on_box=(-0.0000,-0.0000,-0.0000) n_face_out=(-0.0000,-0.0000,-0.0000) A_is_ee=0 box_q=(+1.00000,-0.00001,+0.00001,+0.00000) box_p=(+0.00000,+0.00000,+0.04999) ee_p=(-0.02294,-0.08031,+0.07355)
[EErel] along_push=+0.023m (neg=correct)  perp=0.080m  ee_to_box=0.083m  stage=3  obj=[0. 0.]  g_hat=[-1. -0.]
[proxy] err=0.256m  effective=[0.175 0.08  0.05 ]
[ADMM-C3+] primal: 6.1274->4.9359  dual: 109.8105->80.3187  mono=False  iters=25/25  rho=25.0
[ADMM-C3+] WARNING non-converged: pr=4.9359 dr=80.3187 tol=1e-03
[C3+] step=186 |u[0]|=40.85Nm u_axis=(-0.40,-30.00,-3.13,+25.51,+2.08,+10.16,-0.63)Nm λ_n_max=1.058 η_n_max=1.279 primal=4.936 iters=25/25 lcp_res_max=nan
[ADMIT-GUARD] step=63 admit_active=0 latch=0/0 ee_z=0.072 gate_cap=0
[ALT-GATE] step=63 target_stable=0/0 allow_descent=1
[GS-tgt] step=63 ee=(-0.023,-0.080,+0.072) p_repos=(+0.080,+0.000,+0.030) ee_to_target=0.137m target_label=prev_repos target_changed=N delta=0.000m
[GS] step=63 mode=free switch=kStayInRepos best_k=0 best_src=prev_repos curr_cost=135806.02 repos_cost=185820.10 best_other=185820.10 met_progress=N steps_since_improve=61 switches=0
[STEP] step=63 mode=free t=0.630s ee=(-0.023,-0.080,+0.072) obj=(+0.000,+0.000,+0.050) goal_dist=0.300m switch=kStayInRepos target=(-0.023,-0.080,+0.089) ee_stride=0.017m ee_to_ptarget=0.137m landing_err=0.1431m ik_ok=Y ik_resid=0.0000m q_max_resid_deg=2.83 target_changed=Y retgt=N held_idx=1 held_cost=185820.10 won_cost=185820.10 margin=+0.00 won_src=prev_repos held_valid=Y reason=hold setpoint_to_ptarget=nanm finished_val=0.1371m finished_thresh=0.0200m pd_resid=nanm nextwp_to_ptarget=nanm guide_terminal_err=nanm
[GATE-EVOLVE] step=63 curr=135806.02 best_other=185820.10 ratio=0.7308 ee_to_optimal=0.1267m phi=0.0051m
[STAGE-A-TRACE] step=63 sim_t=0.630 mode=free phi=0.00512 box_xy=+0.00000,+0.00000 lam_n_ee_box=nan qy=+0.00001 qz=+0.00000 finished_repos=0
[DRAKE-CONTACT] step=63 n_pairs=1 ee_box_normal=0.000
[GATE-CONTACT] step=63 F_W=(+0.0000,+0.0000,+0.0000) F_on_box=(-0.0000,-0.0000,-0.0000) n_face_out=(-0.0000,-0.0000,-0.0000) A_is_ee=0 box_q=(+1.00000,-0.00001,+0.00001,+0.00000) box_p=(+0.00000,+0.00000,+0.04999) ee_p=(-0.02310,-0.08012,+0.07177)
[EErel] along_push=+0.023m (neg=correct)  perp=0.080m  ee_to_box=0.083m  stage=3  obj=[0. 0.]  g_hat=[-1. -0.]
[proxy] err=0.255m  effective=[0.175 0.08  0.05 ]
[ADMM-C3+] primal: 6.1274->4.9359  dual: 109.8105->80.3183  mono=False  iters=25/25  rho=25.0
[ADMM-C3+] WARNING non-converged: pr=4.9359 dr=80.3183 tol=1e-03
[C3+] step=189 |u[0]|=41.91Nm u_axis=(+0.98,-29.94,-5.15,+26.51,+2.16,+11.16,-0.61)Nm λ_n_max=1.059 η_n_max=1.279 primal=4.936 iters=25/25 lcp_res_max=nan
[ADMIT-GUARD] step=64 admit_active=0 latch=0/0 ee_z=0.071 gate_cap=0
[ALT-GATE] step=64 target_stable=0/0 allow_descent=1
[GS-tgt] step=64 ee=(-0.023,-0.080,+0.071) p_repos=(+0.080,+0.000,+0.030) ee_to_target=0.137m target_label=prev_repos target_changed=N delta=0.000m
[GS] step=64 mode=free switch=kStayInRepos best_k=0 best_src=prev_repos curr_cost=135665.13 repos_cost=180029.39 best_other=180029.39 met_progress=N steps_since_improve=62 switches=0
[STEP] step=64 mode=free t=0.640s ee=(-0.023,-0.080,+0.071) obj=(+0.000,+0.000,+0.050) goal_dist=0.300m switch=kStayInRepos target=(-0.023,-0.080,+0.093) ee_stride=0.022m ee_to_ptarget=0.137m landing_err=0.1448m ik_ok=Y ik_resid=0.0001m q_max_resid_deg=3.63 target_changed=Y retgt=N held_idx=1 held_cost=180029.39 won_cost=180029.39 margin=+0.00 won_src=prev_repos held_valid=Y reason=hold setpoint_to_ptarget=nanm finished_val=0.1369m finished_thresh=0.0200m pd_resid=nanm nextwp_to_ptarget=nanm guide_terminal_err=nanm
[GATE-EVOLVE] step=64 curr=135665.13 best_other=180029.39 ratio=0.7536 ee_to_optimal=0.1266m phi=0.0049m
[STAGE-A-TRACE] step=64 sim_t=0.640 mode=free phi=0.00490 box_xy=+0.00000,+0.00000 lam_n_ee_box=nan qy=+0.00001 qz=-0.00000 finished_repos=0
[DRAKE-CONTACT] step=64 n_pairs=1 ee_box_normal=0.000
[GATE-CONTACT] step=64 F_W=(+0.0000,+0.0000,+0.0000) F_on_box=(-0.0000,-0.0000,-0.0000) n_face_out=(-0.0000,-0.0000,-0.0000) A_is_ee=0 box_q=(+1.00000,-0.00001,+0.00001,-0.00000) box_p=(+0.00000,+0.00000,+0.04999) ee_p=(-0.02322,-0.07990,+0.07115)
[EErel] along_push=+0.023m (neg=correct)  perp=0.080m  ee_to_box=0.083m  stage=3  obj=[0. 0.]  g_hat=[-1. -0.]
[proxy] err=0.255m  effective=[0.175 0.08  0.05 ]
[ADMM-C3+] primal: 6.1274->4.9359  dual: 109.8105->80.3187  mono=False  iters=25/25  rho=25.0
[ADMM-C3+] WARNING non-converged: pr=4.9359 dr=80.3187 tol=1e-03
[C3+] step=192 |u[0]|=42.07Nm u_axis=(+2.15,-28.92,-6.62,+27.42,+2.29,+11.29,-0.60)Nm λ_n_max=1.058 η_n_max=1.279 primal=4.936 iters=25/25 lcp_res_max=nan
[ADMIT-GUARD] step=65 admit_active=0 latch=0/0 ee_z=0.071 gate_cap=0
[ALT-GATE] step=65 target_stable=0/0 allow_descent=1
[GS-tgt] step=65 ee=(-0.023,-0.080,+0.071) p_repos=(+0.080,+0.000,+0.030) ee_to_target=0.137m target_label=prev_repos target_changed=N delta=0.000m
[GS] step=65 mode=free switch=kStayInRepos best_k=0 best_src=prev_repos curr_cost=135603.71 repos_cost=175578.83 best_other=175578.83 met_progress=N steps_since_improve=63 switches=0
[STEP] step=65 mode=free t=0.650s ee=(-0.023,-0.080,+0.071) obj=(+0.000,+0.000,+0.050) goal_dist=0.300m switch=kStayInRepos target=(-0.023,-0.080,+0.097) ee_stride=0.025m ee_to_ptarget=0.137m landing_err=0.1466m ik_ok=Y ik_resid=0.0001m q_max_resid_deg=4.28 target_changed=Y retgt=N held_idx=1 held_cost=175578.83 won_cost=175578.83 margin=+0.00 won_src=prev_repos held_valid=Y reason=hold setpoint_to_ptarget=nanm finished_val=0.1369m finished_thresh=0.0200m pd_resid=nanm nextwp_to_ptarget=nanm guide_terminal_err=nanm
[GATE-EVOLVE] step=65 curr=135603.71 best_other=175578.83 ratio=0.7723 ee_to_optimal=0.1266m phi=0.0047m
[STAGE-A-TRACE] step=65 sim_t=0.650 mode=free phi=0.00470 box_xy=+0.00000,+0.00000 lam_n_ee_box=nan qy=+0.00001 qz=-0.00000 finished_repos=0
[DRAKE-CONTACT] step=65 n_pairs=1 ee_box_normal=0.000
[GATE-CONTACT] step=65 F_W=(+0.0000,+0.0000,+0.0000) F_on_box=(-0.0000,-0.0000,-0.0000) n_face_out=(-0.0000,-0.0000,-0.0000) A_is_ee=0 box_q=(+1.00000,-0.00001,+0.00001,-0.00000) box_p=(+0.00000,+0.00000,+0.04999) ee_p=(-0.02330,-0.07970,+0.07146)
[EErel] along_push=+0.023m (neg=correct)  perp=0.080m  ee_to_box=0.083m  stage=3  obj=[0. 0.]  g_hat=[-1. -0.]
[proxy] err=0.255m  effective=[0.174 0.08  0.05 ]
[ADMM-C3+] primal: 6.1274->4.9359  dual: 109.8105->80.3187  mono=False  iters=25/25  rho=25.0
[ADMM-C3+] WARNING non-converged: pr=4.9359 dr=80.3187 tol=1e-03
[C3+] step=195 |u[0]|=41.68Nm u_axis=(+3.01,-27.88,-7.47,+27.77,+2.42,+10.83,-0.59)Nm λ_n_max=1.058 η_n_max=1.279 primal=4.936 iters=25/25 lcp_res_max=nan
[ADMIT-GUARD] step=66 admit_active=0 latch=0/0 ee_z=0.073 gate_cap=0
[ALT-GATE] step=66 target_stable=0/0 allow_descent=1
[GS-tgt] step=66 ee=(-0.023,-0.080,+0.073) p_repos=(+0.080,+0.000,+0.030) ee_to_target=0.137m target_label=prev_repos target_changed=N delta=0.000m
[GS] step=66 mode=free switch=kStayInRepos best_k=0 best_src=prev_repos curr_cost=135618.51 repos_cost=172068.16 best_other=172068.16 met_progress=N steps_since_improve=64 switches=0
[STEP] step=66 mode=free t=0.660s ee=(-0.023,-0.080,+0.073) obj=(+0.000,+0.000,+0.050) goal_dist=0.300m switch=kStayInRepos target=(-0.023,-0.080,+0.101) ee_stride=0.028m ee_to_ptarget=0.137m landing_err=0.1485m ik_ok=Y ik_resid=0.0001m q_max_resid_deg=4.81 target_changed=Y retgt=N held_idx=1 held_cost=172068.16 won_cost=172068.16 margin=+0.00 won_src=prev_repos held_valid=Y reason=hold setpoint_to_ptarget=nanm finished_val=0.1372m finished_thresh=0.0200m pd_resid=nanm nextwp_to_ptarget=nanm guide_terminal_err=nanm
[GATE-EVOLVE] step=66 curr=135618.51 best_other=172068.16 ratio=0.7882 ee_to_optimal=0.1265m phi=0.0045m
[STAGE-A-TRACE] step=66 sim_t=0.660 mode=free phi=0.00454 box_xy=+0.00000,+0.00000 lam_n_ee_box=nan qy=+0.00001 qz=-0.00000 finished_repos=0
[DRAKE-CONTACT] step=66 n_pairs=1 ee_box_normal=0.000
[GATE-CONTACT] step=66 F_W=(+0.0000,+0.0000,+0.0000) F_on_box=(-0.0000,-0.0000,-0.0000) n_face_out=(-0.0000,-0.0000,-0.0000) A_is_ee=0 box_q=(+1.00000,-0.00001,+0.00001,-0.00000) box_p=(+0.00000,+0.00000,+0.04999) ee_p=(-0.02334,-0.07953,+0.07250)
[EErel] along_push=+0.023m (neg=correct)  perp=0.079m  ee_to_box=0.083m  stage=3  obj=[0. 0.]  g_hat=[-1. -0.]
[proxy] err=0.255m  effective=[0.174 0.079 0.05 ]
[ADMM-C3+] primal: 6.1274->4.9359  dual: 109.8105->80.3187  mono=False  iters=25/25  rho=25.0
[ADMM-C3+] WARNING non-converged: pr=4.9359 dr=80.3187 tol=1e-03
[C3+] step=198 |u[0]|=41.45Nm u_axis=(+3.69,-27.04,-8.25,+28.13,+2.58,+10.34,-0.59)Nm λ_n_max=1.058 η_n_max=1.279 primal=4.936 iters=25/25 lcp_res_max=nan
[ADMIT-GUARD] step=67 admit_active=0 latch=0/0 ee_z=0.074 gate_cap=0
[ALT-GATE] step=67 target_stable=0/0 allow_descent=1
[GS-tgt] step=67 ee=(-0.023,-0.079,+0.074) p_repos=(+0.080,+0.000,+0.030) ee_to_target=0.138m target_label=prev_repos target_changed=N delta=0.000m
[GS] step=67 mode=free switch=kStayInRepos best_k=0 best_src=prev_repos curr_cost=135642.12 repos_cost=169356.88 best_other=169356.88 met_progress=N steps_since_improve=65 switches=0
[STEP] step=67 mode=free t=0.670s ee=(-0.023,-0.079,+0.074) obj=(+0.000,+0.000,+0.050) goal_dist=0.300m switch=kStayInRepos target=(-0.023,-0.080,+0.105) ee_stride=0.031m ee_to_ptarget=0.138m landing_err=0.1504m ik_ok=Y ik_resid=0.0001m q_max_resid_deg=5.25 target_changed=Y retgt=N held_idx=1 held_cost=169356.88 won_cost=169356.88 margin=+0.00 won_src=prev_repos held_valid=Y reason=hold setpoint_to_ptarget=nanm finished_val=0.1376m finished_thresh=0.0200m pd_resid=nanm nextwp_to_ptarget=nanm guide_terminal_err=nanm
[GATE-EVOLVE] step=67 curr=135642.12 best_other=169356.88 ratio=0.8009 ee_to_optimal=0.1264m phi=0.0044m
[STAGE-A-TRACE] step=67 sim_t=0.670 mode=free phi=0.00441 box_xy=+0.00000,+0.00000 lam_n_ee_box=nan qy=+0.00001 qz=-0.00000 finished_repos=0
[DRAKE-CONTACT] step=67 n_pairs=1 ee_box_normal=0.000
[GATE-CONTACT] step=67 F_W=(+0.0000,+0.0000,+0.0000) F_on_box=(-0.0000,-0.0000,-0.0000) n_face_out=(-0.0000,-0.0000,-0.0000) A_is_ee=0 box_q=(+1.00000,-0.00001,+0.00001,-0.00000) box_p=(+0.00000,+0.00000,+0.04999) ee_p=(-0.02336,-0.07941,+0.07413)
[ADMIT-T2] call=200 n_c=1 tags=['BOX-GND'] phi=['-0.0000'] n_ee_box=0 n_box_gnd=1 n_synth=0 n_other=0 n_lambda_ST=6 n_lambda_Anitescu_ref=6
[EErel] along_push=+0.023m (neg=correct)  perp=0.079m  ee_to_box=0.083m  stage=3  obj=[0. 0.]  g_hat=[-1. -0.]
[proxy] err=0.255m  effective=[0.174 0.079 0.05 ]
[ADMM-C3+] primal: 6.1274->4.9359  dual: 109.8105->80.3187  mono=False  iters=25/25  rho=25.0
[ADMM-C3+] WARNING non-converged: pr=4.9359 dr=80.3187 tol=1e-03
[C3+] step=201 |u[0]|=41.36Nm u_axis=(+4.24,-26.39,-8.99,+28.47,+2.76,+9.85,-0.59)Nm λ_n_max=1.058 η_n_max=1.279 primal=4.936 iters=25/25 lcp_res_max=nan
[ADMIT-GUARD] step=68 admit_active=0 latch=0/0 ee_z=0.076 gate_cap=0
[ALT-GATE] step=68 target_stable=0/0 allow_descent=1
[GS-tgt] step=68 ee=(-0.023,-0.079,+0.076) p_repos=(+0.080,+0.000,+0.030) ee_to_target=0.138m target_label=prev_repos target_changed=N delta=0.000m
[GS] step=68 mode=free switch=kStayInRepos best_k=0 best_src=prev_repos curr_cost=135673.33 repos_cost=167279.98 best_other=167279.98 met_progress=N steps_since_improve=66 switches=0
[STEP] step=68 mode=free t=0.680s ee=(-0.023,-0.079,+0.076) obj=(+0.000,+0.000,+0.050) goal_dist=0.300m switch=kStayInRepos target=(-0.023,-0.080,+0.109) ee_stride=0.033m ee_to_ptarget=0.138m landing_err=0.1524m ik_ok=Y ik_resid=0.0001m q_max_resid_deg=5.61 target_changed=Y retgt=N held_idx=1 held_cost=167279.98 won_cost=167279.98 margin=+0.00 won_src=prev_repos held_valid=Y reason=hold setpoint_to_ptarget=nanm finished_val=0.1383m finished_thresh=0.0200m pd_resid=nanm nextwp_to_ptarget=nanm guide_terminal_err=nanm
[GATE-EVOLVE] step=68 curr=135673.33 best_other=167279.98 ratio=0.8111 ee_to_optimal=0.1264m phi=0.0043m
[STAGE-A-TRACE] step=68 sim_t=0.680 mode=free phi=0.00432 box_xy=+0.00000,+0.00000 lam_n_ee_box=nan qy=+0.00001 qz=-0.00000 finished_repos=0
[DRAKE-CONTACT] step=68 n_pairs=1 ee_box_normal=0.000
[GATE-CONTACT] step=68 F_W=(+0.0000,+0.0000,+0.0000) F_on_box=(-0.0000,-0.0000,-0.0000) n_face_out=(-0.0000,-0.0000,-0.0000) A_is_ee=0 box_q=(+1.00000,-0.00001,+0.00001,-0.00000) box_p=(+0.00000,+0.00000,+0.04999) ee_p=(-0.02336,-0.07932,+0.07624)
[EErel] along_push=+0.023m (neg=correct)  perp=0.079m  ee_to_box=0.083m  stage=3  obj=[0. 0.]  g_hat=[-1. -0.]
[proxy] err=0.255m  effective=[0.174 0.079 0.05 ]
[ADMM-C3+] primal: 6.1274->4.9359  dual: 109.8105->80.3187  mono=False  iters=25/25  rho=25.0
[ADMM-C3+] WARNING non-converged: pr=4.9359 dr=80.3187 tol=1e-03
[C3+] step=204 |u[0]|=41.35Nm u_axis=(+4.68,-25.88,-9.69,+28.76,+2.94,+9.39,-0.60)Nm λ_n_max=1.058 η_n_max=1.279 primal=4.936 iters=25/25 lcp_res_max=nan
[ADMIT-GUARD] step=69 admit_active=0 latch=0/0 ee_z=0.079 gate_cap=0
[ALT-GATE] step=69 target_stable=0/0 allow_descent=1
[GS-tgt] step=69 ee=(-0.023,-0.079,+0.079) p_repos=(+0.080,+0.000,+0.030) ee_to_target=0.139m target_label=prev_repos target_changed=N delta=0.000m
[GS] step=69 mode=free switch=kStayInRepos best_k=0 best_src=prev_repos curr_cost=135711.02 repos_cost=165960.11 best_other=165960.11 met_progress=N steps_since_improve=67 switches=0
[STEP] step=69 mode=free t=0.690s ee=(-0.023,-0.079,+0.079) obj=(+0.000,+0.000,+0.050) goal_dist=0.300m switch=kStayInRepos target=(-0.023,-0.080,+0.113) ee_stride=0.034m ee_to_ptarget=0.139m landing_err=0.1545m ik_ok=Y ik_resid=0.0001m q_max_resid_deg=5.91 target_changed=Y retgt=N held_idx=1 held_cost=165960.11 won_cost=165960.11 margin=+0.00 won_src=prev_repos held_valid=Y reason=hold setpoint_to_ptarget=nanm finished_val=0.1391m finished_thresh=0.0200m pd_resid=nanm nextwp_to_ptarget=nanm guide_terminal_err=nanm
[GATE-EVOLVE] step=69 curr=135711.02 best_other=165960.11 ratio=0.8177 ee_to_optimal=0.1263m phi=0.0043m
[STAGE-A-TRACE] step=69 sim_t=0.690 mode=free phi=0.00427 box_xy=+0.00000,+0.00000 lam_n_ee_box=nan qy=+0.00001 qz=-0.00000 finished_repos=0
[DRAKE-CONTACT] step=69 n_pairs=1 ee_box_normal=0.000
[GATE-CONTACT] step=69 F_W=(+0.0000,+0.0000,+0.0000) F_on_box=(-0.0000,-0.0000,-0.0000) n_face_out=(-0.0000,-0.0000,-0.0000) A_is_ee=0 box_q=(+1.00000,-0.00001,+0.00001,-0.00000) box_p=(+0.00000,+0.00000,+0.04999) ee_p=(-0.02335,-0.07927,+0.07872)
[EErel] along_push=+0.023m (neg=correct)  perp=0.079m  ee_to_box=0.083m  stage=3  obj=[0. 0.]  g_hat=[-1. -0.]
[proxy] err=0.255m  effective=[0.174 0.079 0.05 ]
[ADMM-C3+] primal: 6.1274->4.9359  dual: 109.8105->80.3187  mono=False  iters=25/25  rho=25.0
[ADMM-C3+] WARNING non-converged: pr=4.9359 dr=80.3187 tol=1e-03
[C3+] step=207 |u[0]|=41.41Nm u_axis=(+5.06,-25.48,-10.38,+29.01,+3.13,+8.95,-0.60)Nm λ_n_max=1.058 η_n_max=1.279 primal=4.936 iters=25/25 lcp_res_max=nan
[ADMIT-GUARD] step=70 admit_active=0 latch=0/0 ee_z=0.082 gate_cap=0
[ALT-GATE] step=70 target_stable=0/0 allow_descent=1
[GS-tgt] step=70 ee=(-0.023,-0.079,+0.082) p_repos=(+0.080,+0.000,+0.030) ee_to_target=0.140m target_label=prev_repos target_changed=N delta=0.000m
[IMP] step=70 mode=free |x_err|=0.0352m |tau_imp|=11.62Nm |tau_ff|=0.00Nm |tau_out|=11.62Nm sat=False lam_n=False lam_t=False
[GS] step=70 mode=free switch=kStayInRepos best_k=0 best_src=prev_repos curr_cost=135754.26 repos_cost=164603.17 best_other=164603.17 met_progress=N steps_since_improve=68 switches=0
[STEP] step=70 mode=free t=0.700s ee=(-0.023,-0.079,+0.082) obj=(+0.000,+0.000,+0.050) goal_dist=0.300m switch=kStayInRepos target=(-0.023,-0.080,+0.117) ee_stride=0.035m ee_to_ptarget=0.140m landing_err=0.1567m ik_ok=Y ik_resid=0.0001m q_max_resid_deg=6.16 target_changed=Y retgt=N held_idx=1 held_cost=164603.17 won_cost=164603.17 margin=+0.00 won_src=prev_repos held_valid=Y reason=hold setpoint_to_ptarget=nanm finished_val=0.1400m finished_thresh=0.0200m pd_resid=nanm nextwp_to_ptarget=nanm guide_terminal_err=nanm
[GATE-EVOLVE] step=70 curr=135754.26 best_other=164603.17 ratio=0.8247 ee_to_optimal=0.1263m phi=0.0043m
[STAGE-A-TRACE] step=70 sim_t=0.700 mode=free phi=0.00425 box_xy=+0.00000,+0.00000 lam_n_ee_box=nan qy=+0.00001 qz=-0.00000 finished_repos=0
[DRAKE-CONTACT] step=70 n_pairs=1 ee_box_normal=0.000
[GATE-CONTACT] step=70 F_W=(+0.0000,+0.0000,+0.0000) F_on_box=(-0.0000,-0.0000,-0.0000) n_face_out=(-0.0000,-0.0000,-0.0000) A_is_ee=0 box_q=(+1.00000,-0.00001,+0.00001,-0.00000) box_p=(+0.00000,+0.00000,+0.04999) ee_p=(-0.02333,-0.07925,+0.08150)
[EErel] along_push=+0.023m (neg=correct)  perp=0.079m  ee_to_box=0.083m  stage=3  obj=[0. 0.]  g_hat=[-1. -0.]
[proxy] err=0.255m  effective=[0.174 0.079 0.05 ]
[ADMM-C3+] primal: 6.1274->4.9359  dual: 109.8105->80.3187  mono=False  iters=25/25  rho=25.0
[ADMM-C3+] WARNING non-converged: pr=4.9359 dr=80.3187 tol=1e-03
[C3+] step=210 |u[0]|=41.51Nm u_axis=(+5.36,-25.20,-11.05,+29.21,+3.32,+8.54,-0.60)Nm λ_n_max=1.058 η_n_max=1.279 primal=4.936 iters=25/25 lcp_res_max=nan
[ADMIT-GUARD] step=71 admit_active=0 latch=0/0 ee_z=0.085 gate_cap=0
[ALT-GATE] step=71 target_stable=0/0 allow_descent=1
[GS-tgt] step=71 ee=(-0.023,-0.079,+0.085) p_repos=(+0.080,+0.000,+0.030) ee_to_target=0.141m target_label=prev_repos target_changed=N delta=0.000m
[GS] step=71 mode=free switch=kStayInRepos best_k=0 best_src=prev_repos curr_cost=135803.10 repos_cost=163779.03 best_other=163779.03 met_progress=N steps_since_improve=69 switches=0
[STEP] step=71 mode=free t=0.710s ee=(-0.023,-0.079,+0.085) obj=(+0.000,+0.000,+0.050) goal_dist=0.300m switch=kStayInRepos target=(-0.023,-0.080,+0.121) ee_stride=0.036m ee_to_ptarget=0.141m landing_err=0.1590m ik_ok=Y ik_resid=0.0001m q_max_resid_deg=6.37 target_changed=Y retgt=N held_idx=1 held_cost=163779.03 won_cost=163779.03 margin=+0.00 won_src=prev_repos held_valid=Y reason=hold setpoint_to_ptarget=nanm finished_val=0.1412m finished_thresh=0.0200m pd_resid=nanm nextwp_to_ptarget=nanm guide_terminal_err=nanm
[GATE-EVOLVE] step=71 curr=135803.10 best_other=163779.03 ratio=0.8292 ee_to_optimal=0.1263m phi=0.0043m
[STAGE-A-TRACE] step=71 sim_t=0.710 mode=free phi=0.00426 box_xy=+0.00000,+0.00000 lam_n_ee_box=nan qy=+0.00001 qz=-0.00000 finished_repos=0
[DRAKE-CONTACT] step=71 n_pairs=1 ee_box_normal=0.000
[GATE-CONTACT] step=71 F_W=(+0.0000,+0.0000,+0.0000) F_on_box=(-0.0000,-0.0000,-0.0000) n_face_out=(-0.0000,-0.0000,-0.0000) A_is_ee=0 box_q=(+1.00000,-0.00001,+0.00001,-0.00000) box_p=(+0.00000,+0.00000,+0.04999) ee_p=(-0.02330,-0.07925,+0.08453)
[EErel] along_push=+0.023m (neg=correct)  perp=0.079m  ee_to_box=0.083m  stage=3  obj=[0. 0.]  g_hat=[-1. -0.]
[proxy] err=0.256m  effective=[0.174 0.079 0.05 ]
[ADMM-C3+] primal: 6.1274->4.9359  dual: 109.8105->80.3186  mono=False  iters=25/25  rho=25.0
[ADMM-C3+] WARNING non-converged: pr=4.9359 dr=80.3186 tol=1e-03
[C3+] step=213 |u[0]|=41.64Nm u_axis=(+5.63,-24.98,-11.70,+29.38,+3.51,+8.14,-0.61)Nm λ_n_max=1.058 η_n_max=1.279 primal=4.936 iters=25/25 lcp_res_max=nan
[ADMIT-GUARD] step=72 admit_active=0 latch=0/0 ee_z=0.088 gate_cap=0
[ALT-GATE] step=72 target_stable=0/0 allow_descent=1
[GS-tgt] step=72 ee=(-0.023,-0.079,+0.088) p_repos=(+0.080,+0.000,+0.030) ee_to_target=0.142m target_label=prev_repos target_changed=N delta=0.000m
[GS] step=72 mode=free switch=kStayInRepos best_k=0 best_src=prev_repos curr_cost=135857.30 repos_cost=163163.00 best_other=163163.00 met_progress=N steps_since_improve=70 switches=0
[STEP] step=72 mode=free t=0.720s ee=(-0.023,-0.079,+0.088) obj=(+0.000,+0.000,+0.050) goal_dist=0.300m switch=kStayInRepos target=(-0.023,-0.080,+0.125) ee_stride=0.037m ee_to_ptarget=0.142m landing_err=0.1613m ik_ok=Y ik_resid=0.0001m q_max_resid_deg=6.54 target_changed=Y retgt=N held_idx=1 held_cost=163163.00 won_cost=163163.00 margin=+0.00 won_src=prev_repos held_valid=Y reason=hold setpoint_to_ptarget=nanm finished_val=0.1424m finished_thresh=0.0200m pd_resid=nanm nextwp_to_ptarget=nanm guide_terminal_err=nanm
[GATE-EVOLVE] step=72 curr=135857.30 best_other=163163.00 ratio=0.8326 ee_to_optimal=0.1263m phi=0.0043m
[STAGE-A-TRACE] step=72 sim_t=0.720 mode=free phi=0.00428 box_xy=+0.00000,+0.00000 lam_n_ee_box=nan qy=+0.00001 qz=+0.00000 finished_repos=0
[DRAKE-CONTACT] step=72 n_pairs=1 ee_box_normal=0.000
[GATE-CONTACT] step=72 F_W=(+0.0000,+0.0000,+0.0000) F_on_box=(-0.0000,-0.0000,-0.0000) n_face_out=(-0.0000,-0.0000,-0.0000) A_is_ee=0 box_q=(+1.00000,-0.00001,+0.00001,+0.00000) box_p=(+0.00000,+0.00000,+0.04999) ee_p=(-0.02327,-0.07928,+0.08775)
[EErel] along_push=+0.023m (neg=correct)  perp=0.079m  ee_to_box=0.083m  stage=3  obj=[0. 0.]  g_hat=[-1. -0.]
[proxy] err=0.256m  effective=[0.174 0.079 0.05 ]
[ADMM-C3+] primal: 6.1274->4.9359  dual: 109.8105->80.3186  mono=False  iters=25/25  rho=25.0
[ADMM-C3+] WARNING non-converged: pr=4.9359 dr=80.3186 tol=1e-03
[C3+] step=216 |u[0]|=41.61Nm u_axis=(+5.85,-24.51,-12.33,+29.50,+3.69,+7.76,-0.61)Nm λ_n_max=1.058 η_n_max=1.279 primal=4.936 iters=25/25 lcp_res_max=nan
[ADMIT-GUARD] step=73 admit_active=0 latch=0/0 ee_z=0.091 gate_cap=0
[ALT-GATE] step=73 target_stable=0/0 allow_descent=1
[GS-tgt] step=73 ee=(-0.023,-0.079,+0.091) p_repos=(+0.080,+0.000,+0.030) ee_to_target=0.144m target_label=prev_repos target_changed=N delta=0.000m
[GS] step=73 mode=free switch=kStayInRepos best_k=0 best_src=prev_repos curr_cost=135916.71 repos_cost=162688.87 best_other=162688.87 met_progress=N steps_since_improve=71 switches=0
[STEP] step=73 mode=free t=0.730s ee=(-0.023,-0.079,+0.091) obj=(+0.000,+0.000,+0.050) goal_dist=0.300m switch=kStayInRepos target=(-0.023,-0.080,+0.129) ee_stride=0.038m ee_to_ptarget=0.144m landing_err=0.1637m ik_ok=Y ik_resid=0.0001m q_max_resid_deg=6.70 target_changed=Y retgt=N held_idx=1 held_cost=162688.87 won_cost=162688.87 margin=+0.00 won_src=prev_repos held_valid=Y reason=hold setpoint_to_ptarget=nanm finished_val=0.1438m finished_thresh=0.0200m pd_resid=nanm nextwp_to_ptarget=nanm guide_terminal_err=nanm
[GATE-EVOLVE] step=73 curr=135916.71 best_other=162688.87 ratio=0.8354 ee_to_optimal=0.1263m phi=0.0043m
[STAGE-A-TRACE] step=73 sim_t=0.730 mode=free phi=0.00432 box_xy=+0.00000,+0.00000 lam_n_ee_box=nan qy=+0.00001 qz=+0.00000 finished_repos=0
[DRAKE-CONTACT] step=73 n_pairs=1 ee_box_normal=0.000
[GATE-CONTACT] step=73 F_W=(+0.0000,+0.0000,+0.0000) F_on_box=(-0.0000,-0.0000,-0.0000) n_face_out=(-0.0000,-0.0000,-0.0000) A_is_ee=0 box_q=(+1.00000,-0.00001,+0.00001,+0.00000) box_p=(+0.00000,+0.00000,+0.04999) ee_p=(-0.02323,-0.07932,+0.09113)
[EErel] along_push=+0.023m (neg=correct)  perp=0.079m  ee_to_box=0.083m  stage=3  obj=[0. 0.]  g_hat=[-1. -0.]
[proxy] err=0.257m  effective=[0.174 0.079 0.05 ]
[ADMM-C3+] primal: 6.1274->4.9359  dual: 109.8105->80.3186  mono=False  iters=25/25  rho=25.0
[ADMM-C3+] WARNING non-converged: pr=4.9359 dr=80.3186 tol=1e-03
[C3+] step=219 |u[0]|=41.46Nm u_axis=(+6.03,-23.85,-12.96,+29.59,+3.87,+7.39,-0.61)Nm λ_n_max=1.058 η_n_max=1.279 primal=4.936 iters=25/25 lcp_res_max=nan
[ADMIT-GUARD] step=74 admit_active=0 latch=0/0 ee_z=0.095 gate_cap=0
[ALT-GATE] step=74 target_stable=0/0 allow_descent=1
[GS-tgt] step=74 ee=(-0.023,-0.079,+0.095) p_repos=(+0.080,+0.000,+0.030) ee_to_target=0.145m target_label=prev_repos target_changed=N delta=0.000m
[GS] step=74 mode=free switch=kStayInRepos best_k=0 best_src=prev_repos curr_cost=135980.94 repos_cost=162329.17 best_other=162329.17 met_progress=N steps_since_improve=72 switches=0
[STEP] step=74 mode=free t=0.740s ee=(-0.023,-0.079,+0.095) obj=(+0.000,+0.000,+0.050) goal_dist=0.300m switch=kStayInRepos target=(-0.023,-0.080,+0.133) ee_stride=0.038m ee_to_ptarget=0.145m landing_err=0.1661m ik_ok=Y ik_resid=0.0001m q_max_resid_deg=6.83 target_changed=Y retgt=N held_idx=1 held_cost=162329.17 won_cost=162329.17 margin=+0.00 won_src=prev_repos held_valid=Y reason=hold setpoint_to_ptarget=nanm finished_val=0.1454m finished_thresh=0.0200m pd_resid=nanm nextwp_to_ptarget=nanm guide_terminal_err=nanm
[GATE-EVOLVE] step=74 curr=135980.94 best_other=162329.17 ratio=0.8377 ee_to_optimal=0.1263m phi=0.0044m
[STAGE-A-TRACE] step=74 sim_t=0.740 mode=free phi=0.00438 box_xy=+0.00000,+0.00000 lam_n_ee_box=nan qy=+0.00001 qz=+0.00000 finished_repos=0
[DRAKE-CONTACT] step=74 n_pairs=1 ee_box_normal=0.000
[GATE-CONTACT] step=74 F_W=(+0.0000,+0.0000,+0.0000) F_on_box=(-0.0000,-0.0000,-0.0000) n_face_out=(-0.0000,-0.0000,-0.0000) A_is_ee=0 box_q=(+1.00000,-0.00001,+0.00001,+0.00000) box_p=(+0.00000,+0.00000,+0.04999) ee_p=(-0.02320,-0.07937,+0.09463)
[EErel] along_push=+0.023m (neg=correct)  perp=0.079m  ee_to_box=0.083m  stage=3  obj=[0. 0.]  g_hat=[-1. -0.]
[proxy] err=0.258m  effective=[0.174 0.079 0.05 ]
[ADMM-C3+] primal: 6.1274->4.9359  dual: 109.8105->80.3186  mono=False  iters=25/25  rho=25.0
[ADMM-C3+] WARNING non-converged: pr=4.9359 dr=80.3186 tol=1e-03
[C3+] step=222 |u[0]|=41.33Nm u_axis=(+6.19,-23.24,-13.57,+29.65,+4.05,+7.03,-0.61)Nm λ_n_max=1.058 η_n_max=1.279 primal=4.936 iters=25/25 lcp_res_max=nan
[ADMIT-GUARD] step=75 admit_active=0 latch=0/0 ee_z=0.098 gate_cap=0
[ALT-GATE] step=75 target_stable=0/0 allow_descent=1
[GS-tgt] step=75 ee=(-0.023,-0.079,+0.098) p_repos=(+0.080,+0.000,+0.030) ee_to_target=0.147m target_label=prev_repos target_changed=N delta=0.000m
[GS] step=75 mode=free switch=kStayInRepos best_k=0 best_src=prev_repos curr_cost=136049.92 repos_cost=162056.47 best_other=162056.47 met_progress=N steps_since_improve=73 switches=0
[STEP] step=75 mode=free t=0.750s ee=(-0.023,-0.079,+0.098) obj=(+0.000,+0.000,+0.050) goal_dist=0.300m switch=kStayInRepos target=(-0.023,-0.080,+0.137) ee_stride=0.039m ee_to_ptarget=0.147m landing_err=0.1686m ik_ok=Y ik_resid=0.0001m q_max_resid_deg=6.95 target_changed=Y retgt=N held_idx=1 held_cost=162056.47 won_cost=162056.47 margin=+0.00 won_src=prev_repos held_valid=Y reason=hold setpoint_to_ptarget=nanm finished_val=0.1470m finished_thresh=0.0200m pd_resid=nanm nextwp_to_ptarget=nanm guide_terminal_err=nanm
[GATE-EVOLVE] step=75 curr=136049.92 best_other=162056.47 ratio=0.8395 ee_to_optimal=0.1263m phi=0.0044m
[STAGE-A-TRACE] step=75 sim_t=0.750 mode=free phi=0.00443 box_xy=+0.00000,+0.00000 lam_n_ee_box=nan qy=+0.00001 qz=+0.00000 finished_repos=0
[DRAKE-CONTACT] step=75 n_pairs=1 ee_box_normal=0.000
[GATE-CONTACT] step=75 F_W=(+0.0000,+0.0000,+0.0000) F_on_box=(-0.0000,-0.0000,-0.0000) n_face_out=(-0.0000,-0.0000,-0.0000) A_is_ee=0 box_q=(+1.00000,-0.00001,+0.00001,+0.00000) box_p=(+0.00000,+0.00000,+0.04999) ee_p=(-0.02317,-0.07943,+0.09823)
[EErel] along_push=+0.023m (neg=correct)  perp=0.079m  ee_to_box=0.083m  stage=3  obj=[0. 0.]  g_hat=[-1. -0.]
[proxy] err=0.259m  effective=[0.174 0.079 0.05 ]
[ADMM-C3+] primal: 6.1274->4.9359  dual: 109.8105->80.3186  mono=False  iters=25/25  rho=25.0
[ADMM-C3+] WARNING non-converged: pr=4.9359 dr=80.3186 tol=1e-03
[C3+] step=225 |u[0]|=41.23Nm u_axis=(+6.33,-22.67,-14.17,+29.70,+4.23,+6.66,-0.61)Nm λ_n_max=1.058 η_n_max=1.279 primal=4.936 iters=25/25 lcp_res_max=nan
[ADMIT-GUARD] step=76 admit_active=0 latch=0/0 ee_z=0.102 gate_cap=0
[ALT-GATE] step=76 target_stable=0/0 allow_descent=1
[GS-tgt] step=76 ee=(-0.023,-0.079,+0.102) p_repos=(+0.080,+0.000,+0.030) ee_to_target=0.149m target_label=prev_repos target_changed=N delta=0.000m
[GS] step=76 mode=free switch=kStayInRepos best_k=0 best_src=prev_repos curr_cost=136123.73 repos_cost=161849.68 best_other=161849.68 met_progress=N steps_since_improve=74 switches=0
[STEP] step=76 mode=free t=0.760s ee=(-0.023,-0.079,+0.102) obj=(+0.000,+0.000,+0.050) goal_dist=0.300m switch=kStayInRepos target=(-0.023,-0.080,+0.141) ee_stride=0.039m ee_to_ptarget=0.149m landing_err=0.1712m ik_ok=Y ik_resid=0.0001m q_max_resid_deg=7.06 target_changed=Y retgt=N held_idx=1 held_cost=161849.68 won_cost=161849.68 margin=+0.00 won_src=prev_repos held_valid=Y reason=hold setpoint_to_ptarget=nanm finished_val=0.1488m finished_thresh=0.0200m pd_resid=nanm nextwp_to_ptarget=nanm guide_terminal_err=nanm
[GATE-EVOLVE] step=76 curr=136123.73 best_other=161849.68 ratio=0.8411 ee_to_optimal=0.1263m phi=0.0046m
[STAGE-A-TRACE] step=76 sim_t=0.760 mode=free phi=0.00456 box_xy=+0.00000,+0.00000 lam_n_ee_box=nan qy=+0.00001 qz=+0.00000 finished_repos=0
[DRAKE-CONTACT] step=76 n_pairs=1 ee_box_normal=0.000
[GATE-CONTACT] step=76 F_W=(+0.0000,+0.0000,+0.0000) F_on_box=(-0.0000,-0.0000,-0.0000) n_face_out=(-0.0000,-0.0000,-0.0000) A_is_ee=0 box_q=(+1.00000,-0.00001,+0.00001,+0.00000) box_p=(+0.00000,+0.00000,+0.04999) ee_p=(-0.02314,-0.07949,+0.10191)
[EErel] along_push=+0.023m (neg=correct)  perp=0.080m  ee_to_box=0.083m  stage=3  obj=[0. 0.]  g_hat=[-1. -0.]
[proxy] err=0.260m  effective=[0.174 0.08  0.05 ]
[ADMM-C3+] primal: 6.1274->4.9359  dual: 109.8105->80.3186  mono=False  iters=25/25  rho=25.0
[ADMM-C3+] WARNING non-converged: pr=4.9359 dr=80.3186 tol=1e-03
[C3+] step=228 |u[0]|=41.14Nm u_axis=(+6.45,-22.14,-14.76,+29.73,+4.40,+6.29,-0.61)Nm λ_n_max=1.058 η_n_max=1.279 primal=4.936 iters=25/25 lcp_res_max=nan
[ADMIT-GUARD] step=77 admit_active=0 latch=0/0 ee_z=0.106 gate_cap=0
[ALT-GATE] step=77 target_stable=0/0 allow_descent=1
[GS-tgt] step=77 ee=(-0.023,-0.080,+0.106) p_repos=(+0.080,+0.000,+0.030) ee_to_target=0.151m target_label=prev_repos target_changed=N delta=0.000m
[GS] step=77 mode=free switch=kStayInRepos best_k=0 best_src=prev_repos curr_cost=136202.48 repos_cost=161718.70 best_other=161718.70 met_progress=N steps_since_improve=75 switches=0
[STEP] step=77 mode=free t=0.770s ee=(-0.023,-0.080,+0.106) obj=(+0.000,+0.000,+0.050) goal_dist=0.300m switch=kStayInRepos target=(-0.023,-0.080,+0.145) ee_stride=0.039m ee_to_ptarget=0.151m landing_err=0.1738m ik_ok=Y ik_resid=0.0001m q_max_resid_deg=7.16 target_changed=Y retgt=N held_idx=1 held_cost=161718.70 won_cost=161718.70 margin=+0.00 won_src=prev_repos held_valid=Y reason=hold setpoint_to_ptarget=nanm finished_val=0.1506m finished_thresh=0.0200m pd_resid=nanm nextwp_to_ptarget=nanm guide_terminal_err=nanm
[GATE-EVOLVE] step=77 curr=136202.48 best_other=161718.70 ratio=0.8422 ee_to_optimal=0.1263m phi=0.0051m
[STAGE-A-TRACE] step=77 sim_t=0.770 mode=free phi=0.00509 box_xy=+0.00000,+0.00000 lam_n_ee_box=nan qy=+0.00001 qz=+0.00000 finished_repos=0
[DRAKE-CONTACT] step=77 n_pairs=1 ee_box_normal=0.000
[GATE-CONTACT] step=77 F_W=(+0.0000,+0.0000,+0.0000) F_on_box=(-0.0000,-0.0000,-0.0000) n_face_out=(-0.0000,-0.0000,-0.0000) A_is_ee=0 box_q=(+1.00000,-0.00001,+0.00001,+0.00000) box_p=(+0.00000,+0.00000,+0.04999) ee_p=(-0.02311,-0.07955,+0.10566)
[EErel] along_push=+0.023m (neg=correct)  perp=0.080m  ee_to_box=0.083m  stage=3  obj=[0. 0.]  g_hat=[-1. -0.]
[proxy] err=0.261m  effective=[0.174 0.08  0.05 ]
[ADMM-C3+] primal: 6.1274->4.9359  dual: 109.8105->80.3186  mono=False  iters=25/25  rho=25.0
[ADMM-C3+] WARNING non-converged: pr=4.9359 dr=80.3186 tol=1e-03
[C3+] step=231 |u[0]|=41.07Nm u_axis=(+6.55,-21.63,-15.33,+29.74,+4.57,+5.91,-0.62)Nm λ_n_max=1.058 η_n_max=1.279 primal=4.936 iters=25/25 lcp_res_max=nan
[ADMIT-GUARD] step=78 admit_active=0 latch=0/0 ee_z=0.109 gate_cap=0
[ALT-GATE] step=78 target_stable=0/0 allow_descent=1
[GS-tgt] step=78 ee=(-0.023,-0.080,+0.109) p_repos=(+0.080,+0.000,+0.030) ee_to_target=0.153m target_label=prev_repos target_changed=N delta=0.000m
[GS] step=78 mode=free switch=kStayInRepos best_k=0 best_src=prev_repos curr_cost=136286.37 repos_cost=161619.20 best_other=161619.20 met_progress=N steps_since_improve=76 switches=0
[STEP] step=78 mode=free t=0.780s ee=(-0.023,-0.080,+0.109) obj=(+0.000,+0.000,+0.050) goal_dist=0.300m switch=kStayInRepos target=(-0.023,-0.080,+0.149) ee_stride=0.039m ee_to_ptarget=0.153m landing_err=0.1765m ik_ok=Y ik_resid=0.0001m q_max_resid_deg=7.25 target_changed=Y retgt=N held_idx=1 held_cost=161619.20 won_cost=161619.20 margin=+0.00 won_src=prev_repos held_valid=Y reason=hold setpoint_to_ptarget=nanm finished_val=0.1526m finished_thresh=0.0200m pd_resid=nanm nextwp_to_ptarget=nanm guide_terminal_err=nanm
[GATE-EVOLVE] step=78 curr=136286.37 best_other=161619.20 ratio=0.8433 ee_to_optimal=0.1263m phi=0.0061m
[STAGE-A-TRACE] step=78 sim_t=0.780 mode=free phi=0.00609 box_xy=+0.00000,+0.00000 lam_n_ee_box=nan qy=+0.00001 qz=+0.00000 finished_repos=0
[DRAKE-CONTACT] step=78 n_pairs=1 ee_box_normal=0.000
[GATE-CONTACT] step=78 F_W=(+0.0000,+0.0000,+0.0000) F_on_box=(-0.0000,-0.0000,-0.0000) n_face_out=(-0.0000,-0.0000,-0.0000) A_is_ee=0 box_q=(+1.00000,-0.00001,+0.00001,+0.00000) box_p=(+0.00000,+0.00000,+0.04999) ee_p=(-0.02308,-0.07961,+0.10945)
[EErel] along_push=+0.023m (neg=correct)  perp=0.080m  ee_to_box=0.083m  stage=3  obj=[0. 0.]  g_hat=[-1. -0.]
[proxy] err=0.262m  effective=[0.174 0.08  0.05 ]
[ADMM-C3+] primal: 6.1274->4.9359  dual: 109.8105->80.3186  mono=False  iters=25/25  rho=25.0
[ADMM-C3+] WARNING non-converged: pr=4.9359 dr=80.3186 tol=1e-03
[C3+] step=234 |u[0]|=41.01Nm u_axis=(+6.64,-21.14,-15.90,+29.75,+4.75,+5.52,-0.62)Nm λ_n_max=1.058 η_n_max=1.279 primal=4.936 iters=25/25 lcp_res_max=nan
[ADMIT-GUARD] step=79 admit_active=0 latch=0/0 ee_z=0.113 gate_cap=0
[ALT-GATE] step=79 target_stable=0/0 allow_descent=1
[GS-tgt] step=79 ee=(-0.023,-0.080,+0.113) p_repos=(+0.080,+0.000,+0.030) ee_to_target=0.155m target_label=prev_repos target_changed=N delta=0.000m
[GS] step=79 mode=free switch=kStayInRepos best_k=0 best_src=prev_repos curr_cost=136375.60 repos_cost=161543.30 best_other=161543.30 met_progress=N steps_since_improve=77 switches=0
[STEP] step=79 mode=free t=0.790s ee=(-0.023,-0.080,+0.113) obj=(+0.000,+0.000,+0.050) goal_dist=0.300m switch=kStayInRepos target=(-0.020,-0.078,+0.149) ee_stride=0.036m ee_to_ptarget=0.155m landing_err=0.1735m ik_ok=Y ik_resid=0.0001m q_max_resid_deg=6.35 target_changed=Y retgt=N held_idx=1 held_cost=161543.30 won_cost=161543.30 margin=+0.00 won_src=prev_repos held_valid=Y reason=hold setpoint_to_ptarget=nanm finished_val=0.1546m finished_thresh=0.0200m pd_resid=nanm nextwp_to_ptarget=nanm guide_terminal_err=nanm
[GATE-EVOLVE] step=79 curr=136375.60 best_other=161543.30 ratio=0.8442 ee_to_optimal=0.1263m phi=0.0075m
[STAGE-A-TRACE] step=79 sim_t=0.790 mode=free phi=0.00752 box_xy=+0.00000,+0.00000 lam_n_ee_box=nan qy=+0.00001 qz=+0.00000 finished_repos=0
[DRAKE-CONTACT] step=79 n_pairs=1 ee_box_normal=0.000
[GATE-CONTACT] step=79 F_W=(+0.0000,+0.0000,+0.0000) F_on_box=(-0.0000,-0.0000,-0.0000) n_face_out=(-0.0000,-0.0000,-0.0000) A_is_ee=0 box_q=(+1.00000,-0.00001,+0.00001,+0.00000) box_p=(+0.00000,+0.00000,+0.04999) ee_p=(-0.02306,-0.07967,+0.11329)
[EErel] along_push=+0.023m (neg=correct)  perp=0.080m  ee_to_box=0.083m  stage=3  obj=[0. 0.]  g_hat=[-1. -0.]
[proxy] err=0.262m  effective=[0.174 0.08  0.05 ]
[ADMM-C3+] primal: 6.1274->4.9359  dual: 109.8105->80.3186  mono=False  iters=25/25  rho=25.0
[ADMM-C3+] WARNING non-converged: pr=4.9359 dr=80.3186 tol=1e-03
[C3+] step=237 |u[0]|=40.79Nm u_axis=(+6.77,-21.05,-16.07,+29.42,+4.83,+5.22,-0.61)Nm λ_n_max=1.058 η_n_max=1.279 primal=4.936 iters=25/25 lcp_res_max=nan
[ADMIT-GUARD] step=80 admit_active=0 latch=0/0 ee_z=0.117 gate_cap=0
[ALT-GATE] step=80 target_stable=0/0 allow_descent=1
[GS-tgt] step=80 ee=(-0.023,-0.080,+0.117) p_repos=(+0.080,+0.000,+0.030) ee_to_target=0.157m target_label=prev_repos target_changed=N delta=0.000m
[IMP] step=80 mode=free |x_err|=0.0326m |tau_imp|=14.47Nm |tau_ff|=0.00Nm |tau_out|=14.47Nm sat=False lam_n=False lam_t=False
[GS] step=80 mode=free switch=kStayInRepos best_k=0 best_src=prev_repos curr_cost=136438.84 repos_cost=161720.63 best_other=161720.63 met_progress=N steps_since_improve=78 switches=0
[STEP] step=80 mode=free t=0.800s ee=(-0.023,-0.080,+0.117) obj=(+0.000,+0.000,+0.050) goal_dist=0.300m switch=kStayInRepos target=(-0.017,-0.075,+0.149) ee_stride=0.033m ee_to_ptarget=0.157m landing_err=0.1706m ik_ok=Y ik_resid=0.0001m q_max_resid_deg=5.45 target_changed=Y retgt=N held_idx=1 held_cost=161720.63 won_cost=161720.63 margin=+0.00 won_src=prev_repos held_valid=Y reason=hold setpoint_to_ptarget=nanm finished_val=0.1566m finished_thresh=0.0200m pd_resid=nanm nextwp_to_ptarget=nanm guide_terminal_err=nanm
[GATE-EVOLVE] step=80 curr=136438.84 best_other=161720.63 ratio=0.8437 ee_to_optimal=0.1263m phi=0.0093m
[STAGE-A-TRACE] step=80 sim_t=0.800 mode=free phi=0.00926 box_xy=+0.00000,+0.00000 lam_n_ee_box=nan qy=+0.00001 qz=+0.00000 finished_repos=0
[GS-table] step=80
  k=0 (current   ) pos=(-0.023,-0.080,+0.117) c_C3= 136438.84 align=0.0000(bonus=    0.00) rot=+0.0000(bonus=    0.00) travel=0.000m(pen=  0.00) c_sample= 136438.84 feas=Y ik_err=0.0000m  ← WIN
  k=1 (prev_repos) pos=(+0.080,+0.000,+0.030) c_C3= 191689.30 align=1.0000(bonus=30000.00) rot=+0.0000(bonus=    0.00) travel=0.157m(pen= 31.33) c_sample= 161720.63 feas=Y ik_err=0.0002m
  k=2 (strat_0   ) pos=(+0.080,+0.000,+0.030) c_C3= 191689.30 align=1.0000(bonus=30000.00) rot=+0.0000(bonus=    0.00) travel=0.157m(pen= 31.33) c_sample= 161720.63 feas=Y ik_err=0.0002m
[DRAKE-CONTACT] step=80 n_pairs=1 ee_box_normal=0.000
[GATE-CONTACT] step=80 F_W=(+0.0000,+0.0000,+0.0000) F_on_box=(-0.0000,-0.0000,-0.0000) n_face_out=(-0.0000,-0.0000,-0.0000) A_is_ee=0 box_q=(+1.00000,-0.00001,+0.00001,+0.00000) box_p=(+0.00000,+0.00000,+0.04999) ee_p=(-0.02296,-0.07968,+0.11708)
[EErel] along_push=+0.023m (neg=correct)  perp=0.080m  ee_to_box=0.083m  stage=3  obj=[0. 0.]  g_hat=[-1. -0.]
[proxy] err=0.263m  effective=[0.174 0.08  0.05 ]
[ADMM-C3+] primal: 6.1274->4.9359  dual: 109.8105->80.3186  mono=False  iters=25/25  rho=25.0
[ADMM-C3+] WARNING non-converged: pr=4.9359 dr=80.3186 tol=1e-03
[C3+] step=240 |u[0]|=40.46Nm u_axis=(+6.95,-21.25,-15.95,+28.88,+4.86,+4.97,-0.60)Nm λ_n_max=1.058 η_n_max=1.279 primal=4.936 iters=25/25 lcp_res_max=nan
[ADMIT-GUARD] step=81 admit_active=0 latch=0/0 ee_z=0.121 gate_cap=0
[ALT-GATE] step=81 target_stable=0/0 allow_descent=1
[GS-tgt] step=81 ee=(-0.023,-0.080,+0.121) p_repos=(+0.080,+0.000,+0.030) ee_to_target=0.158m target_label=prev_repos target_changed=N delta=0.000m
[GS] step=81 mode=free switch=kStayInRepos best_k=0 best_src=prev_repos curr_cost=136475.63 repos_cost=162149.18 best_other=162149.18 met_progress=N steps_since_improve=79 switches=0
[STEP] step=81 mode=free t=0.810s ee=(-0.023,-0.080,+0.121) obj=(+0.000,+0.000,+0.050) goal_dist=0.300m switch=kStayInRepos target=(-0.013,-0.073,+0.149) ee_stride=0.030m ee_to_ptarget=0.158m landing_err=0.1678m ik_ok=Y ik_resid=0.0000m q_max_resid_deg=4.57 target_changed=Y retgt=N held_idx=1 held_cost=162149.18 won_cost=162149.18 margin=+0.00 won_src=prev_repos held_valid=Y reason=hold setpoint_to_ptarget=nanm finished_val=0.1585m finished_thresh=0.0200m pd_resid=nanm nextwp_to_ptarget=nanm guide_terminal_err=nanm
[GATE-EVOLVE] step=81 curr=136475.63 best_other=162149.18 ratio=0.8417 ee_to_optimal=0.1260m phi=0.0111m
[STAGE-A-TRACE] step=81 sim_t=0.810 mode=free phi=0.01113 box_xy=+0.00000,+0.00000 lam_n_ee_box=nan qy=+0.00001 qz=+0.00000 finished_repos=0
[DRAKE-CONTACT] step=81 n_pairs=1 ee_box_normal=0.000
[GATE-CONTACT] step=81 F_W=(+0.0000,+0.0000,+0.0000) F_on_box=(-0.0000,-0.0000,-0.0000) n_face_out=(-0.0000,-0.0000,-0.0000) A_is_ee=0 box_q=(+1.00000,-0.00001,+0.00001,+0.00000) box_p=(+0.00000,+0.00000,+0.04999) ee_p=(-0.02271,-0.07959,+0.12073)
[EErel] along_push=+0.022m (neg=correct)  perp=0.079m  ee_to_box=0.082m  stage=3  obj=[0. 0.]  g_hat=[-1. -0.]
[proxy] err=0.263m  effective=[0.174 0.079 0.05 ]
[ADMM-C3+] primal: 6.1274->4.9359  dual: 109.8105->80.3186  mono=False  iters=25/25  rho=25.0
[ADMM-C3+] WARNING non-converged: pr=4.9359 dr=80.3186 tol=1e-03
[C3+] step=243 |u[0]|=40.08Nm u_axis=(+7.16,-21.66,-15.59,+28.22,+4.85,+4.72,-0.59)Nm λ_n_max=1.058 η_n_max=1.279 primal=4.936 iters=25/25 lcp_res_max=nan
[ADMIT-GUARD] step=82 admit_active=0 latch=0/0 ee_z=0.124 gate_cap=0
[ALT-GATE] step=82 target_stable=0/0 allow_descent=1
[GS-tgt] step=82 ee=(-0.022,-0.079,+0.124) p_repos=(+0.080,+0.000,+0.030) ee_to_target=0.160m target_label=prev_repos target_changed=N delta=0.000m
[GS] step=82 mode=free switch=kStayInRepos best_k=0 best_src=prev_repos curr_cost=136486.60 repos_cost=162864.85 best_other=162864.85 met_progress=N steps_since_improve=80 switches=0
[STEP] step=82 mode=free t=0.820s ee=(-0.022,-0.079,+0.124) obj=(+0.000,+0.000,+0.050) goal_dist=0.300m switch=kStayInRepos target=(-0.010,-0.071,+0.149) ee_stride=0.029m ee_to_ptarget=0.160m landing_err=0.1650m ik_ok=Y ik_resid=0.0000m q_max_resid_deg=3.74 target_changed=Y retgt=N held_idx=1 held_cost=162864.85 won_cost=162864.85 margin=+0.00 won_src=prev_repos held_valid=Y reason=hold setpoint_to_ptarget=nanm finished_val=0.1600m finished_thresh=0.0200m pd_resid=nanm nextwp_to_ptarget=nanm guide_terminal_err=nanm
[GATE-EVOLVE] step=82 curr=136486.60 best_other=162864.85 ratio=0.8380 ee_to_optimal=0.1255m phi=0.0130m
[STAGE-A-TRACE] step=82 sim_t=0.820 mode=free phi=0.01301 box_xy=+0.00000,+0.00000 lam_n_ee_box=nan qy=+0.00001 qz=+0.00000 finished_repos=0
[DRAKE-CONTACT] step=82 n_pairs=1 ee_box_normal=0.000
[GATE-CONTACT] step=82 F_W=(+0.0000,+0.0000,+0.0000) F_on_box=(-0.0000,-0.0000,-0.0000) n_face_out=(-0.0000,-0.0000,-0.0000) A_is_ee=0 box_q=(+1.00000,-0.00001,+0.00001,+0.00000) box_p=(+0.00000,+0.00000,+0.04999) ee_p=(-0.02223,-0.07935,+0.12414)
[EErel] along_push=+0.022m (neg=correct)  perp=0.079m  ee_to_box=0.082m  stage=3  obj=[0. 0.]  g_hat=[-1. -0.]
[proxy] err=0.262m  effective=[0.173 0.079 0.05 ]
[ADMM-C3+] primal: 6.1274->4.9359  dual: 109.8105->80.3186  mono=False  iters=25/25  rho=25.0
[ADMM-C3+] WARNING non-converged: pr=4.9359 dr=80.3186 tol=1e-03
[C3+] step=246 |u[0]|=39.69Nm u_axis=(+7.41,-22.20,-15.06,+27.52,+4.83,+4.45,-0.58)Nm λ_n_max=1.058 η_n_max=1.279 primal=4.936 iters=25/25 lcp_res_max=nan
[ADMIT-GUARD] step=83 admit_active=0 latch=0/0 ee_z=0.127 gate_cap=0
[ALT-GATE] step=83 target_stable=0/0 allow_descent=1
[GS-tgt] step=83 ee=(-0.022,-0.079,+0.127) p_repos=(+0.080,+0.000,+0.030) ee_to_target=0.161m target_label=prev_repos target_changed=N delta=0.000m
[GS] step=83 mode=free switch=kStayInRepos best_k=0 best_src=prev_repos curr_cost=136472.99 repos_cost=163913.27 best_other=163913.27 met_progress=N steps_since_improve=81 switches=0
[STEP] step=83 mode=free t=0.830s ee=(-0.022,-0.079,+0.127) obj=(+0.000,+0.000,+0.050) goal_dist=0.300m switch=kStayInRepos target=(-0.007,-0.068,+0.149) ee_stride=0.028m ee_to_ptarget=0.161m landing_err=0.1622m ik_ok=Y ik_resid=0.0006m q_max_resid_deg=2.94 target_changed=Y retgt=N held_idx=1 held_cost=163913.27 won_cost=163913.27 margin=+0.00 won_src=prev_repos held_valid=Y reason=hold setpoint_to_ptarget=nanm finished_val=0.1612m finished_thresh=0.0200m pd_resid=nanm nextwp_to_ptarget=nanm guide_terminal_err=nanm
[GATE-EVOLVE] step=83 curr=136472.99 best_other=163913.27 ratio=0.8326 ee_to_optimal=0.1247m phi=0.0148m
[STAGE-A-TRACE] step=83 sim_t=0.830 mode=free phi=0.01478 box_xy=+0.00000,+0.00000 lam_n_ee_box=nan qy=+0.00001 qz=+0.00000 finished_repos=0
[DRAKE-CONTACT] step=83 n_pairs=1 ee_box_normal=0.000
[GATE-CONTACT] step=83 F_W=(+0.0000,+0.0000,+0.0000) F_on_box=(-0.0000,-0.0000,-0.0000) n_face_out=(-0.0000,-0.0000,-0.0000) A_is_ee=0 box_q=(+1.00000,-0.00001,+0.00001,+0.00000) box_p=(+0.00000,+0.00000,+0.04999) ee_p=(-0.02151,-0.07893,+0.12729)
[EErel] along_push=+0.021m (neg=correct)  perp=0.078m  ee_to_box=0.081m  stage=3  obj=[0. 0.]  g_hat=[-1. -0.]
[proxy] err=0.260m  effective=[0.171 0.078 0.05 ]
[ADMM-C3+] primal: 6.1274->4.9359  dual: 109.8105->80.3186  mono=False  iters=25/25  rho=25.0
[ADMM-C3+] WARNING non-converged: pr=4.9359 dr=80.3186 tol=1e-03
[C3+] step=249 |u[0]|=39.33Nm u_axis=(+7.69,-22.83,-14.39,+26.81,+4.79,+4.14,-0.57)Nm λ_n_max=1.058 η_n_max=1.279 primal=4.936 iters=25/25 lcp_res_max=nan
[ADMIT-GUARD] step=84 admit_active=0 latch=0/0 ee_z=0.130 gate_cap=0
[ALT-GATE] step=84 target_stable=0/0 allow_descent=1
[GS-tgt] step=84 ee=(-0.021,-0.078,+0.130) p_repos=(+0.080,+0.000,+0.030) ee_to_target=0.162m target_label=prev_repos target_changed=N delta=0.000m
[GS] step=84 mode=free switch=kStayInRepos best_k=0 best_src=prev_repos curr_cost=136436.48 repos_cost=165259.94 best_other=165259.94 met_progress=N steps_since_improve=82 switches=0
[STEP] step=84 mode=free t=0.840s ee=(-0.021,-0.078,+0.130) obj=(+0.000,+0.000,+0.050) goal_dist=0.300m switch=kStayInRepos target=(-0.004,-0.066,+0.149) ee_stride=0.028m ee_to_ptarget=0.162m landing_err=0.1595m ik_ok=Y ik_resid=0.0005m q_max_resid_deg=2.28 target_changed=Y retgt=N held_idx=1 held_cost=165259.94 won_cost=165259.94 margin=+0.00 won_src=prev_repos held_valid=Y reason=hold setpoint_to_ptarget=nanm finished_val=0.1621m finished_thresh=0.0200m pd_resid=nanm nextwp_to_ptarget=nanm guide_terminal_err=nanm
[GATE-EVOLVE] step=84 curr=136436.48 best_other=165259.94 ratio=0.8256 ee_to_optimal=0.1236m phi=0.0164m
[STAGE-A-TRACE] step=84 sim_t=0.840 mode=free phi=0.01639 box_xy=+0.00000,+0.00000 lam_n_ee_box=nan qy=+0.00001 qz=+0.00000 finished_repos=0
[DRAKE-CONTACT] step=84 n_pairs=1 ee_box_normal=0.000
[GATE-CONTACT] step=84 F_W=(+0.0000,+0.0000,+0.0000) F_on_box=(-0.0000,-0.0000,-0.0000) n_face_out=(-0.0000,-0.0000,-0.0000) A_is_ee=0 box_q=(+1.00000,-0.00001,+0.00001,+0.00000) box_p=(+0.00000,+0.00000,+0.04999) ee_p=(-0.02054,-0.07834,+0.13016)
[EErel] along_push=+0.019m (neg=correct)  perp=0.078m  ee_to_box=0.080m  stage=3  obj=[0. 0.]  g_hat=[-1. -0.]
[proxy] err=0.258m  effective=[0.17  0.078 0.05 ]
[ADMM-C3+] primal: 6.1274->4.9359  dual: 109.8105->80.3186  mono=False  iters=25/25  rho=25.0
[ADMM-C3+] WARNING non-converged: pr=4.9359 dr=80.3186 tol=1e-03
[C3+] step=252 |u[0]|=39.02Nm u_axis=(+8.00,-23.51,-13.63,+26.14,+4.74,+3.78,-0.57)Nm λ_n_max=1.058 η_n_max=1.279 primal=4.936 iters=25/25 lcp_res_max=nan
[ADMIT-GUARD] step=85 admit_active=0 latch=0/0 ee_z=0.133 gate_cap=0
[ALT-GATE] step=85 target_stable=0/0 allow_descent=1
[GS-tgt] step=85 ee=(-0.019,-0.078,+0.133) p_repos=(+0.080,+0.000,+0.030) ee_to_target=0.163m target_label=prev_repos target_changed=N delta=0.000m
[GS] step=85 mode=free switch=kStayInRepos best_k=0 best_src=prev_repos curr_cost=136379.07 repos_cost=166810.24 best_other=166810.24 met_progress=N steps_since_improve=83 switches=0
[STEP] step=85 mode=free t=0.850s ee=(-0.019,-0.078,+0.133) obj=(+0.000,+0.000,+0.050) goal_dist=0.300m switch=kStayInRepos target=(-0.001,-0.063,+0.149) ee_stride=0.028m ee_to_ptarget=0.163m landing_err=0.1569m ik_ok=Y ik_resid=0.0006m q_max_resid_deg=1.68 target_changed=Y retgt=N held_idx=1 held_cost=166810.24 won_cost=166810.24 margin=+0.00 won_src=prev_repos held_valid=Y reason=hold setpoint_to_ptarget=nanm finished_val=0.1626m finished_thresh=0.0200m pd_resid=nanm nextwp_to_ptarget=nanm guide_terminal_err=nanm
[GATE-EVOLVE] step=85 curr=136379.07 best_other=166810.24 ratio=0.8176 ee_to_optimal=0.1221m phi=0.0178m
[STAGE-A-TRACE] step=85 sim_t=0.850 mode=free phi=0.01780 box_xy=+0.00000,+0.00000 lam_n_ee_box=nan qy=+0.00001 qz=+0.00000 finished_repos=0
[DRAKE-CONTACT] step=85 n_pairs=1 ee_box_normal=0.000
[GATE-CONTACT] step=85 F_W=(+0.0000,+0.0000,+0.0000) F_on_box=(-0.0000,-0.0000,-0.0000) n_face_out=(-0.0000,-0.0000,-0.0000) A_is_ee=0 box_q=(+1.00000,-0.00001,+0.00001,+0.00000) box_p=(+0.00000,+0.00000,+0.04999) ee_p=(-0.01933,-0.07756,+0.13273)
[EErel] along_push=+0.018m (neg=correct)  perp=0.077m  ee_to_box=0.079m  stage=3  obj=[0. 0.]  g_hat=[-1. -0.]
[proxy] err=0.255m  effective=[0.168 0.077 0.05 ]
[ADMM-C3+] primal: 6.1274->4.9359  dual: 109.8105->80.3187  mono=False  iters=25/25  rho=25.0
[ADMM-C3+] WARNING non-converged: pr=4.9359 dr=80.3187 tol=1e-03
[C3+] step=255 |u[0]|=38.65Nm u_axis=(+8.32,-24.01,-12.79,+25.50,+4.68,+3.39,-0.57)Nm λ_n_max=1.058 η_n_max=1.279 primal=4.936 iters=25/25 lcp_res_max=nan
[ADMIT-GUARD] step=86 admit_active=0 latch=0/0 ee_z=0.135 gate_cap=0
[ALT-GATE] step=86 target_stable=0/0 allow_descent=1
[GS-tgt] step=86 ee=(-0.018,-0.077,+0.135) p_repos=(+0.080,+0.000,+0.030) ee_to_target=0.163m target_label=prev_repos target_changed=N delta=0.000m
[GS] step=86 mode=free switch=kStayInRepos best_k=0 best_src=prev_repos curr_cost=136302.43 repos_cost=168479.83 best_other=168479.83 met_progress=N steps_since_improve=84 switches=0
[STEP] step=86 mode=free t=0.860s ee=(-0.018,-0.077,+0.135) obj=(+0.000,+0.000,+0.050) goal_dist=0.300m switch=kStayInRepos target=(+0.002,-0.061,+0.149) ee_stride=0.029m ee_to_ptarget=0.163m landing_err=0.1543m ik_ok=Y ik_resid=0.0007m q_max_resid_deg=1.57 target_changed=Y retgt=N held_idx=1 held_cost=168479.83 won_cost=168479.83 margin=+0.00 won_src=prev_repos held_valid=Y reason=hold setpoint_to_ptarget=nanm finished_val=0.1627m finished_thresh=0.0200m pd_resid=nanm nextwp_to_ptarget=nanm guide_terminal_err=nanm
[GATE-EVOLVE] step=86 curr=136302.43 best_other=168479.83 ratio=0.8090 ee_to_optimal=0.1204m phi=0.0190m
[STAGE-A-TRACE] step=86 sim_t=0.860 mode=free phi=0.01899 box_xy=+0.00000,+0.00000 lam_n_ee_box=nan qy=+0.00001 qz=+0.00000 finished_repos=0
[DRAKE-CONTACT] step=86 n_pairs=1 ee_box_normal=0.000
[GATE-CONTACT] step=86 F_W=(+0.0000,+0.0000,+0.0000) F_on_box=(-0.0000,-0.0000,-0.0000) n_face_out=(-0.0000,-0.0000,-0.0000) A_is_ee=0 box_q=(+1.00000,-0.00001,+0.00001,+0.00000) box_p=(+0.00000,+0.00000,+0.04999) ee_p=(-0.01789,-0.07660,+0.13503)
[EErel] along_push=+0.016m (neg=correct)  perp=0.075m  ee_to_box=0.077m  stage=3  obj=[0. 0.]  g_hat=[-1. -0.]
[proxy] err=0.252m  effective=[0.166 0.075 0.05 ]
[ADMM-C3+] primal: 6.1274->4.9359  dual: 109.8105->80.3186  mono=False  iters=25/25  rho=25.0
[ADMM-C3+] WARNING non-converged: pr=4.9359 dr=80.3186 tol=1e-03
[C3+] step=258 |u[0]|=37.95Nm u_axis=(+8.61,-23.93,-11.92,+24.91,+4.63,+2.98,-0.56)Nm λ_n_max=1.058 η_n_max=1.279 primal=4.936 iters=25/25 lcp_res_max=nan
[ADMIT-GUARD] step=87 admit_active=0 latch=0/0 ee_z=0.137 gate_cap=0
[ALT-GATE] step=87 target_stable=0/0 allow_descent=1
[GS-tgt] step=87 ee=(-0.016,-0.075,+0.137) p_repos=(+0.080,+0.000,+0.030) ee_to_target=0.163m target_label=prev_repos target_changed=N delta=0.000m
[GS] step=87 mode=free switch=kStayInRepos best_k=0 best_src=prev_repos curr_cost=136207.33 repos_cost=170189.68 best_other=170189.68 met_progress=N steps_since_improve=85 switches=0
[STEP] step=87 mode=free t=0.870s ee=(-0.016,-0.075,+0.137) obj=(+0.000,+0.000,+0.050) goal_dist=0.300m switch=kStayInRepos target=(+0.006,-0.058,+0.149) ee_stride=0.030m ee_to_ptarget=0.163m landing_err=0.1518m ik_ok=Y ik_resid=0.0009m q_max_resid_deg=1.90 target_changed=Y retgt=N held_idx=1 held_cost=170189.68 won_cost=170189.68 margin=+0.00 won_src=prev_repos held_valid=Y reason=hold setpoint_to_ptarget=nanm finished_val=0.1625m finished_thresh=0.0200m pd_resid=nanm nextwp_to_ptarget=nanm guide_terminal_err=nanm
[GATE-EVOLVE] step=87 curr=136207.33 best_other=170189.68 ratio=0.8003 ee_to_optimal=0.1184m phi=0.0200m
[STAGE-A-TRACE] step=87 sim_t=0.870 mode=free phi=0.01998 box_xy=+0.00000,+0.00000 lam_n_ee_box=nan qy=+0.00001 qz=+0.00000 finished_repos=0
[DRAKE-CONTACT] step=87 n_pairs=1 ee_box_normal=0.000
[GATE-CONTACT] step=87 F_W=(+0.0000,+0.0000,+0.0000) F_on_box=(-0.0000,-0.0000,-0.0000) n_face_out=(-0.0000,-0.0000,-0.0000) A_is_ee=0 box_q=(+1.00000,-0.00001,+0.00001,+0.00000) box_p=(+0.00000,+0.00000,+0.04999) ee_p=(-0.01624,-0.07547,+0.13706)
[EErel] along_push=+0.014m (neg=correct)  perp=0.074m  ee_to_box=0.076m  stage=3  obj=[0. 0.]  g_hat=[-1. -0.]
[proxy] err=0.248m  effective=[0.163 0.074 0.05 ]
[ADMM-C3+] primal: 6.1274->4.9359  dual: 109.8105->80.3186  mono=False  iters=25/25  rho=25.0
[ADMM-C3+] WARNING non-converged: pr=4.9359 dr=80.3186 tol=1e-03
[C3+] step=261 |u[0]|=37.30Nm u_axis=(+8.93,-23.85,-11.02,+24.37,+4.58,+2.54,-0.56)Nm λ_n_max=1.058 η_n_max=1.279 primal=4.936 iters=25/25 lcp_res_max=nan
[ADMIT-GUARD] step=88 admit_active=0 latch=0/0 ee_z=0.139 gate_cap=0
[ALT-GATE] step=88 target_stable=0/0 allow_descent=1
[GS-tgt] step=88 ee=(-0.014,-0.074,+0.139) p_repos=(+0.080,+0.000,+0.030) ee_to_target=0.162m target_label=prev_repos target_changed=N delta=0.000m
[GS] step=88 mode=free switch=kStayInRepos best_k=0 best_src=prev_repos curr_cost=136098.59 repos_cost=171865.29 best_other=171865.29 met_progress=N steps_since_improve=86 switches=0
[STEP] step=88 mode=free t=0.880s ee=(-0.014,-0.074,+0.139) obj=(+0.000,+0.000,+0.050) goal_dist=0.300m switch=kStayInRepos target=(+0.009,-0.056,+0.149) ee_stride=0.031m ee_to_ptarget=0.162m landing_err=0.1493m ik_ok=Y ik_resid=0.0001m q_max_resid_deg=2.37 target_changed=Y retgt=N held_idx=1 held_cost=171865.29 won_cost=171865.29 margin=+0.00 won_src=prev_repos held_valid=Y reason=hold setpoint_to_ptarget=nanm finished_val=0.1621m finished_thresh=0.0200m pd_resid=nanm nextwp_to_ptarget=nanm guide_terminal_err=nanm
[GATE-EVOLVE] step=88 curr=136098.59 best_other=171865.29 ratio=0.7919 ee_to_optimal=0.1162m phi=0.0208m
[STAGE-A-TRACE] step=88 sim_t=0.880 mode=free phi=0.02076 box_xy=+0.00000,+0.00000 lam_n_ee_box=nan qy=+0.00001 qz=+0.00000 finished_repos=0
[DRAKE-CONTACT] step=88 n_pairs=1 ee_box_normal=0.000
[GATE-CONTACT] step=88 F_W=(+0.0000,+0.0000,+0.0000) F_on_box=(-0.0000,-0.0000,-0.0000) n_face_out=(-0.0000,-0.0000,-0.0000) A_is_ee=0 box_q=(+1.00000,-0.00001,+0.00001,+0.00000) box_p=(+0.00000,+0.00000,+0.04999) ee_p=(-0.01440,-0.07419,+0.13884)
[EErel] along_push=+0.012m (neg=correct)  perp=0.073m  ee_to_box=0.074m  stage=3  obj=[0. 0.]  g_hat=[-1. -0.]
[proxy] err=0.244m  effective=[0.161 0.073 0.05 ]
[ADMM-C3+] primal: 6.1274->4.9359  dual: 109.8105->80.3186  mono=False  iters=25/25  rho=25.0
[ADMM-C3+] WARNING non-converged: pr=4.9359 dr=80.3186 tol=1e-03
[C3+] step=264 |u[0]|=36.71Nm u_axis=(+9.25,-23.77,-10.11,+23.87,+4.51,+2.08,-0.57)Nm λ_n_max=1.058 η_n_max=1.279 primal=4.936 iters=25/25 lcp_res_max=nan
[ADMIT-GUARD] step=89 admit_active=0 latch=0/0 ee_z=0.140 gate_cap=0
[ALT-GATE] step=89 target_stable=0/0 allow_descent=1
[GS-tgt] step=89 ee=(-0.012,-0.073,+0.140) p_repos=(+0.080,+0.000,+0.030) ee_to_target=0.161m target_label=prev_repos target_changed=N delta=0.000m
[GS] step=89 mode=free switch=kStayInRepos best_k=0 best_src=prev_repos curr_cost=135978.87 repos_cost=173461.71 best_other=173461.71 met_progress=N steps_since_improve=87 switches=0
[STEP] step=89 mode=free t=0.890s ee=(-0.012,-0.073,+0.140) obj=(+0.000,+0.000,+0.050) goal_dist=0.300m switch=kStayInRepos target=(+0.012,-0.053,+0.149) ee_stride=0.032m ee_to_ptarget=0.161m landing_err=0.1469m ik_ok=Y ik_resid=0.0001m q_max_resid_deg=2.66 target_changed=Y retgt=N held_idx=1 held_cost=173461.71 won_cost=173461.71 margin=+0.00 won_src=prev_repos held_valid=Y reason=hold setpoint_to_ptarget=nanm finished_val=0.1613m finished_thresh=0.0200m pd_resid=nanm nextwp_to_ptarget=nanm guide_terminal_err=nanm
[GATE-EVOLVE] step=89 curr=135978.87 best_other=173461.71 ratio=0.7839 ee_to_optimal=0.1137m phi=0.0214m
[STAGE-A-TRACE] step=89 sim_t=0.890 mode=free phi=0.02137 box_xy=+0.00000,+0.00000 lam_n_ee_box=nan qy=+0.00001 qz=+0.00000 finished_repos=0
[DRAKE-CONTACT] step=89 n_pairs=1 ee_box_normal=0.000
[GATE-CONTACT] step=89 F_W=(+0.0000,+0.0000,+0.0000) F_on_box=(-0.0000,-0.0000,-0.0000) n_face_out=(-0.0000,-0.0000,-0.0000) A_is_ee=0 box_q=(+1.00000,-0.00001,+0.00001,+0.00000) box_p=(+0.00000,+0.00000,+0.04999) ee_p=(-0.01240,-0.07275,+0.14039)
[EErel] along_push=+0.010m (neg=correct)  perp=0.071m  ee_to_box=0.072m  stage=3  obj=[0. 0.]  g_hat=[-1. -0.]
[proxy] err=0.239m  effective=[0.158 0.071 0.05 ]
[ADMM-C3+] primal: 6.1274->4.9359  dual: 109.8105->80.3186  mono=False  iters=25/25  rho=25.0
[ADMM-C3+] WARNING non-converged: pr=4.9359 dr=80.3186 tol=1e-03
[C3+] step=267 |u[0]|=36.23Nm u_axis=(+9.54,-23.79,-9.22,+23.41,+4.45,+1.61,-0.57)Nm λ_n_max=1.058 η_n_max=1.279 primal=4.936 iters=25/25 lcp_res_max=nan
[ADMIT-GUARD] step=90 admit_active=0 latch=0/0 ee_z=0.142 gate_cap=0
[ALT-GATE] step=90 target_stable=0/0 allow_descent=1
[GS-tgt] step=90 ee=(-0.010,-0.071,+0.142) p_repos=(+0.080,+0.000,+0.030) ee_to_target=0.160m target_label=prev_repos target_changed=N delta=0.000m
[IMP] step=90 mode=free |x_err|=0.0331m |tau_imp|=14.61Nm |tau_ff|=0.00Nm |tau_out|=14.61Nm sat=False lam_n=False lam_t=False
[GS] step=90 mode=free switch=kStayInRepos best_k=0 best_src=prev_repos curr_cost=135847.65 repos_cost=174956.41 best_other=174956.41 met_progress=N steps_since_improve=88 switches=0
[STEP] step=90 mode=free t=0.900s ee=(-0.010,-0.071,+0.142) obj=(+0.000,+0.000,+0.050) goal_dist=0.300m switch=kStayInRepos target=(+0.015,-0.051,+0.149) ee_stride=0.033m ee_to_ptarget=0.160m landing_err=0.1446m ik_ok=Y ik_resid=0.0001m q_max_resid_deg=2.92 target_changed=Y retgt=N held_idx=1 held_cost=174956.41 won_cost=174956.41 margin=+0.00 won_src=prev_repos held_valid=Y reason=hold setpoint_to_ptarget=nanm finished_val=0.1603m finished_thresh=0.0200m pd_resid=nanm nextwp_to_ptarget=nanm guide_terminal_err=nanm
[GATE-EVOLVE] step=90 curr=135847.65 best_other=174956.41 ratio=0.7765 ee_to_optimal=0.1111m phi=0.0218m
[STAGE-A-TRACE] step=90 sim_t=0.900 mode=free phi=0.02181 box_xy=+0.00000,+0.00000 lam_n_ee_box=nan qy=+0.00001 qz=+0.00000 finished_repos=0
[DRAKE-CONTACT] step=90 n_pairs=1 ee_box_normal=0.000
[GATE-CONTACT] step=90 F_W=(+0.0000,+0.0000,+0.0000) F_on_box=(-0.0000,-0.0000,-0.0000) n_face_out=(-0.0000,-0.0000,-0.0000) A_is_ee=0 box_q=(+1.00000,-0.00001,+0.00001,+0.00000) box_p=(+0.00000,+0.00000,+0.04999) ee_p=(-0.01024,-0.07118,+0.14174)
[PERSIST] step=91 refresh n_strategy=1 samples=[(0.08, 0.0, 0.03)]
[EErel] along_push=+0.008m (neg=correct)  perp=0.069m  ee_to_box=0.070m  stage=3  obj=[0. 0.]  g_hat=[-1. -0.]
[proxy] err=0.233m  effective=[0.155 0.069 0.05 ]
[ADMM-C3+] primal: 6.1274->4.9359  dual: 109.8105->80.3186  mono=False  iters=25/25  rho=25.0
[ADMM-C3+] WARNING non-converged: pr=4.9359 dr=80.3186 tol=1e-03
[C3+] step=270 |u[0]|=35.76Nm u_axis=(+9.82,-23.76,-8.32,+22.97,+4.37,+1.14,-0.58)Nm λ_n_max=1.058 η_n_max=1.279 primal=4.936 iters=25/25 lcp_res_max=nan
[ADMIT-GUARD] step=91 admit_active=0 latch=0/0 ee_z=0.143 gate_cap=0
[ALT-GATE] step=91 target_stable=0/0 allow_descent=1
[GS-tgt] step=91 ee=(-0.008,-0.069,+0.143) p_repos=(+0.080,+0.000,+0.030) ee_to_target=0.159m target_label=prev_repos target_changed=N delta=0.000m
[GS] step=91 mode=free switch=kStayInRepos best_k=0 best_src=prev_repos curr_cost=135712.06 repos_cost=176333.05 best_other=176333.05 met_progress=N steps_since_improve=89 switches=0
[STEP] step=91 mode=free t=0.910s ee=(-0.008,-0.069,+0.143) obj=(+0.000,+0.000,+0.050) goal_dist=0.300m switch=kStayInRepos target=(+0.018,-0.048,+0.149) ee_stride=0.034m ee_to_ptarget=0.159m landing_err=0.1424m ik_ok=Y ik_resid=0.0001m q_max_resid_deg=3.14 target_changed=Y retgt=N held_idx=1 held_cost=176333.05 won_cost=176333.05 margin=+0.00 won_src=prev_repos held_valid=Y reason=hold setpoint_to_ptarget=nanm finished_val=0.1591m finished_thresh=0.0200m pd_resid=nanm nextwp_to_ptarget=nanm guide_terminal_err=nanm
[GATE-EVOLVE] step=91 curr=135712.06 best_other=176333.05 ratio=0.7696 ee_to_optimal=0.1082m phi=0.0221m
[STAGE-A-TRACE] step=91 sim_t=0.910 mode=free phi=0.02213 box_xy=+0.00000,+0.00000 lam_n_ee_box=nan qy=+0.00001 qz=+0.00000 finished_repos=0
[DRAKE-CONTACT] step=91 n_pairs=1 ee_box_normal=0.000
[GATE-CONTACT] step=91 F_W=(+0.0000,+0.0000,+0.0000) F_on_box=(-0.0000,-0.0000,-0.0000) n_face_out=(-0.0000,-0.0000,-0.0000) A_is_ee=0 box_q=(+1.00000,-0.00001,+0.00001,+0.00000) box_p=(+0.00000,+0.00000,+0.04999) ee_p=(-0.00795,-0.06948,+0.14290)
[EErel] along_push=+0.006m (neg=correct)  perp=0.068m  ee_to_box=0.068m  stage=3  obj=[0. 0.]  g_hat=[-1. -0.]
[proxy] err=0.228m  effective=[0.152 0.068 0.05 ]
[ADMM-C3+] primal: 6.1274->4.9359  dual: 109.8105->80.3186  mono=False  iters=25/25  rho=25.0
[ADMM-C3+] WARNING non-converged: pr=4.9359 dr=80.3186 tol=1e-03
[C3+] step=273 |u[0]|=35.39Nm u_axis=(+10.12,-23.76,-7.46,+22.59,+4.30,+0.65,-0.58)Nm λ_n_max=1.058 η_n_max=1.279 primal=4.936 iters=25/25 lcp_res_max=nan
[ADMIT-GUARD] step=92 admit_active=0 latch=0/0 ee_z=0.144 gate_cap=0
[ALT-GATE] step=92 target_stable=0/0 allow_descent=1
[GS-tgt] step=92 ee=(-0.006,-0.068,+0.144) p_repos=(+0.080,+0.000,+0.030) ee_to_target=0.158m target_label=prev_repos target_changed=N delta=0.000m
[GS] step=92 mode=free switch=kStayInRepos best_k=0 best_src=prev_repos curr_cost=135570.10 repos_cost=177632.16 best_other=177632.16 met_progress=N steps_since_improve=90 switches=0
[STEP] step=92 mode=free t=0.920s ee=(-0.006,-0.068,+0.144) obj=(+0.000,+0.000,+0.050) goal_dist=0.300m switch=kStayInRepos target=(+0.021,-0.046,+0.149) ee_stride=0.035m ee_to_ptarget=0.158m landing_err=0.1402m ik_ok=Y ik_resid=0.0001m q_max_resid_deg=3.34 target_changed=Y retgt=N held_idx=1 held_cost=177632.16 won_cost=177632.16 margin=+0.00 won_src=prev_repos held_valid=Y reason=hold setpoint_to_ptarget=nanm finished_val=0.1577m finished_thresh=0.0200m pd_resid=nanm nextwp_to_ptarget=nanm guide_terminal_err=nanm
[GATE-EVOLVE] step=92 curr=135570.10 best_other=177632.16 ratio=0.7632 ee_to_optimal=0.1052m phi=0.0223m
[STAGE-A-TRACE] step=92 sim_t=0.920 mode=free phi=0.02233 box_xy=+0.00000,+0.00000 lam_n_ee_box=nan qy=+0.00001 qz=+0.00000 finished_repos=0
[DRAKE-CONTACT] step=92 n_pairs=1 ee_box_normal=0.000
[GATE-CONTACT] step=92 F_W=(+0.0000,+0.0000,+0.0000) F_on_box=(-0.0000,-0.0000,-0.0000) n_face_out=(-0.0000,-0.0000,-0.0000) A_is_ee=0 box_q=(+1.00000,-0.00001,+0.00001,+0.00000) box_p=(+0.00000,+0.00000,+0.04999) ee_p=(-0.00554,-0.06768,+0.14390)
[EErel] along_push=+0.003m (neg=correct)  perp=0.066m  ee_to_box=0.066m  stage=3  obj=[0. 0.]  g_hat=[-1. -0.]
[proxy] err=0.222m  effective=[0.149 0.066 0.05 ]
[ADMM-C3+] primal: 6.1274->4.9359  dual: 109.8105->80.3186  mono=False  iters=25/25  rho=25.0
[ADMM-C3+] WARNING non-converged: pr=4.9359 dr=80.3186 tol=1e-03
[C3+] step=276 |u[0]|=35.06Nm u_axis=(+10.40,-23.78,-6.62,+22.22,+4.22,+0.17,-0.59)Nm λ_n_max=1.058 η_n_max=1.279 primal=4.936 iters=25/25 lcp_res_max=nan
[ADMIT-GUARD] step=93 admit_active=0 latch=0/0 ee_z=0.145 gate_cap=0
[ALT-GATE] step=93 target_stable=0/0 allow_descent=1
[GS-tgt] step=93 ee=(-0.003,-0.066,+0.145) p_repos=(+0.080,+0.000,+0.030) ee_to_target=0.156m target_label=prev_repos target_changed=N delta=0.000m
[GS] step=93 mode=free switch=kStayInRepos best_k=0 best_src=prev_repos curr_cost=135427.78 repos_cost=178796.40 best_other=178796.40 met_progress=N steps_since_improve=91 switches=0
[STEP] step=93 mode=free t=0.930s ee=(-0.003,-0.066,+0.145) obj=(+0.000,+0.000,+0.050) goal_dist=0.300m switch=kStayInRepos target=(+0.024,-0.043,+0.149) ee_stride=0.036m ee_to_ptarget=0.156m landing_err=0.1381m ik_ok=Y ik_resid=0.0001m q_max_resid_deg=3.52 target_changed=Y retgt=N held_idx=1 held_cost=178796.40 won_cost=178796.40 margin=+0.00 won_src=prev_repos held_valid=Y reason=hold setpoint_to_ptarget=nanm finished_val=0.1562m finished_thresh=0.0200m pd_resid=nanm nextwp_to_ptarget=nanm guide_terminal_err=nanm
[GATE-EVOLVE] step=93 curr=135427.78 best_other=178796.40 ratio=0.7574 ee_to_optimal=0.1021m phi=0.0225m
[STAGE-A-TRACE] step=93 sim_t=0.930 mode=free phi=0.02246 box_xy=+0.00000,+0.00000 lam_n_ee_box=nan qy=+0.00001 qz=+0.00000 finished_repos=0
[DRAKE-CONTACT] step=93 n_pairs=1 ee_box_normal=0.000
[GATE-CONTACT] step=93 F_W=(+0.0000,+0.0000,+0.0000) F_on_box=(-0.0000,-0.0000,-0.0000) n_face_out=(-0.0000,-0.0000,-0.0000) A_is_ee=0 box_q=(+1.00000,-0.00001,+0.00001,+0.00000) box_p=(+0.00000,+0.00000,+0.04999) ee_p=(-0.00304,-0.06578,+0.14475)
[EErel] along_push=+0.000m (neg=correct)  perp=0.064m  ee_to_box=0.064m  stage=3  obj=[0. 0.]  g_hat=[-1. -0.]
[proxy] err=0.216m  effective=[0.146 0.064 0.05 ]
[ADMM-C3+] primal: 6.1274->4.9359  dual: 109.8105->80.3186  mono=False  iters=25/25  rho=25.0
[ADMM-C3+] WARNING non-converged: pr=4.9359 dr=80.3186 tol=1e-03
[C3+] step=279 |u[0]|=34.80Nm u_axis=(+10.66,-23.83,-5.80,+21.86,+4.14,-0.30,-0.60)Nm λ_n_max=1.058 η_n_max=1.279 primal=4.936 iters=25/25 lcp_res_max=nan
[ADMIT-GUARD] step=94 admit_active=0 latch=0/0 ee_z=0.145 gate_cap=0
[ALT-GATE] step=94 target_stable=0/0 allow_descent=1
[GS-tgt] step=94 ee=(-0.000,-0.064,+0.145) p_repos=(+0.080,+0.000,+0.030) ee_to_target=0.155m target_label=prev_repos target_changed=N delta=0.000m
[GS] step=94 mode=free switch=kStayInRepos best_k=0 best_src=prev_repos curr_cost=135284.57 repos_cost=179829.76 best_other=179829.76 met_progress=N steps_since_improve=92 switches=0
[STEP] step=94 mode=free t=0.940s ee=(-0.000,-0.064,+0.145) obj=(+0.000,+0.000,+0.050) goal_dist=0.300m switch=kStayInRepos target=(+0.028,-0.041,+0.149) ee_stride=0.036m ee_to_ptarget=0.155m landing_err=0.1361m ik_ok=Y ik_resid=0.0001m q_max_resid_deg=3.68 target_changed=Y retgt=N held_idx=1 held_cost=179829.76 won_cost=179829.76 margin=+0.00 won_src=prev_repos held_valid=Y reason=hold setpoint_to_ptarget=nanm finished_val=0.1545m finished_thresh=0.0200m pd_resid=nanm nextwp_to_ptarget=nanm guide_terminal_err=nanm
[GATE-EVOLVE] step=94 curr=135284.57 best_other=179829.76 ratio=0.7523 ee_to_optimal=0.0988m phi=0.0225m
[STAGE-A-TRACE] step=94 sim_t=0.940 mode=free phi=0.02253 box_xy=+0.00000,+0.00000 lam_n_ee_box=nan qy=+0.00001 qz=+0.00000 finished_repos=0
[DRAKE-CONTACT] step=94 n_pairs=1 ee_box_normal=0.000
[GATE-CONTACT] step=94 F_W=(+0.0000,+0.0000,+0.0000) F_on_box=(-0.0000,-0.0000,-0.0000) n_face_out=(-0.0000,-0.0000,-0.0000) A_is_ee=0 box_q=(+1.00000,-0.00001,+0.00001,+0.00000) box_p=(+0.00000,+0.00000,+0.04999) ee_p=(-0.00044,-0.06380,+0.14547)
[EErel] along_push=-0.002m (neg=correct)  perp=0.062m  ee_to_box=0.062m  stage=3  obj=[0. 0.]  g_hat=[-1. -0.]
[proxy] err=0.210m  effective=[0.143 0.062 0.05 ]
[ADMM-C3+] primal: 6.1274->4.9359  dual: 109.8105->80.3186  mono=False  iters=25/25  rho=25.0
[ADMM-C3+] WARNING non-converged: pr=4.9359 dr=80.3186 tol=1e-03
[C3+] step=282 |u[0]|=34.55Nm u_axis=(+10.90,-23.86,-5.01,+21.52,+4.05,-0.77,-0.61)Nm λ_n_max=1.058 η_n_max=1.279 primal=4.936 iters=25/25 lcp_res_max=nan
[ADMIT-GUARD] step=95 admit_active=0 latch=0/0 ee_z=0.146 gate_cap=0
[ALT-GATE] step=95 target_stable=0/0 allow_descent=1
[GS-tgt] step=95 ee=(+0.002,-0.062,+0.146) p_repos=(+0.080,+0.000,+0.030) ee_to_target=0.153m target_label=prev_repos target_changed=N delta=0.000m
[GS] step=95 mode=free switch=kStayInRepos best_k=0 best_src=prev_repos curr_cost=135145.38 repos_cost=180742.08 best_other=180742.08 met_progress=N steps_since_improve=93 switches=0
[STEP] step=95 mode=free t=0.950s ee=(+0.002,-0.062,+0.146) obj=(+0.000,+0.000,+0.050) goal_dist=0.300m switch=kStayInRepos target=(+0.031,-0.039,+0.149) ee_stride=0.037m ee_to_ptarget=0.153m landing_err=0.1342m ik_ok=Y ik_resid=0.0001m q_max_resid_deg=3.82 target_changed=Y retgt=N held_idx=1 held_cost=180742.08 won_cost=180742.08 margin=+0.00 won_src=prev_repos held_valid=Y reason=hold setpoint_to_ptarget=nanm finished_val=0.1528m finished_thresh=0.0200m pd_resid=nanm nextwp_to_ptarget=nanm guide_terminal_err=nanm
[GATE-EVOLVE] step=95 curr=135145.38 best_other=180742.08 ratio=0.7477 ee_to_optimal=0.0954m phi=0.0226m
[STAGE-A-TRACE] step=95 sim_t=0.950 mode=free phi=0.02257 box_xy=+0.00000,+0.00000 lam_n_ee_box=nan qy=+0.00001 qz=+0.00000 finished_repos=0
[DRAKE-CONTACT] step=95 n_pairs=1 ee_box_normal=0.000
[GATE-CONTACT] step=95 F_W=(+0.0000,+0.0000,+0.0000) F_on_box=(-0.0000,-0.0000,-0.0000) n_face_out=(-0.0000,-0.0000,-0.0000) A_is_ee=0 box_q=(+1.00000,-0.00001,+0.00001,+0.00000) box_p=(+0.00000,+0.00000,+0.04999) ee_p=(+0.00223,-0.06174,+0.14609)
[EErel] along_push=-0.005m (neg=correct)  perp=0.060m  ee_to_box=0.060m  stage=3  obj=[0. 0.]  g_hat=[-1. -0.]
[proxy] err=0.204m  effective=[0.14 0.06 0.05]
[ADMM-C3+] primal: 6.1274->4.9359  dual: 109.8105->80.3186  mono=False  iters=25/25  rho=25.0
[ADMM-C3+] WARNING non-converged: pr=4.9359 dr=80.3186 tol=1e-03
[C3+] step=285 |u[0]|=34.37Nm u_axis=(+11.15,-23.92,-4.26,+21.20,+3.95,-1.24,-0.62)Nm λ_n_max=1.058 η_n_max=1.279 primal=4.936 iters=25/25 lcp_res_max=nan
[ADMIT-GUARD] step=96 admit_active=0 latch=0/0 ee_z=0.147 gate_cap=0
[ALT-GATE] step=96 target_stable=0/0 allow_descent=1
[GS-tgt] step=96 ee=(+0.005,-0.060,+0.147) p_repos=(+0.080,+0.000,+0.030) ee_to_target=0.151m target_label=prev_repos target_changed=N delta=0.000m
[GS] step=96 mode=free switch=kStayInRepos best_k=0 best_src=prev_repos curr_cost=135008.80 repos_cost=181542.67 best_other=181542.67 met_progress=N steps_since_improve=94 switches=0
[STEP] step=96 mode=free t=0.960s ee=(+0.005,-0.060,+0.147) obj=(+0.000,+0.000,+0.050) goal_dist=0.300m switch=kStayInRepos target=(+0.034,-0.036,+0.149) ee_stride=0.037m ee_to_ptarget=0.151m landing_err=0.1324m ik_ok=Y ik_resid=0.0001m q_max_resid_deg=3.94 target_changed=Y retgt=N held_idx=1 held_cost=181542.67 won_cost=181542.67 margin=+0.00 won_src=prev_repos held_valid=Y reason=hold setpoint_to_ptarget=nanm finished_val=0.1509m finished_thresh=0.0200m pd_resid=nanm nextwp_to_ptarget=nanm guide_terminal_err=nanm
[GATE-EVOLVE] step=96 curr=135008.80 best_other=181542.67 ratio=0.7437 ee_to_optimal=0.0920m phi=0.0226m
[STAGE-A-TRACE] step=96 sim_t=0.960 mode=free phi=0.02260 box_xy=+0.00000,+0.00000 lam_n_ee_box=nan qy=+0.00001 qz=+0.00000 finished_repos=0
[DRAKE-CONTACT] step=96 n_pairs=1 ee_box_normal=0.000
[GATE-CONTACT] step=96 F_W=(+0.0000,+0.0000,+0.0000) F_on_box=(-0.0000,-0.0000,-0.0000) n_face_out=(-0.0000,-0.0000,-0.0000) A_is_ee=0 box_q=(+1.00000,-0.00001,+0.00001,+0.00000) box_p=(+0.00000,+0.00000,+0.04999) ee_p=(+0.00497,-0.05962,+0.14661)
[EErel] along_push=-0.008m (neg=correct)  perp=0.057m  ee_to_box=0.058m  stage=3  obj=[0. 0.]  g_hat=[-1. -0.]
[proxy] err=0.198m  effective=[0.137 0.057 0.05 ]
[ADMM-C3+] primal: 6.1274->4.9359  dual: 109.8105->80.3186  mono=False  iters=25/25  rho=25.0
[ADMM-C3+] WARNING non-converged: pr=4.9359 dr=80.3186 tol=1e-03
[C3+] step=288 |u[0]|=34.26Nm u_axis=(+11.39,-24.02,-3.54,+20.89,+3.86,-1.70,-0.63)Nm λ_n_max=1.058 η_n_max=1.279 primal=4.936 iters=25/25 lcp_res_max=nan
[ADMIT-GUARD] step=97 admit_active=0 latch=0/0 ee_z=0.147 gate_cap=0
[ALT-GATE] step=97 target_stable=0/0 allow_descent=1
[GS-tgt] step=97 ee=(+0.008,-0.057,+0.147) p_repos=(+0.080,+0.000,+0.030) ee_to_target=0.149m target_label=prev_repos target_changed=N delta=0.000m
[GS] step=97 mode=free switch=kStayInRepos best_k=0 best_src=prev_repos curr_cost=134877.69 repos_cost=182241.76 best_other=182241.76 met_progress=N steps_since_improve=95 switches=0
[STEP] step=97 mode=free t=0.970s ee=(+0.008,-0.057,+0.147) obj=(+0.000,+0.000,+0.050) goal_dist=0.300m switch=kStayInRepos target=(+0.037,-0.034,+0.149) ee_stride=0.038m ee_to_ptarget=0.149m landing_err=0.1307m ik_ok=Y ik_resid=0.0001m q_max_resid_deg=4.05 target_changed=Y retgt=N held_idx=1 held_cost=182241.76 won_cost=182241.76 margin=+0.00 won_src=prev_repos held_valid=Y reason=hold setpoint_to_ptarget=nanm finished_val=0.1491m finished_thresh=0.0200m pd_resid=nanm nextwp_to_ptarget=nanm guide_terminal_err=nanm
[GATE-EVOLVE] step=97 curr=134877.69 best_other=182241.76 ratio=0.7401 ee_to_optimal=0.0884m phi=0.0226m
[STAGE-A-TRACE] step=97 sim_t=0.970 mode=free phi=0.02263 box_xy=+0.00000,+0.00000 lam_n_ee_box=nan qy=+0.00001 qz=+0.00000 finished_repos=0
[DRAKE-CONTACT] step=97 n_pairs=1 ee_box_normal=0.000
[GATE-CONTACT] step=97 F_W=(+0.0000,+0.0000,+0.0000) F_on_box=(-0.0000,-0.0000,-0.0000) n_face_out=(-0.0000,-0.0000,-0.0000) A_is_ee=0 box_q=(+1.00000,-0.00001,+0.00001,+0.00000) box_p=(+0.00000,+0.00000,+0.04999) ee_p=(+0.00776,-0.05744,+0.14704)
[EErel] along_push=-0.011m (neg=correct)  perp=0.055m  ee_to_box=0.056m  stage=3  obj=[0. 0.]  g_hat=[-1. -0.]
[proxy] err=0.192m  effective=[0.134 0.055 0.05 ]
[ADMM-C3+] primal: 6.1274->4.9359  dual: 109.8105->80.3186  mono=False  iters=25/25  rho=25.0
[ADMM-C3+] WARNING non-converged: pr=4.9359 dr=80.3186 tol=1e-03
[C3+] step=291 |u[0]|=34.20Nm u_axis=(+11.59,-24.17,-2.87,+20.58,+3.77,-2.15,-0.64)Nm λ_n_max=1.058 η_n_max=1.279 primal=4.936 iters=25/25 lcp_res_max=nan
[ADMIT-GUARD] step=98 admit_active=0 latch=0/0 ee_z=0.147 gate_cap=0
[ALT-GATE] step=98 target_stable=0/0 allow_descent=1
[GS-tgt] step=98 ee=(+0.011,-0.055,+0.147) p_repos=(+0.080,+0.000,+0.030) ee_to_target=0.147m target_label=prev_repos target_changed=N delta=0.000m
[GS] step=98 mode=free switch=kStayInRepos best_k=0 best_src=prev_repos curr_cost=134750.83 repos_cost=182849.84 best_other=182849.84 met_progress=N steps_since_improve=96 switches=0
[STEP] step=98 mode=free t=0.980s ee=(+0.011,-0.055,+0.147) obj=(+0.000,+0.000,+0.050) goal_dist=0.300m switch=kStayInRepos target=(+0.040,-0.031,+0.149) ee_stride=0.038m ee_to_ptarget=0.147m landing_err=0.1290m ik_ok=Y ik_resid=0.0001m q_max_resid_deg=4.15 target_changed=Y retgt=N held_idx=1 held_cost=182849.84 won_cost=182849.84 margin=+0.00 won_src=prev_repos held_valid=Y reason=hold setpoint_to_ptarget=nanm finished_val=0.1471m finished_thresh=0.0200m pd_resid=nanm nextwp_to_ptarget=nanm guide_terminal_err=nanm
[GATE-EVOLVE] step=98 curr=134750.83 best_other=182849.84 ratio=0.7369 ee_to_optimal=0.0848m phi=0.0227m
[STAGE-A-TRACE] step=98 sim_t=0.980 mode=free phi=0.02270 box_xy=+0.00000,+0.00000 lam_n_ee_box=nan qy=+0.00001 qz=+0.00000 finished_repos=0
[DRAKE-CONTACT] step=98 n_pairs=1 ee_box_normal=0.000
[GATE-CONTACT] step=98 F_W=(+0.0000,+0.0000,+0.0000) F_on_box=(-0.0000,-0.0000,-0.0000) n_face_out=(-0.0000,-0.0000,-0.0000) A_is_ee=0 box_q=(+1.00000,-0.00001,+0.00001,+0.00000) box_p=(+0.00000,+0.00000,+0.04999) ee_p=(+0.01060,-0.05521,+0.14741)
[EErel] along_push=-0.013m (neg=correct)  perp=0.053m  ee_to_box=0.055m  stage=3  obj=[0. 0.]  g_hat=[-1. -0.]
[proxy] err=0.187m  effective=[0.132 0.053 0.05 ]
[ADMM-C3+] primal: 6.1274->4.9359  dual: 109.8105->80.3186  mono=False  iters=25/25  rho=25.0
[ADMM-C3+] WARNING non-converged: pr=4.9359 dr=80.3186 tol=1e-03
[C3+] step=294 |u[0]|=34.18Nm u_axis=(+11.80,-24.32,-2.26,+20.29,+3.69,-2.58,-0.65)Nm λ_n_max=1.058 η_n_max=1.279 primal=4.936 iters=25/25 lcp_res_max=nan
[ADMIT-GUARD] step=99 admit_active=0 latch=0/0 ee_z=0.148 gate_cap=0
[ALT-GATE] step=99 target_stable=0/0 allow_descent=1
[GS-tgt] step=99 ee=(+0.013,-0.053,+0.148) p_repos=(+0.080,+0.000,+0.030) ee_to_target=0.145m target_label=prev_repos target_changed=N delta=0.000m
[GS] step=99 mode=free switch=kStayInRepos best_k=0 best_src=prev_repos curr_cost=134629.39 repos_cost=183377.18 best_other=183377.18 met_progress=N steps_since_improve=97 switches=0
[STEP] step=99 mode=free t=0.990s ee=(+0.013,-0.053,+0.148) obj=(+0.000,+0.000,+0.050) goal_dist=0.300m switch=kStayInRepos target=(+0.043,-0.029,+0.149) ee_stride=0.038m ee_to_ptarget=0.145m landing_err=0.1275m ik_ok=Y ik_resid=0.0001m q_max_resid_deg=4.24 target_changed=Y retgt=N held_idx=1 held_cost=183377.18 won_cost=183377.18 margin=+0.00 won_src=prev_repos held_valid=Y reason=hold setpoint_to_ptarget=nanm finished_val=0.1452m finished_thresh=0.0200m pd_resid=nanm nextwp_to_ptarget=nanm guide_terminal_err=nanm
[GATE-EVOLVE] step=99 curr=134629.39 best_other=183377.18 ratio=0.7342 ee_to_optimal=0.0812m phi=0.0228m
[STAGE-A-TRACE] step=99 sim_t=0.990 mode=free phi=0.02281 box_xy=+0.00000,+0.00000 lam_n_ee_box=nan qy=+0.00001 qz=+0.00000 finished_repos=0
[DRAKE-CONTACT] step=99 n_pairs=1 ee_box_normal=0.000
[GATE-CONTACT] step=99 F_W=(+0.0000,+0.0000,+0.0000) F_on_box=(-0.0000,-0.0000,-0.0000) n_face_out=(-0.0000,-0.0000,-0.0000) A_is_ee=0 box_q=(+1.00000,-0.00001,+0.00001,+0.00000) box_p=(+0.00000,+0.00000,+0.04999) ee_p=(+0.01349,-0.05295,+0.14771)
[EErel] along_push=-0.016m (neg=correct)  perp=0.051m  ee_to_box=0.053m  stage=3  obj=[0. 0.]  g_hat=[-1. -0.]
[proxy] err=0.181m  effective=[0.13  0.051 0.05 ]
[ADMM-C3+] primal: 6.1274->4.9359  dual: 109.8105->80.3186  mono=False  iters=25/25  rho=25.0
[ADMM-C3+] WARNING non-converged: pr=4.9359 dr=80.3186 tol=1e-03
[C3+] step=297 |u[0]|=34.15Nm u_axis=(+11.98,-24.45,-1.67,+19.99,+3.60,-3.01,-0.66)Nm λ_n_max=1.058 η_n_max=1.279 primal=4.936 iters=25/25 lcp_res_max=nan
[ADMIT-GUARD] step=100 admit_active=0 latch=0/0 ee_z=0.148 gate_cap=0
[ALT-GATE] step=100 target_stable=0/0 allow_descent=1
[GS-tgt] step=100 ee=(+0.016,-0.051,+0.148) p_repos=(+0.080,+0.000,+0.030) ee_to_target=0.143m target_label=prev_repos target_changed=N delta=0.000m
[IMP] step=100 mode=free |x_err|=0.0388m |tau_imp|=3.54Nm |tau_ff|=0.00Nm |tau_out|=3.54Nm sat=False lam_n=False lam_t=False
[GS] step=100 mode=free switch=kStayInRepos best_k=0 best_src=prev_repos curr_cost=134516.64 repos_cost=183833.49 best_other=183833.49 met_progress=N steps_since_improve=98 switches=0
[STEP] step=100 mode=free t=1.000s ee=(+0.016,-0.051,+0.148) obj=(+0.000,+0.000,+0.050) goal_dist=0.300m switch=kStayInRepos target=(+0.046,-0.026,+0.149) ee_stride=0.039m ee_to_ptarget=0.143m landing_err=0.1261m ik_ok=Y ik_resid=0.0001m q_max_resid_deg=4.33 target_changed=Y retgt=N held_idx=1 held_cost=183833.49 won_cost=183833.49 margin=+0.00 won_src=prev_repos held_valid=Y reason=hold setpoint_to_ptarget=nanm finished_val=0.1433m finished_thresh=0.0200m pd_resid=nanm nextwp_to_ptarget=nanm guide_terminal_err=nanm
[GATE-EVOLVE] step=100 curr=134516.64 best_other=183833.49 ratio=0.7317 ee_to_optimal=0.0774m phi=0.0230m
[STAGE-A-TRACE] step=100 sim_t=1.000 mode=free phi=0.02298 box_xy=+0.00000,+0.00000 lam_n_ee_box=nan qy=+0.00001 qz=+0.00000 finished_repos=0
[GS-table] step=100
  k=0 (current   ) pos=(+0.016,-0.051,+0.148) c_C3= 134516.64 align=0.0000(bonus=    0.00) rot=+0.0000(bonus=    0.00) travel=0.000m(pen=  0.00) c_sample= 134516.64 feas=Y ik_err=0.0000m  ← WIN
  k=1 (prev_repos) pos=(+0.080,+0.000,+0.030) c_C3= 213804.84 align=1.0000(bonus=30000.00) rot=+0.0000(bonus=    0.00) travel=0.143m(pen= 28.65) c_sample= 183833.49 feas=Y ik_err=0.0002m
  k=2 (strat_0   ) pos=(+0.080,+0.000,+0.030) c_C3= 213804.84 align=1.0000(bonus=30000.00) rot=+0.0000(bonus=    0.00) travel=0.143m(pen= 28.65) c_sample= 183833.49 feas=Y ik_err=0.0002m
[DRAKE-CONTACT] step=100 n_pairs=1 ee_box_normal=0.000
[GATE-CONTACT] step=100 F_W=(+0.0000,+0.0000,+0.0000) F_on_box=(-0.0000,-0.0000,-0.0000) n_face_out=(-0.0000,-0.0000,-0.0000) A_is_ee=0 box_q=(+1.00000,-0.00001,+0.00001,+0.00000) box_p=(+0.00000,+0.00000,+0.04999) ee_p=(+0.01641,-0.05065,+0.14797)
[EErel] along_push=-0.019m (neg=correct)  perp=0.048m  ee_to_box=0.052m  stage=3  obj=[0. 0.]  g_hat=[-1. -0.]
[proxy] err=0.175m  effective=[0.128 0.047 0.05 ]
[ADMM-C3+] primal: 6.1274->4.9359  dual: 109.8105->80.3186  mono=False  iters=25/25  rho=25.0
[ADMM-C3+] WARNING non-converged: pr=4.9359 dr=80.3186 tol=1e-03
[C3+] step=300 |u[0]|=34.11Nm u_axis=(+12.08,-24.67,-1.13,+19.56,+3.50,-3.48,-0.67)Nm λ_n_max=1.058 η_n_max=1.279 primal=4.936 iters=25/25 lcp_res_max=nan
[ADMIT-GUARD] step=101 admit_active=0 latch=0/0 ee_z=0.148 gate_cap=0
[ALT-GATE] step=101 target_stable=0/0 allow_descent=1
[GS-tgt] step=101 ee=(+0.019,-0.048,+0.148) p_repos=(+0.080,+0.000,+0.030) ee_to_target=0.141m target_label=prev_repos target_changed=N delta=0.000m
[GS] step=101 mode=free switch=kStayInRepos best_k=0 best_src=prev_repos curr_cost=134395.60 repos_cost=184227.79 best_other=184227.79 met_progress=N steps_since_improve=99 switches=0
[STEP] step=101 mode=free t=1.010s ee=(+0.019,-0.048,+0.148) obj=(+0.000,+0.000,+0.050) goal_dist=0.300m switch=kStayInRepos target=(+0.050,-0.024,+0.149) ee_stride=0.039m ee_to_ptarget=0.141m landing_err=0.1248m ik_ok=Y ik_resid=0.0001m q_max_resid_deg=4.40 target_changed=Y retgt=N held_idx=1 held_cost=184227.79 won_cost=184227.79 margin=+0.00 won_src=prev_repos held_valid=Y reason=hold setpoint_to_ptarget=nanm finished_val=0.1413m finished_thresh=0.0200m pd_resid=nanm nextwp_to_ptarget=nanm guide_terminal_err=nanm
[GATE-EVOLVE] step=101 curr=134395.60 best_other=184227.79 ratio=0.7295 ee_to_optimal=0.0737m phi=0.0232m
[STAGE-A-TRACE] step=101 sim_t=1.010 mode=free phi=0.02319 box_xy=+0.00000,+0.00000 lam_n_ee_box=nan qy=+0.00001 qz=+0.00000 finished_repos=0
  t=1.00s | ee=(0.019, -0.048, 0.148) | obj=(0.000, 0.000, 0.050) | |u|=3.02 Nm | goal_dist=0.300 m
[DRAKE-CONTACT] step=101 n_pairs=1 ee_box_normal=0.000
[GATE-CONTACT] step=101 F_W=(+0.0000,+0.0000,+0.0000) F_on_box=(-0.0000,-0.0000,-0.0000) n_face_out=(-0.0000,-0.0000,-0.0000) A_is_ee=0 box_q=(+1.00000,-0.00001,+0.00001,+0.00000) box_p=(+0.00000,+0.00000,+0.04999) ee_p=(+0.01936,-0.04832,+0.14818)
[EErel] along_push=-0.022m (neg=correct)  perp=0.046m  ee_to_box=0.051m  stage=3  obj=[0. 0.]  g_hat=[-1. -0.]
[proxy] err=0.168m  effective=[0.127 0.042 0.05 ]
[ADMM-C3+] primal: 6.1274->4.9360  dual: 109.8105->80.3181  mono=False  iters=25/25  rho=25.0
[ADMM-C3+] WARNING non-converged: pr=4.9360 dr=80.3181 tol=1e-03
[C3+] step=303 |u[0]|=33.98Nm u_axis=(+10.88,-25.82,+0.89,+18.52,+2.82,-4.14,-0.62)Nm λ_n_max=1.058 η_n_max=1.279 primal=4.936 iters=25/25 lcp_res_max=nan
[ADMIT-GUARD] step=102 admit_active=0 latch=0/0 ee_z=0.148 gate_cap=0
[ALT-GATE] step=102 target_stable=0/0 allow_descent=1
[GS-tgt] step=102 ee=(+0.022,-0.046,+0.148) p_repos=(+0.080,+0.000,+0.030) ee_to_target=0.139m target_label=prev_repos target_changed=N delta=0.000m
[GS] step=102 mode=free switch=kStayInRepos best_k=0 best_src=prev_repos curr_cost=134482.78 repos_cost=184568.25 best_other=184568.25 met_progress=N steps_since_improve=100 switches=0
[STEP] step=102 mode=free t=1.020s ee=(+0.022,-0.046,+0.148) obj=(+0.000,+0.000,+0.050) goal_dist=0.300m switch=kStayInRepos target=(+0.053,-0.021,+0.149) ee_stride=0.039m ee_to_ptarget=0.139m landing_err=0.1236m ik_ok=Y ik_resid=0.0001m q_max_resid_deg=4.47 target_changed=Y retgt=N held_idx=1 held_cost=184568.25 won_cost=184568.25 margin=+0.00 won_src=prev_repos held_valid=Y reason=hold setpoint_to_ptarget=nanm finished_val=0.1394m finished_thresh=0.0200m pd_resid=nanm nextwp_to_ptarget=nanm guide_terminal_err=nanm
[GATE-EVOLVE] step=102 curr=134482.78 best_other=184568.25 ratio=0.7286 ee_to_optimal=0.0699m phi=0.0234m
[STAGE-A-TRACE] step=102 sim_t=1.020 mode=free phi=0.02337 box_xy=+0.00000,+0.00000 lam_n_ee_box=nan qy=+0.00001 qz=+0.00000 finished_repos=0
[DRAKE-CONTACT] step=102 n_pairs=1 ee_box_normal=0.000
[GATE-CONTACT] step=102 F_W=(+0.0000,+0.0000,+0.0000) F_on_box=(-0.0000,-0.0000,-0.0000) n_face_out=(-0.0000,-0.0000,-0.0000) A_is_ee=0 box_q=(+1.00000,-0.00001,+0.00001,+0.00000) box_p=(+0.00000,+0.00000,+0.04999) ee_p=(+0.02234,-0.04596,+0.14836)
[EErel] along_push=-0.025m (neg=correct)  perp=0.044m  ee_to_box=0.050m  stage=3  obj=[0. 0.]  g_hat=[-1. -0.]
[proxy] err=0.163m  effective=[0.126 0.038 0.05 ]
[ADMM-C3+] primal: 6.1274->4.9360  dual: 109.8105->80.3182  mono=False  iters=25/25  rho=25.0
[ADMM-C3+] WARNING non-converged: pr=4.9360 dr=80.3182 tol=1e-03
[C3+] step=306 |u[0]|=34.09Nm u_axis=(+10.97,-26.06,+1.21,+18.22,+2.76,-4.58,-0.63)Nm λ_n_max=1.058 η_n_max=1.279 primal=4.936 iters=25/25 lcp_res_max=nan
[ADMIT-GUARD] step=103 admit_active=0 latch=0/0 ee_z=0.149 gate_cap=0
[ALT-GATE] step=103 target_stable=0/0 allow_descent=1
[GS-tgt] step=103 ee=(+0.025,-0.044,+0.149) p_repos=(+0.080,+0.000,+0.030) ee_to_target=0.138m target_label=prev_repos target_changed=N delta=0.000m
[GS] step=103 mode=free switch=kStayInRepos best_k=0 best_src=prev_repos curr_cost=134355.54 repos_cost=184862.20 best_other=184862.20 met_progress=N steps_since_improve=101 switches=0
[STEP] step=103 mode=free t=1.030s ee=(+0.025,-0.044,+0.149) obj=(+0.000,+0.000,+0.050) goal_dist=0.300m switch=kStayInRepos target=(+0.056,-0.019,+0.149) ee_stride=0.039m ee_to_ptarget=0.138m landing_err=0.1226m ik_ok=Y ik_resid=0.0001m q_max_resid_deg=4.54 target_changed=Y retgt=N held_idx=1 held_cost=184862.20 won_cost=184862.20 margin=+0.00 won_src=prev_repos held_valid=Y reason=hold setpoint_to_ptarget=nanm finished_val=0.1376m finished_thresh=0.0200m pd_resid=nanm nextwp_to_ptarget=nanm guide_terminal_err=nanm
[GATE-EVOLVE] step=103 curr=134355.54 best_other=184862.20 ratio=0.7268 ee_to_optimal=0.0661m phi=0.0235m
[STAGE-A-TRACE] step=103 sim_t=1.030 mode=free phi=0.02351 box_xy=+0.00000,+0.00000 lam_n_ee_box=nan qy=+0.00001 qz=+0.00000 finished_repos=0
[DRAKE-CONTACT] step=103 n_pairs=1 ee_box_normal=0.000
[GATE-CONTACT] step=103 F_W=(+0.0000,+0.0000,+0.0000) F_on_box=(-0.0000,-0.0000,-0.0000) n_face_out=(-0.0000,-0.0000,-0.0000) A_is_ee=0 box_q=(+1.00000,-0.00001,+0.00001,+0.00000) box_p=(+0.00000,+0.00000,+0.04999) ee_p=(+0.02535,-0.04359,+0.14850)
[EErel] along_push=-0.028m (neg=correct)  perp=0.041m  ee_to_box=0.050m  stage=3  obj=[0. 0.]  g_hat=[-1. -0.]
[proxy] err=0.157m  effective=[0.125 0.034 0.05 ]
[ADMM-C3+] primal: 6.1274->4.9360  dual: 109.8105->80.3183  mono=False  iters=25/25  rho=25.0
[ADMM-C3+] WARNING non-converged: pr=4.9360 dr=80.3183 tol=1e-03
[C3+] step=309 |u[0]|=34.18Nm u_axis=(+10.84,-26.45,+1.69,+17.78,+2.62,-4.98,-0.64)Nm λ_n_max=1.058 η_n_max=1.279 primal=4.936 iters=25/25 lcp_res_max=nan
[ADMIT-GUARD] step=104 admit_active=0 latch=0/0 ee_z=0.149 gate_cap=0
[ALT-GATE] step=104 target_stable=0/0 allow_descent=1
[GS-tgt] step=104 ee=(+0.028,-0.041,+0.149) p_repos=(+0.080,+0.000,+0.030) ee_to_target=0.136m target_label=prev_repos target_changed=N delta=0.000m
[GS] step=104 mode=free switch=kStayInRepos best_k=0 best_src=prev_repos curr_cost=134281.36 repos_cost=185116.12 best_other=185116.12 met_progress=N steps_since_improve=102 switches=0
[STEP] step=104 mode=free t=1.040s ee=(+0.028,-0.041,+0.149) obj=(+0.000,+0.000,+0.050) goal_dist=0.300m switch=kStayInRepos target=(+0.059,-0.016,+0.149) ee_stride=0.040m ee_to_ptarget=0.136m landing_err=0.1217m ik_ok=Y ik_resid=0.0001m q_max_resid_deg=4.60 target_changed=Y retgt=N held_idx=1 held_cost=185116.12 won_cost=185116.12 margin=+0.00 won_src=prev_repos held_valid=Y reason=hold setpoint_to_ptarget=nanm finished_val=0.1358m finished_thresh=0.0200m pd_resid=nanm nextwp_to_ptarget=nanm guide_terminal_err=nanm
[GATE-EVOLVE] step=104 curr=134281.36 best_other=185116.12 ratio=0.7254 ee_to_optimal=0.0622m phi=0.0236m
[STAGE-A-TRACE] step=104 sim_t=1.040 mode=free phi=0.02363 box_xy=+0.00000,+0.00000 lam_n_ee_box=nan qy=+0.00001 qz=+0.00000 finished_repos=0
[DRAKE-CONTACT] step=104 n_pairs=1 ee_box_normal=0.000
[GATE-CONTACT] step=104 F_W=(+0.0000,+0.0000,+0.0000) F_on_box=(-0.0000,-0.0000,-0.0000) n_face_out=(-0.0000,-0.0000,-0.0000) A_is_ee=0 box_q=(+1.00000,-0.00001,+0.00001,+0.00000) box_p=(+0.00000,+0.00000,+0.04999) ee_p=(+0.02837,-0.04120,+0.14862)
[EErel] along_push=-0.031m (neg=correct)  perp=0.039m  ee_to_box=0.050m  stage=3  obj=[0. 0.]  g_hat=[-1. -0.]
[proxy] err=0.152m  effective=[0.125 0.03  0.05 ]
[ADMM-C3+] primal: 6.1274->4.9360  dual: 109.8105->80.3182  mono=False  iters=25/25  rho=25.0
[ADMM-C3+] WARNING non-converged: pr=4.9360 dr=80.3182 tol=1e-03
[C3+] step=312 |u[0]|=34.39Nm u_axis=(+11.10,-26.59,+1.72,+17.68,+2.64,-5.38,-0.66)Nm λ_n_max=1.058 η_n_max=1.279 primal=4.936 iters=25/25 lcp_res_max=nan
[ADMIT-GUARD] step=105 admit_active=0 latch=0/0 ee_z=0.149 gate_cap=0
[ALT-GATE] step=105 target_stable=0/0 allow_descent=1
[GS-tgt] step=105 ee=(+0.031,-0.039,+0.149) p_repos=(+0.080,+0.000,+0.030) ee_to_target=0.134m target_label=prev_repos target_changed=N delta=0.000m
[GS] step=105 mode=free switch=kStayInRepos best_k=0 best_src=prev_repos curr_cost=134145.07 repos_cost=185335.69 best_other=185335.69 met_progress=N steps_since_improve=103 switches=0
[STEP] step=105 mode=free t=1.050s ee=(+0.031,-0.039,+0.149) obj=(+0.000,+0.000,+0.050) goal_dist=0.300m switch=kStayInRepos target=(+0.062,-0.014,+0.149) ee_stride=0.040m ee_to_ptarget=0.134m landing_err=0.1208m ik_ok=Y ik_resid=0.0001m q_max_resid_deg=4.65 target_changed=Y retgt=N held_idx=1 held_cost=185335.69 won_cost=185335.69 margin=+0.00 won_src=prev_repos held_valid=Y reason=hold setpoint_to_ptarget=nanm finished_val=0.1340m finished_thresh=0.0200m pd_resid=nanm nextwp_to_ptarget=nanm guide_terminal_err=nanm
[GATE-EVOLVE] step=105 curr=134145.07 best_other=185335.69 ratio=0.7238 ee_to_optimal=0.0584m phi=0.0237m
[STAGE-A-TRACE] step=105 sim_t=1.050 mode=free phi=0.02373 box_xy=+0.00000,+0.00000 lam_n_ee_box=nan qy=+0.00001 qz=+0.00000 finished_repos=0
[DRAKE-CONTACT] step=105 n_pairs=1 ee_box_normal=0.000
[GATE-CONTACT] step=105 F_W=(+0.0000,+0.0000,+0.0000) F_on_box=(-0.0000,-0.0000,-0.0000) n_face_out=(-0.0000,-0.0000,-0.0000) A_is_ee=0 box_q=(+1.00000,-0.00001,+0.00001,+0.00000) box_p=(+0.00000,+0.00000,+0.04999) ee_p=(+0.03141,-0.03880,+0.14872)
[EErel] along_push=-0.034m (neg=correct)  perp=0.036m  ee_to_box=0.050m  stage=3  obj=[0. 0.]  g_hat=[-1. -0.]
[proxy] err=0.148m  effective=[0.125 0.026 0.05 ]
[ADMM-C3+] primal: 6.1274->4.9360  dual: 109.8105->80.3182  mono=False  iters=25/25  rho=25.0
[ADMM-C3+] WARNING non-converged: pr=4.9360 dr=80.3182 tol=1e-03
[C3+] step=315 |u[0]|=34.55Nm u_axis=(+11.15,-26.88,+1.90,+17.42,+2.60,-5.74,-0.67)Nm λ_n_max=1.058 η_n_max=1.279 primal=4.936 iters=25/25 lcp_res_max=nan
[ADMIT-GUARD] step=106 admit_active=0 latch=0/0 ee_z=0.149 gate_cap=0
[ALT-GATE] step=106 target_stable=0/0 allow_descent=1
[GS-tgt] step=106 ee=(+0.034,-0.036,+0.149) p_repos=(+0.080,+0.000,+0.030) ee_to_target=0.132m target_label=prev_repos target_changed=N delta=0.000m
[GS] step=106 mode=free switch=kStayInRepos best_k=0 best_src=prev_repos curr_cost=134060.74 repos_cost=185525.82 best_other=185525.82 met_progress=N steps_since_improve=104 switches=0
[STEP] step=106 mode=free t=1.060s ee=(+0.034,-0.036,+0.149) obj=(+0.000,+0.000,+0.050) goal_dist=0.300m switch=kStayInRepos target=(+0.065,-0.011,+0.149) ee_stride=0.040m ee_to_ptarget=0.132m landing_err=0.1202m ik_ok=Y ik_resid=0.0001m q_max_resid_deg=4.71 target_changed=Y retgt=N held_idx=1 held_cost=185525.82 won_cost=185525.82 margin=+0.00 won_src=prev_repos held_valid=Y reason=hold setpoint_to_ptarget=nanm finished_val=0.1323m finished_thresh=0.0200m pd_resid=nanm nextwp_to_ptarget=nanm guide_terminal_err=nanm
[GATE-EVOLVE] step=106 curr=134060.74 best_other=185525.82 ratio=0.7226 ee_to_optimal=0.0545m phi=0.0238m
[STAGE-A-TRACE] step=106 sim_t=1.060 mode=free phi=0.02382 box_xy=+0.00000,+0.00000 lam_n_ee_box=nan qy=+0.00001 qz=+0.00000 finished_repos=0
[DRAKE-CONTACT] step=106 n_pairs=1 ee_box_normal=0.000
[GATE-CONTACT] step=106 F_W=(+0.0000,+0.0000,+0.0000) F_on_box=(-0.0000,-0.0000,-0.0000) n_face_out=(-0.0000,-0.0000,-0.0000) A_is_ee=0 box_q=(+1.00000,-0.00001,+0.00001,+0.00000) box_p=(+0.00000,+0.00000,+0.04999) ee_p=(+0.03447,-0.03638,+0.14881)
[EErel] along_push=-0.038m (neg=correct)  perp=0.034m  ee_to_box=0.051m  stage=3  obj=[0. 0.]  g_hat=[-1. -0.]
[proxy] err=0.144m  effective=[0.126 0.023 0.05 ]
[ADMM-C3+] primal: 6.1274->4.9360  dual: 109.8105->80.3182  mono=False  iters=25/25  rho=25.0
[ADMM-C3+] WARNING non-converged: pr=4.9360 dr=80.3182 tol=1e-03
[C3+] step=318 |u[0]|=34.72Nm u_axis=(+11.19,-27.15,+2.02,+17.18,+2.56,-6.08,-0.68)Nm λ_n_max=1.058 η_n_max=1.279 primal=4.936 iters=25/25 lcp_res_max=nan
[ADMIT-GUARD] step=107 admit_active=0 latch=0/0 ee_z=0.149 gate_cap=0
[ALT-GATE] step=107 target_stable=0/0 allow_descent=1
[GS-tgt] step=107 ee=(+0.038,-0.034,+0.149) p_repos=(+0.080,+0.000,+0.030) ee_to_target=0.131m target_label=prev_repos target_changed=N delta=0.000m
[GS] step=107 mode=free switch=kStayInRepos best_k=0 best_src=prev_repos curr_cost=103986.03 repos_cost=185690.75 best_other=185690.75 met_progress=N steps_since_improve=105 switches=0
[STEP] step=107 mode=free t=1.070s ee=(+0.038,-0.034,+0.149) obj=(+0.000,+0.000,+0.050) goal_dist=0.300m switch=kStayInRepos target=(+0.069,-0.009,+0.149) ee_stride=0.040m ee_to_ptarget=0.131m landing_err=0.1196m ik_ok=Y ik_resid=0.0001m q_max_resid_deg=4.76 target_changed=Y retgt=N held_idx=1 held_cost=185690.75 won_cost=185690.75 margin=+0.00 won_src=prev_repos held_valid=Y reason=hold setpoint_to_ptarget=nanm finished_val=0.1307m finished_thresh=0.0200m pd_resid=nanm nextwp_to_ptarget=nanm guide_terminal_err=nanm
[GATE-EVOLVE] step=107 curr=103986.03 best_other=185690.75 ratio=0.5600 ee_to_optimal=0.0506m phi=0.0239m
[STAGE-A-TRACE] step=107 sim_t=1.070 mode=free phi=0.02388 box_xy=+0.00000,+0.00000 lam_n_ee_box=nan qy=+0.00001 qz=+0.00000 finished_repos=0
[DRAKE-CONTACT] step=107 n_pairs=1 ee_box_normal=0.000
[GATE-CONTACT] step=107 F_W=(+0.0000,+0.0000,+0.0000) F_on_box=(-0.0000,-0.0000,-0.0000) n_face_out=(-0.0000,-0.0000,-0.0000) A_is_ee=0 box_q=(+1.00000,-0.00001,+0.00001,+0.00000) box_p=(+0.00000,+0.00000,+0.04999) ee_p=(+0.03754,-0.03396,+0.14887)
[EErel] along_push=-0.041m (neg=correct)  perp=0.032m  ee_to_box=0.051m  stage=3  obj=[0. 0.]  g_hat=[-1. -0.]
[proxy] err=0.141m  effective=[0.127 0.02  0.05 ]
[ADMM-C3+] primal: 6.1274->4.9363  dual: 109.8105->80.3321  mono=False  iters=25/25  rho=25.0
[ADMM-C3+] WARNING non-converged: pr=4.9363 dr=80.3321 tol=1e-03
[C3+] step=321 |u[0]|=34.82Nm u_axis=(+10.96,-27.55,+2.35,+16.78,+2.43,-6.30,-0.68)Nm λ_n_max=1.058 η_n_max=1.279 primal=4.936 iters=25/25 lcp_res_max=nan
[ADMIT-GUARD] step=108 admit_active=0 latch=0/0 ee_z=0.149 gate_cap=0
[ALT-GATE] step=108 target_stable=0/0 allow_descent=1
[GS-tgt] step=108 ee=(+0.041,-0.032,+0.149) p_repos=(+0.080,+0.000,+0.030) ee_to_target=0.129m target_label=prev_repos target_changed=N delta=0.000m
[GS] step=108 mode=free switch=kStayInRepos best_k=0 best_src=prev_repos curr_cost=103972.92 repos_cost=185834.09 best_other=185834.09 met_progress=N steps_since_improve=106 switches=0
[STEP] step=108 mode=free t=1.080s ee=(+0.041,-0.032,+0.149) obj=(+0.000,+0.000,+0.050) goal_dist=0.300m switch=kStayInRepos target=(+0.072,-0.006,+0.149) ee_stride=0.040m ee_to_ptarget=0.129m landing_err=0.1192m ik_ok=Y ik_resid=0.0001m q_max_resid_deg=4.81 target_changed=Y retgt=N held_idx=1 held_cost=185834.09 won_cost=185834.09 margin=+0.00 won_src=prev_repos held_valid=Y reason=hold setpoint_to_ptarget=nanm finished_val=0.1292m finished_thresh=0.0200m pd_resid=nanm nextwp_to_ptarget=nanm guide_terminal_err=nanm
[GATE-EVOLVE] step=108 curr=103972.92 best_other=185834.09 ratio=0.5595 ee_to_optimal=0.0467m phi=0.0239m
[STAGE-A-TRACE] step=108 sim_t=1.080 mode=free phi=0.02394 box_xy=+0.00000,+0.00000 lam_n_ee_box=nan qy=+0.00001 qz=+0.00000 finished_repos=0
[DRAKE-CONTACT] step=108 n_pairs=1 ee_box_normal=0.000
[GATE-CONTACT] step=108 F_W=(+0.0000,+0.0000,+0.0000) F_on_box=(-0.0000,-0.0000,-0.0000) n_face_out=(-0.0000,-0.0000,-0.0000) A_is_ee=0 box_q=(+1.00000,-0.00001,+0.00001,+0.00000) box_p=(+0.00000,+0.00000,+0.04999) ee_p=(+0.04062,-0.03153,+0.14893)
[EErel] along_push=-0.044m (neg=correct)  perp=0.029m  ee_to_box=0.053m  stage=3  obj=[0. 0.]  g_hat=[-1. -0.]
[proxy] err=0.138m  effective=[0.129 0.017 0.05 ]
[ADMM-C3+] primal: 6.1274->4.9360  dual: 109.8105->80.3210  mono=False  iters=25/25  rho=25.0
[ADMM-C3+] WARNING non-converged: pr=4.9360 dr=80.3210 tol=1e-03
[C3+] step=324 |u[0]|=35.05Nm u_axis=(+10.76,-28.01,+2.58,+16.50,+2.29,-6.56,-0.69)Nm λ_n_max=1.058 η_n_max=1.279 primal=4.936 iters=25/25 lcp_res_max=nan
[ADMIT-GUARD] step=109 admit_active=0 latch=0/0 ee_z=0.149 gate_cap=0
[ALT-GATE] step=109 target_stable=0/0 allow_descent=1
[GS-tgt] step=109 ee=(+0.044,-0.029,+0.149) p_repos=(+0.080,+0.000,+0.030) ee_to_target=0.128m target_label=prev_repos target_changed=N delta=0.000m
[GS] step=109 mode=free switch=kStayInRepos best_k=0 best_src=prev_repos curr_cost=103950.84 repos_cost=185958.90 best_other=185958.90 met_progress=N steps_since_improve=107 switches=0
[STEP] step=109 mode=free t=1.090s ee=(+0.044,-0.029,+0.149) obj=(+0.000,+0.000,+0.050) goal_dist=0.300m switch=kStayInRepos target=(+0.075,-0.004,+0.149) ee_stride=0.040m ee_to_ptarget=0.128m landing_err=0.1189m ik_ok=Y ik_resid=0.0001m q_max_resid_deg=4.86 target_changed=Y retgt=N held_idx=1 held_cost=185958.90 won_cost=185958.90 margin=+0.00 won_src=prev_repos held_valid=Y reason=hold setpoint_to_ptarget=nanm finished_val=0.1277m finished_thresh=0.0200m pd_resid=nanm nextwp_to_ptarget=nanm guide_terminal_err=nanm
[GATE-EVOLVE] step=109 curr=103950.84 best_other=185958.90 ratio=0.5590 ee_to_optimal=0.0427m phi=0.0240m
[STAGE-A-TRACE] step=109 sim_t=1.090 mode=free phi=0.02399 box_xy=+0.00000,+0.00000 lam_n_ee_box=nan qy=+0.00001 qz=+0.00000 finished_repos=0
[DRAKE-CONTACT] step=109 n_pairs=1 ee_box_normal=0.000
[GATE-CONTACT] step=109 F_W=(+0.0000,+0.0000,+0.0000) F_on_box=(-0.0000,-0.0000,-0.0000) n_face_out=(-0.0000,-0.0000,-0.0000) A_is_ee=0 box_q=(+1.00000,-0.00001,+0.00001,+0.00000) box_p=(+0.00000,+0.00000,+0.04999) ee_p=(+0.04371,-0.02909,+0.14898)
[EErel] along_push=-0.047m (neg=correct)  perp=0.027m  ee_to_box=0.054m  stage=3  obj=[0. 0.]  g_hat=[-1. -0.]
[proxy] err=0.136m  effective=[0.131 0.014 0.05 ]
[ADMM-C3+] primal: 6.1274->4.9348  dual: 109.8105->80.2797  mono=False  iters=25/25  rho=25.0
[ADMM-C3+] WARNING non-converged: pr=4.9348 dr=80.2797 tol=1e-03
[C3+] step=327 |u[0]|=35.01Nm u_axis=(+9.87,-28.88,+2.52,+15.57,+2.20,-6.33,-0.65)Nm λ_n_max=1.059 η_n_max=1.279 primal=4.935 iters=25/25 lcp_res_max=nan
[ADMIT-GUARD] step=110 admit_active=0 latch=0/0 ee_z=0.149 gate_cap=0
[ALT-GATE] step=110 target_stable=0/0 allow_descent=1
[GS-tgt] step=110 ee=(+0.047,-0.027,+0.149) p_repos=(+0.080,+0.000,+0.030) ee_to_target=0.126m target_label=prev_repos target_changed=N delta=0.000m
[IMP] step=110 mode=free |x_err|=0.0400m |tau_imp|=0.92Nm |tau_ff|=0.00Nm |tau_out|=0.92Nm sat=False lam_n=False lam_t=False
[GS] step=110 mode=free switch=kStayInRepos best_k=0 best_src=prev_repos curr_cost=104238.96 repos_cost=186067.77 best_other=186067.77 met_progress=N steps_since_improve=108 switches=0
[STEP] step=110 mode=free t=1.100s ee=(+0.047,-0.027,+0.149) obj=(+0.000,+0.000,+0.050) goal_dist=0.300m switch=kStayInRepos target=(+0.078,-0.002,+0.149) ee_stride=0.040m ee_to_ptarget=0.126m landing_err=0.1188m ik_ok=Y ik_resid=0.0001m q_max_resid_deg=4.91 target_changed=Y retgt=N held_idx=1 held_cost=186067.77 won_cost=186067.77 margin=+0.00 won_src=prev_repos held_valid=Y reason=hold setpoint_to_ptarget=nanm finished_val=0.1264m finished_thresh=0.0200m pd_resid=nanm nextwp_to_ptarget=nanm guide_terminal_err=nanm
[GATE-EVOLVE] step=110 curr=104238.96 best_other=186067.77 ratio=0.5602 ee_to_optimal=0.0388m phi=0.0240m
[STAGE-A-TRACE] step=110 sim_t=1.100 mode=free phi=0.02402 box_xy=+0.00000,+0.00000 lam_n_ee_box=nan qy=+0.00001 qz=+0.00000 finished_repos=0
[DRAKE-CONTACT] step=110 n_pairs=1 ee_box_normal=0.000
[GATE-CONTACT] step=110 F_W=(+0.0000,+0.0000,+0.0000) F_on_box=(-0.0000,-0.0000,-0.0000) n_face_out=(-0.0000,-0.0000,-0.0000) A_is_ee=0 box_q=(+1.00000,-0.00001,+0.00001,+0.00000) box_p=(+0.00000,+0.00000,+0.04999) ee_p=(+0.04681,-0.02665,+0.14901)
[EErel] along_push=-0.050m (neg=correct)  perp=0.024m  ee_to_box=0.055m  stage=3  obj=[0. 0.]  g_hat=[-1. -0.]
[proxy] err=0.134m  effective=[0.133 0.012 0.05 ]
[ADMM-C3+] primal: 6.1274->4.9348  dual: 109.8105->80.2764  mono=False  iters=25/25  rho=25.0
[ADMM-C3+] WARNING non-converged: pr=4.9348 dr=80.2764 tol=1e-03
[C3+] step=330 |u[0]|=35.21Nm u_axis=(+10.02,-29.05,+2.35,+15.55,+2.25,-6.54,-0.66)Nm λ_n_max=1.059 η_n_max=1.279 primal=4.935 iters=25/25 lcp_res_max=nan
[ADMIT-GUARD] step=111 admit_active=0 latch=0/0 ee_z=0.149 gate_cap=0
[ALT-GATE] step=111 target_stable=0/0 allow_descent=1
[GS-tgt] step=111 ee=(+0.050,-0.024,+0.149) p_repos=(+0.080,+0.000,+0.030) ee_to_target=0.125m target_label=prev_repos target_changed=N delta=0.000m
[GS] step=111 mode=free switch=kStayInRepos best_k=0 best_src=prev_repos curr_cost=104177.58 repos_cost=186162.86 best_other=186162.86 met_progress=N steps_since_improve=109 switches=0
[STEP] step=111 mode=free t=1.110s ee=(+0.050,-0.024,+0.149) obj=(+0.000,+0.000,+0.050) goal_dist=0.300m switch=kStayInRepos target=(+0.080,+0.000,+0.145) ee_stride=0.039m ee_to_ptarget=0.125m landing_err=0.1147m ik_ok=Y ik_resid=0.0001m q_max_resid_deg=5.01 target_changed=Y retgt=N held_idx=1 held_cost=186162.86 won_cost=186162.86 margin=+0.00 won_src=prev_repos held_valid=Y reason=hold setpoint_to_ptarget=nanm finished_val=0.1252m finished_thresh=0.0200m pd_resid=nanm nextwp_to_ptarget=nanm guide_terminal_err=nanm
[GATE-EVOLVE] step=111 curr=104177.58 best_other=186162.86 ratio=0.5596 ee_to_optimal=0.0349m phi=0.0241m
[STAGE-A-TRACE] step=111 sim_t=1.110 mode=free phi=0.02406 box_xy=+0.00000,+0.00000 lam_n_ee_box=nan qy=+0.00001 qz=+0.00000 finished_repos=0
[DRAKE-CONTACT] step=111 n_pairs=1 ee_box_normal=0.000
[GATE-CONTACT] step=111 F_W=(+0.0000,+0.0000,+0.0000) F_on_box=(-0.0000,-0.0000,-0.0000) n_face_out=(-0.0000,-0.0000,-0.0000) A_is_ee=0 box_q=(+1.00000,-0.00001,+0.00001,+0.00000) box_p=(+0.00000,+0.00000,+0.04999) ee_p=(+0.04991,-0.02420,+0.14905)
[EErel] along_push=-0.053m (neg=correct)  perp=0.022m  ee_to_box=0.057m  stage=3  obj=[0. 0.]  g_hat=[-1. -0.]
[proxy] err=0.133m  effective=[0.136 0.009 0.05 ]
[ADMM-C3+] primal: 6.1274->4.9359  dual: 109.8105->80.3186  mono=False  iters=25/25  rho=25.0
[ADMM-C3+] WARNING non-converged: pr=4.9359 dr=80.3186 tol=1e-03
[C3+] step=333 |u[0]|=35.82Nm u_axis=(+11.60,-28.84,+1.55,+15.89,+2.91,-7.29,-0.79)Nm λ_n_max=1.058 η_n_max=1.279 primal=4.936 iters=25/25 lcp_res_max=nan
[ADMIT-GUARD] step=112 admit_active=0 latch=0/0 ee_z=0.149 gate_cap=0
[ALT-GATE] step=112 target_stable=0/0 allow_descent=1
[GS-tgt] step=112 ee=(+0.053,-0.022,+0.149) p_repos=(+0.080,+0.000,+0.030) ee_to_target=0.124m target_label=prev_repos target_changed=N delta=0.000m
[GS] step=112 mode=free switch=kStayInRepos best_k=0 best_src=prev_repos curr_cost=103712.56 repos_cost=187116.67 best_other=187116.67 met_progress=N steps_since_improve=110 switches=0
[STEP] step=112 mode=free t=1.120s ee=(+0.053,-0.022,+0.149) obj=(+0.000,+0.000,+0.050) goal_dist=0.300m switch=kStayInRepos target=(+0.080,+0.000,+0.141) ee_stride=0.036m ee_to_ptarget=0.124m landing_err=0.1107m ik_ok=Y ik_resid=0.0001m q_max_resid_deg=4.78 target_changed=Y retgt=N held_idx=1 held_cost=187116.67 won_cost=187116.67 margin=+0.00 won_src=prev_repos held_valid=Y reason=hold setpoint_to_ptarget=nanm finished_val=0.1239m finished_thresh=0.0200m pd_resid=nanm nextwp_to_ptarget=nanm guide_terminal_err=nanm
[GATE-EVOLVE] step=112 curr=103712.56 best_other=187116.67 ratio=0.5543 ee_to_optimal=0.0310m phi=0.0241m
[STAGE-A-TRACE] step=112 sim_t=1.120 mode=free phi=0.02409 box_xy=+0.00000,+0.00000 lam_n_ee_box=nan qy=+0.00001 qz=+0.00000 finished_repos=0
[DRAKE-CONTACT] step=112 n_pairs=1 ee_box_normal=0.000
[GATE-CONTACT] step=112 F_W=(+0.0000,+0.0000,+0.0000) F_on_box=(-0.0000,-0.0000,-0.0000) n_face_out=(-0.0000,-0.0000,-0.0000) A_is_ee=0 box_q=(+1.00000,-0.00001,+0.00001,+0.00000) box_p=(+0.00000,+0.00000,+0.04999) ee_p=(+0.05300,-0.02178,+0.14899)
[EErel] along_push=-0.056m (neg=correct)  perp=0.019m  ee_to_box=0.059m  stage=3  obj=[0. 0.]  g_hat=[-1. -0.]
[proxy] err=0.132m  effective=[0.139 0.008 0.05 ]
[ADMM-C3+] primal: 6.1274->4.9359  dual: 109.8105->80.3186  mono=False  iters=25/25  rho=25.0
[ADMM-C3+] WARNING non-converged: pr=4.9359 dr=80.3186 tol=1e-03
[C3+] step=336 |u[0]|=36.40Nm u_axis=(+11.36,-29.53,+1.42,+16.08,+2.98,-7.30,-0.81)Nm λ_n_max=1.058 η_n_max=1.279 primal=4.936 iters=25/25 lcp_res_max=nan
[ADMIT-GUARD] step=113 admit_active=0 latch=0/0 ee_z=0.149 gate_cap=0
[ALT-GATE] step=113 target_stable=0/0 allow_descent=1
[GS-tgt] step=113 ee=(+0.056,-0.019,+0.149) p_repos=(+0.080,+0.000,+0.030) ee_to_target=0.123m target_label=prev_repos target_changed=N delta=0.000m
[GS] step=113 mode=free switch=kStayInRepos best_k=0 best_src=prev_repos curr_cost=103696.00 repos_cost=188598.64 best_other=188598.64 met_progress=N steps_since_improve=111 switches=0
[STEP] step=113 mode=free t=1.130s ee=(+0.056,-0.019,+0.149) obj=(+0.000,+0.000,+0.050) goal_dist=0.300m switch=kStayInRepos target=(+0.080,+0.000,+0.137) ee_stride=0.033m ee_to_ptarget=0.123m landing_err=0.1067m ik_ok=Y ik_resid=0.0001m q_max_resid_deg=4.55 target_changed=Y retgt=N held_idx=1 held_cost=188598.64 won_cost=188598.64 margin=+0.00 won_src=prev_repos held_valid=Y reason=hold setpoint_to_ptarget=nanm finished_val=0.1227m finished_thresh=0.0200m pd_resid=nanm nextwp_to_ptarget=nanm guide_terminal_err=nanm
[GATE-EVOLVE] step=113 curr=103696.00 best_other=188598.64 ratio=0.5498 ee_to_optimal=0.0272m phi=0.0241m
[STAGE-A-TRACE] step=113 sim_t=1.130 mode=free phi=0.02410 box_xy=+0.00000,+0.00000 lam_n_ee_box=nan qy=+0.00001 qz=+0.00000 finished_repos=0
[DRAKE-CONTACT] step=113 n_pairs=1 ee_box_normal=0.000
[GATE-CONTACT] step=113 F_W=(+0.0000,+0.0000,+0.0000) F_on_box=(-0.0000,-0.0000,-0.0000) n_face_out=(-0.0000,-0.0000,-0.0000) A_is_ee=0 box_q=(+1.00000,-0.00001,+0.00001,+0.00000) box_p=(+0.00000,+0.00000,+0.04999) ee_p=(+0.05598,-0.01944,+0.14873)
[EErel] along_push=-0.059m (neg=correct)  perp=0.017m  ee_to_box=0.061m  stage=3  obj=[0. 0.]  g_hat=[-1. -0.]
[proxy] err=0.131m  effective=[0.142 0.006 0.05 ]
[ADMM-C3+] primal: 6.1274->4.9359  dual: 109.8105->80.3183  mono=False  iters=25/25  rho=25.0
[ADMM-C3+] WARNING non-converged: pr=4.9359 dr=80.3183 tol=1e-03
[C3+] step=339 |u[0]|=36.81Nm u_axis=(+10.98,-30.00,+1.31,+16.48,+3.05,-7.15,-0.83)Nm λ_n_max=1.059 η_n_max=1.279 primal=4.936 iters=25/25 lcp_res_max=nan
[ADMIT-GUARD] step=114 admit_active=0 latch=0/0 ee_z=0.148 gate_cap=0
[ALT-GATE] step=114 target_stable=0/0 allow_descent=1
[GS-tgt] step=114 ee=(+0.059,-0.017,+0.148) p_repos=(+0.080,+0.000,+0.030) ee_to_target=0.121m target_label=prev_repos target_changed=N delta=0.000m
[GS] step=114 mode=free switch=kStayInRepos best_k=0 best_src=prev_repos curr_cost=103705.93 repos_cost=190321.18 best_other=190321.18 met_progress=N steps_since_improve=112 switches=0
[STEP] step=114 mode=free t=1.140s ee=(+0.059,-0.017,+0.148) obj=(+0.000,+0.000,+0.050) goal_dist=0.300m switch=kStayInRepos target=(+0.080,+0.000,+0.133) ee_stride=0.031m ee_to_ptarget=0.121m landing_err=0.1027m ik_ok=Y ik_resid=0.0001m q_max_resid_deg=4.34 target_changed=Y retgt=N held_idx=1 held_cost=190321.18 won_cost=190321.18 margin=+0.00 won_src=prev_repos held_valid=Y reason=hold setpoint_to_ptarget=nanm finished_val=0.1213m finished_thresh=0.0200m pd_resid=nanm nextwp_to_ptarget=nanm guide_terminal_err=nanm
[GATE-EVOLVE] step=114 curr=103705.93 best_other=190321.18 ratio=0.5449 ee_to_optimal=0.0237m phi=0.0240m
[STAGE-A-TRACE] step=114 sim_t=1.140 mode=free phi=0.02399 box_xy=+0.00000,+0.00000 lam_n_ee_box=nan qy=+0.00001 qz=+0.00000 finished_repos=0
[DRAKE-CONTACT] step=114 n_pairs=1 ee_box_normal=0.000
[GATE-CONTACT] step=114 F_W=(+0.0000,+0.0000,+0.0000) F_on_box=(-0.0000,-0.0000,-0.0000) n_face_out=(-0.0000,-0.0000,-0.0000) A_is_ee=0 box_q=(+1.00000,-0.00001,+0.00001,+0.00000) box_p=(+0.00000,+0.00000,+0.04999) ee_p=(+0.05879,-0.01725,+0.14819)
[EErel] along_push=-0.061m (neg=correct)  perp=0.015m  ee_to_box=0.063m  stage=3  obj=[0. 0.]  g_hat=[-1. -0.]
[proxy] err=0.130m  effective=[0.145 0.005 0.05 ]
[ADMM-C3+] primal: 6.1274->4.9359  dual: 109.8105->80.3186  mono=False  iters=25/25  rho=25.0
[ADMM-C3+] WARNING non-converged: pr=4.9359 dr=80.3186 tol=1e-03
[C3+] step=342 |u[0]|=37.00Nm u_axis=(+10.77,-30.00,+0.50,+17.00,+3.54,-7.10,-0.88)Nm λ_n_max=1.058 η_n_max=1.279 primal=4.936 iters=25/25 lcp_res_max=nan
[ADMIT-GUARD] step=115 admit_active=0 latch=0/0 ee_z=0.147 gate_cap=0
[ALT-GATE] step=115 target_stable=0/0 allow_descent=1
[GS-tgt] step=115 ee=(+0.061,-0.015,+0.147) p_repos=(+0.080,+0.000,+0.030) ee_to_target=0.120m target_label=prev_repos target_changed=N delta=0.000m
[GS] step=115 mode=free switch=kStayInRepos best_k=0 best_src=prev_repos curr_cost=103684.25 repos_cost=192053.93 best_other=192053.93 met_progress=N steps_since_improve=113 switches=0
[STEP] step=115 mode=free t=1.150s ee=(+0.061,-0.015,+0.147) obj=(+0.000,+0.000,+0.050) goal_dist=0.300m switch=kStayInRepos target=(+0.080,+0.000,+0.129) ee_stride=0.030m ee_to_ptarget=0.120m landing_err=0.0987m ik_ok=Y ik_resid=0.0001m q_max_resid_deg=4.54 target_changed=Y retgt=N held_idx=1 held_cost=192053.93 won_cost=192053.93 margin=+0.00 won_src=prev_repos held_valid=Y reason=hold setpoint_to_ptarget=nanm finished_val=0.1198m finished_thresh=0.0200m pd_resid=nanm nextwp_to_ptarget=nanm guide_terminal_err=nanm
[GATE-EVOLVE] step=115 curr=103684.25 best_other=192053.93 ratio=0.5399 ee_to_optimal=0.0204m phi=0.0237m
[STAGE-A-TRACE] step=115 sim_t=1.150 mode=free phi=0.02369 box_xy=+0.00000,+0.00000 lam_n_ee_box=nan qy=+0.00001 qz=+0.00000 finished_repos=0
[DRAKE-CONTACT] step=115 n_pairs=1 ee_box_normal=0.000
[GATE-CONTACT] step=115 F_W=(+0.0000,+0.0000,+0.0000) F_on_box=(-0.0000,-0.0000,-0.0000) n_face_out=(-0.0000,-0.0000,-0.0000) A_is_ee=0 box_q=(+1.00000,-0.00001,+0.00001,+0.00000) box_p=(+0.00000,+0.00000,+0.04999) ee_p=(+0.06138,-0.01523,+0.14733)
[EErel] along_push=-0.064m (neg=correct)  perp=0.013m  ee_to_box=0.065m  stage=3  obj=[0. 0.]  g_hat=[-1. -0.]
[proxy] err=0.129m  effective=[0.148 0.004 0.05 ]
[ADMM-C3+] primal: 6.1274->4.9359  dual: 109.8105->80.3195  mono=False  iters=25/25  rho=25.0
[ADMM-C3+] WARNING non-converged: pr=4.9359 dr=80.3195 tol=1e-03
[C3+] step=345 |u[0]|=37.49Nm u_axis=(+10.57,-30.00,+0.34,+18.12,+3.65,-7.14,-0.90)Nm λ_n_max=1.059 η_n_max=1.279 primal=4.936 iters=25/25 lcp_res_max=nan
[ADMIT-GUARD] step=116 admit_active=0 latch=0/0 ee_z=0.146 gate_cap=0
[ALT-GATE] step=116 target_stable=0/0 allow_descent=1
[GS-tgt] step=116 ee=(+0.064,-0.013,+0.146) p_repos=(+0.080,+0.000,+0.030) ee_to_target=0.118m target_label=strat_0 target_changed=N delta=0.000m
[GS] step=116 mode=free switch=kStayInRepos best_k=0 best_src=strat_0 curr_cost=103768.70 repos_cost=193676.55 best_other=193676.55 met_progress=N steps_since_improve=114 switches=0
[STEP] step=116 mode=free t=1.160s ee=(+0.064,-0.013,+0.146) obj=(+0.000,+0.000,+0.050) goal_dist=0.300m switch=kStayInRepos target=(+0.080,+0.000,+0.125) ee_stride=0.030m ee_to_ptarget=0.118m landing_err=0.0947m ik_ok=Y ik_resid=0.0001m q_max_resid_deg=4.71 target_changed=Y retgt=Y held_idx=1 held_cost=193676.55 won_cost=193676.55 margin=+0.00 won_src=strat_0 held_valid=Y reason=noise_flip setpoint_to_ptarget=nanm finished_val=0.1181m finished_thresh=0.0200m pd_resid=nanm nextwp_to_ptarget=nanm guide_terminal_err=nanm
[GATE-EVOLVE] step=116 curr=103768.70 best_other=193676.55 ratio=0.5358 ee_to_optimal=0.0175m phi=0.0232m
[STAGE-A-TRACE] step=116 sim_t=1.160 mode=free phi=0.02317 box_xy=+0.00000,+0.00000 lam_n_ee_box=nan qy=+0.00001 qz=+0.00000 finished_repos=0
[DRAKE-CONTACT] step=116 n_pairs=1 ee_box_normal=0.000
[GATE-CONTACT] step=116 F_W=(+0.0000,+0.0000,+0.0000) F_on_box=(-0.0000,-0.0000,-0.0000) n_face_out=(-0.0000,-0.0000,-0.0000) A_is_ee=0 box_q=(+1.00000,-0.00001,+0.00001,+0.00000) box_p=(+0.00000,+0.00000,+0.04999) ee_p=(+0.06373,-0.01339,+0.14617)
[EErel] along_push=-0.066m (neg=correct)  perp=0.012m  ee_to_box=0.067m  stage=3  obj=[0. 0.]  g_hat=[-1. -0.]
[proxy] err=0.128m  effective=[0.15  0.003 0.05 ]
[ADMM-C3+] primal: 6.1274->4.9359  dual: 109.8105->80.3185  mono=False  iters=25/25  rho=25.0
[ADMM-C3+] WARNING non-converged: pr=4.9359 dr=80.3185 tol=1e-03
[C3+] step=348 |u[0]|=37.86Nm u_axis=(+10.35,-30.00,-0.52,+18.92,+4.17,-7.07,-0.96)Nm λ_n_max=1.058 η_n_max=1.279 primal=4.936 iters=25/25 lcp_res_max=nan
[ADMIT-GUARD] step=117 admit_active=0 latch=0/0 ee_z=0.145 gate_cap=0
[ALT-GATE] step=117 target_stable=0/0 allow_descent=1
[GS-tgt] step=117 ee=(+0.066,-0.012,+0.145) p_repos=(+0.080,+0.000,+0.030) ee_to_target=0.116m target_label=prev_repos target_changed=N delta=0.000m
[GS] step=117 mode=free switch=kStayInRepos best_k=0 best_src=prev_repos curr_cost=103776.90 repos_cost=195131.46 best_other=195131.46 met_progress=N steps_since_improve=115 switches=0
[STEP] step=117 mode=free t=1.170s ee=(+0.066,-0.012,+0.145) obj=(+0.000,+0.000,+0.050) goal_dist=0.300m switch=kStayInRepos target=(+0.080,+0.000,+0.121) ee_stride=0.030m ee_to_ptarget=0.116m landing_err=0.0907m ik_ok=Y ik_resid=0.0001m q_max_resid_deg=4.86 target_changed=Y retgt=N held_idx=1 held_cost=195131.46 won_cost=195131.46 margin=+0.00 won_src=prev_repos held_valid=Y reason=hold setpoint_to_ptarget=nanm finished_val=0.1162m finished_thresh=0.0200m pd_resid=nanm nextwp_to_ptarget=nanm guide_terminal_err=nanm
[GATE-EVOLVE] step=117 curr=103776.90 best_other=195131.46 ratio=0.5318 ee_to_optimal=0.0149m phi=0.0224m
[STAGE-A-TRACE] step=117 sim_t=1.170 mode=free phi=0.02242 box_xy=+0.00000,+0.00000 lam_n_ee_box=nan qy=+0.00001 qz=+0.00000 finished_repos=0
[DRAKE-CONTACT] step=117 n_pairs=1 ee_box_normal=0.000
[GATE-CONTACT] step=117 F_W=(+0.0000,+0.0000,+0.0000) F_on_box=(-0.0000,-0.0000,-0.0000) n_face_out=(-0.0000,-0.0000,-0.0000) A_is_ee=0 box_q=(+1.00000,-0.00001,+0.00001,+0.00000) box_p=(+0.00000,+0.00000,+0.04999) ee_p=(+0.06583,-0.01174,+0.14469)
[EErel] along_push=-0.068m (neg=correct)  perp=0.010m  ee_to_box=0.068m  stage=3  obj=[0. 0.]  g_hat=[-1. -0.]
[proxy] err=0.127m  effective=[0.153 0.002 0.05 ]
[ADMM-C3+] primal: 6.1274->4.9359  dual: 109.8105->80.3185  mono=False  iters=25/25  rho=25.0
[ADMM-C3+] WARNING non-converged: pr=4.9359 dr=80.3185 tol=1e-03
[C3+] step=351 |u[0]|=38.50Nm u_axis=(+10.25,-30.00,-1.08,+20.08,+4.51,-7.15,-1.01)Nm λ_n_max=1.058 η_n_max=1.279 primal=4.936 iters=25/25 lcp_res_max=nan
[ADMIT-GUARD] step=118 admit_active=0 latch=0/0 ee_z=0.143 gate_cap=0
[ALT-GATE] step=118 target_stable=0/0 allow_descent=1
[GS-tgt] step=118 ee=(+0.068,-0.010,+0.143) p_repos=(+0.080,+0.000,+0.030) ee_to_target=0.114m target_label=prev_repos target_changed=N delta=0.000m
[GS] step=118 mode=free switch=kStayInRepos best_k=0 best_src=prev_repos curr_cost=103865.97 repos_cost=196620.41 best_other=196620.41 met_progress=N steps_since_improve=116 switches=0
[STEP] step=118 mode=free t=1.180s ee=(+0.068,-0.010,+0.143) obj=(+0.000,+0.000,+0.050) goal_dist=0.300m switch=kStayInRepos target=(+0.080,+0.000,+0.117) ee_stride=0.031m ee_to_ptarget=0.114m landing_err=0.0867m ik_ok=Y ik_resid=0.0001m q_max_resid_deg=4.99 target_changed=Y retgt=N held_idx=1 held_cost=196620.41 won_cost=196620.41 margin=+0.00 won_src=prev_repos held_valid=Y reason=hold setpoint_to_ptarget=nanm finished_val=0.1140m finished_thresh=0.0200m pd_resid=nanm nextwp_to_ptarget=nanm guide_terminal_err=nanm
[GATE-EVOLVE] step=118 curr=103865.97 best_other=196620.41 ratio=0.5283 ee_to_optimal=0.0126m phi=0.0214m
[STAGE-A-TRACE] step=118 sim_t=1.180 mode=free phi=0.02143 box_xy=+0.00000,+0.00000 lam_n_ee_box=nan qy=+0.00001 qz=+0.00000 finished_repos=0
[DRAKE-CONTACT] step=118 n_pairs=1 ee_box_normal=0.000
[GATE-CONTACT] step=118 F_W=(+0.0000,+0.0000,+0.0000) F_on_box=(-0.0000,-0.0000,-0.0000) n_face_out=(-0.0000,-0.0000,-0.0000) A_is_ee=0 box_q=(+1.00000,-0.00001,+0.00001,+0.00000) box_p=(+0.00000,+0.00000,+0.04999) ee_p=(+0.06770,-0.01028,+0.14292)
[EErel] along_push=-0.069m (neg=correct)  perp=0.009m  ee_to_box=0.070m  stage=3  obj=[0. 0.]  g_hat=[-1. -0.]
[proxy] err=0.125m  effective=[0.155 0.002 0.05 ]
[ADMM-C3+] primal: 6.1274->4.9359  dual: 109.8105->80.3186  mono=False  iters=25/25  rho=25.0
[ADMM-C3+] WARNING non-converged: pr=4.9359 dr=80.3186 tol=1e-03
[C3+] step=354 |u[0]|=39.15Nm u_axis=(+10.14,-30.00,-1.67,+21.23,+4.87,-7.19,-1.07)Nm λ_n_max=1.058 η_n_max=1.279 primal=4.936 iters=25/25 lcp_res_max=nan
[EErel] along_push=-0.069m (neg=correct)  perp=0.009m  ee_to_box=0.070m  stage=3  obj=[0. 0.]  g_hat=[-1. -0.]
[proxy] err=0.125m  effective=[0.155 0.002 0.05 ]
[§7.67 B1-A PLUMB] first-solve mpc_step=1 n_contact_info=1  n_J_n=1  tags=['BOX-GND']  ee_box_idx=None
[ADMM-C3+] primal: 6.1274->4.9359  dual: 109.8105->80.3186  mono=False  iters=25/25  rho=25.0
[ADMM-C3+] WARNING non-converged: pr=4.9359 dr=80.3186 tol=1e-03
[C3+] step=357 |u[0]|=29.29Nm u_axis=(+1.81,-27.89,-1.25,+7.36,+2.71,-3.67,-0.51)Nm λ_n_max=1.058 η_n_max=1.279 primal=4.936 iters=25/25 lcp_res_max=nan
[CONTACT-RUN] step=119 nhat_BA_W=[+0.000,+0.000,+0.000] p_BCb=[+0.000,+0.000,+0.000] distance=+1.00000 contact_type=NONE
[MATH.LCS-DUMP] step=119 n_c=1 box_y_vel_row=25 lambda_n_first_col=1
[MATH.LCS-DUMP] D shape=(27, 6)
[[ 0.       0.       0.       0.       0.       0.     ]
 [ 0.       0.       0.       0.       0.       0.     ]
 [ 0.       0.       0.       0.       0.       0.     ]
 [ 0.       0.       0.       0.       0.       0.     ]
 [ 0.       0.       0.       0.       0.       0.     ]
 [ 0.       0.       0.       0.       0.       0.     ]
 [ 0.       0.       0.       0.       0.       0.     ]
 [ 0.       0.00001  0.      -0.       0.      -0.     ]
 [ 0.       0.18768  0.1877  -0.1877   0.      -0.     ]
 [ 0.      -0.18768 -0.       0.      -0.1877   0.1877 ]
 [ 0.       0.       0.18769 -0.18769 -0.18769  0.18769]
 [ 0.       0.       0.       0.       0.0125  -0.0125 ]
 [ 0.       0.       0.0125  -0.0125  -0.       0.     ]
 [ 0.       0.0125  -0.       0.      -0.       0.     ]
 [ 0.       0.       0.       0.       0.       0.     ]
 [ 0.       0.       0.       0.       0.       0.     ]
 [ 0.       0.       0.       0.       0.       0.     ]
 [ 0.       0.       0.       0.       0.       0.     ]
 [ 0.       0.       0.       0.       0.       0.     ]
 [ 0.       0.       0.       0.       0.       0.     ]
 [ 0.       0.       0.       0.       0.       0.     ]
 [ 0.       7.50728  7.50795 -7.50795 -0.       0.     ]
 [ 0.      -7.50728  0.      -0.      -7.50795  7.50795]
 [ 0.       0.       7.50728 -7.50728 -7.50728  7.50728]
 [ 0.       0.       0.       0.       0.25    -0.25   ]
 [ 0.       0.       0.25    -0.25    -0.       0.     ]
 [ 0.       0.25    -0.       0.      -0.       0.     ]]
[MATH.LCS-DUMP] E shape=(6, 27)
[[ 0.    0.    0.    0.    0.    0.    0.    0.    0.    0.    0.    0.    0.    0.    0.    0.    0.    0.    0.    0.    0.    0.    0.    0.    0.    0.    0.  ]
 [ 0.    0.    0.    0.    0.    0.    0.    0.    0.    0.    0.    0.    0.    0.    0.    0.    0.    0.    0.    0.    0.    0.05 -0.05  0.    0.    0.    1.  ]
 [ 0.    0.    0.    0.    0.    0.    0.    0.    0.    0.    0.    0.    0.    0.    0.    0.    0.    0.    0.    0.    0.    0.05  0.    0.05  0.    1.   -0.  ]
 [ 0.    0.    0.    0.    0.    0.    0.    0.    0.    0.    0.    0.    0.    0.    0.    0.    0.    0.    0.    0.    0.   -0.05 -0.   -0.05  0.   -1.    0.  ]
 [ 0.    0.    0.    0.    0.    0.    0.    0.    0.    0.    0.    0.    0.    0.    0.    0.    0.    0.    0.    0.    0.   -0.   -0.05 -0.05  1.   -0.   -0.  ]
 [ 0.    0.    0.    0.    0.    0.    0.    0.    0.    0.    0.    0.    0.    0.    0.    0.    0.    0.    0.    0.    0.    0.    0.05  0.05 -1.    0.    0.  ]]
[MATH.LCS-DUMP] F shape=(6, 6)
[[ 0.       0.4     -1.      -1.      -1.      -1.     ]
 [ 0.       1.00071  0.37539 -0.37539  0.37539 -0.37539]
 [ 1.       0.37539  1.00077 -1.00077 -0.37535  0.37535]
 [ 1.      -0.37539 -1.00077  1.00077  0.37535 -0.37535]
 [ 1.       0.37539 -0.37535  0.37535  1.00077 -1.00077]
 [ 1.      -0.37539  0.37535 -0.37535 -1.00077  1.00077]]
[MATH.LCS-DUMP] H shape=(6, 7)
[[0. 0. 0. 0. 0. 0. 0.]
 [0. 0. 0. 0. 0. 0. 0.]
 [0. 0. 0. 0. 0. 0. 0.]
 [0. 0. 0. 0. 0. 0. 0.]
 [0. 0. 0. 0. 0. 0. 0.]
 [0. 0. 0. 0. 0. 0. 0.]]
[MATH.LCS-DUMP] c shape=(6,)
[ 0.      -0.49073  0.      -0.       0.      -0.     ]
[COST-DUMP] step=119
  x_des[box_xy] = [-0.3000, +0.0000]
  x_cur[box_xy] = [+0.0000, +0.0000]
  goal_xy       = [-0.3000, +0.0000]
  u_opt         = [  1.8119 -27.8915  -1.2539   7.3625   2.7113  -3.6685  -0.5133]
  ||u_opt||     = 29.2928
  Q diag (state-cost weights):
    arm_q[0:7]   = [0. 0. 0. 0. 0. 0. 0.]
    box_xy            = [100000.00, 100000.00]
    box_z             = 110.00
    box_quat[qx,qy]   = [50.00, 50.00]
    box_vxy           = [0.00, 1000000.00]  (perp-vel block)
  R diag (input-cost): [0.01 0.01 0.01 0.01 0.01 0.01 0.01]
  Per-term cost @ (x_pred, u_opt):
    w_obj_xy      contrib=+9.0089e+03  ||grad_u||=0.0000e+00
    w_torque      contrib=+8.5807e+00  ||grad_u||=5.8586e-01
    w_ee_approach contrib=+0.0000e+00  ||grad_u||=0.0000e+00
    w_perp(box_v) contrib=+2.1431e+00  ||grad_u||=0.0000e+00
    w_obj_z       contrib=+6.6208e-02  ||grad_u||=0.0000e+00
  H[λ_n_first_contact=1, :] = [0. 0. 0. 0. 0. 0. 0.]
  ||H[λ_n, :]||  = 0.00000
  max |H[λ_n,:]| = 0.00000
[EErel] along_push=-0.069m (neg=correct)  perp=0.009m  ee_to_box=0.070m  stage=3  obj=[0. 0.]  g_hat=[-1. -0.]
[proxy] err=0.125m  effective=[0.155 0.002 0.05 ]
[ADMM-C3+] primal: 6.1274->4.9359  dual: 109.8105->80.3186  mono=False  iters=25/25  rho=25.0
[ADMM-C3+] WARNING non-converged: pr=4.9359 dr=80.3186 tol=1e-03
[C3+] step=358 |u[0]|=29.29Nm u_axis=(+1.81,-27.89,-1.25,+7.36,+2.71,-3.67,-0.51)Nm λ_n_max=1.058 η_n_max=1.279 primal=4.936 iters=25/25 lcp_res_max=nan
[COUNTERFACTUAL-DUMP] step=119
  --- Baseline (as-shipped) ---
  u_opt_base    = [  1.8119 -27.8915  -1.2539   7.3625   2.7113  -3.6685  -0.5133]
  ||u_opt_base||= 29.2928
  cost_at_base  = 1.3285e+05
  cost_at_u0    = 2.2765e+05
  reduction_base= 9.4796e+04
  predicted x_seq[box_xy, end] = [-0.23345, -0.01849]
  --- Counterfactual (w_ee_approach = 0) ---
  u_opt_cf      = [  1.8119 -27.8915  -1.2539   7.3625   2.7113  -3.6685  -0.5133]
  ||u_opt_cf||  = 29.2928
  cost_at_cf    = 1.3285e+05
  cost_at_u0_cf = 2.2765e+05
  reduction_cf  = 9.4796e+04
  predicted x_seq[box_xy, end] = [-0.23345, -0.01849]
  --- Comparison ---
  ||u_opt_cf − u_opt_base|| = 0.0000
  predicted Δbox_y baseline       = -0.01849 m
  predicted Δbox_y counterfactual = -0.01849 m
  goal direction (g_hat): [0, +1]
[X-SEQ-PROBE] step=119 x0_box=(+0.00000,+0.00000,+0.04999) x1_box=(-0.01168,-0.00110,+0.02547) x1_box_v=(-0.23502,-0.02352,-0.49050) dt=0.050
[APPROACH-OVERRIDE] step=119 phase=A_lift_trav face_axis=0 face_sign=+1 face_score=+1.000 surf_dist=0.0684m advance=0.0100m target=(+0.1000,+0.0000,+0.1409) p_ee_des=(+0.0789,-0.0062,+0.1409)
[VFF] step=119 mode=c3 alpha=0.000 v_des=(+0.1332,-0.0624,-0.2520) |v_des|=0.2918 sat=0 util_max=0.134@j0
[AFF] step=119 mode=c3 on=0 a_ff=(+0.0000,+0.0000,+0.0000) |a_ff|=0.0000
[OSC-FORCE] step=119 mode=c3 lam_des=2.000 lam_ext=2.008
[GS] step=119 mode=c3 switch=kToC3Cost best_k=0 best_src=current curr_cost=103955.93 repos_cost=- best_other=197915.32 met_progress=N steps_since_improve=0 switches=1
[STEP] step=119 mode=c3 t=1.190s ee=(+0.069,-0.009,+0.141) obj=(+0.000,+0.000,+0.050) goal_dist=0.300m switch=kToC3Cost c3_cost=103955.93 lam_n=0.000 lam_t=0.000 contact=N productive=N f_cmd=(+2.00,+0.00,-0.00)
[GATE-EVOLVE] step=119 curr=103955.93 best_other=197915.32 ratio=0.5253 ee_to_optimal=0.0106m phi=0.0202m
[STAGE-A-TRACE] step=119 sim_t=1.190 mode=c3 phi=0.02023 box_xy=+0.00000,+0.00000 lam_n_ee_box=nan qy=+0.00001 qz=+0.00000 finished_repos=0
[DRAKE-CONTACT] step=119 n_pairs=1 ee_box_normal=0.000
[GATE-CONTACT] step=119 F_W=(+0.0000,+0.0000,+0.0000) F_on_box=(-0.0000,-0.0000,-0.0000) n_face_out=(-0.0000,-0.0000,-0.0000) A_is_ee=0 box_q=(+1.00000,-0.00001,+0.00001,+0.00000) box_p=(+0.00000,+0.00000,+0.04999) ee_p=(+0.06934,-0.00898,+0.14087)
[PLAN-VS-EXEC] step=120  (recorded at step=119, dt=0.05)
  --- Planner side ---
  x0[box_quat]    = [ 1.      -0.00001  0.00001  0.     ]
  x0[box_xyz]     = [0.      0.      0.04999]
  x0[arm_q]       = [ 0.63795  0.68906  0.76453 -2.19914 -0.16026  3.00394  0.78498]
  x0[box_v_world] = [-0.05937  0.05937 -0.       0.00293  0.00293 -0.     ]  (ωx,ωy,ωz,vx,vy,vz)
  x0[arm_v]       = [ 0.12837  0.84349 -0.32533  0.6381   0.04148  0.12872  0.00017]
  u_opt[0]        = [  1.81191 -27.89151  -1.25392   7.36248   2.7113   -3.66848  -0.51334]
  λ_planned[0]    = [ 0.       0.      -0.04997  0.04997 -0.47297  0.47297]  (γ, λ_n, λ_t × 4)
  φ_at_x0         = -0.000012 m
  --- Predicted (LCS one step) ---
  predicted x1[box_xyz]      = [-0.01168 -0.0011   0.02547]
  predicted Δbox_xyz / dt    = [-0.23356 -0.02206 -0.4905 ] m/s
  --- Simulator side (actual @ next call) ---
  actual x1[box_xyz]         = [0.      0.      0.04999]
  actual Δbox_xyz / dt       = [-0.  0.  0.] m/s
  n_active_pairs (φ<0)       = 0
  closest box↔EE distance    = +0.01898 m
  apparent F_y_on_box (N)    = +0.0000   [= m_box·Δv_box_y/dt, m_box=0.2000]
  --- Residual ---
  Δ(planned, actual) box_xyz = [-0.01168 -0.0011  -0.02453]
  ‖residual‖ box_xy          = 0.011730 m
  λ_n_planned vs F_y_apparent= 0.0000 vs 0.0000   ratio=nan
[PERSIST] step=120 refresh n_strategy=3 samples=[(-0.0229, 0.08, 0.03), (-0.0044, 0.08, 0.03), (-0.0316, 0.08, 0.03)]
[EErel] along_push=-0.071m (neg=correct)  perp=0.008m  ee_to_box=0.071m  stage=3  obj=[0. 0.]  g_hat=[-1. -0.]
[proxy] err=0.124m  effective=[0.157 0.001 0.05 ]
[ADMM-C3+] primal: 6.1274->4.9359  dual: 109.8105->80.3186  mono=False  iters=25/25  rho=25.0
[ADMM-C3+] WARNING non-converged: pr=4.9359 dr=80.3186 tol=1e-03
[C3+] step=359 |u[0]|=39.89Nm u_axis=(+10.32,-30.00,-0.85,+22.55,+4.86,-7.12,-1.09)Nm λ_n_max=1.058 η_n_max=1.279 primal=4.936 iters=25/25 lcp_res_max=nan
[EErel] along_push=-0.071m (neg=correct)  perp=0.008m  ee_to_box=0.071m  stage=3  obj=[0. 0.]  g_hat=[-1. -0.]
[proxy] err=0.124m  effective=[0.157 0.001 0.05 ]
[ADMM-C3+] primal: 6.1274->4.9359  dual: 109.8105->80.3186  mono=False  iters=25/25  rho=25.0
[ADMM-C3+] WARNING non-converged: pr=4.9359 dr=80.3186 tol=1e-03
[C3+] step=364 |u[0]|=35.67Nm u_axis=(-10.06,-24.75,+19.13,-13.57,-0.95,-2.74,-0.66)Nm λ_n_max=1.058 η_n_max=1.279 primal=4.936 iters=25/25 lcp_res_max=nan
[CONTACT-RUN] step=120 nhat_BA_W=[+0.000,+0.000,+0.000] p_BCb=[+0.000,+0.000,+0.000] distance=+1.00000 contact_type=NONE
[X-SEQ-PROBE] step=120 x0_box=(+0.00000,+0.00000,+0.04999) x1_box=(-0.01168,-0.00110,+0.02547) x1_box_v=(-0.23502,-0.02352,-0.49050) dt=0.050
[APPROACH-OVERRIDE] step=120 phase=A_lift_trav face_axis=0 face_sign=+1 face_score=+1.000 surf_dist=0.0664m advance=0.0100m target=(+0.1000,+0.0000,+0.1386) p_ee_des=(+0.0807,-0.0054,+0.1386)
[VFF] step=120 mode=c3 alpha=0.000 v_des=(-0.0966,-0.2191,-0.2036) |v_des|=0.3142 sat=0 util_max=0.288@j1
[AFF] step=120 mode=c3 on=0 a_ff=(+0.0000,+0.0000,+0.0000) |a_ff|=0.0000
[OSC-FORCE] step=120 mode=c3 lam_des=2.000 lam_ext=1.983
[IMP] step=120 mode=c3 |x_err|=0.0100m |tau_imp|=40.09Nm |tau_ff|=1.17Nm |tau_out|=40.09Nm sat=False lam_n=True lam_t=True
[GS] step=120 mode=c3 switch=kStayInC3 best_k=0 best_src=current curr_cost=103943.04 repos_cost=- best_other=196536.96 met_progress=Y steps_since_improve=0 switches=1
[STEP] step=120 mode=c3 t=1.200s ee=(+0.071,-0.008,+0.139) obj=(+0.000,+0.000,+0.050) goal_dist=0.300m switch=kStayInC3 c3_cost=103943.04 lam_n=0.000 lam_t=0.000 contact=N productive=N f_cmd=(+2.00,+0.00,-0.00)
[GATE-EVOLVE] step=120 curr=103943.04 best_other=196536.96 ratio=0.5289 ee_to_optimal=0.0090m phi=0.0190m
[STAGE-A-TRACE] step=120 sim_t=1.200 mode=c3 phi=0.01898 box_xy=+0.00000,+0.00000 lam_n_ee_box=nan qy=+0.00001 qz=+0.00000 finished_repos=0
[GS-table] step=120
  k=0 (current   ) pos=(+0.071,-0.008,+0.139) c_C3= 133943.04 align=1.0000(bonus=30000.00) rot=+0.0000(bonus=    0.00) travel=0.000m(pen=  0.00) c_sample= 103943.04 feas=Y ik_err=0.0000m  ← WIN
  k=1 (strat_0   ) pos=(-0.023,+0.080,+0.030) c_C3= 255419.82 align=0.0000(bonus=    0.15) rot=+0.0000(bonus=    0.00) travel=0.168m(pen= 33.70) c_sample= 255453.36 feas=Y ik_err=0.0002m
  k=2 (strat_1   ) pos=(-0.004,+0.080,+0.030) c_C3= 255138.34 align=0.0000(bonus=    0.15) rot=+0.0000(bonus=    0.00) travel=0.159m(pen= 31.77) c_sample= 255169.96 feas=Y ik_err=0.0002m
  k=3 (strat_2   ) pos=(-0.032,+0.080,+0.030) c_C3= 255764.09 align=0.0000(bonus=    0.15) rot=+0.0000(bonus=    0.00) travel=0.173m(pen= 34.69) c_sample= 255798.63 feas=Y ik_err=0.0002m
  k=4 (buffer    ) pos=(+0.080,+0.000,+0.030) c_C3= 226515.10 align=1.0000(bonus=30000.00) rot=+0.0000(bonus=    0.00) travel=0.109m(pen= 21.86) c_sample= 196536.96 feas=Y ik_err=0.0007m
[DRAKE-CONTACT] step=120 n_pairs=1 ee_box_normal=0.000
[GATE-CONTACT] step=120 F_W=(+0.0000,+0.0000,+0.0000) F_on_box=(-0.0000,-0.0000,-0.0000) n_face_out=(-0.0000,-0.0000,-0.0000) A_is_ee=0 box_q=(+1.00000,-0.00001,+0.00001,+0.00000) box_p=(+0.00000,+0.00000,+0.04999) ee_p=(+0.07102,-0.00808,+0.13862)
[EErel] along_push=-0.072m (neg=correct)  perp=0.008m  ee_to_box=0.073m  stage=3  obj=[0. 0.]  g_hat=[-1. -0.]
[proxy] err=0.123m  effective=[0.159 0.001 0.05 ]
[ADMM-C3+] primal: 6.1274->4.9359  dual: 109.8105->80.3185  mono=False  iters=25/25  rho=25.0
[ADMM-C3+] WARNING non-converged: pr=4.9359 dr=80.3185 tol=1e-03
[C3+] step=365 |u[0]|=40.47Nm u_axis=(+10.39,-30.00,-1.40,+23.87,+4.47,-6.07,-1.07)Nm λ_n_max=1.058 η_n_max=1.279 primal=4.936 iters=25/25 lcp_res_max=nan
[EErel] along_push=-0.072m (neg=correct)  perp=0.008m  ee_to_box=0.073m  stage=3  obj=[0. 0.]  g_hat=[-1. -0.]
[proxy] err=0.123m  effective=[0.159 0.001 0.05 ]
[ADMM-C3+] primal: 6.1274->4.9359  dual: 109.8105->80.3186  mono=False  iters=25/25  rho=25.0
[ADMM-C3+] WARNING non-converged: pr=4.9359 dr=80.3186 tol=1e-03
[C3+] step=370 |u[0]|=33.52Nm u_axis=(-0.56,-30.00,-3.28,-13.12,+1.11,-6.24,-0.56)Nm λ_n_max=1.058 η_n_max=1.279 primal=4.936 iters=25/25 lcp_res_max=nan
[CONTACT-RUN] step=121 nhat_BA_W=[+0.000,+0.000,+0.000] p_BCb=[+0.000,+0.000,+0.000] distance=+1.00000 contact_type=NONE
[X-SEQ-PROBE] step=121 x0_box=(+0.00000,+0.00000,+0.04999) x1_box=(-0.01168,-0.00110,+0.02547) x1_box_v=(-0.23502,-0.02352,-0.49050) dt=0.050
[APPROACH-OVERRIDE] step=121 phase=A_lift_trav face_axis=0 face_sign=+1 face_score=+1.000 surf_dist=0.0645m advance=0.0100m target=(+0.1000,+0.0000,+0.1363) p_ee_des=(+0.0820,-0.0052,+0.1363)
[VFF] step=121 mode=c3 alpha=0.000 v_des=(+0.0343,-0.3794,-0.3476) |v_des|=0.5157 sat=0 util_max=0.290@j3
[AFF] step=121 mode=c3 on=0 a_ff=(+0.0000,+0.0000,+0.0000) |a_ff|=0.0000
[OSC-FORCE] step=121 mode=c3 lam_des=2.000 lam_ext=2.007
[GS] step=121 mode=c3 switch=kStayInC3 best_k=0 best_src=current curr_cost=103834.14 repos_cost=- best_other=194160.60 met_progress=Y steps_since_improve=1 switches=1
[STEP] step=121 mode=c3 t=1.210s ee=(+0.072,-0.008,+0.136) obj=(+0.000,+0.000,+0.050) goal_dist=0.300m switch=kStayInC3 c3_cost=103834.14 lam_n=0.000 lam_t=0.000 contact=N productive=N f_cmd=(+2.00,+0.00,-0.00)
[GATE-EVOLVE] step=121 curr=103834.14 best_other=194160.60 ratio=0.5348 ee_to_optimal=0.0084m phi=0.0177m
[STAGE-A-TRACE] step=121 sim_t=1.210 mode=c3 phi=0.01766 box_xy=+0.00000,+0.00000 lam_n_ee_box=nan qy=+0.00001 qz=+0.00000 finished_repos=0
[DRAKE-CONTACT] step=121 n_pairs=1 ee_box_normal=0.000
[GATE-CONTACT] step=121 F_W=(+0.0000,+0.0000,+0.0000) F_on_box=(-0.0000,-0.0000,-0.0000) n_face_out=(-0.0000,-0.0000,-0.0000) A_is_ee=0 box_q=(+1.00000,-0.00001,+0.00001,+0.00000) box_p=(+0.00000,+0.00000,+0.04999) ee_p=(+0.07237,-0.00794,+0.13631)
[EErel] along_push=-0.073m (neg=correct)  perp=0.009m  ee_to_box=0.074m  stage=3  obj=[0. 0.]  g_hat=[-1. -0.]
[proxy] err=0.122m  effective=[0.161 0.002 0.05 ]
[ADMM-C3+] primal: 6.1274->4.9359  dual: 109.8105->80.3182  mono=False  iters=25/25  rho=25.0
[ADMM-C3+] WARNING non-converged: pr=4.9359 dr=80.3182 tol=1e-03
[C3+] step=371 |u[0]|=42.19Nm u_axis=(+10.17,-30.00,+0.30,+26.83,+4.54,-5.92,-1.11)Nm λ_n_max=1.059 η_n_max=1.279 primal=4.936 iters=25/25 lcp_res_max=nan
[EErel] along_push=-0.073m (neg=correct)  perp=0.009m  ee_to_box=0.074m  stage=3  obj=[0. 0.]  g_hat=[-1. -0.]
[proxy] err=0.122m  effective=[0.161 0.002 0.05 ]
[ADMM-C3+] primal: 6.1274->4.9359  dual: 109.8105->80.3186  mono=False  iters=25/25  rho=25.0
[ADMM-C3+] WARNING non-converged: pr=4.9359 dr=80.3186 tol=1e-03
[C3+] step=376 |u[0]|=35.62Nm u_axis=(-7.97,-28.04,+18.31,-5.58,+1.53,-7.00,-1.01)Nm λ_n_max=1.058 η_n_max=1.279 primal=4.936 iters=25/25 lcp_res_max=nan
[CONTACT-RUN] step=122 nhat_BA_W=[+0.000,+0.000,+0.000] p_BCb=[+0.000,+0.000,+0.000] distance=+1.00000 contact_type=NONE
[X-SEQ-PROBE] step=122 x0_box=(+0.00000,+0.00000,+0.04999) x1_box=(-0.01168,-0.00110,+0.02547) x1_box_v=(-0.23502,-0.02352,-0.49050) dt=0.050
[APPROACH-OVERRIDE] step=122 phase=A_lift_trav face_axis=0 face_sign=+1 face_score=+1.000 surf_dist=0.0624m advance=0.0100m target=(+0.1000,+0.0000,+0.1350) p_ee_des=(+0.0829,-0.0057,+0.1342)
[VFF] step=122 mode=c3 alpha=0.000 v_des=(-0.1170,-0.3247,-0.2333) |v_des|=0.4166 sat=0 util_max=0.218@j1
[AFF] step=122 mode=c3 on=0 a_ff=(+0.0000,+0.0000,+0.0000) |a_ff|=0.0000
[OSC-FORCE] step=122 mode=c3 lam_des=2.000 lam_ext=1.987
[GS] step=122 mode=c3 switch=kStayInC3 best_k=0 best_src=current curr_cost=103809.59 repos_cost=- best_other=192698.15 met_progress=Y steps_since_improve=2 switches=1
[STEP] step=122 mode=c3 t=1.220s ee=(+0.073,-0.009,+0.134) obj=(+0.000,+0.000,+0.050) goal_dist=0.300m switch=kStayInC3 c3_cost=103809.59 lam_n=0.000 lam_t=0.000 contact=N productive=N f_cmd=(+2.00,+0.00,-0.00)
[GATE-EVOLVE] step=122 curr=103809.59 best_other=192698.15 ratio=0.5387 ee_to_optimal=0.0090m phi=0.0161m
[STAGE-A-TRACE] step=122 sim_t=1.220 mode=c3 phi=0.01607 box_xy=+0.00000,+0.00000 lam_n_ee_box=nan qy=+0.00001 qz=+0.00000 finished_repos=0
[DRAKE-CONTACT] step=122 n_pairs=1 ee_box_normal=0.000
[GATE-CONTACT] step=122 F_W=(+0.0000,+0.0000,+0.0000) F_on_box=(-0.0000,-0.0000,-0.0000) n_face_out=(-0.0000,-0.0000,-0.0000) A_is_ee=0 box_q=(+1.00000,-0.00001,+0.00001,+0.00000) box_p=(+0.00000,+0.00000,+0.04999) ee_p=(+0.07341,-0.00885,+0.13373)
[EErel] along_push=-0.074m (neg=correct)  perp=0.011m  ee_to_box=0.075m  stage=3  obj=[0. 0.]  g_hat=[-1. -0.]
[proxy] err=0.120m  effective=[0.162 0.002 0.05 ]
[ADMM-C3+] primal: 6.1274->4.9359  dual: 109.8105->80.3186  mono=False  iters=25/25  rho=25.0
[ADMM-C3+] WARNING non-converged: pr=4.9359 dr=80.3186 tol=1e-03
[C3+] step=377 |u[0]|=42.25Nm u_axis=(+9.90,-30.00,-0.25,+27.30,+4.28,-4.72,-1.08)Nm λ_n_max=1.058 η_n_max=1.279 primal=4.936 iters=25/25 lcp_res_max=nan
[EErel] along_push=-0.074m (neg=correct)  perp=0.011m  ee_to_box=0.075m  stage=3  obj=[0. 0.]  g_hat=[-1. -0.]
[proxy] err=0.120m  effective=[0.162 0.002 0.05 ]
[ADMM-C3+] primal: 6.1274->4.9359  dual: 109.8105->80.3186  mono=False  iters=25/25  rho=25.0
[ADMM-C3+] WARNING non-converged: pr=4.9359 dr=80.3186 tol=1e-03
[C3+] step=382 |u[0]|=34.23Nm u_axis=(-2.87,-30.00,+2.44,-15.52,+0.31,-4.02,-0.74)Nm λ_n_max=1.058 η_n_max=1.279 primal=4.936 iters=25/25 lcp_res_max=nan
[CONTACT-RUN] step=123 nhat_BA_W=[+0.000,+0.000,+0.000] p_BCb=[+0.000,+0.000,+0.000] distance=+1.00000 contact_type=NONE
[X-SEQ-PROBE] step=123 x0_box=(+0.00000,+0.00000,+0.04999) x1_box=(-0.01168,-0.00110,+0.02547) x1_box_v=(-0.23502,-0.02352,-0.49050) dt=0.050
[APPROACH-OVERRIDE] step=123 phase=A_lift_trav face_axis=0 face_sign=+1 face_score=+1.000 surf_dist=0.0602m advance=0.0100m target=(+0.1000,+0.0000,+0.1350) p_ee_des=(+0.0833,-0.0068,+0.1324)
[VFF] step=123 mode=c3 alpha=0.000 v_des=(-0.0344,-0.4529,-0.3150) |v_des|=0.5528 sat=0 util_max=0.192@j3
[AFF] step=123 mode=c3 on=0 a_ff=(+0.0000,+0.0000,+0.0000) |a_ff|=0.0000
[OSC-FORCE] step=123 mode=c3 lam_des=2.000 lam_ext=2.003
[GS] step=123 mode=c3 switch=kStayInC3 best_k=0 best_src=current curr_cost=103686.86 repos_cost=- best_other=190739.84 met_progress=Y steps_since_improve=3 switches=1
[STEP] step=123 mode=c3 t=1.230s ee=(+0.074,-0.011,+0.131) obj=(+0.000,+0.000,+0.050) goal_dist=0.300m switch=kStayInC3 c3_cost=103686.86 lam_n=0.000 lam_t=0.000 contact=N productive=N f_cmd=(+2.00,+0.00,-0.00)
[GATE-EVOLVE] step=123 curr=103686.86 best_other=190739.84 ratio=0.5436 ee_to_optimal=0.0106m phi=0.0143m
[STAGE-A-TRACE] step=123 sim_t=1.230 mode=c3 phi=0.01431 box_xy=+0.00000,+0.00000 lam_n_ee_box=nan qy=+0.00001 qz=+0.00000 finished_repos=0
[DRAKE-CONTACT] step=123 n_pairs=1 ee_box_normal=0.000
[GATE-CONTACT] step=123 F_W=(+0.0000,+0.0000,+0.0000) F_on_box=(-0.0000,-0.0000,-0.0000) n_face_out=(-0.0000,-0.0000,-0.0000) A_is_ee=0 box_q=(+1.00000,-0.00001,+0.00001,+0.00000) box_p=(+0.00000,+0.00000,+0.04999) ee_p=(+0.07415,-0.01058,+0.13100)
[EErel] along_push=-0.075m (neg=correct)  perp=0.013m  ee_to_box=0.076m  stage=3  obj=[0. 0.]  g_hat=[-1. -0.]
[proxy] err=0.120m  effective=[0.164 0.003 0.05 ]
[ADMM-C3+] primal: 6.1274->4.9359  dual: 109.8105->80.3186  mono=False  iters=25/25  rho=25.0
[ADMM-C3+] WARNING non-converged: pr=4.9359 dr=80.3186 tol=1e-03
[C3+] step=383 |u[0]|=43.07Nm u_axis=(+9.79,-30.00,+0.85,+28.72,+4.03,-4.01,-1.07)Nm λ_n_max=1.058 η_n_max=1.279 primal=4.936 iters=25/25 lcp_res_max=nan
[EErel] along_push=-0.075m (neg=correct)  perp=0.013m  ee_to_box=0.076m  stage=3  obj=[0. 0.]  g_hat=[-1. -0.]
[proxy] err=0.120m  effective=[0.164 0.003 0.05 ]
[ADMM-C3+] primal: 6.1274->4.9359  dual: 109.8105->80.3186  mono=False  iters=25/25  rho=25.0
[ADMM-C3+] WARNING non-converged: pr=4.9359 dr=80.3186 tol=1e-03
[C3+] step=388 |u[0]|=35.35Nm u_axis=(-6.47,-29.96,+13.82,-7.49,+1.84,-7.67,-0.85)Nm λ_n_max=1.058 η_n_max=1.279 primal=4.936 iters=25/25 lcp_res_max=nan
[CONTACT-RUN] step=124 nhat_BA_W=[+0.000,+0.000,+0.000] p_BCb=[+0.000,+0.000,+0.000] distance=+1.00000 contact_type=NONE
[X-SEQ-PROBE] step=124 x0_box=(+0.00000,+0.00000,+0.04999) x1_box=(-0.01168,-0.00110,+0.02547) x1_box_v=(-0.23502,-0.02352,-0.49050) dt=0.050
[APPROACH-OVERRIDE] step=124 phase=A_lift_trav face_axis=0 face_sign=+1 face_score=+1.000 surf_dist=0.0581m advance=0.0100m target=(+0.1000,+0.0000,+0.1350) p_ee_des=(+0.0833,-0.0086,+0.1305)
[VFF] step=124 mode=c3 alpha=0.000 v_des=(-0.1176,-0.4423,-0.2616) |v_des|=0.5272 sat=0 util_max=0.176@j1
[AFF] step=124 mode=c3 on=0 a_ff=(+0.0000,+0.0000,+0.0000) |a_ff|=0.0000
[OSC-FORCE] step=124 mode=c3 lam_des=2.000 lam_ext=1.992
[GS] step=124 mode=c3 switch=kStayInC3 best_k=0 best_src=current curr_cost=103635.89 repos_cost=- best_other=188942.88 met_progress=Y steps_since_improve=4 switches=1
[STEP] step=124 mode=c3 t=1.240s ee=(+0.075,-0.013,+0.128) obj=(+0.000,+0.000,+0.050) goal_dist=0.300m switch=kStayInC3 c3_cost=103635.89 lam_n=0.000 lam_t=0.000 contact=N productive=N f_cmd=(+2.00,+0.00,-0.00)
[GATE-EVOLVE] step=124 curr=103635.89 best_other=188942.88 ratio=0.5485 ee_to_optimal=0.0130m phi=0.0125m
[STAGE-A-TRACE] step=124 sim_t=1.240 mode=c3 phi=0.01247 box_xy=+0.00000,+0.00000 lam_n_ee_box=nan qy=+0.00001 qz=+0.00000 finished_repos=0
[DRAKE-CONTACT] step=124 n_pairs=1 ee_box_normal=0.000
[GATE-CONTACT] step=124 F_W=(+0.0000,+0.0000,+0.0000) F_on_box=(-0.0000,-0.0000,-0.0000) n_face_out=(-0.0000,-0.0000,-0.0000) A_is_ee=0 box_q=(+1.00000,-0.00001,+0.00001,+0.00000) box_p=(+0.00000,+0.00000,+0.04999) ee_p=(+0.07462,-0.01298,+0.12824)
[EErel] along_push=-0.075m (neg=correct)  perp=0.016m  ee_to_box=0.077m  stage=3  obj=[0. 0.]  g_hat=[-1. -0.]
[proxy] err=0.119m  effective=[0.165 0.005 0.05 ]
[ADMM-C3+] primal: 6.1274->4.9359  dual: 109.8105->80.3182  mono=False  iters=25/25  rho=25.0
[ADMM-C3+] WARNING non-converged: pr=4.9359 dr=80.3182 tol=1e-03
[C3+] step=389 |u[0]|=43.26Nm u_axis=(+9.40,-30.00,+1.22,+29.26,+3.29,-3.64,-1.01)Nm λ_n_max=1.059 η_n_max=1.279 primal=4.936 iters=25/25 lcp_res_max=nan
[EErel] along_push=-0.075m (neg=correct)  perp=0.016m  ee_to_box=0.077m  stage=3  obj=[0. 0.]  g_hat=[-1. -0.]
[proxy] err=0.119m  effective=[0.165 0.005 0.05 ]
[ADMM-C3+] primal: 6.1274->4.9359  dual: 109.8105->80.3185  mono=False  iters=25/25  rho=25.0
[ADMM-C3+] WARNING non-converged: pr=4.9359 dr=80.3185 tol=1e-03
[C3+] step=394 |u[0]|=34.20Nm u_axis=(-4.14,-29.90,+6.13,-14.18,+0.53,-4.34,-0.84)Nm λ_n_max=1.058 η_n_max=1.279 primal=4.936 iters=25/25 lcp_res_max=nan
[CONTACT-RUN] step=125 nhat_BA_W=[+0.000,+0.000,+0.000] p_BCb=[+0.000,+0.000,+0.000] distance=+1.00000 contact_type=NONE
[X-SEQ-PROBE] step=125 x0_box=(+0.00000,+0.00000,+0.04999) x1_box=(-0.01168,-0.00110,+0.02547) x1_box_v=(-0.23502,-0.02352,-0.49050) dt=0.050
[APPROACH-OVERRIDE] step=125 phase=A_lift_trav face_axis=0 face_sign=+1 face_score=+1.000 surf_dist=0.0561m advance=0.0100m target=(+0.1000,+0.0000,+0.1350) p_ee_des=(+0.0829,-0.0109,+0.1285)
[VFF] step=125 mode=c3 alpha=0.000 v_des=(-0.0791,-0.5035,-0.2877) |v_des|=0.5853 sat=0 util_max=0.132@j1
[AFF] step=125 mode=c3 on=0 a_ff=(+0.0000,+0.0000,+0.0000) |a_ff|=0.0000
[OSC-FORCE] step=125 mode=c3 lam_des=2.000 lam_ext=2.000
[GS] step=125 mode=c3 switch=kStayInC3 best_k=0 best_src=current curr_cost=103664.23 repos_cost=- best_other=187283.96 met_progress=Y steps_since_improve=5 switches=1
[STEP] step=125 mode=c3 t=1.250s ee=(+0.075,-0.016,+0.125) obj=(+0.000,+0.000,+0.050) goal_dist=0.300m switch=kStayInC3 c3_cost=103664.23 lam_n=0.000 lam_t=0.000 contact=N productive=N f_cmd=(+2.00,+0.00,-0.00)
[GATE-EVOLVE] step=125 curr=103664.23 best_other=187283.96 ratio=0.5535 ee_to_optimal=0.0160m phi=0.0106m
[STAGE-A-TRACE] step=125 sim_t=1.250 mode=c3 phi=0.01061 box_xy=+0.00000,+0.00000 lam_n_ee_box=nan qy=+0.00001 qz=+0.00000 finished_repos=0
[DRAKE-CONTACT] step=125 n_pairs=1 ee_box_normal=0.000
[GATE-CONTACT] step=125 F_W=(+0.0000,+0.0000,+0.0000) F_on_box=(-0.0000,-0.0000,-0.0000) n_face_out=(-0.0000,-0.0000,-0.0000) A_is_ee=0 box_q=(+1.00000,-0.00001,+0.00001,+0.00000) box_p=(+0.00000,+0.00000,+0.04999) ee_p=(+0.07488,-0.01598,+0.12548)
[EErel] along_push=-0.075m (neg=correct)  perp=0.019m  ee_to_box=0.077m  stage=3  obj=[0. 0.]  g_hat=[-1. -0.]
[proxy] err=0.120m  effective=[0.166 0.008 0.05 ]
[ADMM-C3+] primal: 6.1274->4.9344  dual: 109.8105->80.2663  mono=False  iters=25/25  rho=25.0
[ADMM-C3+] WARNING non-converged: pr=4.9344 dr=80.2663 tol=1e-03
[C3+] step=395 |u[0]|=43.21Nm u_axis=(+8.33,-29.49,+1.76,+29.79,+3.15,-5.12,-0.99)Nm λ_n_max=1.059 η_n_max=1.279 primal=4.934 iters=25/25 lcp_res_max=nan
[EErel] along_push=-0.075m (neg=correct)  perp=0.019m  ee_to_box=0.077m  stage=3  obj=[0. 0.]  g_hat=[-1. -0.]
[proxy] err=0.120m  effective=[0.166 0.008 0.05 ]
[ADMM-C3+] primal: 6.1274->4.9359  dual: 109.8105->80.3186  mono=False  iters=25/25  rho=25.0
[ADMM-C3+] WARNING non-converged: pr=4.9359 dr=80.3186 tol=1e-03
[C3+] step=400 |u[0]|=34.55Nm u_axis=(-5.47,-29.98,+11.04,-9.62,+1.53,-6.86,-0.81)Nm λ_n_max=1.058 η_n_max=1.279 primal=4.936 iters=25/25 lcp_res_max=nan
[CONTACT-RUN] step=126 nhat_BA_W=[+0.000,+0.000,+0.000] p_BCb=[+0.000,+0.000,+0.000] distance=+1.00000 contact_type=NONE
[X-SEQ-PROBE] step=126 x0_box=(+0.00000,+0.00000,+0.04999) x1_box=(-0.01168,-0.00110,+0.02547) x1_box_v=(-0.23502,-0.02352,-0.49050) dt=0.050
[APPROACH-OVERRIDE] step=126 phase=A_lift_trav face_axis=0 face_sign=+1 face_score=+1.000 surf_dist=0.0543m advance=0.0100m target=(+0.1000,+0.0000,+0.1350) p_ee_des=(+0.0823,-0.0137,+0.1264)
[VFF] step=126 mode=c3 alpha=0.000 v_des=(-0.1191,-0.5101,-0.2627) |v_des|=0.5860 sat=0 util_max=0.133@j1
[AFF] step=126 mode=c3 on=0 a_ff=(+0.0000,+0.0000,+0.0000) |a_ff|=0.0000
[OSC-FORCE] step=126 mode=c3 lam_des=2.000 lam_ext=1.995
[GS] step=126 mode=c3 switch=kStayInC3 best_k=0 best_src=current curr_cost=104089.04 repos_cost=- best_other=185842.58 met_progress=Y steps_since_improve=6 switches=1
[STEP] step=126 mode=c3 t=1.260s ee=(+0.075,-0.019,+0.123) obj=(+0.000,+0.000,+0.050) goal_dist=0.300m switch=kStayInC3 c3_cost=104089.04 lam_n=0.000 lam_t=0.000 contact=N productive=N f_cmd=(+2.00,+0.00,-0.00)
[GATE-EVOLVE] step=126 curr=104089.04 best_other=185842.58 ratio=0.5601 ee_to_optimal=0.0194m phi=0.0088m
[STAGE-A-TRACE] step=126 sim_t=1.260 mode=c3 phi=0.00876 box_xy=+0.00000,+0.00000 lam_n_ee_box=nan qy=+0.00001 qz=+0.00000 finished_repos=0
[DRAKE-CONTACT] step=126 n_pairs=1 ee_box_normal=0.000
[GATE-CONTACT] step=126 F_W=(+0.0000,+0.0000,+0.0000) F_on_box=(-0.0000,-0.0000,-0.0000) n_face_out=(-0.0000,-0.0000,-0.0000) A_is_ee=0 box_q=(+1.00000,-0.00001,+0.00001,+0.00000) box_p=(+0.00000,+0.00000,+0.04999) ee_p=(+0.07492,-0.01942,+0.12278)
[EErel] along_push=-0.075m (neg=correct)  perp=0.023m  ee_to_box=0.078m  stage=3  obj=[0. 0.]  g_hat=[-1. -0.]
[proxy] err=0.121m  effective=[0.167 0.011 0.05 ]
[ADMM-C3+] primal: 6.1274->4.9359  dual: 109.8105->80.3184  mono=False  iters=25/25  rho=25.0
[ADMM-C3+] WARNING non-converged: pr=4.9359 dr=80.3184 tol=1e-03
[C3+] step=401 |u[0]|=43.07Nm u_axis=(+9.24,-29.20,+1.54,+30.00,+2.95,-2.27,-0.96)Nm λ_n_max=1.058 η_n_max=1.279 primal=4.936 iters=25/25 lcp_res_max=nan
[EErel] along_push=-0.075m (neg=correct)  perp=0.023m  ee_to_box=0.078m  stage=3  obj=[0. 0.]  g_hat=[-1. -0.]
[proxy] err=0.121m  effective=[0.167 0.011 0.05 ]
[ADMM-C3+] primal: 6.1274->4.9359  dual: 109.8105->80.3186  mono=False  iters=25/25  rho=25.0
[ADMM-C3+] WARNING non-converged: pr=4.9359 dr=80.3186 tol=1e-03
[C3+] step=406 |u[0]|=34.12Nm u_axis=(-4.48,-30.00,+8.03,-12.41,+0.78,-4.95,-0.85)Nm λ_n_max=1.058 η_n_max=1.279 primal=4.936 iters=25/25 lcp_res_max=nan
[CONTACT-RUN] step=127 nhat_BA_W=[+0.000,+0.000,+0.000] p_BCb=[+0.000,+0.000,+0.000] distance=+1.00000 contact_type=NONE
[X-SEQ-PROBE] step=127 x0_box=(+0.00000,+0.00000,+0.04999) x1_box=(-0.01168,-0.00110,+0.02547) x1_box_v=(-0.23502,-0.02352,-0.49050) dt=0.050
[APPROACH-OVERRIDE] step=127 phase=A_lift_trav face_axis=0 face_sign=+1 face_score=+1.000 surf_dist=0.0530m advance=0.0100m target=(+0.1000,+0.0000,+0.1350) p_ee_des=(+0.0815,-0.0170,+0.1241)
[VFF] step=127 mode=c3 alpha=0.000 v_des=(-0.1047,-0.5339,-0.2624) |v_des|=0.6041 sat=0 util_max=0.108@j1
[AFF] step=127 mode=c3 on=0 a_ff=(+0.0000,+0.0000,+0.0000) |a_ff|=0.0000
[OSC-FORCE] step=127 mode=c3 lam_des=2.000 lam_ext=1.998
[GS] step=127 mode=c3 switch=kStayInC3 best_k=0 best_src=current curr_cost=103715.43 repos_cost=- best_other=184622.68 met_progress=Y steps_since_improve=7 switches=1
[STEP] step=127 mode=c3 t=1.270s ee=(+0.075,-0.023,+0.120) obj=(+0.000,+0.000,+0.050) goal_dist=0.300m switch=kStayInC3 c3_cost=103715.43 lam_n=0.000 lam_t=0.000 contact=N productive=N f_cmd=(+2.00,+0.00,-0.00)
[GATE-EVOLVE] step=127 curr=103715.43 best_other=184622.68 ratio=0.5618 ee_to_optimal=0.0233m phi=0.0070m
[STAGE-A-TRACE] step=127 sim_t=1.270 mode=c3 phi=0.00695 box_xy=+0.00000,+0.00000 lam_n_ee_box=nan qy=+0.00001 qz=+0.00000 finished_repos=0
[DRAKE-CONTACT] step=127 n_pairs=1 ee_box_normal=0.000
[GATE-CONTACT] step=127 F_W=(+0.0000,+0.0000,+0.0000) F_on_box=(-0.0000,-0.0000,-0.0000) n_face_out=(-0.0000,-0.0000,-0.0000) A_is_ee=0 box_q=(+1.00000,-0.00001,+0.00001,+0.00000) box_p=(+0.00000,+0.00000,+0.04999) ee_p=(+0.07478,-0.02325,+0.12017)
[EErel] along_push=-0.074m (neg=correct)  perp=0.027m  ee_to_box=0.079m  stage=3  obj=[0. 0.]  g_hat=[-1. -0.]
[proxy] err=0.124m  effective=[0.169 0.015 0.05 ]
[ADMM-C3+] primal: 6.1274->4.9359  dual: 109.8105->80.3183  mono=False  iters=25/25  rho=25.0
[ADMM-C3+] WARNING non-converged: pr=4.9359 dr=80.3183 tol=1e-03
[C3+] step=407 |u[0]|=42.64Nm u_axis=(+9.28,-28.60,+1.61,+30.00,+2.84,-1.53,-0.94)Nm λ_n_max=1.058 η_n_max=1.279 primal=4.936 iters=25/25 lcp_res_max=nan
[EErel] along_push=-0.074m (neg=correct)  perp=0.027m  ee_to_box=0.079m  stage=3  obj=[0. 0.]  g_hat=[-1. -0.]
[proxy] err=0.124m  effective=[0.169 0.015 0.05 ]
[ADMM-C3+] primal: 6.1274->4.9359  dual: 109.8105->80.3186  mono=False  iters=25/25  rho=25.0
[ADMM-C3+] WARNING non-converged: pr=4.9359 dr=80.3186 tol=1e-03
[C3+] step=412 |u[0]|=34.29Nm u_axis=(-4.99,-29.99,+10.04,-10.69,+1.07,-5.92,-0.78)Nm λ_n_max=1.058 η_n_max=1.279 primal=4.936 iters=25/25 lcp_res_max=nan
[CONTACT-RUN] step=128 nhat_BA_W=[+0.000,+0.000,+0.000] p_BCb=[+0.000,+0.000,+0.000] distance=+1.00000 contact_type=NONE
[X-SEQ-PROBE] step=128 x0_box=(+0.00000,+0.00000,+0.04999) x1_box=(-0.01168,-0.00110,+0.02547) x1_box_v=(-0.23502,-0.02352,-0.49050) dt=0.050
[APPROACH-OVERRIDE] step=128 phase=A_lift_trav face_axis=0 face_sign=+1 face_score=+1.000 surf_dist=0.0520m advance=0.0100m target=(+0.1000,+0.0000,+0.1350) p_ee_des=(+0.0807,-0.0207,+0.1219)
[VFF] step=128 mode=c3 alpha=0.000 v_des=(-0.1237,-0.5408,-0.2460) |v_des|=0.6069 sat=0 util_max=0.099@j1
[AFF] step=128 mode=c3 on=0 a_ff=(+0.0000,+0.0000,+0.0000) |a_ff|=0.0000
[OSC-FORCE] step=128 mode=c3 lam_des=2.000 lam_ext=1.996
[GS] step=128 mode=c3 switch=kStayInC3 best_k=0 best_src=current curr_cost=103774.90 repos_cost=- best_other=183564.75 met_progress=Y steps_since_improve=8 switches=1
[STEP] step=128 mode=c3 t=1.280s ee=(+0.074,-0.027,+0.118) obj=(+0.000,+0.000,+0.050) goal_dist=0.300m switch=kStayInC3 c3_cost=103774.90 lam_n=0.000 lam_t=0.000 contact=N productive=N f_cmd=(+2.00,+0.00,-0.00)
[GATE-EVOLVE] step=128 curr=103774.90 best_other=183564.75 ratio=0.5653 ee_to_optimal=0.0274m phi=0.0052m
[STAGE-A-TRACE] step=128 sim_t=1.280 mode=c3 phi=0.00519 box_xy=+0.00000,+0.00000 lam_n_ee_box=nan qy=+0.00001 qz=+0.00000 finished_repos=0
[DRAKE-CONTACT] step=128 n_pairs=1 ee_box_normal=0.000
[GATE-CONTACT] step=128 F_W=(+0.0000,+0.0000,+0.0000) F_on_box=(-0.0000,-0.0000,-0.0000) n_face_out=(-0.0000,-0.0000,-0.0000) A_is_ee=0 box_q=(+1.00000,-0.00001,+0.00001,+0.00000) box_p=(+0.00000,+0.00000,+0.04999) ee_p=(+0.07448,-0.02736,+0.11767)
[EErel] along_push=-0.074m (neg=correct)  perp=0.032m  ee_to_box=0.081m  stage=3  obj=[0. 0.]  g_hat=[-1. -0.]
[proxy] err=0.128m  effective=[0.171 0.02  0.05 ]
[ADMM-C3+] primal: 6.1274->4.9359  dual: 109.8105->80.3186  mono=False  iters=25/25  rho=25.0
[ADMM-C3+] WARNING non-converged: pr=4.9359 dr=80.3186 tol=1e-03
[C3+] step=413 |u[0]|=42.32Nm u_axis=(+10.41,-27.77,+0.54,+30.00,+3.14,+0.43,-0.93)Nm λ_n_max=1.058 η_n_max=1.279 primal=4.936 iters=25/25 lcp_res_max=nan
[EErel] along_push=-0.074m (neg=correct)  perp=0.032m  ee_to_box=0.081m  stage=3  obj=[0. 0.]  g_hat=[-1. -0.]
[proxy] err=0.128m  effective=[0.171 0.02  0.05 ]
[ADMM-C3+] primal: 6.1274->4.9359  dual: 109.8105->80.3186  mono=False  iters=25/25  rho=25.0
[ADMM-C3+] WARNING non-converged: pr=4.9359 dr=80.3186 tol=1e-03
[C3+] step=418 |u[0]|=34.05Nm u_axis=(-4.56,-29.99,+8.86,-11.56,+0.71,-5.13,-0.79)Nm λ_n_max=1.058 η_n_max=1.279 primal=4.936 iters=25/25 lcp_res_max=nan
[CONTACT-RUN] step=129 nhat_BA_W=[+0.000,+0.000,+0.000] p_BCb=[+0.000,+0.000,+0.000] distance=+1.00000 contact_type=NONE
[X-SEQ-PROBE] step=129 x0_box=(+0.00000,+0.00000,+0.04999) x1_box=(-0.01168,-0.00110,+0.02547) x1_box_v=(-0.23502,-0.02352,-0.49050) dt=0.050
[APPROACH-OVERRIDE] step=129 phase=A_lift_trav face_axis=0 face_sign=+1 face_score=+1.000 surf_dist=0.0515m advance=0.0100m target=(+0.1000,+0.0000,+0.1350) p_ee_des=(+0.0797,-0.0247,+0.1196)
[VFF] step=129 mode=c3 alpha=0.000 v_des=(-0.1195,-0.5500,-0.2388) |v_des|=0.6114 sat=0 util_max=0.080@j1
[AFF] step=129 mode=c3 on=0 a_ff=(+0.0000,+0.0000,+0.0000) |a_ff|=0.0000
[OSC-FORCE] step=129 mode=c3 lam_des=2.000 lam_ext=1.998
[GS] step=129 mode=c3 switch=kStayInC3 best_k=0 best_src=current curr_cost=103776.28 repos_cost=- best_other=182669.75 met_progress=Y steps_since_improve=9 switches=1
[STEP] step=129 mode=c3 t=1.290s ee=(+0.074,-0.032,+0.115) obj=(+0.000,+0.000,+0.050) goal_dist=0.300m switch=kStayInC3 c3_cost=103776.28 lam_n=0.000 lam_t=0.000 contact=N productive=N f_cmd=(+2.00,+0.00,-0.00)
[GATE-EVOLVE] step=129 curr=103776.28 best_other=182669.75 ratio=0.5681 ee_to_optimal=0.0317m phi=0.0035m
[STAGE-A-TRACE] step=129 sim_t=1.290 mode=c3 phi=0.00349 box_xy=+0.00000,+0.00000 lam_n_ee_box=nan qy=+0.00001 qz=+0.00000 finished_repos=0
[DRAKE-CONTACT] step=129 n_pairs=1 ee_box_normal=0.000
[GATE-CONTACT] step=129 F_W=(+0.0000,+0.0000,+0.0000) F_on_box=(-0.0000,-0.0000,-0.0000) n_face_out=(-0.0000,-0.0000,-0.0000) A_is_ee=0 box_q=(+1.00000,-0.00001,+0.00001,+0.00000) box_p=(+0.00000,+0.00000,+0.04999) ee_p=(+0.07404,-0.03169,+0.11530)
[CONTACT-ELEM] step=417 element=manipulated_object::collision phi=+0.0018m
[EErel] along_push=-0.073m (neg=correct)  perp=0.036m  ee_to_box=0.082m  stage=3  obj=[0. 0.]  g_hat=[-1. -0.]
[proxy] err=0.133m  effective=[0.173 0.026 0.05 ]
[ADMM-C3+] primal: 11.4658->8.5753  dual: 1105.3659->336.2207  mono=False  iters=25/25  rho=25.0
[ADMM-C3+] WARNING non-converged: pr=8.5753 dr=336.2207 tol=1e-03
[C3+] step=419 |u[0]|=41.75Nm u_axis=(+10.62,-26.77,+2.53,+30.00,+2.36,-0.68,-0.92)Nm λ_n_max=5.237 η_n_max=3.144 primal=8.575 iters=25/25 lcp_res_max=nan
[CONTACT-ELEM] step=422 element=manipulated_object::collision phi=+0.0018m
[EErel] along_push=-0.073m (neg=correct)  perp=0.036m  ee_to_box=0.082m  stage=3  obj=[0. 0.]  g_hat=[-1. -0.]
[proxy] err=0.133m  effective=[0.173 0.026 0.05 ]
[ADMM-C3+] primal: 12.2610->9.7478  dual: 1161.9127->368.8379  mono=False  iters=25/25  rho=25.0
[ADMM-C3+] WARNING non-converged: pr=9.7478 dr=368.8379 tol=1e-03
[C3+] step=424 |u[0]|=34.49Nm u_axis=(-4.85,-29.96,+9.64,-12.40,+0.83,-4.61,-0.49)Nm λ_n_max=5.525 η_n_max=2.570 primal=9.748 iters=25/25 lcp_res_max=nan
[CONTACT-RUN] step=130 nhat_BA_W=[+0.874,+0.000,+0.487] p_BCb=[+0.050,-0.036,+0.050] distance=+0.00185 contact_type=EE-BOX
[X-SEQ-PROBE] step=130 x0_box=(+0.00000,+0.00000,+0.04999) x1_box=(-0.07140,+0.00022,-0.00544) x1_box_v=(-1.43005,+0.00281,-1.10854) dt=0.050
[VFF] step=130 mode=c3 alpha=0.000 v_des=(-0.0918,-0.5368,-0.2148) |v_des|=0.5854 sat=0 util_max=0.583@j3
[AFF] step=130 mode=c3 on=0 a_ff=(+0.0000,+0.0000,+0.0000) |a_ff|=0.0000
[OSC-FORCE] step=130 mode=c3 lam_des=5.000 lam_ext=4.993
[IMP] step=130 mode=c3 |x_err|=0.0576m |tau_imp|=52.13Nm |tau_ff|=2.82Nm |tau_out|=52.13Nm sat=False lam_n=True lam_t=True
[GS] step=130 mode=c3 switch=kStayInC3 best_k=0 best_src=current curr_cost=4980.72 repos_cost=- best_other=181918.28 met_progress=Y steps_since_improve=10 switches=1
[STEP] step=130 mode=c3 t=1.300s ee=(+0.073,-0.036,+0.113) obj=(+0.000,+0.000,+0.050) goal_dist=0.300m switch=kStayInC3 c3_cost=4980.72 lam_n=5.525 lam_t=3.410 contact=Y productive=Y f_cmd=(+5.00,+0.00,-0.00)
[GATE-EVOLVE] step=130 curr=4980.72 best_other=181918.28 ratio=0.0274 ee_to_optimal=0.0362m phi=0.0018m
[STAGE-A-TRACE] step=130 sim_t=1.300 mode=c3 phi=0.00185 box_xy=+0.00000,+0.00000 lam_n_ee_box=5.5255 qy=+0.00001 qz=+0.00000 finished_repos=0
[DRAKE-CONTACT] step=130 n_pairs=2 ee_box_normal=28.828
[GATE-CONTACT] step=130 F_W=(-25.0476,-3.1081,-13.9292) F_on_box=(-25.0476,-3.1081,-13.9292) n_face_out=(+0.9051,-0.0000,+0.4252) A_is_ee=1 box_q=(+1.00000,-0.00001,+0.00001,+0.00000) box_p=(+0.00000,+0.00000,+0.04999) ee_p=(+0.07346,-0.03617,+0.11305)
[CONTACT-ELEM] step=423 element=manipulated_object::collision phi=-0.0000m
[EErel] along_push=-0.073m (neg=correct)  perp=0.042m  ee_to_box=0.084m  stage=3  obj=[-0. -0.]  g_hat=[-1.  0.]
[proxy] err=0.142m  effective=[0.176 0.035 0.05 ]
[ADMM-C3+] primal: 12.4128->15.9749  dual: 1394.6505->524.5889  mono=False  iters=25/25  rho=25.0
[ADMM-C3+] WARNING non-converged: pr=15.9749 dr=524.5889 tol=1e-03
[C3+] step=425 |u[0]|=41.92Nm u_axis=(+12.09,-25.84,+5.65,+30.00,+2.39,+2.20,-0.65)Nm λ_n_max=8.058 η_n_max=2.963 primal=15.975 iters=25/25 lcp_res_max=nan
[CONTACT-ELEM] step=428 element=manipulated_object::collision phi=-0.0000m
[EErel] along_push=-0.073m (neg=correct)  perp=0.042m  ee_to_box=0.084m  stage=3  obj=[-0. -0.]  g_hat=[-1.  0.]
[proxy] err=0.142m  effective=[0.176 0.035 0.05 ]
[ADMM-C3+] primal: 11.6154->15.8611  dual: 1181.9826->680.4739  mono=False  iters=25/25  rho=25.0
[ADMM-C3+] WARNING non-converged: pr=15.8611 dr=680.4739 tol=1e-03
[C3+] step=430 |u[0]|=36.11Nm u_axis=(-11.01,-30.00,+13.82,-8.64,+0.99,-4.04,-0.34)Nm λ_n_max=6.284 η_n_max=1.991 primal=15.861 iters=25/25 lcp_res_max=nan
[CONTACT-RUN] step=131 nhat_BA_W=[+0.911,-0.003,+0.413] p_BCb=[+0.050,-0.042,+0.050] distance=-0.00002 contact_type=EE-BOX
[X-SEQ-PROBE] step=131 x0_box=(-0.00011,-0.00003,+0.04998) x1_box=(-0.09513,-0.00057,+0.10908) x1_box_v=(-1.84374,+0.00188,+1.18644) dt=0.050
[VFF] step=131 mode=c3 alpha=0.000 v_des=(-0.1185,-0.6316,-0.2183) |v_des|=0.6787 sat=0 util_max=0.538@j3
[AFF] step=131 mode=c3 on=0 a_ff=(+0.0000,+0.0000,+0.0000) |a_ff|=0.0000
[OSC-FORCE] step=131 mode=c3 lam_des=5.000 lam_ext=4.993
[GS] step=131 mode=c3 switch=kStayInC3 best_k=0 best_src=current curr_cost=-10742.76 repos_cost=- best_other=180244.30 met_progress=Y steps_since_improve=0 switches=1
[STEP] step=131 mode=c3 t=1.310s ee=(+0.073,-0.042,+0.110) obj=(-0.000,-0.000,+0.050) goal_dist=0.300m switch=kStayInC3 c3_cost=-10742.76 lam_n=14.412 lam_t=5.100 contact=Y productive=Y f_cmd=(+5.00,-0.00,-0.00)
[GATE-EVOLVE] step=131 curr=-10742.76 best_other=180244.30 ratio=-0.0596 ee_to_optimal=0.0420m phi=-0.0000m
[STAGE-A-TRACE] step=131 sim_t=1.310 mode=c3 phi=-0.00002 box_xy=-0.00011,-0.00003 lam_n_ee_box=14.4121 qy=-0.00005 qz=-0.00145 finished_repos=0
[DRAKE-CONTACT] step=131 n_pairs=1 ee_box_normal=0.000
[GATE-CONTACT] step=131 F_W=(+0.0000,+0.0000,+0.0000) F_on_box=(-0.0000,-0.0000,-0.0000) n_face_out=(-0.0000,-0.0000,-0.0000) A_is_ee=0 box_q=(+1.00000,-0.00002,-0.00005,-0.00145) box_p=(-0.00011,-0.00003,+0.04998) ee_p=(+0.07251,-0.04193,+0.11030)
[CONTACT-ELEM] step=429 element=manipulated_object::collision phi=+0.0002m
[EErel] along_push=-0.073m (neg=correct)  perp=0.049m  ee_to_box=0.088m  stage=3  obj=[-0.002 -0.   ]  g_hat=[-1.     0.001]
[proxy] err=0.157m  effective=[0.18  0.048 0.05 ]
[ADMM-C3+] primal: 13.4675->15.5138  dual: 1249.0977->506.8833  mono=False  iters=25/25  rho=25.0
[ADMM-C3+] WARNING non-converged: pr=15.5138 dr=506.8833 tol=1e-03
[C3+] step=431 |u[0]|=42.23Nm u_axis=(+14.08,-23.85,+5.97,+30.00,+2.65,+8.56,-0.60)Nm λ_n_max=9.048 η_n_max=3.731 primal=15.514 iters=25/25 lcp_res_max=nan
[CONTACT-ELEM] step=434 element=manipulated_object::collision phi=+0.0002m
[EErel] along_push=-0.073m (neg=correct)  perp=0.049m  ee_to_box=0.088m  stage=3  obj=[-0.002 -0.   ]  g_hat=[-1.     0.001]
[proxy] err=0.157m  effective=[0.18  0.048 0.05 ]
[ADMM-C3+] primal: 10.8349->12.9016  dual: 1241.5272->598.7255  mono=False  iters=25/25  rho=25.0
[ADMM-C3+] WARNING non-converged: pr=12.9016 dr=598.7255 tol=1e-03
[C3+] step=436 |u[0]|=32.37Nm u_axis=(-0.09,-30.00,+10.08,-6.43,+0.75,-2.14,-0.03)Nm λ_n_max=8.153 η_n_max=3.184 primal=12.902 iters=25/25 lcp_res_max=nan
[CONTACT-RUN] step=132 nhat_BA_W=[+0.984,-0.017,+0.177] p_BCb=[+0.050,-0.048,+0.050] distance=+0.00021 contact_type=EE-BOX
[X-SEQ-PROBE] step=132 x0_box=(-0.00159,-0.00037,+0.05104) x1_box=(-0.11255,-0.00085,+0.12093) x1_box_v=(-2.13459,+0.00407,+1.33481) dt=0.050
[VFF] step=132 mode=c3 alpha=0.000 v_des=(-0.0903,-0.6881,-0.2406) |v_des|=0.7345 sat=0 util_max=0.424@j3
[AFF] step=132 mode=c3 on=0 a_ff=(+0.0000,+0.0000,+0.0000) |a_ff|=0.0000
[OSC-FORCE] step=132 mode=c3 lam_des=5.000 lam_ext=5.000
[GS] step=132 mode=c3 switch=kStayInC3 best_k=0 best_src=current curr_cost=-13036.14 repos_cost=- best_other=165960.73 met_progress=Y steps_since_improve=0 switches=1
[STEP] step=132 mode=c3 t=1.320s ee=(+0.071,-0.050,+0.107) obj=(-0.002,-0.000,+0.051) goal_dist=0.298m switch=kStayInC3 c3_cost=-13036.14 lam_n=17.124 lam_t=2.877 contact=Y productive=Y f_cmd=(+5.00,-0.01,-0.00)
[GATE-EVOLVE] step=132 curr=-13036.14 best_other=165960.73 ratio=-0.0785 ee_to_optimal=0.0493m phi=0.0002m
[STAGE-A-TRACE] step=132 sim_t=1.320 mode=c3 phi=0.00021 box_xy=-0.00159,-0.00037 lam_n_ee_box=17.1241 qy=-0.01143 qz=-0.00889 finished_repos=0
[DRAKE-CONTACT] step=132 n_pairs=1 ee_box_normal=0.000
[GATE-CONTACT] step=132 F_W=(+0.0000,+0.0000,+0.0000) F_on_box=(-0.0000,-0.0000,-0.0000) n_face_out=(-0.0000,-0.0000,-0.0000) A_is_ee=0 box_q=(+0.99991,-0.00218,-0.01143,-0.00889) box_p=(-0.00159,-0.00037,+0.05104) ee_p=(+0.07120,-0.04971,+0.10684)
[EErel] along_push=-0.073m (neg=correct)  perp=0.059m  ee_to_box=0.094m  stage=3  obj=[-0.003 -0.001]  g_hat=[-1.     0.002]
[proxy] err=0.174m  effective=[0.187 0.058 0.05 ]
[ADMM-C3+] primal: 5.7809->5.2046  dual: 80.2295->181.7988  mono=False  iters=25/25  rho=25.0
[ADMM-C3+] WARNING non-converged: pr=5.2046 dr=181.7988 tol=1e-03
[C3+] step=437 |u[0]|=42.70Nm u_axis=(+12.76,-23.87,+2.56,+30.00,+3.30,+13.10,-0.96)Nm λ_n_max=0.000 η_n_max=0.540 primal=5.205 iters=25/25 lcp_res_max=nan
[EErel] along_push=-0.073m (neg=correct)  perp=0.059m  ee_to_box=0.094m  stage=3  obj=[-0.003 -0.001]  g_hat=[-1.     0.002]
[proxy] err=0.174m  effective=[0.187 0.058 0.05 ]
[ADMM-C3+] primal: 5.7809->5.2045  dual: 80.2305->181.8253  mono=False  iters=25/25  rho=25.0
[ADMM-C3+] WARNING non-converged: pr=5.2045 dr=181.8253 tol=1e-03
[C3+] step=442 |u[0]|=34.02Nm u_axis=(-3.21,-29.63,+13.16,-8.66,+0.70,-4.47,-0.57)Nm λ_n_max=0.000 η_n_max=0.540 primal=5.204 iters=25/25 lcp_res_max=nan
[CONTACT-RUN] step=133 nhat_BA_W=[+0.000,+0.000,+0.000] p_BCb=[+0.000,+0.000,+0.000] distance=+1.00000 contact_type=NONE
[X-SEQ-PROBE] step=133 x0_box=(-0.00328,-0.00064,+0.05189) x1_box=(-0.01175,-0.00105,+0.03000) x1_box_v=(-0.08466,+0.00549,-0.46416) dt=0.050
[APPROACH-OVERRIDE] step=133 phase=A_lift_trav face_axis=0 face_sign=+1 face_score=+0.999 surf_dist=0.0537m advance=0.0100m target=(+0.0966,-0.0036,+0.1369) p_ee_des=(+0.0734,-0.0515,+0.1076)
[VFF] step=133 mode=c3 alpha=0.000 v_des=(-0.1980,-0.7500,-0.2469) |v_des|=0.8140 sat=0 util_max=0.360@j3
[AFF] step=133 mode=c3 on=0 a_ff=(+0.0000,+0.0000,+0.0000) |a_ff|=0.0000
[OSC-FORCE] step=133 mode=c3 lam_des=2.000 lam_ext=1.995
[GS] step=133 mode=c3 switch=kStayInC3 best_k=0 best_src=current curr_cost=108962.48 repos_cost=- best_other=164568.15 met_progress=Y steps_since_improve=0 switches=1
[STEP] step=133 mode=c3 t=1.330s ee=(+0.070,-0.059,+0.103) obj=(-0.003,-0.001,+0.052) goal_dist=0.297m switch=kStayInC3 c3_cost=108962.48 lam_n=0.000 lam_t=0.000 contact=N productive=N f_cmd=(+2.00,-0.00,-0.00)
[GATE-EVOLVE] step=133 curr=108962.48 best_other=164568.15 ratio=0.6621 ee_to_optimal=0.0586m phi=0.0022m
[STAGE-A-TRACE] step=133 sim_t=1.330 mode=c3 phi=0.00223 box_xy=-0.00328,-0.00064 lam_n_ee_box=nan qy=-0.01880 qz=-0.01495 finished_repos=0
[DRAKE-CONTACT] step=133 n_pairs=1 ee_box_normal=0.000
[GATE-CONTACT] step=133 F_W=(+0.0000,+0.0000,+0.0000) F_on_box=(-0.0000,-0.0000,-0.0000) n_face_out=(-0.0000,-0.0000,-0.0000) A_is_ee=0 box_q=(+0.99973,-0.00177,-0.01880,-0.01495) box_p=(-0.00328,-0.00064,+0.05189) ee_p=(+0.06953,-0.05939,+0.10274)
[EErel] along_push=-0.072m (neg=correct)  perp=0.068m  ee_to_box=0.099m  stage=3  obj=[-0.004 -0.001]  g_hat=[-1.     0.002]
[proxy] err=0.193m  effective=[0.195 0.067 0.05 ]
[ADMM-C3+] primal: 5.8642->4.6858  dual: 77.3574->139.7391  mono=False  iters=25/25  rho=25.0
[ADMM-C3+] WARNING non-converged: pr=4.6858 dr=139.7391 tol=1e-03
[C3+] step=443 |u[0]|=42.20Nm u_axis=(+12.55,-23.18,+0.47,+30.00,+2.89,+13.31,-0.87)Nm λ_n_max=0.000 η_n_max=0.529 primal=4.686 iters=25/25 lcp_res_max=nan
[EErel] along_push=-0.072m (neg=correct)  perp=0.068m  ee_to_box=0.099m  stage=3  obj=[-0.004 -0.001]  g_hat=[-1.     0.002]
[proxy] err=0.193m  effective=[0.195 0.067 0.05 ]
[ADMM-C3+] primal: 5.8642->4.6858  dual: 77.3574->139.7391  mono=False  iters=25/25  rho=25.0
[ADMM-C3+] WARNING non-converged: pr=4.6858 dr=139.7391 tol=1e-03
[C3+] step=448 |u[0]|=32.72Nm u_axis=(-2.83,-29.38,+9.71,-9.34,+0.33,-4.16,-0.62)Nm λ_n_max=0.000 η_n_max=0.529 primal=4.686 iters=25/25 lcp_res_max=nan
[CONTACT-RUN] step=134 nhat_BA_W=[+0.000,+0.000,+0.000] p_BCb=[+0.000,+0.000,+0.000] distance=+1.00000 contact_type=NONE
[X-SEQ-PROBE] step=134 x0_box=(-0.00450,-0.00072,+0.05239) x1_box=(-0.00798,-0.00000,+0.03081) x1_box_v=(-0.03485,+0.00776,-0.46111) dt=0.050
[APPROACH-OVERRIDE] step=134 phase=A_lift_trav face_axis=0 face_sign=+1 face_score=+0.998 surf_dist=0.0579m advance=0.0100m target=(+0.0953,-0.0043,+0.1374) p_ee_des=(+0.0712,-0.0610,+0.1037)
[VFF] step=134 mode=c3 alpha=0.000 v_des=(-0.1680,-0.7500,-0.2230) |v_des|=0.8003 sat=0 util_max=0.235@j3
[AFF] step=134 mode=c3 on=0 a_ff=(+0.0000,+0.0000,+0.0000) |a_ff|=0.0000
[OSC-FORCE] step=134 mode=c3 lam_des=2.000 lam_ext=1.999
[GS] step=134 mode=c3 switch=kStayInC3 best_k=0 best_src=current curr_cost=116177.43 repos_cost=- best_other=179053.29 met_progress=Y steps_since_improve=0 switches=1
[STEP] step=134 mode=c3 t=1.340s ee=(+0.068,-0.069,+0.099) obj=(-0.004,-0.001,+0.052) goal_dist=0.296m switch=kStayInC3 c3_cost=116177.43 lam_n=0.000 lam_t=0.000 contact=N productive=N f_cmd=(+2.00,-0.00,-0.00)
[GATE-EVOLVE] step=134 curr=116177.43 best_other=179053.29 ratio=0.6488 ee_to_optimal=0.0683m phi=0.0061m
[STAGE-A-TRACE] step=134 sim_t=1.340 mode=c3 phi=0.00613 box_xy=-0.00450,-0.00072 lam_n_ee_box=nan qy=-0.02454 qz=-0.01771 finished_repos=0
[DRAKE-CONTACT] step=134 n_pairs=1 ee_box_normal=0.000
[GATE-CONTACT] step=134 F_W=(+0.0000,+0.0000,+0.0000) F_on_box=(-0.0000,-0.0000,-0.0000) n_face_out=(-0.0000,-0.0000,-0.0000) A_is_ee=0 box_q=(+0.99956,-0.00046,-0.02454,-0.01771) box_p=(-0.00450,-0.00072,+0.05239) ee_p=(+0.06777,-0.06910,+0.09891)
[EErel] along_push=-0.071m (neg=correct)  perp=0.077m  ee_to_box=0.105m  stage=2  obj=[-0.005 -0.001]  g_hat=[-1.     0.002]
[proxy] err=0.205m  effective=[0.194 0.076 0.05 ]
[ADMM-C3+] primal: 5.8426->4.6210  dual: 74.5659->134.5481  mono=False  iters=25/25  rho=25.0
[ADMM-C3+] WARNING non-converged: pr=4.6210 dr=134.5481 tol=1e-03
[C3+] step=449 |u[0]|=41.91Nm u_axis=(+12.84,-22.29,-0.13,+30.00,+2.46,+13.71,-0.80)Nm λ_n_max=0.000 η_n_max=0.557 primal=4.621 iters=25/25 lcp_res_max=nan
[EErel] along_push=-0.071m (neg=correct)  perp=0.077m  ee_to_box=0.105m  stage=2  obj=[-0.005 -0.001]  g_hat=[-1.     0.002]
[proxy] err=0.205m  effective=[0.194 0.076 0.05 ]
[ADMM-C3+] primal: 5.8426->4.6210  dual: 74.5659->134.5481  mono=False  iters=25/25  rho=25.0
[ADMM-C3+] WARNING non-converged: pr=4.6210 dr=134.5481 tol=1e-03
[C3+] step=454 |u[0]|=32.64Nm u_axis=(-3.42,-28.81,+11.10,-9.01,+0.24,-4.39,-0.62)Nm λ_n_max=0.000 η_n_max=0.557 primal=4.621 iters=25/25 lcp_res_max=nan
[CONTACT-RUN] step=135 nhat_BA_W=[+0.000,+0.000,+0.000] p_BCb=[+0.000,+0.000,+0.000] distance=+1.00000 contact_type=NONE
[X-SEQ-PROBE] step=135 x0_box=(-0.00498,-0.00067,+0.05281) x1_box=(-0.00655,-0.00014,+0.02958) x1_box_v=(-0.01577,+0.00754,-0.47754) dt=0.050
[APPROACH-OVERRIDE] step=135 phase=A_lift_trav face_axis=0 face_sign=+1 face_score=+0.998 surf_dist=0.0629m advance=0.0100m target=(+0.0948,-0.0042,+0.1378) p_ee_des=(+0.0693,-0.0694,+0.1006)
[VFF] step=135 mode=c3 alpha=0.000 v_des=(-0.1716,-0.7082,-0.1913) |v_des|=0.7534 sat=0 util_max=0.182@j3
[AFF] step=135 mode=c3 on=0 a_ff=(+0.0000,+0.0000,+0.0000) |a_ff|=0.0000
[OSC-FORCE] step=135 mode=c3 lam_des=2.000 lam_ext=1.998
[GS] step=135 mode=c3 switch=kStayInC3 best_k=0 best_src=current curr_cost=122175.10 repos_cost=- best_other=185551.13 met_progress=Y steps_since_improve=0 switches=1
[STEP] step=135 mode=c3 t=1.350s ee=(+0.066,-0.078,+0.096) obj=(-0.005,-0.001,+0.053) goal_dist=0.295m switch=kStayInC3 c3_cost=122175.10 lam_n=0.000 lam_t=0.000 contact=N productive=N f_cmd=(+2.00,-0.00,-0.00)
[GATE-EVOLVE] step=135 curr=122175.10 best_other=185551.13 ratio=0.6584 ee_to_optimal=0.0769m phi=0.0107m
[STAGE-A-TRACE] step=135 sim_t=1.350 mode=c3 phi=0.01075 box_xy=-0.00498,-0.00067 lam_n_ee_box=nan qy=-0.02896 qz=-0.01750 finished_repos=0
[DRAKE-CONTACT] step=135 n_pairs=1 ee_box_normal=0.000
[GATE-CONTACT] step=135 F_W=(+0.0000,+0.0000,+0.0000) F_on_box=(-0.0000,-0.0000,-0.0000) n_face_out=(-0.0000,-0.0000,-0.0000) A_is_ee=0 box_q=(+0.99945,-0.00054,-0.02896,-0.01750) box_p=(-0.00498,-0.00067,+0.05281) ee_p=(+0.06607,-0.07766,+0.09589)
[EErel] along_push=-0.070m (neg=correct)  perp=0.085m  ee_to_box=0.110m  stage=2  obj=[-0.005 -0.001]  g_hat=[-1.     0.002]
[proxy] err=0.216m  effective=[0.193 0.083 0.05 ]
[ADMM-C3+] primal: 5.7803->6.0705  dual: 72.7039->231.8670  mono=False  iters=25/25  rho=25.0
[ADMM-C3+] WARNING non-converged: pr=6.0705 dr=231.8670 tol=1e-03
[C3+] step=455 |u[0]|=41.81Nm u_axis=(+13.07,-21.65,-0.61,+30.00,+2.14,+14.25,-0.75)Nm λ_n_max=0.000 η_n_max=0.734 primal=6.070 iters=25/25 lcp_res_max=nan
[EErel] along_push=-0.070m (neg=correct)  perp=0.085m  ee_to_box=0.110m  stage=2  obj=[-0.005 -0.001]  g_hat=[-1.     0.002]
[proxy] err=0.216m  effective=[0.193 0.083 0.05 ]
[ADMM-C3+] primal: 5.7803->6.0705  dual: 72.7042->231.8671  mono=False  iters=25/25  rho=25.0
[ADMM-C3+] WARNING non-converged: pr=6.0705 dr=231.8671 tol=1e-03
[C3+] step=460 |u[0]|=31.54Nm u_axis=(-3.40,-27.91,+9.94,-9.41,-0.01,-4.02,-0.60)Nm λ_n_max=0.000 η_n_max=0.734 primal=6.070 iters=25/25 lcp_res_max=nan
[CONTACT-RUN] step=136 nhat_BA_W=[+0.000,+0.000,+0.000] p_BCb=[+0.000,+0.000,+0.000] distance=+1.00000 contact_type=NONE
[X-SEQ-PROBE] step=136 x0_box=(-0.00508,-0.00067,+0.05290) x1_box=(-0.00485,-0.00109,+0.02804) x1_box_v=(+0.00235,-0.00656,-0.49385) dt=0.050
[APPROACH-OVERRIDE] step=136 phase=A_lift_trav face_axis=0 face_sign=+1 face_score=+0.998 surf_dist=0.0682m advance=0.0100m target=(+0.0947,-0.0042,+0.1379) p_ee_des=(+0.0675,-0.0771,+0.0980)
[VFF] step=136 mode=c3 alpha=0.000 v_des=(-0.1610,-0.6661,-0.1738) |v_des|=0.7070 sat=0 util_max=0.155@j3
[AFF] step=136 mode=c3 on=0 a_ff=(+0.0000,+0.0000,+0.0000) |a_ff|=0.0000
[OSC-FORCE] step=136 mode=c3 lam_des=2.000 lam_ext=1.999
[GS] step=136 mode=c3 switch=kStayInC3 best_k=0 best_src=current curr_cost=158397.88 repos_cost=- best_other=191276.13 met_progress=Y steps_since_improve=0 switches=1
[STEP] step=136 mode=c3 t=1.360s ee=(+0.064,-0.085,+0.093) obj=(-0.005,-0.001,+0.053) goal_dist=0.295m switch=kStayInC3 c3_cost=158397.88 lam_n=0.000 lam_t=0.000 contact=N productive=N f_cmd=(+2.00,-0.00,-0.00)
[GATE-EVOLVE] step=136 curr=158397.88 best_other=191276.13 ratio=0.8281 ee_to_optimal=0.0848m phi=0.0157m
[STAGE-A-TRACE] step=136 sim_t=1.360 mode=c3 phi=0.01566 box_xy=-0.00508,-0.00067 lam_n_ee_box=nan qy=-0.02996 qz=-0.01750 finished_repos=0
[DRAKE-CONTACT] step=136 n_pairs=1 ee_box_normal=0.000
[GATE-CONTACT] step=136 F_W=(+0.0000,+0.0000,+0.0000) F_on_box=(-0.0000,-0.0000,-0.0000) n_face_out=(-0.0000,-0.0000,-0.0000) A_is_ee=0 box_q=(+0.99942,-0.00050,-0.02996,-0.01750) box_p=(-0.00508,-0.00067,+0.05290) ee_p=(+0.06444,-0.08542,+0.09345)
[EErel] along_push=-0.068m (neg=correct)  perp=0.092m  ee_to_box=0.114m  stage=2  obj=[-0.005 -0.001]  g_hat=[-1.     0.002]
[proxy] err=0.228m  effective=[0.192 0.091 0.05 ]
[ADMM-C3+] primal: 5.7889->4.5394  dual: 71.0454->128.9882  mono=False  iters=25/25  rho=25.0
[ADMM-C3+] WARNING non-converged: pr=4.5394 dr=128.9882 tol=1e-03
[C3+] step=461 |u[0]|=41.81Nm u_axis=(+13.23,-21.17,-0.91,+30.00,+1.88,+14.84,-0.70)Nm λ_n_max=0.000 η_n_max=0.642 primal=4.539 iters=25/25 lcp_res_max=nan
[EErel] along_push=-0.068m (neg=correct)  perp=0.092m  ee_to_box=0.114m  stage=2  obj=[-0.005 -0.001]  g_hat=[-1.     0.002]
[proxy] err=0.228m  effective=[0.192 0.091 0.05 ]
[ADMM-C3+] primal: 5.7889->4.5394  dual: 71.0454->128.9881  mono=False  iters=25/25  rho=25.0
[ADMM-C3+] WARNING non-converged: pr=4.5394 dr=128.9881 tol=1e-03
[C3+] step=466 |u[0]|=31.40Nm u_axis=(-3.56,-27.73,+10.12,-9.20,-0.04,-4.10,-0.58)Nm λ_n_max=0.000 η_n_max=0.642 primal=4.539 iters=25/25 lcp_res_max=nan
[CONTACT-RUN] step=137 nhat_BA_W=[+0.000,+0.000,+0.000] p_BCb=[+0.000,+0.000,+0.000] distance=+1.00000 contact_type=NONE
[X-SEQ-PROBE] step=137 x0_box=(-0.00483,-0.00067,+0.05267) x1_box=(-0.00273,-0.00026,+0.02621) x1_box_v=(+0.02092,+0.00720,-0.50985) dt=0.050
[APPROACH-OVERRIDE] step=137 phase=A_lift_trav face_axis=0 face_sign=+1 face_score=+0.998 surf_dist=0.0737m advance=0.0100m target=(+0.0950,-0.0042,+0.1377) p_ee_des=(+0.0659,-0.0841,+0.0959)
[VFF] step=137 mode=c3 alpha=0.000 v_des=(-0.1572,-0.6298,-0.1561) |v_des|=0.6676 sat=0 util_max=0.131@j3
[AFF] step=137 mode=c3 on=0 a_ff=(+0.0000,+0.0000,+0.0000) |a_ff|=0.0000
[OSC-FORCE] step=137 mode=c3 lam_des=2.000 lam_ext=1.999
[GS] step=137 mode=c3 switch=kStayInC3 best_k=0 best_src=current curr_cost=164843.53 repos_cost=- best_other=200072.68 met_progress=Y steps_since_improve=1 switches=1
[STEP] step=137 mode=c3 t=1.370s ee=(+0.063,-0.093,+0.091) obj=(-0.005,-0.001,+0.053) goal_dist=0.295m switch=kStayInC3 c3_cost=164843.53 lam_n=0.000 lam_t=0.000 contact=N productive=N f_cmd=(+2.00,-0.00,-0.00)
[GATE-EVOLVE] step=137 curr=164843.53 best_other=200072.68 ratio=0.8239 ee_to_optimal=0.0920m phi=0.0206m
[STAGE-A-TRACE] step=137 sim_t=1.370 mode=c3 phi=0.02058 box_xy=-0.00483,-0.00067 lam_n_ee_box=nan qy=-0.02749 qz=-0.01750 finished_repos=0
[DRAKE-CONTACT] step=137 n_pairs=1 ee_box_normal=0.000
[GATE-CONTACT] step=137 F_W=(+0.0000,+0.0000,+0.0000) F_on_box=(-0.0000,-0.0000,-0.0000) n_face_out=(-0.0000,-0.0000,-0.0000) A_is_ee=0 box_q=(+0.99949,-0.00050,-0.02749,-0.01750) box_p=(-0.00483,-0.00067,+0.05267) ee_p=(+0.06287,-0.09252,+0.09145)
[EErel] along_push=-0.066m (neg=correct)  perp=0.098m  ee_to_box=0.118m  stage=2  obj=[-0.004 -0.001]  g_hat=[-1.     0.002]
[proxy] err=0.239m  effective=[0.191 0.097 0.05 ]
[ADMM-C3+] primal: 5.7293->4.3881  dual: 70.6553->118.5792  mono=False  iters=25/25  rho=25.0
[ADMM-C3+] WARNING non-converged: pr=4.3881 dr=118.5792 tol=1e-03
[C3+] step=467 |u[0]|=41.89Nm u_axis=(+13.33,-20.82,-1.15,+30.00,+1.68,+15.47,-0.67)Nm λ_n_max=0.000 η_n_max=0.835 primal=4.388 iters=25/25 lcp_res_max=nan
[EErel] along_push=-0.066m (neg=correct)  perp=0.098m  ee_to_box=0.118m  stage=2  obj=[-0.004 -0.001]  g_hat=[-1.     0.002]
[proxy] err=0.239m  effective=[0.191 0.097 0.05 ]
[ADMM-C3+] primal: 5.7293->4.3881  dual: 70.6553->118.5791  mono=False  iters=25/25  rho=25.0
[ADMM-C3+] WARNING non-converged: pr=4.3881 dr=118.5791 tol=1e-03
[C3+] step=472 |u[0]|=30.86Nm u_axis=(-3.67,-27.15,+9.90,-9.38,-0.17,-3.91,-0.57)Nm λ_n_max=0.000 η_n_max=0.835 primal=4.388 iters=25/25 lcp_res_max=nan
[CONTACT-RUN] step=138 nhat_BA_W=[+0.000,+0.000,+0.000] p_BCb=[+0.000,+0.000,+0.000] distance=+1.00000 contact_type=NONE
[X-SEQ-PROBE] step=138 x0_box=(-0.00421,-0.00070,+0.05211) x1_box=(-0.00034,-0.00121,+0.02394) x1_box_v=(+0.03868,-0.00682,-0.52686) dt=0.050
[APPROACH-OVERRIDE] step=138 phase=A_lift_trav face_axis=0 face_sign=+1 face_score=+0.999 surf_dist=0.0791m advance=0.0100m target=(+0.0956,-0.0042,+0.1371) p_ee_des=(+0.0644,-0.0905,+0.0940)
[VFF] step=138 mode=c3 alpha=0.000 v_des=(-0.1531,-0.5990,-0.1435) |v_des|=0.6347 sat=0 util_max=0.111@j3
[AFF] step=138 mode=c3 on=0 a_ff=(+0.0000,+0.0000,+0.0000) |a_ff|=0.0000
[OSC-FORCE] step=138 mode=c3 lam_des=2.000 lam_ext=1.999
[GS] step=138 mode=c3 switch=kStayInC3 best_k=0 best_src=current curr_cost=171429.80 repos_cost=- best_other=207128.30 met_progress=Y steps_since_improve=2 switches=1
[STEP] step=138 mode=c3 t=1.380s ee=(+0.061,-0.099,+0.090) obj=(-0.004,-0.001,+0.052) goal_dist=0.296m switch=kStayInC3 c3_cost=171429.80 lam_n=0.000 lam_t=0.000 contact=N productive=N f_cmd=(+2.00,-0.00,-0.00)
[GATE-EVOLVE] step=138 curr=171429.80 best_other=207128.30 ratio=0.8277 ee_to_optimal=0.0986m phi=0.0254m
[STAGE-A-TRACE] step=138 sim_t=1.380 mode=c3 phi=0.02537 box_xy=-0.00421,-0.00070 lam_n_ee_box=nan qy=-0.02157 qz=-0.01750 finished_repos=0
[DRAKE-CONTACT] step=138 n_pairs=1 ee_box_normal=0.000
[GATE-CONTACT] step=138 F_W=(+0.0000,+0.0000,+0.0000) F_on_box=(-0.0000,-0.0000,-0.0000) n_face_out=(-0.0000,-0.0000,-0.0000) A_is_ee=0 box_q=(+0.99964,-0.00035,-0.02157,-0.01750) box_p=(-0.00421,-0.00070,+0.05211) ee_p=(+0.06135,-0.09905,+0.08980)
[EErel] along_push=-0.063m (neg=correct)  perp=0.104m  ee_to_box=0.122m  stage=2  obj=[-0.003 -0.001]  g_hat=[-1.     0.002]
[proxy] err=0.249m  effective=[0.191 0.103 0.05 ]
[ADMM-C3+] primal: 5.7144->6.7350  dual: 70.3023->265.7107  mono=False  iters=25/25  rho=25.0
[ADMM-C3+] WARNING non-converged: pr=6.7350 dr=265.7107 tol=1e-03
[C3+] step=473 |u[0]|=42.05Nm u_axis=(+13.38,-20.58,-1.34,+30.00,+1.51,+16.15,-0.63)Nm λ_n_max=0.000 η_n_max=0.763 primal=6.735 iters=25/25 lcp_res_max=nan
[EErel] along_push=-0.063m (neg=correct)  perp=0.104m  ee_to_box=0.122m  stage=2  obj=[-0.003 -0.001]  g_hat=[-1.     0.002]
[proxy] err=0.249m  effective=[0.191 0.103 0.05 ]
[ADMM-C3+] primal: 5.7144->6.7350  dual: 70.3023->265.7107  mono=False  iters=25/25  rho=25.0
[ADMM-C3+] WARNING non-converged: pr=6.7350 dr=265.7107 tol=1e-03
[C3+] step=478 |u[0]|=30.67Nm u_axis=(-3.74,-26.97,+9.81,-9.34,-0.21,-3.89,-0.56)Nm λ_n_max=0.000 η_n_max=0.763 primal=6.735 iters=25/25 lcp_res_max=nan
[CONTACT-RUN] step=139 nhat_BA_W=[+0.000,+0.000,+0.000] p_BCb=[+0.000,+0.000,+0.000] distance=+1.00000 contact_type=NONE
[X-SEQ-PROBE] step=139 x0_box=(-0.00323,-0.00073,+0.05119) x1_box=(+0.00240,-0.00039,+0.02123) x1_box_v=(+0.05628,+0.00695,-0.54493) dt=0.050
[APPROACH-OVERRIDE] step=139 phase=A_lift_trav face_axis=0 face_sign=+1 face_score=+0.999 surf_dist=0.0846m advance=0.0100m target=(+0.0967,-0.0042,+0.1362) p_ee_des=(+0.0630,-0.0965,+0.0925)
[VFF] step=139 mode=c3 alpha=0.000 v_des=(-0.1490,-0.5736,-0.1328) |v_des|=0.6074 sat=0 util_max=0.095@j3
[AFF] step=139 mode=c3 on=0 a_ff=(+0.0000,+0.0000,+0.0000) |a_ff|=0.0000
[OSC-FORCE] step=139 mode=c3 lam_des=2.000 lam_ext=2.000
[GS] step=139 mode=c3 switch=kStayInC3 best_k=0 best_src=current curr_cost=177949.73 repos_cost=- best_other=216055.32 met_progress=Y steps_since_improve=3 switches=1
[STEP] step=139 mode=c3 t=1.390s ee=(+0.060,-0.105,+0.088) obj=(-0.003,-0.001,+0.051) goal_dist=0.297m switch=kStayInC3 c3_cost=177949.73 lam_n=0.000 lam_t=0.000 contact=N productive=N f_cmd=(+2.00,-0.00,-0.00)
[GATE-EVOLVE] step=139 curr=177949.73 best_other=216055.32 ratio=0.8236 ee_to_optimal=0.1049m phi=0.0300m
[STAGE-A-TRACE] step=139 sim_t=1.390 mode=c3 phi=0.03001 box_xy=-0.00323,-0.00073 lam_n_ee_box=nan qy=-0.01212 qz=-0.01750 finished_repos=0
[DRAKE-CONTACT] step=139 n_pairs=1 ee_box_normal=0.000
[GATE-CONTACT] step=139 F_W=(+0.0000,+0.0000,+0.0000) F_on_box=(-0.0000,-0.0000,-0.0000) n_face_out=(-0.0000,-0.0000,-0.0000) A_is_ee=0 box_q=(+0.99980,-0.00024,-0.01212,-0.01750) box_p=(-0.00323,-0.00073,+0.05119) ee_p=(+0.05989,-0.10512,+0.08839)
[EErel] along_push=-0.061m (neg=correct)  perp=0.110m  ee_to_box=0.125m  stage=2  obj=[-0.002 -0.001]  g_hat=[-1.     0.003]
[proxy] err=0.259m  effective=[0.192 0.109 0.05 ]
[ADMM-C3+] primal: 6.1460->7.6242  dual: 106.8413->197.7662  mono=False  iters=25/25  rho=25.0
[ADMM-C3+] WARNING non-converged: pr=7.6242 dr=197.7662 tol=1e-03
[C3+] step=479 |u[0]|=42.26Nm u_axis=(+13.36,-20.47,-1.50,+30.00,+1.38,+16.85,-0.60)Nm λ_n_max=1.109 η_n_max=1.305 primal=7.624 iters=25/25 lcp_res_max=nan
[EErel] along_push=-0.061m (neg=correct)  perp=0.110m  ee_to_box=0.125m  stage=2  obj=[-0.002 -0.001]  g_hat=[-1.     0.003]
[proxy] err=0.259m  effective=[0.192 0.109 0.05 ]
[ADMM-C3+] primal: 6.1460->7.6242  dual: 106.8413->197.7662  mono=False  iters=25/25  rho=25.0
[ADMM-C3+] WARNING non-converged: pr=7.6242 dr=197.7662 tol=1e-03
[C3+] step=484 |u[0]|=30.40Nm u_axis=(-3.84,-26.66,+9.80,-9.40,-0.27,-3.80,-0.55)Nm λ_n_max=1.109 η_n_max=1.305 primal=7.624 iters=25/25 lcp_res_max=nan
[CONTACT-RUN] step=140 nhat_BA_W=[+0.000,+0.000,+0.000] p_BCb=[+0.000,+0.000,+0.000] distance=+1.00000 contact_type=NONE
[X-SEQ-PROBE] step=140 x0_box=(-0.00191,-0.00078,+0.04990) x1_box=(-0.00437,+0.00029,+0.01800) x1_box_v=(-0.12216,+0.02547,-0.56435) dt=0.050
[APPROACH-OVERRIDE] step=140 phase=A_lift_trav face_axis=0 face_sign=+1 face_score=+0.999 surf_dist=0.0900m advance=0.0100m target=(+0.0980,-0.0043,+0.1349) p_ee_des=(+0.0617,-0.1021,+0.0911)
[VFF] step=140 mode=c3 alpha=0.000 v_des=(-0.1462,-0.5516,-0.1241) |v_des|=0.5839 sat=0 util_max=0.081@j3
[AFF] step=140 mode=c3 on=0 a_ff=(+0.0000,+0.0000,+0.0000) |a_ff|=0.0000
[OSC-FORCE] step=140 mode=c3 lam_des=2.000 lam_ext=2.000
[IMP] step=140 mode=c3 |x_err|=0.0100m |tau_imp|=7.85Nm |tau_ff|=0.98Nm |tau_out|=7.85Nm sat=False lam_n=True lam_t=True
[GS] step=140 mode=c3 switch=kStayInC3 best_k=0 best_src=current curr_cost=158308.27 repos_cost=- best_other=201179.04 met_progress=Y steps_since_improve=4 switches=1
[STEP] step=140 mode=c3 t=1.400s ee=(+0.058,-0.111,+0.087) obj=(-0.002,-0.001,+0.050) goal_dist=0.298m switch=kStayInC3 c3_cost=158308.27 lam_n=0.000 lam_t=0.359 contact=N productive=N f_cmd=(+2.00,-0.01,-0.00)
[GATE-EVOLVE] step=140 curr=158308.27 best_other=201179.04 ratio=0.7869 ee_to_optimal=0.1108m phi=0.0345m
[STAGE-A-TRACE] step=140 sim_t=1.400 mode=c3 phi=0.03452 box_xy=-0.00191,-0.00078 lam_n_ee_box=nan qy=+0.00091 qz=-0.01750 finished_repos=0
[GS-table] step=140
  k=0 (current   ) pos=(+0.058,-0.111,+0.087) c_C3= 158308.27 align=0.0000(bonus=    0.00) rot=+0.0000(bonus=    0.00) travel=0.000m(pen=  0.00) c_sample= 158308.27 feas=Y ik_err=0.0000m  ← WIN
  k=1 (strat_0   ) pos=(-0.023,+0.080,+0.030) c_C3= 263915.70 align=0.0324(bonus=  971.61) rot=+0.0000(bonus=    0.00) travel=0.215m(pen= 43.03) c_sample= 262987.13 feas=Y ik_err=0.0004m
  k=2 (strat_1   ) pos=(-0.004,+0.080,+0.030) c_C3= 263113.83 align=0.0324(bonus=  971.61) rot=+0.0000(bonus=    0.00) travel=0.209m(pen= 41.77) c_sample= 262184.00 feas=Y ik_err=0.0004m
  k=3 (strat_2   ) pos=(-0.032,+0.080,+0.030) c_C3= 264493.65 align=0.0324(bonus=  971.61) rot=+0.0000(bonus=    0.00) travel=0.219m(pen= 43.72) c_sample= 263565.76 feas=Y ik_err=0.0004m
  k=4 (buffer    ) pos=(+0.080,+0.000,+0.030) c_C3= 231137.95 align=0.9995(bonus=29984.21) rot=+0.0000(bonus=    0.00) travel=0.127m(pen= 25.30) c_sample= 201179.04 feas=Y ik_err=0.0001m
[DRAKE-CONTACT] step=140 n_pairs=1 ee_box_normal=0.000
[GATE-CONTACT] step=140 F_W=(+0.0000,+0.0000,+0.0000) F_on_box=(-0.0000,-0.0000,-0.0000) n_face_out=(-0.0000,-0.0000,-0.0000) A_is_ee=0 box_q=(+0.99989,+0.00004,+0.00091,-0.01750) box_p=(-0.00191,-0.00078,+0.04990) ee_p=(+0.05847,-0.11078,+0.08718)
[EErel] along_push=-0.059m (neg=correct)  perp=0.116m  ee_to_box=0.130m  stage=2  obj=[-0.002 -0.   ]  g_hat=[-1.     0.001]
[proxy] err=0.269m  effective=[0.19  0.115 0.05 ]
[ADMM-C3+] primal: 6.1367->7.4278  dual: 118.6587->279.3824  mono=False  iters=25/25  rho=25.0
[ADMM-C3+] WARNING non-converged: pr=7.4278 dr=279.3824 tol=1e-03
[C3+] step=485 |u[0]|=42.49Nm u_axis=(+13.41,-20.32,-1.46,+30.00,+1.23,+17.58,-0.58)Nm λ_n_max=1.053 η_n_max=1.263 primal=7.428 iters=25/25 lcp_res_max=nan
[EErel] along_push=-0.059m (neg=correct)  perp=0.116m  ee_to_box=0.130m  stage=2  obj=[-0.002 -0.   ]  g_hat=[-1.     0.001]
[proxy] err=0.269m  effective=[0.19  0.115 0.05 ]
[ADMM-C3+] primal: 6.1367->7.4278  dual: 118.6587->279.3824  mono=False  iters=25/25  rho=25.0
[ADMM-C3+] WARNING non-converged: pr=7.4278 dr=279.3824 tol=1e-03
[C3+] step=490 |u[0]|=30.23Nm u_axis=(-3.89,-26.47,+9.74,-9.41,-0.30,-3.75,-0.55)Nm λ_n_max=1.053 η_n_max=1.263 primal=7.428 iters=25/25 lcp_res_max=nan
[CONTACT-RUN] step=141 nhat_BA_W=[+0.000,+0.000,+0.000] p_BCb=[+0.000,+0.000,+0.000] distance=+1.00000 contact_type=NONE
[X-SEQ-PROBE] step=141 x0_box=(-0.00181,-0.00045,+0.05023) x1_box=(-0.01264,-0.00101,+0.02624) x1_box_v=(-0.21665,-0.02337,-0.48514) dt=0.050
[APPROACH-OVERRIDE] step=141 phase=A_lift_trav face_axis=0 face_sign=+1 face_score=+0.999 surf_dist=0.0948m advance=0.0100m target=(+0.0981,-0.0039,+0.1352) p_ee_des=(+0.0603,-0.1074,+0.0899)
[VFF] step=141 mode=c3 alpha=0.000 v_des=(-0.1430,-0.5332,-0.1171) |v_des|=0.5643 sat=0 util_max=0.069@j3
[AFF] step=141 mode=c3 on=0 a_ff=(+0.0000,+0.0000,+0.0000) |a_ff|=0.0000
[OSC-FORCE] step=141 mode=c3 lam_des=2.000 lam_ext=2.000
[GS] step=141 mode=c3 switch=kStayInC3 best_k=0 best_src=current curr_cost=129933.44 repos_cost=- best_other=168966.27 met_progress=Y steps_since_improve=5 switches=1
[STEP] step=141 mode=c3 t=1.410s ee=(+0.057,-0.116,+0.086) obj=(-0.002,-0.000,+0.050) goal_dist=0.298m switch=kStayInC3 c3_cost=129933.44 lam_n=0.000 lam_t=0.720 contact=N productive=N f_cmd=(+2.00,-0.00,-0.00)
[GATE-EVOLVE] step=141 curr=129933.44 best_other=168966.27 ratio=0.7690 ee_to_optimal=0.1167m phi=0.0400m
[STAGE-A-TRACE] step=141 sim_t=1.410 mode=c3 phi=0.04000 box_xy=-0.00181,-0.00045 lam_n_ee_box=nan qy=+0.00121 qz=-0.01750 finished_repos=0
[DRAKE-CONTACT] step=141 n_pairs=1 ee_box_normal=0.000
[GATE-CONTACT] step=141 F_W=(+0.0000,+0.0000,+0.0000) F_on_box=(-0.0000,-0.0000,-0.0000) n_face_out=(-0.0000,-0.0000,-0.0000) A_is_ee=0 box_q=(+0.99988,-0.00271,+0.00121,-0.01750) box_p=(-0.00181,-0.00045,+0.05023) ee_p=(+0.05710,-0.11610,+0.08611)
[EErel] along_push=-0.058m (neg=correct)  perp=0.121m  ee_to_box=0.134m  stage=2  obj=[-0.002 -0.   ]  g_hat=[-1.     0.001]
[proxy] err=0.278m  effective=[0.189 0.12  0.05 ]
[ADMM-C3+] primal: 5.7042->4.5403  dual: 73.6129->138.5763  mono=False  iters=25/25  rho=25.0
[ADMM-C3+] WARNING non-converged: pr=4.5403 dr=138.5763 tol=1e-03
[C3+] step=491 |u[0]|=42.74Nm u_axis=(+13.42,-20.23,-1.42,+30.00,+1.10,+18.26,-0.55)Nm λ_n_max=0.000 η_n_max=0.712 primal=4.540 iters=25/25 lcp_res_max=nan
[EErel] along_push=-0.058m (neg=correct)  perp=0.121m  ee_to_box=0.134m  stage=2  obj=[-0.002 -0.   ]  g_hat=[-1.     0.001]
[proxy] err=0.278m  effective=[0.189 0.12  0.05 ]
[ADMM-C3+] primal: 5.7042->4.5403  dual: 73.6129->138.5705  mono=False  iters=25/25  rho=25.0
[ADMM-C3+] WARNING non-converged: pr=4.5403 dr=138.5705 tol=1e-03
[C3+] step=496 |u[0]|=30.03Nm u_axis=(-4.08,-26.17,+9.73,-9.59,-0.33,-3.62,-0.51)Nm λ_n_max=0.000 η_n_max=0.712 primal=4.540 iters=25/25 lcp_res_max=nan
[CONTACT-RUN] step=142 nhat_BA_W=[+0.000,+0.000,+0.000] p_BCb=[+0.000,+0.000,+0.000] distance=+1.00000 contact_type=NONE
[X-SEQ-PROBE] step=142 x0_box=(-0.00176,-0.00039,+0.05013) x1_box=(-0.00094,-0.00046,+0.02450) x1_box_v=(+0.00823,+0.00541,-0.50161) dt=0.050
[APPROACH-OVERRIDE] step=142 phase=A_lift_trav face_axis=0 face_sign=+1 face_score=+0.999 surf_dist=0.0993m advance=0.0100m target=(+0.0982,-0.0037,+0.1351) p_ee_des=(+0.0589,-0.1124,+0.0889)
[VFF] step=142 mode=c3 alpha=0.000 v_des=(-0.1410,-0.5177,-0.1111) |v_des|=0.5480 sat=0 util_max=0.059@j3
[AFF] step=142 mode=c3 on=0 a_ff=(+0.0000,+0.0000,+0.0000) |a_ff|=0.0000
[OSC-FORCE] step=142 mode=c3 lam_des=2.000 lam_ext=2.000
[GS] step=142 mode=c3 switch=kStayInC3 best_k=0 best_src=current curr_cost=160703.25 repos_cost=- best_other=198572.68 met_progress=Y steps_since_improve=6 switches=1
[STEP] step=142 mode=c3 t=1.420s ee=(+0.056,-0.121,+0.085) obj=(-0.002,-0.000,+0.050) goal_dist=0.298m switch=kStayInC3 c3_cost=160703.25 lam_n=0.000 lam_t=0.000 contact=N productive=N f_cmd=(+2.00,-0.00,-0.00)
[GATE-EVOLVE] step=142 curr=160703.25 best_other=198572.68 ratio=0.8093 ee_to_optimal=0.1219m phi=0.0448m
[STAGE-A-TRACE] step=142 sim_t=1.420 mode=c3 phi=0.04480 box_xy=-0.00176,-0.00039 lam_n_ee_box=nan qy=-0.00014 qz=-0.01673 finished_repos=0
[DRAKE-CONTACT] step=142 n_pairs=1 ee_box_normal=0.000
[GATE-CONTACT] step=142 F_W=(+0.0000,+0.0000,+0.0000) F_on_box=(-0.0000,-0.0000,-0.0000) n_face_out=(-0.0000,-0.0000,-0.0000) A_is_ee=0 box_q=(+0.99990,-0.00126,-0.00014,-0.01673) box_p=(-0.00176,-0.00039,+0.05013) ee_p=(+0.05577,-0.12113,+0.08516)
[EErel] along_push=-0.056m (neg=correct)  perp=0.125m  ee_to_box=0.137m  stage=2  obj=[-0.002 -0.   ]  g_hat=[-1.     0.002]
[proxy] err=0.286m  effective=[0.188 0.125 0.05 ]
[ADMM-C3+] primal: 5.7576->4.6103  dual: 73.6480->139.8192  mono=False  iters=25/25  rho=25.0
[ADMM-C3+] WARNING non-converged: pr=4.6103 dr=139.8192 tol=1e-03
[C3+] step=497 |u[0]|=42.99Nm u_axis=(+13.40,-20.17,-1.37,+30.00,+0.97,+18.95,-0.53)Nm λ_n_max=0.000 η_n_max=0.677 primal=4.610 iters=25/25 lcp_res_max=nan
[EErel] along_push=-0.056m (neg=correct)  perp=0.125m  ee_to_box=0.137m  stage=2  obj=[-0.002 -0.   ]  g_hat=[-1.     0.002]
[proxy] err=0.286m  effective=[0.188 0.125 0.05 ]
[ADMM-C3+] primal: 5.7576->4.6102  dual: 73.6480->139.8190  mono=False  iters=25/25  rho=25.0
[ADMM-C3+] WARNING non-converged: pr=4.6102 dr=139.8190 tol=1e-03
[C3+] step=502 |u[0]|=29.96Nm u_axis=(-3.97,-26.18,+9.71,-9.40,-0.34,-3.67,-0.53)Nm λ_n_max=0.000 η_n_max=0.677 primal=4.610 iters=25/25 lcp_res_max=nan
[CONTACT-RUN] step=143 nhat_BA_W=[+0.000,+0.000,+0.000] p_BCb=[+0.000,+0.000,+0.000] distance=+1.00000 contact_type=NONE
[X-SEQ-PROBE] step=143 x0_box=(-0.00174,-0.00045,+0.05002) x1_box=(-0.00135,+0.00000,+0.02564) x1_box_v=(+0.00384,+0.00746,-0.48907) dt=0.050
[APPROACH-OVERRIDE] step=143 phase=A_lift_trav face_axis=0 face_sign=+1 face_score=+1.000 surf_dist=0.1037m advance=0.0100m target=(+0.0982,-0.0037,+0.1350) p_ee_des=(+0.0576,-0.1172,+0.0879)
[VFF] step=143 mode=c3 alpha=0.000 v_des=(-0.1380,-0.5038,-0.1058) |v_des|=0.5330 sat=0 util_max=0.051@j3
[AFF] step=143 mode=c3 on=0 a_ff=(+0.0000,+0.0000,+0.0000) |a_ff|=0.0000
[OSC-FORCE] step=143 mode=c3 lam_des=2.000 lam_ext=2.000
[GS] step=143 mode=c3 switch=kStayInC3 best_k=0 best_src=current curr_cost=160141.13 repos_cost=- best_other=197136.57 met_progress=Y steps_since_improve=7 switches=1
[STEP] step=143 mode=c3 t=1.430s ee=(+0.054,-0.126,+0.084) obj=(-0.002,-0.000,+0.050) goal_dist=0.298m switch=kStayInC3 c3_cost=160141.13 lam_n=0.000 lam_t=0.000 contact=N productive=N f_cmd=(+2.00,-0.00,-0.00)
[GATE-EVOLVE] step=143 curr=160141.13 best_other=197136.57 ratio=0.8123 ee_to_optimal=0.1268m phi=0.0493m
[STAGE-A-TRACE] step=143 sim_t=1.430 mode=c3 phi=0.04930 box_xy=-0.00174,-0.00045 lam_n_ee_box=nan qy=-0.00018 qz=-0.01620 finished_repos=0
[DRAKE-CONTACT] step=143 n_pairs=1 ee_box_normal=0.000
[GATE-CONTACT] step=143 F_W=(+0.0000,+0.0000,+0.0000) F_on_box=(-0.0000,-0.0000,-0.0000) n_face_out=(-0.0000,-0.0000,-0.0000) A_is_ee=0 box_q=(+0.99991,-0.00010,-0.00018,-0.01620) box_p=(-0.00174,-0.00045,+0.05002) ee_p=(+0.05447,-0.12592,+0.08430)
[EErel] along_push=-0.055m (neg=correct)  perp=0.130m  ee_to_box=0.141m  stage=2  obj=[-0.002 -0.   ]  g_hat=[-1.     0.002]
[proxy] err=0.294m  effective=[0.188 0.129 0.05 ]
[ADMM-C3+] primal: 6.1219->7.4914  dual: 110.6329->280.9945  mono=False  iters=25/25  rho=25.0
[ADMM-C3+] WARNING non-converged: pr=7.4914 dr=280.9945 tol=1e-03
[C3+] step=503 |u[0]|=43.30Nm u_axis=(+13.39,-20.14,-1.31,+30.00,+0.85,+19.67,-0.51)Nm λ_n_max=1.050 η_n_max=1.266 primal=7.491 iters=25/25 lcp_res_max=nan
[EErel] along_push=-0.055m (neg=correct)  perp=0.130m  ee_to_box=0.141m  stage=2  obj=[-0.002 -0.   ]  g_hat=[-1.     0.002]
[proxy] err=0.294m  effective=[0.188 0.129 0.05 ]
[ADMM-C3+] primal: 6.1219->7.4914  dual: 110.6329->280.9945  mono=False  iters=25/25  rho=25.0
[ADMM-C3+] WARNING non-converged: pr=7.4914 dr=280.9945 tol=1e-03
[C3+] step=508 |u[0]|=29.73Nm u_axis=(-4.06,-25.86,+9.79,-9.45,-0.40,-3.58,-0.53)Nm λ_n_max=1.050 η_n_max=1.266 primal=7.491 iters=25/25 lcp_res_max=nan
[CONTACT-RUN] step=144 nhat_BA_W=[+0.000,+0.000,+0.000] p_BCb=[+0.000,+0.000,+0.000] distance=+1.00000 contact_type=NONE
[X-SEQ-PROBE] step=144 x0_box=(-0.00171,-0.00046,+0.05000) x1_box=(-0.01347,-0.00186,+0.02565) x1_box_v=(-0.23592,-0.02382,-0.48878) dt=0.050
[APPROACH-OVERRIDE] step=144 phase=A_lift_trav face_axis=0 face_sign=+1 face_score=+1.000 surf_dist=0.1078m advance=0.0100m target=(+0.0982,-0.0037,+0.1350) p_ee_des=(+0.0563,-0.1217,+0.0871)
[VFF] step=144 mode=c3 alpha=0.000 v_des=(-0.1370,-0.4913,-0.1010) |v_des|=0.5199 sat=0 util_max=0.045@j3
[AFF] step=144 mode=c3 on=0 a_ff=(+0.0000,+0.0000,+0.0000) |a_ff|=0.0000
[OSC-FORCE] step=144 mode=c3 lam_des=2.000 lam_ext=2.000
[GS] step=144 mode=c3 switch=kStayInC3 best_k=0 best_src=current curr_cost=134282.57 repos_cost=- best_other=174156.87 met_progress=Y steps_since_improve=8 switches=1
[STEP] step=144 mode=c3 t=1.440s ee=(+0.053,-0.131,+0.084) obj=(-0.002,-0.000,+0.050) goal_dist=0.298m switch=kStayInC3 c3_cost=134282.57 lam_n=0.000 lam_t=0.405 contact=N productive=N f_cmd=(+2.00,-0.00,-0.00)
[GATE-EVOLVE] step=144 curr=134282.57 best_other=174156.87 ratio=0.7710 ee_to_optimal=0.1315m phi=0.0537m
[STAGE-A-TRACE] step=144 sim_t=1.440 mode=c3 phi=0.05372 box_xy=-0.00171,-0.00046 lam_n_ee_box=nan qy=+0.00012 qz=-0.01622 finished_repos=0
[DRAKE-CONTACT] step=144 n_pairs=1 ee_box_normal=0.000
[GATE-CONTACT] step=144 F_W=(+0.0000,+0.0000,+0.0000) F_on_box=(-0.0000,-0.0000,-0.0000) n_face_out=(-0.0000,-0.0000,-0.0000) A_is_ee=0 box_q=(+0.99991,-0.00003,+0.00012,-0.01622) box_p=(-0.00171,-0.00046,+0.05000) ee_p=(+0.05320,-0.13050,+0.08351)
[EErel] along_push=-0.054m (neg=correct)  perp=0.134m  ee_to_box=0.145m  stage=2  obj=[-0.002 -0.   ]  g_hat=[-1.     0.002]
[proxy] err=0.302m  effective=[0.187 0.134 0.05 ]
[ADMM-C3+] primal: 6.1351->6.8805  dual: 105.6056->230.6590  mono=False  iters=25/25  rho=25.0
[ADMM-C3+] WARNING non-converged: pr=6.8805 dr=230.6590 tol=1e-03
[C3+] step=509 |u[0]|=43.61Nm u_axis=(+13.37,-20.12,-1.25,+30.00,+0.72,+20.39,-0.49)Nm λ_n_max=1.059 η_n_max=1.286 primal=6.881 iters=25/25 lcp_res_max=nan
[EErel] along_push=-0.054m (neg=correct)  perp=0.134m  ee_to_box=0.145m  stage=2  obj=[-0.002 -0.   ]  g_hat=[-1.     0.002]
[proxy] err=0.302m  effective=[0.187 0.134 0.05 ]
[ADMM-C3+] primal: 6.1351->6.8805  dual: 105.6056->230.6590  mono=False  iters=25/25  rho=25.0
[ADMM-C3+] WARNING non-converged: pr=6.8805 dr=230.6590 tol=1e-03
[C3+] step=514 |u[0]|=29.60Nm u_axis=(-4.08,-25.75,+9.74,-9.42,-0.42,-3.55,-0.52)Nm λ_n_max=1.059 η_n_max=1.286 primal=6.881 iters=25/25 lcp_res_max=nan
[CONTACT-RUN] step=145 nhat_BA_W=[+0.000,+0.000,+0.000] p_BCb=[+0.000,+0.000,+0.000] distance=+1.00000 contact_type=NONE
[X-SEQ-PROBE] step=145 x0_box=(-0.00171,-0.00048,+0.05001) x1_box=(-0.01337,+0.00059,+0.02574) x1_box_v=(-0.22863,+0.02292,-0.48796) dt=0.050
[APPROACH-OVERRIDE] step=145 phase=A_lift_trav face_axis=0 face_sign=+1 face_score=+1.000 surf_dist=0.1118m advance=0.0100m target=(+0.0982,-0.0037,+0.1350) p_ee_des=(+0.0551,-0.1261,+0.0863)
[VFF] step=145 mode=c3 alpha=0.000 v_des=(-0.1347,-0.4810,-0.0971) |v_des|=0.5089 sat=0 util_max=0.039@j3
[AFF] step=145 mode=c3 on=0 a_ff=(+0.0000,+0.0000,+0.0000) |a_ff|=0.0000
[OSC-FORCE] step=145 mode=c3 lam_des=2.000 lam_ext=2.000
[GS] step=145 mode=c3 switch=kStayInC3 best_k=0 best_src=current curr_cost=137626.25 repos_cost=- best_other=177024.20 met_progress=Y steps_since_improve=9 switches=1
[STEP] step=145 mode=c3 t=1.450s ee=(+0.052,-0.135,+0.083) obj=(-0.002,-0.000,+0.050) goal_dist=0.298m switch=kStayInC3 c3_cost=137626.25 lam_n=0.000 lam_t=0.000 contact=N productive=N f_cmd=(+2.00,-0.00,-0.00)
[GATE-EVOLVE] step=145 curr=137626.25 best_other=177024.20 ratio=0.7774 ee_to_optimal=0.1360m phi=0.0580m
[STAGE-A-TRACE] step=145 sim_t=1.450 mode=c3 phi=0.05799 box_xy=-0.00171,-0.00048 lam_n_ee_box=nan qy=+0.00006 qz=-0.01623 finished_repos=0
[DRAKE-CONTACT] step=145 n_pairs=1 ee_box_normal=0.000
[GATE-CONTACT] step=145 F_W=(+0.0000,+0.0000,+0.0000) F_on_box=(-0.0000,-0.0000,-0.0000) n_face_out=(-0.0000,-0.0000,-0.0000) A_is_ee=0 box_q=(+0.99991,+0.00013,+0.00006,-0.01623) box_p=(-0.00171,-0.00048,+0.05001) ee_p=(+0.05196,-0.13490,+0.08277)
[EErel] along_push=-0.053m (neg=correct)  perp=0.139m  ee_to_box=0.148m  stage=2  obj=[-0.002 -0.   ]  g_hat=[-1.     0.002]
[proxy] err=0.310m  effective=[0.186 0.138 0.05 ]
[ADMM-C3+] primal: 6.1333->7.3097  dual: 105.6330->202.9526  mono=False  iters=25/25  rho=25.0
[ADMM-C3+] WARNING non-converged: pr=7.3097 dr=202.9526 tol=1e-03
[C3+] step=515 |u[0]|=43.93Nm u_axis=(+13.35,-20.11,-1.18,+30.00,+0.61,+21.11,-0.47)Nm λ_n_max=1.061 η_n_max=1.286 primal=7.310 iters=25/25 lcp_res_max=nan
[EErel] along_push=-0.053m (neg=correct)  perp=0.139m  ee_to_box=0.148m  stage=2  obj=[-0.002 -0.   ]  g_hat=[-1.     0.002]
[proxy] err=0.310m  effective=[0.186 0.138 0.05 ]
[ADMM-C3+] primal: 6.1333->7.3097  dual: 105.6330->202.9526  mono=False  iters=25/25  rho=25.0
[ADMM-C3+] WARNING non-converged: pr=7.3097 dr=202.9526 tol=1e-03
[C3+] step=520 |u[0]|=29.44Nm u_axis=(-4.12,-25.55,+9.78,-9.41,-0.45,-3.50,-0.52)Nm λ_n_max=1.061 η_n_max=1.286 primal=7.310 iters=25/25 lcp_res_max=nan
[CONTACT-RUN] step=146 nhat_BA_W=[+0.000,+0.000,+0.000] p_BCb=[+0.000,+0.000,+0.000] distance=+1.00000 contact_type=NONE
[X-SEQ-PROBE] step=146 x0_box=(-0.00172,-0.00046,+0.05000) x1_box=(-0.01290,+0.00059,+0.02543) x1_box_v=(-0.22346,+0.02304,-0.49095) dt=0.050
[APPROACH-OVERRIDE] step=146 phase=A_lift_trav face_axis=0 face_sign=+1 face_score=+1.000 surf_dist=0.1158m advance=0.0100m target=(+0.0982,-0.0037,+0.1350) p_ee_des=(+0.0538,-0.1303,+0.0855)
[VFF] step=146 mode=c3 alpha=0.000 v_des=(-0.1334,-0.4714,-0.0933) |v_des|=0.4987 sat=0 util_max=0.034@j3
[AFF] step=146 mode=c3 on=0 a_ff=(+0.0000,+0.0000,+0.0000) |a_ff|=0.0000
[OSC-FORCE] step=146 mode=c3 lam_des=2.000 lam_ext=2.000
[GS] step=146 mode=c3 switch=kStayInC3 best_k=0 best_src=current curr_cost=138927.47 repos_cost=- best_other=178415.12 met_progress=Y steps_since_improve=10 switches=1
[STEP] step=146 mode=c3 t=1.460s ee=(+0.051,-0.139,+0.082) obj=(-0.002,-0.000,+0.050) goal_dist=0.298m switch=kStayInC3 c3_cost=138927.47 lam_n=0.000 lam_t=0.000 contact=N productive=N f_cmd=(+2.00,-0.00,-0.00)
[GATE-EVOLVE] step=146 curr=138927.47 best_other=178415.12 ratio=0.7787 ee_to_optimal=0.1404m phi=0.0622m
[STAGE-A-TRACE] step=146 sim_t=1.460 mode=c3 phi=0.06218 box_xy=-0.00172,-0.00046 lam_n_ee_box=nan qy=+0.00001 qz=-0.01623 finished_repos=0
[DRAKE-CONTACT] step=146 n_pairs=1 ee_box_normal=0.000
[GATE-CONTACT] step=146 F_W=(+0.0000,+0.0000,+0.0000) F_on_box=(-0.0000,-0.0000,-0.0000) n_face_out=(-0.0000,-0.0000,-0.0000) A_is_ee=0 box_q=(+0.99991,+0.00002,+0.00001,-0.01623) box_p=(-0.00172,-0.00046,+0.05000) ee_p=(+0.05074,-0.13914,+0.08209)
