# https://github.com/mikedh/trimesh

o link3.stl
v -0.11942522 0.04417431 -0.02000000
v -0.11571085 0.04489990 -0.02000000
v -0.11571085 0.04489990 -0.01700344
v -0.06350882 0.00251503 -0.02000000
v -0.06350882 0.00251503 -0.01700344
v -0.06389315 0.00640759 -0.02000000
v -0.06432878 0.00894310 -0.01700344
v -0.06432878 0.00894310 -0.02000000
v -0.06648991 0.01636189 -0.01700344
v -0.06648991 0.01636189 -0.02000000
v -0.06893238 0.02164953 -0.02000000
v -0.06985214 0.02326540 -0.01700344
v -0.06985214 0.02326540 -0.02000000
v -0.07252030 0.02724508 -0.02000000
v -0.07432611 0.02950005 -0.01700344
v -0.07432611 0.02950005 -0.02000000
v -0.08607831 0.03929147 -0.02000000
v -0.08121341 0.03603451 -0.02000000
v -0.07978807 0.03489497 -0.01700344
v -0.07978807 0.03489497 -0.02000000
v -0.07624609 0.03160962 -0.02000000
v -0.08607831 0.03929147 -0.01700344
v -0.09302236 0.04256763 -0.01700344
v -0.09302236 0.04256763 -0.02000000
v -0.10042124 0.04462748 -0.01700344
v -0.11025332 0.04539777 -0.02000000
v -0.10805649 0.04541166 -0.02000000
v -0.10805649 0.04541166 -0.01700344
v -0.10689715 0.04537656 -0.02000000
v -0.10042124 0.04462748 -0.02000000
v -0.11149015 0.04533407 -0.02000000
v -0.12317432 0.04310617 -0.02000000
v -0.12317432 0.04310617 -0.01700344
v -0.12701190 0.04163706 -0.02000000
v -0.13023137 0.04008099 -0.01700344
v -0.13023137 0.04008099 -0.02000000
v -0.13667707 0.03591193 -0.01700344
v -0.13667707 0.03591193 -0.02000000
v -0.14028834 0.03280069 -0.02000000
v -0.14233153 0.03071527 -0.01700344
v -0.14233153 0.03071527 -0.02000000
v -0.14556107 0.02677727 -0.02000000
v -0.14694919 0.02476550 -0.01700344
v -0.14694919 0.02476550 -0.02000000
v -0.14969462 0.01992213 -0.02000000
v -0.15057844 0.01800002 -0.01700344
v -0.15057844 0.01800002 -0.02000000
v -0.15255770 0.01244823 -0.02000000
v -0.15301184 0.01072423 -0.01700344
v -0.15301184 0.01072423 -0.02000000
v -0.15406141 0.00458575 -0.02000000
v -0.15418351 0.00315144 -0.01700344
v -0.15418351 0.00315144 -0.02000000
v -0.15422259 -0.00251641 -0.01700344
v -0.15422264 -0.00251649 -0.01999996
v -0.11046159 -0.04540052 -0.02000000
v -0.11165016 -0.04534313 -0.02000000
v -0.11165016 -0.04534313 -0.01700344
v -0.15416349 -0.00341947 -0.02000000
v -0.15386261 -0.00623936 -0.01700344
v -0.06373286 -0.00516676 -0.01700344
v -0.06373286 -0.00516676 -0.02000000
v -0.06401301 -0.00720757 -0.02000000
v -0.06425483 -0.00857871 -0.02000000
v -0.06522767 -0.01262795 -0.01700344
v -0.06469591 -0.01061870 -0.02000000
v -0.06522767 -0.01262795 -0.02000000
v -0.06798021 -0.01980235 -0.01700344
v -0.06672134 -0.01695887 -0.02000000
v -0.06798021 -0.01980235 -0.02000000
v -0.06964651 -0.02292704 -0.02000000
v -0.07189031 -0.02639365 -0.01700344
v -0.07189031 -0.02639365 -0.02000000
v -0.07341135 -0.02840458 -0.02000000
v -0.07681075 -0.03219210 -0.01700344
v -0.07681075 -0.03219210 -0.02000000
v -0.08270407 -0.03714057 -0.02000000
v -0.08270407 -0.03714057 -0.01700344
v -0.08929269 -0.04099694 -0.02000000
v -0.08929269 -0.04099694 -0.01700344
v -0.09649476 -0.04371253 -0.01700344
v -0.09486186 -0.04321706 -0.02000000
v -0.09649476 -0.04371253 -0.02000000
v -0.10399336 -0.04516685 -0.01700344
v -0.10138308 -0.04480848 -0.02000000
v -0.10399336 -0.04516685 -0.02000000
v -0.10503330 -0.04526699 -0.02000001
v -0.10690016 -0.04538630 -0.02000000
v -0.10927060 -0.04542683 -0.02000000
v -0.11356887 -0.04518452 -0.02000000
v -0.11547910 -0.04494464 -0.02000000
v -0.11926319 -0.04422233 -0.01700344
v -0.11738074 -0.04462324 -0.02000000
v -0.11926319 -0.04422233 -0.02000000
v -0.12064403 -0.04387470 -0.02000000
v -0.12067945 -0.04386517 -0.02000000
v -0.12129900 -0.04369364 -0.02000000
v -0.12649339 -0.04186881 -0.01700344
v -0.12649339 -0.04186881 -0.02000000
v -0.12808709 -0.04116158 -0.02000000
v -0.13331325 -0.03828988 -0.01700344
v -0.13331325 -0.03828988 -0.02000000
v -0.13501197 -0.03715072 -0.02000000
v -0.13937970 -0.03365645 -0.01700344
v -0.13937970 -0.03365645 -0.02000000
v -0.14112765 -0.03198510 -0.02000000
v -0.14462937 -0.02801655 -0.01700344
v -0.14462937 -0.02801655 -0.02000000
v -0.14522210 -0.02724333 -0.02000000
v -0.14522210 -0.02724333 -0.01700344
v -0.14624207 -0.02582663 -0.02000000
v -0.14928758 -0.02074001 -0.01700344
v -0.14928758 -0.02074001 -0.02000000
v -0.15019542 -0.01886615 -0.02000000
v -0.15219954 -0.01364413 -0.01700344
v -0.15219954 -0.01364413 -0.02000000
v -0.15286317 -0.01131958 -0.02000000
v -0.15386261 -0.00623936 -0.02000000
v -0.10915887 0.04540410 -0.02273270
v -0.10689832 0.04537625 -0.02279389
v -0.10689884 0.04537629 -0.02551163
v -0.10838841 0.04541013 -0.02542219
v -0.11015770 0.04536550 -0.02539611
v -0.11023270 0.04536942 -0.02272001
v -0.11145434 0.04528564 -0.02546463
v -0.06672085 -0.01695792 -0.02279392
v -0.07873127 0.03398652 -0.02551163
v -0.07569802 0.03103412 -0.02551163
v -0.07624698 0.03161056 -0.02279394
v -0.07288327 -0.02773223 -0.02551163
v -0.07341034 -0.02840313 -0.02551163
v -0.07341070 -0.02840360 -0.02279388
v -0.09857401 -0.04424816 -0.02551163
v -0.10270053 -0.04500857 -0.02551163
v -0.10138215 -0.04480818 -0.02279396
v -0.10689899 -0.04538625 -0.02551163
v -0.09549607 -0.04341745 -0.02551163
v -0.09486045 -0.04321660 -0.02279392
v -0.09151219 -0.04198444 -0.02551163
v -0.08870306 -0.04071016 -0.02279398
v -0.08870246 -0.04070990 -0.02551163
v -0.08771034 -0.04020319 -0.02551163
v -0.08297828 -0.03733222 -0.02279390
v -0.08409455 -0.03808191 -0.02551163
v -0.07780293 -0.03315039 -0.02279387
v -0.07559196 -0.03093077 -0.02551163
v -0.07859030 -0.03387089 -0.02551163
v -0.08187497 -0.03654252 -0.02551163
v -0.07130061 -0.02554734 -0.02551163
v -0.06964594 -0.02292613 -0.02279380
v -0.06908583 -0.02193932 -0.02551163
v -0.06722980 -0.01817146 -0.02551163
v -0.06469557 -0.01061759 -0.02279397
v -0.06362032 -0.00406053 -0.02279394
v -0.06362025 -0.00405989 -0.02551163
v -0.06406657 -0.00753438 -0.02551163
v -0.06496225 -0.01167151 -0.02551163
v -0.06573234 -0.01425711 -0.02551163
v -0.06409995 0.00771883 -0.02551163
v -0.06357557 0.00351810 -0.02551163
v -0.06351348 0.00259797 -0.02279397
v -0.06344657 0.00082741 -0.02551163
v -0.06356341 -0.00336432 -0.02551163
v -0.06918020 0.02209996 -0.02551163
v -0.06729434 0.01830946 -0.02551163
v -0.06619834 0.01558593 -0.02279394
v -0.06628155 0.01581184 -0.02551163
v -0.06437976 0.00919426 -0.02279393
v -0.06500480 0.01181914 -0.02551163
v -0.06437988 0.00919481 -0.02551163
v -0.06893308 0.02165048 -0.02279389
v -0.07252111 0.02724587 -0.02279391
v -0.07139147 0.02567065 -0.02551163
v -0.07391919 0.02901674 -0.02551163
v -0.08199988 0.03662439 -0.02551163
v -0.08121502 0.03603561 -0.02551163
v -0.08121443 0.03603525 -0.02279384
v -0.08549038 0.03894441 -0.02551163
v -0.08677159 0.03968503 -0.02279393
v -0.08784536 0.04026394 -0.02551163
v -0.09280185 0.04248471 -0.02279395
v -0.09168579 0.04204601 -0.02551163
v -0.10348578 0.04509945 -0.02551163
v -0.10235630 0.04495042 -0.02551163
v -0.09917465 0.04437356 -0.02279392
v -0.09970657 0.04448635 -0.02551163
v -0.09917516 0.04437367 -0.02551163
v -0.09564324 0.04345253 -0.02551163
v -0.10575937 0.04531260 -0.02279394
v -0.11149371 -0.04533422 -0.02000000
v -0.11090178 -0.04536779 -0.02000000
v -0.11147643 -0.04530672 -0.02273475
v -0.11030948 -0.04539390 -0.02000000
v -0.11146659 -0.04529407 -0.02541453
v -0.10912409 -0.04542269 -0.02000000
v -0.18891917 0.02475341 -0.04194904
v -0.18891917 0.02121543 -0.03950913
v -0.17541924 0.02206718 -0.03939948
v -0.17541191 -0.04218381 -0.07480023
v -0.17541227 -0.04216497 -0.07427009
v -0.18891916 -0.04318753 -0.07490322
v -0.17541912 -0.04207220 -0.07256461
v -0.18891916 -0.04259811 -0.06851918
v -0.17541857 -0.04173503 -0.06911876
v -0.18891916 -0.04201413 -0.06566871
v -0.17541909 -0.04200284 -0.08015648
v -0.17541993 -0.04214895 -0.07846514
v -0.18891916 -0.04293557 -0.08025969
v -0.17541878 -0.04215961 -0.07827439
v -0.17541905 -0.04220610 -0.07674689
v -0.17542122 -0.04133127 -0.06665145
v -0.17541911 -0.04099137 -0.06515644
v -0.18891916 -0.04123570 -0.06286508
v -0.17541914 -0.03974887 -0.06108822
v -0.18891914 -0.03898232 -0.05718706
v -0.17541914 -0.03930120 -0.05990457
v -0.17541909 -0.03809932 -0.05715450
v -0.18891916 -0.03732255 -0.05409199
v -0.17541911 -0.03605277 -0.05339211
v -0.18891916 -0.03575953 -0.05164459
v -0.17541912 -0.03484767 -0.05153183
v -0.17541912 -0.03363822 -0.04985762
v -0.18891916 -0.03217768 -0.04712589
v -0.17541914 -0.03181936 -0.04762803
v -0.18891916 -0.03172987 -0.04664047
v -0.17541914 -0.03087802 -0.04658698
v -0.18891916 -0.02910120 -0.04406396
v -0.17541914 -0.02780711 -0.04361768
v -0.18891914 -0.02699768 -0.04228947
v -0.17541915 -0.02662288 -0.04262054
v -0.17541915 -0.02608206 -0.04218918
v -0.17541914 -0.02444256 -0.04096640
v -0.18891916 -0.02209836 -0.03894201
v -0.17541912 -0.02083350 -0.03867369
v -0.18891916 -0.02165366 -0.03868514
v -0.18891917 -0.01584283 -0.03593702
v -0.17541918 -0.01701067 -0.03675897
v -0.17541915 -0.01489861 -0.03589962
v -0.17541917 -0.01408684 -0.03560397
v -0.17541917 -0.01302262 -0.03524444
v -0.18891916 -0.00969970 -0.03411210
v -0.17541917 -0.00888767 -0.03413565
v -0.17541917 -0.00709964 -0.03379211
v -0.18891914 -0.00336059 -0.03325199
v -0.17541917 -0.00466258 -0.03344993
v -0.17541917 -0.00240962 -0.03326109
v -0.17541920 0.00814657 -0.03398192
v -0.18891916 0.00939437 -0.03448493
v -0.17541920 0.00726236 -0.03381852
v -0.18891916 0.00519772 -0.03363885
v -0.17541918 0.00389274 -0.03337126
v -0.18891916 0.00302797 -0.03337276
v -0.17541918 -0.00037740 -0.03319456
v -0.18891916 0.00094765 -0.03322537
v -0.18891914 -0.00225282 -0.03320256
v -0.17541920 0.01028366 -0.03445839
v -0.17541920 0.01229573 -0.03501550
v -0.18891916 0.01349503 -0.03575646
v -0.17541921 0.01421845 -0.03565032
v -0.18891917 0.01540257 -0.03650830
v -0.17541921 0.01631570 -0.03646151
v -0.18891917 0.01744689 -0.03743566
v -0.17541924 0.02018335 -0.03831266
v -0.17541926 0.02076088 -0.03863205
v -0.17541921 0.02383323 -0.04054204
v -0.17541923 0.02670285 -0.04268514
v -0.18891917 0.02593962 -0.04289250
v -0.17541924 0.02722909 -0.04312108
v -0.18891917 0.02802442 -0.04472937
v -0.17541923 0.03036165 -0.04604267
v -0.18891917 0.03099122 -0.04781542
v -0.17541926 0.03850935 -0.05803052
v -0.18891919 0.03782409 -0.05862947
v -0.17541924 0.03776741 -0.05647406
v -0.18891919 0.03591690 -0.05480197
v -0.17541923 0.03153104 -0.04730023
v -0.17541923 0.03187237 -0.04768747
v -0.18891919 0.03363219 -0.05118596
v -0.17541923 0.03317795 -0.04926290
v -0.18891919 0.03448633 -0.05244507
v -0.17541923 0.03565178 -0.05274608
v -0.17541924 0.03611248 -0.05348613
v -0.17541926 0.03931236 -0.05992881
v -0.17541927 0.03948766 -0.06038079
v -0.18891919 0.03933635 -0.06263558
v -0.17541924 0.04074918 -0.06423285
v -0.17541926 0.04099208 -0.06515612
v -0.18891919 0.04043476 -0.06677191
v -0.17541969 0.04100156 -0.06519403
v -0.17541330 0.04115917 -0.06584909
v -0.17542255 0.04192569 -0.07076678
v -0.18891917 0.04108699 -0.07079501
v -0.17541899 0.04163893 -0.06841426
v -0.17541866 0.04140103 -0.06700096
v -0.24206999 -0.05086730 -0.11867050
v -0.24531330 -0.05344353 -0.12060101
v -0.24847127 -0.05284452 -0.12485625
v -0.23683362 -0.02172574 -0.12922378
v -0.23886688 -0.01796679 -0.13092595
v -0.23275746 -0.01586036 -0.12828958
v -0.19736053 -0.03703213 -0.05440272
v -0.20145348 -0.03664302 -0.05479662
v -0.20087145 -0.03887360 -0.05854412
v -0.20204274 -0.03399649 -0.05140560
v -0.23282424 -0.04252679 -0.08242721
v -0.23433968 -0.04070751 -0.08022381
v -0.23415253 -0.04195307 -0.08188979
v -0.23539194 -0.04140335 -0.08147449
v -0.23782121 -0.03909124 -0.07951488
v -0.23813626 -0.03763536 -0.07824697
v -0.23849125 -0.03816568 -0.07880276
v -0.23879516 -0.03813270 -0.07882568
v -0.23871118 -0.03850925 -0.07912864
v -0.25385410 -0.05810742 -0.12731849
v -0.25455347 -0.05798255 -0.12807177
v -0.28597769 -0.03950398 -0.14422473
v -0.28646055 -0.03892995 -0.14428443
v -0.27976227 -0.03314107 -0.14353052
v -0.25270018 -0.01508764 -0.13681306
v -0.24875285 -0.01328330 -0.13539621
v -0.24706446 -0.01656869 -0.13470063
v -0.24719109 -0.01262778 -0.13481219
v -0.24160743 -0.01054717 -0.13263431
v -0.24083287 -0.01404582 -0.13221706
v -0.21648011 -0.00546090 -0.12265480
v -0.21516871 -0.00837806 -0.12194096
v -0.22170436 -0.00922081 -0.12426670
v -0.19298686 -0.04094009 -0.06205120
v -0.19286413 -0.04214252 -0.06624655
v -0.24217616 0.00216053 -0.05956902
v -0.24383309 0.00161859 -0.06125683
v -0.24270959 -0.00115276 -0.06051002
v -0.24499178 0.00113990 -0.06247334
v -0.24747245 -0.00021265 -0.06518716
v -0.24575540 -0.00260711 -0.06388646
v -0.25056872 -0.00682318 -0.07004219
v -0.25177854 -0.00389222 -0.07033049
v -0.25402281 -0.00651051 -0.07331212
v -0.20722321 -0.00101701 -0.03455735
v -0.20896454 -0.00073920 -0.03520488
v -0.21170984 -0.00352360 -0.03681070
v -0.21167968 -0.00026962 -0.03643003
v -0.21246523 -0.00012716 -0.03683012
v -0.20218624 -0.00168518 -0.03331663
v -0.20547032 -0.00127419 -0.03401962
v -0.20667672 -0.00443806 -0.03474658
v -0.19872081 -0.00200484 -0.03296458
v -0.20140818 -0.00176762 -0.03320527
v -0.20169355 -0.00514622 -0.03358584
v -0.19490112 -0.00221122 -0.03292847
v -0.19027841 -0.02909184 -0.04408622
v -0.19052599 -0.02571958 -0.04134120
v -0.19079527 -0.02208782 -0.03894034
v -0.19108136 -0.01823492 -0.03691212
v -0.19137980 -0.01420123 -0.03528312
v -0.19168730 -0.01002921 -0.03407720
v -0.19200169 -0.00576264 -0.03331475
v -0.19005501 -0.03217154 -0.04714612
v -0.19343358 -0.03725648 -0.05418936
v -0.19318162 -0.03930719 -0.05801383
v -0.19281805 -0.04290852 -0.07054216
v -0.19284746 -0.04323535 -0.07488716
v -0.19295141 -0.04312279 -0.07923400
v -0.19312941 -0.04257311 -0.08353829
v -0.18891917 -0.04212864 -0.08502486
v -0.19338156 -0.04159242 -0.08775593
v -0.19370666 -0.04019070 -0.09184571
v -0.18891916 -0.04023062 -0.09113611
v -0.19077560 -0.03412101 -0.10185271
v -0.18891914 -0.03742179 -0.09689765
v -0.19041577 -0.03619482 -0.09897538
v -0.18891916 -0.03893625 -0.09407068
v -0.19010754 -0.03820401 -0.09559955
v -0.18891914 -0.03173143 -0.10449957
v -0.18891922 -0.03377158 -0.10216754
v -0.18891920 -0.03405236 -0.10181796
v -0.19116126 -0.03181526 -0.10454568
v -0.19157268 -0.02929212 -0.10703845
v -0.18891916 -0.02936281 -0.10682449
v -0.19201867 -0.02656906 -0.10931512
v -0.18891916 -0.02645555 -0.10923446
v -0.19249594 -0.02366504 -0.11136007
v -0.18891916 -0.02430387 -0.11075851
v -0.19300154 -0.02060049 -0.11315910
v -0.18891916 -0.01870214 -0.11388669
v -0.19352522 -0.01739677 -0.11469945
v -0.18891916 -0.01724720 -0.11452699
v -0.19454883 -0.01066288 -0.11695733
v -0.18891916 -0.01269090 -0.11613250
v -0.19499493 -0.00718099 -0.11765315
v -0.18891920 -0.00701215 -0.11736070
v -0.19782527 -0.00440057 -0.11827100
v -0.19183795 -0.00422879 -0.11775628
v -0.18891916 -0.00640822 -0.11744406
v -0.18891916 -0.00415316 -0.11767738
v -0.22330077 -0.00627358 -0.12512702
v -0.22815438 -0.01040730 -0.12686381
v -0.22980145 -0.00739442 -0.12775107
v -0.23452857 -0.01200011 -0.12957263
v -0.23584653 -0.00881041 -0.13027787
v -0.25320694 -0.01956428 -0.13695329
v -0.25824186 -0.01798282 -0.13863780
v -0.25462833 -0.01604675 -0.13747108
v -0.28442845 -0.04124353 -0.14398567
v -0.27580601 -0.03482292 -0.14283508
v -0.28361270 -0.04209928 -0.14383242
v -0.27272061 -0.03828033 -0.14194061
v -0.28106621 -0.04453594 -0.14325118
v -0.27918690 -0.04613952 -0.14273271
v -0.26946041 -0.04140970 -0.14069477
v -0.27683052 -0.04795215 -0.14198533
v -0.27575764 -0.04871400 -0.14160928
v -0.26605719 -0.04419311 -0.13909438
v -0.27303278 -0.05049468 -0.14055079
v -0.27075908 -0.05182912 -0.13955125
v -0.26254928 -0.04662713 -0.13712037
v -0.26948240 -0.05252293 -0.13894096
v -0.25897571 -0.04871173 -0.13474108
v -0.26604864 -0.05420627 -0.13710143
v -0.25538701 -0.05044503 -0.13192125
v -0.26204151 -0.05584679 -0.13454261
v -0.26263547 -0.05562501 -0.13495502
v -0.25184122 -0.05181998 -0.12864490
v -0.25665578 -0.05751054 -0.13017634
v -0.25821757 -0.05708063 -0.13160744
v -0.25964919 -0.05665302 -0.13278538
v -0.24774657 -0.05836771 -0.11917336
v -0.24881864 -0.05845428 -0.12085709
v -0.24838217 -0.05606344 -0.12243223
v -0.25127506 -0.05842014 -0.12426037
v -0.24535948 -0.05788678 -0.11489291
v -0.24670158 -0.05820977 -0.11739257
v -0.24538274 -0.05608037 -0.11778282
v -0.24338853 -0.05708135 -0.11064240
v -0.24478810 -0.05769972 -0.11373985
v -0.24301101 -0.05565987 -0.11323089
v -0.24015141 -0.05434335 -0.10357010
v -0.24040619 -0.05455519 -0.10223899
v -0.24083038 -0.05500295 -0.10565688
v -0.24130172 -0.05556378 -0.10511293
v -0.24290010 -0.05680204 -0.10946079
v -0.23954713 -0.05361510 -0.10152118
v -0.23901574 -0.05282122 -0.09951817
v -0.24000677 -0.05399346 -0.10081154
v -0.23832411 -0.05063125 -0.09424388
v -0.23902291 -0.05212291 -0.09667988
v -0.23906578 -0.05252769 -0.09800228
v -0.23937123 -0.05288779 -0.09827172
v -0.23805349 -0.04960179 -0.09244281
v -0.23834200 -0.04997885 -0.09275141
v -0.23847935 -0.05052278 -0.09368428
v -0.23790379 -0.04679902 -0.08795641
v -0.23796521 -0.04762444 -0.08910581
v -0.23770723 -0.04739116 -0.08899909
v -0.23801513 -0.04809256 -0.08978531
v -0.23784840 -0.04852115 -0.09069451
v -0.23812467 -0.04887345 -0.09096663
v -0.23820601 -0.04933526 -0.09169526
v -0.23762950 -0.04621294 -0.08735812
v -0.23761524 -0.04498732 -0.08577375
v -0.23787408 -0.04510024 -0.08576921
v -0.23766465 -0.04371490 -0.08424826
v -0.23791277 -0.04407224 -0.08455133
v -0.23777728 -0.04239591 -0.08278427
v -0.23805037 -0.04244688 -0.08277261
v -0.23819126 -0.03962098 -0.08005655
v -0.23847191 -0.03967845 -0.08011808
v -0.23795298 -0.04103115 -0.08138537
v -0.23821658 -0.04117732 -0.08149891
v -0.23818727 -0.04137700 -0.08169279
v -0.23997705 -0.03379003 -0.07585017
v -0.23962444 -0.03495459 -0.07655784
v -0.23927079 -0.03512662 -0.07654198
v -0.23911691 -0.03680303 -0.07781502
v -0.23885158 -0.03666699 -0.07762939
v -0.23894213 -0.03459555 -0.07595778
v -0.23996875 -0.03140394 -0.07403220
v -0.24012566 -0.03332133 -0.07558294
v -0.24103516 -0.03066897 -0.07425303
v -0.23934765 -0.03039248 -0.07274781
v -0.24058694 -0.02707664 -0.07117317
v -0.24168390 -0.02894609 -0.07354423
v -0.24198674 -0.02368522 -0.07001662
v -0.24309200 -0.02555026 -0.07248715
v -0.24234447 -0.02730483 -0.07298194
v -0.24761361 -0.01651695 -0.07154138
v -0.24555340 -0.02036519 -0.07163943
v -0.24352661 -0.02024179 -0.06928679
v -0.24467380 -0.02213133 -0.07183146
v -0.24391173 -0.02373434 -0.07209024
v -0.25269127 -0.00837218 -0.07274875
v -0.25225568 -0.00900470 -0.07258321
v -0.24869066 -0.01005519 -0.06935845
v -0.24986173 -0.01269647 -0.07186393
v -0.24689129 -0.01339133 -0.06898868
v -0.24516757 -0.01679855 -0.06895541
v -0.23855485 -0.05196499 -0.09756324
v -0.23802128 -0.05142403 -0.09711855
v -0.23763877 -0.05051689 -0.09520888
v -0.23816191 -0.05105014 -0.09565727
v -0.23783596 -0.05007926 -0.09380091
v -0.23732315 -0.04955336 -0.09334646
v -0.23757635 -0.04905457 -0.09199483
v -0.23707409 -0.04853557 -0.09153207
v -0.23738235 -0.04797825 -0.09023958
v -0.23689114 -0.04746558 -0.08976643
v -0.23725268 -0.04685208 -0.08853534
v -0.23677351 -0.04634504 -0.08804983
v -0.23718712 -0.04567710 -0.08688389
v -0.23672128 -0.04517482 -0.08638433
v -0.23718584 -0.04445411 -0.08528756
v -0.23673488 -0.04395558 -0.08477266
v -0.23724912 -0.04318366 -0.08374891
v -0.23777744 -0.03713441 -0.07765745
v -0.23744358 -0.03859366 -0.07893808
v -0.23717022 -0.04000615 -0.08029540
v -0.23851055 -0.03613609 -0.07705946
v -0.23861457 -0.03408655 -0.07534619
v -0.23828384 -0.03360130 -0.07471043
v -0.23652701 -0.04091057 -0.08114713
v -0.23560609 -0.04009026 -0.07992164
v -0.23675941 -0.03954446 -0.07970216
v -0.23589016 -0.03872022 -0.07844107
v -0.23705572 -0.03812829 -0.07833056
v -0.23623987 -0.03729341 -0.07704073
v -0.23741151 -0.03666337 -0.07703842
v -0.23798560 -0.02862207 -0.07001220
v -0.23759733 -0.03270743 -0.07337905
v -0.23685488 -0.03192264 -0.07198732
v -0.23664629 -0.03581200 -0.07572820
v -0.23581949 -0.03508197 -0.07434676
v -0.23494801 -0.03802384 -0.07710697
v -0.23407777 -0.04533267 -0.08719974
v -0.23420760 -0.04634521 -0.08905280
v -0.23309594 -0.04656677 -0.08994127
v -0.23756742 -0.04050161 -0.08085795
v -0.23737645 -0.04186590 -0.08227104
v -0.23696013 -0.04137098 -0.08172389
v -0.23681472 -0.04268766 -0.08321790
v -0.23636074 -0.04222620 -0.08265921
v -0.23626211 -0.04349099 -0.08423265
v -0.23525093 -0.04265991 -0.08309134
v -0.23518470 -0.04386149 -0.08476451
v -0.23404765 -0.04313785 -0.08361267
v -0.23402356 -0.04426390 -0.08538476
v -0.23279811 -0.04466613 -0.08611502
v -0.24970321 -0.00188529 -0.06777256
v -0.24836335 -0.00454726 -0.06706711
v -0.24668601 -0.00787251 -0.06636758
v -0.24507144 -0.01130032 -0.06600151
v -0.24350838 -0.01479269 -0.06599490
v -0.24199657 -0.01830890 -0.06637596
v -0.24054901 -0.02181148 -0.06717146
v -0.23921165 -0.02524510 -0.06839715
v -0.24426316 -0.00603246 -0.06320819
v -0.24282447 -0.00955777 -0.06287716
v -0.24142265 -0.01314187 -0.06292134
v -0.24005187 -0.01674022 -0.06336746
v -0.23872070 -0.02031544 -0.06423311
v -0.23747692 -0.02381291 -0.06551778
v -0.23629582 -0.02727866 -0.06714867
v -0.23511703 -0.03070072 -0.06910480
v -0.23391721 -0.03398032 -0.07147352
v -0.23281190 -0.03699047 -0.07432850
v -0.23197976 -0.03966504 -0.07762276
v -0.23151833 -0.04202040 -0.08122586
v -0.24137931 -0.00468246 -0.05989312
v -0.24009745 -0.00830608 -0.05963360
v -0.23884456 -0.01198064 -0.05975971
v -0.23761101 -0.01565921 -0.06029541
v -0.23640217 -0.01930542 -0.06124824
v -0.23526427 -0.02286747 -0.06260151
v -0.23414727 -0.02641835 -0.06425655
v -0.23294628 -0.02995053 -0.06620465
v -0.23161426 -0.03333217 -0.06859306
v -0.23030959 -0.03638914 -0.07154855
v -0.22928427 -0.03903239 -0.07502047
v -0.22867700 -0.04128952 -0.07883501
v -0.22850421 -0.04322175 -0.08282840
v -0.23894560 0.00281904 -0.05644155
v -0.23922397 -0.00025315 -0.05698874
v -0.23802942 -0.00388860 -0.05647084
v -0.23688035 -0.00760734 -0.05631868
v -0.23575670 -0.01136547 -0.05655922
v -0.23464696 -0.01511484 -0.05721247
v -0.23355450 -0.01882031 -0.05827633
v -0.23252192 -0.02243382 -0.05972002
v -0.23147908 -0.02604590 -0.06142656
v -0.23028515 -0.02965062 -0.06339964
v -0.22887379 -0.03309041 -0.06583562
v -0.22743477 -0.03615563 -0.06889991
v -0.22627489 -0.03874018 -0.07253698
v -0.22556379 -0.04088028 -0.07653941
v -0.22532219 -0.04265318 -0.08071000
v -0.22548701 -0.04411574 -0.08493958
v -0.23563559 0.00307228 -0.05344667
v -0.23532419 0.00009045 -0.05340206
v -0.23423976 -0.00364929 -0.05301508
v -0.23319866 -0.00745684 -0.05300151
v -0.23218195 -0.01128802 -0.05338550
v -0.23117800 -0.01509432 -0.05418258
v -0.23018931 -0.01884157 -0.05538259
v -0.22925380 -0.02248555 -0.05694358
v -0.22828898 -0.02612393 -0.05873923
v -0.22713177 -0.02975014 -0.06078215
v -0.22570345 -0.03319171 -0.06329814
v -0.22421014 -0.03621939 -0.06647705
v -0.22298816 -0.03871768 -0.07025749
v -0.22222413 -0.04072750 -0.07441141
v -0.22194152 -0.04233487 -0.07872188
v -0.22207192 -0.04360411 -0.08306827
v -0.22254147 -0.04456834 -0.08739575
v -0.20003639 -0.04320744 -0.07565526
v -0.19998626 -0.04278844 -0.07124639
v -0.20010243 -0.04193696 -0.06687171
v -0.20040120 -0.04063791 -0.06260325
v -0.19778419 -0.03450806 -0.05090329
v -0.19371831 -0.03481554 -0.05061813
v -0.21621279 0.00057763 -0.03897789
v -0.21673676 -0.00250065 -0.03963500
v -0.21097323 -0.00767344 -0.03734932
v -0.21593420 -0.00659015 -0.03995690
v -0.21026173 -0.01177726 -0.03838483
v -0.21516168 -0.01065612 -0.04075628
v -0.20957273 -0.01579141 -0.03987982
v -0.21441333 -0.01465485 -0.04201228
v -0.20890671 -0.01967143 -0.04178381
v -0.21368691 -0.01854090 -0.04368677
v -0.20827071 -0.02338076 -0.04402982
v -0.21298841 -0.02227895 -0.04571742
v -0.20768088 -0.02688316 -0.04654787
v -0.21233740 -0.02583277 -0.04803102
v -0.20709875 -0.03020049 -0.04925741
v -0.21167845 -0.02924658 -0.05053058
v -0.20644163 -0.03330857 -0.05217265
v -0.21089730 -0.03249999 -0.05324057
v -0.20566922 -0.03610772 -0.05542486
v -0.20993781 -0.03546727 -0.05633470
v -0.20487903 -0.03847490 -0.05910783
v -0.20893334 -0.03798866 -0.05993715
v -0.20423202 -0.04034367 -0.06317241
v -0.20810419 -0.03998078 -0.06399482
v -0.20381932 -0.04172469 -0.06748264
v -0.20757429 -0.04146443 -0.06833637
v -0.20365584 -0.04265241 -0.07190385
v -0.20736235 -0.04249165 -0.07279494
v -0.20742765 -0.04310314 -0.07726964
v -0.20257571 -0.03102210 -0.04831199
v -0.19819772 -0.03164187 -0.04767652
v -0.20307736 -0.02779451 -0.04543367
v -0.19861336 -0.02848736 -0.04468709
v -0.20359989 -0.02434118 -0.04276837
v -0.19905791 -0.02507445 -0.04194470
v -0.20416562 -0.02066085 -0.04037828
v -0.19954066 -0.02141862 -0.03949533
v -0.20476151 -0.01679020 -0.03832342
v -0.20005132 -0.01755721 -0.03738623
v -0.20537993 -0.01276711 -0.03666580
v -0.20058255 -0.01352923 -0.03566788
v -0.20601830 -0.00863518 -0.03545846
v -0.20113048 -0.00937767 -0.03438693
v -0.19402038 -0.03202316 -0.04730902
v -0.19434328 -0.02891848 -0.04426412
v -0.19469629 -0.02553303 -0.04150385
v -0.19508028 -0.02189383 -0.03906292
v -0.19548765 -0.01803880 -0.03697718
v -0.19591208 -0.01400784 -0.03528379
v -0.19634952 -0.00984354 -0.03401790
v -0.19679765 -0.00558963 -0.03321177
v -0.22658122 -0.01418738 -0.12563697
v -0.22033517 -0.01291396 -0.12313802
v -0.21401249 -0.01198971 -0.12093155
v -0.23090702 -0.01958405 -0.12661071
v -0.22491503 -0.01785222 -0.12403707
v -0.21886210 -0.01650885 -0.12165690
v -0.21143307 -0.01892045 -0.11794595
v -0.22181919 0.00163317 -0.04270866
v -0.22741447 0.00253060 -0.04679238
v -0.22168826 -0.00149306 -0.04289579
v -0.22648787 -0.00063725 -0.04633011
v -0.22082542 -0.00550977 -0.04300857
v -0.22556296 -0.00457009 -0.04625886
v -0.21999706 -0.00952730 -0.04356430
v -0.22467622 -0.00852818 -0.04659677
v -0.21919367 -0.01350176 -0.04456031
v -0.22381446 -0.01246748 -0.04735493
v -0.21840996 -0.01738670 -0.04597593
v -0.22296953 -0.01634053 -0.04852867
v -0.21765065 -0.02114779 -0.04776169
v -0.22214493 -0.02011363 -0.05008361
v -0.21693927 -0.02474813 -0.04984907
v -0.22136866 -0.02374833 -0.05196093
v -0.21620508 -0.02825337 -0.05212940
v -0.22055897 -0.02732801 -0.05404556
v -0.21530581 -0.03164723 -0.05463407
v -0.21955375 -0.03084040 -0.05636333
v -0.21417142 -0.03478038 -0.05756309
v -0.21827328 -0.03411860 -0.05913315
v -0.21296836 -0.03745949 -0.06107162
v -0.21690978 -0.03694376 -0.06253753
v -0.21197148 -0.03958560 -0.06510293
v -0.21577995 -0.03920513 -0.06651646
v -0.21133472 -0.04118887 -0.06945353
v -0.21506058 -0.04094002 -0.07084320
v -0.21107991 -0.04233745 -0.07392877
v -0.21477556 -0.04222888 -0.07530400
v -0.21115431 -0.04308391 -0.07841530
v -0.21486253 -0.04313316 -0.07977690
v -0.21150087 -0.04345770 -0.08285245
v -0.21525396 -0.04368651 -0.08420108
v -0.21207826 -0.04346649 -0.08720928
v -0.21590090 -0.04389632 -0.08854944
v -0.21285805 -0.04311217 -0.09146503
v -0.21676974 -0.04376216 -0.09280624
v -0.21381961 -0.04239447 -0.09560033
v -0.21783686 -0.04328005 -0.09695561
v -0.21494308 -0.04131690 -0.09959549
v -0.21908063 -0.04244890 -0.10098068
v -0.21632676 -0.04000658 -0.10336970
v -0.22061339 -0.04136573 -0.10488111
v -0.21797422 -0.03848921 -0.10690854
v -0.22245313 -0.04003475 -0.10862123
v -0.21969505 -0.03668147 -0.11031739
v -0.22438577 -0.03839252 -0.11222410
v -0.22147253 -0.03457079 -0.11357211
v -0.22638480 -0.03642403 -0.11565745
v -0.22332335 -0.03215148 -0.11667550
v -0.22846077 -0.03412264 -0.11892294
v -0.22520438 -0.02942755 -0.11957917
v -0.23055761 -0.03148875 -0.12196516
v -0.22710668 -0.02640789 -0.12222400
v -0.23266239 -0.02852820 -0.12471688
v -0.22901314 -0.02311547 -0.12457870
v -0.23475809 -0.02526260 -0.12714648
v -0.20396259 -0.04324721 -0.08076388
v -0.20772628 -0.04332227 -0.08170163
v -0.20438115 -0.04293661 -0.08510858
v -0.20822652 -0.04315609 -0.08605617
v -0.20495468 -0.04222749 -0.08935172
v -0.20890662 -0.04260827 -0.09030691
v -0.20567141 -0.04112546 -0.09346446
v -0.20975013 -0.04168173 -0.09443001
v -0.20651805 -0.03964150 -0.09741762
v -0.21074013 -0.04038407 -0.09840151
v -0.20756684 -0.03795895 -0.10098527
v -0.21196175 -0.03887184 -0.10206358
v -0.20880382 -0.03614266 -0.10418514
v -0.21340780 -0.03719133 -0.10541995
v -0.21009474 -0.03406872 -0.10724526
v -0.21491501 -0.03523843 -0.10864458
v -0.21143484 -0.03173498 -0.11015006
v -0.21647380 -0.03300522 -0.11171877
v -0.21284649 -0.02914408 -0.11289742
v -0.21810485 -0.03048946 -0.11464367
v -0.21430695 -0.02630723 -0.11545539
v -0.21977621 -0.02769886 -0.11737920
v -0.21581075 -0.02323910 -0.11778568
v -0.22148126 -0.02464534 -0.11987646
v -0.21733867 -0.01996299 -0.11986259
v -0.22320193 -0.02135236 -0.12210636
v -0.21047132 -0.00497874 -0.12082093
v -0.20403101 -0.00463125 -0.11928513
v -0.20853868 -0.00780690 -0.12000696
v -0.20181143 -0.00743195 -0.11855436
v -0.20760681 -0.01135259 -0.11911980
v -0.20111647 -0.01093383 -0.11777665
v -0.20549192 -0.01818317 -0.11642265
v -0.19952069 -0.01769692 -0.11533320
v -0.20440868 -0.02141002 -0.11466120
v -0.19870239 -0.02090676 -0.11370172
v -0.20335488 -0.02447700 -0.11265229
v -0.19790977 -0.02397054 -0.11181813
v -0.20234901 -0.02736203 -0.11041384
v -0.19715822 -0.02686668 -0.10969719
v -0.20139578 -0.03004638 -0.10796722
v -0.19645186 -0.02957534 -0.10735537
v -0.20050517 -0.03251349 -0.10533220
v -0.19579674 -0.03207836 -0.10480943
v -0.19965816 -0.03475090 -0.10251890
v -0.19517830 -0.03436001 -0.10207284
v -0.19885516 -0.03674974 -0.09954143
v -0.19459651 -0.03640772 -0.09916039
v -0.19817248 -0.03866445 -0.09610625
v -0.19410117 -0.03838462 -0.09576401
v -0.20023547 -0.04320357 -0.08004551
v -0.20057116 -0.04278136 -0.08437625
v -0.20103540 -0.04194642 -0.08861041
v -0.20162086 -0.04070638 -0.09271422
v -0.20231804 -0.03907490 -0.09665301
v -0.20318615 -0.03725772 -0.10014512
v -0.20420815 -0.03533528 -0.10321829
v -0.20527922 -0.03316646 -0.10614007
v -0.20639753 -0.03075500 -0.10889626
v -0.20758480 -0.02810877 -0.11148073
v -0.20882560 -0.02524199 -0.11386851
v -0.21011488 -0.02217163 -0.11603084
v -0.26391757 -0.02138824 -0.14028034
v -0.25922534 -0.02299306 -0.13891716
v -0.25667605 -0.02687388 -0.13775969
v -0.25085211 -0.02350316 -0.13572784
v -0.25404871 -0.03050088 -0.13619022
v -0.24843334 -0.02722002 -0.13408402
v -0.25135061 -0.03382009 -0.13422771
v -0.24595973 -0.03065507 -0.13204765
v -0.24859358 -0.03679298 -0.13187231
v -0.24344248 -0.03376291 -0.12962650
v -0.24578832 -0.03939725 -0.12912382
v -0.24088877 -0.03651538 -0.12683058
v -0.23832114 -0.03889661 -0.12367220
v -0.24490429 -0.02051904 -0.13342929
v -0.24268308 -0.02427852 -0.13174026
v -0.24041635 -0.02778543 -0.12966508
v -0.23811907 -0.03099087 -0.12721875
v -0.23579875 -0.03386284 -0.12442031
v -0.23347411 -0.03638212 -0.12129147
v -0.23576584 -0.04090558 -0.12020952
v -0.23116383 -0.03854560 -0.11790045
v -0.23330845 -0.04254778 -0.11649098
v -0.24248375 -0.05358175 -0.11594629
v -0.27436990 -0.02879136 -0.14264989
v -0.27062806 -0.03077827 -0.14185821
v -0.26770562 -0.03440803 -0.14087443
v -0.26464570 -0.03772784 -0.13951339
v -0.26146775 -0.04070579 -0.13777854
v -0.25819823 -0.04332563 -0.13565592
v -0.25486544 -0.04558031 -0.13312347
v -0.25151345 -0.04746598 -0.13015755
v -0.24819516 -0.04898013 -0.12676412
v -0.24503645 -0.05013114 -0.12292396
v -0.23860526 -0.04837851 -0.11665849
v -0.24241959 -0.05610039 -0.10989778
v -0.24117944 -0.05492244 -0.10899051
v -0.23964970 -0.05386621 -0.10475963
v -0.23840241 -0.05278385 -0.10386604
v -0.23899649 -0.05322649 -0.10267754
v -0.23776914 -0.05217179 -0.10178503
v -0.23841564 -0.05251768 -0.10063197
v -0.23720624 -0.05149031 -0.09973747
v -0.23790586 -0.05174271 -0.09862854
v -0.23671305 -0.05074220 -0.09772685
v -0.23746540 -0.05090473 -0.09666856
v -0.23628862 -0.04993031 -0.09575438
v -0.23709229 -0.05000737 -0.09475281
v -0.23593165 -0.04905824 -0.09382069
v -0.23678622 -0.04905325 -0.09288168
v -0.23564263 -0.04812857 -0.09192584
v -0.23654723 -0.04804435 -0.09105615
v -0.23542243 -0.04714292 -0.09007130
v -0.23637526 -0.04698258 -0.08927715
v -0.23527198 -0.04610273 -0.08825858
v -0.23627004 -0.04586938 -0.08754513
v -0.23519222 -0.04500895 -0.08648848
v -0.23623209 -0.04470540 -0.08586254
v -0.23711938 -0.05163388 -0.10629715
v -0.23643129 -0.05088672 -0.10750674
v -0.23564382 -0.05062710 -0.10539989
v -0.23326144 -0.04890966 -0.10570110
v -0.24165863 -0.05446330 -0.11232266
v -0.24025775 -0.05329522 -0.11141615
v -0.23853268 -0.05268671 -0.10719365
v -0.23570514 -0.05078744 -0.10207943
v -0.23988512 -0.05378366 -0.10809058
v -0.23708758 -0.05175726 -0.10297313
v -0.23646985 -0.05117990 -0.10089073
v -0.23509985 -0.05025105 -0.09999390
v -0.23592077 -0.05053284 -0.09883712
v -0.23544043 -0.04981861 -0.09681460
v -0.23409154 -0.04897044 -0.09589411
v -0.23502868 -0.04903974 -0.09482450
v -0.23369005 -0.04823059 -0.09388321
v -0.23468497 -0.04819974 -0.09286731
v -0.23335743 -0.04742851 -0.09189918
v -0.23441064 -0.04730120 -0.09094271
v -0.23425598 -0.04987489 -0.10118483
v -0.23313206 -0.04882465 -0.09702231
v -0.23456171 -0.04964464 -0.09793149
v -0.23250574 -0.04875767 -0.10360568
v -0.23491770 -0.05028945 -0.10328901
v -0.23227748 -0.04750004 -0.09293528
v -0.23180540 -0.04852844 -0.10150196
v -0.23274182 -0.04901978 -0.10029051
v -0.23163535 -0.04807141 -0.09611232
v -0.23079598 -0.04684490 -0.09198578
v -0.23170429 -0.04592058 -0.08893003
v -0.23064198 -0.04705292 -0.10596973
v -0.23408662 -0.04897029 -0.10777921
v -0.23608941 -0.04886792 -0.11217327
v -0.23729096 -0.05105753 -0.10960013
v -0.23939900 -0.05116672 -0.11407525
v -0.23880309 -0.05215894 -0.11050899
v -0.26908898 -0.02487260 -0.14156121
v -0.26506129 -0.02677403 -0.14055593
v -0.26232076 -0.03054973 -0.13948177
v -0.25947687 -0.03404136 -0.13800953
v -0.25654042 -0.03720450 -0.13615040
v -0.25352845 -0.04001065 -0.13389716
v -0.25045910 -0.04244486 -0.13123856
v -0.24736850 -0.04449955 -0.12816358
v -0.24430110 -0.04617445 -0.12469953
v -0.24137151 -0.04747781 -0.12085705
v -0.23489946 -0.04601750 -0.11459594
v -0.23254105 -0.04671489 -0.11025977
v -0.22912797 -0.04708707 -0.10182990
v -0.22783661 -0.04679487 -0.09763515
v -0.23116505 -0.04822186 -0.09939867
v -0.22678423 -0.04619223 -0.09341410
v -0.23007551 -0.04738310 -0.09520496
v -0.22599064 -0.04529551 -0.08917992
v -0.22925073 -0.04626168 -0.09103993
v -0.22871381 -0.04487289 -0.08690979
v -0.23187149 0.00298617 -0.05027999
v -0.23105770 -0.00006891 -0.04983776
v -0.23006126 -0.00390865 -0.04960201
v -0.22910589 -0.00779649 -0.04975184
v -0.22817509 -0.01168823 -0.05030676
v -0.22725847 -0.01553568 -0.05127421
v -0.22635867 -0.01930519 -0.05263383
v -0.22550857 -0.02295584 -0.05433788
v -0.22462201 -0.02658242 -0.05626136
v -0.22352903 -0.03017608 -0.05842124
v -0.22214659 -0.03356147 -0.06105020
v -0.22068115 -0.03650672 -0.06434363
v -0.21947159 -0.03889503 -0.06823929
v -0.21870653 -0.04076759 -0.07250169
v -0.21841051 -0.04221129 -0.07690899
v -0.21851552 -0.04329186 -0.08133641
v -0.21894798 -0.04404437 -0.08572499
v -0.21965453 -0.04447489 -0.09005129
v -0.22329666 -0.04523107 -0.09168426
v -0.22059894 -0.04457998 -0.09430366
v -0.22430193 -0.04558528 -0.09592506
v -0.22175644 -0.04435165 -0.09846838
v -0.22553371 -0.04561880 -0.10010529
v -0.22310525 -0.04378387 -0.10252949
v -0.22697195 -0.04532055 -0.10420613
v -0.22477299 -0.04294491 -0.10656361
v -0.22876099 -0.04473342 -0.10837316
v -0.22679514 -0.04181776 -0.11051314
v -0.23095563 -0.04382029 -0.11252657
v -0.22893836 -0.04035614 -0.11430649
v -0.23143873 -0.04409661 -0.08501741
v -0.09452143 -0.04520822 -0.02277725
v -0.08820922 -0.04269519 -0.02277725
v -0.09449929 -0.04520119 -0.02000000
v -0.08873274 -0.04294454 -0.02000000
v -0.08078802 -0.03822589 -0.02000000
v -0.08232339 -0.03930743 -0.02000000
v -0.08232234 -0.03930673 -0.02277725
v -0.08489466 -0.04092610 -0.02000000
v -0.08738284 -0.04228543 -0.02000000
v -0.07697540 -0.03510798 -0.02277725
v -0.07684526 -0.03498933 -0.02000000
v -0.08074154 -0.03819172 -0.02000000
v -0.07229126 -0.03019703 -0.02277725
v -0.07326747 -0.03134223 -0.02000000
v -0.07481264 -0.03301458 -0.02000000
v -0.06835476 -0.02466531 -0.02000000
v -0.06986213 -0.02698596 -0.02000000
v -0.06835409 -0.02466445 -0.02277725
v -0.07000139 -0.02718613 -0.02000000
v -0.07229198 -0.03019804 -0.02000000
v -0.06524610 -0.01862234 -0.02277725
v -0.06595531 -0.02020314 -0.02000000
v -0.06724423 -0.02274090 -0.02000000
v -0.06229084 -0.00895641 -0.02000000
v -0.06322598 -0.01290240 -0.02000000
v -0.06303263 -0.01219737 -0.02277725
v -0.06323694 -0.01294100 -0.02000000
v -0.06503032 -0.01810869 -0.02000000
v -0.06203829 -0.00752457 -0.02000000
v -0.06176120 -0.00552671 -0.02277725
v -0.06172390 -0.00519881 -0.02000000
v -0.06212563 0.00803902 -0.02277725
v -0.06212563 0.00803787 -0.02000000
v -0.06191351 0.00668984 -0.02000000
v -0.06145607 0.00126988 -0.02277725
v -0.06151188 0.00262536 -0.02000000
v -0.06150256 0.00245135 -0.02000000
v -0.06153677 -0.00304657 -0.02000000
v -0.06375517 0.01463474 -0.02277725
v -0.06375474 0.01463358 -0.02000000
v -0.06294589 0.01185561 -0.02000000
v -0.06258862 0.01037490 -0.02000000
v -0.06630813 0.02092748 -0.02277725
v -0.06492823 0.01784986 -0.02000000
v -0.06455559 0.01690371 -0.02000000
v -0.07033229 0.02764349 -0.02000000
v -0.06875976 0.02530869 -0.01999170
v -0.06973500 0.02679152 -0.02277725
v -0.06847411 0.02485041 -0.02000000
v -0.06645265 0.02121870 -0.01999369
v -0.07312234 0.03116623 -0.02000000
v -0.07396591 0.03210784 -0.02277725
v -0.07474838 0.03293794 -0.01999112
v -0.07829805 0.03625576 -0.01999118
v -0.07880052 0.03667339 -0.02277725
v -0.07875060 0.03663238 -0.02000000
v -0.08225374 0.03925043 -0.02000000
v -0.08434919 0.04059200 -0.02277725
v -0.08519977 0.04109369 -0.02000000
v -0.09567674 0.04554886 -0.02000000
v -0.09229873 0.04443233 -0.02000000
v -0.09040430 0.04367933 -0.02277725
v -0.09089097 0.04388179 -0.02000000
v -0.08644479 0.04178577 -0.02000000
v -0.09683681 0.04586868 -0.02277725
v -0.10351558 0.04711638 -0.02277725
v -0.09985370 0.04655517 -0.02000000
v -0.10351606 0.04711644 -0.02551163
v -0.10681184 0.04737439 -0.02551163
v -0.10681053 0.04737476 -0.02000000
v -0.10681359 -0.04738453 -0.02000000
v -0.10681216 -0.04738436 -0.02551163
v -0.10486458 -0.04725982 -0.02000000
v -0.10119183 -0.04680403 -0.02277725
v -0.09466438 -0.04525333 -0.02000000
v -0.09986182 -0.04656656 -0.02000000
v -0.10227861 -0.04696925 -0.02000000
v -0.10119118 -0.04680390 -0.02551163
v -0.09452066 -0.04520797 -0.02551163
v -0.08820862 -0.04269493 -0.02551163
v -0.08232182 -0.03930634 -0.02551163
v -0.07697503 -0.03510765 -0.02551163
v -0.07229081 -0.03019657 -0.02551163
v -0.06835388 -0.02466391 -0.02551163
v -0.06524578 -0.01862170 -0.02551163
v -0.06303245 -0.01219676 -0.02551163
v -0.06176111 -0.00552604 -0.02551163
v -0.06145606 0.00127049 -0.02551163
v -0.06212573 0.00803963 -0.02551163
v -0.06375534 0.01463538 -0.02551163
v -0.06630839 0.02092802 -0.02551163
v -0.06973534 0.02679200 -0.02551163
v -0.07396633 0.03210829 -0.02551163
v -0.07880107 0.03667380 -0.02551163
v -0.08434968 0.04059241 -0.02551163
v -0.09040482 0.04367952 -0.02551163
v -0.09683733 0.04586880 -0.02551163
v -0.16240323 -0.04216923 -0.07850119
v -0.14894161 -0.04233088 -0.07825788
v -0.14949010 -0.04240066 -0.07643994
v -0.11649778 -0.04542888 -0.06717257
v -0.11484121 -0.04592915 -0.06447888
v -0.11635987 -0.04579809 -0.06347507
v -0.12127470 -0.04495463 -0.06360115
v -0.12342163 -0.04439892 -0.06604814
v -0.11993246 -0.04477698 -0.06845315
v -0.12598807 -0.04391472 -0.06792948
v -0.12869564 -0.04354453 -0.06928079
v -0.12485091 -0.04387926 -0.07201184
v -0.12689130 -0.04408536 -0.05863221
v -0.12602267 -0.04424626 -0.06007767
v -0.12464949 -0.04467322 -0.05753268
v -0.16267014 -0.04223578 -0.07669421
v -0.12035955 -0.04600822 -0.02560567
v -0.12184665 -0.04561725 -0.02551163
v -0.12114356 -0.04581515 -0.03623012
v -0.12259880 -0.04541922 -0.03568809
v -0.11124187 -0.04730635 -0.03855500
v -0.11024442 -0.04737329 -0.02544043
v -0.11161531 -0.04728853 -0.02541222
v -0.11534542 -0.04688491 -0.03753348
v -0.15313652 -0.04213183 -0.07039903
v -0.16385253 -0.04212192 -0.07255433
v -0.15461759 -0.04165392 -0.06666017
v -0.15471062 -0.04135919 -0.06506867
v -0.15998845 -0.04121878 -0.06512041
v -0.15412208 -0.04191650 -0.06845587
v -0.13717531 -0.04236618 -0.06409738
v -0.14166835 -0.04199164 -0.06459554
v -0.14394738 -0.04207642 -0.06641037
v -0.14413133 -0.04182947 -0.06475695
v -0.14853576 -0.04159559 -0.06493951
v -0.13269176 -0.04289354 -0.06305473
v -0.13380677 -0.04274241 -0.06339653
v -0.13318908 -0.04292364 -0.06488446
v -0.13858174 -0.04241805 -0.06595887
v -0.13132749 -0.04310353 -0.06251864
v -0.13052851 -0.04328287 -0.06386913
v -0.12946235 -0.04345170 -0.06145738
v -0.12803657 -0.04374408 -0.06229188
v -0.12900439 -0.04355019 -0.06110841
v -0.12811206 -0.04375897 -0.06027432
v -0.12300997 -0.04525821 -0.05222524
v -0.12493884 -0.04473061 -0.05374532
v -0.12586395 -0.04440707 -0.05650987
v -0.12353969 -0.04519201 -0.04553162
v -0.12425460 -0.04497255 -0.05059182
v -0.12449165 -0.04489042 -0.05184186
v -0.12291065 -0.04534381 -0.03934501
v -0.12216113 -0.04554635 -0.04687321
v -0.11677203 -0.04669739 -0.02561191
v -0.11940223 -0.04620845 -0.03652282
v -0.12044748 -0.04592063 -0.04742352
v -0.12087288 -0.04437749 -0.07167714
v -0.12227293 -0.04428891 -0.07042336
v -0.12350282 -0.04393385 -0.07341094
v -0.12235069 -0.04393885 -0.07471996
v -0.12056483 -0.04424518 -0.07353460
v -0.11890304 -0.04457863 -0.07220908
v -0.11851651 -0.04488929 -0.06959205
v -0.11794255 -0.04530591 -0.06609990
v -0.11972822 -0.04544992 -0.06089823
v -0.11510485 -0.04621262 -0.06066620
v -0.11366941 -0.04595770 -0.06573006
v -0.11565726 -0.04538421 -0.06874946
v -0.11784998 -0.04481744 -0.07123280
v -0.11772908 -0.04615925 -0.05524101
v -0.11409894 -0.04654215 -0.05769657
v -0.11661361 -0.04654846 -0.04944788
v -0.11274595 -0.04696728 -0.05153472
v -0.11188661 -0.04719397 -0.04509548
v -0.10809427 -0.04736368 -0.04202652
v -0.10936315 -0.04713393 -0.05249523
v -0.11081465 -0.04677026 -0.05889851
v -0.11192190 -0.04646820 -0.06204362
v -0.11200265 -0.04644520 -0.06224424
v -0.11299927 -0.04615539 -0.06446309
v -0.14296877 -0.04257901 -0.07611930
v -0.14586568 -0.04245561 -0.07224863
v -0.12634587 -0.04356335 -0.07480227
v -0.12760295 -0.04354392 -0.07326616
v -0.12935066 -0.04325768 -0.07587706
v -0.13049355 -0.04326878 -0.07423201
v -0.13568299 -0.04280490 -0.07725126
v -0.14225911 -0.04251277 -0.07793076
v -0.13658996 -0.04285564 -0.07548111
v -0.12692297 -0.04333726 -0.07692020
v -0.12870952 -0.04315548 -0.07753214
v -0.13239054 -0.04285059 -0.07847387
v -0.13530140 -0.04266308 -0.07898445
v -0.14061101 -0.04241198 -0.07955859
v -0.15400903 -0.04209521 -0.08006021
v -0.14321832 -0.04230816 -0.06818352
v -0.14182413 -0.04251776 -0.06999639
v -0.13774474 -0.04262696 -0.06765535
v -0.13623290 -0.04283704 -0.06932312
v -0.13220854 -0.04311078 -0.06642430
v -0.13065425 -0.04332331 -0.06788523
v -0.12943085 -0.04346946 -0.06528851
v -0.12787215 -0.04368519 -0.06663956
v -0.12677346 -0.04395140 -0.06354386
v -0.12520315 -0.04417294 -0.06480043
v -0.12459327 -0.04450074 -0.06112653
v -0.12298981 -0.04473764 -0.06231720
v -0.12311317 -0.04496982 -0.05842498
v -0.12145732 -0.04522810 -0.05957371
v -0.12135349 -0.04560326 -0.05291223
v -0.11957876 -0.04590358 -0.05395557
v -0.11858075 -0.04625669 -0.04832134
v -0.15183286 -0.04229219 -0.07243755
v -0.13998713 -0.04269340 -0.07183358
v -0.13425866 -0.04303329 -0.07096668
v -0.17541912 -0.04130301 -0.08442206
v -0.17541923 -0.04025634 -0.08833134
v -0.17541943 -0.03866415 -0.09252980
v -0.17541972 -0.03663904 -0.09652821
v -0.17541973 -0.03648824 -0.09678816
v -0.17542000 -0.03422083 -0.10026300
v -0.17542014 -0.03284431 -0.10205954
v -0.17542024 -0.03141940 -0.10372809
v -0.17542040 -0.02829203 -0.10685844
v -0.17542045 -0.02484973 -0.10964727
v -0.17541972 -0.01179120 -0.11604654
v -0.17541982 -0.01312590 -0.11563490
v -0.17542014 -0.01723127 -0.11405199
v -0.17542034 -0.02115833 -0.11204644
v -0.17542042 -0.02339199 -0.11066037
v -0.17541949 -0.00888986 -0.11677874
v -0.17541926 -0.00551175 -0.11736361
v -0.17541921 -0.00456114 -0.11747777
v -0.17541909 -0.00018675 -0.11772402
v -0.18891916 0.00018785 -0.11778577
v -0.17541918 0.00410202 -0.11752504
v -0.18891916 0.00448926 -0.11745206
v -0.17541938 0.00727883 -0.11709299
v -0.18891916 0.00638695 -0.11716335
v -0.17541943 0.00824154 -0.11691327
v -0.18891916 0.00870225 -0.11669005
v -0.17541975 0.01229947 -0.11589595
v -0.18891916 0.01281313 -0.11550605
v -0.17541984 0.01349906 -0.11551135
v -0.17542005 0.01622444 -0.11448671
v -0.18891917 0.01678542 -0.11391243
v -0.17542027 0.01999228 -0.11269752
v -0.18891917 0.01851507 -0.11306644
v -0.18891917 0.02057718 -0.11192492
v -0.17542039 0.02356297 -0.11054753
v -0.18891917 0.02414867 -0.10956477
v -0.17542040 0.02486040 -0.10964067
v -0.17542040 0.02689492 -0.10806450
v -0.18891917 0.02746099 -0.10685610
v -0.17542030 0.02996396 -0.10526838
v -0.18891917 0.02885176 -0.10553785
v -0.18891917 0.03048301 -0.10382681
v -0.17542011 0.03273989 -0.10219011
v -0.18891917 0.03318417 -0.10050638
v -0.18891919 0.04129755 -0.07770393
v -0.17541787 0.04211987 -0.07892392
v -0.18891919 0.04101936 -0.08083533
v -0.17541908 0.04200413 -0.08015648
v -0.18891919 0.04059974 -0.08347792
v -0.17541909 0.04143873 -0.08378083
v -0.18891919 0.04026858 -0.08504622
v -0.17541918 0.04044291 -0.08773995
v -0.18891919 0.03909624 -0.08916026
v -0.17541924 0.03992010 -0.08934572
v -0.18891919 0.03751254 -0.09313532
v -0.17541936 0.03906207 -0.09160210
v -0.18891919 0.03646406 -0.09526370
v -0.17541958 0.03730921 -0.09532067
v -0.18891919 0.03553454 -0.09693158
v -0.17541985 0.03519418 -0.09886421
v -0.17541999 0.03394178 -0.10064618
v -0.18891919 0.04134066 -0.07656787
v -0.17541811 0.04220795 -0.07674675
v -0.17541915 0.04219370 -0.07747804
v -0.18891920 0.04122934 -0.07229071
v -0.17541899 0.04207475 -0.07256331
v -0.17542145 0.04220838 -0.07591868
v -0.11044376 -0.04739027 -0.02000000
v -0.10985561 -0.04740944 -0.02000000
v -0.11012270 -0.04741194 -0.02000000
v -0.10929558 -0.04742670 -0.02000000
v -0.11103162 -0.04736385 -0.02000000
v -0.11208197 -0.04731942 -0.02000000
v -0.11161921 -0.04733038 -0.02000000
v -0.11402776 -0.04714690 -0.02000000
v -0.11803102 -0.04652250 -0.02000000
v -0.11787923 -0.04656408 -0.02000000
v -0.12119901 -0.04579653 -0.02000000
v -0.10926718 -0.04742112 -0.02000000
v -0.10865364 -0.04742506 -0.02000000
v -0.10846639 -0.04742704 -0.02000000
v -0.10804012 -0.04742032 -0.02000000
v -0.10805226 -0.04742178 -0.02000000
v -0.10773340 -0.04741463 -0.02000000
v -0.10763876 -0.04741292 -0.02000000
v -0.10742673 -0.04740672 -0.02000000
v -0.10722587 -0.04740047 -0.02000000
v -0.07670929 0.00900700 -0.11146001
v -0.07999749 0.00893537 -0.11285342
v -0.08105936 0.01331808 -0.11183894
v -0.08313244 0.00441855 -0.11459523
v -0.08739698 0.00437996 -0.11548755
v -0.08798695 0.00879988 -0.11486163
v -0.08292612 -0.00007515 -0.11479482
v -0.08720016 -0.00008575 -0.11568925
v -0.06371863 0.01436839 -0.05702363
v -0.06248283 0.00968231 -0.05738223
v -0.06267697 0.00964158 -0.07074150
v -0.10286503 0.04413798 -0.07895371
v -0.09844046 0.04280319 -0.08244835
v -0.09998351 0.04251989 -0.08407553
v -0.07126330 0.02254136 -0.09590004
v -0.06915420 0.01832415 -0.09738801
v -0.07050727 0.01820530 -0.10047623
v -0.08363999 0.02942997 -0.10127290
v -0.08672622 0.03273432 -0.09858546
v -0.08457522 0.03296253 -0.09686192
v -0.07257752 0.01362343 -0.10679335
v -0.07417154 0.01795175 -0.10547729
v -0.07216869 0.01808054 -0.10316484
v -0.08139031 -0.02968233 -0.09937783
v -0.08361578 -0.02949292 -0.10116456
v -0.08087523 -0.02588490 -0.10356507
v -0.10236588 -0.04689251 -0.04568161
v -0.15307327 -0.04196804 -0.08115385
v -0.14161159 0.02062622 -0.11239993
v -0.14090312 0.01673754 -0.11430907
v -0.14106043 0.04240106 -0.07959197
v -0.13611981 0.04262586 -0.07909894
v -0.13393490 0.04238020 -0.08144867
v -0.13149108 0.04292882 -0.07827794
v -0.12806629 0.04323214 -0.07732500
v -0.12618591 0.04277283 -0.08123425
v -0.12572521 0.04349016 -0.07644049
v -0.12355068 0.04365426 -0.07654021
v -0.11971166 0.04326151 -0.08068626
v -0.12255434 0.04392606 -0.07484172
v -0.10720237 0.04738765 -0.03109060
v -0.10732762 0.04730950 -0.04428676
v -0.10820751 0.04734191 -0.04320580
v -0.10749613 0.04714077 -0.05209531
v -0.10911338 0.04718390 -0.05088801
v -0.10790259 0.04685842 -0.05872732
v -0.10995336 0.04698685 -0.05559099
v -0.11539893 0.04547413 -0.06840677
v -0.11364958 0.04597534 -0.06569494
v -0.11000019 0.04597294 -0.06847984
v -0.11213520 0.04641250 -0.06256628
v -0.11200169 0.04541171 -0.07173543
v -0.11570263 0.04539013 -0.06880844
v -0.11484174 0.04481360 -0.07406390
v -0.11795579 0.04481387 -0.07133669
v -0.11745118 0.04493488 -0.07083047
v -0.13503113 0.04268785 -0.07894405
v -0.14865704 0.04218602 -0.07994912
v -0.15149285 0.04110540 -0.08567442
v -0.15305859 0.04193123 -0.08143097
v -0.16018829 0.04203902 -0.08012181
v -0.14996567 0.03984903 -0.08981159
v -0.14577304 0.03364904 -0.10115850
v -0.14709069 0.03610131 -0.09759398
v -0.14849314 0.03817505 -0.09379867
v -0.14455409 0.03084445 -0.10445429
v -0.14344673 0.02771695 -0.10744674
v -0.14246245 0.02429887 -0.11010436
v -0.13994150 0.00847721 -0.11689243
v -0.14034446 0.01267384 -0.11581220
v -0.13969839 0.00419159 -0.11753964
v -0.13961791 -0.00013750 -0.11774649
v -0.13970038 -0.00446563 -0.11751121
v -0.14162101 -0.02086613 -0.11226255
v -0.14091080 -0.01699007 -0.11419763
v -0.14035021 -0.01293643 -0.11572768
v -0.13994540 -0.00874665 -0.11683550
v -0.14456747 -0.03103192 -0.10424950
v -0.14345889 -0.02792445 -0.10726299
v -0.14247335 -0.02452379 -0.10994296
v -0.14710563 -0.03624361 -0.09735492
v -0.14578730 -0.03381511 -0.10093530
v -0.15150797 -0.04116933 -0.08540274
v -0.14998113 -0.03994010 -0.08954746
v -0.14850841 -0.03829302 -0.09354598
v -0.13394831 -0.04241304 -0.08119234
v -0.10992001 -0.04597920 -0.06837924
v -0.10779282 -0.04686418 -0.05867611
v -0.10720239 -0.04731501 -0.04426814
v -0.10055533 -0.04469127 -0.07501758
v -0.10734135 -0.04502032 -0.07524036
v -0.10280681 -0.04415051 -0.07882553
v -0.10428203 -0.04386462 -0.08032231
v -0.09993716 -0.04254235 -0.08393600
v -0.10176617 -0.04226197 -0.08528890
v -0.09766620 -0.04050740 -0.08887273
v -0.10737673 -0.04714637 -0.05206260
v -0.10254288 -0.04672606 -0.05407562
v -0.09759738 -0.04597909 -0.04707592
v -0.09294803 -0.04458384 -0.04843602
v -0.09777693 -0.04581651 -0.05606135
v -0.10297275 -0.04644752 -0.06121043
v -0.10858973 -0.04646991 -0.06409960
v -0.11193974 -0.04541828 -0.07160582
v -0.10520481 -0.04557398 -0.07172109
v -0.09908734 -0.04516435 -0.07001241
v -0.09448715 -0.04379722 -0.07287657
v -0.09358634 -0.04416421 -0.06614900
v -0.08911858 -0.04232157 -0.06850129
v -0.08864982 -0.04257208 -0.05986675
v -0.08438388 -0.04027094 -0.06164646
v -0.08419756 -0.04041184 -0.05099757
v -0.08018790 -0.03767864 -0.05217203
v -0.07311144 -0.03106140 -0.05424646
v -0.07647974 -0.03455076 -0.05325877
v -0.07666969 -0.03443182 -0.06486688
v -0.08037614 -0.03754804 -0.06331912
v -0.08086762 -0.03732951 -0.07284781
v -0.08486440 -0.04003518 -0.07074193
v -0.08582827 -0.03970578 -0.07827107
v -0.09005176 -0.04197158 -0.07563937
v -0.09164996 -0.04153597 -0.08133507
v -0.09602153 -0.04334047 -0.07823320
v -0.09276352 -0.04129305 -0.08367390
v -0.09708751 -0.04308576 -0.08042809
v -0.09412101 -0.04103805 -0.08569634
v -0.09838489 -0.04281838 -0.08232276
v -0.09574745 -0.04077480 -0.08742195
v -0.08846559 -0.04272178 -0.04974794
v -0.09313000 -0.04442687 -0.05799834
v -0.09822026 -0.04554446 -0.06371039
v -0.10380509 -0.04605835 -0.06707619
v -0.08669920 -0.03279134 -0.09846490
v -0.08454090 -0.03300381 -0.09675204
v -0.08271649 -0.03321297 -0.09472552
v -0.08119868 -0.03341557 -0.09236097
v -0.07951041 -0.02986879 -0.09726652
v -0.07859010 -0.02604927 -0.10171262
v -0.07850595 -0.02200587 -0.10564213
v -0.07995832 -0.03360859 -0.08963678
v -0.07794771 -0.03004941 -0.09480560
v -0.07666096 -0.02621108 -0.09952587
v -0.07616934 -0.02214351 -0.10373271
v -0.07653274 -0.01789611 -0.10737401
v -0.07485632 -0.03053002 -0.08511394
v -0.07667186 -0.03022148 -0.09197287
v -0.07505842 -0.02636782 -0.09697922
v -0.07419772 -0.02227900 -0.10148062
v -0.07415337 -0.01800552 -0.10541701
v -0.07497633 -0.01359931 -0.10874242
v -0.09009290 -0.03574687 -0.09549525
v -0.08800864 -0.03598015 -0.09386358
v -0.08624540 -0.03620980 -0.09193026
v -0.08477712 -0.03643225 -0.08967167
v -0.08357590 -0.03664417 -0.08706682
v -0.07819023 -0.03395470 -0.08303342
v -0.07381340 -0.03077793 -0.07656770
v -0.07082944 -0.02700002 -0.07814243
v -0.07031099 -0.02715399 -0.06752428
v -0.07385367 -0.00916004 -0.10973211
v -0.07141656 -0.00920996 -0.10771000
v -0.07256335 -0.01367936 -0.10674771
v -0.07317619 -0.00462471 -0.11033385
v -0.07295120 -0.00004087 -0.11054050
v -0.07072474 -0.00464392 -0.10829485
v -0.07049531 -0.00002921 -0.10849536
v -0.06865851 -0.00466283 -0.10589426
v -0.06842551 -0.00001772 -0.10608783
v -0.06694531 -0.00468115 -0.10310484
v -0.06670950 -0.00000659 -0.10329063
v -0.06555080 -0.00469860 -0.09990246
v -0.06531285 0.00000401 -0.10007958
v -0.06443999 -0.00471492 -0.09626482
v -0.06420051 0.00001392 -0.09643237
v -0.06357733 -0.00472989 -0.09217402
v -0.06333678 0.00002301 -0.09233105
v -0.06221424 0.00003829 -0.08270979
v -0.09376168 -0.03832773 -0.09228653
v -0.09175757 -0.03857940 -0.09074253
v -0.09006055 -0.03882716 -0.08890986
v -0.08864591 -0.03906716 -0.08676570
v -0.08748712 -0.03929579 -0.08428974
v -0.08186021 -0.03702419 -0.08074452
v -0.07717120 -0.03423278 -0.07479650
v -0.07330288 -0.03095536 -0.06627361
v -0.07011826 -0.02724601 -0.05512455
v -0.06537796 -0.01880215 -0.05651693
v -0.06753140 -0.02314562 -0.05588403
v -0.06772518 -0.02306857 -0.06860604
v -0.06172097 -0.00478379 -0.05759602
v -0.06245718 -0.00957342 -0.05737744
v -0.06265263 -0.00954548 -0.07073351
v -0.06387558 -0.01421738 -0.07021934
v -0.06441054 -0.01414239 -0.08153627
v -0.06610327 -0.01863840 -0.08063983
v -0.06720039 -0.01849520 -0.08989765
v -0.06933258 -0.02275949 -0.08856387
v -0.06804200 -0.01840993 -0.09384071
v -0.07016145 -0.02265223 -0.09242065
v -0.06912414 -0.01831696 -0.09734481
v -0.07122637 -0.02253528 -0.09584685
v -0.07048107 -0.01821757 -0.10042745
v -0.07256082 -0.02241025 -0.09885972
v -0.07214647 -0.01811323 -0.10311034
v -0.07052874 -0.01375816 -0.10439780
v -0.06936209 -0.00925910 -0.10532870
v -0.06884097 -0.01383450 -0.10166583
v -0.06765833 -0.00930670 -0.10256112
v -0.06746642 -0.01390722 -0.09852798
v -0.06627119 -0.00935205 -0.09938324
v -0.06637080 -0.01397523 -0.09496226
v -0.06516597 -0.00939447 -0.09577288
v -0.06551927 -0.01403762 -0.09095099
v -0.06430738 -0.00943337 -0.09171221
v -0.06319048 -0.00949871 -0.08218396
v -0.06245583 -0.00475504 -0.08257663
v -0.06191646 -0.00477303 -0.07104507
v -0.06167473 0.00004922 -0.07115047
v -0.06147945 0.00005575 -0.05766983
v -0.06368045 -0.01426219 -0.05701657
v -0.06557254 -0.01874090 -0.06950756
v -0.06825040 -0.02293963 -0.07950456
v -0.07189349 -0.02678489 -0.08696371
v -0.07270698 -0.02665679 -0.09071708
v -0.07375109 -0.02651713 -0.09404994
v -0.07654690 0.01782092 -0.10744005
v -0.07498743 0.01352112 -0.10879244
v -0.07386107 0.00907976 -0.10976584
v -0.07142603 0.00915253 -0.10774078
v -0.08089602 0.02581719 -0.10366049
v -0.08142111 0.02963683 -0.09947661
v -0.07259301 0.02239790 -0.09891979
v -0.07422502 0.02224731 -0.10154773
v -0.07619168 0.02209185 -0.10380696
v -0.07852335 0.02193393 -0.10572349
v -0.07379480 0.02652244 -0.09411220
v -0.07509656 0.02635588 -0.09704956
v -0.07669336 0.02618104 -0.09960451
v -0.07861669 0.02600054 -0.10179965
v -0.06807571 0.01843532 -0.09387854
v -0.07020287 0.02267555 -0.09246721
v -0.06723750 0.01853727 -0.08993037
v -0.09012285 0.03569569 -0.09562628
v -0.08804651 0.03594283 -0.09398294
v -0.10605735 0.04355174 -0.08173081
v -0.11041876 0.04441540 -0.07792459
v -0.10878797 0.04471539 -0.07676228
v -0.08448503 0.04031788 -0.06167823
v -0.08095405 0.03737244 -0.07289322
v -0.08495680 0.04007104 -0.07079011
v -0.08193532 0.03704896 -0.08080841
v -0.08590863 0.03972616 -0.07833903
v -0.08363716 0.03664635 -0.08715176
v -0.08755276 0.03929691 -0.08438026
v -0.08483079 0.03642182 -0.08976784
v -0.08870350 0.03905753 -0.08686826
v -0.08629123 0.03618614 -0.09203795
v -0.09010980 0.03880626 -0.08902478
v -0.09179835 0.03854685 -0.09086998
v -0.09379404 0.03828336 -0.09242652
v -0.07054599 0.01372416 -0.10443906
v -0.06937364 0.00922416 -0.10535653
v -0.06886128 0.01382172 -0.10170275
v -0.06767192 0.00929354 -0.10258603
v -0.06748968 0.01391467 -0.09856066
v -0.06628679 0.00935964 -0.09940530
v -0.06639685 0.01400161 -0.09499087
v -0.06518345 0.00942147 -0.09579220
v -0.06554790 0.01408135 -0.09097572
v -0.06432660 0.00947818 -0.09172892
v -0.06444358 0.01421526 -0.08155397
v -0.06321267 0.00957341 -0.08219593
v -0.06391183 0.01431111 -0.07023114
v -0.06542758 0.01890430 -0.05652631
v -0.06561962 0.01883106 -0.06952322
v -0.06614615 0.01870851 -0.08066328
v -0.06937816 0.02279861 -0.08860412
v -0.06830307 0.02300530 -0.07953339
v -0.06778301 0.02315324 -0.06862529
v -0.06759235 0.02324165 -0.05589556
v -0.07954784 0.02984047 -0.09735572
v -0.07799166 0.03003774 -0.09488533
v -0.07672212 0.03022566 -0.09204338
v -0.07491811 0.03056264 -0.08516714
v -0.07194734 0.02682112 -0.08701077
v -0.07388463 0.03083339 -0.07660566
v -0.07089160 0.02706110 -0.07817607
v -0.07338097 0.03102718 -0.06629883
v -0.07037919 0.02723286 -0.06754670
v -0.07319368 0.03114299 -0.05426148
v -0.07019012 0.02733551 -0.05513795
v -0.08275815 0.03318720 -0.09482472
v -0.08124758 0.03340483 -0.09244962
v -0.08001420 0.03361215 -0.08971514
v -0.07825887 0.03398392 -0.08309248
v -0.07725029 0.03428262 -0.07483857
v -0.07675639 0.03449642 -0.06489478
v -0.07657104 0.03462418 -0.05327536
v -0.08857843 0.04276421 -0.04976730
v -0.08875711 0.04260909 -0.05989970
v -0.08921670 0.04234951 -0.06855150
v -0.09013723 0.04198684 -0.07571045
v -0.09172000 0.04153546 -0.08143000
v -0.09282509 0.04128373 -0.08378159
v -0.09417382 0.04101950 -0.08581714
v -0.09579137 0.04074671 -0.08755603
v -0.09770125 0.04046963 -0.08902011
v -0.08430400 0.04046540 -0.05101634
v -0.08028755 0.03774233 -0.05218983
v -0.08047081 0.03760397 -0.06334914
v -0.09715214 0.04307762 -0.08053994
v -0.10063172 0.04468806 -0.07511780
v -0.09609492 0.04333905 -0.07833169
v -0.09918000 0.04516931 -0.07008692
v -0.09457651 0.04380785 -0.07295009
v -0.09832622 0.04555596 -0.06376258
v -0.09368878 0.04418450 -0.06620076
v -0.09789255 0.04583270 -0.05609522
v -0.09324192 0.04445409 -0.05803216
v -0.09771882 0.04599809 -0.04709559
v -0.09306569 0.04461519 -0.04845580
v -0.10528309 0.04556929 -0.07182226
v -0.10389972 0.04605798 -0.06715111
v -0.10308077 0.04645061 -0.06126263
v -0.10266060 0.04673163 -0.05410928
v -0.10248946 0.04689957 -0.04570100
v -0.10868619 0.04646393 -0.06417368
v -0.07604609 0.00450088 -0.11205808
v -0.07317970 0.00454336 -0.11035074
v -0.07072927 0.00458583 -0.10831028
v -0.06866407 0.00462765 -0.10590822
v -0.06695189 0.00466816 -0.10311735
v -0.06555837 0.00470675 -0.09991354
v -0.06444849 0.00474284 -0.09627454
v -0.06358670 0.00477595 -0.09218243
v -0.06246667 0.00483154 -0.08258268
v -0.06192838 0.00487134 -0.07104912
v -0.06173354 0.00489512 -0.05759846
v -0.11985671 0.04440234 -0.07299893
v -0.11865518 0.04421549 -0.07561218
v -0.11448254 0.04382010 -0.07964038
v -0.11036795 0.04296551 -0.08361156
v -0.10635469 0.04166104 -0.08748384
v -0.10740133 0.04501070 -0.07537013
v -0.10433085 0.04384716 -0.08046489
v -0.10180335 0.04223211 -0.08544239
v -0.09992587 0.04019254 -0.09023213
v -0.10248479 0.03991976 -0.09121627
v -0.09612060 0.03801985 -0.09371807
v -0.09879883 0.03776045 -0.09476979
v -0.09254523 0.03544854 -0.09699249
v -0.09533555 0.03520523 -0.09810762
v -0.08923730 0.03250610 -0.10002062
v -0.09213138 0.03228143 -0.10119432
v -0.08623172 0.02922310 -0.10277061
v -0.08922013 0.02901946 -0.10399742
v -0.08355951 0.02563384 -0.10521367
v -0.08663186 0.02545334 -0.10648756
v -0.08124897 0.02177602 -0.10732451
v -0.08439396 0.02162055 -0.10863900
v -0.07932436 0.01769010 -0.10908078
v -0.08252994 0.01756130 -0.11042894
v -0.07780588 0.01341880 -0.11046435
v -0.11094927 0.04673495 -0.05932961
v -0.13107893 0.04154753 -0.08565789
v -0.12281864 0.04193418 -0.08539771
v -0.12829328 0.04027972 -0.08976182
v -0.11953431 0.04065638 -0.08945716
v -0.12560725 0.03858975 -0.09371704
v -0.11636738 0.03895241 -0.09336965
v -0.12304901 0.03649567 -0.09748217
v -0.11335108 0.03684055 -0.09709425
v -0.12064541 0.03401893 -0.10101847
v -0.11051709 0.03434241 -0.10059254
v -0.11842180 0.03118600 -0.10428828
v -0.10789526 0.03148470 -0.10382734
v -0.11640166 0.02802654 -0.10725728
v -0.10551325 0.02829729 -0.10676465
v -0.11460591 0.02457328 -0.10989425
v -0.10339575 0.02481325 -0.10937363
v -0.11305348 0.02086256 -0.11217212
v -0.10156507 0.02106925 -0.11162743
v -0.11176072 0.01693334 -0.11406672
v -0.10004050 0.01710458 -0.11350216
v -0.11074115 0.01282697 -0.11555859
v -0.09883799 0.01296089 -0.11497853
v -0.11000550 0.00858611 -0.11663104
v -0.09797014 0.00868135 -0.11604011
v -0.10956136 0.00425517 -0.11727393
v -0.09744596 0.00431076 -0.11667678
v -0.10941386 -0.00012003 -0.11747999
v -0.09727151 -0.00010476 -0.11688133
v -0.10956354 -0.00449438 -0.11724752
v -0.09744738 -0.00451953 -0.11665216
v -0.11000965 -0.00882136 -0.11657816
v -0.09797271 -0.00888670 -0.11599083
v -0.11074723 -0.01305623 -0.11548011
v -0.09884170 -0.01316100 -0.11490541
v -0.11176894 -0.01715382 -0.11396324
v -0.10004566 -0.01729702 -0.11340572
v -0.11306356 -0.02107211 -0.11204456
v -0.10157140 -0.02125226 -0.11150856
v -0.11461746 -0.02476979 -0.10974441
v -0.10340285 -0.02498492 -0.10923403
v -0.11641436 -0.02820792 -0.10708676
v -0.10552084 -0.02845582 -0.10660584
v -0.11843573 -0.03134990 -0.10409827
v -0.10790350 -0.03162798 -0.10365041
v -0.12066007 -0.03416423 -0.10081144
v -0.11052550 -0.03446956 -0.10039984
v -0.12306421 -0.03662027 -0.09726052
v -0.11335959 -0.03694968 -0.09688798
v -0.12562245 -0.03869322 -0.09348287
v -0.11637544 -0.03904322 -0.09315185
v -0.12830839 -0.04035973 -0.08951716
v -0.11954191 -0.04072671 -0.08922973
v -0.13109319 -0.04160396 -0.08540642
v -0.12282509 -0.04198407 -0.08516410
v -0.12619129 -0.04280221 -0.08099627
v -0.11863020 -0.04422273 -0.07542315
v -0.12354165 -0.04366182 -0.07632401
v -0.11445958 -0.04384023 -0.07945215
v -0.11970460 -0.04328658 -0.08047135
v -0.11034643 -0.04299791 -0.08342639
v -0.11592022 -0.04245715 -0.08456229
v -0.10633507 -0.04170556 -0.08730314
v -0.11222931 -0.04118347 -0.08855291
v -0.10246667 -0.03997675 -0.09104297
v -0.10866978 -0.03947883 -0.09240264
v -0.09878255 -0.03782829 -0.09460539
v -0.10527969 -0.03735966 -0.09606978
v -0.09532072 -0.03528395 -0.09795386
v -0.10209402 -0.03484957 -0.09951672
v -0.09211827 -0.03236972 -0.10105298
v -0.09914689 -0.03197410 -0.10270710
v -0.08920847 -0.02911706 -0.10387047
v -0.09646893 -0.02876437 -0.10560770
v -0.08662210 -0.02555873 -0.10637585
v -0.09408853 -0.02525267 -0.10818706
v -0.08438595 -0.02173275 -0.10854380
v -0.09203031 -0.02147646 -0.11041918
v -0.08252344 -0.01767899 -0.11035168
v -0.09031582 -0.01747525 -0.11228079
v -0.08105412 -0.01344046 -0.11178038
v -0.08896309 -0.01329140 -0.11375218
v -0.08798691 -0.00896802 -0.11481688
v -0.08739711 -0.00455082 -0.11546519
v -0.08313177 -0.00456827 -0.11457414
v -0.08374843 -0.00901337 -0.11393466
v -0.11479866 -0.04482051 -0.07390429
v -0.11037769 -0.04443028 -0.07776527
v -0.10601789 -0.04357421 -0.08157380
v -0.10389276 -0.04198159 -0.08640350
v -0.09989946 -0.04024000 -0.09007161
v -0.09609647 -0.03807605 -0.09356572
v -0.09252301 -0.03551359 -0.09684993
v -0.08921739 -0.03257888 -0.09988952
v -0.08621392 -0.02930352 -0.10265284
v -0.08354437 -0.02572054 -0.10510999
v -0.08123638 -0.02186824 -0.10723613
v -0.07931412 -0.01778670 -0.10900905
v -0.07779779 -0.01351926 -0.11041000
v -0.07670390 -0.00911012 -0.11142337
v -0.07999404 -0.00906097 -0.11281395
v -0.07604358 -0.00460550 -0.11203974
v -0.07935393 -0.00458659 -0.11344285
v -0.07582399 -0.00005254 -0.11225177
v -0.07914075 -0.00006403 -0.11365954
v -0.07935549 0.00445906 -0.11346260
v -0.08375009 0.00886598 -0.11397684
v -0.08896326 0.01312756 -0.11381856
v -0.11592601 0.04241543 -0.08477347
v -0.11223360 0.04112517 -0.08875870
v -0.10867315 0.03940380 -0.09259983
v -0.10528196 0.03726980 -0.09625665
v -0.10209572 0.03474503 -0.09969140
v -0.09914792 0.03185648 -0.10286757
v -0.09646969 0.02863427 -0.10575178
v -0.09408873 0.02511193 -0.10831375
v -0.09203018 0.02132650 -0.11052711
v -0.09031570 0.01731770 -0.11236836
v -0.11468772 -0.04502999 -0.02000000
v -0.11626896 -0.04480209 -0.02000000
v -0.11784179 -0.04452192 -0.02000000
v -0.11924846 -0.04422232 -0.02000000
v -0.30005854 -0.08985750 -0.02160260
v -0.30006146 -0.08986786 -0.02190262
v -0.30022275 -0.08978739 -0.02143688
v -0.30979827 -0.08712580 -0.02190262
v -0.30040547 -0.08970834 -0.02130071
v -0.30980834 -0.08711828 -0.02174395
v -0.30983743 -0.08709653 -0.02158976
v -0.30988371 -0.08706183 -0.02144075
v -0.30994368 -0.08701675 -0.02130071
v -0.30156854 -0.08917926 -0.02072693
v -0.31013522 -0.08687158 -0.02098927
v -0.31179899 -0.08553534 -0.01976857
v -0.30310833 -0.08840730 -0.02019168
v -0.31100169 -0.08619297 -0.02020814
v -0.31036130 -0.08669803 -0.02072693
v -0.30615777 -0.08661665 -0.01943398
v -0.30479902 -0.08745979 -0.01972793
v -0.30463955 -0.08755384 -0.01976708
v -0.31723490 -0.08000574 -0.01997706
v -0.31204516 -0.08194971 -0.01958509
v -0.31671280 -0.08063255 -0.01958509
v -0.31119004 -0.08274685 -0.01930149
v -0.31607229 -0.08136912 -0.01930149
v -0.31016636 -0.08364190 -0.01913951
v -0.31532580 -0.08218595 -0.01913951
v -0.30892521 -0.08464806 -0.01910830
v -0.31449237 -0.08304933 -0.01910673
v -0.30764669 -0.08560194 -0.01920468
v -0.31359559 -0.08392584 -0.01920538
v -0.31268519 -0.08476456 -0.01942879
v -0.31324038 -0.08075222 -0.02045907
v -0.31299403 -0.08100752 -0.02019682
v -0.31272879 -0.08127731 -0.01997706
v -0.31744304 -0.07974885 -0.02020084
v -0.31763104 -0.07951323 -0.02045907
v -0.31342533 -0.08055755 -0.02071644
v -0.31777653 -0.07932847 -0.02071894
v -0.31358057 -0.08039207 -0.02100858
v -0.31789687 -0.07917406 -0.02100858
v -0.31368428 -0.08028048 -0.02129227
v -0.31797916 -0.07906761 -0.02129613
v -0.31375036 -0.08020892 -0.02159989
v -0.31803021 -0.07900118 -0.02159989
v -0.31377155 -0.08018588 -0.02190222
v -0.31804690 -0.07897942 -0.02190123
v -0.31375036 -0.08020892 -0.02220536
v -0.30994368 -0.08701675 -0.02250454
v -0.30040547 -0.08970834 -0.02250454
v -0.31013417 -0.08687238 -0.02281456
v -0.30156854 -0.08917926 -0.02307831
v -0.31036130 -0.08669803 -0.02307831
v -0.30305502 -0.08843544 -0.02359711
v -0.31100169 -0.08619297 -0.02359711
v -0.30463201 -0.08755826 -0.02403629
v -0.31179899 -0.08553534 -0.02403668
v -0.30618533 -0.08659875 -0.02437646
v -0.31269994 -0.08475134 -0.02438105
v -0.30760032 -0.08563505 -0.02459514
v -0.31359953 -0.08392211 -0.02460056
v -0.30898097 -0.08460459 -0.02469852
v -0.31449237 -0.08304933 -0.02469852
v -0.31010598 -0.08369277 -0.02467088
v -0.31532580 -0.08218595 -0.02466574
v -0.31119004 -0.08274685 -0.02450376
v -0.31607229 -0.08136912 -0.02450376
v -0.31204516 -0.08194971 -0.02422015
v -0.31671280 -0.08063255 -0.02422015
v -0.31272879 -0.08127731 -0.02382818
v -0.31723490 -0.08000574 -0.02382818
v -0.31299415 -0.08100739 -0.02360831
v -0.31744269 -0.07974928 -0.02360483
v -0.31324038 -0.08075222 -0.02334617
v -0.31763104 -0.07951323 -0.02334617
v -0.31342426 -0.08055867 -0.02309050
v -0.31777677 -0.07932815 -0.02308579
v -0.31358057 -0.08039207 -0.02279667
v -0.31789687 -0.07917406 -0.02279667
v -0.31368428 -0.08028047 -0.02251296
v -0.31797910 -0.07906765 -0.02250928
v -0.31803021 -0.07900118 -0.02220536
v -0.30985874 -0.08708057 -0.02229130
v -0.30980834 -0.08711827 -0.02206142
v -0.30022189 -0.08978775 -0.02236764
v -0.30005854 -0.08985750 -0.02220264
v -0.04742540 -0.00001370 -0.00000033
v -0.04742601 0.00004991 0.00000029
v 0.04740630 -0.00130662 -0.00000000
v -0.04742829 0.00024560 -0.00000009
v -0.04742631 0.00043006 -0.00000027
v -0.04741694 0.00098239 0.00000056
v -0.04741416 0.00106647 0.00000083
v -0.04740962 0.00122773 0.00000060
v -0.04739010 0.00180059 -0.00000000
v -0.04736333 0.00239427 -0.00000042
v -0.04733812 -0.00285002 0.00000000
v -0.04739388 -0.00168337 0.00000000
v -0.04742097 -0.00051470 0.00000000
v -0.04732902 0.00299712 -0.00000060
v -0.04728759 0.00359427 -0.00000053
v -0.04723626 0.00421710 -0.00000032
v -0.04355992 -0.01874932 0.00000000
v -0.04400961 -0.01766773 0.00000000
v -0.04443280 -0.01657451 0.00000000
v -0.04482913 -0.01547049 0.00000000
v -0.03834457 -0.02790486 0.00000000
v -0.03967872 -0.02597217 0.00000000
v -0.04091677 -0.02397433 0.00000000
v -0.04149791 -0.02295414 0.00000000
v -0.04201606 -0.02199181 -0.00000000
v -0.03293698 -0.03411903 -0.00000000
v -0.03211496 -0.03489387 0.00000000
v -0.02733543 -0.03875216 0.00000000
v -0.03540358 -0.03155220 0.00000000
v -0.03816131 -0.02815498 -0.00000000
v -0.04509275 -0.01468448 -0.00000000
v -0.04519825 -0.01435654 0.00000000
v -0.04553978 -0.01323351 0.00000000
v -0.04680764 -0.00762032 -0.00000000
v -0.04699662 -0.00635211 0.00000000
v -0.04725329 -0.00401923 0.00000000
v -0.04533631 0.01391640 -0.00000000
v -0.04515124 0.01450565 -0.00000000
v -0.03937132 0.02643896 -0.00000000
v -0.04022475 0.02512087 -0.00000000
v -0.04141916 0.02309766 -0.00000000
v -0.03893504 0.02707745 -0.00000000
v -0.03755105 0.02896587 -0.00000000
v 0.04740841 0.00122715 -0.00000000
v 0.04310386 -0.01977580 0.00000000
v 0.04228136 -0.02147755 -0.00000000
v -0.02659956 -0.03926093 0.00000000
v 0.04114637 -0.02357868 0.00000000
v -0.00135066 -0.04740349 -0.00000000
v -0.00596546 -0.04704615 -0.00000000
v 0.01696736 -0.04428372 0.00000000
v 0.02057371 -0.04272783 0.00000000
v -0.04258156 -0.02087619 0.00000000
v -0.04308390 -0.01981883 0.00000000
v -0.04613892 -0.01096367 0.00000000
v -0.04662492 -0.00866796 0.00000000
v -0.04712204 0.00534453 -0.00000001
v -0.04680073 0.00766425 -0.00000000
v -0.04671900 0.00814775 -0.00000000
v -0.04633988 0.01008340 -0.00000000
v -0.04581449 0.01225111 -0.00000000
v -0.04437846 0.01672223 -0.00000000
v -0.04372082 0.01837374 -0.00000000
v -0.04349892 0.01889312 -0.00000000
v -0.04251236 0.02101846 -0.00000000
v -0.04171727 0.02255479 -0.00000000
v 0.00989797 -0.04637829 -0.00000000
v 0.00566520 -0.04708344 0.00000000
v 0.00135234 -0.04740369 0.00000000
v -0.01308574 -0.04558174 -0.00000000
v -0.01618201 -0.04457659 0.00000000
v 0.02297601 -0.04148553 -0.00000000
v 0.04722020 -0.00438908 0.00000000
v 0.04663138 -0.00863461 0.00000000
v 0.03413670 -0.03291931 0.00000000
v 0.03103030 -0.03586171 -0.00000000
v -0.00710743 -0.04688727 0.00000000
v -0.02049702 -0.04276459 -0.00000000
v -0.02462807 -0.04052660 0.00000000
v 0.04566023 -0.01281203 0.00000000
v 0.04430211 -0.01692114 -0.00000000
v 0.03884843 -0.02719897 0.00000000
v 0.03620952 -0.03062419 0.00000000
v 0.02766320 -0.03851901 -0.00000000
v 0.02403895 -0.04087884 -0.00000000
v 0.01403954 -0.04529732 0.00000000
v 0.01189625 0.04590885 -0.00000000
v 0.01533257 0.04487818 0.00000000
v 0.01646953 0.04447360 0.00000000
v 0.01932976 0.04330713 0.00000000
v -0.03362889 0.03343989 -0.00000000
v -0.03028626 0.03649452 -0.00000000
v -0.00110673 0.04741198 -0.00000000
v -0.00012235 0.04742484 0.00000000
v 0.00416195 0.04724235 -0.00000000
v 0.00805671 0.04673577 0.00000000
v 0.02874528 0.03772055 -0.00000000
v 0.03203141 0.03497301 0.00000000
v 0.03506128 0.03193471 0.00000000
v 0.03565079 0.03127512 -0.00000000
v -0.03666855 0.03007489 -0.00000000
v 0.02254854 0.04172154 0.00000000
v 0.02623244 0.03950946 -0.00000000
v 0.04601399 0.01147961 0.00000000
v 0.04686138 0.00728572 0.00000000
v 0.04732791 0.00301784 0.00000000
v -0.02666222 0.03922064 -0.00000000
v -0.01009762 0.04633762 -0.00000000
v -0.00563184 0.04708974 -0.00000000
v -0.02279073 0.04158975 -0.00000000
v -0.01872197 0.04357326 -0.00000000
v -0.01447725 0.04516132 -0.00000000
v 0.03782567 0.02860636 0.00000000
v 0.03961241 0.02607640 0.00000000
v 0.04180174 0.02239846 0.00000000
v 0.04365532 0.01852901 0.00000000
v 0.04516141 0.01447428 0.00000000
v -0.12238172 0.04545343 -0.03293525
v -0.12184653 0.04560632 -0.02551403
v -0.11807589 0.04647169 -0.02561687
v -0.16309944 0.04222355 -0.07468480
v -0.16377196 0.04212830 -0.07255337
v -0.15167190 0.04230300 -0.07243341
v -0.16258125 0.04223893 -0.07669345
v -0.16231242 0.04217152 -0.07850083
v -0.14203537 0.04252639 -0.07791547
v -0.14876069 0.04233840 -0.07825212
v -0.12906188 0.04329750 -0.07578860
v -0.13542120 0.04282873 -0.07721226
v -0.12058879 0.04445388 -0.07145721
v -0.12320878 0.04399696 -0.07324162
v -0.12605114 0.04361386 -0.07467724
v -0.11825357 0.04497502 -0.06931695
v -0.10851429 0.04740991 -0.02541605
v -0.10939269 0.04738254 -0.03822308
v -0.11004033 0.04729552 -0.04495763
v -0.11090698 0.04709966 -0.05161950
v -0.11150549 0.04693722 -0.05488074
v -0.11229722 0.04671180 -0.05805907
v -0.11333986 0.04640296 -0.06115064
v -0.11464390 0.04600169 -0.06409933
v -0.11626588 0.04551335 -0.06684228
v -0.12110569 0.04580330 -0.03572731
v -0.12299911 0.04530348 -0.04031166
v -0.12211004 0.04555349 -0.04643952
v -0.12457310 0.04486975 -0.05222807
v -0.12384555 0.04510202 -0.04795492
v -0.12361865 0.04516318 -0.04619041
v -0.12292979 0.04529169 -0.05182506
v -0.12358110 0.04506175 -0.05453538
v -0.12542906 0.04457158 -0.05534024
v -0.12450472 0.04473957 -0.05718337
v -0.12588066 0.04441911 -0.05655073
v -0.12652865 0.04421349 -0.05797743
v -0.12581544 0.04432675 -0.05976159
v -0.12706292 0.04405714 -0.05890902
v -0.12776220 0.04382538 -0.06205424
v -0.13023183 0.04334681 -0.06371970
v -0.13005090 0.04335192 -0.06184419
v -0.12884414 0.04360642 -0.06097500
v -0.12873235 0.04363192 -0.06087772
v -0.12752613 0.04393009 -0.05957918
v -0.13832816 0.04244665 -0.06592442
v -0.13423616 0.04270055 -0.06350965
v -0.13290070 0.04297076 -0.06479394
v -0.13212754 0.04299187 -0.06284974
v -0.13095614 0.04318400 -0.06234335
v -0.14707899 0.04167542 -0.06488957
v -0.14391761 0.04185123 -0.06474436
v -0.14373119 0.04209660 -0.06639677
v -0.14135751 0.04202256 -0.06457043
v -0.13764673 0.04233048 -0.06416706
v -0.17449455 0.04100196 -0.06515511
v -0.15397574 0.04193021 -0.06845369
v -0.14727300 0.04230640 -0.07028070
v -0.15298401 0.04214414 -0.07039621
v -0.16443878 0.04196129 -0.07042960
v -0.15034516 0.04239501 -0.07447603
v -0.14403553 0.04257055 -0.07419973
v -0.14566658 0.04246977 -0.07223849
v -0.13786350 0.04283503 -0.07363870
v -0.13975322 0.04271369 -0.07180838
v -0.13194217 0.04322087 -0.07252885
v -0.13399373 0.04306404 -0.07090855
v -0.12636390 0.04379546 -0.07050467
v -0.12840246 0.04359461 -0.06915525
v -0.12568510 0.04398129 -0.06774393
v -0.14931333 0.04240891 -0.07643380
v -0.14275111 0.04259274 -0.07610426
v -0.13633727 0.04287839 -0.07544477
v -0.13021618 0.04330555 -0.07415204
v -0.12731898 0.04359025 -0.07315353
v -0.12456476 0.04393762 -0.07185793
v -0.11347858 0.04711178 -0.02550175
v -0.11161400 0.04727927 -0.02546196
v -0.11529943 0.04687938 -0.03696597
v -0.11118785 0.04730289 -0.03793400
v -0.11584538 0.04676256 -0.04299215
v -0.11182397 0.04719854 -0.04452303
v -0.11654609 0.04656367 -0.04896943
v -0.11266349 0.04698601 -0.05101970
v -0.11323144 0.04681598 -0.05418133
v -0.11762297 0.04619961 -0.05481295
v -0.11397123 0.04658445 -0.05725121
v -0.11845795 0.04590653 -0.05772208
v -0.11494772 0.04627087 -0.06025197
v -0.11955881 0.04552280 -0.06053099
v -0.11617459 0.04587070 -0.06310766
v -0.12104580 0.04504212 -0.06326165
v -0.11771831 0.04538980 -0.06577675
v -0.12313413 0.04448457 -0.06577897
v -0.11967137 0.04486063 -0.06818808
v -0.12199208 0.04436101 -0.07021851
v -0.11936362 0.04619841 -0.03600784
v -0.14848897 0.04209611 -0.06838588
v -0.15447424 0.04166889 -0.06665749
v -0.15590262 0.04133580 -0.06508307
v -0.14159818 0.04253725 -0.06997715
v -0.14299832 0.04232759 -0.06816842
v -0.13597114 0.04286574 -0.06927554
v -0.13748632 0.04265489 -0.06761593
v -0.13035539 0.04337078 -0.06777233
v -0.13191019 0.04315723 -0.06632301
v -0.12755834 0.04375038 -0.06646263
v -0.12911767 0.04353390 -0.06512313
v -0.12490428 0.04425974 -0.06453004
v -0.12647738 0.04403710 -0.06328275
v -0.12275888 0.04482611 -0.06197060
v -0.12436855 0.04458717 -0.06078618
v -0.12129439 0.04530022 -0.05920453
v -0.12295808 0.04503982 -0.05806066
v -0.12197115 0.04538743 -0.05530888
v -0.11982264 0.04608643 -0.04148772
v -0.12039359 0.04592949 -0.04697857
v -0.12126634 0.04563862 -0.05249928
v -0.29945365 -0.01383099 -0.02100012
v -0.29958555 -0.01388103 -0.02130071
v -0.30565044 -0.01676553 -0.00830262
v -0.29966146 -0.01391005 -0.02159534
v -0.29968783 -0.01392018 -0.02190262
v -0.29877985 -0.01358317 -0.02020814
v -0.29904523 -0.01367922 -0.02044977
v -0.29928076 -0.01376616 -0.02072693
v -0.29966161 -0.01391012 -0.02220893
v -0.30565044 -0.01676553 -0.04950262
v -0.29958555 -0.01388103 -0.02250454
v -0.29945391 -0.01383109 -0.02280467
v -0.29928076 -0.01376616 -0.02307831
v -0.29904512 -0.01367918 -0.02335559
v -0.28947443 -0.01140006 -0.02045907
v -0.29040098 -0.01151932 -0.01997706
v -0.28896153 -0.01134298 -0.00830262
v -0.29150158 -0.01168823 -0.01958509
v -0.29270595 -0.01190736 -0.01930028
v -0.29392526 -0.01216629 -0.01913951
v -0.29759097 -0.01317721 -0.00830262
v -0.29512084 -0.01245710 -0.01910673
v -0.29623821 -0.01276262 -0.01920468
v -0.29722005 -0.01305859 -0.01942301
v -0.29759097 -0.01317721 -0.01954820
v -0.29809386 -0.01334411 -0.01976857
v -0.28879976 -0.01132629 -0.02279667
v -0.28013933 -0.01134298 -0.04950262
v -0.28896153 -0.01134298 -0.02295814
v -0.28896153 -0.01134298 -0.04950262
v -0.28947443 -0.01140006 -0.02334617
v -0.28858861 -0.01130545 -0.02252118
v -0.28850561 -0.01129756 -0.02236857
v -0.28844303 -0.01129171 -0.02220536
v -0.28840917 -0.01128859 -0.02205610
v -0.28839821 -0.01128758 -0.02194142
v -0.28013933 -0.01134298 -0.00830262
v -0.28840643 -0.01128834 -0.02176812
v -0.28844303 -0.01129171 -0.02159989
v -0.28850564 -0.01129756 -0.02143666
v -0.28863615 -0.01131005 -0.02121201
v -0.28879976 -0.01132629 -0.02100858
v -0.28896153 -0.01134298 -0.02084710
v -0.29877985 -0.01358317 -0.02359711
v -0.29809386 -0.01334411 -0.02403668
v -0.29759097 -0.01317721 -0.04950262
v -0.29759735 -0.01317929 -0.02425464
v -0.29723912 -0.01306460 -0.02437646
v -0.29269934 -0.01190606 -0.02450376
v -0.29150158 -0.01168823 -0.02422015
v -0.29040098 -0.01151932 -0.02382818
v -0.29623821 -0.01276262 -0.02460056
v -0.29512084 -0.01245710 -0.02469852
v -0.29390931 -0.01216266 -0.02466444
v -0.30565044 -0.08985807 -0.04950262
v -0.30565044 -0.08985807 -0.00830262
v -0.31278774 -0.08467251 -0.04950262
v -0.31869096 -0.07811633 -0.04950262
v -0.31869096 -0.07811633 -0.00830262
v -0.31278774 -0.08467251 -0.00830262
v -0.29759097 -0.09344638 -0.04950262
v -0.29759097 -0.09344638 -0.00830262
v -0.28896153 -0.09528062 -0.04950262
v -0.28896153 -0.09528062 -0.00830262
v -0.28013933 -0.09528062 -0.04950262
v -0.28013933 -0.09528062 -0.00830262
v -0.27150992 -0.09344638 -0.04950262
v -0.27150992 -0.09344638 -0.00830262
v -0.26345044 -0.08985807 -0.04950262
v -0.26345044 -0.08985807 -0.00830262
v -0.25631312 -0.08467251 -0.04950262
v -0.25631312 -0.08467251 -0.00830262
v -0.25040993 -0.07811633 -0.04950262
v -0.25040993 -0.07811633 -0.00830262
v -0.24599881 -0.07047608 -0.04950262
v -0.24599881 -0.07047608 -0.00830262
v -0.24327262 -0.06208567 -0.04950262
v -0.24327262 -0.06208567 -0.00830262
v -0.24235044 -0.05331180 -0.04950262
v -0.24235044 -0.05331180 -0.00830262
v -0.24327262 -0.04453793 -0.04950262
v -0.24327262 -0.04453793 -0.00830262
v -0.24599881 -0.03614751 -0.04950262
v -0.24599881 -0.03614751 -0.00830262
v -0.25040993 -0.02850726 -0.04950262
v -0.25040993 -0.02850726 -0.00830262
v -0.25631312 -0.02195109 -0.04950262
v -0.25631312 -0.02195109 -0.00830262
v -0.26345044 -0.01676553 -0.04950262
v -0.26345044 -0.01676553 -0.00830262
v -0.27150992 -0.01317721 -0.04950262
v -0.27150992 -0.01317721 -0.00830262
v -0.31278774 -0.02195109 -0.04950262
v -0.31278774 -0.02195109 -0.00830262
v -0.31869096 -0.02850726 -0.04950262
v -0.31869096 -0.02850726 -0.00830262
v -0.32310206 -0.03614751 -0.04950262
v -0.32310206 -0.03614751 -0.00830262
v -0.32582825 -0.04453793 -0.04950262
v -0.32582825 -0.04453793 -0.00830262
v -0.32675043 -0.05331180 -0.04950262
v -0.32675043 -0.05331180 -0.00830262
v -0.32582825 -0.06208567 -0.04950262
v -0.32582825 -0.06208567 -0.00830262
v -0.32310206 -0.07047608 -0.04950262
v -0.32310206 -0.07047608 -0.00830262
v -0.12543462 -0.04444004 -0.02000000
v -0.12543462 -0.04444004 -0.01700344
v -0.13249972 -0.04112099 -0.01700344
v -0.15621951 -0.00262728 -0.01700344
v -0.15621954 -0.00262728 -0.02000000
v -0.15607944 -0.00449115 -0.02000000
v -0.15479942 -0.01182061 -0.02000000
v -0.15479942 -0.01182061 -0.01700344
v -0.15564466 -0.00781985 -0.02000000
v -0.15558679 -0.00815954 -0.01700344
v -0.15607944 -0.00449115 -0.01700344
v -0.15451813 -0.01286576 -0.02000000
v -0.15280749 -0.01785775 -0.02000000
v -0.15224282 -0.01918927 -0.01700344
v -0.15224282 -0.01918927 -0.02000000
v -0.14849184 -0.02606746 -0.02000000
v -0.14849184 -0.02606746 -0.01700344
v -0.14456093 -0.03123284 -0.02000000
v -0.14456093 -0.03123284 -0.01700344
v -0.13949816 -0.03621067 -0.01700344
v -0.13895123 -0.03666621 -0.02000000
v -0.13895123 -0.03666621 -0.01700344
v -0.13769156 -0.03766431 -0.02000000
v -0.13575727 -0.03906869 -0.01700344
v -0.13419124 -0.04010150 -0.02000000
v -0.13249972 -0.04112099 -0.02000000
v -0.11787923 -0.04656408 -0.01700344
v -0.12184635 -0.04561734 -0.02000000
v -0.12515384 -0.04454370 -0.02000000
v -0.11012270 -0.04741194 -0.01700344
v -0.11006399 -0.04741347 -0.01700344
v -0.10227861 -0.04696925 -0.01700344
v -0.09703521 -0.04593018 -0.01700344
v -0.09466438 -0.04525333 -0.01700344
v -0.09256382 -0.04453977 -0.01700344
v -0.08738284 -0.04228543 -0.01700344
v -0.08074154 -0.03819172 -0.01700344
v -0.08414976 -0.04048059 -0.01700344
v -0.07481264 -0.03301458 -0.01700344
v -0.07668544 -0.03484240 -0.01700344
v -0.06986213 -0.02698596 -0.01700344
v -0.06792099 -0.02393826 -0.01700344
v -0.06595531 -0.02020314 -0.01700344
v -0.06401769 -0.01543129 -0.01700344
v -0.06322598 -0.01290240 -0.01700344
v -0.06271752 -0.01094474 -0.01700344
v -0.06172390 -0.00519881 -0.01700344
v -0.06146874 -0.00167510 -0.01700344
v -0.06151190 0.00262536 -0.01700344
v -0.29351315 -0.01463674 -0.02403668
v -0.27960452 -0.01392109 -0.02279667
v -0.27910739 -0.01398670 -0.02254508
v -0.27876782 -0.01403520 -0.02230564
v -0.27866647 -0.01405025 -0.02220264
v -0.28120789 -0.01375276 -0.02337764
v -0.28812149 -0.01377274 -0.02466063
v -0.28648716 -0.01365907 -0.02450376
v -0.28466332 -0.01361196 -0.02421626
v -0.28285792 -0.01364789 -0.02382818
v -0.29116818 -0.01416725 -0.02460741
v -0.29021603 -0.01401815 -0.02468406
v -0.28975642 -0.01395462 -0.02469932
v -0.29247135 -0.01441001 -0.02437646
v -0.29493219 -0.01499328 -0.02307831
v -0.29465076 -0.01491814 -0.02335732
v -0.29433689 -0.01483693 -0.02359711
v -0.29513529 -0.01504888 -0.02280715
v -0.29529208 -0.01509260 -0.02250454
v -0.29538149 -0.01511784 -0.02220974
v -0.29541248 -0.01512664 -0.02190262
v -0.29538155 -0.01511786 -0.02159587
v -0.29529208 -0.01509260 -0.02130071
v -0.29513550 -0.01504894 -0.02099844
v -0.29493219 -0.01499328 -0.02072693
v -0.29465169 -0.01491838 -0.02044873
v -0.29433689 -0.01483693 -0.02020814
v -0.29351315 -0.01463674 -0.01976857
v -0.29247135 -0.01441001 -0.01942879
v -0.27960452 -0.01392109 -0.02100858
v -0.28120789 -0.01375276 -0.02042761
v -0.28285792 -0.01364789 -0.01997706
v -0.28466332 -0.01361196 -0.01958899
v -0.28648716 -0.01365907 -0.01930149
v -0.28812149 -0.01377274 -0.01914462
v -0.28975642 -0.01395462 -0.01910592
v -0.29021603 -0.01401815 -0.01912119
v -0.29116818 -0.01416725 -0.01919784
v -0.27876705 -0.01403531 -0.02150029
v -0.27866647 -0.01405025 -0.02160260
v -0.27866355 -0.01403990 -0.02190262
v -0.27910855 -0.01398654 -0.02125948
v -0.27887559 -0.01401948 -0.02141211
v -0.13655910 0.03849527 -0.01999995
v -0.13693294 0.03822336 -0.02000000
v -0.13693294 0.03822336 -0.01700344
v -0.14285575 0.03307123 -0.01700344
v -0.14058760 0.03525109 -0.01999999
v -0.14285575 0.03307123 -0.02000000
v -0.13280536 0.04093390 -0.01999982
v -0.13368961 0.04040384 -0.01700344
v -0.13024655 0.04232621 -0.02000000
v -0.13024655 0.04232621 -0.01700344
v -0.12555927 0.04438462 -0.01999961
v -0.12297522 0.04527114 -0.01700344
v -0.12297522 0.04527114 -0.02000000
v -0.06847411 0.02485041 -0.01700344
v -0.07312234 0.03116623 -0.01700344
v -0.06492823 0.01784986 -0.01700344
v -0.15628730 -0.00069143 -0.02000000
v -0.15628730 -0.00069143 -0.01700344
v -0.15108335 0.02161610 -0.01700344
v -0.15108335 0.02161610 -0.02000000
v -0.15382777 0.01510417 -0.01700344
v -0.15304235 0.01726670 -0.02000000
v -0.15333490 0.01649896 -0.02000000
v -0.15339758 0.01632910 -0.02000000
v -0.15406844 0.01436741 -0.01700344
v -0.15406844 0.01436741 -0.02000000
v -0.15510403 0.01056451 -0.01700344
v -0.15581347 0.00673581 -0.02000000
v -0.15581347 0.00673581 -0.01700344
v -0.15602691 0.00502218 -0.02000000
v -0.15626661 0.00156859 -0.02000000
v -0.14321005 0.03270392 -0.01999999
v -0.14669067 0.02860980 -0.02000000
v -0.14740288 0.02764385 -0.01700344
v -0.14784646 0.02701536 -0.02000000
v -0.14784646 0.02701536 -0.01700344
v -0.14881599 0.02556139 -0.02000000
v -0.15036635 0.02296152 -0.02000000
v -0.12271181 0.04535254 -0.01999960
v -0.12072965 0.04591078 -0.01700344
v -0.11531883 0.04697758 -0.02000000
v -0.11531883 0.04697758 -0.01700344
v -0.11161645 0.04733079 -0.02000000
v -0.11006399 0.04740383 -0.01700344
v -0.10765032 0.04740331 -0.02000000
v -0.10765032 0.04740331 -0.01700344
v -0.10761046 0.04740225 -0.01700344
v -0.10294241 0.04704782 -0.01700344
v -0.09985370 0.04655517 -0.01700344
v -0.09833433 0.04623527 -0.01700344
v -0.08519977 0.04109369 -0.01700344
v -0.08946715 0.04327131 -0.01700344
v -0.09229873 0.04443233 -0.01700344
v -0.07768837 0.03573301 -0.01700344
v -0.07875060 0.03663238 -0.01700344
v -0.08135523 0.03862611 -0.01700344
v -0.06258862 0.01037490 -0.01700344
v -0.06304421 0.01222984 -0.01700344
v -0.06206175 0.00765754 -0.01700344
v -0.06247694 -0.01540965 -0.00744580
v -0.06220461 -0.01540672 -0.00707622
v -0.06344911 -0.01973676 -0.00572305
v -0.06380799 -0.01974112 -0.00609320
v -0.06495783 -0.02387764 -0.00411166
v -0.08034778 0.04757464 0.02067155
v -0.07791102 0.04757489 0.02073283
v -0.07824282 0.04722118 0.01820075
v -0.10759436 0.04740296 -0.01314142
v -0.10753030 0.04740516 -0.00773463
v -0.10288428 0.04705155 -0.00848821
v -0.09351716 0.04498864 -0.00292327
v -0.08924022 0.04328888 -0.00434333
v -0.08946926 0.04327670 -0.01067496
v -0.07922379 0.03865954 0.00027956
v -0.08030508 0.03865561 -0.00204445
v -0.08398319 0.04118176 -0.00012298
v -0.08096657 0.03865087 -0.00449618
v -0.08124565 0.03864320 -0.00701493
v -0.08513754 0.04116751 -0.00571125
v -0.06178159 0.01223952 -0.00889628
v -0.06136235 0.01224105 -0.00814639
v -0.06065946 0.00765975 -0.00890039
v -0.06556669 0.02098718 -0.00851240
v -0.06592610 0.02099097 -0.00970497
v -0.06815117 0.02508839 -0.00849879
v -0.03299369 0.03414401 0.00049157
v -0.03126599 0.03572737 0.00054395
v -0.03114822 0.03576462 0.00010501
v -0.01154410 0.04736305 0.01858719
v -0.00820575 0.04740104 0.01695096
v -0.01314684 0.04704922 0.01558745
v -0.01998702 0.04501720 0.01144562
v -0.02411423 0.04332062 0.00995997
v -0.02696791 0.04326840 0.01121016
v -0.02767245 0.04745015 0.02081066
v -0.02428077 0.04742505 0.02071160
v -0.02752076 0.04707980 0.01860664
v -0.01983331 0.04739210 0.02041143
v -0.02497315 0.04670067 0.01732608
v -0.02328056 0.04704661 0.01835035
v -0.01910256 0.04701776 0.01772720
v -0.03149217 0.04326718 0.01221651
v -0.02996366 0.04325787 0.01199359
v -0.03327500 0.04113960 0.01019789
v -0.03192257 0.04113937 0.00992927
v -0.03060774 0.04115141 0.00955700
v -0.03403530 0.03862958 0.00798128
v -0.03519782 0.03861743 0.00827765
v -0.03639060 0.03861666 0.00848642
v -0.03682433 0.03419408 0.00523312
v -0.03836446 0.03252764 0.00464080
v -0.04012719 0.03248451 0.00512072
v -0.04192332 0.02303921 0.00056203
v -0.04302138 0.02095653 0.00047110
v -0.04386889 0.02101782 0.00096747
v -0.04428977 0.02102422 0.00120610
v -0.04486652 0.01889141 0.00076997
v -0.04572864 0.01889821 0.00111986
v -0.04660286 0.01672625 0.00084938
v -0.04707059 0.01672320 0.00093689
v -0.04793300 -0.00059027 0.00001060
v -0.04790781 -0.00170469 0.00002543
v -0.04879662 -0.00168300 -0.00000876
v -0.04101590 0.03247276 0.00528032
v -0.04273965 0.02891872 0.00386516
v -0.04569342 0.02506591 0.00279258
v -0.04636503 0.02506230 0.00280031
v -0.04429097 0.02890439 0.00401610
v -0.05031012 0.00300845 -0.00015192
v -0.05036138 -0.00167836 -0.00015003
v -0.05188727 -0.00166637 -0.00050539
v -0.05239881 0.01221957 -0.00032780
v -0.05298834 0.00764571 -0.00083482
v -0.05443305 0.00764873 -0.00161752
v -0.04713742 -0.00858524 0.00014279
v -0.04664790 -0.01088746 0.00019263
v -0.04750180 -0.01096032 0.00029391
v -0.04570016 -0.01428748 0.00028046
v -0.04532834 -0.01540400 0.00031339
v -0.04616510 -0.01546769 0.00057806
v -0.04480061 -0.01982222 0.00118042
v -0.04439163 -0.01981794 0.00094138
v -0.04334672 -0.02192165 0.00115056
v -0.04197698 -0.02290188 0.00060018
v -0.04139303 -0.02392312 0.00064929
v -0.04219693 -0.02397524 0.00137689
v -0.04533070 -0.02189332 0.00204381
v -0.04629544 -0.01979274 0.00164501
v -0.04574533 -0.01981138 0.00155095
v -0.02698339 -0.04052607 0.00665242
v -0.02580734 -0.04053275 0.00437968
v -0.02167340 -0.04276747 0.00509304
v -0.01538461 -0.04593336 0.01147207
v -0.01688338 -0.04588558 0.01260911
v -0.02111240 -0.04450795 0.01112436
v -0.03768370 0.02890338 0.00035071
v -0.00934066 -0.04717849 0.01955308
v -0.01203772 -0.04711733 0.02044227
v -0.01413936 -0.04709601 0.01858477
v -0.01748260 -0.04704642 0.02143584
v -0.01802140 -0.04704154 0.02149468
v -0.02082347 -0.04699661 0.01985576
v -0.10997363 -0.04741564 -0.00738939
v -0.10621429 -0.04736126 -0.00793163
v -0.10997245 -0.04741566 -0.00733174
v -0.10606626 -0.04736530 -0.00340473
v -0.10535496 -0.04737164 0.00338943
v -0.10937025 -0.04742527 0.00234174
v -0.10570029 -0.04737157 0.00114498
v -0.10979392 -0.04741947 -0.00239305
v -0.09699232 -0.04718776 0.01646343
v -0.10044111 -0.04724428 0.01787025
v -0.09877511 -0.04720564 0.01504633
v -0.10355076 -0.04729626 0.01511910
v -0.10038057 -0.04724063 0.01343234
v -0.10612458 -0.04736965 0.01182732
v -0.07953542 -0.04704315 0.02001852
v -0.08918692 -0.04716624 0.02149001
v -0.08402836 -0.04708425 0.01981104
v -0.09056747 -0.04717879 0.02133007
v -0.08851091 -0.04712827 0.01937741
v -0.09500336 -0.04721384 0.02045804
v -0.09292321 -0.04716480 0.01842454
v -0.02532000 -0.04696191 0.02014718
v -0.02610032 -0.04699210 0.02192762
v -0.03438424 -0.04693487 0.02028363
v -0.04804895 -0.04699856 0.02204783
v -0.04342260 -0.04694425 0.02028672
v -0.06157298 -0.04700723 0.02205467
v -0.06149175 -0.04695946 0.02022127
v -0.07898423 -0.04707784 0.02198956
v -0.08092875 -0.04709265 0.02194828
v -0.00510168 -0.04731223 0.01732816
v -0.00763673 -0.04722940 0.01878696
v -0.01001541 -0.04722226 0.01682206
v -0.00862847 -0.04719879 0.01925354
v -0.00807217 -0.04728846 0.01563617
v -0.00449748 -0.04733129 0.01691003
v -0.00635862 -0.04733800 0.01416669
v -0.00277811 -0.04737961 0.01540243
v -0.00505680 -0.04736171 0.01233986
v -0.00159940 -0.04740226 0.01381331
v -0.00415422 -0.04737042 0.01026684
v -0.00051608 -0.04741378 0.01148937
v 0.00066096 -0.04741626 0.00637608
v -0.00280807 -0.04736399 0.00362528
v -0.00749058 -0.04688484 0.00328901
v -0.01209787 -0.04594694 0.00295209
v -0.01658822 -0.04456031 0.00261788
v -0.02703088 -0.03922877 0.00181664
v -0.02864015 -0.03785257 0.00064074
v -0.03224491 -0.03484314 0.00053230
v -0.03213436 -0.03487880 0.00010261
v -0.03693557 -0.02974866 0.00007559
v -0.03618947 -0.03065160 0.00007974
v -0.04563484 -0.01330838 0.00015519
v -0.04532485 -0.01431043 0.00016311
v -0.04495271 -0.01542350 0.00017240
v -0.04793467 0.00001799 0.00000623
v -0.04792932 0.00065145 0.00000414
v -0.04791725 0.00128947 0.00000420
v -0.04784355 0.00304933 0.00001658
v -0.04780607 0.00358091 0.00002402
v -0.04732658 0.00757326 0.00008910
v -0.04633931 0.01216635 0.00018811
v -0.04450723 0.01667412 0.00017125
v -0.04528587 0.01446046 0.00015085
v -0.04592687 0.01233433 0.00013247
v -0.04263542 0.02096400 0.00021573
v -0.04362367 0.01884175 0.00019226
v -0.04034973 0.02506213 0.00027415
v -0.04154250 0.02304071 0.00024286
v -0.03906607 0.02701274 0.00031004
v -0.03784801 0.02889927 0.00061974
v -0.01080941 0.04626136 0.00302486
v -0.01534670 0.04499909 0.00268324
v -0.01973333 0.04329751 0.00234725
v -0.02362283 0.04116429 0.00077390
v -0.00147374 0.04741750 0.00371052
v -0.03684821 -0.04241255 0.01206271
v -0.03412899 -0.04420811 0.01401887
v -0.04088150 -0.04418357 0.01395320
v -0.04883156 -0.04239860 0.01166709
v -0.01321862 -0.04709718 0.02073276
v -0.01633121 -0.04705238 0.01916217
v -0.02423809 -0.04652775 0.01783726
v -0.02834742 -0.04649352 0.01807779
v -0.02591338 -0.04612284 0.01683558
v -0.02012840 -0.04658269 0.01722975
v -0.02199337 -0.04617703 0.01627152
v -0.01203299 -0.04715402 0.01780814
v -0.01619045 -0.04668290 0.01602961
v -0.01823426 -0.04627598 0.01514764
v -0.03128948 -0.04557245 0.01602945
v -0.02918295 -0.04497736 0.01485732
v -0.02756211 -0.04560559 0.01584160
v -0.02563662 -0.04502941 0.01438037
v -0.02383005 -0.04565882 0.01532110
v -0.02223014 -0.04512492 0.01340689
v -0.02024826 -0.04575622 0.01427282
v -0.01252552 -0.04681563 0.01411736
v -0.01091583 -0.04686459 0.01281767
v -0.00968273 -0.04688806 0.01118166
v -0.00824143 -0.04689886 0.00732438
v -0.01284794 -0.04596641 0.00657284
v -0.01433310 -0.04675025 0.01515938
v -0.02518083 -0.04269494 0.00967605
v -0.02608585 -0.04353357 0.01170861
v -0.02795025 -0.04257690 0.01087972
v -0.02914941 -0.04344282 0.01253549
v -0.03084695 -0.04248896 0.01163508
v -0.03233272 -0.04339377 0.01292582
v -0.03385372 -0.04244169 0.01198258
v -0.03077437 -0.04423956 0.01388473
v -0.02741108 -0.04429021 0.01345121
v -0.02417748 -0.04438350 0.01255158
v -0.01972912 -0.04455397 0.01014222
v -0.01422638 -0.04595629 0.01002271
v -0.00881943 -0.04689675 0.00931107
v -0.00355855 -0.04737293 0.00807377
v 0.00024646 -0.04741760 0.00867340
v -0.03949539 -0.03762567 0.00840624
v -0.03859464 -0.03621842 0.00742835
v -0.03715206 -0.03766477 0.00822407
v -0.03647033 -0.03628946 0.00700679
v -0.03488276 -0.03773956 0.00773941
v -0.03533345 -0.04138607 0.01105701
v -0.03249937 -0.04143142 0.01075186
v -0.02976594 -0.04151633 0.01006662
v -0.02714166 -0.04163072 0.00896961
v -0.01864985 -0.04457603 0.00887411
v -0.02391540 -0.04273863 0.00884047
v -0.02593538 -0.04167307 0.00820397
v -0.02092312 -0.04273713 0.00228978
v -0.02505458 -0.04049741 0.00197123
v -0.01733780 -0.04458522 0.00582657
v -0.02291743 -0.04275949 0.00774698
v -0.03604805 -0.03484312 0.00567915
v -0.03512895 -0.03487750 0.00522709
v -0.03439781 -0.03638687 0.00629961
v -0.03342328 -0.03642303 0.00578992
v -0.03676824 -0.04023010 0.01015111
v -0.03565384 -0.03901741 0.00904448
v -0.03410253 -0.04027346 0.00988770
v -0.03323445 -0.03909576 0.00849474
v -0.03152833 -0.04035517 0.00927105
v -0.03089266 -0.03920215 0.00760022
v -0.02904675 -0.04046567 0.00827712
v -0.02980372 -0.03924159 0.00696748
v -0.02789938 -0.04050661 0.00757913
v -0.02892842 -0.03926030 0.00612084
v -0.02778578 -0.03926636 0.00403290
v -0.03256038 -0.03485412 0.00137703
v -0.05487588 -0.01969054 -0.00017529
v -0.05433359 -0.02381474 0.00106103
v -0.05679400 -0.01969496 -0.00110526
v -0.05887045 -0.02381988 -0.00074727
v -0.05861359 -0.01969370 -0.00213723
v -0.06032561 -0.01969802 -0.00324550
v -0.04784984 -0.02770337 0.00368208
v -0.04635472 -0.02771763 0.00385076
v -0.04431213 -0.03133663 0.00524013
v -0.04334588 -0.02779335 0.00374482
v -0.04212207 -0.02964598 0.00433797
v -0.04372574 -0.02959097 0.00452982
v -0.04941536 -0.02381039 0.00240275
v -0.05072823 -0.01968563 0.00129460
v -0.04813901 -0.02382103 0.00261178
v -0.04963776 -0.01969368 0.00153913
v -0.04483576 -0.02774244 0.00388565
v -0.04587436 -0.02582367 0.00327742
v -0.04449105 -0.02587018 0.00318475
v -0.04555377 -0.02388248 0.00265949
v -0.04426827 -0.02394316 0.00247597
v -0.04311106 -0.02593665 0.00293989
v -0.04364136 -0.02396573 0.00231065
v -0.04201963 -0.03464907 0.00676394
v -0.04129471 -0.03306475 0.00591846
v -0.03997697 -0.03468344 0.00665919
v -0.03944324 -0.03312781 0.00561659
v -0.03799207 -0.03475055 0.00629861
v -0.03762295 -0.03321535 0.00508073
v -0.03675771 -0.03324786 0.00468362
v -0.03472872 -0.03488752 0.00493600
v -0.03262789 -0.03644007 0.00509599
v -0.03155010 -0.03644478 0.00336379
v -0.03332550 -0.03489756 0.00304334
v -0.03378431 -0.03489931 0.00385789
v -0.03547209 -0.03326829 0.00346346
v -0.03603872 -0.03326302 0.00413151
v -0.03762335 -0.03155239 0.00367537
v -0.03794695 -0.03154705 0.00393465
v -0.03943111 -0.02976042 0.00346457
v -0.03977058 -0.02975210 0.00366094
v -0.04114966 -0.02789230 0.00318480
v -0.04053361 -0.02972332 0.00395651
v -0.04186479 -0.02786544 0.00343394
v -0.03542126 -0.03153590 0.00008404
v -0.03381983 -0.03324724 0.00009306
v -0.03392972 -0.03320996 0.00048132
v -0.04244138 -0.02596140 0.00273419
v -0.04082884 -0.02790005 0.00301684
v -0.03912300 -0.02976542 0.00323850
v -0.03707726 -0.03155727 0.00308375
v -0.03502158 -0.03326620 0.00273353
v -0.03425152 -0.03322109 0.00124011
v -0.04455407 -0.01652632 0.00018210
v -0.04412907 -0.01761842 0.00019226
v -0.04367809 -0.01869888 0.00020311
v -0.04320128 -0.01976728 0.00021480
v -0.04269860 -0.02082358 0.00022741
v -0.04216552 -0.02189832 0.00025633
v -0.04161648 -0.02290021 0.00025776
v -0.04103756 -0.02391196 0.00026887
v -0.03980087 -0.02591175 0.00030484
v -0.03846823 -0.02784620 0.00034430
v -0.03704404 -0.02970860 0.00038705
v -0.03629830 -0.03061220 0.00040958
v -0.04213824 -0.02596849 0.00259295
v -0.04185891 -0.02597270 0.00242808
v -0.04053552 -0.02790469 0.00282227
v -0.04002769 -0.02790888 0.00237318
v -0.03859654 -0.02976997 0.00271993
v -0.03816099 -0.02976736 0.00214959
v -0.03663450 -0.03155488 0.00243531
v -0.03737902 -0.02971978 0.00098355
v -0.03585878 -0.03150838 0.00110879
v -0.03568219 -0.03149394 0.00077342
v -0.03553045 -0.03149718 0.00043282
v -0.04308865 -0.02397587 0.00205731
v -0.04136857 -0.02597639 0.00204468
v -0.03959874 -0.02790602 0.00187733
v -0.03880997 -0.02785730 0.00086491
v -0.03719845 -0.02970508 0.00068840
v -0.04474371 -0.02191385 0.00191572
v -0.04524590 -0.01981970 0.00139161
v -0.04421873 -0.02192299 0.00171136
v -0.04375972 -0.02192573 0.00144712
v -0.04261460 -0.02397901 0.00173560
v -0.04094559 -0.02597311 0.00161946
v -0.04014946 -0.02592282 0.00075335
v -0.04741294 -0.01974281 0.00172028
v -0.05084403 -0.01537418 0.00064874
v -0.05178380 -0.01536862 0.00037432
v -0.05285566 -0.01968288 0.00063553
v -0.05192551 -0.02380589 0.00180383
v -0.05175051 -0.01089837 -0.00004343
v -0.05257651 -0.01089542 -0.00034141
v -0.05359993 -0.01536756 -0.00033619
v -0.02894374 -0.03786309 0.00166577
v -0.02970137 -0.03790276 0.00369396
v -0.03201775 -0.03644617 0.00426587
v -0.03437231 -0.03489362 0.00460551
v -0.03637844 -0.03325731 0.00442562
v -0.03830594 -0.03153818 0.00416106
v -0.03911908 -0.03150754 0.00450598
v -0.04082075 -0.03142510 0.00496247
v -0.04254506 -0.03136610 0.00520805
v -0.04683798 -0.02384051 0.00270699
v -0.04852233 -0.01970887 0.00168706
v -0.04987962 -0.01538521 0.00084086
v -0.04891202 -0.01541114 0.00094104
v -0.05090078 -0.01090519 0.00018339
v -0.05004026 -0.01092301 0.00033557
v -0.04916545 -0.01095076 0.00041585
v -0.04664629 -0.01766059 0.00121787
v -0.04716279 -0.01764389 0.00128120
v -0.04744576 -0.01546474 0.00091803
v -0.04793215 -0.01545014 0.00095399
v -0.04860063 -0.01321708 0.00066500
v -0.04814074 -0.01322952 0.00065297
v -0.04699024 -0.01547117 0.00083628
v -0.04617006 -0.01766804 0.00109945
v -0.04492919 -0.01651067 0.00034824
v -0.04450313 -0.01760657 0.00038509
v -0.04533144 -0.01766562 0.00075025
v -0.04573707 -0.01767030 0.00093666
v -0.04405053 -0.01869059 0.00042398
v -0.04357161 -0.01976217 0.00046495
v -0.04306637 -0.02082128 0.00050798
v -0.04253482 -0.02186785 0.00055307
v -0.04770337 -0.01323488 0.00060348
v -0.04688955 -0.01323041 0.00042566
v -0.04604425 -0.01316198 0.00024939
v -0.04830641 -0.01096547 0.00040243
v -0.04751121 -0.00626764 0.00009913
v -0.04838246 -0.00634842 0.00009598
v -0.04776868 -0.00391021 0.00006233
v -0.04785316 -0.00277670 0.00004422
v -0.04917510 -0.00635461 0.00010118
v -0.04997807 -0.00634553 0.00004353
v -0.05078233 -0.00632825 -0.00008230
v -0.05157182 -0.00631755 -0.00027036
v -0.05309526 -0.00631266 -0.00083593
v -0.05340829 0.01669157 -0.00030302
v -0.05517561 0.01670294 -0.00117489
v -0.05471389 0.02100474 -0.00011380
v -0.05670819 0.02101212 -0.00104484
v -0.05886348 0.02512131 -0.00064509
v -0.05153712 0.01668164 0.00040879
v -0.05261245 0.02098874 0.00069808
v -0.05041348 0.02097384 0.00135728
v -0.05413818 0.02511491 0.00116055
v -0.06039742 0.04129415 0.00913138
v -0.04967470 0.04127692 0.00997576
v -0.06008911 0.03875247 0.00691528
v -0.05076742 0.03873749 0.00795888
v -0.05977838 0.03583532 0.00480320
v -0.05176967 0.03582142 0.00604733
v -0.05946072 0.03256922 0.00282154
v -0.05266424 0.03255782 0.00426270
v -0.05915383 0.02898382 0.00099665
v -0.05345638 0.02897460 0.00262658
v -0.06137808 0.04723126 0.01850861
v -0.04447782 0.04720506 0.01866498
v -0.06118751 0.04641519 0.01614013
v -0.04588704 0.04639113 0.01644260
v -0.06095502 0.04514310 0.01377018
v -0.04722891 0.04512129 0.01423921
v -0.06068959 0.04343044 0.01142514
v -0.04849432 0.04341080 0.01207640
v -0.07201098 0.04757582 0.02080606
v -0.05860750 0.04758625 0.02085871
v -0.04300404 0.04755539 0.02088477
v -0.03600360 0.04714663 0.01869776
v -0.03820108 0.04633518 0.01653489
v -0.04031726 0.04506850 0.01440098
v -0.04233433 0.04336167 0.01231541
v -0.03875317 0.04118230 0.01050787
v -0.04120812 0.03865309 0.00865931
v -0.04348485 0.03574663 0.00691656
v -0.04555427 0.03249437 0.00529730
v -0.04740997 0.02892228 0.00381921
v -0.04903122 0.02507419 0.00249998
v -0.04584434 0.02891129 0.00398309
v -0.04769497 0.02506636 0.00270565
v -0.04927415 0.02096854 0.00159971
v -0.05055945 0.01667861 0.00068216
v -0.05154610 0.01221810 -0.00003010
v -0.04813552 0.02096658 0.00174814
v -0.04698345 0.02097965 0.00177666
v -0.04957725 0.01667835 0.00087546
v -0.04781890 0.01450618 0.00066440
v -0.04737114 0.01450888 0.00061046
v -0.04846102 0.01225150 0.00042965
v -0.04803057 0.01225378 0.00040456
v -0.04901074 0.00766578 0.00009779
v -0.04787426 0.00249884 0.00001055
v -0.04789879 0.00191173 0.00000634
v -0.04873883 0.00301050 -0.00001026
v -0.04776121 0.00411134 0.00003238
v -0.04420646 0.02310106 0.00196441
v -0.04582964 0.02100971 0.00169069
v -0.04481107 0.02308860 0.00210191
v -0.04502855 0.02507647 0.00274559
v -0.04350949 0.02890747 0.00396512
v -0.04192184 0.03247035 0.00537964
v -0.04247982 0.02512905 0.00210585
v -0.04305162 0.02512516 0.00237147
v -0.04369813 0.02511173 0.00254761
v -0.04982322 0.00766081 0.00004350
v -0.04890615 0.01224490 0.00042490
v -0.04756879 0.01671400 0.00097854
v -0.04621883 0.01889490 0.00124548
v -0.04474876 0.02102464 0.00142042
v -0.04575656 0.01671935 0.00059209
v -0.04653880 0.01450170 0.00043478
v -0.04721023 0.01224637 0.00029893
v -0.04820824 0.00765862 0.00009545
v -0.04764725 0.00522585 0.00005011
v -0.03782221 0.03079774 0.00279280
v -0.03930483 0.02897576 0.00243540
v -0.03983065 0.02897711 0.00289384
v -0.04120158 0.02708709 0.00248776
v -0.04013475 0.02897628 0.00309631
v -0.04149101 0.02708619 0.00265951
v -0.04046695 0.02897316 0.00327258
v -0.04180472 0.02708314 0.00280807
v -0.04249591 0.02706889 0.00302606
v -0.04120541 0.02895816 0.00353556
v -0.03903862 0.03079541 0.00376334
v -0.03868700 0.03079862 0.00355764
v -0.03836747 0.03079938 0.00332259
v -0.03625129 0.03254612 0.00316773
v -0.03886155 0.02896931 0.00193466
v -0.04025722 0.02707973 0.00166823
v -0.04069415 0.02708605 0.00209677
v -0.03459868 0.03421281 0.00355892
v -0.03681692 0.03254803 0.00377255
v -0.03715256 0.03254734 0.00404193
v -0.03752444 0.03254406 0.00427873
v -0.03982678 0.03077968 0.00407438
v -0.04401271 0.01882685 0.00038849
v -0.04489673 0.01665036 0.00031408
v -0.04567334 0.01442717 0.00024752
v -0.05063865 0.00765101 -0.00007996
v -0.04980023 0.01222746 0.00034924
v -0.04857650 0.01668976 0.00097300
v -0.04674909 0.01888456 0.00131566
v -0.04526387 0.02102112 0.00158853
v -0.04366408 0.02310479 0.00174957
v -0.04319015 0.02310421 0.00148087
v -0.04276446 0.02309792 0.00118366
v -0.04072398 0.02506533 0.00066118
v -0.04198970 0.02512828 0.00177818
v -0.04155863 0.02512204 0.00141757
v -0.03942923 0.02702447 0.00076838
v -0.03543514 0.03161093 0.00041784
v -0.03452511 0.03251692 0.00008590
v -0.03531897 0.03165265 0.00008148
v -0.03287645 0.03418317 0.00009519
v -0.03464166 0.03247601 0.00044173
v -0.03480056 0.03247253 0.00078950
v -0.03636885 0.03072261 0.00070211
v -0.03620723 0.03072641 0.00039469
v -0.03609146 0.03076892 0.00007722
v -0.03804018 0.02891518 0.00088326
v -0.03655699 0.03073822 0.00100538
v -0.03579368 0.03253949 0.00251088
v -0.03498467 0.03248779 0.00113422
v -0.03599524 0.04115868 0.01047015
v -0.03878375 0.03863262 0.00867556
v -0.04137224 0.03572913 0.00698493
v -0.04372884 0.03248020 0.00541514
v -0.03928442 0.03571607 0.00687504
v -0.03824093 0.03571763 0.00672291
v -0.03722090 0.03572959 0.00649764
v -0.02818513 0.04496534 0.01413006
v -0.02473829 0.04622460 0.01609669
v -0.02647745 0.04495475 0.01385763
v -0.02284555 0.04621289 0.01577413
v -0.02478165 0.04495255 0.01346210
v -0.02096913 0.04620984 0.01531280
v -0.02313954 0.04496401 0.01292613
v -0.01915503 0.04622092 0.01469026
v -0.01570082 0.04627461 0.01296614
v -0.01200176 0.04736058 0.01876053
v -0.01505303 0.04702472 0.01648793
v -0.01527047 0.04736210 0.01970097
v -0.01704215 0.04701401 0.01719933
v -0.02098592 0.04667263 0.01674708
v -0.02844307 0.04325662 0.01166251
v -0.03302905 0.04327997 0.01235181
v -0.03613852 0.04330657 0.01244456
v -0.02990316 0.04497952 0.01430365
v -0.03337923 0.04500874 0.01445171
v -0.02664350 0.04623996 0.01630880
v -0.03049786 0.04627143 0.01651163
v -0.01670110 0.04736969 0.01998496
v -0.03351753 0.03727177 0.00648854
v -0.03520858 0.03577572 0.00584960
v -0.03251176 0.03728990 0.00595623
v -0.03168830 0.03729373 0.00523487
v -0.03347568 0.03579714 0.00473017
v -0.03593059 0.03421110 0.00481710
v -0.03425952 0.03579329 0.00537681
v -0.03553776 0.03421442 0.00454761
v -0.03384513 0.03579663 0.00507310
v -0.03518545 0.03421503 0.00424224
v -0.03286710 0.03579460 0.00396514
v -0.02917433 0.03869798 0.00481761
v -0.02982815 0.03870099 0.00575486
v -0.02790301 0.04001283 0.00628866
v -0.03069195 0.03869716 0.00655370
v -0.02880771 0.04000909 0.00716760
v -0.03175559 0.03867849 0.00714822
v -0.02993011 0.03998998 0.00782692
v -0.03332995 0.03415572 0.00126931
v -0.03239346 0.03578777 0.00313825
v -0.03159554 0.03573894 0.00141012
v -0.02789456 0.03864640 0.00170689
v -0.02868318 0.03869119 0.00380880
v -0.02521797 0.04122164 0.00571511
v -0.02591847 0.04122525 0.00683480
v -0.02686439 0.04122168 0.00779627
v -0.02804614 0.04120225 0.00852292
v -0.02486512 0.04233284 0.00843809
v -0.02178510 0.04334384 0.00795814
v -0.02470816 0.04121482 0.00451455
v -0.02392669 0.04117451 0.00202055
v -0.02757815 0.03863548 0.00065531
v -0.02610647 0.04231314 0.00923451
v -0.02281330 0.04334058 0.00909141
v -0.01856791 0.04503752 0.01042598
v -0.01416678 0.04629510 0.01178687
v -0.01129891 0.04707851 0.01450779
v -0.00965584 0.04709902 0.01316096
v -0.00721201 0.04741589 0.01633305
v -0.00538946 0.04743950 0.01487469
v -0.01745882 0.04504047 0.00911307
v -0.01297993 0.04629771 0.01028775
v -0.00839656 0.04710130 0.01147035
v -0.00423300 0.04744510 0.01346199
v -0.01157642 0.04628584 0.00676336
v -0.01611771 0.04502898 0.00599978
v -0.02050897 0.04333281 0.00524753
v -0.00282719 0.04743811 0.01052722
v -0.00205363 0.04742935 0.00743036
v -0.00693576 0.04708917 0.00753030
v -0.00617362 0.04706994 0.00336848
v -0.00323485 0.04744128 0.01160461
v -0.00751871 0.04709560 0.00955493
v -0.06114331 -0.00167602 -0.01229994
v -0.06136493 -0.00167690 -0.01385776
v -0.06141324 0.00300845 -0.01386005
v -0.06293847 0.01223513 -0.01332518
v -0.06194172 0.00765980 -0.01367920
v -0.06077894 -0.00167294 -0.01076534
v -0.06117984 0.00300828 -0.01230308
v -0.06267337 0.01223531 -0.01148916
v -0.06409235 0.01669743 -0.01070840
v -0.06244554 0.01223150 -0.01058572
v -0.06380870 0.01669338 -0.00967715
v -0.06169543 0.00765919 -0.01202735
v -0.06126685 0.00765703 -0.01041245
v -0.06080413 0.00300775 -0.01077325
v -0.07123347 0.02893201 -0.01041946
v -0.06855857 0.02508382 -0.01134513
v -0.06438760 0.01669600 -0.01281009
v -0.06626703 0.02098827 -0.01214604
v -0.06506535 0.02099530 -0.00738595
v -0.06420007 0.01886948 -0.00807103
v -0.07073620 0.02893804 -0.00710974
v -0.07015910 0.02893631 -0.00551430
v -0.06769412 0.02508556 -0.00711645
v -0.07292750 0.03250741 -0.00373092
v -0.07364841 0.03250752 -0.00555773
v -0.07408241 0.03250539 -0.00745247
v -0.06342328 0.01669846 -0.00868884
v -0.06273803 0.01448417 -0.00923563
v -0.06214789 0.01223398 -0.00970766
v -0.06098358 0.00765945 -0.00964328
v -0.06029029 0.00300803 -0.00928609
v -0.06027187 -0.00167371 -0.00927607
v -0.05964090 -0.00167112 -0.00784883
v -0.06059726 -0.00633424 -0.00888376
v -0.05801237 -0.00166887 -0.00517690
v -0.05888388 -0.00166920 -0.00647568
v -0.05888728 0.00300710 -0.00648332
v -0.05965068 0.00300751 -0.00785776
v -0.05991599 0.00765708 -0.00748597
v -0.06090786 0.01223981 -0.00744165
v -0.06237806 0.01671090 -0.00705733
v -0.06231578 0.01449150 -0.00839621
v -0.06293573 0.01670765 -0.00781723
v -0.06299586 0.01888472 -0.00639754
v -0.06363814 0.01888056 -0.00716343
v -0.07426304 0.03249954 -0.00938113
v -0.07108464 0.02893699 -0.00875271
v -0.06601600 0.02307377 -0.00663735
v -0.06475940 0.02100280 -0.00688419
v -0.05591266 -0.00166799 -0.00285872
v -0.05702198 -0.00166913 -0.00396407
v -0.05700935 0.00300706 -0.00396934
v -0.05800715 0.00300703 -0.00518334
v -0.05807195 0.00765464 -0.00485299
v -0.05905250 0.00765489 -0.00613237
v -0.05936862 0.01223498 -0.00544661
v -0.06042291 0.01223777 -0.00675939
v -0.06115473 0.01670775 -0.00570942
v -0.06178107 0.01670998 -0.00636713
v -0.06290230 0.02101312 -0.00499442
v -0.06815779 0.02705792 -0.00496455
v -0.06770921 0.02706899 -0.00437754
v -0.06665114 0.02510726 -0.00527194
v -0.06620961 0.02511476 -0.00479419
v -0.06527833 0.02308899 -0.00564781
v -0.06525493 0.02512231 -0.00400701
v -0.06443720 0.02309533 -0.00486823
v -0.07058650 0.03255298 -0.00083657
v -0.06827591 0.02897338 -0.00291580
v -0.07128225 0.03254165 -0.00138887
v -0.06883656 0.02896403 -0.00342958
v -0.07190847 0.03252695 -0.00207254
v -0.06934057 0.02895178 -0.00404784
v -0.06721018 0.02707742 -0.00388215
v -0.06706811 0.02898321 -0.00211222
v -0.06425101 0.02512283 -0.00335608
v -0.06909295 0.03256539 -0.00001534
v -0.05401716 0.01222560 -0.00108135
v -0.05576471 0.00765280 -0.00257094
v -0.05552644 0.01223308 -0.00200113
v -0.05691894 0.01223659 -0.00305156
v -0.05683036 0.01670812 -0.00217232
v -0.05837839 0.01670616 -0.00327359
v -0.05860343 0.02100975 -0.00207729
v -0.06040258 0.02100773 -0.00318603
v -0.06322069 0.02512084 -0.00276495
v -0.05465484 0.00300616 -0.00189216
v -0.05589243 0.00300674 -0.00286274
v -0.05697683 0.00765491 -0.00365857
v -0.05819867 0.01223545 -0.00420762
v -0.05982290 0.01670480 -0.00445489
v -0.06209346 0.02101082 -0.00436747
v -0.06368317 0.02101354 -0.00566646
v -0.06442001 0.02100837 -0.00643893
v -0.06566656 0.02308246 -0.00610881
v -0.06704816 0.02509736 -0.00582896
v -0.07772127 0.03573767 -0.01262463
v -0.08138227 0.03863173 -0.01201110
v -0.08531509 0.04115554 -0.01135920
v -0.07772385 0.03868748 0.00234072
v -0.08268418 0.04118765 0.00245669
v -0.09829774 0.04623971 -0.00923346
v -0.09380908 0.04497635 -0.00996438
v -0.09818582 0.04624448 -0.00534317
v -0.10274924 0.04705607 -0.00422462
v -0.10726366 0.04741157 -0.00136907
v -0.08478907 0.04117586 -0.00287139
v -0.08880816 0.04329772 -0.00116968
v -0.09298607 0.04499789 0.00059332
v -0.09793148 0.04625179 -0.00146316
v -0.09728514 0.04626123 0.00240198
v -0.10243378 0.04706318 0.00002488
v -0.10165597 0.04707261 0.00424066
v -0.10698514 0.04741606 0.00152875
v -0.10641681 0.04742233 0.00476216
v -0.08783679 0.04330463 0.00188184
v -0.08629529 0.04331231 0.00471510
v -0.09182708 0.04500568 0.00395012
v -0.09001790 0.04501497 0.00702981
v -0.09591570 0.04626961 0.00606194
v -0.09381363 0.04628012 0.00937582
v -0.10005339 0.04708129 0.00819741
v -0.09763403 0.04709254 0.01172815
v -0.10605864 0.04742524 0.00609374
v -0.10501064 0.04743119 0.00880210
v -0.07130155 0.03582833 0.00225039
v -0.07310979 0.03581338 0.00141070
v -0.07395504 0.03580011 0.00081844
v -0.07471753 0.03578303 0.00006696
v -0.07596394 0.03575943 -0.00179130
v -0.07685270 0.03575775 -0.00386267
v -0.07739064 0.03575451 -0.00602842
v -0.07761423 0.03574790 -0.00824226
v -0.07435074 0.03248997 -0.01319381
v -0.07865070 0.04125813 0.00627816
v -0.07580439 0.03872231 0.00379321
v -0.07681207 0.03870702 0.00316058
v -0.07983233 0.04124109 0.00560580
v -0.07613969 0.04127834 0.00715545
v -0.08160415 0.04338960 0.00883275
v -0.06451819 0.02898277 -0.00093328
v -0.06596173 0.03256666 0.00109615
v -0.06753097 0.03583138 0.00329192
v -0.06919480 0.03874572 0.00562261
v -0.09793577 0.04748746 0.01712438
v -0.09270578 0.04716140 0.01578232
v -0.09451555 0.04713429 0.01467440
v -0.08944618 0.04634679 0.01324236
v -0.09106079 0.04632043 0.01217889
v -0.08618583 0.04507820 0.01067845
v -0.08761150 0.04505305 0.00966780
v -0.08296930 0.04337102 0.00812234
v -0.08421402 0.04334746 0.00717110
v -0.08090537 0.04121941 0.00471875
v -0.08462907 0.04509808 0.01142419
v -0.08769149 0.04636765 0.01401966
v -0.09074892 0.04718287 0.01658636
v -0.07871288 0.04341191 0.00972829
v -0.07573788 0.04341964 0.01023037
v -0.08134335 0.04512220 0.01233702
v -0.07796888 0.04513090 0.01281718
v -0.08400101 0.04639310 0.01494839
v -0.08021741 0.04640247 0.01540934
v -0.08664821 0.04720911 0.01752917
v -0.08245069 0.04721883 0.01797431
v -0.08925142 0.04756288 0.02004612
v -0.08332302 0.04757358 0.02055337
v -0.09712838 0.04749918 0.01763445
v -0.09437694 0.04753107 0.01889056
v -0.09376416 0.04753648 0.01909151
v -0.09046899 0.04755781 0.01986032
v -0.07365584 0.03874011 0.00465173
v -0.07094417 0.04128588 0.00805684
v -0.07274786 0.04342111 0.01056317
v -0.07458115 0.04513287 0.01311021
v -0.07642212 0.04640473 0.01566654
v -0.10419931 0.04743383 0.01033663
v -0.10293352 0.04743725 0.01224850
v -0.10143800 0.04744523 0.01406182
v -0.09986775 0.04746040 0.01561315
v -0.10118087 -0.04688801 -0.00032770
v -0.10147485 -0.04688143 -0.00451198
v -0.10159350 -0.04687706 -0.00866942
v -0.08831124 -0.04272399 -0.01080386
v -0.10045431 -0.04688282 0.00376772
v -0.09892186 -0.04684178 0.00765663
v -0.10405603 -0.04735111 0.00771840
v -0.10482665 -0.04736583 0.00558316
v -0.09659490 -0.04676079 0.01113676
v -0.10180760 -0.04728377 0.01166224
v -0.10304254 -0.04732358 0.00975570
v -0.09819844 -0.04723187 0.01924234
v -0.09503306 -0.04717758 0.01760252
v -0.09358430 -0.04670954 0.01404701
v -0.10645144 -0.04737886 0.01129945
v -0.10793998 -0.04741258 0.00825834
v -0.10840891 -0.04741972 0.00691789
v -0.10908629 -0.04742562 0.00413573
v -0.06799209 -0.02394960 -0.01140293
v -0.06402794 -0.01544079 -0.01282777
v -0.06268715 -0.01095045 -0.01333018
v -0.07678255 -0.03484784 -0.01270062
v -0.07348882 -0.03151757 -0.00949440
v -0.07674336 -0.03485841 -0.00838737
v -0.07335543 -0.03151683 -0.00761756
v -0.07656843 -0.03485716 -0.00623599
v -0.07297245 -0.03149562 -0.00574507
v -0.07608425 -0.03483251 -0.00409998
v -0.07231051 -0.03145194 -0.00393659
v -0.07525912 -0.03478212 -0.00205390
v -0.07408535 -0.03475386 -0.00021651
v -0.07187434 -0.03143486 -0.00308370
v -0.06962976 -0.02781008 -0.00566661
v -0.07015307 -0.02784667 -0.00725043
v -0.07045384 -0.02786416 -0.00887820
v -0.07055772 -0.02786415 -0.01050340
v -0.06157962 -0.00634285 -0.01202607
v -0.06179322 -0.00634564 -0.01367733
v -0.09182312 -0.04669992 0.01514984
v -0.09014811 -0.04577556 0.01159509
v -0.09279860 -0.04582427 0.00882990
v -0.09481388 -0.04590207 0.00556626
v -0.09611683 -0.04594127 0.00197005
v -0.09671248 -0.04594579 -0.00178249
v -0.09694264 -0.04593894 -0.00560489
v -0.09703347 -0.04593429 -0.00939784
v -0.06767024 -0.02393493 -0.00859733
v -0.06726137 -0.02390460 -0.00722053
v -0.06928302 -0.02779611 -0.00491378
v -0.07135745 -0.03142839 -0.00229317
v -0.07335512 -0.03475072 0.00053259
v -0.07614818 -0.03773901 0.00280872
v -0.07517733 -0.03773237 0.00343833
v -0.07796414 -0.04034936 0.00585697
v -0.07310116 -0.03770990 0.00429548
v -0.09259117 -0.04454496 -0.01011121
v -0.09252553 -0.04454978 -0.00667498
v -0.08813904 -0.04273564 -0.00459260
v -0.09235050 -0.04455676 -0.00320793
v -0.08775678 -0.04273243 -0.00151305
v -0.09186947 -0.04455294 0.00020488
v -0.08684582 -0.04269814 0.00148648
v -0.09077359 -0.04451605 0.00350330
v -0.08538087 -0.04262938 0.00427600
v -0.08904576 -0.04444241 0.00653517
v -0.08339021 -0.04258763 0.00669683
v -0.08673579 -0.04439694 0.00913569
v -0.08535405 -0.04438912 0.01013995
v -0.08858001 -0.04576675 0.01265243
v -0.08687373 -0.04575538 0.01342514
v -0.08991648 -0.04668770 0.01594986
v -0.08327837 -0.04572191 0.01435161
v -0.08591390 -0.04665239 0.01689056
v -0.07961851 -0.04568106 0.01481407
v -0.08184370 -0.04660962 0.01733673
v -0.07594576 -0.04564284 0.01507847
v -0.07776198 -0.04656966 0.01756987
v -0.06114637 -0.04556662 0.01559212
v -0.06134560 -0.04648908 0.01791652
v -0.04626497 -0.04555480 0.01593019
v -0.04487754 -0.04647549 0.01810692
v -0.03879806 -0.04554641 0.01603711
v -0.03662929 -0.04646665 0.01815334
v -0.04758411 -0.04419174 0.01377681
v -0.06091054 -0.04420200 0.01327274
v -0.06064974 -0.04240789 0.01098310
v -0.07412130 -0.04427311 0.01257367
v -0.07231610 -0.04247369 0.01008480
v -0.07739191 -0.04430916 0.01227345
v -0.07519550 -0.04250730 0.00974524
v -0.08064809 -0.04434761 0.01179160
v -0.07805879 -0.04254304 0.00924155
v -0.08384326 -0.04437877 0.01088100
v -0.08086481 -0.04257163 0.00834807
v -0.08218675 -0.04258087 0.00764206
v -0.07910554 -0.04035736 0.00518843
v -0.08014011 -0.04036294 0.00430650
v -0.07702461 -0.03774333 0.00199272
v -0.08183407 -0.04040048 0.00207582
v -0.07844587 -0.03777624 -0.00004195
v -0.08306085 -0.04046362 -0.00046549
v -0.07945940 -0.03783312 -0.00233388
v -0.08380853 -0.04049492 -0.00316899
v -0.08006505 -0.03786111 -0.00474822
v -0.08410728 -0.04049746 -0.00592502
v -0.08029497 -0.03786291 -0.00719376
v -0.08422300 -0.04048603 -0.01147009
v -0.08036643 -0.03785167 -0.01210424
v -0.03941845 -0.04020359 0.01017765
v -0.04182045 -0.03760199 0.00838038
v -0.04999212 -0.04019232 0.00962128
v -0.05106029 -0.03759333 0.00765969
v -0.06036303 -0.04020053 0.00874789
v -0.06005939 -0.03760018 0.00659180
v -0.07054435 -0.04026025 0.00764120
v -0.06883038 -0.03765307 0.00527223
v -0.07304733 -0.04029106 0.00725983
v -0.07553241 -0.04032369 0.00673250
v -0.06865791 -0.03140618 -0.00023834
v -0.07009392 -0.03142229 -0.00105908
v -0.06785623 -0.02778785 -0.00307659
v -0.06839129 -0.02779060 -0.00359026
v -0.06629130 -0.02388971 -0.00537765
v -0.06666676 -0.02388988 -0.00593678
v -0.06476333 -0.01974392 -0.00744770
v -0.06247217 -0.01094540 -0.01150016
v -0.06379744 -0.01543378 -0.01074092
v -0.06227044 -0.01093346 -0.01059148
v -0.06354830 -0.01541660 -0.00970639
v -0.06199836 -0.01092940 -0.00970774
v -0.06319770 -0.01541000 -0.00871402
v -0.06297974 -0.01541124 -0.00825608
v -0.06447509 -0.01974463 -0.00694281
v -0.06415313 -0.01974383 -0.00649613
v -0.06587136 -0.02388781 -0.00489915
v -0.06542258 -0.02388368 -0.00448251
v -0.06728619 -0.02778259 -0.00264475
v -0.06669779 -0.02777517 -0.00227308
v -0.06118357 -0.00633403 -0.01040085
v -0.06183318 -0.01093065 -0.00928778
v -0.06273744 -0.01541123 -0.00783690
v -0.06124900 -0.01092802 -0.00814013
v -0.06165128 -0.01093091 -0.00889083
v -0.06091168 -0.00633561 -0.00962730
v -0.06427950 -0.02773927 -0.00109351
v -0.06400938 -0.02386249 -0.00346192
v -0.06303407 -0.02384758 -0.00287056
v -0.06271283 -0.01972534 -0.00505254
v -0.06522142 -0.01975423 -0.00857493
v -0.06699032 -0.02389328 -0.00656083
v -0.06887005 -0.02779143 -0.00420926
v -0.07076009 -0.03142637 -0.00161029
v -0.07254326 -0.03474537 0.00112277
v -0.07080034 -0.03472607 0.00196152
v -0.06567921 -0.03136283 0.00087553
v -0.06720206 -0.03467588 0.00300723
v -0.05944609 -0.03132295 0.00261582
v -0.05975244 -0.03462944 0.00453955
v -0.05290880 -0.03131739 0.00407025
v -0.05203622 -0.03462327 0.00580258
v -0.04605671 -0.03131941 0.00511591
v -0.04404167 -0.03462857 0.00668758
v -0.03267747 -0.03784159 0.00694051
v -0.03164622 -0.03787945 0.00637056
v -0.03081119 -0.03789735 0.00560156
v -0.05914609 -0.02770708 0.00084531
v -0.06099229 -0.02382654 -0.00177287
v -0.06194822 -0.01971393 -0.00442626
v -0.06164164 -0.01539856 -0.00638769
v -0.05367266 -0.02770324 0.00248297
v -0.05415653 -0.01089649 -0.00109306
v -0.05530471 -0.01537415 -0.00120571
v -0.05690100 -0.01537765 -0.00220062
v -0.05839120 -0.01537618 -0.00329987
v -0.05976899 -0.01537880 -0.00447907
v -0.06104908 -0.01539026 -0.00573129
v -0.05144198 0.00764585 -0.00026785
v -0.05184409 0.00300596 -0.00050674
v -0.05330163 0.00300578 -0.00109459
v -0.05333736 -0.00166474 -0.00109253
v -0.05468334 -0.00166580 -0.00188928
v -0.05451755 -0.00631430 -0.00161684
v -0.05582363 -0.00631888 -0.00256770
v -0.05562216 -0.01090270 -0.00200994
v -0.05701209 -0.00632142 -0.00365254
v -0.05697407 -0.01090620 -0.00305722
v -0.05808401 -0.00632111 -0.00484441
v -0.05821379 -0.01090568 -0.00421050
v -0.05903767 -0.00632235 -0.00612113
v -0.05933749 -0.01090788 -0.00544661
v -0.05988089 -0.00632739 -0.00747192
v -0.06035639 -0.01091631 -0.00675629
v -0.06081799 -0.01092229 -0.00743699
v -0.05068412 0.01221871 0.00019817
v -0.06553917 -0.01977769 -0.00976707
v -0.06580395 -0.01978814 -0.01218154
v -0.10174101 0.04462288 0.02821520
v -0.10472049 0.04460926 0.02761004
v -0.10719521 0.04275705 0.02956342
v -0.15627337 0.00122466 0.00032241
v -0.14988238 0.02368103 -0.00080748
v -0.14435340 0.03132613 -0.00175999
v -0.14105429 0.03470249 -0.00231847
v -0.13526328 0.03774569 0.01451955
v -0.13616164 0.03774360 0.01111431
v -0.13968170 0.03470640 0.01231780
v -0.13155577 0.04041016 0.01309144
v -0.13237141 0.04040777 0.00983049
v -0.12761720 0.04267645 0.01158665
v -0.12834831 0.04267367 0.00847869
v -0.13409284 0.00122598 0.03799946
v -0.13818491 0.00122576 0.03649485
v -0.13810025 -0.00347417 0.03640917
v -0.15540268 0.00122465 0.01332292
v -0.15594144 0.00122467 0.00900464
v -0.15581040 -0.00348194 0.00895097
v -0.15614764 -0.00348201 0.00028723
v 0.03975648 -0.02557467 0.00801984
v 0.03789680 -0.02147366 0.02807669
v 0.03964746 -0.02148505 0.02438796
v 0.04165630 -0.01719612 0.02490507
v 0.03213516 0.03467342 0.00741809
v 0.04084022 0.00357488 0.03333817
v 0.04059644 0.00591662 0.03325560
v 0.03910282 0.00591494 0.03480124
v 0.03912847 0.01282218 0.03273802
v 0.03840163 0.01507058 0.03248056
v 0.03692193 0.01506530 0.03397594
v 0.04022848 0.00824146 0.03312705
v 0.03973847 0.01054377 0.03295402
v 0.03825023 0.01054018 0.03448003
v 0.03756185 0.01727926 0.03218316
v 0.03661171 0.01944376 0.03184732
v 0.03514404 0.01943697 0.03330213
v 0.01158117 0.04590422 0.00570035
v 0.02851207 0.03770913 0.00711711
v 0.02778010 0.03770998 0.01418764
v 0.03143236 0.03467426 0.01478484
v 0.01609616 0.04449371 0.00608177
v 0.00050580 -0.04710950 0.01697381
v -0.01286276 0.04730355 0.02147336
v -0.10764372 0.04737911 0.01191730
v -0.10968214 0.04737081 0.00746126
v -0.11071315 0.04736212 0.00263919
v -0.11132751 0.04735214 -0.00717820
v -0.10463783 0.04738941 0.01578187
v -0.10086533 0.04742948 0.01893705
v -0.09872018 0.04745681 0.02012356
v -0.09641770 0.04747878 0.02098672
v -0.09160905 0.04750580 0.02198685
v -0.08176684 0.04751783 0.02263106
v -0.04235651 0.04749838 0.02267670
v -0.06205840 0.04752490 0.02271677
v -0.01772243 0.04733565 0.02216455
v -0.02264830 0.04737010 0.02246830
v -0.00813530 0.04730073 0.02009642
v 0.00072073 0.04737701 0.01213088
v -0.00035603 0.04738194 0.01434194
v -0.00187813 0.04737426 0.01625534
v 0.00142378 0.04737078 0.00977324
v 0.00225449 0.04735968 0.00489717
v 0.00315134 -0.04715282 0.01265386
v 0.00386742 -0.04715715 0.01017702
v 0.00854034 -0.04641467 0.01096260
v -0.00146738 -0.04705351 0.01860002
v -0.00594861 -0.04692101 0.02103149
v -0.01086096 -0.04682980 0.02248145
v -0.06211613 -0.04675596 0.02386024
v -0.08265846 -0.04684430 0.02382051
v -0.10034020 -0.04697892 0.02131081
v -0.09792651 -0.04696632 0.02218164
v -0.09289335 -0.04693022 0.02318735
v -0.10657323 -0.04704506 0.01692490
v -0.10977355 -0.04712734 0.01297950
v -0.11196212 -0.04716822 0.00838545
v -0.11356494 -0.04716842 -0.00169070
v -0.11375767 -0.04716518 -0.00679003
v -0.11838839 -0.04643369 -0.00605581
v -0.01425890 0.04683622 0.02423630
v -0.06213878 0.04463868 0.02918127
v -0.03626005 0.04274995 0.03098952
v -0.03778253 0.04461046 0.02902093
v -0.02336653 0.04269698 0.03094039
v -0.02561202 0.04455483 0.02895738
v -0.01050164 0.04263701 0.03066725
v -0.01346683 0.04449115 0.02869818
v -0.00739868 0.04445993 0.02827836
v -0.01080591 0.04587424 0.02627980
v -0.00518272 0.04584375 0.02544089
v -0.00901490 0.04680448 0.02346966
v -0.00392347 0.04680172 0.02195146
v -0.00380201 0.04734950 0.01779488
v 0.00695181 0.04686252 0.00530470
v 0.01076730 0.04590961 0.01137241
v 0.00612772 0.04687058 0.01058496
v 0.01004080 0.04591553 0.01413320
v 0.00541098 0.04687673 0.01314657
v 0.00890726 0.04592039 0.01674741
v 0.00430230 0.04688174 0.01556053
v 0.00727811 0.04591302 0.01905276
v 0.00272169 0.04687425 0.01766945
v 0.00517909 0.04588908 0.02095347
v 0.00070483 0.04684985 0.01938755
v 0.00280646 0.04586147 0.02251957
v 0.00026673 0.04584163 0.02378378
v -0.02119470 0.04041504 0.03283541
v -0.00764289 0.04035976 0.03255484
v -0.00407491 0.04260794 0.03021529
v -0.00140570 0.04443131 0.02737063
v 0.02045203 0.04264458 0.00644660
v 0.01967162 0.04264664 0.01285612
v 0.01529684 0.04449706 0.01213099
v 0.01893765 0.04265194 0.01599553
v 0.01456466 0.04450266 0.01508483
v 0.01777475 0.04265628 0.01899570
v 0.01341321 0.04450728 0.01789500
v 0.01607694 0.04264919 0.02168822
v 0.01174520 0.04450002 0.02039558
v 0.01384539 0.04262672 0.02395666
v 0.00957475 0.04447669 0.02248054
v 0.01124830 0.04260067 0.02582801
v 0.00708557 0.04444974 0.02419963
v 0.00840731 0.04258158 0.02731890
v 0.00439186 0.04443019 0.02557804
v 0.00539180 0.04257594 0.02843543
v 0.00153955 0.04442483 0.02661677
v 0.00227486 0.04258159 0.02924249
v 0.02460860 0.04037292 0.00679249
v 0.02385047 0.04037420 0.01354321
v 0.02705223 0.03771434 0.01767041
v 0.02311792 0.04037911 0.01685937
v 0.02588268 0.03771769 0.02102614
v 0.02194905 0.04038303 0.02004195
v 0.02414860 0.03771089 0.02408416
v 0.02022934 0.04037611 0.02292098
v 0.02182294 0.03769048 0.02670771
v 0.01794611 0.04035462 0.02536975
v 0.01903674 0.03766669 0.02887347
v 0.01524976 0.04032965 0.02739064
v 0.01592548 0.03764874 0.03057910
v 0.01226905 0.04031110 0.02899103
v 0.01260844 0.03764236 0.03184169
v 0.00909801 0.04030513 0.03018242
v 0.00917354 0.03764580 0.03274689
v 0.00581721 0.04030975 0.03104005
v 0.00216116 0.03766613 0.03383743
v -0.00087373 0.04033334 0.03207387
v -0.00493022 0.03768940 0.03434433
v 0.03544592 0.03129056 0.00769310
v 0.03133954 0.02361747 0.03372535
v 0.03438890 0.02363359 0.03106640
v 0.03680766 0.02364727 0.02784731
v 0.03854429 0.02365248 0.02419071
v 0.03903899 0.01945513 0.02851723
v 0.04076806 0.01945961 0.02475087
v 0.03999186 0.01728940 0.02880489
v 0.04255431 0.01508306 0.02520348
v 0.04083360 0.01507942 0.02905941
v 0.04156183 0.01282966 0.02927957
v 0.04388605 0.01055239 0.02554093
v 0.04217277 0.01054980 0.02946416
v 0.04266345 0.00824593 0.02961196
v 0.04474038 0.00592070 0.02575566
v 0.04303204 0.00591944 0.02972178
v 0.04327660 0.00357597 0.02979239
v 0.04510277 0.00122661 0.02584008
v 0.04684805 0.00122665 0.01731067
v 0.04699693 0.00591974 0.00866654
v 0.04648761 0.00592052 0.01725673
v 0.04616860 0.01055008 0.00859657
v 0.04564518 0.01055172 0.01711882
v 0.04487782 0.01507925 0.00848657
v 0.04433208 0.01508155 0.01690151
v 0.04314261 0.01945458 0.00833888
v 0.04256867 0.01945714 0.01660940
v 0.04097450 0.02364666 0.00815584
v 0.04036913 0.02364902 0.01624708
v 0.03840240 0.02760229 0.00793980
v 0.03776401 0.02760435 0.01581916
v 0.03477458 0.03129198 0.01533021
v 0.03931501 -0.00346029 0.03484959
v 0.03946109 0.00122807 0.03492641
v 0.03764417 -0.00345757 0.03622556
v 0.03778949 0.00122849 0.03630667
v 0.03391940 -0.00345269 0.03847110
v 0.03406081 0.00122925 0.03855863
v 0.02990694 -0.00344941 0.04008899
v 0.03004316 0.00122973 0.04018052
v 0.02573081 -0.00344763 0.04122484
v 0.02586211 0.00122997 0.04131867
v 0.01728077 0.00123004 0.04267735
v 0.04081178 -0.00346300 0.03330149
v 0.04094755 -0.00111835 0.03336059
v 0.04095749 0.00122765 0.03337326
v 0.03867629 -0.00812270 0.03458099
v 0.03701144 -0.00811745 0.03594261
v 0.03330582 -0.00810794 0.03816644
v 0.02931626 -0.00810130 0.03977053
v 0.02516387 -0.00809740 0.04089791
v 0.01715927 -0.00344663 0.04258128
v 0.00863078 0.00122992 0.04329150
v 0.03905101 -0.01270597 0.03262937
v 0.03966969 -0.01042928 0.03285990
v 0.04017059 -0.00812791 0.03304972
v 0.04055202 -0.00580298 0.03319739
v 0.03747043 -0.01716968 0.03205188
v 0.03831663 -0.01495613 0.03235956
v 0.03756249 -0.01269818 0.03413307
v 0.04339502 0.00122693 0.02982260
v 0.04338661 -0.00112092 0.02981221
v 0.04496492 -0.00346966 0.02579079
v 0.04325258 -0.00346753 0.02976225
v 0.04433528 -0.00814089 0.02561371
v 0.04299455 -0.00580958 0.02967390
v 0.04261468 -0.00813664 0.02954829
v 0.04322772 -0.01272557 0.02531606
v 0.04211497 -0.01044018 0.02938657
v 0.04149690 -0.01271906 0.02918990
v 0.03545742 -0.02145156 0.03132870
v 0.03991507 -0.01718723 0.02869631
v 0.04076234 -0.01497144 0.02895943
v 0.03706403 0.02760722 0.01972747
v 0.03968108 0.02365128 0.02026802
v 0.04189249 0.01945887 0.02072613
v 0.04366690 0.01508272 0.02109584
v 0.04498885 0.01055236 0.02137124
v 0.04583683 0.00592076 0.02154639
v 0.04619806 0.00122659 0.02161537
v 0.04606494 -0.00346991 0.02157552
v 0.04544456 -0.00814165 0.02143148
v 0.04434919 -0.01272693 0.02118892
v 0.04279128 -0.01719820 0.02085349
v 0.04079625 -0.02148797 0.02043087
v 0.04671953 -0.00346963 0.01727857
v 0.04610789 -0.00814137 0.01716405
v 0.04502410 -0.01272674 0.01697151
v 0.04347919 -0.01719817 0.01670535
v 0.04149777 -0.02148825 0.01636996
v 0.04212488 -0.02148842 0.00822127
v 0.04407260 -0.01719728 0.00839007
v 0.04558645 -0.01272530 0.00852399
v 0.04664346 -0.00813987 0.00862080
v 0.04723552 -0.00346849 0.00867825
v -0.00323527 -0.04491028 0.02634587
v -0.00175621 -0.04618464 0.02284205
v 0.00238960 -0.04499501 0.02462358
v 0.00500455 -0.04505614 0.02330688
v 0.00920414 -0.04342168 0.02493360
v 0.01175206 -0.04348197 0.02314774
v 0.01591528 -0.04141656 0.02457052
v 0.01818294 -0.04146359 0.02222792
v 0.02220056 -0.03898985 0.02341042
v 0.02393994 -0.03901361 0.02046323
v 0.02772984 -0.03615242 0.02140266
v 0.02891364 -0.03615935 0.01798156
v 0.03240898 -0.03294322 0.01869638
v 0.03314540 -0.03294486 0.01499249
v 0.03629739 -0.02940875 0.01550914
v 0.03387029 -0.03294937 0.00752802
v 0.00070206 -0.04624819 0.02163767
v 0.00743923 -0.04511951 0.02167077
v 0.01396113 -0.04353203 0.02098381
v 0.01990179 -0.04148944 0.01946099
v 0.02512322 -0.03902159 0.01720783
v 0.02965747 -0.03616145 0.01442423
v 0.03040993 -0.03616690 0.00724210
v 0.02262525 -0.04150748 0.00660142
v 0.00301539 -0.04631397 0.02015105
v 0.00957998 -0.04517213 0.01968729
v 0.01565138 -0.04355971 0.01840317
v 0.02107946 -0.04149839 0.01638087
v 0.02587158 -0.03902423 0.01380874
v 0.02664798 -0.03903032 0.00693248
v 0.00205738 -0.04714097 0.01496843
v 0.00780981 -0.04641054 0.01363716
v 0.01312281 -0.04521582 0.01172297
v 0.00668493 -0.04639921 0.01614967
v 0.01238206 -0.04521201 0.01458988
v 0.01756462 -0.04357297 0.01245371
v 0.01837595 -0.04357813 0.00625115
v 0.01394509 -0.04521951 0.00588391
v 0.00936927 -0.04641626 0.00550196
v 0.00469860 -0.04715605 0.00510753
v 0.00507766 -0.04636863 0.01834756
v 0.01123325 -0.04520140 0.01729699
v 0.01681761 -0.04356952 0.01550633
v 0.02182904 -0.04150147 0.01315044
v -0.15295956 -0.01723098 -0.00032436
v -0.15448263 -0.01275138 -0.00004206
v -0.15554763 -0.00815866 0.00016377
v -0.13930006 -0.03620886 -0.00267655
v -0.14275260 -0.03298977 -0.00210035
v -0.14587614 -0.02944453 -0.00157114
v -0.14863597 -0.02561013 -0.00109480
v -0.15100466 -0.02152690 -0.00067724
v -0.14701729 -0.02561241 0.01475627
v -0.14933048 -0.02152836 0.01558570
v -0.15014046 -0.02152766 0.01157027
v -0.15124387 -0.01723211 0.01628641
v -0.15208365 -0.01723155 0.01218861
v -0.15273836 -0.01275230 0.01684677
v -0.15360126 -0.01275186 0.01268338
v -0.15378805 -0.00815928 0.01725511
v -0.15466671 -0.00815898 0.01304425
v -0.15438388 -0.00348215 0.01749980
v -0.15527093 -0.00348203 0.01326088
v -0.15451463 0.00122463 0.01756917
v -0.11279789 0.00122591 0.04170334
v -0.11275585 -0.00347167 0.04163673
v -0.09543710 -0.00346603 0.04254937
v -0.09530278 -0.00812583 0.04227981
v -0.06086243 -0.00811282 0.04256633
v -0.06095719 -0.01267655 0.04206915
v -0.02683277 -0.01266678 0.04231525
v -0.02745674 -0.01711026 0.04157610
v -0.01065719 -0.01709787 0.04175916
v -0.01176905 -0.02135471 0.04079746
v 0.00468010 -0.02135144 0.04054091
v 0.00295557 -0.02540137 0.03938943
v 0.01095859 -0.02540978 0.03881738
v 0.00873917 -0.02921361 0.03751824
v 0.01646343 -0.02923498 0.03630879
v 0.01372874 -0.03274578 0.03490845
v 0.02023398 -0.02925378 0.03530412
v 0.01737625 -0.03276776 0.03394197
v 0.02385980 -0.02928107 0.03389287
v 0.02088488 -0.03279919 0.03258936
v 0.02724924 -0.02931671 0.03196511
v 0.02417080 -0.03283986 0.03075001
v 0.03022590 -0.02935440 0.02949100
v 0.02708120 -0.03288267 0.02839936
v 0.03263792 -0.02938575 0.02649623
v 0.02946945 -0.03291824 0.02555377
v 0.03439882 -0.02940242 0.02306423
v 0.03122909 -0.03293728 0.02227207
v 0.03557095 -0.02940746 0.01934665
v -0.11252251 -0.00813685 0.04137954
v -0.11209483 -0.01271407 0.04093723
v -0.09504977 -0.01269670 0.04181857
v -0.09467214 -0.01715079 0.04117250
v -0.06107626 -0.01712282 0.04137839
v -0.06121393 -0.02138356 0.04050403
v -0.02824204 -0.02136870 0.04064669
v -0.02917806 -0.02541721 0.03954018
v -0.01310023 -0.02540252 0.03965595
v -0.01463129 -0.02920084 0.03834939
v 0.00096677 -0.02920221 0.03807415
v -0.00125159 -0.03270606 0.03661078
v 0.00626091 -0.03272017 0.03607374
v 0.00354101 -0.03590729 0.03449966
v 0.01072545 -0.03593731 0.03338341
v 0.00748939 -0.03877583 0.03174915
v 0.01423683 -0.03596248 0.03245886
v 0.01085296 -0.03880414 0.03086991
v 0.01761570 -0.03599801 0.03117001
v 0.01409089 -0.03884362 0.02964929
v 0.02078642 -0.03604357 0.02942603
v 0.01713584 -0.03889383 0.02800645
v 0.02362051 -0.03609133 0.02720777
v 0.01988393 -0.03894629 0.02592768
v 0.02597713 -0.03613099 0.02452210
v -0.11146810 -0.01717518 0.04031531
v -0.11064748 -0.02145112 0.03951924
v -0.09417149 -0.02141943 0.04034842
v -0.09354747 -0.02547616 0.03935316
v -0.06136502 -0.02543319 0.03945608
v -0.06152153 -0.02923288 0.03824450
v -0.03024927 -0.02921592 0.03826971
v -0.03143181 -0.03271864 0.03684844
v -0.01633294 -0.03270267 0.03689257
v -0.01819453 -0.03588419 0.03530030
v -0.00368452 -0.03589022 0.03501501
v -0.00630234 -0.03872116 0.03330255
v 0.00061221 -0.03874134 0.03281176
v -0.00248839 -0.04119270 0.03102580
v 0.00406047 -0.04123129 0.03002115
v 0.00047256 -0.04328376 0.02821490
v 0.00726593 -0.04126246 0.02919027
v 0.00351087 -0.04331746 0.02743507
v 0.01035299 -0.04130551 0.02804167
v 0.00643833 -0.04336363 0.02636161
v 0.01326264 -0.04135991 0.02650455
v -0.10963491 -0.02551492 0.03855453
v -0.10843270 -0.02932897 0.03742664
v -0.09279900 -0.02928303 0.03819356
v -0.09192250 -0.03279670 0.03687646
v -0.06167003 -0.03273794 0.03687930
v -0.06181228 -0.03592091 0.03537046
v -0.03271927 -0.03590035 0.03528954
v -0.03409395 -0.03872771 0.03360615
v -0.02019236 -0.03871199 0.03358734
v -0.02229787 -0.04115758 0.03176848
v -0.00907086 -0.04116966 0.03148912
v -0.01196174 -0.04321588 0.02959041
v -0.00572973 -0.04324151 0.02915754
v -0.00907659 -0.04486478 0.02722274
v -0.00702897 -0.04609601 0.02442956
v -0.13555717 -0.03906749 -0.00329383
v -0.13155378 -0.04154214 -0.00394630
v -0.12732317 -0.04361076 -0.00462805
v -0.12292020 -0.04524641 -0.00533319
v -0.15520328 -0.00815871 0.00876458
v -0.15413105 -0.01275145 0.00845436
v -0.15260237 -0.01723104 0.00802920
v -0.15064403 -0.02152700 0.00749799
v -0.14827526 -0.02561053 0.00686962
v -0.14551932 -0.02944522 0.00615298
v -0.14432679 -0.02944761 0.01380979
v -0.14240356 -0.03299038 0.00535698
v -0.14128491 -0.03299285 0.01275790
v -0.13896316 -0.03620961 0.00449048
v -0.13792594 -0.03621238 0.01161226
v -0.13523641 -0.03906862 0.00356240
v -0.13428639 -0.03907188 0.01038451
v -0.13125297 -0.04154358 0.00258162
v -0.13039443 -0.04154724 0.00908631
v -0.12704605 -0.04361251 0.00155702
v -0.12628178 -0.04361653 0.00772930
v -0.12266932 -0.04524861 0.00049751
v -0.12199964 -0.04525309 0.00632514
v -0.11816581 -0.04643644 -0.00058803
v -0.11758910 -0.04644149 0.00488547
v -0.11307776 -0.04717396 0.00342195
v -0.12050697 -0.04524702 0.01193716
v -0.12459082 -0.04361059 0.01364932
v -0.12558956 -0.04361605 0.01074383
v -0.12850352 -0.04154166 0.01530086
v -0.12961741 -0.04154677 0.01225558
v -0.13219823 -0.03906672 0.01687811
v -0.13342582 -0.03907142 0.01370087
v -0.13564645 -0.03620761 0.01836746
v -0.13698442 -0.03621190 0.01506689
v -0.13882333 -0.03298873 0.01975526
v -0.14026652 -0.03299247 0.01634086
v -0.14169592 -0.02944436 0.02102788
v -0.14323710 -0.02944742 0.01751000
v -0.14423256 -0.02560963 0.02217169
v -0.14586298 -0.02561222 0.01856150
v -0.14641064 -0.02152601 0.02317304
v -0.14811967 -0.02152815 0.01948258
v -0.14821012 -0.01723037 0.02401830
v -0.14998563 -0.01723197 0.02026046
v -0.14961395 -0.01275118 0.02469384
v -0.15144259 -0.01275226 0.02088235
v -0.15059878 -0.00815865 0.02518602
v -0.15246567 -0.00815930 0.02133545
v -0.15115704 -0.00348179 0.02548120
v -0.15304631 -0.00348213 0.02160698
v -0.15127897 0.00122467 0.02556575
v -0.15317382 0.00122463 0.02168414
v -0.11021239 -0.04631461 0.01909719
v -0.11371913 -0.04513007 0.02119572
v -0.11583254 -0.04517088 0.01921804
v -0.11708086 -0.04349947 0.02320892
v -0.11940139 -0.04353818 0.02120332
v -0.12027145 -0.04143798 0.02512519
v -0.12279803 -0.04147404 0.02310186
v -0.12325681 -0.03897156 0.02693297
v -0.12598501 -0.03900459 0.02490067
v -0.12601888 -0.03612166 0.02862067
v -0.12894146 -0.03615142 0.02658682
v -0.12854354 -0.03291303 0.03017669
v -0.13165040 -0.03293920 0.02814733
v -0.13080889 -0.02937971 0.03158946
v -0.13408695 -0.02940205 0.02956926
v -0.13279271 -0.02555535 0.03284740
v -0.13622639 -0.02557404 0.03083964
v -0.13448288 -0.02148191 0.03393892
v -0.13805373 -0.02149702 0.03194551
v -0.13586845 -0.01719658 0.03485244
v -0.13955559 -0.01720811 0.03287392
v -0.13694036 -0.01272719 0.03557638
v -0.14072074 -0.01273535 0.03361191
v -0.13768452 -0.00814351 0.03609915
v -0.14153256 -0.00814863 0.03414652
v -0.14198844 -0.00347671 0.03446480
v -0.14208379 0.00122540 0.03455378
v -0.11628944 -0.04643554 0.01017799
v -0.11379921 -0.04639529 0.01501976
v -0.11520036 -0.04642145 0.01267844
v -0.11770324 -0.04520797 0.01701045
v -0.11927513 -0.04523330 0.01456807
v -0.12146705 -0.04357341 0.01893777
v -0.12321290 -0.04359751 0.01640327
v -0.12505847 -0.04150693 0.02078792
v -0.12697871 -0.04152944 0.01817004
v -0.12843668 -0.03903482 0.02254708
v -0.13052855 -0.03905550 0.01985436
v -0.13157804 -0.03617874 0.02420148
v -0.13383619 -0.03619745 0.02144221
v -0.13446270 -0.03296331 0.02573729
v -0.13687915 -0.03297981 0.02291959
v -0.13706283 -0.02942273 0.02714072
v -0.13962683 -0.02943683 0.02427247
v -0.13935119 -0.02559144 0.02839797
v -0.14204963 -0.02560330 0.02548684
v -0.14131001 -0.02151117 0.02949523
v -0.14412721 -0.02152084 0.02654868
v -0.14292344 -0.01721901 0.03041870
v -0.14584142 -0.01722644 0.02744399
v -0.14417806 -0.01274314 0.03115458
v -0.14717692 -0.01274842 0.02815874
v -0.14505482 -0.00815358 0.03168907
v -0.14811230 -0.00815693 0.02867893
v -0.14554916 -0.00347921 0.03200836
v -0.14864135 -0.00348091 0.02899054
v -0.14565457 0.00122504 0.03209866
v -0.14875577 0.00122480 0.02907955
v -0.13401860 -0.00347248 0.03791852
v -0.13364203 -0.00813992 0.03762184
v -0.13296400 -0.01272123 0.03711929
v -0.13198346 -0.01718788 0.03642074
v -0.13071220 -0.02147025 0.03553609
v -0.12915720 -0.02554066 0.03447519
v -0.12732717 -0.02936190 0.03324793
v -0.12523158 -0.03289189 0.03186418
v -0.12289029 -0.03609737 0.03033382
v -0.12032241 -0.03894439 0.02866671
v -0.11753938 -0.04140813 0.02687275
v -0.11455662 -0.04346727 0.02496180
v -0.10891443 -0.04507778 0.02444606
v -0.10582387 -0.04626019 0.02232864
v -0.10259651 -0.04698943 0.02011098
v -0.11186094 -0.04345026 0.02645511
v -0.11464261 -0.04139263 0.02834768
v -0.11723138 -0.03893058 0.03011564
v -0.11961409 -0.03608535 0.03175088
v -0.12178163 -0.03288182 0.03324528
v -0.12371733 -0.02935388 0.03459072
v -0.12540331 -0.02553443 0.03577908
v -0.12683243 -0.02146566 0.03680224
v -0.12799786 -0.01718486 0.03765208
v -0.12889430 -0.01271955 0.03832047
v -0.12951189 -0.00813922 0.03879931
v -0.12985310 -0.00347232 0.03908047
v -0.12991847 0.00122596 0.03915584
v -0.10374514 -0.03888795 0.03311877
v -0.10185198 -0.04134489 0.03139303
v -0.08859354 -0.04127176 0.03204844
v -0.11617080 -0.02934604 0.03643369
v -0.11820730 -0.03287740 0.03433211
v -0.11452180 -0.03287119 0.03514164
v -0.11620213 -0.03607966 0.03287003
v -0.11266916 -0.03607210 0.03369805
v -0.11399382 -0.03892375 0.03126411
v -0.11062586 -0.03891496 0.03210878
v -0.11158951 -0.04138467 0.02952103
v -0.10839750 -0.04137472 0.03037967
v -0.10721657 -0.04245468 0.02946450
v -0.10084654 -0.04242356 0.03047891
v -0.09980398 -0.04339797 0.02953153
v -0.08725535 -0.04331974 0.03016964
v -0.10704210 -0.03285051 0.03614106
v -0.10547618 -0.03604807 0.03470327
v -0.09092735 -0.03598708 0.03540869
v -0.08981837 -0.03882067 0.03379707
v -0.06194214 -0.03874845 0.03372796
v -0.06204739 -0.04119386 0.03196180
v -0.03553284 -0.04117285 0.03181143
v -0.03701834 -0.04321584 0.02991853
v -0.02448812 -0.04320110 0.02985852
v -0.02673943 -0.04481935 0.02787223
v -0.01494367 -0.04483680 0.02762212
v -0.01798896 -0.04601782 0.02559998
v -0.01249810 -0.04604782 0.02523716
v -0.01594989 -0.04677977 0.02321657
v -0.10625238 -0.04506802 0.02565012
v -0.10336390 -0.04624994 0.02353567
v -0.10211033 -0.04570270 0.02548341
v -0.10074814 -0.04623761 0.02441170
v -0.09531740 -0.04620215 0.02542321
v -0.10599381 -0.04343027 0.02851655
v -0.10473309 -0.04429838 0.02753657
v -0.09872768 -0.04426504 0.02855159
v -0.09762111 -0.04502199 0.02753976
v -0.08581678 -0.04493987 0.02816749
v -0.10343838 -0.04505620 0.02652528
v -0.09648467 -0.04566780 0.02649674
v -0.08428620 -0.04611753 0.02604884
v -0.06216502 -0.04602971 0.02602119
v -0.04158375 -0.04673832 0.02378236
v -0.10900047 -0.04344128 0.02764747
v -0.06216102 -0.04485371 0.02809842
v -0.04006574 -0.04601063 0.02589084
v -0.03132605 -0.04672654 0.02372984
v -0.06212078 -0.04323694 0.03008196
v -0.03853437 -0.04483325 0.02794062
v -0.02903037 -0.04599786 0.02582441
v -0.02105645 -0.04674836 0.02353968
v -0.13743763 0.03773917 -0.00292340
v -0.13354324 0.04040276 -0.00356855
v -0.12940964 0.04266762 -0.00424763
v -0.12508835 0.04450697 -0.00495440
v -0.12060067 0.04591135 -0.00568259
v -0.11599236 0.04686401 -0.00642595
v -0.11527099 0.04687300 0.00413918
v -0.11406466 0.04688109 0.00930032
v -0.11837224 0.04592698 0.01111160
v -0.11976650 0.04591951 0.00562067
v -0.12349303 0.04451742 0.01001875
v -0.12413988 0.04451422 0.00707130
v -0.11304588 0.04688540 0.01173793
v -0.12254991 0.04452095 0.01288067
v -0.11721277 0.04593087 0.01368543
v -0.11173295 0.04688863 0.01401693
v -0.12655897 0.04267944 0.01459310
v -0.12124482 0.04452431 0.01558307
v -0.11573061 0.04593360 0.01607185
v -0.13038222 0.04041265 0.01623447
v -0.12510611 0.04268215 0.01741607
v -0.11958835 0.04452641 0.01806750
v -0.11396101 0.04593568 0.01824240
v -0.10834702 0.04689794 0.01802890
v -0.10734909 0.04597813 0.02345105
v -0.11194871 0.04594154 0.02020456
v -0.11762275 0.04452774 0.02030161
v -0.12327338 0.04268348 0.01998935
v -0.12878169 0.04041470 0.01916963
v -0.13397671 0.03774775 0.01779035
v -0.13870378 0.03470819 0.01585741
v -0.14289343 0.03132898 0.01342858
v -0.14730497 0.02764186 -0.00125425
v -0.14402932 0.03132669 0.00587894
v -0.14073917 0.03470347 0.00504013
v -0.13713472 0.03774033 0.00413153
v -0.13325562 0.04040413 0.00316256
v -0.12914057 0.04266944 0.00214264
v -0.12483984 0.04450935 0.00108121
v -0.12037501 0.04591415 -0.00001232
v -0.11579108 0.04686720 -0.00112852
v -0.11115077 0.04735582 -0.00225796
v -0.14954983 0.02368122 0.00730948
v -0.14697520 0.02764208 0.00663853
v -0.15591906 0.00592603 0.00026448
v -0.15205455 0.01948605 -0.00042597
v -0.15172142 0.01948610 0.00788235
v -0.14828090 0.02368264 0.01532253
v -0.14576848 0.02764379 0.01443427
v -0.12456984 0.02764835 0.03536604
v -0.12275990 0.03134093 0.03410003
v -0.12826325 0.02764022 0.03405586
v -0.12630011 0.03133044 0.03274992
v -0.13184024 0.02763800 0.03242061
v -0.12971441 0.03132661 0.03108293
v -0.13521351 0.02763999 0.03041254
v -0.13292290 0.03132766 0.02906259
v -0.13827685 0.02764334 0.02798244
v -0.13582809 0.03133045 0.02664779
v -0.14091918 0.02764522 0.02509337
v -0.13832772 0.03133181 0.02380560
v -0.14305478 0.02764541 0.02180076
v -0.14034274 0.03133146 0.02058792
v -0.14464703 0.02764477 0.01820817
v -0.14184065 0.03133034 0.01709148
v -0.10416532 0.04693664 0.02124466
v -0.10181568 0.04696324 0.02244411
v -0.10479479 0.04600359 0.02465201
v -0.10208648 0.04602393 0.02552561
v -0.09530286 0.04658751 0.02544617
v -0.10071369 0.04656224 0.02443605
v -0.09929949 0.04603864 0.02613109
v -0.06216419 0.04605993 0.02711606
v -0.08425535 0.04659725 0.02607510
v -0.08504041 0.04605723 0.02716664
v -0.09647954 0.04604839 0.02653750
v -0.11029091 0.04273970 0.02870296
v -0.10762582 0.04459025 0.02674053
v -0.11324466 0.04271774 0.02752703
v -0.11038227 0.04456634 0.02554793
v -0.11604300 0.04269823 0.02604692
v -0.11297549 0.04454489 0.02405237
v -0.11868053 0.04268753 0.02429342
v -0.11540192 0.04453260 0.02229676
v -0.12111036 0.04268388 0.02227663
v -0.10951221 0.04047883 0.03137995
v -0.11279018 0.04046330 0.03053259
v -0.11593457 0.04044352 0.02938007
v -0.11893293 0.04042613 0.02792416
v -0.12177793 0.04041714 0.02618244
v -0.12441436 0.04041476 0.02415383
v -0.12677339 0.04041527 0.02182285
v -0.09873133 0.04463175 0.02862346
v -0.10083973 0.04277706 0.03057599
v -0.08790974 0.04278111 0.03122753
v -0.08918722 0.04049768 0.03306279
v -0.06196611 0.04049213 0.03299114
v -0.06184389 0.03780964 0.03471510
v -0.03335904 0.03778395 0.03462454
v -0.03201615 0.03473122 0.03626333
v -0.01718408 0.03469117 0.03629904
v -0.01538282 0.03129972 0.03783643
v -0.00003704 0.03126232 0.03756246
v 0.00208156 0.02757251 0.03895785
v 0.00762702 0.03124559 0.03701262
v 0.00999025 0.02755898 0.03839086
v 0.01521195 0.03123184 0.03582280
v 0.01782035 0.02754834 0.03715904
v 0.01892055 0.03123061 0.03483291
v 0.02164579 0.02754802 0.03613276
v 0.02249623 0.03123735 0.03344171
v 0.02533156 0.02755463 0.03468558
v 0.02583724 0.03125336 0.03154342
v 0.02876972 0.02756924 0.03270242
v 0.02877457 0.03127387 0.02910987
v 0.03176794 0.02758764 0.03014989
v 0.03116056 0.03129137 0.02616305
v 0.03417330 0.02760329 0.02705935
v 0.03290490 0.03129758 0.02277803
v 0.03591546 0.02760900 0.02353057
v 0.03406351 0.03129532 0.01911040
v 0.03071183 0.03467805 0.01842273
v 0.02954595 0.03468078 0.02194070
v 0.02780399 0.03467416 0.02516809
v 0.02544432 0.03465502 0.02795845
v 0.02257773 0.03463267 0.03026242
v 0.01934603 0.03461550 0.03206777
v 0.01589368 0.03460880 0.03339720
v 0.01231573 0.03461103 0.03434661
v 0.00500436 0.03462794 0.03548924
v -0.00238629 0.03464784 0.03601907
v -0.01912811 0.03773895 0.03462683
v -0.03477769 0.04046452 0.03286200
v -0.06206708 0.04277826 0.03114308
v -0.08653019 0.04463844 0.02925986
v -0.08579948 0.04540319 0.02822851
v -0.09762352 0.04539534 0.02759683
v -0.01957271 0.04687035 0.02458207
v -0.01650191 0.04590722 0.02666424
v -0.03020224 0.04693901 0.02478985
v -0.02789962 0.04597393 0.02690200
v -0.04084793 0.04699809 0.02485069
v -0.03931854 0.04603169 0.02697005
v -0.06213669 0.04702594 0.02495777
v -0.08344670 0.04702111 0.02495475
v -0.09409696 0.04701053 0.02432350
v -0.09930908 0.04698456 0.02331590
v -0.10403095 0.04276930 0.03016605
v -0.10280856 0.04049620 0.03238968
v -0.10462355 0.03781754 0.03405914
v -0.09035569 0.03781689 0.03475877
v -0.09140755 0.03476317 0.03630857
v -0.06170234 0.03475455 0.03630463
v -0.06154500 0.03135686 0.03774937
v -0.03076357 0.03133505 0.03776453
v -0.02962578 0.02763407 0.03911432
v -0.01375452 0.02760378 0.03922339
v -0.01232232 0.02363984 0.04044431
v 0.00394164 0.02361519 0.04018864
v 0.00552434 0.01942442 0.04123818
v 0.01206375 0.02360499 0.03960726
v 0.01382647 0.01941717 0.04064514
v 0.02010820 0.02359750 0.03833893
v 0.02205219 0.01941234 0.03934604
v 0.02403559 0.02359805 0.03728072
v 0.02606560 0.01941345 0.03826074
v 0.02781717 0.02360443 0.03578404
v 0.02992783 0.01941924 0.03672177
v 0.03352078 0.01943032 0.03459815
v 0.03659223 0.01053662 0.03583706
v 0.03527860 0.01506010 0.03530674
v 0.03290144 0.01053051 0.03805367
v 0.03162941 0.01505130 0.03748342
v 0.02892695 0.01052689 0.03965276
v 0.02770271 0.01504640 0.03905677
v 0.02479310 0.01052552 0.04077634
v 0.02362026 0.01504498 0.04016398
v 0.01631259 0.01052636 0.04211849
v 0.01524870 0.01504752 0.04148778
v 0.00775909 0.01052863 0.04272705
v 0.00680229 0.01505205 0.04208986
v -0.01011270 0.01506462 0.04232558
v -0.01110078 0.01944293 0.04148358
v -0.02776039 0.01946208 0.04130441
v -0.02862128 0.02366443 0.04029889
v -0.06123303 0.02368090 0.04016315
v -0.06138537 0.02765387 0.03903899
v -0.09314431 0.02766605 0.03894221
v -0.09233606 0.03136761 0.03770535
v -0.10774359 0.03137243 0.03694377
v -0.10627249 0.03476575 0.03557897
v -0.11360418 0.03475360 0.03457928
v -0.11165341 0.03780276 0.03305383
v -0.11721428 0.03474188 0.03376659
v -0.11510336 0.03778910 0.03222270
v -0.12071025 0.03472671 0.03267485
v -0.11842911 0.03777156 0.03109877
v -0.12408193 0.03471379 0.03128586
v -0.12161937 0.03775636 0.02967387
v -0.12731810 0.03470819 0.02958929
v -0.12466483 0.03774907 0.02795176
v -0.13034683 0.03470809 0.02756042
v -0.12750188 0.03774786 0.02591963
v -0.13307992 0.03471012 0.02516662
v -0.13005188 0.03774917 0.02355346
v -0.13542442 0.03471082 0.02237919
v -0.13223168 0.03774925 0.02082893
v -0.13730843 0.03470984 0.01924630
v -0.15379605 0.01510294 -0.00011597
v -0.15509036 0.01056391 0.00011627
v -0.15475984 0.01056401 0.00869618
v -0.15558915 0.00592608 0.00891828
v -0.15423211 0.01056426 0.01296276
v -0.15505426 0.00592619 0.01322189
v -0.15336417 0.01056457 0.01715890
v -0.15417261 0.00592632 0.01745367
v -0.15205343 0.01056476 0.02123002
v -0.15284085 0.00592639 0.02155644
v -0.15019956 0.01056466 0.02507588
v -0.15095800 0.00592630 0.02542846
v -0.14772883 0.01056403 0.02856193
v -0.14845005 0.00592594 0.02893445
v -0.14468977 0.01056249 0.03156480
v -0.14536686 0.00592512 0.03194861
v -0.14118755 0.01056011 0.03401804
v -0.14181592 0.00592387 0.03440282
v -0.13735911 0.01055791 0.03597005
v -0.13793729 0.00592267 0.03634667
v -0.13333565 0.01055703 0.03749427
v -0.13386492 0.00592206 0.03785653
v -0.12922548 0.01055828 0.03867276
v -0.12970924 0.00592242 0.03901871
v -0.12121586 0.00592365 0.04061489
v -0.12139181 0.00122577 0.04074442
v -0.12133981 -0.00347298 0.04067668
v -0.12105739 -0.00813977 0.04041651
v -0.12054232 -0.01271923 0.03996975
v -0.11979053 -0.01718308 0.03934224
v -0.11880908 -0.02146203 0.03853984
v -0.11760114 -0.02552883 0.03756837
v -0.14709820 0.02368338 0.01919394
v -0.14542156 0.02368374 0.02287041
v -0.14317803 0.02368325 0.02622768
v -0.14040796 0.02368114 0.02915601
v -0.13720320 0.02367759 0.03159666
v -0.13368291 0.02367504 0.03359025
v -0.12996119 0.02367600 0.03519347
v -0.12613213 0.02368204 0.03646460
v -0.11820878 0.02369559 0.03820713
v -0.11930595 0.01949196 0.03908094
v -0.11106127 0.01949443 0.04005406
v -0.11178531 0.01510439 0.04074479
v -0.09484138 0.01509762 0.04162462
v -0.09516312 0.01055680 0.04215312
v -0.06086791 0.01055001 0.04243941
v -0.06080254 0.00591731 0.04279828
v -0.02619628 0.00591468 0.04310843
v -0.02605625 0.00122848 0.04325955
v -0.00869748 0.00122930 0.04351195
v -0.00878516 -0.00345005 0.04341742
v 0.00852155 -0.00344692 0.04319464
v 0.00805623 -0.00809399 0.04285544
v 0.01664183 -0.00809444 0.04224528
v 0.01574425 -0.01265360 0.04168513
v 0.02417817 -0.01265918 0.04035337
v 0.02279099 -0.01710569 0.03960671
v 0.02828843 -0.01266554 0.03924029
v 0.02684111 -0.01711480 0.03851338
v 0.03223773 -0.01267587 0.03765915
v 0.03073311 -0.01712908 0.03696368
v 0.03590906 -0.01269028 0.03547110
v 0.03435510 -0.01714861 0.03482432
v 0.03599147 -0.01715923 0.03351825
v 0.03699144 -0.02941217 0.00778801
v 0.03909529 -0.02557291 0.01596976
v 0.03838064 -0.02557214 0.01992670
v 0.03721911 -0.02556818 0.02377194
v 0.03546149 -0.02555414 0.02734027
v 0.03303264 -0.02552737 0.03047126
v 0.02999966 -0.02549518 0.03305805
v 0.02651911 -0.02546492 0.03506607
v 0.02278957 -0.02544205 0.03653016
v 0.01891010 -0.02542662 0.03756893
v 0.01288165 -0.02135707 0.03995543
v 0.00611691 -0.01709350 0.04151287
v -0.00977816 -0.01265656 0.04252624
v -0.02638368 -0.00810588 0.04285097
v -0.06080051 -0.00345907 0.04285994
v -0.09545712 0.00122673 0.04262043
v -0.11265153 0.00592345 0.04157482
v -0.12081105 0.01056173 0.04029061
v -0.12846544 0.01509710 0.03812623
v -0.13250481 0.01509461 0.03692287
v -0.13645206 0.01509530 0.03537706
v -0.14020245 0.01509806 0.03341302
v -0.14362915 0.01510122 0.03096173
v -0.14659986 0.01510323 0.02797676
v -0.14901291 0.01510401 0.02452239
v -0.15082183 0.01510407 0.02071843
v -0.15210015 0.01510376 0.01669721
v -0.15294719 0.01510333 0.01255647
v -0.15346406 0.01510300 0.00834772
v 0.03743546 0.00591326 0.03617505
v 0.03371815 0.00591033 0.03841717
v 0.02971323 0.00590851 0.04003268
v 0.02554636 0.00590769 0.04116669
v 0.01699557 0.00590771 0.04252056
v 0.00837385 0.00590843 0.04313313
v -0.00889539 0.00591123 0.04335536
v -0.00937173 0.01053580 0.04295471
v -0.02653528 0.01054402 0.04272300
v -0.02706141 0.01507821 0.04211706
v -0.06096648 0.01508802 0.04187370
v -0.06109016 0.01947553 0.04111150
v -0.09439874 0.01948693 0.04090872
v -0.09383363 0.02369280 0.04001229
v -0.11014375 0.02370002 0.03918671
v -0.10903491 0.02767261 0.03814815
v -0.11688657 0.02766601 0.03716173
v -0.11535010 0.03136314 0.03595051
v -0.11910690 0.03135354 0.03515752
v 0.04735449 0.00122686 0.00869411
v 0.03237827 -0.02142498 0.03401554
v 0.02881999 -0.02140017 0.03609449
v 0.02500145 -0.02138171 0.03760496
v 0.02102847 -0.02136958 0.03867340
v 0.01448285 -0.01709692 0.04091660
v 0.00724957 -0.01265190 0.04228961
v -0.00914965 -0.00809824 0.04308392
v -0.02612123 -0.00345477 0.04317013
v -0.06077876 0.00122776 0.04294000
v -0.09536652 0.00592075 0.04248734
v -0.11231542 0.01056191 0.04125351
v -0.12017392 0.01510334 0.03977737
v -0.12743306 0.01948235 0.03738742
v -0.13137816 0.01947825 0.03615254
v -0.13522415 0.01947832 0.03457976
v -0.13887107 0.01948119 0.03260136
v -0.14219785 0.01948474 0.03015395
v -0.14507821 0.01948695 0.02719374
v -0.14741495 0.01948768 0.02378243
v -0.14916438 0.01948760 0.02003521
v -0.15039976 0.01948712 0.01608096
v -0.15121910 0.01948655 0.01201399
v -0.23240641 0.00597336 -0.05071282
v -0.23351656 0.00958896 -0.05190811
v -0.23812073 0.00943120 -0.05583978
v -0.26244125 -0.01647646 -0.13969587
v -0.27228245 0.01036422 -0.08634616
v -0.27031273 0.01381341 -0.08568655
v -0.27291366 0.01513553 -0.08842430
v -0.25438830 -0.00601799 -0.07348090
v -0.20186689 0.00170334 -0.03327342
v -0.19672810 0.00134744 -0.03293739
v -0.20706765 0.00230651 -0.03448633
v -0.21229830 0.00310189 -0.03671207
v -0.24106288 0.00544520 -0.05835088
v -0.24822038 0.00272566 -0.06555232
v -0.24484412 0.00436431 -0.06205609
v -0.25662282 -0.00317290 -0.07462870
v -0.25377455 -0.00185107 -0.07173108
v -0.25693971 -0.00279159 -0.07480623
v -0.25588915 0.00098473 -0.07312980
v -0.25986108 0.00048327 -0.07658829
v -0.26039603 0.00609235 -0.07657959
v -0.26293743 0.00349986 -0.07870449
v -0.26140919 0.00205347 -0.07762556
v -0.26923206 0.00847876 -0.08365532
v -0.26818857 0.00775610 -0.08277968
v -0.26523229 0.01039614 -0.08077833
v -0.26659930 0.00657934 -0.08148855
v -0.26608986 0.00618224 -0.08108532
v -0.27519390 0.01183858 -0.08910859
v -0.27553144 0.01615031 -0.09136887
v -0.27794287 0.01291629 -0.09191974
v -0.28053212 0.01361179 -0.09477169
v -0.27814788 0.01680185 -0.09452931
v -0.28169727 0.01380935 -0.09612881
v -0.28302380 0.01393660 -0.09773620
v -0.28073248 0.01702669 -0.09790237
v -0.28366295 0.01395761 -0.09853414
v -0.28695789 0.01361344 -0.10292334
v -0.28645128 0.01371806 -0.10221485
v -0.28324842 0.01678607 -0.10146260
v -0.28547406 0.01386480 -0.10088284
v -0.28436846 0.01394858 -0.09943266
v -0.28784487 0.01338083 -0.10419307
v -0.28565407 0.01607772 -0.10516822
v -0.28910226 0.01293664 -0.10606165
v -0.29010239 0.01247883 -0.10761345
v -0.28789908 0.01491453 -0.10895038
v -0.29155841 0.01162464 -0.10999126
v -0.29221204 0.01115900 -0.11110938
v -0.28993633 0.01332223 -0.11272869
v -0.29376271 0.00981118 -0.11391156
v -0.29413521 0.00942864 -0.11462203
v -0.29171965 0.01134138 -0.11643773
v -0.29566580 0.00754972 -0.11774707
v -0.29581860 0.00732939 -0.11808171
v -0.29320496 0.00901918 -0.12002464
v -0.29722303 0.00489772 -0.12145408
v -0.29435915 0.00640686 -0.12344597
v -0.29832035 0.00215150 -0.12473486
v -0.29516613 0.00355703 -0.12666585
v -0.29908103 -0.00087472 -0.12789482
v -0.29562595 0.00052337 -0.12966028
v -0.29948300 -0.00412964 -0.13089909
v -0.29574922 -0.00264751 -0.13241452
v -0.29951984 -0.00751023 -0.13367106
v -0.29555330 -0.00591738 -0.13491866
v -0.29920974 -0.01096808 -0.13618329
v -0.29505828 -0.00926497 -0.13715529
v -0.29856867 -0.01450753 -0.13841362
v -0.29428411 -0.01266996 -0.13911040
v -0.29765660 -0.01798211 -0.14027742
v -0.29325566 -0.01612202 -0.14076705
v -0.29648873 -0.02144920 -0.14180143
v -0.29198036 -0.01959787 -0.14210020
v -0.29505715 -0.02493748 -0.14298381
v -0.29047349 -0.02308142 -0.14308815
v -0.28874552 -0.02653722 -0.14373034
v -0.29330638 -0.02854760 -0.14382614
v -0.29125473 -0.03217323 -0.14430758
v -0.28681332 -0.02992348 -0.14405474
v -0.29042649 -0.03349450 -0.14439677
v -0.28468552 -0.03319658 -0.14408986
v -0.28897274 -0.03564681 -0.14444520
v -0.27443820 -0.02471808 -0.14253506
v -0.25608411 -0.01290875 -0.13776858
v -0.24958248 -0.00983651 -0.13553421
v -0.19462772 0.00354912 -0.11780009
v -0.19433616 -0.00078083 -0.11803413
v -0.19536196 0.01606525 -0.11443853
v -0.19514287 0.01201606 -0.11599369
v -0.19489726 0.00782917 -0.11711784
v -0.19584349 0.02697093 -0.10736825
v -0.19571385 0.02358232 -0.11010290
v -0.19555302 0.01993438 -0.11246806
v -0.19602221 0.03523738 -0.09727541
v -0.19599929 0.03282940 -0.10091733
v -0.19593923 0.03006398 -0.10429482
v -0.19586411 0.04008359 -0.08517886
v -0.19595405 0.03888368 -0.08936380
v -0.19600713 0.03726266 -0.09341040
v -0.19573966 0.04084991 -0.08089947
v -0.19540252 0.04105548 -0.07223260
v -0.19558439 0.04117494 -0.07656945
v -0.19448937 0.03622535 -0.05569211
v -0.19473790 0.03806550 -0.05961875
v -0.19497527 0.03949301 -0.06371364
v -0.19519815 0.04049315 -0.06793292
v -0.19369638 0.02844401 -0.04529686
v -0.19396771 0.03138908 -0.04850105
v -0.19423223 0.03399194 -0.05197499
v -0.19284678 0.01788618 -0.03763146
v -0.19313537 0.02165694 -0.03982791
v -0.19341879 0.02518863 -0.04239442
v -0.19196002 0.00554893 -0.03355662
v -0.19225785 0.00978952 -0.03447231
v -0.19255389 0.01391641 -0.03583742
v -0.19166200 0.00123963 -0.03310227
v -0.23628379 -0.00527175 -0.13037442
v -0.24297562 -0.00729295 -0.13304658
v -0.23752980 -0.00108056 -0.13035703
v -0.24437526 -0.00316666 -0.13302849
v -0.23867525 0.00310031 -0.12981717
v -0.24566427 0.00096356 -0.13250683
v -0.23970656 0.00721948 -0.12875535
v -0.24682705 0.00504475 -0.13148199
v -0.24060670 0.01122663 -0.12718274
v -0.24784394 0.00902552 -0.12996535
v -0.24136874 0.01508266 -0.12512933
v -0.24870668 0.01286742 -0.12798940
v -0.24199054 0.01876135 -0.12261378
v -0.24941327 0.01654805 -0.12557125
v -0.24244963 0.02221173 -0.11966446
v -0.24993667 0.02001457 -0.12273651
v -0.24273029 0.02540273 -0.11631041
v -0.25025898 0.02323813 -0.11950530
v -0.24282220 0.02830443 -0.11259596
v -0.25036803 0.02618964 -0.11591006
v -0.24270478 0.03087531 -0.10856812
v -0.25023934 0.02882592 -0.11197998
v -0.24236596 0.03307835 -0.10432220
v -0.24985825 0.03110725 -0.10779659
v -0.24180377 0.03488345 -0.09998491
v -0.24922164 0.03300080 -0.10347869
v -0.24103341 0.03627478 -0.09566905
v -0.24834631 0.03448908 -0.09916820
v -0.24009325 0.03725898 -0.09143409
v -0.24727613 0.03557992 -0.09495147
v -0.23903516 0.03785477 -0.08730742
v -0.24607058 0.03629434 -0.09085789
v -0.23791611 0.03808539 -0.08328010
v -0.24479565 0.03665826 -0.08687449
v -0.23677561 0.03795376 -0.07931894
v -0.24349716 0.03667348 -0.08296021
v -0.23562227 0.03743094 -0.07540484
v -0.24218488 0.03630447 -0.07909146
v -0.23446059 0.03649626 -0.07156648
v -0.24086356 0.03552468 -0.07530056
v -0.23329219 0.03513814 -0.06783598
v -0.23953487 0.03431785 -0.07162119
v -0.23212644 0.03337445 -0.06424626
v -0.23820995 0.03270259 -0.06808471
v -0.23096797 0.03123784 -0.06083943
v -0.23689502 0.03071491 -0.06472251
v -0.22982697 0.02876553 -0.05764174
v -0.23560295 0.02839484 -0.06154893
v -0.22870865 0.02599365 -0.05469066
v -0.23434082 0.02577954 -0.05860004
v -0.22761971 0.02295433 -0.05200807
v -0.23311737 0.02290038 -0.05589533
v -0.22656327 0.01967746 -0.04960598
v -0.23193708 0.01978495 -0.05346024
v -0.22553870 0.01619695 -0.04750141
v -0.23079982 0.01646463 -0.05132934
v -0.22454603 0.01254483 -0.04571882
v -0.22970587 0.01296793 -0.04951885
v -0.22358157 0.00875494 -0.04429904
v -0.22865078 0.00932506 -0.04805380
v -0.22264372 0.00486014 -0.04327950
v -0.22763185 0.00556498 -0.04695734
v -0.22266078 -0.00262072 -0.12490146
v -0.22951317 -0.00373488 -0.12760034
v -0.22358644 0.00165500 -0.12484220
v -0.23060031 0.00050546 -0.12757410
v -0.22443305 0.00589839 -0.12426307
v -0.23159727 0.00472334 -0.12702027
v -0.22519171 0.01006181 -0.12316296
v -0.23249280 0.00886921 -0.12593785
v -0.22585130 0.01409759 -0.12154961
v -0.23327278 0.01289404 -0.12433597
v -0.22640729 0.01796518 -0.11944468
v -0.23393154 0.01675804 -0.12224050
v -0.22685680 0.02163093 -0.11686909
v -0.23446661 0.02043112 -0.11967155
v -0.22718762 0.02504938 -0.11385541
v -0.23486064 0.02386492 -0.11666031
v -0.22738886 0.02818637 -0.11044604
v -0.23510031 0.02702661 -0.11324418
v -0.22745375 0.03101071 -0.10670048
v -0.23517714 0.02988556 -0.10947768
v -0.22737026 0.03348592 -0.10268888
v -0.23507480 0.03240264 -0.10542300
v -0.22713175 0.03558063 -0.09850993
v -0.23478402 0.03454368 -0.10118325
v -0.22673792 0.03726934 -0.09424561
v -0.23430376 0.03628108 -0.09687071
v -0.22619897 0.03853691 -0.08995822
v -0.23364693 0.03759972 -0.09256318
v -0.22553903 0.03938279 -0.08569457
v -0.23284504 0.03850314 -0.08831260
v -0.22479071 0.03981529 -0.08148257
v -0.23194064 0.03900545 -0.08414570
v -0.22398970 0.03984699 -0.07732916
v -0.23098028 0.03912509 -0.08006012
v -0.22316161 0.03948098 -0.07322792
v -0.22999653 0.03886534 -0.07603440
v -0.22231497 0.03870381 -0.06918035
v -0.22899781 0.03820489 -0.07205798
v -0.22145605 0.03750889 -0.06521636
v -0.22798929 0.03713004 -0.06815872
v -0.22058879 0.03589637 -0.06137512
v -0.22697356 0.03563491 -0.06436965
v -0.21972023 0.03388415 -0.05770378
v -0.22595869 0.03373721 -0.06073248
v -0.21885322 0.03149977 -0.05424857
v -0.22494820 0.03146673 -0.05729542
v -0.21799295 0.02877535 -0.05103716
v -0.22394969 0.02885802 -0.05408788
v -0.21714164 0.02574495 -0.04806586
v -0.22296670 0.02594613 -0.05114417
v -0.21630235 0.02244184 -0.04532490
v -0.22200398 0.02276384 -0.04845829
v -0.21547633 0.01889984 -0.04284032
v -0.22106360 0.01934315 -0.04603131
v -0.21466309 0.01515655 -0.04067035
v -0.22014482 0.01572005 -0.04389809
v -0.21386290 0.01124954 -0.03888145
v -0.21924770 0.01192963 -0.04210539
v -0.21307448 0.00721819 -0.03754454
v -0.21836971 0.00800878 -0.04071302
v -0.21751034 0.00399392 -0.03977092
v -0.20868337 -0.00134396 -0.12044214
v -0.21571957 -0.00185201 -0.12246723
v -0.20928703 0.00297105 -0.12028827
v -0.21648346 0.00244771 -0.12236214
v -0.20983735 0.00724102 -0.11965079
v -0.21718048 0.00670760 -0.12175309
v -0.21032976 0.01142138 -0.11853167
v -0.21780404 0.01088176 -0.12064011
v -0.21075824 0.01546667 -0.11693911
v -0.21834578 0.01492373 -0.11903073
v -0.21112011 0.01933507 -0.11488967
v -0.21880215 0.01879228 -0.11694349
v -0.21141219 0.02298765 -0.11240476
v -0.21917000 0.02245073 -0.11439987
v -0.21163030 0.02638396 -0.10951506
v -0.21944165 0.02585639 -0.11143240
v -0.21176809 0.02948828 -0.10626100
v -0.21960858 0.02897414 -0.10808443
v -0.21182176 0.03226877 -0.10269406
v -0.21966557 0.03177242 -0.10441404
v -0.21178624 0.03469353 -0.09887509
v -0.21960449 0.03421725 -0.10049041
v -0.21165894 0.03673550 -0.09486675
v -0.21942094 0.03627969 -0.09639488
v -0.21144025 0.03837206 -0.09071967
v -0.21911512 0.03793592 -0.09218854
v -0.21113506 0.03958708 -0.08648209
v -0.21869448 0.03917039 -0.08792534
v -0.21075410 0.04037199 -0.08219665
v -0.21817596 0.03997823 -0.08364893
v -0.21031220 0.04072425 -0.07789923
v -0.21758270 0.04036190 -0.07939062
v -0.20982580 0.04064569 -0.07361874
v -0.21694005 0.04032813 -0.07516836
v -0.20930804 0.04013845 -0.06938023
v -0.21626705 0.03987957 -0.07099209
v -0.20876682 0.03920188 -0.06521117
v -0.21557219 0.03900987 -0.06687671
v -0.20820937 0.03784116 -0.06115121
v -0.21486263 0.03771900 -0.06285680
v -0.20764121 0.03606646 -0.05724564
v -0.21414340 0.03601263 -0.05897696
v -0.20706749 0.03389656 -0.05353803
v -0.21342066 0.03390909 -0.05528271
v -0.20649029 0.03135617 -0.05006128
v -0.21269682 0.03143423 -0.05181725
v -0.20591131 0.02847394 -0.04680665
v -0.21197505 0.02861816 -0.04858159
v -0.20533133 0.02528240 -0.04378391
v -0.21125668 0.02549410 -0.04556333
v -0.20475110 0.02181538 -0.04102833
v -0.21054336 0.02209565 -0.04278021
v -0.20417120 0.01810922 -0.03859439
v -0.20983592 0.01845811 -0.04028045
v -0.20359188 0.01420339 -0.03654738
v -0.20913415 0.01462019 -0.03813449
v -0.20301406 0.01013868 -0.03494762
v -0.20843871 0.01062140 -0.03641320
v -0.20243852 0.00595751 -0.03384626
v -0.20774947 0.00650291 -0.03518274
v -0.20155200 -0.00101220 -0.11893541
v -0.20199810 0.00331208 -0.11873678
v -0.20240587 0.00758809 -0.11807479
v -0.20277226 0.01177217 -0.11695367
v -0.20309325 0.01581948 -0.11538289
v -0.20336674 0.01968785 -0.11337804
v -0.20358992 0.02333684 -0.11096013
v -0.20376083 0.02672758 -0.10815690
v -0.20387506 0.02982398 -0.10500375
v -0.20392996 0.03259404 -0.10154314
v -0.20392266 0.03500728 -0.09782448
v -0.20385174 0.03703785 -0.09389707
v -0.20371754 0.03866385 -0.08980580
v -0.20352282 0.03986870 -0.08559549
v -0.20327337 0.04064119 -0.08130919
v -0.20297755 0.04097536 -0.07698739
v -0.20264472 0.04086964 -0.07266806
v -0.20228304 0.04032582 -0.06838807
v -0.20189893 0.03934706 -0.06418471
v -0.20149861 0.03794205 -0.06010065
v -0.20108704 0.03612396 -0.05618034
v -0.20066820 0.03391199 -0.05246586
v -0.20024380 0.03133019 -0.04898508
v -0.19981468 0.02840625 -0.04574612
v -0.19938138 0.02517229 -0.04277432
v -0.19894427 0.02166225 -0.04010838
v -0.19850390 0.01791310 -0.03779501
v -0.19806087 0.01396472 -0.03588356
v -0.19761629 0.00985867 -0.03441672
v -0.19717145 0.00563808 -0.03342838
v -0.24634974 0.00754240 -0.06351453
v -0.24532576 0.01491571 -0.06344302
v -0.24241196 0.00876435 -0.05975048
v -0.23690237 0.00596443 -0.05453201
v -0.24990872 0.00577392 -0.06703048
v -0.24960871 0.01338049 -0.06724534
v -0.24854408 0.02030319 -0.06813803
v -0.24361686 0.02164936 -0.06413051
v -0.24674149 0.02645910 -0.06971440
v -0.23939775 0.01275420 -0.05747902
v -0.23467369 0.01307417 -0.05345562
v -0.24073768 0.01591255 -0.05942746
v -0.23588146 0.01640411 -0.05533821
v -0.23714453 0.01955264 -0.05752635
v -0.27985871 -0.02905491 -0.14345978
v -0.27643737 -0.02115848 -0.14249882
v -0.28193071 -0.02564014 -0.14342569
v -0.27826774 -0.01751047 -0.14212441
v -0.28382036 -0.02212290 -0.14308169
v -0.27991509 -0.01382392 -0.14139472
v -0.28551605 -0.01855006 -0.14240420
v -0.28135768 -0.01014668 -0.14029689
v -0.28699830 -0.01496665 -0.14137197
v -0.28258291 -0.00651600 -0.13884650
v -0.28825510 -0.01140939 -0.13999256
v -0.28358153 -0.00294526 -0.13706234
v -0.28927416 -0.00789270 -0.13828626
v -0.28433076 0.00052672 -0.13496785
v -0.29003993 -0.00444786 -0.13627747
v -0.28480697 0.00388570 -0.13257059
v -0.29052830 -0.00108670 -0.13397808
v -0.28499094 0.00710874 -0.12987719
v -0.29071951 0.00216920 -0.13139790
v -0.28485629 0.01016368 -0.12688428
v -0.29059032 0.00529323 -0.12854253
v -0.28438365 0.01300817 -0.12360716
v -0.29012233 0.00824500 -0.12542279
v -0.28356397 0.01559708 -0.12008189
v -0.28930563 0.01097827 -0.12206203
v -0.28240544 0.01788792 -0.11636730
v -0.28814405 0.01344425 -0.11849963
v -0.28094035 0.01985152 -0.11253063
v -0.28666139 0.01560093 -0.11478604
v -0.27922001 0.02146626 -0.10863564
v -0.28489932 0.01741069 -0.11097538
v -0.27730748 0.02271718 -0.10473265
v -0.28291139 0.01884184 -0.10712115
v -0.27525800 0.02358199 -0.10086346
v -0.28074899 0.01986334 -0.10327867
v -0.27310705 0.02402693 -0.09706665
v -0.27845448 0.02044652 -0.09951622
v -0.27088815 0.02402947 -0.09339056
v -0.27607059 0.02057455 -0.09589045
v -0.26862818 0.02358124 -0.08987857
v -0.27363241 0.02024515 -0.09244198
v -0.26635623 0.02271442 -0.08656044
v -0.27117333 0.01949414 -0.08919775
v -0.26409552 0.02148582 -0.08344907
v -0.26872057 0.01838201 -0.08616518
v -0.26186541 0.01994714 -0.08053306
v -0.26629308 0.01696239 -0.08333336
v -0.26158419 0.01334835 -0.07823248
v -0.26859015 -0.02045847 -0.14128613
v -0.26424351 -0.01264685 -0.13966416
v -0.27049917 -0.01675870 -0.14125073
v -0.26590261 -0.00876252 -0.13922490
v -0.27225262 -0.01298677 -0.14084357
v -0.26740113 -0.00487720 -0.13837150
v -0.27383417 -0.00919491 -0.14005323
v -0.26871538 -0.00104235 -0.13710602
v -0.27522075 -0.00543318 -0.13887516
v -0.26983356 0.00270452 -0.13545722
v -0.27639979 -0.00173898 -0.13733245
v -0.27075115 0.00634925 -0.13344187
v -0.27736476 0.00187442 -0.13544285
v -0.27143696 0.00984207 -0.13108267
v -0.27808750 0.00536190 -0.13322930
v -0.27186859 0.01316271 -0.12838468
v -0.27854487 0.00870630 -0.13069697
v -0.27202886 0.01628550 -0.12535560
v -0.27871850 0.01188330 -0.12785156
v -0.27188808 0.01916963 -0.12198850
v -0.27857974 0.01485582 -0.12468519
v -0.27142659 0.02177110 -0.11831766
v -0.27810869 0.01758021 -0.12122094
v -0.27063751 0.02404880 -0.11441147
v -0.27729735 0.02001313 -0.11751008
v -0.26953593 0.02597304 -0.11037046
v -0.27615783 0.02211867 -0.11363225
v -0.26816714 0.02753790 -0.10629646
v -0.27473003 0.02388029 -0.10967204
v -0.26659584 0.02874974 -0.10227334
v -0.27307332 0.02529165 -0.10570301
v -0.26489702 0.02962137 -0.09833868
v -0.27125841 0.02635321 -0.10177372
v -0.26312792 0.03014425 -0.09446552
v -0.26934254 0.02705024 -0.09789967
v -0.26130989 0.03027660 -0.09064072
v -0.26735380 0.02734410 -0.09408367
v -0.25945950 0.02998714 -0.08691148
v -0.26531664 0.02720699 -0.09037408
v -0.25758845 0.02925774 -0.08332147
v -0.26324973 0.02662484 -0.08681555
v -0.25571704 0.02811340 -0.07990331
v -0.26117769 0.02562609 -0.08343999
v -0.25386027 0.02660246 -0.07667890
v -0.25911948 0.02426341 -0.08026530
v -0.25203669 0.02477260 -0.07363990
v -0.25709444 0.02258658 -0.07728095
v -0.25320560 0.01843780 -0.07188132
v -0.25756419 0.01608687 -0.07526551
v -0.25355780 0.01132739 -0.07073073
v -0.25715518 0.00884294 -0.07384480
v -0.25308278 0.00353542 -0.07023793
v -0.25118884 0.00060203 -0.06878010
v -0.25112781 -0.00579210 -0.13551289
v -0.25776449 -0.00896352 -0.13774219
v -0.25255227 -0.00172781 -0.13501525
v -0.25931323 -0.00498125 -0.13727246
v -0.25383884 0.00230238 -0.13404064
v -0.26071262 -0.00101625 -0.13635641
v -0.25496575 0.00624641 -0.13259917
v -0.26193962 0.00287938 -0.13500111
v -0.25592342 0.01006632 -0.13072425
v -0.26298335 0.00666797 -0.13323876
v -0.25670955 0.01374317 -0.12843211
v -0.26384068 0.01033342 -0.13108556
v -0.25729382 0.01722350 -0.12574646
v -0.26447982 0.01382320 -0.12856433
v -0.25765646 0.02048104 -0.12267984
v -0.26487944 0.01711394 -0.12568246
v -0.25778341 0.02348771 -0.11925370
v -0.26502386 0.02017872 -0.12245292
v -0.25764725 0.02619971 -0.11548058
v -0.26488379 0.02297447 -0.11887567
v -0.25723100 0.02857511 -0.11142550
v -0.26444054 0.02545777 -0.11499935
v -0.25653031 0.03057823 -0.10719255
v -0.26368850 0.02759015 -0.11091050
v -0.25556263 0.03218875 -0.10291777
v -0.26264459 0.02934717 -0.10672912
v -0.25437513 0.03341305 -0.09872287
v -0.26135650 0.03073070 -0.10257269
v -0.25303242 0.03427126 -0.09465493
v -0.25989074 0.03175603 -0.09852481
v -0.25160691 0.03478884 -0.09069977
v -0.25832286 0.03244437 -0.09458461
v -0.25014982 0.03496544 -0.08681300
v -0.25670803 0.03279195 -0.09070944
v -0.24867325 0.03476085 -0.08297065
v -0.25506216 0.03275643 -0.08687891
v -0.24718386 0.03414446 -0.07921036
v -0.25339586 0.03230550 -0.08313618
v -0.24568480 0.03309707 -0.07556908
v -0.25171554 0.03141928 -0.07952199
v -0.24418961 0.03163868 -0.07207825
v -0.25003782 0.03011992 -0.07606852
v -0.24270673 0.02980915 -0.06876582
v -0.24837406 0.02845141 -0.07280079
v -0.24125144 0.02765123 -0.06563313
v -0.23983298 0.02520305 -0.06270405
v -0.23846203 0.02249512 -0.05999389
v -0.14822516 -0.02646860 -0.02551163
v -0.15015434 -0.02334575 -0.02551163
v -0.15025485 -0.02330020 -0.02761718
v -0.15264799 -0.01960686 -0.03024712
v -0.15083681 -0.02319681 -0.03070985
v -0.15055640 -0.02323856 -0.02970579
v -0.15170953 -0.02308177 -0.03256877
v -0.15227741 -0.02300536 -0.03338842
v -0.15016398 -0.02640517 -0.03427468
v -0.13326359 -0.04067254 -0.02551163
v -0.13341106 -0.04058372 -0.02551163
v -0.13392834 -0.04044729 -0.03318917
v -0.14330423 -0.03670632 -0.04594824
v -0.14000817 -0.03886203 -0.04840929
v -0.13872503 -0.03924106 -0.04706293
v -0.14910461 -0.03358380 -0.04513279
v -0.15062138 -0.03328935 -0.04560041
v -0.14795867 -0.03562875 -0.04817739
v -0.14628769 -0.03594870 -0.04764282
v -0.14509547 -0.03769960 -0.05095516
v -0.13649184 -0.04073649 -0.05104388
v -0.13277295 -0.04231507 -0.05384339
v -0.13131946 -0.04274600 -0.05211013
v -0.14335211 0.03671041 -0.04597073
v -0.14214803 0.03705997 -0.04479680
v -0.13877390 0.03924198 -0.04707877
v -0.16183347 0.00763920 -0.03306052
v -0.16337262 0.00751082 -0.03335313
v -0.16378018 0.00377295 -0.03295344
v -0.16269003 0.01120703 -0.03401616
v -0.15960084 0.02455947 -0.03960721
v -0.16192372 0.02434863 -0.03986949
v -0.16322763 0.02122159 -0.03810330
v -0.16956979 0.03201705 -0.04743866
v -0.17166464 -0.02075091 -0.03847512
v -0.15728554 -0.03959928 -0.05918595
v -0.14798552 -0.04003197 -0.05850119
v -0.13540596 -0.04218725 -0.06039350
v -0.13459079 -0.04183398 -0.05523239
v -0.13024142 -0.04308489 -0.05015998
v -0.13071233 0.04208775 -0.02551329
v -0.12658465 0.04398442 -0.02551362
v -0.12667914 0.04399921 -0.03477569
v -0.12252983 0.04540757 -0.02551397
v -0.12536828 0.04467052 -0.05036615
v -0.12624249 0.04440117 -0.05266520
v -0.14039782 0.04159067 -0.06135452
v -0.16659866 0.03942720 -0.05963228
v -0.15729092 0.03962342 -0.05920226
v -0.13543376 0.04219647 -0.06040259
v -0.13665119 0.04138751 -0.05633574
v -0.13085949 0.04308916 -0.05835981
v -0.12890343 0.04359752 -0.05680840
v -0.12735842 0.04404986 -0.05486253
v -0.12409169 0.04502792 -0.04558837
v -0.12383445 0.04499435 -0.02551386
v -0.13735966 0.03812287 -0.03247041
v -0.14052421 0.03558633 -0.03180368
v -0.14002784 0.03574650 -0.02551263
v -0.13831455 0.03716999 -0.02551274
v -0.13462718 0.03981297 -0.02551299
v -0.13399248 0.04037403 -0.03318944
v -0.13348366 0.04052951 -0.02551308
v -0.14579424 0.02984787 -0.02808780
v -0.14344971 0.03279315 -0.03119183
v -0.14763695 0.02731496 -0.02551218
v -0.14566182 0.02992041 -0.02551229
v -0.14483956 0.03090354 -0.02551234
v -0.14173217 0.03418717 -0.02551252
v -0.15006073 0.02350532 -0.02551206
v -0.15032041 0.02315436 -0.02762425
v -0.15022416 0.02321679 -0.02551205
v -0.15211290 0.01947705 -0.02551195
v -0.15213941 0.01953915 -0.02743980
v -0.15358056 0.01582138 -0.02551188
v -0.15364486 0.01577540 -0.02728745
v -0.15377694 0.01525473 -0.02551187
v -0.15585653 0.00642751 -0.02551174
v -0.15561996 0.00797133 -0.02551175
v -0.15566348 0.00794504 -0.02708237
v -0.15629229 -0.00010642 -0.02551166
v -0.15632932 -0.00011188 -0.02701265
v -0.15621954 -0.00262728 -0.02551163
v -0.15614982 -0.00414814 -0.02702893
v -0.15563041 -0.00815691 -0.02707951
v -0.15573530 -0.00725478 -0.02551163
v -0.15618955 -0.00312169 -0.02551163
v -0.12936865 -0.04335072 -0.04809432
v -0.12805326 -0.04371248 -0.04379781
v -0.12716573 -0.04392438 -0.03935060
v -0.12662841 -0.04404652 -0.03477835
v -0.16659038 -0.03939981 -0.05961189
v -0.16817139 -0.03620430 -0.05315738
v -0.16955991 -0.03194201 -0.04738755
v -0.17073075 -0.02673551 -0.04244835
v -0.17234468 -0.01414936 -0.03556258
v -0.16961430 -0.00720693 -0.03377010
v -0.16989420 0.00006585 -0.03319835
v -0.17289880 0.00008940 -0.03320174
v -0.17276299 0.00730065 -0.03381215
v -0.17235258 0.01429326 -0.03560312
v -0.17167383 0.02086962 -0.03852360
v -0.17074065 0.02683626 -0.04250417
v -0.16818145 0.03625216 -0.05319277
v -0.16744235 0.02100395 -0.03837496
v -0.16880037 0.01437913 -0.03552996
v -0.16526157 0.01451468 -0.03535053
v -0.16962183 0.00733249 -0.03378985
v -0.16649120 0.00738083 -0.03367126
v -0.16597754 0.01099463 -0.03437450
v -0.16434257 0.01793860 -0.03659691
v -0.16557553 0.02700725 -0.04226533
v -0.14801823 0.04004186 -0.05851490
v -0.14338784 0.04041990 -0.05796682
v -0.13883860 0.04099672 -0.05708551
v -0.15045775 0.03859114 -0.05526597
v -0.14623193 0.03895104 -0.05475278
v -0.14207749 0.03949611 -0.05394389
v -0.16446266 0.02971857 -0.04457472
v -0.16043104 0.02729563 -0.04187999
v -0.15786023 0.02753616 -0.04157773
v -0.15532184 0.02789326 -0.04112552
v -0.16107592 0.01140247 -0.03367762
v -0.16087134 0.01492857 -0.03476187
v -0.16173874 0.01480780 -0.03493761
v -0.15957981 0.01846286 -0.03590677
v -0.16051777 0.01831151 -0.03611552
v -0.15801303 0.02185415 -0.03729333
v -0.15903664 0.02167267 -0.03754162
v -0.15618083 0.02508344 -0.03892140
v -0.15730454 0.02487307 -0.03921575
v -0.15408352 0.02813244 -0.04077935
v -0.15044442 0.03127818 -0.04230307
v -0.15290056 0.02840938 -0.04030435
v -0.15510006 0.02532715 -0.03852259
v -0.15702176 0.02206454 -0.03696177
v -0.15866527 0.01863868 -0.03563272
v -0.16002022 0.01506938 -0.03453559
v -0.15940070 -0.00399446 -0.03175121
v -0.15890855 -0.00005115 -0.03131720
v -0.15957430 -0.00003762 -0.03166458
v -0.15874681 0.00393552 -0.03139887
v -0.15941322 0.00393140 -0.03175626
v -0.15825002 0.00787967 -0.03163917
v -0.15891875 0.00785777 -0.03202566
v -0.15741739 0.01178212 -0.03203797
v -0.15809016 0.01174239 -0.03247261
v -0.15625802 0.01558593 -0.03259248
v -0.15693615 0.01552879 -0.03309404
v -0.15477052 0.01929084 -0.03330162
v -0.15233114 0.02292002 -0.03340705
v -0.15413593 0.01934726 -0.03265010
v -0.15562630 0.01562850 -0.03202515
v -0.15678798 0.01181062 -0.03153633
v -0.15762246 0.00789370 -0.03118463
v -0.15812020 0.00393513 -0.03097251
v -0.15771928 -0.00008010 -0.03040801
v -0.15723412 -0.00009297 -0.02983072
v -0.15707235 0.00392930 -0.02988394
v -0.15685526 -0.00010283 -0.02918617
v -0.15669352 0.00392761 -0.02923042
v -0.15658632 -0.00010915 -0.02848968
v -0.15642443 0.00392832 -0.02852464
v -0.15625486 0.00393168 -0.02778285
v -0.15575379 0.00793358 -0.02786002
v -0.15481894 0.01191105 -0.02716822
v -0.15502393 0.01090983 -0.02551180
v -0.15828207 -0.00006580 -0.03090010
v -0.15755740 0.00393249 -0.03047046
v -0.15657403 0.00790949 -0.03004034
v -0.15619481 0.00791609 -0.02936020
v -0.15592486 0.00792393 -0.02862777
v -0.15491286 0.01189392 -0.02798820
v -0.15705922 0.00790286 -0.03065409
v -0.15622388 0.01183163 -0.03095881
v -0.15506129 0.01566097 -0.03138245
v -0.15356992 0.01939098 -0.03192417
v -0.15176462 0.02297461 -0.03258033
v -0.14965978 0.02638647 -0.03335088
v -0.14677446 0.02967687 -0.03308484
v -0.14917548 0.02643816 -0.03233624
v -0.15127875 0.02301864 -0.03168031
v -0.15308370 0.01942616 -0.03112171
v -0.15457535 0.01568691 -0.03066052
v -0.15573826 0.01184812 -0.03029981
v -0.15535820 0.01186303 -0.02957543
v -0.15508658 0.01187801 -0.02879899
v -0.15419437 0.01570971 -0.02987457
v -0.15392071 0.01573138 -0.02903708
v -0.15270169 0.01945662 -0.03025700
v -0.15242554 0.01948472 -0.02934155
v -0.15089619 0.02305635 -0.03072015
v -0.15061772 0.02309045 -0.02971032
v -0.14851335 0.02652080 -0.03014337
v -0.14611304 0.02977022 -0.03063758
v -0.14410624 0.03269171 -0.03392444
v -0.15919405 0.01521873 -0.03426054
v -0.15778495 0.01882492 -0.03529766
v -0.15607595 0.02228720 -0.03655419
v -0.15407799 0.02558495 -0.03803001
v -0.15179148 0.02870220 -0.03971504
v -0.14923877 0.03160467 -0.04160560
v -0.14642040 0.03428248 -0.04369379
v -0.15876374 0.03003706 -0.04412914
v -0.15591609 0.03030470 -0.04378453
v -0.15310735 0.03070270 -0.04326638
v -0.15174115 0.03096936 -0.04286294
v -0.14915419 0.03358286 -0.04516305
v -0.14773217 0.03392296 -0.04451023
v -0.14477871 0.03631868 -0.04691630
v -0.14529315 0.03460333 -0.04268256
v -0.14818326 0.03189601 -0.04074375
v -0.15080182 0.02896341 -0.03898855
v -0.15314823 0.02581467 -0.03742426
v -0.15519899 0.02248535 -0.03605428
v -0.15695368 0.01899024 -0.03488791
v -0.16045660 0.03645615 -0.05279406
v -0.15491621 0.03483428 -0.04929322
v -0.15276150 0.03684698 -0.05218169
v -0.15143000 0.03515245 -0.04886179
v -0.14891781 0.03718701 -0.05170843
v -0.14799760 0.03562846 -0.04820130
v -0.14513639 0.03769855 -0.05097418
v -0.14331077 0.03804291 -0.05037248
v -0.14007600 0.03986414 -0.05326904
v -0.13821787 0.04029187 -0.05229525
v -0.13462996 0.04184236 -0.05524339
v -0.13281538 0.04232339 -0.05385561
v -0.13135926 0.04275184 -0.05211965
v -0.13653931 0.04074413 -0.05106312
v -0.14160742 0.03844259 -0.04951229
v -0.14633669 0.03594809 -0.04766943
v -0.15066151 0.03328932 -0.04562861
v -0.15376882 0.03285156 -0.04621664
v -0.15692215 0.03255792 -0.04660476
v -0.16323350 0.03221154 -0.04711006
v -0.12941138 0.04334235 -0.04810483
v -0.12809952 0.04368606 -0.04381478
v -0.12721355 0.04388310 -0.03935531
v -0.13557485 0.04007399 -0.04055274
v -0.13692588 0.03976483 -0.04394786
v -0.13899474 0.03783511 -0.03907497
v -0.14035363 0.03754605 -0.04206556
v -0.14219451 0.03531622 -0.03770520
v -0.14355415 0.03504992 -0.04032135
v -0.14514299 0.03254367 -0.03644856
v -0.14649884 0.03230157 -0.03872164
v -0.14782031 0.02954359 -0.03531051
v -0.14916952 0.02932679 -0.03727324
v -0.15022577 0.02632218 -0.03429592
v -0.15156552 0.02613324 -0.03598225
v -0.15296854 0.02285013 -0.03416073
v -0.15366097 0.02275898 -0.03485150
v -0.15545541 0.01921650 -0.03388873
v -0.15618326 0.01911832 -0.03441432
v -0.15765172 0.01545208 -0.03353475
v -0.15840074 0.01535075 -0.03392527
v -0.15952833 0.01161307 -0.03317257
v -0.13460140 0.04025751 -0.03695111
v -0.13799208 0.03800906 -0.03586154
v -0.14117162 0.03547794 -0.03485137
v -0.14005856 0.03886512 -0.04842808
v -0.13517028 0.04114725 -0.04952595
v -0.13327035 0.04170483 -0.04596614
v -0.13193426 0.04203212 -0.04213683
v -0.13099898 0.04222326 -0.03811881
v -0.13660538 -0.04138239 -0.05632079
v -0.14002623 -0.03986007 -0.05324604
v -0.13817383 -0.04028469 -0.05227653
v -0.14325894 -0.03804402 -0.05035006
v -0.14156055 -0.03844059 -0.04949390
v -0.14473416 -0.03631621 -0.04689378
v -0.13880463 -0.04099212 -0.05707527
v -0.14203915 -0.03949217 -0.05392465
v -0.14768635 -0.03392126 -0.04448410
v -0.13512482 -0.04114201 -0.04950982
v -0.13322131 -0.04171559 -0.04595030
v -0.15168838 -0.03097511 -0.04283115
v -0.15039456 -0.03128193 -0.04227529
v -0.15285499 -0.02841185 -0.04027598
v -0.15174277 -0.02870297 -0.03968756
v -0.15402617 -0.02559546 -0.03800317
v -0.15309611 -0.02582880 -0.03740036
v -0.15515368 -0.02249917 -0.03603317
v -0.16033766 0.00777805 -0.03263127
v -0.16082078 0.00390127 -0.03230505
v -0.16243334 -0.00001371 -0.03256208
v -0.16391325 -0.00000806 -0.03281737
v -0.16227518 -0.00384980 -0.03268179
v -0.16377087 -0.00377737 -0.03294583
v -0.16181266 -0.00766432 -0.03304879
v -0.16335425 -0.00752605 -0.03334006
v -0.16104756 -0.01141959 -0.03365998
v -0.16266501 -0.01121544 -0.03399650
v -0.15998411 -0.01509142 -0.03451509
v -0.16170689 -0.01482334 -0.03491484
v -0.15954077 -0.01847369 -0.03587977
v -0.16048428 -0.01831812 -0.03608875
v -0.15899946 -0.02168172 -0.03751452
v -0.15614188 -0.01914454 -0.03439867
v -0.15435745 -0.02266457 -0.03546476
v -0.15541080 -0.01926099 -0.03387054
v -0.15361156 -0.02280091 -0.03483280
v -0.15472448 -0.01935745 -0.03328720
v -0.15291761 -0.02291275 -0.03414624
v -0.15408739 -0.01943810 -0.03263249
v -0.15150870 -0.02617461 -0.03596105
v -0.15796937 -0.02186655 -0.03726563
v -0.15862726 -0.01864956 -0.03560858
v -0.15915564 -0.01524073 -0.03424093
v -0.15949762 -0.01163729 -0.03315743
v -0.16031507 -0.00781125 -0.03262120
v -0.16080934 -0.00392605 -0.03229922
v -0.16097842 -0.00001838 -0.03219414
v -0.13094351 -0.04227458 -0.03811079
v -0.13188110 -0.04206468 -0.04211621
v -0.14572471 -0.02996343 -0.02807900
v -0.14337872 -0.03290511 -0.03118763
v -0.14046021 -0.03567985 -0.03180036
v -0.14403985 -0.03278754 -0.03391254
v -0.14111167 -0.03555787 -0.03484017
v -0.14508034 -0.03260684 -0.03642582
v -0.14213768 -0.03536729 -0.03768264
v -0.14644121 -0.03232957 -0.03870009
v -0.14350182 -0.03506950 -0.04030079
v -0.14813025 -0.03190092 -0.04071988
v -0.14524490 -0.03460216 -0.04266010
v -0.14637126 -0.03427907 -0.04366810
v -0.13673219 -0.03837948 -0.02551163
v -0.13729839 -0.03820403 -0.03246854
v -0.13793461 -0.03807887 -0.03585190
v -0.13894004 -0.03787971 -0.03905370
v -0.14030322 -0.03756270 -0.04204739
v -0.14210147 -0.03705788 -0.04477743
v -0.13687301 -0.03978129 -0.04393245
v -0.13551748 -0.04011541 -0.04053307
v -0.13454121 -0.04032101 -0.03694323
v -0.12579197 -0.04430509 -0.02551163
v -0.12615640 -0.04416412 -0.02551163
v -0.12960745 -0.04265246 -0.02551163
v -0.15122150 -0.02314513 -0.03166977
v -0.14959645 -0.02649028 -0.03333781
v -0.14910968 -0.02656043 -0.03232431
v -0.14776297 -0.02960964 -0.03528820
v -0.15352009 -0.01950521 -0.03191270
v -0.15557986 -0.01573835 -0.03201038
v -0.15621391 -0.01566987 -0.03258018
v -0.15689351 -0.01558897 -0.03307864
v -0.14918543 -0.03160687 -0.04157853
v -0.15075332 -0.02896701 -0.03896417
v -0.14911677 -0.02935497 -0.03725146
v -0.14671364 -0.02977838 -0.03307269
v -0.14604799 -0.02988951 -0.03063279
v -0.14844286 -0.02666368 -0.03013832
v -0.15303192 -0.01956118 -0.03111137
v -0.15452571 -0.01584430 -0.03065173
v -0.15501353 -0.01579594 -0.03137269
v -0.15618628 -0.01197071 -0.03095036
v -0.15675145 -0.01192301 -0.03152397
v -0.15759556 -0.00801827 -0.03117641
v -0.15738267 -0.01186705 -0.03202728
v -0.14575526 -0.02981327 -0.02551163
v -0.15237008 -0.01964363 -0.02933673
v -0.15414287 -0.01588380 -0.02986624
v -0.15569918 -0.01201112 -0.03029225
v -0.15703151 -0.00805504 -0.03064847
v -0.15616493 -0.00811193 -0.02935551
v -0.15504466 -0.01207026 -0.02879520
v -0.15589394 -0.00813164 -0.02862525
v -0.15572181 -0.00814630 -0.02785848
v -0.15623865 -0.00414268 -0.02778188
v -0.15477408 -0.01210641 -0.02716392
v -0.15358791 -0.01596054 -0.02728215
v -0.15224013 -0.01919518 -0.02551163
v -0.15351997 -0.01599203 -0.02551163
v -0.15375377 -0.01532294 -0.02551163
v -0.15492222 -0.01133230 -0.02551163
v -0.15558477 -0.00817117 -0.02551163
v -0.15039228 -0.02291995 -0.02551163
v -0.15208007 -0.01969714 -0.02743339
v -0.15386748 -0.01591542 -0.02903289
v -0.15531765 -0.01204410 -0.02956837
v -0.15654522 -0.00808647 -0.03003531
v -0.13998671 -0.03579181 -0.02551163
v -0.14300217 -0.03292903 -0.02551163
v -0.14558788 -0.03001908 -0.02551163
v -0.15873384 -0.00402550 -0.03139471
v -0.15889406 -0.00792785 -0.03201690
v -0.14038332 -0.04158228 -0.06134554
v -0.14336729 -0.04041433 -0.05795646
v -0.15042229 -0.03857632 -0.05524108
v -0.14620690 -0.03894380 -0.05473223
v -0.15272462 -0.03683255 -0.05215714
v -0.14888987 -0.03718288 -0.05168803
v -0.15488134 -0.03481472 -0.04926262
v -0.15140314 -0.03514578 -0.04883581
v -0.15688691 -0.03253251 -0.04656886
v -0.15374027 -0.03284219 -0.04618575
v -0.15588370 -0.03029663 -0.04375125
v -0.15306357 -0.03070674 -0.04323613
v -0.15528183 -0.02789533 -0.04109442
v -0.15403545 -0.02813664 -0.04074714
v -0.15613052 -0.02509592 -0.03888999
v -0.15505147 -0.02533882 -0.03849476
v -0.15697953 -0.02207621 -0.03693718
v -0.15603091 -0.02229745 -0.03653051
v -0.15774445 -0.01883489 -0.03527452
v -0.15691277 -0.01900445 -0.03486718
v -0.15836170 -0.01537800 -0.03390767
v -0.15761198 -0.01549259 -0.03352130
v -0.15876479 -0.01172609 -0.03283519
v -0.15805660 -0.01180208 -0.03245945
v -0.15822443 -0.00797587 -0.03163207
v -0.15810658 -0.00405429 -0.03096786
v -0.15754335 -0.00408010 -0.03046717
v -0.15705775 -0.00410251 -0.02988103
v -0.15667836 -0.00412043 -0.02922774
v -0.15640877 -0.00413368 -0.02852312
v -0.15641706 -0.00011201 -0.02775674
v -0.15616660 0.00393744 -0.02703050
v -0.15625364 0.00192153 -0.02551168
v -0.16556217 -0.02692732 -0.04221814
v -0.16322173 -0.03215055 -0.04706709
v -0.16188434 -0.03441370 -0.04981836
v -0.16044608 -0.03641666 -0.05276472
v -0.15726177 -0.02488237 -0.03918511
v -0.15956801 -0.02455190 -0.03957332
v -0.15783046 -0.02752431 -0.04154342
v -0.16039690 -0.02726199 -0.04184061
v -0.15872626 -0.03000959 -0.04409074
v -0.16188803 -0.02431578 -0.03983073
v -0.16742875 -0.02091243 -0.03833390
v -0.16319667 -0.02118582 -0.03806903
v -0.16431488 -0.01789526 -0.03656313
v -0.16878776 -0.01427159 -0.03549554
v -0.16523562 -0.01447427 -0.03532181
v -0.16595723 -0.01094152 -0.03434972
v -0.16647638 -0.00733132 -0.03365479
v -0.16679028 -0.00366193 -0.03323739
v -0.16689773 0.00002605 -0.03310195
v -0.16679779 0.00372526 -0.03324696
v -0.11161482 0.04729239 -0.02275871
v -0.25336510 -0.06986101 -0.11494131
v -0.25236565 -0.06789060 -0.11580452
v -0.24945801 -0.06633773 -0.11115341
v -0.26238915 -0.07638666 -0.11979409
v -0.26148981 -0.07418291 -0.12164479
v -0.25772563 -0.07321271 -0.11786979
v -0.24438022 -0.02731344 -0.07501815
v -0.24599479 -0.02384650 -0.07449999
v -0.24676228 -0.02707011 -0.07736402
v -0.24111198 -0.03699933 -0.07838258
v -0.24090977 -0.03786609 -0.07884675
v -0.24059795 -0.03699575 -0.07826523
v -0.24206816 -0.03524483 -0.07777596
v -0.24181731 -0.03437496 -0.07715457
v -0.24236701 -0.03261124 -0.07646956
v -0.24317969 -0.03619002 -0.07886379
v -0.24268454 -0.03805866 -0.07939882
v -0.24229658 -0.03615879 -0.07836662
v -0.24727470 -0.03059846 -0.07927725
v -0.24723451 -0.03024953 -0.07917725
v -0.24924108 -0.02670870 -0.07908962
v -0.24406441 -0.03654816 -0.07949080
v -0.24401148 -0.03611727 -0.07932262
v -0.24465229 -0.03422297 -0.07902376
v -0.24307638 -0.03806374 -0.07955543
v -0.24284439 -0.03901181 -0.07981087
v -0.24276726 -0.03853673 -0.07961504
v -0.24261102 -0.04091538 -0.08039015
v -0.24251974 -0.04139340 -0.08053642
v -0.24244101 -0.04090966 -0.08038862
v -0.24227722 -0.04282681 -0.08100926
v -0.24220686 -0.04330413 -0.08117843
v -0.24211949 -0.04280537 -0.08105919
v -0.24250866 -0.04235112 -0.08080484
v -0.24259280 -0.04186961 -0.08065995
v -0.24266033 -0.04233614 -0.08075767
v -0.24268225 -0.04138811 -0.08052051
v -0.24277699 -0.04090671 -0.08038647
v -0.24284109 -0.04136658 -0.08049785
v -0.24235637 -0.04331388 -0.08111122
v -0.24242985 -0.04283258 -0.08095524
v -0.24250118 -0.04330607 -0.08103856
v -0.24529681 -0.03624450 -0.07959779
v -0.24566753 -0.03528615 -0.07953743
v -0.24570821 -0.03584048 -0.07938745
v -0.24462126 -0.03818851 -0.07974481
v -0.24494800 -0.03721217 -0.07966667
v -0.24498743 -0.03777830 -0.07949311
v -0.24348903 -0.04146530 -0.08028881
v -0.24327643 -0.04245899 -0.08044792
v -0.24323884 -0.04208031 -0.08047166
v -0.24308693 -0.04345574 -0.08062276
v -0.24292070 -0.04445487 -0.08081397
v -0.24287830 -0.04406576 -0.08086400
v -0.24277779 -0.04545565 -0.08102208
v -0.24265833 -0.04645734 -0.08124761
v -0.24260990 -0.04605687 -0.08132743
v -0.24044706 -0.04177384 -0.08122598
v -0.24027354 -0.04128087 -0.08098061
v -0.24040590 -0.04043568 -0.08040592
v -0.24154988 -0.04312224 -0.08142275
v -0.24166672 -0.04364847 -0.08157927
v -0.24156758 -0.04457166 -0.08203126
v -0.24060214 -0.05467530 -0.10075411
v -0.24154165 -0.05597744 -0.10139221
v -0.24313821 -0.05789194 -0.10613655
v -0.24245283 -0.05738330 -0.10184537
v -0.24333157 -0.05887781 -0.10209715
v -0.24515586 -0.06099276 -0.10681014
v -0.24222548 -0.04427575 -0.08144028
v -0.24228825 -0.04379496 -0.08127285
v -0.24236375 -0.04427570 -0.08134103
v -0.24211624 -0.04523620 -0.08179261
v -0.24216814 -0.04475618 -0.08161353
v -0.24224821 -0.04524443 -0.08166584
v -0.24218470 -0.05249417 -0.08446290
v -0.24238880 -0.05350794 -0.08415325
v -0.24288163 -0.05736078 -0.08601989
v -0.24957700 -0.02927760 -0.07855491
v -0.25200504 -0.02588602 -0.07859620
v -0.25204584 -0.02614840 -0.07804937
v -0.24628067 -0.05900282 -0.11524299
v -0.23808300 -0.04432433 -0.08474672
v -0.25583926 -0.01626101 -0.07900988
v -0.25369453 -0.01873213 -0.07867973
v -0.25318319 -0.01712517 -0.07757906
v -0.25606561 -0.01689589 -0.07933749
v -0.25614128 -0.01711320 -0.07943533
v -0.25391713 -0.01949314 -0.07908695
v -0.25642714 -0.01795799 -0.07973002
v -0.25649983 -0.01817908 -0.07978006
v -0.25420666 -0.02054485 -0.07947383
v -0.25673208 -0.01890331 -0.07983684
v -0.25679380 -0.01910078 -0.07981618
v -0.25587279 -0.01998092 -0.07970316
v -0.25732771 -0.02092003 -0.07716073
v -0.25486946 -0.02330241 -0.07664944
v -0.25484601 -0.02319068 -0.07745114
v -0.31084418 -0.08644944 -0.06621312
v -0.31013659 -0.08698191 -0.06666768
v -0.30663720 -0.08929984 -0.06678550
v -0.31279182 -0.08485685 -0.06621315
v -0.31265566 -0.08418169 -0.09479915
v -0.31253034 -0.08361910 -0.10000263
v -0.30990681 -0.08572363 -0.09975418
v -0.31247324 -0.08337325 -0.10182433
v -0.31220520 -0.08227966 -0.10825938
v -0.30943760 -0.08360071 -0.11136082
v -0.31092402 -0.07781211 -0.12317494
v -0.31038371 -0.07615705 -0.12662421
v -0.30793962 -0.07816242 -0.12624814
v -0.30826730 -0.07045978 -0.13464069
v -0.30767345 -0.06903177 -0.13603523
v -0.30515447 -0.07039706 -0.13622023
v -0.28453210 -0.04552741 -0.14373295
v -0.28698102 -0.04313577 -0.14419553
v -0.28784981 -0.04018365 -0.14438522
v -0.29143465 -0.04372675 -0.14451645
v -0.28973195 -0.04589061 -0.14428598
v -0.29464021 -0.04734001 -0.14440906
v -0.29471892 -0.05179897 -0.14395604
v -0.29641768 -0.04955911 -0.14421470
v -0.29988682 -0.05442297 -0.14340414
v -0.29745552 -0.05093559 -0.14404146
v -0.29665866 -0.04987317 -0.14417882
v -0.30710015 -0.06770973 -0.13717240
v -0.30654728 -0.06648294 -0.13811246
v -0.30388674 -0.06744127 -0.13848032
v -0.30524707 -0.06376298 -0.13986260
v -0.30243540 -0.06437013 -0.14028335
v -0.30373469 -0.06085249 -0.14131796
v -0.30079496 -0.06122746 -0.14168255
v -0.30196452 -0.05773836 -0.14249630
v -0.29896218 -0.05805702 -0.14272985
v -0.30100071 -0.05615832 -0.14296924
v -0.30865550 -0.07142875 -0.13358159
v -0.30951548 -0.07368823 -0.13068342
v -0.30927160 -0.07303048 -0.13159603
v -0.30624610 -0.07319500 -0.13345280
v -0.31271186 -0.08444811 -0.09135146
v -0.29501134 -0.09402891 -0.06729992
v -0.29963276 -0.09262747 -0.06621304
v -0.29903716 -0.09284094 -0.06710283
v -0.30261266 -0.09140337 -0.06621311
v -0.30292490 -0.09125943 -0.06693106
v -0.30360168 -0.09093682 -0.06621310
v -0.30734506 -0.08887049 -0.06621315
v -0.27833781 -0.09467276 -0.06832502
v -0.28341940 -0.09518092 -0.06621271
v -0.28250948 -0.09513541 -0.06803484
v -0.28746209 -0.09514593 -0.06621276
v -0.28670648 -0.09518185 -0.06776670
v -0.29030830 -0.09488831 -0.06621278
v -0.29088786 -0.09481193 -0.06752142
v -0.29148147 -0.09472521 -0.06621282
v -0.29587418 -0.09381063 -0.06621294
v -0.26271394 -0.08881291 -0.06967627
v -0.26721197 -0.09125251 -0.06621250
v -0.26638192 -0.09085431 -0.06931467
v -0.27112567 -0.09284468 -0.06621261
v -0.27023390 -0.09252161 -0.06896678
v -0.27323902 -0.09352193 -0.06621260
v -0.27423221 -0.09379860 -0.06863619
v -0.27523834 -0.09405249 -0.06621268
v -0.27943262 -0.09483489 -0.06621279
v -0.25989869 -0.08689576 -0.06621251
v -0.26164302 -0.08812251 -0.06621256
v -0.26334330 -0.08919771 -0.06621247
v -0.25316808 -0.08066482 -0.07078364
v -0.25645512 -0.08404769 -0.06621233
v -0.25607458 -0.08369319 -0.07041705
v -0.25926715 -0.08641817 -0.07004581
v -0.24643564 -0.07007252 -0.07179521
v -0.24843834 -0.07401972 -0.06621241
v -0.24832481 -0.07382105 -0.07147868
v -0.25078216 -0.07765147 -0.06621204
v -0.25057629 -0.07736321 -0.07113952
v -0.25219697 -0.07950538 -0.06621220
v -0.25359008 -0.08114332 -0.06621247
v -0.24292034 -0.05598097 -0.06621263
v -0.24306804 -0.05759972 -0.06621251
v -0.24311064 -0.05797027 -0.07254951
v -0.24372765 -0.06170151 -0.06621314
v -0.24381576 -0.06210805 -0.07233620
v -0.24465854 -0.06530680 -0.06621242
v -0.24492778 -0.06615565 -0.07208298
v -0.24538660 -0.06747604 -0.06621236
v -0.24677798 -0.07082492 -0.06621175
v -0.24282031 -0.05381500 -0.06621256
v -0.24281959 -0.05378303 -0.07271906
v -0.24291664 -0.04996645 -0.06621265
v -0.24294509 -0.04958760 -0.07284459
v -0.24294671 -0.04956825 -0.06621267
v -0.24348648 -0.04542501 -0.07292952
v -0.24337392 -0.04607674 -0.06621267
v -0.24443769 -0.04133690 -0.07298166
v -0.24419186 -0.04223488 -0.06621260
v -0.24538200 -0.03843417 -0.06621242
v -0.24579000 -0.03736331 -0.07301071
v -0.24588794 -0.03711885 -0.06621219
v -0.24752955 -0.03354352 -0.07302501
v -0.24693125 -0.03474794 -0.06621249
v -0.24963963 -0.02991498 -0.07302750
v -0.24883194 -0.03120809 -0.06621239
v -0.25117305 -0.02771227 -0.06621265
v -0.25209892 -0.02651373 -0.07301664
v -0.25241515 -0.02612412 -0.06621251
v -0.25488389 -0.02337305 -0.07298758
v -0.25377700 -0.02454709 -0.06621267
v -0.25684211 -0.02149813 -0.06621250
v -0.25735983 -0.02104055 -0.07471123
v -0.25735998 -0.02104083 -0.06621253
v -0.25726125 -0.02067859 -0.07826310
v -0.25480667 -0.02300804 -0.07814647
v -0.25725937 -0.02067192 -0.07828310
v -0.25722712 -0.02055712 -0.07858329
v -0.25474846 -0.02274573 -0.07871538
v -0.25719032 -0.02042753 -0.07884675
v -0.25718436 -0.02040672 -0.07888345
v -0.25613743 -0.02093102 -0.07925729
v -0.25712427 -0.02019843 -0.07918741
v -0.25708279 -0.02005635 -0.07934362
v -0.25704983 -0.01994450 -0.07944471
v -0.25601867 -0.02049726 -0.07955565
v -0.25703186 -0.01988382 -0.07949270
v -0.25686547 -0.01933280 -0.07976587
v -0.25689393 -0.01942576 -0.07973658
v -0.25696194 -0.01964999 -0.07964032
v -0.25656629 -0.01838341 -0.07981407
v -0.25663468 -0.01859620 -0.07983541
v -0.25569943 -0.01938771 -0.07970217
v -0.25493628 -0.01394364 -0.07741808
v -0.25194100 -0.01395426 -0.07473867
v -0.25364220 -0.01120101 -0.07496198
v -0.24246757 -0.02937366 -0.07451052
v -0.23991749 -0.03547617 -0.07705452
v -0.24072987 -0.03451693 -0.07671243
v -0.23949181 -0.03710239 -0.07813081
v -0.24005744 -0.03702699 -0.07818235
v -0.23986441 -0.03785126 -0.07872738
v -0.23930204 -0.03790462 -0.07870910
v -0.23912817 -0.03869922 -0.07931369
v -0.23836391 -0.04140686 -0.08168866
v -0.23861039 -0.03989211 -0.08030154
v -0.23818719 -0.04288495 -0.08317164
v -0.23805366 -0.04572245 -0.08641063
v -0.23822714 -0.04838353 -0.08999617
v -0.23879880 -0.05015402 -0.09224419
v -0.23856680 -0.04887434 -0.09031805
v -0.23911545 -0.05137942 -0.09425189
v -0.23951995 -0.05254502 -0.09634016
v -0.24001433 -0.05364573 -0.09850768
v -0.24207304 -0.05649495 -0.10545860
v -0.24396215 -0.05795209 -0.11034492
v -0.24901541 -0.05961458 -0.11994485
v -0.25211176 -0.05976947 -0.12426637
v -0.25546461 -0.05948252 -0.12809893
v -0.25895911 -0.05879985 -0.13142578
v -0.26251093 -0.05784146 -0.13418016
v -0.26603764 -0.05663931 -0.13646127
v -0.26948768 -0.05521455 -0.13835835
v -0.27282318 -0.05360010 -0.13992511
v -0.27904019 -0.04987155 -0.14225645
v -0.24379972 -0.06200327 -0.07783134
v -0.24372791 -0.06156523 -0.08044568
v -0.24309896 -0.05787142 -0.07744639
v -0.24304578 -0.05745854 -0.07972214
v -0.24281175 -0.05368981 -0.07713959
v -0.24277483 -0.05330083 -0.07914027
v -0.24294023 -0.04949949 -0.07691137
v -0.24291603 -0.04913212 -0.07870141
v -0.24348348 -0.04534128 -0.07675587
v -0.24443546 -0.04125687 -0.07665952
v -0.24346748 -0.04499252 -0.07839607
v -0.24578749 -0.03728646 -0.07660554
v -0.24442293 -0.04092377 -0.07820099
v -0.24440919 -0.04062730 -0.07880851
v -0.24345036 -0.04468191 -0.07906258
v -0.24309030 -0.04631659 -0.07982673
v -0.25208914 -0.02644301 -0.07659599
v -0.24963339 -0.02984312 -0.07657526
v -0.25207311 -0.02633117 -0.07737599
v -0.24962290 -0.02972952 -0.07734780
v -0.24960472 -0.02954394 -0.07801428
v -0.24292338 -0.05660262 -0.08165927
v -0.24261771 -0.05192421 -0.08141694
v -0.24268697 -0.05249535 -0.08077185
v -0.24280590 -0.04783387 -0.08060600
v -0.24285536 -0.04837220 -0.08009169
v -0.24328928 -0.05923971 -0.08463281
v -0.24256347 -0.05443834 -0.08371711
v -0.24270976 -0.05527117 -0.08315408
v -0.24241780 -0.05046219 -0.08233362
v -0.24252863 -0.05124401 -0.08193853
v -0.24249031 -0.04846121 -0.08175350
v -0.24243459 -0.04804849 -0.08186667
v -0.24228352 -0.04958953 -0.08260238
v -0.24237336 -0.04761539 -0.08194856
v -0.24220715 -0.04912328 -0.08269022
v -0.24212444 -0.04863960 -0.08274781
v -0.24224520 -0.04814439 -0.08233441
v -0.24216758 -0.04766840 -0.08237345
v -0.24208373 -0.04717730 -0.08238325
v -0.24203524 -0.04814051 -0.08277589
v -0.24210761 -0.05057385 -0.08356202
v -0.24228825 -0.05155503 -0.08333746
v -0.24251053 -0.04705288 -0.08158737
v -0.24245332 -0.04662637 -0.08165211
v -0.24230643 -0.04716364 -0.08199974
v -0.24239065 -0.04618153 -0.08168618
v -0.24223362 -0.04669512 -0.08202101
v -0.24232233 -0.04572024 -0.08169044
v -0.24215479 -0.04621179 -0.08201324
v -0.24206983 -0.04571575 -0.08197750
v -0.24199352 -0.04667323 -0.08236478
v -0.24193947 -0.04762816 -0.08277537
v -0.24200687 -0.05005815 -0.08362878
v -0.24189909 -0.04952859 -0.08366614
v -0.24195054 -0.05141359 -0.08464885
v -0.24178420 -0.04898744 -0.08367492
v -0.24168611 -0.05028449 -0.08471600
v -0.24166219 -0.04843706 -0.08365609
v -0.24153306 -0.04787984 -0.08361069
v -0.24139683 -0.04731819 -0.08353987
v -0.24154258 -0.04970779 -0.08470706
v -0.24180175 -0.05211191 -0.08587030
v -0.24201058 -0.05391608 -0.08711555
v -0.24233560 -0.05512419 -0.08688129
v -0.24310146 -0.05872909 -0.08944915
v -0.24179940 -0.04804792 -0.08319923
v -0.24183702 -0.04710475 -0.08274724
v -0.24168396 -0.04750675 -0.08316223
v -0.24172789 -0.04657258 -0.08269262
v -0.24156161 -0.04695895 -0.08309932
v -0.24161199 -0.04603396 -0.08261272
v -0.24189685 -0.04615835 -0.08231911
v -0.24179366 -0.04563493 -0.08224744
v -0.24168392 -0.04510526 -0.08215104
v -0.24172403 -0.04318566 -0.08136287
v -0.24183157 -0.04370611 -0.08150554
v -0.24177709 -0.04417324 -0.08171444
v -0.24193275 -0.04422287 -0.08162569
v -0.24188104 -0.04469423 -0.08182680
v -0.24202763 -0.04473364 -0.08172183
v -0.24197860 -0.04520915 -0.08191493
v -0.24167535 -0.04220453 -0.08098207
v -0.24185394 -0.04225784 -0.08094931
v -0.24178645 -0.04272210 -0.08115288
v -0.24195607 -0.04276989 -0.08110661
v -0.24189124 -0.04323831 -0.08130293
v -0.24205200 -0.04327838 -0.08124188
v -0.24198975 -0.04375090 -0.08143070
v -0.24214178 -0.04378108 -0.08135357
v -0.24208203 -0.04425760 -0.08153471
v -0.24254070 -0.04885194 -0.08160858
v -0.24255641 -0.04563671 -0.08137587
v -0.24249768 -0.04519856 -0.08139365
v -0.24243352 -0.04474425 -0.08138169
v -0.24337026 -0.05941627 -0.09771837
v -0.24153890 -0.05511589 -0.09378976
v -0.24215595 -0.05652273 -0.09382109
v -0.24078524 -0.05212079 -0.09013738
v -0.24131593 -0.05342910 -0.09027068
v -0.24103230 -0.05182118 -0.08863076
v -0.24114509 -0.05505505 -0.09739532
v -0.24191923 -0.05644697 -0.09768216
v -0.24021539 -0.05246713 -0.09328138
v -0.24089079 -0.05375754 -0.09360699
v -0.24034396 -0.05374961 -0.09694341
v -0.23988523 -0.05253518 -0.09484164
v -0.23951671 -0.05126147 -0.09282321
v -0.23810108 -0.04707645 -0.08816113
v -0.24054249 -0.05056052 -0.08844762
v -0.24022643 -0.05086126 -0.08988192
v -0.24002567 -0.04934862 -0.08815554
v -0.24083832 -0.05017808 -0.08708381
v -0.24038754 -0.04896373 -0.08685154
v -0.24052960 -0.04791433 -0.08550287
v -0.24073318 -0.04850404 -0.08563199
v -0.24071534 -0.04680247 -0.08427849
v -0.24089494 -0.04737817 -0.08441157
v -0.24328318 -0.05939476 -0.09340484
v -0.24181542 -0.05476591 -0.09027405
v -0.24228096 -0.05610964 -0.09014110
v -0.24126045 -0.05142197 -0.08721048
v -0.24165177 -0.05267499 -0.08722341
v -0.24111934 -0.04970346 -0.08581794
v -0.24147600 -0.05091291 -0.08590009
v -0.24123323 -0.04854254 -0.08460905
v -0.24139158 -0.04912631 -0.08467106
v -0.24125358 -0.04675457 -0.08344480
v -0.24129619 -0.04585300 -0.08290070
v -0.24110338 -0.04619138 -0.08332678
v -0.24106763 -0.04795900 -0.08452216
v -0.24094634 -0.04563106 -0.08318709
v -0.24052902 -0.04623429 -0.08412419
v -0.24073850 -0.04594220 -0.08363980
v -0.24135998 -0.04494685 -0.08238219
v -0.24115321 -0.04529965 -0.08276758
v -0.24159065 -0.04027047 -0.08014414
v -0.24170877 -0.04077551 -0.08036429
v -0.24155793 -0.04168786 -0.08079209
v -0.24129696 -0.04207451 -0.08105181
v -0.24131517 -0.04350203 -0.08172720
v -0.24117918 -0.04297062 -0.08154587
v -0.24122392 -0.04440308 -0.08223431
v -0.24108125 -0.04386231 -0.08206657
v -0.24100353 -0.04474923 -0.08261372
v -0.24084724 -0.04420405 -0.08244053
v -0.24078259 -0.04507596 -0.08302706
v -0.24061231 -0.04452838 -0.08284806
v -0.24056037 -0.04538445 -0.08347309
v -0.24037583 -0.04483647 -0.08328762
v -0.24033624 -0.04567591 -0.08394994
v -0.24013725 -0.04512956 -0.08375701
v -0.24031939 -0.04733445 -0.08535124
v -0.24010281 -0.04676670 -0.08517829
v -0.24043572 -0.04399054 -0.08265145
v -0.24051550 -0.04313844 -0.08204172
v -0.24068451 -0.04366640 -0.08224939
v -0.24077655 -0.04279880 -0.08167730
v -0.24093209 -0.04332680 -0.08188041
v -0.24088810 -0.04192590 -0.08113208
v -0.24103679 -0.04244451 -0.08134699
v -0.24101879 -0.04104799 -0.08061395
v -0.24116099 -0.04155751 -0.08084047
v -0.24130429 -0.04066615 -0.08036099
v -0.24061482 -0.04228046 -0.08145868
v -0.24073327 -0.04141689 -0.08090262
v -0.24087049 -0.04054802 -0.08037379
v -0.24102612 -0.03967420 -0.07987238
v -0.24072441 -0.03872798 -0.07933877
v -0.24055633 -0.03958461 -0.07985856
v -0.24034046 -0.04262229 -0.08181891
v -0.24025303 -0.04346459 -0.08243858
v -0.24018516 -0.04430044 -0.08308471
v -0.24015960 -0.04211990 -0.08158232
v -0.24006450 -0.04295250 -0.08221078
v -0.23998861 -0.04377838 -0.08286566
v -0.23993234 -0.04459728 -0.08354668
v -0.24143234 -0.04640689 -0.08301172
v -0.24148935 -0.04549126 -0.08250879
v -0.24144465 -0.04403647 -0.08188949
v -0.24142662 -0.04259683 -0.08124642
v -0.24143423 -0.04117434 -0.08058453
v -0.24146639 -0.03977078 -0.07990870
v -0.23918009 -0.04465767 -0.08429773
v -0.23941074 -0.04669811 -0.08610644
v -0.23915315 -0.04617754 -0.08586864
v -0.23948506 -0.04820326 -0.08776363
v -0.23920694 -0.04766041 -0.08753324
v -0.23964290 -0.04966885 -0.08951320
v -0.23903839 -0.04855928 -0.08904097
v -0.23906066 -0.04264542 -0.08255618
v -0.23893729 -0.04417969 -0.08403640
v -0.23889108 -0.04567866 -0.08561261
v -0.23892424 -0.04713962 -0.08728153
v -0.23841690 -0.04754501 -0.08847551
v -0.23890302 -0.04939167 -0.09061615
v -0.23834707 -0.04616963 -0.08671901
v -0.23872952 -0.04803961 -0.08876923
v -0.23923525 -0.04993451 -0.09088900
v -0.23988576 -0.05109149 -0.09135324
v -0.24051426 -0.05233232 -0.09169985
v -0.23966339 -0.04723886 -0.08632483
v -0.23941846 -0.04515693 -0.08454376
v -0.23928562 -0.04310359 -0.08282380
v -0.23988022 -0.04621321 -0.08498524
v -0.23972186 -0.04408103 -0.08332022
v -0.23978651 -0.04327223 -0.08263177
v -0.23987043 -0.04245616 -0.08196937
v -0.23997322 -0.04163312 -0.08133331
v -0.24009450 -0.04080336 -0.08072391
v -0.24023384 -0.03996716 -0.08014150
v -0.24039088 -0.03912478 -0.07958638
v -0.24040081 -0.03784165 -0.07877189
v -0.23991069 -0.04779801 -0.08652261
v -0.23965198 -0.04567601 -0.08477333
v -0.23950616 -0.04358259 -0.08307886
v -0.23957920 -0.04278371 -0.08238428
v -0.23967116 -0.04197730 -0.08171560
v -0.23978163 -0.04116362 -0.08107313
v -0.23991023 -0.04034296 -0.08045720
v -0.24005654 -0.03951555 -0.07986815
v -0.24022022 -0.03868169 -0.07930629
v -0.24004461 -0.03825678 -0.07901957
v -0.23972107 -0.03990116 -0.08018171
v -0.23952740 -0.03947924 -0.07989860
v -0.23925842 -0.04107798 -0.08117580
v -0.23958516 -0.04071295 -0.08080302
v -0.23946701 -0.04151746 -0.08145069
v -0.23936704 -0.04231443 -0.08212440
v -0.23835549 -0.04475110 -0.08505052
v -0.23844033 -0.04329243 -0.08347230
v -0.23859930 -0.04179621 -0.08198762
v -0.23882963 -0.04026451 -0.08060028
v -0.23863745 -0.04664233 -0.08700971
v -0.23862502 -0.04520283 -0.08533952
v -0.23869054 -0.04372427 -0.08376090
v -0.23883171 -0.04220931 -0.08227711
v -0.23904581 -0.04066003 -0.08089200
v -0.23932962 -0.03907831 -0.07960893
v -0.23968759 -0.03866877 -0.07929956
v -0.24435830 -0.03974975 -0.07963020
v -0.24438824 -0.04023610 -0.07928762
v -0.24382526 -0.04174585 -0.07980461
v -0.24385750 -0.04224353 -0.07942935
v -0.24338841 -0.04376180 -0.08002173
v -0.24342465 -0.04427186 -0.07960729
v -0.24304830 -0.04579298 -0.08028738
v -0.24258599 -0.04921931 -0.08143167
v -0.24270192 -0.04683657 -0.08113582
v -0.24274088 -0.04719318 -0.08099172
v -0.24281842 -0.04582943 -0.08092549
v -0.24299242 -0.04517005 -0.08061664
v -0.24295865 -0.04482341 -0.08073168
v -0.24302222 -0.04549356 -0.08046854
v -0.24315412 -0.04416120 -0.08045198
v -0.24312253 -0.04381926 -0.08055385
v -0.24273254 -0.04506096 -0.08108656
v -0.24372442 -0.04047529 -0.08014438
v -0.24345332 -0.04109149 -0.08030070
v -0.24336572 -0.04347019 -0.08017868
v -0.24333964 -0.04315518 -0.08030190
v -0.24357346 -0.04246370 -0.08005367
v -0.24354886 -0.04215265 -0.08016580
v -0.24380495 -0.04146138 -0.07994086
v -0.24378152 -0.04115414 -0.08004273
v -0.24403767 -0.04016028 -0.07993194
v -0.24431756 -0.03917164 -0.07983293
v -0.24501644 -0.03825469 -0.07917722
v -0.24575984 -0.03668224 -0.07865681
v -0.24573842 -0.03630695 -0.07909296
v -0.24655351 -0.03439656 -0.07903028
v -0.24652034 -0.03393936 -0.07930816
v -0.24647632 -0.03339603 -0.07943974
v -0.24577412 -0.03696673 -0.07808693
v -0.24489641 -0.03656299 -0.07969938
v -0.24456909 -0.03753255 -0.07979241
v -0.24453783 -0.03717597 -0.07976527
v -0.24330997 -0.04281771 -0.08039152
v -0.24352080 -0.04181946 -0.08024403
v -0.24375476 -0.04082505 -0.08011042
v -0.24401192 -0.03983513 -0.07998992
v -0.24429259 -0.03885018 -0.07988203
v -0.24459682 -0.03787048 -0.07978584
v -0.24492383 -0.03689742 -0.07970037
v -0.24527253 -0.03593304 -0.07962488
v -0.24564277 -0.03497799 -0.07955861
v -0.24641989 -0.03277298 -0.07942708
v -0.24268244 -0.04464693 -0.08111957
v -0.24262731 -0.04421521 -0.08112190
v -0.24256696 -0.04376762 -0.08109453
v -0.24304710 -0.04307197 -0.08065920
v -0.24283127 -0.04365762 -0.08088244
v -0.24300280 -0.04266947 -0.08066394
v -0.24277939 -0.04323208 -0.08087015
v -0.24295382 -0.04224987 -0.08063788
v -0.24272247 -0.04279097 -0.08082818
v -0.24289998 -0.04181495 -0.08058210
v -0.24235283 -0.04234920 -0.08084592
v -0.24219216 -0.04233192 -0.08088263
v -0.24304341 -0.04039805 -0.08025858
v -0.24287702 -0.04042550 -0.08025776
v -0.24298234 -0.03994455 -0.08013432
v -0.24280918 -0.03995949 -0.08011427
v -0.24291605 -0.03948178 -0.07998453
v -0.24263252 -0.03996068 -0.08008837
v -0.24270751 -0.04043738 -0.08024945
v -0.24253422 -0.04043519 -0.08023562
v -0.24235654 -0.04042051 -0.08021813
v -0.24187879 -0.03986017 -0.07996295
v -0.24217387 -0.04039497 -0.08019871
v -0.24208647 -0.04086142 -0.08037697
v -0.24226636 -0.04089111 -0.08038367
v -0.24218121 -0.04136143 -0.08055521
v -0.24235293 -0.04138398 -0.08054741
v -0.24226998 -0.04185809 -0.08071207
v -0.24243367 -0.04187137 -0.08068833
v -0.24319693 -0.04168320 -0.08046356
v -0.24341349 -0.04069952 -0.08028060
v -0.24315052 -0.04126927 -0.08042455
v -0.24336930 -0.04029099 -0.08022949
v -0.24309941 -0.04084027 -0.08035580
v -0.24332054 -0.03986763 -0.08014858
v -0.24326703 -0.03943127 -0.08003917
v -0.24320862 -0.03898384 -0.07990278
v -0.24314511 -0.03852731 -0.07974097
v -0.24369030 -0.04010614 -0.08014526
v -0.24365215 -0.03971910 -0.08011398
v -0.24360977 -0.03931574 -0.08005156
v -0.24356297 -0.03889779 -0.07995925
v -0.24351156 -0.03846704 -0.07983844
v -0.24345537 -0.03802541 -0.07969066
v -0.24339421 -0.03757486 -0.07951752
v -0.24332798 -0.03711741 -0.07932079
v -0.24325651 -0.03665510 -0.07910225
v -0.24389130 -0.03523160 -0.07891232
v -0.24395382 -0.03567776 -0.07912918
v -0.24372274 -0.03706990 -0.07949737
v -0.24377713 -0.03750599 -0.07965576
v -0.24382684 -0.03793137 -0.07978719
v -0.24387206 -0.03834416 -0.07989006
v -0.24391298 -0.03874257 -0.07996298
v -0.24394979 -0.03912489 -0.08000462
v -0.24398270 -0.03948957 -0.08001392
v -0.24550949 -0.03356571 -0.07930186
v -0.24554831 -0.03394297 -0.07941514
v -0.24517950 -0.03488697 -0.07950021
v -0.24558334 -0.03430508 -0.07949650
v -0.24521407 -0.03525295 -0.07957514
v -0.24561477 -0.03465056 -0.07954470
v -0.24524502 -0.03560211 -0.07961706
v -0.24486554 -0.03621012 -0.07966448
v -0.24450286 -0.03680218 -0.07970544
v -0.24483098 -0.03584025 -0.07959672
v -0.24446395 -0.03641273 -0.07961407
v -0.24479257 -0.03545490 -0.07949729
v -0.24475010 -0.03505573 -0.07936760
v -0.24546668 -0.03317493 -0.07915814
v -0.24411276 -0.03696851 -0.07963201
v -0.24470340 -0.03464448 -0.07920919
v -0.24536850 -0.03235969 -0.07878596
v -0.24415673 -0.03737645 -0.07974461
v -0.24419650 -0.03777021 -0.07982715
v -0.24423227 -0.03814811 -0.07987830
v -0.24426422 -0.03850858 -0.07989692
v -0.25167319 -0.02400759 -0.07933078
v -0.25178397 -0.02459606 -0.07936999
v -0.25056398 -0.02625559 -0.07932740
v -0.25187555 -0.02510868 -0.07926156
v -0.25064164 -0.02677082 -0.07922311
v -0.25194883 -0.02553962 -0.07900286
v -0.25070325 -0.02720407 -0.07896884
v -0.25466919 -0.02239931 -0.07914408
v -0.25456715 -0.02196814 -0.07942465
v -0.25444129 -0.02145501 -0.07955462
v -0.25327188 -0.02393676 -0.07906032
v -0.25318506 -0.02350652 -0.07932772
v -0.25307739 -0.02299461 -0.07944469
v -0.25429100 -0.02086564 -0.07953647
v -0.24953802 -0.02892611 -0.07895611
v -0.24948624 -0.02848900 -0.07921014
v -0.24942027 -0.02796930 -0.07931465
v -0.24933890 -0.02737301 -0.07927219
v -0.25161037 -0.02368743 -0.07925782
v -0.25411618 -0.02020827 -0.07937706
v -0.25628167 -0.01752334 -0.07959691
v -0.24752569 -0.03346957 -0.07657921
v -0.24750683 -0.03316183 -0.07802794
v -0.24748781 -0.03288796 -0.07857630
v -0.24845605 -0.03070170 -0.07896265
v -0.24841224 -0.03025924 -0.07922050
v -0.24835573 -0.02973329 -0.07932958
v -0.24828519 -0.02912996 -0.07929230
v -0.24929209 -0.02704873 -0.07919783
v -0.25154257 -0.02335162 -0.07915089
v -0.24746028 -0.03252663 -0.07898725
v -0.24742264 -0.03207745 -0.07925300
v -0.24737340 -0.03154359 -0.07937104
v -0.24731115 -0.03093132 -0.07934362
v -0.25139174 -0.02263851 -0.07884099
v -0.24202605 -0.04230089 -0.08091658
v -0.24210110 -0.04183139 -0.08073283
v -0.24192648 -0.04179294 -0.08075216
v -0.24200399 -0.04132744 -0.08056142
v -0.24182072 -0.04128373 -0.08056752
v -0.24179141 -0.04031818 -0.08016036
v -0.24184546 -0.03796979 -0.07908502
v -0.24206206 -0.03706527 -0.07871281
v -0.24206775 -0.03894245 -0.07958744
v -0.24227554 -0.03802289 -0.07923739
v -0.24226621 -0.03992814 -0.08002663
v -0.24246559 -0.03899369 -0.07970071
v -0.24255191 -0.03947873 -0.07990488
v -0.24119975 -0.03879574 -0.07939857
v -0.24139099 -0.03791303 -0.07895238
v -0.24164686 -0.03887180 -0.07948355
v -0.24197091 -0.03940158 -0.07977199
v -0.24159954 -0.03702664 -0.07853336
v -0.24281761 -0.03434308 -0.07774929
v -0.24340774 -0.03252786 -0.07722867
v -0.24375112 -0.03432740 -0.07841595
v -0.24511786 -0.03064639 -0.07775550
v -0.24525256 -0.03151177 -0.07831308
v -0.24133074 -0.03612823 -0.07794592
v -0.24125296 -0.03281697 -0.07587031
v -0.24104024 -0.03528797 -0.07733523
v -0.24297863 -0.03084219 -0.07588821
v -0.24703340 -0.02872322 -0.07847097
v -0.24979672 -0.01713951 -0.07437676
v -0.25081891 -0.02028139 -0.07727838
v -0.25122067 -0.02188025 -0.07841472
v -0.24912600 -0.02598702 -0.07877744
v -0.24719042 -0.02988594 -0.07904499
v -0.24634962 -0.03207931 -0.07927639
v -0.24638657 -0.03243431 -0.07936844
v -0.24780901 -0.02044581 -0.07429414
v -0.24867171 -0.02360564 -0.07720874
v -0.24899301 -0.02522022 -0.07834914
v -0.24714229 -0.02950926 -0.07888202
v -0.28173706 -0.08884268 -0.11384790
v -0.28200746 -0.09053188 -0.10937080
v -0.28591865 -0.08867421 -0.11549079
v -0.28619668 -0.09042195 -0.11087845
v -0.29004642 -0.08814020 -0.11696213
v -0.29034159 -0.08993330 -0.11224010
v -0.29408029 -0.08724599 -0.11826413
v -0.29440156 -0.08907068 -0.11345436
v -0.29798266 -0.08600292 -0.11939804
v -0.29833838 -0.08784465 -0.11451986
v -0.30171922 -0.08441644 -0.12036397
v -0.30211613 -0.08626212 -0.11543421
v -0.30525684 -0.08249948 -0.12116227
v -0.30570063 -0.08433667 -0.11619554
v -0.30856460 -0.08026631 -0.12178899
v -0.30905917 -0.08208395 -0.11679824
v -0.31143096 -0.07947032 -0.11887564
v -0.31185761 -0.08096742 -0.11392779
v -0.27754289 -0.08863796 -0.11203232
v -0.28220269 -0.09194838 -0.10467813
v -0.28639656 -0.09188712 -0.10601094
v -0.29055449 -0.09143585 -0.10722411
v -0.29463533 -0.09059886 -0.10831361
v -0.29860038 -0.08938599 -0.10927617
v -0.30241236 -0.08780546 -0.11010773
v -0.30603614 -0.08587142 -0.11080483
v -0.31026891 -0.07581813 -0.12724970
v -0.30717087 -0.07579532 -0.13013683
v -0.30468979 -0.08037554 -0.12561750
v -0.30398521 -0.07798906 -0.12951842
v -0.30120608 -0.08228499 -0.12480681
v -0.30056173 -0.07989294 -0.12871547
v -0.29751751 -0.08387801 -0.12381800
v -0.29692739 -0.08149580 -0.12772775
v -0.29365575 -0.08514240 -0.12264807
v -0.29311237 -0.08278617 -0.12654945
v -0.28965348 -0.08607433 -0.12129392
v -0.28914741 -0.08376197 -0.12517421
v -0.28554758 -0.08666153 -0.11975104
v -0.28506863 -0.08440992 -0.12359393
v -0.28137743 -0.08689804 -0.11801284
v -0.28091463 -0.08472335 -0.12179706
v -0.27718437 -0.08677395 -0.11607357
v -0.27672675 -0.08468987 -0.11977224
v -0.27301142 -0.08629157 -0.11391187
v -0.27254882 -0.08431092 -0.11748816
v -0.26843897 -0.08358816 -0.11490677
v -0.24356605 -0.06065606 -0.08275087
v -0.24426609 -0.06311311 -0.08635553
v -0.24461095 -0.06461708 -0.08403099
v -0.24563389 -0.06685145 -0.08830088
v -0.24604946 -0.06844535 -0.08548057
v -0.24738561 -0.07041340 -0.09044591
v -0.24787091 -0.07210112 -0.08707892
v -0.24951324 -0.07375284 -0.09276680
v -0.25006217 -0.07554185 -0.08880421
v -0.25201035 -0.07682572 -0.09523250
v -0.25260952 -0.07872798 -0.09063096
v -0.25486860 -0.07959180 -0.09779817
v -0.25549659 -0.08162280 -0.09252636
v -0.25806883 -0.08202104 -0.10040642
v -0.25869977 -0.08419640 -0.09445127
v -0.26157728 -0.08409356 -0.10298728
v -0.26218593 -0.08642593 -0.09636033
v -0.26534277 -0.08579654 -0.10547604
v -0.26591209 -0.08829411 -0.09821358
v -0.26929608 -0.08712284 -0.10783002
v -0.26982370 -0.08978751 -0.09998625
v -0.27337867 -0.08806308 -0.11003146
v -0.27387217 -0.09089313 -0.10166764
v -0.27801403 -0.09161573 -0.10323059
v -0.30312967 -0.07537138 -0.13285810
v -0.30211103 -0.07255948 -0.13565607
v -0.29977190 -0.07727268 -0.13207768
v -0.29882339 -0.07446223 -0.13490745
v -0.29619747 -0.07888935 -0.13110913
v -0.29531386 -0.07609741 -0.13396993
v -0.29243499 -0.08021074 -0.12994392
v -0.29160935 -0.07745511 -0.13283248
v -0.28851318 -0.08123644 -0.12857230
v -0.28773654 -0.07853661 -0.13148212
v -0.28446722 -0.08195221 -0.12698254
v -0.28372964 -0.07932666 -0.12990350
v -0.28033501 -0.08235056 -0.12515780
v -0.27962568 -0.07981689 -0.12807460
v -0.27615780 -0.08241651 -0.12308046
v -0.27546588 -0.07998969 -0.12597084
v -0.27198020 -0.08215044 -0.12070855
v -0.27129567 -0.07984415 -0.12353962
v -0.26786393 -0.08155198 -0.11799106
v -0.26718044 -0.07937761 -0.12071678
v -0.26386529 -0.08056930 -0.11499373
v -0.26317978 -0.07852702 -0.11757140
v -0.25937760 -0.07728946 -0.11410380
v -0.26445040 -0.08248075 -0.11208912
v -0.26065379 -0.08099280 -0.10904608
v -0.25713533 -0.07912412 -0.10582783
v -0.25587645 -0.07565747 -0.11036717
v -0.25395522 -0.07688286 -0.10253966
v -0.25274470 -0.07363546 -0.10649215
v -0.25114748 -0.07428612 -0.09930402
v -0.25001583 -0.07123870 -0.10264356
v -0.24872579 -0.07136451 -0.09620392
v -0.24769759 -0.06849903 -0.09895662
v -0.24668889 -0.06816242 -0.09329557
v -0.24577878 -0.06546508 -0.09550754
v -0.24503461 -0.06472898 -0.09061339
v -0.24424841 -0.06219069 -0.09233165
v -0.24376465 -0.06111413 -0.08818053
v -0.26546159 -0.07475689 -0.12501028
v -0.26638159 -0.07710019 -0.12306040
v -0.26954442 -0.07494612 -0.12797570
v -0.27048630 -0.07742951 -0.12596370
v -0.27367195 -0.07483550 -0.13046879
v -0.27464035 -0.07744881 -0.12843283
v -0.27777171 -0.07443308 -0.13257791
v -0.27877474 -0.07716329 -0.13054459
v -0.28179643 -0.07374297 -0.13437504
v -0.28284314 -0.07657538 -0.13236172
v -0.28570503 -0.07278799 -0.13589887
v -0.28680438 -0.07570534 -0.13391602
v -0.29062235 -0.07456242 -0.13523464
v -0.29211119 -0.05402300 -0.14353135
v -0.28723693 -0.04821501 -0.14384632
v -0.28161418 -0.05240370 -0.14243181
v -0.28620690 -0.05795200 -0.14216143
v -0.29426318 -0.05709174 -0.14304170
v -0.25569007 -0.06902144 -0.12021077
v -0.25675568 -0.07111497 -0.11922168
v -0.25935638 -0.06972669 -0.12420580
v -0.26047930 -0.07195123 -0.12311560
v -0.26324192 -0.07002384 -0.12772654
v -0.26441601 -0.07238561 -0.12656415
v -0.26723990 -0.06993409 -0.13078672
v -0.26846382 -0.07243436 -0.12957986
v -0.27127734 -0.06956100 -0.13331398
v -0.27255291 -0.07219225 -0.13209015
v -0.27527580 -0.06891902 -0.13541430
v -0.27660769 -0.07167044 -0.13419332
v -0.27918616 -0.06801625 -0.13717405
v -0.28057992 -0.07087493 -0.13596924
v -0.28296778 -0.06688013 -0.13864277
v -0.28442872 -0.06983096 -0.13746274
v -0.29162264 -0.06704910 -0.13973959
v -0.29303652 -0.07013119 -0.13824521
v -0.29640463 -0.06844238 -0.13910785
v -0.29426387 -0.07316284 -0.13633622
v -0.29770437 -0.07150383 -0.13723671
v -0.24466583 -0.06248634 -0.09699584
v -0.24497519 -0.06205506 -0.10194982
v -0.24644013 -0.06532939 -0.10089785
v -0.24699557 -0.06438041 -0.10647292
v -0.24862500 -0.06786655 -0.10507321
v -0.25124043 -0.07004559 -0.10941070
v -0.25428456 -0.07183274 -0.11374147
v -0.29797849 -0.06338216 -0.14121258
v -0.29621914 -0.06022485 -0.14228274
v -0.29001540 -0.06396285 -0.14086305
v -0.28821060 -0.06091683 -0.14165752
v -0.28131706 -0.06397936 -0.13947415
v -0.27947441 -0.06116905 -0.13999008
v -0.27761012 -0.06520992 -0.13801993
v -0.27584958 -0.06249542 -0.13853587
v -0.27377149 -0.06622050 -0.13626614
v -0.27209285 -0.06361314 -0.13677379
v -0.26984149 -0.06698180 -0.13416013
v -0.26824403 -0.06449135 -0.13464934
v -0.26587006 -0.06748338 -0.13161072
v -0.26435384 -0.06511714 -0.13206838
v -0.26193798 -0.06770737 -0.12850684
v -0.26050466 -0.06546908 -0.12891769
v -0.25812116 -0.06754289 -0.12492029
v -0.25677520 -0.06543073 -0.12526840
v -0.25453034 -0.06696361 -0.12083849
v -0.25327894 -0.06497059 -0.12111157
v -0.25128874 -0.06595111 -0.11633035
v -0.25013766 -0.06407008 -0.11652381
v -0.24742216 -0.06273670 -0.11168253
v -0.27744079 -0.05848451 -0.14022030
v -0.27522087 -0.05595460 -0.14019090
v -0.27390543 -0.05990729 -0.13874850
v -0.27178207 -0.05747361 -0.13868196
v -0.27024084 -0.06113036 -0.13696095
v -0.26821983 -0.05879928 -0.13684973
v -0.26648635 -0.06212173 -0.13480221
v -0.26457277 -0.05989892 -0.13463898
v -0.26269314 -0.06286585 -0.13217737
v -0.26089245 -0.06075421 -0.13195637
v -0.25894454 -0.06333770 -0.12897433
v -0.25726220 -0.06133659 -0.12869447
v -0.25532156 -0.06341734 -0.12526333
v -0.25376496 -0.06152489 -0.12492216
v -0.25193942 -0.06306814 -0.12104167
v -0.25051638 -0.06127755 -0.12064541
v -0.24891627 -0.06227209 -0.11639541
v -0.24762897 -0.06057777 -0.11596119
v -0.24516396 -0.05943958 -0.11105292
v -0.29954341 -0.06652036 -0.13978472
v -0.30091858 -0.06959451 -0.13794936
v -0.24026629 -0.03619624 -0.07766479
v -0.24492756 -0.06615457 -0.07515708
v -0.24643537 -0.07007138 -0.07526022
v -0.24832448 -0.07381985 -0.07537386
v -0.25057590 -0.07736194 -0.07549579
v -0.25316769 -0.08066347 -0.07562385
v -0.25607416 -0.08369175 -0.07575588
v -0.25926676 -0.08641662 -0.07588961
v -0.26271358 -0.08881123 -0.07602274
v -0.26638162 -0.09085251 -0.07615298
v -0.27023363 -0.09251968 -0.07627823
v -0.27423200 -0.09379655 -0.07639721
v -0.27833760 -0.09467061 -0.07650916
v -0.28250930 -0.09513316 -0.07661358
v -0.28670633 -0.09517953 -0.07671012
v -0.29088768 -0.09480955 -0.07679848
v -0.29501113 -0.09402651 -0.07687830
v -0.29903689 -0.09283853 -0.07694936
v -0.30292460 -0.09125701 -0.07701132
v -0.30663681 -0.08929745 -0.07706384
v -0.31013614 -0.08697956 -0.07710636
v -0.31279165 -0.08485649 -0.07578428
v -0.24481526 -0.06558100 -0.08129954
v -0.24490702 -0.06604482 -0.07828799
v -0.24629767 -0.06946534 -0.08226900
v -0.24641006 -0.06995551 -0.07880752
v -0.24816209 -0.07317975 -0.08333790
v -0.24829453 -0.07369756 -0.07938025
v -0.25039181 -0.07668437 -0.08448914
v -0.25054193 -0.07723253 -0.07999592
v -0.25296813 -0.07994289 -0.08570436
v -0.25313091 -0.08052584 -0.08064415
v -0.25586897 -0.08292104 -0.08696224
v -0.25603658 -0.08354446 -0.08131386
v -0.25906774 -0.08558884 -0.08823890
v -0.25923073 -0.08625829 -0.08199326
v -0.26253194 -0.08792108 -0.08950800
v -0.26268134 -0.08864083 -0.08266982
v -0.26622456 -0.08989706 -0.09074540
v -0.26635456 -0.09066949 -0.08333151
v -0.27010161 -0.09149890 -0.09193347
v -0.27021185 -0.09232407 -0.08396811
v -0.27412111 -0.09271152 -0.09306259
v -0.27421466 -0.09358858 -0.08457348
v -0.27824244 -0.09352899 -0.09411997
v -0.27832365 -0.09445179 -0.08514268
v -0.28242227 -0.09394321 -0.09510473
v -0.28249720 -0.09490512 -0.08567368
v -0.28661963 -0.09394974 -0.09601578
v -0.28669453 -0.09494391 -0.08616506
v -0.29079345 -0.09354996 -0.09685007
v -0.29087466 -0.09456833 -0.08661518
v -0.29490188 -0.09274752 -0.09760426
v -0.29499537 -0.09378169 -0.08702218
v -0.29890552 -0.09155122 -0.09827563
v -0.29901701 -0.09259228 -0.08738469
v -0.30276522 -0.08997123 -0.09886050
v -0.30289936 -0.09101125 -0.08770084
v -0.30644438 -0.08802249 -0.09935529
v -0.30660525 -0.08905398 -0.08796877
v -0.31009746 -0.08673997 -0.08818548
v -0.31275535 -0.08466379 -0.08731248
v -0.27612960 -0.00517290 -0.08660448
v -0.27539566 -0.00408283 -0.08657679
v -0.27912903 -0.00313982 -0.08862472
v -0.27285749 -0.01081613 -0.08250023
v -0.27092636 -0.01147496 -0.08200614
v -0.27077875 -0.01121113 -0.08231050
v -0.28664353 0.01111232 -0.09985612
v -0.31510305 -0.07941773 -0.10878614
v -0.31472185 -0.07815599 -0.11432640
v -0.31569260 -0.08158824 -0.09148979
v -0.28715032 -0.01073524 -0.06621286
v -0.28803992 -0.01078840 -0.07264611
v -0.29215828 -0.01128201 -0.07246577
v -0.25612929 -0.00853008 -0.07601308
v -0.25896057 -0.01421484 -0.07997339
v -0.25861895 -0.01342929 -0.07961502
v -0.25941741 -0.01530893 -0.08029800
v -0.25927293 -0.01495742 -0.08022037
v -0.25980130 -0.01626883 -0.08033162
v -0.25968179 -0.01596581 -0.08035471
v -0.25955379 -0.01564548 -0.08034318
v -0.26001433 -0.01681905 -0.08017872
v -0.25858188 -0.01854900 -0.07966832
v -0.25870860 -0.01893086 -0.07925721
v -0.25880578 -0.01923023 -0.07870890
v -0.26057780 -0.01835235 -0.07734086
v -0.26085868 -0.01831059 -0.06621257
v -0.26062098 -0.01847795 -0.07349721
v -0.26411754 -0.01624675 -0.07343312
v -0.26462445 -0.01596196 -0.06621262
v -0.26781577 -0.01436942 -0.07334810
v -0.26664117 -0.01491670 -0.06621205
v -0.26532072 -0.01558546 -0.06621233
v -0.27168024 -0.01286329 -0.07324234
v -0.27088124 -0.01313926 -0.06621121
v -0.26766628 -0.01443668 -0.06621265
v -0.27260730 -0.01256537 -0.06621157
v -0.27567378 -0.01174347 -0.07311716
v -0.27503651 -0.01189409 -0.06621235
v -0.27975771 -0.01102019 -0.07297447
v -0.27933815 -0.01107556 -0.06621277
v -0.28389344 -0.01070094 -0.07281659
v -0.28300235 -0.01073530 -0.06621242
v -0.28679773 -0.01071944 -0.06621269
v -0.28668016 -0.01071477 -0.06621283
v -0.28525710 -0.01068478 -0.06621270
v -0.30394858 -0.01513210 -0.07189869
v -0.29861519 -0.01291169 -0.06621277
v -0.30015099 -0.01346434 -0.07208835
v -0.29671225 -0.01231781 -0.06621263
v -0.29620793 -0.01217677 -0.07227870
v -0.29453433 -0.01175633 -0.06621233
v -0.29033637 -0.01101303 -0.06621251
v -0.31096366 -0.01954063 -0.07153241
v -0.30833426 -0.01765953 -0.06621291
v -0.30756411 -0.01716386 -0.07171290
v -0.30597019 -0.01621038 -0.06621286
v -0.30212620 -0.01427620 -0.06621277
v -0.31954694 -0.02849416 -0.07103058
v -0.31573549 -0.02385799 -0.06621296
v -0.31698361 -0.02523272 -0.07119094
v -0.31340614 -0.02158508 -0.06621277
v -0.31411338 -0.02223877 -0.07135826
v -0.31279141 -0.02104057 -0.06621274
v -0.30964607 -0.01855999 -0.06621286
v -0.32365534 -0.03568865 -0.07073078
v -0.32148859 -0.03149182 -0.06621291
v -0.32177776 -0.03199035 -0.07087726
v -0.32085454 -0.03045045 -0.06621286
v -0.31854922 -0.02714526 -0.06621289
v -0.32584310 -0.04179880 -0.06621328
v -0.32449535 -0.03770411 -0.06621332
v -0.32516143 -0.03955334 -0.07059100
v -0.32284591 -0.03398270 -0.06621309
v -0.32732382 -0.05176648 -0.07021543
v -0.32672134 -0.04574148 -0.06621324
v -0.32700446 -0.04763076 -0.07033253
v -0.32624060 -0.04336982 -0.06621322
v -0.32628134 -0.04354683 -0.07045807
v -0.32584792 -0.06408136 -0.06993515
v -0.32697251 -0.05851325 -0.06621324
v -0.32674271 -0.06003112 -0.07001430
v -0.32726404 -0.05548854 -0.06621324
v -0.32723632 -0.05591302 -0.07010856
v -0.32732138 -0.05421704 -0.06621327
v -0.32723400 -0.04995177 -0.06621341
v -0.32086068 -0.07543734 -0.06980825
v -0.32337558 -0.07082146 -0.06621300
v -0.32289273 -0.07182163 -0.06983078
v -0.32457191 -0.06799383 -0.06621318
v -0.32456046 -0.06802374 -0.06987340
v -0.32497478 -0.06689043 -0.06621324
v -0.32618678 -0.06275644 -0.06621324
v -0.31578580 -0.08198655 -0.06982325
v -0.31826413 -0.07911818 -0.06621306
v -0.31848419 -0.07883662 -0.06980590
v -0.31903580 -0.07810872 -0.06621303
v -0.32138857 -0.07457471 -0.06621292
v -0.31318101 -0.08451452 -0.06621307
v -0.31330985 -0.08439940 -0.06621316
v -0.31633919 -0.08138991 -0.06621315
v -0.31359974 -0.07479285 -0.12415950
v -0.31283522 -0.07271238 -0.12829021
v -0.31192151 -0.07039201 -0.13186049
v -0.31085014 -0.06785852 -0.13488284
v -0.30961427 -0.06514324 -0.13739032
v -0.30662954 -0.05930789 -0.14104815
v -0.30487537 -0.05626245 -0.14230151
v -0.30294624 -0.05318214 -0.14323787
v -0.30051628 -0.04439914 -0.14428060
v -0.29545781 -0.03849829 -0.14458835
v -0.29857367 -0.04706032 -0.14433521
v -0.30378070 -0.01283196 -0.13438818
v -0.30367345 -0.00928938 -0.13168897
v -0.30319434 -0.00579955 -0.12873411
v -0.30232015 -0.00243929 -0.12555408
v -0.30104387 0.00070578 -0.12217458
v -0.29937902 0.00355457 -0.11862940
v -0.29736096 0.00603701 -0.11494346
v -0.29503062 0.00808303 -0.11114888
v -0.29243061 0.00962987 -0.10731003
v -0.28961542 0.01064411 -0.10351644
v -0.28357041 0.01103969 -0.09639107
v -0.27424505 0.00827482 -0.08747068
v -0.26827648 0.00492677 -0.08269858
v -0.26269299 0.00068365 -0.07879417
v -0.26132771 -0.00334343 -0.07849889
v -0.25865567 -0.00583858 -0.07712859
v -0.32364827 -0.03567335 -0.07912879
v -0.32164100 -0.03168958 -0.08723757
v -0.31941360 -0.02819312 -0.08663784
v -0.31899995 -0.02729081 -0.09437989
v -0.31578130 -0.08196615 -0.08034981
v -0.31847900 -0.07881684 -0.08037298
v -0.32085487 -0.07541822 -0.08036965
v -0.32288632 -0.07180317 -0.08033917
v -0.32455358 -0.06800595 -0.08028164
v -0.32584068 -0.06406417 -0.08019831
v -0.32673523 -0.06001449 -0.08009157
v -0.32722870 -0.05589686 -0.07996452
v -0.32731616 -0.05175067 -0.07982059
v -0.32699686 -0.04761522 -0.07966304
v -0.32627389 -0.04353145 -0.07949433
v -0.32515416 -0.03953803 -0.07931600
v -0.31837806 -0.07844985 -0.09155408
v -0.32074240 -0.07506300 -0.09154020
v -0.32276359 -0.07146004 -0.09144580
v -0.32442221 -0.06767467 -0.09127071
v -0.32570285 -0.06374385 -0.09101810
v -0.32659283 -0.05970429 -0.09069533
v -0.32708403 -0.05559519 -0.09031171
v -0.32717147 -0.05145559 -0.08987806
v -0.32685369 -0.04732502 -0.08940428
v -0.32613340 -0.04324435 -0.08889924
v -0.32501704 -0.03925248 -0.08836830
v -0.32351482 -0.03538815 -0.08781420
v -0.31538200 -0.08039995 -0.10302356
v -0.31803027 -0.07729404 -0.10312266
v -0.32035989 -0.07394241 -0.10308657
v -0.32235041 -0.07037579 -0.10291001
v -0.32398355 -0.06662636 -0.10259108
v -0.32524535 -0.06272885 -0.10213361
v -0.32612252 -0.05872026 -0.10155100
v -0.32660803 -0.05463748 -0.10085975
v -0.32669649 -0.05051838 -0.10008030
v -0.32638448 -0.04640325 -0.09923080
v -0.32567352 -0.04233269 -0.09833086
v -0.32456860 -0.03834638 -0.09739218
v -0.32307860 -0.03448424 -0.09642053
v -0.32121658 -0.03078632 -0.09541684
v -0.31772149 -0.07633736 -0.10889581
v -0.32002348 -0.07301360 -0.10884327
v -0.32198974 -0.06947590 -0.10862112
v -0.32360297 -0.06575518 -0.10822540
v -0.32485026 -0.06188447 -0.10765848
v -0.32571790 -0.05790088 -0.10693603
v -0.32619959 -0.05383950 -0.10607726
v -0.32628968 -0.04973723 -0.10510764
v -0.32598326 -0.04563491 -0.10404978
v -0.32528067 -0.04157299 -0.10293101
v -0.32418570 -0.03759178 -0.10176796
v -0.32270625 -0.03373219 -0.10056928
v -0.32085443 -0.03003579 -0.09933637
v -0.31864700 -0.02654226 -0.09806722
v -0.31730297 -0.07510711 -0.11443900
v -0.31957054 -0.07181789 -0.11436748
v -0.32150680 -0.06831618 -0.11410207
v -0.32309556 -0.06463134 -0.11363602
v -0.32432532 -0.06079426 -0.11296913
v -0.32518178 -0.05684221 -0.11211821
v -0.32565957 -0.05280795 -0.11110361
v -0.32575262 -0.04872717 -0.10995422
v -0.32545400 -0.04464138 -0.10869525
v -0.32476282 -0.04059085 -0.10736126
v -0.32368124 -0.03661672 -0.10597370
v -0.32221583 -0.03276120 -0.10454408
v -0.32037744 -0.02906776 -0.10307542
v -0.31818226 -0.02557800 -0.10156780
v -0.31565145 -0.02233015 -0.10001545
v -0.31759834 -0.02439466 -0.10483427
v -0.31977800 -0.02787818 -0.10657531
v -0.32159936 -0.03156663 -0.10826889
v -0.32304704 -0.03541613 -0.10991526
v -0.32411152 -0.03938087 -0.11151138
v -0.32478791 -0.04341706 -0.11304360
v -0.32507592 -0.04748251 -0.11448618
v -0.32497820 -0.05153712 -0.11579759
v -0.32450390 -0.05553869 -0.11695094
v -0.32365972 -0.05945295 -0.11791490
v -0.32244992 -0.06324992 -0.11866928
v -0.32088956 -0.06689218 -0.11919701
v -0.31898850 -0.07035140 -0.11950193
v -0.31676164 -0.07360005 -0.11959411
v -0.31422490 -0.07661219 -0.11948588
v -0.31905109 -0.02646977 -0.10976665
v -0.32085171 -0.03015058 -0.11166703
v -0.32227767 -0.03399160 -0.11351132
v -0.32332107 -0.03794431 -0.11529643
v -0.32397896 -0.04196304 -0.11700666
v -0.32425323 -0.04600436 -0.11861214
v -0.32414851 -0.05002832 -0.12006479
v -0.32367674 -0.05399197 -0.12133713
v -0.32284519 -0.05786273 -0.12239658
v -0.32165703 -0.06161375 -0.12322430
v -0.32012814 -0.06520753 -0.12380385
v -0.31826657 -0.06861869 -0.12414353
v -0.31608585 -0.07182173 -0.12425709
v -0.30768341 -0.00962551 -0.11055714
v -0.31039968 -0.01239493 -0.11342804
v -0.31157941 -0.01447502 -0.11203866
v -0.31279469 -0.01550662 -0.11618254
v -0.31400579 -0.01762518 -0.11463418
v -0.31484362 -0.01889479 -0.11882739
v -0.31608811 -0.02104360 -0.11713055
v -0.31652263 -0.02250481 -0.12137538
v -0.31780329 -0.02467875 -0.11954024
v -0.31782058 -0.02627682 -0.12382536
v -0.31913942 -0.02847436 -0.12186324
v -0.31873721 -0.03014868 -0.12617238
v -0.32009423 -0.03237198 -0.12409549
v -0.31927907 -0.03406464 -0.12839301
v -0.32067174 -0.03631869 -0.12621535
v -0.31945968 -0.03797453 -0.13044497
v -0.32088220 -0.04026623 -0.12818286
v -0.31929433 -0.04183838 -0.13226281
v -0.32073790 -0.04417477 -0.12993528
v -0.31880817 -0.04561095 -0.13382544
v -0.32026047 -0.04799944 -0.13144894
v -0.31801298 -0.04926791 -0.13510557
v -0.31946027 -0.05171370 -0.13269402
v -0.31690758 -0.05279763 -0.13609774
v -0.31833702 -0.05530189 -0.13366100
v -0.31551212 -0.05616323 -0.13679421
v -0.31690970 -0.05872678 -0.13433944
v -0.31382719 -0.05935296 -0.13722335
v -0.31518069 -0.06197311 -0.13475285
v -0.31185979 -0.06235100 -0.13741389
v -0.31315857 -0.06502254 -0.13492653
v -0.30910465 -0.01019872 -0.11448663
v -0.31146476 -0.01326389 -0.11738718
v -0.31347671 -0.01661471 -0.12016867
v -0.31511584 -0.02019350 -0.12284328
v -0.31637168 -0.02393681 -0.12540813
v -0.31724587 -0.02777868 -0.12785703
v -0.31774759 -0.03166047 -0.13016489
v -0.31789365 -0.03552996 -0.13228776
v -0.31770253 -0.03934694 -0.13415861
v -0.31720304 -0.04306602 -0.13575929
v -0.31640846 -0.04666515 -0.13706556
v -0.31531703 -0.05013660 -0.13807605
v -0.31395003 -0.05344407 -0.13878570
v -0.31230652 -0.05657926 -0.13922738
v -0.31039205 -0.05952874 -0.13943283
v -0.30820858 -0.06228076 -0.13942838
v -0.31562623 -0.02528738 -0.12918326
v -0.31429371 -0.02650454 -0.13263975
v -0.31608337 -0.02913154 -0.13156739
v -0.31435615 -0.03028611 -0.13487422
v -0.31619003 -0.03295815 -0.13375032
v -0.31409809 -0.03400522 -0.13682498
v -0.31596813 -0.03672670 -0.13566469
v -0.31355536 -0.03761695 -0.13847992
v -0.31544995 -0.04039186 -0.13729534
v -0.31274503 -0.04110365 -0.13982166
v -0.31465065 -0.04393382 -0.13862140
v -0.30961424 -0.04151685 -0.14175710
v -0.31069854 -0.03820476 -0.14071314
v -0.31152689 -0.03477026 -0.13935819
v -0.31210056 -0.03121060 -0.13768283
v -0.31240034 -0.02754136 -0.13570091
v -0.31238705 -0.02380678 -0.13342167
v -0.31203213 -0.02004839 -0.13090956
v -0.31033191 -0.02475125 -0.13627030
v -0.30998474 -0.02837065 -0.13827938
v -0.30937335 -0.03188040 -0.13997252
v -0.30851924 -0.03526681 -0.14133936
v -0.30742243 -0.03853529 -0.14239188
v -0.30816081 -0.02194208 -0.13661994
v -0.30355266 -0.01636219 -0.13679619
v -0.30776066 -0.02551210 -0.13865292
v -0.30303019 -0.01983585 -0.13886820
v -0.30710444 -0.02897477 -0.14036193
v -0.30226326 -0.02321477 -0.14060402
v -0.30621645 -0.03231809 -0.14173993
v -0.30128184 -0.02648955 -0.14200273
v -0.30509830 -0.03554957 -0.14280087
v -0.30009317 -0.02966980 -0.14308043
v -0.30377650 -0.03863905 -0.14354876
v -0.29872537 -0.03272955 -0.14384188
v -0.30224851 -0.04159061 -0.14402871
v -0.31166524 -0.04446492 -0.14085646
v -0.31356812 -0.04734866 -0.13964550
v -0.31033945 -0.04766621 -0.14158395
v -0.31222481 -0.05060082 -0.14036506
v -0.30876464 -0.05070542 -0.14204419
v -0.31061852 -0.05368527 -0.14081685
v -0.30694401 -0.05357339 -0.14227369
v -0.30875352 -0.05659082 -0.14103527
v -0.30829859 -0.04467319 -0.14249158
v -0.30674812 -0.04767426 -0.14295912
v -0.30496532 -0.05051262 -0.14319789
v -0.26358128 -0.01501025 -0.08042591
v -0.26186007 -0.01610934 -0.08013333
v -0.26347589 -0.01477567 -0.08062915
v -0.26335984 -0.01451975 -0.08079550
v -0.26323313 -0.01424303 -0.08092484
v -0.27481803 -0.01025033 -0.08303156
v -0.27862301 -0.00909472 -0.08464046
v -0.27880916 -0.00940254 -0.08419953
v -0.28243744 -0.00823837 -0.08649416
v -0.28286335 -0.00893979 -0.08549762
v -0.28694141 -0.00886668 -0.08691243
v -0.27446592 -0.00965638 -0.08372663
v -0.27426466 -0.00932095 -0.08401105
v -0.27819446 -0.00839488 -0.08538902
v -0.27795222 -0.00800442 -0.08569565
v -0.28192931 -0.00741660 -0.08729954
v -0.28164479 -0.00696309 -0.08762939
v -0.28530800 -0.00618408 -0.08981121
v -0.27465039 -0.00996637 -0.08339996
v -0.27841812 -0.00875862 -0.08503719
v -0.28219360 -0.00784207 -0.08692104
v -0.28594065 -0.00720373 -0.08905212
v -0.25785947 -0.01177988 -0.07862452
v -0.26164412 -0.01098155 -0.08053460
v -0.26206136 -0.01180260 -0.08084174
v -0.26244441 -0.01257810 -0.08103243
v -0.26262212 -0.01294499 -0.08108012
v -0.26279008 -0.01329615 -0.08109425
v -0.26294810 -0.01363028 -0.08107364
v -0.26309583 -0.01394625 -0.08101742
v -0.27175358 -0.00534911 -0.08473281
v -0.27241081 -0.00635235 -0.08484069
v -0.27301553 -0.00729777 -0.08480389
v -0.27734575 -0.00062361 -0.08828497
v -0.27377680 -0.00177870 -0.08610655
v -0.27030703 -0.00323068 -0.08414240
v -0.26696146 -0.00496760 -0.08240022
v -0.27404681 -0.00896095 -0.08425310
v -0.27381256 -0.00857736 -0.08445285
v -0.27769163 -0.00758830 -0.08595701
v -0.27741310 -0.00714781 -0.08617342
v -0.28134045 -0.00648295 -0.08791078
v -0.28101668 -0.00597770 -0.08814408
v -0.28459060 -0.00505470 -0.09036236
v -0.28648552 -0.00810099 -0.08808426
v -0.29100525 -0.00918758 -0.08842887
v -0.29052466 -0.00835273 -0.08979227
v -0.29501399 -0.00990431 -0.09002990
v -0.29451388 -0.00899801 -0.09160137
v -0.29779312 -0.00889879 -0.09504177
v -0.29892775 -0.01101939 -0.09169316
v -0.30270374 -0.01253326 -0.09338970
v -0.30154198 -0.01027530 -0.09720239
v -0.30630097 -0.01444136 -0.09508752
v -0.30511591 -0.01206986 -0.09938297
v -0.30968207 -0.01672710 -0.09676748
v -0.30847466 -0.01426803 -0.10155623
v -0.31280947 -0.01936671 -0.09841400
v -0.31157765 -0.01684621 -0.10369907
v -0.31439120 -0.01977126 -0.10578808
v -0.31689036 -0.02299571 -0.10780961
v -0.30079746 -0.00888750 -0.09871604
v -0.30435416 -0.01061005 -0.10112281
v -0.30769673 -0.01275127 -0.10353010
v -0.31078276 -0.01528780 -0.10590604
v -0.28994906 -0.00737421 -0.09093857
v -0.29391354 -0.00793546 -0.09294301
v -0.29706842 -0.00759675 -0.09634140
v -0.29994455 -0.00734750 -0.09995405
v -0.30347964 -0.00898824 -0.10257236
v -0.30680206 -0.01106362 -0.10519814
v -0.29428905 -0.00292096 -0.09869543
v -0.29531226 -0.00458706 -0.09816355
v -0.29152322 -0.00393698 -0.09552626
v -0.29241514 -0.00538849 -0.09490527
v -0.28851786 -0.00502971 -0.09255815
v -0.28834409 0.00087711 -0.09607336
v -0.29054284 -0.00239360 -0.09591755
v -0.28766936 -0.00369425 -0.09303542
v -0.28927922 -0.00626196 -0.09186082
v -0.29321322 -0.00672736 -0.09404531
v -0.29624036 -0.00615305 -0.09738153
v -0.29792631 -0.00389516 -0.10160615
v -0.26716959 -0.01306643 -0.08113489
v -0.26704299 -0.01281902 -0.08138406
v -0.26690364 -0.01254904 -0.08159520
v -0.26675162 -0.01225704 -0.08176808
v -0.26658705 -0.01194379 -0.08190284
v -0.26641008 -0.01161018 -0.08199979
v -0.26622102 -0.01125731 -0.08205960
v -0.26602015 -0.01088633 -0.08208307
v -0.26580787 -0.01049860 -0.08207130
v -0.26535091 -0.00967859 -0.08194721
v -0.26485422 -0.00880970 -0.08169949
v -0.26072267 -0.00925500 -0.07963069
v -0.25702018 -0.01011343 -0.07737944
v -0.26257041 -0.00512155 -0.07978006
v -0.25971428 -0.00750614 -0.07845069
v -0.26376092 -0.00697981 -0.08089228
v -0.26823133 -0.00692794 -0.08310273
v -0.26880881 -0.00785746 -0.08328389
v -0.26934037 -0.00873401 -0.08333199
v -0.26958740 -0.00914826 -0.08330230
v -0.26982123 -0.00954448 -0.08323514
v -0.27004138 -0.00992125 -0.08312947
v -0.27024749 -0.01027735 -0.08298457
v -0.27043921 -0.01061163 -0.08279989
v -0.27061635 -0.01092316 -0.08257520
v -0.26558056 -0.00297209 -0.08135652
v -0.26873195 -0.00106970 -0.08316773
v -0.27200818 0.00057574 -0.08520251
v -0.27015436 0.00284790 -0.08401804
v -0.27332449 0.00443991 -0.08629952
v -0.27538806 0.00195092 -0.08745562
v -0.26414123 -0.00105635 -0.08011153
v -0.27329645 -0.00774436 -0.08472745
v -0.27680403 -0.00619957 -0.08647382
v -0.27993494 -0.00432929 -0.08856434
v -0.28292158 -0.00253088 -0.09086970
v -0.28098527 0.00022115 -0.09067456
v -0.27884692 0.00303970 -0.08992781
v -0.27657738 0.00576810 -0.08880316
v -0.28235677 0.00381279 -0.09261867
v -0.28466412 0.00073131 -0.09327070
v -0.28673947 -0.00227480 -0.09330283
v -0.28379315 -0.00383107 -0.09071161
v -0.28067407 -0.00544909 -0.08833007
v -0.27711704 -0.00668436 -0.08634540
v -0.27356231 -0.00817139 -0.08461076
v -0.27988893 0.00679907 -0.09153258
v -0.28588185 0.00423328 -0.09553463
v -0.29198271 0.00061342 -0.09906946
v -0.31130904 -0.01632468 -0.12820938
v -0.31479865 -0.02147999 -0.12664287
v -0.31020093 -0.01270326 -0.12535001
v -0.31358865 -0.01777104 -0.12397278
v -0.30870160 -0.00926076 -0.12234367
v -0.31199291 -0.01423020 -0.12118082
v -0.30682087 -0.00607070 -0.11920255
v -0.31002140 -0.01092448 -0.11827230
v -0.30458680 -0.00319872 -0.11592301
v -0.30769977 -0.00791448 -0.11523664
v -0.30202958 -0.00072004 -0.11250802
v -0.30505487 -0.00527215 -0.11206967
v -0.29918009 0.00129331 -0.10899954
v -0.27733082 0.00954667 -0.09019750
v -0.28045031 0.01049090 -0.09316935
v -0.28322703 0.00748990 -0.09449948
v -0.28655386 0.00777760 -0.09770320
v -0.28938136 0.00424595 -0.09866875
v -0.29280147 0.00378602 -0.10200182
v -0.29552647 -0.00011205 -0.10223354
v -0.29892048 -0.00134054 -0.10550215
v -0.30140278 -0.00534514 -0.10459176
v -0.30467129 -0.00726262 -0.10759466
v -0.30579248 -0.00922599 -0.10655190
v -0.30883336 -0.01165514 -0.10933738
v -0.30986747 -0.01355059 -0.10778829
v -0.31263959 -0.01641282 -0.11030348
v -0.31357729 -0.01818487 -0.10821733
v -0.31509373 -0.01959408 -0.11272500
v -0.31605569 -0.02139062 -0.11044794
v -0.31720585 -0.02303638 -0.11505862
v -0.31819391 -0.02485120 -0.11260235
v -0.31895339 -0.02669124 -0.11731578
v -0.31996995 -0.02852105 -0.11469034
v -0.32032359 -0.03050586 -0.11949708
v -0.32137010 -0.03235062 -0.11671268
v -0.32131228 -0.03442532 -0.12159898
v -0.32238829 -0.03628835 -0.11866616
v -0.32192090 -0.03839939 -0.12360177
v -0.32302365 -0.04028640 -0.12053304
v -0.32215673 -0.04238155 -0.12546839
v -0.32328066 -0.04429990 -0.12227963
v -0.32202926 -0.04633203 -0.12713993
v -0.32316619 -0.04828901 -0.12385198
v -0.32155663 -0.05020649 -0.12859070
v -0.32269520 -0.05221007 -0.12522307
v -0.32074803 -0.05397624 -0.12978902
v -0.32187584 -0.05603234 -0.12636024
v -0.31960425 -0.05762170 -0.13072160
v -0.32071003 -0.05973249 -0.12724701
v -0.31814316 -0.06110542 -0.13137555
v -0.31921464 -0.06327301 -0.12786841
v -0.31636900 -0.06440862 -0.13176923
v -0.31739584 -0.06663167 -0.12823765
v -0.31429204 -0.06751050 -0.13192418
v -0.31526551 -0.06978530 -0.12837239
v -0.28981754 0.00758765 -0.10113108
v -0.29608554 0.00280149 -0.10547120
v -0.30211404 -0.00306743 -0.10880390
v -0.30825987 -0.01830654 -0.13426714
v -0.30802265 -0.01464838 -0.13165137
v -0.30741695 -0.01102981 -0.12881424
v -0.30642197 -0.00752377 -0.12578592
v -0.30503008 -0.00421250 -0.12258462
v -0.30325207 -0.00117448 -0.11923218
v -0.30111936 0.00152126 -0.11573690
v -0.29866681 0.00380000 -0.11211404
v -0.29593047 0.00559207 -0.10841642
v -0.29296148 0.00685996 -0.10472683
v -0.26039526 -0.01783995 -0.07916778
v -0.26033604 -0.01767760 -0.07944040
v -0.26202118 -0.01650435 -0.07965768
v -0.26194537 -0.01631756 -0.07991330
v -0.26367602 -0.01522309 -0.08018611
v -0.26019242 -0.01728987 -0.07988129
v -0.26767120 -0.01406973 -0.07888879
v -0.26399785 -0.01596215 -0.07847294
v -0.26389828 -0.01573035 -0.07925557
v -0.26052588 -0.01820429 -0.07815660
v -0.26044640 -0.01798152 -0.07886187
v -0.26376030 -0.01541400 -0.07991043
v -0.26554951 -0.01440925 -0.08019943
v -0.26383430 -0.01558301 -0.07959982
v -0.26570159 -0.01473354 -0.07949825
v -0.26755112 -0.01382553 -0.07977164
v -0.26738495 -0.01349212 -0.08052453
v -0.27117744 -0.01192876 -0.08128113
v -0.26406312 -0.01611616 -0.07757951
v -0.26774999 -0.01423194 -0.07789395
v -0.27151147 -0.01254420 -0.07940324
v -0.27160341 -0.01271694 -0.07828353
v -0.27548227 -0.01140050 -0.08001100
v -0.27936956 -0.01034581 -0.08201831
v -0.27532321 -0.01112077 -0.08116092
v -0.27137130 -0.01228405 -0.08040887
v -0.26728353 -0.01329085 -0.08084811
v -0.27105919 -0.01171423 -0.08166271
v -0.27312589 -0.01128636 -0.08171073
v -0.32177088 -0.03197502 -0.07893292
v -0.31954023 -0.02847879 -0.07872824
v -0.31697705 -0.02521734 -0.07851447
v -0.31410697 -0.02222348 -0.07829171
v -0.31095731 -0.01952558 -0.07806020
v -0.30755782 -0.01714924 -0.07782061
v -0.30394235 -0.01511810 -0.07757443
v -0.30014482 -0.01345114 -0.07732361
v -0.29620188 -0.01216449 -0.07707236
v -0.29215240 -0.01127069 -0.07682592
v -0.28803429 -0.01077800 -0.07658876
v -0.28388813 -0.01069141 -0.07636494
v -0.27975279 -0.01101143 -0.07615794
v -0.27566931 -0.01173537 -0.07597103
v -0.27167633 -0.01285575 -0.07580704
v -0.27510315 -0.01073862 -0.08217293
v -0.27912554 -0.00993175 -0.08318926
v -0.28320748 -0.00951611 -0.08431835
v -0.28347260 -0.00996694 -0.08297032
v -0.28730917 -0.00949569 -0.08554722
v -0.28759202 -0.00998765 -0.08400497
v -0.29139224 -0.00987329 -0.08686145
v -0.29168931 -0.01040950 -0.08510906
v -0.29541576 -0.01064852 -0.08824456
v -0.29572362 -0.01123036 -0.08626743
v -0.29934058 -0.01182047 -0.08967588
v -0.29965618 -0.01244655 -0.08746170
v -0.30312499 -0.01338542 -0.09112928
v -0.30344641 -0.01405104 -0.08866920
v -0.30672941 -0.01533508 -0.09257785
v -0.30705577 -0.01603258 -0.08986801
v -0.31011757 -0.01765208 -0.09400623
v -0.31044886 -0.01837319 -0.09104621
v -0.31325313 -0.02031264 -0.09540204
v -0.31359026 -0.02104910 -0.09219434
v -0.31610498 -0.02328804 -0.09675667
v -0.31644946 -0.02403272 -0.09330626
v -0.31685337 -0.02493200 -0.08601377
v -0.31398579 -0.02194012 -0.08536518
v -0.31083792 -0.01924710 -0.08469296
v -0.30743974 -0.01687906 -0.08399971
v -0.30382547 -0.01485967 -0.08329026
v -0.30002937 -0.01320769 -0.08257080
v -0.29608861 -0.01193801 -0.08185387
v -0.29204243 -0.01106185 -0.08115389
v -0.28792906 -0.01058630 -0.08048299
v -0.28378907 -0.01051566 -0.07985175
v -0.27966130 -0.01084991 -0.07926930
v -0.27558661 -0.01158619 -0.07874408
v -0.31329328 -0.08441243 -0.06409612
v -0.31293392 -0.08469348 -0.05782704
v -0.30789170 -0.08853233 -0.05854480
v -0.30786547 -0.08856317 -0.04950263
v -0.31115383 -0.08615255 -0.04950262
v -0.31230927 -0.08518197 -0.04950262
v -0.30226022 -0.09160163 -0.05854476
v -0.30434215 -0.09065544 -0.04950263
v -0.30717078 -0.08901299 -0.04950263
v -0.29623026 -0.09378325 -0.05854475
v -0.29673824 -0.09378053 -0.04950265
v -0.30062404 -0.09240007 -0.04950264
v -0.28993973 -0.09502754 -0.05854483
v -0.29272974 -0.09477681 -0.04950266
v -0.29545644 -0.09414452 -0.04950265
v -0.28033486 -0.09536531 -0.04950268
v -0.28274378 -0.09553743 -0.04950267
v -0.28353283 -0.09530574 -0.05854492
v -0.28448808 -0.09557588 -0.04950267
v -0.28863016 -0.09537856 -0.04950267
v -0.27287751 -0.09357965 -0.05854514
v -0.27621999 -0.09474687 -0.04950267
v -0.27914166 -0.09493275 -0.05854499
v -0.26688668 -0.09129336 -0.05854531
v -0.26825279 -0.09230735 -0.04950266
v -0.27217636 -0.09372409 -0.04950267
v -0.26130792 -0.08812489 -0.05854550
v -0.26447955 -0.09050630 -0.04950265
v -0.26613921 -0.09135524 -0.04950265
v -0.25627503 -0.08415052 -0.05854572
v -0.25755036 -0.08582734 -0.04950263
v -0.26090264 -0.08834098 -0.04950264
v -0.25190341 -0.07946294 -0.05854593
v -0.25451127 -0.08304235 -0.04950262
v -0.25560090 -0.08410434 -0.04950263
v -0.24828988 -0.07416664 -0.05854616
v -0.24912801 -0.07636587 -0.04950261
v -0.25171056 -0.07991626 -0.04950262
v -0.24551766 -0.06837988 -0.05854642
v -0.24692447 -0.07256118 -0.04950261
v -0.24771807 -0.07403928 -0.04950261
v -0.24365404 -0.06224559 -0.05854661
v -0.24375132 -0.06434156 -0.04950257
v -0.24512359 -0.06853487 -0.04950259
v -0.24234091 -0.05116238 -0.04950254
v -0.24234876 -0.05560799 -0.04950255
v -0.24273978 -0.05589497 -0.05854687
v -0.24282178 -0.06001867 -0.04950256
v -0.24320407 -0.06207122 -0.04950256
v -0.24382345 -0.04315308 -0.05854727
v -0.24247709 -0.04929994 -0.04950254
v -0.24279685 -0.04948260 -0.05854707
v -0.24280314 -0.04672319 -0.04950254
v -0.24373507 -0.04234070 -0.04950254
v -0.25679162 -0.02144163 -0.04950262
v -0.25682604 -0.02148010 -0.05855086
v -0.25366661 -0.02446008 -0.04950261
v -0.25229630 -0.02600114 -0.04950261
v -0.25105253 -0.02754192 -0.04950260
v -0.24874443 -0.03085791 -0.04950258
v -0.24676509 -0.03437665 -0.04950257
v -0.24560449 -0.03689630 -0.04950256
v -0.24512877 -0.03807428 -0.04950255
v -0.31360239 -0.08409385 -0.05849030
v -0.32049567 -0.03108146 -0.04950264
v -0.31799233 -0.02746832 -0.04950263
v -0.31778213 -0.02650785 -0.05849210
v -0.29673898 -0.01249324 -0.05849288
v -0.30274010 -0.01474995 -0.05849271
v -0.28563064 -0.01106168 -0.04950253
v -0.29046685 -0.01117053 -0.05849302
v -0.29053631 -0.01147405 -0.04950254
v -0.28979877 -0.01137512 -0.04950254
v -0.28146133 -0.01116085 -0.04950253
v -0.27896252 -0.01141866 -0.04950254
v -0.27732348 -0.01167019 -0.04950254
v -0.27326789 -0.01258179 -0.04950255
v -0.26932171 -0.01388696 -0.04950256
v -0.26668817 -0.01500815 -0.04950257
v -0.26553288 -0.01556832 -0.04950258
v -0.26193058 -0.01761026 -0.04950260
v -0.25855803 -0.01998542 -0.04950261
v -0.29391444 -0.01209821 -0.04950254
v -0.30184844 -0.01474981 -0.04950257
v -0.29794756 -0.01322741 -0.04950256
v -0.31241053 -0.02153035 -0.04950261
v -0.30911562 -0.01891987 -0.04950260
v -0.30833450 -0.01789110 -0.05849253
v -0.30558634 -0.01665483 -0.04950259
v -0.30277261 -0.01517776 -0.04950257
v -0.31338716 -0.02184116 -0.05849232
v -0.31334740 -0.02237674 -0.04950262
v -0.31527397 -0.02428910 -0.04950262
v -0.32559854 -0.04324692 -0.04950269
v -0.32432210 -0.03901254 -0.04950267
v -0.32422096 -0.03755733 -0.05849164
v -0.32261488 -0.03494512 -0.04950265
v -0.32142136 -0.03178663 -0.05849187
v -0.32128042 -0.03240345 -0.04950264
v -0.32585368 -0.04435138 -0.04950269
v -0.32611546 -0.04368727 -0.05849142
v -0.32642701 -0.04760101 -0.04950270
v -0.32706001 -0.05002885 -0.05849120
v -0.32679495 -0.05203058 -0.04950272
v -0.32508028 -0.06529465 -0.04950272
v -0.32573020 -0.06282385 -0.04950272
v -0.32617956 -0.06215949 -0.05849082
v -0.32612222 -0.06092952 -0.04950273
v -0.32708025 -0.05581050 -0.05849101
v -0.32669485 -0.05649054 -0.04950272
v -0.32374913 -0.06911401 -0.04950270
v -0.32432747 -0.06830215 -0.05849065
v -0.32206085 -0.07278564 -0.04950269
v -0.32156911 -0.07409021 -0.05849050
v -0.31767884 -0.07955663 -0.04950265
v -0.32002994 -0.07627852 -0.04950267
v -0.32099903 -0.07470712 -0.04950267
v -0.31502759 -0.08259314 -0.04950263
v -0.31796604 -0.07939558 -0.05849038
v -0.28455043 -0.05331180 -0.00830262
v -0.28975642 -0.01395462 -0.02190262
v -0.29069257 -0.01408981 -0.02194095
v -0.30617157 -0.08660770 -0.02190522
v -0.31013617 -0.08366735 -0.02190519
v -0.10846372 -0.04541992 -0.02551163
v -0.11252766 -0.04520512 -0.02551163
v -0.11400112 -0.04505165 -0.02551163
v -0.10990142 0.04537717 -0.02551163
v -0.11229479 0.04521694 -0.02551163
v -0.13501242 -0.03715042 -0.02551163
v -0.11358415 0.04508854 -0.02551163
v -0.12966481 -0.04038752 -0.02551163
v -0.12808512 -0.04116244 -0.02551163
v -0.15428995 0.00046906 -0.02551163
v -0.15422264 -0.00251648 -0.02551163
v -0.13061029 0.03987689 -0.02551163
v -0.13332473 -0.03828255 -0.02551163
v -0.12130697 0.04367919 -0.02551163
v -0.12327096 0.04307546 -0.02551163
v -0.10838988 0.04541019 -0.02551163
v -0.11761865 0.04451882 -0.02551163
v -0.13927862 0.03373843 -0.02551163
v -0.14028813 0.03280093 -0.02551163
v -0.15418310 0.00315611 -0.02551163
v -0.15379480 -0.00671117 -0.02551163
v -0.15298763 -0.01082393 -0.02551163
v -0.12524287 0.04236237 -0.02551163
v -0.12908109 0.04067308 -0.02551163
v -0.13603108 0.03640275 -0.02551163
v -0.15416351 -0.00341936 -0.02551163
v -0.14112784 -0.03198520 -0.02551163
v -0.13881250 -0.03416208 -0.02551163
v -0.13553296 -0.03677860 -0.02551163
v -0.12129913 -0.04369365 -0.02551163
v -0.11846602 -0.04437314 -0.02551163
v -0.15286341 -0.01131927 -0.02551163
v -0.15187095 -0.01464776 -0.02551163
v -0.15032238 -0.01858535 -0.02551163
v -0.12584978 -0.04213390 -0.02551163
v -0.12189175 -0.04352073 -0.02551163
v -0.13252196 0.03877349 -0.02551163
v -0.15019540 -0.01886609 -0.02551163
v -0.14843072 -0.02233068 -0.02551163
v -0.14620557 -0.02587967 -0.02551163
v -0.14460623 -0.02804605 -0.02551163
v -0.14183849 -0.03125209 -0.02551163
v -0.14226130 0.03079152 -0.02551163
v -0.14403977 0.02874482 -0.02551163
v -0.14969440 0.01992283 -0.02551163
v -0.14556085 0.02677761 -0.02551163
v -0.14656375 0.02534764 -0.02551163
v -0.14874433 0.02176107 -0.02551163
v -0.15158127 0.01547200 -0.02551163
v -0.15255779 0.01244891 -0.02551163
v -0.15283383 0.01143375 -0.02551163
v -0.15057947 0.01799723 -0.02551163
v -0.15370056 0.00732178 -0.02551163
v -0.15406136 0.00458594 -0.02551163
v -0.12129905 -0.04369366 -0.02279385
v -0.11864397 -0.04434565 -0.02283904
v -0.11364037 -0.04511339 -0.02272119
vn 0.24019234 -0.96999673 -0.03760297
vn 0.14566843 -0.98930047 0.00808026
vn 0.10280912 -0.71432565 -0.69222045
vn -0.99909701 -0.04238890 0.00288957
vn -0.72064323 -0.02923797 -0.69268930
vn -0.99207494 -0.12420426 0.01898973
vn -0.70385494 -0.15366162 -0.69352457
vn -0.97475849 -0.22325939 -0.00106634
vn -0.67656753 -0.25558228 -0.69060414
vn -0.93447288 -0.35602618 0.00240884
vn -0.89094478 -0.45402135 -0.00905587
vn -0.61601575 -0.36836662 -0.69629780
vn -0.84956297 -0.52740845 0.00911536
vn -0.80373725 -0.59490517 -0.00970919
vn -0.54300239 -0.46804900 -0.69719333
vn -0.76536805 -0.64313605 0.02424387
vn -0.50020268 -0.86590183 -0.00336060
vn -0.58489860 -0.81092181 -0.01730435
vn -0.46569983 -0.55102839 -0.69245316
vn -0.66224133 -0.74920033 0.01163137
vn -0.70029815 -0.71334955 -0.02673800
vn -0.36372679 -0.62734951 -0.68857492
vn -0.25286470 -0.67966282 -0.68856219
vn -0.34555583 -0.93839807 -0.00047442
vn -0.13784306 -0.71066203 -0.68989765
vn 0.03502461 -0.99935274 -0.00820801
vn -0.01420325 -0.99988809 0.00469772
vn -0.01336884 -0.71710052 -0.69684153
vn -0.07258650 -0.99735176 -0.00454520
vn -0.18939862 -0.98190026 0.00021683
vn 0.08296673 -0.99593851 -0.03497159
vn 0.30826503 -0.95127860 -0.00645803
vn 0.21916944 -0.68744662 -0.69237411
vn 0.39582848 -0.91817640 -0.01648944
vn 0.34707869 -0.63211957 -0.69279235
vn 0.48740821 -0.87315295 -0.00609636
vn 0.43608013 -0.57558525 -0.69176277
vn 0.60122877 -0.79906010 -0.00518948
vn 0.68408671 -0.72921353 -0.01652274
vn 0.53034803 -0.48404846 -0.69600866
vn 0.74326889 -0.66898837 -0.00243168
vn 0.79869484 -0.60154007 -0.01536571
vn 0.60402735 -0.38884887 -0.69566337
vn 0.84649246 -0.53239554 -0.00234737
vn 0.89005964 -0.45561499 -0.01445057
vn 0.66136934 -0.28153735 -0.69521746
vn 0.92582706 -0.37794293 -0.00184375
vn 0.95458358 -0.29775991 -0.01045095
vn 0.69988665 -0.16583361 -0.69473584
vn 0.97679138 -0.21417361 -0.00287324
vn 0.99196035 -0.12601681 -0.01159413
vn 0.71704083 -0.05058066 -0.69519353
vn 0.99883097 -0.04825605 -0.00283724
vn 0.71640925 0.03000126 -0.69703495
vn 0.99949761 0.03157579 -0.00273836
vn 0.02280389 0.71192746 0.70188266
vn 0.04643423 0.70939987 0.70327497
vn 0.04370179 0.71398528 -0.69879552
vn 0.99625567 0.08644959 -0.00105601
vn 0.70887075 0.10870593 -0.69691125
vn -0.71672579 0.07177932 -0.69365111
vn -0.99601897 0.08913434 -0.00112801
vn -0.98642983 0.16353830 0.01453986
vn -0.98245026 0.18641673 -0.00634758
vn -0.68917195 0.20976407 -0.69357124
vn -0.97328265 0.22934622 -0.01100924
vn -0.95242150 0.30446340 0.01397559
vn -0.64685577 0.30999485 -0.69676453
vn -0.93570111 0.35154677 -0.02963605
vn -0.89425355 0.44647865 0.03110314
vn -0.86465984 0.50225151 -0.01033363
vn -0.58408002 0.41589668 -0.69705127
vn -0.81958836 0.57284435 0.01114723
vn -0.76866614 0.63956015 -0.01073191
vn -0.50479978 0.51684059 -0.69141376
vn -0.70101565 0.71311595 0.00653424
vn -0.57925085 0.81514932 0.00018468
vn -0.41778696 0.59268893 -0.68860285
vn -0.43219394 0.90177450 -0.00333923
vn -0.31218283 0.65450398 -0.68859743
vn -0.19194490 0.69550728 -0.69240651
vn -0.33713865 0.94131879 -0.01601478
vn -0.24312478 0.96993431 0.01085296
vn -0.08040633 0.71177166 -0.69779361
vn -0.19040413 0.98141165 -0.02403008
vn -0.11476378 0.99337478 0.00598500
vn -0.07978223 0.99681231 -0.00010917
vn -0.03050503 0.99943195 -0.01432532
vn -0.00424219 0.72280617 0.69103780
vn 0.07986314 0.71386683 0.69571260
vn 0.10585694 0.71903446 0.68686517
vn 0.16471770 0.69635675 -0.69853802
vn 0.12925663 0.70658275 0.69572519
vn 0.16091330 0.69275676 0.70299003
vn 0.25137002 0.96789085 0.00064411
vn 0.26357330 0.96462879 -0.00451814
vn 0.29873522 0.95422571 -0.01451095
vn 0.27708056 0.66296070 -0.69549225
vn 0.37023815 0.92893672 -0.00054233
vn 0.44336821 0.89625590 -0.01224741
vn 0.38353397 0.60798405 -0.69516695
vn 0.52147527 0.85326365 -0.00216322
vn 0.59211371 0.80575467 -0.01267969
vn 0.48010559 0.53445497 -0.69559795
vn 0.65989067 0.75136160 -0.00025023
vn 0.72086633 0.69293112 -0.01407812
vn 0.55006628 0.45664599 -0.69921494
vn 0.77295724 0.63445683 -0.00127888
vn 0.80320200 0.59570468 0.00157496
vn 0.58150936 0.41279983 -0.70103008
vn 0.83624373 0.54828869 -0.00871443
vn 0.63784104 0.33145681 -0.69519436
vn 0.88113342 0.47286080 0.00256293
vn 0.91737104 0.39790409 -0.01013500
vn 0.68425510 0.21891150 -0.69560960
vn 0.94912086 0.31491143 0.00061673
vn 0.97214617 0.23403677 -0.01259445
vn 0.98891669 0.14847124 -0.00026505
vn 0.00993445 -0.99994733 0.00257577
vn -0.04952780 -0.99875171 -0.00648261
vn -0.03696028 -0.71258430 0.70061227
vn 0.00030056 -0.99999995 -0.00006366
vn 0.04828521 -0.99873919 0.01373181
vn 0.03405276 -0.99940727 0.00505126
vn 0.07131494 -0.98915227 0.12842108
vn -0.92898972 0.37009742 -0.00244853
vn -0.48216461 -0.54026057 0.68966354
vn -0.52740629 -0.48833795 0.69524719
vn -0.71433038 -0.69980364 -0.00264026
vn -0.57158427 0.42790342 0.70013576
vn -0.54660308 0.46215763 0.69830896
vn -0.77429465 0.63282516 -0.00034532
vn -0.17703972 0.71142408 0.68009758
vn -0.08826732 0.71663730 0.69183803
vn -0.17492210 0.98458202 -0.00071487
vn -0.02706010 0.71836445 0.69514047
vn -0.20425880 0.69081676 0.69357807
vn -0.30755461 0.95153017 -0.00070938
vn -0.27329618 0.67047390 0.68976369
vn -0.44922556 0.89334857 -0.01116802
vn -0.30918296 0.64164344 0.70192563
vn -0.35099988 0.62778984 0.69475104
vn -0.57033204 0.82133013 -0.01175497
vn -0.38155136 0.61212139 0.69262252
vn -0.67708488 0.73572575 -0.01623846
vn -0.54866752 0.49202464 0.67592582
vn -0.47357940 0.54362345 0.69296183
vn -0.44002152 0.57182542 0.69238483
vn -0.59939364 0.40609531 0.68979263
vn -0.86602161 0.49999677 -0.00313028
vn -0.63574446 0.34031266 0.69283207
vn -0.65771206 0.29749762 0.69203325
vn -0.97200936 0.23490999 0.00388724
vn -0.99626863 0.08612137 -0.00565032
vn -0.71088307 0.08408187 0.69826607
vn -0.72995185 0.10822914 0.67487536
vn -0.69483309 0.19227171 0.69299247
vn -0.69682400 0.22152242 0.68217603
vn -0.71269974 -0.10690670 0.69327487
vn -0.71546784 -0.06744228 0.69538285
vn -0.99822965 -0.05872960 -0.00940161
vn -0.72188685 -0.00163972 0.69200917
vn -0.71493877 0.03606797 0.69825615
vn -0.63164764 -0.35158869 0.69094620
vn -0.66665888 -0.31665061 0.67475798
vn -0.94247797 -0.33419304 -0.00709133
vn -0.67751233 -0.23823027 0.69586161
vn -0.97778184 -0.20947023 -0.00805613
vn -0.70400779 -0.21041265 0.67830638
vn -0.69650927 -0.14889587 0.70192938
vn -0.88341568 -0.46853932 0.00690266
vn -0.80065200 -0.59912544 -0.00225218
vn -0.60711444 -0.39994330 0.68662757
vn -0.55381610 -0.46787149 0.68875540
vn -0.41050911 -0.58881460 0.69626119
vn -0.44043453 -0.55970895 0.70195677
vn -0.60663606 -0.79496978 -0.00396735
vn -0.38180055 -0.61178724 0.69278042
vn -0.48148263 -0.87638975 -0.01074642
vn -0.32143614 -0.64479016 0.69348717
vn -0.35170135 -0.93606962 -0.00893524
vn -0.28103131 -0.66421885 0.69270103
vn -0.08752261 -0.71784694 0.69067761
vn -0.10198357 -0.72061285 0.68579623
vn -0.22807985 -0.97355079 -0.01335849
vn -0.13380633 -0.69979432 0.70170063
vn -0.17321003 -0.69437414 0.69845747
vn -0.20031698 -0.70886238 0.67630410
vn -0.07420465 -0.99597481 -0.05027777
vn 0.05298582 0.69698603 0.71512445
vn 0.03472131 0.70059482 0.71271406
vn 0.05454478 0.99845946 0.01017749
vn 0.02208176 0.69797585 0.71578077
vn 0.05439920 0.98683498 0.15230712
vn -0.00357785 0.68561349 0.72795696
vn -0.03005635 0.59596848 0.80244513
vn -0.02196559 0.52632442 0.85000007
vn -0.03660155 0.52835507 0.84823419
vn 0.03672842 -0.99903664 0.02401715
vn 0.03590643 -0.99837516 0.04424660
vn 0.04193176 -0.99879559 0.02547728
vn 0.03281991 -0.99651474 0.07668913
vn 0.03053527 -0.98756907 0.15419120
vn 0.02747285 -0.99129624 0.12875170
vn 0.02906687 -0.97241385 0.23144419
vn 0.03245381 -0.99179167 -0.12367715
vn 0.03286005 -0.99697944 -0.07037191
vn 0.04923787 -0.99305857 -0.10681904
vn 0.03249177 -0.99852256 -0.04355428
vn 0.03463299 -0.99934366 -0.01062098
vn 0.02423396 -0.98127300 0.19109166
vn 0.02551945 -0.96613517 0.25677146
vn 0.02765961 -0.94871543 0.31491900
vn 0.02000227 -0.94565264 0.32456278
vn 0.02116316 -0.90459065 0.42575566
vn 0.01529365 -0.92667437 0.37555387
vn 0.02549292 -0.89599775 0.44332623
vn 0.01514973 -0.86299048 0.50499299
vn 0.01557460 -0.86161083 0.50733047
vn 0.00953077 -0.81570952 0.57838322
vn 0.01225636 -0.82365096 0.56696461
vn 0.00977281 -0.79444612 0.60725600
vn 0.01367086 -0.75932990 0.65056223
vn 0.00075811 -0.75864566 0.65150303
vn 0.00666610 -0.71683182 0.69721425
vn 0.00444296 -0.71703563 0.69702236
vn 0.01123850 -0.67332847 0.73925805
vn 0.00366378 -0.67114614 0.74131602
vn 0.00533652 -0.61300042 0.79006456
vn -0.00352929 -0.63387175 0.77343012
vn -0.00281556 -0.60995854 0.79242833
vn 0.01150023 -0.56206291 0.82701453
vn 0.01540832 -0.52954207 0.84814373
vn -0.00104372 -0.49436074 0.86925622
vn 0.01605214 -0.46989383 0.88257698
vn 0.02498443 -0.36052255 0.93241583
vn 0.00875843 -0.41086875 0.91165243
vn 0.00434033 -0.36067715 0.93268063
vn 0.00011724 -0.33065052 0.94375326
vn 0.00618219 -0.28597938 0.95821583
vn 0.02346939 -0.20708627 0.97804114
vn 0.00924056 -0.22562756 0.97416981
vn -0.00010668 -0.16192379 0.98680326
vn 0.02787771 -0.08700559 0.99581768
vn 0.00647373 -0.10850979 0.99407430
vn 0.00837582 -0.05799853 0.99828153
vn -0.00799939 0.20092877 0.97957319
vn 0.00827882 0.24656905 0.96908986
vn -0.00918542 0.15859532 0.98730094
vn 0.01641129 0.15700860 0.98746087
vn 0.01429376 0.08673359 0.99612899
vn 0.01865759 0.09594235 0.99521202
vn -0.00050567 0.00170275 0.99999842
vn 0.02641833 0.03791634 0.99893164
vn 0.02386839 -0.01818750 0.99954966
vn 0.01695110 0.24943955 0.96824200
vn -0.00297327 0.28118611 0.95964865
vn -0.00143310 0.33314860 0.94287324
vn -0.02433642 0.33750752 0.94100819
vn -0.01041692 0.39229564 0.91978020
vn -0.00645929 0.40371820 0.91486059
vn -0.01497633 0.44517085 0.89532040
vn -0.02905671 0.45300558 0.89103403
vn -0.03963289 0.49463834 0.86819476
vn -0.03518850 0.56679941 0.82310400
vn -0.04673411 0.61832614 0.78453089
vn -0.03648764 0.64277872 0.76518244
vn -0.04535620 0.66053564 0.74942343
vn -0.03937630 0.68888491 0.72380045
vn -0.04367746 0.70694183 0.70592176
vn -0.04066422 0.75444760 0.65509941
vn -0.04209451 0.91059905 0.41114162
vn -0.04630053 0.91526112 0.40019163
vn -0.04237708 0.89009615 0.45379845
vn -0.04687967 0.87329011 0.48493986
vn -0.05039265 0.74015630 0.67054399
vn -0.05287030 0.76013104 0.64761527
vn -0.04116208 0.80800311 0.58773860
vn -0.04533932 0.79418595 0.60598104
vn -0.04442959 0.84047084 0.54003221
vn -0.04592198 0.83075836 0.55473572
vn -0.04948881 0.86087583 0.50640267
vn -0.04535687 0.92609142 0.37456298
vn -0.04378338 0.94072033 0.33634546
vn -0.04663557 0.95108709 0.30538251
vn -0.03293429 0.96030042 0.27701704
vn -0.03659616 0.96703893 0.25198498
vn -0.04641328 0.97697585 0.20824023
vn -0.03967509 0.97040145 0.23821611
vn -0.04112242 0.97450911 0.22054690
vn -0.03358507 0.99425562 0.10162584
vn -0.04523522 0.99105313 0.12556856
vn -0.03774082 0.98894411 0.14340561
vn -0.04105604 0.98189325 0.18493253
vn 0.68917043 -0.52291315 -0.50160339
vn 0.70688227 -0.48430435 -0.51552571
vn 0.67111858 -0.39774305 -0.62561995
vn 0.45583227 -0.19215450 -0.86907628
vn 0.42726061 -0.12507343 -0.89543565
vn 0.42871969 -0.14206654 -0.89219758
vn -0.10115416 -0.84529622 0.52463525
vn -0.16221929 -0.82398110 0.54289966
vn -0.12163344 -0.89162063 0.43613985
vn -0.19674221 -0.75649334 0.62370693
vn -0.12859007 -0.83870137 0.52919241
vn -0.21673200 -0.78563341 0.57948891
vn -0.12614320 -0.80408300 0.58098057
vn -0.15160556 -0.77661486 0.61146146
vn -0.13840843 -0.68173926 0.71838339
vn -0.22008830 -0.65303454 0.72464269
vn -0.13985376 -0.64790646 0.74877109
vn -0.10936581 -0.62218104 0.77519666
vn -0.07359752 -0.64566795 0.76006335
vn 0.66294595 -0.39598640 -0.63537188
vn 0.63639927 -0.35999380 -0.68220263
vn 0.11207389 -0.02252910 -0.99344445
vn 0.09280922 -0.00092642 -0.99568348
vn 0.13905414 -0.00437627 -0.99027511
vn 0.32411547 0.02504129 -0.94568605
vn 0.33570173 0.01303618 -0.94187813
vn 0.37473898 -0.04487102 -0.92604389
vn 0.35410764 0.01668784 -0.93505577
vn 0.36700255 0.00326339 -0.93021421
vn 0.39468213 -0.05693240 -0.91705219
vn 0.32291585 -0.05342641 -0.94491850
vn 0.31822594 -0.12221650 -0.94010392
vn 0.36733209 -0.10742980 -0.92386469
vn -0.03554222 -0.94365523 0.32901606
vn -0.02606450 -0.97411558 0.22454280
vn -0.69988064 -0.05370796 0.71223770
vn -0.70191586 -0.06931952 0.70887864
vn -0.69991288 -0.11738059 0.70451668
vn -0.71294362 -0.08324954 0.69626209
vn -0.70465917 -0.10983889 0.70099277
vn -0.70681737 -0.14800713 0.69173918
vn -0.69049744 -0.23883535 0.68276713
vn -0.68393354 -0.19887530 0.70191419
vn -0.66482891 -0.25034604 0.70379641
vn -0.33705930 -0.06229862 0.93941999
vn -0.38568913 -0.06316323 0.92046418
vn -0.45607841 -0.15465106 0.87639919
vn -0.43323157 -0.04696160 0.90005834
vn -0.48469187 -0.05617364 0.87287932
vn -0.18731905 -0.05350738 0.98084073
vn -0.25076833 -0.05577829 0.96643884
vn -0.32521826 -0.16348721 0.93139949
vn -0.05570744 -0.04531201 0.99741842
vn -0.11805685 -0.04823571 0.99183461
vn -0.17119590 -0.15792611 0.97249746
vn 0.01327443 -0.04616256 0.99884574
vn -0.04215184 -0.67134135 0.73994865
vn -0.02133374 -0.58849672 0.80821809
vn -0.02574553 -0.51347238 0.85771981
vn 0.00426360 -0.42440715 0.90546143
vn 0.01544845 -0.32102401 0.94694505
vn 0.02723681 -0.22213489 0.97463544
vn 0.05229203 -0.13541529 0.98940803
vn -0.03652050 -0.74548045 0.66552623
vn -0.05702823 -0.85545468 0.51472815
vn -0.04568484 -0.90670169 0.41929099
vn -0.00401186 -0.99250339 0.12215127
vn 0.00283139 -0.99951874 0.03089133
vn 0.01678299 -0.99724235 -0.07229131
vn 0.03379497 -0.98403710 -0.17472519
vn 0.05651513 -0.97111077 -0.23184028
vn 0.06827639 -0.95633761 -0.28417724
vn 0.07244348 -0.92555262 -0.37162386
vn 0.05955191 -0.93510940 -0.34931930
vn 0.05919800 -0.78529270 -0.61628805
vn 0.01154814 -0.86333408 -0.50450066
vn 0.10725542 -0.81928668 -0.56326336
vn 0.05563612 -0.89737339 -0.43775064
vn 0.08720950 -0.86774362 -0.48930105
vn 0.04686423 -0.72689914 -0.68514333
vn 0.04565674 -0.76481414 -0.64263115
vn 0.04881361 -0.80158635 -0.59588301
vn 0.05969428 -0.72670118 -0.68435517
vn 0.06370996 -0.66573903 -0.74345988
vn 0.04639440 -0.67039651 -0.74055120
vn 0.06730663 -0.60188271 -0.79574306
vn 0.04369564 -0.60759864 -0.79304135
vn 0.07416123 -0.53014940 -0.84465480
vn 0.04254790 -0.53930232 -0.84103667
vn 0.08051677 -0.46265637 -0.88287379
vn 0.04287425 -0.44185208 -0.89606280
vn 0.07837840 -0.36457130 -0.92787100
vn 0.03497153 -0.36570560 -0.93007333
vn 0.09437650 -0.24021902 -0.96612002
vn 0.02701577 -0.27959337 -0.95973835
vn 0.08655895 -0.16754968 -0.98205634
vn 0.02988967 -0.16858744 -0.98523342
vn 0.13375104 -0.08822802 -0.98707977
vn 0.05898746 -0.05580985 -0.99669742
vn 0.01241982 -0.12384234 -0.99222418
vn 0.02232946 -0.06808423 -0.99742966
vn 0.36481949 -0.03854400 -0.93028012
vn 0.39808375 -0.08957862 -0.91296495
vn 0.38526481 -0.02289170 -0.92252208
vn 0.40635964 -0.07247538 -0.91083432
vn 0.38435734 -0.00849574 -0.92314531
vn 0.34479541 -0.03738592 -0.93793306
vn 0.28520473 0.02962491 -0.95800868
vn 0.30296324 0.01897081 -0.95281340
vn 0.13148068 -0.03798886 -0.99059057
vn 0.19018015 -0.04199288 -0.98085071
vn 0.15313774 -0.05222197 -0.98682405
vn 0.23882624 -0.08201781 -0.96759243
vn 0.17994719 -0.07915076 -0.98048670
vn 0.20448563 -0.10004965 -0.97374314
vn 0.29581066 -0.12203806 -0.94741900
vn 0.24036108 -0.11077322 -0.96434218
vn 0.26384714 -0.14007610 -0.95433923
vn 0.35532304 -0.15635965 -0.92157322
vn 0.29041742 -0.14836082 -0.94532893
vn 0.33679040 -0.16850240 -0.92637961
vn 0.41916361 -0.20342252 -0.88482831
vn 0.36707716 -0.17731319 -0.91313438
vn 0.48307897 -0.22968002 -0.84491526
vn 0.41506346 -0.23082833 -0.88002307
vn 0.55352402 -0.27006204 -0.78783098
vn 0.50035565 -0.25334770 -0.82792461
vn 0.46551772 -0.24212020 -0.85127613
vn 0.61733533 -0.32555864 -0.71617642
vn 0.60292269 -0.34287901 -0.72035978
vn 0.57119842 -0.30539086 -0.76188503
vn 0.53077864 -0.28584619 -0.79785086
vn 0.75051263 -0.50830188 -0.42232689
vn 0.73000153 -0.48018400 -0.48633435
vn 0.71313619 -0.44811090 -0.53910425
vn 0.70194872 -0.41884360 -0.57605385
vn 0.77115425 -0.54922926 -0.32197570
vn 0.73944536 -0.56540059 -0.36543498
vn 0.74446100 -0.52449663 -0.41313570
vn 0.77487859 -0.59684970 -0.20816727
vn 0.76254580 -0.59598159 -0.25165422
vn 0.75066273 -0.59917191 -0.27838551
vn 0.68791190 -0.72561281 0.01622551
vn 0.71395007 -0.69928161 0.03578438
vn 0.73052523 -0.68004985 -0.06216990
vn 0.75874083 -0.65061992 -0.03171855
vn 0.77062107 -0.62328627 -0.13288112
vn 0.68194077 -0.72676166 0.08230596
vn 0.64601121 -0.74834481 0.15049773
vn 0.73527202 -0.67303724 0.07997454
vn 0.57912517 -0.75684691 0.30297984
vn 0.73030474 -0.65657643 0.18857988
vn 0.66758076 -0.72181558 0.18253275
vn 0.71684473 -0.68262710 0.14196438
vn 0.55124009 -0.74888740 0.36783424
vn 0.61564762 -0.71536623 0.33049835
vn 0.64251994 -0.70133716 0.30869778
vn 0.45371172 -0.72339531 0.52042762
vn 0.46741045 -0.73750124 0.48746219
vn 0.44116451 -0.75210087 0.48961022
vn 0.53018251 -0.72163121 0.44514595
vn 0.49783347 -0.75308171 0.43015087
vn 0.56482899 -0.72302032 0.39775598
vn 0.60580438 -0.70035940 0.37748876
vn 0.35106185 -0.75495335 0.55389621
vn 0.30148854 -0.74560116 0.59429250
vn 0.33009834 -0.72884687 0.59984775
vn 0.21367289 -0.73291750 0.64589150
vn 0.28361112 -0.71392363 0.64021699
vn 0.13530769 -0.72064933 0.67996792
vn 0.16230597 -0.70101520 0.69443103
vn -0.04798760 -0.67930217 0.73228803
vn -0.01626453 -0.66117276 0.75005736
vn 0.04197198 -0.69651724 0.71631145
vn 0.08005321 -0.67661109 0.73197604
vn 0.11617756 -0.69303922 0.71147693
vn -0.34447289 -0.55040210 0.76052347
vn -0.31131711 -0.56559897 0.76366188
vn -0.31988930 -0.59222614 0.73955327
vn -0.19541283 -0.60989436 0.76801217
vn -0.23054770 -0.62235501 0.74801203
vn -0.35644435 -0.59545433 0.71998720
vn -0.48394162 -0.54602126 0.68385765
vn -0.38669037 -0.53982390 0.74770363
vn -0.52680908 -0.49424630 0.69151485
vn -0.53056103 -0.54116359 0.65241624
vn -0.59688935 -0.48924654 0.63589380
vn -0.56525562 -0.48325312 0.66854507
vn -0.64321799 -0.44706992 0.62161009
vn -0.63554316 -0.44233215 0.63279314
vn -0.60842494 -0.45183046 0.65243262
vn -0.69375099 -0.37159174 0.61695149
vn -0.69378212 -0.39542145 0.60192046
vn -0.67501241 -0.40603567 0.61603026
vn -0.67611108 -0.41413198 0.60940012
vn -0.66543103 -0.42056340 0.61670736
vn -0.66810478 -0.28486645 0.68737698
vn -0.67880859 -0.29164297 0.67391637
vn -0.69665801 -0.28585730 0.65799181
vn -0.68507467 -0.33776293 0.64543698
vn -0.69836804 -0.32795877 0.63618010
vn -0.69247853 -0.36791647 0.62057309
vn 0.61060058 -0.75994152 0.22283585
vn 0.57350178 -0.78525846 0.23337707
vn 0.52550049 -0.79700277 0.29771769
vn 0.52697360 -0.80129387 0.28324362
vn 0.53354364 -0.77573424 0.33699790
vn 0.47078646 -0.80495301 0.36112429
vn 0.47948840 -0.78135561 0.39946750
vn 0.40945605 -0.80890092 0.42193015
vn 0.41907961 -0.78335256 0.45905451
vn 0.34224385 -0.80855956 0.47864454
vn 0.35239318 -0.78146596 0.51490776
vn 0.26961697 -0.80375013 0.53037008
vn 0.27942209 -0.77539412 0.56629255
vn 0.19203945 -0.79430505 0.57636822
vn 0.20085598 -0.76495740 0.61196164
vn 0.11074485 -0.78024489 0.61559199
vn 0.11796992 -0.75012679 0.65068648
vn -0.28771452 -0.65259710 0.70095462
vn -0.21505122 -0.68511386 0.69596837
vn -0.13742618 -0.71353475 0.68700961
vn -0.24669761 -0.61148159 0.75181817
vn -0.41342851 -0.59441244 0.68974685
vn -0.45721403 -0.59397599 0.66192737
vn -0.14039283 -0.74387628 0.65340488
vn -0.20973544 -0.74154092 0.63728181
vn -0.21710629 -0.71554708 0.66397081
vn -0.28668204 -0.72385774 0.62756942
vn -0.28836983 -0.68526757 0.66876842
vn -0.34834496 -0.67888348 0.64635363
vn -0.36109298 -0.64847726 0.67014111
vn -0.58442057 -0.53283101 0.61199976
vn -0.50557549 -0.59068257 0.62887799
vn -0.54605002 -0.58517134 0.59950302
vn -0.41493603 -0.65293319 0.63364528
vn -0.46698133 -0.65307457 0.59617283
vn -0.35208446 -0.72379090 0.59343345
vn 0.09245489 -0.87209149 0.48052942
vn 0.17918125 -0.87123669 0.45699093
vn 0.17490736 -0.90315468 0.39207019
vn -0.05344302 -0.70807414 0.70411282
vn 0.03259356 -0.73106020 0.68153404
vn -0.05607612 -0.73935712 0.67097431
vn 0.02733904 -0.76179326 0.64724308
vn -0.05985573 -0.76936400 0.63600025
vn 0.02237416 -0.79122602 0.61111438
vn -0.07307444 -0.80162620 0.59334270
vn 0.00671396 -0.82286829 0.56819248
vn -0.06071012 -0.83811913 0.54209834
vn 0.02663769 -0.84611397 0.53233597
vn 0.01561609 -0.87978593 0.47511352
vn -0.69995098 -0.15220443 0.69778394
vn -0.70356980 -0.19226719 0.68412196
vn -0.70521058 -0.23907226 0.66747471
vn -0.70221118 -0.28795819 0.65113711
vn -0.69240678 -0.33821953 0.63732284
vn -0.67431174 -0.38930041 0.62749413
vn -0.64798434 -0.44000788 0.62169877
vn -0.61776124 -0.48656565 0.61775797
vn -0.70569426 -0.19922318 0.67993068
vn -0.69949697 -0.25278637 0.66843327
vn -0.68734392 -0.31023797 0.65674252
vn -0.66883065 -0.36946706 0.64510438
vn -0.64593108 -0.42658803 0.63308427
vn -0.62478423 -0.47495181 0.61973014
vn -0.60472624 -0.52013288 0.60313179
vn -0.56793300 -0.57979214 0.58420303
vn -0.49839850 -0.65643703 0.56629441
vn -0.39843831 -0.73464277 0.54913287
vn -0.27977378 -0.80144193 0.52859954
vn -0.15661436 -0.85407668 0.49600904
vn -0.69479458 -0.16807204 0.69929413
vn -0.68608541 -0.22554376 0.69167682
vn -0.67236727 -0.28842494 0.68171351
vn -0.65381176 -0.35335485 0.66908186
vn -0.63302075 -0.41448326 0.65382594
vn -0.61594301 -0.46364110 0.63690748
vn -0.60026869 -0.50963289 0.61640231
vn -0.56646335 -0.57686217 0.58851449
vn -0.49964255 -0.66585417 0.55407178
vn -0.40593168 -0.75301486 0.51786880
vn -0.29951588 -0.82251772 0.48348198
vn -0.18790552 -0.87395897 0.44820446
vn -0.07118433 -0.91215191 0.40362319
vn -0.67721418 -0.03770976 0.73481898
vn -0.68134728 -0.09616343 0.72561593
vn -0.67360144 -0.14839441 0.72404434
vn -0.66292417 -0.20956314 0.71875924
vn -0.64812219 -0.27667177 0.70950008
vn -0.62956539 -0.34549657 0.69590196
vn -0.60963694 -0.40904307 0.67898937
vn -0.59321297 -0.45855194 0.66168609
vn -0.57723860 -0.50560143 0.64121977
vn -0.54378642 -0.57970753 0.60682412
vn -0.47985977 -0.67901764 0.55558045
vn -0.39283428 -0.77287061 0.49834952
vn -0.29757070 -0.84353505 0.44710211
vn -0.20033133 -0.89318936 0.40259175
vn -0.09897196 -0.92938824 0.35558690
vn 0.00964829 -0.95516113 0.29592924
vn -0.65495023 -0.02883044 0.75512185
vn -0.65459661 -0.08596187 0.75107512
vn -0.64547247 -0.14142739 0.75057550
vn -0.63330478 -0.20620739 0.74592464
vn -0.61751354 -0.27656859 0.73633338
vn -0.59863912 -0.34790541 0.72152133
vn -0.57857041 -0.41292457 0.70338438
vn -0.56070296 -0.46284733 0.68657449
vn -0.54184566 -0.51074138 0.66749271
vn -0.50768866 -0.58906715 0.62869080
vn -0.44780712 -0.69470997 0.56289150
vn -0.36892946 -0.79227482 0.48599553
vn -0.28475431 -0.86264432 0.41804276
vn -0.20024054 -0.91010426 0.36278640
vn -0.11193865 -0.94402352 0.31030523
vn -0.01578176 -0.96834442 0.24911847
vn 0.09152726 -0.98029801 0.17503877
vn -0.01509276 -0.99856562 0.05137034
vn -0.04649798 -0.98852797 0.14370242
vn -0.07120030 -0.96845552 0.23879786
vn -0.09290012 -0.93654662 0.33800886
vn -0.13486399 -0.78049517 0.61044164
vn -0.07264471 -0.79568577 0.60133760
vn -0.52766818 -0.04631687 0.84818692
vn -0.53668305 -0.13174053 0.83343610
vn -0.43941810 -0.24069977 0.86543362
vn -0.51957603 -0.21388764 0.82721994
vn -0.42265709 -0.33364004 0.84264186
vn -0.49984803 -0.30066481 0.81225158
vn -0.40283854 -0.41769145 0.81440467
vn -0.47545063 -0.38244817 0.79226264
vn -0.38111223 -0.49169187 0.78293842
vn -0.44826797 -0.45637451 0.76862093
vn -0.35737665 -0.55557117 0.75074803
vn -0.41935908 -0.52031433 0.74391597
vn -0.33036859 -0.60930192 0.72083823
vn -0.38864282 -0.57223812 0.72214977
vn -0.29644208 -0.66068670 0.68964859
vn -0.35298312 -0.62216602 0.69879351
vn -0.25558921 -0.72597229 0.63846565
vn -0.31100990 -0.69216580 0.65129053
vn -0.21310478 -0.80415355 0.55490848
vn -0.26505372 -0.78038329 0.56634658
vn -0.17470244 -0.87586429 0.44982307
vn -0.21993984 -0.86113468 0.45833779
vn -0.14166021 -0.92819825 0.34406453
vn -0.17825798 -0.91852412 0.35289876
vn -0.10956687 -0.96256170 0.24793158
vn -0.13684049 -0.95548898 0.26137232
vn -0.07099944 -0.98450677 0.16032935
vn -0.09499970 -0.97873929 0.18178136
vn -0.03799616 -0.99506779 0.09163178
vn -0.23262135 -0.69432435 0.68102937
vn -0.16238435 -0.71939024 0.67535843
vn -0.26034351 -0.63979623 0.72310583
vn -0.18103694 -0.66007400 0.72905963
vn -0.27903690 -0.58239684 0.76351315
vn -0.18940031 -0.59680528 0.77971211
vn -0.29234504 -0.51663123 0.80475248
vn -0.19048500 -0.52632315 0.82867328
vn -0.30236554 -0.44124562 0.84491265
vn -0.18662192 -0.44710011 0.87479927
vn -0.31054779 -0.35488664 0.88182512
vn -0.18027376 -0.35753174 0.91633642
vn -0.31728466 -0.25724325 0.91277399
vn -0.17352383 -0.25687778 0.95073829
vn -0.09210812 -0.73327650 0.67366287
vn -0.10014855 -0.66933426 0.73618063
vn -0.10013121 -0.59900068 0.79446329
vn -0.09268281 -0.52196463 0.84791675
vn -0.07983083 -0.43733201 0.89574983
vn -0.06432071 -0.34430251 0.93665288
vn -0.04912281 -0.24270578 0.96885544
vn -0.03077192 -0.13353374 0.99056642
vn 0.41106619 -0.16057266 -0.89735222
vn 0.37285053 -0.17972424 -0.91031955
vn 0.32242553 -0.21016460 -0.92296946
vn 0.44787015 -0.21173608 -0.86866574
vn 0.42074327 -0.23266664 -0.87683598
vn 0.37768169 -0.25298751 -0.89070414
vn 0.31302971 -0.33303187 -0.88943925
vn -0.57395048 -0.03577323 0.81810826
vn -0.60554808 -0.03132780 0.79519186
vn -0.57658711 -0.11080386 0.80948738
vn -0.60053221 -0.09335331 0.79413237
vn -0.56364774 -0.18584014 0.80483829
vn -0.59064843 -0.16227896 0.79044290
vn -0.54556843 -0.26578977 0.79480242
vn -0.57519523 -0.23604538 0.78321965
vn -0.52221989 -0.34467744 0.78005375
vn -0.55497148 -0.31186934 0.77119659
vn -0.49538782 -0.41847843 0.76122711
vn -0.53128307 -0.38517613 0.75457117
vn -0.46671159 -0.48308250 0.74081819
vn -0.50590995 -0.45036750 0.73567944
vn -0.43719453 -0.53426873 0.72347624
vn -0.48071275 -0.50136843 0.71940597
vn -0.40423695 -0.58395897 0.70397756
vn -0.45281994 -0.55097483 0.70098562
vn -0.36393682 -0.65887248 0.65835936
vn -0.41496705 -0.62929360 0.65710875
vn -0.31520535 -0.75626636 0.57332956
vn -0.36317354 -0.73340981 0.57464339
vn -0.26275238 -0.84514174 0.46550685
vn -0.30242342 -0.82830917 0.47163969
vn -0.21143654 -0.90720087 0.36370479
vn -0.24057008 -0.89424721 0.37742280
vn -0.16008466 -0.94687655 0.27892237
vn -0.17875384 -0.93663122 0.30127898
vn -0.10385230 -0.97361818 0.20318055
vn -0.11244402 -0.96580414 0.23362085
vn -0.03924971 -0.99129218 0.12569518
vn -0.03767533 -0.98597512 0.16258425
vn 0.03393391 -0.99863797 0.03963203
vn 0.04617840 -0.99568533 0.08048782
vn 0.11274656 -0.99197153 -0.05727738
vn 0.13622915 -0.99055749 -0.01541061
vn 0.19196230 -0.96783779 -0.16260534
vn 0.22662915 -0.96624673 -0.12250099
vn 0.26571157 -0.92517068 -0.27102873
vn 0.31041278 -0.92120258 -0.23458413
vn 0.32852125 -0.86793857 -0.37250024
vn 0.38082288 -0.85971360 -0.34039162
vn 0.38007486 -0.79918225 -0.46567246
vn 0.43745306 -0.78444324 -0.43964034
vn 0.41992967 -0.72371175 -0.54763161
vn 0.47908106 -0.70143609 -0.52770139
vn 0.44775282 -0.64910540 -0.61496308
vn 0.50499978 -0.62118855 -0.59924954
vn 0.46546503 -0.57418881 -0.67353509
vn 0.51800010 -0.54345158 -0.66055756
vn 0.47497148 -0.50091472 -0.72352369
vn 0.52074788 -0.47027845 -0.71250251
vn 0.47727902 -0.42731919 -0.76785613
vn 0.51473083 -0.39870262 -0.75900487
vn 0.47287252 -0.35336371 -0.80717140
vn 0.50082230 -0.32760437 -0.80115691
vn 0.46278672 -0.28156998 -0.84056338
vn 0.48068979 -0.25897851 -0.83777530
vn 0.01830599 -0.99943974 -0.02801953
vn 0.02559546 -0.99966464 0.00393501
vn 0.07425746 -0.98938320 -0.12492681
vn 0.09233241 -0.99126380 -0.09418499
vn 0.12837063 -0.96527040 -0.22753911
vn 0.15936063 -0.96714938 -0.19805623
vn 0.17899011 -0.92681727 -0.33010952
vn 0.22192291 -0.92669046 -0.30330679
vn 0.22303940 -0.87689077 -0.42581217
vn 0.27581564 -0.87335150 -0.40147588
vn 0.26035107 -0.81898438 -0.51135301
vn 0.32079520 -0.81044424 -0.49017402
vn 0.29127131 -0.75636757 -0.58572103
vn 0.35693365 -0.74188426 -0.56763203
vn 0.31622709 -0.69192357 -0.64903174
vn 0.38431651 -0.67267071 -0.63230920
vn 0.33605499 -0.62374345 -0.70569905
vn 0.40422169 -0.60107340 -0.68943135
vn 0.35162658 -0.55312648 -0.75525482
vn 0.41794843 -0.52875561 -0.73873988
vn 0.36318193 -0.47958711 -0.79880854
vn 0.42606793 -0.45459414 -0.78218303
vn 0.37067829 -0.40398365 -0.83629828
vn 0.42876840 -0.37918400 -0.81998607
vn 0.37321548 -0.33061796 -0.86683445
vn 0.42676993 -0.30513398 -0.85132877
vn 0.27064627 -0.06619403 -0.96040041
vn 0.20540443 -0.07851631 -0.97552253
vn 0.25269581 -0.13553896 -0.95800523
vn 0.17616958 -0.14315365 -0.97389492
vn 0.24900195 -0.23188355 -0.94033401
vn 0.17063175 -0.24185260 -0.95519219
vn 0.23532322 -0.34807868 -0.90744929
vn 0.15640892 -0.35935196 -0.92000131
vn 0.22567011 -0.44343229 -0.86743346
vn 0.14736117 -0.45483508 -0.87829934
vn 0.21504119 -0.51737733 -0.82829825
vn 0.13839012 -0.52793206 -0.83793551
vn 0.20305422 -0.58808497 -0.78289530
vn 0.12913675 -0.59748537 -0.79141325
vn 0.18992134 -0.65484671 -0.73150917
vn 0.11977544 -0.66293622 -0.73903276
vn 0.17568381 -0.71744659 -0.67409613
vn 0.11033426 -0.72392070 -0.68100306
vn 0.15992534 -0.77518161 -0.61116067
vn 0.10051432 -0.77990589 -0.61777315
vn 0.14227128 -0.82953168 -0.54003340
vn 0.09004813 -0.83203933 -0.54735901
vn 0.12051730 -0.87798057 -0.46327713
vn 0.08012030 -0.88008633 -0.46800512
vn 0.02207385 -0.99840779 -0.05190991
vn 0.05550710 -0.98741351 -0.14809969
vn 0.09316392 -0.96392515 -0.24933670
vn 0.13104719 -0.92654986 -0.35260743
vn 0.17119434 -0.87914164 -0.44474990
vn 0.20011296 -0.82526348 -0.52810510
vn 0.22472982 -0.76741879 -0.60047057
vn 0.24566778 -0.70685475 -0.66332775
vn 0.26347986 -0.64178767 -0.72019924
vn 0.27875740 -0.57317966 -0.77055784
vn 0.29153985 -0.50097986 -0.81487649
vn 0.30165408 -0.42604120 -0.85293242
vn 0.24236058 0.02326021 -0.96990737
vn 0.30782926 -0.03158849 -0.95091709
vn 0.35881050 -0.08847024 -0.92920829
vn 0.39018276 -0.09819675 -0.91548611
vn 0.40909374 -0.14284092 -0.90124291
vn 0.43420446 -0.15770641 -0.88690201
vn 0.45812973 -0.19570940 -0.86707265
vn 0.47585582 -0.21607409 -0.85256860
vn 0.50528364 -0.24954479 -0.82608465
vn 0.51446363 -0.27575400 -0.81196484
vn 0.54910956 -0.30432911 -0.77837169
vn 0.54688466 -0.34359652 -0.76345177
vn 0.57707634 -0.39551039 -0.71453091
vn 0.41353608 -0.11046196 -0.90376217
vn 0.45010603 -0.17424350 -0.87581035
vn 0.48362604 -0.23727203 -0.84250094
vn 0.51334624 -0.30186855 -0.80333742
vn 0.53760463 -0.36905871 -0.75814044
vn 0.55392906 -0.43733614 -0.70844879
vn 0.59829903 -0.46311607 -0.65388208
vn 0.56049640 -0.50925597 -0.65307131
vn 0.60159607 -0.54962243 -0.57965279
vn 0.71582335 -0.58475902 -0.38164620
vn 0.17233494 0.01058404 -0.98498155
vn 0.22987901 -0.03182868 -0.97269861
vn 0.28321811 -0.07722823 -0.95594106
vn 0.33961811 -0.12034541 -0.93283252
vn 0.39799192 -0.16142889 -0.90307427
vn 0.45809216 -0.20280285 -0.86546091
vn 0.51829606 -0.24660451 -0.81887448
vn 0.57546559 -0.29433993 -0.76302252
vn 0.62738273 -0.35502884 -0.69306958
vn 0.66712174 -0.43716239 -0.60318955
vn 0.65992733 -0.56803649 -0.49176261
vn 0.76040640 -0.62534772 -0.17527790
vn 0.72109650 -0.67809845 -0.14213491
vn 0.68644266 -0.72656350 -0.03003264
vn 0.63614050 -0.77156934 -0.00245507
vn 0.65243827 -0.75612131 0.05103792
vn 0.59438344 -0.80040078 0.07789043
vn 0.61773254 -0.77755004 0.11756887
vn 0.55041465 -0.82208759 0.14565614
vn 0.57352052 -0.79720881 0.18850023
vn 0.49979888 -0.83956360 0.21291792
vn 0.51721693 -0.81665709 0.25604268
vn 0.44315262 -0.85225185 0.27799738
vn 0.46227426 -0.82690626 0.32020080
vn 0.38090689 -0.85995420 0.33968916
vn 0.40084067 -0.83281262 0.38177206
vn 0.31316029 -0.86258837 0.39733102
vn 0.33335833 -0.83405472 0.43957359
vn 0.24062879 -0.86002020 0.44995892
vn 0.26092064 -0.83049022 0.49214471
vn 0.16474589 -0.85238575 0.49628352
vn 0.18430746 -0.82212087 0.53865392
vn 0.08647653 -0.83994150 0.53574255
vn 0.10429506 -0.80894832 0.57855437
vn 0.61462814 -0.78264626 -0.09847373
vn 0.59262883 -0.78815534 -0.16613917
vn 0.56853164 -0.81887077 -0.07888243
vn 0.56732086 -0.80658075 -0.16605584
vn 0.72113300 -0.64404025 -0.25530246
vn 0.69780527 -0.67344835 -0.24399819
vn 0.65272727 -0.74974916 -0.10873505
vn 0.53754421 -0.84281275 0.02670006
vn 0.68735601 -0.71589408 -0.12262701
vn 0.58681494 -0.80955127 0.01658241
vn 0.53914231 -0.83682095 0.09516442
vn 0.50815127 -0.85431112 0.10924648
vn 0.48824963 -0.85743291 0.16254571
vn 0.43108826 -0.87291558 0.22843227
vn 0.39318529 -0.88762788 0.23983761
vn 0.36870032 -0.88283247 0.29097578
vn 0.31639541 -0.90578664 0.28185901
vn 0.30200154 -0.88721219 0.34878301
vn 0.25994488 -0.89830662 0.35422291
vn 0.23131947 -0.88621798 0.40138386
vn 0.48829158 -0.87101866 0.05383144
vn 0.38152620 -0.90829692 0.17156473
vn 0.44192280 -0.88309329 0.15764033
vn 0.52976444 -0.83995271 -0.11759714
vn 0.51439226 -0.85702451 -0.03015937
vn 0.25170066 -0.92292580 0.29129838
vn 0.47777450 -0.87803377 -0.02807554
vn 0.45582244 -0.88891356 0.04537159
vn 0.33958326 -0.92643077 0.16250922
vn 0.20079384 -0.93812343 0.28214582
vn 0.11874158 -0.92071982 0.37171959
vn 0.53174024 -0.81154468 -0.24217257
vn 0.59164008 -0.76744772 -0.24695346
vn 0.63678979 -0.67926759 -0.36482092
vn 0.63993904 -0.73137274 -0.23573699
vn 0.68344441 -0.62948811 -0.36965992
vn 0.67514413 -0.69803406 -0.23859769
vn 0.20791970 0.01770877 -0.97798558
vn 0.26893041 -0.03052064 -0.96267592
vn 0.32207960 -0.08140622 -0.94320611
vn 0.37664653 -0.13012859 -0.91717171
vn 0.43148589 -0.17704307 -0.88457655
vn 0.48607493 -0.22455891 -0.84457354
vn 0.53866085 -0.27461574 -0.79651158
vn 0.58418620 -0.32916442 -0.74187416
vn 0.62114533 -0.39909195 -0.67446578
vn 0.64746681 -0.48294738 -0.58953249
vn 0.62916043 -0.60237376 -0.49122601
vn 0.59517369 -0.70877392 -0.37869224
vn 0.44726429 -0.88672337 -0.11694579
vn 0.35654078 -0.93427248 -0.00368918
vn 0.42293041 -0.90594975 0.01961923
vn 0.24416544 -0.96267024 0.11682997
vn 0.28981732 -0.94470443 0.15342577
vn 0.10941246 -0.96608720 0.23388978
vn 0.16626954 -0.95047833 0.26257454
vn 0.05241151 -0.93795469 0.34277404
vn -0.63068874 -0.02806244 0.77552834
vn -0.62563923 -0.08485631 0.77548370
vn -0.61635528 -0.14665175 0.77369208
vn -0.60281030 -0.21539091 0.76826200
vn -0.58533174 -0.28840541 0.75776585
vn -0.56478834 -0.36099959 0.74208721
vn -0.54297034 -0.42657511 0.72333733
vn -0.52223460 -0.47726178 0.70674763
vn -0.49925405 -0.52607508 0.68846961
vn -0.46354001 -0.60561513 0.64680830
vn -0.40797393 -0.71279580 0.57050803
vn -0.33817626 -0.81073076 0.47786238
vn -0.26522637 -0.87948815 0.39516524
vn -0.19240451 -0.92449399 0.32907655
vn -0.11556701 -0.95606540 0.26941272
vn -0.03047437 -0.97847769 0.20409000
vn 0.06375903 -0.99009200 0.12511040
vn 0.16425437 -0.98597670 0.02950345
vn 0.21844533 -0.97372618 0.06433483
vn 0.26457169 -0.96104797 -0.07992886
vn 0.32591419 -0.94410741 -0.04940794
vn 0.35674084 -0.91337249 -0.19618022
vn 0.42173144 -0.89064775 -0.16996815
vn 0.43291414 -0.84737536 -0.30747415
vn 0.49777787 -0.81874411 -0.28613856
vn 0.49260066 -0.76525298 -0.41440617
vn 0.55415372 -0.72990902 -0.40018305
vn 0.53357532 -0.67459423 -0.51011763
vn 0.58700209 -0.63429061 -0.50309439
vn 0.55491548 -0.58895395 -0.58753898
vn -0.01073225 -0.89624650 0.44342647
vn 0.30456261 -0.95248825 -0.00278250
vn 0.43178548 -0.90194196 -0.00787401
vn 0.33357715 -0.94271518 -0.00379199
vn 0.39396961 -0.91907550 0.00938983
vn 0.58562687 -0.81056765 -0.00460994
vn 0.55052240 -0.83473961 0.01161381
vn 0.56155473 -0.82738339 -0.00964434
vn 0.50529633 -0.86289859 -0.00903505
vn 0.46243790 -0.88664858 -0.00234065
vn 0.66831878 -0.74386483 -0.00388733
vn 0.66357530 -0.74810691 -0.00196556
vn 0.61815629 -0.78581281 -0.01951975
vn 0.77092766 -0.63685116 -0.00954687
vn 0.74586801 -0.66609191 -0.00157082
vn 0.72063734 -0.69292199 -0.02325813
vn 0.85221893 -0.52318508 0.00051544
vn 0.82757992 -0.56122284 -0.01184892
vn 0.85440863 -0.51949148 -0.01070020
vn 0.81014803 -0.58603458 -0.01495456
vn 0.77681900 -0.62943206 0.01917122
vn 0.92057632 -0.39047940 -0.00806681
vn 0.90080669 -0.43406983 -0.01143199
vn 0.88224201 -0.47060642 -0.01336544
vn 0.98203783 -0.18810053 -0.01482855
vn 0.96677417 -0.25562996 -0.00101339
vn 0.96593211 -0.25870843 -0.00671692
vn 0.95414759 -0.29920518 -0.00886813
vn 0.93031702 -0.36675501 -0.00099610
vn 0.98618220 -0.16563267 -0.00323740
vn 0.99347749 -0.11361647 -0.00968413
vn 0.99420940 -0.10744763 0.00163871
vn 0.98567995 0.16829385 -0.01059290
vn 0.98453236 0.17520276 0.00014216
vn 0.99251004 0.12198891 -0.00652162
vn 0.99983098 0.01730523 0.00620805
vn 0.99681055 0.07916384 -0.01009042
vn 0.99976261 0.02178658 -0.00024986
vn 0.99884665 -0.04093974 -0.02508590
vn 0.95118976 0.30841522 -0.01086725
vn 0.95120969 0.30843238 0.00834164
vn 0.96752898 0.25225040 -0.01604406
vn 0.97564126 0.21900068 -0.01276049
vn 0.89701468 0.44192047 -0.00842360
vn 0.92251707 0.38565423 -0.01526638
vn 0.93608570 0.35168866 -0.00765769
vn 0.80458130 0.59374495 0.01076440
vn 0.84029788 0.54212009 -0.00229839
vn 0.82412996 0.56632348 -0.00935551
vn 0.86125362 0.50799942 -0.01337113
vn 0.89223698 0.45130684 0.01533977
vn 0.76364144 0.64560158 -0.00709628
vn 0.73568977 0.67726838 -0.00825248
vn 0.70728288 0.70693037 0.00061936
vn 0.66259403 0.74894288 -0.00732959
vn 0.63469218 0.77273580 -0.00672408
vn 0.62071595 0.78403452 -0.00126100
vn 0.56483271 0.82514822 -0.00971739
vn 0.51511838 0.85707364 -0.00882216
vn 0.50588034 0.86260315 -0.00094434
vn 0.28428518 0.95868917 0.00984947
vn 0.32914971 0.94420765 -0.01150607
vn 0.39546190 0.91848136 -0.00136804
vn 0.39583347 0.91831087 -0.00458326
vn 0.45102373 0.89218246 -0.02424975
vn 0.24455211 0.96961254 0.00676634
vn 0.12912210 0.99158136 0.00968961
vn 0.19329794 0.98003847 -0.04648129
vn 0.13072666 0.99141724 -0.00154603
vn 0.05040087 0.99872851 -0.00105869
vn 0.07356651 0.99722298 0.01158887
vn 0.05193961 -0.99840081 0.02231802
vn 0.05008653 -0.99873387 -0.00468977
vn 0.08474580 -0.99635037 0.01020225
vn 0.16893841 -0.98558944 -0.00856031
vn 0.27592434 -0.96116953 -0.00434594
vn 0.20462081 -0.97883442 -0.00367455
vn 0.13489601 -0.99085281 -0.00371089
vn 0.16927303 -0.98556521 -0.00280274
vn 0.30076945 -0.95369540 -0.00167745
vn 0.43613338 -0.89988128 -0.00116905
vn 0.55894967 -0.82920135 -0.00062692
vn 0.67261518 -0.73999244 -0.00001880
vn 0.77167533 -0.63601444 -0.00167897
vn 0.85364351 -0.52085702 -0.00084539
vn 0.91993096 -0.39208028 -0.00028960
vn 0.96620100 -0.25778987 0.00010601
vn 0.99324982 -0.11599358 0.00053611
vn 0.99961795 0.02761942 -0.00105920
vn 0.98566832 0.16869415 -0.00048722
vn 0.95098356 0.30924136 -0.00021301
vn 0.89758994 0.44083137 -0.00000080
vn 0.82480433 0.56541823 0.00021971
vn 0.73577911 0.67721959 -0.00165373
vn 0.63408651 0.77326135 -0.00108586
vn 0.51629773 0.85640873 -0.00085576
vn 0.38989314 0.92085991 -0.00060534
vn 0.25313392 0.96743120 -0.00031513
vn -0.00580426 -0.99847492 -0.05490129
vn -0.01960965 -0.99800246 -0.06005455
vn -0.01985851 -0.99969000 -0.01501837
vn -0.14381743 -0.98486488 -0.09673527
vn -0.13179805 -0.98726408 -0.08910060
vn -0.15297998 -0.98466343 -0.08387523
vn -0.17139610 -0.98213549 -0.07767405
vn -0.15876961 -0.98519336 -0.06470132
vn -0.15196141 -0.98510052 -0.08052761
vn -0.13553833 -0.98990900 -0.04134654
vn -0.10777479 -0.99401555 -0.01782384
vn -0.11142631 -0.99240611 -0.05209888
vn -0.25630228 -0.96651567 -0.01251422
vn -0.21517284 -0.97588995 -0.03659847
vn -0.22575925 -0.97337528 -0.03966521
vn -0.00751256 -0.99994682 -0.00706593
vn -0.22309158 -0.97479613 -0.00162559
vn -0.28453444 -0.95866581 -0.00012003
vn -0.24065205 -0.97061121 -0.00067776
vn -0.29089553 -0.95674390 0.00457218
vn -0.06322956 -0.99798483 -0.00531940
vn -0.03295584 -0.99944960 -0.00379726
vn -0.08872228 -0.99605494 -0.00170636
vn -0.13471190 -0.99086712 -0.00592053
vn -0.02491130 -0.99651225 0.07964151
vn -0.00974837 -0.99881709 0.04763818
vn -0.02889372 -0.98651609 0.16109362
vn -0.03583090 -0.97349589 0.22588026
vn -0.02154709 -0.96797508 0.25011992
vn -0.02440753 -0.99267529 0.11832181
vn -0.11725034 -0.98624565 0.11649843
vn -0.10118214 -0.97920135 0.17586042
vn -0.06052275 -0.99022723 0.12564649
vn -0.06949982 -0.97993155 0.18682595
vn -0.05144725 -0.97562632 0.21332245
vn -0.17137565 -0.98256945 0.07202540
vn -0.14333730 -0.98625461 0.08219648
vn -0.12938437 -0.98999633 0.05627562
vn -0.08220605 -0.99292230 0.08571745
vn -0.18467029 -0.98200257 0.03959593
vn -0.16377693 -0.98631016 0.01921933
vn -0.21160404 -0.97681897 0.03237940
vn -0.19628876 -0.98043777 -0.01457720
vn -0.23056496 -0.97294843 0.01453104
vn -0.24885015 -0.96853782 0.00284584
vn -0.22852379 -0.97321761 -0.02498736
vn -0.26993524 -0.96265970 -0.02052467
vn -0.26618068 -0.96371813 -0.01988013
vn -0.27834103 -0.96048059 0.00181651
vn -0.27009470 -0.96280955 -0.00682752
vn -0.27386630 -0.96167605 -0.01328258
vn -0.28851221 -0.95745476 0.00640941
vn -0.23572228 -0.97177336 -0.00956752
vn -0.14890289 -0.98885171 -0.00047778
vn -0.19311088 -0.98116535 -0.00476814
vn -0.19907754 -0.97988948 -0.01359168
vn -0.12576869 -0.98845252 -0.08452127
vn -0.13351891 -0.98885338 -0.06589148
vn -0.10430185 -0.99172508 -0.07484977
vn -0.09672052 -0.99071724 -0.09552221
vn -0.10760411 -0.98893213 -0.10214986
vn -0.11724302 -0.98717467 -0.10835242
vn -0.14258941 -0.98534347 -0.09362965
vn -0.15866101 -0.98340894 -0.08794059
vn -0.17020695 -0.98272377 -0.07268824
vn -0.13554543 -0.98810451 -0.07264241
vn -0.10734835 -0.98840763 -0.10736243
vn -0.11861428 -0.98643643 -0.11346283
vn -0.12204091 -0.98615498 -0.11226920
vn -0.15536058 -0.98657724 -0.05028350
vn -0.11599949 -0.99169521 -0.05554040
vn -0.14180395 -0.98954867 -0.02617394
vn -0.09287401 -0.99510433 -0.03379028
vn -0.07585158 -0.99698078 -0.01660930
vn 0.00436772 -0.99994384 -0.00965654
vn -0.02497405 -0.99890946 -0.03944862
vn -0.05337339 -0.99657373 -0.06318298
vn -0.07495846 -0.99437887 -0.07477900
vn -0.08658543 -0.99265196 -0.08452836
vn -0.09703524 -0.99103060 -0.09188310
vn -0.03381553 -0.99918501 -0.02204154
vn -0.03108377 -0.99936677 0.01731649
vn -0.08672921 -0.99367036 -0.07139514
vn -0.09040598 -0.99496637 -0.04322836
vn -0.06690097 -0.99516398 -0.07192301
vn -0.07247416 -0.99669124 -0.03679758
vn -0.04602525 -0.99623945 -0.07340737
vn -0.02944244 -0.99718695 -0.06892991
vn -0.05082127 -0.99828536 -0.02904369
vn -0.06837230 -0.99116743 -0.11363255
vn -0.05718820 -0.99206860 -0.11193482
vn -0.04854600 -0.99226215 -0.11427644
vn -0.03902203 -0.99285042 -0.11280655
vn -0.02774788 -0.99501390 -0.09579868
vn -0.00936630 -0.99392880 -0.10962581
vn -0.05260103 -0.99436858 0.09200145
vn -0.05144341 -0.99698620 0.05806975
vn -0.08204774 -0.99440802 0.06648954
vn -0.07861368 -0.99613475 0.03918492
vn -0.11615064 -0.99266036 0.03368128
vn -0.11157363 -0.99367411 0.01277048
vn -0.15030050 -0.98863974 -0.00110160
vn -0.14208358 -0.98965618 -0.01982168
vn -0.17875065 -0.98331083 -0.03388236
vn -0.16773329 -0.98458815 -0.04951475
vn -0.19796791 -0.97876099 -0.05325057
vn -0.18357356 -0.98074832 -0.06658445
vn -0.20330663 -0.97771310 -0.05237850
vn -0.18502921 -0.98070099 -0.06316446
vn -0.20154365 -0.97886957 -0.03456200
vn -0.17823961 -0.98304515 -0.04304494
vn -0.17198233 -0.98491751 -0.01896223
vn -0.02331913 -0.99903431 0.03723806
vn -0.05188519 -0.99847126 0.01905442
vn -0.07636579 -0.99707390 0.00345095
vn 0.02872485 -0.97669046 -0.21272194
vn 0.02584969 -0.95180478 -0.30561326
vn 0.03052386 -0.91479411 -0.40276548
vn 0.03231462 -0.87815917 -0.47727584
vn 0.02996744 -0.85110929 -0.52413255
vn 0.02853796 -0.81563185 -0.57786700
vn 0.02829858 -0.77665110 -0.62929505
vn 0.02735114 -0.73433405 -0.67823699
vn 0.02535208 -0.66846461 -0.74331174
vn 0.02273322 -0.59939985 -0.80012688
vn 0.01167056 -0.26922432 -0.96300678
vn 0.01372156 -0.32623707 -0.94518839
vn 0.01712739 -0.40695160 -0.91328914
vn 0.01872661 -0.49108485 -0.87091043
vn 0.02093043 -0.54857109 -0.83584190
vn 0.00979880 -0.20700660 -0.97829047
vn 0.00815688 -0.14443076 -0.98948129
vn 0.00632378 -0.08766944 -0.99612955
vn 0.00394414 -0.00381332 -0.99998495
vn 0.02374515 0.02566174 -0.99938863
vn 0.00073463 0.09204286 -0.99575478
vn 0.01868604 0.11565235 -0.99311397
vn -0.00214302 0.15977599 -0.98715097
vn 0.01491481 0.17380083 -0.98466787
vn -0.00416916 0.21348984 -0.97693639
vn 0.01299624 0.23776761 -0.97123512
vn -0.00681357 0.27559495 -0.96124971
vn 0.00761634 0.32488402 -0.94572320
vn -0.00888936 0.32913460 -0.94424117
vn -0.01051454 0.39088675 -0.92037872
vn 0.00265156 0.40763934 -0.91313917
vn -0.01252567 0.47400826 -0.88043130
vn -0.00158648 0.46110318 -0.88734511
vn -0.00535986 0.51784482 -0.85545778
vn -0.01621173 0.54542774 -0.83800105
vn -0.01194982 0.59316414 -0.80499286
vn -0.01850217 0.59312333 -0.80489899
vn -0.01985920 0.64318616 -0.76545227
vn -0.01678777 0.66179552 -0.74949641
vn -0.02116826 0.70969768 -0.70418826
vn -0.02079322 0.70573515 -0.70817056
vn -0.02448693 0.74989808 -0.66110004
vn -0.02430069 0.76656587 -0.64170573
vn -0.03035368 0.80649324 -0.59046363
vn -0.04610935 0.99698254 -0.06244794
vn -0.03411166 0.99676099 -0.07282797
vn -0.04487999 0.99136866 -0.12318262
vn -0.03330546 0.99176436 -0.12366975
vn -0.04441940 0.98243811 -0.18122436
vn -0.03250794 0.97977935 -0.19742256
vn -0.04349916 0.96986481 -0.23972917
vn -0.03320781 0.96019518 -0.27734897
vn -0.04166162 0.94563401 -0.32255330
vn -0.03371379 0.94234030 -0.33295367
vn -0.03663781 0.91271934 -0.40694113
vn -0.03173618 0.92000403 -0.39062182
vn -0.03525608 0.88539819 -0.46349439
vn -0.02851837 0.88327271 -0.46799147
vn -0.03370551 0.85507783 -0.51740298
vn -0.02771008 0.83842739 -0.54430843
vn -0.02677420 0.80377853 -0.59432585
vn -0.04453656 0.99899366 -0.00530588
vn -0.03363374 0.99938079 -0.01033505
vn -0.03396753 0.99880550 -0.03512519
vn -0.04409825 0.99720895 0.06024660
vn -0.03391691 0.99759475 0.06045136
vn -0.03445174 0.99921744 0.01943148
vn -0.02829845 -0.70285542 -0.71076962
vn -0.01824814 -0.70373238 -0.71023077
vn -0.02312928 -0.70997427 -0.70384769
vn -0.00549010 -0.70989382 -0.70428731
vn -0.03546978 -0.70185558 -0.71143561
vn -0.05410721 -0.71610957 -0.69588756
vn -0.06337308 -0.69356878 -0.71759752
vn -0.08213087 -0.72210323 -0.68689260
vn -0.11965701 -0.68452027 -0.71910653
vn -0.13422697 -0.70286702 -0.69854210
vn -0.25167341 -0.96762337 0.01911808
vn -0.00870216 -0.70320488 -0.71093401
vn -0.00015231 -0.70313630 -0.71105507
vn 0.00582819 -0.71168361 -0.70247596
vn 0.00872348 -0.70449589 -0.70965446
vn 0.01334353 -0.71335169 -0.70067918
vn 0.01537209 -0.70546792 -0.70857513
vn 0.01980713 -0.71560775 -0.69822147
vn 0.02168646 -0.70816657 0.70571227
vn 0.02618403 -0.71815310 -0.69539235
vn 0.43462828 0.24007781 -0.86802126
vn 0.32678368 0.22996891 -0.91669336
vn 0.29589817 0.34205474 -0.89187601
vn 0.24442770 0.11053688 -0.96334661
vn 0.16064878 0.10544189 -0.98136332
vn 0.15569622 0.21160111 -0.96487494
vn 0.24701365 -0.00230321 -0.96900926
vn 0.16224837 -0.00255593 -0.98674664
vn 0.95216444 0.30550029 -0.00724276
vn 0.97853110 0.20592858 -0.00838526
vn 0.97762374 0.20805414 -0.03106932
vn 0.07219560 0.97362495 -0.21643071
vn 0.13862278 0.95542625 -0.26066146
vn 0.10219048 0.94980676 -0.29567587
vn 0.76980490 0.55788095 -0.31011170
vn 0.82692107 0.46042902 -0.32281057
vn 0.77226435 0.47209900 -0.42512388
vn 0.34529942 0.72466071 -0.59635155
vn 0.29070655 0.78686263 -0.54436835
vn 0.36484860 0.79755637 -0.48040539
vn 0.64170239 0.37088728 -0.67131265
vn 0.59880156 0.47930454 -0.64164153
vn 0.69553684 0.47942896 -0.53514145
vn 0.42947358 -0.73645550 -0.52267174
vn 0.34556981 -0.72627274 -0.59423010
vn 0.39790579 -0.65333597 -0.64406761
vn 0.13675879 -0.99054208 -0.01110924
vn -0.01222188 -0.98747005 -0.15733255
vn 0.00050655 0.48603016 -0.87394189
vn 0.00216941 0.39439491 -0.91893849
vn -0.02791540 0.99471635 -0.09879333
vn -0.03581586 0.99283266 -0.11401988
vn -0.03444837 0.98404636 -0.17454533
vn -0.04794794 0.99221742 -0.11491556
vn -0.06050992 0.99159799 -0.11433277
vn -0.04963136 0.98129487 -0.18600300
vn -0.07464371 0.99063225 -0.11435060
vn -0.08326884 0.98641225 -0.14162331
vn -0.06117006 0.97686829 -0.20490626
vn -0.10426914 0.99035998 -0.09118690
vn 0.04478089 0.99898781 -0.00424702
vn 0.04741360 0.99875243 -0.01566964
vn 0.00754909 0.99990643 -0.01140808
vn 0.03558895 0.99879915 -0.03367014
vn -0.01322255 0.99951007 -0.02836860
vn 0.01459081 0.99809470 -0.05995060
vn -0.02910078 0.99849549 -0.04647481
vn -0.11689238 0.98687713 -0.11139882
vn -0.10333396 0.98931615 -0.10283799
vn -0.04306129 0.99182572 -0.12011437
vn -0.07628840 0.99363960 -0.08282774
vn -0.07042795 0.98716450 -0.14333928
vn -0.12280721 0.98576755 -0.11480737
vn -0.08665831 0.98446153 -0.15272799
vn -0.12018906 0.98656669 -0.11063792
vn -0.12318103 0.98591042 -0.11316834
vn -0.04409350 0.99233742 -0.11542187
vn -0.01985413 0.99501274 -0.09775202
vn -0.01277370 0.96941811 -0.24508237
vn -0.01267388 0.98618130 -0.16518418
vn -0.00568025 0.99552064 -0.09437371
vn -0.01188589 0.93866928 -0.34461386
vn -0.00615060 0.79195352 -0.61055040
vn -0.00695514 0.85038695 -0.52611183
vn -0.00991129 0.89971147 -0.43637258
vn -0.00425900 0.72668114 -0.68696171
vn -0.00189082 0.65273847 -0.75758096
vn -0.00088421 0.57190084 -0.82032228
vn 0.00355292 0.19958416 -0.97987425
vn 0.00307883 0.29850798 -0.95440217
vn 0.00393576 0.09874025 -0.99510546
vn 0.00417605 -0.00330781 -0.99998581
vn 0.00404098 -0.10538703 -0.99442307
vn 0.00153788 -0.49162141 -0.87080769
vn 0.00242662 -0.40051260 -0.91628804
vn 0.00350249 -0.30510399 -0.95231260
vn 0.00391727 -0.20598334 -0.97854766
vn -0.00273210 -0.73107338 -0.68229338
vn -0.00128740 -0.65789293 -0.75311037
vn 0.00036495 -0.57788058 -0.81612126
vn -0.00687686 -0.85415713 -0.51996953
vn -0.00428956 -0.79674252 -0.60430370
vn -0.01104000 -0.97095841 -0.23899349
vn -0.00949565 -0.94162187 -0.33653838
vn -0.00909667 -0.90199125 -0.43165848
vn -0.03387745 -0.98482043 -0.17023816
vn -0.04086855 -0.99169757 -0.12192492
vn 0.01450810 -0.99827024 -0.05697407
vn 0.04417777 -0.99889070 -0.01630001
vn 0.12356453 -0.97887250 -0.16291236
vn -0.00313241 -0.98358086 -0.18044080
vn 0.07183336 -0.97413389 -0.21425015
vn 0.03636963 -0.96845483 -0.24652077
vn 0.10204872 -0.95024834 -0.29430283
vn 0.06745662 -0.94349461 -0.32444958
vn 0.12234950 -0.91696324 -0.37974863
vn 0.03623529 -0.99879369 -0.03313874
vn 0.12347594 -0.99175945 -0.03415979
vn 0.23257463 -0.97251203 -0.01137510
vn 0.33286151 -0.94288218 -0.01328205
vn 0.22364856 -0.97404606 -0.03486549
vn 0.10505259 -0.99251836 -0.06221937
vn -0.00878233 -0.99604571 -0.08840711
vn -0.06899197 -0.98701858 -0.14503254
vn 0.03896981 -0.98897470 -0.14286499
vn 0.17091355 -0.97907253 -0.11047866
vn 0.26502070 -0.95668899 -0.12045832
vn 0.30103130 -0.95108954 -0.06934580
vn 0.39611940 -0.91537273 -0.07198738
vn 0.41704385 -0.90820620 -0.03515574
vn 0.50811558 -0.86058106 -0.03491139
vn 0.51651977 -0.85619971 -0.01137484
vn 0.60252769 -0.79800552 -0.01214784
vn 0.75370519 -0.65716703 -0.00774441
vn 0.68170934 -0.73154877 -0.01042921
vn 0.67382247 -0.73811132 -0.03398479
vn 0.59403035 -0.80370245 -0.03450090
vn 0.57497234 -0.81464105 -0.07593925
vn 0.48780418 -0.86979733 -0.07415995
vn 0.44894927 -0.88282073 -0.13810185
vn 0.35805426 -0.92465803 -0.12963283
vn 0.30726235 -0.93150728 -0.19463823
vn 0.21920796 -0.95970918 -0.17580147
vn 0.25732547 -0.93280403 -0.25230983
vn 0.17355738 -0.95916590 -0.22333520
vn 0.21317551 -0.93039825 -0.29818669
vn 0.13868679 -0.95571606 -0.25956269
vn 0.16746055 -0.92500594 -0.34105860
vn 0.42850554 -0.90347211 -0.01100663
vn 0.32185801 -0.94613460 -0.03516738
vn 0.20366852 -0.97680387 -0.06613119
vn 0.07658299 -0.99208268 -0.09953394
vn 0.29092433 -0.78828264 -0.54219324
vn 0.36527659 -0.79852492 -0.47846732
vn 0.43630953 -0.80223577 -0.40749450
vn 0.49961253 -0.79941530 -0.33365025
vn 0.50813134 -0.73903217 -0.44230531
vn 0.49096712 -0.66303387 -0.56509943
vn 0.44657538 -0.56905773 -0.69046632
vn 0.56269340 -0.78899883 -0.24669208
vn 0.57627230 -0.73420579 -0.35895974
vn 0.57657419 -0.66440152 -0.47553425
vn 0.54814286 -0.57783271 -0.60468899
vn 0.49005584 -0.47333767 -0.73198137
vn 0.69620552 -0.70075489 -0.15569349
vn 0.63548217 -0.72500764 -0.26556797
vn 0.64858751 -0.65785588 -0.38283139
vn 0.63985747 -0.57807153 -0.50637508
vn 0.59917448 -0.48077724 -0.64018996
vn 0.52661399 -0.36669392 -0.76695063
vn 0.23504713 -0.84011717 -0.48883125
vn 0.29965986 -0.85000688 -0.43323466
vn 0.36255848 -0.85463588 -0.37168383
vn 0.42015168 -0.85383743 -0.30730150
vn 0.48002806 -0.84653713 -0.23010421
vn 0.61985239 -0.76964359 -0.15307439
vn 0.73148863 -0.67731070 -0.07857855
vn 0.79875235 -0.59637992 -0.07953407
vn 0.81141175 -0.58355206 -0.03283229
vn 0.55442640 -0.25069788 -0.79357541
vn 0.67448324 -0.25446943 -0.69304954
vn 0.64200236 -0.37244698 -0.67016133
vn 0.57193910 -0.12780351 -0.81027892
vn 0.57796352 -0.00127928 -0.81606160
vn 0.69478657 -0.12939617 -0.70748022
vn 0.70164718 -0.00078426 -0.71252412
vn 0.80032170 -0.12844199 -0.58565163
vn 0.80774575 -0.00034227 -0.58953090
vn 0.87912422 -0.12513613 -0.45987124
vn 0.88659087 0.00005952 -0.46255446
vn 0.93088926 -0.12055255 -0.34483658
vn 0.93803930 0.00039275 -0.34652866
vn 0.96160447 -0.11579373 -0.24881451
vn 0.96829708 0.00065133 -0.24980061
vn 0.98065390 -0.11102965 -0.16121522
vn 0.98681318 0.00080583 -0.16186134
vn 0.99663974 0.00100312 -0.08190379
vn 0.17866687 -0.88271707 -0.43461330
vn 0.23349596 -0.89186374 -0.38737411
vn 0.28790853 -0.89707811 -0.33520075
vn 0.33906601 -0.89808057 -0.28015270
vn 0.39451880 -0.89392219 -0.21273936
vn 0.53659929 -0.83112738 -0.14590574
vn 0.65655156 -0.75030005 -0.07739426
vn 0.74657175 -0.66446529 -0.03341394
vn 0.81545985 -0.57875637 -0.00814256
vn 0.91738776 -0.39792294 -0.00755157
vn 0.87140937 -0.49046509 -0.00947133
vn 0.86757338 -0.49626047 -0.03227967
vn 0.99488206 -0.10075091 -0.00767771
vn 0.97916783 -0.20286392 -0.00875118
vn 0.97813206 -0.20565096 -0.03107014
vn 0.95141259 -0.30631631 -0.03137524
vn 0.94559719 -0.31500890 -0.08133483
vn 0.90656949 -0.41423288 -0.08088806
vn 0.88928747 -0.43039010 -0.15470019
vn 0.83679440 -0.52623374 -0.15117269
vn 0.86365458 -0.44546497 -0.23592737
vn 0.80820969 -0.54265767 -0.22873510
vn 0.82764760 -0.45945464 -0.32233662
vn 0.77017249 -0.55744031 -0.30999135
vn 0.77286050 -0.47209454 -0.42404410
vn 0.71475269 -0.57037012 -0.40473019
vn 0.69601866 -0.48013296 -0.53388235
vn 0.74289243 -0.37130548 -0.55699468
vn 0.77828307 -0.25323894 -0.57458290
vn 0.82088811 -0.36392390 -0.44011602
vn 0.85686026 -0.24749171 -0.45225916
vn 0.87461424 -0.35285043 -0.33248534
vn 0.90946671 -0.23918541 -0.34008918
vn 0.90848136 -0.34089761 -0.24176524
vn 0.94146126 -0.23039568 -0.24610674
vn 0.93132235 -0.32834066 -0.15757888
vn 0.96201535 -0.22136264 -0.15976559
vn 0.97389428 -0.21180975 -0.08164905
vn 0.99099564 -0.10597279 -0.08183765
vn 0.99423206 -0.10270800 -0.03088159
vn 0.99952434 0.00118220 -0.03081705
vn 0.99998137 0.00216930 -0.00570543
vn 0.95279994 -0.30350135 -0.00769496
vn 0.91442077 -0.40351503 -0.03178480
vn 0.85738426 -0.50837465 -0.08029602
vn 0.77487050 -0.61478282 -0.14702992
vn 0.74015247 -0.63565926 -0.21934361
vn 0.70378828 -0.64618729 -0.29516782
vn 0.48984781 0.47112363 -0.73354731
vn 0.52646369 0.36434295 -0.76817328
vn 0.55434373 0.24827913 -0.79439316
vn 0.67426408 0.25289724 -0.69383783
vn 0.39760061 0.65157410 -0.64603788
vn 0.42899956 0.73537453 -0.52457953
vn 0.71401288 0.57042475 -0.40595715
vn 0.63926560 0.57747232 -0.50780430
vn 0.54768991 0.57652887 -0.60634167
vn 0.44630922 0.56707575 -0.69226669
vn 0.70773729 0.64752825 -0.28251566
vn 0.64774101 0.65791729 -0.38415677
vn 0.57590305 0.66387531 -0.47707991
vn 0.49046070 0.66187744 -0.56689202
vn 0.86238913 0.44746616 -0.23676785
vn 0.80459802 0.54803506 -0.22864732
vn 0.88790621 0.43255522 -0.15658398
vn 0.23488925 0.83891983 -0.49095881
vn 0.29928719 0.84918010 -0.43510957
vn 0.00956145 0.96234510 -0.27166246
vn -0.04204199 0.97673834 -0.21027289
vn -0.02561933 0.97968426 -0.19890300
vn 0.50627179 0.86167452 -0.03472605
vn 0.57356046 0.81563641 -0.07593189
vn 0.48634056 0.87062193 -0.07409661
vn 0.53553331 0.83176433 -0.14619223
vn 0.44784566 0.88334532 -0.13833040
vn 0.47731774 0.84723588 -0.23315047
vn 0.39167216 0.89446581 -0.21569384
vn 0.41932207 0.85377163 -0.30861465
vn 0.33832400 0.89799108 -0.28133414
vn 0.36197593 0.85420040 -0.37324940
vn 0.28743329 0.89669256 -0.33663714
vn 0.23323704 0.89116460 -0.38913511
vn 0.17861872 0.88172254 -0.43664713
vn 0.74251127 0.37056503 -0.55799514
vn 0.77800346 0.25253876 -0.57526932
vn 0.82042295 0.36393638 -0.44097222
vn 0.85652175 0.24759047 -0.45284596
vn 0.87407461 0.35349845 -0.33321528
vn 0.90907792 0.23995275 -0.34058774
vn 0.90788336 0.34205046 -0.24238253
vn 0.94103261 0.23169011 -0.24653056
vn 0.93055854 0.32995066 -0.15872418
vn 0.96149187 0.22306090 -0.16055288
vn 0.94497501 0.31685678 -0.08138799
vn 0.97344503 0.21385095 -0.08168560
vn 0.95069793 0.30852758 -0.03137146
vn 0.91651027 0.39993751 -0.00767590
vn 0.91348518 0.40562940 -0.03177452
vn 0.90576206 0.41598252 -0.08095449
vn 0.83552090 0.52763633 -0.15331253
vn 0.85637952 0.51005450 -0.08036496
vn 0.86640334 0.49830187 -0.03225679
vn 0.86985901 0.49320528 -0.00968816
vn 0.50747507 0.73850514 -0.44393604
vn 0.57541306 0.73419803 -0.36035131
vn 0.63904972 0.72195645 -0.26531930
vn 0.69655202 0.69946082 -0.15990574
vn 0.76630747 0.62162628 -0.16233802
vn 0.73023556 0.67865522 -0.07863280
vn 0.79758689 0.59792896 -0.07959967
vn 0.74506660 0.66615588 -0.03334842
vn 0.81004048 0.58545633 -0.03279172
vn 0.75077238 0.66051391 -0.00788774
vn 0.81449178 0.58010039 -0.00931004
vn 0.43568528 0.80173990 -0.40913503
vn 0.49876251 0.79936503 -0.33503955
vn 0.56021467 0.78980460 -0.24973629
vn 0.61885021 0.77038780 -0.15338533
vn 0.65521722 0.75146237 -0.07742547
vn 0.67219180 0.73960110 -0.03388802
vn 0.68098618 0.73224837 -0.00837521
vn 0.42658411 0.90438225 -0.01089701
vn 0.41514257 0.90908619 -0.03491327
vn 0.39463880 0.91602269 -0.07185160
vn 0.35694831 0.92506613 -0.12977121
vn 0.30439355 0.93186426 -0.19741725
vn 0.25673750 0.93269370 -0.25331464
vn 0.21286909 0.93006186 -0.29945231
vn 0.16737692 0.92442647 -0.34266700
vn 0.12339580 0.91596952 -0.38180271
vn 0.51500675 0.85711918 -0.01071233
vn 0.60017591 0.79978351 -0.01162809
vn 0.59228094 0.80499837 -0.03436446
vn 0.17326151 0.95904498 -0.22408298
vn 0.12313136 0.97864513 -0.16459762
vn 0.21642735 0.95988062 -0.17829299
vn 0.16980799 0.97928935 -0.11026156
vn 0.26392264 0.95699386 -0.12044750
vn 0.20215323 0.97714325 -0.06576586
vn 0.29953569 0.95157891 -0.06910819
vn 0.22164681 0.97451737 -0.03447604
vn 0.31989993 0.94680995 -0.03485631
vn 0.23131885 0.97279377 -0.01280147
vn 0.32983361 0.94394394 -0.01340274
vn 0.03828683 0.98906667 -0.14241221
vn 0.07556711 0.99220675 -0.09907258
vn 0.10358507 0.99270472 -0.06170464
vn 0.12149059 0.99202089 -0.03368375
vn 0.13251890 0.99110133 -0.01252563
vn -0.01186236 0.99612750 -0.08711654
vn 0.44833335 0.12089275 -0.88565352
vn 0.57194021 0.12528887 -0.81067077
vn 0.69467366 0.12775628 -0.70788900
vn 0.80017903 0.12769625 -0.58600954
vn 0.87895314 0.12520849 -0.46017845
vn 0.93069337 0.12131000 -0.34509960
vn 0.96139026 0.11708633 -0.24903727
vn 0.98039651 0.11268582 -0.16163103
vn 0.99077118 0.10803616 -0.08185748
vn 0.99397869 0.10513163 -0.03088218
vn 0.99473403 0.10230516 -0.00615410
vn -0.11160423 0.98829510 -0.10400619
vn -0.08826684 0.98522157 -0.14679040
vn -0.05745189 0.97480837 -0.21551780
vn -0.02097030 0.95705654 -0.28914188
vn 0.01595139 0.93258158 -0.36060665
vn 0.00001124 0.98386072 -0.17893596
vn 0.03808282 0.96802088 -0.24796226
vn 0.06191165 0.94243757 -0.32860062
vn 0.08334363 0.90780618 -0.41102528
vn 0.04729941 0.89954324 -0.43426343
vn 0.13060239 0.87165067 -0.47240673
vn 0.08304636 0.85970416 -0.50399609
vn 0.17702874 0.82696147 -0.53366240
vn 0.11844185 0.81183933 -0.57174157
vn 0.22283143 0.77335413 -0.59352299
vn 0.15303883 0.75543390 -0.63710183
vn 0.26735462 0.71007850 -0.65139085
vn 0.18630946 0.68999902 -0.69942129
vn 0.30972228 0.63654480 -0.70631638
vn 0.21759598 0.61524759 -0.75770865
vn 0.34890010 0.55238321 -0.75706110
vn 0.24616810 0.53109099 -0.81076731
vn 0.38366771 0.45767012 -0.80208301
vn 0.27120047 0.43782928 -0.85717899
vn 0.41269528 0.35307299 -0.83965592
vn -0.04930960 0.99617978 -0.07207219
vn -0.02932526 0.96390549 -0.26462470
vn -0.03945673 0.95909034 -0.28033709
vn -0.02334804 0.93285854 -0.35948548
vn -0.02638082 0.92852486 -0.37033178
vn -0.01707046 0.89264030 -0.45044632
vn -0.01296270 0.88951952 -0.45671325
vn -0.01068317 0.84365829 -0.53677422
vn 0.00049307 0.84228868 -0.53902647
vn -0.00435190 0.78632337 -0.61779982
vn 0.01371981 0.78700231 -0.61679749
vn 0.00177340 0.72109794 -0.69283087
vn 0.02646609 0.72385930 -0.68943982
vn 0.00755710 0.64846537 -0.76120664
vn 0.03849512 0.65308456 -0.75630595
vn 0.01287171 0.56908728 -0.82217637
vn 0.04956414 0.57510461 -0.81657705
vn 0.01760109 0.48367751 -0.87506929
vn 0.05944188 0.49044128 -0.86944466
vn 0.02164441 0.39302788 -0.91927178
vn 0.06791280 0.39977677 -0.91409320
vn 0.02491318 0.29793374 -0.95426140
vn 0.07477599 0.30390084 -0.94976462
vn 0.02732815 0.19946354 -0.97952410
vn 0.07984568 0.20395824 -0.97571805
vn 0.02883228 0.09876597 -0.99469291
vn 0.08298421 0.10124450 -0.99139456
vn 0.02938937 -0.00308417 -0.99956328
vn 0.08409839 -0.00289215 -0.99645326
vn 0.02898653 -0.10495272 -0.99405468
vn 0.08315825 -0.10703977 -0.99077101
vn 0.02762988 -0.20557605 -0.97825103
vn 0.08018379 -0.20967682 -0.97447739
vn 0.02535496 -0.30392010 -0.95236007
vn 0.07526308 -0.30950303 -0.94791526
vn 0.02220988 -0.39888106 -0.91673367
vn 0.06852100 -0.40523844 -0.91163956
vn 0.01827249 -0.48926094 -0.87194601
vn 0.06014421 -0.49562852 -0.86644968
vn 0.01362930 -0.57433878 -0.81850425
vn 0.05033001 -0.57996190 -0.81308738
vn 0.00837389 -0.65343546 -0.75693591
vn 0.03928170 -0.65765836 -0.75229145
vn 0.00262563 -0.72565371 -0.68805509
vn 0.02724277 -0.72802489 -0.68500919
vn -0.00348999 -0.79037658 -0.61261136
vn 0.01445613 -0.79068256 -0.61205564
vn -0.00983991 -0.84717224 -0.53122723
vn 0.00115466 -0.84545856 -0.53403978
vn -0.01627944 -0.89561941 -0.44452317
vn -0.01241638 -0.89219295 -0.45148376
vn -0.02263887 -0.93523193 -0.35331107
vn -0.02597876 -0.93064899 -0.36498980
vn -0.02872609 -0.96558921 -0.25848072
vn -0.03921703 -0.96060312 -0.27514301
vn -0.05040095 -0.98147944 -0.18481845
vn -0.08977951 -0.98491843 -0.14790308
vn -0.07508096 -0.98806405 -0.13450755
vn -0.05828120 -0.97515196 -0.21373336
vn -0.06070877 -0.97757629 -0.20164089
vn -0.02294129 -0.95773618 -0.28673177
vn -0.03824840 -0.95719136 -0.28691768
vn 0.00938657 -0.93191095 -0.36256567
vn -0.01490474 -0.92919569 -0.36928745
vn 0.04520581 -0.89986539 -0.43381876
vn 0.00879067 -0.89348322 -0.44901054
vn 0.08106955 -0.86031626 -0.50327295
vn 0.03244597 -0.84998639 -0.52580451
vn 0.11657255 -0.81282946 -0.57071806
vn 0.05570110 -0.79859820 -0.59928149
vn 0.15127946 -0.75686819 -0.63581842
vn 0.07821420 -0.73912626 -0.66901039
vn 0.18469370 -0.69188435 -0.69798588
vn 0.09962819 -0.67138248 -0.73438396
vn 0.21616289 -0.61755475 -0.75624053
vn 0.11952306 -0.59541011 -0.79448162
vn 0.24491161 -0.53390526 -0.80929814
vn 0.13743590 -0.51159225 -0.84816551
vn 0.27015093 -0.44113793 -0.85581295
vn 0.15293609 -0.42034557 -0.89438256
vn 0.29354332 -0.34509206 -0.89148404
vn 0.16507354 -0.32267993 -0.93200235
vn 0.16143678 -0.22295576 -0.96136824
vn 0.16048702 -0.11047972 -0.98083543
vn 0.24450567 -0.11503503 -0.96280004
vn 0.22674242 -0.24474518 -0.94270232
vn -0.08705618 -0.98406145 -0.15506219
vn -0.04019041 -0.97706326 -0.20912223
vn 0.00739166 -0.96350710 -0.26758071
vn 0.03708100 -0.93762102 -0.34567589
vn 0.08395230 -0.90930727 -0.40756876
vn 0.13065106 -0.87301813 -0.46986130
vn 0.17718667 -0.82859975 -0.53106246
vn 0.22305404 -0.77528298 -0.59091725
vn 0.26763039 -0.71226225 -0.64888864
vn 0.31003902 -0.63893287 -0.70401747
vn 0.34919308 -0.55504449 -0.75497669
vn 0.38391832 -0.46060486 -0.80028113
vn 0.41290172 -0.35617299 -0.83824398
vn 0.43477851 -0.24327865 -0.86705429
vn 0.32696721 -0.23378420 -0.91566227
vn 0.44841428 -0.12420037 -0.88515473
vn 0.33687084 -0.11952307 -0.93393376
vn 0.45302346 -0.00172934 -0.89149692
vn 0.34031783 -0.00204827 -0.94030824
vn 0.33679206 0.11555770 -0.93446109
vn 0.23504679 0.22828179 -0.94479650
vn 0.16083600 0.32049574 -0.93349572
vn -0.03801352 0.95602553 -0.29080949
vn -0.01488170 0.92751898 -0.37347969
vn 0.00860541 0.89133122 -0.45327101
vn 0.03207535 0.84738660 -0.53000672
vn 0.05518898 0.79552436 -0.60340299
vn 0.07759889 0.73558478 -0.67297358
vn 0.09894022 0.66743762 -0.73806358
vn 0.11879529 0.59117132 -0.79774943
vn 0.13673219 0.50701434 -0.85102336
vn 0.15230113 0.41547602 -0.89676309
vn 0.08581448 0.68979614 0.71889997
vn 0.10803487 0.68602694 0.71951060
vn 0.13235221 0.68797182 0.71356686
vn 0.15935560 0.68268671 0.71312317
vn -0.84209126 0.36568689 -0.39642832
vn -0.91652435 0.39024224 0.08771605
vn -0.68347944 0.26250837 -0.68113523
vn -0.91746682 0.39737646 -0.01861691
vn -0.52008101 0.15208086 -0.84046841
vn -0.90178521 0.39973446 -0.16430401
vn -0.87306472 0.37975439 -0.30585061
vn -0.83634503 0.34625827 -0.42500847
vn -0.78165570 0.27890498 -0.55787667
vn -0.42145503 0.04191414 -0.90588016
vn -0.70957831 0.18776744 -0.67914800
vn -0.52790913 -0.23764294 -0.81537585
vn -0.38044311 -0.09706802 -0.91969606
vn -0.55927016 -0.10231876 -0.82264680
vn -0.62635058 0.05516883 -0.77758688
vn -0.39848111 -0.31092925 -0.86286488
vn -0.38571306 -0.27311686 -0.88126762
vn -0.37990809 -0.21677992 -0.89926432
vn -0.56022830 -0.74746102 -0.35699619
vn -0.46823233 -0.70102597 -0.53788574
vn -0.55192204 -0.71389092 -0.43097774
vn -0.45994047 -0.63675451 -0.61886869
vn -0.53988396 -0.66262626 -0.51908742
vn -0.43587761 -0.56771981 -0.69835873
vn -0.52963732 -0.59526911 -0.60426732
vn -0.41765840 -0.46040397 -0.78331964
vn -0.51446084 -0.51873135 -0.68282342
vn -0.41213258 -0.38781347 -0.82446798
vn -0.50440337 -0.43058831 -0.74844569
vn -0.49482743 -0.35284603 -0.79413191
vn -0.48059192 -0.81534443 -0.32286973
vn -0.48087091 -0.79335171 -0.37330447
vn -0.47592087 -0.75765639 -0.44660510
vn -0.56080324 -0.76755414 -0.31041967
vn -0.56444495 -0.78373599 -0.25915205
vn -0.48341176 -0.83546625 -0.26136033
vn -0.56847283 -0.79613096 -0.20739848
vn -0.48357959 -0.85212492 -0.20008474
vn -0.57206723 -0.80539399 -0.15517605
vn -0.48355291 -0.86474329 -0.13563047
vn -0.57495299 -0.81164801 -0.10323066
vn -0.48319676 -0.87281972 -0.06860486
vn -0.57765739 -0.81465425 -0.05148207
vn -0.48327463 -0.87546881 -0.00004394
vn -0.58081468 -0.81403581 -0.00011196
vn -0.48317131 -0.87283782 0.06855387
vn -0.78478359 0.28865405 0.54844650
vn -0.57031179 0.12537376 0.81180409
vn -0.70637799 0.19306035 0.68099768
vn -0.43900954 0.06151695 0.89637397
vn -0.62337906 0.06108898 0.77952978
vn -0.35257878 -0.00455261 0.93577106
vn -0.55446230 -0.09568611 0.82668962
vn -0.31280210 -0.06198675 0.94779348
vn -0.51115898 -0.23112975 0.82782578
vn -0.38429924 -0.31312863 0.86848406
vn -0.50221455 -0.33309669 0.79801450
vn -0.41133634 -0.39311084 0.82235411
vn -0.50389553 -0.43088360 0.74861781
vn -0.42489484 -0.48462321 0.76459448
vn -0.51583073 -0.51712394 0.68300914
vn -0.44428844 -0.56444395 0.69570886
vn -0.52563890 -0.59748974 0.60556565
vn -0.45978020 -0.63520725 0.62057548
vn -0.53795569 -0.66061897 0.52362797
vn -0.46822158 -0.70102289 0.53789911
vn -0.55075133 -0.71325152 0.43352652
vn -0.47590196 -0.75765121 0.44663405
vn -0.55719755 -0.74718158 0.36228523
vn -0.48169350 -0.79277870 0.37346125
vn -0.55919631 -0.76841276 0.31119338
vn -0.48278458 -0.81544956 0.31931342
vn -0.56387780 -0.78394700 0.25974783
vn -0.48339933 -0.83541096 0.26155998
vn -0.56793111 -0.79641596 0.20778805
vn -0.48353647 -0.85211656 0.20022450
vn -0.57158770 -0.80567213 0.15549893
vn -0.48354467 -0.86474793 0.13563029
vn -0.57427016 -0.81210369 0.10344748
vn -0.57683523 -0.81523932 0.05143897
vn -0.85377155 0.36270204 0.37352558
vn -0.89836069 0.38875100 0.20450116
vn -0.66315237 0.16724950 0.72955914
vn -0.89649301 0.29148104 0.33367511
vn -0.00722242 0.00346316 -0.99996792
vn -0.00592141 0.00369625 -0.99997564
vn 0.71571555 -0.02152166 -0.69806022
vn -0.00600226 -0.00137481 -0.99998104
vn -0.00496644 -0.00023949 -0.99998764
vn -0.00443833 0.00264609 -0.99998665
vn -0.00377237 0.00074023 -0.99999261
vn -0.00412709 -0.00052528 -0.99999135
vn -0.00703464 0.00032642 -0.99997520
vn -0.01176835 0.00140215 -0.99992977
vn -0.04148534 -0.00532690 -0.99912491
vn -0.02278241 -0.00326965 -0.99973510
vn -0.01034795 -0.00050519 -0.99994633
vn -0.01819054 0.00279689 -0.99983063
vn -0.02593434 0.00433034 -0.99965427
vn -0.03524659 0.00707066 -0.99935363
vn -0.50502599 -0.22027479 -0.83452248
vn -0.49579238 -0.20192905 -0.84463872
vn -0.48455596 -0.18366837 -0.85526104
vn -0.47148001 -0.16510277 -0.86628383
vn -0.51998423 -0.37283478 -0.76851196
vn -0.52536529 -0.34880212 -0.77609819
vn -0.52573304 -0.31681165 -0.78945244
vn -0.52279342 -0.29320561 -0.80044832
vn -0.51590228 -0.27222599 -0.81224248
vn -0.52212111 -0.53833956 -0.66149835
vn -0.46456362 -0.53854985 -0.70295427
vn -0.39775406 -0.54071507 -0.74122798
vn -0.52019773 -0.47172307 -0.71194921
vn -0.51642209 -0.39375523 -0.76043740
vn -0.46406995 -0.15635967 -0.87188917
vn -0.45415739 -0.14468090 -0.87909528
vn -0.41423095 -0.14754704 -0.89813284
vn -0.14580528 -0.02231114 -0.98906169
vn -0.10071057 -0.02172047 -0.99467864
vn -0.06042741 -0.00811343 -0.99813962
vn -0.42939929 0.13233147 -0.89336702
vn -0.42819560 0.14654818 -0.89172426
vn -0.52766612 0.35074775 -0.77365656
vn -0.51878304 0.32456694 -0.79089851
vn -0.51341197 0.29681134 -0.80517773
vn -0.51226379 0.36687828 -0.77652182
vn -0.50858117 0.39205405 -0.76657603
vn 0.71418217 0.01574624 -0.69978274
vn 0.65458018 -0.29628742 -0.69551316
vn 0.63913464 -0.32675620 -0.69623077
vn -0.36972994 -0.55748549 -0.74330996
vn 0.62190713 -0.36392939 -0.69338800
vn -0.02366582 -0.71254112 -0.70123112
vn -0.07684551 -0.70602817 -0.70400212
vn 0.25808696 -0.67640072 -0.68983563
vn 0.31044478 -0.65192646 -0.69182074
vn -0.51797106 -0.25725754 -0.81579688
vn -0.51237103 -0.23862446 -0.82494502
vn -0.18589287 -0.04882735 -0.98135607
vn -0.14104742 -0.02779546 -0.98961257
vn -0.05322337 0.01119296 -0.99851990
vn -0.08689978 0.01363539 -0.99612374
vn -0.08906378 0.01696281 -0.99588147
vn -0.15413760 0.04248386 -0.98713561
vn -0.26651699 0.14310812 -0.95314677
vn -0.46443342 0.17647191 -0.86784749
vn -0.49822111 0.20625211 -0.84216138
vn -0.48884042 0.22243651 -0.84353841
vn -0.50714563 0.25242357 -0.82406653
vn -0.52614520 0.28038777 -0.80284116
vn 0.15234029 -0.70533820 -0.69230807
vn 0.08804121 -0.71393727 -0.69465266
vn 0.02702415 -0.71481795 -0.69878823
vn -0.18725576 -0.68002341 -0.70887477
vn -0.24028732 -0.65662654 -0.71491510
vn 0.34408014 -0.63195561 -0.69443572
vn 0.71504818 -0.07293904 -0.69525966
vn 0.70884868 -0.13115322 -0.69306016
vn 0.51939321 -0.50469312 -0.68957636
vn 0.47438061 -0.54766852 -0.68921857
vn -0.11909712 -0.69734524 -0.70677118
vn -0.29526859 -0.62718448 -0.72073302
vn -0.34239686 -0.58792783 -0.73287465
vn 0.69414045 -0.19492966 -0.69294405
vn 0.67428292 -0.25269482 -0.69389327
vn 0.59164602 -0.42020964 -0.68802532
vn 0.55699058 -0.46464785 -0.68837771
vn 0.42290502 -0.58810053 -0.68941214
vn 0.37496303 -0.61653074 -0.69230960
vn 0.21286407 -0.69120240 -0.69059984
vn 0.18052050 0.69792528 -0.69304592
vn 0.22394108 0.68342325 -0.69482592
vn 0.25681279 0.67127327 -0.69529806
vn 0.29478751 0.65872591 -0.69222865
vn -0.53468253 0.52912489 -0.65889410
vn -0.44019320 0.57349054 -0.69089691
vn -0.02864075 0.71102578 -0.70258241
vn 0.01500111 0.71646167 -0.69746515
vn 0.06099305 0.71601088 -0.69541949
vn 0.12446121 0.70879828 -0.69434458
vn 0.44218608 0.57202642 -0.69083807
vn 0.48848844 0.53444855 -0.68974183
vn 0.52339524 0.49430492 -0.69406057
vn 0.54682829 0.46650383 -0.69523593
vn -0.50883703 0.41729306 -0.75296174
vn 0.34566095 0.63440470 -0.69141101
vn 0.39697701 0.60363554 -0.69139959
vn 0.69952403 0.16950978 -0.69421363
vn 0.71124828 0.11378774 -0.69367012
vn 0.71403091 0.05403260 -0.69802603
vn -0.38993289 0.59079877 -0.70633502
vn -0.14718031 0.69309154 -0.70566427
vn -0.08170532 0.70823783 -0.70122994
vn -0.33426186 0.61487376 -0.71428235
vn -0.26902026 0.64176495 -0.71816840
vn -0.20994167 0.67092631 -0.71118379
vn 0.57323727 0.43687985 -0.69320634
vn 0.60359792 0.39314761 -0.69361697
vn 0.63504102 0.34046009 -0.69340452
vn 0.66285155 0.28130307 -0.69389942
vn 0.68374432 0.22253647 -0.69496131
vn -0.28373382 0.95888970 0.00506524
vn -0.24945239 0.96838521 0.00189634
vn -0.18448993 0.98283252 -0.00192343
vn -0.00880170 0.99967782 0.02380719
vn -0.00998523 0.99823798 0.05849133
vn -0.02202438 0.99863339 0.04739488
vn -0.00738765 0.99983653 -0.01650232
vn -0.00547474 0.99801143 -0.06279507
vn -0.03115398 0.99699825 -0.07087962
vn -0.01844918 0.99751696 -0.06796727
vn -0.06887507 0.99491562 -0.07347880
vn -0.04849267 0.99602433 -0.07472615
vn -0.12779255 0.98807696 -0.08586608
vn -0.10747017 0.99111117 -0.07841441
vn -0.08773010 0.99332878 -0.07484229
vn -0.14205709 0.98540911 -0.09374787
vn -0.01232741 0.99992220 0.00190383
vn -0.01770972 0.99982904 -0.00531630
vn -0.03487464 0.99923968 -0.01743065
vn -0.05578070 0.99794835 -0.03142610
vn -0.07131600 0.99645611 -0.04460100
vn -0.08889152 0.99434558 -0.05809610
vn -0.10925445 0.99131097 -0.07325313
vn -0.12858039 0.98787605 -0.08699421
vn -0.14202031 0.98530668 -0.09487349
vn -0.24014443 0.97073532 0.00189452
vn -0.28741940 0.95777582 0.00745445
vn -0.23327093 0.97239761 -0.00524978
vn -0.25474675 0.96686944 -0.01635812
vn -0.25887946 0.96590040 -0.00422508
vn -0.26134695 0.96524352 0.00165057
vn -0.22926979 0.97317423 -0.01916450
vn -0.22980546 0.97269912 -0.03233982
vn -0.25411402 0.96682781 -0.02588545
vn -0.22782597 0.97290499 -0.03938548
vn -0.25211920 0.96734366 -0.02611818
vn -0.24792703 0.96846363 -0.02470587
vn -0.21926239 0.97497306 -0.03676316
vn -0.24182427 0.97010944 -0.02021617
vn -0.20073591 0.97943596 -0.02025571
vn -0.17044282 0.98525420 0.01494646
vn -0.21693206 0.97581081 0.02708771
vn -0.21676978 0.97621480 0.00394060
vn -0.22769503 0.97372009 -0.00491487
vn -0.23708624 0.97142999 -0.01067174
vn -0.09283897 0.99128919 0.09341665
vn -0.13994123 0.98593607 0.09135931
vn -0.13180077 0.98995454 0.05117189
vn -0.17152680 0.98240402 0.07389792
vn -0.19803837 0.97876938 0.05283284
vn -0.05238058 0.97633177 0.20983934
vn -0.08021684 0.98148047 0.17395791
vn -0.06041925 0.99043022 0.12408665
vn -0.08194286 0.98604184 0.14493742
vn -0.11940301 0.98501167 0.12447862
vn -0.01514179 0.96388791 0.26587747
vn -0.02284300 0.99279636 0.11761624
vn -0.03705947 0.99684131 0.07024245
vn -0.02284345 0.99648523 0.08059379
vn -0.01133081 0.99652956 0.08246478
vn -0.02108956 0.99968718 0.01344514
vn -0.03599553 0.99934386 0.00402150
vn -0.03660682 0.99863974 0.03712957
vn -0.05360779 0.99854480 -0.00587317
vn -0.05405469 0.99819663 0.02610707
vn -0.07734874 0.99683076 -0.01859081
vn -0.07943293 0.99678482 0.01050891
vn -0.10585631 0.99377564 -0.03470464
vn -0.11123513 0.99374935 -0.00943309
vn -0.13909067 0.98929311 -0.04419193
vn -0.01987963 0.99950229 -0.02449420
vn -0.03451204 0.99890602 -0.03155438
vn -0.05200043 0.99790408 -0.03851491
vn -0.07270788 0.99646416 -0.04210398
vn -0.08954872 0.99474039 -0.04972513
vn -0.11334305 0.99216616 -0.05253254
vn -0.11116259 0.99376381 -0.00873885
vn -0.06502126 0.99788242 -0.00170353
vn -0.13519420 0.99081533 -0.00274015
vn -0.07374167 0.99726480 -0.00500897
vn -0.14020231 0.99007030 -0.01020349
vn -0.08498460 0.99627766 -0.01443749
vn -0.14615291 0.98899558 -0.02295787
vn -0.09704425 0.99490194 -0.02743265
vn -0.10820477 0.99329497 -0.04070408
vn -0.15567472 0.98685687 -0.04334632
vn -0.11982335 0.99130092 -0.05445046
vn -0.16312294 0.98482234 -0.05929479
vn -0.13466951 0.98847852 -0.06909662
vn -0.16861484 0.98291978 -0.07374112
vn -0.14882448 0.98549065 -0.08160542
vn -0.17075896 0.98225103 -0.07761635
vn -0.15659425 0.98383418 -0.08688236
vn -0.16102949 0.98476773 -0.06558974
vn -0.15215638 0.98504826 -0.08079826
vn -0.13667718 0.98829898 -0.06770877
vn -0.19210055 0.98137492 -0.00079953
vn -0.03859248 0.99462946 0.09603567
vn -0.02936603 0.98745612 0.15513877
vn -0.02779557 0.97273115 0.23026400
vn -0.05438686 0.99682881 0.05808950
vn -0.05583196 0.99439408 0.08979537
vn -0.08047609 0.99597276 0.03952037
vn -0.08388058 0.99422421 0.06694978
vn -0.11435745 0.99335743 0.01278260
vn -0.11982053 0.99225980 0.03261196
vn -0.14604767 0.98903201 -0.02203982
vn -0.15515561 0.98787897 -0.00467805
vn -0.17069110 0.98392738 -0.05245439
vn -0.18279813 0.98241272 -0.03808004
vn -0.18396421 0.98063852 -0.06712126
vn -0.19904928 0.97848656 -0.05425344
vn -0.18522928 0.98070138 -0.06256927
vn -0.20362532 0.97762126 -0.05285266
vn -0.19790557 0.97922813 -0.04410955
vn -0.19647570 0.98049911 -0.00433453
vn -0.19375315 0.98095299 -0.01381838
vn -0.19356348 0.98063360 -0.02984832
vn -0.08670028 0.98558011 -0.14530972
vn -0.08993755 0.99131848 -0.09591089
vn -0.36479394 0.63036277 0.68525044
vn -0.09658228 0.99416204 -0.04810099
vn -0.10259843 0.99472283 0.00022552
vn -0.09440052 0.95118732 -0.29382175
vn -0.08718957 0.96566970 -0.24470392
vn -0.08603604 0.97702353 -0.19499442
vn -0.09184523 0.99456849 0.04896918
vn -0.34153111 0.59058233 0.73114227
vn -0.08294753 0.99169234 0.09831591
vn -0.07943344 0.98561056 0.14920508
vn -0.07891375 0.97654448 0.20033347
vn -0.08148554 0.96436219 0.25172539
vn -0.48702177 0.31410656 -0.81495206
vn -0.36893365 0.41036611 -0.83395900
vn -0.07150679 0.72247200 0.68769251
vn -0.28745811 0.50445674 -0.81418133
vn -0.23006807 0.59445609 -0.77051323
vn -0.18208155 0.67709952 -0.71300950
vn -0.22889201 0.68919626 0.68747143
vn -0.14845828 0.74677769 -0.64829254
vn -0.12298514 0.81238849 -0.56999964
vn -0.10679888 0.85256885 -0.51158612
vn -0.11341049 0.88292777 -0.45560576
vn -0.10107438 0.92648105 -0.36251461
vn -0.71852999 0.20763306 0.66377945
vn 0.07124799 0.67758430 0.73198582
vn -0.60887358 0.24706227 0.75381245
vn -0.06970289 0.67875080 0.73105325
vn -0.48703089 0.31373026 0.81509156
vn -0.81181348 0.17495627 0.55708992
vn -0.89024792 0.15260366 0.42915121
vn -0.91475126 0.16270640 0.36980639
vn -0.97498283 0.18274456 0.12654214
vn -0.98728004 0.15896907 0.00263967
vn 0.07657683 0.72486991 0.68461639
vn -0.97702871 0.15026332 -0.15111529
vn -0.94020802 0.15145578 -0.30507382
vn -0.87763683 0.16640151 -0.44951543
vn -0.79498143 0.18980340 -0.57617635
vn -0.69547140 0.21038915 -0.68706327
vn -0.62298742 0.23101678 -0.74734057
vn -0.08958716 0.94992278 0.29936742
vn -0.09692329 0.91922446 0.38161797
vn -0.21230960 0.64933896 0.73026265
vn -0.09637373 0.88025411 0.46461252
vn -0.10817404 0.85635083 0.50493725
vn -0.22897686 0.59091615 0.77355524
vn -0.28672826 0.50293672 0.81537817
vn -0.36836357 0.41007362 0.83435479
vn -0.12324000 0.81272299 0.56946751
vn -0.14728801 0.74826884 0.64683845
vn -0.18573076 0.67454926 0.71448400
vn -0.34057419 -0.59194676 0.73048495
vn -0.36284635 -0.63091707 0.68577415
vn -0.45727678 -0.50872551 0.72944931
vn -0.55437564 -0.40079175 0.72940635
vn -0.59026645 -0.42313007 0.68742015
vn -0.48258342 -0.54244386 0.68765391
vn -0.21085216 -0.64888748 0.73108577
vn -0.22532978 -0.69349394 0.68431911
vn -0.07134409 -0.67856872 0.73106396
vn -0.07622017 -0.72518802 0.68431924
vn 0.07135064 -0.67859749 0.73103662
vn 0.07622043 -0.72518807 0.68431916
vn 0.21091402 -0.64903699 0.73093520
vn 0.22532983 -0.69349380 0.68431923
vn 0.34121299 -0.59096743 0.73097961
vn 0.36459103 -0.63149075 0.68431923
vn 0.45635907 -0.50683938 0.73133456
vn 0.48791886 -0.54188816 0.68431894
vn 0.55148512 -0.40067919 0.73165589
vn 0.58992078 -0.42860260 0.68431958
vn 0.62190836 -0.27689100 0.73250349
vn 0.66614183 -0.29658538 0.68431877
vn 0.66668847 -0.14172508 0.73173799
vn 0.71324798 -0.15160514 0.68431952
vn 0.67711659 0.00001425 0.73587575
vn 0.72918279 0.00000000 0.68431897
vn 0.66088472 0.14047377 0.73722351
vn 0.71324797 0.15160501 0.68431955
vn 0.62256001 0.27717279 0.73184307
vn 0.66614191 0.29658528 0.68431873
vn 0.55137272 0.40061843 0.73177388
vn 0.58992068 0.42860287 0.68431950
vn 0.45629296 0.50676835 0.73142503
vn 0.48791861 0.54188829 0.68431902
vn 0.34062536 0.58995212 0.73207299
vn 0.36459131 0.63149047 0.68431934
vn 0.21015555 0.64684365 0.73309477
vn 0.22532987 0.69349401 0.68431901
vn -0.45628752 0.50675101 0.73144044
vn -0.48791803 0.54188829 0.68431943
vn -0.55192641 0.40098270 0.73115669
vn -0.58992091 0.42860330 0.68431903
vn -0.62374166 0.27766794 0.73064825
vn -0.66614203 0.29658455 0.68431894
vn -0.66748376 0.14185048 0.73098828
vn -0.71324797 0.15160501 0.68431955
vn -0.68426249 -0.00009613 0.72923579
vn -0.72918279 0.00000000 0.68431897
vn -0.66773499 -0.14192067 0.73074517
vn -0.71324798 -0.15160514 0.68431952
vn -0.62432328 -0.27799974 0.73002506
vn -0.66614194 -0.29658465 0.68431897
vn -0.38239888 -0.92398667 0.00444226
vn -0.35472683 -0.93495608 0.00509984
vn -0.48052153 -0.87697176 0.00442520
vn -0.99850447 -0.05466522 0.00073528
vn -0.99852159 -0.05435624 -0.00020095
vn -0.99447863 -0.10490152 -0.00281459
vn -0.97167071 -0.23632535 -0.00252383
vn -0.96466235 -0.26341774 0.00613525
vn -0.98622037 -0.16543696 -0.00005223
vn -0.98484049 -0.17345771 0.00127725
vn -0.99453972 -0.10435604 0.00074830
vn -0.95660556 -0.29135910 0.00395964
vn -0.93462535 -0.35543994 0.01174339
vn -0.91201908 -0.41009575 0.00653216
vn -0.90209612 -0.43151363 0.00430975
vn -0.83821444 -0.54529261 0.00724776
vn -0.83953546 -0.54329972 0.00236978
vn -0.74902791 -0.66251610 0.00544186
vn -0.74967361 -0.66180210 0.00273103
vn -0.67223514 -0.74033737 0.00070994
vn -0.65436503 -0.75617566 -0.00218585
vn -0.62228240 -0.78276278 0.00685946
vn -0.59976279 -0.80017785 -0.00005027
vn -0.56739138 -0.82342798 0.00577866
vn -0.54164584 -0.84060635 0.00086089
vn -0.47458465 -0.88019845 0.00448341
vn -0.19188734 -0.98137525 0.00904849
vn -0.28288326 -0.95892135 0.02114032
vn -0.32701943 -0.94501751 0.00044234
vn -0.05840158 -0.99828428 0.00421424
vn 0.00844859 -0.99993814 0.00723496
vn 0.12968019 -0.99152340 0.00802446
vn 0.23984607 -0.97081088 -0.00031954
vn 0.29567509 -0.95527401 0.00527255
vn 0.36717964 -0.92994740 -0.01941492
vn 0.44431401 -0.89586784 0.00242327
vn 0.59728502 -0.80199736 0.00712987
vn 0.52634822 -0.85026876 0.00076409
vn 0.72980994 -0.68357681 0.01000974
vn 0.66876968 -0.74343542 0.00713332
vn 0.81372062 -0.58117434 0.00975362
vn 0.86470064 -0.50220724 0.00898302
vn 0.90552465 -0.42419819 0.00900048
vn 0.94282065 -0.33329999 -0.00058665
vn 0.96030820 -0.27889878 0.00486194
vn 0.97594883 -0.21792671 -0.00564198
vn 0.99318639 -0.11616476 -0.00930280
vn 0.99936237 -0.02646368 -0.02396940
vn 0.99833892 0.05456369 -0.01849902
vn -0.01966303 0.87035213 0.49203714
vn -0.44500208 0.18598211 0.87600445
vn -0.54815701 0.19677527 0.81289814
vn -0.67851520 0.20643023 0.70498488
vn -0.92195463 0.22286098 0.31675328
vn -0.33953048 0.18066647 0.92308108
vn -0.12149925 0.58997633 0.79822670
vn -0.14998127 0.49031396 0.85854402
vn -0.20148355 0.41858908 0.88554365
vn -0.26125529 0.20263176 0.94376164
vn -0.06810413 0.75757671 0.64918361
vn -0.07911194 0.72721129 0.68183946
vn -0.09680793 0.67598887 0.73052534
vn -0.04698486 0.81315911 0.58014196
vn 0.02546536 0.96424668 0.26377993
vn 0.01482627 0.94797854 0.31798878
vn 0.00211025 0.91859499 0.39519463
vn 0.03206768 0.97936656 0.19953146
vn 0.03886309 0.99005386 0.13521470
vn 0.04302647 0.99673755 0.06828597
vn 0.04469230 0.99900080 0.00000040
vn 0.04293675 0.99674375 -0.06825204
vn 0.03870575 0.99006995 -0.13514197
vn 0.03183917 0.97940630 -0.19937293
vn 0.02333022 0.96522758 -0.26036784
vn 0.01342055 0.94804472 -0.31785388
vn 0.00187619 0.91874182 -0.39485433
vn -0.02042668 0.87186024 -0.48932859
vn -0.04740026 0.81358966 -0.57950416
vn -0.41766315 0.17448124 -0.89169153
vn -0.31536444 0.24274699 -0.91739804
vn -0.24367173 0.33749611 -0.90924170
vn -0.20096774 0.42615328 -0.88204612
vn -0.16439371 0.50816272 -0.84542614
vn -0.12296860 0.59146870 -0.79689617
vn -0.09677959 0.67681281 -0.72976581
vn -0.07934610 0.72721980 -0.68180317
vn -0.06833207 0.75970224 -0.64667088
vn -0.74782640 0.17715687 -0.63982116
vn -0.92196147 0.22291529 -0.31669515
vn -0.98378957 0.16449737 0.07140518
vn -0.50840685 0.15605797 -0.84685795
vn -0.59044931 0.15210500 -0.79261194
vn -0.56800260 0.82302664 -0.00044096
vn -0.61208087 0.79078681 0.00363665
vn -0.60580607 0.79561128 0.00130497
vn -0.71539148 0.69866094 0.00937672
vn -0.65469868 0.75505376 0.03554514
vn -0.70765526 0.70655737 -0.00084370
vn -0.50925320 0.86060521 0.00445491
vn -0.52641510 0.85022742 -0.00068991
vn -0.44245281 0.89678733 0.00282769
vn -0.43739998 0.89924908 0.00568847
vn -0.36425030 0.93116164 0.01611563
vn -0.31730154 0.94827088 0.01010270
vn -0.30942059 0.95092509 0.00061096
vn 0.85384284 0.52050331 0.00535865
vn 0.75548710 0.65516081 0.00188293
vn 0.92264589 0.38563619 -0.00304850
vn -0.99991341 -0.01312833 -0.00090970
vn -0.99995678 0.00776195 0.00511721
vn -0.89382901 0.44838493 0.00454550
vn -0.90013640 0.43560137 0.00243204
vn -0.93853268 0.34517710 0.00302974
vn -0.92002794 0.39152016 0.01614139
vn -0.93596655 0.35206202 0.00435287
vn -0.94174333 0.33632629 0.00203313
vn -0.95758789 0.28814046 -0.00070554
vn -0.95911720 0.28300589 -0.00136091
vn -0.97483911 0.22240420 -0.01500265
vn -0.98673857 0.16229457 -0.00273418
vn -0.99156848 0.12948396 0.00508523
vn -0.99573050 0.09167555 0.01078739
vn -0.99886905 0.04476447 0.01602409
vn -0.74031167 0.67225676 0.00308021
vn -0.78565710 0.61860454 0.00844648
vn -0.79473631 0.60691583 0.00688269
vn -0.82288303 0.56819973 -0.00354757
vn -0.83509230 0.55007918 0.00580867
vn -0.84589799 0.53333291 0.00354856
vn -0.86944699 0.49395539 0.00836671
vn -0.26302691 0.96478462 -0.00273530
vn -0.23340636 0.97235335 -0.00710169
vn -0.14728825 0.98908218 -0.00475589
vn -0.13877765 0.99031705 0.00359095
vn -0.05941669 0.99821690 -0.00571591
vn -0.03743512 0.99929669 0.00217468
vn 0.00838315 0.99995958 -0.00324946
vn 0.01286840 0.99991705 0.00053621
vn 0.05530896 0.99846617 -0.00249486
vn 0.10605077 0.99381388 -0.03297288
vn 0.18179514 0.98333641 -0.00019894
vn 0.24396980 0.96978283 -0.00002720
vn 0.49908151 0.86654136 0.00487051
vn 0.41569459 0.90950385 0.00087241
vn 0.33411432 0.94252844 0.00278630
vn 0.67510627 0.73771079 0.00378251
vn 0.62705731 0.77896514 0.00352679
vn 0.57654948 0.81706120 0.00130249
vn 0.97747814 0.21097637 -0.00504549
vn 0.96160489 0.27423256 -0.01060808
vn 0.98785915 0.15496669 -0.01093743
vn 0.76905514 -0.34888914 -0.53556564
vn 0.74224248 -0.33806752 -0.57860734
vn 0.62993281 -0.42800968 -0.64806818
vn 0.66475689 -0.44148884 -0.60264905
vn 0.51312838 -0.49672294 -0.69997542
vn 0.00178993 0.99850863 -0.05456476
vn 0.00091060 0.99850070 -0.05473130
vn 0.00770640 0.97588203 -0.21816250
vn 0.03109408 0.99951640 -0.00036226
vn 0.03042306 0.99953600 -0.00149097
vn 0.12358785 0.99233145 -0.00208394
vn 0.31085240 0.94991221 -0.03221151
vn 0.40369884 0.91417640 -0.03617680
vn 0.40871809 0.91261762 -0.00886548
vn 0.48164326 0.82702880 -0.28990193
vn 0.52627725 0.82810892 -0.19304887
vn 0.44605927 0.87717206 -0.17776474
vn 0.55635896 0.82404603 -0.10683087
vn 0.57434785 0.81757645 -0.04114969
vn 0.49145292 0.87001718 -0.03929545
vn 0.86382170 0.25740063 -0.43307850
vn 0.82796671 0.25877371 -0.49750106
vn 0.89016112 0.15322132 -0.42911118
vn 0.82140680 0.47564449 -0.31472716
vn 0.86409149 0.46711775 -0.18747510
vn 0.80814003 0.55711370 -0.19113872
vn -0.67439672 0.70657348 -0.21434315
vn -0.63574294 0.75240202 -0.17240103
vn -0.64836616 0.72292594 -0.23874549
vn -0.01836689 0.99949172 -0.02605698
vn -0.02325975 0.99960263 -0.01592407
vn -0.08002041 0.98869608 -0.12679428
vn -0.20476426 0.92260863 -0.32690199
vn -0.24438189 0.87281288 -0.42246322
vn -0.19959869 0.84250296 -0.50034900
vn 0.00567299 0.99762567 -0.06863561
vn 0.00311698 0.99776454 -0.06675478
vn -0.00657686 0.96867688 -0.24823750
vn -0.00080974 0.99817179 -0.06043532
vn -0.02746776 0.94263550 -0.33269181
vn -0.01650758 0.97626282 -0.21595927
vn -0.03436844 0.98184485 -0.18654626
vn -0.06858784 0.75974598 -0.64659241
vn -0.10819270 0.78340872 -0.61201725
vn -0.10290867 0.69096592 -0.71552491
vn -0.16309968 0.72676995 -0.66723604
vn -0.22215515 0.76447876 -0.60516057
vn -0.23035591 0.67796155 -0.69807184
vn -0.16424818 0.63805584 -0.75226809
vn -0.09632882 0.59594186 -0.79722899
vn -0.30650576 0.58046149 -0.75439955
vn -0.29048439 0.52558132 -0.79961434
vn -0.20342268 0.49241855 -0.84625244
vn -0.56846350 0.35530430 -0.74202972
vn -0.49882883 0.28416173 -0.81879296
vn -0.47153751 0.31568812 -0.82340354
vn -0.42949139 0.32265975 -0.84346182
vn -0.37644113 0.24963722 -0.89217338
vn -0.30122434 0.25254316 -0.91950304
vn -0.23490902 0.19525216 -0.95220499
vn -0.13489718 0.17581965 -0.97513599
vn 0.00517767 -0.00618165 -0.99996749
vn -0.00768791 -0.01253604 -0.99989187
vn 0.06004006 -0.01418438 -0.99809518
vn -0.12984839 0.45769732 -0.87957521
vn -0.16649196 0.39872460 -0.90183098
vn -0.04054756 0.28686864 -0.95711142
vn 0.02684792 0.26771008 -0.96312538
vn -0.02076126 0.34252056 -0.93928092
vn 0.15741736 0.01392467 -0.98743399
vn 0.15824670 -0.01750564 -0.98724441
vn 0.30247390 -0.01773075 -0.95299274
vn 0.37955802 0.06983859 -0.92252820
vn 0.41399625 0.03677374 -0.90953549
vn 0.53012425 0.03667200 -0.84712658
vn -0.16746348 -0.05218648 -0.98449609
vn -0.24638385 -0.08515136 -0.96542439
vn -0.12089105 -0.08567880 -0.98896132
vn -0.29903391 -0.11635110 -0.94712256
vn -0.32496617 -0.14758783 -0.93413855
vn -0.28879140 -0.16958768 -0.94225238
vn -0.44388388 -0.30686118 -0.84190458
vn -0.46651421 -0.29052451 -0.83544000
vn -0.53419951 -0.35660958 -0.76645971
vn -0.62717802 -0.37115501 -0.68475666
vn -0.63039848 -0.41458788 -0.65628853
vn -0.58537358 -0.42157700 -0.69253924
vn -0.19948201 -0.27530819 -0.94043199
vn -0.12642717 -0.23434147 -0.96389846
vn -0.23352300 -0.25794858 -0.93751242
vn -0.42803486 -0.84920055 -0.30926459
vn -0.47337931 -0.85780888 -0.20018978
vn -0.40330693 -0.90256708 -0.15071890
vn -0.19591492 -0.96500974 -0.17428006
vn -0.17305286 -0.95756982 -0.23046201
vn -0.22738252 -0.91323437 -0.33808308
vn -0.75107212 0.58437074 -0.30724829
vn 0.00041160 -0.99733729 0.07292577
vn -0.00006155 -0.99747397 0.07103289
vn -0.04020865 -0.99795517 -0.04968643
vn -0.00207953 -0.99757300 0.06959735
vn -0.00276894 -0.99763902 0.06862011
vn -0.02097323 -0.99568549 -0.09039103
vn -0.02192122 -0.99974924 -0.00457335
vn 0.05102343 -0.99859395 -0.01437811
vn -0.02602452 -0.99966129 0.00017624
vn 0.05808854 -0.99830170 -0.00440900
vn 0.05647860 -0.99835576 -0.00979498
vn -0.02660238 -0.99964286 0.00254394
vn 0.05706851 -0.99834155 -0.00757250
vn -0.02663396 -0.99964509 0.00057150
vn 0.04167725 -0.99791531 -0.04927513
vn -0.01456175 -0.99925938 0.03561807
vn 0.04878793 -0.99816820 -0.03577698
vn -0.01427556 -0.99927304 0.03534974
vn 0.05425925 -0.99820092 -0.02551185
vn -0.01580248 -0.99937496 0.03162226
vn 0.01091579 -0.99501593 -0.09911686
vn 0.00480787 -0.99811377 0.06120275
vn 0.01682922 -0.99559432 -0.09224281
vn 0.00107529 -0.99843166 0.05597372
vn 0.02326678 -0.99647861 -0.08055458
vn -0.00488447 -0.99863793 0.05194645
vn 0.02978507 -0.99724163 -0.06798521
vn -0.01208426 -0.99414267 -0.10739792
vn -0.00198361 -0.99786627 0.06526077
vn -0.00189793 -0.99244148 -0.12270411
vn 0.00099147 -0.99835842 0.05726677
vn 0.00145348 -0.99271955 -0.12043992
vn 0.00221850 -0.99840113 0.05648240
vn 0.00375321 -0.99356976 -0.11315934
vn 0.00511733 -0.99829063 0.05822058
vn 0.00654674 -0.99823525 0.05902146
vn 0.00761602 -0.99786730 0.06482935
vn 0.00429886 -0.99756569 0.06960041
vn -0.04940195 -0.99842690 -0.02651741
vn 0.00134951 -0.99746361 0.07116548
vn -0.04938192 -0.99854064 -0.02186344
vn 0.01194531 -0.99839883 0.05529095
vn -0.04836439 -0.99862779 -0.02008557
vn 0.01904287 -0.99897163 0.04114677
vn -0.04912805 -0.99861569 -0.01879191
vn 0.02467795 -0.99937475 0.02531994
vn -0.05110594 -0.99857833 -0.01514936
vn 0.02763271 -0.99952892 0.01335529
vn 0.02830654 -0.99959179 0.00387106
vn -0.05675137 -0.99835946 -0.00759452
vn -0.14946862 -0.98852323 -0.02193071
vn -0.23889782 -0.97000920 -0.04483277
vn -0.33656102 -0.93941945 -0.06494435
vn -0.54714394 -0.82249426 -0.15535990
vn -0.60551465 -0.77613881 -0.17595609
vn -0.65506672 -0.73371849 -0.18040170
vn -0.66128076 -0.74758724 -0.06181476
vn -0.68332448 -0.55968399 -0.46885124
vn -0.72710836 -0.60687279 -0.32096550
vn -0.54803625 -0.19581205 -0.81321210
vn -0.58407886 -0.19695066 -0.78744036
vn -0.61781336 -0.22398078 -0.75375013
vn 0.00670068 -0.00417216 -0.99996885
vn 0.00442943 -0.00065848 -0.99998997
vn 0.00572691 0.00105497 -0.99998304
vn 0.00022651 0.01104106 -0.99993902
vn -0.00732132 0.01353681 -0.99988157
vn -0.08815218 0.02517520 -0.99578883
vn -0.20566119 0.09833023 -0.97367070
vn -0.60126571 0.23251241 -0.76447206
vn -0.52764588 0.18187433 -0.82976596
vn -0.40685319 0.31138112 -0.85878535
vn -0.70670755 0.35666630 -0.61102667
vn -0.66191743 0.30124672 -0.68637871
vn -0.74952528 0.47510509 -0.46096314
vn -0.73426011 0.42385529 -0.53029124
vn -0.74731760 0.54001917 -0.38716367
vn -0.68717614 0.55225839 -0.47201654
vn -0.21581853 0.97567757 -0.03841398
vn -0.30908351 0.94901750 -0.06191261
vn -0.39937816 0.91211148 -0.09246472
vn -0.49803837 0.86210961 -0.09340663
vn -0.02486504 0.99967032 -0.00640104
vn -0.00836315 -0.70118525 -0.71293008
vn -0.01862915 -0.79581052 -0.60525910
vn 0.01272842 -0.79391758 -0.60789215
vn 0.03150489 -0.71268806 -0.70077327
vn -0.00139525 -0.99743337 0.07158725
vn -0.03201756 -0.99714173 -0.06843420
vn -0.03633882 -0.96906326 -0.24412269
vn -0.01943650 -0.95580829 -0.29334746
vn -0.05028658 -0.93385992 -0.35408601
vn -0.06320988 -0.97840063 -0.19681645
vn -0.08337024 -0.95143345 -0.29635080
vn -0.04665799 -0.99832211 -0.03429286
vn -0.08774099 -0.98549447 -0.14526586
vn -0.11643975 -0.96614901 -0.23021268
vn -0.02151269 -0.88470015 -0.46566389
vn -0.06105688 -0.85939700 -0.50765033
vn -0.05606408 -0.90621880 -0.41907553
vn -0.10941577 -0.89100429 -0.44061270
vn -0.09739249 -0.92366087 -0.37062824
vn -0.15571852 -0.91998066 -0.35970449
vn -0.14411569 -0.94140622 -0.30493443
vn -0.11453419 -0.98658570 -0.11632102
vn -0.12213144 -0.98821918 -0.09223210
vn -0.13072582 -0.98904568 -0.06855218
vn -0.14299175 -0.98911383 -0.03474467
vn -0.23095513 -0.97050443 -0.06914385
vn -0.10429494 -0.98522546 -0.13584312
vn -0.26553439 -0.85940114 -0.43694527
vn -0.18801133 -0.85658711 -0.48053123
vn -0.21127926 -0.81965533 -0.53247180
vn -0.12687194 -0.81436401 -0.56631685
vn -0.13208546 -0.77210561 -0.62161593
vn -0.06527091 -0.77112330 -0.63333132
vn -0.06126162 -0.73434520 -0.67600602
vn -0.06222294 -0.82529864 -0.56125792
vn -0.11927835 -0.85430251 -0.50590503
vn -0.18296996 -0.88453417 -0.42909358
vn -0.26330370 -0.92884927 -0.26059584
vn -0.21402734 -0.96976552 -0.11724819
vn -0.13748809 -0.98930087 -0.04879368
vn -0.05280879 -0.99853188 -0.01205457
vn 0.02815469 -0.99958281 0.00644369
vn -0.03437833 -0.54273336 -0.83920119
vn -0.13395238 -0.54846744 -0.82537278
vn -0.13080348 -0.60175421 -0.78789741
vn -0.20865356 -0.60290100 -0.77004810
vn -0.23260882 -0.64578270 -0.72722613
vn -0.06260495 -0.67833372 -0.73208196
vn -0.13483944 -0.72844641 -0.67170243
vn -0.22106997 -0.78016465 -0.58521038
vn -0.29056817 -0.81761555 -0.49706634
vn -0.29509960 -0.93932319 -0.17489477
vn -0.31898070 -0.88019752 -0.35143084
vn -0.32311463 -0.84512938 -0.42585593
vn -0.42261559 -0.90118227 -0.09626308
vn -0.49705603 -0.85788686 -0.13025142
vn -0.32023993 -0.94120582 -0.10760106
vn -0.36952075 -0.89816480 -0.23823185
vn -0.31737565 -0.61026333 -0.72584528
vn -0.40574575 -0.65327378 -0.63922122
vn -0.33760264 -0.65157811 -0.67931615
vn -0.41377946 -0.70082711 -0.58105758
vn -0.05593103 -0.63423958 -0.77111080
vn -0.14372304 -0.63843390 -0.75613877
vn -0.13512943 -0.68391892 -0.71693441
vn -0.23105502 -0.69497869 -0.68089514
vn -0.22768484 -0.73851017 -0.63463560
vn -0.31399294 -0.73938052 -0.59558785
vn -0.30410864 -0.77985068 -0.54712965
vn -0.38861803 -0.78138291 -0.48827941
vn -0.37010309 -0.81679895 -0.44256431
vn -0.46276687 -0.81537355 -0.34786894
vn -0.51513174 -0.82473487 -0.23334885
vn -0.63017439 -0.72583807 -0.27575230
vn 0.40392134 -0.18700071 -0.89547657
vn 0.31104390 -0.27581162 -0.90949417
vn 0.44255942 -0.24324348 -0.86311863
vn 0.39508032 -0.34193953 -0.85263644
vn 0.50376681 -0.28523749 -0.81538860
vn 0.53553570 -0.32711425 -0.77858704
vn 0.13917629 -0.29058055 -0.94667466
vn 0.06369543 -0.30089973 -0.95152627
vn 0.02199335 -0.37620084 -0.92627707
vn -0.15312424 -0.37492314 -0.91432248
vn -0.17575426 -0.42023353 -0.89023268
vn -0.08262499 -0.37765385 -0.92225304
vn 0.19385836 -0.21774940 -0.95655848
vn 0.25258442 -0.15593385 -0.95492709
vn 0.11453365 -0.23389332 -0.96549260
vn 0.17185127 -0.17030683 -0.97029002
vn -0.04304570 -0.34173948 -0.93880839
vn -0.03952122 -0.29784710 -0.95379515
vn -0.12647701 -0.33060384 -0.93525647
vn -0.09615033 -0.28561424 -0.95350911
vn -0.20153165 -0.31794078 -0.92644409
vn -0.23360491 -0.36517586 -0.90115223
vn -0.32148093 -0.35958561 -0.87598413
vn -0.01044044 -0.45661631 -0.88960246
vn -0.11374110 -0.46145789 -0.87984066
vn -0.11299105 -0.51198223 -0.85153228
vn -0.20919683 -0.51217738 -0.83301322
vn -0.22018468 -0.55831281 -0.79987844
vn -0.31165275 -0.55880772 -0.76850927
vn -0.40524439 -0.60707284 -0.68354923
vn -0.47164717 -0.68497528 -0.55529976
vn -0.49812809 -0.74299233 -0.44702439
vn -0.56435000 -0.76358162 -0.31377090
vn -0.60709882 -0.72479537 -0.32573409
vn -0.57486020 -0.72280371 -0.38352385
vn -0.59141668 -0.68292563 -0.42876438
vn -0.53471455 -0.66527592 -0.52104538
vn -0.53893729 -0.62040635 -0.56977414
vn -0.47460916 -0.59345500 -0.65004408
vn -0.46607826 -0.54421481 -0.69756813
vn -0.38549659 -0.50968983 -0.76916101
vn -0.36604740 -0.45877661 -0.80965012
vn -0.28267515 -0.46225398 -0.84048558
vn -0.26071257 -0.41351795 -0.87237140
vn -0.73901296 -0.66752007 -0.09097694
vn -0.69656774 -0.68153317 -0.22428982
vn -0.69221375 -0.68940845 -0.21343877
vn -0.33965699 -0.40708121 -0.84789033
vn -0.44970861 -0.49257348 -0.74507284
vn -0.53572012 -0.57233292 -0.62083732
vn -0.60165255 -0.63968904 -0.47834312
vn -0.62666825 -0.68460335 -0.37229714
vn -0.65984288 -0.67875656 -0.32233042
vn -0.64944559 -0.25412415 -0.71668776
vn -0.67711340 -0.28378729 -0.67895671
vn -0.70099682 -0.31378662 -0.64042284
vn -0.72100790 -0.34380074 -0.60162169
vn -0.73704041 -0.37376087 -0.56309347
vn -0.74294046 -0.39917615 -0.53730613
vn -0.75777593 -0.43232915 -0.48874036
vn -0.76221170 -0.46519886 -0.45013703
vn -0.76589981 -0.51236506 -0.38843213
vn -0.75922914 -0.56075348 -0.33034323
vn -0.74610587 -0.60779040 -0.27187656
vn -0.74749338 -0.62960753 -0.21177350
vn -0.42420916 -0.43695543 -0.79316867
vn -0.50286264 -0.46609465 -0.72793196
vn -0.52381871 -0.52105721 -0.67387932
vn -0.59745046 -0.54205089 -0.59096004
vn -0.60423094 -0.59281645 -0.53242242
vn -0.64423356 -0.59248405 -0.48365874
vn -0.63960510 -0.64065577 -0.42481232
vn -0.67560508 -0.58284876 -0.45149207
vn -0.66823577 -0.63328546 -0.39039786
vn -0.69053477 -0.63650536 -0.34354426
vn -0.71987408 -0.65395410 -0.23264855
vn -0.45454751 -0.40695305 -0.79232302
vn -0.57934255 -0.48742787 -0.65328117
vn -0.63834138 -0.53965154 -0.54890482
vn -0.68178430 -0.53178594 -0.50236828
vn -0.70180586 -0.58427180 -0.40754754
vn -0.28055837 -0.30802037 -0.90907121
vn -0.35711191 -0.29279375 -0.88698529
vn -0.41106031 -0.34984707 -0.84180547
vn -0.50301192 -0.36864833 -0.78171441
vn -0.54818859 -0.42935052 -0.71773769
vn -0.61930603 -0.48211584 -0.61969699
vn -0.66519532 -0.47317838 -0.57759624
vn -0.02183844 -0.20722812 -0.97804887
vn 0.23611324 -0.11644388 -0.96472346
vn 0.31364734 -0.11504230 -0.94254475
vn 0.33149828 -0.15816592 -0.93010345
vn 0.24920816 -0.23917062 -0.93845229
vn 0.29968791 -0.07065642 -0.95141727
vn 0.37864730 -0.07288423 -0.92266685
vn 0.40544261 -0.12205461 -0.90593541
vn -0.58494186 -0.78487928 -0.20446889
vn -0.55215045 -0.78831808 -0.27144885
vn -0.55470582 -0.75913353 -0.34061376
vn -0.52410605 -0.70702959 -0.47478628
vn -0.47613871 -0.64009029 -0.60297292
vn -0.39841373 -0.55923510 -0.72699560
vn -0.29960388 -0.51080602 -0.80580067
vn -0.19441077 -0.46607257 -0.86312271
vn -0.08395620 -0.42517306 -0.90120987
vn 0.00978374 -0.26391598 -0.96449605
vn 0.07610872 -0.18821918 -0.97917363
vn 0.14634508 -0.12731655 -0.98100643
vn 0.05702934 -0.13859178 -0.98870621
vn 0.21354434 -0.07667941 -0.97391944
vn 0.13288670 -0.08583482 -0.98740747
vn 0.03415400 -0.09590751 -0.99480413
vn -0.18142789 -0.21054358 -0.96060154
vn -0.11950687 -0.19113774 -0.97426099
vn -0.12675778 -0.17210528 -0.97688906
vn -0.03929520 -0.15848576 -0.98657901
vn -0.03293531 -0.12101947 -0.99210360
vn -0.06936307 -0.12499012 -0.98973038
vn -0.23130365 -0.18359007 -0.95540217
vn -0.29441576 -0.23757478 -0.92567682
vn -0.39865330 -0.17122749 -0.90097541
vn -0.42203765 -0.20804442 -0.88238412
vn -0.38769481 -0.22413225 -0.89412386
vn -0.37052845 -0.24104460 -0.89699842
vn -0.49111400 -0.23501489 -0.83879380
vn -0.50934488 -0.27524809 -0.81535653
vn -0.56874600 -0.30327569 -0.76455990
vn -0.57805341 -0.34399231 -0.73994834
vn -0.15697058 -0.13349073 -0.97853996
vn -0.20310703 -0.12271782 -0.97143598
vn -0.23145467 -0.10037965 -0.96765317
vn -0.07419884 -0.10107897 -0.99210764
vn -0.09413232 -0.02928658 -0.99512884
vn -0.00298817 -0.02783832 -0.99960797
vn -0.05136287 -0.02041767 -0.99847132
vn -0.02550303 -0.01546337 -0.99955514
vn 0.03338313 -0.04000618 -0.99864161
vn 0.11128110 -0.04318336 -0.99285030
vn 0.19360074 -0.04215078 -0.98017451
vn 0.28710701 -0.04303004 -0.95693155
vn 0.41498727 -0.04216533 -0.90884963
vn 0.39500363 0.13715401 -0.90838368
vn 0.46791978 0.15519391 -0.87003789
vn 0.38022710 0.20687256 -0.90146054
vn 0.43856499 0.25131343 -0.86284547
vn 0.37653635 0.33350987 -0.86428672
vn 0.31183206 0.12078167 -0.94242907
vn 0.31842260 0.18108789 -0.93049139
vn 0.24259808 0.16812667 -0.95544733
vn 0.30109782 0.24907506 -0.92048993
vn 0.06647768 0.69982082 -0.71121834
vn 0.05544636 0.64941388 -0.75841104
vn 0.10042337 0.62833123 -0.77143698
vn 0.08112244 0.56518933 -0.82096295
vn 0.14556164 0.56005095 -0.81557019
vn 0.11790827 0.48659119 -0.86563656
vn 0.20446116 0.49361240 -0.84530612
vn 0.16540571 0.41200747 -0.89604174
vn 0.27984387 0.42765255 -0.85953517
vn 0.22549107 0.34076567 -0.91270616
vn 0.00368075 0.97141574 -0.23735610
vn 0.00612068 0.96718211 -0.25401044
vn 0.01157292 0.91697034 -0.39878749
vn 0.01128028 0.90371365 -0.42798878
vn 0.02357163 0.84794866 -0.52955400
vn 0.02100756 0.82231653 -0.56864242
vn 0.04143645 0.77389409 -0.63195804
vn 0.03814125 0.73319740 -0.67894537
vn 0.00062141 0.99846705 -0.05534583
vn 0.00137541 0.99829056 -0.05842995
vn 0.00490128 0.99788044 -0.06488912
vn 0.00572196 0.96536768 -0.26083042
vn 0.00902485 0.89835289 -0.43918178
vn 0.01585944 0.81224109 -0.58310624
vn 0.02889921 0.71560159 -0.69791059
vn 0.01474477 0.62818227 -0.77792650
vn 0.04103569 0.52890298 -0.84768963
vn 0.06855273 0.44382025 -0.89348985
vn 0.10673605 0.35976454 -0.92691795
vn 0.15415603 0.28726603 -0.94536456
vn 0.20342541 0.21506508 -0.95517805
vn 0.06207264 0.31421458 -0.94732053
vn 0.11001703 0.24292549 -0.96378600
vn 0.16722782 0.17801047 -0.96971497
vn 0.23026830 0.12136116 -0.96552990
vn 0.29391786 0.07642168 -0.95277071
vn 0.07266436 0.20058652 -0.97697745
vn -0.02966796 0.22039867 -0.97495858
vn 0.14183387 0.13042794 -0.98126026
vn -0.10669115 0.14555090 -0.98358118
vn -0.16326404 0.14614475 -0.97569799
vn -0.02308408 0.09232412 -0.99546139
vn -0.09548546 0.09776203 -0.99061855
vn 0.03097477 0.04376371 -0.99856162
vn 0.00530371 0.00769357 -0.99995634
vn 0.00703295 0.00415985 -0.99996662
vn 0.05583443 0.01171820 -0.99837127
vn -0.01558927 0.01465814 -0.99977103
vn -0.28296195 0.32415501 -0.90269378
vn -0.12850055 0.23734668 -0.96288845
vn -0.17749630 0.29233337 -0.93970009
vn -0.11333036 0.30761059 -0.94473909
vn -0.09272080 0.36986958 -0.92444543
vn -0.05562428 0.41922560 -0.90617649
vn -0.44439761 0.42093043 -0.79077705
vn -0.31948221 0.37850315 -0.86871542
vn -0.20157011 0.32960064 -0.92235183
vn 0.10616771 0.04815079 -0.99318172
vn 0.04143120 0.09395161 -0.99471431
vn -0.04249268 0.15074634 -0.98765880
vn -0.18761886 0.22317900 -0.95655125
vn -0.34788923 0.30590508 -0.88622523
vn -0.28890890 0.18051091 -0.94018480
vn -0.20330643 0.12842194 -0.97065663
vn -0.12433839 0.08289247 -0.98877136
vn -0.00624378 0.02925858 -0.99955238
vn -0.04067919 0.02003725 -0.99897133
vn -0.57165367 0.60080985 -0.55878404
vn -0.57849372 0.56189511 -0.59128580
vn -0.51205964 0.54116383 -0.66703571
vn -0.49243791 0.48683157 -0.72145681
vn -0.44158731 0.51214283 -0.73668879
vn -0.41820280 0.45920051 -0.78373548
vn -0.35773438 0.47352519 -0.80486024
vn -0.33395834 0.42350941 -0.84208765
vn -0.24040523 0.38761294 -0.88992221
vn -0.25598140 0.42746462 -0.86703375
vn -0.37527516 0.52453818 -0.76421741
vn -0.45568925 0.56351463 -0.68905629
vn -0.52204677 0.59209528 -0.61391397
vn -0.57923345 0.66015797 -0.47820504
vn -0.62472759 0.57062569 -0.53301197
vn -0.61106284 0.50733855 -0.60762637
vn -0.56396920 0.50519001 -0.65323946
vn -0.55857482 0.68855664 -0.46247586
vn -0.52345046 0.63982993 -0.56268755
vn -0.46204997 0.61253482 -0.64133527
vn -0.38631834 0.57433460 -0.72173257
vn -0.28327883 0.48434590 -0.82774522
vn -0.41317144 0.21503221 -0.88490141
vn -0.31821743 0.15265818 -0.93564584
vn -0.22317108 0.10125649 -0.96950595
vn 0.18968819 0.04591513 -0.98077020
vn 0.12536142 0.08779808 -0.98821861
vn 0.04850142 0.13739203 -0.98932858
vn -0.09769454 0.20502961 -0.97386787
vn -0.23801707 0.27252891 -0.93224239
vn -0.39895715 0.35921365 -0.84368166
vn -0.48991825 0.38381810 -0.78272842
vn -0.53561287 0.38318700 -0.75252015
vn -0.61897596 0.42477442 -0.66063262
vn -0.53585805 0.43900122 -0.72120321
vn -0.58249386 0.44322196 -0.68136275
vn -0.64783836 0.49211540 -0.58148765
vn -0.72003952 0.65212051 -0.23723812
vn -0.70320766 0.66315117 -0.25637767
vn -0.68818691 0.62143274 -0.37445979
vn -0.65947515 0.70569288 -0.25901753
vn -0.70155010 0.67398196 -0.23146441
vn -0.67389283 0.65537741 -0.34109954
vn -0.68864052 0.60324578 -0.40232918
vn -0.72974708 0.62733578 -0.27188052
vn -0.73247176 0.63885853 -0.23525498
vn -0.65186272 0.54314790 -0.52921202
vn -0.66151214 0.60595920 -0.44183156
vn -0.62323151 0.66301715 -0.41471767
vn -0.65398841 0.64547095 -0.39454583
vn -0.03637226 0.64987993 -0.75916608
vn -0.02453157 0.55860073 -0.82907384
vn -0.00424898 0.47199700 -0.88158991
vn 0.02496649 0.38434193 -0.92285316
vn -0.08040843 0.50656728 -0.85844282
vn -0.15335307 0.54770178 -0.82249960
vn -0.22437357 0.58648921 -0.77825889
vn -0.06316652 0.84537899 -0.53041904
vn -0.05625298 0.90921111 -0.41251760
vn -0.09392555 0.86400351 -0.49464727
vn -0.07273480 0.92092630 -0.38288954
vn -0.12802132 0.88412820 -0.44936385
vn -0.09449038 0.93868221 -0.33158300
vn -0.16596732 0.90576767 -0.38992278
vn -0.12292772 0.95577733 -0.26716749
vn -0.14885844 0.96524547 -0.21480768
vn -0.01619112 0.99934241 -0.03244361
vn -0.07046171 0.98656094 -0.14741998
vn -0.01054188 0.99893769 -0.04485940
vn -0.05653599 0.98280229 -0.17579344
vn -0.04649144 0.95436362 -0.29500615
vn -0.15074374 0.81029030 -0.56630906
vn -0.03371214 0.73819916 -0.67373993
vn 0.00278669 0.71737181 -0.69668495
vn -0.03284297 0.82654993 -0.56190440
vn -0.00318208 0.81260878 -0.58280087
vn -0.02835159 0.89888976 -0.43725666
vn -0.00613361 0.89965610 -0.43655617
vn -0.00422102 0.99841721 -0.05608259
vn -0.31125820 0.67217618 -0.67178681
vn -0.30556338 0.62166801 -0.72122112
vn -0.39748225 0.71723245 -0.57235084
vn -0.47033601 0.75219881 -0.46149863
vn -0.50449367 0.72317825 -0.47169837
vn -0.39124542 0.62251721 -0.67779004
vn -0.39063208 0.66843919 -0.63292625
vn -0.46143384 0.65898996 -0.59397900
vn -0.45742390 0.70088316 -0.54728984
vn -0.51741143 0.68438291 -0.51371729
vn -0.54553132 0.74708477 -0.37981564
vn -0.50159736 0.80822759 -0.30849351
vn -0.45624156 0.79444749 -0.40087008
vn -0.42620019 0.82274896 -0.37608185
vn -0.38511583 0.75978761 -0.52384023
vn -0.36907856 0.79710156 -0.47792271
vn -0.30307005 0.71175636 -0.63368086
vn -0.29934862 0.75723108 -0.58050968
vn -0.64357680 0.69958553 -0.31046576
vn -0.58349609 0.74878284 -0.31441466
vn -0.60885383 0.74532404 -0.27164148
vn -0.55367398 0.80731898 -0.20415971
vn -0.53169610 0.81344893 -0.23579674
vn -0.43986094 0.86703502 -0.23403552
vn -0.39624974 0.86070034 -0.31965775
vn -0.34839939 0.83172425 -0.43226454
vn -0.28418314 0.79391612 -0.53752873
vn -0.31945475 0.85942322 -0.39917464
vn -0.34218302 0.91021908 -0.23326381
vn -0.46388591 0.86742483 -0.17995563
vn -0.47948419 0.86510376 -0.14727656
vn -0.57831282 0.80168475 -0.15118147
vn -0.27220275 0.83296837 -0.48173577
vn -0.29043192 0.89864827 -0.32875613
vn -0.23885497 0.93842150 -0.24962648
vn -0.17051509 0.97161711 -0.16396581
vn -0.08895236 0.99045113 -0.10532820
vn -0.09643573 0.99186606 -0.08307744
vn -0.02384502 0.99964058 -0.01225243
vn -0.02248268 0.99968477 -0.01117517
vn -0.26934116 0.94852191 -0.16661793
vn -0.18760060 0.97610437 -0.10966441
vn -0.10385821 0.99267362 -0.06174589
vn -0.02214214 0.99966726 -0.01323203
vn -0.20395548 0.97686325 -0.06434558
vn -0.29390723 0.95031654 -0.10255253
vn -0.37949255 0.91377905 -0.14489051
vn -0.02446003 0.99964419 -0.01063960
vn -0.02562369 0.99964097 -0.00783299
vn -0.11541064 0.99285156 -0.03043290
vn -0.11987401 0.99258985 -0.01989017
vn -0.02344865 0.99964321 -0.01279145
vn -0.10979073 0.99298690 -0.04385223
vn 0.98165612 -0.04606127 -0.18501247
vn 0.99570571 -0.03935937 -0.08379131
vn 0.99355494 0.06482882 -0.09298279
vn 0.95981597 0.26861512 -0.08123559
vn 0.98172613 0.16727954 -0.09072687
vn 0.95963757 -0.04951737 -0.27684612
vn 0.97932862 0.06306638 -0.19219285
vn 0.94273518 0.27717041 -0.18554501
vn 0.90817901 0.37486960 -0.18623553
vn 0.92083730 0.27582559 -0.27564273
vn 0.87462474 0.38169497 -0.29889884
vn 0.96496077 0.17310672 -0.19719223
vn 0.93840763 0.17437045 -0.29830533
vn 0.95719669 0.06113085 -0.28290902
vn 0.78786380 0.61442191 -0.04190884
vn 0.84028399 0.53794074 -0.06739866
vn 0.92972441 0.36051245 -0.07512182
vn 0.87993223 0.46562897 -0.09438713
vn 0.77652715 0.47643319 -0.41233117
vn 0.78979115 0.43613569 -0.43129525
vn 0.74281493 0.63526812 -0.21133006
vn 0.69404274 0.64352159 -0.32277644
vn 0.76069541 0.56183998 -0.32508204
vn 0.62838313 0.71004061 -0.31776874
vn 0.67543953 0.70710916 -0.20923211
vn 0.70546193 0.69948990 -0.11418123
vn 0.83396908 0.38098357 -0.39918304
vn 0.85359789 0.33430924 -0.39950966
vn 0.89724996 0.26250381 -0.35501305
vn 0.91481988 0.16847614 -0.36704274
vn 0.92790973 0.05634160 -0.36852294
vn 0.92987113 -0.04892850 -0.36461717
vn 0.89301109 -0.04056439 -0.44820277
vn 0.89865933 -0.13960720 -0.41583800
vn 0.80192220 -0.02498979 -0.59690560
vn 0.85236720 -0.03059978 -0.52204770
vn 0.85007756 0.03886463 -0.52522155
vn 0.89210649 0.04813016 -0.44925437
vn 0.85728158 0.13266197 -0.49746266
vn 0.80370412 0.24642151 -0.54160515
vn 0.73852754 0.34854767 -0.57714088
vn 0.83635693 0.31762020 -0.44679358
vn 0.77777129 0.37474879 -0.50461388
vn 0.68518982 0.40040032 -0.60843610
vn 0.72807278 0.42697192 -0.53628818
vn 0.72059421 0.69219889 -0.04005844
vn 0.76999074 0.62743617 -0.11592288
vn 0.73349356 0.52164437 -0.43574573
vn 0.72344631 0.47688304 -0.49920738
vn 0.66413393 -0.01874621 -0.74737856
vn 0.73995320 -0.02005656 -0.67235928
vn 0.73766249 0.02233495 -0.67480012
vn 0.79944145 0.03004419 -0.59999226
vn 0.76156251 0.08813089 -0.64207125
vn 0.81267755 0.11108977 -0.57202646
vn 0.73909650 0.18710490 -0.64709205
vn 0.77930564 0.22082520 -0.58644604
vn 0.67297051 0.30899405 -0.67203673
vn 0.70196931 0.33011149 -0.63108279
vn 0.58247396 0.42364047 -0.69372390
vn 0.66224286 0.60219625 -0.44586330
vn 0.59818145 0.59554325 -0.53619697
vn 0.63946248 0.55775877 -0.52914354
vn 0.56878000 0.54898328 -0.61245952
vn 0.61660966 0.50757515 -0.60179730
vn 0.50052274 0.53522124 -0.68045221
vn 0.56767336 0.48281917 -0.66680777
vn 0.40305538 0.67552468 -0.61742431
vn 0.47420444 0.62654576 -0.61852289
vn 0.48257322 0.69487844 -0.53316698
vn 0.55283145 0.63951849 -0.53422231
vn 0.55916079 0.70594747 -0.43471529
vn 0.62554315 0.64732374 -0.43550860
vn 0.53226863 0.57919105 -0.61743650
vn 0.39290242 0.58250755 -0.71155649
vn 0.45469369 0.49469143 -0.74063084
vn 0.30276811 0.63595673 -0.70985246
vn 0.47147453 0.07412931 -0.87875856
vn 0.61881289 0.05069452 -0.78390094
vn 0.55013703 0.09552510 -0.82959279
vn 0.63057596 0.11996676 -0.76679980
vn 0.53761473 0.17948782 -0.82386560
vn 0.58978547 0.21975129 -0.77708589
vn 0.47488071 0.29096873 -0.83055735
vn 0.51715372 0.35164661 -0.78031833
vn 0.41967297 0.43865221 -0.79464384
vn 0.56338873 0.00682317 -0.82616378
vn 0.65857670 0.01361235 -0.75239048
vn 0.70016258 0.06802539 -0.71073547
vn 0.68932897 0.15133135 -0.70846623
vn 0.63444478 0.26541921 -0.72597002
vn 0.54901038 0.39015779 -0.73916473
vn 0.61620750 0.44926495 -0.64687659
vn 0.66659484 0.46686768 -0.58110746
vn 0.68155145 0.51751543 -0.51736389
vn 0.70708610 0.56005337 -0.43170530
vn 0.66031987 0.75094978 -0.00721730
vn 0.57876966 0.81546537 -0.00647343
vn 0.49645857 0.86801660 -0.00872201
vn 0.41823110 0.81768338 -0.39557128
vn 0.40572604 0.87469335 -0.26513755
vn 0.22449286 0.97446353 -0.00487790
vn 0.31288961 0.94971634 -0.01178846
vn 0.22007390 0.97541360 -0.01165282
vn 0.12348668 0.99231565 -0.00779013
vn 0.02951183 0.99955864 -0.00340370
vn 0.47395360 0.87488515 -0.09971938
vn 0.38760206 0.91748003 -0.08941495
vn 0.29823708 0.95150010 -0.07551293
vn 0.21671507 0.97585551 -0.02721410
vn 0.20665625 0.97671800 -0.05757726
vn 0.12017819 0.99259879 -0.01745971
vn 0.11344489 0.99291881 -0.03524895
vn 0.02839948 0.99957989 -0.00578870
vn 0.02734789 0.99959333 -0.00807900
vn 0.36321376 0.91836687 -0.15709252
vn 0.32869997 0.91525289 -0.23295595
vn 0.27846948 0.95150845 -0.13071505
vn 0.25089124 0.94856009 -0.19309931
vn 0.19233250 0.97641112 -0.09813020
vn 0.17238447 0.97432218 -0.14484434
vn 0.10509128 0.99272941 -0.05868674
vn 0.09304930 0.99186563 -0.08685856
vn 0.02622154 0.99959701 -0.01087463
vn 0.02501740 0.99960193 -0.01304267
vn 0.23701114 0.68981788 -0.68408845
vn 0.33455043 0.73072104 -0.59508216
vn 0.41290136 0.75223778 -0.51346937
vn 0.48793076 0.76570852 -0.41906329
vn 0.55597013 0.77230932 -0.30730362
vn 0.60295304 0.77144434 -0.20327631
vn 0.63376011 0.76547834 -0.11131500
vn 0.65140029 0.75755233 -0.04233344
vn 0.69804840 0.71572852 -0.02147364
vn 0.22239758 0.83199870 -0.50824942
vn 0.27634406 0.78145971 -0.55942353
vn 0.34962233 0.80214463 -0.48407460
vn 0.28621808 0.85267671 -0.43706023
vn 0.14475747 0.79841100 -0.58445286
vn 0.17444300 0.87706857 -0.44757162
vn 0.31421497 0.52061413 -0.79387020
vn 0.23554057 0.58409321 -0.77675978
vn 0.17231776 0.64096792 -0.74797508
vn 0.12405446 0.69793652 -0.70533333
vn 0.01250065 0.99924325 -0.03683296
vn 0.06166192 0.98758134 -0.14450225
vn 0.07686432 0.98993708 -0.11881268
vn 0.11700529 0.96409335 -0.23839836
vn 0.14536277 0.96986334 -0.19553712
vn 0.17275494 0.93222817 -0.31797227
vn 0.21321346 0.94165503 -0.26043393
vn 0.22924652 0.89428949 -0.38430762
vn 0.28099332 0.90670453 -0.31453085
vn 0.34800563 0.86609502 -0.35884745
vn 0.12989800 0.91963963 -0.37066085
vn 0.08729334 0.95679416 -0.27735323
vn 0.04582127 0.98505968 -0.16600553
vn 0.11557157 0.85229145 -0.51013968
vn 0.07706910 0.83295444 -0.54794822
vn 0.08448383 0.90136404 -0.42474151
vn 0.05187391 0.88535132 -0.46201963
vn 0.05555807 0.94625163 -0.31862383
vn 0.03218783 0.93696778 -0.34793006
vn 0.02885479 0.98135340 -0.19003394
vn 0.01622697 0.97796115 -0.20815539
vn 0.00422471 0.99875562 -0.04969262
vn 0.00263361 0.99865593 -0.05176286
vn 0.00980147 0.99916366 -0.03969787
vn 0.00816676 0.99900701 -0.04379837
vn 0.00642280 0.99891976 -0.04602231
vn 0.00505725 0.99886587 -0.04734330
vn 0.18435049 0.74245644 -0.64402899
vn 0.08419325 0.75799033 -0.64680921
vn 0.04785705 0.81185245 -0.58189802
vn 0.02934085 0.87308686 -0.48668105
vn 0.01621606 0.93021411 -0.36665891
vn 0.02440753 0.99957192 -0.01613195
vn 0.02271276 0.99955997 -0.01907879
vn 0.02014948 0.99948304 -0.02505287
vn 0.01617026 0.99940263 -0.03054345
vn 0.14925933 -0.98862508 -0.01849613
vn 0.15188992 -0.98835885 -0.00873127
vn 0.15395172 -0.98807249 -0.00340822
vn 0.43418795 -0.90081076 -0.00455951
vn 0.14394831 -0.98896331 -0.03507794
vn 0.13858044 -0.98876857 -0.05596593
vn 0.05604825 -0.99833619 -0.01354386
vn 0.05587719 -0.99836247 -0.01225195
vn 0.12763830 -0.98814413 -0.08532080
vn 0.05651150 -0.99824981 -0.01742908
vn 0.05668476 -0.99827597 -0.01522936
vn -0.01223606 -0.99910755 0.04042753
vn 0.03546097 -0.99765069 -0.05861410
vn 0.10772061 -0.98614233 -0.12617282
vn -0.01890832 -0.99951234 0.02485060
vn -0.02291460 -0.99957517 0.01801132
vn -0.02469043 -0.99963583 0.01089031
vn -0.02637045 -0.99963225 0.00632226
vn 0.85653260 -0.51464452 -0.03863834
vn 0.93955253 -0.33872536 -0.05006180
vn 0.96841650 -0.24256857 -0.05770594
vn 0.67343380 -0.73922834 0.00532648
vn 0.74516388 -0.66629188 -0.02803429
vn 0.67536046 -0.73682777 -0.03119450
vn 0.73037891 -0.67629955 -0.09573696
vn 0.66079503 -0.74436374 -0.09629411
vn 0.70452835 -0.68450803 -0.18731943
vn 0.63413284 -0.75087196 -0.18457205
vn 0.66900453 -0.68907038 -0.27859459
vn 0.59114564 -0.75299378 -0.28904534
vn 0.52034035 -0.74896306 -0.41024414
vn 0.62999035 -0.68945772 -0.35743560
vn 0.73617644 -0.61628214 -0.27971517
vn 0.76934640 -0.61102749 -0.18641762
vn 0.79244092 -0.60264398 -0.09411494
vn 0.80299579 -0.59546633 -0.02485184
vn 0.97186170 -0.15448376 -0.17781903
vn 0.98639377 -0.14664423 -0.07431557
vn 0.08870820 -0.98343846 -0.15804951
vn 0.17698228 -0.96367381 -0.20002516
vn 0.20760979 -0.96806799 -0.14050820
vn 0.22619087 -0.96966329 -0.09268652
vn 0.23743482 -0.96982224 -0.05540341
vn 0.24576740 -0.96895119 -0.02705498
vn 0.24911672 -0.96840115 -0.01183563
vn 0.24911114 -0.96846350 -0.00470043
vn 0.83095230 -0.53160405 -0.16405917
vn 0.79806824 -0.53704654 -0.27325463
vn 0.69979991 -0.61839418 -0.35758736
vn 0.58061809 -0.68688110 -0.43712353
vn 0.44356930 -0.73741149 -0.50938254
vn 0.37857014 -0.79083312 -0.48090292
vn 0.30345877 -0.77033373 -0.56080186
vn 0.24972088 -0.82025388 -0.51460962
vn 0.21382119 -0.73148134 -0.64746857
vn 0.34461802 -0.93873782 -0.00311916
vn 0.34320795 -0.93916701 -0.01317654
vn 0.43093841 -0.90175754 -0.03354733
vn 0.34009100 -0.93982053 -0.03279468
vn 0.41819190 -0.90456232 -0.08296114
vn 0.32911553 -0.94159145 -0.07133373
vn 0.39739015 -0.90583375 -0.14678653
vn 0.31267209 -0.94187936 -0.12287974
vn 0.36477115 -0.90391817 -0.22332478
vn 0.28666324 -0.93978708 -0.18607639
vn 0.31349088 -0.89622991 -0.31383979
vn 0.24529246 -0.93329776 -0.26227256
vn 0.20128487 -0.92396509 -0.32522747
vn 0.14487991 -0.95769615 -0.24865214
vn 0.11201895 -0.94985579 -0.29193446
vn 0.06963739 -0.98023651 -0.18516757
vn 0.07528663 -0.93705751 -0.34096209
vn 0.04798315 -0.97485636 -0.21760673
vn 0.04772385 -0.92568386 -0.37527566
vn 0.03075153 -0.96988185 -0.24162686
vn 0.02920345 -0.91710042 -0.39758518
vn 0.01795306 -0.96605476 -0.25771282
vn 0.01573910 -0.89875707 -0.43816436
vn 0.00781395 -0.95848738 -0.28502787
vn 0.00979419 -0.88334254 -0.46862569
vn 0.00385415 -0.95278767 -0.30361293
vn 0.00255913 -0.87897262 -0.47686537
vn -0.00131511 -0.95172414 -0.30695184
vn 0.01748138 -0.80130888 -0.59799538
vn 0.02853602 -0.82729881 -0.56103687
vn 0.04726155 -0.75236732 -0.65704624
vn 0.04505361 -0.85880879 -0.51031131
vn 0.06682222 -0.79762042 -0.59944679
vn 0.06827215 -0.87252034 -0.48378422
vn 0.09377814 -0.81611638 -0.57022778
vn 0.10489724 -0.89061057 -0.44250354
vn 0.13810448 -0.84009050 -0.52457136
vn 0.15546737 -0.91123140 -0.38142789
vn 0.20095520 -0.86743651 -0.45516032
vn 0.25847894 -0.88427988 -0.38889296
vn 0.31720391 -0.83980498 -0.44057833
vn 0.38177956 -0.85318200 -0.35542207
vn 0.45066361 -0.80419346 -0.38752444
vn 0.44157613 -0.86090059 -0.25270673
vn 0.51700622 -0.81071892 -0.27466234
vn 0.47960337 -0.86187733 -0.16476672
vn 0.55886733 -0.81008404 -0.17728831
vn 0.50368159 -0.85911947 -0.09065652
vn 0.58494132 -0.80550012 -0.09493796
vn 0.51842598 -0.85444999 -0.03390745
vn 0.59998066 -0.79932826 -0.03312910
vn 0.52312732 -0.85225215 -0.00201768
vn 0.60448368 -0.79661640 -0.00134278
vn 0.00923332 -0.60591384 -0.79547669
vn 0.02849010 -0.51734796 -0.85530076
vn 0.05294594 -0.62685071 -0.77733835
vn 0.08144414 -0.54496767 -0.83449212
vn 0.07323580 -0.67857446 -0.73087155
vn 0.10826529 -0.60762247 -0.78681228
vn 0.09614567 -0.73703703 -0.66897865
vn 0.14366367 -0.68193168 -0.71716799
vn 0.12710245 -0.76391442 -0.63267663
vn 0.17461753 -0.78894994 -0.58912368
vn 0.34034231 -0.63036307 -0.69771736
vn 0.42979161 -0.66408198 -0.61177962
vn 0.51969209 -0.59718245 -0.61097730
vn 0.58801812 -0.61317343 -0.52749695
vn 0.66759772 -0.53920821 -0.51338854
vn 0.72382446 -0.54062989 -0.42871608
vn 0.79948431 -0.45680114 -0.39007378
vn 0.95388164 -0.25496699 -0.15843500
vn 0.92308987 -0.35117371 -0.15678687
vn 0.93402886 -0.26106313 -0.24379526
vn 0.89618592 -0.35915330 -0.26049896
vn 0.91020191 -0.26221603 -0.32058578
vn 0.86049136 -0.36273126 -0.35774383
vn 0.82452528 -0.36219720 -0.43470823
vn 0.74833641 -0.45570260 -0.48200389
vn 0.70232283 -0.45041701 -0.55124147
vn 0.60880434 -0.53102441 -0.58938133
vn 0.56050603 -0.51920991 -0.64517754
vn 0.47031635 -0.58143732 -0.66387737
vn 0.40678156 -0.57146754 -0.71270864
vn 0.94606900 -0.15891742 -0.28230957
vn 0.88874715 -0.25930463 -0.37800743
vn 0.79305490 -0.35837342 -0.49257732
vn 0.83942358 -0.24707982 -0.48406572
vn 0.86519710 -0.25718182 -0.43045498
vn 0.92131767 -0.15222804 -0.35777140
vn 0.35049416 -0.52095144 -0.77830806
vn 0.48964083 -0.46715058 -0.73622156
vn 0.44937338 -0.45687106 -0.76767988
vn 0.60029284 -0.40550362 -0.68935862
vn 0.84794030 -0.45210485 -0.27676425
vn 0.76679459 -0.53897850 -0.34860901
vn 0.65205149 -0.61838202 -0.43867131
vn 0.51317102 -0.67872323 -0.52534778
vn 0.36399755 -0.71783360 -0.59348185
vn 0.27014880 -0.68023443 -0.68139617
vn 0.26301415 -0.56913037 -0.77904697
vn 0.19579661 -0.62500057 -0.75567055
vn 0.21493219 -0.47534279 -0.85314324
vn 0.15462385 -0.54016318 -0.82723346
vn 0.16722436 -0.39629004 -0.90276809
vn 0.11892459 -0.46821552 -0.87557477
vn 0.09162357 -0.35970297 -0.92855743
vn 0.05577308 -0.43535720 -0.89852850
vn -0.31995097 -0.69655997 -0.64221149
vn -0.40323105 -0.74306666 -0.53409423
vn -0.48925647 -0.77963481 -0.39089344
vn 0.29666404 -0.41743686 -0.85891613
vn 0.40876560 -0.40507641 -0.81781647
vn 0.56509409 -0.37578593 -0.73447505
vn 0.71963419 -0.32064822 -0.61588258
vn 0.22719832 -0.32648646 -0.91748979
vn 0.47815775 -0.07908532 -0.87470605
vn 0.49758264 -0.13659383 -0.85659421
vn 0.55323824 -0.16971414 -0.81555169
vn 0.60804234 -0.20800946 -0.76617007
vn 0.65320200 -0.25150468 -0.71419363
vn 0.68710584 -0.29470935 -0.66410237
vn 0.28644715 0.04384872 -0.95709212
vn 0.30276696 0.00984925 -0.95301372
vn 0.44237612 0.00629816 -0.89680750
vn 0.44353655 -0.01751737 -0.89608508
vn 0.56485458 -0.01898711 -0.82497199
vn 0.53457321 -0.04577537 -0.84388157
vn 0.63561993 -0.05112092 -0.77030770
vn 0.57721916 -0.08926912 -0.81169518
vn 0.70744615 -0.06335729 -0.70392173
vn 0.64273371 -0.11251592 -0.75778200
vn 0.76959786 -0.08064480 -0.63341578
vn 0.70316126 -0.14129258 -0.69685052
vn 0.82032918 -0.10041425 -0.56300712
vn 0.75280659 -0.17420370 -0.63477186
vn 0.86026643 -0.12377804 -0.49459142
vn 0.78832701 -0.20405602 -0.58043231
vn 0.82078249 -0.22361481 -0.52565438
vn 0.21206127 0.08051901 -0.97393362
vn 0.88256704 -0.44258428 -0.15872797
vn 0.90286871 -0.42762797 -0.04429921
vn -0.09556975 0.82606888 0.55540672
vn -0.13230275 0.84589542 0.51667874
vn -0.15079829 0.75705783 0.63570694
vn -0.99949681 0.02528743 0.01914894
vn -0.86313294 0.50455771 0.02056793
vn -0.74922141 0.66211929 0.01628861
vn -0.67780297 0.73504436 0.01711521
vn -0.56924932 0.80092856 0.18565736
vn -0.58749237 0.80086070 0.11608124
vn -0.65975958 0.73894569 0.13666224
vn -0.49494182 0.85535761 0.15295735
vn -0.50962497 0.85510751 0.09525511
vn -0.41518943 0.90171217 0.12055249
vn -0.42658826 0.90135803 0.07467366
vn -0.30733005 0.01078871 0.95154182
vn -0.39715195 0.01244832 0.91766844
vn -0.39805247 -0.06042607 0.91537037
vn -0.98609738 0.02327647 0.16453014
vn -0.99640058 0.02370316 0.08138820
vn -0.99343824 -0.07997632 0.08175731
vn -0.99676837 -0.07750584 0.02111073
vn 0.83636854 -0.54641074 0.04385177
vn 0.75297497 -0.47339728 0.45708173
vn 0.82147034 -0.47669131 0.31297265
vn 0.86565564 -0.38872383 0.31549023
vn 0.67698138 0.73478950 0.04219724
vn 0.76795006 0.07526254 0.63607253
vn 0.76780059 0.12867458 0.62763453
vn 0.66904446 0.12150435 0.73322316
vn 0.73269485 0.28168982 0.61952329
vn 0.72300926 0.32867879 0.60764122
vn 0.63263286 0.31304793 0.70836195
vn 0.75527630 0.18145140 0.62978814
vn 0.74992699 0.23191479 0.61953615
vn 0.65460705 0.22009942 0.72321910
vn 0.70157917 0.37558471 0.60557641
vn 0.68423710 0.42818939 0.59031639
vn 0.60410233 0.40664555 0.68534646
vn 0.24949796 0.96802001 0.02623036
vn 0.60215613 0.79725374 0.04236110
vn 0.58978813 0.80237906 0.09131161
vn 0.66508674 0.74045431 0.09688677
vn 0.34300268 0.93873273 0.03361565
vn 0.08525199 -0.99028015 0.10989689
vn 0.02247004 0.99437776 0.10347929
vn -0.05436765 0.99797026 0.03315891
vn -0.05920561 0.99810033 0.01704213
vn -0.06035152 0.99814944 0.00744254
vn -0.06124817 0.99812119 -0.00165646
vn -0.05194028 0.99760480 0.04568229
vn -0.04865230 0.99724494 0.05599538
vn -0.04066007 0.99679182 0.06894070
vn -0.02929056 0.99569998 0.08788405
vn -0.01464316 0.99405343 0.10790442
vn -0.00325541 0.99283077 0.11948414
vn 0.00421920 0.99194360 0.12660998
vn 0.00002286 0.99210153 0.12543745
vn 0.01607483 0.99352311 0.11248745
vn 0.01028724 0.99269411 0.12021888
vn 0.02941976 0.99510113 0.09438336
vn 0.05888365 0.99805036 0.02069285
vn 0.05488825 0.99783071 0.03634771
vn 0.04693221 0.99716020 0.05889734
vn 0.06053646 0.99809685 0.01174793
vn 0.05828313 0.99829505 0.00317338
vn 0.10596846 -0.99340658 0.04374997
vn 0.10984800 -0.99360714 0.02604349
vn 0.19979247 -0.97886555 0.04364856
vn 0.06736294 -0.98730815 0.14382231
vn 0.04732620 -0.98194048 0.18317510
vn 0.02855292 -0.97710497 0.21083311
vn 0.00274189 -0.97326549 0.22966665
vn 0.00058975 -0.97456346 0.22411095
vn -0.05935949 -0.98664758 0.15166740
vn -0.04022002 -0.98309044 0.17864918
vn -0.01679575 -0.97796701 0.20808276
vn -0.08266437 -0.99096365 0.10562979
vn -0.09258742 -0.99276661 0.07643318
vn -0.10603862 -0.99355566 0.04003707
vn -0.11151929 -0.99374104 0.00649501
vn -0.11070973 -0.99385211 0.00115991
vn -0.20777873 -0.97817222 0.00266638
vn 0.03351000 0.95820519 0.28411247
vn 0.00329845 0.77717755 0.62927274
vn 0.00520325 0.68384322 0.72961043
vn 0.00579774 0.77887036 0.62715816
vn 0.01205359 0.69226672 0.72154106
vn 0.01195735 0.78475347 0.61969268
vn 0.03493981 0.70943814 0.70390108
vn 0.03053684 0.79742353 0.60264685
vn 0.06480433 0.82044044 0.56804743
vn 0.05042771 0.89644869 0.44026899
vn 0.08620925 0.91619583 0.39134788
vn 0.05466601 0.96595207 0.25287987
vn 0.07909681 0.97389454 0.21277482
vn 0.03776851 0.99614957 0.07911751
vn 0.15416311 0.98787719 0.01823181
vn 0.24423081 0.96853237 0.04792041
vn 0.15087373 0.98807485 0.03074428
vn 0.23619808 0.96841813 0.07985481
vn 0.14596888 0.98794705 0.05151422
vn 0.22206978 0.96681938 0.12627466
vn 0.13686520 0.98709479 0.08313714
vn 0.19921007 0.96207693 0.18634196
vn 0.12148239 0.98466505 0.12520688
vn 0.17326621 0.95499693 0.24074817
vn 0.10141624 0.98077079 0.16674350
vn 0.14826238 0.94813865 0.28116075
vn 0.12276579 0.93846854 0.32280855
vn 0.01144108 0.60448974 0.79653076
vn 0.03805874 0.62479390 0.77986160
vn 0.07649575 0.73899788 0.66935083
vn 0.10820022 0.85298645 0.51059458
vn 0.43338442 0.90038734 0.03847819
vn 0.42428912 0.90247869 0.07423587
vn 0.33562010 0.93993199 0.06234579
vn 0.41097175 0.90298592 0.12537402
vn 0.32475481 0.94001953 0.10439151
vn 0.38792351 0.90060699 0.19601634
vn 0.30594768 0.93785902 0.16375737
vn 0.35083650 0.89198343 0.28509526
vn 0.27582792 0.93092415 0.23937249
vn 0.30610443 0.87703168 0.37029112
vn 0.24066437 0.91976732 0.31001409
vn 0.26268563 0.85833194 0.44075223
vn 0.20829095 0.90682871 0.36643767
vn 0.21876667 0.83487363 0.50510114
vn 0.17593864 0.89080741 0.41893645
vn 0.17468264 0.80768688 0.56314109
vn 0.13854858 0.87350900 0.46667581
vn 0.12748908 0.77528930 0.61860572
vn 0.51992379 0.85320794 0.04141816
vn 0.50929997 0.85649642 0.08382976
vn 0.57284903 0.80435595 0.15765625
vn 0.49394245 0.85764619 0.14305200
vn 0.54289354 0.80284047 0.24640168
vn 0.46714292 0.85548803 0.22342276
vn 0.49318483 0.79316555 0.35729139
vn 0.42347263 0.84593319 0.32414190
vn 0.42884432 0.77313230 0.46728898
vn 0.36894916 0.82793808 0.42236839
vn 0.36089950 0.74456996 0.56157557
vn 0.31360393 0.80385721 0.50543661
vn 0.29188509 0.70855058 0.64246336
vn 0.25738610 0.77350717 0.57917101
vn 0.22575805 0.66908045 0.70807108
vn 0.20221321 0.73926259 0.64233997
vn 0.15966247 0.62603779 0.76327229
vn 0.14519924 0.70030457 0.69892109
vn 0.09282623 0.58125807 0.80840729
vn 0.08570527 0.65830134 0.74785958
vn 0.04012169 0.54620675 0.83668897
vn 0.74627989 0.66425129 0.04285506
vn 0.51179089 0.46796861 0.72046892
vn 0.63367675 0.50207688 0.58853426
vn 0.73275713 0.51541379 0.44431476
vn 0.79876129 0.51980775 0.30295266
vn 0.77388149 0.43946643 0.45604462
vn 0.84695744 0.43349130 0.30781224
vn 0.79983606 0.38376156 0.46150768
vn 0.88793234 0.33805850 0.31191764
vn 0.81679897 0.33755670 0.46786208
vn 0.83449601 0.28764320 0.46997637
vn 0.91866828 0.23782885 0.31541408
vn 0.84710828 0.23819591 0.47504765
vn 0.85977563 0.18539439 0.47583062
vn 0.93894427 0.13242452 0.31756481
vn 0.86733532 0.13254178 0.47975215
vn 0.87422510 0.07771375 0.47926094
vn 0.94755328 0.02355862 0.31872837
vn 0.99420707 0.02464818 0.10461723
vn 0.99123244 0.12787965 0.03324225
vn 0.98616604 0.12893541 0.10417386
vn 0.97398840 0.22421525 0.03277379
vn 0.96732034 0.23106516 0.10440426
vn 0.94596992 0.32218941 0.03653629
vn 0.93833099 0.32948145 0.10477086
vn 0.90890518 0.41519559 0.03878136
vn 0.89986603 0.42335911 0.10491994
vn 0.86291220 0.50369674 0.04089183
vn 0.85261742 0.51197804 0.10450849
vn 0.80833393 0.58718657 0.04252282
vn 0.79726224 0.59474344 0.10321414
vn 0.73448780 0.67109899 0.10076620
vn 0.67421961 -0.08115202 0.73405876
vn 0.67521489 0.01754738 0.73741233
vn 0.57662322 -0.07963390 0.81311998
vn 0.57932925 0.01704718 0.81491534
vn 0.44678630 -0.07349895 0.89161646
vn 0.44851672 0.01462688 0.89365475
vn 0.31934288 -0.06640997 0.94530939
vn 0.32035231 0.01225654 0.94721918
vn 0.21067328 -0.05981446 0.97572486
vn 0.21119870 0.01022926 0.97738962
vn 0.11477874 0.00846859 0.99335498
vn 0.76863971 -0.08187140 0.63442106
vn 0.76083742 -0.03992414 0.64771328
vn 0.77500045 0.02078121 0.63161891
vn 0.66201852 -0.17928517 0.72772818
vn 0.56730369 -0.17229805 0.80528250
vn 0.44076151 -0.15803442 0.88360309
vn 0.31593825 -0.14195582 0.93809998
vn 0.20893326 -0.12713174 0.96963107
vn 0.11452652 -0.05384986 0.99195961
vn 0.04252994 0.00722052 0.99906910
vn 0.73111302 -0.28170267 0.62138342
vn 0.73266982 -0.24338011 0.63557931
vn 0.75443910 -0.18459461 0.62987814
vn 0.75172741 -0.14409194 0.64353975
vn 0.69711054 -0.38470378 0.60501231
vn 0.70523373 -0.33627978 0.62414846
vn 0.64239792 -0.27198268 0.71648471
vn 0.87587618 0.02255060 0.48200870
vn 0.87649181 -0.03249302 0.48031897
vn 0.94310369 -0.08686791 0.32095077
vn 0.87305303 -0.09021141 0.47920801
vn 0.92770898 -0.19092176 0.32078798
vn 0.87002512 -0.13625582 0.47380443
vn 0.85703908 -0.19527725 0.47681318
vn 0.90190328 -0.29183299 0.31843990
vn 0.84909250 -0.23962684 0.47076630
vn 0.83078851 -0.29519074 0.47186108
vn 0.65066204 -0.46354116 0.60147194
vn 0.79034004 -0.39922355 0.46473990
vn 0.81867749 -0.33686107 0.46507181
vn 0.77863304 0.59932588 0.18584693
vn 0.83436806 0.51703561 0.19106052
vn 0.88232161 0.42848753 0.19469722
vn 0.92168208 0.33413440 0.19712013
vn 0.95156850 0.23461053 0.19868388
vn 0.97108724 0.13072955 0.19974821
vn 0.97937088 0.02403382 0.20063663
vn 0.97601418 -0.08254321 0.20145208
vn 0.96144491 -0.18662397 0.20197818
vn 0.93643771 -0.28692554 0.20188650
vn 0.90177211 -0.38272079 0.20082793
vn 0.85824004 -0.47331569 0.19848499
vn 0.99117360 -0.07975267 0.10589814
vn 0.97734849 -0.18226958 0.10755339
vn 0.95328796 -0.28165535 0.10914364
vn 0.91957898 -0.37709539 0.11033388
vn 0.87683332 -0.46784639 0.11082905
vn 0.88739691 -0.45886571 0.04437334
vn 0.92905994 -0.36763252 0.04115780
vn 0.96120838 -0.27325951 0.03751923
vn 0.98391239 -0.17528337 0.03452751
vn 0.99642887 -0.07700706 0.03463257
vn 0.09111779 -0.87768149 0.47050266
vn 0.09325501 -0.95048462 0.29644981
vn 0.14055640 -0.90848092 0.39358140
vn 0.17555171 -0.92290553 0.34267622
vn 0.23205176 -0.87767374 0.41933373
vn 0.27170163 -0.89451909 0.35498425
vn 0.33578157 -0.84840320 0.40922214
vn 0.38705204 -0.86589974 0.31687277
vn 0.45786480 -0.81637582 0.35198061
vn 0.50607953 -0.82726496 0.24395943
vn 0.57942815 -0.77089140 0.26455524
vn 0.61157902 -0.77264998 0.17024426
vn 0.68268367 -0.70801323 0.18072150
vn 0.70137402 -0.70497077 0.10531235
vn 0.76706610 -0.63231258 0.10858366
vn 0.71413462 -0.69848546 0.04614981
vn 0.11570848 -0.95950586 0.25682690
vn 0.20494145 -0.93418485 0.29205766
vn 0.31349111 -0.90873860 0.27553128
vn 0.42894736 -0.87634050 0.21916088
vn 0.53534610 -0.82989919 0.15707288
vn 0.62935763 -0.77060996 0.10034575
vn 0.64170386 -0.76555245 0.04632064
vn 0.47942853 -0.87651218 0.04329756
vn 0.13659773 -0.96595554 0.21970654
vn 0.23748961 -0.94448172 0.22705277
vn 0.34860196 -0.91786892 0.18971903
vn 0.45470251 -0.87942192 0.14093513
vn 0.55173050 -0.82876478 0.09350077
vn 0.56318241 -0.82509803 0.04515324
vn 0.09846426 -0.99254210 0.07186776
vn 0.19299877 -0.97852191 0.07243164
vn 0.29243554 -0.95441493 0.05977953
vn 0.18053063 -0.97679696 0.11522325
vn 0.28275303 -0.95409186 0.09878995
vn 0.38259674 -0.92099738 0.07337277
vn 0.38998031 -0.92006025 0.03747652
vn 0.29968452 -0.95357896 0.02960328
vn 0.20452936 -0.97859571 0.02276359
vn 0.11120900 -0.99371318 0.01290992
vn 0.15987022 -0.97223173 0.17090048
vn 0.26548575 -0.95154846 0.15515424
vn 0.37032284 -0.92091164 0.12158430
vn 0.46922507 -0.87902053 0.08456205
vn -0.92944546 -0.36832407 0.02164518
vn -0.96106889 -0.27555136 0.02044587
vn -0.98385656 -0.17772355 0.02099070
vn -0.64553534 -0.76352950 0.01751612
vn -0.71382883 -0.70006684 0.01883664
vn -0.78073245 -0.62444787 0.02284096
vn -0.83956055 -0.54288992 0.02021437
vn -0.88665624 -0.46199354 0.02006682
vn -0.80834732 -0.55697199 0.19067462
vn -0.85519027 -0.46975317 0.21904692
vn -0.86961346 -0.47326409 0.14068948
vn -0.89508753 -0.38022703 0.23290712
vn -0.91325276 -0.37859283 0.15045554
vn -0.92681141 -0.28524615 0.24424424
vn -0.94598421 -0.28354736 0.15720930
vn -0.94961031 -0.18595044 0.25231465
vn -0.96944014 -0.18436430 0.16185058
vn -0.96288026 -0.08298699 0.25685553
vn -0.98301210 -0.08180224 0.16430337
vn -0.96596782 0.02275334 0.25765958
vn -0.08231288 0.00748494 0.99657843
vn -0.08228691 -0.03712810 0.99591685
vn -0.03082493 -0.03700711 0.99883948
vn -0.03017546 -0.08038173 0.99630729
vn -0.00814068 -0.08557715 0.99629829
vn -0.00708022 -0.13082710 0.99137992
vn -0.00958282 -0.13937333 0.99019354
vn -0.00809104 -0.18753608 0.98222439
vn 0.00202399 -0.19571987 0.98065776
vn 0.00324672 -0.24677662 0.96906695
vn 0.04205942 -0.26282396 0.96392664
vn 0.04163777 -0.31791518 0.94720443
vn 0.10610459 -0.34584644 0.93227252
vn 0.10256335 -0.40743019 0.90745876
vn 0.18311125 -0.44853663 0.87480578
vn 0.17369155 -0.51590003 0.83885541
vn 0.26780401 -0.49115472 0.82888362
vn 0.25142323 -0.55998419 0.78943275
vn 0.35918222 -0.53402413 0.76537988
vn 0.33329188 -0.60308870 0.72470721
vn 0.46038184 -0.57605237 0.67543484
vn 0.42201405 -0.64431759 0.63777659
vn 0.56090503 -0.60931107 0.56046906
vn 0.50988150 -0.67695730 0.53080097
vn 0.64911216 -0.62955718 0.42697911
vn 0.58942757 -0.69815534 0.40639176
vn 0.71210872 -0.63716336 0.29482880
vn 0.64831606 -0.70747090 0.28137379
vn 0.74796097 -0.63633841 0.18875331
vn -0.08243272 -0.08157736 0.99325222
vn -0.08266023 -0.12672355 0.98848795
vn -0.02921265 -0.12402902 0.99184849
vn -0.02798616 -0.16933673 0.98516082
vn -0.00573293 -0.17719886 0.98415837
vn -0.00417637 -0.22574097 0.97417841
vn -0.00635509 -0.23735721 0.97140165
vn -0.00445703 -0.28956603 0.95714766
vn 0.00455210 -0.29985333 0.95397446
vn 0.00585849 -0.35697506 0.93409554
vn 0.04091324 -0.37648047 0.92552070
vn 0.03979713 -0.43924595 0.89748492
vn 0.09809077 -0.47231476 0.87595489
vn 0.09238221 -0.54095788 0.83596059
vn 0.16220701 -0.58533866 0.79439760
vn 0.14813627 -0.65731959 0.73890906
vn 0.23217759 -0.62897475 0.74194631
vn 0.20954238 -0.69823633 0.68451298
vn 0.30396109 -0.67030552 0.67697722
vn 0.27081670 -0.73567300 0.62084101
vn 0.38001606 -0.70881311 0.59428257
vn 0.33429834 -0.76962895 0.54398153
vn 0.45517029 -0.73930347 0.49623622
vn 0.39700847 -0.79653703 0.45597482
vn 0.52551452 -0.76040400 0.38160221
vn -0.08293482 -0.17398909 0.98124901
vn -0.08321064 -0.22449605 0.97091581
vn -0.02655309 -0.21738132 0.97572552
vn -0.02496717 -0.26893830 0.96283375
vn -0.00249101 -0.27719764 0.96080969
vn -0.00075338 -0.33351263 0.94274533
vn -0.00247302 -0.34617252 0.93816761
vn -0.00049689 -0.40816938 0.91290608
vn 0.00708783 -0.41901178 0.90795313
vn 0.00809742 -0.48697302 0.87337948
vn 0.03809242 -0.50698779 0.86111111
vn 0.03557894 -0.58113746 0.81302730
vn 0.08506180 -0.61434946 0.78443561
vn 0.07577429 -0.69186444 0.71804028
vn 0.13103499 -0.73081514 0.66987989
vn 0.11035040 -0.80410800 0.58415162
vn 0.18315121 -0.76663003 0.61541371
vn 0.15078462 -0.83278993 0.53265836
vn 0.23370101 -0.79822849 0.55517125
vn 0.19258654 -0.85665854 0.47858810
vn 0.28498097 -0.82617295 0.48602890
vn -0.08342026 -0.27906952 0.95664061
vn -0.08339388 -0.33959445 0.93686769
vn -0.02325682 -0.32590920 0.94511497
vn -0.02139928 -0.38968923 0.92069776
vn 0.00095052 -0.39591957 0.91828470
vn 0.00249870 -0.46578750 0.88489308
vn 0.00135008 -0.47671881 0.87905481
vn 0.00292301 -0.55343598 0.83288659
vn 0.00873804 -0.56246606 0.82677420
vn 0.00885333 -0.64546532 0.76373826
vn 0.03203696 -0.66149550 0.74926453
vn 0.02717999 -0.74700254 0.66426535
vn 0.06404981 -0.77206122 0.63231250
vn 0.04951708 -0.85129439 0.52234655
vn 0.06103554 -0.93585169 0.34706811
vn -0.56515827 -0.82479291 0.01768598
vn -0.48127648 -0.87645976 0.01382891
vn -0.39438375 -0.91888195 0.01083645
vn -0.29775391 -0.95462640 0.00557209
vn -0.98002754 -0.18148024 0.08130774
vn -0.95665521 -0.28003749 0.07993628
vn -0.92384640 -0.37482342 0.07755797
vn -0.88225375 -0.46489769 0.07415158
vn -0.82909206 -0.55318468 0.08119774
vn -0.77326896 -0.62924363 0.07815095
vn -0.75661834 -0.63148470 0.16957521
vn -0.70876019 -0.70194773 0.07020232
vn -0.69445033 -0.70362130 0.15051848
vn -0.63782362 -0.76772676 0.06145449
vn -0.62598818 -0.76886699 0.13031633
vn -0.56077695 -0.82632608 0.05210007
vn -0.55138764 -0.82704460 0.10940245
vn -0.47816813 -0.87724365 0.04241240
vn -0.47111498 -0.87763696 0.08834055
vn -0.39074359 -0.91991938 0.03267693
vn -0.38581161 -0.92008999 0.06770379
vn -0.29915901 -0.95392125 0.02319779
vn -0.29326960 -0.95451757 0.05375085
vn -0.20426633 -0.97881104 0.01429038
vn -0.20190260 -0.97876506 0.03541599
vn -0.11139719 -0.99362343 0.01741117
vn -0.27984700 -0.95398539 0.10769181
vn -0.36324977 -0.91842164 0.15668856
vn -0.37531311 -0.92061789 0.10771617
vn -0.44082079 -0.87506266 0.19985588
vn -0.45825810 -0.87762879 0.14059592
vn -0.51278122 -0.82304306 0.24424485
vn -0.53509632 -0.82685443 0.17315794
vn -0.57826287 -0.76334028 0.28796471
vn -0.60600896 -0.76845721 0.20549125
vn -0.63694697 -0.69674839 0.32990943
vn -0.67059255 -0.70302810 0.23676386
vn -0.68896810 -0.62366329 0.36927910
vn -0.72881358 -0.63078832 0.26633975
vn -0.73404795 -0.54496280 0.40520260
vn -0.78015523 -0.55244594 0.29353245
vn -0.77219127 -0.46135683 0.43688731
vn -0.82433039 -0.46858875 0.31765388
vn -0.80369066 -0.37272554 0.46385019
vn -0.86131574 -0.37910785 0.33824908
vn -0.82831592 -0.27973460 0.48542898
vn -0.89057513 -0.28465527 0.35474964
vn -0.84585715 -0.18294987 0.50105391
vn -0.91158721 -0.18594446 0.36665163
vn -0.85608580 -0.08259791 0.51019084
vn -0.92386051 -0.08346055 0.37351854
vn -0.85856162 0.02068204 0.51229308
vn -0.92678328 0.02196292 0.37495385
vn -0.14953846 -0.97036718 0.18980457
vn -0.21364256 -0.93391789 0.28662560
vn -0.23304786 -0.94213449 0.24097987
vn -0.27603860 -0.88473391 0.37556438
vn -0.29845278 -0.89755075 0.32454366
vn -0.32311470 -0.82253891 0.46800282
vn -0.35416336 -0.84201085 0.40692264
vn -0.35895160 -0.75083373 0.55443887
vn -0.39994267 -0.77700298 0.48611956
vn -0.38414646 -0.67286400 0.63220688
vn -0.43589639 -0.70480640 0.55968051
vn -0.39999547 -0.59202885 0.69964667
vn -0.46270471 -0.62799078 0.62572512
vn -0.40844943 -0.51064049 0.75658136
vn -0.48175014 -0.54839676 0.68350406
vn -0.41131967 -0.43066226 0.80333439
vn -0.49433000 -0.46787385 0.73261990
vn -0.41047715 -0.35317598 0.84069925
vn -0.50197456 -0.38762680 0.77315393
vn -0.40762977 -0.27771195 0.86989312
vn -0.50624377 -0.30744931 0.80572462
vn -0.40396253 -0.20432418 0.89166468
vn -0.50819311 -0.22770461 0.83059640
vn -0.40050305 -0.13236069 0.90668515
vn -0.50877520 -0.14809246 0.84806628
vn -0.50874006 -0.06757287 0.85826421
vn -0.50851547 0.01448365 0.86093103
vn -0.19464508 -0.97844361 0.06900290
vn -0.16871635 -0.97597797 0.13784702
vn -0.18227081 -0.97792040 0.10222058
vn -0.25000244 -0.94748486 0.19942723
vn -0.26610394 -0.95135039 0.15530981
vn -0.32196613 -0.90777753 0.26884523
vn -0.34432424 -0.91483840 0.21097752
vn -0.38620875 -0.85778352 0.33919057
vn -0.41619560 -0.86884622 0.26811837
vn -0.44206879 -0.79866095 0.40830854
vn -0.48108812 -0.81413014 0.32518662
vn -0.48931439 -0.73192430 0.47419221
vn -0.53857438 -0.75169322 0.38065068
vn -0.52811772 -0.65935833 0.53510585
vn -0.58850851 -0.68271341 0.43308213
vn -0.55930660 -0.58222059 0.59008078
vn -0.63129265 -0.60793594 0.48154281
vn -0.58355990 -0.50204357 0.63828685
vn -0.66704908 -0.52852856 0.52507436
vn -0.60187969 -0.41994081 0.67925736
vn -0.69622835 -0.44539976 0.56292552
vn -0.61546474 -0.33581962 0.71304161
vn -0.71955755 -0.35845766 0.59476470
vn -0.62501771 -0.25025476 0.73940883
vn -0.73725938 -0.26836285 0.62002418
vn -0.63120856 -0.16329754 0.75822798
vn -0.74956790 -0.17546213 0.63824839
vn -0.63455635 -0.07435938 0.76929118
vn -0.75662979 -0.07961719 0.64897802
vn -0.63524693 0.01673717 0.77212772
vn -0.75830549 0.01889061 0.65162561
vn -0.30863628 -0.05372379 0.94966173
vn -0.31240810 -0.11779076 0.94261685
vn -0.31810484 -0.18256500 0.93031142
vn -0.32499992 -0.24966079 0.91216476
vn -0.33215126 -0.32002317 0.88727713
vn -0.33844464 -0.39393471 0.85455876
vn -0.34225815 -0.47223613 0.81231299
vn -0.34165125 -0.55419844 0.75903788
vn -0.33454994 -0.63804915 0.69351973
vn -0.31860019 -0.72129251 0.61500491
vn -0.29192048 -0.79985179 0.52442306
vn -0.25283737 -0.87024483 0.42278505
vn -0.18471758 -0.91695136 0.35366598
vn -0.13321401 -0.96222137 0.23745330
vn -0.07334645 -0.98887409 0.12941538
vn -0.22383221 -0.84837951 0.47974092
vn -0.25435293 -0.77279135 0.58146205
vn -0.27309538 -0.68791308 0.67245410
vn -0.28208326 -0.60075740 0.74801042
vn -0.27687975 -0.50801596 0.81563312
vn -0.26447236 -0.42996978 0.86323830
vn -0.25837570 -0.35557878 0.89822365
vn -0.25093988 -0.28687818 0.92451614
vn -0.24339318 -0.22258004 0.94404337
vn -0.23655248 -0.16210024 0.95800127
vn -0.23109458 -0.10430144 0.96732441
vn -0.22755346 -0.04751129 0.97260583
vn -0.22608778 0.00964094 0.97405922
vn -0.07852900 -0.56859453 0.81886107
vn -0.07335068 -0.64726298 0.75872940
vn -0.01401231 -0.63347756 0.77363417
vn -0.16912904 -0.37026713 0.91339894
vn -0.23753539 -0.45622474 0.85757561
vn -0.15563719 -0.44269690 0.88306088
vn -0.22303666 -0.56207777 0.79644411
vn -0.15550155 -0.52349064 0.83772121
vn -0.21805696 -0.65091630 0.72715826
vn -0.15195199 -0.61141051 0.77658726
vn -0.20782681 -0.73976770 0.63996231
vn -0.14520494 -0.68942313 0.70965574
vn -0.14041265 -0.75001557 0.64634428
vn -0.06809507 -0.70690583 0.70402216
vn -0.06378328 -0.75583617 0.65164667
vn -0.01048039 -0.73171533 0.68152977
vn -0.08283080 -0.40734644 0.90950972
vn -0.08140812 -0.48347109 0.87156665
vn -0.01944108 -0.46175931 0.88679219
vn -0.01734929 -0.54341904 0.83928228
vn 0.00375667 -0.54463326 0.83866591
vn 0.00458987 -0.63243496 0.77459987
vn 0.00406280 -0.63833480 0.76974812
vn 0.00459390 -0.73040659 0.68299715
vn 0.00825283 -0.73501448 0.67800119
vn 0.00678643 -0.82684919 0.56238276
vn 0.02078814 -0.83383705 0.55161910
vn 0.01289950 -0.91344542 0.40675676
vn 0.03220020 -0.92230804 0.38511172
vn 0.01386737 -0.97332198 0.22902404
vn -0.15505216 -0.90184376 0.40328236
vn -0.10954888 -0.95661832 0.26996377
vn -0.09551773 -0.91470610 0.39266921
vn -0.07103524 -0.95043423 0.30270244
vn -0.03338375 -0.93650245 0.34906831
vn -0.12933695 -0.79402875 0.59396153
vn -0.12197785 -0.83912196 0.53009031
vn -0.05810415 -0.80396544 0.59183061
vn -0.05181490 -0.85006440 0.52412378
vn -0.00689821 -0.83030736 0.55726304
vn -0.10655434 -0.87816512 0.46633915
vn -0.04403802 -0.89184851 0.45018539
vn -0.00398822 -0.91729818 0.39818104
vn 0.00364141 -0.91312246 0.40766911
vn 0.00193375 -0.97187964 0.23547021
vn -0.18809120 -0.82875535 0.52705434
vn 0.00450013 -0.82552840 0.56434264
vn 0.00341138 -0.91120046 0.41194912
vn 0.00253642 -0.97091891 0.23939514
vn 0.00486257 -0.72794609 0.68561712
vn 0.00436854 -0.82492715 0.56522218
vn 0.00448666 -0.91116787 0.41201089
vn 0.00438309 -0.97144996 0.23720405
vn -0.60365301 0.79710202 0.01521205
vn -0.52210915 0.85275704 0.01440367
vn -0.43348629 0.90110981 0.00952575
vn -0.34762901 0.93762088 0.00459998
vn -0.24990369 0.96825550 0.00542580
vn -0.15334989 0.98817133 0.00111301
vn -0.15207855 0.98807974 0.02388616
vn -0.14763094 0.98799394 0.04553102
vn -0.23541035 0.96844001 0.08188968
vn -0.24505004 0.96862293 0.04147397
vn -0.32899777 0.94018498 0.08838936
vn -0.33825718 0.93943292 0.05520753
vn -0.13926607 0.98795526 0.06744891
vn -0.32001610 0.93868092 0.12832702
vn -0.22490631 0.96708428 0.11901739
vn -0.13165828 0.98704504 0.09169613
vn -0.40068070 0.89993873 0.17194551
vn -0.30540454 0.93618431 0.17403160
vn -0.21290970 0.96508209 0.15259758
vn -0.47579179 0.85243740 0.21673177
vn -0.38033507 0.89537226 0.23163278
vn -0.28839619 0.93146195 0.22182488
vn -0.20143038 0.96223665 0.18310224
vn -0.12137217 0.98435581 0.12772017
vn -0.16712033 0.94585665 0.27825527
vn -0.18754009 0.95665481 0.22280101
vn -0.27094349 0.92444294 0.26831862
vn -0.35619148 0.88704049 0.29374614
vn -0.44871539 0.84527541 0.29011029
vn -0.54486190 0.79669363 0.26154307
vn -0.63776091 0.73876570 0.21791342
vn -0.72572088 0.66995672 0.15648383
vn -0.80820901 0.58861704 0.01811573
vn -0.74064907 0.66807445 0.07152260
vn -0.67237099 0.73750507 0.06327346
vn -0.59775099 0.79983085 0.05444606
vn -0.51753647 0.85446396 0.04524762
vn -0.43233074 0.90100076 0.03588554
vn -0.34268413 0.93907267 0.02664787
vn -0.24935109 0.96824919 0.01781958
vn -0.15318383 0.98815047 0.00966237
vn -0.05980580 0.99820634 0.00271460
vn -0.85602378 0.50988899 0.08506765
vn -0.80204074 0.59202506 0.07897459
vn -0.99192646 0.12544318 0.01859882
vn -0.91009556 0.41402153 0.01767034
vn -0.90163335 0.42535025 0.07832290
vn -0.83453482 0.51565321 0.19404484
vn -0.78492987 0.59434869 0.17502782
vn -0.26067118 0.38388668 0.88582253
vn -0.28093194 0.47210596 0.83557957
vn -0.33953227 0.43001396 0.83654398
vn -0.34259691 0.51169520 0.78790569
vn -0.41021172 0.46905506 0.78212128
vn -0.40587047 0.55142136 0.72883719
vn -0.48888709 0.50783360 0.70929151
vn -0.47397324 0.58946667 0.65412416
vn -0.57237727 0.54283543 0.61458437
vn -0.54499820 0.62279084 0.56134529
vn -0.65015820 0.56964039 0.50279632
vn -0.61074520 0.64771705 0.45547000
vn -0.71251650 0.58618435 0.38562694
vn -0.66352824 0.66279271 0.34703905
vn -0.75519189 0.59371186 0.27783348
vn -0.69985075 0.66952201 0.24889598
vn -0.11120041 0.98058225 0.16153303
vn -0.09321766 0.97659927 0.19381523
vn -0.13611463 0.93298073 0.33319630
vn -0.11225840 0.91792347 0.38054507
vn -0.04243945 0.93256983 0.35848628
vn -0.10014829 0.94893527 0.29915243
vn -0.08070919 0.90270571 0.42262090
vn 0.00239188 0.87190107 0.48967622
vn -0.01004136 0.91955486 0.39283334
vn -0.01113861 0.87747378 0.47949524
vn -0.04479979 0.89308529 0.44765125
vn -0.19966300 0.78707536 0.58364978
vn -0.17347160 0.86813549 0.46502513
vn -0.24532774 0.81635840 0.52285109
vn -0.21026499 0.88838913 0.40810953
vn -0.27939982 0.84021543 0.46472978
vn -0.23404364 0.90578877 0.35322836
vn -0.30591197 0.85929250 0.40991982
vn -0.25270888 0.91563152 0.31266138
vn -0.33083064 0.87487681 0.35375368
vn -0.15188512 0.65587168 0.73943441
vn -0.21543329 0.69723324 0.68370631
vn -0.26826805 0.73324788 0.62480381
vn -0.31083243 0.76486140 0.56424307
vn -0.34649518 0.79167208 0.50318626
vn -0.38102457 0.81439833 0.43769354
vn -0.41599194 0.83257882 0.36573654
vn -0.06158356 0.80088290 0.59564590
vn -0.06304418 0.70631458 0.70508521
vn -0.01760577 0.68416319 0.72911643
vn -0.01943255 0.58760486 0.80891465
vn 0.00313222 0.58571873 0.81050833
vn 0.00215982 0.50179521 0.86498376
vn 0.00222800 0.51263709 0.85860250
vn 0.00022250 0.43914628 0.89841555
vn 0.00886066 0.45126462 0.89234619
vn 0.00726594 0.38520431 0.92280271
vn 0.04223074 0.40675295 0.91256156
vn 0.04264445 0.34498347 0.93763951
vn 0.10272955 0.43976893 0.89221630
vn 0.10611364 0.37518117 0.92085774
vn 0.18128265 0.48317703 0.85654922
vn 0.18923593 0.41527924 0.88979375
vn 0.26313299 0.52748132 0.80778988
vn 0.27770077 0.45719440 0.84489973
vn 0.34997839 0.57114240 0.74250352
vn 0.37393494 0.49972837 0.78130930
vn 0.44499256 0.61331039 0.65255803
vn 0.48154296 0.54184960 0.68885077
vn 0.53904770 0.64684147 0.53946611
vn 0.58847190 0.57536008 0.56803310
vn 0.62217940 0.66766955 0.40879111
vn 0.68015833 0.59493548 0.42829478
vn 0.68174726 0.67551193 0.28089910
vn 0.74340333 0.60111842 0.29327143
vn 0.71592411 0.67490651 0.17875642
vn 0.64708163 0.74334733 0.16947013
vn 0.61466347 0.74278890 0.26543074
vn 0.55963144 0.73371422 0.38532596
vn 0.48568949 0.71270996 0.50611286
vn 0.40474256 0.68088439 0.61039325
vn 0.32269456 0.64080482 0.69658983
vn 0.24594016 0.59814787 0.76271395
vn 0.17154794 0.55337311 0.81507638
vn 0.09838786 0.50826024 0.85556493
vn 0.04143872 0.47350537 0.87981560
vn 0.01030653 0.52428909 0.85147796
vn 0.00395223 0.59406268 0.80440904
vn 0.00353803 0.67879958 0.73431506
vn -0.01565314 0.77151797 0.63601494
vn -0.01328173 0.83258214 0.55374233
vn -0.06223455 0.85044929 0.52236278
vn 0.01765371 0.95220253 0.30495687
vn 0.02473071 0.88193913 0.47071410
vn 0.00888424 0.95033704 0.31109578
vn 0.01103987 0.87450508 0.48489070
vn 0.00484792 0.94807840 0.31799977
vn 0.00564337 0.87122329 0.49085449
vn 0.00114403 0.94922475 0.31459667
vn -0.00635655 0.95996936 0.28003289
vn -0.03201230 0.96731865 0.25153498
vn -0.06081058 0.97490352 0.21416161
vn -0.11024473 0.72761847 0.67706532
vn -0.07659827 0.61007442 0.78863294
vn -0.08316117 0.52484208 0.84712751
vn -0.02108534 0.50020650 0.86564939
vn -0.02267002 0.42251559 0.90607210
vn 0.00079767 0.42685775 0.90431843
vn -0.00079295 0.36032662 0.93282587
vn -0.00190570 0.37320533 0.92774682
vn -0.00404161 0.31347334 0.94958840
vn 0.00562211 0.32489690 0.94573273
vn 0.00402051 0.26856811 0.96325231
vn 0.04280054 0.28654926 0.95710900
vn 0.04281612 0.23054798 0.97211852
vn 0.10876647 0.31315469 0.94345323
vn 0.11085883 0.25295111 0.96110668
vn 0.19574366 0.34873699 0.91655165
vn 0.20102948 0.28305670 0.93779852
vn 0.28999163 0.38669253 0.87542775
vn 0.30020372 0.31570882 0.90011425
vn 0.39476466 0.42617913 0.81396082
vn 0.41249679 0.35037884 0.84088112
vn 0.52456389 0.38224680 0.76073656
vn 0.56355447 0.20828500 0.79938959
vn 0.54646445 0.29726346 0.78295022
vn 0.43820704 0.18951826 0.87866798
vn 0.42705013 0.27168083 0.86244867
vn 0.31466043 0.16896849 0.93404414
vn 0.30843079 0.24340737 0.91957779
vn 0.20834680 0.15016156 0.96645906
vn 0.20521043 0.21720667 0.95431124
vn 0.11368197 0.13322145 0.98454480
vn 0.11247719 0.19336312 0.97465870
vn 0.04266623 0.12067596 0.99177463
vn 0.04275238 0.17567248 0.98351991
vn 0.00130657 0.16341935 0.98655583
vn 0.00256098 0.21520350 0.97656587
vn -0.00793797 0.20618010 0.97848186
vn -0.00608440 0.25815895 0.96608330
vn -0.00417180 0.24608421 0.96923947
vn -0.00248674 0.30065374 0.95373012
vn -0.02569545 0.29318995 0.95570885
vn -0.02419861 0.35404304 0.93491601
vn -0.08494172 0.37028013 0.92502839
vn -0.08457843 0.44302355 0.89251141
vn -0.15478030 0.47913942 0.86398407
vn -0.15415870 0.56490152 0.81063023
vn -0.22295339 0.51735252 0.82621919
vn -0.22241572 0.60575784 0.76392977
vn -0.28370612 0.55678638 0.78070466
vn -0.28029170 0.64511047 0.71082280
vn -0.34043680 0.59653370 0.72680832
vn -0.33057265 0.68222447 0.65214377
vn -0.39512270 0.63439644 0.66439387
vn -0.37584970 0.71562256 0.58874558
vn -0.45191358 0.66923419 0.58983024
vn -0.42120808 0.74510229 0.51711346
vn -0.51025265 0.69881080 0.50130400
vn -0.46731482 0.76936972 0.43553081
vn -0.56412598 0.72041176 0.40344613
vn -0.51003194 0.78668401 0.34784434
vn -0.60760812 0.73319365 0.30535134
vn -0.94572291 0.32445987 0.01827495
vn -0.97402393 0.22558335 0.01973684
vn -0.97023846 0.22898333 0.07876522
vn -0.98858435 0.12742894 0.08039189
vn -0.95991289 0.23128789 0.15834507
vn -0.97829141 0.12858356 0.16251825
vn -0.94060533 0.23205853 0.24781132
vn -0.95843299 0.12880083 0.25459095
vn -0.90357323 0.23078985 0.36095908
vn -0.91992474 0.12779604 0.37068402
vn -0.83938051 0.22567684 0.49447985
vn -0.85293262 0.12450384 0.50695636
vn -0.74493610 0.21511594 0.63150245
vn -0.75439614 0.11808202 0.64571132
vn -0.62853922 0.19909583 0.75186388
vn -0.63327717 0.10863466 0.76626271
vn -0.50780761 0.17966305 0.84252752
vn -0.50827063 0.09740227 0.85567153
vn -0.40060535 0.15990332 0.90218971
vn -0.39807810 0.08617558 0.91329491
vn -0.31286215 0.14184966 0.93914640
vn -0.30880820 0.07608726 0.94807607
vn -0.22982158 0.12536810 0.96512428
vn -0.22679660 0.06732327 0.97161251
vn -0.14904743 0.05795149 0.98713043
vn -0.14806450 0.00852044 0.98894100
vn -0.14878216 -0.04048116 0.98804106
vn -0.15090880 -0.08924234 0.98451122
vn -0.15406903 -0.13905519 0.97822614
vn -0.15802061 -0.19147094 0.96869416
vn -0.16246060 -0.24767804 0.95512415
vn -0.16700994 -0.30849419 0.93645022
vn -0.80367042 0.51149442 0.30411726
vn -0.75471769 0.50367127 0.42037657
vn -0.68292443 0.48675194 0.54468960
vn -0.59350409 0.45984876 0.66052405
vn -0.49834861 0.42548965 0.75538548
vn -0.41025329 0.38844402 0.82510816
vn -0.33346729 0.35232103 0.87445380
vn -0.24899980 0.31464309 0.91596879
vn -0.16414075 0.27340226 0.94779165
vn -0.15929787 0.21438440 0.96367189
vn -0.08385274 0.19424781 0.97736201
vn -0.08336248 0.14492506 0.98592465
vn -0.02955268 0.14077234 0.98960082
vn -0.03041758 0.09545844 0.99496857
vn -0.00817864 0.10030314 0.99492331
vn -0.00886867 0.05358414 0.99852395
vn -0.01152875 0.05696236 0.99830976
vn -0.01179491 0.00639557 0.99990998
vn -0.00055679 0.00654664 0.99997842
vn -0.00039889 -0.04590423 0.99894577
vn 0.04247648 -0.04933636 0.99787859
vn 0.04244378 -0.10373565 0.99369887
vn 0.11379981 -0.11374628 0.98697081
vn 0.11262836 -0.17170274 0.97868944
vn 0.20608316 -0.19204604 0.95950407
vn 0.20216989 -0.25587886 0.94533240
vn 0.31039123 -0.21445777 0.92610213
vn 0.30283987 -0.28504317 0.90941652
vn 0.43096189 -0.23866463 0.87023620
vn 0.41774717 -0.31620246 0.85176482
vn 0.55224028 -0.26018812 0.79204344
vn 0.53212554 -0.34375115 0.77374257
vn 0.61692235 -0.36440089 0.69758068
vn 0.78094619 -0.62316258 0.04232562
vn 0.82577357 -0.55310375 0.11033694
vn 0.80672499 -0.55797662 0.19456846
vn 0.77009936 -0.56016398 0.30522663
vn 0.70390701 -0.55463627 0.44372686
vn 0.60778290 -0.53634380 0.58560676
vn 0.49501142 -0.50414698 0.70767190
vn 0.38184317 -0.46336380 0.79968105
vn 0.28169150 -0.42265320 0.86140245
vn 0.19085420 -0.38315883 0.90374996
vn 0.10885843 -0.28701436 0.95172086
vn 0.04228859 -0.20924917 0.97694752
vn 0.00095851 -0.14597840 0.98928731
vn -0.01075107 -0.09184139 0.99571561
vn -0.00883935 -0.04002285 0.99915967
vn -0.03109635 0.00677672 0.99949342
vn -0.08255808 0.05253495 0.99520060
vn -0.15146555 0.10789055 0.98255678
vn -0.23493766 0.18511517 0.95422045
vn -0.31889686 0.20910118 0.92443577
vn -0.40410836 0.23434858 0.88418164
vn -0.50657984 0.26151754 0.82157498
vn -0.62071753 0.28781662 0.72929510
vn -0.72995778 0.30917014 0.60956991
vn -0.81828418 0.32302422 0.47546435
vn -0.87833408 0.32959546 0.34626012
vn -0.91317189 0.33114298 0.23761612
vn -0.93162496 0.33005605 0.15211158
vn -0.94193528 0.32700787 0.07631373
vn 0.57481249 0.11446978 0.81023902
vn 0.44554750 0.10357660 0.88924649
vn 0.31872779 0.09180627 0.94338974
vn 0.21038484 0.08115223 0.97424460
vn 0.11447342 0.07164143 0.99083972
vn 0.04259040 0.06462235 0.99700051
vn -0.00031102 0.05978209 0.99821140
vn 0.00032732 0.11193590 0.99371538
vn -0.01074376 0.10670321 0.99423287
vn -0.00951819 0.15611840 0.98769249
vn -0.00710700 0.14727092 0.98907066
vn -0.00574232 0.19545267 0.98069632
vn -0.02843317 0.18796118 0.98176481
vn -0.02713355 0.23824806 0.97082523
vn -0.08436205 0.24726021 0.96526962
vn -0.08476799 0.30552914 0.94840199
vn -0.16386678 0.33130995 0.92918319
vn -0.15409676 0.40060595 0.90319935
vn -0.21996818 0.42680524 0.87718372
vn 0.99905083 0.02545808 0.03534581
vn 0.52204893 -0.43123828 0.73586578
vn 0.40131421 -0.39109020 0.82824837
vn 0.29327927 -0.35436680 0.88792536
vn 0.19711997 -0.31944833 0.92687458
vn 0.11100792 -0.22914889 0.96704086
vn 0.04239156 -0.15654717 0.98676033
vn 0.00012987 -0.09653810 0.99532928
vn -0.01151633 -0.04346657 0.99898850
vn -0.00909821 0.00648681 0.99993757
vn -0.03095344 0.05105227 0.99821618
vn -0.08292592 0.09802724 0.99172272
vn -0.15496629 0.15965506 0.97493370
vn -0.24156950 0.24778421 0.93821488
vn -0.32610996 0.27892281 0.90324657
vn -0.40770492 0.31030852 0.85876966
vn -0.50378052 0.34336803 0.79265604
vn -0.60928640 0.37475614 0.69880463
vn -0.70937351 0.39981559 0.58046250
vn -0.78999121 0.41583549 0.45054936
vn -0.84485166 0.42333636 0.32712688
vn -0.87690333 0.42509631 0.22435167
vn -0.88740706 0.44059937 0.13557620
vn -0.63054878 0.03242111 0.77547218
vn -0.63045385 0.09731897 0.77010192
vn -0.66237290 0.08097319 0.74478553
vn 0.22886158 0.07443469 -0.97060901
vn -0.61472840 0.18518438 0.76669142
vn -0.62573385 0.22925048 0.74558794
vn -0.63670612 0.30097685 0.70994242
vn -0.65571874 -0.24408683 0.71446102
vn -0.13910474 0.06782147 0.98795249
vn -0.01078730 0.06454755 0.99785633
vn -0.30058556 0.06461215 0.95156376
vn -0.43887144 0.05290398 0.89699110
vn -0.68718976 -0.00011609 0.72647795
vn -0.70107167 -0.07182829 0.70946403
vn -0.70213768 -0.03331971 0.71126119
vn -0.65086910 -0.20170438 0.73190488
vn -0.67503726 -0.15262751 0.72182376
vn -0.64219219 -0.17824336 0.74553235
vn -0.66398970 -0.09936775 0.74110980
vn -0.63045597 -0.13721934 0.76400008
vn -0.63446870 0.00469670 0.77293428
vn -0.61430844 -0.05417590 0.78720399
vn -0.62297894 -0.07318353 0.77880768
vn -0.61226750 0.08496060 0.78607264
vn -0.61241299 0.05878241 0.78834952
vn -0.62140645 0.12289525 0.77378988
vn -0.60072761 0.04959606 0.79791388
vn -0.60419638 0.03218405 0.79618523
vn -0.62044951 0.25348176 0.74215188
vn -0.64188991 0.38625340 0.66240898
vn -0.63471069 0.31773084 0.70440717
vn -0.65311475 0.38731798 0.65071184
vn -0.65268361 0.48506978 0.58198919
vn -0.66750504 0.43163274 0.60673734
vn -0.67348250 0.46670557 0.57324274
vn -0.66202472 0.57319905 0.48287278
vn -0.67815104 0.49603686 0.54227171
vn -0.70062005 0.59378663 0.39566272
vn -0.69567962 0.57551165 0.42990254
vn -0.66609407 0.65146406 0.36319867
vn -0.69198769 0.54684566 0.47128851
vn -0.68651794 0.51680981 0.51146920
vn -0.70403798 0.61668696 0.35217569
vn -0.66322471 0.71189203 0.23096045
vn -0.70650553 0.64389568 0.29368058
vn -0.70806464 0.66935773 0.22495487
vn -0.65343264 0.75126786 0.09285686
vn -0.70786334 0.68890486 0.15601148
vn -0.70559085 0.70330071 0.08665835
vn -0.63845232 0.76836175 -0.04470854
vn -0.70182209 0.71220354 0.01455561
vn -0.69590487 0.71620624 -0.05258366
vn -0.61884446 0.76508333 -0.17798602
vn -0.68823471 0.71461976 -0.12510632
vn -0.67863921 0.70977286 -0.18886852
vn -0.59417123 0.74450879 -0.30441288
vn -0.66404131 0.69194412 -0.28330631
vn -0.56363540 0.71048637 -0.42133627
vn -0.62815605 0.66148513 -0.40970404
vn -0.52740318 0.66683748 -0.52647286
vn -0.58849837 0.61987912 -0.51905640
vn -0.48543095 0.61748713 -0.61892362
vn -0.54193985 0.57234464 -0.61540459
vn -0.43771809 0.56526693 -0.69919680
vn -0.48907886 0.52156517 -0.69912205
vn -0.38399715 0.51090044 -0.76910788
vn -0.42909404 0.46707606 -0.77312241
vn -0.32532066 0.45395417 -0.82951316
vn -0.36331066 0.40857654 -0.83729957
vn -0.26360324 0.39473054 -0.88017108
vn -0.29505344 0.34720145 -0.89016550
vn -0.19919076 0.33209929 -0.92197240
vn -0.22373447 0.28120776 -0.93320152
vn -0.13321387 0.26568350 -0.95481220
vn -0.14505989 0.20880211 -0.96713976
vn -0.07175327 0.19116864 -0.97893106
vn -0.01676492 0.13650585 -0.99049740
vn -0.07786773 0.14552318 -0.98628577
vn -0.02611465 0.08624903 -0.99593129
vn 0.04068854 0.07827748 -0.99610094
vn 0.01482923 0.05351514 -0.99845692
vn 0.09005426 0.00448522 -0.99592676
vn 0.04745102 0.02186810 -0.99863416
vn 0.14968526 0.05503114 -0.98720104
vn 0.26957935 0.07774714 -0.95983455
vn 0.30850367 0.07779247 -0.94803682
vn 0.07910267 0.11006471 -0.99077168
vn 0.08299287 0.01188687 -0.99647924
vn 0.06172990 0.40871931 -0.91057012
vn 0.07026232 0.31272044 -0.94724291
vn 0.07465328 0.21324792 -0.97414178
vn 0.02992836 0.66787544 -0.74367109
vn 0.04247200 0.58842261 -0.80743728
vn 0.05176169 0.50241245 -0.86307732
vn -0.00145869 0.86108885 -0.50845242
vn 0.00910400 0.80574239 -0.59219618
vn 0.01818965 0.74194519 -0.67021375
vn -0.01993539 0.97390204 -0.22609158
vn -0.01375106 0.94624384 -0.32316173
vn -0.00926335 0.90903411 -0.41661874
vn -0.02484626 0.99196251 -0.12406873
vn -0.02999164 0.99639134 0.07940273
vn -0.02689232 0.99942044 -0.02087049
vn -0.04042873 0.88030944 0.47267410
vn -0.03819040 0.92439602 0.37951744
vn -0.03573235 0.95860536 0.28248711
vn -0.03341135 0.98261601 0.18261834
vn -0.04320035 0.69858194 0.71422476
vn -0.04441103 0.76634392 0.64089363
vn -0.04372636 0.82723628 0.56015010
vn -0.01459875 0.45786089 0.88890398
vn -0.02857771 0.54466489 0.83816673
vn -0.03950136 0.62490294 0.77970248
vn 0.03035923 0.16221159 0.98628886
vn 0.01842508 0.26495611 0.96408442
vn 0.00013154 0.36351232 0.93158938
vn 0.03507745 0.05176539 0.99804304
vn 0.35965233 0.06480218 -0.93083343
vn 0.33768660 0.07144426 -0.93854328
vn 0.32720414 0.15706565 -0.93180890
vn 0.30065804 0.16107570 -0.94003157
vn 0.29100697 0.25563151 -0.92193681
vn 0.26003383 0.25468183 -0.93140731
vn 0.25343980 0.35342688 -0.90047638
vn 0.21922652 0.34815038 -0.91144448
vn 0.21595157 0.44706714 -0.86804141
vn 0.17973216 0.43791767 -0.88086575
vn 0.17964190 0.53462860 -0.82577300
vn 0.14247044 0.52215002 -0.84086951
vn 0.14438793 0.61624842 -0.77420282
vn 0.10680689 0.60154444 -0.79166696
vn 0.11011935 0.69103560 -0.71438332
vn 0.07229242 0.67558460 -0.73372969
vn 0.07696537 0.75750891 -0.64827200
vn 0.03880926 0.74272835 -0.66846724
vn 0.04381480 0.81603705 -0.57633652
vn 0.00463769 0.80322989 -0.59565111
vn 0.00988596 0.86627415 -0.49947109
vn -0.03114137 0.85603607 -0.51597719
vn -0.02440023 0.90735259 -0.41966166
vn -0.06790066 0.89922838 -0.43217801
vn -0.05931354 0.94000562 -0.33596331
vn -0.10555204 0.93261388 -0.34509436
vn -0.09454198 0.96445773 -0.24674500
vn -0.14359496 0.95641842 -0.25425241
vn -0.12971309 0.97981553 -0.15210537
vn -0.18126658 0.97046363 -0.15919411
vn -0.16401857 0.98494633 -0.05457691
vn -0.21761623 0.97406532 -0.06196720
vn -0.19745464 0.97930601 0.04440040
vn -0.25279383 0.96683942 0.03628797
vn -0.23228050 0.96140348 0.14747583
vn -0.28984534 0.94681939 0.13972376
vn -0.26997577 0.92860292 0.25457750
vn -0.33029225 0.91045435 0.24895764
vn -0.30993914 0.87967781 0.36070027
vn -0.37275574 0.85606817 0.35805089
vn -0.35010502 0.81681325 0.45852217
vn -0.41432377 0.78660947 0.45780056
vn -0.38796784 0.74489694 0.54277943
vn -0.45215917 0.70900718 0.54116624
vn -0.42166288 0.66879244 0.61230473
vn -0.48478564 0.62996127 0.60673856
vn -0.45041202 0.59147225 0.66879712
vn -0.51203533 0.55264964 0.65756991
vn -0.47477738 0.51391381 0.71447815
vn -0.53438349 0.47738811 0.69752052
vn -0.49606170 0.43741684 0.75005953
vn -0.55208101 0.40489248 0.72888178
vn -0.51589728 0.36129326 0.77673494
vn -0.56675647 0.33235679 0.75387404
vn -0.53487136 0.28408632 0.79574342
vn -0.57942936 0.25892494 0.77279978
vn -0.55215547 0.20379908 0.80844930
vn -0.59005186 0.18462138 0.78597313
vn -0.56594020 0.11945020 0.81574711
vn -0.59815589 0.10842530 0.79401101
vn -0.57358380 0.03650966 0.81833286
vn -0.60137641 0.03623448 0.79814377
vn 0.34197300 0.04291297 -0.93872943
vn 0.36284187 0.05379058 -0.93029692
vn 0.32646464 0.13907700 -0.93492161
vn 0.33879545 0.14874303 -0.92902807
vn 0.30334300 0.24297288 -0.92138331
vn 0.30869096 0.25071389 -0.91752517
vn 0.27604554 0.34548431 -0.89690549
vn 0.27561215 0.35161330 -0.89465414
vn 0.24558559 0.44399379 -0.86171761
vn 0.24088660 0.44834533 -0.86079040
vn 0.21322921 0.53643357 -0.81656128
vn 0.20580491 0.53883091 -0.81688775
vn 0.17985047 0.62180249 -0.76224371
vn 0.17083144 0.62256538 -0.76369429
vn 0.14632603 0.69866958 -0.70032100
vn 0.13640007 0.69833348 -0.70265594
vn 0.11365558 0.76572125 -0.63305085
vn 0.10305547 0.76475305 -0.63602857
vn 0.08226390 0.82324487 -0.56169434
vn 0.07044678 0.82222440 -0.56478694
vn 0.05223498 0.87180287 -0.48706391
vn 0.03817103 0.87095126 -0.48988456
vn 0.02365593 0.91235557 -0.40871470
vn 0.00640333 0.91113115 -0.41206677
vn -0.00372164 0.94587446 -0.32451141
vn -0.02513240 0.94392706 -0.32919608
vn -0.03035519 0.97179788 -0.23385346
vn -0.05657476 0.96917290 -0.23979820
vn -0.05651139 0.98884237 -0.13783041
vn -0.08783055 0.98556048 -0.14476301
vn -0.08227686 0.99586867 -0.03842019
vn -0.11854950 0.99186409 -0.04638579
vn -0.10776984 0.99220209 0.06261534
vn -0.14873460 0.98741946 0.05367329
vn -0.13391705 0.97710637 0.16531599
vn -0.17989278 0.97114239 0.15659199
vn -0.16161935 0.94959616 0.26860067
vn -0.21326307 0.94129954 0.26167546
vn -0.19100265 0.90934440 0.36960891
vn -0.24871967 0.89719586 0.36493577
vn -0.22135902 0.85718551 0.46500880
vn -0.28503290 0.84023144 0.46126714
vn -0.25126325 0.79509162 0.55199284
vn -0.32013855 0.77354437 0.54693731
vn -0.27956446 0.72582533 0.62850720
vn -0.35229860 0.70065043 0.62046327
vn -0.30585079 0.65373356 0.69216164
vn -0.38093495 0.62439050 0.68192746
vn -0.33157869 0.58198438 0.74252930
vn -0.40723313 0.54737791 0.73112147
vn -0.35710170 0.51027901 0.78236418
vn -0.43247120 0.47205893 0.76819856
vn -0.38187490 0.43436317 0.81578195
vn -0.45772602 0.39577681 0.79614547
vn -0.40447872 0.35041479 0.84475230
vn -0.48216152 0.31521003 0.81741232
vn -0.42314384 0.25604088 0.86913311
vn -0.50372765 0.22809162 0.83320626
vn -0.43623604 0.15126997 0.88702622
vn -0.52010844 0.13389302 0.84354009
vn -0.53195635 0.03873023 0.84588558
vn 0.23539197 0.02927918 -0.97145939
vn 0.29920359 0.03273528 -0.95362761
vn 0.23433828 0.12083139 -0.96461668
vn 0.29030440 0.12936049 -0.94815042
vn 0.22277545 0.22514530 -0.94851499
vn 0.27338889 0.23399056 -0.93300961
vn 0.20666434 0.32762769 -0.92192730
vn 0.25179130 0.33698565 -0.90721652
vn 0.18652669 0.42658312 -0.88500544
vn 0.22625464 0.43620898 -0.87093660
vn 0.16328269 0.52030043 -0.83822803
vn 0.19790328 0.52971754 -0.82476276
vn 0.13797131 0.60738448 -0.78233497
vn 0.16779016 0.61620581 -0.76950429
vn 0.11177732 0.68639740 -0.71858503
vn 0.13703837 0.69417523 -0.70664081
vn 0.08604893 0.75620264 -0.64865488
vn 0.10692224 0.76239903 -0.63821262
vn 0.06202267 0.81661528 -0.57384028
vn 0.07841944 0.82095994 -0.56557508
vn 0.04039462 0.86818969 -0.49458561
vn 0.05197196 0.87059393 -0.48924955
vn 0.02143122 0.91164277 -0.41042437
vn 0.02780402 0.91235580 -0.40845296
vn 0.00471040 0.94714027 -0.32078515
vn 0.00551133 0.94681485 -0.32173167
vn -0.01039134 0.97403303 -0.22616734
vn -0.01548673 0.97325545 -0.22920293
vn -0.02450670 0.99152766 -0.12756301
vn -0.03572648 0.99061726 -0.13191308
vn -0.03814703 0.99892346 -0.02639565
vn -0.05558973 0.99795514 -0.03154880
vn -0.05161419 0.99578771 0.07578139
vn -0.07530948 0.99468751 0.07018001
vn -0.06522443 0.98187839 0.17793424
vn -0.09542060 0.98035986 0.17259625
vn -0.07931207 0.95705017 0.27886298
vn -0.11649807 0.95450826 0.27448529
vn -0.09397555 0.92139346 0.37709771
vn -0.13870250 0.91704661 0.37388118
vn -0.10913861 0.87530229 0.47109942
vn -0.16168447 0.86851470 0.46855133
vn -0.12431936 0.81999102 0.55871229
vn -0.18470324 0.81021691 0.55626727
vn -0.13868531 0.75881261 0.63637238
vn -0.20668837 0.74554570 0.63359413
vn -0.15121677 0.69517411 0.70275632
vn -0.22762446 0.67903299 0.69792644
vn -0.16033111 0.62912391 0.76058993
vn -0.24748365 0.61213751 0.75102564
vn -0.16475864 0.55826488 0.81313892
vn -0.26529097 0.54252408 0.79704976
vn -0.16427483 0.47919537 0.86219811
vn -0.28013883 0.46593625 0.83930069
vn -0.15980922 0.38903065 0.90725750
vn -0.29144721 0.37866689 0.87844744
vn -0.15317735 0.28641995 0.94578027
vn -0.29898605 0.27854690 0.91269873
vn -0.14686265 0.17254429 0.97399170
vn -0.30304587 0.16616521 0.93837750
vn 0.15779518 0.02947678 -0.98703181
vn 0.16192732 0.11439797 -0.98014930
vn 0.15490965 0.21769398 -0.96364534
vn 0.14418365 0.31898173 -0.93672927
vn 0.13005855 0.41692453 -0.89958808
vn 0.11317298 0.51010578 -0.85263355
vn 0.09435946 0.59722809 -0.79650167
vn 0.07463378 0.67703035 -0.73216098
vn 0.05517075 0.74848055 -0.66085782
vn 0.03714471 0.81111052 -0.58371225
vn 0.02134382 0.86498355 -0.50134609
vn 0.00802890 0.91030081 -0.41386951
vn -0.00310333 0.94691371 -0.32147285
vn -0.01258728 0.97430404 -0.22488485
vn -0.02099045 0.99192526 -0.12507466
vn -0.02880129 0.99931453 -0.02325840
vn -0.03632931 0.99619599 0.07920693
vn -0.04378409 0.98247446 0.18118191
vn -0.05133946 0.95818519 0.28150559
vn -0.05905837 0.92352538 0.37896303
vn -0.06695944 0.87884869 0.47237846
vn -0.07471908 0.82522050 0.55984658
vn -0.08151378 0.76498151 0.63887306
vn -0.08530272 0.70035279 0.70868147
vn -0.08417328 0.63116116 0.77107097
vn -0.07724384 0.55598750 0.82759367
vn -0.06510347 0.47294257 0.87868474
vn -0.04978421 0.38063531 0.92338415
vn -0.03428445 0.27889366 0.95970980
vn -0.02202510 0.16918744 0.98533776
vn -0.70101361 0.03819826 0.71212415
vn -0.67894115 0.16682476 0.71498840
vn -0.68949093 0.06456719 0.72141066
vn -0.66152788 0.02074443 0.74963360
vn -0.70253520 -0.00166477 0.71164705
vn -0.68618937 0.12328748 0.71689912
vn -0.65751809 0.28072728 0.69918678
vn -0.64062567 0.31841849 0.69871912
vn -0.61035439 0.43888249 0.65943133
vn -0.66240913 0.14032888 0.73588175
vn -0.62685338 0.16664869 0.76110647
vn -0.65675145 0.21328802 0.72331580
vn -0.62077745 0.23458418 0.74806793
vn -0.61401248 0.29962466 0.73021486
vn 0.11650728 0.04320420 -0.99224969
vn 0.10097317 0.11127653 -0.98864653
vn 0.06821907 0.09436765 -0.99319731
vn 0.05192437 0.17407874 -0.98336181
vn 0.01840266 0.15300743 -0.98805368
vn 0.00004260 0.24237948 -0.97018152
vn -0.03651242 0.21826375 -0.97520653
vn -0.05347224 0.31279622 -0.94831390
vn -0.09530694 0.28688756 -0.95321147
vn -0.10636894 0.38132097 -0.91830276
vn -0.15475542 0.35408480 -0.92232029
vn -0.15826992 0.44749252 -0.88017105
vn -0.21319594 0.41830062 -0.88293380
vn -0.20953103 0.51225418 -0.83288198
vn -0.27036809 0.48026539 -0.83441371
vn -0.25982410 0.57573836 -0.77525272
vn -0.32574633 0.54052036 -0.77571068
vn -0.30977926 0.63817099 -0.70482239
vn -0.37898135 0.59917318 -0.70524083
vn -0.35789151 0.69797173 -0.62028150
vn -0.42821435 0.65552701 -0.62202638
vn -0.40225839 0.75156611 -0.52281600
vn -0.47229043 0.70736844 -0.52590079
vn -0.44179668 0.79538413 -0.41494552
vn -0.51035597 0.75140940 -0.41823521
vn -0.47617333 0.82645218 -0.30039267
vn -0.54225751 0.78417916 -0.30169493
vn -0.50614081 0.84293606 -0.18242881
vn -0.56870183 0.80277905 -0.17923176
vn -0.53294698 0.84378029 -0.06326404
vn -0.59086525 0.80501049 -0.05325755
vn -0.55819216 0.82773610 0.05722284
vn -0.61007086 0.78877257 0.07517569
vn -0.58264750 0.79223078 0.18136230
vn -0.62658880 0.75164616 0.20594787
vn -0.60458826 0.73517781 0.30657238
vn -0.63849433 0.69307974 0.33461241
vn -0.62158264 0.65810568 0.42489050
vn -0.64442014 0.61562799 0.45356903
vn -0.63248215 0.56850416 0.52608873
vn -0.64469163 0.52696129 0.55379103
vn -0.63879968 0.47730725 0.60341757
vn -0.64200984 0.43732715 0.62973671
vn -0.64319782 0.39251987 0.65743799
vn -0.63933590 0.35378036 0.68270716
vn -0.64666838 0.29238306 0.70450845
vn -0.63472387 0.25438123 0.72966828
vn -0.64723296 0.14998053 0.74739236
vn 0.18959329 0.06466985 -0.97973067
vn 0.18087189 0.14223241 -0.97316766
vn 0.13878127 0.12768151 -0.98205763
vn 0.13259562 0.21652498 -0.96723076
vn 0.08987330 0.19580348 -0.97651615
vn 0.08444305 0.29388582 -0.95210320
vn 0.03994634 0.26821914 -0.96252937
vn 0.03791672 0.37068147 -0.92798576
vn -0.00963024 0.34139502 -0.93987057
vn -0.00585205 0.44428719 -0.89586530
vn -0.05729696 0.41207552 -0.90934637
vn -0.04787123 0.51567560 -0.85544551
vn -0.10358533 0.48067431 -0.87075960
vn -0.08905944 0.58559814 -0.80569426
vn -0.14927180 0.54815285 -0.82294981
vn -0.12953234 0.65326041 -0.74597065
vn -0.19429124 0.61419259 -0.76486494
vn -0.17137739 0.71885098 -0.67370844
vn -0.24015253 0.67903860 -0.69370984
vn -0.21445043 0.77986655 -0.58806392
vn -0.28599712 0.74045697 -0.60821798
vn -0.25688591 0.83178141 -0.49208670
vn -0.32971731 0.79403614 -0.51067905
vn -0.29785593 0.87173975 -0.38903940
vn -0.37025327 0.83634554 -0.40427547
vn -0.33660699 0.89816084 -0.28284774
vn -0.40703461 0.86507730 -0.29319633
vn -0.37307298 0.91090180 -0.17627949
vn -0.44051010 0.87937531 -0.18069288
vn -0.40728544 0.91054260 -0.07092771
vn -0.47152494 0.87917093 -0.06872201
vn -0.44024850 0.89721929 0.03433373
vn -0.50151355 0.86404925 0.04362395
vn -0.47523388 0.86772312 0.14563431
vn -0.53224718 0.83117010 0.16083906
vn -0.51188686 0.81777379 0.26309289
vn -0.56271210 0.77704073 0.28206877
vn -0.54675015 0.74667454 0.37886859
vn -0.58965604 0.70207234 0.39924953
vn -0.57633144 0.66049949 0.48123019
vn -0.61057258 0.61322405 0.50115605
vn -0.59942457 0.57032043 0.56162692
vn -0.62560554 0.52178923 0.57996009
vn -0.61731052 0.48526153 0.61923257
vn -0.63686224 0.43650622 0.63550673
vn -0.63532138 0.38671080 0.66844708
vn -0.64789459 0.33688435 0.68318485
vn -0.66685021 0.23389231 0.70753458
vn -0.66282783 0.18970907 0.72434090
vn -0.68162915 0.07930305 0.72738761
vn -0.66453004 0.03662945 0.74636325
vn -0.69143435 -0.04546158 0.72100748
vn -0.69389120 -0.11248440 0.71123995
vn 0.26551136 0.15989777 -0.95075571
vn 0.22437582 0.15339874 -0.96235353
vn 0.22133383 0.24745953 -0.94327892
vn 0.17762100 0.23434238 -0.95578995
vn 0.17766231 0.33578946 -0.92503056
vn 0.13150612 0.31715424 -0.93921208
vn 0.13604468 0.42123304 -0.89669090
vn 0.08758137 0.39815774 -0.91312645
vn 0.09731786 0.50189509 -0.85943618
vn 0.04674029 0.47519231 -0.87863964
vn 0.06048563 0.57885195 -0.81318627
vn 0.00783911 0.54944603 -0.83549243
vn 0.02482428 0.65202453 -0.75779138
vn -0.03001400 0.62129751 -0.78299972
vn -0.00989343 0.71994252 -0.69396317
vn -0.06703019 0.68953377 -0.72114501
vn -0.04580573 0.78275725 -0.62063913
vn -0.10549672 0.75428563 -0.64801514
vn -0.08373656 0.83869199 -0.53813004
vn -0.14587035 0.81322968 -0.56336430
vn -0.12269730 0.88473225 -0.44966012
vn -0.18671080 0.86238483 -0.47056507
vn -0.16239694 0.91979155 -0.35722646
vn -0.22748167 0.89974948 -0.37242847
vn -0.20207619 0.94356202 -0.26240415
vn -0.26735291 0.92441604 -0.27198787
vn -0.24077412 0.95636769 -0.16549523
vn -0.30573795 0.93663729 -0.17098216
vn -0.27760763 0.95831454 -0.06758139
vn -0.34172885 0.93713901 -0.07065311
vn -0.31318161 0.94918646 0.03102169
vn -0.37653607 0.92591301 0.03009453
vn -0.35105372 0.92648931 0.13556861
vn -0.41379541 0.89998193 0.13713455
vn -0.39245094 0.88595605 0.24711158
vn -0.45403805 0.85479162 0.25135778
vn -0.43508322 0.82576630 0.35890473
vn -0.49419320 0.78884079 0.36538102
vn -0.47532863 0.74980997 0.46026917
vn -0.53037926 0.70711597 0.46763751
vn -0.51040458 0.66678767 0.54302980
vn -0.56034949 0.61978138 0.54943561
vn -0.53965285 0.58488102 0.60554851
vn -0.58440826 0.53579762 0.60941604
vn -0.56373392 0.50789990 0.65133844
vn -0.58704338 0.43249975 0.68434204
vn -0.59971773 0.36784493 0.71065375
vn -0.82754770 -0.56131038 -0.00977046
vn -0.86354412 -0.50379009 0.02207031
vn -0.86018972 -0.50627318 0.06132784
vn -0.85532460 -0.42245937 0.29991316
vn -0.82821065 -0.49960582 0.25389201
vn -0.84754543 -0.50286401 0.16968953
vn -0.74892848 -0.51370882 0.41858020
vn -0.70692259 -0.51676899 0.48291848
vn -0.69078239 -0.59024851 0.41764385
vn -0.49662142 -0.86793097 0.00793704
vn -0.53303470 -0.84603432 0.00999673
vn -0.49425497 -0.86875427 0.03127356
vn -0.43960135 -0.86470701 0.24296593
vn -0.40163500 -0.89959117 0.17153731
vn -0.43331887 -0.89210447 0.12800141
vn -0.34878531 -0.81913502 0.45537525
vn -0.26524919 -0.80599870 0.52915873
vn -0.25426506 -0.85889891 0.44456939
vn -0.33158609 -0.86783773 0.37001126
vn -0.23843664 -0.90205356 0.35978791
vn -0.35908095 -0.92705521 0.10784024
vn -0.30779288 -0.95047153 0.04321355
vn -0.32387176 -0.94580272 0.02375502
vn -0.44066354 0.86368140 0.24468363
vn -0.47720664 0.85641138 0.19706185
vn -0.43113859 0.89237939 0.13333620
vn -0.24006902 0.16659498 0.95635400
vn -0.15281435 0.16288842 0.97473850
vn -0.15310245 0.07997915 0.98496851
vn -0.17330895 0.24513875 0.95387159
vn -0.17599366 0.57641055 0.79798315
vn -0.13804153 0.55816640 0.81816551
vn -0.12839261 0.49806062 0.85758437
vn -0.04687605 0.75664483 0.65214357
vn -0.03602207 -0.48668575 0.87283411
vn -0.05600588 -0.93938757 0.33825188
vn -0.09049308 -0.95385552 0.28630518
vn -0.16253683 -0.97648552 0.14162557
vn -0.28291088 -0.95615727 0.07566185
vn -0.33194091 -0.94309764 0.01954685
vn -0.45309223 0.89146319 0.00090187
vn -0.37962381 0.92514094 -0.00009266
vn -0.37139507 0.92833477 0.01613226
vn -0.29054050 0.95686270 -0.00004367
vn -0.28552040 0.95837241 0.00065871
vn -0.28600008 0.95821079 -0.00600278
vn -0.13217318 0.97504798 0.17835832
vn -0.03063400 0.92683723 0.37421158
vn -0.05075497 0.93813475 0.34253047
vn -0.14188875 0.97975506 0.14123598
vn -0.24446635 0.96066513 0.13175246
vn -0.28209735 0.95930541 0.01241839
vn -0.27139263 0.96245117 0.00581287
vn -0.28199244 0.95939782 -0.00600767
vn -0.29106998 0.95665619 0.00933867
vn -0.32433648 0.94593556 -0.00343017
vn -0.58222431 0.81148476 0.05007341
vn -0.65107583 0.75552122 0.07271829
vn -0.65446907 0.75595029 0.01447054
vn -0.61455116 0.78878643 0.01195142
vn -0.55211723 0.83363896 0.01458240
vn -0.49976446 0.86550628 0.03368027
vn -0.51278492 0.85845201 0.01057266
vn -0.77427668 0.63114555 0.04637790
vn -0.68437786 0.71211455 0.15658804
vn -0.82734569 0.56096618 -0.02856669
vn -0.78049230 0.62502909 0.01305411
vn -0.74795202 0.66372214 0.00637936
vn -0.70260286 0.71152508 0.00901570
vn -0.85329263 0.52142516 0.00273717
vn -0.86264619 0.50110381 0.06882235
vn -0.88075883 0.47342515 0.01151132
vn -0.91338535 0.40658153 0.02046107
vn -0.90698142 0.41458301 0.07419992
vn -0.93572831 0.35241720 0.01465085
vn -0.93994059 0.33200152 0.07928850
vn -0.95368059 0.30073134 0.00734796
vn -0.99338025 0.11441064 -0.01029011
vn -0.98397374 0.17771909 0.01454675
vn -0.98363016 0.16778670 0.06572162
vn -0.99995263 -0.00027437 0.00972931
vn -0.99764028 0.00041099 0.06865639
vn -0.99896968 -0.04524203 0.00356893
vn -0.99331911 -0.09026402 0.07189960
vn -0.98317114 -0.16942384 0.06833786
vn -0.99071653 -0.13547720 0.01125584
vn -0.99666264 -0.08068203 0.01240930
vn -0.33643746 -0.94148020 0.02061260
vn -0.34316158 -0.93895189 0.02468780
vn -0.35270187 -0.93547402 0.02213041
vn -0.37195417 -0.92811931 0.01564127
vn -0.02458983 -0.92948714 0.36803396
vn -0.04258795 -0.86149630 0.50597469
vn -0.04479473 -0.75106570 0.65870612
vn -0.04148739 -0.62707482 0.77785344
vn -0.01149036 -0.32539548 0.94550820
vn -0.02855669 -0.16419045 0.98601522
vn -0.01736415 0.01170838 0.99978068
vn 0.00498571 0.02514988 0.99967126
vn 0.00651482 0.16754951 0.98584214
vn -0.01251610 0.33111177 0.94350853
vn -0.03247369 0.48150071 0.87584389
vn -0.04200881 0.62911035 0.77618003
vn -0.03692900 0.85682198 0.51428819
vn -0.06821664 0.48554762 0.87154460
vn -0.04893393 0.32849890 0.94323589
vn -0.10461147 0.33368805 0.93686110
vn -0.02949146 0.16765807 0.98540399
vn -0.07959046 0.17024503 0.98218226
vn -0.11997657 0.23315355 0.96501039
vn -0.13981157 0.39870588 0.90635884
vn -0.08556445 0.62184403 0.77845278
vn -0.08924834 0.95443019 0.28477664
vn -0.14304048 0.95798877 0.24858988
vn -0.19743035 0.96005653 0.19827433
vn -0.10705182 0.91499955 0.38899322
vn -0.15366568 0.92671571 0.34290648
vn -0.21880505 0.93511090 0.27873278
vn -0.09130079 0.69358699 0.71456368
vn -0.12100897 0.63741639 0.76095806
vn -0.18444215 0.65315421 0.73441860
vn -0.26912593 0.67341760 0.68853465
vn -0.27898353 0.25160331 0.92674914
vn -0.26157595 0.33866470 0.90381649
vn -0.18637981 0.33098016 0.92504848
vn -0.29812612 0.43340912 0.85045714
vn -0.20945719 0.41839712 0.88378252
vn -0.32799870 0.52547466 0.78504346
vn -0.23218256 0.51080261 0.82775114
vn -0.34895829 0.61219388 0.70953983
vn -0.26007413 0.59325472 0.76184663
vn -0.35960382 0.69122421 0.62681272
vn -0.43264214 0.76734340 0.47329154
vn -0.43640537 0.70055971 0.56459406
vn -0.42664831 0.62273019 0.65587981
vn -0.40306521 0.53541823 0.74220331
vn -0.36706653 0.44112959 0.81894252
vn -0.32420643 0.34417436 0.88115504
vn -0.41765468 -0.07688734 0.90534684
vn -0.50893451 -0.00134590 0.86080419
vn -0.40844543 0.00038407 0.91278266
vn -0.51669377 0.07699510 0.85270118
vn -0.42024586 0.07812169 0.90404116
vn -0.54018729 0.15849223 0.82648527
vn -0.45097116 0.16018624 0.87804634
vn -0.57411989 0.24516203 0.78120543
vn -0.49376656 0.24752708 0.83362157
vn -0.61044882 0.33615590 0.71718299
vn -0.55091622 0.33643470 0.76374277
vn -0.64052928 0.42830264 0.63740026
vn -0.70222353 0.51155715 0.49516804
vn -0.69704019 0.42523878 0.57732743
vn -0.67962215 0.33593345 0.65212150
vn -0.65516887 0.24688857 0.71400266
vn -0.63068315 0.16075252 0.75920839
vn -0.61311205 0.07841183 0.78609490
vn -0.71370201 -0.00109361 0.70044861
vn -0.81637224 -0.00115857 0.57752491
vn -0.81708010 0.08264274 0.57057015
vn -0.90040792 -0.00126990 0.43504479
vn -0.89946243 0.08419168 0.42881127
vn -0.95601377 -0.00184824 0.29331597
vn -0.95375188 0.08393234 0.28863943
vn -0.98210937 0.08329899 0.16888595
vn -0.97230381 0.16831978 0.16215348
vn -0.96333941 0.25794274 0.07377483
vn -0.97307423 0.23014513 0.01263969
vn -0.60749391 -0.00119469 0.79432344
vn -0.71734101 0.08033311 0.69207548
vn -0.81964163 0.16731064 0.54790030
vn -0.89614352 0.16961767 0.41006906
vn -0.94621007 0.16935287 0.27569205
vn -0.95576209 0.25218845 0.15139293
vn -0.72784472 0.16395103 0.66585442
vn -0.74127932 0.24981097 0.62297628
vn -0.75227611 0.33701114 0.56613085
vn -0.75578210 0.42346630 0.49946943
vn -0.74837012 0.50677178 0.42793052
vn -0.72865785 0.58652128 0.35362484
vn -0.72321895 0.65049118 0.23198183
vn -0.76828014 0.57726204 0.27661194
vn -0.79034593 0.50253570 0.35044426
vn -0.80939167 0.42193845 0.40847653
vn -0.81912780 0.33809827 0.46337804
vn -0.82148977 0.25273803 0.51115364
vn -0.88887378 0.25475993 0.38078967
vn -0.93251837 0.25442100 0.25628002
vn -0.87582638 0.33876848 0.34375001
vn -0.91759011 0.33557249 0.21311849
vn -0.85542627 0.42061985 0.30219998
vn -0.88906570 0.41781337 0.18706728
vn -0.82828407 0.49715520 0.25842255
vn -0.85425853 0.49378231 0.16254658
vn -0.80418771 0.56743045 0.17693167
vn -0.75931942 0.63855359 0.12523312
vn -0.67653063 0.71330880 0.18302148
vn -0.38144995 0.34436230 0.85785228
vn -0.43306127 0.44539761 0.78363187
vn -0.47214613 0.54065567 0.69625389
vn -0.49544939 0.62748078 0.60066444
vn -0.50192107 0.70350891 0.50314059
vn -0.49282718 0.76780449 0.40938689
vn -0.47018421 0.82222268 0.32074395
vn -0.12182319 0.70652607 0.69712268
vn -0.18574922 0.72281295 0.66561150
vn -0.27085510 0.74401152 0.61080634
vn -0.35950802 0.76053769 0.54068142
vn -0.35005521 0.81936168 0.45399095
vn -0.41698268 0.82334425 0.38500610
vn -0.39338518 0.86809269 0.30275927
vn -0.51435741 0.81432894 0.26889558
vn -0.54295603 0.76097941 0.35511841
vn -0.55829692 0.69781897 0.44872401
vn -0.55699606 0.62302177 0.54918054
vn -0.53800878 0.53877021 0.64828482
vn -0.49195332 0.44722337 0.74697603
vn -0.06880292 0.86518237 0.49671483
vn -0.12631611 0.82479929 0.55113554
vn -0.11367862 0.88005619 0.46106211
vn -0.17638467 0.84214191 0.50959342
vn -0.16627478 0.88891904 0.42682037
vn -0.25419170 0.85862228 0.44514532
vn -0.23819659 0.90149138 0.36135256
vn -0.30938856 0.90671715 0.28660552
vn -0.28177960 0.93651188 0.20867620
vn -0.32728812 0.93249368 0.15276788
vn -0.28846370 0.95434934 0.07749862
vn -0.31326713 0.94827173 0.05142412
vn -0.32818120 0.94411152 0.03083069
vn -0.35909502 0.92700189 0.10825097
vn -0.36265989 0.90456501 0.22414270
vn -0.33271806 0.86806182 0.36846624
vn -0.26546428 0.80591341 0.52918078
vn -0.18307963 0.78640085 0.58996234
vn -0.12630032 0.77669772 0.61708094
vn -0.07376636 0.77379411 0.62912733
vn -0.33705258 0.94108606 0.02743343
vn -0.34479540 0.93823138 0.02894838
vn -0.35332745 0.93522484 0.02267622
vn -0.47626445 0.87398245 0.09657566
vn -0.45599660 0.88300980 0.11117910
vn -0.53557513 0.83257236 0.14135967
vn -0.50869283 0.84483231 0.16580103
vn -0.58917458 0.78421089 0.19464478
vn -0.55491034 0.79933112 0.23053042
vn -0.63498116 0.72865796 0.25662524
vn -0.59189063 0.74580450 0.30568142
vn -0.67130605 0.66513653 0.32701925
vn -0.61685305 0.68305872 0.39105383
vn -0.68531141 0.59751417 0.41632330
vn -0.62689097 0.61107338 0.48331878
vn -0.65797294 0.52114419 0.54358103
vn -0.60871395 0.53292925 0.58775313
vn -0.58972265 0.43336060 0.68148792
vn -0.54535046 0.44417658 0.71084460
vn -0.49354953 0.33927445 0.80081315
vn -0.44389279 0.34498494 0.82700942
vn -0.38731188 0.25094638 0.88713890
vn -0.49655988 0.86509669 0.07096475
vn -0.56174849 0.82092556 0.10256635
vn -0.62218739 0.77026391 0.13991559
vn -0.40191128 0.89941125 0.17183343
vn -0.38100291 0.92125262 0.07829684
vn -0.39823512 0.91495555 0.06530799
vn -0.41223863 0.90913972 0.05936567
vn -0.42647491 0.90286818 0.05429726
vn -0.24558067 -0.96142054 0.12393821
vn -0.28090161 -0.93672493 0.20890353
vn -0.32656600 -0.93269961 0.15305580
vn -0.30838789 -0.90683423 0.28731272
vn -0.36183522 -0.90477543 0.22462568
vn -0.39263205 -0.86872165 0.30193174
vn -0.19474873 -0.96114046 0.19565772
vn -0.21910081 -0.93557004 0.27695404
vn -0.41668344 -0.82256292 0.38699503
vn -0.38213849 -0.92110085 0.07445398
vn -0.39896333 -0.91501596 0.05978337
vn -0.35820575 -0.76017960 0.54204761
vn -0.43090676 -0.76710161 0.47526255
vn -0.43425997 -0.70029788 0.56656964
vn -0.50065352 -0.70351832 0.50438876
vn -0.49402470 -0.62758980 0.60172306
vn -0.56535443 -0.62220224 0.54151523
vn -0.53346206 -0.54077928 0.65036605
vn -0.34101459 0.16323268 0.92577759
vn -0.29469607 0.08089884 0.95216049
vn -0.20850984 -0.00094179 0.97801981
vn -0.13244646 0.00143708 0.99118912
vn -0.21689760 -0.07803719 0.97307021
vn -0.13795214 -0.07791228 0.98736968
vn -0.24220940 -0.16135097 0.95671337
vn -0.15302255 -0.15939455 0.97528328
vn -0.27763752 -0.25246039 0.92692026
vn -0.17529108 -0.24412678 0.95376892
vn -0.30741276 -0.34868862 0.88538898
vn -0.19938584 -0.33370496 0.92135025
vn -0.29583794 -0.43424323 0.85083061
vn -0.20770745 -0.41808866 0.88434127
vn -0.22923783 -0.50891210 0.82973399
vn -0.54735628 -0.44245196 0.71037832
vn -0.58120194 -0.53602202 0.61227829
vn -0.59518081 -0.43668414 0.67458636
vn -0.62216759 -0.52767245 0.57833319
vn -0.64636653 -0.43201344 0.62894729
vn -0.66274715 -0.52056609 0.53830954
vn -0.70425696 -0.42961800 0.56519953
vn -0.63437634 -0.60229331 0.48457139
vn -0.32645428 -0.52472043 0.78619086
vn -0.36449798 -0.44107101 0.82012047
vn -0.38054305 -0.34986163 0.85602794
vn -0.37332958 -0.25674942 0.89146215
vn -0.34019162 -0.16249756 0.92620959
vn -0.31091384 -0.07686256 0.94732504
vn -0.29904764 0.00114490 0.95423750
vn -0.42758009 -0.90137300 0.06857091
vn -0.41222548 -0.90940586 0.05523706
vn -0.77241755 -0.63304606 0.05122313
vn -0.68215556 -0.71364595 0.15928982
vn -0.64891721 -0.75706058 0.07593236
vn -0.67596728 -0.71451317 0.18038615
vn -0.62138956 -0.77136281 0.13738423
vn -0.63664165 -0.72944567 0.25019278
vn -0.59032589 -0.78481935 0.18861052
vn -0.59460039 -0.74639537 0.29890522
vn -0.55708359 -0.79963541 0.22414522
vn -0.54867431 -0.76267262 0.34247185
vn -0.51926188 -0.81317708 0.26288808
vn -0.47156134 -0.81975874 0.32500078
vn -0.58671185 -0.80970245 0.01229398
vn -0.57925795 -0.81338767 0.05348571
vn -0.56073558 -0.82190638 0.10022734
vn -0.53633250 -0.83298964 0.13592539
vn -0.51049338 -0.84485656 0.16004345
vn -0.47913529 -0.85679991 0.19058671
vn -0.45725954 -0.88299956 0.10595042
vn -0.47645404 -0.87440361 0.09170543
vn -0.48701513 -0.87027668 0.07372084
vn -0.33836156 -0.94101546 0.00116397
vn -0.38164593 -0.92429060 0.00576745
vn -0.43661050 -0.89960921 0.00863348
vn -0.79105022 -0.50864864 0.33987661
vn -0.73226813 -0.58546432 0.34787197
vn -0.77186450 -0.57710350 0.26678970
vn -0.67449126 -0.66268799 0.32543228
vn -0.75860276 -0.42591500 0.49307025
vn -0.68699818 -0.34040529 0.64199513
vn -0.61628689 -0.34010654 0.71029432
vn -0.55449448 -0.34211059 0.75861467
vn -0.49192245 -0.76773619 0.41060133
vn -0.56550505 -0.70122067 0.43415851
vn -0.62012595 -0.68390646 0.38433809
vn -0.72619307 -0.64876810 0.22747217
vn -0.75726797 -0.64036477 0.12836740
vn -0.80339672 -0.55824569 0.20716046
vn -0.81222952 -0.42453215 0.40006956
vn -0.82214344 -0.34085566 0.45595788
vn -0.75514438 -0.33958077 0.56075117
vn -0.74389225 -0.25224718 0.61886644
vn -0.66183841 -0.25081721 0.70644225
vn -0.63569533 -0.16390623 0.75433825
vn -0.57927986 -0.24880414 0.77622893
vn -0.79050011 -0.61220940 0.01758486
vn -0.88786170 -0.42001810 0.18784673
vn -0.87582143 -0.34086177 0.34168709
vn -0.82437774 -0.25538302 0.50515428
vn -0.72980181 -0.16615856 0.66315960
vn -0.89626873 -0.17190029 0.40884306
vn -0.93764474 -0.25633516 0.23476503
vn -0.94529640 -0.17258120 0.27682205
vn -0.97293003 -0.16696336 0.15978235
vn -0.98171283 -0.08750368 0.16906517
vn -0.96197789 -0.25746953 0.09114812
vn -0.93740787 -0.33842015 0.08208712
vn -0.91352495 -0.40653665 0.01414660
vn -0.93746503 -0.34760409 0.01818546
vn -0.95097295 -0.30879322 0.01723922
vn -0.97105528 -0.23849229 0.01315556
vn -0.98275892 -0.18434497 0.01420699
vn -0.88277259 -0.46918171 0.02410538
vn -0.90504654 -0.41803936 0.07831892
vn -0.91616228 -0.33991616 0.21237627
vn -0.88899426 -0.25697795 0.37901391
vn -0.82190069 -0.16971358 0.54376148
vn -0.65903071 -0.75177848 0.02253091
vn -0.71698547 -0.69690518 0.01596864
vn -0.76281922 -0.64647131 0.01347867
vn -0.51866752 -0.07979763 0.85124400
vn -0.44882890 -0.16279332 0.87866430
vn -0.13350552 -0.97517734 0.17665056
vn -0.13976657 -0.95600211 0.25792494
vn -0.10246279 -0.91590049 0.38810781
vn -0.15456057 -0.92711143 0.34143144
vn -0.11050057 -0.87627721 0.46896469
vn -0.16764810 -0.88954188 0.42498160
vn -0.11817134 -0.82759083 0.54875218
vn -0.17825550 -0.84293039 0.50763504
vn -0.12333627 -0.77114594 0.62459755
vn -0.18532070 -0.78739713 0.58793026
vn -0.18832155 -0.72351321 0.66412622
vn -0.27062577 -0.74376871 0.61120357
vn -0.26925561 -0.67274383 0.68914233
vn -0.35810479 -0.69083607 0.62809751
vn -0.34754075 -0.61178773 0.71058511
vn -0.42434465 -0.62245696 0.65763131
vn -0.40048802 -0.53483551 0.74401634
vn -0.47046009 -0.54055704 0.69747071
vn -0.43129242 -0.44584735 0.78435132
vn -0.49437500 -0.44645348 0.74583688
vn -0.44243231 -0.34835790 0.82637790
vn -0.49876297 -0.34560915 0.79485207
vn -0.44375350 -0.25233776 0.85988865
vn -0.50778020 -0.24872351 0.82480051
vn -0.54397260 -0.16168514 0.82337824
vn -0.61575121 -0.08093016 0.78377341
vn -0.71837048 -0.08240873 0.69076237
vn -0.81831661 -0.08490920 0.56846139
vn -0.89954398 -0.08660703 0.42815868
vn -0.95326655 -0.08745307 0.28919689
vn -0.98522212 -0.00218818 0.17126758
vn -0.99032445 0.09468293 0.10145257
vn -0.99899316 0.04411521 -0.00815506
vn -0.08556214 -0.63255166 0.76977757
vn -0.08244156 -0.74844897 0.65804827
vn -0.07577300 -0.81470209 0.57490778
vn -0.06865421 -0.87480476 0.47958652
vn -0.26070534 -0.59397838 0.76106663
vn -0.17566667 -0.58215805 0.79387230
vn -0.18691628 -0.65269863 0.73419807
vn -0.12424599 -0.63717356 0.76063973
vn -0.13050609 -0.70701664 0.69505081
vn -0.13184592 -0.56830459 0.81218628
vn -0.07489040 -0.48383634 0.87194829
vn -0.12788890 -0.48758466 0.86365828
vn -0.12703775 -0.40697706 0.90456127
vn -0.05660324 -0.32316061 0.94464983
vn -0.10295862 -0.32230628 0.94101976
vn -0.10174196 -0.24158138 0.96503213
vn -0.07622343 -0.15794245 0.98450199
vn -0.08176942 -0.07854604 0.99355135
vn -0.06960286 0.00961764 0.99752842
vn -0.10552554 0.06993192 0.99195458
vn -0.05669116 0.99836188 -0.00772492
vn 0.75065290 -0.55284878 -0.36177125
vn 0.76115244 -0.53502762 -0.36659570
vn 0.81243683 -0.51068537 -0.28133049
vn 0.57445373 -0.66720453 -0.47417404
vn 0.58818451 -0.63076396 -0.50613813
vn 0.66401970 -0.61536706 -0.42473665
vn -0.65150837 -0.41062364 0.63790679
vn -0.67658086 -0.40273423 0.61647666
vn -0.64305381 -0.37950160 0.66517691
vn -0.20648266 -0.48098227 0.85206864
vn -0.09961902 -0.50208012 0.85906438
vn -0.17989623 -0.51917319 0.83552172
vn -0.43366652 -0.42907343 0.79235683
vn -0.41517144 -0.46113813 0.78420935
vn -0.51513104 -0.42346967 0.74519357
vn -0.46422953 -0.35557437 0.81120763
vn -0.32970304 -0.35882897 0.87323403
vn -0.39403269 -0.40853818 0.82330723
vn -0.30226503 -0.19250919 0.93358238
vn -0.39521700 -0.24115479 0.88636781
vn -0.41471617 -0.26139094 0.87159926
vn -0.39579561 -0.27066765 0.87754479
vn -0.45911176 -0.29001810 0.83970584
vn -0.50888113 -0.29848198 0.80743328
vn -0.32125781 -0.30425615 0.89678404
vn -0.25518197 -0.31687023 0.91349626
vn -0.29896574 -0.33545045 0.89336022
vn 0.00425098 -0.28658821 0.95804443
vn 0.08229456 -0.28265771 0.95568417
vn 0.00449067 -0.31129833 0.95030163
vn 0.32777724 -0.26547245 0.90668984
vn 0.40708498 -0.25821656 0.87613128
vn 0.32510425 -0.29299167 0.89914576
vn 0.25355230 -0.25050630 0.93432212
vn 0.16604064 -0.24706333 0.95466760
vn 0.27863644 -0.21206436 0.93669122
vn 0.08976995 -0.26229375 0.96080349
vn 0.00824386 -0.25766338 0.96619958
vn 0.11731822 -0.22566675 0.96711476
vn 0.41491450 -0.23590272 0.87874676
vn 0.32987738 -0.23371820 0.91463474
vn 0.43681120 -0.19690952 0.87773722
vn 0.45737806 0.10244634 0.88335161
vn 0.40637707 0.11517552 0.90641728
vn 0.68166104 0.23971839 0.69128382
vn 0.58507070 0.10957021 0.80354629
vn 0.52919236 0.12573684 0.83913389
vn 0.75816296 0.22422254 0.61230154
vn 0.58760240 0.00811131 0.80910915
vn 0.68023907 0.01361599 0.73286384
vn 0.54847257 -0.03941678 0.83523898
vn 0.75856877 0.01491474 0.65142227
vn 0.82122233 0.01229055 0.57047596
vn 0.74453007 -0.02629807 0.66707075
vn 0.86937996 0.00626122 0.49410452
vn 0.90559258 -0.00433646 0.42412647
vn 0.86601187 -0.02949869 0.49915255
vn 0.33703690 -0.49863558 0.79860421
vn 0.29445930 -0.52048236 0.80149350
vn 0.19435555 -0.51805476 0.83297370
vn 0.41215988 -0.35778277 0.83792346
vn 0.47681979 -0.33150784 0.81409179
vn 0.59818522 -0.31434748 0.73712964
vn 0.76947594 -0.63543927 0.06421614
vn 0.82549272 -0.56440313 0.00329886
vn 0.83054248 -0.54506596 -0.11446519
vn 0.85361047 -0.51993529 -0.03188181
vn 0.87654362 -0.47474727 -0.07928630
vn 0.85163066 -0.49778082 -0.16413250
vn 0.55910342 -0.22016026 0.79933274
vn 0.48417236 -0.21870323 0.84719893
vn 0.57731102 -0.18190265 0.79600465
vn 0.67593711 -0.20540737 0.70775478
vn 0.61598203 -0.20396073 0.76089826
vn 0.69131442 -0.16894263 0.70252599
vn 0.97174537 -0.16203334 0.17162787
vn 0.98076638 -0.14011070 0.13589076
vn 0.97834731 -0.20124486 0.04834293
vn 0.76905192 0.49808779 0.40058420
vn 0.69443440 0.56195676 0.44940568
vn 0.75241602 0.60195547 0.26743174
vn 0.77868643 -0.54343592 -0.31356791
vn 0.34891706 -0.69611855 0.62743594
vn -0.48670669 -0.30836966 0.81732781
vn -0.50898343 -0.33156362 0.79435599
vn -0.58240613 -0.36328353 0.72720573
vn -0.43386840 -0.26574428 0.86089383
vn -0.39524506 -0.23540428 0.88789986
vn -0.43131837 -0.27934190 0.85786512
vn -0.30134615 -0.15199247 0.94132289
vn -0.25428107 -0.10440992 0.96147788
vn -0.27428654 -0.15489655 0.94909112
vn -0.08378444 0.07292355 0.99381202
vn 0.00710080 0.15735057 0.98751728
vn 0.00753822 0.13426293 0.99091707
vn 0.65042182 0.74972858 0.12189552
vn 0.71577980 0.69505470 0.06751480
vn 0.70679209 0.68710865 0.16830521
vn -0.61226038 -0.79024023 -0.02564382
vn -0.57502809 -0.81669870 0.04843472
vn -0.50439340 -0.86333292 0.01560645
vn -0.64489558 -0.76427064 0.00027081
vn -0.64610382 -0.75887897 -0.08156321
vn -0.65696339 -0.74638005 -0.10637631
vn -0.57094285 -0.81120654 -0.12636542
vn -0.63902367 -0.75571431 -0.14333400
vn -0.62756408 -0.75853494 -0.17546529
vn -0.55281751 -0.80394511 -0.21923746
vn -0.58663507 -0.71157228 -0.38668357
vn -0.56468082 -0.69087398 -0.45147394
vn -0.46741040 -0.74304221 -0.47897368
vn -0.41290925 -0.57471418 -0.70654764
vn -0.39898489 -0.52293344 -0.75322751
vn -0.29746547 -0.55667931 -0.77564325
vn 0.14544674 -0.09169372 -0.98510787
vn 0.10112448 -0.05338924 -0.99344020
vn 0.06525309 -0.01720130 -0.99772048
vn 0.03116704 -0.03124787 -0.99902562
vn 0.07447799 -0.07785282 -0.99417904
vn 0.01014132 -0.05947602 -0.99817822
vn 0.01989853 -0.14125912 -0.98977266
vn -0.01129103 -0.09153254 -0.99573807
vn -0.06899580 -0.16071619 -0.98458615
vn -0.05180751 -0.12479647 -0.99082886
vn -0.02507269 -0.10258929 -0.99440776
vn -0.35792322 -0.48683941 -0.79679254
vn -0.32927065 -0.43628797 -0.83739694
vn -0.23136924 -0.46850724 -0.85262492
vn -0.27236812 -0.37751958 -0.88503931
vn -0.16875210 -0.38306670 -0.90817544
vn -0.20165932 -0.30082725 -0.93211399
vn -0.11235803 -0.30423699 -0.94594689
vn -0.14540646 -0.23561049 -0.96090825
vn -0.05621783 -0.22998699 -0.97156860
vn -0.11552656 -0.19780263 -0.97341036
vn -0.45228443 -0.58866598 -0.67000833
vn -0.50696172 -0.64745785 -0.56902385
vn -0.47493400 -0.63443596 -0.60985958
vn -0.36314496 -0.63091572 -0.68561731
vn -0.64826931 -0.75875398 -0.06355547
vn -0.23175103 -0.97275743 0.00586861
vn -0.34656492 -0.93797226 -0.01003944
vn -0.32081168 -0.94708522 0.01046157
vn -0.39983182 -0.91654382 -0.00905260
vn -0.42090757 -0.90706474 -0.00838847
vn -0.45877194 -0.88847403 -0.01192480
vn -0.53799024 -0.84246977 -0.02848128
vn 0.15849079 -0.98736014 0.00079414
vn 0.03512897 -0.99925876 -0.01574426
vn 0.06646360 -0.99775529 0.00818356
vn -0.05296907 -0.99854394 -0.01021118
vn -0.03110293 -0.99949662 0.00625393
vn -0.11091051 -0.99376125 -0.01172379
vn -0.13785225 -0.99042977 -0.00675436
vn -0.17307834 -0.98489517 -0.00503819
vn -0.26103600 -0.96521641 -0.01474760
vn 0.52692466 -0.84990945 -0.00208009
vn 0.42358694 -0.90576467 -0.01282454
vn 0.44460329 -0.89571333 0.00505328
vn 0.34017694 -0.94028369 -0.01209301
vn 0.35654424 -0.93426960 0.00406547
vn 0.28325664 -0.95894483 -0.01380155
vn 0.25611860 -0.96663032 -0.00539315
vn 0.21703388 -0.97615778 -0.00350469
vn 0.12997165 -0.99143868 -0.01251842
vn 0.60543442 -0.79577693 -0.01372004
vn 0.55700992 -0.83034860 -0.01615990
vn 0.49689162 -0.86777526 -0.00805125
vn 0.75348751 -0.65745883 -0.00211120
vn 0.67730108 -0.73561099 -0.01182014
vn 0.68645589 -0.72716795 0.00225544
vn 0.61331911 -0.78983299 0.00187331
vn 0.91369360 -0.40640137 -0.00139208
vn 0.86684291 -0.49846363 -0.01083416
vn 0.86956086 -0.49382513 0.00080952
vn 0.81818701 -0.57482339 -0.01216896
vn 0.81742974 -0.57602784 -0.00073636
vn 0.77889184 -0.62699334 -0.01438223
vn 0.73381127 -0.67931167 -0.00752808
vn 0.99765864 -0.06642577 -0.01627456
vn 0.99192515 -0.12665640 -0.00653107
vn 0.99290298 -0.11892363 -0.00092066
vn 0.97941122 -0.20167587 -0.00897223
vn 0.97626239 -0.21658297 -0.00188939
vn 0.95847438 -0.28501052 -0.00979131
vn 0.94994974 -0.31238965 -0.00286496
vn 0.93679581 -0.34966965 -0.01203119
vn 0.90335739 -0.42884098 -0.00639039
vn 0.99986901 -0.01178668 -0.01109234
vn 0.99979357 -0.02031586 0.00028378
vn 0.99872009 0.04966792 -0.00955385
vn 0.99682053 0.07967473 0.00087849
vn 0.99462747 0.10330939 -0.00658569
vn 0.98388508 0.17876730 0.00352095
vn 0.98709522 0.16011388 -0.00256486
vn 0.96199530 0.27305098 0.00286492
vn 0.96725120 0.25366813 -0.00880900
vn 0.94449006 0.32842003 -0.00887754
vn 0.92937965 0.36911683 0.00249585
vn 0.92381432 0.38267379 -0.01130834
vn 0.88735610 0.46101338 0.00811228
vn 0.89845582 0.43889998 -0.01199756
vn 0.83990421 0.54269799 0.00631002
vn 0.85846097 0.51279296 -0.00938903
vn 0.80920281 0.58751204 -0.00451768
vn 0.78005541 0.62569069 0.00497225
vn 0.76715307 0.64146408 -0.00003306
vn 0.71697357 0.69707578 0.00585226
vn 0.73762855 0.67511332 0.01123065
vn 0.68305065 0.73037094 -0.00031784
vn 0.65516889 0.75511119 0.02368167
vn 0.63769710 0.77028685 0.00075700
vn 0.62766884 0.73635511 0.25261230
vn 0.68321945 0.66862080 0.29352582
vn 0.61444669 0.71987256 0.32286028
vn 0.60222697 0.70181952 0.38048921
vn 0.61657606 0.62279437 0.48162343
vn 0.58019011 0.67981390 0.44858945
vn 0.54374255 0.66054632 0.51770899
vn 0.44440785 0.51947330 0.72982816
vn 0.49155095 0.62578311 0.60561800
vn 0.44085570 0.56332404 0.69879344
vn 0.38684077 0.52491308 0.75816916
vn 0.24511195 0.35459367 0.90232115
vn 0.33294539 0.48007620 0.81158747
vn 0.07731130 0.23499092 0.96891807
vn 0.15838210 0.30398548 0.93941894
vn 0.25490695 0.38565322 0.88673222
vn -0.21203203 -0.06153244 0.97532363
vn -0.15313065 -0.00148335 0.98820484
vn -0.15920166 -0.02480970 0.98693430
vn -0.57560598 -0.33565756 0.74566196
vn -0.65042673 -0.36090283 0.66835187
vn -0.64411993 -0.32724811 0.69138860
vn -0.58988577 -0.45018529 0.67034915
vn -0.28141216 -0.55869322 0.78017247
vn -0.34049713 -0.52414314 0.78059956
vn -0.15291869 -0.58978380 0.79295078
vn -0.14669078 -0.55215967 0.82073230
vn -0.07937096 -0.57534251 0.81405236
vn -0.07912962 -0.59753456 0.79792916
vn -0.02865257 -0.62584437 0.77942149
vn 0.14114358 -0.67277592 0.72625826
vn 0.03598154 -0.65191418 0.75743860
vn 0.27633878 -0.68327216 0.67585208
vn 0.46536500 -0.69015995 0.55417927
vn 0.56450365 -0.70100986 0.43579905
vn 0.66992277 -0.66345096 0.33322111
vn 0.61742049 -0.67206700 0.40880054
vn 0.71656785 -0.65054968 0.25162597
vn 0.74089296 -0.64373775 0.19151848
vn 0.74390531 -0.65785655 0.11759956
vn 0.79478080 -0.60290516 -0.06948997
vn 0.79255043 -0.57998580 -0.18836212
vn 0.74605780 -0.50063886 -0.43904270
vn 0.70094850 -0.44135986 -0.56024340
vn 0.63655700 -0.39564615 -0.66201156
vn 0.56578392 -0.34657455 -0.74818089
vn 0.49245318 -0.29291389 -0.81956776
vn 0.43182619 -0.21244165 -0.87658125
vn 0.36835652 -0.21688524 -0.90403223
vn 0.29796707 -0.18583378 -0.93631268
vn 0.21414769 -0.14479630 -0.96600973
vn 0.97614144 -0.21708230 -0.00481377
vn 0.97702051 -0.21285954 -0.01103378
vn 0.99277214 -0.12000857 0.00119576
vn 0.99297556 -0.11813440 0.00661831
vn 0.99973351 -0.02163044 0.00806446
vn 0.99935805 -0.02218977 0.02812666
vn 0.99689769 0.07704160 0.01611177
vn 0.99586222 0.07135005 0.05628148
vn 0.98422563 0.17506793 0.02551736
vn 0.96175698 0.27151135 0.03612613
vn 0.98001810 0.17952008 0.08565668
vn 0.92964114 0.36540279 0.04741470
vn 0.95759143 0.26742056 0.10726090
vn 0.94231926 0.26219021 0.20806417
vn 0.97299958 0.18121695 0.14294139
vn 0.97932943 0.11226462 0.16825731
vn 0.77973148 0.62325539 0.05976232
vn 0.83835929 0.54265339 0.05177837
vn 0.77181588 0.61760792 0.15119757
vn 0.83239582 0.53847502 0.13100327
vn 0.81742011 0.52663573 0.23340774
vn 0.99305996 -0.11511256 0.02410434
vn 0.99402376 -0.03088897 0.10470264
vn 0.99790730 -0.02401790 0.06003474
vn 0.97843810 0.05115479 0.20010514
vn 0.99224244 0.05716799 0.11039367
vn 0.98017163 -0.19806732 0.00573691
vn 0.98740289 -0.12372514 0.09862868
vn 0.99166367 -0.11604621 0.05600392
vn 0.97396402 -0.06239110 0.21794826
vn 0.98935895 -0.04757587 0.13749694
vn 0.95137645 -0.02760891 0.30679080
vn 0.93669677 -0.04869691 0.34673876
vn 0.95374105 -0.08012034 0.28975636
vn 0.90537809 -0.07035143 0.41873762
vn 0.93358302 -0.10433751 0.34283586
vn 0.91657348 -0.12727938 0.37906862
vn 0.88751445 -0.12427774 0.44370388
vn 0.87868370 -0.12317388 0.46124088
vn 0.84319864 -0.15169643 0.51575599
vn 0.89132461 -0.15127129 0.42738442
vn 0.95395344 -0.13321757 0.26874879
vn 0.95373977 -0.14857499 0.26135403
vn 0.89463479 -0.04599868 0.44442403
vn 0.86718262 -0.06312740 0.49397290
vn 0.87187190 -0.09433367 0.48056274
vn 0.82027781 -0.09446835 0.56410996
vn 0.83078788 -0.12437333 0.54251522
vn 0.76329556 -0.12943873 0.63294985
vn 0.78218138 -0.15726913 0.60287537
vn 0.71924437 -0.19334496 0.66731197
vn 0.79707590 -0.18335461 0.57537041
vn 0.85576396 -0.17962290 0.48518415
vn 0.93762416 -0.15537626 0.31099703
vn 0.92019074 -0.17571931 0.34981671
vn 0.95003997 -0.19128463 0.24664600
vn 0.89921097 -0.19937292 0.38944842
vn 0.92693675 -0.21748969 0.30575560
vn 0.88078781 -0.22407175 0.41713869
vn 0.85418356 -0.25004124 0.45590550
vn 0.82410783 -0.27765277 0.49371573
vn 0.90728132 -0.24345432 0.34288569
vn 0.92996732 -0.26842818 0.25121125
vn 0.95654998 -0.24906705 0.15158410
vn 0.97055417 -0.21914988 0.09998966
vn 0.96077913 -0.27650820 0.02113462
vn 0.84517147 -0.22821657 0.48332431
vn 0.82414692 -0.20599320 0.52758758
vn 0.83606866 -0.22815376 0.49893393
vn 0.78590669 -0.23631797 0.57140571
vn 0.80180008 -0.25708678 0.53946549
vn 0.74406673 -0.26753672 0.61219997
vn 0.75556078 -0.21539889 0.61865275
vn 0.70541706 -0.24860705 0.66376299
vn 0.65255700 -0.28180111 0.70339000
vn 0.41480189 -0.33075635 0.84766717
vn 0.47645070 -0.30470474 0.82471192
vn 0.53920427 -0.29913184 0.78726037
vn 0.54381577 -0.27076230 0.79432499
vn 0.60287379 -0.26496104 0.75255488
vn 0.61238320 -0.23499201 0.75482817
vn 0.66615112 -0.22956273 0.70960809
vn 0.26858050 -0.36897310 0.88978838
vn 0.26686572 -0.34239489 0.90085982
vn 0.35202156 -0.34455481 0.87026594
vn 0.33005988 -0.31861038 0.88856508
vn 0.40562966 -0.31200335 0.85913823
vn 0.40319988 -0.28607765 0.86924648
vn 0.47652397 -0.27857135 0.83386024
vn 0.48190441 -0.25053529 0.83964291
vn 0.55064750 -0.24269473 0.79867803
vn 0.96606903 -0.01175105 0.25801656
vn 0.81390779 -0.06168967 0.57770969
vn 0.74846210 -0.09852167 0.65581855
vn 0.67096644 -0.13855918 0.72842666
vn 0.90844615 -0.41679984 -0.03167784
vn 0.90133246 -0.42136030 0.10027611
vn 0.92396450 -0.37928107 0.04935045
vn 0.88527382 -0.41431743 0.21126127
vn 0.91609781 -0.36729368 0.16081095
vn 0.88639146 -0.39186444 0.24648008
vn 0.85209763 -0.51813614 0.07392273
vn 0.88584772 -0.46334725 0.02414821
vn 0.82908593 -0.52490418 0.19259316
vn 0.87425237 -0.46559823 0.13748123
vn 0.79846687 -0.58652611 0.13578577
vn 0.76869909 -0.60834107 0.19754202
vn 0.76603550 -0.58740077 0.26105545
vn 0.50295768 -0.70338706 0.50227505
vn 0.86599295 -0.40871160 0.28811635
vn 0.84268268 -0.46345228 0.27403994
vn 0.81224153 -0.46666812 0.34997794
vn 0.88119972 -0.35811006 0.30861666
vn 0.83115522 -0.41260232 0.37274701
vn 0.81351377 -0.39075573 0.43070327
vn 0.84622264 -0.35675212 0.39577161
vn 0.77161361 -0.37732068 0.51209524
vn 0.80939256 -0.34560923 0.47480306
vn 0.93785446 -0.34701042 -0.00357617
vn 0.93524681 -0.33155047 0.12404716
vn 0.95139832 -0.29911003 0.07331052
vn 0.91520436 -0.31821937 0.24725980
vn 0.94445056 -0.27619663 0.17812514
vn 0.88683437 -0.31181696 0.34102050
vn 0.92201361 -0.26735501 0.28002178
vn 0.86476735 -0.29150645 0.40890271
vn 0.88695359 -0.26698708 0.37687031
vn 0.79064211 -0.30642465 0.53008394
vn 0.72337167 -0.31745426 0.61315268
vn 0.75384390 -0.33603894 0.56462129
vn 0.83764264 -0.31857334 0.44369566
vn 0.70693458 -0.36837849 0.60377213
vn 0.74354488 -0.40565389 0.53158812
vn 0.70059514 -0.41074091 0.58348810
vn 0.65227140 -0.33042177 0.68217555
vn 0.67990546 -0.34803898 0.64544359
vn 0.02588776 -0.41717087 0.90845929
vn 0.09005697 -0.40077048 0.91174161
vn 0.22521813 -0.39623277 0.89009909
vn 0.31105806 -0.41376321 0.85559505
vn 0.48918675 -0.37566955 0.78712687
vn 0.43582629 -0.40397184 0.80427744
vn 0.60352675 -0.36120538 0.71083482
vn 0.55356688 -0.39109460 0.73526099
vn 0.63405083 -0.37839499 0.67438622
vn 0.58610159 -0.40822760 0.69988224
vn 0.66319375 -0.39618940 0.63498662
vn 0.61688668 -0.42622308 0.66165302
vn 0.68318026 -0.41546636 0.60054345
vn 0.63758370 -0.44592525 0.62820196
vn 0.70245606 -0.43646040 0.56219018
vn 0.65705625 -0.46765292 0.59125107
vn 0.77972310 -0.42111819 0.46334798
vn 0.74291346 -0.45178540 0.49393274
vn 0.56775163 -0.45579249 0.68550076
vn 0.48482549 -0.46528642 0.74057599
vn 0.53629595 -0.43727082 0.72192859
vn 0.45131779 -0.44732679 0.77214700
vn 0.50275574 -0.41985667 0.75561699
vn 0.33276752 -0.45547292 0.82571799
vn 0.38366536 -0.43057519 0.81694914
vn 0.19900700 -0.45991474 0.86537544
vn 0.26095727 -0.43733501 0.86060408
vn 0.13843860 -0.44583850 0.88434314
vn 0.39942655 -0.47300080 0.78532074
vn 0.28597971 -0.48353408 0.82729100
vn 0.17182619 -0.48275681 0.85873257
vn 0.04894318 -0.47825528 0.87685600
vn -0.02176437 -0.51248535 0.85842010
vn 0.08971675 -0.51539219 0.85224515
vn 0.43182713 -0.49208426 0.75589577
vn 0.51588957 -0.48460779 0.70640870
vn 0.58833325 -0.47616061 0.65355571
vn 0.37748438 -0.51745815 0.76794701
vn 0.46146928 -0.51235779 0.72424830
vn 0.53550223 -0.50581434 0.67630556
vn 0.60726827 -0.49882362 0.61838519
vn 0.76412035 -0.28699908 0.57771240
vn 0.69930917 -0.29906642 0.64925030
vn 0.54347081 -0.34574143 0.76491983
vn 0.36421449 -0.38776126 0.84675204
vn 0.17578910 -0.41947418 0.89058386
vn -0.00183463 -0.44219339 0.89691785
vn 0.53702418 -0.58185787 0.61077528
vn 0.67890986 -0.54033162 0.49711482
vn 0.62501979 -0.57475428 0.52821187
vn 0.74658304 -0.52459038 0.40916829
vn 0.69149360 -0.56726521 0.44726589
vn 0.78000250 -0.52690992 0.33758264
vn 0.70282091 -0.58936323 0.39836385
vn 0.36518201 -0.61212991 0.70138368
vn 0.47185612 -0.61258920 0.63410274
vn 0.56434387 -0.60880848 0.55755559
vn 0.63720843 -0.60332223 0.47954948
vn 0.57389393 -0.67113665 0.46927749
vn 0.68594836 -0.62934771 0.36523460
vn 0.50565517 -0.67295399 0.53985718
vn 0.63767689 -0.63453503 0.43673044
vn 0.74693466 -0.58245810 0.32067301
vn 0.80982762 -0.52319172 0.26542352
vn 0.84424329 -0.49104829 0.21476694
vn 0.72656163 -0.50592872 0.46491324
vn 0.59669273 -0.54977413 0.58455640
vn 0.43186077 -0.58770839 0.68417478
vn 0.69896570 -0.48448587 0.52604219
vn 0.55305942 -0.52954977 0.64319695
vn 0.47921652 -0.53449488 0.69618012
vn 0.40467593 -0.53876019 0.73890111
vn 0.32190124 -0.54123704 0.77681533
vn 0.23222273 -0.54133267 0.80810367
vn 0.13778916 -0.53858161 0.83123041
vn 0.04154788 -0.53387438 0.84454243
vn -0.08786082 -0.53893571 0.83775222
vn 0.77388799 -0.46620411 0.42866200
vn 0.65066108 -0.51706963 0.55612873
vn 0.49449815 -0.55935738 0.66527506
vn 0.41966130 -0.56181708 0.71291371
vn 0.34570317 -0.56353189 0.75028070
vn 0.26523328 -0.56326165 0.78255199
vn 0.17963493 -0.56061326 0.80835887
vn 0.12592809 -0.53785129 0.83358150
vn 0.02421476 -0.55174329 0.83366239
vn -0.03762597 -0.56404494 0.82488641
vn 0.13930532 -0.57783234 0.80417897
vn 0.06782960 -0.59375826 0.80177944
vn 0.22970261 -0.60720212 0.76061968
vn 0.24058168 -0.56552246 0.78886298
vn 0.29771551 -0.58737711 0.75256468
vn 0.38680860 -0.56844130 0.72612230
vn 0.42365246 -0.67186389 0.60755041
vn 0.32740049 -0.66686448 0.66940323
vn 0.21754095 -0.65684051 0.72196709
vn 0.09676793 -0.64065769 0.76170447
vn 0.57516512 -0.63889233 0.51088322
vn 0.49703554 -0.64151622 0.58430523
vn 0.40169294 -0.64118400 0.65385461
vn 0.28868931 -0.63632459 0.71536669
vn 0.16030335 -0.62537453 0.76368156
vn 0.02781601 -0.61044709 0.79156845
vn -0.04123171 -0.60031005 0.79870382
vn 0.82766393 0.20139648 0.52384336
vn 0.91502216 0.24208841 0.32268816
vn 0.89537989 0.18026464 0.40718486
vn 0.93304966 0.19244647 0.30394519
vn 0.93691633 0.13983369 0.32036592
vn 0.96340021 0.15780053 0.21670030
vn 0.96303704 0.10095305 0.24973616
vn 0.97117865 -0.01051797 0.23812055
vn 0.93845092 0.01491075 0.34509062
vn 0.95800645 0.03844265 0.28415808
vn 0.90038251 0.02333858 0.43447284
vn 0.91712742 0.06526620 0.39321446
vn 0.87719806 0.04358096 0.47814669
vn 0.94331289 0.08438903 0.32099732
vn 0.87765157 0.07294176 0.47371639
vn 0.83500622 0.05253721 0.54772663
vn 0.81389401 -0.02600724 0.58043102
vn 0.48449753 -0.00131281 0.87479164
vn 0.42829652 -0.05183099 0.90215056
vn 0.90171742 0.11726571 0.41611831
vn 0.85310329 0.09368203 0.51326257
vn 0.86172756 0.12610537 0.49144995
vn 0.81007154 0.10324619 0.57716924
vn 0.83339204 0.14994777 0.53195243
vn 0.76147423 0.10922251 0.63892679
vn 0.71357947 0.11068419 0.69177551
vn 0.65703009 0.12914366 0.74272025
vn 0.86733974 0.27052353 0.41777841
vn 0.89588126 0.34870246 0.27532410
vn 0.84253239 0.31556346 0.43653051
vn 0.78111430 0.33433557 0.52733308
vn 0.61024551 0.24960737 0.75186208
vn 0.26320573 0.07613548 0.96173080
vn 0.92227750 0.35935406 0.14236878
vn 0.09043867 -0.05854257 0.99417987
vn 0.17447213 -0.04325521 0.98371158
vn -0.01803547 -0.11541531 0.99315358
vn 0.78163391 0.05858269 0.62098027
vn 0.71670482 0.06111144 0.69469388
vn 0.64096695 0.05980628 0.76523499
vn 0.55647971 0.05494369 0.82904254
vn 0.46762057 0.04698367 0.88267975
vn 0.38004709 0.03655205 0.92424464
vn 0.29786062 0.02449078 0.95429516
vn 0.22326387 0.01169874 0.97468784
vn 0.15130398 -0.00099073 0.98848679
vn -0.08180245 -0.08840112 0.99272030
vn 0.74131094 -0.06418811 0.66808531
vn 0.65238225 -0.10677705 0.75033064
vn 0.55134329 -0.15133652 0.82043759
vn 0.65575054 -0.03074971 0.75435117
vn 0.64642815 -0.07096049 0.75966786
vn 0.52932291 -0.08178643 0.84446920
vn 0.53116727 -0.11890579 0.83888184
vn 0.38953288 -0.13377224 0.91124592
vn 0.40779269 -0.16650758 0.89776408
vn 0.25067953 -0.18226945 0.95075634
vn 0.24594390 -0.27206335 0.93031883
vn 0.24424283 -0.29906634 0.92244499
vn -0.03191570 -0.23699820 0.97098571
vn -0.06118319 -0.27083852 0.96067846
vn -0.13092931 -0.26533619 0.95522470
vn -0.13381778 -0.28665572 0.94864182
vn -0.19798320 -0.29426802 0.93499144
vn -0.13168464 -0.31428878 0.94014984
vn -0.06925540 -0.28972046 0.95460240
vn -0.06577178 -0.30790844 0.94913986
vn -0.06274676 -0.33235659 0.94106426
vn -0.03058266 -0.40352731 0.91445635
vn -0.06014521 -0.35938560 0.93124892
vn 0.01137600 -0.35911584 0.93322366
vn 0.01484828 -0.33466882 0.94221882
vn 0.09184091 -0.33230339 0.93869042
vn 0.08219752 -0.30824730 0.94774847
vn 0.16268481 -0.30418147 0.93861989
vn 0.16347920 -0.27782498 0.94661916
vn 0.39566552 -0.09585149 0.91337905
vn 0.25656283 -0.11185505 0.96003331
vn 0.23899111 -0.14980700 0.95939622
vn 0.09410656 -0.16566232 0.98168220
vn 0.09532203 -0.19706882 0.97574463
vn -0.04436324 -0.21029512 0.97663088
vn -0.15458075 -0.24603077 0.95685613
vn -0.23904066 -0.27462451 0.93136510
vn -0.30261073 -0.29803225 0.90531957
vn 0.30365738 -0.06689005 0.95043039
vn 0.12341656 -0.12851499 0.98399809
vn -0.03474398 -0.18060659 0.98294156
vn -0.16171312 -0.22202436 0.96153734
vn -0.25868357 -0.25442958 0.93185214
vn -0.33101921 -0.28016424 0.90107396
vn -0.38455220 -0.30143536 0.87250005
vn -0.41115622 -0.32186236 0.85285121
vn -0.46387634 -0.33255895 0.82111101
vn -0.53098156 -0.32644193 0.78198098
vn -0.50379408 -0.30578191 0.80789167
vn -0.39814634 -0.28392752 0.87227556
vn -0.34061303 -0.26201116 0.90295787
vn -0.25640629 -0.23243524 0.93820556
vn -0.14317924 -0.19416810 0.97046301
vn 0.00412404 -0.14466291 0.98947240
vn 0.18291165 -0.08323025 0.97959995
vn 0.37640864 -0.01375216 0.92635167
vn -0.41948167 -0.24743962 0.87338924
vn -0.33088847 -0.20841421 0.92036750
vn -0.28553331 -0.19756618 0.93778373
vn -0.20374242 -0.15617756 0.96648725
vn -0.15401777 -0.14402334 0.97751512
vn -0.03862018 -0.08651737 0.99550149
vn 0.01920496 -0.07323626 0.99712969
vn -0.09346822 -0.13031115 0.98705760
vn -0.17629386 -0.17359683 0.96890898
vn -0.23904799 -0.18647438 0.95293408
vn -0.29287341 -0.21641426 0.93133777
vn -0.35582653 -0.22809375 0.90628954
vn -0.42768993 -0.25940838 0.86590335
vn -0.48425718 -0.28373343 0.82764142
vn -0.32985273 -0.24232200 0.91240190
vn -0.49055468 -0.28300477 0.82417499
vn -0.54955689 -0.31825574 0.77246392
vn -0.22990674 -0.20644670 0.95106396
vn -0.09613131 -0.15967703 0.98247749
vn 0.07410654 -0.09961086 0.99226302
vn 0.27081564 -0.02804759 0.96222254
vn -0.18881215 -0.10509988 0.97637287
vn 0.03436749 0.06338889 0.99739697
vn 0.05951827 0.06226656 0.99628332
vn 0.33117192 0.28818533 0.89848449
vn 0.36998055 0.27607499 0.88707215
vn 0.57154745 0.46731378 0.67450081
vn 0.59482665 0.42777772 0.68057878
vn 0.48592265 0.51520833 0.70600252
vn 0.27197398 0.32625540 0.90531076
vn 0.02043544 0.10320435 0.99445023
vn 0.51133455 0.47090191 0.71887994
vn 0.29901411 0.30473633 0.90428222
vn 0.03198131 0.09068756 0.99536574
vn -0.16899332 -0.06599062 0.98340556
vn 0.66037136 0.42338360 0.62020641
vn 0.41671229 0.26763640 0.86874716
vn 0.07778188 0.05087197 0.99567164
vn -0.18788190 -0.11852101 0.97501444
vn -0.30960412 -0.19262952 0.93114938
vn -0.35295858 -0.21773991 0.90995031
vn -0.35443334 -0.20109977 0.91320090
vn 0.88771342 0.45670435 0.05818943
vn 0.87583371 0.44810676 0.17920839
vn 0.83711561 0.42753127 0.34125424
vn 0.68663285 0.38500711 0.61668862
vn 0.47224592 0.26162075 0.84174722
vn 0.11881555 0.05432501 0.99142910
vn -0.16692069 -0.11282844 0.97949335
vn -0.32534560 -0.20463929 0.92318633
vn -0.39096635 -0.25123479 0.88545265
vn 0.75346887 0.37516581 0.53994006
vn 0.53709585 0.25630478 0.80363917
vn 0.17791049 0.06326639 0.98201080
vn -0.13823927 -0.10488464 0.98482949
vn -0.47255252 -0.30672538 0.82620437
vn 0.25120630 -0.32426813 0.91200086
vn 0.17111547 -0.32884931 0.92875057
vn 0.19876796 -0.35482890 0.91355774
vn 0.10652104 -0.35869587 0.92735675
vn 0.12577687 -0.38382765 0.91479862
vn 0.03277587 -0.39299125 0.91895790
vn -0.20359728 -0.42772346 0.88068201
vn -0.29536444 -0.41112255 0.86240251
vn -0.15117400 -0.39506251 0.90613025
vn -0.30704872 -0.39245158 0.86700798
vn -0.11718458 -0.35852092 0.92613742
vn -0.26527191 -0.35404183 0.89681949
vn -0.20894132 -0.33398947 0.91912707
vn -0.03966429 -0.47365850 0.87981496
vn -0.19251659 -0.46087091 0.86633444
vn -0.14741971 -0.43180762 0.88983685
vn -0.11936025 -0.39512950 0.91083797
vn -0.27302948 -0.44720983 0.85173838
vn -0.51372936 -0.39865866 0.75970614
vn -0.58587535 -0.38779933 0.71159100
vn -0.54788740 -0.35254869 0.75863615
vn -0.62900775 -0.37133681 0.68297747
vn -0.61153252 -0.34136175 0.71379278
vn -0.27217199 -0.48182301 0.83292796
vn -0.47551330 -0.47631079 0.73960472
vn -0.33630091 -0.49540169 0.80092375
vn -0.56765610 -0.42923480 0.70251266
vn -0.58490390 -0.34465418 0.73423493
vn -0.66558805 -0.37976301 0.64247382
vn -0.61039811 -0.38592309 0.69172069
vn -0.54712655 -0.35368293 0.75865732
vn -0.50299069 -0.31375761 0.80533008
vn -0.46601683 -0.27666785 0.84040658
vn -0.37626306 -0.23015764 0.89747065
vn -0.26649866 -0.17727689 0.94739188
vn -0.67092353 -0.39640950 0.62667466
vn -0.63360179 -0.38909046 0.66869828
vn -0.57446952 -0.35665266 0.73673852
vn -0.52608935 -0.30785070 0.79275340
vn 0.15686385 -0.91413353 -0.37383635
vn 0.15376140 -0.94096666 -0.30156123
vn 0.06575135 -0.92014516 -0.38601768
vn 0.04110560 -0.94676340 -0.31929516
vn -0.02769236 -0.91842772 -0.39461836
vn -0.05485041 -0.94471763 -0.32326463
vn -0.12303037 -0.90846877 -0.39943463
vn -0.15217008 -0.93373975 -0.32399746
vn -0.22027938 -0.88944541 -0.40045456
vn -0.25047597 -0.91314096 -0.32161371
vn -0.31863692 -0.86034311 -0.39784449
vn -0.34877411 -0.88217671 -0.31641883
vn -0.41644538 -0.82044607 -0.39171609
vn -0.44540683 -0.84043148 -0.30868702
vn -0.50536300 -0.77305803 -0.38339212
vn -0.53317668 -0.79119975 -0.29954230
vn -0.60927788 -0.72861346 -0.31289437
vn -0.62640380 -0.74042890 -0.24368695
vn 0.24609399 -0.90522786 -0.34641055
vn 0.11765734 -0.96173176 -0.24744447
vn 0.01452991 -0.96943968 -0.24489915
vn -0.08300559 -0.96587617 -0.24534324
vn -0.18115582 -0.95289610 -0.24325214
vn -0.27926245 -0.93002950 -0.23886738
vn -0.37625267 -0.89685266 -0.23257092
vn -0.47060024 -0.85325373 -0.22470756
vn -0.54244131 -0.67652268 -0.49807076
vn -0.42171172 -0.69522388 -0.58208503
vn -0.37934484 -0.78774558 -0.48533945
vn -0.33378852 -0.73915128 -0.58501334
vn -0.28185060 -0.82581747 -0.48845239
vn -0.23883124 -0.77586894 -0.58394094
vn -0.18500580 -0.85353074 -0.48709150
vn -0.14556708 -0.80318960 -0.57766486
vn -0.09029608 -0.87184551 -0.48138553
vn -0.05514442 -0.82218044 -0.56654958
vn 0.00177462 -0.88195130 -0.47133720
vn 0.03231651 -0.83404816 -0.55074432
vn 0.09170626 -0.88468476 -0.45708078
vn 0.11780354 -0.83951106 -0.53041824
vn 0.17950600 -0.88052407 -0.43869689
vn 0.20163841 -0.83883167 -0.50567121
vn 0.26549578 -0.86954561 -0.41641617
vn 0.28451132 -0.83174089 -0.47671837
vn 0.35296363 -0.85150363 -0.38776055
vn 0.36648426 -0.81745967 -0.44435230
vn 0.44958256 -0.79964958 -0.39804028
vn 0.97862822 -0.20537206 -0.01044641
vn 0.95951461 -0.27904865 -0.03825658
vn 0.95526986 -0.29327721 -0.03805220
vn 0.93067289 -0.35834304 -0.07374441
vn 0.92328712 -0.37919345 -0.06126346
vn 0.89353646 -0.43652602 -0.10506013
vn 0.88268325 -0.46271980 -0.08222333
vn 0.84761148 -0.51311618 -0.13515387
vn 0.83327711 -0.54324458 -0.10263808
vn 0.79237823 -0.58705357 -0.16584585
vn 0.77502492 -0.61970734 -0.12368988
vn 0.72824803 -0.65624558 -0.19747543
vn 0.70856681 -0.69044456 -0.14566875
vn 0.65659586 -0.71852862 -0.22934360
vn 0.63519028 -0.75388243 -0.16791244
vn 0.57948295 -0.77222658 -0.26051030
vn 0.55644470 -0.80902478 -0.18933623
vn 0.49939052 -0.81650472 -0.28970527
vn 0.47394787 -0.85545011 -0.20875469
vn 0.41865035 -0.85265623 -0.31258478
vn 0.38809012 -0.89362565 -0.22543128
vn 0.32738668 -0.88684021 -0.32608649
vn 0.29965729 -0.92356978 -0.23921615
vn 0.20889320 -0.94557284 -0.24951080
vn -0.28092542 -0.67384883 -0.68338032
vn -0.22361576 -0.59477032 -0.77216854
vn -0.19108900 -0.71002983 -0.67774820
vn -0.14117503 -0.63117297 -0.76268623
vn -0.10358419 -0.73823353 -0.66654450
vn -0.06116039 -0.66128249 -0.74763953
vn -0.01910054 -0.75945958 -0.65027403
vn 0.01621395 -0.68590548 -0.72750998
vn 0.06261641 -0.77477785 -0.62912516
vn 0.09150843 -0.70588557 -0.70239004
vn 0.14298060 -0.78468446 -0.60318061
vn 0.16644891 -0.72147005 -0.67214264
vn 0.22258924 -0.78915041 -0.57244709
vn 0.24187495 -0.73231859 -0.63655792
vn 0.30246208 -0.78748680 -0.53701138
vn 0.31909162 -0.73729693 -0.59546098
vn 0.38330504 -0.77863692 -0.49679150
vn 0.39892641 -0.73486165 -0.54848526
vn 0.46411870 -0.76153357 -0.45239414
vn 0.47932253 -0.72362345 -0.49660750
vn 0.54503258 -0.73486208 -0.40363005
vn 0.55830094 -0.70225793 -0.44173958
vn 0.63939647 -0.66808612 -0.38056943
vn 0.52397542 -0.77288019 -0.35791894
vn 0.60763526 -0.72577760 -0.32253104
vn 0.68251720 -0.67465243 -0.28109496
vn 0.70947839 -0.62642125 -0.32285729
vn 0.75168400 -0.61531174 -0.23740814
vn 0.77536813 -0.57343095 -0.26453960
vn 0.81224338 -0.54981274 -0.19485029
vn 0.83129675 -0.51500302 -0.20908755
vn 0.86326400 -0.48082687 -0.15356037
vn 0.87709278 -0.45430637 -0.15592937
vn 0.90477154 -0.41070881 -0.11272414
vn 0.91342565 -0.39373296 -0.10309194
vn 0.93767396 -0.34047292 -0.06961136
vn 0.94129667 -0.33437447 -0.04641436
vn 0.96245022 -0.27075302 -0.01955419
vn 0.50938390 -0.63919242 -0.57616065
vn 0.49432233 -0.68258223 -0.53826289
vn 0.42862078 -0.63625181 -0.64145761
vn 0.41389806 -0.68704332 -0.59721007
vn 0.34924156 -0.62384110 -0.69917996
vn 0.33452218 -0.68222951 -0.65012138
vn 0.27580184 -0.60442558 -0.74739753
vn 0.25946642 -0.66998383 -0.69555650
vn 0.20748155 -0.58031086 -0.78752188
vn 0.18787905 -0.65228992 -0.73431555
vn 0.13650578 -0.54714077 -0.82583482
vn 0.11926099 -0.63228538 -0.76550115
vn 0.05046354 -0.59896680 -0.79918221
vn 0.06340737 -0.16514868 -0.98422834
vn 0.11679222 -0.11516729 -0.98645632
vn 0.18650820 -0.15946153 -0.96942597
vn 0.14345014 -0.21775160 -0.96540473
vn 0.01610330 -0.19738541 -0.98019370
vn 0.69460243 -0.55132977 -0.46212871
vn 0.68024928 -0.57980874 -0.44842251
vn 0.61945987 -0.55672788 -0.55346503
vn 0.60359951 -0.59358904 -0.53227782
vn 0.54126655 -0.54978387 -0.63621397
vn 0.52489383 -0.59449530 -0.60914843
vn 0.45984033 -0.53148419 -0.71138698
vn 0.44370254 -0.58386443 -0.67987527
vn 0.37981628 -0.50481852 -0.77517602
vn 0.36402958 -0.56402694 -0.74118558
vn 0.30821064 -0.47384781 -0.82490875
vn 0.29170188 -0.53821179 -0.79071998
vn 0.24429318 -0.44079922 -0.86372269
vn 0.22594889 -0.50883846 -0.83068076
vn 0.17560471 -0.40231193 -0.89850325
vn 0.15353577 -0.47383956 -0.86712331
vn 0.05749783 -0.41006566 -0.91024181
vn 0.02914812 -0.49583193 -0.86792919
vn -0.04465439 -0.45280234 -0.89049201
vn -0.02036185 -0.57741390 -0.81619764
vn -0.09204506 -0.54511902 -0.83329044
vn 0.91612107 -0.39353759 -0.07648757
vn 0.88608217 -0.44911983 -0.11467245
vn 0.88594487 -0.44121322 -0.14294256
vn 0.85458233 -0.48106263 -0.19562156
vn 0.84637344 -0.48970687 -0.20937808
vn 0.79664590 -0.53610474 -0.27918994
vn 0.73384060 -0.58237205 -0.34974387
vn -0.05050231 -0.34462744 -0.93738010
vn -0.00652205 -0.27842106 -0.96043697
vn 0.08286907 -0.34003924 -0.93675292
vn 0.11211674 -0.27768026 -0.95410875
vn 0.19726584 -0.33785671 -0.92029290
vn 0.21964769 -0.28173285 -0.93401365
vn 0.26364536 -0.37848101 -0.88726729
vn 0.28500383 -0.32359123 -0.90225359
vn 0.32638352 -0.41355055 -0.84997043
vn 0.34706103 -0.35923759 -0.86631230
vn 0.39750407 -0.44823146 -0.80067413
vn 0.41777026 -0.39623656 -0.81759684
vn 0.47766735 -0.48086140 -0.73525928
vn 0.49759895 -0.43386942 -0.75110093
vn 0.55883409 -0.50657905 -0.65656845
vn 0.57773061 -0.46662555 -0.66969242
vn 0.63592615 -0.52163429 -0.56876673
vn 0.65287901 -0.49001233 -0.57761312
vn 0.70869921 -0.52552927 -0.47070629
vn 0.72219803 -0.50408078 -0.47363760
vn 0.77192534 -0.51764924 -0.36901292
vn 0.77967654 -0.50993483 -0.36341568
vn 0.82035505 -0.50537030 -0.26761624
vn 0.24309626 -0.23615475 -0.94081621
vn 0.27110086 -0.19723744 -0.94212617
vn 0.30897343 -0.27748192 -0.90969182
vn 0.33565258 -0.24133396 -0.91054669
vn 0.37070250 -0.31262654 -0.87455377
vn 0.39725246 -0.27535875 -0.87542449
vn 0.44090408 -0.35079620 -0.82616319
vn 0.46666838 -0.31393172 -0.82684188
vn 0.51968531 -0.39253276 -0.75884465
vn 0.54348839 -0.35905266 -0.75875000
vn 0.59775505 -0.43194180 -0.67536300
vn 0.61829609 -0.40480576 -0.67367814
vn 0.66989841 -0.46393745 -0.57965348
vn 0.68618109 -0.44583728 -0.57479095
vn 0.73447033 -0.48905894 -0.47050472
vn 0.74447186 -0.48294936 -0.46100062
vn 0.78596355 -0.50507828 -0.35659111
vn 0.78699298 -0.51625282 -0.33782403
vn 0.81564291 -0.52940471 -0.23336089
vn -0.11097400 -0.42175575 -0.89989269
vn -0.16576535 -0.50823974 -0.84511196
vn -0.20878893 -0.54795061 0.81003538
vn 0.94994697 -0.31240240 -0.00234608
vn 0.91413379 -0.40539980 -0.00322642
vn 0.86942900 -0.49404017 -0.00418629
vn 0.81614621 -0.57782230 -0.00517267
vn 0.75482622 -0.65589513 -0.00624044
vn 0.68605174 -0.72751513 -0.00739971
vn 0.61052657 -0.79194911 -0.00859794
vn 0.52901911 -0.84855394 -0.00974635
vn 0.44230471 -0.89680039 -0.01075189
vn 0.35123129 -0.93621739 -0.01155756
vn 0.25670832 -0.96641267 -0.01214075
vn 0.15965053 -0.98709471 -0.01247967
vn 0.06098827 -0.99805890 -0.01260405
vn -0.03826877 -0.99918876 -0.01254290
vn -0.13717816 -0.99046978 -0.01231957
vn -0.23473769 -0.97198514 -0.01196306
vn -0.32999199 -0.94391364 -0.01150356
vn -0.42202452 -0.90651797 -0.01097624
vn -0.50987048 -0.86018822 -0.01040830
vn -0.58970382 -0.80755808 -0.00996782
vn -0.65913151 -0.75200849 -0.00537392
vn 0.95183036 -0.30552932 -0.02590003
vn 0.95011378 -0.31170920 -0.01100802
vn 0.91763005 -0.39553224 -0.03885029
vn 0.91469079 -0.40382598 -0.01628912
vn 0.87457243 -0.48222674 -0.05079802
vn 0.87033422 -0.49200765 -0.02113813
vn 0.82281993 -0.56484271 -0.06261044
vn 0.81737972 -0.57551127 -0.02602251
vn 0.76269721 -0.64239689 -0.07496131
vn 0.75632837 -0.65344711 -0.03121340
vn 0.69487645 -0.71371784 -0.08805434
vn 0.68780054 -0.72496678 -0.03679105
vn 0.62036689 -0.77772005 -0.10147138
vn 0.61258194 -0.78926096 -0.04255005
vn 0.54027089 -0.83367254 -0.11444413
vn 0.53150522 -0.84568753 -0.04811249
vn 0.45560493 -0.88120723 -0.12608712
vn 0.44536436 -0.89377597 -0.05305749
vn 0.36683357 -0.92032953 -0.13574491
vn 0.35487737 -0.93316841 -0.05708557
vn 0.27487667 -0.95075603 -0.14319842
vn 0.26097779 -0.96347293 -0.06008744
vn 0.18026108 -0.97239894 -0.14814267
vn 0.16446576 -0.98443603 -0.06194126
vn 0.08331849 -0.98505032 -0.15077765
vn 0.06613886 -0.99583539 -0.06274976
vn -0.01496757 -0.98836572 -0.15135778
vn -0.03297091 -0.99749099 -0.06264702
vn -0.11372539 -0.98211084 -0.15008277
vn -0.13192961 -0.98933452 -0.06173963
vn -0.21197875 -0.96612350 -0.14720867
vn -0.22972396 -0.97139474 -0.06015946
vn -0.30883839 -0.94030196 -0.14300725
vn -0.32540417 -0.94379166 -0.05804681
vn -0.40327806 -0.90464100 -0.13780955
vn -0.41801877 -0.90673751 -0.05556437
vn -0.49408284 -0.85935027 -0.13190626
vn -0.50654676 -0.86059119 -0.05285064
vn -0.58317517 -0.81090702 -0.04833760
vn -0.66007637 -0.75055306 -0.03113346
vn -0.36311950 0.28534880 0.88697254
vn -0.41837255 0.17542207 0.89117423
vn -0.43822262 0.25825560 0.86096746
vn 0.11342009 0.82111649 0.55937786
vn 0.13131147 0.75341481 0.64430073
vn 0.07874732 0.69697795 0.71275564
vn -0.69696499 0.44294995 0.56394605
vn -0.71105361 -0.68041226 -0.17731869
vn -0.70107968 -0.67314332 -0.23529845
vn -0.72778000 -0.68329747 -0.05865865
vn -0.06777623 0.99765314 0.00972640
vn -0.07247375 0.99736856 0.00187170
vn -0.16564818 0.98618467 0.00069639
vn -0.62242947 -0.28900820 0.72736224
vn -0.39362771 -0.18692668 0.90006424
vn -0.46721144 -0.25059433 0.84788912
vn -0.26689276 -0.06382243 0.96161060
vn -0.32530194 -0.12254589 0.93763594
vn -0.04053559 0.18539565 0.98182754
vn -0.13927979 0.07450380 0.98744636
vn -0.20587371 -0.00074251 0.97857829
vn 0.12905040 0.36657918 0.92139334
vn 0.34516649 0.53949266 0.76798943
vn 0.47103328 0.65717576 0.58842813
vn 0.54576177 0.71741145 0.43297218
vn 0.57183984 0.81310096 0.10893133
vn 0.57442998 0.81855143 0.00193772
vn 0.58031246 0.81422953 0.01636222
vn 0.49676135 0.86774665 0.01561757
vn 0.50106085 0.86541046 0.00165959
vn 0.40468807 0.91436145 0.01306572
vn 0.43885464 0.89855722 0.00124055
vn 0.46292294 0.88639824 0.00071992
vn 0.31780297 0.94815673 0.00030309
vn 0.34513473 0.93854558 0.00377110
vn 0.39850233 0.91716456 0.00225113
vn 0.29054949 0.95684454 0.00543331
vn 0.22086876 0.97530188 0.00179754
vn 0.22685634 0.97391469 0.00513615
vn 0.12606293 0.99201812 0.00286149
vn 0.13878094 0.99030681 0.00568169
vn 0.02937492 0.99956846 0.00002147
vn 0.05797654 0.99828097 0.00859202
vn -0.04212425 0.99905818 0.01040634
vn -0.02996887 0.99951267 0.00873441
vn -0.00059027 0.99995142 0.00983895
vn -0.44375101 0.89614953 0.00103164
vn -0.33201262 0.94323740 0.00841635
vn -0.35986521 0.93299001 0.00516440
vn -0.27574321 0.96119324 0.00855735
vn -0.26413628 0.96448435 -0.00139812
vn -0.21356074 0.97684744 0.01268432
vn -0.12559907 0.99205693 0.00692238
vn -0.61239042 0.79055377 -0.00164577
vn -0.54628745 0.83752901 0.01073193
vn -0.53253608 0.84640439 -0.00221999
vn -0.48798485 0.87272463 0.01491675
vn -0.40023395 0.91638971 0.00653265
vn -0.81347279 0.58160285 0.00039467
vn -0.72830277 0.68522162 0.00681143
vn -0.75682487 0.65356782 0.00807654
vn -0.68207915 0.73120727 0.01019575
vn -0.68940677 0.72437285 0.00151069
vn -0.64190628 0.76663983 0.01482262
vn -0.59147891 0.80620896 0.01340955
vn -0.91438773 0.40475274 0.00838458
vn -0.86731049 0.49765659 0.01050825
vn -0.86976229 0.49347085 -0.00027290
vn -0.83781783 0.54571989 0.01584552
vn -0.78886461 0.61450588 0.00866823
vn -0.96054890 0.27770087 0.01510117
vn -0.93094383 0.36512428 0.00527639
vn -0.94727180 0.32043112 0.00019399
vn -0.89629582 0.44340470 0.00678851
vn -0.99949682 0.03171912 -0.00002876
vn -0.98686460 0.16143825 0.00599581
vn -0.99263392 0.12082733 0.00886921
vn -0.97552516 0.21967719 0.00962240
vn -0.97543307 0.22028744 -0.00194227
vn -0.96545673 -0.26056341 -0.00005033
vn -0.99062997 -0.13649989 0.00447769
vn -0.98515647 -0.17152660 0.00673519
vn -0.99736430 -0.07209965 0.00813033
vn -0.99732797 -0.07304158 -0.00136171
vn -0.99982714 -0.01417482 0.01203173
vn -0.99696993 0.07770265 0.00364085
vn -0.84782365 -0.53027813 -0.00040057
vn -0.90410667 -0.42729074 0.00370859
vn -0.89321804 -0.44960869 0.00368208
vn -0.92993086 -0.36768984 0.00572526
vn -0.93354729 -0.35844311 -0.00282780
vn -0.94979527 -0.31269661 0.01047684
vn -0.97373871 -0.22762543 0.00442532
vn -0.72755655 -0.68604598 -0.00154274
vn -0.77821962 -0.62798846 0.00217127
vn -0.78995181 -0.61315708 -0.00381318
vn -0.81391437 -0.58094167 0.00708431
vn -0.86087462 -0.50880738 0.00315177
vn -0.66309257 -0.74853685 0.00090559
vn -0.68503134 -0.72851273 0.00112832
vn -0.73700165 -0.67588317 0.00324204
vn -0.66407255 -0.63919713 -0.38785909
vn -0.62953689 -0.60620409 -0.48600402
vn -0.58363480 -0.55907687 -0.58890022
vn -0.52250877 -0.49839537 -0.69179956
vn -0.44484609 -0.42550204 -0.78807358
vn -0.29352450 -0.27679199 -0.91500250
vn -0.22312187 -0.20882901 -0.95215917
vn -0.15562941 -0.13807246 -0.97811834
vn -0.11344529 -0.02414098 -0.99325091
vn -0.04441342 0.03021368 -0.99855625
vn -0.06868398 -0.05099916 -0.99633408
vn -0.55036523 0.48290115 -0.68110542
vn -0.60279639 0.53058151 -0.59591928
vn -0.64937301 0.57546659 -0.49714474
vn -0.68928130 0.61555877 -0.38207158
vn -0.72018242 0.64683080 -0.25089279
vn -0.73857825 0.66416268 -0.11571559
vn -0.75135124 0.65897500 0.03497528
vn -0.75267094 0.63161367 0.18587802
vn -0.74288499 0.58307549 0.32885386
vn -0.72354653 0.51809825 0.45613004
vn -0.66744411 0.36496916 0.64908850
vn -0.60199729 0.14368368 0.78546436
vn -0.59401180 0.02144847 0.80417034
vn -0.60278123 -0.10554102 0.79089562
vn -0.58892005 -0.16768882 0.79060333
vn -0.60366728 -0.23566697 0.76160810
vn -0.91306583 0.40781213 -0.00024170
vn -0.86997909 0.49304404 0.00663039
vn -0.81816628 0.57476396 0.01582166
vn -0.82193796 0.56880107 0.02972082
vn -0.72503884 -0.68855719 -0.01441078
vn -0.79021354 -0.61266096 -0.01446066
vn -0.84652012 -0.53218469 -0.01353340
vn -0.89465685 -0.44657576 -0.01261811
vn -0.93415158 -0.35668498 -0.01168981
vn -0.96463020 -0.26338890 -0.01071748
vn -0.98581106 -0.16757990 -0.00967110
vn -0.99749649 -0.07020248 -0.00850697
vn -0.99958651 0.02783916 -0.00719622
vn -0.99206706 0.12557931 -0.00572590
vn -0.97501590 0.22209762 -0.00407936
vn -0.94859809 0.31647527 -0.00225069
vn -0.78905311 -0.61174213 -0.05627398
vn -0.84597966 -0.53059965 -0.05274873
vn -0.89450395 -0.44433899 -0.04924976
vn -0.93415364 -0.35393232 -0.04570433
vn -0.96460712 -0.26032477 -0.04200150
vn -0.98564521 -0.16449174 -0.03802603
vn -0.99715688 -0.06743675 -0.03362195
vn -0.99913753 0.03005060 -0.02865571
vn -0.99162666 0.12706323 -0.02305413
vn -0.97473891 0.22271871 -0.01674644
vn -0.94865441 0.31616589 -0.00969237
vn -0.91362085 0.40656287 -0.00188848
vn -0.71930032 -0.68344102 -0.12456092
vn -0.78600609 -0.60764469 -0.11385233
vn -0.84453249 -0.52475259 -0.10676883
vn -0.89403653 -0.43676448 -0.09967683
vn -0.93405102 -0.34495631 -0.09248693
vn -0.96437591 -0.25049931 -0.08502466
vn -0.98496381 -0.15459666 -0.07711144
vn -0.99594432 -0.05837459 -0.06846395
vn -0.99756158 0.03766129 -0.05875818
vn -0.98999325 0.13277071 -0.04780488
vn -0.97344198 0.22617475 -0.03543585
vn -0.94810331 0.31723426 -0.02150680
vn -0.91418521 0.40525288 -0.00595859
vn -0.87198086 0.48941295 0.01115128
vn -0.78082812 -0.60191325 -0.16735557
vn -0.84111825 -0.51751853 -0.15714537
vn -0.89180491 -0.42796170 -0.14674055
vn -0.93240358 -0.33481596 -0.13609496
vn -0.96281017 -0.23950816 -0.12502969
vn -0.98313826 -0.14348217 -0.11336684
vn -0.99375282 -0.04799018 -0.10075846
vn -0.99513743 0.04667059 -0.08673722
vn -0.98761436 0.13990830 -0.07101796
vn -0.97147876 0.23105769 -0.05330437
vn -0.94694392 0.31966480 -0.03334107
vn -0.91418112 0.40515716 -0.01097939
vn -0.87343421 0.48674796 0.01375141
vn -0.82516674 0.56342065 0.04070646
vn -0.77337563 -0.59378455 -0.22205864
vn -0.83582190 -0.50789456 -0.20843433
vn -0.88802404 -0.41674117 -0.19426813
vn -0.92945613 -0.32223370 -0.17965729
vn -0.96010195 -0.22613522 -0.16452083
vn -0.98027306 -0.13011181 -0.14878056
vn -0.99059468 -0.03558066 -0.13212193
vn -0.99183322 0.05739298 -0.11389867
vn -0.98447027 0.14843840 -0.09372479
vn -0.96890487 0.23695500 -0.07124385
vn -0.94536558 0.32274731 -0.04602270
vn -0.91397638 0.40537660 -0.01780429
vn -0.87491425 0.48409112 0.01344811
vn -0.82863588 0.55776194 0.04758359
vn -0.77782257 0.62210116 0.08934310
vn -0.83391857 0.54909673 0.05543103
vn -0.87660495 0.48103456 0.01302001
vn -0.91343437 0.40614632 -0.02613084
vn -0.94289955 0.32731578 -0.06168326
vn -0.96491740 0.24527298 -0.09367809
vn -0.97944643 0.16028962 -0.12244152
vn -0.98626387 0.07220184 -0.14856133
vn -0.98484821 -0.01846049 -0.17243319
vn -0.97452501 -0.11162712 -0.19452606
vn -0.95418730 -0.20750156 -0.21556831
vn -0.92288634 -0.30443757 -0.23579351
vn -0.88010067 -0.40042013 -0.25512061
vn -0.82581267 -0.49321733 -0.27344121
vn -0.76066500 -0.58052036 -0.29049073
vn -0.68443619 -0.66121585 -0.30714933
vn -0.87787409 0.47879557 0.00958592
vn -0.91204967 0.40831246 -0.03803069
vn -0.93911055 0.33381814 -0.08146668
vn -0.95908716 0.25607172 -0.12074389
vn -0.97204390 0.17519112 -0.15632893
vn -0.97777142 0.09062400 -0.18907758
vn -0.97562314 0.00281930 -0.21943459
vn -0.96472805 -0.08840269 -0.24796120
vn -0.94360025 -0.18358549 -0.27552664
vn -0.91093369 -0.28088339 -0.30216608
vn -0.86603143 -0.37784890 -0.32744430
vn -0.80891170 -0.47172091 -0.35091487
vn -0.74044625 -0.55976956 -0.37201800
vn -0.77878461 0.57604517 0.24832737
vn -0.81517499 0.55953569 0.14969820
vn -0.81100961 0.56657946 0.14577766
vn -0.84647399 0.52953622 0.05543618
vn -0.84605042 0.52947164 0.06211649
vn -0.87121901 0.48943671 -0.03780407
vn -0.87560948 0.48260428 -0.02002838
vn -0.88845084 0.44130917 -0.12610046
vn -0.89822787 0.42856533 -0.09756258
vn -0.89811735 0.38801462 -0.20695384
vn -0.91365147 0.36982951 -0.16872203
vn -0.90099663 0.33112881 -0.28028341
vn -0.92241351 0.30765086 -0.23346148
vn -0.89763878 0.27065412 -0.34783756
vn -0.92496883 0.24193372 -0.29308829
vn -0.88751659 0.20472288 -0.41279879
vn -0.92098664 0.17104005 -0.35004130
vn -0.86966298 0.13365751 -0.47520729
vn -0.90951533 0.09527507 -0.40460416
vn -0.84252700 0.05699500 -0.53563031
vn -0.88909829 0.01408857 -0.45749945
vn -0.80326094 -0.02676879 -0.59502545
vn -0.85710387 -0.07392328 -0.50981202
vn -0.75035113 -0.11499466 -0.65096038
vn -0.81167153 -0.16631043 -0.55993765
vn -0.68491997 -0.20312004 -0.69973344
vn -0.75285129 -0.25899573 -0.60509185
vn -0.60995011 -0.28655864 -0.73881325
vn -0.68236569 -0.34764666 -0.64305432
vn -0.52900989 -0.36242283 -0.76733189
vn -0.60299760 -0.42903216 -0.67255133
vn -0.81786076 0.55517612 0.15127213
vn -0.84482054 0.53319425 0.04452135
vn -0.86409936 0.49976427 -0.05973254
vn -0.87507778 0.45727940 -0.15853843
vn -0.87802710 0.40900368 -0.24856467
vn -0.87400605 0.35694296 -0.32970463
vn -0.86363756 0.30125142 -0.40420013
vn -0.84608942 0.23995331 -0.47597804
vn -0.82047909 0.17339191 -0.54474701
vn -0.78532043 0.10130452 -0.61074481
vn -0.73775812 0.02216882 -0.67470105
vn -0.67698585 -0.06122378 -0.73344516
vn -0.60553511 -0.14393979 -0.78269315
vn -0.52770394 -0.22132207 -0.82008846
vn -0.44749775 -0.29101921 -0.84560841
vn -0.36752470 -0.35888245 -0.85797959
vn -0.83385636 0.39296218 -0.38763938
vn -0.77728241 0.37289097 -0.50673897
vn -0.82345746 0.33251253 -0.45973170
vn -0.74452429 0.30895008 -0.59180523
vn -0.79775767 0.27517823 -0.53652553
vn -0.70236828 0.24943409 -0.66667941
vn -0.76374895 0.21254891 -0.60951662
vn -0.65119162 0.18494581 -0.73603297
vn -0.72022696 0.14462700 -0.67849551
vn -0.58874041 0.11410086 -0.80022854
vn -0.66455646 0.06994327 -0.74395742
vn -0.42740433 0.08258230 -0.90028090
vn -0.51498851 0.15320272 -0.84339537
vn -0.58224324 0.22100062 -0.78240113
vn -0.63961278 0.28289119 -0.71475035
vn -0.68890155 0.34019061 -0.64006641
vn -0.72917998 0.40112364 -0.55443339
vn -0.76299092 0.43900856 -0.47446426
vn -0.63363502 0.37881434 -0.67454159
vn -0.57841558 0.31238300 -0.75355974
vn -0.51660888 0.25231128 -0.81820186
vn -0.44659003 0.18680994 -0.87501965
vn -0.36144143 0.09585758 -0.92745427
vn -0.57776624 0.39839739 -0.71236626
vn -0.49107166 0.43128185 -0.75686498
vn -0.50849960 0.34297225 -0.78980896
vn -0.42723921 0.37604544 -0.82222654
vn -0.44371552 0.28414375 -0.84992874
vn -0.36021614 0.31798745 -0.87699961
vn -0.37273323 0.22052022 -0.90135496
vn -0.28970615 0.25612924 -0.92220830
vn -0.29822971 0.15450977 -0.94190539
vn -0.21752676 0.19235568 -0.95691243
vn -0.23460695 0.08033638 -0.96876501
vn -0.14220409 0.12222782 -0.98226186
vn -0.17669500 0.02702372 -0.98389461
vn -0.51612921 0.03977255 -0.85558681
vn -0.59687922 -0.00863667 -0.80228461
vn -0.43847811 -0.03275646 -0.89814473
vn -0.52116927 -0.08594164 -0.84911520
vn -0.36167992 -0.09892662 -0.92703892
vn -0.44276044 -0.15735012 -0.88272540
vn -0.28907952 -0.15744601 -0.94426891
vn -0.36556353 -0.22107865 -0.90415017
vn -0.34616372 0.02212123 -0.93791328
vn -0.27333181 -0.03886611 -0.96113430
vn -0.20708350 -0.09245543 -0.97394477
vn 0.23322253 0.62877793 0.74178539
vn 0.27211555 0.60199866 0.75070016
vn 0.16754795 0.54547646 0.82120832
vn 0.09439106 0.45031437 0.88786671
vn 0.01442388 0.35388471 0.93517782
vn 0.04511557 0.82438376 0.56423046
vn -0.05568994 0.80424995 0.59167614
vn -0.01735849 0.85662676 0.51564453
vn -0.14886492 0.80326001 0.57672575
vn -0.10233311 0.87149402 0.47961038
vn -0.18391956 0.88349830 0.43081824
vn -0.03340576 0.69715765 0.71613914
vn -0.07821262 0.63089592 0.77191523
vn -0.13009659 0.69610941 0.70604998
vn -0.16777904 0.63506439 0.75401818
vn -0.21969681 0.69073610 0.68892449
vn -0.25058914 0.63630351 0.72960464
vn -0.32730162 0.63253229 0.70198045
vn 0.00633670 0.76061243 0.64917531
vn -0.09304541 0.75293618 0.65148266
vn -0.18746123 0.74460183 0.64064530
vn -0.27623442 0.73048209 0.62457222
vn -0.52251849 -0.27879633 0.80575867
vn -0.43445940 -0.18086025 0.88234608
vn -0.36252578 -0.10522043 0.92601497
vn -0.29660243 -0.03292410 0.95443334
vn -0.24113854 0.03288425 0.96993341
vn -0.18754839 0.09878361 0.97727550
vn -0.12636589 0.17512628 0.97640281
vn -0.05844389 0.26244653 0.96317503
vn -0.40782530 0.08632238 0.90897028
vn -0.34693897 0.19207532 0.91800895
vn -0.29229554 0.28201175 0.91380123
vn -0.49439969 0.16776720 0.85289103
vn -0.47976157 0.09204703 0.87255727
vn -0.47324559 0.01287916 0.88083639
vn -0.47483396 -0.06799747 0.87744462
vn -0.12337301 0.56096273 0.81859631
vn -0.16751368 0.49003451 0.85545622
vn -0.20508054 0.57175922 0.79437609
vn -0.24113876 0.50823917 0.82676783
vn -0.28178580 0.57848595 0.76547421
vn -0.31100123 0.52272850 0.79374628
vn -0.37760785 0.53483243 0.75588794
vn -0.22731147 0.81728394 0.52950585
vn -0.26418390 0.88443946 0.38467350
vn -0.30187695 0.82760388 0.47322524
vn -0.34197915 0.87370654 0.34595829
vn -0.36574506 0.83175649 0.41762626
vn -0.46997634 0.77867772 0.41567205
vn -0.42927043 0.84599347 0.31626246
vn -0.50818595 0.81743700 0.27118959
vn -0.54100631 0.76353851 0.35259200
vn -0.58247671 0.78101409 0.22525068
vn -0.61019453 0.73714630 0.29030668
vn -0.65287531 0.73586410 0.17960475
vn -0.67488447 0.70167840 0.22842587
vn -0.71833199 0.68250640 0.13484868
vn -0.73514112 0.65671807 0.16819308
vn -0.79054125 0.60237793 0.11038733
vn -0.83730276 0.54344738 0.05990851
vn -0.56808540 0.70611734 0.42270235
vn -0.63238003 0.69305738 0.34607364
vn -0.69190792 0.66901233 0.27145153
vn -0.74749383 0.63389855 0.19855882
vn -0.34380292 0.75504574 0.55830590
vn -0.41278962 0.76580393 0.49310148
vn -0.50760492 0.70661027 0.49299003
vn -0.59611218 0.64245810 0.48155774
vn -0.65795332 0.64568140 0.38754736
vn -0.70577756 0.64095925 0.30174371
vn -0.59055408 0.50209928 0.63177701
vn -0.55756869 0.58218130 0.59176185
vn -0.51146057 0.54442752 0.66483590
vn -0.48133907 0.62134875 0.61825434
vn -0.42718133 0.58670412 0.68796395
vn -0.58215370 0.36731134 0.72538228
vn -0.54376852 0.45487830 0.70526699
vn -0.46439664 0.49781178 0.73247471
vn -0.38658667 0.67146416 0.63220774
vn -0.44857931 0.69560514 0.56116850
vn -0.53390628 0.64041183 0.55210213
vn -0.63370456 0.55330023 0.54062684
vn 0.18397992 0.69460402 0.69546865
vn 0.12495512 0.62220924 0.77281426
vn 0.06138157 0.54076599 0.83893054
vn -0.00371769 0.45440368 0.89078812
vn -0.06737966 0.36774627 0.92748189
vn -0.12728103 0.28489721 0.95007006
vn -0.18204321 0.20875521 0.96087540
vn -0.23115684 0.14085766 0.96266590
vn -0.28325805 0.07077703 0.95642851
vn -0.34646180 -0.00937093 0.93801727
vn -0.41598979 -0.09685191 0.90419699
vn -0.50150223 -0.22120919 0.83639823
vn -0.58121424 -0.30247814 0.75544488
vn -0.54323402 -0.17649630 0.82082023
vn -0.55982550 -0.24114784 0.79274405
vn -0.48436755 -0.14741354 0.86235568
vn -0.40700336 -0.00597348 0.91340713
vn -0.34125006 0.09199082 0.93546036
vn -0.28184800 0.17834521 0.94273787
vn -0.23375467 0.25092989 0.93935773
vn -0.18945916 0.31887224 0.92866879
vn -0.14110522 0.39267186 0.90878937
vn -0.08938955 0.47036411 0.87793343
vn -0.03557222 0.54911425 0.83498992
vn 0.01852845 0.62547441 0.78002465
vn -0.53252942 -0.10738713 0.83957157
vn -0.52775203 -0.02134097 0.84913035
vn -0.52719669 0.03369860 0.84907482
vn -0.56342093 0.00195689 0.82616768
vn -0.57141286 0.09065490 0.81564026
vn -0.54087843 0.10158217 0.83494406
vn -0.57118921 -0.11119299 0.81325212
vn -0.24878335 0.35481033 0.90123053
vn -0.31390773 0.37569847 0.87195906
vn -0.38896140 0.36834171 0.84441306
vn -0.46635913 0.33281120 0.81960104
vn -0.51661561 0.23889276 0.82221564
vn -0.55784303 0.16851181 0.81265917
vn -0.58431397 0.14109162 0.79916853
vn -0.58193798 0.23443211 0.77871033
vn -0.54610922 0.30536600 0.78007456
vn -0.50193092 0.39839489 0.76768930
vn -0.42310637 0.43925302 0.79248835
vn -0.34542923 0.45602004 0.82019776
vn -0.27530489 0.44635678 0.85145337
vn -0.20955442 0.42064175 0.88269330
vn -0.60599112 0.20657839 0.76817975
vn -0.61275801 0.29992032 0.73114665
vn -0.62363387 0.42450188 0.65641370
vn -0.78896215 0.48261812 -0.38028735
vn -0.84535867 0.43844382 -0.30518148
vn -0.80816358 0.52203929 -0.27266574
vn -0.85179902 0.48183870 -0.20559642
vn -0.81899678 0.55356501 -0.15102995
vn -0.84979811 0.51849660 -0.09489173
vn -0.81965953 0.57249406 -0.02021909
vn -0.83843904 0.54451837 0.02279754
vn -0.80976366 0.57559085 0.11392097
vn -0.81814193 0.55703715 0.14266534
vn -0.78987799 0.56125982 0.24714405
vn -0.78870771 0.55857521 0.25677596
vn -0.76153519 0.52980730 0.37332075
vn -0.61808079 0.22054654 0.75454315
vn -0.63963854 0.29131385 0.71133591
vn -0.63215957 0.27521227 0.72431518
vn -0.66405605 0.34704766 0.66225938
vn -0.64934729 0.36512610 0.66710646
vn -0.68895163 0.42802107 0.58493044
vn -0.66796394 0.47526974 0.57266294
vn -0.71141248 0.51632382 0.47676199
vn -0.68772398 0.57580467 0.44213652
vn -0.73535276 0.57789860 0.35396261
vn -0.72084235 0.60974748 0.32953652
vn -0.76816826 0.59484563 0.23680415
vn -0.75823925 0.61400013 0.21926489
vn -0.80514940 0.57672322 0.13829233
vn -0.79836519 0.58845544 0.12780147
vn -0.84403812 0.53234141 0.06490209
vn -0.84088968 0.53737215 0.06430957
vn -0.87783313 0.47892363 -0.00641523
vn -0.87842591 0.47786715 0.00330153
vn -0.90500418 0.41902535 -0.07338392
vn -0.90941201 0.41242457 -0.05362618
vn -0.92518237 0.35476479 -0.13483150
vn -0.93342405 0.34283818 -0.10574279
vn -0.93870249 0.28715069 -0.19074096
vn -0.95063150 0.26995271 -0.15305324
vn -0.94589268 0.21608838 -0.24205959
vn -0.96122292 0.19376303 -0.19623043
vn -0.94651812 0.14026416 -0.29056739
vn -0.96499692 0.11331589 -0.23651733
vn -0.93970897 0.05998116 -0.33667388
vn -0.96118788 0.02897280 -0.27436917
vn -0.92418158 -0.02527049 -0.38111654
vn -0.94871544 -0.05963488 -0.31045562
vn -0.89764910 -0.11668119 -0.42498423
vn -0.92569302 -0.15340934 -0.34577161
vn -0.85824567 -0.21200931 -0.46740392
vn -0.89047912 -0.25030282 -0.37999400
vn -0.80541729 -0.30773065 -0.50656177
vn -0.84232049 -0.34735311 -0.41211893
vn -0.73994716 -0.39995722 -0.54084418
vn -0.78145893 -0.44122808 -0.44117992
vn -0.66378811 -0.48538509 -0.56902255
vn -0.70918854 -0.52882516 -0.46625698
vn -0.69880583 0.41983620 0.57914417
vn -0.72723703 0.48418801 0.48650619
vn -0.75198616 0.54489983 0.37094608
vn -0.63442940 0.44307791 -0.63338875
vn -0.67825865 0.48910451 -0.54839947
vn -0.71599461 0.53222154 -0.45176536
vn -0.74752845 0.57082247 -0.33965119
vn -0.77119454 0.60054568 -0.21119626
vn -0.78461961 0.61587060 -0.07124232
vn -0.78674582 0.61284873 0.07380689
vn -0.77774362 0.58940166 0.21845035
vn -0.75865731 0.54627784 0.35499241
vn -0.73155712 0.48794645 0.47616431
vn 0.47239708 0.73698218 0.48342349
vn 0.41897663 0.67768081 0.60432384
vn 0.37329207 0.68914371 0.62107486
vn 0.34007946 0.66236651 0.66754518
vn 0.30398718 0.69823190 0.64812346
vn 0.29761838 0.55171803 0.77912163
vn 0.37210192 0.89657154 0.24020747
vn 0.46695430 0.84969347 0.24489729
vn 0.44080432 0.81868165 0.36803790
vn 0.54561690 0.80024230 0.24882616
vn 0.50900756 0.77642670 0.37158160
vn 0.35870095 0.74832221 0.55798522
vn 0.35181427 0.81055298 0.46822066
vn 0.40375609 0.78478143 0.47021179
vn 0.38303028 0.82283181 0.41980425
vn 0.32767777 0.86993880 0.36855632
vn 0.27590806 0.81790560 0.50488135
vn 0.21371117 0.85478771 0.47293288
vn 0.48901062 0.86553501 0.10824861
vn 0.39690674 0.91144974 0.10827927
vn 0.28569060 0.93202938 0.22293974
vn 0.30603479 0.94499659 0.11543030
vn 0.19401045 0.95889011 0.20709831
vn 0.07834716 0.96012477 0.26836942
vn 0.15541692 0.93447592 0.32031287
vn 0.25306581 0.90377265 0.34518503
vn 0.23290846 0.75888269 0.60815352
vn 0.17577349 0.80581711 0.56547544
vn 0.15656125 0.85354886 0.49693351
vn -0.86876912 0.49521355 0.00193560
vn -0.81613480 0.57784578 0.00427027
vn -0.75565183 0.65493884 0.00674024
vn -0.68789089 0.72575479 0.00927933
vn -0.61350909 0.78959950 0.01179921
vn -0.53321775 0.84585814 0.01424214
vn -0.44779169 0.89398447 0.01656413
vn -0.35806505 0.93350850 0.01874292
vn -0.26490326 0.96405012 0.02082359
vn -0.16920864 0.98531488 0.02286953
vn -0.07185983 0.99710289 0.02493988
vn 0.02618855 0.99929109 0.02704575
vn 0.12405841 0.99184623 0.02916438
vn 0.22079506 0.97482136 0.03119050
vn 0.31295896 0.94919839 0.03284979
vn 0.09968726 0.89027035 0.44438851
vn 0.02902488 0.91385812 0.40499494
vn -0.05741754 0.92897695 0.36565702
vn -0.01756472 0.97024630 0.24148207
vn -0.14450480 0.93318287 0.32907158
vn -0.11074843 0.96946810 0.21878388
vn -0.23151264 0.92707116 0.29485754
vn -0.20315922 0.95905214 0.19734569
vn -0.31774510 0.91118083 0.26227382
vn -0.29412147 0.93929378 0.17669111
vn -0.40253319 0.88595834 0.23031468
vn -0.38298775 0.91046286 0.15613382
vn -0.48496580 0.85179236 0.19813617
vn -0.46894091 0.87283699 0.13509257
vn -0.56384214 0.80912882 0.16550711
vn -0.55094638 0.82679353 0.11344846
vn -0.63822201 0.75830231 0.13285432
vn -0.62807506 0.77274776 0.09155669
vn -0.70716811 0.69984522 0.10064757
vn -0.69947489 0.71124127 0.06979062
vn -0.76886094 0.63556780 0.07004593
vn -0.76395821 0.64337899 0.04930859
vn -0.75862746 0.65102053 0.02562508
vn -0.69181895 0.72118064 0.03584718
vn -0.61837952 0.78452189 0.04617543
vn -0.53907095 0.84037227 0.05636455
vn -0.45466585 0.88819530 0.06624255
vn -0.36605118 0.92751146 0.07569031
vn -0.27411965 0.95794516 0.08484973
vn -0.17971464 0.97921754 0.09399816
vn -0.08361314 0.99111986 0.10339375
vn 0.01335159 0.99348699 0.11316064
vn 0.11423312 0.98606859 0.12091126
vn 0.21155534 0.97131862 0.10855635
vn -0.67653096 -0.73641150 0.00198818
vn -0.64401615 -0.76496725 0.00826455
vn -0.54416619 -0.83897745 0.00006433
vn -0.40820603 -0.58743355 0.69877726
vn -0.43955806 -0.56641956 0.69710659
vn -0.47361984 -0.53141682 0.70233924
vn -0.41122685 -0.91151430 -0.00584471
vn -0.33434602 -0.63684490 0.69472391
vn -0.37242681 -0.60898018 0.70031522
vn -0.26784347 -0.96338135 -0.01249984
vn -0.22070933 -0.68601530 0.69330397
vn -0.27066246 -0.67005040 0.69121219
vn -0.12018526 -0.99260709 -0.01693143
vn -0.13493809 -0.71096113 0.69016373
vn -0.17837386 -0.69614052 0.69539280
vn 0.07896211 -0.72226032 0.68709898
vn 0.03470484 -0.72216414 0.69085058
vn 0.02288891 -0.99949053 -0.02224342
vn -0.01032215 -0.72528548 0.68837085
vn -0.06682082 -0.72370128 0.68687075
vn 0.28284424 -0.95872079 -0.02921617
vn 0.14544953 -0.71527771 0.68353656
vn 0.14710447 -0.98869187 -0.02913189
vn 0.42782078 -0.90316943 -0.03541695
vn 0.27384181 -0.67712623 0.68301590
vn 0.21557026 -0.69866198 0.68220297
vn 0.55649701 -0.83011133 -0.03501791
vn 0.35602169 -0.63847534 0.68234727
vn 0.31575318 -0.65506719 0.68643055
vn 0.67837909 -0.73366402 -0.03922899
vn 0.46252076 -0.56816541 0.68063398
vn 0.41082048 -0.60748066 0.67984836
vn 0.77924813 -0.62561685 -0.03709322
vn 0.52868719 -0.50647184 0.68115793
vn 0.49629808 -0.53371628 0.68471538
vn 0.86679683 -0.49706835 -0.03982866
vn 0.61064432 -0.40623058 0.67977219
vn 0.57102116 -0.46227360 0.67840840
vn 0.93082149 -0.36370323 -0.03593488
vn 0.65721376 -0.32329390 0.68084589
vn 0.63373524 -0.36122192 0.68403097
vn 0.97585486 -0.21545389 -0.03587356
vn 0.70423006 -0.20057287 0.68105106
vn 0.68519594 -0.26453799 0.67862079
vn 0.72914742 0.02439706 0.68392165
vn 0.73165254 -0.03892667 0.68056541
vn 0.99722813 -0.06741308 -0.03148870
vn 0.72340198 -0.10716857 0.68205900
vn 0.71208288 -0.15169969 0.68551089
vn 0.97577240 0.21684689 -0.02908011
vn 0.72219514 0.07225043 0.68790556
vn 0.99573131 0.08674867 -0.03152500
vn 0.71882252 0.11966354 0.68481736
vn 0.70292579 0.18730915 0.68615641
vn 0.48145542 0.53478309 0.69441178
vn 0.66587738 0.74605898 -0.00182217
vn 0.51856314 0.50057741 0.69319155
vn 0.54671830 0.46274882 0.69782707
vn 0.57627827 0.43110186 0.69430148
vn 0.61336139 0.38388879 0.69022981
vn 0.64397743 0.32839273 0.69097850
vn 0.66079358 0.28515613 0.69428944
vn 0.67822066 0.24765764 0.69186879
vn -0.70068634 -0.71340302 0.00973564
vn -0.58744982 0.37904944 0.71499946
vn -0.55586663 0.43355852 0.70925264
vn -0.77599474 0.62929631 0.04264173
vn -0.28155482 0.95904158 0.03108257
vn -0.42045010 0.90669682 0.03350519
vn -0.01750109 0.70892094 0.70507079
vn -0.08915438 0.99572849 0.02400547
vn -0.11048419 0.69242373 0.71298150
vn -0.07172513 0.69943223 0.71109075
vn 0.04598109 0.70689963 0.70581772
vn 0.09008195 0.70038166 0.70806127
vn 0.13153593 0.69646060 0.70543669
vn 0.19106192 0.68643325 0.70164431
vn 0.25257927 0.66615223 0.70174420
vn 0.29491718 0.64605850 0.70401156
vn 0.33082118 0.63074500 0.70193881
vn 0.39007336 0.60413680 0.69488236
vn 0.43393987 0.57612869 0.69265570
vn -0.15697152 0.68731488 0.70919546
vn -0.27213837 0.64631120 0.71289729
vn -0.22688545 0.66822711 0.70851642
vn -0.44994752 0.53543594 0.71474162
vn -0.41119745 0.57039499 0.71103179
vn -0.55555586 0.83068769 0.03627186
vn -0.35130112 0.60758141 0.71234287
vn -0.30920909 0.62578386 0.71608959
vn -0.67404062 0.73762599 0.03971331
vn -0.47879540 0.50500361 0.71814087
vn -0.52155488 0.47591649 0.70815535
vn -0.67595248 0.18172419 0.71418804
vn -0.66308421 0.23450120 0.71086463
vn -0.93009430 0.36540032 0.03751268
vn -0.63300752 0.29992152 0.71368660
vn -0.86260810 0.50442650 0.03822526
vn -0.60802714 0.33908395 0.71786146
vn -0.68409934 0.13849025 0.71612048
vn -0.97406297 0.22329637 0.03660688
vn -0.69660552 0.09165830 0.71157537
vn -0.99669741 0.07458498 0.03211473
vn -0.70383588 0.01973431 0.71008846
vn -0.67556685 -0.20588457 0.70796962
vn -0.68336446 -0.16149872 0.71199100
vn -0.97631581 -0.21487340 0.02523594
vn -0.69487082 -0.11612665 0.70969651
vn -0.99724115 -0.06742563 0.03104637
vn -0.70368651 -0.05501485 0.70837748
vn -0.65649460 -0.26711210 0.70545444
vn -0.93279113 -0.35975057 0.02191422
vn -0.63250419 -0.31908379 0.70577900
vn -0.86669674 -0.49853973 0.01717250
vn -0.56099970 -0.44648894 0.69708461
vn -0.59082581 -0.39884165 0.70132033
vn -0.60857193 -0.35666498 0.70882318
vn -0.52124538 -0.49326439 0.69641475
vn -0.78265525 -0.62224069 0.01634876
vn 0.00000000 0.00000000 1.00000000
vn -0.11072382 0.99385092 -0.00076872
vn -0.17380603 0.98477990 0.00008921
vn -0.55500327 -0.83184749 0.00105784
vn -0.65475735 -0.75583913 0.00010338
vn -0.01928425 0.97214206 0.23359779
vn 0.07959772 0.77558525 0.62620422
vn 0.08817961 0.70612174 0.70257843
vn 0.01961377 -0.72538936 0.68805928
vn 0.07948836 -0.80310923 0.59050585
vn 0.40436927 0.58406448 0.70381402
vn 0.08539606 -0.70485151 0.70419590
vn 0.33663622 0.63187321 0.69814920
vn 0.29884838 0.64648480 0.70195944
vn 0.71565530 -0.00609568 0.69842704
vn 0.71117740 0.03129011 0.70231590
vn 0.34320350 -0.62401716 0.70200708
vn 0.37747195 0.60686372 0.69945075
vn 0.19053288 -0.69095532 0.69733634
vn 0.22694445 -0.67863659 0.69853317
vn 0.00100963 -0.71266422 0.70150459
vn 0.12394830 -0.70722988 0.69603356
vn 0.47036635 -0.53730250 0.70004394
vn 0.49654796 -0.51058343 0.70195775
vn 0.71072955 -0.04437294 0.70206449
vn 0.70827750 0.11006727 0.69730063
vn 0.69676818 0.15459785 0.70043815
vn 0.26148917 -0.66701260 0.69765149
vn 0.31004602 -0.64252141 0.70074083
vn 0.42661949 -0.57745382 0.69609116
vn 0.70944035 0.06292894 0.70195039
vn 0.49978925 0.50747316 0.70191288
vn 0.46833222 0.54322320 0.69683103
vn 0.43179870 0.56900297 0.69984677
vn 0.18374685 0.68789342 0.70216788
vn 0.13636335 0.70220567 0.69879341
vn 0.68663920 0.18836572 0.70217160
vn 0.67813023 0.23680526 0.69574611
vn 0.65850557 0.27584594 0.70019957
vn 0.25988477 0.66748992 0.69779446
vn 0.21961477 0.67958455 0.69995299
vn 0.38293998 -0.60906395 0.69454882
vn 0.64197586 0.30847477 0.70193327
vn 0.62465176 0.35983477 0.69305780
vn 0.59478075 0.40077072 0.69686347
vn 0.55890297 0.44657873 0.69870946
vn 0.52726163 0.48196231 0.69979104
vn 0.52418400 -0.48445778 0.70037975
vn 0.55267169 -0.45303691 0.69950808
vn 0.64010862 -0.31231866 0.70193875
vn 0.57346815 -0.42245409 0.70190229
vn 0.59673654 -0.39140345 0.70050613
vn 0.62443457 -0.34974172 0.69839974
vn 0.68129050 -0.23759246 0.69238218
vn 0.68372831 -0.20910394 0.69913599
vn 0.69261275 -0.16820009 0.70142449
vn 0.65551706 -0.28044804 0.70117493
vn 0.70704952 -0.12006695 0.69689662
vn 0.70807582 -0.07679296 0.70194834
vn 0.26045153 0.96548576 0.00149724
vn 0.19867468 0.98003523 0.00770166
vn 0.11453922 0.99336627 0.01020932
f 1//1 2//2 3//3
f 4//4 5//5 6//6
f 5//5 7//7 6//6
f 6//6 7//7 8//8
f 7//7 9//9 8//8
f 8//8 9//9 10//10
f 10//10 9//9 11//11
f 9//9 12//12 11//11
f 11//11 12//12 13//13
f 13//13 12//12 14//14
f 12//12 15//15 14//14
f 14//14 15//15 16//16
f 17//17 18//18 19//19
f 18//18 20//20 19//19
f 19//19 20//20 15//15
f 20//20 21//21 15//15
f 15//15 21//21 16//16
f 19//19 22//22 17//17
f 22//22 23//23 17//17
f 17//17 23//23 24//24
f 23//23 25//25 24//24
f 26//26 27//27 28//28
f 27//27 29//29 28//28
f 28//28 29//29 25//25
f 29//29 30//30 25//25
f 25//25 30//30 24//24
f 3//3 2//2 28//28
f 2//2 31//31 28//28
f 28//28 31//31 26//26
f 1//1 3//3 32//32
f 3//3 33//33 32//32
f 32//32 33//33 34//34
f 33//33 35//35 34//34
f 34//34 35//35 36//36
f 35//35 37//37 36//36
f 36//36 37//37 38//38
f 38//38 37//37 39//39
f 37//37 40//40 39//39
f 39//39 40//40 41//41
f 41//41 40//40 42//42
f 40//40 43//43 42//42
f 42//42 43//43 44//44
f 44//44 43//43 45//45
f 43//43 46//46 45//45
f 45//45 46//46 47//47
f 47//47 46//46 48//48
f 46//46 49//49 48//48
f 48//48 49//49 50//50
f 50//50 49//49 51//51
f 49//49 52//52 51//51
f 51//51 52//52 53//53
f 52//52 54//54 53//53
f 53//53 54//54 55//55
f 56//56 57//57 58//58
f 55//55 54//54 59//59
f 54//54 60//60 59//59
f 61//61 5//5 62//62
f 5//5 4//4 62//62
f 62//62 63//63 61//61
f 63//63 64//64 61//61
f 61//61 64//64 65//65
f 64//64 66//66 65//65
f 66//66 67//67 65//65
f 65//65 67//67 68//68
f 67//67 69//69 68//68
f 69//69 70//70 68//68
f 70//70 71//71 68//68
f 68//68 71//71 72//72
f 71//71 73//73 72//72
f 73//73 74//74 72//72
f 72//72 74//74 75//75
f 74//74 76//76 75//75
f 76//76 77//77 75//75
f 75//75 77//77 78//78
f 77//77 79//79 78//78
f 78//78 79//79 80//80
f 79//79 81//81 80//80
f 79//79 82//82 81//81
f 82//82 83//83 81//81
f 81//81 83//83 84//84
f 83//83 85//85 84//84
f 84//84 85//85 86//86
f 86//86 87//87 84//84
f 87//87 88//88 84//84
f 84//84 88//88 58//58
f 88//88 89//89 58//58
f 58//58 89//89 56//56
f 57//57 90//90 58//58
f 90//90 91//91 58//58
f 58//58 91//91 92//92
f 91//91 93//93 92//92
f 93//93 94//94 92//92
f 92//92 94//94 95//95
f 95//95 96//96 92//92
f 96//96 97//97 92//92
f 92//92 97//97 98//98
f 97//97 99//99 98//98
f 99//99 100//100 98//98
f 98//98 100//100 101//101
f 100//100 102//102 101//101
f 102//102 103//103 101//101
f 101//101 103//103 104//104
f 103//103 105//105 104//104
f 105//105 106//106 104//104
f 104//104 106//106 107//107
f 106//106 108//108 107//107
f 108//108 109//109 107//107
f 107//107 109//109 110//110
f 109//109 111//111 110//110
f 110//110 111//111 112//112
f 111//111 113//113 112//112
f 113//113 114//114 112//112
f 112//112 114//114 115//115
f 114//114 116//116 115//115
f 116//116 117//117 115//115
f 115//115 117//117 60//60
f 117//117 118//118 60//60
f 60//60 118//118 59//59
f 115//115 60//60 12//12
f 115//115 12//12 112//112
f 9//9 7//7 107//107
f 7//7 5//5 107//107
f 107//107 5//5 61//61
f 9//9 107//107 12//12
f 107//107 110//110 12//12
f 12//12 110//110 112//112
f 60//60 54//54 12//12
f 54//54 52//52 12//12
f 12//12 52//52 49//49
f 61//61 65//65 107//107
f 65//65 68//68 107//107
f 107//107 68//68 72//72
f 84//84 72//72 75//75
f 84//84 58//58 72//72
f 58//58 92//92 72//72
f 72//72 92//92 98//98
f 49//49 46//46 12//12
f 46//46 43//43 12//12
f 12//12 43//43 40//40
f 98//98 101//101 72//72
f 101//101 104//104 72//72
f 72//72 104//104 107//107
f 40//40 37//37 12//12
f 37//37 35//35 12//12
f 12//12 35//35 33//33
f 75//75 78//78 84//84
f 78//78 80//80 84//84
f 84//84 80//80 81//81
f 25//25 23//23 22//22
f 33//33 3//3 12//12
f 3//3 28//28 12//12
f 12//12 28//28 15//15
f 28//28 25//25 15//15
f 15//15 25//25 19//19
f 25//25 22//22 19//19
f 119//119 120//120 29//29
f 121//121 120//120 122//122
f 120//120 119//119 122//122
f 122//122 119//119 123//123
f 119//119 124//124 123//123
f 29//29 27//27 119//119
f 27//27 26//26 119//119
f 119//119 26//26 124//124
f 26//26 31//31 124//124
f 124//124 31//31 123//123
f 31//31 125//125 123//123
f 70//70 69//69 126//126
f 127//127 128//128 129//129
f 130//130 131//131 132//132
f 133//133 134//134 135//135
f 135//135 134//134 136//136
f 133//133 135//135 137//137
f 135//135 138//138 137//137
f 137//137 138//138 139//139
f 138//138 140//140 139//139
f 139//139 140//140 141//141
f 141//141 140//140 142//142
f 140//140 143//143 142//142
f 142//142 143//143 144//144
f 132//132 131//131 145//145
f 131//131 146//146 145//145
f 146//146 147//147 145//145
f 145//145 147//147 143//143
f 147//147 148//148 143//143
f 143//143 148//148 144//144
f 130//130 132//132 149//149
f 132//132 150//150 149//149
f 149//149 150//150 151//151
f 150//150 126//126 151//151
f 151//151 126//126 152//152
f 153//153 154//154 155//155
f 155//155 156//156 153//153
f 156//156 157//157 153//153
f 153//153 157//157 126//126
f 157//157 158//158 126//126
f 126//126 158//158 152//152
f 159//159 160//160 161//161
f 160//160 162//162 161//161
f 161//161 162//162 154//154
f 162//162 163//163 154//154
f 154//154 163//163 155//155
f 164//164 165//165 166//166
f 165//165 167//167 166//166
f 166//166 167//167 168//168
f 167//167 169//169 168//168
f 168//168 169//169 170//170
f 166//166 171//171 164//164
f 171//171 172//172 164//164
f 164//164 172//172 173//173
f 129//129 128//128 172//172
f 128//128 174//174 172//172
f 172//172 174//174 173//173
f 175//175 176//176 177//177
f 176//176 127//127 177//177
f 175//175 177//177 178//178
f 177//177 179//179 178//178
f 178//178 179//179 180//180
f 179//179 181//181 180//180
f 180//180 181//181 182//182
f 183//183 184//184 185//185
f 184//184 186//186 185//185
f 186//186 187//187 185//185
f 185//185 187//187 181//181
f 187//187 188//188 181//181
f 181//181 188//188 182//182
f 189//189 30//30 120//120
f 30//30 29//29 120//120
f 20//20 18//18 177//177
f 18//18 17//17 177//177
f 177//177 17//17 179//179
f 17//17 24//24 179//179
f 179//179 24//24 181//181
f 24//24 30//30 181//181
f 181//181 30//30 185//185
f 30//30 189//189 185//185
f 185//185 189//189 183//183
f 189//189 120//120 183//183
f 183//183 120//120 121//121
f 127//127 129//129 177//177
f 129//129 21//21 177//177
f 177//177 21//21 20//20
f 168//168 10//10 166//166
f 10//10 11//11 166//166
f 166//166 11//11 171//171
f 11//11 13//13 171//171
f 171//171 13//13 172//172
f 13//13 14//14 172//172
f 172//172 14//14 129//129
f 14//14 16//16 129//129
f 129//129 16//16 21//21
f 4//4 6//6 168//168
f 6//6 8//8 168//168
f 168//168 8//8 10//10
f 63//63 62//62 154//154
f 62//62 4//4 154//154
f 154//154 4//4 161//161
f 4//4 168//168 161//161
f 161//161 168//168 159//159
f 168//168 170//170 159//159
f 63//63 154//154 64//64
f 154//154 153//153 64//64
f 64//64 153//153 66//66
f 126//126 69//69 153//153
f 69//69 67//67 153//153
f 153//153 67//67 66//66
f 70//70 126//126 71//71
f 126//126 150//150 71//71
f 71//71 150//150 73//73
f 150//150 132//132 73//73
f 73//73 132//132 74//74
f 132//132 145//145 74//74
f 74//74 145//145 76//76
f 145//145 143//143 76//76
f 76//76 143//143 77//77
f 143//143 140//140 77//77
f 77//77 140//140 79//79
f 140//140 138//138 79//79
f 79//79 138//138 82//82
f 88//88 87//87 136//136
f 87//87 86//86 136//136
f 136//136 86//86 135//135
f 86//86 85//85 135//135
f 135//135 85//85 138//138
f 85//85 83//83 138//138
f 138//138 83//83 82//82
f 190//190 191//191 192//192
f 191//191 193//193 192//192
f 136//136 194//194 88//88
f 194//194 192//192 88//88
f 88//88 192//192 195//195
f 192//192 193//193 195//195
f 196//196 197//197 198//198
f 199//199 200//200 201//201
f 200//200 202//202 201//201
f 201//201 202//202 203//203
f 202//202 204//204 203//203
f 203//203 204//204 205//205
f 206//206 207//207 208//208
f 207//207 209//209 208//208
f 208//208 209//209 201//201
f 209//209 210//210 201//201
f 201//201 210//210 199//199
f 204//204 211//211 205//205
f 211//211 212//212 205//205
f 205//205 212//212 213//213
f 212//212 214//214 213//213
f 213//213 214//214 215//215
f 214//214 216//216 215//215
f 216//216 217//217 215//215
f 215//215 217//217 218//218
f 217//217 219//219 218//218
f 218//218 219//219 220//220
f 219//219 221//221 220//220
f 221//221 222//222 220//220
f 220//220 222//222 223//223
f 222//222 224//224 223//223
f 223//223 224//224 225//225
f 224//224 226//226 225//225
f 225//225 226//226 227//227
f 226//226 228//228 227//227
f 227//227 228//228 229//229
f 228//228 230//230 229//229
f 230//230 231//231 229//229
f 231//231 232//232 229//229
f 229//229 232//232 233//233
f 232//232 234//234 233//233
f 233//233 234//234 235//235
f 235//235 234//234 236//236
f 234//234 237//237 236//236
f 236//236 237//237 238//238
f 238//238 239//239 236//236
f 239//239 240//240 236//236
f 236//236 240//240 241//241
f 240//240 242//242 241//241
f 242//242 243//243 241//241
f 241//241 243//243 244//244
f 243//243 245//245 244//244
f 244//244 245//245 246//246
f 247//247 248//248 249//249
f 248//248 250//250 249//249
f 249//249 250//250 251//251
f 250//250 252//252 251//251
f 251//251 252//252 253//253
f 252//252 254//254 253//253
f 253//253 254//254 246//246
f 254//254 255//255 246//246
f 246//246 255//255 244//244
f 247//247 256//256 248//248
f 256//256 257//257 248//248
f 248//248 257//257 258//258
f 257//257 259//259 258//258
f 258//258 259//259 260//260
f 259//259 261//261 260//260
f 260//260 261//261 262//262
f 261//261 263//263 262//262
f 262//262 263//263 197//197
f 263//263 264//264 197//197
f 197//197 264//264 198//198
f 198//198 265//265 196//196
f 265//265 266//266 196//196
f 196//196 266//266 267//267
f 266//266 268//268 267//267
f 267//267 268//268 269//269
f 268//268 270//270 269//269
f 269//269 270//270 271//271
f 272//272 273//273 274//274
f 273//273 275//275 274//274
f 270//270 276//276 271//271
f 276//276 277//277 271//271
f 271//271 277//277 278//278
f 277//277 279//279 278//278
f 278//278 279//279 280//280
f 279//279 281//281 280//280
f 280//280 281//281 275//275
f 281//281 282//282 275//275
f 275//275 282//282 274//274
f 272//272 283//283 273//273
f 283//283 284//284 273//273
f 273//273 284//284 285//285
f 284//284 286//286 285//285
f 286//286 287//287 285//285
f 285//285 287//287 288//288
f 287//287 289//289 288//288
f 288//288 289//289 290//290
f 291//291 292//292 293//293
f 292//292 288//288 293//293
f 293//293 288//288 294//294
f 288//288 290//290 294//294
f 295//295 296//296 297//297
f 298//298 299//299 300//300
f 301//301 302//302 303//303
f 302//302 301//301 304//304
f 305//305 306//306 307//307
f 306//306 308//308 307//307
f 309//309 310//310 311//311
f 312//312 313//313 311//311
f 314//314 315//315 297//297
f 316//316 317//317 318//318
f 319//319 320//320 321//321
f 322//322 323//323 324//324
f 325//325 326//326 327//327
f 213//213 328//328 329//329
f 330//330 331//331 332//332
f 333//333 334//334 335//335
f 336//336 337//337 338//338
f 339//339 340//340 341//341
f 340//340 342//342 341//341
f 341//341 342//342 343//343
f 344//344 345//345 346//346
f 347//347 348//348 349//349
f 244//244 255//255 350//350
f 351//351 229//229 352//352
f 229//229 233//233 352//352
f 352//352 233//233 353//353
f 233//233 235//235 353//353
f 353//353 235//235 354//354
f 235//235 236//236 354//354
f 354//354 236//236 355//355
f 236//236 241//241 355//355
f 355//355 241//241 356//356
f 241//241 244//244 356//356
f 356//356 244//244 357//357
f 244//244 350//350 357//357
f 358//358 225//225 351//351
f 225//225 227//227 351//351
f 351//351 227//227 229//229
f 220//220 359//359 218//218
f 359//359 360//360 218//218
f 218//218 360//360 215//215
f 213//213 329//329 205//205
f 329//329 361//361 205//205
f 205//205 361//361 203//203
f 361//361 362//362 203//203
f 203//203 362//362 201//201
f 201//201 363//363 208//208
f 363//363 364//364 208//208
f 208//208 364//364 365//365
f 364//364 366//366 365//365
f 366//366 367//367 365//365
f 365//365 367//367 368//368
f 369//369 370//370 371//371
f 370//370 372//372 371//371
f 371//371 372//372 373//373
f 374//374 375//375 369//369
f 375//375 376//376 369//369
f 369//369 376//376 370//370
f 369//369 377//377 374//374
f 377//377 378//378 374//374
f 374//374 378//378 379//379
f 378//378 380//380 379//379
f 379//379 380//380 381//381
f 380//380 382//382 381//381
f 381//381 382//382 383//383
f 382//382 384//384 383//383
f 383//383 384//384 385//385
f 384//384 386//386 385//385
f 385//385 386//386 387//387
f 386//386 388//388 387//387
f 387//387 388//388 389//389
f 388//388 390//390 389//389
f 389//389 390//390 391//391
f 390//390 392//392 391//391
f 392//392 393//393 391//391
f 391//391 393//393 394//394
f 393//393 395//395 394//394
f 325//325 327//327 396//396
f 327//327 397//397 396//396
f 396//396 397//397 398//398
f 397//397 399//399 398//398
f 398//398 399//399 400//400
f 401//401 402//402 403//403
f 316//316 318//318 404//404
f 318//318 405//405 404//404
f 404//404 405//405 406//406
f 405//405 407//407 406//406
f 406//406 407//407 408//408
f 408//408 407//407 409//409
f 407//407 410//410 409//409
f 409//409 410//410 411//411
f 411//411 410//410 412//412
f 410//410 413//413 412//412
f 412//412 413//413 414//414
f 414//414 413//413 415//415
f 413//413 416//416 415//415
f 415//415 416//416 417//417
f 416//416 418//418 417//417
f 417//417 418//418 419//419
f 420//420 421//421 418//418
f 421//421 422//422 418//418
f 418//418 422//422 419//419
f 297//297 315//315 423//423
f 315//315 424//424 423//423
f 424//424 425//425 423//423
f 423//423 425//425 420//420
f 425//425 426//426 420//420
f 420//420 426//426 421//421
f 427//427 428//428 429//429
f 428//428 430//430 429//429
f 429//429 430//430 314//314
f 431//431 432//432 433//433
f 434//434 435//435 436//436
f 437//437 438//438 439//439
f 438//438 440//440 439//439
f 439//439 440//440 441//441
f 437//437 442//442 438//438
f 442//442 443//443 438//438
f 438//438 443//443 444//444
f 445//445 446//446 447//447
f 446//446 448//448 447//447
f 447//447 448//448 444//444
f 449//449 450//450 445//445
f 450//450 451//451 445//445
f 445//445 451//451 446//446
f 452//452 453//453 454//454
f 453//453 455//455 454//454
f 454//454 455//455 456//456
f 455//455 457//457 456//456
f 456//456 457//457 449//449
f 457//457 458//458 449//449
f 449//449 458//458 450//450
f 454//454 459//459 452//452
f 459//459 460//460 452//452
f 452//452 460//460 461//461
f 460//460 462//462 461//461
f 461//461 462//462 463//463
f 462//462 464//464 463//463
f 463//463 464//464 465//465
f 466//466 467//467 468//468
f 467//467 469//469 468//468
f 468//468 469//469 470//470
f 471//471 472//472 473//473
f 472//472 474//474 473//473
f 473//473 474//474 475//475
f 476//476 477//477 478//478
f 478//478 477//477 479//479
f 480//480 481//481 482//482
f 483//483 484//484 481//481
f 484//484 485//485 481//481
f 481//481 485//485 482//482
f 486//486 487//487 488//488
f 487//487 489//489 488//488
f 488//488 489//489 483//483
f 489//489 490//490 483//483
f 483//483 490//490 484//484
f 338//338 491//491 336//336
f 491//491 492//492 336//336
f 336//336 492//492 493//493
f 492//492 494//494 493//493
f 493//493 494//494 495//495
f 494//494 486//486 495//495
f 495//495 486//486 496//496
f 486//486 488//488 496//496
f 444//444 443//443 447//447
f 443//443 497//497 447//447
f 447//447 497//497 445//445
f 498//498 499//499 500//500
f 500//500 499//499 501//501
f 499//499 502//502 501//501
f 501//501 502//502 503//503
f 502//502 504//504 503//503
f 503//503 504//504 505//505
f 504//504 506//506 505//505
f 505//505 506//506 507//507
f 506//506 508//508 507//507
f 507//507 508//508 509//509
f 508//508 510//510 509//509
f 509//509 510//510 511//511
f 510//510 512//512 511//511
f 511//511 512//512 513//513
f 443//443 498//498 497//497
f 498//498 500//500 497//497
f 497//497 500//500 445//445
f 500//500 501//501 445//445
f 445//445 501//501 449//449
f 501//501 503//503 449//449
f 449//449 503//503 456//456
f 503//503 505//505 456//456
f 456//456 505//505 454//454
f 505//505 507//507 454//454
f 454//454 507//507 459//459
f 507//507 509//509 459//459
f 459//459 509//509 460//460
f 509//509 511//511 460//460
f 460//460 511//511 462//462
f 511//511 513//513 462//462
f 462//462 513//513 464//464
f 514//514 310//310 515//515
f 310//310 309//309 515//515
f 515//515 309//309 516//516
f 478//478 471//471 476//476
f 471//471 473//473 476//476
f 476//476 473//473 517//517
f 473//473 475//475 517//517
f 480//480 518//518 519//519
f 518//518 514//514 519//519
f 520//520 521//521 522//522
f 521//521 523//523 522//522
f 522//522 523//523 524//524
f 523//523 525//525 524//524
f 524//524 525//525 526//526
f 527//527 528//528 529//529
f 528//528 530//530 529//529
f 529//529 530//530 531//531
f 530//530 532//532 531//531
f 520//520 308//308 521//521
f 308//308 306//306 521//521
f 521//521 306//306 523//523
f 306//306 532//532 523//523
f 523//523 532//532 525//525
f 532//532 530//530 525//525
f 525//525 530//530 526//526
f 530//530 528//528 526//526
f 482//482 479//479 480//480
f 479//479 477//477 480//480
f 480//480 477//477 518//518
f 477//477 476//476 518//518
f 518//518 476//476 514//514
f 476//476 517//517 514//514
f 514//514 517//517 310//310
f 517//517 475//475 310//310
f 310//310 475//475 311//311
f 475//475 474//474 311//311
f 311//311 474//474 312//312
f 533//533 534//534 535//535
f 466//466 468//468 536//536
f 468//468 537//537 536//536
f 536//536 537//537 538//538
f 537//537 539//539 538//538
f 538//538 539//539 540//540
f 539//539 541//541 540//540
f 540//540 541//541 542//542
f 541//541 543//543 542//542
f 542//542 543//543 544//544
f 543//543 545//545 544//544
f 544//544 545//545 546//546
f 547//547 337//337 548//548
f 337//337 336//336 548//548
f 548//548 336//336 549//549
f 336//336 493//493 549//549
f 549//549 493//493 550//550
f 493//493 495//495 550//550
f 550//550 495//495 551//551
f 495//495 496//496 551//551
f 551//551 496//496 552//552
f 496//496 488//488 552//552
f 552//552 488//488 553//553
f 488//488 483//483 553//553
f 553//553 483//483 554//554
f 483//483 481//481 554//554
f 554//554 481//481 527//527
f 481//481 480//480 527//527
f 527//527 480//480 528//528
f 480//480 519//519 528//528
f 528//528 519//519 526//526
f 519//519 514//514 526//526
f 526//526 514//514 524//524
f 514//514 515//515 524//524
f 524//524 515//515 522//522
f 515//515 516//516 522//522
f 522//522 516//516 520//520
f 334//334 547//547 335//335
f 547//547 548//548 335//335
f 335//335 548//548 555//555
f 548//548 549//549 555//555
f 555//555 549//549 556//556
f 549//549 550//550 556//556
f 556//556 550//550 557//557
f 550//550 551//551 557//557
f 557//557 551//551 558//558
f 551//551 552//552 558//558
f 558//558 552//552 559//559
f 552//552 553//553 559//559
f 559//559 553//553 560//560
f 553//553 554//554 560//560
f 560//560 554//554 561//561
f 554//554 527//527 561//561
f 561//561 527//527 562//562
f 527//527 529//529 562//562
f 562//562 529//529 563//563
f 529//529 531//531 563//563
f 563//563 531//531 564//564
f 531//531 532//532 564//564
f 564//564 532//532 565//565
f 532//532 306//306 565//565
f 565//565 306//306 566//566
f 306//306 305//305 566//566
f 331//331 333//333 332//332
f 333//333 335//335 332//332
f 332//332 335//335 567//567
f 335//335 555//555 567//567
f 567//567 555//555 568//568
f 555//555 556//556 568//568
f 568//568 556//556 569//569
f 556//556 557//557 569//569
f 569//569 557//557 570//570
f 557//557 558//558 570//570
f 570//570 558//558 571//571
f 558//558 559//559 571//571
f 571//571 559//559 572//572
f 559//559 560//560 572//572
f 572//572 560//560 573//573
f 560//560 561//561 573//573
f 573//573 561//561 574//574
f 561//561 562//562 574//574
f 574//574 562//562 575//575
f 562//562 563//563 575//575
f 575//575 563//563 576//576
f 563//563 564//564 576//576
f 576//576 564//564 577//577
f 564//564 565//565 577//577
f 577//577 565//565 578//578
f 565//565 566//566 578//578
f 578//578 566//566 579//579
f 580//580 330//330 581//581
f 330//330 332//332 581//581
f 581//581 332//332 582//582
f 332//332 567//567 582//582
f 582//582 567//567 583//583
f 567//567 568//568 583//583
f 583//583 568//568 584//584
f 568//568 569//569 584//584
f 584//584 569//569 585//585
f 569//569 570//570 585//585
f 585//585 570//570 586//586
f 570//570 571//571 586//586
f 586//586 571//571 587//587
f 571//571 572//572 587//587
f 587//587 572//572 588//588
f 572//572 573//573 588//588
f 588//588 573//573 589//589
f 573//573 574//574 589//589
f 589//589 574//574 590//590
f 574//574 575//575 590//590
f 590//590 575//575 591//591
f 575//575 576//576 591//591
f 591//591 576//576 592//592
f 576//576 577//577 592//592
f 592//592 577//577 593//593
f 577//577 578//578 593//593
f 593//593 578//578 594//594
f 578//578 579//579 594//594
f 594//594 579//579 595//595
f 596//596 580//580 597//597
f 580//580 581//581 597//597
f 597//597 581//581 598//598
f 581//581 582//582 598//598
f 598//598 582//582 599//599
f 582//582 583//583 599//599
f 599//599 583//583 600//600
f 583//583 584//584 600//600
f 600//600 584//584 601//601
f 584//584 585//585 601//601
f 601//601 585//585 602//602
f 585//585 586//586 602//602
f 602//602 586//586 603//603
f 586//586 587//587 603//603
f 603//603 587//587 604//604
f 587//587 588//588 604//604
f 604//604 588//588 605//605
f 588//588 589//589 605//605
f 605//605 589//589 606//606
f 589//589 590//590 606//606
f 606//606 590//590 607//607
f 590//590 591//591 607//607
f 607//607 591//591 608//608
f 591//591 592//592 608//608
f 608//608 592//592 609//609
f 592//592 593//593 609//609
f 609//609 593//593 610//610
f 593//593 594//594 610//610
f 610//610 594//594 611//611
f 594//594 595//595 611//611
f 611//611 595//595 612//612
f 613//613 362//362 614//614
f 362//362 361//361 614//614
f 614//614 361//361 615//615
f 361//361 329//329 615//615
f 615//615 329//329 616//616
f 329//329 328//328 616//616
f 616//616 328//328 303//303
f 617//617 359//359 618//618
f 359//359 220//220 618//618
f 618//618 220//220 358//358
f 220//220 223//223 358//358
f 358//358 223//223 225//225
f 213//213 215//215 328//328
f 215//215 360//360 328//328
f 328//328 360//360 303//303
f 360//360 359//359 303//303
f 303//303 359//359 301//301
f 359//359 617//617 301//301
f 301//301 617//617 304//304
f 343//343 619//619 341//341
f 619//619 620//620 341//341
f 341//341 620//620 621//621
f 620//620 622//622 621//621
f 621//621 622//622 623//623
f 622//622 624//624 623//623
f 623//623 624//624 625//625
f 624//624 626//626 625//625
f 625//625 626//626 627//627
f 626//626 628//628 627//627
f 627//627 628//628 629//629
f 628//628 630//630 629//629
f 629//629 630//630 631//631
f 630//630 632//632 631//631
f 631//631 632//632 633//633
f 632//632 634//634 633//633
f 633//633 634//634 635//635
f 634//634 636//636 635//635
f 635//635 636//636 637//637
f 636//636 638//638 637//637
f 637//637 638//638 639//639
f 638//638 640//640 639//639
f 639//639 640//640 641//641
f 640//640 642//642 641//641
f 641//641 642//642 643//643
f 642//642 644//644 643//643
f 643//643 644//644 645//645
f 644//644 646//646 645//645
f 645//645 646//646 647//647
f 648//648 649//649 650//650
f 649//649 651//651 650//650
f 650//650 651//651 652//652
f 651//651 653//653 652//652
f 652//652 653//653 654//654
f 653//653 655//655 654//654
f 654//654 655//655 656//656
f 655//655 657//657 656//656
f 656//656 657//657 658//658
f 657//657 659//659 658//658
f 658//658 659//659 660//660
f 659//659 661//661 660//660
f 660//660 661//661 346//346
f 661//661 349//349 346//346
f 346//346 349//349 344//344
f 349//349 348//348 344//344
f 649//649 662//662 651//651
f 662//662 663//663 651//651
f 651//651 663//663 653//653
f 663//663 664//664 653//653
f 653//653 664//664 655//655
f 664//664 665//665 655//655
f 655//655 665//665 657//657
f 665//665 666//666 657//657
f 657//657 666//666 659//659
f 666//666 667//667 659//659
f 659//659 667//667 661//661
f 667//667 668//668 661//661
f 661//661 668//668 349//349
f 668//668 669//669 349//349
f 349//349 669//669 347//347
f 350//350 347//347 357//357
f 347//347 669//669 357//357
f 357//357 669//669 356//356
f 669//669 668//668 356//356
f 356//356 668//668 355//355
f 668//668 667//667 355//355
f 355//355 667//667 354//354
f 667//667 666//666 354//354
f 354//354 666//666 353//353
f 666//666 665//665 353//353
f 353//353 665//665 352//352
f 665//665 664//664 352//352
f 352//352 664//664 351//351
f 664//664 663//663 351//351
f 351//351 663//663 358//358
f 663//663 662//662 358//358
f 358//358 662//662 618//618
f 662//662 649//649 618//618
f 618//618 649//649 617//617
f 649//649 648//648 617//617
f 617//617 648//648 304//304
f 323//323 400//400 324//324
f 400//400 399//399 324//324
f 324//324 399//399 299//299
f 299//299 399//399 300//300
f 399//399 397//397 300//300
f 300//300 397//397 670//670
f 397//397 327//327 670//670
f 670//670 327//327 671//671
f 327//327 326//326 671//671
f 671//671 326//326 672//672
f 298//298 300//300 673//673
f 300//300 670//670 673//673
f 673//673 670//670 674//674
f 670//670 671//671 674//674
f 674//674 671//671 675//675
f 671//671 672//672 675//675
f 675//675 672//672 676//676
f 677//677 678//678 679//679
f 678//678 680//680 679//679
f 679//679 680//680 681//681
f 680//680 682//682 681//681
f 681//681 682//682 683//683
f 682//682 684//684 683//683
f 683//683 684//684 685//685
f 684//684 686//686 685//685
f 685//685 686//686 687//687
f 686//686 688//688 687//687
f 687//687 688//688 689//689
f 688//688 690//690 689//689
f 689//689 690//690 691//691
f 690//690 692//692 691//691
f 691//691 692//692 693//693
f 692//692 694//694 693//693
f 693//693 694//694 695//695
f 694//694 696//696 695//695
f 695//695 696//696 697//697
f 696//696 698//698 697//697
f 697//697 698//698 699//699
f 698//698 700//700 699//699
f 699//699 700//700 701//701
f 700//700 702//702 701//701
f 701//701 702//702 703//703
f 702//702 704//704 703//703
f 703//703 704//704 705//705
f 704//704 706//706 705//705
f 705//705 706//706 707//707
f 706//706 708//708 707//707
f 707//707 708//708 709//709
f 708//708 710//710 709//709
f 709//709 710//710 711//711
f 710//710 712//712 711//711
f 711//711 712//712 713//713
f 712//712 714//714 713//713
f 713//713 714//714 715//715
f 714//714 716//716 715//715
f 715//715 716//716 717//717
f 716//716 718//718 717//717
f 717//717 718//718 719//719
f 718//718 720//720 719//719
f 719//719 720//720 721//721
f 720//720 722//722 721//721
f 721//721 722//722 723//723
f 722//722 724//724 723//723
f 723//723 724//724 725//725
f 724//724 726//726 725//725
f 725//725 726//726 727//727
f 726//726 728//728 727//727
f 727//727 728//728 729//729
f 728//728 730//730 729//729
f 729//729 730//730 731//731
f 730//730 732//732 731//731
f 731//731 732//732 733//733
f 732//732 734//734 733//733
f 345//345 339//339 346//346
f 339//339 341//341 346//346
f 346//346 341//341 660//660
f 341//341 621//621 660//660
f 660//660 621//621 658//658
f 621//621 623//623 658//658
f 658//658 623//623 656//656
f 623//623 625//625 656//656
f 656//656 625//625 654//654
f 625//625 627//627 654//654
f 654//654 627//627 652//652
f 627//627 629//629 652//652
f 652//652 629//629 650//650
f 629//629 631//631 650//650
f 650//650 631//631 648//648
f 631//631 633//633 648//648
f 648//648 633//633 304//304
f 633//633 635//635 304//304
f 304//304 635//635 302//302
f 635//635 637//637 302//302
f 302//302 637//637 303//303
f 637//637 639//639 303//303
f 303//303 639//639 616//616
f 639//639 641//641 616//616
f 616//616 641//641 615//615
f 641//641 643//643 615//615
f 615//615 643//643 614//614
f 643//643 645//645 614//614
f 614//614 645//645 613//613
f 645//645 647//647 613//613
f 613//613 647//647 735//735
f 647//647 736//736 735//735
f 735//735 736//736 737//737
f 736//736 738//738 737//737
f 737//737 738//738 739//739
f 738//738 740//740 739//739
f 739//739 740//740 741//741
f 740//740 742//742 741//741
f 741//741 742//742 743//743
f 742//742 744//744 743//743
f 743//743 744//744 745//745
f 744//744 746//746 745//745
f 745//745 746//746 747//747
f 746//746 748//748 747//747
f 747//747 748//748 749//749
f 748//748 750//750 749//749
f 749//749 750//750 751//751
f 750//750 752//752 751//751
f 751//751 752//752 753//753
f 752//752 754//754 753//753
f 753//753 754//754 755//755
f 754//754 756//756 755//755
f 755//755 756//756 757//757
f 756//756 758//758 757//757
f 757//757 758//758 759//759
f 758//758 760//760 759//759
f 619//619 677//677 620//620
f 677//677 679//679 620//620
f 620//620 679//679 622//622
f 679//679 681//681 622//622
f 622//622 681//681 624//624
f 681//681 683//683 624//624
f 624//624 683//683 626//626
f 683//683 685//685 626//626
f 626//626 685//685 628//628
f 685//685 687//687 628//628
f 628//628 687//687 630//630
f 687//687 689//689 630//630
f 630//630 689//689 632//632
f 689//689 691//691 632//632
f 632//632 691//691 634//634
f 691//691 693//693 634//634
f 634//634 693//693 636//636
f 693//693 695//695 636//636
f 636//636 695//695 638//638
f 695//695 697//697 638//638
f 638//638 697//697 640//640
f 697//697 699//699 640//640
f 640//640 699//699 642//642
f 699//699 701//701 642//642
f 642//642 701//701 644//644
f 701//701 703//703 644//644
f 644//644 703//703 646//646
f 703//703 705//705 646//646
f 646//646 705//705 647//647
f 705//705 707//707 647//647
f 647//647 707//707 736//736
f 707//707 709//709 736//736
f 736//736 709//709 738//738
f 709//709 711//711 738//738
f 738//738 711//711 740//740
f 711//711 713//713 740//740
f 740//740 713//713 742//742
f 713//713 715//715 742//742
f 742//742 715//715 744//744
f 715//715 717//717 744//744
f 744//744 717//717 746//746
f 717//717 719//719 746//746
f 746//746 719//719 748//748
f 719//719 721//721 748//748
f 748//748 721//721 750//750
f 721//721 723//723 750//750
f 750//750 723//723 752//752
f 723//723 725//725 752//752
f 752//752 725//725 754//754
f 725//725 727//727 754//754
f 754//754 727//727 756//756
f 727//727 729//729 756//756
f 756//756 729//729 758//758
f 729//729 731//731 758//758
f 758//758 731//731 760//760
f 731//731 733//733 760//760
f 761//761 762//762 763//763
f 762//762 764//764 763//763
f 763//763 764//764 765//765
f 764//764 766//766 765//765
f 765//765 766//766 767//767
f 766//766 768//768 767//767
f 767//767 768//768 769//769
f 768//768 770//770 769//769
f 769//769 770//770 771//771
f 770//770 772//772 771//771
f 771//771 772//772 773//773
f 772//772 774//774 773//773
f 773//773 774//774 775//775
f 774//774 776//776 775//775
f 775//775 776//776 777//777
f 776//776 778//778 777//777
f 777//777 778//778 779//779
f 778//778 780//780 779//779
f 779//779 780//780 781//781
f 780//780 782//782 781//781
f 781//781 782//782 783//783
f 782//782 784//784 783//783
f 783//783 784//784 367//367
f 762//762 392//392 764//764
f 392//392 390//390 764//764
f 764//764 390//390 766//766
f 390//390 388//388 766//766
f 766//766 388//388 768//768
f 388//388 386//386 768//768
f 768//768 386//386 770//770
f 386//386 384//384 770//770
f 770//770 384//384 772//772
f 384//384 382//382 772//772
f 772//772 382//382 774//774
f 382//382 380//380 774//774
f 774//774 380//380 776//776
f 380//380 378//378 776//776
f 776//776 378//378 778//778
f 378//378 377//377 778//778
f 778//778 377//377 780//780
f 377//377 369//369 780//780
f 780//780 369//369 782//782
f 369//369 371//371 782//782
f 782//782 371//371 784//784
f 371//371 373//373 784//784
f 784//784 373//373 367//367
f 373//373 372//372 367//367
f 367//367 372//372 368//368
f 363//363 785//785 364//364
f 785//785 786//786 364//364
f 364//364 786//786 366//366
f 786//786 787//787 366//366
f 366//366 787//787 367//367
f 787//787 788//788 367//367
f 367//367 788//788 783//783
f 788//788 789//789 783//783
f 783//783 789//789 781//781
f 789//789 790//790 781//781
f 781//781 790//790 779//779
f 790//790 791//791 779//779
f 779//779 791//791 777//777
f 791//791 792//792 777//777
f 777//777 792//792 775//775
f 792//792 793//793 775//775
f 775//775 793//793 773//773
f 793//793 794//794 773//773
f 773//773 794//794 771//771
f 794//794 795//795 771//771
f 771//771 795//795 769//769
f 795//795 796//796 769//769
f 769//769 796//796 767//767
f 796//796 676//676 767//767
f 767//767 676//676 765//765
f 676//676 672//672 765//765
f 765//765 672//672 763//763
f 672//672 326//326 763//763
f 763//763 326//326 761//761
f 326//326 325//325 761//761
f 201//201 362//362 363//363
f 362//362 613//613 363//363
f 363//363 613//613 785//785
f 613//613 735//735 785//785
f 785//785 735//735 786//786
f 735//735 737//737 786//786
f 786//786 737//737 787//787
f 737//737 739//739 787//787
f 787//787 739//739 788//788
f 739//739 741//741 788//788
f 788//788 741//741 789//789
f 741//741 743//743 789//789
f 789//789 743//743 790//790
f 743//743 745//745 790//790
f 790//790 745//745 791//791
f 745//745 747//747 791//791
f 791//791 747//747 792//792
f 747//747 749//749 792//792
f 792//792 749//749 793//793
f 749//749 751//751 793//793
f 793//793 751//751 794//794
f 751//751 753//753 794//794
f 794//794 753//753 795//795
f 753//753 755//755 795//795
f 795//795 755//755 796//796
f 755//755 757//757 796//796
f 796//796 757//757 676//676
f 757//757 759//759 676//676
f 676//676 759//759 675//675
f 759//759 760//760 675//675
f 675//675 760//760 674//674
f 760//760 733//733 674//674
f 674//674 733//733 673//673
f 733//733 734//734 673//673
f 673//673 734//734 298//298
f 797//797 402//402 798//798
f 402//402 401//401 798//798
f 798//798 401//401 799//799
f 401//401 800//800 799//799
f 799//799 800//800 801//801
f 800//800 802//802 801//801
f 801//801 802//802 803//803
f 802//802 804//804 803//803
f 803//803 804//804 805//805
f 804//804 806//806 805//805
f 805//805 806//806 807//807
f 806//806 808//808 807//807
f 807//807 808//808 809//809
f 403//403 319//319 401//401
f 319//319 321//321 401//401
f 401//401 321//321 800//800
f 321//321 810//810 800//800
f 800//800 810//810 802//802
f 810//810 811//811 802//802
f 802//802 811//811 804//804
f 811//811 812//812 804//804
f 804//804 812//812 806//806
f 812//812 813//813 806//806
f 806//806 813//813 808//808
f 813//813 814//814 808//808
f 808//808 814//814 809//809
f 814//814 815//815 809//809
f 809//809 815//815 816//816
f 815//815 817//817 816//816
f 816//816 817//817 818//818
f 432//432 427//427 433//433
f 427//427 429//429 433//433
f 433//433 429//429 819//819
f 318//318 820//820 405//405
f 820//820 821//821 405//405
f 405//405 821//821 407//407
f 821//821 822//822 407//407
f 407//407 822//822 410//410
f 822//822 823//823 410//410
f 410//410 823//823 413//413
f 823//823 824//824 413//413
f 413//413 824//824 416//416
f 824//824 825//825 416//416
f 416//416 825//825 418//418
f 825//825 826//826 418//418
f 418//418 826//826 420//420
f 826//826 827//827 420//420
f 420//420 827//827 423//423
f 827//827 828//828 423//423
f 423//423 828//828 297//297
f 828//828 829//829 297//297
f 297//297 829//829 295//295
f 829//829 830//830 295//295
f 831//831 832//832 833//833
f 832//832 834//834 833//833
f 833//833 834//834 835//835
f 834//834 836//836 835//835
f 835//835 836//836 837//837
f 836//836 838//838 837//837
f 837//837 838//838 839//839
f 838//838 840//840 839//839
f 839//839 840//840 841//841
f 840//840 842//842 841//841
f 841//841 842//842 843//843
f 842//842 844//844 843//843
f 843//843 844//844 845//845
f 844//844 846//846 845//845
f 845//845 846//846 847//847
f 846//846 848//848 847//847
f 847//847 848//848 849//849
f 848//848 850//850 849//849
f 849//849 850//850 851//851
f 850//850 852//852 851//851
f 851//851 852//852 853//853
f 441//441 831//831 439//439
f 831//831 833//833 439//439
f 439//439 833//833 437//437
f 833//833 835//835 437//437
f 437//437 835//835 442//442
f 835//835 837//837 442//442
f 442//442 837//837 443//443
f 837//837 839//839 443//443
f 443//443 839//839 498//498
f 839//839 841//841 498//498
f 498//498 841//841 499//499
f 841//841 843//843 499//499
f 499//499 843//843 502//502
f 843//843 845//845 502//502
f 502//502 845//845 504//504
f 845//845 847//847 504//504
f 504//504 847//847 506//506
f 847//847 849//849 506//506
f 506//506 849//849 508//508
f 849//849 851//851 508//508
f 508//508 851//851 510//510
f 851//851 853//853 510//510
f 510//510 853//853 512//512
f 854//854 855//855 856//856
f 855//855 857//857 856//856
f 858//858 859//859 860//860
f 859//859 854//854 860//860
f 860//860 854//854 861//861
f 854//854 856//856 861//861
f 436//436 858//858 862//862
f 858//858 860//860 862//862
f 862//862 860//860 863//863
f 860//860 861//861 863//863
f 863//863 861//861 864//864
f 861//861 865//865 864//864
f 864//864 865//865 866//866
f 867//867 868//868 869//869
f 868//868 870//870 869//869
f 869//869 870//870 871//871
f 870//870 872//872 871//871
f 871//871 872//872 873//873
f 874//874 875//875 876//876
f 857//857 877//877 856//856
f 877//877 878//878 856//856
f 856//856 878//878 861//861
f 878//878 874//874 861//861
f 861//861 874//874 865//865
f 874//874 876//876 865//865
f 865//865 876//876 866//866
f 534//534 873//873 535//535
f 873//873 872//872 535//535
f 535//535 872//872 879//879
f 872//872 870//870 879//879
f 879//879 870//870 875//875
f 870//870 868//868 875//875
f 875//875 868//868 876//876
f 868//868 867//867 876//876
f 876//876 867//867 866//866
f 877//877 880//880 878//878
f 880//880 881//881 878//878
f 878//878 881//881 874//874
f 881//881 882//882 874//874
f 874//874 882//882 875//875
f 882//882 883//883 875//875
f 875//875 883//883 879//879
f 883//883 884//884 879//879
f 879//879 884//884 535//535
f 441//441 434//434 831//831
f 434//434 436//436 831//831
f 831//831 436//436 832//832
f 436//436 862//862 832//832
f 832//832 862//862 834//834
f 862//862 863//863 834//834
f 834//834 863//863 836//836
f 863//863 864//864 836//836
f 836//836 864//864 838//838
f 864//864 866//866 838//838
f 838//838 866//866 840//840
f 866//866 867//867 840//840
f 840//840 867//867 842//842
f 867//867 869//869 842//842
f 842//842 869//869 844//844
f 869//869 871//871 844//844
f 844//844 871//871 846//846
f 871//871 873//873 846//846
f 846//846 873//873 848//848
f 873//873 534//534 848//848
f 848//848 534//534 850//850
f 534//534 533//533 850//850
f 850//850 533//533 852//852
f 885//885 886//886 887//887
f 886//886 888//888 887//887
f 887//887 888//888 889//889
f 888//888 890//890 889//889
f 889//889 890//890 819//819
f 820//820 891//891 821//821
f 891//891 892//892 821//821
f 821//821 892//892 822//822
f 892//892 893//893 822//822
f 822//822 893//893 823//823
f 893//893 894//894 823//823
f 823//823 894//894 824//824
f 894//894 895//895 824//824
f 824//824 895//895 825//825
f 895//895 896//896 825//825
f 825//825 896//896 826//826
f 896//896 897//897 826//826
f 826//826 897//897 827//827
f 897//897 898//898 827//827
f 827//827 898//898 828//828
f 898//898 899//899 828//828
f 828//828 899//899 829//829
f 899//899 900//900 829//829
f 829//829 900//900 830//830
f 900//900 901//901 830//830
f 830//830 901//901 902//902
f 314//314 297//297 429//429
f 297//297 296//296 429//429
f 429//429 296//296 819//819
f 296//296 295//295 819//819
f 819//819 295//295 889//889
f 295//295 830//830 889//889
f 889//889 830//830 887//887
f 830//830 902//902 887//887
f 887//887 902//902 885//885
f 891//891 797//797 892//892
f 797//797 798//798 892//892
f 892//892 798//798 893//893
f 798//798 799//799 893//893
f 893//893 799//799 894//894
f 799//799 801//801 894//894
f 894//894 801//801 895//895
f 801//801 803//803 895//895
f 895//895 803//803 896//896
f 803//803 805//805 896//896
f 896//896 805//805 897//897
f 805//805 807//807 897//897
f 897//897 807//807 898//898
f 807//807 809//809 898//898
f 898//898 809//809 899//899
f 809//809 816//816 899//899
f 899//899 816//816 900//900
f 816//816 818//818 900//900
f 900//900 818//818 901//901
f 903//903 904//904 905//905
f 904//904 906//906 905//905
f 905//905 906//906 907//907
f 906//906 908//908 907//907
f 907//907 908//908 909//909
f 908//908 910//910 909//909
f 911//911 596//596 912//912
f 596//596 597//597 912//912
f 912//912 597//597 913//913
f 597//597 598//598 913//913
f 913//913 598//598 914//914
f 598//598 599//599 914//914
f 914//914 599//599 915//915
f 599//599 600//600 915//915
f 915//915 600//600 916//916
f 600//600 601//601 916//916
f 916//916 601//601 917//917
f 601//601 602//602 917//917
f 917//917 602//602 918//918
f 602//602 603//603 918//918
f 918//918 603//603 919//919
f 603//603 604//604 919//919
f 919//919 604//604 920//920
f 604//604 605//605 920//920
f 920//920 605//605 921//921
f 605//605 606//606 921//921
f 921//921 606//606 922//922
f 606//606 607//607 922//922
f 922//922 607//607 923//923
f 607//607 608//608 923//923
f 923//923 608//608 924//924
f 608//608 609//609 924//924
f 924//924 609//609 925//925
f 609//609 610//610 925//925
f 925//925 610//610 926//926
f 610//610 611//611 926//926
f 926//926 611//611 927//927
f 611//611 612//612 927//927
f 927//927 612//612 928//928
f 612//612 929//929 928//928
f 928//928 929//929 930//930
f 929//929 931//931 930//930
f 930//930 931//931 932//932
f 931//931 933//933 932//932
f 932//932 933//933 934//934
f 933//933 935//935 934//934
f 934//934 935//935 936//936
f 935//935 937//937 936//936
f 936//936 937//937 938//938
f 937//937 939//939 938//938
f 938//938 939//939 940//940
f 313//313 467//467 311//311
f 467//467 466//466 311//311
f 311//311 466//466 309//309
f 466//466 536//536 309//309
f 309//309 536//536 516//516
f 536//536 538//538 516//516
f 516//516 538//538 520//520
f 538//538 540//540 520//520
f 520//520 540//540 308//308
f 540//540 542//542 308//308
f 308//308 542//542 307//307
f 542//542 544//544 307//307
f 307//307 544//544 305//305
f 544//544 546//546 305//305
f 305//305 546//546 566//566
f 546//546 941//941 566//566
f 566//566 941//941 579//579
f 941//941 910//910 579//579
f 579//579 910//910 595//595
f 910//910 908//908 595//595
f 595//595 908//908 612//612
f 908//908 906//906 612//612
f 612//612 906//906 929//929
f 906//906 904//904 929//929
f 929//929 904//904 931//931
f 904//904 903//903 931//931
f 931//931 903//903 933//933
f 903//903 885//885 933//933
f 933//933 885//885 935//935
f 885//885 902//902 935//935
f 935//935 902//902 937//937
f 902//902 901//901 937//937
f 937//937 901//901 939//939
f 901//901 818//818 939//939
f 939//939 818//818 940//940
f 818//818 817//817 940//940
f 470//470 465//465 468//468
f 465//465 464//464 468//468
f 468//468 464//464 537//537
f 464//464 513//513 537//537
f 537//537 513//513 539//539
f 513//513 512//512 539//539
f 539//539 512//512 541//541
f 512//512 853//853 541//541
f 541//541 853//853 543//543
f 853//853 852//852 543//543
f 543//543 852//852 545//545
f 852//852 533//533 545//545
f 545//545 533//533 546//546
f 533//533 535//535 546//546
f 546//546 535//535 941//941
f 535//535 884//884 941//941
f 941//941 884//884 910//910
f 884//884 883//883 910//910
f 910//910 883//883 909//909
f 883//883 882//882 909//909
f 909//909 882//882 907//907
f 882//882 881//881 907//907
f 907//907 881//881 905//905
f 881//881 880//880 905//905
f 905//905 880//880 903//903
f 880//880 877//877 903//903
f 903//903 877//877 885//885
f 877//877 857//857 885//885
f 885//885 857//857 886//886
f 857//857 855//855 886//886
f 886//886 855//855 888//888
f 855//855 854//854 888//888
f 888//888 854//854 890//890
f 854//854 859//859 890//890
f 890//890 859//859 819//819
f 859//859 858//858 819//819
f 819//819 858//858 433//433
f 858//858 436//436 433//433
f 433//433 436//436 431//431
f 436//436 435//435 431//431
f 678//678 911//911 680//680
f 911//911 912//912 680//680
f 680//680 912//912 682//682
f 912//912 913//913 682//682
f 682//682 913//913 684//684
f 913//913 914//914 684//684
f 684//684 914//914 686//686
f 914//914 915//915 686//686
f 686//686 915//915 688//688
f 915//915 916//916 688//688
f 688//688 916//916 690//690
f 916//916 917//917 690//690
f 690//690 917//917 692//692
f 917//917 918//918 692//692
f 692//692 918//918 694//694
f 918//918 919//919 694//694
f 694//694 919//919 696//696
f 919//919 920//920 696//696
f 696//696 920//920 698//698
f 920//920 921//921 698//698
f 698//698 921//921 700//700
f 921//921 922//922 700//700
f 700//700 922//922 702//702
f 922//922 923//923 702//702
f 702//702 923//923 704//704
f 923//923 924//924 704//704
f 704//704 924//924 706//706
f 924//924 925//925 706//706
f 706//706 925//925 708//708
f 925//925 926//926 708//708
f 708//708 926//926 710//710
f 926//926 927//927 710//710
f 710//710 927//927 712//712
f 927//927 928//928 712//712
f 712//712 928//928 714//714
f 928//928 930//930 714//714
f 714//714 930//930 716//716
f 930//930 932//932 716//716
f 716//716 932//932 718//718
f 932//932 934//934 718//718
f 718//718 934//934 720//720
f 934//934 936//936 720//720
f 720//720 936//936 722//722
f 936//936 938//938 722//722
f 722//722 938//938 724//724
f 938//938 940//940 724//724
f 724//724 940//940 726//726
f 940//940 817//817 726//726
f 726//726 817//817 728//728
f 817//817 815//815 728//728
f 728//728 815//815 730//730
f 815//815 814//814 730//730
f 730//730 814//814 732//732
f 814//814 813//813 732//732
f 732//732 813//813 734//734
f 813//813 812//812 734//734
f 734//734 812//812 298//298
f 812//812 811//811 298//298
f 298//298 811//811 299//299
f 811//811 810//810 299//299
f 299//299 810//810 324//324
f 810//810 321//321 324//324
f 324//324 321//321 322//322
f 321//321 320//320 322//322
f 942//942 943//943 944//944
f 943//943 945//945 944//944
f 946//946 947//947 948//948
f 947//947 949//949 948//948
f 948//948 949//949 943//943
f 949//949 950//950 943//943
f 943//943 950//950 945//945
f 951//951 952//952 948//948
f 952//952 953//953 948//948
f 948//948 953//953 946//946
f 954//954 955//955 951//951
f 955//955 956//956 951//951
f 951//951 956//956 952//952
f 957//957 958//958 959//959
f 958//958 960//960 959//959
f 959//959 960//960 954//954
f 960//960 961//961 954//954
f 954//954 961//961 955//955
f 962//962 963//963 959//959
f 963//963 964//964 959//959
f 959//959 964//964 957//957
f 965//965 966//966 967//967
f 966//966 968//968 967//967
f 967//967 968//968 962//962
f 968//968 969//969 962//962
f 962//962 969//969 963//963
f 965//965 967//967 970//970
f 967//967 971//971 970//970
f 970//970 971//971 972//972
f 973//973 974//974 975//975
f 973//973 975//975 976//976
f 975//975 977//977 976//976
f 977//977 978//978 976//976
f 976//976 978//978 971//971
f 978//978 979//979 971//971
f 971//971 979//979 972//972
f 980//980 981//981 982//982
f 980//980 982//982 973//973
f 982//982 983//983 973//973
f 973//973 983//983 974//974
f 984//984 985//985 980//980
f 985//985 986//986 980//980
f 980//980 986//986 981//981
f 987//987 988//988 989//989
f 988//988 990//990 989//989
f 989//989 990//990 984//984
f 990//990 991//991 984//984
f 984//984 991//991 985//985
f 987//987 989//989 992//992
f 989//989 993//993 992//992
f 992//992 993//993 994//994
f 994//994 993//993 995//995
f 993//993 996//996 995//995
f 995//995 996//996 997//997
f 997//997 996//996 998//998
f 996//996 999//999 998//998
f 998//998 999//999 1000//1000
f 1001//1001 1002//1002 1003//1003
f 1002//1002 1004//1004 1003//1003
f 1003//1003 1004//1004 999//999
f 1004//1004 1005//1005 999//999
f 999//999 1005//1005 1000//1000
f 1003//1003 1006//1006 1001//1001
f 1006//1006 1007//1007 1001//1001
f 1001//1001 1007//1007 1008//1008
f 1009//1009 1010//1010 1011//1011
f 1012//1012 1013//1013 1014//1014
f 1013//1013 1015//1015 1014//1014
f 944//944 1016//1016 942//942
f 1016//1016 1017//1017 942//942
f 942//942 1017//1017 1015//1015
f 1017//1017 1018//1018 1015//1015
f 1015//1015 1018//1018 1014//1014
f 1013//1013 1019//1019 1015//1015
f 1019//1019 1020//1020 1015//1015
f 1015//1015 1020//1020 942//942
f 1020//1020 1021//1021 942//942
f 942//942 1021//1021 943//943
f 1021//1021 1022//1022 943//943
f 943//943 1022//1022 948//948
f 1022//1022 1023//1023 948//948
f 948//948 1023//1023 951//951
f 1023//1023 1024//1024 951//951
f 951//951 1024//1024 954//954
f 1024//1024 1025//1025 954//954
f 954//954 1025//1025 959//959
f 1025//1025 1026//1026 959//959
f 959//959 1026//1026 962//962
f 1026//1026 1027//1027 962//962
f 962//962 1027//1027 967//967
f 1027//1027 1028//1028 967//967
f 967//967 1028//1028 971//971
f 1028//1028 1029//1029 971//971
f 971//971 1029//1029 976//976
f 1029//1029 1030//1030 976//976
f 976//976 1030//1030 973//973
f 1030//1030 1031//1031 973//973
f 973//973 1031//1031 980//980
f 1031//1031 1032//1032 980//980
f 980//980 1032//1032 984//984
f 1032//1032 1033//1033 984//984
f 984//984 1033//1033 989//989
f 1033//1033 1034//1034 989//989
f 989//989 1034//1034 993//993
f 1034//1034 1035//1035 993//993
f 993//993 1035//1035 996//996
f 1035//1035 1036//1036 996//996
f 996//996 1036//1036 999//999
f 1036//1036 1037//1037 999//999
f 999//999 1037//1037 1003//1003
f 1037//1037 1038//1038 1003//1003
f 1003//1003 1038//1038 1006//1006
f 1038//1038 1009//1009 1006//1006
f 1006//1006 1009//1009 1007//1007
f 1009//1009 1011//1011 1007//1007
f 1007//1007 1011//1011 1008//1008
f 1039//1039 1040//1040 1041//1041
f 1042//1042 1043//1043 1044//1044
f 1045//1045 1046//1046 1047//1047
f 1048//1048 1049//1049 1050//1050
f 1051//1051 1052//1052 1053//1053
f 199//199 210//210 1054//1054
f 209//209 207//207 1039//1039
f 1055//1055 1056//1056 1057//1057
f 1056//1056 1058//1058 1057//1057
f 1059//1059 1060//1060 1061//1061
f 1059//1059 1061//1061 1062//1062
f 199//199 1054//1054 200//200
f 1063//1063 204//204 1064//1064
f 204//204 202//202 1064//1064
f 1064//1064 202//202 200//200
f 1065//1065 1066//1066 1067//1067
f 1063//1063 1068//1068 204//204
f 1068//1068 1065//1065 204//204
f 204//204 1065//1065 211//211
f 1065//1065 1067//1067 211//211
f 211//211 1067//1067 212//212
f 1069//1069 1070//1070 1071//1071
f 1070//1070 1072//1072 1071//1071
f 1071//1071 1072//1072 1073//1073
f 1074//1074 1075//1075 1076//1076
f 1075//1075 1069//1069 1076//1076
f 1076//1076 1069//1069 1077//1077
f 1069//1069 1071//1071 1077//1077
f 1074//1074 1076//1076 1078//1078
f 1076//1076 1079//1079 1078//1078
f 1078//1078 1079//1079 1080//1080
f 1079//1079 1081//1081 1080//1080
f 1080//1080 1081//1081 1082//1082
f 1052//1052 1051//1051 1081//1081
f 1051//1051 1083//1083 1081//1081
f 1081//1081 1083//1083 1082//1082
f 1084//1084 1085//1085 1053//1053
f 1085//1085 1086//1086 1053//1053
f 1053//1053 1086//1086 1051//1051
f 1087//1087 1088//1088 1084//1084
f 1088//1088 1089//1089 1084//1084
f 1084//1084 1089//1089 1085//1085
f 1058//1058 1090//1090 1057//1057
f 1090//1090 1087//1087 1057//1057
f 1057//1057 1087//1087 1091//1091
f 1087//1087 1084//1084 1091//1091
f 1061//1061 1092//1092 1062//1062
f 1092//1092 1093//1093 1062//1062
f 1062//1062 1093//1093 1094//1094
f 1095//1095 1047//1047 1096//1096
f 1047//1047 1046//1046 1096//1096
f 1096//1096 1046//1046 1048//1048
f 1048//1048 1050//1050 1096//1096
f 1050//1050 1097//1097 1096//1096
f 1096//1096 1097//1097 1095//1095
f 1097//1097 1098//1098 1095//1095
f 1095//1095 1098//1098 1099//1099
f 1099//1099 1100//1100 1095//1095
f 1100//1100 1101//1101 1095//1095
f 1095//1095 1101//1101 1047//1047
f 1101//1101 1102//1102 1047//1047
f 1047//1047 1102//1102 1045//1045
f 1102//1102 1103//1103 1045//1045
f 1044//1044 1043//1043 1104//1104
f 1105//1105 1043//1043 1106//1106
f 1043//1043 1042//1042 1106//1106
f 1106//1106 1042//1042 1107//1107
f 1100//1100 1107//1107 1101//1101
f 1107//1107 1042//1042 1101//1101
f 1101//1101 1042//1042 1102//1102
f 1042//1042 1044//1044 1102//1102
f 1102//1102 1044//1044 1103//1103
f 1044//1044 1104//1104 1103//1103
f 1103//1103 1104//1104 1108//1108
f 1104//1104 1109//1109 1108//1108
f 1108//1108 1109//1109 1110//1110
f 1109//1109 1111//1111 1110//1110
f 1110//1110 1111//1111 1112//1112
f 1113//1113 1112//1112 1114//1114
f 1112//1112 1111//1111 1114//1114
f 1114//1114 1111//1111 1115//1115
f 1111//1111 1109//1109 1115//1115
f 1115//1115 1109//1109 1116//1116
f 1109//1109 1104//1104 1116//1116
f 1116//1116 1104//1104 1117//1117
f 1104//1104 1043//1043 1117//1117
f 1117//1117 1043//1043 1118//1118
f 1043//1043 1105//1105 1118//1118
f 1041//1041 1119//1119 1120//1120
f 1121//1121 1122//1122 1123//1123
f 1122//1122 1124//1124 1123//1123
f 1123//1123 1124//1124 1125//1125
f 1041//1041 1040//1040 1119//1119
f 1040//1040 1126//1126 1119//1119
f 1119//1119 1126//1126 1127//1127
f 1128//1128 1121//1121 1129//1129
f 1121//1121 1123//1123 1129//1129
f 1129//1129 1123//1123 1130//1130
f 1123//1123 1125//1125 1130//1130
f 1130//1130 1125//1125 1131//1131
f 1125//1125 1132//1132 1131//1131
f 207//207 206//206 1039//1039
f 206//206 1133//1133 1039//1039
f 1039//1039 1133//1133 1040//1040
f 1133//1133 1132//1132 1040//1040
f 1040//1040 1132//1132 1126//1126
f 1132//1132 1125//1125 1126//1126
f 1126//1126 1125//1125 1127//1127
f 1125//1125 1124//1124 1127//1127
f 1134//1134 1135//1135 1136//1136
f 1135//1135 1137//1137 1136//1136
f 1136//1136 1137//1137 1138//1138
f 1137//1137 1139//1139 1138//1138
f 1138//1138 1139//1139 1140//1140
f 1139//1139 1141//1141 1140//1140
f 1140//1140 1141//1141 1142//1142
f 1141//1141 1143//1143 1142//1142
f 1142//1142 1143//1143 1144//1144
f 1143//1143 1145//1145 1144//1144
f 1144//1144 1145//1145 1146//1146
f 1145//1145 1147//1147 1146//1146
f 1146//1146 1147//1147 1148//1148
f 1147//1147 1149//1149 1148//1148
f 1148//1148 1149//1149 1094//1094
f 1149//1149 1150//1150 1094//1094
f 1094//1094 1150//1150 1062//1062
f 200//200 1054//1054 1064//1064
f 1054//1054 1151//1151 1064//1064
f 1064//1064 1151//1151 1063//1063
f 1151//1151 1135//1135 1063//1063
f 1063//1063 1135//1135 1068//1068
f 1135//1135 1134//1134 1068//1068
f 1068//1068 1134//1134 1065//1065
f 1092//1092 1055//1055 1093//1093
f 1055//1055 1057//1057 1093//1093
f 1093//1093 1057//1057 1094//1094
f 1057//1057 1091//1091 1094//1094
f 1094//1094 1091//1091 1148//1148
f 1091//1091 1084//1084 1148//1148
f 1148//1148 1084//1084 1146//1146
f 1084//1084 1053//1053 1146//1146
f 1146//1146 1053//1053 1144//1144
f 1053//1053 1052//1052 1144//1144
f 1144//1144 1052//1052 1142//1142
f 1052//1052 1081//1081 1142//1142
f 1142//1142 1081//1081 1140//1140
f 1081//1081 1079//1079 1140//1140
f 1140//1140 1079//1079 1138//1138
f 1079//1079 1076//1076 1138//1138
f 1138//1138 1076//1076 1136//1136
f 1076//1076 1077//1077 1136//1136
f 1136//1136 1077//1077 1134//1134
f 1077//1077 1071//1071 1134//1134
f 1134//1134 1071//1071 1065//1065
f 1071//1071 1073//1073 1065//1065
f 1065//1065 1073//1073 1066//1066
f 1120//1120 1119//1119 1152//1152
f 1119//1119 1127//1127 1152//1152
f 1152//1152 1127//1127 1153//1153
f 1127//1127 1124//1124 1153//1153
f 1153//1153 1124//1124 1049//1049
f 1124//1124 1122//1122 1049//1049
f 1049//1049 1122//1122 1050//1050
f 1122//1122 1121//1121 1050//1050
f 1050//1050 1121//1121 1097//1097
f 1121//1121 1128//1128 1097//1097
f 1097//1097 1128//1128 1098//1098
f 1013//1013 1060//1060 1113//1113
f 1060//1060 1059//1059 1113//1113
f 1113//1113 1059//1059 1112//1112
f 1059//1059 1062//1062 1112//1112
f 1112//1112 1062//1062 1110//1110
f 1062//1062 1150//1150 1110//1110
f 1110//1110 1150//1150 1108//1108
f 1150//1150 1149//1149 1108//1108
f 1108//1108 1149//1149 1103//1103
f 1149//1149 1147//1147 1103//1103
f 1103//1103 1147//1147 1045//1045
f 1147//1147 1145//1145 1045//1045
f 1045//1045 1145//1145 1046//1046
f 1145//1145 1143//1143 1046//1046
f 1046//1046 1143//1143 1048//1048
f 1143//1143 1141//1141 1048//1048
f 1048//1048 1141//1141 1049//1049
f 1141//1141 1139//1139 1049//1049
f 1049//1049 1139//1139 1153//1153
f 1139//1139 1137//1137 1153//1153
f 1153//1153 1137//1137 1152//1152
f 1137//1137 1135//1135 1152//1152
f 1152//1152 1135//1135 1120//1120
f 1135//1135 1151//1151 1120//1120
f 1120//1120 1151//1151 1041//1041
f 1151//1151 1054//1054 1041//1041
f 1041//1041 1054//1054 1039//1039
f 1054//1054 210//210 1039//1039
f 1039//1039 210//210 209//209
f 206//206 208//208 365//365
f 206//206 365//365 1154//1154
f 365//365 368//368 1154//1154
f 1154//1154 368//368 1155//1155
f 368//368 372//372 1155//1155
f 1155//1155 372//372 1156//1156
f 1156//1156 372//372 1157//1157
f 372//372 370//370 1157//1157
f 1157//1157 370//370 1158//1158
f 1158//1158 370//370 1159//1159
f 370//370 376//376 1159//1159
f 1159//1159 376//376 1160//1160
f 376//376 375//375 1160//1160
f 1160//1160 375//375 1161//1161
f 375//375 374//374 1161//1161
f 1161//1161 374//374 1162//1162
f 383//383 1163//1163 381//381
f 1163//1163 1162//1162 381//381
f 381//381 1162//1162 379//379
f 1162//1162 374//374 379//379
f 389//389 1164//1164 1165//1165
f 389//389 1165//1165 387//387
f 1165//1165 1166//1166 387//387
f 387//387 1166//1166 385//385
f 1166//1166 1167//1167 385//385
f 385//385 1167//1167 383//383
f 1167//1167 1168//1168 383//383
f 383//383 1168//1168 1163//1163
f 1164//1164 389//389 1169//1169
f 389//389 391//391 1169//1169
f 1169//1169 391//391 1170//1170
f 391//391 394//394 1170//1170
f 1170//1170 394//394 1171//1171
f 394//394 395//395 1171//1171
f 1171//1171 395//395 1172//1172
f 395//395 1173//1173 1172//1172
f 1172//1172 1173//1173 1174//1174
f 1173//1173 1175//1175 1174//1174
f 1174//1174 1175//1175 1176//1176
f 1175//1175 1177//1177 1176//1176
f 1176//1176 1177//1177 1178//1178
f 1177//1177 1179//1179 1178//1178
f 1178//1178 1179//1179 1180//1180
f 1179//1179 1181//1181 1180//1180
f 1180//1180 1181//1181 1182//1182
f 1182//1182 1181//1181 1183//1183
f 1181//1181 1184//1184 1183//1183
f 1183//1183 1184//1184 1185//1185
f 1184//1184 1186//1186 1185//1185
f 1186//1186 1187//1187 1185//1185
f 1185//1185 1187//1187 1188//1188
f 1187//1187 1189//1189 1188//1188
f 1188//1188 1189//1189 1190//1190
f 1190//1190 1189//1189 1191//1191
f 1189//1189 1192//1192 1191//1191
f 1191//1191 1192//1192 1193//1193
f 1192//1192 1194//1194 1193//1193
f 1194//1194 1195//1195 1193//1193
f 1193//1193 1195//1195 1196//1196
f 1195//1195 1197//1197 1196//1196
f 1198//1198 1199//1199 1200//1200
f 1199//1199 1201//1201 1200//1200
f 1200//1200 1201//1201 1202//1202
f 1201//1201 1203//1203 1202//1202
f 1202//1202 1203//1203 1204//1204
f 1203//1203 1205//1205 1204//1204
f 1204//1204 1205//1205 1206//1206
f 1205//1205 1207//1207 1206//1206
f 1206//1206 1207//1207 1208//1208
f 1207//1207 1209//1209 1208//1208
f 1208//1208 1209//1209 1210//1210
f 1209//1209 1211//1211 1210//1210
f 1210//1210 1211//1211 1212//1212
f 1211//1211 1213//1213 1212//1212
f 1212//1212 1213//1213 1197//1197
f 1213//1213 1214//1214 1197//1197
f 1197//1197 1214//1214 1196//1196
f 1215//1215 1216//1216 1198//1198
f 1216//1216 1217//1217 1198//1198
f 1198//1198 1217//1217 1199//1199
f 292//292 291//291 1218//1218
f 291//291 1219//1219 1218//1218
f 1218//1218 1219//1219 1215//1215
f 1219//1219 1220//1220 1215//1215
f 1215//1215 1220//1220 1216//1216
f 1221//1221 1222//1222 1223//1223
f 1223//1223 1222//1222 1224//1224
f 1221//1221 1223//1223 1225//1225
f 1223//1223 1226//1226 1225//1225
f 1225//1225 1226//1226 1227//1227
f 1226//1226 1228//1228 1227//1227
f 1227//1227 1228//1228 1229//1229
f 1228//1228 1230//1230 1229//1229
f 1229//1229 1230//1230 1231//1231
f 1222//1222 1232//1232 1224//1224
f 1232//1232 1233//1233 1224//1224
f 1224//1224 1233//1233 1234//1234
f 1233//1233 1235//1235 1234//1234
f 1234//1234 1235//1235 1236//1236
f 1235//1235 1237//1237 1236//1236
f 1236//1236 1237//1237 1238//1238
f 1237//1237 1239//1239 1238//1238
f 1238//1238 1239//1239 1240//1240
f 1239//1239 1012//1012 1240//1240
f 1241//1241 1242//1242 1243//1243
f 1244//1244 1245//1245 1246//1246
f 1247//1247 1248//1248 1245//1245
f 1249//1249 1250//1250 1251//1251
f 1252//1252 1253//1253 1254//1254
f 1255//1255 1256//1256 1257//1257
f 1258//1258 1259//1259 1260//1260
f 1261//1261 1262//1262 1263//1263
f 1264//1264 1265//1265 1266//1266
f 1020//1020 1019//1019 1267//1267
f 1132//1132 1133//1133 1268//1268
f 1185//1185 1269//1269 1270//1270
f 1271//1271 1272//1272 1273//1273
f 1274//1274 1275//1275 1276//1276
f 1277//1277 1278//1278 1279//1279
f 1278//1278 1277//1277 1280//1280
f 1010//1010 1009//1009 1281//1281
f 1009//1009 1282//1282 1281//1281
f 1281//1281 1282//1282 1283//1283
f 1282//1282 1284//1284 1283//1283
f 1283//1283 1284//1284 1285//1285
f 1284//1284 1286//1286 1285//1285
f 1285//1285 1286//1286 1287//1287
f 1288//1288 1289//1289 1290//1290
f 1289//1289 1291//1291 1290//1290
f 1292//1292 1293//1293 1288//1288
f 1294//1294 1295//1295 1296//1296
f 1274//1274 1276//1276 1297//1297
f 1271//1271 1273//1273 1298//1298
f 1299//1299 1201//1201 1300//1300
f 1201//1201 1301//1301 1300//1300
f 1302//1302 1205//1205 1299//1299
f 1205//1205 1203//1203 1299//1299
f 1299//1299 1203//1203 1201//1201
f 1211//1211 1209//1209 1302//1302
f 1209//1209 1207//1207 1302//1302
f 1302//1302 1207//1207 1205//1205
f 1303//1303 1213//1213 1304//1304
f 1213//1213 1211//1211 1304//1304
f 1304//1304 1211//1211 1305//1305
f 1211//1211 1302//1302 1305//1305
f 1193//1193 1196//1196 1303//1303
f 1196//1196 1214//1214 1303//1303
f 1303//1303 1214//1214 1213//1213
f 1303//1303 1306//1306 1193//1193
f 1306//1306 1307//1307 1193//1193
f 1193//1193 1307//1307 1191//1191
f 1307//1307 1308//1308 1191//1191
f 1191//1191 1308//1308 1190//1190
f 1269//1269 1185//1185 1308//1308
f 1185//1185 1188//1188 1308//1308
f 1308//1308 1188//1188 1190//1190
f 1309//1309 1180//1180 1310//1310
f 1180//1180 1182//1182 1310//1310
f 1310//1310 1182//1182 1270//1270
f 1182//1182 1183//1183 1270//1270
f 1270//1270 1183//1183 1185//1185
f 1174//1174 1176//1176 1309//1309
f 1176//1176 1178//1178 1309//1309
f 1309//1309 1178//1178 1180//1180
f 1309//1309 1311//1311 1174//1174
f 1311//1311 1312//1312 1174//1174
f 1174//1174 1312//1312 1172//1172
f 1312//1312 1313//1313 1172//1172
f 1172//1172 1313//1313 1171//1171
f 1314//1314 1166//1166 1315//1315
f 1166//1166 1165//1165 1315//1315
f 1315//1315 1165//1165 1316//1316
f 1165//1165 1164//1164 1316//1316
f 1316//1316 1164//1164 1317//1317
f 1164//1164 1169//1169 1317//1317
f 1317//1317 1169//1169 1313//1313
f 1169//1169 1170//1170 1313//1313
f 1313//1313 1170//1170 1171//1171
f 1318//1318 1162//1162 1319//1319
f 1162//1162 1163//1163 1319//1319
f 1319//1319 1163//1163 1320//1320
f 1163//1163 1168//1168 1320//1320
f 1320//1320 1168//1168 1314//1314
f 1168//1168 1167//1167 1314//1314
f 1314//1314 1167//1167 1166//1166
f 1321//1321 1159//1159 1322//1322
f 1159//1159 1160//1160 1322//1322
f 1322//1322 1160//1160 1318//1318
f 1160//1160 1161//1161 1318//1318
f 1318//1318 1161//1161 1162//1162
f 1156//1156 1157//1157 1321//1321
f 1157//1157 1158//1158 1321//1321
f 1321//1321 1158//1158 1159//1159
f 1133//1133 206//206 1268//1268
f 206//206 1154//1154 1268//1268
f 1268//1268 1154//1154 1323//1323
f 1154//1154 1155//1155 1323//1323
f 1323//1323 1155//1155 1324//1324
f 1155//1155 1156//1156 1324//1324
f 1324//1324 1156//1156 1325//1325
f 1156//1156 1321//1321 1325//1325
f 1129//1129 1130//1130 1326//1326
f 1130//1130 1131//1131 1326//1326
f 1118//1118 1105//1105 1327//1327
f 1105//1105 1106//1106 1327//1327
f 1328//1328 1115//1115 1116//1116
f 1013//1013 1113//1113 1329//1329
f 1113//1113 1114//1114 1329//1329
f 1330//1330 1331//1331 1332//1332
f 1331//1331 1333//1333 1332//1332
f 1332//1332 1333//1333 1334//1334
f 1333//1333 1335//1335 1334//1334
f 1334//1334 1335//1335 1336//1336
f 1019//1019 1013//1013 1267//1267
f 1013//1013 1329//1329 1267//1267
f 1267//1267 1329//1329 1337//1337
f 1329//1329 1114//1114 1337//1337
f 1337//1337 1114//1114 1115//1115
f 1115//1115 1328//1328 1337//1337
f 1328//1328 1338//1338 1337//1337
f 1337//1337 1338//1338 1267//1267
f 1338//1338 1339//1339 1267//1267
f 1267//1267 1339//1339 1020//1020
f 1021//1021 1020//1020 1340//1340
f 1020//1020 1339//1339 1340//1340
f 1340//1340 1339//1339 1341//1341
f 1339//1339 1338//1338 1341//1341
f 1341//1341 1338//1338 1342//1342
f 1338//1338 1328//1328 1342//1342
f 1342//1342 1328//1328 1343//1343
f 1328//1328 1116//1116 1343//1343
f 1343//1343 1116//1116 1117//1117
f 1344//1344 1331//1331 1345//1345
f 1331//1331 1330//1330 1345//1345
f 1345//1345 1330//1330 1346//1346
f 1330//1330 1347//1347 1346//1346
f 1346//1346 1347//1347 1348//1348
f 1347//1347 1349//1349 1348//1348
f 1348//1348 1349//1349 1350//1350
f 1349//1349 1351//1351 1350//1350
f 1350//1350 1351//1351 1352//1352
f 1351//1351 1353//1353 1352//1352
f 1354//1354 1355//1355 1356//1356
f 1355//1355 1357//1357 1356//1356
f 1356//1356 1357//1357 1358//1358
f 1357//1357 1359//1359 1358//1358
f 1358//1358 1359//1359 1360//1360
f 1359//1359 1361//1361 1360//1360
f 1360//1360 1361//1361 1362//1362
f 1361//1361 1363//1363 1362//1362
f 1362//1362 1363//1363 1364//1364
f 1363//1363 1365//1365 1364//1364
f 1364//1364 1365//1365 1366//1366
f 1365//1365 1367//1367 1366//1366
f 1366//1366 1367//1367 1368//1368
f 1022//1022 1021//1021 1369//1369
f 1021//1021 1340//1340 1369//1369
f 1369//1369 1340//1340 1370//1370
f 1340//1340 1341//1341 1370//1370
f 1370//1370 1341//1341 1371//1371
f 1341//1341 1342//1342 1371//1371
f 1371//1371 1342//1342 1372//1372
f 1342//1342 1343//1343 1372//1372
f 1372//1372 1343//1343 1327//1327
f 1343//1343 1117//1117 1327//1327
f 1327//1327 1117//1117 1118//1118
f 1336//1336 1368//1368 1334//1334
f 1368//1368 1367//1367 1334//1334
f 1334//1334 1367//1367 1332//1332
f 1367//1367 1365//1365 1332//1332
f 1332//1332 1365//1365 1330//1330
f 1365//1365 1363//1363 1330//1330
f 1330//1330 1363//1363 1347//1347
f 1363//1363 1361//1361 1347//1347
f 1347//1347 1361//1361 1349//1349
f 1361//1361 1359//1359 1349//1349
f 1349//1349 1359//1359 1351//1351
f 1359//1359 1357//1357 1351//1351
f 1351//1351 1357//1357 1353//1353
f 1357//1357 1355//1355 1353//1353
f 1373//1373 1265//1265 1374//1374
f 1265//1265 1264//1264 1374//1374
f 1374//1374 1264//1264 1375//1375
f 1376//1376 1375//1375 1377//1377
f 1375//1375 1264//1264 1377//1377
f 1377//1377 1264//1264 1378//1378
f 1264//1264 1266//1266 1378//1378
f 1378//1378 1266//1266 1379//1379
f 1380//1380 1376//1376 1381//1381
f 1376//1376 1377//1377 1381//1381
f 1381//1381 1377//1377 1382//1382
f 1377//1377 1378//1378 1382//1382
f 1382//1382 1378//1378 1383//1383
f 1378//1378 1379//1379 1383//1383
f 1383//1383 1379//1379 1384//1384
f 1385//1385 1380//1380 1386//1386
f 1380//1380 1381//1381 1386//1386
f 1386//1386 1381//1381 1387//1387
f 1381//1381 1382//1382 1387//1387
f 1387//1387 1382//1382 1388//1388
f 1382//1382 1383//1383 1388//1388
f 1388//1388 1383//1383 1389//1389
f 1383//1383 1384//1384 1389//1389
f 1389//1389 1384//1384 1390//1390
f 1391//1391 1373//1373 1392//1392
f 1373//1373 1374//1374 1392//1392
f 1392//1392 1374//1374 1393//1393
f 1374//1374 1375//1375 1393//1393
f 1393//1393 1375//1375 1394//1394
f 1375//1375 1376//1376 1394//1394
f 1394//1394 1376//1376 1395//1395
f 1376//1376 1380//1380 1395//1395
f 1395//1395 1380//1380 1396//1396
f 1380//1380 1385//1385 1396//1396
f 1396//1396 1385//1385 1397//1397
f 1385//1385 1398//1398 1397//1397
f 1397//1397 1398//1398 1399//1399
f 1400//1400 1401//1401 1402//1402
f 1403//1403 1404//1404 1405//1405
f 1404//1404 1406//1406 1405//1405
f 1405//1405 1406//1406 1407//1407
f 1406//1406 1408//1408 1407//1407
f 1407//1407 1408//1408 1409//1409
f 1408//1408 1410//1410 1409//1409
f 1409//1409 1410//1410 1411//1411
f 1410//1410 1412//1412 1411//1411
f 1411//1411 1412//1412 1413//1413
f 1412//1412 1414//1414 1413//1413
f 1413//1413 1414//1414 1415//1415
f 1414//1414 1416//1416 1415//1415
f 1415//1415 1416//1416 1417//1417
f 1418//1418 1391//1391 1419//1419
f 1391//1391 1392//1392 1419//1419
f 1419//1419 1392//1392 1420//1420
f 1392//1392 1393//1393 1420//1420
f 1420//1420 1393//1393 1421//1421
f 1393//1393 1394//1394 1421//1421
f 1421//1421 1394//1394 1422//1422
f 1394//1394 1395//1395 1422//1422
f 1422//1422 1395//1395 1423//1423
f 1395//1395 1396//1396 1423//1423
f 1423//1423 1396//1396 1424//1424
f 1396//1396 1397//1397 1424//1424
f 1424//1424 1397//1397 1425//1425
f 1397//1397 1399//1399 1425//1425
f 1425//1425 1399//1399 1426//1426
f 1336//1336 1418//1418 1368//1368
f 1418//1418 1419//1419 1368//1368
f 1368//1368 1419//1419 1366//1366
f 1419//1419 1420//1420 1366//1366
f 1366//1366 1420//1420 1364//1364
f 1420//1420 1421//1421 1364//1364
f 1364//1364 1421//1421 1362//1362
f 1421//1421 1422//1422 1362//1362
f 1362//1362 1422//1422 1360//1360
f 1422//1422 1423//1423 1360//1360
f 1360//1360 1423//1423 1358//1358
f 1423//1423 1424//1424 1358//1358
f 1358//1358 1424//1424 1356//1356
f 1424//1424 1425//1425 1356//1356
f 1356//1356 1425//1425 1354//1354
f 1425//1425 1426//1426 1354//1354
f 1427//1427 1428//1428 1429//1429
f 1430//1430 1431//1431 1432//1432
f 1431//1431 1433//1433 1432//1432
f 1432//1432 1433//1433 1434//1434
f 1433//1433 1435//1435 1434//1434
f 1434//1434 1435//1435 1436//1436
f 1435//1435 1437//1437 1436//1436
f 1436//1436 1437//1437 1438//1438
f 1437//1437 1439//1439 1438//1438
f 1438//1438 1439//1439 1440//1440
f 1439//1439 1441//1441 1440//1440
f 1440//1440 1441//1441 1442//1442
f 1441//1441 1443//1443 1442//1442
f 1442//1442 1443//1443 1444//1444
f 1402//1402 1401//1401 1445//1445
f 1401//1401 1446//1446 1445//1445
f 1445//1445 1446//1446 1447//1447
f 1446//1446 1448//1448 1447//1447
f 1447//1447 1448//1448 1449//1449
f 1448//1448 1450//1450 1449//1449
f 1449//1449 1450//1450 1451//1451
f 1450//1450 1452//1452 1451//1451
f 1451//1451 1452//1452 1453//1453
f 1452//1452 1454//1454 1453//1453
f 1453//1453 1454//1454 1455//1455
f 1454//1454 1456//1456 1455//1455
f 1455//1455 1456//1456 1457//1457
f 1456//1456 1458//1458 1457//1457
f 1457//1457 1458//1458 1459//1459
f 1431//1431 1460//1460 1433//1433
f 1460//1460 1461//1461 1433//1433
f 1433//1433 1461//1461 1435//1435
f 1461//1461 1462//1462 1435//1435
f 1435//1435 1462//1462 1437//1437
f 1462//1462 1463//1463 1437//1437
f 1437//1437 1463//1463 1439//1439
f 1463//1463 1464//1464 1439//1439
f 1439//1439 1464//1464 1441//1441
f 1464//1464 1465//1465 1441//1441
f 1441//1441 1465//1465 1443//1443
f 1459//1459 1430//1430 1457//1457
f 1430//1430 1432//1432 1457//1457
f 1457//1457 1432//1432 1455//1455
f 1432//1432 1434//1434 1455//1455
f 1455//1455 1434//1434 1453//1453
f 1434//1434 1436//1436 1453//1453
f 1453//1453 1436//1436 1451//1451
f 1436//1436 1438//1438 1451//1451
f 1451//1451 1438//1438 1449//1449
f 1438//1438 1440//1440 1449//1449
f 1449//1449 1440//1440 1447//1447
f 1440//1440 1442//1442 1447//1447
f 1447//1447 1442//1442 1445//1445
f 1442//1442 1444//1444 1445//1445
f 1445//1445 1444//1444 1402//1402
f 1025//1025 1428//1428 1026//1026
f 1428//1428 1427//1427 1026//1026
f 1026//1026 1427//1427 1027//1027
f 1400//1400 1403//1403 1401//1401
f 1403//1403 1405//1405 1401//1401
f 1401//1401 1405//1405 1446//1446
f 1405//1405 1407//1407 1446//1446
f 1446//1446 1407//1407 1448//1448
f 1407//1407 1409//1409 1448//1448
f 1448//1448 1409//1409 1450//1450
f 1409//1409 1411//1411 1450//1450
f 1450//1450 1411//1411 1452//1452
f 1411//1411 1413//1413 1452//1452
f 1452//1452 1413//1413 1454//1454
f 1413//1413 1415//1415 1454//1454
f 1454//1454 1415//1415 1456//1456
f 1415//1415 1417//1417 1456//1456
f 1456//1456 1417//1417 1458//1458
f 1398//1398 1429//1429 1399//1399
f 1429//1429 1428//1428 1399//1399
f 1399//1399 1428//1428 1426//1426
f 1428//1428 1025//1025 1426//1426
f 1426//1426 1025//1025 1354//1354
f 1025//1025 1024//1024 1354//1354
f 1354//1354 1024//1024 1355//1355
f 1024//1024 1023//1023 1355//1355
f 1355//1355 1023//1023 1353//1353
f 1023//1023 1022//1022 1353//1353
f 1353//1353 1022//1022 1352//1352
f 1022//1022 1369//1369 1352//1352
f 1352//1352 1369//1369 1350//1350
f 1369//1369 1370//1370 1350//1350
f 1350//1350 1370//1370 1348//1348
f 1370//1370 1371//1371 1348//1348
f 1348//1348 1371//1371 1346//1346
f 1371//1371 1372//1372 1346//1346
f 1346//1346 1372//1372 1345//1345
f 1372//1372 1327//1327 1345//1345
f 1345//1345 1327//1327 1344//1344
f 1327//1327 1106//1106 1344//1344
f 1466//1466 1262//1262 1467//1467
f 1262//1262 1261//1261 1467//1467
f 1467//1467 1261//1261 1468//1468
f 1261//1261 1469//1469 1468//1468
f 1470//1470 1258//1258 1471//1471
f 1472//1472 1263//1263 1473//1473
f 1263//1263 1262//1262 1473//1473
f 1473//1473 1262//1262 1474//1474
f 1262//1262 1466//1466 1474//1474
f 1474//1474 1466//1466 1475//1475
f 1476//1476 1472//1472 1477//1477
f 1472//1472 1473//1473 1477//1477
f 1477//1477 1473//1473 1478//1478
f 1473//1473 1474//1474 1478//1478
f 1478//1478 1474//1474 1479//1479
f 1474//1474 1475//1475 1479//1479
f 1479//1479 1475//1475 1470//1470
f 1256//1256 1255//1255 1480//1480
f 1255//1255 1481//1481 1480//1480
f 1480//1480 1481//1481 1482//1482
f 1259//1259 1483//1483 1484//1484
f 1485//1485 1486//1486 1487//1487
f 1486//1486 1294//1294 1487//1487
f 1487//1487 1294//1294 1292//1292
f 1294//1294 1296//1296 1292//1292
f 1292//1292 1296//1296 1293//1293
f 1488//1488 1489//1489 1490//1490
f 1489//1489 1491//1491 1490//1490
f 1490//1490 1491//1491 1492//1492
f 1491//1491 1493//1493 1492//1492
f 1492//1492 1493//1493 1494//1494
f 1493//1493 1495//1495 1494//1494
f 1494//1494 1495//1495 1496//1496
f 1495//1495 1497//1497 1496//1496
f 1496//1496 1497//1497 1498//1498
f 1497//1497 1484//1484 1498//1498
f 1498//1498 1484//1484 1499//1499
f 1484//1484 1483//1483 1499//1499
f 1499//1499 1483//1483 1500//1500
f 1469//1469 1501//1501 1502//1502
f 1501//1501 1503//1503 1502//1502
f 1502//1502 1503//1503 1504//1504
f 1503//1503 1505//1505 1504//1504
f 1504//1504 1505//1505 1506//1506
f 1505//1505 1507//1507 1506//1506
f 1506//1506 1507//1507 1508//1508
f 1507//1507 1509//1509 1508//1508
f 1508//1508 1509//1509 1510//1510
f 1509//1509 1511//1511 1510//1510
f 1510//1510 1511//1511 1512//1512
f 1511//1511 1513//1513 1512//1512
f 1514//1514 1513//1513 1515//1515
f 1513//1513 1511//1511 1515//1515
f 1515//1515 1511//1511 1516//1516
f 1511//1511 1509//1509 1516//1516
f 1516//1516 1509//1509 1482//1482
f 1509//1509 1507//1507 1482//1482
f 1482//1482 1507//1507 1480//1480
f 1507//1507 1505//1505 1480//1480
f 1480//1480 1505//1505 1256//1256
f 1505//1505 1503//1503 1256//1256
f 1256//1256 1503//1503 1257//1257
f 1503//1503 1501//1501 1257//1257
f 1481//1481 1517//1517 1482//1482
f 1517//1517 1518//1518 1482//1482
f 1482//1482 1518//1518 1516//1516
f 1518//1518 1519//1519 1516//1516
f 1516//1516 1519//1519 1515//1515
f 1519//1519 1520//1520 1515//1515
f 1515//1515 1520//1520 1514//1514
f 1470//1470 1471//1471 1479//1479
f 1471//1471 1521//1521 1479//1479
f 1479//1479 1521//1521 1478//1478
f 1521//1521 1522//1522 1478//1478
f 1478//1478 1522//1522 1477//1477
f 1522//1522 1523//1523 1477//1477
f 1477//1477 1523//1523 1476//1476
f 1523//1523 1524//1524 1476//1476
f 1476//1476 1524//1524 1525//1525
f 1524//1524 1526//1526 1525//1525
f 1525//1525 1526//1526 1527//1527
f 1526//1526 1528//1528 1527//1527
f 1527//1527 1528//1528 1529//1529
f 1528//1528 1530//1530 1529//1529
f 1529//1529 1530//1530 1531//1531
f 1469//1469 1261//1261 1501//1501
f 1261//1261 1263//1263 1501//1501
f 1501//1501 1263//1263 1257//1257
f 1263//1263 1472//1472 1257//1257
f 1257//1257 1472//1472 1255//1255
f 1472//1472 1476//1476 1255//1255
f 1255//1255 1476//1476 1481//1481
f 1476//1476 1525//1525 1481//1481
f 1481//1481 1525//1525 1517//1517
f 1525//1525 1527//1527 1517//1517
f 1517//1517 1527//1527 1518//1518
f 1527//1527 1529//1529 1518//1518
f 1518//1518 1529//1529 1519//1519
f 1529//1529 1531//1531 1519//1519
f 1519//1519 1531//1531 1520//1520
f 1030//1030 1250//1250 1031//1031
f 1250//1250 1249//1249 1031//1031
f 1031//1031 1249//1249 1032//1032
f 1258//1258 1260//1260 1471//1471
f 1260//1260 1532//1532 1471//1471
f 1471//1471 1532//1532 1521//1521
f 1532//1532 1533//1533 1521//1521
f 1521//1521 1533//1533 1522//1522
f 1533//1533 1534//1534 1522//1522
f 1522//1522 1534//1534 1523//1523
f 1534//1534 1535//1535 1523//1523
f 1523//1523 1535//1535 1524//1524
f 1535//1535 1536//1536 1524//1524
f 1524//1524 1536//1536 1526//1526
f 1536//1536 1537//1537 1526//1526
f 1526//1526 1537//1537 1528//1528
f 1537//1537 1538//1538 1528//1528
f 1528//1528 1538//1538 1530//1530
f 1539//1539 1488//1488 1540//1540
f 1488//1488 1490//1490 1540//1540
f 1540//1540 1490//1490 1541//1541
f 1490//1490 1492//1492 1541//1541
f 1541//1541 1492//1492 1542//1542
f 1492//1492 1494//1494 1542//1542
f 1542//1542 1494//1494 1543//1543
f 1494//1494 1496//1496 1543//1543
f 1543//1543 1496//1496 1544//1544
f 1496//1496 1498//1498 1544//1544
f 1544//1544 1498//1498 1545//1545
f 1498//1498 1499//1499 1545//1545
f 1545//1545 1499//1499 1546//1546
f 1499//1499 1500//1500 1546//1546
f 1546//1546 1500//1500 1547//1547
f 1548//1548 1549//1549 1550//1550
f 1253//1253 1252//1252 1551//1551
f 1252//1252 1552//1552 1551//1551
f 1551//1551 1552//1552 1553//1553
f 1552//1552 1554//1554 1553//1553
f 1553//1553 1554//1554 1555//1555
f 1554//1554 1556//1556 1555//1555
f 1555//1555 1556//1556 1557//1557
f 1556//1556 1558//1558 1557//1557
f 1557//1557 1558//1558 1559//1559
f 1558//1558 1560//1560 1559//1559
f 1559//1559 1560//1560 1561//1561
f 1252//1252 1562//1562 1552//1552
f 1562//1562 1563//1563 1552//1552
f 1552//1552 1563//1563 1554//1554
f 1563//1563 1564//1564 1554//1554
f 1554//1554 1564//1564 1556//1556
f 1564//1564 1565//1565 1556//1556
f 1556//1556 1565//1565 1558//1558
f 1565//1565 1566//1566 1558//1558
f 1558//1558 1566//1566 1560//1560
f 1547//1547 1254//1254 1546//1546
f 1254//1254 1253//1253 1546//1546
f 1546//1546 1253//1253 1545//1545
f 1253//1253 1551//1551 1545//1545
f 1545//1545 1551//1551 1544//1544
f 1551//1551 1553//1553 1544//1544
f 1544//1544 1553//1553 1543//1543
f 1553//1553 1555//1555 1543//1543
f 1543//1543 1555//1555 1542//1542
f 1555//1555 1557//1557 1542//1542
f 1542//1542 1557//1557 1541//1541
f 1557//1557 1559//1559 1541//1541
f 1541//1541 1559//1559 1540//1540
f 1559//1559 1561//1561 1540//1540
f 1540//1540 1561//1561 1539//1539
f 1035//1035 1549//1549 1036//1036
f 1549//1549 1548//1548 1036//1036
f 1036//1036 1548//1548 1037//1037
f 1562//1562 1567//1567 1563//1563
f 1567//1567 1286//1286 1563//1563
f 1563//1563 1286//1286 1564//1564
f 1286//1286 1284//1284 1564//1564
f 1564//1564 1284//1284 1565//1565
f 1284//1284 1282//1282 1565//1565
f 1565//1565 1282//1282 1566//1566
f 1282//1282 1009//1009 1566//1566
f 1566//1566 1009//1009 1560//1560
f 1009//1009 1038//1038 1560//1560
f 1560//1560 1038//1038 1561//1561
f 1038//1038 1037//1037 1561//1561
f 1561//1561 1037//1037 1539//1539
f 1037//1037 1548//1548 1539//1539
f 1539//1539 1548//1548 1488//1488
f 1548//1548 1550//1550 1488//1488
f 1488//1488 1550//1550 1489//1489
f 1259//1259 1484//1484 1260//1260
f 1484//1484 1497//1497 1260//1260
f 1260//1260 1497//1497 1532//1532
f 1497//1497 1495//1495 1532//1532
f 1532//1532 1495//1495 1533//1533
f 1495//1495 1493//1493 1533//1533
f 1533//1533 1493//1493 1534//1534
f 1493//1493 1491//1491 1534//1534
f 1534//1534 1491//1491 1535//1535
f 1491//1491 1489//1489 1535//1535
f 1535//1535 1489//1489 1536//1536
f 1489//1489 1550//1550 1536//1536
f 1536//1536 1550//1550 1537//1537
f 1550//1550 1549//1549 1537//1537
f 1537//1537 1549//1549 1538//1538
f 1549//1549 1035//1035 1538//1538
f 1538//1538 1035//1035 1530//1530
f 1035//1035 1034//1034 1530//1530
f 1530//1530 1034//1034 1531//1531
f 1034//1034 1033//1033 1531//1531
f 1531//1531 1033//1033 1520//1520
f 1033//1033 1032//1032 1520//1520
f 1520//1520 1032//1032 1514//1514
f 1032//1032 1249//1249 1514//1514
f 1514//1514 1249//1249 1513//1513
f 1249//1249 1251//1251 1513//1513
f 1513//1513 1251//1251 1512//1512
f 1242//1242 1241//1241 1568//1568
f 1241//1241 1569//1569 1568//1568
f 1568//1568 1569//1569 1404//1404
f 1569//1569 1570//1570 1404//1404
f 1404//1404 1570//1570 1406//1406
f 1570//1570 1571//1571 1406//1406
f 1406//1406 1571//1571 1408//1408
f 1571//1571 1572//1572 1408//1408
f 1408//1408 1572//1572 1410//1410
f 1572//1572 1573//1573 1410//1410
f 1410//1410 1573//1573 1412//1412
f 1573//1573 1574//1574 1412//1412
f 1412//1412 1574//1574 1414//1414
f 1574//1574 1575//1575 1414//1414
f 1414//1414 1575//1575 1416//1416
f 1575//1575 1576//1576 1416//1416
f 1416//1416 1576//1576 1417//1417
f 1576//1576 1577//1577 1417//1417
f 1417//1417 1577//1577 1458//1458
f 1577//1577 1578//1578 1458//1458
f 1458//1458 1578//1578 1459//1459
f 1579//1579 1295//1295 1580//1580
f 1295//1295 1294//1294 1580//1580
f 1580//1580 1294//1294 1581//1581
f 1294//1294 1486//1486 1581//1581
f 1581//1581 1486//1486 1582//1582
f 1486//1486 1485//1485 1582//1582
f 1582//1582 1485//1485 1583//1583
f 1288//1288 1290//1290 1292//1292
f 1290//1290 1584//1584 1292//1292
f 1292//1292 1584//1584 1487//1487
f 1584//1584 1585//1585 1487//1487
f 1487//1487 1585//1585 1485//1485
f 1585//1585 1586//1586 1485//1485
f 1485//1485 1586//1586 1583//1583
f 1586//1586 1587//1587 1583//1583
f 1583//1583 1587//1587 1588//1588
f 1587//1587 1589//1589 1588//1588
f 1588//1588 1589//1589 1590//1590
f 1589//1589 1591//1591 1590//1590
f 1590//1590 1591//1591 1592//1592
f 1591//1591 1593//1593 1592//1592
f 1592//1592 1593//1593 1594//1594
f 1593//1593 1595//1595 1594//1594
f 1594//1594 1595//1595 1596//1596
f 1595//1595 1597//1597 1596//1596
f 1596//1596 1597//1597 1598//1598
f 1597//1597 1599//1599 1598//1598
f 1598//1598 1599//1599 1600//1600
f 1599//1599 1601//1601 1600//1600
f 1600//1600 1601//1601 1602//1602
f 1601//1601 1603//1603 1602//1602
f 1602//1602 1603//1603 1243//1243
f 1468//1468 1603//1603 1467//1467
f 1603//1603 1601//1601 1467//1467
f 1467//1467 1601//1601 1466//1466
f 1601//1601 1599//1599 1466//1466
f 1466//1466 1599//1599 1475//1475
f 1599//1599 1597//1597 1475//1475
f 1475//1475 1597//1597 1470//1470
f 1597//1597 1595//1595 1470//1470
f 1470//1470 1595//1595 1258//1258
f 1595//1595 1593//1593 1258//1258
f 1258//1258 1593//1593 1259//1259
f 1593//1593 1591//1591 1259//1259
f 1259//1259 1591//1591 1483//1483
f 1591//1591 1589//1589 1483//1483
f 1483//1483 1589//1589 1500//1500
f 1589//1589 1587//1587 1500//1500
f 1500//1500 1587//1587 1547//1547
f 1587//1587 1586//1586 1547//1547
f 1547//1547 1586//1586 1254//1254
f 1586//1586 1585//1585 1254//1254
f 1254//1254 1585//1585 1252//1252
f 1585//1585 1584//1584 1252//1252
f 1252//1252 1584//1584 1562//1562
f 1584//1584 1290//1290 1562//1562
f 1562//1562 1290//1290 1567//1567
f 1290//1290 1291//1291 1567//1567
f 1567//1567 1291//1291 1286//1286
f 1291//1291 1604//1604 1286//1286
f 1286//1286 1604//1604 1287//1287
f 1272//1272 1297//1297 1273//1273
f 1297//1297 1276//1276 1273//1273
f 1273//1273 1276//1276 1605//1605
f 1276//1276 1606//1606 1605//1605
f 1605//1605 1606//1606 1607//1607
f 1606//1606 1608//1608 1607//1607
f 1607//1607 1608//1608 1609//1609
f 1608//1608 1610//1610 1609//1609
f 1609//1609 1610//1610 1611//1611
f 1610//1610 1612//1612 1611//1611
f 1611//1611 1612//1612 1613//1613
f 1612//1612 1614//1614 1613//1613
f 1613//1613 1614//1614 1615//1615
f 1614//1614 1616//1616 1615//1615
f 1615//1615 1616//1616 1617//1617
f 1616//1616 1618//1618 1617//1617
f 1617//1617 1618//1618 1619//1619
f 1618//1618 1620//1620 1619//1619
f 1619//1619 1620//1620 1621//1621
f 1620//1620 1622//1622 1621//1621
f 1621//1621 1622//1622 1623//1623
f 1622//1622 1624//1624 1623//1623
f 1623//1623 1624//1624 1625//1625
f 1624//1624 1626//1626 1625//1625
f 1625//1625 1626//1626 1627//1627
f 1626//1626 1628//1628 1627//1627
f 1627//1627 1628//1628 1629//1629
f 1628//1628 1630//1630 1629//1629
f 1629//1629 1630//1630 1631//1631
f 1630//1630 1632//1632 1631//1631
f 1631//1631 1632//1632 1633//1633
f 1632//1632 1634//1634 1633//1633
f 1633//1633 1634//1634 1635//1635
f 1634//1634 1636//1636 1635//1635
f 1635//1635 1636//1636 1637//1637
f 1636//1636 1638//1638 1637//1637
f 1637//1637 1638//1638 1639//1639
f 1638//1638 1640//1640 1639//1639
f 1639//1639 1640//1640 1641//1641
f 1640//1640 1642//1642 1641//1641
f 1641//1641 1642//1642 1643//1643
f 1642//1642 1644//1644 1643//1643
f 1643//1643 1644//1644 1645//1645
f 1644//1644 1646//1646 1645//1645
f 1645//1645 1646//1646 1647//1647
f 1646//1646 1648//1648 1647//1647
f 1647//1647 1648//1648 1649//1649
f 1648//1648 1650//1650 1649//1649
f 1649//1649 1650//1650 1651//1651
f 1650//1650 1652//1652 1651//1651
f 1651//1651 1652//1652 1653//1653
f 1652//1652 1654//1654 1653//1653
f 1653//1653 1654//1654 1655//1655
f 1654//1654 1656//1656 1655//1655
f 1655//1655 1656//1656 1657//1657
f 1656//1656 1658//1658 1657//1657
f 1657//1657 1658//1658 1326//1326
f 1658//1658 1659//1659 1326//1326
f 1326//1326 1659//1659 1129//1129
f 1659//1659 1128//1128 1129//1129
f 1660//1660 1661//1661 1662//1662
f 1661//1661 1663//1663 1662//1662
f 1662//1662 1663//1663 1664//1664
f 1663//1663 1665//1665 1664//1664
f 1664//1664 1665//1665 1666//1666
f 1665//1665 1667//1667 1666//1666
f 1666//1666 1667//1667 1668//1668
f 1667//1667 1669//1669 1668//1668
f 1668//1668 1669//1669 1670//1670
f 1669//1669 1671//1671 1670//1670
f 1670//1670 1671//1671 1672//1672
f 1671//1671 1673//1673 1672//1672
f 1672//1672 1673//1673 1674//1674
f 1673//1673 1675//1675 1674//1674
f 1674//1674 1675//1675 1676//1676
f 1675//1675 1677//1677 1676//1676
f 1676//1676 1677//1677 1678//1678
f 1677//1677 1679//1679 1678//1678
f 1678//1678 1679//1679 1680//1680
f 1679//1679 1681//1681 1680//1680
f 1680//1680 1681//1681 1682//1682
f 1681//1681 1683//1683 1682//1682
f 1682//1682 1683//1683 1684//1684
f 1683//1683 1685//1685 1684//1684
f 1684//1684 1685//1685 1686//1686
f 1248//1248 1247//1247 1687//1687
f 1247//1247 1688//1688 1687//1687
f 1687//1687 1688//1688 1686//1686
f 1688//1688 1689//1689 1686//1686
f 1686//1686 1689//1689 1684//1684
f 1107//1107 1100//1100 1690//1690
f 1100//1100 1660//1660 1690//1690
f 1690//1690 1660//1660 1691//1691
f 1660//1660 1662//1662 1691//1691
f 1691//1691 1662//1662 1692//1692
f 1662//1662 1664//1664 1692//1692
f 1692//1692 1664//1664 1693//1693
f 1664//1664 1666//1666 1693//1693
f 1693//1693 1666//1666 1694//1694
f 1666//1666 1668//1668 1694//1694
f 1694//1694 1668//1668 1695//1695
f 1668//1668 1670//1670 1695//1695
f 1695//1695 1670//1670 1696//1696
f 1670//1670 1672//1672 1696//1696
f 1696//1696 1672//1672 1697//1697
f 1672//1672 1674//1674 1697//1697
f 1697//1697 1674//1674 1698//1698
f 1674//1674 1676//1676 1698//1698
f 1698//1698 1676//1676 1699//1699
f 1676//1676 1678//1678 1699//1699
f 1699//1699 1678//1678 1700//1700
f 1678//1678 1680//1680 1700//1700
f 1700//1700 1680//1680 1701//1701
f 1680//1680 1682//1682 1701//1701
f 1701//1701 1682//1682 1702//1702
f 1682//1682 1684//1684 1702//1702
f 1703//1703 1704//1704 1705//1705
f 1704//1704 1706//1706 1705//1705
f 1705//1705 1706//1706 1707//1707
f 1706//1706 1708//1708 1707//1707
f 1707//1707 1708//1708 1709//1709
f 1708//1708 1244//1244 1709//1709
f 1709//1709 1244//1244 1710//1710
f 1244//1244 1246//1246 1710//1710
f 1710//1710 1246//1246 1711//1711
f 1245//1245 1244//1244 1247//1247
f 1244//1244 1708//1708 1247//1247
f 1247//1247 1708//1708 1688//1688
f 1708//1708 1706//1706 1688//1688
f 1688//1688 1706//1706 1689//1689
f 1706//1706 1704//1704 1689//1689
f 1689//1689 1704//1704 1684//1684
f 1704//1704 1703//1703 1684//1684
f 1684//1684 1703//1703 1702//1702
f 1275//1275 1277//1277 1276//1276
f 1277//1277 1279//1279 1276//1276
f 1276//1276 1279//1279 1606//1606
f 1279//1279 1712//1712 1606//1606
f 1606//1606 1712//1712 1608//1608
f 1712//1712 1713//1713 1608//1608
f 1608//1608 1713//1713 1610//1610
f 1713//1713 1714//1714 1610//1610
f 1610//1610 1714//1714 1612//1612
f 1714//1714 1715//1715 1612//1612
f 1612//1612 1715//1715 1614//1614
f 1715//1715 1716//1716 1614//1614
f 1614//1614 1716//1716 1616//1616
f 1716//1716 1717//1717 1616//1616
f 1616//1616 1717//1717 1618//1618
f 1717//1717 1718//1718 1618//1618
f 1618//1618 1718//1718 1620//1620
f 1718//1718 1719//1719 1620//1620
f 1620//1620 1719//1719 1622//1622
f 1719//1719 1720//1720 1622//1622
f 1622//1622 1720//1720 1624//1624
f 1720//1720 1721//1721 1624//1624
f 1624//1624 1721//1721 1626//1626
f 1721//1721 1711//1711 1626//1626
f 1626//1626 1711//1711 1628//1628
f 1711//1711 1246//1246 1628//1628
f 1628//1628 1246//1246 1630//1630
f 1246//1246 1245//1245 1630//1630
f 1630//1630 1245//1245 1632//1632
f 1245//1245 1248//1248 1632//1632
f 1632//1632 1248//1248 1634//1634
f 1248//1248 1687//1687 1634//1634
f 1634//1634 1687//1687 1636//1636
f 1687//1687 1686//1686 1636//1636
f 1636//1636 1686//1686 1638//1638
f 1686//1686 1685//1685 1638//1638
f 1638//1638 1685//1685 1640//1640
f 1685//1685 1683//1683 1640//1640
f 1640//1640 1683//1683 1642//1642
f 1683//1683 1681//1681 1642//1642
f 1642//1642 1681//1681 1644//1644
f 1681//1681 1679//1679 1644//1644
f 1644//1644 1679//1679 1646//1646
f 1679//1679 1677//1677 1646//1646
f 1646//1646 1677//1677 1648//1648
f 1677//1677 1675//1675 1648//1648
f 1648//1648 1675//1675 1650//1650
f 1675//1675 1673//1673 1650//1650
f 1650//1650 1673//1673 1652//1652
f 1673//1673 1671//1671 1652//1652
f 1652//1652 1671//1671 1654//1654
f 1671//1671 1669//1669 1654//1654
f 1654//1654 1669//1669 1656//1656
f 1669//1669 1667//1667 1656//1656
f 1656//1656 1667//1667 1658//1658
f 1667//1667 1665//1665 1658//1658
f 1658//1658 1665//1665 1659//1659
f 1665//1665 1663//1663 1659//1659
f 1659//1659 1663//1663 1128//1128
f 1663//1663 1661//1661 1128//1128
f 1128//1128 1661//1661 1098//1098
f 1661//1661 1660//1660 1098//1098
f 1098//1098 1660//1660 1099//1099
f 1660//1660 1100//1100 1099//1099
f 1301//1301 1298//1298 1300//1300
f 1298//1298 1273//1273 1300//1300
f 1300//1300 1273//1273 1299//1299
f 1273//1273 1605//1605 1299//1299
f 1299//1299 1605//1605 1302//1302
f 1605//1605 1607//1607 1302//1302
f 1302//1302 1607//1607 1305//1305
f 1607//1607 1609//1609 1305//1305
f 1305//1305 1609//1609 1304//1304
f 1609//1609 1611//1611 1304//1304
f 1304//1304 1611//1611 1303//1303
f 1611//1611 1613//1613 1303//1303
f 1303//1303 1613//1613 1306//1306
f 1613//1613 1615//1615 1306//1306
f 1306//1306 1615//1615 1307//1307
f 1615//1615 1617//1617 1307//1307
f 1307//1307 1617//1617 1308//1308
f 1617//1617 1619//1619 1308//1308
f 1308//1308 1619//1619 1269//1269
f 1619//1619 1621//1621 1269//1269
f 1269//1269 1621//1621 1270//1270
f 1621//1621 1623//1623 1270//1270
f 1270//1270 1623//1623 1310//1310
f 1623//1623 1625//1625 1310//1310
f 1310//1310 1625//1625 1309//1309
f 1625//1625 1627//1627 1309//1309
f 1309//1309 1627//1627 1311//1311
f 1627//1627 1629//1629 1311//1311
f 1311//1311 1629//1629 1312//1312
f 1629//1629 1631//1631 1312//1312
f 1312//1312 1631//1631 1313//1313
f 1631//1631 1633//1633 1313//1313
f 1313//1313 1633//1633 1317//1317
f 1633//1633 1635//1635 1317//1317
f 1317//1317 1635//1635 1316//1316
f 1635//1635 1637//1637 1316//1316
f 1316//1316 1637//1637 1315//1315
f 1637//1637 1639//1639 1315//1315
f 1315//1315 1639//1639 1314//1314
f 1639//1639 1641//1641 1314//1314
f 1314//1314 1641//1641 1320//1320
f 1641//1641 1643//1643 1320//1320
f 1320//1320 1643//1643 1319//1319
f 1643//1643 1645//1645 1319//1319
f 1319//1319 1645//1645 1318//1318
f 1645//1645 1647//1647 1318//1318
f 1318//1318 1647//1647 1322//1322
f 1647//1647 1649//1649 1322//1322
f 1322//1322 1649//1649 1321//1321
f 1649//1649 1651//1651 1321//1321
f 1321//1321 1651//1651 1325//1325
f 1651//1651 1653//1653 1325//1325
f 1325//1325 1653//1653 1324//1324
f 1653//1653 1655//1655 1324//1324
f 1324//1324 1655//1655 1323//1323
f 1655//1655 1657//1657 1323//1323
f 1323//1323 1657//1657 1268//1268
f 1657//1657 1326//1326 1268//1268
f 1268//1268 1326//1326 1132//1132
f 1326//1326 1131//1131 1132//1132
f 1243//1243 1603//1603 1241//1241
f 1603//1603 1468//1468 1241//1241
f 1241//1241 1468//1468 1569//1569
f 1468//1468 1469//1469 1569//1569
f 1569//1569 1469//1469 1570//1570
f 1469//1469 1502//1502 1570//1570
f 1570//1570 1502//1502 1571//1571
f 1502//1502 1504//1504 1571//1571
f 1571//1571 1504//1504 1572//1572
f 1504//1504 1506//1506 1572//1572
f 1572//1572 1506//1506 1573//1573
f 1506//1506 1508//1508 1573//1573
f 1573//1573 1508//1508 1574//1574
f 1508//1508 1510//1510 1574//1574
f 1574//1574 1510//1510 1575//1575
f 1510//1510 1512//1512 1575//1575
f 1575//1575 1512//1512 1576//1576
f 1512//1512 1251//1251 1576//1576
f 1576//1576 1251//1251 1577//1577
f 1251//1251 1250//1250 1577//1577
f 1577//1577 1250//1250 1578//1578
f 1250//1250 1030//1030 1578//1578
f 1578//1578 1030//1030 1459//1459
f 1030//1030 1029//1029 1459//1459
f 1459//1459 1029//1029 1430//1430
f 1029//1029 1028//1028 1430//1430
f 1430//1430 1028//1028 1431//1431
f 1028//1028 1027//1027 1431//1431
f 1431//1431 1027//1027 1460//1460
f 1027//1027 1427//1427 1460//1460
f 1460//1460 1427//1427 1461//1461
f 1427//1427 1429//1429 1461//1461
f 1461//1461 1429//1429 1462//1462
f 1429//1429 1398//1398 1462//1462
f 1462//1462 1398//1398 1463//1463
f 1398//1398 1385//1385 1463//1463
f 1463//1463 1385//1385 1464//1464
f 1385//1385 1386//1386 1464//1464
f 1464//1464 1386//1386 1465//1465
f 1386//1386 1387//1387 1465//1465
f 1465//1465 1387//1387 1443//1443
f 1387//1387 1388//1388 1443//1443
f 1443//1443 1388//1388 1444//1444
f 1388//1388 1389//1389 1444//1444
f 1444//1444 1389//1389 1402//1402
f 1389//1389 1390//1390 1402//1402
f 1402//1402 1390//1390 1400//1400
f 1280//1280 1579//1579 1278//1278
f 1579//1579 1580//1580 1278//1278
f 1278//1278 1580//1580 1279//1279
f 1580//1580 1581//1581 1279//1279
f 1279//1279 1581//1581 1712//1712
f 1581//1581 1582//1582 1712//1712
f 1712//1712 1582//1582 1713//1713
f 1582//1582 1583//1583 1713//1713
f 1713//1713 1583//1583 1714//1714
f 1583//1583 1588//1588 1714//1714
f 1714//1714 1588//1588 1715//1715
f 1588//1588 1590//1590 1715//1715
f 1715//1715 1590//1590 1716//1716
f 1590//1590 1592//1592 1716//1716
f 1716//1716 1592//1592 1717//1717
f 1592//1592 1594//1594 1717//1717
f 1717//1717 1594//1594 1718//1718
f 1594//1594 1596//1596 1718//1718
f 1718//1718 1596//1596 1719//1719
f 1596//1596 1598//1598 1719//1719
f 1719//1719 1598//1598 1720//1720
f 1598//1598 1600//1600 1720//1720
f 1720//1720 1600//1600 1721//1721
f 1600//1600 1602//1602 1721//1721
f 1721//1721 1602//1602 1711//1711
f 1602//1602 1243//1243 1711//1711
f 1711//1711 1243//1243 1710//1710
f 1243//1243 1242//1242 1710//1710
f 1710//1710 1242//1242 1709//1709
f 1242//1242 1568//1568 1709//1709
f 1709//1709 1568//1568 1707//1707
f 1568//1568 1404//1404 1707//1707
f 1707//1707 1404//1404 1705//1705
f 1404//1404 1403//1403 1705//1705
f 1705//1705 1403//1403 1703//1703
f 1403//1403 1400//1400 1703//1703
f 1703//1703 1400//1400 1702//1702
f 1400//1400 1390//1390 1702//1702
f 1702//1702 1390//1390 1701//1701
f 1390//1390 1384//1384 1701//1701
f 1701//1701 1384//1384 1700//1700
f 1384//1384 1379//1379 1700//1700
f 1700//1700 1379//1379 1699//1699
f 1379//1379 1266//1266 1699//1699
f 1699//1699 1266//1266 1698//1698
f 1266//1266 1265//1265 1698//1698
f 1698//1698 1265//1265 1697//1697
f 1265//1265 1373//1373 1697//1697
f 1697//1697 1373//1373 1696//1696
f 1373//1373 1391//1391 1696//1696
f 1696//1696 1391//1391 1695//1695
f 1391//1391 1418//1418 1695//1695
f 1695//1695 1418//1418 1694//1694
f 1418//1418 1336//1336 1694//1694
f 1694//1694 1336//1336 1693//1693
f 1336//1336 1335//1335 1693//1693
f 1693//1693 1335//1335 1692//1692
f 1335//1335 1333//1333 1692//1692
f 1692//1692 1333//1333 1691//1691
f 1333//1333 1331//1331 1691//1691
f 1691//1691 1331//1331 1690//1690
f 1331//1331 1344//1344 1690//1690
f 1690//1690 1344//1344 1107//1107
f 1344//1344 1106//1106 1107//1107
f 88//88 195//195 89//89
f 195//195 193//193 89//89
f 89//89 193//193 56//56
f 193//193 191//191 56//56
f 56//56 191//191 57//57
f 191//191 190//190 57//57
f 57//57 190//190 90//90
f 190//190 1722//1722 90//90
f 90//90 1722//1722 91//91
f 1722//1722 1723//1723 91//91
f 91//91 1723//1723 93//93
f 1723//1723 1724//1724 93//93
f 93//93 1724//1724 94//94
f 1724//1724 1725//1725 94//94
f 94//94 1725//1725 95//95
f 1726//1726 1727//1727 1728//1728
f 1727//1727 1729//1729 1728//1728
f 1728//1728 1729//1729 1730//1730
f 1729//1729 1731//1731 1730//1730
f 1730//1730 1731//1731 1732//1732
f 1732//1732 1733//1733 1730//1730
f 1733//1733 1734//1734 1730//1730
f 1730//1730 1734//1734 1735//1735
f 1734//1734 1736//1736 1735//1735
f 1737//1737 1738//1738 1739//1739
f 1738//1738 1735//1735 1739//1739
f 1739//1739 1735//1735 1740//1740
f 1735//1735 1736//1736 1740//1740
f 1741//1741 1742//1742 1737//1737
f 1742//1742 1743//1743 1737//1737
f 1737//1737 1743//1743 1738//1738
f 1744//1744 1745//1745 1746//1746
f 1745//1745 1747//1747 1746//1746
f 1746//1746 1747//1747 1748//1748
f 1747//1747 1749//1749 1748//1748
f 1748//1748 1749//1749 1750//1750
f 1749//1749 1751//1751 1750//1750
f 1750//1750 1751//1751 1752//1752
f 1751//1751 1753//1753 1752//1752
f 1752//1752 1753//1753 1754//1754
f 1753//1753 1741//1741 1754//1754
f 1754//1754 1741//1741 1755//1755
f 1741//1741 1737//1737 1755//1755
f 1756//1756 1757//1757 1744//1744
f 1757//1757 1758//1758 1744//1744
f 1744//1744 1758//1758 1745//1745
f 1744//1744 1759//1759 1756//1756
f 1759//1759 1760//1760 1756//1756
f 1756//1756 1760//1760 1761//1761
f 1760//1760 1762//1762 1761//1761
f 1761//1761 1762//1762 1763//1763
f 1762//1762 1764//1764 1763//1763
f 1763//1763 1764//1764 1765//1765
f 1764//1764 1766//1766 1765//1765
f 1765//1765 1766//1766 1767//1767
f 1766//1766 1768//1768 1767//1767
f 1767//1767 1768//1768 1769//1769
f 1768//1768 1770//1770 1769//1769
f 1769//1769 1770//1770 1771//1771
f 1772//1772 1773//1773 1774//1774
f 1773//1773 1775//1775 1774//1774
f 1774//1774 1775//1775 1776//1776
f 1775//1775 1777//1777 1776//1776
f 1776//1776 1777//1777 1778//1778
f 1777//1777 1779//1779 1778//1778
f 1778//1778 1779//1779 1780//1780
f 1779//1779 1781//1781 1780//1780
f 1780//1780 1781//1781 1782//1782
f 1781//1781 1783//1783 1782//1782
f 1782//1782 1783//1783 1784//1784
f 1783//1783 1785//1785 1784//1784
f 1784//1784 1785//1785 1786//1786
f 1785//1785 1787//1787 1786//1786
f 1786//1786 1787//1787 1788//1788
f 1787//1787 1789//1789 1788//1788
f 1788//1788 1789//1789 1790//1790
f 1789//1789 1791//1791 1790//1790
f 1790//1790 1791//1791 1792//1792
f 1791//1791 1793//1793 1792//1792
f 1792//1792 1793//1793 1794//1794
f 1793//1793 1795//1795 1794//1794
f 1794//1794 1795//1795 1796//1796
f 1795//1795 1797//1797 1796//1796
f 1796//1796 1797//1797 1798//1798
f 1797//1797 1799//1799 1798//1798
f 1798//1798 1799//1799 1800//1800
f 1799//1799 1801//1801 1800//1800
f 1800//1800 1801//1801 1802//1802
f 1801//1801 1803//1803 1802//1802
f 1802//1802 1803//1803 1804//1804
f 1803//1803 1771//1771 1804//1804
f 1804//1804 1771//1771 1805//1805
f 1771//1771 1770//1770 1805//1805
f 1772//1772 1806//1806 1773//1773
f 1806//1806 1807//1807 1773//1773
f 1773//1773 1807//1807 1808//1808
f 1807//1807 1729//1729 1808//1808
f 1808//1808 1729//1729 1809//1809
f 1729//1729 1727//1727 1809//1809
f 1810//1810 1811//1811 1812//1812
f 1811//1811 1813//1813 1812//1812
f 1813//1813 1814//1814 1812//1812
f 1814//1814 1815//1815 1812//1812
f 1812//1812 1815//1815 1816//1816
f 1816//1816 1817//1817 1812//1812
f 1817//1817 1818//1818 1812//1812
f 1812//1812 1818//1818 1819//1819
f 1820//1820 1821//1821 1812//1812
f 1821//1821 1822//1822 1812//1812
f 1812//1812 1822//1822 1810//1810
f 1819//1819 1823//1823 1812//1812
f 1823//1823 1824//1824 1812//1812
f 1812//1812 1824//1824 1825//1825
f 1826//1826 1827//1827 1812//1812
f 1827//1827 1828//1828 1812//1812
f 1812//1812 1828//1828 1829//1829
f 1812//1812 1830//1830 1831//1831
f 1831//1831 1832//1832 1812//1812
f 1832//1832 1833//1833 1812//1812
f 1812//1812 1833//1833 1834//1834
f 1835//1835 1812//1812 1836//1836
f 1812//1812 1837//1837 1836//1836
f 1835//1835 1838//1838 1812//1812
f 1838//1838 1839//1839 1812//1812
f 1812//1812 1839//1839 1830//1830
f 1829//1829 1840//1840 1812//1812
f 1840//1840 1841//1841 1812//1812
f 1812//1812 1841//1841 1842//1842
f 1843//1843 1844//1844 1812//1812
f 1844//1844 1845//1845 1812//1812
f 1812//1812 1845//1845 1820//1820
f 1812//1812 1846//1846 1847//1847
f 1848//1848 1812//1812 1849//1849
f 1812//1812 1850//1850 1849//1849
f 1848//1848 1851//1851 1812//1812
f 1851//1851 1852//1852 1812//1812
f 1812//1812 1852//1852 1853//1853
f 1854//1854 1855//1855 1856//1856
f 1855//1855 1857//1857 1856//1856
f 1858//1858 1859//1859 1860//1860
f 1859//1859 1861//1861 1860//1860
f 1834//1834 1862//1862 1812//1812
f 1862//1862 1863//1863 1812//1812
f 1812//1812 1863//1863 1826//1826
f 1842//1842 1864//1864 1812//1812
f 1864//1864 1865//1865 1812//1812
f 1812//1812 1865//1865 1843//1843
f 1825//1825 1866//1866 1812//1812
f 1866//1866 1867//1867 1812//1812
f 1812//1812 1867//1867 1868//1868
f 1868//1868 1869//1869 1812//1812
f 1869//1869 1870//1870 1812//1812
f 1812//1812 1870//1870 1846//1846
f 1847//1847 1871//1871 1812//1812
f 1871//1871 1872//1872 1812//1812
f 1812//1812 1872//1872 1873//1873
f 1873//1873 1874//1874 1812//1812
f 1874//1874 1875//1875 1812//1812
f 1812//1812 1875//1875 1850//1850
f 1876//1876 1877//1877 1878//1878
f 1879//1879 1880//1880 1881//1881
f 1837//1837 1812//1812 1856//1856
f 1812//1812 1882//1882 1856//1856
f 1856//1856 1882//1882 1883//1883
f 1856//1856 1884//1884 1885//1885
f 1861//1861 1859//1859 1881//1881
f 1859//1859 1886//1886 1881//1881
f 1881//1881 1886//1886 1879//1879
f 1880//1880 1887//1887 1881//1881
f 1887//1887 1888//1888 1881//1881
f 1881//1881 1888//1888 1856//1856
f 1883//1883 1889//1889 1856//1856
f 1889//1889 1890//1890 1856//1856
f 1856//1856 1890//1890 1854//1854
f 1857//1857 1891//1891 1856//1856
f 1891//1891 1892//1892 1856//1856
f 1856//1856 1892//1892 1884//1884
f 1885//1885 1893//1893 1856//1856
f 1893//1893 1894//1894 1856//1856
f 1856//1856 1894//1894 1881//1881
f 1858//1858 1860//1860 1878//1878
f 1860//1860 1895//1895 1878//1878
f 1878//1878 1895//1895 1876//1876
f 1896//1896 1897//1897 1852//1852
f 1897//1897 1898//1898 1852//1852
f 1852//1852 1898//1898 1899//1899
f 1900//1900 1901//1901 1902//1902
f 1903//1903 1904//1904 1852//1852
f 1904//1904 1905//1905 1852//1852
f 1852//1852 1905//1905 1896//1896
f 1906//1906 1907//1907 1852//1852
f 1907//1907 1908//1908 1852//1852
f 1852//1852 1908//1908 1909//1909
f 1903//1903 1852//1852 1902//1902
f 1852//1852 1910//1910 1902//1902
f 1902//1902 1910//1910 1900//1900
f 1899//1899 1911//1911 1852//1852
f 1911//1911 1912//1912 1852//1852
f 1852//1852 1912//1912 1906//1906
f 1913//1913 1914//1914 1852//1852
f 1914//1914 1915//1915 1852//1852
f 1852//1852 1915//1915 1853//1853
f 1916//1916 1917//1917 1901//1901
f 1917//1917 1918//1918 1901//1901
f 1901//1901 1918//1918 1902//1902
f 1916//1916 1919//1919 1917//1917
f 1919//1919 1920//1920 1917//1917
f 1917//1917 1920//1920 1921//1921
f 1909//1909 1922//1922 1852//1852
f 1922//1922 1923//1923 1852//1852
f 1852//1852 1923//1923 1924//1924
f 1924//1924 1925//1925 1852//1852
f 1925//1925 1926//1926 1852//1852
f 1852//1852 1926//1926 1913//1913
f 1927//1927 1928//1928 1929//1929
f 1220//1220 1219//1219 1930//1930
f 1219//1219 1931//1931 1930//1930
f 1930//1930 1931//1931 1932//1932
f 1217//1217 1216//1216 1933//1933
f 1934//1934 1201//1201 1199//1199
f 1935//1935 1298//1298 1936//1936
f 1298//1298 1301//1301 1936//1936
f 1937//1937 1297//1297 1938//1938
f 1297//1297 1272//1272 1938//1938
f 1938//1938 1272//1272 1935//1935
f 1272//1272 1271//1271 1935//1935
f 1935//1935 1271//1271 1298//1298
f 1939//1939 1280//1280 1940//1940
f 1280//1280 1277//1277 1940//1940
f 1940//1940 1277//1277 1941//1941
f 1277//1277 1275//1275 1941//1941
f 1941//1941 1275//1275 1937//1937
f 1275//1275 1274//1274 1937//1937
f 1937//1937 1274//1274 1297//1297
f 1942//1942 1295//1295 1939//1939
f 1295//1295 1579//1579 1939//1939
f 1939//1939 1579//1579 1280//1280
f 1943//1943 1010//1010 1281//1281
f 1943//1943 1281//1281 1944//1944
f 1281//1281 1283//1283 1944//1944
f 1944//1944 1283//1283 1945//1945
f 1283//1283 1285//1285 1945//1945
f 1945//1945 1285//1285 1946//1946
f 1285//1285 1287//1287 1946//1946
f 1946//1946 1287//1287 1947//1947
f 1287//1287 1604//1604 1947//1947
f 1947//1947 1604//1604 1948//1948
f 1604//1604 1291//1291 1948//1948
f 1948//1948 1291//1291 1949//1949
f 1291//1291 1289//1289 1949//1949
f 1949//1949 1289//1289 1950//1950
f 1289//1289 1288//1288 1950//1950
f 1950//1950 1288//1288 1951//1951
f 1288//1288 1293//1293 1951//1951
f 1951//1951 1293//1293 1942//1942
f 1293//1293 1296//1296 1942//1942
f 1942//1942 1296//1296 1295//1295
f 1927//1927 1952//1952 1953//1953
f 1952//1952 1954//1954 1953//1953
f 1955//1955 1956//1956 1954//1954
f 1956//1956 1957//1957 1954//1954
f 1954//1954 1957//1957 1953//1953
f 1954//1954 1958//1958 1955//1955
f 1958//1958 1959//1959 1955//1955
f 1955//1955 1959//1959 1960//1960
f 1959//1959 1961//1961 1960//1960
f 1960//1960 1961//1961 1962//1962
f 1962//1962 1961//1961 1963//1963
f 1961//1961 1964//1964 1963//1963
f 1963//1963 1964//1964 1965//1965
f 1966//1966 1967//1967 1968//1968
f 1968//1968 1969//1969 1966//1966
f 1969//1969 1970//1970 1966//1966
f 1966//1966 1970//1970 1964//1964
f 1970//1970 1971//1971 1964//1964
f 1964//1964 1971//1971 1965//1965
f 1972//1972 1973//1973 1974//1974
f 1973//1973 1975//1975 1974//1974
f 1974//1974 1975//1975 1967//1967
f 1975//1975 1976//1976 1967//1967
f 1967//1967 1976//1976 1968//1968
f 1977//1977 1978//1978 1979//1979
f 1978//1978 1980//1980 1979//1979
f 1979//1979 1980//1980 1972//1972
f 1980//1980 1981//1981 1972//1972
f 1972//1972 1981//1981 1973//1973
f 289//289 287//287 1982//1982
f 1983//1983 293//293 294//294
f 1984//1984 1985//1985 1983//1983
f 1985//1985 1986//1986 1983//1983
f 1983//1983 1986//1986 293//293
f 1986//1986 291//291 293//293
f 1216//1216 1220//1220 1933//1933
f 1220//1220 1930//1930 1933//1933
f 1933//1933 1930//1930 1987//1987
f 1930//1930 1932//1932 1987//1987
f 1987//1987 1932//1932 1988//1988
f 1932//1932 1989//1989 1988//1988
f 1988//1988 1989//1989 1990//1990
f 1989//1989 1991//1991 1990//1990
f 1990//1990 1991//1991 1992//1992
f 1991//1991 1993//1993 1992//1992
f 1992//1992 1993//1993 1994//1994
f 1993//1993 1995//1995 1994//1994
f 1994//1994 1995//1995 1996//1996
f 1199//1199 1217//1217 1934//1934
f 1217//1217 1933//1933 1934//1934
f 1934//1934 1933//1933 1997//1997
f 1933//1933 1987//1987 1997//1997
f 1997//1997 1987//1987 1998//1998
f 1987//1987 1988//1988 1998//1998
f 1998//1998 1988//1988 1999//1999
f 1988//1988 1990//1990 1999//1999
f 1999//1999 1990//1990 2000//2000
f 1990//1990 1992//1992 2000//2000
f 2000//2000 1992//1992 2001//2001
f 1992//1992 1994//1994 2001//2001
f 2001//2001 1994//1994 2002//2002
f 1994//1994 1996//1996 2002//2002
f 2003//2003 2004//2004 2005//2005
f 2004//2004 2006//2006 2005//2005
f 2005//2005 2006//2006 2007//2007
f 2006//2006 2008//2008 2007//2007
f 2007//2007 2008//2008 2009//2009
f 2008//2008 2010//2010 2009//2009
f 2010//2010 2011//2011 2009//2009
f 2009//2009 2011//2011 2012//2012
f 2011//2011 2013//2013 2012//2012
f 2012//2012 2013//2013 2014//2014
f 2013//2013 2015//2015 2014//2014
f 2014//2014 2015//2015 2016//2016
f 2015//2015 2017//2017 2016//2016
f 2016//2016 2017//2017 2018//2018
f 2017//2017 2019//2019 2018//2018
f 2018//2018 2019//2019 2020//2020
f 2019//2019 2021//2021 2020//2020
f 2020//2020 2021//2021 1996//1996
f 2021//2021 2022//2022 1996//1996
f 1996//1996 2022//2022 2002//2002
f 2004//2004 1943//1943 2006//2006
f 1943//1943 1944//1944 2006//2006
f 2006//2006 1944//1944 2008//2008
f 1944//1944 1945//1945 2008//2008
f 2008//2008 1945//1945 2010//2010
f 1945//1945 1946//1946 2010//2010
f 2010//2010 1946//1946 2011//2011
f 1946//1946 1947//1947 2011//2011
f 2011//2011 1947//1947 2013//2013
f 1947//1947 1948//1948 2013//2013
f 2013//2013 1948//1948 2015//2015
f 1948//1948 1949//1949 2015//2015
f 2015//2015 1949//1949 2017//2017
f 1949//1949 1950//1950 2017//2017
f 2017//2017 1950//1950 2019//2019
f 1950//1950 1951//1951 2019//2019
f 2019//2019 1951//1951 2021//2021
f 1951//1951 1942//1942 2021//2021
f 2021//2021 1942//1942 2022//2022
f 1942//1942 1939//1939 2022//2022
f 2022//2022 1939//1939 2002//2002
f 1939//1939 1940//1940 2002//2002
f 2002//2002 1940//1940 2001//2001
f 1940//1940 1941//1941 2001//2001
f 2001//2001 1941//1941 2000//2000
f 1941//1941 1937//1937 2000//2000
f 2000//2000 1937//1937 1999//1999
f 1937//1937 1938//1938 1999//1999
f 1999//1999 1938//1938 1998//1998
f 1938//1938 1935//1935 1998//1998
f 1998//1998 1935//1935 1997//1997
f 1935//1935 1936//1936 1997//1997
f 1997//1997 1936//1936 1934//1934
f 1936//1936 1301//1301 1934//1934
f 1934//1934 1301//1301 1201//1201
f 1927//1927 1929//1929 1952//1952
f 1929//1929 2023//2023 1952//1952
f 1952//1952 2023//2023 1954//1954
f 2024//2024 2025//2025 1979//1979
f 2025//2025 2026//2026 1979//1979
f 1979//1979 2026//2026 1977//1977
f 289//289 1982//1982 290//290
f 1982//1982 2026//2026 290//290
f 290//290 2026//2026 294//294
f 2026//2026 2025//2025 294//294
f 294//294 2025//2025 1983//1983
f 2025//2025 2024//2024 1983//1983
f 1983//1983 2024//2024 1984//1984
f 2027//2027 2028//2028 2029//2029
f 2028//2028 2030//2030 2029//2029
f 2029//2029 2030//2030 2031//2031
f 2030//2030 2032//2032 2031//2031
f 2031//2031 2032//2032 2033//2033
f 2032//2032 2034//2034 2033//2033
f 2033//2033 2034//2034 2035//2035
f 2034//2034 2036//2036 2035//2035
f 2035//2035 2036//2036 2037//2037
f 2036//2036 2038//2038 2037//2037
f 2037//2037 2038//2038 2039//2039
f 2038//2038 2040//2040 2039//2039
f 2039//2039 2040//2040 2041//2041
f 2023//2023 2042//2042 1954//1954
f 2042//2042 2043//2043 1954//1954
f 1954//1954 2043//2043 1958//1958
f 2043//2043 2044//2044 1958//1958
f 1958//1958 2044//2044 1959//1959
f 2044//2044 2041//2041 1959//1959
f 1959//1959 2041//2041 1961//1961
f 2041//2041 2040//2040 1961//1961
f 1961//1961 2040//2040 1964//1964
f 2040//2040 2038//2038 1964//1964
f 1964//1964 2038//2038 1966//1966
f 2038//2038 2036//2036 1966//1966
f 1966//1966 2036//2036 1967//1967
f 2036//2036 2034//2034 1967//1967
f 1967//1967 2034//2034 1974//1974
f 2034//2034 2032//2032 1974//1974
f 1974//1974 2032//2032 1972//1972
f 2032//2032 2030//2030 1972//1972
f 1972//1972 2030//2030 1979//1979
f 2030//2030 2028//2028 1979//1979
f 1979//1979 2028//2028 2024//2024
f 2028//2028 2027//2027 2024//2024
f 2024//2024 2027//2027 1984//1984
f 1929//1929 2003//2003 2023//2023
f 2003//2003 2005//2005 2023//2023
f 2023//2023 2005//2005 2042//2042
f 2005//2005 2007//2007 2042//2042
f 2042//2042 2007//2007 2043//2043
f 2007//2007 2009//2009 2043//2043
f 2043//2043 2009//2009 2044//2044
f 2009//2009 2012//2012 2044//2044
f 2044//2044 2012//2012 2041//2041
f 2012//2012 2014//2014 2041//2041
f 2041//2041 2014//2014 2039//2039
f 2014//2014 2016//2016 2039//2039
f 2039//2039 2016//2016 2037//2037
f 2016//2016 2018//2018 2037//2037
f 2037//2037 2018//2018 2035//2035
f 2018//2018 2020//2020 2035//2035
f 2035//2035 2020//2020 2033//2033
f 2020//2020 1996//1996 2033//2033
f 2033//2033 1996//1996 2031//2031
f 1996//1996 1995//1995 2031//2031
f 2031//2031 1995//1995 2029//2029
f 1995//1995 1993//1993 2029//2029
f 2029//2029 1993//1993 2027//2027
f 1993//1993 1991//1991 2027//2027
f 2027//2027 1991//1991 1984//1984
f 1991//1991 1989//1989 1984//1984
f 1984//1984 1989//1989 1985//1985
f 1989//1989 1932//1932 1985//1985
f 1985//1985 1932//1932 1986//1986
f 1932//1932 1931//1931 1986//1986
f 1986//1986 1931//1931 291//291
f 1931//1931 1219//1219 291//291
f 2045//2045 2046//2046 2047//2047
f 2046//2046 2048//2048 2047//2047
f 2047//2047 2048//2048 2049//2049
f 2050//2050 2051//2051 2047//2047
f 2051//2051 2052//2052 2047//2047
f 2047//2047 2052//2052 2045//2045
f 2049//2049 2053//2053 2054//2054
f 2053//2053 2055//2055 2054//2054
f 2055//2055 2056//2056 2054//2054
f 2056//2056 2057//2057 2054//2054
f 2054//2054 2057//2057 2058//2058
f 2059//2059 2060//2060 2061//2061
f 2060//2060 2062//2062 2061//2061
f 2062//2062 2063//2063 2061//2061
f 2063//2063 2064//2064 2061//2061
f 2061//2061 2064//2064 2065//2065
f 2064//2064 2066//2066 2065//2065
f 2065//2065 2066//2066 2067//2067
f 2067//2067 2068//2068 2065//2065
f 2068//2068 2069//2069 2065//2065
f 2065//2065 2069//2069 2047//2047
f 2069//2069 2070//2070 2047//2047
f 2047//2047 2070//2070 2050//2050
f 2071//2071 2072//2072 2073//2073
f 2072//2072 2074//2074 2073//2073
f 2073//2073 2074//2074 2075//2075
f 2071//2071 2076//2076 2072//2072
f 2076//2076 2077//2077 2072//2072
f 2072//2072 2077//2077 2078//2078
f 2079//2079 2080//2080 2081//2081
f 2080//2080 2082//2082 2081//2081
f 2082//2082 2083//2083 2081//2081
f 2081//2081 2083//2083 2084//2084
f 2084//2084 2085//2085 2081//2081
f 2085//2085 2086//2086 2081//2081
f 2081//2081 2086//2086 2061//2061
f 2086//2086 2087//2087 2061//2061
f 2061//2061 2087//2087 2059//2059
f 2058//2058 2088//2088 2054//2054
f 2088//2088 2089//2089 2054//2054
f 2054//2054 2089//2089 2090//2090
f 2089//2089 2091//2091 2090//2090
f 2090//2090 2091//2091 2092//2092
f 2093//2093 2094//2094 2074//2074
f 2094//2094 2095//2095 2074//2074
f 2074//2074 2095//2095 2075//2075
f 2092//2092 2096//2096 2090//2090
f 2096//2096 2097//2097 2090//2090
f 2090//2090 2097//2097 2074//2074
f 2097//2097 2098//2098 2074//2074
f 2074//2074 2098//2098 2093//2093
f 1807//1807 1806//1806 2099//2099
f 1739//1739 1740//1740 2100//2100
f 1740//1740 1736//1736 2100//2100
f 1736//1736 1734//1734 2100//2100
f 1734//1734 1733//1733 2100//2100
f 2100//2100 1733//1733 1732//1732
f 1732//1732 1731//1731 2100//2100
f 1731//1731 1729//1729 2100//2100
f 2100//2100 1729//1729 1807//1807
f 1806//1806 1772//1772 2099//2099
f 1772//1772 1774//1774 2099//2099
f 2099//2099 1774//1774 1776//1776
f 1782//1782 2101//2101 1780//1780
f 2101//2101 2099//2099 1780//1780
f 1780//1780 2099//2099 1778//1778
f 2099//2099 1776//1776 1778//1778
f 1788//1788 2102//2102 1786//1786
f 2102//2102 2101//2101 1786//1786
f 1786//1786 2101//2101 1784//1784
f 2101//2101 1782//1782 1784//1784
f 1800//1800 1802//1802 2102//2102
f 1788//1788 1790//1790 2102//2102
f 1790//1790 1792//1792 2102//2102
f 2102//2102 1792//1792 1794//1794
f 1794//1794 1796//1796 2102//2102
f 1796//1796 1798//1798 2102//2102
f 2102//2102 1798//1798 1800//1800
f 1802//1802 1804//1804 2102//2102
f 1804//1804 1805//1805 2102//2102
f 2102//2102 1805//1805 1770//1770
f 1768//1768 1766//1766 2103//2103
f 1766//1766 1764//1764 2103//2103
f 1764//1764 1762//1762 2103//2103
f 2103//2103 1762//1762 1760//1760
f 1760//1760 1759//1759 2103//2103
f 1759//1759 1744//1744 2103//2103
f 2103//2103 1744//1744 1746//1746
f 1746//1746 1748//1748 2103//2103
f 1748//1748 1750//1750 2103//2103
f 2103//2103 1750//1750 2104//2104
f 1750//1750 1752//1752 2104//2104
f 1752//1752 1754//1754 2104//2104
f 1754//1754 1755//1755 2104//2104
f 2104//2104 1755//1755 2100//2100
f 1755//1755 1737//1737 2100//2100
f 2100//2100 1737//1737 1739//1739
f 1807//1807 2099//2099 2100//2100
f 2099//2099 2105//2105 2100//2100
f 2100//2100 2105//2105 2106//2106
f 2105//2105 2107//2107 2106//2106
f 2106//2106 2107//2107 2108//2108
f 2107//2107 2109//2109 2108//2108
f 2108//2108 2109//2109 2110//2110
f 2109//2109 2111//2111 2110//2110
f 2110//2110 2111//2111 2112//2112
f 2111//2111 2113//2113 2112//2112
f 2112//2112 2113//2113 2114//2114
f 2113//2113 2115//2115 2114//2114
f 2114//2114 2115//2115 2116//2116
f 2115//2115 2117//2117 2116//2116
f 2116//2116 2117//2117 2118//2118
f 2117//2117 2119//2119 2118//2118
f 2118//2118 2119//2119 2120//2120
f 2119//2119 2121//2121 2120//2120
f 2120//2120 2121//2121 2122//2122
f 2121//2121 2123//2123 2122//2122
f 2122//2122 2123//2123 2124//2124
f 2123//2123 2125//2125 2124//2124
f 2124//2124 2125//2125 2126//2126
f 2125//2125 2127//2127 2126//2126
f 2126//2126 2127//2127 2128//2128
f 2127//2127 2129//2129 2128//2128
f 2128//2128 2129//2129 2130//2130
f 2129//2129 2131//2131 2130//2130
f 2130//2130 2131//2131 2132//2132
f 2131//2131 2133//2133 2132//2132
f 2132//2132 2133//2133 2134//2134
f 2133//2133 2135//2135 2134//2134
f 2134//2134 2135//2135 2136//2136
f 2135//2135 2072//2072 2136//2136
f 2136//2136 2072//2072 2081//2081
f 2072//2072 2078//2078 2081//2081
f 2081//2081 2078//2078 2079//2079
f 2049//2049 2054//2054 2047//2047
f 2054//2054 2137//2137 2047//2047
f 2047//2047 2137//2137 2138//2138
f 2137//2137 2139//2139 2138//2138
f 2138//2138 2139//2139 2140//2140
f 2139//2139 2141//2141 2140//2140
f 2140//2140 2141//2141 2142//2142
f 2141//2141 2143//2143 2142//2142
f 2142//2142 2143//2143 2144//2144
f 2143//2143 2145//2145 2144//2144
f 2144//2144 2145//2145 2146//2146
f 2145//2145 2147//2147 2146//2146
f 2146//2146 2147//2147 2148//2148
f 2147//2147 2149//2149 2148//2148
f 2148//2148 2149//2149 2150//2150
f 2149//2149 2102//2102 2150//2150
f 2150//2150 2102//2102 2103//2103
f 2102//2102 1770//1770 2103//2103
f 2103//2103 1770//1770 1768//1768
f 2151//2151 2152//2152 2153//2153
f 2154//2154 2155//2155 2156//2156
f 2157//2157 2158//2158 2159//2159
f 2158//2158 2160//2160 2159//2159
f 2159//2159 2160//2160 2156//2156
f 2160//2160 2161//2161 2156//2156
f 2156//2156 2161//2161 2154//2154
f 2157//2157 2162//2162 2158//2158
f 2162//2162 2163//2163 2158//2158
f 2158//2158 2163//2163 2164//2164
f 2163//2163 2165//2165 2164//2164
f 2165//2165 2166//2166 2164//2164
f 2164//2164 2166//2166 2167//2167
f 2166//2166 2168//2168 2167//2167
f 2167//2167 2168//2168 2169//2169
f 2169//2169 2168//2168 2170//2170
f 2168//2168 2171//2171 2170//2170
f 2170//2170 2171//2171 2172//2172
f 2171//2171 2173//2173 2172//2172
f 2172//2172 2173//2173 2174//2174
f 2173//2173 2175//2175 2174//2174
f 2174//2174 2175//2175 2153//2153
f 2175//2175 2176//2176 2153//2153
f 2153//2153 2176//2176 2151//2151
f 1231//1231 2177//2177 2178//2178
f 2177//2177 2152//2152 2178//2178
f 2178//2178 2152//2152 2179//2179
f 2152//2152 2151//2151 2179//2179
f 1231//1231 1230//1230 2177//2177
f 1230//1230 1228//1228 2177//2177
f 2177//2177 1228//1228 2180//2180
f 1228//1228 1226//1226 2180//2180
f 1226//1226 1223//1223 2180//2180
f 2180//2180 1223//1223 2181//2181
f 1223//1223 1224//1224 2181//2181
f 1224//1224 1234//1234 2181//2181
f 1234//1234 1236//1236 2181//2181
f 2181//2181 1236//1236 1238//1238
f 1014//1014 2182//2182 1012//1012
f 2182//2182 2181//2181 1012//1012
f 1012//1012 2181//2181 1240//1240
f 2181//2181 1238//1238 1240//1240
f 1014//1014 1018//1018 2182//2182
f 1018//1018 1017//1017 2182//2182
f 2182//2182 1017//1017 2183//2183
f 1017//1017 1016//1016 2183//2183
f 2183//2183 1016//1016 2184//2184
f 1016//1016 944//944 2184//2184
f 2184//2184 944//944 2185//2185
f 944//944 2186//2186 2185//2185
f 947//947 2187//2187 949//949
f 2187//2187 2188//2188 949//949
f 949//949 2188//2188 950//950
f 2188//2188 2186//2186 950//950
f 950//950 2186//2186 945//945
f 2186//2186 944//944 945//945
f 956//956 2189//2189 952//952
f 2189//2189 2190//2190 952//952
f 952//952 2190//2190 953//953
f 2190//2190 2187//2187 953//953
f 953//953 2187//2187 946//946
f 2187//2187 947//947 946//946
f 956//956 955//955 2189//2189
f 955//955 961//961 2189//2189
f 2189//2189 961//961 2191//2191
f 961//961 960//960 2191//2191
f 960//960 958//958 2191//2191
f 958//958 957//957 2191//2191
f 2191//2191 957//957 2192//2192
f 957//957 964//964 2192//2192
f 2192//2192 964//964 2193//2193
f 964//964 963//963 2193//2193
f 963//963 969//969 2193//2193
f 2193//2193 969//969 2194//2194
f 969//969 968//968 2194//2194
f 2194//2194 968//968 2195//2195
f 968//968 966//966 2195//2195
f 2195//2195 966//966 2196//2196
f 966//966 965//965 2196//2196
f 2196//2196 965//965 2197//2197
f 965//965 970//970 2197//2197
f 970//970 972//972 2197//2197
f 2197//2197 972//972 2198//2198
f 972//972 979//979 2198//2198
f 2198//2198 979//979 2199//2199
f 979//979 978//978 2199//2199
f 2199//2199 978//978 977//977
f 2200//2200 2089//2089 2088//2088
f 2078//2078 2077//2077 2201//2201
f 2201//2201 2202//2202 2078//2078
f 2202//2202 2203//2203 2078//2078
f 2078//2078 2203//2203 2204//2204
f 2077//2077 2076//2076 2201//2201
f 2076//2076 2071//2071 2201//2201
f 2201//2201 2071//2071 2205//2205
f 2071//2071 2073//2073 2205//2205
f 2097//2097 2206//2206 2098//2098
f 2206//2206 2207//2207 2098//2098
f 2098//2098 2207//2207 2093//2093
f 2207//2207 2208//2208 2093//2093
f 2093//2093 2208//2208 2094//2094
f 2208//2208 2209//2209 2094//2094
f 2094//2094 2209//2209 2095//2095
f 2209//2209 2205//2205 2095//2095
f 2095//2095 2205//2205 2075//2075
f 2205//2205 2073//2073 2075//2075
f 2210//2210 2211//2211 2097//2097
f 2211//2211 2212//2212 2097//2097
f 2097//2097 2212//2212 2206//2206
f 2097//2097 2096//2096 2210//2210
f 2096//2096 2092//2092 2210//2210
f 2210//2210 2092//2092 2213//2213
f 2213//2213 2092//2092 2200//2200
f 2092//2092 2091//2091 2200//2200
f 2200//2200 2091//2091 2089//2089
f 2214//2214 2215//2215 2088//2088
f 2215//2215 2216//2216 2088//2088
f 2088//2088 2216//2216 2200//2200
f 2088//2088 2058//2058 2214//2214
f 2058//2058 2057//2057 2214//2214
f 2214//2214 2057//2057 2217//2217
f 2057//2057 2056//2056 2217//2217
f 2217//2217 2056//2056 2218//2218
f 2056//2056 2055//2055 2218//2218
f 2218//2218 2055//2055 2219//2219
f 2055//2055 2053//2053 2219//2219
f 2219//2219 2053//2053 2220//2220
f 2053//2053 2049//2049 2220//2220
f 2049//2049 2048//2048 2220//2220
f 2220//2220 2048//2048 2221//2221
f 2048//2048 2046//2046 2221//2221
f 2221//2221 2046//2046 2222//2222
f 2046//2046 2045//2045 2222//2222
f 2222//2222 2045//2045 2223//2223
f 2045//2045 2052//2052 2223//2223
f 2223//2223 2052//2052 2224//2224
f 2052//2052 2051//2051 2224//2224
f 2224//2224 2051//2051 2225//2225
f 2051//2051 2050//2050 2225//2225
f 2225//2225 2050//2050 2226//2226
f 2050//2050 2070//2070 2226//2226
f 2226//2226 2070//2070 2227//2227
f 2070//2070 2069//2069 2227//2227
f 2227//2227 2069//2069 2228//2228
f 2069//2069 2068//2068 2228//2228
f 2228//2228 2068//2068 2067//2067
f 2086//2086 2229//2229 2087//2087
f 2229//2229 2230//2230 2087//2087
f 2087//2087 2230//2230 2059//2059
f 2230//2230 2231//2231 2059//2059
f 2059//2059 2231//2231 2060//2060
f 2231//2231 2232//2232 2060//2060
f 2060//2060 2232//2232 2062//2062
f 2232//2232 2233//2233 2062//2062
f 2062//2062 2233//2233 2063//2063
f 2233//2233 2234//2234 2063//2063
f 2063//2063 2234//2234 2064//2064
f 2234//2234 2235//2235 2064//2064
f 2064//2064 2235//2235 2066//2066
f 2235//2235 2236//2236 2066//2066
f 2066//2066 2236//2236 2067//2067
f 2236//2236 2237//2237 2067//2067
f 2067//2067 2237//2237 2228//2228
f 2238//2238 2083//2083 2239//2239
f 2083//2083 2082//2082 2239//2239
f 2239//2239 2082//2082 2240//2240
f 2082//2082 2080//2080 2240//2240
f 2240//2240 2080//2080 2204//2204
f 2080//2080 2079//2079 2204//2204
f 2204//2204 2079//2079 2078//2078
f 2086//2086 2085//2085 2229//2229
f 2085//2085 2084//2084 2229//2229
f 2229//2229 2084//2084 2241//2241
f 2084//2084 2083//2083 2241//2241
f 2241//2241 2083//2083 2242//2242
f 2083//2083 2238//2238 2242//2242
f 2243//2243 2244//2244 2245//2245
f 2245//2245 2244//2244 2246//2246
f 2244//2244 2247//2247 2246//2246
f 2246//2246 2247//2247 2248//2248
f 2243//2243 2245//2245 2249//2249
f 2245//2245 2250//2250 2249//2249
f 2249//2249 2250//2250 2251//2251
f 2250//2250 2252//2252 2251//2251
f 2251//2251 2252//2252 2253//2253
f 2252//2252 2254//2254 2253//2253
f 2253//2253 2254//2254 2255//2255
f 990//990 988//988 2256//2256
f 988//988 987//987 2256//2256
f 2256//2256 987//987 2257//2257
f 990//990 2256//2256 991//991
f 2256//2256 2258//2258 991//991
f 991//991 2258//2258 985//985
f 2259//2259 2155//2155 2260//2260
f 2155//2155 2154//2154 2260//2260
f 2261//2261 2262//2262 2263//2263
f 2262//2262 2264//2264 2263//2263
f 2264//2264 2265//2265 2263//2263
f 2265//2265 2266//2266 2263//2263
f 2263//2263 2266//2266 2267//2267
f 2266//2266 2268//2268 2267//2267
f 2267//2267 2268//2268 2269//2269
f 2268//2268 2270//2270 2269//2269
f 2269//2269 2270//2270 2271//2271
f 2270//2270 2272//2272 2271//2271
f 2271//2271 2272//2272 2260//2260
f 2272//2272 2273//2273 2260//2260
f 2260//2260 2273//2273 2259//2259
f 2248//2248 2274//2274 2246//2246
f 2274//2274 2275//2275 2246//2246
f 2246//2246 2275//2275 2276//2276
f 2275//2275 2277//2277 2276//2276
f 2276//2276 2277//2277 2278//2278
f 2277//2277 2279//2279 2278//2278
f 2278//2278 2279//2279 2261//2261
f 2279//2279 2280//2280 2261//2261
f 2261//2261 2280//2280 2262//2262
f 2255//2255 2254//2254 2281//2281
f 2254//2254 2282//2282 2281//2281
f 2281//2281 2282//2282 2283//2283
f 2282//2282 2284//2284 2283//2283
f 2283//2283 2284//2284 2285//2285
f 2284//2284 2286//2286 2285//2285
f 2285//2285 2286//2286 2287//2287
f 2286//2286 2288//2288 2287//2287
f 2287//2287 2288//2288 1011//1011
f 2288//2288 2289//2289 1011//1011
f 1011//1011 2289//2289 1008//1008
f 2289//2289 2290//2290 1008//1008
f 2290//2290 2291//2291 1008//1008
f 1008//1008 2291//2291 2292//2292
f 2293//2293 1005//1005 2294//2294
f 1005//1005 1004//1004 2294//2294
f 2294//2294 1004//1004 2295//2295
f 1004//1004 1002//1002 2295//2295
f 2295//2295 1002//1002 2292//2292
f 1002//1002 1001//1001 2292//2292
f 2292//2292 1001//1001 1008//1008
f 987//987 992//992 2257//2257
f 992//992 994//994 2257//2257
f 2257//2257 994//994 2296//2296
f 994//994 995//995 2296//2296
f 2296//2296 995//995 2297//2297
f 995//995 997//997 2297//2297
f 2297//2297 997//997 2298//2298
f 997//997 998//998 2298//2298
f 2298//2298 998//998 2293//2293
f 998//998 1000//1000 2293//2293
f 2293//2293 1000//1000 1005//1005
f 2299//2299 983//983 982//982
f 2299//2299 982//982 2300//2300
f 982//982 981//981 2300//2300
f 2300//2300 981//981 2258//2258
f 981//981 986//986 2258//2258
f 2258//2258 986//986 985//985
f 983//983 2299//2299 974//974
f 2299//2299 2301//2301 974//974
f 974//974 2301//2301 975//975
f 2301//2301 2199//2199 975//975
f 975//975 2199//2199 977//977
f 2302//2302 2303//2303 2304//2304
f 2305//2305 2304//2304 2306//2306
f 2307//2307 2308//2308 2309//2309
f 2310//2310 2311//2311 2312//2312
f 2313//2313 2314//2314 2315//2315
f 2316//2316 2317//2317 2318//2318
f 2319//2319 2320//2320 2321//2321
f 2322//2322 2323//2323 2324//2324
f 2325//2325 2326//2326 2327//2327
f 2328//2328 2329//2329 2330//2330
f 2331//2331 2332//2332 2333//2333
f 2334//2334 2335//2335 2336//2336
f 2337//2337 2338//2338 2339//2339
f 2338//2338 2340//2340 2339//2339
f 2341//2341 2342//2342 2343//2343
f 2344//2344 2345//2345 2346//2346
f 2347//2347 2348//2348 2349//2349
f 2350//2350 2351//2351 2346//2346
f 2352//2352 2353//2353 2354//2354
f 2355//2355 2356//2356 2357//2357
f 2358//2358 2357//2357 2359//2359
f 2360//2360 2361//2361 2362//2362
f 2363//2363 2364//2364 2365//2365
f 2366//2366 2354//2354 2367//2367
f 2368//2368 2369//2369 2370//2370
f 2371//2371 2372//2372 2373//2373
f 2374//2374 2375//2375 2376//2376
f 2377//2377 2378//2378 2379//2379
f 2380//2380 2381//2381 2382//2382
f 2383//2383 2384//2384 2385//2385
f 2386//2386 2387//2387 2388//2388
f 2389//2389 2390//2390 2391//2391
f 2392//2392 2393//2393 2394//2394
f 2395//2395 2396//2396 2397//2397
f 1910//1910 1852//1852 2398//2398
f 2399//2399 2400//2400 2401//2401
f 2402//2402 2403//2403 2404//2404
f 2181//2181 2182//2182 2405//2405
f 2182//2182 2406//2406 2405//2405
f 2405//2405 2406//2406 2407//2407
f 2406//2406 2408//2408 2407//2407
f 2409//2409 2410//2410 2411//2411
f 2410//2410 2412//2412 2411//2411
f 2413//2413 2414//2414 2415//2415
f 2414//2414 2416//2416 2415//2415
f 2415//2415 2416//2416 2417//2417
f 2416//2416 2418//2418 2417//2417
f 2419//2419 2420//2420 2421//2421
f 2420//2420 2422//2422 2421//2421
f 2421//2421 2422//2422 2423//2423
f 2422//2422 2424//2424 2423//2423
f 2423//2423 2424//2424 2425//2425
f 2426//2426 2427//2427 2428//2428
f 2427//2427 2429//2429 2428//2428
f 2428//2428 2429//2429 2430//2430
f 2429//2429 2431//2431 2430//2430
f 2430//2430 2431//2431 2432//2432
f 2431//2431 2433//2433 2432//2432
f 2432//2432 2433//2433 2419//2419
f 2433//2433 2434//2434 2419//2419
f 2419//2419 2434//2434 2420//2420
f 2435//2435 2436//2436 2437//2437
f 2436//2436 2438//2438 2437//2437
f 2435//2435 2439//2439 2440//2440
f 2439//2439 2441//2441 2440//2440
f 2440//2440 2441//2441 2442//2442
f 2441//2441 2443//2443 2442//2442
f 2442//2442 2443//2443 2444//2444
f 2443//2443 2445//2445 2444//2444
f 2444//2444 2445//2445 2446//2446
f 1878//1878 2447//2447 1858//1858
f 2447//2447 2448//2448 1858//1858
f 1858//1858 2448//2448 1859//1859
f 2449//2449 1886//1886 1859//1859
f 2450//2450 1879//1879 1886//1886
f 2451//2451 1880//1880 1879//1879
f 1837//1837 1856//1856 2452//2452
f 1856//1856 1888//1888 2452//2452
f 2453//2453 2454//2454 2455//2455
f 2456//2456 1839//1839 2457//2457
f 1839//1839 1838//1838 2457//2457
f 2377//2377 1864//1864 2378//2378
f 1864//1864 1842//1842 2378//2378
f 2378//2378 1842//1842 2458//2458
f 1842//1842 1841//1841 2458//2458
f 2458//2458 1841//1841 2459//2459
f 1841//1841 1840//1840 2459//2459
f 2459//2459 1840//1840 2460//2460
f 1844//1844 1843//1843 2377//2377
f 1843//1843 1865//1865 2377//2377
f 2377//2377 1865//1865 1864//1864
f 1813//1813 1811//1811 2461//2461
f 1811//1811 1810//1810 2461//2461
f 1813//1813 2461//2461 1814//1814
f 2461//2461 2462//2462 1814//1814
f 1814//1814 2462//2462 1815//1815
f 1815//1815 2462//2462 1816//1816
f 2462//2462 2463//2463 1816//1816
f 1816//1816 2463//2463 1817//1817
f 1819//1819 2464//2464 1823//1823
f 2464//2464 2465//2465 1823//1823
f 1823//1823 2465//2465 1824//1824
f 1868//1868 1867//1867 2466//2466
f 1867//1867 1866//1866 2466//2466
f 1868//1868 2466//2466 1869//1869
f 2466//2466 2467//2467 1869//1869
f 1869//1869 2467//2467 1870//1870
f 2468//2468 1847//1847 2469//2469
f 1847//1847 1846//1846 2469//2469
f 2469//2469 1846//1846 2470//2470
f 2471//2471 1873//1873 2472//2472
f 1873//1873 1872//1872 2472//2472
f 2472//2472 1872//1872 2468//2468
f 1872//1872 1871//1871 2468//2468
f 2468//2468 1871//1871 1847//1847
f 1848//1848 1849//1849 2473//2473
f 1849//1849 1850//1850 2473//2473
f 2473//2473 1850//1850 2474//2474
f 1850//1850 1875//1875 2474//2474
f 2474//2474 1875//1875 2471//2471
f 1875//1875 1874//1874 2471//2471
f 2471//2471 1874//1874 1873//1873
f 1852//1852 1851//1851 2398//2398
f 1851//1851 2475//2475 2398//2398
f 2398//2398 2475//2475 2476//2476
f 2477//2477 1921//1921 2478//2478
f 1921//1921 1920//1920 2478//2478
f 2478//2478 1920//1920 2479//2479
f 1920//1920 1919//1919 2479//2479
f 2479//2479 1919//1919 2480//2480
f 1919//1919 1916//1916 2480//2480
f 2481//2481 1902//1902 1918//1918
f 2482//2482 2483//2483 2484//2484
f 2482//2482 2484//2484 2485//2485
f 2486//2486 2402//2402 2487//2487
f 2402//2402 2404//2404 2487//2487
f 2487//2487 2404//2404 2488//2488
f 2404//2404 2489//2489 2488//2488
f 2488//2488 2489//2489 2490//2490
f 2400//2400 2486//2486 2401//2401
f 2486//2486 2487//2487 2401//2401
f 2401//2401 2487//2487 2491//2491
f 2487//2487 2488//2488 2491//2491
f 2491//2491 2488//2488 2492//2492
f 2488//2488 2490//2490 2492//2492
f 2438//2438 2399//2399 2493//2493
f 2399//2399 2401//2401 2493//2493
f 2493//2493 2401//2401 2494//2494
f 2401//2401 2491//2491 2494//2494
f 2494//2494 2491//2491 2495//2495
f 2491//2491 2492//2492 2495//2495
f 2496//2496 2497//2497 2498//2498
f 2497//2497 2499//2499 2498//2498
f 2498//2498 2499//2499 2500//2500
f 2499//2499 2501//2501 2500//2500
f 2500//2500 2501//2501 2502//2502
f 2439//2439 2503//2503 2441//2441
f 2503//2503 2504//2504 2441//2441
f 2441//2441 2504//2504 2443//2443
f 2504//2504 2505//2505 2443//2443
f 2443//2443 2505//2505 2445//2445
f 1859//1859 2448//2448 2449//2449
f 2448//2448 2506//2506 2449//2449
f 2449//2449 2506//2506 2507//2507
f 2435//2435 2437//2437 2439//2439
f 2437//2437 2508//2508 2439//2439
f 2439//2439 2508//2508 2503//2503
f 2508//2508 2396//2396 2503//2503
f 2503//2503 2396//2396 2504//2504
f 2396//2396 2395//2395 2504//2504
f 2504//2504 2395//2395 2505//2505
f 2509//2509 2510//2510 2511//2511
f 2510//2510 2512//2512 2511//2511
f 2511//2511 2512//2512 2513//2513
f 2512//2512 2514//2514 2513//2513
f 2513//2513 2514//2514 2515//2515
f 2482//2482 2515//2515 2483//2483
f 2515//2515 2514//2514 2483//2483
f 2483//2483 2514//2514 2516//2516
f 2514//2514 2512//2512 2516//2516
f 2516//2516 2512//2512 2517//2517
f 2512//2512 2510//2510 2517//2517
f 2517//2517 2510//2510 2518//2518
f 2510//2510 2509//2509 2518//2518
f 2518//2518 2509//2509 2397//2397
f 2509//2509 2519//2519 2397//2397
f 2397//2397 2519//2519 2395//2395
f 2519//2519 2520//2520 2395//2395
f 2395//2395 2520//2520 2505//2505
f 2520//2520 2521//2521 2505//2505
f 2505//2505 2521//2521 2445//2445
f 2521//2521 2522//2522 2445//2445
f 2445//2445 2522//2522 2446//2446
f 2522//2522 2523//2523 2446//2446
f 2524//2524 2525//2525 2526//2526
f 2525//2525 2527//2527 2526//2526
f 2526//2526 2527//2527 2528//2528
f 2482//2482 2529//2529 2515//2515
f 2529//2529 2530//2530 2515//2515
f 2515//2515 2530//2530 2513//2513
f 2530//2530 2531//2531 2513//2513
f 2513//2513 2531//2531 2511//2511
f 2531//2531 2532//2532 2511//2511
f 2511//2511 2532//2532 2509//2509
f 2447//2447 2523//2523 2448//2448
f 2523//2523 2522//2522 2448//2448
f 2448//2448 2522//2522 2506//2506
f 2522//2522 2521//2521 2506//2506
f 2506//2506 2521//2521 2507//2507
f 2521//2521 2520//2520 2507//2507
f 2507//2507 2520//2520 2533//2533
f 2520//2520 2519//2519 2533//2533
f 2533//2533 2519//2519 2534//2534
f 2519//2519 2509//2509 2534//2534
f 2534//2534 2509//2509 2535//2535
f 2509//2509 2532//2532 2535//2535
f 1887//1887 1880//1880 2536//2536
f 1880//1880 2451//2451 2536//2536
f 2536//2536 2451//2451 2394//2394
f 2394//2394 2393//2393 2536//2536
f 2393//2393 2537//2537 2536//2536
f 2536//2536 2537//2537 1887//1887
f 1879//1879 2450//2450 2451//2451
f 2450//2450 2538//2538 2451//2451
f 2451//2451 2538//2538 2394//2394
f 2538//2538 2539//2539 2394//2394
f 2394//2394 2539//2539 2392//2392
f 2540//2540 2541//2541 2542//2542
f 2541//2541 2543//2543 2542//2542
f 2544//2544 2545//2545 2546//2546
f 2545//2545 2547//2547 2546//2546
f 2546//2546 2547//2547 2548//2548
f 2547//2547 2549//2549 2548//2548
f 2548//2548 2549//2549 2550//2550
f 2549//2549 2551//2551 2550//2550
f 2550//2550 2551//2551 2552//2552
f 2551//2551 2553//2553 2552//2552
f 2552//2552 2553//2553 2392//2392
f 2553//2553 2554//2554 2392//2392
f 2392//2392 2554//2554 2393//2393
f 2554//2554 2452//2452 2393//2393
f 2393//2393 2452//2452 2537//2537
f 2452//2452 1888//1888 2537//2537
f 2537//2537 1888//1888 1887//1887
f 2454//2454 2453//2453 2555//2555
f 2556//2556 2557//2557 2558//2558
f 2557//2557 2559//2559 2558//2558
f 2558//2558 2559//2559 2560//2560
f 2559//2559 2561//2561 2560//2560
f 2562//2562 2563//2563 2564//2564
f 2565//2565 2566//2566 2567//2567
f 2568//2568 2569//2569 2570//2570
f 2569//2569 2571//2571 2570//2570
f 2572//2572 2573//2573 2574//2574
f 2573//2573 2575//2575 2574//2574
f 2574//2574 2575//2575 2576//2576
f 2567//2567 2572//2572 2565//2565
f 2572//2572 2574//2574 2565//2565
f 2565//2565 2574//2574 2577//2577
f 2574//2574 2576//2576 2577//2577
f 2577//2577 2576//2576 2578//2578
f 2579//2579 2580//2580 2581//2581
f 2580//2580 2582//2582 2581//2581
f 2581//2581 2582//2582 2583//2583
f 2582//2582 2584//2584 2583//2583
f 2583//2583 2584//2584 2540//2540
f 2584//2584 2585//2585 2540//2540
f 2540//2540 2585//2585 2541//2541
f 2585//2585 2586//2586 2541//2541
f 2541//2541 2586//2586 2543//2543
f 2586//2586 2587//2587 2543//2543
f 2555//2555 2588//2588 2589//2589
f 2588//2588 2590//2590 2589//2589
f 2589//2589 2590//2590 2591//2591
f 2590//2590 2592//2592 2591//2591
f 2591//2591 2592//2592 2593//2593
f 2592//2592 2594//2594 2593//2593
f 2593//2593 2594//2594 2595//2595
f 2594//2594 2596//2596 2595//2595
f 2595//2595 2596//2596 2597//2597
f 2596//2596 2598//2598 2597//2597
f 2597//2597 2598//2598 2599//2599
f 2598//2598 2566//2566 2599//2599
f 2600//2600 2601//2601 2602//2602
f 2599//2599 2603//2603 2597//2597
f 2603//2603 2604//2604 2597//2597
f 2597//2597 2604//2604 2595//2595
f 2604//2604 2605//2605 2595//2595
f 2595//2595 2605//2605 2593//2593
f 2605//2605 2606//2606 2593//2593
f 2593//2593 2606//2606 2591//2591
f 2606//2606 2607//2607 2591//2591
f 2591//2591 2607//2607 2589//2589
f 2607//2607 2608//2608 2589//2589
f 2589//2589 2608//2608 2555//2555
f 2608//2608 2602//2602 2555//2555
f 2555//2555 2602//2602 2454//2454
f 2602//2602 2601//2601 2454//2454
f 2454//2454 2601//2601 2455//2455
f 2601//2601 1835//1835 2455//2455
f 1840//1840 1829//1829 2460//2460
f 1829//1829 1828//1828 2460//2460
f 2460//2460 1828//1828 2609//2609
f 1828//1828 1827//1827 2609//2609
f 2609//2609 1827//1827 2610//2610
f 1827//1827 1826//1826 2610//2610
f 2610//2610 1826//1826 2611//2611
f 1826//1826 1863//1863 2611//2611
f 2611//2611 1863//1863 2612//2612
f 1863//1863 1862//1862 2612//2612
f 2612//2612 1862//1862 2613//2613
f 1862//1862 1834//1834 2613//2613
f 2613//2613 1834//1834 2614//2614
f 1834//1834 1833//1833 2614//2614
f 2614//2614 1833//1833 2615//2615
f 1833//1833 1832//1832 2615//2615
f 2615//2615 1832//1832 2616//2616
f 1832//1832 1831//1831 2616//2616
f 2616//2616 1831//1831 2617//2617
f 1831//1831 1830//1830 2617//2617
f 2617//2617 1830//1830 2618//2618
f 1830//1830 1839//1839 2618//2618
f 2618//2618 1839//1839 2619//2619
f 1839//1839 2456//2456 2619//2619
f 2619//2619 2456//2456 2620//2620
f 2456//2456 2457//2457 2620//2620
f 2621//2621 2622//2622 2623//2623
f 2622//2622 2624//2624 2623//2623
f 2623//2623 2624//2624 2625//2625
f 2624//2624 2626//2626 2625//2625
f 2625//2625 2626//2626 2627//2627
f 2626//2626 2628//2628 2627//2627
f 2627//2627 2628//2628 2629//2629
f 2628//2628 2630//2630 2629//2629
f 2603//2603 2621//2621 2604//2604
f 2621//2621 2623//2623 2604//2604
f 2604//2604 2623//2623 2605//2605
f 2623//2623 2625//2625 2605//2605
f 2605//2605 2625//2625 2606//2606
f 2625//2625 2627//2627 2606//2606
f 2606//2606 2627//2627 2607//2607
f 2627//2627 2629//2629 2607//2607
f 2607//2607 2629//2629 2608//2608
f 2629//2629 2630//2630 2608//2608
f 2608//2608 2630//2630 2602//2602
f 2630//2630 2631//2631 2602//2602
f 2602//2602 2631//2631 2600//2600
f 2566//2566 2565//2565 2599//2599
f 2565//2565 2577//2577 2599//2599
f 2599//2599 2577//2577 2603//2603
f 2577//2577 2578//2578 2603//2603
f 2603//2603 2578//2578 2621//2621
f 2578//2578 2632//2632 2621//2621
f 2621//2621 2632//2632 2622//2622
f 2632//2632 2633//2633 2622//2622
f 2622//2622 2633//2633 2624//2624
f 2633//2633 2634//2634 2624//2624
f 2624//2624 2634//2634 2626//2626
f 2634//2634 2635//2635 2626//2626
f 2626//2626 2635//2635 2628//2628
f 2635//2635 2636//2636 2628//2628
f 2628//2628 2636//2636 2630//2630
f 2389//2389 2391//2391 2637//2637
f 2391//2391 2638//2638 2637//2637
f 2637//2637 2638//2638 2639//2639
f 2638//2638 2640//2640 2639//2639
f 2639//2639 2640//2640 2641//2641
f 2640//2640 2388//2388 2641//2641
f 2641//2641 2388//2388 2642//2642
f 2388//2388 2387//2387 2642//2642
f 2642//2642 2387//2387 2643//2643
f 2644//2644 2390//2390 2575//2575
f 2390//2390 2389//2389 2575//2575
f 2575//2575 2389//2389 2576//2576
f 2389//2389 2637//2637 2576//2576
f 2576//2576 2637//2637 2578//2578
f 2637//2637 2639//2639 2578//2578
f 2578//2578 2639//2639 2632//2632
f 2639//2639 2641//2641 2632//2632
f 2632//2632 2641//2641 2633//2633
f 2641//2641 2642//2642 2633//2633
f 2633//2633 2642//2642 2634//2634
f 2642//2642 2643//2643 2634//2634
f 2634//2634 2643//2643 2635//2635
f 2645//2645 2571//2571 2646//2646
f 2571//2571 2569//2569 2646//2646
f 2646//2646 2569//2569 2647//2647
f 2569//2569 2568//2568 2647//2647
f 2647//2647 2568//2568 2648//2648
f 2649//2649 2645//2645 2650//2650
f 2645//2645 2646//2646 2650//2650
f 2650//2650 2646//2646 2651//2651
f 2646//2646 2647//2647 2651//2651
f 2651//2651 2647//2647 2556//2556
f 2647//2647 2648//2648 2556//2556
f 2556//2556 2648//2648 2557//2557
f 2453//2453 2652//2652 2555//2555
f 2652//2652 2653//2653 2555//2555
f 2555//2555 2653//2653 2588//2588
f 2653//2653 2654//2654 2588//2588
f 2588//2588 2654//2654 2590//2590
f 2654//2654 2655//2655 2590//2590
f 2590//2590 2655//2655 2592//2592
f 2655//2655 2656//2656 2592//2592
f 2592//2592 2656//2656 2594//2594
f 2656//2656 2657//2657 2594//2594
f 2594//2594 2657//2657 2596//2596
f 2657//2657 2658//2658 2596//2596
f 2596//2596 2658//2658 2598//2598
f 2658//2658 2659//2659 2598//2598
f 2598//2598 2659//2659 2566//2566
f 2659//2659 2660//2660 2566//2566
f 2566//2566 2660//2660 2567//2567
f 2660//2660 2564//2564 2567//2567
f 2567//2567 2564//2564 2572//2572
f 2564//2564 2563//2563 2572//2572
f 2572//2572 2563//2563 2573//2573
f 2563//2563 2661//2661 2573//2573
f 2573//2573 2661//2661 2575//2575
f 2661//2661 2662//2662 2575//2575
f 2575//2575 2662//2662 2644//2644
f 2662//2662 2663//2663 2644//2644
f 2644//2644 2663//2663 2664//2664
f 2663//2663 2665//2665 2664//2664
f 2665//2665 2666//2666 2664//2664
f 2664//2664 2666//2666 2667//2667
f 2668//2668 2669//2669 2670//2670
f 2669//2669 2671//2671 2670//2670
f 2670//2670 2671//2671 2672//2672
f 2672//2672 2673//2673 2670//2670
f 2673//2673 2674//2674 2670//2670
f 2670//2670 2674//2674 2668//2668
f 2674//2674 2675//2675 2668//2668
f 2676//2676 2677//2677 2678//2678
f 2677//2677 2384//2384 2678//2678
f 2678//2678 2384//2384 2679//2679
f 2384//2384 2383//2383 2679//2679
f 2679//2679 2383//2383 2675//2675
f 2677//2677 2680//2680 2384//2384
f 2680//2680 2681//2681 2384//2384
f 2384//2384 2681//2681 2385//2385
f 2681//2681 2682//2682 2385//2385
f 2385//2385 2682//2682 2683//2683
f 2675//2675 2674//2674 2679//2679
f 2674//2674 2382//2382 2679//2679
f 2679//2679 2382//2382 2678//2678
f 2382//2382 2381//2381 2678//2678
f 2678//2678 2381//2381 2676//2676
f 2673//2673 2684//2684 2674//2674
f 2684//2684 2685//2685 2674//2674
f 2674//2674 2685//2685 2382//2382
f 2685//2685 2686//2686 2382//2382
f 2382//2382 2686//2686 2380//2380
f 1835//1835 2601//2601 1838//1838
f 2601//2601 2600//2600 1838//1838
f 1838//1838 2600//2600 2457//2457
f 2600//2600 2631//2631 2457//2457
f 2457//2457 2631//2631 2620//2620
f 2631//2631 2630//2630 2620//2620
f 2620//2620 2630//2630 2619//2619
f 2630//2630 2636//2636 2619//2619
f 2619//2619 2636//2636 2618//2618
f 2636//2636 2635//2635 2618//2618
f 2618//2618 2635//2635 2617//2617
f 2635//2635 2643//2643 2617//2617
f 2617//2617 2643//2643 2616//2616
f 2643//2643 2387//2387 2616//2616
f 2616//2616 2387//2387 2615//2615
f 2387//2387 2386//2386 2615//2615
f 2615//2615 2386//2386 2614//2614
f 2386//2386 2683//2683 2614//2614
f 2614//2614 2683//2683 2613//2613
f 2683//2683 2682//2682 2613//2613
f 2613//2613 2682//2682 2612//2612
f 2682//2682 2681//2681 2612//2612
f 2612//2612 2681//2681 2611//2611
f 2681//2681 2680//2680 2611//2611
f 2611//2611 2680//2680 2610//2610
f 2680//2680 2677//2677 2610//2610
f 2610//2610 2677//2677 2609//2609
f 2677//2677 2676//2676 2609//2609
f 2609//2609 2676//2676 2460//2460
f 2676//2676 2381//2381 2460//2460
f 2460//2460 2381//2381 2459//2459
f 2381//2381 2380//2380 2459//2459
f 2459//2459 2380//2380 2458//2458
f 2380//2380 2686//2686 2458//2458
f 2458//2458 2686//2686 2378//2378
f 2686//2686 2685//2685 2378//2378
f 2378//2378 2685//2685 2379//2379
f 2685//2685 2684//2684 2379//2379
f 2379//2379 2684//2684 2687//2687
f 2684//2684 2673//2673 2687//2687
f 2687//2687 2673//2673 2667//2667
f 2673//2673 2672//2672 2667//2667
f 2667//2667 2672//2672 2664//2664
f 2672//2672 2671//2671 2664//2664
f 2664//2664 2671//2671 2644//2644
f 2671//2671 2669//2669 2644//2644
f 2644//2644 2669//2669 2390//2390
f 2669//2669 2668//2668 2390//2390
f 2390//2390 2668//2668 2391//2391
f 2668//2668 2675//2675 2391//2391
f 2391//2391 2675//2675 2638//2638
f 2675//2675 2383//2383 2638//2638
f 2638//2638 2383//2383 2640//2640
f 2383//2383 2385//2385 2640//2640
f 2640//2640 2385//2385 2388//2388
f 2385//2385 2683//2683 2388//2388
f 2388//2388 2683//2683 2386//2386
f 2688//2688 2689//2689 2690//2690
f 2689//2689 2365//2365 2690//2690
f 2690//2690 2365//2365 2691//2691
f 2365//2365 2364//2364 2691//2691
f 2692//2692 2693//2693 2372//2372
f 2693//2693 2694//2694 2372//2372
f 2372//2372 2694//2694 2373//2373
f 2694//2694 2695//2695 2373//2373
f 2373//2373 2695//2695 2696//2696
f 2697//2697 2698//2698 2699//2699
f 2698//2698 2700//2700 2699//2699
f 2699//2699 2700//2700 2701//2701
f 2702//2702 2703//2703 2704//2704
f 2703//2703 2705//2705 2704//2704
f 2706//2706 2707//2707 2708//2708
f 2707//2707 2709//2709 2708//2708
f 2708//2708 2709//2709 2710//2710
f 2709//2709 2711//2711 2710//2710
f 2710//2710 2711//2711 2712//2712
f 2711//2711 2713//2713 2712//2712
f 2712//2712 2713//2713 2714//2714
f 2713//2713 2715//2715 2714//2714
f 2714//2714 2715//2715 2701//2701
f 2715//2715 2705//2705 2701//2701
f 2701//2701 2705//2705 2699//2699
f 2705//2705 2703//2703 2699//2699
f 2699//2699 2703//2703 2697//2697
f 2703//2703 2702//2702 2697//2697
f 2716//2716 2717//2717 2718//2718
f 2717//2717 2719//2719 2718//2718
f 2718//2718 2719//2719 2720//2720
f 2719//2719 2721//2721 2720//2720
f 2720//2720 2721//2721 2722//2722
f 2721//2721 2723//2723 2722//2722
f 2722//2722 2723//2723 2706//2706
f 2724//2724 2725//2725 2716//2716
f 2725//2725 2726//2726 2716//2716
f 2716//2716 2726//2726 2717//2717
f 2726//2726 2727//2727 2717//2717
f 2717//2717 2727//2727 2719//2719
f 2727//2727 2728//2728 2719//2719
f 2719//2719 2728//2728 2721//2721
f 2728//2728 2729//2729 2721//2721
f 2721//2721 2729//2729 2723//2723
f 2729//2729 2730//2730 2723//2723
f 2723//2723 2730//2730 2731//2731
f 2706//2706 2723//2723 2707//2707
f 2723//2723 2731//2731 2707//2707
f 2707//2707 2731//2731 2709//2709
f 2731//2731 2732//2732 2709//2709
f 2709//2709 2732//2732 2711//2711
f 2732//2732 2733//2733 2711//2711
f 2711//2711 2733//2733 2713//2713
f 2733//2733 2734//2734 2713//2713
f 2713//2713 2734//2734 2715//2715
f 2734//2734 2735//2735 2715//2715
f 2715//2715 2735//2735 2705//2705
f 2735//2735 2736//2736 2705//2705
f 2705//2705 2736//2736 2704//2704
f 2734//2734 2737//2737 2735//2735
f 2737//2737 2738//2738 2735//2735
f 2735//2735 2738//2738 2736//2736
f 2738//2738 2739//2739 2736//2736
f 2736//2736 2739//2739 2704//2704
f 2739//2739 2740//2740 2704//2704
f 2704//2704 2740//2740 2702//2702
f 2740//2740 2741//2741 2702//2702
f 2369//2369 2368//2368 2742//2742
f 2368//2368 2743//2743 2742//2742
f 2742//2742 2743//2743 2744//2744
f 2362//2362 2361//2361 2745//2745
f 2361//2361 2746//2746 2745//2745
f 2745//2745 2746//2746 2747//2747
f 2746//2746 2748//2748 2747//2747
f 2747//2747 2748//2748 2749//2749
f 1819//1819 1818//1818 2750//2750
f 1818//1818 2751//2751 2750//2750
f 2750//2750 2751//2751 2752//2752
f 1810//1810 2363//2363 2461//2461
f 2363//2363 2365//2365 2461//2461
f 2461//2461 2365//2365 2462//2462
f 2365//2365 2752//2752 2462//2462
f 2462//2462 2752//2752 2463//2463
f 2752//2752 2751//2751 2463//2463
f 2463//2463 2751//2751 1817//1817
f 2751//2751 1818//1818 1817//1817
f 1819//1819 2750//2750 2464//2464
f 2750//2750 2752//2752 2464//2464
f 2464//2464 2752//2752 2465//2465
f 2752//2752 2753//2753 2465//2465
f 2465//2465 2753//2753 1824//1824
f 2754//2754 2755//2755 2756//2756
f 2755//2755 2743//2743 2756//2756
f 2756//2756 2743//2743 2757//2757
f 2743//2743 2368//2368 2757//2757
f 2757//2757 2368//2368 2758//2758
f 2368//2368 2370//2370 2758//2758
f 2758//2758 2370//2370 2759//2759
f 2760//2760 2754//2754 2761//2761
f 2754//2754 2756//2756 2761//2761
f 2761//2761 2756//2756 2762//2762
f 2756//2756 2757//2757 2762//2762
f 2689//2689 2692//2692 2365//2365
f 2692//2692 2372//2372 2365//2365
f 2365//2365 2372//2372 2752//2752
f 2372//2372 2371//2371 2752//2752
f 2752//2752 2371//2371 2749//2749
f 2371//2371 2763//2763 2749//2749
f 2749//2749 2763//2763 2747//2747
f 2763//2763 2764//2764 2747//2747
f 2747//2747 2764//2764 2745//2745
f 2764//2764 2765//2765 2745//2745
f 2745//2745 2765//2765 2362//2362
f 2765//2765 2766//2766 2362//2362
f 2362//2362 2766//2766 2360//2360
f 2766//2766 2767//2767 2360//2360
f 2767//2767 2358//2358 2360//2360
f 2358//2358 2359//2359 2360//2360
f 2360//2360 2359//2359 2361//2361
f 2359//2359 2768//2768 2361//2361
f 2361//2361 2768//2768 2746//2746
f 2768//2768 2769//2769 2746//2746
f 2746//2746 2769//2769 2748//2748
f 2769//2769 2770//2770 2748//2748
f 2748//2748 2770//2770 2749//2749
f 2770//2770 2771//2771 2749//2749
f 2749//2749 2771//2771 2752//2752
f 2771//2771 2772//2772 2752//2752
f 2752//2752 2772//2772 2753//2753
f 2772//2772 1825//1825 2753//2753
f 2753//2753 1825//1825 1824//1824
f 2773//2773 2774//2774 2775//2775
f 2774//2774 2776//2776 2775//2775
f 2775//2775 2776//2776 2777//2777
f 2776//2776 2778//2778 2777//2777
f 2777//2777 2778//2778 2779//2779
f 2778//2778 2780//2780 2779//2779
f 2779//2779 2780//2780 2781//2781
f 2781//2781 2782//2782 2779//2779
f 2782//2782 2783//2783 2779//2779
f 2779//2779 2783//2783 2777//2777
f 2783//2783 2784//2784 2777//2777
f 2777//2777 2784//2784 2775//2775
f 2784//2784 2785//2785 2775//2775
f 2775//2775 2785//2785 2773//2773
f 2785//2785 2786//2786 2773//2773
f 2787//2787 2788//2788 2789//2789
f 2790//2790 2786//2786 2791//2791
f 2786//2786 2785//2785 2791//2791
f 2791//2791 2785//2785 2792//2792
f 2785//2785 2784//2784 2792//2792
f 2792//2792 2784//2784 2793//2793
f 2784//2784 2783//2783 2793//2793
f 2793//2793 2783//2783 2794//2794
f 2783//2783 2782//2782 2794//2794
f 2794//2794 2782//2782 2367//2367
f 2782//2782 2781//2781 2367//2367
f 2357//2357 2356//2356 2359//2359
f 2356//2356 2795//2795 2359//2359
f 2359//2359 2795//2795 2768//2768
f 2795//2795 2796//2796 2768//2768
f 2768//2768 2796//2796 2769//2769
f 2796//2796 2797//2797 2769//2769
f 2769//2769 2797//2797 2770//2770
f 2797//2797 2467//2467 2770//2770
f 2770//2770 2467//2467 2771//2771
f 2467//2467 2466//2466 2771//2771
f 2771//2771 2466//2466 2772//2772
f 2466//2466 1866//1866 2772//2772
f 2772//2772 1866//1866 1825//1825
f 1846//1846 1870//1870 2470//2470
f 1870//1870 2467//2467 2470//2470
f 2470//2470 2467//2467 2469//2469
f 2467//2467 2797//2797 2469//2469
f 2469//2469 2797//2797 2468//2468
f 2797//2797 2796//2796 2468//2468
f 2468//2468 2796//2796 2472//2472
f 2796//2796 2795//2795 2472//2472
f 2472//2472 2795//2795 2471//2471
f 2795//2795 2356//2356 2471//2471
f 2471//2471 2356//2356 2474//2474
f 2356//2356 2355//2355 2474//2474
f 2474//2474 2355//2355 2473//2473
f 2371//2371 2798//2798 2763//2763
f 2798//2798 2799//2799 2763//2763
f 2763//2763 2799//2799 2764//2764
f 2799//2799 2800//2800 2764//2764
f 2764//2764 2800//2800 2765//2765
f 2800//2800 2801//2801 2765//2765
f 2765//2765 2801//2801 2766//2766
f 2801//2801 2802//2802 2766//2766
f 2766//2766 2802//2802 2767//2767
f 2802//2802 2803//2803 2767//2767
f 2767//2767 2803//2803 2358//2358
f 2803//2803 2804//2804 2358//2358
f 2358//2358 2804//2804 2357//2357
f 2804//2804 2805//2805 2357//2357
f 2357//2357 2805//2805 2355//2355
f 2805//2805 2806//2806 2355//2355
f 2355//2355 2806//2806 2473//2473
f 2806//2806 2475//2475 2473//2473
f 2473//2473 2475//2475 1848//1848
f 2475//2475 1851//1851 1848//1848
f 2760//2760 2789//2789 2807//2807
f 2789//2789 2788//2788 2807//2807
f 2807//2807 2788//2788 2808//2808
f 2788//2788 2809//2809 2808//2808
f 2810//2810 2811//2811 2812//2812
f 2811//2811 1900//1900 2812//2812
f 2812//2812 1900//1900 1910//1910
f 1901//1901 1900//1900 2813//2813
f 1900//1900 2811//2811 2813//2813
f 2813//2813 2811//2811 2814//2814
f 2811//2811 2810//2810 2814//2814
f 2814//2814 2810//2810 2815//2815
f 2476//2476 2816//2816 2398//2398
f 2816//2816 2817//2817 2398//2398
f 2398//2398 2817//2817 1910//1910
f 2817//2817 2818//2818 1910//1910
f 1910//1910 2818//2818 2812//2812
f 2818//2818 2817//2817 2812//2812
f 2812//2812 2817//2817 2810//2810
f 2817//2817 2816//2816 2810//2810
f 2810//2810 2816//2816 2815//2815
f 2809//2809 2788//2788 2819//2819
f 2788//2788 2787//2787 2819//2819
f 2819//2819 2787//2787 2820//2820
f 2787//2787 2821//2821 2820//2820
f 2820//2820 2821//2821 2822//2822
f 2731//2731 2823//2823 2732//2732
f 2823//2823 2824//2824 2732//2732
f 2732//2732 2824//2824 2733//2733
f 2824//2824 2825//2825 2733//2733
f 2733//2733 2825//2825 2734//2734
f 2825//2825 2826//2826 2734//2734
f 2734//2734 2826//2826 2737//2737
f 2827//2827 2351//2351 2828//2828
f 2351//2351 2350//2350 2828//2828
f 2828//2828 2350//2350 2829//2829
f 2830//2830 2831//2831 2832//2832
f 2831//2831 2833//2833 2832//2832
f 2832//2832 2833//2833 2834//2834
f 2833//2833 2835//2835 2834//2834
f 2834//2834 2835//2835 2836//2836
f 2835//2835 2837//2837 2836//2836
f 2836//2836 2837//2837 2838//2838
f 2331//2331 2333//2333 2839//2839
f 2333//2333 2840//2840 2839//2839
f 2839//2839 2840//2840 2841//2841
f 2840//2840 2842//2842 2841//2841
f 2841//2841 2842//2842 2343//2343
f 2842//2842 2843//2843 2343//2343
f 2343//2343 2843//2843 2341//2341
f 2344//2344 2830//2830 2345//2345
f 2830//2830 2832//2832 2345//2345
f 2345//2345 2832//2832 2844//2844
f 2832//2832 2834//2834 2844//2844
f 2844//2844 2834//2834 2336//2336
f 2834//2834 2836//2836 2336//2336
f 2336//2336 2836//2836 2334//2334
f 2836//2836 2838//2838 2334//2334
f 2845//2845 2846//2846 2847//2847
f 2846//2846 2848//2848 2847//2847
f 2847//2847 2848//2848 2849//2849
f 2848//2848 2850//2850 2849//2849
f 2849//2849 2850//2850 2341//2341
f 2850//2850 2339//2339 2341//2341
f 2341//2341 2339//2339 2342//2342
f 2339//2339 2340//2340 2342//2342
f 2342//2342 2340//2340 2343//2343
f 2340//2340 2851//2851 2343//2343
f 2343//2343 2851//2851 2841//2841
f 2346//2346 2347//2347 2350//2350
f 2347//2347 2349//2349 2350//2350
f 2350//2350 2349//2349 2829//2829
f 2349//2349 2852//2852 2829//2829
f 2829//2829 2852//2852 2853//2853
f 2852//2852 2854//2854 2853//2853
f 2854//2854 2855//2855 2856//2856
f 2353//2353 2352//2352 2857//2857
f 2352//2352 2858//2858 2857//2857
f 2857//2857 2858//2858 2859//2859
f 2858//2858 2860//2860 2859//2859
f 2859//2859 2860//2860 2861//2861
f 2367//2367 2354//2354 2794//2794
f 2354//2354 2353//2353 2794//2794
f 2794//2794 2353//2353 2793//2793
f 2353//2353 2857//2857 2793//2793
f 2793//2793 2857//2857 2792//2792
f 2857//2857 2859//2859 2792//2792
f 2792//2792 2859//2859 2791//2791
f 2859//2859 2861//2861 2791//2791
f 2791//2791 2861//2861 2790//2790
f 2856//2856 2855//2855 2862//2862
f 2863//2863 2864//2864 2865//2865
f 2864//2864 2866//2866 2865//2865
f 2865//2865 2866//2866 2867//2867
f 2866//2866 2868//2868 2867//2867
f 2867//2867 2868//2868 2869//2869
f 2822//2822 2821//2821 2870//2870
f 2821//2821 2871//2871 2870//2870
f 2870//2870 2871//2871 2872//2872
f 2328//2328 2870//2870 2329//2329
f 2870//2870 2872//2872 2329//2329
f 2329//2329 2872//2872 2873//2873
f 2872//2872 2871//2871 2873//2873
f 2873//2873 2871//2871 2874//2874
f 2871//2871 2863//2863 2874//2874
f 2874//2874 2863//2863 2875//2875
f 2863//2863 2865//2865 2875//2875
f 2875//2875 2865//2865 2876//2876
f 2865//2865 2867//2867 2876//2876
f 2876//2876 2867//2867 2877//2877
f 2867//2867 2869//2869 2877//2877
f 2869//2869 2878//2878 2877//2877
f 2878//2878 2879//2879 2877//2877
f 2877//2877 2879//2879 2876//2876
f 2879//2879 2880//2880 2876//2876
f 2876//2876 2880//2880 2875//2875
f 2880//2880 2881//2881 2875//2875
f 2875//2875 2881//2881 2874//2874
f 2881//2881 2882//2882 2874//2874
f 2874//2874 2882//2882 2873//2873
f 2882//2882 2883//2883 2873//2873
f 2873//2873 2883//2883 2329//2329
f 2346//2346 2345//2345 2347//2347
f 2345//2345 2844//2844 2347//2347
f 2347//2347 2844//2844 2348//2348
f 2844//2844 2336//2336 2348//2348
f 2348//2348 2336//2336 2884//2884
f 2336//2336 2335//2335 2884//2884
f 2884//2884 2335//2335 2885//2885
f 2335//2335 2334//2334 2885//2885
f 2885//2885 2334//2334 2886//2886
f 2334//2334 2838//2838 2886//2886
f 2886//2886 2838//2838 2887//2887
f 2838//2838 2888//2888 2887//2887
f 2887//2887 2888//2888 2889//2889
f 2888//2888 2890//2890 2889//2889
f 2889//2889 2890//2890 2891//2891
f 2871//2871 2862//2862 2863//2863
f 2862//2862 2855//2855 2863//2863
f 2863//2863 2855//2855 2864//2864
f 2855//2855 2854//2854 2864//2864
f 2864//2864 2854//2854 2866//2866
f 2854//2854 2852//2852 2866//2866
f 2866//2866 2852//2852 2868//2868
f 2852//2852 2349//2349 2868//2868
f 2868//2868 2349//2349 2869//2869
f 2349//2349 2348//2348 2869//2869
f 2869//2869 2348//2348 2878//2878
f 2348//2348 2884//2884 2878//2878
f 2878//2878 2884//2884 2879//2879
f 2884//2884 2885//2885 2879//2879
f 2879//2879 2885//2885 2880//2880
f 2885//2885 2886//2886 2880//2880
f 2880//2880 2886//2886 2892//2892
f 2886//2886 2887//2887 2892//2892
f 2892//2892 2887//2887 2893//2893
f 2887//2887 2889//2889 2893//2893
f 2893//2893 2889//2889 2894//2894
f 2889//2889 2891//2891 2894//2894
f 2894//2894 2891//2891 2895//2895
f 2896//2896 2477//2477 2897//2897
f 2477//2477 2478//2478 2897//2897
f 2897//2897 2478//2478 2898//2898
f 2478//2478 2479//2479 2898//2898
f 2899//2899 2900//2900 2901//2901
f 2900//2900 2481//2481 2901//2901
f 2901//2901 2481//2481 2902//2902
f 2481//2481 1918//1918 2902//2902
f 2902//2902 1918//1918 1917//1917
f 2903//2903 2899//2899 2904//2904
f 2899//2899 2901//2901 2904//2904
f 2904//2904 2901//2901 2896//2896
f 2901//2901 2902//2902 2896//2896
f 2896//2896 2902//2902 2477//2477
f 2902//2902 1917//1917 2477//2477
f 2477//2477 1917//1917 1921//1921
f 2346//2346 2845//2845 2344//2344
f 2845//2845 2847//2847 2344//2344
f 2344//2344 2847//2847 2830//2830
f 2847//2847 2849//2849 2830//2830
f 2830//2830 2849//2849 2831//2831
f 2849//2849 2341//2341 2831//2831
f 2831//2831 2341//2341 2833//2833
f 2341//2341 2843//2843 2833//2833
f 2833//2833 2843//2843 2835//2835
f 2843//2843 2842//2842 2835//2835
f 2835//2835 2842//2842 2837//2837
f 2842//2842 2840//2840 2837//2837
f 2837//2837 2840//2840 2838//2838
f 2840//2840 2333//2333 2838//2838
f 2838//2838 2333//2333 2888//2888
f 2333//2333 2332//2332 2888//2888
f 2888//2888 2332//2332 2890//2890
f 2726//2726 2337//2337 2727//2727
f 2337//2337 2339//2339 2727//2727
f 2727//2727 2339//2339 2728//2728
f 2339//2339 2850//2850 2728//2728
f 2728//2728 2850//2850 2729//2729
f 2850//2850 2848//2848 2729//2729
f 2729//2729 2848//2848 2730//2730
f 2848//2848 2846//2846 2730//2730
f 2730//2730 2846//2846 2731//2731
f 2846//2846 2845//2845 2731//2731
f 2731//2731 2845//2845 2823//2823
f 2845//2845 2346//2346 2823//2823
f 2823//2823 2346//2346 2824//2824
f 2346//2346 2351//2351 2824//2824
f 2824//2824 2351//2351 2825//2825
f 2351//2351 2827//2827 2825//2825
f 2825//2825 2827//2827 2826//2826
f 2905//2905 2906//2906 2907//2907
f 2906//2906 2198//2198 2907//2907
f 2907//2907 2198//2198 2199//2199
f 2908//2908 2909//2909 2301//2301
f 2910//2910 2905//2905 2911//2911
f 2905//2905 2907//2907 2911//2911
f 2911//2911 2907//2907 2909//2909
f 2907//2907 2199//2199 2909//2909
f 2909//2909 2199//2199 2301//2301
f 2912//2912 2913//2913 2914//2914
f 2913//2913 2915//2915 2914//2914
f 2912//2912 2914//2914 2916//2916
f 2914//2914 2917//2917 2916//2916
f 2916//2916 2917//2917 2918//2918
f 2257//2257 2919//2919 2256//2256
f 2919//2919 2920//2920 2256//2256
f 2256//2256 2920//2920 2258//2258
f 2301//2301 2299//2299 2908//2908
f 2299//2299 2300//2300 2908//2908
f 2908//2908 2300//2300 2921//2921
f 2300//2300 2258//2258 2921//2921
f 2921//2921 2258//2258 2922//2922
f 2258//2258 2920//2920 2922//2922
f 2923//2923 2924//2924 2325//2325
f 2924//2924 2915//2915 2325//2325
f 2325//2325 2915//2915 2326//2326
f 2915//2915 2913//2913 2326//2326
f 2925//2925 2926//2926 2927//2927
f 2928//2928 2926//2926 2929//2929
f 2926//2926 2925//2925 2929//2929
f 2929//2929 2925//2925 2930//2930
f 2924//2924 2931//2931 2915//2915
f 2931//2931 2932//2932 2915//2915
f 2915//2915 2932//2932 2914//2914
f 2932//2932 2933//2933 2914//2914
f 2914//2914 2933//2933 2917//2917
f 2933//2933 2934//2934 2917//2917
f 2917//2917 2934//2934 2918//2918
f 2934//2934 2935//2935 2918//2918
f 2918//2918 2935//2935 2936//2936
f 2935//2935 2937//2937 2936//2936
f 2936//2936 2937//2937 2938//2938
f 2939//2939 2940//2940 2941//2941
f 2940//2940 2942//2942 2941//2941
f 2941//2941 2942//2942 2943//2943
f 2942//2942 2324//2324 2943//2943
f 2943//2943 2324//2324 2944//2944
f 2324//2324 2323//2323 2944//2944
f 2944//2944 2323//2323 2945//2945
f 2323//2323 2322//2322 2945//2945
f 2322//2322 2946//2946 2945//2945
f 2946//2946 2947//2947 2945//2945
f 2945//2945 2947//2947 2948//2948
f 2947//2947 2949//2949 2948//2948
f 2950//2950 2930//2930 2951//2951
f 2930//2930 2925//2925 2951//2951
f 2951//2951 2925//2925 2327//2327
f 2925//2925 2927//2927 2327//2327
f 2327//2327 2927//2927 2325//2325
f 2927//2927 2952//2952 2325//2325
f 2325//2325 2952//2952 2923//2923
f 2952//2952 2953//2953 2923//2923
f 2923//2923 2953//2953 2924//2924
f 2953//2953 2949//2949 2924//2924
f 2924//2924 2949//2949 2931//2931
f 2949//2949 2947//2947 2931//2931
f 2931//2931 2947//2947 2932//2932
f 2947//2947 2946//2946 2932//2932
f 2932//2932 2946//2946 2933//2933
f 2946//2946 2322//2322 2933//2933
f 2933//2933 2322//2322 2934//2934
f 2322//2322 2324//2324 2934//2934
f 2934//2934 2324//2324 2935//2935
f 2324//2324 2942//2942 2935//2935
f 2935//2935 2942//2942 2937//2937
f 2942//2942 2940//2940 2937//2937
f 2954//2954 2955//2955 2956//2956
f 2955//2955 2957//2957 2956//2956
f 2956//2956 2957//2957 2958//2958
f 2957//2957 2959//2959 2958//2958
f 2958//2958 2959//2959 2960//2960
f 2959//2959 2961//2961 2960//2960
f 2960//2960 2961//2961 2962//2962
f 2961//2961 2963//2963 2962//2962
f 2962//2962 2963//2963 2964//2964
f 2965//2965 2966//2966 2967//2967
f 2966//2966 2968//2968 2967//2967
f 2967//2967 2968//2968 2969//2969
f 2968//2968 2970//2970 2969//2969
f 2969//2969 2970//2970 2971//2971
f 2972//2972 2973//2973 2974//2974
f 2973//2973 2975//2975 2974//2974
f 2974//2974 2975//2975 2976//2976
f 2975//2975 2977//2977 2976//2976
f 2966//2966 2978//2978 2968//2968
f 2978//2978 2979//2979 2968//2968
f 2968//2968 2979//2979 2970//2970
f 2979//2979 2980//2980 2970//2970
f 2970//2970 2980//2980 2971//2971
f 2965//2965 2977//2977 2966//2966
f 2977//2977 2975//2975 2966//2966
f 2966//2966 2975//2975 2978//2978
f 2975//2975 2973//2973 2978//2978
f 2978//2978 2973//2973 2979//2979
f 2973//2973 2972//2972 2979//2979
f 2979//2979 2972//2972 2981//2981
f 2374//2374 2376//2376 2982//2982
f 2376//2376 2983//2983 2982//2982
f 2982//2982 2983//2983 2984//2984
f 2983//2983 2985//2985 2984//2984
f 2984//2984 2985//2985 2986//2986
f 2985//2985 2987//2987 2986//2986
f 2986//2986 2987//2987 2988//2988
f 2987//2987 2989//2989 2988//2988
f 2988//2988 2989//2989 2990//2990
f 2991//2991 2954//2954 2992//2992
f 2954//2954 2956//2956 2992//2992
f 2992//2992 2956//2956 2993//2993
f 2956//2956 2958//2958 2993//2993
f 2993//2993 2958//2958 2994//2994
f 2958//2958 2960//2960 2994//2994
f 2994//2994 2960//2960 2995//2995
f 2960//2960 2962//2962 2995//2995
f 2995//2995 2962//2962 2996//2996
f 2962//2962 2964//2964 2996//2996
f 2996//2996 2964//2964 2980//2980
f 2964//2964 2997//2997 2980//2980
f 2980//2980 2997//2997 2971//2971
f 2997//2997 2998//2998 2971//2971
f 2971//2971 2998//2998 2969//2969
f 2998//2998 2999//2999 2969//2969
f 2969//2969 2999//2999 2967//2967
f 2999//2999 3000//3000 2967//2967
f 2967//2967 3000//3000 2965//2965
f 2955//2955 2939//2939 2957//2957
f 2939//2939 2941//2941 2957//2957
f 2957//2957 2941//2941 2959//2959
f 2941//2941 2943//2943 2959//2959
f 2959//2959 2943//2943 2961//2961
f 2943//2943 2944//2944 2961//2961
f 2961//2961 2944//2944 2963//2963
f 2944//2944 2945//2945 2963//2963
f 2963//2963 2945//2945 2964//2964
f 2945//2945 2948//2948 2964//2964
f 2964//2964 2948//2948 2997//2997
f 2948//2948 2949//2949 2997//2997
f 2997//2997 2949//2949 2998//2998
f 2949//2949 2953//2953 2998//2998
f 2998//2998 2953//2953 2999//2999
f 2953//2953 2952//2952 2999//2999
f 2999//2999 2952//2952 3000//3000
f 2952//2952 2927//2927 3000//3000
f 3000//3000 2927//2927 2965//2965
f 2927//2927 2926//2926 2965//2965
f 2965//2965 2926//2926 2977//2977
f 2926//2926 2928//2928 2977//2977
f 2977//2977 2928//2928 2976//2976
f 2257//2257 2296//2296 3001//3001
f 2296//2296 2297//2297 3001//3001
f 3001//3001 2297//2297 3002//3002
f 2297//2297 2298//2298 3002//3002
f 3002//3002 2298//2298 3003//3003
f 2298//2298 2293//2293 3003//3003
f 3003//3003 2293//2293 2315//2315
f 3004//3004 2316//2316 3005//3005
f 2315//2315 2314//2314 3003//3003
f 2314//2314 2321//2321 3003//3003
f 3003//3003 2321//2321 3002//3002
f 2321//2321 2320//2320 3002//3002
f 3002//3002 2320//2320 3001//3001
f 2289//2289 2310//2310 2290//2290
f 2310//2310 2312//2312 2290//2290
f 2290//2290 2312//2312 2291//2291
f 2312//2312 3006//3006 2291//2291
f 2291//2291 3006//3006 2292//2292
f 3006//3006 2295//2295 2292//2292
f 2294//2294 2295//2295 3007//3007
f 2295//2295 3006//3006 3007//3007
f 3007//3007 3006//3006 3008//3008
f 3006//3006 2312//2312 3008//3008
f 3008//3008 2312//2312 3009//3009
f 2312//2312 2311//2311 3009//3009
f 3009//3009 2311//2311 3010//3010
f 2319//2319 2321//2321 3011//3011
f 2321//2321 2314//2314 3011//3011
f 3011//3011 2314//2314 3012//3012
f 2314//2314 2313//2313 3012//3012
f 3012//3012 2313//2313 3013//3013
f 2313//2313 3014//3014 3013//3013
f 3013//3013 3014//3014 3015//3015
f 3014//3014 3016//3016 3015//3015
f 3015//3015 3016//3016 3017//3017
f 3016//3016 3018//3018 3019//3019
f 2316//2316 2318//2318 3005//3005
f 2318//2318 3020//3020 3005//3005
f 3005//3005 3020//3020 3021//3021
f 3020//3020 3022//3022 3021//3021
f 3021//3021 3022//3022 3023//3023
f 3022//3022 3024//3024 3023//3023
f 3023//3023 3024//3024 3025//3025
f 3024//3024 3026//3026 3025//3025
f 3025//3025 3026//3026 3027//3027
f 3016//3016 3019//3019 3017//3017
f 3019//3019 3028//3028 3017//3017
f 3017//3017 3028//3028 3029//3029
f 3029//3029 3026//3026 3017//3017
f 3026//3026 3024//3024 3017//3017
f 3017//3017 3024//3024 3015//3015
f 3024//3024 3022//3022 3015//3015
f 3015//3015 3022//3022 3013//3013
f 3022//3022 3020//3020 3013//3013
f 3013//3013 3020//3020 3012//3012
f 3020//3020 2318//2318 3012//3012
f 3012//3012 2318//2318 3011//3011
f 2318//2318 2317//2317 3011//3011
f 3011//3011 2317//2317 2319//2319
f 2293//2293 2294//2294 2315//2315
f 2294//2294 3007//3007 2315//2315
f 2315//2315 3007//3007 2313//2313
f 3007//3007 3008//3008 2313//2313
f 2313//2313 3008//3008 3014//3014
f 3008//3008 3009//3009 3014//3014
f 3014//3014 3009//3009 3016//3016
f 3009//3009 3010//3010 3016//3016
f 3016//3016 3010//3010 3018//3018
f 3030//3030 2981//2981 3031//3031
f 2981//2981 2972//2972 3031//3031
f 3031//3031 2972//2972 3032//3032
f 2972//2972 2974//2974 3032//3032
f 3032//3032 2974//2974 3033//3033
f 2974//2974 2976//2976 3033//3033
f 3033//3033 2976//2976 3034//3034
f 2976//2976 2928//2928 3034//3034
f 3034//3034 2928//2928 3035//3035
f 2928//2928 2929//2929 3035//3035
f 3035//3035 2929//2929 3036//3036
f 2929//2929 2930//2930 3036//3036
f 3036//3036 2930//2930 3037//3037
f 2930//2930 2950//2950 3037//3037
f 3037//3037 2950//2950 3038//3038
f 3039//3039 3040//3040 3041//3041
f 3041//3041 3004//3004 3042//3042
f 3043//3043 3039//3039 3044//3044
f 2375//2375 2991//2991 2376//2376
f 2991//2991 2992//2992 2376//2376
f 2376//2376 2992//2992 2983//2983
f 2992//2992 2993//2993 2983//2983
f 2983//2983 2993//2993 2985//2985
f 2993//2993 2994//2994 2985//2985
f 2985//2985 2994//2994 2987//2987
f 2994//2994 2995//2995 2987//2987
f 2987//2987 2995//2995 2989//2989
f 2995//2995 2996//2996 2989//2989
f 2989//2989 2996//2996 2990//2990
f 2996//2996 2980//2980 2990//2990
f 2990//2990 2980//2980 3045//3045
f 2980//2980 2979//2979 3045//3045
f 3045//3045 2979//2979 3046//3046
f 2979//2979 2981//2981 3046//3046
f 3046//3046 2981//2981 3047//3047
f 2981//2981 3030//3030 3047//3047
f 3047//3047 3030//3030 3048//3048
f 3049//3049 3050//3050 3051//3051
f 3050//3050 3052//3052 3051//3051
f 3051//3051 3052//3052 3053//3053
f 3052//3052 3054//3054 3053//3053
f 3053//3053 3054//3054 3055//3055
f 3054//3054 3056//3056 3055//3055
f 3055//3055 3056//3056 3057//3057
f 3056//3056 3042//3042 3057//3057
f 3057//3057 3042//3042 3058//3058
f 3042//3042 3004//3004 3058//3058
f 3041//3041 3042//3042 3039//3039
f 3042//3042 3056//3056 3039//3039
f 3039//3039 3056//3056 3044//3044
f 3056//3056 3054//3054 3044//3044
f 3044//3044 3054//3054 3059//3059
f 3054//3054 3052//3052 3059//3059
f 3059//3059 3052//3052 3060//3060
f 3052//3052 3050//3050 3060//3060
f 3060//3060 3050//3050 3061//3061
f 3043//3043 3062//3062 3063//3063
f 3062//3062 3064//3064 3063//3063
f 3063//3063 3064//3064 3065//3065
f 3064//3064 3066//3066 3065//3065
f 3065//3065 3066//3066 3067//3067
f 3066//3066 3068//3068 3067//3067
f 3067//3067 3068//3068 3069//3069
f 3068//3068 3070//3070 3069//3069
f 3069//3069 3070//3070 3071//3071
f 3049//3049 3072//3072 3050//3050
f 3072//3072 3073//3073 3050//3050
f 3050//3050 3073//3073 3061//3061
f 3073//3073 3074//3074 3061//3061
f 3061//3061 3074//3074 3075//3075
f 3043//3043 3044//3044 3062//3062
f 3044//3044 3059//3059 3062//3062
f 3062//3062 3059//3059 3064//3064
f 3059//3059 3060//3060 3064//3064
f 3064//3064 3060//3060 3066//3066
f 3060//3060 3061//3061 3066//3066
f 3066//3066 3061//3061 3068//3068
f 3061//3061 3075//3075 3068//3068
f 3068//3068 3075//3075 3070//3070
f 3040//3040 3039//3039 3076//3076
f 3039//3039 3043//3043 3076//3076
f 3076//3076 3043//3043 3077//3077
f 3043//3043 3063//3063 3077//3077
f 3077//3077 3063//3063 3078//3078
f 3063//3063 3065//3065 3078//3078
f 3078//3078 3065//3065 3079//3079
f 3065//3065 3067//3067 3079//3079
f 3079//3079 3067//3067 3080//3080
f 3067//3067 3069//3069 3080//3080
f 3080//3080 3069//3069 2309//2309
f 3069//3069 3071//3071 2309//2309
f 2309//2309 3071//3071 2307//2307
f 3029//3029 3081//3081 3026//3026
f 3081//3081 3082//3082 3026//3026
f 3026//3026 3082//3082 3027//3027
f 3082//3082 3083//3083 3027//3027
f 3027//3027 3083//3083 3084//3084
f 3004//3004 3005//3005 3058//3058
f 3005//3005 3021//3021 3058//3058
f 3058//3058 3021//3021 3057//3057
f 3021//3021 3023//3023 3057//3057
f 3057//3057 3023//3023 3055//3055
f 3023//3023 3025//3025 3055//3055
f 3055//3055 3025//3025 3053//3053
f 3025//3025 3027//3027 3053//3053
f 3053//3053 3027//3027 3051//3051
f 3027//3027 3084//3084 3051//3051
f 3051//3051 3084//3084 3049//3049
f 3085//3085 2408//2408 3086//3086
f 2408//2408 2406//2406 3086//3086
f 3086//3086 2406//2406 3087//3087
f 2406//2406 2182//2182 3087//3087
f 2185//2185 2186//2186 3088//3088
f 3089//3089 2409//2409 3085//3085
f 2409//2409 2411//2411 3085//3085
f 3085//3085 2411//2411 2408//2408
f 2411//2411 2412//2412 2408//2408
f 2408//2408 2412//2412 2407//2407
f 3090//3090 3091//3091 3089//3089
f 3091//3091 3092//3092 3089//3089
f 3089//3089 3092//3092 2409//2409
f 3093//3093 3094//3094 3090//3090
f 3094//3094 3095//3095 3090//3090
f 3090//3090 3095//3095 3091//3091
f 3096//3096 2414//2414 3097//3097
f 2414//2414 2413//2413 3097//3097
f 3097//3097 2413//2413 3098//3098
f 2413//2413 2415//2415 3098//3098
f 3098//3098 2415//2415 3093//3093
f 2415//2415 2417//2417 3093//3093
f 3093//3093 2417//2417 3094//3094
f 2417//2417 2418//2418 3094//3094
f 3094//3094 2418//2418 3095//3095
f 2418//2418 3099//3099 3095//3095
f 3095//3095 3099//3099 3091//3091
f 3099//3099 3100//3100 3091//3091
f 3091//3091 3100//3100 3092//3092
f 3100//3100 3101//3101 3092//3092
f 3092//3092 3101//3101 2409//2409
f 3101//3101 3102//3102 2409//2409
f 2409//2409 3102//3102 2410//2410
f 2191//2191 2192//2192 3103//3103
f 3104//3104 2194//2194 3105//3105
f 2194//2194 2195//2195 3105//3105
f 3105//3105 2195//2195 2196//2196
f 2190//2190 2189//2189 3106//3106
f 2189//2189 3107//3107 3106//3106
f 3106//3106 3107//3107 3108//3108
f 3107//3107 3109//3109 3108//3108
f 3108//3108 3109//3109 3110//3110
f 3109//3109 3111//3111 3110//3110
f 3110//3110 3111//3111 3112//3112
f 3111//3111 3113//3113 3112//3112
f 3112//3112 3113//3113 3114//3114
f 3115//3115 3114//3114 3116//3116
f 3114//3114 3113//3113 3116//3116
f 3116//3116 3113//3113 3117//3117
f 3113//3113 3111//3111 3117//3117
f 3117//3117 3111//3111 3118//3118
f 3111//3111 3109//3109 3118//3118
f 3118//3118 3109//3109 3119//3119
f 3109//3109 3107//3107 3119//3119
f 3119//3119 3107//3107 3120//3120
f 3107//3107 2189//2189 3120//3120
f 3121//3121 3105//3105 3122//3122
f 3105//3105 2196//2196 3122//3122
f 3122//3122 2196//2196 2197//2197
f 2424//2424 3096//3096 2425//2425
f 3096//3096 3097//3097 2425//2425
f 2425//2425 3097//3097 3123//3123
f 3097//3097 3098//3098 3123//3123
f 3123//3123 3098//3098 3124//3124
f 3098//3098 3093//3093 3124//3124
f 3124//3124 3093//3093 3125//3125
f 3093//3093 3090//3090 3125//3125
f 3125//3125 3090//3090 3126//3126
f 3090//3090 3089//3089 3126//3126
f 3126//3126 3089//3089 3127//3127
f 3089//3089 3085//3085 3127//3127
f 3127//3127 3085//3085 3128//3128
f 3085//3085 3086//3086 3128//3128
f 3128//3128 3086//3086 3129//3129
f 3086//3086 3087//3087 3129//3129
f 3129//3129 3087//3087 3130//3130
f 3087//3087 2182//2182 3130//3130
f 3130//3130 2182//2182 2183//2183
f 2189//2189 2191//2191 3120//3120
f 2191//2191 3103//3103 3120//3120
f 3120//3120 3103//3103 3119//3119
f 3103//3103 3131//3131 3119//3119
f 3119//3119 3131//3131 3118//3118
f 3131//3131 3132//3132 3118//3118
f 3118//3118 3132//3132 3117//3117
f 3132//3132 3133//3133 3117//3117
f 3117//3117 3133//3133 3116//3116
f 3133//3133 3134//3134 3116//3116
f 3116//3116 3134//3134 3115//3115
f 3134//3134 3135//3135 3115//3115
f 3115//3115 3135//3135 3136//3136
f 3135//3135 3137//3137 3136//3136
f 3136//3136 3137//3137 3138//3138
f 3137//3137 3139//3139 3138//3138
f 2184//2184 2185//2185 3140//3140
f 2185//2185 3088//3088 3140//3140
f 3140//3140 3088//3088 3141//3141
f 3088//3088 3142//3142 3141//3141
f 3141//3141 3142//3142 3143//3143
f 3142//3142 3144//3144 3143//3143
f 3143//3143 3144//3144 3145//3145
f 3144//3144 3146//3146 3145//3145
f 3145//3145 3146//3146 3147//3147
f 3146//3146 3148//3148 3147//3147
f 3147//3147 3148//3148 3149//3149
f 3148//3148 3150//3150 3149//3149
f 3149//3149 3150//3150 3151//3151
f 3150//3150 3152//3152 3151//3151
f 3151//3151 3152//3152 3153//3153
f 3152//3152 3154//3154 3153//3153
f 3153//3153 3154//3154 3155//3155
f 3154//3154 3156//3156 3155//3155
f 3155//3155 3156//3156 3157//3157
f 3156//3156 3158//3158 3157//3157
f 3157//3157 3158//3158 3159//3159
f 3158//3158 3160//3160 3159//3159
f 3159//3159 3160//3160 3161//3161
f 3160//3160 3162//3162 3161//3161
f 3161//3161 3162//3162 3163//3163
f 3162//3162 3164//3164 3163//3163
f 3163//3163 3164//3164 3165//3165
f 3164//3164 3166//3166 3165//3165
f 3165//3165 3166//3166 3167//3167
f 3166//3166 2496//2496 3167//3167
f 3167//3167 2496//2496 2489//2489
f 2496//2496 2498//2498 2489//2489
f 2489//2489 2498//2498 2490//2490
f 2498//2498 2500//2500 2490//2490
f 2490//2490 2500//2500 2492//2492
f 2500//2500 2502//2502 2492//2492
f 2492//2492 2502//2502 2495//2495
f 2403//2403 2427//2427 2404//2404
f 2427//2427 2426//2426 2404//2404
f 2404//2404 2426//2426 2489//2489
f 2426//2426 2428//2428 2489//2489
f 2489//2489 2428//2428 3167//3167
f 2428//2428 2430//2430 3167//3167
f 3167//3167 2430//2430 3165//3165
f 2430//2430 2432//2432 3165//3165
f 3165//3165 2432//2432 3163//3163
f 2432//2432 2419//2419 3163//3163
f 3163//3163 2419//2419 3161//3161
f 2419//2419 2421//2421 3161//3161
f 3161//3161 2421//2421 3159//3159
f 2421//2421 2423//2423 3159//3159
f 3159//3159 2423//2423 3157//3157
f 2423//2423 2425//2425 3157//3157
f 3157//3157 2425//2425 3155//3155
f 2425//2425 3123//3123 3155//3155
f 3155//3155 3123//3123 3153//3153
f 3123//3123 3124//3124 3153//3153
f 3153//3153 3124//3124 3151//3151
f 3124//3124 3125//3125 3151//3151
f 3151//3151 3125//3125 3149//3149
f 3125//3125 3126//3126 3149//3149
f 3149//3149 3126//3126 3147//3147
f 3126//3126 3127//3127 3147//3147
f 3147//3147 3127//3127 3145//3145
f 3127//3127 3128//3128 3145//3145
f 3145//3145 3128//3128 3143//3143
f 3128//3128 3129//3129 3143//3143
f 3143//3143 3129//3129 3141//3141
f 3129//3129 3130//3130 3141//3141
f 3141//3141 3130//3130 3140//3140
f 3130//3130 2183//2183 3140//3140
f 3140//3140 2183//2183 2184//2184
f 2484//2484 3168//3168 2485//2485
f 3168//3168 3169//3169 2485//2485
f 2485//2485 3169//3169 3170//3170
f 3169//3169 3171//3171 3170//3170
f 3170//3170 3171//3171 3172//3172
f 3171//3171 3173//3173 3172//3172
f 3172//3172 3173//3173 3174//3174
f 3173//3173 3175//3175 3174//3174
f 3174//3174 3175//3175 3176//3176
f 3175//3175 3177//3177 3176//3176
f 3176//3176 3177//3177 3178//3178
f 3177//3177 3179//3179 3178//3178
f 3178//3178 3179//3179 3180//3180
f 3179//3179 3181//3181 3180//3180
f 3180//3180 3181//3181 3182//3182
f 3181//3181 3183//3183 3182//3182
f 3182//3182 3183//3183 3184//3184
f 3183//3183 3185//3185 3184//3184
f 3184//3184 3185//3185 3186//3186
f 3185//3185 3187//3187 3186//3186
f 3186//3186 3187//3187 3188//3188
f 3187//3187 3189//3189 3188//3188
f 3188//3188 3189//3189 3190//3190
f 3189//3189 3191//3191 3190//3190
f 3190//3190 3191//3191 3192//3192
f 3191//3191 2188//2188 3192//3192
f 3192//3192 2188//2188 2187//2187
f 2544//2544 3193//3193 3194//3194
f 3193//3193 3195//3195 3194//3194
f 3194//3194 3195//3195 3196//3196
f 3195//3195 3197//3197 3196//3196
f 3196//3196 3197//3197 3198//3198
f 3197//3197 3199//3199 3198//3198
f 3198//3198 3199//3199 3200//3200
f 3199//3199 3201//3201 3200//3200
f 3200//3200 3201//3201 3139//3139
f 3201//3201 3202//3202 3139//3139
f 3139//3139 3202//3202 3138//3138
f 1886//1886 2449//2449 2450//2450
f 2449//2449 2507//2507 2450//2450
f 2450//2450 2507//2507 2538//2538
f 2507//2507 2533//2533 2538//2538
f 2538//2538 2533//2533 2539//2539
f 2533//2533 2534//2534 2539//2539
f 2539//2539 2534//2534 2392//2392
f 2534//2534 2535//2535 2392//2392
f 2392//2392 2535//2535 2552//2552
f 2535//2535 2532//2532 2552//2552
f 2552//2552 2532//2532 2550//2550
f 2532//2532 2531//2531 2550//2550
f 2550//2550 2531//2531 2548//2548
f 2531//2531 2530//2530 2548//2548
f 2548//2548 2530//2530 2546//2546
f 2530//2530 2529//2529 2546//2546
f 2546//2546 2529//2529 2544//2544
f 2529//2529 2482//2482 2544//2544
f 2544//2544 2482//2482 3193//3193
f 2482//2482 2485//2485 3193//3193
f 3193//3193 2485//2485 3195//3195
f 2485//2485 3170//3170 3195//3195
f 3195//3195 3170//3170 3197//3197
f 3170//3170 3172//3172 3197//3197
f 3197//3197 3172//3172 3199//3199
f 3172//3172 3174//3174 3199//3199
f 3199//3199 3174//3174 3201//3201
f 3174//3174 3176//3176 3201//3201
f 3201//3201 3176//3176 3202//3202
f 3176//3176 3178//3178 3202//3202
f 3202//3202 3178//3178 3138//3138
f 3178//3178 3180//3180 3138//3138
f 3138//3138 3180//3180 3136//3136
f 3180//3180 3182//3182 3136//3136
f 3136//3136 3182//3182 3115//3115
f 3182//3182 3184//3184 3115//3115
f 3115//3115 3184//3184 3114//3114
f 3184//3184 3186//3186 3114//3114
f 3114//3114 3186//3186 3112//3112
f 3186//3186 3188//3188 3112//3112
f 3112//3112 3188//3188 3110//3110
f 3188//3188 3190//3190 3110//3110
f 3110//3110 3190//3190 3108//3108
f 3190//3190 3192//3192 3108//3108
f 3108//3108 3192//3192 3106//3106
f 3192//3192 2187//2187 3106//3106
f 3106//3106 2187//2187 2190//2190
f 2438//2438 2493//2493 2437//2437
f 2493//2493 2494//2494 2437//2437
f 2437//2437 2494//2494 2508//2508
f 2494//2494 2495//2495 2508//2508
f 2508//2508 2495//2495 2396//2396
f 2495//2495 2502//2502 2396//2396
f 2396//2396 2502//2502 2397//2397
f 2502//2502 2501//2501 2397//2397
f 2397//2397 2501//2501 2518//2518
f 2501//2501 2499//2499 2518//2518
f 2518//2518 2499//2499 2517//2517
f 2499//2499 2497//2497 2517//2517
f 2517//2517 2497//2497 2516//2516
f 2497//2497 2496//2496 2516//2516
f 2516//2516 2496//2496 2483//2483
f 2496//2496 3166//3166 2483//2483
f 2483//2483 3166//3166 2484//2484
f 3166//3166 3164//3164 2484//2484
f 2484//2484 3164//3164 3168//3168
f 3164//3164 3162//3162 3168//3168
f 3168//3168 3162//3162 3169//3169
f 3162//3162 3160//3160 3169//3169
f 3169//3169 3160//3160 3171//3171
f 3160//3160 3158//3158 3171//3171
f 3171//3171 3158//3158 3173//3173
f 3158//3158 3156//3156 3173//3173
f 3173//3173 3156//3156 3175//3175
f 3156//3156 3154//3154 3175//3175
f 3175//3175 3154//3154 3177//3177
f 3154//3154 3152//3152 3177//3177
f 3177//3177 3152//3152 3179//3179
f 3152//3152 3150//3150 3179//3179
f 3179//3179 3150//3150 3181//3181
f 3150//3150 3148//3148 3181//3181
f 3181//3181 3148//3148 3183//3183
f 3148//3148 3146//3146 3183//3183
f 3183//3183 3146//3146 3185//3185
f 3146//3146 3144//3144 3185//3185
f 3185//3185 3144//3144 3187//3187
f 3144//3144 3142//3142 3187//3187
f 3187//3187 3142//3142 3189//3189
f 3142//3142 3088//3088 3189//3189
f 3189//3189 3088//3088 3191//3191
f 3088//3088 2186//2186 3191//3191
f 3191//3191 2186//2186 2188//2188
f 3203//3203 3204//3204 3205//3205
f 3204//3204 3206//3206 3205//3205
f 3205//3205 3206//3206 3207//3207
f 3206//3206 3208//3208 3207//3207
f 3207//3207 3208//3208 3209//3209
f 3104//3104 3210//3210 3211//3211
f 3210//3210 3212//3212 3211//3211
f 3211//3211 3212//3212 3213//3213
f 3212//3212 3214//3214 3213//3213
f 3213//3213 3214//3214 3215//3215
f 3214//3214 3216//3216 3215//3215
f 3215//3215 3216//3216 3217//3217
f 3216//3216 3218//3218 3217//3217
f 3217//3217 3218//3218 3219//3219
f 3218//3218 3220//3220 3219//3219
f 3219//3219 3220//3220 3221//3221
f 3220//3220 3222//3222 3221//3221
f 3104//3104 3105//3105 3210//3210
f 3105//3105 3121//3121 3210//3210
f 3210//3210 3121//3121 3212//3212
f 3121//3121 3223//3223 3212//3212
f 3212//3212 3223//3223 3214//3214
f 3223//3223 3224//3224 3214//3214
f 3214//3214 3224//3224 3216//3216
f 3224//3224 3225//3225 3216//3216
f 3216//3216 3225//3225 3218//3218
f 3225//3225 2305//2305 3218//3218
f 3218//3218 2305//2305 3220//3220
f 2305//2305 2306//2306 3220//3220
f 3220//3220 2306//2306 3222//3222
f 2303//2303 2302//2302 3226//3226
f 2302//2302 3227//3227 3226//3226
f 3226//3226 3227//3227 3228//3228
f 3077//3077 3048//3048 3076//3076
f 3048//3048 3030//3030 3076//3076
f 3076//3076 3030//3030 3040//3040
f 3030//3030 3031//3031 3040//3040
f 3040//3040 3031//3031 3041//3041
f 3031//3031 3032//3032 3041//3041
f 3041//3041 3032//3032 3004//3004
f 3032//3032 3033//3033 3004//3004
f 3004//3004 3033//3033 2316//2316
f 3033//3033 3034//3034 2316//2316
f 2316//2316 3034//3034 2317//2317
f 3034//3034 3035//3035 2317//2317
f 2317//2317 3035//3035 2319//2319
f 3035//3035 3036//3036 2319//2319
f 2319//2319 3036//3036 2320//2320
f 3036//3036 3037//3037 2320//2320
f 2320//2320 3037//3037 3001//3001
f 3037//3037 3038//3038 3001//3001
f 3001//3001 3038//3038 2257//2257
f 3038//3038 2950//2950 2257//2257
f 2257//2257 2950//2950 2919//2919
f 2950//2950 2951//2951 2919//2919
f 2919//2919 2951//2951 2920//2920
f 2951//2951 2327//2327 2920//2920
f 2920//2920 2327//2327 2922//2922
f 2327//2327 2326//2326 2922//2922
f 2922//2922 2326//2326 2921//2921
f 2326//2326 2913//2913 2921//2921
f 2921//2921 2913//2913 2908//2908
f 2913//2913 2912//2912 2908//2908
f 2908//2908 2912//2912 2909//2909
f 2912//2912 2916//2916 2909//2909
f 2909//2909 2916//2916 2911//2911
f 2916//2916 2918//2918 2911//2911
f 2911//2911 2918//2918 2910//2910
f 2918//2918 2936//2936 2910//2910
f 2910//2910 2936//2936 3228//3228
f 2936//2936 2938//2938 3228//3228
f 3228//3228 2938//2938 3226//3226
f 3229//3229 3230//3230 3231//3231
f 3230//3230 3232//3232 3231//3231
f 3233//3233 3209//3209 3234//3234
f 3209//3209 3208//3208 3234//3234
f 3234//3234 3208//3208 3235//3235
f 3208//3208 3206//3206 3235//3235
f 3235//3235 3206//3206 3236//3236
f 3206//3206 3204//3204 3236//3236
f 3236//3236 3204//3204 3237//3237
f 3204//3204 3203//3203 3237//3237
f 3237//3237 3203//3203 3238//3238
f 3203//3203 3239//3239 3238//3238
f 3238//3238 3239//3239 3240//3240
f 3239//3239 3241//3241 3240//3240
f 3240//3240 3241//3241 3242//3242
f 3241//3241 3243//3243 3242//3242
f 3242//3242 3243//3243 3244//3244
f 3243//3243 3245//3245 3244//3244
f 3244//3244 3245//3245 3246//3246
f 3245//3245 2579//2579 3246//3246
f 3246//3246 2579//2579 2524//2524
f 2579//2579 2581//2581 2524//2524
f 2524//2524 2581//2581 2525//2525
f 2581//2581 2583//2583 2525//2525
f 2525//2525 2583//2583 2527//2527
f 2583//2583 2540//2540 2527//2527
f 2527//2527 2540//2540 2528//2528
f 2540//2540 2542//2542 2528//2528
f 2528//2528 2542//2542 3247//3247
f 2542//2542 2543//2543 3247//3247
f 3247//3247 2543//2543 3248//3248
f 2543//2543 2587//2587 3248//3248
f 3248//3248 2587//2587 3249//3249
f 3250//3250 3229//3229 3251//3251
f 3229//3229 3231//3231 3251//3251
f 3251//3251 3231//3231 3252//3252
f 3231//3231 3232//3232 3252//3252
f 3252//3252 3232//3232 3253//3253
f 2653//2653 3249//3249 2654//2654
f 3249//3249 2587//2587 2654//2654
f 2654//2654 2587//2587 2655//2655
f 2587//2587 2586//2586 2655//2655
f 2655//2655 2586//2586 2656//2656
f 2586//2586 2585//2585 2656//2656
f 2656//2656 2585//2585 2657//2657
f 2585//2585 2584//2584 2657//2657
f 2657//2657 2584//2584 2658//2658
f 2584//2584 2582//2582 2658//2658
f 2658//2658 2582//2582 2659//2659
f 2582//2582 2580//2580 2659//2659
f 2659//2659 2580//2580 2660//2660
f 2580//2580 2579//2579 2660//2660
f 2660//2660 2579//2579 2564//2564
f 2579//2579 3245//3245 2564//2564
f 2564//2564 3245//3245 2562//2562
f 3245//3245 3243//3243 2562//2562
f 2562//2562 3243//3243 3254//3254
f 3243//3243 3241//3241 3254//3254
f 3254//3254 3241//3241 3250//3250
f 3241//3241 3239//3239 3250//3250
f 3250//3250 3239//3239 3229//3229
f 3239//3239 3203//3203 3229//3229
f 2695//2695 2649//2649 2696//2696
f 2649//2649 2650//2650 2696//2696
f 2696//2696 2650//2650 3255//3255
f 2650//2650 2651//2651 3255//3255
f 3255//3255 2651//2651 3256//3256
f 2651//2651 2556//2556 3256//3256
f 3256//3256 2556//2556 3257//3257
f 2556//2556 2558//2558 3257//3257
f 3257//3257 2558//2558 3258//3258
f 2558//2558 2560//2560 3258//3258
f 3258//3258 2560//2560 3259//3259
f 2560//2560 2561//2561 3259//3259
f 3259//3259 2561//2561 3260//3260
f 3261//3261 3262//3262 3263//3263
f 3262//3262 3264//3264 3263//3263
f 3263//3263 3264//3264 3265//3265
f 3264//3264 3266//3266 3265//3265
f 3265//3265 3266//3266 3267//3267
f 3266//3266 3268//3268 3267//3267
f 3267//3267 3268//3268 3269//3269
f 3268//3268 3270//3270 3269//3269
f 3269//3269 3270//3270 3271//3271
f 3270//3270 3272//3272 3271//3271
f 3271//3271 3272//3272 3273//3273
f 3272//3272 3274//3274 3273//3273
f 3273//3273 3274//3274 3275//3275
f 3274//3274 3276//3276 3275//3275
f 3275//3275 3276//3276 3277//3277
f 2895//2895 2903//2903 2894//2894
f 2903//2903 2904//2904 2894//2894
f 2894//2894 2904//2904 2893//2893
f 2904//2904 2896//2896 2893//2893
f 2893//2893 2896//2896 2892//2892
f 2896//2896 2897//2897 2892//2892
f 2892//2892 2897//2897 2880//2880
f 2897//2897 2898//2898 2880//2880
f 2880//2880 2898//2898 2881//2881
f 2898//2898 2479//2479 2881//2881
f 2881//2881 2479//2479 2882//2882
f 2479//2479 2480//2480 2882//2882
f 2882//2882 2480//2480 2883//2883
f 2480//2480 1916//1916 2883//2883
f 2883//2883 1916//1916 2329//2329
f 1916//1916 1901//1901 2329//2329
f 2329//2329 1901//1901 2330//2330
f 1901//1901 2813//2813 2330//2330
f 2330//2330 2813//2813 2328//2328
f 2813//2813 2814//2814 2328//2328
f 2328//2328 2814//2814 2870//2870
f 2814//2814 2815//2815 2870//2870
f 2870//2870 2815//2815 2822//2822
f 2815//2815 2816//2816 2822//2822
f 2822//2822 2816//2816 2820//2820
f 2816//2816 2476//2476 2820//2820
f 2820//2820 2476//2476 2819//2819
f 2476//2476 2475//2475 2819//2819
f 2819//2819 2475//2475 2809//2809
f 2475//2475 2806//2806 2809//2809
f 2809//2809 2806//2806 2808//2808
f 2806//2806 2805//2805 2808//2808
f 2808//2808 2805//2805 2807//2807
f 2805//2805 2804//2804 2807//2807
f 2807//2807 2804//2804 2760//2760
f 2804//2804 2803//2803 2760//2760
f 2760//2760 2803//2803 2754//2754
f 2803//2803 2802//2802 2754//2754
f 2754//2754 2802//2802 2755//2755
f 2802//2802 2801//2801 2755//2755
f 2755//2755 2801//2801 2743//2743
f 2801//2801 2800//2800 2743//2743
f 2743//2743 2800//2800 2744//2744
f 2800//2800 2799//2799 2744//2744
f 2744//2744 2799//2799 3278//3278
f 2799//2799 2798//2798 3278//3278
f 3278//3278 2798//2798 3261//3261
f 2798//2798 2371//2371 3261//3261
f 3261//3261 2371//2371 3262//3262
f 2371//2371 2373//2373 3262//3262
f 3262//3262 2373//2373 3264//3264
f 2373//2373 2696//2696 3264//3264
f 3264//3264 2696//2696 3266//3266
f 2696//2696 3255//3255 3266//3266
f 3266//3266 3255//3255 3268//3268
f 3255//3255 3256//3256 3268//3268
f 3268//3268 3256//3256 3270//3270
f 3256//3256 3257//3257 3270//3270
f 3270//3270 3257//3257 3272//3272
f 3257//3257 3258//3258 3272//3272
f 3272//3272 3258//3258 3274//3274
f 3258//3258 3259//3259 3274//3274
f 3274//3274 3259//3259 3276//3276
f 3259//3259 3260//3260 3276//3276
f 3276//3276 3260//3260 3277//3277
f 1810//1810 1822//1822 2363//2363
f 1822//1822 1821//1821 2363//2363
f 2363//2363 1821//1821 2364//2364
f 1821//1821 1820//1820 2364//2364
f 2364//2364 1820//1820 2691//2691
f 1820//1820 1845//1845 2691//2691
f 2691//2691 1845//1845 2690//2690
f 1845//1845 1844//1844 2690//2690
f 2690//2690 1844//1844 2688//2688
f 1844//1844 2377//2377 2688//2688
f 2688//2688 2377//2377 2689//2689
f 2377//2377 2379//2379 2689//2689
f 2689//2689 2379//2379 2692//2692
f 2379//2379 2687//2687 2692//2692
f 2692//2692 2687//2687 2693//2693
f 2687//2687 2667//2667 2693//2693
f 2693//2693 2667//2667 2694//2694
f 2667//2667 2666//2666 2694//2694
f 2694//2694 2666//2666 2695//2695
f 2666//2666 2665//2665 2695//2695
f 2695//2695 2665//2665 2649//2649
f 2665//2665 2663//2663 2649//2649
f 2649//2649 2663//2663 2645//2645
f 2663//2663 2662//2662 2645//2645
f 2645//2645 2662//2662 2571//2571
f 2662//2662 2661//2661 2571//2571
f 2571//2571 2661//2661 2570//2570
f 2661//2661 2563//2563 2570//2570
f 2570//2570 2563//2563 2568//2568
f 2563//2563 2562//2562 2568//2568
f 2568//2568 2562//2562 2648//2648
f 2562//2562 3254//3254 2648//2648
f 2648//2648 3254//3254 2557//2557
f 3254//3254 3250//3250 2557//2557
f 2557//2557 3250//3250 2559//2559
f 3250//3250 3251//3251 2559//2559
f 2559//2559 3251//3251 2561//2561
f 3251//3251 3252//3252 2561//2561
f 2561//2561 3252//3252 3260//3260
f 3252//3252 3253//3253 3260//3260
f 3260//3260 3253//3253 3277//3277
f 1835//1835 1836//1836 2455//2455
f 1836//1836 1837//1837 2455//2455
f 2455//2455 1837//1837 2453//2453
f 1837//1837 2452//2452 2453//2453
f 2453//2453 2452//2452 2652//2652
f 2452//2452 2554//2554 2652//2652
f 2652//2652 2554//2554 2653//2653
f 2554//2554 2553//2553 2653//2653
f 2653//2653 2553//2553 3249//3249
f 2553//2553 2551//2551 3249//3249
f 3249//3249 2551//2551 3248//3248
f 2551//2551 2549//2549 3248//3248
f 3248//3248 2549//2549 3247//3247
f 2549//2549 2547//2547 3247//3247
f 3247//3247 2547//2547 2528//2528
f 2547//2547 2545//2545 2528//2528
f 2528//2528 2545//2545 2526//2526
f 2545//2545 2544//2544 2526//2526
f 2526//2526 2544//2544 2524//2524
f 2544//2544 3194//3194 2524//2524
f 2524//2524 3194//3194 3246//3246
f 3194//3194 3196//3196 3246//3246
f 3246//3246 3196//3196 3244//3244
f 3196//3196 3198//3198 3244//3244
f 3244//3244 3198//3198 3242//3242
f 3198//3198 3200//3200 3242//3242
f 3242//3242 3200//3200 3240//3240
f 3200//3200 3139//3139 3240//3240
f 3240//3240 3139//3139 3238//3238
f 3139//3139 3137//3137 3238//3238
f 3238//3238 3137//3137 3237//3237
f 3137//3137 3135//3135 3237//3237
f 3237//3237 3135//3135 3236//3236
f 3135//3135 3134//3134 3236//3236
f 3236//3236 3134//3134 3235//3235
f 3134//3134 3133//3133 3235//3235
f 3235//3235 3133//3133 3234//3234
f 3133//3133 3132//3132 3234//3234
f 3234//3234 3132//3132 3233//3233
f 3132//3132 3131//3131 3233//3233
f 3233//3233 3131//3131 3279//3279
f 3131//3131 3103//3103 3279//3279
f 3279//3279 3103//3103 3280//3280
f 3103//3103 2192//2192 3280//3280
f 3280//3280 2192//2192 2193//2193
f 2304//2304 2305//2305 2302//2302
f 2305//2305 3225//3225 2302//2302
f 2302//2302 3225//3225 3227//3227
f 3225//3225 3224//3224 3227//3227
f 3227//3227 3224//3224 3228//3228
f 3224//3224 3223//3223 3228//3228
f 3228//3228 3223//3223 2910//2910
f 3223//3223 3121//3121 2910//2910
f 2910//2910 3121//3121 2905//2905
f 3121//3121 3122//3122 2905//2905
f 2905//2905 3122//3122 2906//2906
f 3122//3122 2197//2197 2906//2906
f 2906//2906 2197//2197 2198//2198
f 2308//2308 2724//2724 2309//2309
f 2724//2724 2716//2716 2309//2309
f 2309//2309 2716//2716 3080//3080
f 2716//2716 2718//2718 3080//3080
f 3080//3080 2718//2718 3079//3079
f 2718//2718 2720//2720 3079//3079
f 3079//3079 2720//2720 3078//3078
f 2720//2720 2722//2722 3078//3078
f 3078//3078 2722//2722 3077//3077
f 2722//2722 2706//2706 3077//3077
f 3077//3077 2706//2706 3048//3048
f 2706//2706 2708//2708 3048//3048
f 3048//3048 2708//2708 3047//3047
f 2708//2708 2710//2710 3047//3047
f 3047//3047 2710//2710 3046//3046
f 2710//2710 2712//2712 3046//3046
f 3046//3046 2712//2712 3045//3045
f 2712//2712 2714//2714 3045//3045
f 3045//3045 2714//2714 2990//2990
f 2714//2714 2701//2701 2990//2990
f 2990//2990 2701//2701 2988//2988
f 2701//2701 2700//2700 2988//2988
f 2988//2988 2700//2700 2986//2986
f 2700//2700 2698//2698 2986//2986
f 2986//2986 2698//2698 2984//2984
f 2698//2698 2697//2697 2984//2984
f 2984//2984 2697//2697 2982//2982
f 2697//2697 2702//2702 2982//2982
f 2982//2982 2702//2702 2374//2374
f 2702//2702 2741//2741 2374//2374
f 2374//2374 2741//2741 2375//2375
f 2759//2759 2366//2366 2758//2758
f 2366//2366 2367//2367 2758//2758
f 2758//2758 2367//2367 2757//2757
f 2367//2367 2781//2781 2757//2757
f 2757//2757 2781//2781 2762//2762
f 2781//2781 2780//2780 2762//2762
f 2762//2762 2780//2780 2761//2761
f 2780//2780 2778//2778 2761//2761
f 2761//2761 2778//2778 2760//2760
f 2778//2778 2776//2776 2760//2760
f 2760//2760 2776//2776 2789//2789
f 2776//2776 2774//2774 2789//2789
f 2789//2789 2774//2774 2787//2787
f 2774//2774 2773//2773 2787//2787
f 2787//2787 2773//2773 2821//2821
f 2773//2773 2786//2786 2821//2821
f 2821//2821 2786//2786 2871//2871
f 2786//2786 2790//2790 2871//2871
f 2871//2871 2790//2790 2862//2862
f 2790//2790 2861//2861 2862//2862
f 2862//2862 2861//2861 2856//2856
f 2861//2861 2860//2860 2856//2856
f 2856//2856 2860//2860 2854//2854
f 2860//2860 2858//2858 2854//2854
f 2854//2854 2858//2858 2853//2853
f 2858//2858 2352//2352 2853//2853
f 2853//2853 2352//2352 2829//2829
f 2352//2352 2354//2354 2829//2829
f 2829//2829 2354//2354 2828//2828
f 2354//2354 2366//2366 2828//2828
f 2828//2828 2366//2366 2827//2827
f 2366//2366 2759//2759 2827//2827
f 2827//2827 2759//2759 2826//2826
f 2759//2759 2370//2370 2826//2826
f 2826//2826 2370//2370 2737//2737
f 2370//2370 2369//2369 2737//2737
f 2737//2737 2369//2369 2738//2738
f 2369//2369 2742//2742 2738//2738
f 2738//2738 2742//2742 2739//2739
f 2742//2742 2744//2744 2739//2739
f 2739//2739 2744//2744 2740//2740
f 2744//2744 3278//3278 2740//2740
f 2740//2740 3278//3278 2741//2741
f 3278//3278 3261//3261 2741//2741
f 2741//2741 3261//3261 2375//2375
f 3261//3261 3263//3263 2375//2375
f 2375//2375 3263//3263 2991//2991
f 3263//3263 3265//3265 2991//2991
f 2991//2991 3265//3265 2954//2954
f 3265//3265 3267//3267 2954//2954
f 2954//2954 3267//3267 2955//2955
f 3267//3267 3269//3269 2955//2955
f 2955//2955 3269//3269 2939//2939
f 3269//3269 3271//3271 2939//2939
f 2939//2939 3271//3271 2940//2940
f 3271//3271 3273//3273 2940//2940
f 2940//2940 3273//3273 2937//2937
f 3273//3273 3275//3275 2937//2937
f 2937//2937 3275//3275 2938//2938
f 3275//3275 3277//3277 2938//2938
f 2938//2938 3277//3277 3226//3226
f 3277//3277 3253//3253 3226//3226
f 3226//3226 3253//3253 2303//2303
f 3253//3253 3232//3232 2303//2303
f 2303//2303 3232//3232 2304//2304
f 3232//3232 3230//3230 2304//2304
f 2304//2304 3230//3230 2306//2306
f 3230//3230 3229//3229 2306//2306
f 2306//2306 3229//3229 3222//3222
f 3229//3229 3203//3203 3222//3222
f 3222//3222 3203//3203 3221//3221
f 3203//3203 3205//3205 3221//3221
f 3221//3221 3205//3205 3219//3219
f 3205//3205 3207//3207 3219//3219
f 3219//3219 3207//3207 3217//3217
f 3207//3207 3209//3209 3217//3217
f 3217//3217 3209//3209 3215//3215
f 3209//3209 3233//3233 3215//3215
f 3215//3215 3233//3233 3213//3213
f 3233//3233 3279//3279 3213//3213
f 3213//3213 3279//3279 3211//3211
f 3279//3279 3280//3280 3211//3211
f 3211//3211 3280//3280 3104//3104
f 3280//3280 2193//2193 3104//3104
f 3104//3104 2193//2193 2194//2194
f 3281//3281 3282//3282 3283//3283
f 2271//2271 2260//2260 3284//3284
f 2278//2278 2261//2261 3285//3285
f 3286//3286 3287//3287 2246//2246
f 3288//3288 3289//3289 3290//3290
f 3291//3291 3292//3292 3289//3289
f 3293//3293 3294//3294 3292//3292
f 3295//3295 3296//3296 3297//3297
f 3298//3298 3299//3299 3300//3300
f 3284//3284 2260//2260 3301//3301
f 1892//1892 1891//1891 3302//3302
f 3303//3303 3304//3304 3305//3305
f 3306//3306 1907//1907 1906//1906
f 3307//3307 3308//3308 3309//3309
f 3310//3310 3311//3311 3312//3312
f 3313//3313 3314//3314 3315//3315
f 3316//3316 3317//3317 3318//3318
f 1897//1897 1896//1896 3319//3319
f 3320//3320 3321//3321 3322//3322
f 1899//1899 1898//1898 3323//3323
f 2440//2440 2442//2442 3324//3324
f 2839//2839 2841//2841 3325//3325
f 3082//3082 3081//3081 3326//3326
f 3029//3029 3028//3028 3327//3327
f 3019//3019 3018//3018 3328//3328
f 2311//2311 2310//2310 3329//3329
f 2311//2311 3329//3329 3010//3010
f 3084//3084 3083//3083 3330//3330
f 3083//3083 3082//3082 3330//3330
f 3084//3084 3331//3331 3049//3049
f 3331//3331 3332//3332 3049//3049
f 3049//3049 3332//3332 3072//3072
f 3072//3072 3332//3332 3073//3073
f 3332//3332 3333//3333 3073//3073
f 3073//3073 3333//3333 3074//3074
f 3074//3074 3333//3333 3075//3075
f 3333//3333 3334//3334 3075//3075
f 3075//3075 3334//3334 3070//3070
f 3070//3070 3334//3334 3071//3071
f 3334//3334 3335//3335 3071//3071
f 3071//3071 3335//3335 2307//2307
f 3336//3336 2725//2725 3337//3337
f 2725//2725 2724//2724 3337//3337
f 3337//3337 2724//2724 3335//3335
f 2724//2724 2308//2308 3335//3335
f 3335//3335 2308//2308 2307//2307
f 2851//2851 2340//2340 3338//3338
f 2340//2340 2338//2338 3338//3338
f 3338//3338 2338//2338 3339//3339
f 2338//2338 2337//2337 3339//3339
f 3339//3339 2337//2337 3336//3336
f 2337//2337 2726//2726 3336//3336
f 3336//3336 2726//2726 2725//2725
f 2839//2839 3325//3325 2331//2331
f 2890//2890 2332//2332 3340//3340
f 3341//3341 2895//2895 3342//3342
f 2895//2895 2891//2891 3342//3342
f 3342//3342 2891//2891 3343//3343
f 2900//2900 2899//2899 3341//3341
f 2899//2899 2903//2903 3341//3341
f 3341//3341 2903//2903 2895//2895
f 1903//1903 1902//1902 2481//2481
f 3341//3341 3344//3344 2900//2900
f 3344//3344 3345//3345 2900//2900
f 2900//2900 3345//3345 2481//2481
f 3345//3345 1904//1904 2481//2481
f 2481//2481 1904//1904 1903//1903
f 2446//2446 2523//2523 3346//3346
f 2523//2523 3347//3347 3346//3346
f 3346//3346 3347//3347 3348//3348
f 2435//2435 3349//3349 2436//2436
f 3349//3349 3350//3350 2436//2436
f 2436//2436 3350//3350 2438//2438
f 3350//3350 2399//2399 2438//2438
f 3351//3351 2486//2486 2400//2400
f 3352//3352 2431//2431 2429//2429
f 3353//3353 2434//2434 2433//2433
f 3354//3354 2424//2424 3355//3355
f 2424//2424 2422//2422 3355//3355
f 3355//3355 2422//2422 3356//3356
f 2422//2422 2420//2420 3356//3356
f 2418//2418 2416//2416 3357//3357
f 2416//2416 2414//2414 3357//3357
f 3100//3100 3099//3099 3358//3358
f 3099//3099 2418//2418 3358//3358
f 3102//3102 3101//3101 3359//3359
f 3101//3101 3100//3100 3359//3359
f 3360//3360 2412//2412 2410//2410
f 3361//3361 2405//2405 2407//2407
f 2181//2181 2405//2405 2180//2180
f 2405//2405 3361//3361 2180//2180
f 2180//2180 3361//3361 2177//2177
f 3361//3361 3362//3362 2177//2177
f 2177//2177 3362//3362 2152//2152
f 3363//3363 3325//3325 3338//3338
f 3325//3325 2841//2841 3338//3338
f 3338//3338 2841//2841 2851//2851
f 3364//3364 3365//3365 3366//3366
f 3365//3365 3367//3367 3366//3366
f 3366//3366 3367//3367 3368//3368
f 3367//3367 3369//3369 3368//3368
f 3368//3368 3369//3369 3370//3370
f 3369//3369 3371//3371 3370//3370
f 3370//3370 3371//3371 3372//3372
f 3371//3371 3373//3373 3372//3372
f 3372//3372 3373//3373 3374//3374
f 3373//3373 3375//3375 3374//3374
f 3374//3374 3375//3375 3340//3340
f 3375//3375 3376//3376 3340//3340
f 3340//3340 3376//3376 2890//2890
f 1896//1896 1905//1905 3319//3319
f 1905//1905 3377//3377 3319//3319
f 3319//3319 3377//3377 3378//3378
f 3377//3377 3379//3379 3378//3378
f 3378//3378 3379//3379 3380//3380
f 3379//3379 3381//3381 3380//3380
f 3380//3380 3381//3381 3382//3382
f 3381//3381 3383//3383 3382//3382
f 3382//3382 3383//3383 3384//3384
f 3383//3383 3385//3385 3384//3384
f 3384//3384 3385//3385 3386//3386
f 3385//3385 3387//3387 3386//3386
f 3386//3386 3387//3387 3388//3388
f 3387//3387 3389//3389 3388//3388
f 1905//1905 1904//1904 3377//3377
f 1904//1904 3345//3345 3377//3377
f 3377//3377 3345//3345 3379//3379
f 3345//3345 3344//3344 3379//3379
f 3379//3379 3344//3344 3381//3381
f 3344//3344 3341//3341 3381//3381
f 3381//3381 3341//3341 3383//3383
f 3341//3341 3342//3342 3383//3383
f 3383//3383 3342//3342 3385//3385
f 3342//3342 3343//3343 3385//3385
f 3385//3385 3343//3343 3387//3387
f 3365//3365 3390//3390 3367//3367
f 3390//3390 3391//3391 3367//3367
f 3367//3367 3391//3391 3369//3369
f 3391//3391 3392//3392 3369//3369
f 3369//3369 3392//3392 3371//3371
f 3392//3392 3393//3393 3371//3371
f 3371//3371 3393//3393 3373//3373
f 3393//3393 3389//3389 3373//3373
f 3373//3373 3389//3389 3375//3375
f 3389//3389 3387//3387 3375//3375
f 3375//3375 3387//3387 3376//3376
f 3387//3387 3343//3343 3376//3376
f 3376//3376 3343//3343 2890//2890
f 3343//3343 2891//2891 2890//2890
f 1911//1911 1899//1899 3394//3394
f 1899//1899 3323//3323 3394//3394
f 3394//3394 3323//3323 3395//3395
f 3323//3323 3396//3396 3395//3395
f 3395//3395 3396//3396 3397//3397
f 3396//3396 3398//3398 3397//3397
f 3397//3397 3398//3398 3399//3399
f 3398//3398 3400//3400 3399//3399
f 3399//3399 3400//3400 3401//3401
f 3400//3400 3402//3402 3401//3401
f 3401//3401 3402//3402 3403//3403
f 3402//3402 3404//3404 3403//3403
f 3403//3403 3404//3404 3405//3405
f 3404//3404 3406//3406 3405//3405
f 3405//3405 3406//3406 3407//3407
f 3406//3406 3408//3408 3407//3407
f 3407//3407 3408//3408 3409//3409
f 3408//3408 3410//3410 3409//3409
f 3409//3409 3410//3410 3411//3411
f 1906//1906 1912//1912 3320//3320
f 1912//1912 3412//3412 3320//3320
f 3320//3320 3412//3412 3321//3321
f 3412//3412 3413//3413 3321//3321
f 3321//3321 3413//3413 3414//3414
f 3413//3413 3415//3415 3414//3414
f 3414//3414 3415//3415 3416//3416
f 3415//3415 3417//3417 3416//3416
f 3416//3416 3417//3417 3418//3418
f 3417//3417 3419//3419 3418//3418
f 3418//3418 3419//3419 3420//3420
f 3419//3419 3421//3421 3420//3420
f 3420//3420 3421//3421 3422//3422
f 3421//3421 3423//3423 3422//3422
f 3422//3422 3423//3423 3424//3424
f 3423//3423 3425//3425 3424//3424
f 3424//3424 3425//3425 3426//3426
f 3425//3425 3427//3427 3426//3426
f 3426//3426 3427//3427 3428//3428
f 3427//3427 3429//3429 3428//3428
f 3428//3428 3429//3429 3430//3430
f 3429//3429 3431//3431 3430//3430
f 3430//3430 3431//3431 3432//3432
f 1912//1912 1911//1911 3412//3412
f 1911//1911 3394//3394 3412//3412
f 3412//3412 3394//3394 3413//3413
f 3394//3394 3395//3395 3413//3413
f 3413//3413 3395//3395 3415//3415
f 3395//3395 3397//3397 3415//3415
f 3415//3415 3397//3397 3417//3417
f 3397//3397 3399//3399 3417//3417
f 3417//3417 3399//3399 3419//3419
f 3399//3399 3401//3401 3419//3419
f 3419//3419 3401//3401 3421//3421
f 3401//3401 3403//3403 3421//3421
f 3421//3421 3403//3403 3423//3423
f 3403//3403 3405//3405 3423//3423
f 3423//3423 3405//3405 3425//3425
f 3405//3405 3407//3407 3425//3425
f 3425//3425 3407//3407 3427//3427
f 3407//3407 3409//3409 3427//3427
f 3427//3427 3409//3409 3429//3429
f 3409//3409 3411//3411 3429//3429
f 3429//3429 3411//3411 3431//3431
f 1898//1898 1897//1897 3323//3323
f 1897//1897 3319//3319 3323//3323
f 3323//3323 3319//3319 3396//3396
f 3319//3319 3378//3378 3396//3396
f 3396//3396 3378//3378 3398//3398
f 3378//3378 3380//3380 3398//3398
f 3398//3398 3380//3380 3400//3400
f 3380//3380 3382//3382 3400//3400
f 3400//3400 3382//3382 3402//3402
f 3382//3382 3384//3384 3402//3402
f 3402//3402 3384//3384 3404//3404
f 3384//3384 3386//3386 3404//3404
f 3404//3404 3386//3386 3406//3406
f 3386//3386 3388//3388 3406//3406
f 3406//3406 3388//3388 3408//3408
f 3388//3388 3389//3389 3408//3408
f 3408//3408 3389//3389 3410//3410
f 3389//3389 3393//3393 3410//3410
f 3410//3410 3393//3393 3411//3411
f 3393//3393 3392//3392 3411//3411
f 3411//3411 3392//3392 3431//3431
f 3392//3392 3391//3391 3431//3431
f 3431//3431 3391//3391 3432//3432
f 3391//3391 3390//3390 3432//3432
f 1907//1907 3306//3306 1908//1908
f 3306//3306 3433//3433 1908//1908
f 1908//1908 3433//3433 1909//1909
f 3434//3434 3318//3318 3435//3435
f 3318//3318 3317//3317 3435//3435
f 3435//3435 3317//3317 3436//3436
f 3437//3437 3438//3438 3439//3439
f 3438//3438 3440//3440 3439//3439
f 3439//3439 3440//3440 3441//3441
f 3440//3440 3442//3442 3441//3441
f 3442//3442 3443//3443 3441//3441
f 3441//3441 3443//3443 3444//3444
f 3443//3443 3445//3445 3444//3444
f 3445//3445 3446//3446 3444//3444
f 3444//3444 3446//3446 3447//3447
f 3446//3446 3448//3448 3447//3447
f 3448//3448 3449//3449 3447//3447
f 3447//3447 3449//3449 3450//3450
f 3451//3451 3452//3452 3453//3453
f 3452//3452 3454//3454 3453//3453
f 3453//3453 3454//3454 3455//3455
f 3454//3454 3456//3456 3455//3455
f 3455//3455 3456//3456 3457//3457
f 3456//3456 3458//3458 3457//3457
f 3457//3457 3458//3458 3459//3459
f 3458//3458 3460//3460 3459//3459
f 3459//3459 3460//3460 3461//3461
f 3460//3460 3462//3462 3461//3461
f 3461//3461 3462//3462 3463//3463
f 3462//3462 3433//3433 3463//3463
f 3463//3463 3433//3433 3464//3464
f 3433//3433 3306//3306 3464//3464
f 1909//1909 3433//3433 1922//1922
f 3433//3433 3462//3462 1922//1922
f 1922//1922 3462//3462 1923//1923
f 3462//3462 3460//3460 1923//1923
f 1923//1923 3460//3460 1924//1924
f 3460//3460 3458//3458 1924//1924
f 1924//1924 3458//3458 1925//1925
f 3458//3458 3456//3456 1925//1925
f 1925//1925 3456//3456 1926//1926
f 3456//3456 3454//3454 1926//1926
f 1926//1926 3454//3454 1913//1913
f 3454//3454 3452//3452 1913//1913
f 1913//1913 3452//3452 1914//1914
f 3465//3465 3466//3466 3467//3467
f 3466//3466 3468//3468 3467//3467
f 3467//3467 3468//3468 3469//3469
f 3468//3468 3470//3470 3469//3469
f 3469//3469 3470//3470 3471//3471
f 3470//3470 3472//3472 3471//3471
f 3471//3471 3472//3472 3473//3473
f 3472//3472 3474//3474 3473//3473
f 3473//3473 3474//3474 3475//3475
f 3465//3465 3476//3476 3466//3466
f 3476//3476 3477//3477 3466//3466
f 3466//3466 3477//3477 3478//3478
f 3479//3479 3465//3465 3480//3480
f 3465//3465 3467//3467 3480//3480
f 3480//3480 3467//3467 3481//3481
f 3467//3467 3469//3469 3481//3481
f 3481//3481 3469//3469 3482//3482
f 3469//3469 3471//3471 3482//3482
f 3482//3482 3471//3471 3483//3483
f 3471//3471 3473//3473 3483//3483
f 3483//3483 3473//3473 3484//3484
f 3473//3473 3475//3475 3484//3484
f 3484//3484 3475//3475 3485//3485
f 3486//3486 3487//3487 3479//3479
f 3487//3487 3488//3488 3479//3479
f 3479//3479 3488//3488 3465//3465
f 3488//3488 3489//3489 3465//3465
f 3465//3465 3489//3489 3476//3476
f 3490//3490 3491//3491 3492//3492
f 3449//3449 3493//3493 3450//3450
f 3493//3493 3494//3494 3450//3450
f 3450//3450 3494//3494 3495//3495
f 3494//3494 3496//3496 3495//3495
f 3495//3495 3496//3496 3497//3497
f 3496//3496 3498//3498 3497//3497
f 3498//3498 3499//3499 3497//3497
f 3497//3497 3499//3499 3500//3500
f 3499//3499 3501//3501 3500//3500
f 3501//3501 3502//3502 3500//3500
f 3500//3500 3502//3502 3305//3305
f 3503//3503 3303//3303 3504//3504
f 3303//3303 3305//3305 3504//3504
f 3504//3504 3305//3305 3505//3505
f 3305//3305 3502//3502 3505//3505
f 3506//3506 3437//3437 3507//3507
f 3437//3437 3439//3439 3507//3507
f 3507//3507 3439//3439 3508//3508
f 3439//3439 3441//3441 3508//3508
f 3508//3508 3441//3441 3509//3509
f 3441//3441 3444//3444 3509//3509
f 3509//3509 3444//3444 3510//3510
f 3444//3444 3447//3447 3510//3510
f 3510//3510 3447//3447 3511//3511
f 3447//3447 3450//3450 3511//3511
f 3511//3511 3450//3450 3512//3512
f 3450//3450 3495//3495 3512//3512
f 3512//3512 3495//3495 3513//3513
f 3495//3495 3497//3497 3513//3513
f 3513//3513 3497//3497 3514//3514
f 3497//3497 3500//3500 3514//3514
f 3514//3514 3500//3500 3515//3515
f 3500//3500 3305//3305 3515//3515
f 3515//3515 3305//3305 3516//3516
f 3305//3305 3304//3304 3516//3516
f 3516//3516 3304//3304 3517//3517
f 3464//3464 3506//3506 3463//3463
f 3506//3506 3507//3507 3463//3463
f 3463//3463 3507//3507 3461//3461
f 3507//3507 3508//3508 3461//3461
f 3461//3461 3508//3508 3459//3459
f 3508//3508 3509//3509 3459//3459
f 3459//3459 3509//3509 3457//3457
f 3509//3509 3510//3510 3457//3457
f 3457//3457 3510//3510 3455//3455
f 3510//3510 3511//3511 3455//3455
f 3455//3455 3511//3511 3453//3453
f 3511//3511 3512//3512 3453//3453
f 3453//3453 3512//3512 3451//3451
f 3512//3512 3513//3513 3451//3451
f 3451//3451 3513//3513 3518//3518
f 3513//3513 3514//3514 3518//3518
f 3518//3518 3514//3514 3519//3519
f 3514//3514 3515//3515 3519//3519
f 3519//3519 3515//3515 3520//3520
f 3515//3515 3516//3516 3520//3520
f 3520//3520 3516//3516 3521//3521
f 3516//3516 3517//3517 3521//3521
f 3521//3521 3517//3517 3522//3522
f 1891//1891 1857//1857 3302//3302
f 1857//1857 3523//3523 3302//3302
f 3302//3302 3523//3523 3522//3522
f 1857//1857 1855//1855 3523//3523
f 1855//1855 1854//1854 3523//3523
f 3523//3523 1854//1854 3524//3524
f 1854//1854 1890//1890 3524//3524
f 3524//3524 1890//1890 3525//3525
f 1890//1890 1889//1889 3525//3525
f 3525//3525 1889//1889 3526//3526
f 1889//1889 1883//1883 3526//3526
f 3526//3526 1883//1883 3527//3527
f 3528//3528 3529//3529 3530//3530
f 3529//3529 3531//3531 3530//3530
f 3530//3530 3531//3531 3532//3532
f 3531//3531 3533//3533 3532//3532
f 3532//3532 3533//3533 3534//3534
f 3533//3533 3535//3535 3534//3534
f 3534//3534 3535//3535 3536//3536
f 3535//3535 3537//3537 3536//3536
f 3536//3536 3537//3537 3538//3538
f 3537//3537 3539//3539 3538//3538
f 3538//3538 3539//3539 3540//3540
f 3539//3539 3541//3541 3540//3540
f 3540//3540 3541//3541 3542//3542
f 3541//3541 3543//3543 3542//3542
f 3529//3529 3544//3544 3531//3531
f 3544//3544 3545//3545 3531//3531
f 3531//3531 3545//3545 3533//3533
f 3545//3545 3546//3546 3533//3533
f 3533//3533 3546//3546 3535//3535
f 3546//3546 3547//3547 3535//3535
f 3535//3535 3547//3547 3537//3537
f 3547//3547 3548//3548 3537//3537
f 3537//3537 3548//3548 3539//3539
f 3548//3548 3549//3549 3539//3539
f 3539//3539 3549//3549 3541//3541
f 3549//3549 3550//3550 3541//3541
f 3541//3541 3550//3550 3543//3543
f 3550//3550 1885//1885 3543//3543
f 3551//3551 1881//1881 1894//1894
f 3544//3544 3552//3552 3545//3545
f 3552//3552 3553//3553 3545//3545
f 3545//3545 3553//3553 3546//3546
f 3553//3553 3554//3554 3546//3546
f 3546//3546 3554//3554 3547//3547
f 3554//3554 3555//3555 3547//3547
f 3547//3547 3555//3555 3548//3548
f 3555//3555 3556//3556 3548//3548
f 3548//3548 3556//3556 3549//3549
f 3556//3556 3557//3557 3549//3549
f 3549//3549 3557//3557 3550//3550
f 3557//3557 1893//1893 3550//3550
f 3550//3550 1893//1893 1885//1885
f 2444//2444 2446//2446 3558//3558
f 2446//2446 3346//3346 3558//3558
f 3558//3558 3346//3346 3559//3559
f 3346//3346 3348//3348 3559//3559
f 3559//3559 3348//3348 3560//3560
f 2442//2442 2444//2444 3324//3324
f 2444//2444 3558//3558 3324//3324
f 3324//3324 3558//3558 3561//3561
f 3558//3558 3559//3559 3561//3561
f 3561//3561 3559//3559 3562//3562
f 3559//3559 3560//3560 3562//3562
f 3562//3562 3560//3560 3563//3563
f 3564//3564 3563//3563 3565//3565
f 3563//3563 3560//3560 3565//3565
f 3565//3565 3560//3560 3566//3566
f 3560//3560 3348//3348 3566//3566
f 3566//3566 3348//3348 3567//3567
f 3348//3348 3347//3347 3567//3567
f 3567//3567 3347//3347 2447//2447
f 3347//3347 2523//2523 2447//2447
f 2447//2447 1878//1878 3567//3567
f 1878//1878 1877//1877 3567//3567
f 3567//3567 1877//1877 3566//3566
f 1877//1877 1876//1876 3566//3566
f 3566//3566 1876//1876 3565//3565
f 1876//1876 1895//1895 3565//3565
f 3565//3565 1895//1895 3564//3564
f 1895//1895 1860//1860 3564//3564
f 3564//3564 1860//1860 1861//1861
f 2435//2435 2440//2440 3349//3349
f 2440//2440 3324//3324 3349//3349
f 3349//3349 3324//3324 3568//3568
f 3324//3324 3561//3561 3568//3568
f 3568//3568 3561//3561 3569//3569
f 3561//3561 3562//3562 3569//3569
f 3569//3569 3562//3562 3570//3570
f 3562//3562 3563//3563 3570//3570
f 3570//3570 3563//3563 3571//3571
f 3563//3563 3564//3564 3571//3571
f 3571//3571 3564//3564 3551//3551
f 3564//3564 1861//1861 3551//3551
f 3551//3551 1861//1861 1881//1881
f 2164//2164 3572//3572 2158//2158
f 3572//3572 3573//3573 2158//2158
f 2158//2158 3573//3573 2160//2160
f 3573//3573 3574//3574 2160//2160
f 2160//2160 3574//3574 2161//2161
f 3574//3574 3301//3301 2161//2161
f 2161//2161 3301//3301 2154//2154
f 3301//3301 2260//2260 2154//2154
f 3575//3575 3576//3576 2169//2169
f 3576//3576 3577//3577 2169//2169
f 2169//2169 3577//3577 2167//2167
f 3577//3577 3578//3578 2167//2167
f 2167//2167 3578//3578 2164//2164
f 3578//3578 3579//3579 2164//2164
f 2164//2164 3579//3579 3572//3572
f 3580//3580 3581//3581 3582//3582
f 3581//3581 3583//3583 3582//3582
f 3582//3582 3583//3583 3584//3584
f 3583//3583 3585//3585 3584//3584
f 3584//3584 3585//3585 3586//3586
f 3585//3585 3587//3587 3586//3586
f 3586//3586 3587//3587 3588//3588
f 3587//3587 3589//3589 3588//3588
f 3588//3588 3589//3589 3590//3590
f 3589//3589 3591//3591 3590//3590
f 3590//3590 3591//3591 3298//3298
f 3592//3592 3593//3593 3594//3594
f 3593//3593 3595//3595 3594//3594
f 3594//3594 3595//3595 3596//3596
f 3595//3595 3597//3597 3596//3596
f 3596//3596 3597//3597 3598//3598
f 3597//3597 3599//3599 3598//3598
f 3598//3598 3599//3599 3600//3600
f 3599//3599 3601//3601 3600//3600
f 3600//3600 3601//3601 3602//3602
f 3601//3601 3603//3603 3602//3602
f 3602//3602 3603//3603 3604//3604
f 3603//3603 3605//3605 3604//3604
f 3604//3604 3605//3605 3606//3606
f 3605//3605 3607//3607 3606//3606
f 3606//3606 3607//3607 3608//3608
f 3607//3607 3609//3609 3608//3608
f 3608//3608 3609//3609 3610//3610
f 3609//3609 3611//3611 3610//3610
f 3610//3610 3611//3611 3612//3612
f 3611//3611 3613//3613 3612//3612
f 3612//3612 3613//3613 3614//3614
f 3613//3613 3615//3615 3614//3614
f 3614//3614 3615//3615 3616//3616
f 3615//3615 3617//3617 3616//3616
f 3616//3616 3617//3617 3618//3618
f 3617//3617 3619//3619 3618//3618
f 3618//3618 3619//3619 3620//3620
f 3621//3621 3622//3622 3623//3623
f 3622//3622 3624//3624 3623//3623
f 3623//3623 3624//3624 3625//3625
f 3624//3624 3626//3626 3625//3625
f 3625//3625 3626//3626 3627//3627
f 3626//3626 3628//3628 3627//3627
f 3627//3627 3628//3628 3629//3629
f 3628//3628 3630//3630 3629//3629
f 3629//3629 3630//3630 3631//3631
f 3630//3630 3632//3632 3631//3631
f 3631//3631 3632//3632 3633//3633
f 3632//3632 3634//3634 3633//3633
f 3633//3633 3634//3634 3635//3635
f 3634//3634 3636//3636 3635//3635
f 3635//3635 3636//3636 3637//3637
f 3636//3636 3638//3638 3637//3637
f 3637//3637 3638//3638 3639//3639
f 3638//3638 3640//3640 3639//3639
f 3639//3639 3640//3640 3641//3641
f 3640//3640 3642//3642 3641//3641
f 3641//3641 3642//3642 3643//3643
f 3642//3642 3644//3644 3643//3643
f 3643//3643 3644//3644 3645//3645
f 3646//3646 3647//3647 3648//3648
f 3647//3647 3649//3649 3648//3648
f 3648//3648 3649//3649 3650//3650
f 3649//3649 3651//3651 3650//3650
f 3650//3650 3651//3651 3652//3652
f 3651//3651 3653//3653 3652//3652
f 3652//3652 3653//3653 3654//3654
f 3653//3653 3655//3655 3654//3654
f 3654//3654 3655//3655 3656//3656
f 3655//3655 3657//3657 3656//3656
f 3656//3656 3657//3657 3658//3658
f 3657//3657 3659//3659 3658//3658
f 3658//3658 3659//3659 3660//3660
f 3659//3659 3661//3661 3660//3660
f 3660//3660 3661//3661 3662//3662
f 3661//3661 3663//3663 3662//3662
f 3662//3662 3663//3663 3664//3664
f 3663//3663 3665//3665 3664//3664
f 3664//3664 3665//3665 3666//3666
f 3622//3622 3646//3646 3624//3624
f 3646//3646 3648//3648 3624//3624
f 3624//3624 3648//3648 3626//3626
f 3648//3648 3650//3650 3626//3626
f 3626//3626 3650//3650 3628//3628
f 3650//3650 3652//3652 3628//3628
f 3628//3628 3652//3652 3630//3630
f 3652//3652 3654//3654 3630//3630
f 3630//3630 3654//3654 3632//3632
f 3654//3654 3656//3656 3632//3632
f 3632//3632 3656//3656 3634//3634
f 3656//3656 3658//3658 3634//3634
f 3634//3634 3658//3658 3636//3636
f 3658//3658 3660//3660 3636//3636
f 3636//3636 3660//3660 3638//3638
f 3660//3660 3662//3662 3638//3638
f 3638//3638 3662//3662 3640//3640
f 3662//3662 3664//3664 3640//3640
f 3640//3640 3664//3664 3642//3642
f 3664//3664 3666//3666 3642//3642
f 3642//3642 3666//3666 3644//3644
f 3667//3667 3668//3668 3669//3669
f 3668//3668 3670//3670 3669//3669
f 3669//3669 3670//3670 3671//3671
f 3670//3670 3672//3672 3671//3671
f 3671//3671 3672//3672 3673//3673
f 3672//3672 3674//3674 3673//3673
f 3673//3673 3674//3674 3675//3675
f 3674//3674 3676//3676 3675//3675
f 3675//3675 3676//3676 3677//3677
f 3676//3676 3678//3678 3677//3677
f 3677//3677 3678//3678 3679//3679
f 3678//3678 3680//3680 3679//3679
f 3679//3679 3680//3680 3528//3528
f 3680//3680 3681//3681 3528//3528
f 3528//3528 3681//3681 3529//3529
f 3681//3681 3350//3350 3529//3529
f 3529//3529 3350//3350 3544//3544
f 3350//3350 3349//3349 3544//3544
f 3544//3544 3349//3349 3552//3552
f 3349//3349 3568//3568 3552//3552
f 3552//3552 3568//3568 3553//3553
f 3568//3568 3569//3569 3553//3553
f 3553//3553 3569//3569 3554//3554
f 3569//3569 3570//3570 3554//3554
f 3554//3554 3570//3570 3555//3555
f 3570//3570 3571//3571 3555//3555
f 3555//3555 3571//3571 3556//3556
f 3571//3571 3551//3551 3556//3556
f 3556//3556 3551//3551 3557//3557
f 3551//3551 1894//1894 3557//3557
f 3557//3557 1894//1894 1893//1893
f 3593//3593 3621//3621 3595//3595
f 3621//3621 3623//3623 3595//3595
f 3595//3595 3623//3623 3597//3597
f 3623//3623 3625//3625 3597//3597
f 3597//3597 3625//3625 3599//3599
f 3625//3625 3627//3627 3599//3599
f 3599//3599 3627//3627 3601//3601
f 3627//3627 3629//3629 3601//3601
f 3601//3601 3629//3629 3603//3603
f 3629//3629 3631//3631 3603//3603
f 3603//3603 3631//3631 3605//3605
f 3631//3631 3633//3633 3605//3605
f 3605//3605 3633//3633 3607//3607
f 3633//3633 3635//3635 3607//3607
f 3607//3607 3635//3635 3609//3609
f 3635//3635 3637//3637 3609//3609
f 3609//3609 3637//3637 3611//3611
f 3637//3637 3639//3639 3611//3611
f 3611//3611 3639//3639 3613//3613
f 3639//3639 3641//3641 3613//3613
f 3613//3613 3641//3641 3615//3615
f 3641//3641 3643//3643 3615//3615
f 3615//3615 3643//3643 3617//3617
f 3643//3643 3645//3645 3617//3617
f 3617//3617 3645//3645 3619//3619
f 2169//2169 2170//2170 3575//3575
f 2170//2170 2172//2172 3575//3575
f 3575//3575 2172//2172 3682//3682
f 2172//2172 2174//2174 3682//3682
f 3682//3682 2174//2174 3683//3683
f 2174//2174 2153//2153 3683//3683
f 3683//3683 2153//2153 3684//3684
f 2153//2153 2152//2152 3684//3684
f 3684//3684 2152//2152 3685//3685
f 2152//2152 3362//3362 3685//3685
f 3298//3298 3300//3300 3590//3590
f 3300//3300 3686//3686 3590//3590
f 3590//3590 3686//3686 3588//3588
f 3686//3686 3687//3687 3588//3588
f 3588//3588 3687//3687 3586//3586
f 3687//3687 3688//3688 3586//3586
f 3586//3586 3688//3688 3584//3584
f 3688//3688 3689//3689 3584//3584
f 3584//3584 3689//3689 3582//3582
f 3689//3689 3690//3690 3582//3582
f 3582//3582 3690//3690 3580//3580
f 3690//3690 3691//3691 3580//3580
f 3580//3580 3691//3691 3692//3692
f 3691//3691 3693//3693 3692//3692
f 3692//3692 3693//3693 3694//3694
f 3693//3693 3695//3695 3694//3694
f 3694//3694 3695//3695 3696//3696
f 3695//3695 3697//3697 3696//3696
f 3696//3696 3697//3697 3698//3698
f 3697//3697 3699//3699 3698//3698
f 3698//3698 3699//3699 3700//3700
f 3699//3699 3701//3701 3700//3700
f 3700//3700 3701//3701 3702//3702
f 3701//3701 3703//3703 3702//3702
f 3702//3702 3703//3703 3704//3704
f 3703//3703 3705//3705 3704//3704
f 3704//3704 3705//3705 3706//3706
f 3705//3705 3360//3360 3706//3706
f 3706//3706 3360//3360 3707//3707
f 3360//3360 2410//2410 3707//3707
f 3707//3707 2410//2410 3102//3102
f 3708//3708 3709//3709 3710//3710
f 3709//3709 3711//3711 3710//3710
f 3710//3710 3711//3711 3712//3712
f 3711//3711 3713//3713 3712//3712
f 3712//3712 3713//3713 3714//3714
f 3713//3713 3715//3715 3714//3714
f 3714//3714 3715//3715 3716//3716
f 3715//3715 3717//3717 3716//3716
f 3716//3716 3717//3717 3718//3718
f 3717//3717 3719//3719 3718//3718
f 3718//3718 3719//3719 3720//3720
f 3719//3719 3721//3721 3720//3720
f 3720//3720 3721//3721 3722//3722
f 3721//3721 3723//3723 3722//3722
f 3722//3722 3723//3723 3724//3724
f 3723//3723 3725//3725 3724//3724
f 3724//3724 3725//3725 3726//3726
f 3725//3725 3727//3727 3726//3726
f 3726//3726 3727//3727 3728//3728
f 3727//3727 3729//3729 3728//3728
f 3728//3728 3729//3729 3730//3730
f 3729//3729 3731//3731 3730//3730
f 3730//3730 3731//3731 3732//3732
f 3731//3731 3733//3733 3732//3732
f 3732//3732 3733//3733 3734//3734
f 3735//3735 3736//3736 3737//3737
f 3736//3736 3738//3738 3737//3737
f 3737//3737 3738//3738 3739//3739
f 3738//3738 3740//3740 3739//3739
f 3739//3739 3740//3740 3741//3741
f 3740//3740 3742//3742 3741//3741
f 3741//3741 3742//3742 3743//3743
f 3742//3742 3744//3744 3743//3743
f 3743//3743 3744//3744 3745//3745
f 3744//3744 3746//3746 3745//3745
f 3745//3745 3746//3746 3747//3747
f 3746//3746 3748//3748 3747//3747
f 3747//3747 3748//3748 3749//3749
f 3748//3748 3750//3750 3749//3749
f 3749//3749 3750//3750 3751//3751
f 3750//3750 3752//3752 3751//3751
f 3751//3751 3752//3752 3753//3753
f 3752//3752 3754//3754 3753//3753
f 3753//3753 3754//3754 3755//3755
f 3754//3754 3756//3756 3755//3755
f 3755//3755 3756//3756 3757//3757
f 3756//3756 3758//3758 3757//3757
f 3757//3757 3758//3758 3759//3759
f 3758//3758 3297//3297 3759//3759
f 3759//3759 3297//3297 3760//3760
f 3297//3297 3296//3296 3760//3760
f 3760//3760 3296//3296 3761//3761
f 3102//3102 3359//3359 3707//3707
f 3359//3359 3762//3762 3707//3707
f 3707//3707 3762//3762 3706//3706
f 3762//3762 3708//3708 3706//3706
f 3706//3706 3708//3708 3704//3704
f 3708//3708 3710//3710 3704//3704
f 3704//3704 3710//3710 3702//3702
f 3710//3710 3712//3712 3702//3702
f 3702//3702 3712//3712 3700//3700
f 3712//3712 3714//3714 3700//3700
f 3700//3700 3714//3714 3698//3698
f 3714//3714 3716//3716 3698//3698
f 3698//3698 3716//3716 3696//3696
f 3716//3716 3718//3718 3696//3696
f 3696//3696 3718//3718 3694//3694
f 3718//3718 3720//3720 3694//3694
f 3694//3694 3720//3720 3692//3692
f 3720//3720 3722//3722 3692//3692
f 3692//3692 3722//3722 3580//3580
f 3722//3722 3724//3724 3580//3580
f 3580//3580 3724//3724 3581//3581
f 3724//3724 3726//3726 3581//3581
f 3581//3581 3726//3726 3583//3583
f 3726//3726 3728//3728 3583//3583
f 3583//3583 3728//3728 3585//3585
f 3728//3728 3730//3730 3585//3585
f 3585//3585 3730//3730 3587//3587
f 3730//3730 3732//3732 3587//3587
f 3587//3587 3732//3732 3589//3589
f 3732//3732 3734//3734 3589//3589
f 3589//3589 3734//3734 3591//3591
f 3358//3358 3763//3763 3764//3764
f 3763//3763 3765//3765 3764//3764
f 3764//3764 3765//3765 3766//3766
f 3765//3765 3767//3767 3766//3766
f 3766//3766 3767//3767 3768//3768
f 3767//3767 3769//3769 3768//3768
f 3768//3768 3769//3769 3770//3770
f 3769//3769 3771//3771 3770//3770
f 3770//3770 3771//3771 3772//3772
f 3771//3771 3773//3773 3772//3772
f 3772//3772 3773//3773 3774//3774
f 3773//3773 3775//3775 3774//3774
f 3774//3774 3775//3775 3776//3776
f 3775//3775 3777//3777 3776//3776
f 3776//3776 3777//3777 3778//3778
f 3777//3777 3779//3779 3778//3778
f 3778//3778 3779//3779 3780//3780
f 3779//3779 3781//3781 3780//3780
f 3780//3780 3781//3781 3782//3782
f 3781//3781 3783//3783 3782//3782
f 3782//3782 3783//3783 3784//3784
f 3783//3783 3785//3785 3784//3784
f 3784//3784 3785//3785 3786//3786
f 3785//3785 3787//3787 3786//3786
f 3786//3786 3787//3787 3788//3788
f 3787//3787 3789//3789 3788//3788
f 3788//3788 3789//3789 3790//3790
f 3789//3789 3791//3791 3790//3790
f 3790//3790 3791//3791 3792//3792
f 3100//3100 3358//3358 3359//3359
f 3358//3358 3764//3764 3359//3359
f 3359//3359 3764//3764 3762//3762
f 3764//3764 3766//3766 3762//3762
f 3762//3762 3766//3766 3708//3708
f 3766//3766 3768//3768 3708//3708
f 3708//3708 3768//3768 3709//3709
f 3768//3768 3770//3770 3709//3709
f 3709//3709 3770//3770 3711//3711
f 3770//3770 3772//3772 3711//3711
f 3711//3711 3772//3772 3713//3713
f 3772//3772 3774//3774 3713//3713
f 3713//3713 3774//3774 3715//3715
f 3774//3774 3776//3776 3715//3715
f 3715//3715 3776//3776 3717//3717
f 3776//3776 3778//3778 3717//3717
f 3717//3717 3778//3778 3719//3719
f 3778//3778 3780//3780 3719//3719
f 3719//3719 3780//3780 3721//3721
f 3780//3780 3782//3782 3721//3721
f 3721//3721 3782//3782 3723//3723
f 3782//3782 3784//3784 3723//3723
f 3723//3723 3784//3784 3725//3725
f 3784//3784 3786//3786 3725//3725
f 3725//3725 3786//3786 3727//3727
f 3786//3786 3788//3788 3727//3727
f 3727//3727 3788//3788 3729//3729
f 3788//3788 3790//3790 3729//3729
f 3729//3729 3790//3790 3731//3731
f 3790//3790 3792//3792 3731//3731
f 3731//3731 3792//3792 3733//3733
f 2418//2418 3357//3357 3358//3358
f 3357//3357 3735//3735 3358//3358
f 3358//3358 3735//3735 3763//3763
f 3735//3735 3737//3737 3763//3763
f 3763//3763 3737//3737 3765//3765
f 3737//3737 3739//3739 3765//3765
f 3765//3765 3739//3739 3767//3767
f 3739//3739 3741//3741 3767//3767
f 3767//3767 3741//3741 3769//3769
f 3741//3741 3743//3743 3769//3769
f 3769//3769 3743//3743 3771//3771
f 3743//3743 3745//3745 3771//3771
f 3771//3771 3745//3745 3773//3773
f 3745//3745 3747//3747 3773//3773
f 3773//3773 3747//3747 3775//3775
f 3747//3747 3749//3749 3775//3775
f 3775//3775 3749//3749 3777//3777
f 3749//3749 3751//3751 3777//3777
f 3777//3777 3751//3751 3779//3779
f 3751//3751 3753//3753 3779//3779
f 3779//3779 3753//3753 3781//3781
f 3753//3753 3755//3755 3781//3781
f 3781//3781 3755//3755 3783//3783
f 3755//3755 3757//3757 3783//3783
f 3783//3783 3757//3757 3785//3785
f 3757//3757 3759//3759 3785//3785
f 3785//3785 3759//3759 3787//3787
f 3759//3759 3760//3760 3787//3787
f 3787//3787 3760//3760 3789//3789
f 3760//3760 3761//3761 3789//3789
f 3789//3789 3761//3761 3791//3791
f 3295//3295 3297//3297 3793//3793
f 3297//3297 3758//3758 3793//3793
f 3793//3793 3758//3758 3794//3794
f 3758//3758 3756//3756 3794//3794
f 3794//3794 3756//3756 3795//3795
f 3756//3756 3754//3754 3795//3795
f 3795//3795 3754//3754 3796//3796
f 3754//3754 3752//3752 3796//3796
f 3796//3796 3752//3752 3797//3797
f 3752//3752 3750//3750 3797//3797
f 3797//3797 3750//3750 3798//3798
f 3750//3750 3748//3748 3798//3798
f 3798//3798 3748//3748 3799//3799
f 3748//3748 3746//3746 3799//3799
f 3799//3799 3746//3746 3800//3800
f 3746//3746 3744//3744 3800//3800
f 3800//3800 3744//3744 3801//3801
f 3744//3744 3742//3742 3801//3801
f 3801//3801 3742//3742 3802//3802
f 3742//3742 3740//3740 3802//3802
f 3802//3802 3740//3740 3803//3803
f 3740//3740 3738//3738 3803//3803
f 3803//3803 3738//3738 3804//3804
f 3738//3738 3736//3736 3804//3804
f 3804//3804 3736//3736 3805//3805
f 3736//3736 3735//3735 3805//3805
f 3805//3805 3735//3735 3806//3806
f 3735//3735 3357//3357 3806//3806
f 3806//3806 3357//3357 3807//3807
f 3357//3357 2414//2414 3807//3807
f 3807//3807 2414//2414 3096//3096
f 3805//3805 3808//3808 3804//3804
f 3808//3808 3809//3809 3804//3804
f 3804//3804 3809//3809 3803//3803
f 3809//3809 3810//3810 3803//3803
f 3803//3803 3810//3810 3802//3802
f 3810//3810 3811//3811 3802//3802
f 3802//3802 3811//3811 3801//3801
f 3811//3811 3812//3812 3801//3801
f 3801//3801 3812//3812 3800//3800
f 3812//3812 3813//3813 3800//3800
f 3800//3800 3813//3813 3799//3799
f 3813//3813 3814//3814 3799//3799
f 3799//3799 3814//3814 3798//3798
f 3814//3814 3815//3815 3798//3798
f 3798//3798 3815//3815 3797//3797
f 3815//3815 3816//3816 3797//3797
f 3797//3797 3816//3816 3796//3796
f 3816//3816 3817//3817 3796//3796
f 3796//3796 3817//3817 3795//3795
f 3817//3817 3818//3818 3795//3795
f 3795//3795 3818//3818 3794//3794
f 3818//3818 3819//3819 3794//3794
f 3794//3794 3819//3819 3793//3793
f 3819//3819 3820//3820 3793//3793
f 3793//3793 3820//3820 3295//3295
f 3821//3821 3822//3822 3823//3823
f 3824//3824 3825//3825 3826//3826
f 3825//3825 3827//3827 3826//3826
f 3826//3826 3827//3827 3828//3828
f 3827//3827 3829//3829 3828//3828
f 3828//3828 3829//3829 3830//3830
f 3829//3829 3831//3831 3830//3830
f 3830//3830 3831//3831 3832//3832
f 3831//3831 3833//3833 3832//3832
f 3832//3832 3833//3833 3834//3834
f 3833//3833 3835//3835 3834//3834
f 3834//3834 3835//3835 3836//3836
f 3837//3837 3838//3838 3839//3839
f 3838//3838 3840//3840 3839//3839
f 3839//3839 3840//3840 3841//3841
f 3840//3840 3842//3842 3841//3841
f 3841//3841 3842//3842 3843//3843
f 3842//3842 3844//3844 3843//3843
f 3843//3843 3844//3844 3845//3845
f 3844//3844 3846//3846 3845//3845
f 3845//3845 3846//3846 3847//3847
f 3846//3846 3848//3848 3847//3847
f 3847//3847 3848//3848 3849//3849
f 3848//3848 3850//3850 3849//3849
f 3849//3849 3850//3850 3351//3351
f 3850//3850 2402//2402 3351//3351
f 3351//3351 2402//2402 2486//2486
f 3668//3668 3837//3837 3670//3670
f 3837//3837 3839//3839 3670//3670
f 3670//3670 3839//3839 3672//3672
f 3839//3839 3841//3841 3672//3672
f 3672//3672 3841//3841 3674//3674
f 3841//3841 3843//3843 3674//3674
f 3674//3674 3843//3843 3676//3676
f 3843//3843 3845//3845 3676//3676
f 3676//3676 3845//3845 3678//3678
f 3845//3845 3847//3847 3678//3678
f 3678//3678 3847//3847 3680//3680
f 3847//3847 3849//3849 3680//3680
f 3680//3680 3849//3849 3681//3681
f 3849//3849 3351//3351 3681//3681
f 3681//3681 3351//3351 3350//3350
f 3351//3351 2400//2400 3350//3350
f 3350//3350 2400//2400 2399//2399
f 3851//3851 3852//3852 3853//3853
f 3852//3852 3854//3854 3853//3853
f 3853//3853 3854//3854 3855//3855
f 3856//3856 3857//3857 3858//3858
f 3857//3857 3859//3859 3858//3858
f 3858//3858 3859//3859 3860//3860
f 3852//3852 3354//3354 3854//3854
f 3354//3354 3355//3355 3854//3854
f 3854//3854 3355//3355 3855//3855
f 3355//3355 3356//3356 3855//3855
f 3855//3855 3356//3356 3353//3353
f 3356//3356 2420//2420 3353//3353
f 3353//3353 2420//2420 2434//2434
f 3857//3857 3861//3861 3859//3859
f 3861//3861 3862//3862 3859//3859
f 3859//3859 3862//3862 3860//3860
f 3862//3862 3863//3863 3860//3860
f 3860//3860 3863//3863 3864//3864
f 3863//3863 3352//3352 3864//3864
f 3864//3864 3352//3352 3865//3865
f 3352//3352 2429//2429 3865//3865
f 3865//3865 2429//2429 2427//2427
f 3856//3856 3866//3866 3857//3857
f 3866//3866 3851//3851 3857//3857
f 3857//3857 3851//3851 3861//3861
f 3851//3851 3853//3853 3861//3861
f 3861//3861 3853//3853 3862//3862
f 3853//3853 3855//3855 3862//3862
f 3862//3862 3855//3855 3863//3863
f 3855//3855 3353//3353 3863//3863
f 3863//3863 3353//3353 3352//3352
f 3353//3353 2433//2433 3352//3352
f 3352//3352 2433//2433 2431//2431
f 3831//3831 3866//3866 3833//3833
f 3866//3866 3856//3856 3833//3833
f 3833//3833 3856//3856 3835//3835
f 3856//3856 3858//3858 3835//3835
f 3835//3835 3858//3858 3836//3836
f 3858//3858 3860//3860 3836//3836
f 3836//3836 3860//3860 3867//3867
f 3860//3860 3864//3864 3867//3867
f 3867//3867 3864//3864 3868//3868
f 3864//3864 3865//3865 3868//3868
f 3868//3868 3865//3865 3869//3869
f 3865//3865 2427//2427 3869//3869
f 3838//3838 3821//3821 3840//3840
f 3821//3821 3823//3823 3840//3840
f 3840//3840 3823//3823 3842//3842
f 3823//3823 3870//3870 3842//3842
f 3842//3842 3870//3870 3844//3844
f 3870//3870 3871//3871 3844//3844
f 3844//3844 3871//3871 3846//3846
f 3871//3871 3872//3872 3846//3846
f 3846//3846 3872//3872 3848//3848
f 3872//3872 3873//3873 3848//3848
f 3848//3848 3873//3873 3850//3850
f 3873//3873 2403//2403 3850//3850
f 3850//3850 2403//2403 2402//2402
f 3647//3647 3667//3667 3649//3649
f 3667//3667 3669//3669 3649//3649
f 3649//3649 3669//3669 3651//3651
f 3669//3669 3671//3671 3651//3651
f 3651//3651 3671//3671 3653//3653
f 3671//3671 3673//3673 3653//3653
f 3653//3653 3673//3673 3655//3655
f 3673//3673 3675//3675 3655//3655
f 3655//3655 3675//3675 3657//3657
f 3675//3675 3677//3677 3657//3657
f 3657//3657 3677//3677 3659//3659
f 3677//3677 3679//3679 3659//3659
f 3659//3659 3679//3679 3661//3661
f 3679//3679 3528//3528 3661//3661
f 3661//3661 3528//3528 3663//3663
f 3528//3528 3530//3530 3663//3663
f 3663//3663 3530//3530 3665//3665
f 3530//3530 3532//3532 3665//3665
f 3665//3665 3532//3532 3666//3666
f 3532//3532 3534//3534 3666//3666
f 3666//3666 3534//3534 3644//3644
f 3534//3534 3536//3536 3644//3644
f 3644//3644 3536//3536 3645//3645
f 3536//3536 3538//3538 3645//3645
f 3645//3645 3538//3538 3619//3619
f 3538//3538 3540//3540 3619//3619
f 3619//3619 3540//3540 3620//3620
f 3540//3540 3542//3542 3620//3620
f 2246//2246 3287//3287 2245//2245
f 3287//3287 3874//3874 2245//2245
f 2245//2245 3874//3874 2250//2250
f 3874//3874 3875//3875 2250//2250
f 2250//2250 3875//3875 2252//2252
f 3875//3875 3876//3876 2252//2252
f 2252//2252 3876//3876 2254//2254
f 3876//3876 3877//3877 2254//2254
f 2254//2254 3877//3877 2282//2282
f 3877//3877 3878//3878 2282//2282
f 2282//2282 3878//3878 2284//2284
f 3878//3878 3879//3879 2284//2284
f 2284//2284 3879//3879 2286//2286
f 3879//3879 3329//3329 2286//2286
f 2286//2286 3329//3329 2288//2288
f 3329//3329 2310//2310 2288//2288
f 2288//2288 2310//2310 2289//2289
f 3880//3880 3881//3881 3328//3328
f 3881//3881 3327//3327 3328//3328
f 3328//3328 3327//3327 3019//3019
f 3327//3327 3028//3028 3019//3019
f 3882//3882 3883//3883 3884//3884
f 3883//3883 3885//3885 3884//3884
f 3884//3884 3885//3885 3294//3294
f 3081//3081 3029//3029 3326//3326
f 3029//3029 3327//3327 3326//3326
f 3326//3326 3327//3327 3886//3886
f 3327//3327 3881//3881 3886//3886
f 3886//3886 3881//3881 3882//3882
f 3881//3881 3880//3880 3882//3882
f 3882//3882 3880//3880 3883//3883
f 3294//3294 3293//3293 3884//3884
f 3293//3293 3887//3887 3884//3884
f 3884//3884 3887//3887 3882//3882
f 3887//3887 3888//3888 3882//3882
f 3882//3882 3888//3888 3886//3886
f 3888//3888 3889//3889 3886//3886
f 3886//3886 3889//3889 3326//3326
f 3292//3292 3291//3291 3293//3293
f 3291//3291 3890//3890 3293//3293
f 3293//3293 3890//3890 3887//3887
f 3890//3890 3891//3891 3887//3887
f 3887//3887 3891//3891 3888//3888
f 3891//3891 3892//3892 3888//3888
f 3888//3888 3892//3892 3889//3889
f 3289//3289 3288//3288 3291//3291
f 3288//3288 3893//3893 3291//3291
f 3291//3291 3893//3893 3890//3890
f 3893//3893 3894//3894 3890//3890
f 3890//3890 3894//3894 3891//3891
f 3894//3894 3895//3895 3891//3891
f 3891//3891 3895//3895 3892//3892
f 3895//3895 3896//3896 3892//3892
f 3892//3892 3896//3896 3889//3889
f 3896//3896 3897//3897 3889//3889
f 3889//3889 3897//3897 3326//3326
f 3898//3898 3897//3897 3899//3899
f 3897//3897 3896//3896 3899//3899
f 3899//3899 3896//3896 3900//3900
f 3896//3896 3895//3895 3900//3900
f 3900//3900 3895//3895 3901//3901
f 3895//3895 3894//3894 3901//3901
f 3901//3901 3894//3894 3902//3902
f 3894//3894 3893//3893 3902//3902
f 3902//3902 3893//3893 3903//3903
f 3893//3893 3288//3288 3903//3903
f 3903//3903 3288//3288 3904//3904
f 3288//3288 3290//3290 3904//3904
f 3904//3904 3290//3290 3905//3905
f 2246//2246 2276//2276 3906//3906
f 2276//2276 2278//2278 3906//3906
f 3286//3286 3907//3907 3287//3287
f 3907//3907 3908//3908 3287//3287
f 3287//3287 3908//3908 3874//3874
f 3908//3908 3909//3909 3874//3874
f 3874//3874 3909//3909 3875//3875
f 3909//3909 3910//3910 3875//3875
f 3875//3875 3910//3910 3876//3876
f 3910//3910 3911//3911 3876//3876
f 3876//3876 3911//3911 3877//3877
f 3911//3911 3912//3912 3877//3877
f 3877//3877 3912//3912 3878//3878
f 3912//3912 3913//3913 3878//3878
f 3878//3878 3913//3913 3879//3879
f 3913//3913 3914//3914 3879//3879
f 3879//3879 3914//3914 3329//3329
f 3914//3914 3915//3915 3329//3329
f 3329//3329 3915//3915 3010//3010
f 3018//3018 3010//3010 3328//3328
f 3010//3010 3915//3915 3328//3328
f 3328//3328 3915//3915 3880//3880
f 3915//3915 3914//3914 3880//3880
f 3880//3880 3914//3914 3883//3883
f 3914//3914 3913//3913 3883//3883
f 3883//3883 3913//3913 3885//3885
f 3913//3913 3912//3912 3885//3885
f 3885//3885 3912//3912 3294//3294
f 3912//3912 3911//3911 3294//3294
f 3294//3294 3911//3911 3292//3292
f 3911//3911 3910//3910 3292//3292
f 3292//3292 3910//3910 3289//3289
f 3910//3910 3909//3909 3289//3289
f 3289//3289 3909//3909 3290//3290
f 3909//3909 3908//3908 3290//3290
f 3290//3290 3908//3908 3905//3905
f 3908//3908 3907//3907 3905//3905
f 2278//2278 3285//3285 3906//3906
f 3285//3285 3916//3916 3906//3906
f 3906//3906 3916//3916 3917//3917
f 2269//2269 2271//2271 3918//3918
f 2271//2271 3284//3284 3918//3918
f 3918//3918 3284//3284 3299//3299
f 3284//3284 3301//3301 3299//3299
f 3299//3299 3301//3301 3300//3300
f 3301//3301 3574//3574 3300//3300
f 3300//3300 3574//3574 3686//3686
f 3574//3574 3573//3573 3686//3686
f 3686//3686 3573//3573 3687//3687
f 3573//3573 3572//3572 3687//3687
f 3687//3687 3572//3572 3688//3688
f 3572//3572 3579//3579 3688//3688
f 3688//3688 3579//3579 3689//3689
f 3579//3579 3578//3578 3689//3689
f 3689//3689 3578//3578 3690//3690
f 3578//3578 3577//3577 3690//3690
f 3690//3690 3577//3577 3691//3691
f 3577//3577 3576//3576 3691//3691
f 3691//3691 3576//3576 3693//3693
f 3576//3576 3575//3575 3693//3693
f 3693//3693 3575//3575 3695//3695
f 3575//3575 3682//3682 3695//3695
f 3695//3695 3682//3682 3697//3697
f 3682//3682 3683//3683 3697//3697
f 3697//3697 3683//3683 3699//3699
f 3683//3683 3684//3684 3699//3699
f 3699//3699 3684//3684 3701//3701
f 3684//3684 3685//3685 3701//3701
f 3701//3701 3685//3685 3703//3703
f 3685//3685 3362//3362 3703//3703
f 3703//3703 3362//3362 3705//3705
f 3362//3362 3361//3361 3705//3705
f 3705//3705 3361//3361 3360//3360
f 3361//3361 2407//2407 3360//3360
f 3360//3360 2407//2407 2412//2412
f 2261//2261 3919//3919 3285//3285
f 3919//3919 3920//3920 3285//3285
f 3285//3285 3920//3920 3916//3916
f 3920//3920 3921//3921 3916//3916
f 3916//3916 3921//3921 3917//3917
f 3921//3921 3922//3922 3917//3917
f 3923//3923 3924//3924 3925//3925
f 3924//3924 3926//3926 3925//3925
f 3925//3925 3926//3926 3927//3927
f 3926//3926 3928//3928 3927//3927
f 3927//3927 3928//3928 3929//3929
f 3928//3928 3930//3930 3929//3929
f 3929//3929 3930//3930 3931//3931
f 3930//3930 3932//3932 3931//3931
f 3931//3931 3932//3932 3933//3933
f 3932//3932 3934//3934 3933//3933
f 3933//3933 3934//3934 3935//3935
f 3934//3934 3936//3936 3935//3935
f 3935//3935 3936//3936 3937//3937
f 3936//3936 3938//3938 3937//3937
f 3937//3937 3938//3938 3922//3922
f 3084//3084 3330//3330 3331//3331
f 3330//3330 3939//3939 3331//3331
f 3331//3331 3939//3939 3332//3332
f 3939//3939 3940//3940 3332//3332
f 3332//3332 3940//3940 3333//3333
f 3082//3082 3326//3326 3330//3330
f 3326//3326 3897//3897 3330//3330
f 3330//3330 3897//3897 3939//3939
f 3897//3897 3898//3898 3939//3939
f 3939//3939 3898//3898 3940//3940
f 3898//3898 3941//3941 3940//3940
f 3940//3940 3941//3941 3942//3942
f 3943//3943 3944//3944 3945//3945
f 3946//3946 3947//3947 3948//3948
f 3947//3947 3943//3943 3948//3948
f 3948//3948 3943//3943 3949//3949
f 3943//3943 3945//3945 3949//3949
f 3283//3283 3282//3282 3950//3950
f 3282//3282 3951//3951 3950//3950
f 3950//3950 3951//3951 3952//3952
f 3951//3951 3953//3953 3952//3952
f 3952//3952 3953//3953 3954//3954
f 3953//3953 3955//3955 3954//3954
f 3954//3954 3955//3955 3956//3956
f 3955//3955 3957//3957 3956//3956
f 3956//3956 3957//3957 3958//3958
f 3959//3959 3283//3283 3960//3960
f 3283//3283 3950//3950 3960//3960
f 3960//3960 3950//3950 3961//3961
f 3950//3950 3952//3952 3961//3961
f 3961//3961 3952//3952 3962//3962
f 3952//3952 3954//3954 3962//3962
f 3962//3962 3954//3954 3963//3963
f 3954//3954 3956//3956 3963//3963
f 3963//3963 3956//3956 3964//3964
f 3956//3956 3958//3958 3964//3964
f 3964//3964 3958//3958 3965//3965
f 3966//3966 3967//3967 3968//3968
f 3967//3967 3969//3969 3968//3968
f 3968//3968 3969//3969 3970//3970
f 3969//3969 3971//3971 3970//3970
f 3970//3970 3971//3971 3972//3972
f 3971//3971 3973//3973 3972//3972
f 3972//3972 3973//3973 3974//3974
f 3973//3973 3975//3975 3974//3974
f 3974//3974 3975//3975 3976//3976
f 3975//3975 3977//3977 3976//3976
f 3976//3976 3977//3977 3978//3978
f 3977//3977 3979//3979 3978//3978
f 3978//3978 3979//3979 3980//3980
f 3979//3979 3981//3981 3980//3980
f 3980//3980 3981//3981 3982//3982
f 3981//3981 3983//3983 3982//3982
f 3982//3982 3983//3983 3984//3984
f 3983//3983 3985//3985 3984//3984
f 3984//3984 3985//3985 3986//3986
f 3985//3985 3987//3987 3986//3986
f 3986//3986 3987//3987 3988//3988
f 3987//3987 3989//3989 3988//3988
f 3988//3988 3989//3989 3990//3990
f 3989//3989 3991//3991 3990//3990
f 3990//3990 3991//3991 3992//3992
f 3991//3991 3993//3993 3992//3992
f 3992//3992 3993//3993 3994//3994
f 3322//3322 3321//3321 3995//3995
f 3321//3321 3414//3414 3995//3995
f 3995//3995 3414//3414 3996//3996
f 3414//3414 3416//3416 3996//3996
f 3996//3996 3416//3416 3997//3997
f 3416//3416 3418//3418 3997//3997
f 3997//3997 3418//3418 3998//3998
f 3418//3418 3420//3420 3998//3998
f 3998//3998 3420//3420 3999//3999
f 3420//3420 3422//3422 3999//3999
f 3999//3999 3422//3422 4000//4000
f 3422//3422 3424//3424 4000//4000
f 4000//4000 3424//3424 4001//4001
f 3424//3424 3426//3426 4001//4001
f 4001//4001 3426//3426 4002//4002
f 3426//3426 3428//3428 4002//4002
f 4002//4002 3428//3428 4003//4003
f 3428//3428 3430//3430 4003//4003
f 4003//4003 3430//3430 4004//4004
f 3430//3430 3432//3432 4004//4004
f 4004//4004 3432//3432 4005//4005
f 3432//3432 3390//3390 4005//4005
f 4005//4005 3390//3390 4006//4006
f 3390//3390 3365//3365 4006//4006
f 4006//4006 3365//3365 4007//4007
f 3365//3365 3364//3364 4007//4007
f 4007//4007 3364//3364 4008//4008
f 3364//3364 4009//4009 4008//4008
f 4008//4008 4009//4009 4010//4010
f 3363//3363 4011//4011 4012//4012
f 4011//4011 4013//4013 4012//4012
f 4012//4012 4013//4013 4014//4014
f 4013//4013 4015//4015 4014//4014
f 4014//4014 4015//4015 4016//4016
f 4015//4015 4017//4017 4016//4016
f 4016//4016 4017//4017 3946//3946
f 4017//4017 4018//4018 3946//3946
f 3946//3946 4018//4018 3947//3947
f 4018//4018 4019//4019 3947//3947
f 3947//3947 4019//4019 3943//3943
f 4019//4019 4020//4020 3943//3943
f 3943//3943 4020//4020 3944//3944
f 3363//3363 3338//3338 4011//4011
f 3338//3338 3339//3339 4011//4011
f 4011//4011 3339//3339 4013//4013
f 3339//3339 3336//3336 4013//4013
f 4013//4013 3336//3336 4015//4015
f 3336//3336 3337//3337 4015//4015
f 4015//4015 3337//3337 4017//4017
f 3337//3337 3335//3335 4017//4017
f 4017//4017 3335//3335 4018//4018
f 3335//3335 3334//3334 4018//4018
f 4018//4018 3334//3334 4019//4019
f 3334//3334 3333//3333 4019//4019
f 4019//4019 3333//3333 4020//4020
f 3333//3333 3940//3940 4020//4020
f 4020//4020 3940//3940 3944//3944
f 3940//3940 3942//3942 3944//3944
f 3944//3944 3942//3942 3945//3945
f 4010//4010 3966//3966 4008//4008
f 3966//3966 3968//3968 4008//4008
f 4008//4008 3968//3968 4007//4007
f 3968//3968 3970//3970 4007//4007
f 4007//4007 3970//3970 4006//4006
f 3970//3970 3972//3972 4006//4006
f 4006//4006 3972//3972 4005//4005
f 3972//3972 3974//3974 4005//4005
f 4005//4005 3974//3974 4004//4004
f 3974//3974 3976//3976 4004//4004
f 4004//4004 3976//3976 4003//4003
f 3976//3976 3978//3978 4003//4003
f 4003//4003 3978//3978 4002//4002
f 3978//3978 3980//3980 4002//4002
f 4002//4002 3980//3980 4001//4001
f 3980//3980 3982//3982 4001//4001
f 4001//4001 3982//3982 4000//4000
f 3982//3982 3984//3984 4000//4000
f 4000//4000 3984//3984 3999//3999
f 3984//3984 3986//3986 3999//3999
f 3999//3999 3986//3986 3998//3998
f 3986//3986 3988//3988 3998//3998
f 3998//3998 3988//3988 3997//3997
f 3988//3988 3990//3990 3997//3997
f 3997//3997 3990//3990 3996//3996
f 3990//3990 3992//3992 3996//3996
f 3996//3996 3992//3992 3995//3995
f 3992//3992 3994//3994 3995//3995
f 3995//3995 3994//3994 3322//3322
f 2332//2332 2331//2331 3340//3340
f 2331//2331 3325//3325 3340//3340
f 3340//3340 3325//3325 3374//3374
f 3325//3325 3363//3363 3374//3374
f 3374//3374 3363//3363 3372//3372
f 3363//3363 4012//4012 3372//3372
f 3372//3372 4012//4012 3370//3370
f 4012//4012 4014//4014 3370//3370
f 3370//3370 4014//4014 3368//3368
f 4014//4014 4016//4016 3368//3368
f 3368//3368 4016//4016 3366//3366
f 4016//4016 3946//3946 3366//3366
f 3366//3366 3946//3946 3364//3364
f 3946//3946 3948//3948 3364//3364
f 3364//3364 3948//3948 4009//4009
f 3948//3948 3949//3949 4009//4009
f 4009//4009 3949//3949 4010//4010
f 3949//3949 3945//3945 4010//4010
f 4010//4010 3945//3945 3966//3966
f 3281//3281 3283//3283 4021//4021
f 3283//3283 3959//3959 4021//4021
f 4021//4021 3959//3959 4022//4022
f 3959//3959 4023//4023 4022//4022
f 4022//4022 4023//4023 4024//4024
f 4023//4023 4025//4025 4024//4024
f 4024//4024 4025//4025 4026//4026
f 4025//4025 4027//4027 4026//4026
f 4026//4026 4027//4027 4028//4028
f 4027//4027 4029//4029 4028//4028
f 4028//4028 4029//4029 4030//4030
f 4029//4029 4031//4031 4030//4030
f 4030//4030 4031//4031 4032//4032
f 4031//4031 4033//4033 4032//4032
f 4032//4032 4033//4033 4034//4034
f 4033//4033 4035//4035 4034//4034
f 4034//4034 4035//4035 4036//4036
f 4035//4035 4037//4037 4036//4036
f 4036//4036 4037//4037 4038//4038
f 4037//4037 4039//4039 4038//4038
f 4038//4038 4039//4039 4040//4040
f 4039//4039 4041//4041 4040//4040
f 4040//4040 4041//4041 3434//3434
f 4041//4041 4042//4042 3434//3434
f 3434//3434 4042//4042 3318//3318
f 3314//3314 3310//3310 3315//3315
f 3310//3310 3312//3312 3315//3315
f 3315//3315 3312//3312 4043//4043
f 3312//3312 4044//4044 4043//4043
f 4043//4043 4044//4044 4045//4045
f 4044//4044 4046//4046 4045//4045
f 4045//4045 4046//4046 4047//4047
f 4046//4046 4048//4048 4047//4047
f 4047//4047 4048//4048 4049//4049
f 4048//4048 4050//4050 4049//4049
f 4049//4049 4050//4050 4051//4051
f 4050//4050 4052//4052 4051//4051
f 4051//4051 4052//4052 4053//4053
f 4052//4052 4054//4054 4053//4053
f 4053//4053 4054//4054 4055//4055
f 4054//4054 4056//4056 4055//4055
f 4055//4055 4056//4056 4057//4057
f 4056//4056 4058//4058 4057//4057
f 4057//4057 4058//4058 4059//4059
f 4058//4058 4060//4060 4059//4059
f 4059//4059 4060//4060 4061//4061
f 4060//4060 4062//4062 4061//4061
f 4061//4061 4062//4062 4063//4063
f 4062//4062 4064//4064 4063//4063
f 4063//4063 4064//4064 4065//4065
f 4064//4064 4066//4066 4065//4065
f 4065//4065 4066//4066 4067//4067
f 4066//4066 4068//4068 4067//4067
f 4067//4067 4068//4068 4069//4069
f 4068//4068 4070//4070 4069//4069
f 4069//4069 4070//4070 4071//4071
f 4070//4070 4072//4072 4071//4071
f 4071//4071 4072//4072 4073//4073
f 4072//4072 4074//4074 4073//4073
f 4073//4073 4074//4074 4075//4075
f 4074//4074 4076//4076 4075//4075
f 4075//4075 4076//4076 4077//4077
f 4076//4076 4078//4078 4077//4077
f 4077//4077 4078//4078 4079//4079
f 4078//4078 4080//4080 4079//4079
f 4079//4079 4080//4080 4081//4081
f 2263//2263 2267//2267 4082//4082
f 2267//2267 4083//4083 4082//4082
f 4082//4082 4083//4083 4084//4084
f 4083//4083 4085//4085 4084//4084
f 4084//4084 4085//4085 4086//4086
f 4085//4085 4087//4087 4086//4086
f 4086//4086 4087//4087 4088//4088
f 4087//4087 4089//4089 4088//4088
f 4088//4088 4089//4089 4090//4090
f 4089//4089 4091//4091 4090//4090
f 4090//4090 4091//4091 4092//4092
f 4091//4091 4093//4093 4092//4092
f 4092//4092 4093//4093 4094//4094
f 4093//4093 4095//4095 4094//4094
f 4094//4094 4095//4095 4096//4096
f 4095//4095 4097//4097 4096//4096
f 4096//4096 4097//4097 4098//4098
f 4097//4097 4099//4099 4098//4098
f 4098//4098 4099//4099 4100//4100
f 4099//4099 4101//4101 4100//4100
f 4100//4100 4101//4101 4102//4102
f 4101//4101 4103//4103 4102//4102
f 4102//4102 4103//4103 4104//4104
f 4103//4103 4105//4105 4104//4104
f 4104//4104 4105//4105 4106//4106
f 4105//4105 4107//4107 4106//4106
f 4106//4106 4107//4107 3592//3592
f 4107//4107 4108//4108 3592//3592
f 3592//3592 4108//4108 3593//3593
f 4108//4108 4109//4109 3593//3593
f 3593//3593 4109//4109 3621//3621
f 4109//4109 4110//4110 3621//3621
f 3621//3621 4110//4110 3622//3622
f 4110//4110 4111//4111 3622//3622
f 3622//3622 4111//4111 3646//3646
f 4111//4111 4112//4112 3646//3646
f 3646//3646 4112//4112 3647//3647
f 4112//4112 4113//4113 3647//3647
f 3647//3647 4113//4113 3667//3667
f 4113//4113 3824//3824 3667//3667
f 3667//3667 3824//3824 3668//3668
f 3824//3824 3826//3826 3668//3668
f 3668//3668 3826//3826 3837//3837
f 3826//3826 3828//3828 3837//3837
f 3837//3837 3828//3828 3838//3838
f 3828//3828 3830//3830 3838//3838
f 3838//3838 3830//3830 3821//3821
f 3830//3830 3832//3832 3821//3821
f 3821//3821 3832//3832 3822//3822
f 3832//3832 3834//3834 3822//3822
f 3822//3822 3834//3834 3823//3823
f 3834//3834 3836//3836 3823//3823
f 3823//3823 3836//3836 3870//3870
f 3836//3836 3867//3867 3870//3870
f 3870//3870 3867//3867 3871//3871
f 3867//3867 3868//3868 3871//3871
f 3871//3871 3868//3868 3872//3872
f 3868//3868 3869//3869 3872//3872
f 3872//3872 3869//3869 3873//3873
f 3869//3869 2427//2427 3873//3873
f 3873//3873 2427//2427 2403//2403
f 3922//3922 3921//3921 3937//3937
f 3921//3921 4114//4114 3937//3937
f 3937//3937 4114//4114 3935//3935
f 4114//4114 4115//4115 3935//3935
f 3935//3935 4115//4115 3933//3933
f 4115//4115 4116//4116 3933//3933
f 3933//3933 4116//4116 3931//3931
f 4116//4116 4117//4117 3931//3931
f 3931//3931 4117//4117 3929//3929
f 4117//4117 4118//4118 3929//3929
f 3929//3929 4118//4118 3927//3927
f 4118//4118 4119//4119 3927//3927
f 3927//3927 4119//4119 3925//3925
f 4119//4119 4120//4120 3925//3925
f 3925//3925 4120//4120 3923//3923
f 4120//4120 4121//4121 3923//3923
f 3923//3923 4121//4121 4122//4122
f 4121//4121 4123//4123 4122//4122
f 4122//4122 4123//4123 4124//4124
f 4123//4123 4125//4125 4124//4124
f 4124//4124 4125//4125 4126//4126
f 4125//4125 4127//4127 4126//4126
f 4126//4126 4127//4127 4128//4128
f 4127//4127 4129//4129 4128//4128
f 4128//4128 4129//4129 4130//4130
f 4129//4129 4131//4131 4130//4130
f 4130//4130 4131//4131 4132//4132
f 4131//4131 4133//4133 4132//4132
f 4132//4132 4133//4133 4134//4134
f 4133//4133 4135//4135 4134//4134
f 4134//4134 4135//4135 4136//4136
f 4135//4135 4137//4137 4136//4136
f 4136//4136 4137//4137 4138//4138
f 4137//4137 4139//4139 4138//4138
f 4138//4138 4139//4139 4140//4140
f 4139//4139 4141//4141 4140//4140
f 4140//4140 4141//4141 4142//4142
f 4141//4141 4143//4143 4142//4142
f 4142//4142 4143//4143 4144//4144
f 4143//4143 4145//4145 4144//4144
f 4144//4144 4145//4145 3492//3492
f 4145//4145 4146//4146 3492//3492
f 3492//3492 4146//4146 3490//3490
f 1885//1885 1884//1884 3543//3543
f 1884//1884 4147//4147 3543//3543
f 3543//3543 4147//4147 3542//3542
f 4147//4147 4148//4148 3542//3542
f 3542//3542 4148//4148 3620//3620
f 4148//4148 4149//4149 3620//3620
f 3620//3620 4149//4149 3618//3618
f 4149//4149 4150//4150 3618//3618
f 3618//3618 4150//4150 3616//3616
f 4150//4150 4151//4151 3616//3616
f 3616//3616 4151//4151 3614//3614
f 4151//4151 4152//4152 3614//3614
f 3614//3614 4152//4152 3612//3612
f 4152//4152 4153//4153 3612//3612
f 3612//3612 4153//4153 3610//3610
f 4153//4153 4154//4154 3610//3610
f 3610//3610 4154//4154 3608//3608
f 4154//4154 4155//4155 3608//3608
f 3608//3608 4155//4155 3606//3606
f 4155//4155 4156//4156 3606//3606
f 3606//3606 4156//4156 3604//3604
f 4156//4156 4157//4157 3604//3604
f 3604//3604 4157//4157 3602//3602
f 4157//4157 4158//4158 3602//3602
f 3602//3602 4158//4158 3600//3600
f 4158//4158 4159//4159 3600//3600
f 3600//3600 4159//4159 3598//3598
f 4159//4159 4160//4160 3598//3598
f 3598//3598 4160//4160 3596//3596
f 4160//4160 4161//4161 3596//3596
f 3596//3596 4161//4161 3594//3594
f 4161//4161 4162//4162 3594//3594
f 3594//3594 4162//4162 3592//3592
f 4162//4162 4163//4163 3592//3592
f 3592//3592 4163//4163 4106//4106
f 4163//4163 4164//4164 4106//4106
f 4106//4106 4164//4164 4104//4104
f 4164//4164 4165//4165 4104//4104
f 4104//4104 4165//4165 4102//4102
f 4165//4165 4166//4166 4102//4102
f 4102//4102 4166//4166 4100//4100
f 4166//4166 4167//4167 4100//4100
f 4100//4100 4167//4167 4098//4098
f 4167//4167 4168//4168 4098//4098
f 4098//4098 4168//4168 4096//4096
f 4168//4168 4169//4169 4096//4096
f 4096//4096 4169//4169 4094//4094
f 4169//4169 4170//4170 4094//4094
f 4094//4094 4170//4170 4092//4092
f 4170//4170 4171//4171 4092//4092
f 4092//4092 4171//4171 4090//4090
f 4171//4171 4172//4172 4090//4090
f 4090//4090 4172//4172 4088//4088
f 4172//4172 4173//4173 4088//4088
f 4088//4088 4173//4173 4086//4086
f 4173//4173 4174//4174 4086//4086
f 4086//4086 4174//4174 4084//4084
f 4174//4174 4175//4175 4084//4084
f 4084//4084 4175//4175 4082//4082
f 3478//3478 3307//3307 3466//3466
f 3307//3307 3309//3309 3466//3466
f 3466//3466 3309//3309 3468//3468
f 3309//3309 4176//4176 3468//3468
f 3468//3468 4176//4176 3470//3470
f 4176//4176 4177//4177 3470//3470
f 3470//3470 4177//4177 3472//3472
f 4177//4177 4178//4178 3472//3472
f 3472//3472 4178//4178 3474//3474
f 4178//4178 4179//4179 3474//3474
f 3474//3474 4179//4179 3475//3475
f 4179//4179 4180//4180 3475//3475
f 3475//3475 4180//4180 3485//3485
f 4180//4180 4181//4181 3485//3485
f 3485//3485 4181//4181 4182//4182
f 4181//4181 4183//4183 4182//4182
f 4182//4182 4183//4183 4184//4184
f 4183//4183 4185//4185 4184//4184
f 4184//4184 4185//4185 4186//4186
f 4185//4185 4187//4187 4186//4186
f 4186//4186 4187//4187 4188//4188
f 4187//4187 4189//4189 4188//4188
f 4188//4188 4189//4189 4190//4190
f 4189//4189 4191//4191 4190//4190
f 4190//4190 4191//4191 4192//4192
f 4191//4191 4193//4193 4192//4192
f 4192//4192 4193//4193 4194//4194
f 3311//3311 3316//3316 3312//3312
f 3316//3316 3318//3318 3312//3312
f 3312//3312 3318//3318 4044//4044
f 3318//3318 4042//4042 4044//4044
f 4044//4044 4042//4042 4046//4046
f 4042//4042 4041//4041 4046//4046
f 4046//4046 4041//4041 4048//4048
f 4041//4041 4039//4039 4048//4048
f 4048//4048 4039//4039 4050//4050
f 4039//4039 4037//4037 4050//4050
f 4050//4050 4037//4037 4052//4052
f 4037//4037 4035//4035 4052//4052
f 4052//4052 4035//4035 4054//4054
f 4035//4035 4033//4033 4054//4054
f 4054//4054 4033//4033 4056//4056
f 4033//4033 4031//4031 4056//4056
f 4056//4056 4031//4031 4058//4058
f 4031//4031 4029//4029 4058//4058
f 4058//4058 4029//4029 4060//4060
f 4029//4029 4027//4027 4060//4060
f 4060//4060 4027//4027 4062//4062
f 4027//4027 4025//4025 4062//4062
f 4062//4062 4025//4025 4064//4064
f 4025//4025 4023//4023 4064//4064
f 4064//4064 4023//4023 4066//4066
f 4023//4023 3959//3959 4066//4066
f 4066//4066 3959//3959 4068//4068
f 3959//3959 3960//3960 4068//4068
f 4068//4068 3960//3960 4070//4070
f 3960//3960 3961//3961 4070//4070
f 4070//4070 3961//3961 4072//4072
f 3961//3961 3962//3962 4072//4072
f 4072//4072 3962//3962 4074//4074
f 3962//3962 3963//3963 4074//4074
f 4074//4074 3963//3963 4076//4076
f 3963//3963 3964//3964 4076//4076
f 4076//4076 3964//3964 4078//4078
f 3964//3964 3965//3965 4078//4078
f 4078//4078 3965//3965 4080//4080
f 3491//3491 3486//3486 3492//3492
f 3486//3486 3479//3479 3492//3492
f 3492//3492 3479//3479 4144//4144
f 3479//3479 3480//3480 4144//4144
f 4144//4144 3480//3480 4142//4142
f 3480//3480 3481//3481 4142//4142
f 4142//4142 3481//3481 4140//4140
f 3481//3481 3482//3482 4140//4140
f 4140//4140 3482//3482 4138//4138
f 3482//3482 3483//3483 4138//4138
f 4138//4138 3483//3483 4136//4136
f 3483//3483 3484//3484 4136//4136
f 4136//4136 3484//3484 4134//4134
f 3484//3484 3485//3485 4134//4134
f 4134//4134 3485//3485 4132//4132
f 3485//3485 4182//4182 4132//4132
f 4132//4132 4182//4182 4130//4130
f 4182//4182 4184//4184 4130//4130
f 4130//4130 4184//4184 4128//4128
f 4184//4184 4186//4186 4128//4128
f 4128//4128 4186//4186 4126//4126
f 4186//4186 4188//4188 4126//4126
f 4126//4126 4188//4188 4124//4124
f 4188//4188 4190//4190 4124//4124
f 4124//4124 4190//4190 4122//4122
f 4190//4190 4192//4192 4122//4122
f 4122//4122 4192//4192 3923//3923
f 4192//4192 4194//4194 3923//3923
f 3923//3923 4194//4194 3924//3924
f 3308//3308 3313//3313 3309//3309
f 3313//3313 3315//3315 3309//3309
f 3309//3309 3315//3315 4176//4176
f 3315//3315 4043//4043 4176//4176
f 4176//4176 4043//4043 4177//4177
f 4043//4043 4045//4045 4177//4177
f 4177//4177 4045//4045 4178//4178
f 4045//4045 4047//4047 4178//4178
f 4178//4178 4047//4047 4179//4179
f 4047//4047 4049//4049 4179//4179
f 4179//4179 4049//4049 4180//4180
f 4049//4049 4051//4051 4180//4180
f 4180//4180 4051//4051 4181//4181
f 4051//4051 4053//4053 4181//4181
f 4181//4181 4053//4053 4183//4183
f 4053//4053 4055//4055 4183//4183
f 4183//4183 4055//4055 4185//4185
f 4055//4055 4057//4057 4185//4185
f 4185//4185 4057//4057 4187//4187
f 4057//4057 4059//4059 4187//4187
f 4187//4187 4059//4059 4189//4189
f 4059//4059 4061//4061 4189//4189
f 4189//4189 4061//4061 4191//4191
f 4061//4061 4063//4063 4191//4191
f 4191//4191 4063//4063 4193//4193
f 4063//4063 4065//4065 4193//4193
f 4193//4193 4065//4065 4194//4194
f 4065//4065 4067//4067 4194//4194
f 4194//4194 4067//4067 3924//3924
f 4067//4067 4069//4069 3924//3924
f 3924//3924 4069//4069 3926//3926
f 4069//4069 4071//4071 3926//3926
f 3926//3926 4071//4071 3928//3928
f 4071//4071 4073//4073 3928//3928
f 3928//3928 4073//4073 3930//3930
f 4073//4073 4075//4075 3930//3930
f 3930//3930 4075//4075 3932//3932
f 4075//4075 4077//4077 3932//3932
f 3932//3932 4077//4077 3934//3934
f 4077//4077 4079//4079 3934//3934
f 3934//3934 4079//4079 3936//3936
f 4079//4079 4081//4081 3936//3936
f 3936//3936 4081//4081 3938//3938
f 2246//2246 3906//3906 3286//3286
f 3906//3906 3917//3917 3286//3286
f 3286//3286 3917//3917 3907//3907
f 3917//3917 3922//3922 3907//3907
f 3907//3907 3922//3922 3905//3905
f 3922//3922 3938//3938 3905//3905
f 3905//3905 3938//3938 3904//3904
f 3938//3938 4081//4081 3904//3904
f 3904//3904 4081//4081 3903//3903
f 4081//4081 4080//4080 3903//3903
f 3903//3903 4080//4080 3902//3902
f 4080//4080 3965//3965 3902//3902
f 3902//3902 3965//3965 3901//3901
f 3965//3965 3958//3958 3901//3901
f 3901//3901 3958//3958 3900//3900
f 3958//3958 3957//3957 3900//3900
f 3900//3900 3957//3957 3899//3899
f 3957//3957 3955//3955 3899//3899
f 3899//3899 3955//3955 3898//3898
f 3955//3955 3953//3953 3898//3898
f 3898//3898 3953//3953 3941//3941
f 3953//3953 3951//3951 3941//3941
f 3941//3941 3951//3951 3942//3942
f 3951//3951 3282//3282 3942//3942
f 3942//3942 3282//3282 3945//3945
f 3282//3282 3281//3281 3945//3945
f 3945//3945 3281//3281 3966//3966
f 3281//3281 4021//4021 3966//3966
f 3966//3966 4021//4021 3967//3967
f 4021//4021 4022//4022 3967//3967
f 3967//3967 4022//4022 3969//3969
f 4022//4022 4024//4024 3969//3969
f 3969//3969 4024//4024 3971//3971
f 4024//4024 4026//4026 3971//3971
f 3971//3971 4026//4026 3973//3973
f 4026//4026 4028//4028 3973//3973
f 3973//3973 4028//4028 3975//3975
f 4028//4028 4030//4030 3975//3975
f 3975//3975 4030//4030 3977//3977
f 4030//4030 4032//4032 3977//3977
f 3977//3977 4032//4032 3979//3979
f 4032//4032 4034//4034 3979//3979
f 3979//3979 4034//4034 3981//3981
f 4034//4034 4036//4036 3981//3981
f 3981//3981 4036//4036 3983//3983
f 4036//4036 4038//4038 3983//3983
f 3983//3983 4038//4038 3985//3985
f 4038//4038 4040//4040 3985//3985
f 3985//3985 4040//4040 3987//3987
f 4040//4040 3434//3434 3987//3987
f 3987//3987 3434//3434 3989//3989
f 3434//3434 3435//3435 3989//3989
f 3989//3989 3435//3435 3991//3991
f 3435//3435 3436//3436 3991//3991
f 3991//3991 3436//3436 3993//3993
f 2267//2267 2269//2269 4083//4083
f 2269//2269 3918//3918 4083//4083
f 4083//4083 3918//3918 4085//4085
f 3918//3918 3299//3299 4085//4085
f 4085//4085 3299//3299 4087//4087
f 3299//3299 3298//3298 4087//4087
f 4087//4087 3298//3298 4089//4089
f 3298//3298 3591//3591 4089//4089
f 4089//4089 3591//3591 4091//4091
f 3591//3591 3734//3734 4091//4091
f 4091//4091 3734//3734 4093//4093
f 3734//3734 3733//3733 4093//4093
f 4093//4093 3733//3733 4095//4095
f 3733//3733 3792//3792 4095//4095
f 4095//4095 3792//3792 4097//4097
f 3792//3792 3791//3791 4097//4097
f 4097//4097 3791//3791 4099//4099
f 3791//3791 3761//3761 4099//4099
f 4099//4099 3761//3761 4101//4101
f 3761//3761 3296//3296 4101//4101
f 4101//4101 3296//3296 4103//4103
f 3296//3296 3295//3295 4103//4103
f 4103//4103 3295//3295 4105//4105
f 3295//3295 3820//3820 4105//4105
f 4105//4105 3820//3820 4107//4107
f 3820//3820 3819//3819 4107//4107
f 4107//4107 3819//3819 4108//4108
f 3819//3819 3818//3818 4108//4108
f 4108//4108 3818//3818 4109//4109
f 3818//3818 3817//3817 4109//4109
f 4109//4109 3817//3817 4110//4110
f 3817//3817 3816//3816 4110//4110
f 4110//4110 3816//3816 4111//4111
f 3816//3816 3815//3815 4111//4111
f 4111//4111 3815//3815 4112//4112
f 3815//3815 3814//3814 4112//4112
f 4112//4112 3814//3814 4113//4113
f 3814//3814 3813//3813 4113//4113
f 4113//4113 3813//3813 3824//3824
f 3813//3813 3812//3812 3824//3824
f 3824//3824 3812//3812 3825//3825
f 3812//3812 3811//3811 3825//3825
f 3825//3825 3811//3811 3827//3827
f 3811//3811 3810//3810 3827//3827
f 3827//3827 3810//3810 3829//3829
f 3810//3810 3809//3809 3829//3829
f 3829//3829 3809//3809 3831//3831
f 3809//3809 3808//3808 3831//3831
f 3831//3831 3808//3808 3866//3866
f 3808//3808 3805//3805 3866//3866
f 3866//3866 3805//3805 3851//3851
f 3805//3805 3806//3806 3851//3851
f 3851//3851 3806//3806 3852//3852
f 3806//3806 3807//3807 3852//3852
f 3852//3852 3807//3807 3354//3354
f 3807//3807 3096//3096 3354//3354
f 3354//3354 3096//3096 2424//2424
f 1883//1883 1882//1882 3527//3527
f 1882//1882 1812//1812 3527//3527
f 3527//3527 1812//1812 4195//4195
f 1812//1812 1853//1853 4195//4195
f 4195//4195 1853//1853 1915//1915
f 3522//3522 3523//3523 3521//3521
f 3523//3523 3524//3524 3521//3521
f 3521//3521 3524//3524 3520//3520
f 3524//3524 3525//3525 3520//3520
f 3520//3520 3525//3525 3519//3519
f 3525//3525 3526//3526 3519//3519
f 3519//3519 3526//3526 3518//3518
f 3526//3526 3527//3527 3518//3518
f 3518//3518 3527//3527 3451//3451
f 3527//3527 4195//4195 3451//3451
f 3451//3451 4195//4195 3452//3452
f 4195//4195 1915//1915 3452//3452
f 3452//3452 1915//1915 1914//1914
f 1884//1884 1892//1892 4147//4147
f 1892//1892 3302//3302 4147//4147
f 4147//4147 3302//3302 4148//4148
f 3302//3302 3522//3522 4148//4148
f 4148//4148 3522//3522 4149//4149
f 3522//3522 3517//3517 4149//4149
f 4149//4149 3517//3517 4150//4150
f 3517//3517 3304//3304 4150//4150
f 4150//4150 3304//3304 4151//4151
f 3304//3304 3303//3303 4151//4151
f 4151//4151 3303//3303 4152//4152
f 3303//3303 3503//3503 4152//4152
f 4152//4152 3503//3503 4153//4153
f 3503//3503 4196//4196 4153//4153
f 4153//4153 4196//4196 4154//4154
f 4196//4196 4197//4197 4154//4154
f 4154//4154 4197//4197 4155//4155
f 4197//4197 4198//4198 4155//4155
f 4155//4155 4198//4198 4156//4156
f 4198//4198 4199//4199 4156//4156
f 4156//4156 4199//4199 4157//4157
f 4199//4199 4200//4200 4157//4157
f 4157//4157 4200//4200 4158//4158
f 4200//4200 4201//4201 4158//4158
f 4158//4158 4201//4201 4159//4159
f 4201//4201 4202//4202 4159//4159
f 4159//4159 4202//4202 4160//4160
f 4202//4202 4203//4203 4160//4160
f 4160//4160 4203//4203 4161//4161
f 4203//4203 4204//4204 4161//4161
f 4161//4161 4204//4204 4162//4162
f 4204//4204 4205//4205 4162//4162
f 4162//4162 4205//4205 4163//4163
f 4205//4205 4206//4206 4163//4163
f 4163//4163 4206//4206 4164//4164
f 4206//4206 4207//4207 4164//4164
f 4164//4164 4207//4207 4165//4165
f 4207//4207 4208//4208 4165//4165
f 4165//4165 4208//4208 4166//4166
f 4208//4208 4209//4209 4166//4166
f 4166//4166 4209//4209 4167//4167
f 4209//4209 4210//4210 4167//4167
f 4167//4167 4210//4210 4168//4168
f 4210//4210 4211//4211 4168//4168
f 4168//4168 4211//4211 4169//4169
f 4211//4211 4212//4212 4169//4169
f 4169//4169 4212//4212 4170//4170
f 4212//4212 4213//4213 4170//4170
f 4170//4170 4213//4213 4171//4171
f 4213//4213 4214//4214 4171//4171
f 4171//4171 4214//4214 4172//4172
f 4214//4214 4215//4215 4172//4172
f 4172//4172 4215//4215 4173//4173
f 4215//4215 4216//4216 4173//4173
f 4173//4173 4216//4216 4174//4174
f 4216//4216 4217//4217 4174//4174
f 4174//4174 4217//4217 4175//4175
f 1906//1906 3320//3320 3306//3306
f 3320//3320 3322//3322 3306//3306
f 3306//3306 3322//3322 3464//3464
f 3322//3322 3994//3994 3464//3464
f 3464//3464 3994//3994 3506//3506
f 3994//3994 3993//3993 3506//3506
f 3506//3506 3993//3993 3437//3437
f 3993//3993 3436//3436 3437//3437
f 3437//3437 3436//3436 3438//3438
f 3436//3436 3317//3317 3438//3438
f 3438//3438 3317//3317 3440//3440
f 3317//3317 3316//3316 3440//3440
f 3440//3440 3316//3316 3442//3442
f 3316//3316 3311//3311 3442//3442
f 3442//3442 3311//3311 3443//3443
f 3311//3311 3310//3310 3443//3443
f 3443//3443 3310//3310 3445//3445
f 3310//3310 3314//3314 3445//3445
f 3445//3445 3314//3314 3446//3446
f 3314//3314 3313//3313 3446//3446
f 3446//3446 3313//3313 3448//3448
f 3313//3313 3308//3308 3448//3448
f 3448//3448 3308//3308 3449//3449
f 3308//3308 3307//3307 3449//3449
f 3449//3449 3307//3307 3493//3493
f 3307//3307 3478//3478 3493//3493
f 3493//3493 3478//3478 3494//3494
f 3478//3478 3477//3477 3494//3494
f 3494//3494 3477//3477 3496//3496
f 3477//3477 3476//3476 3496//3496
f 3496//3496 3476//3476 3498//3498
f 3476//3476 3489//3489 3498//3498
f 3498//3498 3489//3489 3499//3499
f 3489//3489 3488//3488 3499//3499
f 3499//3499 3488//3488 3501//3501
f 3488//3488 3487//3487 3501//3501
f 3501//3501 3487//3487 3502//3502
f 3487//3487 3486//3486 3502//3502
f 3502//3502 3486//3486 3505//3505
f 3486//3486 3491//3491 3505//3505
f 3505//3505 3491//3491 3504//3504
f 3491//3491 3490//3490 3504//3504
f 3504//3504 3490//3490 3503//3503
f 3490//3490 4146//4146 3503//3503
f 3503//3503 4146//4146 4196//4196
f 4146//4146 4145//4145 4196//4196
f 4196//4196 4145//4145 4197//4197
f 4145//4145 4143//4143 4197//4197
f 4197//4197 4143//4143 4198//4198
f 4143//4143 4141//4141 4198//4198
f 4198//4198 4141//4141 4199//4199
f 4141//4141 4139//4139 4199//4199
f 4199//4199 4139//4139 4200//4200
f 4139//4139 4137//4137 4200//4200
f 4200//4200 4137//4137 4201//4201
f 4137//4137 4135//4135 4201//4201
f 4201//4201 4135//4135 4202//4202
f 4135//4135 4133//4133 4202//4202
f 4202//4202 4133//4133 4203//4203
f 4133//4133 4131//4131 4203//4203
f 4203//4203 4131//4131 4204//4204
f 4131//4131 4129//4129 4204//4204
f 4204//4204 4129//4129 4205//4205
f 4129//4129 4127//4127 4205//4205
f 4205//4205 4127//4127 4206//4206
f 4127//4127 4125//4125 4206//4206
f 4206//4206 4125//4125 4207//4207
f 4125//4125 4123//4123 4207//4207
f 4207//4207 4123//4123 4208//4208
f 4123//4123 4121//4121 4208//4208
f 4208//4208 4121//4121 4209//4209
f 4121//4121 4120//4120 4209//4209
f 4209//4209 4120//4120 4210//4210
f 4120//4120 4119//4119 4210//4210
f 4210//4210 4119//4119 4211//4211
f 4119//4119 4118//4118 4211//4211
f 4211//4211 4118//4118 4212//4212
f 4118//4118 4117//4117 4212//4212
f 4212//4212 4117//4117 4213//4213
f 4117//4117 4116//4116 4213//4213
f 4213//4213 4116//4116 4214//4214
f 4116//4116 4115//4115 4214//4214
f 4214//4214 4115//4115 4215//4215
f 4115//4115 4114//4114 4215//4215
f 4215//4215 4114//4114 4216//4216
f 4114//4114 3921//3921 4216//4216
f 4216//4216 3921//3921 4217//4217
f 3921//3921 3920//3920 4217//4217
f 4217//4217 3920//3920 4175//4175
f 3920//3920 3919//3919 4175//4175
f 4175//4175 3919//3919 4082//4082
f 3919//3919 2261//2261 4082//4082
f 4082//4082 2261//2261 2263//2263
f 4218//4218 4219//4219 4220//4220
f 402//402 797//797 4221//4221
f 4222//4222 4223//4223 4224//4224
f 4225//4225 338//338 337//337
f 344//344 348//348 4226//4226
f 347//347 350//350 4227//4227
f 344//344 4226//4226 345//345
f 342//342 340//340 4228//4228
f 340//340 339//339 4228//4228
f 619//619 343//343 4229//4229
f 331//331 330//330 4230//4230
f 330//330 580//580 4230//4230
f 4230//4230 580//580 596//596
f 4231//4231 334//334 4232//4232
f 334//334 333//333 4232//4232
f 4225//4225 337//337 4233//4233
f 337//337 4234//4234 4233//4233
f 4233//4233 4234//4234 4235//4235
f 4234//4234 4236//4236 4235//4235
f 4235//4235 4236//4236 4237//4237
f 4238//4238 4239//4239 4240//4240
f 4241//4241 4242//4242 4243//4243
f 4242//4242 4244//4244 4243//4243
f 4243//4243 4244//4244 4245//4245
f 4222//4222 4224//4224 4246//4246
f 4224//4224 4247//4247 4246//4246
f 4246//4246 4247//4247 4248//4248
f 4248//4248 4247//4247 4249//4249
f 4247//4247 4250//4250 4249//4249
f 4249//4249 4250//4250 4251//4251
f 4251//4251 4250//4250 4252//4252
f 4250//4250 4253//4253 4252//4252
f 4252//4252 4253//4253 4254//4254
f 4255//4255 4256//4256 4257//4257
f 4256//4256 4258//4258 4257//4257
f 4257//4257 4258//4258 4253//4253
f 4258//4258 4259//4259 4253//4253
f 4253//4253 4259//4259 4254//4254
f 4255//4255 4257//4257 4260//4260
f 4257//4257 4261//4261 4260//4260
f 4260//4260 4261//4261 4262//4262
f 4262//4262 4261//4261 4263//4263
f 4261//4261 4264//4264 4263//4263
f 4263//4263 4264//4264 4265//4265
f 4265//4265 4264//4264 4266//4266
f 4264//4264 4267//4267 4266//4266
f 4266//4266 4267//4267 4268//4268
f 4268//4268 4267//4267 4269//4269
f 4267//4267 4270//4270 4269//4269
f 4269//4269 4270//4270 4271//4271
f 4271//4271 4270//4270 4272//4272
f 4270//4270 4273//4273 4272//4272
f 4272//4272 4273//4273 4274//4274
f 4273//4273 4275//4275 4274//4274
f 4274//4274 4275//4275 4276//4276
f 4275//4275 4277//4277 4276//4276
f 4276//4276 4277//4277 4278//4278
f 4277//4277 4279//4279 4278//4278
f 4278//4278 4279//4279 4280//4280
f 4279//4279 4281//4281 4280//4280
f 4280//4280 4281//4281 4282//4282
f 4281//4281 4283//4283 4282//4282
f 4282//4282 4283//4283 4284//4284
f 4283//4283 4285//4285 4284//4284
f 4284//4284 4285//4285 4286//4286
f 4285//4285 4287//4287 4286//4286
f 4286//4286 4287//4287 4288//4288
f 4287//4287 4289//4289 4288//4288
f 4288//4288 4289//4289 4290//4290
f 4289//4289 4291//4291 4290//4290
f 4290//4290 4291//4291 4292//4292
f 4291//4291 4293//4293 4292//4292
f 4293//4293 4294//4294 4292//4292
f 4292//4292 4294//4294 4295//4295
f 4295//4295 4294//4294 4296//4296
f 4294//4294 4297//4297 4296//4296
f 4296//4296 4297//4297 4298//4298
f 4297//4297 4299//4299 4298//4298
f 4298//4298 4299//4299 4300//4300
f 4299//4299 318//318 4300//4300
f 4300//4300 318//318 317//317
f 4301//4301 820//820 318//318
f 402//402 4221//4221 403//403
f 320//320 319//319 4302//4302
f 323//323 322//322 4303//4303
f 4304//4304 1173//1173 4305//4305
f 1173//1173 395//395 4305//4305
f 4305//4305 395//395 393//393
f 4306//4306 1181//1181 4307//4307
f 1181//1181 1179//1179 4307//4307
f 4307//4307 1179//1179 4308//4308
f 1179//1179 1177//1177 4308//4308
f 4308//4308 1177//1177 4304//4304
f 1177//1177 1175//1175 4304//4304
f 4304//4304 1175//1175 1173//1173
f 4309//4309 1189//1189 4310//4310
f 1189//1189 1187//1187 4310//4310
f 4310//4310 1187//1187 4311//4311
f 1187//1187 1186//1186 4311//4311
f 4311//4311 1186//1186 4306//4306
f 1186//1186 1184//1184 4306//4306
f 4306//4306 1184//1184 1181//1181
f 4312//4312 1197//1197 4313//4313
f 1197//1197 1195//1195 4313//4313
f 4313//4313 1195//1195 4314//4314
f 1195//1195 1194//1194 4314//4314
f 4314//4314 1194//1194 4309//4309
f 1194//1194 1192//1192 4309//4309
f 4309//4309 1192//1192 1189//1189
f 4315//4315 1206//1206 4316//4316
f 1206//1206 1208//1208 4316//4316
f 4316//4316 1208//1208 4317//4317
f 1208//1208 1210//1210 4317//4317
f 4317//4317 1210//1210 4312//4312
f 1210//1210 1212//1212 4312//4312
f 4312//4312 1212//1212 1197//1197
f 4318//4318 1202//1202 4315//4315
f 1202//1202 1204//1204 4315//4315
f 4315//4315 1204//1204 1206//1206
f 4319//4319 1215//1215 4320//4320
f 1215//1215 1198//1198 4320//4320
f 4320//4320 1198//1198 4318//4318
f 1198//1198 1200//1200 4318//4318
f 4318//4318 1200//1200 1202//1202
f 4321//4321 273//273 4322//4322
f 273//273 285//285 4322//4322
f 4322//4322 285//285 4323//4323
f 285//285 288//288 4323//4323
f 4323//4323 288//288 4324//4324
f 288//288 292//292 4324//4324
f 4324//4324 292//292 4319//4319
f 292//292 1218//1218 4319//4319
f 4319//4319 1218//1218 1215//1215
f 4325//4325 271//271 4326//4326
f 271//271 278//278 4326//4326
f 4326//4326 278//278 4327//4327
f 278//278 280//280 4327//4327
f 4327//4327 280//280 4321//4321
f 280//280 275//275 4321//4321
f 4321//4321 275//275 273//273
f 4328//4328 197//197 4329//4329
f 197//197 196//196 4329//4329
f 4329//4329 196//196 4330//4330
f 196//196 267//267 4330//4330
f 4330//4330 267//267 4325//4325
f 267//267 269//269 4325//4325
f 4325//4325 269//269 271//271
f 4331//4331 248//248 4332//4332
f 248//248 258//258 4332//4332
f 4332//4332 258//258 4333//4333
f 258//258 260//260 4333//4333
f 4333//4333 260//260 4328//4328
f 260//260 262//262 4328//4328
f 4328//4328 262//262 197//197
f 255//255 254//254 4334//4334
f 254//254 252//252 4334//4334
f 4334//4334 252//252 4331//4331
f 252//252 250//250 4331//4331
f 4331//4331 250//250 248//248
f 4335//4335 4336//4336 4337//4337
f 4336//4336 4338//4338 4337//4337
f 4337//4337 4338//4338 4339//4339
f 4338//4338 4340//4340 4339//4339
f 4339//4339 4340//4340 4341//4341
f 4340//4340 4342//4342 4341//4341
f 4341//4341 4342//4342 4343//4343
f 4342//4342 4344//4344 4343//4343
f 4343//4343 4344//4344 4345//4345
f 4344//4344 4346//4346 4345//4345
f 4345//4345 4346//4346 4347//4347
f 4346//4346 4348//4348 4347//4347
f 4347//4347 4348//4348 4349//4349
f 4348//4348 4350//4350 4349//4349
f 4349//4349 4350//4350 4351//4351
f 4350//4350 4352//4352 4351//4351
f 4351//4351 4352//4352 4353//4353
f 4352//4352 4354//4354 4353//4353
f 4353//4353 4354//4354 4355//4355
f 4354//4354 4356//4356 4355//4355
f 4355//4355 4356//4356 4357//4357
f 4356//4356 4358//4358 4357//4357
f 4357//4357 4358//4358 4359//4359
f 4358//4358 4360//4360 4359//4359
f 4359//4359 4360//4360 4361//4361
f 4360//4360 4362//4362 4361//4361
f 4361//4361 4362//4362 4363//4363
f 4362//4362 4364//4364 4363//4363
f 4363//4363 4364//4364 4365//4365
f 4364//4364 4366//4366 4365//4365
f 4365//4365 4366//4366 4367//4367
f 4366//4366 4368//4368 4367//4367
f 4367//4367 4368//4368 4369//4369
f 4368//4368 4370//4370 4369//4369
f 4369//4369 4370//4370 4371//4371
f 4370//4370 4372//4372 4371//4371
f 4371//4371 4372//4372 4373//4373
f 4372//4372 4374//4374 4373//4373
f 4373//4373 4374//4374 4375//4375
f 4374//4374 4376//4376 4375//4375
f 4375//4375 4376//4376 4377//4377
f 4376//4376 4378//4378 4377//4377
f 4377//4377 4378//4378 4379//4379
f 4378//4378 4380//4380 4379//4379
f 4379//4379 4380//4380 4381//4381
f 4380//4380 4382//4382 4381//4381
f 4381//4381 4382//4382 4383//4383
f 4382//4382 4384//4384 4383//4383
f 4383//4383 4384//4384 4385//4385
f 4384//4384 4386//4386 4385//4385
f 4385//4385 4386//4386 4387//4387
f 4386//4386 4388//4388 4387//4387
f 4387//4387 4388//4388 4389//4389
f 4388//4388 4390//4390 4389//4389
f 4389//4389 4390//4390 4391//4391
f 4390//4390 4392//4392 4391//4391
f 4391//4391 4392//4392 4393//4393
f 4392//4392 4394//4394 4393//4393
f 4393//4393 4394//4394 4395//4395
f 4394//4394 4396//4396 4395//4395
f 4395//4395 4396//4396 677//677
f 4396//4396 678//678 677//677
f 4397//4397 4398//4398 4399//4399
f 4398//4398 4400//4400 4399//4399
f 4399//4399 4400//4400 4401//4401
f 4400//4400 4402//4402 4401//4401
f 4401//4401 4402//4402 4403//4403
f 4402//4402 4404//4404 4403//4403
f 4403//4403 4404//4404 4405//4405
f 4404//4404 4406//4406 4405//4405
f 4405//4405 4406//4406 4407//4407
f 4406//4406 4408//4408 4407//4407
f 4407//4407 4408//4408 4409//4409
f 4408//4408 4410//4410 4409//4409
f 4409//4409 4410//4410 4411//4411
f 4410//4410 4412//4412 4411//4411
f 4411//4411 4412//4412 4413//4413
f 4412//4412 4414//4414 4413//4413
f 4413//4413 4414//4414 4415//4415
f 4414//4414 4416//4416 4415//4415
f 4415//4415 4416//4416 4417//4417
f 4416//4416 4418//4418 4417//4417
f 4417//4417 4418//4418 4419//4419
f 4418//4418 4420//4420 4419//4419
f 4419//4419 4420//4420 4421//4421
f 4420//4420 4422//4422 4421//4421
f 4421//4421 4422//4422 4423//4423
f 4422//4422 4424//4424 4423//4423
f 4423//4423 4424//4424 4425//4425
f 4424//4424 4426//4426 4425//4425
f 4425//4425 4426//4426 4427//4427
f 4426//4426 4428//4428 4427//4427
f 4427//4427 4428//4428 4429//4429
f 4428//4428 4430//4430 4429//4429
f 4429//4429 4430//4430 4431//4431
f 4430//4430 4432//4432 4431//4431
f 4431//4431 4432//4432 4433//4433
f 4432//4432 4434//4434 4433//4433
f 4433//4433 4434//4434 4435//4435
f 4434//4434 4436//4436 4435//4435
f 4435//4435 4436//4436 4437//4437
f 4436//4436 4438//4438 4437//4437
f 4437//4437 4438//4438 4439//4439
f 4438//4438 4440//4440 4439//4439
f 4439//4439 4440//4440 4441//4441
f 4440//4440 4442//4442 4441//4441
f 4441//4441 4442//4442 4443//4443
f 4442//4442 4444//4444 4443//4443
f 4443//4443 4444//4444 4445//4445
f 4444//4444 4446//4446 4445//4445
f 4445//4445 4446//4446 4447//4447
f 4446//4446 4448//4448 4447//4447
f 4447//4447 4448//4448 4449//4449
f 4448//4448 4450//4450 4449//4449
f 4449//4449 4450//4450 4451//4451
f 4450//4450 4452//4452 4451//4451
f 4451//4451 4452//4452 4453//4453
f 4452//4452 4454//4454 4453//4453
f 4453//4453 4454//4454 4455//4455
f 4454//4454 4456//4456 4455//4455
f 4455//4455 4456//4456 4229//4229
f 4456//4456 4457//4457 4229//4229
f 4229//4229 4457//4457 619//619
f 4398//4398 4335//4335 4400//4400
f 4335//4335 4337//4337 4400//4400
f 4400//4400 4337//4337 4402//4402
f 4337//4337 4339//4339 4402//4402
f 4402//4402 4339//4339 4404//4404
f 4339//4339 4341//4341 4404//4404
f 4404//4404 4341//4341 4406//4406
f 4341//4341 4343//4343 4406//4406
f 4406//4406 4343//4343 4408//4408
f 4343//4343 4345//4345 4408//4408
f 4408//4408 4345//4345 4410//4410
f 4345//4345 4347//4347 4410//4410
f 4410//4410 4347//4347 4412//4412
f 4347//4347 4349//4349 4412//4412
f 4412//4412 4349//4349 4414//4414
f 4349//4349 4351//4351 4414//4414
f 4414//4414 4351//4351 4416//4416
f 4351//4351 4353//4353 4416//4416
f 4416//4416 4353//4353 4418//4418
f 4353//4353 4355//4355 4418//4418
f 4418//4418 4355//4355 4420//4420
f 4355//4355 4357//4357 4420//4420
f 4420//4420 4357//4357 4422//4422
f 4357//4357 4359//4359 4422//4422
f 4422//4422 4359//4359 4424//4424
f 4359//4359 4361//4361 4424//4424
f 4424//4424 4361//4361 4426//4426
f 4361//4361 4363//4363 4426//4426
f 4426//4426 4363//4363 4428//4428
f 4363//4363 4365//4365 4428//4428
f 4428//4428 4365//4365 4430//4430
f 4365//4365 4367//4367 4430//4430
f 4430//4430 4367//4367 4432//4432
f 4367//4367 4369//4369 4432//4432
f 4432//4432 4369//4369 4434//4434
f 4369//4369 4371//4371 4434//4434
f 4434//4434 4371//4371 4436//4436
f 4371//4371 4373//4373 4436//4436
f 4436//4436 4373//4373 4438//4438
f 4373//4373 4375//4375 4438//4438
f 4438//4438 4375//4375 4440//4440
f 4375//4375 4377//4377 4440//4440
f 4440//4440 4377//4377 4442//4442
f 4377//4377 4379//4379 4442//4442
f 4442//4442 4379//4379 4444//4444
f 4379//4379 4381//4381 4444//4444
f 4444//4444 4381//4381 4446//4446
f 4381//4381 4383//4383 4446//4446
f 4446//4446 4383//4383 4448//4448
f 4383//4383 4385//4385 4448//4448
f 4448//4448 4385//4385 4450//4450
f 4385//4385 4387//4387 4450//4450
f 4450//4450 4387//4387 4452//4452
f 4387//4387 4389//4389 4452//4452
f 4452//4452 4389//4389 4454//4454
f 4389//4389 4391//4391 4454//4454
f 4454//4454 4391//4391 4456//4456
f 4391//4391 4393//4393 4456//4456
f 4456//4456 4393//4393 4457//4457
f 4393//4393 4395//4395 4457//4457
f 4457//4457 4395//4395 619//619
f 4395//4395 677//677 619//619
f 4458//4458 4459//4459 4460//4460
f 4459//4459 4461//4461 4460//4460
f 4460//4460 4461//4461 4462//4462
f 4461//4461 4463//4463 4462//4462
f 4462//4462 4463//4463 4464//4464
f 4463//4463 4465//4465 4464//4464
f 4464//4464 4465//4465 4466//4466
f 4465//4465 4467//4467 4466//4466
f 4466//4466 4467//4467 4468//4468
f 4467//4467 4469//4469 4468//4468
f 4468//4468 4469//4469 4470//4470
f 4469//4469 4471//4471 4470//4470
f 4470//4470 4471//4471 4472//4472
f 4471//4471 4473//4473 4472//4472
f 4472//4472 4473//4473 4474//4474
f 4473//4473 4475//4475 4474//4474
f 4474//4474 4475//4475 4476//4476
f 4475//4475 4477//4477 4476//4476
f 4476//4476 4477//4477 4478//4478
f 4477//4477 4479//4479 4478//4478
f 4478//4478 4479//4479 4480//4480
f 4479//4479 4481//4481 4480//4480
f 4480//4480 4481//4481 4482//4482
f 4481//4481 4483//4483 4482//4482
f 4482//4482 4483//4483 4484//4484
f 4483//4483 4485//4485 4484//4484
f 4484//4484 4485//4485 4486//4486
f 4485//4485 4487//4487 4486//4486
f 4486//4486 4487//4487 4488//4488
f 4487//4487 4489//4489 4488//4488
f 4488//4488 4489//4489 4490//4490
f 4489//4489 4491//4491 4490//4490
f 4490//4490 4491//4491 4492//4492
f 4491//4491 4493//4493 4492//4492
f 4492//4492 4493//4493 4494//4494
f 4493//4493 4495//4495 4494//4494
f 4494//4494 4495//4495 4496//4496
f 4495//4495 4497//4497 4496//4496
f 4496//4496 4497//4497 4498//4498
f 4497//4497 4499//4499 4498//4498
f 4498//4498 4499//4499 4500//4500
f 4499//4499 4501//4501 4500//4500
f 4500//4500 4501//4501 4502//4502
f 4501//4501 4503//4503 4502//4502
f 4502//4502 4503//4503 4504//4504
f 4503//4503 4505//4505 4504//4504
f 4504//4504 4505//4505 4506//4506
f 4505//4505 4507//4507 4506//4506
f 4506//4506 4507//4507 4508//4508
f 4507//4507 4509//4509 4508//4508
f 4508//4508 4509//4509 4510//4510
f 4509//4509 4511//4511 4510//4510
f 4510//4510 4511//4511 4512//4512
f 4511//4511 4513//4513 4512//4512
f 4512//4512 4513//4513 4514//4514
f 4513//4513 4515//4515 4514//4514
f 4514//4514 4515//4515 4516//4516
f 4515//4515 4517//4517 4516//4516
f 4516//4516 4517//4517 4226//4226
f 4517//4517 4228//4228 4226//4226
f 4226//4226 4228//4228 345//345
f 4228//4228 339//339 345//345
f 4305//4305 4518//4518 4304//4304
f 4518//4518 4519//4519 4304//4304
f 4304//4304 4519//4519 4308//4308
f 4519//4519 4520//4520 4308//4308
f 4308//4308 4520//4520 4307//4307
f 4520//4520 4521//4521 4307//4307
f 4307//4307 4521//4521 4306//4306
f 4521//4521 4522//4522 4306//4306
f 4306//4306 4522//4522 4311//4311
f 4522//4522 4523//4523 4311//4311
f 4311//4311 4523//4523 4310//4310
f 4523//4523 4524//4524 4310//4310
f 4310//4310 4524//4524 4309//4309
f 4524//4524 4525//4525 4309//4309
f 4309//4309 4525//4525 4314//4314
f 4525//4525 4526//4526 4314//4314
f 4314//4314 4526//4526 4313//4313
f 4526//4526 4527//4527 4313//4313
f 4313//4313 4527//4527 4312//4312
f 4527//4527 4528//4528 4312//4312
f 4312//4312 4528//4528 4317//4317
f 4528//4528 4529//4529 4317//4317
f 4317//4317 4529//4529 4316//4316
f 4529//4529 4530//4530 4316//4316
f 4316//4316 4530//4530 4315//4315
f 4530//4530 4531//4531 4315//4315
f 4315//4315 4531//4531 4318//4318
f 4531//4531 4532//4532 4318//4318
f 4318//4318 4532//4532 4320//4320
f 4532//4532 4533//4533 4320//4320
f 4320//4320 4533//4533 4319//4319
f 4533//4533 4534//4534 4319//4319
f 4319//4319 4534//4534 4324//4324
f 4534//4534 4535//4535 4324//4324
f 4324//4324 4535//4535 4323//4323
f 4535//4535 4536//4536 4323//4323
f 4323//4323 4536//4536 4322//4322
f 4536//4536 4537//4537 4322//4322
f 4322//4322 4537//4537 4321//4321
f 4537//4537 4538//4538 4321//4321
f 4321//4321 4538//4538 4327//4327
f 4538//4538 4539//4539 4327//4327
f 4327//4327 4539//4539 4326//4326
f 4539//4539 4540//4540 4326//4326
f 4326//4326 4540//4540 4325//4325
f 4540//4540 4541//4541 4325//4325
f 4325//4325 4541//4541 4330//4330
f 4541//4541 4542//4542 4330//4330
f 4330//4330 4542//4542 4329//4329
f 4542//4542 4543//4543 4329//4329
f 4329//4329 4543//4543 4328//4328
f 4543//4543 4544//4544 4328//4328
f 4328//4328 4544//4544 4333//4333
f 4544//4544 4545//4545 4333//4333
f 4333//4333 4545//4545 4332//4332
f 4545//4545 4546//4546 4332//4332
f 4332//4332 4546//4546 4331//4331
f 4546//4546 4547//4547 4331//4331
f 4331//4331 4547//4547 4334//4334
f 4547//4547 4227//4227 4334//4334
f 4334//4334 4227//4227 255//255
f 4227//4227 350//350 255//255
f 4518//4518 4458//4458 4519//4519
f 4458//4458 4460//4460 4519//4519
f 4519//4519 4460//4460 4520//4520
f 4460//4460 4462//4462 4520//4520
f 4520//4520 4462//4462 4521//4521
f 4462//4462 4464//4464 4521//4521
f 4521//4521 4464//4464 4522//4522
f 4464//4464 4466//4466 4522//4522
f 4522//4522 4466//4466 4523//4523
f 4466//4466 4468//4468 4523//4523
f 4523//4523 4468//4468 4524//4524
f 4468//4468 4470//4470 4524//4524
f 4524//4524 4470//4470 4525//4525
f 4470//4470 4472//4472 4525//4525
f 4525//4525 4472//4472 4526//4526
f 4472//4472 4474//4474 4526//4526
f 4526//4526 4474//4474 4527//4527
f 4474//4474 4476//4476 4527//4527
f 4527//4527 4476//4476 4528//4528
f 4476//4476 4478//4478 4528//4528
f 4528//4528 4478//4478 4529//4529
f 4478//4478 4480//4480 4529//4529
f 4529//4529 4480//4480 4530//4530
f 4480//4480 4482//4482 4530//4530
f 4530//4530 4482//4482 4531//4531
f 4482//4482 4484//4484 4531//4531
f 4531//4531 4484//4484 4532//4532
f 4484//4484 4486//4486 4532//4532
f 4532//4532 4486//4486 4533//4533
f 4486//4486 4488//4488 4533//4533
f 4533//4533 4488//4488 4534//4534
f 4488//4488 4490//4490 4534//4534
f 4534//4534 4490//4490 4535//4535
f 4490//4490 4492//4492 4535//4535
f 4535//4535 4492//4492 4536//4536
f 4492//4492 4494//4494 4536//4536
f 4536//4536 4494//4494 4537//4537
f 4494//4494 4496//4496 4537//4537
f 4537//4537 4496//4496 4538//4538
f 4496//4496 4498//4498 4538//4538
f 4538//4538 4498//4498 4539//4539
f 4498//4498 4500//4500 4539//4539
f 4539//4539 4500//4500 4540//4540
f 4500//4500 4502//4502 4540//4540
f 4540//4540 4502//4502 4541//4541
f 4502//4502 4504//4504 4541//4541
f 4541//4541 4504//4504 4542//4542
f 4504//4504 4506//4506 4542//4542
f 4542//4542 4506//4506 4543//4543
f 4506//4506 4508//4508 4543//4543
f 4543//4543 4508//4508 4544//4544
f 4508//4508 4510//4510 4544//4544
f 4544//4544 4510//4510 4545//4545
f 4510//4510 4512//4512 4545//4545
f 4545//4545 4512//4512 4546//4546
f 4512//4512 4514//4514 4546//4546
f 4546//4546 4514//4514 4547//4547
f 4514//4514 4516//4516 4547//4547
f 4547//4547 4516//4516 4227//4227
f 4516//4516 4226//4226 4227//4227
f 4227//4227 4226//4226 347//347
f 4226//4226 348//348 347//347
f 4459//4459 4397//4397 4461//4461
f 4397//4397 4399//4399 4461//4461
f 4461//4461 4399//4399 4463//4463
f 4399//4399 4401//4401 4463//4463
f 4463//4463 4401//4401 4465//4465
f 4401//4401 4403//4403 4465//4465
f 4465//4465 4403//4403 4467//4467
f 4403//4403 4405//4405 4467//4467
f 4467//4467 4405//4405 4469//4469
f 4405//4405 4407//4407 4469//4469
f 4469//4469 4407//4407 4471//4471
f 4407//4407 4409//4409 4471//4471
f 4471//4471 4409//4409 4473//4473
f 4409//4409 4411//4411 4473//4473
f 4473//4473 4411//4411 4475//4475
f 4411//4411 4413//4413 4475//4475
f 4475//4475 4413//4413 4477//4477
f 4413//4413 4415//4415 4477//4477
f 4477//4477 4415//4415 4479//4479
f 4415//4415 4417//4417 4479//4479
f 4479//4479 4417//4417 4481//4481
f 4417//4417 4419//4419 4481//4481
f 4481//4481 4419//4419 4483//4483
f 4419//4419 4421//4421 4483//4483
f 4483//4483 4421//4421 4485//4485
f 4421//4421 4423//4423 4485//4485
f 4485//4485 4423//4423 4487//4487
f 4423//4423 4425//4425 4487//4487
f 4487//4487 4425//4425 4489//4489
f 4425//4425 4427//4427 4489//4489
f 4489//4489 4427//4427 4491//4491
f 4427//4427 4429//4429 4491//4491
f 4491//4491 4429//4429 4493//4493
f 4429//4429 4431//4431 4493//4493
f 4493//4493 4431//4431 4495//4495
f 4431//4431 4433//4433 4495//4495
f 4495//4495 4433//4433 4497//4497
f 4433//4433 4435//4435 4497//4497
f 4497//4497 4435//4435 4499//4499
f 4435//4435 4437//4437 4499//4499
f 4499//4499 4437//4437 4501//4501
f 4437//4437 4439//4439 4501//4501
f 4501//4501 4439//4439 4503//4503
f 4439//4439 4441//4441 4503//4503
f 4503//4503 4441//4441 4505//4505
f 4441//4441 4443//4443 4505//4505
f 4505//4505 4443//4443 4507//4507
f 4443//4443 4445//4445 4507//4507
f 4507//4507 4445//4445 4509//4509
f 4445//4445 4447//4447 4509//4509
f 4509//4509 4447//4447 4511//4511
f 4447//4447 4449//4449 4511//4511
f 4511//4511 4449//4449 4513//4513
f 4449//4449 4451//4451 4513//4513
f 4513//4513 4451//4451 4515//4515
f 4451//4451 4453//4453 4515//4515
f 4515//4515 4453//4453 4517//4517
f 4453//4453 4455//4455 4517//4517
f 4517//4517 4455//4455 4228//4228
f 4455//4455 4229//4229 4228//4228
f 4228//4228 4229//4229 342//342
f 4229//4229 343//343 342//342
f 333//333 331//331 4232//4232
f 331//331 4230//4230 4232//4232
f 4232//4232 4230//4230 4548//4548
f 4549//4549 4548//4548 4550//4550
f 4548//4548 4230//4230 4550//4550
f 4550//4550 4230//4230 4551//4551
f 4230//4230 596//596 4551//4551
f 4551//4551 596//596 911//911
f 4231//4231 4232//4232 4552//4552
f 4232//4232 4548//4548 4552//4552
f 4552//4552 4548//4548 4553//4553
f 4548//4548 4549//4549 4553//4553
f 4553//4553 4549//4549 4554//4554
f 4549//4549 4555//4555 4554//4554
f 4554//4554 4555//4555 4556//4556
f 4220//4220 4219//4219 4557//4557
f 4219//4219 4558//4558 4557//4557
f 4557//4557 4558//4558 4559//4559
f 4558//4558 4560//4560 4559//4559
f 4559//4559 4560//4560 4561//4561
f 911//911 4218//4218 4551//4551
f 4218//4218 4220//4220 4551//4551
f 4551//4551 4220//4220 4550//4550
f 4220//4220 4557//4557 4550//4550
f 4550//4550 4557//4557 4549//4549
f 4557//4557 4559//4559 4549//4549
f 4549//4549 4559//4559 4555//4555
f 4559//4559 4561//4561 4555//4555
f 4301//4301 4562//4562 4563//4563
f 4562//4562 4564//4564 4563//4563
f 4563//4563 4564//4564 4565//4565
f 4564//4564 4566//4566 4565//4565
f 4565//4565 4566//4566 4567//4567
f 4566//4566 4568//4568 4567//4567
f 4567//4567 4568//4568 4569//4569
f 4568//4568 4570//4570 4569//4569
f 4569//4569 4570//4570 4571//4571
f 4570//4570 4572//4572 4571//4571
f 4571//4571 4572//4572 4573//4573
f 4572//4572 4574//4574 4573//4573
f 4573//4573 4574//4574 4575//4575
f 4574//4574 4576//4576 4575//4575
f 4575//4575 4576//4576 4577//4577
f 4576//4576 4578//4578 4577//4577
f 4577//4577 4578//4578 4579//4579
f 4578//4578 4580//4580 4579//4579
f 4579//4579 4580//4580 4581//4581
f 4580//4580 4582//4582 4581//4581
f 4581//4581 4582//4582 4583//4583
f 4582//4582 4584//4584 4583//4583
f 4583//4583 4584//4584 4585//4585
f 4584//4584 4586//4586 4585//4585
f 4585//4585 4586//4586 4587//4587
f 4586//4586 4588//4588 4587//4587
f 4587//4587 4588//4588 4589//4589
f 4588//4588 4590//4590 4589//4589
f 4589//4589 4590//4590 4591//4591
f 4590//4590 4592//4592 4591//4591
f 4591//4591 4592//4592 4593//4593
f 4592//4592 4594//4594 4593//4593
f 4593//4593 4594//4594 4595//4595
f 4594//4594 4596//4596 4595//4595
f 4595//4595 4596//4596 4597//4597
f 4596//4596 4598//4598 4597//4597
f 4597//4597 4598//4598 4599//4599
f 4598//4598 4600//4600 4599//4599
f 4599//4599 4600//4600 4601//4601
f 4600//4600 4602//4602 4601//4601
f 4601//4601 4602//4602 4603//4603
f 4602//4602 4604//4604 4603//4603
f 4603//4603 4604//4604 4605//4605
f 4604//4604 4606//4606 4605//4605
f 4605//4605 4606//4606 4607//4607
f 4606//4606 4608//4608 4607//4607
f 4607//4607 4608//4608 4609//4609
f 4608//4608 4243//4243 4609//4609
f 4609//4609 4243//4243 4238//4238
f 4243//4243 4245//4245 4238//4238
f 4238//4238 4245//4245 4239//4239
f 4301//4301 318//318 4562//4562
f 318//318 4299//4299 4562//4562
f 4562//4562 4299//4299 4564//4564
f 4299//4299 4297//4297 4564//4564
f 4564//4564 4297//4297 4566//4566
f 4297//4297 4294//4294 4566//4566
f 4566//4566 4294//4294 4568//4568
f 4294//4294 4293//4293 4568//4568
f 4568//4568 4293//4293 4570//4570
f 4293//4293 4291//4291 4570//4570
f 4570//4570 4291//4291 4572//4572
f 4291//4291 4289//4289 4572//4572
f 4572//4572 4289//4289 4574//4574
f 4289//4289 4287//4287 4574//4574
f 4574//4574 4287//4287 4576//4576
f 4287//4287 4285//4285 4576//4576
f 4576//4576 4285//4285 4578//4578
f 4285//4285 4283//4283 4578//4578
f 4578//4578 4283//4283 4580//4580
f 4283//4283 4281//4281 4580//4580
f 4580//4580 4281//4281 4582//4582
f 4281//4281 4279//4279 4582//4582
f 4582//4582 4279//4279 4584//4584
f 4279//4279 4277//4277 4584//4584
f 4584//4584 4277//4277 4586//4586
f 4277//4277 4275//4275 4586//4586
f 4586//4586 4275//4275 4588//4588
f 4275//4275 4273//4273 4588//4588
f 4588//4588 4273//4273 4590//4590
f 4273//4273 4270//4270 4590//4590
f 4590//4590 4270//4270 4592//4592
f 4270//4270 4267//4267 4592//4592
f 4592//4592 4267//4267 4594//4594
f 4267//4267 4264//4264 4594//4594
f 4594//4594 4264//4264 4596//4596
f 4264//4264 4261//4261 4596//4596
f 4596//4596 4261//4261 4598//4598
f 4261//4261 4257//4257 4598//4598
f 4598//4598 4257//4257 4600//4600
f 4257//4257 4253//4253 4600//4600
f 4600//4600 4253//4253 4602//4602
f 4253//4253 4250//4250 4602//4602
f 4602//4602 4250//4250 4604//4604
f 4250//4250 4247//4247 4604//4604
f 4604//4604 4247//4247 4606//4606
f 4247//4247 4224//4224 4606//4606
f 4606//4606 4224//4224 4608//4608
f 4224//4224 4223//4223 4608//4608
f 4608//4608 4223//4223 4243//4243
f 4223//4223 4222//4222 4243//4243
f 4243//4243 4222//4222 4241//4241
f 797//797 891//891 4221//4221
f 891//891 4610//4610 4221//4221
f 4221//4221 4610//4610 4611//4611
f 4610//4610 4612//4612 4611//4611
f 4611//4611 4612//4612 4613//4613
f 4612//4612 4614//4614 4613//4613
f 4613//4613 4614//4614 4615//4615
f 4614//4614 4616//4616 4615//4615
f 4615//4615 4616//4616 4617//4617
f 4616//4616 4618//4618 4617//4617
f 4617//4617 4618//4618 4619//4619
f 4618//4618 4620//4620 4619//4619
f 4619//4619 4620//4620 4621//4621
f 4620//4620 4622//4622 4621//4621
f 4621//4621 4622//4622 4623//4623
f 4622//4622 4624//4624 4623//4623
f 4623//4623 4624//4624 4625//4625
f 4624//4624 4626//4626 4625//4625
f 4625//4625 4626//4626 4627//4627
f 4626//4626 4628//4628 4627//4627
f 4627//4627 4628//4628 4629//4629
f 4628//4628 4630//4630 4629//4629
f 4629//4629 4630//4630 4631//4631
f 4630//4630 4632//4632 4631//4631
f 4631//4631 4632//4632 4633//4633
f 4632//4632 4634//4634 4633//4633
f 4633//4633 4634//4634 4635//4635
f 4634//4634 4636//4636 4635//4635
f 4635//4635 4636//4636 4637//4637
f 4636//4636 4638//4638 4637//4637
f 4637//4637 4638//4638 4639//4639
f 4638//4638 4640//4640 4639//4639
f 4639//4639 4640//4640 4641//4641
f 4640//4640 4642//4642 4641//4641
f 4641//4641 4642//4642 4643//4643
f 4642//4642 4644//4644 4643//4643
f 4643//4643 4644//4644 4645//4645
f 4644//4644 4646//4646 4645//4645
f 4645//4645 4646//4646 4647//4647
f 4646//4646 4648//4648 4647//4647
f 4647//4647 4648//4648 4649//4649
f 4648//4648 4650//4650 4649//4649
f 4649//4649 4650//4650 4651//4651
f 4650//4650 4652//4652 4651//4651
f 4651//4651 4652//4652 4653//4653
f 4652//4652 4654//4654 4653//4653
f 4653//4653 4654//4654 4655//4655
f 4654//4654 4656//4656 4655//4655
f 4655//4655 4656//4656 4657//4657
f 4656//4656 4658//4658 4657//4657
f 4657//4657 4658//4658 4659//4659
f 4658//4658 4660//4660 4659//4659
f 4659//4659 4660//4660 4661//4661
f 4660//4660 4236//4236 4661//4661
f 4661//4661 4236//4236 4662//4662
f 4236//4236 4234//4234 4662//4662
f 4662//4662 4234//4234 547//547
f 4234//4234 337//337 547//547
f 322//322 320//320 4303//4303
f 320//320 4302//4302 4303//4303
f 4303//4303 4302//4302 4663//4663
f 4302//4302 4664//4664 4663//4663
f 4663//4663 4664//4664 4665//4665
f 4664//4664 4666//4666 4665//4665
f 4665//4665 4666//4666 4667//4667
f 4666//4666 4668//4668 4667//4667
f 4667//4667 4668//4668 4669//4669
f 4668//4668 4670//4670 4669//4669
f 4669//4669 4670//4670 4671//4671
f 4670//4670 4672//4672 4671//4671
f 4671//4671 4672//4672 4673//4673
f 4672//4672 4674//4674 4673//4673
f 4673//4673 4674//4674 4675//4675
f 4674//4674 4676//4676 4675//4675
f 4675//4675 4676//4676 4677//4677
f 4676//4676 4678//4678 4677//4677
f 4677//4677 4678//4678 4679//4679
f 4678//4678 4680//4680 4679//4679
f 4679//4679 4680//4680 4681//4681
f 4680//4680 4682//4682 4681//4681
f 4681//4681 4682//4682 4683//4683
f 4682//4682 4684//4684 4683//4683
f 4683//4683 4684//4684 4685//4685
f 4684//4684 4686//4686 4685//4685
f 4685//4685 4686//4686 4687//4687
f 4686//4686 4688//4688 4687//4687
f 4687//4687 4688//4688 4689//4689
f 4688//4688 4690//4690 4689//4689
f 4689//4689 4690//4690 4691//4691
f 4690//4690 4692//4692 4691//4691
f 4691//4691 4692//4692 4693//4693
f 4692//4692 4694//4694 4693//4693
f 4693//4693 4694//4694 4695//4695
f 4694//4694 4696//4696 4695//4695
f 4695//4695 4696//4696 4697//4697
f 4696//4696 4698//4698 4697//4697
f 4697//4697 4698//4698 4699//4699
f 4698//4698 4700//4700 4699//4699
f 4699//4699 4700//4700 4701//4701
f 4700//4700 4702//4702 4701//4701
f 4701//4701 4702//4702 4703//4703
f 4702//4702 4704//4704 4703//4703
f 4703//4703 4704//4704 4705//4705
f 4704//4704 4706//4706 4705//4705
f 4705//4705 4706//4706 4707//4707
f 4706//4706 4556//4556 4707//4707
f 4707//4707 4556//4556 4708//4708
f 4556//4556 4555//4555 4708//4708
f 4708//4708 4555//4555 4709//4709
f 4555//4555 4561//4561 4709//4709
f 319//319 403//403 4302//4302
f 403//403 4221//4221 4302//4302
f 4302//4302 4221//4221 4664//4664
f 4221//4221 4611//4611 4664//4664
f 4664//4664 4611//4611 4666//4666
f 4611//4611 4613//4613 4666//4666
f 4666//4666 4613//4613 4668//4668
f 4613//4613 4615//4615 4668//4668
f 4668//4668 4615//4615 4670//4670
f 4615//4615 4617//4617 4670//4670
f 4670//4670 4617//4617 4672//4672
f 4617//4617 4619//4619 4672//4672
f 4672//4672 4619//4619 4674//4674
f 4619//4619 4621//4621 4674//4674
f 4674//4674 4621//4621 4676//4676
f 4621//4621 4623//4623 4676//4676
f 4676//4676 4623//4623 4678//4678
f 4623//4623 4625//4625 4678//4678
f 4678//4678 4625//4625 4680//4680
f 4625//4625 4627//4627 4680//4680
f 4680//4680 4627//4627 4682//4682
f 4627//4627 4629//4629 4682//4682
f 4682//4682 4629//4629 4684//4684
f 4629//4629 4631//4631 4684//4684
f 4684//4684 4631//4631 4686//4686
f 4631//4631 4633//4633 4686//4686
f 4686//4686 4633//4633 4688//4688
f 4633//4633 4635//4635 4688//4688
f 4688//4688 4635//4635 4690//4690
f 4635//4635 4637//4637 4690//4690
f 4690//4690 4637//4637 4692//4692
f 4637//4637 4639//4639 4692//4692
f 4692//4692 4639//4639 4694//4694
f 4639//4639 4641//4641 4694//4694
f 4694//4694 4641//4641 4696//4696
f 4641//4641 4643//4643 4696//4696
f 4696//4696 4643//4643 4698//4698
f 4643//4643 4645//4645 4698//4698
f 4698//4698 4645//4645 4700//4700
f 4645//4645 4647//4647 4700//4700
f 4700//4700 4647//4647 4702//4702
f 4647//4647 4649//4649 4702//4702
f 4702//4702 4649//4649 4704//4704
f 4649//4649 4651//4651 4704//4704
f 4704//4704 4651//4651 4706//4706
f 4651//4651 4653//4653 4706//4706
f 4706//4706 4653//4653 4556//4556
f 4653//4653 4655//4655 4556//4556
f 4556//4556 4655//4655 4554//4554
f 4655//4655 4657//4657 4554//4554
f 4554//4554 4657//4657 4553//4553
f 4657//4657 4659//4659 4553//4553
f 4553//4553 4659//4659 4552//4552
f 4659//4659 4661//4661 4552//4552
f 4552//4552 4661//4661 4231//4231
f 4661//4661 4662//4662 4231//4231
f 4231//4231 4662//4662 334//334
f 4662//4662 547//547 334//334
f 891//891 820//820 4610//4610
f 820//820 4301//4301 4610//4610
f 4610//4610 4301//4301 4612//4612
f 4301//4301 4563//4563 4612//4612
f 4612//4612 4563//4563 4614//4614
f 4563//4563 4565//4565 4614//4614
f 4614//4614 4565//4565 4616//4616
f 4565//4565 4567//4567 4616//4616
f 4616//4616 4567//4567 4618//4618
f 4567//4567 4569//4569 4618//4618
f 4618//4618 4569//4569 4620//4620
f 4569//4569 4571//4571 4620//4620
f 4620//4620 4571//4571 4622//4622
f 4571//4571 4573//4573 4622//4622
f 4622//4622 4573//4573 4624//4624
f 4573//4573 4575//4575 4624//4624
f 4624//4624 4575//4575 4626//4626
f 4575//4575 4577//4577 4626//4626
f 4626//4626 4577//4577 4628//4628
f 4577//4577 4579//4579 4628//4628
f 4628//4628 4579//4579 4630//4630
f 4579//4579 4581//4581 4630//4630
f 4630//4630 4581//4581 4632//4632
f 4581//4581 4583//4583 4632//4632
f 4632//4632 4583//4583 4634//4634
f 4583//4583 4585//4585 4634//4634
f 4634//4634 4585//4585 4636//4636
f 4585//4585 4587//4587 4636//4636
f 4636//4636 4587//4587 4638//4638
f 4587//4587 4589//4589 4638//4638
f 4638//4638 4589//4589 4640//4640
f 4589//4589 4591//4591 4640//4640
f 4640//4640 4591//4591 4642//4642
f 4591//4591 4593//4593 4642//4642
f 4642//4642 4593//4593 4644//4644
f 4593//4593 4595//4595 4644//4644
f 4644//4644 4595//4595 4646//4646
f 4595//4595 4597//4597 4646//4646
f 4646//4646 4597//4597 4648//4648
f 4597//4597 4599//4599 4648//4648
f 4648//4648 4599//4599 4650//4650
f 4599//4599 4601//4601 4650//4650
f 4650//4650 4601//4601 4652//4652
f 4601//4601 4603//4603 4652//4652
f 4652//4652 4603//4603 4654//4654
f 4603//4603 4605//4605 4654//4654
f 4654//4654 4605//4605 4656//4656
f 4605//4605 4607//4607 4656//4656
f 4656//4656 4607//4607 4658//4658
f 4607//4607 4609//4609 4658//4658
f 4658//4658 4609//4609 4660//4660
f 4609//4609 4238//4238 4660//4660
f 4660//4660 4238//4238 4236//4236
f 4238//4238 4240//4240 4236//4236
f 4236//4236 4240//4240 4237//4237
f 393//393 392//392 4305//4305
f 392//392 762//762 4305//4305
f 4305//4305 762//762 4518//4518
f 762//762 761//761 4518//4518
f 4518//4518 761//761 4458//4458
f 761//761 325//325 4458//4458
f 4458//4458 325//325 4459//4459
f 325//325 396//396 4459//4459
f 4459//4459 396//396 4397//4397
f 396//396 398//398 4397//4397
f 4397//4397 398//398 4398//4398
f 398//398 400//400 4398//4398
f 4398//4398 400//400 4335//4335
f 400//400 323//323 4335//4335
f 4335//4335 323//323 4336//4336
f 323//323 4303//4303 4336//4336
f 4336//4336 4303//4303 4338//4338
f 4303//4303 4663//4663 4338//4338
f 4338//4338 4663//4663 4340//4340
f 4663//4663 4665//4665 4340//4340
f 4340//4340 4665//4665 4342//4342
f 4665//4665 4667//4667 4342//4342
f 4342//4342 4667//4667 4344//4344
f 4667//4667 4669//4669 4344//4344
f 4344//4344 4669//4669 4346//4346
f 4669//4669 4671//4671 4346//4346
f 4346//4346 4671//4671 4348//4348
f 4671//4671 4673//4673 4348//4348
f 4348//4348 4673//4673 4350//4350
f 4673//4673 4675//4675 4350//4350
f 4350//4350 4675//4675 4352//4352
f 4675//4675 4677//4677 4352//4352
f 4352//4352 4677//4677 4354//4354
f 4677//4677 4679//4679 4354//4354
f 4354//4354 4679//4679 4356//4356
f 4679//4679 4681//4681 4356//4356
f 4356//4356 4681//4681 4358//4358
f 4681//4681 4683//4683 4358//4358
f 4358//4358 4683//4683 4360//4360
f 4683//4683 4685//4685 4360//4360
f 4360//4360 4685//4685 4362//4362
f 4685//4685 4687//4687 4362//4362
f 4362//4362 4687//4687 4364//4364
f 4687//4687 4689//4689 4364//4364
f 4364//4364 4689//4689 4366//4366
f 4689//4689 4691//4691 4366//4366
f 4366//4366 4691//4691 4368//4368
f 4691//4691 4693//4693 4368//4368
f 4368//4368 4693//4693 4370//4370
f 4693//4693 4695//4695 4370//4370
f 4370//4370 4695//4695 4372//4372
f 4695//4695 4697//4697 4372//4372
f 4372//4372 4697//4697 4374//4374
f 4697//4697 4699//4699 4374//4374
f 4374//4374 4699//4699 4376//4376
f 4699//4699 4701//4701 4376//4376
f 4376//4376 4701//4701 4378//4378
f 4701//4701 4703//4703 4378//4378
f 4378//4378 4703//4703 4380//4380
f 4703//4703 4705//4705 4380//4380
f 4380//4380 4705//4705 4382//4382
f 4705//4705 4707//4707 4382//4382
f 4382//4382 4707//4707 4384//4384
f 4707//4707 4708//4708 4384//4384
f 4384//4384 4708//4708 4386//4386
f 4708//4708 4709//4709 4386//4386
f 4386//4386 4709//4709 4388//4388
f 4709//4709 4561//4561 4388//4388
f 4388//4388 4561//4561 4390//4390
f 4561//4561 4560//4560 4390//4390
f 4390//4390 4560//4560 4392//4392
f 4560//4560 4558//4558 4392//4392
f 4392//4392 4558//4558 4394//4394
f 4558//4558 4219//4219 4394//4394
f 4394//4394 4219//4219 4396//4396
f 4219//4219 4218//4218 4396//4396
f 4396//4396 4218//4218 678//678
f 4218//4218 911//911 678//678
f 4710//4710 4711//4711 4712//4712
f 4713//4713 4714//4714 4715//4715
f 4716//4716 4717//4717 4718//4718
f 4719//4719 4720//4720 4721//4721
f 4722//4722 4723//4723 4724//4724
f 4725//4725 4726//4726 4727//4727
f 4728//4728 4727//4727 4729//4729
f 4730//4730 4731//4731 4732//4732
f 4733//4733 4734//4734 4735//4735
f 4736//4736 4737//4737 4738//4738
f 4737//4737 4736//4736 4739//4739
f 4740//4740 4741//4741 4742//4742
f 279//279 277//277 4743//4743
f 237//237 234//234 4744//4744
f 1066//1066 1073//1073 4745//4745
f 1072//1072 1070//1070 4746//4746
f 1075//1075 1074//1074 4747//4747
f 1082//1082 1083//1083 4748//4748
f 1085//1085 4749//4749 4732//4732
f 4750//4750 4751//4751 4752//4752
f 4753//4753 1928//1928 1927//1927
f 1956//1956 1955//1955 4754//4754
f 1955//1955 4755//4755 4754//4754
f 1980//1980 1978//1978 4756//4756
f 287//287 286//286 4757//4757
f 286//286 284//284 4757//4757
f 287//287 4757//4757 1982//1982
f 4757//4757 4758//4758 1982//1982
f 1982//1982 4758//4758 2026//2026
f 4759//4759 1973//1973 4756//4756
f 1973//1973 1981//1981 4756//4756
f 4756//4756 1981//1981 1980//1980
f 1968//1968 1976//1976 4760//4760
f 1976//1976 1975//1975 4760//4760
f 4761//4761 1970//1970 1969//1969
f 1970//1970 4761//4761 1971//1971
f 4761//4761 4762//4762 1971//1971
f 1971//1971 4762//4762 1965//1965
f 1965//1965 4762//4762 1963//1963
f 4762//4762 4763//4763 1963//1963
f 1963//1963 4763//4763 1962//1962
f 4755//4755 1955//1955 4763//4763
f 1955//1955 1960//1960 4763//4763
f 4763//4763 1960//1960 1962//1962
f 1956//1956 4754//4754 1957//1957
f 4754//4754 4764//4764 1957//1957
f 1957//1957 4764//4764 1953//1953
f 4752//4752 4751//4751 1927//1927
f 4751//4751 4765//4765 1927//1927
f 1927//1927 4765//4765 4753//4753
f 4766//4766 4767//4767 4768//4768
f 4768//4768 4769//4769 4766//4766
f 4769//4769 4770//4770 4766//4766
f 4766//4766 4770//4770 4771//4771
f 4770//4770 4772//4772 4771//4771
f 4771//4771 4772//4772 4750//4750
f 4773//4773 4767//4767 4774//4774
f 4775//4775 4776//4776 4773//4773
f 4776//4776 4777//4777 4773//4773
f 4773//4773 4777//4777 4767//4767
f 4777//4777 4778//4778 4767//4767
f 4767//4767 4778//4778 4768//4768
f 4775//4775 4773//4773 4779//4779
f 4773//4773 4780//4780 4779//4779
f 4779//4779 4780//4780 4781//4781
f 4781//4781 4780//4780 4782//4782
f 4780//4780 4783//4783 4782//4782
f 4782//4782 4783//4783 4784//4784
f 4783//4783 4785//4785 4784//4784
f 4784//4784 4785//4785 4786//4786
f 4787//4787 4788//4788 4789//4789
f 4790//4790 4791//4791 4792//4792
f 4791//4791 4793//4793 4792//4792
f 4794//4794 4795//4795 4793//4793
f 4795//4795 4796//4796 4793//4793
f 4793//4793 4796//4796 4792//4792
f 1089//1089 1088//1088 4797//4797
f 1088//1088 1087//1087 4797//4797
f 4797//4797 1087//1087 4798//4798
f 1087//1087 1090//1090 4798//4798
f 4798//4798 1090//1090 4799//4799
f 1090//1090 1058//1058 4799//4799
f 4799//4799 1058//1058 4800//4800
f 1058//1058 1056//1056 4800//4800
f 1085//1085 4732//4732 1086//1086
f 4732//4732 4731//4731 1086//1086
f 1086//1086 4731//4731 1051//1051
f 1075//1075 4747//4747 1069//1069
f 212//212 1067//1067 214//214
f 1067//1067 4801//4801 214//214
f 219//219 217//217 4801//4801
f 217//217 216//216 4801//4801
f 4801//4801 216//216 214//214
f 221//221 4802//4802 222//222
f 4802//4802 4803//4803 222//222
f 222//222 4803//4803 224//224
f 4804//4804 228//228 4803//4803
f 228//228 226//226 4803//4803
f 4803//4803 226//226 224//224
f 232//232 231//231 4804//4804
f 231//231 230//230 4804//4804
f 4804//4804 230//230 228//228
f 240//240 239//239 4805//4805
f 239//239 238//238 4805//4805
f 4805//4805 238//238 237//237
f 4806//4806 243//243 242//242
f 4807//4807 246//246 4806//4806
f 246//246 245//245 4806//4806
f 4806//4806 245//245 243//243
f 253//253 4808//4808 251//251
f 4808//4808 4809//4809 251//251
f 251//251 4809//4809 249//249
f 4809//4809 247//247 249//249
f 261//261 259//259 4810//4810
f 259//259 257//257 4810//4810
f 4810//4810 257//257 4809//4809
f 257//257 256//256 4809//4809
f 4809//4809 256//256 247//247
f 261//261 4810//4810 263//263
f 4810//4810 4811//4811 263//263
f 263//263 4811//4811 264//264
f 4812//4812 266//266 265//265
f 4812//4812 265//265 4811//4811
f 265//265 198//198 4811//4811
f 4811//4811 198//198 264//264
f 277//277 276//276 4743//4743
f 276//276 270//270 4743//4743
f 4743//4743 270//270 4812//4812
f 270//270 268//268 4812//4812
f 4812//4812 268//268 266//266
f 274//274 282//282 4813//4813
f 282//282 281//281 4813//4813
f 284//284 283//283 4757//4757
f 283//283 272//272 4757//4757
f 4757//4757 272//272 274//274
f 4814//4814 4815//4815 4816//4816
f 4817//4817 4818//4818 4815//4815
f 4818//4818 4819//4819 4815//4815
f 4815//4815 4819//4819 4816//4816
f 4816//4816 4820//4820 4814//4814
f 4820//4820 4742//4742 4814//4814
f 4814//4814 4742//4742 4821//4821
f 4742//4742 4741//4741 4821//4821
f 2026//2026 4758//4758 1977//1977
f 4758//4758 4822//4822 1977//1977
f 1977//1977 4822//4822 1978//1978
f 4822//4822 4823//4823 1978//1978
f 1978//1978 4823//4823 4756//4756
f 4823//4823 4824//4824 4756//4756
f 4756//4756 4824//4824 4759//4759
f 4758//4758 4825//4825 4822//4822
f 4825//4825 4826//4826 4822//4822
f 4822//4822 4826//4826 4823//4823
f 4826//4826 4827//4827 4823//4823
f 4823//4823 4827//4827 4824//4824
f 4827//4827 4760//4760 4824//4824
f 4824//4824 4760//4760 4759//4759
f 4760//4760 1975//1975 4759//4759
f 4759//4759 1975//1975 1973//1973
f 4828//4828 4821//4821 4829//4829
f 4821//4821 4741//4741 4829//4829
f 4829//4829 4741//4741 4830//4830
f 4741//4741 4740//4740 4830//4830
f 4830//4830 4740//4740 4831//4831
f 4736//4736 4832//4832 4739//4739
f 4832//4832 4833//4833 4739//4739
f 4739//4739 4833//4833 4834//4834
f 4833//4833 4835//4835 4834//4834
f 4834//4834 4835//4835 4836//4836
f 4835//4835 4837//4837 4836//4836
f 4836//4836 4837//4837 4838//4838
f 4837//4837 4839//4839 4838//4838
f 4838//4838 4839//4839 4840//4840
f 4839//4839 4841//4841 4840//4840
f 4842//4842 4841//4841 4843//4843
f 4841//4841 4839//4839 4843//4843
f 4843//4843 4839//4839 4844//4844
f 4839//4839 4837//4837 4844//4844
f 4844//4844 4837//4837 4845//4845
f 4837//4837 4835//4835 4845//4845
f 4845//4845 4835//4835 4846//4846
f 4835//4835 4833//4833 4846//4846
f 4846//4846 4833//4833 4847//4847
f 4833//4833 4832//4832 4847//4847
f 4848//4848 4849//4849 4850//4850
f 4849//4849 4851//4851 4850//4850
f 4850//4850 4851//4851 4852//4852
f 4851//4851 4853//4853 4852//4852
f 4852//4852 4853//4853 4854//4854
f 4853//4853 4855//4855 4854//4854
f 4854//4854 4855//4855 4856//4856
f 4855//4855 4857//4857 4856//4856
f 4856//4856 4857//4857 4858//4858
f 4857//4857 4859//4859 4858//4858
f 4860//4860 4859//4859 4861//4861
f 4859//4859 4857//4857 4861//4861
f 4861//4861 4857//4857 4862//4862
f 4857//4857 4855//4855 4862//4862
f 4862//4862 4855//4855 4863//4863
f 4855//4855 4853//4853 4863//4863
f 4863//4863 4853//4853 4864//4864
f 4853//4853 4851//4851 4864//4864
f 4864//4864 4851//4851 4865//4865
f 4851//4851 4849//4849 4865//4865
f 4866//4866 4867//4867 4868//4868
f 4867//4867 4869//4869 4868//4868
f 4868//4868 4869//4869 4870//4870
f 4869//4869 4871//4871 4870//4870
f 4870//4870 4871//4871 4872//4872
f 4871//4871 4873//4873 4872//4872
f 4872//4872 4873//4873 4874//4874
f 4873//4873 4789//4789 4874//4874
f 4874//4874 4789//4789 4875//4875
f 4789//4789 4788//4788 4875//4875
f 4875//4875 4788//4788 4876//4876
f 4877//4877 4866//4866 4878//4878
f 4866//4866 4868//4868 4878//4878
f 4878//4878 4868//4868 4879//4879
f 4868//4868 4870//4870 4879//4879
f 4879//4879 4870//4870 4880//4880
f 4870//4870 4872//4872 4880//4880
f 4880//4880 4872//4872 4881//4881
f 4872//4872 4874//4874 4881//4881
f 4881//4881 4874//4874 4882//4882
f 4874//4874 4875//4875 4882//4882
f 4882//4882 4875//4875 4785//4785
f 4875//4875 4876//4876 4785//4785
f 4785//4785 4876//4876 4786//4786
f 4865//4865 4883//4883 4864//4864
f 4883//4883 4884//4884 4864//4864
f 4864//4864 4884//4884 4863//4863
f 4884//4884 4885//4885 4863//4863
f 4863//4863 4885//4885 4862//4862
f 4885//4885 4886//4886 4862//4862
f 4862//4862 4886//4886 4861//4861
f 4886//4886 4887//4887 4861//4861
f 4861//4861 4887//4887 4860//4860
f 4887//4887 4888//4888 4860//4860
f 4889//4889 4888//4888 4890//4890
f 4888//4888 4887//4887 4890//4890
f 4890//4890 4887//4887 4891//4891
f 4887//4887 4886//4886 4891//4891
f 4891//4891 4886//4886 4892//4892
f 4886//4886 4885//4885 4892//4892
f 4892//4892 4885//4885 4893//4893
f 4885//4885 4884//4884 4893//4893
f 4893//4893 4884//4884 4894//4894
f 4884//4884 4883//4883 4894//4894
f 4895//4895 4896//4896 4897//4897
f 4896//4896 4898//4898 4897//4897
f 4897//4897 4898//4898 4899//4899
f 4898//4898 4900//4900 4899//4899
f 4899//4899 4900//4900 4901//4901
f 4900//4900 4902//4902 4901//4901
f 4901//4901 4902//4902 4903//4903
f 4894//4894 4895//4895 4893//4893
f 4895//4895 4897//4897 4893//4893
f 4893//4893 4897//4897 4892//4892
f 4897//4897 4899//4899 4892//4892
f 4892//4892 4899//4899 4891//4891
f 4899//4899 4901//4901 4891//4891
f 4891//4891 4901//4901 4890//4890
f 4901//4901 4903//4903 4890//4890
f 4890//4890 4903//4903 4889//4889
f 4903//4903 4904//4904 4889//4889
f 4889//4889 4904//4904 4905//4905
f 4832//4832 4906//4906 4847//4847
f 4906//4906 4907//4907 4847//4847
f 4847//4847 4907//4907 4846//4846
f 4907//4907 4908//4908 4846//4846
f 4846//4846 4908//4908 4845//4845
f 4908//4908 4909//4909 4845//4845
f 4845//4845 4909//4909 4844//4844
f 4909//4909 4910//4910 4844//4844
f 4844//4844 4910//4910 4843//4843
f 4910//4910 4911//4911 4843//4843
f 4843//4843 4911//4911 4842//4842
f 4911//4911 4912//4912 4842//4842
f 4828//4828 4829//4829 4913//4913
f 4829//4829 4830//4830 4913//4913
f 4913//4913 4830//4830 4914//4914
f 4830//4830 4831//4831 4914//4914
f 4914//4914 4831//4831 4915//4915
f 4831//4831 4916//4916 4915//4915
f 4915//4915 4916//4916 4917//4917
f 4916//4916 4918//4918 4917//4917
f 4917//4917 4918//4918 4919//4919
f 4734//4734 4733//4733 4920//4920
f 4733//4733 4912//4912 4920//4920
f 4912//4912 4911//4911 4920//4920
f 4920//4920 4911//4911 4921//4921
f 4911//4911 4910//4910 4921//4921
f 4921//4921 4910//4910 4922//4922
f 4910//4910 4909//4909 4922//4922
f 4922//4922 4909//4909 4923//4923
f 4909//4909 4908//4908 4923//4923
f 4923//4923 4908//4908 4924//4924
f 4908//4908 4907//4907 4924//4924
f 4924//4924 4907//4907 4925//4925
f 4907//4907 4906//4906 4925//4925
f 4926//4926 4927//4927 4928//4928
f 4927//4927 4929//4929 4928//4928
f 4928//4928 4929//4929 4930//4930
f 4929//4929 4931//4931 4930//4930
f 4930//4930 4931//4931 4932//4932
f 4931//4931 4933//4933 4932//4932
f 4932//4932 4933//4933 4934//4934
f 4933//4933 4935//4935 4934//4934
f 4934//4934 4935//4935 4936//4936
f 4935//4935 4937//4937 4936//4936
f 274//274 4813//4813 4757//4757
f 4813//4813 4926//4926 4757//4757
f 4757//4757 4926//4926 4758//4758
f 4926//4926 4928//4928 4758//4758
f 4758//4758 4928//4928 4825//4825
f 4928//4928 4930//4930 4825//4825
f 4825//4825 4930//4930 4826//4826
f 4930//4930 4932//4932 4826//4826
f 4826//4826 4932//4932 4827//4827
f 4932//4932 4934//4934 4827//4827
f 4827//4827 4934//4934 4760//4760
f 4934//4934 4936//4936 4760//4760
f 4760//4760 4936//4936 1968//1968
f 4938//4938 4937//4937 4939//4939
f 4937//4937 4935//4935 4939//4939
f 4939//4939 4935//4935 4940//4940
f 4935//4935 4933//4933 4940//4940
f 4940//4940 4933//4933 4941//4941
f 4933//4933 4931//4931 4941//4941
f 4941//4941 4931//4931 4942//4942
f 4931//4931 4929//4929 4942//4942
f 4942//4942 4929//4929 4943//4943
f 4929//4929 4927//4927 4943//4943
f 4943//4943 4927//4927 4944//4944
f 4927//4927 4926//4926 4944//4944
f 4944//4944 4926//4926 4945//4945
f 4926//4926 4813//4813 4945//4945
f 4945//4945 4813//4813 4743//4743
f 4813//4813 281//281 4743//4743
f 4743//4743 281//281 279//279
f 1969//1969 1968//1968 4761//4761
f 1968//1968 4936//4936 4761//4761
f 4761//4761 4936//4936 4762//4762
f 4936//4936 4937//4937 4762//4762
f 4762//4762 4937//4937 4763//4763
f 4937//4937 4938//4938 4763//4763
f 4763//4763 4938//4938 4755//4755
f 4938//4938 4946//4946 4755//4755
f 4755//4755 4946//4946 4754//4754
f 4946//4946 4947//4947 4754//4754
f 4754//4754 4947//4947 4764//4764
f 4947//4947 4948//4948 4764//4764
f 4764//4764 4948//4948 1953//1953
f 4949//4949 4950//4950 4951//4951
f 4950//4950 4952//4952 4951//4951
f 4951//4951 4952//4952 4953//4953
f 4952//4952 4954//4954 4953//4953
f 4953//4953 4954//4954 4955//4955
f 4954//4954 4956//4956 4955//4955
f 4955//4955 4956//4956 4957//4957
f 4956//4956 4958//4958 4957//4957
f 4957//4957 4958//4958 4959//4959
f 4958//4958 4960//4960 4959//4959
f 4959//4959 4960//4960 4961//4961
f 4960//4960 4962//4962 4961//4961
f 4961//4961 4962//4962 4963//4963
f 4962//4962 4964//4964 4963//4963
f 4963//4963 4964//4964 4965//4965
f 4964//4964 4966//4966 4965//4965
f 4965//4965 4966//4966 4967//4967
f 4771//4771 4968//4968 4766//4766
f 4968//4968 4969//4969 4766//4766
f 4766//4766 4969//4969 4767//4767
f 4969//4969 4970//4970 4767//4767
f 4767//4767 4970//4970 4774//4774
f 253//253 246//246 4808//4808
f 246//246 4807//4807 4808//4808
f 4808//4808 4807//4807 4809//4809
f 4807//4807 4817//4817 4809//4809
f 4809//4809 4817//4817 4810//4810
f 4817//4817 4815//4815 4810//4810
f 4810//4810 4815//4815 4811//4811
f 4815//4815 4814//4814 4811//4811
f 4811//4811 4814//4814 4812//4812
f 4814//4814 4821//4821 4812//4812
f 4812//4812 4821//4821 4743//4743
f 4821//4821 4828//4828 4743//4743
f 4743//4743 4828//4828 4945//4945
f 4828//4828 4913//4913 4945//4945
f 4945//4945 4913//4913 4944//4944
f 4913//4913 4914//4914 4944//4944
f 4944//4944 4914//4914 4943//4943
f 4914//4914 4915//4915 4943//4943
f 4943//4943 4915//4915 4942//4942
f 4915//4915 4917//4917 4942//4942
f 4942//4942 4917//4917 4941//4941
f 4917//4917 4919//4919 4941//4941
f 4941//4941 4919//4919 4940//4940
f 4919//4919 4971//4971 4940//4940
f 4940//4940 4971//4971 4939//4939
f 4971//4971 4972//4972 4939//4939
f 4939//4939 4972//4972 4938//4938
f 4972//4972 4973//4973 4938//4938
f 4938//4938 4973//4973 4946//4946
f 4973//4973 4974//4974 4946//4946
f 4946//4946 4974//4974 4947//4947
f 4974//4974 4975//4975 4947//4947
f 4947//4947 4975//4975 4948//4948
f 4975//4975 4752//4752 4948//4948
f 4948//4948 4752//4752 1953//1953
f 4752//4752 1927//1927 1953//1953
f 1080//1080 1082//1082 4976//4976
f 1082//1082 4748//4748 4976//4976
f 4976//4976 4748//4748 4977//4977
f 4748//4748 4978//4978 4977//4977
f 4977//4977 4978//4978 4979//4979
f 4978//4978 4980//4980 4979//4979
f 4979//4979 4980//4980 4981//4981
f 1074//1074 1078//1078 4747//4747
f 1078//1078 1080//1080 4747//4747
f 4747//4747 1080//1080 4982//4982
f 1080//1080 4976//4976 4982//4982
f 4982//4982 4976//4976 4983//4983
f 4976//4976 4977//4977 4983//4983
f 4983//4983 4977//4977 4729//4729
f 4977//4977 4979//4979 4729//4729
f 4729//4729 4979//4979 4728//4728
f 4979//4979 4981//4981 4728//4728
f 4728//4728 4981//4981 4984//4984
f 4723//4723 4730//4730 4985//4985
f 4730//4730 4732//4732 4985//4985
f 4732//4732 4749//4749 4985//4985
f 4985//4985 4749//4749 4986//4986
f 4726//4726 4725//4725 4987//4987
f 4725//4725 4988//4988 4987//4987
f 4987//4987 4988//4988 4989//4989
f 4988//4988 4990//4990 4989//4989
f 4989//4989 4990//4990 4991//4991
f 4990//4990 4992//4992 4991//4991
f 4991//4991 4992//4992 4993//4993
f 4950//4950 4735//4735 4952//4952
f 4735//4735 4734//4734 4952//4952
f 4952//4952 4734//4734 4954//4954
f 4734//4734 4920//4920 4954//4954
f 4954//4954 4920//4920 4956//4956
f 4920//4920 4921//4921 4956//4956
f 4956//4956 4921//4921 4958//4958
f 4921//4921 4922//4922 4958//4958
f 4958//4958 4922//4922 4960//4960
f 4922//4922 4923//4923 4960//4960
f 4960//4960 4923//4923 4962//4962
f 4923//4923 4924//4924 4962//4962
f 4962//4962 4924//4924 4964//4964
f 4924//4924 4925//4925 4964//4964
f 4964//4964 4925//4925 4966//4966
f 4925//4925 4906//4906 4966//4966
f 4966//4966 4906//4906 4967//4967
f 4906//4906 4832//4832 4967//4967
f 4967//4967 4832//4832 4994//4994
f 4832//4832 4736//4736 4994//4994
f 4994//4994 4736//4736 4995//4995
f 4736//4736 4738//4738 4995//4995
f 4995//4995 4738//4738 4996//4996
f 4738//4738 4997//4997 4996//4996
f 4996//4996 4997//4997 4998//4998
f 4997//4997 4999//4999 4998//4998
f 4998//4998 4999//4999 5000//5000
f 4999//4999 5001//5001 5000//5000
f 5000//5000 5001//5001 5002//5002
f 5001//5001 5003//5003 5002//5002
f 5002//5002 5003//5003 5004//5004
f 5003//5003 5005//5005 5004//5004
f 5004//5004 5005//5005 5006//5006
f 5005//5005 5007//5007 5006//5006
f 5006//5006 5007//5007 5008//5008
f 5009//5009 5010//5010 5011//5011
f 5010//5010 5012//5012 5011//5011
f 5011//5011 5012//5012 5013//5013
f 5012//5012 5014//5014 5013//5013
f 5013//5013 5014//5014 5015//5015
f 4718//4718 4717//4717 5016//5016
f 5009//5009 4993//4993 5010//5010
f 4993//4993 4992//4992 5010//5010
f 5010//5010 4992//4992 5012//5012
f 4992//4992 5016//5016 5012//5012
f 5012//5012 5016//5016 5014//5014
f 5016//5016 4717//4717 5014//5014
f 5014//5014 4717//4717 5015//5015
f 4717//4717 4716//4716 5015//5015
f 5008//5008 5017//5017 5006//5006
f 5017//5017 5018//5018 5006//5006
f 5006//5006 5018//5018 5004//5004
f 5018//5018 5019//5019 5004//5004
f 5004//5004 5019//5019 5002//5002
f 5019//5019 5020//5020 5002//5002
f 5002//5002 5020//5020 5000//5000
f 5020//5020 5021//5021 5000//5000
f 5000//5000 5021//5021 4998//4998
f 5021//5021 5022//5022 4998//4998
f 4998//4998 5022//5022 4996//4996
f 5022//5022 5023//5023 4996//4996
f 4996//4996 5023//5023 4995//4995
f 4800//4800 5024//5024 4799//4799
f 5024//5024 5025//5025 4799//4799
f 4799//4799 5025//5025 4798//4798
f 5025//5025 4986//4986 4798//4798
f 4798//4798 4986//4986 4797//4797
f 4986//4986 4749//4749 4797//4797
f 4797//4797 4749//4749 1089//1089
f 4749//4749 1085//1085 1089//1089
f 5026//5026 5027//5027 5028//5028
f 5027//5027 5029//5029 5028//5028
f 5028//5028 5029//5029 5030//5030
f 5029//5029 5031//5031 5030//5030
f 5030//5030 5031//5031 5032//5032
f 5031//5031 5033//5033 5032//5032
f 5032//5032 5033//5033 5034//5034
f 5033//5033 5035//5035 5034//5034
f 5034//5034 5035//5035 5036//5036
f 5035//5035 5037//5037 5036//5036
f 5038//5038 5028//5028 5039//5039
f 5028//5028 5030//5030 5039//5039
f 5039//5039 5030//5030 5040//5040
f 5030//5030 5032//5032 5040//5040
f 5040//5040 5032//5032 5041//5041
f 5032//5032 5034//5034 5041//5041
f 5041//5041 5034//5034 5042//5042
f 5034//5034 5036//5036 5042//5042
f 5042//5042 5036//5036 5043//5043
f 5036//5036 5037//5037 5043//5043
f 5043//5043 5037//5037 4722//4722
f 4722//4722 4724//4724 5043//5043
f 4724//4724 5044//5044 5043//5043
f 5043//5043 5044//5044 5042//5042
f 5044//5044 5045//5045 5042//5042
f 5042//5042 5045//5045 5041//5041
f 5045//5045 5046//5046 5041//5041
f 5041//5041 5046//5046 5040//5040
f 5046//5046 4721//4721 5040//5040
f 5040//5040 4721//4721 5039//5039
f 4721//4721 4720//4720 5039//5039
f 5039//5039 4720//4720 5038//5038
f 1056//1056 5047//5047 4800//4800
f 5047//5047 5048//5048 4800//4800
f 4800//4800 5048//5048 5049//5049
f 4723//4723 4985//4985 4724//4724
f 4985//4985 4986//4986 4724//4724
f 4724//4724 4986//4986 5044//5044
f 4986//4986 5025//5025 5044//5044
f 5044//5044 5025//5025 5045//5045
f 5025//5025 5024//5024 5045//5045
f 5045//5045 5024//5024 5046//5046
f 5024//5024 4800//4800 5046//5046
f 5046//5046 4800//4800 4721//4721
f 4800//4800 5049//5049 4721//4721
f 4721//4721 5049//5049 4719//4719
f 5050//5050 5051//5051 5052//5052
f 5051//5051 5053//5053 5052//5052
f 4716//4716 5054//5054 5015//5015
f 5054//5054 5055//5055 5015//5015
f 5015//5015 5055//5055 5013//5013
f 5055//5055 5056//5056 5013//5013
f 5013//5013 5056//5056 5011//5011
f 5056//5056 5057//5057 5011//5011
f 5011//5011 5057//5057 5009//5009
f 4727//4727 4728//4728 4725//4725
f 4728//4728 4984//4984 4725//4725
f 4725//4725 4984//4984 4988//4988
f 4984//4984 5058//5058 4988//4988
f 4988//4988 5058//5058 4990//4990
f 5058//5058 5059//5059 4990//4990
f 4990//4990 5059//5059 4992//4992
f 5059//5059 5060//5060 4992//4992
f 4992//4992 5060//5060 5016//5016
f 5060//5060 5053//5053 5016//5016
f 5016//5016 5053//5053 4718//4718
f 5053//5053 5051//5051 4718//4718
f 4718//4718 5051//5051 4716//4716
f 5051//5051 5050//5050 4716//4716
f 4716//4716 5050//5050 5054//5054
f 5053//5053 5061//5061 5052//5052
f 5061//5061 5062//5062 5052//5052
f 5052//5052 5062//5062 5063//5063
f 4714//4714 4713//4713 5064//5064
f 4713//4713 5065//5065 5064//5064
f 5064//5064 5065//5065 5066//5066
f 5065//5065 5067//5067 5066//5066
f 5066//5066 5067//5067 5068//5068
f 5067//5067 5069//5069 5068//5068
f 5068//5068 5069//5069 5070//5070
f 5071//5071 4710//4710 5026//5026
f 4710//4710 4712//4712 5026//5026
f 5026//5026 4712//4712 4715//4715
f 4712//4712 5072//5072 4715//4715
f 4715//4715 5072//5072 4713//4713
f 5072//5072 5073//5073 4713//4713
f 4713//4713 5073//5073 5065//5065
f 5073//5073 5074//5074 5065//5065
f 5065//5065 5074//5074 5067//5067
f 5074//5074 5075//5075 5067//5067
f 5067//5067 5075//5075 5069//5069
f 5076//5076 5077//5077 5078//5078
f 5077//5077 5079//5079 5078//5078
f 5078//5078 5079//5079 5080//5080
f 4791//4791 5080//5080 4793//4793
f 5080//5080 5079//5079 4793//4793
f 4793//4793 5079//5079 4794//4794
f 5079//5079 5077//5077 4794//4794
f 4794//4794 5077//5077 5081//5081
f 5077//5077 5082//5082 5081//5081
f 5083//5083 5084//5084 5082//5082
f 5084//5084 5085//5085 5082//5082
f 5082//5082 5085//5085 5081//5081
f 5085//5085 5086//5086 5081//5081
f 5081//5081 5086//5086 4794//4794
f 5086//5086 5087//5087 4794//4794
f 4794//4794 5087//5087 4795//4795
f 5088//5088 5083//5083 5089//5089
f 5083//5083 5082//5082 5089//5089
f 5089//5089 5082//5082 5090//5090
f 5082//5082 5077//5077 5090//5090
f 5090//5090 5077//5077 5091//5091
f 5077//5077 5076//5076 5091//5091
f 5091//5091 5076//5076 5092//5092
f 4711//4711 5088//5088 4712//4712
f 5088//5088 5089//5089 4712//4712
f 4712//4712 5089//5089 5072//5072
f 5089//5089 5090//5090 5072//5072
f 5072//5072 5090//5090 5073//5073
f 5090//5090 5091//5091 5073//5073
f 5073//5073 5091//5091 5074//5074
f 5091//5091 5092//5092 5074//5074
f 5074//5074 5092//5092 5075//5075
f 5038//5038 5093//5093 5028//5028
f 5093//5093 5094//5094 5028//5028
f 5028//5028 5094//5094 5026//5026
f 5094//5094 5095//5095 5026//5026
f 5026//5026 5095//5095 5071//5071
f 1083//1083 1051//1051 4748//4748
f 1051//1051 4731//4731 4748//4748
f 4748//4748 4731//4731 4978//4978
f 4731//4731 4730//4730 4978//4978
f 4978//4978 4730//4730 4980//4980
f 4730//4730 4723//4723 4980//4980
f 4980//4980 4723//4723 4981//4981
f 4723//4723 4722//4722 4981//4981
f 4981//4981 4722//4722 4984//4984
f 4722//4722 5037//5037 4984//4984
f 4984//4984 5037//5037 5058//5058
f 5037//5037 5035//5035 5058//5058
f 5058//5058 5035//5035 5059//5059
f 5035//5035 5033//5033 5059//5059
f 5059//5059 5033//5033 5060//5060
f 5033//5033 5031//5031 5060//5060
f 5060//5060 5031//5031 5053//5053
f 5031//5031 5029//5029 5053//5053
f 5053//5053 5029//5029 5061//5061
f 5029//5029 5027//5027 5061//5061
f 5061//5061 5027//5027 5062//5062
f 5027//5027 5026//5026 5062//5062
f 5062//5062 5026//5026 5063//5063
f 5026//5026 4715//4715 5063//5063
f 5063//5063 4715//4715 5052//5052
f 4715//4715 4714//4714 5052//5052
f 5052//5052 4714//4714 5050//5050
f 4714//4714 5064//5064 5050//5050
f 5050//5050 5064//5064 5054//5054
f 5064//5064 5066//5066 5054//5054
f 5054//5054 5066//5066 5055//5055
f 5066//5066 5068//5068 5055//5055
f 5055//5055 5068//5068 5056//5056
f 5068//5068 5070//5070 5056//5056
f 5056//5056 5070//5070 5057//5057
f 4970//4970 4905//4905 4774//4774
f 4905//4905 4904//4904 4774//4774
f 4774//4774 4904//4904 4773//4773
f 4904//4904 4903//4903 4773//4773
f 4773//4773 4903//4903 4780//4780
f 4903//4903 4902//4902 4780//4780
f 4780//4780 4902//4902 4783//4783
f 4902//4902 4900//4900 4783//4783
f 4783//4783 4900//4900 4785//4785
f 4900//4900 4898//4898 4785//4785
f 4785//4785 4898//4898 4882//4882
f 4898//4898 4896//4896 4882//4882
f 4882//4882 4896//4896 4881//4881
f 4896//4896 4895//4895 4881//4881
f 4881//4881 4895//4895 4880//4880
f 4895//4895 4894//4894 4880//4880
f 4880//4880 4894//4894 4879//4879
f 4894//4894 4883//4883 4879//4879
f 4879//4879 4883//4883 4878//4878
f 4883//4883 4865//4865 4878//4878
f 4878//4878 4865//4865 4877//4877
f 4865//4865 4849//4849 4877//4877
f 4877//4877 4849//4849 5096//5096
f 4849//4849 4848//4848 5096//5096
f 5096//5096 4848//4848 5097//5097
f 221//221 219//219 4802//4802
f 219//219 4801//4801 4802//4802
f 4802//4802 4801//4801 4745//4745
f 4801//4801 1067//1067 4745//4745
f 4745//4745 1067//1067 1066//1066
f 1070//1070 5098//5098 4746//4746
f 5098//5098 5099//5099 4746//4746
f 4746//4746 5099//5099 5100//5100
f 5099//5099 5101//5101 5100//5100
f 5100//5100 5101//5101 5102//5102
f 5101//5101 5103//5103 5102//5102
f 5102//5102 5103//5103 5104//5104
f 5103//5103 5105//5105 5104//5104
f 5104//5104 5105//5105 5106//5106
f 5105//5105 5107//5107 5106//5106
f 5106//5106 5107//5107 5108//5108
f 5107//5107 5109//5109 5108//5108
f 5108//5108 5109//5109 5110//5110
f 5109//5109 5111//5111 5110//5110
f 5110//5110 5111//5111 5112//5112
f 5111//5111 5113//5113 5112//5112
f 5112//5112 5113//5113 5114//5114
f 5113//5113 5115//5115 5114//5114
f 5114//5114 5115//5115 5116//5116
f 5115//5115 5117//5117 5116//5116
f 5116//5116 5117//5117 5118//5118
f 5117//5117 5119//5119 5118//5118
f 5118//5118 5119//5119 5120//5120
f 5119//5119 5121//5121 5120//5120
f 5120//5120 5121//5121 5097//5097
f 5121//5121 5122//5122 5097//5097
f 5097//5097 5122//5122 5096//5096
f 5122//5122 5123//5123 5096//5096
f 5096//5096 5123//5123 4877//4877
f 5123//5123 5124//5124 4877//4877
f 4877//4877 5124//5124 4866//4866
f 5124//5124 5125//5125 4866//4866
f 4866//4866 5125//5125 4867//4867
f 5125//5125 5126//5126 4867//4867
f 4867//4867 5126//5126 4869//4869
f 5126//5126 5127//5127 4869//4869
f 4869//4869 5127//5127 4871//4871
f 5127//5127 5128//5128 4871//4871
f 4871//4871 5128//5128 4873//4873
f 5128//5128 5129//5129 4873//4873
f 4873//4873 5129//5129 4789//4789
f 5129//5129 5130//5130 4789//4789
f 4789//4789 5130//5130 4787//4787
f 1070//1070 1069//1069 5098//5098
f 1069//1069 4747//4747 5098//5098
f 5098//5098 4747//4747 5099//5099
f 4747//4747 4982//4982 5099//5099
f 5099//5099 4982//4982 5101//5101
f 4982//4982 4983//4983 5101//5101
f 5101//5101 4983//4983 5103//5103
f 4983//4983 4729//4729 5103//5103
f 5103//5103 4729//4729 5105//5105
f 4729//4729 4727//4727 5105//5105
f 5105//5105 4727//4727 5107//5107
f 4727//4727 4726//4726 5107//5107
f 5107//5107 4726//4726 5109//5109
f 4726//4726 4987//4987 5109//5109
f 5109//5109 4987//4987 5111//5111
f 4987//4987 4989//4989 5111//5111
f 5111//5111 4989//4989 5113//5113
f 4989//4989 4991//4991 5113//5113
f 5113//5113 4991//4991 5115//5115
f 4991//4991 4993//4993 5115//5115
f 5115//5115 4993//4993 5117//5117
f 4993//4993 5009//5009 5117//5117
f 5117//5117 5009//5009 5119//5119
f 5009//5009 5057//5057 5119//5119
f 5119//5119 5057//5057 5121//5121
f 5057//5057 5070//5070 5121//5121
f 5121//5121 5070//5070 5122//5122
f 5070//5070 5069//5069 5122//5122
f 5122//5122 5069//5069 5123//5123
f 5069//5069 5075//5075 5123//5123
f 5123//5123 5075//5075 5124//5124
f 5075//5075 5092//5092 5124//5124
f 5124//5124 5092//5092 5125//5125
f 5092//5092 5076//5076 5125//5125
f 5125//5125 5076//5076 5126//5126
f 5076//5076 5078//5078 5126//5126
f 5126//5126 5078//5078 5127//5127
f 5078//5078 5080//5080 5127//5127
f 5127//5127 5080//5080 5128//5128
f 5080//5080 4791//4791 5128//5128
f 5128//5128 4791//4791 5129//5129
f 4791//4791 4790//4790 5129//5129
f 5129//5129 4790//4790 5130//5130
f 5131//5131 4804//4804 5132//5132
f 4804//4804 4803//4803 5132//5132
f 5132//5132 4803//4803 5133//5133
f 4803//4803 4802//4802 5133//5133
f 5133//5133 4802//4802 5134//5134
f 4802//4802 4745//4745 5134//5134
f 5135//5135 5136//5136 5137//5137
f 5136//5136 5138//5138 5137//5137
f 5137//5137 5138//5138 5139//5139
f 5132//5132 5139//5139 5131//5131
f 5139//5139 5138//5138 5131//5131
f 5131//5131 5138//5138 5140//5140
f 5138//5138 5136//5136 5140//5140
f 5140//5140 5136//5136 5008//5008
f 5136//5136 5135//5135 5008//5008
f 5008//5008 5135//5135 5017//5017
f 5141//5141 5142//5142 5143//5143
f 237//237 4744//4744 4805//4805
f 4744//4744 5141//5141 4805//4805
f 4805//4805 5141//5141 5144//5144
f 5141//5141 5143//5143 5144//5144
f 5144//5144 5143//5143 5145//5145
f 5145//5145 5146//5146 5144//5144
f 5146//5146 4806//4806 5144//5144
f 5144//5144 4806//4806 4805//4805
f 4806//4806 242//242 4805//4805
f 4805//4805 242//242 240//240
f 5146//5146 5147//5147 4806//4806
f 5147//5147 5148//5148 4806//4806
f 4806//4806 5148//5148 4807//4807
f 5148//5148 5149//5149 4807//4807
f 4807//4807 5149//5149 4817//4817
f 5149//5149 5150//5150 4817//4817
f 4817//4817 5150//5150 4818//4818
f 4968//4968 4949//4949 4969//4969
f 4949//4949 4951//4951 4969//4969
f 4969//4969 4951//4951 4970//4970
f 4951//4951 4953//4953 4970//4970
f 4970//4970 4953//4953 4905//4905
f 4953//4953 4955//4955 4905//4905
f 4905//4905 4955//4955 4889//4889
f 4955//4955 4957//4957 4889//4889
f 4889//4889 4957//4957 4888//4888
f 4957//4957 4959//4959 4888//4888
f 4888//4888 4959//4959 4860//4860
f 4959//4959 4961//4961 4860//4860
f 4860//4860 4961//4961 4859//4859
f 4961//4961 4963//4963 4859//4859
f 4859//4859 4963//4963 4858//4858
f 4963//4963 4965//4965 4858//4858
f 4858//4858 4965//4965 4856//4856
f 4965//4965 4967//4967 4856//4856
f 4856//4856 4967//4967 4854//4854
f 4967//4967 4994//4994 4854//4854
f 4854//4854 4994//4994 4852//4852
f 4994//4994 4995//4995 4852//4852
f 4852//4852 4995//4995 4850//4850
f 4995//4995 5023//5023 4850//4850
f 4850//4850 5023//5023 4848//4848
f 5023//5023 5022//5022 4848//4848
f 4848//4848 5022//5022 5097//5097
f 5022//5022 5021//5021 5097//5097
f 5097//5097 5021//5021 5120//5120
f 5021//5021 5020//5020 5120//5120
f 5120//5120 5020//5020 5118//5118
f 5020//5020 5019//5019 5118//5118
f 5118//5118 5019//5019 5116//5116
f 5019//5019 5018//5018 5116//5116
f 5116//5116 5018//5018 5114//5114
f 5018//5018 5017//5017 5114//5114
f 5114//5114 5017//5017 5112//5112
f 5017//5017 5135//5135 5112//5112
f 5112//5112 5135//5135 5110//5110
f 5135//5135 5137//5137 5110//5110
f 5110//5110 5137//5137 5108//5108
f 5137//5137 5139//5139 5108//5108
f 5108//5108 5139//5139 5106//5106
f 5139//5139 5132//5132 5106//5106
f 5106//5106 5132//5132 5104//5104
f 5132//5132 5133//5133 5104//5104
f 5104//5104 5133//5133 5102//5102
f 5133//5133 5134//5134 5102//5102
f 5102//5102 5134//5134 5100//5100
f 5134//5134 4745//4745 5100//5100
f 5100//5100 4745//4745 4746//4746
f 4745//4745 1073//1073 4746//4746
f 4746//4746 1073//1073 1072//1072
f 4750//4750 4752//4752 4771//4771
f 4752//4752 4975//4975 4771//4771
f 4771//4771 4975//4975 4968//4968
f 4975//4975 4974//4974 4968//4968
f 4968//4968 4974//4974 4949//4949
f 4974//4974 4973//4973 4949//4949
f 4949//4949 4973//4973 4950//4950
f 4973//4973 4972//4972 4950//4950
f 4950//4950 4972//4972 4735//4735
f 4972//4972 4971//4971 4735//4735
f 4735//4735 4971//4971 4733//4733
f 4971//4971 4919//4919 4733//4733
f 4733//4733 4919//4919 4912//4912
f 4919//4919 4918//4918 4912//4912
f 4912//4912 4918//4918 4842//4842
f 4918//4918 4916//4916 4842//4842
f 4842//4842 4916//4916 4841//4841
f 4916//4916 4831//4831 4841//4841
f 4841//4841 4831//4831 4840//4840
f 4831//4831 4740//4740 4840//4840
f 4840//4840 4740//4740 4838//4838
f 4740//4740 4742//4742 4838//4838
f 4838//4838 4742//4742 4836//4836
f 4742//4742 4820//4820 4836//4836
f 4836//4836 4820//4820 4834//4834
f 4820//4820 4816//4816 4834//4834
f 4834//4834 4816//4816 4739//4739
f 4816//4816 4819//4819 4739//4739
f 4739//4739 4819//4819 4737//4737
f 4819//4819 4818//4818 4737//4737
f 4737//4737 4818//4818 4738//4738
f 4818//4818 5150//5150 4738//4738
f 4738//4738 5150//5150 4997//4997
f 5150//5150 5149//5149 4997//4997
f 4997//4997 5149//5149 4999//4999
f 5149//5149 5148//5148 4999//4999
f 4999//4999 5148//5148 5001//5001
f 5148//5148 5147//5147 5001//5001
f 5001//5001 5147//5147 5003//5003
f 5147//5147 5146//5146 5003//5003
f 5003//5003 5146//5146 5005//5005
f 5146//5146 5145//5145 5005//5005
f 5005//5005 5145//5145 5007//5007
f 5145//5145 5143//5143 5007//5007
f 5007//5007 5143//5143 5008//5008
f 5143//5143 5142//5142 5008//5008
f 5008//5008 5142//5142 5140//5140
f 5142//5142 5141//5141 5140//5140
f 5140//5140 5141//5141 5131//5131
f 5141//5141 4744//4744 5131//5131
f 5131//5131 4744//4744 4804//4804
f 4744//4744 234//234 4804//4804
f 4804//4804 234//234 232//232
f 2178//2178 1056//1056 1231//1231
f 1056//1056 1055//1055 1231//1231
f 1231//1231 1055//1055 1229//1229
f 1055//1055 1092//1092 1229//1229
f 1092//1092 1061//1061 1229//1229
f 1229//1229 1061//1061 1227//1227
f 1225//1225 1227//1227 1061//1061
f 1225//1225 1061//1061 1221//1221
f 1061//1061 1060//1060 1221//1221
f 1221//1221 1060//1060 1222//1222
f 1237//1237 1013//1013 1239//1239
f 1013//1013 1012//1012 1239//1239
f 1237//1237 1235//1235 1013//1013
f 1235//1235 1233//1233 1013//1013
f 1013//1013 1233//1233 1060//1060
f 1233//1233 1232//1232 1060//1060
f 1060//1060 1232//1232 1222//1222
f 1011//1011 1010//1010 2287//2287
f 1010//1010 1943//1943 2287//2287
f 1943//1943 2004//2004 2287//2287
f 2004//2004 5151//5151 2287//2287
f 2287//2287 5151//5151 2285//2285
f 4768//4768 4778//4778 2247//2247
f 2262//2262 4782//4782 4784//4784
f 4779//4779 2277//2277 4775//4775
f 2277//2277 2275//2275 4775//4775
f 4775//4775 2275//2275 4776//4776
f 4782//4782 2262//2262 4781//4781
f 2262//2262 2280//2280 4781//4781
f 4781//4781 2280//2280 4779//4779
f 2280//2280 2279//2279 4779//4779
f 4779//4779 2279//2279 2277//2277
f 2268//2268 2266//2266 4784//4784
f 2266//2266 2265//2265 4784//4784
f 2265//2265 2264//2264 4784//4784
f 4784//4784 2264//2264 2262//2262
f 4784//4784 4786//4786 2268//2268
f 4786//4786 4876//4876 2268//2268
f 2268//2268 4876//4876 2270//2270
f 4876//4876 4788//4788 2270//2270
f 2270//2270 4788//4788 2272//2272
f 4788//4788 4787//4787 2272//2272
f 4787//4787 5130//5130 2272//2272
f 2272//2272 5130//5130 2273//2273
f 2273//2273 5130//5130 2259//2259
f 5130//5130 4790//4790 2259//2259
f 2259//2259 4790//4790 2155//2155
f 4790//4790 4792//4792 2155//2155
f 4792//4792 4796//4796 2155//2155
f 2155//2155 4796//4796 2156//2156
f 4796//4796 2159//2159 2156//2156
f 4796//4796 4795//4795 2159//2159
f 4795//4795 5087//5087 2159//2159
f 2159//2159 5087//5087 2157//2157
f 5087//5087 5086//5086 2157//2157
f 5086//5086 5085//5085 2157//2157
f 2157//2157 5085//5085 2162//2162
f 5085//5085 5084//5084 2162//2162
f 2162//2162 5084//5084 2163//2163
f 5084//5084 5083//5083 2163//2163
f 2163//2163 5083//5083 2165//2165
f 5083//5083 5088//5088 2165//2165
f 2165//2165 5088//5088 2166//2166
f 5088//5088 4711//4711 2166//2166
f 4711//4711 4710//4710 2166//2166
f 4710//4710 5071//5071 2166//2166
f 2166//2166 5071//5071 2168//2168
f 5071//5071 5095//5095 2168//2168
f 5095//5095 5094//5094 2168//2168
f 5094//5094 5093//5093 2168//2168
f 2168//2168 5093//5093 2171//2171
f 5093//5093 5038//5038 2171//2171
f 2171//2171 5038//5038 2173//2173
f 2173//2173 5038//5038 2175//2175
f 5038//5038 4720//4720 2175//2175
f 2175//2175 4720//4720 2176//2176
f 4720//4720 4719//4719 2176//2176
f 4719//4719 5049//5049 2176//2176
f 2176//2176 5049//5049 2151//2151
f 5049//5049 5048//5048 2151//2151
f 5048//5048 5047//5047 2151//2151
f 2151//2151 5047//5047 2179//2179
f 5047//5047 1056//1056 2179//2179
f 2179//2179 1056//1056 2178//2178
f 4776//4776 2275//2275 4777//4777
f 2275//2275 2274//2274 4777//4777
f 4777//4777 2274//2274 4778//4778
f 2274//2274 2248//2248 4778//4778
f 4778//4778 2248//2248 2247//2247
f 4768//4768 2247//2247 4769//4769
f 2247//2247 2244//2244 4769//4769
f 4769//4769 2244//2244 4770//4770
f 2244//2244 2243//2243 4770//4770
f 4770//4770 2243//2243 4772//4772
f 2243//2243 2249//2249 4772//4772
f 4772//4772 2249//2249 4750//4750
f 2249//2249 2251//2251 4750//4750
f 4750//4750 2251//2251 4751//4751
f 2251//2251 2253//2253 4751//4751
f 4751//4751 2253//2253 4765//4765
f 2253//2253 2255//2255 4765//4765
f 4765//4765 2255//2255 4753//4753
f 2255//2255 2281//2281 4753//4753
f 4753//4753 2281//2281 1928//1928
f 2283//2283 2285//2285 5151//5151
f 1928//1928 2281//2281 1929//1929
f 2281//2281 2283//2283 1929//1929
f 1929//1929 2283//2283 2003//2003
f 2283//2283 5151//5151 2003//2003
f 2003//2003 5151//5151 2004//2004
f 5152//5152 5153//5153 5154//5154
f 5155//5155 5156//5156 5157//5157
f 5158//5158 5159//5159 5160//5160
f 5161//5161 5162//5162 5163//5163
f 5164//5164 5165//5165 5166//5166
f 5167//5167 5168//5168 5169//5169
f 5170//5170 5171//5171 5172//5172
f 5173//5173 5174//5174 5175//5175
f 5176//5176 5177//5177 5178//5178
f 5179//5179 5180//5180 5181//5181
f 5182//5182 5183//5183 5184//5184
f 5185//5185 5186//5186 5187//5187
f 5188//5188 5189//5189 5190//5190
f 5191//5191 5192//5192 5193//5193
f 5194//5194 5195//5195 5196//5196
f 5197//5197 5198//5198 5199//5199
f 5200//5200 5201//5201 5202//5202
f 5203//5203 5204//5204 5205//5205
f 5206//5206 5207//5207 5208//5208
f 5209//5209 5210//5210 5211//5211
f 5212//5212 5213//5213 5214//5214
f 5215//5215 5216//5216 5217//5217
f 5218//5218 5219//5219 5220//5220
f 5221//5221 5222//5222 5223//5223
f 5224//5224 5225//5225 5226//5226
f 5227//5227 5228//5228 5229//5229
f 5230//5230 5231//5231 5232//5232
f 431//431 435//435 5233//5233
f 438//438 444//444 5215//5215
f 461//461 463//463 5234//5234
f 5235//5235 5236//5236 5237//5237
f 5238//5238 5239//5239 5240//5240
f 5241//5241 5242//5242 5243//5243
f 5244//5244 5245//5245 5246//5246
f 5247//5247 5248//5248 5249//5249
f 5250//5250 5251//5251 5252//5252
f 5251//5251 5250//5250 5253//5253
f 5254//5254 5255//5255 5256//5256
f 5257//5257 5258//5258 5259//5259
f 5260//5260 5261//5261 5262//5262
f 5263//5263 5264//5264 5265//5265
f 408//408 5266//5266 406//406
f 5266//5266 5267//5267 406//406
f 406//406 5267//5267 404//404
f 404//404 5267//5267 316//316
f 5267//5267 5268//5268 316//316
f 316//316 5268//5268 317//317
f 5269//5269 5270//5270 5271//5271
f 5270//5270 5272//5272 5271//5271
f 5271//5271 5272//5272 5273//5273
f 5274//5274 5275//5275 5272//5272
f 5275//5275 5276//5276 5272//5272
f 5272//5272 5276//5276 5273//5273
f 5277//5277 5278//5278 5279//5279
f 5278//5278 5280//5280 5279//5279
f 5279//5279 5280//5280 5281//5281
f 5280//5280 5282//5282 5281//5281
f 5281//5281 5282//5282 5283//5283
f 5282//5282 5284//5284 5283//5283
f 5283//5283 5284//5284 5285//5285
f 5284//5284 5286//5286 5285//5285
f 5263//5263 5265//5265 5287//5287
f 5288//5288 5289//5289 5290//5290
f 5254//5254 5256//5256 5291//5291
f 5292//5292 5293//5293 5294//5294
f 5293//5293 5295//5295 5294//5294
f 5294//5294 5295//5295 5296//5296
f 5295//5295 5297//5297 5296//5296
f 5296//5296 5297//5297 5252//5252
f 5297//5297 5298//5298 5252//5252
f 5252//5252 5298//5298 5250//5250
f 5299//5299 5300//5300 5301//5301
f 5300//5300 5302//5302 5301//5301
f 5301//5301 5302//5302 5303//5303
f 5302//5302 5304//5304 5303//5303
f 5303//5303 5304//5304 5305//5305
f 5304//5304 5306//5306 5305//5305
f 5305//5305 5306//5306 5292//5292
f 5306//5306 5307//5307 5292//5292
f 5292//5292 5307//5307 5293//5293
f 5308//5308 5309//5309 5310//5310
f 5309//5309 5311//5311 5310//5310
f 5310//5310 5311//5311 5312//5312
f 5311//5311 5313//5313 5312//5312
f 5312//5312 5313//5313 5314//5314
f 5313//5313 5315//5315 5314//5314
f 5314//5314 5315//5315 5299//5299
f 5315//5315 5316//5316 5299//5299
f 5299//5299 5316//5316 5300//5300
f 5317//5317 5318//5318 5308//5308
f 5318//5318 5319//5319 5308//5308
f 5308//5308 5319//5319 5309//5309
f 5320//5320 5321//5321 5322//5322
f 5321//5321 5317//5317 5322//5322
f 5322//5322 5317//5317 5323//5323
f 5317//5317 5308//5308 5323//5323
f 5324//5324 5325//5325 5326//5326
f 5325//5325 5327//5327 5326//5326
f 5326//5326 5327//5327 5328//5328
f 5327//5327 5329//5329 5328//5328
f 5328//5328 5329//5329 5320//5320
f 5329//5329 5330//5330 5320//5320
f 5320//5320 5330//5330 5321//5321
f 5331//5331 5332//5332 5333//5333
f 5332//5332 5334//5334 5333//5333
f 5333//5333 5334//5334 5335//5335
f 5334//5334 5336//5336 5335//5335
f 5335//5335 5336//5336 5337//5337
f 5336//5336 5338//5338 5337//5337
f 5337//5337 5338//5338 5324//5324
f 5338//5338 5339//5339 5324//5324
f 5324//5324 5339//5339 5325//5325
f 5331//5331 5333//5333 5340//5340
f 5333//5333 5341//5341 5340//5340
f 5340//5340 5341//5341 5342//5342
f 5341//5341 5343//5343 5342//5342
f 5342//5342 5343//5343 5344//5344
f 5343//5343 5345//5345 5344//5344
f 5344//5344 5345//5345 5346//5346
f 5345//5345 5347//5347 5346//5346
f 5346//5346 5347//5347 5348//5348
f 5348//5348 5347//5347 5349//5349
f 5347//5347 5350//5350 5349//5349
f 5349//5349 5350//5350 5351//5351
f 5350//5350 5352//5352 5351//5351
f 5351//5351 5352//5352 5353//5353
f 5352//5352 5354//5354 5353//5353
f 5353//5353 5354//5354 5355//5355
f 5355//5355 5354//5354 5356//5356
f 5354//5354 5357//5357 5356//5356
f 5356//5356 5357//5357 5358//5358
f 5357//5357 5359//5359 5358//5358
f 5358//5358 5359//5359 5360//5360
f 5360//5360 5359//5359 5361//5361
f 5359//5359 5362//5362 5361//5361
f 5361//5361 5362//5362 5363//5363
f 5247//5247 5249//5249 5364//5364
f 5249//5249 5365//5365 5364//5364
f 5364//5364 5365//5365 5366//5366
f 5366//5366 5365//5365 5367//5367
f 5365//5365 5368//5368 5367//5367
f 5367//5367 5368//5368 5369//5369
f 5370//5370 5371//5371 5372//5372
f 5371//5371 5373//5373 5372//5372
f 5373//5373 5371//5371 5374//5374
f 5371//5371 5375//5375 5374//5374
f 5374//5374 5375//5375 5376//5376
f 5245//5245 5377//5377 5246//5246
f 5377//5377 5378//5378 5246//5246
f 5246//5246 5378//5378 5375//5375
f 5378//5378 5379//5379 5375//5375
f 5375//5375 5379//5379 5376//5376
f 5380//5380 5381//5381 5382//5382
f 5235//5235 5237//5237 5383//5383
f 5237//5237 5384//5384 5383//5383
f 5383//5383 5384//5384 5385//5385
f 5159//5159 487//487 486//486
f 5386//5386 484//484 5158//5158
f 484//484 490//490 5158//5158
f 5158//5158 490//490 5159//5159
f 490//490 489//489 5159//5159
f 5159//5159 489//489 487//487
f 479//479 482//482 5386//5386
f 482//482 485//485 5386//5386
f 5386//5386 485//485 484//484
f 5387//5387 472//472 5388//5388
f 472//472 471//471 5388//5388
f 312//312 474//474 5389//5389
f 5390//5390 5391//5391 5389//5389
f 5391//5391 5392//5392 5389//5389
f 5389//5389 5392//5392 312//312
f 5392//5392 5393//5393 312//312
f 312//312 5393//5393 313//313
f 5393//5393 467//467 313//313
f 470//470 469//469 5394//5394
f 469//469 467//467 5394//5394
f 5394//5394 467//467 5395//5395
f 467//467 5393//5393 5395//5395
f 470//470 5394//5394 465//465
f 5394//5394 5396//5396 465//465
f 465//465 5396//5396 463//463
f 452//452 461//461 5397//5397
f 5398//5398 455//455 453//453
f 455//455 5398//5398 457//457
f 451//451 450//450 5399//5399
f 450//450 458//458 5399//5399
f 5399//5399 458//458 5400//5400
f 5399//5399 5401//5401 451//451
f 5401//5401 5402//5402 451//451
f 451//451 5402//5402 446//446
f 5402//5402 5403//5403 446//446
f 446//446 5403//5403 448//448
f 5403//5403 444//444 448//448
f 438//438 5215//5215 440//440
f 5404//5404 5405//5405 440//440
f 5405//5405 441//441 440//440
f 5233//5233 435//435 5405//5405
f 435//435 434//434 5405//5405
f 5405//5405 434//434 441//441
f 430//430 428//428 5406//5406
f 428//428 427//427 5406//5406
f 5406//5406 427//427 5233//5233
f 427//427 432//432 5233//5233
f 5233//5233 432//432 431//431
f 5406//5406 5407//5407 430//430
f 5407//5407 5408//5408 430//430
f 430//430 5408//5408 314//314
f 5409//5409 424//424 5408//5408
f 424//424 315//315 5408//5408
f 5408//5408 315//315 314//314
f 422//422 421//421 5410//5410
f 421//421 426//426 5410//5410
f 5410//5410 426//426 5409//5409
f 426//426 425//425 5409//5409
f 5409//5409 425//425 424//424
f 5410//5410 5411//5411 422//422
f 5411//5411 5412//5412 422//422
f 422//422 5412//5412 419//419
f 412//412 414//414 5413//5413
f 414//414 415//415 5413//5413
f 5413//5413 415//415 5412//5412
f 415//415 417//417 5412//5412
f 5412//5412 417//417 419//419
f 409//409 411//411 5414//5414
f 411//411 412//412 5414//5414
f 5415//5415 5416//5416 5417//5417
f 5416//5416 5418//5418 5417//5417
f 5417//5417 5418//5418 5419//5419
f 5418//5418 5420//5420 5419//5419
f 5419//5419 5420//5420 5421//5421
f 5420//5420 5422//5422 5421//5421
f 5421//5421 5422//5422 5423//5423
f 5424//5424 5423//5423 5425//5425
f 5426//5426 5424//5424 5427//5427
f 5424//5424 5425//5425 5427//5427
f 5427//5427 5425//5425 5428//5428
f 5425//5425 5429//5429 5428//5428
f 5423//5423 5422//5422 5425//5425
f 5422//5422 5430//5430 5425//5425
f 5425//5425 5430//5430 5429//5429
f 5431//5431 5432//5432 5433//5433
f 5432//5432 5434//5434 5433//5433
f 5433//5433 5434//5434 5232//5232
f 5434//5434 5435//5435 5232//5232
f 5232//5232 5435//5435 5230//5230
f 5436//5436 5437//5437 5438//5438
f 5437//5437 5439//5439 5438//5438
f 5438//5438 5439//5439 5440//5440
f 5441//5441 5442//5442 5443//5443
f 5442//5442 5444//5444 5443//5443
f 5443//5443 5444//5444 5445//5445
f 5446//5446 5444//5444 5447//5447
f 5444//5444 5448//5448 5447//5447
f 5447//5447 5448//5448 5449//5449
f 5450//5450 5451//5451 5452//5452
f 5451//5451 5453//5453 5452//5452
f 5454//5454 5453//5453 5455//5455
f 5453//5453 5451//5451 5455//5455
f 5455//5455 5451//5451 5456//5456
f 5451//5451 5450//5450 5456//5456
f 5456//5456 5450//5450 5457//5457
f 5446//5446 5447//5447 5458//5458
f 5447//5447 5449//5449 5458//5458
f 5458//5458 5449//5449 5459//5459
f 5449//5449 5460//5460 5459//5459
f 5459//5459 5460//5460 5461//5461
f 5460//5460 5462//5462 5461//5461
f 5461//5461 5462//5462 5463//5463
f 5462//5462 5464//5464 5463//5463
f 5463//5463 5464//5464 5226//5226
f 5464//5464 5465//5465 5226//5226
f 5226//5226 5465//5465 5224//5224
f 5466//5466 5454//5454 5467//5467
f 5454//5454 5455//5455 5467//5467
f 5467//5467 5455//5455 5468//5468
f 5455//5455 5456//5456 5468//5468
f 5468//5468 5456//5456 5227//5227
f 5456//5456 5457//5457 5227//5227
f 5227//5227 5457//5457 5228//5228
f 5469//5469 5470//5470 5471//5471
f 5470//5470 5472//5472 5471//5471
f 5471//5471 5472//5472 5473//5473
f 5472//5472 5474//5474 5473//5473
f 5475//5475 5474//5474 5476//5476
f 5474//5474 5472//5472 5476//5476
f 5476//5476 5472//5472 5477//5477
f 5472//5472 5470//5470 5477//5477
f 5477//5477 5470//5470 5478//5478
f 5470//5470 5479//5479 5478//5478
f 5478//5478 5479//5479 5480//5480
f 5467//5467 5481//5481 5482//5482
f 5481//5481 5483//5483 5482//5482
f 5482//5482 5483//5483 5484//5484
f 5483//5483 5485//5485 5484//5484
f 5484//5484 5485//5485 5486//5486
f 5466//5466 5467//5467 5487//5487
f 5467//5467 5482//5482 5487//5487
f 5487//5487 5482//5482 5488//5488
f 5482//5482 5484//5484 5488//5488
f 5488//5488 5484//5484 5489//5489
f 5484//5484 5486//5486 5489//5489
f 5489//5489 5486//5486 5214//5214
f 5212//5212 5490//5490 5213//5213
f 5490//5490 5491//5491 5213//5213
f 5213//5213 5491//5491 5492//5492
f 5491//5491 5493//5493 5492//5492
f 5492//5492 5493//5493 5494//5494
f 5493//5493 5495//5495 5494//5494
f 5494//5494 5495//5495 5496//5496
f 5497//5497 5498//5498 5499//5499
f 5498//5498 5500//5500 5499//5499
f 5499//5499 5500//5500 5501//5501
f 5500//5500 5502//5502 5501//5501
f 5501//5501 5502//5502 5503//5503
f 5502//5502 5504//5504 5503//5503
f 5503//5503 5504//5504 5505//5505
f 5214//5214 5213//5213 5489//5489
f 5213//5213 5492//5492 5489//5489
f 5489//5489 5492//5492 5488//5488
f 5492//5492 5494//5494 5488//5488
f 5488//5488 5494//5494 5487//5487
f 5494//5494 5496//5496 5487//5487
f 5487//5487 5496//5496 5466//5466
f 5445//5445 5444//5444 5506//5506
f 5444//5444 5446//5446 5506//5506
f 5506//5506 5446//5446 5207//5207
f 5446//5446 5458//5458 5207//5207
f 5207//5207 5458//5458 5208//5208
f 5458//5458 5459//5459 5208//5208
f 5208//5208 5459//5459 5507//5507
f 5459//5459 5461//5461 5507//5507
f 5507//5507 5461//5461 5508//5508
f 5461//5461 5463//5463 5508//5508
f 5508//5508 5463//5463 5509//5509
f 5463//5463 5226//5226 5509//5509
f 5509//5509 5226//5226 5223//5223
f 5226//5226 5225//5225 5223//5223
f 5223//5223 5225//5225 5221//5221
f 5510//5510 5511//5511 5512//5512
f 5511//5511 5513//5513 5512//5512
f 5512//5512 5513//5513 5514//5514
f 5513//5513 5515//5515 5514//5514
f 5219//5219 5516//5516 5517//5517
f 5516//5516 5518//5518 5517//5517
f 5517//5517 5518//5518 5519//5519
f 5219//5219 5218//5218 5516//5516
f 5218//5218 5520//5520 5516//5516
f 5516//5516 5520//5520 5518//5518
f 5520//5520 5521//5521 5518//5518
f 5518//5518 5521//5521 5522//5522
f 458//458 457//457 5400//5400
f 457//457 5398//5398 5400//5400
f 5400//5400 5398//5398 5523//5523
f 5398//5398 453//453 5523//5523
f 5523//5523 453//453 452//452
f 5515//5515 5513//5513 5524//5524
f 5513//5513 5525//5525 5524//5524
f 5524//5524 5525//5525 5526//5526
f 5527//5527 5528//5528 5529//5529
f 5530//5530 5531//5531 5532//5532
f 5533//5533 5534//5534 5535//5535
f 5534//5534 5536//5536 5535//5535
f 5535//5535 5536//5536 5537//5537
f 5536//5536 5538//5538 5537//5537
f 5537//5537 5538//5538 5539//5539
f 5538//5538 5540//5540 5539//5539
f 5539//5539 5540//5540 5541//5541
f 5540//5540 5542//5542 5541//5541
f 5543//5543 5542//5542 5544//5544
f 5542//5542 5540//5540 5544//5544
f 5544//5544 5540//5540 5545//5545
f 5540//5540 5538//5538 5545//5545
f 5532//5532 5531//5531 5546//5546
f 5527//5527 5529//5529 5530//5530
f 5529//5529 5547//5547 5530//5530
f 5530//5530 5547//5547 5531//5531
f 5547//5547 5548//5548 5531//5531
f 5531//5531 5548//5548 5546//5546
f 5549//5549 5543//5543 5550//5550
f 5543//5543 5544//5544 5550//5550
f 5550//5550 5544//5544 5546//5546
f 5544//5544 5545//5545 5546//5546
f 5546//5546 5545//5545 5532//5532
f 5545//5545 5538//5538 5532//5532
f 5532//5532 5538//5538 5530//5530
f 5538//5538 5536//5536 5530//5530
f 5530//5530 5536//5536 5527//5527
f 5551//5551 5552//5552 5553//5553
f 5552//5552 5497//5497 5553//5553
f 5553//5553 5497//5497 5212//5212
f 5497//5497 5499//5499 5212//5212
f 5212//5212 5499//5499 5490//5490
f 5499//5499 5501//5501 5490//5490
f 5490//5490 5501//5501 5491//5491
f 5501//5501 5503//5503 5491//5491
f 5491//5491 5503//5503 5493//5493
f 5503//5503 5505//5505 5493//5493
f 5493//5493 5505//5505 5495//5495
f 5554//5554 5555//5555 5556//5556
f 5555//5555 5557//5557 5556//5556
f 5556//5556 5557//5557 5558//5558
f 5557//5557 5559//5559 5558//5558
f 5558//5558 5559//5559 5560//5560
f 5559//5559 5561//5561 5560//5560
f 5560//5560 5561//5561 5562//5562
f 5561//5561 5563//5563 5562//5562
f 5562//5562 5563//5563 5564//5564
f 5563//5563 5565//5565 5564//5564
f 5564//5564 5565//5565 5566//5566
f 5565//5565 5567//5567 5566//5566
f 5566//5566 5567//5567 5568//5568
f 5569//5569 5570//5570 5571//5571
f 5570//5570 5572//5572 5571//5571
f 5571//5571 5572//5572 5573//5573
f 5572//5572 5574//5574 5573//5573
f 5573//5573 5574//5574 5575//5575
f 5574//5574 5576//5576 5575//5575
f 5575//5575 5576//5576 5577//5577
f 5576//5576 5578//5578 5577//5577
f 5570//5570 5579//5579 5572//5572
f 5579//5579 5580//5580 5572//5572
f 5572//5572 5580//5580 5574//5574
f 5580//5580 5581//5581 5574//5574
f 5574//5574 5581//5581 5576//5576
f 5581//5581 5582//5582 5576//5576
f 5576//5576 5582//5582 5578//5578
f 5583//5583 5582//5582 5584//5584
f 5582//5582 5581//5581 5584//5584
f 5584//5584 5581//5581 5211//5211
f 5581//5581 5580//5580 5211//5211
f 5211//5211 5580//5580 5209//5209
f 5580//5580 5579//5579 5209//5209
f 5209//5209 5579//5579 5585//5585
f 5579//5579 5570//5570 5585//5585
f 5585//5585 5570//5570 5586//5586
f 5570//5570 5569//5569 5586//5586
f 5586//5586 5569//5569 5587//5587
f 5210//5210 5209//5209 5588//5588
f 5209//5209 5585//5585 5588//5588
f 5588//5588 5585//5585 5589//5589
f 5585//5585 5586//5586 5589//5589
f 5589//5589 5586//5586 5590//5590
f 5586//5586 5587//5587 5590//5590
f 5590//5590 5587//5587 5591//5591
f 5485//5485 5592//5592 5486//5486
f 5592//5592 5593//5593 5486//5486
f 5486//5486 5593//5593 5214//5214
f 5593//5593 5594//5594 5214//5214
f 5214//5214 5594//5594 5212//5212
f 5594//5594 5595//5595 5212//5212
f 5212//5212 5595//5595 5553//5553
f 5595//5595 5596//5596 5553//5553
f 5553//5553 5596//5596 5551//5551
f 5596//5596 5597//5597 5551//5551
f 5578//5578 5554//5554 5577//5577
f 5554//5554 5556//5556 5577//5577
f 5577//5577 5556//5556 5575//5575
f 5556//5556 5558//5558 5575//5575
f 5575//5575 5558//5558 5573//5573
f 5558//5558 5560//5560 5573//5573
f 5573//5573 5560//5560 5571//5571
f 5560//5560 5562//5562 5571//5571
f 5571//5571 5562//5562 5569//5569
f 5562//5562 5564//5564 5569//5569
f 5569//5569 5564//5564 5587//5587
f 5564//5564 5566//5566 5587//5587
f 5587//5587 5566//5566 5591//5591
f 5566//5566 5568//5568 5591//5591
f 5598//5598 5599//5599 5600//5600
f 5599//5599 5601//5601 5600//5600
f 5600//5600 5601//5601 5602//5602
f 5601//5601 5603//5603 5602//5602
f 5602//5602 5603//5603 5604//5604
f 5605//5605 5598//5598 5606//5606
f 5598//5598 5600//5600 5606//5606
f 5606//5606 5600//5600 5607//5607
f 5600//5600 5602//5602 5607//5607
f 5607//5607 5602//5602 5608//5608
f 5602//5602 5604//5604 5608//5608
f 452//452 5397//5397 5523//5523
f 5397//5397 5609//5609 5523//5523
f 5523//5523 5609//5609 5400//5400
f 5609//5609 5610//5610 5400//5400
f 5400//5400 5610//5610 5399//5399
f 5610//5610 5522//5522 5399//5399
f 5399//5399 5522//5522 5401//5401
f 5522//5522 5521//5521 5401//5401
f 5401//5401 5521//5521 5402//5402
f 5521//5521 5520//5520 5402//5402
f 5402//5402 5520//5520 5403//5403
f 461//461 5234//5234 5397//5397
f 5234//5234 5611//5611 5397//5397
f 5397//5397 5611//5611 5609//5609
f 5611//5611 5612//5612 5609//5609
f 5609//5609 5612//5612 5610//5610
f 5612//5612 5613//5613 5610//5610
f 5610//5610 5613//5613 5522//5522
f 5613//5613 5614//5614 5522//5522
f 5522//5522 5614//5614 5518//5518
f 5614//5614 5615//5615 5518//5518
f 5518//5518 5615//5615 5519//5519
f 5525//5525 5603//5603 5526//5526
f 5603//5603 5601//5601 5526//5526
f 5526//5526 5601//5601 5616//5616
f 5601//5601 5599//5599 5616//5616
f 5616//5616 5599//5599 5617//5617
f 5599//5599 5598//5598 5617//5617
f 5617//5617 5598//5598 5618//5618
f 5598//5598 5605//5605 5618//5618
f 5568//5568 5619//5619 5591//5591
f 5619//5619 5620//5620 5591//5591
f 5591//5591 5620//5620 5590//5590
f 5620//5620 5621//5621 5590//5590
f 5590//5590 5621//5621 5589//5589
f 5621//5621 5622//5622 5589//5589
f 5589//5589 5622//5622 5588//5588
f 5622//5622 5623//5623 5588//5588
f 5588//5588 5623//5623 5210//5210
f 5623//5623 5624//5624 5210//5210
f 5210//5210 5624//5624 5211//5211
f 5624//5624 5625//5625 5211//5211
f 5211//5211 5625//5625 5584//5584
f 5625//5625 5626//5626 5584//5584
f 5584//5584 5626//5626 5583//5583
f 5626//5626 5627//5627 5583//5583
f 5555//5555 5549//5549 5557//5557
f 5549//5549 5550//5550 5557//5557
f 5557//5557 5550//5550 5559//5559
f 5550//5550 5546//5546 5559//5559
f 5559//5559 5546//5546 5561//5561
f 5546//5546 5548//5548 5561//5561
f 5561//5561 5548//5548 5563//5563
f 5548//5548 5547//5547 5563//5563
f 5563//5563 5547//5547 5565//5565
f 5547//5547 5529//5529 5565//5565
f 5565//5565 5529//5529 5567//5567
f 5529//5529 5528//5528 5567//5567
f 5567//5567 5528//5528 5568//5568
f 5528//5528 5628//5628 5568//5568
f 5568//5568 5628//5628 5619//5619
f 5628//5628 5629//5629 5619//5619
f 5619//5619 5629//5629 5620//5620
f 5629//5629 5630//5630 5620//5620
f 5620//5620 5630//5630 5621//5621
f 5630//5630 5631//5631 5621//5621
f 5621//5621 5631//5631 5622//5622
f 5631//5631 5632//5632 5622//5622
f 5622//5622 5632//5632 5623//5623
f 5632//5632 5633//5633 5623//5623
f 5623//5623 5633//5633 5624//5624
f 5633//5633 5634//5634 5624//5624
f 5624//5624 5634//5634 5625//5625
f 5634//5634 5635//5635 5625//5625
f 5625//5625 5635//5635 5626//5626
f 5627//5627 5636//5636 5637//5637
f 5636//5636 5638//5638 5637//5637
f 5637//5637 5638//5638 5639//5639
f 5638//5638 5640//5640 5639//5639
f 5638//5638 5641//5641 5640//5640
f 5641//5641 5642//5642 5640//5640
f 5640//5640 5642//5642 5605//5605
f 5642//5642 5643//5643 5605//5605
f 5605//5605 5643//5643 5618//5618
f 5644//5644 5396//5396 5645//5645
f 5396//5396 5394//5394 5645//5645
f 5645//5645 5394//5394 5646//5646
f 5394//5394 5395//5395 5646//5646
f 5646//5646 5395//5395 5647//5647
f 5395//5395 5393//5393 5647//5647
f 5604//5604 5648//5648 5608//5608
f 5648//5648 5649//5649 5608//5608
f 5608//5608 5649//5649 5607//5607
f 5649//5649 5650//5650 5607//5607
f 5607//5607 5650//5650 5606//5606
f 5650//5650 5651//5651 5606//5606
f 5606//5606 5651//5651 5605//5605
f 5651//5651 5652//5652 5605//5605
f 5605//5605 5652//5652 5640//5640
f 5652//5652 5653//5653 5640//5640
f 5640//5640 5653//5653 5639//5639
f 5653//5653 5654//5654 5639//5639
f 5639//5639 5654//5654 5637//5637
f 5648//5648 5644//5644 5649//5649
f 5644//5644 5645//5645 5649//5649
f 5649//5649 5645//5645 5650//5650
f 5645//5645 5646//5646 5650//5650
f 5650//5650 5646//5646 5651//5651
f 5646//5646 5647//5647 5651//5651
f 5651//5651 5647//5647 5652//5652
f 5647//5647 5393//5393 5652//5652
f 5652//5652 5393//5393 5653//5653
f 5393//5393 5392//5392 5653//5653
f 5653//5653 5392//5392 5654//5654
f 5392//5392 5391//5391 5654//5654
f 5654//5654 5391//5391 5637//5637
f 5391//5391 5390//5390 5637//5637
f 5637//5637 5390//5390 5627//5627
f 5655//5655 5656//5656 5657//5657
f 5656//5656 5658//5658 5657//5657
f 5657//5657 5658//5658 5659//5659
f 5658//5658 5660//5660 5659//5659
f 5659//5659 5660//5660 5661//5661
f 5660//5660 5430//5430 5661//5661
f 5662//5662 5663//5663 5664//5664
f 5663//5663 5665//5665 5664//5664
f 5664//5664 5665//5665 5666//5666
f 5665//5665 5667//5667 5666//5666
f 5437//5437 5662//5662 5439//5439
f 5662//5662 5664//5664 5439//5439
f 5439//5439 5664//5664 5668//5668
f 5664//5664 5666//5666 5668//5668
f 5668//5668 5666//5666 5669//5669
f 5666//5666 5667//5667 5669//5669
f 5669//5669 5667//5667 5670//5670
f 5204//5204 5206//5206 5671//5671
f 5672//5672 5200//5200 5673//5673
f 5674//5674 5675//5675 5676//5676
f 5675//5675 5677//5677 5676//5676
f 5676//5676 5677//5677 5678//5678
f 5677//5677 5679//5679 5678//5678
f 5678//5678 5679//5679 5680//5680
f 5661//5661 5674//5674 5659//5659
f 5674//5674 5676//5676 5659//5659
f 5659//5659 5676//5676 5657//5657
f 5676//5676 5678//5678 5657//5657
f 5657//5657 5678//5678 5655//5655
f 5678//5678 5680//5680 5655//5655
f 5655//5655 5680//5680 5681//5681
f 5430//5430 5660//5660 5429//5429
f 5660//5660 5658//5658 5429//5429
f 5429//5429 5658//5658 5428//5428
f 5658//5658 5656//5656 5428//5428
f 5428//5428 5656//5656 5682//5682
f 5656//5656 5655//5655 5682//5682
f 5682//5682 5655//5655 5199//5199
f 5655//5655 5681//5681 5199//5199
f 5199//5199 5681//5681 5197//5197
f 5683//5683 5684//5684 5685//5685
f 5684//5684 5196//5196 5685//5685
f 5685//5685 5196//5196 5686//5686
f 5196//5196 5195//5195 5686//5686
f 5686//5686 5195//5195 5687//5687
f 5426//5426 5427//5427 5688//5688
f 5427//5427 5428//5428 5688//5688
f 5688//5688 5428//5428 5683//5683
f 5428//5428 5682//5682 5683//5683
f 5683//5683 5682//5682 5684//5684
f 5682//5682 5199//5199 5684//5684
f 5684//5684 5199//5199 5196//5196
f 5199//5199 5198//5198 5196//5196
f 5196//5196 5198//5198 5194//5194
f 5689//5689 5690//5690 5691//5691
f 5675//5675 5692//5692 5677//5677
f 5692//5692 5693//5693 5677//5677
f 5677//5677 5693//5693 5679//5679
f 5693//5693 5694//5694 5679//5679
f 5679//5679 5694//5694 5680//5680
f 5694//5694 5695//5695 5680//5680
f 5680//5680 5695//5695 5681//5681
f 5695//5695 5696//5696 5681//5681
f 5681//5681 5696//5696 5197//5197
f 5696//5696 5697//5697 5197//5197
f 5197//5197 5697//5697 5198//5198
f 5697//5697 5698//5698 5198//5198
f 5198//5198 5698//5698 5194//5194
f 5698//5698 5699//5699 5194//5194
f 5194//5194 5699//5699 5195//5195
f 5699//5699 5700//5700 5195//5195
f 5195//5195 5700//5700 5687//5687
f 5700//5700 5701//5701 5687//5687
f 5206//5206 5208//5208 5671//5671
f 5208//5208 5507//5507 5671//5671
f 5671//5671 5507//5507 5702//5702
f 5507//5507 5508//5508 5702//5702
f 5702//5702 5508//5508 5703//5703
f 5508//5508 5509//5509 5703//5703
f 5703//5703 5509//5509 5704//5704
f 5509//5509 5223//5223 5704//5704
f 5704//5704 5223//5223 5193//5193
f 5223//5223 5222//5222 5193//5193
f 5193//5193 5222//5222 5191//5191
f 5203//5203 5205//5205 5705//5705
f 5205//5205 5706//5706 5705//5705
f 5705//5705 5706//5706 5707//5707
f 5706//5706 5708//5708 5707//5707
f 5707//5707 5708//5708 5709//5709
f 5708//5708 5710//5710 5709//5709
f 5709//5709 5710//5710 5711//5711
f 5710//5710 5187//5187 5711//5711
f 5711//5711 5187//5187 5190//5190
f 5187//5187 5186//5186 5190//5190
f 5190//5190 5186//5186 5188//5188
f 5204//5204 5671//5671 5205//5205
f 5671//5671 5702//5702 5205//5205
f 5205//5205 5702//5702 5706//5706
f 5702//5702 5703//5703 5706//5706
f 5706//5706 5703//5703 5708//5708
f 5703//5703 5704//5704 5708//5708
f 5708//5708 5704//5704 5710//5710
f 5704//5704 5193//5193 5710//5710
f 5710//5710 5193//5193 5187//5187
f 5193//5193 5192//5192 5187//5187
f 5187//5187 5192//5192 5185//5185
f 5712//5712 5182//5182 5713//5713
f 5714//5714 5715//5715 5716//5716
f 5715//5715 5717//5717 5716//5716
f 5716//5716 5717//5717 5718//5718
f 5719//5719 5720//5720 5721//5721
f 5720//5720 5179//5179 5721//5721
f 5179//5179 5181//5181 5721//5721
f 5181//5181 5722//5722 5721//5721
f 5721//5721 5722//5722 5719//5719
f 5723//5723 5724//5724 5725//5725
f 5724//5724 5726//5726 5725//5725
f 5725//5725 5726//5726 5727//5727
f 5726//5726 5728//5728 5727//5727
f 5727//5727 5728//5728 5729//5729
f 5728//5728 5730//5730 5729//5729
f 5729//5729 5730//5730 5712//5712
f 5200//5200 5202//5202 5673//5673
f 5202//5202 5731//5731 5673//5673
f 5673//5673 5731//5731 5732//5732
f 5731//5731 5733//5733 5732//5732
f 5732//5732 5733//5733 5734//5734
f 5733//5733 5735//5735 5734//5734
f 5734//5734 5735//5735 5736//5736
f 5735//5735 5714//5714 5736//5736
f 5736//5736 5714//5714 5737//5737
f 5714//5714 5716//5716 5737//5737
f 5737//5737 5716//5716 5738//5738
f 5716//5716 5718//5718 5738//5738
f 5738//5738 5718//5718 5739//5739
f 5672//5672 5673//5673 5740//5740
f 5673//5673 5732//5732 5740//5740
f 5740//5740 5732//5732 5741//5741
f 5732//5732 5734//5734 5741//5741
f 5741//5741 5734//5734 5742//5742
f 5734//5734 5736//5736 5742//5742
f 5742//5742 5736//5736 5743//5743
f 5736//5736 5737//5737 5743//5743
f 5743//5743 5737//5737 5744//5744
f 5737//5737 5738//5738 5744//5744
f 5744//5744 5738//5738 5745//5745
f 5738//5738 5739//5739 5745//5745
f 5745//5745 5739//5739 5746//5746
f 5176//5176 5178//5178 5747//5747
f 5168//5168 5167//5167 5178//5178
f 5167//5167 5748//5748 5178//5178
f 5178//5178 5748//5748 5747//5747
f 5749//5749 5750//5750 5746//5746
f 5750//5750 5751//5751 5746//5746
f 5746//5746 5751//5751 5745//5745
f 5751//5751 5752//5752 5745//5745
f 5745//5745 5752//5752 5744//5744
f 5752//5752 5753//5753 5744//5744
f 5744//5744 5753//5753 5743//5743
f 5753//5753 5754//5754 5743//5743
f 5743//5743 5754//5754 5742//5742
f 5754//5754 5755//5755 5742//5742
f 5742//5742 5755//5755 5741//5741
f 5755//5755 5756//5756 5741//5741
f 5741//5741 5756//5756 5740//5740
f 5756//5756 5757//5757 5740//5740
f 5740//5740 5757//5757 5672//5672
f 5758//5758 5759//5759 5760//5760
f 5759//5759 5761//5761 5760//5760
f 5760//5760 5761//5761 5762//5762
f 5761//5761 5763//5763 5762//5762
f 5762//5762 5763//5763 5764//5764
f 5689//5689 5691//5691 5765//5765
f 5691//5691 5766//5766 5765//5765
f 5765//5765 5766//5766 5767//5767
f 5766//5766 5768//5768 5767//5767
f 5767//5767 5768//5768 5769//5769
f 5768//5768 5770//5770 5769//5769
f 5769//5769 5770//5770 5771//5771
f 5772//5772 5173//5173 5773//5773
f 5173//5173 5175//5175 5773//5773
f 5773//5773 5175//5175 5774//5774
f 5175//5175 5749//5749 5774//5774
f 5749//5749 5175//5175 5750//5750
f 5175//5175 5174//5174 5750//5750
f 5750//5750 5174//5174 5751//5751
f 5174//5174 5173//5173 5751//5751
f 5751//5751 5173//5173 5752//5752
f 5173//5173 5772//5772 5752//5752
f 5752//5752 5772//5772 5753//5753
f 5772//5772 5775//5775 5753//5753
f 5753//5753 5775//5775 5754//5754
f 5775//5775 5776//5776 5754//5754
f 5754//5754 5776//5776 5755//5755
f 5776//5776 5777//5777 5755//5755
f 5755//5755 5777//5777 5756//5756
f 5777//5777 5778//5778 5756//5756
f 5756//5756 5778//5778 5757//5757
f 5779//5779 5780//5780 5781//5781
f 5780//5780 5782//5782 5781//5781
f 5781//5781 5782//5782 5783//5783
f 5782//5782 5784//5784 5783//5783
f 5783//5783 5784//5784 5785//5785
f 5369//5369 5368//5368 5370//5370
f 5368//5368 5786//5786 5370//5370
f 5370//5370 5786//5786 5371//5371
f 5786//5786 5787//5787 5371//5371
f 5371//5371 5787//5787 5375//5375
f 5787//5787 5788//5788 5375//5375
f 5375//5375 5788//5788 5246//5246
f 5230//5230 5785//5785 5231//5231
f 5785//5785 5784//5784 5231//5231
f 5231//5231 5784//5784 5789//5789
f 5784//5784 5782//5782 5789//5789
f 5789//5789 5782//5782 5790//5790
f 5782//5782 5780//5780 5790//5790
f 5790//5790 5780//5780 5791//5791
f 5780//5780 5779//5779 5791//5791
f 5791//5791 5779//5779 5792//5792
f 5779//5779 5243//5243 5792//5792
f 5792//5792 5243//5243 5382//5382
f 5243//5243 5242//5242 5382//5382
f 5382//5382 5242//5242 5380//5380
f 5381//5381 5244//5244 5382//5382
f 5244//5244 5246//5246 5382//5382
f 5382//5382 5246//5246 5792//5792
f 5246//5246 5788//5788 5792//5792
f 5792//5792 5788//5788 5791//5791
f 5788//5788 5787//5787 5791//5791
f 5791//5791 5787//5787 5790//5790
f 5787//5787 5786//5786 5790//5790
f 5790//5790 5786//5786 5789//5789
f 5786//5786 5368//5368 5789//5789
f 5789//5789 5368//5368 5231//5231
f 5368//5368 5365//5365 5231//5231
f 5231//5231 5365//5365 5232//5232
f 5365//5365 5249//5249 5232//5232
f 5232//5232 5249//5249 5433//5433
f 5249//5249 5248//5248 5433//5433
f 5433//5433 5248//5248 5431//5431
f 5230//5230 5793//5793 5785//5785
f 5793//5793 5794//5794 5785//5785
f 5785//5785 5794//5794 5783//5783
f 5794//5794 5795//5795 5783//5783
f 5783//5783 5795//5795 5781//5781
f 5795//5795 5796//5796 5781//5781
f 5781//5781 5796//5796 5779//5779
f 5796//5796 5797//5797 5779//5779
f 5779//5779 5797//5797 5243//5243
f 5797//5797 5798//5798 5243//5243
f 5243//5243 5798//5798 5241//5241
f 5798//5798 5799//5799 5241//5241
f 5432//5432 5800//5800 5434//5434
f 5800//5800 5801//5801 5434//5434
f 5434//5434 5801//5801 5435//5435
f 5801//5801 5802//5802 5435//5435
f 5435//5435 5802//5802 5230//5230
f 5802//5802 5803//5803 5230//5230
f 5230//5230 5803//5803 5793//5793
f 5803//5803 5804//5804 5793//5793
f 5793//5793 5804//5804 5794//5794
f 5804//5804 5805//5805 5794//5794
f 5794//5794 5805//5805 5795//5795
f 5805//5805 5806//5806 5795//5795
f 5795//5795 5806//5806 5796//5796
f 5806//5806 5807//5807 5796//5796
f 5796//5796 5807//5807 5797//5797
f 5807//5807 5808//5808 5797//5797
f 5797//5797 5808//5808 5798//5798
f 5808//5808 5240//5240 5798//5798
f 5798//5798 5240//5240 5799//5799
f 5240//5240 5239//5239 5799//5799
f 5802//5802 5809//5809 5803//5803
f 5809//5809 5810//5810 5803//5803
f 5803//5803 5810//5810 5804//5804
f 5810//5810 5811//5811 5804//5804
f 5804//5804 5811//5811 5805//5805
f 5811//5811 5812//5812 5805//5805
f 5805//5805 5812//5812 5806//5806
f 5812//5812 5170//5170 5806//5806
f 5806//5806 5170//5170 5807//5807
f 5170//5170 5172//5172 5807//5807
f 5807//5807 5172//5172 5808//5808
f 5172//5172 5813//5813 5808//5808
f 5808//5808 5813//5813 5240//5240
f 5813//5813 5236//5236 5240//5240
f 5240//5240 5236//5236 5238//5238
f 5236//5236 5235//5235 5238//5238
f 5182//5182 5184//5184 5713//5713
f 5184//5184 5814//5814 5713//5713
f 5713//5713 5814//5814 5815//5815
f 5814//5814 5816//5816 5815//5815
f 5815//5815 5816//5816 5817//5817
f 5816//5816 5818//5818 5817//5817
f 5817//5817 5818//5818 5819//5819
f 5712//5712 5713//5713 5729//5729
f 5713//5713 5815//5815 5729//5729
f 5729//5729 5815//5815 5727//5727
f 5815//5815 5817//5817 5727//5727
f 5727//5727 5817//5817 5725//5725
f 5817//5817 5819//5819 5725//5725
f 5725//5725 5819//5819 5723//5723
f 5597//5597 5723//5723 5551//5551
f 5723//5723 5819//5819 5551//5551
f 5551//5551 5819//5819 5552//5552
f 5819//5819 5818//5818 5552//5552
f 5552//5552 5818//5818 5497//5497
f 5818//5818 5816//5816 5497//5497
f 5497//5497 5816//5816 5498//5498
f 5816//5816 5814//5814 5498//5498
f 5498//5498 5814//5814 5500//5500
f 5814//5814 5184//5184 5500//5500
f 5500//5500 5184//5184 5502//5502
f 5184//5184 5183//5183 5502//5502
f 5502//5502 5183//5183 5504//5504
f 5820//5820 5821//5821 5822//5822
f 5821//5821 5823//5823 5822//5822
f 5822//5822 5823//5823 5824//5824
f 5823//5823 5825//5825 5824//5824
f 5824//5824 5825//5825 5722//5722
f 5825//5825 5826//5826 5722//5722
f 5722//5722 5826//5826 5719//5719
f 5162//5162 5161//5161 5827//5827
f 5161//5161 5828//5828 5827//5827
f 5827//5827 5828//5828 5597//5597
f 5828//5828 5829//5829 5597//5597
f 5597//5597 5829//5829 5723//5723
f 5829//5829 5830//5830 5723//5723
f 5723//5723 5830//5830 5724//5724
f 5820//5820 5831//5831 5821//5821
f 5831//5831 5169//5169 5821//5821
f 5821//5821 5169//5169 5823//5823
f 5169//5169 5168//5168 5823//5823
f 5823//5823 5168//5168 5825//5825
f 5168//5168 5178//5178 5825//5825
f 5825//5825 5178//5178 5826//5826
f 5178//5178 5177//5177 5826//5826
f 5826//5826 5177//5177 5719//5719
f 5164//5164 5166//5166 5832//5832
f 5166//5166 5833//5833 5832//5832
f 5832//5832 5833//5833 5834//5834
f 5833//5833 5835//5835 5834//5834
f 5834//5834 5835//5835 5749//5749
f 5835//5835 5836//5836 5749//5749
f 5749//5749 5836//5836 5774//5774
f 5163//5163 5837//5837 5161//5161
f 5837//5837 5831//5831 5161//5161
f 5161//5161 5831//5831 5828//5828
f 5831//5831 5820//5820 5828//5828
f 5828//5828 5820//5820 5829//5829
f 5820//5820 5822//5822 5829//5829
f 5829//5829 5822//5822 5830//5830
f 5822//5822 5824//5824 5830//5830
f 5830//5830 5824//5824 5724//5724
f 5824//5824 5722//5722 5724//5724
f 5724//5724 5722//5722 5726//5726
f 5722//5722 5181//5181 5726//5726
f 5726//5726 5181//5181 5728//5728
f 5181//5181 5180//5180 5728//5728
f 5728//5728 5180//5180 5730//5730
f 5388//5388 5838//5838 5839//5839
f 5838//5838 5165//5165 5839//5839
f 5158//5158 5840//5840 5386//5386
f 5840//5840 5838//5838 5386//5386
f 5386//5386 5838//5838 479//479
f 5838//5838 5388//5388 479//479
f 479//479 5388//5388 478//478
f 5388//5388 471//471 478//478
f 5165//5165 5838//5838 5166//5166
f 5838//5838 5840//5840 5166//5166
f 5166//5166 5840//5840 5833//5833
f 5840//5840 5158//5158 5833//5833
f 5833//5833 5158//5158 5835//5835
f 5158//5158 5160//5160 5835//5835
f 5835//5835 5160//5160 5836//5836
f 5160//5160 5841//5841 5836//5836
f 5836//5836 5841//5841 5774//5774
f 5841//5841 5771//5771 5774//5774
f 5774//5774 5771//5771 5773//5773
f 5771//5771 5770//5770 5773//5773
f 5773//5773 5770//5770 5772//5772
f 5770//5770 5768//5768 5772//5772
f 5772//5772 5768//5768 5775//5775
f 5768//5768 5766//5766 5775//5775
f 5775//5775 5766//5766 5776//5776
f 5766//5766 5691//5691 5776//5776
f 5776//5776 5691//5691 5777//5777
f 5691//5691 5690//5690 5777//5777
f 5777//5777 5690//5690 5778//5778
f 492//492 5385//5385 494//494
f 5385//5385 5384//5384 494//494
f 494//494 5384//5384 5842//5842
f 5384//5384 5237//5237 5842//5842
f 5842//5842 5237//5237 5843//5843
f 5237//5237 5236//5236 5843//5843
f 5843//5843 5236//5236 5844//5844
f 5236//5236 5813//5813 5844//5844
f 5844//5844 5813//5813 5845//5845
f 5813//5813 5172//5172 5845//5845
f 5845//5845 5172//5172 5846//5846
f 5172//5172 5171//5171 5846//5846
f 5846//5846 5171//5171 5847//5847
f 5171//5171 5170//5170 5847//5847
f 5847//5847 5170//5170 5848//5848
f 5170//5170 5812//5812 5848//5848
f 5848//5848 5812//5812 5701//5701
f 5812//5812 5811//5811 5701//5701
f 5701//5701 5811//5811 5687//5687
f 5811//5811 5810//5810 5687//5687
f 5687//5687 5810//5810 5686//5686
f 5810//5810 5809//5809 5686//5686
f 5686//5686 5809//5809 5685//5685
f 5809//5809 5802//5802 5685//5685
f 5685//5685 5802//5802 5683//5683
f 5802//5802 5801//5801 5683//5683
f 5683//5683 5801//5801 5688//5688
f 5801//5801 5800//5800 5688//5688
f 5688//5688 5800//5800 5426//5426
f 486//486 5849//5849 5159//5159
f 5849//5849 5850//5850 5159//5159
f 5159//5159 5850//5850 5160//5160
f 5850//5850 5851//5851 5160//5160
f 5160//5160 5851//5851 5841//5841
f 5851//5851 5852//5852 5841//5841
f 5841//5841 5852//5852 5771//5771
f 5852//5852 5758//5758 5771//5771
f 5771//5771 5758//5758 5769//5769
f 5758//5758 5760//5760 5769//5769
f 5769//5769 5760//5760 5767//5767
f 5760//5760 5762//5762 5767//5767
f 5767//5767 5762//5762 5765//5765
f 5762//5762 5764//5764 5765//5765
f 5765//5765 5764//5764 5689//5689
f 5692//5692 5201//5201 5693//5693
f 5201//5201 5200//5200 5693//5693
f 5693//5693 5200//5200 5694//5694
f 5200//5200 5672//5672 5694//5694
f 5694//5694 5672//5672 5695//5695
f 5672//5672 5757//5757 5695//5695
f 5695//5695 5757//5757 5696//5696
f 5757//5757 5778//5778 5696//5696
f 5696//5696 5778//5778 5697//5697
f 5778//5778 5690//5690 5697//5697
f 5697//5697 5690//5690 5698//5698
f 5690//5690 5689//5689 5698//5698
f 5698//5698 5689//5689 5699//5699
f 5689//5689 5764//5764 5699//5699
f 5699//5699 5764//5764 5700//5700
f 5764//5764 5763//5763 5700//5700
f 5700//5700 5763//5763 5701//5701
f 5763//5763 5761//5761 5701//5701
f 5701//5701 5761//5761 5848//5848
f 5761//5761 5759//5759 5848//5848
f 5848//5848 5759//5759 5847//5847
f 5759//5759 5758//5758 5847//5847
f 5847//5847 5758//5758 5846//5846
f 5758//5758 5852//5852 5846//5846
f 5846//5846 5852//5852 5845//5845
f 5852//5852 5851//5851 5845//5845
f 5845//5845 5851//5851 5844//5844
f 5851//5851 5850//5850 5844//5844
f 5844//5844 5850//5850 5843//5843
f 5850//5850 5849//5849 5843//5843
f 5843//5843 5849//5849 5842//5842
f 5849//5849 486//486 5842//5842
f 5842//5842 486//486 494//494
f 5853//5853 5854//5854 5855//5855
f 5854//5854 5856//5856 5855//5855
f 5855//5855 5856//5856 5857//5857
f 5856//5856 5858//5858 5857//5857
f 5857//5857 5858//5858 5859//5859
f 5858//5858 5860//5860 5859//5859
f 5859//5859 5860//5860 5861//5861
f 5860//5860 5862//5862 5861//5861
f 5861//5861 5862//5862 5863//5863
f 5862//5862 5864//5864 5863//5863
f 5863//5863 5864//5864 5865//5865
f 5864//5864 5866//5866 5865//5865
f 5865//5865 5866//5866 5867//5867
f 5866//5866 5868//5868 5867//5867
f 5867//5867 5868//5868 5869//5869
f 5868//5868 5870//5870 5869//5869
f 5853//5853 5871//5871 5854//5854
f 5871//5871 5872//5872 5854//5854
f 5854//5854 5872//5872 5856//5856
f 5872//5872 5873//5873 5856//5856
f 5856//5856 5873//5873 5858//5858
f 5873//5873 5874//5874 5858//5858
f 5858//5858 5874//5874 5860//5860
f 5874//5874 5875//5875 5860//5860
f 5860//5860 5875//5875 5862//5862
f 5875//5875 5876//5876 5862//5862
f 5862//5862 5876//5876 5864//5864
f 5876//5876 5877//5877 5864//5864
f 5864//5864 5877//5877 5866//5866
f 5877//5877 5878//5878 5866//5866
f 5866//5866 5878//5878 5868//5868
f 5878//5878 5259//5259 5868//5868
f 5868//5868 5259//5259 5870//5870
f 5259//5259 5258//5258 5870//5870
f 5261//5261 5879//5879 5262//5262
f 5879//5879 5880//5880 5262//5262
f 5262//5262 5880//5880 5881//5881
f 5880//5880 5882//5882 5881//5881
f 5881//5881 5882//5882 5883//5883
f 5882//5882 5884//5884 5883//5883
f 5883//5883 5884//5884 5885//5885
f 5884//5884 5886//5886 5885//5885
f 5885//5885 5886//5886 5887//5887
f 5886//5886 5888//5888 5887//5887
f 5887//5887 5888//5888 5889//5889
f 5888//5888 5890//5890 5889//5889
f 5889//5889 5890//5890 5891//5891
f 5890//5890 5892//5892 5891//5891
f 5891//5891 5892//5892 5893//5893
f 5892//5892 5894//5894 5893//5893
f 5893//5893 5894//5894 5895//5895
f 5894//5894 5896//5896 5895//5895
f 5895//5895 5896//5896 5897//5897
f 5896//5896 5898//5898 5897//5897
f 5897//5897 5898//5898 5899//5899
f 5203//5203 5670//5670 5204//5204
f 5670//5670 5667//5667 5204//5204
f 5204//5204 5667//5667 5206//5206
f 5667//5667 5665//5665 5206//5206
f 5206//5206 5665//5665 5207//5207
f 5665//5665 5663//5663 5207//5207
f 5207//5207 5663//5663 5506//5506
f 5663//5663 5662//5662 5506//5506
f 5506//5506 5662//5662 5445//5445
f 5662//5662 5437//5437 5445//5445
f 5445//5445 5437//5437 5443//5443
f 5437//5437 5436//5436 5443//5443
f 5443//5443 5436//5436 5441//5441
f 5436//5436 5900//5900 5441//5441
f 5441//5441 5900//5900 5901//5901
f 5900//5900 5902//5902 5901//5901
f 5901//5901 5902//5902 5903//5903
f 5902//5902 5904//5904 5903//5903
f 5903//5903 5904//5904 5905//5905
f 5904//5904 5906//5906 5905//5905
f 5905//5905 5906//5906 5907//5907
f 5906//5906 5908//5908 5907//5907
f 5907//5907 5908//5908 5909//5909
f 5908//5908 5910//5910 5909//5909
f 5909//5909 5910//5910 5911//5911
f 5910//5910 5912//5912 5911//5911
f 5911//5911 5912//5912 5913//5913
f 5912//5912 5914//5914 5913//5913
f 5913//5913 5914//5914 5915//5915
f 5914//5914 5916//5916 5915//5915
f 5915//5915 5916//5916 5917//5917
f 5916//5916 5918//5918 5917//5917
f 5917//5917 5918//5918 5919//5919
f 5918//5918 5920//5920 5919//5919
f 5919//5919 5920//5920 5921//5921
f 5920//5920 5922//5922 5921//5921
f 5921//5921 5922//5922 5871//5871
f 5922//5922 5923//5923 5871//5871
f 5871//5871 5923//5923 5872//5872
f 5289//5289 5287//5287 5290//5290
f 5287//5287 5265//5265 5290//5290
f 5290//5290 5265//5265 5924//5924
f 5265//5265 5925//5925 5924//5924
f 5924//5924 5925//5925 5926//5926
f 5925//5925 5927//5927 5926//5926
f 5926//5926 5927//5927 5928//5928
f 5927//5927 5929//5929 5928//5928
f 5928//5928 5929//5929 5930//5930
f 5929//5929 5931//5931 5930//5930
f 5930//5930 5931//5931 5932//5932
f 5931//5931 5933//5933 5932//5932
f 5932//5932 5933//5933 5934//5934
f 5933//5933 5935//5935 5934//5934
f 5934//5934 5935//5935 5936//5936
f 5935//5935 5937//5937 5936//5936
f 5936//5936 5937//5937 5938//5938
f 5937//5937 5939//5939 5938//5938
f 5938//5938 5939//5939 5940//5940
f 5939//5939 5941//5941 5940//5940
f 5940//5940 5941//5941 5942//5942
f 5941//5941 5943//5943 5942//5942
f 5942//5942 5943//5943 5944//5944
f 5943//5943 5945//5945 5944//5944
f 5944//5944 5945//5945 5946//5946
f 5879//5879 5288//5288 5880//5880
f 5288//5288 5290//5290 5880//5880
f 5880//5880 5290//5290 5882//5882
f 5290//5290 5924//5924 5882//5882
f 5882//5882 5924//5924 5884//5884
f 5924//5924 5926//5926 5884//5884
f 5884//5884 5926//5926 5886//5886
f 5926//5926 5928//5928 5886//5886
f 5886//5886 5928//5928 5888//5888
f 5928//5928 5930//5930 5888//5888
f 5888//5888 5930//5930 5890//5890
f 5930//5930 5932//5932 5890//5890
f 5890//5890 5932//5932 5892//5892
f 5932//5932 5934//5934 5892//5892
f 5892//5892 5934//5934 5894//5894
f 5934//5934 5936//5936 5894//5894
f 5894//5894 5936//5936 5896//5896
f 5936//5936 5938//5938 5896//5896
f 5896//5896 5938//5938 5898//5898
f 5938//5938 5940//5940 5898//5898
f 5898//5898 5940//5940 5899//5899
f 5940//5940 5942//5942 5899//5899
f 5899//5899 5942//5942 5947//5947
f 5942//5942 5944//5944 5947//5947
f 5947//5947 5944//5944 5948//5948
f 5944//5944 5946//5946 5948//5948
f 5948//5948 5946//5946 5949//5949
f 5946//5946 5950//5950 5949//5949
f 5949//5949 5950//5950 5951//5951
f 5950//5950 5952//5952 5951//5951
f 5951//5951 5952//5952 5953//5953
f 5952//5952 5954//5954 5953//5953
f 5953//5953 5954//5954 5955//5955
f 5954//5954 5956//5956 5955//5955
f 5955//5955 5956//5956 5957//5957
f 5956//5956 5958//5958 5957//5957
f 5957//5957 5958//5958 5959//5959
f 5958//5958 5960//5960 5959//5959
f 5959//5959 5960//5960 5961//5961
f 5960//5960 5480//5480 5961//5961
f 5961//5961 5480//5480 5229//5229
f 5480//5480 5479//5479 5229//5229
f 5229//5229 5479//5479 5227//5227
f 5479//5479 5470//5470 5227//5227
f 5227//5227 5470//5470 5468//5468
f 5470//5470 5469//5469 5468//5468
f 5468//5468 5469//5469 5467//5467
f 5469//5469 5471//5471 5467//5467
f 5467//5467 5471//5471 5481//5481
f 5471//5471 5473//5473 5481//5481
f 5481//5481 5473//5473 5483//5483
f 5473//5473 5474//5474 5483//5483
f 5483//5483 5474//5474 5485//5485
f 5474//5474 5475//5475 5485//5485
f 5485//5485 5475//5475 5592//5592
f 5720//5720 5189//5189 5179//5179
f 5189//5189 5188//5188 5179//5179
f 5179//5179 5188//5188 5180//5180
f 5188//5188 5186//5186 5180//5180
f 5180//5180 5186//5186 5730//5730
f 5186//5186 5185//5185 5730//5730
f 5730//5730 5185//5185 5712//5712
f 5185//5185 5192//5192 5712//5712
f 5712//5712 5192//5192 5182//5182
f 5192//5192 5191//5191 5182//5182
f 5182//5182 5191//5191 5183//5183
f 5191//5191 5222//5222 5183//5183
f 5183//5183 5222//5222 5504//5504
f 5222//5222 5221//5221 5504//5504
f 5504//5504 5221//5221 5505//5505
f 5221//5221 5225//5225 5505//5505
f 5505//5505 5225//5225 5495//5495
f 5225//5225 5224//5224 5495//5495
f 5495//5495 5224//5224 5496//5496
f 5224//5224 5465//5465 5496//5496
f 5496//5496 5465//5465 5466//5466
f 5465//5465 5464//5464 5466//5466
f 5466//5466 5464//5464 5454//5454
f 5464//5464 5462//5462 5454//5454
f 5454//5454 5462//5462 5453//5453
f 5462//5462 5460//5460 5453//5453
f 5453//5453 5460//5460 5452//5452
f 5460//5460 5449//5449 5452//5452
f 5452//5452 5449//5449 5450//5450
f 5449//5449 5448//5448 5450//5450
f 5450//5450 5448//5448 5457//5457
f 5448//5448 5444//5444 5457//5457
f 5457//5457 5444//5444 5228//5228
f 5444//5444 5442//5442 5228//5228
f 5228//5228 5442//5442 5229//5229
f 5442//5442 5441//5441 5229//5229
f 5229//5229 5441//5441 5961//5961
f 5441//5441 5901//5901 5961//5961
f 5961//5961 5901//5901 5959//5959
f 5901//5901 5903//5903 5959//5959
f 5959//5959 5903//5903 5957//5957
f 5903//5903 5905//5905 5957//5957
f 5957//5957 5905//5905 5955//5955
f 5905//5905 5907//5907 5955//5955
f 5955//5955 5907//5907 5953//5953
f 5907//5907 5909//5909 5953//5953
f 5953//5953 5909//5909 5951//5951
f 5909//5909 5911//5911 5951//5951
f 5951//5951 5911//5911 5949//5949
f 5911//5911 5913//5913 5949//5949
f 5949//5949 5913//5913 5948//5948
f 5913//5913 5915//5915 5948//5948
f 5948//5948 5915//5915 5947//5947
f 5915//5915 5917//5917 5947//5947
f 5947//5947 5917//5917 5899//5899
f 5917//5917 5919//5919 5899//5899
f 5899//5899 5919//5919 5897//5897
f 5919//5919 5921//5921 5897//5897
f 5897//5897 5921//5921 5895//5895
f 5921//5921 5871//5871 5895//5895
f 5895//5895 5871//5871 5893//5893
f 5871//5871 5853//5853 5893//5893
f 5893//5893 5853//5853 5891//5891
f 5853//5853 5855//5855 5891//5891
f 5891//5891 5855//5855 5889//5889
f 5855//5855 5857//5857 5889//5889
f 5889//5889 5857//5857 5887//5887
f 5857//5857 5859//5859 5887//5887
f 5887//5887 5859//5859 5885//5885
f 5859//5859 5861//5861 5885//5885
f 5885//5885 5861//5861 5883//5883
f 5861//5861 5863//5863 5883//5883
f 5883//5883 5863//5863 5881//5881
f 5863//5863 5865//5865 5881//5881
f 5881//5881 5865//5865 5262//5262
f 5865//5865 5867//5867 5262//5262
f 5262//5262 5867//5867 5260//5260
f 5867//5867 5869//5869 5260//5260
f 5156//5156 5155//5155 5962//5962
f 5155//5155 5963//5963 5962//5962
f 5962//5962 5963//5963 5964//5964
f 5963//5963 5965//5965 5964//5964
f 5964//5964 5965//5965 5966//5966
f 5965//5965 5967//5967 5966//5966
f 5966//5966 5967//5967 5968//5968
f 5967//5967 5969//5969 5968//5968
f 5968//5968 5969//5969 5970//5970
f 5969//5969 5971//5971 5970//5970
f 5970//5970 5971//5971 5972//5972
f 5971//5971 5973//5973 5972//5972
f 5972//5972 5973//5973 5974//5974
f 5286//5286 5274//5274 5285//5285
f 5274//5274 5272//5272 5285//5285
f 5285//5285 5272//5272 5975//5975
f 5272//5272 5270//5270 5975//5975
f 5975//5975 5270//5270 5976//5976
f 5269//5269 5268//5268 5270//5270
f 5268//5268 5267//5267 5270//5270
f 5270//5270 5267//5267 5976//5976
f 5267//5267 5266//5266 5976//5976
f 5976//5976 5266//5266 5414//5414
f 5266//5266 408//408 5414//5414
f 5414//5414 408//408 409//409
f 412//412 5413//5413 5414//5414
f 5413//5413 5977//5977 5414//5414
f 5414//5414 5977//5977 5976//5976
f 5977//5977 5978//5978 5976//5976
f 5976//5976 5978//5978 5975//5975
f 5978//5978 5979//5979 5975//5975
f 5975//5975 5979//5979 5285//5285
f 5153//5153 5152//5152 5980//5980
f 5152//5152 5981//5981 5980//5980
f 5980//5980 5981//5981 5982//5982
f 5981//5981 5983//5983 5982//5982
f 5982//5982 5983//5983 5984//5984
f 5983//5983 5985//5985 5984//5984
f 5984//5984 5985//5985 5986//5986
f 5985//5985 5987//5987 5986//5986
f 5986//5986 5987//5987 5988//5988
f 5987//5987 5989//5989 5988//5988
f 5988//5988 5989//5989 5990//5990
f 5989//5989 5991//5991 5990//5990
f 5990//5990 5991//5991 5992//5992
f 5991//5991 5993//5993 5992//5992
f 5992//5992 5993//5993 5994//5994
f 5993//5993 5995//5995 5994//5994
f 5994//5994 5995//5995 5996//5996
f 5995//5995 5997//5997 5996//5996
f 5996//5996 5997//5997 5998//5998
f 5997//5997 5999//5999 5998//5998
f 5998//5998 5999//5999 6000//6000
f 5627//5627 5626//5626 5636//5636
f 5626//5626 5635//5635 5636//5636
f 5636//5636 5635//5635 5638//5638
f 5635//5635 5634//5634 5638//5638
f 5638//5638 5634//5634 5641//5641
f 5634//5634 5633//5633 5641//5641
f 5641//5641 5633//5633 5642//5642
f 5633//5633 5632//5632 5642//5642
f 5642//5642 5632//5632 5643//5643
f 5632//5632 5631//5631 5643//5643
f 5643//5643 5631//5631 5618//5618
f 5631//5631 5630//5630 5618//5618
f 5618//5618 5630//5630 5617//5617
f 5630//5630 5629//5629 5617//5617
f 5617//5617 5629//5629 5616//5616
f 5629//5629 5628//5628 5616//5616
f 5616//5616 5628//5628 5526//5526
f 5628//5628 5528//5528 5526//5526
f 5526//5526 5528//5528 5524//5524
f 5528//5528 5527//5527 5524//5524
f 5524//5524 5527//5527 5515//5515
f 5527//5527 5536//5536 5515//5515
f 5515//5515 5536//5536 5514//5514
f 5536//5536 5534//5534 5514//5514
f 5514//5514 5534//5534 5512//5512
f 5534//5534 5533//5533 5512//5512
f 5512//5512 5533//5533 5510//5510
f 5533//5533 6001//6001 5510//5510
f 5510//5510 6001//6001 6002//6002
f 6001//6001 6003//6003 6002//6002
f 6002//6002 6003//6003 6004//6004
f 6003//6003 6005//6005 6004//6004
f 6004//6004 6005//6005 5154//5154
f 6005//6005 6006//6006 5154//5154
f 5154//5154 6006//6006 5152//5152
f 6006//6006 6007//6007 5152//5152
f 5152//5152 6007//6007 5981//5981
f 6007//6007 5157//5157 5981//5981
f 5981//5981 5157//5157 5983//5983
f 5157//5157 5156//5156 5983//5983
f 5983//5983 5156//5156 5985//5985
f 5156//5156 5962//5962 5985//5985
f 5985//5985 5962//5962 5987//5987
f 5962//5962 5964//5964 5987//5987
f 5987//5987 5964//5964 5989//5989
f 5964//5964 5966//5966 5989//5989
f 5989//5989 5966//5966 5991//5991
f 5966//5966 5968//5968 5991//5991
f 5991//5991 5968//5968 5993//5993
f 5968//5968 5970//5970 5993//5993
f 5993//5993 5970//5970 5995//5995
f 5970//5970 5972//5972 5995//5995
f 5995//5995 5972//5972 5997//5997
f 5972//5972 5974//5974 5997//5997
f 5997//5997 5974//5974 5999//5999
f 6008//6008 6009//6009 6010//6010
f 6009//6009 6011//6011 6010//6010
f 6010//6010 6011//6011 6012//6012
f 6011//6011 6013//6013 6012//6012
f 6012//6012 6013//6013 6014//6014
f 6013//6013 6015//6015 6014//6014
f 6014//6014 6015//6015 6016//6016
f 6015//6015 6017//6017 6016//6016
f 6016//6016 6017//6017 6018//6018
f 6017//6017 6019//6019 6018//6018
f 6018//6018 6019//6019 6020//6020
f 6019//6019 6021//6021 6020//6020
f 6020//6020 6021//6021 6022//6022
f 6021//6021 6023//6023 6022//6022
f 6022//6022 6023//6023 6024//6024
f 6023//6023 6025//6025 6024//6024
f 6024//6024 6025//6025 6026//6026
f 6025//6025 6027//6027 6026//6026
f 6026//6026 6027//6027 6028//6028
f 6027//6027 6029//6029 6028//6028
f 6028//6028 6029//6029 6030//6030
f 6031//6031 6032//6032 6033//6033
f 6032//6032 6034//6034 6033//6033
f 6033//6033 6034//6034 6035//6035
f 6034//6034 6036//6036 6035//6035
f 6035//6035 6036//6036 6037//6037
f 6036//6036 6038//6038 6037//6037
f 6037//6037 6038//6038 6039//6039
f 6038//6038 6040//6040 6039//6039
f 6039//6039 6040//6040 6041//6041
f 6040//6040 6042//6042 6041//6041
f 6041//6041 6042//6042 6043//6043
f 6042//6042 6044//6044 6043//6043
f 6043//6043 6044//6044 6045//6045
f 6044//6044 6046//6046 6045//6045
f 6045//6045 6046//6046 6047//6047
f 6046//6046 6048//6048 6047//6047
f 6047//6047 6048//6048 6049//6049
f 440//440 5215//5215 5404//5404
f 5215//5215 5217//5217 5404//5404
f 5404//5404 5217//5217 5405//5405
f 5217//5217 6049//6049 5405//5405
f 5405//5405 6049//6049 5233//5233
f 6049//6049 6048//6048 5233//5233
f 5233//5233 6048//6048 5406//5406
f 6048//6048 6046//6046 5406//5406
f 5406//5406 6046//6046 5407//5407
f 6046//6046 6044//6044 5407//5407
f 5407//5407 6044//6044 5408//5408
f 6044//6044 6042//6042 5408//5408
f 5408//5408 6042//6042 5409//5409
f 6042//6042 6040//6040 5409//5409
f 5409//5409 6040//6040 5410//5410
f 6040//6040 6038//6038 5410//5410
f 5410//5410 6038//6038 5411//5411
f 6038//6038 6036//6036 5411//5411
f 5411//5411 6036//6036 5412//5412
f 6036//6036 6034//6034 5412//5412
f 5412//5412 6034//6034 5413//5413
f 6034//6034 6032//6032 5413//5413
f 5413//5413 6032//6032 5977//5977
f 6032//6032 6031//6031 5977//5977
f 5977//5977 6031//6031 5978//5978
f 444//444 5403//5403 5215//5215
f 5403//5403 5520//5520 5215//5215
f 5215//5215 5520//5520 5216//5216
f 5520//5520 5218//5218 5216//5216
f 5216//5216 5218//5218 5217//5217
f 5218//5218 5220//5220 5217//5217
f 5217//5217 5220//5220 6049//6049
f 5220//5220 6030//6030 6049//6049
f 6049//6049 6030//6030 6047//6047
f 6030//6030 6029//6029 6047//6047
f 6047//6047 6029//6029 6045//6045
f 6029//6029 6027//6027 6045//6045
f 6045//6045 6027//6027 6043//6043
f 6027//6027 6025//6025 6043//6043
f 6043//6043 6025//6025 6041//6041
f 6025//6025 6023//6023 6041//6041
f 6041//6041 6023//6023 6039//6039
f 6023//6023 6021//6021 6039//6039
f 6039//6039 6021//6021 6037//6037
f 6021//6021 6019//6019 6037//6037
f 6037//6037 6019//6019 6035//6035
f 6019//6019 6017//6017 6035//6035
f 6035//6035 6017//6017 6033//6033
f 6017//6017 6015//6015 6033//6033
f 6033//6033 6015//6015 6031//6031
f 6015//6015 6013//6013 6031//6031
f 6031//6031 6013//6013 5978//5978
f 6013//6013 6011//6011 5978//5978
f 5978//5978 6011//6011 5979//5979
f 6011//6011 6009//6009 5979//5979
f 5979//5979 6009//6009 5285//5285
f 6009//6009 6008//6008 5285//5285
f 5285//5285 6008//6008 5283//5283
f 6008//6008 6050//6050 5283//5283
f 5283//5283 6050//6050 5281//5281
f 6050//6050 6051//6051 5281//5281
f 5281//5281 6051//6051 5279//5279
f 463//463 5396//5396 5234//5234
f 5396//5396 5644//5644 5234//5234
f 5234//5234 5644//5644 5611//5611
f 5644//5644 5648//5648 5611//5611
f 5611//5611 5648//5648 5612//5612
f 5648//5648 5604//5604 5612//5612
f 5612//5612 5604//5604 5613//5613
f 5604//5604 5603//5603 5613//5613
f 5613//5613 5603//5603 5614//5614
f 5603//5603 5525//5525 5614//5614
f 5614//5614 5525//5525 5615//5615
f 5525//5525 5513//5513 5615//5615
f 5615//5615 5513//5513 5519//5519
f 5513//5513 5511//5511 5519//5519
f 5519//5519 5511//5511 5517//5517
f 5511//5511 5510//5510 5517//5517
f 5517//5517 5510//5510 5219//5219
f 5510//5510 6002//6002 5219//5219
f 5219//5219 6002//6002 5220//5220
f 6002//6002 6004//6004 5220//5220
f 5220//5220 6004//6004 6030//6030
f 6004//6004 5154//5154 6030//6030
f 6030//6030 5154//5154 6028//6028
f 5154//5154 5153//5153 6028//6028
f 6028//6028 5153//5153 6026//6026
f 5153//5153 5980//5980 6026//6026
f 6026//6026 5980//5980 6024//6024
f 5980//5980 5982//5982 6024//6024
f 6024//6024 5982//5982 6022//6022
f 5982//5982 5984//5984 6022//6022
f 6022//6022 5984//5984 6020//6020
f 5984//5984 5986//5986 6020//6020
f 6020//6020 5986//5986 6018//6018
f 5986//5986 5988//5988 6018//6018
f 6018//6018 5988//5988 6016//6016
f 5988//5988 5990//5990 6016//6016
f 6016//6016 5990//5990 6014//6014
f 5990//5990 5992//5992 6014//6014
f 6014//6014 5992//5992 6012//6012
f 5992//5992 5994//5994 6012//6012
f 6012//6012 5994//5994 6010//6010
f 5994//5994 5996//5996 6010//6010
f 6010//6010 5996//5996 6008//6008
f 5996//5996 5998//5998 6008//6008
f 6008//6008 5998//5998 6050//6050
f 5998//5998 6000//6000 6050//6050
f 6050//6050 6000//6000 6051//6051
f 5389//5389 6052//6052 5390//5390
f 6052//6052 5163//5163 5390//5390
f 5390//5390 5163//5163 5627//5627
f 5163//5163 5162//5162 5627//5627
f 5627//5627 5162//5162 5583//5583
f 5162//5162 5827//5827 5583//5583
f 5583//5583 5827//5827 5582//5582
f 5827//5827 5597//5597 5582//5582
f 5582//5582 5597//5597 5578//5578
f 5597//5597 5596//5596 5578//5578
f 5578//5578 5596//5596 5554//5554
f 5596//5596 5595//5595 5554//5554
f 5554//5554 5595//5595 5555//5555
f 5595//5595 5594//5594 5555//5555
f 5555//5555 5594//5594 5549//5549
f 5594//5594 5593//5593 5549//5549
f 5549//5549 5593//5593 5543//5543
f 5593//5593 5592//5592 5543//5543
f 5543//5543 5592//5592 5542//5542
f 5592//5592 5475//5475 5542//5542
f 5542//5542 5475//5475 5541//5541
f 5475//5475 5476//5476 5541//5541
f 5541//5541 5476//5476 5539//5539
f 5476//5476 5477//5477 5539//5539
f 5539//5539 5477//5477 5537//5537
f 5477//5477 5478//5478 5537//5537
f 5537//5537 5478//5478 5535//5535
f 5478//5478 5480//5480 5535//5535
f 5535//5535 5480//5480 5533//5533
f 5480//5480 5960//5960 5533//5533
f 5533//5533 5960//5960 6001//6001
f 5960//5960 5958//5958 6001//6001
f 6001//6001 5958//5958 6003//6003
f 5958//5958 5956//5956 6003//6003
f 6003//6003 5956//5956 6005//6005
f 5956//5956 5954//5954 6005//6005
f 6005//6005 5954//5954 6006//6006
f 5954//5954 5952//5952 6006//6006
f 6006//6006 5952//5952 6007//6007
f 5952//5952 5950//5950 6007//6007
f 6007//6007 5950//5950 5157//5157
f 5950//5950 5946//5946 5157//5157
f 5157//5157 5946//5946 5155//5155
f 5946//5946 5945//5945 5155//5155
f 5155//5155 5945//5945 5963//5963
f 5945//5945 5943//5943 5963//5963
f 5963//5963 5943//5943 5965//5965
f 5943//5943 5941//5941 5965//5965
f 5965//5965 5941//5941 5967//5967
f 5941//5941 5939//5939 5967//5967
f 5967//5967 5939//5939 5969//5969
f 5939//5939 5937//5937 5969//5969
f 5969//5969 5937//5937 5971//5971
f 5937//5937 5935//5935 5971//5971
f 5971//5971 5935//5935 5973//5973
f 5935//5935 5933//5933 5973//5973
f 5973//5973 5933//5933 5974//5974
f 5933//5933 5931//5931 5974//5974
f 5974//5974 5931//5931 5999//5999
f 5931//5931 5929//5929 5999//5999
f 5999//5999 5929//5929 6000//6000
f 5929//5929 5927//5927 6000//6000
f 6000//6000 5927//5927 6051//6051
f 5927//5927 5925//5925 6051//6051
f 6051//6051 5925//5925 5279//5279
f 5925//5925 5265//5265 5279//5279
f 5279//5279 5265//5265 5277//5277
f 5265//5265 5264//5264 5277//5277
f 5247//5247 5362//5362 5248//5248
f 5362//5362 5359//5359 5248//5248
f 5248//5248 5359//5359 5431//5431
f 5359//5359 5357//5357 5431//5431
f 5431//5431 5357//5357 5432//5432
f 5357//5357 5354//5354 5432//5432
f 5432//5432 5354//5354 5800//5800
f 5354//5354 5352//5352 5800//5800
f 5800//5800 5352//5352 5426//5426
f 5352//5352 5350//5350 5426//5426
f 5426//5426 5350//5350 5424//5424
f 5350//5350 5347//5347 5424//5424
f 5424//5424 5347//5347 5423//5423
f 5347//5347 5345//5345 5423//5423
f 5423//5423 5345//5345 5421//5421
f 5345//5345 5343//5343 5421//5421
f 5421//5421 5343//5343 5419//5419
f 5343//5343 5341//5341 5419//5419
f 5419//5419 5341//5341 5417//5417
f 5341//5341 5333//5333 5417//5417
f 5417//5417 5333//5333 5415//5415
f 5333//5333 5335//5335 5415//5415
f 5415//5415 5335//5335 6053//6053
f 5335//5335 5337//5337 6053//6053
f 6053//6053 5337//5337 6054//6054
f 5337//5337 5324//5324 6054//6054
f 6054//6054 5324//5324 6055//6055
f 5324//5324 5326//5326 6055//6055
f 6055//6055 5326//5326 6056//6056
f 5326//5326 5328//5328 6056//6056
f 6056//6056 5328//5328 6057//6057
f 5328//5328 5320//5320 6057//6057
f 6057//6057 5320//5320 6058//6058
f 5320//5320 5322//5322 6058//6058
f 6058//6058 5322//5322 6059//6059
f 5322//5322 5323//5323 6059//6059
f 6059//6059 5323//5323 6060//6060
f 5323//5323 5308//5308 6060//6060
f 6060//6060 5308//5308 6061//6061
f 5308//5308 5310//5310 6061//6061
f 6061//6061 5310//5310 6062//6062
f 5310//5310 5312//5312 6062//6062
f 6062//6062 5312//5312 6063//6063
f 5312//5312 5314//5314 6063//6063
f 6063//6063 5314//5314 6064//6064
f 5314//5314 5299//5299 6064//6064
f 6064//6064 5299//5299 6065//6065
f 5299//5299 5301//5301 6065//6065
f 6065//6065 5301//5301 6066//6066
f 5301//5301 5303//5303 6066//6066
f 6066//6066 5303//5303 6067//6067
f 5303//5303 5305//5305 6067//6067
f 6067//6067 5305//5305 6068//6068
f 5305//5305 5292//5292 6068//6068
f 6068//6068 5292//5292 6069//6069
f 5292//5292 5294//5294 6069//6069
f 6069//6069 5294//5294 6070//6070
f 5294//5294 5296//5296 6070//6070
f 6070//6070 5296//5296 6071//6071
f 5296//5296 5252//5252 6071//6071
f 6071//6071 5252//5252 6072//6072
f 5252//5252 5251//5251 6072//6072
f 6072//6072 5251//5251 6073//6073
f 5251//5251 5253//5253 6073//6073
f 6074//6074 6075//6075 6076//6076
f 6075//6075 6077//6077 6076//6076
f 6076//6076 6077//6077 6078//6078
f 6077//6077 6079//6079 6078//6078
f 6078//6078 6079//6079 6080//6080
f 6079//6079 6081//6081 6080//6080
f 6080//6080 6081//6081 6082//6082
f 6081//6081 6083//6083 6082//6082
f 6082//6082 6083//6083 6084//6084
f 6083//6083 6085//6085 6084//6084
f 6084//6084 6085//6085 6086//6086
f 6085//6085 6087//6087 6086//6086
f 6086//6086 6087//6087 6088//6088
f 6087//6087 6089//6089 6088//6088
f 6088//6088 6089//6089 6090//6090
f 6089//6089 6091//6091 6090//6090
f 6090//6090 6091//6091 6092//6092
f 6091//6091 6093//6093 6092//6092
f 6092//6092 6093//6093 6094//6094
f 6093//6093 6095//6095 6094//6094
f 6094//6094 6095//6095 6096//6096
f 6095//6095 6097//6097 6096//6096
f 6096//6096 6097//6097 6098//6098
f 6097//6097 6099//6099 6098//6098
f 6098//6098 6099//6099 6100//6100
f 6099//6099 6101//6101 6100//6100
f 6100//6100 6101//6101 6102//6102
f 6101//6101 6103//6103 6102//6102
f 6102//6102 6103//6103 6104//6104
f 6103//6103 6105//6105 6104//6104
f 6104//6104 6105//6105 6106//6106
f 6105//6105 6107//6107 6106//6106
f 6106//6106 6107//6107 6108//6108
f 6107//6107 6109//6109 6108//6108
f 6108//6108 6109//6109 6110//6110
f 6109//6109 6111//6111 6110//6110
f 6110//6110 6111//6111 5256//5256
f 6111//6111 6112//6112 5256//5256
f 5256//5256 6112//6112 5291//5291
f 6112//6112 6113//6113 5291//5291
f 6073//6073 6113//6113 6072//6072
f 6113//6113 6112//6112 6072//6072
f 6072//6072 6112//6112 6071//6071
f 6112//6112 6111//6111 6071//6071
f 6071//6071 6111//6111 6070//6070
f 6111//6111 6109//6109 6070//6070
f 6070//6070 6109//6109 6069//6069
f 6109//6109 6107//6107 6069//6069
f 6069//6069 6107//6107 6068//6068
f 6107//6107 6105//6105 6068//6068
f 6068//6068 6105//6105 6067//6067
f 6105//6105 6103//6103 6067//6067
f 6067//6067 6103//6103 6066//6066
f 6103//6103 6101//6101 6066//6066
f 6066//6066 6101//6101 6065//6065
f 6101//6101 6099//6099 6065//6065
f 6065//6065 6099//6099 6064//6064
f 6099//6099 6097//6097 6064//6064
f 6064//6064 6097//6097 6063//6063
f 6097//6097 6095//6095 6063//6063
f 6063//6063 6095//6095 6062//6062
f 6095//6095 6093//6093 6062//6062
f 6062//6062 6093//6093 6061//6061
f 6093//6093 6091//6091 6061//6061
f 6061//6061 6091//6091 6060//6060
f 6091//6091 6089//6089 6060//6060
f 6060//6060 6089//6089 6059//6059
f 6089//6089 6087//6087 6059//6059
f 6059//6059 6087//6087 6058//6058
f 6087//6087 6085//6085 6058//6058
f 6058//6058 6085//6085 6057//6057
f 6085//6085 6083//6083 6057//6057
f 6057//6057 6083//6083 6056//6056
f 6083//6083 6081//6081 6056//6056
f 6056//6056 6081//6081 6055//6055
f 6081//6081 6079//6079 6055//6055
f 6055//6055 6079//6079 6054//6054
f 6079//6079 6077//6077 6054//6054
f 6054//6054 6077//6077 6053//6053
f 6077//6077 6075//6075 6053//6053
f 6053//6053 6075//6075 5415//5415
f 6075//6075 6074//6074 5415//5415
f 5415//5415 6074//6074 5416//5416
f 474//474 472//472 5389//5389
f 472//472 5387//5387 5389//5389
f 5389//5389 5387//5387 6052//6052
f 5387//5387 5388//5388 6052//6052
f 6052//6052 5388//5388 5163//5163
f 5388//5388 5839//5839 5163//5163
f 5163//5163 5839//5839 5837//5837
f 5839//5839 5165//5165 5837//5837
f 5837//5837 5165//5165 5831//5831
f 5165//5165 5164//5164 5831//5831
f 5831//5831 5164//5164 5169//5169
f 5164//5164 5832//5832 5169//5169
f 5169//5169 5832//5832 5167//5167
f 5832//5832 5834//5834 5167//5167
f 5167//5167 5834//5834 5748//5748
f 5834//5834 5749//5749 5748//5748
f 5748//5748 5749//5749 5747//5747
f 5749//5749 5746//5746 5747//5747
f 5747//5747 5746//5746 5176//5176
f 5746//5746 5739//5739 5176//5176
f 5176//5176 5739//5739 5177//5177
f 5739//5739 5718//5718 5177//5177
f 5177//5177 5718//5718 5719//5719
f 5718//5718 5717//5717 5719//5719
f 5719//5719 5717//5717 5720//5720
f 5717//5717 5715//5715 5720//5720
f 5720//5720 5715//5715 5189//5189
f 5715//5715 5714//5714 5189//5189
f 5189//5189 5714//5714 5190//5190
f 5714//5714 5735//5735 5190//5190
f 5190//5190 5735//5735 5711//5711
f 5735//5735 5733//5733 5711//5711
f 5711//5711 5733//5733 5709//5709
f 5733//5733 5731//5731 5709//5709
f 5709//5709 5731//5731 5707//5707
f 5731//5731 5202//5202 5707//5707
f 5707//5707 5202//5202 5705//5705
f 5202//5202 5201//5201 5705//5705
f 5705//5705 5201//5201 5203//5203
f 5201//5201 5692//5692 5203//5203
f 5203//5203 5692//5692 5670//5670
f 5692//5692 5675//5675 5670//5670
f 5670//5670 5675//5675 5669//5669
f 5675//5675 5674//5674 5669//5669
f 5669//5669 5674//5674 5668//5668
f 5674//5674 5661//5661 5668//5668
f 5668//5668 5661//5661 5439//5439
f 5661//5661 5430//5430 5439//5439
f 5439//5439 5430//5430 5440//5440
f 5430//5430 5422//5422 5440//5440
f 5440//5440 5422//5422 5438//5438
f 5422//5422 5420//5420 5438//5438
f 5438//5438 5420//5420 5436//5436
f 5420//5420 5418//5418 5436//5436
f 5436//5436 5418//5418 5900//5900
f 5418//5418 5416//5416 5900//5900
f 5900//5900 5416//5416 5902//5902
f 5416//5416 6074//6074 5902//5902
f 5902//5902 6074//6074 5904//5904
f 6074//6074 6076//6076 5904//5904
f 5904//5904 6076//6076 5906//5906
f 6076//6076 6078//6078 5906//5906
f 5906//5906 6078//6078 5908//5908
f 6078//6078 6080//6080 5908//5908
f 5908//5908 6080//6080 5910//5910
f 6080//6080 6082//6082 5910//5910
f 5910//5910 6082//6082 5912//5912
f 6082//6082 6084//6084 5912//5912
f 5912//5912 6084//6084 5914//5914
f 6084//6084 6086//6086 5914//5914
f 5914//5914 6086//6086 5916//5916
f 6086//6086 6088//6088 5916//5916
f 5916//5916 6088//6088 5918//5918
f 6088//6088 6090//6090 5918//5918
f 5918//5918 6090//6090 5920//5920
f 6090//6090 6092//6092 5920//5920
f 5920//5920 6092//6092 5922//5922
f 6092//6092 6094//6094 5922//5922
f 5922//5922 6094//6094 5923//5923
f 6094//6094 6096//6096 5923//5923
f 5923//5923 6096//6096 5872//5872
f 6096//6096 6098//6098 5872//5872
f 5872//5872 6098//6098 5873//5873
f 6098//6098 6100//6100 5873//5873
f 5873//5873 6100//6100 5874//5874
f 6100//6100 6102//6102 5874//5874
f 5874//5874 6102//6102 5875//5875
f 6102//6102 6104//6104 5875//5875
f 5875//5875 6104//6104 5876//5876
f 6104//6104 6106//6106 5876//5876
f 5876//5876 6106//6106 5877//5877
f 6106//6106 6108//6108 5877//5877
f 5877//5877 6108//6108 5878//5878
f 6108//6108 6110//6110 5878//5878
f 5878//5878 6110//6110 5259//5259
f 6110//6110 5256//5256 5259//5259
f 5259//5259 5256//5256 5257//5257
f 5256//5256 5255//5255 5257//5257
f 6114//6114 6115//6115 6116//6116
f 6117//6117 6118//6118 6119//6119
f 4252//4252 4254//4254 6120//6120
f 5258//5258 6121//6121 6122//6122
f 5254//5254 5291//5291 6123//6123
f 6124//6124 6125//6125 6126//6126
f 491//491 338//338 6127//6127
f 6128//6128 5235//5235 6129//6129
f 5235//5235 5383//5383 6129//6129
f 6130//6130 5799//5799 6131//6131
f 5799//5799 5239//5239 6131//6131
f 6131//6131 5239//5239 6128//6128
f 5239//5239 5238//5238 6128//6128
f 6128//6128 5238//5238 5235//5235
f 5245//5245 5244//5244 6132//6132
f 5244//5244 5381//5381 6132//6132
f 6132//6132 5381//5381 6133//6133
f 5381//5381 5380//5380 6133//6133
f 6133//6133 5380//5380 6134//6134
f 5380//5380 5242//5242 6134//6134
f 6134//6134 5242//5242 6130//6130
f 5242//5242 5241//5241 6130//6130
f 6130//6130 5241//5241 5799//5799
f 5245//5245 6135//6135 5377//5377
f 6135//6135 5378//5378 5377//5377
f 5374//5374 5376//5376 6136//6136
f 5376//5376 5379//5379 6136//6136
f 5370//5370 5372//5372 6137//6137
f 5372//5372 5373//5373 6137//6137
f 6138//6138 5367//5367 5369//5369
f 5367//5367 6138//6138 5366//5366
f 6139//6139 5247//5247 5364//5364
f 6140//6140 5363//5363 5362//5362
f 5362//5362 6141//6141 6140//6140
f 6141//6141 6142//6142 6140//6140
f 6140//6140 6142//6142 6143//6143
f 6144//6144 6145//6145 6142//6142
f 6145//6145 6146//6146 6142//6142
f 6142//6142 6146//6146 6143//6143
f 6147//6147 6148//6148 6149//6149
f 6148//6148 6147//6147 6150//6150
f 6147//6147 6151//6151 6150//6150
f 6150//6150 6151//6151 6152//6152
f 6151//6151 6153//6153 6152//6152
f 6152//6152 6153//6153 6154//6154
f 6153//6153 6155//6155 6154//6154
f 6154//6154 6155//6155 6156//6156
f 6124//6124 6157//6157 6125//6125
f 6157//6157 6158//6158 6125//6125
f 6125//6125 6158//6158 6155//6155
f 6158//6158 6159//6159 6155//6155
f 6155//6155 6159//6159 6156//6156
f 6160//6160 6161//6161 6162//6162
f 6161//6161 6163//6163 6162//6162
f 6162//6162 6163//6163 6164//6164
f 6163//6163 6165//6165 6164//6164
f 6164//6164 6165//6165 6126//6126
f 6165//6165 6166//6166 6126//6126
f 6126//6126 6166//6166 6124//6124
f 6167//6167 6168//6168 6169//6169
f 6168//6168 6170//6170 6169//6169
f 6169//6169 6170//6170 6160//6160
f 6170//6170 6171//6171 6160//6160
f 6160//6160 6171//6171 6161//6161
f 6172//6172 6173//6173 6174//6174
f 6173//6173 6175//6175 6174//6174
f 6174//6174 6175//6175 6176//6176
f 6175//6175 6177//6177 6176//6176
f 6176//6176 6177//6177 6167//6167
f 6177//6177 6178//6178 6167//6167
f 6167//6167 6178//6178 6168//6168
f 6179//6179 6180//6180 6181//6181
f 6180//6180 6182//6182 6181//6181
f 6181//6181 6182//6182 6172//6172
f 6182//6182 6183//6183 6172//6172
f 6172//6172 6183//6183 6173//6173
f 6184//6184 6185//6185 6186//6186
f 6185//6185 6187//6187 6186//6186
f 6188//6188 6189//6189 6190//6190
f 6189//6189 6191//6191 6190//6190
f 6190//6190 6191//6191 6192//6192
f 6193//6193 6194//6194 6195//6195
f 6194//6194 6196//6196 6195//6195
f 6195//6195 6196//6196 6197//6197
f 6196//6196 6198//6198 6197//6197
f 6197//6197 6198//6198 6188//6188
f 6198//6198 6199//6199 6188//6188
f 6188//6188 6199//6199 6189//6189
f 6200//6200 6201//6201 6202//6202
f 6201//6201 6203//6203 6202//6202
f 6202//6202 6203//6203 6204//6204
f 6203//6203 6205//6205 6204//6204
f 6204//6204 6205//6205 6193//6193
f 6205//6205 6206//6206 6193//6193
f 6193//6193 6206//6206 6194//6194
f 6207//6207 6208//6208 6209//6209
f 6208//6208 6210//6210 6209//6209
f 6209//6209 6210//6210 6200//6200
f 6210//6210 6211//6211 6200//6200
f 6200//6200 6211//6211 6201//6201
f 5253//5253 6212//6212 6073//6073
f 6212//6212 6213//6213 6073//6073
f 6073//6073 6213//6213 6207//6207
f 6213//6213 6214//6214 6207//6207
f 6207//6207 6214//6214 6208//6208
f 5254//5254 6123//6123 5255//5255
f 6215//6215 5260//5260 5869//5869
f 6216//6216 5879//5879 5261//5261
f 6217//6217 5289//5289 5288//5288
f 6218//6218 5263//5263 5287//5287
f 6219//6219 5277//5277 5264//5264
f 5280//5280 6220//6220 5282//5282
f 6220//6220 6221//6221 5282//5282
f 5282//5282 6221//6221 5284//5284
f 5284//5284 6221//6221 5286//5286
f 6221//6221 6222//6222 5286//5286
f 5286//5286 6222//6222 5274//5274
f 6223//6223 6224//6224 5269//5269
f 5271//5271 5273//5273 6225//6225
f 5273//5273 5276//5276 6225//6225
f 6225//6225 5276//5276 5275//5275
f 5269//5269 6224//6224 5268//5268
f 6224//6224 4300//4300 5268//5268
f 5268//5268 4300//4300 317//317
f 4295//4295 4296//4296 6224//6224
f 4296//4296 4298//4298 6224//6224
f 6224//6224 4298//4298 4300//4300
f 4284//4284 6226//6226 4282//4282
f 6226//6226 6227//6227 4282//4282
f 4282//4282 6227//6227 4280//4280
f 6227//6227 6228//6228 4280//4280
f 4280//4280 6228//6228 4278//4278
f 6228//6228 6229//6229 4278//4278
f 4278//4278 6229//6229 4276//4276
f 6229//6229 6230//6230 4276//4276
f 4276//4276 6230//6230 4274//4274
f 4274//4274 6230//6230 4272//4272
f 6230//6230 6231//6231 4272//4272
f 4272//4272 6231//6231 4271//4271
f 4271//4271 6231//6231 4269//4269
f 6231//6231 6232//6232 4269//4269
f 4269//4269 6232//6232 4268//4268
f 4268//4268 6232//6232 4266//4266
f 6232//6232 6233//6233 4266//4266
f 4266//4266 6233//6233 4265//4265
f 4265//4265 6233//6233 4263//4263
f 6233//6233 6234//6234 4263//4263
f 4263//4263 6234//6234 4262//4262
f 4262//4262 6234//6234 4260//4260
f 6234//6234 6235//6235 4260//4260
f 4260//4260 6235//6235 4255//4255
f 4254//4254 4259//4259 6120//6120
f 4259//4259 4258//4258 6120//6120
f 6120//6120 4258//4258 6235//6235
f 4258//4258 4256//4256 6235//6235
f 6235//6235 4256//4256 4255//4255
f 6236//6236 4249//4249 4251//4251
f 4222//4222 6237//6237 4241//4241
f 6237//6237 6238//6238 4241//4241
f 4241//4241 6238//6238 4242//4242
f 6238//6238 4244//4244 4242//4242
f 6239//6239 4239//4239 6238//6238
f 4239//4239 4245//4245 6238//6238
f 6238//6238 4245//4245 4244//4244
f 6240//6240 4237//4237 6239//6239
f 4237//4237 4240//4240 6239//6239
f 6239//6239 4240//4240 4239//4239
f 4225//4225 4233//4233 6241//6241
f 4233//4233 4235//4235 6241//6241
f 6242//6242 6186//6186 6179//6179
f 6186//6186 6187//6187 6179//6179
f 6179//6179 6187//6187 6180//6180
f 6243//6243 6244//6244 6245//6245
f 6113//6113 6073//6073 6246//6246
f 6073//6073 6207//6207 6246//6246
f 6246//6246 6207//6207 6247//6247
f 6207//6207 6209//6209 6247//6247
f 6247//6247 6209//6209 6248//6248
f 6209//6209 6200//6200 6248//6248
f 6248//6248 6200//6200 6249//6249
f 6200//6200 6202//6202 6249//6249
f 6249//6249 6202//6202 6250//6250
f 6202//6202 6204//6204 6250//6250
f 6250//6250 6204//6204 6251//6251
f 6204//6204 6193//6193 6251//6251
f 6251//6251 6193//6193 6252//6252
f 6193//6193 6195//6195 6252//6252
f 6252//6252 6195//6195 6253//6253
f 6195//6195 6197//6197 6253//6253
f 6253//6253 6197//6197 6254//6254
f 6197//6197 6188//6188 6254//6254
f 6254//6254 6188//6188 6255//6255
f 6188//6188 6190//6190 6255//6255
f 6255//6255 6190//6190 6256//6256
f 6190//6190 6192//6192 6256//6256
f 6256//6256 6192//6192 6257//6257
f 5291//5291 6113//6113 6123//6123
f 6113//6113 6246//6246 6123//6123
f 6123//6123 6246//6246 6258//6258
f 6246//6246 6247//6247 6258//6258
f 6258//6258 6247//6247 6259//6259
f 6247//6247 6248//6248 6259//6259
f 6259//6259 6248//6248 6260//6260
f 6248//6248 6249//6249 6260//6260
f 6260//6260 6249//6249 6261//6261
f 6249//6249 6250//6250 6261//6261
f 6261//6261 6250//6250 6262//6262
f 6250//6250 6251//6251 6262//6262
f 6262//6262 6251//6251 6263//6263
f 6251//6251 6252//6252 6263//6263
f 6263//6263 6252//6252 6264//6264
f 6252//6252 6253//6253 6264//6264
f 6264//6264 6253//6253 6265//6265
f 6253//6253 6254//6254 6265//6265
f 6265//6265 6254//6254 6266//6266
f 6254//6254 6255//6255 6266//6266
f 6266//6266 6255//6255 6267//6267
f 6255//6255 6256//6256 6267//6267
f 6267//6267 6256//6256 6268//6268
f 6256//6256 6257//6257 6268//6268
f 6268//6268 6257//6257 6269//6269
f 5257//5257 5255//5255 6270//6270
f 5255//5255 6123//6123 6270//6270
f 6270//6270 6123//6123 6271//6271
f 6123//6123 6258//6258 6271//6271
f 6271//6271 6258//6258 6272//6272
f 6258//6258 6259//6259 6272//6272
f 6272//6272 6259//6259 6273//6273
f 6259//6259 6260//6260 6273//6273
f 6273//6273 6260//6260 6274//6274
f 6260//6260 6261//6261 6274//6274
f 6274//6274 6261//6261 6275//6275
f 6261//6261 6262//6262 6275//6275
f 6275//6275 6262//6262 6276//6276
f 6262//6262 6263//6263 6276//6276
f 6276//6276 6263//6263 6277//6277
f 6263//6263 6264//6264 6277//6277
f 6277//6277 6264//6264 6278//6278
f 6264//6264 6265//6265 6278//6278
f 6278//6278 6265//6265 6279//6279
f 6265//6265 6266//6266 6279//6279
f 6279//6279 6266//6266 6280//6280
f 6266//6266 6267//6267 6280//6280
f 6280//6280 6267//6267 6281//6281
f 6267//6267 6268//6268 6281//6281
f 6281//6281 6268//6268 6282//6282
f 6268//6268 6269//6269 6282//6282
f 6282//6282 6269//6269 6283//6283
f 5258//5258 5257//5257 6121//6121
f 5257//5257 6270//6270 6121//6121
f 6121//6121 6270//6270 6284//6284
f 6270//6270 6271//6271 6284//6284
f 6284//6284 6271//6271 6285//6285
f 6271//6271 6272//6272 6285//6285
f 6285//6285 6272//6272 6286//6286
f 6272//6272 6273//6273 6286//6286
f 6286//6286 6273//6273 6287//6287
f 6273//6273 6274//6274 6287//6287
f 6287//6287 6274//6274 6288//6288
f 6274//6274 6275//6275 6288//6288
f 6288//6288 6275//6275 6289//6289
f 6275//6275 6276//6276 6289//6289
f 6289//6289 6276//6276 6290//6290
f 6276//6276 6277//6277 6290//6290
f 6290//6290 6277//6277 6291//6291
f 6277//6277 6278//6278 6291//6291
f 6291//6291 6278//6278 6292//6292
f 6278//6278 6279//6279 6292//6292
f 6292//6292 6279//6279 6293//6293
f 6279//6279 6280//6280 6293//6293
f 6293//6293 6280//6280 6294//6294
f 6280//6280 6281//6281 6294//6294
f 6294//6294 6281//6281 6295//6295
f 6281//6281 6282//6282 6295//6295
f 6295//6295 6282//6282 6296//6296
f 6282//6282 6283//6283 6296//6296
f 6296//6296 6283//6283 6297//6297
f 6122//6122 6121//6121 6298//6298
f 6121//6121 6284//6284 6298//6298
f 6298//6298 6284//6284 6299//6299
f 6284//6284 6285//6285 6299//6299
f 6299//6299 6285//6285 6300//6300
f 6285//6285 6286//6286 6300//6300
f 6300//6300 6286//6286 6301//6301
f 6286//6286 6287//6287 6301//6301
f 6301//6301 6287//6287 6302//6302
f 6287//6287 6288//6288 6302//6302
f 6302//6302 6288//6288 6303//6303
f 6288//6288 6289//6289 6303//6303
f 6303//6303 6289//6289 6304//6304
f 6289//6289 6290//6290 6304//6304
f 6304//6304 6290//6290 6305//6305
f 6290//6290 6291//6291 6305//6305
f 6305//6305 6291//6291 6306//6306
f 6291//6291 6292//6292 6306//6306
f 6306//6306 6292//6292 6307//6307
f 6292//6292 6293//6293 6307//6307
f 6307//6307 6293//6293 6308//6308
f 6293//6293 6294//6294 6308//6308
f 6308//6308 6294//6294 6309//6309
f 6294//6294 6295//6295 6309//6309
f 6309//6309 6295//6295 6310//6310
f 6295//6295 6296//6296 6310//6310
f 6310//6310 6296//6296 6311//6311
f 6296//6296 6297//6297 6311//6311
f 6311//6311 6297//6297 6312//6312
f 6312//6312 6313//6313 6311//6311
f 6313//6313 6314//6314 6311//6311
f 6311//6311 6314//6314 6310//6310
f 6314//6314 6315//6315 6310//6310
f 6310//6310 6315//6315 6309//6309
f 6315//6315 6316//6316 6309//6309
f 6309//6309 6316//6316 6308//6308
f 6316//6316 6317//6317 6308//6308
f 6308//6308 6317//6317 6307//6307
f 6317//6317 6318//6318 6307//6307
f 6307//6307 6318//6318 6306//6306
f 6318//6318 6319//6319 6306//6306
f 6306//6306 6319//6319 6305//6305
f 6319//6319 6320//6320 6305//6305
f 6305//6305 6320//6320 6304//6304
f 6320//6320 6321//6321 6304//6304
f 6304//6304 6321//6321 6303//6303
f 6321//6321 6322//6322 6303//6303
f 6303//6303 6322//6322 6302//6302
f 6322//6322 6323//6323 6302//6302
f 6302//6302 6323//6323 6301//6301
f 6323//6323 6324//6324 6301//6301
f 6301//6301 6324//6324 6300//6300
f 6324//6324 6325//6325 6300//6300
f 6300//6300 6325//6325 6299//6299
f 6325//6325 6326//6326 6299//6299
f 6299//6299 6326//6326 6298//6298
f 6326//6326 6327//6327 6298//6298
f 6298//6298 6327//6327 6122//6122
f 6327//6327 5870//5870 6122//6122
f 6122//6122 5870//5870 5258//5258
f 6313//6313 6328//6328 6314//6314
f 6328//6328 6329//6329 6314//6314
f 6314//6314 6329//6329 6315//6315
f 6329//6329 6330//6330 6315//6315
f 6315//6315 6330//6330 6316//6316
f 6330//6330 6331//6331 6316//6316
f 6316//6316 6331//6331 6317//6317
f 6331//6331 6332//6332 6317//6317
f 6317//6317 6332//6332 6318//6318
f 6332//6332 6333//6333 6318//6318
f 6318//6318 6333//6333 6319//6319
f 6333//6333 6334//6334 6319//6319
f 6319//6319 6334//6334 6320//6320
f 6334//6334 6335//6335 6320//6320
f 6320//6320 6335//6335 6321//6321
f 6335//6335 6336//6336 6321//6321
f 6321//6321 6336//6336 6322//6322
f 6336//6336 6337//6337 6322//6322
f 6322//6322 6337//6337 6323//6323
f 6337//6337 6338//6338 6323//6323
f 6323//6323 6338//6338 6324//6324
f 6338//6338 6339//6339 6324//6324
f 6324//6324 6339//6339 6325//6325
f 6339//6339 6340//6340 6325//6325
f 6325//6325 6340//6340 6326//6326
f 6340//6340 6215//6215 6326//6326
f 6326//6326 6215//6215 6327//6327
f 6215//6215 5869//5869 6327//6327
f 6327//6327 5869//5869 5870//5870
f 6341//6341 6342//6342 6343//6343
f 6342//6342 6344//6344 6343//6343
f 6343//6343 6344//6344 6345//6345
f 6344//6344 6346//6346 6345//6345
f 6345//6345 6346//6346 6347//6347
f 6346//6346 6348//6348 6347//6347
f 6347//6347 6348//6348 6349//6349
f 6348//6348 6350//6350 6349//6349
f 6349//6349 6350//6350 6351//6351
f 6350//6350 6352//6352 6351//6351
f 6351//6351 6352//6352 6353//6353
f 6352//6352 6354//6354 6353//6353
f 6353//6353 6354//6354 6355//6355
f 6354//6354 6356//6356 6355//6355
f 6355//6355 6356//6356 6357//6357
f 6356//6356 6358//6358 6357//6357
f 6357//6357 6358//6358 6359//6359
f 6358//6358 6360//6360 6359//6359
f 6359//6359 6360//6360 6361//6361
f 6360//6360 6362//6362 6361//6361
f 6361//6361 6362//6362 6363//6363
f 6362//6362 6364//6364 6363//6363
f 6363//6363 6364//6364 6365//6365
f 6364//6364 6366//6366 6365//6365
f 6365//6365 6366//6366 6367//6367
f 6366//6366 6368//6368 6367//6367
f 6367//6367 6368//6368 6369//6369
f 6368//6368 6370//6370 6369//6369
f 6369//6369 6370//6370 6371//6371
f 6370//6370 6219//6219 6371//6371
f 6371//6371 6219//6219 6218//6218
f 6219//6219 5264//5264 6218//6218
f 6218//6218 5264//5264 5263//5263
f 6341//6341 6372//6372 6342//6342
f 6372//6372 6373//6373 6342//6342
f 6342//6342 6373//6373 6344//6344
f 6373//6373 6374//6374 6344//6344
f 6344//6344 6374//6374 6346//6346
f 6374//6374 6375//6375 6346//6346
f 6346//6346 6375//6375 6348//6348
f 6375//6375 6376//6376 6348//6348
f 6348//6348 6376//6376 6350//6350
f 6376//6376 6377//6377 6350//6350
f 6350//6350 6377//6377 6352//6352
f 6377//6377 6378//6378 6352//6352
f 6352//6352 6378//6378 6354//6354
f 6378//6378 6379//6379 6354//6354
f 6354//6354 6379//6379 6356//6356
f 6379//6379 6380//6380 6356//6356
f 6356//6356 6380//6380 6358//6358
f 6380//6380 6381//6381 6358//6358
f 6358//6358 6381//6381 6360//6360
f 6381//6381 6382//6382 6360//6360
f 6360//6360 6382//6382 6362//6362
f 6382//6382 6383//6383 6362//6362
f 6362//6362 6383//6383 6364//6364
f 6383//6383 6384//6384 6364//6364
f 6364//6364 6384//6384 6366//6366
f 6384//6384 6385//6385 6366//6366
f 6366//6366 6385//6385 6368//6368
f 6385//6385 6386//6386 6368//6368
f 6368//6368 6386//6386 6370//6370
f 6386//6386 6387//6387 6370//6370
f 6370//6370 6387//6387 6219//6219
f 6388//6388 6389//6389 6390//6390
f 6389//6389 6391//6391 6390//6390
f 6390//6390 6391//6391 6392//6392
f 6391//6391 6393//6393 6392//6392
f 6392//6392 6393//6393 6394//6394
f 6393//6393 6395//6395 6394//6394
f 6394//6394 6395//6395 6396//6396
f 6395//6395 6397//6397 6396//6396
f 6396//6396 6397//6397 6398//6398
f 6399//6399 6397//6397 6400//6400
f 6397//6397 6395//6395 6400//6400
f 6400//6400 6395//6395 6401//6401
f 6395//6395 6393//6393 6401//6401
f 6401//6401 6393//6393 6402//6402
f 6393//6393 6391//6391 6402//6402
f 6402//6402 6391//6391 6403//6403
f 6391//6391 6389//6389 6403//6403
f 6403//6403 6389//6389 6404//6404
f 6389//6389 6388//6388 6404//6404
f 6404//6404 6388//6388 6405//6405
f 6404//6404 6406//6406 6403//6403
f 6406//6406 6407//6407 6403//6403
f 6403//6403 6407//6407 6402//6402
f 6407//6407 6408//6408 6402//6402
f 6402//6402 6408//6408 6401//6401
f 6408//6408 6409//6409 6401//6401
f 6401//6401 6409//6409 6400//6400
f 6409//6409 6410//6410 6400//6400
f 6400//6400 6410//6410 6399//6399
f 6411//6411 6412//6412 6413//6413
f 6412//6412 6414//6414 6413//6413
f 6413//6413 6414//6414 6415//6415
f 6414//6414 6416//6416 6415//6415
f 6415//6415 6416//6416 6417//6417
f 6416//6416 6418//6418 6417//6417
f 6417//6417 6418//6418 6419//6419
f 6418//6418 6420//6420 6419//6419
f 6419//6419 6420//6420 6421//6421
f 6420//6420 6422//6422 6421//6421
f 6421//6421 6422//6422 6423//6423
f 6404//6404 6411//6411 6406//6406
f 6411//6411 6413//6413 6406//6406
f 6406//6406 6413//6413 6407//6407
f 6413//6413 6415//6415 6407//6407
f 6407//6407 6415//6415 6408//6408
f 6415//6415 6417//6417 6408//6408
f 6408//6408 6417//6417 6409//6409
f 6417//6417 6419//6419 6409//6409
f 6409//6409 6419//6419 6410//6410
f 6419//6419 6421//6421 6410//6410
f 6410//6410 6421//6421 6399//6399
f 6398//6398 6424//6424 6425//6425
f 6424//6424 6426//6426 6425//6425
f 6425//6425 6426//6426 6427//6427
f 6426//6426 6428//6428 6427//6427
f 6427//6427 6428//6428 6429//6429
f 6428//6428 6430//6430 6429//6429
f 6429//6429 6430//6430 6431//6431
f 6424//6424 6432//6432 6426//6426
f 6432//6432 6433//6433 6426//6426
f 6426//6426 6433//6433 6428//6428
f 6433//6433 6434//6434 6428//6428
f 6428//6428 6434//6434 6430//6430
f 5269//5269 5271//5271 6223//6223
f 5271//5271 6225//6225 6223//6223
f 6223//6223 6225//6225 6222//6222
f 6225//6225 5275//5275 6222//6222
f 6222//6222 5275//5275 5274//5274
f 6398//6398 6397//6397 6424//6424
f 6397//6397 6399//6399 6424//6424
f 6424//6424 6399//6399 6432//6432
f 6399//6399 6421//6421 6432//6432
f 6432//6432 6421//6421 6433//6433
f 6421//6421 6423//6423 6433//6433
f 6433//6433 6423//6423 6434//6434
f 6220//6220 6431//6431 6221//6221
f 6431//6431 6430//6430 6221//6221
f 6221//6221 6430//6430 6222//6222
f 6430//6430 6434//6434 6222//6222
f 6222//6222 6434//6434 6223//6223
f 6434//6434 6423//6423 6223//6223
f 6223//6223 6423//6423 6224//6224
f 6423//6423 6422//6422 6224//6224
f 6224//6224 6422//6422 4295//4295
f 6422//6422 6420//6420 4295//4295
f 4295//4295 6420//6420 4292//4292
f 6420//6420 6418//6418 4292//4292
f 4292//4292 6418//6418 4290//4290
f 6418//6418 6416//6416 4290//4290
f 4290//4290 6416//6416 4288//4288
f 6416//6416 6414//6414 4288//4288
f 4288//4288 6414//6414 4286//4286
f 6414//6414 6412//6412 4286//4286
f 4286//4286 6412//6412 4284//4284
f 6435//6435 6436//6436 6437//6437
f 6436//6436 6135//6135 6437//6437
f 6437//6437 6135//6135 6438//6438
f 5245//5245 6132//6132 6135//6135
f 6132//6132 6439//6439 6135//6135
f 6135//6135 6439//6439 6438//6438
f 6440//6440 6441//6441 6442//6442
f 6441//6441 6443//6443 6442//6442
f 6442//6442 6443//6443 6444//6444
f 6443//6443 6445//6445 6444//6444
f 6446//6446 6447//6447 6448//6448
f 6447//6447 6449//6449 6448//6448
f 6448//6448 6449//6449 6450//6450
f 6449//6449 6451//6451 6450//6450
f 6450//6450 6451//6451 6452//6452
f 6440//6440 6453//6453 6441//6441
f 6453//6453 6454//6454 6441//6441
f 6441//6441 6454//6454 6443//6443
f 6454//6454 6455//6455 6443//6443
f 6443//6443 6455//6455 6456//6456
f 5383//5383 6457//6457 6129//6129
f 6457//6457 6458//6458 6129//6129
f 6129//6129 6458//6458 6128//6128
f 6458//6458 6459//6459 6128//6128
f 6128//6128 6459//6459 6131//6131
f 6459//6459 6460//6460 6131//6131
f 6131//6131 6460//6460 6130//6130
f 6460//6460 6461//6461 6130//6130
f 6130//6130 6461//6461 6134//6134
f 6461//6461 6462//6462 6134//6134
f 6134//6134 6462//6462 6133//6133
f 6462//6462 6463//6463 6133//6133
f 6133//6133 6463//6463 6132//6132
f 6463//6463 6464//6464 6132//6132
f 6132//6132 6464//6464 6439//6439
f 6465//6465 6115//6115 6466//6466
f 6115//6115 6114//6114 6466//6466
f 6466//6466 6114//6114 6467//6467
f 6468//6468 6116//6116 6469//6469
f 6116//6116 6115//6115 6469//6469
f 6469//6469 6115//6115 6470//6470
f 6115//6115 6465//6465 6470//6470
f 6470//6470 6465//6465 6471//6471
f 6472//6472 6473//6473 6474//6474
f 6473//6473 6475//6475 6474//6474
f 6474//6474 6475//6475 6476//6476
f 6475//6475 6477//6477 6476//6476
f 6476//6476 6477//6477 6478//6478
f 6445//6445 6479//6479 6480//6480
f 6479//6479 6481//6481 6480//6480
f 6480//6480 6481//6481 6482//6482
f 6481//6481 6483//6483 6482//6482
f 6483//6483 6484//6484 6482//6482
f 6482//6482 6484//6484 6485//6485
f 6484//6484 6486//6486 6485//6485
f 6486//6486 6487//6487 6488//6488
f 6487//6487 6489//6489 6488//6488
f 6488//6488 6489//6489 6490//6490
f 6489//6489 6491//6491 6490//6490
f 6490//6490 6491//6491 6492//6492
f 6491//6491 6493//6493 6492//6492
f 6492//6492 6493//6493 6312//6312
f 6493//6493 6494//6494 6312//6312
f 6312//6312 6494//6494 6313//6313
f 6494//6494 6495//6495 6313//6313
f 6313//6313 6495//6495 6328//6328
f 6486//6486 6484//6484 6487//6487
f 6484//6484 6496//6496 6487//6487
f 6487//6487 6496//6496 6489//6489
f 6496//6496 6497//6497 6489//6489
f 6489//6489 6497//6497 6491//6491
f 6497//6497 6498//6498 6491//6491
f 6491//6491 6498//6498 6493//6493
f 6498//6498 6499//6499 6493//6493
f 6493//6493 6499//6499 6494//6494
f 6445//6445 6443//6443 6479//6479
f 6443//6443 6456//6456 6479//6479
f 6479//6479 6456//6456 6481//6481
f 6456//6456 6500//6500 6481//6481
f 6481//6481 6500//6500 6483//6483
f 6500//6500 6501//6501 6483//6483
f 6483//6483 6501//6501 6484//6484
f 6501//6501 6502//6502 6484//6484
f 6484//6484 6502//6502 6496//6496
f 6502//6502 6503//6503 6496//6496
f 6496//6496 6503//6503 6497//6497
f 6503//6503 6504//6504 6497//6497
f 6497//6497 6504//6504 6498//6498
f 6504//6504 6505//6505 6498//6498
f 6498//6498 6505//6505 6499//6499
f 6506//6506 6507//6507 6508//6508
f 6507//6507 6509//6509 6508//6508
f 6508//6508 6509//6509 6510//6510
f 6511//6511 6506//6506 6512//6512
f 6506//6506 6508//6508 6512//6512
f 6512//6512 6508//6508 6513//6513
f 6508//6508 6510//6510 6513//6513
f 6513//6513 6510//6510 6478//6478
f 6453//6453 6446//6446 6454//6454
f 6446//6446 6448//6448 6454//6454
f 6454//6454 6448//6448 6455//6455
f 6448//6448 6450//6450 6455//6455
f 6455//6455 6450//6450 6456//6456
f 6450//6450 6452//6452 6456//6456
f 6456//6456 6452//6452 6500//6500
f 6452//6452 6514//6514 6500//6500
f 6500//6500 6514//6514 6501//6501
f 6514//6514 6515//6515 6501//6501
f 6501//6501 6515//6515 6502//6502
f 6515//6515 6516//6516 6502//6502
f 6502//6502 6516//6516 6503//6503
f 6516//6516 6517//6517 6503//6503
f 6503//6503 6517//6517 6504//6504
f 6518//6518 6435//6435 6519//6519
f 6435//6435 6437//6437 6519//6519
f 6519//6519 6437//6437 6520//6520
f 6437//6437 6438//6438 6520//6520
f 6520//6520 6438//6438 6521//6521
f 6438//6438 6439//6439 6521//6521
f 6521//6521 6439//6439 6522//6522
f 6439//6439 6464//6464 6522//6522
f 6522//6522 6464//6464 6523//6523
f 6464//6464 6463//6463 6523//6523
f 6523//6523 6463//6463 6524//6524
f 6463//6463 6462//6462 6524//6524
f 6524//6524 6462//6462 6525//6525
f 6462//6462 6461//6461 6525//6525
f 6525//6525 6461//6461 6526//6526
f 6461//6461 6460//6460 6526//6526
f 6526//6526 6460//6460 6527//6527
f 6460//6460 6459//6459 6527//6527
f 6527//6527 6459//6459 6528//6528
f 6459//6459 6458//6458 6528//6528
f 6528//6528 6458//6458 6529//6529
f 6458//6458 6457//6457 6529//6529
f 6529//6529 6457//6457 6530//6530
f 6457//6457 5383//5383 6530//6530
f 6530//6530 5383//5383 5385//5385
f 6531//6531 6241//6241 6240//6240
f 6241//6241 4235//4235 6240//6240
f 6240//6240 4235//4235 4237//4237
f 492//492 491//491 5385//5385
f 491//491 6127//6127 5385//5385
f 5385//5385 6127//6127 6530//6530
f 6127//6127 6532//6532 6530//6530
f 6530//6530 6532//6532 6529//6529
f 6532//6532 6533//6533 6529//6529
f 6529//6529 6533//6533 6528//6528
f 6533//6533 6534//6534 6528//6528
f 6528//6528 6534//6534 6527//6527
f 6534//6534 6535//6535 6527//6527
f 6527//6527 6535//6535 6526//6526
f 6535//6535 6536//6536 6526//6526
f 6526//6526 6536//6536 6525//6525
f 6536//6536 6537//6537 6525//6525
f 6525//6525 6537//6537 6524//6524
f 6537//6537 6538//6538 6524//6524
f 6524//6524 6538//6538 6523//6523
f 6538//6538 6539//6539 6523//6523
f 6523//6523 6539//6539 6522//6522
f 6539//6539 6540//6540 6522//6522
f 6522//6522 6540//6540 6521//6521
f 6540//6540 6541//6541 6521//6521
f 6521//6521 6541//6541 6520//6520
f 6541//6541 6542//6542 6520//6520
f 6520//6520 6542//6542 6519//6519
f 6542//6542 6119//6119 6519//6519
f 6519//6519 6119//6119 6518//6518
f 6119//6119 6118//6118 6518//6518
f 6471//6471 6543//6543 6470//6470
f 6543//6543 6544//6544 6470//6470
f 6470//6470 6544//6544 6469//6469
f 6544//6544 6545//6545 6469//6469
f 6469//6469 6545//6545 6468//6468
f 6546//6546 6547//6547 6548//6548
f 6543//6543 6549//6549 6544//6544
f 6549//6549 6546//6546 6544//6544
f 6544//6544 6546//6546 6545//6545
f 6546//6546 6548//6548 6545//6545
f 6545//6545 6548//6548 6468//6468
f 6550//6550 6467//6467 6551//6551
f 6467//6467 6114//6114 6551//6551
f 6551//6551 6114//6114 6552//6552
f 6114//6114 6116//6116 6552//6552
f 6552//6552 6116//6116 6553//6553
f 6116//6116 6468//6468 6553//6553
f 6553//6553 6468//6468 6554//6554
f 6468//6468 6548//6548 6554//6554
f 6554//6554 6548//6548 6555//6555
f 6548//6548 6547//6547 6555//6555
f 6555//6555 6547//6547 6556//6556
f 6556//6556 6557//6557 6555//6555
f 6557//6557 6558//6558 6555//6555
f 6555//6555 6558//6558 6554//6554
f 6558//6558 6559//6559 6554//6554
f 6554//6554 6559//6559 6553//6553
f 6559//6559 6560//6560 6553//6553
f 6553//6553 6560//6560 6552//6552
f 6560//6560 6561//6561 6552//6552
f 6552//6552 6561//6561 6551//6551
f 6561//6561 6562//6562 6551//6551
f 6551//6551 6562//6562 6550//6550
f 6562//6562 6563//6563 6550//6550
f 6473//6473 6563//6563 6475//6475
f 6563//6563 6562//6562 6475//6475
f 6475//6475 6562//6562 6477//6477
f 6562//6562 6561//6561 6477//6477
f 6477//6477 6561//6561 6478//6478
f 6561//6561 6560//6560 6478//6478
f 6478//6478 6560//6560 6513//6513
f 6560//6560 6559//6559 6513//6513
f 6513//6513 6559//6559 6512//6512
f 6559//6559 6558//6558 6512//6512
f 6512//6512 6558//6558 6511//6511
f 6558//6558 6557//6557 6511//6511
f 6471//6471 6531//6531 6543//6543
f 6531//6531 6240//6240 6543//6543
f 6543//6543 6240//6240 6549//6549
f 6240//6240 6239//6239 6549//6549
f 6549//6549 6239//6239 6546//6546
f 6239//6239 6238//6238 6546//6546
f 6546//6546 6238//6238 6547//6547
f 6238//6238 6237//6237 6547//6547
f 6547//6547 6237//6237 6556//6556
f 6237//6237 6564//6564 6556//6556
f 6556//6556 6564//6564 6557//6557
f 6564//6564 6565//6565 6557//6557
f 6557//6557 6565//6565 6511//6511
f 6565//6565 6566//6566 6511//6511
f 6511//6511 6566//6566 6506//6506
f 6566//6566 6517//6517 6506//6506
f 6506//6506 6517//6517 6507//6507
f 6517//6517 6516//6516 6507//6507
f 6507//6507 6516//6516 6509//6509
f 6516//6516 6515//6515 6509//6509
f 6509//6509 6515//6515 6510//6510
f 6515//6515 6514//6514 6510//6510
f 6510//6510 6514//6514 6478//6478
f 6514//6514 6452//6452 6478//6478
f 6478//6478 6452//6452 6476//6476
f 6452//6452 6451//6451 6476//6476
f 6476//6476 6451//6451 6474//6474
f 6451//6451 6449//6449 6474//6474
f 6474//6474 6449//6449 6472//6472
f 6449//6449 6447//6447 6472//6472
f 6405//6405 6388//6388 6567//6567
f 6388//6388 6568//6568 6567//6567
f 6567//6567 6568//6568 6569//6569
f 6568//6568 6570//6570 6569//6569
f 6569//6569 6570//6570 6571//6571
f 6570//6570 6572//6572 6571//6571
f 6571//6571 6572//6572 6573//6573
f 6572//6572 6574//6574 6573//6573
f 6573//6573 6574//6574 6575//6575
f 6574//6574 6576//6576 6575//6575
f 6575//6575 6576//6576 6577//6577
f 6576//6576 6578//6578 6577//6577
f 6577//6577 6578//6578 6579//6579
f 4246//4246 4248//4248 6580//6580
f 4248//4248 6581//6581 6580//6580
f 6580//6580 6581//6581 6582//6582
f 6581//6581 6583//6583 6582//6582
f 6582//6582 6583//6583 6584//6584
f 6583//6583 6585//6585 6584//6584
f 6584//6584 6585//6585 6586//6586
f 6585//6585 6587//6587 6586//6586
f 6586//6586 6587//6587 6588//6588
f 6587//6587 6589//6589 6588//6588
f 6588//6588 6589//6589 6590//6590
f 6589//6589 6591//6591 6590//6590
f 6590//6590 6591//6591 6592//6592
f 6591//6591 6593//6593 6592//6592
f 6592//6592 6593//6593 6594//6594
f 6593//6593 6595//6595 6594//6594
f 6594//6594 6595//6595 6596//6596
f 6595//6595 6597//6597 6596//6596
f 6596//6596 6597//6597 6598//6598
f 6597//6597 6599//6599 6598//6598
f 6598//6598 6599//6599 6600//6600
f 6599//6599 6601//6601 6600//6600
f 6600//6600 6601//6601 6602//6602
f 6601//6601 6603//6603 6602//6602
f 6602//6602 6603//6603 6604//6604
f 6603//6603 6605//6605 6604//6604
f 6604//6604 6605//6605 6606//6606
f 6605//6605 6607//6607 6606//6606
f 6606//6606 6607//6607 6608//6608
f 6607//6607 6609//6609 6608//6608
f 6608//6608 6609//6609 6610//6610
f 6609//6609 6611//6611 6610//6610
f 6610//6610 6611//6611 6612//6612
f 6611//6611 6613//6613 6612//6612
f 6612//6612 6613//6613 6614//6614
f 6613//6613 6615//6615 6614//6614
f 6614//6614 6615//6615 6616//6616
f 6615//6615 6617//6617 6616//6616
f 6616//6616 6617//6617 6618//6618
f 6617//6617 6619//6619 6618//6618
f 6618//6618 6619//6619 6620//6620
f 6619//6619 6621//6621 6620//6620
f 6620//6620 6621//6621 6622//6622
f 6621//6621 6217//6217 6622//6622
f 6622//6622 6217//6217 6216//6216
f 6217//6217 5288//5288 6216//6216
f 6216//6216 5288//5288 5879//5879
f 4222//4222 4246//4246 6237//6237
f 4246//4246 6580//6580 6237//6237
f 6237//6237 6580//6580 6564//6564
f 6580//6580 6582//6582 6564//6564
f 6564//6564 6582//6582 6565//6565
f 6582//6582 6584//6584 6565//6565
f 6565//6565 6584//6584 6566//6566
f 6584//6584 6586//6586 6566//6566
f 6566//6566 6586//6586 6517//6517
f 6586//6586 6588//6588 6517//6517
f 6517//6517 6588//6588 6504//6504
f 6588//6588 6590//6590 6504//6504
f 6504//6504 6590//6590 6505//6505
f 6590//6590 6592//6592 6505//6505
f 6505//6505 6592//6592 6499//6499
f 6592//6592 6594//6594 6499//6499
f 6499//6499 6594//6594 6494//6494
f 6594//6594 6596//6596 6494//6494
f 6494//6494 6596//6596 6495//6495
f 6596//6596 6598//6598 6495//6495
f 6495//6495 6598//6598 6328//6328
f 6598//6598 6600//6600 6328//6328
f 6328//6328 6600//6600 6329//6329
f 6600//6600 6602//6602 6329//6329
f 6329//6329 6602//6602 6330//6330
f 6602//6602 6604//6604 6330//6330
f 6330//6330 6604//6604 6331//6331
f 6604//6604 6606//6606 6331//6331
f 6331//6331 6606//6606 6332//6332
f 6606//6606 6608//6608 6332//6332
f 6332//6332 6608//6608 6333//6333
f 6608//6608 6610//6610 6333//6333
f 6333//6333 6610//6610 6334//6334
f 6610//6610 6612//6612 6334//6334
f 6334//6334 6612//6612 6335//6335
f 6612//6612 6614//6614 6335//6335
f 6335//6335 6614//6614 6336//6336
f 6614//6614 6616//6616 6336//6336
f 6336//6336 6616//6616 6337//6337
f 6616//6616 6618//6618 6337//6337
f 6337//6337 6618//6618 6338//6338
f 6618//6618 6620//6620 6338//6338
f 6338//6338 6620//6620 6339//6339
f 6620//6620 6622//6622 6339//6339
f 6339//6339 6622//6622 6340//6340
f 6622//6622 6216//6216 6340//6340
f 6340//6340 6216//6216 6215//6215
f 6216//6216 5261//5261 6215//6215
f 6215//6215 5261//5261 5260//5260
f 4248//4248 4249//4249 6581//6581
f 4249//4249 6236//6236 6581//6581
f 6581//6581 6236//6236 6583//6583
f 6236//6236 6623//6623 6583//6583
f 6583//6583 6623//6623 6585//6585
f 6623//6623 6624//6624 6585//6585
f 6585//6585 6624//6624 6587//6587
f 6624//6624 6625//6625 6587//6587
f 6587//6587 6625//6625 6589//6589
f 6625//6625 6341//6341 6589//6589
f 6589//6589 6341//6341 6591//6591
f 6341//6341 6343//6343 6591//6591
f 6591//6591 6343//6343 6593//6593
f 6343//6343 6345//6345 6593//6593
f 6593//6593 6345//6345 6595//6595
f 6345//6345 6347//6347 6595//6595
f 6595//6595 6347//6347 6597//6597
f 6347//6347 6349//6349 6597//6597
f 6597//6597 6349//6349 6599//6599
f 6349//6349 6351//6351 6599//6599
f 6599//6599 6351//6351 6601//6601
f 6351//6351 6353//6353 6601//6601
f 6601//6601 6353//6353 6603//6603
f 6353//6353 6355//6355 6603//6603
f 6603//6603 6355//6355 6605//6605
f 6355//6355 6357//6357 6605//6605
f 6605//6605 6357//6357 6607//6607
f 6357//6357 6359//6359 6607//6607
f 6607//6607 6359//6359 6609//6609
f 6359//6359 6361//6361 6609//6609
f 6609//6609 6361//6361 6611//6611
f 6361//6361 6363//6363 6611//6611
f 6611//6611 6363//6363 6613//6613
f 6363//6363 6365//6365 6613//6613
f 6613//6613 6365//6365 6615//6615
f 6365//6365 6367//6367 6615//6615
f 6615//6615 6367//6367 6617//6617
f 6367//6367 6369//6369 6617//6617
f 6617//6617 6369//6369 6619//6619
f 6369//6369 6371//6371 6619//6619
f 6619//6619 6371//6371 6621//6621
f 6371//6371 6218//6218 6621//6621
f 6621//6621 6218//6218 6217//6217
f 6218//6218 5287//5287 6217//6217
f 6217//6217 5287//5287 5289//5289
f 6226//6226 6626//6626 6227//6227
f 6626//6626 6627//6627 6227//6227
f 6227//6227 6627//6627 6228//6228
f 6627//6627 6628//6628 6228//6228
f 6228//6228 6628//6628 6229//6229
f 6628//6628 6629//6629 6229//6229
f 6229//6229 6629//6629 6230//6230
f 6629//6629 6630//6630 6230//6230
f 6230//6230 6630//6630 6231//6231
f 6630//6630 6631//6631 6231//6231
f 6231//6231 6631//6631 6232//6232
f 6631//6631 6632//6632 6232//6232
f 6232//6232 6632//6632 6233//6233
f 6632//6632 6633//6633 6233//6233
f 6233//6233 6633//6633 6234//6234
f 6633//6633 6634//6634 6234//6234
f 6234//6234 6634//6634 6235//6235
f 6634//6634 6635//6635 6235//6235
f 6235//6235 6635//6635 6120//6120
f 4284//4284 6412//6412 6226//6226
f 6412//6412 6411//6411 6226//6226
f 6226//6226 6411//6411 6626//6626
f 6411//6411 6404//6404 6626//6626
f 6626//6626 6404//6404 6627//6627
f 6404//6404 6405//6405 6627//6627
f 6627//6627 6405//6405 6628//6628
f 6405//6405 6567//6567 6628//6628
f 6628//6628 6567//6567 6629//6629
f 6567//6567 6569//6569 6629//6629
f 6629//6629 6569//6569 6630//6630
f 6569//6569 6571//6571 6630//6630
f 6630//6630 6571//6571 6631//6631
f 6571//6571 6573//6573 6631//6631
f 6631//6631 6573//6573 6632//6632
f 6573//6573 6575//6575 6632//6632
f 6632//6632 6575//6575 6633//6633
f 6575//6575 6577//6577 6633//6633
f 6633//6633 6577//6577 6634//6634
f 6577//6577 6579//6579 6634//6634
f 6634//6634 6579//6579 6635//6635
f 4251//4251 4252//4252 6236//6236
f 4252//4252 6120//6120 6236//6236
f 6236//6236 6120//6120 6623//6623
f 6120//6120 6635//6635 6623//6623
f 6623//6623 6635//6635 6624//6624
f 6635//6635 6579//6579 6624//6624
f 6624//6624 6579//6579 6625//6625
f 6579//6579 6578//6578 6625//6625
f 6625//6625 6578//6578 6341//6341
f 6578//6578 6576//6576 6341//6341
f 6341//6341 6576//6576 6372//6372
f 6576//6576 6574//6574 6372//6372
f 6372//6372 6574//6574 6373//6373
f 6574//6574 6572//6572 6373//6373
f 6373//6373 6572//6572 6374//6374
f 6572//6572 6570//6570 6374//6374
f 6374//6374 6570//6570 6375//6375
f 6570//6570 6568//6568 6375//6375
f 6375//6375 6568//6568 6376//6376
f 6568//6568 6388//6388 6376//6376
f 6376//6376 6388//6388 6377//6377
f 6388//6388 6390//6390 6377//6377
f 6377//6377 6390//6390 6378//6378
f 6390//6390 6392//6392 6378//6378
f 6378//6378 6392//6392 6379//6379
f 6392//6392 6394//6394 6379//6379
f 6379//6379 6394//6394 6380//6380
f 6394//6394 6396//6396 6380//6380
f 6380//6380 6396//6396 6381//6381
f 6396//6396 6398//6398 6381//6381
f 6381//6381 6398//6398 6382//6382
f 6398//6398 6425//6425 6382//6382
f 6382//6382 6425//6425 6383//6383
f 6425//6425 6427//6427 6383//6383
f 6383//6383 6427//6427 6384//6384
f 6427//6427 6429//6429 6384//6384
f 6384//6384 6429//6429 6385//6385
f 6429//6429 6431//6431 6385//6385
f 6385//6385 6431//6431 6386//6386
f 6431//6431 6220//6220 6386//6386
f 6386//6386 6220//6220 6387//6387
f 6220//6220 5280//5280 6387//6387
f 6387//6387 5280//5280 6219//6219
f 5280//5280 5278//5278 6219//6219
f 6219//6219 5278//5278 5277//5277
f 5369//5369 5370//5370 6138//6138
f 5370//5370 6137//6137 6138//6138
f 6138//6138 6137//6137 6636//6636
f 6137//6137 6637//6637 6636//6636
f 6636//6636 6637//6637 6638//6638
f 6637//6637 6639//6639 6638//6638
f 6638//6638 6639//6639 6640//6640
f 5373//5373 5374//5374 6137//6137
f 5374//5374 6136//6136 6137//6137
f 6137//6137 6136//6136 6637//6637
f 6136//6136 6641//6641 6637//6637
f 6637//6637 6641//6641 6639//6639
f 6642//6642 6643//6643 6644//6644
f 6643//6643 6645//6645 6644//6644
f 6644//6644 6645//6645 6646//6646
f 6647//6647 6648//6648 6649//6649
f 6648//6648 6650//6650 6649//6649
f 6650//6650 6648//6648 6651//6651
f 6648//6648 6652//6652 6651//6651
f 6651//6651 6652//6652 6653//6653
f 5364//5364 6645//6645 6139//6139
f 6645//6645 6643//6643 6139//6139
f 6139//6139 6643//6643 6654//6654
f 6643//6643 6642//6642 6654//6654
f 6654//6654 6642//6642 6655//6655
f 6642//6642 6656//6656 6655//6655
f 6655//6655 6656//6656 6657//6657
f 6656//6656 6658//6658 6657//6657
f 6659//6659 6658//6658 6660//6660
f 6658//6658 6656//6656 6660//6660
f 6660//6660 6656//6656 6661//6661
f 6656//6656 6642//6642 6661//6661
f 6646//6646 6649//6649 6644//6644
f 6649//6649 6650//6650 6644//6644
f 6644//6644 6650//6650 6642//6642
f 6650//6650 6651//6651 6642//6642
f 6642//6642 6651//6651 6661//6661
f 6651//6651 6653//6653 6661//6661
f 6661//6661 6653//6653 6660//6660
f 5364//5364 5366//5366 6645//6645
f 5366//5366 6138//6138 6645//6645
f 6645//6645 6138//6138 6646//6646
f 6138//6138 6636//6636 6646//6646
f 6646//6646 6636//6636 6649//6649
f 6636//6636 6638//6638 6649//6649
f 6649//6649 6638//6638 6647//6647
f 6638//6638 6640//6640 6647//6647
f 6647//6647 6640//6640 6648//6648
f 6640//6640 6662//6662 6648//6648
f 6648//6648 6662//6662 6652//6652
f 6662//6662 6663//6663 6652//6652
f 6652//6652 6663//6663 6653//6653
f 6663//6663 6664//6664 6653//6653
f 6653//6653 6664//6664 6660//6660
f 6242//6242 6179//6179 6665//6665
f 6179//6179 6181//6181 6665//6665
f 6665//6665 6181//6181 6666//6666
f 6181//6181 6172//6172 6666//6666
f 6666//6666 6172//6172 6667//6667
f 6172//6172 6174//6174 6667//6667
f 6667//6667 6174//6174 6668//6668
f 6174//6174 6176//6176 6668//6668
f 6668//6668 6176//6176 6669//6669
f 6176//6176 6167//6167 6669//6669
f 6669//6669 6167//6167 6670//6670
f 6167//6167 6169//6169 6670//6670
f 6670//6670 6169//6169 6671//6671
f 6169//6169 6160//6160 6671//6671
f 6671//6671 6160//6160 6672//6672
f 6160//6160 6162//6162 6672//6672
f 6672//6672 6162//6162 6673//6673
f 6162//6162 6164//6164 6673//6673
f 6673//6673 6164//6164 6674//6674
f 6164//6164 6126//6126 6674//6674
f 6674//6674 6126//6126 6675//6675
f 6126//6126 6125//6125 6675//6675
f 6675//6675 6125//6125 6676//6676
f 6125//6125 6155//6155 6676//6676
f 6676//6676 6155//6155 6677//6677
f 6155//6155 6153//6153 6677//6677
f 6677//6677 6153//6153 6678//6678
f 6153//6153 6151//6151 6678//6678
f 6678//6678 6151//6151 6679//6679
f 6151//6151 6147//6147 6679//6679
f 6679//6679 6147//6147 6144//6144
f 6147//6147 6149//6149 6144//6144
f 6144//6144 6149//6149 6145//6145
f 5379//5379 5378//5378 6136//6136
f 5378//5378 6135//6135 6136//6136
f 6136//6136 6135//6135 6641//6641
f 6135//6135 6436//6436 6641//6641
f 6641//6641 6436//6436 6639//6639
f 6436//6436 6435//6435 6639//6639
f 6639//6639 6435//6435 6640//6640
f 6435//6435 6518//6518 6640//6640
f 6640//6640 6518//6518 6662//6662
f 6518//6518 6118//6118 6662//6662
f 6662//6662 6118//6118 6663//6663
f 6118//6118 6117//6117 6663//6663
f 6663//6663 6117//6117 6664//6664
f 6117//6117 6680//6680 6664//6664
f 6664//6664 6680//6680 6660//6660
f 6680//6680 6681//6681 6660//6660
f 6660//6660 6681//6681 6659//6659
f 6681//6681 6682//6682 6659//6659
f 6659//6659 6682//6682 6683//6683
f 6682//6682 6684//6684 6683//6683
f 6683//6683 6684//6684 6685//6685
f 6684//6684 6686//6686 6685//6685
f 6685//6685 6686//6686 6687//6687
f 6686//6686 6688//6688 6687//6687
f 6687//6687 6688//6688 6689//6689
f 6688//6688 6690//6690 6689//6689
f 6689//6689 6690//6690 6691//6691
f 6690//6690 6692//6692 6691//6691
f 6691//6691 6692//6692 6693//6693
f 6692//6692 6694//6694 6693//6693
f 6693//6693 6694//6694 6695//6695
f 6694//6694 6696//6696 6695//6695
f 6695//6695 6696//6696 6697//6697
f 6696//6696 6698//6698 6697//6697
f 6697//6697 6698//6698 6699//6699
f 6698//6698 6700//6700 6699//6699
f 6699//6699 6700//6700 6701//6701
f 6700//6700 6245//6245 6701//6701
f 6245//6245 6244//6244 6701//6701
f 6244//6244 6702//6702 6701//6701
f 6701//6701 6702//6702 6699//6699
f 6702//6702 6703//6703 6699//6699
f 6699//6699 6703//6703 6697//6697
f 6703//6703 6704//6704 6697//6697
f 6697//6697 6704//6704 6695//6695
f 6704//6704 6705//6705 6695//6695
f 6695//6695 6705//6705 6693//6693
f 6705//6705 6706//6706 6693//6693
f 6693//6693 6706//6706 6691//6691
f 6706//6706 6707//6707 6691//6691
f 6691//6691 6707//6707 6689//6689
f 6707//6707 6708//6708 6689//6689
f 6689//6689 6708//6708 6687//6687
f 6708//6708 6709//6709 6687//6687
f 6687//6687 6709//6709 6685//6685
f 6709//6709 6710//6710 6685//6685
f 6685//6685 6710//6710 6683//6683
f 6710//6710 6711//6711 6683//6683
f 6683//6683 6711//6711 6659//6659
f 6711//6711 6712//6712 6659//6659
f 6659//6659 6712//6712 6658//6658
f 6712//6712 6713//6713 6658//6658
f 6658//6658 6713//6713 6657//6657
f 5362//5362 5247//5247 6141//6141
f 5247//5247 6139//6139 6141//6141
f 6141//6141 6139//6139 6142//6142
f 6139//6139 6654//6654 6142//6142
f 6142//6142 6654//6654 6144//6144
f 6654//6654 6655//6655 6144//6144
f 6144//6144 6655//6655 6679//6679
f 6655//6655 6657//6657 6679//6679
f 6679//6679 6657//6657 6678//6678
f 6657//6657 6713//6713 6678//6678
f 6678//6678 6713//6713 6677//6677
f 6713//6713 6712//6712 6677//6677
f 6677//6677 6712//6712 6676//6676
f 6712//6712 6711//6711 6676//6676
f 6676//6676 6711//6711 6675//6675
f 6711//6711 6710//6710 6675//6675
f 6675//6675 6710//6710 6674//6674
f 6710//6710 6709//6709 6674//6674
f 6674//6674 6709//6709 6673//6673
f 6709//6709 6708//6708 6673//6673
f 6673//6673 6708//6708 6672//6672
f 6708//6708 6707//6707 6672//6672
f 6672//6672 6707//6707 6671//6671
f 6707//6707 6706//6706 6671//6671
f 6671//6671 6706//6706 6670//6670
f 6706//6706 6705//6705 6670//6670
f 6670//6670 6705//6705 6669//6669
f 6705//6705 6704//6704 6669//6669
f 6669//6669 6704//6704 6668//6668
f 6704//6704 6703//6703 6668//6668
f 6668//6668 6703//6703 6667//6667
f 6703//6703 6702//6702 6667//6667
f 6667//6667 6702//6702 6666//6666
f 6702//6702 6244//6244 6666//6666
f 6666//6666 6244//6244 6665//6665
f 6244//6244 6243//6243 6665//6665
f 6665//6665 6243//6243 6242//6242
f 6191//6191 6184//6184 6192//6192
f 6184//6184 6186//6186 6192//6192
f 6192//6192 6186//6186 6257//6257
f 6186//6186 6242//6242 6257//6257
f 6257//6257 6242//6242 6269//6269
f 6242//6242 6243//6243 6269//6269
f 6269//6269 6243//6243 6283//6283
f 6243//6243 6245//6245 6283//6283
f 6283//6283 6245//6245 6297//6297
f 6245//6245 6700//6700 6297//6297
f 6297//6297 6700//6700 6312//6312
f 6700//6700 6698//6698 6312//6312
f 6312//6312 6698//6698 6492//6492
f 6698//6698 6696//6696 6492//6492
f 6492//6492 6696//6696 6490//6490
f 6696//6696 6694//6694 6490//6490
f 6490//6490 6694//6694 6488//6488
f 6694//6694 6692//6692 6488//6488
f 6488//6488 6692//6692 6486//6486
f 6692//6692 6690//6690 6486//6486
f 6486//6486 6690//6690 6485//6485
f 6690//6690 6688//6688 6485//6485
f 6485//6485 6688//6688 6482//6482
f 6688//6688 6686//6686 6482//6482
f 6482//6482 6686//6686 6480//6480
f 6686//6686 6684//6684 6480//6480
f 6480//6480 6684//6684 6445//6445
f 6684//6684 6682//6682 6445//6445
f 6445//6445 6682//6682 6444//6444
f 6682//6682 6681//6681 6444//6444
f 6444//6444 6681//6681 6442//6442
f 6681//6681 6680//6680 6442//6442
f 6442//6442 6680//6680 6440//6440
f 6680//6680 6117//6117 6440//6440
f 6440//6440 6117//6117 6453//6453
f 6117//6117 6119//6119 6453//6453
f 6453//6453 6119//6119 6446//6446
f 6119//6119 6542//6542 6446//6446
f 6446//6446 6542//6542 6447//6447
f 6542//6542 6541//6541 6447//6447
f 6447//6447 6541//6541 6472//6472
f 6541//6541 6540//6540 6472//6472
f 6472//6472 6540//6540 6473//6473
f 6540//6540 6539//6539 6473//6473
f 6473//6473 6539//6539 6563//6563
f 6539//6539 6538//6538 6563//6563
f 6563//6563 6538//6538 6550//6550
f 6538//6538 6537//6537 6550//6550
f 6550//6550 6537//6537 6467//6467
f 6537//6537 6536//6536 6467//6467
f 6467//6467 6536//6536 6466//6466
f 6536//6536 6535//6535 6466//6466
f 6466//6466 6535//6535 6465//6465
f 6535//6535 6534//6534 6465//6465
f 6465//6465 6534//6534 6471//6471
f 6534//6534 6533//6533 6471//6471
f 6471//6471 6533//6533 6531//6531
f 6533//6533 6532//6532 6531//6531
f 6531//6531 6532//6532 6241//6241
f 6532//6532 6127//6127 6241//6241
f 6241//6241 6127//6127 4225//4225
f 6127//6127 338//338 4225//4225
f 6213//6213 6212//6212 6714//6714
f 6212//6212 6715//6715 6714//6714
f 6716//6716 6717//6717 6715//6715
f 6717//6717 6718//6718 6715//6715
f 6715//6715 6718//6718 6719//6719
f 6720//6720 6721//6721 6716//6716
f 6721//6721 6722//6722 6716//6716
f 6716//6716 6722//6722 6717//6717
f 6723//6723 6724//6724 6720//6720
f 6724//6724 6725//6725 6720//6720
f 6720//6720 6725//6725 6721//6721
f 6726//6726 6727//6727 6723//6723
f 6727//6727 6728//6728 6723//6723
f 6723//6723 6728//6728 6724//6724
f 6729//6729 6730//6730 6731//6731
f 6730//6730 6732//6732 6731//6731
f 6731//6731 6732//6732 6726//6726
f 6732//6732 6733//6733 6726//6726
f 6726//6726 6733//6733 6727//6727
f 6734//6734 6735//6735 6736//6736
f 6735//6735 6729//6729 6736//6736
f 6737//6737 6738//6738 6734//6734
f 6738//6738 6739//6739 6734//6734
f 6734//6734 6739//6739 6735//6735
f 6740//6740 6741//6741 6737//6737
f 6741//6741 6742//6742 6737//6737
f 6737//6737 6742//6742 6738//6738
f 6743//6743 6744//6744 6740//6740
f 6744//6744 6745//6745 6740//6740
f 6740//6740 6745//6745 6741//6741
f 6746//6746 6747//6747 6743//6743
f 6747//6747 6748//6748 6743//6743
f 6743//6743 6748//6748 6744//6744
f 6749//6749 6750//6750 6746//6746
f 6750//6750 6751//6751 6746//6746
f 6746//6746 6751//6751 6747//6747
f 6752//6752 6753//6753 6749//6749
f 6753//6753 6754//6754 6749//6749
f 6749//6749 6754//6754 6750//6750
f 6755//6755 6756//6756 6752//6752
f 6756//6756 6757//6757 6752//6752
f 6752//6752 6757//6757 6753//6753
f 6758//6758 6759//6759 6760//6760
f 6759//6759 6761//6761 6760//6760
f 6760//6760 6761//6761 6755//6755
f 6761//6761 6762//6762 6755//6755
f 6755//6755 6762//6762 6756//6756
f 6763//6763 5348//5348 5349//5349
f 6764//6764 6765//6765 6766//6766
f 6765//6765 6763//6763 6766//6766
f 6766//6766 6763//6763 6767//6767
f 6763//6763 5349//5349 6767//6767
f 6768//6768 5358//5358 6769//6769
f 5358//5358 5360//5360 6769//6769
f 6769//6769 5360//5360 5361//5361
f 6768//6768 6770//6770 5358//5358
f 6770//6770 6771//6771 5358//5358
f 5358//5358 6771//6771 5356//5356
f 6771//6771 6772//6772 5356//5356
f 5356//5356 6772//6772 5355//5355
f 6772//6772 6773//6773 5355//5355
f 5355//5355 6773//6773 5353//5353
f 6773//6773 6774//6774 5353//5353
f 5353//5353 6774//6774 5351//5351
f 6774//6774 6775//6775 5351//5351
f 5351//5351 6775//6775 5349//5349
f 6775//6775 6776//6776 5349//5349
f 5349//5349 6776//6776 6767//6767
f 5331//5331 5340//5340 6760//6760
f 5340//5340 6765//6765 6760//6760
f 6760//6760 6765//6765 6758//6758
f 6765//6765 6764//6764 6758//6758
f 5340//5340 5342//5342 6765//6765
f 5342//5342 5344//5344 6765//6765
f 6765//6765 5344//5344 6763//6763
f 5344//5344 5346//5346 6763//6763
f 6763//6763 5346//5346 5348//5348
f 5339//5339 5338//5338 6752//6752
f 5338//5338 5336//5336 6752//6752
f 6752//6752 5336//5336 6755//6755
f 5336//5336 5334//5334 6755//6755
f 6755//6755 5334//5334 6760//6760
f 5334//5334 5332//5332 6760//6760
f 6760//6760 5332//5332 5331//5331
f 5339//5339 6752//6752 5325//5325
f 6752//6752 6749//6749 5325//5325
f 5325//5325 6749//6749 5327//5327
f 6749//6749 6746//6746 5327//5327
f 5327//5327 6746//6746 5329//5329
f 5319//5319 5318//5318 6740//6740
f 5318//5318 5317//5317 6740//6740
f 6740//6740 5317//5317 6743//6743
f 5317//5317 5321//5321 6743//6743
f 6743//6743 5321//5321 6746//6746
f 5321//5321 5330//5330 6746//6746
f 6746//6746 5330//5330 5329//5329
f 5319//5319 6740//6740 5309//5309
f 6740//6740 6737//6737 5309//5309
f 5309//5309 6737//6737 5311//5311
f 6737//6737 6734//6734 5311//5311
f 5311//5311 6734//6734 5313//5313
f 6729//6729 6731//6731 6736//6736
f 6731//6731 5316//5316 6736//6736
f 6736//6736 5316//5316 6734//6734
f 5316//5316 5315//5315 6734//6734
f 6734//6734 5315//5315 5313//5313
f 5306//5306 5304//5304 6726//6726
f 5304//5304 5302//5302 6726//6726
f 6726//6726 5302//5302 6731//6731
f 5302//5302 5300//5300 6731//6731
f 6731//6731 5300//5300 5316//5316
f 5306//5306 6726//6726 5307//5307
f 6726//6726 6723//6723 5307//5307
f 5307//5307 6723//6723 5293//5293
f 6723//6723 6720//6720 5293//5293
f 5293//5293 6720//6720 5295//5295
f 6212//6212 5253//5253 6715//6715
f 5253//5253 5250//5250 6715//6715
f 6715//6715 5250//5250 6716//6716
f 5250//5250 5298//5298 6716//6716
f 6716//6716 5298//5298 6720//6720
f 5298//5298 5297//5297 6720//6720
f 6720//6720 5297//5297 5295//5295
f 6714//6714 6715//6715 6777//6777
f 6778//6778 6779//6779 6780//6780
f 6165//6165 6163//6163 6781//6781
f 6163//6163 6161//6161 6781//6781
f 6781//6781 6161//6161 6782//6782
f 6783//6783 6159//6159 6158//6158
f 6784//6784 6785//6785 6786//6786
f 6165//6165 6784//6784 6166//6166
f 6784//6784 6786//6786 6166//6166
f 6166//6166 6786//6786 6124//6124
f 6786//6786 6783//6783 6124//6124
f 6124//6124 6783//6783 6157//6157
f 6783//6783 6158//6158 6157//6157
f 6159//6159 6783//6783 6156//6156
f 6783//6783 6787//6787 6156//6156
f 6156//6156 6787//6787 6154//6154
f 6787//6787 6788//6788 6154//6154
f 6788//6788 6789//6789 6154//6154
f 6154//6154 6789//6789 6152//6152
f 6789//6789 6790//6790 6152//6152
f 6152//6152 6790//6790 6150//6150
f 6150//6150 6790//6790 6148//6148
f 6790//6790 6791//6791 6148//6148
f 6148//6148 6791//6791 6149//6149
f 6791//6791 6792//6792 6149//6149
f 6149//6149 6792//6792 6145//6145
f 6145//6145 6792//6792 6146//6146
f 6792//6792 6793//6793 6146//6146
f 6146//6146 6793//6793 6143//6143
f 6793//6793 6794//6794 6143//6143
f 6143//6143 6794//6794 6140//6140
f 6768//6768 6769//6769 6795//6795
f 6769//6769 6794//6794 6795//6795
f 6140//6140 6794//6794 5363//5363
f 6794//6794 6769//6769 5363//5363
f 5363//5363 6769//6769 5361//5361
f 6165//6165 6781//6781 6784//6784
f 6781//6781 6796//6796 6784//6784
f 6784//6784 6796//6796 6785//6785
f 6782//6782 6797//6797 6781//6781
f 6797//6797 6798//6798 6781//6781
f 6781//6781 6798//6798 6796//6796
f 6799//6799 6800//6800 6801//6801
f 6800//6800 6802//6802 6801//6801
f 6801//6801 6802//6802 6782//6782
f 6802//6802 6803//6803 6782//6782
f 6782//6782 6803//6803 6797//6797
f 6804//6804 6805//6805 6799//6799
f 6780//6780 6779//6779 6804//6804
f 6779//6779 6806//6806 6804//6804
f 6804//6804 6806//6806 6805//6805
f 6807//6807 6808//6808 6809//6809
f 6808//6808 6810//6810 6809//6809
f 6809//6809 6810//6810 6811//6811
f 6810//6810 6812//6812 6811//6811
f 6811//6811 6812//6812 6778//6778
f 6813//6813 6814//6814 6815//6815
f 6814//6814 6816//6816 6815//6815
f 6815//6815 6816//6816 6817//6817
f 6818//6818 6819//6819 6820//6820
f 6819//6819 6821//6821 6820//6820
f 6820//6820 6821//6821 6822//6822
f 6821//6821 6823//6823 6822//6822
f 6822//6822 6823//6823 6817//6817
f 6824//6824 6825//6825 6826//6826
f 6825//6825 6827//6827 6826//6826
f 6828//6828 6829//6829 6827//6827
f 6829//6829 6830//6830 6827//6827
f 6827//6827 6830//6830 6826//6826
f 6715//6715 6719//6719 6831//6831
f 6210//6210 6208//6208 6832//6832
f 6208//6208 6214//6214 6832//6832
f 6832//6832 6214//6214 6777//6777
f 6214//6214 6213//6213 6777//6777
f 6777//6777 6213//6213 6714//6714
f 6715//6715 6831//6831 6777//6777
f 6831//6831 6828//6828 6777//6777
f 6777//6777 6828//6828 6832//6832
f 6828//6828 6827//6827 6832//6832
f 6832//6832 6827//6827 6210//6210
f 6205//6205 6203//6203 6825//6825
f 6203//6203 6201//6201 6825//6825
f 6825//6825 6201//6201 6827//6827
f 6201//6201 6211//6211 6827//6827
f 6827//6827 6211//6211 6210//6210
f 6206//6206 6205//6205 6820//6820
f 6205//6205 6825//6825 6820//6820
f 6820//6820 6825//6825 6818//6818
f 6825//6825 6824//6824 6818//6818
f 6206//6206 6820//6820 6194//6194
f 6820//6820 6822//6822 6194//6194
f 6194//6194 6822//6822 6196//6196
f 6817//6817 6816//6816 6822//6822
f 6816//6816 6198//6198 6822//6822
f 6822//6822 6198//6198 6196//6196
f 6184//6184 6191//6191 6814//6814
f 6191//6191 6189//6189 6814//6814
f 6814//6814 6189//6189 6816//6816
f 6189//6189 6199//6199 6816//6816
f 6816//6816 6199//6199 6198//6198
f 6185//6185 6184//6184 6809//6809
f 6184//6184 6814//6814 6809//6809
f 6809//6809 6814//6814 6807//6807
f 6814//6814 6813//6813 6807//6807
f 6185//6185 6809//6809 6187//6187
f 6809//6809 6811//6811 6187//6187
f 6187//6187 6811//6811 6180//6180
f 6778//6778 6780//6780 6811//6811
f 6780//6780 6182//6182 6811//6811
f 6811//6811 6182//6182 6180//6180
f 6177//6177 6175//6175 6804//6804
f 6175//6175 6173//6173 6804//6804
f 6804//6804 6173//6173 6780//6780
f 6173//6173 6183//6183 6780//6780
f 6780//6780 6183//6183 6182//6182
f 6799//6799 6801//6801 6804//6804
f 6801//6801 6178//6178 6804//6804
f 6804//6804 6178//6178 6177//6177
f 6161//6161 6171//6171 6782//6782
f 6171//6171 6170//6170 6782//6782
f 6782//6782 6170//6170 6801//6801
f 6170//6170 6168//6168 6801//6801
f 6801//6801 6168//6168 6178//6178
f 6831//6831 2101//2101 2102//2102
f 6796//6796 6798//6798 2090//2090
f 6727//6727 6733//6733 2107//2107
f 2149//2149 6824//6824 6826//6826
f 2145//2145 2143//2143 6815//6815
f 2143//2143 6813//6813 6815//6815
f 6788//6788 2072//2072 6789//6789
f 2072//2072 2135//2135 6789//6789
f 6770//6770 6768//6768 2131//2131
f 6768//6768 6795//6795 2131//2131
f 2131//2131 6795//6795 2133//2133
f 6795//6795 6794//6794 2133//2133
f 2133//2133 6794//6794 6793//6793
f 6778//6778 6812//6812 2139//2139
f 6812//6812 6810//6810 2139//2139
f 2139//2139 6810//6810 2141//2141
f 6810//6810 6808//6808 2141//2141
f 2141//2141 6808//6808 2143//2143
f 6808//6808 6807//6807 2143//2143
f 2143//2143 6807//6807 6813//6813
f 6733//6733 6732//6732 2107//2107
f 6732//6732 6730//6730 2107//2107
f 2107//2107 6730//6730 2109//2109
f 6722//6722 6721//6721 2099//2099
f 6721//6721 6725//6725 2099//2099
f 2099//2099 6725//6725 2105//2105
f 6725//6725 6724//6724 2105//2105
f 2105//2105 6724//6724 2107//2107
f 6724//6724 6728//6728 2107//2107
f 2107//2107 6728//6728 6727//6727
f 6831//6831 6719//6719 2101//2101
f 6719//6719 6718//6718 2101//2101
f 2101//2101 6718//6718 2099//2099
f 6718//6718 6717//6717 2099//2099
f 2099//2099 6717//6717 6722//6722
f 6824//6824 2149//2149 6818//6818
f 2149//2149 2147//2147 6818//6818
f 6818//6818 2147//2147 6819//6819
f 6799//6799 2137//2137 6800//6800
f 2137//2137 2054//2054 6800//6800
f 6788//6788 6787//6787 2072//2072
f 6787//6787 6783//6783 2072//2072
f 2072//2072 6783//6783 2074//2074
f 6783//6783 6786//6786 2074//2074
f 2074//2074 6786//6786 2090//2090
f 6786//6786 6785//6785 2090//2090
f 2090//2090 6785//6785 6796//6796
f 6793//6793 6792//6792 2133//2133
f 6792//6792 6791//6791 2133//2133
f 2133//2133 6791//6791 2135//2135
f 6791//6791 6790//6790 2135//2135
f 2135//2135 6790//6790 6789//6789
f 2129//2129 6772//6772 2131//2131
f 6772//6772 6771//6771 2131//2131
f 2131//2131 6771//6771 6770//6770
f 6776//6776 6775//6775 2127//2127
f 6775//6775 6774//6774 2127//2127
f 2127//2127 6774//6774 2129//2129
f 6774//6774 6773//6773 2129//2129
f 2129//2129 6773//6773 6772//6772
f 6776//6776 2127//2127 6767//6767
f 2127//2127 2125//2125 6767//6767
f 6767//6767 2125//2125 6766//6766
f 6761//6761 2123//2123 6762//6762
f 2123//2123 2121//2121 6762//6762
f 6762//6762 2121//2121 6756//6756
f 2121//2121 2119//2119 6756//6756
f 6756//6756 2119//2119 6757//6757
f 2119//2119 6753//6753 6757//6757
f 2115//2115 6748//6748 2117//2117
f 6748//6748 6747//6747 2117//2117
f 6730//6730 6729//6729 2109//2109
f 6729//6729 6735//6735 2109//2109
f 2109//2109 6735//6735 2111//2111
f 6735//6735 6739//6739 2111//2111
f 2111//2111 6739//6739 6738//6738
f 6826//6826 6830//6830 2149//2149
f 6830//6830 6829//6829 2149//2149
f 2149//2149 6829//6829 2102//2102
f 6829//6829 6828//6828 2102//2102
f 2102//2102 6828//6828 6831//6831
f 6815//6815 6817//6817 2145//2145
f 6817//6817 6823//6823 2145//2145
f 2145//2145 6823//6823 2147//2147
f 6823//6823 6821//6821 2147//2147
f 2147//2147 6821//6821 6819//6819
f 6798//6798 6797//6797 2090//2090
f 6797//6797 6803//6803 2090//2090
f 2090//2090 6803//6803 2054//2054
f 6803//6803 6802//6802 2054//2054
f 2054//2054 6802//6802 6800//6800
f 6761//6761 6759//6759 2123//2123
f 6759//6759 6758//6758 2123//2123
f 2123//2123 6758//6758 2125//2125
f 6758//6758 6764//6764 2125//2125
f 2125//2125 6764//6764 6766//6766
f 6747//6747 6751//6751 2117//2117
f 6751//6751 6750//6750 2117//2117
f 2117//2117 6750//6750 2119//2119
f 6750//6750 6754//6754 2119//2119
f 2119//2119 6754//6754 6753//6753
f 6738//6738 6742//6742 2111//2111
f 6742//6742 6741//6741 2111//2111
f 2111//2111 6741//6741 2113//2113
f 6741//6741 6745//6745 2113//2113
f 2113//2113 6745//6745 2115//2115
f 6745//6745 6744//6744 2115//2115
f 2115//2115 6744//6744 6748//6748
f 6799//6799 6805//6805 2137//2137
f 6805//6805 6806//6806 2137//2137
f 2137//2137 6806//6806 2139//2139
f 6806//6806 6779//6779 2139//2139
f 2139//2139 6779//6779 6778//6778
f 2142//2142 2144//2144 6833//6833
f 2144//2144 2146//2146 6833//6833
f 6833//6833 2146//2146 2148//2148
f 2047//2047 2138//2138 6833//6833
f 2138//2138 2140//2140 6833//6833
f 6833//6833 2140//2140 2142//2142
f 2081//2081 2061//2061 6833//6833
f 2061//2061 2065//2065 6833//6833
f 6833//6833 2065//2065 2047//2047
f 2132//2132 2134//2134 6833//6833
f 2134//2134 2136//2136 6833//6833
f 6833//6833 2136//2136 2081//2081
f 2126//2126 2128//2128 6833//6833
f 2128//2128 2130//2130 6833//6833
f 6833//6833 2130//2130 2132//2132
f 2120//2120 2122//2122 6833//6833
f 2122//2122 2124//2124 6833//6833
f 6833//6833 2124//2124 2126//2126
f 2114//2114 2116//2116 6833//6833
f 2116//2116 2118//2118 6833//6833
f 6833//6833 2118//2118 2120//2120
f 2108//2108 2110//2110 6833//6833
f 2110//2110 2112//2112 6833//6833
f 6833//6833 2112//2112 2114//2114
f 2104//2104 2100//2100 6833//6833
f 2100//2100 2106//2106 6833//6833
f 6833//6833 2106//2106 2108//2108
f 2148//2148 2150//2150 6833//6833
f 2150//2150 2103//2103 6833//6833
f 6833//6833 2103//2103 2104//2104
f 2208//2208 2232//2232 2231//2231
f 2231//2231 2230//2230 2208//2208
f 2230//2230 2229//2229 2208//2208
f 2208//2208 2229//2229 2241//2241
f 2239//2239 2240//2240 2238//2238
f 2240//2240 2208//2208 2238//2238
f 2238//2238 2208//2208 2242//2242
f 2208//2208 2241//2241 2242//2242
f 2201//2201 2205//2205 2240//2240
f 2205//2205 2209//2209 2240//2240
f 2240//2240 2209//2209 2208//2208
f 2204//2204 2203//2203 2240//2240
f 2203//2203 2202//2202 2240//2240
f 2240//2240 2202//2202 2201//2201
f 2208//2208 2207//2207 6834//6834
f 2207//2207 2206//2206 6834//6834
f 2236//2236 2235//2235 6834//6834
f 2235//2235 2234//2234 6834//6834
f 6834//6834 2234//2234 2208//2208
f 2234//2234 2233//2233 2208//2208
f 2208//2208 2233//2233 2232//2232
f 2222//2222 2223//2223 6835//6835
f 2223//2223 2224//2224 6835//6835
f 6835//6835 2224//2224 2225//2225
f 6835//6835 2218//2218 2219//2219
f 2219//2219 2220//2220 6835//6835
f 2220//2220 2221//2221 6835//6835
f 6835//6835 2221//2221 2222//2222
f 2225//2225 2226//2226 6835//6835
f 2226//2226 2227//2227 6835//6835
f 6835//6835 2227//2227 2228//2228
f 2211//2211 2210//2210 6835//6835
f 2210//2210 2213//2213 6835//6835
f 2213//2213 2200//2200 6835//6835
f 2200//2200 2216//2216 6835//6835
f 6835//6835 2216//2216 2215//2215
f 2215//2215 2214//2214 6835//6835
f 2214//2214 2217//2217 6835//6835
f 6835//6835 2217//2217 2218//2218
f 2206//2206 2212//2212 6834//6834
f 2212//2212 2211//2211 6834//6834
f 6834//6834 2211//2211 2236//2236
f 2211//2211 6835//6835 2236//2236
f 2236//2236 6835//6835 2237//2237
f 6835//6835 2228//2228 2237//2237
f 1779//1779 1777//1777 1727//1727
f 1777//1777 1775//1775 1727//1727
f 1775//1775 1773//1773 1727//1727
f 1773//1773 1808//1808 1727//1727
f 1727//1727 1808//1808 1809//1809
f 1738//1738 1743//1743 1781//1781
f 1779//1779 1727//1727 1781//1781
f 1727//1727 1726//1726 1781//1781
f 1781//1781 1726//1726 1728//1728
f 1728//1728 1730//1730 1781//1781
f 1730//1730 1735//1735 1781//1781
f 1781//1781 1735//1735 1738//1738
f 1742//1742 1741//1741 6836//6836
f 1741//1741 1753//1753 6836//6836
f 1753//1753 1751//1751 6836//6836
f 6836//6836 1751//1751 1749//1749
f 1797//1797 1795//1795 6837//6837
f 1797//1797 6837//6837 1799//1799
f 1771//1771 1803//1803 6837//6837
f 1803//1803 1801//1801 6837//6837
f 6837//6837 1801//1801 1799//1799
f 1795//1795 1793//1793 6837//6837
f 1793//1793 1791//1791 6837//6837
f 6837//6837 1791//1791 1789//1789
f 1749//1749 1747//1747 6837//6837
f 1747//1747 1745//1745 6837//6837
f 1745//1745 1758//1758 6837//6837
f 1758//1758 1757//1757 6837//6837
f 6837//6837 1757//1757 1756//1756
f 1756//1756 1761//1761 6837//6837
f 1761//1761 1763//1763 6837//6837
f 6837//6837 1763//1763 1765//1765
f 1765//1765 1767//1767 6837//6837
f 1767//1767 1769//1769 6837//6837
f 6837//6837 1769//1769 1771//1771
f 1743//1743 1742//1742 1781//1781
f 1742//1742 6836//6836 1781//1781
f 1781//1781 6836//6836 1783//1783
f 6836//6836 1749//1749 1783//1783
f 1783//1783 1749//1749 1785//1785
f 1749//1749 6837//6837 1785//1785
f 1785//1785 6837//6837 1787//1787
f 6837//6837 1789//1789 1787//1787
f 136//136 6838//6838 194//194
f 6838//6838 6839//6839 194//194
f 194//194 6839//6839 6840//6840
f 131//131 130//130 175//175
f 6841//6841 6842//6842 6843//6843
f 6842//6842 6844//6844 6843//6843
f 6845//6845 6846//6846 175//175
f 6847//6847 6848//6848 6849//6849
f 6845//6845 175//175 6850//6850
f 6850//6850 175//175 6843//6843
f 175//175 178//178 6843//6843
f 6843//6843 178//178 180//180
f 187//187 186//186 6843//6843
f 186//186 184//184 6843//6843
f 6843//6843 184//184 183//183
f 6851//6851 6852//6852 6848//6848
f 183//183 121//121 6843//6843
f 121//121 6853//6853 6843//6843
f 6843//6843 6853//6853 6841//6841
f 6851//6851 6848//6848 6854//6854
f 6855//6855 6856//6856 6857//6857
f 6858//6858 6859//6859 6844//6844
f 151//151 152//152 176//176
f 152//152 158//158 176//176
f 158//158 157//157 176//176
f 176//176 157//157 156//156
f 174//174 170//170 169//169
f 180//180 182//182 6843//6843
f 182//182 188//188 6843//6843
f 6843//6843 188//188 187//187
f 6852//6852 6860//6860 6848//6848
f 6860//6860 6861//6861 6848//6848
f 6848//6848 6861//6861 6849//6849
f 6855//6855 6857//6857 6862//6862
f 6854//6854 6848//6848 6844//6844
f 6848//6848 6863//6863 6844//6844
f 6844//6844 6863//6863 6858//6858
f 6864//6864 6865//6865 6844//6844
f 6865//6865 6866//6866 6844//6844
f 6844//6844 6866//6866 6843//6843
f 175//175 6867//6867 6868//6868
f 141//141 142//142 175//175
f 142//142 144//144 175//175
f 175//175 144//144 148//148
f 175//175 130//130 176//176
f 130//130 149//149 176//176
f 176//176 149//149 151//151
f 156//156 155//155 176//176
f 155//155 163//163 176//176
f 176//176 163//163 162//162
f 174//174 128//128 170//170
f 128//128 127//127 170//170
f 170//170 127//127 176//176
f 6859//6859 6869//6869 6844//6844
f 6869//6869 6870//6870 6844//6844
f 6844//6844 6870//6870 6871//6871
f 6846//6846 6872//6872 175//175
f 6872//6872 6873//6873 175//175
f 175//175 6873//6873 6867//6867
f 6868//6868 6840//6840 175//175
f 6840//6840 6839//6839 175//175
f 175//175 6839//6839 6838//6838
f 162//162 160//160 176//176
f 160//160 159//159 176//176
f 176//176 159//159 170//170
f 6847//6847 6849//6849 6857//6857
f 6849//6849 6874//6874 6857//6857
f 6857//6857 6874//6874 6862//6862
f 6871//6871 6875//6875 6844//6844
f 6875//6875 6876//6876 6844//6844
f 6844//6844 6876//6876 6877//6877
f 6877//6877 6878//6878 6844//6844
f 6878//6878 6879//6879 6844//6844
f 6844//6844 6879//6879 6864//6864
f 148//148 147//147 175//175
f 147//147 146//146 175//175
f 175//175 146//146 131//131
f 169//169 167//167 174//174
f 167//167 165//165 174//174
f 174//174 165//165 173//173
f 165//165 164//164 173//173
f 6880//6880 6881//6881 6882//6882
f 6881//6881 6883//6883 6882//6882
f 6883//6883 6884//6884 6882//6882
f 6882//6882 6884//6884 6885//6885
f 6886//6886 6887//6887 6856//6856
f 6887//6887 6888//6888 6856//6856
f 6838//6838 136//136 175//175
f 136//136 134//134 175//175
f 175//175 134//134 133//133
f 133//133 137//137 175//175
f 137//137 139//139 175//175
f 175//175 139//139 141//141
f 6880//6880 6882//6882 6856//6856
f 6882//6882 6889//6889 6856//6856
f 6856//6856 6889//6889 6886//6886
f 6888//6888 6890//6890 6856//6856
f 6890//6890 6891//6891 6856//6856
f 6856//6856 6891//6891 6857//6857
f 121//121 122//122 6853//6853
f 122//122 123//123 6853//6853
f 6853//6853 123//123 6841//6841
f 123//123 125//125 6841//6841
f 6841//6841 125//125 6842//6842
f 125//125 6844//6844 6842//6842
f 125//125 31//31 6844//6844
f 31//31 2//2 6844//6844
f 6844//6844 2//2 1//1
f 6852//6852 6851//6851 1//1
f 6851//6851 6854//6854 1//1
f 1//1 6854//6854 6844//6844
f 1//1 32//32 6852//6852
f 32//32 34//34 6852//6852
f 6852//6852 34//34 6860//6860
f 6860//6860 34//34 6861//6861
f 34//34 36//36 6861//6861
f 6861//6861 36//36 6849//6849
f 6849//6849 36//36 6874//6874
f 36//36 38//38 6874//6874
f 6874//6874 38//38 6862//6862
f 6862//6862 38//38 6855//6855
f 38//38 39//39 6855//6855
f 6855//6855 39//39 6856//6856
f 6856//6856 39//39 6880//6880
f 39//39 41//41 6880//6880
f 6880//6880 41//41 6881//6881
f 41//41 42//42 6881//6881
f 6881//6881 42//42 6883//6883
f 6883//6883 42//42 6884//6884
f 42//42 44//44 6884//6884
f 6884//6884 44//44 6885//6885
f 44//44 45//45 6885//6885
f 6885//6885 45//45 6882//6882
f 6882//6882 45//45 6889//6889
f 45//45 47//47 6889//6889
f 6889//6889 47//47 6886//6886
f 6886//6886 47//47 6887//6887
f 47//47 48//48 6887//6887
f 6887//6887 48//48 6888//6888
f 48//48 50//50 6888//6888
f 6888//6888 50//50 6890//6890
f 50//50 51//51 6890//6890
f 6890//6890 51//51 6891//6891
f 6891//6891 51//51 6857//6857
f 51//51 53//53 6857//6857
f 6857//6857 53//53 6847//6847
f 53//53 55//55 6847//6847
f 6847//6847 55//55 6848//6848
f 6848//6848 55//55 6863//6863
f 55//55 59//59 6863//6863
f 6863//6863 59//59 6858//6858
f 59//59 118//118 6858//6858
f 6858//6858 118//118 6859//6859
f 118//118 117//117 6859//6859
f 6859//6859 117//117 6869//6869
f 6869//6869 117//117 6870//6870
f 117//117 116//116 6870//6870
f 6870//6870 116//116 6871//6871
f 116//116 114//114 6871//6871
f 6871//6871 114//114 6875//6875
f 6875//6875 114//114 6876//6876
f 114//114 113//113 6876//6876
f 6876//6876 113//113 6877//6877
f 113//113 111//111 6877//6877
f 6877//6877 111//111 6878//6878
f 111//111 109//109 6878//6878
f 109//109 108//108 6878//6878
f 6878//6878 108//108 6879//6879
f 108//108 106//106 6879//6879
f 6879//6879 106//106 6864//6864
f 6864//6864 106//106 6865//6865
f 106//106 105//105 6865//6865
f 6865//6865 105//105 6866//6866
f 105//105 103//103 6866//6866
f 6866//6866 103//103 6843//6843
f 6843//6843 103//103 6850//6850
f 103//103 102//102 6850//6850
f 6850//6850 102//102 6845//6845
f 102//102 100//100 6845//6845
f 6845//6845 100//100 6846//6846
f 6892//6892 6867//6867 6873//6873
f 6846//6846 100//100 6872//6872
f 100//100 99//99 6872//6872
f 6872//6872 99//99 6873//6873
f 99//99 97//97 6873//6873
f 6873//6873 97//97 6892//6892
f 6867//6867 6892//6892 6893//6893
f 6867//6867 6893//6893 6868//6868
f 6893//6893 6894//6894 6868//6868
f 6868//6868 6894//6894 6840//6840
f 6894//6894 192//192 6840//6840
f 6840//6840 192//192 194//194
f 190//190 192//192 1722//1722
f 192//192 6894//6894 1722//1722
f 1722//1722 6894//6894 1723//1723
f 6894//6894 6893//6893 1723//1723
f 1723//1723 6893//6893 1724//1724
f 97//97 96//96 6892//6892
f 96//96 95//95 6892//6892
f 6892//6892 95//95 6893//6893
f 95//95 1725//1725 6893//6893
f 6893//6893 1725//1725 1724//1724

