# https://github.com/mikedh/trimesh

o link6.stl
v 0.01315553 -0.01631059 0.05839881
v 0.01328689 -0.01620142 0.05841537
v 0.01326218 -0.01619423 0.05856353
v 0.00944331 -0.01874915 0.05793073
v 0.00970819 -0.01861117 0.05796413
v 0.00968509 -0.01860290 0.05811249
v 0.00529937 -0.02033057 0.05740821
v 0.00571061 -0.02021832 0.05746007
v 0.00568931 -0.02020932 0.05760866
v -0.01164418 -0.01727257 0.05527178
v -0.01086287 -0.01779498 0.05537030
v -0.01087669 -0.01778707 0.05551983
v -0.01498619 -0.01434007 0.05485038
v -0.01424256 -0.01510913 0.05494415
v -0.01425486 -0.01510243 0.05509387
v -0.01498873 0.01384339 0.05485006
v -0.01604240 0.01260047 0.05471720
v -0.01605389 0.01259468 0.05486703
v -0.01164685 0.01677679 0.05527144
v -0.01303898 0.01570751 0.05509591
v -0.01305183 0.01570032 0.05524557
v 0.01365459 0.01394293 0.05996032
v 0.01288657 0.01322889 0.06049025
v 0.01538168 0.01020462 0.06080487
v 0.00122203 -0.02001600 0.05839268
v 0.00107962 -0.01902121 0.05900150
v -0.00281975 -0.01886650 0.05850982
v -0.01943412 -0.00360053 0.05578812
v -0.01853710 -0.00343178 0.05652800
v -0.01879204 0.00049311 0.05649585
v -0.01750708 -0.01095989 0.05453252
v -0.01699436 -0.01177374 0.05459717
v -0.01700542 -0.01176855 0.05474705
v -0.01182938 0.01154275 0.05827601
v -0.01100763 0.01202687 0.05844880
v -0.01207494 0.01421928 0.05734282
v -0.00837990 0.01356513 0.05887799
v -0.00758168 0.01402953 0.05897354
v -0.00883006 0.01640426 0.05775197
v -0.00489004 0.01558597 0.05917681
v -0.00449950 0.01581047 0.05919035
v -0.00520538 0.01786149 0.05820902
v 0.00397214 0.01558165 0.06033046
v 0.00479377 0.01509756 0.06050254
v 0.00632232 0.01740411 0.05966256
v 0.00742094 0.01355974 0.06093137
v 0.00821964 0.01309497 0.06102739
v 0.00982213 0.01566420 0.06010386
v 0.01090980 -0.01203319 0.06123377
v 0.01007211 -0.01251601 0.06118931
v 0.01179526 -0.01471319 0.06035265
v 0.00742095 -0.01405375 0.06093135
v 0.00662559 -0.01451779 0.06082010
v 0.00855038 -0.01689817 0.05994350
v 0.00397215 -0.01607567 0.06033042
v 0.00359204 -0.01630011 0.06024410
v 0.00492569 -0.01835540 0.05948646
v -0.01607338 0.00844614 0.05712016
v -0.01592116 0.00878600 0.05712475
v -0.01688083 0.00807573 0.05673684
v -0.01614624 0.00818225 0.05713864
v -0.01576946 0.00901962 0.05715106
v -0.01552056 0.00929601 0.05721607
v -0.01479821 0.01140207 0.05699944
v -0.01519917 0.00953735 0.05732236
v -0.01437480 0.01003132 0.05759929
v -0.01823178 0.00438565 0.05656650
v -0.01625713 0.00424151 0.05766427
v -0.01619021 0.00780567 0.05719318
v -0.01626234 -0.00429161 0.05770074
v -0.01627153 -0.00332971 0.05776569
v -0.01628404 -0.00024678 0.05785345
v -0.01628292 0.00067238 0.05784576
v -0.01626234 0.00379815 0.05770070
v -0.01519917 -0.01003137 0.05732233
v -0.01549655 -0.00981170 0.05722331
v -0.01566137 -0.01069853 0.05689061
v -0.01568335 -0.00962115 0.05717112
v -0.01589757 -0.00932116 0.05712781
v -0.01747812 -0.00721748 0.05666153
v -0.01602339 -0.00907036 0.05711781
v -0.01613911 -0.00870937 0.05713534
v -0.01617938 -0.00846395 0.05716554
v -0.01619020 -0.00829969 0.05719316
v -0.01621372 -0.00731380 0.05735972
v -0.01182937 -0.01203677 0.05827598
v -0.01220802 -0.01181308 0.05818956
v -0.01316625 -0.01372280 0.05720522
v -0.00837989 -0.01405916 0.05887797
v -0.00917410 -0.01359574 0.05876709
v -0.01010182 -0.01615810 0.05759162
v -0.00489003 -0.01608000 0.05917678
v -0.00572719 -0.01559751 0.05913371
v -0.00660200 -0.01789802 0.05803291
v 0.00060046 -0.01808153 0.05938429
v 0.00026857 -0.01823867 0.05928204
v 0.00001430 -0.01830994 0.05922162
v -0.00034976 -0.01834965 0.05915871
v -0.00062519 -0.01833420 0.05912863
v -0.00099582 -0.01825188 0.05911165
v -0.00122950 -0.01816062 0.05911558
v -0.00138407 -0.01808153 0.05912489
v -0.00225274 -0.01758872 0.05917789
v 0.01660114 -0.00856964 0.06095863
v 0.01540562 -0.00829969 0.06132291
v 0.01537830 -0.00867502 0.06126193
v 0.01531364 -0.00893776 0.06122680
v 0.01516614 -0.00927765 0.06119271
v 0.01451852 -0.01189598 0.06069603
v 0.01501477 -0.00950917 0.06117879
v 0.01475757 -0.00978652 0.06117577
v 0.01441468 -0.01003137 0.06119304
v 0.01354586 -0.01052430 0.06124208
v 0.01534116 -0.00473632 0.06177622
v 0.01795210 -0.00487956 0.06112897
v 0.01533615 -0.00429017 0.06181173
v 0.01851236 -0.00098702 0.06119962
v 0.01531614 -0.00116832 0.06195229
v 0.01533577 -0.00425506 0.06181435
v 0.01533615 0.00379664 0.06181170
v 0.01532716 0.00283363 0.06187470
v 0.01825742 0.00293787 0.06116747
v 0.01531510 -0.00024682 0.06195980
v 0.01531557 -0.00086709 0.06195640
v 0.01526622 0.00857401 0.06121211
v 0.01537239 0.00821392 0.06125717
v 0.01719843 0.00672357 0.06103394
v 0.01514163 0.00882649 0.06118951
v 0.01492340 0.00912651 0.06117548
v 0.01540561 0.00780567 0.06132292
v 0.01538279 0.00681866 0.06148265
v 0.01090979 0.01153918 0.06123380
v 0.01130083 0.01131427 0.06124811
v 0.01441468 0.00953735 0.06119306
v 0.01472875 0.00931746 0.06117653
v -0.00138408 0.01758751 0.05912494
v -0.00103440 0.01774501 0.05911153
v -0.00135930 0.01852730 0.05869397
v -0.00076960 0.01781676 0.05911878
v -0.00040082 0.01785570 0.05915205
v 0.00254007 0.01837259 0.05918565
v -0.00012341 0.01783927 0.05919468
v 0.00023670 0.01775562 0.05927376
v 0.00046388 0.01766184 0.05933882
v 0.00060046 0.01758751 0.05938433
v 0.00142549 0.01709306 0.05965839
v -0.01959800 -0.00617277 0.05461446
v -0.01900598 -0.00792619 0.05458343
v -0.01890892 -0.00786500 0.05503222
v -0.01863048 -0.00882297 0.05456707
v -0.02019651 -0.00338534 0.05465277
v -0.02014108 -0.00374558 0.05464891
v -0.02006628 -0.00372763 0.05488629
v -0.02040781 0.00056525 0.05466626
v -0.02042279 -0.00024717 0.05466826
v -0.02034490 0.00056186 0.05485116
v -0.02033435 -0.00221124 0.05466263
v -0.01895463 0.00756277 0.05458001
v -0.01979875 0.00492847 0.05462506
v -0.01973260 0.00481600 0.05492836
v -0.01981863 0.00484734 0.05462629
v -0.02029016 0.00216247 0.05465769
v -0.01750925 0.01046235 0.05453224
v -0.01834924 0.00892891 0.05455570
v -0.01834973 0.00892780 0.05457755
v 0.01970675 0.00572405 0.05965821
v 0.01898891 0.00737110 0.05981081
v 0.01999093 0.00459340 0.05973348
v 0.02014627 0.00323373 0.05995674
v 0.02050572 -0.00105834 0.05987237
v 0.02052034 -0.00024700 0.05987635
v 0.02042489 -0.00105577 0.05999187
v 0.02043250 0.00173959 0.05985245
v 0.02024681 0.00324771 0.05980211
v 0.02039087 -0.00265663 0.05984121
v 0.01981259 -0.00530991 0.05991467
v 0.01993418 -0.00533438 0.05971872
v 0.01833613 -0.00934277 0.05972850
v 0.01906811 -0.00813709 0.05949257
v 0.01990433 -0.00545964 0.05971079
v 0.01749402 -0.01133636 0.05909923
v 0.01849149 -0.00948193 0.05934594
v 0.01852441 -0.00941183 0.05935423
v 0.01606004 -0.01297811 0.05944151
v 0.01626425 -0.01308859 0.05894207
v 0.01715307 -0.01187669 0.05901687
v 0.01611592 -0.01331421 0.05877209
v -0.01831902 -0.00758682 0.05592873
v -0.01870538 -0.00776429 0.05543625
v 0.00527189 -0.01931491 0.05890334
v 0.00545594 -0.01977596 0.05848278
v 0.01819493 0.00709291 0.06053282
v 0.01931003 0.00310663 0.06067342
v 0.01957847 -0.00102623 0.06070727
v 0.01898853 -0.00512503 0.06063288
v 0.01756599 -0.00901063 0.06045352
v 0.01537302 -0.01251322 0.06017700
v 0.01042778 0.01650728 0.05955345
v 0.01073650 0.01691238 0.05914861
v -0.01640601 -0.01125232 0.05616994
v -0.01674611 -0.01151842 0.05568329
v -0.01692341 -0.01166943 0.05528258
v 0.00908864 -0.01778046 0.05938460
v 0.00936497 -0.01820440 0.05897567
v 0.00953749 -0.01844498 0.05861907
v 0.01673217 0.01102451 0.05990462
v 0.01869144 0.00727038 0.06015166
v 0.01983350 0.00318771 0.06029567
v 0.02010844 -0.00104507 0.06033034
v 0.01950423 -0.00524298 0.06025415
v 0.01804730 -0.00922253 0.06007044
v 0.01580130 -0.01280981 0.05978724
v 0.00674252 0.01833938 0.05908877
v 0.00696213 0.01878878 0.05867270
v 0.00710245 0.01904381 0.05831203
v -0.01836096 0.00890496 0.05455611
v -0.01825615 0.00884887 0.05511453
v -0.01806123 0.00872862 0.05551747
v -0.01769008 0.00851672 0.05600803
v -0.01951817 0.00474907 0.05533376
v -0.01911263 0.00463112 0.05582866
v -0.02012238 0.00055116 0.05525758
v -0.01984744 -0.00368162 0.05529224
v -0.01970256 0.00053232 0.05575427
v 0.01250546 -0.01547971 0.05981543
v 0.01286441 -0.01584803 0.05941692
v 0.01308381 -0.01605703 0.05906623
v 0.01427649 0.01448072 0.05921661
v 0.01700339 0.01117552 0.05956046
v 0.00275986 0.01935918 0.05858659
v 0.00288317 0.01983324 0.05815838
v 0.00296885 0.02010225 0.05779082
v 0.00305946 0.02027883 0.05727706
v -0.00921274 0.01728655 0.05707695
v -0.00539599 0.01882100 0.05755821
v -0.00937891 0.01771050 0.05661223
v -0.00546988 0.01928205 0.05710513
v -0.00945751 0.01795107 0.05622396
v -0.00549610 0.01954368 0.05672346
v -0.00947474 0.01810899 0.05569661
v -0.00547896 0.01971542 0.05620044
v -0.01549711 0.01201931 0.05628454
v -0.01581524 0.01231590 0.05580067
v -0.01598006 0.01248420 0.05540153
v -0.00702247 -0.01953771 0.05653100
v -0.00701857 -0.01970511 0.05600631
v -0.00284910 -0.02077274 0.05653204
v 0.01628191 0.01075841 0.06029160
v 0.01404132 0.01428603 0.05956532
v 0.01092739 0.01714226 0.05879432
v 0.01108705 0.01729316 0.05828927
v 0.00722892 0.01921120 0.05780279
v -0.01262955 0.01498580 0.05664612
v -0.01287834 0.01535412 0.05617099
v -0.01300382 0.01556313 0.05577680
v -0.01419651 -0.01497463 0.05562642
v -0.01405526 -0.01477993 0.05602259
v -0.01377868 -0.01443684 0.05650122
v -0.01084740 -0.01763617 0.05604871
v -0.01075043 -0.01740628 0.05643930
v -0.00775699 -0.01941635 0.05576192
v -0.01055188 -0.01700119 0.05690809
v -0.00697606 -0.01928269 0.05691521
v -0.00288887 -0.02059616 0.05705221
v 0.00144948 -0.02094330 0.05707406
v 0.00091566 -0.02098160 0.05685547
v 0.00146887 -0.02095263 0.05692522
v -0.00700300 -0.01971389 0.05585699
v -0.00350471 -0.02067208 0.05629810
v -0.00283166 -0.02078200 0.05638296
v -0.00686662 -0.01883329 0.05737277
v -0.00289711 -0.02032715 0.05742953
v 0.00137273 -0.02076525 0.05758956
v -0.00288396 -0.01985309 0.05787495
v 0.00130815 -0.02049400 0.05795978
v 0.00557609 -0.02003759 0.05811957
v 0.01876827 0.00837561 0.05941577
v 0.01748452 0.01085802 0.05909701
v 0.01703303 0.01143003 0.05924856
v 0.01611599 0.01282022 0.05877210
v 0.01446521 0.01460853 0.05871523
v 0.01449046 0.01461522 0.05856713
v 0.01315526 0.01581691 0.05839878
v 0.01915268 0.00742135 0.05951404
v 0.01111078 0.01730107 0.05814098
v 0.00944257 0.01825562 0.05793064
v 0.00725091 0.01921998 0.05765429
v 0.00529809 0.01983700 0.05740805
v 0.00307956 0.02028809 0.05712832
v 0.00091386 0.02048777 0.05685524
v -0.00122096 0.02045872 0.05658606
v -0.00123913 0.02044939 0.05673505
v -0.00134612 0.01952209 0.05806886
v -0.00132209 0.02000009 0.05762813
v -0.00129275 0.02027134 0.05725347
v -0.00350697 0.02017777 0.05629781
v -0.00546270 0.01972441 0.05605121
v -0.00775955 0.01892137 0.05576160
v -0.00946028 0.01811726 0.05554715
v 0.00230086 0.01587876 0.05961508
v 0.00234274 0.01578643 0.05964593
v 0.00373206 0.01503707 0.05995505
v -0.01289345 0.00958572 0.05775798
v -0.01306340 0.00952760 0.05770335
v -0.01455036 0.00858487 0.05727061
v 0.01423362 0.00176096 0.06156366
v 0.01475523 -0.00024682 0.06153297
v 0.01477188 0.00377258 0.06139180
v 0.00178263 -0.01607086 0.05966263
v 0.00151711 -0.01622705 0.05959200
v 0.00246951 -0.01625939 0.05966192
v -0.01309064 -0.00996142 0.05770533
v -0.01298565 -0.01012459 0.05771315
v -0.01289343 -0.01007976 0.05775796
v -0.01546710 0.00813425 0.05692800
v -0.01551987 0.00784861 0.05695767
v -0.01504101 0.00772740 0.05720689
v -0.01552566 0.00775232 0.05697303
v -0.01509036 0.00574747 0.05747307
v -0.01502313 0.00885309 0.05699658
v -0.01521606 0.00864134 0.05694761
v -0.01536568 0.00839733 0.05692481
v -0.01560042 0.00429403 0.05740454
v -0.01560737 0.00377278 0.05744538
v -0.01512225 0.00375518 0.05765048
v -0.01514052 0.00175352 0.05775341
v -0.01563177 -0.00024678 0.05758933
v -0.01514639 -0.00025199 0.05778681
v -0.01514048 -0.00225442 0.05775321
v -0.01560738 -0.00426624 0.05744542
v -0.01512222 -0.00425142 0.05765031
v -0.01560042 -0.00478779 0.05740457
v -0.01509036 -0.00624149 0.05747307
v -0.01552566 -0.00824634 0.05697301
v -0.01504101 -0.00822142 0.05720687
v -0.01549187 -0.00852773 0.05693563
v -0.01540597 -0.00880257 0.05692306
v -0.01455035 -0.00907889 0.05727059
v -0.01527951 -0.00904439 0.05693552
v -0.01511892 -0.00925276 0.05697021
v -0.01121140 -0.01108223 0.05815692
v -0.01490876 -0.00944034 0.05703155
v -0.01480177 -0.00951183 0.05706705
v -0.01338346 -0.01036824 0.05750690
v -0.01198945 -0.01120059 0.05786346
v -0.01145859 -0.01151564 0.05798300
v -0.00950983 -0.01208643 0.05848205
v -0.00803154 -0.01352896 0.05857322
v -0.00779438 -0.01309012 0.05873802
v -0.00607146 -0.01409010 0.05892688
v -0.00456237 -0.01553439 0.05887692
v -0.00434271 -0.01508505 0.05904642
v -0.00260848 -0.01607382 0.05909185
v -0.00107740 -0.01751084 0.05885368
v -0.00086868 -0.01705347 0.05904919
v 0.00002751 -0.01765759 0.05894598
v 0.00029027 -0.01755680 0.05901596
v 0.00011417 -0.01705366 0.05917718
v 0.00037285 -0.01751152 0.05904262
v 0.00242081 -0.01630213 0.05964601
v 0.00279818 -0.01607997 0.05974033
v -0.00081520 -0.01762778 0.05884662
v -0.00053101 -0.01769363 0.05886019
v -0.00024590 -0.01770267 0.05889417
v 0.00229823 -0.01576799 0.05979331
v 0.00347173 -0.01508054 0.06006138
v 0.00373206 -0.01553109 0.05995502
v 0.00384977 -0.01485923 0.06013985
v 0.00401015 -0.01536784 0.06001410
v 0.00517655 -0.01408256 0.06038641
v 0.00545848 -0.01451955 0.06028921
v 0.00617864 -0.01349802 0.06054439
v 0.00716287 -0.01352478 0.06054519
v 0.00689327 -0.01308123 0.06064297
v 0.00861567 -0.01207964 0.06083256
v 0.01062839 -0.01151359 0.06085165
v 0.01007211 -0.01123459 0.06093953
v 0.01379978 -0.00908185 0.06096211
v 0.01206985 -0.01007945 0.06100078
v 0.01034131 -0.01107873 0.06095373
v 0.01453243 -0.00913909 0.06082903
v 0.01409395 -0.00882296 0.06096084
v 0.01433377 -0.00934946 0.06082596
v 0.01410045 -0.00951431 0.06083575
v 0.01468353 -0.00889493 0.06084546
v 0.01478083 -0.00863148 0.06087388
v 0.01429072 -0.00822418 0.06102620
v 0.01482351 -0.00834774 0.06091428
v 0.01482494 -0.00824901 0.06093039
v 0.01426364 -0.00624009 0.06128801
v 0.01477188 -0.00426612 0.06139183
v 0.01422992 -0.00023785 0.06159680
v 0.01423356 -0.00223924 0.06156418
v 0.01424471 -0.00424221 0.06146292
v 0.01480311 0.00803431 0.06088755
v 0.01429072 0.00773017 0.06102622
v 0.01482494 0.00775499 0.06093041
v 0.01426364 0.00574689 0.06128795
v 0.01424477 0.00375629 0.06146238
v 0.01446223 0.00873014 0.06082617
v 0.01379977 0.00858783 0.06096213
v 0.01462219 0.00851397 0.06083646
v 0.01473956 0.00826907 0.06085853
v 0.01427839 0.00890108 0.06082726
v 0.01410044 0.00902030 0.06083577
v 0.01206762 0.00958701 0.06100145
v 0.01062838 0.01101957 0.06085167
v 0.00716287 0.01303076 0.06054522
v 0.00860292 0.01159315 0.06083168
v 0.01033320 0.01058982 0.06095345
v -0.00071780 0.01716308 0.05884892
v -0.00099150 0.01706159 0.05884919
v -0.00086869 0.01655945 0.05904923
v 0.00037284 0.01701751 0.05904266
v 0.00012463 0.01713344 0.05896942
v 0.00011417 0.01655965 0.05917721
v -0.00015238 0.01719941 0.05890973
v -0.00043861 0.01720861 0.05886908
v 0.00178476 0.01557690 0.05966366
v 0.00347167 0.01458680 0.06006153
v 0.00517131 0.01359216 0.06038571
v 0.00688209 0.01259404 0.06064155
v -0.00107741 0.01701682 0.05885372
v -0.00377636 0.01548951 0.05890343
v -0.00260849 0.01557980 0.05909188
v -0.00434439 0.01459007 0.05904636
v -0.00449860 0.01507692 0.05887960
v -0.00437593 0.01457196 0.05904473
v -0.00456234 0.01504033 0.05887669
v -0.00607674 0.01359303 0.05892640
v -0.00803129 0.01303452 0.05857319
v -0.00780221 0.01259153 0.05873703
v -0.00866420 0.01266510 0.05848642
v -0.00951533 0.01158918 0.05848118
v -0.01121317 0.01058716 0.05815656
v -0.01145838 0.01102130 0.05798288
v -0.01179912 0.01081933 0.05790697
v -0.01281788 0.01021249 0.05765886
v -0.01480178 0.00901781 0.05706707
v 0.01377517 -0.00152152 0.06213471
v 0.01335931 -0.00483226 0.06202170
v 0.01379570 -0.00465469 0.06199026
v 0.00763772 0.01167017 0.06133880
v 0.01010551 0.00978903 0.06161143
v 0.00966559 0.01049603 0.06151097
v 0.00285342 0.01446999 0.06056727
v 0.00195335 0.01410337 0.06058351
v 0.00493749 0.01324509 0.06096830
v -0.01078001 0.01045768 0.05885432
v -0.01452300 0.00823859 0.05789835
v -0.01183557 0.00850154 0.05884485
v -0.00661883 -0.01076681 0.05997209
v -0.00760004 -0.01019434 0.05983588
v -0.00961287 -0.01136051 0.05912511
v -0.01255852 0.00600223 0.05891840
v -0.01343229 0.00580245 0.05864352
v -0.01260063 0.00561269 0.05894246
v -0.01260290 0.00543015 0.05895847
v -0.01248460 0.00626949 0.05891499
v -0.01232096 0.00662493 0.05892958
v -0.01216684 0.00685286 0.05895340
v -0.01190014 0.00713462 0.05900515
v -0.01262771 0.00268611 0.05913366
v -0.01441602 0.00282049 0.05851948
v -0.01262868 0.00252164 0.05914045
v -0.01263659 -0.00024722 0.05919551
v -0.01474075 -0.00030490 0.05847853
v -0.01263659 -0.00029579 0.05919549
v -0.01263581 -0.00111170 0.05919017
v -0.01439130 -0.00342758 0.05852259
v -0.01262833 -0.00307542 0.05913803
v -0.01262771 -0.00318018 0.05913366
v -0.01338401 -0.00640154 0.05864960
v -0.01260063 -0.00610671 0.05894245
v -0.01211182 -0.00741453 0.05896317
v -0.01233411 -0.00709599 0.05892787
v -0.01192103 -0.00761014 0.05900075
v -0.01176598 -0.00908771 0.05885362
v -0.01245385 -0.00684561 0.05891628
v -0.01256401 -0.00646767 0.05891946
v -0.00912542 -0.00930126 0.05958565
v -0.00961096 -0.00901619 0.05949583
v -0.01160943 -0.00783838 0.05907051
v -0.00602526 -0.01111232 0.06004530
v -0.00702535 -0.01311364 0.05945138
v -0.00409560 -0.01223165 0.06023546
v -0.00412441 -0.01426514 0.05981716
v -0.00147311 -0.01374033 0.06037292
v -0.00156104 -0.01369272 0.06037013
v -0.00242756 -0.01319446 0.06033944
v -0.00018701 -0.01392466 0.06050599
v -0.00057072 -0.01396103 0.06044964
v -0.00104570 -0.01476117 0.06020536
v -0.00084581 -0.01394058 0.06041775
v -0.00122663 -0.01384630 0.06038561
v 0.00007435 -0.01385428 0.06055265
v 0.00206682 -0.01457853 0.06059782
v 0.00042383 -0.01369272 0.06062716
v 0.00290782 -0.01222969 0.06114167
v 0.00503880 -0.01367978 0.06098512
v 0.00327673 -0.01201337 0.06120656
v 0.01018458 -0.01019880 0.06162140
v 0.00877869 -0.00881315 0.06185315
v 0.00773806 -0.01210592 0.06134944
v 0.00793745 -0.00929930 0.06179292
v 0.01119870 -0.00711574 0.06197585
v 0.01104484 -0.00734279 0.06195958
v 0.01206148 -0.00768953 0.06185806
v 0.01077451 -0.00762494 0.06194132
v 0.01047179 -0.00783838 0.06192979
v 0.01146290 -0.00610671 0.06205841
v 0.01142924 -0.00649478 0.06202508
v 0.01135944 -0.00676118 0.06200325
v 0.01143604 -0.00318102 0.06224676
v 0.01143975 -0.00374536 0.06222073
v 0.01377633 0.00137965 0.06212658
v 0.01142746 -0.00024782 0.06230782
v 0.01142872 -0.00138264 0.06229873
v 0.01200220 0.00729493 0.06185059
v 0.01132905 0.00635051 0.06199664
v 0.01332260 0.00444817 0.06201708
v 0.01143391 0.00597392 0.06202735
v 0.01146176 0.00570813 0.06205007
v 0.01146290 0.00561269 0.06205842
v 0.01145159 0.00461588 0.06213778
v 0.01377779 0.00173729 0.06211627
v 0.01143603 0.00268569 0.06224682
v 0.01142934 0.00113976 0.06229426
v 0.01079139 0.00711614 0.06194222
v 0.01098616 0.00692026 0.06195473
v 0.01120939 0.00660304 0.06197725
v 0.01047179 0.00734437 0.06192980
v 0.00843019 0.00852038 0.06182995
v -0.00120344 0.01336048 0.06038715
v -0.00093659 0.01343113 0.06040883
v -0.00116052 0.01426099 0.06019088
v -0.00054976 0.01346699 0.06045238
v -0.00027589 0.01344595 0.06049170
v 0.00009800 0.01335209 0.06055722
v 0.00034396 0.01324339 0.06060877
v 0.00042383 0.01319871 0.06062718
v 0.00126909 0.01269957 0.06081808
v -0.00423520 0.01374023 0.05980319
v -0.00409561 0.01173763 0.06023547
v -0.00156105 0.01319871 0.06037015
v -0.00970050 0.01079157 0.05911406
v -0.00735282 0.00984471 0.05987201
v -0.00712694 0.01256545 0.05943856
v -0.00661884 0.01027279 0.05997211
v -0.00446884 0.01152159 0.06020444
v -0.01160943 0.00734437 0.05907052
v -0.00912542 0.00880724 0.05958566
v -0.00845335 0.00920120 0.05970179
v -0.00070683 -0.01678277 0.05969329
v -0.00051802 -0.01684592 0.05969808
v -0.00035766 -0.01683987 0.05972085
v -0.00021065 -0.01678277 0.05975786
v 0.00285343 -0.01496401 0.06056724
v -0.00387251 -0.01497169 0.05969333
v -0.00668174 -0.01334736 0.05948213
v -0.01078002 -0.01095170 0.05885429
v -0.01452300 -0.00873261 0.05789833
v -0.01464441 -0.00863026 0.05786444
v -0.01482897 0.00416581 0.05827565
v -0.01485035 0.00090679 0.05842603
v -0.01483665 -0.00385939 0.05832965
v -0.01477078 -0.00829969 0.05786617
v -0.01472963 -0.00849252 0.05785153
v -0.01466621 0.00810915 0.05785980
v -0.01474230 0.00796531 0.05785174
v -0.01477078 0.00780567 0.05786618
v -0.00668172 0.01285336 0.05948216
v -0.00387252 0.01447767 0.05969336
v -0.00070683 0.01628876 0.05969333
v -0.00021066 0.01628876 0.05975789
v -0.00039267 0.01635174 0.05971448
v -0.00055438 0.01634595 0.05969525
v 0.00161952 0.01249303 0.06089228
v 0.00290781 0.01173568 0.06114168
v 0.00399057 0.01110144 0.06132422
v 0.00553778 0.01289383 0.06106472
v 0.00541471 0.01027015 0.06152847
v 0.00715676 0.01194973 0.06128460
v 0.00629123 0.00976004 0.06163444
v 0.00639856 0.00969766 0.06164639
v 0.00793745 0.00880528 0.06179294
v 0.01360472 0.00823859 0.06155849
v 0.01373096 0.00813641 0.06155736
v 0.01378770 0.00329903 0.06204657
v 0.01385247 0.00780567 0.06159081
v 0.01381675 0.00799868 0.06156674
v 0.01385247 -0.00829969 0.06159079
v 0.01382919 -0.00845868 0.06157017
v 0.00966561 -0.01099004 0.06151095
v 0.01360472 -0.00873261 0.06155847
v 0.01375430 -0.00860199 0.06155854
v 0.00504268 -0.01367751 0.06098577
v 0.00553781 -0.01338783 0.06106470
v 0.00541471 -0.01076416 0.06152846
v 0.00615013 -0.01033609 0.06161838
v 0.00819247 -0.00080781 0.06184565
v 0.00819337 -0.00142413 0.06183881
v 0.01091180 -0.00024782 0.06182652
v -0.00016579 0.00392327 0.06115077
v -0.00017712 0.00169716 0.06123069
v 0.00073030 0.00687821 0.06105119
v -0.00277368 -0.00210614 0.06087260
v -0.00463529 -0.00256715 0.06055149
v -0.00277202 -0.00256734 0.06086113
v -0.00649298 0.00042958 0.06022830
v -0.00277626 0.00043269 0.06089038
v -0.00648794 0.00219770 0.06019457
v -0.00277366 0.00162890 0.06087247
v -0.00649228 -0.00133898 0.06022361
v -0.00648843 -0.00256683 0.06019789
v -0.00277561 -0.00133700 0.06088597
v -0.00277637 -0.00080654 0.06089115
v -0.00277664 -0.00025698 0.06089304
v -0.00277642 0.00027429 0.06089149
v -0.00877301 0.00831787 0.05921971
v -0.01124047 0.00686157 0.05871279
v -0.00842456 0.00392115 0.05969684
v -0.01147170 0.00669239 0.05866153
v -0.01166636 0.00648064 0.05862465
v -0.01182344 0.00622333 0.05860280
v -0.01192168 0.00596204 0.05859832
v -0.01197208 0.00566416 0.05861097
v -0.01197570 0.00557675 0.05861788
v -0.00906001 0.00392073 0.05954401
v -0.00647744 0.00392213 0.06012427
v -0.00611612 0.00409682 0.06018791
v -0.00711748 0.00392185 0.05999020
v -0.00777180 0.00392152 0.05984673
v -0.01198120 0.00516394 0.05865236
v -0.01200524 0.00266873 0.05880342
v -0.00907184 0.00212828 0.05962050
v -0.01201464 -0.00024722 0.05886292
v -0.00907718 0.00028954 0.05965507
v -0.01200524 -0.00316281 0.05880343
v -0.00907573 -0.00155121 0.05964570
v -0.01197570 -0.00607077 0.05861787
v -0.00893758 -0.00404001 0.05959418
v -0.00906750 -0.00339341 0.05959252
v -0.01194450 -0.00636055 0.05860045
v -0.01186009 -0.00663566 0.05859967
v -0.01171739 -0.00690275 0.05861647
v -0.00377331 -0.00508447 0.06059104
v -0.00559243 -0.00508389 0.06026255
v -0.00501252 -0.00576501 0.06032707
v -0.00740445 -0.00508298 0.05988882
v -0.00877323 -0.00881205 0.05922031
v -0.00803836 -0.00495382 0.05975471
v -0.01124046 -0.00735559 0.05871278
v -0.00857597 -0.00458788 0.05965122
v -0.01131433 -0.00730883 0.05869576
v -0.01154316 -0.00711810 0.05864712
v 0.00093615 -0.00509556 0.06124191
v 0.00050545 -0.00509559 0.06119365
v 0.00078664 -0.00736281 0.06105829
v 0.00116291 -0.00509554 0.06126648
v 0.00227658 -0.00693940 0.06124616
v 0.00183729 -0.00509545 0.06133556
v -0.00017458 -0.00286443 0.06121283
v 0.00049497 -0.00355467 0.06126797
v 0.00049159 -0.00286950 0.06129192
v -0.00017951 -0.00117219 0.06124755
v 0.00048659 0.00063516 0.06132736
v -0.00018021 -0.00014568 0.06125247
v 0.00048616 0.00024696 0.06133043
v -0.00018021 -0.00021401 0.06125252
v 0.00048598 -0.00009474 0.06133169
v -0.00018021 -0.00027553 0.06125252
v 0.00048598 -0.00037039 0.06133172
v -0.00018021 -0.00029984 0.06125251
v 0.00048605 -0.00056697 0.06133121
v -0.00018021 -0.00033942 0.06125247
v 0.00048606 -0.00058682 0.06133114
v -0.00018019 -0.00042214 0.06125234
v 0.00048637 -0.00095133 0.06132894
v -0.00018015 -0.00051478 0.06125211
v 0.00048723 -0.00149167 0.06132287
v -0.00018012 -0.00058507 0.06125186
v 0.00048880 -0.00211155 0.06131171
v 0.00049109 -0.00275029 0.06129548
v -0.00018016 0.00001679 0.06125213
v -0.00018017 -0.00001458 0.06125222
v -0.00018019 -0.00007414 0.06125236
v 0.00048732 0.00104492 0.06132221
v 0.00048830 0.00144732 0.06131525
v -0.00018002 0.00023823 0.06125118
v 0.00048904 0.00169623 0.06130999
v -0.00017978 0.00048555 0.06124945
v -0.00080792 0.00392327 0.06106944
v -0.00081579 0.00695647 0.06085624
v -0.00146522 0.00392325 0.06098085
v -0.00234242 0.00669791 0.06066374
v -0.00159175 0.00392340 0.06096307
v -0.00212178 0.00392319 0.06088703
v -0.00377821 0.00611461 0.06048270
v -0.00276176 0.00392311 0.06079033
v -0.00505603 0.00523385 0.06032158
v -0.00277155 0.00220079 0.06085791
v 0.00315446 -0.00202636 0.06157702
v 0.00315557 -0.00241097 0.06156794
v 0.00574914 -0.00394231 0.06168402
v 0.00315885 -0.00331366 0.06153991
v 0.00819485 -0.00202552 0.06182734
v 0.00682682 -0.00202584 0.06179422
v 0.00639354 -0.00252363 0.06176527
v 0.00542523 -0.00202609 0.06173253
v 0.00402438 -0.00202628 0.06164447
v 0.01091935 -0.00316439 0.06176743
v 0.00542351 0.00040993 0.06174911
v 0.00682505 0.00040984 0.06181120
v 0.00671412 0.00056179 0.06180570
v 0.00819257 0.00040973 0.06184484
v 0.01091325 0.00104262 0.06181517
v 0.00819221 -0.00019153 0.06184764
v 0.00315226 0.00044291 0.06159297
v 0.00315224 0.00041003 0.06159313
v 0.00402244 0.00041000 0.06166074
v 0.00315311 0.00098516 0.06158684
v 0.00315454 0.00156104 0.06157641
v 0.00315444 0.00152735 0.06157722
v 0.00407224 0.00156095 0.06164731
v 0.00552102 0.00156076 0.06173706
v 0.00697045 0.00156050 0.06179841
v 0.00838533 0.00156016 0.06182908
v 0.00838718 0.00209151 0.06181495
v 0.01091934 0.00266906 0.06176750
v 0.00838954 0.00262942 0.06179667
v 0.00709770 0.00392147 0.06171263
v 0.00737145 0.00389210 0.06172157
v 0.01068952 0.00641653 0.06151655
v 0.00762645 0.00380896 0.06173180
v 0.00785809 0.00367529 0.06174316
v 0.01083097 0.00615677 0.06153598
v 0.00805568 0.00349879 0.06175514
v 0.01091764 0.00586799 0.06155908
v 0.01094266 0.00557833 0.06158353
v 0.00821330 0.00328464 0.06176743
v 0.00832319 0.00304294 0.06177946
v 0.00838087 0.00278420 0.06179072
v 0.00648794 0.00392178 0.06169249
v 0.01052561 0.00661660 0.06150274
v 0.01029457 0.00680806 0.06149108
v 0.01020770 0.00686207 0.06148824
v 0.00769064 0.00831655 0.06134887
v 0.00543555 0.00392223 0.06164540
v 0.00477797 0.00473607 0.06156156
v 0.00377519 0.00392276 0.06154054
v 0.00359413 0.00574144 0.06141229
v 0.00211687 0.00392309 0.06139995
v 0.00222355 0.00646679 0.06123947
v 0.00050033 0.00392325 0.06122994
v 0.00251221 -0.00509532 0.06139905
v 0.00364139 -0.00620305 0.06141825
v 0.00317121 -0.00509517 0.06145548
v 0.00481723 -0.00518821 0.06156651
v 0.00316472 -0.00421571 0.06150211
v -0.00098736 -0.01329521 0.06001676
v -0.00070436 -0.01336113 0.06004167
v -0.00075878 -0.00745350 0.06086342
v -0.00040475 -0.01336980 0.06007891
v -0.00013271 -0.01332383 0.06012229
v 0.00014318 -0.01321693 0.06017695
v 0.00021896 -0.01317522 0.06019413
v -0.00125319 -0.01317487 0.06000368
v -0.00228741 -0.00720721 0.06067068
v -0.00377295 -0.01172546 0.05986592
v -0.00372777 -0.00663547 0.06048906
v -0.00628155 -0.01026978 0.05960240
v -0.00194790 -0.00508478 0.06087638
v -0.00016073 -0.00508484 0.06111513
v -0.00628143 0.00977557 0.05960227
v -0.00800350 0.00876941 0.05935106
v -0.00829870 0.00859627 0.05930210
v -0.00125319 0.01268085 0.06000370
v -0.00356611 0.01135094 0.05988183
v -0.00356607 0.01135087 0.05988152
v -0.00377285 0.01123140 0.05986530
v -0.00579194 0.01006074 0.05966311
v 0.00268968 0.01122994 0.06070172
v 0.00021895 0.01268121 0.06019416
v -0.00003978 0.01280112 0.06013943
v -0.00032119 0.01286736 0.06009124
v -0.00061906 0.01287576 0.06005120
v -0.00089451 0.01282945 0.06002377
v -0.00117654 0.01272196 0.06000634
v 0.00518287 0.00977360 0.06108438
v -0.00017969 0.00055600 0.06124883
v 0.01079970 -0.00671935 0.06153072
v 0.01089593 -0.00645786 0.06155126
v 0.01094267 -0.00607234 0.06158352
v 0.01094101 -0.00616161 0.06157586
v 0.00769064 -0.00881057 0.06134886
v 0.01020770 -0.00735609 0.06148823
v 0.01044481 -0.00718703 0.06149784
v 0.01064218 -0.00697614 0.06151187
v 0.00268968 -0.01172395 0.06070170
v 0.00285648 -0.01162623 0.06073086
v 0.00518287 -0.01026762 0.06108436
v -0.11290444 -0.03527043 0.01104835
v -0.11301553 -0.03527042 0.01040576
v -0.11301554 -0.06877065 0.01040576
v -0.04014837 -0.03527066 0.01530369
v -0.04117292 -0.03527066 0.01821912
v -0.04117292 -0.06877065 0.01821912
v -0.05351904 -0.06331679 -0.02566818
v -0.05331551 -0.06332059 -0.02551455
v -0.05331551 -0.06877065 -0.02551455
v -0.11350741 -0.05882617 0.00473851
v -0.11348869 -0.05934497 0.00558950
v -0.11350361 -0.05838660 0.00367195
v -0.11345467 -0.03527021 0.00230872
v -0.11345465 -0.05801049 0.00231067
v -0.11348863 -0.03527023 0.00308530
v -0.11346313 -0.05804682 0.00247379
v -0.11340851 -0.03527033 0.00708963
v -0.11347747 -0.05960782 0.00588955
v -0.11346614 -0.05991874 0.00614261
v -0.11346225 -0.06005817 0.00622163
v -0.11345638 -0.06052065 0.00633496
v -0.11345711 -0.06036042 0.00632139
v -0.11345915 -0.06020526 0.00628233
v -0.11345710 -0.06068034 0.00632148
v -0.11345851 -0.06079692 0.00629459
v -0.11346184 -0.06096584 0.00622997
v -0.11346614 -0.06112257 0.00614261
v -0.11347748 -0.06143356 0.00588948
v -0.11348869 -0.06169635 0.00558950
v -0.11350741 -0.06221515 0.00473851
v -0.11350361 -0.06265471 0.00367195
v -0.11345455 -0.06877065 0.00230873
v -0.11346239 -0.06299790 0.00245888
v -0.11345530 -0.06302825 0.00232256
v -0.11226347 -0.06082339 -0.00524765
v -0.11225659 -0.06052062 -0.00527365
v -0.11214267 -0.06877065 -0.00569338
v -0.11309654 -0.06328377 -0.00121131
v -0.11325463 -0.06331655 -0.00002608
v -0.11337960 -0.06321859 0.00121976
v -0.11236507 -0.06170355 -0.00485487
v -0.11231764 -0.06141470 -0.00504043
v -0.11228438 -0.06112701 -0.00516822
v -0.11291829 -0.06312179 -0.00229385
v -0.11273558 -0.06283818 -0.00324053
v -0.11256474 -0.06244621 -0.00402571
v -0.11249083 -0.06222239 -0.00434241
v -0.11242114 -0.06196421 -0.00463022
v -0.11226347 -0.06021792 -0.00524765
v -0.11228437 -0.05991450 -0.00516829
v -0.11214243 -0.03526999 -0.00569330
v -0.11231764 -0.05962661 -0.00504043
v -0.11236513 -0.05933740 -0.00485459
v -0.11242114 -0.05907711 -0.00463022
v -0.11249081 -0.05881900 -0.00434250
v -0.11256474 -0.05859510 -0.00402571
v -0.11273558 -0.05820313 -0.00324053
v -0.11291829 -0.05791952 -0.00229385
v -0.11234874 -0.03527002 -0.00491755
v -0.11309654 -0.05775754 -0.00121131
v -0.11313622 -0.03527012 -0.00094049
v -0.11325463 -0.05772476 -0.00002608
v -0.11338045 -0.05782404 0.00123001
v -0.04982844 -0.06244621 -0.02250878
v -0.04914311 -0.06196421 -0.02182296
v -0.04742847 -0.06877065 -0.01993805
v -0.05254235 -0.06328257 -0.02491069
v -0.05158332 -0.06312179 -0.02411470
v -0.05065859 -0.06283818 -0.02329400
v -0.04836909 -0.06067423 -0.02100382
v -0.04836065 -0.06052066 -0.02099461
v -0.04888438 -0.06171207 -0.02155461
v -0.04865126 -0.06141470 -0.02130818
v -0.04849902 -0.06114037 -0.02114481
v -0.04843863 -0.06098668 -0.02107945
v -0.04839347 -0.06082339 -0.02103039
v -0.04742847 -0.03527062 -0.01993805
v -0.04836909 -0.06036705 -0.02100382
v -0.04839347 -0.06021792 -0.02103039
v -0.04843902 -0.06005346 -0.02107988
v -0.04853354 -0.05982864 -0.02118202
v -0.04865126 -0.05962661 -0.02130818
v -0.04888362 -0.05933008 -0.02155381
v -0.04914311 -0.05907711 -0.02182296
v -0.04982844 -0.05859510 -0.02250878
v -0.05065859 -0.05820313 -0.02329400
v -0.05158459 -0.05791922 -0.02411580
v -0.05123079 -0.03527062 -0.02380824
v -0.05255423 -0.05775754 -0.02492022
v -0.05331551 -0.03527062 -0.02551455
v -0.05331528 -0.05772072 -0.02551438
v -0.05352621 -0.05772476 -0.02567356
v -0.05571751 -0.03527062 -0.02719649
v -0.05445802 -0.05782272 -0.02634953
v -0.06026370 -0.03527062 -0.02969514
v -0.05746375 -0.06021456 -0.02825406
v -0.05748766 -0.06052066 -0.02826765
v -0.06026370 -0.06877065 -0.02969514
v -0.05727460 -0.05961873 -0.02814571
v -0.05739433 -0.05991874 -0.02821446
v -0.05531272 -0.05804682 -0.02693232
v -0.05605806 -0.05838660 -0.02741304
v -0.05666688 -0.05882617 -0.02778755
v -0.05690529 -0.05906814 -0.02792989
v -0.05711755 -0.05934497 -0.02805462
v -0.05746374 -0.06082681 -0.02825406
v -0.05739433 -0.06112257 -0.02821446
v -0.05727468 -0.06142242 -0.02814575
v -0.05711755 -0.06169635 -0.02805462
v -0.05690507 -0.06197342 -0.02792976
v -0.05666688 -0.06221515 -0.02778755
v -0.05605806 -0.06265471 -0.02741304
v -0.05531272 -0.06299449 -0.02693232
v -0.05445802 -0.06321859 -0.02634953
v -0.04422871 -0.03527066 0.02423056
v -0.04497121 -0.06877065 0.02538345
v -0.04405068 -0.03527066 0.02395733
v -0.04193753 -0.03527066 0.02000252
v -0.03970877 -0.03527066 0.01374660
v -0.03900355 -0.06877065 0.01040576
v -0.03900355 -0.03527066 0.01040576
v -0.03869426 -0.03527066 0.00805634
v -0.03856454 -0.06877065 0.00230873
v -0.03856454 -0.03527066 0.00230873
v -0.03939868 -0.03527066 -0.00377861
v -0.03987642 -0.06877065 -0.00569338
v -0.03987642 -0.03527066 -0.00569338
v -0.04143320 -0.03527064 -0.01017748
v -0.04287784 -0.06877065 -0.01322638
v -0.04287784 -0.03527062 -0.01322638
v -0.04392082 -0.03527062 -0.01506632
v -0.06613657 -0.03527062 -0.03183805
v -0.06794816 -0.06877065 -0.03228433
v -0.06794816 -0.03527062 -0.03228433
v -0.07215188 -0.03527062 -0.03296212
v -0.07600954 -0.06877065 -0.03316106
v -0.07600954 -0.03527058 -0.03316086
v -0.07682978 -0.03527050 -0.03315209
v -0.08407094 -0.06877065 -0.03228433
v -0.08063883 -0.03527031 -0.03287423
v -0.09175538 -0.06877065 -0.02969514
v -0.09175538 -0.03526975 -0.02969514
v -0.08976250 -0.03526986 -0.03054811
v -0.08847384 -0.03526992 -0.03102901
v -0.08460598 -0.03527012 -0.03216245
v -0.08407094 -0.03527014 -0.03228433
v -0.09219771 -0.03526973 -0.02948699
v -0.09870358 -0.06877065 -0.02551455
v -0.09573457 -0.03526953 -0.02755422
v -0.10459065 -0.03526956 -0.01993808
v -0.10210676 -0.03526945 -0.02259023
v -0.10459062 -0.06877065 -0.01993805
v -0.09904245 -0.03526933 -0.02525388
v -0.09870358 -0.03526935 -0.02551455
v -0.10914125 -0.06877065 -0.01322638
v -0.10741105 -0.03526969 -0.01615971
v -0.10494551 -0.03526957 -0.01951399
v -0.11056679 -0.03526987 -0.01022324
v -0.10947731 -0.03526980 -0.01257711
v -0.10914118 -0.03526978 -0.01322634
v -0.11112738 -0.03526991 -0.00881441
v -0.11084617 -0.06877065 0.01821912
v -0.11198985 -0.03527054 0.01490622
v -0.11254439 -0.03527048 0.01279192
v -0.10956247 -0.03527066 0.02108561
v -0.11058618 -0.03527066 0.01885465
v -0.11084617 -0.03527064 0.01821912
v -0.10847286 -0.03527066 0.02311081
v -0.10704789 -0.06877065 0.02538345
v -0.10788724 -0.03527066 0.02401340
v -0.10399000 -0.03527066 0.02930580
v -0.10444330 -0.03527066 0.02874258
v -0.10179827 -0.06877065 0.03156377
v -0.10638057 -0.03527066 0.02633553
v -0.10704788 -0.03527066 0.02538345
v -0.09567905 -0.03527066 0.03626636
v -0.09601311 -0.03527066 0.03605813
v -0.09534281 -0.06877065 0.03647108
v -0.09667460 -0.03527066 0.03563119
v -0.09732698 -0.03527066 0.03519047
v -0.09764966 -0.03527066 0.03496499
v -0.09796996 -0.03527066 0.03473614
v -0.09812921 -0.03527066 0.03462046
v -0.09828784 -0.03527066 0.03450394
v -0.09844586 -0.03527066 0.03438659
v -0.09860326 -0.03527066 0.03426842
v -0.09891620 -0.03527066 0.03402960
v -0.09907172 -0.03527066 0.03390896
v -0.09922660 -0.03527066 0.03378750
v -0.09938085 -0.03527066 0.03366524
v -0.09953445 -0.03527066 0.03354217
v -0.09968740 -0.03527066 0.03341829
v -0.09983971 -0.03527066 0.03329361
v -0.09999136 -0.03527066 0.03316813
v -0.10006693 -0.03527066 0.03310510
v -0.10014234 -0.03527066 0.03304186
v -0.10029267 -0.03527066 0.03291480
v -0.10044226 -0.03527066 0.03278689
v -0.10054567 -0.03527066 0.03269527
v -0.10131130 -0.03527066 0.03201689
v -0.10179827 -0.03527066 0.03156377
v -0.08988973 -0.03527066 0.03917556
v -0.09082799 -0.03527066 0.03878692
v -0.08798335 -0.06877065 0.03987593
v -0.09175538 -0.03527066 0.03837301
v -0.09267123 -0.03527066 0.03793415
v -0.09357486 -0.03527066 0.03747064
v -0.09402189 -0.03527066 0.03722975
v -0.09446561 -0.03527066 0.03698283
v -0.09490594 -0.03527066 0.03672992
v -0.09534281 -0.03527066 0.03647108
v -0.08207637 -0.03527066 0.04134493
v -0.08407094 -0.03527066 0.04096221
v -0.08006401 -0.06877065 0.04161911
v -0.08604186 -0.03527066 0.04047206
v -0.08798335 -0.03527066 0.03987593
v -0.07195508 -0.06877065 0.04161911
v -0.07600954 -0.03527066 0.04183894
v -0.08006401 -0.03527066 0.04161911
v -0.06403574 -0.06877065 0.03987593
v -0.06794816 -0.03527066 0.04096221
v -0.07195508 -0.03527066 0.04161911
v -0.05667628 -0.06877065 0.03647108
v -0.06026370 -0.03527066 0.03837301
v -0.06403574 -0.03527066 0.03987593
v -0.05096750 -0.03527066 0.03225213
v -0.05173256 -0.03527066 0.03292001
v -0.05022081 -0.06877065 0.03156377
v -0.05331551 -0.03527066 0.03419242
v -0.05496503 -0.03527066 0.03537727
v -0.05667628 -0.03527066 0.03647108
v -0.04497121 -0.03527066 0.02538345
v -0.04515342 -0.03527066 0.02564973
v -0.04627739 -0.03527066 0.02719163
v -0.04719801 -0.03527066 0.02834197
v -0.04743518 -0.03527066 0.02862383
v -0.04755481 -0.03527066 0.02876388
v -0.04767511 -0.03527066 0.02890334
v -0.04779610 -0.03527066 0.02904221
v -0.04791777 -0.03527066 0.02918048
v -0.04804012 -0.03527066 0.02931816
v -0.04816315 -0.03527066 0.02945523
v -0.04828684 -0.03527066 0.02959169
v -0.04841121 -0.03527066 0.02972755
v -0.04866193 -0.03527066 0.02999742
v -0.04891529 -0.03527066 0.03026482
v -0.04917127 -0.03527066 0.03052971
v -0.04942983 -0.03527066 0.03079208
v -0.04969096 -0.03527066 0.03105189
v -0.05022081 -0.03527066 0.03156377
v -0.11217184 -0.06005205 0.00929258
v -0.11216079 -0.06019752 0.00937259
v -0.11218527 -0.05991874 0.00919349
v -0.11227340 -0.05934497 0.00848417
v -0.11222825 -0.05960405 0.00886167
v -0.11246666 -0.05837546 0.00610775
v -0.11237867 -0.05882617 0.00742704
v -0.11249615 -0.05782553 0.00335001
v -0.11250722 -0.05804682 0.00475065
v -0.11202981 -0.05820313 -0.00155946
v -0.11218198 -0.05791952 -0.00054005
v -0.11232118 -0.05775754 0.00063550
v -0.11243043 -0.05772476 0.00193706
v -0.11175510 -0.05907711 -0.00304380
v -0.11181732 -0.05881775 -0.00273588
v -0.11188210 -0.05859510 -0.00239974
v -0.11170508 -0.05933706 -0.00328201
v -0.11166233 -0.05962661 -0.00347956
v -0.11163242 -0.05991323 -0.00361471
v -0.11161343 -0.06021792 -0.00369932
v -0.11160719 -0.06052128 -0.00372687
v -0.11161343 -0.06082339 -0.00369932
v -0.11163240 -0.06112776 -0.00361483
v -0.11166233 -0.06141470 -0.00347956
v -0.11170526 -0.06170528 -0.00328118
v -0.11175510 -0.06196421 -0.00304380
v -0.11181720 -0.06222310 -0.00273651
v -0.11188210 -0.06244621 -0.00239974
v -0.11202981 -0.06283818 -0.00155946
v -0.11218198 -0.06312179 -0.00054005
v -0.11232118 -0.06328377 0.00063550
v -0.11243327 -0.06331543 0.00198050
v -0.11249547 -0.06321859 0.00332562
v -0.11250725 -0.06299503 0.00474795
v -0.11246477 -0.06265471 0.00614635
v -0.11237867 -0.06221515 0.00742704
v -0.11227340 -0.06169635 0.00848417
v -0.11222835 -0.06143787 0.00886089
v -0.11218527 -0.06112257 0.00919349
v -0.11215474 -0.06031524 0.00941583
v -0.11215061 -0.06052066 0.00944516
v -0.11215331 -0.06068682 0.00942597
v -0.11217186 -0.06098952 0.00929241
v -0.11216087 -0.06084511 0.00937200
v -0.04706508 -0.06036615 -0.01789770
v -0.04709408 -0.06021792 -0.01793540
v -0.04739925 -0.06141470 -0.01832604
v -0.04726521 -0.06122052 -0.01815579
v -0.04715105 -0.06099451 -0.01800916
v -0.04709408 -0.06082339 -0.01793540
v -0.04706509 -0.06067519 -0.01789771
v -0.04705488 -0.06052065 -0.01788441
v -0.04799773 -0.06198531 -0.01906167
v -0.04767413 -0.06171468 -0.01866877
v -0.05066479 -0.06312179 -0.02192689
v -0.04967600 -0.06284293 -0.02093544
v -0.04874505 -0.06244621 -0.01992827
v -0.05272774 -0.06331655 -0.02377169
v -0.05167552 -0.06328128 -0.02286594
v -0.05370332 -0.06321859 -0.02455194
v -0.05459267 -0.06299449 -0.02521724
v -0.05536471 -0.06265471 -0.02576158
v -0.05599331 -0.06221515 -0.02618319
v -0.05623857 -0.06197368 -0.02634263
v -0.05645758 -0.06169635 -0.02648266
v -0.05661839 -0.06142416 -0.02658409
v -0.05674232 -0.06112257 -0.02666145
v -0.05681347 -0.06082810 -0.02670556
v -0.05683826 -0.06052066 -0.02672088
v -0.05681362 -0.06021413 -0.02670565
v -0.05674232 -0.05991874 -0.02666145
v -0.05661886 -0.05961809 -0.02658438
v -0.05645758 -0.05934497 -0.02648266
v -0.05623807 -0.05906709 -0.02634231
v -0.05599331 -0.05882617 -0.02618319
v -0.05536471 -0.05838660 -0.02576158
v -0.05459267 -0.05804682 -0.02521724
v -0.05370332 -0.05782272 -0.02455194
v -0.05272774 -0.05772476 -0.02377169
v -0.05167552 -0.05776004 -0.02286594
v -0.05066479 -0.05791952 -0.02192689
v -0.04967600 -0.05819838 -0.02093544
v -0.04874505 -0.05859510 -0.01992827
v -0.04796973 -0.05907711 -0.01902811
v -0.04767299 -0.05932772 -0.01866736
v -0.04739925 -0.05962661 -0.01832604
v -0.04722352 -0.05989367 -0.01810243
v -0.04715056 -0.06004801 -0.01800853
v -0.07250799 0.03509443 0.01352950
v -0.07600955 0.03512197 0.00433894
v -0.07404567 0.03509443 0.01397589
v -0.07107980 0.03509443 0.01284922
v -0.08347287 0.03509443 0.01074411
v -0.08437876 0.03509443 0.00950457
v -0.06306237 0.03379790 0.02668992
v -0.06560079 0.03466052 0.02230767
v -0.06861631 0.03466052 0.02374406
v -0.06602433 0.03309223 0.03054593
v -0.06533744 0.03216564 0.03234380
v -0.06098457 0.03216564 0.03027538
v -0.08325449 0.03309223 0.03143223
v -0.08375287 0.03216564 0.03329427
v -0.07916185 0.03216564 0.03414172
v -0.08695106 -0.03527066 0.04018646
v -0.08603913 -0.03527066 0.04044807
v -0.08569574 0.01229921 0.04053634
v -0.09692393 0.02676116 0.03246565
v -0.09474602 0.02676116 0.03396045
v -0.09425327 0.02829458 0.03318161
v -0.09291093 0.03379790 0.02387186
v -0.08959725 0.03466052 0.02004224
v -0.09176774 0.03466052 0.01786293
v -0.10000131 0.03103307 0.02492913
v -0.10104564 0.02973064 0.02582540
v -0.09759722 0.02973064 0.02928781
v -0.10939758 0.02676116 0.01500541
v -0.11015791 0.02676116 0.01223977
v -0.11142249 0.02354725 0.01253235
v -0.10668196 0.03103307 -0.00332535
v -0.10801709 0.02973064 -0.00365897
v -0.10886724 0.02973064 0.00136201
v -0.10717530 0.02676116 -0.01169932
v -0.10830948 0.02676116 -0.00927203
v -0.10746001 0.02829458 -0.00891407
v -0.10440028 0.02676116 -0.01621590
v -0.10587806 0.02676116 -0.01400247
v -0.10509255 0.02829458 -0.01352010
v -0.10101619 0.02676116 -0.02022120
v -0.10279165 0.02676116 -0.01827206
v -0.10208730 0.02829458 -0.01767741
v -0.06872194 0.01873510 0.04076130
v -0.06860560 0.02028088 0.04055181
v -0.07158851 0.02028088 0.04104386
v -0.06139030 0.02923745 0.03436701
v -0.06116880 0.02952030 0.03399421
v -0.06426342 0.02973064 0.03514052
v -0.05759677 0.03216570 0.02799241
v -0.05893523 0.03318610 0.02627766
v -0.06195162 0.03309223 0.02860734
v -0.09808151 0.02477016 -0.02401926
v -0.09833517 0.02354725 -0.02434515
v -0.10000520 0.02354725 -0.02296343
v -0.11254091 0.01229921 0.01279112
v -0.05297338 -0.03508352 0.03390175
v -0.05348042 -0.03507715 0.03428467
v -0.05297662 -0.03527051 0.03390426
v -0.05400527 -0.03507068 0.03466660
v -0.05487142 -0.03527066 0.03526646
v -0.05535514 -0.03386577 0.03558572
v -0.05809537 -0.03527066 0.03720037
v -0.05646170 -0.03527066 0.03627602
v -0.05566106 -0.03527066 0.03578204
v -0.10902841 0.02028088 0.02120835
v -0.11030909 0.02028088 0.01842308
v -0.11069561 0.01229921 0.01858179
v -0.11172753 0.01229921 0.01574975
v -0.11342081 0.01229921 0.00686440
v -0.11335329 0.01229921 0.00095557
v -0.11238708 0.01229921 -0.00475092
v -0.11056349 0.01229921 -0.01022185
v -0.10796241 0.01229921 -0.01528240
v -0.10466061 0.01229921 -0.01984994
v -0.09875667 0.02056346 -0.02488670
v -0.09878363 0.02028088 -0.02492134
v -0.10048720 0.02028088 -0.02351185
v -0.09903549 0.01344710 -0.02524493
v -0.10076304 0.01229921 -0.02382570
v -0.09904245 0.00841035 -0.02525388
v -0.09753793 0.02676116 -0.02332086
v -0.08971823 0.03466052 -0.01125886
v -0.09171060 0.03386511 -0.01583387
v -0.09306142 0.03379790 -0.01506275
v -0.09366780 0.03279630 -0.01834849
v -0.09452431 0.03309223 -0.01672724
v -0.09442073 0.03216564 -0.01931586
v -0.09579796 0.03216564 -0.01817640
v -0.09509787 0.03144715 -0.02018586
v -0.09688093 0.03103307 -0.01940862
v -0.08025319 0.03511190 -0.00111332
v -0.08250219 0.03509443 -0.00304842
v -0.08443458 0.03504632 -0.00648559
v -0.08837011 0.03472378 -0.01154198
v -0.06325528 0.03466052 0.02072637
v -0.06552494 0.03493519 0.01780903
v -0.06268459 0.03455437 0.02146007
v -0.06047418 0.03392925 0.02430188
v -0.05890786 0.03157952 0.03006474
v -0.06016228 0.03103307 0.03169113
v -0.06008539 0.03070778 0.03208824
v -0.06475338 0.03103307 0.03386750
v -0.06363557 0.02596411 0.03748067
v -0.06258278 0.02756086 0.03618173
v -0.06353055 0.02676116 0.03703284
v -0.06233367 0.02792784 0.03583203
v -0.06385874 0.02829458 0.03618742
v -0.06513955 0.02366661 0.03888968
v -0.06425972 0.02500609 0.03812300
v -0.06621508 0.02676116 0.03792496
v -0.06593575 0.02249418 0.03946016
v -0.06585237 0.02354725 0.03914081
v -0.06690241 0.02113760 0.04001759
v -0.06875140 0.02354725 0.03985595
v -0.07303303 0.01322913 0.04159974
v -0.07213097 0.01439086 0.04149754
v -0.07463117 0.02028088 0.04129976
v -0.07097832 0.01586380 0.04131822
v -0.07093360 0.01592078 0.04131003
v -0.07945778 0.00423900 0.04161476
v -0.07878100 0.00530617 0.04166605
v -0.07995280 0.01229921 0.04156581
v -0.07792808 0.00657523 0.04171311
v -0.07702547 0.00786624 0.04174168
v -0.07461564 0.01229921 0.04170831
v -0.07375197 0.01229406 0.04166035
v -0.07374813 0.01229908 0.04166007
v -0.08047495 -0.03527066 0.04151420
v -0.08035735 -0.00310291 0.04152729
v -0.08234691 -0.03527066 0.04125428
v -0.08097655 -0.00163478 0.04145412
v -0.08119258 -0.00024703 0.04142610
v -0.08117834 -0.00064240 0.04142798
v -0.08420265 -0.03527066 0.04089887
v -0.08111017 0.00059817 0.04143694
v -0.08072593 0.00184260 0.04148501
v -0.08066558 0.00198671 0.04149219
v -0.07998945 0.00333566 0.04156573
v -0.07995208 0.00340210 0.04156943
v -0.07963190 0.00395119 0.04159955
v -0.07515542 -0.01093311 0.04173184
v -0.07522228 -0.01084292 0.04173379
v -0.07599858 -0.00978657 0.04174775
v -0.07897078 -0.00551138 0.04165292
v -0.07351829 -0.03527066 0.04164748
v -0.07467711 -0.01157494 0.04171449
v -0.07740024 -0.03527066 0.04173246
v -0.07858371 -0.03527066 0.04167867
v -0.07927915 -0.00501723 0.04162950
v -0.08007979 -0.00362915 0.04155663
v -0.07100345 -0.01634945 0.04138033
v -0.07225396 -0.01475179 0.04153403
v -0.07269849 -0.01417729 0.04157872
v -0.06248277 -0.02652937 0.03919370
v -0.06378931 -0.02505240 0.03966466
v -0.06852145 -0.03527066 0.04095206
v -0.06330353 -0.03527066 0.03949568
v -0.06237511 -0.02664950 0.03915253
v -0.06513208 -0.03527066 0.04009505
v -0.06586549 -0.03527066 0.04030789
v -0.06488644 -0.02378630 0.04002028
v -0.06538305 -0.02320601 0.04016963
v -0.06697806 -0.02131336 0.04060159
v -0.07158677 -0.03527066 0.04145717
v -0.06966811 -0.03527066 0.04117043
v -0.06851297 -0.01945241 0.04095031
v -0.06726415 -0.02096939 0.04067151
v -0.05668542 -0.03261320 0.03640909
v -0.05685277 -0.03245110 0.03650725
v -0.06151814 -0.03527066 0.03881157
v -0.06018825 -0.02903663 0.03823453
v -0.06031770 -0.02889820 0.03829334
v -0.06193129 -0.02714218 0.03897890
v -0.05813740 -0.03117496 0.03722275
v -0.05848773 -0.03081779 0.03740660
v -0.05947283 -0.02979478 0.03789895
v -0.10434134 0.02028088 -0.01958040
v -0.10378344 0.02354725 -0.01910939
v -0.09914833 0.02676116 -0.02198847
v -0.09853979 0.02829458 -0.02129608
v -0.09778944 0.02973064 -0.02044232
v -0.10121880 0.02973064 -0.01694416
v -0.10016724 0.03103307 -0.01605638
v -0.09891374 0.03216564 -0.01499810
v -0.09743956 0.03309223 -0.01375351
v -0.09574632 0.03379790 -0.01232399
v -0.09187673 0.03466052 -0.00905706
v -0.08352449 0.03509443 -0.00200561
v -0.09542834 0.03103307 -0.02061044
v -0.09625555 0.02976282 -0.02167325
v -0.09718309 0.02776985 -0.02286496
v -0.10194223 0.02354725 -0.02113071
v -0.10412395 0.02973064 -0.01292532
v -0.10545165 0.02354725 -0.01697708
v -0.10698415 0.02354725 -0.01468169
v -0.10832943 0.02354725 -0.01229325
v -0.11198171 0.02028088 -0.00464963
v -0.11127336 0.02354725 -0.00447263
v -0.11017845 0.02028088 -0.01005960
v -0.11048855 0.02354725 -0.00716869
v -0.10760634 0.02028088 -0.01506376
v -0.10950561 0.02354725 -0.00977607
v -0.10925732 0.02676116 -0.00675776
v -0.10911981 0.02829458 -0.00393451
v -0.10641257 0.02973064 -0.00847269
v -0.10514437 0.03103307 -0.00793827
v -0.10363261 0.03216564 -0.00730123
v -0.10185471 0.03309223 -0.00655204
v -0.10509042 0.03216564 -0.00292767
v -0.10749663 0.03103307 0.00148619
v -0.10892664 0.02973064 0.00656102
v -0.11300392 0.02028088 0.00683626
v -0.11235566 0.02354725 0.00392826
v -0.11293715 0.02028088 0.00099327
v -0.11220999 0.02354725 0.00105916
v -0.11184816 0.02354725 -0.00172715
v -0.09981263 0.03379790 -0.00569151
v -0.10321869 0.03309223 -0.00245997
v -0.10586283 0.03216564 0.00163421
v -0.10755356 0.03103307 0.00646833
v -0.10815245 0.02973064 0.01177577
v -0.11105775 0.02676116 0.00394292
v -0.11091729 0.02676116 0.00117628
v -0.11056838 0.02676116 -0.00151053
v -0.11001410 0.02676116 -0.00415797
v -0.10925983 0.02829458 0.01203198
v -0.11006070 0.02829458 0.00663758
v -0.11098041 0.02676116 0.00669966
v -0.09514580 0.03466052 -0.00372495
v -0.10106883 0.03379790 -0.00192277
v -0.10394138 0.03309223 0.00180830
v -0.10591681 0.03216564 0.00635784
v -0.10681166 0.03103307 0.01146556
v -0.10652882 0.02973064 0.01687082
v -0.11196158 0.02354725 0.00969249
v -0.11067775 0.02676116 0.00950132
v -0.11227544 0.02354725 0.00678708
v -0.11132952 0.02028088 0.01562260
v -0.11245485 0.01667559 0.01277121
v -0.11333267 0.01667559 0.00685845
v -0.11326531 0.01667559 0.00096354
v -0.11230137 0.01667559 -0.00472951
v -0.11048209 0.01667559 -0.01018755
v -0.10788713 0.01667559 -0.01523618
v -0.10459311 0.01667559 -0.01979295
v -0.10758027 0.02829458 0.01730256
v -0.08507277 0.03509443 0.00051976
v -0.09615571 0.03466052 -0.00069510
v -0.10173442 0.03379790 0.00200825
v -0.10399189 0.03309223 0.00622790
v -0.10521340 0.03216564 0.01109577
v -0.10525577 0.03103307 0.01634807
v -0.10408447 0.02973064 0.02166731
v -0.10791753 0.01229921 0.02403315
v -0.10940050 0.01229921 0.02139845
v -0.10999924 0.02829458 0.00125945
v -0.11213383 0.02028088 0.01269693
v -0.11063401 0.02354725 0.01540041
v -0.10843298 0.02676116 0.01765270
v -0.10505170 0.02829458 0.02226431
v -0.08555108 0.03509443 0.00195474
v -0.09669081 0.03466052 0.00246520
v -0.10178094 0.03379790 0.00607865
v -0.10333376 0.03309223 0.01066088
v -0.10373823 0.03216564 0.01572494
v -0.10291338 0.03103307 0.02094449
v -0.10414674 0.02028088 0.02848682
v -0.10534042 0.02354725 0.02580774
v -0.10756198 0.02028088 0.02381369
v -0.10694066 0.02354725 0.02343021
v -0.10837822 0.02354725 0.02087617
v -0.10963368 0.02354725 0.01814574
v -0.10446382 0.01229921 0.02875894
v -0.09669673 0.03103307 0.02824712
v -0.09562331 0.03216564 0.02700657
v -0.09875642 0.03216564 0.02386074
v -0.09729236 0.03309223 0.02260426
v -0.09987563 0.03309223 0.01906954
v -0.09798991 0.03379790 0.01790564
v -0.09990364 0.03379790 0.01415037
v -0.09521896 0.03466052 0.01222674
v -0.09624091 0.03466052 0.00901982
v -0.08559143 0.03509443 0.00655587
v -0.08582222 0.03509443 0.00500135
v -0.10151739 0.03216564 0.02008286
v -0.10195354 0.03309223 0.01499210
v -0.10117480 0.03379790 0.01016137
v -0.09672820 0.03466052 0.00573756
v -0.08580451 0.03509443 0.00345151
v -0.10295121 0.03103307 -0.01220517
v -0.10155326 0.03216564 -0.01134673
v -0.09990919 0.03309223 -0.01033715
v -0.09802082 0.03379790 -0.00917756
v -0.09370530 0.03466052 -0.00652752
v -0.08439052 0.03509443 -0.00080758
v -0.10429303 0.02676116 0.02504110
v -0.10583612 0.02676116 0.02274846
v -0.10722235 0.02676116 0.02028563
v -0.10027118 0.02028088 0.03237802
v -0.09979343 0.02354725 0.03182591
v -0.10054459 0.01229921 0.03269398
v -0.09894412 0.02676116 0.03084439
v -0.09834096 0.02829458 0.03014733
v -0.10086751 0.02676116 0.02904959
v -0.10190818 0.02829458 0.02656565
v -0.10260769 0.02676116 0.02716598
v -0.09436091 0.03309223 0.02554761
v -0.09561075 0.03379790 0.02116108
v -0.09368044 0.03466052 0.01524575
v -0.08510742 0.03509443 0.00807472
v -0.08244489 0.03509443 0.01177626
v -0.10359267 0.02354725 0.02801131
v -0.10178805 0.02354725 0.02996467
v -0.10025910 -0.03527066 0.03294316
v -0.10016722 -0.03527066 0.03302078
v -0.10012121 -0.03527066 0.03305947
v -0.10007514 -0.03527066 0.03309808
v -0.09989037 -0.03527066 0.03325166
v -0.09970481 -0.03527066 0.03340391
v -0.09951845 -0.03527066 0.03355482
v -0.09933128 -0.03527066 0.03370441
v -0.09928437 -0.03527066 0.03374160
v -0.09923740 -0.03527066 0.03377871
v -0.09914333 -0.03527066 0.03385268
v -0.09895458 -0.03527066 0.03399962
v -0.09857471 -0.03527066 0.03428956
v -0.09847926 -0.03527066 0.03436122
v -0.09838360 -0.03527066 0.03443255
v -0.09605353 0.01229921 0.03602697
v -0.09819169 -0.03527066 0.03457423
v -0.09741622 -0.03527066 0.03512787
v -0.09583017 0.02028088 0.03567396
v -0.09091076 0.02028088 0.03828428
v -0.09061732 0.02354725 0.03761672
v -0.09309358 0.02354725 0.03641953
v -0.09543987 0.02354725 0.03505709
v -0.09769843 0.02354725 0.03350713
v -0.09663001 -0.03527066 0.03565949
v -0.09583142 -0.03527066 0.03617045
v -0.09562983 -0.03527066 0.03629496
v -0.09542747 -0.03527066 0.03641817
v -0.09540211 -0.03527066 0.03643348
v -0.09537675 -0.03527066 0.03644878
v -0.09532599 -0.03527066 0.03647930
v -0.09522433 -0.03527066 0.03654010
v -0.09502041 -0.03527066 0.03666073
v -0.09461026 -0.03527066 0.03689811
v -0.09419700 -0.03527066 0.03713031
v -0.09107867 0.01229921 0.03866627
v -0.09336527 -0.03527066 0.03757698
v -0.09252117 -0.03527066 0.03800301
v -0.09166459 -0.03527066 0.03840824
v -0.09248352 0.02676116 0.03527463
v -0.08972523 0.02829458 0.03558676
v -0.09364568 0.02973064 0.03222122
v -0.09203308 0.03216564 0.02967201
v -0.09291001 0.03103307 0.03105833
v -0.08871537 0.03103307 0.03328787
v -0.09079540 -0.03527066 0.03879244
v -0.08965743 -0.03527066 0.03925585
v -0.08785813 -0.03527066 0.03990071
v -0.09009568 0.02676116 0.03642981
v -0.08762370 0.02676116 0.03740047
v -0.08482577 0.02829458 0.03729719
v -0.08805609 0.03216564 0.03178651
v -0.08728074 0.03309223 0.03002034
v -0.08639017 0.03379790 0.02799130
v -0.07724418 0.02354725 0.04060315
v -0.07983208 0.02354725 0.04043772
v -0.07990886 0.02028088 0.04115551
v -0.08263899 0.02354725 0.04004468
v -0.08558780 0.02028088 0.04013482
v -0.08539919 0.02354725 0.03943291
v -0.08805379 0.02354725 0.03862199
v -0.08506389 0.02676116 0.03818441
v -0.08240225 0.02676116 0.03877717
v -0.07959864 0.02829458 0.03825071
v -0.08435495 0.03466052 0.02335401
v -0.08268204 0.03379790 0.02929216
v -0.07895897 0.03309223 0.03222723
v -0.07489523 0.03216564 0.03428380
v -0.10784236 0.01667559 0.02398675
v -0.10439678 0.01667559 0.02870141
v -0.10048679 0.01667559 0.03262718
v -0.09600631 0.01667559 0.03595234
v -0.09104317 0.01667559 0.03858551
v -0.08567292 0.01667559 0.04045145
v -0.07994351 0.01667559 0.04147908
v -0.07996206 0.03509443 0.01334477
v -0.08137384 0.03466052 0.02439995
v -0.07872593 0.03379790 0.03002538
v -0.07496695 0.03309223 0.03236217
v -0.07002400 0.03216564 0.03370019
v -0.07167556 0.02354725 0.04033623
v -0.07465831 0.02354725 0.04058428
v -0.07969557 0.02676116 0.03915977
v -0.07720009 0.02676116 0.03932308
v -0.07474083 0.02829458 0.03840020
v -0.07470657 0.02676116 0.03930878
v -0.06919465 0.02829458 0.03772693
v -0.07855016 0.03509443 0.01384013
v -0.07819335 0.03466052 0.02498968
v -0.07504933 0.03379790 0.03015053
v -0.07040925 0.03309223 0.03181692
v -0.07183033 0.02676116 0.03907368
v -0.06901059 0.02676116 0.03861345
v -0.06969642 0.03103307 0.03529604
v -0.06942162 0.02973064 0.03662970
v -0.07483425 0.03103307 0.03591355
v -0.07478309 0.02973064 0.03727705
v -0.07933438 0.03103307 0.03576697
v -0.07947910 0.02973064 0.03712818
v -0.08417664 0.03103307 0.03487634
v -0.08453215 0.02973064 0.03620256
v -0.08926844 0.02973064 0.03454702
v -0.07085174 0.03379790 0.02964835
v -0.07523759 0.03466052 0.02509050
v -0.07704383 0.03509443 0.01411942
v -0.09100176 0.03309223 0.02804154
v -0.08981719 0.03379790 0.02616874
v -0.08711006 0.03466052 0.02188879
v -0.08126692 0.03509443 0.01265082
v -0.05755994 0.03213059 0.02803971
v -0.06681329 0.03379790 0.02847644
v -0.07186298 0.03466052 0.02468664
v -0.07564393 0.03509443 0.01416716
v -0.07087602 0.03510460 0.01093430
v -0.07736039 -0.00718276 0.04174699
v -0.06982420 -0.01743395 0.04120254
v -0.05777303 -0.03065122 0.03706505
v -0.05745409 -0.03022597 0.03697838
v -0.05584195 -0.03303238 0.03590428
v -0.05295872 -0.03328215 0.03431816
v -0.05525305 -0.03213296 0.03569911
v -0.05555996 -0.03258381 0.03578306
v -0.08054779 -0.00141588 0.04152570
v -0.08073757 -0.00074201 0.04149970
v -0.08077696 -0.00024727 0.04149443
v -0.08000441 -0.00248217 0.04159577
v -0.07981370 -0.00277625 0.04161903
v -0.07948209 -0.00323445 0.04165846
v -0.07758204 -0.00556044 0.04183403
v -0.07446080 -0.01017851 0.04178760
v -0.07369090 -0.00964269 0.04197238
v -0.07148463 -0.01308234 0.04166171
v -0.06948215 -0.01372106 0.04179660
v -0.06830984 -0.01603357 0.04134590
v -0.06762966 -0.01543665 0.04161599
v -0.06508520 -0.01888504 0.04083739
v -0.06494391 -0.01784043 0.04124467
v -0.06228439 -0.02123149 0.04024545
v -0.06161692 -0.02067106 0.04060852
v -0.05654887 -0.02507874 0.03894891
v -0.05398692 -0.02685736 0.03806187
v -0.05691465 -0.02436263 0.03938019
v -0.05319774 -0.02698039 0.03812696
v -0.05147236 -0.02845189 0.03706935
v -0.04917349 -0.02975960 0.03604596
v -0.04979735 -0.02908996 0.03674486
v -0.04886814 -0.02961138 0.03632322
v -0.05014943 -0.03036450 0.03529288
v -0.04986525 -0.03016821 0.03549174
v -0.05219023 -0.02893868 0.03653677
v -0.04953097 -0.02995838 0.03574701
v -0.05090801 -0.03096936 0.03484412
v -0.05063478 -0.03073779 0.03499184
v -0.05292739 -0.02953542 0.03611425
v -0.05026556 -0.03044944 0.03521641
v -0.05401841 -0.03060394 0.03572685
v -0.05172702 -0.03176139 0.03450054
v -0.05366030 -0.03022752 0.03582102
v -0.05161603 -0.03164500 0.03453792
v -0.05136886 -0.03139630 0.03463179
v -0.05172927 -0.03176377 0.03449981
v -0.05459900 -0.03127382 0.03565072
v -0.05230691 -0.03242088 0.03435738
v -0.05493540 -0.03170020 0.03565568
v -0.05262651 -0.03282537 0.03432007
v -0.05295871 -0.03328214 0.03431816
v -0.05354388 -0.03420021 0.03442986
v -0.05340141 -0.03396091 0.03438666
v -0.05326393 -0.03374036 0.03435548
v -0.05379796 -0.03465887 0.03453923
v -0.05808141 -0.03109031 0.03719394
v -0.06224775 -0.02625084 0.03911512
v -0.06450631 -0.02337378 0.03992800
v -0.06166111 -0.02559087 0.03900594
v -0.06658460 -0.02028502 0.04057913
v -0.06906459 -0.01671933 0.04119630
v -0.07224851 -0.01376728 0.04156351
v -0.05182783 -0.02868113 0.03679049
v -0.05544178 -0.02803014 0.03721844
v -0.05329572 -0.02987056 0.03595059
v -0.05100387 -0.03105436 0.03479608
v -0.05763850 -0.02597922 0.03835018
v -0.05507345 -0.02770232 0.03738206
v -0.05255927 -0.02922522 0.03630958
v -0.05711653 -0.02980316 0.03693068
v -0.05434210 -0.02711329 0.03780687
v -0.05690502 -0.02535591 0.03871869
v -0.05945208 -0.02347020 0.03950610
v -0.05878907 -0.02293781 0.03991636
v -0.06088696 -0.02126910 0.04044308
v -0.05726834 -0.02565595 0.03851862
v -0.05470438 -0.02739476 0.03757979
v -0.05617559 -0.02874706 0.03699554
v -0.05581048 -0.02837949 0.03708891
v -0.05837784 -0.02667817 0.03812090
v -0.05800796 -0.02631954 0.03821758
v -0.06018897 -0.02411846 0.03919136
v -0.04941699 -0.02989209 0.03583939
v -0.05968843 -0.02810621 0.03809487
v -0.05653441 -0.02913034 0.03693941
v -0.05910420 -0.02743729 0.03804141
v -0.05874415 -0.02705161 0.03806189
v -0.06093162 -0.02483074 0.03902157
v -0.05431310 -0.03093421 0.03567569
v -0.06002727 -0.02852176 0.03818142
v -0.06377291 -0.02261887 0.03987893
v -0.06302592 -0.02189918 0.03998735
v -0.06583232 -0.01956459 0.04063171
v -0.05006504 -0.03527066 0.03140984
v -0.05076526 -0.03527066 0.03205828
v -0.04841141 -0.03527066 0.02972713
v -0.04857161 -0.03527066 0.02990004
v -0.05112267 -0.03527066 0.03237595
v -0.05148476 -0.03527066 0.03268942
v -0.05222235 -0.03527066 0.03330433
v -0.04873293 -0.03527066 0.03007193
v -0.04905900 -0.03527066 0.03041265
v -0.04938966 -0.03527066 0.03074925
v -0.04955674 -0.03527066 0.03091598
v -0.04972498 -0.03527066 0.03108167
v -0.04833173 -0.03527066 0.02964030
v -0.04825233 -0.03527066 0.02955322
v -0.04809437 -0.03527066 0.02937831
v -0.04793752 -0.03527066 0.02920239
v -0.04778178 -0.03527066 0.02902549
v -0.04762714 -0.03527066 0.02884759
v -0.04747362 -0.03527066 0.02866870
v -0.08091656 0.03509443 -0.00418447
v -0.07961649 0.03509443 -0.00481078
v -0.07654326 0.03509443 -0.00548160
v -0.07499781 0.03509443 -0.00544393
v -0.07809920 0.03509443 -0.00527150
v -0.07342020 0.03509443 -0.00514907
v -0.07200034 0.03509443 -0.00464180
v -0.07068762 0.03509443 -0.00393176
v -0.06951090 0.03509443 -0.00304314
v -0.06849101 0.03509443 -0.00200133
v -0.06759374 0.03509443 -0.00075042
v -0.06687726 0.03509443 0.00068807
v -0.06640773 0.03509443 0.00220997
v -0.06619128 0.03509443 0.00376553
v -0.06622291 0.03509443 0.00531389
v -0.06648915 0.03509443 0.00680623
v -0.06697987 0.03509443 0.00823675
v -0.06767286 0.03509443 0.00955692
v -0.06854859 0.03509443 0.01074680
v -0.09467369 0.01667559 -0.02808039
v -0.09450930 0.02028088 -0.02779484
v -0.08960795 0.02028088 -0.03015607
v -0.09471776 0.01229921 -0.02815695
v -0.05736877 0.03218133 0.02777684
v -0.04941853 0.03169361 0.01973546
v -0.04865009 0.03147478 0.01899901
v -0.05060084 0.03216564 0.02024240
v -0.04243734 0.02865707 0.00882818
v -0.04237839 0.02861353 0.00862336
v -0.04317977 0.02973064 0.00760947
v -0.03955241 -0.02401273 -0.00445491
v -0.07215223 0.01229921 -0.03295869
v -0.07804433 0.01229921 -0.03310230
v -0.06911821 0.01229921 -0.03251894
v -0.06613754 0.01229921 -0.03183452
v -0.06072426 0.01229921 -0.02990054
v -0.05571945 0.01229921 -0.02719347
v -0.05123315 0.01229921 -0.02380556
v -0.04734479 0.01229921 -0.01983364
v -0.04392389 0.01229921 -0.01506447
v -0.04246279 0.01229921 -0.01241210
v -0.03969517 -0.02005068 -0.00501593
v -0.03971450 -0.00001894 -0.00509029
v -0.03971442 -0.01376211 -0.00509030
v -0.04018741 0.01229921 -0.00674061
v -0.04119230 0.01229921 -0.00958016
v -0.04900294 -0.03512706 0.03035470
v -0.04756162 -0.03513760 0.02877151
v -0.04983678 -0.03511917 0.03119054
v -0.05000227 -0.03511749 0.03134993
v -0.05001145 -0.03511739 0.03135872
v -0.05103542 -0.03510626 0.03229919
v -0.05203886 -0.03509461 0.03315414
v -0.05149376 -0.03510107 0.03269711
v -0.04706380 -0.03514009 0.02817976
v -0.04559514 -0.03514311 0.02627552
v -0.04189593 -0.03511453 0.01991173
v -0.04146118 -0.03510821 0.01892214
v -0.04267723 -0.03512470 0.02152031
v -0.04312470 -0.03512965 0.02236203
v -0.04352275 -0.03513354 0.02307010
v -0.04422254 -0.03513886 0.02423458
v -0.04431389 -0.03513939 0.02437978
v -0.04495941 -0.03514208 0.02536605
v -0.04523892 -0.03514272 0.02577299
v -0.03875351 -0.03507793 0.00861216
v -0.03903382 -0.03508162 0.01058702
v -0.03914508 -0.03508309 0.01121219
v -0.03939625 -0.03508509 0.01244339
v -0.04028128 -0.03509226 0.01572973
v -0.04050130 -0.03509451 0.01639856
v -0.04099785 -0.03510129 0.01777215
v -0.03855026 -0.03364996 0.00259347
v -0.03851726 -0.03473382 0.00509904
v -0.03855570 -0.03507088 0.00620078
v -0.03863528 -0.03507441 0.00741006
v -0.03934100 -0.02691305 -0.00351383
v -0.03909969 -0.02921059 -0.00228768
v -0.03889862 -0.03082797 -0.00104882
v -0.03869128 -0.03240238 0.00065155
v -0.03857452 -0.03339642 0.00213318
v -0.04006345 0.02151253 -0.00382836
v -0.03994175 0.02029096 -0.00425303
v -0.04058659 0.02028088 -0.00661715
v -0.03986539 0.01919334 -0.00454108
v -0.03976732 0.01645988 -0.00496613
v -0.03972879 0.01372435 -0.00508971
v -0.03971747 0.01229921 -0.00509016
v -0.04071035 0.02532695 -0.00110929
v -0.04179016 0.02676116 -0.00324836
v -0.04083453 0.02592682 -0.00013098
v -0.04129564 0.02676116 -0.00050653
v -0.04113225 0.02694805 0.00207140
v -0.04190004 0.02820677 0.00666500
v -0.04179757 0.02810001 0.00615631
v -0.04193897 0.02829458 0.00234915
v -0.04223721 0.02850480 0.00810380
v -0.04204785 0.02834567 0.00733507
v -0.04162418 0.02789072 0.00520939
v -0.04157333 0.02782035 0.00491468
v -0.04124261 0.02722240 0.00284904
v -0.04120644 0.02713768 0.00259883
v -0.04269010 0.02829458 -0.00304882
v -0.04307367 0.02973064 0.00241542
v -0.04407291 0.02973064 0.01261561
v -0.04371239 0.02945343 0.01218667
v -0.04352626 0.02935546 0.01176054
v -0.04334830 0.02925629 0.01133983
v -0.04285626 0.02894512 0.01011583
v -0.04270001 0.02884114 0.00966710
v -0.04492361 0.03001207 0.01457592
v -0.04540509 0.03103307 0.01227036
v -0.04644019 0.03067125 0.01667950
v -0.04698257 0.03103307 0.01686892
v -0.04765719 0.03114366 0.01801371
v -0.04848872 0.03216564 0.01621876
v -0.05473349 0.03309223 0.02261196
v -0.05270574 0.03232659 0.02273589
v -0.05223622 0.03309223 0.01921881
v -0.05150582 0.03215694 0.02163013
v -0.05459464 0.03244976 0.02457159
v -0.05394861 0.03242965 0.02392222
v -0.05374373 0.03241827 0.02372160
v -0.05587631 0.03241041 0.02594880
v -0.05767432 0.03309223 0.02555902
v -0.05554063 0.03243201 0.02557518
v -0.05475360 0.03245085 0.02473563
v -0.05912303 0.03379790 0.02388233
v -0.06243380 0.03466052 0.02005070
v -0.06957986 0.03509443 0.01178027
v -0.09000266 0.03309223 -0.01996687
v -0.09096525 0.03216564 -0.02163888
v -0.09178374 0.03103307 -0.02306059
v -0.09303748 0.02829458 -0.02523832
v -0.09349740 0.02676116 -0.02603718
v -0.09584349 0.02676116 -0.02456003
v -0.09657798 0.02354725 -0.02563021
v -0.08976119 0.01229921 -0.03054479
v -0.08692914 0.01229921 -0.03153229
v -0.08397644 0.01229921 -0.03230128
v -0.04158027 0.02028088 -0.00942505
v -0.04283661 0.02028088 -0.01222544
v -0.04431942 0.02829458 -0.00833001
v -0.04252415 0.02676116 -0.00601787
v -0.04346349 0.02676116 -0.00867219
v -0.04680567 0.02829458 -0.01332174
v -0.04057600 0.02465468 -0.00189788
v -0.04035091 0.02347099 -0.00282656
v -0.04052294 0.02354725 -0.00352934
v -0.04128412 0.02354725 -0.00640140
v -0.04225824 0.02354725 -0.00915402
v -0.04348984 0.02354725 -0.01189926
v -0.04490620 0.02354725 -0.01447043
v -0.04428143 0.02028088 -0.01484825
v -0.04649241 0.02354725 -0.01687307
v -0.04766420 0.02028088 -0.01956427
v -0.04822237 0.02354725 -0.01909358
v -0.04465111 0.02676116 -0.01131940
v -0.04601689 0.02676116 -0.01379875
v -0.04991932 0.02829458 -0.01766257
v -0.04754646 0.02676116 -0.01611559
v -0.05150924 0.02028088 -0.02349194
v -0.05199169 0.02354725 -0.02294391
v -0.05001117 0.02354725 -0.02106371
v -0.04921464 0.02676116 -0.01825682
v -0.05093956 0.02676116 -0.02015660
v -0.05345845 0.02829458 -0.02127775
v -0.05284936 0.02676116 -0.02196965
v -0.05486567 0.02676116 -0.02361588
v -0.05754182 0.02829458 -0.02436137
v -0.05594555 0.02028088 -0.02684210
v -0.06089459 0.02028088 -0.02951900
v -0.06119222 0.02354725 -0.02885228
v -0.05869924 0.02354725 -0.02762294
v -0.05634064 0.02354725 -0.02622809
v -0.05408267 0.02354725 -0.02465110
v -0.05704301 0.02676116 -0.02513656
v -0.05931738 0.02676116 -0.02648160
v -0.06209711 0.02829458 -0.02682531
v -0.06172134 0.02676116 -0.02766704
v -0.06420603 0.02676116 -0.02866429
v -0.06702420 0.02829458 -0.02858559
v -0.04399948 0.01667559 -0.01501876
v -0.04741232 0.01667559 -0.01977669
v -0.05129152 0.01667559 -0.02373926
v -0.05576725 0.01667559 -0.02711918
v -0.06076027 0.01667559 -0.02981988
v -0.06616080 0.01667559 -0.03174930
v -0.06624755 0.02028088 -0.03143143
v -0.06919499 0.02028088 -0.03210822
v -0.07802165 0.02028088 -0.03268509
v -0.07512898 0.02354725 -0.03199841
v -0.07219522 0.02028088 -0.03254307
v -0.07227033 0.02354725 -0.03181681
v -0.06932919 0.02354725 -0.03139052
v -0.06643978 0.02354725 -0.03072706
v -0.06376892 0.02354725 -0.02988646
v -0.06678151 0.02676116 -0.02947487
v -0.06956774 0.02676116 -0.03011464
v -0.07249868 0.02829458 -0.02960879
v -0.07240386 0.02676116 -0.03052570
v -0.07786157 0.02829458 -0.02973950
v -0.08388766 0.02028088 -0.03189299
v -0.08088776 0.02354725 -0.03168089
v -0.07798203 0.02354725 -0.03195602
v -0.07516042 0.02676116 -0.03070082
v -0.07791159 0.02676116 -0.03065995
v -0.08326089 0.02829458 -0.02901042
v -0.07216132 0.01667559 -0.03287083
v -0.07803953 0.01667559 -0.03301410
v -0.08395767 0.01667559 -0.03221495
v -0.08680746 0.02028088 -0.03113257
v -0.08071356 0.02676116 -0.03039464
v -0.08345675 0.02676116 -0.02991117
v -0.08852609 0.02829458 -0.02741169
v -0.09414501 0.02354725 -0.02716207
v -0.09181128 0.02354725 -0.02839512
v -0.08934018 0.02354725 -0.02947680
v -0.08659483 0.02354725 -0.03043408
v -0.08373253 0.02354725 -0.03117952
v -0.08621683 0.02676116 -0.02919235
v -0.08886415 0.02676116 -0.02826926
v -0.09124700 0.02676116 -0.02722620
v -0.09247037 0.02973064 -0.02425326
v -0.08760451 0.03103307 -0.02507394
v -0.08810923 0.02973064 -0.02635425
v -0.08272699 0.03103307 -0.02655496
v -0.08301939 0.02973064 -0.02789974
v -0.07772521 0.03103307 -0.02723036
v -0.07779989 0.02973064 -0.02860454
v -0.07275718 0.03103307 -0.02710928
v -0.07261561 0.02973064 -0.02847818
v -0.06768578 0.03103307 -0.02616141
v -0.06732345 0.02973064 -0.02748906
v -0.06312146 0.03103307 -0.02453073
v -0.06256046 0.02973064 -0.02578740
v -0.05890157 0.03103307 -0.02224822
v -0.05815687 0.02973064 -0.02340553
v -0.05511885 0.03103307 -0.01939164
v -0.05420950 0.02973064 -0.02042460
v -0.05184030 0.03103307 -0.01604263
v -0.05078824 0.02973064 -0.01692982
v -0.04895591 0.03103307 -0.01202142
v -0.04777829 0.02973064 -0.01273356
v -0.04665272 0.03103307 -0.00739721
v -0.04537485 0.02973064 -0.00790808
v -0.04514335 0.03103307 -0.00250488
v -0.04379979 0.02973064 -0.00280278
v -0.04444753 0.03103307 0.00249566
v -0.04454920 0.03103307 0.00747305
v -0.08629531 0.03309223 -0.02175289
v -0.08700287 0.03216564 -0.02354776
v -0.08196851 0.03309223 -0.02306669
v -0.08237843 0.03216564 -0.02495193
v -0.07753149 0.03309223 -0.02366583
v -0.07763619 0.03216564 -0.02559229
v -0.07312441 0.03309223 -0.02355841
v -0.07292594 0.03216564 -0.02547749
v -0.06862562 0.03309223 -0.02271757
v -0.06811768 0.03216564 -0.02457880
v -0.06457668 0.03309223 -0.02127102
v -0.06379020 0.03216564 -0.02303274
v -0.06083325 0.03309223 -0.01924622
v -0.05978927 0.03216564 -0.02086866
v -0.05747765 0.03309223 -0.01671218
v -0.05620283 0.03216564 -0.01816030
v -0.05456929 0.03309223 -0.01374132
v -0.05309440 0.03216564 -0.01498507
v -0.05201057 0.03309223 -0.01017415
v -0.05035967 0.03216564 -0.01117251
v -0.04996744 0.03309223 -0.00607207
v -0.04817599 0.03216564 -0.00678825
v -0.04862850 0.03309223 -0.00173213
v -0.04674495 0.03216564 -0.00214976
v -0.04801124 0.03309223 0.00270379
v -0.04608523 0.03216564 0.00259130
v -0.04810143 0.03309223 0.00711917
v -0.04618162 0.03216564 0.00731042
v -0.04886068 0.03309223 0.01137481
v -0.04699310 0.03216564 0.01185881
v -0.05026004 0.03309223 0.01545414
v -0.05641456 0.03379790 0.02116816
v -0.05411461 0.03379790 0.01804311
v -0.05229457 0.03379790 0.01457590
v -0.05100578 0.03379790 0.01081889
v -0.05030652 0.03379790 0.00689950
v -0.05022346 0.03379790 0.00283298
v -0.05079195 0.03379790 -0.00125244
v -0.05202509 0.03379790 -0.00524947
v -0.05390679 0.03379790 -0.00902743
v -0.05626334 0.03379790 -0.01231275
v -0.05894190 0.03379790 -0.01504888
v -0.06203237 0.03379790 -0.01738270
v -0.06548002 0.03379790 -0.01924752
v -0.06920905 0.03379790 -0.02057977
v -0.07335237 0.03379790 -0.02135418
v -0.07741124 0.03379790 -0.02145310
v -0.08149768 0.03379790 -0.02090130
v -0.08548260 0.03379790 -0.01969131
v -0.08889703 0.03379790 -0.01804641
v -0.08637030 0.03466052 -0.01365754
v -0.08362532 0.03466052 -0.01497995
v -0.08042168 0.03466052 -0.01595271
v -0.07713643 0.03466052 -0.01639632
v -0.07387333 0.03466052 -0.01631679
v -0.07054235 0.03466052 -0.01569422
v -0.06754443 0.03466052 -0.01462316
v -0.06477273 0.03466052 -0.01312396
v -0.06228818 0.03466052 -0.01124771
v -0.06013477 0.03466052 -0.00904803
v -0.05824025 0.03466052 -0.00640683
v -0.05672748 0.03466052 -0.00336957
v -0.05573610 0.03466052 -0.00015620
v -0.05527907 0.03466052 0.00312824
v -0.05534585 0.03466052 0.00639747
v -0.05590801 0.03466052 0.00954843
v -0.05694413 0.03466052 0.01256884
v -0.05840733 0.03466052 0.01535627
v -0.06025635 0.03466052 0.01786863
v -0.07079189 0.01570397 0.04130181
v -0.08073559 0.00024282 0.04150014
v -0.08056580 0.00087482 0.04152324
v -0.08010527 0.00181924 0.04158330
v -0.07875249 0.00369654 0.04173419
v -0.07935717 0.00416541 0.04162447
v -0.07854614 0.00512303 0.04168826
v -0.07753225 0.00625213 0.04174973
v -0.07236631 0.01264582 0.04160526
v -0.07528569 0.00975243 0.04174301
v -0.06852677 0.01805444 0.04080857
v -0.05720891 0.03194465 0.02819973
v -0.05793630 0.03169035 0.02923570
v -0.05868844 0.03123403 0.03053175
v -0.05957840 0.03032701 0.03234437
v -0.06008095 0.02963526 0.03340559
v -0.06058125 0.02886559 0.03439729
v -0.06110862 0.02801903 0.03532764
v -0.06167269 0.02711312 0.03618557
v -0.06248419 0.02584568 0.03720583
v -0.06337880 0.02451229 0.03810476
v -0.06425001 0.02327540 0.03881211
v -0.06518033 0.02201553 0.03942909
v -0.06634504 0.02054155 0.04003482
v -0.06759985 0.01907509 0.04052579
v -0.05556723 0.03141265 0.02903808
v -0.05561151 0.03142011 0.02901370
v -0.05627260 0.03116507 0.02990189
v -0.05632542 0.03159216 0.02863382
v -0.05603132 0.03081330 0.03094597
v -0.05494092 0.03134701 0.02939284
v -0.05519018 0.03136419 0.02924941
v -0.05790615 0.02854167 0.03462190
v -0.05708480 0.02975929 0.03296241
v -0.05781736 0.02983549 0.03272491
v -0.05698208 0.02989052 0.03275060
v -0.05696745 0.03072335 0.03104660
v -0.05808357 0.02825353 0.03495382
v -0.05881498 0.02835259 0.03472097
v -0.05905229 0.02663969 0.03653021
v -0.05992990 0.02652285 0.03650481
v -0.06355628 0.02114055 0.03971982
v -0.06204998 0.02200888 0.03947005
v -0.06169201 0.02377546 0.03842015
v -0.06099891 0.02354888 0.03867885
v -0.06076689 0.02518523 0.03752576
v -0.06042861 0.02442193 0.03815804
v -0.05921108 0.02637648 0.03675095
v -0.06592544 0.01709522 0.04114863
v -0.06395878 0.01944361 0.04048938
v -0.06289120 0.02084119 0.03997645
v -0.07176066 0.01212355 0.04171027
v -0.06883644 0.01399503 0.04168883
v -0.06935842 0.01451830 0.04146614
v -0.06703620 0.01695206 0.04103361
v -0.06607624 0.01802381 0.04077288
v -0.07874029 0.00371148 0.04173538
v -0.07794421 0.00465132 0.04180642
v -0.07694220 0.00576854 0.04187763
v -0.07564041 0.00715492 0.04194041
v -0.07141081 0.01141748 0.04191136
v -0.06544989 0.01997194 0.04012991
v -0.06673352 0.01846033 0.04060541
v -0.06767893 0.01741290 0.04087507
v -0.06997603 0.01501970 0.04133286
v -0.06425784 0.02149363 0.03953610
v -0.06068470 0.02673751 0.03631823
v -0.06151005 0.02543455 0.03733558
v -0.06242146 0.02406195 0.03822926
v -0.06330912 0.02278969 0.03892882
v -0.05858265 0.02999496 0.03252611
v -0.05908037 0.02930426 0.03356081
v -0.05958110 0.02852727 0.03453887
v -0.06011295 0.02766529 0.03546307
v -0.05771663 0.03088731 0.03079667
v -0.05699774 0.03133335 0.02959132
v -0.05299817 -0.03421605 0.03409003
v -0.05238545 -0.03331203 0.03401878
v -0.05098687 -0.03173289 0.03430444
v -0.05170548 -0.03247528 0.03409381
v -0.05023186 -0.03108211 0.03464535
v -0.04946714 -0.03054360 0.03510228
v -0.04871076 -0.03012592 0.03566062
v -0.04801957 -0.03036936 0.03545752
v -0.04770703 -0.03025849 0.03571340
v -0.04875762 -0.03070867 0.03491908
v -0.05037366 -0.03182685 0.03405759
v -0.04977685 -0.03135232 0.03432372
v -0.04959101 -0.03121965 0.03441933
v -0.04959083 -0.03121952 0.03441942
v -0.05182938 -0.03334512 0.03371265
v -0.05158604 -0.03304923 0.03373484
v -0.05112064 -0.03253437 0.03382028
v -0.05073047 -0.03214800 0.03393006
v -0.05241235 -0.03414570 0.03373683
v -0.01071378 -0.03598665 0.03811969
v -0.00761190 -0.03561523 0.04088407
v -0.01267020 -0.03472846 0.04147410
v 0.03291743 -0.00718905 0.05247163
v 0.03237700 -0.00959663 0.05221810
v 0.03378407 -0.00951608 0.04976824
v 0.02529220 -0.01183956 0.05712512
v 0.02598753 -0.00951331 0.05747179
v 0.02311950 -0.00938335 0.05851469
v 0.01666048 -0.03145994 0.04417581
v 0.01825309 -0.03138364 0.04203173
v 0.02165667 -0.02883209 0.04382595
v -0.01364426 -0.02372609 0.05178469
v -0.01163638 -0.02101175 0.05339434
v -0.02083029 -0.01965414 0.05158014
v -0.01357956 -0.01567623 0.05452888
v -0.01446882 -0.01483302 0.05451561
v -0.01807812 -0.01366768 0.05390908
v -0.06035830 -0.01117702 0.04431540
v -0.06014413 -0.00561664 0.04528324
v -0.04314692 -0.02492993 0.04258253
v -0.01117097 -0.03629055 0.02607702
v -0.01059449 -0.03640385 0.02541833
v -0.00707593 -0.03710882 0.02675079
v 0.02077180 -0.00455446 0.05966909
v 0.03176762 -0.00226979 0.05487261
v 0.02995926 -0.00024699 0.05647699
v 0.02963995 -0.00226404 0.05663441
v 0.02969535 -0.00024699 0.05666102
v 0.02724934 -0.00024699 0.05803266
v 0.03351588 -0.00226352 0.05275078
v 0.03229149 -0.00024701 0.05440546
v 0.03182295 -0.00024700 0.05489875
v 0.03598774 -0.00024707 0.04750412
v 0.03495527 -0.00024704 0.05029811
v 0.03489855 -0.00224521 0.05028077
v 0.03404802 -0.00024703 0.05202884
v 0.03357055 -0.00024702 0.05277619
v 0.03717543 -0.00429934 0.03737823
v 0.03724033 -0.00024715 0.04013401
v 0.03671061 -0.00024710 0.04440346
v 0.03740891 -0.00263094 0.03065513
v 0.03747531 -0.00108789 0.03068127
v 0.03748474 -0.00024399 0.03068497
v 0.03642895 -0.00870531 0.03706327
v 0.03679109 -0.00742713 0.03041173
v 0.03729290 -0.00403575 0.03060945
v 0.03488264 -0.01397288 0.02965831
v 0.03627442 -0.00969739 0.03020798
v 0.03663870 -0.00816833 0.03035165
v 0.03517409 -0.01296118 0.03653128
v 0.03344652 -0.01699861 0.03579359
v 0.03399725 -0.01603984 0.02930808
v 0.02546324 -0.02776263 0.02592513
v 0.02760437 -0.02561267 0.02677405
v 0.02589783 -0.02726959 0.03250924
v 0.02975190 -0.02305446 0.02762563
v 0.02875566 -0.02419330 0.03376335
v 0.03008507 -0.02261292 0.02775776
v 0.03128948 -0.02075816 0.03486467
v 0.03178739 -0.02011761 0.02843272
v 0.03377892 -0.01650165 0.02922167
v 0.02276880 -0.02996513 0.03112203
v 0.02417931 -0.02889812 0.02541602
v 0.02538294 -0.02783677 0.02589329
v 0.01985668 -0.03204908 0.02370200
v 0.01991392 -0.03201325 0.02372469
v 0.01942055 -0.03226460 0.02962154
v 0.01759143 -0.03335699 0.02280378
v 0.01589978 -0.03416156 0.02802638
v 0.01377156 -0.03512095 0.02128911
v 0.01225124 -0.03565356 0.02635527
v 0.01365738 -0.03516587 0.02124384
v 0.00851453 -0.03674245 0.02462592
v 0.00649298 -0.03717818 0.01840300
v 0.00692850 -0.03709878 0.01857570
v 0.00472540 -0.03743225 0.02285545
v 0.00736815 -0.03701321 0.01875004
v 0.01030375 -0.03629956 0.01991413
v -0.00287972 -0.03763526 0.01926386
v -0.00678215 -0.03713729 0.01937849
v -0.00536639 -0.03736362 0.01637162
v 0.00088271 -0.03773656 0.01617842
v 0.00091729 -0.03772799 0.02106209
v -0.00001526 -0.03774739 0.01582236
v -0.00197297 -0.03769602 0.01504610
v -0.00442300 -0.03748738 0.01407465
v -0.00975848 -0.03667003 0.02945893
v -0.01251268 -0.03603041 0.02735195
v -0.01217003 -0.03609633 0.02705894
v -0.01293531 -0.03613241 0.03135110
v -0.01590079 -0.03539408 0.02925776
v -0.01402781 -0.03574299 0.02840964
v -0.02089688 -0.03452069 0.03009429
v -0.01911409 -0.03481920 0.02995864
v -0.01664178 -0.03552266 0.03242722
v -0.01811313 -0.03499396 0.02981520
v -0.01680680 -0.03522831 0.02953313
v -0.02088547 -0.03487398 0.03274325
v -0.02456731 -0.03396780 0.03004392
v -0.04146024 -0.03273205 0.03012212
v -0.04023287 -0.03272191 0.02899793
v -0.03654739 -0.03305944 0.03030787
v -0.03862145 -0.03248958 0.02762110
v -0.03736906 -0.03279465 0.02878619
v -0.03161653 -0.03310353 0.02907330
v -0.03313943 -0.03275643 0.03637472
v -0.04585792 -0.03129274 0.03441021
v -0.04487946 -0.03179582 0.03353471
v -0.04510054 -0.02891418 0.03839254
v -0.04607641 -0.03046549 0.03591390
v -0.03136808 -0.03185463 0.03921456
v -0.06068251 -0.01656649 0.04264035
v -0.05091857 -0.00024725 0.04754498
v -0.03812195 -0.00604227 0.05019130
v -0.03788889 -0.00301053 0.05046790
v -0.03851140 -0.00902973 0.04971740
v -0.01494352 -0.01434007 0.05451188
v -0.01633826 -0.01267927 0.05451453
v -0.01936043 -0.01676231 0.05285753
v -0.01134063 -0.01742164 0.05459809
v -0.01155818 -0.01727252 0.05458914
v -0.03904242 -0.01195201 0.04904519
v -0.00096383 -0.02096037 0.05553725
v -0.00229434 -0.02083677 0.05536480
v -0.00309717 -0.02241503 0.05462645
v -0.00337084 -0.02067207 0.05523564
v -0.00506186 -0.02029322 0.05505230
v -0.00763841 -0.01941634 0.05482126
v -0.00772085 -0.01938191 0.05481486
v 0.00709777 -0.02051512 0.05659535
v 0.00587661 -0.02020112 0.05662841
v 0.00460858 -0.02373268 0.05504737
v 0.00540842 -0.02033056 0.05654370
v 0.00459808 -0.02052627 0.05640034
v 0.00182556 -0.02093621 0.05594262
v 0.00104589 -0.02098160 0.05582353
v 0.01097347 -0.01791953 0.05763217
v 0.00951901 -0.01874908 0.05733139
v 0.01072148 -0.02104956 0.05646527
v 0.00849528 -0.01924190 0.05712628
v 0.01205377 -0.01719313 0.05786226
v 0.01302209 -0.01737273 0.05778689
v 0.01319188 -0.01631061 0.05811037
v 0.01843117 -0.01364553 0.05845011
v 0.01646147 -0.01777296 0.05738881
v 0.01420980 -0.01540243 0.05833688
v 0.01989174 -0.00920871 0.05921571
v -0.01576866 -0.02615219 0.04995414
v -0.02244288 -0.02232693 0.05008035
v -0.02415693 -0.02476946 0.04835898
v -0.04045581 -0.01752415 0.04709716
v -0.03969746 -0.01478952 0.04817284
v -0.00547797 -0.02517769 0.05292005
v -0.00798894 -0.02759293 0.05099566
v -0.00887726 -0.01885401 0.05473191
v -0.00095066 -0.02896227 0.05127854
v 0.00225856 -0.02958010 0.05108166
v 0.00525673 -0.02716234 0.05309187
v 0.00524577 -0.03013207 0.05063225
v 0.00800107 -0.03060305 0.04991226
v 0.01123325 -0.02816668 0.05192744
v 0.01052025 -0.03098080 0.04891119
v 0.01280148 -0.03125456 0.04762191
v 0.01617653 -0.02878374 0.04959044
v 0.00190086 -0.02654838 0.05326929
v 0.00810394 -0.02431915 0.05489301
v 0.02440433 -0.02249001 0.05124377
v 0.02228560 -0.02240073 0.05293597
v 0.01936620 -0.02583233 0.05137042
v 0.01406563 -0.02151803 0.05605208
v 0.01133880 -0.02483605 0.05446491
v 0.00837158 -0.02770692 0.05265100
v 0.02147002 -0.02594613 0.04970961
v 0.01825627 -0.02892225 0.04796716
v 0.01484670 -0.03141629 0.04604271
v 0.02007939 -0.02893887 0.04604204
v 0.01963811 -0.03118820 0.03962593
v 0.02300268 -0.02860317 0.04133492
v 0.02083540 -0.03087951 0.03698336
v 0.02329125 -0.02593971 0.04773340
v 0.02621492 -0.02246684 0.04922356
v 0.02484124 -0.02581197 0.04545288
v 0.02772932 -0.02233046 0.04688670
v 0.03023783 -0.01841596 0.04810080
v 0.02876258 -0.01854706 0.05048525
v 0.01429860 -0.02526829 0.05374261
v 0.01711323 -0.02190651 0.05533414
v 0.01958439 -0.01810253 0.05667678
v 0.02161473 -0.01390291 0.05774407
v 0.02445266 -0.01409579 0.05670217
v 0.02347868 -0.01627039 0.05620534
v 0.02238011 -0.01835187 0.05563705
v 0.01985514 -0.02220393 0.05429849
v 0.01697588 -0.02560386 0.05271394
v 0.01383593 -0.02852922 0.05090985
v 0.02691165 -0.00470176 0.05792800
v 0.02402592 -0.00463906 0.05897130
v 0.03116223 -0.00720941 0.05458551
v 0.02903384 -0.00718888 0.05634199
v 0.03061580 -0.00962261 0.05432474
v 0.02848695 -0.00959411 0.05607637
v 0.02991405 -0.01197810 0.05398767
v 0.02778491 -0.01194107 0.05573300
v 0.02906590 -0.01426379 0.05357659
v 0.02693689 -0.01421762 0.05531417
v 0.02808075 -0.01646799 0.05309393
v 0.02595256 -0.01641203 0.05482231
v 0.02696803 -0.01857915 0.05254212
v 0.02484165 -0.01851270 0.05425989
v 0.02573854 -0.02058852 0.05192421
v 0.02361521 -0.02051092 0.05362992
v 0.03228061 -0.01411922 0.04906838
v 0.03168262 -0.01194794 0.05189040
v 0.03084278 -0.01423107 0.05149077
v 0.02986643 -0.01643457 0.05102158
v 0.03646388 -0.00454205 0.04429451
v 0.03485674 -0.00938209 0.04699324
v 0.03562673 -0.00919834 0.04392330
v 0.03339832 -0.01392980 0.04632728
v 0.03422616 -0.01366800 0.04329711
v 0.03141173 -0.01818766 0.04540628
v 0.03231263 -0.01786842 0.04243065
v 0.02896436 -0.02208268 0.04425027
v 0.02994626 -0.02173036 0.04134237
v 0.02613566 -0.02556453 0.04288466
v 0.02719854 -0.02520433 0.04005587
v 0.02413929 -0.02825873 0.03859503
v 0.03431309 -0.00712773 0.05001218
v 0.03634410 -0.00024709 0.04616714
v 0.03573011 -0.00463283 0.04738818
v 0.03468582 -0.00469931 0.05018336
v 0.03329838 -0.00473968 0.05264953
v 0.03154757 -0.00475335 0.05476848
v 0.02941961 -0.00474036 0.05652835
v 0.02380652 -0.00024699 0.05923720
v 0.00578153 -0.03480063 0.04321548
v 0.00364637 -0.03451063 0.04442219
v 0.00019754 -0.03562868 0.04197233
v -0.00203000 -0.03526998 0.04287641
v -0.00320648 -0.03634033 0.03941175
v -0.00654025 -0.03665749 0.03676386
v -0.00978636 -0.03658598 0.03406204
v 0.00772458 -0.03499908 0.04174676
v 0.00412334 -0.03612768 0.03941957
v 0.00055040 -0.03684295 0.03700109
v -0.00296641 -0.03716291 0.03451413
v -0.00640693 -0.03710105 0.03198805
v 0.01105917 -0.03510167 0.03803997
v 0.00737778 -0.03629928 0.03588741
v 0.00369639 -0.03708147 0.03365879
v 0.00004548 -0.03746677 0.03137564
v -0.00355106 -0.03747108 0.02906340
v 0.01373595 -0.03480849 0.03339872
v 0.01004262 -0.03613096 0.03146821
v 0.00630970 -0.03704132 0.02947248
v 0.00257041 -0.03755320 0.02743110
v -0.00114679 -0.03767941 0.02536580
v -0.00481868 -0.03743186 0.02329932
v -0.00876915 -0.03676488 0.02289214
v 0.01734965 -0.03306111 0.03524413
v 0.01470102 -0.03346895 0.04009549
v 0.01310752 -0.03350818 0.04216031
v 0.01131585 -0.03343571 0.04396177
v 0.00931618 -0.03325368 0.04548969
v 0.00710362 -0.03296810 0.04674181
v 0.00467561 -0.03258679 0.04771948
v 0.00203283 -0.03212003 0.04842926
v -0.00082192 -0.03157945 0.04888086
v -0.00388075 -0.03097931 0.04909118
v -0.04314172 -0.03245991 0.03179095
v -0.04226308 -0.03264711 0.03090233
v -0.03486755 -0.03317740 0.03337502
v -0.03571362 -0.03318743 0.03184249
v -0.03088378 -0.03360735 0.03154572
v -0.02768681 -0.03355591 0.02972642
v -0.02622135 -0.03374448 0.02990728
v -0.02679210 -0.03389684 0.03090553
v -0.02564429 -0.03422329 0.03240745
v -0.02885291 -0.03381851 0.03461025
v -0.03400934 -0.03303171 0.03489007
v -0.04409403 -0.03214051 0.03276379
v -0.01823479 -0.03525433 0.03570475
v -0.02328896 -0.03452567 0.03543798
v -0.02085555 -0.03435963 0.03842614
v -0.02675860 -0.03352524 0.03761946
v -0.04411921 -0.02704580 0.04061348
v -0.02956512 -0.03054840 0.04184396
v -0.02241012 -0.03161725 0.04317131
v -0.02460676 -0.03277186 0.04048917
v -0.01578687 -0.03275188 0.04400618
v -0.01835035 -0.03375490 0.04129719
v -0.01549414 -0.03520063 0.03863657
v -0.01372628 -0.03595682 0.03528259
v -0.04220027 -0.02261664 0.04431117
v -0.02593535 -0.02696764 0.04641517
v -0.02774702 -0.02890401 0.04424454
v -0.01796245 -0.02828286 0.04790746
v -0.02018703 -0.03011048 0.04564583
v -0.01057330 -0.02966024 0.04886388
v -0.01318511 -0.03138164 0.04653160
v -0.00683706 -0.03260995 0.04671952
v -0.00977730 -0.03386027 0.04417596
v -0.00392962 -0.03317428 0.04650424
v -0.00702016 -0.03437549 0.04396649
v -0.00120988 -0.03368738 0.04605903
v -0.00443613 -0.03484912 0.04353829
v 0.00131598 -0.03413638 0.04536802
v -0.07600954 -0.06877065 0.00433894
v -0.04040857 -0.03247955 0.02621863
v -0.03973339 -0.03239486 0.02677182
v -0.04075490 -0.03262291 0.02757443
v -0.04635576 -0.03144629 0.03396545
v -0.04545190 -0.03188039 0.03316037
v -0.05084901 -0.03484314 0.03227600
v -0.04421839 -0.03495938 0.02450402
v -0.04366645 -0.03419576 0.02505591
v -0.04476925 -0.03450487 0.02616382
v -0.04570071 -0.03466503 0.02716401
v -0.04660748 -0.03472310 0.02820004
v -0.04757364 -0.03466899 0.02935576
v -0.04848900 -0.03450569 0.03045860
v -0.04933984 -0.03426814 0.03143740
v -0.05018423 -0.03397781 0.03231615
v -0.05167488 -0.03453196 0.03307875
v -0.05101980 -0.03365834 0.03307854
v -0.05029232 -0.03287307 0.03320919
v -0.04871303 -0.03163531 0.03382335
v -0.04952205 -0.03219940 0.03345921
v -0.04789303 -0.03119734 0.03428712
v -0.04729037 -0.03095786 0.03468630
v -0.04459320 -0.03223070 0.03231149
v -0.04372233 -0.03249614 0.03141298
v -0.04283999 -0.03266152 0.03051130
v -0.04202548 -0.03272593 0.02971715
v -0.04118313 -0.03271391 0.02894199
v -0.04015566 -0.03260453 0.02804395
v -0.03917234 -0.03240747 0.02720962
v -0.04132863 -0.03279298 0.02541257
v -0.04102392 -0.03266130 0.02568687
v -0.04155209 -0.03278389 0.02692799
v -0.04080428 -0.03258411 0.02587993
v -0.04056794 -0.03251651 0.02608357
v -0.04177991 -0.03304662 0.02499085
v -0.04159597 -0.03293417 0.02516513
v -0.04231720 -0.03310274 0.02628127
v -0.04202771 -0.03321998 0.02475029
v -0.04328093 -0.03466230 0.02338452
v -0.04319964 -0.03452565 0.02348448
v -0.04296744 -0.03418000 0.02375821
v -0.04259735 -0.03373315 0.02416706
v -0.04179015 -0.03276379 0.02848493
v -0.04264331 -0.03280066 0.02927832
v -0.04346915 -0.03275841 0.03009340
v -0.04436097 -0.03261545 0.03101575
v -0.04523480 -0.03237297 0.03192680
v -0.04608808 -0.03204900 0.03277733
v -0.04697821 -0.03164791 0.03357587
v -0.04260043 -0.03296806 0.02786765
v -0.04347034 -0.03303824 0.02869618
v -0.04431364 -0.03302479 0.02955008
v -0.04522065 -0.03290980 0.03051216
v -0.04610093 -0.03269489 0.03145194
v -0.04694920 -0.03240214 0.03231572
v -0.04782299 -0.03204039 0.03311586
v -0.04338140 -0.03333016 0.02726409
v -0.04427024 -0.03343257 0.02813944
v -0.04513316 -0.03344595 0.02904380
v -0.04605790 -0.03335559 0.03005875
v -0.04694737 -0.03316356 0.03104059
v -0.04779348 -0.03289615 0.03193042
v -0.04865392 -0.03256667 0.03274450
v -0.04944241 -0.03321165 0.03247630
v -0.04859183 -0.03351719 0.03163615
v -0.04774490 -0.03376608 0.03070809
v -0.04684376 -0.03394083 0.02967199
v -0.04589931 -0.03401081 0.02859258
v -0.04501523 -0.03397353 0.02762757
v -0.04410586 -0.03384106 0.02669507
v -0.04302353 -0.03357193 0.02565628
v -0.03165507 -0.02997176 0.01777723
v -0.03191074 -0.03001314 0.01828291
v -0.03232137 -0.02989102 0.01816626
v -0.03675861 -0.03186659 0.02557364
v -0.03642237 -0.03154901 0.02466425
v -0.03612967 -0.03160718 0.02482665
v -0.04219065 -0.03411379 0.02219432
v -0.04182991 -0.03360498 0.02261711
v -0.04248247 -0.03465411 0.02181123
v -0.03992164 -0.03449178 0.01506763
v -0.04087298 -0.03455301 0.01800989
v -0.04139987 -0.03314244 0.02307518
v -0.04090314 -0.03274105 0.02356190
v -0.04034567 -0.03241473 0.02406851
v -0.03973674 -0.03217524 0.02458458
v -0.03841554 -0.03198660 0.02559870
v -0.03773313 -0.03204172 0.02607383
v -0.03821738 -0.03236944 0.02717953
v -0.03908858 -0.03203107 0.02509857
v -0.03729349 -0.03206592 0.02617578
v -0.03739725 -0.03210233 0.02628972
v -0.03712423 -0.03147328 0.02424525
v -0.03512134 -0.03114674 0.02352200
v -0.03525097 -0.03120775 0.02369759
v -0.03532204 -0.03119167 0.02366341
v -0.03538457 -0.03127032 0.02387604
v -0.03603078 -0.03107968 0.02330300
v -0.03588483 -0.03149939 0.02452238
v -0.03420867 -0.03072313 0.02221343
v -0.03435111 -0.03078718 0.02242651
v -0.03491474 -0.03067672 0.02218512
v -0.03471229 -0.03095410 0.02295177
v -0.03231781 -0.03008905 0.01904745
v -0.03306543 -0.03028216 0.02037305
v -0.03357838 -0.03016082 0.02019545
v -0.03379399 -0.03054571 0.02157292
v -0.03159306 -0.02945849 0.01492844
v -0.03102274 -0.02961088 0.01504702
v -0.03143420 -0.02993849 0.01732540
v -0.03044324 -0.02982363 0.01516104
v -0.03177883 -0.02942043 0.01488852
v -0.03303091 -0.02974791 0.01795688
v -0.03243826 -0.02932957 0.01474187
v -0.03377344 -0.02968613 0.01772548
v -0.03306904 -0.02930595 0.01459451
v -0.03339229 -0.02931768 0.01451632
v -0.03453579 -0.02971520 0.01747500
v -0.03397380 -0.02938004 0.01437106
v -0.03530227 -0.02984163 0.01720960
v -0.03449440 -0.02948223 0.01423582
v -0.03605559 -0.03006810 0.01693450
v -0.03551083 -0.02981838 0.01395650
v -0.03581562 -0.02995813 0.01386839
v -0.03677800 -0.03039286 0.01665568
v -0.03623585 -0.03018434 0.01374315
v -0.03745263 -0.03080961 0.01637946
v -0.03696107 -0.03068082 0.01351515
v -0.03806475 -0.03130789 0.01611208
v -0.03751527 -0.03117398 0.01332820
v -0.03780372 -0.03148172 0.01322518
v -0.03860287 -0.03187390 0.01585916
v -0.03792315 -0.03162177 0.01318111
v -0.03905933 -0.03249176 0.01562541
v -0.03848724 -0.03241729 0.01295798
v -0.03866017 -0.03272266 0.01288269
v -0.03943058 -0.03314470 0.01541431
v -0.03884253 -0.03309320 0.01279788
v -0.03929529 -0.03447245 0.01253593
v -0.03915675 -0.03393088 0.01262945
v -0.03971685 -0.03381637 0.01522806
v -0.03227537 -0.03008046 0.01897004
v -0.03903570 -0.03172351 0.01982495
v -0.03792258 -0.03099980 0.01830046
v -0.03844205 -0.03131861 0.02024698
v -0.03725725 -0.03062059 0.01864487
v -0.03779068 -0.03099913 0.02066976
v -0.03654599 -0.03033432 0.01898730
v -0.03709581 -0.03077336 0.02108363
v -0.03580542 -0.03014643 0.01932004
v -0.03637367 -0.03064534 0.02147933
v -0.03505295 -0.03005780 0.01963603
v -0.03564117 -0.03061466 0.02184868
v -0.03430551 -0.03006499 0.01992933
v -0.03407422 -0.03066396 0.02200907
v -0.04037910 -0.03451446 0.01657188
v -0.04017165 -0.03385811 0.01679555
v -0.04066328 -0.03393048 0.01831377
v -0.04127876 -0.03458348 0.01908391
v -0.04105320 -0.03398631 0.01942503
v -0.04148538 -0.03404001 0.02055663
v -0.04075225 -0.03340754 0.01980217
v -0.04116194 -0.03349072 0.02095842
v -0.04037346 -0.03286190 0.02021145
v -0.04076390 -0.03298010 0.02139380
v -0.03991745 -0.03236479 0.02064698
v -0.04029264 -0.03252336 0.02185646
v -0.03938843 -0.03193130 0.02110101
v -0.03975304 -0.03213509 0.02233811
v -0.03879433 -0.03157499 0.02156420
v -0.03915351 -0.03182809 0.02282880
v -0.03814654 -0.03130670 0.02202624
v -0.03850577 -0.03161220 0.02331759
v -0.03745926 -0.03113356 0.02247654
v -0.03782408 -0.03149340 0.02379328
v -0.03674849 -0.03105842 0.02290506
v -0.04173591 -0.03461326 0.02019264
v -0.03956036 -0.03220200 0.01941302
v -0.04000841 -0.03273975 0.01901954
v -0.04037610 -0.03332114 0.01865142
v -0.03886941 -0.03411115 0.01071021
v -0.03856491 -0.03317315 0.01085547
v -0.03813263 -0.03230156 0.01101734
v -0.03750709 -0.03141706 0.01121526
v -0.03590312 -0.03003569 0.01163733
v -0.03675526 -0.03065594 0.01142405
v -0.03410256 -0.02927801 0.01203469
v -0.03507630 -0.02960829 0.01182746
v -0.03309892 -0.02910506 0.01223215
v -0.03209032 -0.02908828 0.01241546
v -0.03127748 -0.02918730 0.01255234
v -0.03051196 -0.02937589 0.01267206
v -0.02976120 -0.02965828 0.01278008
v -0.02940065 -0.02972044 0.01221727
v -0.02898416 -0.02961700 0.01058349
v -0.02961838 -0.02932766 0.01054404
v -0.02990697 -0.02922070 0.01052270
v -0.03030477 -0.02909671 0.01049005
v -0.03087543 -0.02896379 0.01043704
v -0.03432501 -0.02921506 0.00997158
v -0.03400385 -0.02911280 0.01002576
v -0.03292720 -0.02889383 0.01019036
v -0.03198478 -0.02884817 0.01031436
v -0.03169383 -0.02886070 0.01034898
v -0.03116266 -0.02891609 0.01040772
v -0.03476975 -0.02938730 0.00989235
v -0.03497203 -0.02947816 0.00985459
v -0.03546750 -0.02973684 0.00975713
v -0.03568812 -0.02986998 0.00971126
v -0.03578865 -0.02993464 0.00968981
v -0.03657822 -0.03054282 0.00950756
v -0.03735231 -0.03136976 0.00929715
v -0.03857987 -0.03390649 0.00879496
v -0.03835211 -0.03315721 0.00892646
v -0.03812318 -0.03261390 0.00902977
v -0.03794926 -0.03227355 0.00909830
v -0.03744021 -0.03148416 0.00927044
v -0.03850768 -0.03421453 0.00640060
v -0.03849316 -0.03410475 0.00642663
v -0.03853694 -0.03410679 0.00759214
v -0.02902089 -0.02932950 0.00929853
v -0.02914697 -0.02898515 0.00807030
v -0.02874815 -0.02946512 0.00929564
v -0.02855563 -0.02926524 0.00803502
v -0.02994569 -0.02897103 0.00927988
v -0.03008683 -0.02866955 0.00809650
v -0.02983615 -0.02873945 0.00809280
v -0.02928754 -0.02892836 0.00807643
v -0.03092476 -0.02874646 0.00923243
v -0.03106513 -0.02848840 0.00808978
v -0.03181254 -0.02866822 0.00916696
v -0.03196754 -0.02844531 0.00805499
v -0.03248249 -0.02847378 0.00802291
v -0.03283253 -0.02872098 0.00906623
v -0.03298695 -0.02853948 0.00798275
v -0.03367851 -0.02869245 0.00791320
v -0.03384205 -0.02892830 0.00893878
v -0.03398995 -0.02878640 0.00787610
v -0.03449511 -0.02897431 0.00780774
v -0.03481663 -0.02929080 0.00878670
v -0.03497426 -0.02919659 0.00773274
v -0.03572258 -0.02979953 0.00861460
v -0.03583988 -0.02972611 0.00756774
v -0.03655384 -0.03045828 0.00842235
v -0.03727631 -0.03125193 0.00821570
v -0.03700387 -0.03079768 0.00726296
v -0.03667095 -0.03043595 0.00736287
v -0.03664726 -0.03041219 0.00736952
v -0.03600616 -0.02985000 0.00753093
v -0.03809549 -0.03260655 0.00679178
v -0.03789600 -0.03215577 0.00690561
v -0.03786622 -0.03216531 0.00799950
v -0.03770060 -0.03178697 0.00700033
v -0.03734063 -0.03122729 0.00714722
v -0.03829515 -0.03315928 0.00778329
v -0.03824808 -0.03303263 0.00668598
v -0.03897458 -0.02603986 -0.00264621
v -0.03864033 -0.02560685 -0.00216001
v -0.03855170 -0.02675049 -0.00158752
v -0.03784236 -0.02937743 0.00155982
v -0.03776028 -0.03015421 0.00268752
v -0.03812812 -0.03088580 0.00240308
v -0.03728724 -0.02945446 0.00296813
v -0.03227035 -0.02347949 0.00146092
v -0.03195159 -0.02353218 0.00146665
v -0.03171530 -0.02407106 0.00173819
v -0.03182421 -0.02451346 0.00203613
v -0.03216706 -0.02448878 0.00203187
v -0.03237621 -0.02400168 0.00173172
v -0.03506842 -0.02498115 0.00132006
v -0.03434089 -0.02474487 0.00159566
v -0.03408111 -0.02566186 0.00237699
v -0.03567955 -0.02581142 0.00142182
v -0.03577242 -0.02528723 0.00099474
v -0.03316552 -0.02585664 0.00292455
v -0.03304070 -0.02620596 0.00331725
v -0.03385948 -0.02639471 0.00318320
v -0.03520961 -0.02901559 0.00649342
v -0.03440117 -0.02862785 0.00664958
v -0.03831520 -0.03265056 0.00414852
v -0.03805445 -0.03186154 0.00439244
v -0.03855105 -0.03239704 0.00184985
v -0.03036701 -0.02482264 0.00168696
v -0.03032820 -0.02489981 0.00172856
v -0.03055893 -0.02480383 0.00182105
v -0.02879545 -0.02791200 0.00451743
v -0.02965649 -0.02713014 0.00398287
v -0.02982104 -0.02678646 0.00357263
v -0.02922247 -0.02825107 0.00585812
v -0.02926891 -0.02695463 0.00328683
v -0.03000244 -0.02641769 0.00318856
v -0.02942318 -0.02665578 0.00298883
v -0.02950697 -0.02649465 0.00284130
v -0.02988127 -0.02614167 0.00273120
v -0.02963497 -0.02624916 0.00263199
v -0.03009848 -0.02571835 0.00240334
v -0.02987752 -0.02578265 0.00227773
v -0.03921316 -0.02649038 -0.00311259
v -0.03898839 -0.02874737 -0.00189084
v -0.03846831 -0.03345470 0.00390905
v -0.03768486 -0.03110049 0.00463587
v -0.03720657 -0.03038104 0.00487384
v -0.03662593 -0.02972023 0.00510104
v -0.03595520 -0.02950515 0.00631442
v -0.03354656 -0.02834906 0.00677942
v -0.03001824 -0.02837338 0.00697877
v -0.03088323 -0.02819956 0.00698081
v -0.03176966 -0.02813481 0.00694755
v -0.03266328 -0.02818432 0.00687967
v -0.03595213 -0.02913543 0.00531213
v -0.03523278 -0.02821500 0.00460165
v -0.03519908 -0.02864108 0.00550195
v -0.03442071 -0.02781569 0.00477401
v -0.03438266 -0.02824966 0.00566548
v -0.03356721 -0.02752618 0.00491042
v -0.03352179 -0.02796890 0.00579792
v -0.03269347 -0.02735165 0.00500497
v -0.03263631 -0.02780388 0.00589467
v -0.03182137 -0.02729100 0.00505228
v -0.03174681 -0.02775420 0.00595164
v -0.03097091 -0.02734055 0.00504771
v -0.03087247 -0.02781698 0.00596542
v -0.03015523 -0.02749274 0.00498878
v -0.03002689 -0.02798523 0.00593459
v -0.02938595 -0.02773920 0.00487348
v -0.03559135 -0.02629714 0.00187516
v -0.03485062 -0.02593705 0.00214993
v -0.03466509 -0.02668522 0.00299654
v -0.03368508 -0.02702529 0.00405605
v -0.03283480 -0.02683886 0.00415962
v -0.03720715 -0.02449732 -0.00072453
v -0.03643157 -0.02411696 -0.00014941
v -0.03598139 -0.02393999 0.00014152
v -0.03395486 -0.02346773 0.00111161
v -0.03377241 -0.02407912 0.00146796
v -0.03360486 -0.02458294 0.00181220
v -0.03344810 -0.02504329 0.00216892
v -0.03330110 -0.02547639 0.00254747
v -0.03532128 -0.02373015 0.00051749
v -0.03483846 -0.02361140 0.00075590
v -0.03464198 -0.02357122 0.00084412
v -0.03210158 -0.02645303 0.00379354
v -0.03198995 -0.02676134 0.00420903
v -0.03129917 -0.02647149 0.00378939
v -0.03117049 -0.02678898 0.00419843
v -0.03053540 -0.02658508 0.00371706
v -0.03038900 -0.02691455 0.00412412
v -0.03222956 -0.02611811 0.00339100
v -0.03237337 -0.02576398 0.00301308
v -0.03160735 -0.02576463 0.00303119
v -0.03144500 -0.02612813 0.00339746
v -0.03087930 -0.02585378 0.00297310
v -0.03069909 -0.02623015 0.00333153
v -0.03040911 -0.02560996 0.00250419
v -0.03019966 -0.02602604 0.00283338
v -0.03073410 -0.02552079 0.00258201
v -0.03053278 -0.02592986 0.00291378
v -0.03107216 -0.02545135 0.00263757
v -0.03306553 -0.02400500 0.00163875
v -0.03287548 -0.02449726 0.00196056
v -0.03269695 -0.02495162 0.00229599
v -0.03264628 -0.02344036 0.00142626
v -0.03227175 -0.02347930 0.00146084
v -0.03204155 -0.02402717 0.00174630
v -0.03149068 -0.02455736 0.00201816
v -0.03327041 -0.02342392 0.00131070
v -0.03366531 -0.02344174 0.00120444
v -0.03252914 -0.02538081 0.00265284
v -0.03196925 -0.02494302 0.00234764
v -0.03178230 -0.02537365 0.00268505
v -0.03161779 -0.02496928 0.00234288
v -0.03127633 -0.02501553 0.00231657
v -0.03094614 -0.02508148 0.00226783
v -0.03062854 -0.02516684 0.00219578
v -0.03116775 -0.02462042 0.00197697
v -0.03085673 -0.02470259 0.00191159
v -0.03195017 -0.02353245 0.00146663
v -0.03194535 -0.02353340 0.00146653
v -0.03139875 -0.02413358 0.00170631
v -0.03136295 -0.02368452 0.00140959
v -0.03109322 -0.02421494 0.00164960
v -0.03082131 -0.02390394 0.00125846
v -0.03080002 -0.02431537 0.00156698
v -0.03081160 -0.02392381 0.00126656
v -0.03075338 -0.02404314 0.00131603
v -0.03747561 -0.02780186 0.00085398
v -0.03691834 -0.02724078 0.00121824
v -0.03680538 -0.02810158 0.00220222
v -0.03615609 -0.02754871 0.00249782
v -0.03605260 -0.02822216 0.00348842
v -0.03531487 -0.02772361 0.00371330
v -0.03879981 -0.03034532 -0.00063497
v -0.03839113 -0.03163708 0.00212163
v -0.03861269 -0.02968458 -0.00027506
v -0.03832802 -0.02903492 0.00009866
v -0.03877836 -0.02817062 -0.00147819
v -0.03913566 -0.02632022 -0.00294113
v -0.03886817 -0.02725648 -0.00204024
v -0.03847348 -0.02760914 -0.00105051
v -0.03794796 -0.02840435 0.00047783
v -0.03737056 -0.02871683 0.00188677
v -0.03671498 -0.02880426 0.00323758
v -0.03451890 -0.02732192 0.00390492
v -0.03543713 -0.02707247 0.00276534
v -0.03628570 -0.02673522 0.00156162
v -0.03698438 -0.02668712 0.00070989
v -0.03760304 -0.02655757 -0.00018608
v -0.03705259 -0.02608367 0.00023232
v -0.03768360 -0.02479035 -0.00113379
v -0.03814981 -0.02626795 -0.00112878
v -0.03823233 -0.02520823 -0.00167802
v -0.03807959 -0.02706919 -0.00061679
v -0.02854272 -0.02856032 0.00572853
v -0.02848464 -0.02906789 0.00716855
v -0.03800207 -0.01625968 -0.00247264
v -0.03713524 -0.01616676 -0.00165676
v -0.03679525 -0.01877884 -0.00143935
v -0.03751924 -0.02183794 -0.00176592
v -0.03847374 -0.02233259 -0.00271435
v -0.03865175 -0.01930394 -0.00320892
v -0.03619794 -0.02275480 -0.00043236
v -0.03641095 -0.02145432 -0.00088826
v -0.03522282 -0.02120384 -0.00014110
v -0.03549751 -0.01992664 -0.00046921
v -0.03461901 -0.02113753 0.00016045
v -0.03461881 -0.01736310 -0.00010544
v -0.03506082 -0.01733878 -0.00030147
v -0.03538021 -0.01610760 -0.00040154
v -0.03598587 -0.01388145 -0.00046184
v -0.03574260 -0.01388068 -0.00030648
v -0.03569425 -0.01493029 -0.00045357
v -0.03216723 -0.02123130 0.00055195
v -0.03205739 -0.02147084 0.00059956
v -0.03235017 -0.02135756 0.00064820
v -0.03161285 -0.02240169 0.00081185
v -0.03143891 -0.02274721 0.00090205
v -0.03183083 -0.02258412 0.00098754
v -0.03943774 -0.02323808 -0.00414744
v -0.03909448 -0.02453624 -0.00323479
v -0.03736598 -0.02322501 -0.00131011
v -0.03835879 -0.02382767 -0.00226564
v -0.03493244 -0.02244463 0.00030086
v -0.03301030 -0.02235003 0.00096014
v -0.03344756 -0.02291064 0.00106062
v -0.03364169 -0.02232657 0.00081274
v -0.03428566 -0.02235951 0.00058955
v -0.03279467 -0.02293239 0.00119521
v -0.03247638 -0.02296728 0.00123053
v -0.03216539 -0.02301892 0.00124289
v -0.03157100 -0.02317460 0.00119424
v -0.03134710 -0.02292595 0.00095145
v -0.03111772 -0.02336254 0.00108064
v -0.03107498 -0.02344222 0.00110555
v -0.03209087 -0.02197762 0.00080613
v -0.03187097 -0.02186970 0.00068525
v -0.03175288 -0.02211604 0.00074208
v -0.03260777 -0.02072637 0.00051193
v -0.03236014 -0.02080530 0.00047437
v -0.03217789 -0.02120790 0.00054746
v -0.03286273 -0.02008650 0.00039551
v -0.03311409 -0.01944039 0.00029712
v -0.03298364 -0.01946186 0.00028596
v -0.03275942 -0.01993551 0.00034413
v -0.03266818 -0.02013130 0.00037045
v -0.03246034 -0.02058395 0.00043773
v -0.03357274 -0.01820351 0.00015340
v -0.03349255 -0.01837888 0.00017049
v -0.03336091 -0.01879048 0.00021493
v -0.03329843 -0.01879708 0.00021294
v -0.03306639 -0.01928786 0.00026606
v -0.03389691 -0.01747643 0.00008704
v -0.03370795 -0.01790382 0.00012515
v -0.03399724 -0.01805018 0.00009167
v -0.03403895 -0.01714867 0.00005961
v -0.03390394 -0.01746034 0.00008566
v -0.03420866 -0.01741303 0.00002788
v -0.03461930 -0.01615945 -0.00006131
v -0.03437424 -0.01635414 -0.00000000
v -0.03441586 -0.01678175 -0.00002274
v -0.03429982 -0.01653288 0.00001253
v -0.03481894 -0.01421536 0.00000000
v -0.03462595 -0.01498214 0.00000000
v -0.03501658 -0.01495419 -0.00010685
v -0.03439499 -0.01618999 0.00000000
v -0.03538296 -0.01387387 -0.00011556
v -0.03527337 -0.01386978 -0.00007013
v -0.03506436 -0.01385752 -0.00000980
v -0.03496065 -0.01384789 -0.00000021
v -0.03482560 -0.01419319 0.00000000
v -0.03567339 -0.01387998 -0.00026571
v -0.03533827 -0.01493949 -0.00025342
v -0.03670742 -0.01387314 -0.00100987
v -0.03746467 -0.01385385 -0.00170188
v -0.03730122 -0.01494203 -0.00169120
v -0.03818376 -0.01382913 -0.00247612
v -0.03853682 -0.01381525 -0.00291072
v -0.03958893 -0.01376823 -0.00469911
v -0.03938030 -0.01377819 -0.00422607
v -0.03937305 -0.01654502 -0.00426315
v -0.03886956 -0.01380126 -0.00336769
v -0.03877182 -0.01638702 -0.00335528
v -0.03884755 -0.01380221 -0.00333567
v -0.03624031 -0.01611322 -0.00094997
v -0.03600264 -0.01735767 -0.00085690
v -0.03575696 -0.01863670 -0.00070186
v -0.03692633 -0.01386844 -0.00119802
v -0.03647676 -0.01492698 -0.00099617
v -0.03498298 -0.01612566 -0.00020288
v -0.03431276 -0.01709647 0.00000099
v -0.03417756 -0.01682362 0.00003402
v -0.03424079 -0.01862725 0.00004832
v -0.03473001 -0.01859954 -0.00014254
v -0.03438294 -0.01986595 0.00008672
v -0.03404519 -0.01926175 0.00014936
v -0.03384529 -0.01989414 0.00026853
v -0.03493661 -0.01987794 -0.00016246
v -0.03401971 -0.02111563 0.00040028
v -0.03364146 -0.02052181 0.00040750
v -0.03343409 -0.02114210 0.00056797
v -0.03383246 -0.02172732 0.00059323
v -0.03322357 -0.02175239 0.00075162
v -0.03378118 -0.01869009 0.00016977
v -0.03356024 -0.01932975 0.00026339
v -0.03333488 -0.01996655 0.00037412
v -0.03310579 -0.02059794 0.00050363
v -0.03287363 -0.02122140 0.00065359
v -0.03263906 -0.02183441 0.00082567
v -0.03360335 -0.01813612 0.00014694
v -0.03240276 -0.02243442 0.00102154
v -0.03932180 -0.01966247 -0.00414677
v -0.03919430 -0.02291787 -0.00367757
v -0.03955517 -0.01986097 -0.00460862
v -0.03778389 -0.01900565 -0.00229126
v -0.03924517 0.00340106 -0.00351867
v -0.03927540 -0.00011546 -0.00352923
v -0.03894028 -0.01225587 -0.00338498
v -0.03943746 -0.01050032 -0.00428463
v -0.03948148 -0.00704309 -0.00432594
v -0.03835973 -0.01229166 -0.00252731
v -0.03705797 -0.01235314 -0.00102838
v -0.03771588 -0.01232573 -0.00172668
v -0.03643526 -0.01236896 -0.00047771
v -0.03615249 -0.01237100 -0.00027188
v -0.03589699 -0.01236829 -0.00011994
v -0.03521003 -0.01318907 -0.00000000
v -0.03634404 -0.00954150 -0.00000000
v -0.03603894 -0.01066127 -0.00000000
v -0.03639629 -0.01067684 -0.00012388
v -0.03550808 -0.01234781 -0.00000000
v -0.03763942 -0.00368990 -0.00013199
v -0.03713573 -0.00555698 -0.00000000
v -0.03717317 -0.00721490 -0.00012927
v -0.03686281 -0.00720628 -0.00000000
v -0.03649127 -0.00894615 -0.00000000
v -0.03778928 -0.00014862 -0.00013277
v -0.03748930 -0.00163329 -0.00000000
v -0.03735578 -0.00368703 -0.00000000
v -0.03692692 0.00636311 -0.00000000
v -0.03732688 0.00349734 -0.00000000
v -0.03761214 0.00350033 -0.00013184
v -0.03742361 0.00235736 -0.00000000
v -0.03751399 -0.00015226 -0.00000000
v -0.03710128 0.00710855 -0.00012881
v -0.03678620 0.00710546 -0.00000000
v -0.03626487 0.01064584 -0.00012288
v -0.03511208 0.01408846 -0.00011294
v -0.03489500 0.01408812 -0.00003628
v -0.03600588 0.01028032 -0.00000000
v -0.03589837 0.01064100 -0.00000000
v -0.03466922 0.01407917 -0.00000049
v -0.03916737 -0.00707867 -0.00348983
v -0.03879469 -0.00711689 -0.00263614
v -0.03853026 -0.01057924 -0.00257329
v -0.03902971 -0.01053818 -0.00342928
v -0.03724533 -0.00895050 -0.00050309
v -0.03771522 -0.00892761 -0.00107683
v -0.03755267 -0.00720676 -0.00051145
v -0.03796459 -0.00718500 -0.00109278
v -0.03779167 -0.00544676 -0.00051740
v -0.03815851 -0.00542827 -0.00110412
v -0.03796171 -0.00368295 -0.00052130
v -0.03687211 -0.01067231 -0.00049197
v -0.03741241 -0.01065124 -0.00105559
v -0.03797814 -0.01061858 -0.00176571
v -0.03682249 -0.00895784 -0.00012696
v -0.03731956 0.01058076 -0.00104867
v -0.03693884 0.01231621 -0.00101834
v -0.03628745 0.01236026 -0.00047245
v -0.03838617 -0.00715369 -0.00181907
v -0.03863109 -0.00364769 -0.00184604
v -0.03829649 -0.00366809 -0.00111158
v -0.03870994 -0.00013032 -0.00185378
v -0.03840332 -0.00013726 -0.00111697
v -0.03861728 0.00345376 -0.00184449
v -0.03827738 0.00347619 -0.00111050
v -0.03748996 0.00709100 -0.00050977
v -0.03791397 0.00705696 -0.00108957
v -0.03715880 0.00886673 -0.00050060
v -0.03764515 0.00882691 -0.00107207
v -0.03675751 0.01062397 -0.00048834
v -0.03652237 0.01402581 -0.00099194
v -0.03650691 0.01402681 -0.00098001
v -0.03575198 0.01406903 -0.00045237
v -0.03555241 0.01407731 -0.00033326
v -0.03515314 0.01408797 -0.00013036
v -0.03775004 0.00529860 -0.00051635
v -0.03812502 0.00527251 -0.00110213
v -0.03834907 0.00701135 -0.00181447
v -0.03815021 0.00877352 -0.00178936
v -0.03790939 0.01052259 -0.00175579
v -0.03820200 -0.00889382 -0.00179619
v -0.03809329 -0.00014347 -0.00052413
v -0.03793790 0.00349257 -0.00052074
v -0.03939464 0.01377079 -0.00423831
v -0.03940006 0.01205080 -0.00424320
v -0.03944494 0.01376460 -0.00433894
v -0.03959126 0.01029323 -0.00469238
v -0.03959794 0.01374451 -0.00468814
v -0.03891163 0.01211695 -0.00336860
v -0.03881091 0.01383496 -0.00330604
v -0.03873791 0.01384233 -0.00320784
v -0.03812510 0.01390049 -0.00247136
v -0.03830354 0.01218776 -0.00251033
v -0.03810148 0.01390261 -0.00244547
v -0.03719846 0.01397773 -0.00155482
v -0.03900579 0.01038686 -0.00341804
v -0.03942907 0.01032207 -0.00427699
v -0.03915545 0.00690507 -0.00348459
v -0.03947823 0.00685424 -0.00432235
v -0.03762840 0.01225644 -0.00171227
v -0.03848535 0.01045583 -0.00256161
v -0.03877098 0.00695908 -0.00263072
v -0.03798717 0.01532422 -0.00237939
v -0.03876961 0.01536234 -0.00324068
v -0.03872701 0.01695933 -0.00301741
v -0.03584088 0.02004091 0.00004870
v -0.03648891 0.02003897 -0.00026135
v -0.03644676 0.02060128 0.00006248
v -0.03621833 0.01533888 -0.00093538
v -0.04033089 0.02481995 -0.00044118
v -0.03142253 0.02289768 0.00162060
v -0.03151911 0.02266506 0.00150422
v -0.03188324 0.02240019 0.00152081
v -0.03160100 0.02246794 0.00141106
v -0.03178328 0.02203055 0.00122124
v -0.03209386 0.02177726 0.00121054
v -0.03401151 0.01695298 0.00006298
v -0.03411814 0.01702182 0.00003791
v -0.03384859 0.01782009 0.00014341
v -0.03460513 0.01423288 -0.00000034
v -0.03434070 0.01548927 0.00000000
v -0.03450783 0.01463419 0.00000000
v -0.03454094 0.01444615 0.00000000
v -0.03455293 0.01436087 0.00000000
v -0.03464172 0.01545524 -0.00008692
v -0.03424846 0.01633934 -0.00000000
v -0.03430478 0.01573973 0.00000000
v -0.03351235 0.01819909 0.00023490
v -0.03357881 0.01861116 0.00028090
v -0.03328708 0.01873019 0.00032742
v -0.03331417 0.01938306 0.00045263
v -0.03290879 0.01957259 0.00049792
v -0.03297912 0.01942052 0.00046504
v -0.03269716 0.02001991 0.00059997
v -0.03260442 0.02036081 0.00069749
v -0.03241162 0.02061263 0.00074895
v -0.03246843 0.02073394 0.00081153
v -0.03224459 0.02096941 0.00084959
v -0.03233726 0.02109501 0.00093526
v -0.03208464 0.02132530 0.00096106
v -0.03221202 0.02144309 0.00106837
v -0.03193133 0.02167934 0.00108477
v -0.03164119 0.02436821 0.00339133
v -0.03110228 0.02475903 0.00338642
v -0.03108637 0.02459191 0.00313770
v -0.03250051 0.02387743 0.00335148
v -0.03234596 0.02395513 0.00336274
v -0.03216579 0.02345431 0.00260871
v -0.03165902 0.02435647 0.00339108
v -0.03374787 0.02339503 0.00319690
v -0.03300200 0.02365381 0.00330294
v -0.03359588 0.02317525 0.00284653
v -0.03283083 0.02312387 0.00255139
v -0.03353034 0.02285462 0.00245115
v -0.03352409 0.02246905 0.00206176
v -0.03589357 0.02308278 0.00265422
v -0.03537171 0.02310231 0.00282079
v -0.03506513 0.02285990 0.00251584
v -0.03503232 0.02313428 0.00291657
v -0.03443848 0.02322697 0.00306189
v -0.03580305 0.02281036 0.00228343
v -0.03652794 0.02283246 0.00200623
v -0.03631087 0.02309323 0.00250290
v -0.03722844 0.02292408 0.00168474
v -0.03718969 0.02319411 0.00212440
v -0.03635495 0.02309571 0.00248591
v -0.03794422 0.02337394 0.00172208
v -0.03744183 0.02324402 0.00199885
v -0.03730161 0.02321505 0.00206970
v -0.03975877 0.02428770 0.00028345
v -0.03952440 0.02348306 -0.00046553
v -0.03994959 0.02382081 -0.00097992
v -0.04011931 0.02313385 -0.00235913
v -0.04006522 0.02454844 -0.00007587
v -0.03979628 0.02047964 -0.00366309
v -0.03963730 0.01724776 -0.00442980
v -0.03498868 0.01542051 -0.00022852
v -0.03499572 0.02251875 0.00211317
v -0.03496871 0.02212499 0.00171645
v -0.03570452 0.02205900 0.00147228
v -0.03423740 0.02226301 0.00191302
v -0.03425585 0.02265159 0.00230536
v -0.03432563 0.02298201 0.00270334
v -0.03641608 0.02161568 0.00078751
v -0.03570153 0.02161426 0.00108347
v -0.03497920 0.02168285 0.00133268
v -0.03426367 0.02182083 0.00153393
v -0.03356892 0.02202357 0.00168658
v -0.03284101 0.02273795 0.00216323
v -0.03592716 0.01944169 -0.00023976
v -0.03654674 0.01944117 -0.00055480
v -0.03530611 0.01949143 0.00003318
v -0.03558315 0.01817696 -0.00042732
v -0.03126815 0.02328806 0.00183964
v -0.03171445 0.02295643 0.00186354
v -0.03242740 0.02206617 0.00150394
v -0.03260857 0.02147207 0.00118898
v -0.03317307 0.02120085 0.00112105
v -0.03115330 0.02366118 0.00210301
v -0.03159710 0.02343871 0.00223484
v -0.03228702 0.02259871 0.00184898
v -0.03302076 0.02177112 0.00144196
v -0.03378115 0.02097162 0.00100568
v -0.03393526 0.02037306 0.00070781
v -0.03335690 0.02057935 0.00083126
v -0.03356479 0.01991160 0.00057582
v -0.03271185 0.02115386 0.00104368
v -0.03442558 0.02079176 0.00084109
v -0.03283456 0.01973103 0.00053314
v -0.03306003 0.02012386 0.00066086
v -0.03293862 0.02047898 0.00077926
v -0.03282221 0.02082258 0.00090699
v -0.03577261 0.02060363 0.00036780
v -0.03509403 0.02066744 0.00062796
v -0.03518998 0.02009854 0.00031499
v -0.03455027 0.02021082 0.00053534
v -0.03469700 0.01958937 0.00026154
v -0.03411274 0.01973123 0.00044296
v -0.03661854 0.01880950 -0.00081494
v -0.03614222 0.01814507 -0.00071493
v -0.03670219 0.01814829 -0.00104096
v -0.03589576 0.01677230 -0.00074941
v -0.03486061 0.01893108 0.00002262
v -0.03503668 0.01824311 -0.00018121
v -0.03540929 0.01681018 -0.00048556
v -0.03494514 0.01686621 -0.00026430
v -0.03378966 0.01920352 0.00035715
v -0.03430740 0.01905088 0.00021385
v -0.03402599 0.01846480 0.00017448
v -0.03451419 0.01834039 0.00002025
v -0.03426864 0.01770605 0.00002624
v -0.03451246 0.01693790 -0.00008913
v -0.03874730 0.01987664 -0.00217550
v -0.03826373 0.01971345 -0.00172295
v -0.03774741 0.01893435 -0.00156439
v -0.03772797 0.01958174 -0.00129980
v -0.03715140 0.01948918 -0.00090927
v -0.03537220 0.01538839 -0.00041962
v -0.03689627 0.01675729 -0.00138960
v -0.03777777 0.01825631 -0.00179530
v -0.03938722 0.01542742 -0.00415400
v -0.03939762 0.01714347 -0.00394961
v -0.03911027 0.01861490 -0.00313181
v -0.03711311 0.01531608 -0.00160005
v -0.03786690 0.01682381 -0.00215525
v -0.03871770 0.01847594 -0.00266315
v -0.03872731 0.01919239 -0.00243605
v -0.03952029 0.02026662 -0.00315164
v -0.03979504 0.02281708 -0.00182441
v -0.03926749 0.02137003 -0.00204265
v -0.03939326 0.02251771 -0.00130887
v -0.03891717 0.02224510 -0.00081879
v -0.03954729 0.02413253 0.00050299
v -0.03911824 0.02386589 0.00089514
v -0.03902803 0.02317882 0.00002016
v -0.03860280 0.02361311 0.00129498
v -0.03846480 0.02291708 0.00047198
v -0.03784329 0.02270680 0.00088614
v -0.03717368 0.02255645 0.00125944
v -0.03646760 0.02247225 0.00158950
v -0.03573731 0.02245905 0.00187439
v -0.03710192 0.02065937 -0.00028580
v -0.03772410 0.02077303 -0.00067398
v -0.03829989 0.02093568 -0.00109869
v -0.03881766 0.02113792 -0.00155631
v -0.03916851 0.02006336 -0.00265367
v -0.03710831 0.02168568 0.00044644
v -0.03776436 0.02181904 0.00006288
v -0.03837107 0.02200879 -0.00036010
v -0.03943913 0.01876674 -0.00361714
v -0.03107850 0.02437573 0.00284690
v -0.03109316 0.02403695 0.00245394
v -0.03154301 0.02384013 0.00262601
v -0.03219626 0.02306350 0.00222001
v -0.03290744 0.02228519 0.00179078
v -0.03365688 0.02152307 0.00133309
v -0.03432826 0.02132936 0.00117516
v -0.03502240 0.02119620 0.00096841
v -0.03572520 0.02112852 0.00071393
v -0.03642194 0.02112716 0.00041326
v -0.04034213 0.02670679 0.00916304
v -0.04084920 0.02708550 0.00985543
v -0.04000396 0.02662917 0.01028917
v -0.03287038 0.02431439 0.00431344
v -0.03253793 0.02393044 0.00345655
v -0.03350416 0.02361714 0.00346789
v -0.04277911 0.02857708 0.01182877
v -0.04252024 0.02833383 0.01203038
v -0.04204369 0.02801647 0.01075595
v -0.03554004 0.02337467 0.00325087
v -0.04118390 0.02709975 0.00262035
v -0.04269925 0.02872846 0.01025662
v -0.04196896 0.02805220 0.00917375
v -0.04228158 0.02843658 0.00894957
v -0.04148829 0.02762196 0.00766640
v -0.04129399 0.02741081 0.00510115
v -0.04091669 0.02651343 0.00174151
v -0.03987788 0.02463430 0.00067527
v -0.03825262 0.02356343 0.00168756
v -0.03730654 0.02322533 0.00208289
v -0.03656365 0.02346053 0.00302192
v -0.03196010 0.02473568 0.00427020
v -0.03202787 0.02573427 0.00615555
v -0.03629104 0.02695043 0.01351738
v -0.03569512 0.02718216 0.01369550
v -0.03534637 0.02706074 0.01316747
v -0.03614088 0.02734674 0.01436800
v -0.03759938 0.02722393 0.01475106
v -0.03663876 0.02754039 0.01511338
v -0.03853575 0.02706955 0.01434908
v -0.03814847 0.02711531 0.01452107
v -0.03721404 0.02671218 0.01320229
v -0.03790772 0.02715660 0.01462392
v -0.03924051 0.02705217 0.01401523
v -0.03906990 0.02704847 0.01409855
v -0.03815616 0.02661386 0.01283538
v -0.04123061 0.02750785 0.01291273
v -0.04086562 0.02736141 0.01313483
v -0.04001263 0.02686293 0.01197391
v -0.04039639 0.02721787 0.01340620
v -0.04204913 0.02796701 0.01237329
v -0.04169597 0.02774449 0.01261376
v -0.04088208 0.02721511 0.01149681
v -0.04153800 0.02765741 0.01271738
v -0.04310532 0.02893758 0.01155765
v -0.04238277 0.02835262 0.01050773
v -0.04167370 0.02771017 0.01100789
v -0.04161935 0.02769251 0.00940369
v -0.04115668 0.02728775 0.00875723
v -0.04186870 0.02800971 0.00834466
v -0.04167662 0.02791932 0.00622970
v -0.04101023 0.02711774 0.00660037
v -0.04073813 0.02692218 0.00804848
v -0.04124916 0.02737341 0.00962891
v -0.04095917 0.02690094 0.00406652
v -0.04060498 0.02663648 0.00548802
v -0.04022390 0.02644812 0.00696329
v -0.03989012 0.02636643 0.00841955
v -0.03945915 0.02627934 0.00954830
v -0.03908820 0.02631881 0.01070467
v -0.03909639 0.02666274 0.01242323
v -0.03998284 0.02712937 0.01363334
v -0.03229373 0.02508127 0.00520215
v -0.03451224 0.02342892 0.00339974
v -0.03383985 0.02401224 0.00428641
v -0.03320882 0.02466826 0.00520484
v -0.03303622 0.02571316 0.00738320
v -0.03301173 0.02634700 0.00892329
v -0.03484828 0.02384044 0.00418722
v -0.03418059 0.02437888 0.00514317
v -0.03355125 0.02501530 0.00621544
v -0.03351938 0.02653135 0.01008494
v -0.03350893 0.02598723 0.00864557
v -0.03395803 0.02532241 0.00730865
v -0.03452395 0.02473765 0.00612247
v -0.03518869 0.02422418 0.00501628
v -0.03587344 0.02380767 0.00401562
v -0.03367022 0.02657721 0.01039338
v -0.03411768 0.02622751 0.01000306
v -0.03443453 0.02561561 0.00853097
v -0.03493197 0.02506292 0.00718225
v -0.03553121 0.02459887 0.00597262
v -0.03621079 0.02421262 0.00482480
v -0.03689138 0.02391975 0.00377310
v -0.03754760 0.02368636 0.00271918
v -0.04009881 0.02520780 0.00139444
v -0.03934820 0.02456766 0.00189523
v -0.03964146 0.02512830 0.00266615
v -0.03879579 0.02458065 0.00309433
v -0.03910776 0.02506933 0.00389745
v -0.03818985 0.02463350 0.00426236
v -0.03851911 0.02507796 0.00520726
v -0.03755833 0.02476771 0.00550963
v -0.03795199 0.02516408 0.00650905
v -0.03695216 0.02497752 0.00677946
v -0.03741892 0.02534405 0.00791170
v -0.03641111 0.02528522 0.00816139
v -0.03701575 0.02562246 0.00938256
v -0.03602098 0.02568127 0.00963406
v -0.03654980 0.02590562 0.01053819
v -0.03558066 0.02608112 0.01078691
v -0.03620505 0.02629893 0.01172978
v -0.03527307 0.02657927 0.01197635
v -0.03530180 0.02704590 0.01310020
v -0.04065684 0.02587791 0.00091011
v -0.04037533 0.02580755 0.00219282
v -0.03993987 0.02564991 0.00348644
v -0.03942912 0.02554313 0.00485916
v -0.03890210 0.02550169 0.00620230
v -0.03840830 0.02555876 0.00762427
v -0.03800979 0.02571634 0.00909179
v -0.03753446 0.02587677 0.01024512
v -0.03716584 0.02615712 0.01143206
v -0.04065805 0.02636323 0.00303992
v -0.04025178 0.02615508 0.00447552
v -0.03979852 0.02599552 0.00585844
v -0.03934465 0.02592507 0.00730828
v -0.03897925 0.02596616 0.00876727
v -0.03851214 0.02600049 0.00991298
v -0.03813437 0.02616203 0.01108822
v -0.03420056 0.02672466 0.01137341
v -0.03464806 0.02639431 0.01098726
v -0.03504799 0.02588614 0.00984193
v -0.03540882 0.02537818 0.00836889
v -0.03593749 0.02494535 0.00700507
v -0.03655066 0.02460719 0.00576737
v -0.03722291 0.02434964 0.00457099
v -0.03786675 0.02417572 0.00346662
v -0.03848821 0.02405715 0.00234044
v -0.03911938 0.02403614 0.00121459
v -0.04182820 0.02785262 0.01363596
v -0.04307134 0.02854524 0.01637719
v -0.04226775 0.02830195 0.01701932
v -0.04883721 0.03143705 0.02526212
v -0.04660507 0.03089101 0.02377400
v -0.04726787 0.03075788 0.02296137
v -0.04599652 0.03088858 0.02386242
v -0.04408963 0.03031093 0.02270420
v -0.04479840 0.03008610 0.02197065
v -0.04137543 0.02928659 0.02067383
v -0.03969304 0.02849615 0.01873019
v -0.04054757 0.02828242 0.01821549
v -0.03952498 0.02849903 0.01869591
v -0.03892362 0.02826719 0.01795889
v -0.03822163 0.02746842 0.01559697
v -0.03842768 0.02808926 0.01733583
v -0.03729629 0.02775446 0.01598341
v -0.04921247 0.03135609 0.02480179
v -0.04790301 0.03078355 0.02211685
v -0.04986331 0.03133985 0.02396907
v -0.05039226 0.03145229 0.02325755
v -0.04848836 0.03096426 0.02127107
v -0.05047895 0.03148258 0.02313766
v -0.05098741 0.03173666 0.02241330
v -0.04900629 0.03128568 0.02045334
v -0.05103994 0.03177108 0.02233621
v -0.04318900 0.02883445 0.01264214
v -0.04442989 0.02944326 0.01511840
v -0.04313836 0.02878394 0.01268336
v -0.04379913 0.02893264 0.01573618
v -0.04240613 0.02818670 0.01323904
v -0.04251870 0.02826441 0.01315790
v -0.04288213 0.02854849 0.01288584
v -0.04141611 0.02821421 0.01763931
v -0.04068450 0.02745054 0.01434286
v -0.04088588 0.02749978 0.01422493
v -0.03904558 0.02734147 0.01521411
v -0.03945595 0.02732261 0.01500997
v -0.03997546 0.02734201 0.01473839
v -0.04549307 0.03001211 0.02117733
v -0.04614820 0.03009434 0.02035191
v -0.04674119 0.03032706 0.01952436
v -0.04725476 0.03069440 0.01872339
v -0.04569407 0.03003425 0.01694975
v -0.04514316 0.02960239 0.01769153
v -0.04450237 0.02929873 0.01845822
v -0.04379014 0.02914138 0.01922323
v -0.04303097 0.02913872 0.01995880
v -0.04225273 0.02928812 0.02063925
v -0.04344959 0.03011927 0.02234284
v -0.05480100 0.03158284 0.02819700
v -0.05468530 0.03142231 0.02909374
v -0.04941463 0.03150965 0.02553303
v -0.05627645 0.03205796 0.02723736
v -0.05409977 0.03205569 0.02537083
v -0.05497968 0.03210372 0.02603942
v -0.05239720 0.03208109 0.02314862
v -0.05177434 0.03173903 0.02395041
v -0.05111918 0.03156077 0.02476233
v -0.05062782 0.03153340 0.02535283
v -0.05165945 0.03167506 0.02672324
v -0.05149680 0.03167044 0.02662850
v -0.05196948 0.03165526 0.02608081
v -0.04968407 0.03153975 0.02566387
v -0.05362621 0.03168686 0.02718743
v -0.05348020 0.03162471 0.02796908
v -0.05307911 0.03165562 0.02765931
v -0.05319045 0.03196093 0.02476195
v -0.05336522 0.03178561 0.02608338
v -0.05249165 0.03172485 0.02552101
v -0.05542955 0.03172538 0.02777809
v -0.05420370 0.03180392 0.02669380
v -0.05385789 0.03235983 0.02402491
v 0.01942334 0.01789217 0.05658928
v 0.01630558 0.01755797 0.05730197
v 0.01829991 0.01348123 0.05837838
v 0.02685707 0.00464170 0.05789939
v -0.00212788 0.03480345 0.04279928
v 0.00009636 0.03516152 0.04189644
v -0.00328647 0.03585823 0.03934810
v 0.00784641 0.03021327 0.04981124
v 0.01036122 0.03059136 0.04881090
v 0.00696137 0.03254697 0.04664703
v -0.03572821 0.03269193 0.03181400
v -0.03655094 0.03256299 0.03029074
v -0.04888264 0.03177377 0.02726849
v -0.04932931 0.03156170 0.02578892
v -0.01585607 0.01279979 0.05451166
v -0.01815853 0.01339964 0.05384264
v -0.00337303 0.02017776 0.05523534
v -0.00137955 0.02043725 0.05548158
v -0.00323078 0.02209505 0.05453159
v 0.03584858 0.01070881 0.03003987
v 0.03568821 0.01122065 0.02997655
v 0.03505775 0.01278604 0.03647945
v 0.03330058 0.01696586 0.02903216
v 0.03256922 0.01831303 0.02874245
v 0.03113543 0.02049762 0.03479576
v 0.02958428 0.02277702 0.02755903
v 0.02803763 0.02463816 0.02694569
v 0.02573713 0.02692890 0.03243616
v -0.01377691 0.03529533 0.02825439
v -0.01509437 0.03504883 0.02894346
v -0.01294338 0.03563483 0.03133765
v -0.01727478 0.03464895 0.02964665
v -0.01911416 0.03432510 0.02996129
v -0.01664831 0.03502518 0.03241305
v -0.01998141 0.03417745 0.03004261
v -0.02338832 0.03364106 0.03009738
v -0.02089098 0.03437663 0.03272814
v -0.02375013 0.03358850 0.03008511
v -0.02768248 0.03306233 0.02972876
v -0.02564909 0.03372628 0.03239170
v -0.06014543 0.00535538 0.04525755
v -0.06036351 0.01087785 0.04426930
v -0.06068878 0.01622862 0.04257997
v -0.04224046 0.02223646 0.04423519
v -0.06107210 0.02127658 0.04011889
v -0.04318329 0.02452845 0.04250610
v -0.04415067 0.02662329 0.04053912
v -0.04512641 0.02847151 0.03832279
v -0.04751721 0.03150608 0.03171233
v -0.04704946 0.03112860 0.03314230
v -0.04609658 0.03000377 0.03585214
v -0.03488605 0.03268513 0.03333777
v -0.04843481 0.03183484 0.02875934
v -0.04797882 0.03174449 0.03024622
v -0.01311085 0.03542177 0.02781466
v -0.01111385 0.03580705 0.02600858
v -0.01148710 0.03573415 0.02640491
v -0.00976869 0.03617251 0.02944612
v -0.01251024 0.03553659 0.02735293
v -0.00823407 0.03637458 0.02202991
v -0.00290025 0.03713911 0.01925233
v -0.00618094 0.03674420 0.01814321
v -0.00197278 0.03720162 0.01504583
v -0.00442289 0.03699274 0.01407466
v -0.00001521 0.03725274 0.01582217
v -0.00009564 0.03725266 0.01579021
v -0.00127706 0.03723156 0.01532063
v 0.00392436 0.03704520 0.01738440
v 0.00087117 0.03723464 0.02103870
v 0.00637183 0.03670478 0.01835479
v 0.00465711 0.03694648 0.02282164
v 0.00788237 0.03641166 0.01895372
v 0.00842415 0.03626913 0.02458193
v 0.01173697 0.03536359 0.02048217
v 0.01266770 0.03504283 0.02085123
v 0.01214117 0.03519725 0.02630262
v 0.01544430 0.03391781 0.02195221
v 0.01577158 0.03372725 0.02796593
v 0.01896279 0.03209593 0.02334738
v 0.01916458 0.03197667 0.02342740
v 0.01927727 0.03185704 0.02955487
v 0.02225634 0.02992267 0.02465335
v 0.02479434 0.02787269 0.02565975
v 0.02261464 0.02958868 0.03105116
v 0.02529120 0.02742640 0.02585677
v 0.03668206 0.00747016 0.03036870
v 0.03728312 0.00363553 0.03060547
v 0.03641329 0.00446686 0.04426982
v 0.03713020 0.00420081 0.03735676
v 0.03721586 0.00423461 0.03057899
v 0.02072049 0.00448012 0.05964116
v 0.01979456 0.00909233 0.05916347
v 0.00951828 0.01825560 0.05733054
v 0.01165590 0.01697861 0.05777619
v 0.01287261 0.01715224 0.05770120
v 0.01265131 0.01625207 0.05799118
v 0.01319168 0.01581693 0.05810973
v 0.01474623 0.01437750 0.05845759
v 0.00273706 0.02035081 0.05608676
v 0.00547540 0.01981890 0.05655510
v 0.00694614 0.02024242 0.05650157
v 0.00664444 0.01946823 0.05676958
v 0.01056175 0.02078104 0.05636984
v 0.00924385 0.01839471 0.05727501
v -0.00006967 0.02050044 0.05566046
v 0.00104421 0.02048776 0.05582279
v 0.00445552 0.02341713 0.05494764
v -0.00764110 0.01892135 0.05482167
v -0.00685771 0.01922830 0.05488542
v -0.01174747 0.02068808 0.05330644
v -0.00414652 0.02002290 0.05514859
v -0.01944724 0.01646303 0.05278190
v -0.01494620 0.01384336 0.05451247
v -0.01391404 0.01487673 0.05452373
v -0.01292119 0.01574725 0.05454486
v -0.01156117 0.01677662 0.05458999
v -0.01060605 0.01740259 0.05463271
v -0.03854256 0.00876356 0.04967381
v -0.03814359 0.00579823 0.05016068
v -0.03789820 0.00278693 0.05045251
v -0.03403288 0.03254356 0.03484498
v -0.03316845 0.03227419 0.03632220
v -0.03140848 0.03138703 0.03914921
v -0.02961639 0.03009860 0.04176899
v -0.02780905 0.02847414 0.04416303
v -0.02600719 0.02655986 0.04632969
v -0.02423684 0.02438556 0.04827228
v -0.01586824 0.02576711 0.04986303
v -0.01805170 0.02787218 0.04781853
v -0.02026389 0.02967689 0.04556193
v -0.02247356 0.03116373 0.04309498
v -0.02465674 0.03230119 0.04042329
v -0.02679462 0.03304092 0.03756710
v -0.02887613 0.03332527 0.03457353
v -0.03088800 0.03311090 0.03152987
v -0.03187839 0.03281435 0.03001730
v -0.03737145 0.03229795 0.02877661
v -0.03334350 0.03243585 0.02873922
v -0.04208986 0.03176812 0.02683976
v -0.00810773 0.02720509 0.05089918
v -0.01067935 0.02924507 0.04877067
v -0.01327615 0.03094286 0.04644455
v -0.01586183 0.03229332 0.04392781
v -0.01840932 0.03328004 0.04123006
v -0.02089809 0.03387233 0.03837315
v -0.02331655 0.03403075 0.03540084
v 0.00509653 0.02974220 0.05053109
v 0.00453749 0.03216584 0.04762375
v 0.00352395 0.03406362 0.04433575
v 0.00119733 0.03368988 0.04528045
v -0.00768604 0.03513455 0.04081824
v -0.00711007 0.03391125 0.04388783
v -0.00453024 0.03438359 0.04346026
v -0.00403884 0.03272988 0.04641564
v -0.00132412 0.03324178 0.04597076
v -0.00094929 0.03115986 0.04878470
v 0.00189970 0.03169962 0.04833310
v 0.00211570 0.02919032 0.05098086
v 0.00565603 0.03435358 0.04313066
v 0.00917068 0.03283279 0.04539647
v 0.01263920 0.03086577 0.04752302
v 0.00759670 0.03455248 0.04166406
v 0.01116805 0.03301551 0.04387068
v 0.01295834 0.03308912 0.04207195
v 0.01468232 0.03102847 0.04594592
v 0.01649516 0.03107338 0.04408179
v 0.01808800 0.03099865 0.04194115
v 0.01455139 0.03305146 0.04001046
v 0.01947434 0.03080504 0.03953945
v -0.01826638 0.03475814 0.03566805
v -0.01376145 0.03545982 0.03524707
v -0.01554260 0.03471094 0.03858402
v -0.01076750 0.03549531 0.03806854
v -0.01273728 0.03425018 0.04140700
v -0.00986258 0.03339760 0.04409700
v -0.00694071 0.03216706 0.04663097
v -0.00400165 0.03056082 0.04899548
v -0.00108627 0.02857281 0.05117861
v -0.00659845 0.03616521 0.03671471
v -0.00982464 0.03608853 0.03402803
v -0.00644786 0.03660371 0.03195602
v -0.00302829 0.03667066 0.03446775
v 0.00046590 0.03636084 0.03694076
v 0.00401706 0.03566058 0.03934735
v 0.01092864 0.03465742 0.03796298
v 0.00726841 0.03583410 0.03582038
v 0.00360871 0.03660086 0.03360292
v -0.00001927 0.03697566 0.03133280
v -0.00359414 0.03697446 0.02903384
v -0.00708897 0.03661153 0.02673849
v -0.00993413 0.03604011 0.02458435
v -0.00483521 0.03693504 0.02328745
v -0.00119159 0.03718415 0.02533914
v 0.00250356 0.03706430 0.02739248
v 0.00622012 0.03656373 0.02942212
v 0.00993208 0.03566948 0.03140780
v 0.01360546 0.03436847 0.03332925
v 0.01720174 0.03264796 0.03516737
v 0.02067398 0.03049842 0.03690158
v 0.02961371 0.00222614 0.05661981
v 0.03174114 0.00223320 0.05485803
v 0.02936423 0.00468407 0.05649974
v 0.02301904 0.00927410 0.05846188
v 0.02147910 0.01374453 0.05767170
v 0.03348945 0.00222553 0.05273634
v 0.03487246 0.00220311 0.05026661
v 0.03149199 0.00469836 0.05474014
v 0.03324320 0.00468342 0.05262171
v 0.03463162 0.00463920 0.05015632
v 0.03567745 0.00456635 0.04736220
v 0.02859610 0.01834491 0.05040194
v 0.02680051 0.01837664 0.05245667
v 0.02792479 0.01629228 0.05301506
v 0.02467469 0.01830865 0.05417302
v 0.02579706 0.01623483 0.05474218
v 0.02221533 0.01814517 0.05554950
v 0.02332515 0.01609034 0.05612462
v 0.03125199 0.01798267 0.04532946
v 0.03007397 0.01821298 0.04802038
v 0.03214308 0.01396748 0.04900154
v 0.03070287 0.01408133 0.05142158
v 0.03155982 0.01182342 0.05182989
v 0.02892498 0.01411434 0.05350567
v 0.02979031 0.01185419 0.05392569
v 0.02679635 0.01406677 0.05524214
v 0.02766148 0.01181582 0.05567010
v 0.02431389 0.01394192 0.05662967
v 0.02517033 0.01171112 0.05706184
v 0.03553187 0.00908276 0.04387880
v 0.03634392 0.00857026 0.03702500
v 0.03409721 0.01350736 0.04323677
v 0.03475806 0.00927371 0.04694619
v 0.03423363 0.00704720 0.04997347
v 0.03283646 0.00711203 0.05243167
v 0.03108060 0.00713349 0.05454467
v 0.02895239 0.00711168 0.05630064
v 0.02397273 0.00457293 0.05894294
v 0.02588472 0.00940939 0.05741877
v 0.02838283 0.00949357 0.05602361
v 0.03051145 0.00952337 0.05427270
v 0.03227350 0.00949652 0.05216726
v 0.03368247 0.00941290 0.04971906
v 0.03326449 0.01377440 0.04626340
v 0.03215838 0.01766028 0.04235810
v 0.03431274 0.01484716 0.02943283
v 0.03330650 0.01678125 0.03573126
v 0.02977839 0.02147430 0.04126230
v 0.02879126 0.02182793 0.04416550
v 0.02755239 0.02207632 0.04679795
v 0.02603570 0.02221260 0.04913158
v 0.02422441 0.02223496 0.05114933
v 0.02210663 0.02214417 0.05283988
v 0.01967875 0.02194524 0.05420152
v 0.01694099 0.02164509 0.05523707
v 0.01389899 0.02125332 0.05595555
v 0.02702537 0.02490295 0.03997177
v 0.02595799 0.02526292 0.04279567
v 0.02466040 0.02550983 0.04535969
v 0.02310870 0.02563674 0.04763677
v 0.02128729 0.02564204 0.04961033
v 0.01918484 0.02552685 0.05126927
v 0.01679743 0.02529676 0.05261172
v 0.01412456 0.02495938 0.05364008
v 0.01117054 0.02452511 0.05436275
v 0.00794271 0.02400596 0.05479177
v 0.03047081 0.02158965 0.02791061
v 0.02859476 0.02389146 0.03369082
v 0.02396865 0.02791539 0.03851050
v 0.02282856 0.02825846 0.04124551
v 0.02148026 0.02848601 0.04373231
v 0.01990201 0.02859145 0.04594491
v 0.01807929 0.02857356 0.04786727
v 0.01600132 0.02843382 0.04948856
v 0.01366386 0.02817818 0.05080672
v 0.01106566 0.02781462 0.05182379
v 0.00820971 0.02735391 0.05254749
v 0.00510170 0.02680838 0.05298903
v 0.00175368 0.02619356 0.05316768
v -0.04049933 0.01718920 0.04702772
v -0.03908072 0.01166262 0.04899096
v -0.02091878 0.01932535 0.05149787
v -0.00811123 0.01871930 0.05478614
v -0.02252880 0.02196962 0.04999451
v -0.01375173 0.02337031 0.05169368
v -0.00560667 0.02482187 0.05282273
v 0.03721604 0.00423384 -0.00000000
v 0.03740902 -0.00262923 -0.00000000
v 0.03584891 0.01070769 -0.00000000
v 0.03330231 0.01696290 -0.00000000
v 0.02958687 0.02277366 -0.00000000
v 0.02479583 0.02787137 -0.00000000
v 0.01916511 0.03197635 -0.00000000
v 0.01266932 0.03504228 -0.00000000
v 0.00637087 0.03670514 -0.00000000
v -0.00001526 0.03725273 0.00000000
v -0.00001526 -0.03774739 -0.00000000
v 0.00087969 -0.03773659 -0.00000000
v 0.00736808 -0.03701323 -0.00000000
v 0.01377191 -0.03512082 -0.00000000
v 0.01985691 -0.03204894 -0.00000000
v 0.02538343 -0.02783630 -0.00000000
v 0.03009211 -0.02260335 -0.00000000
v 0.03378328 -0.01649250 -0.00000000
v 0.03627605 -0.00969136 -0.00000000
v -0.00284809 -0.03763991 0.00926701
v -0.00025809 -0.03774657 -0.00000000
v -0.00885490 -0.03676796 0.01082583
v -0.01437738 -0.03536234 0.00918254
v -0.01294708 -0.03566745 0.00596540
v -0.00748465 -0.03700491 0.00704287
v -0.01097023 -0.03596057 0.00000000
v -0.00942526 -0.03639591 -0.00000000
v -0.00590750 -0.03717652 -0.00000000
v -0.00518472 -0.03730008 0.00000000
v -0.00251603 -0.03763616 -0.00000000
v -0.01830946 -0.03373681 0.00498104
v -0.02618610 -0.03049822 0.00785296
v -0.02365798 -0.03118246 0.00492156
v -0.02346303 -0.03201235 0.00905422
v -0.02079055 -0.03257422 0.00449492
v -0.02137552 -0.03297826 0.00991687
v -0.01971148 -0.03365817 0.01058293
v -0.01522060 -0.03518724 0.01233635
v -0.01004845 -0.03651427 0.01437499
v -0.01482069 -0.03460748 0.00000000
v -0.01683790 -0.03371697 -0.00000000
v -0.01990369 -0.03203901 -0.00000000
v -0.01536760 -0.03528375 0.02639597
v -0.02792947 -0.02996127 0.00961917
v -0.02758526 -0.03007101 0.00928815
v -0.02450253 -0.03203790 0.01387232
v -0.02625604 -0.03149461 0.01555614
v -0.02592868 -0.03184396 0.01813415
v -0.02392969 -0.03258131 0.01940581
v -0.02085504 -0.03353694 0.01894817
v -0.01824559 -0.03440389 0.02347934
v -0.02120814 -0.03349062 0.02121884
v -0.02263539 -0.03302506 0.02024943
v -0.01320422 -0.03574448 0.02426937
v -0.01367159 -0.03559980 0.02004748
v -0.01192339 -0.03606126 0.01724258
v -0.01908114 -0.03405865 0.01695637
v -0.01559361 -0.03510129 0.02244311
v -0.03175489 -0.03029187 0.01933366
v -0.02956635 -0.03082458 0.01913360
v -0.02498487 -0.03246892 0.02235928
v -0.02631284 -0.03326542 0.02797659
v -0.03243938 -0.03251878 0.02716598
v -0.01759860 -0.03481487 0.02742872
v -0.01895463 -0.03430498 0.02542591
v -0.02284390 -0.03302819 0.02189842
v -0.02073973 -0.03371149 0.02359589
v -0.02756951 -0.03136728 0.01874017
v -0.02997094 -0.03142470 0.02261472
v -0.02830078 -0.03210592 0.02430805
v -0.03393559 -0.03131467 0.02377916
v -0.03294248 -0.03194828 0.02543554
v -0.02703771 -0.03271605 0.02608636
v -0.02035059 -0.03425733 0.02793859
v -0.02142682 -0.03374176 0.02592963
v -0.02301412 -0.03314808 0.02408246
v -0.11250830 -0.06063271 0.00403808
v -0.11228726 -0.05990784 0.00836105
v -0.11243185 -0.06052009 0.00195878
v -0.04746795 -0.06027412 -0.01841249
v -0.04835373 -0.06076166 -0.01948135
v -0.05116572 -0.06044092 -0.02240119
v -0.05272774 -0.06052066 -0.02377169
v -0.03350474 -0.01734422 0.00003533
v -0.03376058 -0.01660267 0.00000000
v -0.03257866 -0.01884514 0.00000000
v -0.03042259 -0.02219353 -0.00000000
v -0.03179174 -0.02185302 0.00063674
v -0.03206339 -0.02120771 0.00049570
v -0.02618871 -0.02966961 0.00476599
v -0.02830945 -0.02805145 0.00410053
v -0.02615954 -0.02855361 0.00202923
v -0.02199739 -0.03062869 0.00000000
v -0.02404233 -0.03018513 0.00235900
v -0.02607685 -0.02721113 0.00000000
v -0.02501208 -0.02820091 0.00000000
v -0.02410214 -0.02898821 0.00000000
v -0.02814490 -0.02679294 0.00172207
v -0.02908941 -0.02586246 0.00157660
v -0.02701659 -0.02627021 0.00000000
v -0.02999854 -0.02490200 0.00143708
v -0.02792128 -0.02529770 0.00000000
v -0.02878992 -0.02429460 0.00000000
v -0.02962412 -0.02325942 -0.00000000
v -0.03015251 -0.02256296 -0.00000000
v -0.03131025 -0.02291967 0.00092427
v -0.03155467 -0.02239042 0.00077259
v -0.03105828 -0.02343992 0.00109225
v -0.02974627 -0.02310137 -0.00000000
v -0.03232690 -0.02055383 0.00037537
v -0.03190155 -0.01998348 0.00000000
v -0.03118261 -0.02110008 0.00000000
v -0.03258362 -0.01989329 0.00027453
v -0.03283394 -0.01922747 0.00019125
v -0.03317361 -0.01828979 0.00010047
v -0.03425018 0.01582784 0.00000000
v -0.03413118 -0.01587780 0.00000000
v -0.03426650 -0.01566071 0.00000000
v -0.03414888 0.01566305 0.00000000
v -0.03409170 0.01569787 0.00000000
v -0.03385966 -0.01640025 0.00000000
v -0.03417803 0.01566148 0.00000000
v -0.03399207 0.01580892 0.00000000
v -0.03421121 0.01568613 0.00000000
v -0.03419266 0.01566768 0.00000000
v -0.03442448 -0.01574465 0.00000000
v -0.03441740 -0.01563501 0.00000000
v -0.03352335 0.01659644 0.00000000
v -0.03342310 0.01678772 -0.00000000
v -0.03337791 0.01687536 -0.00000000
v -0.03437968 -0.01556690 0.00000000
v -0.03438956 -0.01557172 0.00000000
v -0.03440090 -0.01558466 0.00000000
v -0.03436762 -0.01556634 0.00000000
v -0.03434949 -0.01557302 0.00000000
v -0.02963503 0.02275097 0.00000000
v -0.02892955 0.02363190 -0.00000000
v -0.02863434 0.02398487 0.00000000
v -0.00923071 0.03595958 0.00000000
v -0.00761349 0.03634239 0.00000000
v -0.03210129 0.01916233 -0.00000000
v -0.03059776 0.02145424 -0.00000000
v -0.02710025 0.02568887 -0.00000000
v -0.02513069 0.02759938 -0.00000000
v -0.02366566 0.02885400 0.00000000
v -0.00414471 0.03695776 0.00000000
v -0.00084771 0.03724098 0.00000000
v -0.00025805 0.03725198 0.00000000
v -0.02079267 0.03097059 -0.00000000
v -0.01906588 0.03205372 0.00000000
v -0.01857626 0.03233735 0.00000000
v -0.01545548 0.03387588 0.00000000
v -0.01323479 0.03474290 0.00000000
v -0.03434557 -0.01570261 0.00000387
v -0.03432800 -0.01561615 0.00000104
v -0.03425391 -0.01611598 0.00001697
v -0.03412271 0.01607432 0.00001928
v -0.03417114 0.01576276 0.00000448
v -0.03298065 0.01806540 0.00011730
v -0.03255915 0.01933373 0.00031697
v -0.03248335 0.01956034 0.00036245
v -0.03234940 0.01995968 0.00045108
v -0.03214170 0.02057851 0.00061270
v -0.03201808 0.02094864 0.00072564
v -0.03192993 0.02121363 0.00081482
v -0.03189628 0.02131486 0.00085082
v -0.03177609 0.02167612 0.00098834
v -0.03175165 0.02174940 0.00101803
v -0.03165685 0.02203253 0.00113866
v -0.03150756 0.02247383 0.00134668
v -0.03136029 0.02290489 0.00157609
v -0.03126272 0.02319684 0.00175033
v -0.03112207 0.02371230 0.00212637
v -0.03106580 0.02420091 0.00261825
v -0.03106908 0.02448962 0.00298299
v -0.02863480 0.02537683 0.00136229
v -0.03026799 0.02502400 0.00278780
v -0.02829835 0.02690547 0.00327130
v -0.03383082 0.02828194 0.01492695
v -0.03342802 0.02839088 0.01486753
v -0.03174005 0.02885175 0.01447805
v -0.03226613 0.02793481 0.01228659
v -0.03187963 0.02711627 0.00926401
v -0.03186712 0.02600923 0.00650402
v -0.03046406 0.02333852 0.00114316
v -0.02666331 0.02727443 0.00159852
v -0.02618629 0.02865357 0.00378795
v -0.02394847 0.03025399 0.00433700
v -0.02999085 0.02933868 0.01371417
v -0.02811621 0.02987816 0.01238015
v -0.02570008 0.03058876 0.01002894
v -0.02980247 0.02772092 0.00753133
v -0.02364025 0.03115217 0.00759729
v -0.02295901 0.03132449 0.00668642
v -0.02276804 0.03137258 0.00641976
v -0.01984093 0.03206569 0.00199964
v -0.01940376 0.03216127 0.00131036
v -0.03704268 0.02790807 0.01621481
v -0.03772480 0.02881906 0.01892566
v -0.03316230 0.02972124 0.01920005
v -0.03469965 0.02908864 0.01809475
v -0.03104130 0.03049568 0.02068912
v -0.03372562 0.03043002 0.02222232
v -0.02773090 0.03160087 0.02320447
v -0.03201668 0.03111389 0.02392352
v -0.02574771 0.03228775 0.02512600
v -0.03071961 0.03173121 0.02568463
v -0.02456285 0.03278446 0.02677099
v -0.02999796 0.03229286 0.02752416
v -0.02405134 0.03308220 0.02789116
v -0.02378835 0.03334257 0.02896998
v -0.03626831 0.03168235 0.02644818
v -0.03923753 0.02973968 0.02149772
v -0.03784619 0.03046043 0.02310745
v -0.03680981 0.03110648 0.02475383
v -0.03633298 0.02830490 0.01682517
v -0.01299483 0.03531152 0.02437762
v -0.02091930 0.03364342 0.02784563
v -0.03172500 0.02990864 0.01851004
v -0.02654254 0.03170572 0.02195377
v -0.02418021 0.03244309 0.02377317
v -0.02223874 0.03308580 0.02572121
v -0.03189291 0.02940910 0.01658233
v -0.02360360 0.03205748 0.01499973
v -0.02200874 0.03251154 0.01314187
v -0.01964618 0.03308489 0.00900439
v -0.01690048 0.03426656 0.01552101
v -0.01233768 0.03547898 0.01129220
v -0.01175853 0.03561173 0.01789890
v -0.00898770 0.03625029 0.01234351
v -0.00436739 0.03699927 0.01392447
v -0.01341557 0.03518830 0.02049811
v -0.01523667 0.03482325 0.02624291
v -0.01786690 0.03426006 0.02734511
v -0.01524566 0.03473105 0.02273171
v -0.01722070 0.03425486 0.02430965
v -0.01769051 0.03407891 0.02114503
v -0.01954135 0.03360408 0.02252749
v -0.02024670 0.03334303 0.01960160
v -0.02207621 0.03286101 0.02085439
v -0.02536247 0.03157177 0.01658053
v -0.02729895 0.03105841 0.01766733
v -0.02974201 0.02997910 0.01606932
v -0.02941149 0.03049951 0.01824540
v -0.02409556 0.03232099 0.02156522
v -0.02161144 0.03306609 0.02333076
v -0.01947683 0.03371011 0.02523926
v -0.01850448 0.03381642 0.01773708
v -0.00218456 0.03718994 0.00700199
v -0.00126645 0.01734874 0.05885774
v -0.00126639 0.01734862 0.05885768
v -0.00077552 0.01750150 0.05883638
v 0.00017982 0.01748929 0.05897544
v -0.00037723 0.01756261 0.05887183
v 0.00055509 0.01734898 0.05909546
v 0.00055515 0.01734913 0.05909555
v -0.01165003 0.01134160 0.05799761
v -0.00822179 0.01335702 0.05859337
v -0.00474957 0.01536358 0.05889318
v -0.01499737 0.00934578 0.05706793
v -0.01579256 0.00825476 0.05688036
v -0.01563757 0.00863030 0.05688157
v -0.01529172 0.00907466 0.05695449
v -0.01590661 0.00775646 0.05694950
v -0.01590683 0.00775648 0.05694957
v -0.01590682 -0.00825050 0.05694956
v -0.01600627 -0.00024678 0.05758484
v -0.01598092 -0.00426909 0.05743621
v -0.01598043 0.00377561 0.05743600
v -0.01581609 -0.00865242 0.05688620
v -0.01536943 -0.00949486 0.05693501
v -0.01560672 -0.00917710 0.05688533
v -0.01499728 -0.00983969 0.05706786
v -0.01499742 -0.00983986 0.05706794
v -0.00474964 -0.01585772 0.05889321
v -0.00822185 -0.01385113 0.05859339
v -0.00126649 -0.01784283 0.05885773
v -0.01165010 -0.01183573 0.05799765
v 0.00055510 -0.01784300 0.05909542
v 0.00008784 -0.01800335 0.05895174
v -0.00030809 -0.01805774 0.05888118
v -0.00086947 -0.01797504 0.05883527
v 0.00390884 -0.01585373 0.06001930
v 0.01080962 -0.01183424 0.06091764
v 0.00734150 -0.01384686 0.06061482
v 0.01428865 -0.00984207 0.06089175
v 0.01460507 -0.00957089 0.06086008
v 0.01510778 -0.00875139 0.06091745
v 0.01495753 -0.00912701 0.06087954
v 0.01519846 -0.00825254 0.06101083
v 0.01519864 -0.00825256 0.06101095
v -0.00868781 0.00344861 0.06012486
v -0.00869094 0.00344812 0.06014692
v -0.00853876 0.00344812 0.06018287
v -0.00654238 0.00385797 0.06011862
v -0.00667563 0.00373146 0.06013314
v -0.00706498 0.00344812 0.06051190
v -0.00700482 0.00347109 0.06037153
v -0.00714830 0.00359840 0.06012878
v -0.00688477 0.00355366 0.06023593
v -0.00685436 0.00357757 0.06021324
v -0.00679966 0.00362248 0.06018003
v -0.00880179 0.00363507 0.05971957
v -0.00876807 0.00359354 0.05976625
v -0.00845920 0.00358864 0.05984459
v -0.00874607 0.00356556 0.05980358
v -0.00868765 0.00347619 0.05998241
v -0.00722210 0.00344812 0.06047842
v -0.00780693 0.00358675 0.05999640
v -0.00788569 0.00344812 0.06033286
v -0.00901345 0.00387152 0.05956082
v -0.00890057 0.00374937 0.05962471
v -0.00877739 0.00213325 0.05982411
v -0.00869255 0.00214317 0.06015825
v -0.00878313 0.00029059 0.05985770
v -0.00869928 0.00029283 0.06020557
v -0.00877212 -0.00340007 0.05979794
v -0.00869113 -0.00341387 0.06014826
v -0.00869874 -0.00155959 0.06020177
v -0.00878179 -0.00155386 0.05984827
v -0.00870026 0.00002192 0.06021250
v -0.00866920 -0.00391957 0.05979719
v -0.00859823 -0.00387331 0.06014443
v -0.00837834 -0.00435927 0.05984364
v -0.00834146 -0.00426252 0.06018662
v -0.00794581 -0.00465057 0.05992971
v -0.00796036 -0.00452235 0.06026810
v -0.00743805 -0.00474956 0.06004182
v -0.00751148 -0.00461387 0.06037631
v -0.00791696 -0.00453971 0.06027809
v -0.00562146 -0.00475257 0.06041326
v -0.00568691 -0.00461387 0.06075249
v -0.00052014 -0.00475084 0.06122707
v -0.00053019 -0.00474251 0.06123504
v -0.00197001 -0.00475218 0.06102873
v -0.00055995 -0.00471836 0.06126110
v -0.00067057 -0.00463673 0.06140906
v -0.00418039 -0.00461387 0.06102772
v -0.00379877 -0.00475260 0.06074242
v -0.00385608 -0.00461387 0.06108297
v -0.00201949 -0.00461387 0.06137012
v -0.00071739 -0.00461387 0.06154823
v -0.00022437 -0.00502162 0.06111512
v -0.00035655 -0.00489622 0.06114028
v -0.00047838 -0.00478655 0.06119774
v -0.00049324 0.00361505 0.06123746
v -0.00053481 0.00357918 0.06126791
v -0.00054628 0.00170147 0.06133313
v -0.00054347 -0.00286996 0.06131502
v -0.00072149 -0.00287958 0.06157436
v -0.00055077 -0.00058568 0.06135551
v -0.00072277 -0.00058667 0.06158339
v -0.00072406 0.00170882 0.06159243
v -0.00057462 0.00354595 0.06130354
v -0.00067423 0.00347099 0.06143958
v -0.00072263 0.00344812 0.06158409
v -0.00072503 0.00344812 0.06159928
v -0.00037390 0.00372248 0.06117864
v -0.00023997 0.00385049 0.06115080
v -0.00072052 -0.00461387 0.06156753
v -0.00257914 0.00373310 0.06086700
v -0.00247785 0.00362319 0.06095464
v -0.00214131 0.00359752 0.06102860
v -0.00082752 0.00359566 0.06121284
v -0.00243955 0.00358038 0.06100246
v -0.00241703 0.00355491 0.06103684
v -0.00235025 0.00347104 0.06121232
v -0.00087267 0.00344812 0.06156461
v -0.00148621 0.00358748 0.06113246
v -0.00153389 0.00344812 0.06147548
v -0.00219439 0.00344812 0.06138110
v -0.00234424 0.00344812 0.06135894
v -0.00269956 0.00385887 0.06080747
v -0.00235077 0.00221490 0.06140738
v -0.00234653 0.00344812 0.06137751
v -0.00244727 0.00220507 0.06105286
v -0.00245268 0.00043383 0.06108435
v -0.00235689 0.00043658 0.06145044
v -0.00245234 -0.00133887 0.06107954
v -0.00235689 -0.00134342 0.06145042
v -0.00235774 0.00018926 0.06145643
v -0.00240392 -0.00297474 0.06111114
v -0.00237189 -0.00301965 0.06118469
v -0.00237159 -0.00302010 0.06118557
v -0.00234632 -0.00307153 0.06133375
v -0.00235121 -0.00308067 0.06141046
v -0.00254200 -0.00281001 0.06095257
v -0.00246252 -0.00290182 0.06102605
v -0.00244622 -0.00292143 0.06104603
v -0.00244489 -0.00292304 0.06104775
v -0.00265685 -0.00268610 0.06089003
v 0.00269975 -0.00466525 0.06171875
v 0.00282176 -0.00476624 0.06157738
v 0.00281425 -0.00422310 0.06160785
v 0.00279418 -0.00168032 0.06169655
v 0.00276354 -0.00165226 0.06172505
v 0.00261953 -0.00242388 0.06199595
v 0.00265988 -0.00156381 0.06187426
v 0.00261697 -0.00153730 0.06201397
v 0.00309078 -0.00196357 0.06157717
v 0.00296052 -0.00183637 0.06160290
v 0.00280397 -0.00241498 0.06167457
v 0.00284148 -0.00172395 0.06166103
v 0.00280141 -0.00168698 0.06169050
v 0.00291525 -0.00484995 0.06151592
v 0.00304901 -0.00497594 0.06146731
v 0.00264229 -0.00462767 0.06185723
v 0.00262895 -0.00423968 0.06192967
v 0.00263166 -0.00462471 0.06191058
v 0.00280807 -0.00331936 0.06164644
v 0.00262353 -0.00333204 0.06196780
v 0.00401378 -0.00168153 0.06179230
v 0.00261433 -0.00153695 0.06203254
v 0.00398861 -0.00153695 0.06214301
v 0.00784331 -0.00168056 0.06197112
v 0.00784240 -0.00167970 0.06197199
v 0.00682171 -0.00168056 0.06194331
v 0.00773694 -0.00158103 0.06211742
v 0.00769137 -0.00153963 0.06226664
v 0.00519070 -0.00153695 0.06222013
v 0.00541726 -0.00168134 0.06188072
v 0.00539860 -0.00153695 0.06222831
v 0.00681005 -0.00153695 0.06228382
v 0.00768405 -0.00153695 0.06231819
v 0.00803816 -0.00187011 0.06185352
v 0.00793203 -0.00176622 0.06190275
v 0.00785269 -0.00142644 0.06196617
v 0.00773697 -0.00004061 0.06212845
v 0.00785170 -0.00019173 0.06197478
v 0.00783893 0.00005909 0.06198657
v 0.00784197 0.00006211 0.06198362
v 0.00769113 -0.00143168 0.06226834
v 0.00785751 -0.00080903 0.06196793
v 0.00769015 -0.00081140 0.06227523
v 0.00768987 -0.00019117 0.06227724
v 0.00768989 -0.00008261 0.06227708
v 0.00803604 0.00025390 0.06186873
v 0.00792996 0.00014880 0.06191664
v 0.00681998 0.00006079 0.06195712
v 0.00768157 -0.00008607 0.06233558
v 0.00706590 -0.00008607 0.06231922
v 0.00680772 -0.00008607 0.06231076
v 0.00644508 -0.00008607 0.06229729
v 0.00581912 -0.00008607 0.06226979
v 0.00541567 0.00006100 0.06189471
v 0.00539662 -0.00008607 0.06224823
v 0.00268280 -0.00003556 0.06183510
v 0.00262620 -0.00007977 0.06197049
v 0.00398657 -0.00008607 0.06215937
v 0.00261561 -0.00008543 0.06202356
v 0.00261204 -0.00008607 0.06204868
v 0.00518800 -0.00008607 0.06223672
v 0.00401197 0.00006067 0.06180650
v 0.00278988 0.00005972 0.06171007
v 0.00302952 0.00028863 0.06159899
v 0.00289876 0.00016180 0.06164031
v 0.00280349 0.00007231 0.06169901
v 0.00788659 0.00206599 0.06224555
v 0.00787767 0.00207164 0.06230832
v 0.00695473 0.00207164 0.06228491
v 0.00279287 0.00191652 0.06168406
v 0.00284330 0.00186796 0.06164760
v 0.00406258 0.00191503 0.06178327
v 0.00296176 0.00175266 0.06159423
v 0.00309094 0.00162433 0.06157392
v 0.00261614 0.00207164 0.06201984
v 0.00262006 0.00207019 0.06199224
v 0.00320149 0.00207164 0.06206963
v 0.00266277 0.00203762 0.06185382
v 0.00276591 0.00194249 0.06170844
v 0.00395218 0.00207164 0.06212728
v 0.00403765 0.00207164 0.06213340
v 0.00551390 0.00191477 0.06187292
v 0.00549557 0.00207163 0.06222329
v 0.00803716 0.00191098 0.06195722
v 0.00803219 0.00191595 0.06196188
v 0.00696604 0.00191497 0.06193456
v 0.00793212 0.00201702 0.06209788
v 0.00616876 0.00207164 0.06225535
v 0.00822984 0.00171662 0.06184851
v 0.00812531 0.00182197 0.06189275
v 0.00804812 0.00208855 0.06194266
v 0.00805859 0.00263569 0.06191731
v 0.00788936 0.00264812 0.06222603
v 0.00777178 0.00328972 0.06190776
v 0.00708335 0.00344812 0.06221177
v 0.00719128 0.00344095 0.06220782
v 0.00709324 0.00358527 0.06186791
v 0.00735403 0.00340229 0.06220341
v 0.00750458 0.00333161 0.06220132
v 0.00763549 0.00323354 0.06220165
v 0.00765551 0.00321441 0.06220194
v 0.00774354 0.00311085 0.06220439
v 0.00804742 0.00299391 0.06186212
v 0.00787282 0.00281516 0.06221667
v 0.00782334 0.00297021 0.06220944
v 0.00749454 0.00356347 0.06182875
v 0.00082437 0.00358651 0.06142185
v 0.00083309 0.00357721 0.06143307
v 0.00210245 0.00358786 0.06155193
v 0.00085380 0.00355504 0.06146246
v 0.00092732 0.00347110 0.06163518
v 0.00540951 0.00344812 0.06214394
v 0.00542756 0.00358772 0.06179797
v 0.00405922 0.00344812 0.06206143
v 0.00376391 0.00358804 0.06169258
v 0.00373830 0.00344812 0.06203829
v 0.00206968 0.00344812 0.06189689
v 0.00093904 0.00344812 0.06178158
v 0.00056300 0.00385915 0.06124458
v 0.00068474 0.00373429 0.06129881
v 0.00079039 0.00362285 0.06138324
v 0.00094390 -0.00462471 0.06174494
v 0.00094159 -0.00462471 0.06177248
v 0.00093143 -0.00288449 0.06184396
v 0.00082258 0.00169933 0.06149460
v 0.00093169 0.00244881 0.06184215
v 0.00093698 0.00344812 0.06180488
v 0.00092816 0.00148075 0.06186699
v 0.00092884 0.00170729 0.06186216
v 0.00093060 0.00219276 0.06184979
v 0.00092580 -0.00058874 0.06188355
v 0.00092571 -0.00029354 0.06188421
v 0.00081922 -0.00058736 0.06151535
v 0.00092578 0.00005298 0.06188371
v 0.00092601 0.00036251 0.06188208
v 0.00092610 0.00044907 0.06188143
v 0.00092666 0.00083154 0.06187752
v 0.00092680 -0.00140179 0.06187653
v 0.00092622 -0.00103796 0.06188062
v 0.00092585 -0.00066265 0.06188323
v 0.00092941 -0.00464773 0.06159252
v 0.00082490 -0.00287370 0.06147619
v 0.00092710 -0.00155105 0.06187441
v 0.00068799 -0.00490867 0.06126300
v 0.00056618 -0.00503437 0.06120810
v 0.00079219 -0.00479935 0.06134634
v 0.00083786 -0.00475046 0.06139978
v 0.00085611 -0.00473066 0.06142573
v 0.00246756 -0.00462471 0.06189605
v 0.00114888 -0.00477384 0.06140873
v 0.00111000 -0.00462471 0.06176281
v 0.00182242 -0.00476427 0.06148746
v 0.00178849 -0.00462471 0.06183229
v 0.00249848 -0.00476378 0.06155155
v 0.00179132 -0.00462471 0.06183257
v -0.00788365 0.00344812 0.06035892
v -0.00869453 0.00344812 0.06017219
v -0.00870261 0.00192070 0.06022902
v -0.00862972 -0.00380983 0.06019382
v -0.00707550 -0.00308083 0.06057045
v -0.00867355 -0.00364969 0.06019082
v -0.00869781 -0.00341387 0.06019527
v -0.00853072 -0.00402461 0.06020670
v -0.00843751 -0.00416157 0.06022155
v -0.00827464 -0.00433150 0.06025036
v -0.00814314 -0.00442922 0.06027525
v -0.00793434 -0.00453532 0.06031676
v -0.00777925 -0.00458334 0.06034883
v -0.00568289 -0.00461387 0.06078182
v -0.00521145 -0.00308083 0.06093898
v -0.00751561 -0.00461387 0.06040536
v -0.00755018 -0.00461335 0.06039781
v -0.00072615 0.00344812 0.06160716
v -0.00234719 0.00344812 0.06138219
v -0.00073627 0.00092551 0.06167838
v -0.00235832 0.00018638 0.06146054
v -0.00235186 -0.00308083 0.06141505
v -0.00073285 -0.00260151 0.06165431
v -0.00235730 -0.00144715 0.06145330
v -0.00073730 -0.00058782 0.06168562
v -0.00073739 -0.00033560 0.06168625
v -0.00212479 -0.00461387 0.06138245
v -0.00152479 -0.00461387 0.06146791
v -0.00072164 -0.00461387 0.06157541
v -0.00344292 -0.00461387 0.06117896
v -0.00306250 -0.00426260 0.06125774
v -0.00404861 -0.00340492 0.06113340
v -0.00409467 -0.00308083 0.06113730
v -0.00413460 -0.00461387 0.06106337
v -0.00708139 -0.00134523 0.06061208
v -0.00870631 -0.00099681 0.06025504
v -0.00870393 -0.00204357 0.06023829
v -0.00708212 -0.00083958 0.06061727
v -0.00708240 -0.00008124 0.06061924
v -0.00870637 0.00045128 0.06025550
v -0.00708202 0.00043344 0.06061660
v -0.00707987 0.00147401 0.06060141
v -0.00707720 0.00221176 0.06058260
v -0.00707058 0.00344812 0.06053587
v 0.00380284 0.00266781 0.06209767
v 0.00178422 -0.00462471 0.06185976
v 0.00261359 -0.00176742 0.06203775
v 0.00261728 -0.00284552 0.06201177
v 0.00262375 -0.00405158 0.06196625
v 0.00262561 -0.00433077 0.06195319
v 0.00262771 -0.00462471 0.06193840
v 0.00468563 -0.00038672 0.06220898
v 0.00412104 -0.00008607 0.06217128
v 0.00261170 -0.00008607 0.06205107
v 0.00261305 -0.00153695 0.06204153
v 0.00454699 -0.00145339 0.06219150
v 0.00261295 0.00099289 0.06204227
v 0.00326468 0.00344812 0.06202520
v 0.00289380 0.00344812 0.06199456
v 0.00198741 0.00344812 0.06191252
v 0.00400663 0.00344812 0.06208131
v 0.00751069 0.00332337 0.06225375
v 0.00736853 0.00339475 0.06224705
v 0.00707983 0.00344812 0.06223671
v 0.00726363 0.00342694 0.06224284
v 0.00770892 0.00314501 0.06226597
v 0.00759900 0.00325852 0.06225866
v 0.00788038 0.00264812 0.06228922
v 0.00786563 0.00280475 0.06228300
v 0.00783700 0.00291121 0.06227824
v 0.00777118 0.00305410 0.06227109
v 0.00465727 -0.00153695 0.06219731
v 0.00768267 -0.00153695 0.06232787
v 0.00768121 -0.00008607 0.06233815
v 0.00665653 -0.00008607 0.06230783
v 0.00563239 -0.00008607 0.06226289
v 0.00487645 -0.00008607 0.06222075
v 0.00279948 0.00044421 0.06170017
v 0.00261598 0.00044700 0.06202091
v 0.00261824 0.00153790 0.06200505
v 0.00279720 0.00153070 0.06168804
v 0.00261686 0.00099247 0.06201473
v 0.00279789 0.00098747 0.06169600
v -0.00686480 -0.00134060 0.06029470
v -0.00702026 -0.00305128 0.06042496
v -0.00702358 -0.00305353 0.06043082
v -0.00686112 -0.00292317 0.06025912
v -0.00691894 -0.00297264 0.06030205
v -0.00697500 -0.00301808 0.06035958
v -0.00686514 0.00043059 0.06029920
v -0.00686032 0.00220137 0.06026534
v -0.00683381 -0.00289908 0.06024312
v -0.00671960 -0.00279422 0.06019896
v -0.00659284 -0.00267229 0.06018484
v -0.00470663 -0.00307229 0.06095171
v -0.00469337 -0.00305171 0.06087733
v -0.00468084 -0.00301957 0.06080703
v -0.00466934 -0.00297669 0.06074253
v -0.00465916 -0.00292409 0.06068541
v -0.00465054 -0.00286309 0.06063707
v -0.00464370 -0.00279517 0.06059870
v -0.00463881 -0.00272199 0.06057125
v -0.00463598 -0.00264536 0.06055538
v -0.00102349 0.01314949 0.06006578
v 0.00038777 0.01300882 0.06030103
v 0.00001499 0.01314727 0.06020637
v -0.00054842 0.01322881 0.06011857
v -0.00144332 0.01300872 0.06006404
v 0.00285909 0.01155112 0.06080844
v 0.00535505 0.01009318 0.06119264
v 0.01038850 0.00718253 0.06159720
v 0.01038851 0.00718254 0.06159721
v 0.00786593 0.00863468 0.06145687
v 0.01072570 0.00688965 0.06158847
v 0.01130284 0.00558519 0.06171583
v 0.01123818 0.00598429 0.06166115
v 0.01102719 0.00652127 0.06161939
v 0.01130283 -0.00607921 0.06171580
v 0.01130284 -0.00607921 0.06171582
v 0.01127475 -0.00316766 0.06189895
v 0.01126684 -0.00024782 0.06195876
v 0.01127444 0.00267233 0.06189873
v 0.01122388 -0.00651067 0.06165298
v 0.01070329 -0.00741523 0.06159220
v 0.01038853 -0.00767660 0.06159724
v 0.01105669 -0.00696366 0.06162314
v 0.00786582 -0.00912845 0.06145664
v 0.00535508 -0.01058724 0.06119267
v 0.00038779 -0.01350289 0.06030105
v 0.00285925 -0.01204549 0.06080873
v 0.00038777 -0.01350283 0.06030100
v -0.00144329 -0.01350268 0.06006398
v -0.00105770 -0.01363292 0.06006307
v -0.00001835 -0.01364995 0.06019950
v -0.00049399 -0.01372373 0.06012608
v -0.00396390 -0.01204703 0.05992593
v -0.00647551 -0.01058934 0.05966274
v -0.01144334 -0.00767601 0.05877091
v -0.01144336 -0.00767602 0.05877092
v -0.00897004 -0.00912976 0.05927907
v -0.01235778 -0.00607845 0.05865285
v -0.01227275 -0.00647323 0.05861266
v -0.01176939 -0.00738952 0.05867992
v -0.01206853 -0.00700969 0.05862906
v -0.01235770 0.00558443 0.05865282
v -0.01235778 0.00558443 0.05865286
v -0.01238190 0.00267238 0.05883885
v -0.01238228 -0.00316647 0.05883905
v -0.01239152 -0.00024721 0.05889943
v -0.01144340 0.00718205 0.05877097
v -0.01173668 0.00691650 0.05868195
v -0.01227141 0.00601804 0.05861501
v -0.01209377 0.00647187 0.05862588
v -0.00897001 0.00863571 0.05927906
v -0.00396388 0.01155298 0.05992592
v -0.00647554 0.01009535 0.05966278
v -0.00018989 0.01628876 0.05961175
v -0.00068687 0.01628876 0.05955286
v 0.00073081 0.01573899 0.05989508
v 0.00149490 0.01528470 0.06010612
v 0.00319487 0.01427933 0.06050967
v 0.00490752 0.01327291 0.06083708
v 0.01011379 0.01024788 0.06140931
v 0.01186788 0.00924055 0.06145620
v 0.01362517 0.00823859 0.06141455
v 0.00941655 0.01065004 0.06136906
v 0.00836703 0.01125716 0.06128679
v 0.00663168 0.01226552 0.06109539
v 0.00491987 0.01326567 0.06083918
v 0.01387332 0.00780567 0.06144411
v 0.01387332 -0.00829969 0.06144409
v 0.01383551 -0.00629263 0.06171015
v 0.01379570 -0.00225544 0.06199027
v 0.01381027 -0.00427561 0.06188776
v 0.01379577 0.00177730 0.06198975
v 0.01381035 0.00378976 0.06188720
v 0.01382032 0.00469888 0.06181700
v 0.01383552 0.00579943 0.06171009
v 0.01379101 -0.00023778 0.06202329
v 0.01379114 -0.00058612 0.06202235
v 0.01362517 -0.00873261 0.06141452
v -0.00018988 -0.01678277 0.05961172
v 0.00149316 -0.01577973 0.06010593
v 0.01187025 -0.00973319 0.06145641
v 0.00319505 -0.01477326 0.06050946
v 0.00491300 -0.01376371 0.06083804
v 0.00664309 -0.01275289 0.06109678
v 0.00837993 -0.01174370 0.06128800
v 0.01012218 -0.01073708 0.06140947
v -0.00068686 -0.01678277 0.05955283
v -0.01450275 -0.00873261 0.05775582
v -0.01282022 -0.00973563 0.05825328
v -0.00244218 -0.01578237 0.05959970
v -0.00593277 -0.01377213 0.05943634
v -0.00419045 -0.01477862 0.05955585
v -0.01111826 -0.01074226 0.05865846
v -0.00939988 -0.01175212 0.05898770
v -0.00766955 -0.01276306 0.05924619
v -0.01475094 -0.00829969 0.05772659
v -0.01475094 0.00780567 0.05772661
v -0.01478992 0.00580175 0.05800084
v -0.01478992 -0.00629578 0.05800084
v -0.01483071 0.00177025 0.05828790
v -0.01481576 0.00378964 0.05818264
v -0.01483556 -0.00025203 0.05832200
v -0.01483069 -0.00227121 0.05828770
v -0.01481573 -0.00428590 0.05818247
v -0.01450275 0.00823859 0.05775585
v -0.01282025 0.00924160 0.05825330
v -0.00244219 0.01528835 0.05959973
v -0.00593809 0.01327502 0.05943585
v -0.00419214 0.01428363 0.05955580
v -0.00767745 0.01226444 0.05924519
v -0.00940543 0.01125485 0.05898681
v -0.01112005 0.01024719 0.05865810
v -0.01673530 0.03382460 0.00454292
v -0.01174985 0.03548680 0.00520850
v -0.00669326 0.03663922 0.00598689
v 0.00734157 0.01335300 0.06061496
v 0.00390891 0.01535988 0.06001944
v 0.01428864 0.00934805 0.06089177
v 0.01428873 0.00934819 0.06089187
v 0.01080969 0.01134038 0.06091778
v 0.01468677 0.00899161 0.06085853
v 0.01519864 0.00775854 0.06101097
v 0.01513617 0.00816463 0.06093280
v 0.01492860 0.00867573 0.06087413
v 0.01511831 -0.00024682 0.06162760
v 0.01513489 0.00377499 0.06148189
v 0.01513528 -0.00426854 0.06148221
vn 0.57714690 -0.80087184 0.15970522
vn 0.65440304 -0.74669836 0.11915626
vn 0.60366169 -0.74466654 0.28471794
vn 0.38243767 -0.90715208 0.17554636
vn 0.48769764 -0.86736965 0.09910049
vn 0.44084686 -0.85777034 0.26435600
vn 0.17370240 -0.96665048 0.18818697
vn 0.30669295 -0.94902248 0.07277205
vn 0.25500895 -0.93642515 0.24099453
vn -0.60898028 -0.77450284 0.17113844
vn -0.49165649 -0.86823395 -0.06666112
vn -0.53220384 -0.83439408 0.14333732
vn -0.75460641 -0.63349089 0.17105103
vn -0.68229865 -0.72941368 -0.04923653
vn -0.69415377 -0.70925246 0.12292880
vn -0.72379458 0.65296540 0.22306412
vn -0.79456861 0.59975731 -0.09461440
vn -0.79128922 0.60117005 0.11160617
vn -0.57174048 0.78197086 0.24826275
vn -0.64249913 0.76501063 -0.04419951
vn -0.65053874 0.74853183 0.12845019
vn 0.32278797 0.43652715 0.83979282
vn 0.20328318 0.32944149 0.92203267
vn 0.28200572 0.27015973 0.92059030
vn -0.05967979 -0.60815799 0.79156944
vn -0.07124141 -0.47609612 0.87650279
vn -0.18583081 -0.46441198 0.86590324
vn -0.69512999 -0.10316613 0.71144293
vn -0.55917089 -0.07466053 0.82568379
vn -0.56231480 0.01722627 0.82674380
vn -0.61600177 -0.35228337 0.70458374
vn -0.80208509 -0.55619399 -0.21750345
vn -0.82259724 -0.55904816 0.10391792
vn -0.07729569 -0.26291141 0.96171876
vn -0.02040193 -0.26140314 0.96501407
vn -0.39869910 0.35284825 0.84648517
vn -0.00445564 -0.23210083 0.97268153
vn 0.04463094 -0.23037502 0.97207789
vn -0.32158513 0.40131771 0.85762876
vn 0.05430490 -0.18969698 0.98033975
vn 0.09938352 -0.17857150 0.97889485
vn -0.23746110 0.44193074 0.86504881
vn -0.32763784 -0.17629294 0.92821024
vn -0.29808930 -0.22392771 0.92790040
vn 0.04699434 0.42483688 0.90404931
vn -0.26558133 -0.22359118 0.93780251
vn -0.23947791 -0.26430904 0.93423287
vn 0.12675371 0.38188541 0.91547640
vn -0.17552130 0.26716944 0.94752982
vn -0.22994531 0.26378346 0.93677289
vn 0.17419882 -0.35025763 0.92031210
vn -0.24550624 0.23549256 0.94035628
vn -0.29312598 0.23227436 0.92742966
vn 0.09727388 -0.39861317 0.91194591
vn -0.30339441 0.19267732 0.93318127
vn -0.34841223 0.17931895 0.92002915
vn 0.01468187 -0.43905674 0.89833937
vn 0.01930101 0.02315187 0.99954563
vn -0.02640029 -0.04271939 0.99873824
vn -0.54381158 0.20793984 0.81303751
vn 0.04701508 0.09486044 0.99437975
vn -0.12206360 -0.09376678 0.98808313
vn -0.12977343 -0.16066999 0.97843958
vn -0.47148014 0.29753886 0.83016691
vn -0.15280396 -0.25417390 0.95501130
vn -0.10137762 -0.29540466 0.94997824
vn -0.55505557 0.11092577 0.82438389
vn 0.13881818 0.10729421 0.98448843
vn 0.08268082 0.13172991 0.98783152
vn 0.12451076 -0.09125394 0.98801305
vn 0.15112406 -0.04060649 0.98768043
vn 0.13364686 -0.01210982 0.99095503
vn 0.15663957 0.03187445 0.98714136
vn 0.12558064 0.06108776 0.99020088
vn -0.13307220 0.24901713 0.95931343
vn -0.12211080 0.19942360 0.97227526
vn -0.50235005 -0.27444901 0.81995254
vn -0.07594543 0.13941236 0.98731782
vn -0.04693480 0.06606002 0.99671119
vn -0.54821680 -0.16667024 0.81956048
vn -0.02974241 -0.01934647 0.99937035
vn 0.02305934 -0.08744968 0.99590201
vn 0.06027642 -0.13051470 0.98961238
vn 0.09299700 -0.16394820 0.98207563
vn 0.13968174 -0.12781316 0.98191283
vn -0.05053059 0.24971161 0.96700092
vn -0.08453372 0.28378155 0.95515553
vn -0.42731056 -0.33133382 0.84120366
vn 0.01626005 0.22048437 0.97525497
vn -0.01027507 0.26167730 0.96510073
vn -0.35090670 -0.38386696 0.85411395
vn 0.07930426 0.17422525 0.98150721
vn 0.04885010 0.22128828 0.97398417
vn -0.27046861 -0.42704268 0.86283329
vn -0.34375631 0.12323618 0.93093740
vn -0.29576511 0.10983603 0.94892520
vn -0.22223276 0.12185153 0.96734937
vn -0.14901242 0.10788639 0.98293226
vn -0.05995294 0.08251778 0.99478463
vn 0.02140992 0.09986523 0.99477060
vn 0.07814481 0.10583090 0.99130884
vn 0.12398691 0.11481592 0.98561887
vn 0.11614649 0.16896441 0.97875483
vn 0.31451438 -0.20039470 0.92785919
vn -0.33997457 -0.12132399 0.93257588
vn -0.31095743 -0.08788312 0.94635196
vn -0.28664030 -0.01619114 0.95790145
vn -0.24281546 0.04414586 0.96906749
vn 0.24838171 -0.29563456 0.92244606
vn -0.17711827 0.10865581 0.97817331
vn -0.14274950 0.18628346 0.97207050
vn -0.11145441 0.26046924 0.95902747
vn -0.15316634 0.29611150 0.94279269
vn -0.39156833 -0.10674198 0.91393676
vn 0.32529854 -0.10930299 0.93927297
vn -0.38231124 -0.07500029 0.92098484
vn 0.33319239 -0.01790162 0.94268890
vn -0.40900353 -0.03459095 0.91187695
vn -0.38079595 -0.05474465 0.92303709
vn -0.38029345 0.08846935 0.92062482
vn -0.40500708 0.03951081 0.91345945
vn 0.33106838 0.07396775 0.94070320
vn -0.38891161 0.01288078 0.92118502
vn -0.39389128 -0.01026511 0.91909972
vn -0.24379787 0.01325425 0.96973549
vn -0.29731991 0.08259208 0.95119894
vn 0.32103222 0.16516309 0.93255534
vn -0.22265637 -0.07815029 0.97175958
vn -0.19280753 -0.14484705 0.97048678
vn -0.34183027 0.14329281 0.92877297
vn -0.39485338 0.12324069 0.91044085
vn -0.20096989 -0.25375244 0.94616109
vn -0.16890463 -0.28602578 0.94321815
vn -0.12543121 -0.25288186 0.95933194
vn -0.14323168 -0.20071449 0.96912248
vn 0.09171943 -0.11960514 0.98857582
vn 0.03832306 -0.10854405 0.99335267
vn -0.14647053 0.48158334 0.86407400
vn -0.03451259 -0.12247576 0.99187125
vn -0.11514541 -0.12340798 0.98565309
vn -0.03629458 0.46102488 0.88664467
vn -0.20572951 -0.06777142 0.97625939
vn -0.26411634 -0.09265045 0.96003044
vn -0.33351467 -0.10445176 0.93694066
vn -0.37404304 -0.11359496 0.92042815
vn -0.36650138 -0.17146657 0.91448125
vn -0.58182536 -0.16609869 0.79617239
vn -0.65559006 -0.26304488 0.70781993
vn -0.86420873 -0.32642136 0.38287382
vn -0.60475486 -0.30374471 0.73621376
vn -0.65604428 -0.09049469 0.74927740
vn -0.66194814 -0.13529933 0.73723724
vn -0.89821655 -0.15477171 0.41140340
vn -0.66684822 0.03457374 0.74439110
vn -0.58237095 -0.02146346 0.81263977
vn -0.90685285 0.03691736 0.41982736
vn -0.53679625 -0.03871340 0.84282326
vn -0.60646972 0.23121544 0.76074562
vn -0.65138792 0.20015152 0.73186963
vn -0.89244621 0.21405425 0.39714046
vn -0.66773087 0.15124907 0.72887530
vn -0.54027965 0.07486847 0.83814833
vn -0.52014901 0.31515732 0.79380153
vn -0.69906472 0.37401429 0.60944387
vn -0.88238417 0.45437531 0.12223443
vn 0.43123390 0.18415376 0.88324669
vn 0.73032885 0.32019748 0.60340148
vn 0.38754053 0.14851406 0.90981092
vn 0.76280867 0.14406856 0.63037067
vn 0.67141967 -0.02985397 0.74047577
vn 0.43574428 0.01874983 0.89987519
vn 0.76910036 -0.03680752 0.63806728
vn 0.46267205 0.03746040 0.88573771
vn 0.53918929 0.11432407 0.83438895
vn 0.39281726 -0.06686114 0.91718274
vn 0.75673282 -0.20879423 0.61948398
vn 0.52429871 -0.15776121 0.83679284
vn 0.70896613 -0.39074147 0.58710147
vn 0.43964335 -0.22620029 0.86922216
vn 0.51634729 -0.21102414 0.82997246
vn 0.43610157 -0.36619306 0.82202072
vn 0.48829829 -0.35424772 0.79754205
vn 0.50143849 -0.31767715 0.80476125
vn 0.62557535 -0.55743952 0.54581742
vn 0.74015946 -0.61408654 0.27397390
vn 0.36869018 -0.36916760 0.85310189
vn 0.43825753 -0.53297775 0.72378523
vn -0.66082573 -0.22579823 0.71576848
vn -0.77390858 -0.27786834 0.56908233
vn 0.06490759 -0.58659247 0.80727707
vn 0.11918362 -0.72186236 0.68169641
vn 0.46246424 0.22579903 0.85740401
vn 0.49676585 0.10316769 0.86173089
vn 0.50502107 -0.02397334 0.86277401
vn 0.48687325 -0.15006441 0.86048540
vn 0.44311446 -0.26959877 0.85496554
vn 0.37565148 -0.37735056 0.84645882
vn 0.22352070 0.51541616 0.82727545
vn 0.31437458 0.63427347 0.70630432
vn -0.60197825 -0.33856293 0.72318554
vn -0.70148104 -0.41663141 0.57822368
vn -0.78704577 -0.49804247 0.36402288
vn 0.18232648 -0.53939390 0.82207741
vn 0.26367525 -0.66377218 0.69991560
vn 0.35390875 -0.78750166 0.50456886
vn 0.53598629 0.41663073 0.73425985
vn 0.60841233 0.27786649 0.74338728
vn 0.65062963 0.12695770 0.74870744
vn 0.66079363 -0.02950112 0.74998764
vn 0.63845456 -0.18466996 0.74717654
vn 0.58461047 -0.33177267 0.74037659
vn 0.50158734 -0.46437002 0.72991138
vn 0.11014832 0.57177585 0.81298200
vn 0.17485686 0.70362768 0.68871850
vn 0.24853701 0.83479524 0.49127005
vn -0.70657619 0.33366218 0.62403497
vn -0.83838135 0.40533945 0.36444017
vn -0.75009298 0.33176697 0.57209370
vn -0.64147730 0.26959950 0.71820817
vn -0.80395320 0.18467327 0.56529199
vn -0.68524048 0.15006576 0.71268910
vn -0.82628249 0.02950006 0.56248289
vn -0.81612130 -0.12695837 0.56376200
vn -0.70338191 0.02397175 0.71040780
vn 0.28743626 -0.46860918 0.83533576
vn 0.39302824 -0.57667476 0.71622275
vn 0.50737519 -0.68416944 0.52391087
vn 0.55621655 0.63872067 0.53165690
vn 0.66439350 0.47695047 0.57541248
vn -0.01237159 0.60314586 0.79753497
vn 0.02408568 0.74223876 0.66970255
vn 0.06965899 0.88059952 0.46871326
vn 0.11366659 0.96774391 0.22483690
vn -0.38068712 0.53938701 0.75109185
vn -0.26327070 0.58659138 0.76589757
vn -0.42916647 0.66377496 0.61255117
vn -0.28467490 0.72186408 0.63077132
vn -0.46808374 0.78750438 0.40091703
vn -0.29665647 0.85642372 0.42253207
vn -0.48122055 0.86370625 0.14979417
vn -0.29172656 0.94060171 0.17367798
vn -0.57401243 0.37734835 0.72671725
vn -0.66707530 0.46436782 0.58255735
vn -0.75034235 0.55093204 0.36532212
vn -0.36270909 -0.83479136 0.41420466
vn -0.34795623 -0.92260019 0.16653934
vn -0.14962750 -0.97002278 0.19148738
vn 0.40360997 0.33855997 0.84998596
vn 0.43653394 0.53719467 0.72170631
vn 0.41405820 0.75250528 0.51214414
vn 0.49454419 0.82521217 0.27285695
vn 0.31159014 0.91679487 0.24979742
vn -0.48579726 0.46860541 0.73784144
vn -0.55851737 0.57667161 0.59624508
vn -0.62154704 0.68416900 0.38156527
vn -0.67316002 -0.63732897 0.37505648
vn -0.60201884 -0.53718878 0.59076352
vn -0.52114996 -0.43652770 0.73338004
vn -0.52822923 -0.75250370 0.39333455
vn -0.47986257 -0.63427044 0.60616245
vn -0.43325438 -0.88367693 0.17721663
vn -0.42188418 -0.51541704 0.74589477
vn -0.34034807 -0.70362982 0.62375337
vn -0.18383154 -0.88059855 0.43675183
vn 0.05670033 -0.97479585 0.21577331
vn -0.03002253 -0.98369298 0.17733237
vn 0.09943536 -0.99381269 0.04948680
vn -0.29966749 -0.95319364 -0.04026514
vn -0.23960583 -0.95456135 0.17720516
vn -0.11925965 -0.99257100 0.02408185
vn -0.30851307 -0.57177686 0.76019136
vn -0.18957611 -0.74223808 0.64276242
vn 0.00058703 -0.88791352 0.46001005
vn -0.18599333 -0.60314729 0.77564156
vn -0.03413423 -0.74840340 0.66236486
vn 0.18248546 -0.85642716 0.48294056
vn 0.43106781 0.29875069 0.85142737
vn 0.47138034 0.37178262 0.79973637
vn 0.73971927 0.56451821 0.36624390
vn 0.38999209 0.45836339 0.79862956
vn 0.65156129 0.70023991 0.29177381
vn 0.68597622 0.72413603 0.07115921
vn 0.55413276 0.73429878 0.39209972
vn 0.52442359 0.26127302 0.81038034
vn 0.52110641 0.85060976 0.07007957
vn 0.38513037 0.84475864 0.37156081
vn 0.35006090 0.93453437 0.06405378
vn 0.18851129 0.91820973 0.34835956
vn 0.14537288 0.98832648 0.04557944
vn -0.00569554 0.94593581 0.32430388
vn -0.07093489 0.99712028 0.02682148
vn -0.09045664 0.97579921 0.19908163
vn -0.13868440 0.60815702 0.78160839
vn -0.13135768 0.74840203 0.65010734
vn -0.11475995 0.88791282 0.44546715
vn -0.20253342 0.93286818 0.29788787
vn -0.28626941 0.95719956 -0.04264769
vn -0.39143491 0.87875368 0.27307633
vn -0.46884799 0.88232423 -0.04105502
vn -0.15151901 0.18665523 0.97067081
vn -0.06488622 0.28237072 0.95710843
vn -0.14569259 0.10141406 0.98411831
vn -0.46951039 0.45222727 0.75832084
vn -0.35767365 0.15140011 0.92149203
vn -0.54279473 0.36699481 0.75543940
vn 0.45908324 0.02869644 0.88792967
vn -0.06089091 0.00022224 0.99814440
vn -0.04874765 0.07400202 0.99606595
vn 0.09433619 -0.53415544 0.84010633
vn 0.08495394 -0.54950038 0.83116314
vn -0.08286682 -0.26845419 0.95972154
vn -0.48081861 -0.43678650 0.76028351
vn -0.35200539 -0.19234273 0.91602210
vn -0.46072528 -0.45386337 0.76271899
vn -0.25898316 0.13103083 0.95695279
vn -0.24116601 0.16049069 0.95712157
vn -0.64108613 0.19873526 0.74129135
vn -0.24568868 0.14878644 0.95786203
vn -0.69070488 0.09789664 0.71647960
vn -0.31468811 0.04184067 0.94827251
vn -0.28761945 0.06556516 0.95549791
vn -0.27163414 0.09878281 0.95731753
vn -0.21890466 0.09937530 0.97067260
vn -0.20974460 0.06391845 0.97566471
vn -0.66329040 0.05993835 0.74595794
vn -0.68015181 0.02947108 0.73247865
vn -0.20397307 -0.00024410 0.97897647
vn -0.65741098 -0.00018698 0.75353219
vn -0.68001999 -0.02969230 0.73259209
vn -0.21149261 -0.06122278 0.97546022
vn -0.66196716 -0.05892376 0.74721313
vn -0.23492071 -0.10393521 0.96644179
vn -0.69004067 -0.09842822 0.71704655
vn -0.24640142 -0.14731707 0.95790606
vn -0.64093769 -0.19784328 0.74165822
vn -0.25688819 -0.14338083 0.95574599
vn -0.26385664 -0.10823686 0.95846985
vn -0.54283991 -0.36720764 0.75530351
vn -0.28311841 -0.07833760 0.95588032
vn -0.30202726 -0.05277174 0.95183753
vn -0.43392641 -0.45479916 0.77773105
vn -0.31945832 -0.02075988 0.94737290
vn -0.31699176 -0.02296729 0.94815016
vn -0.32427394 -0.11293506 0.93919758
vn -0.33854983 -0.21116307 0.91694829
vn -0.23420550 -0.04192288 0.97128279
vn -0.41675568 -0.48598586 0.76820079
vn -0.16491772 -0.06469985 0.98418295
vn -0.38117984 -0.47878849 0.79086251
vn -0.36604662 -0.51456962 0.77538892
vn -0.10568824 -0.11213881 0.98805611
vn -0.33235692 -0.51334780 0.79120978
vn -0.31752312 -0.56341117 0.76272336
vn -0.06075618 -0.17139813 0.98332668
vn -0.20357550 -0.56128412 0.80219521
vn -0.17415055 -0.17306691 0.96939127
vn -0.20794548 -0.17286634 0.96274394
vn -0.01004561 -0.55904373 0.82907732
vn -0.20069532 -0.17201898 0.96443292
vn -0.15375439 -0.17675024 0.97217228
vn -0.15879507 -0.13330199 0.97827128
vn -0.06869776 -0.17780994 0.98166402
vn -0.10352937 -0.16541136 0.98077559
vn -0.14036663 -0.16792538 0.97575523
vn 0.10176258 -0.52139297 0.84722709
vn 0.11356974 -0.51110681 0.85198107
vn -0.15602538 -0.10363105 0.98230173
vn 0.12671162 -0.50147484 0.85584295
vn -0.13764339 -0.09942763 0.98547879
vn 0.13922395 -0.49037673 0.86031817
vn -0.10269774 -0.11638508 0.98788040
vn 0.15024606 -0.48103182 0.86373289
vn -0.08816439 -0.05611399 0.99452414
vn 0.16760732 -0.47204056 0.86549725
vn 0.20262917 -0.48108135 0.85293737
vn -0.02260036 -0.03343929 0.99918519
vn 0.20737793 -0.45701612 0.86494547
vn 0.30029086 -0.41217893 0.86019412
vn 0.28489607 -0.48073765 0.82929219
vn 0.22317257 -0.44598968 0.86676826
vn 0.02200023 -0.05972146 0.99797261
vn 0.36547891 -0.29781656 0.88189028
vn 0.04842177 -0.03546917 0.99819701
vn 0.04342224 -0.02321396 0.99878708
vn 0.00613302 -0.09215715 0.99572559
vn -0.00752923 -0.12318397 0.99235529
vn 0.43629260 -0.17002977 0.88359416
vn -0.02572502 -0.15353071 0.98780896
vn -0.02096204 -0.14248424 0.98957508
vn 0.48049833 -0.09178356 0.87217953
vn -0.04966832 -0.07358478 0.99605137
vn 0.43371309 0.00098056 0.90105049
vn 0.45942476 -0.02872267 0.88775216
vn 0.43989471 -0.05779501 0.89618769
vn -0.01502649 0.13707756 0.99044634
vn 0.41647061 0.19241768 0.88855369
vn -0.02143566 0.13944337 0.98999801
vn 0.48008914 0.09252450 0.87232656
vn 0.44051910 0.05691364 0.89593736
vn 0.03221809 0.05338486 0.99805413
vn 0.32190263 0.36149679 0.87504215
vn 0.00681552 0.07980589 0.99678712
vn -0.01678222 0.09268636 0.99555391
vn 0.05172409 0.01756701 0.99850689
vn 0.04427676 0.02174055 0.99878272
vn 0.26853310 0.46531538 0.84342846
vn -0.02489845 0.03284950 0.99915013
vn -0.09375194 0.06115055 0.99371585
vn 0.20287933 0.48081274 0.85302936
vn 0.21829755 0.45073535 0.86555406
vn -0.08146831 0.17749864 0.98074316
vn -0.04568900 0.17495902 0.98351505
vn -0.20435963 0.56182658 0.80161589
vn -0.19990211 0.17040555 0.96488398
vn -0.18752170 0.17311250 0.96688555
vn -0.01089394 0.55941585 0.82881556
vn -0.15354866 0.16353579 0.97451468
vn -0.11598845 0.16977361 0.97863354
vn 0.09314278 0.53751402 0.83809492
vn 0.11764006 0.50969193 0.85227634
vn 0.15364019 0.51054425 0.84601375
vn 0.16401118 0.47464836 0.86475966
vn -0.05696166 0.17078444 0.98366053
vn -0.09539234 0.15509811 0.98328271
vn -0.30876564 0.55816103 0.77014287
vn -0.32769061 0.51487944 0.79216035
vn -0.09944589 0.10701423 0.98927169
vn -0.34070168 0.50825705 0.79094699
vn -0.11847427 0.09928322 0.98798112
vn -0.36616630 0.51472433 0.77522971
vn -0.15431296 0.06744870 0.98571709
vn -0.37964735 0.47852652 0.79175770
vn -0.20018006 0.07010655 0.97724767
vn -0.42157598 0.48202685 0.76806498
vn -0.43404359 0.45694210 0.77640845
vn -0.22078110 0.03844411 0.97456542
vn -0.23489363 0.01601162 0.97188920
vn -0.29611292 0.07077376 0.95252728
vn -0.31604802 0.02638263 0.94837630
vn 0.67754565 -0.01280019 0.73536933
vn 0.09180077 -0.07658873 0.99282767
vn 0.68530707 -0.04425024 0.72690862
vn 0.31448643 0.65724362 0.68493000
vn 0.05975202 0.16953261 0.98371154
vn 0.32393680 0.64800209 0.68931723
vn 0.26257857 0.69263166 0.67179899
vn -0.09090115 0.24799454 0.96448727
vn 0.28012326 0.67883594 0.67875822
vn -0.50070109 0.65092015 0.57061491
vn -0.59140035 0.60837937 0.52926380
vn -0.31028881 0.14912846 0.93887249
vn 0.07310167 0.33948052 0.93776816
vn 0.06719597 0.35712707 0.93163563
vn -0.28221140 -0.21979496 0.93383452
vn 0.22454989 -0.00865305 0.97442417
vn -0.34164742 0.09996230 0.93449697
vn 0.25634966 0.05683723 0.96491159
vn 0.26828226 0.06719745 0.96099383
vn 0.19355525 -0.08295596 0.97757592
vn 0.15218148 -0.15545781 0.97605003
vn 0.09847652 -0.21749572 0.97108083
vn 0.05508435 -0.28958813 0.95556498
vn 0.26942222 0.04884620 0.96178257
vn -0.35238897 0.04544112 0.93474976
vn 0.26978538 0.02680702 0.96254726
vn 0.27026124 0.00935096 0.96274162
vn -0.45492796 -0.00852139 0.89048747
vn 0.27168288 -0.00327487 0.96238126
vn 0.27553410 -0.01659873 0.96114798
vn -0.34391825 -0.04953271 0.93769224
vn 0.26975003 -0.03057439 0.96244487
vn 0.26985634 -0.04935665 0.96163479
vn -0.35009572 -0.09796526 0.93157705
vn 0.25302372 -0.04663591 0.96633539
vn 0.09927533 0.22816825 0.96854719
vn 0.15234881 0.15782351 0.97564419
vn 0.05572588 0.29400032 0.95417946
vn -0.31431082 -0.15115720 0.93720873
vn 0.18394975 0.08821512 0.97896914
vn 0.22019807 0.01050845 0.97539858
vn 0.04652354 0.35615106 0.93326951
vn 0.03134358 0.36985364 0.92856118
vn 0.02528387 0.35122394 0.93595003
vn 0.09223308 0.33621313 0.93725866
vn -0.31850921 -0.34572440 0.88262479
vn 0.10885151 0.31868265 0.94159053
vn -0.18408396 -0.22172748 0.95757507
vn 0.08992201 0.29449073 0.95141434
vn 0.13344720 0.29275525 0.94682955
vn 0.13552217 0.31607493 0.93900499
vn -0.20447777 0.31372390 0.92723576
vn -0.12287241 0.32993610 0.93597251
vn -0.13714860 -0.24556309 0.95962963
vn -0.03446910 0.28775414 0.95708382
vn 0.02513898 0.29492980 0.95518817
vn -0.28444460 0.29801460 0.91119623
vn -0.08741894 -0.23030202 0.96918466
vn -0.34793868 0.29971375 0.88831883
vn -0.35179339 0.31470814 0.88158959
vn 0.27918825 -0.68016801 0.67780926
vn -0.33682504 0.32924746 0.88212527
vn 0.06173321 -0.16986579 0.98353171
vn -0.26829610 0.37140890 0.88886030
vn 0.31074559 -0.65891440 0.68503211
vn -0.27819915 0.35518171 0.89244114
vn -0.40731770 0.16437928 0.89837172
vn -0.32662192 0.21971141 0.91926330
vn 0.08377964 -0.12413663 0.98872194
vn -0.30555196 0.27388546 0.91193462
vn -0.25790987 0.35091165 0.90019082
vn -0.49054120 -0.05108948 0.86991908
vn -0.45859232 0.01018354 0.88858842
vn -0.43721800 0.08423577 0.89540201
vn -0.50585106 -0.03532600 0.86189720
vn -0.51169759 -0.05340387 0.85750429
vn 0.67865294 0.01159017 0.73436766
vn -0.50784824 0.00103842 0.86144593
vn -0.52107506 -0.01944853 0.85328924
vn 0.08250062 0.12622265 0.98856537
vn -0.42593187 -0.09522962 0.89972961
vn 0.11775219 0.08046682 0.98977751
vn -0.45332841 -0.00455780 0.89133191
vn -0.48067771 0.04060853 0.87595655
vn -0.50166144 0.07292810 0.86198451
vn -0.51740440 0.05940764 0.85367641
vn 0.67899533 0.02383529 0.73375556
vn -0.50547171 0.04363039 0.86173937
vn -0.51555506 0.01829463 0.85666113
vn -0.30061426 -0.29142221 0.90813224
vn -0.35290564 -0.23482252 0.90571297
vn -0.40556711 -0.16690915 0.89869720
vn -0.26151153 -0.34883984 0.89995694
vn -0.26886672 -0.37151730 0.88864255
vn 0.04699733 -0.29302976 0.95494754
vn -0.03453093 -0.31899729 0.94712636
vn -0.13720040 0.24228014 0.96045634
vn -0.11910918 -0.32871196 0.93688924
vn -0.19287277 -0.30910434 0.93126505
vn -0.28335136 -0.29378409 0.91290904
vn -0.33601822 -0.29554482 0.89428464
vn -0.37325068 -0.29871250 0.87832498
vn -0.37289828 -0.31124966 0.87411128
vn -0.18754469 0.21712507 0.95795808
vn 0.11660482 -0.31414848 0.94218578
vn 0.08641493 -0.29182307 0.95256063
vn -0.27977538 0.20915625 0.93700555
vn 0.06716905 -0.35022162 0.93425539
vn -0.34225665 0.39651096 0.85184473
vn 0.08110002 -0.33501389 0.93871640
vn 0.09417794 -0.32488333 0.94105331
vn 0.02648332 -0.35076648 0.93608841
vn 0.03352019 -0.36069898 0.93207974
vn 0.05818216 -0.35583845 0.93273460
vn -0.34969009 -0.75758826 0.55115957
vn -0.10016651 -0.91536432 0.38996773
vn 0.02691513 -0.89309146 0.44906928
vn 0.20361435 -0.74817879 0.63148214
vn 0.26461441 -0.69277518 0.67085152
vn -0.41030698 -0.69772017 0.58722632
vn -0.44524525 -0.66105456 0.60395657
vn -0.50005077 -0.65101009 0.57108238
vn -0.58233089 -0.60919573 0.53830410
vn -0.78221308 -0.52222738 0.33973705
vn -0.85325256 0.04975324 0.51911914
vn -0.83994653 0.01154678 0.54254631
vn -0.84706385 -0.05487059 0.52865116
vn -0.86272164 -0.14226722 0.48525396
vn -0.86275155 -0.41666958 0.28643713
vn -0.81439067 0.49816802 0.29765157
vn -0.86738634 0.37765674 0.32406221
vn -0.86052133 0.13477153 0.49126335
vn -0.44511700 0.65698664 0.60847301
vn -0.42231810 0.69992182 0.57598339
vn -0.35658137 0.75127986 0.55536321
vn 0.19698637 0.75415863 0.62645123
vn -0.00789760 0.91492910 0.40353732
vn -0.13937005 0.89643223 0.42069615
vn -0.36434449 -0.31779272 0.87536328
vn -0.34691868 -0.31670396 0.88280577
vn -0.33379039 -0.33641451 0.88057325
vn 0.29135964 0.67185186 0.68097330
vn -0.31509751 -0.33966012 0.88619668
vn 0.30294423 0.66511356 0.68253113
vn -0.30563917 -0.35124887 0.88499092
vn -0.29797107 -0.36366846 0.88258625
vn -0.28315287 -0.35114395 0.89248102
vn 0.42370843 0.61954632 0.66078251
vn 0.66693378 0.51948555 0.53416674
vn 0.67246646 0.03325265 0.73938023
vn 0.70616830 0.13762673 0.69453957
vn 0.75320977 0.41570877 0.50976589
vn 0.70357065 -0.12757571 0.69907995
vn 0.74923643 -0.37118452 0.54851328
vn 0.32358845 -0.64709416 0.69033301
vn 0.43416308 -0.61627029 0.65704897
vn 0.70677134 -0.49770076 0.50276061
vn 0.28551025 -0.67668470 0.67866171
vn 0.29186678 -0.67067262 0.68191790
vn -0.31665179 0.33789825 0.88631620
vn -0.30272447 0.35333086 0.88516394
vn 0.17914230 -0.00636674 0.98380257
vn 0.17943575 -0.02636033 0.98341646
vn -0.17229766 -0.00510259 0.98503172
vn -0.06047179 0.05794212 0.99648677
vn 0.07536130 0.02856252 0.99674714
vn -0.11018671 0.09957682 0.98891018
vn -0.33966099 -0.02187912 0.94029342
vn -0.17561841 0.02014845 0.98425211
vn -0.23394151 -0.00528033 0.97223633
vn 0.00592746 0.00841001 0.99994707
vn -0.35096226 0.01114539 0.93632327
vn 0.00460262 0.03357153 0.99942572
vn -0.34919558 0.02013809 0.93683345
vn 0.00040293 -0.01572235 0.99987631
vn -0.15582670 0.01072069 0.98772623
vn -0.34743598 -0.01269370 0.93761778
vn -0.34699648 -0.00486268 0.93785383
vn -0.34655220 -0.00112640 0.93803001
vn -0.35016542 0.00462372 0.93667647
vn -0.14520934 -0.06674839 0.98714685
vn -0.16682216 -0.07520140 0.98311501
vn -0.23715855 0.24907166 0.93899900
vn -0.15786800 -0.05382856 0.98599198
vn -0.12702694 -0.02862104 0.99148625
vn -0.10725782 0.00545506 0.99421628
vn -0.09572216 0.03765858 0.99469548
vn -0.07983417 0.07378187 0.99407381
vn -0.08043996 0.08369017 0.99323983
vn -0.25091952 0.09125041 0.96369744
vn -0.18651091 0.05951012 0.98064888
vn -0.19378659 0.05591778 0.97944880
vn -0.19389716 0.24346282 0.95033139
vn -0.20991909 0.25580841 0.94366097
vn -0.09529671 0.07105927 0.99290942
vn -0.08735215 0.04124139 0.99532344
vn -0.42240593 0.02975918 0.90591811
vn -0.08311068 -0.00135669 0.99653940
vn -0.42226192 0.00558235 0.90645668
vn -0.08604936 -0.04148190 0.99542692
vn -0.42459392 -0.01460436 0.90526610
vn -0.08268922 -0.07293405 0.99390297
vn -0.39026364 -0.11785110 0.91312946
vn -0.41321653 -0.05349379 0.90906024
vn -0.09632765 -0.05289018 0.99394347
vn -0.10316924 -0.01349942 0.99457221
vn -0.12304416 0.02047114 0.99219004
vn -0.15966855 -0.24842726 0.95540036
vn -0.18639483 -0.25133945 0.94978179
vn -0.18891186 -0.08106129 0.97864262
vn -0.22200610 -0.25309258 0.94162489
vn -0.13978974 0.06051543 0.98833026
vn -0.28593540 -0.22482417 0.93150150
vn -0.16870522 0.07608538 0.98272558
vn -0.34929176 -0.18220887 0.91912741
vn -0.16803744 0.07712406 0.98275902
vn -0.14500975 0.04606547 0.98835730
vn -0.12941711 -0.21237844 0.96857969
vn -0.19717447 -0.08368987 0.97678976
vn -0.10957408 -0.10258023 0.98867124
vn -0.10176281 -0.24322906 0.96461596
vn -0.08764739 -0.09493921 0.99161710
vn -0.09623920 -0.24814875 0.96392957
vn 0.07516189 -0.03136682 0.99667789
vn -0.30812509 -0.04447736 0.95030558
vn -0.30810643 -0.03041620 0.95086554
vn 0.07398684 -0.01388944 0.99716249
vn -0.30076664 0.01025943 0.95364258
vn 0.07653643 0.00149154 0.99706567
vn -0.30126639 0.00684570 0.95351544
vn 0.07624804 0.00063911 0.99708868
vn -0.30451072 0.00249271 0.95250565
vn 0.07634962 -0.00014506 0.99708110
vn -0.30630256 -0.00107356 0.95193360
vn 0.07656969 -0.00071076 0.99706398
vn -0.30687716 -0.00307354 0.95174417
vn 0.07688950 -0.00121143 0.99703888
vn -0.30704359 -0.00482087 0.95168324
vn 0.07718826 -0.00215294 0.99701421
vn -0.30639661 -0.00964099 0.95185512
vn 0.07818689 -0.00334027 0.99693312
vn -0.30397313 -0.01644102 0.95253873
vn 0.08050241 -0.00518189 0.99674094
vn -0.30592218 -0.02112768 0.95182207
vn -0.31704437 -0.02807527 0.94799507
vn 0.07562458 0.00420106 0.99712751
vn 0.07658895 0.00259310 0.99705938
vn 0.07739160 0.00192265 0.99699892
vn -0.30836891 0.01486474 0.95115070
vn -0.31313870 0.01927375 0.94951181
vn 0.07848736 0.00573134 0.99689863
vn -0.30818488 0.02744347 0.95093056
vn 0.07629637 0.00780575 0.99705463
vn -0.11504102 0.23482084 0.96520710
vn -0.12952140 0.10284820 0.98622840
vn -0.13095698 0.24518022 0.96059197
vn -0.15127536 0.09749191 0.98367225
vn -0.13778175 0.24362301 0.96003334
vn -0.15606301 0.22821358 0.96102180
vn -0.17085030 0.08907888 0.98126201
vn -0.17018324 0.06114927 0.98351331
vn -0.18940079 0.07382143 0.97912090
vn -0.35376437 0.03187109 0.93479142
vn 0.02333345 -0.00816128 0.99969443
vn 0.11708821 -0.02606457 0.99277943
vn -0.03490732 -0.05349542 0.99795777
vn 0.11535672 -0.03532604 0.99269577
vn 0.01416624 -0.06570956 0.99773823
vn -0.02952052 -0.21859856 0.97536824
vn -0.03042672 -0.04027915 0.99872509
vn -0.05365607 -0.21812961 0.97444369
vn -0.07523127 -0.22066060 0.97244494
vn -0.17703522 -0.04553449 0.98315062
vn -0.05261710 0.20441689 0.97746876
vn -0.03020841 0.20398876 0.97850705
vn -0.03534743 0.01339946 0.99928525
vn 0.01068244 0.07420903 0.99718549
vn -0.15671629 0.01919520 0.98745711
vn 0.16966608 0.01492990 0.98538851
vn 0.08172804 -0.02103685 0.99643263
vn -0.05728350 0.09290393 0.99402589
vn -0.06820409 0.20663432 0.97603814
vn 0.11193682 0.01401791 0.99361645
vn 0.06069512 0.04111891 0.99730905
vn 0.11155390 0.02012583 0.99355457
vn -0.07088600 -0.18047352 0.98102216
vn -0.05162238 -0.17563487 0.98310097
vn -0.02938008 -0.17533534 0.98407029
vn 0.01758165 -0.01570980 0.99972201
vn 0.17692431 0.01472667 0.98411428
vn -0.16989549 0.04635797 0.98437110
vn 0.17730344 0.04108862 0.98329813
vn -0.01961426 0.26878182 0.96300136
vn 0.02168007 0.22924991 0.97312612
vn -0.13662376 -0.02060420 0.99040871
vn 0.04426846 0.19807391 0.97918692
vn 0.07840205 0.20345095 0.97594100
vn -0.15761092 0.01159753 0.98743319
vn 0.13350942 0.18143066 0.97429880
vn -0.16685399 0.05048738 0.98468816
vn -0.17583583 0.07092022 0.98186154
vn 0.14983261 0.13366658 0.97963434
vn 0.13869288 0.08765366 0.98644874
vn 0.15425789 0.07093575 0.98548091
vn -0.03541918 0.25545429 0.96617213
vn -0.11413456 -0.04614596 0.99239299
vn -0.09136002 -0.08075590 0.99253808
vn -0.09092470 -0.08115325 0.99254564
vn -0.11721945 -0.06361655 0.99106636
vn -0.04676975 0.24978671 0.96717071
vn -0.05018308 0.07388944 0.99600302
vn -0.07265677 0.24163096 0.96764429
vn -0.06834116 0.08651214 0.99390399
vn -0.09537321 0.24254943 0.96543965
vn -0.08626455 0.09501616 0.99173099
vn -0.18687421 0.07440310 0.97956225
vn -0.07313642 -0.23874334 0.96832468
vn -0.06621886 -0.08540030 0.99414378
vn -0.06228557 -0.07647686 0.99512401
vn -0.04858110 -0.06942163 0.99640379
vn 0.11152000 -0.05087981 0.99245883
vn -0.06451996 0.00941652 0.99787199
vn -0.10339645 0.02371899 0.99435737
vn -0.12995972 -0.10658363 0.98577401
vn -0.14394935 0.02365410 0.98930231
vn -0.17848589 0.01717296 0.98379260
vn -0.21808442 0.01254028 0.97584934
vn -0.21854786 0.01114133 0.97576263
vn -0.03978653 0.01192787 0.99913701
vn -0.15008097 -0.10123857 0.98347672
vn -0.06456116 0.02314984 0.99764520
vn -0.17025601 -0.09174063 0.98112005
vn -0.10277622 0.04351085 0.99375241
vn -0.13631504 -0.24892194 0.95888272
vn -0.08238643 -0.06421097 0.99452975
vn -0.10673848 -0.04674244 0.99318782
vn -0.12918072 -0.04357949 0.99066299
vn -0.13252563 -0.05829631 0.98946374
vn -0.03591070 -0.01077430 0.99929692
vn -0.12133829 -0.42333878 0.89780916
vn -0.28757749 -0.68290589 0.67151972
vn -0.07267351 -0.02804890 0.99696129
vn -0.09305807 -0.02836147 0.99525666
vn -0.18999804 -0.02317892 0.98151082
vn -0.21537717 -0.01276652 0.97644748
vn -0.19337168 -0.01374568 0.98102928
vn -0.15481102 -0.02541945 0.98761703
vn -0.11372766 -0.02217583 0.99326444
vn -0.07884378 -0.01355609 0.99679481
vn -0.03691009 -0.01123267 0.99925546
vn -0.15482086 -0.04473550 0.98692919
vn 0.07354789 0.00995780 0.99724197
vn -0.15514243 -0.00104637 0.98789156
vn -0.16463918 -0.03572132 0.98570682
vn -0.18319502 -0.07318198 0.98034891
vn -0.18291404 -0.07323312 0.98039755
vn -0.11651423 0.06528368 0.99104111
vn -0.09583945 0.08275609 0.99195072
vn -0.10820916 0.06412260 0.99205800
vn -0.13750887 0.03632496 0.98983423
vn -0.19839022 0.01956242 0.97992787
vn -0.17572202 0.02701481 0.98406909
vn -0.15282797 0.04359210 0.98729091
vn -0.98250680 0.00018863 0.18622663
vn -0.98999541 -0.00327147 0.14106162
vn -0.71561703 -0.68793727 0.12097346
vn 0.95712643 0.02284781 0.28876803
vn 0.93015160 0.00354914 0.36715855
vn 0.67625234 -0.68542590 0.26995203
vn 0.48766756 0.65154069 -0.58109816
vn 0.44033600 0.69524888 -0.56809612
vn 0.43683202 -0.69236505 -0.57428950
vn -0.42303039 -0.83338355 -0.35569249
vn -0.34433681 -0.79319724 -0.50226516
vn -0.50500489 -0.82523002 -0.25291397
vn -0.99753337 0.00037530 -0.07019281
vn -0.57668992 -0.79664119 -0.18108437
vn -0.99993093 -0.00019964 -0.01175172
vn -0.56341048 -0.80360323 -0.19180845
vn -0.99737710 -0.00638071 0.07209864
vn -0.29527119 -0.69716601 -0.65327979
vn -0.27238091 -0.58496048 -0.76395673
vn -0.25233144 -0.44597448 -0.85874071
vn -0.27023939 0.00534776 -0.96277831
vn -0.26573315 -0.18557106 -0.94601759
vn -0.25078301 -0.32120723 -0.91319976
vn -0.25973547 0.16636196 -0.95124192
vn -0.25798984 0.29853761 -0.91886698
vn -0.26129368 0.43391736 -0.86223044
vn -0.27686746 0.57734101 -0.76812874
vn -0.30353138 0.69973719 -0.64671212
vn -0.35570131 0.78914057 -0.50073320
vn -0.43925871 0.82492981 -0.35572827
vn -0.50989864 0.82923230 -0.22886057
vn -0.72171169 -0.69123498 -0.03642037
vn -0.53703124 0.81732512 -0.20875128
vn -0.57591509 0.79824296 -0.17643690
vn -0.99739763 0.05184026 0.05010550
vn -0.99880938 -0.00000465 0.04878350
vn -0.69630552 -0.68940859 -0.19968581
vn -0.80767340 0.58825233 -0.04028503
vn -0.73329297 0.67390577 -0.09017998
vn -0.65161890 0.74828929 -0.12432195
vn -0.97703905 0.20838038 0.04441074
vn -0.98659689 0.15612493 0.04745092
vn -0.99334644 0.10398069 0.04950622
vn -0.85724314 0.51472302 -0.01394310
vn -0.90287507 0.42984475 0.00707803
vn -0.93220175 0.36124904 0.02233900
vn -0.94976213 0.31113474 0.03386847
vn -0.96475513 0.26011106 0.03987202
vn -0.99736345 -0.05189644 0.05072382
vn -0.99331810 -0.10408087 0.04986301
vn -0.95923896 -0.00083600 -0.28259498
vn -0.98654740 -0.15631547 0.04785091
vn -0.97693182 -0.20878369 0.04487308
vn -0.96455367 -0.26077315 0.04041769
vn -0.94940584 -0.31250415 0.03114007
vn -0.93503415 -0.35396145 0.02055302
vn -0.90069817 -0.43437642 0.00774156
vn -0.85102864 -0.52492851 -0.01415296
vn -0.97395922 -0.00128664 -0.22671961
vn -0.79134822 -0.60981027 -0.04358256
vn -0.98924710 0.00031690 -0.14625346
vn -0.72450084 -0.68490336 -0.07749786
vn -0.65139614 -0.74867598 -0.12315576
vn 0.11014183 0.83245472 -0.54303583
vn -0.03515851 0.82393247 -0.56559629
vn 0.55631527 -0.68883336 -0.46478159
vn 0.40753301 0.72059181 -0.56094946
vn 0.34187831 0.76756362 -0.54218568
vn 0.23290930 0.80462379 -0.54619943
vn -0.51467735 0.16619831 -0.84112148
vn -0.52334082 -0.00015036 -0.85212344
vn -0.16209933 0.77360429 -0.61258486
vn -0.25184967 0.70477318 -0.66322433
vn -0.36715190 0.57587316 -0.73045847
vn -0.43617091 0.44371689 -0.78286030
vn -0.47728350 0.33109525 -0.81398796
vn 0.76449271 -0.00000258 -0.64463238
vn -0.51695831 -0.16536201 -0.83988660
vn -0.48547102 -0.31995590 -0.81360071
vn -0.42764641 -0.46940478 -0.77251388
vn -0.35517977 -0.59720651 -0.71916043
vn -0.26138502 -0.70499853 -0.65928366
vn -0.16243313 -0.77775967 -0.60721114
vn -0.03698347 -0.82589664 -0.56260729
vn 0.10632468 -0.83691221 -0.53691063
vn 0.22545104 -0.81411741 -0.53514920
vn 0.32872421 -0.77388809 -0.54132949
vn 0.67467649 -0.00008665 -0.73811356
vn 0.40245100 -0.72529755 -0.55854870
vn 0.60383428 0.00042406 -0.79710977
vn 0.44097323 -0.69515584 -0.56771557
vn 0.48790837 -0.65083468 -0.58168689
vn 0.52752830 -0.00141552 -0.84953628
vn 0.55392848 -0.56599169 -0.61058714
vn 0.41433941 -0.00104111 -0.91012184
vn 0.72082481 -0.05198796 -0.69116485
vn 0.71734819 0.00216345 -0.69671148
vn 0.29916848 -0.68843889 -0.66071940
vn 0.72206570 -0.15434170 -0.67438844
vn 0.72678071 -0.10230409 -0.67920813
vn 0.61376479 -0.47433879 -0.63110656
vn 0.65678787 -0.38245474 -0.64989081
vn 0.68472011 -0.31012921 -0.65952880
vn 0.70262748 -0.25795487 -0.66315452
vn 0.71390579 -0.20621168 -0.66919001
vn 0.72350517 0.05027723 -0.68848564
vn 0.72285337 0.10039551 -0.68366933
vn 0.71846231 0.15131880 -0.67890686
vn 0.71068524 0.20207216 -0.67386447
vn 0.69985950 0.25251653 -0.66815573
vn 0.68279130 0.30230562 -0.66513709
vn 0.65700836 0.36962524 -0.65705190
vn 0.60786950 0.46941865 -0.64042237
vn 0.55530292 0.56774926 -0.60770013
vn 0.83976009 -0.02930626 0.54216614
vn 0.60293969 -0.68545594 0.40818363
vn 0.85863540 0.00220214 0.51258209
vn 0.90257911 -0.00549198 0.43048901
vn 0.96459126 0.08791621 0.24866533
vn 0.71843047 -0.68559349 0.11755517
vn 0.98714132 0.00091181 0.15984737
vn 0.99621290 -0.00535246 0.08678251
vn 0.72726708 -0.68521297 -0.03956986
vn 0.99801535 -0.01333806 -0.06154232
vn 0.98108540 -0.00568410 -0.19349192
vn 0.70166205 -0.68546252 -0.19445182
vn 0.95797026 0.00208463 -0.28685995
vn 0.92604874 0.00092805 -0.37740279
vn 0.64309296 -0.68553132 -0.34128909
vn 0.88736855 -0.00011263 -0.46106078
vn 0.84197375 -0.00015572 -0.53951847
vn 0.29114312 -0.00008291 -0.95667950
vn 0.15694386 -0.68547238 -0.71098259
vn 0.19951412 0.00028150 -0.97989491
vn 0.10547174 -0.00021371 -0.99442228
vn -0.00095960 -0.68509379 -0.72845424
vn 0.02027824 0.00025315 -0.99979434
vn -0.04307958 -0.00227635 -0.99906905
vn -0.15692635 -0.68437138 -0.71204630
vn -0.11975239 -0.00284523 -0.99279971
vn -0.30626057 -0.68425654 -0.66181376
vn -0.40993344 0.00045262 -0.91211533
vn -0.37120715 -0.00075805 -0.92854977
vn -0.31464499 -0.00378325 -0.94920188
vn -0.25322471 -0.00257194 -0.96740407
vn -0.19583726 0.00001983 -0.98063641
vn -0.45403180 -0.00216201 -0.89098286
vn -0.44141176 -0.68418669 -0.58055510
vn -0.52227760 -0.00298482 -0.85277031
vn -0.74840222 0.00068335 -0.66324479
vn -0.69293289 -0.00225293 -0.72099857
vn -0.55452808 -0.68499930 -0.47251939
vn -0.63450589 -0.00242956 -0.77291421
vn -0.58812142 0.00013235 -0.80877263
vn -0.64306928 -0.68573765 -0.34091902
vn -0.83432239 -0.00023118 -0.55127678
vn -0.78697819 0.00013453 -0.61698081
vn -0.91900867 -0.00188773 -0.39423281
vn -0.89789128 0.00041807 -0.44021707
vn -0.87526084 0.00049028 -0.48365094
vn -0.94026061 -0.00134796 -0.34045288
vn -0.67616524 -0.68566483 0.26956319
vn -0.95722973 -0.00119756 0.28932649
vn -0.97348283 -0.00109922 0.22875746
vn -0.89481756 -0.00194363 0.44642777
vn -0.91734138 -0.00011889 0.39810147
vn -0.93573368 -0.00012422 0.35270734
vn -0.86118509 -0.00166350 0.50828878
vn -0.60256686 -0.68513464 0.40927218
vn -0.84576186 -0.00006016 0.53356055
vn -0.74970400 -0.00187259 0.66177066
vn -0.77902011 -0.00462944 0.62698185
vn -0.50136200 -0.68531978 0.52817890
vn -0.79874997 -0.00178266 0.60166046
vn -0.83600791 0.00015180 0.54871737
vn -0.37154375 0.70590544 0.60303627
vn -0.37983404 0.70522810 0.59864800
vn -0.37515405 -0.68576167 0.62369092
vn -0.39133535 0.70439784 0.59218269
vn -0.40205664 0.70460592 0.58470587
vn -0.40950972 0.70485048 0.57921290
vn -0.41476961 0.70486341 0.57544221
vn -0.41846926 0.70492688 0.57267929
vn -0.42159388 0.70474241 0.57061085
vn -0.42469591 0.70454157 0.56855480
vn -0.42868358 0.70405108 0.56616470
vn -0.43284700 0.70412521 0.56289534
vn -0.43626491 0.70468279 0.55954901
vn -0.43906509 0.70488970 0.55709277
vn -0.44186736 0.70506103 0.55465501
vn -0.44468480 0.70523490 0.55217676
vn -0.44747218 0.70540480 0.54970240
vn -0.45025851 0.70554816 0.54723767
vn -0.45261543 0.70582382 0.54493302
vn -0.45428576 0.70604742 0.54325085
vn -0.45608223 0.70599249 0.54181510
vn -0.45872478 0.70588838 0.53971583
vn -0.65621507 -0.00028607 0.75457385
vn -0.66316104 -0.00022451 0.74847671
vn -0.67224302 0.00002797 0.74033055
vn -0.69981011 0.00074080 0.71432854
vn -0.25959863 0.70210864 0.66306260
vn -0.28164893 0.70273346 0.65332960
vn -0.23220776 -0.68549134 0.69005882
vn -0.29983125 0.70169501 0.64631674
vn -0.31519016 0.70217305 0.63844199
vn -0.33021491 0.70416462 0.62857800
vn -0.34040892 0.70525496 0.62188199
vn -0.34875480 0.70543776 0.61703133
vn -0.35705857 0.70555170 0.61213232
vn -0.36478265 0.70575603 0.60732368
vn -0.11619761 0.70045453 0.70417439
vn -0.15525830 0.69862877 0.69843590
vn -0.07908062 -0.68554898 0.72371876
vn -0.18907344 0.69937601 0.68929271
vn -0.22769414 0.70106229 0.67577144
vn 0.07869170 -0.68576391 0.72355751
vn 0.00000005 0.69493528 0.71907229
vn -0.06777013 0.69807896 0.71280641
vn 0.23239546 -0.68576391 0.68972473
vn 0.15457933 0.69493537 0.70226068
vn 0.07772608 0.69512206 0.71467753
vn 0.37566899 -0.68552542 0.62364069
vn 0.30193069 0.69493550 0.65261207
vn 0.22954357 0.69512194 0.68126004
vn 0.47417397 0.70392216 0.52882193
vn 0.45705396 0.70181729 0.54640110
vn 0.50037017 -0.68558389 0.52877635
vn 0.43243748 0.69742692 0.57148361
vn 0.40295000 0.69937589 0.59034284
vn 0.36080576 0.69807895 0.61846987
vn 0.83184176 -0.00157928 0.55501062
vn 0.81942859 -0.00168365 0.57317881
vn 0.79133392 0.06596235 0.60781543
vn 0.54962554 0.70266774 0.45185154
vn 0.54161276 0.70409370 0.45924686
vn 0.53863584 0.70444696 0.46219683
vn 0.53622788 0.70463334 0.46470583
vn 0.53378726 0.70482167 0.46722327
vn 0.53134916 0.70500310 0.46972193
vn 0.52890822 0.70516323 0.47222973
vn 0.52644966 0.70533097 0.47471989
vn 0.52400767 0.70547437 0.47720213
vn 0.52116760 0.70537170 0.48045302
vn 0.51708065 0.70531048 0.48493787
vn 0.51212165 0.70551857 0.48987239
vn 0.50714068 0.70569859 0.49477048
vn 0.50215071 0.70582690 0.49965294
vn 0.49627666 0.70539643 0.50608829
vn 0.48711695 0.70448558 0.51615613
vn -0.24495783 -0.52497787 -0.81510361
vn -0.24735336 -0.40090872 -0.88209326
vn -0.24589756 -0.62389810 -0.74181234
vn -0.28129712 -0.81116071 -0.51272822
vn -0.26299407 -0.74343013 -0.61493558
vn -0.39769546 -0.87669326 -0.27064229
vn -0.31617033 -0.86178310 -0.39669411
vn -0.56414811 -0.81340693 -0.14179591
vn -0.48643300 -0.85128072 -0.19673350
vn -0.83557130 -0.54805770 0.03812282
vn -0.77789754 -0.62838541 -0.00268206
vn -0.71510460 -0.69761823 -0.04420651
vn -0.64322188 -0.76085248 -0.08584357
vn -0.93692141 -0.33285030 0.10671900
vn -0.92021801 -0.38020740 0.09295777
vn -0.88745294 -0.45540890 0.07092254
vn -0.95720837 -0.26502671 0.11624537
vn -0.97110782 -0.20226379 0.12664501
vn -0.98146157 -0.13662602 0.13441176
vn -0.98782692 -0.06887170 0.13947995
vn -0.99000657 0.00007632 0.14102122
vn -0.98782821 0.06892018 0.13944686
vn -0.98146631 0.13658855 0.13441522
vn -0.97109612 0.20231657 0.12665045
vn -0.95718376 0.26513117 0.11620976
vn -0.94014789 0.32458272 0.10376894
vn -0.92041247 0.38055291 0.08955649
vn -0.88745986 0.45539444 0.07092879
vn -0.83557493 0.54805237 0.03812005
vn -0.77790112 0.62838098 -0.00268265
vn -0.71462659 0.69807347 -0.04474660
vn -0.64318598 0.76070599 -0.08739667
vn -0.56920098 0.81050308 -0.13818470
vn -0.48510165 0.85178244 -0.19784605
vn -0.39455321 0.87780336 -0.27164135
vn -0.30396627 0.87318729 -0.38098354
vn -0.27769519 0.79805235 -0.53478765
vn -0.26613824 0.73693898 -0.62136251
vn -0.25234314 0.62610049 -0.73778121
vn -0.24901107 -0.23289759 -0.94008095
vn -0.25000599 -0.01052232 -0.96818711
vn -0.25071948 0.21185870 -0.94459284
vn -0.25007665 0.51941568 -0.81711016
vn -0.24955344 0.39039895 -0.88617816
vn -0.49896353 -0.19440262 -0.84453716
vn -0.46100693 -0.37055058 -0.80632802
vn -0.26353575 0.73610270 -0.62345948
vn -0.32429648 0.66073797 -0.67694692
vn -0.40097239 0.52873750 -0.74810280
vn -0.46009551 0.37092059 -0.80667840
vn -0.49830353 0.19547741 -0.84467874
vn -0.51265139 0.00077942 -0.85859649
vn -0.08373948 0.85182101 -0.51709639
vn -0.15927659 0.81730160 -0.55375903
vn 0.25069517 0.83427395 -0.49105897
vn 0.14051546 0.86702161 -0.47804700
vn 0.01920483 0.86947575 -0.49360216
vn 0.43120270 0.72883549 -0.53184871
vn 0.34290340 0.78839674 -0.51073265
vn 0.50904409 0.66004239 -0.55246553
vn 0.57951998 0.58429019 -0.56812108
vn 0.64529254 0.49714974 -0.58003419
vn 0.69936528 0.39883958 -0.59314012
vn 0.73058462 0.32082949 -0.60275580
vn 0.75107233 0.26216161 -0.60593865
vn 0.76793044 0.20024550 -0.60842795
vn 0.78070110 0.13540165 -0.61005917
vn 0.78855512 0.06834576 -0.61115438
vn 0.79138524 0.00005086 -0.61131775
vn 0.78856695 -0.06823814 -0.61115115
vn 0.78072263 -0.13530968 -0.61005202
vn 0.76795822 -0.20014154 -0.60842710
vn 0.75107888 -0.26218463 -0.60592057
vn 0.73055773 -0.32088997 -0.60275620
vn 0.69935857 -0.39883706 -0.59314972
vn 0.64529285 -0.49715102 -0.58003275
vn 0.57952072 -0.58428899 -0.56812157
vn 0.50904362 -0.66004294 -0.55246530
vn 0.43467618 -0.72524333 -0.53392765
vn 0.34298981 -0.78804232 -0.51122138
vn 0.25040075 -0.83453280 -0.49076927
vn 0.14118049 -0.87041348 -0.47164440
vn 0.00907546 -0.88401081 -0.46737834
vn -0.10016792 -0.84006764 -0.53315359
vn -0.16310685 -0.80984028 -0.56352007
vn -0.26005158 -0.73476598 -0.62649193
vn -0.33998581 -0.63710829 -0.69173887
vn -0.40447414 -0.52034236 -0.75209341
vn 0.00788847 0.99975385 0.02073658
vn 0.00001248 1.00000000 0.00001680
vn 0.00442706 0.99975367 0.02174861
vn 0.01082458 0.99980909 0.01626700
vn -0.01682298 0.99975512 0.01437675
vn -0.01889049 0.99975414 0.01161107
vn 0.12097815 0.96995663 0.21106498
vn 0.04717144 0.99394061 0.09928204
vn 0.03814982 0.99422744 0.10028155
vn 0.13234285 0.92796111 0.34838706
vn 0.17959646 0.86222185 0.47362283
vn 0.24115365 0.86593920 0.43817144
vn -0.09570865 0.92812962 0.35974334
vn -0.12976583 0.86285423 0.48851142
vn -0.05445227 0.86253743 0.50305481
vn -0.20299181 0.71022252 0.67407589
vn -0.17897296 0.71259302 0.67836558
vn -0.25302089 0.01111885 0.96739692
vn -0.53024628 0.45737223 0.71389742
vn -0.47850621 0.44541216 0.75672968
vn -0.43701863 0.57507081 0.69159835
vn -0.15657336 0.97093021 0.18105057
vn -0.07000815 0.99425622 0.08095329
vn -0.08141482 0.99424863 0.06957938
vn -0.48030563 0.77509312 0.41053277
vn -0.56191734 0.67347343 0.48029413
vn -0.48349950 0.67350822 0.55911977
vn -0.83824592 0.48095607 0.25695337
vn -0.86836062 0.45009679 0.20823717
vn -0.93026419 0.29671526 0.21579758
vn -0.61304741 0.77506945 -0.15310197
vn -0.71720516 0.67344977 -0.17911495
vn -0.73628584 0.67343152 -0.06612973
vn -0.79060615 0.45785481 -0.40658441
vn -0.82503793 0.44546689 -0.34766602
vn -0.75387285 0.57528737 -0.31736441
vn -0.72043776 0.45759293 -0.52113160
vn -0.76287916 0.44547203 -0.46858304
vn -0.69717798 0.57518196 -0.42791188
vn -0.63482475 0.45724518 -0.62283576
vn -0.68398180 0.44548094 -0.57768125
vn -0.62523730 0.57510112 -0.52757655
vn 0.15884195 0.11394269 0.98070704
vn 0.19546066 0.15717875 0.96803408
vn 0.11699720 0.14823547 0.98200708
vn 0.28792996 0.64898367 0.70421342
vn 0.28962883 0.69892413 0.65392675
vn 0.25129858 0.67106663 0.69750885
vn 0.27598311 0.88345416 0.37860543
vn 0.21004403 0.93471657 0.28668178
vn 0.18501555 0.92865203 0.32151930
vn -0.57879795 0.37120909 -0.72608316
vn -0.59098023 0.27213383 -0.75939815
vn -0.63694986 0.29535609 -0.71208121
vn -0.97834172 0.01071390 0.20671889
vn 0.60155950 -0.09168123 0.79354944
vn 0.57811204 -0.07966325 0.81205926
vn 0.43415289 0.70501133 0.56077650
vn 0.57408063 -0.05355916 0.81704519
vn 0.39413242 0.71164356 0.58156950
vn 0.53131508 -0.00891879 0.84712735
vn 0.31324721 0.72406771 0.61449340
vn 0.34666767 0.72203735 0.59873500
vn 0.37583911 0.71063711 0.59476034
vn -0.88415313 0.13906804 0.44601943
vn -0.91631671 0.13539725 0.37687036
vn -0.92451014 0.02629706 0.38024922
vn -0.95111726 0.02133090 0.30809245
vn -0.99762909 0.01124124 0.06789569
vn -0.99592589 0.01117643 -0.08948024
vn -0.97013236 0.01105794 -0.24232402
vn -0.92170427 0.01110314 -0.38773438
vn -0.85216224 0.01082185 -0.52316575
vn -0.76138162 0.01525923 -0.64812436
vn -0.59195263 0.18520474 -0.78440505
vn -0.59504128 0.10663619 -0.79658935
vn -0.66930981 0.13394745 -0.73080945
vn -0.60474037 0.03223744 -0.79576996
vn -0.67913593 0.02264282 -0.73366320
vn -0.60049977 0.00027272 -0.79962488
vn -0.55466215 0.44892978 -0.70057973
vn -0.07549070 0.99348965 -0.08531980
vn -0.14074537 0.97196291 -0.18835829
vn -0.16342833 0.96949753 -0.18266284
vn -0.24682243 0.91606471 -0.31607616
vn -0.23950708 0.93124766 -0.27461639
vn -0.30213309 0.86586798 -0.39873329
vn -0.34188055 0.86495054 -0.36739385
vn -0.34829356 0.81537845 -0.46243873
vn -0.43134733 0.77386358 -0.46376140
vn -0.00639719 0.99997741 0.00206441
vn -0.00872425 0.99986471 -0.01394436
vn -0.04777194 0.99885302 -0.00323872
vn -0.05753818 0.99548536 -0.07548680
vn 0.05642807 0.99553292 0.07569727
vn 0.05778915 0.99832346 0.00326762
vn 0.09867185 0.98869112 0.11293241
vn 0.13401070 0.97515213 0.17640709
vn 0.28565003 0.84016434 0.46100754
vn 0.30637928 0.78642390 0.53634802
vn 0.29093732 0.76366134 0.57634784
vn 0.22138921 0.77413564 0.59304370
vn 0.22947000 0.45403401 0.86092777
vn 0.22408345 0.56953751 0.79083098
vn 0.32444667 0.45466857 0.82946419
vn 0.28811461 0.57804021 0.76345235
vn 0.27544674 0.57092864 0.77341424
vn 0.23885523 0.33442819 0.91165013
vn 0.24534608 0.39124661 0.88697880
vn 0.22720653 0.47983930 0.84742636
vn 0.19452204 0.27213077 0.94239377
vn 0.24681293 0.30796983 0.91882423
vn 0.19959860 0.21024506 0.95705664
vn 0.18795876 0.29474531 0.93690806
vn 0.03194107 0.04928232 0.99827402
vn 0.07184124 0.05270681 0.99602250
vn 0.03234381 0.13618416 0.99015542
vn 0.09920157 0.05316950 0.99364584
vn 0.12374610 0.06685542 0.99005922
vn -0.08853623 0.00365970 0.99606623
vn -0.07869649 0.00742093 0.99687100
vn -0.10502668 0.01405176 0.99437012
vn -0.06534431 0.01376201 0.99776787
vn -0.02669316 0.01265491 0.99956357
vn 0.02448809 0.01852530 0.99952846
vn 0.04368762 0.00984767 0.99899670
vn 0.03930112 0.03652079 0.99855979
vn -0.07631296 0.71436926 0.69559535
vn -0.13570707 -0.01128681 0.99068471
vn -0.11453432 0.71326402 0.69147402
vn -0.15651415 -0.00827376 0.98764106
vn -0.18100267 -0.00045415 0.98348250
vn -0.17741825 -0.00241836 0.98413257
vn -0.15032582 0.71451670 0.68327743
vn -0.16979721 0.00679034 0.98545563
vn -0.15891102 0.01361966 0.98719896
vn -0.15270247 0.01875244 0.98809428
vn -0.14259562 0.01974510 0.98958406
vn -0.14007687 0.02153311 0.98990646
vn -0.09071695 -0.00113062 0.99587608
vn -0.00172790 -0.02956715 0.99956130
vn -0.01335868 -0.02641133 0.99956190
vn -0.03033841 -0.01361390 0.99944697
vn -0.05022579 0.01221000 0.99866325
vn 0.04252916 0.71565106 0.69716198
vn 0.07461298 0.02585834 0.99687725
vn -0.00954749 0.71524634 0.69880721
vn -0.04749232 0.71437339 0.69815123
vn -0.10581568 -0.01346115 0.99429464
vn -0.12342860 -0.01524035 0.99223642
vn 0.10903401 -0.01877138 0.99386076
vn 0.09286286 -0.01530529 0.99556127
vn 0.06546434 -0.01146776 0.99778901
vn 0.32609660 -0.01495570 0.94521814
vn 0.29632251 -0.02157097 0.95484431
vn 0.15338179 0.71538978 0.68168283
vn 0.23945294 0.71622399 0.65550399
vn 0.34571827 -0.01349750 0.93824128
vn 0.20432466 0.71462063 0.66900582
vn 0.17456707 0.72115140 0.67042300
vn 0.27714334 -0.02121577 0.96059433
vn 0.26435908 -0.00376110 0.96441699
vn 0.21810746 -0.02820807 0.97551701
vn 0.08589086 0.71288180 0.69600452
vn 0.11779549 0.71154702 0.69269406
vn 0.18285286 -0.00345886 0.98313421
vn 0.20015390 -0.02202108 0.97951697
vn 0.51308441 0.00193725 0.85833597
vn 0.48074149 -0.00693583 0.87683494
vn 0.26210620 0.72837988 0.63305852
vn 0.40283553 -0.02288243 0.91498630
vn 0.38745858 -0.01554696 0.92175601
vn 0.36395925 -0.01136384 0.93134555
vn 0.46268776 -0.01918751 0.88631364
vn 0.43305701 -0.02125947 0.90111579
vn 0.43329597 0.00229593 0.90124876
vn -0.75430584 0.15127797 -0.63885654
vn -0.72684823 0.29183873 -0.62170878
vn -0.59331489 0.44556341 -0.67041083
vn -0.54462610 0.57560120 -0.60997186
vn -0.49927660 0.67133785 -0.54774845
vn -0.56502817 0.67350539 -0.47658541
vn -0.48295067 0.77512653 -0.40735428
vn -0.38590122 0.86321100 -0.32549503
vn -0.28430652 0.92825876 -0.23980300
vn -0.18298095 0.97092634 -0.15433733
vn -0.08182287 0.99425457 -0.06901347
vn -0.01690361 0.99975547 -0.01425712
vn -0.38878995 0.76001505 -0.52078738
vn -0.44638702 0.66804596 -0.59535974
vn -0.50841424 0.55019598 -0.66241931
vn -0.69166210 0.27618880 -0.66732548
vn -0.63005038 0.67348753 -0.38658901
vn -0.78369329 0.27552439 -0.55669663
vn -0.81181714 0.29174404 -0.50580464
vn -0.85882250 0.27500589 -0.43219864
vn -0.95854054 0.15111534 -0.24158681
vn -0.92646790 0.29154566 -0.23803014
vn -0.91032373 0.15112647 -0.38532000
vn -0.91501837 0.27413721 -0.29595638
vn -0.84146740 0.15122472 -0.51871350
vn -0.87902780 0.29167246 -0.37714360
vn -0.84315032 0.45830992 -0.28115752
vn -0.79352633 0.57535476 -0.19819907
vn -0.68136504 0.67346618 -0.28667923
vn -0.58240608 0.77508561 -0.24504174
vn -0.46539241 0.86317380 -0.19580831
vn -0.34288824 0.92823222 -0.14426570
vn -0.48988485 0.86315986 -0.12234337
vn -0.62936828 0.77504871 -0.05652496
vn -0.73756918 0.67340167 0.05021848
vn -0.98708734 0.14544853 0.06710672
vn -0.95717761 0.28929758 -0.01085950
vn -0.98433453 0.14998367 -0.09268458
vn -0.95210301 0.29151972 -0.09228282
vn -0.94966575 0.27394974 -0.15194246
vn -0.22071183 0.97090845 -0.09286052
vn -0.36093845 0.92822314 -0.09014011
vn -0.50294273 0.86313863 -0.04516976
vn -0.63048279 0.77501526 0.04292782
vn -0.72017834 0.67337478 0.16706154
vn -0.87746742 0.47923521 -0.01960975
vn -0.88996996 0.45000960 -0.07378913
vn -0.87628296 0.45837411 -0.14839593
vn -0.86860530 0.44545693 -0.21700912
vn -0.79852509 0.57129767 0.18967513
vn -0.81859450 0.57123516 0.05994535
vn -0.89048100 0.45005424 0.06704300
vn -0.09872981 0.99424698 -0.04153761
vn -0.23233858 0.97090271 -0.05802338
vn -0.37056987 0.92820817 -0.03328008
vn -0.50385019 0.86310951 0.03430680
vn -0.61562814 0.77498859 0.14280995
vn -0.68383037 0.67335547 0.28101325
vn -0.94692378 0.28899305 0.14077777
vn -0.86906710 0.48010013 0.11927376
vn -0.95276734 0.29672368 0.06472601
vn -0.94161462 0.14072651 0.30587246
vn -0.97413447 0.05513801 0.21913884
vn -0.99615074 0.05553331 0.06782146
vn -0.99445345 0.05553554 -0.08932045
vn -0.96870452 0.05553551 -0.24192430
vn -0.92031433 0.05553631 -0.38721732
vn -0.85102602 0.05553794 -0.52217837
vn -0.75313839 0.04903405 -0.65603219
vn -0.75739790 0.57136505 0.31605442
vn -0.02040169 0.99975502 -0.00858330
vn -0.10394085 0.99424469 -0.02595762
vn -0.23855814 0.97089189 -0.02142333
vn -0.37125248 0.92818779 0.02527898
vn -0.49199432 0.86308496 0.11413124
vn -0.58456621 0.77496836 0.24022156
vn -0.62979519 0.67338829 0.38717726
vn -0.84354579 0.01704119 0.53678682
vn -0.89045845 0.02636743 0.45430002
vn -0.81780304 0.57147373 -0.06794096
vn -0.96648944 0.14997096 0.20834315
vn -0.90977928 0.29671328 0.29028069
vn -0.82330106 0.45010422 0.34580566
vn -0.69672655 0.57144258 0.43361906
vn -0.02148006 0.99975489 -0.00536429
vn -0.10674822 0.99423988 -0.00958495
vn -0.23901872 0.97087854 0.01627607
vn -0.36252916 0.92817020 0.08409924
vn -0.46718000 0.86306726 0.19198371
vn -0.53836180 0.77500308 0.33096343
vn -0.75041238 0.14694566 0.64442861
vn -0.77260691 0.28948394 0.56504656
vn -0.83363271 0.15016473 0.53151393
vn -0.81285875 0.29672302 0.50121463
vn -0.85063083 0.29670844 0.43404066
vn -0.88318608 0.29670952 0.36324346
vn -0.75995955 0.01093548 0.64987837
vn -0.41326800 0.77513243 0.47789045
vn -0.33022101 0.86321784 0.38184950
vn -0.38380344 0.86318102 0.32804488
vn -0.28277356 0.92823783 0.24168915
vn -0.31701932 0.92818012 0.19488566
vn -0.20411116 0.97087343 0.12547274
vn -0.22166803 0.97085802 0.09109326
vn -0.09925574 0.99422559 0.04078931
vn -0.10450062 0.99422929 0.02424347
vn -0.02160724 0.99975397 0.00501293
vn -0.02211643 0.99975427 0.00150642
vn -0.43023847 0.86309908 0.26448976
vn -0.34425416 0.92815717 0.14146851
vn -0.23342098 0.97086685 0.05414989
vn -0.10698141 0.99423432 0.00728609
vn -0.02206402 0.99975460 -0.00198090
vn -0.53853579 0.77510695 -0.33043671
vn -0.43032588 0.86319311 -0.26404031
vn -0.31704251 0.92824662 -0.19453085
vn -0.20406151 0.97091810 -0.12520759
vn -0.09126411 0.99425107 -0.05599700
vn -0.01885620 0.99975527 -0.01156948
vn -0.71438712 0.47837150 0.51069732
vn -0.75683417 0.44992430 0.47409932
vn -0.78532004 0.48129136 0.38939832
vn -0.64801657 0.15131001 0.74644478
vn -0.63051288 0.29184542 0.71922163
vn -0.65416144 0.01091629 0.75627617
vn -0.58599031 0.44547995 0.67687737
vn -0.53521174 0.57506423 0.61874835
vn -0.63040614 0.45718291 0.62735308
vn -0.62261524 0.57498870 0.53079022
vn -0.68000946 0.44547616 0.58235567
vn -0.24328300 0.92826438 0.28131589
vn -0.18201381 0.97091224 0.15556475
vn -0.09136851 0.99423213 0.05616280
vn -0.02052549 0.99975375 0.00843501
vn -0.01446182 0.99975557 0.01672292
vn -0.72532286 0.29675588 0.62116238
vn -0.67554825 0.27629418 0.68359059
vn -0.45725131 0.70769451 0.53859978
vn -0.45550664 0.70741269 0.54044517
vn -0.45448219 0.70735108 0.54138747
vn -0.45274668 0.70763335 0.54247165
vn -0.44971867 0.70792369 0.54460735
vn -0.44618311 0.70797842 0.54743693
vn -0.44261776 0.70803365 0.55025255
vn -0.43991518 0.70780949 0.55270277
vn -0.43851583 0.70758762 0.55409712
vn -0.43734691 0.70768482 0.55489627
vn -0.43512822 0.70801982 0.55621162
vn -0.43067834 0.70865534 0.55885935
vn -0.42579012 0.70862237 0.56263408
vn -0.42292508 0.70820084 0.56531933
vn -0.42056571 0.70840009 0.56682784
vn -0.53377623 0.01117871 0.84555188
vn -0.41417800 0.70950609 0.57013831
vn -0.40185006 0.71027731 0.57794694
vn -0.52942614 0.15120155 0.83477306
vn -0.39708892 0.15089240 0.90529104
vn -0.38875660 0.29133947 0.87406500
vn -0.44354441 0.27516031 0.85296844
vn -0.51624348 0.29171351 0.80523034
vn -0.56653159 0.27582161 0.77650782
vn -0.38706615 0.71004624 0.58822966
vn -0.37536098 0.70892493 0.59710098
vn -0.36924063 0.70787679 0.60213936
vn -0.36632302 0.70760552 0.60423661
vn -0.36530277 0.70722440 0.60529954
vn -0.36468215 0.70736663 0.60550754
vn -0.36345751 0.70747317 0.60611909
vn -0.36111957 0.70777621 0.60716183
vn -0.35642832 0.70836866 0.60923943
vn -0.34933868 0.70885524 0.61276972
vn -0.33883542 0.70990944 0.61742946
vn -0.39952306 0.01108119 0.91665617
vn -0.32522741 0.71065318 0.62385830
vn -0.30929687 0.71027276 0.63233540
vn -0.29298446 0.71007616 0.64027490
vn -0.41722429 0.45746754 0.78526896
vn -0.32781401 0.57488568 0.74969622
vn -0.39484519 0.67343789 0.62496295
vn -0.26972960 0.86319175 0.42678560
vn -0.33752929 0.77508559 0.53415008
vn -0.25341599 0.77490178 0.57905748
vn -0.27494631 0.71047977 0.64778316
vn -0.25022844 0.71244948 0.65559245
vn -0.22432000 0.71217077 0.66520172
vn -0.35887367 0.44510619 0.82042073
vn -0.29295383 0.45733922 0.83965403
vn -0.20912587 0.57421158 0.79154749
vn -0.20259142 0.86309688 0.46262349
vn -0.14930187 0.92821831 0.34076344
vn -0.09610778 0.97091379 0.21929366
vn -0.02702382 0.28723434 0.95747906
vn -0.09697686 0.29383349 0.95092448
vn -0.10085487 0.14441625 0.98436388
vn -0.17014702 0.28739785 0.94257756
vn -0.25470812 0.14915849 0.95544519
vn -0.24966575 0.29036863 0.92377111
vn -0.30818306 0.27385320 0.91105852
vn -0.22865955 0.44420509 0.86625438
vn -0.15912226 0.45674680 0.87524995
vn -0.08557551 0.57233184 0.81554466
vn -0.04298516 0.99425058 0.09807169
vn -0.06163655 0.97088845 0.23146610
vn -0.04027452 0.92804893 0.37027441
vn 0.02180111 0.86214087 0.50619940
vn -0.85755266 0.04570077 0.51236206
vn -0.75897639 0.05553701 0.64874531
vn -0.65304594 0.05553834 0.75527909
vn -0.53300387 0.05552501 0.84428896
vn -0.39900624 0.05546247 0.91526932
vn -0.25279238 0.05527195 0.96594049
vn -0.09667997 0.05467253 0.99381281
vn -0.00888129 0.99975524 0.02026298
vn -0.02757835 0.99424420 0.10352730
vn -0.02597077 0.97089370 0.23809858
vn 0.01591817 0.92791609 0.37244911
vn 0.10091036 0.86189097 0.49695177
vn 0.11727377 0.29101739 0.94950289
vn 0.04300019 0.29187996 0.95548787
vn -0.09197263 0.44244525 0.89206683
vn -0.02665406 0.45213680 0.89155027
vn 0.04194599 0.56659332 0.82292925
vn 0.04572850 0.44489596 0.89441405
vn 0.16893709 0.56541786 0.80731834
vn -0.00569897 0.99975488 0.02139391
vn -0.01162536 0.99425420 0.10641161
vn 0.01020904 0.97085888 0.23943434
vn 0.07428087 0.92782408 0.36554729
vn 0.09697976 0.47515130 0.87454340
vn 0.18604836 0.44318802 0.87690957
vn 0.12641128 0.77229090 0.62256482
vn 0.14802034 0.66887820 0.72848605
vn 0.02764167 0.77285329 0.63398243
vn 0.03284686 0.66986696 0.74175423
vn -0.06774471 0.77370200 0.62991735
vn -0.07867666 0.67125676 0.73703754
vn -0.16212379 0.77442817 0.61153650
vn -0.18927869 0.67245320 0.71552796
vn -0.29630349 0.67316947 0.67753015
vn 0.04780491 0.97081156 0.23503106
vn 0.00457110 0.99424521 0.10703065
vn -0.00240234 0.99975551 0.02198061
vn -0.19873132 0.92825253 0.31440913
vn -0.12790765 0.97092445 0.20234958
vn -0.05719715 0.99425390 0.09048579
vn -0.01181644 0.99975543 0.01869364
vn 0.28735436 0.86886717 0.40310955
vn 0.08520526 0.97084410 0.22405758
vn 0.02140715 0.99422351 0.10517294
vn 0.00094614 0.99975499 0.02211466
vn 0.00621308 0.99997935 0.00164520
vn -0.10427350 -0.06280039 0.99256393
vn 0.09079471 -0.07376929 0.99313363
vn 0.42249897 -0.07926911 0.90289037
vn 0.37221862 -0.13965748 0.91757784
vn 0.49966841 -0.05428390 0.86451416
vn 0.40781497 -0.27930224 0.86929696
vn 0.41824132 -0.16415194 0.89338029
vn 0.46657536 -0.10179617 0.87860399
vn -0.17744800 -0.01761673 0.98397249
vn -0.17891260 -0.00795484 0.98383281
vn -0.17933562 0.00010295 0.98378795
vn -0.17664724 -0.02967234 0.98382687
vn -0.17418823 -0.03763287 0.98399300
vn -0.17036726 -0.04927572 0.98414780
vn -0.16224934 -0.08349455 0.98321097
vn -0.07997299 -0.08978560 0.99274512
vn -0.16399955 -0.15738895 0.97382384
vn -0.07401113 -0.14395654 0.98681248
vn -0.16727240 -0.25253478 0.95301948
vn -0.07997497 -0.22938333 0.97004499
vn -0.16155677 -0.29765053 0.94090572
vn -0.07353876 -0.29883834 0.95146608
vn -0.17009213 -0.35901446 0.91770218
vn -0.08918889 -0.36892583 0.92516975
vn -0.14890251 -0.40877993 0.90040381
vn -0.09784781 -0.55398947 0.82675357
vn -0.13603544 -0.61896780 0.77354588
vn -0.17153914 -0.56751562 0.80529519
vn -0.17940827 -0.66957433 0.72075162
vn -0.11379109 -0.68571933 0.71891626
vn -0.14026632 -0.77928437 0.61077101
vn -0.18210058 -0.76132778 0.62226955
vn -0.16169346 -0.79509734 0.58453010
vn -0.00240424 -0.68630941 0.72730572
vn -0.03890945 -0.71868275 0.69424863
vn -0.03387125 -0.63843612 0.76892916
vn -0.08263549 -0.73620400 0.67169565
vn 0.10896217 -0.59811141 0.79397103
vn 0.07395349 -0.63703371 0.76728022
vn 0.07450604 -0.55078293 0.83131643
vn 0.02654689 -0.66216362 0.74888891
vn 0.23492787 -0.39247104 0.88925552
vn 0.23200559 -0.47947342 0.84633247
vn 0.18230899 -0.44907765 0.87469577
vn 0.21581164 -0.49899326 0.83930392
vn 0.18228004 -0.54232198 0.82015904
vn 0.25596375 -0.46433665 0.84786440
vn 0.31771840 -0.28940606 0.90293917
vn 0.32197997 -0.39136693 0.86206776
vn 0.36986940 -0.23254078 0.89951176
vn 0.36804157 -0.32948858 0.86947264
vn 0.38584873 -0.34246259 0.85664470
vn 0.51437084 -0.11087397 0.85037027
vn 0.48985677 -0.16040649 0.85691896
vn 0.45773155 -0.20444479 0.86526537
vn 0.54832131 -0.06704872 0.83357555
vn 0.46027974 -0.03199062 0.88719736
vn 0.30996141 -0.05522363 0.94914397
vn 0.22816721 -0.07504799 0.97072526
vn 0.23616214 -0.14154242 0.96134967
vn 0.13116772 -0.09916227 0.98638830
vn 0.02847730 -0.12983845 0.99112614
vn 0.01651107 -0.06806939 0.99754396
vn -0.08542172 -0.67364656 0.73410043
vn 0.07388295 -0.46292103 0.88331502
vn 0.13042662 -0.49804609 0.85728582
vn 0.13581409 -0.57138462 0.80936651
vn 0.01885942 -0.43092272 0.90219174
vn 0.01958510 -0.51128799 0.85918625
vn 0.02206511 -0.59335158 0.80464094
vn 0.31421365 -0.21559858 0.92454694
vn -0.08791233 -0.59790691 0.79673004
vn -0.08826643 -0.53015020 0.84329698
vn -0.08814853 -0.45185572 0.88772532
vn -0.17451386 -0.51040897 0.84203776
vn -0.16397463 -0.43988265 0.88295842
vn -0.03492367 -0.47763584 0.87786351
vn -0.03453888 -0.55641868 0.83018391
vn 0.18176561 -0.35739648 0.91609444
vn 0.12807431 -0.41151772 0.90235810
vn 0.12768555 -0.32803447 0.93599668
vn 0.07387435 -0.37997045 0.92204395
vn 0.02361809 -0.35867648 0.93316310
vn -0.10967146 -0.75408258 0.64755821
vn 0.31349799 -0.13024770 0.94061392
vn 0.24661387 -0.29188395 0.92411328
vn 0.24492347 -0.20224507 0.94821381
vn 0.18211401 -0.27223596 0.94483970
vn 0.13295339 -0.25381613 0.95807138
vn 0.27450869 -0.33564779 0.90110240
vn 0.37030961 -0.05666599 0.92717839
vn 0.13176557 -0.17101507 0.97641778
vn 0.02139191 -0.27701373 0.96062781
vn 0.02252885 -0.20482654 0.97853898
vn 0.48167683 0.71063395 0.51282240
vn 0.46937014 0.71876614 0.51290048
vn 0.49960365 0.73484322 0.45869558
vn 0.50494801 0.72509046 0.46826418
vn 0.46330667 0.70957560 0.53089490
vn 0.45693562 0.70932099 0.53672486
vn 0.43850809 0.71415428 0.54561370
vn 0.50895153 0.71541153 0.47870103
vn 0.50508540 0.70922698 0.49181890
vn 0.49254684 0.71873037 0.49073849
vn 0.49332656 0.71517687 0.49512720
vn 0.49330405 0.70939515 0.50339808
vn 0.49522947 0.74210940 0.45168729
vn 0.49317586 0.74545809 0.44840809
vn 0.50220036 0.73646223 0.45323083
vn 0.51561100 0.72332139 0.45929453
vn 0.52588373 0.71396720 0.46227388
vn 0.53344010 0.70855079 0.46194961
vn 0.53798269 0.71044421 0.45369996
vn -0.00688155 0.99984716 -0.01607164
vn -0.00804140 0.99975487 -0.02062847
vn -0.00121754 0.99975430 -0.02213284
vn 0.00231646 0.99975406 -0.02205560
vn -0.00472141 0.99975404 -0.02166965
vn 0.00578030 0.99975432 -0.02139815
vn 0.00901354 0.99975506 -0.02021310
vn 0.01196161 0.99975529 -0.01860885
vn 0.01460313 0.99975551 -0.01660314
vn 0.01694929 0.99975508 -0.01423008
vn 0.01899617 0.99975410 -0.01144089
vn 0.02060259 0.99975374 -0.00824561
vn 0.02165173 0.99975398 -0.00481407
vn 0.02212842 0.99975428 -0.00130587
vn 0.02204443 0.99975462 0.00217726
vn 0.02143156 0.99975490 0.00555233
vn 0.02032601 0.99975503 0.00875941
vn 0.01875598 0.99975527 0.01173070
vn 0.01678016 0.99975543 0.01440525
vn -0.49399899 0.05522038 -0.86770716
vn -0.49609997 0.14241706 -0.85650581
vn -0.37262249 0.13289194 -0.91841832
vn -0.49302175 0.01537935 -0.86988105
vn 0.27378944 0.89377100 0.35526432
vn 0.44084442 0.87070592 0.21800778
vn 0.48398903 0.84372795 0.23211587
vn 0.41853829 0.87114548 0.25677082
vn 0.77523652 0.62388105 0.09889785
vn 0.77676499 0.62511661 0.07658575
vn 0.73871125 0.67164188 0.05659395
vn 0.95564659 -0.01365159 -0.29419930
vn 0.08947574 0.01648113 -0.99585263
vn -0.05485083 0.01124768 -0.99843121
vn 0.17912856 0.02089931 -0.98360367
vn 0.28057984 0.01012390 -0.95977730
vn 0.40715645 0.01028935 -0.91330048
vn 0.54050662 0.01082821 -0.84127008
vn 0.66067459 0.01065841 -0.75059676
vn 0.76578903 0.01007086 -0.64301302
vn 0.84814253 0.01639778 -0.52951427
vn 0.89458547 0.02640161 -0.44611634
vn 0.94807480 -0.00435235 -0.31801766
vn 0.96150860 -0.00142272 -0.27477115
vn 0.95004297 -0.00127161 -0.31211656
vn 0.95048820 0.01831142 -0.31022070
vn 0.92828952 0.02534334 -0.37099365
vn 0.68582508 -0.30032611 0.66290888
vn 0.71370100 -0.32519673 0.62038533
vn 0.66617619 -0.27558631 0.69300900
vn 0.66506589 -0.27214824 0.69542987
vn 0.65193959 -0.25248617 0.71500036
vn 0.64989844 -0.18826728 0.73633379
vn 0.62115636 -0.13761492 0.77150950
vn 0.63478535 -0.15686066 0.75659916
vn 0.71393612 -0.38025399 0.58796439
vn 0.74174345 -0.39790420 0.53989713
vn 0.88516196 -0.24235336 0.39718151
vn 0.89602197 -0.24073634 0.37308262
vn 0.79479533 -0.44855142 0.40878112
vn 0.77499082 -0.47131954 0.42100726
vn 0.80030761 -0.40222737 0.44465816
vn 0.79545809 -0.35147316 0.49367301
vn 0.78376661 -0.36697622 0.50103728
vn 0.77256397 -0.37236663 0.51428397
vn 0.75785805 -0.37418325 0.53445118
vn 0.98642780 -0.11190275 0.12015809
vn 0.98257293 -0.09331521 0.16075668
vn 0.97070963 -0.14581494 0.19094718
vn 0.95982122 -0.18575500 0.21032902
vn 0.94508500 -0.14336438 0.29370223
vn 0.92202058 -0.22436177 0.31549935
vn 0.91831206 -0.20899820 0.33618850
vn 0.99858518 -0.02286553 -0.04800841
vn 0.99778913 -0.06645940 0.00007627
vn 0.96783319 -0.25033202 0.02515561
vn 0.99270790 -0.09886908 0.06896332
vn 0.97075327 -0.01638534 -0.23951955
vn 0.97870986 -0.01992649 -0.20427908
vn 0.98591876 -0.02852548 -0.16477408
vn 0.99215769 -0.01684941 -0.12385158
vn 0.99659706 -0.02400236 -0.07885551
vn 0.94586270 0.21930971 -0.23926348
vn 0.94889948 0.16061225 -0.27164955
vn 0.94101119 0.14206777 -0.30710696
vn 0.96902025 0.08707082 -0.23112425
vn 0.94936172 0.04959026 -0.31024687
vn 0.95453971 0.01925666 -0.29746111
vn 0.95876064 0.00327544 -0.28419590
vn 0.88941280 0.42247486 -0.17452754
vn 0.86535187 0.45659651 -0.20660535
vn 0.88484503 0.44696407 -0.13142446
vn 0.85794045 0.49948506 -0.12022002
vn 0.86122691 0.50225034 -0.07767117
vn 0.74656072 0.66506381 0.01836373
vn 0.78486808 0.61929195 0.02143749
vn 0.81152690 0.58152809 -0.05700154
vn 0.70533171 0.70772702 0.04036885
vn 0.72381869 0.68935812 0.02952750
vn 0.80394748 0.59459831 0.01101304
vn 0.81903735 0.57367233 -0.00882536
vn 0.84567046 0.53178246 -0.04526473
vn 0.86066023 0.50609683 -0.05594609
vn 0.80003647 0.57141432 -0.18283142
vn 0.73888594 0.67252954 -0.04185200
vn 0.71209291 0.67673973 0.18694121
vn 0.69604429 0.70246019 0.14856659
vn 0.69277248 0.70918107 0.13087592
vn 0.71492052 0.68658899 0.13222784
vn 0.74595814 0.65444467 0.12348533
vn 0.76715456 0.63180864 0.11086808
vn 0.64243312 0.74132464 0.19420984
vn 0.60898217 0.77879588 0.15039178
vn 0.59300039 0.77439789 0.22058660
vn 0.56499903 0.79118161 0.23411057
vn 0.51809013 0.82790011 0.21485814
vn 0.46224830 0.86565192 0.19228430
vn 0.27342791 0.93344466 0.23220303
vn 0.34298673 0.90298880 0.25878821
vn 0.31490767 0.92924352 0.19323467
vn 0.37325807 0.89529339 0.24316281
vn 0.29384165 0.91599675 0.27314290
vn 0.32552273 0.90023673 0.28915183
vn 0.34370494 0.89439095 0.28623721
vn 0.27585323 0.90678547 0.31881831
vn 0.24208761 0.93036438 0.27534653
vn 0.28039754 0.91393407 0.29343096
vn 0.28275368 0.91770442 0.27905007
vn 0.16536842 0.96996652 0.17837668
vn 0.08097855 0.99415175 0.07144768
vn 0.00370901 0.99973558 0.02269401
vn -0.18388046 0.92924271 -0.32046212
vn -0.24798297 0.86319926 -0.43976300
vn -0.31312208 0.77439927 -0.54978209
vn -0.40727933 0.57423539 -0.71019523
vn -0.44795558 0.44547017 -0.77517232
vn -0.49426259 0.45870674 -0.73843931
vn -0.53256122 0.28803317 -0.79587401
vn -0.38187251 0.02682590 -0.92382561
vn -0.29503795 0.02149448 -0.95524374
vn -0.19358795 0.01082181 -0.98102324
vn 0.91977329 0.13539773 -0.36835383
vn 0.88822164 0.13906225 -0.43786301
vn 0.76028696 0.57135953 -0.30905021
vn 0.84061168 0.48090475 -0.24920398
vn 0.82646509 0.45011049 -0.33816563
vn 0.70061036 0.57144564 -0.42731136
vn 0.90977791 0.36372949 -0.20001254
vn 0.92934238 0.30184417 -0.21263311
vn 0.92465841 0.30703427 -0.22524827
vn 0.91049770 0.29972368 -0.28488534
vn 0.88651703 0.29671034 -0.35503596
vn 0.85459169 0.29670899 -0.42618871
vn 0.81735367 0.29672115 -0.49385174
vn 0.83840053 0.15015141 -0.52396479
vn 0.77756744 0.28942895 -0.55822912
vn 0.75601128 0.14691796 -0.63785739
vn 0.73067960 0.29675531 -0.61485251
vn 0.78883037 0.48139395 -0.38210799
vn 0.76108052 0.44992567 -0.46725081
vn 0.62720949 0.57500856 -0.52533172
vn 0.71882171 0.47848114 -0.50433238
vn 0.65433697 0.15129226 -0.74091415
vn 0.63661743 0.29184892 -0.71382243
vn 0.68141527 0.27626596 -0.67775390
vn 0.68503291 0.44547566 -0.57643850
vn 0.63577869 0.45720528 -0.62189130
vn 0.54041849 0.57508789 -0.61418383
vn 0.59172319 0.44548300 -0.67186946
vn 0.53609014 0.45752563 -0.70942065
vn 0.44245730 0.57517764 -0.68804231
vn 0.53624114 0.15122002 -0.83040830
vn 0.40452407 0.15115612 -0.90194906
vn 0.39560283 0.29166815 -0.87087777
vn 0.45018389 0.27498849 -0.84953858
vn 0.52275346 0.29176049 -0.80100227
vn 0.57295705 0.27565045 -0.77184004
vn 0.48453187 0.44547552 -0.75284821
vn 0.42313904 0.45786947 -0.78186246
vn 0.33325168 0.57526658 -0.74700179
vn 0.36498794 0.44546474 -0.81752368
vn 0.29916342 0.45817650 -0.83700391
vn 0.21387338 0.57556493 -0.78929284
vn 0.86210412 0.04571010 -0.50466531
vn 0.76462145 0.05553629 -0.64208237
vn 0.65942845 0.05553861 -0.74971300
vn 0.53990286 0.05553718 -0.83989316
vn 0.40665665 0.05553658 -0.91189147
vn 0.26720903 0.05513874 -0.96205980
vn 0.27719300 0.15451003 -0.94830939
vn 0.18120927 0.14434905 -0.97279317
vn -0.05418052 0.14548034 -0.98787648
vn 0.02325656 0.28937676 -0.95693272
vn 0.08736319 0.15012229 -0.98479997
vn 0.09884167 0.29671824 -0.94983610
vn 0.17549557 0.29670889 -0.93870397
vn 0.25691076 0.29156799 -0.92140380
vn 0.31552576 0.27438148 -0.90838224
vn 0.23476004 0.44543759 -0.86398673
vn 0.16314963 0.46017597 -0.87270858
vn 0.07970157 0.57171091 -0.81657473
vn 0.08606970 0.44996326 -0.88888980
vn -0.04921973 0.57121092 -0.81932625
vn -0.19543353 0.14996942 -0.96918260
vn -0.12828981 0.28900213 -0.94869357
vn -0.05214360 0.29672539 -0.95353820
vn 0.03091708 0.47896460 -0.87728960
vn -0.05528818 0.45006039 -0.89128495
vn -0.17892991 0.57130213 -0.80099811
vn 0.11654760 0.04577725 -0.99212958
vn -0.05481271 0.05553271 -0.99695120
vn -0.20623803 0.05513458 -0.97694731
vn -0.29293726 0.14074462 -0.94571598
vn -0.10780940 0.48009858 -0.87056446
vn -0.19660882 0.45007658 -0.87107752
vn -0.30228012 0.57142401 -0.76295565
vn -0.47780514 0.29675197 -0.82682556
vn -0.41559976 0.29064492 -0.86185983
vn -0.34893871 0.29674257 -0.88892386
vn -0.27777638 0.29671606 -0.91367383
vn -0.20337731 0.29671913 -0.93305703
vn -0.24554893 0.48060960 -0.84185518
vn -0.33181916 0.44965999 -0.82927796
vn -0.37445660 0.47447918 -0.79665034
vn -0.36766661 0.67349488 -0.64126898
vn -0.22958638 0.77506945 -0.58869130
vn -0.26859945 0.67345163 -0.68870693
vn -0.13452597 0.77499484 -0.61748341
vn -0.15737181 0.67337999 -0.72235275
vn -0.03469466 0.77501922 -0.63098455
vn -0.04058608 0.67340334 -0.73816035
vn 0.06596939 0.77499717 -0.62851207
vn 0.07716994 0.67338283 -0.73525530
vn 0.16486372 0.77502023 -0.61005213
vn 0.19287151 0.67340381 -0.71367212
vn 0.25734299 0.77508883 -0.57707183
vn 0.30106992 0.67347043 -0.67512553
vn 0.34165028 0.77510961 -0.53148864
vn 0.39971129 0.67348771 -0.62180799
vn 0.41727091 0.77512992 -0.47440341
vn 0.48818887 0.67350801 -0.55503026
vn 0.48387876 0.77509011 -0.40632089
vn 0.56609609 0.67347089 -0.47536531
vn 0.54133513 0.77499954 -0.32608587
vn 0.63327168 0.67338536 -0.38146970
vn 0.58675706 0.77496796 -0.23482083
vn 0.68639238 0.67335612 -0.27469444
vn 0.61691254 0.77498950 -0.13715027
vn 0.72168193 0.67337500 -0.16044096
vn 0.63084330 0.77501733 -0.03721383
vn 0.62883829 0.77504970 0.06213188
vn -0.13516300 0.92822278 -0.34660270
vn -0.18345644 0.86315915 -0.47042536
vn -0.07921912 0.92817413 -0.36361671
vn -0.10750958 0.86309091 -0.49347316
vn -0.02043090 0.92818984 -0.37154569
vn -0.02772720 0.86311297 -0.50424914
vn 0.03885104 0.92817623 -0.37010740
vn 0.05272283 0.86309403 -0.50228379
vn 0.09707080 0.92819072 -0.35922034
vn 0.13174605 0.86311419 -0.48752114
vn 0.15150651 0.92823465 -0.33974434
vn 0.20563781 0.86317632 -0.46112877
vn 0.20113211 0.92824782 -0.31289272
vn 0.27300045 0.86319499 -0.42469420
vn 0.24563799 0.92826130 -0.27927217
vn 0.33341729 0.86321429 -0.37906992
vn 0.28487909 0.92823592 -0.23921117
vn 0.38666039 0.86317794 -0.32468075
vn 0.31877318 0.92817769 -0.19201519
vn 0.43261674 0.86309555 -0.26059323
vn 0.34554411 0.92815714 -0.13828805
vn 0.46893201 0.86306644 -0.18766751
vn 0.36328380 0.92817120 -0.08076579
vn 0.49301796 0.86308719 -0.10960747
vn 0.37146421 0.92818861 -0.02191450
vn 0.50413672 0.86311162 -0.02974050
vn 0.37025589 0.92820927 0.03658049
vn 0.50251640 0.86314092 0.04964897
vn 0.36013176 0.92822400 0.09330229
vn 0.48879078 0.86316112 0.12663509
vn 0.34162351 0.92823312 0.14722992
vn 0.18163505 0.97092435 0.15593143
vn 0.20297835 0.97091859 0.12695228
vn 0.21989674 0.97090906 0.09476830
vn 0.23181803 0.97090336 0.06005888
vn 0.23835383 0.97089287 0.02354757
vn 0.23915339 0.97087927 -0.01410996
vn 0.23390616 0.97086743 -0.05200333
vn 0.22249954 0.97085777 -0.08904571
vn 0.20524269 0.97087177 -0.12362620
vn 0.18337096 0.97091091 -0.15397109
vn 0.15809124 0.97092797 -0.17973883
vn 0.12945527 0.97091897 -0.20138940
vn 0.09752060 0.97091008 -0.21868552
vn 0.06249091 0.97088064 -0.23126969
vn 0.02501699 0.97087043 -0.23829552
vn -0.01315488 0.97087994 -0.23920514
vn -0.05100650 0.97086947 -0.23411710
vn -0.08700033 0.97090229 -0.22311362
vn -0.12009530 0.97097338 -0.20685216
vn -0.05746230 0.99354870 -0.09777043
vn -0.03891590 0.99424443 -0.09981770
vn -0.02283465 0.99423043 -0.10480662
vn -0.00588888 0.99423483 -0.10706275
vn 0.01120168 0.99423087 -0.10667470
vn 0.02796465 0.99423523 -0.10350979
vn 0.04362108 0.99424769 -0.09781986
vn 0.05789555 0.99425144 -0.09006763
vn 0.07068970 0.99425526 -0.08037065
vn 0.08202437 0.99424801 -0.06886867
vn 0.09187823 0.99423140 -0.05533824
vn 0.09962851 0.99422549 -0.03987280
vn 0.10471654 0.99422954 -0.02328225
vn 0.10704072 0.99423457 -0.00631632
vn 0.10665500 0.99424027 0.01053521
vn 0.10370700 0.99424492 0.02686814
vn 0.09836418 0.99424721 0.04239068
vn 0.09077909 0.99425125 0.05677678
vn 0.08122388 0.99425380 0.06972855
vn 0.09548349 0.07720077 0.99243284
vn -0.17925722 0.00731683 0.98377503
vn -0.17828355 0.01708561 0.98383081
vn -0.17410576 0.03283980 0.98417922
vn -0.16998405 0.05236690 0.98405444
vn -0.11790516 0.02619196 0.99267938
vn -0.11488498 0.03845122 0.99263435
vn -0.10697240 0.05659270 0.99265008
vn -0.00905438 0.09013567 0.99588834
vn -0.04316425 0.04539382 0.99803620
vn 0.09473060 0.14037952 0.98555553
vn 0.24526248 0.89513937 0.37225237
vn 0.22464799 0.88591188 0.40582437
vn 0.22712989 0.84425910 0.48542620
vn 0.22652599 0.78883906 0.57133082
vn 0.20972416 0.75002576 0.62727756
vn 0.21136722 0.68733721 0.69490392
vn 0.19802470 0.64137955 0.74122769
vn 0.19434544 0.57120554 0.79746729
vn 0.18373485 0.50625780 0.84258207
vn 0.17470098 0.42967713 0.88592163
vn 0.16332369 0.36765114 0.91550970
vn 0.15114297 0.30663099 0.93975169
vn 0.13177237 0.24175774 0.96134762
vn 0.11035729 0.20663697 0.97217407
vn 0.00838718 0.96953345 0.24481531
vn 0.04824075 0.95963356 0.27708530
vn 0.03235787 0.94332441 0.33029083
vn 0.13472340 0.93843077 0.31811522
vn -0.07628122 0.93302253 0.35163921
vn -0.07966375 0.96959704 0.23137689
vn -0.03583822 0.97090622 0.23676304
vn -0.13201698 0.80879716 0.57307825
vn -0.11583659 0.84705978 0.51872113
vn -0.02553794 0.84966841 0.52669860
vn -0.10202894 0.88680204 0.45074632
vn 0.00484569 0.90704289 0.42101035
vn -0.13867689 0.75716673 0.63833163
vn -0.04630047 0.75846850 0.65006292
vn -0.14841448 0.71339196 0.68486864
vn -0.05748787 0.66258060 0.74678116
vn -0.09180724 0.43326665 0.89657763
vn -0.16277111 0.51925486 0.83897554
vn -0.07981270 0.53386377 0.84179535
vn -0.16444033 0.55551867 0.81508183
vn -0.04416328 0.59978492 0.79894158
vn -0.17209920 0.60607613 0.77656525
vn -0.15713864 0.66303392 0.73191084
vn -0.15522745 0.34433103 0.92592688
vn -0.19519328 0.43376647 0.87962846
vn -0.15049039 0.45027973 0.88011409
vn -0.10187265 0.16515791 0.98099176
vn -0.15926145 0.27658807 0.94769976
vn -0.09567403 0.23184223 0.96803701
vn -0.09456227 0.28460278 0.95397025
vn -0.05873512 0.33401110 0.94073736
vn -0.16877364 0.06324648 0.98362358
vn -0.16726230 0.07710114 0.98289304
vn -0.16673216 0.09733594 0.98118607
vn -0.18641261 0.16593878 0.96835668
vn -0.17386968 0.20242773 0.96373873
vn 0.09060845 0.28289076 0.95486278
vn 0.01318661 0.26767598 0.96341875
vn -0.00113551 0.22081378 0.97531533
vn -0.00273582 0.15517824 0.98788270
vn 0.02567316 0.37081917 0.92835017
vn 0.05785648 0.62492967 0.77853422
vn 0.04933917 0.55950764 0.82735533
vn 0.04206275 0.48637245 0.87273854
vn 0.09440027 0.41222748 0.90617719
vn 0.10703602 0.82711358 0.55174851
vn 0.14790838 0.77274463 0.61724294
vn 0.08166102 0.72706476 0.68169517
vn 0.12785440 0.67053819 0.73077479
vn 0.11458887 0.88408040 0.45306870
vn 0.12870456 0.91826127 0.37447481
vn 0.51131184 -0.18896549 0.83836284
vn 0.42510972 -0.30270936 0.85302331
vn 0.22589541 -0.55671916 0.79939667
vn 0.33447401 -0.44879087 0.82868202
vn 0.10860903 -0.65261792 0.74986260
vn -0.00886746 -0.71531074 0.69875025
vn -0.09386016 -0.77248352 0.62806009
vn -0.09867513 -0.81723003 0.56780128
vn -0.15446973 -0.83541723 0.52746294
vn -0.00078376 -0.78672440 0.61730390
vn 0.22409492 -0.61837621 0.75325449
vn 0.15190166 -0.67089054 0.72583177
vn 0.12949427 -0.68541850 0.71654219
vn 0.10187423 -0.72474805 0.68144105
vn 0.45964831 -0.37316736 0.80589674
vn 0.40985064 -0.44106413 0.79842651
vn 0.34303713 -0.50835306 0.78987511
vn 0.28288187 -0.56282529 0.77666308
vn 0.53481162 -0.29564477 0.79156219
vn -0.12169860 -0.97241976 0.19897051
vn -0.09673410 -0.94610464 0.30907689
vn -0.14917427 -0.91443137 0.37624768
vn 0.80749387 -0.20201725 0.55420455
vn 0.79385833 -0.27764013 0.54102210
vn 0.86891657 -0.28834967 0.40229152
vn 0.38537024 -0.27765246 0.87999937
vn 0.40152092 -0.20654480 0.89225568
vn 0.26225879 -0.19048055 0.94601136
vn 0.38781596 -0.86310348 0.32349833
vn 0.44653718 -0.86145907 0.24185287
vn 0.53421038 -0.79897157 0.27615883
vn -0.21672061 -0.41768569 0.88236662
vn -0.21268157 -0.34241696 0.91515965
vn -0.23639332 -0.32607796 0.91530944
vn -0.53179835 -0.61199657 0.58536374
vn -0.59280633 -0.58503577 0.55345623
vn -0.23368968 -0.19858021 0.95181670
vn -0.20517323 -0.21898910 0.95391180
vn -0.20205887 -0.11513693 0.97258198
vn -0.22473077 -0.56672891 0.79266287
vn -0.21412944 -0.97642752 -0.02716390
vn -0.21329088 -0.97685301 -0.01628484
vn -0.15062729 -0.98858792 0.00231204
vn 0.17670247 -0.08157668 0.98087791
vn 0.70532345 -0.06619391 0.70578835
vn 0.61077142 0.00243832 0.79180321
vn 0.55250525 -0.06355553 0.83108281
vn 0.53164845 0.00293942 0.84696003
vn 0.40812564 0.00052358 0.91292562
vn 0.82322859 -0.06978888 0.56340411
vn 0.75747861 0.00199462 0.65285694
vn 0.68695686 0.00319829 0.72669116
vn 0.95537679 0.00263257 0.29537816
vn 0.91378386 0.00331324 0.40618726
vn 0.90943068 -0.06539998 0.41068076
vn 0.86542434 0.00186258 0.50103617
vn 0.81569044 0.00333027 0.57847906
vn 0.99228241 -0.11059018 0.05608417
vn 0.99618614 -0.00592013 0.08705242
vn 0.98709406 -0.00021492 0.16014138
vn 0.99809980 -0.06061564 0.01106983
vn 0.99953498 -0.02742872 0.01332215
vn 0.99971705 0.02040654 0.01222250
vn 0.97082455 -0.23260822 0.05825039
vn 0.98440452 -0.17588194 0.00364604
vn 0.99338539 -0.11468676 0.00569329
vn 0.93495668 -0.35471757 0.00560730
vn 0.96177492 -0.27367789 0.00945628
vn 0.97667717 -0.21468142 0.00368615
vn 0.93793179 -0.34257241 0.05411185
vn 0.88857794 -0.45520455 0.05672797
vn 0.91273664 -0.40851866 0.00493246
vn 0.69058070 -0.72322828 0.00625728
vn 0.73867971 -0.67400193 0.00858387
vn 0.68552060 -0.72660004 0.04597693
vn 0.77895040 -0.62701908 0.00912983
vn 0.75844205 -0.65000909 0.04747463
vn 0.81065081 -0.58548503 0.00724897
vn 0.82964744 -0.55558093 0.05490850
vn 0.85160057 -0.52417203 0.00448989
vn 0.89039160 -0.45516587 0.00517911
vn 0.60119794 -0.79830344 0.03567423
vn 0.62551443 -0.78019650 0.00501142
vn 0.66827033 -0.74378023 0.01434353
vn 0.51485087 -0.85727382 0.00318961
vn 0.56112676 -0.82772039 0.00396449
vn 0.51695106 -0.85556655 0.02770340
vn 0.46131651 -0.88723484 0.00118891
vn 0.41781219 -0.90814657 0.02650999
vn 0.38992323 -0.92083983 0.00372502
vn 0.31982406 -0.94731531 0.01750053
vn 0.33897125 -0.94078246 0.00518263
vn 0.22888309 -0.97334361 0.01465427
vn 0.14444859 -0.98951201 -0.00077001
vn 0.18304571 -0.98307317 0.00783673
vn 0.12353349 -0.99230127 0.00881320
vn 0.20875043 -0.97795547 0.00513489
vn 0.28110062 -0.95965738 0.00633648
vn -0.07492831 -0.99718366 0.00323972
vn -0.16610186 -0.98610858 0.00017578
vn -0.13980617 -0.99017481 -0.00284428
vn 0.05410921 -0.99853453 -0.00099778
vn 0.02734077 -0.99961229 0.00526818
vn -0.00968729 -0.99995035 0.00233690
vn -0.05550194 -0.99845795 0.00111861
vn -0.12340852 -0.99235340 0.00224991
vn -0.17039314 -0.98535525 -0.00641890
vn -0.21874590 -0.97509798 -0.03652619
vn -0.21676548 -0.97572760 -0.03111870
vn -0.17546024 -0.98424851 -0.02164646
vn -0.21121067 -0.97453601 -0.07529688
vn -0.21350243 -0.97514533 -0.05923098
vn -0.16016782 -0.97623947 -0.14595467
vn -0.18050989 -0.97504656 -0.12922993
vn -0.16701272 -0.98507198 -0.04171275
vn -0.19596958 -0.97451187 -0.10919035
vn -0.19925856 -0.97504943 -0.09785008
vn -0.14585152 -0.98731498 -0.06274121
vn -0.12917071 -0.97383296 -0.18698743
vn -0.05072209 -0.99870779 0.00316691
vn -0.01901235 -0.99388647 -0.10875759
vn -0.06694986 -0.99332203 -0.09396305
vn -0.01178326 -0.97645519 -0.21539827
vn -0.09967920 -0.98435490 -0.14529107
vn -0.04621109 -0.95598592 -0.28975069
vn -0.15658832 -0.93401608 0.32108263
vn -0.13894336 -0.89265089 0.42879965
vn -0.12725887 -0.93231603 0.33851440
vn -0.20598076 -0.74637803 0.63284419
vn -0.17759480 -0.84085121 0.51130161
vn -0.20048658 -0.85490111 0.47848638
vn -0.19898526 -0.34353807 0.91781614
vn -0.21605218 0.00136793 0.97638086
vn -0.22851451 -0.09466497 0.96892707
vn -0.22993013 -0.05673942 0.97155173
vn -0.22700248 -0.15128028 0.96207284
vn -0.61329534 -0.55863341 0.55838834
vn -0.58016712 -0.44244994 0.68384513
vn -0.23320980 -0.25972051 0.93710109
vn -0.46766468 -0.69561721 0.54534983
vn -0.50286408 -0.66783210 0.54875131
vn -0.22863370 -0.20726764 0.95119228
vn -0.11824276 -0.80511290 0.58121585
vn -0.16466479 -0.81107186 0.56129132
vn -0.15430386 -0.39478249 0.90572463
vn -0.21645020 -0.80507556 0.55227045
vn -0.28815557 -0.74622081 0.60010072
vn -0.33249758 -0.77119597 0.54286475
vn -0.36938655 -0.75408536 0.54305510
vn -0.04639780 -0.37323249 0.92657690
vn 0.14250434 -0.79213704 0.59347402
vn -0.07154341 -0.44209574 0.89411011
vn 0.10859765 -0.81283659 0.57227898
vn 0.04159449 -0.80097926 0.59724544
vn -0.00085087 -0.82345211 0.56738514
vn -0.05947643 -0.83394609 0.54863145
vn 0.30749992 -0.68422649 0.66126992
vn 0.26752338 -0.75120234 0.60342877
vn 0.02103492 -0.40390236 0.91456023
vn 0.16699868 -0.73553714 0.65657943
vn 0.29724639 -0.64776869 0.70145585
vn 0.04521226 -0.33046129 0.94273601
vn 0.41327088 -0.65762813 0.62986698
vn 0.14829362 -0.26882618 0.95170452
vn 0.12390140 -0.35514725 0.92656293
vn 0.37201277 -0.51962919 0.76915018
vn 0.16955658 -0.17801812 0.96930909
vn -0.22334168 -0.50043267 0.83647214
vn -0.24286407 -0.40099559 0.88330039
vn -0.24670234 -0.47766041 0.84319540
vn -0.23165332 -0.35166820 0.90700949
vn -0.23060602 -0.26816834 0.93536442
vn -0.16462454 -0.45847949 0.87332429
vn -0.17483319 -0.54505107 0.81997115
vn -0.41225760 -0.69128125 0.59344242
vn -0.10937389 -0.60361786 0.78973592
vn -0.04480893 -0.65690224 0.75264308
vn -0.02251031 -0.57101665 0.82062980
vn 0.01921882 -0.70558204 0.70836758
vn 0.09134067 -0.75404179 0.65044436
vn 0.13079398 -0.67556258 0.72560880
vn 0.16828563 -0.79745021 0.57944207
vn 0.24602450 -0.83155584 0.49798276
vn 0.30920140 -0.76396989 0.56634309
vn -0.09289889 -0.51640486 0.85129067
vn -0.00159228 -0.48339583 0.87540044
vn 0.52558262 -0.63336286 0.56799155
vn 0.41881081 -0.60253353 0.67937534
vn 0.36987098 -0.68300127 0.62984500
vn 0.10102462 -0.44344236 0.89059132
vn 0.07659773 -0.53444875 0.84172283
vn 0.04895865 -0.62256529 0.78103490
vn 0.46666515 -0.71170886 0.52506583
vn 0.39461665 -0.78989829 0.46940217
vn 0.32036826 -0.85363164 0.41070329
vn 0.47047006 -0.80102392 0.37016025
vn 0.49449104 -0.85210647 0.17144437
vn 0.58585161 -0.78710703 0.19297774
vn 0.54879078 -0.82987135 0.10070859
vn 0.55088568 -0.72418986 0.41481805
vn 0.62732004 -0.63513814 0.45063190
vn 0.61907067 -0.72200281 0.30897159
vn 0.69849746 -0.62998888 0.33943379
vn 0.76995705 -0.52602527 0.36119739
vn 0.68668908 -0.54043339 0.48619940
vn 0.16762644 -0.58859257 0.79086039
vn 0.20044351 -0.49507176 0.84541490
vn 0.22512771 -0.39860232 0.88906339
vn 0.24383430 -0.29344315 0.92435705
vn 0.37761111 -0.33356378 0.86379688
vn 0.35953850 -0.38849756 0.84841129
vn 0.34156415 -0.45108319 0.82453495
vn 0.30782230 -0.54737402 0.77822048
vn 0.26754659 -0.64022428 0.72009144
vn 0.21929168 -0.72452450 0.65343356
vn 0.40872134 -0.10473679 0.90662951
vn 0.27496010 -0.09241211 0.95700415
vn 0.69273364 -0.19549462 0.69419159
vn 0.53831144 -0.18672767 0.82179898
vn 0.67962207 -0.26331282 0.68467525
vn 0.54008748 -0.23955723 0.80679480
vn 0.66284935 -0.32925588 0.67247402
vn 0.52982319 -0.30762350 0.79035129
vn 0.64271742 -0.39277215 0.65775706
vn 0.51382382 -0.36806630 0.77492727
vn 0.61936173 -0.45396035 0.64055527
vn 0.49513318 -0.42685310 0.75672952
vn 0.59394665 -0.51833388 0.61527015
vn 0.47387304 -0.48374741 0.73582116
vn 0.57914341 -0.56456629 0.58809677
vn 0.44540345 -0.53774128 0.71585619
vn 0.83024919 -0.40441907 0.38357725
vn 0.78625652 -0.33312444 0.52041214
vn 0.75080311 -0.40975848 0.51806629
vn 0.73627926 -0.46111746 0.49524089
vn 0.97874565 -0.12667326 0.16127872
vn 0.92378537 -0.26604011 0.27539655
vn 0.95472987 -0.25146985 0.15891441
vn 0.87976930 -0.39239709 0.26838501
vn 0.91424545 -0.37534159 0.15255800
vn 0.82143175 -0.51088611 0.25346648
vn 0.85951244 -0.49039409 0.14405551
vn 0.75101124 -0.61688892 0.23543615
vn 0.79275406 -0.59466945 0.13382543
vn 0.67156190 -0.70905184 0.21505838
vn 0.71646698 -0.68682133 0.12227648
vn 0.63296250 -0.76636547 0.10973803
vn 0.89800630 -0.19427653 0.39476741
vn 0.97290426 0.00290925 0.23119004
vn 0.94946968 -0.13519818 0.28324684
vn 0.90144844 -0.13600767 0.41096548
vn 0.81818363 -0.13083606 0.55987274
vn 0.70197957 -0.12652134 0.70086877
vn 0.55805382 -0.11349479 0.82200661
vn 0.26040767 0.00219784 0.96549625
vn 0.11722731 -0.92842944 0.35252876
vn 0.06450268 -0.90725560 0.41560399
vn 0.02194837 -0.94776501 0.31821339
vn -0.03022833 -0.92570956 0.37702528
vn -0.03430229 -0.97060834 0.23820750
vn -0.08235379 -0.98450504 0.15481501
vn -0.12941580 -0.98943449 0.06535249
vn 0.18097771 -0.94346183 0.27771720
vn 0.09974739 -0.96897184 0.22615044
vn 0.03134172 -0.98482938 0.17067158
vn -0.03645904 -0.99328419 0.10980555
vn -0.10368158 -0.99333295 0.05039624
vn 0.26689488 -0.94827909 0.17185427
vn 0.18220734 -0.97320134 0.14028415
vn 0.09754371 -0.98976820 0.10413521
vn 0.01417156 -0.99754114 0.06863558
vn -0.06839840 -0.99706543 0.03438291
vn 0.35043008 -0.93275510 0.08465624
vn 0.25629468 -0.96420489 0.06798498
vn 0.16222671 -0.98541992 0.05128425
vn 0.06853713 -0.99704092 0.03481487
vn -0.02466015 -0.99951603 0.01896254
vn -0.11766149 -0.99304358 0.00449772
vn -0.19773673 -0.98023844 -0.00572549
vn 0.44231442 -0.89151779 0.09774447
vn 0.36569063 -0.90965145 0.19698887
vn 0.30277748 -0.91200153 0.27672912
vn 0.24582940 -0.90384530 0.35018792
vn 0.18217329 -0.88606938 0.42625574
vn 0.11619766 -0.85841060 0.49962921
vn 0.05071689 -0.82250591 0.56649080
vn -0.01134679 -0.78129653 0.62405687
vn -0.06728026 -0.73858423 0.67079557
vn -0.12560826 -0.68916399 0.71363546
vn -0.09239047 -0.98037238 0.17416658
vn -0.07274058 -0.99361912 0.08619664
vn -0.10651422 -0.98881116 0.10443759
vn -0.08524015 -0.99628000 0.01266028
vn -0.09583670 -0.99430069 -0.04670607
vn -0.08442425 -0.97008499 -0.22761295
vn -0.10013322 -0.97294218 -0.20822306
vn -0.07608566 -0.98165052 -0.17485200
vn -0.11332327 -0.99035536 -0.07971262
vn -0.13895354 -0.98405821 0.11100157
vn -0.13582496 -0.96633414 0.21851751
vn -0.11130771 -0.95817514 0.26364939
vn -0.15072865 -0.98460887 0.08846611
vn -0.14275119 -0.98539484 0.09283919
vn -0.16417810 -0.95030783 0.26450062
vn -0.17404502 -0.94003362 0.29333449
vn -0.22007936 -0.65439542 0.72341669
vn -0.22444615 -0.76087856 0.60884132
vn -0.21760023 -0.77829070 0.58899382
vn -0.20066111 -0.86692465 0.45626393
vn -0.18615098 -0.81274527 0.55208055
vn -0.17877602 -0.89004343 0.41935882
vn -0.15117440 -0.95949268 0.23773956
vn -0.14518338 -0.98631865 0.07808519
vn -0.22872452 -0.46405349 0.85576834
vn -0.24308812 -0.56981003 0.78499981
vn -0.23748745 -0.66382687 0.70917812
vn -0.22682333 -0.59022716 0.77471484
vn -0.22561417 -0.68397319 0.69374269
vn -0.18253846 -0.63535354 0.75033698
vn -0.18696517 -0.72589960 0.66190165
vn -0.13946566 -0.77139673 0.62088358
vn -0.14980396 -0.84635370 0.51112051
vn -0.08861191 -0.81321378 0.57517934
vn -0.10857752 -0.87935727 0.46361807
vn -0.04141455 -0.84754703 0.52910194
vn -0.07036582 -0.90262232 0.42464290
vn 0.01032202 -0.87977383 0.47528041
vn 0.00000000 -1.00000000 0.00000000
vn 0.23377722 -0.97002151 -0.06638131
vn 0.15212809 -0.97890272 -0.13640569
vn 0.14788116 -0.98778288 -0.04915430
vn -0.06007427 -0.88740051 0.45706828
vn -0.04702585 -0.92047551 0.38796058
vn 0.58521746 -0.41029264 0.69941438
vn 0.63953228 -0.66539490 0.38502999
vn 0.57110039 -0.75837499 0.31418423
vn 0.55461234 -0.74135275 0.37789054
vn 0.53625109 -0.73516995 0.41468050
vn 0.54175730 -0.70634187 0.45560970
vn 0.52053550 -0.68360366 0.51159439
vn 0.53434512 -0.62909109 0.56455265
vn 0.51505783 -0.57279508 0.63766860
vn 0.49627268 -0.51943043 0.69563313
vn 0.55411918 -0.33779254 0.76082070
vn 0.46583780 -0.44343169 0.76574374
vn 0.35614076 -0.56024534 0.74785621
vn 0.12360313 -0.74549695 0.65494776
vn 0.24303885 -0.66029685 0.71059143
vn 0.01189510 -0.80858179 0.58826354
vn -0.06282195 -0.83575026 0.54550427
vn -0.02787646 -0.95154020 0.30625832
vn -0.01272204 -0.97478908 0.22276536
vn 0.00428655 -0.99062290 0.13655732
vn 0.02171599 -0.99813030 0.05713415
vn 0.03929118 -0.99908242 -0.01704485
vn 0.08802543 -0.99138098 -0.09703239
vn 0.06162393 -0.98045457 -0.18684574
vn 0.38376794 -0.92129105 0.06280895
vn 0.34330843 -0.93882993 0.02716042
vn 0.26443939 -0.96366705 0.03765144
vn 0.30686171 -0.95175410 -0.00012664
vn 0.27352675 -0.96132098 -0.03232801
vn 0.45880368 -0.87893476 0.13027995
vn 0.41755827 -0.90302394 0.10095969
vn 0.37625373 -0.91695977 0.13273247
vn 0.49884979 -0.84981289 0.17019678
vn 0.67860952 -0.63583990 0.36769111
vn 0.65902597 -0.67241209 0.33696700
vn 0.62930338 -0.71729901 0.29909764
vn 0.57124278 -0.78779152 0.23036102
vn 0.13134244 -0.99026857 0.04601445
vn 0.11525740 -0.98569818 0.12294239
vn 0.09983051 -0.97488684 0.19907164
vn 0.08402479 -0.95597308 0.28116774
vn 0.06689017 -0.92885645 0.36435065
vn 0.04916475 -0.89459240 0.44417031
vn 0.03209505 -0.85376110 0.51967480
vn 0.24327895 -0.96124283 0.12972117
vn 0.22961036 -0.95216115 0.20166363
vn 0.21654830 -0.93749279 0.27242264
vn 0.20258042 -0.91486277 0.34926678
vn 0.18624630 -0.88413763 0.42850083
vn 0.16784654 -0.84581918 0.50637678
vn 0.14861428 -0.79984097 0.58152232
vn 0.35789445 -0.90784129 0.21848514
vn 0.34705608 -0.89400792 0.28337592
vn 0.33689718 -0.87539562 0.34667392
vn 0.32537382 -0.84912366 0.41607799
vn 0.31035315 -0.81505273 0.48925451
vn 0.29168737 -0.77306432 0.56328503
vn 0.27057185 -0.72242598 0.63631092
vn 0.38712247 -0.62660741 0.67638698
vn 0.40963146 -0.68074853 0.60727548
vn 0.42810315 -0.72544836 0.53893634
vn 0.44142941 -0.76209849 0.47365174
vn 0.45021225 -0.79144151 0.41343593
vn 0.45718538 -0.81360661 0.35920163
vn 0.46489338 -0.83190623 0.30299532
vn 0.47909747 -0.84593571 0.23421867
vn -0.24381728 -0.95100733 -0.19010050
vn -0.23765970 -0.94878401 -0.20815082
vn -0.17804673 -0.96441758 -0.19544330
vn 0.00215372 -0.94874468 -0.31603623
vn 0.03769670 -0.94752603 -0.31744823
vn -0.01761135 -0.93894520 -0.34361571
vn 0.69652016 -0.65303841 0.29732223
vn 0.64282769 -0.73053564 0.23041319
vn 0.73204044 -0.58175217 0.35451546
vn 0.92184593 -0.30069163 0.24450895
vn 0.87158300 -0.38556586 0.30279041
vn 0.57954379 -0.79906503 0.16007521
vn 0.50920959 -0.85600091 0.08926392
vn 0.42544420 -0.90483747 0.01632131
vn 0.33496235 -0.94045133 -0.05789238
vn 0.13821251 -0.96752916 -0.21162378
vn 0.05510987 -0.96085497 -0.27151541
vn 0.00804536 -0.96352030 -0.26751430
vn 0.23870340 -0.96187631 -0.13347157
vn -0.00276414 -0.95019825 -0.31163385
vn -0.00482206 -0.95470999 -0.29749887
vn 0.11962707 -0.95719458 -0.26356764
vn -0.04028800 -0.93647437 -0.34841446
vn -0.04242308 -0.93445984 -0.35353232
vn -0.00815096 -0.93936282 -0.34282802
vn -0.01159407 -0.93858805 -0.34484496
vn 0.06619311 -0.95210968 -0.29850566
vn -0.01456329 -0.93952809 -0.34216207
vn -0.08504281 -0.93896579 -0.33333310
vn -0.07556827 -0.93853526 -0.33681005
vn -0.00110495 -0.95591462 -0.29364266
vn -0.05364935 -0.93848274 -0.34113324
vn -0.18285932 -0.95617458 -0.22867586
vn -0.15374214 -0.95422399 -0.25655395
vn -0.08634966 -0.96648751 -0.24175531
vn -0.08046946 -0.95209347 -0.29502997
vn -0.19643409 -0.96821959 -0.15480461
vn -0.26542939 -0.94956257 -0.16696758
vn -0.25668722 -0.94876664 -0.18426484
vn -0.31247144 -0.93484618 -0.16859485
vn -0.13744521 -0.98024361 -0.14223671
vn -0.08613065 -0.98070683 -0.17548683
vn -0.06018981 -0.99046177 -0.12394622
vn 0.01979864 -0.98967891 -0.14192841
vn 0.02484260 -0.99423784 -0.10427832
vn 0.09054977 -0.99194585 -0.08856726
vn 0.13287744 -0.98574693 -0.10318221
vn 0.16642721 -0.98367063 -0.06851334
vn 0.24571252 -0.96724154 -0.06379000
vn 0.26145968 -0.96426193 -0.04286922
vn 0.35535544 -0.93443563 -0.02350674
vn 0.37003097 -0.92891848 -0.01369476
vn 0.44264508 -0.89666208 0.00790250
vn 0.46208678 -0.88668469 0.01631180
vn 0.51099972 -0.85906172 0.02987057
vn 0.56402700 -0.82394320 0.05469134
vn 0.60208358 -0.79628118 0.05858022
vn 0.65577170 -0.74981944 0.08794481
vn 0.68164856 -0.72672348 0.08501898
vn 0.72395445 -0.68255125 0.10006869
vn 0.73278582 -0.66903091 0.12418769
vn 0.76568363 -0.63233930 0.11779467
vn 0.79909676 -0.57898797 0.16191756
vn 0.81919319 -0.55659910 0.13827492
vn 0.85767543 -0.49024661 0.15508423
vn 0.85156097 -0.48549605 0.19783199
vn 0.88876353 -0.42520055 0.17118376
vn 0.95115445 -0.22923086 0.20678111
vn 0.92617984 -0.32597284 0.18955898
vn 0.89630944 -0.38192701 0.22530236
vn -0.21934435 -0.95113094 -0.21734301
vn 0.59860739 -0.79936574 0.05180346
vn 0.55042973 -0.83412004 0.03564934
vn 0.51001788 -0.85999883 -0.01684538
vn 0.44216421 -0.89666174 -0.02210286
vn 0.41375552 -0.90706360 -0.07773022
vn 0.33797256 -0.93833565 -0.07280631
vn 0.31124176 -0.94034382 -0.13741203
vn 0.22953191 -0.96562120 -0.12202785
vn 0.20485675 -0.95925834 -0.19456913
vn 0.11936777 -0.97840647 -0.16873684
vn 0.09707096 -0.96387585 -0.24803342
vn 0.00667846 -0.97741470 -0.21122478
vn -0.08129784 -0.94638654 -0.31263905
vn 0.90105002 -0.32798513 0.28378620
vn 0.88393598 -0.38590408 0.26407428
vn 0.84629544 -0.46575885 0.25855892
vn 0.83860915 -0.44189300 0.31853614
vn 0.81250635 -0.51668398 0.26994646
vn 0.76907554 -0.57311005 0.28296233
vn 0.76220194 -0.61057097 0.21506115
vn 0.71466528 -0.66253342 0.22428329
vn 0.70616557 -0.69082090 0.15523102
vn 0.65591179 -0.73760147 0.16038639
vn 0.63881586 -0.76389247 0.09155649
vn 0.58646051 -0.80468696 0.09242815
vn 0.56078605 -0.82757786 0.02517741
vn 0.50704016 -0.86165104 0.02162784
vn 0.47325271 -0.87989838 -0.04255242
vn 0.41890122 -0.90662333 -0.05055585
vn 0.37790335 -0.91927220 -0.11012577
vn 0.32377508 -0.93816934 -0.12250713
vn 0.27682703 -0.94466408 -0.17600163
vn 0.22374533 -0.95543028 -0.19259027
vn 0.17236160 -0.95566810 -0.23872572
vn 0.79819021 -0.50104444 0.33443512
vn 0.66906259 -0.73435919 0.11433215
vn 0.73714680 -0.65445169 0.16824859
vn 0.79344889 -0.56947463 0.21479641
vn 0.95659889 -0.25101711 0.14801679
vn 0.91159821 -0.39242995 0.12242323
vn 0.84311987 -0.52854484 0.09894060
vn 0.75786561 -0.64858972 0.07050597
vn 0.52349425 -0.85201927 0.00411586
vn 0.64525184 -0.76306854 0.03710079
vn 0.25692806 -0.96483535 -0.05550426
vn 0.39340381 -0.91899131 -0.02623745
vn 0.10778065 -0.99060749 -0.08414352
vn -0.03552124 -0.99306814 -0.11204425
vn -0.15888804 -0.97822723 -0.13351432
vn -0.27208674 -0.95034344 -0.15105018
vn -0.38760718 -0.90556304 -0.17238401
vn -0.38032312 -0.91222045 -0.15234227
vn -0.40378659 -0.90108983 -0.15809338
vn -0.36428450 -0.91576655 -0.16931754
vn -0.30889408 -0.93647201 -0.16614640
vn -0.24431147 -0.95658116 -0.15894777
vn -0.18142566 -0.97146018 -0.15280654
vn 0.34742295 -0.93399130 -0.08341189
vn 0.26643218 -0.95925733 -0.09401742
vn 0.13721366 -0.98413143 -0.11250658
vn 0.01823362 -0.99133398 -0.13009411
vn -0.06030557 -0.98851778 -0.13854907
vn -0.11467062 -0.98257708 -0.14626320
vn 0.39159578 -0.91716251 -0.07393028
vn 0.44920141 -0.89149734 -0.05874172
vn 0.49179665 -0.86961757 -0.04360430
vn 0.53428878 -0.84424551 -0.04224947
vn 0.58060811 -0.81352253 -0.03279184
vn 0.67115923 -0.74125165 -0.00955400
vn 0.76257761 -0.64677232 0.01268642
vn 0.96844546 -0.23067674 0.09434848
vn 0.93267009 -0.35283171 0.07507517
vn 0.90055539 -0.43031542 0.06187587
vn 0.86083991 -0.50718906 0.04139940
vn 0.81655802 -0.57675570 0.02420453
vn 0.99586891 -0.08969175 0.01415964
vn 0.98475229 -0.17395687 0.00138920
vn 0.98355929 -0.17361865 0.04967590
vn -0.39933696 -0.89615747 -0.19347296
vn -0.40491624 -0.88285393 -0.23793227
vn -0.44757950 -0.87315470 -0.19306337
vn -0.44651345 -0.86734518 -0.21985923
vn -0.28377929 -0.93962388 -0.19124926
vn -0.22160215 -0.94643727 -0.23483819
vn -0.29265513 -0.92442273 -0.24453136
vn -0.34507871 -0.90359183 -0.25385526
vn -0.14248211 -0.97215803 -0.18603123
vn -0.10617400 -0.96716680 -0.23090142
vn -0.00391824 -0.98398403 -0.17821355
vn 0.01806138 -0.97281447 -0.23088048
vn 0.10120591 -0.96823160 -0.22865898
vn 0.14455173 -0.97521877 -0.16749074
vn 0.19062562 -0.95593492 -0.22327179
vn 0.26710342 -0.93946879 -0.21460232
vn 0.28681842 -0.94667789 -0.14675203
vn 0.33682642 -0.91903281 -0.20475997
vn 0.39971965 -0.89522721 -0.19695796
vn 0.43616555 -0.89137513 -0.12332874
vn 0.48834942 -0.85451644 -0.17696471
vn 0.57180474 -0.81475582 -0.09598067
vn 0.57611757 -0.80207578 -0.15736260
vn 0.68523710 -0.72523564 -0.06695812
vn 0.79718273 -0.60233396 -0.04115207
vn 0.76971915 -0.62545701 -0.12781222
vn 0.73671898 -0.66140016 -0.14069463
vn 0.69537362 -0.70210043 -0.15333143
vn 0.64352607 -0.74690124 -0.16737006
vn 0.93122345 -0.36028701 -0.05491953
vn 0.90456729 -0.42102897 -0.06702709
vn 0.88197036 -0.47124198 -0.00769956
vn 0.86922524 -0.48690687 -0.08584391
vn 0.82630447 -0.55275429 -0.10809078
vn 0.94543519 -0.32473066 0.02650105
vn 0.96138822 -0.27405381 -0.02504383
vn 0.89226324 -0.12017970 -0.43522769
vn 0.84426869 -0.17230736 -0.50746483
vn 0.86179414 -0.19130340 -0.46980195
vn 0.84845864 -0.37780829 -0.37064651
vn 0.87295468 -0.39850663 -0.28132293
vn 0.92194703 -0.30110530 -0.24361708
vn 0.80741637 -0.48760798 -0.33214043
vn -0.03175792 -0.44874841 -0.89309367
vn -0.08298923 -0.46459205 -0.88162748
vn -0.13744255 -0.51822902 -0.84412572
vn -0.07378432 -0.55746639 -0.82691420
vn 0.02495784 -0.54214717 -0.83991282
vn 0.05333266 -0.48486833 -0.87295952
vn 0.48723113 -0.45120316 -0.74767743
vn 0.39417040 -0.47351405 -0.78766372
vn 0.36536622 -0.58986903 -0.72011253
vn 0.60099527 -0.46600968 -0.64933787
vn 0.58388878 -0.40911670 -0.70121139
vn 0.20488488 -0.66757065 -0.71580138
vn 0.20393861 -0.72357273 -0.65943274
vn 0.33202646 -0.68994977 -0.64321672
vn 0.52186411 -0.81270209 -0.25917785
vn 0.39857157 -0.87523534 -0.27405074
vn 0.97131434 -0.21561002 -0.10030344
vn 0.93239237 -0.33304197 -0.14045467
vn 0.98733280 -0.09244590 -0.12894843
vn -0.52243354 -0.57806781 -0.62681800
vn -0.51388009 -0.61269786 -0.60044033
vn -0.45520364 -0.59804904 -0.65964156
vn -0.49042110 -0.79162558 -0.36443943
vn -0.37421212 -0.79340250 -0.48008099
vn -0.39754615 -0.76693240 -0.50375763
vn -0.38288941 -0.86310746 -0.32930413
vn -0.50265579 -0.74394123 -0.44032784
vn -0.40111918 -0.72924620 -0.55434952
vn -0.50127516 -0.72061351 -0.47899831
vn -0.51196924 -0.70078614 -0.49677588
vn -0.47637704 -0.68935453 -0.54576116
vn -0.52563666 -0.68072886 -0.51021007
vn -0.47175288 -0.65602278 -0.58913779
vn -0.52447459 -0.64909734 -0.55099823
vn 0.94951026 -0.05157325 -0.30946805
vn 0.95951026 -0.07752916 -0.27079380
vn 0.99156440 -0.11446760 -0.06080470
vn 0.87909246 -0.44006585 -0.18313520
vn 0.80963979 -0.54272100 -0.22346659
vn 0.72264456 -0.63696660 -0.26843693
vn 0.59459277 -0.77128714 -0.22710260
vn 0.27226937 -0.91693106 -0.29173075
vn -0.22102204 -0.93033243 -0.29262745
vn -0.12500779 -0.94189553 -0.31177856
vn 0.00520541 -0.94985579 -0.31264498
vn 0.14153282 -0.94240607 -0.30304993
vn 0.62694671 -0.70995842 -0.32077542
vn 0.49495625 -0.75352345 -0.43269009
vn 0.52022721 -0.78302924 -0.34092353
vn 0.41144697 -0.79215426 -0.45078046
vn 0.40184518 -0.83748881 -0.37031465
vn 0.28654659 -0.83007811 -0.47839459
vn 0.27555628 -0.87735473 -0.39283255
vn 0.15426022 -0.85497330 -0.49520141
vn 0.14348664 -0.90237662 -0.40635948
vn 0.01598927 -0.86697864 -0.49808873
vn 0.00768289 -0.91249469 -0.40901639
vn -0.12580970 -0.86595837 -0.48403307
vn -0.12883229 -0.90783732 -0.39904091
vn -0.26675280 -0.85165753 -0.45113457
vn -0.26220109 -0.88894854 -0.37552775
vn -0.39933519 -0.82570195 -0.39843155
vn 0.57220513 -0.53337250 -0.62297277
vn 0.46117093 -0.56370021 -0.68524700
vn 0.44396542 -0.66080077 -0.60517522
vn 0.30540272 -0.77667658 -0.55091076
vn 0.17458300 -0.80237331 -0.57071695
vn 0.68922105 -0.27812256 -0.66904573
vn 0.63369723 -0.28962295 -0.71731887
vn 0.57049781 -0.32086563 -0.75602745
vn 0.34448033 -0.36762864 -0.86381855
vn 0.28576987 -0.43312175 -0.85483398
vn 0.28192797 -0.50714905 -0.81444242
vn 0.24322168 -0.55676193 -0.79426656
vn 0.23851629 -0.62143111 -0.74627967
vn 0.51787334 -0.33657820 -0.78646190
vn 0.46066033 -0.34629437 -0.81723453
vn 0.41422218 -0.36020221 -0.83586743
vn 0.04970225 -0.77892875 -0.62513973
vn 0.03543947 -0.82150322 -0.56910148
vn -0.09835562 -0.78400602 -0.61291169
vn -0.11118116 -0.82453833 -0.55477499
vn -0.25277056 -0.77939639 -0.57327857
vn -0.26044998 -0.81505415 -0.51754472
vn 0.07103752 -0.73303782 -0.67646820
vn 0.08799991 -0.68660191 -0.72168818
vn -0.06374838 -0.70030361 -0.71099296
vn -0.08285796 -0.74546264 -0.66137737
vn -0.20857702 -0.70651598 -0.67626237
vn -0.23852557 -0.74194393 -0.62659776
vn -0.38269491 -0.66089705 -0.64556928
vn -0.39441683 -0.70219730 -0.59275148
vn -0.29732289 -0.66640196 -0.68374522
vn -0.31294480 -0.70344188 -0.63814973
vn -0.19351224 -0.66065389 -0.72532024
vn 0.18827959 -0.45796959 -0.86880070
vn 0.16022296 -0.52032263 -0.83880449
vn 0.13433505 -0.57790981 -0.80496854
vn 0.09378416 -0.41788833 -0.90364477
vn 0.01094904 -0.44517513 -0.89537658
vn -0.04408568 -0.50154804 -0.86400580
vn -0.16380712 -0.56767907 -0.80678851
vn 0.20934024 -0.39375040 -0.89506273
vn 0.28121708 -0.37079042 -0.88511661
vn 0.11030953 -0.63314705 -0.76613094
vn -0.00036881 -0.59724451 -0.80205914
vn -0.03902294 -0.64593531 -0.76239411
vn -0.10303853 -0.60786610 -0.78732577
vn -0.18896698 -0.61787621 -0.76323029
vn -0.28211161 -0.62545466 -0.72747475
vn -0.33913191 -0.63561842 -0.69352633
vn -0.26238632 -0.57905580 -0.77191178
vn -0.36180288 -0.58934519 -0.72233712
vn -0.10139708 -0.46112922 -0.88152055
vn -0.15559011 -0.47306668 -0.86717912
vn -0.23767946 -0.53668715 -0.80961434
vn -0.31742398 -0.50403782 -0.80323589
vn -0.35189772 -0.55628929 -0.75280158
vn -0.45353490 -0.52083445 -0.72321336
vn -0.41324924 -0.57078303 -0.70952927
vn -0.51222541 -0.51882205 -0.68443320
vn -0.51274476 -0.53908734 -0.66818983
vn 0.78415165 -0.38701179 -0.48510625
vn 0.71884912 -0.45010917 -0.52977135
vn 0.72437315 -0.50770337 -0.46639128
vn 0.64066294 -0.56833023 -0.51628650
vn 0.64115612 -0.63939059 -0.42438013
vn 0.53347923 -0.69861003 -0.47680597
vn 0.97350797 -0.09070843 -0.20989096
vn 0.96221431 -0.19560686 -0.18942434
vn 0.94246234 -0.17456434 -0.28511757
vn 0.89691998 -0.25577389 -0.36071356
vn 0.92380873 -0.15242748 -0.35120263
vn 0.92137097 -0.08560799 -0.37913956
vn 0.90375952 -0.13768170 -0.40529307
vn 0.87715749 -0.21882344 -0.42744711
vn 0.84533435 -0.31924196 -0.42836246
vn 0.79789055 -0.43814891 -0.41400025
vn 0.72948220 -0.56832169 -0.38061290
vn 0.42647879 -0.73998708 -0.52012975
vn 0.54721894 -0.61934861 -0.56299088
vn 0.63566510 -0.54162070 -0.55006990
vn 0.69570387 -0.42078595 -0.58218151
vn 0.76897564 -0.31864890 -0.55420153
vn 0.68908677 -0.36126441 -0.62820972
vn 0.74283616 -0.25670655 -0.61830105
vn 0.81545415 -0.23806341 -0.52759865
vn 0.79876876 -0.20311538 -0.56631493
vn 0.82589503 -0.27780701 -0.49063292
vn -0.47673857 -0.82581967 -0.30123447
vn -0.47098628 -0.84484207 -0.25379876
vn 0.72090827 0.03064097 -0.69235279
vn 0.65070428 0.04451912 -0.75802506
vn 0.62391607 -0.02750417 -0.78100721
vn 0.68812431 -0.11496106 -0.71642787
vn 0.77829974 -0.09071449 -0.62130540
vn 0.77628240 -0.02589965 -0.62985303
vn 0.58814732 -0.22330463 -0.77731446
vn 0.59787335 -0.12925529 -0.79110083
vn 0.49724339 -0.15058794 -0.85444267
vn 0.49410225 -0.07493434 -0.86616846
vn 0.41624514 -0.16398848 -0.89434208
vn 0.36164400 0.01504155 -0.93219492
vn 0.45174923 0.02360231 -0.89183270
vn 0.49035853 0.06857254 -0.86881892
vn 0.56533061 0.15507974 -0.81015528
vn 0.51697255 0.14831683 -0.84305486
vn 0.53151721 0.12518652 -0.83774566
vn -0.32969114 -0.32354559 -0.88691713
vn -0.32089172 -0.34241906 -0.88305022
vn -0.18160541 -0.29666440 -0.93755517
vn -0.40361503 -0.40298660 -0.82139924
vn -0.40601224 -0.43047922 -0.80612759
vn -0.25800524 -0.39770641 -0.88049015
vn 0.92704716 -0.03233635 -0.37354776
vn 0.86093948 -0.11080362 -0.49649347
vn 0.69262984 -0.19028571 -0.69574079
vn 0.78867851 -0.14996612 -0.59623516
vn 0.46931530 -0.24482288 -0.84841317
vn 0.13057112 -0.30774081 -0.94246845
vn 0.19623909 -0.33738840 -0.92068414
vn 0.26478218 -0.28598205 -0.92092598
vn 0.37879994 -0.25531054 -0.88956570
vn 0.11548870 -0.36045538 -0.92559942
vn 0.02016089 -0.38058000 -0.92452821
vn -0.10290942 -0.40771312 -0.90729249
vn -0.29185275 -0.44878562 -0.84463805
vn -0.43568285 -0.44797968 -0.78070139
vn -0.43360466 -0.46971360 -0.76899684
vn -0.45851175 -0.48686112 -0.74346031
vn -0.22112496 -0.34640314 -0.91165159
vn -0.36921380 -0.36092474 -0.85639623
vn -0.35773387 -0.38734576 -0.84969979
vn -0.13884465 -0.24832360 -0.95867489
vn -0.28361162 -0.29673427 -0.91187347
vn -0.33171093 -0.31129298 -0.89054171
vn -0.09167013 -0.20181528 -0.97512419
vn -0.03981360 -0.15738732 -0.98673406
vn -0.18046988 -0.20684213 -0.96158565
vn -0.23839697 -0.22623333 -0.94444977
vn -0.23728577 -0.25135135 -0.93835919
vn -0.28887991 -0.26995648 -0.91851614
vn -0.02901405 -0.12031018 -0.99231227
vn -0.11980360 -0.15163949 -0.98114859
vn 0.01510225 -0.11521622 -0.99322563
vn -0.10277674 -0.15712775 -0.98221577
vn -0.17930505 -0.18295157 -0.96663252
vn 0.04239029 -0.07653862 -0.99616510
vn 0.02455951 -0.08084843 -0.99642379
vn 0.18341083 -0.03629155 -0.98236622
vn 0.08874590 -0.04941129 -0.99482797
vn 0.05269011 -0.05361745 -0.99717046
vn 0.24494603 -0.01275984 -0.96945275
vn 0.31552847 0.04746344 -0.94772834
vn 0.15253789 0.01663401 -0.98815763
vn 0.26402053 0.02773166 -0.96411831
vn 0.11515808 -0.02294456 -0.99308215
vn 0.12419297 0.03620933 -0.99159719
vn 0.13248256 0.02862111 -0.99077202
vn 0.34068836 0.09123466 -0.93573911
vn 0.13280295 0.02047535 -0.99093094
vn 0.40467121 0.11635544 -0.90702956
vn 0.33121926 0.08797733 -0.93944334
vn 0.17438912 0.07347405 -0.98193177
vn 0.05399264 0.03395779 -0.99796376
vn 0.10785828 0.03995573 -0.99336304
vn 0.47743170 0.14620067 -0.86642041
vn 0.45265075 0.12144645 -0.88337878
vn 0.62491294 0.14358984 -0.76737590
vn 0.71086919 0.09596279 -0.69674682
vn 0.67955412 0.08243705 -0.72897897
vn 0.75675029 0.11043113 -0.64430891
vn 0.78992443 0.06466399 -0.60978518
vn 0.93529058 0.00243903 -0.35387227
vn 0.89053544 0.01377937 -0.45470513
vn 0.86651546 0.00293712 -0.49914160
vn 0.84043492 0.02668102 -0.54125527
vn 0.79187760 0.01589029 -0.61047306
vn 0.81193029 0.03679599 -0.58259356
vn 0.57518682 0.05333555 -0.81628147
vn 0.53374671 0.02989600 -0.84511578
vn 0.52878446 -0.02984660 -0.84823120
vn 0.66455266 0.12247837 -0.73713554
vn 0.60110497 0.10868255 -0.79174549
vn 0.41018186 0.06439994 -0.90972715
vn 0.25838222 0.00860291 -0.96600446
vn 0.10520955 -0.02681506 -0.99408848
vn 0.30423215 -0.04759297 -0.95140828
vn 0.41635013 -0.03522641 -0.90852169
vn 0.36421042 -0.09332164 -0.92662929
vn 0.26015899 -0.07696095 -0.96249380
vn 0.24657640 -0.12257338 -0.96134065
vn 0.45026530 -0.08252125 -0.88907334
vn 0.31494726 -0.17869630 -0.93213511
vn 0.20077159 -0.15548937 -0.96721963
vn 0.19087287 -0.20302697 -0.96038929
vn 0.27376795 -0.22240382 -0.93572841
vn 0.16054356 -0.25287563 -0.95408578
vn 0.16697118 -0.07455946 -0.98313860
vn 0.13018455 -0.11114997 -0.98523990
vn 0.09278018 -0.15215341 -0.98399247
vn 0.05564072 -0.19669807 -0.97888405
vn 0.01909843 -0.24462994 -0.96942841
vn -0.01656445 -0.29576566 -0.95511690
vn -0.00495670 -0.08535860 -0.99633796
vn -0.05351271 -0.35485175 -0.93338986
vn 0.86050284 -0.01926535 -0.50908124
vn 0.86383184 -0.06068068 -0.50011239
vn 0.92396177 -0.01111554 -0.38232328
vn 0.69579291 -0.02988871 -0.71762030
vn 0.95435811 -0.01703708 -0.29817837
vn 0.95415385 -0.00246121 -0.29930649
vn 0.84675179 0.04049649 -0.53044457
vn 0.92130706 0.01209330 -0.38864771
vn 0.94711154 0.00510223 -0.32086398
vn 0.80096549 0.07601590 -0.59386519
vn 0.69309884 0.14496534 -0.70611546
vn 0.75281990 0.12044334 -0.64711328
vn 0.61372316 0.15611717 -0.77393237
vn 0.54630826 0.15711431 -0.82271646
vn 0.39918392 0.12163508 -0.90876680
vn 0.13386326 0.04444297 -0.99000275
vn 0.17879407 0.04409633 -0.98289786
vn 0.16552353 0.04909820 -0.98498291
vn 0.46971968 0.12421241 -0.87403358
vn 0.14798312 0.04684446 -0.98787985
vn 0.61272953 0.04808367 -0.78882855
vn 0.23272580 0.03072286 -0.97205700
vn 0.55635489 0.09218371 -0.82581559
vn 0.19749263 0.03785960 -0.97957303
vn 0.18283478 0.04133925 -0.98227415
vn 0.63404036 -0.00413967 -0.77328888
vn 0.25186773 0.01043623 -0.96770540
vn 0.21916534 0.02028078 -0.97547693
vn 0.21443267 -0.03133737 -0.97623593
vn 0.21778983 -0.02477866 -0.97568110
vn 0.60988960 -0.05326883 -0.79069407
vn 0.24550367 -0.01238824 -0.96931650
vn 0.22626971 -0.00217563 -0.97406226
vn 0.54853683 -0.09944466 -0.83019160
vn 0.19489541 -0.04307204 -0.97987784
vn 0.46209293 -0.12112741 -0.87852050
vn 0.34959962 -0.11897103 -0.92931480
vn 0.25478026 -0.13092211 -0.95809520
vn 0.17016694 -0.04267471 -0.98449077
vn 0.15975202 -0.04998459 -0.98589088
vn 0.08680766 -0.03358849 -0.99565870
vn 0.92547882 0.02922620 -0.37767020
vn 0.90620950 0.05705910 -0.41896134
vn 0.84805180 0.05857382 -0.52666616
vn 0.88219793 0.02433755 -0.47024940
vn 0.71569511 0.13372670 -0.68549083
vn 0.79764354 0.11867098 -0.59133914
vn 0.75985514 0.10986799 -0.64074112
vn 0.83808500 0.09999705 -0.53629668
vn 0.78190534 0.08994186 -0.61687479
vn 0.86894085 0.07739503 -0.48882697
vn 0.82274153 0.05034780 -0.56618148
vn 0.66100705 0.14908331 -0.73542086
vn 0.74786943 0.13222438 -0.65054441
vn 0.80204381 0.10064629 -0.58872409
vn 0.51428957 0.10918737 -0.85063762
vn 0.73626723 -0.13893689 -0.66227419
vn 0.67062633 -0.13301160 -0.72977273
vn 0.59595127 -0.16649345 -0.78557114
vn 0.87963815 0.07307495 -0.46999657
vn 0.92167994 0.03235033 -0.38659999
vn 0.89043997 0.04343292 -0.45302344
vn 0.93516745 -0.00160590 -0.35420228
vn 0.90474305 0.00124380 -0.42595595
vn 0.92051620 -0.03610115 -0.38903295
vn 0.88667088 -0.05640276 -0.45894824
vn 0.75649486 -0.11850050 -0.64317428
vn 0.82881497 -0.11241852 -0.54811296
vn 0.69636982 -0.14454544 -0.70297630
vn 0.78853501 -0.12633297 -0.60187417
vn 0.65420879 -0.15184963 -0.74091332
vn 0.62572046 -0.12612417 -0.76978348
vn 0.59244000 -0.11741096 -0.79701287
vn 0.53854273 -0.13576565 -0.83158849
vn 0.48494714 -0.14413961 -0.86258335
vn 0.41860660 -0.12705744 -0.89923574
vn 0.77890367 -0.09797995 -0.61944249
vn 0.86613301 -0.07994965 -0.49337781
vn 0.87273841 -0.08967317 -0.47988164
vn 0.83466279 -0.08816920 -0.54365818
vn 0.78705263 -0.11167724 -0.60669296
vn 0.83531755 0.09311967 -0.54182406
vn 0.84090441 -0.00173194 -0.54118090
vn 0.81956394 -0.05920238 -0.56992107
vn 0.87294557 0.00153873 -0.48781519
vn 0.89673033 -0.00122484 -0.44257566
vn 0.90387736 0.01523551 -0.42752028
vn 0.94311850 -0.00346805 -0.33243867
vn 0.93498456 0.01894259 -0.35418224
vn 0.84574528 -0.02078371 -0.53318192
vn 0.82598677 -0.01305943 -0.56353821
vn 0.78735465 -0.02407685 -0.61603000
vn 0.75508112 -0.04736471 -0.65391826
vn 0.78550386 -0.06067179 -0.61587549
vn 0.71806246 -0.04746593 -0.69435819
vn 0.67681471 -0.09727037 -0.72969879
vn 0.87708779 -0.04501286 -0.47821631
vn 0.91529458 -0.01739727 -0.40240920
vn 0.92518927 -0.02087252 -0.37893159
vn 0.94432152 0.00000007 -0.32902412
vn 0.74220694 -0.10750706 -0.66149157
vn 0.83543617 -0.08029067 -0.54369092
vn 0.89713935 -0.05738417 -0.43800461
vn 0.70427555 0.02247596 -0.70957084
vn 0.79063374 0.03618578 -0.61121917
vn 0.76982082 0.10715018 -0.62920167
vn 0.35843166 0.39358484 -0.84653276
vn 0.43087557 0.39442437 -0.81164996
vn 0.40983960 0.45978742 -0.78779885
vn 0.56295923 -0.05051398 -0.82493954
vn 0.86285996 0.45639962 -0.21719131
vn -0.49051738 0.55821644 -0.66916897
vn -0.46246925 0.53600649 -0.70627136
vn -0.37012669 0.53984766 -0.75602297
vn -0.45932385 0.51830829 -0.72137238
vn -0.42675258 0.49257596 -0.75845313
vn -0.30713936 0.48243080 -0.82032063
vn 0.09166388 0.06317943 -0.99378373
vn 0.27443168 0.01752407 -0.96144691
vn 0.22649796 0.06740191 -0.97167672
vn 0.08125714 -0.03094314 -0.99621273
vn 0.13739814 -0.02631129 -0.99016638
vn 0.11146734 -0.02133333 -0.99353909
vn 0.10465843 -0.02476177 -0.99419991
vn 0.05789580 -0.01127181 -0.99825900
vn 0.32851046 -0.06277576 -0.94241184
vn 0.18261592 0.01819622 -0.98301593
vn 0.13550029 -0.01440100 -0.99067264
vn -0.01059188 0.15825125 -0.98734207
vn 0.13531440 0.15130965 -0.97918099
vn -0.04795414 0.19225302 -0.98017303
vn 0.04761954 0.23237179 -0.97146062
vn -0.13105332 0.26642086 -0.95490573
vn -0.12137825 0.25840469 -0.95838110
vn -0.27707410 0.34425046 -0.89706274
vn -0.12543908 0.31342910 -0.94129020
vn -0.29572074 0.36999804 -0.88071033
vn -0.18082760 0.36239494 -0.91431465
vn -0.33758006 0.40264607 -0.85083244
vn -0.22448341 0.40229370 -0.88756238
vn -0.36990770 0.43839483 -0.81913263
vn -0.26457708 0.44006395 -0.85810412
vn -0.40210388 0.46242794 -0.79023596
vn -0.49268055 0.71043624 -0.50253978
vn -0.53384412 0.70331110 -0.46942938
vn -0.35648393 0.76070118 -0.54245085
vn -0.31148817 0.77559770 -0.54902034
vn -0.37482726 0.75654604 -0.53585691
vn -0.35694447 0.70522747 -0.61257233
vn -0.45037516 0.73189771 -0.51135894
vn -0.12787737 0.81074962 -0.57125513
vn -0.25132479 0.76000998 -0.59935022
vn -0.14538017 0.78476008 -0.60250828
vn -0.24280165 0.72543736 -0.64404037
vn -0.12995561 0.73168029 -0.66914534
vn -0.10139553 0.67735564 -0.72863453
vn 0.16949642 0.82117187 -0.54492910
vn 0.11621368 0.84113699 -0.52818836
vn 0.07864946 0.79694037 -0.59891595
vn 0.03322920 0.82723098 -0.56087853
vn -0.04028831 0.83186601 -0.55351223
vn 0.18836870 0.78654097 -0.58810758
vn 0.30122437 0.76693488 -0.56663460
vn 0.21983518 0.83181202 -0.50966780
vn 0.39958682 0.74478310 -0.53444224
vn 0.35096928 0.79870895 -0.48875820
vn 0.26992206 0.82053174 -0.50385489
vn 0.49012502 0.70664116 -0.51032905
vn 0.45979020 0.68947819 -0.55965418
vn 0.39492261 0.77890701 -0.48717553
vn 0.77385294 0.55538910 -0.30445785
vn 0.77118900 0.51026585 -0.38065245
vn 0.81221070 0.47592135 -0.33736130
vn 0.90403235 0.32402998 -0.27880116
vn 0.82498702 0.49249441 -0.27721052
vn 0.92267315 0.20268175 -0.32801579
vn 0.89895737 0.10867334 -0.42434156
vn 0.41756676 -0.07539353 -0.90551301
vn 0.09700146 0.73960604 -0.66601323
vn 0.12217322 0.67949511 -0.72343632
vn 0.22475926 0.67103632 -0.70653629
vn 0.01154441 0.68139302 -0.73182667
vn -0.01564032 0.73999104 -0.67243486
vn -0.03472370 0.79429458 -0.60653968
vn 0.35060312 0.60591135 -0.71410706
vn 0.25815690 0.60502984 -0.75318916
vn 0.15543977 0.61209885 -0.77535377
vn 0.04942092 0.61426462 -0.78755098
vn -0.06446621 0.61470844 -0.78611554
vn -0.21619745 0.66806960 -0.71199836
vn 0.40435104 0.30422520 -0.86252378
vn 0.46363743 0.32264880 -0.82518972
vn 0.32370429 0.30286552 -0.89637493
vn 0.41163223 0.16283909 -0.89668408
vn -0.48431529 0.59380507 -0.64252178
vn -0.41526118 0.59234640 -0.69042298
vn -0.24663684 0.54259460 -0.80297034
vn -0.18970093 0.48046138 -0.85625371
vn -0.06519870 0.46822470 -0.88120075
vn -0.50595901 0.60840747 -0.61142933
vn -0.44402436 0.63543895 -0.63171173
vn -0.29623166 0.60286185 -0.74081333
vn -0.12723720 0.54464101 -0.82896132
vn 0.04238013 0.46667076 -0.88341515
vn 0.10707281 0.38577181 -0.91635993
vn -0.00146987 0.39174160 -0.92007410
vn 0.08053207 0.29906217 -0.95082933
vn -0.15454102 0.43734219 -0.88591697
vn 0.14203301 0.46892284 -0.87174423
vn -0.17158465 0.30252015 -0.93757147
vn -0.01709565 0.29324925 -0.95588316
vn -0.07739060 0.35651437 -0.93107905
vn -0.11016878 0.39360124 -0.91265596
vn 0.32202521 0.46776117 -0.82310343
vn 0.23398019 0.46952751 -0.85135021
vn 0.27946127 0.39154656 -0.87669418
vn 0.19677257 0.38812908 -0.90035347
vn 0.24573113 0.31333739 -0.91729815
vn 0.17555913 0.30251086 -0.93683839
vn 0.51412486 0.25222199 -0.81979247
vn 0.47403618 0.17027627 -0.86388407
vn 0.54230944 0.16519441 -0.82377866
vn 0.50349581 0.04684841 -0.86272660
vn 0.29291606 0.23397869 -0.92706750
vn 0.36739666 0.12747316 -0.92128730
vn 0.44954830 0.02998733 -0.89275254
vn 0.39560850 0.01818440 -0.91823921
vn 0.15654256 0.21712918 -0.96350887
vn 0.24840653 0.21151088 -0.94528162
vn 0.21789117 0.15011186 -0.96435982
vn 0.30351715 0.12904087 -0.94404756
vn 0.26891225 0.08338287 -0.95954859
vn 0.34227577 -0.00261531 -0.93959590
vn 0.73459973 0.30095220 -0.60810444
vn 0.67645877 0.33877695 -0.65393709
vn 0.61618647 0.26314374 -0.74234062
vn 0.59557800 0.33498168 -0.73011925
vn 0.53265222 0.35125654 -0.77000030
vn 0.47949774 -0.07020806 -0.87473010
vn 0.58148184 0.07376116 -0.81020872
vn 0.63768044 0.17675921 -0.74974651
vn 0.83545974 0.03872281 -0.54818571
vn 0.86262983 0.09661755 -0.49652274
vn 0.80988603 0.17276852 -0.56056727
vn 0.63295143 -0.00936317 -0.77413488
vn 0.67044296 0.09593471 -0.73573281
vn 0.73782844 0.17601795 -0.65163400
vn 0.72470822 0.24124283 -0.64544550
vn 0.86395117 0.24215897 -0.44152849
vn 0.85024967 0.36960331 -0.37479180
vn 0.77470877 0.35736698 -0.52164658
vn 0.78857618 0.42790531 -0.44163860
vn 0.71600860 0.47261640 -0.51377566
vn 0.72855206 0.58427859 -0.35753380
vn 0.67954537 0.62821771 -0.37889390
vn 0.69764567 0.56212230 -0.44419482
vn 0.59904012 0.66560972 -0.44510070
vn 0.61218941 0.61186372 -0.50084619
vn 0.51773020 0.65218951 -0.55371860
vn 0.42506410 0.67392520 -0.60427257
vn 0.31522906 0.70366167 -0.63678166
vn 0.20792112 0.73096801 -0.64996506
vn 0.48356261 0.45303406 -0.74895082
vn 0.57431038 0.43227750 -0.69520051
vn 0.65360260 0.40886124 -0.63689569
vn 0.72978202 0.37916867 -0.56890186
vn 0.80446672 0.26050672 -0.53382539
vn 0.44954166 0.57788625 -0.68114593
vn 0.54741310 0.54580017 -0.63438243
vn 0.63476132 0.51236837 -0.57840878
vn 0.84853423 0.16314276 -0.50336279
vn -0.47550419 0.68603246 -0.55068614
vn -0.30063090 0.70013623 -0.64763440
vn -0.46364007 0.67728741 -0.57124395
vn -0.33158214 0.65379905 -0.68014710
vn -0.17808038 0.61070295 -0.77157584
vn -0.02032543 0.54740440 -0.83662136
vn 0.09189887 0.54510958 -0.83331275
vn 0.19188442 0.54380799 -0.81697811
vn 0.28811001 0.53889286 -0.79157255
vn 0.37690181 0.53047012 -0.75930658
vn 0.53096465 0.84474749 -0.06691953
vn 0.55576426 0.83019319 -0.04365044
vn 0.43849723 0.89253093 -0.10539794
vn -0.32026661 0.82153935 -0.47170159
vn -0.31044610 0.80946178 -0.49839227
vn -0.20095772 0.84004069 -0.50393216
vn 0.67941073 0.72834023 0.08900314
vn 0.62631441 0.77772695 0.05358220
vn 0.65152436 0.75705514 0.04882139
vn 0.10546597 0.87255142 -0.47700205
vn 0.85514118 0.51445932 -0.06375874
vn 0.74440805 0.65853903 0.11037666
vn 0.72252542 0.68913955 0.05516977
vn 0.76985942 0.63145589 0.09262795
vn 0.73647042 0.67608147 0.02291654
vn 0.79507758 0.60603350 -0.02397997
vn 0.84086724 0.52784644 -0.11966798
vn 0.75770131 0.59475444 -0.26861848
vn 0.52540543 0.75560537 -0.39116449
vn 0.40495364 0.79183218 -0.45718086
vn 0.25062148 0.85635693 -0.45148829
vn -0.43281605 0.77813913 -0.45515906
vn -0.50594014 0.77041016 -0.38793395
vn -0.18024487 0.91432997 -0.36264652
vn -0.25359655 0.89048448 -0.37779119
vn -0.25673086 0.89300475 -0.36963737
vn -0.22552130 0.89400430 -0.38716465
vn -0.11905267 0.93233025 -0.34144805
vn -0.20361394 0.90820417 -0.36565907
vn 0.04628929 0.96015043 -0.27562375
vn -0.00597612 0.95366737 -0.30080364
vn -0.05724038 0.94560404 -0.32024449
vn -0.05579742 0.94690291 -0.31664101
vn 0.17060681 0.96213905 -0.21256000
vn 0.11383066 0.96223926 -0.24726139
vn 0.08619064 0.96044944 -0.26477924
vn 0.43673674 0.89663775 -0.07281319
vn 0.38994847 0.91490717 -0.10433151
vn 0.35523238 0.92461301 -0.13747994
vn 0.31781277 0.93807292 -0.13789215
vn 0.56457240 0.82526546 0.01396177
vn 0.51796990 0.85518424 -0.01915972
vn 0.48309488 0.87298029 -0.06726623
vn 0.48368908 0.87411955 -0.04427060
vn 0.72312166 0.68314071 0.10204820
vn 0.70362696 0.70544247 0.08520573
vn 0.58933954 0.80788201 0.00235962
vn 0.67968501 0.73307937 0.02495848
vn 0.64962323 0.76024837 -0.00347501
vn 0.74842990 0.66075781 0.05702464
vn 0.79846288 0.60202549 0.00472682
vn 0.71987961 0.69369426 -0.02369859
vn 0.62652387 0.77852050 -0.03706310
vn 0.61923130 0.78509621 -0.01328674
vn 0.78332962 0.61836892 -0.06336076
vn 0.70407925 0.70671540 -0.06946761
vn 0.60120454 0.79541349 -0.07661898
vn 0.50205099 0.85999079 -0.09143652
vn 0.40025272 0.90794693 -0.12421808
vn 0.30425770 0.93783805 -0.16699412
vn 0.21927632 0.95230032 -0.21223102
vn 0.24092008 0.95277820 -0.18485457
vn -0.39936189 0.81258125 -0.42452536
vn -0.05076154 0.86639825 -0.49676688
vn -0.17874678 0.86620486 -0.46662482
vn -0.30266148 0.85570943 -0.41971109
vn -0.39162216 0.85134722 -0.34905586
vn -0.45197063 0.82946968 -0.32818074
vn -0.03028128 0.89151611 -0.45197574
vn -0.16181781 0.89474169 -0.41623588
vn -0.26309980 0.88648365 -0.38069046
vn -0.43163625 0.83779226 -0.33435651
vn -0.37383814 0.86826561 -0.32612863
vn -0.27400691 0.90021663 -0.33842315
vn -0.14971853 0.91942800 -0.36364339
vn -0.01333338 0.91750329 -0.39750464
vn 0.12065517 0.89634541 -0.42662306
vn -0.42799660 0.83215154 -0.35262263
vn -0.33776340 0.88426771 -0.32246939
vn -0.25004444 0.91717690 -0.31026490
vn -0.13067992 0.93846104 -0.31970868
vn -0.00144051 0.93990105 -0.34144391
vn 0.13722848 0.91912764 -0.36928679
vn 0.27015849 0.87987174 -0.39094771
vn 0.39936816 0.82198494 -0.40601210
vn 0.76933127 0.60087815 -0.21696738
vn 0.66257379 0.69321727 -0.28362966
vn 0.67513600 0.70181749 -0.22725228
vn 0.55084072 0.78243983 -0.29045208
vn 0.56386298 0.79236788 -0.23283403
vn 0.42906517 0.85669320 -0.28632122
vn 0.43868648 0.86928259 -0.22782001
vn 0.29657434 0.91516598 -0.27297417
vn 0.31346206 0.92368268 -0.22034484
vn 0.16665262 0.95107866 -0.26014667
vn 0.18881710 0.95748975 -0.21808593
vn 0.04062171 0.96601178 -0.25528635
vn 0.07892679 0.96927527 -0.23297213
vn -0.06736553 0.96057500 -0.26973608
vn -0.02701400 0.96241159 -0.27024837
vn -0.16940435 0.93652277 -0.30696461
vn -0.11900131 0.93998219 -0.31980020
vn -0.25629122 0.89927801 -0.35442046
vn -0.28841672 0.88482148 -0.36593270
vn 0.84207268 0.51748120 -0.15207499
vn 0.78058423 0.60429485 -0.15973724
vn 0.68619635 0.70666428 -0.17251132
vn 0.57221390 0.80091557 -0.17636752
vn 0.45399352 0.87371038 -0.17469987
vn 0.33395913 0.92612433 -0.17539959
vn 0.22512871 0.95554981 -0.19037234
vn 0.11767341 0.96676800 -0.22696388
vn 0.02200195 0.96109118 -0.27535369
vn 0.78936457 0.60413620 -0.10919263
vn 0.69306775 0.71089184 -0.11954029
vn 0.58556169 0.80107445 -0.12408560
vn 0.47229285 0.87210922 -0.12792560
vn 0.36742044 0.91900645 -0.14293133
vn 0.26135519 0.94870908 -0.17788914
vn 0.16418661 0.96063537 -0.22410366
vn -0.36602863 0.86235800 -0.34980240
vn -0.30042242 0.89338649 -0.33407627
vn -0.21044424 0.93042775 -0.30002905
vn -0.10676808 0.95221048 -0.28617439
vn 0.01731234 0.95580192 -0.29350122
vn 0.14862175 0.93870914 -0.31102530
vn 0.28593806 0.89887018 -0.33207202
vn 0.41445762 0.84201960 -0.34529390
vn 0.53619633 0.76838823 -0.34938951
vn 0.65765127 0.67362751 -0.33722513
vn 0.44977563 0.89199821 -0.04517817
vn 0.40582637 0.91281322 -0.04557398
vn 0.29191438 0.94638499 -0.13835260
vn 0.03467468 0.97035021 -0.23920311
vn 0.07986905 0.95642471 -0.28084286
vn 0.16863349 0.96668469 -0.19257064
vn 0.03672051 0.94017961 -0.33869441
vn 0.16238280 0.95994146 -0.22835110
vn 0.13170711 0.94179927 -0.30930142
vn -0.00554037 0.91033488 -0.41383536
vn -0.06414904 0.91858591 -0.38998054
vn 0.03846810 0.94809691 -0.31564608
vn -0.08522142 0.92284956 -0.37561417
vn -0.09596004 0.93067771 -0.35303069
vn -0.07089177 0.94043377 -0.33250364
vn -0.13854867 0.92154898 -0.36270062
vn -0.17221393 0.91604006 -0.36223331
vn 0.08721379 0.98191331 -0.16804765
vn 0.25859559 0.96329349 -0.07206917
vn 0.16858527 0.98381556 -0.06071211
vn 0.24096597 0.97018000 0.02619470
vn 0.34503851 0.93696095 0.05525032
vn 0.28646160 0.95430666 0.08507966
vn 0.33036802 0.93307447 0.14222871
vn 0.42396867 0.88788609 0.17863052
vn 0.36408853 0.90820398 0.20640995
vn 0.67281972 0.72710317 0.13650863
vn 0.60661766 0.78281081 0.13864431
vn 0.64106336 0.75980948 0.10829272
vn 0.51689760 0.85472448 0.04757033
vn 0.52738430 0.84945864 0.01690644
vn 0.56858250 0.82112336 0.04970270
vn 0.60638961 0.79121379 0.07919830
vn 0.16849697 0.95788075 -0.23253652
vn 0.27020784 0.95077930 -0.15167876
vn 0.34902134 0.93066478 -0.10975958
vn 0.04119281 0.95815095 -0.28328415
vn 0.11538001 0.96386862 -0.24009320
vn 0.19730429 0.96237802 -0.18681423
vn 0.23460722 0.95272699 -0.19305628
vn 0.33198019 0.94047223 -0.07280894
vn 0.42034770 0.90610204 0.04782159
vn 0.50009280 0.85048845 0.16302328
vn 0.55887939 0.81604666 0.14738273
vn 0.47727052 0.87745205 0.04786182
vn 0.38161642 0.92214957 -0.06331728
vn 0.27573877 0.94532052 -0.17417588
vn 0.16328769 0.94579108 -0.28074252
vn 0.06079980 0.92539868 -0.37408643
vn 0.01857723 0.90271037 -0.42984750
vn 0.05866028 0.97821850 0.19911691
vn -0.05335137 0.98450720 0.16703057
vn 0.01173167 0.97862233 -0.20533073
vn 0.23335417 0.91991564 0.31512067
vn 0.23898427 0.94261912 0.23314310
vn 0.23574503 0.93284123 0.27245461
vn 0.31984441 0.91960117 0.22810794
vn 0.24007000 0.96254554 0.12598600
vn 0.14913053 0.98878151 0.00843849
vn 0.06975618 0.99368886 -0.08784373
vn -0.01677761 0.99930829 -0.03318826
vn 0.00762690 0.99791325 -0.06411683
vn 0.05261571 0.99860653 -0.00407268
vn 0.01842329 0.98645763 -0.16297831
vn 0.04818986 0.99358083 0.10234681
vn -0.05664388 0.99414357 0.09203282
vn -0.01736729 0.99931641 0.03263564
vn 0.24539709 0.95159419 0.18506420
vn 0.15716263 0.97657498 0.14697355
vn 0.14243748 0.98607568 0.08582721
vn 0.12830674 0.96062570 0.24644602
vn 0.13093717 0.97503658 0.17932963
vn 0.32228385 0.90780147 0.26838333
vn 0.22356116 0.40530142 0.88642606
vn 0.12183859 0.36158799 0.92434273
vn 0.14687532 0.27479478 0.95021864
vn 0.40481656 0.11342191 0.90733622
vn -0.03625156 0.92728684 0.37259218
vn 0.02041655 0.94869736 0.31552574
vn -0.03689163 0.97026157 0.23923105
vn 0.08916977 0.75744232 0.64678427
vn 0.16551223 0.80047952 0.57605403
vn 0.11368643 0.86054122 0.49653218
vn -0.08330217 0.99650833 0.00564817
vn -0.05707972 0.99362164 -0.09725191
vn -0.03187835 0.99608253 -0.08248246
vn -0.00479082 0.98513980 -0.17168760
vn -0.62973774 0.52959609 0.56829426
vn -0.22776475 0.20689345 0.95148217
vn -0.20509950 0.80429508 0.55771285
vn -0.13451327 0.82428939 0.54995744
vn -0.15369813 0.39697387 0.90486940
vn 0.96188213 0.27305247 0.01500380
vn 0.94549084 0.32558670 0.00635434
vn 0.93436217 0.35176747 0.05680657
vn 0.88842548 0.45891590 0.00981646
vn 0.86213936 0.50658038 0.00959431
vn 0.82579512 0.56139689 0.05381395
vn 0.78350703 0.62133905 0.00738365
vn 0.74303322 0.66911510 0.01366069
vn 0.68114447 0.73073551 0.04547340
vn -0.21824669 0.97418135 -0.05778481
vn -0.21064901 0.97475393 -0.07403899
vn -0.17452513 0.98444190 -0.02037456
vn -0.19971545 0.97476986 -0.09968679
vn -0.17699918 0.97769980 -0.11302390
vn -0.16766750 0.98503352 -0.03995722
vn -0.17662831 0.97474944 -0.13662348
vn -0.14506904 0.97419856 -0.17289342
vn -0.14699587 0.98719328 -0.06198093
vn -0.12678622 0.97408254 -0.18731914
vn -0.09152976 0.97443442 -0.20518252
vn -0.11539288 0.98991523 -0.08217257
vn -0.20403100 0.11766759 0.97186711
vn -0.20816827 0.22448093 0.95198439
vn -0.20517826 0.34521973 0.91581943
vn -0.23037608 0.46734650 0.85353038
vn -0.19051122 0.47463321 0.85931880
vn -0.22264433 0.56913251 0.79152870
vn -0.21335824 0.65998877 0.72034234
vn -0.19923224 0.75353646 0.62648968
vn -0.11224451 0.96405336 0.24083665
vn -0.13889926 0.92352891 0.35749315
vn -0.17298671 0.84838572 0.50031718
vn -0.11257493 0.98727826 0.11228770
vn -0.06129377 0.99770970 0.02860822
vn -0.08701077 0.98696471 0.13538756
vn -0.21752223 0.97473983 -0.05065917
vn -0.22135019 0.97484672 -0.02603773
vn -0.21783188 0.97556852 -0.02855411
vn -0.17031921 0.98537713 -0.00482370
vn -0.21927755 0.97508140 -0.03366927
vn -0.18884899 0.98199430 -0.00482252
vn -0.07104324 0.99747312 0.00048766
vn -0.16000328 0.98711552 -0.00137637
vn 0.03820687 0.96884589 -0.24469956
vn -0.12941776 0.99157642 0.00521951
vn 0.01607680 0.99974734 0.01570967
vn 0.16967415 0.88215573 -0.43933126
vn 0.12645453 0.91745408 -0.37720983
vn 0.09156941 0.99568676 0.01493069
vn 0.02612981 0.99959276 -0.01146941
vn 0.15701050 0.98756320 0.00816253
vn 0.12113951 0.99262117 0.00533228
vn 0.22288227 0.97484008 0.00321228
vn 0.22411270 0.97445635 0.01443307
vn 0.29656882 0.95493862 0.01179660
vn 0.34257238 0.93944854 0.00897773
vn 0.31910916 0.94752348 0.01919867
vn 0.41614848 0.90929157 0.00304632
vn 0.41588489 0.90908010 0.02476147
vn 0.48596727 0.87389627 0.01187949
vn 0.52401791 0.85165562 0.00937741
vn 0.51397753 0.85737316 0.02717284
vn 0.59391459 0.80429368 0.01941981
vn 0.64677506 0.76263959 0.00792993
vn 0.59626866 0.80222662 0.02993555
vn 0.68583678 0.72775425 0.00128976
vn 0.97791799 0.20867057 0.01153263
vn 0.99676179 0.07988878 0.00914982
vn 0.97700827 0.13717012 0.16321517
vn 0.99160092 0.11855066 0.05170444
vn 0.99024418 0.13909890 0.00824442
vn 0.18340232 0.09105529 0.97881179
vn 0.16716774 0.18540388 0.96833896
vn 0.28366612 0.74231973 0.60703785
vn 0.33483612 0.69488101 0.63641586
vn 0.04825800 0.33068821 0.94250542
vn 0.36649919 0.65930369 0.65650360
vn 0.42354734 0.65466535 0.62611574
vn 0.46333121 0.57447193 0.67476381
vn 0.01212540 0.82375897 0.56681050
vn 0.09404858 0.81038701 0.57829729
vn -0.04045257 0.37473114 0.92625059
vn 0.15942250 0.78120160 0.60357976
vn 0.01829231 0.40782728 0.91287584
vn 0.23206208 0.76287410 0.60346524
vn -0.08742401 0.83358735 0.54542567
vn -0.05292874 0.83357189 0.54986948
vn -0.07336828 0.44566189 0.89218977
vn -0.36012155 0.75716222 0.54499343
vn -0.29586342 0.76841420 0.56745436
vn -0.21271766 0.34608067 0.91377205
vn -0.24482421 0.78965812 0.56258436
vn -0.23331622 0.26350535 0.93601735
vn -0.61094669 0.56724412 0.55224836
vn -0.56273715 0.58691919 0.58211061
vn -0.53257819 0.64271909 0.55070195
vn -0.49439407 0.67691337 0.54530981
vn -0.44844023 0.70044654 0.55522609
vn -0.22698656 0.15557085 0.96139212
vn -0.22831523 0.09848797 0.96859294
vn -0.23007230 0.06213402 0.97118799
vn -0.13564521 0.96795106 0.21135542
vn -0.16520898 0.92966758 0.32927827
vn -0.19705704 0.85894329 0.47263617
vn -0.22116153 0.76537091 0.60439636
vn -0.23534342 0.66835744 0.70562866
vn -0.24199103 0.57413260 0.78218419
vn -0.24323308 0.48567848 0.83961544
vn -0.22358216 0.50456143 0.83392372
vn -0.22686730 0.59409489 0.77173991
vn -0.22544545 0.68739704 0.69040543
vn -0.21722237 0.78108932 0.58541773
vn -0.20011872 0.86892957 0.45267416
vn -0.17199377 0.94115680 0.29093302
vn -0.13214852 0.98592265 0.10243679
vn -0.09125916 0.99318129 -0.07254438
vn -0.06574448 0.98108626 -0.18206429
vn -0.03244565 0.98408196 -0.17472828
vn -0.04952092 0.96953574 -0.23989190
vn 0.00653981 0.95726907 -0.28912480
vn -0.17520474 0.54931682 0.81703998
vn -0.18270909 0.63921536 0.74700811
vn -0.18693954 0.72917229 0.65830189
vn -0.18593908 0.81529247 0.54838384
vn -0.17842470 0.89177501 0.41581482
vn -0.16377376 0.95120936 0.26149362
vn -0.14238408 0.98565961 0.09056439
vn 0.01756447 0.70938840 0.70459888
vn 0.04872655 0.82499662 0.56303313
vn 0.06229548 0.90898722 0.41214259
vn 0.00857202 0.88142300 0.47224994
vn -0.09776526 0.94569141 0.31001567
vn -0.11379754 0.88084066 0.45953222
vn -0.06915170 0.90755959 0.41419034
vn -0.08962449 0.81568653 0.57150934
vn -0.04278302 0.84957182 0.52573504
vn -0.06841002 0.74197667 0.66692630
vn -0.01288141 0.78422169 0.62034700
vn -0.04602612 0.66109537 0.74888885
vn 0.11406047 0.93025258 0.34874110
vn 0.17911476 0.88795947 0.42361053
vn 0.24261983 0.83431971 0.49502146
vn 0.17813147 0.94514771 0.27379735
vn 0.24192188 0.90655437 0.34588001
vn 0.29677585 0.91520763 0.27261527
vn 0.31638726 0.85626941 0.40829132
vn 0.38340315 0.86574305 0.32170017
vn 0.44109848 0.86542261 0.23764644
vn 0.36126248 0.91234282 0.19266552
vn 0.48622326 0.85749094 0.16821480
vn -0.15067756 0.98479478 0.08646110
vn -0.14548057 0.98640191 0.07646353
vn -0.15116762 0.96014647 0.23508956
vn -0.12212228 0.97281284 0.19677734
vn -0.14757354 0.91575511 0.37365040
vn -0.14567610 0.85455897 0.49850520
vn -0.13907008 0.77561180 0.61569948
vn -0.12564821 0.69381110 0.70911120
vn -0.10979480 0.60850248 0.78591974
vn -0.08319131 0.98469590 0.15314433
vn -0.13002403 0.98943335 0.06415140
vn -0.10453963 0.99328264 0.04960911
vn -0.03767281 0.99336289 0.10867813
vn 0.02969254 0.98514557 0.16913474
vn 0.09766360 0.96962517 0.22425175
vn 0.26379276 0.94939140 0.17049738
vn 0.17965360 0.97383902 0.13914795
vn 0.09551719 0.99006055 0.10323073
vn 0.01267134 0.99760634 0.06797807
vn -0.06942719 0.99700954 0.03393885
vn -0.14943379 0.98877098 -0.00122162
vn -0.20717252 0.97810245 -0.01987839
vn -0.12238230 0.99248288 -0.00055498
vn -0.02579236 0.99949124 0.01876199
vn 0.06684480 0.99716652 0.03450651
vn 0.15996429 0.98581163 0.05086124
vn 0.25348085 0.96498566 0.06745471
vn 0.34706941 0.93406762 0.08402677
vn 0.43844765 0.89350439 0.09702355
vn 0.54327732 0.83397696 0.09660328
vn 0.55840077 0.06749570 0.82682096
vn 0.70527379 0.07529585 0.70492512
vn 0.55983612 0.12911024 0.81848278
vn 0.26142147 0.19903271 0.94448123
vn 0.24283171 0.30142970 0.92204821
vn 0.82285343 0.07920939 0.56270606
vn 0.90916266 0.07503223 0.40962595
vn 0.70076721 0.13913551 0.69969038
vn 0.81670790 0.14390342 0.55882020
vn 0.89828992 0.14379322 0.41520925
vn 0.94978432 0.14059868 0.27953846
vn 0.69023076 0.53616075 0.48591475
vn 0.58306631 0.53328561 0.61289489
vn 0.62041604 0.46285622 0.63312562
vn 0.46637470 0.50412800 0.72687661
vn 0.49238464 0.43585186 0.75338604
vn 0.34216911 0.46298603 0.81765778
vn 0.35800376 0.39716328 0.84504120
vn 0.81690464 0.51846619 0.25270460
vn 0.76477511 0.53080733 0.36518847
vn 0.82513074 0.41534181 0.38294966
vn 0.74312310 0.42594221 0.51608265
vn 0.77345853 0.34946908 0.52880361
vn 0.63954436 0.40274309 0.65481372
vn 0.66013061 0.33970658 0.66994553
vn 0.51138276 0.37761804 0.77194060
vn 0.52775281 0.31753721 0.78781159
vn 0.37621750 0.34257660 0.86087262
vn 0.38426612 0.28685835 0.87752598
vn 0.95243107 0.26138375 0.15669584
vn 0.96882074 0.24169858 0.05448090
vn 0.91116765 0.38399535 0.14940239
vn 0.92079595 0.27712008 0.27448004
vn 0.88887995 0.21312446 0.40554950
vn 0.80534328 0.21427048 0.55272992
vn 0.69095122 0.20735719 0.69252394
vn 0.54743392 0.19285224 0.81432433
vn 0.27457366 0.09897699 0.95645850
vn 0.39730931 0.21910042 0.89114551
vn 0.54135662 0.25581639 0.80093132
vn 0.67735042 0.27439822 0.68257016
vn 0.78963886 0.28321466 0.54429766
vn 0.86781594 0.29472056 0.40004411
vn 0.87594655 0.40133867 0.26766567
vn 0.85600667 0.49759397 0.14018854
vn 0.91888752 0.39448565 0.00517566
vn 0.88433412 0.46339382 0.05673912
vn 0.78920154 0.60034851 0.12939319
vn 0.74617708 0.62301619 0.23467125
vn 0.69353043 0.63616921 0.33808915
vn 0.62159230 0.63820309 0.45422444
vn 0.52963475 0.62497940 0.57348738
vn 0.42216605 0.59522764 0.68372500
vn 0.30840326 0.55192966 0.77476517
vn 0.19832977 0.50110163 0.84235530
vn 0.09947163 0.44930957 0.88782110
vn 0.71305437 0.69120876 0.11740492
vn 0.66658078 0.71396925 0.21428479
vn 0.61400321 0.72689404 0.30761194
vn 0.54599316 0.72904572 0.41277573
vn 0.46223195 0.71656454 0.52237620
vn 0.36612484 0.68793019 0.62666152
vn 0.26457610 0.64529075 0.71665845
vn 0.16537800 0.59380776 0.78742775
vn 0.07492562 0.53974926 0.83848487
vn -0.00282565 0.48870628 0.87244380
vn 0.81944261 0.57315849 0.00177392
vn 0.75427810 0.65486388 0.04709404
vn 0.62989199 0.76960605 0.10460692
vn 0.58092781 0.79092757 0.19224063
vn 0.52925968 0.80270657 0.27485695
vn 0.46573073 0.80469128 0.36819401
vn 0.39032671 0.79356911 0.46679024
vn 0.30554838 0.76775985 0.56319179
vn 0.21635073 0.72854852 0.64993032
vn 0.12852957 0.67988718 0.72196508
vn 0.04725377 0.62717314 0.77744514
vn -0.02376780 0.57584730 0.81721171
vn -0.09363027 0.52137671 0.84817433
vn -0.23376749 0.33909568 0.91124469
vn -0.23017624 0.22586516 0.94657479
vn -0.23706284 0.32979365 0.91380379
vn -0.37061644 0.73428252 0.56874654
vn -0.24116184 0.40469803 0.88207736
vn -0.21708441 0.42201202 0.88021601
vn -0.16513905 0.46300897 0.87083396
vn 0.71969971 0.08536568 -0.68901744
vn 0.72399043 -0.04765680 -0.68816182
vn 0.69278010 0.21234127 -0.68917843
vn 0.64383066 0.33452857 -0.68816620
vn 0.57332077 0.44640348 -0.68704238
vn 0.48148803 0.54319529 -0.68782858
vn 0.37012120 0.62337865 -0.68877381
vn 0.24763838 0.68086573 -0.68927287
vn 0.12416507 0.71272765 -0.69036391
vn 0.02782415 0.71515204 -0.69841491
vn 0.00076813 -0.71034194 -0.70385633
vn 0.04332041 -0.71608329 -0.69666926
vn 0.14243998 -0.70997837 -0.68966772
vn 0.26707982 -0.67311960 -0.68962190
vn 0.38624597 -0.61421594 -0.68815175
vn 0.49251151 -0.53432951 -0.68696753
vn 0.58245702 -0.43340139 -0.68768237
vn 0.65524794 -0.31329039 -0.68738583
vn 0.70284183 -0.18388684 -0.68716737
vn -0.08371681 -0.99648294 -0.00364042
vn -0.01582889 -0.71384034 -0.70012957
vn -0.20307799 -0.97915070 -0.00481960
vn -0.28391838 -0.95826580 -0.03342176
vn -0.28102647 -0.95882057 -0.04107600
vn -0.18525375 -0.98259757 -0.01352982
vn -0.19985176 -0.67220577 -0.71288055
vn -0.17621977 -0.68571809 -0.70621335
vn -0.13361466 -0.69328324 -0.70817051
vn -0.10218396 -0.70179888 -0.70500835
vn -0.06149533 -0.71163219 -0.69985566
vn -0.36630902 -0.92593053 -0.09203449
vn -0.44677688 -0.87736957 -0.17496586
vn -0.46982405 -0.85915113 -0.20279225
vn -0.41631032 -0.90181141 -0.11585294
vn -0.42691587 -0.89280541 -0.14367093
vn -0.36804167 -0.92686541 -0.07393132
vn -0.34162088 -0.93881341 -0.04386979
vn -0.27867684 -0.96027489 -0.01453807
vn -0.21264621 -0.97712857 -0.00115949
vn -0.24253275 -0.64138876 -0.72787247
vn -0.28101862 -0.60233542 -0.74714160
vn -0.31502481 -0.54690141 -0.77566630
vn -0.24047851 -0.96882999 -0.05948562
vn -0.42937174 -0.89035654 -0.15134442
vn -0.42859797 -0.89067828 -0.15164425
vn -0.36750926 -0.92707311 -0.07397561
vn -0.38522032 -0.91934458 -0.08006770
vn -0.31014882 -0.94674806 -0.08646279
vn -0.31523429 -0.94766264 -0.05062481
vn -0.29978961 -0.95342646 -0.03322916
vn -0.26331918 -0.96402719 -0.03625719
vn -0.28286907 -0.95882365 -0.02534353
vn -0.29722805 -0.95411223 -0.03640524
vn -0.23959397 -0.97057305 -0.02413876
vn -0.25308914 -0.96743283 -0.00442786
vn -0.23958211 -0.97087148 0.00299526
vn -0.30139794 -0.95331306 -0.01880122
vn -0.26171448 -0.96508913 -0.01041648
vn -0.22362497 -0.95129617 -0.21219675
vn -0.26592122 -0.95289091 -0.14589314
vn -0.23804883 -0.96259297 -0.12941224
vn -0.12740655 -0.96733943 -0.21913920
vn -0.05688460 -0.95789820 -0.28141638
vn -0.22921456 -0.96834110 -0.09887472
vn -0.24880883 -0.96612974 -0.06846523
vn -0.27910085 -0.95881847 -0.05262940
vn -0.26257392 -0.96304841 -0.05993909
vn -0.29456869 -0.95087922 -0.09517350
vn -0.17053987 -0.95638649 -0.23715194
vn -0.15649295 -0.96219043 -0.22293393
vn -0.08132726 -0.94325270 -0.32196308
vn -0.06987064 -0.94985384 -0.30478809
vn -0.14355432 -0.96437417 -0.22220399
vn -0.19091442 -0.97068865 -0.14599736
vn -0.20596132 -0.96930941 -0.13423559
vn -0.22257123 -0.96731694 -0.12149066
vn -0.99999442 0.00106737 0.00316618
vn -0.99576453 -0.00726539 0.09165273
vn -0.99647477 0.00005254 -0.08389299
vn 0.77902737 -0.00177976 -0.62698739
vn 0.74586979 0.01042406 -0.66601020
vn 0.69387631 0.00030229 -0.72009415
vn 0.62542212 0.00000001 -0.78028660
vn -0.18011007 -0.12030023 -0.97626237
vn -0.03537569 -0.03153295 -0.99887649
vn -0.18291392 -0.10933557 -0.97703031
vn -0.25562220 -0.19865211 -0.94614726
vn -0.44526380 -0.38033493 -0.81060810
vn -0.41071571 -0.32496046 -0.85188808
vn -0.49823381 -0.82563641 -0.26474060
vn -0.52663724 -0.77474625 -0.34988779
vn -0.54987613 -0.72755107 -0.41025075
vn -0.33446852 -0.48309977 -0.80916341
vn -0.52191337 -0.80149726 -0.29190507
vn -0.33422392 -0.37990106 -0.86253670
vn -0.35132415 -0.39411763 -0.84926005
vn -0.33988874 -0.42353105 -0.83970060
vn -0.55044945 -0.67474538 -0.49165443
vn -0.55466946 -0.62564191 -0.54855628
vn -0.31703446 -0.31579768 -0.89429356
vn -0.53656584 -0.57464637 -0.61796331
vn -0.30672910 -0.27990592 -0.90970871
vn -0.29929080 -0.26386084 -0.91695282
vn -0.27889281 -0.23255043 -0.93173982
vn -0.26882763 -0.20020788 -0.94215100
vn -0.47682138 -0.44763467 -0.75648170
vn -0.45631846 -0.41740459 -0.78584151
vn -0.49135691 -0.49254814 -0.71830684
vn -0.26750133 -0.20528521 -0.94143562
vn -0.36126418 -0.29603220 -0.88422459
vn -0.20652292 -0.14359823 -0.96784701
vn -0.23148833 -0.15645653 -0.96017421
vn -0.34848600 -0.25903300 -0.90081042
vn -0.31033116 -0.21552496 -0.92587449
vn -0.24795179 -0.17201873 -0.95337792
vn 0.04259589 0.01160863 -0.99902494
vn -0.02754442 -0.01895030 -0.99944094
vn -0.01746837 -0.01201649 -0.99977520
vn -0.00529805 0.01774329 -0.99982854
vn -0.01347696 0.02019243 -0.99970528
vn -0.01686378 -0.01449591 -0.99975271
vn 0.00303636 0.01869684 -0.99982059
vn -0.02677412 0.02083171 -0.99942443
vn 0.02012183 0.01384530 -0.99970167
vn 0.01121679 0.01813982 -0.99977254
vn 0.03019247 -0.00479278 -0.99953261
vn 0.02026843 -0.00477050 -0.99978319
vn -0.04252837 0.02594391 -0.99875835
vn -0.04641396 0.02410322 -0.99863145
vn -0.05970408 0.06272842 -0.99624323
vn 0.00220901 -0.00687002 -0.99997396
vn 0.00391257 -0.00480184 -0.99998082
vn 0.00703568 -0.00721368 -0.99994923
vn -0.00061857 -0.00960288 -0.99995370
vn -0.00666206 -0.01360658 -0.99988523
vn -0.31341555 0.25690776 -0.91420408
vn -0.32107001 0.26522624 -0.90915845
vn -0.33151936 0.30919153 -0.89134478
vn -0.17682923 0.67938902 -0.71215307
vn -0.14312304 0.69159815 -0.70796031
vn -0.24663316 0.15751031 -0.95622308
vn -0.28817186 0.21610724 -0.93287440
vn -0.34996286 0.36372103 -0.86326879
vn -0.36233904 0.42400635 -0.83001749
vn -0.35683841 0.47432113 -0.80478930
vn -0.08524113 0.71266619 -0.69630515
vn -0.03877876 0.71460890 -0.69844851
vn -0.00853536 0.70935572 -0.70479899
vn -0.34140309 0.52791195 -0.77765860
vn -0.32688931 0.54611258 -0.77130048
vn -0.29753140 0.59005560 -0.75053944
vn -0.27001315 0.62443768 -0.73291916
vn -0.22048591 0.65741219 -0.72055200
vn 0.00718660 -0.02114089 -0.99975068
vn -0.02897018 -0.03746301 -0.99887800
vn 0.02167379 0.00365906 -0.99975840
vn 0.04313204 0.02711157 -0.99870145
vn 0.02881105 0.03690434 -0.99890340
vn -0.29139149 0.21121661 -0.93299439
vn -0.36270370 0.29331391 -0.88454111
vn -0.38077477 0.30801016 -0.87186026
vn -0.41309789 0.34964470 -0.84089162
vn -0.45506140 0.38188847 -0.80441303
vn -0.47039054 0.40669313 -0.78315607
vn -0.47820095 0.42914701 -0.76626151
vn -0.48267686 0.44203827 -0.75605901
vn -0.49774813 0.45376780 -0.73914923
vn -0.48508849 0.47002850 -0.73740244
vn -0.50407800 0.48673662 -0.71343734
vn -0.52902735 0.51312500 -0.67589408
vn -0.54409151 0.54647462 -0.63665526
vn -0.56782129 0.56066047 -0.60269298
vn -0.56663880 0.60297666 -0.56155109
vn -0.57950462 0.62174855 -0.52688057
vn -0.58132118 0.64470478 -0.49640853
vn -0.58150537 0.62925421 -0.51564585
vn -0.56093126 0.67012425 -0.48609629
vn -0.55341119 0.72651767 -0.40731821
vn -0.27235656 0.89908766 -0.34272917
vn -0.30688979 0.90340897 -0.29945098
vn -0.33118903 0.90450072 -0.26868621
vn -0.37628861 0.87752909 -0.29723657
vn -0.45099220 0.84613995 -0.28399510
vn -0.51925812 0.77943523 -0.35050212
vn -0.56328485 0.53427050 -0.63028978
vn -0.57088937 0.70963858 -0.41291454
vn -0.52074166 0.79936414 -0.29974172
vn -0.51995857 0.82875491 -0.20690186
vn -0.36929855 0.90488114 -0.21168068
vn -0.40332423 0.89793319 -0.17619746
vn -0.42724460 0.88979339 -0.16040501
vn -0.48291398 0.83223968 -0.27234390
vn -0.44075469 0.88107350 -0.17159485
vn -0.44947200 0.87892253 -0.15959357
vn -0.43943746 0.88439531 -0.15728843
vn -0.46122826 0.87135158 -0.16737656
vn -0.45054990 0.87736385 -0.16503777
vn -0.19145259 0.90618922 -0.37705040
vn -0.14857883 0.93832569 -0.31220062
vn -0.19897410 0.95136566 -0.23518650
vn -0.20453438 0.93733439 -0.28208141
vn -0.18387485 0.96007926 -0.21080287
vn -0.12204375 0.95195090 -0.28088220
vn -0.18268528 0.96908328 -0.16584233
vn -0.10846209 0.95891138 -0.26215442
vn -0.17072972 0.97118524 -0.16628470
vn -0.09720492 0.96161890 -0.25659363
vn -0.15684843 0.97101244 -0.18037018
vn -0.07783254 0.96132498 -0.26419005
vn -0.14795739 0.96989504 -0.19342239
vn -0.14476780 0.96878217 -0.20125452
vn -0.01865544 0.95231226 -0.30455434
vn -0.03289389 0.91452394 -0.40319221
vn -0.02215498 0.92754240 -0.37306066
vn -0.01866836 0.94245578 -0.33380921
vn -0.20962024 0.91586838 -0.34240981
vn -0.23169923 0.97234606 -0.02930199
vn -0.19803286 0.96995711 -0.14130178
vn -0.23606081 0.95085041 -0.20039657
vn -0.23654330 0.96478670 -0.11503863
vn -0.22738273 0.96930709 -0.09349255
vn -0.21694278 0.97015222 -0.10835357
vn -0.27325354 0.92918599 -0.24888932
vn -0.34020133 0.93729971 -0.07571199
vn -0.34617269 0.93567497 -0.06838731
vn -0.35225032 0.93251115 -0.07964083
vn -0.28295846 0.95892106 -0.02012250
vn -0.25723137 0.96613846 -0.02021150
vn -0.22011183 0.97541001 0.01122943
vn -0.18828605 0.98211412 0.00046247
vn -0.11223391 0.99365293 -0.00757634
vn -0.23617642 0.97170522 0.00310893
vn -0.23494071 0.97086706 -0.04711694
vn -0.22176166 0.97106565 -0.08861872
vn -0.24293977 0.96993210 -0.01455970
vn -0.24849473 0.96808531 -0.03257604
vn -0.25766155 0.96611879 -0.01500025
vn -0.26067781 0.96509721 -0.02518838
vn -0.28350082 0.95842124 -0.03249620
vn -0.27751489 0.95965332 -0.04528787
vn -0.32138717 0.94203183 -0.09636558
vn -0.29751270 0.94835324 -0.11005601
vn -0.30886346 0.92847756 -0.20623479
vn -0.27543137 0.95058696 -0.14325497
vn -0.26517889 0.96173430 -0.06890057
vn -0.25284268 0.96626347 -0.04904574
vn -0.24083748 0.96845530 -0.06396588
vn -0.28497627 0.95832588 -0.02000069
vn -0.07959691 0.99682365 -0.00263586
vn 0.25540079 -0.50772159 0.82279355
vn 0.11288217 -0.19631880 0.97402081
vn 0.05312953 -0.34940534 0.93546414
vn -0.30454790 -0.37591045 0.87518107
vn -0.12014047 -0.38682277 0.91429449
vn -0.36154068 -0.17761582 0.91528190
vn -0.47091536 -0.49652503 0.72917872
vn 0.06812337 -0.44532657 0.89277290
vn 0.13260660 -0.42314007 0.89630797
vn 0.17498626 -0.38637383 0.90559101
vn 0.02187429 -0.45080169 0.89235607
vn 0.26811194 -0.02437890 0.96307926
vn 0.20577729 -0.19119415 0.95973981
vn 0.09518507 -0.33969297 0.93570748
vn 0.13906806 0.11120936 0.98401857
vn 0.49357635 0.06329165 0.86739642
vn 0.34072468 -0.10348971 0.93444988
vn 0.37597519 -0.00344712 0.92662332
vn 0.36015397 -0.06632952 0.93053184
vn 0.35936319 0.05955649 0.93129540
vn 0.27343615 0.00136481 0.96188919
vn 0.09913422 0.32490136 0.94053788
vn 0.20211740 0.19105354 0.96054521
vn -0.09398373 0.28274743 0.95457894
vn 0.14049334 0.55115729 0.82248846
vn 0.19024218 0.38392338 0.90355451
vn 0.13608786 0.42577207 0.89453800
vn 0.20268372 0.35196044 0.91380696
vn 0.07011516 0.45105663 0.88973692
vn -0.42218646 0.34960987 0.83638002
vn -0.29221331 0.35851226 0.88661172
vn -0.12459266 0.38507140 0.91443791
vn 0.07612002 0.35127296 0.93317364
vn -0.40441038 0.38194121 0.83100732
vn -0.29379987 0.45897984 0.83846237
vn -0.35090556 0.43222182 0.83069223
vn -0.26520674 0.45768273 0.84864121
vn -0.32923442 0.34901286 0.87737946
vn -0.51969456 0.03185576 0.85375803
vn -0.45919917 0.19256031 0.86721200
vn -0.40341375 -0.10496876 0.90897684
vn -0.71203561 -0.05878177 0.69967849
vn -0.71613769 0.69580873 0.05474505
vn -0.70404574 0.70421141 -0.09168362
vn -0.06442525 0.98569515 0.15573844
vn -0.13707202 0.10770306 0.98468843
vn -0.00212805 0.21531009 0.97654341
vn 0.66112991 0.66648081 0.34454402
vn 0.61771485 0.55337236 0.55875522
vn -0.11958033 0.70289780 0.70116705
vn 0.32568590 0.50096259 0.80185110
vn 0.21968442 0.43112531 0.87513983
vn 0.11909094 0.30612652 0.94451252
vn -0.49905369 0.30007078 0.81295937
vn -0.52798500 0.42493016 0.73530007
vn -0.19630491 0.71241780 0.67373975
vn -0.61524265 0.48683988 0.62005114
vn -0.72504531 0.60004325 0.33801982
vn -0.04297336 0.98058698 0.19131769
vn -0.14895250 0.72601560 0.67135274
vn -0.04120655 0.98192634 0.18472327
vn -0.28865968 0.09923945 0.95227471
vn -0.39500470 0.19862238 0.89695063
vn -0.82271932 0.02027059 0.56808628
vn -0.99857348 0.00447558 0.05320686
vn -0.82581945 0.00639778 0.56389832
vn -0.99884992 0.00483876 0.04770137
vn -0.81719883 -0.09028999 0.56923966
vn -0.99628929 -0.08160930 0.02734184
vn -0.99905986 -0.00332690 0.04322409
vn -0.82697274 -0.01177130 0.56211878
vn -0.99909120 0.00052577 0.04262048
vn -0.75459306 -0.28249893 0.59226993
vn -0.92086692 -0.38711795 0.04630134
vn -0.61372330 -0.49654558 0.61382913
vn -0.71874500 -0.69018690 0.08395041
vn -0.40771372 -0.64610209 0.64522989
vn -0.46586380 -0.83744744 0.28574938
vn -0.21159830 -0.71705800 0.66411895
vn -0.09638474 -0.98439686 0.14721683
vn -0.33539018 -0.93283964 0.13161927
vn -0.13042993 -0.72669227 0.67446748
vn -0.03595325 -0.98209070 0.18494656
vn 0.24795485 -0.44892987 0.85847561
vn 0.27822914 -0.47200093 0.83654269
vn -0.09094037 -0.72501919 0.68269834
vn 0.37774041 -0.51203967 0.77144511
vn 0.54241767 -0.64199228 0.54187543
vn -0.03296136 -0.98215038 0.18518687
vn -0.11363691 -0.72666204 0.67753150
vn -0.03044696 -0.98197286 0.18655370
vn -0.02114804 -0.98279660 0.18347641
vn 0.66107477 -0.71097881 0.23976924
vn -0.06174885 -0.11365886 0.99159908
vn 0.05484080 -0.22419038 0.97300111
vn 0.18247426 -0.34557786 0.92047764
vn 0.20946035 0.30571448 0.92879762
vn 0.29648134 0.43242593 0.85153193
vn 0.58123251 0.02071771 0.81347375
vn 0.58405501 -0.01945567 0.81148088
vn 0.93182500 -0.00346185 0.36289143
vn 0.56351994 -0.00186268 0.82610036
vn 0.92380931 0.00048349 0.38285260
vn 0.93355587 0.00588053 0.35838367
vn 0.40052389 0.50417977 0.76510351
vn 0.67065464 0.54666232 0.50138075
vn 0.69039396 0.66231403 0.29102629
vn 0.69755606 0.70884564 0.10465853
vn 0.09231074 0.21813878 0.97154218
vn -0.04946697 0.10991908 0.99270883
vn 0.69685323 -0.70933199 0.10603633
vn -0.32747000 0.21030299 0.92116017
vn -0.42086258 0.35486662 0.83483194
vn -0.14460570 0.70357207 0.69575536
vn -0.06119006 0.70414401 0.70741571
vn -0.47693773 0.44803353 0.75617217
vn -0.58462438 0.50366077 0.63603472
vn -0.70882452 0.60661276 0.35998439
vn -0.02663729 0.98087737 0.19279531
vn -0.09277310 0.72537845 0.68206983
vn -0.02485669 0.98162067 0.18921680
vn -0.05218184 0.98488465 0.16516439
vn -0.69839803 0.71394954 0.05016215
vn -0.21516426 0.10525143 0.97088953
vn -0.99811609 0.00591371 0.06106795
vn -0.69898752 0.70915467 -0.09228269
vn -0.79778740 0.02250355 0.60251876
vn -0.80066833 0.00765804 0.59905891
vn -0.99830708 0.00483831 0.05796168
vn -0.80130452 -0.01081144 0.59815899
vn -0.99854309 -0.00354443 0.05384352
vn -0.99855709 0.00099062 0.05369125
vn -0.62426072 0.46295951 0.62925912
vn -0.65914400 0.52757730 0.53590239
vn -0.69288942 0.59430701 0.40829331
vn -0.71927853 0.67283103 0.17302255
vn -0.70969569 0.70421099 -0.02046709
vn -0.42116389 0.24764045 0.87252231
vn -0.49553214 0.34262521 0.79815779
vn -0.55543720 0.35487824 0.75203122
vn -0.57807138 0.37984965 0.72218261
vn -0.31443723 0.10842304 0.94306610
vn 0.53335059 -0.59393621 0.60230966
vn 0.25237457 -0.44552334 0.85896218
vn 0.61664196 -0.04582788 0.78590871
vn 0.40133800 -0.37660564 0.83492276
vn 0.46136003 -0.50188777 0.73161164
vn 0.94614149 -0.00166626 0.32374914
vn 0.59101730 -0.64014420 0.49082986
vn 0.67987300 -0.70123660 0.21456918
vn 0.04388274 -0.09590651 0.99442257
vn 0.14671210 -0.23521525 0.96080661
vn 0.62561391 -0.00981798 0.78007105
vn 0.26329776 -0.35141097 0.89843454
vn 0.37879561 -0.37260071 0.84716149
vn 0.15842879 -0.28942832 0.94399765
vn 0.02412861 -0.15862620 0.98704384
vn 0.63216937 -0.68499320 0.36214114
vn 0.94800986 -0.01857927 0.31769815
vn 0.69363086 -0.70664150 0.13976415
vn 0.62371104 -0.02540773 0.78124195
vn 0.94591313 -0.00692080 0.32434619
vn -0.05852209 -0.71468658 0.69699229
vn 0.69725985 -0.70899425 0.10562133
vn -0.01714350 -0.98158857 0.19023664
vn 0.28830543 -0.37092477 0.88277675
vn 0.41793114 -0.45595236 0.78577415
vn -0.01978487 -0.70961139 0.70431543
vn 0.52139537 -0.66831898 0.53056254
vn 0.64797506 -0.68332054 0.33645409
vn -0.01053618 -0.98132125 0.19208745
vn -0.03652719 -0.71348977 0.69971288
vn -0.00800209 -0.98068816 0.19541415
vn -0.00272039 -0.98079554 0.19501979
vn 0.70416220 -0.69990231 0.11955062
vn 0.10497195 -0.15481069 0.98235154
vn 0.22432036 -0.32300915 0.91942670
vn 0.64396764 -0.02642398 0.76459626
vn 0.54289347 0.60989247 0.57731954
vn 0.65096971 0.03854140 0.75812466
vn 0.44884789 0.39482624 0.80165317
vn 0.38937708 0.33031817 0.85981126
vn 0.95036703 -0.00311234 0.31111545
vn 0.65201806 -0.00322323 0.75819658
vn 0.94958578 -0.00057689 0.31350680
vn 0.95729609 0.02340952 0.28816000
vn 0.68848017 0.66160282 0.29711406
vn 0.10458939 0.14110190 0.98445483
vn 0.22220932 0.27625449 0.93504357
vn -0.02035396 0.70820682 0.70571157
vn 0.70467829 0.69902438 0.12162827
vn 0.00449763 0.98298710 0.18361954
vn -0.00681814 0.98076920 0.19505200
vn -0.00817843 0.98097277 0.19397303
vn -0.00886157 0.98098354 0.19388854
vn -0.03791491 0.70940168 0.70378386
vn -0.01035853 0.98073459 0.19507015
vn 0.54729103 0.57637256 0.60685023
vn 0.65427899 0.67982765 0.33129046
vn -0.01560697 0.98097700 0.19349560
vn 0.68881528 0.70662508 0.16190897
vn 0.69629376 0.70963141 0.10769526
vn -0.01178340 0.98089211 0.19419531
vn -0.05283534 0.70939216 0.70283084
vn 0.43390293 0.47325606 0.76665308
vn 0.09976420 0.10832152 0.98909734
vn 0.20871340 0.27893733 0.93735408
vn 0.30469882 0.37857618 0.87397866
vn 0.64252451 -0.66979870 0.37219883
vn 0.52462814 -0.54497381 0.65404041
vn -0.02243508 -0.52884021 0.84842483
vn 0.38983080 -0.44176886 0.80800509
vn 0.26808970 -0.31669037 0.90985445
vn -0.05635662 -0.69178961 0.71989657
vn 0.15476797 -0.17024292 0.97317225
vn 0.08869216 0.00995016 0.99600939
vn 0.19175573 -0.24974240 0.94913565
vn 0.67480836 -0.69721723 0.24191283
vn -0.07851390 -0.53263043 0.84269828
vn 0.57624339 -0.62110575 0.53119789
vn 0.41771585 -0.47573673 0.77407237
vn -0.06219444 -0.53012570 0.84563503
vn -0.05645881 -0.52820121 0.84724016
vn -0.03798669 -0.68932368 0.72345689
vn -0.04518887 -0.52396728 0.85053880
vn 0.28517416 -0.33254422 0.89893828
vn 0.42224049 -0.42751021 0.79934222
vn -0.01764926 -0.68665997 0.72676446
vn 0.46835993 -0.69998725 0.53912598
vn -0.03595295 -0.52730910 0.84891254
vn 0.10704888 -0.11289496 0.98782350
vn 0.21843311 -0.29193804 0.93116011
vn 0.63418334 -0.00031428 0.77318264
vn 0.64756401 0.07519644 0.75829173
vn 0.94772599 0.05814590 0.31374272
vn 0.47499742 0.51418723 0.71413510
vn 0.03377331 0.98161243 0.18787337
vn 0.14548534 0.96068022 0.23649003
vn 0.05203615 0.71051282 0.70175763
vn 0.35483553 0.92720496 0.11992791
vn 0.48364714 0.84175251 0.23987113
vn 0.62921589 0.73357962 0.25680403
vn 0.69425541 0.64400035 0.32136113
vn 0.76839521 0.57221148 0.28660571
vn 0.51877210 0.21514710 0.82739787
vn 0.92674476 0.19200659 0.32292044
vn 0.85410483 0.39434461 0.33911247
vn 0.18647781 0.55455621 0.81098301
vn -0.44482346 0.44492982 0.77728344
vn -0.46949126 0.46858545 0.74833524
vn -0.07458547 0.72181029 0.68806026
vn -0.55049456 0.50865763 0.66198426
vn -0.65663799 0.64103712 0.39736375
vn -0.00960010 0.98194672 0.18891394
vn -0.03628254 0.72397716 0.68886911
vn -0.01231315 0.98196517 0.18866051
vn -0.05129540 0.72392556 0.68796843
vn -0.01485777 0.98180405 0.18931470
vn -0.02371612 0.98270006 0.18367946
vn -0.69795353 0.71261720 0.07097603
vn -0.17361731 0.10581815 0.97911161
vn -0.28347734 0.21667215 0.93418080
vn -0.39605169 0.33732257 0.85402374
vn -0.72691401 -0.67370033 0.13313109
vn -0.62839726 -0.58962746 0.50740157
vn -0.63650320 -0.02631874 0.77082488
vn -0.78267242 0.01880369 0.62214975
vn -0.64690047 0.03221135 0.76189383
vn -0.62944715 0.58828805 0.50765486
vn -0.63340232 0.01523139 0.77367274
vn -0.63495865 0.01958806 0.77229775
vn -0.63710865 0.02341817 0.77041817
vn -0.63449903 -0.00291386 0.77291816
vn -0.63703513 -0.00256903 0.77083049
vn -0.78184797 -0.00304680 0.62346168
vn -0.64023509 0.00358075 0.76817069
vn -0.64087134 0.00552339 0.76762844
vn -0.64199754 0.00755706 0.76666945
vn -0.64062800 0.01271510 0.76774611
vn -0.64019097 -0.01201377 0.76812186
vn -0.63906770 -0.00777523 0.76911119
vn -0.63560791 -0.00318248 0.77200548
vn -0.75269156 -0.56439523 0.33898884
vn -0.78072764 -0.02415045 0.62440460
vn -0.64146198 -0.01652269 0.76697688
vn -0.29407161 -0.21070645 0.93226857
vn -0.17604390 -0.11231262 0.97795420
vn -0.38264728 -0.36384395 0.84923415
vn -0.44224384 -0.45584357 0.77241635
vn -0.55746145 -0.50185124 0.66134867
vn 0.01194199 -0.98565920 0.16832507
vn -0.10729628 -0.70565794 0.70038159
vn -0.01914255 -0.98068678 0.19464586
vn -0.06840045 -0.72549452 0.68482047
vn -0.01903914 -0.98176832 0.18912557
vn -0.02281204 -0.71667691 0.69703215
vn -0.01816855 -0.98179610 0.18906700
vn -0.15204757 0.71819556 0.67902627
vn -0.67032392 0.59127501 0.44839682
vn -0.82069859 0.01825818 0.57106957
vn -0.82262834 -0.24191172 0.51454963
vn 0.05389702 0.21809366 0.97443844
vn -0.91125789 -0.17712074 0.37180276
vn -0.82891487 -0.05795923 0.55636397
vn -0.78710322 -0.47591867 0.39239004
vn -0.76409696 -0.48301008 0.42761794
vn -0.57248509 -0.66699710 0.47683927
vn -0.59266021 -0.73697299 0.32499952
vn -0.40960913 -0.68113474 0.60685734
vn -0.25215850 -0.84161435 0.47759960
vn -0.13331955 -0.71896733 0.68213772
vn -0.13919770 0.64140925 0.75446549
vn -0.14796896 -0.72254701 0.67530068
vn -0.21071673 -0.76273614 0.61141806
vn 0.49411950 0.58491267 0.64321309
vn -0.65230475 0.58411719 0.48301721
vn 0.59814351 0.01311109 0.80128175
vn -0.79640579 0.00611617 0.60473169
vn -0.42783466 0.26657395 0.86365261
vn 0.59959946 -0.01964594 0.80005907
vn -0.79679128 -0.01011087 0.60417003
vn 0.60028757 -0.00541772 0.79976589
vn 0.60070656 0.00072248 0.79946927
vn -0.10015482 -0.72116416 0.68548615
vn -0.09407820 -0.71980926 0.68776735
vn 0.49638336 -0.58778159 0.63883986
vn -0.11209599 -0.72177806 0.68298677
vn -0.15496004 -0.04637242 0.98683179
vn -0.16967519 -0.03888816 0.98473247
vn -0.12783292 0.65364326 0.74592844
vn -0.11909635 -0.72110930 0.68250819
vn 0.36814139 -0.01992246 0.92955635
vn -0.82070578 -0.00697115 0.57130852
vn -0.81958774 -0.01445521 0.57277132
vn 0.36874755 -0.00490354 0.92951665
vn 0.36834240 0.00034947 0.92969014
vn -0.82071003 0.00649039 0.57130808
vn 0.36639924 0.00911736 0.93041306
vn 0.36709281 0.01808087 0.93000858
vn 0.36604697 0.03380375 0.92998221
vn 0.43938534 0.58883144 0.67839374
vn -0.06962139 0.03545337 0.99694329
vn -0.06848903 -0.72027218 0.69030228
vn 0.61571795 -0.01396454 0.78784288
vn 0.61237024 -0.02362064 0.79021817
vn 0.61437464 -0.02961287 0.78845855
vn 0.61755268 -0.03164542 0.78589265
vn 0.50951899 -0.59268383 0.62379185
vn -0.06316873 -0.00879633 0.99796410
vn -0.05525853 0.69841275 0.71355877
vn 0.21533856 0.24583458 0.94508977
vn 0.21363790 -0.27920477 0.93616427
vn -0.06766942 -0.01335686 0.99761839
vn 0.61586100 0.01039707 0.78778622
vn -0.05860452 0.71822053 0.69334319
vn -0.05902256 0.71314539 0.69852702
vn -0.06503534 0.71598489 0.69507988
vn -0.04488959 0.71868038 0.69389008
vn 0.35290381 0.61232058 0.70747608
vn 0.24609897 0.67408086 0.69645552
vn 0.00008696 0.72374494 0.69006758
vn 0.14122523 0.73258123 0.66586799
vn 0.50945733 0.48998990 0.70736350
vn 0.42524072 0.56418619 0.70771766
vn 0.65521547 0.05643197 0.75333135
vn 0.65379041 0.14465137 0.74272073
vn 0.63129370 0.25194080 0.73348081
vn 0.57864622 0.36994874 0.72684694
vn -0.03552913 -0.70213317 0.71115870
vn 0.51989904 -0.58457077 0.62288202
vn 0.51995750 0.58068841 0.62645445
vn -0.02278851 0.65818733 0.75250922
vn -0.03246456 0.69239794 0.72078509
vn -0.04164857 0.70538223 0.70760251
vn 0.64048767 -0.02346755 0.76760981
vn 0.94751970 -0.00761088 0.31960678
vn 0.94811127 0.01192014 0.31771516
vn 0.64562014 0.04213699 0.76249532
vn 0.94664693 0.00300474 0.32225853
vn 0.62636134 0.00996694 0.77946913
vn 0.55086961 -0.01946269 0.83436436
vn 0.52958482 0.60996953 0.58947188
vn 0.59815320 0.66164099 0.45215478
vn 0.25928413 0.40329029 0.87756976
vn 0.36659883 0.46974262 0.80308603
vn 0.46004853 0.55120117 0.69608377
vn 0.54999136 0.00636046 0.83514613
vn 0.54738669 0.03347159 0.83621018
vn 0.18425717 0.33748025 0.92312316
vn 0.07927808 0.23370508 0.96907013
vn -0.04108383 0.09946061 0.99419299
vn -0.03268390 0.98241009 0.18385370
vn -0.05931440 0.94148908 0.33178323
vn -0.08450030 0.87728087 0.47248065
vn -0.10764944 0.79155581 0.60154052
vn -0.12795383 0.68638891 0.71588971
vn -0.14456856 0.56405579 0.81298278
vn -0.15892809 0.42826890 0.88956597
vn -0.16925187 0.28241924 0.94424212
vn -0.17407879 0.12806792 0.97636836
vn 0.08265376 -0.50539873 0.85891820
vn -0.41832640 -0.49568531 0.76111700
vn -0.30127148 -0.51270982 0.80396775
vn -0.10072260 -0.54309117 0.83361078
vn 0.20312003 -0.50617776 0.83816843
vn -0.42266469 -0.48592672 0.76500312
vn -0.39409611 -0.50516121 0.76778930
vn -0.27014910 -0.35967981 0.89311248
vn -0.43920795 -0.61100453 0.65861206
vn -0.36456943 -0.52009859 0.77239018
vn -0.45076994 -0.41279840 0.79145685
vn -0.68796850 0.02616891 0.72526860
vn -0.64567301 -0.08749796 0.75858452
vn -0.57248921 -0.27883236 0.77104385
vn -0.68378754 -0.01367848 0.72955295
vn -0.89656019 0.02108268 0.44241988
vn -0.68152588 -0.03314986 0.73104279
vn -0.68239126 -0.00247630 0.73098293
vn -0.67988728 0.03803028 0.73232983
vn -0.63377745 0.09186961 0.76804044
vn -0.47167034 0.42293487 0.77372682
vn -0.37215742 0.52314763 0.76669121
vn -0.57766661 0.27341349 0.76912050
vn -0.36408150 0.52054150 0.77232196
vn -0.39473750 0.50452182 0.76788023
vn -0.44979347 0.63133605 0.63174412
vn -0.42426369 0.48348065 0.76566754
vn -0.36083969 0.34621170 0.86598624
vn 0.21034478 0.49721140 0.84174574
vn 0.07556664 0.51913221 0.85134684
vn -0.29300319 0.51061218 0.80834667
vn -0.10717641 0.54589495 0.83097047
vn 0.21355397 0.48436700 0.84840044
vn 0.18489425 0.50468104 0.84327408
vn 0.05263591 0.38604924 0.92097527
vn 0.27335271 0.62567650 0.73062112
vn 0.15473955 0.51831064 0.84107655
vn 0.47782195 -0.02691619 0.87804425
vn 0.41654049 0.08598345 0.90504191
vn 0.23766125 0.41607916 0.87772163
vn 0.35504607 0.27584111 0.89322672
vn 0.28301031 0.04383041 0.95811485
vn 0.62272975 0.00359922 0.78242872
vn 0.46990386 0.03522549 0.88201447
vn 0.47030075 -0.03573450 0.88178243
vn 0.47258586 0.00140747 0.88128351
vn 0.16388614 -0.52143264 0.83740632
vn 0.22815007 -0.41529233 0.88061333
vn 0.42220006 -0.09339518 0.90167868
vn 0.36079509 -0.26619285 0.89385025
vn 0.14846711 -0.52031939 0.84096685
vn 0.21272158 -0.48365459 0.84901576
vn 0.18321420 -0.50184982 0.84532794
vn 0.21729401 0.92828254 0.30178608
vn -0.28728581 0.93150946 0.22306276
vn 0.39355147 0.84393272 0.36454740
vn 0.39981493 0.83650408 0.37471182
vn 0.40812349 0.83066776 0.37871664
vn 0.41459773 0.82503116 0.38396916
vn 0.44795713 0.80664201 0.38556850
vn 0.45887695 0.80221831 0.38193942
vn 0.63576659 0.68543625 0.35493379
vn 0.44148895 0.81242921 0.38084942
vn 0.43634583 0.81296787 0.38559767
vn 0.42674897 0.81828401 0.38509297
vn 0.41951250 0.82205837 0.38500558
vn 0.88599321 0.24251289 0.39522592
vn 0.88151497 -0.21537180 0.42017419
vn 0.89572048 -0.03519967 0.44322206
vn 0.89300808 -0.01129041 0.44989898
vn 0.89401231 -0.02244014 0.44748008
vn 0.89321114 0.01111276 0.44950013
vn 0.89357988 0.02061098 0.44843081
vn 0.89660945 0.02933182 0.44184969
vn 0.89594167 0.03609886 0.44270238
vn 0.89223542 0.00231659 0.45156460
vn 0.89274313 -0.00399946 0.45054822
vn 0.60457290 -0.69488179 0.38939812
vn 0.22220450 -0.92751258 0.30057542
vn 0.39708263 -0.83836948 0.37344610
vn 0.45934174 -0.80255340 0.38067466
vn 0.40726638 -0.83048670 0.38003413
vn 0.41790117 -0.82385322 0.38291578
vn 0.42724227 -0.81777130 0.38563473
vn 0.43641644 -0.81299968 0.38545067
vn 0.44763154 -0.80710671 0.38497372
vn -0.28797463 -0.93024723 0.22739989
vn -0.70413490 -0.68973822 0.16868676
vn -0.54275618 -0.80448295 0.24129426
vn -0.48011811 -0.84106630 0.24918682
vn -0.50147363 -0.82698343 0.25420977
vn -0.49135019 -0.83344122 0.25288480
vn -0.53116429 -0.81026007 0.24767543
vn -0.52092788 -0.81565960 0.25166159
vn -0.51118031 -0.82113176 0.25384506
vn -0.96068536 -0.24352280 0.13334274
vn -0.96118431 0.24352137 0.12969991
vn -0.98309907 0.03666367 0.17936551
vn -0.98325623 -0.03687267 0.17845893
vn -0.98226951 0.01133967 0.18713102
vn -0.98253623 0.02332404 0.18460376
vn -0.98218831 -0.00009350 0.18789921
vn -0.98230636 -0.01153406 0.18692561
vn -0.98263589 -0.02350715 0.18404922
vn -0.70596157 0.68736919 0.17070986
vn -0.54280453 0.80479221 0.24015151
vn -0.48026988 0.84074896 0.24996404
vn -0.50147993 0.82697096 0.25423789
vn -0.49159249 0.83317579 0.25328823
vn -0.51133958 0.82105067 0.25378658
vn -0.52109640 0.81563023 0.25140778
vn -0.53133618 0.81029478 0.24719271
vn -0.36135305 0.92908639 -0.07888250
vn -0.26898683 0.96266295 -0.03043253
vn -0.16577365 0.98614318 -0.00638238
vn -0.36162225 -0.42902850 0.82774627
vn -0.40819119 -0.38528772 0.82760699
vn -0.17852561 -0.30047911 0.93693165
vn -0.36099950 -0.56365503 0.74294843
vn -0.29990905 -0.45514696 0.83838882
vn -0.34704123 -0.32576032 0.87945585
vn -0.58193940 0.09675315 0.80745611
vn -0.53147225 -0.01232345 0.84698606
vn -0.45138506 -0.19053242 0.87175050
vn -0.60722396 0.00362526 0.79452245
vn -0.59813328 0.07116671 0.79823047
vn -0.59861017 -0.06431463 0.79845444
f 1//1 2//2 3//3
f 4//4 5//5 6//6
f 7//7 8//8 9//9
f 10//10 11//11 12//12
f 13//13 14//14 15//15
f 16//16 17//17 18//18
f 19//19 20//20 21//21
f 22//22 23//23 24//24
f 25//25 26//26 27//27
f 28//28 29//29 30//30
f 31//31 32//32 33//33
f 34//34 35//35 36//36
f 37//37 38//38 39//39
f 40//40 41//41 42//42
f 43//43 44//44 45//45
f 46//46 47//47 48//48
f 49//49 50//50 51//51
f 52//52 53//53 54//54
f 55//55 56//56 57//57
f 58//58 59//59 60//60
f 58//58 60//60 61//61
f 62//62 63//63 64//64
f 63//63 65//65 64//64
f 64//64 65//65 66//66
f 67//67 68//68 69//69
f 70//70 71//71 29//29
f 71//71 72//72 29//29
f 29//29 72//72 30//30
f 72//72 73//73 30//30
f 30//30 73//73 74//74
f 75//75 76//76 77//77
f 76//76 78//78 77//77
f 77//77 78//78 79//79
f 80//80 81//81 82//82
f 82//82 83//83 80//80
f 83//83 84//84 80//80
f 80//80 84//84 85//85
f 86//86 87//87 88//88
f 87//87 75//75 88//88
f 89//89 90//90 91//91
f 90//90 86//86 91//91
f 92//92 93//93 94//94
f 93//93 89//89 94//94
f 26//26 95//95 96//96
f 96//96 97//97 26//26
f 97//97 98//98 26//26
f 26//26 98//98 27//27
f 98//98 99//99 27//27
f 99//99 100//100 27//27
f 27//27 100//100 101//101
f 101//101 102//102 27//27
f 102//102 103//103 27//27
f 27//27 103//103 92//92
f 104//104 105//105 106//106
f 106//106 107//107 104//104
f 107//107 108//108 104//104
f 104//104 108//108 109//109
f 108//108 110//110 109//109
f 110//110 111//111 109//109
f 111//111 112//112 109//109
f 109//109 112//112 113//113
f 105//105 104//104 114//114
f 104//104 115//115 114//114
f 114//114 115//115 116//116
f 117//117 118//118 115//115
f 118//118 119//119 115//115
f 115//115 119//119 116//116
f 120//120 121//121 122//122
f 121//121 123//123 122//122
f 122//122 123//123 117//117
f 123//123 124//124 117//117
f 117//117 124//124 118//118
f 125//125 126//126 127//127
f 125//125 127//127 128//128
f 129//129 128//128 24//24
f 126//126 130//130 127//127
f 130//130 131//131 127//127
f 127//127 131//131 120//120
f 132//132 133//133 23//23
f 133//133 134//134 23//23
f 23//23 134//134 24//24
f 134//134 135//135 24//24
f 24//24 135//135 129//129
f 136//136 137//137 138//138
f 137//137 139//139 138//138
f 138//138 139//139 140//140
f 141//141 142//142 143//143
f 143//143 144//144 141//141
f 144//144 145//145 141//141
f 141//141 145//145 146//146
f 147//147 148//148 149//149
f 148//148 150//150 149//149
f 151//151 152//152 153//153
f 152//152 147//147 153//153
f 154//154 155//155 156//156
f 155//155 157//157 156//156
f 158//158 159//159 160//160
f 159//159 161//161 160//160
f 160//160 161//161 162//162
f 163//163 164//164 165//165
f 166//166 167//167 168//168
f 167//167 169//169 168//168
f 170//170 171//171 172//172
f 171//171 173//173 172//172
f 172//172 173//173 169//169
f 173//173 174//174 169//169
f 169//169 174//174 168//168
f 170//170 172//172 175//175
f 172//172 176//176 175//175
f 175//175 176//176 177//177
f 178//178 179//179 176//176
f 179//179 180//180 176//176
f 176//176 180//180 177//177
f 181//181 182//182 178//178
f 182//182 183//183 178//178
f 178//178 183//183 179//179
f 178//178 184//184 181//181
f 184//184 185//185 181//181
f 181//181 185//185 186//186
f 185//185 187//187 186//186
f 85//85 70//70 80//80
f 70//70 29//29 80//80
f 80//80 29//29 188//188
f 29//29 28//28 188//188
f 188//188 28//28 189//189
f 56//56 95//95 57//57
f 95//95 26//26 57//57
f 57//57 26//26 190//190
f 26//26 25//25 190//190
f 190//190 25//25 191//191
f 192//192 122//122 193//193
f 122//122 117//117 193//193
f 193//193 117//117 194//194
f 117//117 115//115 194//194
f 194//194 115//115 195//195
f 115//115 104//104 195//195
f 195//195 104//104 196//196
f 104//104 109//109 196//196
f 196//196 109//109 197//197
f 47//47 132//132 48//48
f 132//132 23//23 48//48
f 48//48 23//23 198//198
f 23//23 22//22 198//198
f 198//198 22//22 199//199
f 79//79 81//81 77//77
f 81//81 80//80 77//77
f 77//77 80//80 200//200
f 80//80 188//188 200//200
f 200//200 188//188 201//201
f 188//188 189//189 201//201
f 201//201 189//189 202//202
f 53//53 55//55 54//54
f 55//55 57//57 54//54
f 54//54 57//57 203//203
f 57//57 190//190 203//203
f 203//203 190//190 204//204
f 190//190 191//191 204//204
f 204//204 191//191 205//205
f 206//206 192//192 207//207
f 192//192 193//193 207//207
f 207//207 193//193 208//208
f 193//193 194//194 208//208
f 208//208 194//194 209//209
f 194//194 195//195 209//209
f 209//209 195//195 210//210
f 195//195 196//196 210//210
f 210//210 196//196 211//211
f 196//196 197//197 211//211
f 211//211 197//197 212//212
f 44//44 46//46 45//45
f 46//46 48//48 45//45
f 45//45 48//48 213//213
f 48//48 198//198 213//213
f 213//213 198//198 214//214
f 198//198 199//199 214//214
f 214//214 199//199 215//215
f 164//164 216//216 165//165
f 216//216 158//158 165//165
f 165//165 158//158 217//217
f 158//158 160//160 217//217
f 217//217 160//160 218//218
f 219//219 218//218 220//220
f 218//218 160//160 220//220
f 220//220 160//160 156//156
f 160//160 162//162 156//156
f 156//156 162//162 154//154
f 60//60 219//219 221//221
f 219//219 220//220 221//221
f 221//221 220//220 222//222
f 220//220 156//156 222//222
f 222//222 156//156 153//153
f 156//156 157//157 153//153
f 153//153 157//157 151//151
f 147//147 149//149 153//153
f 149//149 223//223 153//153
f 153//153 223//223 222//222
f 223//223 224//224 222//222
f 222//222 224//224 221//221
f 224//224 67//67 221//221
f 221//221 67//67 60//60
f 67//67 69//69 60//60
f 60//60 69//69 61//61
f 31//31 33//33 150//150
f 33//33 202//202 150//150
f 150//150 202//202 149//149
f 202//202 189//189 149//149
f 149//149 189//189 223//223
f 189//189 28//28 223//223
f 223//223 28//28 224//224
f 28//28 30//30 224//224
f 224//224 30//30 67//67
f 30//30 74//74 67//67
f 67//67 74//74 68//68
f 50//50 52//52 51//51
f 52//52 54//54 51//51
f 51//51 54//54 225//225
f 54//54 203//203 225//225
f 225//225 203//203 226//226
f 203//203 204//204 226//226
f 226//226 204//204 227//227
f 204//204 205//205 227//227
f 227//227 205//205 3//3
f 228//228 206//206 229//229
f 206//206 207//207 229//229
f 229//229 207//207 167//167
f 207//207 208//208 167//167
f 167//167 208//208 169//169
f 208//208 209//209 169//169
f 169//169 209//209 172//172
f 209//209 210//210 172//172
f 172//172 210//210 176//176
f 210//210 211//211 176//176
f 176//176 211//211 178//178
f 211//211 212//212 178//178
f 178//178 212//212 184//184
f 146//146 43//43 141//141
f 43//43 45//45 141//141
f 141//141 45//45 230//230
f 45//45 213//213 230//230
f 230//230 213//213 231//231
f 213//213 214//214 231//231
f 231//231 214//214 232//232
f 214//214 215//215 232//232
f 232//232 215//215 233//233
f 38//38 40//40 39//39
f 40//40 42//42 39//39
f 39//39 42//42 234//234
f 42//42 235//235 234//234
f 234//234 235//235 236//236
f 235//235 237//237 236//236
f 236//236 237//237 238//238
f 237//237 239//239 238//238
f 238//238 239//239 240//240
f 239//239 241//241 240//240
f 59//59 62//62 60//60
f 62//62 64//64 60//60
f 60//60 64//64 219//219
f 64//64 242//242 219//219
f 219//219 242//242 218//218
f 242//242 243//243 218//218
f 218//218 243//243 217//217
f 243//243 244//244 217//217
f 217//217 244//244 165//165
f 244//244 18//18 165//165
f 165//165 18//18 163//163
f 18//18 17//17 163//163
f 245//245 246//246 247//247
f 113//113 49//49 109//109
f 49//49 51//51 109//109
f 109//109 51//51 197//197
f 51//51 225//225 197//197
f 197//197 225//225 212//212
f 225//225 226//226 212//212
f 212//212 226//226 184//184
f 226//226 227//227 184//184
f 184//184 227//227 185//185
f 227//227 3//3 185//185
f 185//185 3//3 187//187
f 3//3 2//2 187//187
f 120//120 122//122 127//127
f 122//122 192//192 127//127
f 127//127 192//192 248//248
f 192//192 206//206 248//248
f 248//248 206//206 249//249
f 206//206 228//228 249//249
f 249//249 228//228 250//250
f 228//228 251//251 250//250
f 250//250 251//251 252//252
f 35//35 37//37 36//36
f 37//37 39//39 36//36
f 36//36 39//39 253//253
f 39//39 234//234 253//253
f 253//253 234//234 254//254
f 234//234 236//236 254//254
f 254//254 236//236 255//255
f 236//236 238//238 255//255
f 255//255 238//238 21//21
f 238//238 240//240 21//21
f 21//21 240//240 19//19
f 66//66 34//34 64//64
f 34//34 36//36 64//64
f 64//64 36//36 242//242
f 36//36 253//253 242//242
f 242//242 253//253 243//243
f 253//253 254//254 243//243
f 243//243 254//254 244//244
f 254//254 255//255 244//244
f 244//244 255//255 18//18
f 255//255 21//21 18//18
f 18//18 21//21 16//16
f 21//21 20//20 16//16
f 32//32 13//13 33//33
f 13//13 15//15 33//33
f 33//33 15//15 202//202
f 15//15 256//256 202//202
f 202//202 256//256 201//201
f 256//256 257//257 201//201
f 201//201 257//257 200//200
f 257//257 258//258 200//200
f 200//200 258//258 77//77
f 14//14 10//10 15//15
f 10//10 12//12 15//15
f 15//15 12//12 256//256
f 12//12 259//259 256//256
f 256//256 259//259 257//257
f 259//259 260//260 257//257
f 257//257 260//260 258//258
f 11//11 261//261 12//12
f 261//261 246//246 12//12
f 12//12 246//246 259//259
f 246//246 245//245 259//259
f 259//259 245//245 260//260
f 75//75 77//77 88//88
f 77//77 258//258 88//88
f 88//88 258//258 262//262
f 258//258 260//260 262//262
f 262//262 260//260 263//263
f 260//260 245//245 263//263
f 263//263 245//245 264//264
f 245//245 247//247 264//264
f 264//264 247//247 265//265
f 247//247 266//266 265//265
f 265//265 266//266 267//267
f 261//261 268//268 246//246
f 268//268 269//269 246//246
f 246//246 269//269 247//247
f 269//269 270//270 247//247
f 247//247 270//270 266//266
f 86//86 88//88 91//91
f 88//88 262//262 91//91
f 91//91 262//262 271//271
f 262//262 263//263 271//271
f 271//271 263//263 272//272
f 263//263 264//264 272//272
f 272//272 264//264 273//273
f 264//264 265//265 273//273
f 273//273 265//265 9//9
f 265//265 267//267 9//9
f 9//9 267//267 7//7
f 89//89 91//91 94//94
f 91//91 271//271 94//94
f 94//94 271//271 274//274
f 271//271 272//272 274//274
f 274//274 272//272 275//275
f 272//272 273//273 275//275
f 275//275 273//273 276//276
f 273//273 9//9 276//276
f 276//276 9//9 6//6
f 9//9 8//8 6//6
f 6//6 8//8 4//4
f 92//92 94//94 27//27
f 94//94 274//274 27//27
f 27//27 274//274 25//25
f 274//274 275//275 25//25
f 25//25 275//275 191//191
f 275//275 276//276 191//191
f 191//191 276//276 205//205
f 276//276 6//6 205//205
f 205//205 6//6 3//3
f 6//6 5//5 3//3
f 3//3 5//5 1//1
f 277//277 278//278 279//279
f 278//278 280//280 279//279
f 279//279 280//280 281//281
f 280//280 282//282 281//281
f 281//281 282//282 283//283
f 166//166 284//284 167//167
f 284//284 277//277 167//167
f 167//167 277//277 229//229
f 277//277 279//279 229//229
f 229//229 279//279 228//228
f 279//279 281//281 228//228
f 228//228 281//281 251//251
f 281//281 283//283 251//251
f 283//283 285//285 251//251
f 285//285 286//286 251//251
f 251//251 286//286 252//252
f 286//286 287//287 252//252
f 252//252 287//287 288//288
f 128//128 127//127 24//24
f 127//127 248//248 24//24
f 24//24 248//248 22//22
f 248//248 249//249 22//22
f 22//22 249//249 199//199
f 249//249 250//250 199//199
f 199//199 250//250 215//215
f 250//250 252//252 215//215
f 215//215 252//252 233//233
f 252//252 288//288 233//233
f 233//233 288//288 289//289
f 290//290 291//291 292//292
f 140//140 142//142 138//138
f 142//142 141//141 138//138
f 138//138 141//141 293//293
f 141//141 230//230 293//293
f 293//293 230//230 294//294
f 230//230 231//231 294//294
f 294//294 231//231 295//295
f 231//231 232//232 295//295
f 295//295 232//232 292//292
f 232//232 233//233 292//292
f 292//292 233//233 290//290
f 233//233 289//289 290//290
f 296//296 297//297 241//241
f 297//297 298//298 241//241
f 241//241 298//298 240//240
f 298//298 299//299 240//240
f 240//240 299//299 19//19
f 41//41 136//136 42//42
f 136//136 138//138 42//42
f 42//42 138//138 235//235
f 138//138 293//293 235//235
f 235//235 293//293 237//237
f 293//293 294//294 237//237
f 237//237 294//294 239//239
f 294//294 295//295 239//239
f 239//239 295//295 241//241
f 295//295 292//292 241//241
f 241//241 292//292 296//296
f 292//292 291//291 296//296
f 300//300 301//301 302//302
f 303//303 304//304 305//305
f 306//306 307//307 308//308
f 309//309 310//310 311//311
f 312//312 313//313 314//314
f 315//315 316//316 317//317
f 316//316 318//318 317//317
f 317//317 318//318 319//319
f 305//305 320//320 321//321
f 305//305 321//321 317//317
f 321//321 322//322 317//317
f 317//317 322//322 315//315
f 318//318 323//323 319//319
f 323//323 324//324 319//319
f 319//319 324//324 325//325
f 325//325 324//324 326//326
f 324//324 327//327 326//326
f 326//326 327//327 328//328
f 328//328 327//327 329//329
f 327//327 330//330 329//329
f 329//329 330//330 331//331
f 330//330 332//332 331//331
f 331//331 332//332 333//333
f 332//332 334//334 333//333
f 333//333 334//334 335//335
f 334//334 336//336 335//335
f 336//336 337//337 335//335
f 335//335 337//337 338//338
f 337//337 339//339 338//338
f 338//338 339//339 340//340
f 314//314 313//313 341//341
f 340//340 342//342 338//338
f 342//342 343//343 338//338
f 338//338 343//343 312//312
f 343//343 344//344 312//312
f 312//312 344//344 313//313
f 344//344 345//345 313//313
f 313//313 345//345 341//341
f 345//345 346//346 341//341
f 341//341 346//346 347//347
f 346//346 348//348 347//347
f 347//347 348//348 349//349
f 349//349 348//348 350//350
f 348//348 351//351 350//350
f 350//350 351//351 352//352
f 352//352 351//351 353//353
f 351//351 354//354 353//353
f 353//353 354//354 355//355
f 356//356 357//357 358//358
f 357//357 359//359 358//358
f 358//358 359//359 310//310
f 359//359 360//360 310//310
f 310//310 360//360 311//311
f 360//360 361//361 311//311
f 354//354 362//362 355//355
f 362//362 363//363 355//355
f 355//355 363//363 358//358
f 363//363 364//364 358//358
f 358//358 364//364 356//356
f 309//309 311//311 365//365
f 311//311 361//361 365//365
f 365//365 361//361 366//366
f 361//361 367//367 366//366
f 366//366 367//367 368//368
f 367//367 369//369 368//368
f 368//368 369//369 370//370
f 369//369 371//371 370//370
f 370//370 371//371 372//372
f 371//371 373//373 372//372
f 372//372 373//373 374//374
f 374//374 373//373 375//375
f 373//373 376//376 375//375
f 375//375 376//376 377//377
f 378//378 379//379 376//376
f 379//379 380//380 376//376
f 376//376 380//380 377//377
f 381//381 382//382 383//383
f 382//382 378//378 383//383
f 383//383 378//378 384//384
f 378//378 376//376 384//384
f 381//381 385//385 382//382
f 385//385 386//386 382//382
f 382//382 386//386 387//387
f 386//386 388//388 387//387
f 388//388 389//389 387//387
f 387//387 389//389 390//390
f 389//389 391//391 390//390
f 306//306 392//392 307//307
f 392//392 393//393 307//307
f 307//307 393//393 391//391
f 393//393 394//394 391//391
f 391//391 394//394 390//390
f 395//395 396//396 397//397
f 396//396 398//398 397//397
f 397//397 398//398 308//308
f 398//398 399//399 308//308
f 308//308 399//399 306//306
f 400//400 401//401 402//402
f 401//401 396//396 402//402
f 402//402 396//396 403//403
f 396//396 395//395 403//403
f 400//400 404//404 401//401
f 404//404 405//405 401//401
f 401//401 405//405 406//406
f 405//405 407//407 406//406
f 408//408 409//409 407//407
f 409//409 410//410 407//407
f 407//407 410//410 406//406
f 411//411 412//412 413//413
f 414//414 415//415 416//416
f 415//415 417//417 416//416
f 416//416 417//417 413//413
f 417//417 418//418 413//413
f 413//413 418//418 411//411
f 414//414 416//416 300//300
f 416//416 419//419 300//300
f 300//300 419//419 301//301
f 419//419 420//420 301//301
f 301//301 420//420 302//302
f 420//420 421//421 302//302
f 302//302 421//421 408//408
f 421//421 422//422 408//408
f 408//408 422//422 409//409
f 412//412 423//423 413//413
f 423//423 424//424 413//413
f 413//413 424//424 425//425
f 425//425 424//424 426//426
f 424//424 427//427 426//426
f 426//426 427//427 428//428
f 427//427 429//429 428//428
f 428//428 429//429 430//430
f 429//429 431//431 430//430
f 430//430 431//431 432//432
f 431//431 433//433 432//432
f 432//432 433//433 434//434
f 434//434 433//433 435//435
f 433//433 436//436 435//435
f 435//435 436//436 303//303
f 436//436 437//437 303//303
f 303//303 437//437 304//304
f 437//437 438//438 304//304
f 304//304 438//438 305//305
f 438//438 439//439 305//305
f 305//305 439//439 320//320
f 440//440 441//441 442//442
f 443//443 444//444 445//445
f 446//446 447//447 448//448
f 449//449 450//450 451//451
f 452//452 453//453 454//454
f 455//455 456//456 457//457
f 456//456 458//458 457//457
f 455//455 459//459 456//456
f 459//459 460//460 456//456
f 456//456 460//460 451//451
f 460//460 461//461 451//451
f 451//451 461//461 462//462
f 458//458 456//456 463//463
f 456//456 464//464 463//463
f 463//463 464//464 465//465
f 465//465 464//464 466//466
f 464//464 467//467 466//466
f 466//466 467//467 468//468
f 468//468 467//467 469//469
f 467//467 470//470 469//469
f 469//469 470//470 471//471
f 471//471 470//470 472//472
f 470//470 473//473 472//472
f 472//472 473//473 474//474
f 475//475 476//476 473//473
f 477//477 475//475 478//478
f 476//476 479//479 473//473
f 479//479 480//480 473//473
f 473//473 480//480 474//474
f 453//453 481//481 454//454
f 481//481 482//482 454//454
f 454//454 482//482 478//478
f 482//482 483//483 478//478
f 478//478 483//483 477//477
f 484//484 485//485 486//486
f 485//485 487//487 486//486
f 488//488 489//489 487//487
f 489//489 490//490 487//487
f 487//487 490//490 486//486
f 491//491 492//492 493//493
f 492//492 494//494 493//493
f 493//493 494//494 495//495
f 491//491 493//493 496//496
f 493//493 497//497 496//496
f 496//496 497//497 498//498
f 498//498 497//497 499//499
f 497//497 500//500 499//499
f 499//499 500//500 501//501
f 502//502 503//503 504//504
f 503//503 505//505 504//504
f 506//506 507//507 508//508
f 507//507 509//509 508//508
f 508//508 509//509 502//502
f 509//509 510//510 502//502
f 502//502 510//510 503//503
f 511//511 512//512 441//441
f 441//441 512//512 508//508
f 512//512 513//513 508//508
f 508//508 513//513 506//506
f 440//440 514//514 441//441
f 514//514 515//515 441//441
f 441//441 515//515 511//511
f 516//516 517//517 440//440
f 517//517 518//518 440//440
f 440//440 518//518 514//514
f 519//519 520//520 521//521
f 520//520 522//522 521//521
f 521//521 522//522 523//523
f 523//523 524//524 521//521
f 524//524 525//525 521//521
f 521//521 525//525 526//526
f 525//525 527//527 526//526
f 526//526 527//527 516//516
f 527//527 528//528 516//516
f 516//516 528//528 517//517
f 529//529 530//530 519//519
f 530//530 531//531 519//519
f 519//519 531//531 520//520
f 529//529 519//519 532//532
f 519//519 444//444 532//532
f 532//532 444//444 533//533
f 534//534 535//535 536//536
f 535//535 537//537 536//536
f 536//536 537//537 538//538
f 538//538 539//539 447//447
f 539//539 540//540 447//447
f 540//540 541//541 447//447
f 447//447 541//541 542//542
f 543//543 544//544 536//536
f 544//544 545//545 536//536
f 536//536 545//545 534//534
f 546//546 547//547 548//548
f 547//547 549//549 548//548
f 548//548 549//549 543//543
f 549//549 550//550 543//543
f 543//543 550//550 544//544
f 551//551 552//552 546//546
f 552//552 553//553 546//546
f 546//546 553//553 547//547
f 493//493 554//554 555//555
f 555//555 556//556 493//493
f 556//556 557//557 493//493
f 493//493 557//557 497//497
f 557//557 558//558 497//497
f 497//497 558//558 500//500
f 495//495 488//488 493//493
f 488//488 487//487 493//493
f 493//493 487//487 554//554
f 487//487 559//559 554//554
f 559//559 487//487 560//560
f 487//487 485//485 560//560
f 560//560 485//485 561//561
f 484//484 452//452 485//485
f 452//452 454//454 485//485
f 485//485 454//454 561//561
f 454//454 478//478 561//561
f 561//561 478//478 562//562
f 475//475 473//473 478//478
f 473//473 563//563 478//478
f 478//478 563//563 562//562
f 456//456 564//564 464//464
f 564//564 565//565 464//464
f 464//464 565//565 467//467
f 565//565 566//566 467//467
f 467//467 566//566 470//470
f 566//566 567//567 470//470
f 470//470 567//567 473//473
f 567//567 568//568 473//473
f 473//473 568//568 563//563
f 450//450 569//569 451//451
f 569//569 570//570 451//451
f 451//451 570//570 456//456
f 570//570 571//571 456//456
f 456//456 571//571 564//564
f 462//462 551//551 451//451
f 551//551 546//546 451//451
f 451//451 546//546 449//449
f 546//546 548//548 449//449
f 449//449 548//548 572//572
f 548//548 543//543 572//572
f 572//572 543//543 573//573
f 543//543 536//536 573//573
f 573//573 536//536 574//574
f 538//538 447//447 536//536
f 447//447 446//446 536//536
f 536//536 446//446 575//575
f 575//575 576//576 536//536
f 576//576 577//577 536//536
f 536//536 577//577 574//574
f 542//542 578//578 447//447
f 578//578 579//579 447//447
f 447//447 579//579 448//448
f 579//579 580//580 448//448
f 448//448 580//580 581//581
f 580//580 582//582 581//581
f 581//581 582//582 583//583
f 582//582 584//584 583//583
f 583//583 584//584 443//443
f 584//584 585//585 443//443
f 443//443 585//585 444//444
f 585//585 586//586 444//444
f 444//444 586//586 533//533
f 445//445 444//444 587//587
f 444//444 519//519 587//587
f 587//587 519//519 588//588
f 526//526 589//589 521//521
f 589//589 590//590 521//521
f 521//521 590//590 519//519
f 590//590 591//591 519//519
f 519//519 591//591 588//588
f 442//442 441//441 592//592
f 441//441 508//508 592//592
f 592//592 508//508 593//593
f 504//504 594//594 502//502
f 594//594 595//595 502//502
f 502//502 595//595 508//508
f 595//595 596//596 508//508
f 508//508 596//596 593//593
f 500//500 597//597 501//501
f 597//597 598//598 501//501
f 501//501 598//598 599//599
f 598//598 504//504 599//599
f 599//599 504//504 600//600
f 504//504 505//505 600//600
f 601//601 602//602 603//603
f 604//604 605//605 606//606
f 607//607 608//608 609//609
f 610//610 611//611 612//612
f 611//611 613//613 612//612
f 614//614 615//615 608//608
f 607//607 616//616 608//608
f 616//616 617//617 608//608
f 608//608 617//617 614//614
f 617//617 618//618 614//614
f 614//614 618//618 610//610
f 618//618 619//619 610//610
f 610//610 619//619 611//611
f 620//620 621//621 622//622
f 621//621 623//623 622//622
f 623//623 624//624 622//622
f 624//624 625//625 622//622
f 622//622 625//625 626//626
f 626//626 627//627 622//622
f 627//627 628//628 622//622
f 622//622 628//628 629//629
f 630//630 631//631 632//632
f 631//631 620//620 632//632
f 632//632 620//620 633//633
f 620//620 622//622 633//633
f 628//628 634//634 629//629
f 634//634 635//635 629//629
f 629//629 635//635 636//636
f 635//635 637//637 636//636
f 636//636 637//637 638//638
f 637//637 639//639 638//638
f 638//638 639//639 640//640
f 641//641 642//642 639//639
f 642//642 643//643 639//639
f 639//639 643//643 640//640
f 641//641 644//644 642//642
f 644//644 645//645 642//642
f 642//642 645//645 646//646
f 647//647 648//648 649//649
f 648//648 650//650 649//649
f 649//649 650//650 651//651
f 650//650 652//652 651//651
f 651//651 652//652 653//653
f 652//652 654//654 653//653
f 653//653 654//654 655//655
f 654//654 642//642 655//655
f 655//655 642//642 656//656
f 642//642 646//646 656//656
f 657//657 658//658 659//659
f 657//657 659//659 660//660
f 659//659 661//661 660//660
f 660//660 661//661 662//662
f 663//663 664//664 665//665
f 663//663 665//665 666//666
f 667//667 668//668 669//669
f 668//668 670//670 669//669
f 669//669 670//670 671//671
f 670//670 672//672 671//671
f 671//671 672//672 673//673
f 672//672 674//674 673//673
f 673//673 674//674 675//675
f 674//674 676//676 675//675
f 675//675 676//676 677//677
f 676//676 678//678 677//677
f 677//677 678//678 679//679
f 678//678 680//680 679//679
f 679//679 680//680 681//681
f 680//680 682//682 681//681
f 681//681 682//682 683//683
f 682//682 666//666 683//683
f 683//683 666//666 684//684
f 666//666 665//665 684//684
f 685//685 686//686 667//667
f 686//686 687//687 667//667
f 667//667 687//687 668//668
f 667//667 688//688 685//685
f 688//688 689//689 685//685
f 685//685 689//689 690//690
f 689//689 691//691 690//690
f 690//690 691//691 692//692
f 604//604 606//606 693//693
f 693//693 694//694 695//695
f 694//694 696//696 695//695
f 695//695 696//696 697//697
f 697//697 696//696 698//698
f 696//696 699//699 698//698
f 698//698 699//699 700//700
f 699//699 701//701 700//700
f 700//700 701//701 702//702
f 701//701 631//631 702//702
f 702//702 631//631 613//613
f 631//631 630//630 613//613
f 613//613 630//630 612//612
f 703//703 704//704 705//705
f 704//704 706//706 705//705
f 707//707 708//708 709//709
f 708//708 710//710 709//709
f 709//709 710//710 705//705
f 710//710 711//711 705//705
f 705//705 711//711 703//703
f 603//603 602//602 712//712
f 713//713 714//714 715//715
f 714//714 716//716 715//715
f 715//715 716//716 717//717
f 717//717 716//716 603//603
f 716//716 718//718 603//603
f 603//603 718//718 601//601
f 719//719 720//720 721//721
f 719//719 721//721 722//722
f 723//723 724//724 725//725
f 724//724 722//722 725//725
f 725//725 722//722 726//726
f 722//722 721//721 726//726
f 721//721 713//713 726//726
f 726//726 713//713 727//727
f 713//713 715//715 727//727
f 727//727 715//715 728//728
f 715//715 717//717 728//728
f 728//728 717//717 729//729
f 717//717 730//730 729//729
f 729//729 730//730 731//731
f 732//732 733//733 734//734
f 733//733 735//735 734//734
f 735//735 736//736 734//734
f 734//734 736//736 737//737
f 736//736 738//738 737//737
f 737//737 738//738 739//739
f 738//738 740//740 739//739
f 738//738 741//741 740//740
f 741//741 742//742 740//740
f 740//740 742//742 730//730
f 742//742 743//743 730//730
f 730//730 743//743 731//731
f 732//732 734//734 744//744
f 734//734 745//745 744//744
f 744//744 745//745 746//746
f 746//746 747//747 744//744
f 747//747 748//748 744//744
f 744//744 748//748 749//749
f 749//749 750//750 751//751
f 750//750 752//752 751//751
f 751//751 752//752 753//753
f 752//752 754//754 753//753
f 753//753 754//754 755//755
f 662//662 661//661 756//756
f 661//661 757//757 756//756
f 756//756 757//757 758//758
f 757//757 759//759 758//758
f 758//758 759//759 760//760
f 761//761 762//762 763//763
f 762//762 764//764 763//763
f 763//763 764//764 765//765
f 765//765 766//766 763//763
f 766//766 767//767 763//763
f 763//763 767//767 659//659
f 761//761 763//763 768//768
f 763//763 769//769 768//768
f 768//768 769//769 770//770
f 769//769 771//771 770//770
f 770//770 771//771 772//772
f 651//651 772//772 649//649
f 772//772 771//771 649//649
f 649//649 771//771 647//647
f 771//771 769//769 647//647
f 647//647 769//769 773//773
f 769//769 763//763 773//773
f 773//773 763//763 774//774
f 763//763 659//659 774//774
f 774//774 659//659 663//663
f 659//659 658//658 663//663
f 663//663 658//658 664//664
f 699//699 775//775 701//701
f 775//775 776//776 701//701
f 701//701 776//776 631//631
f 776//776 777//777 631//631
f 631//631 777//777 620//620
f 778//778 779//779 694//694
f 779//779 780//780 694//694
f 694//694 780//780 696//696
f 780//780 781//781 696//696
f 696//696 781//781 699//699
f 781//781 782//782 699//699
f 699//699 782//782 775//775
f 693//693 606//606 694//694
f 606//606 783//783 694//694
f 694//694 783//783 784//784
f 784//784 785//785 694//694
f 785//785 786//786 694//694
f 694//694 786//786 787//787
f 787//787 788//788 694//694
f 788//788 789//789 694//694
f 694//694 789//789 778//778
f 749//749 748//748 750//750
f 748//748 790//790 750//750
f 750//750 790//790 752//752
f 790//790 783//783 752//752
f 752//752 783//783 754//754
f 783//783 606//606 754//754
f 754//754 606//606 755//755
f 606//606 605//605 755//755
f 755//755 605//605 691//691
f 605//605 791//791 691//691
f 691//691 791//791 692//692
f 705//705 792//792 793//793
f 602//602 707//707 712//712
f 707//707 709//709 712//712
f 712//712 709//709 794//794
f 709//709 705//705 794//794
f 794//794 705//705 795//795
f 705//705 793//793 795//795
f 796//796 797//797 705//705
f 797//797 798//798 705//705
f 798//798 799//799 705//705
f 705//705 799//799 792//792
f 767//767 800//800 659//659
f 800//800 801//801 659//659
f 659//659 801//801 661//661
f 801//801 802//802 661//661
f 661//661 802//802 757//757
f 802//802 796//796 757//757
f 757//757 796//796 759//759
f 796//796 705//705 759//759
f 759//759 705//705 760//760
f 705//705 706//706 760//760
f 803//803 804//804 805//805
f 806//806 807//807 808//808
f 809//809 810//810 811//811
f 812//812 813//813 804//804
f 812//812 804//804 814//814
f 815//815 816//816 817//817
f 816//816 818//818 817//817
f 814//814 804//804 818//818
f 804//804 819//819 818//818
f 818//818 819//819 817//817
f 813//813 820//820 804//804
f 820//820 821//821 804//804
f 804//804 821//821 822//822
f 823//823 805//805 824//824
f 805//805 804//804 824//824
f 824//824 804//804 825//825
f 804//804 822//822 825//825
f 823//823 826//826 805//805
f 826//826 827//827 805//805
f 805//805 827//827 828//828
f 828//828 829//829 805//805
f 829//829 830//830 805//805
f 805//805 830//830 831//831
f 831//831 832//832 805//805
f 832//832 833//833 805//805
f 805//805 833//833 834//834
f 833//833 835//835 834//834
f 834//834 835//835 836//836
f 837//837 838//838 839//839
f 840//840 839//839 841//841
f 839//839 834//834 841//841
f 841//841 834//834 842//842
f 834//834 836//836 842//842
f 843//843 844//844 839//839
f 844//844 845//845 839//839
f 839//839 845//845 837//837
f 840//840 846//846 839//839
f 846//846 847//847 839//839
f 839//839 847//847 848//848
f 848//848 849//849 839//839
f 849//849 850//850 839//839
f 839//839 850//850 843//843
f 851//851 852//852 853//853
f 852//852 854//854 853//853
f 853//853 854//854 855//855
f 855//855 856//856 853//853
f 856//856 857//857 853//853
f 853//853 857//857 858//858
f 858//858 859//859 853//853
f 859//859 860//860 853//853
f 853//853 860//860 861//861
f 860//860 862//862 861//861
f 861//861 862//862 863//863
f 862//862 864//864 863//863
f 863//863 864//864 815//815
f 864//864 865//865 815//815
f 815//815 865//865 816//816
f 866//866 867//867 868//868
f 810//810 869//869 811//811
f 869//869 870//870 811//811
f 811//811 870//870 868//868
f 870//870 871//871 868//868
f 868//868 871//871 866//866
f 872//872 873//873 868//868
f 867//867 874//874 868//868
f 874//874 875//875 868//868
f 868//868 875//875 876//876
f 876//876 877//877 868//868
f 877//877 878//878 868//868
f 868//868 878//878 872//872
f 879//879 880//880 881//881
f 881//881 882//882 879//879
f 882//882 883//883 879//879
f 879//879 883//883 884//884
f 884//884 885//885 879//879
f 885//885 886//886 879//879
f 879//879 886//886 887//887
f 887//887 888//888 879//879
f 888//888 889//889 879//879
f 879//879 889//889 890//890
f 889//889 891//891 890//890
f 890//890 891//891 892//892
f 891//891 893//893 892//892
f 893//893 894//894 892//892
f 892//892 894//894 895//895
f 894//894 896//896 895//895
f 895//895 896//896 897//897
f 898//898 899//899 900//900
f 901//901 902//902 897//897
f 896//896 903//903 897//897
f 903//903 904//904 897//897
f 897//897 904//904 905//905
f 905//905 906//906 897//897
f 906//906 907//907 897//897
f 897//897 907//907 901//901
f 899//899 908//908 900//900
f 908//908 909//909 900//900
f 900//900 909//909 910//910
f 910//910 911//911 900//900
f 911//911 912//912 900//900
f 900//900 912//912 913//913
f 913//913 914//914 900//900
f 914//914 915//915 900//900
f 900//900 915//915 811//811
f 915//915 916//916 811//811
f 811//811 916//916 809//809
f 917//917 918//918 919//919
f 918//918 808//808 919//919
f 919//919 808//808 920//920
f 808//808 807//807 920//920
f 806//806 808//808 921//921
f 808//808 922//922 921//921
f 921//921 922//922 923//923
f 923//923 922//922 924//924
f 922//922 925//925 924//924
f 924//924 925//925 926//926
f 926//926 925//925 927//927
f 925//925 928//928 927//927
f 927//927 928//928 929//929
f 929//929 928//928 930//930
f 928//928 931//931 930//930
f 930//930 931//931 932//932
f 932//932 931//931 933//933
f 931//931 868//868 933//933
f 933//933 868//868 879//879
f 868//868 873//873 879//879
f 879//879 873//873 880//880
f 902//902 898//898 897//897
f 898//898 900//900 897//897
f 897//897 900//900 934//934
f 900//900 935//935 934//934
f 934//934 935//935 936//936
f 936//936 935//935 937//937
f 935//935 938//938 937//937
f 937//937 938//938 939//939
f 939//939 938//938 940//940
f 938//938 941//941 940//940
f 940//940 941//941 942//942
f 943//943 944//944 945//945
f 945//945 946//946 943//943
f 946//946 947//947 943//943
f 943//943 947//947 941//941
f 947//947 948//948 941//941
f 941//941 948//948 942//942
f 944//944 943//943 949//949
f 943//943 950//950 949//949
f 949//949 950//950 951//951
f 952//952 953//953 954//954
f 953//953 955//955 954//954
f 954//954 955//955 950//950
f 955//955 956//956 950//950
f 950//950 956//956 951//951
f 957//957 958//958 954//954
f 958//958 959//959 954//954
f 954//954 959//959 952//952
f 960//960 961//961 957//957
f 961//961 962//962 957//957
f 957//957 962//962 958//958
f 960//960 957//957 963//963
f 957//957 839//839 963//963
f 963//963 839//839 853//853
f 839//839 838//838 853//853
f 853//853 838//838 851//851
f 964//964 965//965 805//805
f 965//965 966//966 805//805
f 805//805 966//966 803//803
f 967//967 968//968 964//964
f 968//968 969//969 964//964
f 964//964 969//969 965//965
f 967//967 964//964 970//970
f 964//964 971//971 970//970
f 970//970 971//971 972//972
f 973//973 974//974 975//975
f 974//974 976//976 975//975
f 975//975 976//976 971//971
f 976//976 977//977 971//971
f 971//971 977//977 972//972
f 978//978 979//979 980//980
f 979//979 981//981 980//980
f 981//981 982//982 980//980
f 980//980 982//982 983//983
f 983//983 984//984 980//980
f 984//984 985//985 980//980
f 980//980 985//985 986//986
f 986//986 987//987 980//980
f 987//987 988//988 980//980
f 980//980 988//988 975//975
f 988//988 989//989 975//975
f 989//989 990//990 975//975
f 990//990 991//991 975//975
f 975//975 991//991 992//992
f 992//992 993//993 975//975
f 993//993 994//994 975//975
f 975//975 994//994 995//995
f 995//995 996//996 975//975
f 996//996 997//997 975//975
f 975//975 997//997 998//998
f 998//998 999//999 975//975
f 999//999 1000//1000 975//975
f 975//975 1000//1000 1001//1001
f 1001//1001 1002//1002 975//975
f 1002//1002 1003//1003 975//975
f 975//975 1003//1003 973//973
f 1004//1004 1005//1005 1006//1006
f 1005//1005 1007//1007 1006//1006
f 1007//1007 1008//1008 1006//1006
f 1006//1006 1008//1008 980//980
f 1008//1008 1009//1009 980//980
f 1009//1009 1010//1010 980//980
f 980//980 1010//1010 1011//1011
f 1011//1011 1012//1012 980//980
f 1012//1012 1013//1013 980//980
f 980//980 1013//1013 978//978
f 1014//1014 1015//1015 1016//1016
f 1015//1015 1017//1017 1016//1016
f 1016//1016 1017//1017 1006//1006
f 1017//1017 1018//1018 1006//1006
f 1006//1006 1018//1018 1004//1004
f 1019//1019 1020//1020 1016//1016
f 1020//1020 1021//1021 1016//1016
f 1016//1016 1021//1021 1014//1014
f 1022//1022 1023//1023 1019//1019
f 1023//1023 1024//1024 1019//1019
f 1019//1019 1024//1024 1020//1020
f 1025//1025 1026//1026 1022//1022
f 1026//1026 1027//1027 1022//1022
f 1022//1022 1027//1027 1023//1023
f 1028//1028 1029//1029 1030//1030
f 1029//1029 1031//1031 1030//1030
f 1031//1031 1032//1032 1030//1030
f 1030//1030 1032//1032 1025//1025
f 1032//1032 1033//1033 1025//1025
f 1025//1025 1033//1033 1026//1026
f 917//917 1034//1034 918//918
f 1034//1034 1035//1035 918//918
f 918//918 1035//1035 1036//1036
f 1036//1036 1037//1037 918//918
f 1037//1037 1038//1038 918//918
f 918//918 1038//1038 1030//1030
f 1038//1038 1039//1039 1030//1030
f 1039//1039 1040//1040 1030//1030
f 1030//1030 1040//1040 1041//1041
f 1041//1041 1042//1042 1030//1030
f 1042//1042 1043//1043 1030//1030
f 1030//1030 1043//1043 1044//1044
f 1044//1044 1045//1045 1030//1030
f 1045//1045 1046//1046 1030//1030
f 1030//1030 1046//1046 1047//1047
f 1047//1047 1048//1048 1030//1030
f 1048//1048 1049//1049 1030//1030
f 1030//1030 1049//1049 1050//1050
f 1050//1050 1051//1051 1030//1030
f 1051//1051 1052//1052 1030//1030
f 1030//1030 1052//1052 1028//1028
f 823//823 1053//1053 1054//1054
f 1053//1053 823//823 1055//1055
f 823//823 824//824 1055//1055
f 1055//1055 824//824 825//825
f 821//821 820//820 1056//1056
f 825//825 822//822 1055//1055
f 822//822 821//821 1055//1055
f 1055//1055 821//821 1057//1057
f 821//821 1056//1056 1057//1057
f 818//818 1058//1058 814//814
f 1058//1058 1059//1059 814//814
f 814//814 1059//1059 812//812
f 1059//1059 1056//1056 812//812
f 812//812 1056//1056 813//813
f 1056//1056 820//820 813//813
f 816//816 1060//1060 818//818
f 1060//1060 1061//1061 818//818
f 818//818 1061//1061 1058//1058
f 858//858 1062//1062 859//859
f 1062//1062 1063//1063 859//859
f 859//859 1063//1063 860//860
f 1063//1063 1064//1064 860//860
f 860//860 1064//1064 862//862
f 1064//1064 1065//1065 862//862
f 862//862 1065//1065 864//864
f 1065//1065 1060//1060 864//864
f 864//864 1060//1060 865//865
f 1060//1060 816//816 865//865
f 1066//1066 1067//1067 858//858
f 1067//1067 1068//1068 858//858
f 858//858 1068//1068 1062//1062
f 858//858 857//857 1066//1066
f 857//857 856//856 1066//1066
f 1066//1066 856//856 1069//1069
f 856//856 855//855 1069//1069
f 1069//1069 855//855 1070//1070
f 855//855 854//854 1070//1070
f 1070//1070 854//854 1071//1071
f 854//854 852//852 1071//1071
f 1071//1071 852//852 1072//1072
f 852//852 851//851 1072//1072
f 1072//1072 851//851 1073//1073
f 851//851 838//838 1073//1073
f 1073//1073 838//838 1074//1074
f 838//838 837//837 1074//1074
f 837//837 845//845 1074//1074
f 1074//1074 845//845 1075//1075
f 845//845 844//844 1075//1075
f 1075//1075 844//844 1076//1076
f 844//844 843//843 1076//1076
f 1076//1076 843//843 1077//1077
f 843//843 850//850 1077//1077
f 1077//1077 850//850 1078//1078
f 850//850 849//849 1078//1078
f 1078//1078 849//849 1079//1079
f 849//849 848//848 1079//1079
f 1079//1079 848//848 1080//1080
f 848//848 847//847 1080//1080
f 1080//1080 847//847 1081//1081
f 847//847 846//846 1081//1081
f 1081//1081 846//846 1082//1082
f 846//846 840//840 1082//1082
f 1082//1082 840//840 1083//1083
f 840//840 841//841 1083//1083
f 1083//1083 841//841 1084//1084
f 841//841 842//842 1084//1084
f 1084//1084 842//842 1085//1085
f 842//842 836//836 1085//1085
f 1085//1085 836//836 1086//1086
f 836//836 835//835 1086//1086
f 835//835 833//833 1086//1086
f 1086//1086 833//833 1087//1087
f 833//833 832//832 1087//1087
f 1087//1087 832//832 1088//1088
f 832//832 831//831 1088//1088
f 1088//1088 831//831 1089//1089
f 831//831 830//830 1089//1089
f 1089//1089 830//830 1090//1090
f 830//830 829//829 1090//1090
f 1090//1090 829//829 1091//1091
f 829//829 828//828 1091//1091
f 1054//1054 1092//1092 823//823
f 1092//1092 1093//1093 823//823
f 823//823 1093//1093 1094//1094
f 828//828 827//827 1091//1091
f 827//827 826//826 1091//1091
f 1091//1091 826//826 1095//1095
f 826//826 823//823 1095//1095
f 1095//1095 823//823 1096//1096
f 823//823 1094//1094 1096//1096
f 873//873 1097//1097 880//880
f 1097//1097 1098//1098 880//880
f 880//880 1098//1098 881//881
f 877//877 1099//1099 878//878
f 1099//1099 1100//1100 878//878
f 1100//1100 1101//1101 878//878
f 1101//1101 1102//1102 878//878
f 878//878 1102//1102 872//872
f 1102//1102 1103//1103 872//872
f 872//872 1103//1103 873//873
f 1103//1103 1104//1104 873//873
f 873//873 1104//1104 1097//1097
f 875//875 874//874 1105//1105
f 877//877 876//876 1099//1099
f 876//876 875//875 1099//1099
f 1099//1099 875//875 1106//1106
f 875//875 1105//1105 1106//1106
f 869//869 1107//1107 870//870
f 1107//1107 1108//1108 870//870
f 870//870 1108//1108 871//871
f 1108//1108 1109//1109 871//871
f 871//871 1109//1109 866//866
f 1109//1109 1105//1105 866//866
f 866//866 1105//1105 867//867
f 1105//1105 874//874 867//867
f 810//810 1110//1110 869//869
f 1110//1110 1111//1111 869//869
f 869//869 1111//1111 1107//1107
f 810//810 809//809 1110//1110
f 809//809 916//916 1110//1110
f 1110//1110 916//916 1112//1112
f 916//916 915//915 1112//1112
f 1112//1112 915//915 1113//1113
f 915//915 914//914 1113//1113
f 1113//1113 914//914 1114//1114
f 914//914 913//913 1114//1114
f 1114//1114 913//913 1115//1115
f 1115//1115 913//913 1116//1116
f 913//913 912//912 1116//1116
f 1116//1116 912//912 1117//1117
f 912//912 911//911 1117//1117
f 1117//1117 911//911 1118//1118
f 911//911 910//910 1118//1118
f 1118//1118 910//910 1119//1119
f 910//910 909//909 1119//1119
f 1119//1119 909//909 1120//1120
f 909//909 908//908 1120//1120
f 1120//1120 908//908 1121//1121
f 908//908 899//899 1121//1121
f 899//899 898//898 1121//1121
f 1121//1121 898//898 1122//1122
f 898//898 902//902 1122//1122
f 1122//1122 902//902 1123//1123
f 902//902 901//901 1123//1123
f 1123//1123 901//901 1124//1124
f 901//901 907//907 1124//1124
f 1124//1124 907//907 1125//1125
f 907//907 906//906 1125//1125
f 1125//1125 906//906 1126//1126
f 906//906 905//905 1126//1126
f 1126//1126 905//905 1127//1127
f 905//905 904//904 1127//1127
f 1127//1127 904//904 1128//1128
f 904//904 903//903 1128//1128
f 1128//1128 903//903 1129//1129
f 903//903 896//896 1129//1129
f 1129//1129 896//896 1130//1130
f 896//896 894//894 1130//1130
f 1130//1130 894//894 1131//1131
f 894//894 893//893 1131//1131
f 1131//1131 893//893 1132//1132
f 893//893 891//891 1132//1132
f 891//891 889//889 1132//1132
f 1132//1132 889//889 1133//1133
f 889//889 888//888 1133//1133
f 1133//1133 888//888 1134//1134
f 888//888 887//887 1134//1134
f 1134//1134 887//887 1135//1135
f 887//887 886//886 1135//1135
f 1135//1135 886//886 1136//1136
f 886//886 885//885 1136//1136
f 1136//1136 885//885 1137//1137
f 885//885 884//884 1137//1137
f 1137//1137 884//884 1138//1138
f 884//884 883//883 1138//1138
f 883//883 882//882 1138//1138
f 1138//1138 882//882 1139//1139
f 882//882 881//881 1139//1139
f 1139//1139 881//881 1140//1140
f 881//881 1098//1098 1140//1140
f 1141//1141 1142//1142 1143//1143
f 1144//1144 1142//1142 1141//1141
f 1145//1145 1142//1142 1146//1146
f 1147//1147 1148//1148 1149//1149
f 1150//1150 1151//1151 1152//1152
f 1153//1153 1154//1154 1155//1155
f 1156//1156 1157//1157 1158//1158
f 1159//1159 1160//1160 1161//1161
f 1162//1162 1163//1163 1164//1164
f 1165//1165 1166//1166 1167//1167
f 1168//1168 1169//1169 1170//1170
f 1171//1171 1172//1172 1173//1173
f 1174//1174 1175//1175 1176//1176
f 1177//1177 1178//1178 1179//1179
f 1180//1180 1181//1181 1182//1182
f 1183//1183 1184//1184 1185//1185
f 1186//1186 1187//1187 1188//1188
f 1189//1189 1190//1190 1191//1191
f 1192//1192 1193//1193 1194//1194
f 803//803 966//966 1195//1195
f 1196//1196 1197//1197 1198//1198
f 1197//1197 1199//1199 1198//1198
f 1198//1198 1199//1199 1200//1200
f 1199//1199 1201//1201 1200//1200
f 1202//1202 1203//1203 1201//1201
f 1203//1203 1204//1204 1201//1201
f 1201//1201 1204//1204 1200//1200
f 1205//1205 1206//1206 1207//1207
f 1206//1206 1208//1208 1207//1207
f 1207//1207 1208//1208 969//969
f 1195//1195 966//966 1208//1208
f 966//966 965//965 1208//1208
f 1208//1208 965//965 969//969
f 803//803 1195//1195 804//804
f 1195//1195 1209//1209 804//804
f 804//804 1209//1209 819//819
f 819//819 1209//1209 817//817
f 1209//1209 1210//1210 817//817
f 817//817 1210//1210 815//815
f 815//815 1210//1210 863//863
f 1210//1210 1211//1211 863//863
f 863//863 1211//1211 861//861
f 961//961 960//960 1212//1212
f 960//960 963//963 1212//1212
f 1212//1212 963//963 1211//1211
f 963//963 853//853 1211//1211
f 1211//1211 853//853 861//861
f 961//961 1212//1212 962//962
f 1212//1212 1213//1213 962//962
f 962//962 1213//1213 958//958
f 958//958 1213//1213 959//959
f 1213//1213 1214//1214 959//959
f 959//959 1214//1214 952//952
f 1215//1215 1216//1216 1217//1217
f 1216//1216 1218//1218 1217//1217
f 1217//1217 1218//1218 1219//1219
f 1218//1218 1220//1220 1219//1219
f 1219//1219 1220//1220 953//953
f 1220//1220 955//955 953//953
f 1192//1192 1194//1194 1221//1221
f 1222//1222 1223//1223 1224//1224
f 1223//1223 1225//1225 1224//1224
f 1224//1224 1225//1225 1226//1226
f 1225//1225 1227//1227 1226//1226
f 1226//1226 1227//1227 1228//1228
f 1227//1227 1229//1229 1228//1228
f 1228//1228 1229//1229 1230//1230
f 1142//1142 1231//1231 1232//1232
f 1231//1231 1233//1233 1232//1232
f 1232//1232 1233//1233 1222//1222
f 1233//1233 1234//1234 1222//1222
f 1222//1222 1234//1234 1223//1223
f 1148//1148 1235//1235 1236//1236
f 1235//1235 1148//1148 1237//1237
f 1148//1148 1147//1147 1237//1237
f 1237//1237 1147//1147 1238//1238
f 1239//1239 1240//1240 1241//1241
f 1240//1240 1242//1242 1241//1241
f 1241//1241 1242//1242 1187//1187
f 1243//1243 1244//1244 1245//1245
f 1244//1244 1246//1246 1245//1245
f 1245//1245 1246//1246 1247//1247
f 1248//1248 1249//1249 1250//1250
f 1251//1251 1252//1252 1253//1253
f 1252//1252 1254//1254 1253//1253
f 1255//1255 1256//1256 1257//1257
f 1256//1256 1258//1258 1257//1257
f 1257//1257 1258//1258 1185//1185
f 1258//1258 1259//1259 1185//1185
f 1185//1185 1259//1259 1183//1183
f 1260//1260 1261//1261 1262//1262
f 1261//1261 1263//1263 1262//1262
f 1263//1263 1264//1264 1262//1262
f 1262//1262 1264//1264 1265//1265
f 1264//1264 1266//1266 1265//1265
f 1265//1265 1266//1266 1267//1267
f 1268//1268 1269//1269 1270//1270
f 1269//1269 1271//1271 1270//1270
f 1272//1272 1158//1158 1273//1273
f 1158//1158 1157//1157 1273//1273
f 1273//1273 1157//1157 1271//1271
f 1157//1157 1274//1274 1271//1271
f 1271//1271 1274//1274 1270//1270
f 1272//1272 1275//1275 1158//1158
f 1275//1275 1276//1276 1158//1158
f 1158//1158 1276//1276 1277//1277
f 1277//1277 1278//1278 1158//1158
f 1278//1278 1279//1279 1158//1158
f 1158//1158 1279//1279 1262//1262
f 1279//1279 1280//1280 1262//1262
f 1262//1262 1280//1280 1260//1260
f 1281//1281 1282//1282 1268//1268
f 1282//1282 1283//1283 1268//1268
f 1268//1268 1283//1283 1284//1284
f 1285//1285 1286//1286 1287//1287
f 1286//1286 1281//1281 1287//1287
f 1287//1287 1281//1281 1288//1288
f 1281//1281 1268//1268 1288//1288
f 1284//1284 1289//1289 1268//1268
f 1289//1289 1290//1290 1268//1268
f 1268//1268 1290//1290 1269//1269
f 1291//1291 1292//1292 1285//1285
f 1292//1292 1293//1293 1285//1285
f 1285//1285 1293//1293 1286//1286
f 1294//1294 1295//1295 1296//1296
f 1297//1297 1298//1298 1299//1299
f 1298//1298 1294//1294 1299//1299
f 1299//1299 1294//1294 1300//1300
f 1294//1294 1296//1296 1300//1300
f 1295//1295 1301//1301 1296//1296
f 1301//1301 1302//1302 1296//1296
f 1296//1296 1302//1302 1303//1303
f 1285//1285 1304//1304 1291//1291
f 1304//1304 1305//1305 1291//1291
f 1291//1291 1305//1305 1306//1306
f 1305//1305 1296//1296 1306//1306
f 1306//1306 1296//1296 1307//1307
f 1296//1296 1303//1303 1307//1307
f 1201//1201 1308//1308 1202//1202
f 1308//1308 1309//1309 1202//1202
f 1202//1202 1309//1309 1310//1310
f 1311//1311 1312//1312 1297//1297
f 1312//1312 1313//1313 1297//1297
f 1297//1297 1313//1313 1298//1298
f 1309//1309 1314//1314 1310//1310
f 1314//1314 1315//1315 1310//1310
f 1310//1310 1315//1315 1297//1297
f 1315//1315 1316//1316 1297//1297
f 1297//1297 1316//1316 1311//1311
f 1217//1217 1317//1317 1318//1318
f 1319//1319 1180//1180 1320//1320
f 1180//1180 1182//1182 1320//1320
f 1320//1320 1182//1182 1321//1321
f 1182//1182 1322//1322 1321//1321
f 1321//1321 1322//1322 1230//1230
f 1322//1322 1323//1323 1230//1230
f 1230//1230 1323//1323 1228//1228
f 1323//1323 1324//1324 1228//1228
f 1228//1228 1324//1324 1226//1226
f 1324//1324 1325//1325 1226//1226
f 1226//1226 1325//1325 1224//1224
f 1325//1325 1326//1326 1224//1224
f 1224//1224 1326//1326 1222//1222
f 1326//1326 1327//1327 1222//1222
f 1222//1222 1327//1327 1232//1232
f 1327//1327 1328//1328 1232//1232
f 1232//1232 1328//1328 1142//1142
f 1229//1229 1329//1329 1230//1230
f 1329//1329 1330//1330 1230//1230
f 1230//1230 1330//1330 1321//1321
f 1330//1330 1331//1331 1321//1321
f 1321//1321 1331//1331 1320//1320
f 1331//1331 1221//1221 1320//1320
f 1320//1320 1221//1221 1319//1319
f 1221//1221 1194//1194 1319//1319
f 1319//1319 1194//1194 1180//1180
f 1194//1194 1332//1332 1180//1180
f 1180//1180 1332//1332 1181//1181
f 1178//1178 1174//1174 1179//1179
f 1174//1174 1176//1176 1179//1179
f 1179//1179 1176//1176 1333//1333
f 1177//1177 1334//1334 1178//1178
f 1334//1334 1335//1335 1178//1178
f 1178//1178 1335//1335 1174//1174
f 1335//1335 1336//1336 1174//1174
f 1174//1174 1336//1336 1175//1175
f 1337//1337 1338//1338 1339//1339
f 1338//1338 1340//1340 1339//1339
f 1177//1177 1318//1318 1334//1334
f 1318//1318 1317//1317 1334//1334
f 1334//1334 1317//1317 1335//1335
f 1317//1317 1341//1341 1335//1335
f 1335//1335 1341//1341 1336//1336
f 1341//1341 1342//1342 1336//1336
f 1336//1336 1342//1342 1175//1175
f 1342//1342 1343//1343 1175//1175
f 1175//1175 1343//1343 1176//1176
f 1343//1343 1344//1344 1176//1176
f 1345//1345 1172//1172 1346//1346
f 1172//1172 1171//1171 1346//1346
f 1346//1346 1171//1171 1347//1347
f 1348//1348 1347//1347 1349//1349
f 1347//1347 1171//1171 1349//1349
f 1349//1349 1171//1171 1350//1350
f 1171//1171 1173//1173 1350//1350
f 1350//1350 1173//1173 1351//1351
f 1352//1352 1353//1353 1354//1354
f 1353//1353 1355//1355 1354//1354
f 1354//1354 1355//1355 1337//1337
f 1355//1355 1356//1356 1337//1337
f 1337//1337 1356//1356 1338//1338
f 1357//1357 1348//1348 1358//1358
f 1348//1348 1349//1349 1358//1358
f 1358//1358 1349//1349 1359//1359
f 1349//1349 1350//1350 1359//1359
f 1359//1359 1350//1350 1360//1360
f 1350//1350 1351//1351 1360//1360
f 1360//1360 1351//1351 1361//1361
f 1353//1353 1362//1362 1355//1355
f 1362//1362 1363//1363 1355//1355
f 1355//1355 1363//1363 1356//1356
f 1363//1363 1364//1364 1356//1356
f 1356//1356 1364//1364 1338//1338
f 1364//1364 1365//1365 1338//1338
f 1338//1338 1365//1365 1340//1340
f 1366//1366 1367//1367 1368//1368
f 1369//1369 1357//1357 1370//1370
f 1357//1357 1358//1358 1370//1370
f 1370//1370 1358//1358 1371//1371
f 1358//1358 1359//1359 1371//1371
f 1371//1371 1359//1359 1372//1372
f 1359//1359 1360//1360 1372//1372
f 1372//1372 1360//1360 1373//1373
f 1360//1360 1361//1361 1373//1373
f 1373//1373 1361//1361 1374//1374
f 1170//1170 1169//1169 1375//1375
f 1169//1169 1376//1376 1375//1375
f 1375//1375 1376//1376 1377//1377
f 1206//1206 1378//1378 1208//1208
f 1378//1378 1379//1379 1208//1208
f 1208//1208 1379//1379 1195//1195
f 1379//1379 1380//1380 1195//1195
f 1195//1195 1380//1380 1209//1209
f 1380//1380 1381//1381 1209//1209
f 1209//1209 1381//1381 1210//1210
f 1381//1381 1382//1382 1210//1210
f 1210//1210 1382//1382 1211//1211
f 1382//1382 1383//1383 1211//1211
f 1211//1211 1383//1383 1212//1212
f 1383//1383 1384//1384 1212//1212
f 1212//1212 1384//1384 1213//1213
f 1384//1384 1385//1385 1213//1213
f 1213//1213 1385//1385 1214//1214
f 1168//1168 1386//1386 1169//1169
f 1386//1386 1366//1366 1169//1169
f 1169//1169 1366//1366 1376//1376
f 1366//1366 1368//1368 1376//1376
f 1376//1376 1368//1368 1377//1377
f 1387//1387 1369//1369 1388//1388
f 1369//1369 1370//1370 1388//1388
f 1388//1388 1370//1370 1389//1389
f 1370//1370 1371//1371 1389//1389
f 1389//1389 1371//1371 1390//1390
f 1371//1371 1372//1372 1390//1390
f 1390//1390 1372//1372 1391//1391
f 1372//1372 1373//1373 1391//1391
f 1391//1391 1373//1373 1392//1392
f 1373//1373 1374//1374 1392//1392
f 1392//1392 1374//1374 1393//1393
f 972//972 1394//1394 970//970
f 1394//1394 1395//1395 970//970
f 970//970 1395//1395 967//967
f 1395//1395 968//968 967//967
f 1341//1341 1339//1339 1342//1342
f 1339//1339 1340//1340 1342//1342
f 1342//1342 1340//1340 1343//1343
f 1340//1340 1365//1365 1343//1343
f 1343//1343 1365//1365 1344//1344
f 1365//1365 1364//1364 1344//1344
f 1344//1344 1364//1364 1396//1396
f 1364//1364 1363//1363 1396//1396
f 1396//1396 1363//1363 1367//1367
f 1363//1363 1362//1362 1367//1367
f 1367//1367 1362//1362 1368//1368
f 1362//1362 1353//1353 1368//1368
f 1368//1368 1353//1353 1377//1377
f 1353//1353 1352//1352 1377//1377
f 1377//1377 1352//1352 1375//1375
f 1352//1352 1397//1397 1375//1375
f 1375//1375 1397//1397 1170//1170
f 1397//1397 1398//1398 1170//1170
f 1170//1170 1398//1398 1168//1168
f 1398//1398 1399//1399 1168//1168
f 1168//1168 1399//1399 1386//1386
f 1399//1399 1400//1400 1386//1386
f 1142//1142 1387//1387 1401//1401
f 1387//1387 1388//1388 1401//1401
f 1401//1401 1388//1388 1402//1402
f 1388//1388 1389//1389 1402//1402
f 1402//1402 1389//1389 1403//1403
f 1389//1389 1390//1390 1403//1403
f 1403//1403 1390//1390 1404//1404
f 1390//1390 1391//1391 1404//1404
f 1404//1404 1391//1391 1405//1405
f 1391//1391 1392//1392 1405//1405
f 1405//1405 1392//1392 1406//1406
f 1392//1392 1393//1393 1406//1406
f 1406//1406 1393//1393 1166//1166
f 1407//1407 1408//1408 1409//1409
f 1408//1408 1410//1410 1409//1409
f 1409//1409 1410//1410 1205//1205
f 1410//1410 1411//1411 1205//1205
f 1205//1205 1411//1411 1206//1206
f 1411//1411 1412//1412 1206//1206
f 1206//1206 1412//1412 1378//1378
f 972//972 977//977 1394//1394
f 977//977 976//976 1394//1394
f 1394//1394 976//976 1413//1413
f 1414//1414 1415//1415 1416//1416
f 1415//1415 1417//1417 1416//1416
f 1416//1416 1417//1417 1418//1418
f 1417//1417 1419//1419 1418//1418
f 1418//1418 1419//1419 1420//1420
f 1419//1419 1421//1421 1420//1420
f 1420//1420 1421//1421 1422//1422
f 1421//1421 1423//1423 1422//1422
f 1422//1422 1423//1423 1424//1424
f 1423//1423 1142//1142 1424//1424
f 1166//1166 1165//1165 1406//1406
f 1165//1165 1425//1425 1406//1406
f 1406//1406 1425//1425 1405//1405
f 1425//1425 1426//1426 1405//1405
f 1405//1405 1426//1426 1404//1404
f 1426//1426 1427//1427 1404//1404
f 1404//1404 1427//1427 1403//1403
f 1427//1427 1428//1428 1403//1403
f 1403//1403 1428//1428 1402//1402
f 1428//1428 1429//1429 1402//1402
f 1402//1402 1429//1429 1401//1401
f 1429//1429 1142//1142 1401//1401
f 1333//1333 1345//1345 1430//1430
f 1345//1345 1346//1346 1430//1430
f 1430//1430 1346//1346 1431//1431
f 1346//1346 1347//1347 1431//1431
f 1431//1431 1347//1347 1432//1432
f 1347//1347 1348//1348 1432//1432
f 1432//1432 1348//1348 1433//1433
f 1348//1348 1357//1357 1433//1433
f 1433//1433 1357//1357 1434//1434
f 1357//1357 1369//1369 1434//1434
f 1434//1434 1369//1369 1435//1435
f 1369//1369 1387//1387 1435//1435
f 1435//1435 1387//1387 1142//1142
f 1145//1145 1146//1146 1164//1164
f 1408//1408 1436//1436 1410//1410
f 1436//1436 1437//1437 1410//1410
f 1410//1410 1437//1437 1411//1411
f 1437//1437 1438//1438 1411//1411
f 1411//1411 1438//1438 1412//1412
f 1407//1407 1439//1439 1440//1440
f 976//976 974//974 1413//1413
f 974//974 973//973 1413//1413
f 1413//1413 973//973 1441//1441
f 973//973 1003//1003 1441//1441
f 1441//1441 1003//1003 1002//1002
f 1442//1442 1443//1443 1444//1444
f 1443//1443 1445//1445 1444//1444
f 1444//1444 1445//1445 1446//1446
f 1333//1333 1176//1176 1345//1345
f 1176//1176 1344//1344 1345//1345
f 1345//1345 1344//1344 1172//1172
f 1344//1344 1396//1396 1172//1172
f 1172//1172 1396//1396 1173//1173
f 1396//1396 1367//1367 1173//1173
f 1173//1173 1367//1367 1351//1351
f 1367//1367 1366//1366 1351//1351
f 1351//1351 1366//1366 1361//1361
f 1366//1366 1386//1386 1361//1361
f 1361//1361 1386//1386 1374//1374
f 1386//1386 1400//1400 1374//1374
f 1374//1374 1400//1400 1393//1393
f 1400//1400 1445//1445 1393//1393
f 1393//1393 1445//1445 1166//1166
f 1445//1445 1443//1443 1166//1166
f 1166//1166 1443//1443 1167//1167
f 1193//1193 1215//1215 1194//1194
f 1215//1215 1217//1217 1194//1194
f 1194//1194 1217//1217 1332//1332
f 1217//1217 1318//1318 1332//1332
f 1332//1332 1318//1318 1181//1181
f 1318//1318 1177//1177 1181//1181
f 1181//1181 1177//1177 1182//1182
f 1177//1177 1179//1179 1182//1182
f 1182//1182 1179//1179 1322//1322
f 1179//1179 1333//1333 1322//1322
f 1322//1322 1333//1333 1323//1323
f 1333//1333 1430//1430 1323//1323
f 1323//1323 1430//1430 1324//1324
f 1430//1430 1431//1431 1324//1324
f 1324//1324 1431//1431 1325//1325
f 1431//1431 1432//1432 1325//1325
f 1325//1325 1432//1432 1326//1326
f 1432//1432 1433//1433 1326//1326
f 1326//1326 1433//1433 1327//1327
f 1433//1433 1434//1434 1327//1327
f 1327//1327 1434//1434 1328//1328
f 1434//1434 1435//1435 1328//1328
f 1328//1328 1435//1435 1142//1142
f 1415//1415 1447//1447 1417//1417
f 1447//1447 1448//1448 1417//1417
f 1417//1417 1448//1448 1419//1419
f 1448//1448 1449//1449 1419//1419
f 1419//1419 1449//1449 1421//1421
f 1449//1449 1450//1450 1421//1421
f 1421//1421 1450//1450 1423//1423
f 1450//1450 1142//1142 1423//1423
f 1167//1167 1414//1414 1165//1165
f 1414//1414 1416//1416 1165//1165
f 1165//1165 1416//1416 1425//1425
f 1416//1416 1418//1418 1425//1425
f 1425//1425 1418//1418 1426//1426
f 1418//1418 1420//1420 1426//1426
f 1426//1426 1420//1420 1427//1427
f 1420//1420 1422//1422 1427//1427
f 1427//1427 1422//1422 1428//1428
f 1422//1422 1424//1424 1428//1428
f 1428//1428 1424//1424 1429//1429
f 1424//1424 1142//1142 1429//1429
f 1164//1164 1163//1163 1145//1145
f 1163//1163 1451//1451 1145//1145
f 1145//1145 1451//1451 1142//1142
f 1447//1447 1162//1162 1448//1448
f 1162//1162 1164//1164 1448//1448
f 1448//1448 1164//1164 1449//1449
f 1164//1164 1146//1146 1449//1449
f 1449//1449 1146//1146 1450//1450
f 1146//1146 1142//1142 1450//1450
f 1446//1446 1452//1452 1444//1444
f 1452//1452 1453//1453 1444//1444
f 1444//1444 1453//1453 1442//1442
f 1002//1002 1001//1001 1441//1441
f 1001//1001 1000//1000 1441//1441
f 1441//1441 1000//1000 1454//1454
f 1454//1454 1455//1455 1441//1441
f 1455//1455 1456//1456 1441//1441
f 1441//1441 1456//1456 1457//1457
f 1457//1457 1458//1458 1441//1441
f 1458//1458 1459//1459 1441//1441
f 1441//1441 1459//1459 1460//1460
f 1460//1460 1461//1461 1441//1441
f 1461//1461 1462//1462 1441//1441
f 1441//1441 1462//1462 1463//1463
f 1463//1463 1464//1464 1441//1441
f 1464//1464 1465//1465 1441//1441
f 1441//1441 1465//1465 1466//1466
f 1466//1466 1467//1467 1441//1441
f 1467//1467 1468//1468 1441//1441
f 1441//1441 1468//1468 1469//1469
f 1468//1468 1470//1470 1469//1469
f 1469//1469 1470//1470 1471//1471
f 1472//1472 1473//1473 1474//1474
f 1474//1474 1475//1475 1472//1472
f 1475//1475 1476//1476 1472//1472
f 1472//1472 1476//1476 1439//1439
f 1476//1476 1477//1477 1439//1439
f 1439//1439 1477//1477 1440//1440
f 1471//1471 1478//1478 1469//1469
f 1478//1478 1479//1479 1469//1469
f 1469//1469 1479//1479 1480//1480
f 1480//1480 1481//1481 1469//1469
f 1481//1481 1482//1482 1469//1469
f 1469//1469 1482//1482 1483//1483
f 1483//1483 1484//1484 1469//1469
f 1484//1484 1485//1485 1469//1469
f 1469//1469 1485//1485 1486//1486
f 1486//1486 1487//1487 1469//1469
f 1487//1487 1488//1488 1469//1469
f 1469//1469 1488//1488 1489//1489
f 1488//1488 1490//1490 1489//1489
f 1490//1490 1491//1491 1489//1489
f 1489//1489 1491//1491 1492//1492
f 1160//1160 1493//1493 1161//1161
f 1493//1493 1494//1494 1161//1161
f 1161//1161 1494//1494 1495//1495
f 1496//1496 1497//1497 1498//1498
f 1492//1492 1499//1499 1489//1489
f 1499//1499 1500//1500 1489//1489
f 1489//1489 1500//1500 1158//1158
f 1500//1500 1501//1501 1158//1158
f 1158//1158 1501//1501 1156//1156
f 1493//1493 1502//1502 1494//1494
f 1502//1502 1503//1503 1494//1494
f 1494//1494 1503//1503 1504//1504
f 1505//1505 1154//1154 1506//1506
f 1154//1154 1153//1153 1506//1506
f 1506//1506 1153//1153 1507//1507
f 1508//1508 1509//1509 1510//1510
f 1509//1509 1511//1511 1510//1510
f 1510//1510 1511//1511 1512//1512
f 1511//1511 1513//1513 1512//1512
f 1512//1512 1513//1513 1473//1473
f 1513//1513 1514//1514 1473//1473
f 1473//1473 1514//1514 1474//1474
f 1503//1503 1515//1515 1504//1504
f 1515//1515 1516//1516 1504//1504
f 1504//1504 1516//1516 1517//1517
f 1518//1518 1507//1507 1519//1519
f 1507//1507 1153//1153 1519//1519
f 1519//1519 1153//1153 1520//1520
f 1153//1153 1155//1155 1520//1520
f 1520//1520 1155//1155 1521//1521
f 1205//1205 1522//1522 1409//1409
f 1522//1522 1523//1523 1409//1409
f 1409//1409 1523//1523 1407//1407
f 1523//1523 1524//1524 1407//1407
f 1407//1407 1524//1524 1439//1439
f 1524//1524 1525//1525 1439//1439
f 1439//1439 1525//1525 1472//1472
f 1525//1525 1526//1526 1472//1472
f 1472//1472 1526//1526 1473//1473
f 1526//1526 1527//1527 1473//1473
f 1473//1473 1527//1527 1512//1512
f 1527//1527 1528//1528 1512//1512
f 1512//1512 1528//1528 1510//1510
f 1528//1528 1257//1257 1510//1510
f 1510//1510 1257//1257 1508//1508
f 969//969 968//968 1207//1207
f 968//968 1395//1395 1207//1207
f 1207//1207 1395//1395 1205//1205
f 1395//1395 1394//1394 1205//1205
f 1205//1205 1394//1394 1522//1522
f 1394//1394 1413//1413 1522//1522
f 1522//1522 1413//1413 1523//1523
f 1413//1413 1441//1441 1523//1523
f 1523//1523 1441//1441 1524//1524
f 1441//1441 1469//1469 1524//1524
f 1524//1524 1469//1469 1525//1525
f 1469//1469 1489//1489 1525//1525
f 1525//1525 1489//1489 1526//1526
f 1489//1489 1158//1158 1526//1526
f 1526//1526 1158//1158 1527//1527
f 1158//1158 1262//1262 1527//1527
f 1527//1527 1262//1262 1528//1528
f 1262//1262 1265//1265 1528//1528
f 1528//1528 1265//1265 1257//1257
f 1265//1265 1267//1267 1257//1257
f 1257//1257 1267//1267 1255//1255
f 1529//1529 1518//1518 1530//1530
f 1518//1518 1519//1519 1530//1530
f 1530//1530 1519//1519 1531//1531
f 1519//1519 1520//1520 1531//1531
f 1531//1531 1520//1520 1532//1532
f 1520//1520 1521//1521 1532//1532
f 1532//1532 1521//1521 1533//1533
f 1183//1183 1253//1253 1184//1184
f 1253//1253 1254//1254 1184//1184
f 1184//1184 1254//1254 1185//1185
f 1254//1254 1534//1534 1185//1185
f 1185//1185 1534//1534 1257//1257
f 1534//1534 1535//1535 1257//1257
f 1257//1257 1535//1535 1508//1508
f 1516//1516 1536//1536 1517//1517
f 1536//1536 1537//1537 1517//1517
f 1517//1517 1537//1537 1538//1538
f 1537//1537 1539//1539 1538//1538
f 1538//1538 1539//1539 1540//1540
f 1142//1142 1529//1529 1541//1541
f 1529//1529 1530//1530 1541//1541
f 1541//1541 1530//1530 1542//1542
f 1530//1530 1531//1531 1542//1542
f 1542//1542 1531//1531 1543//1543
f 1531//1531 1532//1532 1543//1543
f 1543//1543 1532//1532 1544//1544
f 1532//1532 1533//1533 1544//1544
f 1544//1544 1533//1533 1151//1151
f 1539//1539 1545//1545 1540//1540
f 1545//1545 1546//1546 1540//1540
f 1540//1540 1546//1546 1247//1247
f 1546//1546 1250//1250 1247//1247
f 1247//1247 1250//1250 1245//1245
f 1250//1250 1249//1249 1245//1245
f 1245//1245 1249//1249 1243//1243
f 1187//1187 1242//1242 1188//1188
f 1242//1242 1547//1547 1188//1188
f 1188//1188 1547//1547 1548//1548
f 1547//1547 1549//1549 1548//1548
f 1548//1548 1549//1549 1550//1550
f 1549//1549 1551//1551 1550//1550
f 1550//1550 1551//1551 1552//1552
f 1551//1551 1553//1553 1552//1552
f 1552//1552 1553//1553 1554//1554
f 1553//1553 1498//1498 1554//1554
f 1554//1554 1498//1498 1555//1555
f 1498//1498 1497//1497 1555//1555
f 1555//1555 1497//1497 1495//1495
f 1495//1495 1494//1494 1555//1555
f 1494//1494 1504//1504 1555//1555
f 1555//1555 1504//1504 1554//1554
f 1504//1504 1517//1517 1554//1554
f 1554//1554 1517//1517 1552//1552
f 1517//1517 1538//1538 1552//1552
f 1552//1552 1538//1538 1550//1550
f 1538//1538 1540//1540 1550//1550
f 1550//1550 1540//1540 1548//1548
f 1540//1540 1247//1247 1548//1548
f 1548//1548 1247//1247 1188//1188
f 1247//1247 1246//1246 1188//1188
f 1188//1188 1246//1246 1186//1186
f 1151//1151 1150//1150 1544//1544
f 1150//1150 1556//1556 1544//1544
f 1544//1544 1556//1556 1543//1543
f 1556//1556 1557//1557 1543//1543
f 1543//1543 1557//1557 1542//1542
f 1557//1557 1558//1558 1542//1542
f 1542//1542 1558//1558 1541//1541
f 1558//1558 1142//1142 1541//1541
f 1496//1496 1505//1505 1559//1559
f 1505//1505 1506//1506 1559//1559
f 1559//1559 1506//1506 1560//1560
f 1506//1506 1507//1507 1560//1560
f 1560//1560 1507//1507 1561//1561
f 1507//1507 1518//1518 1561//1561
f 1561//1561 1518//1518 1562//1562
f 1518//1518 1529//1529 1562//1562
f 1562//1562 1529//1529 1142//1142
f 1251//1251 1248//1248 1252//1252
f 1248//1248 1250//1250 1252//1252
f 1252//1252 1250//1250 1254//1254
f 1250//1250 1546//1546 1254//1254
f 1254//1254 1546//1546 1534//1534
f 1546//1546 1545//1545 1534//1534
f 1534//1534 1545//1545 1535//1535
f 1545//1545 1539//1539 1535//1535
f 1535//1535 1539//1539 1508//1508
f 1539//1539 1537//1537 1508//1508
f 1508//1508 1537//1537 1509//1509
f 1537//1537 1536//1536 1509//1509
f 1509//1509 1536//1536 1511//1511
f 1536//1536 1516//1516 1511//1511
f 1511//1511 1516//1516 1513//1513
f 1516//1516 1515//1515 1513//1513
f 1513//1513 1515//1515 1514//1514
f 1515//1515 1503//1503 1514//1514
f 1514//1514 1503//1503 1474//1474
f 1503//1503 1502//1502 1474//1474
f 1474//1474 1502//1502 1475//1475
f 1502//1502 1493//1493 1475//1475
f 1475//1475 1493//1493 1476//1476
f 1493//1493 1160//1160 1476//1476
f 1476//1476 1160//1160 1477//1477
f 1160//1160 1159//1159 1477//1477
f 1477//1477 1159//1159 1440//1440
f 1563//1563 1189//1189 1152//1152
f 1189//1189 1191//1191 1152//1152
f 1152//1152 1191//1191 1150//1150
f 1191//1191 1564//1564 1150//1150
f 1150//1150 1564//1564 1556//1556
f 1564//1564 1565//1565 1556//1556
f 1556//1556 1565//1565 1557//1557
f 1565//1565 1566//1566 1557//1557
f 1557//1557 1566//1566 1558//1558
f 1566//1566 1142//1142 1558//1558
f 1496//1496 1498//1498 1505//1505
f 1498//1498 1553//1553 1505//1505
f 1505//1505 1553//1553 1154//1154
f 1553//1553 1551//1551 1154//1154
f 1154//1154 1551//1551 1155//1155
f 1551//1551 1549//1549 1155//1155
f 1155//1155 1549//1549 1521//1521
f 1549//1549 1547//1547 1521//1521
f 1521//1521 1547//1547 1533//1533
f 1547//1547 1242//1242 1533//1533
f 1533//1533 1242//1242 1151//1151
f 1242//1242 1240//1240 1151//1151
f 1151//1151 1240//1240 1152//1152
f 1240//1240 1239//1239 1152//1152
f 1152//1152 1239//1239 1563//1563
f 953//953 952//952 1219//1219
f 952//952 1214//1214 1219//1219
f 1219//1219 1214//1214 1217//1217
f 1214//1214 1385//1385 1217//1217
f 1217//1217 1385//1385 1317//1317
f 1385//1385 1384//1384 1317//1317
f 1317//1317 1384//1384 1341//1341
f 1384//1384 1383//1383 1341//1341
f 1341//1341 1383//1383 1339//1339
f 1383//1383 1382//1382 1339//1339
f 1339//1339 1382//1382 1337//1337
f 1382//1382 1381//1381 1337//1337
f 1337//1337 1381//1381 1354//1354
f 1381//1381 1380//1380 1354//1354
f 1354//1354 1380//1380 1352//1352
f 1380//1380 1379//1379 1352//1352
f 1352//1352 1379//1379 1397//1397
f 1379//1379 1378//1378 1397//1397
f 1397//1397 1378//1378 1398//1398
f 1378//1378 1412//1412 1398//1398
f 1398//1398 1412//1412 1399//1399
f 1412//1412 1438//1438 1399//1399
f 1399//1399 1438//1438 1400//1400
f 1438//1438 1437//1437 1400//1400
f 1400//1400 1437//1437 1445//1445
f 1437//1437 1436//1436 1445//1445
f 1445//1445 1436//1436 1446//1446
f 1436//1436 1408//1408 1446//1446
f 1446//1446 1408//1408 1452//1452
f 1408//1408 1407//1407 1452//1452
f 1452//1452 1407//1407 1453//1453
f 1407//1407 1440//1440 1453//1453
f 1453//1453 1440//1440 1442//1442
f 1440//1440 1159//1159 1442//1442
f 1442//1442 1159//1159 1443//1443
f 1159//1159 1161//1161 1443//1443
f 1443//1443 1161//1161 1167//1167
f 1161//1161 1495//1495 1167//1167
f 1167//1167 1495//1495 1414//1414
f 1495//1495 1497//1497 1414//1414
f 1414//1414 1497//1497 1415//1415
f 1497//1497 1496//1496 1415//1415
f 1415//1415 1496//1496 1447//1447
f 1496//1496 1559//1559 1447//1447
f 1447//1447 1559//1559 1162//1162
f 1559//1559 1560//1560 1162//1162
f 1162//1162 1560//1560 1163//1163
f 1560//1560 1561//1561 1163//1163
f 1163//1163 1561//1561 1451//1451
f 1561//1561 1562//1562 1451//1451
f 1451//1451 1562//1562 1142//1142
f 1143//1143 1149//1149 1141//1141
f 1149//1149 1148//1148 1141//1141
f 1141//1141 1148//1148 1144//1144
f 1148//1148 1236//1236 1144//1144
f 1144//1144 1236//1236 1567//1567
f 1567//1567 1142//1142 1144//1144
f 1190//1190 1238//1238 1191//1191
f 1238//1238 1147//1147 1191//1191
f 1191//1191 1147//1147 1564//1564
f 1147//1147 1149//1149 1564//1564
f 1564//1564 1149//1149 1565//1565
f 1149//1149 1143//1143 1565//1565
f 1565//1565 1143//1143 1566//1566
f 1143//1143 1142//1142 1566//1566
f 1289//1289 1284//1284 1568//1568
f 1284//1284 1283//1283 1568//1568
f 1306//1306 1569//1569 1291//1291
f 1311//1311 1570//1570 1571//1571
f 1309//1309 1308//1308 1572//1572
f 1308//1308 1201//1201 1572//1572
f 1573//1573 1574//1574 1575//1575
f 1576//1576 1577//1577 1271//1271
f 1271//1271 1577//1577 1273//1273
f 1577//1577 1578//1578 1273//1273
f 1273//1273 1578//1578 1272//1272
f 1576//1576 1271//1271 1579//1579
f 1271//1271 1269//1269 1579//1579
f 1579//1579 1269//1269 1580//1580
f 1580//1580 1269//1269 1581//1581
f 1269//1269 1290//1290 1581//1581
f 1581//1581 1290//1290 1582//1582
f 1582//1582 1583//1583 1584//1584
f 1583//1583 1585//1585 1584//1584
f 1584//1584 1585//1585 1586//1586
f 1585//1585 1587//1587 1586//1586
f 1586//1586 1587//1587 1588//1588
f 1587//1587 1589//1589 1588//1588
f 1588//1588 1589//1589 1590//1590
f 1589//1589 1591//1591 1590//1590
f 1590//1590 1591//1591 1592//1592
f 1593//1593 1594//1594 1595//1595
f 1594//1594 1596//1596 1595//1595
f 1597//1597 1598//1598 1599//1599
f 1598//1598 1600//1600 1599//1599
f 1601//1601 1602//1602 1603//1603
f 1602//1602 1604//1604 1603//1603
f 1605//1605 1606//1606 1607//1607
f 1606//1606 1608//1608 1607//1607
f 1609//1609 1610//1610 1611//1611
f 1610//1610 1612//1612 1611//1611
f 1611//1611 1612//1612 1613//1613
f 1614//1614 1615//1615 1616//1616
f 1615//1615 1617//1617 1616//1616
f 1616//1616 1617//1617 1618//1618
f 1574//1574 1573//1573 1617//1617
f 1573//1573 1619//1619 1617//1617
f 1617//1617 1619//1619 1618//1618
f 1620//1620 1621//1621 1575//1575
f 1621//1621 1622//1622 1575//1575
f 1575//1575 1622//1622 1573//1573
f 1199//1199 1623//1623 1201//1201
f 1623//1623 1620//1620 1201//1201
f 1201//1201 1620//1620 1572//1572
f 1620//1620 1575//1575 1572//1572
f 1572//1572 1575//1575 1309//1309
f 1575//1575 1314//1314 1309//1309
f 1311//1311 1316//1316 1570//1570
f 1316//1316 1315//1315 1570//1570
f 1570//1570 1315//1315 1624//1624
f 1625//1625 1298//1298 1313//1313
f 1303//1303 1302//1302 1626//1626
f 1302//1302 1301//1301 1626//1626
f 1626//1626 1301//1301 1627//1627
f 1301//1301 1295//1295 1627//1627
f 1627//1627 1295//1295 1625//1625
f 1295//1295 1294//1294 1625//1625
f 1625//1625 1294//1294 1298//1298
f 1569//1569 1306//1306 1628//1628
f 1629//1629 1630//1630 1292//1292
f 1281//1281 1286//1286 1630//1630
f 1286//1286 1293//1293 1630//1630
f 1630//1630 1293//1293 1292//1292
f 1290//1290 1289//1289 1582//1582
f 1289//1289 1568//1568 1582//1582
f 1582//1582 1568//1568 1583//1583
f 1568//1568 1283//1283 1583//1583
f 1599//1599 1596//1596 1597//1597
f 1596//1596 1594//1594 1597//1597
f 1597//1597 1594//1594 1631//1631
f 1632//1632 1633//1633 1607//1607
f 1633//1633 1634//1634 1607//1607
f 1607//1607 1634//1634 1605//1605
f 1635//1635 1632//1632 1636//1636
f 1632//1632 1607//1607 1636//1636
f 1636//1636 1607//1607 1637//1637
f 1607//1607 1608//1608 1637//1637
f 1615//1615 1638//1638 1617//1617
f 1638//1638 1571//1571 1617//1617
f 1617//1617 1571//1571 1574//1574
f 1571//1571 1570//1570 1574//1574
f 1574//1574 1570//1570 1575//1575
f 1570//1570 1624//1624 1575//1575
f 1575//1575 1624//1624 1314//1314
f 1624//1624 1315//1315 1314//1314
f 1631//1631 1594//1594 1639//1639
f 1594//1594 1593//1593 1639//1639
f 1639//1639 1593//1593 1640//1640
f 1593//1593 1595//1595 1640//1640
f 1640//1640 1595//1595 1641//1641
f 1595//1595 1642//1642 1641//1641
f 1641//1641 1642//1642 1591//1591
f 1642//1642 1643//1643 1591//1591
f 1591//1591 1643//1643 1592//1592
f 1641//1641 1635//1635 1644//1644
f 1635//1635 1636//1636 1644//1644
f 1644//1644 1636//1636 1645//1645
f 1636//1636 1637//1637 1645//1645
f 1645//1645 1637//1637 1603//1603
f 1637//1637 1608//1608 1603//1603
f 1603//1603 1608//1608 1601//1601
f 1609//1609 1611//1611 1646//1646
f 1611//1611 1647//1647 1646//1646
f 1646//1646 1647//1647 1648//1648
f 1647//1647 1649//1649 1648//1648
f 1648//1648 1649//1649 1650//1650
f 1641//1641 1644//1644 1640//1640
f 1644//1644 1645//1645 1640//1640
f 1640//1640 1645//1645 1639//1639
f 1645//1645 1603//1603 1639//1639
f 1639//1639 1603//1603 1631//1631
f 1603//1603 1604//1604 1631//1631
f 1631//1631 1604//1604 1597//1597
f 1604//1604 1651//1651 1597//1597
f 1597//1597 1651//1651 1598//1598
f 1652//1652 1653//1653 1654//1654
f 1653//1653 1655//1655 1654//1654
f 1654//1654 1655//1655 1656//1656
f 1614//1614 1657//1657 1615//1615
f 1657//1657 1653//1653 1615//1615
f 1615//1615 1653//1653 1638//1638
f 1653//1653 1652//1652 1638//1638
f 1638//1638 1652//1652 1571//1571
f 1652//1652 1658//1658 1571//1571
f 1571//1571 1658//1658 1311//1311
f 1306//1306 1307//1307 1628//1628
f 1307//1307 1303//1303 1628//1628
f 1628//1628 1303//1303 1659//1659
f 1303//1303 1626//1626 1659//1659
f 1659//1659 1626//1626 1656//1656
f 1626//1626 1627//1627 1656//1656
f 1656//1656 1627//1627 1654//1654
f 1627//1627 1625//1625 1654//1654
f 1654//1654 1625//1625 1652//1652
f 1625//1625 1313//1313 1652//1652
f 1652//1652 1313//1313 1658//1658
f 1313//1313 1312//1312 1658//1658
f 1658//1658 1312//1312 1311//1311
f 1613//1613 1634//1634 1611//1611
f 1634//1634 1633//1633 1611//1611
f 1611//1611 1633//1633 1647//1647
f 1633//1633 1632//1632 1647//1647
f 1647//1647 1632//1632 1649//1649
f 1632//1632 1635//1635 1649//1649
f 1649//1649 1635//1635 1650//1650
f 1635//1635 1641//1641 1650//1650
f 1650//1650 1641//1641 1660//1660
f 1641//1641 1591//1591 1660//1660
f 1660//1660 1591//1591 1661//1661
f 1591//1591 1589//1589 1661//1661
f 1661//1661 1589//1589 1629//1629
f 1589//1589 1587//1587 1629//1629
f 1629//1629 1587//1587 1630//1630
f 1587//1587 1585//1585 1630//1630
f 1630//1630 1585//1585 1281//1281
f 1585//1585 1583//1583 1281//1281
f 1281//1281 1583//1583 1282//1282
f 1583//1583 1283//1283 1282//1282
f 1614//1614 1610//1610 1657//1657
f 1610//1610 1609//1609 1657//1657
f 1657//1657 1609//1609 1653//1653
f 1609//1609 1646//1646 1653//1653
f 1653//1653 1646//1646 1655//1655
f 1646//1646 1648//1648 1655//1655
f 1655//1655 1648//1648 1656//1656
f 1648//1648 1650//1650 1656//1656
f 1656//1656 1650//1650 1659//1659
f 1650//1650 1660//1660 1659//1659
f 1659//1659 1660//1660 1628//1628
f 1660//1660 1661//1661 1628//1628
f 1628//1628 1661//1661 1569//1569
f 1661//1661 1629//1629 1569//1569
f 1569//1569 1629//1629 1291//1291
f 1629//1629 1292//1292 1291//1291
f 1020//1020 1024//1024 1285//1285
f 1031//1031 1200//1200 1032//1032
f 1200//1200 1204//1204 1032//1032
f 1032//1032 1204//1204 1033//1033
f 1297//1297 1027//1027 1310//1310
f 1027//1027 1026//1026 1310//1310
f 1310//1310 1026//1026 1202//1202
f 1026//1026 1033//1033 1202//1202
f 1202//1202 1033//1033 1203//1203
f 1033//1033 1204//1204 1203//1203
f 1023//1023 1305//1305 1024//1024
f 1305//1305 1304//1304 1024//1024
f 1024//1024 1304//1304 1285//1285
f 1285//1285 1287//1287 1020//1020
f 1287//1287 1288//1288 1020//1020
f 1020//1020 1288//1288 1021//1021
f 1288//1288 1268//1268 1021//1021
f 1021//1021 1268//1268 1014//1014
f 1268//1268 1270//1270 1014//1014
f 1014//1014 1270//1270 1015//1015
f 1270//1270 1274//1274 1015//1015
f 1015//1015 1274//1274 1017//1017
f 1051//1051 1662//1662 1052//1052
f 1662//1662 1663//1663 1052//1052
f 1052//1052 1663//1663 1028//1028
f 1274//1274 1157//1157 1017//1017
f 1157//1157 1156//1156 1017//1017
f 1017//1017 1156//1156 1018//1018
f 1664//1664 1665//1665 1046//1046
f 1297//1297 1299//1299 1027//1027
f 1299//1299 1300//1300 1027//1027
f 1027//1027 1300//1300 1023//1023
f 1300//1300 1296//1296 1023//1023
f 1023//1023 1296//1296 1305//1305
f 1663//1663 1666//1666 1028//1028
f 1666//1666 1667//1667 1028//1028
f 1028//1028 1667//1667 1029//1029
f 1667//1667 1668//1668 1029//1029
f 1029//1029 1668//1668 1031//1031
f 1668//1668 1198//1198 1031//1031
f 1031//1031 1198//1198 1200//1200
f 1046//1046 1665//1665 1047//1047
f 1665//1665 1669//1669 1047//1047
f 1047//1047 1669//1669 1048//1048
f 1669//1669 1670//1670 1048//1048
f 1048//1048 1670//1670 1049//1049
f 1670//1670 1671//1671 1049//1049
f 1049//1049 1671//1671 1050//1050
f 1671//1671 1672//1672 1050//1050
f 1050//1050 1672//1672 1051//1051
f 1672//1672 1673//1673 1051//1051
f 1051//1051 1673//1673 1662//1662
f 1470//1470 984//984 983//983
f 1470//1470 983//983 1471//1471
f 983//983 982//982 1471//1471
f 1471//1471 982//982 1478//1478
f 1156//1156 1501//1501 1018//1018
f 1501//1501 1500//1500 1018//1018
f 1018//1018 1500//1500 1004//1004
f 1500//1500 1499//1499 1004//1004
f 1004//1004 1499//1499 1005//1005
f 1499//1499 1492//1492 1005//1005
f 1005//1005 1492//1492 1007//1007
f 1492//1492 1491//1491 1007//1007
f 1007//1007 1491//1491 1008//1008
f 1491//1491 1490//1490 1008//1008
f 1008//1008 1490//1490 1009//1009
f 1000//1000 999//999 1454//1454
f 999//999 998//998 1454//1454
f 1454//1454 998//998 1455//1455
f 1664//1664 1046//1046 1674//1674
f 1046//1046 1045//1045 1674//1674
f 1674//1674 1045//1045 1675//1675
f 1045//1045 1044//1044 1675//1675
f 1675//1675 1044//1044 1676//1676
f 1044//1044 1043//1043 1676//1676
f 1676//1676 1043//1043 1677//1677
f 1043//1043 1042//1042 1677//1677
f 1677//1677 1042//1042 1678//1678
f 982//982 981//981 1478//1478
f 981//981 979//979 1478//1478
f 1478//1478 979//979 1479//1479
f 979//979 978//978 1479//1479
f 1042//1042 1041//1041 1678//1678
f 1041//1041 1040//1040 1678//1678
f 1678//1678 1040//1040 1679//1679
f 1040//1040 1039//1039 1679//1679
f 1679//1679 1039//1039 1680//1680
f 1039//1039 1038//1038 1680//1680
f 1680//1680 1038//1038 1036//1036
f 1038//1038 1037//1037 1036//1036
f 1009//1009 1490//1490 1010//1010
f 1490//1490 1488//1488 1010//1010
f 1010//1010 1488//1488 1011//1011
f 1488//1488 1487//1487 1011//1011
f 1011//1011 1487//1487 1012//1012
f 1455//1455 998//998 1456//1456
f 998//998 997//997 1456//1456
f 1456//1456 997//997 1457//1457
f 997//997 996//996 1457//1457
f 1457//1457 996//996 1458//1458
f 996//996 995//995 1458//1458
f 1458//1458 995//995 1459//1459
f 995//995 994//994 1459//1459
f 1459//1459 994//994 1460//1460
f 1463//1463 991//991 1464//1464
f 991//991 990//990 1464//1464
f 1464//1464 990//990 1465//1465
f 990//990 989//989 1465//1465
f 1465//1465 989//989 1466//1466
f 989//989 988//988 1466//1466
f 1466//1466 988//988 1467//1467
f 988//988 987//987 1467//1467
f 1467//1467 987//987 1468//1468
f 987//987 986//986 1468//1468
f 1468//1468 986//986 1470//1470
f 986//986 985//985 1470//1470
f 1470//1470 985//985 984//984
f 994//994 993//993 1460//1460
f 993//993 992//992 1460//1460
f 1460//1460 992//992 1461//1461
f 992//992 991//991 1461//1461
f 1461//1461 991//991 1462//1462
f 991//991 1463//1463 1462//1462
f 1487//1487 1486//1486 1012//1012
f 1486//1486 1485//1485 1012//1012
f 1012//1012 1485//1485 1013//1013
f 1485//1485 1484//1484 1013//1013
f 1013//1013 1484//1484 1483//1483
f 1483//1483 1482//1482 1013//1013
f 1482//1482 1481//1481 1013//1013
f 1013//1013 1481//1481 978//978
f 1481//1481 1480//1480 978//978
f 978//978 1480//1480 1479//1479
f 1681//1681 1142//1142 1682//1682
f 1683//1683 1142//1142 1684//1684
f 1685//1685 1142//1142 1683//1683
f 1686//1686 1684//1684 1142//1142
f 1687//1687 1686//1686 1142//1142
f 1688//1688 1687//1687 1142//1142
f 1689//1689 1688//1688 1142//1142
f 1690//1690 1689//1689 1142//1142
f 1691//1691 1690//1690 1142//1142
f 1692//1692 1691//1691 1142//1142
f 1693//1693 1692//1692 1142//1142
f 1694//1694 1693//1693 1142//1142
f 1695//1695 1694//1694 1142//1142
f 1696//1696 1695//1695 1142//1142
f 1697//1697 1696//1696 1142//1142
f 1698//1698 1697//1697 1142//1142
f 1699//1699 1698//1698 1142//1142
f 1700//1700 1701//1701 1702//1702
f 1220//1220 1218//1218 1703//1703
f 1704//1704 1189//1189 1563//1563
f 1705//1705 1706//1706 1707//1707
f 1708//1708 1709//1709 1710//1710
f 929//929 930//930 1711//1711
f 937//937 939//939 1712//1712
f 939//939 1713//1713 1712//1712
f 937//937 1712//1712 936//936
f 1712//1712 1714//1714 936//936
f 936//936 1714//1714 934//934
f 1714//1714 1715//1715 934//934
f 1715//1715 1716//1716 934//934
f 934//934 1716//1716 897//897
f 1716//1716 1717//1717 897//897
f 897//897 1717//1717 895//895
f 895//895 1717//1717 892//892
f 1717//1717 1718//1718 892//892
f 892//892 1718//1718 890//890
f 1718//1718 1719//1719 890//890
f 890//890 1719//1719 879//879
f 1719//1719 1720//1720 879//879
f 879//879 1720//1720 933//933
f 933//933 1720//1720 932//932
f 1720//1720 1721//1721 932//932
f 932//932 1721//1721 930//930
f 1711//1711 930//930 1722//1722
f 1723//1723 1724//1724 1725//1725
f 1725//1725 1724//1724 1726//1726
f 1669//1669 1665//1665 1727//1727
f 1665//1665 1664//1664 1727//1727
f 1664//1664 1674//1674 1727//1727
f 1674//1674 1675//1675 1727//1727
f 1727//1727 1675//1675 1728//1728
f 1675//1675 1676//1676 1728//1728
f 1676//1676 1677//1677 1728//1728
f 1728//1728 1677//1677 1678//1678
f 1729//1729 1671//1671 1727//1727
f 1671//1671 1670//1670 1727//1727
f 1727//1727 1670//1670 1669//1669
f 1662//1662 1673//1673 1729//1729
f 1673//1673 1672//1672 1729//1729
f 1729//1729 1672//1672 1671//1671
f 1729//1729 1730//1730 1662//1662
f 1730//1730 1731//1731 1662//1662
f 1662//1662 1731//1731 1663//1663
f 1731//1731 1732//1732 1663//1663
f 1196//1196 1198//1198 1733//1733
f 1198//1198 1668//1668 1733//1733
f 1733//1733 1668//1668 1734//1734
f 1668//1668 1667//1667 1734//1734
f 1734//1734 1667//1667 1732//1732
f 1667//1667 1666//1666 1732//1732
f 1732//1732 1666//1666 1663//1663
f 1678//1678 1679//1679 1728//1728
f 1679//1679 1680//1680 1728//1728
f 1728//1728 1680//1680 1735//1735
f 1680//1680 1036//1036 1735//1735
f 1735//1735 1036//1036 1736//1736
f 1036//1036 1035//1035 1736//1736
f 1737//1737 920//920 1738//1738
f 920//920 807//807 1738//1738
f 1737//1737 1739//1739 920//920
f 1739//1739 1740//1740 920//920
f 920//920 1740//1740 919//919
f 1740//1740 1741//1741 919//919
f 1741//1741 1742//1742 919//919
f 919//919 1742//1742 917//917
f 1742//1742 1743//1743 917//917
f 917//917 1743//1743 1034//1034
f 1743//1743 1744//1744 1034//1034
f 1034//1034 1744//1744 1035//1035
f 1744//1744 1745//1745 1035//1035
f 1035//1035 1745//1745 1736//1736
f 924//924 1746//1746 923//923
f 1746//1746 1747//1747 923//923
f 1747//1747 1748//1748 923//923
f 1748//1748 1749//1749 923//923
f 923//923 1749//1749 921//921
f 1749//1749 1750//1750 921//921
f 921//921 1750//1750 806//806
f 1750//1750 1751//1751 806//806
f 806//806 1751//1751 807//807
f 1751//1751 1752//1752 807//807
f 807//807 1752//1752 1738//1738
f 1753//1753 1754//1754 926//926
f 1754//1754 1755//1755 926//926
f 926//926 1755//1755 924//924
f 1755//1755 1756//1756 924//924
f 924//924 1756//1756 1746//1746
f 929//929 1711//1711 927//927
f 1711//1711 1757//1757 927//927
f 927//927 1757//1757 1758//1758
f 1758//1758 1759//1759 927//927
f 1759//1759 1760//1760 927//927
f 927//927 1760//1760 926//926
f 1760//1760 1761//1761 926//926
f 926//926 1761//1761 1753//1753
f 1762//1762 1763//1763 1764//1764
f 1763//1763 1765//1765 1764//1764
f 1766//1766 1767//1767 1725//1725
f 1767//1767 1768//1768 1725//1725
f 1725//1725 1768//1768 1723//1723
f 1769//1769 1770//1770 1771//1771
f 1770//1770 1772//1772 1771//1771
f 1771//1771 1772//1772 1773//1773
f 1774//1774 1775//1775 1776//1776
f 1709//1709 1777//1777 1776//1776
f 1777//1777 1778//1778 1776//1776
f 1776//1776 1778//1778 1774//1774
f 1775//1775 1779//1779 1776//1776
f 1779//1779 1780//1780 1776//1776
f 1776//1776 1780//1780 1781//1781
f 1781//1781 1782//1782 1776//1776
f 1782//1782 1773//1773 1776//1776
f 1776//1776 1773//1773 1783//1783
f 1710//1710 1709//1709 1784//1784
f 1785//1785 1786//1786 1710//1710
f 1786//1786 1787//1787 1710//1710
f 1710//1710 1787//1787 1788//1788
f 1788//1788 1789//1789 1710//1710
f 1789//1789 1790//1790 1710//1710
f 1710//1710 1790//1790 1708//1708
f 1791//1791 1792//1792 1793//1793
f 1792//1792 1794//1794 1793//1793
f 1793//1793 1794//1794 1795//1795
f 1794//1794 1706//1706 1795//1795
f 1707//1707 1706//1706 1796//1796
f 1797//1797 1798//1798 1799//1799
f 1798//1798 1800//1800 1799//1799
f 1801//1801 1802//1802 1797//1797
f 1802//1802 1803//1803 1797//1797
f 1797//1797 1803//1803 1798//1798
f 1704//1704 1804//1804 1805//1805
f 1804//1804 1806//1806 1805//1805
f 1805//1805 1806//1806 1797//1797
f 1806//1806 1807//1807 1797//1797
f 1797//1797 1807//1807 1801//1801
f 1237//1237 1238//1238 1808//1808
f 1238//1238 1190//1190 1808//1808
f 1809//1809 1235//1235 1237//1237
f 1236//1236 1810//1810 1567//1567
f 1810//1810 1142//1142 1567//1567
f 1699//1699 1142//1142 1810//1810
f 1233//1233 1231//1231 1681//1681
f 1231//1231 1142//1142 1681//1681
f 1685//1685 1682//1682 1142//1142
f 1811//1811 1225//1225 1223//1223
f 1812//1812 1227//1227 1225//1225
f 1813//1813 1329//1329 1229//1229
f 1814//1814 1815//1815 1816//1816
f 1330//1330 1814//1814 1331//1331
f 1814//1814 1816//1816 1331//1331
f 1331//1331 1816//1816 1221//1221
f 1816//1816 1192//1192 1221//1221
f 1215//1215 1193//1193 1817//1817
f 1215//1215 1817//1817 1701//1701
f 1818//1818 949//949 1703//1703
f 949//949 951//951 1703//1703
f 1703//1703 951//951 1220//1220
f 951//951 956//956 1220//1220
f 1220//1220 956//956 955//955
f 946//946 945//945 1818//1818
f 945//945 944//944 1818//1818
f 1818//1818 944//944 949//949
f 1819//1819 1820//1820 947//947
f 939//939 940//940 1713//1713
f 940//940 942//942 1713//1713
f 1713//1713 942//942 1820//1820
f 942//942 948//948 1820//1820
f 1820//1820 948//948 947//947
f 1765//1765 1766//1766 1764//1764
f 1766//1766 1725//1725 1764//1764
f 1764//1764 1725//1725 1821//1821
f 1725//1725 1726//1726 1821//1821
f 1821//1821 1726//1726 1822//1822
f 1773//1773 1772//1772 1783//1783
f 1772//1772 1770//1770 1783//1783
f 1783//1783 1770//1770 1823//1823
f 1770//1770 1824//1824 1823//1823
f 1824//1824 1825//1825 1823//1823
f 1823//1823 1825//1825 1826//1826
f 1827//1827 1828//1828 1829//1829
f 1828//1828 1762//1762 1829//1829
f 1829//1829 1762//1762 1830//1830
f 1762//1762 1764//1764 1830//1830
f 1830//1830 1764//1764 1831//1831
f 1764//1764 1821//1821 1831//1831
f 1831//1831 1821//1821 1832//1832
f 1821//1821 1822//1822 1832//1832
f 1832//1832 1822//1822 1833//1833
f 1822//1822 1834//1834 1833//1833
f 1833//1833 1834//1834 1835//1835
f 1834//1834 1836//1836 1835//1835
f 1835//1835 1836//1836 1837//1837
f 1825//1825 1838//1838 1826//1826
f 1838//1838 1839//1839 1826//1826
f 1826//1826 1839//1839 1840//1840
f 1839//1839 1841//1841 1840//1840
f 1842//1842 1843//1843 1836//1836
f 1843//1843 1844//1844 1836//1836
f 1836//1836 1844//1844 1837//1837
f 1841//1841 1845//1845 1840//1840
f 1845//1845 1846//1846 1840//1840
f 1840//1840 1846//1846 1847//1847
f 1846//1846 1848//1848 1847//1847
f 1848//1848 1849//1849 1847//1847
f 1847//1847 1849//1849 1850//1850
f 1851//1851 1852//1852 1853//1853
f 1853//1853 1854//1854 1851//1851
f 1854//1854 1855//1855 1851//1851
f 1851//1851 1855//1855 1842//1842
f 1855//1855 1856//1856 1842//1842
f 1842//1842 1856//1856 1843//1843
f 1849//1849 1857//1857 1850//1850
f 1857//1857 1858//1858 1850//1850
f 1850//1850 1858//1858 1859//1859
f 1858//1858 1860//1860 1859//1859
f 1860//1860 1861//1861 1859//1859
f 1859//1859 1861//1861 1862//1862
f 1822//1822 1863//1863 1834//1834
f 1863//1863 1864//1864 1834//1834
f 1834//1834 1864//1864 1836//1836
f 1864//1864 1865//1865 1836//1836
f 1836//1836 1865//1865 1842//1842
f 1865//1865 1866//1866 1842//1842
f 1842//1842 1866//1866 1851//1851
f 1866//1866 1867//1867 1851//1851
f 1851//1851 1867//1867 1852//1852
f 1867//1867 1868//1868 1852//1852
f 1852//1852 1868//1868 1869//1869
f 1868//1868 1870//1870 1869//1869
f 1871//1871 1872//1872 1873//1873
f 1872//1872 1874//1874 1873//1873
f 1873//1873 1874//1874 1870//1870
f 1874//1874 1875//1875 1870//1870
f 1870//1870 1875//1875 1869//1869
f 1875//1875 1876//1876 1869//1869
f 1869//1869 1876//1876 1852//1852
f 1876//1876 1877//1877 1852//1852
f 1852//1852 1877//1877 1853//1853
f 1861//1861 1878//1878 1862//1862
f 1878//1878 1879//1879 1862//1862
f 1862//1862 1879//1879 1880//1880
f 1879//1879 1881//1881 1880//1880
f 1880//1880 1881//1881 1882//1882
f 1883//1883 1884//1884 1871//1871
f 1884//1884 1885//1885 1871//1871
f 1871//1871 1885//1885 1872//1872
f 1881//1881 1886//1886 1882//1882
f 1886//1886 1887//1887 1882//1882
f 1882//1882 1887//1887 1888//1888
f 1870//1870 1889//1889 1873//1873
f 1889//1889 1890//1890 1873//1873
f 1873//1873 1890//1890 1871//1871
f 1890//1890 1891//1891 1871//1871
f 1871//1871 1891//1891 1883//1883
f 1891//1891 1892//1892 1883//1883
f 1702//1702 1892//1892 1819//1819
f 1892//1892 1891//1891 1819//1819
f 1819//1819 1891//1891 1820//1820
f 1891//1891 1890//1890 1820//1820
f 1820//1820 1890//1890 1713//1713
f 1890//1890 1889//1889 1713//1713
f 1713//1713 1889//1889 1712//1712
f 1889//1889 1870//1870 1712//1712
f 1712//1712 1870//1870 1714//1714
f 1870//1870 1868//1868 1714//1714
f 1714//1714 1868//1868 1715//1715
f 1868//1868 1867//1867 1715//1715
f 1715//1715 1867//1867 1716//1716
f 1867//1867 1866//1866 1716//1716
f 1716//1716 1866//1866 1717//1717
f 1866//1866 1865//1865 1717//1717
f 1717//1717 1865//1865 1718//1718
f 1865//1865 1864//1864 1718//1718
f 1718//1718 1864//1864 1719//1719
f 1864//1864 1863//1863 1719//1719
f 1719//1719 1863//1863 1720//1720
f 1863//1863 1822//1822 1720//1720
f 1720//1720 1822//1822 1721//1721
f 1822//1822 1726//1726 1721//1721
f 1721//1721 1726//1726 930//930
f 1726//1726 1724//1724 930//930
f 930//930 1724//1724 1722//1722
f 1887//1887 1893//1893 1888//1888
f 1893//1893 1894//1894 1888//1888
f 1888//1888 1894//1894 1895//1895
f 1817//1817 1896//1896 1701//1701
f 1896//1896 1897//1897 1701//1701
f 1701//1701 1897//1897 1702//1702
f 1897//1897 1898//1898 1702//1702
f 1702//1702 1898//1898 1892//1892
f 1898//1898 1899//1899 1892//1892
f 1892//1892 1899//1899 1883//1883
f 1899//1899 1900//1900 1883//1883
f 1883//1883 1900//1900 1884//1884
f 947//947 946//946 1819//1819
f 946//946 1818//1818 1819//1819
f 1819//1819 1818//1818 1702//1702
f 1818//1818 1703//1703 1702//1702
f 1702//1702 1703//1703 1700//1700
f 1703//1703 1218//1218 1700//1700
f 1700//1700 1218//1218 1701//1701
f 1218//1218 1216//1216 1701//1701
f 1701//1701 1216//1216 1215//1215
f 1894//1894 1901//1901 1895//1895
f 1901//1901 1902//1902 1895//1895
f 1895//1895 1902//1902 1814//1814
f 1902//1902 1903//1903 1814//1814
f 1814//1814 1903//1903 1815//1815
f 1329//1329 1813//1813 1904//1904
f 1813//1813 1905//1905 1904//1904
f 1904//1904 1905//1905 1906//1906
f 1905//1905 1907//1907 1906//1906
f 1906//1906 1907//1907 1908//1908
f 1907//1907 1909//1909 1908//1908
f 1908//1908 1909//1909 1910//1910
f 1909//1909 1911//1911 1910//1910
f 1910//1910 1911//1911 1912//1912
f 1911//1911 1913//1913 1912//1912
f 1912//1912 1913//1913 1914//1914
f 1913//1913 1915//1915 1914//1914
f 1914//1914 1915//1915 1916//1916
f 1915//1915 1917//1917 1916//1916
f 1916//1916 1917//1917 1918//1918
f 1917//1917 1919//1919 1918//1918
f 1918//1918 1919//1919 1920//1920
f 1919//1919 1921//1921 1920//1920
f 1920//1920 1921//1921 1922//1922
f 1921//1921 1923//1923 1922//1922
f 1922//1922 1923//1923 1924//1924
f 1923//1923 1925//1925 1924//1924
f 1924//1924 1925//1925 1926//1926
f 1925//1925 1927//1927 1926//1926
f 1926//1926 1927//1927 1928//1928
f 1927//1927 1929//1929 1928//1928
f 1928//1928 1929//1929 1784//1784
f 1929//1929 1930//1930 1784//1784
f 1784//1784 1930//1930 1710//1710
f 1930//1930 1792//1792 1710//1710
f 1710//1710 1792//1792 1785//1785
f 1792//1792 1791//1791 1785//1785
f 1785//1785 1791//1791 1786//1786
f 1709//1709 1776//1776 1784//1784
f 1776//1776 1783//1783 1784//1784
f 1784//1784 1783//1783 1928//1928
f 1783//1783 1823//1823 1928//1928
f 1928//1928 1823//1823 1926//1926
f 1823//1823 1826//1826 1926//1926
f 1926//1926 1826//1826 1924//1924
f 1826//1826 1840//1840 1924//1924
f 1924//1924 1840//1840 1922//1922
f 1840//1840 1847//1847 1922//1922
f 1922//1922 1847//1847 1920//1920
f 1847//1847 1850//1850 1920//1920
f 1920//1920 1850//1850 1918//1918
f 1850//1850 1859//1859 1918//1918
f 1918//1918 1859//1859 1916//1916
f 1859//1859 1862//1862 1916//1916
f 1916//1916 1862//1862 1914//1914
f 1862//1862 1880//1880 1914//1914
f 1914//1914 1880//1880 1912//1912
f 1880//1880 1882//1882 1912//1912
f 1912//1912 1882//1882 1910//1910
f 1882//1882 1888//1888 1910//1910
f 1910//1910 1888//1888 1908//1908
f 1888//1888 1895//1895 1908//1908
f 1908//1908 1895//1895 1906//1906
f 1895//1895 1814//1814 1906//1906
f 1906//1906 1814//1814 1904//1904
f 1814//1814 1330//1330 1904//1904
f 1904//1904 1330//1330 1329//1329
f 1225//1225 1811//1811 1812//1812
f 1811//1811 1931//1931 1812//1812
f 1812//1812 1931//1931 1932//1932
f 1931//1931 1933//1933 1932//1932
f 1932//1932 1933//1933 1934//1934
f 1933//1933 1935//1935 1934//1934
f 1934//1934 1935//1935 1936//1936
f 1935//1935 1937//1937 1936//1936
f 1936//1936 1937//1937 1938//1938
f 1937//1937 1939//1939 1938//1938
f 1938//1938 1939//1939 1940//1940
f 1939//1939 1941//1941 1940//1940
f 1940//1940 1941//1941 1942//1942
f 1941//1941 1943//1943 1942//1942
f 1942//1942 1943//1943 1944//1944
f 1943//1943 1945//1945 1944//1944
f 1944//1944 1945//1945 1946//1946
f 1945//1945 1947//1947 1946//1946
f 1946//1946 1947//1947 1948//1948
f 1947//1947 1949//1949 1948//1948
f 1948//1948 1949//1949 1950//1950
f 1949//1949 1951//1951 1950//1950
f 1950//1950 1951//1951 1952//1952
f 1951//1951 1953//1953 1952//1952
f 1952//1952 1953//1953 1954//1954
f 1953//1953 1955//1955 1954//1954
f 1954//1954 1955//1955 1956//1956
f 1955//1955 1957//1957 1956//1956
f 1956//1956 1957//1957 1958//1958
f 1957//1957 1959//1959 1958//1958
f 1958//1958 1959//1959 1960//1960
f 1959//1959 1961//1961 1960//1960
f 1960//1960 1961//1961 1796//1796
f 1961//1961 1799//1799 1796//1796
f 1796//1796 1799//1799 1707//1707
f 1799//1799 1800//1800 1707//1707
f 1707//1707 1800//1800 1705//1705
f 1189//1189 1704//1704 1190//1190
f 1704//1704 1805//1805 1190//1190
f 1190//1190 1805//1805 1808//1808
f 1805//1805 1797//1797 1808//1808
f 1808//1808 1797//1797 1962//1962
f 1797//1797 1799//1799 1962//1962
f 1962//1962 1799//1799 1963//1963
f 1799//1799 1961//1961 1963//1963
f 1963//1963 1961//1961 1964//1964
f 1961//1961 1959//1959 1964//1964
f 1964//1964 1959//1959 1965//1965
f 1959//1959 1957//1957 1965//1965
f 1965//1965 1957//1957 1966//1966
f 1957//1957 1955//1955 1966//1966
f 1966//1966 1955//1955 1967//1967
f 1955//1955 1953//1953 1967//1967
f 1967//1967 1953//1953 1968//1968
f 1953//1953 1951//1951 1968//1968
f 1968//1968 1951//1951 1969//1969
f 1951//1951 1949//1949 1969//1969
f 1969//1969 1949//1949 1970//1970
f 1949//1949 1947//1947 1970//1970
f 1970//1970 1947//1947 1971//1971
f 1947//1947 1945//1945 1971//1971
f 1971//1971 1945//1945 1972//1972
f 1945//1945 1943//1943 1972//1972
f 1972//1972 1943//1943 1973//1973
f 1943//1943 1941//1941 1973//1973
f 1973//1973 1941//1941 1974//1974
f 1941//1941 1939//1939 1974//1974
f 1974//1974 1939//1939 1975//1975
f 1939//1939 1937//1937 1975//1975
f 1975//1975 1937//1937 1976//1976
f 1937//1937 1935//1935 1976//1976
f 1976//1976 1935//1935 1977//1977
f 1935//1935 1933//1933 1977//1977
f 1977//1977 1933//1933 1978//1978
f 1933//1933 1931//1931 1978//1978
f 1978//1978 1931//1931 1979//1979
f 1931//1931 1811//1811 1979//1979
f 1979//1979 1811//1811 1980//1980
f 1811//1811 1223//1223 1980//1980
f 1980//1980 1223//1223 1234//1234
f 1706//1706 1794//1794 1796//1796
f 1794//1794 1792//1792 1796//1796
f 1796//1796 1792//1792 1960//1960
f 1792//1792 1930//1930 1960//1960
f 1960//1960 1930//1930 1958//1958
f 1930//1930 1929//1929 1958//1958
f 1958//1958 1929//1929 1956//1956
f 1929//1929 1927//1927 1956//1956
f 1956//1956 1927//1927 1954//1954
f 1927//1927 1925//1925 1954//1954
f 1954//1954 1925//1925 1952//1952
f 1925//1925 1923//1923 1952//1952
f 1952//1952 1923//1923 1950//1950
f 1923//1923 1921//1921 1950//1950
f 1950//1950 1921//1921 1948//1948
f 1921//1921 1919//1919 1948//1948
f 1948//1948 1919//1919 1946//1946
f 1919//1919 1917//1917 1946//1946
f 1946//1946 1917//1917 1944//1944
f 1917//1917 1915//1915 1944//1944
f 1944//1944 1915//1915 1942//1942
f 1915//1915 1913//1913 1942//1942
f 1942//1942 1913//1913 1940//1940
f 1913//1913 1911//1911 1940//1940
f 1940//1940 1911//1911 1938//1938
f 1911//1911 1909//1909 1938//1938
f 1938//1938 1909//1909 1936//1936
f 1909//1909 1907//1907 1936//1936
f 1936//1936 1907//1907 1934//1934
f 1907//1907 1905//1905 1934//1934
f 1934//1934 1905//1905 1932//1932
f 1905//1905 1813//1813 1932//1932
f 1932//1932 1813//1813 1812//1812
f 1813//1813 1229//1229 1812//1812
f 1812//1812 1229//1229 1227//1227
f 1233//1233 1681//1681 1981//1981
f 1681//1681 1682//1682 1981//1981
f 1981//1981 1682//1682 1982//1982
f 1682//1682 1685//1685 1982//1982
f 1982//1982 1685//1685 1983//1983
f 1685//1685 1683//1683 1983//1983
f 1983//1983 1683//1683 1984//1984
f 1683//1683 1684//1684 1984//1984
f 1984//1984 1684//1684 1985//1985
f 1684//1684 1686//1686 1985//1985
f 1985//1985 1686//1686 1986//1986
f 1686//1686 1687//1687 1986//1986
f 1986//1986 1687//1687 1987//1987
f 1687//1687 1688//1688 1987//1987
f 1987//1987 1688//1688 1988//1988
f 1688//1688 1689//1689 1988//1988
f 1988//1988 1689//1689 1989//1989
f 1689//1689 1690//1690 1989//1989
f 1989//1989 1690//1690 1990//1990
f 1690//1690 1691//1691 1990//1990
f 1990//1990 1691//1691 1991//1991
f 1691//1691 1692//1692 1991//1991
f 1991//1991 1692//1692 1992//1992
f 1692//1692 1693//1693 1992//1992
f 1992//1992 1693//1693 1993//1993
f 1693//1693 1694//1694 1993//1993
f 1993//1993 1694//1694 1994//1994
f 1694//1694 1695//1695 1994//1994
f 1994//1994 1695//1695 1995//1995
f 1695//1695 1696//1696 1995//1995
f 1995//1995 1696//1696 1996//1996
f 1696//1696 1697//1697 1996//1996
f 1996//1996 1697//1697 1997//1997
f 1697//1697 1698//1698 1997//1997
f 1997//1997 1698//1698 1998//1998
f 1698//1698 1699//1699 1998//1998
f 1998//1998 1699//1699 1999//1999
f 1699//1699 1810//1810 1999//1999
f 1999//1999 1810//1810 1809//1809
f 1810//1810 1236//1236 1809//1809
f 1809//1809 1236//1236 1235//1235
f 1237//1237 1808//1808 1809//1809
f 1808//1808 1962//1962 1809//1809
f 1809//1809 1962//1962 1999//1999
f 1962//1962 1963//1963 1999//1999
f 1999//1999 1963//1963 1998//1998
f 1963//1963 1964//1964 1998//1998
f 1998//1998 1964//1964 1997//1997
f 1964//1964 1965//1965 1997//1997
f 1997//1997 1965//1965 1996//1996
f 1965//1965 1966//1966 1996//1996
f 1996//1996 1966//1966 1995//1995
f 1966//1966 1967//1967 1995//1995
f 1995//1995 1967//1967 1994//1994
f 1967//1967 1968//1968 1994//1994
f 1994//1994 1968//1968 1993//1993
f 1968//1968 1969//1969 1993//1993
f 1993//1993 1969//1969 1992//1992
f 1969//1969 1970//1970 1992//1992
f 1992//1992 1970//1970 1991//1991
f 1970//1970 1971//1971 1991//1991
f 1991//1991 1971//1971 1990//1990
f 1971//1971 1972//1972 1990//1990
f 1990//1990 1972//1972 1989//1989
f 1972//1972 1973//1973 1989//1989
f 1989//1989 1973//1973 1988//1988
f 1973//1973 1974//1974 1988//1988
f 1988//1988 1974//1974 1987//1987
f 1974//1974 1975//1975 1987//1987
f 1987//1987 1975//1975 1986//1986
f 1975//1975 1976//1976 1986//1986
f 1986//1986 1976//1976 1985//1985
f 1976//1976 1977//1977 1985//1985
f 1985//1985 1977//1977 1984//1984
f 1977//1977 1978//1978 1984//1984
f 1984//1984 1978//1978 1983//1983
f 1978//1978 1979//1979 1983//1983
f 1983//1983 1979//1979 1982//1982
f 1979//1979 1980//1980 1982//1982
f 1982//1982 1980//1980 1981//1981
f 1980//1980 1234//1234 1981//1981
f 1981//1981 1234//1234 1233//1233
f 1769//1769 1827//1827 1770//1770
f 1827//1827 1829//1829 1770//1770
f 1770//1770 1829//1829 1824//1824
f 1829//1829 1830//1830 1824//1824
f 1824//1824 1830//1830 1825//1825
f 1830//1830 1831//1831 1825//1825
f 1825//1825 1831//1831 1838//1838
f 1831//1831 1832//1832 1838//1838
f 1838//1838 1832//1832 1839//1839
f 1832//1832 1833//1833 1839//1839
f 1839//1839 1833//1833 1841//1841
f 1833//1833 1835//1835 1841//1841
f 1841//1841 1835//1835 1845//1845
f 1835//1835 1837//1837 1845//1845
f 1845//1845 1837//1837 1846//1846
f 1837//1837 1844//1844 1846//1846
f 1846//1846 1844//1844 1848//1848
f 1844//1844 1843//1843 1848//1848
f 1848//1848 1843//1843 1849//1849
f 1843//1843 1856//1856 1849//1849
f 1849//1849 1856//1856 1857//1857
f 1856//1856 1855//1855 1857//1857
f 1857//1857 1855//1855 1858//1858
f 1855//1855 1854//1854 1858//1858
f 1858//1858 1854//1854 1860//1860
f 1854//1854 1853//1853 1860//1860
f 1860//1860 1853//1853 1861//1861
f 1853//1853 1877//1877 1861//1861
f 1861//1861 1877//1877 1878//1878
f 1877//1877 1876//1876 1878//1878
f 1878//1878 1876//1876 1879//1879
f 1876//1876 1875//1875 1879//1879
f 1879//1879 1875//1875 1881//1881
f 1875//1875 1874//1874 1881//1881
f 1881//1881 1874//1874 1886//1886
f 1874//1874 1872//1872 1886//1886
f 1886//1886 1872//1872 1887//1887
f 1872//1872 1885//1885 1887//1887
f 1887//1887 1885//1885 1893//1893
f 1885//1885 1884//1884 1893//1893
f 1893//1893 1884//1884 1894//1894
f 1884//1884 1900//1900 1894//1894
f 1894//1894 1900//1900 1901//1901
f 1900//1900 1899//1899 1901//1901
f 1901//1901 1899//1899 1902//1902
f 1899//1899 1898//1898 1902//1902
f 1902//1902 1898//1898 1903//1903
f 1898//1898 1897//1897 1903//1903
f 1903//1903 1897//1897 1815//1815
f 1897//1897 1896//1896 1815//1815
f 1815//1815 1896//1896 1816//1816
f 1896//1896 1817//1817 1816//1816
f 1816//1816 1817//1817 1192//1192
f 1817//1817 1193//1193 1192//1192
f 1256//1256 2000//2000 1258//1258
f 1272//1272 1578//1578 2001//2001
f 1272//1272 2001//2001 1275//1275
f 2001//2001 2002//2002 1275//1275
f 1275//1275 2002//2002 1276//1276
f 2002//2002 2003//2003 1276//1276
f 1276//1276 2003//2003 1277//1277
f 2003//2003 2004//2004 1277//1277
f 1277//1277 2004//2004 1278//1278
f 1278//1278 2004//2004 1279//1279
f 2004//2004 2005//2005 1279//1279
f 1279//1279 2005//2005 1280//1280
f 1280//1280 2005//2005 1260//1260
f 2005//2005 2006//2006 1260//1260
f 1260//1260 2006//2006 1261//1261
f 2006//2006 2007//2007 1261//1261
f 1261//1261 2007//2007 1263//1263
f 1255//1255 1267//1267 2008//2008
f 1267//1267 1266//1266 2008//2008
f 2008//2008 1266//1266 2009//2009
f 1266//1266 1264//1264 2009//2009
f 2010//2010 1183//1183 2000//2000
f 1183//1183 1259//1259 2000//2000
f 2000//2000 1259//1259 1258//1258
f 2011//2011 1563//1563 2012//2012
f 1563//1563 1239//1239 2012//2012
f 2012//2012 1239//1239 2013//2013
f 1239//1239 1241//1241 2013//2013
f 2013//2013 1241//1241 2014//2014
f 1241//1241 1187//1187 2014//2014
f 2014//2014 1187//1187 2015//2015
f 1187//1187 1186//1186 2015//2015
f 2015//2015 1186//1186 2016//2016
f 1186//1186 1246//1246 2016//2016
f 2016//2016 1246//1246 2017//2017
f 1246//1246 1244//1244 2017//2017
f 2017//2017 1244//1244 2018//2018
f 1244//1244 1243//1243 2018//2018
f 2018//2018 1243//1243 2019//2019
f 1243//1243 1249//1249 2019//2019
f 2019//2019 1249//1249 2020//2020
f 1249//1249 1248//1248 2020//2020
f 2020//2020 1248//1248 2021//2021
f 1248//1248 1251//1251 2021//2021
f 2021//2021 1251//1251 2022//2022
f 1251//1251 1253//1253 2022//2022
f 2022//2022 1253//1253 2023//2023
f 1253//1253 1183//1183 2023//2023
f 2023//2023 1183//1183 2024//2024
f 1183//1183 2010//2010 2024//2024
f 2025//2025 2026//2026 2027//2027
f 2026//2026 2028//2028 2027//2027
f 2029//2029 2030//2030 2031//2031
f 2032//2032 2033//2033 2034//2034
f 2033//2033 2035//2035 2034//2034
f 2034//2034 2035//2035 2036//2036
f 2035//2035 2029//2029 2036//2036
f 2036//2036 2029//2029 2027//2027
f 2029//2029 2031//2031 2027//2027
f 2027//2027 2031//2031 2025//2025
f 2037//2037 2038//2038 2039//2039
f 2038//2038 2040//2040 2039//2039
f 2041//2041 2042//2042 2043//2043
f 2042//2042 2044//2044 2043//2043
f 2043//2043 2044//2044 2045//2045
f 2044//2044 2046//2046 2045//2045
f 2045//2045 2046//2046 2040//2040
f 2046//2046 2047//2047 2040//2040
f 2040//2040 2047//2047 2039//2039
f 2048//2048 2049//2049 2041//2041
f 2049//2049 2050//2050 2041//2041
f 2041//2041 2050//2050 2042//2042
f 2051//2051 2052//2052 2053//2053
f 2052//2052 2048//2048 2053//2053
f 2053//2053 2048//2048 2054//2054
f 2048//2048 2055//2055 2054//2054
f 2004//2004 2056//2056 2005//2005
f 2056//2056 2057//2057 2005//2005
f 2005//2005 2057//2057 2006//2006
f 2057//2057 2058//2058 2006//2006
f 2006//2006 2058//2058 2007//2007
f 2058//2058 2059//2059 2007//2007
f 2007//2007 2059//2059 2051//2051
f 2059//2059 2060//2060 2051//2051
f 2051//2051 2060//2060 2052//2052
f 2061//2061 2062//2062 2055//2055
f 2062//2062 2063//2063 2055//2055
f 2055//2055 2063//2063 2054//2054
f 2063//2063 2064//2064 2054//2054
f 2054//2054 2064//2064 2053//2053
f 2064//2064 2008//2008 2053//2053
f 2053//2053 2008//2008 2051//2051
f 2008//2008 2009//2009 2051//2051
f 2051//2051 2009//2009 2007//2007
f 2009//2009 1264//1264 2007//2007
f 2007//2007 1264//1264 1263//1263
f 2048//2048 2041//2041 2055//2055
f 2041//2041 2065//2065 2055//2055
f 2055//2055 2065//2065 2061//2061
f 2040//2040 2066//2066 2045//2045
f 2066//2066 2067//2067 2045//2045
f 2045//2045 2067//2067 2043//2043
f 2067//2067 2068//2068 2043//2043
f 2043//2043 2068//2068 2041//2041
f 2068//2068 2069//2069 2041//2041
f 2041//2041 2069//2069 2065//2065
f 2070//2070 2071//2071 2038//2038
f 2071//2071 2072//2072 2038//2038
f 2038//2038 2072//2072 2040//2040
f 2072//2072 2073//2073 2040//2040
f 2040//2040 2073//2073 2066//2066
f 2037//2037 2032//2032 2038//2038
f 2032//2032 2034//2034 2038//2038
f 2038//2038 2034//2034 2070//2070
f 2034//2034 2036//2036 2070//2070
f 2070//2070 2036//2036 2074//2074
f 2036//2036 2027//2027 2074//2074
f 2074//2074 2027//2027 2075//2075
f 2027//2027 2028//2028 2075//2075
f 2028//2028 2011//2011 2075//2075
f 2011//2011 2012//2012 2075//2075
f 2075//2075 2012//2012 2074//2074
f 2012//2012 2013//2013 2074//2074
f 2074//2074 2013//2013 2070//2070
f 2013//2013 2014//2014 2070//2070
f 2070//2070 2014//2014 2071//2071
f 2014//2014 2015//2015 2071//2071
f 2071//2071 2015//2015 2072//2072
f 2015//2015 2016//2016 2072//2072
f 2072//2072 2016//2016 2073//2073
f 2016//2016 2017//2017 2073//2073
f 2073//2073 2017//2017 2066//2066
f 2017//2017 2018//2018 2066//2066
f 2066//2066 2018//2018 2067//2067
f 2018//2018 2019//2019 2067//2067
f 2067//2067 2019//2019 2068//2068
f 2019//2019 2020//2020 2068//2068
f 2068//2068 2020//2020 2069//2069
f 2020//2020 2021//2021 2069//2069
f 2069//2069 2021//2021 2065//2065
f 2021//2021 2022//2022 2065//2065
f 2065//2065 2022//2022 2061//2061
f 2022//2022 2023//2023 2061//2061
f 2061//2061 2023//2023 2062//2062
f 2023//2023 2024//2024 2062//2062
f 2062//2062 2024//2024 2063//2063
f 2024//2024 2010//2010 2063//2063
f 2063//2063 2010//2010 2064//2064
f 2010//2010 2000//2000 2064//2064
f 2064//2064 2000//2000 2008//2008
f 2000//2000 1256//1256 2008//2008
f 2008//2008 1256//1256 1255//1255
f 2076//2076 1197//1197 1196//1196
f 1622//1622 2076//2076 1573//1573
f 2076//2076 2077//2077 1573//1573
f 1622//1622 1621//1621 2076//2076
f 1621//1621 1620//1620 2076//2076
f 2076//2076 1620//1620 1197//1197
f 1620//1620 1623//1623 1197//1197
f 1197//1197 1623//1623 1199//1199
f 1616//1616 1618//1618 2077//2077
f 1618//1618 1619//1619 2077//2077
f 2077//2077 1619//1619 1573//1573
f 1610//1610 1614//1614 2078//2078
f 2078//2078 1614//1614 2079//2079
f 1634//1634 1613//1613 2078//2078
f 1613//1613 1612//1612 2078//2078
f 2078//2078 1612//1612 1610//1610
f 1606//1606 1605//1605 2080//2080
f 1605//1605 1634//1634 2080//2080
f 1606//1606 2080//2080 1608//1608
f 2080//2080 2081//2081 1608//1608
f 1608//1608 2081//2081 1601//1601
f 1598//1598 1651//1651 2082//2082
f 1651//1651 1604//1604 2082//2082
f 2082//2082 1604//1604 2081//2081
f 1604//1604 1602//1602 2081//2081
f 2081//2081 1602//1602 1601//1601
f 2083//2083 2084//2084 1600//1600
f 2080//2080 2085//2085 2081//2081
f 2085//2085 2083//2083 2081//2081
f 2081//2081 2083//2083 2082//2082
f 2083//2083 1600//1600 2082//2082
f 2082//2082 1600//1600 1598//1598
f 1634//1634 2078//2078 2080//2080
f 2078//2078 2086//2086 2080//2080
f 2080//2080 2086//2086 2087//2087
f 2087//2087 2088//2088 2080//2080
f 2088//2088 2089//2089 2080//2080
f 2080//2080 2089//2089 2085//2085
f 2090//2090 2091//2091 2079//2079
f 2091//2091 2092//2092 2079//2079
f 2079//2079 2092//2092 2078//2078
f 2092//2092 2093//2093 2078//2078
f 2078//2078 2093//2093 2086//2086
f 1196//1196 2094//2094 2076//2076
f 2094//2094 2090//2090 2076//2076
f 2076//2076 2090//2090 2077//2077
f 2090//2090 2079//2079 2077//2077
f 2077//2077 2079//2079 1616//1616
f 2079//2079 1614//1614 1616//1616
f 2095//2095 2096//2096 2097//2097
f 2098//2098 2099//2099 2100//2100
f 2101//2101 2102//2102 2103//2103
f 2104//2104 2105//2105 2106//2106
f 2107//2107 2108//2108 2109//2109
f 2110//2110 2111//2111 2112//2112
f 1584//1584 2113//2113 2114//2114
f 1642//1642 1595//1595 2115//2115
f 2116//2116 2117//2117 2118//2118
f 2119//2119 175//175 177//177
f 2120//2120 2121//2121 2122//2122
f 2121//2121 2123//2123 2122//2122
f 2122//2122 2123//2123 2124//2124
f 2125//2125 2126//2126 2120//2120
f 2126//2126 2127//2127 2120//2120
f 2120//2120 2127//2127 2121//2121
f 2128//2128 2129//2129 2130//2130
f 2129//2129 2131//2131 2130//2130
f 2130//2130 2131//2131 2125//2125
f 2131//2131 2132//2132 2125//2125
f 2125//2125 2132//2132 2126//2126
f 2133//2133 2134//2134 2135//2135
f 2133//2133 2136//2136 2134//2134
f 2136//2136 2137//2137 2134//2134
f 2134//2134 2137//2137 2138//2138
f 2139//2139 2140//2140 2133//2133
f 2140//2140 2141//2141 2133//2133
f 2133//2133 2141//2141 2136//2136
f 2142//2142 2143//2143 2139//2139
f 2143//2143 2144//2144 2139//2139
f 2139//2139 2144//2144 2140//2140
f 2139//2139 2145//2145 2142//2142
f 2145//2145 2146//2146 2142//2142
f 2142//2142 2146//2146 2147//2147
f 2148//2148 2149//2149 2150//2150
f 2149//2149 2151//2151 2150//2150
f 2150//2150 2151//2151 2152//2152
f 2151//2151 2153//2153 2152//2152
f 2152//2152 2153//2153 2154//2154
f 2153//2153 2155//2155 2154//2154
f 2154//2154 2155//2155 2146//2146
f 2155//2155 2156//2156 2146//2146
f 2146//2146 2156//2156 2147//2147
f 2157//2157 2158//2158 2159//2159
f 2160//2160 2161//2161 2162//2162
f 2161//2161 2158//2158 2162//2162
f 2163//2163 2164//2164 2165//2165
f 2164//2164 2166//2166 2165//2165
f 2165//2165 2166//2166 2167//2167
f 2166//2166 2168//2168 2167//2167
f 2169//2169 2170//2170 2171//2171
f 2170//2170 2172//2172 2171//2171
f 2171//2171 2172//2172 2168//2168
f 2172//2172 2173//2173 2168//2168
f 2168//2168 2173//2173 2167//2167
f 2174//2174 2175//2175 2176//2176
f 2169//2169 2171//2171 2177//2177
f 2171//2171 2178//2178 2177//2177
f 2177//2177 2178//2178 2179//2179
f 2178//2178 2174//2174 2179//2179
f 2179//2179 2174//2174 2180//2180
f 2174//2174 2176//2176 2180//2180
f 2180//2180 2176//2176 2181//2181
f 2182//2182 2183//2183 2184//2184
f 2185//2185 2186//2186 2187//2187
f 2188//2188 2189//2189 2190//2190
f 2189//2189 2191//2191 2190//2190
f 2190//2190 2191//2191 2192//2192
f 2193//2193 2194//2194 2188//2188
f 2195//2195 2196//2196 2197//2197
f 2196//2196 2198//2198 2197//2197
f 2197//2197 2198//2198 2199//2199
f 2198//2198 2200//2200 2199//2199
f 2201//2201 2202//2202 2203//2203
f 1599//1599 1600//1600 2204//2204
f 1600//1600 2205//2205 2204//2204
f 2204//2204 2205//2205 2206//2206
f 1586//1586 1588//1588 2207//2207
f 1588//1588 1590//1590 2207//2207
f 1578//1578 1577//1577 2208//2208
f 1577//1577 1576//1576 2208//2208
f 2208//2208 1576//1576 1579//1579
f 1579//1579 1580//1580 2208//2208
f 1580//1580 1581//1581 2208//2208
f 2208//2208 1581//1581 2114//2114
f 1581//1581 1582//1582 2114//2114
f 2114//2114 1582//1582 1584//1584
f 2209//2209 152//152 2210//2210
f 152//152 151//151 2210//2210
f 2210//2210 151//151 157//157
f 2211//2211 148//148 2209//2209
f 148//148 147//147 2209//2209
f 2209//2209 147//147 152//152
f 2111//2111 2212//2212 2112//2112
f 2212//2212 2213//2213 2112//2112
f 2112//2112 2213//2213 31//31
f 2214//2214 2215//2215 2216//2216
f 2216//2216 2110//2110 2214//2214
f 2110//2110 2112//2112 2214//2214
f 2214//2214 2112//2112 2217//2217
f 2112//2112 31//31 2217//2217
f 2217//2217 31//31 2211//2211
f 31//31 150//150 2211//2211
f 2211//2211 150//150 148//148
f 2218//2218 2219//2219 2220//2220
f 2219//2219 2221//2221 2220//2220
f 2222//2222 2223//2223 2108//2108
f 2223//2223 2224//2224 2108//2108
f 2225//2225 2226//2226 2227//2227
f 2226//2226 2228//2228 2227//2227
f 2228//2228 2229//2229 2227//2227
f 2229//2229 2230//2230 2227//2227
f 2227//2227 2230//2230 2231//2231
f 2232//2232 2233//2233 2234//2234
f 2233//2233 2235//2235 2234//2234
f 2232//2232 2234//2234 2236//2236
f 2234//2234 2237//2237 2236//2236
f 2236//2236 2237//2237 2238//2238
f 182//182 181//181 2239//2239
f 181//181 186//186 2239//2239
f 186//186 187//187 2239//2239
f 2239//2239 187//187 2240//2240
f 187//187 2241//2241 2240//2240
f 2240//2240 2241//2241 2238//2238
f 180//180 179//179 2242//2242
f 179//179 183//183 2242//2242
f 2243//2243 2244//2244 2245//2245
f 2244//2244 2246//2246 2245//2245
f 2243//2243 2107//2107 2244//2244
f 2107//2107 2109//2109 2244//2244
f 2244//2244 2109//2109 2246//2246
f 2109//2109 2247//2247 2246//2246
f 2246//2246 2247//2247 2207//2207
f 2247//2247 2113//2113 2207//2207
f 2207//2207 2113//2113 1586//1586
f 2113//2113 1584//1584 1586//1586
f 2221//2221 2222//2222 2220//2220
f 2222//2222 2108//2108 2220//2220
f 2220//2220 2108//2108 2248//2248
f 2108//2108 2107//2107 2248//2248
f 2248//2248 2107//2107 2249//2249
f 2107//2107 2243//2243 2249//2249
f 2224//2224 2250//2250 2108//2108
f 2250//2250 2215//2215 2108//2108
f 2108//2108 2215//2215 2109//2109
f 2215//2215 2214//2214 2109//2109
f 2109//2109 2214//2214 2247//2247
f 2214//2214 2217//2217 2247//2247
f 2247//2247 2217//2217 2113//2113
f 2217//2217 2211//2211 2113//2113
f 2113//2113 2211//2211 2114//2114
f 2211//2211 2209//2209 2114//2114
f 2114//2114 2209//2209 2208//2208
f 2209//2209 2210//2210 2208//2208
f 2208//2208 2210//2210 155//155
f 2210//2210 157//157 155//155
f 2251//2251 2252//2252 2253//2253
f 2254//2254 2255//2255 2256//2256
f 2257//2257 2258//2258 2259//2259
f 2251//2251 2253//2253 2260//2260
f 2253//2253 2261//2261 2260//2260
f 2260//2260 2261//2261 2227//2227
f 2261//2261 2234//2234 2227//2227
f 2227//2227 2234//2234 2225//2225
f 2234//2234 2235//2235 2225//2225
f 2225//2225 2235//2235 2226//2226
f 2262//2262 2263//2263 2264//2264
f 2238//2238 2237//2237 2240//2240
f 2237//2237 2234//2234 2240//2240
f 2240//2240 2234//2234 2265//2265
f 2234//2234 2261//2261 2265//2265
f 2265//2265 2261//2261 2266//2266
f 2261//2261 2253//2253 2266//2266
f 2266//2266 2253//2253 2267//2267
f 2253//2253 2252//2252 2267//2267
f 2267//2267 2252//2252 2254//2254
f 2262//2262 2264//2264 2268//2268
f 2264//2264 2259//2259 2268//2268
f 2268//2268 2259//2259 2269//2269
f 2259//2259 2258//2258 2269//2269
f 2269//2269 2258//2258 2270//2270
f 2270//2270 2104//2104 2271//2271
f 2105//2105 2272//2272 2273//2273
f 2159//2159 2148//2148 2157//2157
f 2148//2148 2150//2150 2157//2157
f 2157//2157 2150//2150 2274//2274
f 2270//2270 2271//2271 2269//2269
f 2271//2271 2275//2275 2269//2269
f 2269//2269 2275//2275 2268//2268
f 2275//2275 2276//2276 2268//2268
f 2268//2268 2276//2276 2262//2262
f 2104//2104 2106//2106 2271//2271
f 2106//2106 2277//2277 2271//2271
f 2271//2271 2277//2277 2275//2275
f 2277//2277 2278//2278 2275//2275
f 2275//2275 2278//2278 2276//2276
f 2278//2278 2279//2279 2276//2276
f 2276//2276 2279//2279 2280//2280
f 2254//2254 2256//2256 2267//2267
f 2256//2256 2281//2281 2267//2267
f 2267//2267 2281//2281 2266//2266
f 2281//2281 2282//2282 2266//2266
f 2266//2266 2282//2282 2265//2265
f 2282//2282 2283//2283 2265//2265
f 2265//2265 2283//2283 2240//2240
f 2283//2283 2284//2284 2240//2240
f 2240//2240 2284//2284 2239//2239
f 2285//2285 2284//2284 2286//2286
f 2284//2284 2283//2283 2286//2286
f 2286//2286 2283//2283 2287//2287
f 2283//2283 2282//2282 2287//2287
f 2287//2287 2282//2282 2288//2288
f 2282//2282 2281//2281 2288//2288
f 2288//2288 2281//2281 2289//2289
f 2281//2281 2256//2256 2289//2289
f 2289//2289 2256//2256 2290//2290
f 2256//2256 2255//2255 2290//2290
f 2290//2290 2255//2255 2257//2257
f 2285//2285 2101//2101 2284//2284
f 2101//2101 2103//2103 2284//2284
f 2284//2284 2103//2103 2239//2239
f 2103//2103 2242//2242 2239//2239
f 2239//2239 2242//2242 182//182
f 2242//2242 183//183 182//182
f 2102//2102 2291//2291 2103//2103
f 2291//2291 2292//2292 2103//2103
f 2103//2103 2292//2292 2242//2242
f 2292//2292 2119//2119 2242//2242
f 2242//2242 2119//2119 180//180
f 2119//2119 177//177 180//180
f 2293//2293 2294//2294 2295//2295
f 2294//2294 2296//2296 2295//2295
f 2295//2295 2296//2296 2297//2297
f 2296//2296 2298//2298 2297//2297
f 2297//2297 2298//2298 2299//2299
f 2298//2298 2300//2300 2299//2299
f 2299//2299 2300//2300 2301//2301
f 2300//2300 2302//2302 2301//2301
f 2301//2301 2302//2302 2303//2303
f 2302//2302 2304//2304 2303//2303
f 2303//2303 2304//2304 2305//2305
f 2304//2304 2306//2306 2305//2305
f 2100//2100 2099//2099 2307//2307
f 2099//2099 2308//2308 2307//2307
f 2308//2308 2309//2309 2307//2307
f 2307//2307 2309//2309 2279//2279
f 2309//2309 2310//2310 2279//2279
f 2279//2279 2310//2310 2280//2280
f 2311//2311 2312//2312 2313//2313
f 2312//2312 2314//2314 2313//2313
f 2313//2313 2314//2314 2315//2315
f 2314//2314 2316//2316 2315//2315
f 2315//2315 2316//2316 2317//2317
f 2316//2316 2318//2318 2317//2317
f 2317//2317 2318//2318 2319//2319
f 2318//2318 2320//2320 2319//2319
f 2319//2319 2320//2320 2321//2321
f 2320//2320 2273//2273 2321//2321
f 2321//2321 2273//2273 2322//2322
f 2273//2273 2272//2272 2322//2322
f 2322//2322 2272//2272 2274//2274
f 2098//2098 2293//2293 2099//2099
f 2293//2293 2295//2295 2099//2099
f 2099//2099 2295//2295 2308//2308
f 2295//2295 2297//2297 2308//2308
f 2308//2308 2297//2297 2309//2309
f 2297//2297 2299//2299 2309//2309
f 2309//2309 2299//2299 2310//2310
f 2299//2299 2301//2301 2310//2310
f 2310//2310 2301//2301 2280//2280
f 2301//2301 2303//2303 2280//2280
f 2280//2280 2303//2303 2276//2276
f 2303//2303 2305//2305 2276//2276
f 2276//2276 2305//2305 2262//2262
f 2305//2305 2306//2306 2262//2262
f 2262//2262 2306//2306 2263//2263
f 2105//2105 2273//2273 2106//2106
f 2273//2273 2320//2320 2106//2106
f 2106//2106 2320//2320 2277//2277
f 2320//2320 2318//2318 2277//2277
f 2277//2277 2318//2318 2278//2278
f 2318//2318 2316//2316 2278//2278
f 2278//2278 2316//2316 2279//2279
f 2316//2316 2314//2314 2279//2279
f 2279//2279 2314//2314 2307//2307
f 2314//2314 2312//2312 2307//2307
f 2307//2307 2312//2312 2100//2100
f 2312//2312 2323//2323 2100//2100
f 2100//2100 2323//2323 2098//2098
f 2324//2324 2128//2128 2325//2325
f 2128//2128 2130//2130 2325//2325
f 2325//2325 2130//2130 2326//2326
f 2130//2130 2125//2125 2326//2326
f 2326//2326 2125//2125 2327//2327
f 2125//2125 2120//2120 2327//2327
f 2327//2327 2120//2120 2328//2328
f 2120//2120 2122//2122 2328//2328
f 2328//2328 2122//2122 2329//2329
f 2122//2122 2124//2124 2329//2329
f 2329//2329 2124//2124 2291//2291
f 2124//2124 2330//2330 2291//2291
f 2291//2291 2330//2330 2292//2292
f 2330//2330 171//171 2292//2292
f 2292//2292 171//171 2119//2119
f 171//171 170//170 2119//2119
f 2119//2119 170//170 175//175
f 2257//2257 2259//2259 2290//2290
f 2259//2259 2264//2264 2290//2290
f 2290//2290 2264//2264 2289//2289
f 2264//2264 2263//2263 2289//2289
f 2289//2289 2263//2263 2288//2288
f 2263//2263 2306//2306 2288//2288
f 2288//2288 2306//2306 2287//2287
f 2306//2306 2304//2304 2287//2287
f 2287//2287 2304//2304 2286//2286
f 2304//2304 2302//2302 2286//2286
f 2286//2286 2302//2302 2285//2285
f 2302//2302 2300//2300 2285//2285
f 2285//2285 2300//2300 2101//2101
f 2300//2300 2298//2298 2101//2101
f 2101//2101 2298//2298 2102//2102
f 2298//2298 2296//2296 2102//2102
f 2102//2102 2296//2296 2291//2291
f 2296//2296 2294//2294 2291//2291
f 2291//2291 2294//2294 2329//2329
f 2294//2294 2293//2293 2329//2329
f 2329//2329 2293//2293 2328//2328
f 2293//2293 2098//2098 2328//2328
f 2328//2328 2098//2098 2327//2327
f 2098//2098 2323//2323 2327//2327
f 2327//2327 2323//2323 2326//2326
f 2323//2323 2312//2312 2326//2326
f 2326//2326 2312//2312 2325//2325
f 2312//2312 2311//2311 2325//2325
f 2325//2325 2311//2311 2324//2324
f 2274//2274 2150//2150 2322//2322
f 2150//2150 2152//2152 2322//2322
f 2322//2322 2152//2152 2321//2321
f 2152//2152 2154//2154 2321//2321
f 2321//2321 2154//2154 2319//2319
f 2154//2154 2146//2146 2319//2319
f 2319//2319 2146//2146 2317//2317
f 2146//2146 2145//2145 2317//2317
f 2317//2317 2145//2145 2315//2315
f 2145//2145 2139//2139 2315//2315
f 2315//2315 2139//2139 2313//2313
f 2139//2139 2133//2133 2313//2313
f 2313//2313 2133//2133 2311//2311
f 2133//2133 2135//2135 2311//2311
f 2311//2311 2135//2135 2324//2324
f 2331//2331 2332//2332 2333//2333
f 2332//2332 2334//2334 2333//2333
f 2333//2333 2334//2334 2335//2335
f 2334//2334 2096//2096 2335//2335
f 2335//2335 2096//2096 2336//2336
f 2096//2096 2095//2095 2336//2336
f 2336//2336 2095//2095 2337//2337
f 2338//2338 2331//2331 2339//2339
f 2331//2331 2333//2333 2339//2339
f 2339//2339 2333//2333 2340//2340
f 2333//2333 2335//2335 2340//2340
f 2340//2340 2335//2335 2341//2341
f 2335//2335 2336//2336 2341//2341
f 2341//2341 2336//2336 2342//2342
f 2336//2336 2337//2337 2342//2342
f 2342//2342 2337//2337 2182//2182
f 2343//2343 2338//2338 2344//2344
f 2338//2338 2339//2339 2344//2344
f 2344//2344 2339//2339 2345//2345
f 2339//2339 2340//2340 2345//2345
f 2345//2345 2340//2340 2346//2346
f 2340//2340 2341//2341 2346//2346
f 2346//2346 2341//2341 2347//2347
f 2341//2341 2342//2342 2347//2347
f 2347//2347 2342//2342 2118//2118
f 2342//2342 2182//2182 2118//2118
f 2118//2118 2182//2182 2116//2116
f 2182//2182 2184//2184 2116//2116
f 2348//2348 2343//2343 2349//2349
f 2343//2343 2344//2344 2349//2349
f 2349//2349 2344//2344 2350//2350
f 2344//2344 2345//2345 2350//2350
f 2350//2350 2345//2345 2351//2351
f 2345//2345 2346//2346 2351//2351
f 2351//2351 2346//2346 2352//2352
f 2346//2346 2347//2347 2352//2352
f 2352//2352 2347//2347 2353//2353
f 2347//2347 2118//2118 2353//2353
f 2353//2353 2118//2118 2354//2354
f 2118//2118 2117//2117 2354//2354
f 2164//2164 2348//2348 2166//2166
f 2348//2348 2349//2349 2166//2166
f 2166//2166 2349//2349 2168//2168
f 2349//2349 2350//2350 2168//2168
f 2168//2168 2350//2350 2171//2171
f 2350//2350 2351//2351 2171//2171
f 2171//2171 2351//2351 2178//2178
f 2351//2351 2352//2352 2178//2178
f 2178//2178 2352//2352 2174//2174
f 2352//2352 2353//2353 2174//2174
f 2174//2174 2353//2353 2175//2175
f 2353//2353 2354//2354 2175//2175
f 2158//2158 2157//2157 2162//2162
f 2157//2157 2274//2274 2162//2162
f 2162//2162 2274//2274 2355//2355
f 2274//2274 2272//2272 2355//2355
f 2355//2355 2272//2272 2356//2356
f 2272//2272 2105//2105 2356//2356
f 2356//2356 2105//2105 2357//2357
f 2105//2105 2104//2104 2357//2357
f 2357//2357 2104//2104 2358//2358
f 2104//2104 2270//2270 2358//2358
f 2358//2358 2270//2270 2359//2359
f 2270//2270 2258//2258 2359//2359
f 2359//2359 2258//2258 2360//2360
f 2258//2258 2257//2257 2360//2360
f 2360//2360 2257//2257 2361//2361
f 2257//2257 2255//2255 2361//2361
f 2361//2361 2255//2255 2362//2362
f 2255//2255 2254//2254 2362//2362
f 2362//2362 2254//2254 2363//2363
f 2254//2254 2252//2252 2363//2363
f 2363//2363 2252//2252 2364//2364
f 2252//2252 2251//2251 2364//2364
f 2364//2364 2251//2251 2249//2249
f 2251//2251 2260//2260 2249//2249
f 2249//2249 2260//2260 2248//2248
f 2260//2260 2227//2227 2248//2248
f 2248//2248 2227//2227 2220//2220
f 2227//2227 2231//2231 2220//2220
f 2220//2220 2231//2231 2218//2218
f 2365//2365 2366//2366 2367//2367
f 2366//2366 2368//2368 2367//2367
f 2367//2367 2368//2368 2369//2369
f 2370//2370 2371//2371 2372//2372
f 2371//2371 2373//2373 2372//2372
f 2372//2372 2373//2373 2369//2369
f 2366//2366 2195//2195 2368//2368
f 2195//2195 2197//2197 2368//2368
f 2368//2368 2197//2197 2369//2369
f 2197//2197 2199//2199 2369//2369
f 2369//2369 2199//2199 2372//2372
f 2199//2199 2200//2200 2372//2372
f 2372//2372 2200//2200 2370//2370
f 2374//2374 2201//2201 2375//2375
f 2201//2201 2203//2203 2375//2375
f 2375//2375 2203//2203 2376//2376
f 2188//2188 2190//2190 2193//2193
f 2190//2190 2377//2377 2193//2193
f 2193//2193 2377//2377 2378//2378
f 2377//2377 2379//2379 2378//2378
f 2378//2378 2379//2379 2374//2374
f 2379//2379 2380//2380 2374//2374
f 2374//2374 2380//2380 2201//2201
f 2376//2376 2365//2365 2375//2375
f 2365//2365 2367//2367 2375//2375
f 2375//2375 2367//2367 2374//2374
f 2367//2367 2369//2369 2374//2374
f 2374//2374 2369//2369 2378//2378
f 2369//2369 2373//2373 2378//2378
f 2378//2378 2373//2373 2193//2193
f 2373//2373 2371//2371 2193//2193
f 2193//2193 2371//2371 2194//2194
f 1596//1596 1599//1599 2381//2381
f 1599//1599 2204//2204 2381//2381
f 2381//2381 2204//2204 2382//2382
f 2204//2204 2206//2206 2382//2382
f 2382//2382 2206//2206 2383//2383
f 2206//2206 2384//2384 2383//2383
f 2383//2383 2384//2384 2385//2385
f 2384//2384 2386//2386 2385//2385
f 2385//2385 2386//2386 2097//2097
f 2386//2386 2387//2387 2097//2097
f 2097//2097 2387//2387 2095//2095
f 2387//2387 2388//2388 2095//2095
f 2095//2095 2388//2388 2337//2337
f 2388//2388 2185//2185 2337//2337
f 2337//2337 2185//2185 2182//2182
f 2185//2185 2187//2187 2182//2182
f 2182//2182 2187//2187 2183//2183
f 1643//1643 1642//1642 2389//2389
f 1642//1642 2115//2115 2389//2389
f 2389//2389 2115//2115 2390//2390
f 2115//2115 2391//2391 2390//2390
f 2390//2390 2391//2391 2392//2392
f 2391//2391 2393//2393 2392//2392
f 2392//2392 2393//2393 2394//2394
f 2393//2393 2395//2395 2394//2394
f 2394//2394 2395//2395 2396//2396
f 2395//2395 2397//2397 2396//2396
f 2396//2396 2397//2397 2398//2398
f 2397//2397 2399//2399 2398//2398
f 2398//2398 2399//2399 2400//2400
f 2399//2399 2401//2401 2400//2400
f 2400//2400 2401//2401 2402//2402
f 2332//2332 2402//2402 2334//2334
f 2402//2402 2401//2401 2334//2334
f 2334//2334 2401//2401 2096//2096
f 2401//2401 2399//2399 2096//2096
f 2096//2096 2399//2399 2097//2097
f 2399//2399 2397//2397 2097//2097
f 2097//2097 2397//2397 2385//2385
f 2397//2397 2395//2395 2385//2385
f 2385//2385 2395//2395 2383//2383
f 2395//2395 2393//2393 2383//2383
f 2383//2383 2393//2393 2382//2382
f 2393//2393 2391//2391 2382//2382
f 2382//2382 2391//2391 2381//2381
f 2391//2391 2115//2115 2381//2381
f 2381//2381 2115//2115 1596//1596
f 2115//2115 1595//1595 1596//1596
f 1600//1600 2084//2084 2205//2205
f 2084//2084 2202//2202 2205//2205
f 2205//2205 2202//2202 2206//2206
f 2202//2202 2201//2201 2206//2206
f 2206//2206 2201//2201 2384//2384
f 2201//2201 2380//2380 2384//2384
f 2384//2384 2380//2380 2386//2386
f 2380//2380 2379//2379 2386//2386
f 2386//2386 2379//2379 2387//2387
f 2379//2379 2377//2377 2387//2387
f 2387//2387 2377//2377 2388//2388
f 2377//2377 2190//2190 2388//2388
f 2388//2388 2190//2190 2185//2185
f 2190//2190 2192//2192 2185//2185
f 2185//2185 2192//2192 2186//2186
f 1590//1590 1592//1592 2207//2207
f 1592//1592 1643//1643 2207//2207
f 2207//2207 1643//1643 2246//2246
f 1643//1643 2389//2389 2246//2246
f 2246//2246 2389//2389 2245//2245
f 2389//2389 2390//2390 2245//2245
f 2245//2245 2390//2390 2243//2243
f 2390//2390 2392//2392 2243//2243
f 2243//2243 2392//2392 2249//2249
f 2392//2392 2394//2394 2249//2249
f 2249//2249 2394//2394 2364//2364
f 2394//2394 2396//2396 2364//2364
f 2364//2364 2396//2396 2363//2363
f 2396//2396 2398//2398 2363//2363
f 2363//2363 2398//2398 2362//2362
f 2398//2398 2400//2400 2362//2362
f 2362//2362 2400//2400 2361//2361
f 2400//2400 2402//2402 2361//2361
f 2361//2361 2402//2402 2360//2360
f 2402//2402 2332//2332 2360//2360
f 2360//2360 2332//2332 2359//2359
f 2332//2332 2331//2331 2359//2359
f 2359//2359 2331//2331 2358//2358
f 2331//2331 2338//2338 2358//2358
f 2358//2358 2338//2338 2357//2357
f 2338//2338 2343//2343 2357//2357
f 2357//2357 2343//2343 2356//2356
f 2343//2343 2348//2348 2356//2356
f 2356//2356 2348//2348 2355//2355
f 2348//2348 2164//2164 2355//2355
f 2355//2355 2164//2164 2162//2162
f 2164//2164 2163//2163 2162//2162
f 2162//2162 2163//2163 2160//2160
f 938//938 935//935 2403//2403
f 938//938 2403//2403 941//941
f 954//954 950//950 2403//2403
f 950//950 943//943 2403//2403
f 2403//2403 943//943 941//941
f 834//834 839//839 2403//2403
f 839//839 957//957 2403//2403
f 2403//2403 957//957 954//954
f 971//971 964//964 2403//2403
f 964//964 805//805 2403//2403
f 2403//2403 805//805 834//834
f 1006//1006 980//980 2403//2403
f 980//980 975//975 2403//2403
f 2403//2403 975//975 971//971
f 1022//1022 1019//1019 2403//2403
f 1019//1019 1016//1016 2403//2403
f 2403//2403 1016//1016 1006//1006
f 918//918 1030//1030 2403//2403
f 1030//1030 1025//1025 2403//2403
f 2403//2403 1025//1025 1022//1022
f 925//925 922//922 2403//2403
f 922//922 808//808 2403//2403
f 2403//2403 808//808 918//918
f 868//868 931//931 2403//2403
f 931//931 928//928 2403//2403
f 2403//2403 928//928 925//925
f 935//935 900//900 2403//2403
f 900//900 811//811 2403//2403
f 2403//2403 811//811 868//868
f 2404//2404 2405//2405 2406//2406
f 2202//2202 2407//2407 2408//2408
f 1731//1731 2409//2409 1732//1732
f 1744//1744 1743//1743 2410//2410
f 1743//1743 1742//1742 2410//2410
f 2410//2410 1742//1742 1741//1741
f 2410//2410 2411//2411 1744//1744
f 2411//2411 2412//2412 1744//1744
f 1744//1744 2412//2412 1745//1745
f 2412//2412 2413//2413 1745//1745
f 1745//1745 2413//2413 1736//1736
f 2413//2413 2414//2414 1736//1736
f 1736//1736 2414//2414 1735//1735
f 2414//2414 2415//2415 1735//1735
f 1735//1735 2415//2415 1728//1728
f 2415//2415 2416//2416 1728//1728
f 1728//1728 2416//2416 1727//1727
f 1727//1727 2416//2416 1729//1729
f 2416//2416 2417//2417 1729//1729
f 1729//1729 2417//2417 1730//1730
f 1730//1730 2417//2417 1731//1731
f 2417//2417 2418//2418 1731//1731
f 1731//1731 2418//2418 2409//2409
f 2419//2419 1733//1733 1734//1734
f 2094//2094 1196//1196 1733//1733
f 1733//1733 2419//2419 2094//2094
f 2419//2419 2420//2420 2094//2094
f 2094//2094 2420//2420 2090//2090
f 2421//2421 2092//2092 2420//2420
f 2092//2092 2091//2091 2420//2420
f 2420//2420 2091//2091 2090//2090
f 2422//2422 2087//2087 2423//2423
f 2087//2087 2086//2086 2423//2423
f 2423//2423 2086//2086 2421//2421
f 2086//2086 2093//2093 2421//2421
f 2421//2421 2093//2093 2092//2092
f 2085//2085 2089//2089 2422//2422
f 2089//2089 2088//2088 2422//2422
f 2422//2422 2088//2088 2087//2087
f 2422//2422 2424//2424 2085//2085
f 2424//2424 2425//2425 2085//2085
f 2085//2085 2425//2425 2083//2083
f 2202//2202 2408//2408 2203//2203
f 2408//2408 2426//2426 2203//2203
f 2203//2203 2426//2426 2376//2376
f 2426//2426 2427//2427 2376//2376
f 2376//2376 2427//2427 2365//2365
f 2427//2427 2428//2428 2365//2365
f 2365//2365 2428//2428 2366//2366
f 2428//2428 2429//2429 2366//2366
f 2366//2366 2429//2429 2195//2195
f 2429//2429 2430//2430 2195//2195
f 2195//2195 2430//2430 2196//2196
f 2430//2430 2431//2431 2196//2196
f 2431//2431 2432//2432 2196//2196
f 2196//2196 2432//2432 2198//2198
f 2433//2433 2434//2434 2435//2435
f 2434//2434 2436//2436 2435//2435
f 2435//2435 2436//2436 2437//2437
f 2438//2438 2439//2439 2440//2440
f 2438//2438 2440//2440 2441//2441
f 1741//1741 2442//2442 2410//2410
f 2442//2442 2443//2443 2410//2410
f 2410//2410 2443//2443 2411//2411
f 2443//2443 2444//2444 2411//2411
f 2411//2411 2444//2444 2445//2445
f 2405//2405 2432//2432 2406//2406
f 2432//2432 2431//2431 2406//2406
f 2406//2406 2431//2431 2446//2446
f 2431//2431 2430//2430 2446//2446
f 2446//2446 2430//2430 2447//2447
f 2430//2430 2429//2429 2447//2447
f 2447//2447 2429//2429 2448//2448
f 2429//2429 2428//2428 2448//2448
f 2448//2448 2428//2428 2449//2449
f 2428//2428 2427//2427 2449//2449
f 2449//2449 2427//2427 2450//2450
f 2427//2427 2426//2426 2450//2450
f 2450//2450 2426//2426 2451//2451
f 2426//2426 2408//2408 2451//2451
f 2451//2451 2408//2408 2452//2452
f 2408//2408 2407//2407 2452//2452
f 2437//2437 2404//2404 2435//2435
f 2404//2404 2406//2406 2435//2435
f 2435//2435 2406//2406 2453//2453
f 2406//2406 2446//2446 2453//2453
f 2453//2453 2446//2446 2454//2454
f 2446//2446 2447//2447 2454//2454
f 2454//2454 2447//2447 2455//2455
f 2447//2447 2448//2448 2455//2455
f 2455//2455 2448//2448 2456//2456
f 2448//2448 2449//2449 2456//2456
f 2456//2456 2449//2449 2457//2457
f 2449//2449 2450//2450 2457//2457
f 2457//2457 2450//2450 2458//2458
f 2450//2450 2451//2451 2458//2458
f 2458//2458 2451//2451 2459//2459
f 2451//2451 2452//2452 2459//2459
f 2439//2439 2433//2433 2440//2440
f 2433//2433 2435//2435 2440//2440
f 2440//2440 2435//2435 2460//2460
f 2435//2435 2453//2453 2460//2460
f 2460//2460 2453//2453 2461//2461
f 2453//2453 2454//2454 2461//2461
f 2461//2461 2454//2454 2462//2462
f 2454//2454 2455//2455 2462//2462
f 2462//2462 2455//2455 2463//2463
f 2455//2455 2456//2456 2463//2463
f 2463//2463 2456//2456 2464//2464
f 2456//2456 2457//2457 2464//2464
f 2464//2464 2457//2457 2465//2465
f 2457//2457 2458//2458 2465//2465
f 2465//2465 2458//2458 2466//2466
f 2458//2458 2459//2459 2466//2466
f 2466//2466 2467//2467 2465//2465
f 2467//2467 2468//2468 2465//2465
f 2465//2465 2468//2468 2464//2464
f 2468//2468 2469//2469 2464//2464
f 2464//2464 2469//2469 2463//2463
f 2469//2469 2470//2470 2463//2463
f 2463//2463 2470//2470 2462//2462
f 2470//2470 2471//2471 2462//2462
f 2462//2462 2471//2471 2461//2461
f 2471//2471 2472//2472 2461//2461
f 2461//2461 2472//2472 2460//2460
f 2472//2472 2473//2473 2460//2460
f 2460//2460 2473//2473 2440//2440
f 2473//2473 2474//2474 2440//2440
f 2440//2440 2474//2474 2441//2441
f 2445//2445 2441//2441 2411//2411
f 2441//2441 2474//2474 2411//2411
f 2411//2411 2474//2474 2412//2412
f 2474//2474 2473//2473 2412//2412
f 2412//2412 2473//2473 2413//2413
f 2473//2473 2472//2472 2413//2413
f 2413//2413 2472//2472 2414//2414
f 2472//2472 2471//2471 2414//2414
f 2414//2414 2471//2471 2415//2415
f 2471//2471 2470//2470 2415//2415
f 2415//2415 2470//2470 2416//2416
f 2470//2470 2469//2469 2416//2416
f 2416//2416 2469//2469 2417//2417
f 2469//2469 2468//2468 2417//2417
f 2417//2417 2468//2468 2418//2418
f 2468//2468 2467//2467 2418//2418
f 2084//2084 2083//2083 2202//2202
f 2083//2083 2425//2425 2202//2202
f 2202//2202 2425//2425 2407//2407
f 2425//2425 2424//2424 2407//2407
f 2407//2407 2424//2424 2452//2452
f 2424//2424 2422//2422 2452//2452
f 2452//2452 2422//2422 2459//2459
f 2422//2422 2423//2423 2459//2459
f 2459//2459 2423//2423 2466//2466
f 2423//2423 2421//2421 2466//2466
f 2466//2466 2421//2421 2467//2467
f 2421//2421 2420//2420 2467//2467
f 2467//2467 2420//2420 2418//2418
f 2420//2420 2419//2419 2418//2418
f 2418//2418 2419//2419 2409//2409
f 2419//2419 1734//1734 2409//2409
f 2409//2409 1734//1734 1732//1732
f 2475//2475 2476//2476 2477//2477
f 2478//2478 2479//2479 2480//2480
f 2444//2444 2481//2481 2482//2482
f 2443//2443 2442//2442 2483//2483
f 2484//2484 1750//1750 1749//1749
f 2485//2485 1752//1752 1751//1751
f 2483//2483 1739//1739 1737//1737
f 2442//2442 1741//1741 2483//2483
f 1741//1741 1740//1740 2483//2483
f 2483//2483 1740//1740 1739//1739
f 2444//2444 2482//2482 2445//2445
f 2482//2482 2486//2486 2445//2445
f 2445//2445 2486//2486 2441//2441
f 2441//2441 2486//2486 2438//2438
f 2486//2486 2487//2487 2438//2438
f 2438//2438 2487//2487 2439//2439
f 2439//2439 2487//2487 2433//2433
f 2487//2487 2488//2488 2433//2433
f 2433//2433 2488//2488 2434//2434
f 2434//2434 2488//2488 2436//2436
f 2488//2488 2489//2489 2436//2436
f 2436//2436 2489//2489 2437//2437
f 2490//2490 2491//2491 2492//2492
f 2437//2437 2489//2489 2404//2404
f 2489//2489 2493//2493 2404//2404
f 2404//2404 2493//2493 2405//2405
f 2493//2493 2490//2490 2405//2405
f 2405//2405 2490//2490 2432//2432
f 2490//2490 2492//2492 2432//2432
f 2432//2432 2492//2492 2198//2198
f 2478//2478 2494//2494 2491//2491
f 2494//2494 2495//2495 2491//2491
f 2491//2491 2495//2495 2492//2492
f 2479//2479 2478//2478 2496//2496
f 2497//2497 2498//2498 2499//2499
f 2498//2498 2500//2500 2499//2499
f 2499//2499 2500//2500 2501//2501
f 2500//2500 2502//2502 2501//2501
f 2503//2503 2504//2504 2505//2505
f 2504//2504 2506//2506 2505//2505
f 2505//2505 2506//2506 2497//2497
f 2507//2507 2508//2508 2509//2509
f 2508//2508 2510//2510 2509//2509
f 2477//2477 2511//2511 2512//2512
f 2475//2475 2477//2477 2513//2513
f 2477//2477 2512//2512 2513//2513
f 2513//2513 2512//2512 2514//2514
f 2511//2511 2477//2477 2515//2515
f 2477//2477 2516//2516 2515//2515
f 2515//2515 2516//2516 2517//2517
f 2516//2516 2518//2518 2517//2517
f 2517//2517 2518//2518 2519//2519
f 2519//2519 2518//2518 2520//2520
f 2518//2518 2521//2521 2520//2520
f 2520//2520 2521//2521 2522//2522
f 2521//2521 2523//2523 2522//2522
f 2522//2522 2523//2523 2524//2524
f 2523//2523 2525//2525 2524//2524
f 2524//2524 2525//2525 2526//2526
f 2526//2526 2525//2525 2527//2527
f 2525//2525 2528//2528 2527//2527
f 2527//2527 2528//2528 2529//2529
f 2528//2528 2530//2530 2529//2529
f 2529//2529 2530//2530 2531//2531
f 2532//2532 2533//2533 2531//2531
f 2533//2533 2532//2532 2534//2534
f 2532//2532 2535//2535 2534//2534
f 2534//2534 2535//2535 2536//2536
f 2535//2535 2537//2537 2536//2536
f 2536//2536 2537//2537 2538//2538
f 2538//2538 2537//2537 2539//2539
f 2537//2537 2540//2540 2539//2539
f 2539//2539 2540//2540 2541//2541
f 1749//1749 2542//2542 2484//2484
f 2542//2542 2543//2543 2484//2484
f 2484//2484 2543//2543 2544//2544
f 2543//2543 2541//2541 2544//2544
f 2476//2476 2545//2545 2477//2477
f 2545//2545 2507//2507 2477//2477
f 2477//2477 2507//2507 2516//2516
f 2507//2507 2509//2509 2516//2516
f 2516//2516 2509//2509 2518//2518
f 2546//2546 2547//2547 2548//2548
f 2547//2547 2549//2549 2548//2548
f 2548//2548 2549//2549 2550//2550
f 2549//2549 2551//2551 2550//2550
f 2550//2550 2551//2551 2552//2552
f 2551//2551 2553//2553 2552//2552
f 2552//2552 2553//2553 2554//2554
f 2553//2553 2555//2555 2554//2554
f 2554//2554 2555//2555 2556//2556
f 2555//2555 2557//2557 2556//2556
f 2556//2556 2557//2557 2505//2505
f 2557//2557 2558//2558 2505//2505
f 2505//2505 2558//2558 2503//2503
f 2559//2559 2560//2560 2561//2561
f 2560//2560 2540//2540 2561//2561
f 2541//2541 2540//2540 2544//2544
f 2540//2540 2560//2560 2544//2544
f 2544//2544 2560//2560 2484//2484
f 2560//2560 2559//2559 2484//2484
f 2484//2484 2559//2559 1750//1750
f 1752//1752 2485//2485 2562//2562
f 2485//2485 2563//2563 2562//2562
f 2562//2562 2563//2563 2564//2564
f 2563//2563 2565//2565 2564//2564
f 2564//2564 2565//2565 2566//2566
f 2565//2565 2567//2567 2566//2566
f 2566//2566 2567//2567 2568//2568
f 2567//2567 2569//2569 2568//2568
f 2568//2568 2569//2569 2570//2570
f 2569//2569 2571//2571 2570//2570
f 2570//2570 2571//2571 2572//2572
f 2571//2571 2573//2573 2572//2572
f 2572//2572 2573//2573 2574//2574
f 2573//2573 2575//2575 2574//2574
f 2574//2574 2575//2575 2576//2576
f 2575//2575 2577//2577 2576//2576
f 2576//2576 2577//2577 2578//2578
f 2577//2577 2579//2579 2578//2578
f 2578//2578 2579//2579 2496//2496
f 2579//2579 2501//2501 2496//2496
f 2496//2496 2501//2501 2479//2479
f 2501//2501 2502//2502 2479//2479
f 2479//2479 2502//2502 2480//2480
f 2444//2444 2443//2443 2481//2481
f 2443//2443 2483//2483 2481//2481
f 2481//2481 2483//2483 2580//2580
f 2483//2483 1737//1737 2580//2580
f 2580//2580 1737//1737 1738//1738
f 2510//2510 2558//2558 2509//2509
f 2558//2558 2557//2557 2509//2509
f 2509//2509 2557//2557 2518//2518
f 2557//2557 2555//2555 2518//2518
f 2518//2518 2555//2555 2521//2521
f 2555//2555 2553//2553 2521//2521
f 2521//2521 2553//2553 2523//2523
f 2553//2553 2551//2551 2523//2523
f 2523//2523 2551//2551 2525//2525
f 2551//2551 2549//2549 2525//2525
f 2525//2525 2549//2549 2528//2528
f 2549//2549 2547//2547 2528//2528
f 2528//2528 2547//2547 2530//2530
f 2547//2547 2546//2546 2530//2530
f 2531//2531 2530//2530 2532//2532
f 2530//2530 2546//2546 2532//2532
f 2532//2532 2546//2546 2535//2535
f 2546//2546 2581//2581 2535//2535
f 2535//2535 2581//2581 2537//2537
f 2581//2581 2582//2582 2537//2537
f 2537//2537 2582//2582 2540//2540
f 2582//2582 2583//2583 2540//2540
f 2540//2540 2583//2583 2561//2561
f 2497//2497 2499//2499 2505//2505
f 2499//2499 2501//2501 2505//2505
f 2505//2505 2501//2501 2556//2556
f 2501//2501 2579//2579 2556//2556
f 2556//2556 2579//2579 2554//2554
f 2579//2579 2577//2577 2554//2554
f 2554//2554 2577//2577 2552//2552
f 2577//2577 2575//2575 2552//2552
f 2552//2552 2575//2575 2550//2550
f 2575//2575 2573//2573 2550//2550
f 2550//2550 2573//2573 2548//2548
f 2573//2573 2571//2571 2548//2548
f 2548//2548 2571//2571 2546//2546
f 2571//2571 2569//2569 2546//2546
f 2546//2546 2569//2569 2581//2581
f 2569//2569 2567//2567 2581//2581
f 2581//2581 2567//2567 2582//2582
f 2567//2567 2565//2565 2582//2582
f 2582//2582 2565//2565 2583//2583
f 2565//2565 2563//2563 2583//2583
f 2583//2583 2563//2563 2561//2561
f 2563//2563 2485//2485 2561//2561
f 2561//2561 2485//2485 2559//2559
f 2485//2485 1751//1751 2559//2559
f 2559//2559 1751//1751 1750//1750
f 2478//2478 2491//2491 2496//2496
f 2491//2491 2490//2490 2496//2496
f 2496//2496 2490//2490 2578//2578
f 2490//2490 2493//2493 2578//2578
f 2578//2578 2493//2493 2576//2576
f 2493//2493 2489//2489 2576//2576
f 2576//2576 2489//2489 2574//2574
f 2489//2489 2488//2488 2574//2574
f 2574//2574 2488//2488 2572//2572
f 2488//2488 2487//2487 2572//2572
f 2572//2572 2487//2487 2570//2570
f 2487//2487 2486//2486 2570//2570
f 2570//2570 2486//2486 2568//2568
f 2486//2486 2482//2482 2568//2568
f 2568//2568 2482//2482 2566//2566
f 2482//2482 2481//2481 2566//2566
f 2566//2566 2481//2481 2564//2564
f 2481//2481 2580//2580 2564//2564
f 2564//2564 2580//2580 2562//2562
f 2580//2580 1738//1738 2562//2562
f 2562//2562 1738//1738 1752//1752
f 1748//1748 1747//1747 2584//2584
f 1747//1747 1746//1746 2584//2584
f 1749//1749 1748//1748 2542//2542
f 1748//1748 2584//2584 2542//2542
f 2542//2542 2584//2584 2543//2543
f 2584//2584 2585//2585 2543//2543
f 2586//2586 2539//2539 2585//2585
f 2539//2539 2541//2541 2585//2585
f 2585//2585 2541//2541 2543//2543
f 2587//2587 2536//2536 2586//2586
f 2536//2536 2538//2538 2586//2586
f 2586//2586 2538//2538 2539//2539
f 2588//2588 2531//2531 2589//2589
f 2531//2531 2533//2533 2589//2589
f 2589//2589 2533//2533 2587//2587
f 2533//2533 2534//2534 2587//2587
f 2587//2587 2534//2534 2536//2536
f 2590//2590 2526//2526 2591//2591
f 2526//2526 2527//2527 2591//2591
f 2591//2591 2527//2527 2588//2588
f 2527//2527 2529//2529 2588//2588
f 2588//2588 2529//2529 2531//2531
f 2592//2592 2522//2522 2590//2590
f 2522//2522 2524//2524 2590//2590
f 2590//2590 2524//2524 2526//2526
f 2593//2593 2519//2519 2592//2592
f 2519//2519 2520//2520 2592//2592
f 2592//2592 2520//2520 2522//2522
f 2512//2512 2511//2511 2594//2594
f 2511//2511 2515//2515 2594//2594
f 2594//2594 2515//2515 2593//2593
f 2515//2515 2517//2517 2593//2593
f 2593//2593 2517//2517 2519//2519
f 2512//2512 2595//2595 2514//2514
f 2595//2595 2596//2596 2514//2514
f 2514//2514 2596//2596 2597//2597
f 2598//2598 2597//2597 2599//2599
f 2597//2597 2596//2596 2599//2599
f 2599//2599 2596//2596 2600//2600
f 2596//2596 2595//2595 2600//2600
f 2600//2600 2595//2595 2601//2601
f 2512//2512 2594//2594 2595//2595
f 2594//2594 2602//2602 2595//2595
f 2595//2595 2602//2602 2601//2601
f 2603//2603 2604//2604 2590//2590
f 2604//2604 2605//2605 2590//2590
f 2590//2590 2605//2605 2592//2592
f 2605//2605 2606//2606 2592//2592
f 2592//2592 2606//2606 2593//2593
f 2606//2606 2607//2607 2593//2593
f 2593//2593 2607//2607 2594//2594
f 2607//2607 2608//2608 2594//2594
f 2594//2594 2608//2608 2602//2602
f 2603//2603 2590//2590 2609//2609
f 2590//2590 2591//2591 2609//2609
f 2609//2609 2591//2591 2610//2610
f 2610//2610 2591//2591 2611//2611
f 2591//2591 2588//2588 2611//2611
f 2611//2611 2588//2588 2612//2612
f 2612//2612 2588//2588 2613//2613
f 2588//2588 2589//2589 2613//2613
f 2613//2613 2589//2589 2614//2614
f 2589//2589 2587//2587 2614//2614
f 2614//2614 2587//2587 2615//2615
f 1746//1746 2616//2616 2584//2584
f 2616//2616 2617//2617 2584//2584
f 2584//2584 2617//2617 2585//2585
f 2617//2617 2618//2618 2585//2585
f 2585//2585 2618//2618 2586//2586
f 2618//2618 2619//2619 2586//2586
f 2586//2586 2619//2619 2587//2587
f 2619//2619 2620//2620 2587//2587
f 2587//2587 2620//2620 2615//2615
f 2621//2621 2622//2622 2623//2623
f 2624//2624 2625//2625 2626//2626
f 2625//2625 2627//2627 2626//2626
f 2628//2628 2629//2629 2630//2630
f 2628//2628 2630//2630 2624//2624
f 2630//2630 2631//2631 2624//2624
f 2624//2624 2631//2631 2625//2625
f 2629//2629 2632//2632 2633//2633
f 2632//2632 2634//2634 2633//2633
f 2633//2633 2634//2634 2635//2635
f 2635//2635 2634//2634 2636//2636
f 2634//2634 2637//2637 2636//2636
f 2636//2636 2637//2637 2638//2638
f 2638//2638 2637//2637 2639//2639
f 2637//2637 2640//2640 2639//2639
f 2639//2639 2640//2640 2641//2641
f 2641//2641 2640//2640 2642//2642
f 2640//2640 2643//2643 2642//2642
f 2642//2642 2643//2643 2644//2644
f 2643//2643 2645//2645 2644//2644
f 2644//2644 2645//2645 2646//2646
f 2647//2647 2648//2648 2649//2649
f 2649//2649 2650//2650 2647//2647
f 2650//2650 2651//2651 2647//2647
f 2647//2647 2651//2651 2645//2645
f 2651//2651 2652//2652 2645//2645
f 2645//2645 2652//2652 2646//2646
f 2653//2653 2654//2654 2655//2655
f 2654//2654 2656//2656 2655//2655
f 2655//2655 2656//2656 2648//2648
f 2656//2656 2657//2657 2648//2648
f 2648//2648 2657//2657 2649//2649
f 2658//2658 2659//2659 2653//2653
f 2621//2621 2623//2623 1755//1755
f 1755//1755 2623//2623 1756//1756
f 2623//2623 2616//2616 1756//1756
f 1756//1756 2616//2616 1746//1746
f 2622//2622 2659//2659 2623//2623
f 2659//2659 2658//2658 2623//2623
f 2623//2623 2658//2658 2616//2616
f 2658//2658 2617//2617 2616//2616
f 2653//2653 2655//2655 2658//2658
f 2655//2655 2618//2618 2658//2658
f 2658//2658 2618//2618 2617//2617
f 2647//2647 2615//2615 2648//2648
f 2615//2615 2620//2620 2648//2648
f 2648//2648 2620//2620 2655//2655
f 2620//2620 2619//2619 2655//2655
f 2655//2655 2619//2619 2618//2618
f 2611//2611 2612//2612 2645//2645
f 2612//2612 2613//2613 2645//2645
f 2645//2645 2613//2613 2647//2647
f 2613//2613 2614//2614 2647//2647
f 2647//2647 2614//2614 2615//2615
f 2611//2611 2645//2645 2610//2610
f 2645//2645 2643//2643 2610//2610
f 2610//2610 2643//2643 2609//2609
f 2609//2609 2643//2643 2603//2603
f 2643//2643 2640//2640 2603//2603
f 2603//2603 2640//2640 2604//2604
f 2640//2640 2637//2637 2604//2604
f 2604//2604 2637//2637 2605//2605
f 2605//2605 2637//2637 2606//2606
f 2637//2637 2634//2634 2606//2606
f 2606//2606 2634//2634 2607//2607
f 2607//2607 2634//2634 2608//2608
f 2634//2634 2632//2632 2608//2608
f 2608//2608 2632//2632 2602//2602
f 2629//2629 2628//2628 2632//2632
f 2628//2628 2601//2601 2632//2632
f 2632//2632 2601//2601 2602//2602
f 2626//2626 2598//2598 2624//2624
f 2598//2598 2599//2599 2624//2624
f 2624//2624 2599//2599 2628//2628
f 2599//2599 2600//2600 2628//2628
f 2628//2628 2600//2600 2601//2601
f 2660//2660 2661//2661 2662//2662
f 2663//2663 2664//2664 2665//2665
f 2664//2664 2663//2663 2666//2666
f 2667//2667 2668//2668 2669//2669
f 2670//2670 2671//2671 2672//2672
f 2673//2673 2674//2674 2675//2675
f 2676//2676 2677//2677 2673//2673
f 2678//2678 2679//2679 2680//2680
f 2644//2644 2681//2681 2682//2682
f 2659//2659 2683//2683 2684//2684
f 1761//1761 1760//1760 2685//2685
f 2686//2686 2687//2687 2688//2688
f 2689//2689 2690//2690 2691//2691
f 2625//2625 2631//2631 2692//2692
f 2689//2689 2691//2691 2693//2693
f 2691//2691 2694//2694 2693//2693
f 2693//2693 2694//2694 2695//2695
f 2695//2695 2694//2694 2696//2696
f 2694//2694 2697//2697 2696//2696
f 2696//2696 2697//2697 2698//2698
f 2697//2697 2699//2699 2698//2698
f 2698//2698 2699//2699 2700//2700
f 2701//2701 2702//2702 1757//1757
f 2702//2702 1758//1758 1757//1757
f 1761//1761 2685//2685 1753//1753
f 2621//2621 1755//1755 1754//1754
f 2621//2621 1754//1754 2703//2703
f 2683//2683 2659//2659 2703//2703
f 2659//2659 2622//2622 2703//2703
f 2703//2703 2622//2622 2621//2621
f 2656//2656 2654//2654 2684//2684
f 2654//2654 2653//2653 2684//2684
f 2684//2684 2653//2653 2659//2659
f 2684//2684 2704//2704 2656//2656
f 2704//2704 2705//2705 2656//2656
f 2656//2656 2705//2705 2657//2657
f 2706//2706 2650//2650 2705//2705
f 2650//2650 2649//2649 2705//2705
f 2705//2705 2649//2649 2657//2657
f 2681//2681 2644//2644 2707//2707
f 2644//2644 2646//2646 2707//2707
f 2646//2646 2652//2652 2707//2707
f 2707//2707 2652//2652 2706//2706
f 2652//2652 2651//2651 2706//2706
f 2706//2706 2651//2651 2650//2650
f 2708//2708 2641//2641 2682//2682
f 2641//2641 2642//2642 2682//2682
f 2682//2682 2642//2642 2644//2644
f 2630//2630 2629//2629 2709//2709
f 2629//2629 2633//2633 2709//2709
f 2709//2709 2633//2633 2710//2710
f 2633//2633 2635//2635 2710//2710
f 2710//2710 2635//2635 2711//2711
f 2635//2635 2636//2636 2711//2711
f 2711//2711 2636//2636 2712//2712
f 2636//2636 2638//2638 2712//2712
f 2712//2712 2638//2638 2708//2708
f 2638//2638 2639//2639 2708//2708
f 2708//2708 2639//2639 2641//2641
f 2713//2713 2714//2714 2715//2715
f 2714//2714 2716//2716 2715//2715
f 2715//2715 2716//2716 2717//2717
f 2716//2716 2718//2718 2717//2717
f 2717//2717 2718//2718 2719//2719
f 2718//2718 2720//2720 2719//2719
f 2719//2719 2720//2720 2721//2721
f 2720//2720 2722//2722 2721//2721
f 2721//2721 2722//2722 2723//2723
f 2722//2722 2724//2724 2723//2723
f 2723//2723 2724//2724 2725//2725
f 2724//2724 2726//2726 2725//2725
f 2725//2725 2726//2726 2727//2727
f 2726//2726 2728//2728 2727//2727
f 2727//2727 2728//2728 2692//2692
f 2729//2729 2730//2730 2731//2731
f 2730//2730 2680//2680 2731//2731
f 2731//2731 2680//2680 2732//2732
f 2680//2680 2733//2733 2732//2732
f 2734//2734 2735//2735 2677//2677
f 2735//2735 2736//2736 2677//2677
f 2677//2677 2736//2736 2673//2673
f 2737//2737 2738//2738 2674//2674
f 2738//2738 2739//2739 2674//2674
f 2674//2674 2739//2739 2675//2675
f 2739//2739 2740//2740 2675//2675
f 2675//2675 2740//2740 2741//2741
f 2736//2736 2742//2742 2673//2673
f 2742//2742 2743//2743 2673//2673
f 2673//2673 2743//2743 2674//2674
f 2743//2743 2744//2744 2674//2674
f 2674//2674 2744//2744 2737//2737
f 2680//2680 2679//2679 2733//2733
f 2679//2679 2745//2745 2733//2733
f 2733//2733 2745//2745 2746//2746
f 2745//2745 2747//2747 2746//2746
f 2746//2746 2747//2747 2748//2748
f 2747//2747 2749//2749 2748//2748
f 2748//2748 2749//2749 2750//2750
f 2751//2751 2752//2752 2753//2753
f 2751//2751 2753//2753 2754//2754
f 2753//2753 2755//2755 2754//2754
f 2754//2754 2755//2755 2756//2756
f 2678//2678 2752//2752 2679//2679
f 2752//2752 2751//2751 2679//2679
f 2679//2679 2751//2751 2745//2745
f 2751//2751 2754//2754 2745//2745
f 2745//2745 2754//2754 2747//2747
f 2754//2754 2756//2756 2747//2747
f 2747//2747 2756//2756 2749//2749
f 2757//2757 2758//2758 2759//2759
f 2758//2758 2760//2760 2759//2759
f 2759//2759 2760//2760 2761//2761
f 2762//2762 2672//2672 2763//2763
f 2672//2672 2671//2671 2763//2763
f 2763//2763 2671//2671 2764//2764
f 2765//2765 2766//2766 2767//2767
f 2768//2768 2670//2670 2767//2767
f 2670//2670 2672//2672 2767//2767
f 2767//2767 2672//2672 2765//2765
f 2672//2672 2762//2762 2765//2765
f 2765//2765 2762//2762 2769//2769
f 2762//2762 2770//2770 2769//2769
f 2687//2687 2700//2700 2688//2688
f 2700//2700 2699//2699 2688//2688
f 2688//2688 2699//2699 2757//2757
f 2699//2699 2697//2697 2757//2757
f 2757//2757 2697//2697 2758//2758
f 2697//2697 2694//2694 2758//2758
f 2758//2758 2694//2694 2760//2760
f 2771//2771 2772//2772 2773//2773
f 2772//2772 2774//2774 2773//2773
f 2773//2773 2774//2774 2761//2761
f 2774//2774 2775//2775 2761//2761
f 2761//2761 2775//2775 2759//2759
f 2775//2775 2776//2776 2759//2759
f 2759//2759 2776//2776 2757//2757
f 2776//2776 2777//2777 2757//2757
f 2757//2757 2777//2777 2688//2688
f 2771//2771 2764//2764 2772//2772
f 2764//2764 2671//2671 2772//2772
f 2772//2772 2671//2671 2774//2774
f 2671//2671 2670//2670 2774//2774
f 2774//2774 2670//2670 2775//2775
f 2670//2670 2768//2768 2775//2775
f 2775//2775 2768//2768 2776//2776
f 2768//2768 2778//2778 2776//2776
f 2776//2776 2778//2778 2777//2777
f 2778//2778 2779//2779 2777//2777
f 2777//2777 2779//2779 2688//2688
f 2668//2668 2780//2780 2669//2669
f 2780//2780 2781//2781 2669//2669
f 2669//2669 2781//2781 2782//2782
f 2781//2781 2783//2783 2782//2782
f 2782//2782 2783//2783 2784//2784
f 2783//2783 2785//2785 2784//2784
f 2784//2784 2785//2785 2786//2786
f 2785//2785 2787//2787 2786//2786
f 2786//2786 2787//2787 2788//2788
f 2766//2766 2667//2667 2767//2767
f 2667//2667 2669//2669 2767//2767
f 2767//2767 2669//2669 2768//2768
f 2669//2669 2782//2782 2768//2768
f 2768//2768 2782//2782 2778//2778
f 2782//2782 2784//2784 2778//2778
f 2778//2778 2784//2784 2779//2779
f 2784//2784 2786//2786 2779//2779
f 2779//2779 2786//2786 2688//2688
f 2786//2786 2788//2788 2688//2688
f 2688//2688 2788//2788 2686//2686
f 2737//2737 2770//2770 2738//2738
f 2770//2770 2762//2762 2738//2738
f 2738//2738 2762//2762 2739//2739
f 2762//2762 2763//2763 2739//2739
f 2739//2739 2763//2763 2740//2740
f 2763//2763 2764//2764 2740//2740
f 2740//2740 2764//2764 2741//2741
f 2764//2764 2771//2771 2741//2741
f 2789//2789 2790//2790 2791//2791
f 2790//2790 2792//2792 2791//2791
f 2791//2791 2792//2792 2793//2793
f 2792//2792 2794//2794 2793//2793
f 1760//1760 1759//1759 2685//2685
f 1759//1759 2795//2795 2685//2685
f 2685//2685 2795//2795 2796//2796
f 2795//2795 2797//2797 2796//2796
f 2796//2796 2797//2797 2665//2665
f 2797//2797 2798//2798 2665//2665
f 2665//2665 2798//2798 2663//2663
f 1759//1759 1758//1758 2795//2795
f 1758//1758 2702//2702 2795//2795
f 2795//2795 2702//2702 2797//2797
f 2702//2702 2799//2799 2797//2797
f 2797//2797 2799//2799 2798//2798
f 2701//2701 2800//2800 2702//2702
f 2800//2800 2801//2801 2702//2702
f 2702//2702 2801//2801 2799//2799
f 2801//2801 2802//2802 2799//2799
f 2799//2799 2802//2802 2798//2798
f 2802//2802 2803//2803 2798//2798
f 2798//2798 2803//2803 2663//2663
f 2803//2803 2804//2804 2663//2663
f 2663//2663 2804//2804 2666//2666
f 2804//2804 2805//2805 2666//2666
f 2732//2732 2806//2806 2731//2731
f 2806//2806 2807//2807 2731//2731
f 2731//2731 2807//2807 2729//2729
f 2807//2807 2808//2808 2729//2729
f 2729//2729 2808//2808 2809//2809
f 2810//2810 2811//2811 2809//2809
f 2811//2811 2810//2810 2812//2812
f 2810//2810 2813//2813 2812//2812
f 2812//2812 2813//2813 2814//2814
f 2661//2661 2814//2814 2662//2662
f 2814//2814 2813//2813 2662//2662
f 2662//2662 2813//2813 2815//2815
f 2813//2813 2810//2810 2815//2815
f 2815//2815 2810//2810 2789//2789
f 2810//2810 2809//2809 2789//2789
f 2789//2789 2809//2809 2790//2790
f 2809//2809 2808//2808 2790//2790
f 2790//2790 2808//2808 2792//2792
f 2808//2808 2807//2807 2792//2792
f 2792//2792 2807//2807 2794//2794
f 2807//2807 2806//2806 2794//2794
f 2631//2631 2630//2630 2692//2692
f 2630//2630 2709//2709 2692//2692
f 2692//2692 2709//2709 2727//2727
f 2709//2709 2710//2710 2727//2727
f 2727//2727 2710//2710 2725//2725
f 2710//2710 2711//2711 2725//2725
f 2725//2725 2711//2711 2723//2723
f 2711//2711 2712//2712 2723//2723
f 2723//2723 2712//2712 2721//2721
f 2712//2712 2708//2708 2721//2721
f 2721//2721 2708//2708 2719//2719
f 2708//2708 2682//2682 2719//2719
f 2719//2719 2682//2682 2717//2717
f 2682//2682 2681//2681 2717//2717
f 2717//2717 2681//2681 2715//2715
f 2681//2681 2707//2707 2715//2715
f 2715//2715 2707//2707 2713//2713
f 2707//2707 2706//2706 2713//2713
f 1754//1754 1753//1753 2703//2703
f 1753//1753 2685//2685 2703//2703
f 2703//2703 2685//2685 2683//2683
f 2685//2685 2796//2796 2683//2683
f 2683//2683 2796//2796 2684//2684
f 2796//2796 2665//2665 2684//2684
f 2684//2684 2665//2665 2704//2704
f 2665//2665 2664//2664 2704//2704
f 2704//2704 2664//2664 2705//2705
f 2664//2664 2666//2666 2705//2705
f 2705//2705 2666//2666 2706//2706
f 2666//2666 2805//2805 2706//2706
f 2706//2706 2805//2805 2713//2713
f 2812//2812 2734//2734 2811//2811
f 2734//2734 2677//2677 2811//2811
f 2811//2811 2677//2677 2809//2809
f 2677//2677 2676//2676 2809//2809
f 2809//2809 2676//2676 2729//2729
f 2676//2676 2673//2673 2729//2729
f 2729//2729 2673//2673 2730//2730
f 2673//2673 2675//2675 2730//2730
f 2730//2730 2675//2675 2680//2680
f 2675//2675 2741//2741 2680//2680
f 2680//2680 2741//2741 2678//2678
f 2741//2741 2771//2771 2678//2678
f 2678//2678 2771//2771 2752//2752
f 2771//2771 2773//2773 2752//2752
f 2752//2752 2773//2773 2753//2753
f 2773//2773 2761//2761 2753//2753
f 2753//2753 2761//2761 2755//2755
f 2761//2761 2760//2760 2755//2755
f 2755//2755 2760//2760 2756//2756
f 2760//2760 2694//2694 2756//2756
f 2756//2756 2694//2694 2749//2749
f 2694//2694 2691//2691 2749//2749
f 2749//2749 2691//2691 2750//2750
f 2691//2691 2690//2690 2750//2750
f 2800//2800 2660//2660 2801//2801
f 2660//2660 2662//2662 2801//2801
f 2801//2801 2662//2662 2802//2802
f 2662//2662 2815//2815 2802//2802
f 2802//2802 2815//2815 2803//2803
f 2815//2815 2789//2789 2803//2803
f 2803//2803 2789//2789 2804//2804
f 2789//2789 2791//2791 2804//2804
f 2804//2804 2791//2791 2805//2805
f 2791//2791 2793//2793 2805//2805
f 2805//2805 2793//2793 2713//2713
f 2793//2793 2794//2794 2713//2713
f 2713//2713 2794//2794 2714//2714
f 2794//2794 2806//2806 2714//2714
f 2714//2714 2806//2806 2716//2716
f 2806//2806 2732//2732 2716//2716
f 2716//2716 2732//2732 2718//2718
f 2732//2732 2733//2733 2718//2718
f 2718//2718 2733//2733 2720//2720
f 2733//2733 2746//2746 2720//2720
f 2720//2720 2746//2746 2722//2722
f 2746//2746 2748//2748 2722//2722
f 2722//2722 2748//2748 2724//2724
f 2748//2748 2750//2750 2724//2724
f 2724//2724 2750//2750 2726//2726
f 2750//2750 2690//2690 2726//2726
f 2726//2726 2690//2690 2728//2728
f 2690//2690 2689//2689 2728//2728
f 2728//2728 2689//2689 2692//2692
f 2689//2689 2816//2816 2692//2692
f 2692//2692 2816//2816 2625//2625
f 2816//2816 2817//2817 2625//2625
f 2625//2625 2817//2817 2627//2627
f 2818//2818 2819//2819 2820//2820
f 2821//2821 2822//2822 2823//2823
f 2824//2824 2825//2825 2826//2826
f 2825//2825 2827//2827 2826//2826
f 2826//2826 2827//2827 2828//2828
f 2829//2829 2830//2830 2831//2831
f 2832//2832 2833//2833 2834//2834
f 2835//2835 2836//2836 2837//2837
f 2838//2838 2839//2839 2840//2840
f 2841//2841 1711//1711 1722//1722
f 1757//1757 1711//1711 2701//2701
f 1711//1711 2841//2841 2701//2701
f 2701//2701 2841//2841 2800//2800
f 2841//2841 2842//2842 2800//2800
f 2800//2800 2842//2842 2660//2660
f 2735//2735 2734//2734 2843//2843
f 2734//2734 2844//2844 2843//2843
f 2843//2843 2844//2844 2821//2821
f 2734//2734 2812//2812 2844//2844
f 2812//2812 2814//2814 2844//2844
f 2844//2844 2814//2814 2842//2842
f 2814//2814 2661//2661 2842//2842
f 2842//2842 2661//2661 2660//2660
f 2743//2743 2742//2742 2845//2845
f 2846//2846 2847//2847 2848//2848
f 2847//2847 2770//2770 2848//2848
f 2848//2848 2770//2770 2849//2849
f 2770//2770 2737//2737 2849//2849
f 2849//2849 2737//2737 2845//2845
f 2737//2737 2744//2744 2845//2845
f 2845//2845 2744//2744 2743//2743
f 2850//2850 2765//2765 2769//2769
f 2765//2765 2850//2850 2766//2766
f 2766//2766 2850//2850 2667//2667
f 2850//2850 2851//2851 2667//2667
f 2667//2667 2851//2851 2668//2668
f 2668//2668 2851//2851 2780//2780
f 2851//2851 2852//2852 2780//2780
f 2780//2780 2852//2852 2781//2781
f 2852//2852 2853//2853 2781//2781
f 2781//2781 2853//2853 2783//2783
f 2839//2839 2854//2854 2853//2853
f 2854//2854 2855//2855 2853//2853
f 2853//2853 2855//2855 2783//2783
f 2855//2855 2856//2856 2783//2783
f 2783//2783 2856//2856 2785//2785
f 2837//2837 2836//2836 2857//2857
f 2836//2836 2858//2858 2857//2857
f 2857//2857 2858//2858 2859//2859
f 2860//2860 2861//2861 2837//2837
f 2861//2861 2862//2862 2837//2837
f 2837//2837 2862//2862 2835//2835
f 2863//2863 2864//2864 2865//2865
f 2865//2865 2866//2866 2863//2863
f 2866//2866 2867//2867 2863//2863
f 2863//2863 2867//2867 2860//2860
f 2867//2867 2868//2868 2860//2860
f 2860//2860 2868//2868 2861//2861
f 2869//2869 2870//2870 2871//2871
f 2870//2870 2872//2872 2871//2871
f 2871//2871 2872//2872 2864//2864
f 2872//2872 2873//2873 2864//2864
f 2864//2864 2873//2873 2865//2865
f 2874//2874 2875//2875 2876//2876
f 2877//2877 2878//2878 2879//2879
f 2880//2880 2881//2881 2882//2882
f 2881//2881 2883//2883 2882//2882
f 2884//2884 2885//2885 2886//2886
f 2885//2885 2887//2887 2886//2886
f 2888//2888 2889//2889 2886//2886
f 2889//2889 2890//2890 2886//2886
f 2890//2890 2891//2891 2886//2886
f 2891//2891 2892//2892 2886//2886
f 2886//2886 2892//2892 2884//2884
f 2893//2893 2888//2888 2894//2894
f 2888//2888 2886//2886 2894//2894
f 2894//2894 2886//2886 2880//2880
f 2886//2886 2887//2887 2880//2880
f 2880//2880 2887//2887 2881//2881
f 2832//2832 2834//2834 2895//2895
f 2896//2896 2897//2897 2898//2898
f 2897//2897 2899//2899 2898//2898
f 2900//2900 2901//2901 2902//2902
f 2901//2901 2903//2903 2902//2902
f 2902//2902 2903//2903 2904//2904
f 2905//2905 2899//2899 2818//2818
f 2899//2899 2897//2897 2818//2818
f 2818//2818 2897//2897 2819//2819
f 2897//2897 2906//2906 2819//2819
f 2819//2819 2906//2906 2820//2820
f 2906//2906 2907//2907 2820//2820
f 2820//2820 2907//2907 2908//2908
f 2909//2909 2895//2895 2910//2910
f 2895//2895 2834//2834 2910//2910
f 2910//2910 2834//2834 2831//2831
f 2834//2834 2911//2911 2831//2831
f 2831//2831 2911//2911 2829//2829
f 2833//2833 2893//2893 2834//2834
f 2893//2893 2894//2894 2834//2834
f 2834//2834 2894//2894 2911//2911
f 2894//2894 2880//2880 2911//2911
f 2911//2911 2880//2880 2829//2829
f 2880//2880 2882//2882 2829//2829
f 2829//2829 2882//2882 2912//2912
f 2883//2883 2913//2913 2882//2882
f 2913//2913 2877//2877 2882//2882
f 2882//2882 2877//2877 2912//2912
f 2877//2877 2879//2879 2912//2912
f 2912//2912 2879//2879 2829//2829
f 2879//2879 2914//2914 2829//2829
f 2829//2829 2914//2914 2830//2830
f 2914//2914 2915//2915 2830//2830
f 2828//2828 2849//2849 2826//2826
f 2849//2849 2845//2845 2826//2826
f 2826//2826 2845//2845 2824//2824
f 2845//2845 2742//2742 2824//2824
f 2824//2824 2742//2742 2736//2736
f 2915//2915 2914//2914 2916//2916
f 2914//2914 2917//2917 2916//2916
f 2916//2916 2917//2917 2918//2918
f 2896//2896 2909//2909 2897//2897
f 2909//2909 2910//2910 2897//2897
f 2897//2897 2910//2910 2906//2906
f 2910//2910 2831//2831 2906//2906
f 2906//2906 2831//2831 2907//2907
f 2831//2831 2830//2830 2907//2907
f 2907//2907 2830//2830 2908//2908
f 2830//2830 2915//2915 2908//2908
f 2908//2908 2915//2915 2919//2919
f 2915//2915 2916//2916 2919//2919
f 2919//2919 2916//2916 2920//2920
f 2916//2916 2918//2918 2920//2920
f 2918//2918 2921//2921 2920//2920
f 2921//2921 2922//2922 2920//2920
f 2920//2920 2922//2922 2923//2923
f 2922//2922 2924//2924 2923//2923
f 2878//2878 2874//2874 2879//2879
f 2874//2874 2876//2876 2879//2879
f 2879//2879 2876//2876 2914//2914
f 2876//2876 2925//2925 2914//2914
f 2914//2914 2925//2925 2917//2917
f 2925//2925 2926//2926 2917//2917
f 2917//2917 2926//2926 2918//2918
f 2926//2926 2927//2927 2918//2918
f 2918//2918 2927//2927 2921//2921
f 2927//2927 2928//2928 2921//2921
f 2921//2921 2928//2928 2922//2922
f 2928//2928 2929//2929 2922//2922
f 2922//2922 2929//2929 2924//2924
f 2929//2929 2930//2930 2924//2924
f 2875//2875 2931//2931 2876//2876
f 2931//2931 2869//2869 2876//2876
f 2876//2876 2869//2869 2925//2925
f 2869//2869 2871//2871 2925//2925
f 2925//2925 2871//2871 2926//2926
f 2871//2871 2864//2864 2926//2926
f 2926//2926 2864//2864 2927//2927
f 2864//2864 2863//2863 2927//2927
f 2927//2927 2863//2863 2928//2928
f 2863//2863 2860//2860 2928//2928
f 2928//2928 2860//2860 2929//2929
f 2860//2860 2837//2837 2929//2929
f 2929//2929 2837//2837 2930//2930
f 2837//2837 2857//2857 2930//2930
f 2839//2839 2853//2853 2840//2840
f 2853//2853 2852//2852 2840//2840
f 2840//2840 2852//2852 2932//2932
f 2852//2852 2851//2851 2932//2932
f 2932//2932 2851//2851 2846//2846
f 2851//2851 2850//2850 2846//2846
f 2846//2846 2850//2850 2847//2847
f 2850//2850 2769//2769 2847//2847
f 2847//2847 2769//2769 2770//2770
f 2823//2823 2822//2822 2933//2933
f 2822//2822 2934//2934 2933//2933
f 2933//2933 2934//2934 2935//2935
f 2821//2821 2844//2844 2822//2822
f 2844//2844 2842//2842 2822//2822
f 2822//2822 2842//2842 2934//2934
f 2842//2842 2841//2841 2934//2934
f 2934//2934 2841//2841 2935//2935
f 2841//2841 1722//1722 2935//2935
f 2935//2935 1722//1722 1724//1724
f 1724//1724 2900//2900 2935//2935
f 2900//2900 2902//2902 2935//2935
f 2935//2935 2902//2902 2933//2933
f 2902//2902 2904//2904 2933//2933
f 2933//2933 2904//2904 2823//2823
f 2904//2904 2936//2936 2823//2823
f 2823//2823 2936//2936 2821//2821
f 2936//2936 2825//2825 2821//2821
f 2821//2821 2825//2825 2843//2843
f 2825//2825 2824//2824 2843//2843
f 2843//2843 2824//2824 2735//2735
f 2824//2824 2736//2736 2735//2735
f 2903//2903 2905//2905 2904//2904
f 2905//2905 2818//2818 2904//2904
f 2904//2904 2818//2818 2936//2936
f 2818//2818 2820//2820 2936//2936
f 2936//2936 2820//2820 2825//2825
f 2820//2820 2908//2908 2825//2825
f 2825//2825 2908//2908 2827//2827
f 2908//2908 2919//2919 2827//2827
f 2827//2827 2919//2919 2828//2828
f 2919//2919 2920//2920 2828//2828
f 2828//2828 2920//2920 2849//2849
f 2920//2920 2923//2923 2849//2849
f 2849//2849 2923//2923 2848//2848
f 2923//2923 2924//2924 2848//2848
f 2848//2848 2924//2924 2846//2846
f 2924//2924 2930//2930 2846//2846
f 2846//2846 2930//2930 2932//2932
f 2930//2930 2857//2857 2932//2932
f 2932//2932 2857//2857 2840//2840
f 2857//2857 2859//2859 2840//2840
f 2840//2840 2859//2859 2838//2838
f 2937//2937 2938//2938 1723//1723
f 2903//2903 2901//2901 2939//2939
f 2940//2940 1724//1724 2941//2941
f 1724//1724 1723//1723 2941//2941
f 2942//2942 2899//2899 2939//2939
f 2899//2899 2905//2905 2939//2939
f 2939//2939 2905//2905 2903//2903
f 2943//2943 2909//2909 2944//2944
f 2909//2909 2896//2896 2944//2944
f 2944//2944 2896//2896 2942//2942
f 2896//2896 2898//2898 2942//2942
f 2942//2942 2898//2898 2899//2899
f 2945//2945 2832//2832 2895//2895
f 2832//2832 2945//2945 2833//2833
f 2945//2945 2946//2946 2833//2833
f 2833//2833 2946//2946 2893//2893
f 2946//2946 2947//2947 2893//2893
f 2893//2893 2947//2947 2888//2888
f 2948//2948 2891//2891 2890//2890
f 2949//2949 2950//2950 2951//2951
f 2950//2950 2952//2952 2951//2951
f 2953//2953 2954//2954 2955//2955
f 2954//2954 2956//2956 2955//2955
f 2955//2955 2956//2956 2957//2957
f 2958//2958 2959//2959 2953//2953
f 2959//2959 2960//2960 2953//2953
f 2953//2953 2960//2960 2954//2954
f 2961//2961 2962//2962 2963//2963
f 2962//2962 2964//2964 2963//2963
f 2963//2963 2964//2964 2958//2958
f 2964//2964 2965//2965 2958//2958
f 2958//2958 2965//2965 2959//2959
f 2966//2966 2967//2967 2961//2961
f 2968//2968 2969//2969 2970//2970
f 2967//2967 2966//2966 2971//2971
f 2966//2966 2968//2968 2971//2971
f 2971//2971 2968//2968 2972//2972
f 2968//2968 2970//2970 2972//2972
f 2972//2972 2970//2970 2973//2973
f 1723//1723 2938//2938 2941//2941
f 2938//2938 2974//2974 2941//2941
f 2941//2941 2974//2974 2940//2940
f 2975//2975 2976//2976 2974//2974
f 2976//2976 2977//2977 2974//2974
f 2974//2974 2977//2977 2940//2940
f 2978//2978 2979//2979 2980//2980
f 2979//2979 2981//2981 2980//2980
f 2980//2980 2981//2981 2982//2982
f 2981//2981 2983//2983 2982//2982
f 2982//2982 2983//2983 2984//2984
f 2985//2985 2943//2943 2986//2986
f 2943//2943 2944//2944 2986//2986
f 2986//2986 2944//2944 2987//2987
f 2944//2944 2942//2942 2987//2987
f 2987//2987 2942//2942 2976//2976
f 2942//2942 2939//2939 2976//2976
f 2976//2976 2939//2939 2977//2977
f 2939//2939 2901//2901 2977//2977
f 2977//2977 2901//2901 2940//2940
f 2901//2901 2900//2900 2940//2940
f 2940//2940 2900//2900 1724//1724
f 2978//2978 2955//2955 2988//2988
f 2955//2955 2957//2957 2988//2988
f 2988//2988 2957//2957 2949//2949
f 2890//2890 2889//2889 2948//2948
f 2889//2889 2888//2888 2948//2948
f 2948//2948 2888//2888 2952//2952
f 2888//2888 2947//2947 2952//2952
f 2952//2952 2947//2947 2951//2951
f 2947//2947 2946//2946 2951//2951
f 2951//2951 2946//2946 2985//2985
f 2946//2946 2945//2945 2985//2985
f 2985//2985 2945//2945 2943//2943
f 2945//2945 2895//2895 2943//2943
f 2943//2943 2895//2895 2909//2909
f 2989//2989 2990//2990 2991//2991
f 2992//2992 2993//2993 2994//2994
f 2993//2993 2995//2995 2994//2994
f 2994//2994 2995//2995 2996//2996
f 2995//2995 2997//2997 2996//2996
f 2996//2996 2997//2997 2998//2998
f 2999//2999 3000//3000 3001//3001
f 3000//3000 3002//3002 3001//3001
f 3001//3001 3002//3002 3003//3003
f 3002//3002 2989//2989 3003//3003
f 3004//3004 3005//3005 2990//2990
f 3005//3005 3006//3006 2990//2990
f 2990//2990 3006//3006 2991//2991
f 3006//3006 3007//3007 2991//2991
f 2991//2991 3007//3007 2968//2968
f 3007//3007 3008//3008 2968//2968
f 2968//2968 3008//3008 2969//2969
f 2989//2989 2991//2991 3003//3003
f 2991//2991 2968//2968 3003//3003
f 3003//3003 2968//2968 3001//3001
f 2968//2968 2966//2966 3001//3001
f 3001//3001 2966//2966 2999//2999
f 2961//2961 2963//2963 2966//2966
f 2963//2963 3009//3009 2966//2966
f 2966//2966 3009//3009 2999//2999
f 3009//3009 3010//3010 2999//2999
f 2999//2999 3010//3010 3000//3000
f 3010//3010 3011//3011 3000//3000
f 3000//3000 3011//3011 3002//3002
f 3011//3011 3012//3012 3002//3002
f 3002//3002 3012//3012 2989//2989
f 3012//3012 3013//3013 2989//2989
f 2989//2989 3013//3013 2990//2990
f 2979//2979 3014//3014 2981//2981
f 3014//3014 2992//2992 2981//2981
f 2981//2981 2992//2992 2983//2983
f 2992//2992 2994//2994 2983//2983
f 2983//2983 2994//2994 2984//2984
f 2994//2994 2996//2996 2984//2984
f 2984//2984 2996//2996 3015//3015
f 2996//2996 2998//2998 3015//3015
f 3015//3015 2998//2998 3016//3016
f 3017//3017 3018//3018 3019//3019
f 3018//3018 3020//3020 3019//3019
f 3019//3019 3020//3020 3021//3021
f 1767//1767 3021//3021 1768//1768
f 3021//3021 3020//3020 1768//1768
f 1768//1768 3020//3020 1723//1723
f 3022//3022 3023//3023 3024//3024
f 3024//3024 3025//3025 3026//3026
f 3025//3025 3027//3027 3026//3026
f 3026//3026 3027//3027 3028//3028
f 3024//3024 3026//3026 3022//3022
f 3026//3026 3029//3029 3022//3022
f 3022//3022 3029//3029 3030//3030
f 3029//3029 3031//3031 3030//3030
f 3030//3030 3031//3031 3032//3032
f 3028//3028 3033//3033 3026//3026
f 3033//3033 3034//3034 3026//3026
f 3026//3026 3034//3034 3029//3029
f 3034//3034 3035//3035 3029//3029
f 3029//3029 3035//3035 3031//3031
f 3035//3035 2997//2997 3031//3031
f 2978//2978 2980//2980 2955//2955
f 2980//2980 2982//2982 2955//2955
f 2955//2955 2982//2982 2953//2953
f 2982//2982 2984//2984 2953//2953
f 2953//2953 2984//2984 2958//2958
f 2984//2984 3015//3015 2958//2958
f 2958//2958 3015//3015 2963//2963
f 3015//3015 3016//3016 2963//2963
f 2963//2963 3016//3016 3009//3009
f 3016//3016 2998//2998 3009//3009
f 3009//3009 2998//2998 3010//3010
f 2998//2998 2997//2997 3010//3010
f 3010//3010 2997//2997 3011//3011
f 2997//2997 3035//3035 3011//3011
f 3011//3011 3035//3035 3012//3012
f 3035//3035 3034//3034 3012//3012
f 3012//3012 3034//3034 3013//3013
f 3034//3034 3033//3033 3013//3013
f 3013//3013 3033//3033 2990//2990
f 3033//3033 3028//3028 2990//2990
f 2990//2990 3028//3028 3004//3004
f 2949//2949 2951//2951 2988//2988
f 2951//2951 2985//2985 2988//2988
f 2988//2988 2985//2985 2978//2978
f 2985//2985 2986//2986 2978//2978
f 2978//2978 2986//2986 2979//2979
f 2986//2986 2987//2987 2979//2979
f 2979//2979 2987//2987 3014//3014
f 2987//2987 2976//2976 3014//3014
f 3014//3014 2976//2976 2992//2992
f 2976//2976 2975//2975 2992//2992
f 2992//2992 2975//2975 2993//2993
f 2975//2975 2974//2974 2993//2993
f 2993//2993 2974//2974 2995//2995
f 2974//2974 2938//2938 2995//2995
f 2995//2995 2938//2938 2997//2997
f 2938//2938 2937//2937 2997//2997
f 2997//2997 2937//2937 3031//3031
f 2937//2937 1723//1723 3031//3031
f 3031//3031 1723//1723 3032//3032
f 1723//1723 3020//3020 3032//3032
f 3032//3032 3020//3020 3030//3030
f 3020//3020 3018//3018 3030//3030
f 3030//3030 3018//3018 3022//3022
f 3018//3018 3017//3017 3022//3022
f 3022//3022 3017//3017 3023//3023
f 3036//3036 3037//3037 3038//3038
f 3039//3039 3040//3040 3041//3041
f 3005//3005 3004//3004 3042//3042
f 1827//1827 1769//1769 3043//3043
f 3044//3044 3045//3045 3046//3046
f 3047//3047 3048//3048 3049//3049
f 3050//3050 3051//3051 3052//3052
f 3053//3053 2973//2973 2970//2970
f 3054//3054 3055//3055 2969//2969
f 3055//3055 3056//3056 2969//2969
f 2969//2969 3056//3056 2970//2970
f 3056//3056 3057//3057 2970//2970
f 2970//2970 3057//3057 3053//3053
f 3058//3058 3059//3059 3060//3060
f 3050//3050 3052//3052 3061//3061
f 3052//3052 3062//3062 3061//3061
f 3061//3061 3062//3062 3063//3063
f 3064//3064 3065//3065 3066//3066
f 3067//3067 3068//3068 3069//3069
f 3068//3068 3070//3070 3069//3069
f 3069//3069 3070//3070 3071//3071
f 3070//3070 3072//3072 3071//3071
f 3071//3071 3072//3072 3073//3073
f 3072//3072 3074//3074 3073//3073
f 3073//3073 3074//3074 3075//3075
f 3076//3076 3077//3077 3078//3078
f 3079//3079 3080//3080 3081//3081
f 3080//3080 3082//3082 3081//3081
f 3083//3083 3084//3084 3085//3085
f 3084//3084 3086//3086 3085//3085
f 3085//3085 3086//3086 3087//3087
f 3086//3086 3088//3088 3087//3087
f 3089//3089 3090//3090 3091//3091
f 3090//3090 3092//3092 3091//3091
f 3091//3091 3092//3092 3093//3093
f 3091//3091 3094//3094 3089//3089
f 3094//3094 3095//3095 3089//3089
f 3089//3089 3095//3095 3096//3096
f 3097//3097 3098//3098 3095//3095
f 3098//3098 3099//3099 3095//3095
f 3095//3095 3099//3099 3096//3096
f 3100//3100 3101//3101 3097//3097
f 3101//3101 3102//3102 3097//3097
f 3097//3097 3102//3102 3098//3098
f 3103//3103 3104//3104 3105//3105
f 3106//3106 3043//3043 3105//3105
f 3043//3043 3107//3107 3105//3105
f 3105//3105 3107//3107 3103//3103
f 1827//1827 3043//3043 1828//1828
f 3043//3043 3106//3106 1828//1828
f 1828//1828 3106//3106 1762//1762
f 3106//3106 3108//3108 1762//1762
f 1762//1762 3108//3108 1763//1763
f 3109//3109 1766//1766 3108//3108
f 1766//1766 1765//1765 3108//3108
f 3108//3108 1765//1765 1763//1763
f 1767//1767 1766//1766 3021//3021
f 1766//1766 3109//3109 3021//3021
f 3021//3021 3109//3109 3019//3019
f 3023//3023 3037//3037 3024//3024
f 3037//3037 3036//3036 3024//3024
f 3024//3024 3036//3036 3025//3025
f 3036//3036 3027//3027 3025//3025
f 3005//3005 3042//3042 3006//3006
f 3060//3060 3054//3054 3058//3058
f 3054//3054 2969//2969 3058//3058
f 3058//3058 2969//2969 3110//3110
f 2969//2969 3008//3008 3110//3110
f 3111//3111 3112//3112 3113//3113
f 3114//3114 3112//3112 3115//3115
f 3112//3112 3111//3111 3115//3115
f 3115//3115 3111//3111 3116//3116
f 3117//3117 3113//3113 3118//3118
f 3113//3113 3112//3112 3118//3118
f 3118//3118 3112//3112 3119//3119
f 3112//3112 3114//3114 3119//3119
f 3119//3119 3114//3114 3120//3120
f 3121//3121 3088//3088 3122//3122
f 3088//3088 3086//3086 3122//3122
f 3122//3122 3086//3086 3081//3081
f 3086//3086 3084//3084 3081//3081
f 3081//3081 3084//3084 3079//3079
f 3121//3121 3120//3120 3088//3088
f 3120//3120 3114//3114 3088//3088
f 3088//3088 3114//3114 3087//3087
f 3114//3114 3115//3115 3087//3087
f 3087//3087 3115//3115 3085//3085
f 3115//3115 3116//3116 3085//3085
f 3085//3085 3116//3116 3083//3083
f 3116//3116 3093//3093 3083//3083
f 3123//3123 3124//3124 3040//3040
f 3040//3040 3039//3039 3123//3123
f 3039//3039 3125//3125 3123//3123
f 3123//3123 3125//3125 3126//3126
f 3127//3127 3044//3044 3128//3128
f 3044//3044 3046//3046 3128//3128
f 3128//3128 3046//3046 3129//3129
f 3046//3046 3130//3130 3129//3129
f 3129//3129 3130//3130 3131//3131
f 3132//3132 3127//3127 3133//3133
f 3127//3127 3128//3128 3133//3133
f 3133//3133 3128//3128 3134//3134
f 3128//3128 3129//3129 3134//3134
f 3134//3134 3129//3129 3135//3135
f 3129//3129 3131//3131 3135//3135
f 3135//3135 3131//3131 3136//3136
f 3137//3137 3138//3138 3139//3139
f 3045//3045 3047//3047 3046//3046
f 3047//3047 3049//3049 3046//3046
f 3046//3046 3049//3049 3130//3130
f 3049//3049 3140//3140 3130//3130
f 3130//3130 3140//3140 3131//3131
f 3140//3140 3138//3138 3131//3131
f 3131//3131 3138//3138 3136//3136
f 3138//3138 3137//3137 3136//3136
f 3136//3136 3137//3137 3141//3141
f 3067//3067 3142//3142 3068//3068
f 3142//3142 3143//3143 3068//3068
f 3068//3068 3143//3143 3070//3070
f 3143//3143 3144//3144 3070//3070
f 3070//3070 3144//3144 3072//3072
f 3144//3144 3145//3145 3072//3072
f 3072//3072 3145//3145 3074//3074
f 3048//3048 3075//3075 3049//3049
f 3075//3075 3074//3074 3049//3049
f 3049//3049 3074//3074 3140//3140
f 3074//3074 3145//3145 3140//3140
f 3140//3140 3145//3145 3138//3138
f 3145//3145 3144//3144 3138//3138
f 3138//3138 3144//3144 3139//3139
f 3144//3144 3143//3143 3139//3139
f 3139//3139 3143//3143 3064//3064
f 3143//3143 3142//3142 3064//3064
f 3064//3064 3142//3142 3065//3065
f 3146//3146 3147//3147 3148//3148
f 3147//3147 3149//3149 3148//3148
f 3148//3148 3149//3149 3150//3150
f 3149//3149 3151//3151 3150//3150
f 3152//3152 3153//3153 3154//3154
f 3153//3153 3155//3155 3154//3154
f 3125//3125 3156//3156 3126//3126
f 3156//3156 3157//3157 3126//3126
f 3126//3126 3157//3157 3158//3158
f 3157//3157 3159//3159 3158//3158
f 3147//3147 3141//3141 3149//3149
f 3141//3141 3137//3137 3149//3149
f 3149//3149 3137//3137 3151//3151
f 3137//3137 3139//3139 3151//3151
f 3151//3151 3139//3139 3160//3160
f 3139//3139 3064//3064 3160//3160
f 3160//3160 3064//3064 3062//3062
f 3064//3064 3066//3066 3062//3062
f 3062//3062 3066//3066 3063//3063
f 3161//3161 3162//3162 3163//3163
f 3162//3162 3164//3164 3163//3163
f 3156//3156 3161//3161 3157//3157
f 3161//3161 3163//3163 3157//3157
f 3157//3157 3163//3163 3159//3159
f 3163//3163 3164//3164 3159//3159
f 3159//3159 3164//3164 3165//3165
f 3051//3051 3165//3165 3052//3052
f 3165//3165 3164//3164 3052//3052
f 3052//3052 3164//3164 3062//3062
f 3164//3164 3162//3162 3062//3062
f 3062//3062 3162//3162 3160//3160
f 3162//3162 3161//3161 3160//3160
f 3160//3160 3161//3161 3151//3151
f 3161//3161 3156//3156 3151//3151
f 3151//3151 3156//3156 3150//3150
f 3156//3156 3125//3125 3150//3150
f 3150//3150 3125//3125 3148//3148
f 3125//3125 3039//3039 3148//3148
f 3148//3148 3039//3039 3146//3146
f 3039//3039 3041//3041 3146//3146
f 3166//3166 3167//3167 3168//3168
f 3169//3169 3170//3170 3152//3152
f 3008//3008 3007//3007 3110//3110
f 3007//3007 3006//3006 3110//3110
f 3110//3110 3006//3006 3171//3171
f 3006//3006 3042//3042 3171//3171
f 3171//3171 3042//3042 3155//3155
f 3042//3042 3172//3172 3155//3155
f 3155//3155 3172//3172 3154//3154
f 3172//3172 3173//3173 3154//3154
f 3154//3154 3173//3173 3152//3152
f 3173//3173 3168//3168 3152//3152
f 3152//3152 3168//3168 3169//3169
f 3168//3168 3167//3167 3169//3169
f 3023//3023 3017//3017 3037//3037
f 3017//3017 3174//3174 3037//3037
f 3037//3037 3174//3174 3038//3038
f 3174//3174 3175//3175 3038//3038
f 3038//3038 3175//3175 3176//3176
f 3004//3004 3028//3028 3042//3042
f 3028//3028 3177//3177 3042//3042
f 3042//3042 3177//3177 3172//3172
f 3177//3177 3178//3178 3172//3172
f 3172//3172 3178//3178 3173//3173
f 3178//3178 3179//3179 3173//3173
f 3173//3173 3179//3179 3168//3168
f 3179//3179 3180//3180 3168//3168
f 3168//3168 3180//3180 3166//3166
f 3181//3181 3182//3182 3183//3183
f 3182//3182 3184//3184 3183//3183
f 3183//3183 3184//3184 3185//3185
f 3103//3103 3186//3186 3104//3104
f 3186//3186 3187//3187 3104//3104
f 3104//3104 3187//3187 3188//3188
f 3187//3187 3189//3189 3188//3188
f 3188//3188 3189//3189 3190//3190
f 3189//3189 3100//3100 3190//3190
f 3190//3190 3100//3100 3191//3191
f 3100//3100 3097//3097 3191//3191
f 3191//3191 3097//3097 3192//3192
f 3097//3097 3095//3095 3192//3192
f 3192//3192 3095//3095 3193//3193
f 3095//3095 3094//3094 3193//3193
f 3193//3193 3094//3094 3194//3194
f 3094//3094 3091//3091 3194//3194
f 3195//3195 3170//3170 3196//3196
f 3170//3170 3169//3169 3196//3196
f 3196//3196 3169//3169 3197//3197
f 3169//3169 3167//3167 3197//3197
f 3197//3197 3167//3167 3198//3198
f 3167//3167 3166//3166 3198//3198
f 3198//3198 3166//3166 3199//3199
f 3166//3166 3180//3180 3199//3199
f 3199//3199 3180//3180 3176//3176
f 3180//3180 3179//3179 3176//3176
f 3176//3176 3179//3179 3038//3038
f 3179//3179 3178//3178 3038//3038
f 3038//3038 3178//3178 3036//3036
f 3178//3178 3177//3177 3036//3036
f 3036//3036 3177//3177 3027//3027
f 3177//3177 3028//3028 3027//3027
f 3093//3093 3116//3116 3091//3091
f 3116//3116 3111//3111 3091//3091
f 3091//3091 3111//3111 3194//3194
f 3111//3111 3113//3113 3194//3194
f 3194//3194 3113//3113 3193//3193
f 3113//3113 3117//3117 3193//3193
f 3193//3193 3117//3117 3192//3192
f 3117//3117 3200//3200 3192//3192
f 3192//3192 3200//3200 3191//3191
f 3200//3200 3201//3201 3191//3191
f 3191//3191 3201//3201 3190//3190
f 3201//3201 3202//3202 3190//3190
f 3190//3190 3202//3202 3188//3188
f 3202//3202 3185//3185 3188//3188
f 3188//3188 3185//3185 3104//3104
f 3185//3185 3184//3184 3104//3104
f 3104//3104 3184//3184 3105//3105
f 3184//3184 3182//3182 3105//3105
f 3105//3105 3182//3182 3106//3106
f 3182//3182 3181//3181 3106//3106
f 3106//3106 3181//3181 3108//3108
f 3181//3181 3203//3203 3108//3108
f 3108//3108 3203//3203 3109//3109
f 3078//3078 3204//3204 3076//3076
f 3204//3204 3205//3205 3076//3076
f 3076//3076 3205//3205 3082//3082
f 3205//3205 3206//3206 3082//3082
f 3082//3082 3206//3206 3081//3081
f 3206//3206 3207//3207 3081//3081
f 3081//3081 3207//3207 3122//3122
f 3207//3207 3208//3208 3122//3122
f 3122//3122 3208//3208 3121//3121
f 3208//3208 3209//3209 3121//3121
f 3121//3121 3209//3209 3120//3120
f 3209//3209 3210//3210 3120//3120
f 3120//3120 3210//3210 3119//3119
f 3210//3210 3211//3211 3119//3119
f 3119//3119 3211//3211 3118//3118
f 3211//3211 3212//3212 3118//3118
f 3118//3118 3212//3212 3117//3117
f 3212//3212 3213//3213 3117//3117
f 3117//3117 3213//3213 3200//3200
f 3213//3213 3195//3195 3200//3200
f 3200//3200 3195//3195 3201//3201
f 3195//3195 3196//3196 3201//3201
f 3201//3201 3196//3196 3202//3202
f 3196//3196 3197//3197 3202//3202
f 3202//3202 3197//3197 3185//3185
f 3197//3197 3198//3198 3185//3185
f 3185//3185 3198//3198 3183//3183
f 3198//3198 3199//3199 3183//3183
f 3183//3183 3199//3199 3181//3181
f 3199//3199 3176//3176 3181//3181
f 3181//3181 3176//3176 3203//3203
f 3176//3176 3175//3175 3203//3203
f 3203//3203 3175//3175 3109//3109
f 3175//3175 3174//3174 3109//3109
f 3109//3109 3174//3174 3019//3019
f 3174//3174 3017//3017 3019//3019
f 3050//3050 3059//3059 3051//3051
f 3059//3059 3058//3058 3051//3051
f 3051//3051 3058//3058 3165//3165
f 3058//3058 3110//3110 3165//3165
f 3165//3165 3110//3110 3159//3159
f 3110//3110 3171//3171 3159//3159
f 3159//3159 3171//3171 3158//3158
f 3171//3171 3155//3155 3158//3158
f 3158//3158 3155//3155 3126//3126
f 3155//3155 3153//3153 3126//3126
f 3126//3126 3153//3153 3123//3123
f 3153//3153 3152//3152 3123//3123
f 3123//3123 3152//3152 3124//3124
f 3152//3152 3170//3170 3124//3124
f 3124//3124 3170//3170 3040//3040
f 3170//3170 3195//3195 3040//3040
f 3040//3040 3195//3195 3041//3041
f 3195//3195 3213//3213 3041//3041
f 3041//3041 3213//3213 3146//3146
f 3213//3213 3212//3212 3146//3146
f 3146//3146 3212//3212 3147//3147
f 3212//3212 3211//3211 3147//3147
f 3147//3147 3211//3211 3141//3141
f 3211//3211 3210//3210 3141//3141
f 3141//3141 3210//3210 3136//3136
f 3210//3210 3209//3209 3136//3136
f 3136//3136 3209//3209 3135//3135
f 3209//3209 3208//3208 3135//3135
f 3135//3135 3208//3208 3134//3134
f 3208//3208 3207//3207 3134//3134
f 3134//3134 3207//3207 3133//3133
f 3207//3207 3206//3206 3133//3133
f 3133//3133 3206//3206 3132//3132
f 3206//3206 3205//3205 3132//3132
f 3214//3214 3215//3215 3216//3216
f 3217//3217 3218//3218 3219//3219
f 3220//3220 3221//3221 3222//3222
f 3092//3092 3090//3090 3223//3223
f 1781//1781 3224//3224 1782//1782
f 3225//3225 1789//1789 1788//1788
f 3225//3225 3226//3226 3227//3227
f 1789//1789 3225//3225 1790//1790
f 3225//3225 3227//3227 1790//1790
f 1790//1790 3227//3227 1708//1708
f 1774//1774 1778//1778 3228//3228
f 1778//1778 1777//1777 3228//3228
f 1781//1781 1780//1780 3229//3229
f 1771//1771 1773//1773 3230//3230
f 3186//3186 3103//3103 3231//3231
f 3103//3103 3107//3107 3231//3231
f 3232//3232 3100//3100 3189//3189
f 3098//3098 3102//3102 3233//3233
f 3102//3102 3101//3101 3233//3233
f 3089//3089 3096//3096 3234//3234
f 3092//3092 3223//3223 3093//3093
f 3084//3084 3083//3083 3219//3219
f 3083//3083 3093//3093 3219//3219
f 3235//3235 3082//3082 3080//3080
f 3236//3236 3077//3077 3235//3235
f 3077//3077 3076//3076 3235//3235
f 3235//3235 3076//3076 3082//3082
f 3237//3237 3238//3238 3239//3239
f 3238//3238 3237//3237 3240//3240
f 3237//3237 3241//3241 3240//3240
f 3240//3240 3241//3241 3242//3242
f 3243//3243 3244//3244 3245//3245
f 3244//3244 3246//3246 3245//3245
f 3247//3247 3248//3248 3249//3249
f 3248//3248 3243//3243 3249//3249
f 3250//3250 3251//3251 3252//3252
f 3251//3251 3253//3253 3252//3252
f 3254//3254 3255//3255 3256//3256
f 3255//3255 3257//3257 3256//3256
f 1788//1788 3258//3258 3259//3259
f 3258//3258 3220//3220 3259//3259
f 3257//3257 3250//3250 3256//3256
f 3250//3250 3252//3252 3256//3256
f 3256//3256 3252//3252 3216//3216
f 3216//3216 3215//3215 3256//3256
f 3215//3215 3260//3260 3256//3256
f 3256//3256 3260//3260 3254//3254
f 1788//1788 3259//3259 3225//3225
f 3259//3259 3261//3261 3225//3225
f 3225//3225 3261//3261 3226//3226
f 3262//3262 3228//3228 3263//3263
f 3228//3228 1777//1777 3263//3263
f 3263//3263 1777//1777 1709//1709
f 1780//1780 1779//1779 3229//3229
f 1779//1779 3264//3264 3229//3229
f 3229//3229 3264//3264 3265//3265
f 1779//1779 1775//1775 3264//3264
f 1775//1775 1774//1774 3264//3264
f 3264//3264 1774//1774 3265//3265
f 1774//1774 3228//3228 3265//3265
f 3265//3265 3228//3228 3266//3266
f 3228//3228 3262//3262 3266//3266
f 3266//3266 3262//3262 3214//3214
f 3262//3262 3267//3267 3214//3214
f 3214//3214 3267//3267 3215//3215
f 3267//3267 3222//3222 3215//3215
f 3215//3215 3222//3222 3260//3260
f 3222//3222 3221//3221 3260//3260
f 3260//3260 3221//3221 3254//3254
f 3220//3220 3222//3222 3259//3259
f 3222//3222 3267//3267 3259//3259
f 3259//3259 3267//3267 3261//3261
f 3267//3267 3262//3262 3261//3261
f 3261//3261 3262//3262 3226//3226
f 3262//3262 3263//3263 3226//3226
f 3226//3226 3263//3263 3227//3227
f 3263//3263 1709//1709 3227//3227
f 3227//3227 1709//1709 1708//1708
f 3224//3224 1781//1781 3268//3268
f 1781//1781 3229//3229 3268//3268
f 3268//3268 3229//3229 3269//3269
f 3229//3229 3265//3265 3269//3269
f 3269//3269 3265//3265 3270//3270
f 3265//3265 3266//3266 3270//3270
f 3270//3270 3266//3266 3271//3271
f 3266//3266 3214//3214 3271//3271
f 3271//3271 3214//3214 3272//3272
f 3214//3214 3216//3216 3272//3272
f 3272//3272 3216//3216 3273//3273
f 3216//3216 3252//3252 3273//3273
f 3273//3273 3252//3252 3274//3274
f 3252//3252 3253//3253 3274//3274
f 3274//3274 3253//3253 3275//3275
f 3084//3084 3219//3219 3079//3079
f 3219//3219 3218//3218 3079//3079
f 3079//3079 3218//3218 3080//3080
f 3218//3218 3217//3217 3080//3080
f 3080//3080 3217//3217 3235//3235
f 3217//3217 3276//3276 3235//3235
f 3235//3235 3276//3276 3236//3236
f 3093//3093 3277//3277 3219//3219
f 3277//3277 3278//3278 3219//3219
f 3219//3219 3278//3278 3217//3217
f 3278//3278 3279//3279 3217//3217
f 3217//3217 3279//3279 3276//3276
f 3279//3279 3280//3280 3276//3276
f 3276//3276 3280//3280 3236//3236
f 3280//3280 3281//3281 3236//3236
f 3093//3093 3223//3223 3277//3277
f 3223//3223 3282//3282 3277//3277
f 3277//3277 3282//3282 3278//3278
f 3282//3282 3283//3283 3278//3278
f 3278//3278 3283//3283 3279//3279
f 3283//3283 3284//3284 3279//3279
f 3279//3279 3284//3284 3280//3280
f 3285//3285 3281//3281 3286//3286
f 3281//3281 3280//3280 3286//3286
f 3286//3286 3280//3280 3287//3287
f 3280//3280 3284//3284 3287//3287
f 3287//3287 3284//3284 3288//3288
f 3284//3284 3283//3283 3288//3288
f 3288//3288 3283//3283 3289//3289
f 3283//3283 3282//3282 3289//3289
f 3289//3289 3282//3282 3290//3290
f 3282//3282 3223//3223 3290//3290
f 3290//3290 3223//3223 3234//3234
f 3223//3223 3090//3090 3234//3234
f 3234//3234 3090//3090 3089//3089
f 3291//3291 3285//3285 3292//3292
f 3285//3285 3286//3286 3292//3292
f 3292//3292 3286//3286 3293//3293
f 3286//3286 3287//3287 3293//3293
f 3293//3293 3287//3287 3294//3294
f 3287//3287 3288//3288 3294//3294
f 3294//3294 3288//3288 3295//3295
f 3288//3288 3289//3289 3295//3295
f 3295//3295 3289//3289 3296//3296
f 3289//3289 3290//3290 3296//3296
f 3296//3296 3290//3290 3297//3297
f 3290//3290 3234//3234 3297//3297
f 3297//3297 3234//3234 3298//3298
f 3107//3107 3043//3043 3231//3231
f 3043//3043 3299//3299 3231//3231
f 3231//3231 3299//3299 3300//3300
f 3299//3299 3301//3301 3300//3300
f 3300//3300 3301//3301 3302//3302
f 3301//3301 3303//3303 3302//3302
f 3302//3302 3303//3303 3304//3304
f 3303//3303 3305//3305 3304//3304
f 3304//3304 3305//3305 3306//3306
f 3305//3305 3307//3307 3306//3306
f 3306//3306 3307//3307 3308//3308
f 3307//3307 3309//3309 3308//3308
f 3308//3308 3309//3309 3310//3310
f 3309//3309 3311//3311 3310//3310
f 3310//3310 3311//3311 3312//3312
f 3311//3311 3313//3313 3312//3312
f 3312//3312 3313//3313 3314//3314
f 3313//3313 3315//3315 3314//3314
f 3314//3314 3315//3315 3316//3316
f 3315//3315 3237//3237 3316//3316
f 3316//3316 3237//3237 3317//3317
f 3237//3237 3239//3239 3317//3317
f 3043//3043 3318//3318 3299//3299
f 3318//3318 3319//3319 3299//3299
f 3299//3299 3319//3319 3301//3301
f 3319//3319 3320//3320 3301//3301
f 3301//3301 3320//3320 3303//3303
f 3320//3320 3321//3321 3303//3303
f 3303//3303 3321//3321 3305//3305
f 3321//3321 3322//3322 3305//3305
f 3305//3305 3322//3322 3307//3307
f 3322//3322 3323//3323 3307//3307
f 3307//3307 3323//3323 3309//3309
f 3323//3323 3324//3324 3309//3309
f 3309//3309 3324//3324 3311//3311
f 3324//3324 3325//3325 3311//3311
f 3311//3311 3325//3325 3313//3313
f 3325//3325 3326//3326 3313//3313
f 3313//3313 3326//3326 3315//3315
f 3326//3326 3245//3245 3315//3315
f 3315//3315 3245//3245 3237//3237
f 3245//3245 3246//3246 3237//3237
f 3237//3237 3246//3246 3241//3241
f 1773//1773 1782//1782 3230//3230
f 1782//1782 3224//3224 3230//3230
f 3230//3230 3224//3224 3327//3327
f 3224//3224 3268//3268 3327//3327
f 3327//3327 3268//3268 3328//3328
f 3268//3268 3269//3269 3328//3328
f 3328//3328 3269//3269 3329//3329
f 3269//3269 3270//3270 3329//3329
f 3329//3329 3270//3270 3330//3330
f 3270//3270 3271//3271 3330//3330
f 3330//3330 3271//3271 3331//3331
f 3271//3271 3272//3272 3331//3331
f 3331//3331 3272//3272 3332//3332
f 3272//3272 3273//3273 3332//3332
f 3332//3332 3273//3273 3333//3333
f 3273//3273 3274//3274 3333//3333
f 3333//3333 3274//3274 3249//3249
f 3274//3274 3275//3275 3249//3249
f 3249//3249 3275//3275 3247//3247
f 3243//3243 3245//3245 3249//3249
f 3245//3245 3326//3326 3249//3249
f 3249//3249 3326//3326 3333//3333
f 3326//3326 3325//3325 3333//3333
f 3333//3333 3325//3325 3332//3332
f 3325//3325 3324//3324 3332//3332
f 3332//3332 3324//3324 3331//3331
f 3324//3324 3323//3323 3331//3331
f 3331//3331 3323//3323 3330//3330
f 3323//3323 3322//3322 3330//3330
f 3330//3330 3322//3322 3329//3329
f 3322//3322 3321//3321 3329//3329
f 3329//3329 3321//3321 3328//3328
f 3321//3321 3320//3320 3328//3328
f 3328//3328 3320//3320 3327//3327
f 3320//3320 3319//3319 3327//3327
f 3327//3327 3319//3319 3230//3230
f 3319//3319 3318//3318 3230//3230
f 3230//3230 3318//3318 1771//1771
f 3318//3318 3043//3043 1771//1771
f 1771//1771 3043//3043 1769//1769
f 3096//3096 3099//3099 3234//3234
f 3099//3099 3098//3098 3234//3234
f 3234//3234 3098//3098 3298//3298
f 3098//3098 3233//3233 3298//3298
f 3298//3298 3233//3233 3232//3232
f 3233//3233 3101//3101 3232//3232
f 3232//3232 3101//3101 3100//3100
f 3334//3334 3291//3291 3335//3335
f 3291//3291 3292//3292 3335//3335
f 3335//3335 3292//3292 3336//3336
f 3292//3292 3293//3293 3336//3336
f 3336//3336 3293//3293 3337//3337
f 3293//3293 3294//3294 3337//3337
f 3337//3337 3294//3294 3338//3338
f 3294//3294 3295//3295 3338//3338
f 3338//3338 3295//3295 3339//3339
f 3295//3295 3296//3296 3339//3339
f 3339//3339 3296//3296 3340//3340
f 3296//3296 3297//3297 3340//3340
f 3340//3340 3297//3297 3341//3341
f 3297//3297 3298//3298 3341//3341
f 3341//3341 3298//3298 3342//3342
f 3298//3298 3232//3232 3342//3342
f 3342//3342 3232//3232 3343//3343
f 3232//3232 3189//3189 3343//3343
f 3343//3343 3189//3189 3187//3187
f 3317//3317 3334//3334 3316//3316
f 3334//3334 3335//3335 3316//3316
f 3316//3316 3335//3335 3314//3314
f 3335//3335 3336//3336 3314//3314
f 3314//3314 3336//3336 3312//3312
f 3336//3336 3337//3337 3312//3312
f 3312//3312 3337//3337 3310//3310
f 3337//3337 3338//3338 3310//3310
f 3310//3310 3338//3338 3308//3308
f 3338//3338 3339//3339 3308//3308
f 3308//3308 3339//3339 3306//3306
f 3339//3339 3340//3340 3306//3306
f 3306//3306 3340//3340 3304//3304
f 3340//3340 3341//3341 3304//3304
f 3304//3304 3341//3341 3302//3302
f 3341//3341 3342//3342 3302//3302
f 3302//3302 3342//3342 3300//3300
f 3342//3342 3343//3343 3300//3300
f 3300//3300 3343//3343 3231//3231
f 3343//3343 3187//3187 3231//3231
f 3231//3231 3187//3187 3186//3186
f 3344//3344 3345//3345 3346//3346
f 3347//3347 3348//3348 3349//3349
f 3350//3350 3351//3351 3352//3352
f 3353//3353 3354//3354 3355//3355
f 3354//3354 3353//3353 3356//3356
f 3356//3356 3357//3357 3358//3358
f 3357//3357 3359//3359 3358//3358
f 3358//3358 3359//3359 3360//3360
f 3347//3347 3349//3349 3361//3361
f 3349//3349 3362//3362 3361//3361
f 3361//3361 3362//3362 3363//3363
f 3363//3363 3362//3362 3364//3364
f 3362//3362 3365//3365 3364//3364
f 3364//3364 3365//3365 3366//3366
f 3366//3366 3365//3365 3367//3367
f 3365//3365 3368//3368 3367//3367
f 3367//3367 3368//3368 3369//3369
f 1800//1800 3369//3369 1705//1705
f 3369//3369 3368//3368 1705//1705
f 1705//1705 3368//3368 1706//1706
f 3368//3368 1795//1795 1706//1706
f 1786//1786 1791//1791 3370//3370
f 1791//1791 3371//3371 3370//3370
f 3370//3370 3371//3371 3372//3372
f 3345//3345 3344//3344 3373//3373
f 3344//3344 3374//3374 3373//3373
f 3374//3374 3375//3375 3373//3373
f 3373//3373 3375//3375 3371//3371
f 3375//3375 3376//3376 3371//3371
f 3371//3371 3376//3376 3372//3372
f 3377//3377 3378//3378 3346//3346
f 3378//3378 3379//3379 3346//3346
f 3346//3346 3379//3379 3344//3344
f 3356//3356 3358//3358 3354//3354
f 3358//3358 3380//3380 3354//3354
f 3354//3354 3380//3380 3355//3355
f 3380//3380 3381//3381 3355//3355
f 3355//3355 3381//3381 3377//3377
f 3381//3381 3382//3382 3377//3377
f 3377//3377 3382//3382 3378//3378
f 3347//3347 3350//3350 3348//3348
f 3350//3350 3352//3352 3348//3348
f 3348//3348 3352//3352 3349//3349
f 3352//3352 3383//3383 3349//3349
f 3349//3349 3383//3383 3362//3362
f 3383//3383 3384//3384 3362//3362
f 3362//3362 3384//3384 3365//3365
f 3384//3384 3385//3385 3365//3365
f 3365//3365 3385//3385 3368//3368
f 3385//3385 3386//3386 3368//3368
f 3368//3368 3386//3386 1795//1795
f 1793//1793 1795//1795 3387//3387
f 1795//1795 3386//3386 3387//3387
f 3387//3387 3386//3386 3388//3388
f 3386//3386 3385//3385 3388//3388
f 3388//3388 3385//3385 3389//3389
f 3385//3385 3384//3384 3389//3389
f 3389//3389 3384//3384 3390//3390
f 3384//3384 3383//3383 3390//3390
f 3390//3390 3383//3383 3391//3391
f 3383//3383 3352//3352 3391//3391
f 3391//3391 3352//3352 3392//3392
f 3352//3352 3351//3351 3392//3392
f 3392//3392 3351//3351 3393//3393
f 3351//3351 3350//3350 3393//3393
f 1791//1791 1793//1793 3371//3371
f 1793//1793 3387//3387 3371//3371
f 3371//3371 3387//3387 3373//3373
f 3387//3387 3388//3388 3373//3373
f 3373//3373 3388//3388 3345//3345
f 3388//3388 3389//3389 3345//3345
f 3345//3345 3389//3389 3346//3346
f 3389//3389 3390//3390 3346//3346
f 3346//3346 3390//3390 3377//3377
f 3390//3390 3391//3391 3377//3377
f 3377//3377 3391//3391 3355//3355
f 3391//3391 3392//3392 3355//3355
f 3355//3355 3392//3392 3353//3353
f 3392//3392 3393//3393 3353//3353
f 2026//2026 2025//2025 3394//3394
f 2031//2031 2030//2030 3395//3395
f 3396//3396 3347//3347 3361//3361
f 1563//1563 2011//2011 3397//3397
f 1801//1801 1807//1807 3398//3398
f 1807//1807 1806//1806 3398//3398
f 3398//3398 1806//1806 3399//3399
f 1806//1806 1804//1804 3399//3399
f 3399//3399 1804//1804 3397//3397
f 1804//1804 1704//1704 3397//3397
f 3397//3397 1704//1704 1563//1563
f 1800//1800 1798//1798 3369//3369
f 1798//1798 3400//3400 3369//3369
f 3369//3369 3400//3400 3367//3367
f 3367//3367 3400//3400 3366//3366
f 3400//3400 3401//3401 3366//3366
f 3366//3366 3401//3401 3364//3364
f 3401//3401 3402//3402 3364//3364
f 3364//3364 3402//3402 3363//3363
f 3402//3402 3403//3403 3363//3363
f 3363//3363 3403//3403 3361//3361
f 3404//3404 3405//3405 3406//3406
f 3405//3405 3407//3407 3406//3406
f 2025//2025 2031//2031 3394//3394
f 2031//2031 3395//3395 3394//3394
f 3394//3394 3395//3395 3408//3408
f 3395//3395 3409//3409 3408//3408
f 3408//3408 3409//3409 3410//3410
f 3411//3411 3412//3412 3413//3413
f 3412//3412 3408//3408 3413//3413
f 3413//3413 3408//3408 3406//3406
f 3408//3408 3410//3410 3406//3406
f 3406//3406 3410//3410 3404//3404
f 2011//2011 2028//2028 3397//3397
f 2028//2028 3414//3414 3397//3397
f 3397//3397 3414//3414 3399//3399
f 3414//3414 3415//3415 3399//3399
f 3399//3399 3415//3415 3398//3398
f 1803//1803 1802//1802 3416//3416
f 1802//1802 1801//1801 3416//3416
f 3416//3416 1801//1801 3411//3411
f 1801//1801 3398//3398 3411//3411
f 3411//3411 3398//3398 3412//3412
f 3398//3398 3415//3415 3412//3412
f 3412//3412 3415//3415 3408//3408
f 3415//3415 3414//3414 3408//3408
f 3408//3408 3414//3414 3394//3394
f 3414//3414 2028//2028 3394//3394
f 3394//3394 2028//2028 2026//2026
f 3396//3396 3361//3361 3407//3407
f 3361//3361 3403//3403 3407//3407
f 3407//3407 3403//3403 3406//3406
f 3403//3403 3402//3402 3406//3406
f 3406//3406 3402//3402 3413//3413
f 3402//3402 3401//3401 3413//3413
f 3413//3413 3401//3401 3411//3411
f 3401//3401 3400//3400 3411//3411
f 3411//3411 3400//3400 3416//3416
f 3400//3400 1798//1798 3416//3416
f 3416//3416 1798//1798 1803//1803
f 3417//3417 3418//3418 3419//3419
f 2330//2330 2124//2124 3420//3420
f 3421//3421 3422//3422 3423//3423
f 3424//3424 3425//3425 3426//3426
f 3427//3427 3428//3428 3429//3429
f 3429//3429 3428//3428 3430//3430
f 3431//3431 3432//3432 163//163
f 3433//3433 3434//3434 3435//3435
f 3436//3436 3437//3437 3438//3438
f 3439//3439 3440//3440 3441//3441
f 3442//3442 3443//3443 3444//3444
f 3445//3445 3446//3446 3447//3447
f 3448//3448 3449//3449 3450//3450
f 3451//3451 3452//3452 3453//3453
f 3454//3454 3455//3455 3456//3456
f 3457//3457 2058//2058 2208//2208
f 2058//2058 2057//2057 2208//2208
f 2057//2057 2056//2056 2208//2208
f 2056//2056 2004//2004 2208//2208
f 2208//2208 2004//2004 2003//2003
f 2003//2003 2002//2002 2208//2208
f 2002//2002 2001//2001 2208//2208
f 2208//2208 2001//2001 1578//1578
f 2048//2048 2052//2052 3458//3458
f 2052//2052 2060//2060 3458//3458
f 3458//3458 2060//2060 3457//3457
f 2060//2060 2059//2059 3457//3457
f 3457//3457 2059//2059 2058//2058
f 2050//2050 2049//2049 3459//3459
f 3460//3460 2044//2044 3461//3461
f 2044//2044 2042//2042 3461//3461
f 3462//3462 3463//3463 2046//2046
f 3463//3463 2047//2047 2046//2046
f 3464//3464 2037//2037 3463//3463
f 2037//2037 2039//2039 3463//3463
f 3463//3463 2039//2039 2047//2047
f 3465//3465 2029//2029 3466//3466
f 2029//2029 2035//2035 3466//3466
f 3466//3466 2035//2035 3467//3467
f 2035//2035 2033//2033 3467//3467
f 3467//3467 2033//2033 3464//3464
f 2033//2033 2032//2032 3464//3464
f 3464//3464 2032//2032 2037//2037
f 3468//3468 3469//3469 3470//3470
f 3469//3469 3395//3395 3470//3470
f 3470//3470 3395//3395 2030//2030
f 3405//3405 3404//3404 3469//3469
f 3404//3404 3410//3410 3469//3469
f 3410//3410 3409//3409 3469//3469
f 3469//3469 3409//3409 3395//3395
f 3451//3451 3453//3453 3449//3449
f 3445//3445 3447//3447 3471//3471
f 3472//3472 3473//3473 3474//3474
f 3473//3473 3475//3475 3474//3474
f 3474//3474 3475//3475 3471//3471
f 3476//3476 3477//3477 3478//3478
f 3477//3477 3479//3479 3478//3478
f 3478//3478 3479//3479 3480//3480
f 3481//3481 3482//3482 3477//3477
f 3482//3482 3483//3483 3477//3477
f 3477//3477 3483//3483 3479//3479
f 3481//3481 3477//3477 3484//3484
f 3477//3477 3485//3485 3484//3484
f 3484//3484 3485//3485 3486//3486
f 3485//3485 3487//3487 3486//3486
f 3486//3486 3487//3487 3488//3488
f 3487//3487 3489//3489 3488//3488
f 3488//3488 3489//3489 3490//3490
f 3490//3490 3489//3489 3491//3491
f 3489//3489 3492//3492 3491//3491
f 3491//3491 3492//3492 3493//3493
f 3492//3492 3494//3494 3493//3493
f 3493//3493 3494//3494 3495//3495
f 3495//3495 3494//3494 3496//3496
f 3494//3494 3497//3497 3496//3496
f 3496//3496 3497//3497 3498//3498
f 3498//3498 3497//3497 3499//3499
f 3497//3497 3500//3500 3499//3499
f 3499//3499 3500//3500 3501//3501
f 3436//3436 3438//3438 3502//3502
f 2134//2134 2138//2138 3503//3503
f 2324//2324 2135//2135 3504//3504
f 2135//2135 2134//2134 3504//3504
f 3504//3504 2134//2134 3505//3505
f 2134//2134 3503//3503 3505//3505
f 3505//3505 3503//3503 3506//3506
f 174//174 173//173 3507//3507
f 284//284 166//166 3507//3507
f 166//166 168//168 3507//3507
f 3507//3507 168//168 174//174
f 3508//3508 277//277 284//284
f 3509//3509 3510//3510 3511//3511
f 3510//3510 3512//3512 3511//3511
f 3511//3511 3512//3512 3418//3418
f 3512//3512 3513//3513 3418//3418
f 3513//3513 3514//3514 3418//3418
f 3418//3418 3514//3514 3419//3419
f 3514//3514 280//280 3419//3419
f 3419//3419 280//280 278//278
f 3515//3515 3516//3516 3517//3517
f 3516//3516 3518//3518 3517//3517
f 3517//3517 3518//3518 3519//3519
f 3518//3518 3520//3520 3519//3519
f 3521//3521 3522//3522 3523//3523
f 3524//3524 3525//3525 3526//3526
f 3526//3526 3525//3525 3435//3435
f 3525//3525 3527//3527 3435//3435
f 3435//3435 3527//3527 3433//3433
f 3528//3528 3529//3529 3530//3530
f 3530//3530 3531//3531 3528//3528
f 3531//3531 3532//3532 3528//3528
f 3528//3528 3532//3532 3533//3533
f 216//216 3534//3534 158//158
f 3534//3534 3535//3535 158//158
f 158//158 3535//3535 159//159
f 3535//3535 161//161 159//159
f 2208//2208 155//155 154//154
f 161//161 3535//3535 162//162
f 3535//3535 3536//3536 162//162
f 162//162 3536//3536 154//154
f 3537//3537 3465//3465 3538//3538
f 3465//3465 3466//3466 3538//3538
f 3538//3538 3466//3466 3539//3539
f 3466//3466 3467//3467 3539//3539
f 3539//3539 3467//3467 3540//3540
f 3467//3467 3464//3464 3540//3540
f 3540//3540 3464//3464 3541//3541
f 3464//3464 3463//3463 3541//3541
f 3541//3541 3463//3463 3542//3542
f 3463//3463 3462//3462 3542//3542
f 3542//3542 3462//3462 3543//3543
f 3468//3468 3427//3427 3469//3469
f 3427//3427 3429//3429 3469//3469
f 3469//3469 3429//3429 3405//3405
f 3429//3429 3430//3430 3405//3405
f 3405//3405 3430//3430 3407//3407
f 3430//3430 3396//3396 3407//3407
f 3543//3543 3544//3544 3542//3542
f 3544//3544 3545//3545 3542//3542
f 3542//3542 3545//3545 3541//3541
f 3545//3545 3546//3546 3541//3541
f 3541//3541 3546//3546 3540//3540
f 3546//3546 3547//3547 3540//3540
f 3540//3540 3547//3547 3539//3539
f 3547//3547 3548//3548 3539//3539
f 3539//3539 3548//3548 3538//3538
f 3548//3548 3549//3549 3538//3538
f 3538//3538 3549//3549 3537//3537
f 3549//3549 3550//3550 3537//3537
f 3551//3551 3552//3552 3553//3553
f 3552//3552 3554//3554 3553//3553
f 3553//3553 3554//3554 3555//3555
f 3347//3347 3396//3396 3555//3555
f 3396//3396 3430//3430 3555//3555
f 3555//3555 3430//3430 3553//3553
f 3430//3430 3428//3428 3553//3553
f 3553//3553 3428//3428 3551//3551
f 3428//3428 3427//3427 3551//3551
f 3551//3551 3427//3427 3550//3550
f 3427//3427 3468//3468 3550//3550
f 3550//3550 3468//3468 3537//3537
f 3468//3468 3470//3470 3537//3537
f 3537//3537 3470//3470 3465//3465
f 3470//3470 2030//2030 3465//3465
f 3465//3465 2030//2030 2029//2029
f 3544//3544 3556//3556 3545//3545
f 3556//3556 3557//3557 3545//3545
f 3545//3545 3557//3557 3546//3546
f 3557//3557 3558//3558 3546//3546
f 3546//3546 3558//3558 3547//3547
f 3558//3558 3559//3559 3547//3547
f 3547//3547 3559//3559 3548//3548
f 3559//3559 3560//3560 3548//3548
f 3548//3548 3560//3560 3549//3549
f 3560//3560 3561//3561 3549//3549
f 3549//3549 3561//3561 3550//3550
f 3561//3561 3562//3562 3550//3550
f 3550//3550 3562//3562 3551//3551
f 3562//3562 3456//3456 3551//3551
f 3551//3551 3456//3456 3552//3552
f 3456//3456 3455//3455 3552//3552
f 3552//3552 3455//3455 3554//3554
f 3563//3563 3424//3424 3564//3564
f 3424//3424 3426//3426 3564//3564
f 3426//3426 3565//3565 3564//3564
f 3564//3564 3565//3565 3566//3566
f 3567//3567 3568//3568 3569//3569
f 3568//3568 3570//3570 3569//3569
f 3569//3569 3570//3570 3571//3571
f 3570//3570 3572//3572 3571//3571
f 3571//3571 3572//3572 3573//3573
f 3572//3572 3574//3574 3573//3573
f 3573//3573 3574//3574 3563//3563
f 3421//3421 3566//3566 3422//3422
f 3566//3566 3565//3565 3422//3422
f 3422//3422 3565//3565 3575//3575
f 3565//3565 3426//3426 3575//3575
f 3575//3575 3426//3426 3576//3576
f 3426//3426 3425//3425 3576//3576
f 3576//3576 3425//3425 3577//3577
f 3578//3578 3579//3579 3580//3580
f 3579//3579 3581//3581 3580//3580
f 3580//3580 3581//3581 3582//3582
f 3582//3582 3583//3583 3584//3584
f 3583//3583 3585//3585 3584//3584
f 3449//3449 3453//3453 3450//3450
f 3453//3453 3586//3586 3450//3450
f 3450//3450 3586//3586 3587//3587
f 3586//3586 3588//3588 3587//3587
f 3587//3587 3588//3588 3589//3589
f 3588//3588 3590//3590 3589//3589
f 3589//3589 3590//3590 3567//3567
f 3590//3590 3591//3591 3567//3567
f 3567//3567 3591//3591 3568//3568
f 3591//3591 3592//3592 3568//3568
f 3568//3568 3592//3592 3570//3570
f 3592//3592 3593//3593 3570//3570
f 3570//3570 3593//3593 3572//3572
f 3593//3593 3594//3594 3572//3572
f 3572//3572 3594//3594 3574//3574
f 3563//3563 3564//3564 3573//3573
f 3564//3564 3566//3566 3573//3573
f 3573//3573 3566//3566 3571//3571
f 3566//3566 3421//3421 3571//3571
f 3571//3571 3421//3421 3569//3569
f 3421//3421 3423//3423 3569//3569
f 3569//3569 3423//3423 3567//3567
f 3423//3423 3595//3595 3567//3567
f 3567//3567 3595//3595 3589//3589
f 3595//3595 3596//3596 3589//3589
f 3589//3589 3596//3596 3587//3587
f 3596//3596 3447//3447 3587//3587
f 3587//3587 3447//3447 3450//3450
f 3447//3447 3446//3446 3450//3450
f 3450//3450 3446//3446 3448//3448
f 3471//3471 3447//3447 3474//3474
f 3447//3447 3596//3596 3474//3474
f 3474//3474 3596//3596 3597//3597
f 3596//3596 3595//3595 3597//3597
f 3597//3597 3595//3595 3598//3598
f 3595//3595 3423//3423 3598//3598
f 3598//3598 3423//3423 3599//3599
f 3423//3423 3422//3422 3599//3599
f 3599//3599 3422//3422 3600//3600
f 3422//3422 3575//3575 3600//3600
f 3600//3600 3575//3575 3578//3578
f 3575//3575 3576//3576 3578//3578
f 3578//3578 3576//3576 3579//3579
f 3576//3576 3577//3577 3579//3579
f 3579//3579 3577//3577 3581//3581
f 3582//3582 3584//3584 3580//3580
f 3584//3584 3601//3601 3580//3580
f 3580//3580 3601//3601 3578//3578
f 3601//3601 3602//3602 3578//3578
f 3578//3578 3602//3602 3600//3600
f 3602//3602 3603//3603 3600//3600
f 3600//3600 3603//3603 3599//3599
f 3603//3603 3604//3604 3599//3599
f 3599//3599 3604//3604 3598//3598
f 3604//3604 3605//3605 3598//3598
f 3598//3598 3605//3605 3597//3597
f 3605//3605 3606//3606 3597//3597
f 3597//3597 3606//3606 3474//3474
f 3472//3472 3474//3474 3607//3607
f 3474//3474 3606//3606 3607//3607
f 3607//3607 3606//3606 3608//3608
f 3606//3606 3605//3605 3608//3608
f 3608//3608 3605//3605 3609//3609
f 3605//3605 3604//3604 3609//3609
f 3609//3609 3604//3604 3610//3610
f 3604//3604 3603//3603 3610//3610
f 3610//3610 3603//3603 3611//3611
f 3603//3603 3602//3602 3611//3611
f 3611//3611 3602//3602 3612//3612
f 3602//3602 3601//3601 3612//3612
f 3612//3612 3601//3601 3613//3613
f 3601//3601 3584//3584 3613//3613
f 3613//3613 3584//3584 3614//3614
f 3584//3584 3585//3585 3614//3614
f 3614//3614 3585//3585 3615//3615
f 3443//3443 3501//3501 3444//3444
f 3501//3501 3500//3500 3444//3444
f 3444//3444 3500//3500 3615//3615
f 3500//3500 3497//3497 3615//3615
f 3615//3615 3497//3497 3614//3614
f 3497//3497 3494//3494 3614//3614
f 3614//3614 3494//3494 3613//3613
f 3494//3494 3492//3492 3613//3613
f 3613//3613 3492//3492 3612//3612
f 3492//3492 3489//3489 3612//3612
f 3612//3612 3489//3489 3611//3611
f 3489//3489 3487//3487 3611//3611
f 3611//3611 3487//3487 3610//3610
f 3487//3487 3485//3485 3610//3610
f 3610//3610 3485//3485 3609//3609
f 3485//3485 3477//3477 3609//3609
f 3609//3609 3477//3477 3608//3608
f 3477//3477 3476//3476 3608//3608
f 3608//3608 3476//3476 3607//3607
f 2123//2123 2121//2121 3616//3616
f 2121//2121 3617//3617 3616//3616
f 3616//3616 3617//3617 3618//3618
f 284//284 3507//3507 3508//3508
f 3507//3507 3619//3619 3508//3508
f 3508//3508 3619//3619 3620//3620
f 2121//2121 2127//2127 3617//3617
f 2127//2127 2126//2126 3617//3617
f 3617//3617 2126//2126 3621//3621
f 2129//2129 3622//3622 2131//2131
f 3622//3622 3621//3621 2131//2131
f 2131//2131 3621//3621 2132//2132
f 3621//3621 2126//2126 2132//2132
f 3618//3618 3617//3617 3623//3623
f 3617//3617 3621//3621 3623//3623
f 3623//3623 3621//3621 3624//3624
f 3621//3621 3622//3622 3624//3624
f 3624//3624 3622//3622 3625//3625
f 2129//2129 2128//2128 3622//3622
f 2128//2128 3626//3626 3622//3622
f 3622//3622 3626//3626 3625//3625
f 3627//3627 3628//3628 3629//3629
f 3628//3628 3630//3630 3629//3629
f 3629//3629 3630//3630 3631//3631
f 3630//3630 3632//3632 3631//3631
f 3631//3631 3632//3632 3633//3633
f 3632//3632 3417//3417 3633//3633
f 3633//3633 3417//3417 3620//3620
f 3417//3417 3419//3419 3620//3620
f 3620//3620 3419//3419 3508//3508
f 3419//3419 278//278 3508//3508
f 3508//3508 278//278 277//277
f 3634//3634 3635//3635 3636//3636
f 3635//3635 3637//3637 3636//3636
f 3636//3636 3637//3637 3638//3638
f 3637//3637 3639//3639 3638//3638
f 3638//3638 3639//3639 3640//3640
f 3639//3639 3641//3641 3640//3640
f 3640//3640 3641//3641 3642//3642
f 3641//3641 3643//3643 3642//3642
f 3642//3642 3643//3643 3644//3644
f 3619//3619 3644//3644 3620//3620
f 3644//3644 3643//3643 3620//3620
f 3620//3620 3643//3643 3633//3633
f 3643//3643 3641//3641 3633//3633
f 3633//3633 3641//3641 3631//3631
f 3641//3641 3639//3639 3631//3631
f 3631//3631 3639//3639 3629//3629
f 3639//3639 3637//3637 3629//3629
f 3629//3629 3637//3637 3627//3627
f 3637//3637 3635//3635 3627//3627
f 2128//2128 2324//2324 3626//3626
f 2324//2324 3504//3504 3626//3626
f 3626//3626 3504//3504 3645//3645
f 3504//3504 3505//3505 3645//3645
f 3645//3645 3505//3505 3646//3646
f 3505//3505 3506//3506 3646//3646
f 3646//3646 3506//3506 3502//3502
f 3502//3502 3438//3438 3646//3646
f 3438//3438 3647//3647 3646//3646
f 3646//3646 3647//3647 3645//3645
f 3647//3647 3648//3648 3645//3645
f 3645//3645 3648//3648 3626//3626
f 3648//3648 3649//3649 3626//3626
f 3626//3626 3649//3649 3625//3625
f 3649//3649 3650//3650 3625//3625
f 3625//3625 3650//3650 3624//3624
f 3650//3650 3651//3651 3624//3624
f 3624//3624 3651//3651 3623//3623
f 3651//3651 3652//3652 3623//3623
f 3623//3623 3652//3652 3618//3618
f 3652//3652 3420//3420 3618//3618
f 3618//3618 3420//3420 3616//3616
f 3420//3420 2124//2124 3616//3616
f 3616//3616 2124//2124 2123//2123
f 171//171 2330//2330 3653//3653
f 2330//2330 3420//3420 3653//3653
f 3653//3653 3420//3420 3654//3654
f 3420//3420 3652//3652 3654//3654
f 3654//3654 3652//3652 3655//3655
f 3652//3652 3651//3651 3655//3655
f 3655//3655 3651//3651 3656//3656
f 3651//3651 3650//3650 3656//3656
f 3656//3656 3650//3650 3657//3657
f 3650//3650 3649//3649 3657//3657
f 3657//3657 3649//3649 3658//3658
f 3649//3649 3648//3648 3658//3658
f 3658//3658 3648//3648 3659//3659
f 3648//3648 3647//3647 3659//3659
f 3659//3659 3647//3647 3660//3660
f 3647//3647 3438//3438 3660//3660
f 173//173 171//171 3507//3507
f 171//171 3653//3653 3507//3507
f 3507//3507 3653//3653 3619//3619
f 3653//3653 3654//3654 3619//3619
f 3619//3619 3654//3654 3644//3644
f 3654//3654 3655//3655 3644//3644
f 3644//3644 3655//3655 3642//3642
f 3655//3655 3656//3656 3642//3642
f 3642//3642 3656//3656 3640//3640
f 3656//3656 3657//3657 3640//3640
f 3640//3640 3657//3657 3638//3638
f 3657//3657 3658//3658 3638//3638
f 3638//3638 3658//3658 3636//3636
f 3658//3658 3659//3659 3636//3636
f 3636//3636 3659//3659 3634//3634
f 3659//3659 3660//3660 3634//3634
f 3437//3437 3661//3661 3438//3438
f 3661//3661 3662//3662 3438//3438
f 3438//3438 3662//3662 3660//3660
f 3662//3662 3663//3663 3660//3660
f 3660//3660 3663//3663 3634//3634
f 3663//3663 3664//3664 3634//3634
f 3634//3634 3664//3664 3635//3635
f 3664//3664 3665//3665 3635//3635
f 3635//3635 3665//3665 3627//3627
f 3665//3665 3666//3666 3627//3627
f 3627//3627 3666//3666 3628//3628
f 3666//3666 3667//3667 3628//3628
f 3628//3628 3667//3667 3630//3630
f 3667//3667 3668//3668 3630//3630
f 3630//3630 3668//3668 3632//3632
f 3668//3668 3669//3669 3632//3632
f 3632//3632 3669//3669 3417//3417
f 3669//3669 3670//3670 3417//3417
f 3417//3417 3670//3670 3418//3418
f 3670//3670 3671//3671 3418//3418
f 3418//3418 3671//3671 3511//3511
f 3671//3671 3519//3519 3511//3511
f 3511//3511 3519//3519 3509//3509
f 3519//3519 3520//3520 3509//3509
f 3661//3661 3439//3439 3662//3662
f 3439//3439 3441//3441 3662//3662
f 3662//3662 3441//3441 3663//3663
f 3441//3441 3672//3672 3663//3663
f 3663//3663 3672//3672 3664//3664
f 3672//3672 3673//3673 3664//3664
f 3664//3664 3673//3673 3665//3665
f 3673//3673 3674//3674 3665//3665
f 3665//3665 3674//3674 3666//3666
f 3674//3674 3675//3675 3666//3666
f 3666//3666 3675//3675 3667//3667
f 3675//3675 3676//3676 3667//3667
f 3667//3667 3676//3676 3668//3668
f 3676//3676 3677//3677 3668//3668
f 3668//3668 3677//3677 3669//3669
f 3677//3677 3678//3678 3669//3669
f 3669//3669 3678//3678 3670//3670
f 3678//3678 3679//3679 3670//3670
f 3670//3670 3679//3679 3671//3671
f 3679//3679 3680//3680 3671//3671
f 3671//3671 3680//3680 3519//3519
f 3680//3680 3681//3681 3519//3519
f 3519//3519 3681//3681 3517//3517
f 3681//3681 3523//3523 3517//3517
f 3517//3517 3523//3523 3515//3515
f 3523//3523 3522//3522 3515//3515
f 3682//3682 3442//3442 3683//3683
f 3442//3442 3444//3444 3683//3683
f 3683//3683 3444//3444 3684//3684
f 3444//3444 3615//3615 3684//3684
f 3684//3684 3615//3615 3685//3685
f 3615//3615 3585//3585 3685//3685
f 3685//3685 3585//3585 3686//3686
f 3585//3585 3583//3583 3686//3686
f 3686//3686 3583//3583 3687//3687
f 3583//3583 3582//3582 3687//3687
f 3687//3687 3582//3582 3688//3688
f 3582//3582 3581//3581 3688//3688
f 3688//3688 3581//3581 3689//3689
f 3581//3581 3577//3577 3689//3689
f 3689//3689 3577//3577 3690//3690
f 3577//3577 3425//3425 3690//3690
f 3690//3690 3425//3425 3691//3691
f 3425//3425 3424//3424 3691//3691
f 3691//3691 3424//3424 3692//3692
f 3424//3424 3563//3563 3692//3692
f 3692//3692 3563//3563 3693//3693
f 3563//3563 3574//3574 3693//3693
f 3693//3693 3574//3574 3694//3694
f 3574//3574 3594//3594 3694//3694
f 3694//3694 3594//3594 3556//3556
f 3594//3594 3593//3593 3556//3556
f 3556//3556 3593//3593 3557//3557
f 3593//3593 3592//3592 3557//3557
f 3557//3557 3592//3592 3558//3558
f 3592//3592 3591//3591 3558//3558
f 3558//3558 3591//3591 3559//3559
f 3591//3591 3590//3590 3559//3559
f 3559//3559 3590//3590 3560//3560
f 3590//3590 3588//3588 3560//3560
f 3560//3560 3588//3588 3561//3561
f 3588//3588 3586//3586 3561//3561
f 3561//3561 3586//3586 3562//3562
f 3586//3586 3453//3453 3562//3562
f 3562//3562 3453//3453 3456//3456
f 3453//3453 3452//3452 3456//3456
f 3456//3456 3452//3452 3454//3454
f 2049//2049 2048//2048 3459//3459
f 2048//2048 3458//3458 3459//3459
f 3459//3459 3458//3458 3695//3695
f 216//216 164//164 3534//3534
f 164//164 163//163 3534//3534
f 3534//3534 163//163 3696//3696
f 163//163 3432//3432 3696//3696
f 3696//3696 3432//3432 3528//3528
f 3432//3432 3431//3431 3528//3528
f 3528//3528 3431//3431 3529//3529
f 154//154 3536//3536 2208//2208
f 3536//3536 3535//3535 2208//2208
f 2208//2208 3535//3535 3457//3457
f 3535//3535 3534//3534 3457//3457
f 3457//3457 3534//3534 3458//3458
f 3534//3534 3696//3696 3458//3458
f 3458//3458 3696//3696 3695//3695
f 3696//3696 3528//3528 3695//3695
f 3695//3695 3528//3528 3697//3697
f 3528//3528 3533//3533 3697//3697
f 3697//3697 3533//3533 3526//3526
f 3533//3533 3698//3698 3526//3526
f 3526//3526 3698//3698 3524//3524
f 2042//2042 2050//2050 3461//3461
f 2050//2050 3459//3459 3461//3461
f 3461//3461 3459//3459 3460//3460
f 3459//3459 3695//3695 3460//3460
f 3460//3460 3695//3695 3699//3699
f 3695//3695 3697//3697 3699//3699
f 3699//3699 3697//3697 3700//3700
f 3697//3697 3526//3526 3700//3700
f 3700//3700 3526//3526 3701//3701
f 3526//3526 3435//3435 3701//3701
f 3701//3701 3435//3435 3523//3523
f 3435//3435 3434//3434 3523//3523
f 3523//3523 3434//3434 3521//3521
f 3440//3440 3682//3682 3441//3441
f 3682//3682 3683//3683 3441//3441
f 3441//3441 3683//3683 3672//3672
f 3683//3683 3684//3684 3672//3672
f 3672//3672 3684//3684 3673//3673
f 3684//3684 3685//3685 3673//3673
f 3673//3673 3685//3685 3674//3674
f 3685//3685 3686//3686 3674//3674
f 3674//3674 3686//3686 3675//3675
f 3686//3686 3687//3687 3675//3675
f 3675//3675 3687//3687 3676//3676
f 3687//3687 3688//3688 3676//3676
f 3676//3676 3688//3688 3677//3677
f 3688//3688 3689//3689 3677//3677
f 3677//3677 3689//3689 3678//3678
f 3689//3689 3690//3690 3678//3678
f 3678//3678 3690//3690 3679//3679
f 3690//3690 3691//3691 3679//3679
f 3679//3679 3691//3691 3680//3680
f 3691//3691 3692//3692 3680//3680
f 3680//3680 3692//3692 3681//3681
f 3692//3692 3693//3693 3681//3681
f 3681//3681 3693//3693 3523//3523
f 3693//3693 3694//3694 3523//3523
f 3523//3523 3694//3694 3701//3701
f 3694//3694 3556//3556 3701//3701
f 3701//3701 3556//3556 3700//3700
f 3556//3556 3544//3544 3700//3700
f 3700//3700 3544//3544 3699//3699
f 3544//3544 3543//3543 3699//3699
f 3699//3699 3543//3543 3460//3460
f 3543//3543 3462//3462 3460//3460
f 3460//3460 3462//3462 2044//2044
f 3462//3462 2046//2046 2044//2044
f 5//5 4//4 2233//2233
f 2233//2233 2232//2232 5//5
f 2232//2232 2236//2236 5//5
f 5//5 2236//2236 1//1
f 2236//2236 2238//2238 1//1
f 1//1 2238//2238 2//2
f 2238//2238 2241//2241 2//2
f 2//2 2241//2241 187//187
f 7//7 2228//2228 8//8
f 2228//2228 2226//2226 8//8
f 8//8 2226//2226 4//4
f 2226//2226 2235//2235 4//4
f 4//4 2235//2235 2233//2233
f 270//270 2218//2218 266//266
f 2218//2218 2231//2231 266//266
f 266//266 2231//2231 267//267
f 2231//2231 2230//2230 267//267
f 267//267 2230//2230 7//7
f 2230//2230 2229//2229 7//7
f 7//7 2229//2229 2228//2228
f 2223//2223 2222//2222 269//269
f 2222//2222 2221//2221 269//269
f 269//269 2221//2221 270//270
f 2221//2221 2219//2219 270//270
f 270//270 2219//2219 2218//2218
f 269//269 268//268 2223//2223
f 268//268 261//261 2223//2223
f 2223//2223 261//261 2224//2224
f 261//261 2250//2250 2224//2224
f 2250//2250 261//261 2215//2215
f 261//261 11//11 2215//2215
f 2215//2215 11//11 2216//2216
f 11//11 10//10 2216//2216
f 2216//2216 10//10 2110//2110
f 10//10 14//14 2110//2110
f 2110//2110 14//14 2111//2111
f 2111//2111 14//14 2212//2212
f 14//14 13//13 2212//2212
f 2212//2212 13//13 2213//2213
f 13//13 32//32 2213//2213
f 2213//2213 32//32 31//31
f 3506//3506 3503//3503 3702//3702
f 3503//3503 2138//2138 3702//3702
f 3702//3702 2138//2138 3703//3703
f 3506//3506 3702//3702 3502//3502
f 3702//3702 3704//3704 3502//3502
f 3502//3502 3704//3704 3436//3436
f 3440//3440 3439//3439 3705//3705
f 3439//3439 3661//3661 3705//3705
f 3705//3705 3661//3661 3704//3704
f 3661//3661 3437//3437 3704//3704
f 3704//3704 3437//3437 3436//3436
f 3501//3501 3443//3443 3706//3706
f 3443//3443 3442//3442 3706//3706
f 3706//3706 3442//3442 3705//3705
f 3442//3442 3682//3682 3705//3705
f 3705//3705 3682//3682 3440//3440
f 3501//3501 3706//3706 3499//3499
f 3706//3706 3707//3707 3499//3499
f 3499//3499 3707//3707 3498//3498
f 3707//3707 3708//3708 3498//3498
f 3498//3498 3708//3708 3496//3496
f 3490//3490 3491//3491 3709//3709
f 3491//3491 3493//3493 3709//3709
f 3709//3709 3493//3493 3708//3708
f 3493//3493 3495//3495 3708//3708
f 3708//3708 3495//3495 3496//3496
f 3490//3490 3709//3709 3488//3488
f 3709//3709 3710//3710 3488//3488
f 3488//3488 3710//3710 3486//3486
f 3486//3486 3710//3710 3484//3484
f 3710//3710 3711//3711 3484//3484
f 3484//3484 3711//3711 3481//3481
f 3712//3712 3713//3713 2179//2179
f 3713//3713 2177//2177 2179//2179
f 2177//2177 3713//3713 2169//2169
f 3713//3713 3714//3714 2169//2169
f 2169//2169 3714//3714 2170//2170
f 2165//2165 2167//2167 3715//3715
f 2167//2167 2173//2173 3715//3715
f 3715//3715 2173//2173 3714//3714
f 2173//2173 2172//2172 3714//3714
f 3714//3714 2172//2172 2170//2170
f 2165//2165 3715//3715 2163//2163
f 3715//3715 3716//3716 2163//2163
f 2163//2163 3716//3716 2160//2160
f 2160//2160 3716//3716 2161//2161
f 3716//3716 3717//3717 2161//2161
f 2161//2161 3717//3717 2158//2158
f 3718//3718 2153//2153 2151//2151
f 2151//2151 2149//2149 3718//3718
f 2149//2149 2148//2148 3718//3718
f 3718//3718 2148//2148 3717//3717
f 2148//2148 2159//2159 3717//3717
f 3717//3717 2159//2159 2158//2158
f 2153//2153 3718//3718 2155//2155
f 3718//3718 3719//3719 2155//2155
f 2155//2155 3719//3719 2156//2156
f 2156//2156 3719//3719 2147//2147
f 3719//3719 3720//3720 2147//2147
f 2147//2147 3720//3720 2142//2142
f 2138//2138 2137//2137 3703//3703
f 2137//2137 2136//2136 3703//3703
f 3703//3703 2136//2136 2141//2141
f 2141//2141 2140//2140 3703//3703
f 2140//2140 2144//2144 3703//3703
f 3703//3703 2144//2144 3720//3720
f 2144//2144 2143//2143 3720//3720
f 3720//3720 2143//2143 2142//2142
f 2180//2180 2181//2181 3721//3721
f 3722//3722 3712//3712 3721//3721
f 3712//3712 2179//2179 3721//3721
f 3721//3721 2179//2179 2180//2180
f 3723//3723 3724//3724 3725//3725
f 3726//3726 3721//3721 2181//2181
f 3727//3727 3728//3728 3726//3726
f 3728//3728 3729//3729 3726//3726
f 3729//3729 3730//3730 3726//3726
f 3726//3726 3730//3730 3721//3721
f 3730//3730 3731//3731 3721//3721
f 3721//3721 3731//3731 3722//3722
f 3725//3725 3724//3724 3732//3732
f 3733//3733 3734//3734 3735//3735
f 3734//3734 3736//3736 3735//3735
f 3735//3735 3736//3736 3737//3737
f 3736//3736 3732//3732 3737//3737
f 3737//3737 3732//3732 3738//3738
f 3732//3732 3724//3724 3738//3738
f 3738//3738 3724//3724 3739//3739
f 3724//3724 3723//3723 3739//3739
f 3739//3739 3723//3723 3740//3740
f 2176//2176 3740//3740 2181//2181
f 3740//3740 3723//3723 2181//2181
f 2181//2181 3723//3723 3726//3726
f 3723//3723 3725//3725 3726//3726
f 3726//3726 3725//3725 3727//3727
f 3725//3725 3732//3732 3727//3727
f 3727//3727 3732//3732 3741//3741
f 3732//3732 3736//3736 3741//3741
f 3741//3741 3736//3736 3742//3742
f 3736//3736 3734//3734 3742//3742
f 3742//3742 3734//3734 3743//3743
f 2183//2183 2187//2187 3744//3744
f 3745//3745 3746//3746 3747//3747
f 3746//3746 3733//3733 3747//3747
f 3748//3748 2597//2597 2598//2598
f 2514//2514 2597//2597 3749//3749
f 2597//2597 3748//3748 3749//3749
f 3749//3749 3748//3748 3750//3750
f 3748//3748 3751//3751 3750//3750
f 3752//3752 3753//3753 3751//3751
f 3753//3753 3754//3754 3751//3751
f 3751//3751 3754//3754 3750//3750
f 3755//3755 2184//2184 2183//2183
f 2354//2354 2117//2117 3755//3755
f 2117//2117 2116//2116 3755//3755
f 3755//3755 2116//2116 2184//2184
f 3755//3755 3756//3756 2354//2354
f 3756//3756 3757//3757 2354//2354
f 2354//2354 3757//3757 2175//2175
f 3757//3757 3740//3740 2175//2175
f 2175//2175 3740//3740 2176//2176
f 3733//3733 3735//3735 3747//3747
f 3735//3735 3737//3737 3747//3747
f 3747//3747 3737//3737 3758//3758
f 3737//3737 3738//3738 3758//3758
f 3758//3758 3738//3738 3739//3739
f 3755//3755 3759//3759 3756//3756
f 3759//3759 3758//3758 3756//3756
f 3756//3756 3758//3758 3757//3757
f 3758//3758 3739//3739 3757//3757
f 3757//3757 3739//3739 3740//3740
f 2183//2183 3744//3744 3755//3755
f 3744//3744 3752//3752 3755//3755
f 3755//3755 3752//3752 3759//3759
f 3752//3752 3751//3751 3759//3759
f 3759//3759 3751//3751 3758//3758
f 3751//3751 3748//3748 3758//3758
f 3758//3758 3748//3748 3747//3747
f 3748//3748 2598//2598 3747//3747
f 3747//3747 2598//2598 3745//3745
f 3760//3760 3761//3761 3762//3762
f 2545//2545 3760//3760 2507//2507
f 2513//2513 2514//2514 3749//3749
f 2194//2194 2371//2371 3763//3763
f 2370//2370 2200//2200 3764//3764
f 2198//2198 2492//2492 2200//2200
f 2492//2492 2495//2495 2200//2200
f 2200//2200 2495//2495 3764//3764
f 2194//2194 3763//3763 2188//2188
f 2186//2186 2192//2192 3765//3765
f 2192//2192 2191//2191 3765//3765
f 3744//3744 2187//2187 2186//2186
f 2186//2186 3765//3765 3744//3744
f 3765//3765 3766//3766 3744//3744
f 3744//3744 3766//3766 3752//3752
f 3754//3754 3753//3753 3767//3767
f 3753//3753 3752//3752 3767//3767
f 3767//3767 3752//3752 3768//3768
f 3752//3752 3766//3766 3768//3768
f 2475//2475 2513//2513 3769//3769
f 2513//2513 3749//3749 3769//3769
f 3769//3769 3749//3749 3767//3767
f 3749//3749 3750//3750 3767//3767
f 3767//3767 3750//3750 3754//3754
f 3760//3760 2545//2545 3761//3761
f 2545//2545 2476//2476 3761//3761
f 3761//3761 2476//2476 2475//2475
f 2503//2503 2558//2558 3770//3770
f 2558//2558 2510//2510 3770//3770
f 3770//3770 2510//2510 2508//2508
f 2503//2503 3770//3770 2504//2504
f 3770//3770 3771//3771 2504//2504
f 2504//2504 3771//3771 2506//2506
f 2497//2497 3772//3772 2498//2498
f 3772//3772 3773//3773 2498//2498
f 2498//2498 3773//3773 2500//2500
f 3773//3773 2502//2502 2500//2500
f 2495//2495 2494//2494 3764//3764
f 2494//2494 2478//2478 3764//3764
f 3764//3764 2478//2478 3773//3773
f 2478//2478 2480//2480 3773//3773
f 3773//3773 2480//2480 2502//2502
f 2371//2371 2370//2370 3763//3763
f 2370//2370 3764//3764 3763//3763
f 3763//3763 3764//3764 3774//3774
f 3764//3764 3773//3773 3774//3774
f 3774//3774 3773//3773 3771//3771
f 3773//3773 3772//3772 3771//3771
f 3771//3771 3772//3772 2506//2506
f 3772//3772 2497//2497 2506//2506
f 2189//2189 2188//2188 3775//3775
f 2188//2188 3763//3763 3775//3775
f 3775//3775 3763//3763 3776//3776
f 3763//3763 3774//3774 3776//3776
f 3776//3776 3774//3774 3777//3777
f 3774//3774 3771//3771 3777//3777
f 3777//3777 3771//3771 3762//3762
f 3771//3771 3770//3770 3762//3762
f 3762//3762 3770//3770 3760//3760
f 3770//3770 2508//2508 3760//3760
f 3760//3760 2508//2508 2507//2507
f 2475//2475 3769//3769 3761//3761
f 3769//3769 3767//3767 3761//3761
f 3761//3761 3767//3767 3762//3762
f 3767//3767 3768//3768 3762//3762
f 3762//3762 3768//3768 3777//3777
f 3768//3768 3766//3766 3777//3777
f 3777//3777 3766//3766 3776//3776
f 3766//3766 3765//3765 3776//3776
f 3776//3776 3765//3765 3775//3775
f 3765//3765 2191//2191 3775//3775
f 3775//3775 2191//2191 2189//2189
f 1058//1058 1061//1061 3778//3778
f 1058//1058 3778//3778 1059//1059
f 3778//3778 3779//3779 1059//1059
f 1059//1059 3779//3779 1056//1056
f 1054//1054 1053//1053 3779//3779
f 1091//1091 1095//1095 3779//3779
f 1095//1095 1096//1096 3779//3779
f 3779//3779 1096//1096 1094//1094
f 1094//1094 1093//1093 3779//3779
f 1093//1093 1092//1092 3779//3779
f 3779//3779 1092//1092 1054//1054
f 1053//1053 1055//1055 3779//3779
f 1055//1055 1057//1057 3779//3779
f 3779//3779 1057//1057 1056//1056
f 1085//1085 1086//1086 3778//3778
f 1086//1086 1087//1087 3778//3778
f 1087//1087 1088//1088 3778//3778
f 1088//1088 1089//1089 3778//3778
f 3778//3778 1089//1089 3779//3779
f 1089//1089 1090//1090 3779//3779
f 3779//3779 1090//1090 1091//1091
f 1074//1074 1075//1075 3780//3780
f 1075//1075 1076//1076 3780//3780
f 3780//3780 1076//1076 1077//1077
f 1077//1077 1078//1078 3780//3780
f 1078//1078 1079//1079 3780//3780
f 3780//3780 1079//1079 1080//1080
f 1080//1080 1081//1081 3780//3780
f 1081//1081 1082//1082 3780//3780
f 3780//3780 1082//1082 1083//1083
f 1065//1065 1064//1064 3780//3780
f 1064//1064 1063//1063 3780//3780
f 3780//3780 1063//1063 1062//1062
f 1062//1062 1068//1068 3780//3780
f 1068//1068 1067//1067 3780//3780
f 3780//3780 1067//1067 1066//1066
f 1066//1066 1069//1069 3780//3780
f 1069//1069 1070//1070 3780//3780
f 3780//3780 1070//1070 1071//1071
f 1071//1071 1072//1072 3780//3780
f 1072//1072 1073//1073 3780//3780
f 3780//3780 1073//1073 1074//1074
f 1061//1061 1060//1060 3778//3778
f 1060//1060 1065//1065 3778//3778
f 3778//3778 1065//1065 1085//1085
f 1065//1065 3780//3780 1085//1085
f 1085//1085 3780//3780 1084//1084
f 3780//3780 1083//1083 1084//1084
f 1139//1139 1140//1140 3781//3781
f 1140//1140 1098//1098 3781//3781
f 1098//1098 1097//1097 3781//3781
f 3781//3781 1097//1097 1104//1104
f 1104//1104 1103//1103 3781//3781
f 1103//1103 1102//1102 3781//3781
f 3781//3781 1102//1102 1101//1101
f 1101//1101 1100//1100 3781//3781
f 1100//1100 1099//1099 3781//3781
f 3781//3781 1099//1099 3782//3782
f 1099//1099 1106//1106 3782//3782
f 3782//3782 1106//1106 1105//1105
f 1105//1105 1109//1109 3782//3782
f 1109//1109 1108//1108 3782//3782
f 3782//3782 1108//1108 3783//3783
f 1132//1132 1133//1133 3783//3783
f 1133//1133 1134//1134 3783//3783
f 1134//1134 1135//1135 3783//3783
f 1135//1135 1136//1136 3783//3783
f 3783//3783 1136//1136 3782//3782
f 1136//1136 1137//1137 3782//3782
f 3782//3782 1137//1137 3781//3781
f 1137//1137 1138//1138 3781//3781
f 3781//3781 1138//1138 1139//1139
f 3784//3784 1131//1131 1132//1132
f 1131//1131 3784//3784 1130//1130
f 1123//1123 1124//1124 3784//3784
f 1123//1123 3784//3784 1122//1122
f 1124//1124 1125//1125 3784//3784
f 1125//1125 1126//1126 3784//3784
f 3784//3784 1126//1126 1127//1127
f 1127//1127 1128//1128 3784//3784
f 1128//1128 1129//1129 3784//3784
f 3784//3784 1129//1129 1130//1130
f 1108//1108 1107//1107 3783//3783
f 1107//1107 1111//1111 3783//3783
f 3783//3783 1111//1111 1132//1132
f 1111//1111 1110//1110 1132//1132
f 1132//1132 1110//1110 3784//3784
f 1110//1110 1112//1112 3784//3784
f 3784//3784 1112//1112 1113//1113
f 1113//1113 1114//1114 3784//3784
f 1114//1114 1115//1115 3784//3784
f 3784//3784 1115//1115 1116//1116
f 1116//1116 1117//1117 3784//3784
f 1117//1117 1118//1118 3784//3784
f 3784//3784 1118//1118 1119//1119
f 1119//1119 1120//1120 3784//3784
f 1120//1120 1121//1121 3784//3784
f 3784//3784 1121//1121 1122//1122
f 3785//3785 3786//3786 3787//3787
f 3788//3788 3789//3789 3790//3790
f 3733//3733 3746//3746 2626//2626
f 3746//3746 3745//3745 2626//2626
f 2626//2626 3745//3745 2598//2598
f 2626//2626 2627//2627 3733//3733
f 2627//2627 2817//2817 3733//3733
f 3733//3733 2817//2817 3791//3791
f 2817//2817 2816//2816 3791//3791
f 3791//3791 2816//2816 3792//3792
f 2816//2816 2689//2689 3792//3792
f 3792//3792 2689//2689 2693//2693
f 3793//3793 3794//3794 3795//3795
f 3794//3794 3743//3743 3795//3795
f 3795//3795 3743//3743 3734//3734
f 3796//3796 3797//3797 3793//3793
f 3797//3797 3798//3798 3793//3793
f 3793//3793 3798//3798 3794//3794
f 3793//3793 3799//3799 3796//3796
f 3799//3799 3800//3800 3796//3796
f 3796//3796 3800//3800 3801//3801
f 3800//3800 3802//3802 3801//3801
f 3801//3801 3802//3802 3803//3803
f 3802//3802 3804//3804 3803//3803
f 2785//2785 3805//3805 2787//2787
f 3805//3805 3804//3804 2787//2787
f 2787//2787 3804//3804 2788//2788
f 3804//3804 3802//3802 2788//2788
f 2788//2788 3802//3802 2686//2686
f 3806//3806 3807//3807 3788//3788
f 3807//3807 3808//3808 3788//3788
f 3788//3788 3808//3808 3789//3789
f 2785//2785 3809//3809 3805//3805
f 3809//3809 3807//3807 3805//3805
f 3805//3805 3807//3807 3810//3810
f 3807//3807 3806//3806 3810//3810
f 3811//3811 3812//3812 3790//3790
f 3812//3812 3813//3813 3790//3790
f 3790//3790 3813//3813 3788//3788
f 3811//3811 3814//3814 3812//3812
f 3814//3814 3815//3815 3812//3812
f 3812//3812 3815//3815 3787//3787
f 3815//3815 3816//3816 3787//3787
f 3787//3787 3816//3816 3785//3785
f 2695//2695 2696//2696 3799//3799
f 2696//2696 2698//2698 3799//3799
f 3799//3799 2698//2698 3800//3800
f 2698//2698 2700//2700 3800//3800
f 3800//3800 2700//2700 3802//3802
f 2700//2700 2687//2687 3802//3802
f 3802//3802 2687//2687 2686//2686
f 2695//2695 3799//3799 2693//2693
f 3799//3799 3793//3793 2693//2693
f 2693//2693 3793//3793 3792//3792
f 3793//3793 3795//3795 3792//3792
f 3792//3792 3795//3795 3791//3791
f 3795//3795 3734//3734 3791//3791
f 3791//3791 3734//3734 3733//3733
f 3060//3060 3059//3059 3817//3817
f 3060//3060 3817//3817 3054//3054
f 3818//3818 3819//3819 3820//3820
f 3713//3713 3712//3712 3821//3821
f 3818//3818 3820//3820 3822//3822
f 2960//2960 3823//3823 3820//3820
f 3717//3717 3716//3716 3824//3824
f 3716//3716 3715//3715 3824//3824
f 3824//3824 3715//3715 3821//3821
f 3715//3715 3714//3714 3821//3821
f 3821//3821 3714//3714 3713//3713
f 3712//3712 3722//3722 3821//3821
f 3722//3722 3731//3731 3821//3821
f 3821//3821 3731//3731 3730//3730
f 3820//3820 3810//3810 3806//3806
f 3730//3730 3729//3729 3821//3821
f 3729//3729 3728//3728 3821//3821
f 3821//3821 3728//3728 3727//3727
f 3803//3803 3804//3804 3820//3820
f 3804//3804 3805//3805 3820//3820
f 3820//3820 3805//3805 3810//3810
f 3817//3817 3825//3825 3054//3054
f 3825//3825 3826//3826 3054//3054
f 3054//3054 3826//3826 3055//3055
f 3826//3826 3823//3823 3055//3055
f 3055//3055 3823//3823 3056//3056
f 2881//2881 2887//2887 3827//3827
f 2887//2887 2885//2885 3827//3827
f 3827//3827 2885//2885 3828//3828
f 3717//3717 3824//3824 3718//3718
f 3824//3824 3829//3829 3718//3718
f 3718//3718 3829//3829 3719//3719
f 3829//3829 3830//3830 3719//3719
f 3719//3719 3830//3830 3831//3831
f 3056//3056 3823//3823 3057//3057
f 3823//3823 2960//2960 3057//3057
f 3057//3057 2960//2960 3053//3053
f 2960//2960 2959//2959 3053//3053
f 3053//3053 2959//2959 2965//2965
f 3832//3832 3833//3833 2885//2885
f 3833//3833 3834//3834 2885//2885
f 2885//2885 3834//3834 3828//3828
f 2885//2885 2884//2884 3832//3832
f 2884//2884 2960//2960 3832//3832
f 3832//3832 2960//2960 3835//3835
f 2960//2960 3820//3820 3835//3835
f 3835//3835 3820//3820 3836//3836
f 3820//3820 3819//3819 3836//3836
f 2884//2884 2892//2892 2960//2960
f 2892//2892 2891//2891 2960//2960
f 2960//2960 2891//2891 2948//2948
f 3837//3837 3838//3838 3719//3719
f 3838//3838 3839//3839 3719//3719
f 3840//3840 3841//3841 3719//3719
f 3798//3798 3797//3797 3820//3820
f 2965//2965 2964//2964 3053//3053
f 2964//2964 2962//2962 3053//3053
f 3053//3053 2962//2962 2961//2961
f 3798//3798 3820//3820 3794//3794
f 3797//3797 3796//3796 3820//3820
f 3796//3796 3801//3801 3820//3820
f 3820//3820 3801//3801 3803//3803
f 3806//3806 3788//3788 3820//3820
f 3788//3788 3813//3813 3820//3820
f 3820//3820 3813//3813 3812//3812
f 2961//2961 2967//2967 3053//3053
f 2967//2967 2971//2971 3053//3053
f 3053//3053 2971//2971 2973//2973
f 2971//2971 2972//2972 2973//2973
f 3831//3831 3842//3842 3719//3719
f 3842//3842 3843//3843 3719//3719
f 3719//3719 3843//3843 3837//3837
f 3839//3839 3844//3844 3719//3719
f 3844//3844 3845//3845 3719//3719
f 3719//3719 3845//3845 3846//3846
f 3841//3841 3847//3847 3719//3719
f 3847//3847 3848//3848 3719//3719
f 3719//3719 3848//3848 3849//3849
f 3705//3705 3710//3710 3709//3709
f 3705//3705 3704//3704 3710//3710
f 3704//3704 3702//3702 3710//3710
f 3710//3710 3702//3702 3703//3703
f 3727//3727 3741//3741 3821//3821
f 3741//3741 3742//3742 3821//3821
f 3821//3821 3742//3742 3820//3820
f 3742//3742 3743//3743 3820//3820
f 3820//3820 3743//3743 3794//3794
f 3812//3812 3787//3787 3820//3820
f 3787//3787 3786//3786 3820//3820
f 3820//3820 3786//3786 3822//3822
f 2948//2948 2952//2952 2960//2960
f 2952//2952 2950//2950 2960//2960
f 2960//2960 2950//2950 2949//2949
f 2949//2949 2957//2957 2960//2960
f 2957//2957 2956//2956 2960//2960
f 2960//2960 2956//2956 2954//2954
f 3846//3846 3850//3850 3719//3719
f 3850//3850 3851//3851 3719//3719
f 3719//3719 3851//3851 3852//3852
f 3849//3849 3711//3711 3719//3719
f 3711//3711 3710//3710 3719//3719
f 3719//3719 3710//3710 3720//3720
f 3710//3710 3703//3703 3720//3720
f 3852//3852 3853//3853 3719//3719
f 3853//3853 3854//3854 3719//3719
f 3719//3719 3854//3854 3840//3840
f 3708//3708 3707//3707 3709//3709
f 3707//3707 3706//3706 3709//3709
f 3709//3709 3706//3706 3705//3705
f 2785//2785 2856//2856 3809//3809
f 2856//2856 2855//2855 3809//3809
f 3809//3809 2855//2855 3807//3807
f 2855//2855 2854//2854 3807//3807
f 2854//2854 2839//2839 3807//3807
f 3807//3807 2839//2839 3808//3808
f 2839//2839 2838//2838 3808//3808
f 3808//3808 2838//2838 3789//3789
f 2838//2838 2859//2859 3789//3789
f 2859//2859 2858//2858 3789//3789
f 3789//3789 2858//2858 3790//3790
f 2858//2858 2836//2836 3790//3790
f 2836//2836 2835//2835 3790//3790
f 2835//2835 2862//2862 3790//3790
f 3790//3790 2862//2862 3811//3811
f 2862//2862 2861//2861 3811//3811
f 2861//2861 2868//2868 3811//3811
f 3811//3811 2868//2868 3814//3814
f 2868//2868 2867//2867 3814//3814
f 2867//2867 2866//2866 3814//3814
f 3814//3814 2866//2866 3815//3815
f 2866//2866 2865//2865 3815//3815
f 2865//2865 2873//2873 3815//3815
f 3815//3815 2873//2873 3816//3816
f 2873//2873 2872//2872 3816//3816
f 3816//3816 2872//2872 2870//2870
f 2870//2870 2869//2869 3816//3816
f 2869//2869 2931//2931 3816//3816
f 3816//3816 2931//2931 3785//3785
f 2931//2931 2875//2875 3785//3785
f 2875//2875 2874//2874 3785//3785
f 2874//2874 2878//2878 3785//3785
f 3785//3785 2878//2878 3786//3786
f 2883//2883 3822//3822 2913//2913
f 3822//3822 3786//3786 2913//2913
f 2913//2913 3786//3786 2877//2877
f 3786//3786 2878//2878 2877//2877
f 3828//3828 3834//3834 3855//3855
f 3855//3855 3834//3834 3856//3856
f 3834//3834 3833//3833 3856//3856
f 3833//3833 3832//3832 3856//3856
f 3856//3856 3832//3832 3835//3835
f 3828//3828 3855//3855 3827//3827
f 3855//3855 3857//3857 3827//3827
f 3827//3827 3857//3857 2881//2881
f 2883//2883 2881//2881 3822//3822
f 2881//2881 3857//3857 3822//3822
f 3822//3822 3857//3857 3818//3818
f 3857//3857 3855//3855 3818//3818
f 3818//3818 3855//3855 3819//3819
f 3855//3855 3856//3856 3819//3819
f 3819//3819 3856//3856 3836//3836
f 3856//3856 3835//3835 3836//3836
f 3830//3830 3829//3829 3050//3050
f 3829//3829 3858//3858 3050//3050
f 3859//3859 3817//3817 3858//3858
f 3817//3817 3059//3059 3858//3858
f 3858//3858 3059//3059 3050//3050
f 3823//3823 3826//3826 3859//3859
f 3826//3826 3825//3825 3859//3859
f 3859//3859 3825//3825 3817//3817
f 3829//3829 3824//3824 3858//3858
f 3824//3824 3821//3821 3858//3858
f 3858//3858 3821//3821 3859//3859
f 3821//3821 3820//3820 3859//3859
f 3859//3859 3820//3820 3823//3823
f 3830//3830 3050//3050 3831//3831
f 3050//3050 3061//3061 3831//3831
f 3831//3831 3061//3061 3860//3860
f 3061//3061 3063//3063 3860//3860
f 3860//3860 3063//3063 3861//3861
f 3063//3063 3066//3066 3861//3861
f 3066//3066 3065//3065 3861//3861
f 3861//3861 3065//3065 3862//3862
f 3065//3065 3142//3142 3862//3862
f 3862//3862 3142//3142 3863//3863
f 3142//3142 3067//3067 3863//3863
f 3067//3067 3069//3069 3863//3863
f 3863//3863 3069//3069 3864//3864
f 3069//3069 3071//3071 3864//3864
f 3864//3864 3071//3071 3865//3865
f 3865//3865 3071//3071 3866//3866
f 3071//3071 3073//3073 3866//3866
f 3866//3866 3073//3073 3867//3867
f 3073//3073 3075//3075 3867//3867
f 3867//3867 3075//3075 3868//3868
f 3868//3868 3075//3075 3869//3869
f 3075//3075 3048//3048 3869//3869
f 3869//3869 3048//3048 3870//3870
f 3048//3048 3047//3047 3870//3870
f 3870//3870 3047//3047 3871//3871
f 3047//3047 3045//3045 3871//3871
f 3871//3871 3045//3045 3872//3872
f 3045//3045 3044//3044 3872//3872
f 3044//3044 3127//3127 3872//3872
f 3872//3872 3127//3127 3873//3873
f 3127//3127 3132//3132 3873//3873
f 3873//3873 3132//3132 3874//3874
f 3132//3132 3205//3205 3874//3874
f 3874//3874 3205//3205 3875//3875
f 3205//3205 3204//3204 3875//3875
f 3875//3875 3204//3204 3876//3876
f 3204//3204 3078//3078 3876//3876
f 3876//3876 3078//3078 3077//3077
f 3241//3241 3358//3358 3242//3242
f 3358//3358 3360//3360 3242//3242
f 3241//3241 3246//3246 3358//3358
f 3246//3246 3244//3244 3358//3358
f 3358//3358 3244//3244 3380//3380
f 3244//3244 3243//3243 3380//3380
f 3380//3380 3243//3243 3381//3381
f 3243//3243 3248//3248 3381//3381
f 3381//3381 3248//3248 3382//3382
f 3248//3248 3247//3247 3382//3382
f 3382//3382 3247//3247 3378//3378
f 3250//3250 3344//3344 3251//3251
f 3344//3344 3379//3379 3251//3251
f 3251//3251 3379//3379 3253//3253
f 3379//3379 3378//3378 3253//3253
f 3253//3253 3378//3378 3275//3275
f 3378//3378 3247//3247 3275//3275
f 3254//3254 3374//3374 3255//3255
f 3374//3374 3344//3344 3255//3255
f 3255//3255 3344//3344 3257//3257
f 3344//3344 3250//3250 3257//3257
f 1786//1786 3220//3220 1787//1787
f 3220//3220 3258//3258 1787//1787
f 1787//1787 3258//3258 1788//1788
f 1786//1786 3370//3370 3220//3220
f 3370//3370 3372//3372 3220//3220
f 3220//3220 3372//3372 3221//3221
f 3372//3372 3376//3376 3221//3221
f 3221//3221 3376//3376 3254//3254
f 3376//3376 3375//3375 3254//3254
f 3254//3254 3375//3375 3374//3374
f 3877//3877 3878//3878 3879//3879
f 3240//3240 3242//3242 3880//3880
f 3240//3240 3880//3880 3238//3238
f 3880//3880 3881//3881 3238//3238
f 3238//3238 3881//3881 3239//3239
f 3881//3881 3882//3882 3883//3883
f 3239//3239 3881//3881 3317//3317
f 3881//3881 3883//3883 3317//3317
f 3317//3317 3883//3883 3334//3334
f 3883//3883 3884//3884 3334//3334
f 3334//3334 3884//3884 3291//3291
f 3281//3281 3885//3885 3236//3236
f 3885//3885 3879//3879 3236//3236
f 3236//3236 3879//3879 3077//3077
f 3879//3879 3878//3878 3077//3077
f 3077//3077 3878//3878 3876//3876
f 3871//3871 3872//3872 3886//3886
f 3872//3872 3873//3873 3886//3886
f 3886//3886 3873//3873 3877//3877
f 3873//3873 3874//3874 3877//3877
f 3877//3877 3874//3874 3878//3878
f 3874//3874 3875//3875 3878//3878
f 3878//3878 3875//3875 3876//3876
f 3868//3868 3869//3869 3886//3886
f 3869//3869 3870//3870 3886//3886
f 3886//3886 3870//3870 3871//3871
f 3886//3886 3838//3838 3837//3837
f 3886//3886 3837//3837 3868//3868
f 3837//3837 3843//3843 3868//3868
f 3868//3868 3843//3843 3867//3867
f 3842//3842 3862//3862 3843//3843
f 3862//3862 3863//3863 3843//3843
f 3843//3843 3863//3863 3864//3864
f 3864//3864 3865//3865 3843//3843
f 3865//3865 3866//3866 3843//3843
f 3843//3843 3866//3866 3867//3867
f 3831//3831 3860//3860 3842//3842
f 3860//3860 3861//3861 3842//3842
f 3842//3842 3861//3861 3862//3862
f 3838//3838 3886//3886 3839//3839
f 3886//3886 3877//3877 3839//3839
f 3839//3839 3877//3877 3844//3844
f 3844//3844 3887//3887 3845//3845
f 3887//3887 3888//3888 3845//3845
f 3845//3845 3888//3888 3846//3846
f 3888//3888 3889//3889 3846//3846
f 3846//3846 3889//3889 3850//3850
f 3882//3882 3890//3890 3883//3883
f 3890//3890 3891//3891 3883//3883
f 3883//3883 3891//3891 3884//3884
f 3891//3891 3892//3892 3884//3884
f 3884//3884 3892//3892 3893//3893
f 3892//3892 3894//3894 3893//3893
f 3893//3893 3894//3894 3888//3888
f 3894//3894 3895//3895 3888//3888
f 3888//3888 3895//3895 3889//3889
f 3895//3895 3896//3896 3889//3889
f 3889//3889 3896//3896 3850//3850
f 3896//3896 3897//3897 3850//3850
f 3850//3850 3897//3897 3851//3851
f 3897//3897 3898//3898 3851//3851
f 3851//3851 3898//3898 3852//3852
f 3844//3844 3877//3877 3887//3887
f 3877//3877 3879//3879 3887//3887
f 3887//3887 3879//3879 3888//3888
f 3879//3879 3885//3885 3888//3888
f 3888//3888 3885//3885 3893//3893
f 3885//3885 3281//3281 3893//3893
f 3893//3893 3281//3281 3884//3884
f 3281//3281 3285//3285 3884//3884
f 3884//3884 3285//3285 3291//3291
f 3899//3899 3360//3360 3359//3359
f 3900//3900 3901//3901 3902//3902
f 3901//3901 3900//3900 3903//3903
f 3900//3900 3904//3904 3903//3903
f 3903//3903 3904//3904 3905//3905
f 3904//3904 3906//3906 3905//3905
f 3905//3905 3906//3906 3907//3907
f 3906//3906 3908//3908 3907//3907
f 3907//3907 3908//3908 3909//3909
f 3908//3908 3910//3910 3909//3909
f 3909//3909 3910//3910 3911//3911
f 3911//3911 3910//3910 3912//3912
f 3910//3910 3455//3455 3912//3912
f 3912//3912 3455//3455 3454//3454
f 3554//3554 3913//3913 3555//3555
f 3913//3913 3350//3350 3555//3555
f 3555//3555 3350//3350 3347//3347
f 3356//3356 3353//3353 3914//3914
f 3353//3353 3393//3393 3914//3914
f 3914//3914 3393//3393 3915//3915
f 3393//3393 3350//3350 3915//3915
f 3915//3915 3350//3350 3916//3916
f 3350//3350 3913//3913 3916//3916
f 3554//3554 3455//3455 3913//3913
f 3455//3455 3910//3910 3913//3913
f 3913//3913 3910//3910 3916//3916
f 3910//3910 3908//3908 3916//3916
f 3916//3916 3908//3908 3915//3915
f 3908//3908 3906//3906 3915//3915
f 3915//3915 3906//3906 3914//3914
f 3906//3906 3904//3904 3914//3914
f 3914//3914 3904//3904 3356//3356
f 3904//3904 3900//3900 3356//3356
f 3356//3356 3900//3900 3357//3357
f 3900//3900 3902//3902 3357//3357
f 3357//3357 3902//3902 3359//3359
f 3902//3902 3917//3917 3359//3359
f 3359//3359 3917//3917 3899//3899
f 3431//3431 163//163 17//17
f 3431//3431 17//17 3529//3529
f 17//17 16//16 3529//3529
f 3529//3529 16//16 3530//3530
f 16//16 20//20 3530//3530
f 3530//3530 20//20 3531//3531
f 3531//3531 20//20 3532//3532
f 20//20 19//19 3532//3532
f 3532//3532 19//19 3533//3533
f 19//19 299//299 3533//3533
f 3533//3533 299//299 3698//3698
f 3698//3698 299//299 3524//3524
f 299//299 298//298 3524//3524
f 3524//3524 298//298 3525//3525
f 3525//3525 298//298 3527//3527
f 298//298 297//297 3527//3527
f 3527//3527 297//297 3433//3433
f 297//297 296//296 3433//3433
f 3433//3433 296//296 3434//3434
f 296//296 291//291 3434//3434
f 3434//3434 291//291 3521//3521
f 3521//3521 291//291 3522//3522
f 291//291 290//290 3522//3522
f 3522//3522 290//290 3515//3515
f 290//290 289//289 3515//3515
f 3515//3515 289//289 3516//3516
f 289//289 288//288 3516//3516
f 3516//3516 288//288 3518//3518
f 288//288 287//287 3518//3518
f 3518//3518 287//287 3520//3520
f 287//287 286//286 3520//3520
f 3520//3520 286//286 3509//3509
f 3509//3509 286//286 3510//3510
f 286//286 285//285 3510//3510
f 3510//3510 285//285 3512//3512
f 285//285 283//283 3512//3512
f 3512//3512 283//283 3513//3513
f 3513//3513 283//283 3514//3514
f 283//283 282//282 3514//3514
f 3514//3514 282//282 280//280
f 3473//3473 3472//3472 3918//3918
f 3451//3451 3919//3919 3452//3452
f 3919//3919 3912//3912 3452//3452
f 3452//3452 3912//3912 3454//3454
f 3902//3902 3901//3901 3920//3920
f 3901//3901 3903//3903 3920//3920
f 3920//3920 3903//3903 3921//3921
f 3903//3903 3905//3905 3921//3921
f 3921//3921 3905//3905 3922//3922
f 3905//3905 3907//3907 3922//3922
f 3922//3922 3907//3907 3923//3923
f 3907//3907 3909//3909 3923//3923
f 3923//3923 3909//3909 3919//3919
f 3909//3909 3911//3911 3919//3919
f 3919//3919 3911//3911 3912//3912
f 3924//3924 3880//3880 3917//3917
f 3880//3880 3242//3242 3917//3917
f 3917//3917 3242//3242 3899//3899
f 3242//3242 3360//3360 3899//3899
f 3925//3925 3891//3891 3890//3890
f 3926//3926 3892//3892 3891//3891
f 3927//3927 3894//3894 3892//3892
f 3892//3892 3926//3926 3927//3927
f 3926//3926 3928//3928 3927//3927
f 3927//3927 3928//3928 3929//3929
f 3928//3928 3930//3930 3929//3929
f 3929//3929 3930//3930 3931//3931
f 3930//3930 3480//3480 3931//3931
f 3931//3931 3480//3480 3932//3932
f 3933//3933 3476//3476 3478//3478
f 3473//3473 3918//3918 3475//3475
f 3445//3445 3471//3471 3934//3934
f 3471//3471 3475//3475 3934//3934
f 3449//3449 3448//3448 3935//3935
f 3448//3448 3446//3446 3935//3935
f 3475//3475 3918//3918 3934//3934
f 3918//3918 3936//3936 3934//3934
f 3934//3934 3936//3936 3937//3937
f 3936//3936 3938//3938 3937//3937
f 3937//3937 3938//3938 3939//3939
f 3938//3938 3940//3940 3939//3939
f 3939//3939 3940//3940 3941//3941
f 3940//3940 3942//3942 3941//3941
f 3941//3941 3942//3942 3943//3943
f 3942//3942 3944//3944 3943//3943
f 3943//3943 3944//3944 3924//3924
f 3924//3924 3945//3945 3943//3943
f 3945//3945 3946//3946 3943//3943
f 3943//3943 3946//3946 3941//3941
f 3946//3946 3947//3947 3941//3941
f 3941//3941 3947//3947 3939//3939
f 3947//3947 3948//3948 3939//3939
f 3939//3939 3948//3948 3937//3937
f 3948//3948 3935//3935 3937//3937
f 3937//3937 3935//3935 3934//3934
f 3935//3935 3446//3446 3934//3934
f 3934//3934 3446//3446 3445//3445
f 3917//3917 3902//3902 3924//3924
f 3902//3902 3920//3920 3924//3924
f 3924//3924 3920//3920 3945//3945
f 3920//3920 3921//3921 3945//3945
f 3945//3945 3921//3921 3946//3946
f 3921//3921 3922//3922 3946//3946
f 3946//3946 3922//3922 3947//3947
f 3922//3922 3923//3923 3947//3947
f 3947//3947 3923//3923 3948//3948
f 3923//3923 3919//3919 3948//3948
f 3948//3948 3919//3919 3935//3935
f 3919//3919 3451//3451 3935//3935
f 3935//3935 3451//3451 3449//3449
f 3891//3891 3925//3925 3926//3926
f 3925//3925 3949//3949 3926//3926
f 3926//3926 3949//3949 3928//3928
f 3949//3949 3933//3933 3928//3928
f 3928//3928 3933//3933 3930//3930
f 3933//3933 3478//3478 3930//3930
f 3930//3930 3478//3478 3480//3480
f 3472//3472 3607//3607 3918//3918
f 3607//3607 3476//3476 3918//3918
f 3918//3918 3476//3476 3936//3936
f 3476//3476 3933//3933 3936//3936
f 3936//3936 3933//3933 3938//3938
f 3933//3933 3949//3949 3938//3938
f 3938//3938 3949//3949 3940//3940
f 3949//3949 3925//3925 3940//3940
f 3940//3940 3925//3925 3942//3942
f 3925//3925 3890//3890 3942//3942
f 3942//3942 3890//3890 3944//3944
f 3890//3890 3882//3882 3944//3944
f 3944//3944 3882//3882 3924//3924
f 3882//3882 3881//3881 3924//3924
f 3924//3924 3881//3881 3880//3880
f 3481//3481 3711//3711 3849//3849
f 3849//3849 3950//3950 3481//3481
f 3950//3950 3932//3932 3481//3481
f 3481//3481 3932//3932 3482//3482
f 3480//3480 3479//3479 3932//3932
f 3479//3479 3483//3483 3932//3932
f 3932//3932 3483//3483 3482//3482
f 3951//3951 3952//3952 3953//3953
f 415//415 3954//3954 417//417
f 3954//3954 3955//3955 417//417
f 417//417 3955//3955 418//418
f 3955//3955 3953//3953 418//418
f 418//418 3953//3953 411//411
f 411//411 3953//3953 412//412
f 3953//3953 3952//3952 412//412
f 412//412 3952//3952 423//423
f 142//142 140//140 3955//3955
f 140//140 139//139 3955//3955
f 3955//3955 139//139 3953//3953
f 139//139 137//137 3953//3953
f 3953//3953 137//137 3951//3951
f 137//137 136//136 3951//3951
f 415//415 414//414 3954//3954
f 414//414 3956//3956 3954//3954
f 3954//3954 3956//3956 3957//3957
f 142//142 3955//3955 143//143
f 3955//3955 3954//3954 143//143
f 143//143 3954//3954 144//144
f 3954//3954 3957//3957 144//144
f 144//144 3957//3957 145//145
f 437//437 436//436 3958//3958
f 424//424 423//423 3952//3952
f 433//433 431//431 3959//3959
f 431//431 429//429 3959//3959
f 3959//3959 429//429 3960//3960
f 429//429 427//427 3960//3960
f 3960//3960 427//427 424//424
f 437//437 3958//3958 438//438
f 3958//3958 3961//3961 438//438
f 438//438 3961//3961 439//439
f 37//37 3958//3958 3959//3959
f 3958//3958 436//436 3959//3959
f 3959//3959 436//436 433//433
f 37//37 35//35 3958//3958
f 35//35 34//34 3958//3958
f 3958//3958 34//34 3961//3961
f 34//34 66//66 3961//3961
f 3961//3961 66//66 65//65
f 424//424 3952//3952 3960//3960
f 3952//3952 3951//3951 3960//3960
f 3960//3960 3951//3951 136//136
f 136//136 41//41 3960//3960
f 41//41 40//40 3960//3960
f 3960//3960 40//40 3959//3959
f 40//40 38//38 3959//3959
f 3959//3959 38//38 37//37
f 61//61 3962//3962 58//58
f 3962//3962 3963//3963 58//58
f 58//58 3963//3963 59//59
f 3964//3964 63//63 3963//3963
f 63//63 62//62 3963//3963
f 3963//3963 62//62 59//59
f 65//65 63//63 3961//3961
f 63//63 3964//3964 3961//3961
f 3961//3961 3964//3964 439//439
f 316//316 315//315 3962//3962
f 315//315 322//322 3962//3962
f 3962//3962 322//322 3963//3963
f 322//322 321//321 3963//3963
f 3963//3963 321//321 3964//3964
f 321//321 320//320 3964//3964
f 3964//3964 320//320 439//439
f 318//318 316//316 3965//3965
f 316//316 3962//3962 3965//3965
f 3965//3965 3962//3962 3966//3966
f 3962//3962 61//61 3966//3966
f 3966//3966 61//61 69//69
f 85//85 84//84 3967//3967
f 85//85 3967//3967 70//70
f 3968//3968 72//72 3969//3969
f 72//72 71//71 3969//3969
f 3969//3969 71//71 70//70
f 3965//3965 3966//3966 3970//3970
f 3966//3966 69//69 3970//3970
f 69//69 68//68 3970//3970
f 68//68 74//74 3970//3970
f 3970//3970 74//74 3968//3968
f 74//74 73//73 3968//3968
f 3968//3968 73//73 72//72
f 70//70 3967//3967 3969//3969
f 3967//3967 334//334 3969//3969
f 3969//3969 334//334 332//332
f 318//318 3965//3965 323//323
f 3965//3965 3970//3970 323//323
f 323//323 3970//3970 324//324
f 3970//3970 3968//3968 324//324
f 324//324 3968//3968 327//327
f 3968//3968 3969//3969 327//327
f 327//327 3969//3969 330//330
f 3969//3969 332//332 330//330
f 334//334 3967//3967 3971//3971
f 76//76 3972//3972 78//78
f 3972//3972 3973//3973 78//78
f 78//78 3973//3973 79//79
f 79//79 3973//3973 81//81
f 3973//3973 3971//3971 81//81
f 81//81 3971//3971 82//82
f 82//82 3971//3971 83//83
f 3971//3971 3967//3967 83//83
f 83//83 3967//3967 84//84
f 342//342 340//340 3972//3972
f 340//340 339//339 3972//3972
f 3972//3972 339//339 3973//3973
f 339//339 337//337 3973//3973
f 3973//3973 337//337 3971//3971
f 337//337 336//336 3971//3971
f 3971//3971 336//336 334//334
f 343//343 342//342 3974//3974
f 342//342 3972//3972 3974//3974
f 3974//3974 3972//3972 3975//3975
f 3972//3972 76//76 3975//3975
f 3975//3975 76//76 75//75
f 3976//3976 3977//3977 89//89
f 89//89 93//93 3976//3976
f 93//93 92//92 3976//3976
f 3976//3976 92//92 3978//3978
f 92//92 103//103 3978//3978
f 3978//3978 103//103 102//102
f 3979//3979 3975//3975 75//75
f 75//75 87//87 3979//3979
f 87//87 86//86 3979//3979
f 3979//3979 86//86 3977//3977
f 86//86 90//90 3977//3977
f 3977//3977 90//90 89//89
f 3978//3978 354//354 351//351
f 346//346 345//345 3974//3974
f 345//345 344//344 3974//3974
f 3974//3974 344//344 343//343
f 3978//3978 351//351 3976//3976
f 351//351 348//348 3976//3976
f 3976//3976 348//348 3977//3977
f 348//348 346//346 3977//3977
f 3977//3977 346//346 3979//3979
f 346//346 3974//3974 3979//3979
f 3979//3979 3974//3974 3975//3975
f 95//95 3980//3980 96//96
f 3980//3980 3981//3981 96//96
f 96//96 3981//3981 97//97
f 3981//3981 3982//3982 97//97
f 101//101 100//100 3983//3983
f 100//100 99//99 3983//3983
f 3983//3983 99//99 3982//3982
f 99//99 98//98 3982//3982
f 3982//3982 98//98 97//97
f 102//102 101//101 3978//3978
f 101//101 3983//3983 3978//3978
f 3978//3978 3983//3983 354//354
f 3983//3983 362//362 354//354
f 362//362 3983//3983 363//363
f 3983//3983 3982//3982 363//363
f 363//363 3982//3982 364//364
f 3982//3982 3981//3981 364//364
f 364//364 3981//3981 356//356
f 356//356 3981//3981 357//357
f 3981//3981 3980//3980 357//357
f 357//357 3980//3980 359//359
f 369//369 367//367 3984//3984
f 3985//3985 3986//3986 52//52
f 52//52 50//50 3985//3985
f 50//50 49//49 3985//3985
f 3985//3985 49//49 3987//3987
f 49//49 113//113 3987//3987
f 3987//3987 113//113 112//112
f 3984//3984 3980//3980 95//95
f 95//95 56//56 3984//3984
f 56//56 55//55 3984//3984
f 3984//3984 55//55 3986//3986
f 55//55 53//53 3986//3986
f 3986//3986 53//53 52//52
f 359//359 3980//3980 360//360
f 3980//3980 3984//3984 360//360
f 360//360 3984//3984 361//361
f 3984//3984 367//367 361//361
f 369//369 3984//3984 371//371
f 3984//3984 3986//3986 371//371
f 371//371 3986//3986 373//373
f 3986//3986 3985//3985 373//373
f 373//373 3985//3985 376//376
f 3985//3985 3987//3987 376//376
f 376//376 3987//3987 384//384
f 384//384 3987//3987 3988//3988
f 106//106 3989//3989 107//107
f 3989//3989 3990//3990 107//107
f 107//107 3990//3990 108//108
f 108//108 3990//3990 110//110
f 3990//3990 3988//3988 110//110
f 110//110 3988//3988 111//111
f 3988//3988 3987//3987 111//111
f 111//111 3987//3987 112//112
f 388//388 386//386 3989//3989
f 386//386 385//385 3989//3989
f 3989//3989 385//385 3990//3990
f 385//385 381//381 3990//3990
f 3990//3990 381//381 3988//3988
f 381//381 383//383 3988//3988
f 3988//3988 383//383 384//384
f 389//389 388//388 3991//3991
f 388//388 3989//3989 3991//3991
f 3991//3991 3989//3989 3992//3992
f 3989//3989 106//106 3992//3992
f 3992//3992 106//106 105//105
f 3993//3993 3994//3994 3995//3995
f 630//630 632//632 3996//3996
f 632//632 3997//3997 3996//3996
f 3998//3998 3999//3999 4000//4000
f 3999//3999 4001//4001 4000//4000
f 4001//4001 4002//4002 4000//4000
f 4000//4000 4002//4002 4003//4003
f 4004//4004 4005//4005 4006//4006
f 4005//4005 4007//4007 4006//4006
f 4006//4006 4007//4007 4008//4008
f 3998//3998 4000//4000 4009//4009
f 4000//4000 4010//4010 4009//4009
f 4009//4009 4010//4010 4011//4011
f 4010//4010 4006//4006 4011//4011
f 4011//4011 4006//4006 3995//3995
f 4006//4006 4008//4008 3995//3995
f 3995//3995 4008//4008 3993//3993
f 629//629 4012//4012 622//622
f 4012//4012 4013//4013 622//622
f 622//622 4013//4013 4004//4004
f 4004//4004 4006//4006 622//622
f 4006//4006 4010//4010 622//622
f 622//622 4010//4010 633//633
f 4010//4010 4000//4000 633//633
f 633//633 4000//4000 632//632
f 4000//4000 4003//4003 632//632
f 632//632 4003//4003 3997//3997
f 4004//4004 4013//4013 636//636
f 4013//4013 4012//4012 636//636
f 636//636 4012//4012 629//629
f 3993//3993 4008//4008 4014//4014
f 4008//4008 4007//4007 4014//4014
f 4014//4014 4007//4007 4005//4005
f 3993//3993 4014//4014 4015//4015
f 4014//4014 4016//4016 4015//4015
f 4015//4015 4016//4016 4017//4017
f 4018//4018 4019//4019 4020//4020
f 643//643 4018//4018 4021//4021
f 4018//4018 4020//4020 4021//4021
f 4021//4021 4020//4020 4016//4016
f 4020//4020 4022//4022 4016//4016
f 4016//4016 4022//4022 4017//4017
f 643//643 4021//4021 640//640
f 4021//4021 4016//4016 640//640
f 640//640 4016//4016 638//638
f 4016//4016 4014//4014 638//638
f 638//638 4014//4014 636//636
f 4014//4014 4005//4005 636//636
f 636//636 4005//4005 4004//4004
f 4018//4018 643//643 642//642
f 4019//4019 4018//4018 4023//4023
f 4019//4019 4023//4023 4024//4024
f 4023//4023 4025//4025 4024//4024
f 4024//4024 4025//4025 4026//4026
f 4025//4025 4027//4027 4026//4026
f 4026//4026 4027//4027 4028//4028
f 4018//4018 642//642 4023//4023
f 642//642 654//654 4023//4023
f 4023//4023 654//654 4025//4025
f 654//654 652//652 4025//4025
f 4025//4025 652//652 4027//4027
f 652//652 650//650 4027//4027
f 4027//4027 650//650 4029//4029
f 4029//4029 4030//4030 4027//4027
f 4030//4030 4031//4031 4027//4027
f 4027//4027 4031//4031 4028//4028
f 4029//4029 4032//4032 4030//4030
f 4032//4032 4033//4033 4030//4030
f 4034//4034 4035//4035 4036//4036
f 4035//4035 4037//4037 4036//4036
f 4036//4036 4037//4037 4038//4038
f 4033//4033 4032//4032 4039//4039
f 4032//4032 4040//4040 4039//4039
f 4039//4039 4040//4040 4041//4041
f 4040//4040 4036//4036 4041//4041
f 4041//4041 4036//4036 4042//4042
f 4036//4036 4038//4038 4042//4042
f 4042//4042 4038//4038 4043//4043
f 774//774 4044//4044 773//773
f 4044//4044 4045//4045 773//773
f 773//773 4045//4045 4046//4046
f 4029//4029 650//650 648//648
f 4029//4029 648//648 4032//4032
f 648//648 647//647 4032//4032
f 4032//4032 647//647 4040//4040
f 647//647 773//773 4040//4040
f 4040//4040 773//773 4036//4036
f 773//773 4046//4046 4036//4036
f 4036//4036 4046//4046 4034//4034
f 4047//4047 4048//4048 4049//4049
f 4043//4043 4038//4038 4050//4050
f 4051//4051 4052//4052 4053//4053
f 4052//4052 4049//4049 4053//4053
f 4053//4053 4049//4049 4054//4054
f 4048//4048 4055//4055 4049//4049
f 4055//4055 4056//4056 4049//4049
f 4049//4049 4056//4056 4054//4054
f 4056//4056 4057//4057 4054//4054
f 4054//4054 4057//4057 4058//4058
f 4059//4059 605//605 4060//4060
f 605//605 604//604 4060//4060
f 4038//4038 4037//4037 4050//4050
f 4037//4037 4035//4035 4050//4050
f 4050//4050 4035//4035 663//663
f 4035//4035 4034//4034 663//663
f 663//663 4034//4034 4046//4046
f 4046//4046 4045//4045 663//663
f 4045//4045 4044//4044 663//663
f 663//663 4044//4044 774//774
f 4061//4061 4043//4043 4051//4051
f 4043//4043 4050//4050 4051//4051
f 4051//4051 4050//4050 4052//4052
f 4050//4050 663//663 4052//4052
f 4052//4052 663//663 666//666
f 666//666 682//682 4052//4052
f 682//682 680//680 4052//4052
f 4052//4052 680//680 678//678
f 678//678 676//676 4052//4052
f 676//676 674//674 4052//4052
f 4052//4052 674//674 672//672
f 672//672 670//670 4052//4052
f 670//670 668//668 4052//4052
f 4052//4052 668//668 687//687
f 687//687 686//686 4052//4052
f 686//686 685//685 4052//4052
f 4052//4052 685//685 690//690
f 4059//4059 4047//4047 605//605
f 4047//4047 4049//4049 605//605
f 605//605 4049//4049 791//791
f 4049//4049 4052//4052 791//791
f 791//791 4052//4052 692//692
f 4052//4052 690//690 692//692
f 4062//4062 4063//4063 4064//4064
f 604//604 693//693 4060//4060
f 693//693 4059//4059 4060//4060
f 4057//4057 4056//4056 4065//4065
f 4056//4056 4055//4055 4065//4065
f 4055//4055 4048//4048 4065//4065
f 4065//4065 4048//4048 4047//4047
f 4063//4063 4066//4066 4064//4064
f 4066//4066 4067//4067 4064//4064
f 4064//4064 4067//4067 4068//4068
f 4057//4057 4065//4065 4069//4069
f 4065//4065 4070//4070 4069//4069
f 4069//4069 4070//4070 4071//4071
f 4070//4070 4064//4064 4071//4071
f 4071//4071 4064//4064 4072//4072
f 4064//4064 4068//4068 4072//4072
f 4072//4072 4068//4068 4073//4073
f 698//698 700//700 4074//4074
f 4074//4074 4062//4062 698//698
f 4062//4062 4064//4064 698//698
f 698//698 4064//4064 697//697
f 4064//4064 4070//4070 697//697
f 697//697 4070//4070 695//695
f 4070//4070 4065//4065 695//695
f 695//695 4065//4065 693//693
f 4065//4065 4047//4047 693//693
f 693//693 4047//4047 4059//4059
f 4075//4075 4076//4076 4073//4073
f 4073//4073 4068//4068 4077//4077
f 4068//4068 4067//4067 4077//4077
f 4077//4077 4067//4067 4066//4066
f 4073//4073 4077//4077 4075//4075
f 4077//4077 4078//4078 4075//4075
f 4075//4075 4078//4078 4079//4079
f 4080//4080 4081//4081 4078//4078
f 4081//4081 4082//4082 4078//4078
f 4078//4078 4082//4082 4079//4079
f 4083//4083 4084//4084 4081//4081
f 4084//4084 4085//4085 4081//4081
f 4085//4085 4086//4086 4081//4081
f 4081//4081 4086//4086 4087//4087
f 4080//4080 616//616 607//607
f 4088//4088 4089//4089 4080//4080
f 4089//4089 4090//4090 4080//4080
f 4080//4080 4090//4090 4081//4081
f 4090//4090 4091//4091 4081//4081
f 4081//4081 4091//4091 4083//4083
f 607//607 609//609 4080//4080
f 609//609 4092//4092 4080//4080
f 4080//4080 4092//4092 4088//4088
f 4063//4063 4062//4062 702//702
f 4062//4062 4074//4074 702//702
f 702//702 4074//4074 700//700
f 611//611 4078//4078 613//613
f 4078//4078 4077//4077 613//613
f 613//613 4077//4077 702//702
f 4077//4077 4066//4066 702//702
f 702//702 4066//4066 4063//4063
f 611//611 619//619 4078//4078
f 619//619 618//618 4078//4078
f 4078//4078 618//618 4080//4080
f 618//618 617//617 4080//4080
f 4080//4080 617//617 616//616
f 4093//4093 4094//4094 4095//4095
f 4096//4096 4097//4097 4098//4098
f 4097//4097 4099//4099 4098//4098
f 4098//4098 4099//4099 4100//4100
f 4101//4101 4102//4102 4103//4103
f 4102//4102 4104//4104 4103//4103
f 4103//4103 4104//4104 4105//4105
f 4094//4094 4106//4106 760//760
f 4106//4106 4107//4107 760//760
f 760//760 4107//4107 758//758
f 4093//4093 4095//4095 4108//4108
f 4109//4109 4110//4110 4108//4108
f 4094//4094 760//760 4095//4095
f 760//760 706//706 4095//4095
f 4095//4095 706//706 4111//4111
f 706//706 704//704 4111//4111
f 4111//4111 704//704 4103//4103
f 704//704 703//703 4103//4103
f 4103//4103 703//703 4101//4101
f 4108//4108 4095//4095 4109//4109
f 4095//4095 4111//4111 4109//4109
f 4109//4109 4111//4111 4112//4112
f 4111//4111 4103//4103 4112//4112
f 4112//4112 4103//4103 4098//4098
f 4103//4103 4105//4105 4098//4098
f 4098//4098 4105//4105 4096//4096
f 4097//4097 4096//4096 4113//4113
f 4096//4096 4105//4105 4113//4113
f 4105//4105 4104//4104 4113//4113
f 4104//4104 4102//4102 4113//4113
f 4113//4113 4102//4102 4101//4101
f 4114//4114 4100//4100 4115//4115
f 4100//4100 4099//4099 4115//4115
f 4116//4116 4117//4117 4118//4118
f 4117//4117 4119//4119 4118//4118
f 4118//4118 4119//4119 4120//4120
f 4099//4099 4097//4097 4115//4115
f 4097//4097 4113//4113 4115//4115
f 4115//4115 4113//4113 4121//4121
f 4113//4113 4122//4122 4121//4121
f 4121//4121 4122//4122 4123//4123
f 4122//4122 4118//4118 4123//4123
f 4123//4123 4118//4118 4124//4124
f 4118//4118 4120//4120 4124//4124
f 4124//4124 4120//4120 4125//4125
f 707//707 4126//4126 708//708
f 4126//4126 4127//4127 708//708
f 708//708 4127//4127 4116//4116
f 4116//4116 4118//4118 708//708
f 4118//4118 4122//4122 708//708
f 708//708 4122//4122 710//710
f 4122//4122 4113//4113 710//710
f 710//710 4113//4113 711//711
f 4113//4113 4101//4101 711//711
f 711//711 4101//4101 703//703
f 4116//4116 4127//4127 602//602
f 4127//4127 4126//4126 602//602
f 602//602 4126//4126 707//707
f 4120//4120 4119//4119 4128//4128
f 4119//4119 4117//4117 4128//4128
f 4128//4128 4117//4117 4116//4116
f 4129//4129 4130//4130 4131//4131
f 4130//4130 4132//4132 4131//4131
f 4120//4120 4128//4128 4133//4133
f 4128//4128 4134//4134 4133//4133
f 4133//4133 4134//4134 4135//4135
f 4134//4134 4130//4130 4135//4135
f 4135//4135 4130//4130 4136//4136
f 4130//4130 4129//4129 4136//4136
f 4136//4136 4129//4129 4137//4137
f 716//716 4138//4138 718//718
f 4138//4138 4139//4139 718//718
f 4116//4116 602//602 4128//4128
f 602//602 601//601 4128//4128
f 4128//4128 601//601 4134//4134
f 601//601 718//718 4134//4134
f 4134//4134 718//718 4130//4130
f 718//718 4139//4139 4130//4130
f 4130//4130 4139//4139 4132//4132
f 4129//4129 4131//4131 4140//4140
f 4138//4138 716//716 714//714
f 4131//4131 4132//4132 714//714
f 4132//4132 4139//4139 714//714
f 714//714 4139//4139 4138//4138
f 4129//4129 4140//4140 4137//4137
f 4141//4141 4137//4137 4142//4142
f 4137//4137 4140//4140 4142//4142
f 4142//4142 4140//4140 4143//4143
f 4140//4140 4144//4144 4143//4143
f 4144//4144 4140//4140 4145//4145
f 4140//4140 4146//4146 4145//4145
f 4145//4145 4146//4146 4147//4147
f 4148//4148 4149//4149 4150//4150
f 4149//4149 4151//4151 4150//4150
f 4150//4150 4151//4151 4152//4152
f 4147//4147 4146//4146 4153//4153
f 4146//4146 4154//4154 4153//4153
f 4153//4153 4154//4154 4150//4150
f 4154//4154 4155//4155 4150//4150
f 4150//4150 4155//4155 4148//4148
f 4156//4156 4157//4157 4154//4154
f 4157//4157 4158//4158 4154//4154
f 4154//4154 4158//4158 4155//4155
f 4131//4131 714//714 4140//4140
f 714//714 713//713 4140//4140
f 4140//4140 713//713 4146//4146
f 713//713 721//721 4146//4146
f 4146//4146 721//721 4154//4154
f 721//721 720//720 4154//4154
f 4154//4154 720//720 4156//4156
f 4159//4159 4160//4160 4161//4161
f 4162//4162 4163//4163 4164//4164
f 4163//4163 4165//4165 4164//4164
f 4164//4164 4165//4165 4166//4166
f 4167//4167 4168//4168 4169//4169
f 4168//4168 4170//4170 4169//4169
f 4170//4170 4171//4171 4169//4169
f 4171//4171 4162//4162 4169//4169
f 4169//4169 4162//4162 4172//4172
f 4162//4162 4164//4164 4172//4172
f 4172//4172 4164//4164 4173//4173
f 4164//4164 4174//4174 4173//4173
f 4173//4173 4174//4174 4175//4175
f 4176//4176 4177//4177 4178//4178
f 4177//4177 4179//4179 4178//4178
f 4179//4179 4159//4159 4178//4178
f 4159//4159 4161//4161 4178//4178
f 4178//4178 4161//4161 4174//4174
f 4161//4161 4180//4180 4174//4174
f 4174//4174 4180//4180 4175//4175
f 728//728 4181//4181 727//727
f 4181//4181 4182//4182 727//727
f 727//727 4182//4182 4176//4176
f 4176//4176 4178//4178 727//727
f 4178//4178 4174//4174 727//727
f 727//727 4174//4174 726//726
f 4174//4174 4164//4164 726//726
f 726//726 4164//4164 725//725
f 4164//4164 4166//4166 725//725
f 725//725 4166//4166 723//723
f 4181//4181 728//728 729//729
f 4183//4183 4176//4176 729//729
f 4176//4176 4182//4182 729//729
f 729//729 4182//4182 4181//4181
f 4159//4159 4179//4179 4183//4183
f 4179//4179 4177//4177 4183//4183
f 4183//4183 4177//4177 4176//4176
f 729//729 731//731 4183//4183
f 731//731 4184//4184 4183//4183
f 4183//4183 4184//4184 4159//4159
f 4184//4184 4185//4185 4159//4159
f 4186//4186 738//738 736//736
f 4187//4187 4188//4188 4189//4189
f 4188//4188 4190//4190 4189//4189
f 4189//4189 4190//4190 4191//4191
f 4184//4184 731//731 743//743
f 4192//4192 4193//4193 4186//4186
f 4193//4193 4194//4194 4186//4186
f 4186//4186 4194//4194 4195//4195
f 4185//4185 4184//4184 4196//4196
f 4184//4184 4195//4195 4196//4196
f 4196//4196 4195//4195 4197//4197
f 4195//4195 4194//4194 4197//4197
f 4186//4186 736//736 4198//4198
f 736//736 735//735 4198//4198
f 4198//4198 735//735 733//733
f 4192//4192 4186//4186 4191//4191
f 4186//4186 4198//4198 4191//4191
f 4191//4191 4198//4198 4189//4189
f 4198//4198 733//733 4189//4189
f 4189//4189 733//733 732//732
f 4184//4184 743//743 4195//4195
f 743//743 742//742 4195//4195
f 4195//4195 742//742 4186//4186
f 742//742 741//741 4186//4186
f 4186//4186 741//741 738//738
f 4199//4199 4200//4200 4201//4201
f 4200//4200 4202//4202 4201//4201
f 4201//4201 4202//4202 4203//4203
f 4204//4204 4205//4205 4206//4206
f 4205//4205 4207//4207 4206//4206
f 4206//4206 4207//4207 4208//4208
f 4207//4207 4201//4201 4208//4208
f 4208//4208 4201//4201 4209//4209
f 4201//4201 4203//4203 4209//4209
f 4209//4209 4203//4203 4210//4210
f 755//755 4211//4211 753//753
f 4211//4211 4212//4212 753//753
f 753//753 4212//4212 4213//4213
f 732//732 744//744 4189//4189
f 744//744 4205//4205 4189//4189
f 4189//4189 4205//4205 4187//4187
f 4205//4205 4204//4204 4187//4187
f 744//744 749//749 4205//4205
f 749//749 751//751 4205//4205
f 4205//4205 751//751 4207//4207
f 751//751 753//753 4207//4207
f 4207//4207 753//753 4201//4201
f 753//753 4213//4213 4201//4201
f 4201//4201 4213//4213 4199//4199
f 4214//4214 4215//4215 4216//4216
f 4202//4202 4200//4200 4217//4217
f 4218//4218 4219//4219 4210//4210
f 4220//4220 4221//4221 4217//4217
f 4221//4221 4222//4222 4217//4217
f 4217//4217 4222//4222 4218//4218
f 4218//4218 4210//4210 4217//4217
f 4210//4210 4203//4203 4217//4217
f 4217//4217 4203//4203 4202//4202
f 4223//4223 4224//4224 4225//4225
f 4224//4224 4226//4226 4225//4225
f 4226//4226 4227//4227 4225//4225
f 4227//4227 4228//4228 4225//4225
f 4225//4225 4228//4228 4217//4217
f 4228//4228 4229//4229 4217//4217
f 4217//4217 4229//4229 4220//4220
f 4230//4230 4231//4231 4225//4225
f 4231//4231 4232//4232 4225//4225
f 4225//4225 4232//4232 4223//4223
f 4233//4233 4214//4214 4234//4234
f 4214//4214 4216//4216 4234//4234
f 4234//4234 4216//4216 4225//4225
f 4216//4216 4235//4235 4225//4225
f 4225//4225 4235//4235 4230//4230
f 4236//4236 664//664 4237//4237
f 664//664 658//658 4237//4237
f 684//684 665//665 4234//4234
f 665//665 664//664 4234//4234
f 4236//4236 4238//4238 664//664
f 4238//4238 4239//4239 664//664
f 664//664 4239//4239 4234//4234
f 4239//4239 4240//4240 4234//4234
f 4234//4234 4240//4240 4233//4233
f 4199//4199 4213//4213 691//691
f 4213//4213 4212//4212 691//691
f 4212//4212 4211//4211 691//691
f 691//691 4211//4211 755//755
f 689//689 4217//4217 691//691
f 4217//4217 4200//4200 691//691
f 691//691 4200//4200 4199//4199
f 689//689 688//688 4217//4217
f 688//688 667//667 4217//4217
f 4217//4217 667//667 4225//4225
f 667//667 669//669 4225//4225
f 4225//4225 669//669 671//671
f 671//671 673//673 4225//4225
f 673//673 675//675 4225//4225
f 4225//4225 675//675 677//677
f 677//677 679//679 4225//4225
f 679//679 681//681 4225//4225
f 4225//4225 681//681 4234//4234
f 681//681 683//683 4234//4234
f 4234//4234 683//683 684//684
f 4108//4108 4110//4110 4241//4241
f 4242//4242 4236//4236 657//657
f 4236//4236 4237//4237 657//657
f 657//657 4237//4237 658//658
f 4214//4214 4233//4233 4242//4242
f 4233//4233 4240//4240 4242//4242
f 4240//4240 4239//4239 4242//4242
f 4239//4239 4238//4238 4242//4242
f 4242//4242 4238//4238 4236//4236
f 4214//4214 4242//4242 4243//4243
f 4242//4242 4244//4244 4243//4243
f 4243//4243 4244//4244 4245//4245
f 4246//4246 4094//4094 4093//4093
f 4245//4245 4244//4244 4247//4247
f 4244//4244 4246//4246 4247//4247
f 4247//4247 4246//4246 4241//4241
f 4246//4246 4093//4093 4241//4241
f 4241//4241 4093//4093 4108//4108
f 758//758 4107//4107 756//756
f 4107//4107 4106//4106 756//756
f 657//657 660//660 4242//4242
f 660//660 662//662 4242//4242
f 4242//4242 662//662 4244//4244
f 662//662 756//756 4244//4244
f 4244//4244 756//756 4246//4246
f 756//756 4106//4106 4246//4246
f 4246//4246 4106//4106 4094//4094
f 4248//4248 4249//4249 4250//4250
f 4251//4251 4252//4252 4253//4253
f 4252//4252 4254//4254 4253//4253
f 4251//4251 4255//4255 4252//4252
f 4255//4255 4256//4256 4252//4252
f 4252//4252 4256//4256 4257//4257
f 4257//4257 4258//4258 4252//4252
f 4258//4258 4259//4259 4252//4252
f 4252//4252 4259//4259 4260//4260
f 4261//4261 4262//4262 4263//4263
f 4262//4262 4252//4252 4263//4263
f 4263//4263 4252//4252 4264//4264
f 4252//4252 4260//4260 4264//4264
f 4265//4265 4266//4266 4267//4267
f 4266//4266 4268//4268 4267//4267
f 4269//4269 4270//4270 4271//4271
f 4270//4270 4272//4272 4271//4271
f 4271//4271 4272//4272 4268//4268
f 4272//4272 4273//4273 4268//4268
f 4268//4268 4273//4273 4267//4267
f 4274//4274 4275//4275 4269//4269
f 4275//4275 4276//4276 4269//4269
f 4269//4269 4276//4276 4270//4270
f 4277//4277 4274//4274 4278//4278
f 4274//4274 4269//4269 4278//4278
f 4278//4278 4269//4269 4279//4279
f 4269//4269 4280//4280 4279//4279
f 4277//4277 4278//4278 4281//4281
f 4278//4278 4279//4279 4281//4281
f 4281//4281 4279//4279 4261//4261
f 4279//4279 4280//4280 4261//4261
f 4261//4261 4280//4280 4262//4262
f 4282//4282 4283//4283 4252//4252
f 4283//4283 4284//4284 4252//4252
f 4252//4252 4284//4284 4254//4254
f 4282//4282 4285//4285 4283//4283
f 4285//4285 4286//4286 4283//4283
f 4283//4283 4286//4286 4287//4287
f 4286//4286 4288//4288 4287//4287
f 4287//4287 4288//4288 4250//4250
f 4288//4288 4289//4289 4250//4250
f 4250//4250 4289//4289 4248//4248
f 4289//4289 4290//4290 4248//4248
f 4248//4248 4290//4290 4291//4291
f 4291//4291 3998//3998 4009//4009
f 4291//4291 4009//4009 4248//4248
f 4009//4009 4011//4011 4248//4248
f 4011//4011 3995//3995 4248//4248
f 4248//4248 3995//3995 4249//4249
f 3995//3995 3994//3994 4249//4249
f 3994//3994 3993//3993 4015//4015
f 4019//4019 4254//4254 4284//4284
f 4019//4019 4284//4284 4020//4020
f 4284//4284 4283//4283 4020//4020
f 4020//4020 4283//4283 4022//4022
f 4283//4283 4287//4287 4022//4022
f 4022//4022 4287//4287 4017//4017
f 4287//4287 4250//4250 4017//4017
f 4017//4017 4250//4250 4015//4015
f 4250//4250 4249//4249 4015//4015
f 4015//4015 4249//4249 3994//3994
f 4172//4172 4292//4292 4169//4169
f 4169//4169 4292//4292 4167//4167
f 4293//4293 4216//4216 4215//4215
f 4232//4232 4231//4231 4294//4294
f 4231//4231 4230//4230 4294//4294
f 4294//4294 4230//4230 4295//4295
f 4230//4230 4235//4235 4295//4295
f 4295//4295 4235//4235 4296//4296
f 4235//4235 4216//4216 4296//4296
f 4296//4296 4216//4216 4297//4297
f 4216//4216 4293//4293 4297//4297
f 4297//4297 4293//4293 4298//4298
f 4299//4299 4300//4300 4301//4301
f 4294//4294 4302//4302 4232//4232
f 4302//4302 4303//4303 4232//4232
f 4232//4232 4303//4303 4223//4223
f 4303//4303 4299//4299 4223//4223
f 4223//4223 4299//4299 4224//4224
f 4299//4299 4301//4301 4224//4224
f 4224//4224 4301//4301 4226//4226
f 4301//4301 4304//4304 4226//4226
f 4226//4226 4304//4304 4227//4227
f 4229//4229 4305//4305 4220//4220
f 4305//4305 4306//4306 4220//4220
f 4219//4219 4218//4218 4307//4307
f 4218//4218 4222//4222 4307//4307
f 4307//4307 4222//4222 4306//4306
f 4222//4222 4221//4221 4306//4306
f 4306//4306 4221//4221 4220//4220
f 4172//4172 4308//4308 4292//4292
f 4308//4308 4305//4305 4292//4292
f 4292//4292 4305//4305 4167//4167
f 4305//4305 4229//4229 4167//4167
f 4167//4167 4229//4229 4304//4304
f 4229//4229 4228//4228 4304//4304
f 4304//4304 4228//4228 4227//4227
f 4309//4309 4310//4310 4180//4180
f 4172//4172 4173//4173 4308//4308
f 4173//4173 4175//4175 4308//4308
f 4308//4308 4175//4175 4311//4311
f 4175//4175 4180//4180 4311//4311
f 4311//4311 4180//4180 4312//4312
f 4180//4180 4310//4310 4312//4312
f 4161//4161 4313//4313 4180//4180
f 4313//4313 4314//4314 4180//4180
f 4180//4180 4314//4314 4309//4309
f 4160//4160 4315//4315 4161//4161
f 4315//4315 4316//4316 4161//4161
f 4316//4316 4317//4317 4161//4161
f 4317//4317 4318//4318 4161//4161
f 4161//4161 4318//4318 4313//4313
f 4302//4302 4319//4319 4303//4303
f 4319//4319 4320//4320 4303//4303
f 4303//4303 4320//4320 4299//4299
f 4320//4320 4321//4321 4299//4299
f 4299//4299 4321//4321 4322//4322
f 4322//4322 4323//4323 4299//4299
f 4323//4323 4324//4324 4299//4299
f 4299//4299 4324//4324 4300//4300
f 4315//4315 4185//4185 4316//4316
f 4185//4185 4196//4196 4316//4316
f 4316//4316 4196//4196 4317//4317
f 4196//4196 4197//4197 4317//4317
f 4317//4317 4197//4197 4318//4318
f 4197//4197 4194//4194 4318//4318
f 4318//4318 4194//4194 4313//4313
f 4194//4194 4314//4314 4313//4313
f 4187//4187 4311//4311 4188//4188
f 4311//4311 4312//4312 4188//4188
f 4188//4188 4312//4312 4190//4190
f 4312//4312 4310//4310 4190//4190
f 4190//4190 4310//4310 4191//4191
f 4310//4310 4309//4309 4191//4191
f 4191//4191 4309//4309 4192//4192
f 4309//4309 4314//4314 4192//4192
f 4192//4192 4314//4314 4193//4193
f 4314//4314 4194//4194 4193//4193
f 4311//4311 4187//4187 4204//4204
f 4210//4210 4219//4219 4307//4307
f 4311//4311 4204//4204 4308//4308
f 4204//4204 4206//4206 4308//4308
f 4308//4308 4206//4206 4208//4208
f 4210//4210 4307//4307 4209//4209
f 4307//4307 4306//4306 4209//4209
f 4209//4209 4306//4306 4208//4208
f 4306//4306 4305//4305 4208//4208
f 4208//4208 4305//4305 4308//4308
f 4245//4245 4247//4247 4293//4293
f 4247//4247 4241//4241 4293//4293
f 4293//4293 4241//4241 4298//4298
f 4241//4241 4110//4110 4298//4298
f 4245//4245 4293//4293 4243//4243
f 4293//4293 4215//4215 4243//4243
f 4243//4243 4215//4215 4214//4214
f 4156//4156 720//720 719//719
f 4156//4156 4325//4325 4157//4157
f 4325//4325 4158//4158 4157//4157
f 4151//4151 4149//4149 4326//4326
f 4149//4149 4148//4148 4326//4326
f 4326//4326 4148//4148 4155//4155
f 4162//4162 4327//4327 4328//4328
f 4327//4327 4329//4329 4328//4328
f 4328//4328 4329//4329 4330//4330
f 4329//4329 4326//4326 4330//4330
f 4330//4330 4326//4326 4325//4325
f 4326//4326 4155//4155 4325//4325
f 4325//4325 4155//4155 4158//4158
f 4162//4162 4171//4171 4327//4327
f 4171//4171 4170//4170 4327//4327
f 4327//4327 4170//4170 4168//4168
f 4166//4166 4165//4165 4328//4328
f 4165//4165 4163//4163 4328//4328
f 4328//4328 4163//4163 4162//4162
f 4156//4156 719//719 4325//4325
f 719//719 722//722 4325//4325
f 4325//4325 722//722 4330//4330
f 722//722 724//724 4330//4330
f 4330//4330 724//724 4328//4328
f 724//724 723//723 4328//4328
f 4328//4328 723//723 4166//4166
f 4304//4304 4301//4301 4326//4326
f 4301//4301 4152//4152 4326//4326
f 4326//4326 4152//4152 4151//4151
f 4326//4326 4329//4329 4304//4304
f 4329//4329 4327//4327 4304//4304
f 4304//4304 4327//4327 4167//4167
f 4327//4327 4168//4168 4167//4167
f 4160//4160 4159//4159 4315//4315
f 4159//4159 4185//4185 4315//4315
f 4150//4150 4152//4152 4301//4301
f 4301//4301 4300//4300 4150//4150
f 4300//4300 4324//4324 4150//4150
f 4150//4150 4324//4324 4153//4153
f 4324//4324 4323//4323 4153//4153
f 4153//4153 4323//4323 4147//4147
f 4323//4323 4145//4145 4147//4147
f 4145//4145 4323//4323 4144//4144
f 4323//4323 4322//4322 4144//4144
f 4144//4144 4322//4322 4143//4143
f 4143//4143 4322//4322 4142//4142
f 4322//4322 4321//4321 4142//4142
f 4142//4142 4321//4321 4141//4141
f 4321//4321 4320//4320 4141//4141
f 4320//4320 4125//4125 4141//4141
f 4120//4120 4133//4133 4125//4125
f 4133//4133 4135//4135 4125//4125
f 4125//4125 4135//4135 4141//4141
f 4135//4135 4136//4136 4141//4141
f 4141//4141 4136//4136 4137//4137
f 4302//4302 4114//4114 4115//4115
f 4124//4124 4125//4125 4320//4320
f 4302//4302 4115//4115 4319//4319
f 4115//4115 4121//4121 4319//4319
f 4319//4319 4121//4121 4320//4320
f 4121//4121 4123//4123 4320//4320
f 4320//4320 4123//4123 4124//4124
f 4114//4114 4302//4302 4294//4294
f 4298//4298 4110//4110 4297//4297
f 4110//4110 4109//4109 4297//4297
f 4297//4297 4109//4109 4296//4296
f 4109//4109 4112//4112 4296//4296
f 4296//4296 4112//4112 4295//4295
f 4112//4112 4098//4098 4295//4295
f 4295//4295 4098//4098 4294//4294
f 4098//4098 4100//4100 4294//4294
f 4294//4294 4100//4100 4114//4114
f 4079//4079 4082//4082 4268//4268
f 4082//4082 4081//4081 4268//4268
f 4268//4268 4081//4081 4271//4271
f 4081//4081 4087//4087 4271//4271
f 4271//4271 4087//4087 4269//4269
f 4079//4079 4268//4268 4075//4075
f 4268//4268 4266//4266 4075//4075
f 4075//4075 4266//4266 4076//4076
f 4266//4266 4265//4265 4076//4076
f 4265//4265 4058//4058 4076//4076
f 4057//4057 4069//4069 4058//4058
f 4069//4069 4071//4071 4058//4058
f 4058//4058 4071//4071 4076//4076
f 4071//4071 4072//4072 4076//4076
f 4076//4076 4072//4072 4073//4073
f 4276//4276 4061//4061 4051//4051
f 4276//4276 4051//4051 4270//4270
f 4051//4051 4053//4053 4270//4270
f 4270//4270 4053//4053 4272//4272
f 4058//4058 4265//4265 4054//4054
f 4265//4265 4267//4267 4054//4054
f 4054//4054 4267//4267 4053//4053
f 4267//4267 4273//4273 4053//4053
f 4053//4053 4273//4273 4272//4272
f 4042//4042 4043//4043 4061//4061
f 4263//4263 4030//4030 4261//4261
f 4030//4030 4033//4033 4261//4261
f 4261//4261 4033//4033 4281//4281
f 4033//4033 4039//4039 4281//4281
f 4039//4039 4041//4041 4281//4281
f 4281//4281 4041//4041 4277//4277
f 4041//4041 4042//4042 4277//4277
f 4277//4277 4042//4042 4274//4274
f 4274//4274 4042//4042 4275//4275
f 4042//4042 4061//4061 4275//4275
f 4275//4275 4061//4061 4276//4276
f 4254//4254 4019//4019 4253//4253
f 4019//4019 4024//4024 4253//4253
f 4253//4253 4024//4024 4251//4251
f 4031//4031 4258//4258 4028//4028
f 4258//4258 4257//4257 4028//4028
f 4028//4028 4257//4257 4026//4026
f 4257//4257 4256//4256 4026//4026
f 4026//4026 4256//4256 4024//4024
f 4256//4256 4255//4255 4024//4024
f 4024//4024 4255//4255 4251//4251
f 4263//4263 4264//4264 4030//4030
f 4264//4264 4260//4260 4030//4030
f 4030//4030 4260//4260 4031//4031
f 4260//4260 4259//4259 4031//4031
f 4031//4031 4259//4259 4258//4258
f 3998//3998 4291//4291 4290//4290
f 4285//4285 4282//4282 4331//4331
f 4332//4332 4282//4282 4333//4333
f 4282//4282 4252//4252 4333//4333
f 4334//4334 4331//4331 4335//4335
f 4331//4331 4282//4282 4335//4335
f 4335//4335 4282//4282 4336//4336
f 4282//4282 4332//4332 4336//4336
f 4285//4285 4331//4331 4286//4286
f 4331//4331 4337//4337 4286//4286
f 4286//4286 4337//4337 4288//4288
f 4003//4003 4002//4002 4338//4338
f 4002//4002 4001//4001 4338//4338
f 4338//4338 4001//4001 3999//3999
f 4288//4288 4337//4337 4289//4289
f 4337//4337 4338//4338 4289//4289
f 4289//4289 4338//4338 4290//4290
f 4338//4338 3999//3999 4290//4290
f 4290//4290 3999//3999 3998//3998
f 630//630 3996//3996 612//612
f 3996//3996 3997//3997 612//612
f 612//612 3997//3997 4003//4003
f 4334//4334 4339//4339 4331//4331
f 4339//4339 4340//4340 4331//4331
f 4331//4331 4340//4340 4341//4341
f 4003//4003 4338//4338 612//612
f 4338//4338 4337//4337 612//612
f 612//612 4337//4337 610//610
f 4337//4337 4331//4331 610//610
f 610//610 4331//4331 614//614
f 4331//4331 4341//4341 614//614
f 614//614 4341//4341 615//615
f 4086//4086 4280//4280 4087//4087
f 4280//4280 4269//4269 4087//4087
f 4333//4333 4252//4252 4262//4262
f 4262//4262 4342//4342 4333//4333
f 4342//4342 4343//4343 4333//4333
f 4333//4333 4343//4343 4332//4332
f 4343//4343 4344//4344 4332//4332
f 4332//4332 4344//4344 4336//4336
f 4344//4344 4345//4345 4336//4336
f 4336//4336 4345//4345 4335//4335
f 4345//4345 4346//4346 4335//4335
f 4335//4335 4346//4346 4334//4334
f 4346//4346 4347//4347 4334//4334
f 4334//4334 4347//4347 4339//4339
f 4347//4347 4348//4348 4339//4339
f 4339//4339 4348//4348 4340//4340
f 4348//4348 4349//4349 4340//4340
f 4340//4340 4349//4349 4341//4341
f 608//608 4350//4350 609//609
f 4350//4350 4092//4092 609//609
f 4347//4347 4088//4088 4348//4348
f 4088//4088 4092//4092 4348//4348
f 4348//4348 4092//4092 4349//4349
f 4092//4092 4350//4350 4349//4349
f 4349//4349 4350//4350 4341//4341
f 4350//4350 608//608 4341//4341
f 4341//4341 608//608 615//615
f 4344//4344 4083//4083 4345//4345
f 4083//4083 4091//4091 4345//4345
f 4345//4345 4091//4091 4346//4346
f 4091//4091 4090//4090 4346//4346
f 4346//4346 4090//4090 4347//4347
f 4090//4090 4089//4089 4347//4347
f 4347//4347 4089//4089 4088//4088
f 4262//4262 4280//4280 4342//4342
f 4280//4280 4086//4086 4342//4342
f 4342//4342 4086//4086 4343//4343
f 4086//4086 4085//4085 4343//4343
f 4343//4343 4085//4085 4344//4344
f 4085//4085 4084//4084 4344//4344
f 4344//4344 4084//4084 4083//4083
f 535//535 534//534 4351//4351
f 789//789 788//788 4351//4351
f 4352//4352 4353//4353 784//784
f 4353//4353 785//785 784//784
f 785//785 4353//4353 786//786
f 4353//4353 4354//4354 786//786
f 786//786 4354//4354 787//787
f 778//778 789//789 4355//4355
f 789//789 4351//4351 4355//4355
f 4355//4355 4351//4351 545//545
f 4351//4351 534//534 545//545
f 537//537 535//535 4354//4354
f 535//535 4351//4351 4354//4354
f 4354//4354 4351//4351 787//787
f 4351//4351 788//788 787//787
f 537//537 4354//4354 538//538
f 4354//4354 4353//4353 538//538
f 538//538 4353//4353 539//539
f 539//539 4353//4353 540//540
f 4353//4353 4352//4352 540//540
f 540//540 4352//4352 541//541
f 4356//4356 578//578 4352//4352
f 578//578 542//542 4352//4352
f 4352//4352 542//542 541//541
f 584//584 582//582 4357//4357
f 582//582 580//580 4357//4357
f 4357//4357 580//580 4356//4356
f 580//580 579//579 4356//4356
f 4356//4356 579//579 578//578
f 4358//4358 4359//4359 4360//4360
f 4359//4359 532//532 4360//4360
f 532//532 533//533 4360//4360
f 533//533 586//586 4360//4360
f 4360//4360 586//586 4357//4357
f 586//586 585//585 4357//4357
f 4357//4357 585//585 584//584
f 4352//4352 784//784 783//783
f 4352//4352 783//783 4356//4356
f 783//783 790//790 4356//4356
f 4356//4356 790//790 4357//4357
f 790//790 748//748 4357//4357
f 4357//4357 748//748 4360//4360
f 748//748 747//747 4360//4360
f 4360//4360 747//747 4358//4358
f 4359//4359 4358//4358 4361//4361
f 4362//4362 4363//4363 740//740
f 4363//4363 739//739 740//740
f 739//739 4363//4363 737//737
f 4363//4363 4364//4364 737//737
f 737//737 4364//4364 734//734
f 4364//4364 4361//4361 734//734
f 734//734 4361//4361 745//745
f 745//745 4361//4361 746//746
f 4361//4361 4358//4358 746//746
f 746//746 4358//4358 747//747
f 532//532 4359//4359 529//529
f 4359//4359 4361//4361 529//529
f 529//529 4361//4361 530//530
f 4361//4361 4364//4364 530//530
f 530//530 4364//4364 531//531
f 531//531 4364//4364 520//520
f 4364//4364 4363//4363 520//520
f 520//520 4363//4363 522//522
f 522//522 4363//4363 523//523
f 4363//4363 4362//4362 523//523
f 523//523 4362//4362 524//524
f 525//525 524//524 4362//4362
f 525//525 4362//4362 527//527
f 4365//4365 4366//4366 4367//4367
f 4366//4366 511//511 4367//4367
f 511//511 515//515 4367//4367
f 515//515 514//514 4367//4367
f 4367//4367 514//514 4368//4368
f 514//514 518//518 4368//4368
f 4368//4368 518//518 517//517
f 528//528 527//527 4369//4369
f 527//527 4362//4362 4369//4369
f 4369//4369 4362//4362 730//730
f 4362//4362 740//740 730//730
f 517//517 528//528 4368//4368
f 528//528 4369//4369 4368//4368
f 4368//4368 4369//4369 717//717
f 4369//4369 730//730 717//717
f 717//717 603//603 4368//4368
f 603//603 712//712 4368//4368
f 4368//4368 712//712 4367//4367
f 712//712 794//794 4367//4367
f 4367//4367 794//794 4365//4365
f 4366//4366 4365//4365 4370//4370
f 799//799 798//798 4371//4371
f 798//798 797//797 4371//4371
f 4371//4371 797//797 4372//4372
f 4373//4373 4370//4370 792//792
f 4370//4370 793//793 792//792
f 793//793 4370//4370 795//795
f 4370//4370 4365//4365 795//795
f 795//795 4365//4365 794//794
f 511//511 4366//4366 512//512
f 4366//4366 4370//4370 512//512
f 512//512 4370//4370 513//513
f 4370//4370 4373//4373 513//513
f 509//509 507//507 4373//4373
f 507//507 506//506 4373//4373
f 4373//4373 506//506 513//513
f 792//792 799//799 4373//4373
f 799//799 4371//4371 4373//4373
f 4373//4373 4371//4371 509//509
f 4371//4371 4372//4372 509//509
f 509//509 4372//4372 510//510
f 510//510 4372//4372 503//503
f 4372//4372 4374//4374 503//503
f 501//501 599//599 4375//4375
f 599//599 600//600 4375//4375
f 4375//4375 600//600 4374//4374
f 600//600 505//505 4374//4374
f 4374//4374 505//505 503//503
f 498//498 499//499 4376//4376
f 499//499 4377//4377 4376//4376
f 4376//4376 4377//4377 4378//4378
f 4377//4377 767//767 4378//4378
f 802//802 801//801 4377//4377
f 801//801 800//800 4377//4377
f 4377//4377 800//800 767//767
f 499//499 501//501 4377//4377
f 501//501 4375//4375 4377//4377
f 4377//4377 4375//4375 802//802
f 4375//4375 4374//4374 802//802
f 802//802 4374//4374 796//796
f 4374//4374 4372//4372 796//796
f 796//796 4372//4372 797//797
f 768//768 4379//4379 4380//4380
f 496//496 4381//4381 491//491
f 4381//4381 4382//4382 491//491
f 491//491 4382//4382 492//492
f 4382//4382 494//494 492//492
f 494//494 4382//4382 495//495
f 4382//4382 4380//4380 495//495
f 495//495 4380//4380 488//488
f 4380//4380 4379//4379 488//488
f 488//488 4379//4379 489//489
f 766//766 765//765 4381//4381
f 765//765 764//764 4381//4381
f 4381//4381 764//764 4382//4382
f 764//764 762//762 4382//4382
f 4382//4382 762//762 4380//4380
f 762//762 761//761 4380//4380
f 4380//4380 761//761 768//768
f 767//767 766//766 4378//4378
f 766//766 4381//4381 4378//4378
f 4378//4378 4381//4381 4376//4376
f 4381//4381 496//496 4376//4376
f 4376//4376 496//496 498//498
f 490//490 489//489 4379//4379
f 490//490 4379//4379 486//486
f 4379//4379 4383//4383 486//486
f 486//486 4383//4383 484//484
f 4383//4383 4384//4384 484//484
f 484//484 4384//4384 452//452
f 4385//4385 4386//4386 4387//4387
f 4386//4386 483//483 4387//4387
f 483//483 482//482 4387//4387
f 482//482 481//481 4387//4387
f 4387//4387 481//481 4384//4384
f 481//481 453//453 4384//4384
f 4384//4384 453//453 452//452
f 4379//4379 768//768 770//770
f 4379//4379 770//770 4383//4383
f 770//770 772//772 4383//4383
f 4383//4383 772//772 4384//4384
f 772//772 651//651 4384//4384
f 4384//4384 651//651 4387//4387
f 651//651 653//653 4387//4387
f 4387//4387 653//653 4385//4385
f 641//641 4388//4388 4389//4389
f 477//477 4390//4390 475//475
f 4390//4390 4391//4391 475//475
f 475//475 4391//4391 476//476
f 476//476 4391//4391 479//479
f 4391//4391 4389//4389 479//479
f 479//479 4389//4389 480//480
f 4389//4389 4388//4388 480//480
f 480//480 4388//4388 474//474
f 655//655 656//656 4390//4390
f 656//656 646//646 4390//4390
f 4390//4390 646//646 4391//4391
f 646//646 645//645 4391//4391
f 4391//4391 645//645 4389//4389
f 645//645 644//644 4389//4389
f 4389//4389 644//644 641//641
f 653//653 655//655 4385//4385
f 655//655 4390//4390 4385//4385
f 4385//4385 4390//4390 4386//4386
f 4390//4390 477//477 4386//4386
f 4386//4386 477//477 483//483
f 4392//4392 4393//4393 4394//4394
f 4388//4388 4395//4395 474//474
f 4395//4395 472//472 474//474
f 466//466 468//468 4396//4396
f 468//468 469//469 4396//4396
f 4396//4396 469//469 4395//4395
f 469//469 471//471 4395//4395
f 4395//4395 471//471 472//472
f 466//466 4396//4396 465//465
f 4396//4396 4394//4394 465//465
f 465//465 4394//4394 463//463
f 463//463 4394//4394 458//458
f 4394//4394 4393//4393 458//458
f 458//458 4393//4393 457//457
f 634//634 628//628 4392//4392
f 634//634 4392//4392 635//635
f 4392//4392 4394//4394 635//635
f 4394//4394 4396//4396 635//635
f 635//635 4396//4396 637//637
f 4396//4396 4395//4395 637//637
f 637//637 4395//4395 639//639
f 4395//4395 4388//4388 639//639
f 639//639 4388//4388 641//641
f 621//621 4397//4397 4398//4398
f 455//455 4399//4399 459//459
f 4399//4399 4400//4400 459//459
f 459//459 4400//4400 460//460
f 460//460 4400//4400 461//461
f 4400//4400 4398//4398 461//461
f 461//461 4398//4398 462//462
f 4398//4398 4397//4397 462//462
f 462//462 4397//4397 551//551
f 627//627 626//626 4399//4399
f 626//626 625//625 4399//4399
f 4399//4399 625//625 4400//4400
f 625//625 624//624 4400//4400
f 4400//4400 624//624 4398//4398
f 624//624 623//623 4398//4398
f 4398//4398 623//623 621//621
f 628//628 627//627 4392//4392
f 627//627 4399//4399 4392//4392
f 4392//4392 4399//4399 4393//4393
f 4399//4399 455//455 4393//4393
f 4393//4393 455//455 457//457
f 553//553 552//552 4401//4401
f 778//778 4355//4355 779//779
f 4355//4355 4402//4402 779//779
f 780//780 779//779 781//781
f 779//779 4402//4402 781//781
f 781//781 4402//4402 782//782
f 4402//4402 4403//4403 782//782
f 620//620 777//777 4401//4401
f 777//777 776//776 4401//4401
f 4401//4401 776//776 4403//4403
f 776//776 775//775 4403//4403
f 4403//4403 775//775 782//782
f 621//621 620//620 4397//4397
f 620//620 4401//4401 4397//4397
f 4397//4397 4401//4401 551//551
f 4401//4401 552//552 551//551
f 553//553 4401//4401 547//547
f 4401//4401 4403//4403 547//547
f 547//547 4403//4403 549//549
f 549//549 4403//4403 550//550
f 4403//4403 4402//4402 550//550
f 550//550 4402//4402 544//544
f 4402//4402 4355//4355 544//544
f 544//544 4355//4355 545//545
f 575//575 4404//4404 576//576
f 4404//4404 4405//4405 576//576
f 576//576 4405//4405 577//577
f 4405//4405 574//574 577//577
f 4406//4406 4404//4404 575//575
f 4406//4406 575//575 4407//4407
f 575//575 446//446 4407//4407
f 4407//4407 446//446 4408//4408
f 446//446 448//448 4408//4408
f 4408//4408 448//448 4409//4409
f 4410//4410 445//445 4411//4411
f 445//445 587//587 4411//4411
f 4411//4411 587//587 4412//4412
f 4410//4410 4413//4413 445//445
f 4413//4413 4414//4414 445//445
f 445//445 4414//4414 443//443
f 4414//4414 4415//4415 443//443
f 4409//4409 448//448 4416//4416
f 448//448 581//581 4416//4416
f 4416//4416 581//581 4415//4415
f 581//581 583//583 4415//4415
f 4415//4415 583//583 443//443
f 590//590 4417//4417 591//591
f 4417//4417 4412//4412 591//591
f 591//591 4412//4412 588//588
f 4412//4412 587//587 588//588
f 592//592 4418//4418 4419//4419
f 4420//4420 440//440 442//442
f 592//592 4419//4419 442//442
f 4419//4419 4421//4421 442//442
f 442//442 4421//4421 4420//4420
f 4422//4422 4423//4423 589//589
f 4423//4423 4424//4424 589//589
f 4424//4424 4425//4425 589//589
f 589//589 4425//4425 590//590
f 4425//4425 4417//4417 590//590
f 589//589 526//526 4422//4422
f 526//526 516//516 4422//4422
f 4422//4422 516//516 4426//4426
f 516//516 440//440 4426//4426
f 4426//4426 440//440 4427//4427
f 440//440 4420//4420 4427//4427
f 595//595 4428//4428 596//596
f 4428//4428 4418//4418 596//596
f 596//596 4418//4418 593//593
f 4418//4418 592//592 593//593
f 557//557 4429//4429 4430//4430
f 4428//4428 595//595 4431//4431
f 595//595 594//594 4431//4431
f 557//557 4430//4430 558//558
f 4430//4430 4432//4432 558//558
f 558//558 4432//4432 500//500
f 4432//4432 4433//4433 500//500
f 500//500 4433//4433 597//597
f 597//597 4433//4433 598//598
f 4433//4433 4434//4434 598//598
f 598//598 4434//4434 504//504
f 4434//4434 4435//4435 504//504
f 504//504 4435//4435 594//594
f 4435//4435 4436//4436 594//594
f 594//594 4436//4436 4431//4431
f 554//554 4437//4437 555//555
f 4437//4437 4429//4429 555//555
f 555//555 4429//4429 556//556
f 4429//4429 557//557 556//556
f 562//562 4438//4438 4439//4439
f 4437//4437 554//554 4440//4440
f 554//554 559//559 4440//4440
f 562//562 4439//4439 561//561
f 560//560 4441//4441 559//559
f 4441//4441 4442//4442 559//559
f 559//559 4442//4442 4440//4440
f 4439//4439 4443//4443 561//561
f 4443//4443 4444//4444 561//561
f 561//561 4444//4444 560//560
f 4444//4444 4445//4445 560//560
f 560//560 4445//4445 4441//4441
f 567//567 4446//4446 568//568
f 4446//4446 4438//4438 568//568
f 568//568 4438//4438 563//563
f 4438//4438 562//562 563//563
f 571//571 4447//4447 4448//4448
f 4446//4446 567//567 4449//4449
f 567//567 566//566 4449//4449
f 4450//4450 565//565 564//564
f 571//571 4448//4448 564//564
f 4448//4448 4451//4451 564//564
f 564//564 4451//4451 4450//4450
f 4450//4450 4452//4452 565//565
f 4452//4452 4453//4453 565//565
f 565//565 4453//4453 566//566
f 4453//4453 4454//4454 566//566
f 566//566 4454//4454 4449//4449
f 450//450 4455//4455 569//569
f 4455//4455 4447//4447 569//569
f 569//569 4447//4447 570//570
f 4447//4447 571//571 570//570
f 4455//4455 450//450 4456//4456
f 450//450 449//449 4456//4456
f 574//574 4405//4405 4457//4457
f 4458//4458 572//572 573//573
f 574//574 4457//4457 573//573
f 4457//4457 4459//4459 573//573
f 573//573 4459//4459 4458//4458
f 4458//4458 4460//4460 572//572
f 4460//4460 4461//4461 572//572
f 572//572 4461//4461 449//449
f 4461//4461 4462//4462 449//449
f 449//449 4462//4462 4456//4456
f 4405//4405 4404//4404 413//413
f 4404//4404 416//416 413//413
f 410//410 4411//4411 406//406
f 4411//4411 4412//4412 406//406
f 406//406 4412//4412 401//401
f 4414//4414 4413//4413 410//410
f 4413//4413 4410//4410 410//410
f 410//410 4410//4410 4411//4411
f 410//410 409//409 4414//4414
f 409//409 422//422 4414//4414
f 4414//4414 422//422 4415//4415
f 4415//4415 422//422 4416//4416
f 422//422 421//421 4416//4416
f 4416//4416 421//421 4409//4409
f 421//421 420//420 4409//4409
f 4409//4409 420//420 4408//4408
f 420//420 419//419 4408//4408
f 4408//4408 419//419 4407//4407
f 416//416 4404//4404 419//419
f 4404//4404 4406//4406 419//419
f 419//419 4406//4406 4407//4407
f 4412//4412 4417//4417 401//401
f 4417//4417 396//396 401//401
f 393//393 4421//4421 394//394
f 4421//4421 4419//4419 394//394
f 394//394 4419//4419 390//390
f 4419//4419 4418//4418 390//390
f 390//390 4418//4418 387//387
f 399//399 4422//4422 306//306
f 4422//4422 4426//4426 306//306
f 306//306 4426//4426 392//392
f 4426//4426 4427//4427 392//392
f 392//392 4427//4427 393//393
f 4427//4427 4420//4420 393//393
f 393//393 4420//4420 4421//4421
f 4425//4425 4424//4424 399//399
f 4424//4424 4423//4423 399//399
f 399//399 4423//4423 4422//4422
f 399//399 398//398 4425//4425
f 398//398 396//396 4425//4425
f 4425//4425 396//396 4417//4417
f 387//387 4418//4418 382//382
f 4418//4418 4428//4428 382//382
f 382//382 4428//4428 378//378
f 4436//4436 379//379 4431//4431
f 379//379 378//378 4431//4431
f 4431//4431 378//378 4428//4428
f 375//375 377//377 4436//4436
f 377//377 380//380 4436//4436
f 4436//4436 380//380 379//379
f 372//372 374//374 4434//4434
f 374//374 375//375 4434//4434
f 4434//4434 375//375 4435//4435
f 375//375 4436//4436 4435//4435
f 372//372 4434//4434 370//370
f 4434//4434 4433//4433 370//370
f 370//370 4433//4433 368//368
f 4433//4433 4432//4432 368//368
f 368//368 4432//4432 366//366
f 366//366 4432//4432 365//365
f 4432//4432 4430//4430 365//365
f 365//365 4430//4430 309//309
f 4429//4429 358//358 4430//4430
f 358//358 310//310 4430//4430
f 4430//4430 310//310 309//309
f 4429//4429 4437//4437 358//358
f 4437//4437 355//355 358//358
f 4438//4438 338//338 4439//4439
f 338//338 312//312 4439//4439
f 312//312 314//314 4439//4439
f 314//314 341//341 4439//4439
f 4439//4439 341//341 4443//4443
f 341//341 347//347 4443//4443
f 4443//4443 347//347 4444//4444
f 347//347 349//349 4444//4444
f 4444//4444 349//349 4445//4445
f 349//349 350//350 4445//4445
f 4445//4445 350//350 4441//4441
f 350//350 352//352 4441//4441
f 4441//4441 352//352 4442//4442
f 352//352 353//353 4442//4442
f 4442//4442 353//353 4440//4440
f 353//353 355//355 4440//4440
f 4440//4440 355//355 4437//4437
f 4438//4438 4446//4446 338//338
f 4446//4446 335//335 338//338
f 4447//4447 317//317 319//319
f 4447//4447 319//319 4448//4448
f 319//319 325//325 4448//4448
f 4448//4448 325//325 4451//4451
f 325//325 326//326 4451//4451
f 4451//4451 326//326 4450//4450
f 326//326 328//328 4450//4450
f 4450//4450 328//328 4452//4452
f 328//328 329//329 4452//4452
f 4452//4452 329//329 4453//4453
f 329//329 331//331 4453//4453
f 4453//4453 331//331 4454//4454
f 331//331 333//333 4454//4454
f 4454//4454 333//333 4449//4449
f 333//333 335//335 4449//4449
f 4449//4449 335//335 4446//4446
f 4447//4447 4455//4455 317//317
f 4455//4455 305//305 317//317
f 4405//4405 413//413 425//425
f 4405//4405 425//425 4457//4457
f 425//425 426//426 4457//4457
f 4457//4457 426//426 4459//4459
f 426//426 428//428 4459//4459
f 4459//4459 428//428 4458//4458
f 428//428 430//430 4458//4458
f 430//430 432//432 4458//4458
f 4458//4458 432//432 4460//4460
f 432//432 434//434 4460//4460
f 4460//4460 434//434 4461//4461
f 434//434 435//435 4461//4461
f 4461//4461 435//435 4462//4462
f 435//435 303//303 4462//4462
f 4462//4462 303//303 4456//4456
f 303//303 305//305 4456//4456
f 4456//4456 305//305 4455//4455
f 3898//3898 3897//3897 4463//4463
f 3894//3894 3927//3927 3895//3895
f 3927//3927 3896//3896 3895//3895
f 3898//3898 4463//4463 3852//3852
f 4464//4464 3854//3854 4463//4463
f 3854//3854 3853//3853 4463//4463
f 4463//4463 3853//3853 3852//3852
f 3848//3848 3847//3847 4465//4465
f 3847//3847 3841//3841 4465//4465
f 4465//4465 3841//3841 4464//4464
f 3841//3841 3840//3840 4464//4464
f 4464//4464 3840//3840 3854//3854
f 3931//3931 3932//3932 3950//3950
f 3849//3849 3848//3848 3950//3950
f 3848//3848 4465//4465 3950//3950
f 3950//3950 4465//4465 3931//3931
f 4465//4465 4464//4464 3931//3931
f 3931//3931 4464//4464 3929//3929
f 4464//4464 4463//4463 3929//3929
f 3929//3929 4463//4463 3927//3927
f 4463//4463 3897//3897 3927//3927
f 3927//3927 3897//3897 3896//3896
f 146//146 145//145 3957//3957
f 4466//4466 46//46 4467//4467
f 46//46 44//44 4467//4467
f 4467//4467 44//44 43//43
f 4468//4468 4469//4469 4470//4470
f 4469//4469 134//134 4470//4470
f 134//134 133//133 4470//4470
f 133//133 132//132 4470//4470
f 4470//4470 132//132 4466//4466
f 132//132 47//47 4466//4466
f 4466//4466 47//47 46//46
f 414//414 300//300 3956//3956
f 300//300 4467//4467 3956//3956
f 3956//3956 4467//4467 3957//3957
f 4467//4467 43//43 3957//3957
f 3957//3957 43//43 146//146
f 300//300 302//302 4467//4467
f 302//302 408//408 4467//4467
f 4467//4467 408//408 4466//4466
f 408//408 407//407 4466//4466
f 4466//4466 407//407 4470//4470
f 407//407 405//405 4470//4470
f 4470//4470 405//405 4468//4468
f 4469//4469 4468//4468 4471//4471
f 397//397 4472//4472 4473//4473
f 402//402 403//403 4473//4473
f 403//403 395//395 4473//4473
f 4473//4473 395//395 397//397
f 4473//4473 4474//4474 402//402
f 4474//4474 4471//4471 402//402
f 402//402 4471//4471 400//400
f 400//400 4471//4471 404//404
f 4471//4471 4468//4468 404//404
f 404//404 4468//4468 405//405
f 134//134 4469//4469 135//135
f 4469//4469 4471//4471 135//135
f 135//135 4471//4471 129//129
f 4471//4471 4474//4474 129//129
f 129//129 4474//4474 128//128
f 128//128 4474//4474 125//125
f 4474//4474 4473//4473 125//125
f 125//125 4473//4473 126//126
f 4473//4473 4472//4472 126//126
f 126//126 4472//4472 130//130
f 124//124 123//123 4475//4475
f 4475//4475 123//123 4476//4476
f 123//123 121//121 4476//4476
f 121//121 120//120 4476//4476
f 4476//4476 120//120 4472//4472
f 120//120 131//131 4472//4472
f 4472//4472 131//131 130//130
f 4477//4477 119//119 4475//4475
f 119//119 118//118 4475//4475
f 4475//4475 118//118 124//124
f 105//105 114//114 4477//4477
f 114//114 116//116 4477//4477
f 4477//4477 116//116 119//119
f 389//389 3991//3991 4477//4477
f 3991//3991 3992//3992 4477//4477
f 4477//4477 3992//3992 105//105
f 389//389 4477//4477 391//391
f 4477//4477 4475//4475 391//391
f 391//391 4475//4475 307//307
f 4475//4475 4476//4476 307//307
f 307//307 4476//4476 308//308
f 4476//4476 4472//4472 308//308
f 308//308 4472//4472 397//397

