# https://github.com/mikedh/trimesh

o link4.stl
v 0.06019076 0.15434501 -0.10589070
v 0.06053600 0.15471368 -0.10604627
v 0.06053600 0.12792070 -0.10604627
v 0.06083653 0.15552071 -0.10617868
v 0.06082501 0.15567949 -0.10617365
v 0.06892642 0.16912070 -0.10877248
v 0.06083653 0.15552071 -0.10617868
v 0.06892642 0.16912070 -0.10877248
v 0.06082502 0.15536202 -0.10617366
v 0.06053600 0.12792070 -0.10604627
v 0.06053600 0.15471368 -0.10604627
v 0.06465977 0.12792070 -0.10762924
v 0.06053600 0.15471368 -0.10604627
v 0.06067009 0.15491879 -0.10610569
v 0.06465977 0.12792070 -0.10762924
v 0.06465977 0.12792070 -0.10762924
v 0.06067009 0.15491879 -0.10610569
v 0.06892642 0.12792070 -0.10877248
v 0.06067009 0.15491879 -0.10610569
v 0.06073875 0.15505883 -0.10613590
v 0.06892642 0.12792070 -0.10877248
v 0.06892642 0.12792070 -0.10877248
v 0.06073875 0.15505883 -0.10613590
v 0.06079174 0.15520784 -0.10615912
v 0.06053600 0.15632774 -0.10604627
v 0.06053600 0.16912070 -0.10604627
v 0.06067009 0.15612262 -0.10610569
v 0.06053600 0.16912070 -0.10604627
v 0.06892642 0.16912070 -0.10877248
v 0.06067009 0.15612262 -0.10610569
v 0.06067009 0.15612262 -0.10610569
v 0.06892642 0.16912070 -0.10877248
v 0.06076735 0.15590937 -0.10614844
v 0.06892642 0.16912070 -0.10877248
v 0.06082501 0.15567949 -0.10617365
v 0.06076735 0.15590937 -0.10614844
v 0.05748690 0.15304686 -0.10453866
v 0.05852564 0.15338665 -0.10508684
v 0.06053600 0.12792070 -0.10604627
v 0.05852564 0.15338665 -0.10508684
v 0.05945199 0.15382621 -0.10554514
v 0.06053600 0.12792070 -0.10604627
v 0.06053600 0.12792070 -0.10604627
v 0.05945199 0.15382621 -0.10554514
v 0.06019076 0.15434501 -0.10589070
v 0.05289575 0.12792070 -0.10163517
v 0.05432745 0.15275759 -0.10263082
v 0.05533594 0.15272480 -0.10328119
v 0.05289575 0.12792070 -0.10163517
v 0.05533594 0.15272480 -0.10328119
v 0.06053600 0.12792070 -0.10604627
v 0.05533594 0.15272480 -0.10328119
v 0.05640910 0.15282346 -0.10392987
v 0.06053600 0.12792070 -0.10604627
v 0.06053600 0.12792070 -0.10604627
v 0.05640910 0.15282346 -0.10392987
v 0.05748690 0.15304686 -0.10453866
v 0.05096753 0.15582344 -0.10014737
v 0.05094631 0.15551932 -0.10012998
v 0.04633958 0.16912070 -0.09573197
v 0.05128891 0.15670387 -0.10040785
v 0.05113682 0.15641475 -0.10028523
v 0.04633958 0.16912070 -0.09573197
v 0.05113682 0.15641475 -0.10028523
v 0.05103246 0.15612735 -0.10020041
v 0.04633958 0.16912070 -0.09573197
v 0.04633958 0.16912070 -0.09573197
v 0.05103246 0.15612735 -0.10020041
v 0.05096753 0.15582344 -0.10014737
v 0.05197113 0.15744627 -0.10094388
v 0.05171030 0.15722291 -0.10074161
v 0.04633958 0.16912070 -0.09573197
v 0.05171030 0.15722291 -0.10074161
v 0.05147305 0.15696426 -0.10055478
v 0.04633958 0.16912070 -0.09573197
v 0.04633958 0.16912070 -0.09573197
v 0.05147305 0.15696426 -0.10055478
v 0.05128891 0.15670387 -0.10040785
v 0.05096753 0.15521798 -0.10014737
v 0.05103241 0.15491422 -0.10020038
v 0.04633958 0.12792070 -0.09573197
v 0.05103241 0.15491422 -0.10020038
v 0.05113682 0.15462665 -0.10028523
v 0.04633958 0.12792070 -0.09573197
v 0.05113682 0.15462665 -0.10028523
v 0.05128922 0.15433702 -0.10040811
v 0.04633958 0.12792070 -0.09573197
v 0.05128922 0.15433702 -0.10040811
v 0.05147305 0.15407716 -0.10055478
v 0.04633958 0.12792070 -0.09573197
v 0.04633958 0.12792070 -0.09573197
v 0.05147305 0.15407716 -0.10055478
v 0.05170986 0.15381892 -0.10074127
v 0.05170986 0.15381892 -0.10074127
v 0.05197113 0.15359515 -0.10094388
v 0.04633958 0.12792070 -0.09573197
v 0.05197113 0.15359515 -0.10094388
v 0.05262253 0.15320317 -0.10143498
v 0.04633958 0.12792070 -0.09573197
v 0.04633958 0.12792070 -0.09573197
v 0.05262253 0.15320317 -0.10143498
v 0.04946298 0.12792070 -0.09885537
v 0.05262253 0.15320317 -0.10143498
v 0.05289180 0.15308794 -0.10163230
v 0.04946298 0.12792070 -0.09885537
v 0.04946298 0.12792070 -0.09885537
v 0.05289180 0.15308794 -0.10163230
v 0.05289575 0.12792070 -0.10163517
v 0.05289180 0.15308794 -0.10163230
v 0.05341424 0.15291956 -0.10200593
v 0.05289575 0.12792070 -0.10163517
v 0.05289575 0.12792070 -0.10163517
v 0.05341424 0.15291956 -0.10200593
v 0.05432745 0.15275759 -0.10263082
v 0.06053600 0.15632774 -0.10604627
v 0.06019076 0.15669639 -0.10589070
v 0.06053600 0.16912070 -0.10604627
v 0.06019076 0.15669639 -0.10589070
v 0.05945199 0.15721519 -0.10554514
v 0.06053600 0.16912070 -0.10604627
v 0.06053600 0.16912070 -0.10604627
v 0.05945199 0.15721519 -0.10554514
v 0.05852564 0.15765476 -0.10508684
v 0.05852564 0.15765476 -0.10508684
v 0.05746951 0.15799913 -0.10452917
v 0.06053600 0.16912070 -0.10604627
v 0.05746951 0.15799913 -0.10452917
v 0.05640443 0.15821864 -0.10392714
v 0.06053600 0.16912070 -0.10604627
v 0.06053600 0.16912070 -0.10604627
v 0.05640443 0.15821864 -0.10392714
v 0.05289575 0.16912070 -0.10163517
v 0.05640443 0.15821864 -0.10392714
v 0.05533594 0.15831660 -0.10328119
v 0.05289575 0.16912070 -0.10163517
v 0.05289575 0.16912070 -0.10163517
v 0.05533594 0.15831660 -0.10328119
v 0.05432745 0.15828381 -0.10263082
v 0.05432745 0.15828381 -0.10263082
v 0.05341424 0.15812184 -0.10200593
v 0.05289575 0.16912070 -0.10163517
v 0.05341424 0.15812184 -0.10200593
v 0.05289180 0.15795346 -0.10163230
v 0.05289575 0.16912070 -0.10163517
v 0.05289575 0.16912070 -0.10163517
v 0.05289180 0.15795346 -0.10163230
v 0.04633958 0.16912070 -0.09573197
v 0.05289180 0.15795346 -0.10163230
v 0.05262253 0.15783823 -0.10143498
v 0.04633958 0.16912070 -0.09573197
v 0.04633958 0.16912070 -0.09573197
v 0.05262253 0.15783823 -0.10143498
v 0.05197113 0.15744627 -0.10094388
v 0.05706611 0.15282276 -0.03068337
v 0.05289575 0.12792070 -0.03335414
v 0.05808425 0.15272480 -0.03013089
v 0.05289575 0.12792070 -0.03335414
v 0.06053600 0.12792070 -0.02894304
v 0.05808425 0.15272480 -0.03013089
v 0.05808425 0.15272480 -0.03013089
v 0.06053600 0.12792070 -0.02894304
v 0.05918190 0.15275759 -0.02957488
v 0.06053600 0.12792070 -0.02894304
v 0.06031610 0.15291958 -0.02904169
v 0.05918190 0.15275759 -0.02957488
v 0.05706611 0.15282276 -0.03068337
v 0.05616053 0.15304686 -0.03120583
v 0.05289575 0.12792070 -0.03335414
v 0.05616053 0.15304686 -0.03120583
v 0.05539216 0.15338665 -0.03167304
v 0.05289575 0.12792070 -0.03335414
v 0.05289575 0.12792070 -0.03335414
v 0.05539216 0.15338665 -0.03167304
v 0.05477884 0.15382621 -0.03206236
v 0.05477884 0.15382621 -0.03206236
v 0.05454238 0.15406786 -0.03221646
v 0.05289575 0.12792070 -0.03335414
v 0.05454238 0.15406786 -0.03221646
v 0.05433291 0.15434501 -0.03235485
v 0.05289575 0.12792070 -0.03335414
v 0.05289575 0.12792070 -0.03335414
v 0.05433291 0.15434501 -0.03235485
v 0.05417938 0.15461820 -0.03245743
v 0.05417938 0.15461820 -0.03245743
v 0.05406239 0.15491879 -0.03253625
v 0.05289575 0.12792070 -0.03335414
v 0.05406239 0.15491879 -0.03253625
v 0.05399512 0.15521342 -0.03258184
v 0.05289575 0.12792070 -0.03335414
v 0.05289575 0.12792070 -0.03335414
v 0.05399512 0.15521342 -0.03258184
v 0.05397174 0.15552071 -0.03259772
v 0.05289575 0.16912070 -0.03335414
v 0.05397174 0.15552071 -0.03259772
v 0.05399496 0.15582700 -0.03258194
v 0.05399496 0.15582700 -0.03258194
v 0.05406239 0.15612262 -0.03253625
v 0.05289575 0.16912070 -0.03335414
v 0.05406239 0.15612262 -0.03253625
v 0.05417916 0.15642275 -0.03245758
v 0.05289575 0.16912070 -0.03335414
v 0.05289575 0.16912070 -0.03335414
v 0.05417916 0.15642275 -0.03245758
v 0.05433291 0.15669639 -0.03235485
v 0.05433291 0.15669639 -0.03235485
v 0.05454248 0.15697366 -0.03221639
v 0.05289575 0.16912070 -0.03335414
v 0.05454248 0.15697366 -0.03221639
v 0.05477884 0.15721519 -0.03206236
v 0.05289575 0.16912070 -0.03335414
v 0.05289575 0.16912070 -0.03335414
v 0.05477884 0.15721519 -0.03206236
v 0.05539216 0.15765476 -0.03167304
v 0.05539216 0.15765476 -0.03167304
v 0.05616053 0.15799454 -0.03120583
v 0.05289575 0.16912070 -0.03335414
v 0.05616053 0.15799454 -0.03120583
v 0.05706611 0.15821864 -0.03068337
v 0.05289575 0.16912070 -0.03335414
v 0.05289575 0.16912070 -0.03335414
v 0.05706611 0.15821864 -0.03068337
v 0.06053600 0.16912070 -0.02894304
v 0.05706611 0.15821864 -0.03068337
v 0.05808425 0.15831660 -0.03013089
v 0.06053600 0.16912070 -0.02894304
v 0.06053600 0.16912070 -0.02894304
v 0.05808425 0.15831660 -0.03013089
v 0.05919661 0.15828252 -0.02956770
v 0.05919661 0.15828252 -0.02956770
v 0.06031607 0.15812184 -0.02904171
v 0.06053600 0.16912070 -0.02894304
v 0.06031607 0.15812184 -0.02904171
v 0.06053809 0.15807551 -0.02894210
v 0.06053600 0.16912070 -0.02894304
v 0.06053600 0.16912070 -0.02894304
v 0.06053809 0.15807551 -0.02894210
v 0.06892642 0.16912070 -0.02621683
v 0.06053809 0.15807551 -0.02894210
v 0.06143250 0.15783823 -0.02855625
v 0.06892642 0.16912070 -0.02621683
v 0.06892642 0.16912070 -0.02621683
v 0.06143250 0.15783823 -0.02855625
v 0.06246550 0.15744627 -0.02814060
v 0.06246550 0.15744627 -0.02814060
v 0.06334036 0.15696426 -0.02781302
v 0.06892642 0.16912070 -0.02621683
v 0.06334036 0.15696426 -0.02781302
v 0.06367688 0.15671119 -0.02769285
v 0.06892642 0.16912070 -0.02621683
v 0.06892642 0.16912070 -0.02621683
v 0.06367688 0.15671119 -0.02769285
v 0.06398039 0.15641475 -0.02758721
v 0.06398039 0.15641475 -0.02758721
v 0.06418121 0.15613925 -0.02751873
v 0.06892642 0.16912070 -0.02621683
v 0.06418121 0.15613925 -0.02751873
v 0.06426020 0.15598665 -0.02749210
v 0.06892642 0.16912070 -0.02621683
v 0.06892642 0.16912070 -0.02621683
v 0.06426020 0.15598665 -0.02749210
v 0.06431981 0.15582344 -0.02747212
v 0.06431981 0.15582344 -0.02747212
v 0.06435207 0.15567417 -0.02746135
v 0.06892642 0.16912070 -0.02621683
v 0.06435207 0.15567417 -0.02746135
v 0.06436251 0.15555950 -0.02745787
v 0.06892642 0.16912070 -0.02621683
v 0.06892642 0.16912070 -0.02621683
v 0.06436251 0.15555950 -0.02745787
v 0.06435467 0.15538619 -0.02746049
v 0.06435467 0.15538619 -0.02746049
v 0.06431981 0.15521798 -0.02747212
v 0.06892642 0.12792070 -0.02621683
v 0.06431981 0.15521798 -0.02747212
v 0.06426019 0.15505473 -0.02749211
v 0.06892642 0.12792070 -0.02621683
v 0.06892642 0.12792070 -0.02621683
v 0.06426019 0.15505473 -0.02749211
v 0.06413599 0.15483008 -0.02753405
v 0.06413599 0.15483008 -0.02753405
v 0.06398039 0.15462665 -0.02758721
v 0.06892642 0.12792070 -0.02621683
v 0.06398039 0.15462665 -0.02758721
v 0.06367730 0.15433057 -0.02769269
v 0.06892642 0.12792070 -0.02621683
v 0.06892642 0.12792070 -0.02621683
v 0.06367730 0.15433057 -0.02769269
v 0.06334036 0.15407716 -0.02781302
v 0.06334036 0.15407716 -0.02781302
v 0.06246550 0.15359515 -0.02814060
v 0.06892642 0.12792070 -0.02621683
v 0.06246550 0.15359515 -0.02814060
v 0.06140630 0.15319499 -0.02856721
v 0.06892642 0.12792070 -0.02621683
v 0.06892642 0.12792070 -0.02621683
v 0.06140630 0.15319499 -0.02856721
v 0.06053600 0.12792070 -0.02894304
v 0.06140630 0.15319499 -0.02856721
v 0.06053600 0.15296543 -0.02894304
v 0.06053600 0.12792070 -0.02894304
v 0.06053600 0.12792070 -0.02894304
v 0.06053600 0.15296543 -0.02894304
v 0.06031610 0.15291958 -0.02904169
v 0.05397174 0.15552071 -0.03259772
v 0.05289575 0.16912070 -0.03335414
v 0.05289575 0.12792070 -0.03335414
v 0.05289575 0.16912070 -0.03335414
v 0.04633958 0.16912070 -0.03925734
v 0.05289575 0.12792070 -0.03335414
v 0.05289575 0.12792070 -0.03335414
v 0.04633958 0.16912070 -0.03925734
v 0.04633958 0.12792070 -0.03925734
v 0.04633958 0.16912070 -0.03925734
v 0.04115402 0.16912070 -0.04639465
v 0.04633958 0.12792070 -0.03925734
v 0.04633958 0.12792070 -0.03925734
v 0.04115402 0.16912070 -0.04639465
v 0.04115402 0.12792070 -0.04639465
v 0.04115402 0.16912070 -0.04639465
v 0.03756570 0.16912070 -0.05445414
v 0.04115402 0.12792070 -0.04639465
v 0.04115402 0.12792070 -0.04639465
v 0.03756570 0.16912070 -0.05445414
v 0.03756570 0.12792070 -0.05445414
v 0.03756570 0.16912070 -0.05445414
v 0.03573146 0.16912070 -0.06308355
v 0.03756570 0.12792070 -0.05445414
v 0.03756570 0.12792070 -0.05445414
v 0.03573146 0.16912070 -0.06308355
v 0.03573146 0.12792070 -0.06308355
v 0.03573146 0.16912070 -0.06308355
v 0.03573146 0.16912070 -0.07190575
v 0.03573146 0.12792070 -0.06308355
v 0.03573146 0.12792070 -0.06308355
v 0.03573146 0.16912070 -0.07190575
v 0.03573146 0.12792070 -0.07190575
v 0.03573146 0.12792070 -0.07190575
v 0.03573146 0.16912070 -0.07190575
v 0.03642246 0.12792070 -0.07626852
v 0.03573146 0.16912070 -0.07190575
v 0.03756570 0.16912070 -0.08053517
v 0.03642246 0.12792070 -0.07626852
v 0.03642246 0.12792070 -0.07626852
v 0.03756570 0.16912070 -0.08053517
v 0.03756570 0.12792070 -0.08053517
v 0.03756570 0.12792070 -0.08053517
v 0.03756570 0.16912070 -0.08053517
v 0.03914867 0.12792070 -0.08465894
v 0.03756570 0.16912070 -0.08053517
v 0.04115402 0.16912070 -0.08859465
v 0.03914867 0.12792070 -0.08465894
v 0.03914867 0.12792070 -0.08465894
v 0.04115402 0.16912070 -0.08859465
v 0.04115402 0.12792070 -0.08859465
v 0.04115402 0.12792070 -0.08859465
v 0.04115402 0.16912070 -0.08859465
v 0.04355977 0.12792070 -0.09229919
v 0.04115402 0.16912070 -0.08859465
v 0.04633958 0.16912070 -0.09573197
v 0.04355977 0.12792070 -0.09229919
v 0.04355977 0.12792070 -0.09229919
v 0.04633958 0.16912070 -0.09573197
v 0.04633958 0.12792070 -0.09573197
v 0.04633958 0.16912070 -0.09573197
v 0.05094631 0.15551932 -0.10012998
v 0.04633958 0.12792070 -0.09573197
v 0.04633958 0.12792070 -0.09573197
v 0.05094631 0.15551932 -0.10012998
v 0.05096753 0.15521798 -0.10014737
v 0.06079174 0.15520784 -0.10615912
v 0.06082502 0.15536202 -0.10617366
v 0.06892642 0.12792070 -0.10877248
v 0.06082502 0.15536202 -0.10617366
v 0.06892642 0.16912070 -0.10877248
v 0.06892642 0.12792070 -0.10877248
v 0.06892642 0.12792070 -0.10877248
v 0.06892642 0.16912070 -0.10877248
v 0.07109875 0.12792070 -0.10917510
v 0.06892642 0.16912070 -0.10877248
v 0.07770029 0.16912070 -0.10969465
v 0.07109875 0.12792070 -0.10917510
v 0.07109875 0.12792070 -0.10917510
v 0.07770029 0.16912070 -0.10969465
v 0.07328919 0.12792070 -0.10946348
v 0.10250483 0.16912070 -0.10163517
v 0.09486458 0.12792070 -0.10604627
v 0.09486458 0.16912070 -0.10604627
v 0.09486458 0.12792070 -0.10604627
v 0.08647416 0.12792070 -0.10877248
v 0.09486458 0.16912070 -0.10604627
v 0.09486458 0.16912070 -0.10604627
v 0.08647416 0.12792070 -0.10877248
v 0.08647416 0.16912070 -0.10877248
v 0.08647416 0.12792070 -0.10877248
v 0.08211139 0.12792070 -0.10946348
v 0.08647416 0.16912070 -0.10877248
v 0.08647416 0.16912070 -0.10877248
v 0.08211139 0.12792070 -0.10946348
v 0.07770029 0.16912070 -0.10969465
v 0.08211139 0.12792070 -0.10946348
v 0.07770029 0.12792070 -0.10969465
v 0.07770029 0.16912070 -0.10969465
v 0.07770029 0.16912070 -0.10969465
v 0.07770029 0.12792070 -0.10969465
v 0.07328919 0.12792070 -0.10946348
v 0.10906100 0.16912070 -0.09573197
v 0.10593760 0.12792070 -0.09885537
v 0.10250483 0.16912070 -0.10163517
v 0.10593760 0.12792070 -0.09885537
v 0.10250483 0.12792070 -0.10163517
v 0.10250483 0.16912070 -0.10163517
v 0.10250483 0.16912070 -0.10163517
v 0.10250483 0.12792070 -0.10163517
v 0.09486458 0.12792070 -0.10604627
v 0.11424656 0.16912070 -0.08859465
v 0.11184081 0.12792070 -0.09229919
v 0.10906100 0.16912070 -0.09573197
v 0.11184081 0.12792070 -0.09229919
v 0.10906100 0.12792070 -0.09573197
v 0.10906100 0.16912070 -0.09573197
v 0.10906100 0.16912070 -0.09573197
v 0.10906100 0.12792070 -0.09573197
v 0.10593760 0.12792070 -0.09885537
v 0.06435467 0.15538619 -0.02746049
v 0.06892642 0.12792070 -0.02621683
v 0.06892642 0.16912070 -0.02621683
v 0.06892642 0.12792070 -0.02621683
v 0.07770029 0.12792070 -0.02529465
v 0.06892642 0.16912070 -0.02621683
v 0.06892642 0.16912070 -0.02621683
v 0.07770029 0.12792070 -0.02529465
v 0.07770029 0.16912070 -0.02529465
v 0.07770029 0.12792070 -0.02529465
v 0.08647416 0.12792070 -0.02621683
v 0.07770029 0.16912070 -0.02529465
v 0.07770029 0.16912070 -0.02529465
v 0.08647416 0.12792070 -0.02621683
v 0.08647416 0.16912070 -0.02621683
v 0.08647416 0.12792070 -0.02621683
v 0.09486458 0.12792070 -0.02894304
v 0.08647416 0.16912070 -0.02621683
v 0.08647416 0.16912070 -0.02621683
v 0.09486458 0.12792070 -0.02894304
v 0.09486458 0.16912070 -0.02894304
v 0.09486458 0.12792070 -0.02894304
v 0.10250483 0.12792070 -0.03335414
v 0.09486458 0.16912070 -0.02894304
v 0.09486458 0.16912070 -0.02894304
v 0.10250483 0.12792070 -0.03335414
v 0.10250483 0.16912070 -0.03335414
v 0.10250483 0.12792070 -0.03335414
v 0.10906100 0.12792070 -0.03925734
v 0.10250483 0.16912070 -0.03335414
v 0.10250483 0.16912070 -0.03335414
v 0.10906100 0.12792070 -0.03925734
v 0.10906100 0.16912070 -0.03925734
v 0.10906100 0.12792070 -0.03925734
v 0.11424656 0.12792070 -0.04639465
v 0.10906100 0.16912070 -0.03925734
v 0.10906100 0.16912070 -0.03925734
v 0.11424656 0.12792070 -0.04639465
v 0.11424656 0.16912070 -0.04639465
v 0.11424656 0.12792070 -0.04639465
v 0.11783487 0.12792070 -0.05445414
v 0.11424656 0.16912070 -0.04639465
v 0.11424656 0.16912070 -0.04639465
v 0.11783487 0.12792070 -0.05445414
v 0.11783487 0.16912070 -0.05445414
v 0.11783487 0.12792070 -0.05445414
v 0.11966911 0.12792070 -0.06308355
v 0.11783487 0.16912070 -0.05445414
v 0.11783487 0.16912070 -0.05445414
v 0.11966911 0.12792070 -0.06308355
v 0.11966911 0.16912070 -0.06308355
v 0.11966911 0.12792070 -0.06308355
v 0.11966911 0.12792070 -0.07190575
v 0.11966911 0.16912070 -0.06308355
v 0.11966911 0.16912070 -0.06308355
v 0.11966911 0.12792070 -0.07190575
v 0.11966911 0.16912070 -0.07190575
v 0.11966911 0.12792070 -0.07190575
v 0.11783487 0.12792070 -0.08053517
v 0.11966911 0.16912070 -0.07190575
v 0.11966911 0.16912070 -0.07190575
v 0.11783487 0.12792070 -0.08053517
v 0.11783487 0.16912070 -0.08053517
v 0.11783487 0.12792070 -0.08053517
v 0.11625191 0.12792070 -0.08465894
v 0.11783487 0.16912070 -0.08053517
v 0.11783487 0.16912070 -0.08053517
v 0.11625191 0.12792070 -0.08465894
v 0.11424656 0.16912070 -0.08859465
v 0.11625191 0.12792070 -0.08465894
v 0.11424656 0.12792070 -0.08859465
v 0.11424656 0.16912070 -0.08859465
v 0.11424656 0.16912070 -0.08859465
v 0.11424656 0.12792070 -0.08859465
v 0.11184081 0.12792070 -0.09229919
v 0.05746757 0.15320317 -0.10165204
v 0.05262253 0.15320317 -0.10143498
v 0.05197113 0.15359515 -0.10094388
v 0.05541008 0.15582344 -0.10034639
v 0.05103246 0.15612735 -0.10020041
v 0.05549073 0.15613104 -0.10040097
v 0.05103246 0.15612735 -0.10020041
v 0.05113682 0.15641475 -0.10028523
v 0.05549073 0.15613104 -0.10040097
v 0.05549073 0.15613104 -0.10040097
v 0.05113682 0.15641475 -0.10028523
v 0.05561717 0.15641475 -0.10048595
v 0.05113682 0.15641475 -0.10028523
v 0.05128891 0.15670387 -0.10040785
v 0.05561717 0.15641475 -0.10048595
v 0.05561717 0.15641475 -0.10048595
v 0.05128891 0.15670387 -0.10040785
v 0.05580738 0.15670857 -0.10061248
v 0.05128891 0.15670387 -0.10040785
v 0.05147305 0.15696426 -0.10055478
v 0.05580738 0.15670857 -0.10061248
v 0.05580738 0.15670857 -0.10061248
v 0.05147305 0.15696426 -0.10055478
v 0.05603059 0.15696426 -0.10075896
v 0.05147305 0.15696426 -0.10055478
v 0.05171030 0.15722291 -0.10074161
v 0.05603059 0.15696426 -0.10075896
v 0.05603059 0.15696426 -0.10075896
v 0.05171030 0.15722291 -0.10074161
v 0.05632857 0.15722640 -0.10095119
v 0.05171030 0.15722291 -0.10074161
v 0.05197113 0.15744627 -0.10094388
v 0.05632857 0.15722640 -0.10095119
v 0.05632857 0.15722640 -0.10095119
v 0.05197113 0.15744627 -0.10094388
v 0.05664851 0.15744627 -0.10115343
v 0.05197113 0.15744627 -0.10094388
v 0.05262253 0.15783823 -0.10143498
v 0.05664851 0.15744627 -0.10115343
v 0.05664851 0.15744627 -0.10115343
v 0.05262253 0.15783823 -0.10143498
v 0.05746757 0.15783823 -0.10165204
v 0.05262253 0.15783823 -0.10143498
v 0.05289180 0.15795346 -0.10163230
v 0.05746757 0.15783823 -0.10165204
v 0.05746757 0.15783823 -0.10165204
v 0.05289180 0.15795346 -0.10163230
v 0.05848208 0.15812184 -0.10223296
v 0.05640443 0.15821864 -0.10392714
v 0.06105683 0.15831660 -0.10353749
v 0.05533594 0.15831660 -0.10328119
v 0.06105683 0.15831660 -0.10353749
v 0.05975340 0.15828896 -0.10290650
v 0.05533594 0.15831660 -0.10328119
v 0.05533594 0.15831660 -0.10328119
v 0.05975340 0.15828896 -0.10290650
v 0.05432745 0.15828381 -0.10263082
v 0.05975340 0.15828896 -0.10290650
v 0.05848208 0.15812184 -0.10223296
v 0.05432745 0.15828381 -0.10263082
v 0.05432745 0.15828381 -0.10263082
v 0.05848208 0.15812184 -0.10223296
v 0.05341424 0.15812184 -0.10200593
v 0.05848208 0.15812184 -0.10223296
v 0.05289180 0.15795346 -0.10163230
v 0.05341424 0.15812184 -0.10200593
v 0.06067009 0.15612262 -0.10610569
v 0.07057086 0.15612262 -0.10654925
v 0.06053600 0.15632774 -0.10604627
v 0.07057086 0.15612262 -0.10654925
v 0.06931774 0.15669639 -0.10629959
v 0.06053600 0.15632774 -0.10604627
v 0.06053600 0.15632774 -0.10604627
v 0.06931774 0.15669639 -0.10629959
v 0.06019076 0.15669639 -0.10589070
v 0.06931774 0.15669639 -0.10629959
v 0.06770071 0.15721519 -0.10591468
v 0.06019076 0.15669639 -0.10589070
v 0.06019076 0.15669639 -0.10589070
v 0.06770071 0.15721519 -0.10591468
v 0.05945199 0.15721519 -0.10554514
v 0.06770071 0.15721519 -0.10591468
v 0.06596515 0.15765437 -0.10542059
v 0.05945199 0.15721519 -0.10554514
v 0.05945199 0.15721519 -0.10554514
v 0.06596515 0.15765437 -0.10542059
v 0.05852564 0.15765476 -0.10508684
v 0.06596515 0.15765437 -0.10542059
v 0.06423382 0.15799454 -0.10484093
v 0.05852564 0.15765476 -0.10508684
v 0.05852564 0.15765476 -0.10508684
v 0.06423382 0.15799454 -0.10484093
v 0.05746951 0.15799913 -0.10452917
v 0.06423382 0.15799454 -0.10484093
v 0.06289244 0.15818509 -0.10432966
v 0.05746951 0.15799913 -0.10452917
v 0.05746951 0.15799913 -0.10452917
v 0.06289244 0.15818509 -0.10432966
v 0.05640443 0.15821864 -0.10392714
v 0.06289244 0.15818509 -0.10432966
v 0.06263623 0.15821321 -0.10422562
v 0.05640443 0.15821864 -0.10392714
v 0.05640443 0.15821864 -0.10392714
v 0.06263623 0.15821321 -0.10422562
v 0.06105683 0.15831660 -0.10353749
v 0.07107048 0.15552032 -0.10663716
v 0.07106287 0.15559354 -0.10663587
v 0.06083653 0.15552071 -0.10617868
v 0.07106287 0.15559354 -0.10663587
v 0.07098722 0.15576240 -0.10662296
v 0.06083653 0.15552071 -0.10617868
v 0.06067009 0.15612262 -0.10610569
v 0.06076735 0.15590937 -0.10614844
v 0.07057086 0.15612262 -0.10654925
v 0.06076735 0.15590937 -0.10614844
v 0.06082501 0.15567949 -0.10617365
v 0.07057086 0.15612262 -0.10654925
v 0.07057086 0.15612262 -0.10654925
v 0.06082501 0.15567949 -0.10617365
v 0.07073759 0.15600888 -0.10657932
v 0.06082501 0.15567949 -0.10617365
v 0.06083653 0.15552071 -0.10617868
v 0.07073759 0.15600888 -0.10657932
v 0.07073759 0.15600888 -0.10657932
v 0.06083653 0.15552071 -0.10617868
v 0.07085440 0.15591221 -0.10659994
v 0.06083653 0.15552071 -0.10617868
v 0.07098722 0.15576240 -0.10662296
v 0.07085440 0.15591221 -0.10659994
v 0.07105664 0.15542243 -0.10663481
v 0.07107048 0.15552032 -0.10663716
v 0.07098210 0.15527162 -0.10662208
v 0.07107048 0.15552032 -0.10663716
v 0.06083653 0.15552071 -0.10617868
v 0.07098210 0.15527162 -0.10662208
v 0.07098210 0.15527162 -0.10662208
v 0.06083653 0.15552071 -0.10617868
v 0.07089339 0.15516683 -0.10660675
v 0.06083653 0.15552071 -0.10617868
v 0.07073935 0.15503384 -0.10657963
v 0.07089339 0.15516683 -0.10660675
v 0.07073935 0.15503384 -0.10657963
v 0.06083653 0.15552071 -0.10617868
v 0.07057086 0.15491879 -0.10654925
v 0.06083653 0.15552071 -0.10617868
v 0.06082502 0.15536202 -0.10617366
v 0.07057086 0.15491879 -0.10654925
v 0.07057086 0.15491879 -0.10654925
v 0.06082502 0.15536202 -0.10617366
v 0.06079174 0.15520784 -0.10615912
v 0.06079174 0.15520784 -0.10615912
v 0.06073875 0.15505883 -0.10613590
v 0.07057086 0.15491879 -0.10654925
v 0.06073875 0.15505883 -0.10613590
v 0.06067009 0.15491879 -0.10610569
v 0.07057086 0.15491879 -0.10654925
v 0.07057086 0.15491879 -0.10654925
v 0.06067009 0.15491879 -0.10610569
v 0.06931774 0.15434501 -0.10629959
v 0.06067009 0.15491879 -0.10610569
v 0.06053600 0.15471368 -0.10604627
v 0.06931774 0.15434501 -0.10629959
v 0.05748690 0.15304686 -0.10453866
v 0.06596342 0.15338665 -0.10542005
v 0.05852564 0.15338665 -0.10508684
v 0.06596342 0.15338665 -0.10542005
v 0.06764571 0.15381069 -0.10590032
v 0.05852564 0.15338665 -0.10508684
v 0.05852564 0.15338665 -0.10508684
v 0.06764571 0.15381069 -0.10590032
v 0.05945199 0.15382621 -0.10554514
v 0.06764571 0.15381069 -0.10590032
v 0.06931774 0.15434501 -0.10629959
v 0.05945199 0.15382621 -0.10554514
v 0.05945199 0.15382621 -0.10554514
v 0.06931774 0.15434501 -0.10629959
v 0.06019076 0.15434501 -0.10589070
v 0.06931774 0.15434501 -0.10629959
v 0.06053600 0.15471368 -0.10604627
v 0.06019076 0.15434501 -0.10589070
v 0.06258353 0.15282276 -0.10420397
v 0.06289027 0.15285605 -0.10432878
v 0.05748690 0.15304686 -0.10453866
v 0.06289027 0.15285605 -0.10432878
v 0.06426743 0.15305251 -0.10485303
v 0.05748690 0.15304686 -0.10453866
v 0.05748690 0.15304686 -0.10453866
v 0.06426743 0.15305251 -0.10485303
v 0.06596342 0.15338665 -0.10542005
v 0.05748690 0.15304686 -0.10453866
v 0.05640910 0.15282346 -0.10392987
v 0.06258353 0.15282276 -0.10420397
v 0.05640910 0.15282346 -0.10392987
v 0.05533594 0.15272480 -0.10328119
v 0.06258353 0.15282276 -0.10420397
v 0.06258353 0.15282276 -0.10420397
v 0.05533594 0.15272480 -0.10328119
v 0.06112105 0.15272638 -0.10356706
v 0.05533594 0.15272480 -0.10328119
v 0.05432745 0.15275759 -0.10263082
v 0.06112105 0.15272638 -0.10356706
v 0.06112105 0.15272638 -0.10356706
v 0.05432745 0.15275759 -0.10263082
v 0.05968302 0.15275759 -0.10287075
v 0.05432745 0.15275759 -0.10263082
v 0.05341424 0.15291956 -0.10200593
v 0.05968302 0.15275759 -0.10287075
v 0.05968302 0.15275759 -0.10287075
v 0.05341424 0.15291956 -0.10200593
v 0.05848208 0.15291956 -0.10223296
v 0.05848208 0.15291956 -0.10223296
v 0.05341424 0.15291956 -0.10200593
v 0.05746757 0.15320317 -0.10165204
v 0.05341424 0.15291956 -0.10200593
v 0.05289180 0.15308794 -0.10163230
v 0.05746757 0.15320317 -0.10165204
v 0.05746757 0.15320317 -0.10165204
v 0.05289180 0.15308794 -0.10163230
v 0.05262253 0.15320317 -0.10143498
v 0.05603059 0.15407716 -0.10075896
v 0.05632956 0.15381426 -0.10095182
v 0.05197113 0.15359515 -0.10094388
v 0.05632956 0.15381426 -0.10095182
v 0.05664851 0.15359515 -0.10115343
v 0.05197113 0.15359515 -0.10094388
v 0.05197113 0.15359515 -0.10094388
v 0.05664851 0.15359515 -0.10115343
v 0.05746757 0.15320317 -0.10165204
v 0.05197113 0.15359515 -0.10094388
v 0.05170986 0.15381892 -0.10074127
v 0.05603059 0.15407716 -0.10075896
v 0.05170986 0.15381892 -0.10074127
v 0.05147305 0.15407716 -0.10055478
v 0.05603059 0.15407716 -0.10075896
v 0.05603059 0.15407716 -0.10075896
v 0.05147305 0.15407716 -0.10055478
v 0.05580690 0.15433347 -0.10061216
v 0.05147305 0.15407716 -0.10055478
v 0.05128922 0.15433702 -0.10040811
v 0.05580690 0.15433347 -0.10061216
v 0.05580690 0.15433347 -0.10061216
v 0.05128922 0.15433702 -0.10040811
v 0.05561717 0.15462665 -0.10048595
v 0.05128922 0.15433702 -0.10040811
v 0.05113682 0.15462665 -0.10028523
v 0.05561717 0.15462665 -0.10048595
v 0.05561717 0.15462665 -0.10048595
v 0.05113682 0.15462665 -0.10028523
v 0.05549119 0.15490907 -0.10040127
v 0.05113682 0.15462665 -0.10028523
v 0.05103241 0.15491422 -0.10020038
v 0.05549119 0.15490907 -0.10040127
v 0.05549119 0.15490907 -0.10040127
v 0.05103241 0.15491422 -0.10020038
v 0.05541008 0.15521798 -0.10034639
v 0.05103241 0.15491422 -0.10020038
v 0.05096753 0.15521798 -0.10014737
v 0.05541008 0.15521798 -0.10034639
v 0.05541008 0.15521798 -0.10034639
v 0.05096753 0.15521798 -0.10014737
v 0.05538417 0.15552071 -0.10032880
v 0.05096753 0.15521798 -0.10014737
v 0.05094631 0.15551932 -0.10012998
v 0.05538417 0.15552071 -0.10032880
v 0.05538417 0.15552071 -0.10032880
v 0.05094631 0.15551932 -0.10012998
v 0.05541008 0.15582344 -0.10034639
v 0.05094631 0.15551932 -0.10012998
v 0.05096753 0.15582344 -0.10014737
v 0.05541008 0.15582344 -0.10034639
v 0.05541008 0.15582344 -0.10034639
v 0.05096753 0.15582344 -0.10014737
v 0.05103246 0.15612735 -0.10020041
v 0.07459716 0.15552071 -0.02791612
v 0.07459458 0.15547845 -0.02791632
v 0.07451683 0.15528463 -0.02792250
v 0.06436251 0.15555950 -0.02745787
v 0.07446560 0.15582344 -0.02792665
v 0.07455758 0.15568614 -0.02791924
v 0.06426020 0.15598665 -0.02749210
v 0.07352515 0.15641475 -0.02801481
v 0.06431981 0.15582344 -0.02747212
v 0.07352515 0.15641475 -0.02801481
v 0.07402223 0.15616427 -0.02796540
v 0.06431981 0.15582344 -0.02747212
v 0.06436251 0.15555950 -0.02745787
v 0.06435207 0.15567417 -0.02746135
v 0.07446560 0.15582344 -0.02792665
v 0.06435207 0.15567417 -0.02746135
v 0.06431981 0.15582344 -0.02747212
v 0.07446560 0.15582344 -0.02792665
v 0.07446560 0.15582344 -0.02792665
v 0.06431981 0.15582344 -0.02747212
v 0.07436652 0.15592308 -0.02793488
v 0.06431981 0.15582344 -0.02747212
v 0.07402223 0.15616427 -0.02796540
v 0.07436652 0.15592308 -0.02793488
v 0.06426020 0.15598665 -0.02749210
v 0.06418121 0.15613925 -0.02751873
v 0.07352515 0.15641475 -0.02801481
v 0.06418121 0.15613925 -0.02751873
v 0.06398039 0.15641475 -0.02758721
v 0.07352515 0.15641475 -0.02801481
v 0.07352515 0.15641475 -0.02801481
v 0.06398039 0.15641475 -0.02758721
v 0.07192570 0.15699571 -0.02821687
v 0.06398039 0.15641475 -0.02758721
v 0.06367688 0.15671119 -0.02769285
v 0.07192570 0.15699571 -0.02821687
v 0.06367688 0.15671119 -0.02769285
v 0.06334036 0.15696426 -0.02781302
v 0.07192570 0.15699571 -0.02821687
v 0.06334036 0.15696426 -0.02781302
v 0.06246550 0.15744627 -0.02814060
v 0.07192570 0.15699571 -0.02821687
v 0.07192570 0.15699571 -0.02821687
v 0.06246550 0.15744627 -0.02814060
v 0.07029527 0.15744627 -0.02849137
v 0.06246550 0.15744627 -0.02814060
v 0.06143250 0.15783823 -0.02855625
v 0.07029527 0.15744627 -0.02849137
v 0.07029527 0.15744627 -0.02849137
v 0.06143250 0.15783823 -0.02855625
v 0.06853937 0.15783240 -0.02886607
v 0.06143250 0.15783823 -0.02855625
v 0.06678444 0.15811919 -0.02932484
v 0.06853937 0.15783240 -0.02886607
v 0.06143250 0.15783823 -0.02855625
v 0.06053809 0.15807551 -0.02894210
v 0.06678444 0.15811919 -0.02932484
v 0.06053809 0.15807551 -0.02894210
v 0.06031607 0.15812184 -0.02904171
v 0.06678444 0.15811919 -0.02932484
v 0.06678444 0.15811919 -0.02932484
v 0.06031607 0.15812184 -0.02904171
v 0.06624056 0.15818565 -0.02948459
v 0.06031607 0.15812184 -0.02904171
v 0.06516243 0.15828109 -0.02982647
v 0.06624056 0.15818565 -0.02948459
v 0.05477884 0.15721519 -0.03206236
v 0.06014699 0.15765476 -0.03188606
v 0.05539216 0.15765476 -0.03167304
v 0.06014699 0.15765476 -0.03188606
v 0.06110953 0.15799454 -0.03142754
v 0.05539216 0.15765476 -0.03167304
v 0.05539216 0.15765476 -0.03167304
v 0.06110953 0.15799454 -0.03142754
v 0.05616053 0.15799454 -0.03120583
v 0.06110953 0.15799454 -0.03142754
v 0.06226898 0.15821864 -0.03091645
v 0.05616053 0.15799454 -0.03120583
v 0.05616053 0.15799454 -0.03120583
v 0.06226898 0.15821864 -0.03091645
v 0.05706611 0.15821864 -0.03068337
v 0.06226898 0.15821864 -0.03091645
v 0.06361188 0.15831660 -0.03037853
v 0.05706611 0.15821864 -0.03068337
v 0.05706611 0.15821864 -0.03068337
v 0.06361188 0.15831660 -0.03037853
v 0.05808425 0.15831660 -0.03013089
v 0.06361188 0.15831660 -0.03037853
v 0.06516243 0.15828109 -0.02982647
v 0.05808425 0.15831660 -0.03013089
v 0.05808425 0.15831660 -0.03013089
v 0.06516243 0.15828109 -0.02982647
v 0.05919661 0.15828252 -0.02956770
v 0.06516243 0.15828109 -0.02982647
v 0.06031607 0.15812184 -0.02904171
v 0.05919661 0.15828252 -0.02956770
v 0.05884677 0.15669639 -0.03255707
v 0.05910350 0.15697528 -0.03241974
v 0.05477884 0.15721519 -0.03206236
v 0.05910350 0.15697528 -0.03241974
v 0.05939069 0.15721519 -0.03226897
v 0.05477884 0.15721519 -0.03206236
v 0.05477884 0.15721519 -0.03206236
v 0.05939069 0.15721519 -0.03226897
v 0.06014699 0.15765476 -0.03188606
v 0.05477884 0.15721519 -0.03206236
v 0.05454248 0.15697366 -0.03221639
v 0.05884677 0.15669639 -0.03255707
v 0.05454248 0.15697366 -0.03221639
v 0.05433291 0.15669639 -0.03235485
v 0.05884677 0.15669639 -0.03255707
v 0.05884677 0.15669639 -0.03255707
v 0.05433291 0.15669639 -0.03235485
v 0.05866090 0.15642378 -0.03265801
v 0.05433291 0.15669639 -0.03235485
v 0.05417916 0.15642275 -0.03245758
v 0.05866090 0.15642378 -0.03265801
v 0.05866090 0.15642378 -0.03265801
v 0.05417916 0.15642275 -0.03245758
v 0.05851905 0.15612262 -0.03273591
v 0.05417916 0.15642275 -0.03245758
v 0.05406239 0.15612262 -0.03253625
v 0.05851905 0.15612262 -0.03273591
v 0.05851905 0.15612262 -0.03273591
v 0.05406239 0.15612262 -0.03253625
v 0.05843777 0.15582776 -0.03278089
v 0.05406239 0.15612262 -0.03253625
v 0.05399496 0.15582700 -0.03258194
v 0.05843777 0.15582776 -0.03278089
v 0.05843777 0.15582776 -0.03278089
v 0.05399496 0.15582700 -0.03258194
v 0.05840961 0.15552071 -0.03279653
v 0.05399496 0.15582700 -0.03258194
v 0.05397174 0.15552071 -0.03259772
v 0.05840961 0.15552071 -0.03279653
v 0.05397174 0.15552071 -0.03259772
v 0.05399512 0.15521342 -0.03258184
v 0.05840961 0.15552071 -0.03279653
v 0.05840961 0.15552071 -0.03279653
v 0.05399512 0.15521342 -0.03258184
v 0.05843771 0.15521395 -0.03278092
v 0.05399512 0.15521342 -0.03258184
v 0.05406239 0.15491879 -0.03253625
v 0.05843771 0.15521395 -0.03278092
v 0.05843771 0.15521395 -0.03278092
v 0.05406239 0.15491879 -0.03253625
v 0.05851905 0.15491879 -0.03273591
v 0.05406239 0.15491879 -0.03253625
v 0.05417938 0.15461820 -0.03245743
v 0.05851905 0.15491879 -0.03273591
v 0.05851905 0.15491879 -0.03273591
v 0.05417938 0.15461820 -0.03245743
v 0.05866154 0.15461652 -0.03265766
v 0.05417938 0.15461820 -0.03245743
v 0.05433291 0.15434501 -0.03235485
v 0.05866154 0.15461652 -0.03265766
v 0.05866154 0.15461652 -0.03265766
v 0.05433291 0.15434501 -0.03235485
v 0.05884677 0.15434501 -0.03255707
v 0.05433291 0.15434501 -0.03235485
v 0.05454238 0.15406786 -0.03221646
v 0.05884677 0.15434501 -0.03255707
v 0.05884677 0.15434501 -0.03255707
v 0.05454238 0.15406786 -0.03221646
v 0.05910277 0.15406682 -0.03242012
v 0.05454238 0.15406786 -0.03221646
v 0.05477884 0.15382621 -0.03206236
v 0.05910277 0.15406682 -0.03242012
v 0.05910277 0.15406682 -0.03242012
v 0.05477884 0.15382621 -0.03206236
v 0.05939069 0.15382621 -0.03226897
v 0.05477884 0.15382621 -0.03206236
v 0.05539216 0.15338665 -0.03167304
v 0.05939069 0.15382621 -0.03226897
v 0.05939069 0.15382621 -0.03226897
v 0.05539216 0.15338665 -0.03167304
v 0.06014699 0.15338665 -0.03188606
v 0.05539216 0.15338665 -0.03167304
v 0.05616053 0.15304686 -0.03120583
v 0.06014699 0.15338665 -0.03188606
v 0.06014699 0.15338665 -0.03188606
v 0.05616053 0.15304686 -0.03120583
v 0.06110953 0.15304686 -0.03142754
v 0.05616053 0.15304686 -0.03120583
v 0.05706611 0.15282276 -0.03068337
v 0.06110953 0.15304686 -0.03142754
v 0.06110953 0.15304686 -0.03142754
v 0.05706611 0.15282276 -0.03068337
v 0.06226898 0.15282276 -0.03091645
v 0.05706611 0.15282276 -0.03068337
v 0.05808425 0.15272480 -0.03013089
v 0.06226898 0.15282276 -0.03091645
v 0.06226898 0.15282276 -0.03091645
v 0.05808425 0.15272480 -0.03013089
v 0.06368245 0.15272336 -0.03035182
v 0.05808425 0.15272480 -0.03013089
v 0.05918190 0.15275759 -0.02957488
v 0.06368245 0.15272336 -0.03035182
v 0.06368245 0.15272336 -0.03035182
v 0.05918190 0.15275759 -0.02957488
v 0.06511924 0.15275759 -0.02984087
v 0.06511924 0.15275759 -0.02984087
v 0.05918190 0.15275759 -0.02957488
v 0.06624660 0.15285642 -0.02948277
v 0.05918190 0.15275759 -0.02957488
v 0.06031610 0.15291958 -0.02904169
v 0.06624660 0.15285642 -0.02948277
v 0.06624660 0.15285642 -0.02948277
v 0.06031610 0.15291958 -0.02904169
v 0.06681004 0.15292563 -0.02931753
v 0.06031610 0.15291958 -0.02904169
v 0.06053600 0.15296543 -0.02894304
v 0.06681004 0.15292563 -0.02931753
v 0.06681004 0.15292563 -0.02931753
v 0.06053600 0.15296543 -0.02894304
v 0.06850903 0.15320317 -0.02887328
v 0.06398039 0.15462665 -0.02758721
v 0.07352515 0.15462665 -0.02801481
v 0.06367730 0.15433057 -0.02769269
v 0.07352515 0.15462665 -0.02801481
v 0.07202667 0.15407716 -0.02820216
v 0.06367730 0.15433057 -0.02769269
v 0.06367730 0.15433057 -0.02769269
v 0.07202667 0.15407716 -0.02820216
v 0.06334036 0.15407716 -0.02781302
v 0.07202667 0.15407716 -0.02820216
v 0.07027242 0.15358950 -0.02849572
v 0.06334036 0.15407716 -0.02781302
v 0.06334036 0.15407716 -0.02781302
v 0.07027242 0.15358950 -0.02849572
v 0.06246550 0.15359515 -0.02814060
v 0.07027242 0.15358950 -0.02849572
v 0.06850903 0.15320317 -0.02887328
v 0.06246550 0.15359515 -0.02814060
v 0.06246550 0.15359515 -0.02814060
v 0.06850903 0.15320317 -0.02887328
v 0.06140630 0.15319499 -0.02856721
v 0.06850903 0.15320317 -0.02887328
v 0.06053600 0.15296543 -0.02894304
v 0.06140630 0.15319499 -0.02856721
v 0.07455758 0.15568614 -0.02791924
v 0.07459716 0.15552071 -0.02791612
v 0.06436251 0.15555950 -0.02745787
v 0.07459716 0.15552071 -0.02791612
v 0.07451683 0.15528463 -0.02792250
v 0.06436251 0.15555950 -0.02745787
v 0.06436251 0.15555950 -0.02745787
v 0.07451683 0.15528463 -0.02792250
v 0.06435467 0.15538619 -0.02746049
v 0.07451683 0.15528463 -0.02792250
v 0.07446174 0.15521352 -0.02792697
v 0.06435467 0.15538619 -0.02746049
v 0.06435467 0.15538619 -0.02746049
v 0.07446174 0.15521352 -0.02792697
v 0.06431981 0.15521798 -0.02747212
v 0.07446174 0.15521352 -0.02792697
v 0.07436661 0.15511841 -0.02793487
v 0.06431981 0.15521798 -0.02747212
v 0.06398039 0.15462665 -0.02758721
v 0.06413599 0.15483008 -0.02753405
v 0.07352515 0.15462665 -0.02801481
v 0.06413599 0.15483008 -0.02753405
v 0.06426019 0.15505473 -0.02749211
v 0.07352515 0.15462665 -0.02801481
v 0.07352515 0.15462665 -0.02801481
v 0.06426019 0.15505473 -0.02749211
v 0.07402407 0.15487820 -0.02796523
v 0.06426019 0.15505473 -0.02749211
v 0.06431981 0.15521798 -0.02747212
v 0.07402407 0.15487820 -0.02796523
v 0.07402407 0.15487820 -0.02796523
v 0.06431981 0.15521798 -0.02747212
v 0.07425802 0.15503073 -0.02794417
v 0.06431981 0.15521798 -0.02747212
v 0.07436661 0.15511841 -0.02793487
v 0.07425802 0.15503073 -0.02794417
v 0.01168231 -0.01839234 0.03636656
v 0.00521303 -0.01589222 0.03767299
v 0.00065764 -0.02131155 0.03674161
v 0.04033265 -0.01509232 0.02632116
v 0.03887486 -0.01537666 0.02742476
v 0.03532059 -0.01957057 0.02696699
v 0.02684279 -0.00016609 0.03681815
v 0.03255775 -0.00267500 0.03511147
v 0.04321889 0.00965042 0.03484574
v -0.02583803 0.01463619 0.03299766
v -0.02522624 0.01107184 0.03405740
v -0.02037314 0.01518314 0.03511433
v -0.01811584 0.00858967 0.03678756
v -0.01261509 0.01357573 0.03729670
v -0.01514417 0.01980001 0.03568678
v 0.01105574 0.06094379 0.03169218
v 0.01019251 0.06172182 0.03102635
v 0.00067406 0.05129557 0.03107240
v 0.00676532 0.01481782 0.03891481
v 0.00271101 0.01965424 0.03837390
v -0.00934425 0.00772024 0.03839711
v -0.03447189 0.01839204 0.02319678
v -0.03515828 0.01784962 0.02227521
v -0.03601926 0.01400468 0.02356911
v -0.03793475 0.00521835 0.02394126
v -0.03668689 0.00613388 0.02581989
v -0.03652972 0.01008699 0.02474980
v -0.03517839 0.01109923 0.02637873
v -0.03366822 0.01224979 0.02781564
v -0.03332372 0.01608153 0.02654095
v -0.02556895 0.02579868 0.02908814
v -0.02606372 0.02537015 0.02892031
v -0.02626148 0.02181693 0.03044120
v -0.02606372 0.02537015 0.02892031
v -0.02922001 0.02268215 0.02753916
v -0.02626148 0.02181693 0.03044120
v -0.03368408 0.00839381 0.02896398
v -0.03337139 0.00454743 0.02998884
v -0.03156010 0.00595665 0.03128446
v -0.02695915 -0.00842807 0.03420625
v -0.02485747 -0.00658175 0.03532537
v -0.02780073 0.00025828 0.03411005
v -0.02485747 -0.00658175 0.03532537
v -0.02018603 -0.00239876 0.03697157
v -0.02780073 0.00025828 0.03411005
v -0.01429708 -0.03344512 0.02776813
v -0.01064623 -0.03502849 0.02736529
v -0.00951479 -0.03363527 0.02939476
v -0.01296494 -0.02059711 0.03615701
v -0.00992815 -0.02271183 0.03594431
v -0.00564528 -0.01791247 0.03755258
v -0.00992815 -0.02271183 0.03594431
v -0.01296494 -0.02059711 0.03615701
v -0.01183732 -0.02485329 0.03483634
v -0.00111885 -0.04057043 0.01834197
v -0.00518190 -0.04011273 0.01891211
v -0.00598537 -0.04120736 0.01293402
v -0.00598537 -0.04120736 0.01293402
v -0.00518190 -0.04011273 0.01891211
v -0.01002424 -0.04037309 0.01329832
v 0.01479769 -0.03442616 0.02600944
v 0.01592794 -0.03289116 0.02738769
v 0.01209745 -0.03328103 0.02859520
v 0.02091377 -0.03056651 0.02719141
v 0.01969868 -0.03216969 0.02604410
v 0.02337007 -0.03111585 0.02455396
v 0.02349596 -0.03391928 0.01714839
v 0.02690927 -0.03183593 0.01575411
v 0.02833576 -0.03016121 0.01873121
v 0.03401931 -0.02436985 0.02172109
v 0.03542085 -0.02333693 0.02058888
v 0.03800668 -0.02042637 0.02161691
v 0.04157941 -0.01244812 0.01185278
v 0.04226840 -0.01137439 0.01220080
v 0.04120193 -0.01479475 0.01399784
v -0.02080358 -0.03690420 -0.00000016
v -0.02184205 -0.03610116 0.00688113
v -0.02527501 -0.03378380 0.00694378
v 0.03564218 -0.02269509 -0.00000003
v 0.03613324 -0.02190508 0.00120847
v 0.03382296 -0.02534175 0.00169286
v 0.03944428 -0.01509546 0.00000000
v 0.03968339 -0.01445053 -0.00000000
v 0.03980585 -0.01416588 0.00303199
v 0.04070609 -0.01222807 0.00798121
v 0.04120075 -0.01122657 0.00899319
v 0.03990575 -0.01514361 0.01018435
v 0.04317696 -0.00750291 0.01067143
v 0.04361757 -0.00672114 0.01081738
v 0.04302137 -0.01022206 0.01245733
v 0.04379870 -0.00640420 0.01086449
v 0.04399035 -0.00607154 0.01090731
v 0.04383641 -0.00899796 0.01263165
v 0.04837024 0.00088133 0.01089750
v 0.05244365 0.00645931 0.01046052
v 0.05223857 0.00245056 0.01229117
v 0.05244365 0.00645931 0.01046052
v 0.05698482 0.01196014 0.01017187
v 0.05223857 0.00245056 0.01229117
v 0.05223857 0.00245056 0.01229117
v 0.05698482 0.01196014 0.01017187
v 0.05729491 0.00851792 0.01192882
v 0.05698482 0.01196014 0.01017187
v 0.06070248 0.01613539 0.01012823
v 0.05729491 0.00851792 0.01192882
v 0.05729491 0.00851792 0.01192882
v 0.06070248 0.01613539 0.01012823
v 0.06340408 0.01370099 0.01277370
v 0.04766547 -0.00353548 0.01270892
v 0.04662910 -0.00497002 0.01276155
v 0.04579481 -0.00306565 0.01106207
v 0.04471130 -0.00770934 0.01273351
v 0.04501553 -0.00433703 0.01103965
v 0.04564321 -0.00636403 0.01277329
v 0.04501553 -0.00433703 0.01103965
v 0.04557625 -0.00341832 0.01106094
v 0.04564321 -0.00636403 0.01277329
v 0.04383641 -0.00899796 0.01263165
v 0.04399035 -0.00607154 0.01090731
v 0.04471130 -0.00770934 0.01273351
v 0.04399035 -0.00607154 0.01090731
v 0.04447401 -0.00524405 0.01098774
v 0.04471130 -0.00770934 0.01273351
v 0.04471130 -0.00770934 0.01273351
v 0.04447401 -0.00524405 0.01098774
v 0.04501553 -0.00433703 0.01103965
v 0.04209689 -0.00948964 0.01004345
v 0.04260959 -0.00853339 0.01040024
v 0.04157941 -0.01244812 0.01185278
v 0.04260959 -0.00853339 0.01040024
v 0.04280558 -0.00817426 0.01050638
v 0.04157941 -0.01244812 0.01185278
v 0.04157941 -0.01244812 0.01185278
v 0.04280558 -0.00817426 0.01050638
v 0.04226840 -0.01137439 0.01220080
v 0.04070609 -0.01222807 0.00798121
v 0.03990575 -0.01514361 0.01018435
v 0.04034033 -0.01299335 0.00681380
v 0.03944428 -0.01509546 0.00000000
v 0.03980585 -0.01416588 0.00303199
v 0.03781484 -0.01883025 0.00000002
v 0.03980585 -0.01416588 0.00303199
v 0.03824704 -0.01798169 0.00373593
v 0.03781484 -0.01883025 0.00000002
v 0.03781484 -0.01883025 0.00000002
v 0.03824704 -0.01798169 0.00373593
v 0.03632296 -0.02162397 0.00449930
v 0.03564218 -0.02269509 -0.00000003
v 0.03382296 -0.02534175 0.00169286
v 0.03322061 -0.02612749 -0.00000025
v 0.03382296 -0.02534175 0.00169286
v 0.03118481 -0.02853391 0.00220351
v 0.03322061 -0.02612749 -0.00000025
v 0.03322061 -0.02612749 -0.00000025
v 0.03118481 -0.02853391 0.00220351
v 0.03038164 -0.02939418 0.00000001
v 0.03118481 -0.02853391 0.00220351
v 0.02824361 -0.03144884 0.00272495
v 0.03038164 -0.02939418 0.00000001
v 0.03038164 -0.02939418 0.00000001
v 0.02824361 -0.03144884 0.00272495
v 0.02720810 -0.03236596 0.00000001
v 0.02824361 -0.03144884 0.00272495
v 0.02502787 -0.03405856 0.00323395
v 0.02720810 -0.03236596 0.00000001
v 0.02720810 -0.03236596 0.00000001
v 0.02502787 -0.03405856 0.00323395
v 0.02383097 -0.03493808 0.00000002
v 0.02502787 -0.03405856 0.00323395
v 0.02156989 -0.03633905 0.00371727
v 0.02383097 -0.03493808 0.00000002
v 0.02383097 -0.03493808 0.00000002
v 0.02156989 -0.03633905 0.00371727
v 0.02015703 -0.03718936 0.00000005
v 0.02156989 -0.03633905 0.00371727
v 0.01790466 -0.03826904 0.00417157
v 0.02015703 -0.03718936 0.00000005
v 0.02015703 -0.03718936 0.00000005
v 0.01790466 -0.03826904 0.00417157
v 0.01613122 -0.03911432 0.00000000
v 0.01790466 -0.03826904 0.00417157
v 0.01406728 -0.03983086 0.00459615
v 0.01613122 -0.03911432 0.00000000
v 0.01613122 -0.03911432 0.00000000
v 0.01406728 -0.03983086 0.00459615
v 0.01233900 -0.04047966 -0.00000000
v 0.01406728 -0.03983086 0.00459615
v 0.01009551 -0.04100966 0.00499004
v 0.01233900 -0.04047966 -0.00000000
v 0.01233900 -0.04047966 -0.00000000
v 0.01009551 -0.04100966 0.00499004
v 0.00841506 -0.04148146 -0.00000002
v 0.00602716 -0.04179401 0.00535204
v 0.00190153 -0.04217703 0.00568073
v 0.00399485 -0.04214576 -0.00000001
v 0.00190153 -0.04217703 0.00568073
v -0.00224159 -0.04215417 0.00597466
v 0.00399485 -0.04214576 -0.00000001
v 0.00399485 -0.04214576 -0.00000001
v -0.00224159 -0.04215417 0.00597466
v -0.00047923 -0.04233950 -0.00000003
v -0.00224159 -0.04215417 0.00597466
v -0.00636232 -0.04172639 0.00623249
v -0.00047923 -0.04233950 -0.00000003
v -0.00047923 -0.04233950 -0.00000003
v -0.00636232 -0.04172639 0.00623249
v -0.00459900 -0.04209785 -0.00000010
v -0.00636232 -0.04172639 0.00623249
v -0.01042098 -0.04089721 0.00645298
v -0.00459900 -0.04209785 -0.00000010
v -0.00459900 -0.04209785 -0.00000010
v -0.01042098 -0.04089721 0.00645298
v -0.00868545 -0.04145347 -0.00000009
v -0.01042098 -0.04089721 0.00645298
v -0.01437895 -0.03967512 0.00663514
v -0.00868545 -0.04145347 -0.00000009
v -0.00868545 -0.04145347 -0.00000009
v -0.01437895 -0.03967512 0.00663514
v -0.01294303 -0.04033235 -0.00000001
v -0.02080358 -0.03690420 -0.00000016
v -0.02527501 -0.03378380 0.00694378
v -0.02437928 -0.03464761 -0.00000013
v -0.02527501 -0.03378380 0.00694378
v -0.02846461 -0.03114176 0.00696578
v -0.02437928 -0.03464761 -0.00000013
v -0.02437928 -0.03464761 -0.00000013
v -0.02846461 -0.03114176 0.00696578
v -0.02773210 -0.03202733 -0.00000001
v -0.02846461 -0.03114176 0.00696578
v -0.03137995 -0.02819978 0.00694700
v -0.02773210 -0.03202733 -0.00000001
v -0.02773210 -0.03202733 -0.00000001
v -0.03137995 -0.02819978 0.00694700
v -0.03085517 -0.02902892 -0.00000007
v -0.03137995 -0.02819978 0.00694700
v -0.03399355 -0.02498656 0.00688758
v -0.03085517 -0.02902892 -0.00000007
v -0.03085517 -0.02902892 -0.00000007
v -0.03399355 -0.02498656 0.00688758
v -0.03365475 -0.02572740 -0.00000016
v -0.03399355 -0.02498656 0.00688758
v -0.03627974 -0.02153253 0.00678778
v -0.03365475 -0.02572740 -0.00000016
v -0.03365475 -0.02572740 -0.00000016
v -0.03627974 -0.02153253 0.00678778
v -0.03610354 -0.02215357 -0.00000011
v -0.03627974 -0.02153253 0.00678778
v -0.03821716 -0.01787127 0.00664812
v -0.03610354 -0.02215357 -0.00000011
v -0.03610354 -0.02215357 -0.00000011
v -0.03821716 -0.01787127 0.00664812
v -0.03804836 -0.01860728 -0.00000000
v -0.03821716 -0.01787127 0.00664812
v -0.03978660 -0.01403766 0.00646927
v -0.03804836 -0.01860728 -0.00000000
v -0.03804836 -0.01860728 -0.00000000
v -0.03978660 -0.01403766 0.00646927
v -0.03975442 -0.01459525 -0.00000005
v -0.03978660 -0.01403766 0.00646927
v -0.04097371 -0.01006870 0.00625215
v -0.03975442 -0.01459525 -0.00000005
v -0.03975442 -0.01459525 -0.00000005
v -0.04097371 -0.01006870 0.00625215
v -0.04105625 -0.01035746 -0.00000010
v -0.04097371 -0.01006870 0.00625215
v -0.04176646 -0.00600228 0.00599781
v -0.04105625 -0.01035746 -0.00000010
v -0.04105625 -0.01035746 -0.00000010
v -0.04176646 -0.00600228 0.00599781
v -0.04190684 -0.00600498 -0.00000006
v -0.03969280 0.01440868 0.00416559
v -0.03978480 0.01434348 0.00000000
v -0.04105358 0.01019790 0.00000005
v 0.04120193 -0.01479475 0.01399784
v 0.03975684 -0.01800689 0.01601886
v 0.03793071 -0.02023510 0.01492189
v 0.03793071 -0.02023510 0.01492189
v 0.03962897 -0.01694014 0.01307056
v 0.04120193 -0.01479475 0.01399784
v 0.03962897 -0.01694014 0.01307056
v 0.04095558 -0.01343745 0.01140523
v 0.04120193 -0.01479475 0.01399784
v 0.04120193 -0.01479475 0.01399784
v 0.04095558 -0.01343745 0.01140523
v 0.04157941 -0.01244812 0.01185278
v 0.04095558 -0.01343745 0.01140523
v 0.04183925 -0.00997993 0.00980935
v 0.04157941 -0.01244812 0.01185278
v 0.04157941 -0.01244812 0.01185278
v 0.04183925 -0.00997993 0.00980935
v 0.04209689 -0.00948964 0.01004345
v 0.04120075 -0.01122657 0.00899319
v 0.04183925 -0.00997993 0.00980935
v 0.03990575 -0.01514361 0.01018435
v 0.04183925 -0.00997993 0.00980935
v 0.04095558 -0.01343745 0.01140523
v 0.03990575 -0.01514361 0.01018435
v 0.03990575 -0.01514361 0.01018435
v 0.04095558 -0.01343745 0.01140523
v 0.03835921 -0.01870621 0.01168079
v 0.04095558 -0.01343745 0.01140523
v 0.03962897 -0.01694014 0.01307056
v 0.03835921 -0.01870621 0.01168079
v 0.03835921 -0.01870621 0.01168079
v 0.03962897 -0.01694014 0.01307056
v 0.03644801 -0.02206068 0.01332614
v 0.03962897 -0.01694014 0.01307056
v 0.03793071 -0.02023510 0.01492189
v 0.03644801 -0.02206068 0.01332614
v 0.03644801 -0.02206068 0.01332614
v 0.03793071 -0.02023510 0.01492189
v 0.03414323 -0.02513460 0.01511259
v 0.03975684 -0.01800689 0.01601886
v 0.03886797 -0.01950156 0.01711534
v 0.03793071 -0.02023510 0.01492189
v 0.03886797 -0.01950156 0.01711534
v 0.03580756 -0.02323085 0.01695200
v 0.03793071 -0.02023510 0.01492189
v 0.03793071 -0.02023510 0.01492189
v 0.03580756 -0.02323085 0.01695200
v 0.03414323 -0.02513460 0.01511259
v 0.03580756 -0.02323085 0.01695200
v 0.03142489 -0.02784600 0.01695827
v 0.03414323 -0.02513460 0.01511259
v 0.03800668 -0.02042637 0.02161691
v 0.03542085 -0.02333693 0.02058888
v 0.03920303 -0.01936839 0.02035840
v 0.03542085 -0.02333693 0.02058888
v 0.03670296 -0.02217973 0.01942525
v 0.03920303 -0.01936839 0.02035840
v 0.03920303 -0.01936839 0.02035840
v 0.03670296 -0.02217973 0.01942525
v 0.04024987 -0.01817135 0.01909518
v 0.03670296 -0.02217973 0.01942525
v 0.03785252 -0.02089808 0.01825777
v 0.04024987 -0.01817135 0.01909518
v 0.04024987 -0.01817135 0.01909518
v 0.03785252 -0.02089808 0.01825777
v 0.04114632 -0.01684637 0.01786161
v 0.03800668 -0.02042637 0.02161691
v 0.03667627 -0.02134684 0.02283799
v 0.03401931 -0.02436985 0.02172109
v 0.03667627 -0.02134684 0.02283799
v 0.03523456 -0.02214101 0.02400105
v 0.03401931 -0.02436985 0.02172109
v 0.03401931 -0.02436985 0.02172109
v 0.03523456 -0.02214101 0.02400105
v 0.03382718 -0.02376795 0.02346504
v 0.03523456 -0.02214101 0.02400105
v 0.03370501 -0.02282360 0.02509703
v 0.03382718 -0.02376795 0.02346504
v 0.03580756 -0.02323085 0.01695200
v 0.03321705 -0.02582189 0.01905749
v 0.03142489 -0.02784600 0.01695827
v 0.03321705 -0.02582189 0.01905749
v 0.03175796 -0.02695060 0.02008330
v 0.03142489 -0.02784600 0.01695827
v 0.03142489 -0.02784600 0.01695827
v 0.03175796 -0.02695060 0.02008330
v 0.02833576 -0.03016121 0.01873121
v 0.02833576 -0.03016121 0.01873121
v 0.02690927 -0.03183593 0.01575411
v 0.03142489 -0.02784600 0.01695827
v 0.02690927 -0.03183593 0.01575411
v 0.03005594 -0.02939447 0.01425426
v 0.03142489 -0.02784600 0.01695827
v 0.03142489 -0.02784600 0.01695827
v 0.03005594 -0.02939447 0.01425426
v 0.03414323 -0.02513460 0.01511259
v 0.03005594 -0.02939447 0.01425426
v 0.03287096 -0.02659352 0.01270066
v 0.03414323 -0.02513460 0.01511259
v 0.03414323 -0.02513460 0.01511259
v 0.03287096 -0.02659352 0.01270066
v 0.03644801 -0.02206068 0.01332614
v 0.03287096 -0.02659352 0.01270066
v 0.03531707 -0.02346475 0.01119143
v 0.03644801 -0.02206068 0.01332614
v 0.03644801 -0.02206068 0.01332614
v 0.03531707 -0.02346475 0.01119143
v 0.03835921 -0.01870621 0.01168079
v 0.03531707 -0.02346475 0.01119143
v 0.03739591 -0.02007036 0.00978845
v 0.03835921 -0.01870621 0.01168079
v 0.03835921 -0.01870621 0.01168079
v 0.03739591 -0.02007036 0.00978845
v 0.03990575 -0.01514361 0.01018435
v 0.03739591 -0.02007036 0.00978845
v 0.03911636 -0.01646697 0.00849950
v 0.03990575 -0.01514361 0.01018435
v 0.03990575 -0.01514361 0.01018435
v 0.03911636 -0.01646697 0.00849950
v 0.04034033 -0.01299335 0.00681380
v 0.04003051 -0.01366297 0.00520738
v 0.04034033 -0.01299335 0.00681380
v 0.03857288 -0.01740457 0.00634114
v 0.04034033 -0.01299335 0.00681380
v 0.03911636 -0.01646697 0.00849950
v 0.03857288 -0.01740457 0.00634114
v 0.03857288 -0.01740457 0.00634114
v 0.03911636 -0.01646697 0.00849950
v 0.03672710 -0.02103326 0.00738467
v 0.03911636 -0.01646697 0.00849950
v 0.03739591 -0.02007036 0.00978845
v 0.03672710 -0.02103326 0.00738467
v 0.03672710 -0.02103326 0.00738467
v 0.03739591 -0.02007036 0.00978845
v 0.03452791 -0.02445197 0.00851052
v 0.03739591 -0.02007036 0.00978845
v 0.03531707 -0.02346475 0.01119143
v 0.03452791 -0.02445197 0.00851052
v 0.03452791 -0.02445197 0.00851052
v 0.03531707 -0.02346475 0.01119143
v 0.03198138 -0.02761595 0.00971165
v 0.03531707 -0.02346475 0.01119143
v 0.03287096 -0.02659352 0.01270066
v 0.03198138 -0.02761595 0.00971165
v 0.03198138 -0.02761595 0.00971165
v 0.03287096 -0.02659352 0.01270066
v 0.02909942 -0.03047793 0.01094403
v 0.03287096 -0.02659352 0.01270066
v 0.03005594 -0.02939447 0.01425426
v 0.02909942 -0.03047793 0.01094403
v 0.02909942 -0.03047793 0.01094403
v 0.03005594 -0.02939447 0.01425426
v 0.02591494 -0.03300798 0.01213916
v 0.03005594 -0.02939447 0.01425426
v 0.02690927 -0.03183593 0.01575411
v 0.02591494 -0.03300798 0.01213916
v 0.02591494 -0.03300798 0.01213916
v 0.02690927 -0.03183593 0.01575411
v 0.02247638 -0.03519448 0.01325989
v 0.02690927 -0.03183593 0.01575411
v 0.02349596 -0.03391928 0.01714839
v 0.02247638 -0.03519448 0.01325989
v 0.02247638 -0.03519448 0.01325989
v 0.02349596 -0.03391928 0.01714839
v 0.01883046 -0.03702834 0.01430049
v 0.03980585 -0.01416588 0.00303199
v 0.04003051 -0.01366297 0.00520738
v 0.03824704 -0.01798169 0.00373593
v 0.04003051 -0.01366297 0.00520738
v 0.03857288 -0.01740457 0.00634114
v 0.03824704 -0.01798169 0.00373593
v 0.03824704 -0.01798169 0.00373593
v 0.03857288 -0.01740457 0.00634114
v 0.03632296 -0.02162397 0.00449930
v 0.03857288 -0.01740457 0.00634114
v 0.03672710 -0.02103326 0.00738467
v 0.03632296 -0.02162397 0.00449930
v 0.03632296 -0.02162397 0.00449930
v 0.03672710 -0.02103326 0.00738467
v 0.03404882 -0.02505547 0.00531694
v 0.03672710 -0.02103326 0.00738467
v 0.03452791 -0.02445197 0.00851052
v 0.03404882 -0.02505547 0.00531694
v 0.03404882 -0.02505547 0.00531694
v 0.03452791 -0.02445197 0.00851052
v 0.03144032 -0.02823910 0.00618328
v 0.03452791 -0.02445197 0.00851052
v 0.03198138 -0.02761595 0.00971165
v 0.03144032 -0.02823910 0.00618328
v 0.03144032 -0.02823910 0.00618328
v 0.03198138 -0.02761595 0.00971165
v 0.02851801 -0.03113731 0.00706972
v 0.03198138 -0.02761595 0.00971165
v 0.02909942 -0.03047793 0.01094403
v 0.02851801 -0.03113731 0.00706972
v 0.02851801 -0.03113731 0.00706972
v 0.02909942 -0.03047793 0.01094403
v 0.02531191 -0.03372142 0.00793261
v 0.02909942 -0.03047793 0.01094403
v 0.02591494 -0.03300798 0.01213916
v 0.02531191 -0.03372142 0.00793261
v 0.02531191 -0.03372142 0.00793261
v 0.02591494 -0.03300798 0.01213916
v 0.02185966 -0.03597152 0.00874764
v 0.02591494 -0.03300798 0.01213916
v 0.02247638 -0.03519448 0.01325989
v 0.02185966 -0.03597152 0.00874764
v 0.02185966 -0.03597152 0.00874764
v 0.02247638 -0.03519448 0.01325989
v 0.01820017 -0.03787036 0.00950981
v 0.02247638 -0.03519448 0.01325989
v 0.01883046 -0.03702834 0.01430049
v 0.01820017 -0.03787036 0.00950981
v 0.01820017 -0.03787036 0.00950981
v 0.01883046 -0.03702834 0.01430049
v 0.01437038 -0.03940272 0.01021914
v 0.02528265 -0.02490764 0.02965117
v 0.02370958 -0.02692727 0.02898392
v 0.02724448 -0.02620655 0.02735931
v 0.02370958 -0.02692727 0.02898392
v 0.02583766 -0.02797695 0.02657971
v 0.02724448 -0.02620655 0.02735931
v 0.02724448 -0.02620655 0.02735931
v 0.02583766 -0.02797695 0.02657971
v 0.02928393 -0.02681158 0.02480083
v 0.02583766 -0.02797695 0.02657971
v 0.02803306 -0.02833231 0.02392780
v 0.02928393 -0.02681158 0.02480083
v 0.02928393 -0.02681158 0.02480083
v 0.02803306 -0.02833231 0.02392780
v 0.03130946 -0.02668971 0.02200874
v 0.02803306 -0.02833231 0.02392780
v 0.03020814 -0.02797261 0.02106936
v 0.03130946 -0.02668971 0.02200874
v 0.01857775 -0.02934442 0.02958783
v 0.01718871 -0.03119499 0.02857739
v 0.02091377 -0.03056651 0.02719141
v 0.02528265 -0.02490764 0.02965117
v 0.02172673 -0.02521377 0.03111565
v 0.02370958 -0.02692727 0.02898392
v 0.02172673 -0.02521377 0.03111565
v 0.02225178 -0.02881658 0.02816801
v 0.02370958 -0.02692727 0.02898392
v 0.02370958 -0.02692727 0.02898392
v 0.02225178 -0.02881658 0.02816801
v 0.02583766 -0.02797695 0.02657971
v 0.02225178 -0.02881658 0.02816801
v 0.02454509 -0.02961560 0.02564774
v 0.02583766 -0.02797695 0.02657971
v 0.02583766 -0.02797695 0.02657971
v 0.02454509 -0.02961560 0.02564774
v 0.02803306 -0.02833231 0.02392780
v 0.02454509 -0.02961560 0.02564774
v 0.02689429 -0.02972352 0.02290202
v 0.02803306 -0.02833231 0.02392780
v 0.02803306 -0.02833231 0.02392780
v 0.02689429 -0.02972352 0.02290202
v 0.03020814 -0.02797261 0.02106936
v 0.02689429 -0.02972352 0.02290202
v 0.02496289 -0.03209919 0.02036330
v 0.03020814 -0.02797261 0.02106936
v 0.01209745 -0.03328103 0.02859520
v 0.01592794 -0.03289116 0.02738769
v 0.01340982 -0.03150404 0.02981878
v 0.01592794 -0.03289116 0.02738769
v 0.01718871 -0.03119499 0.02857739
v 0.01340982 -0.03150404 0.02981878
v 0.01340982 -0.03150404 0.02981878
v 0.01718871 -0.03119499 0.02857739
v 0.01485575 -0.02956582 0.03085499
v 0.01718871 -0.03119499 0.02857739
v 0.01857775 -0.02934442 0.02958783
v 0.01485575 -0.02956582 0.03085499
v 0.01485575 -0.02956582 0.03085499
v 0.01857775 -0.02934442 0.02958783
v 0.02172673 -0.02521377 0.03111565
v 0.02337007 -0.03111585 0.02455396
v 0.01969868 -0.03216969 0.02604410
v 0.02231513 -0.03247208 0.02329021
v 0.01969868 -0.03216969 0.02604410
v 0.01860884 -0.03361988 0.02471741
v 0.02231513 -0.03247208 0.02329021
v 0.02231513 -0.03247208 0.02329021
v 0.01860884 -0.03361988 0.02471741
v 0.02138134 -0.03368051 0.02185061
v 0.01860884 -0.03361988 0.02471741
v 0.01764510 -0.03491281 0.02320508
v 0.02138134 -0.03368051 0.02185061
v 0.02138134 -0.03368051 0.02185061
v 0.01764510 -0.03491281 0.02320508
v 0.01609242 -0.03701971 0.01961049
v 0.02091377 -0.03056651 0.02719141
v 0.01718871 -0.03119499 0.02857739
v 0.01969868 -0.03216969 0.02604410
v 0.01718871 -0.03119499 0.02857739
v 0.01592794 -0.03289116 0.02738769
v 0.01969868 -0.03216969 0.02604410
v 0.01969868 -0.03216969 0.02604410
v 0.01592794 -0.03289116 0.02738769
v 0.01860884 -0.03361988 0.02471741
v 0.01592794 -0.03289116 0.02738769
v 0.01479769 -0.03442616 0.02600944
v 0.01860884 -0.03361988 0.02471741
v 0.01860884 -0.03361988 0.02471741
v 0.01479769 -0.03442616 0.02600944
v 0.01764510 -0.03491281 0.02320508
v -0.00188340 -0.04164464 0.01250771
v 0.00224254 -0.04168148 0.01202119
v 0.00297118 -0.04063685 0.01769025
v 0.00224254 -0.04168148 0.01202119
v 0.00704978 -0.04031093 0.01695884
v 0.00297118 -0.04063685 0.01769025
v 0.00297118 -0.04063685 0.01769025
v 0.00704978 -0.04031093 0.01695884
v 0.00820723 -0.03866530 0.02166984
v 0.00704978 -0.04031093 0.01695884
v 0.01219034 -0.03802765 0.02068908
v 0.00820723 -0.03866530 0.02166984
v 0.00820723 -0.03866530 0.02166984
v 0.01219034 -0.03802765 0.02068908
v 0.00897738 -0.03758335 0.02371478
v 0.01219034 -0.03802765 0.02068908
v 0.01293032 -0.03699589 0.02266295
v 0.00897738 -0.03758335 0.02371478
v 0.00897738 -0.03758335 0.02371478
v 0.01293032 -0.03699589 0.02266295
v 0.00988120 -0.03632463 0.02554909
v 0.01293032 -0.03699589 0.02266295
v 0.01379870 -0.03579528 0.02443594
v 0.00988120 -0.03632463 0.02554909
v 0.00988120 -0.03632463 0.02554909
v 0.01379870 -0.03579528 0.02443594
v 0.01092099 -0.03488956 0.02717437
v 0.03564218 -0.02269509 -0.00000003
v 0.03781484 -0.01883025 0.00000002
v 0.03613324 -0.02190508 0.00120847
v 0.03781484 -0.01883025 0.00000002
v 0.03632296 -0.02162397 0.00449930
v 0.03613324 -0.02190508 0.00120847
v 0.03613324 -0.02190508 0.00120847
v 0.03632296 -0.02162397 0.00449930
v 0.03382296 -0.02534175 0.00169286
v 0.03632296 -0.02162397 0.00449930
v 0.03404882 -0.02505547 0.00531694
v 0.03382296 -0.02534175 0.00169286
v 0.03382296 -0.02534175 0.00169286
v 0.03404882 -0.02505547 0.00531694
v 0.03118481 -0.02853391 0.00220351
v 0.03404882 -0.02505547 0.00531694
v 0.03144032 -0.02823910 0.00618328
v 0.03118481 -0.02853391 0.00220351
v 0.03118481 -0.02853391 0.00220351
v 0.03144032 -0.02823910 0.00618328
v 0.02824361 -0.03144884 0.00272495
v 0.03144032 -0.02823910 0.00618328
v 0.02851801 -0.03113731 0.00706972
v 0.02824361 -0.03144884 0.00272495
v 0.02824361 -0.03144884 0.00272495
v 0.02851801 -0.03113731 0.00706972
v 0.02502787 -0.03405856 0.00323395
v 0.02851801 -0.03113731 0.00706972
v 0.02531191 -0.03372142 0.00793261
v 0.02502787 -0.03405856 0.00323395
v 0.02502787 -0.03405856 0.00323395
v 0.02531191 -0.03372142 0.00793261
v 0.02156989 -0.03633905 0.00371727
v 0.02531191 -0.03372142 0.00793261
v 0.02185966 -0.03597152 0.00874764
v 0.02156989 -0.03633905 0.00371727
v 0.02156989 -0.03633905 0.00371727
v 0.02185966 -0.03597152 0.00874764
v 0.01790466 -0.03826904 0.00417157
v 0.02185966 -0.03597152 0.00874764
v 0.01820017 -0.03787036 0.00950981
v 0.01790466 -0.03826904 0.00417157
v 0.01790466 -0.03826904 0.00417157
v 0.01820017 -0.03787036 0.00950981
v 0.01406728 -0.03983086 0.00459615
v 0.01820017 -0.03787036 0.00950981
v 0.01437038 -0.03940272 0.01021914
v 0.01406728 -0.03983086 0.00459615
v 0.01406728 -0.03983086 0.00459615
v 0.01437038 -0.03940272 0.01021914
v 0.01009551 -0.04100966 0.00499004
v 0.02172673 -0.02521377 0.03111565
v 0.01857775 -0.02934442 0.02958783
v 0.02225178 -0.02881658 0.02816801
v 0.01857775 -0.02934442 0.02958783
v 0.02091377 -0.03056651 0.02719141
v 0.02225178 -0.02881658 0.02816801
v 0.02225178 -0.02881658 0.02816801
v 0.02091377 -0.03056651 0.02719141
v 0.02454509 -0.02961560 0.02564774
v 0.02091377 -0.03056651 0.02719141
v 0.02337007 -0.03111585 0.02455396
v 0.02454509 -0.02961560 0.02564774
v 0.02454509 -0.02961560 0.02564774
v 0.02337007 -0.03111585 0.02455396
v 0.02689429 -0.02972352 0.02290202
v 0.02337007 -0.03111585 0.02455396
v 0.02231513 -0.03247208 0.02329021
v 0.02689429 -0.02972352 0.02290202
v 0.02689429 -0.02972352 0.02290202
v 0.02231513 -0.03247208 0.02329021
v 0.02496289 -0.03209919 0.02036330
v 0.02231513 -0.03247208 0.02329021
v 0.02138134 -0.03368051 0.02185061
v 0.02496289 -0.03209919 0.02036330
v 0.02496289 -0.03209919 0.02036330
v 0.02138134 -0.03368051 0.02185061
v 0.01987489 -0.03564808 0.01843175
v 0.02138134 -0.03368051 0.02185061
v 0.01609242 -0.03701971 0.01961049
v 0.01987489 -0.03564808 0.01843175
v 0.01987489 -0.03564808 0.01843175
v 0.01609242 -0.03701971 0.01961049
v 0.01501781 -0.03849927 0.01526326
v 0.01609242 -0.03701971 0.01961049
v 0.01107819 -0.03959649 0.01614939
v 0.01501781 -0.03849927 0.01526326
v 0.01501781 -0.03849927 0.01526326
v 0.01107819 -0.03959649 0.01614939
v 0.01040869 -0.04055510 0.01087504
v 0.01107819 -0.03959649 0.01614939
v 0.00635305 -0.04131686 0.01147632
v 0.01040869 -0.04055510 0.01087504
v 0.01040869 -0.04055510 0.01087504
v 0.00635305 -0.04131686 0.01147632
v 0.00602716 -0.04179401 0.00535204
v 0.01209745 -0.03328103 0.02859520
v 0.01092099 -0.03488956 0.02717437
v 0.01479769 -0.03442616 0.02600944
v 0.01092099 -0.03488956 0.02717437
v 0.01379870 -0.03579528 0.02443594
v 0.01479769 -0.03442616 0.02600944
v 0.01479769 -0.03442616 0.02600944
v 0.01379870 -0.03579528 0.02443594
v 0.01764510 -0.03491281 0.02320508
v 0.01379870 -0.03579528 0.02443594
v 0.01293032 -0.03699589 0.02266295
v 0.01764510 -0.03491281 0.02320508
v 0.01764510 -0.03491281 0.02320508
v 0.01293032 -0.03699589 0.02266295
v 0.01609242 -0.03701971 0.01961049
v 0.01293032 -0.03699589 0.02266295
v 0.01219034 -0.03802765 0.02068908
v 0.01609242 -0.03701971 0.01961049
v 0.01609242 -0.03701971 0.01961049
v 0.01219034 -0.03802765 0.02068908
v 0.01107819 -0.03959649 0.01614939
v 0.01219034 -0.03802765 0.02068908
v 0.00704978 -0.04031093 0.01695884
v 0.01107819 -0.03959649 0.01614939
v 0.01107819 -0.03959649 0.01614939
v 0.00704978 -0.04031093 0.01695884
v 0.00635305 -0.04131686 0.01147632
v 0.00704978 -0.04031093 0.01695884
v 0.00224254 -0.04168148 0.01202119
v 0.00635305 -0.04131686 0.01147632
v 0.01453658 -0.02499421 0.03355597
v 0.01096479 -0.02447495 0.03455517
v 0.00740229 -0.02909425 0.03296560
v 0.01096479 -0.02447495 0.03455517
v 0.00373249 -0.02840414 0.03381959
v 0.00740229 -0.02909425 0.03296560
v 0.00740229 -0.02909425 0.03296560
v 0.00373249 -0.02840414 0.03381959
v 0.00582833 -0.03116451 0.03189477
v 0.00373249 -0.02840414 0.03381959
v 0.00208993 -0.03051781 0.03273724
v 0.00582833 -0.03116451 0.03189477
v 0.00582833 -0.03116451 0.03189477
v 0.00208993 -0.03051781 0.03273724
v 0.00439824 -0.03306250 0.03062222
v 0.00208993 -0.03051781 0.03273724
v 0.00059613 -0.03245508 0.03144713
v 0.00439824 -0.03306250 0.03062222
v 0.00439824 -0.03306250 0.03062222
v 0.00059613 -0.03245508 0.03144713
v 0.00311492 -0.03478050 0.02913691
v 0.00059613 -0.03245508 0.03144713
v -0.00074556 -0.03420819 0.02993766
v 0.00311492 -0.03478050 0.02913691
v 0.00311492 -0.03478050 0.02913691
v -0.00074556 -0.03420819 0.02993766
v 0.00197954 -0.03631320 0.02743068
v -0.00074556 -0.03420819 0.02993766
v -0.00193363 -0.03577181 0.02820027
v 0.00197954 -0.03631320 0.02743068
v 0.00197954 -0.03631320 0.02743068
v -0.00193363 -0.03577181 0.02820027
v 0.00099167 -0.03765751 0.02549822
v -0.00193363 -0.03577181 0.02820027
v -0.00296822 -0.03714294 0.02622930
v 0.00099167 -0.03765751 0.02549822
v 0.00099167 -0.03765751 0.02549822
v -0.00296822 -0.03714294 0.02622930
v 0.00014910 -0.03881300 0.02333752
v -0.00296822 -0.03714294 0.02622930
v -0.00385137 -0.03832120 0.02402254
v 0.00014910 -0.03881300 0.02333752
v 0.00014910 -0.03881300 0.02333752
v -0.00385137 -0.03832120 0.02402254
v -0.00458716 -0.03930920 0.02158156
v 0.01813390 -0.02524135 0.03241288
v 0.01453658 -0.02499421 0.03355597
v 0.01111984 -0.02948213 0.03197861
v 0.01453658 -0.02499421 0.03355597
v 0.00740229 -0.02909425 0.03296560
v 0.01111984 -0.02948213 0.03197861
v 0.01111984 -0.02948213 0.03197861
v 0.00740229 -0.02909425 0.03296560
v 0.00961190 -0.03149385 0.03092280
v 0.00740229 -0.02909425 0.03296560
v 0.00582833 -0.03116451 0.03189477
v 0.00961190 -0.03149385 0.03092280
v 0.00961190 -0.03149385 0.03092280
v 0.00582833 -0.03116451 0.03189477
v 0.00824276 -0.03333836 0.02967210
v 0.00582833 -0.03116451 0.03189477
v 0.00439824 -0.03306250 0.03062222
v 0.00824276 -0.03333836 0.02967210
v 0.00824276 -0.03333836 0.02967210
v 0.00439824 -0.03306250 0.03062222
v 0.00701496 -0.03500813 0.02821604
v 0.00439824 -0.03306250 0.03062222
v 0.00311492 -0.03478050 0.02913691
v 0.00701496 -0.03500813 0.02821604
v 0.00701496 -0.03500813 0.02821604
v 0.00311492 -0.03478050 0.02913691
v 0.00592942 -0.03649793 0.02654692
v 0.00311492 -0.03478050 0.02913691
v 0.00197954 -0.03631320 0.02743068
v 0.00592942 -0.03649793 0.02654692
v 0.00592942 -0.03649793 0.02654692
v 0.00197954 -0.03631320 0.02743068
v 0.00498551 -0.03780474 0.02465979
v 0.00197954 -0.03631320 0.02743068
v 0.00099167 -0.03765751 0.02549822
v 0.00498551 -0.03780474 0.02465979
v 0.00498551 -0.03780474 0.02465979
v 0.00099167 -0.03765751 0.02549822
v 0.00418092 -0.03892810 0.02255286
v 0.00099167 -0.03765751 0.02549822
v 0.00014910 -0.03881300 0.02333752
v 0.00418092 -0.03892810 0.02255286
v 0.00418092 -0.03892810 0.02255286
v 0.00014910 -0.03881300 0.02333752
v -0.00111885 -0.04057043 0.01834197
v 0.00014910 -0.03881300 0.02333752
v -0.00458716 -0.03930920 0.02158156
v -0.00111885 -0.04057043 0.01834197
v -0.00111885 -0.04057043 0.01834197
v -0.00458716 -0.03930920 0.02158156
v -0.00518190 -0.04011273 0.01891211
v 0.02172673 -0.02521377 0.03111565
v 0.01813390 -0.02524135 0.03241288
v 0.01485575 -0.02956582 0.03085499
v 0.01813390 -0.02524135 0.03241288
v 0.01111984 -0.02948213 0.03197861
v 0.01485575 -0.02956582 0.03085499
v 0.01485575 -0.02956582 0.03085499
v 0.01111984 -0.02948213 0.03197861
v 0.01340982 -0.03150404 0.02981878
v 0.01111984 -0.02948213 0.03197861
v 0.00961190 -0.03149385 0.03092280
v 0.01340982 -0.03150404 0.02981878
v 0.01340982 -0.03150404 0.02981878
v 0.00961190 -0.03149385 0.03092280
v 0.01209745 -0.03328103 0.02859520
v 0.00961190 -0.03149385 0.03092280
v 0.00824276 -0.03333836 0.02967210
v 0.01209745 -0.03328103 0.02859520
v 0.01209745 -0.03328103 0.02859520
v 0.00824276 -0.03333836 0.02967210
v 0.01092099 -0.03488956 0.02717437
v 0.00824276 -0.03333836 0.02967210
v 0.00701496 -0.03500813 0.02821604
v 0.01092099 -0.03488956 0.02717437
v 0.01092099 -0.03488956 0.02717437
v 0.00701496 -0.03500813 0.02821604
v 0.00988120 -0.03632463 0.02554909
v 0.00701496 -0.03500813 0.02821604
v 0.00592942 -0.03649793 0.02654692
v 0.00988120 -0.03632463 0.02554909
v 0.00988120 -0.03632463 0.02554909
v 0.00592942 -0.03649793 0.02654692
v 0.00897738 -0.03758335 0.02371478
v 0.00592942 -0.03649793 0.02654692
v 0.00498551 -0.03780474 0.02465979
v 0.00897738 -0.03758335 0.02371478
v 0.00897738 -0.03758335 0.02371478
v 0.00498551 -0.03780474 0.02465979
v 0.00820723 -0.03866530 0.02166984
v 0.00498551 -0.03780474 0.02465979
v 0.00418092 -0.03892810 0.02255286
v 0.00820723 -0.03866530 0.02166984
v 0.00820723 -0.03866530 0.02166984
v 0.00418092 -0.03892810 0.02255286
v 0.00297118 -0.04063685 0.01769025
v 0.00418092 -0.03892810 0.02255286
v -0.00111885 -0.04057043 0.01834197
v 0.00297118 -0.04063685 0.01769025
v 0.00297118 -0.04063685 0.01769025
v -0.00111885 -0.04057043 0.01834197
v -0.00188340 -0.04164464 0.01250771
v -0.00111885 -0.04057043 0.01834197
v -0.00598537 -0.04120736 0.01293402
v -0.00188340 -0.04164464 0.01250771
v 0.00602716 -0.04179401 0.00535204
v 0.00635305 -0.04131686 0.01147632
v 0.00190153 -0.04217703 0.00568073
v 0.00635305 -0.04131686 0.01147632
v 0.00224254 -0.04168148 0.01202119
v 0.00190153 -0.04217703 0.00568073
v 0.00190153 -0.04217703 0.00568073
v 0.00224254 -0.04168148 0.01202119
v -0.00224159 -0.04215417 0.00597466
v 0.00224254 -0.04168148 0.01202119
v -0.00188340 -0.04164464 0.01250771
v -0.00224159 -0.04215417 0.00597466
v -0.00224159 -0.04215417 0.00597466
v -0.00188340 -0.04164464 0.01250771
v -0.00636232 -0.04172639 0.00623249
v -0.00188340 -0.04164464 0.01250771
v -0.00598537 -0.04120736 0.01293402
v -0.00636232 -0.04172639 0.00623249
v -0.00636232 -0.04172639 0.00623249
v -0.00598537 -0.04120736 0.01293402
v -0.01042098 -0.04089721 0.00645298
v -0.00598537 -0.04120736 0.01293402
v -0.01002424 -0.04037309 0.01329832
v -0.01042098 -0.04089721 0.00645298
v -0.01042098 -0.04089721 0.00645298
v -0.01002424 -0.04037309 0.01329832
v -0.01437895 -0.03967512 0.00663514
v 0.01096479 -0.02447495 0.03455517
v 0.00744480 -0.02368594 0.03541645
v 0.00373249 -0.02840414 0.03381959
v 0.00744480 -0.02368594 0.03541645
v 0.00013863 -0.02741463 0.03454319
v 0.00373249 -0.02840414 0.03381959
v 0.00373249 -0.02840414 0.03381959
v 0.00013863 -0.02741463 0.03454319
v 0.00208993 -0.03051781 0.03273724
v 0.00013863 -0.02741463 0.03454319
v -0.00157346 -0.02955663 0.03345194
v 0.00208993 -0.03051781 0.03273724
v 0.00208993 -0.03051781 0.03273724
v -0.00157346 -0.02955663 0.03345194
v 0.00059613 -0.03245508 0.03144713
v -0.00157346 -0.02955663 0.03345194
v -0.00313219 -0.03151904 0.03214771
v 0.00059613 -0.03245508 0.03144713
v 0.00059613 -0.03245508 0.03144713
v -0.00313219 -0.03151904 0.03214771
v -0.00074556 -0.03420819 0.02993766
v -0.00313219 -0.03151904 0.03214771
v -0.00453368 -0.03329419 0.03061845
v -0.00074556 -0.03420819 0.02993766
v -0.00074556 -0.03420819 0.02993766
v -0.00453368 -0.03329419 0.03061845
v -0.00193363 -0.03577181 0.02820027
v -0.00453368 -0.03329419 0.03061845
v -0.00577597 -0.03487687 0.02885519
v -0.00193363 -0.03577181 0.02820027
v -0.00193363 -0.03577181 0.02820027
v -0.00577597 -0.03487687 0.02885519
v -0.00296822 -0.03714294 0.02622930
v -0.00577597 -0.03487687 0.02885519
v -0.00685884 -0.03626418 0.02685201
v -0.00296822 -0.03714294 0.02622930
v -0.00296822 -0.03714294 0.02622930
v -0.00685884 -0.03626418 0.02685201
v -0.00385137 -0.03832120 0.02402254
v -0.00685884 -0.03626418 0.02685201
v -0.00778409 -0.03745595 0.02460649
v -0.00385137 -0.03832120 0.02402254
v -0.00385137 -0.03832120 0.02402254
v -0.00778409 -0.03745595 0.02460649
v -0.00458716 -0.03930920 0.02158156
v -0.00778409 -0.03745595 0.02460649
v -0.00855568 -0.03845492 0.02212015
v -0.00458716 -0.03930920 0.02158156
v -0.00458716 -0.03930920 0.02158156
v -0.00855568 -0.03845492 0.02212015
v -0.00518190 -0.04011273 0.01891211
v -0.00855568 -0.03845492 0.02212015
v -0.00917990 -0.03926713 0.01939880
v -0.00518190 -0.04011273 0.01891211
v -0.00518190 -0.04011273 0.01891211
v -0.00917990 -0.03926713 0.01939880
v -0.01002424 -0.04037309 0.01329832
v -0.00917990 -0.03926713 0.01939880
v -0.01396194 -0.03915017 0.01359916
v -0.01002424 -0.04037309 0.01329832
v -0.01002424 -0.04037309 0.01329832
v -0.01396194 -0.03915017 0.01359916
v -0.01437895 -0.03967512 0.00663514
v -0.01396194 -0.03915017 0.01359916
v -0.01819818 -0.03807106 0.00677808
v -0.01437895 -0.03967512 0.00663514
v -0.01437895 -0.03967512 0.00663514
v -0.01819818 -0.03807106 0.00677808
v -0.01294303 -0.04033235 -0.00000001
v -0.01819818 -0.03807106 0.00677808
v -0.01702569 -0.03878963 -0.00000005
v -0.01294303 -0.04033235 -0.00000001
v -0.01618858 -0.00834499 0.03766541
v -0.02297243 -0.00978160 0.03574387
v -0.02082637 -0.01280369 0.03603637
v -0.02297243 -0.00978160 0.03574387
v -0.02507054 -0.01169531 0.03462473
v -0.02082637 -0.01280369 0.03603637
v -0.01161397 -0.03622477 0.02508805
v -0.01064623 -0.03502849 0.02736529
v -0.01530654 -0.03463733 0.02546598
v -0.01064623 -0.03502849 0.02736529
v -0.01429708 -0.03344512 0.02776813
v -0.01530654 -0.03463733 0.02546598
v -0.01530654 -0.03463733 0.02546598
v -0.01429708 -0.03344512 0.02776813
v -0.01882886 -0.03270787 0.02573929
v -0.01358174 -0.02681114 0.03350524
v -0.01672786 -0.02464477 0.03370944
v -0.01835170 -0.02638760 0.03213570
v -0.01672786 -0.02464477 0.03370944
v -0.02133128 -0.02391348 0.03221192
v -0.01835170 -0.02638760 0.03213570
v -0.01835170 -0.02638760 0.03213570
v -0.02133128 -0.02391348 0.03221192
v -0.02281740 -0.02543128 0.03038650
v -0.02133128 -0.02391348 0.03221192
v -0.02558994 -0.02265399 0.03034095
v -0.02281740 -0.02543128 0.03038650
v -0.02281740 -0.02543128 0.03038650
v -0.02558994 -0.02265399 0.03034095
v -0.02692264 -0.02394418 0.02826150
v -0.02558994 -0.02265399 0.03034095
v -0.02944869 -0.02087811 0.02810431
v -0.02692264 -0.02394418 0.02826150
v -0.02692264 -0.02394418 0.02826150
v -0.02944869 -0.02087811 0.02810431
v -0.03061502 -0.02194546 0.02577612
v -0.02944869 -0.02087811 0.02810431
v -0.03285595 -0.01861256 0.02552155
v -0.03061502 -0.02194546 0.02577612
v -0.02522624 0.01107184 0.03405740
v -0.02583803 0.01463619 0.03299766
v -0.03004364 0.01123176 0.03133027
v -0.02583803 0.01463619 0.03299766
v -0.03019699 0.01496685 0.03013985
v -0.03004364 0.01123176 0.03133027
v -0.03004364 0.01123176 0.03133027
v -0.03019699 0.01496685 0.03013985
v -0.03200508 0.01353928 0.02906652
v -0.02116162 0.01857672 0.03407165
v -0.02171877 0.02200342 0.03288013
v -0.02618415 0.01822760 0.03179530
v -0.02171877 0.02200342 0.03288013
v -0.02626148 0.02181693 0.03044120
v -0.02618415 0.01822760 0.03179530
v -0.02618415 0.01822760 0.03179530
v -0.02626148 0.02181693 0.03044120
v -0.03005026 0.01868921 0.02880936
v -0.02626148 0.02181693 0.03044120
v -0.02922001 0.02268215 0.02753916
v -0.03005026 0.01868921 0.02880936
v -0.03005026 0.01868921 0.02880936
v -0.02922001 0.02268215 0.02753916
v -0.03175581 0.01731930 0.02775949
v -0.02922001 0.02268215 0.02753916
v -0.03119034 0.02104500 0.02631076
v -0.03175581 0.01731930 0.02775949
v -0.02695915 -0.00842807 0.03420625
v -0.03048374 -0.00661242 0.03233282
v -0.02889052 -0.01010458 0.03287037
v -0.03048374 -0.00661242 0.03233282
v -0.03222908 -0.00805461 0.03077864
v -0.02889052 -0.01010458 0.03287037
v -0.03503652 -0.00558382 0.02836687
v -0.03222908 -0.00805461 0.03077864
v -0.03349235 -0.00436663 0.03013315
v -0.03222908 -0.00805461 0.03077864
v -0.03048374 -0.00661242 0.03233282
v -0.03349235 -0.00436663 0.03013315
v -0.03349235 -0.00436663 0.03013315
v -0.03048374 -0.00661242 0.03233282
v -0.03176676 -0.00298678 0.03167314
v -0.03048374 -0.00661242 0.03233282
v -0.02695915 -0.00842807 0.03420625
v -0.03176676 -0.00298678 0.03167314
v -0.03176676 -0.00298678 0.03167314
v -0.02695915 -0.00842807 0.03420625
v -0.02986651 -0.00144447 0.03299504
v -0.02695915 -0.00842807 0.03420625
v -0.02780073 0.00025828 0.03411005
v -0.02986651 -0.00144447 0.03299504
v -0.02481771 -0.01657834 0.03357705
v -0.02699728 -0.01343524 0.03328529
v -0.02874413 -0.01499761 0.03171298
v -0.02699728 -0.01343524 0.03328529
v -0.03064272 -0.01160813 0.03130554
v -0.02874413 -0.01499761 0.03171298
v -0.02874413 -0.01499761 0.03171298
v -0.03064272 -0.01160813 0.03130554
v -0.03220929 -0.01293757 0.02950271
v -0.03064272 -0.01160813 0.03130554
v -0.03379033 -0.00932826 0.02899180
v -0.03220929 -0.01293757 0.02950271
v -0.03220929 -0.01293757 0.02950271
v -0.03379033 -0.00932826 0.02899180
v -0.03516318 -0.01043450 0.02696662
v -0.03379033 -0.00932826 0.02899180
v -0.03639483 -0.00663984 0.02636898
v -0.03516318 -0.01043450 0.02696662
v -0.03516318 -0.01043450 0.02696662
v -0.03639483 -0.00663984 0.02636898
v -0.03756560 -0.00753803 0.02413753
v -0.03639483 -0.00663984 0.02636898
v -0.03841997 -0.00359823 0.02347426
v -0.03756560 -0.00753803 0.02413753
v -0.02986651 -0.00144447 0.03299504
v -0.03273105 0.00074340 0.03089179
v -0.03176676 -0.00298678 0.03167314
v -0.03273105 0.00074340 0.03089179
v -0.03442340 -0.00057468 0.02936993
v -0.03176676 -0.00298678 0.03167314
v -0.03176676 -0.00298678 0.03167314
v -0.03442340 -0.00057468 0.02936993
v -0.03349235 -0.00436663 0.03013315
v -0.03442340 -0.00057468 0.02936993
v -0.03593819 -0.00173618 0.02762914
v -0.03349235 -0.00436663 0.03013315
v -0.03349235 -0.00436663 0.03013315
v -0.03593819 -0.00173618 0.02762914
v -0.03503652 -0.00558382 0.02836687
v -0.03593819 -0.00173618 0.02762914
v -0.03727097 -0.00274285 0.02566447
v -0.03503652 -0.00558382 0.02836687
v -0.03756560 -0.00753803 0.02413753
v -0.03634606 -0.01137643 0.02470093
v -0.03516318 -0.01043450 0.02696662
v -0.03634606 -0.01137643 0.02470093
v -0.03358616 -0.01409362 0.02745592
v -0.03516318 -0.01043450 0.02696662
v -0.03516318 -0.01043450 0.02696662
v -0.03358616 -0.01409362 0.02745592
v -0.03220929 -0.01293757 0.02950271
v -0.03358616 -0.01409362 0.02745592
v -0.03030493 -0.01638074 0.02989845
v -0.03220929 -0.01293757 0.02950271
v -0.03220929 -0.01293757 0.02950271
v -0.03030493 -0.01638074 0.02989845
v -0.02874413 -0.01499761 0.03171298
v -0.03030493 -0.01638074 0.02989845
v -0.02654793 -0.01819550 0.03200024
v -0.02874413 -0.01499761 0.03171298
v -0.02874413 -0.01499761 0.03171298
v -0.02654793 -0.01819550 0.03200024
v -0.02481771 -0.01657834 0.03357705
v -0.02654793 -0.01819550 0.03200024
v -0.02236707 -0.01950894 0.03374519
v -0.02481771 -0.01657834 0.03357705
v -0.02481771 -0.01657834 0.03357705
v -0.02236707 -0.01950894 0.03374519
v -0.01843234 -0.01562630 0.03620283
v -0.02236707 -0.01950894 0.03374519
v -0.01580618 -0.01823014 0.03624311
v -0.01843234 -0.01562630 0.03620283
v -0.01843234 -0.01562630 0.03620283
v -0.01580618 -0.01823014 0.03624311
v -0.01130544 -0.01355778 0.03785913
v -0.03119034 0.02104500 0.02631076
v -0.03224668 0.02018066 0.02548706
v -0.03332372 0.01608153 0.02654095
v -0.03224668 0.02018066 0.02548706
v -0.03474665 0.01497683 0.02514596
v -0.03332372 0.01608153 0.02654095
v -0.03332372 0.01608153 0.02654095
v -0.03474665 0.01497683 0.02514596
v -0.03517839 0.01109923 0.02637873
v -0.03474665 0.01497683 0.02514596
v -0.03652972 0.01008699 0.02474980
v -0.03517839 0.01109923 0.02637873
v -0.03652972 0.01008699 0.02474980
v -0.03668689 0.00613388 0.02581989
v -0.03517839 0.01109923 0.02637873
v -0.03668689 0.00613388 0.02581989
v -0.03526861 0.00719169 0.02749278
v -0.03517839 0.01109923 0.02637873
v -0.03517839 0.01109923 0.02637873
v -0.03526861 0.00719169 0.02749278
v -0.03366822 0.01224979 0.02781564
v -0.03526861 0.00719169 0.02749278
v -0.03368408 0.00839381 0.02896398
v -0.03366822 0.01224979 0.02781564
v -0.03366822 0.01224979 0.02781564
v -0.03368408 0.00839381 0.02896398
v -0.03193959 0.00974082 0.03024008
v -0.03368408 0.00839381 0.02896398
v -0.03156010 0.00595665 0.03128446
v -0.03193959 0.00974082 0.03024008
v -0.03193959 0.00974082 0.03024008
v -0.03156010 0.00595665 0.03128446
v -0.02959175 0.00751553 0.03238644
v -0.03156010 0.00595665 0.03128446
v -0.02884294 0.00384825 0.03331235
v -0.02959175 0.00751553 0.03238644
v -0.02959175 0.00751553 0.03238644
v -0.02884294 0.00384825 0.03331235
v -0.02435123 0.00756177 0.03498122
v -0.03337139 0.00454743 0.02998884
v -0.03368408 0.00839381 0.02896398
v -0.03501675 0.00328906 0.02848967
v -0.03368408 0.00839381 0.02896398
v -0.03526861 0.00719169 0.02749278
v -0.03501675 0.00328906 0.02848967
v -0.03501675 0.00328906 0.02848967
v -0.03526861 0.00719169 0.02749278
v -0.03648961 0.00218113 0.02677980
v -0.03526861 0.00719169 0.02749278
v -0.03668689 0.00613388 0.02581989
v -0.03648961 0.00218113 0.02677980
v -0.03648961 0.00218113 0.02677980
v -0.03668689 0.00613388 0.02581989
v -0.03778560 0.00122167 0.02485472
v -0.03668689 0.00613388 0.02581989
v -0.03793475 0.00521835 0.02394126
v -0.03778560 0.00122167 0.02485472
v -0.03778560 0.00122167 0.02485472
v -0.03793475 0.00521835 0.02394126
v -0.03890297 0.00040708 0.02271302
v -0.03477196 -0.01507909 0.02516278
v -0.03285595 -0.01861256 0.02552155
v -0.03167590 -0.01758490 0.02783550
v -0.03285595 -0.01861256 0.02552155
v -0.02944869 -0.02087811 0.02810431
v -0.03167590 -0.01758490 0.02783550
v -0.03167590 -0.01758490 0.02783550
v -0.02944869 -0.02087811 0.02810431
v -0.02809273 -0.01962882 0.03017812
v -0.02944869 -0.02087811 0.02810431
v -0.02558994 -0.02265399 0.03034095
v -0.02809273 -0.01962882 0.03017812
v -0.02809273 -0.01962882 0.03017812
v -0.02558994 -0.02265399 0.03034095
v -0.02407041 -0.02117535 0.03216667
v -0.02558994 -0.02265399 0.03034095
v -0.02133128 -0.02391348 0.03221192
v -0.02407041 -0.02117535 0.03216667
v -0.02407041 -0.02117535 0.03216667
v -0.02133128 -0.02391348 0.03221192
v -0.01966383 -0.02220474 0.03378940
v -0.02133128 -0.02391348 0.03221192
v -0.01672786 -0.02464477 0.03370944
v -0.01966383 -0.02220474 0.03378940
v -0.01966383 -0.02220474 0.03378940
v -0.01672786 -0.02464477 0.03370944
v -0.01296494 -0.02059711 0.03615701
v -0.01672786 -0.02464477 0.03370944
v -0.01358174 -0.02681114 0.03350524
v -0.01296494 -0.02059711 0.03615701
v -0.01296494 -0.02059711 0.03615701
v -0.01358174 -0.02681114 0.03350524
v -0.01183732 -0.02485329 0.03483634
v -0.02981014 -0.02671450 0.02049429
v -0.02693672 -0.02960863 0.02053294
v -0.02617504 -0.02884013 0.02337612
v -0.02693672 -0.02960863 0.02053294
v -0.02305811 -0.03142331 0.02331963
v -0.02617504 -0.02884013 0.02337612
v -0.02617504 -0.02884013 0.02337612
v -0.02305811 -0.03142331 0.02331963
v -0.02214899 -0.03045266 0.02590719
v -0.02305811 -0.03142331 0.02331963
v -0.01882886 -0.03270787 0.02573929
v -0.02214899 -0.03045266 0.02590719
v -0.02214899 -0.03045266 0.02590719
v -0.01882886 -0.03270787 0.02573929
v -0.01777963 -0.03152772 0.02805969
v -0.01882886 -0.03270787 0.02573929
v -0.01429708 -0.03344512 0.02776813
v -0.01777963 -0.03152772 0.02805969
v -0.01777963 -0.03152772 0.02805969
v -0.01429708 -0.03344512 0.02776813
v -0.01311811 -0.03205582 0.02981825
v -0.01429708 -0.03344512 0.02776813
v -0.00951479 -0.03363527 0.02939476
v -0.01311811 -0.03205582 0.02981825
v -0.01311811 -0.03205582 0.02981825
v -0.00951479 -0.03363527 0.02939476
v -0.00821817 -0.03204507 0.03117902
v -0.02379641 -0.03221064 0.02048256
v -0.02041851 -0.03449712 0.02034333
v -0.01970646 -0.03369546 0.02316519
v -0.02041851 -0.03449712 0.02034333
v -0.01683376 -0.03644657 0.02011568
v -0.01970646 -0.03369546 0.02316519
v -0.01970646 -0.03369546 0.02316519
v -0.01683376 -0.03644657 0.02011568
v -0.01615004 -0.03563567 0.02291319
v -0.01683376 -0.03644657 0.02011568
v -0.01307595 -0.03804164 0.01980047
v -0.01615004 -0.03563567 0.02291319
v -0.01615004 -0.03563567 0.02291319
v -0.01307595 -0.03804164 0.01980047
v -0.01242179 -0.03722708 0.02256449
v -0.02693672 -0.02960863 0.02053294
v -0.02379641 -0.03221064 0.02048256
v -0.02305811 -0.03142331 0.02331963
v -0.02379641 -0.03221064 0.02048256
v -0.01970646 -0.03369546 0.02316519
v -0.02305811 -0.03142331 0.02331963
v -0.02305811 -0.03142331 0.02331963
v -0.01970646 -0.03369546 0.02316519
v -0.01882886 -0.03270787 0.02573929
v -0.01970646 -0.03369546 0.02316519
v -0.01615004 -0.03563567 0.02291319
v -0.01882886 -0.03270787 0.02573929
v -0.01882886 -0.03270787 0.02573929
v -0.01615004 -0.03563567 0.02291319
v -0.01530654 -0.03463733 0.02546598
v -0.01615004 -0.03563567 0.02291319
v -0.01242179 -0.03722708 0.02256449
v -0.01530654 -0.03463733 0.02546598
v -0.01530654 -0.03463733 0.02546598
v -0.01242179 -0.03722708 0.02256449
v -0.01161397 -0.03622477 0.02508805
v -0.03239071 -0.02355543 0.02036688
v -0.02981014 -0.02671450 0.02049429
v -0.02902873 -0.02596869 0.02333448
v -0.02981014 -0.02671450 0.02049429
v -0.02617504 -0.02884013 0.02337612
v -0.02902873 -0.02596869 0.02333448
v -0.02902873 -0.02596869 0.02333448
v -0.02617504 -0.02884013 0.02337612
v -0.02523793 -0.02789191 0.02596933
v -0.02617504 -0.02884013 0.02337612
v -0.02214899 -0.03045266 0.02590719
v -0.02523793 -0.02789191 0.02596933
v -0.02523793 -0.02789191 0.02596933
v -0.02214899 -0.03045266 0.02590719
v -0.02106312 -0.02929187 0.02823927
v -0.02214899 -0.03045266 0.02590719
v -0.01777963 -0.03152772 0.02805969
v -0.02106312 -0.02929187 0.02823927
v -0.02106312 -0.02929187 0.02823927
v -0.01777963 -0.03152772 0.02805969
v -0.01655548 -0.03015151 0.03012501
v -0.01777963 -0.03152772 0.02805969
v -0.01311811 -0.03205582 0.02981825
v -0.01655548 -0.03015151 0.03012501
v -0.01655548 -0.03015151 0.03012501
v -0.01311811 -0.03205582 0.02981825
v -0.01176849 -0.03046914 0.03161901
v -0.01311811 -0.03205582 0.02981825
v -0.00821817 -0.03204507 0.03117902
v -0.01176849 -0.03046914 0.03161901
v -0.01176849 -0.03046914 0.03161901
v -0.00821817 -0.03204507 0.03117902
v -0.00675699 -0.03026056 0.03272424
v -0.04017465 -0.00487866 0.01842865
v -0.03935299 -0.00888441 0.01898518
v -0.03855011 -0.00828373 0.02167430
v -0.03935299 -0.00888441 0.01898518
v -0.03815111 -0.01279055 0.01945895
v -0.03855011 -0.00828373 0.02167430
v -0.03855011 -0.00828373 0.02167430
v -0.03815111 -0.01279055 0.01945895
v -0.03734044 -0.01215928 0.02219640
v -0.03815111 -0.01279055 0.01945895
v -0.03658032 -0.01656093 0.01984815
v -0.03734044 -0.01215928 0.02219640
v -0.03734044 -0.01215928 0.02219640
v -0.03658032 -0.01656093 0.01984815
v -0.03576834 -0.01589904 0.02262487
v -0.03658032 -0.01656093 0.01984815
v -0.03465415 -0.02016028 0.02015118
v -0.03576834 -0.01589904 0.02262487
v -0.03576834 -0.01589904 0.02262487
v -0.03465415 -0.02016028 0.02015118
v -0.03384697 -0.01946855 0.02295812
v -0.03465415 -0.02016028 0.02015118
v -0.03239071 -0.02355543 0.02036688
v -0.03384697 -0.01946855 0.02295812
v -0.03384697 -0.01946855 0.02295812
v -0.03239071 -0.02355543 0.02036688
v -0.03159390 -0.02283547 0.02319498
v -0.03239071 -0.02355543 0.02036688
v -0.02902873 -0.02596869 0.02333448
v -0.03159390 -0.02283547 0.02319498
v -0.03159390 -0.02283547 0.02319498
v -0.02902873 -0.02596869 0.02333448
v -0.02806808 -0.02504764 0.02592554
v -0.02902873 -0.02596869 0.02333448
v -0.02523793 -0.02789191 0.02596933
v -0.02806808 -0.02504764 0.02592554
v -0.02806808 -0.02504764 0.02592554
v -0.02523793 -0.02789191 0.02596933
v -0.02411963 -0.02675698 0.02830658
v -0.02523793 -0.02789191 0.02596933
v -0.02106312 -0.02929187 0.02823927
v -0.02411963 -0.02675698 0.02830658
v -0.02411963 -0.02675698 0.02830658
v -0.02106312 -0.02929187 0.02823927
v -0.01979747 -0.02793717 0.03031450
v -0.02106312 -0.02929187 0.02823927
v -0.01655548 -0.03015151 0.03012501
v -0.01979747 -0.02793717 0.03031450
v -0.01979747 -0.02793717 0.03031450
v -0.01655548 -0.03015151 0.03012501
v -0.01515566 -0.02857865 0.03193803
v -0.01655548 -0.03015151 0.03012501
v -0.01176849 -0.03046914 0.03161901
v -0.01515566 -0.02857865 0.03193803
v -0.01515566 -0.02857865 0.03193803
v -0.01176849 -0.03046914 0.03161901
v -0.01024931 -0.02868744 0.03317679
v -0.01176849 -0.03046914 0.03161901
v -0.00675699 -0.03026056 0.03272424
v -0.01024931 -0.02868744 0.03317679
v -0.01024931 -0.02868744 0.03317679
v -0.00675699 -0.03026056 0.03272424
v -0.00856360 -0.02671542 0.03450111
v -0.00675699 -0.03026056 0.03272424
v -0.00513374 -0.02828675 0.03403971
v -0.00856360 -0.02671542 0.03450111
v -0.00856360 -0.02671542 0.03450111
v -0.00513374 -0.02828675 0.03403971
v -0.00671645 -0.02456022 0.03560473
v -0.00513374 -0.02828675 0.03403971
v -0.00335287 -0.02613109 0.03513787
v -0.00671645 -0.02456022 0.03560473
v -0.00671645 -0.02456022 0.03560473
v -0.00335287 -0.02613109 0.03513787
v 0.00065764 -0.02131155 0.03674161
v -0.04017465 -0.00487866 0.01842865
v -0.04125271 -0.00564540 0.01255686
v -0.03935299 -0.00888441 0.01898518
v -0.04125271 -0.00564540 0.01255686
v -0.04045074 -0.00969212 0.01297558
v -0.03935299 -0.00888441 0.01898518
v -0.03935299 -0.00888441 0.01898518
v -0.04045074 -0.00969212 0.01297558
v -0.03815111 -0.01279055 0.01945895
v -0.04045074 -0.00969212 0.01297558
v -0.03925906 -0.01364059 0.01333263
v -0.03815111 -0.01279055 0.01945895
v -0.03815111 -0.01279055 0.01945895
v -0.03925906 -0.01364059 0.01333263
v -0.03658032 -0.01656093 0.01984815
v -0.03925906 -0.01364059 0.01333263
v -0.03768943 -0.01745353 0.01362643
v -0.03658032 -0.01656093 0.01984815
v -0.03658032 -0.01656093 0.01984815
v -0.03768943 -0.01745353 0.01362643
v -0.03465415 -0.02016028 0.02015118
v -0.03768943 -0.01745353 0.01362643
v -0.03575595 -0.02109448 0.01385557
v -0.03465415 -0.02016028 0.02015118
v -0.03465415 -0.02016028 0.02015118
v -0.03575595 -0.02109448 0.01385557
v -0.03239071 -0.02355543 0.02036688
v -0.03575595 -0.02109448 0.01385557
v -0.03347746 -0.02452914 0.01401906
v -0.03239071 -0.02355543 0.02036688
v -0.03239071 -0.02355543 0.02036688
v -0.03347746 -0.02452914 0.01401906
v -0.02981014 -0.02671450 0.02049429
v -0.03347746 -0.02452914 0.01401906
v -0.03087490 -0.02772450 0.01411609
v -0.02981014 -0.02671450 0.02049429
v -0.02981014 -0.02671450 0.02049429
v -0.03087490 -0.02772450 0.01411609
v -0.02693672 -0.02960863 0.02053294
v -0.03087490 -0.02772450 0.01411609
v -0.02797349 -0.03065064 0.01414626
v -0.02693672 -0.02960863 0.02053294
v -0.02693672 -0.02960863 0.02053294
v -0.02797349 -0.03065064 0.01414626
v -0.02379641 -0.03221064 0.02048256
v -0.02797349 -0.03065064 0.01414626
v -0.02480021 -0.03327937 0.01410935
v -0.02379641 -0.03221064 0.02048256
v -0.02379641 -0.03221064 0.02048256
v -0.02480021 -0.03327937 0.01410935
v -0.02041851 -0.03449712 0.02034333
v -0.02480021 -0.03327937 0.01410935
v -0.02138542 -0.03558638 0.01400555
v -0.02041851 -0.03449712 0.02034333
v -0.02041851 -0.03449712 0.02034333
v -0.02138542 -0.03558638 0.01400555
v -0.01683376 -0.03644657 0.02011568
v -0.02138542 -0.03558638 0.01400555
v -0.01776100 -0.03754933 0.01383523
v -0.01683376 -0.03644657 0.02011568
v -0.01683376 -0.03644657 0.02011568
v -0.01776100 -0.03754933 0.01383523
v -0.01307595 -0.03804164 0.01980047
v -0.03874282 0.00846794 0.02090419
v -0.03810196 0.01244914 0.01985964
v -0.03957245 0.01138216 0.01541975
v -0.03638893 0.01688906 0.02022633
v -0.03709294 0.01634703 0.01872217
v -0.03810196 0.01244914 0.01985964
v -0.03709294 0.01634703 0.01872217
v -0.03772628 0.01586458 0.01704584
v -0.03810196 0.01244914 0.01985964
v -0.03810196 0.01244914 0.01985964
v -0.03772628 0.01586458 0.01704584
v -0.03957245 0.01138216 0.01541975
v -0.03772628 0.01586458 0.01704584
v -0.03821344 0.01549721 0.01543919
v -0.03957245 0.01138216 0.01541975
v -0.04125271 -0.00564540 0.01255686
v -0.04176646 -0.00600228 0.00599781
v -0.04045074 -0.00969212 0.01297558
v -0.04176646 -0.00600228 0.00599781
v -0.04097371 -0.01006870 0.00625215
v -0.04045074 -0.00969212 0.01297558
v -0.04045074 -0.00969212 0.01297558
v -0.04097371 -0.01006870 0.00625215
v -0.03925906 -0.01364059 0.01333263
v -0.04097371 -0.01006870 0.00625215
v -0.03978660 -0.01403766 0.00646927
v -0.03925906 -0.01364059 0.01333263
v -0.03925906 -0.01364059 0.01333263
v -0.03978660 -0.01403766 0.00646927
v -0.03768943 -0.01745353 0.01362643
v -0.03978660 -0.01403766 0.00646927
v -0.03821716 -0.01787127 0.00664812
v -0.03768943 -0.01745353 0.01362643
v -0.03768943 -0.01745353 0.01362643
v -0.03821716 -0.01787127 0.00664812
v -0.03575595 -0.02109448 0.01385557
v -0.03821716 -0.01787127 0.00664812
v -0.03627974 -0.02153253 0.00678778
v -0.03575595 -0.02109448 0.01385557
v -0.03575595 -0.02109448 0.01385557
v -0.03627974 -0.02153253 0.00678778
v -0.03347746 -0.02452914 0.01401906
v -0.03627974 -0.02153253 0.00678778
v -0.03399355 -0.02498656 0.00688758
v -0.03347746 -0.02452914 0.01401906
v -0.03347746 -0.02452914 0.01401906
v -0.03399355 -0.02498656 0.00688758
v -0.03087490 -0.02772450 0.01411609
v -0.03399355 -0.02498656 0.00688758
v -0.03137995 -0.02819978 0.00694700
v -0.03087490 -0.02772450 0.01411609
v -0.03087490 -0.02772450 0.01411609
v -0.03137995 -0.02819978 0.00694700
v -0.02797349 -0.03065064 0.01414626
v -0.03137995 -0.02819978 0.00694700
v -0.02846461 -0.03114176 0.00696578
v -0.02797349 -0.03065064 0.01414626
v -0.02797349 -0.03065064 0.01414626
v -0.02846461 -0.03114176 0.00696578
v -0.02480021 -0.03327937 0.01410935
v -0.02846461 -0.03114176 0.00696578
v -0.02527501 -0.03378380 0.00694378
v -0.02480021 -0.03327937 0.01410935
v -0.02480021 -0.03327937 0.01410935
v -0.02527501 -0.03378380 0.00694378
v -0.02138542 -0.03558638 0.01400555
v -0.02527501 -0.03378380 0.00694378
v -0.02184205 -0.03610116 0.00688113
v -0.02138542 -0.03558638 0.01400555
v -0.02138542 -0.03558638 0.01400555
v -0.02184205 -0.03610116 0.00688113
v -0.01776100 -0.03754933 0.01383523
v -0.03224668 0.02018066 0.02548706
v -0.03447189 0.01839204 0.02319678
v -0.03474665 0.01497683 0.02514596
v -0.03447189 0.01839204 0.02319678
v -0.03601926 0.01400468 0.02356911
v -0.03474665 0.01497683 0.02514596
v -0.03474665 0.01497683 0.02514596
v -0.03601926 0.01400468 0.02356911
v -0.03652972 0.01008699 0.02474980
v -0.03601926 0.01400468 0.02356911
v -0.03771836 0.00921106 0.02292524
v -0.03652972 0.01008699 0.02474980
v -0.03652972 0.01008699 0.02474980
v -0.03771836 0.00921106 0.02292524
v -0.03793475 0.00521835 0.02394126
v -0.03771836 0.00921106 0.02292524
v -0.03901053 0.00444147 0.02185575
v -0.03793475 0.00521835 0.02394126
v -0.03793475 0.00521835 0.02394126
v -0.03901053 0.00444147 0.02185575
v -0.03890297 0.00040708 0.02271302
v -0.03901053 0.00444147 0.02185575
v -0.04065340 0.00328076 0.01707610
v -0.03890297 0.00040708 0.02271302
v -0.03890297 0.00040708 0.02271302
v -0.04065340 0.00328076 0.01707610
v -0.04060953 -0.00081091 0.01779153
v -0.04065340 0.00328076 0.01707610
v -0.04166275 0.00258744 0.01154236
v -0.04060953 -0.00081091 0.01779153
v -0.04060953 -0.00081091 0.01779153
v -0.04166275 0.00258744 0.01154236
v -0.04165816 -0.00153917 0.01207842
v -0.04166275 0.00258744 0.01154236
v -0.04214376 0.00226550 0.00538291
v -0.04165816 -0.00153917 0.01207842
v -0.04165816 -0.00153917 0.01207842
v -0.04214376 0.00226550 0.00538291
v -0.04215794 -0.00187766 0.00570759
v -0.04214376 0.00226550 0.00538291
v -0.04226901 -0.00223344 -0.00000000
v -0.04215794 -0.00187766 0.00570759
v -0.04215794 -0.00187766 0.00570759
v -0.04226901 -0.00223344 -0.00000000
v -0.04190684 -0.00600498 -0.00000006
v -0.03874282 0.00846794 0.02090419
v -0.03957245 0.01138216 0.01541975
v -0.04030676 0.00735795 0.01628476
v -0.03957245 0.01138216 0.01541975
v -0.04047478 0.01074476 0.01030675
v -0.04030676 0.00735795 0.01628476
v -0.04030676 0.00735795 0.01628476
v -0.04047478 0.01074476 0.01030675
v -0.04126720 0.00669517 0.01095102
v -0.04047478 0.01074476 0.01030675
v -0.04090431 0.01044874 0.00463682
v -0.04126720 0.00669517 0.01095102
v -0.04126720 0.00669517 0.01095102
v -0.04090431 0.01044874 0.00463682
v -0.04172472 0.00638750 0.00502543
v -0.04090431 0.01044874 0.00463682
v -0.04184806 0.00623715 0.00000004
v -0.04172472 0.00638750 0.00502543
v -0.04172472 0.00638750 0.00502543
v -0.04184806 0.00623715 0.00000004
v -0.04226087 0.00221442 0.00000001
v -0.03821344 0.01549721 0.01543919
v -0.03845708 0.01531483 0.01448272
v -0.03957245 0.01138216 0.01541975
v -0.03845708 0.01531483 0.01448272
v -0.03898760 0.01492130 0.01181594
v -0.03957245 0.01138216 0.01541975
v -0.03957245 0.01138216 0.01541975
v -0.03898760 0.01492130 0.01181594
v -0.04047478 0.01074476 0.01030675
v -0.03898760 0.01492130 0.01181594
v -0.03969280 0.01440868 0.00416559
v -0.04047478 0.01074476 0.01030675
v -0.04047478 0.01074476 0.01030675
v -0.03969280 0.01440868 0.00416559
v -0.04090431 0.01044874 0.00463682
v -0.03969280 0.01440868 0.00416559
v -0.04105358 0.01019790 0.00000005
v -0.04090431 0.01044874 0.00463682
v -0.04090431 0.01044874 0.00463682
v -0.04105358 0.01019790 0.00000005
v -0.04184806 0.00623715 0.00000004
v -0.03515828 0.01784962 0.02227521
v -0.03638893 0.01688906 0.02022633
v -0.03601926 0.01400468 0.02356911
v -0.03638893 0.01688906 0.02022633
v -0.03810196 0.01244914 0.01985964
v -0.03601926 0.01400468 0.02356911
v -0.03601926 0.01400468 0.02356911
v -0.03810196 0.01244914 0.01985964
v -0.03771836 0.00921106 0.02292524
v -0.03810196 0.01244914 0.01985964
v -0.03874282 0.00846794 0.02090419
v -0.03771836 0.00921106 0.02292524
v -0.03771836 0.00921106 0.02292524
v -0.03874282 0.00846794 0.02090419
v -0.03901053 0.00444147 0.02185575
v -0.03874282 0.00846794 0.02090419
v -0.04030676 0.00735795 0.01628476
v -0.03901053 0.00444147 0.02185575
v -0.03901053 0.00444147 0.02185575
v -0.04030676 0.00735795 0.01628476
v -0.04065340 0.00328076 0.01707610
v -0.04030676 0.00735795 0.01628476
v -0.04126720 0.00669517 0.01095102
v -0.04065340 0.00328076 0.01707610
v -0.04065340 0.00328076 0.01707610
v -0.04126720 0.00669517 0.01095102
v -0.04166275 0.00258744 0.01154236
v -0.04126720 0.00669517 0.01095102
v -0.04172472 0.00638750 0.00502543
v -0.04166275 0.00258744 0.01154236
v -0.04166275 0.00258744 0.01154236
v -0.04172472 0.00638750 0.00502543
v -0.04214376 0.00226550 0.00538291
v -0.04172472 0.00638750 0.00502543
v -0.04226087 0.00221442 0.00000001
v -0.04214376 0.00226550 0.00538291
v -0.04214376 0.00226550 0.00538291
v -0.04226087 0.00221442 0.00000001
v -0.04226901 -0.00223344 -0.00000000
v 0.04136862 0.03360513 0.03813696
v 0.03752527 0.03707253 0.03843818
v 0.02381502 0.02408518 0.03860276
v 0.03752527 0.03707253 0.03843818
v 0.01936499 0.02829063 0.03850520
v 0.02381502 0.02408518 0.03860276
v 0.02381502 0.02408518 0.03860276
v 0.01936499 0.02829063 0.03850520
v 0.00676532 0.01481782 0.03891481
v 0.04944334 0.02631927 0.03651174
v 0.04545524 0.02991793 0.03749488
v 0.03326201 0.01635202 0.03761623
v 0.04545524 0.02991793 0.03749488
v 0.02845560 0.02009959 0.03831089
v 0.03326201 0.01635202 0.03761623
v 0.03326201 0.01635202 0.03761623
v 0.02845560 0.02009959 0.03831089
v 0.01611779 0.00638536 0.03873472
v 0.02845560 0.02009959 0.03831089
v 0.01124564 0.01038117 0.03903367
v 0.01611779 0.00638536 0.03873472
v 0.01611779 0.00638536 0.03873472
v 0.01124564 0.01038117 0.03903367
v -0.00072978 -0.00243891 0.03917404
v 0.01124564 0.01038117 0.03903367
v -0.00536611 0.00234986 0.03901826
v -0.00072978 -0.00243891 0.03917404
v -0.00072978 -0.00243891 0.03917404
v -0.00536611 0.00234986 0.03901826
v -0.00624647 -0.00826302 0.03878170
v -0.00536611 0.00234986 0.03901826
v -0.01099861 -0.00326649 0.03860585
v -0.00624647 -0.00826302 0.03878170
v -0.00624647 -0.00826302 0.03878170
v -0.01099861 -0.00326649 0.03860585
v -0.01130544 -0.01355778 0.03785913
v -0.01099861 -0.00326649 0.03860585
v -0.01618858 -0.00834499 0.03766541
v -0.01130544 -0.01355778 0.03785913
v -0.01130544 -0.01355778 0.03785913
v -0.01618858 -0.00834499 0.03766541
v -0.01843234 -0.01562630 0.03620283
v -0.01618858 -0.00834499 0.03766541
v -0.02082637 -0.01280369 0.03603637
v -0.01843234 -0.01562630 0.03620283
v -0.01843234 -0.01562630 0.03620283
v -0.02082637 -0.01280369 0.03603637
v -0.02481771 -0.01657834 0.03357705
v -0.02082637 -0.01280369 0.03603637
v -0.02507054 -0.01169531 0.03462473
v -0.02481771 -0.01657834 0.03357705
v -0.02481771 -0.01657834 0.03357705
v -0.02507054 -0.01169531 0.03462473
v -0.02699728 -0.01343524 0.03328529
v 0.03752527 0.03707253 0.03843818
v 0.03227786 0.04180618 0.03840015
v 0.01936499 0.02829063 0.03850520
v 0.03227786 0.04180618 0.03840015
v 0.03192543 0.04212409 0.03837907
v 0.01936499 0.02829063 0.03850520
v 0.01936499 0.02829063 0.03850520
v 0.03192543 0.04212409 0.03837907
v 0.01512479 0.03269427 0.03801288
v 0.03192543 0.04212409 0.03837907
v 0.02919773 0.04458449 0.03813526
v 0.01512479 0.03269427 0.03801288
v 0.01512479 0.03269427 0.03801288
v 0.02919773 0.04458449 0.03813526
v 0.01111286 0.03726658 0.03710037
v 0.02919773 0.04458449 0.03813526
v 0.02323892 0.04995884 0.03707223
v 0.01111286 0.03726658 0.03710037
v 0.02323892 0.04995884 0.03707223
v 0.02294537 0.05022358 0.03699932
v 0.01111286 0.03726658 0.03710037
v 0.02294537 0.05022358 0.03699932
v 0.02137343 0.05164120 0.03657258
v 0.01111286 0.03726658 0.03710037
v 0.01111286 0.03726658 0.03710037
v 0.02137343 0.05164120 0.03657258
v 0.00735186 0.04196567 0.03571571
v 0.02137343 0.05164120 0.03657258
v 0.01880134 0.05396061 0.03573028
v 0.00735186 0.04196567 0.03571571
v 0.00735186 0.04196567 0.03571571
v 0.01880134 0.05396061 0.03573028
v 0.00388220 0.04672520 0.03376405
v 0.01880134 0.05396061 0.03573028
v 0.01552968 0.05691057 0.03435356
v 0.00388220 0.04672520 0.03376405
v 0.01552968 0.05691057 0.03435356
v 0.01425146 0.05806298 0.03370163
v 0.00388220 0.04672520 0.03376405
v 0.00388220 0.04672520 0.03376405
v 0.01425146 0.05806298 0.03370163
v 0.01238991 0.05974117 0.03260797
v -0.00934425 0.00772024 0.03839711
v -0.01261509 0.01357573 0.03729670
v -0.01497655 0.00239190 0.03794423
v -0.01261509 0.01357573 0.03729670
v -0.01811584 0.00858967 0.03678756
v -0.01497655 0.00239190 0.03794423
v -0.01497655 0.00239190 0.03794423
v -0.01811584 0.00858967 0.03678756
v -0.02018603 -0.00239876 0.03697157
v -0.01811584 0.00858967 0.03678756
v -0.02321644 0.00413098 0.03577308
v -0.02018603 -0.00239876 0.03697157
v -0.02018603 -0.00239876 0.03697157
v -0.02321644 0.00413098 0.03577308
v -0.02780073 0.00025828 0.03411005
v -0.01690238 0.02625064 0.03350837
v -0.01747967 0.02950587 0.03217367
v -0.02203983 0.02543663 0.03152730
v -0.01747967 0.02950587 0.03217367
v -0.01783291 0.03274889 0.03064669
v -0.02203983 0.02543663 0.03152730
v -0.01783291 0.03274889 0.03064669
v -0.02164076 0.02926916 0.03008741
v -0.02203983 0.02543663 0.03152730
v -0.02203983 0.02543663 0.03152730
v -0.02164076 0.02926916 0.03008741
v -0.02406302 0.02711485 0.02953534
v -0.02037314 0.01518314 0.03511433
v -0.02116162 0.01857672 0.03407165
v -0.02583803 0.01463619 0.03299766
v -0.02116162 0.01857672 0.03407165
v -0.02618415 0.01822760 0.03179530
v -0.02583803 0.01463619 0.03299766
v -0.02583803 0.01463619 0.03299766
v -0.02618415 0.01822760 0.03179530
v -0.03019699 0.01496685 0.03013985
v -0.02618415 0.01822760 0.03179530
v -0.03005026 0.01868921 0.02880936
v -0.03019699 0.01496685 0.03013985
v -0.03019699 0.01496685 0.03013985
v -0.03005026 0.01868921 0.02880936
v -0.03200508 0.01353928 0.02906652
v -0.03005026 0.01868921 0.02880936
v -0.03175581 0.01731930 0.02775949
v -0.03200508 0.01353928 0.02906652
v -0.00934425 0.00772024 0.03839711
v 0.00271101 0.01965424 0.03837390
v -0.01261509 0.01357573 0.03729670
v 0.00271101 0.01965424 0.03837390
v -0.00089057 0.02483620 0.03738947
v -0.01261509 0.01357573 0.03729670
v -0.01261509 0.01357573 0.03729670
v -0.00089057 0.02483620 0.03738947
v -0.01514417 0.01980001 0.03568678
v -0.00089057 0.02483620 0.03738947
v -0.00401620 0.03029312 0.03591703
v -0.01514417 0.01980001 0.03568678
v -0.01514417 0.01980001 0.03568678
v -0.00401620 0.03029312 0.03591703
v -0.01690238 0.02625064 0.03350837
v -0.00401620 0.03029312 0.03591703
v -0.00663400 0.03592785 0.03387402
v -0.01690238 0.02625064 0.03350837
v -0.01690238 0.02625064 0.03350837
v -0.00663400 0.03592785 0.03387402
v -0.01747967 0.02950587 0.03217367
v -0.00663400 0.03592785 0.03387402
v -0.00773389 0.03876944 0.03259508
v -0.01747967 0.02950587 0.03217367
v -0.01747967 0.02950587 0.03217367
v -0.00773389 0.03876944 0.03259508
v -0.01783291 0.03274889 0.03064669
v -0.03119034 0.02104500 0.02631076
v -0.03332372 0.01608153 0.02654095
v -0.03175581 0.01731930 0.02775949
v -0.03332372 0.01608153 0.02654095
v -0.03366822 0.01224979 0.02781564
v -0.03175581 0.01731930 0.02775949
v -0.03175581 0.01731930 0.02775949
v -0.03366822 0.01224979 0.02781564
v -0.03200508 0.01353928 0.02906652
v -0.03366822 0.01224979 0.02781564
v -0.03193959 0.00974082 0.03024008
v -0.03200508 0.01353928 0.02906652
v -0.03200508 0.01353928 0.02906652
v -0.03193959 0.00974082 0.03024008
v -0.03004364 0.01123176 0.03133027
v -0.03193959 0.00974082 0.03024008
v -0.02959175 0.00751553 0.03238644
v -0.03004364 0.01123176 0.03133027
v -0.03004364 0.01123176 0.03133027
v -0.02959175 0.00751553 0.03238644
v -0.02522624 0.01107184 0.03405740
v -0.02959175 0.00751553 0.03238644
v -0.02435123 0.00756177 0.03498122
v -0.02522624 0.01107184 0.03405740
v -0.02522624 0.01107184 0.03405740
v -0.02435123 0.00756177 0.03498122
v -0.02037314 0.01518314 0.03511433
v -0.00993406 0.04033445 0.03108838
v 0.00388220 0.04672520 0.03376405
v 0.00067406 0.05129557 0.03107240
v 0.00388220 0.04672520 0.03376405
v 0.01238991 0.05974117 0.03260797
v 0.00067406 0.05129557 0.03107240
v 0.00067406 0.05129557 0.03107240
v 0.01238991 0.05974117 0.03260797
v 0.01105574 0.06094379 0.03169218
v 0.00676532 0.01481782 0.03891481
v 0.01936499 0.02829063 0.03850520
v 0.00271101 0.01965424 0.03837390
v 0.01936499 0.02829063 0.03850520
v 0.01512479 0.03269427 0.03801288
v 0.00271101 0.01965424 0.03837390
v 0.00271101 0.01965424 0.03837390
v 0.01512479 0.03269427 0.03801288
v -0.00089057 0.02483620 0.03738947
v 0.01512479 0.03269427 0.03801288
v 0.01111286 0.03726658 0.03710037
v -0.00089057 0.02483620 0.03738947
v -0.00089057 0.02483620 0.03738947
v 0.01111286 0.03726658 0.03710037
v -0.00401620 0.03029312 0.03591703
v 0.01111286 0.03726658 0.03710037
v 0.00735186 0.04196567 0.03571571
v -0.00401620 0.03029312 0.03591703
v -0.00401620 0.03029312 0.03591703
v 0.00735186 0.04196567 0.03571571
v -0.00663400 0.03592785 0.03387402
v 0.00735186 0.04196567 0.03571571
v 0.00388220 0.04672520 0.03376405
v -0.00663400 0.03592785 0.03387402
v -0.00663400 0.03592785 0.03387402
v 0.00388220 0.04672520 0.03376405
v -0.00773389 0.03876944 0.03259508
v 0.00388220 0.04672520 0.03376405
v -0.00993406 0.04033445 0.03108838
v -0.00773389 0.03876944 0.03259508
v -0.00773389 0.03876944 0.03259508
v -0.00993406 0.04033445 0.03108838
v -0.01783291 0.03274889 0.03064669
v 0.04545524 0.02991793 0.03749488
v 0.04136862 0.03360513 0.03813696
v 0.02845560 0.02009959 0.03831089
v 0.04136862 0.03360513 0.03813696
v 0.02381502 0.02408518 0.03860276
v 0.02845560 0.02009959 0.03831089
v 0.02845560 0.02009959 0.03831089
v 0.02381502 0.02408518 0.03860276
v 0.01124564 0.01038117 0.03903367
v 0.02381502 0.02408518 0.03860276
v 0.00676532 0.01481782 0.03891481
v 0.01124564 0.01038117 0.03903367
v 0.01124564 0.01038117 0.03903367
v 0.00676532 0.01481782 0.03891481
v -0.00536611 0.00234986 0.03901826
v 0.00676532 0.01481782 0.03891481
v -0.00934425 0.00772024 0.03839711
v -0.00536611 0.00234986 0.03901826
v -0.00536611 0.00234986 0.03901826
v -0.00934425 0.00772024 0.03839711
v -0.01099861 -0.00326649 0.03860585
v -0.00934425 0.00772024 0.03839711
v -0.01497655 0.00239190 0.03794423
v -0.01099861 -0.00326649 0.03860585
v -0.01099861 -0.00326649 0.03860585
v -0.01497655 0.00239190 0.03794423
v -0.01618858 -0.00834499 0.03766541
v -0.01497655 0.00239190 0.03794423
v -0.02018603 -0.00239876 0.03697157
v -0.01618858 -0.00834499 0.03766541
v -0.01618858 -0.00834499 0.03766541
v -0.02018603 -0.00239876 0.03697157
v -0.02297243 -0.00978160 0.03574387
v -0.02018603 -0.00239876 0.03697157
v -0.02485747 -0.00658175 0.03532537
v -0.02297243 -0.00978160 0.03574387
v -0.02297243 -0.00978160 0.03574387
v -0.02485747 -0.00658175 0.03532537
v -0.02507054 -0.01169531 0.03462473
v -0.02485747 -0.00658175 0.03532537
v -0.02695915 -0.00842807 0.03420625
v -0.02507054 -0.01169531 0.03462473
v -0.02507054 -0.01169531 0.03462473
v -0.02695915 -0.00842807 0.03420625
v -0.02699728 -0.01343524 0.03328529
v -0.02695915 -0.00842807 0.03420625
v -0.02889052 -0.01010458 0.03287037
v -0.02699728 -0.01343524 0.03328529
v -0.02699728 -0.01343524 0.03328529
v -0.02889052 -0.01010458 0.03287037
v -0.03064272 -0.01160813 0.03130554
v -0.02889052 -0.01010458 0.03287037
v -0.03222908 -0.00805461 0.03077864
v -0.03064272 -0.01160813 0.03130554
v -0.03064272 -0.01160813 0.03130554
v -0.03222908 -0.00805461 0.03077864
v -0.03379033 -0.00932826 0.02899180
v -0.03222908 -0.00805461 0.03077864
v -0.03503652 -0.00558382 0.02836687
v -0.03379033 -0.00932826 0.02899180
v -0.03379033 -0.00932826 0.02899180
v -0.03503652 -0.00558382 0.02836687
v -0.03639483 -0.00663984 0.02636898
v -0.03503652 -0.00558382 0.02836687
v -0.03727097 -0.00274285 0.02566447
v -0.03639483 -0.00663984 0.02636898
v -0.03639483 -0.00663984 0.02636898
v -0.03727097 -0.00274285 0.02566447
v -0.03841997 -0.00359823 0.02347426
v 0.06642909 0.01098024 0.02069808
v 0.05912010 0.00287277 0.02077418
v 0.06641097 0.01099570 0.01983889
v 0.05912010 0.00287277 0.02077418
v 0.05934379 0.00327632 0.01926201
v 0.06641097 0.01099570 0.01983889
v 0.06641097 0.01099570 0.01983889
v 0.05934379 0.00327632 0.01926201
v 0.06638829 0.01101585 0.01954328
v 0.05803655 0.00264773 0.02372217
v 0.05867755 0.00266728 0.02227827
v 0.06621885 0.01117182 0.02257863
v 0.06642909 0.01098024 0.02069808
v 0.06641446 0.01099381 0.02107409
v 0.05912010 0.00287277 0.02077418
v 0.06641446 0.01099381 0.02107409
v 0.06638087 0.01102456 0.02150491
v 0.05912010 0.00287277 0.02077418
v 0.05912010 0.00287277 0.02077418
v 0.06638087 0.01102456 0.02150491
v 0.05867755 0.00266728 0.02227827
v 0.06638087 0.01102456 0.02150491
v 0.06628779 0.01110925 0.02220642
v 0.05867755 0.00266728 0.02227827
v 0.05867755 0.00266728 0.02227827
v 0.06628779 0.01110925 0.02220642
v 0.06621885 0.01117182 0.02257863
v 0.05885943 0.00547614 0.01514310
v 0.06479269 0.01245033 0.01474354
v 0.05918138 0.00461110 0.01641737
v 0.06479269 0.01245033 0.01474354
v 0.06566880 0.01166184 0.01653936
v 0.05918138 0.00461110 0.01641737
v 0.05918138 0.00461110 0.01641737
v 0.06566880 0.01166184 0.01653936
v 0.05935504 0.00386572 0.01779674
v 0.06566880 0.01166184 0.01653936
v 0.06617326 0.01120844 0.01817974
v 0.05935504 0.00386572 0.01779674
v 0.05935504 0.00386572 0.01779674
v 0.06617326 0.01120844 0.01817974
v 0.05934379 0.00327632 0.01926201
v 0.06617326 0.01120844 0.01817974
v 0.06634901 0.01105092 0.01918156
v 0.05934379 0.00327632 0.01926201
v 0.05934379 0.00327632 0.01926201
v 0.06634901 0.01105092 0.01918156
v 0.06638829 0.01101585 0.01954328
v 0.04750470 -0.00040434 0.01097818
v 0.04837024 0.00088133 0.01089750
v 0.04987463 -0.00057694 0.01252242
v 0.04837024 0.00088133 0.01089750
v 0.05223857 0.00245056 0.01229117
v 0.04987463 -0.00057694 0.01252242
v 0.04987463 -0.00057694 0.01252242
v 0.05223857 0.00245056 0.01229117
v 0.05275891 -0.00015077 0.01433351
v 0.05223857 0.00245056 0.01229117
v 0.05729491 0.00851792 0.01192882
v 0.05275891 -0.00015077 0.01433351
v 0.05275891 -0.00015077 0.01433351
v 0.05729491 0.00851792 0.01192882
v 0.05842083 0.00643117 0.01397415
v 0.05729491 0.00851792 0.01192882
v 0.06340408 0.01370099 0.01277370
v 0.05842083 0.00643117 0.01397415
v 0.05842083 0.00643117 0.01397415
v 0.06340408 0.01370099 0.01277370
v 0.06441036 0.01279461 0.01412984
v 0.06621885 0.01117182 0.02257863
v 0.06610928 0.01127115 0.02306051
v 0.05803655 0.00264773 0.02372217
v 0.06610928 0.01127115 0.02306051
v 0.06582445 0.01152907 0.02401310
v 0.05803655 0.00264773 0.02372217
v 0.05803655 0.00264773 0.02372217
v 0.06582445 0.01152907 0.02401310
v 0.05723302 0.00278610 0.02507361
v 0.06582445 0.01152907 0.02401310
v 0.06559514 0.01173655 0.02461894
v 0.05723302 0.00278610 0.02507361
v 0.05723302 0.00278610 0.02507361
v 0.06559514 0.01173655 0.02461894
v 0.05630595 0.00304970 0.02631924
v 0.06559514 0.01173655 0.02461894
v 0.06454603 0.01268503 0.02664154
v 0.05630595 0.00304970 0.02631924
v 0.05630595 0.00304970 0.02631924
v 0.06454603 0.01268503 0.02664154
v 0.05528592 0.00341208 0.02746139
v 0.06454603 0.01268503 0.02664154
v 0.06403484 0.01314694 0.02739719
v 0.05528592 0.00341208 0.02746139
v 0.05528592 0.00341208 0.02746139
v 0.06403484 0.01314694 0.02739719
v 0.05306213 0.00434999 0.02946327
v 0.06403484 0.01314694 0.02739719
v 0.06272698 0.01432839 0.02898649
v 0.05306213 0.00434999 0.02946327
v 0.05306213 0.00434999 0.02946327
v 0.06272698 0.01432839 0.02898649
v 0.06233364 0.01468364 0.02939676
v 0.06233364 0.01468364 0.02939676
v 0.05936614 0.01736318 0.03188857
v 0.04823180 0.00677138 0.03258133
v 0.05936614 0.01736318 0.03188857
v 0.05813550 0.01847417 0.03270477
v 0.04823180 0.00677138 0.03258133
v 0.04823180 0.00677138 0.03258133
v 0.05813550 0.01847417 0.03270477
v 0.04321889 0.00965042 0.03484574
v 0.04321889 0.00965042 0.03484574
v 0.03255775 -0.00267500 0.03511147
v 0.04823180 0.00677138 0.03258133
v 0.03255775 -0.00267500 0.03511147
v 0.03836709 -0.00462739 0.03277929
v 0.04823180 0.00677138 0.03258133
v 0.04823180 0.00677138 0.03258133
v 0.03836709 -0.00462739 0.03277929
v 0.04125172 -0.00536892 0.03132125
v 0.05563385 0.02073234 0.03410254
v 0.04944334 0.02631927 0.03651174
v 0.03820011 0.01286056 0.03648362
v 0.04944334 0.02631927 0.03651174
v 0.03326201 0.01635202 0.03761623
v 0.03820011 0.01286056 0.03648362
v 0.03820011 0.01286056 0.03648362
v 0.03326201 0.01635202 0.03761623
v 0.02133657 0.00286164 0.03800634
v 0.03326201 0.01635202 0.03761623
v 0.01611779 0.00638536 0.03873472
v 0.02133657 0.00286164 0.03800634
v 0.02133657 0.00286164 0.03800634
v 0.01611779 0.00638536 0.03873472
v 0.00449893 -0.00656870 0.03886671
v 0.01611779 0.00638536 0.03873472
v -0.00072978 -0.00243891 0.03917404
v 0.00449893 -0.00656870 0.03886671
v 0.00449893 -0.00656870 0.03886671
v -0.00072978 -0.00243891 0.03917404
v -0.00080653 -0.01249748 0.03847284
v -0.00072978 -0.00243891 0.03917404
v -0.00624647 -0.00826302 0.03878170
v -0.00080653 -0.01249748 0.03847284
v -0.00080653 -0.01249748 0.03847284
v -0.00624647 -0.00826302 0.03878170
v -0.00564528 -0.01791247 0.03755258
v -0.00624647 -0.00826302 0.03878170
v -0.01130544 -0.01355778 0.03785913
v -0.00564528 -0.01791247 0.03755258
v -0.00564528 -0.01791247 0.03755258
v -0.01130544 -0.01355778 0.03785913
v -0.01296494 -0.02059711 0.03615701
v -0.01130544 -0.01355778 0.03785913
v -0.01580618 -0.01823014 0.03624311
v -0.01296494 -0.02059711 0.03615701
v -0.01296494 -0.02059711 0.03615701
v -0.01580618 -0.01823014 0.03624311
v -0.01966383 -0.02220474 0.03378940
v -0.01580618 -0.01823014 0.03624311
v -0.02236707 -0.01950894 0.03374519
v -0.01966383 -0.02220474 0.03378940
v -0.01966383 -0.02220474 0.03378940
v -0.02236707 -0.01950894 0.03374519
v -0.02407041 -0.02117535 0.03216667
v -0.02236707 -0.01950894 0.03374519
v -0.02654793 -0.01819550 0.03200024
v -0.02407041 -0.02117535 0.03216667
v -0.02407041 -0.02117535 0.03216667
v -0.02654793 -0.01819550 0.03200024
v -0.02809273 -0.01962882 0.03017812
v -0.02654793 -0.01819550 0.03200024
v -0.03030493 -0.01638074 0.02989845
v -0.02809273 -0.01962882 0.03017812
v -0.02809273 -0.01962882 0.03017812
v -0.03030493 -0.01638074 0.02989845
v -0.03167590 -0.01758490 0.02783550
v -0.03030493 -0.01638074 0.02989845
v -0.03358616 -0.01409362 0.02745592
v -0.03167590 -0.01758490 0.02783550
v -0.03167590 -0.01758490 0.02783550
v -0.03358616 -0.01409362 0.02745592
v -0.03477196 -0.01507909 0.02516278
v -0.03358616 -0.01409362 0.02745592
v -0.03634606 -0.01137643 0.02470093
v -0.03477196 -0.01507909 0.02516278
v 0.05306213 0.00434999 0.02946327
v 0.04407283 -0.00592181 0.02961821
v 0.05528592 0.00341208 0.02746139
v 0.04407283 -0.00592181 0.02961821
v 0.04676355 -0.00623520 0.02761569
v 0.05528592 0.00341208 0.02746139
v 0.05528592 0.00341208 0.02746139
v 0.04676355 -0.00623520 0.02761569
v 0.05630595 0.00304970 0.02631924
v 0.04676355 -0.00623520 0.02761569
v 0.04802641 -0.00627429 0.02648117
v 0.05630595 0.00304970 0.02631924
v 0.05630595 0.00304970 0.02631924
v 0.04802641 -0.00627429 0.02648117
v 0.05723302 0.00278610 0.02507361
v 0.04802641 -0.00627429 0.02648117
v 0.04920445 -0.00621014 0.02524937
v 0.05723302 0.00278610 0.02507361
v 0.05723302 0.00278610 0.02507361
v 0.04920445 -0.00621014 0.02524937
v 0.05803655 0.00264773 0.02372217
v 0.04920445 -0.00621014 0.02524937
v 0.05026893 -0.00601915 0.02391832
v 0.05803655 0.00264773 0.02372217
v 0.05803655 0.00264773 0.02372217
v 0.05026893 -0.00601915 0.02391832
v 0.05867755 0.00266728 0.02227827
v 0.05026893 -0.00601915 0.02391832
v 0.05118299 -0.00567258 0.02250068
v 0.05867755 0.00266728 0.02227827
v 0.05867755 0.00266728 0.02227827
v 0.05118299 -0.00567258 0.02250068
v 0.05912010 0.00287277 0.02077418
v 0.05118299 -0.00567258 0.02250068
v 0.05191190 -0.00514665 0.02102674
v 0.05912010 0.00287277 0.02077418
v 0.05912010 0.00287277 0.02077418
v 0.05191190 -0.00514665 0.02102674
v 0.05934379 0.00327632 0.01926201
v 0.05191190 -0.00514665 0.02102674
v 0.05243443 -0.00443301 0.01954531
v 0.05934379 0.00327632 0.01926201
v 0.05934379 0.00327632 0.01926201
v 0.05243443 -0.00443301 0.01954531
v 0.05935504 0.00386572 0.01779674
v 0.05243443 -0.00443301 0.01954531
v 0.05275398 -0.00354558 0.01810785
v 0.05935504 0.00386572 0.01779674
v 0.05935504 0.00386572 0.01779674
v 0.05275398 -0.00354558 0.01810785
v 0.05918138 0.00461110 0.01641737
v 0.05275398 -0.00354558 0.01810785
v 0.05289376 -0.00251399 0.01675093
v 0.05918138 0.00461110 0.01641737
v 0.05918138 0.00461110 0.01641737
v 0.05289376 -0.00251399 0.01675093
v 0.05885943 0.00547614 0.01514310
v 0.05289376 -0.00251399 0.01675093
v 0.05288594 -0.00137307 0.01549269
v 0.05885943 0.00547614 0.01514310
v 0.04662910 -0.00497002 0.01276155
v 0.04766547 -0.00353548 0.01270892
v 0.04753291 -0.00654982 0.01471515
v 0.04766547 -0.00353548 0.01270892
v 0.05007156 -0.00339879 0.01455333
v 0.04753291 -0.00654982 0.01471515
v 0.04753291 -0.00654982 0.01471515
v 0.05007156 -0.00339879 0.01455333
v 0.05288594 -0.00137307 0.01549269
v 0.04579481 -0.00306565 0.01106207
v 0.04750470 -0.00040434 0.01097818
v 0.04766547 -0.00353548 0.01270892
v 0.04750470 -0.00040434 0.01097818
v 0.04987463 -0.00057694 0.01252242
v 0.04766547 -0.00353548 0.01270892
v 0.04766547 -0.00353548 0.01270892
v 0.04987463 -0.00057694 0.01252242
v 0.05007156 -0.00339879 0.01455333
v 0.04987463 -0.00057694 0.01252242
v 0.05275891 -0.00015077 0.01433351
v 0.05007156 -0.00339879 0.01455333
v 0.05007156 -0.00339879 0.01455333
v 0.05275891 -0.00015077 0.01433351
v 0.05288594 -0.00137307 0.01549269
v 0.05275891 -0.00015077 0.01433351
v 0.05842083 0.00643117 0.01397415
v 0.05288594 -0.00137307 0.01549269
v 0.05288594 -0.00137307 0.01549269
v 0.05842083 0.00643117 0.01397415
v 0.05885943 0.00547614 0.01514310
v 0.05842083 0.00643117 0.01397415
v 0.06441036 0.01279461 0.01412984
v 0.05885943 0.00547614 0.01514310
v 0.05885943 0.00547614 0.01514310
v 0.06441036 0.01279461 0.01412984
v 0.06479269 0.01245033 0.01474354
v 0.04518364 -0.00954192 0.01473599
v 0.04633213 -0.00806976 0.01474873
v 0.04732901 -0.00798408 0.01583913
v 0.04433487 -0.01250617 0.01699516
v 0.04308588 -0.01399547 0.01687698
v 0.04481551 -0.01105908 0.01582676
v 0.04308588 -0.01399547 0.01687698
v 0.04364427 -0.01251108 0.01573481
v 0.04481551 -0.01105908 0.01582676
v 0.04433487 -0.01250617 0.01699516
v 0.04372285 -0.01386209 0.01824037
v 0.04308588 -0.01399547 0.01687698
v 0.04372285 -0.01386209 0.01824037
v 0.04190315 -0.01541351 0.01668240
v 0.04308588 -0.01399547 0.01687698
v 0.04308588 -0.01399547 0.01687698
v 0.04190315 -0.01541351 0.01668240
v 0.04364427 -0.01251108 0.01573481
v 0.04190315 -0.01541351 0.01668240
v 0.04253677 -0.01389562 0.01557032
v 0.04364427 -0.01251108 0.01573481
v 0.04306215 -0.01231077 0.01452636
v 0.04383641 -0.00899796 0.01263165
v 0.04409220 -0.01095821 0.01466561
v 0.04383641 -0.00899796 0.01263165
v 0.04471130 -0.00770934 0.01273351
v 0.04409220 -0.01095821 0.01466561
v 0.04409220 -0.01095821 0.01466561
v 0.04471130 -0.00770934 0.01273351
v 0.04518364 -0.00954192 0.01473599
v 0.04471130 -0.00770934 0.01273351
v 0.04564321 -0.00636403 0.01277329
v 0.04518364 -0.00954192 0.01473599
v 0.04518364 -0.00954192 0.01473599
v 0.04564321 -0.00636403 0.01277329
v 0.04633213 -0.00806976 0.01474873
v 0.04033265 -0.01509232 0.02632116
v 0.03685560 -0.01913192 0.02589385
v 0.04171376 -0.01470481 0.02513302
v 0.03685560 -0.01913192 0.02589385
v 0.03831781 -0.01859161 0.02474463
v 0.04171376 -0.01470481 0.02513302
v 0.04171376 -0.01470481 0.02513302
v 0.03831781 -0.01859161 0.02474463
v 0.04299369 -0.01419556 0.02385908
v 0.03831781 -0.01859161 0.02474463
v 0.03968551 -0.01793420 0.02351849
v 0.04299369 -0.01419556 0.02385908
v 0.04299369 -0.01419556 0.02385908
v 0.03968551 -0.01793420 0.02351849
v 0.04414106 -0.01354209 0.02251050
v 0.03968551 -0.01793420 0.02351849
v 0.04093110 -0.01714097 0.02222561
v 0.04414106 -0.01354209 0.02251050
v 0.04414106 -0.01354209 0.02251050
v 0.04093110 -0.01714097 0.02222561
v 0.04512590 -0.01272650 0.02111354
v 0.04093110 -0.01714097 0.02222561
v 0.04202799 -0.01619735 0.02088955
v 0.04512590 -0.01272650 0.02111354
v 0.04512590 -0.01272650 0.02111354
v 0.04202799 -0.01619735 0.02088955
v 0.04592882 -0.01174404 0.01971028
v 0.04202799 -0.01619735 0.02088955
v 0.04295859 -0.01510025 0.01954795
v 0.04592882 -0.01174404 0.01971028
v 0.04592882 -0.01174404 0.01971028
v 0.04295859 -0.01510025 0.01954795
v 0.04655077 -0.01060812 0.01834499
v 0.04295859 -0.01510025 0.01954795
v 0.04372285 -0.01386209 0.01824037
v 0.04655077 -0.01060812 0.01834499
v 0.04655077 -0.01060812 0.01834499
v 0.04372285 -0.01386209 0.01824037
v 0.04700914 -0.00934478 0.01704930
v 0.04372285 -0.01386209 0.01824037
v 0.04433487 -0.01250617 0.01699516
v 0.04700914 -0.00934478 0.01704930
v 0.04700914 -0.00934478 0.01704930
v 0.04433487 -0.01250617 0.01699516
v 0.04732901 -0.00798408 0.01583913
v 0.04433487 -0.01250617 0.01699516
v 0.04481551 -0.01105908 0.01582676
v 0.04732901 -0.00798408 0.01583913
v 0.04732901 -0.00798408 0.01583913
v 0.04481551 -0.01105908 0.01582676
v 0.04518364 -0.00954192 0.01473599
v 0.04481551 -0.01105908 0.01582676
v 0.04364427 -0.01251108 0.01573481
v 0.04518364 -0.00954192 0.01473599
v 0.04518364 -0.00954192 0.01473599
v 0.04364427 -0.01251108 0.01573481
v 0.04409220 -0.01095821 0.01466561
v 0.04364427 -0.01251108 0.01573481
v 0.04253677 -0.01389562 0.01557032
v 0.04409220 -0.01095821 0.01466561
v 0.04409220 -0.01095821 0.01466561
v 0.04253677 -0.01389562 0.01557032
v 0.04306215 -0.01231077 0.01452636
v 0.03532059 -0.01957057 0.02696699
v 0.03366750 -0.02153818 0.02660107
v 0.03370501 -0.02282360 0.02509703
v 0.03366750 -0.02153818 0.02660107
v 0.03532059 -0.01957057 0.02696699
v 0.03210071 -0.02019144 0.02890160
v 0.03532059 -0.01957057 0.02696699
v 0.03887486 -0.01537666 0.02742476
v 0.03210071 -0.02019144 0.02890160
v 0.03210071 -0.02019144 0.02890160
v 0.03887486 -0.01537666 0.02742476
v 0.03580606 -0.01569434 0.02939831
v 0.04033265 -0.01509232 0.02632116
v 0.03532059 -0.01957057 0.02696699
v 0.03685560 -0.01913192 0.02589385
v 0.03532059 -0.01957057 0.02696699
v 0.03370501 -0.02282360 0.02509703
v 0.03685560 -0.01913192 0.02589385
v 0.03685560 -0.01913192 0.02589385
v 0.03370501 -0.02282360 0.02509703
v 0.03831781 -0.01859161 0.02474463
v 0.03370501 -0.02282360 0.02509703
v 0.03523456 -0.02214101 0.02400105
v 0.03831781 -0.01859161 0.02474463
v 0.03831781 -0.01859161 0.02474463
v 0.03523456 -0.02214101 0.02400105
v 0.03968551 -0.01793420 0.02351849
v 0.03523456 -0.02214101 0.02400105
v 0.03667627 -0.02134684 0.02283799
v 0.03968551 -0.01793420 0.02351849
v 0.03968551 -0.01793420 0.02351849
v 0.03667627 -0.02134684 0.02283799
v 0.04093110 -0.01714097 0.02222561
v 0.03667627 -0.02134684 0.02283799
v 0.03800668 -0.02042637 0.02161691
v 0.04093110 -0.01714097 0.02222561
v 0.04093110 -0.01714097 0.02222561
v 0.03800668 -0.02042637 0.02161691
v 0.04202799 -0.01619735 0.02088955
v 0.03800668 -0.02042637 0.02161691
v 0.03920303 -0.01936839 0.02035840
v 0.04202799 -0.01619735 0.02088955
v 0.04202799 -0.01619735 0.02088955
v 0.03920303 -0.01936839 0.02035840
v 0.04295859 -0.01510025 0.01954795
v 0.03920303 -0.01936839 0.02035840
v 0.04024987 -0.01817135 0.01909518
v 0.04295859 -0.01510025 0.01954795
v 0.04295859 -0.01510025 0.01954795
v 0.04024987 -0.01817135 0.01909518
v 0.04372285 -0.01386209 0.01824037
v 0.04024987 -0.01817135 0.01909518
v 0.04114632 -0.01684637 0.01786161
v 0.04372285 -0.01386209 0.01824037
v 0.04372285 -0.01386209 0.01824037
v 0.04114632 -0.01684637 0.01786161
v 0.04190315 -0.01541351 0.01668240
v 0.04114632 -0.01684637 0.01786161
v 0.04079194 -0.01675288 0.01639992
v 0.04190315 -0.01541351 0.01668240
v 0.04190315 -0.01541351 0.01668240
v 0.04079194 -0.01675288 0.01639992
v 0.04253677 -0.01389562 0.01557032
v 0.04079194 -0.01675288 0.01639992
v 0.04209757 -0.01359194 0.01430721
v 0.04253677 -0.01389562 0.01557032
v 0.04253677 -0.01389562 0.01557032
v 0.04209757 -0.01359194 0.01430721
v 0.04306215 -0.01231077 0.01452636
v 0.04209757 -0.01359194 0.01430721
v 0.04302137 -0.01022206 0.01245733
v 0.04306215 -0.01231077 0.01452636
v 0.04306215 -0.01231077 0.01452636
v 0.04302137 -0.01022206 0.01245733
v 0.04383641 -0.00899796 0.01263165
v 0.04302137 -0.01022206 0.01245733
v 0.04361757 -0.00672114 0.01081738
v 0.04383641 -0.00899796 0.01263165
v 0.04383641 -0.00899796 0.01263165
v 0.04361757 -0.00672114 0.01081738
v 0.04379870 -0.00640420 0.01086449
v 0.04407283 -0.00592181 0.02961821
v 0.03580606 -0.01569434 0.02939831
v 0.04676355 -0.00623520 0.02761569
v 0.03580606 -0.01569434 0.02939831
v 0.03887486 -0.01537666 0.02742476
v 0.04676355 -0.00623520 0.02761569
v 0.04676355 -0.00623520 0.02761569
v 0.03887486 -0.01537666 0.02742476
v 0.04802641 -0.00627429 0.02648117
v 0.03887486 -0.01537666 0.02742476
v 0.04033265 -0.01509232 0.02632116
v 0.04802641 -0.00627429 0.02648117
v 0.04802641 -0.00627429 0.02648117
v 0.04033265 -0.01509232 0.02632116
v 0.04920445 -0.00621014 0.02524937
v 0.04033265 -0.01509232 0.02632116
v 0.04171376 -0.01470481 0.02513302
v 0.04920445 -0.00621014 0.02524937
v 0.04920445 -0.00621014 0.02524937
v 0.04171376 -0.01470481 0.02513302
v 0.05026893 -0.00601915 0.02391832
v 0.04171376 -0.01470481 0.02513302
v 0.04299369 -0.01419556 0.02385908
v 0.05026893 -0.00601915 0.02391832
v 0.05026893 -0.00601915 0.02391832
v 0.04299369 -0.01419556 0.02385908
v 0.05118299 -0.00567258 0.02250068
v 0.04299369 -0.01419556 0.02385908
v 0.04414106 -0.01354209 0.02251050
v 0.05118299 -0.00567258 0.02250068
v 0.05118299 -0.00567258 0.02250068
v 0.04414106 -0.01354209 0.02251050
v 0.05191190 -0.00514665 0.02102674
v 0.04414106 -0.01354209 0.02251050
v 0.04512590 -0.01272650 0.02111354
v 0.05191190 -0.00514665 0.02102674
v 0.05191190 -0.00514665 0.02102674
v 0.04512590 -0.01272650 0.02111354
v 0.05243443 -0.00443301 0.01954531
v 0.04512590 -0.01272650 0.02111354
v 0.04592882 -0.01174404 0.01971028
v 0.05243443 -0.00443301 0.01954531
v 0.05243443 -0.00443301 0.01954531
v 0.04592882 -0.01174404 0.01971028
v 0.05275398 -0.00354558 0.01810785
v 0.04592882 -0.01174404 0.01971028
v 0.04655077 -0.01060812 0.01834499
v 0.05275398 -0.00354558 0.01810785
v 0.05275398 -0.00354558 0.01810785
v 0.04655077 -0.01060812 0.01834499
v 0.05289376 -0.00251399 0.01675093
v 0.04655077 -0.01060812 0.01834499
v 0.04700914 -0.00934478 0.01704930
v 0.05289376 -0.00251399 0.01675093
v 0.05289376 -0.00251399 0.01675093
v 0.04700914 -0.00934478 0.01704930
v 0.05288594 -0.00137307 0.01549269
v 0.04700914 -0.00934478 0.01704930
v 0.04732901 -0.00798408 0.01583913
v 0.05288594 -0.00137307 0.01549269
v 0.05288594 -0.00137307 0.01549269
v 0.04732901 -0.00798408 0.01583913
v 0.04753291 -0.00654982 0.01471515
v 0.04732901 -0.00798408 0.01583913
v 0.04633213 -0.00806976 0.01474873
v 0.04753291 -0.00654982 0.01471515
v 0.04753291 -0.00654982 0.01471515
v 0.04633213 -0.00806976 0.01474873
v 0.04662910 -0.00497002 0.01276155
v 0.04633213 -0.00806976 0.01474873
v 0.04564321 -0.00636403 0.01277329
v 0.04662910 -0.00497002 0.01276155
v 0.04662910 -0.00497002 0.01276155
v 0.04564321 -0.00636403 0.01277329
v 0.04579481 -0.00306565 0.01106207
v 0.04564321 -0.00636403 0.01277329
v 0.04557625 -0.00341832 0.01106094
v 0.04579481 -0.00306565 0.01106207
v 0.03064329 -0.02516725 0.02553007
v 0.03210628 -0.02340676 0.02612632
v 0.02876090 -0.02431270 0.02799787
v 0.03210628 -0.02340676 0.02612632
v 0.03038172 -0.02230432 0.02850753
v 0.02876090 -0.02431270 0.02799787
v 0.02876090 -0.02431270 0.02799787
v 0.03038172 -0.02230432 0.02850753
v 0.02875301 -0.02051768 0.03059240
v 0.02875301 -0.02051768 0.03059240
v 0.03261194 -0.01573504 0.03110555
v 0.02533632 -0.02057975 0.03207618
v 0.03261194 -0.01573504 0.03110555
v 0.02935465 -0.01553697 0.03259011
v 0.02533632 -0.02057975 0.03207618
v 0.02533632 -0.02057975 0.03207618
v 0.02935465 -0.01553697 0.03259011
v 0.02189185 -0.02039281 0.03338023
v 0.02935465 -0.01553697 0.03259011
v 0.02280406 -0.01449309 0.03501045
v 0.02189185 -0.02039281 0.03338023
v 0.01023623 -0.00998021 0.03808797
v 0.00521303 -0.01589222 0.03767299
v 0.01637919 -0.01263131 0.03681657
v 0.00521303 -0.01589222 0.03767299
v 0.01168231 -0.01839234 0.03636656
v 0.01637919 -0.01263131 0.03681657
v 0.01637919 -0.01263131 0.03681657
v 0.01168231 -0.01839234 0.03636656
v 0.02280406 -0.01449309 0.03501045
v 0.01168231 -0.01839234 0.03636656
v 0.01845032 -0.01996326 0.03452175
v 0.02280406 -0.01449309 0.03501045
v 0.02280406 -0.01449309 0.03501045
v 0.01845032 -0.01996326 0.03452175
v 0.02189185 -0.02039281 0.03338023
v 0.03261194 -0.01573504 0.03110555
v 0.04125172 -0.00536892 0.03132125
v 0.02935465 -0.01553697 0.03259011
v 0.04125172 -0.00536892 0.03132125
v 0.03836709 -0.00462739 0.03277929
v 0.02935465 -0.01553697 0.03259011
v 0.02935465 -0.01553697 0.03259011
v 0.03836709 -0.00462739 0.03277929
v 0.02280406 -0.01449309 0.03501045
v 0.03836709 -0.00462739 0.03277929
v 0.03255775 -0.00267500 0.03511147
v 0.02280406 -0.01449309 0.03501045
v 0.02280406 -0.01449309 0.03501045
v 0.03255775 -0.00267500 0.03511147
v 0.01637919 -0.01263131 0.03681657
v 0.03255775 -0.00267500 0.03511147
v 0.02684279 -0.00016609 0.03681815
v 0.01637919 -0.01263131 0.03681657
v 0.01637919 -0.01263131 0.03681657
v 0.02684279 -0.00016609 0.03681815
v 0.01023623 -0.00998021 0.03808797
v 0.06233364 0.01468364 0.02939676
v 0.04823180 0.00677138 0.03258133
v 0.05306213 0.00434999 0.02946327
v 0.04823180 0.00677138 0.03258133
v 0.04125172 -0.00536892 0.03132125
v 0.05306213 0.00434999 0.02946327
v 0.05306213 0.00434999 0.02946327
v 0.04125172 -0.00536892 0.03132125
v 0.04407283 -0.00592181 0.02961821
v 0.04125172 -0.00536892 0.03132125
v 0.03261194 -0.01573504 0.03110555
v 0.04407283 -0.00592181 0.02961821
v 0.04407283 -0.00592181 0.02961821
v 0.03261194 -0.01573504 0.03110555
v 0.03580606 -0.01569434 0.02939831
v 0.03261194 -0.01573504 0.03110555
v 0.02875301 -0.02051768 0.03059240
v 0.03580606 -0.01569434 0.02939831
v 0.03580606 -0.01569434 0.02939831
v 0.02875301 -0.02051768 0.03059240
v 0.03210071 -0.02019144 0.02890160
v 0.02875301 -0.02051768 0.03059240
v 0.03038172 -0.02230432 0.02850753
v 0.03210071 -0.02019144 0.02890160
v 0.03210071 -0.02019144 0.02890160
v 0.03038172 -0.02230432 0.02850753
v 0.03366750 -0.02153818 0.02660107
v 0.03038172 -0.02230432 0.02850753
v 0.03210628 -0.02340676 0.02612632
v 0.03366750 -0.02153818 0.02660107
v 0.03366750 -0.02153818 0.02660107
v 0.03210628 -0.02340676 0.02612632
v 0.03370501 -0.02282360 0.02509703
v 0.03210628 -0.02340676 0.02612632
v 0.03064329 -0.02516725 0.02553007
v 0.03370501 -0.02282360 0.02509703
v 0.03370501 -0.02282360 0.02509703
v 0.03064329 -0.02516725 0.02553007
v 0.03382718 -0.02376795 0.02346504
v 0.03064329 -0.02516725 0.02553007
v 0.03251711 -0.02528640 0.02280441
v 0.03382718 -0.02376795 0.02346504
v 0.03382718 -0.02376795 0.02346504
v 0.03251711 -0.02528640 0.02280441
v 0.03401931 -0.02436985 0.02172109
v 0.03251711 -0.02528640 0.02280441
v 0.03175796 -0.02695060 0.02008330
v 0.03401931 -0.02436985 0.02172109
v 0.03401931 -0.02436985 0.02172109
v 0.03175796 -0.02695060 0.02008330
v 0.03542085 -0.02333693 0.02058888
v 0.03175796 -0.02695060 0.02008330
v 0.03321705 -0.02582189 0.01905749
v 0.03542085 -0.02333693 0.02058888
v 0.03542085 -0.02333693 0.02058888
v 0.03321705 -0.02582189 0.01905749
v 0.03670296 -0.02217973 0.01942525
v 0.03321705 -0.02582189 0.01905749
v 0.03580756 -0.02323085 0.01695200
v 0.03670296 -0.02217973 0.01942525
v 0.03670296 -0.02217973 0.01942525
v 0.03580756 -0.02323085 0.01695200
v 0.03785252 -0.02089808 0.01825777
v 0.03580756 -0.02323085 0.01695200
v 0.03886797 -0.01950156 0.01711534
v 0.03785252 -0.02089808 0.01825777
v 0.03785252 -0.02089808 0.01825777
v 0.03886797 -0.01950156 0.01711534
v 0.04114632 -0.01684637 0.01786161
v 0.03886797 -0.01950156 0.01711534
v 0.03975684 -0.01800689 0.01601886
v 0.04114632 -0.01684637 0.01786161
v 0.04114632 -0.01684637 0.01786161
v 0.03975684 -0.01800689 0.01601886
v 0.04079194 -0.01675288 0.01639992
v 0.03975684 -0.01800689 0.01601886
v 0.04120193 -0.01479475 0.01399784
v 0.04079194 -0.01675288 0.01639992
v 0.04079194 -0.01675288 0.01639992
v 0.04120193 -0.01479475 0.01399784
v 0.04209757 -0.01359194 0.01430721
v 0.04120193 -0.01479475 0.01399784
v 0.04226840 -0.01137439 0.01220080
v 0.04209757 -0.01359194 0.01430721
v 0.04209757 -0.01359194 0.01430721
v 0.04226840 -0.01137439 0.01220080
v 0.04302137 -0.01022206 0.01245733
v 0.04226840 -0.01137439 0.01220080
v 0.04280558 -0.00817426 0.01050638
v 0.04302137 -0.01022206 0.01245733
v 0.04302137 -0.01022206 0.01245733
v 0.04280558 -0.00817426 0.01050638
v 0.04317696 -0.00750291 0.01067143
v 0.05813550 0.01847417 0.03270477
v 0.05563385 0.02073234 0.03410254
v 0.04321889 0.00965042 0.03484574
v 0.05563385 0.02073234 0.03410254
v 0.03820011 0.01286056 0.03648362
v 0.04321889 0.00965042 0.03484574
v 0.04321889 0.00965042 0.03484574
v 0.03820011 0.01286056 0.03648362
v 0.02684279 -0.00016609 0.03681815
v 0.03820011 0.01286056 0.03648362
v 0.02133657 0.00286164 0.03800634
v 0.02684279 -0.00016609 0.03681815
v 0.02684279 -0.00016609 0.03681815
v 0.02133657 0.00286164 0.03800634
v 0.01023623 -0.00998021 0.03808797
v 0.02133657 0.00286164 0.03800634
v 0.00449893 -0.00656870 0.03886671
v 0.01023623 -0.00998021 0.03808797
v 0.01023623 -0.00998021 0.03808797
v 0.00449893 -0.00656870 0.03886671
v 0.00521303 -0.01589222 0.03767299
v 0.00449893 -0.00656870 0.03886671
v -0.00080653 -0.01249748 0.03847284
v 0.00521303 -0.01589222 0.03767299
v 0.00521303 -0.01589222 0.03767299
v -0.00080653 -0.01249748 0.03847284
v 0.00065764 -0.02131155 0.03674161
v -0.00080653 -0.01249748 0.03847284
v -0.00564528 -0.01791247 0.03755258
v 0.00065764 -0.02131155 0.03674161
v 0.00065764 -0.02131155 0.03674161
v -0.00564528 -0.01791247 0.03755258
v -0.00671645 -0.02456022 0.03560473
v -0.00564528 -0.01791247 0.03755258
v -0.00992815 -0.02271183 0.03594431
v -0.00671645 -0.02456022 0.03560473
v -0.00671645 -0.02456022 0.03560473
v -0.00992815 -0.02271183 0.03594431
v -0.00856360 -0.02671542 0.03450111
v -0.00992815 -0.02271183 0.03594431
v -0.01183732 -0.02485329 0.03483634
v -0.00856360 -0.02671542 0.03450111
v -0.00856360 -0.02671542 0.03450111
v -0.01183732 -0.02485329 0.03483634
v -0.01024931 -0.02868744 0.03317679
v -0.01183732 -0.02485329 0.03483634
v -0.01358174 -0.02681114 0.03350524
v -0.01024931 -0.02868744 0.03317679
v -0.01024931 -0.02868744 0.03317679
v -0.01358174 -0.02681114 0.03350524
v -0.01515566 -0.02857865 0.03193803
v -0.01358174 -0.02681114 0.03350524
v -0.01835170 -0.02638760 0.03213570
v -0.01515566 -0.02857865 0.03193803
v -0.01515566 -0.02857865 0.03193803
v -0.01835170 -0.02638760 0.03213570
v -0.01979747 -0.02793717 0.03031450
v -0.01835170 -0.02638760 0.03213570
v -0.02281740 -0.02543128 0.03038650
v -0.01979747 -0.02793717 0.03031450
v -0.01979747 -0.02793717 0.03031450
v -0.02281740 -0.02543128 0.03038650
v -0.02411963 -0.02675698 0.02830658
v -0.02281740 -0.02543128 0.03038650
v -0.02692264 -0.02394418 0.02826150
v -0.02411963 -0.02675698 0.02830658
v -0.02411963 -0.02675698 0.02830658
v -0.02692264 -0.02394418 0.02826150
v -0.02806808 -0.02504764 0.02592554
v -0.02692264 -0.02394418 0.02826150
v -0.03061502 -0.02194546 0.02577612
v -0.02806808 -0.02504764 0.02592554
v -0.02806808 -0.02504764 0.02592554
v -0.03061502 -0.02194546 0.02577612
v -0.03159390 -0.02283547 0.02319498
v -0.03061502 -0.02194546 0.02577612
v -0.03285595 -0.01861256 0.02552155
v -0.03159390 -0.02283547 0.02319498
v -0.03159390 -0.02283547 0.02319498
v -0.03285595 -0.01861256 0.02552155
v -0.03384697 -0.01946855 0.02295812
v -0.03285595 -0.01861256 0.02552155
v -0.03477196 -0.01507909 0.02516278
v -0.03384697 -0.01946855 0.02295812
v -0.03384697 -0.01946855 0.02295812
v -0.03477196 -0.01507909 0.02516278
v -0.03576834 -0.01589904 0.02262487
v -0.03477196 -0.01507909 0.02516278
v -0.03634606 -0.01137643 0.02470093
v -0.03576834 -0.01589904 0.02262487
v -0.03576834 -0.01589904 0.02262487
v -0.03634606 -0.01137643 0.02470093
v -0.03734044 -0.01215928 0.02219640
v -0.03634606 -0.01137643 0.02470093
v -0.03756560 -0.00753803 0.02413753
v -0.03734044 -0.01215928 0.02219640
v -0.03734044 -0.01215928 0.02219640
v -0.03756560 -0.00753803 0.02413753
v -0.03855011 -0.00828373 0.02167430
v -0.03756560 -0.00753803 0.02413753
v -0.03841997 -0.00359823 0.02347426
v -0.03855011 -0.00828373 0.02167430
v -0.03855011 -0.00828373 0.02167430
v -0.03841997 -0.00359823 0.02347426
v -0.04017465 -0.00487866 0.01842865
v -0.04190684 -0.00600498 -0.00000006
v -0.04176646 -0.00600228 0.00599781
v -0.04215794 -0.00187766 0.00570759
v -0.04176646 -0.00600228 0.00599781
v -0.04125271 -0.00564540 0.01255686
v -0.04215794 -0.00187766 0.00570759
v -0.04215794 -0.00187766 0.00570759
v -0.04125271 -0.00564540 0.01255686
v -0.04165816 -0.00153917 0.01207842
v -0.04125271 -0.00564540 0.01255686
v -0.04017465 -0.00487866 0.01842865
v -0.04165816 -0.00153917 0.01207842
v -0.04165816 -0.00153917 0.01207842
v -0.04017465 -0.00487866 0.01842865
v -0.04060953 -0.00081091 0.01779153
v -0.04017465 -0.00487866 0.01842865
v -0.03841997 -0.00359823 0.02347426
v -0.04060953 -0.00081091 0.01779153
v -0.04060953 -0.00081091 0.01779153
v -0.03841997 -0.00359823 0.02347426
v -0.03890297 0.00040708 0.02271302
v -0.03841997 -0.00359823 0.02347426
v -0.03727097 -0.00274285 0.02566447
v -0.03890297 0.00040708 0.02271302
v -0.03890297 0.00040708 0.02271302
v -0.03727097 -0.00274285 0.02566447
v -0.03778560 0.00122167 0.02485472
v -0.03727097 -0.00274285 0.02566447
v -0.03593819 -0.00173618 0.02762914
v -0.03778560 0.00122167 0.02485472
v -0.03778560 0.00122167 0.02485472
v -0.03593819 -0.00173618 0.02762914
v -0.03648961 0.00218113 0.02677980
v -0.03593819 -0.00173618 0.02762914
v -0.03442340 -0.00057468 0.02936993
v -0.03648961 0.00218113 0.02677980
v -0.03648961 0.00218113 0.02677980
v -0.03442340 -0.00057468 0.02936993
v -0.03501675 0.00328906 0.02848967
v -0.03442340 -0.00057468 0.02936993
v -0.03273105 0.00074340 0.03089179
v -0.03501675 0.00328906 0.02848967
v -0.03501675 0.00328906 0.02848967
v -0.03273105 0.00074340 0.03089179
v -0.03337139 0.00454743 0.02998884
v -0.03273105 0.00074340 0.03089179
v -0.02986651 -0.00144447 0.03299504
v -0.03337139 0.00454743 0.02998884
v -0.03337139 0.00454743 0.02998884
v -0.02986651 -0.00144447 0.03299504
v -0.03156010 0.00595665 0.03128446
v -0.02986651 -0.00144447 0.03299504
v -0.02780073 0.00025828 0.03411005
v -0.03156010 0.00595665 0.03128446
v -0.03156010 0.00595665 0.03128446
v -0.02780073 0.00025828 0.03411005
v -0.02884294 0.00384825 0.03331235
v -0.02780073 0.00025828 0.03411005
v -0.02321644 0.00413098 0.03577308
v -0.02884294 0.00384825 0.03331235
v -0.02884294 0.00384825 0.03331235
v -0.02321644 0.00413098 0.03577308
v -0.02435123 0.00756177 0.03498122
v -0.02321644 0.00413098 0.03577308
v -0.01811584 0.00858967 0.03678756
v -0.02435123 0.00756177 0.03498122
v -0.02435123 0.00756177 0.03498122
v -0.01811584 0.00858967 0.03678756
v -0.02037314 0.01518314 0.03511433
v -0.01811584 0.00858967 0.03678756
v -0.01514417 0.01980001 0.03568678
v -0.02037314 0.01518314 0.03511433
v -0.02037314 0.01518314 0.03511433
v -0.01514417 0.01980001 0.03568678
v -0.02116162 0.01857672 0.03407165
v -0.01514417 0.01980001 0.03568678
v -0.01690238 0.02625064 0.03350837
v -0.02116162 0.01857672 0.03407165
v -0.02116162 0.01857672 0.03407165
v -0.01690238 0.02625064 0.03350837
v -0.02171877 0.02200342 0.03288013
v -0.01690238 0.02625064 0.03350837
v -0.02203983 0.02543663 0.03152730
v -0.02171877 0.02200342 0.03288013
v -0.02171877 0.02200342 0.03288013
v -0.02203983 0.02543663 0.03152730
v -0.02626148 0.02181693 0.03044120
v -0.02203983 0.02543663 0.03152730
v -0.02406302 0.02711485 0.02953534
v -0.02626148 0.02181693 0.03044120
v -0.02626148 0.02181693 0.03044120
v -0.02406302 0.02711485 0.02953534
v -0.02556895 0.02579868 0.02908814
v 0.00399485 -0.04214576 -0.00000001
v 0.00841506 -0.04148146 -0.00000002
v 0.00602716 -0.04179401 0.00535204
v 0.00841506 -0.04148146 -0.00000002
v 0.01009551 -0.04100966 0.00499004
v 0.00602716 -0.04179401 0.00535204
v 0.00602716 -0.04179401 0.00535204
v 0.01009551 -0.04100966 0.00499004
v 0.01040869 -0.04055510 0.01087504
v 0.01009551 -0.04100966 0.00499004
v 0.01437038 -0.03940272 0.01021914
v 0.01040869 -0.04055510 0.01087504
v 0.01040869 -0.04055510 0.01087504
v 0.01437038 -0.03940272 0.01021914
v 0.01501781 -0.03849927 0.01526326
v 0.01437038 -0.03940272 0.01021914
v 0.01883046 -0.03702834 0.01430049
v 0.01501781 -0.03849927 0.01526326
v 0.01501781 -0.03849927 0.01526326
v 0.01883046 -0.03702834 0.01430049
v 0.01987489 -0.03564808 0.01843175
v 0.01883046 -0.03702834 0.01430049
v 0.02349596 -0.03391928 0.01714839
v 0.01987489 -0.03564808 0.01843175
v 0.01987489 -0.03564808 0.01843175
v 0.02349596 -0.03391928 0.01714839
v 0.02496289 -0.03209919 0.02036330
v 0.02349596 -0.03391928 0.01714839
v 0.02833576 -0.03016121 0.01873121
v 0.02496289 -0.03209919 0.02036330
v 0.02496289 -0.03209919 0.02036330
v 0.02833576 -0.03016121 0.01873121
v 0.03020814 -0.02797261 0.02106936
v 0.02833576 -0.03016121 0.01873121
v 0.03175796 -0.02695060 0.02008330
v 0.03020814 -0.02797261 0.02106936
v 0.03020814 -0.02797261 0.02106936
v 0.03175796 -0.02695060 0.02008330
v 0.03130946 -0.02668971 0.02200874
v 0.03175796 -0.02695060 0.02008330
v 0.03251711 -0.02528640 0.02280441
v 0.03130946 -0.02668971 0.02200874
v 0.03130946 -0.02668971 0.02200874
v 0.03251711 -0.02528640 0.02280441
v 0.02928393 -0.02681158 0.02480083
v 0.03251711 -0.02528640 0.02280441
v 0.03064329 -0.02516725 0.02553007
v 0.02928393 -0.02681158 0.02480083
v 0.02928393 -0.02681158 0.02480083
v 0.03064329 -0.02516725 0.02553007
v 0.02724448 -0.02620655 0.02735931
v 0.03064329 -0.02516725 0.02553007
v 0.02876090 -0.02431270 0.02799787
v 0.02724448 -0.02620655 0.02735931
v 0.02724448 -0.02620655 0.02735931
v 0.02876090 -0.02431270 0.02799787
v 0.02528265 -0.02490764 0.02965117
v 0.02876090 -0.02431270 0.02799787
v 0.02875301 -0.02051768 0.03059240
v 0.02528265 -0.02490764 0.02965117
v 0.02528265 -0.02490764 0.02965117
v 0.02875301 -0.02051768 0.03059240
v 0.02172673 -0.02521377 0.03111565
v 0.02875301 -0.02051768 0.03059240
v 0.02533632 -0.02057975 0.03207618
v 0.02172673 -0.02521377 0.03111565
v 0.02172673 -0.02521377 0.03111565
v 0.02533632 -0.02057975 0.03207618
v 0.01813390 -0.02524135 0.03241288
v 0.02533632 -0.02057975 0.03207618
v 0.02189185 -0.02039281 0.03338023
v 0.01813390 -0.02524135 0.03241288
v 0.01813390 -0.02524135 0.03241288
v 0.02189185 -0.02039281 0.03338023
v 0.01453658 -0.02499421 0.03355597
v 0.02189185 -0.02039281 0.03338023
v 0.01845032 -0.01996326 0.03452175
v 0.01453658 -0.02499421 0.03355597
v 0.01453658 -0.02499421 0.03355597
v 0.01845032 -0.01996326 0.03452175
v 0.01096479 -0.02447495 0.03455517
v 0.01845032 -0.01996326 0.03452175
v 0.01168231 -0.01839234 0.03636656
v 0.01096479 -0.02447495 0.03455517
v 0.01096479 -0.02447495 0.03455517
v 0.01168231 -0.01839234 0.03636656
v 0.00744480 -0.02368594 0.03541645
v 0.01168231 -0.01839234 0.03636656
v 0.00065764 -0.02131155 0.03674161
v 0.00744480 -0.02368594 0.03541645
v 0.00744480 -0.02368594 0.03541645
v 0.00065764 -0.02131155 0.03674161
v 0.00013863 -0.02741463 0.03454319
v 0.00065764 -0.02131155 0.03674161
v -0.00335287 -0.02613109 0.03513787
v 0.00013863 -0.02741463 0.03454319
v 0.00013863 -0.02741463 0.03454319
v -0.00335287 -0.02613109 0.03513787
v -0.00157346 -0.02955663 0.03345194
v -0.00335287 -0.02613109 0.03513787
v -0.00513374 -0.02828675 0.03403971
v -0.00157346 -0.02955663 0.03345194
v -0.00157346 -0.02955663 0.03345194
v -0.00513374 -0.02828675 0.03403971
v -0.00313219 -0.03151904 0.03214771
v -0.00513374 -0.02828675 0.03403971
v -0.00675699 -0.03026056 0.03272424
v -0.00313219 -0.03151904 0.03214771
v -0.00313219 -0.03151904 0.03214771
v -0.00675699 -0.03026056 0.03272424
v -0.00453368 -0.03329419 0.03061845
v -0.00675699 -0.03026056 0.03272424
v -0.00821817 -0.03204507 0.03117902
v -0.00453368 -0.03329419 0.03061845
v -0.00453368 -0.03329419 0.03061845
v -0.00821817 -0.03204507 0.03117902
v -0.00577597 -0.03487687 0.02885519
v -0.00821817 -0.03204507 0.03117902
v -0.00951479 -0.03363527 0.02939476
v -0.00577597 -0.03487687 0.02885519
v -0.00577597 -0.03487687 0.02885519
v -0.00951479 -0.03363527 0.02939476
v -0.00685884 -0.03626418 0.02685201
v -0.00951479 -0.03363527 0.02939476
v -0.01064623 -0.03502849 0.02736529
v -0.00685884 -0.03626418 0.02685201
v -0.00685884 -0.03626418 0.02685201
v -0.01064623 -0.03502849 0.02736529
v -0.00778409 -0.03745595 0.02460649
v -0.01064623 -0.03502849 0.02736529
v -0.01161397 -0.03622477 0.02508805
v -0.00778409 -0.03745595 0.02460649
v -0.00778409 -0.03745595 0.02460649
v -0.01161397 -0.03622477 0.02508805
v -0.00855568 -0.03845492 0.02212015
v -0.01161397 -0.03622477 0.02508805
v -0.01242179 -0.03722708 0.02256449
v -0.00855568 -0.03845492 0.02212015
v -0.00855568 -0.03845492 0.02212015
v -0.01242179 -0.03722708 0.02256449
v -0.00917990 -0.03926713 0.01939880
v -0.01242179 -0.03722708 0.02256449
v -0.01307595 -0.03804164 0.01980047
v -0.00917990 -0.03926713 0.01939880
v -0.00917990 -0.03926713 0.01939880
v -0.01307595 -0.03804164 0.01980047
v -0.01396194 -0.03915017 0.01359916
v -0.01307595 -0.03804164 0.01980047
v -0.01776100 -0.03754933 0.01383523
v -0.01396194 -0.03915017 0.01359916
v -0.01396194 -0.03915017 0.01359916
v -0.01776100 -0.03754933 0.01383523
v -0.01819818 -0.03807106 0.00677808
v -0.01776100 -0.03754933 0.01383523
v -0.02184205 -0.03610116 0.00688113
v -0.01819818 -0.03807106 0.00677808
v -0.01819818 -0.03807106 0.00677808
v -0.02184205 -0.03610116 0.00688113
v -0.01702569 -0.03878963 -0.00000005
v -0.02184205 -0.03610116 0.00688113
v -0.02080358 -0.03690420 -0.00000016
v -0.01702569 -0.03878963 -0.00000005
v 0.00137624 0.05901295 0.01405292
v 0.00358695 0.05806854 0.01199095
v -0.00130439 0.05298769 0.01219660
v 0.00451246 0.06683417 0.01966738
v 0.00454908 0.06680080 0.01934234
v -0.00190023 0.05966682 0.01939103
v 0.00448527 0.06686041 0.02133468
v 0.00446591 0.06687739 0.02087660
v -0.00228587 0.05940872 0.02092122
v 0.04673231 0.00569203 0.00835691
v 0.04491402 0.01212782 0.00614242
v 0.04696180 0.01606384 0.00589733
v 0.05536246 0.02094922 0.00679963
v 0.05682009 0.01963506 0.00754886
v 0.05314940 0.01507564 0.00771297
v 0.04951771 0.02621949 0.00458079
v 0.05251314 0.02351833 0.00558021
v 0.04961679 0.01984143 0.00568987
v 0.03205062 0.03014484 0.00172909
v 0.02944220 0.03280612 0.00164222
v 0.02977808 0.03341975 0.00197629
v 0.02977808 0.03341975 0.00197629
v 0.02944220 0.03280612 0.00164222
v 0.02704048 0.03575433 0.00204641
v 0.00266729 0.04232187 0.00178270
v 0.00322409 0.04252219 0.00290580
v 0.00726057 0.04202933 0.00218105
v 0.00443587 0.04301087 0.00419550
v 0.00398292 0.04282047 0.00381803
v 0.00000296 0.04300804 0.00472975
v 0.05983447 0.01691774 0.00945879
v 0.06070248 0.01613539 0.01012823
v 0.05698482 0.01196014 0.01017187
v 0.04750470 -0.00040434 0.01097818
v 0.04579481 -0.00306565 0.01106207
v 0.04587860 -0.00002820 0.00981391
v 0.04587860 -0.00002820 0.00981391
v 0.04579481 -0.00306565 0.01106207
v 0.04521504 -0.00122524 0.00980930
v 0.04104970 0.01020093 0.00132941
v 0.04183376 0.00570070 0.00059996
v 0.04106893 0.00979828 0.00013104
v 0.04183376 0.00570070 0.00059996
v 0.04168957 0.00659153 0.00000016
v 0.04106893 0.00979828 0.00013104
v 0.03364449 0.02595190 -0.00000006
v 0.03417741 0.02543986 0.00041059
v 0.03640249 0.02205133 0.00074405
v 0.01804573 0.03843879 -0.00000001
v 0.01882157 0.03831948 0.00060597
v 0.02237117 0.03636968 0.00030563
v -0.03835092 0.01760181 0.00515599
v -0.03934373 0.01550475 0.00000002
v -0.03978480 0.01434348 0.00000000
v -0.03415786 0.02484100 0.00401547
v -0.03539074 0.02311319 0.00000009
v -0.03750554 0.01951467 0.00000004
v -0.03539074 0.02311319 0.00000009
v -0.03154099 0.02810999 0.00340192
v -0.03276230 0.02669445 0.00000023
v -0.03154099 0.02810999 0.00340192
v -0.02860848 0.03109798 0.00277760
v -0.03276230 0.02669445 0.00000023
v -0.03276230 0.02669445 0.00000023
v -0.02860848 0.03109798 0.00277760
v -0.02996106 0.02979296 -0.00000002
v -0.02860848 0.03109798 0.00277760
v -0.02538910 0.03377533 0.00217110
v -0.02996106 0.02979296 -0.00000002
v -0.02996106 0.02979296 -0.00000002
v -0.02538910 0.03377533 0.00217110
v -0.02686103 0.03260529 -0.00000010
v -0.02538910 0.03377533 0.00217110
v -0.02336098 0.03518807 -0.00000002
v -0.02686103 0.03260529 -0.00000010
v -0.00601408 0.04184521 0.00158627
v -0.01170944 0.04056203 0.00000002
v -0.01010746 0.04105776 0.00223521
v -0.01170944 0.04056203 0.00000002
v -0.01573764 0.03918016 0.00000003
v -0.01010746 0.04105776 0.00223521
v -0.01010746 0.04105776 0.00223521
v -0.01573764 0.03918016 0.00000003
v -0.01410254 0.03987256 0.00294185
v -0.01573764 0.03918016 0.00000003
v -0.01967045 0.03736817 -0.00000002
v -0.01410254 0.03987256 0.00294185
v -0.01410254 0.03987256 0.00294185
v -0.01967045 0.03736817 -0.00000002
v -0.01796018 0.03830043 0.00370823
v -0.01967045 0.03736817 -0.00000002
v -0.02336098 0.03518807 -0.00000002
v -0.01796018 0.03830043 0.00370823
v -0.01796018 0.03830043 0.00370823
v -0.02336098 0.03518807 -0.00000002
v -0.02164055 0.03635474 0.00453734
v -0.02336098 0.03518807 -0.00000002
v -0.02538910 0.03377533 0.00217110
v -0.02164055 0.03635474 0.00453734
v 0.00553684 0.04189387 0.00000003
v 0.00677013 0.04186551 0.00116760
v 0.00993386 0.04112101 0.00000001
v 0.00677013 0.04186551 0.00116760
v 0.01080806 0.04101572 0.00063264
v 0.00993386 0.04112101 0.00000001
v 0.00993386 0.04112101 0.00000001
v 0.01080806 0.04101572 0.00063264
v 0.01395062 0.04000784 0.00000004
v 0.01080806 0.04101572 0.00063264
v 0.01474250 0.03978014 0.00018308
v 0.01395062 0.04000784 0.00000004
v 0.01395062 0.04000784 0.00000004
v 0.01474250 0.03978014 0.00018308
v 0.01804573 0.03843879 -0.00000001
v 0.03417741 0.02543986 0.00041059
v 0.03364449 0.02595190 -0.00000006
v 0.03163942 0.02859508 0.00019056
v 0.03364449 0.02595190 -0.00000006
v 0.03117244 0.02901099 -0.00000003
v 0.03163942 0.02859508 0.00019056
v 0.03163942 0.02859508 0.00019056
v 0.03117244 0.02901099 -0.00000003
v 0.02880945 0.03148647 0.00009521
v 0.03117244 0.02901099 -0.00000003
v 0.02819933 0.03198456 -0.00000003
v 0.02880945 0.03148647 0.00009521
v 0.02880945 0.03148647 0.00009521
v 0.02819933 0.03198456 -0.00000003
v 0.02571063 0.03408548 0.00013380
v 0.02819933 0.03198456 -0.00000003
v 0.02509023 0.03446135 -0.00000002
v 0.02571063 0.03408548 0.00013380
v 0.02571063 0.03408548 0.00013380
v 0.02509023 0.03446135 -0.00000002
v 0.02237117 0.03636968 0.00030563
v 0.02509023 0.03446135 -0.00000002
v 0.02174900 0.03658325 -0.00000003
v 0.02237117 0.03636968 0.00030563
v 0.02237117 0.03636968 0.00030563
v 0.02174900 0.03658325 -0.00000003
v 0.01804573 0.03843879 -0.00000001
v 0.04076388 0.01100172 0.00000002
v 0.03955332 0.01485751 0.00000003
v 0.03987585 0.01415789 0.00079804
v 0.03955332 0.01485751 0.00000003
v 0.03832756 0.01798207 0.00034115
v 0.03987585 0.01415789 0.00079804
v 0.03987585 0.01415789 0.00079804
v 0.03832756 0.01798207 0.00034115
v 0.03829769 0.01846238 0.00118037
v 0.03832756 0.01798207 0.00034115
v 0.03640249 0.02205133 0.00074405
v 0.03829769 0.01846238 0.00118037
v 0.03955332 0.01485751 0.00000003
v 0.03785729 0.01889024 0.00000004
v 0.03832756 0.01798207 0.00034115
v 0.03785729 0.01889024 0.00000004
v 0.03663283 0.02126594 -0.00000003
v 0.03832756 0.01798207 0.00034115
v 0.03832756 0.01798207 0.00034115
v 0.03663283 0.02126594 -0.00000003
v 0.03640249 0.02205133 0.00074405
v 0.03663283 0.02126594 -0.00000003
v 0.03587656 0.02258036 -0.00000010
v 0.03640249 0.02205133 0.00074405
v 0.03640249 0.02205133 0.00074405
v 0.03587656 0.02258036 -0.00000010
v 0.03364449 0.02595190 -0.00000006
v 0.03968339 -0.01445053 -0.00000000
v 0.04092989 -0.01036898 -0.00000001
v 0.03980585 -0.01416588 0.00303199
v 0.04092989 -0.01036898 -0.00000001
v 0.04083470 -0.01083957 0.00300484
v 0.03980585 -0.01416588 0.00303199
v 0.03980585 -0.01416588 0.00303199
v 0.04083470 -0.01083957 0.00300484
v 0.04105188 -0.01023866 0.00504929
v 0.04183925 -0.00997993 0.00980935
v 0.04120075 -0.01122657 0.00899319
v 0.04192753 -0.00803694 0.00800159
v 0.04120075 -0.01122657 0.00899319
v 0.04070609 -0.01222807 0.00798121
v 0.04192753 -0.00803694 0.00800159
v 0.04192753 -0.00803694 0.00800159
v 0.04070609 -0.01222807 0.00798121
v 0.04140843 -0.00930870 0.00671965
v 0.04070609 -0.01222807 0.00798121
v 0.04034033 -0.01299335 0.00681380
v 0.04140843 -0.00930870 0.00671965
v 0.04140843 -0.00930870 0.00671965
v 0.04034033 -0.01299335 0.00681380
v 0.04105188 -0.01023866 0.00504929
v 0.04034033 -0.01299335 0.00681380
v 0.04003051 -0.01366297 0.00520738
v 0.04105188 -0.01023866 0.00504929
v 0.04105188 -0.01023866 0.00504929
v 0.04003051 -0.01366297 0.00520738
v 0.03980585 -0.01416588 0.00303199
v 0.04183925 -0.00997993 0.00980935
v 0.04192753 -0.00803694 0.00800159
v 0.04209689 -0.00948964 0.01004345
v 0.04192753 -0.00803694 0.00800159
v 0.04262615 -0.00643507 0.00890863
v 0.04209689 -0.00948964 0.01004345
v 0.04209689 -0.00948964 0.01004345
v 0.04262615 -0.00643507 0.00890863
v 0.04260959 -0.00853339 0.01040024
v 0.04365621 -0.00082217 0.00814261
v 0.04405811 0.00015938 0.00829764
v 0.04379870 -0.00640420 0.01086449
v 0.04280558 -0.00817426 0.01050638
v 0.04329709 -0.00174587 0.00792285
v 0.04317696 -0.00750291 0.01067143
v 0.04329709 -0.00174587 0.00792285
v 0.04365621 -0.00082217 0.00814261
v 0.04317696 -0.00750291 0.01067143
v 0.04317696 -0.00750291 0.01067143
v 0.04365621 -0.00082217 0.00814261
v 0.04361757 -0.00672114 0.01081738
v 0.04365621 -0.00082217 0.00814261
v 0.04379870 -0.00640420 0.01086449
v 0.04361757 -0.00672114 0.01081738
v 0.04459957 -0.00238020 0.00975714
v 0.04447401 -0.00524405 0.01098774
v 0.04399035 -0.00607154 0.01090731
v 0.04447401 -0.00524405 0.01098774
v 0.04459957 -0.00238020 0.00975714
v 0.04501553 -0.00433703 0.01103965
v 0.04521504 -0.00122524 0.00980930
v 0.04579481 -0.00306565 0.01106207
v 0.04459957 -0.00238020 0.00975714
v 0.04579481 -0.00306565 0.01106207
v 0.04557625 -0.00341832 0.01106094
v 0.04459957 -0.00238020 0.00975714
v 0.04459957 -0.00238020 0.00975714
v 0.04557625 -0.00341832 0.01106094
v 0.04501553 -0.00433703 0.01103965
v 0.05682009 0.01963506 0.00754886
v 0.05983447 0.01691774 0.00945879
v 0.05314940 0.01507564 0.00771297
v 0.05983447 0.01691774 0.00945879
v 0.05698482 0.01196014 0.01017187
v 0.05314940 0.01507564 0.00771297
v 0.05314940 0.01507564 0.00771297
v 0.05698482 0.01196014 0.01017187
v 0.05079248 0.00762215 0.00931647
v 0.05698482 0.01196014 0.01017187
v 0.05244365 0.00645931 0.01046052
v 0.05079248 0.00762215 0.00931647
v 0.05079248 0.00762215 0.00931647
v 0.05244365 0.00645931 0.01046052
v 0.04837024 0.00088133 0.01089750
v -0.00900833 0.04416189 0.02970367
v 0.00067406 0.05129557 0.03107240
v -0.00016311 0.05344149 0.02968276
v 0.00067406 0.05129557 0.03107240
v 0.01019251 0.06172182 0.03102635
v -0.00016311 0.05344149 0.02968276
v -0.00016311 0.05344149 0.02968276
v 0.01019251 0.06172182 0.03102635
v 0.00848509 0.06326050 0.02948041
v -0.01783291 0.03274889 0.03064669
v -0.02153534 0.03200091 0.02867402
v -0.02164076 0.02926916 0.03008741
v -0.02153534 0.03200091 0.02867402
v -0.02342142 0.03027157 0.02823883
v -0.02164076 0.02926916 0.03008741
v -0.02522379 0.02864381 0.02769737
v -0.02556895 0.02579868 0.02908814
v -0.02406302 0.02711485 0.02953534
v -0.02556895 0.02579868 0.02908814
v -0.02522379 0.02864381 0.02769737
v -0.02606372 0.02537015 0.02892031
v -0.02522379 0.02864381 0.02769737
v -0.02693309 0.02712275 0.02703858
v -0.02606372 0.02537015 0.02892031
v -0.02606372 0.02537015 0.02892031
v -0.02693309 0.02712275 0.02703858
v -0.02922001 0.02268215 0.02753916
v -0.02693309 0.02712275 0.02703858
v -0.02854072 0.02571251 0.02625244
v -0.02922001 0.02268215 0.02753916
v -0.02854072 0.02571251 0.02625244
v -0.03003861 0.02441669 0.02532958
v -0.02922001 0.02268215 0.02753916
v -0.02922001 0.02268215 0.02753916
v -0.03003861 0.02441669 0.02532958
v -0.03119034 0.02104500 0.02631076
v -0.03003861 0.02441669 0.02532958
v -0.03141998 0.02323767 0.02426220
v -0.03119034 0.02104500 0.02631076
v -0.03119034 0.02104500 0.02631076
v -0.03141998 0.02323767 0.02426220
v -0.03224668 0.02018066 0.02548706
v -0.03447189 0.01839204 0.02319678
v -0.03381087 0.02123540 0.02166861
v -0.03515828 0.01784962 0.02227521
v -0.03381087 0.02123540 0.02166861
v -0.03568408 0.01970430 0.01843963
v -0.03515828 0.01784962 0.02227521
v -0.03515828 0.01784962 0.02227521
v -0.03568408 0.01970430 0.01843963
v -0.03638893 0.01688906 0.02022633
v -0.03638893 0.01688906 0.02022633
v -0.03568408 0.01970430 0.01843963
v -0.03709294 0.01634703 0.01872217
v -0.03568408 0.01970430 0.01843963
v -0.03703768 0.01862266 0.01457617
v -0.03709294 0.01634703 0.01872217
v -0.03709294 0.01634703 0.01872217
v -0.03703768 0.01862266 0.01457617
v -0.03772628 0.01586458 0.01704584
v -0.03978480 0.01434348 0.00000000
v -0.03969280 0.01440868 0.00416559
v -0.03835092 0.01760181 0.00515599
v -0.03969280 0.01440868 0.00416559
v -0.03898760 0.01492130 0.01181594
v -0.03835092 0.01760181 0.00515599
v -0.03835092 0.01760181 0.00515599
v -0.03898760 0.01492130 0.01181594
v -0.03790306 0.01794552 0.01011904
v -0.03898760 0.01492130 0.01181594
v -0.03845708 0.01531483 0.01448272
v -0.03790306 0.01794552 0.01011904
v -0.03790306 0.01794552 0.01011904
v -0.03845708 0.01531483 0.01448272
v -0.03703768 0.01862266 0.01457617
v -0.03845708 0.01531483 0.01448272
v -0.03821344 0.01549721 0.01543919
v -0.03703768 0.01862266 0.01457617
v -0.03703768 0.01862266 0.01457617
v -0.03821344 0.01549721 0.01543919
v -0.03772628 0.01586458 0.01704584
v -0.02270734 0.03671182 0.02240709
v -0.02531331 0.03405349 0.02123774
v -0.02483781 0.03382482 0.02303275
v -0.02451030 0.03204062 0.02577803
v -0.02550635 0.03223247 0.02412625
v -0.02607209 0.03057597 0.02515597
v -0.02550635 0.03223247 0.02412625
v -0.02616421 0.03251427 0.02235488
v -0.02607209 0.03057597 0.02515597
v -0.02852946 0.03020039 0.02063411
v -0.03015998 0.02682121 0.02254006
v -0.02739638 0.03130506 0.02155764
v -0.03015998 0.02682121 0.02254006
v -0.02890332 0.02796293 0.02354498
v -0.02739638 0.03130506 0.02155764
v -0.02739638 0.03130506 0.02155764
v -0.02890332 0.02796293 0.02354498
v -0.02616421 0.03251427 0.02235488
v -0.02890332 0.02796293 0.02354498
v -0.02753875 0.02921544 0.02441453
v -0.02616421 0.03251427 0.02235488
v -0.02616421 0.03251427 0.02235488
v -0.02753875 0.02921544 0.02441453
v -0.02607209 0.03057597 0.02515597
v -0.03015998 0.02682121 0.02254006
v -0.03141998 0.02323767 0.02426220
v -0.02890332 0.02796293 0.02354498
v -0.03141998 0.02323767 0.02426220
v -0.03003861 0.02441669 0.02532958
v -0.02890332 0.02796293 0.02354498
v -0.02890332 0.02796293 0.02354498
v -0.03003861 0.02441669 0.02532958
v -0.02753875 0.02921544 0.02441453
v -0.03003861 0.02441669 0.02532958
v -0.02854072 0.02571251 0.02625244
v -0.02753875 0.02921544 0.02441453
v -0.02753875 0.02921544 0.02441453
v -0.02854072 0.02571251 0.02625244
v -0.02607209 0.03057597 0.02515597
v -0.02854072 0.02571251 0.02625244
v -0.02693309 0.02712275 0.02703858
v -0.02607209 0.03057597 0.02515597
v -0.02607209 0.03057597 0.02515597
v -0.02693309 0.02712275 0.02703858
v -0.02451030 0.03204062 0.02577803
v -0.02693309 0.02712275 0.02703858
v -0.02522379 0.02864381 0.02769737
v -0.02451030 0.03204062 0.02577803
v -0.03233083 0.02487715 0.02010067
v -0.03048282 0.02831355 0.01838581
v -0.03200559 0.02685990 0.01558133
v -0.01765279 0.03992165 0.01238242
v -0.02095860 0.03814727 0.01427568
v -0.01910571 0.04001240 0.01538113
v -0.02095860 0.03814727 0.01427568
v -0.02059269 0.03907551 0.01650161
v -0.01910571 0.04001240 0.01538113
v -0.01910571 0.04001240 0.01538113
v -0.02059269 0.03907551 0.01650161
v -0.01806851 0.04106420 0.01579040
v -0.02059269 0.03907551 0.01650161
v -0.01838613 0.04137580 0.01731447
v -0.01806851 0.04106420 0.01579040
v -0.01588698 0.04155608 0.01332460
v -0.01490224 0.04248014 0.01366489
v -0.01150853 0.04351474 0.01179558
v -0.01713047 0.04314354 0.01913347
v -0.01838613 0.04137580 0.01731447
v -0.01968876 0.04042456 0.01857344
v -0.01838613 0.04137580 0.01731447
v -0.02059269 0.03907551 0.01650161
v -0.01968876 0.04042456 0.01857344
v -0.01968876 0.04042456 0.01857344
v -0.02059269 0.03907551 0.01650161
v -0.02197144 0.03801334 0.01767262
v -0.02059269 0.03907551 0.01650161
v -0.02095860 0.03814727 0.01427568
v -0.02197144 0.03801334 0.01767262
v -0.02197144 0.03801334 0.01767262
v -0.02095860 0.03814727 0.01427568
v -0.02393867 0.03594720 0.01636530
v -0.03934373 0.01550475 0.00000002
v -0.03835092 0.01760181 0.00515599
v -0.03643461 0.02132628 0.00460152
v -0.03835092 0.01760181 0.00515599
v -0.03790306 0.01794552 0.01011904
v -0.03643461 0.02132628 0.00460152
v -0.03643461 0.02132628 0.00460152
v -0.03790306 0.01794552 0.01011904
v -0.03603139 0.02166426 0.00925684
v -0.03790306 0.01794552 0.01011904
v -0.03703768 0.01862266 0.01457617
v -0.03603139 0.02166426 0.00925684
v -0.03603139 0.02166426 0.00925684
v -0.03703768 0.01862266 0.01457617
v -0.03525086 0.02232818 0.01343929
v -0.03703768 0.01862266 0.01457617
v -0.03568408 0.01970430 0.01843963
v -0.03525086 0.02232818 0.01343929
v -0.03525086 0.02232818 0.01343929
v -0.03568408 0.01970430 0.01843963
v -0.03402752 0.02338544 0.01706670
v -0.03568408 0.01970430 0.01843963
v -0.03381087 0.02123540 0.02166861
v -0.03402752 0.02338544 0.01706670
v -0.03402752 0.02338544 0.01706670
v -0.03381087 0.02123540 0.02166861
v -0.03233083 0.02487715 0.02010067
v -0.03233083 0.02487715 0.02010067
v -0.03200559 0.02685990 0.01558133
v -0.03402752 0.02338544 0.01706670
v -0.03200559 0.02685990 0.01558133
v -0.03310094 0.02582568 0.01222097
v -0.03402752 0.02338544 0.01706670
v -0.03402752 0.02338544 0.01706670
v -0.03310094 0.02582568 0.01222097
v -0.03525086 0.02232818 0.01343929
v -0.03310094 0.02582568 0.01222097
v -0.03379831 0.02517390 0.00834014
v -0.03525086 0.02232818 0.01343929
v -0.03525086 0.02232818 0.01343929
v -0.03379831 0.02517390 0.00834014
v -0.03603139 0.02166426 0.00925684
v -0.03379831 0.02517390 0.00834014
v -0.03415786 0.02484100 0.00401547
v -0.03603139 0.02166426 0.00925684
v -0.03603139 0.02166426 0.00925684
v -0.03415786 0.02484100 0.00401547
v -0.03643461 0.02132628 0.00460152
v -0.03415786 0.02484100 0.00401547
v -0.03750554 0.01951467 0.00000004
v -0.03643461 0.02132628 0.00460152
v -0.03643461 0.02132628 0.00460152
v -0.03750554 0.01951467 0.00000004
v -0.03934373 0.01550475 0.00000002
v -0.03154099 0.02810999 0.00340192
v -0.03121859 0.02843409 0.00737449
v -0.02860848 0.03109798 0.00277760
v -0.03121859 0.02843409 0.00737449
v -0.02831090 0.03140340 0.00638849
v -0.02860848 0.03109798 0.00277760
v -0.02860848 0.03109798 0.00277760
v -0.02831090 0.03140340 0.00638849
v -0.02538910 0.03377533 0.00217110
v -0.02831090 0.03140340 0.00638849
v -0.02510470 0.03405033 0.00543239
v -0.02538910 0.03377533 0.00217110
v -0.02538910 0.03377533 0.00217110
v -0.02510470 0.03405033 0.00543239
v -0.02164055 0.03635474 0.00453734
v -0.02556144 0.03425193 0.01460026
v -0.02393867 0.03594720 0.01636530
v -0.02249233 0.03661783 0.01274678
v -0.02393867 0.03594720 0.01636530
v -0.02095860 0.03814727 0.01427568
v -0.02249233 0.03661783 0.01274678
v -0.02249233 0.03661783 0.01274678
v -0.02095860 0.03814727 0.01427568
v -0.01912131 0.03858577 0.01105181
v -0.02095860 0.03814727 0.01427568
v -0.01765279 0.03992165 0.01238242
v -0.01912131 0.03858577 0.01105181
v -0.01912131 0.03858577 0.01105181
v -0.01765279 0.03992165 0.01238242
v -0.01553142 0.04018328 0.00952087
v -0.01765279 0.03992165 0.01238242
v -0.01412564 0.04132072 0.01069004
v -0.01553142 0.04018328 0.00952087
v -0.01553142 0.04018328 0.00952087
v -0.01412564 0.04132072 0.01069004
v -0.01178083 0.04142322 0.00813662
v -0.01412564 0.04132072 0.01069004
v -0.01044532 0.04237173 0.00917409
v -0.01178083 0.04142322 0.00813662
v -0.01178083 0.04142322 0.00813662
v -0.01044532 0.04237173 0.00917409
v -0.00791565 0.04230818 0.00688355
v 0.00493500 0.04323077 0.00452236
v 0.00050752 0.04324367 0.00514163
v 0.00106373 0.04351405 0.00549535
v 0.00050752 0.04324367 0.00514163
v -0.00342280 0.04313087 0.00620309
v 0.00106373 0.04351405 0.00549535
v 0.00106373 0.04351405 0.00549535
v -0.00342280 0.04313087 0.00620309
v -0.00281312 0.04346592 0.00658980
v -0.00342280 0.04313087 0.00620309
v -0.00666125 0.04308552 0.00781280
v -0.00281312 0.04346592 0.00658980
v -0.01044532 0.04237173 0.00917409
v -0.00666125 0.04308552 0.00781280
v -0.00791565 0.04230818 0.00688355
v -0.00666125 0.04308552 0.00781280
v -0.00342280 0.04313087 0.00620309
v -0.00791565 0.04230818 0.00688355
v -0.00791565 0.04230818 0.00688355
v -0.00342280 0.04313087 0.00620309
v -0.00397539 0.04283696 0.00575010
v -0.00342280 0.04313087 0.00620309
v 0.00050752 0.04324367 0.00514163
v -0.00397539 0.04283696 0.00575010
v -0.00397539 0.04283696 0.00575010
v -0.00489956 0.04236745 0.00463699
v -0.00791565 0.04230818 0.00688355
v -0.00489956 0.04236745 0.00463699
v -0.00891075 0.04172112 0.00564528
v -0.00791565 0.04230818 0.00688355
v -0.00791565 0.04230818 0.00688355
v -0.00891075 0.04172112 0.00564528
v -0.01178083 0.04142322 0.00813662
v -0.00891075 0.04172112 0.00564528
v -0.01283702 0.04070006 0.00675333
v -0.01178083 0.04142322 0.00813662
v -0.01178083 0.04142322 0.00813662
v -0.01283702 0.04070006 0.00675333
v -0.01553142 0.04018328 0.00952087
v -0.01283702 0.04070006 0.00675333
v -0.01663904 0.03930967 0.00796860
v -0.01553142 0.04018328 0.00952087
v -0.01553142 0.04018328 0.00952087
v -0.01663904 0.03930967 0.00796860
v -0.01912131 0.03858577 0.01105181
v -0.01663904 0.03930967 0.00796860
v -0.02027345 0.03755435 0.00930128
v -0.01912131 0.03858577 0.01105181
v -0.01912131 0.03858577 0.01105181
v -0.02027345 0.03755435 0.00930128
v -0.02249233 0.03661783 0.01274678
v -0.02027345 0.03755435 0.00930128
v -0.02369048 0.03543333 0.01076264
v -0.02249233 0.03661783 0.01274678
v -0.02249233 0.03661783 0.01274678
v -0.02369048 0.03543333 0.01076264
v -0.02556144 0.03425193 0.01460026
v -0.02369048 0.03543333 0.01076264
v -0.02682515 0.03293828 0.01234670
v -0.02556144 0.03425193 0.01460026
v -0.02556144 0.03425193 0.01460026
v -0.02682515 0.03293828 0.01234670
v -0.02823617 0.03146877 0.01652746
v -0.02682515 0.03293828 0.01234670
v -0.02960755 0.03006731 0.01398876
v -0.02823617 0.03146877 0.01652746
v -0.01588698 0.04155608 0.01332460
v -0.01244321 0.04272013 0.01150605
v -0.01331709 0.04198822 0.01113958
v -0.01244321 0.04272013 0.01150605
v -0.00885366 0.04354770 0.00989324
v -0.01331709 0.04198822 0.01113958
v -0.01331709 0.04198822 0.01113958
v -0.00885366 0.04354770 0.00989324
v -0.00967952 0.04293150 0.00957107
v -0.00885366 0.04354770 0.00989324
v -0.00517140 0.04405876 0.00845754
v -0.00967952 0.04293150 0.00957107
v -0.00967952 0.04293150 0.00957107
v -0.00517140 0.04405876 0.00845754
v -0.00594375 0.04354759 0.00816860
v -0.00517140 0.04405876 0.00845754
v -0.00143635 0.04426265 0.00717731
v -0.00594375 0.04354759 0.00816860
v -0.00594375 0.04354759 0.00816860
v -0.00143635 0.04426265 0.00717731
v -0.00214960 0.04384302 0.00691323
v -0.00143635 0.04426265 0.00717731
v 0.00231801 0.04416343 0.00603920
v -0.00214960 0.04384302 0.00691323
v -0.00214960 0.04384302 0.00691323
v 0.00231801 0.04416343 0.00603920
v 0.00166852 0.04382036 0.00579343
v 0.00231801 0.04416343 0.00603920
v 0.00605979 0.04376401 0.00503314
v 0.00166852 0.04382036 0.00579343
v 0.00166852 0.04382036 0.00579343
v 0.00605979 0.04376401 0.00503314
v 0.00547748 0.04348147 0.00480065
v 0.00605979 0.04376401 0.00503314
v 0.00975939 0.04306675 0.00415431
v 0.00547748 0.04348147 0.00480065
v 0.00547748 0.04348147 0.00480065
v 0.00975939 0.04306675 0.00415431
v 0.00924613 0.04282849 0.00393118
v -0.01588698 0.04155608 0.01332460
v -0.01150853 0.04351474 0.01179558
v -0.01244321 0.04272013 0.01150605
v -0.01150853 0.04351474 0.01179558
v -0.00797240 0.04421937 0.01014621
v -0.01244321 0.04272013 0.01150605
v -0.01244321 0.04272013 0.01150605
v -0.00797240 0.04421937 0.01014621
v -0.00885366 0.04354770 0.00989324
v -0.00797240 0.04421937 0.01014621
v -0.00434883 0.04461875 0.00868461
v -0.00885366 0.04354770 0.00989324
v -0.00885366 0.04354770 0.00989324
v -0.00434883 0.04461875 0.00868461
v -0.00517140 0.04405876 0.00845754
v -0.00434883 0.04461875 0.00868461
v -0.00067787 0.04472506 0.00738641
v -0.00517140 0.04405876 0.00845754
v -0.00517140 0.04405876 0.00845754
v -0.00067787 0.04472506 0.00738641
v -0.00143635 0.04426265 0.00717731
v -0.00067787 0.04472506 0.00738641
v 0.00300797 0.04454390 0.00623638
v -0.00143635 0.04426265 0.00717731
v -0.00143635 0.04426265 0.00717731
v 0.00300797 0.04454390 0.00623638
v 0.00231801 0.04416343 0.00603920
v 0.00300797 0.04454390 0.00623638
v 0.00667808 0.04407923 0.00522290
v 0.00231801 0.04416343 0.00603920
v 0.00231801 0.04416343 0.00603920
v 0.00667808 0.04407923 0.00522290
v 0.00605979 0.04376401 0.00503314
v 0.00667808 0.04407923 0.00522290
v 0.01030444 0.04333370 0.00433999
v 0.00605979 0.04376401 0.00503314
v 0.00605979 0.04376401 0.00503314
v 0.01030444 0.04333370 0.00433999
v 0.00975939 0.04306675 0.00415431
v 0.01030444 0.04333370 0.00433999
v 0.01338775 0.04207401 0.00340029
v 0.00975939 0.04306675 0.00415431
v 0.00975939 0.04306675 0.00415431
v 0.01338775 0.04207401 0.00340029
v 0.00924613 0.04282849 0.00393118
v -0.01490224 0.04248014 0.01366489
v -0.01051831 0.04436969 0.01201525
v -0.01150853 0.04351474 0.01179558
v -0.01051831 0.04436969 0.01201525
v -0.00704108 0.04494502 0.01033643
v -0.01150853 0.04351474 0.01179558
v -0.01150853 0.04351474 0.01179558
v -0.00704108 0.04494502 0.01033643
v -0.00797240 0.04421937 0.01014621
v -0.00704108 0.04494502 0.01033643
v -0.00348132 0.04522680 0.00885557
v -0.00797240 0.04421937 0.01014621
v -0.00797240 0.04421937 0.01014621
v -0.00348132 0.04522680 0.00885557
v -0.00434883 0.04461875 0.00868461
v -0.00348132 0.04522680 0.00885557
v 0.00012078 0.04523010 0.00754555
v -0.00434883 0.04461875 0.00868461
v -0.00434883 0.04461875 0.00868461
v 0.00012078 0.04523010 0.00754555
v -0.00067787 0.04472506 0.00738641
v 0.00012078 0.04523010 0.00754555
v 0.00373368 0.04496206 0.00638928
v -0.00067787 0.04472506 0.00738641
v -0.00067787 0.04472506 0.00738641
v 0.00373368 0.04496206 0.00638928
v 0.00300797 0.04454390 0.00623638
v 0.00373368 0.04496206 0.00638928
v 0.00732805 0.04442772 0.00537353
v 0.00300797 0.04454390 0.00623638
v 0.00300797 0.04454390 0.00623638
v 0.00732805 0.04442772 0.00537353
v 0.00667808 0.04407923 0.00522290
v 0.00732805 0.04442772 0.00537353
v 0.01087751 0.04363001 0.00449115
v 0.00667808 0.04407923 0.00522290
v 0.00667808 0.04407923 0.00522290
v 0.01087751 0.04363001 0.00449115
v 0.01030444 0.04333370 0.00433999
v 0.01087751 0.04363001 0.00449115
v 0.01435637 0.04257112 0.00373765
v 0.01030444 0.04333370 0.00433999
v 0.01030444 0.04333370 0.00433999
v 0.01435637 0.04257112 0.00373765
v 0.01338775 0.04207401 0.00340029
v -0.03059245 0.02906673 0.01092719
v -0.02960755 0.03006731 0.01398876
v -0.02773326 0.03199859 0.00960018
v -0.02960755 0.03006731 0.01398876
v -0.02682515 0.03293828 0.01234670
v -0.02773326 0.03199859 0.00960018
v -0.02773326 0.03199859 0.00960018
v -0.02682515 0.03293828 0.01234670
v -0.02455398 0.03458647 0.00831648
v -0.02682515 0.03293828 0.01234670
v -0.02369048 0.03543333 0.01076264
v -0.02455398 0.03458647 0.00831648
v -0.02455398 0.03458647 0.00831648
v -0.02369048 0.03543333 0.01076264
v -0.02110703 0.03681903 0.00712280
v -0.02369048 0.03543333 0.01076264
v -0.02027345 0.03755435 0.00930128
v -0.02110703 0.03681903 0.00712280
v -0.02110703 0.03681903 0.00712280
v -0.02027345 0.03755435 0.00930128
v -0.01744350 0.03868994 0.00602492
v -0.02027345 0.03755435 0.00930128
v -0.01663904 0.03930967 0.00796860
v -0.01744350 0.03868994 0.00602492
v -0.01744350 0.03868994 0.00602492
v -0.01663904 0.03930967 0.00796860
v -0.01360671 0.04019063 0.00501629
v -0.01663904 0.03930967 0.00796860
v -0.01283702 0.04070006 0.00675333
v -0.01360671 0.04019063 0.00501629
v -0.01360671 0.04019063 0.00501629
v -0.01283702 0.04070006 0.00675333
v -0.00963789 0.04131135 0.00409095
v -0.01283702 0.04070006 0.00675333
v -0.00891075 0.04172112 0.00564528
v -0.00963789 0.04131135 0.00409095
v -0.00963789 0.04131135 0.00409095
v -0.00891075 0.04172112 0.00564528
v -0.00557628 0.04204346 0.00324463
v -0.00891075 0.04172112 0.00564528
v -0.00489956 0.04236745 0.00463699
v -0.00557628 0.04204346 0.00324463
v -0.00557628 0.04204346 0.00324463
v -0.00601408 0.04184521 0.00158627
v -0.00963789 0.04131135 0.00409095
v -0.00601408 0.04184521 0.00158627
v -0.01010746 0.04105776 0.00223521
v -0.00963789 0.04131135 0.00409095
v -0.00963789 0.04131135 0.00409095
v -0.01010746 0.04105776 0.00223521
v -0.01360671 0.04019063 0.00501629
v -0.01010746 0.04105776 0.00223521
v -0.01410254 0.03987256 0.00294185
v -0.01360671 0.04019063 0.00501629
v -0.01360671 0.04019063 0.00501629
v -0.01410254 0.03987256 0.00294185
v -0.01744350 0.03868994 0.00602492
v -0.01410254 0.03987256 0.00294185
v -0.01796018 0.03830043 0.00370823
v -0.01744350 0.03868994 0.00602492
v -0.01744350 0.03868994 0.00602492
v -0.01796018 0.03830043 0.00370823
v -0.02110703 0.03681903 0.00712280
v -0.01796018 0.03830043 0.00370823
v -0.02164055 0.03635474 0.00453734
v -0.02110703 0.03681903 0.00712280
v -0.02110703 0.03681903 0.00712280
v -0.02164055 0.03635474 0.00453734
v -0.02455398 0.03458647 0.00831648
v -0.02164055 0.03635474 0.00453734
v -0.02510470 0.03405033 0.00543239
v -0.02455398 0.03458647 0.00831648
v -0.02455398 0.03458647 0.00831648
v -0.02510470 0.03405033 0.00543239
v -0.02773326 0.03199859 0.00960018
v -0.02510470 0.03405033 0.00543239
v -0.02831090 0.03140340 0.00638849
v -0.02773326 0.03199859 0.00960018
v -0.02773326 0.03199859 0.00960018
v -0.02831090 0.03140340 0.00638849
v -0.03059245 0.02906673 0.01092719
v -0.02831090 0.03140340 0.00638849
v -0.03121859 0.02843409 0.00737449
v -0.03059245 0.02906673 0.01092719
v 0.00000296 0.04300804 0.00472975
v 0.00322409 0.04252219 0.00290580
v -0.00084184 0.04263530 0.00372460
v 0.00322409 0.04252219 0.00290580
v 0.00266729 0.04232187 0.00178270
v -0.00084184 0.04263530 0.00372460
v -0.00084184 0.04263530 0.00372460
v 0.00266729 0.04232187 0.00178270
v -0.00146132 0.04238151 0.00247547
v 0.00266729 0.04232187 0.00178270
v 0.00230640 0.04220264 0.00045984
v -0.00146132 0.04238151 0.00247547
v -0.00146132 0.04238151 0.00247547
v 0.00230640 0.04220264 0.00045984
v -0.00186259 0.04222831 0.00099443
v 0.00230640 0.04220264 0.00045984
v -0.00318451 0.04210047 0.00000003
v -0.00186259 0.04222831 0.00099443
v -0.00186259 0.04222831 0.00099443
v -0.00318451 0.04210047 0.00000003
v -0.00747852 0.04154915 0.00000007
v 0.01882157 0.03831948 0.00060597
v 0.01804573 0.03843879 -0.00000001
v 0.01509608 0.03992029 0.00102499
v 0.01804573 0.03843879 -0.00000001
v 0.01474250 0.03978014 0.00018308
v 0.01509608 0.03992029 0.00102499
v 0.01509608 0.03992029 0.00102499
v 0.01474250 0.03978014 0.00018308
v 0.01123022 0.04115978 0.00155235
v 0.01474250 0.03978014 0.00018308
v 0.01080806 0.04101572 0.00063264
v 0.01123022 0.04115978 0.00155235
v 0.01123022 0.04115978 0.00155235
v 0.01080806 0.04101572 0.00063264
v 0.00726057 0.04202933 0.00218105
v 0.01080806 0.04101572 0.00063264
v 0.00677013 0.04186551 0.00116760
v 0.00726057 0.04202933 0.00218105
v 0.00726057 0.04202933 0.00218105
v 0.00677013 0.04186551 0.00116760
v 0.00266729 0.04232187 0.00178270
v 0.00677013 0.04186551 0.00116760
v 0.00553684 0.04189387 0.00000003
v 0.00266729 0.04232187 0.00178270
v 0.00266729 0.04232187 0.00178270
v 0.00553684 0.04189387 0.00000003
v 0.00230640 0.04220264 0.00045984
v 0.00553684 0.04189387 0.00000003
v 0.00116207 0.04221677 0.00000021
v 0.00230640 0.04220264 0.00045984
v 0.00230640 0.04220264 0.00045984
v 0.00116207 0.04221677 0.00000021
v -0.00318451 0.04210047 0.00000003
v 0.01691559 0.04078873 0.00277293
v 0.01773854 0.04125274 0.00311295
v 0.02031351 0.03921414 0.00227615
v 0.01773854 0.04125274 0.00311295
v 0.02099767 0.03967625 0.00261901
v 0.02031351 0.03921414 0.00227615
v 0.02031351 0.03921414 0.00227615
v 0.02099767 0.03967625 0.00261901
v 0.02355195 0.03735414 0.00191769
v 0.02099767 0.03967625 0.00261901
v 0.02410687 0.03784264 0.00226156
v 0.02355195 0.03735414 0.00191769
v 0.02355195 0.03735414 0.00191769
v 0.02410687 0.03784264 0.00226156
v 0.02660264 0.03521432 0.00170518
v 0.00876803 0.04261798 0.00366813
v 0.01294377 0.04186386 0.00318357
v 0.01253058 0.04167826 0.00293213
v 0.01294377 0.04186386 0.00318357
v 0.01653962 0.04059119 0.00256053
v 0.01253058 0.04167826 0.00293213
v 0.01253058 0.04167826 0.00293213
v 0.01653962 0.04059119 0.00256053
v 0.01619043 0.04041588 0.00231783
v 0.01653962 0.04059119 0.00256053
v 0.02000285 0.03901467 0.00206683
v 0.01619043 0.04041588 0.00231783
v 0.01619043 0.04041588 0.00231783
v 0.02000285 0.03901467 0.00206683
v 0.01971538 0.03883600 0.00183075
v 0.02000285 0.03901467 0.00206683
v 0.02330267 0.03713973 0.00171108
v 0.01971538 0.03883600 0.00183075
v 0.01971538 0.03883600 0.00183075
v 0.02330267 0.03713973 0.00171108
v 0.02307353 0.03694555 0.00148020
v 0.02330267 0.03713973 0.00171108
v 0.02623422 0.03475337 0.00127518
v 0.02307353 0.03694555 0.00148020
v 0.01294377 0.04186386 0.00318357
v 0.01691559 0.04078873 0.00277293
v 0.01653962 0.04059119 0.00256053
v 0.01691559 0.04078873 0.00277293
v 0.02031351 0.03921414 0.00227615
v 0.01653962 0.04059119 0.00256053
v 0.01653962 0.04059119 0.00256053
v 0.02031351 0.03921414 0.00227615
v 0.02000285 0.03901467 0.00206683
v 0.02031351 0.03921414 0.00227615
v 0.02355195 0.03735414 0.00191769
v 0.02000285 0.03901467 0.00206683
v 0.02000285 0.03901467 0.00206683
v 0.02355195 0.03735414 0.00191769
v 0.02330267 0.03713973 0.00171108
v 0.02355195 0.03735414 0.00191769
v 0.02660264 0.03521432 0.00170518
v 0.02330267 0.03713973 0.00171108
v 0.02330267 0.03713973 0.00171108
v 0.02660264 0.03521432 0.00170518
v 0.02623422 0.03475337 0.00127518
v 0.02660264 0.03521432 0.00170518
v 0.02929883 0.03252919 0.00144250
v 0.02623422 0.03475337 0.00127518
v 0.02623422 0.03475337 0.00127518
v 0.02929883 0.03252919 0.00144250
v 0.02917136 0.03227389 0.00121999
v 0.02929883 0.03252919 0.00144250
v 0.03194881 0.02982318 0.00153404
v 0.02917136 0.03227389 0.00121999
v 0.02917136 0.03227389 0.00121999
v 0.03194881 0.02982318 0.00153404
v 0.03186186 0.02952507 0.00131511
v 0.03194881 0.02982318 0.00153404
v 0.03434538 0.02688064 0.00176755
v 0.03186186 0.02952507 0.00131511
v 0.03186186 0.02952507 0.00131511
v 0.03434538 0.02688064 0.00176755
v 0.03428954 0.02653283 0.00155142
v 0.03434538 0.02688064 0.00176755
v 0.03644061 0.02332532 0.00191801
v 0.03428954 0.02653283 0.00155142
v 0.03428954 0.02653283 0.00155142
v 0.03644061 0.02332532 0.00191801
v 0.03641731 0.02295383 0.00167267
v 0.03644061 0.02332532 0.00191801
v 0.03828833 0.01950446 0.00215471
v 0.03641731 0.02295383 0.00167267
v 0.03641731 0.02295383 0.00167267
v 0.03828833 0.01950446 0.00215471
v 0.03828366 0.01911541 0.00186780
v 0.03828833 0.01950446 0.00215471
v 0.03983897 0.01545265 0.00244462
v 0.03828366 0.01911541 0.00186780
v 0.03640464 0.02261659 0.00139562
v 0.03421469 0.02592384 0.00103715
v 0.03424656 0.02621334 0.00130817
v 0.03421469 0.02592384 0.00103715
v 0.03172799 0.02900557 0.00080304
v 0.03424656 0.02621334 0.00130817
v 0.03424656 0.02621334 0.00130817
v 0.03172799 0.02900557 0.00080304
v 0.03178865 0.02925212 0.00107157
v 0.03172799 0.02900557 0.00080304
v 0.02896216 0.03183225 0.00070473
v 0.03178865 0.02925212 0.00107157
v 0.03178865 0.02925212 0.00107157
v 0.02896216 0.03183225 0.00070473
v 0.02905935 0.03204132 0.00097415
v 0.02896216 0.03183225 0.00070473
v 0.02593712 0.03437652 0.00075174
v 0.02905935 0.03204132 0.00097415
v 0.02905935 0.03204132 0.00097415
v 0.02593712 0.03437652 0.00075174
v 0.02607674 0.03455425 0.00102529
v 0.02593712 0.03437652 0.00075174
v 0.02267873 0.03661798 0.00094343
v 0.02607674 0.03455425 0.00102529
v 0.02607674 0.03455425 0.00102529
v 0.02267873 0.03661798 0.00094343
v 0.02286537 0.03677168 0.00122442
v 0.02267873 0.03661798 0.00094343
v 0.01921550 0.03853942 0.00127510
v 0.02286537 0.03677168 0.00122442
v 0.02286537 0.03677168 0.00122442
v 0.01921550 0.03853942 0.00127510
v 0.01945257 0.03867777 0.00156701
v 0.01921550 0.03853942 0.00127510
v 0.01558009 0.04012894 0.00173698
v 0.01945257 0.03867777 0.00156701
v 0.01945257 0.03867777 0.00156701
v 0.01558009 0.04012894 0.00173698
v 0.01587006 0.04026210 0.00204358
v 0.01558009 0.04012894 0.00173698
v 0.01180642 0.04137672 0.00231883
v 0.01587006 0.04026210 0.00204358
v 0.01587006 0.04026210 0.00204358
v 0.01180642 0.04137672 0.00231883
v 0.01215078 0.04151626 0.00264427
v 0.01180642 0.04137672 0.00231883
v 0.00792909 0.04227576 0.00301407
v 0.01215078 0.04151626 0.00264427
v 0.01215078 0.04151626 0.00264427
v 0.00792909 0.04227576 0.00301407
v 0.00832819 0.04243417 0.00336296
v 0.03828366 0.01911541 0.00186780
v 0.03640464 0.02261659 0.00139562
v 0.03641731 0.02295383 0.00167267
v 0.03640464 0.02261659 0.00139562
v 0.03424656 0.02621334 0.00130817
v 0.03641731 0.02295383 0.00167267
v 0.03641731 0.02295383 0.00167267
v 0.03424656 0.02621334 0.00130817
v 0.03428954 0.02653283 0.00155142
v 0.03424656 0.02621334 0.00130817
v 0.03178865 0.02925212 0.00107157
v 0.03428954 0.02653283 0.00155142
v 0.03428954 0.02653283 0.00155142
v 0.03178865 0.02925212 0.00107157
v 0.03186186 0.02952507 0.00131511
v 0.03178865 0.02925212 0.00107157
v 0.02905935 0.03204132 0.00097415
v 0.03186186 0.02952507 0.00131511
v 0.03186186 0.02952507 0.00131511
v 0.02905935 0.03204132 0.00097415
v 0.02917136 0.03227389 0.00121999
v 0.02905935 0.03204132 0.00097415
v 0.02607674 0.03455425 0.00102529
v 0.02917136 0.03227389 0.00121999
v 0.02917136 0.03227389 0.00121999
v 0.02607674 0.03455425 0.00102529
v 0.02623422 0.03475337 0.00127518
v 0.02607674 0.03455425 0.00102529
v 0.02286537 0.03677168 0.00122442
v 0.02623422 0.03475337 0.00127518
v 0.02623422 0.03475337 0.00127518
v 0.02286537 0.03677168 0.00122442
v 0.02307353 0.03694555 0.00148020
v 0.02286537 0.03677168 0.00122442
v 0.01945257 0.03867777 0.00156701
v 0.02307353 0.03694555 0.00148020
v 0.02307353 0.03694555 0.00148020
v 0.01945257 0.03867777 0.00156701
v 0.01971538 0.03883600 0.00183075
v 0.01945257 0.03867777 0.00156701
v 0.01587006 0.04026210 0.00204358
v 0.01971538 0.03883600 0.00183075
v 0.01971538 0.03883600 0.00183075
v 0.01587006 0.04026210 0.00204358
v 0.01619043 0.04041588 0.00231783
v 0.01587006 0.04026210 0.00204358
v 0.01215078 0.04151626 0.00264427
v 0.01619043 0.04041588 0.00231783
v 0.01619043 0.04041588 0.00231783
v 0.01215078 0.04151626 0.00264427
v 0.01253058 0.04167826 0.00293213
v 0.01215078 0.04151626 0.00264427
v 0.00832819 0.04243417 0.00336296
v 0.01253058 0.04167826 0.00293213
v 0.01253058 0.04167826 0.00293213
v 0.00832819 0.04243417 0.00336296
v 0.00876803 0.04261798 0.00366813
v 0.03652789 0.02416198 0.00231787
v 0.03837949 0.02089494 0.00280143
v 0.03833364 0.02039711 0.00261989
v 0.03837949 0.02089494 0.00280143
v 0.03990763 0.01691448 0.00322164
v 0.03833364 0.02039711 0.00261989
v 0.03833364 0.02039711 0.00261989
v 0.03990763 0.01691448 0.00322164
v 0.03987010 0.01638491 0.00300389
v 0.03990763 0.01691448 0.00322164
v 0.04112986 0.01271294 0.00371121
v 0.03987010 0.01638491 0.00300389
v 0.03987010 0.01638491 0.00300389
v 0.04112986 0.01271294 0.00371121
v 0.04108723 0.01216230 0.00344091
v 0.04297943 -0.00260577 0.00763218
v 0.04323345 0.00205502 0.00674678
v 0.04329709 -0.00174587 0.00792285
v 0.04323345 0.00205502 0.00674678
v 0.04349822 0.00291189 0.00694904
v 0.04329709 -0.00174587 0.00792285
v 0.04329709 -0.00174587 0.00792285
v 0.04349822 0.00291189 0.00694904
v 0.04365621 -0.00082217 0.00814261
v 0.04349822 0.00291189 0.00694904
v 0.04380021 0.00382118 0.00709341
v 0.04365621 -0.00082217 0.00814261
v 0.04365621 -0.00082217 0.00814261
v 0.04380021 0.00382118 0.00709341
v 0.04405811 0.00015938 0.00829764
v 0.04380021 0.00382118 0.00709341
v 0.04414109 0.00477647 0.00718606
v 0.04405811 0.00015938 0.00829764
v 0.04405811 0.00015938 0.00829764
v 0.04414109 0.00477647 0.00718606
v 0.04450375 0.00119210 0.00839493
v 0.04414109 0.00477647 0.00718606
v 0.04499384 0.00226905 0.00844178
v 0.04450375 0.00119210 0.00839493
v 0.03441577 0.02725462 0.00195756
v 0.03652789 0.02416198 0.00231787
v 0.03647673 0.02372893 0.00213260
v 0.03652789 0.02416198 0.00231787
v 0.03833364 0.02039711 0.00261989
v 0.03647673 0.02372893 0.00213260
v 0.03647673 0.02372893 0.00213260
v 0.03833364 0.02039711 0.00261989
v 0.03830412 0.01993255 0.00240494
v 0.03833364 0.02039711 0.00261989
v 0.03987010 0.01638491 0.00300389
v 0.03830412 0.01993255 0.00240494
v 0.03830412 0.01993255 0.00240494
v 0.03987010 0.01638491 0.00300389
v 0.03984816 0.01589663 0.00274549
v 0.03987010 0.01638491 0.00300389
v 0.04108723 0.01216230 0.00344091
v 0.03984816 0.01589663 0.00274549
v 0.03984816 0.01589663 0.00274549
v 0.04108723 0.01216230 0.00344091
v 0.04106007 0.01166155 0.00312161
v 0.02410687 0.03784264 0.00226156
v 0.02704048 0.03575433 0.00204641
v 0.02660264 0.03521432 0.00170518
v 0.02704048 0.03575433 0.00204641
v 0.02944220 0.03280612 0.00164222
v 0.02660264 0.03521432 0.00170518
v 0.02660264 0.03521432 0.00170518
v 0.02944220 0.03280612 0.00164222
v 0.02929883 0.03252919 0.00144250
v 0.02944220 0.03280612 0.00164222
v 0.03205062 0.03014484 0.00172909
v 0.02929883 0.03252919 0.00144250
v 0.02929883 0.03252919 0.00144250
v 0.03205062 0.03014484 0.00172909
v 0.03194881 0.02982318 0.00153404
v 0.03205062 0.03014484 0.00172909
v 0.03441577 0.02725462 0.00195756
v 0.03194881 0.02982318 0.00153404
v 0.03194881 0.02982318 0.00153404
v 0.03441577 0.02725462 0.00195756
v 0.03434538 0.02688064 0.00176755
v 0.03441577 0.02725462 0.00195756
v 0.03647673 0.02372893 0.00213260
v 0.03434538 0.02688064 0.00176755
v 0.03434538 0.02688064 0.00176755
v 0.03647673 0.02372893 0.00213260
v 0.03644061 0.02332532 0.00191801
v 0.03647673 0.02372893 0.00213260
v 0.03830412 0.01993255 0.00240494
v 0.03644061 0.02332532 0.00191801
v 0.03644061 0.02332532 0.00191801
v 0.03830412 0.01993255 0.00240494
v 0.03828833 0.01950446 0.00215471
v 0.03830412 0.01993255 0.00240494
v 0.03984816 0.01589663 0.00274549
v 0.03828833 0.01950446 0.00215471
v 0.03828833 0.01950446 0.00215471
v 0.03984816 0.01589663 0.00274549
v 0.03983897 0.01545265 0.00244462
v 0.03984816 0.01589663 0.00274549
v 0.04106007 0.01166155 0.00312161
v 0.03983897 0.01545265 0.00244462
v 0.04183964 -0.00619327 0.00416227
v 0.04239231 -0.00126551 0.00470005
v 0.04208861 -0.00531358 0.00566412
v 0.04239231 -0.00126551 0.00470005
v 0.04264168 -0.00014647 0.00574090
v 0.04208861 -0.00531358 0.00566412
v 0.04208861 -0.00531358 0.00566412
v 0.04264168 -0.00014647 0.00574090
v 0.04246210 -0.00411342 0.00681671
v 0.04264168 -0.00014647 0.00574090
v 0.04297943 -0.00260577 0.00763218
v 0.04246210 -0.00411342 0.00681671
v 0.00000296 0.04300804 0.00472975
v 0.00398292 0.04282047 0.00381803
v 0.00322409 0.04252219 0.00290580
v 0.00398292 0.04282047 0.00381803
v 0.00757280 0.04214134 0.00262025
v 0.00322409 0.04252219 0.00290580
v 0.00322409 0.04252219 0.00290580
v 0.00757280 0.04214134 0.00262025
v 0.00726057 0.04202933 0.00218105
v 0.00757280 0.04214134 0.00262025
v 0.01149924 0.04125837 0.00195493
v 0.00726057 0.04202933 0.00218105
v 0.00726057 0.04202933 0.00218105
v 0.01149924 0.04125837 0.00195493
v 0.01123022 0.04115978 0.00155235
v 0.01149924 0.04125837 0.00195493
v 0.01532187 0.04001540 0.00139745
v 0.01123022 0.04115978 0.00155235
v 0.01123022 0.04115978 0.00155235
v 0.01532187 0.04001540 0.00139745
v 0.01509608 0.03992029 0.00102499
v 0.01532187 0.04001540 0.00139745
v 0.01900504 0.03842028 0.00095471
v 0.01509608 0.03992029 0.00102499
v 0.01509608 0.03992029 0.00102499
v 0.01900504 0.03842028 0.00095471
v 0.01882157 0.03831948 0.00060597
v 0.01900504 0.03842028 0.00095471
v 0.02251399 0.03648416 0.00063708
v 0.01882157 0.03831948 0.00060597
v 0.01882157 0.03831948 0.00060597
v 0.02251399 0.03648416 0.00063708
v 0.02237117 0.03636968 0.00030563
v 0.02251399 0.03648416 0.00063708
v 0.02581521 0.03422033 0.00045448
v 0.02237117 0.03636968 0.00030563
v 0.02237117 0.03636968 0.00030563
v 0.02581521 0.03422033 0.00045448
v 0.02571063 0.03408548 0.00013380
v 0.02581521 0.03422033 0.00045448
v 0.02887914 0.03164725 0.00041166
v 0.02571063 0.03408548 0.00013380
v 0.02571063 0.03408548 0.00013380
v 0.02887914 0.03164725 0.00041166
v 0.02880945 0.03148647 0.00009521
v 0.02887914 0.03164725 0.00041166
v 0.03167867 0.02878639 0.00050930
v 0.02880945 0.03148647 0.00009521
v 0.02880945 0.03148647 0.00009521
v 0.03167867 0.02878639 0.00050930
v 0.03163942 0.02859508 0.00019056
v 0.03167867 0.02878639 0.00050930
v 0.03419220 0.02566576 0.00073795
v 0.03163942 0.02859508 0.00019056
v 0.03163942 0.02859508 0.00019056
v 0.03419220 0.02566576 0.00073795
v 0.03417741 0.02543986 0.00041059
v 0.03419220 0.02566576 0.00073795
v 0.03640039 0.02231539 0.00108613
v 0.03417741 0.02543986 0.00041059
v 0.03417741 0.02543986 0.00041059
v 0.03640039 0.02231539 0.00108613
v 0.03640249 0.02205133 0.00074405
v 0.03640039 0.02231539 0.00108613
v 0.03828759 0.01876760 0.00154316
v 0.03640249 0.02205133 0.00074405
v 0.03640249 0.02205133 0.00074405
v 0.03828759 0.01876760 0.00154316
v 0.03829769 0.01846238 0.00118037
v 0.03828759 0.01876760 0.00154316
v 0.03983971 0.01505553 0.00209981
v 0.03829769 0.01846238 0.00118037
v 0.03983971 0.01505553 0.00209981
v 0.03984774 0.01470688 0.00171041
v 0.03829769 0.01846238 0.00118037
v 0.03829769 0.01846238 0.00118037
v 0.03984774 0.01470688 0.00171041
v 0.03987585 0.01415789 0.00079804
v 0.03984774 0.01470688 0.00171041
v 0.04104970 0.01020093 0.00132941
v 0.03987585 0.01415789 0.00079804
v 0.03987585 0.01415789 0.00079804
v 0.04104970 0.01020093 0.00132941
v 0.04076388 0.01100172 0.00000002
v 0.04104970 0.01020093 0.00132941
v 0.04106893 0.00979828 0.00013104
v 0.04076388 0.01100172 0.00000002
v 0.04076388 0.01100172 0.00000002
v 0.04106893 0.00979828 0.00013104
v 0.04083942 0.01071210 0.00000001
v 0.04106893 0.00979828 0.00013104
v 0.04168957 0.00659153 0.00000016
v 0.04083942 0.01071210 0.00000001
v 0.04216336 -0.00192939 0.00000007
v 0.04214911 0.00216171 0.00000000
v 0.04214708 -0.00262023 0.00169664
v 0.04214911 0.00216171 0.00000000
v 0.04219448 0.00154789 0.00112201
v 0.04214708 -0.00262023 0.00169664
v 0.04214708 -0.00262023 0.00169664
v 0.04219448 0.00154789 0.00112201
v 0.04223433 0.00203995 0.00260497
v 0.04219448 0.00154789 0.00112201
v 0.04183796 0.00614888 0.00193202
v 0.04223433 0.00203995 0.00260497
v 0.04223433 0.00203995 0.00260497
v 0.04183796 0.00614888 0.00193202
v 0.04186609 0.00683852 0.00303404
v 0.04183796 0.00614888 0.00193202
v 0.04104061 0.01082031 0.00232936
v 0.04186609 0.00683852 0.00303404
v 0.04186609 0.00683852 0.00303404
v 0.04104061 0.01082031 0.00232936
v 0.04106007 0.01166155 0.00312161
v 0.04280558 -0.00817426 0.01050638
v 0.04260959 -0.00853339 0.01040024
v 0.04329709 -0.00174587 0.00792285
v 0.04260959 -0.00853339 0.01040024
v 0.04262615 -0.00643507 0.00890863
v 0.04329709 -0.00174587 0.00792285
v 0.04329709 -0.00174587 0.00792285
v 0.04262615 -0.00643507 0.00890863
v 0.04297943 -0.00260577 0.00763218
v 0.04262615 -0.00643507 0.00890863
v 0.04192753 -0.00803694 0.00800159
v 0.04297943 -0.00260577 0.00763218
v 0.04297943 -0.00260577 0.00763218
v 0.04192753 -0.00803694 0.00800159
v 0.04246210 -0.00411342 0.00681671
v 0.04192753 -0.00803694 0.00800159
v 0.04140843 -0.00930870 0.00671965
v 0.04246210 -0.00411342 0.00681671
v 0.04246210 -0.00411342 0.00681671
v 0.04140843 -0.00930870 0.00671965
v 0.04208861 -0.00531358 0.00566412
v 0.04140843 -0.00930870 0.00671965
v 0.04105188 -0.01023866 0.00504929
v 0.04208861 -0.00531358 0.00566412
v 0.04208861 -0.00531358 0.00566412
v 0.04105188 -0.01023866 0.00504929
v 0.04183964 -0.00619327 0.00416227
v 0.04105188 -0.01023866 0.00504929
v 0.04083470 -0.01083957 0.00300484
v 0.04183964 -0.00619327 0.00416227
v 0.03205062 0.03014484 0.00172909
v 0.03450238 0.02765246 0.00212262
v 0.03441577 0.02725462 0.00195756
v 0.03450238 0.02765246 0.00212262
v 0.03659628 0.02462159 0.00247540
v 0.03441577 0.02725462 0.00195756
v 0.03441577 0.02725462 0.00195756
v 0.03659628 0.02462159 0.00247540
v 0.03652789 0.02416198 0.00231787
v 0.03659628 0.02462159 0.00247540
v 0.03844427 0.02142260 0.00295169
v 0.03652789 0.02416198 0.00231787
v 0.03652789 0.02416198 0.00231787
v 0.03844427 0.02142260 0.00295169
v 0.03837949 0.02089494 0.00280143
v 0.03844427 0.02142260 0.00295169
v 0.03996360 0.01748163 0.00340121
v 0.03837949 0.02089494 0.00280143
v 0.03837949 0.02089494 0.00280143
v 0.03996360 0.01748163 0.00340121
v 0.03990763 0.01691448 0.00322164
v 0.03996360 0.01748163 0.00340121
v 0.04119095 0.01331009 0.00393481
v 0.03990763 0.01691448 0.00322164
v 0.03990763 0.01691448 0.00322164
v 0.04119095 0.01331009 0.00393481
v 0.04112986 0.01271294 0.00371121
v 0.04119095 0.01331009 0.00393481
v 0.04207562 0.00894717 0.00452515
v 0.04112986 0.01271294 0.00371121
v 0.04112986 0.01271294 0.00371121
v 0.04207562 0.00894717 0.00452515
v 0.04108723 0.01216230 0.00344091
v 0.04207562 0.00894717 0.00452515
v 0.04199705 0.00833349 0.00423873
v 0.04108723 0.01216230 0.00344091
v 0.04108723 0.01216230 0.00344091
v 0.04199705 0.00833349 0.00423873
v 0.04106007 0.01166155 0.00312161
v 0.04199705 0.00833349 0.00423873
v 0.04193787 0.00777555 0.00389612
v 0.04106007 0.01166155 0.00312161
v 0.04106007 0.01166155 0.00312161
v 0.04193787 0.00777555 0.00389612
v 0.04186609 0.00683852 0.00303404
v 0.04193787 0.00777555 0.00389612
v 0.04231805 0.00279772 0.00382408
v 0.04186609 0.00683852 0.00303404
v 0.04186609 0.00683852 0.00303404
v 0.04231805 0.00279772 0.00382408
v 0.04223433 0.00203995 0.00260497
v 0.04231805 0.00279772 0.00382408
v 0.04223472 -0.00208726 0.00334807
v 0.04223433 0.00203995 0.00260497
v 0.04223433 0.00203995 0.00260497
v 0.04223472 -0.00208726 0.00334807
v 0.04214708 -0.00262023 0.00169664
v 0.04223472 -0.00208726 0.00334807
v 0.04169260 -0.00676288 0.00232404
v 0.04214708 -0.00262023 0.00169664
v 0.04214708 -0.00262023 0.00169664
v 0.04169260 -0.00676288 0.00232404
v 0.04216336 -0.00192939 0.00000007
v 0.04169260 -0.00676288 0.00232404
v 0.04172889 -0.00638629 0.00000000
v 0.04216336 -0.00192939 0.00000007
v 0.04214911 0.00216171 0.00000000
v 0.04168957 0.00659153 0.00000016
v 0.04219448 0.00154789 0.00112201
v 0.04168957 0.00659153 0.00000016
v 0.04183376 0.00570070 0.00059996
v 0.04219448 0.00154789 0.00112201
v 0.04219448 0.00154789 0.00112201
v 0.04183376 0.00570070 0.00059996
v 0.04183796 0.00614888 0.00193202
v 0.04183376 0.00570070 0.00059996
v 0.04104970 0.01020093 0.00132941
v 0.04183796 0.00614888 0.00193202
v 0.04183796 0.00614888 0.00193202
v 0.04104970 0.01020093 0.00132941
v 0.04104061 0.01082031 0.00232936
v 0.04104970 0.01020093 0.00132941
v 0.03984774 0.01470688 0.00171041
v 0.04104061 0.01082031 0.00232936
v 0.04104061 0.01082031 0.00232936
v 0.03984774 0.01470688 0.00171041
v 0.04106007 0.01166155 0.00312161
v 0.03984774 0.01470688 0.00171041
v 0.03983971 0.01505553 0.00209981
v 0.04106007 0.01166155 0.00312161
v 0.04106007 0.01166155 0.00312161
v 0.03983971 0.01505553 0.00209981
v 0.03983897 0.01545265 0.00244462
v 0.03983971 0.01505553 0.00209981
v 0.03828759 0.01876760 0.00154316
v 0.03983897 0.01545265 0.00244462
v 0.03983897 0.01545265 0.00244462
v 0.03828759 0.01876760 0.00154316
v 0.03828366 0.01911541 0.00186780
v 0.03828759 0.01876760 0.00154316
v 0.03640039 0.02231539 0.00108613
v 0.03828366 0.01911541 0.00186780
v 0.03828366 0.01911541 0.00186780
v 0.03640039 0.02231539 0.00108613
v 0.03640464 0.02261659 0.00139562
v 0.03640039 0.02231539 0.00108613
v 0.03419220 0.02566576 0.00073795
v 0.03640464 0.02261659 0.00139562
v 0.03640464 0.02261659 0.00139562
v 0.03419220 0.02566576 0.00073795
v 0.03421469 0.02592384 0.00103715
v 0.03419220 0.02566576 0.00073795
v 0.03167867 0.02878639 0.00050930
v 0.03421469 0.02592384 0.00103715
v 0.03421469 0.02592384 0.00103715
v 0.03167867 0.02878639 0.00050930
v 0.03172799 0.02900557 0.00080304
v 0.03167867 0.02878639 0.00050930
v 0.02887914 0.03164725 0.00041166
v 0.03172799 0.02900557 0.00080304
v 0.03172799 0.02900557 0.00080304
v 0.02887914 0.03164725 0.00041166
v 0.02896216 0.03183225 0.00070473
v 0.02887914 0.03164725 0.00041166
v 0.02581521 0.03422033 0.00045448
v 0.02896216 0.03183225 0.00070473
v 0.02896216 0.03183225 0.00070473
v 0.02581521 0.03422033 0.00045448
v 0.02593712 0.03437652 0.00075174
v 0.02581521 0.03422033 0.00045448
v 0.02251399 0.03648416 0.00063708
v 0.02593712 0.03437652 0.00075174
v 0.02593712 0.03437652 0.00075174
v 0.02251399 0.03648416 0.00063708
v 0.02267873 0.03661798 0.00094343
v 0.02251399 0.03648416 0.00063708
v 0.01900504 0.03842028 0.00095471
v 0.02267873 0.03661798 0.00094343
v 0.02267873 0.03661798 0.00094343
v 0.01900504 0.03842028 0.00095471
v 0.01921550 0.03853942 0.00127510
v 0.01900504 0.03842028 0.00095471
v 0.01532187 0.04001540 0.00139745
v 0.01921550 0.03853942 0.00127510
v 0.01921550 0.03853942 0.00127510
v 0.01532187 0.04001540 0.00139745
v 0.01558009 0.04012894 0.00173698
v 0.01532187 0.04001540 0.00139745
v 0.01149924 0.04125837 0.00195493
v 0.01558009 0.04012894 0.00173698
v 0.01558009 0.04012894 0.00173698
v 0.01149924 0.04125837 0.00195493
v 0.01180642 0.04137672 0.00231883
v 0.01149924 0.04125837 0.00195493
v 0.00757280 0.04214134 0.00262025
v 0.01180642 0.04137672 0.00231883
v 0.01180642 0.04137672 0.00231883
v 0.00757280 0.04214134 0.00262025
v 0.00792909 0.04227576 0.00301407
v 0.00757280 0.04214134 0.00262025
v 0.00398292 0.04282047 0.00381803
v 0.00792909 0.04227576 0.00301407
v 0.00792909 0.04227576 0.00301407
v 0.00398292 0.04282047 0.00381803
v 0.00832819 0.04243417 0.00336296
v 0.00398292 0.04282047 0.00381803
v 0.00443587 0.04301087 0.00419550
v 0.00832819 0.04243417 0.00336296
v 0.00832819 0.04243417 0.00336296
v 0.00443587 0.04301087 0.00419550
v 0.00876803 0.04261798 0.00366813
v 0.03755450 0.03376015 0.00278811
v 0.03310408 0.03807205 0.00267471
v 0.03336794 0.04078629 0.00271642
v 0.02998619 0.04383722 0.00296658
v 0.03336794 0.04078629 0.00271642
v 0.02687535 0.04049424 0.00290476
v 0.03336794 0.04078629 0.00271642
v 0.03310408 0.03807205 0.00267471
v 0.02687535 0.04049424 0.00290476
v 0.02687535 0.04049424 0.00290476
v 0.03310408 0.03807205 0.00267471
v 0.03177336 0.03642681 0.00261398
v 0.02687535 0.04049424 0.00290476
v 0.02540536 0.03904292 0.00270560
v 0.02157773 0.04403128 0.00364577
v 0.02540536 0.03904292 0.00270560
v 0.01959315 0.04246216 0.00350880
v 0.02157773 0.04403128 0.00364577
v 0.02157773 0.04403128 0.00364577
v 0.01959315 0.04246216 0.00350880
v 0.01598957 0.04706832 0.00485700
v 0.03487447 0.02896211 0.00248339
v 0.03460675 0.02807150 0.00226420
v 0.03230288 0.03085143 0.00205121
v 0.03487447 0.02896211 0.00248339
v 0.03230288 0.03085143 0.00205121
v 0.03018056 0.03410270 0.00222992
v 0.03336794 0.04078629 0.00271642
v 0.03905109 0.03565959 0.00278067
v 0.03755450 0.03376015 0.00278811
v 0.03905109 0.03565959 0.00278067
v 0.03913218 0.03558644 0.00278598
v 0.03755450 0.03376015 0.00278811
v 0.03755450 0.03376015 0.00278811
v 0.03913218 0.03558644 0.00278598
v 0.04178687 0.02924271 0.00330653
v 0.03913218 0.03558644 0.00278598
v 0.04169424 0.03327545 0.00301893
v 0.04178687 0.02924271 0.00330653
v 0.04178687 0.02924271 0.00330653
v 0.04169424 0.03327545 0.00301893
v 0.04581256 0.02458487 0.00425541
v 0.04169424 0.03327545 0.00301893
v 0.04808323 0.02751313 0.00418909
v 0.04581256 0.02458487 0.00425541
v 0.04581256 0.02458487 0.00425541
v 0.04808323 0.02751313 0.00418909
v 0.04821646 0.02739298 0.00422330
v 0.03177336 0.03642681 0.00261398
v 0.03310408 0.03807205 0.00267471
v 0.03621477 0.03184844 0.00276446
v 0.03310408 0.03807205 0.00267471
v 0.03755450 0.03376015 0.00278811
v 0.03621477 0.03184844 0.00276446
v 0.03621477 0.03184844 0.00276446
v 0.03755450 0.03376015 0.00278811
v 0.04021656 0.02685770 0.00334882
v 0.03755450 0.03376015 0.00278811
v 0.04178687 0.02924271 0.00330653
v 0.04021656 0.02685770 0.00334882
v 0.04021656 0.02685770 0.00334882
v 0.04178687 0.02924271 0.00330653
v 0.04380178 0.02156597 0.00437832
v 0.04178687 0.02924271 0.00330653
v 0.04581256 0.02458487 0.00425541
v 0.04380178 0.02156597 0.00437832
v 0.04380178 0.02156597 0.00437832
v 0.04581256 0.02458487 0.00425541
v 0.04696180 0.01606384 0.00589733
v 0.03913247 0.02436964 0.00332663
v 0.04236692 0.01839837 0.00448962
v 0.04042635 0.02004098 0.00379689
v 0.04236692 0.01839837 0.00448962
v 0.04187265 0.01683403 0.00447111
v 0.04042635 0.02004098 0.00379689
v 0.04042635 0.02004098 0.00379689
v 0.04187265 0.01683403 0.00447111
v 0.04151395 0.01533676 0.00435763
v 0.04245656 0.01108122 0.00507928
v 0.04151395 0.01533676 0.00435763
v 0.04264109 0.01187338 0.00517593
v 0.04151395 0.01533676 0.00435763
v 0.04187265 0.01683403 0.00447111
v 0.04264109 0.01187338 0.00517593
v 0.04264109 0.01187338 0.00517593
v 0.04187265 0.01683403 0.00447111
v 0.04311115 0.01354478 0.00526560
v 0.04187265 0.01683403 0.00447111
v 0.04236692 0.01839837 0.00448962
v 0.04311115 0.01354478 0.00526560
v 0.04311115 0.01354478 0.00526560
v 0.04236692 0.01839837 0.00448962
v 0.04491402 0.01212782 0.00614242
v 0.04696180 0.01606384 0.00589733
v 0.04491402 0.01212782 0.00614242
v 0.04380178 0.02156597 0.00437832
v 0.04491402 0.01212782 0.00614242
v 0.04236692 0.01839837 0.00448962
v 0.04380178 0.02156597 0.00437832
v 0.04380178 0.02156597 0.00437832
v 0.04236692 0.01839837 0.00448962
v 0.04021656 0.02685770 0.00334882
v 0.04236692 0.01839837 0.00448962
v 0.03913247 0.02436964 0.00332663
v 0.04021656 0.02685770 0.00334882
v 0.04021656 0.02685770 0.00334882
v 0.03913247 0.02436964 0.00332663
v 0.03621477 0.03184844 0.00276446
v 0.03913247 0.02436964 0.00332663
v 0.03522841 0.02990338 0.00262946
v 0.03621477 0.03184844 0.00276446
v 0.03621477 0.03184844 0.00276446
v 0.03522841 0.02990338 0.00262946
v 0.03177336 0.03642681 0.00261398
v 0.03522841 0.02990338 0.00262946
v 0.03064927 0.03484114 0.00241304
v 0.03177336 0.03642681 0.00261398
v 0.03177336 0.03642681 0.00261398
v 0.03064927 0.03484114 0.00241304
v 0.02687535 0.04049424 0.00290476
v 0.03064927 0.03484114 0.00241304
v 0.02810626 0.03703898 0.00249501
v 0.02687535 0.04049424 0.00290476
v 0.02687535 0.04049424 0.00290476
v 0.02810626 0.03703898 0.00249501
v 0.02540536 0.03904292 0.00270560
v 0.04837024 0.00088133 0.01089750
v 0.04734586 0.00246176 0.00971508
v 0.05079248 0.00762215 0.00931647
v 0.04734586 0.00246176 0.00971508
v 0.04965191 0.01044100 0.00799836
v 0.05079248 0.00762215 0.00931647
v 0.05079248 0.00762215 0.00931647
v 0.04965191 0.01044100 0.00799836
v 0.05314940 0.01507564 0.00771297
v 0.04965191 0.01044100 0.00799836
v 0.04961679 0.01984143 0.00568987
v 0.05314940 0.01507564 0.00771297
v 0.05314940 0.01507564 0.00771297
v 0.04961679 0.01984143 0.00568987
v 0.05536246 0.02094922 0.00679963
v 0.04961679 0.01984143 0.00568987
v 0.05251314 0.02351833 0.00558021
v 0.05536246 0.02094922 0.00679963
v 0.04552867 0.00338291 0.00844587
v 0.04452236 0.00577111 0.00723346
v 0.04494509 0.00679813 0.00724241
v 0.04452236 0.00577111 0.00723346
v 0.04351848 0.00834538 0.00611655
v 0.04494509 0.00679813 0.00724241
v 0.04494509 0.00679813 0.00724241
v 0.04351848 0.00834538 0.00611655
v 0.04413707 0.01019278 0.00618660
v 0.04821646 0.02739298 0.00422330
v 0.04951771 0.02621949 0.00458079
v 0.04581256 0.02458487 0.00425541
v 0.04951771 0.02621949 0.00458079
v 0.04961679 0.01984143 0.00568987
v 0.04581256 0.02458487 0.00425541
v 0.04581256 0.02458487 0.00425541
v 0.04961679 0.01984143 0.00568987
v 0.04696180 0.01606384 0.00589733
v 0.04961679 0.01984143 0.00568987
v 0.04965191 0.01044100 0.00799836
v 0.04696180 0.01606384 0.00589733
v 0.04696180 0.01606384 0.00589733
v 0.04965191 0.01044100 0.00799836
v 0.04673231 0.00569203 0.00835691
v 0.04965191 0.01044100 0.00799836
v 0.04734586 0.00246176 0.00971508
v 0.04673231 0.00569203 0.00835691
v 0.04673231 0.00569203 0.00835691
v 0.04734586 0.00246176 0.00971508
v 0.04587860 -0.00002820 0.00981391
v 0.04734586 0.00246176 0.00971508
v 0.04837024 0.00088133 0.01089750
v 0.04587860 -0.00002820 0.00981391
v 0.04587860 -0.00002820 0.00981391
v 0.04837024 0.00088133 0.01089750
v 0.04750470 -0.00040434 0.01097818
v 0.04552867 0.00338291 0.00844587
v 0.04499384 0.00226905 0.00844178
v 0.04452236 0.00577111 0.00723346
v 0.04499384 0.00226905 0.00844178
v 0.04414109 0.00477647 0.00718606
v 0.04452236 0.00577111 0.00723346
v 0.04452236 0.00577111 0.00723346
v 0.04414109 0.00477647 0.00718606
v 0.04351848 0.00834538 0.00611655
v 0.04414109 0.00477647 0.00718606
v 0.04380021 0.00382118 0.00709341
v 0.04351848 0.00834538 0.00611655
v 0.04351848 0.00834538 0.00611655
v 0.04380021 0.00382118 0.00709341
v 0.04326487 0.00747085 0.00602372
v 0.04380021 0.00382118 0.00709341
v 0.04349822 0.00291189 0.00694904
v 0.04326487 0.00747085 0.00602372
v 0.04326487 0.00747085 0.00602372
v 0.04349822 0.00291189 0.00694904
v 0.04304574 0.00663752 0.00588473
v 0.04349822 0.00291189 0.00694904
v 0.04323345 0.00205502 0.00674678
v 0.04304574 0.00663752 0.00588473
v 0.04304574 0.00663752 0.00588473
v 0.04245656 0.01108122 0.00507928
v 0.04326487 0.00747085 0.00602372
v 0.04245656 0.01108122 0.00507928
v 0.04264109 0.01187338 0.00517593
v 0.04326487 0.00747085 0.00602372
v 0.04326487 0.00747085 0.00602372
v 0.04264109 0.01187338 0.00517593
v 0.04351848 0.00834538 0.00611655
v 0.04264109 0.01187338 0.00517593
v 0.04311115 0.01354478 0.00526560
v 0.04351848 0.00834538 0.00611655
v 0.04351848 0.00834538 0.00611655
v 0.04311115 0.01354478 0.00526560
v 0.04413707 0.01019278 0.00618660
v 0.04311115 0.01354478 0.00526560
v 0.04491402 0.01212782 0.00614242
v 0.04413707 0.01019278 0.00618660
v 0.04413707 0.01019278 0.00618660
v 0.04491402 0.01212782 0.00614242
v 0.04494509 0.00679813 0.00724241
v 0.04491402 0.01212782 0.00614242
v 0.04673231 0.00569203 0.00835691
v 0.04494509 0.00679813 0.00724241
v 0.04494509 0.00679813 0.00724241
v 0.04673231 0.00569203 0.00835691
v 0.04552867 0.00338291 0.00844587
v 0.04673231 0.00569203 0.00835691
v 0.04587860 -0.00002820 0.00981391
v 0.04552867 0.00338291 0.00844587
v 0.04552867 0.00338291 0.00844587
v 0.04587860 -0.00002820 0.00981391
v 0.04499384 0.00226905 0.00844178
v 0.04587860 -0.00002820 0.00981391
v 0.04521504 -0.00122524 0.00980930
v 0.04499384 0.00226905 0.00844178
v 0.04499384 0.00226905 0.00844178
v 0.04521504 -0.00122524 0.00980930
v 0.04450375 0.00119210 0.00839493
v 0.04521504 -0.00122524 0.00980930
v 0.04459957 -0.00238020 0.00975714
v 0.04450375 0.00119210 0.00839493
v 0.04450375 0.00119210 0.00839493
v 0.04459957 -0.00238020 0.00975714
v 0.04405811 0.00015938 0.00829764
v 0.04459957 -0.00238020 0.00975714
v 0.04399035 -0.00607154 0.01090731
v 0.04405811 0.00015938 0.00829764
v 0.04405811 0.00015938 0.00829764
v 0.04399035 -0.00607154 0.01090731
v 0.04379870 -0.00640420 0.01086449
v 0.03460675 0.02807150 0.00226420
v 0.03487447 0.02896211 0.00248339
v 0.03668397 0.02510452 0.00260713
v 0.03487447 0.02896211 0.00248339
v 0.03877605 0.02314548 0.00324057
v 0.03668397 0.02510452 0.00260713
v 0.03668397 0.02510452 0.00260713
v 0.03877605 0.02314548 0.00324057
v 0.03853042 0.02197626 0.00307318
v 0.03877605 0.02314548 0.00324057
v 0.04014204 0.01871229 0.00365701
v 0.03853042 0.02197626 0.00307318
v 0.03853042 0.02197626 0.00307318
v 0.04014204 0.01871229 0.00365701
v 0.04004084 0.01808239 0.00354528
v 0.04014204 0.01871229 0.00365701
v 0.04138018 0.01462676 0.00425442
v 0.04004084 0.01808239 0.00354528
v 0.04004084 0.01808239 0.00354528
v 0.04138018 0.01462676 0.00425442
v 0.04127342 0.01394953 0.00411476
v 0.04138018 0.01462676 0.00425442
v 0.04230256 0.01032586 0.00494157
v 0.04127342 0.01394953 0.00411476
v 0.04127342 0.01394953 0.00411476
v 0.04230256 0.01032586 0.00494157
v 0.04217651 0.00961284 0.00475821
v 0.04230256 0.01032586 0.00494157
v 0.04285889 0.00585144 0.00569421
v 0.04217651 0.00961284 0.00475821
v 0.04217651 0.00961284 0.00475821
v 0.04285889 0.00585144 0.00569421
v 0.04270181 0.00511802 0.00544742
v 0.04285889 0.00585144 0.00569421
v 0.04300389 0.00125632 0.00648115
v 0.04270181 0.00511802 0.00544742
v 0.04270181 0.00511802 0.00544742
v 0.04300389 0.00125632 0.00648115
v 0.04257193 0.00444227 0.00514002
v 0.04300389 0.00125632 0.00648115
v 0.04280743 0.00052108 0.00614716
v 0.04257193 0.00444227 0.00514002
v 0.04257193 0.00444227 0.00514002
v 0.04280743 0.00052108 0.00614716
v 0.04246652 0.00382823 0.00476864
v 0.00448527 0.06686041 0.02133468
v -0.00228587 0.05940872 0.02092122
v 0.00457559 0.06677979 0.02218841
v 0.00451246 0.06683417 0.01966738
v -0.00190023 0.05966682 0.01939103
v 0.00446381 0.06687908 0.02066719
v -0.01747008 0.03884041 0.02727037
v -0.00900833 0.04416189 0.02970367
v -0.00957505 0.04684367 0.02768782
v -0.00900833 0.04416189 0.02970367
v -0.00016311 0.05344149 0.02968276
v -0.00957505 0.04684367 0.02768782
v -0.00957505 0.04684367 0.02768782
v -0.00016311 0.05344149 0.02968276
v -0.00133895 0.05559864 0.02767433
v -0.00016311 0.05344149 0.02968276
v 0.00848509 0.06326050 0.02948041
v -0.00133895 0.05559864 0.02767433
v -0.00133895 0.05559864 0.02767433
v 0.00848509 0.06326050 0.02948041
v 0.00750492 0.06414361 0.02839721
v 0.00478125 0.06659010 0.01811192
v 0.00529238 0.06612742 0.01655394
v -0.00053450 0.05961694 0.01651710
v 0.00529238 0.06612742 0.01655394
v 0.00037049 0.05936895 0.01523132
v -0.00053450 0.05961694 0.01651710
v -0.00053450 0.05961694 0.01651710
v 0.00037049 0.05936895 0.01523132
v -0.00522573 0.05335027 0.01542303
v 0.00815128 0.06354393 0.01218613
v 0.00358695 0.05806854 0.01199095
v 0.00677395 0.06478815 0.01387807
v 0.00358695 0.05806854 0.01199095
v 0.00137624 0.05901295 0.01405292
v 0.00677395 0.06478815 0.01387807
v 0.00677395 0.06478815 0.01387807
v 0.00137624 0.05901295 0.01405292
v 0.00633562 0.06518424 0.01453429
v 0.00457622 0.06677612 0.01914562
v 0.00478125 0.06659010 0.01811192
v -0.00130506 0.05972761 0.01790985
v 0.00478125 0.06659010 0.01811192
v -0.00053450 0.05961694 0.01651710
v -0.00130506 0.05972761 0.01790985
v -0.00130506 0.05972761 0.01790985
v -0.00053450 0.05961694 0.01651710
v -0.00638210 0.05327317 0.01669325
v -0.00053450 0.05961694 0.01651710
v -0.00522573 0.05335027 0.01542303
v -0.00638210 0.05327317 0.01669325
v -0.00638210 0.05327317 0.01669325
v -0.00522573 0.05335027 0.01542303
v -0.01061667 0.04774337 0.01550522
v -0.02079717 0.03682512 0.02560862
v -0.01747008 0.03884041 0.02727037
v -0.01729871 0.04031929 0.02615065
v -0.01747008 0.03884041 0.02727037
v -0.00957505 0.04684367 0.02768782
v -0.01729871 0.04031929 0.02615065
v -0.01729871 0.04031929 0.02615065
v -0.00957505 0.04684367 0.02768782
v -0.00973376 0.04810949 0.02654371
v -0.00957505 0.04684367 0.02768782
v -0.00133895 0.05559864 0.02767433
v -0.00973376 0.04810949 0.02654371
v -0.00973376 0.04810949 0.02654371
v -0.00133895 0.05559864 0.02767433
v -0.00181106 0.05659361 0.02652571
v -0.00133895 0.05559864 0.02767433
v 0.00750492 0.06414361 0.02839721
v -0.00181106 0.05659361 0.02652571
v -0.00181106 0.05659361 0.02652571
v 0.00750492 0.06414361 0.02839721
v 0.00611263 0.06539758 0.02642850
v -0.02286085 0.03360495 0.02629004
v -0.02342142 0.03027157 0.02823883
v -0.02113196 0.03526361 0.02670229
v -0.02342142 0.03027157 0.02823883
v -0.02153534 0.03200091 0.02867402
v -0.02113196 0.03526361 0.02670229
v -0.02113196 0.03526361 0.02670229
v -0.02153534 0.03200091 0.02867402
v -0.01755097 0.03574142 0.02927149
v -0.02153534 0.03200091 0.02867402
v -0.01783291 0.03274889 0.03064669
v -0.01755097 0.03574142 0.02927149
v -0.01755097 0.03574142 0.02927149
v -0.01783291 0.03274889 0.03064669
v -0.00993406 0.04033445 0.03108838
v -0.02401890 0.03366916 0.02472325
v -0.02286085 0.03360495 0.02629004
v -0.02079717 0.03682512 0.02560862
v -0.02286085 0.03360495 0.02629004
v -0.02113196 0.03526361 0.02670229
v -0.02079717 0.03682512 0.02560862
v -0.02079717 0.03682512 0.02560862
v -0.02113196 0.03526361 0.02670229
v -0.01747008 0.03884041 0.02727037
v -0.02113196 0.03526361 0.02670229
v -0.01755097 0.03574142 0.02927149
v -0.01747008 0.03884041 0.02727037
v -0.01747008 0.03884041 0.02727037
v -0.01755097 0.03574142 0.02927149
v -0.00900833 0.04416189 0.02970367
v -0.01755097 0.03574142 0.02927149
v -0.00993406 0.04033445 0.03108838
v -0.00900833 0.04416189 0.02970367
v -0.00900833 0.04416189 0.02970367
v -0.00993406 0.04033445 0.03108838
v 0.00067406 0.05129557 0.03107240
v -0.02483781 0.03382482 0.02303275
v -0.02342314 0.03523242 0.02359954
v -0.02270734 0.03671182 0.02240709
v -0.02342314 0.03523242 0.02359954
v -0.02035527 0.03831884 0.02443615
v -0.02270734 0.03671182 0.02240709
v -0.02270734 0.03671182 0.02240709
v -0.02035527 0.03831884 0.02443615
v -0.01978674 0.03972322 0.02318476
v -0.02035527 0.03831884 0.02443615
v -0.01701812 0.04172757 0.02494325
v -0.01978674 0.03972322 0.02318476
v -0.01978674 0.03972322 0.02318476
v -0.01701812 0.04172757 0.02494325
v -0.01660523 0.04304099 0.02364775
v -0.01701812 0.04172757 0.02494325
v -0.00978183 0.04929830 0.02529856
v -0.01660523 0.04304099 0.02364775
v -0.01660523 0.04304099 0.02364775
v -0.00978183 0.04929830 0.02529856
v -0.00969052 0.05038180 0.02395139
v -0.00978183 0.04929830 0.02529856
v -0.00217541 0.05750438 0.02526952
v -0.00969052 0.05038180 0.02395139
v -0.00969052 0.05038180 0.02395139
v -0.00217541 0.05750438 0.02526952
v -0.00240008 0.05830099 0.02390454
v -0.00217541 0.05750438 0.02526952
v 0.00523195 0.06619020 0.02462995
v -0.00240008 0.05830099 0.02390454
v -0.00240008 0.05830099 0.02390454
v 0.00523195 0.06619020 0.02462995
v 0.00489794 0.06649051 0.02365535
v -0.02483781 0.03382482 0.02303275
v -0.02401890 0.03366916 0.02472325
v -0.02342314 0.03523242 0.02359954
v -0.02401890 0.03366916 0.02472325
v -0.02079717 0.03682512 0.02560862
v -0.02342314 0.03523242 0.02359954
v -0.02342314 0.03523242 0.02359954
v -0.02079717 0.03682512 0.02560862
v -0.02035527 0.03831884 0.02443615
v -0.02079717 0.03682512 0.02560862
v -0.01729871 0.04031929 0.02615065
v -0.02035527 0.03831884 0.02443615
v -0.02035527 0.03831884 0.02443615
v -0.01729871 0.04031929 0.02615065
v -0.01701812 0.04172757 0.02494325
v -0.01729871 0.04031929 0.02615065
v -0.00973376 0.04810949 0.02654371
v -0.01701812 0.04172757 0.02494325
v -0.01701812 0.04172757 0.02494325
v -0.00973376 0.04810949 0.02654371
v -0.00978183 0.04929830 0.02529856
v -0.00973376 0.04810949 0.02654371
v -0.00181106 0.05659361 0.02652571
v -0.00978183 0.04929830 0.02529856
v -0.00978183 0.04929830 0.02529856
v -0.00181106 0.05659361 0.02652571
v -0.00217541 0.05750438 0.02526952
v -0.00181106 0.05659361 0.02652571
v 0.00611263 0.06539758 0.02642850
v -0.00217541 0.05750438 0.02526952
v -0.00217541 0.05750438 0.02526952
v 0.00611263 0.06539758 0.02642850
v 0.00523195 0.06619020 0.02462995
v -0.03447189 0.01839204 0.02319678
v -0.03224668 0.02018066 0.02548706
v -0.03381087 0.02123540 0.02166861
v -0.03224668 0.02018066 0.02548706
v -0.03141998 0.02323767 0.02426220
v -0.03381087 0.02123540 0.02166861
v -0.03381087 0.02123540 0.02166861
v -0.03141998 0.02323767 0.02426220
v -0.03233083 0.02487715 0.02010067
v -0.03141998 0.02323767 0.02426220
v -0.03015998 0.02682121 0.02254006
v -0.03233083 0.02487715 0.02010067
v -0.03233083 0.02487715 0.02010067
v -0.03015998 0.02682121 0.02254006
v -0.03048282 0.02831355 0.01838581
v -0.03015998 0.02682121 0.02254006
v -0.02852946 0.03020039 0.02063411
v -0.03048282 0.02831355 0.01838581
v -0.03048282 0.02831355 0.01838581
v -0.02852946 0.03020039 0.02063411
v -0.02755919 0.03178548 0.01960977
v -0.02852946 0.03020039 0.02063411
v -0.02739638 0.03130506 0.02155764
v -0.02755919 0.03178548 0.01960977
v -0.02755919 0.03178548 0.01960977
v -0.02739638 0.03130506 0.02155764
v -0.02531331 0.03405349 0.02123774
v -0.02739638 0.03130506 0.02155764
v -0.02616421 0.03251427 0.02235488
v -0.02531331 0.03405349 0.02123774
v -0.02531331 0.03405349 0.02123774
v -0.02616421 0.03251427 0.02235488
v -0.02483781 0.03382482 0.02303275
v -0.02616421 0.03251427 0.02235488
v -0.02550635 0.03223247 0.02412625
v -0.02483781 0.03382482 0.02303275
v -0.02483781 0.03382482 0.02303275
v -0.02550635 0.03223247 0.02412625
v -0.02401890 0.03366916 0.02472325
v -0.02550635 0.03223247 0.02412625
v -0.02451030 0.03204062 0.02577803
v -0.02401890 0.03366916 0.02472325
v -0.02401890 0.03366916 0.02472325
v -0.02451030 0.03204062 0.02577803
v -0.02286085 0.03360495 0.02629004
v -0.02451030 0.03204062 0.02577803
v -0.02522379 0.02864381 0.02769737
v -0.02286085 0.03360495 0.02629004
v -0.02286085 0.03360495 0.02629004
v -0.02522379 0.02864381 0.02769737
v -0.02342142 0.03027157 0.02823883
v -0.02522379 0.02864381 0.02769737
v -0.02406302 0.02711485 0.02953534
v -0.02342142 0.03027157 0.02823883
v -0.02342142 0.03027157 0.02823883
v -0.02406302 0.02711485 0.02953534
v -0.02164076 0.02926916 0.03008741
v -0.00942669 0.05132524 0.02251457
v -0.01528224 0.04526358 0.02085365
v -0.01603383 0.04422945 0.02227519
v -0.01528224 0.04526358 0.02085365
v -0.01818585 0.04215723 0.02050107
v -0.01603383 0.04422945 0.02227519
v -0.01603383 0.04422945 0.02227519
v -0.01818585 0.04215723 0.02050107
v -0.01906958 0.04101146 0.02186462
v -0.01818585 0.04215723 0.02050107
v -0.02084886 0.03932678 0.01986570
v -0.01906958 0.04101146 0.02186462
v -0.01906958 0.04101146 0.02186462
v -0.02084886 0.03932678 0.01986570
v -0.02185393 0.03808420 0.02115504
v -0.02084886 0.03932678 0.01986570
v -0.02322294 0.03681894 0.01887252
v -0.02185393 0.03808420 0.02115504
v -0.02185393 0.03808420 0.02115504
v -0.02322294 0.03681894 0.01887252
v -0.02433630 0.03549473 0.02007060
v -0.02322294 0.03681894 0.01887252
v -0.02526732 0.03467183 0.01745555
v -0.02433630 0.03549473 0.02007060
v -0.02433630 0.03549473 0.02007060
v -0.02526732 0.03467183 0.01745555
v -0.02647401 0.03328108 0.01854499
v -0.02823617 0.03146877 0.01652746
v -0.02647401 0.03328108 0.01854499
v -0.02556144 0.03425193 0.01460026
v -0.02647401 0.03328108 0.01854499
v -0.02526732 0.03467183 0.01745555
v -0.02556144 0.03425193 0.01460026
v -0.02556144 0.03425193 0.01460026
v -0.02526732 0.03467183 0.01745555
v -0.02393867 0.03594720 0.01636530
v -0.02526732 0.03467183 0.01745555
v -0.02322294 0.03681894 0.01887252
v -0.02393867 0.03594720 0.01636530
v -0.02393867 0.03594720 0.01636530
v -0.02322294 0.03681894 0.01887252
v -0.02197144 0.03801334 0.01767262
v -0.02322294 0.03681894 0.01887252
v -0.02084886 0.03932678 0.01986570
v -0.02197144 0.03801334 0.01767262
v -0.02197144 0.03801334 0.01767262
v -0.02084886 0.03932678 0.01986570
v -0.01968876 0.04042456 0.01857344
v -0.02084886 0.03932678 0.01986570
v -0.01818585 0.04215723 0.02050107
v -0.01968876 0.04042456 0.01857344
v -0.01968876 0.04042456 0.01857344
v -0.01818585 0.04215723 0.02050107
v -0.01713047 0.04314354 0.01913347
v -0.01818585 0.04215723 0.02050107
v -0.01528224 0.04526358 0.02085365
v -0.01713047 0.04314354 0.01913347
v 0.00454908 0.06680080 0.01934234
v 0.00457622 0.06677612 0.01914562
v -0.00190023 0.05966682 0.01939103
v 0.00457622 0.06677612 0.01914562
v -0.00130506 0.05972761 0.01790985
v -0.00190023 0.05966682 0.01939103
v -0.00190023 0.05966682 0.01939103
v -0.00130506 0.05972761 0.01790985
v -0.00741535 0.05305693 0.01806446
v -0.00130506 0.05972761 0.01790985
v -0.00638210 0.05327317 0.01669325
v -0.00741535 0.05305693 0.01806446
v -0.00741535 0.05305693 0.01806446
v -0.00638210 0.05327317 0.01669325
v -0.01197944 0.04734477 0.01672900
v -0.00638210 0.05327317 0.01669325
v -0.01061667 0.04774337 0.01550522
v -0.01197944 0.04734477 0.01672900
v -0.01197944 0.04734477 0.01672900
v -0.01061667 0.04774337 0.01550522
v -0.01312629 0.04519928 0.01535593
v -0.01061667 0.04774337 0.01550522
v -0.01160191 0.04564059 0.01425362
v -0.01312629 0.04519928 0.01535593
v -0.01312629 0.04519928 0.01535593
v -0.01160191 0.04564059 0.01425362
v -0.01275407 0.04452625 0.01412114
v 0.00446591 0.06687739 0.02087660
v 0.00446381 0.06687908 0.02066719
v -0.00228587 0.05940872 0.02092122
v 0.00446381 0.06687908 0.02066719
v -0.00190023 0.05966682 0.01939103
v -0.00228587 0.05940872 0.02092122
v -0.00228587 0.05940872 0.02092122
v -0.00190023 0.05966682 0.01939103
v -0.00828654 0.05267144 0.01951915
v -0.00190023 0.05966682 0.01939103
v -0.00741535 0.05305693 0.01806446
v -0.00828654 0.05267144 0.01951915
v -0.00828654 0.05267144 0.01951915
v -0.00741535 0.05305693 0.01806446
v -0.01323288 0.04681313 0.01804138
v -0.00741535 0.05305693 0.01806446
v -0.01197944 0.04734477 0.01672900
v -0.01323288 0.04681313 0.01804138
v -0.01323288 0.04681313 0.01804138
v -0.01197944 0.04734477 0.01672900
v -0.01457278 0.04464813 0.01653944
v -0.01197944 0.04734477 0.01672900
v -0.01312629 0.04519928 0.01535593
v -0.01457278 0.04464813 0.01653944
v -0.01457278 0.04464813 0.01653944
v -0.01312629 0.04519928 0.01535593
v -0.01544682 0.04288428 0.01498497
v -0.01312629 0.04519928 0.01535593
v -0.01275407 0.04452625 0.01412114
v -0.01544682 0.04288428 0.01498497
v 0.00924613 0.04282849 0.00393118
v 0.00493500 0.04323077 0.00452236
v 0.00547748 0.04348147 0.00480065
v 0.00493500 0.04323077 0.00452236
v 0.00106373 0.04351405 0.00549535
v 0.00547748 0.04348147 0.00480065
v 0.00547748 0.04348147 0.00480065
v 0.00106373 0.04351405 0.00549535
v 0.00166852 0.04382036 0.00579343
v 0.00106373 0.04351405 0.00549535
v -0.00281312 0.04346592 0.00658980
v 0.00166852 0.04382036 0.00579343
v 0.00166852 0.04382036 0.00579343
v -0.00281312 0.04346592 0.00658980
v -0.00214960 0.04384302 0.00691323
v -0.00281312 0.04346592 0.00658980
v -0.00666125 0.04308552 0.00781280
v -0.00214960 0.04384302 0.00691323
v -0.00214960 0.04384302 0.00691323
v -0.00666125 0.04308552 0.00781280
v -0.00594375 0.04354759 0.00816860
v -0.00666125 0.04308552 0.00781280
v -0.01044532 0.04237173 0.00917409
v -0.00594375 0.04354759 0.00816860
v -0.00594375 0.04354759 0.00816860
v -0.01044532 0.04237173 0.00917409
v -0.00967952 0.04293150 0.00957107
v -0.01044532 0.04237173 0.00917409
v -0.01412564 0.04132072 0.01069004
v -0.00967952 0.04293150 0.00957107
v -0.00967952 0.04293150 0.00957107
v -0.01412564 0.04132072 0.01069004
v -0.01331709 0.04198822 0.01113958
v -0.01412564 0.04132072 0.01069004
v -0.01765279 0.03992165 0.01238242
v -0.01331709 0.04198822 0.01113958
v -0.01331709 0.04198822 0.01113958
v -0.01765279 0.03992165 0.01238242
v -0.01588698 0.04155608 0.01332460
v -0.01765279 0.03992165 0.01238242
v -0.01910571 0.04001240 0.01538113
v -0.01588698 0.04155608 0.01332460
v -0.01588698 0.04155608 0.01332460
v -0.01910571 0.04001240 0.01538113
v -0.01490224 0.04248014 0.01366489
v -0.01910571 0.04001240 0.01538113
v -0.01806851 0.04106420 0.01579040
v -0.01490224 0.04248014 0.01366489
v -0.01490224 0.04248014 0.01366489
v -0.01806851 0.04106420 0.01579040
v -0.01696372 0.04219044 0.01611421
v -0.01806851 0.04106420 0.01579040
v -0.01838613 0.04137580 0.01731447
v -0.01696372 0.04219044 0.01611421
v -0.01696372 0.04219044 0.01611421
v -0.01838613 0.04137580 0.01731447
v -0.01591735 0.04396950 0.01780326
v -0.01838613 0.04137580 0.01731447
v -0.01713047 0.04314354 0.01913347
v -0.01591735 0.04396950 0.01780326
v -0.01591735 0.04396950 0.01780326
v -0.01713047 0.04314354 0.01913347
v -0.01434360 0.04612475 0.01942700
v -0.01713047 0.04314354 0.01913347
v -0.01528224 0.04526358 0.02085365
v -0.01434360 0.04612475 0.01942700
v -0.01434360 0.04612475 0.01942700
v -0.01528224 0.04526358 0.02085365
v -0.00896221 0.05209515 0.02102027
v -0.01528224 0.04526358 0.02085365
v -0.00942669 0.05132524 0.02251457
v -0.00896221 0.05209515 0.02102027
v -0.00896221 0.05209515 0.02102027
v -0.00942669 0.05132524 0.02251457
v -0.00244779 0.05894713 0.02244371
v 0.00037049 0.05936895 0.01523132
v -0.00397789 0.05331455 0.01425435
v -0.00522573 0.05335027 0.01542303
v -0.00397789 0.05331455 0.01425435
v -0.00661451 0.05060123 0.01434918
v -0.00522573 0.05335027 0.01542303
v -0.00522573 0.05335027 0.01542303
v -0.00661451 0.05060123 0.01434918
v -0.01061667 0.04774337 0.01550522
v -0.00661451 0.05060123 0.01434918
v -0.00917163 0.04802991 0.01437081
v -0.01061667 0.04774337 0.01550522
v -0.01061667 0.04774337 0.01550522
v -0.00917163 0.04802991 0.01437081
v -0.01160191 0.04564059 0.01425362
v -0.00917163 0.04802991 0.01437081
v -0.00839392 0.04624945 0.01227525
v -0.01160191 0.04564059 0.01425362
v -0.01160191 0.04564059 0.01425362
v -0.00839392 0.04624945 0.01227525
v -0.01275407 0.04452625 0.01412114
v -0.03539074 0.02311319 0.00000009
v -0.03415786 0.02484100 0.00401547
v -0.03154099 0.02810999 0.00340192
v -0.03415786 0.02484100 0.00401547
v -0.03379831 0.02517390 0.00834014
v -0.03154099 0.02810999 0.00340192
v -0.03154099 0.02810999 0.00340192
v -0.03379831 0.02517390 0.00834014
v -0.03121859 0.02843409 0.00737449
v -0.03379831 0.02517390 0.00834014
v -0.03310094 0.02582568 0.01222097
v -0.03121859 0.02843409 0.00737449
v -0.03121859 0.02843409 0.00737449
v -0.03310094 0.02582568 0.01222097
v -0.03059245 0.02906673 0.01092719
v -0.03310094 0.02582568 0.01222097
v -0.03200559 0.02685990 0.01558133
v -0.03059245 0.02906673 0.01092719
v -0.03059245 0.02906673 0.01092719
v -0.03200559 0.02685990 0.01558133
v -0.02960755 0.03006731 0.01398876
v -0.03200559 0.02685990 0.01558133
v -0.03048282 0.02831355 0.01838581
v -0.02960755 0.03006731 0.01398876
v -0.02960755 0.03006731 0.01398876
v -0.03048282 0.02831355 0.01838581
v -0.02823617 0.03146877 0.01652746
v -0.03048282 0.02831355 0.01838581
v -0.02755919 0.03178548 0.01960977
v -0.02823617 0.03146877 0.01652746
v -0.02823617 0.03146877 0.01652746
v -0.02755919 0.03178548 0.01960977
v -0.02647401 0.03328108 0.01854499
v -0.02755919 0.03178548 0.01960977
v -0.02531331 0.03405349 0.02123774
v -0.02647401 0.03328108 0.01854499
v -0.02647401 0.03328108 0.01854499
v -0.02531331 0.03405349 0.02123774
v -0.02433630 0.03549473 0.02007060
v -0.02531331 0.03405349 0.02123774
v -0.02270734 0.03671182 0.02240709
v -0.02433630 0.03549473 0.02007060
v -0.02433630 0.03549473 0.02007060
v -0.02270734 0.03671182 0.02240709
v -0.02185393 0.03808420 0.02115504
v -0.02270734 0.03671182 0.02240709
v -0.01978674 0.03972322 0.02318476
v -0.02185393 0.03808420 0.02115504
v -0.02185393 0.03808420 0.02115504
v -0.01978674 0.03972322 0.02318476
v -0.01906958 0.04101146 0.02186462
v -0.01978674 0.03972322 0.02318476
v -0.01660523 0.04304099 0.02364775
v -0.01906958 0.04101146 0.02186462
v -0.01906958 0.04101146 0.02186462
v -0.01660523 0.04304099 0.02364775
v -0.01603383 0.04422945 0.02227519
v -0.01660523 0.04304099 0.02364775
v -0.00969052 0.05038180 0.02395139
v -0.01603383 0.04422945 0.02227519
v -0.01603383 0.04422945 0.02227519
v -0.00969052 0.05038180 0.02395139
v -0.00942669 0.05132524 0.02251457
v -0.00969052 0.05038180 0.02395139
v -0.00240008 0.05830099 0.02390454
v -0.00942669 0.05132524 0.02251457
v -0.00942669 0.05132524 0.02251457
v -0.00240008 0.05830099 0.02390454
v -0.00244779 0.05894713 0.02244371
v -0.00240008 0.05830099 0.02390454
v 0.00489794 0.06649051 0.02365535
v -0.00244779 0.05894713 0.02244371
v -0.00244779 0.05894713 0.02244371
v 0.00489794 0.06649051 0.02365535
v 0.00472555 0.06664535 0.02299125
v 0.00529238 0.06612742 0.01655394
v 0.00633562 0.06518424 0.01453429
v 0.00037049 0.05936895 0.01523132
v 0.00633562 0.06518424 0.01453429
v 0.00137624 0.05901295 0.01405292
v 0.00037049 0.05936895 0.01523132
v 0.00037049 0.05936895 0.01523132
v 0.00137624 0.05901295 0.01405292
v -0.00397789 0.05331455 0.01425435
v 0.00137624 0.05901295 0.01405292
v -0.00130439 0.05298769 0.01219660
v -0.00397789 0.05331455 0.01425435
v -0.00397789 0.05331455 0.01425435
v -0.00130439 0.05298769 0.01219660
v -0.00661451 0.05060123 0.01434918
v -0.00130439 0.05298769 0.01219660
v -0.00373936 0.05059036 0.01230342
v -0.00661451 0.05060123 0.01434918
v -0.00661451 0.05060123 0.01434918
v -0.00373936 0.05059036 0.01230342
v -0.00917163 0.04802991 0.01437081
v -0.00373936 0.05059036 0.01230342
v -0.00611793 0.04833322 0.01234976
v -0.00917163 0.04802991 0.01437081
v -0.00917163 0.04802991 0.01437081
v -0.00611793 0.04833322 0.01234976
v -0.00839392 0.04624945 0.01227525
v 0.00689300 0.04700894 0.00665222
v 0.00032466 0.04811370 0.00910380
v 0.00439268 0.05163042 0.00896572
v 0.01149950 0.06052053 0.00928668
v 0.00439268 0.05163042 0.00896572
v 0.00150909 0.05240625 0.01045334
v 0.00439268 0.05163042 0.00896572
v 0.00032466 0.04811370 0.00910380
v 0.00150909 0.05240625 0.01045334
v 0.00150909 0.05240625 0.01045334
v 0.00032466 0.04811370 0.00910380
v -0.00293110 0.04834542 0.01061043
v 0.00032466 0.04811370 0.00910380
v -0.00163380 0.04658256 0.00905374
v -0.00293110 0.04834542 0.01061043
v -0.00293110 0.04834542 0.01061043
v -0.00163380 0.04658256 0.00905374
v -0.00505099 0.04655055 0.01055617
v 0.01209181 0.04431254 0.00470251
v 0.00870498 0.04522579 0.00557281
v 0.00689300 0.04700894 0.00665222
v 0.00870498 0.04522579 0.00557281
v 0.00527240 0.04591151 0.00658063
v 0.00689300 0.04700894 0.00665222
v 0.00689300 0.04700894 0.00665222
v 0.00527240 0.04591151 0.00658063
v 0.00032466 0.04811370 0.00910380
v 0.00527240 0.04591151 0.00658063
v 0.00181721 0.04636616 0.00773549
v 0.00032466 0.04811370 0.00910380
v 0.00032466 0.04811370 0.00910380
v 0.00181721 0.04636616 0.00773549
v -0.00163380 0.04658256 0.00905374
v 0.01149950 0.06052053 0.00928668
v 0.01236656 0.05973776 0.00869987
v 0.00439268 0.05163042 0.00896572
v 0.01236656 0.05973776 0.00869987
v 0.01022156 0.04961415 0.00659266
v 0.00439268 0.05163042 0.00896572
v 0.00439268 0.05163042 0.00896572
v 0.01022156 0.04961415 0.00659266
v 0.00689300 0.04700894 0.00665222
v 0.01022156 0.04961415 0.00659266
v 0.01336954 0.04511558 0.00481543
v 0.00689300 0.04700894 0.00665222
v 0.00689300 0.04700894 0.00665222
v 0.01336954 0.04511558 0.00481543
v 0.01209181 0.04431254 0.00470251
v 0.01336954 0.04511558 0.00481543
v 0.01863858 0.04181058 0.00335249
v 0.01209181 0.04431254 0.00470251
v 0.01236656 0.05973776 0.00869987
v 0.01535450 0.05704060 0.00700564
v 0.01022156 0.04961415 0.00659266
v 0.01535450 0.05704060 0.00700564
v 0.01598957 0.04706832 0.00485700
v 0.01022156 0.04961415 0.00659266
v 0.01022156 0.04961415 0.00659266
v 0.01598957 0.04706832 0.00485700
v 0.01336954 0.04511558 0.00481543
v 0.01598957 0.04706832 0.00485700
v 0.01959315 0.04246216 0.00350880
v 0.01336954 0.04511558 0.00481543
v 0.01336954 0.04511558 0.00481543
v 0.01959315 0.04246216 0.00350880
v 0.01863858 0.04181058 0.00335249
v 0.01959315 0.04246216 0.00350880
v 0.02540536 0.03904292 0.00270560
v 0.01863858 0.04181058 0.00335249
v 0.01863858 0.04181058 0.00335249
v 0.02540536 0.03904292 0.00270560
v 0.02472850 0.03840747 0.00252052
v 0.02540536 0.03904292 0.00270560
v 0.02810626 0.03703898 0.00249501
v 0.02472850 0.03840747 0.00252052
v 0.02472850 0.03840747 0.00252052
v 0.02810626 0.03703898 0.00249501
v 0.02754365 0.03636574 0.00230643
v 0.02810626 0.03703898 0.00249501
v 0.03064927 0.03484114 0.00241304
v 0.02754365 0.03636574 0.00230643
v 0.02754365 0.03636574 0.00230643
v 0.03064927 0.03484114 0.00241304
v 0.03018056 0.03410270 0.00222992
v 0.03064927 0.03484114 0.00241304
v 0.03522841 0.02990338 0.00262946
v 0.03018056 0.03410270 0.00222992
v 0.03018056 0.03410270 0.00222992
v 0.03522841 0.02990338 0.00262946
v 0.03487447 0.02896211 0.00248339
v 0.03522841 0.02990338 0.00262946
v 0.03913247 0.02436964 0.00332663
v 0.03487447 0.02896211 0.00248339
v 0.03487447 0.02896211 0.00248339
v 0.03913247 0.02436964 0.00332663
v 0.03877605 0.02314548 0.00324057
v 0.03913247 0.02436964 0.00332663
v 0.04042635 0.02004098 0.00379689
v 0.03877605 0.02314548 0.00324057
v 0.03877605 0.02314548 0.00324057
v 0.04042635 0.02004098 0.00379689
v 0.04014204 0.01871229 0.00365701
v 0.04042635 0.02004098 0.00379689
v 0.04151395 0.01533676 0.00435763
v 0.04014204 0.01871229 0.00365701
v 0.04014204 0.01871229 0.00365701
v 0.04151395 0.01533676 0.00435763
v 0.04138018 0.01462676 0.00425442
v 0.04151395 0.01533676 0.00435763
v 0.04245656 0.01108122 0.00507928
v 0.04138018 0.01462676 0.00425442
v 0.04138018 0.01462676 0.00425442
v 0.04245656 0.01108122 0.00507928
v 0.04230256 0.01032586 0.00494157
v 0.04245656 0.01108122 0.00507928
v 0.04304574 0.00663752 0.00588473
v 0.04230256 0.01032586 0.00494157
v 0.04230256 0.01032586 0.00494157
v 0.04304574 0.00663752 0.00588473
v 0.04285889 0.00585144 0.00569421
v 0.04304574 0.00663752 0.00588473
v 0.04323345 0.00205502 0.00674678
v 0.04285889 0.00585144 0.00569421
v 0.04285889 0.00585144 0.00569421
v 0.04323345 0.00205502 0.00674678
v 0.04300389 0.00125632 0.00648115
v 0.04323345 0.00205502 0.00674678
v 0.04297943 -0.00260577 0.00763218
v 0.04300389 0.00125632 0.00648115
v 0.04300389 0.00125632 0.00648115
v 0.04297943 -0.00260577 0.00763218
v 0.04280743 0.00052108 0.00614716
v 0.04297943 -0.00260577 0.00763218
v 0.04264168 -0.00014647 0.00574090
v 0.04280743 0.00052108 0.00614716
v 0.04280743 0.00052108 0.00614716
v 0.04264168 -0.00014647 0.00574090
v 0.04246652 0.00382823 0.00476864
v 0.04264168 -0.00014647 0.00574090
v 0.04239231 -0.00126551 0.00470005
v 0.04246652 0.00382823 0.00476864
v 0.00815128 0.06354393 0.01218613
v 0.00847501 0.06325154 0.01184572
v 0.00358695 0.05806854 0.01199095
v 0.00847501 0.06325154 0.01184572
v 0.01149950 0.06052053 0.00928668
v 0.00358695 0.05806854 0.01199095
v 0.00358695 0.05806854 0.01199095
v 0.01149950 0.06052053 0.00928668
v -0.00130439 0.05298769 0.01219660
v 0.01149950 0.06052053 0.00928668
v 0.00150909 0.05240625 0.01045334
v -0.00130439 0.05298769 0.01219660
v -0.00130439 0.05298769 0.01219660
v 0.00150909 0.05240625 0.01045334
v -0.00373936 0.05059036 0.01230342
v 0.00150909 0.05240625 0.01045334
v -0.00293110 0.04834542 0.01061043
v -0.00373936 0.05059036 0.01230342
v -0.00373936 0.05059036 0.01230342
v -0.00293110 0.04834542 0.01061043
v -0.00611793 0.04833322 0.01234976
v -0.00293110 0.04834542 0.01061043
v -0.00505099 0.04655055 0.01055617
v -0.00611793 0.04833322 0.01234976
v -0.00611793 0.04833322 0.01234976
v -0.00505099 0.04655055 0.01055617
v -0.00839392 0.04624945 0.01227525
v -0.00505099 0.04655055 0.01055617
v -0.00947812 0.04528232 0.01217249
v -0.00839392 0.04624945 0.01227525
v -0.00839392 0.04624945 0.01227525
v -0.00947812 0.04528232 0.01217249
v -0.01275407 0.04452625 0.01412114
v -0.00947812 0.04528232 0.01217249
v -0.01385614 0.04347139 0.01392775
v -0.01275407 0.04452625 0.01412114
v -0.01275407 0.04452625 0.01412114
v -0.01385614 0.04347139 0.01392775
v -0.01544682 0.04288428 0.01498497
v 0.01535450 0.05704060 0.00700564
v 0.02096993 0.05197265 0.00478829
v 0.01598957 0.04706832 0.00485700
v 0.02096993 0.05197265 0.00478829
v 0.02157141 0.05142987 0.00460756
v 0.01598957 0.04706832 0.00485700
v 0.01598957 0.04706832 0.00485700
v 0.02157141 0.05142987 0.00460756
v 0.02157773 0.04403128 0.00364577
v 0.02157141 0.05142987 0.00460756
v 0.02543978 0.04793925 0.00365963
v 0.02157773 0.04403128 0.00364577
v 0.02157773 0.04403128 0.00364577
v 0.02543978 0.04793925 0.00365963
v 0.02687535 0.04049424 0.00290476
v 0.02543978 0.04793925 0.00365963
v 0.02995927 0.04386151 0.00296946
v 0.02687535 0.04049424 0.00290476
v 0.02687535 0.04049424 0.00290476
v 0.02995927 0.04386151 0.00296946
v 0.02998619 0.04383722 0.00296658
v 0.00472555 0.06664535 0.02299125
v 0.00457559 0.06677979 0.02218841
v -0.00244779 0.05894713 0.02244371
v 0.00457559 0.06677979 0.02218841
v -0.00228587 0.05940872 0.02092122
v -0.00244779 0.05894713 0.02244371
v -0.00244779 0.05894713 0.02244371
v -0.00228587 0.05940872 0.02092122
v -0.00896221 0.05209515 0.02102027
v -0.00228587 0.05940872 0.02092122
v -0.00828654 0.05267144 0.01951915
v -0.00896221 0.05209515 0.02102027
v -0.00896221 0.05209515 0.02102027
v -0.00828654 0.05267144 0.01951915
v -0.01434360 0.04612475 0.01942700
v -0.00828654 0.05267144 0.01951915
v -0.01323288 0.04681313 0.01804138
v -0.01434360 0.04612475 0.01942700
v -0.01434360 0.04612475 0.01942700
v -0.01323288 0.04681313 0.01804138
v -0.01591735 0.04396950 0.01780326
v -0.01323288 0.04681313 0.01804138
v -0.01457278 0.04464813 0.01653944
v -0.01591735 0.04396950 0.01780326
v -0.01591735 0.04396950 0.01780326
v -0.01457278 0.04464813 0.01653944
v -0.01696372 0.04219044 0.01611421
v -0.01457278 0.04464813 0.01653944
v -0.01544682 0.04288428 0.01498497
v -0.01696372 0.04219044 0.01611421
v -0.01696372 0.04219044 0.01611421
v -0.01544682 0.04288428 0.01498497
v -0.01490224 0.04248014 0.01366489
v -0.01544682 0.04288428 0.01498497
v -0.01385614 0.04347139 0.01392775
v -0.01490224 0.04248014 0.01366489
v -0.01490224 0.04248014 0.01366489
v -0.01385614 0.04347139 0.01392775
v -0.01051831 0.04436969 0.01201525
v -0.01385614 0.04347139 0.01392775
v -0.00947812 0.04528232 0.01217249
v -0.01051831 0.04436969 0.01201525
v -0.01051831 0.04436969 0.01201525
v -0.00947812 0.04528232 0.01217249
v -0.00704108 0.04494502 0.01033643
v -0.00947812 0.04528232 0.01217249
v -0.00505099 0.04655055 0.01055617
v -0.00704108 0.04494502 0.01033643
v -0.00704108 0.04494502 0.01033643
v -0.00505099 0.04655055 0.01055617
v -0.00348132 0.04522680 0.00885557
v -0.00505099 0.04655055 0.01055617
v -0.00163380 0.04658256 0.00905374
v -0.00348132 0.04522680 0.00885557
v -0.00348132 0.04522680 0.00885557
v -0.00163380 0.04658256 0.00905374
v 0.00012078 0.04523010 0.00754555
v -0.00163380 0.04658256 0.00905374
v 0.00181721 0.04636616 0.00773549
v 0.00012078 0.04523010 0.00754555
v 0.00012078 0.04523010 0.00754555
v 0.00181721 0.04636616 0.00773549
v 0.00373368 0.04496206 0.00638928
v 0.00181721 0.04636616 0.00773549
v 0.00527240 0.04591151 0.00658063
v 0.00373368 0.04496206 0.00638928
v 0.00373368 0.04496206 0.00638928
v 0.00527240 0.04591151 0.00658063
v 0.00732805 0.04442772 0.00537353
v 0.00527240 0.04591151 0.00658063
v 0.00870498 0.04522579 0.00557281
v 0.00732805 0.04442772 0.00537353
v 0.00732805 0.04442772 0.00537353
v 0.00870498 0.04522579 0.00557281
v 0.01087751 0.04363001 0.00449115
v 0.00870498 0.04522579 0.00557281
v 0.01209181 0.04431254 0.00470251
v 0.01087751 0.04363001 0.00449115
v 0.01087751 0.04363001 0.00449115
v 0.01209181 0.04431254 0.00470251
v 0.01435637 0.04257112 0.00373765
v 0.01209181 0.04431254 0.00470251
v 0.01863858 0.04181058 0.00335249
v 0.01435637 0.04257112 0.00373765
v 0.04092989 -0.01036898 -0.00000001
v 0.04172889 -0.00638629 0.00000000
v 0.04083470 -0.01083957 0.00300484
v 0.04172889 -0.00638629 0.00000000
v 0.04169260 -0.00676288 0.00232404
v 0.04083470 -0.01083957 0.00300484
v 0.04083470 -0.01083957 0.00300484
v 0.04169260 -0.00676288 0.00232404
v 0.04183964 -0.00619327 0.00416227
v 0.04169260 -0.00676288 0.00232404
v 0.04223472 -0.00208726 0.00334807
v 0.04183964 -0.00619327 0.00416227
v 0.04183964 -0.00619327 0.00416227
v 0.04223472 -0.00208726 0.00334807
v 0.04239231 -0.00126551 0.00470005
v 0.04223472 -0.00208726 0.00334807
v 0.04231805 0.00279772 0.00382408
v 0.04239231 -0.00126551 0.00470005
v 0.04239231 -0.00126551 0.00470005
v 0.04231805 0.00279772 0.00382408
v 0.04246652 0.00382823 0.00476864
v 0.04231805 0.00279772 0.00382408
v 0.04193787 0.00777555 0.00389612
v 0.04246652 0.00382823 0.00476864
v 0.04246652 0.00382823 0.00476864
v 0.04193787 0.00777555 0.00389612
v 0.04257193 0.00444227 0.00514002
v 0.04193787 0.00777555 0.00389612
v 0.04199705 0.00833349 0.00423873
v 0.04257193 0.00444227 0.00514002
v 0.04257193 0.00444227 0.00514002
v 0.04199705 0.00833349 0.00423873
v 0.04270181 0.00511802 0.00544742
v 0.04199705 0.00833349 0.00423873
v 0.04207562 0.00894717 0.00452515
v 0.04270181 0.00511802 0.00544742
v 0.04270181 0.00511802 0.00544742
v 0.04207562 0.00894717 0.00452515
v 0.04217651 0.00961284 0.00475821
v 0.04207562 0.00894717 0.00452515
v 0.04119095 0.01331009 0.00393481
v 0.04217651 0.00961284 0.00475821
v 0.04217651 0.00961284 0.00475821
v 0.04119095 0.01331009 0.00393481
v 0.04127342 0.01394953 0.00411476
v 0.04119095 0.01331009 0.00393481
v 0.03996360 0.01748163 0.00340121
v 0.04127342 0.01394953 0.00411476
v 0.04127342 0.01394953 0.00411476
v 0.03996360 0.01748163 0.00340121
v 0.04004084 0.01808239 0.00354528
v 0.03996360 0.01748163 0.00340121
v 0.03844427 0.02142260 0.00295169
v 0.04004084 0.01808239 0.00354528
v 0.04004084 0.01808239 0.00354528
v 0.03844427 0.02142260 0.00295169
v 0.03853042 0.02197626 0.00307318
v 0.03844427 0.02142260 0.00295169
v 0.03659628 0.02462159 0.00247540
v 0.03853042 0.02197626 0.00307318
v 0.03853042 0.02197626 0.00307318
v 0.03659628 0.02462159 0.00247540
v 0.03668397 0.02510452 0.00260713
v 0.03659628 0.02462159 0.00247540
v 0.03450238 0.02765246 0.00212262
v 0.03668397 0.02510452 0.00260713
v 0.03668397 0.02510452 0.00260713
v 0.03450238 0.02765246 0.00212262
v 0.03460675 0.02807150 0.00226420
v 0.03450238 0.02765246 0.00212262
v 0.03205062 0.03014484 0.00172909
v 0.03460675 0.02807150 0.00226420
v 0.03460675 0.02807150 0.00226420
v 0.03205062 0.03014484 0.00172909
v 0.03230288 0.03085143 0.00205121
v 0.03205062 0.03014484 0.00172909
v 0.02977808 0.03341975 0.00197629
v 0.03230288 0.03085143 0.00205121
v 0.03230288 0.03085143 0.00205121
v 0.02977808 0.03341975 0.00197629
v 0.03018056 0.03410270 0.00222992
v 0.02977808 0.03341975 0.00197629
v 0.02704048 0.03575433 0.00204641
v 0.03018056 0.03410270 0.00222992
v 0.03018056 0.03410270 0.00222992
v 0.02704048 0.03575433 0.00204641
v 0.02754365 0.03636574 0.00230643
v 0.02704048 0.03575433 0.00204641
v 0.02410687 0.03784264 0.00226156
v 0.02754365 0.03636574 0.00230643
v 0.02754365 0.03636574 0.00230643
v 0.02410687 0.03784264 0.00226156
v 0.02472850 0.03840747 0.00252052
v 0.02410687 0.03784264 0.00226156
v 0.02099767 0.03967625 0.00261901
v 0.02472850 0.03840747 0.00252052
v 0.02472850 0.03840747 0.00252052
v 0.02099767 0.03967625 0.00261901
v 0.01863858 0.04181058 0.00335249
v 0.02099767 0.03967625 0.00261901
v 0.01773854 0.04125274 0.00311295
v 0.01863858 0.04181058 0.00335249
v 0.01863858 0.04181058 0.00335249
v 0.01773854 0.04125274 0.00311295
v 0.01435637 0.04257112 0.00373765
v 0.01773854 0.04125274 0.00311295
v 0.01691559 0.04078873 0.00277293
v 0.01435637 0.04257112 0.00373765
v 0.01435637 0.04257112 0.00373765
v 0.01691559 0.04078873 0.00277293
v 0.01338775 0.04207401 0.00340029
v 0.01691559 0.04078873 0.00277293
v 0.01294377 0.04186386 0.00318357
v 0.01338775 0.04207401 0.00340029
v 0.01338775 0.04207401 0.00340029
v 0.01294377 0.04186386 0.00318357
v 0.00924613 0.04282849 0.00393118
v 0.01294377 0.04186386 0.00318357
v 0.00876803 0.04261798 0.00366813
v 0.00924613 0.04282849 0.00393118
v 0.00924613 0.04282849 0.00393118
v 0.00876803 0.04261798 0.00366813
v 0.00493500 0.04323077 0.00452236
v 0.00876803 0.04261798 0.00366813
v 0.00443587 0.04301087 0.00419550
v 0.00493500 0.04323077 0.00452236
v 0.00493500 0.04323077 0.00452236
v 0.00443587 0.04301087 0.00419550
v 0.00050752 0.04324367 0.00514163
v 0.00443587 0.04301087 0.00419550
v 0.00000296 0.04300804 0.00472975
v 0.00050752 0.04324367 0.00514163
v 0.00050752 0.04324367 0.00514163
v 0.00000296 0.04300804 0.00472975
v -0.00397539 0.04283696 0.00575010
v 0.00000296 0.04300804 0.00472975
v -0.00084184 0.04263530 0.00372460
v -0.00397539 0.04283696 0.00575010
v -0.00397539 0.04283696 0.00575010
v -0.00084184 0.04263530 0.00372460
v -0.00489956 0.04236745 0.00463699
v -0.00084184 0.04263530 0.00372460
v -0.00146132 0.04238151 0.00247547
v -0.00489956 0.04236745 0.00463699
v -0.00489956 0.04236745 0.00463699
v -0.00146132 0.04238151 0.00247547
v -0.00557628 0.04204346 0.00324463
v -0.00146132 0.04238151 0.00247547
v -0.00186259 0.04222831 0.00099443
v -0.00557628 0.04204346 0.00324463
v -0.00557628 0.04204346 0.00324463
v -0.00186259 0.04222831 0.00099443
v -0.00601408 0.04184521 0.00158627
v -0.00186259 0.04222831 0.00099443
v -0.00747852 0.04154915 0.00000007
v -0.00601408 0.04184521 0.00158627
v -0.00601408 0.04184521 0.00158627
v -0.00747852 0.04154915 0.00000007
v -0.01170944 0.04056203 0.00000002
v -0.03804836 -0.01860728 -0.00000000
v 0.03663283 0.02126594 -0.00000003
v 0.03785729 0.01889024 0.00000004
v -0.04105358 0.01019790 0.00000005
v -0.03978480 0.01434348 0.00000000
v 0.03587656 0.02258036 -0.00000010
v -0.03978480 0.01434348 0.00000000
v -0.03934373 0.01550475 0.00000002
v 0.03587656 0.02258036 -0.00000010
v 0.03587656 0.02258036 -0.00000010
v -0.03934373 0.01550475 0.00000002
v 0.03364449 0.02595190 -0.00000006
v 0.03785729 0.01889024 0.00000004
v 0.03955332 0.01485751 0.00000003
v -0.03804836 -0.01860728 -0.00000000
v 0.03955332 0.01485751 0.00000003
v 0.04076388 0.01100172 0.00000002
v -0.03804836 -0.01860728 -0.00000000
v -0.03804836 -0.01860728 -0.00000000
v 0.04076388 0.01100172 0.00000002
v 0.04083942 0.01071210 0.00000001
v 0.03968339 -0.01445053 -0.00000000
v 0.03944428 -0.01509546 0.00000000
v -0.03804836 -0.01860728 -0.00000000
v -0.04105625 -0.01035746 -0.00000010
v -0.04190684 -0.00600498 -0.00000006
v 0.03587656 0.02258036 -0.00000010
v -0.04190684 -0.00600498 -0.00000006
v -0.04226901 -0.00223344 -0.00000000
v 0.03587656 0.02258036 -0.00000010
v 0.03663283 0.02126594 -0.00000003
v -0.03804836 -0.01860728 -0.00000000
v 0.03587656 0.02258036 -0.00000010
v -0.03804836 -0.01860728 -0.00000000
v -0.03975442 -0.01459525 -0.00000005
v 0.03587656 0.02258036 -0.00000010
v 0.03587656 0.02258036 -0.00000010
v -0.03975442 -0.01459525 -0.00000005
v -0.04105625 -0.01035746 -0.00000010
v -0.04226901 -0.00223344 -0.00000000
v -0.04226087 0.00221442 0.00000001
v 0.03587656 0.02258036 -0.00000010
v -0.04226087 0.00221442 0.00000001
v -0.04184806 0.00623715 0.00000004
v 0.03587656 0.02258036 -0.00000010
v 0.03587656 0.02258036 -0.00000010
v -0.04184806 0.00623715 0.00000004
v -0.04105358 0.01019790 0.00000005
v 0.04083942 0.01071210 0.00000001
v 0.04168957 0.00659153 0.00000016
v -0.03804836 -0.01860728 -0.00000000
v 0.04168957 0.00659153 0.00000016
v 0.04214911 0.00216171 0.00000000
v -0.03804836 -0.01860728 -0.00000000
v -0.03804836 -0.01860728 -0.00000000
v 0.04214911 0.00216171 0.00000000
v 0.04216336 -0.00192939 0.00000007
v 0.04216336 -0.00192939 0.00000007
v 0.04172889 -0.00638629 0.00000000
v -0.03804836 -0.01860728 -0.00000000
v 0.04172889 -0.00638629 0.00000000
v 0.04092989 -0.01036898 -0.00000001
v -0.03804836 -0.01860728 -0.00000000
v -0.03804836 -0.01860728 -0.00000000
v 0.04092989 -0.01036898 -0.00000001
v 0.03968339 -0.01445053 -0.00000000
v 0.03944428 -0.01509546 0.00000000
v 0.03781484 -0.01883025 0.00000002
v -0.03804836 -0.01860728 -0.00000000
v 0.03781484 -0.01883025 0.00000002
v 0.03564218 -0.02269509 -0.00000003
v -0.03804836 -0.01860728 -0.00000000
v -0.03804836 -0.01860728 -0.00000000
v 0.03564218 -0.02269509 -0.00000003
v 0.03322061 -0.02612749 -0.00000025
v 0.01233900 -0.04047966 -0.00000000
v 0.00841506 -0.04148146 -0.00000002
v -0.03804836 -0.01860728 -0.00000000
v 0.00841506 -0.04148146 -0.00000002
v 0.00399485 -0.04214576 -0.00000001
v -0.03804836 -0.01860728 -0.00000000
v 0.01395062 0.04000784 0.00000004
v -0.03934373 0.01550475 0.00000002
v 0.00993386 0.04112101 0.00000001
v -0.03934373 0.01550475 0.00000002
v -0.03750554 0.01951467 0.00000004
v 0.00993386 0.04112101 0.00000001
v 0.00993386 0.04112101 0.00000001
v -0.03750554 0.01951467 0.00000004
v -0.03539074 0.02311319 0.00000009
v 0.01395062 0.04000784 0.00000004
v 0.01804573 0.03843879 -0.00000001
v -0.03934373 0.01550475 0.00000002
v 0.01804573 0.03843879 -0.00000001
v 0.02174900 0.03658325 -0.00000003
v -0.03934373 0.01550475 0.00000002
v -0.03934373 0.01550475 0.00000002
v 0.02174900 0.03658325 -0.00000003
v 0.02509023 0.03446135 -0.00000002
v 0.02383097 -0.03493808 0.00000002
v 0.02015703 -0.03718936 0.00000005
v -0.03804836 -0.01860728 -0.00000000
v 0.02015703 -0.03718936 0.00000005
v 0.01613122 -0.03911432 0.00000000
v -0.03804836 -0.01860728 -0.00000000
v -0.03804836 -0.01860728 -0.00000000
v 0.01613122 -0.03911432 0.00000000
v 0.01233900 -0.04047966 -0.00000000
v -0.01294303 -0.04033235 -0.00000001
v -0.01702569 -0.03878963 -0.00000005
v -0.03610354 -0.02215357 -0.00000011
v -0.01702569 -0.03878963 -0.00000005
v -0.02080358 -0.03690420 -0.00000016
v -0.03610354 -0.02215357 -0.00000011
v -0.03610354 -0.02215357 -0.00000011
v -0.02080358 -0.03690420 -0.00000016
v -0.02437928 -0.03464761 -0.00000013
v -0.03539074 0.02311319 0.00000009
v -0.03276230 0.02669445 0.00000023
v 0.00993386 0.04112101 0.00000001
v -0.03276230 0.02669445 0.00000023
v -0.02996106 0.02979296 -0.00000002
v 0.00993386 0.04112101 0.00000001
v 0.00993386 0.04112101 0.00000001
v -0.02996106 0.02979296 -0.00000002
v 0.00553684 0.04189387 0.00000003
v 0.02509023 0.03446135 -0.00000002
v 0.02819933 0.03198456 -0.00000003
v -0.03934373 0.01550475 0.00000002
v 0.02819933 0.03198456 -0.00000003
v 0.03117244 0.02901099 -0.00000003
v -0.03934373 0.01550475 0.00000002
v -0.03934373 0.01550475 0.00000002
v 0.03117244 0.02901099 -0.00000003
v 0.03364449 0.02595190 -0.00000006
v 0.03322061 -0.02612749 -0.00000025
v 0.03038164 -0.02939418 0.00000001
v -0.03804836 -0.01860728 -0.00000000
v 0.03038164 -0.02939418 0.00000001
v 0.02720810 -0.03236596 0.00000001
v -0.03804836 -0.01860728 -0.00000000
v -0.03804836 -0.01860728 -0.00000000
v 0.02720810 -0.03236596 0.00000001
v 0.02383097 -0.03493808 0.00000002
v 0.00399485 -0.04214576 -0.00000001
v -0.00047923 -0.04233950 -0.00000003
v -0.03804836 -0.01860728 -0.00000000
v -0.00047923 -0.04233950 -0.00000003
v -0.00459900 -0.04209785 -0.00000010
v -0.03804836 -0.01860728 -0.00000000
v -0.03804836 -0.01860728 -0.00000000
v -0.00459900 -0.04209785 -0.00000010
v -0.03610354 -0.02215357 -0.00000011
v -0.00459900 -0.04209785 -0.00000010
v -0.00868545 -0.04145347 -0.00000009
v -0.03610354 -0.02215357 -0.00000011
v -0.03610354 -0.02215357 -0.00000011
v -0.00868545 -0.04145347 -0.00000009
v -0.01294303 -0.04033235 -0.00000001
v -0.02437928 -0.03464761 -0.00000013
v -0.02773210 -0.03202733 -0.00000001
v -0.03610354 -0.02215357 -0.00000011
v -0.02773210 -0.03202733 -0.00000001
v -0.03085517 -0.02902892 -0.00000007
v -0.03610354 -0.02215357 -0.00000011
v -0.03610354 -0.02215357 -0.00000011
v -0.03085517 -0.02902892 -0.00000007
v -0.03365475 -0.02572740 -0.00000016
v -0.01170944 0.04056203 0.00000002
v -0.00747852 0.04154915 0.00000007
v -0.02686103 0.03260529 -0.00000010
v -0.00747852 0.04154915 0.00000007
v -0.00318451 0.04210047 0.00000003
v -0.02686103 0.03260529 -0.00000010
v -0.02686103 0.03260529 -0.00000010
v -0.00318451 0.04210047 0.00000003
v -0.02996106 0.02979296 -0.00000002
v -0.00318451 0.04210047 0.00000003
v 0.00116207 0.04221677 0.00000021
v -0.02996106 0.02979296 -0.00000002
v -0.02996106 0.02979296 -0.00000002
v 0.00116207 0.04221677 0.00000021
v 0.00553684 0.04189387 0.00000003
v -0.02336098 0.03518807 -0.00000002
v -0.01967045 0.03736817 -0.00000002
v -0.02686103 0.03260529 -0.00000010
v -0.01967045 0.03736817 -0.00000002
v -0.01573764 0.03918016 0.00000003
v -0.02686103 0.03260529 -0.00000010
v -0.02686103 0.03260529 -0.00000010
v -0.01573764 0.03918016 0.00000003
v -0.01170944 0.04056203 0.00000002
v 0.05720213 0.11821453 0.02064627
v 0.05779190 0.11893719 0.01926759
v 0.05413727 0.11684350 0.01828286
v 0.04865183 0.11209470 0.02060798
v 0.04946495 0.11300866 0.01955242
v 0.04638490 0.11039238 0.01818301
v 0.04362515 0.10750128 0.02082986
v 0.04466281 0.10859124 0.02003131
v 0.04326872 0.10725665 0.01920611
v 0.04326872 0.10725665 0.01920611
v 0.04197437 0.10584357 0.01835077
v 0.03984110 0.10374642 0.01966453
v 0.03663016 0.07478160 -0.00055570
v 0.03720247 0.07207333 -0.00115907
v 0.03720947 0.07149823 0.00098346
v 0.03855088 0.06768247 -0.00213728
v 0.03995547 0.06436017 -0.00287744
v 0.04003172 0.06412532 -0.00170594
v 0.01906755 0.08262604 0.02005553
v 0.01888394 0.08224427 0.01932800
v 0.01165976 0.07456682 0.01917873
v 0.02579081 0.08844321 0.02487444
v 0.02176436 0.08406702 0.02498684
v 0.02289113 0.08415297 0.02621405
v 0.04124715 0.10251677 0.02652802
v 0.03967493 0.10183873 0.02562101
v 0.03617598 0.09783556 0.02636095
v 0.03326441 0.06590702 0.00458816
v 0.03638476 0.05956789 0.00279103
v 0.03416967 0.05728016 0.00327329
v 0.05857179 0.07073311 0.03811729
v 0.05321373 0.07439127 0.03774081
v 0.04042378 0.05999418 0.03792386
v 0.02294537 0.05022358 0.03699932
v 0.02323892 0.04995884 0.03707223
v 0.03540017 0.06353997 0.03705746
v 0.03553785 0.08205838 0.03365764
v 0.04157617 0.08008394 0.03557762
v 0.05218854 0.09329372 0.03493533
v 0.10352245 0.11588344 0.00860114
v 0.09944826 0.11876617 0.00924339
v 0.09983063 0.11841731 0.01373480
v 0.09735774 0.11998776 0.00951554
v 0.09198273 0.12245570 0.01006535
v 0.09224668 0.12226240 0.01446739
v 0.07973872 0.12494919 0.01477375
v 0.07545567 0.12493393 0.01464679
v 0.07511412 0.12448974 0.01848740
v 0.06885087 0.12403687 0.01041763
v 0.06789991 0.12380312 0.01036554
v 0.06705187 0.12352251 0.01405058
v 0.11436367 0.10295420 0.00572072
v 0.11333933 0.10472483 0.00611519
v 0.11408269 0.10328352 0.01039818
v 0.11530278 0.10113905 0.00531633
v 0.11436367 0.10295420 0.00572072
v 0.11551362 0.10065921 0.00792152
v 0.11436367 0.10295420 0.00572072
v 0.11408269 0.10328352 0.01039818
v 0.11551362 0.10065921 0.00792152
v 0.11551362 0.10065921 0.00792152
v 0.11408269 0.10328352 0.01039818
v 0.11560902 0.10030057 0.00970019
v 0.11408269 0.10328352 0.01039818
v 0.11402095 0.10224167 0.01468570
v 0.11560902 0.10030057 0.00970019
v 0.11560902 0.10030057 0.00970019
v 0.11402095 0.10224167 0.01468570
v 0.11553100 0.09930781 0.01367396
v 0.11402095 0.10224167 0.01468570
v 0.11374107 0.10156416 0.01674020
v 0.11553100 0.09930781 0.01367396
v 0.11553100 0.09930781 0.01367396
v 0.11374107 0.10156416 0.01674020
v 0.11494694 0.09809440 0.01713123
v 0.11374107 0.10156416 0.01674020
v 0.11325939 0.10075706 0.01871950
v 0.11494694 0.09809440 0.01713123
v 0.11494694 0.09809440 0.01713123
v 0.11325939 0.10075706 0.01871950
v 0.11470804 0.09773362 0.01796508
v 0.11325939 0.10075706 0.01871950
v 0.11255716 0.09980576 0.02061404
v 0.11470804 0.09773362 0.01796508
v 0.11470804 0.09773362 0.01796508
v 0.11255716 0.09980576 0.02061404
v 0.11372738 0.09647509 0.02041587
v 0.11255716 0.09980576 0.02061404
v 0.11162154 0.09869880 0.02241585
v 0.11372738 0.09647509 0.02041587
v 0.11372738 0.09647509 0.02041587
v 0.11162154 0.09869880 0.02241585
v 0.11279127 0.09542826 0.02206297
v 0.11162154 0.09869880 0.02241585
v 0.11044518 0.09742771 0.02411855
v 0.11279127 0.09542826 0.02206297
v 0.11044518 0.09742771 0.02411855
v 0.10902565 0.09598678 0.02571721
v 0.11279127 0.09542826 0.02206297
v 0.11279127 0.09542826 0.02206297
v 0.10902565 0.09598678 0.02571721
v 0.11034336 0.09296490 0.02506640
v 0.10902565 0.09598678 0.02571721
v 0.10546961 0.09258527 0.02858964
v 0.11034336 0.09296490 0.02506640
v 0.11034336 0.09296490 0.02506640
v 0.10546961 0.09258527 0.02858964
v 0.10633583 0.08925655 0.02823298
v 0.10546961 0.09258527 0.02858964
v 0.10101609 0.08849641 0.03102008
v 0.10633583 0.08925655 0.02823298
v 0.10633583 0.08925655 0.02823298
v 0.10101609 0.08849641 0.03102008
v 0.10074264 0.08428507 0.03109846
v 0.09721137 0.08117183 0.03240624
v 0.09376501 0.08683880 0.03366645
v 0.09226976 0.07679220 0.03382478
v 0.09376501 0.08683880 0.03366645
v 0.08788478 0.08132173 0.03517020
v 0.09226976 0.07679220 0.03382478
v 0.09226976 0.07679220 0.03382478
v 0.08788478 0.08132173 0.03517020
v 0.09136462 0.07598428 0.03404383
v 0.08788478 0.08132173 0.03517020
v 0.08152404 0.07528538 0.03629380
v 0.09136462 0.07598428 0.03404383
v 0.07485474 0.06882971 0.03708706
v 0.06803897 0.06205851 0.03760656
v 0.08236783 0.06780532 0.03571266
v 0.06803897 0.06205851 0.03760656
v 0.07044630 0.05640163 0.03691611
v 0.08236783 0.06780532 0.03571266
v 0.07044630 0.05640163 0.03691611
v 0.06803897 0.06205851 0.03760656
v 0.05834958 0.04399274 0.03740190
v 0.06803897 0.06205851 0.03760656
v 0.05447711 0.04795847 0.03806535
v 0.05834958 0.04399274 0.03740190
v 0.05834958 0.04399274 0.03740190
v 0.05447711 0.04795847 0.03806535
v 0.05726435 0.04283650 0.03742114
v 0.06705187 0.12352251 0.01405058
v 0.06303070 0.12216866 0.01359261
v 0.06252798 0.12169176 0.01699859
v 0.07545567 0.12493393 0.01464679
v 0.07581803 0.12502013 0.01063668
v 0.07514109 0.12497987 0.01062771
v 0.07545567 0.12493393 0.01464679
v 0.07514109 0.12497987 0.01062771
v 0.07120824 0.12445294 0.01440425
v 0.07581803 0.12502013 0.01063668
v 0.07545567 0.12493393 0.01464679
v 0.07974128 0.12502204 0.01063710
v 0.07545567 0.12493393 0.01464679
v 0.07973872 0.12494919 0.01477375
v 0.07974128 0.12502204 0.01063710
v 0.07974128 0.12502204 0.01063710
v 0.07973872 0.12494919 0.01477375
v 0.08225451 0.12481578 0.01059113
v 0.09058426 0.12295397 0.01017635
v 0.08465437 0.12446742 0.01051353
v 0.08399972 0.12449761 0.01478403
v 0.08465437 0.12446742 0.01051353
v 0.08347108 0.12465779 0.01055593
v 0.08399972 0.12449761 0.01478403
v 0.08399972 0.12449761 0.01478403
v 0.08347108 0.12465779 0.01055593
v 0.08292135 0.12473390 0.01057289
v 0.07511412 0.12448974 0.01848740
v 0.07545567 0.12493393 0.01464679
v 0.07080123 0.12400600 0.01811272
v 0.07545567 0.12493393 0.01464679
v 0.07120824 0.12445294 0.01440425
v 0.07080123 0.12400600 0.01811272
v 0.07080123 0.12400600 0.01811272
v 0.07120824 0.12445294 0.01440425
v 0.06659031 0.12306318 0.01761367
v 0.07434327 0.12340561 0.02202525
v 0.06999765 0.12294482 0.02153089
v 0.06940882 0.12213068 0.02310319
v 0.06999765 0.12294482 0.02153089
v 0.06516949 0.12123582 0.02241363
v 0.06940882 0.12213068 0.02310319
v 0.06940882 0.12213068 0.02310319
v 0.06516949 0.12123582 0.02241363
v 0.06444987 0.12025291 0.02383008
v 0.09161825 0.12259099 0.01009549
v 0.09058426 0.12295397 0.01017635
v 0.08818516 0.12359441 0.01468041
v 0.09058426 0.12295397 0.01017635
v 0.08399972 0.12449761 0.01478403
v 0.08818516 0.12359441 0.01468041
v 0.08818516 0.12359441 0.01468041
v 0.08399972 0.12449761 0.01478403
v 0.08380286 0.12401739 0.01884420
v 0.08399972 0.12449761 0.01478403
v 0.07946942 0.12449446 0.01873190
v 0.08380286 0.12401739 0.01884420
v 0.08380286 0.12401739 0.01884420
v 0.07946942 0.12449446 0.01873190
v 0.07916977 0.12403385 0.02060030
v 0.07946942 0.12449446 0.01873190
v 0.07479146 0.12404025 0.02030060
v 0.07916977 0.12403385 0.02060030
v 0.07916977 0.12403385 0.02060030
v 0.07479146 0.12404025 0.02030060
v 0.07434327 0.12340561 0.02202525
v 0.07479146 0.12404025 0.02030060
v 0.07045748 0.12356427 0.01986427
v 0.07434327 0.12340561 0.02202525
v 0.07434327 0.12340561 0.02202525
v 0.07045748 0.12356427 0.01986427
v 0.06999765 0.12294482 0.02153089
v 0.07045748 0.12356427 0.01986427
v 0.06575940 0.12202358 0.02090047
v 0.06999765 0.12294482 0.02153089
v 0.06999765 0.12294482 0.02153089
v 0.06575940 0.12202358 0.02090047
v 0.06516949 0.12123582 0.02241363
v 0.09198273 0.12245570 0.01006535
v 0.09161825 0.12259099 0.01009549
v 0.09224668 0.12226240 0.01446739
v 0.09161825 0.12259099 0.01009549
v 0.08818516 0.12359441 0.01468041
v 0.09224668 0.12226240 0.01446739
v 0.09224668 0.12226240 0.01446739
v 0.08818516 0.12359441 0.01468041
v 0.08805569 0.12307438 0.01882680
v 0.08818516 0.12359441 0.01468041
v 0.08380286 0.12401739 0.01884420
v 0.08805569 0.12307438 0.01882680
v 0.08805569 0.12307438 0.01882680
v 0.08380286 0.12401739 0.01884420
v 0.08352565 0.12354156 0.02076106
v 0.08380286 0.12401739 0.01884420
v 0.07916977 0.12403385 0.02060030
v 0.08352565 0.12354156 0.02076106
v 0.08352565 0.12354156 0.02076106
v 0.07916977 0.12403385 0.02060030
v 0.07873404 0.12338328 0.02237721
v 0.07916977 0.12403385 0.02060030
v 0.07434327 0.12340561 0.02202525
v 0.07873404 0.12338328 0.02237721
v 0.07873404 0.12338328 0.02237721
v 0.07434327 0.12340561 0.02202525
v 0.07375581 0.12256815 0.02365161
v 0.07434327 0.12340561 0.02202525
v 0.06940882 0.12213068 0.02310319
v 0.07375581 0.12256815 0.02365161
v 0.07375581 0.12256815 0.02365161
v 0.06940882 0.12213068 0.02310319
v 0.06868109 0.12111018 0.02457403
v 0.06940882 0.12213068 0.02310319
v 0.06444987 0.12025291 0.02383008
v 0.06868109 0.12111018 0.02457403
v 0.06868109 0.12111018 0.02457403
v 0.06444987 0.12025291 0.02383008
v 0.06359375 0.11906826 0.02514491
v 0.10602591 0.11371626 0.00811833
v 0.10426293 0.11527765 0.00846618
v 0.10327958 0.11595942 0.01322662
v 0.11333933 0.10472483 0.00611519
v 0.10951786 0.11003520 0.00729826
v 0.10932738 0.11012030 0.01195669
v 0.09816670 0.11953390 0.00941443
v 0.09735774 0.11998776 0.00951554
v 0.09614117 0.12052759 0.01415031
v 0.09735774 0.11998776 0.00951554
v 0.09224668 0.12226240 0.01446739
v 0.09614117 0.12052759 0.01415031
v 0.09614117 0.12052759 0.01415031
v 0.09224668 0.12226240 0.01446739
v 0.09217557 0.12169025 0.01868417
v 0.09224668 0.12226240 0.01446739
v 0.08805569 0.12307438 0.01882680
v 0.09217557 0.12169025 0.01868417
v 0.09217557 0.12169025 0.01868417
v 0.08805569 0.12307438 0.01882680
v 0.08779839 0.12257937 0.02078530
v 0.08805569 0.12307438 0.01882680
v 0.08352565 0.12354156 0.02076106
v 0.08779839 0.12257937 0.02078530
v 0.08779839 0.12257937 0.02078530
v 0.08352565 0.12354156 0.02076106
v 0.08310131 0.12287367 0.02258430
v 0.08352565 0.12354156 0.02076106
v 0.07873404 0.12338328 0.02237721
v 0.08310131 0.12287367 0.02258430
v 0.08310131 0.12287367 0.02258430
v 0.07873404 0.12338328 0.02237721
v 0.07814760 0.12252459 0.02405258
v 0.07873404 0.12338328 0.02237721
v 0.07375581 0.12256815 0.02365161
v 0.07814760 0.12252459 0.02405258
v 0.07814760 0.12252459 0.02405258
v 0.07375581 0.12256815 0.02365161
v 0.07301860 0.12151571 0.02517225
v 0.07375581 0.12256815 0.02365161
v 0.06868109 0.12111018 0.02457403
v 0.07301860 0.12151571 0.02517225
v 0.07301860 0.12151571 0.02517225
v 0.06868109 0.12111018 0.02457403
v 0.06780734 0.11987645 0.02593828
v 0.06868109 0.12111018 0.02457403
v 0.06359375 0.11906826 0.02514491
v 0.06780734 0.11987645 0.02593828
v 0.06780734 0.11987645 0.02593828
v 0.06359375 0.11906826 0.02514491
v 0.06259676 0.11767948 0.02635500
v 0.08292135 0.12473390 0.01057289
v 0.08225451 0.12481578 0.01059113
v 0.08399972 0.12449761 0.01478403
v 0.08225451 0.12481578 0.01059113
v 0.07973872 0.12494919 0.01477375
v 0.08399972 0.12449761 0.01478403
v 0.08399972 0.12449761 0.01478403
v 0.07973872 0.12494919 0.01477375
v 0.07946942 0.12449446 0.01873190
v 0.07973872 0.12494919 0.01477375
v 0.07511412 0.12448974 0.01848740
v 0.07946942 0.12449446 0.01873190
v 0.07946942 0.12449446 0.01873190
v 0.07511412 0.12448974 0.01848740
v 0.07479146 0.12404025 0.02030060
v 0.07511412 0.12448974 0.01848740
v 0.07080123 0.12400600 0.01811272
v 0.07479146 0.12404025 0.02030060
v 0.07479146 0.12404025 0.02030060
v 0.07080123 0.12400600 0.01811272
v 0.07045748 0.12356427 0.01986427
v 0.07080123 0.12400600 0.01811272
v 0.06659031 0.12306318 0.01761367
v 0.07045748 0.12356427 0.01986427
v 0.07045748 0.12356427 0.01986427
v 0.06659031 0.12306318 0.01761367
v 0.06575940 0.12202358 0.02090047
v 0.06659031 0.12306318 0.01761367
v 0.06167676 0.12067549 0.02014296
v 0.06575940 0.12202358 0.02090047
v 0.06575940 0.12202358 0.02090047
v 0.06167676 0.12067549 0.02014296
v 0.06516949 0.12123582 0.02241363
v 0.06167676 0.12067549 0.02014296
v 0.06108652 0.11991805 0.02159172
v 0.06516949 0.12123582 0.02241363
v 0.06516949 0.12123582 0.02241363
v 0.06108652 0.11991805 0.02159172
v 0.06444987 0.12025291 0.02383008
v 0.06108652 0.11991805 0.02159172
v 0.06037383 0.11897886 0.02294880
v 0.06444987 0.12025291 0.02383008
v 0.06444987 0.12025291 0.02383008
v 0.06037383 0.11897886 0.02294880
v 0.06359375 0.11906826 0.02514491
v 0.06037383 0.11897886 0.02294880
v 0.05953229 0.11785161 0.02420947
v 0.06359375 0.11906826 0.02514491
v 0.06359375 0.11906826 0.02514491
v 0.05953229 0.11785161 0.02420947
v 0.06259676 0.11767948 0.02635500
v 0.05953229 0.11785161 0.02420947
v 0.05855776 0.11653383 0.02537073
v 0.06259676 0.11767948 0.02635500
v 0.06259676 0.11767948 0.02635500
v 0.05855776 0.11653383 0.02537073
v 0.06145671 0.11608794 0.02745891
v 0.05855776 0.11653383 0.02537073
v 0.05744817 0.11502658 0.02643112
v 0.06145671 0.11608794 0.02745891
v 0.06145671 0.11608794 0.02745891
v 0.05744817 0.11502658 0.02643112
v 0.06017350 0.11429841 0.02845673
v 0.06017350 0.11429841 0.02845673
v 0.06427654 0.11489144 0.02936820
v 0.06145671 0.11608794 0.02745891
v 0.06427654 0.11489144 0.02936820
v 0.06560609 0.11676367 0.02833600
v 0.06145671 0.11608794 0.02745891
v 0.06145671 0.11608794 0.02745891
v 0.06560609 0.11676367 0.02833600
v 0.06259676 0.11767948 0.02635500
v 0.06560609 0.11676367 0.02833600
v 0.06678306 0.11842708 0.02719275
v 0.06259676 0.11767948 0.02635500
v 0.06259676 0.11767948 0.02635500
v 0.06678306 0.11842708 0.02719275
v 0.06780734 0.11987645 0.02593828
v 0.06678306 0.11842708 0.02719275
v 0.07212427 0.12024118 0.02658189
v 0.06780734 0.11987645 0.02593828
v 0.06780734 0.11987645 0.02593828
v 0.07212427 0.12024118 0.02658189
v 0.07301860 0.12151571 0.02517225
v 0.07212427 0.12024118 0.02658189
v 0.07739942 0.12144525 0.02561874
v 0.07301860 0.12151571 0.02517225
v 0.07301860 0.12151571 0.02517225
v 0.07739942 0.12144525 0.02561874
v 0.07814760 0.12252459 0.02405258
v 0.07739942 0.12144525 0.02561874
v 0.08251430 0.12199529 0.02430363
v 0.07814760 0.12252459 0.02405258
v 0.07814760 0.12252459 0.02405258
v 0.08251430 0.12199529 0.02430363
v 0.08310131 0.12287367 0.02258430
v 0.08251430 0.12199529 0.02430363
v 0.08738295 0.12189279 0.02264893
v 0.08310131 0.12287367 0.02258430
v 0.08310131 0.12287367 0.02258430
v 0.08738295 0.12189279 0.02264893
v 0.08779839 0.12257937 0.02078530
v 0.08738295 0.12189279 0.02264893
v 0.09193426 0.12117283 0.02067753
v 0.08779839 0.12257937 0.02078530
v 0.08779839 0.12257937 0.02078530
v 0.09193426 0.12117283 0.02067753
v 0.09217557 0.12169025 0.01868417
v 0.09193426 0.12117283 0.02067753
v 0.09611661 0.11989325 0.01842184
v 0.09217557 0.12169025 0.01868417
v 0.09217557 0.12169025 0.01868417
v 0.09611661 0.11989325 0.01842184
v 0.09614117 0.12052759 0.01415031
v 0.09611661 0.11989325 0.01842184
v 0.09983063 0.11841731 0.01373480
v 0.09614117 0.12052759 0.01415031
v 0.09614117 0.12052759 0.01415031
v 0.09983063 0.11841731 0.01373480
v 0.09816670 0.11953390 0.00941443
v 0.09983063 0.11841731 0.01373480
v 0.09944826 0.11876617 0.00924339
v 0.09816670 0.11953390 0.00941443
v 0.07836276 0.11619648 0.03001785
v 0.08094000 0.11308020 0.03141515
v 0.07968016 0.11799484 0.02877080
v 0.08094000 0.11308020 0.03141515
v 0.08387583 0.11694156 0.02898130
v 0.07968016 0.11799484 0.02877080
v 0.07968016 0.11799484 0.02877080
v 0.08387583 0.11694156 0.02898130
v 0.08504554 0.11852591 0.02757806
v 0.05620340 0.11333403 0.02739066
v 0.05482506 0.11146314 0.02825066
v 0.05874882 0.11231867 0.02934991
v 0.05874882 0.11231867 0.02934991
v 0.05482506 0.11146314 0.02825066
v 0.05718609 0.11015911 0.03014118
v 0.05482506 0.11146314 0.02825066
v 0.05331637 0.10942332 0.02901363
v 0.05718609 0.11015911 0.03014118
v 0.05718609 0.11015911 0.03014118
v 0.05331637 0.10942332 0.02901363
v 0.04992750 0.10488451 0.03026357
v 0.06017350 0.11429841 0.02845673
v 0.06116961 0.11055686 0.03110724
v 0.06427654 0.11489144 0.02936820
v 0.06116961 0.11055686 0.03110724
v 0.06846558 0.11508071 0.03012104
v 0.06427654 0.11489144 0.02936820
v 0.06427654 0.11489144 0.02936820
v 0.06846558 0.11508071 0.03012104
v 0.06560609 0.11676367 0.02833600
v 0.06846558 0.11508071 0.03012104
v 0.06984851 0.11702009 0.02905689
v 0.06560609 0.11676367 0.02833600
v 0.06560609 0.11676367 0.02833600
v 0.06984851 0.11702009 0.02905689
v 0.06678306 0.11842708 0.02719275
v 0.06984851 0.11702009 0.02905689
v 0.07106821 0.11874206 0.02787726
v 0.06678306 0.11842708 0.02719275
v 0.06678306 0.11842708 0.02719275
v 0.07106821 0.11874206 0.02787726
v 0.07212427 0.12024118 0.02658189
v 0.07106821 0.11874206 0.02787726
v 0.07648186 0.12013789 0.02707028
v 0.07212427 0.12024118 0.02658189
v 0.07212427 0.12024118 0.02658189
v 0.07648186 0.12013789 0.02707028
v 0.07739942 0.12144525 0.02561874
v 0.07648186 0.12013789 0.02707028
v 0.08175309 0.12089360 0.02591119
v 0.07739942 0.12144525 0.02561874
v 0.07739942 0.12144525 0.02561874
v 0.08175309 0.12089360 0.02591119
v 0.08251430 0.12199529 0.02430363
v 0.08175309 0.12089360 0.02591119
v 0.08679300 0.12099613 0.02440723
v 0.08251430 0.12199529 0.02430363
v 0.08251430 0.12199529 0.02430363
v 0.08679300 0.12099613 0.02440723
v 0.08738295 0.12189279 0.02264893
v 0.08679300 0.12099613 0.02440723
v 0.09152434 0.12046667 0.02257567
v 0.08738295 0.12189279 0.02264893
v 0.08738295 0.12189279 0.02264893
v 0.09152434 0.12046667 0.02257567
v 0.09193426 0.12117283 0.02067753
v 0.09152434 0.12046667 0.02257567
v 0.09588648 0.11935096 0.02044333
v 0.09193426 0.12117283 0.02067753
v 0.09193426 0.12117283 0.02067753
v 0.09588648 0.11935096 0.02044333
v 0.09611661 0.11989325 0.01842184
v 0.09588648 0.11935096 0.02044333
v 0.09983885 0.11771355 0.01804565
v 0.09611661 0.11989325 0.01842184
v 0.09611661 0.11989325 0.01842184
v 0.09983885 0.11771355 0.01804565
v 0.09983063 0.11841731 0.01373480
v 0.09983885 0.11771355 0.01804565
v 0.10327958 0.11595942 0.01322662
v 0.09983063 0.11841731 0.01373480
v 0.09983063 0.11841731 0.01373480
v 0.10327958 0.11595942 0.01322662
v 0.10352245 0.11588344 0.00860114
v 0.10327958 0.11595942 0.01322662
v 0.10426293 0.11527765 0.00846618
v 0.10352245 0.11588344 0.00860114
v 0.08312315 0.09745409 0.03511408
v 0.09117590 0.10044259 0.03321825
v 0.08802003 0.10287322 0.03346003
v 0.09117590 0.10044259 0.03321825
v 0.09541315 0.10502694 0.03103590
v 0.08802003 0.10287322 0.03346003
v 0.08802003 0.10287322 0.03346003
v 0.09541315 0.10502694 0.03103590
v 0.09214523 0.10753654 0.03133949
v 0.09541315 0.10502694 0.03103590
v 0.09876439 0.10879733 0.02836570
v 0.09214523 0.10753654 0.03133949
v 0.09214523 0.10753654 0.03133949
v 0.09876439 0.10879733 0.02836570
v 0.09540556 0.11136173 0.02872642
v 0.09876439 0.10879733 0.02836570
v 0.10008927 0.11036549 0.02684648
v 0.09540556 0.11136173 0.02872642
v 0.09540556 0.11136173 0.02872642
v 0.10008927 0.11036549 0.02684648
v 0.09669460 0.11294595 0.02723321
v 0.10008927 0.11036549 0.02684648
v 0.10117765 0.11172212 0.02520708
v 0.09669460 0.11294595 0.02723321
v 0.09669460 0.11294595 0.02723321
v 0.10117765 0.11172212 0.02520708
v 0.09775417 0.11431026 0.02561777
v 0.10117765 0.11172212 0.02520708
v 0.10203281 0.11287158 0.02345168
v 0.09775417 0.11431026 0.02561777
v 0.09775417 0.11431026 0.02561777
v 0.10203281 0.11287158 0.02345168
v 0.09858780 0.11545863 0.02388413
v 0.10203281 0.11287158 0.02345168
v 0.10266273 0.11382215 0.02158642
v 0.09858780 0.11545863 0.02388413
v 0.09858780 0.11545863 0.02388413
v 0.10266273 0.11382215 0.02158642
v 0.09920357 0.11639927 0.02203834
v 0.10266273 0.11382215 0.02158642
v 0.10308059 0.11458646 0.01961956
v 0.09920357 0.11639927 0.02203834
v 0.10648104 0.11232970 0.01697578
v 0.10308059 0.11458646 0.01961956
v 0.10625049 0.11170860 0.01904219
v 0.10308059 0.11458646 0.01961956
v 0.10266273 0.11382215 0.02158642
v 0.10625049 0.11170860 0.01904219
v 0.10625049 0.11170860 0.01904219
v 0.10266273 0.11382215 0.02158642
v 0.10582153 0.11092772 0.02102050
v 0.10266273 0.11382215 0.02158642
v 0.10203281 0.11287158 0.02345168
v 0.10582153 0.11092772 0.02102050
v 0.10582153 0.11092772 0.02102050
v 0.10203281 0.11287158 0.02345168
v 0.10517520 0.10997041 0.02290037
v 0.10203281 0.11287158 0.02345168
v 0.10117765 0.11172212 0.02520708
v 0.10517520 0.10997041 0.02290037
v 0.10517520 0.10997041 0.02290037
v 0.10117765 0.11172212 0.02520708
v 0.10429828 0.10882431 0.02467355
v 0.10117765 0.11172212 0.02520708
v 0.10008927 0.11036549 0.02684648
v 0.10429828 0.10882431 0.02467355
v 0.10429828 0.10882431 0.02467355
v 0.10008927 0.11036549 0.02684648
v 0.10318289 0.10748106 0.02633382
v 0.10008927 0.11036549 0.02684648
v 0.09876439 0.10879733 0.02836570
v 0.10318289 0.10748106 0.02633382
v 0.10318289 0.10748106 0.02633382
v 0.09876439 0.10879733 0.02836570
v 0.10182602 0.10593596 0.02787684
v 0.09876439 0.10879733 0.02836570
v 0.09541315 0.10502694 0.03103590
v 0.10182602 0.10593596 0.02787684
v 0.10182602 0.10593596 0.02787684
v 0.09541315 0.10502694 0.03103590
v 0.09839743 0.10223797 0.03060226
v 0.09541315 0.10502694 0.03103590
v 0.09117590 0.10044259 0.03321825
v 0.09839743 0.10223797 0.03060226
v 0.09721137 0.08117183 0.03240624
v 0.10074264 0.08428507 0.03109846
v 0.09376501 0.08683880 0.03366645
v 0.10074264 0.08428507 0.03109846
v 0.10101609 0.08849641 0.03102008
v 0.09376501 0.08683880 0.03366645
v 0.09376501 0.08683880 0.03366645
v 0.10101609 0.08849641 0.03102008
v 0.09899788 0.09174799 0.03174271
v 0.10101609 0.08849641 0.03102008
v 0.10546961 0.09258527 0.02858964
v 0.09899788 0.09174799 0.03174271
v 0.09899788 0.09174799 0.03174271
v 0.10546961 0.09258527 0.02858964
v 0.10343666 0.09597958 0.02937229
v 0.10546961 0.09258527 0.02858964
v 0.10902565 0.09598678 0.02571721
v 0.10343666 0.09597958 0.02937229
v 0.10343666 0.09597958 0.02937229
v 0.10902565 0.09598678 0.02571721
v 0.10696965 0.09949033 0.02654486
v 0.10902565 0.09598678 0.02571721
v 0.11044518 0.09742771 0.02411855
v 0.10696965 0.09949033 0.02654486
v 0.10696965 0.09949033 0.02654486
v 0.11044518 0.09742771 0.02411855
v 0.10837486 0.10097096 0.02496179
v 0.11044518 0.09742771 0.02411855
v 0.11162154 0.09869880 0.02241585
v 0.10837486 0.10097096 0.02496179
v 0.10837486 0.10097096 0.02496179
v 0.11162154 0.09869880 0.02241585
v 0.10953522 0.10227098 0.02326962
v 0.11162154 0.09869880 0.02241585
v 0.11255716 0.09980576 0.02061404
v 0.10953522 0.10227098 0.02326962
v 0.10953522 0.10227098 0.02326962
v 0.11255716 0.09980576 0.02061404
v 0.11045333 0.10339578 0.02147309
v 0.11255716 0.09980576 0.02061404
v 0.11325939 0.10075706 0.01871950
v 0.11045333 0.10339578 0.02147309
v 0.11045333 0.10339578 0.02147309
v 0.11325939 0.10075706 0.01871950
v 0.11113674 0.10435382 0.01957854
v 0.11325939 0.10075706 0.01871950
v 0.11374107 0.10156416 0.01674020
v 0.11113674 0.10435382 0.01957854
v 0.11113674 0.10435382 0.01957854
v 0.11374107 0.10156416 0.01674020
v 0.11159851 0.10515688 0.01759405
v 0.11374107 0.10156416 0.01674020
v 0.11402095 0.10224167 0.01468570
v 0.11159851 0.10515688 0.01759405
v 0.11159851 0.10515688 0.01759405
v 0.11402095 0.10224167 0.01468570
v 0.11185762 0.10582023 0.01552950
v 0.11402095 0.10224167 0.01468570
v 0.11408269 0.10328352 0.01039818
v 0.11185762 0.10582023 0.01552950
v 0.11185762 0.10582023 0.01552950
v 0.11408269 0.10328352 0.01039818
v 0.11187618 0.10680822 0.01120951
v 0.11408269 0.10328352 0.01039818
v 0.11333933 0.10472483 0.00611519
v 0.11187618 0.10680822 0.01120951
v 0.09013478 0.11841986 0.02604641
v 0.08504554 0.11852591 0.02757806
v 0.08913467 0.11705829 0.02760504
v 0.08504554 0.11852591 0.02757806
v 0.08387583 0.11694156 0.02898130
v 0.08913467 0.11705829 0.02760504
v 0.08913467 0.11705829 0.02760504
v 0.08387583 0.11694156 0.02898130
v 0.08792431 0.11546532 0.02904018
v 0.08387583 0.11694156 0.02898130
v 0.08094000 0.11308020 0.03141515
v 0.08792431 0.11546532 0.02904018
v 0.08792431 0.11546532 0.02904018
v 0.08094000 0.11308020 0.03141515
v 0.08487471 0.11159243 0.03153484
v 0.08094000 0.11308020 0.03141515
v 0.07723758 0.10834603 0.03336135
v 0.08487471 0.11159243 0.03153484
v 0.08487471 0.11159243 0.03153484
v 0.07723758 0.10834603 0.03336135
v 0.08102091 0.10685097 0.03353696
v 0.07723758 0.10834603 0.03336135
v 0.07283640 0.10284053 0.03485093
v 0.08102091 0.10685097 0.03353696
v 0.08102091 0.10685097 0.03353696
v 0.07283640 0.10284053 0.03485093
v 0.07643971 0.10133767 0.03507666
v 0.07283640 0.10284053 0.03485093
v 0.06783333 0.09669901 0.03593302
v 0.07643971 0.10133767 0.03507666
v 0.07643971 0.10133767 0.03507666
v 0.06783333 0.09669901 0.03593302
v 0.07123856 0.09518278 0.03620225
v 0.06783333 0.09669901 0.03593302
v 0.06554434 0.08853661 0.03697506
v 0.07123856 0.09518278 0.03620225
v 0.03254306 0.08282970 0.03243739
v 0.03553785 0.08205838 0.03365764
v 0.04526439 0.09424046 0.03302275
v 0.03553785 0.08205838 0.03365764
v 0.05218854 0.09329372 0.03493533
v 0.04526439 0.09424046 0.03302275
v 0.04526439 0.09424046 0.03302275
v 0.05218854 0.09329372 0.03493533
v 0.05332367 0.09991421 0.03340377
v 0.05218854 0.09329372 0.03493533
v 0.05700900 0.09955008 0.03426610
v 0.05332367 0.09991421 0.03340377
v 0.05332367 0.09991421 0.03340377
v 0.05700900 0.09955008 0.03426610
v 0.06138134 0.10536598 0.03327749
v 0.00848509 0.06326050 0.02948041
v 0.01019251 0.06172182 0.03102635
v 0.02007456 0.07239262 0.03115762
v 0.01019251 0.06172182 0.03102635
v 0.01105574 0.06094379 0.03169218
v 0.02007456 0.07239262 0.03115762
v 0.02007456 0.07239262 0.03115762
v 0.01105574 0.06094379 0.03169218
v 0.02256540 0.07113785 0.03259009
v 0.01105574 0.06094379 0.03169218
v 0.01238991 0.05974117 0.03260797
v 0.02256540 0.07113785 0.03259009
v 0.02256540 0.07113785 0.03259009
v 0.01238991 0.05974117 0.03260797
v 0.02511264 0.06978023 0.03380603
v 0.03026956 0.06681120 0.03571596
v 0.04157617 0.08008394 0.03557762
v 0.02511264 0.06978023 0.03380603
v 0.04157617 0.08008394 0.03557762
v 0.03553785 0.08205838 0.03365764
v 0.02511264 0.06978023 0.03380603
v 0.02511264 0.06978023 0.03380603
v 0.03553785 0.08205838 0.03365764
v 0.02256540 0.07113785 0.03259009
v 0.03553785 0.08205838 0.03365764
v 0.03254306 0.08282970 0.03243739
v 0.02256540 0.07113785 0.03259009
v 0.02256540 0.07113785 0.03259009
v 0.03254306 0.08282970 0.03243739
v 0.02007456 0.07239262 0.03115762
v 0.07685922 0.11417140 0.03114281
v 0.06929012 0.11023065 0.03255352
v 0.07331261 0.10947948 0.03303534
v 0.06929012 0.11023065 0.03255352
v 0.06526569 0.10486833 0.03395702
v 0.07331261 0.10947948 0.03303534
v 0.07331261 0.10947948 0.03303534
v 0.06526569 0.10486833 0.03395702
v 0.06909914 0.10402323 0.03447962
v 0.06526569 0.10486833 0.03395702
v 0.06068432 0.09889365 0.03497131
v 0.06909914 0.10402323 0.03447962
v 0.06909914 0.10402323 0.03447962
v 0.06068432 0.09889365 0.03497131
v 0.06430496 0.09794063 0.03552471
v 0.06068432 0.09889365 0.03497131
v 0.05563929 0.09246369 0.03565669
v 0.06430496 0.09794063 0.03552471
v 0.06430496 0.09794063 0.03552471
v 0.05563929 0.09246369 0.03565669
v 0.05903441 0.09138926 0.03623217
v 0.05563929 0.09246369 0.03565669
v 0.04456994 0.07887733 0.03631175
v 0.05903441 0.09138926 0.03623217
v 0.05903441 0.09138926 0.03623217
v 0.04456994 0.07887733 0.03631175
v 0.04751770 0.07752350 0.03691116
v 0.04456994 0.07887733 0.03631175
v 0.03540017 0.06353997 0.03705746
v 0.04751770 0.07752350 0.03691116
v 0.06929012 0.11023065 0.03255352
v 0.06138134 0.10536598 0.03327749
v 0.06526569 0.10486833 0.03395702
v 0.06138134 0.10536598 0.03327749
v 0.05700900 0.09955008 0.03426610
v 0.06526569 0.10486833 0.03395702
v 0.06526569 0.10486833 0.03395702
v 0.05700900 0.09955008 0.03426610
v 0.06068432 0.09889365 0.03497131
v 0.05700900 0.09955008 0.03426610
v 0.05218854 0.09329372 0.03493533
v 0.06068432 0.09889365 0.03497131
v 0.06068432 0.09889365 0.03497131
v 0.05218854 0.09329372 0.03493533
v 0.05563929 0.09246369 0.03565669
v 0.05218854 0.09329372 0.03493533
v 0.04157617 0.08008394 0.03557762
v 0.05563929 0.09246369 0.03565669
v 0.05563929 0.09246369 0.03565669
v 0.04157617 0.08008394 0.03557762
v 0.04456994 0.07887733 0.03631175
v 0.04157617 0.08008394 0.03557762
v 0.03026956 0.06681120 0.03571596
v 0.04456994 0.07887733 0.03631175
v 0.04456994 0.07887733 0.03631175
v 0.03026956 0.06681120 0.03571596
v 0.03540017 0.06353997 0.03705746
v 0.01238991 0.05974117 0.03260797
v 0.01425146 0.05806298 0.03370163
v 0.02511264 0.06978023 0.03380603
v 0.01425146 0.05806298 0.03370163
v 0.01552968 0.05691057 0.03435356
v 0.02511264 0.06978023 0.03380603
v 0.02511264 0.06978023 0.03380603
v 0.01552968 0.05691057 0.03435356
v 0.03026956 0.06681120 0.03571596
v 0.01552968 0.05691057 0.03435356
v 0.01880134 0.05396061 0.03573028
v 0.03026956 0.06681120 0.03571596
v 0.03026956 0.06681120 0.03571596
v 0.01880134 0.05396061 0.03573028
v 0.03540017 0.06353997 0.03705746
v 0.01880134 0.05396061 0.03573028
v 0.02137343 0.05164120 0.03657258
v 0.03540017 0.06353997 0.03705746
v 0.03540017 0.06353997 0.03705746
v 0.02137343 0.05164120 0.03657258
v 0.02294537 0.05022358 0.03699932
v 0.06554434 0.08853661 0.03697506
v 0.07449494 0.09340829 0.03633824
v 0.07123856 0.09518278 0.03620225
v 0.07449494 0.09340829 0.03633824
v 0.07987744 0.09953481 0.03516266
v 0.07123856 0.09518278 0.03620225
v 0.07123856 0.09518278 0.03620225
v 0.07987744 0.09953481 0.03516266
v 0.07643971 0.10133767 0.03507666
v 0.07987744 0.09953481 0.03516266
v 0.08462547 0.10501801 0.03356803
v 0.07643971 0.10133767 0.03507666
v 0.07643971 0.10133767 0.03507666
v 0.08462547 0.10501801 0.03356803
v 0.08102091 0.10685097 0.03353696
v 0.08462547 0.10501801 0.03356803
v 0.08862157 0.10973479 0.03150770
v 0.08102091 0.10685097 0.03353696
v 0.08102091 0.10685097 0.03353696
v 0.08862157 0.10973479 0.03150770
v 0.08487471 0.11159243 0.03153484
v 0.08862157 0.10973479 0.03150770
v 0.09178038 0.11359490 0.02895324
v 0.08487471 0.11159243 0.03153484
v 0.08487471 0.11159243 0.03153484
v 0.09178038 0.11359490 0.02895324
v 0.08792431 0.11546532 0.02904018
v 0.09178038 0.11359490 0.02895324
v 0.09303088 0.11518761 0.02748808
v 0.08792431 0.11546532 0.02904018
v 0.08792431 0.11546532 0.02904018
v 0.09303088 0.11518761 0.02748808
v 0.08913467 0.11705829 0.02760504
v 0.09303088 0.11518761 0.02748808
v 0.09406078 0.11655367 0.02589959
v 0.08913467 0.11705829 0.02760504
v 0.08913467 0.11705829 0.02760504
v 0.09406078 0.11655367 0.02589959
v 0.09013478 0.11841986 0.02604641
v 0.09406078 0.11655367 0.02589959
v 0.09487384 0.11769672 0.02419163
v 0.09013478 0.11841986 0.02604641
v 0.09920357 0.11639927 0.02203834
v 0.09487384 0.11769672 0.02419163
v 0.09858780 0.11545863 0.02388413
v 0.09487384 0.11769672 0.02419163
v 0.09406078 0.11655367 0.02589959
v 0.09858780 0.11545863 0.02388413
v 0.09858780 0.11545863 0.02388413
v 0.09406078 0.11655367 0.02589959
v 0.09775417 0.11431026 0.02561777
v 0.09406078 0.11655367 0.02589959
v 0.09303088 0.11518761 0.02748808
v 0.09775417 0.11431026 0.02561777
v 0.09775417 0.11431026 0.02561777
v 0.09303088 0.11518761 0.02748808
v 0.09669460 0.11294595 0.02723321
v 0.09303088 0.11518761 0.02748808
v 0.09178038 0.11359490 0.02895324
v 0.09669460 0.11294595 0.02723321
v 0.09669460 0.11294595 0.02723321
v 0.09178038 0.11359490 0.02895324
v 0.09540556 0.11136173 0.02872642
v 0.09178038 0.11359490 0.02895324
v 0.08862157 0.10973479 0.03150770
v 0.09540556 0.11136173 0.02872642
v 0.09540556 0.11136173 0.02872642
v 0.08862157 0.10973479 0.03150770
v 0.09214523 0.10753654 0.03133949
v 0.08862157 0.10973479 0.03150770
v 0.08462547 0.10501801 0.03356803
v 0.09214523 0.10753654 0.03133949
v 0.09214523 0.10753654 0.03133949
v 0.08462547 0.10501801 0.03356803
v 0.08802003 0.10287322 0.03346003
v 0.08462547 0.10501801 0.03356803
v 0.07987744 0.09953481 0.03516266
v 0.08802003 0.10287322 0.03346003
v 0.08802003 0.10287322 0.03346003
v 0.07987744 0.09953481 0.03516266
v 0.08312315 0.09745409 0.03511408
v 0.07987744 0.09953481 0.03516266
v 0.07449494 0.09340829 0.03633824
v 0.08312315 0.09745409 0.03511408
v 0.05321373 0.07439127 0.03774081
v 0.05857179 0.07073311 0.03811729
v 0.06554434 0.08853661 0.03697506
v 0.05857179 0.07073311 0.03811729
v 0.06515469 0.07789242 0.03777990
v 0.06554434 0.08853661 0.03697506
v 0.06515469 0.07789242 0.03777990
v 0.07154034 0.08482538 0.03721246
v 0.06554434 0.08853661 0.03697506
v 0.06554434 0.08853661 0.03697506
v 0.07154034 0.08482538 0.03721246
v 0.07449494 0.09340829 0.03633824
v 0.07154034 0.08482538 0.03721246
v 0.07758106 0.09139339 0.03634576
v 0.07449494 0.09340829 0.03633824
v 0.07449494 0.09340829 0.03633824
v 0.07758106 0.09139339 0.03634576
v 0.08312315 0.09745409 0.03511408
v 0.07758106 0.09139339 0.03634576
v 0.08615260 0.09511756 0.03493574
v 0.08312315 0.09745409 0.03511408
v 0.08312315 0.09745409 0.03511408
v 0.08615260 0.09511756 0.03493574
v 0.09117590 0.10044259 0.03321825
v 0.08615260 0.09511756 0.03493574
v 0.09406877 0.09775461 0.03284748
v 0.09117590 0.10044259 0.03321825
v 0.09117590 0.10044259 0.03321825
v 0.09406877 0.09775461 0.03284748
v 0.09839743 0.10223797 0.03060226
v 0.11333933 0.10472483 0.00611519
v 0.10932738 0.11012030 0.01195669
v 0.11187618 0.10680822 0.01120951
v 0.10932738 0.11012030 0.01195669
v 0.10933891 0.10919648 0.01629575
v 0.11187618 0.10680822 0.01120951
v 0.11187618 0.10680822 0.01120951
v 0.10933891 0.10919648 0.01629575
v 0.11185762 0.10582023 0.01552950
v 0.10933891 0.10919648 0.01629575
v 0.10909657 0.10855231 0.01836432
v 0.11185762 0.10582023 0.01552950
v 0.11185762 0.10582023 0.01552950
v 0.10909657 0.10855231 0.01836432
v 0.11159851 0.10515688 0.01759405
v 0.10909657 0.10855231 0.01836432
v 0.10865270 0.10775826 0.02034850
v 0.11159851 0.10515688 0.01759405
v 0.11159851 0.10515688 0.01759405
v 0.10865270 0.10775826 0.02034850
v 0.11113674 0.10435382 0.01957854
v 0.10865270 0.10775826 0.02034850
v 0.10798824 0.10679834 0.02223814
v 0.11113674 0.10435382 0.01957854
v 0.11113674 0.10435382 0.01957854
v 0.10798824 0.10679834 0.02223814
v 0.11045333 0.10339578 0.02147309
v 0.10798824 0.10679834 0.02223814
v 0.10709001 0.10566048 0.02402508
v 0.11045333 0.10339578 0.02147309
v 0.11045333 0.10339578 0.02147309
v 0.10709001 0.10566048 0.02402508
v 0.10953522 0.10227098 0.02326962
v 0.10709001 0.10566048 0.02402508
v 0.10595028 0.10433626 0.02570301
v 0.10953522 0.10227098 0.02326962
v 0.10953522 0.10227098 0.02326962
v 0.10595028 0.10433626 0.02570301
v 0.10837486 0.10097096 0.02496179
v 0.10595028 0.10433626 0.02570301
v 0.10456628 0.10282061 0.02726741
v 0.10837486 0.10097096 0.02496179
v 0.10837486 0.10097096 0.02496179
v 0.10456628 0.10282061 0.02726741
v 0.10696965 0.09949033 0.02654486
v 0.10456628 0.10282061 0.02726741
v 0.10107636 0.09921010 0.03004552
v 0.10696965 0.09949033 0.02654486
v 0.10696965 0.09949033 0.02654486
v 0.10107636 0.09921010 0.03004552
v 0.10343666 0.09597958 0.02937229
v 0.10107636 0.09921010 0.03004552
v 0.09667974 0.09484565 0.03235378
v 0.10343666 0.09597958 0.02937229
v 0.10343666 0.09597958 0.02937229
v 0.09667974 0.09484565 0.03235378
v 0.09899788 0.09174799 0.03174271
v 0.09667974 0.09484565 0.03235378
v 0.09148578 0.08978061 0.03420722
v 0.09899788 0.09174799 0.03174271
v 0.09899788 0.09174799 0.03174271
v 0.09148578 0.08978061 0.03420722
v 0.09376501 0.08683880 0.03366645
v 0.09148578 0.08978061 0.03420722
v 0.08563889 0.08409628 0.03563786
v 0.09376501 0.08683880 0.03366645
v 0.09376501 0.08683880 0.03366645
v 0.08563889 0.08409628 0.03563786
v 0.08788478 0.08132173 0.03517020
v 0.08563889 0.08409628 0.03563786
v 0.07930381 0.07789317 0.03669092
v 0.08788478 0.08132173 0.03517020
v 0.08788478 0.08132173 0.03517020
v 0.07930381 0.07789317 0.03669092
v 0.08152404 0.07528538 0.03629380
v 0.02919773 0.04458449 0.03813526
v 0.03192543 0.04212409 0.03837907
v 0.04042378 0.05999418 0.03792386
v 0.03192543 0.04212409 0.03837907
v 0.04529632 0.05619960 0.03836706
v 0.04042378 0.05999418 0.03792386
v 0.04042378 0.05999418 0.03792386
v 0.04529632 0.05619960 0.03836706
v 0.05857179 0.07073311 0.03811729
v 0.04529632 0.05619960 0.03836706
v 0.06352822 0.06660136 0.03806878
v 0.05857179 0.07073311 0.03811729
v 0.05857179 0.07073311 0.03811729
v 0.06352822 0.06660136 0.03806878
v 0.06515469 0.07789242 0.03777990
v 0.06352822 0.06660136 0.03806878
v 0.07029659 0.07361885 0.03764873
v 0.06515469 0.07789242 0.03777990
v 0.06515469 0.07789242 0.03777990
v 0.07029659 0.07361885 0.03764873
v 0.07154034 0.08482538 0.03721246
v 0.07029659 0.07361885 0.03764873
v 0.07689576 0.08036415 0.03697780
v 0.07154034 0.08482538 0.03721246
v 0.07154034 0.08482538 0.03721246
v 0.07689576 0.08036415 0.03697780
v 0.07758106 0.09139339 0.03634576
v 0.07689576 0.08036415 0.03697780
v 0.08316755 0.08671504 0.03599186
v 0.07758106 0.09139339 0.03634576
v 0.07758106 0.09139339 0.03634576
v 0.08316755 0.08671504 0.03599186
v 0.08615260 0.09511756 0.03493574
v 0.08316755 0.08671504 0.03599186
v 0.08894541 0.09254934 0.03463176
v 0.08615260 0.09511756 0.03493574
v 0.08615260 0.09511756 0.03493574
v 0.08894541 0.09254934 0.03463176
v 0.09406877 0.09775461 0.03284748
v 0.04998825 0.05217952 0.03841248
v 0.05447711 0.04795847 0.03806535
v 0.06584080 0.06437713 0.03788932
v 0.05447711 0.04795847 0.03806535
v 0.06803897 0.06205851 0.03760656
v 0.06584080 0.06437713 0.03788932
v 0.06584080 0.06437713 0.03788932
v 0.06803897 0.06205851 0.03760656
v 0.07930381 0.07789317 0.03669092
v 0.06803897 0.06205851 0.03760656
v 0.07485474 0.06882971 0.03708706
v 0.07930381 0.07789317 0.03669092
v 0.07930381 0.07789317 0.03669092
v 0.07485474 0.06882971 0.03708706
v 0.08152404 0.07528538 0.03629380
v 0.07485474 0.06882971 0.03708706
v 0.08236783 0.06780532 0.03571266
v 0.08152404 0.07528538 0.03629380
v 0.08152404 0.07528538 0.03629380
v 0.08236783 0.06780532 0.03571266
v 0.09136462 0.07598428 0.03404383
v 0.04545524 0.02991793 0.03749488
v 0.05726435 0.04283650 0.03742114
v 0.04136862 0.03360513 0.03813696
v 0.05726435 0.04283650 0.03742114
v 0.05447711 0.04795847 0.03806535
v 0.04136862 0.03360513 0.03813696
v 0.04136862 0.03360513 0.03813696
v 0.05447711 0.04795847 0.03806535
v 0.03752527 0.03707253 0.03843818
v 0.05447711 0.04795847 0.03806535
v 0.04998825 0.05217952 0.03841248
v 0.03752527 0.03707253 0.03843818
v 0.03752527 0.03707253 0.03843818
v 0.04998825 0.05217952 0.03841248
v 0.03227786 0.04180618 0.03840015
v 0.03192543 0.04212409 0.03837907
v 0.03227786 0.04180618 0.03840015
v 0.04529632 0.05619960 0.03836706
v 0.03227786 0.04180618 0.03840015
v 0.04998825 0.05217952 0.03841248
v 0.04529632 0.05619960 0.03836706
v 0.04529632 0.05619960 0.03836706
v 0.04998825 0.05217952 0.03841248
v 0.06352822 0.06660136 0.03806878
v 0.04998825 0.05217952 0.03841248
v 0.06584080 0.06437713 0.03788932
v 0.06352822 0.06660136 0.03806878
v 0.06352822 0.06660136 0.03806878
v 0.06584080 0.06437713 0.03788932
v 0.07029659 0.07361885 0.03764873
v 0.06584080 0.06437713 0.03788932
v 0.07930381 0.07789317 0.03669092
v 0.07029659 0.07361885 0.03764873
v 0.07029659 0.07361885 0.03764873
v 0.07930381 0.07789317 0.03669092
v 0.07689576 0.08036415 0.03697780
v 0.07930381 0.07789317 0.03669092
v 0.08563889 0.08409628 0.03563786
v 0.07689576 0.08036415 0.03697780
v 0.07689576 0.08036415 0.03697780
v 0.08563889 0.08409628 0.03563786
v 0.08316755 0.08671504 0.03599186
v 0.08563889 0.08409628 0.03563786
v 0.09148578 0.08978061 0.03420722
v 0.08316755 0.08671504 0.03599186
v 0.08316755 0.08671504 0.03599186
v 0.09148578 0.08978061 0.03420722
v 0.08894541 0.09254934 0.03463176
v 0.09148578 0.08978061 0.03420722
v 0.09667974 0.09484565 0.03235378
v 0.08894541 0.09254934 0.03463176
v 0.08894541 0.09254934 0.03463176
v 0.09667974 0.09484565 0.03235378
v 0.09406877 0.09775461 0.03284748
v 0.09667974 0.09484565 0.03235378
v 0.10107636 0.09921010 0.03004552
v 0.09406877 0.09775461 0.03284748
v 0.09406877 0.09775461 0.03284748
v 0.10107636 0.09921010 0.03004552
v 0.09839743 0.10223797 0.03060226
v 0.10107636 0.09921010 0.03004552
v 0.10456628 0.10282061 0.02726741
v 0.09839743 0.10223797 0.03060226
v 0.09839743 0.10223797 0.03060226
v 0.10456628 0.10282061 0.02726741
v 0.10182602 0.10593596 0.02787684
v 0.10456628 0.10282061 0.02726741
v 0.10595028 0.10433626 0.02570301
v 0.10182602 0.10593596 0.02787684
v 0.10182602 0.10593596 0.02787684
v 0.10595028 0.10433626 0.02570301
v 0.10318289 0.10748106 0.02633382
v 0.10595028 0.10433626 0.02570301
v 0.10709001 0.10566048 0.02402508
v 0.10318289 0.10748106 0.02633382
v 0.10318289 0.10748106 0.02633382
v 0.10709001 0.10566048 0.02402508
v 0.10429828 0.10882431 0.02467355
v 0.10709001 0.10566048 0.02402508
v 0.10798824 0.10679834 0.02223814
v 0.10429828 0.10882431 0.02467355
v 0.10429828 0.10882431 0.02467355
v 0.10798824 0.10679834 0.02223814
v 0.10517520 0.10997041 0.02290037
v 0.10798824 0.10679834 0.02223814
v 0.10865270 0.10775826 0.02034850
v 0.10517520 0.10997041 0.02290037
v 0.10517520 0.10997041 0.02290037
v 0.10865270 0.10775826 0.02034850
v 0.10582153 0.11092772 0.02102050
v 0.10865270 0.10775826 0.02034850
v 0.10909657 0.10855231 0.01836432
v 0.10582153 0.11092772 0.02102050
v 0.10582153 0.11092772 0.02102050
v 0.10909657 0.10855231 0.01836432
v 0.10625049 0.11170860 0.01904219
v 0.10909657 0.10855231 0.01836432
v 0.10933891 0.10919648 0.01629575
v 0.10625049 0.11170860 0.01904219
v 0.10625049 0.11170860 0.01904219
v 0.10933891 0.10919648 0.01629575
v 0.10648104 0.11232970 0.01697578
v 0.10933891 0.10919648 0.01629575
v 0.10932738 0.11012030 0.01195669
v 0.10648104 0.11232970 0.01697578
v 0.07836276 0.11619648 0.03001785
v 0.07685922 0.11417140 0.03114281
v 0.08094000 0.11308020 0.03141515
v 0.07685922 0.11417140 0.03114281
v 0.07331261 0.10947948 0.03303534
v 0.08094000 0.11308020 0.03141515
v 0.08094000 0.11308020 0.03141515
v 0.07331261 0.10947948 0.03303534
v 0.07723758 0.10834603 0.03336135
v 0.07331261 0.10947948 0.03303534
v 0.06909914 0.10402323 0.03447962
v 0.07723758 0.10834603 0.03336135
v 0.07723758 0.10834603 0.03336135
v 0.06909914 0.10402323 0.03447962
v 0.07283640 0.10284053 0.03485093
v 0.06909914 0.10402323 0.03447962
v 0.06430496 0.09794063 0.03552471
v 0.07283640 0.10284053 0.03485093
v 0.07283640 0.10284053 0.03485093
v 0.06430496 0.09794063 0.03552471
v 0.06783333 0.09669901 0.03593302
v 0.06430496 0.09794063 0.03552471
v 0.05903441 0.09138926 0.03623217
v 0.06783333 0.09669901 0.03593302
v 0.06783333 0.09669901 0.03593302
v 0.05903441 0.09138926 0.03623217
v 0.06554434 0.08853661 0.03697506
v 0.05903441 0.09138926 0.03623217
v 0.04751770 0.07752350 0.03691116
v 0.06554434 0.08853661 0.03697506
v 0.06554434 0.08853661 0.03697506
v 0.04751770 0.07752350 0.03691116
v 0.05321373 0.07439127 0.03774081
v 0.04751770 0.07752350 0.03691116
v 0.03540017 0.06353997 0.03705746
v 0.05321373 0.07439127 0.03774081
v 0.05321373 0.07439127 0.03774081
v 0.03540017 0.06353997 0.03705746
v 0.04042378 0.05999418 0.03792386
v 0.03540017 0.06353997 0.03705746
v 0.02323892 0.04995884 0.03707223
v 0.04042378 0.05999418 0.03792386
v 0.04042378 0.05999418 0.03792386
v 0.02323892 0.04995884 0.03707223
v 0.02919773 0.04458449 0.03813526
v 0.03209505 0.08866659 0.01261319
v 0.02997961 0.08642632 0.01277211
v 0.03039169 0.08976100 0.01463888
v 0.02997961 0.08642632 0.01277211
v 0.02506554 0.08124247 0.01261585
v 0.03039169 0.08976100 0.01463888
v 0.03039169 0.08976100 0.01463888
v 0.02506554 0.08124247 0.01261585
v 0.02494486 0.08423579 0.01457962
v 0.02598489 0.08947619 0.01939756
v 0.03244315 0.09581780 0.01899595
v 0.02551061 0.08831432 0.01808421
v 0.03244315 0.09581780 0.01899595
v 0.03173992 0.09442098 0.01783171
v 0.02551061 0.08831432 0.01808421
v 0.02551061 0.08831432 0.01808421
v 0.03173992 0.09442098 0.01783171
v 0.02519637 0.08703582 0.01683778
v 0.03173992 0.09442098 0.01783171
v 0.03117537 0.09293272 0.01671309
v 0.02519637 0.08703582 0.01683778
v 0.03212931 0.09584842 0.02306865
v 0.03102918 0.09496512 0.02183390
v 0.02797817 0.09173332 0.02276104
v 0.03244315 0.09581780 0.01899595
v 0.03009287 0.09394537 0.02056026
v 0.03329993 0.09710380 0.02018544
v 0.03009287 0.09394537 0.02056026
v 0.03102918 0.09496512 0.02183390
v 0.03329993 0.09710380 0.02018544
v 0.03329993 0.09710380 0.02018544
v 0.03102918 0.09496512 0.02183390
v 0.03431514 0.09826846 0.02137070
v 0.03102918 0.09496512 0.02183390
v 0.03212931 0.09584842 0.02306865
v 0.03431514 0.09826846 0.02137070
v 0.03431514 0.09826846 0.02137070
v 0.03212931 0.09584842 0.02306865
v 0.03547983 0.09931266 0.02252192
v 0.03212931 0.09584842 0.02306865
v 0.03336990 0.09660884 0.02424004
v 0.03547983 0.09931266 0.02252192
v 0.03547983 0.09931266 0.02252192
v 0.03336990 0.09660884 0.02424004
v 0.03677451 0.10024608 0.02361855
v 0.03336990 0.09660884 0.02424004
v 0.03472618 0.09726588 0.02533780
v 0.03677451 0.10024608 0.02361855
v 0.03677451 0.10024608 0.02361855
v 0.03472618 0.09726588 0.02533780
v 0.03817900 0.10108408 0.02465197
v 0.03472618 0.09726588 0.02533780
v 0.03617598 0.09783556 0.02636095
v 0.03817900 0.10108408 0.02465197
v 0.03236830 0.09349210 0.02686174
v 0.03383336 0.09379032 0.02784983
v 0.03770145 0.09832799 0.02731296
v 0.03383336 0.09379032 0.02784983
v 0.03928878 0.09875170 0.02819902
v 0.03770145 0.09832799 0.02731296
v 0.03770145 0.09832799 0.02731296
v 0.03928878 0.09875170 0.02819902
v 0.04288395 0.10312412 0.02737697
v 0.03928878 0.09875170 0.02819902
v 0.04261279 0.09941007 0.02979343
v 0.04288395 0.10312412 0.02737697
v 0.04288395 0.10312412 0.02737697
v 0.04261279 0.09941007 0.02979343
v 0.04631975 0.10413730 0.02891594
v 0.04261279 0.09941007 0.02979343
v 0.04992750 0.10488451 0.03026357
v 0.04631975 0.10413730 0.02891594
v 0.02598489 0.08947619 0.01939756
v 0.02628943 0.09000483 0.02007123
v 0.03244315 0.09581780 0.01899595
v 0.02628943 0.09000483 0.02007123
v 0.02664126 0.09049562 0.02074986
v 0.03244315 0.09581780 0.01899595
v 0.03244315 0.09581780 0.01899595
v 0.02664126 0.09049562 0.02074986
v 0.03009287 0.09394537 0.02056026
v 0.02664126 0.09049562 0.02074986
v 0.02704098 0.09094708 0.02142802
v 0.03009287 0.09394537 0.02056026
v 0.03009287 0.09394537 0.02056026
v 0.02704098 0.09094708 0.02142802
v 0.03102918 0.09496512 0.02183390
v 0.02704098 0.09094708 0.02142802
v 0.02748725 0.09135931 0.02210011
v 0.03102918 0.09496512 0.02183390
v 0.03102918 0.09496512 0.02183390
v 0.02748725 0.09135931 0.02210011
v 0.02797817 0.09173332 0.02276104
v 0.02076776 0.08385896 0.02366096
v 0.02176436 0.08406702 0.02498684
v 0.02469871 0.08805139 0.02358751
v 0.02176436 0.08406702 0.02498684
v 0.02579081 0.08844321 0.02487444
v 0.02469871 0.08805139 0.02358751
v 0.02469871 0.08805139 0.02358751
v 0.02579081 0.08844321 0.02487444
v 0.02851042 0.09207138 0.02340693
v 0.02579081 0.08844321 0.02487444
v 0.02968377 0.09264919 0.02464216
v 0.02851042 0.09207138 0.02340693
v 0.05744817 0.11502658 0.02643112
v 0.05620340 0.11333403 0.02739066
v 0.06017350 0.11429841 0.02845673
v 0.05620340 0.11333403 0.02739066
v 0.05874882 0.11231867 0.02934991
v 0.06017350 0.11429841 0.02845673
v 0.06017350 0.11429841 0.02845673
v 0.05874882 0.11231867 0.02934991
v 0.06116961 0.11055686 0.03110724
v 0.05874882 0.11231867 0.02934991
v 0.05718609 0.11015911 0.03014118
v 0.06116961 0.11055686 0.03110724
v 0.06116961 0.11055686 0.03110724
v 0.05718609 0.11015911 0.03014118
v 0.05366724 0.10535295 0.03143427
v 0.05718609 0.11015911 0.03014118
v 0.04992750 0.10488451 0.03026357
v 0.05366724 0.10535295 0.03143427
v 0.05366724 0.10535295 0.03143427
v 0.04992750 0.10488451 0.03026357
v 0.04608731 0.09982792 0.03117910
v 0.04992750 0.10488451 0.03026357
v 0.04261279 0.09941007 0.02979343
v 0.04608731 0.09982792 0.03117910
v 0.04608731 0.09982792 0.03117910
v 0.04261279 0.09941007 0.02979343
v 0.03854379 0.09430854 0.03039927
v 0.04261279 0.09941007 0.02979343
v 0.03928878 0.09875170 0.02819902
v 0.03854379 0.09430854 0.03039927
v 0.03854379 0.09430854 0.03039927
v 0.03928878 0.09875170 0.02819902
v 0.03535771 0.09402190 0.02876464
v 0.03928878 0.09875170 0.02819902
v 0.03383336 0.09379032 0.02784983
v 0.03535771 0.09402190 0.02876464
v 0.02609322 0.07502475 0.00937970
v 0.02163385 0.07002355 0.00901235
v 0.02052755 0.07275318 0.01048819
v 0.03326441 0.06590702 0.00458816
v 0.03416967 0.05728016 0.00327329
v 0.03054454 0.06271243 0.00483062
v 0.03416967 0.05728016 0.00327329
v 0.03389057 0.05699207 0.00331349
v 0.03054454 0.06271243 0.00483062
v 0.03054454 0.06271243 0.00483062
v 0.03389057 0.05699207 0.00331349
v 0.02744600 0.05918718 0.00484441
v 0.03389057 0.05699207 0.00331349
v 0.03109958 0.05408426 0.00356423
v 0.02744600 0.05918718 0.00484441
v 0.02744600 0.05918718 0.00484441
v 0.03109958 0.05408426 0.00356423
v 0.02096993 0.05197265 0.00478829
v 0.03109958 0.05408426 0.00356423
v 0.02824239 0.05102476 0.00364710
v 0.02096993 0.05197265 0.00478829
v 0.02824239 0.05102476 0.00364710
v 0.02775946 0.05049801 0.00365186
v 0.02096993 0.05197265 0.00478829
v 0.02096993 0.05197265 0.00478829
v 0.02775946 0.05049801 0.00365186
v 0.02157141 0.05142987 0.00460756
v 0.02775946 0.05049801 0.00365186
v 0.02543978 0.04793925 0.00365963
v 0.02157141 0.05142987 0.00460756
v 0.01165976 0.07456682 0.01917873
v 0.01888394 0.08224427 0.01932800
v 0.01171131 0.07397457 0.01772041
v 0.01888394 0.08224427 0.01932800
v 0.01866638 0.08135725 0.01791563
v 0.01171131 0.07397457 0.01772041
v 0.01171131 0.07397457 0.01772041
v 0.01866638 0.08135725 0.01791563
v 0.01194235 0.07323044 0.01635300
v 0.01866638 0.08135725 0.01791563
v 0.01862348 0.08033220 0.01658612
v 0.01194235 0.07323044 0.01635300
v 0.01194235 0.07323044 0.01635300
v 0.01862348 0.08033220 0.01658612
v 0.01231590 0.07236961 0.01509017
v 0.01862348 0.08033220 0.01658612
v 0.01872209 0.07920220 0.01535222
v 0.01231590 0.07236961 0.01509017
v 0.01231590 0.07236961 0.01509017
v 0.01872209 0.07920220 0.01535222
v 0.01279955 0.07142205 0.01393350
v 0.01872209 0.07920220 0.01535222
v 0.01893289 0.07799508 0.01421547
v 0.01279955 0.07142205 0.01393350
v 0.01279955 0.07142205 0.01393350
v 0.01893289 0.07799508 0.01421547
v 0.01400342 0.06935388 0.01190576
v 0.01893289 0.07799508 0.01421547
v 0.01960659 0.07543090 0.01220402
v 0.01400342 0.06935388 0.01190576
v 0.01400342 0.06935388 0.01190576
v 0.01960659 0.07543090 0.01220402
v 0.02052755 0.07275318 0.01048819
v 0.01960659 0.07543090 0.01220402
v 0.02546499 0.07815362 0.01089696
v 0.02052755 0.07275318 0.01048819
v 0.02052755 0.07275318 0.01048819
v 0.02546499 0.07815362 0.01089696
v 0.02609322 0.07502475 0.00937970
v 0.02546499 0.07815362 0.01089696
v 0.02987639 0.08300527 0.01108159
v 0.02609322 0.07502475 0.00937970
v 0.02609322 0.07502475 0.00937970
v 0.02987639 0.08300527 0.01108159
v 0.03004751 0.07954513 0.00954025
v 0.01279438 0.07520927 0.02366273
v 0.02032937 0.08369959 0.02296464
v 0.01220255 0.07518652 0.02220421
v 0.02032937 0.08369959 0.02296464
v 0.01993690 0.08349892 0.02225058
v 0.01220255 0.07518652 0.02220421
v 0.01220255 0.07518652 0.02220421
v 0.01993690 0.08349892 0.02225058
v 0.01198344 0.07510573 0.02145140
v 0.01993690 0.08349892 0.02225058
v 0.01959436 0.08325392 0.02152348
v 0.01198344 0.07510573 0.02145140
v 0.01198344 0.07510573 0.02145140
v 0.01959436 0.08325392 0.02152348
v 0.01181938 0.07497568 0.02069136
v 0.00451246 0.06683417 0.01966738
v 0.00446381 0.06687908 0.02066719
v 0.01171186 0.07479554 0.01993142
v 0.00446381 0.06687908 0.02066719
v 0.01181938 0.07497568 0.02069136
v 0.01171186 0.07479554 0.01993142
v 0.01171186 0.07479554 0.01993142
v 0.01181938 0.07497568 0.02069136
v 0.01930406 0.08296312 0.02078955
v 0.01181938 0.07497568 0.02069136
v 0.01959436 0.08325392 0.02152348
v 0.01930406 0.08296312 0.02078955
v 0.00454908 0.06680080 0.01934234
v 0.00451246 0.06683417 0.01966738
v 0.01165976 0.07456682 0.01917873
v 0.00451246 0.06683417 0.01966738
v 0.01171186 0.07479554 0.01993142
v 0.01165976 0.07456682 0.01917873
v 0.01165976 0.07456682 0.01917873
v 0.01171186 0.07479554 0.01993142
v 0.01906755 0.08262604 0.02005553
v 0.01171186 0.07479554 0.01993142
v 0.01930406 0.08296312 0.02078955
v 0.01906755 0.08262604 0.02005553
v 0.01400342 0.06935388 0.01190576
v 0.00815128 0.06354393 0.01218613
v 0.01279955 0.07142205 0.01393350
v 0.00815128 0.06354393 0.01218613
v 0.00677395 0.06478815 0.01387807
v 0.01279955 0.07142205 0.01393350
v 0.01279955 0.07142205 0.01393350
v 0.00677395 0.06478815 0.01387807
v 0.01231590 0.07236961 0.01509017
v 0.00677395 0.06478815 0.01387807
v 0.00633562 0.06518424 0.01453429
v 0.01231590 0.07236961 0.01509017
v 0.01231590 0.07236961 0.01509017
v 0.00633562 0.06518424 0.01453429
v 0.01194235 0.07323044 0.01635300
v 0.00633562 0.06518424 0.01453429
v 0.00529238 0.06612742 0.01655394
v 0.01194235 0.07323044 0.01635300
v 0.01194235 0.07323044 0.01635300
v 0.00529238 0.06612742 0.01655394
v 0.01171131 0.07397457 0.01772041
v 0.00529238 0.06612742 0.01655394
v 0.00478125 0.06659010 0.01811192
v 0.01171131 0.07397457 0.01772041
v 0.01171131 0.07397457 0.01772041
v 0.00478125 0.06659010 0.01811192
v 0.01165976 0.07456682 0.01917873
v 0.00478125 0.06659010 0.01811192
v 0.00457622 0.06677612 0.01914562
v 0.01165976 0.07456682 0.01917873
v 0.01165976 0.07456682 0.01917873
v 0.00457622 0.06677612 0.01914562
v 0.00454908 0.06680080 0.01934234
v 0.00446381 0.06687908 0.02066719
v 0.00446591 0.06687739 0.02087660
v 0.01181938 0.07497568 0.02069136
v 0.00446591 0.06687739 0.02087660
v 0.00448527 0.06686041 0.02133468
v 0.01181938 0.07497568 0.02069136
v 0.01181938 0.07497568 0.02069136
v 0.00448527 0.06686041 0.02133468
v 0.01198344 0.07510573 0.02145140
v 0.00448527 0.06686041 0.02133468
v 0.00457559 0.06677979 0.02218841
v 0.01198344 0.07510573 0.02145140
v 0.01198344 0.07510573 0.02145140
v 0.00457559 0.06677979 0.02218841
v 0.01220255 0.07518652 0.02220421
v 0.00457559 0.06677979 0.02218841
v 0.00472555 0.06664535 0.02299125
v 0.01220255 0.07518652 0.02220421
v 0.01220255 0.07518652 0.02220421
v 0.00472555 0.06664535 0.02299125
v 0.01279438 0.07520927 0.02366273
v 0.00472555 0.06664535 0.02299125
v 0.00489794 0.06649051 0.02365535
v 0.01279438 0.07520927 0.02366273
v 0.01279438 0.07520927 0.02366273
v 0.00489794 0.06649051 0.02365535
v 0.01356062 0.07507189 0.02503017
v 0.00489794 0.06649051 0.02365535
v 0.00523195 0.06619020 0.02462995
v 0.01356062 0.07507189 0.02503017
v 0.01356062 0.07507189 0.02503017
v 0.00523195 0.06619020 0.02462995
v 0.01446265 0.07480790 0.02629118
v 0.00523195 0.06619020 0.02462995
v 0.00611263 0.06539758 0.02642850
v 0.01446265 0.07480790 0.02629118
v 0.01446265 0.07480790 0.02629118
v 0.00611263 0.06539758 0.02642850
v 0.01546670 0.07444658 0.02744549
v 0.00611263 0.06539758 0.02642850
v 0.00750492 0.06414361 0.02839721
v 0.01546670 0.07444658 0.02744549
v 0.01546670 0.07444658 0.02744549
v 0.00750492 0.06414361 0.02839721
v 0.01768330 0.07351510 0.02946441
v 0.02163385 0.07002355 0.00901235
v 0.01236656 0.05973776 0.00869987
v 0.02052755 0.07275318 0.01048819
v 0.01236656 0.05973776 0.00869987
v 0.01149950 0.06052053 0.00928668
v 0.02052755 0.07275318 0.01048819
v 0.02052755 0.07275318 0.01048819
v 0.01149950 0.06052053 0.00928668
v 0.01400342 0.06935388 0.01190576
v 0.01149950 0.06052053 0.00928668
v 0.00847501 0.06325154 0.01184572
v 0.01400342 0.06935388 0.01190576
v 0.01400342 0.06935388 0.01190576
v 0.00847501 0.06325154 0.01184572
v 0.00815128 0.06354393 0.01218613
v 0.02968377 0.09264919 0.02464216
v 0.02579081 0.08844321 0.02487444
v 0.03097832 0.09311617 0.02579402
v 0.02579081 0.08844321 0.02487444
v 0.02289113 0.08415297 0.02621405
v 0.03097832 0.09311617 0.02579402
v 0.03097832 0.09311617 0.02579402
v 0.02289113 0.08415297 0.02621405
v 0.03236830 0.09349210 0.02686174
v 0.02289113 0.08415297 0.02621405
v 0.02411677 0.08414267 0.02734214
v 0.03236830 0.09349210 0.02686174
v 0.03236830 0.09349210 0.02686174
v 0.02411677 0.08414267 0.02734214
v 0.03383336 0.09379032 0.02784983
v 0.02411677 0.08414267 0.02734214
v 0.02541715 0.08405484 0.02837731
v 0.03383336 0.09379032 0.02784983
v 0.03383336 0.09379032 0.02784983
v 0.02541715 0.08405484 0.02837731
v 0.03535771 0.09402190 0.02876464
v 0.02541715 0.08405484 0.02837731
v 0.02677342 0.08390467 0.02932782
v 0.03535771 0.09402190 0.02876464
v 0.03535771 0.09402190 0.02876464
v 0.02677342 0.08390467 0.02932782
v 0.03854379 0.09430854 0.03039927
v 0.03843950 0.06793374 -0.00101378
v 0.03838111 0.06814969 -0.00203319
v 0.03855088 0.06768247 -0.00213728
v 0.04003172 0.06412532 -0.00170594
v 0.04001481 0.06392845 -0.00100121
v 0.03841976 0.06764753 -0.00004033
v 0.03641308 0.07614198 -0.00025263
v 0.03663016 0.07478160 -0.00055570
v 0.03638345 0.07544222 0.00205826
v 0.03720947 0.07149823 0.00098346
v 0.03720247 0.07207333 -0.00115907
v 0.03843950 0.06793374 -0.00101378
v 0.03720247 0.07207333 -0.00115907
v 0.03806946 0.06905837 -0.00183075
v 0.03843950 0.06793374 -0.00101378
v 0.03843950 0.06793374 -0.00101378
v 0.03806946 0.06905837 -0.00183075
v 0.03838111 0.06814969 -0.00203319
v 0.03999966 0.06387316 -0.00083926
v 0.03996149 0.06376760 -0.00056234
v 0.03826375 0.06723894 0.00085282
v 0.03492949 0.07760378 0.00552213
v 0.03523980 0.07808356 0.00514757
v 0.03578116 0.07420745 0.00390890
v 0.03523980 0.07808356 0.00514757
v 0.03600420 0.07459047 0.00350548
v 0.03578116 0.07420745 0.00390890
v 0.03578116 0.07420745 0.00390890
v 0.03600420 0.07459047 0.00350548
v 0.03688018 0.07073673 0.00234795
v 0.03600420 0.07459047 0.00350548
v 0.03703351 0.07103330 0.00192442
v 0.03688018 0.07073673 0.00234795
v 0.03688018 0.07073673 0.00234795
v 0.03703351 0.07103330 0.00192442
v 0.03826375 0.06723894 0.00085282
v 0.03703351 0.07103330 0.00192442
v 0.03836159 0.06746105 0.00041797
v 0.03826375 0.06723894 0.00085282
v 0.03826375 0.06723894 0.00085282
v 0.03836159 0.06746105 0.00041797
v 0.03999966 0.06387316 -0.00083926
v 0.03569174 0.07886893 0.00425105
v 0.03594119 0.07944315 0.00317321
v 0.03638345 0.07544222 0.00205826
v 0.03663016 0.07478160 -0.00055570
v 0.03720947 0.07149823 0.00098346
v 0.03638345 0.07544222 0.00205826
v 0.03720947 0.07149823 0.00098346
v 0.03630138 0.07520404 0.00257732
v 0.03638345 0.07544222 0.00205826
v 0.03638345 0.07544222 0.00205826
v 0.03630138 0.07520404 0.00257732
v 0.03569174 0.07886893 0.00425105
v 0.03594119 0.07944315 0.00317321
v 0.03603527 0.08016285 0.00064315
v 0.03638345 0.07544222 0.00205826
v 0.03603527 0.08016285 0.00064315
v 0.03636230 0.07650952 -0.00017075
v 0.03638345 0.07544222 0.00205826
v 0.03638345 0.07544222 0.00205826
v 0.03636230 0.07650952 -0.00017075
v 0.03641308 0.07614198 -0.00025263
v 0.03681947 0.09052553 0.00295180
v 0.03603145 0.08398826 0.00149540
v 0.03587937 0.08346620 0.00431814
v 0.03681947 0.09052553 0.00295180
v 0.03587937 0.08346620 0.00431814
v 0.03619366 0.08747865 0.00548413
v 0.03587937 0.08346620 0.00431814
v 0.03557593 0.08284196 0.00548486
v 0.03619366 0.08747865 0.00548413
v 0.03619366 0.08747865 0.00548413
v 0.03557593 0.08284196 0.00548486
v 0.03582537 0.08680933 0.00675395
v 0.03557593 0.08284196 0.00548486
v 0.03555206 0.08638532 0.00730333
v 0.03582537 0.08680933 0.00675395
v 0.03582537 0.08680933 0.00675395
v 0.03555206 0.08638532 0.00730333
v 0.03572256 0.08977302 0.00918357
v 0.03962764 0.06319542 0.00048931
v 0.03931757 0.06278324 0.00099333
v 0.03769701 0.06632663 0.00199454
v 0.03744050 0.06067463 0.00240004
v 0.03668928 0.06501575 0.00286958
v 0.03859820 0.06193382 0.00171959
v 0.03668928 0.06501575 0.00286958
v 0.03741054 0.06593448 0.00231641
v 0.03859820 0.06193382 0.00171959
v 0.03859820 0.06193382 0.00171959
v 0.03741054 0.06593448 0.00231641
v 0.03903738 0.06244105 0.00132458
v 0.03741054 0.06593448 0.00231641
v 0.03926589 0.06271855 0.00106100
v 0.03903738 0.06244105 0.00132458
v 0.03986517 0.06356957 -0.00012965
v 0.03973187 0.06334911 0.00025915
v 0.03812217 0.06697749 0.00126170
v 0.03973187 0.06334911 0.00025915
v 0.03793389 0.06667398 0.00164271
v 0.03812217 0.06697749 0.00126170
v 0.03812217 0.06697749 0.00126170
v 0.03793389 0.06667398 0.00164271
v 0.03667872 0.07039314 0.00273712
v 0.03793389 0.06667398 0.00164271
v 0.03642702 0.07000066 0.00309060
v 0.03667872 0.07039314 0.00273712
v 0.03667872 0.07039314 0.00273712
v 0.03642702 0.07000066 0.00309060
v 0.03550507 0.07377055 0.00426975
v 0.03642702 0.07000066 0.00309060
v 0.03517465 0.07327881 0.00458758
v 0.03550507 0.07377055 0.00426975
v 0.03550507 0.07377055 0.00426975
v 0.03517465 0.07327881 0.00458758
v 0.03456074 0.07706419 0.00584676
v 0.03931757 0.06278324 0.00099333
v 0.03926589 0.06271855 0.00106100
v 0.03769701 0.06632663 0.00199454
v 0.03926589 0.06271855 0.00106100
v 0.03741054 0.06593448 0.00231641
v 0.03769701 0.06632663 0.00199454
v 0.03769701 0.06632663 0.00199454
v 0.03741054 0.06593448 0.00231641
v 0.03612396 0.06955835 0.00340779
v 0.03741054 0.06593448 0.00231641
v 0.03668928 0.06501575 0.00286958
v 0.03612396 0.06955835 0.00340779
v 0.03612396 0.06955835 0.00340779
v 0.03668928 0.06501575 0.00286958
v 0.03536356 0.06852494 0.00393401
v 0.03250643 0.07432231 0.00667120
v 0.03364724 0.07580670 0.00634968
v 0.03435029 0.07213187 0.00509633
v 0.03536356 0.06852494 0.00393401
v 0.03577831 0.06392431 0.00330506
v 0.03440461 0.06730161 0.00432272
v 0.03577831 0.06392431 0.00330506
v 0.03326441 0.06590702 0.00458816
v 0.03440461 0.06730161 0.00432272
v 0.03440461 0.06730161 0.00432272
v 0.03326441 0.06590702 0.00458816
v 0.03115693 0.07263428 0.00683667
v 0.03326441 0.06590702 0.00458816
v 0.03054454 0.06271243 0.00483062
v 0.03115693 0.07263428 0.00683667
v 0.03115693 0.07263428 0.00683667
v 0.03054454 0.06271243 0.00483062
v 0.02794666 0.06878059 0.00683349
v 0.03054454 0.06271243 0.00483062
v 0.02744600 0.05918718 0.00484441
v 0.02794666 0.06878059 0.00683349
v 0.02794666 0.06878059 0.00683349
v 0.02744600 0.05918718 0.00484441
v 0.02428567 0.06454599 0.00662701
v 0.02744600 0.05918718 0.00484441
v 0.02096993 0.05197265 0.00478829
v 0.02428567 0.06454599 0.00662701
v 0.02428567 0.06454599 0.00662701
v 0.02096993 0.05197265 0.00478829
v 0.01535450 0.05704060 0.00700564
v 0.03536356 0.06852494 0.00393401
v 0.03668928 0.06501575 0.00286958
v 0.03577831 0.06392431 0.00330506
v 0.03668928 0.06501575 0.00286958
v 0.03744050 0.06067463 0.00240004
v 0.03577831 0.06392431 0.00330506
v 0.03577831 0.06392431 0.00330506
v 0.03744050 0.06067463 0.00240004
v 0.03326441 0.06590702 0.00458816
v 0.03744050 0.06067463 0.00240004
v 0.03730816 0.06053451 0.00245788
v 0.03326441 0.06590702 0.00458816
v 0.03326441 0.06590702 0.00458816
v 0.03730816 0.06053451 0.00245788
v 0.03638476 0.05956789 0.00279103
v 0.03172820 0.08151681 0.00942266
v 0.03316311 0.08324693 0.00911294
v 0.03325165 0.07952090 0.00768892
v 0.03316311 0.08324693 0.00911294
v 0.03379712 0.08023447 0.00746035
v 0.03325165 0.07952090 0.00768892
v 0.03325165 0.07952090 0.00768892
v 0.03379712 0.08023447 0.00746035
v 0.03456074 0.07706419 0.00584676
v 0.03996149 0.06376760 -0.00056234
v 0.03986517 0.06356957 -0.00012965
v 0.03826375 0.06723894 0.00085282
v 0.03986517 0.06356957 -0.00012965
v 0.03812217 0.06697749 0.00126170
v 0.03826375 0.06723894 0.00085282
v 0.03826375 0.06723894 0.00085282
v 0.03812217 0.06697749 0.00126170
v 0.03688018 0.07073673 0.00234795
v 0.03812217 0.06697749 0.00126170
v 0.03667872 0.07039314 0.00273712
v 0.03688018 0.07073673 0.00234795
v 0.03688018 0.07073673 0.00234795
v 0.03667872 0.07039314 0.00273712
v 0.03578116 0.07420745 0.00390890
v 0.03667872 0.07039314 0.00273712
v 0.03550507 0.07377055 0.00426975
v 0.03578116 0.07420745 0.00390890
v 0.03578116 0.07420745 0.00390890
v 0.03550507 0.07377055 0.00426975
v 0.03492949 0.07760378 0.00552213
v 0.03550507 0.07377055 0.00426975
v 0.03456074 0.07706419 0.00584676
v 0.03492949 0.07760378 0.00552213
v 0.03492949 0.07760378 0.00552213
v 0.03456074 0.07706419 0.00584676
v 0.03427914 0.08088428 0.00717775
v 0.03456074 0.07706419 0.00584676
v 0.03379712 0.08023447 0.00746035
v 0.03427914 0.08088428 0.00717775
v 0.03427914 0.08088428 0.00717775
v 0.03379712 0.08023447 0.00746035
v 0.03378037 0.08401305 0.00887464
v 0.03379712 0.08023447 0.00746035
v 0.03316311 0.08324693 0.00911294
v 0.03378037 0.08401305 0.00887464
v 0.03378037 0.08401305 0.00887464
v 0.03316311 0.08324693 0.00911294
v 0.03338337 0.08695749 0.01062306
v 0.03316311 0.08324693 0.00911294
v 0.03172820 0.08151681 0.00942266
v 0.03338337 0.08695749 0.01062306
v 0.03338337 0.08695749 0.01062306
v 0.03172820 0.08151681 0.00942266
v 0.03176365 0.08511272 0.01095757
v 0.03517465 0.07327881 0.00458758
v 0.03435029 0.07213187 0.00509633
v 0.03456074 0.07706419 0.00584676
v 0.03435029 0.07213187 0.00509633
v 0.03364724 0.07580670 0.00634968
v 0.03456074 0.07706419 0.00584676
v 0.03456074 0.07706419 0.00584676
v 0.03364724 0.07580670 0.00634968
v 0.03325165 0.07952090 0.00768892
v 0.03364724 0.07580670 0.00634968
v 0.03250643 0.07432231 0.00667120
v 0.03325165 0.07952090 0.00768892
v 0.03325165 0.07952090 0.00768892
v 0.03250643 0.07432231 0.00667120
v 0.03172820 0.08151681 0.00942266
v 0.03250643 0.07432231 0.00667120
v 0.03004751 0.07954513 0.00954025
v 0.03172820 0.08151681 0.00942266
v 0.03172820 0.08151681 0.00942266
v 0.03004751 0.07954513 0.00954025
v 0.03176365 0.08511272 0.01095757
v 0.03004751 0.07954513 0.00954025
v 0.02987639 0.08300527 0.01108159
v 0.03176365 0.08511272 0.01095757
v 0.03480561 0.08533785 0.00821531
v 0.03432813 0.08471034 0.00857617
v 0.03470726 0.08851442 0.01003959
v 0.03432813 0.08471034 0.00857617
v 0.03408350 0.08777297 0.01036432
v 0.03470726 0.08851442 0.01003959
v 0.03470726 0.08851442 0.01003959
v 0.03408350 0.08777297 0.01036432
v 0.03471131 0.09148341 0.01193310
v 0.03408350 0.08777297 0.01036432
v 0.03391933 0.09062136 0.01222578
v 0.03471131 0.09148341 0.01193310
v 0.03471131 0.09148341 0.01193310
v 0.03391933 0.09062136 0.01222578
v 0.03478973 0.09419934 0.01393215
v 0.03391933 0.09062136 0.01222578
v 0.03274886 0.09213535 0.01440831
v 0.03478973 0.09419934 0.01393215
v 0.03973187 0.06334911 0.00025915
v 0.03962764 0.06319542 0.00048931
v 0.03793389 0.06667398 0.00164271
v 0.03962764 0.06319542 0.00048931
v 0.03769701 0.06632663 0.00199454
v 0.03793389 0.06667398 0.00164271
v 0.03793389 0.06667398 0.00164271
v 0.03769701 0.06632663 0.00199454
v 0.03642702 0.07000066 0.00309060
v 0.03769701 0.06632663 0.00199454
v 0.03612396 0.06955835 0.00340779
v 0.03642702 0.07000066 0.00309060
v 0.03642702 0.07000066 0.00309060
v 0.03612396 0.06955835 0.00340779
v 0.03517465 0.07327881 0.00458758
v 0.03612396 0.06955835 0.00340779
v 0.03536356 0.06852494 0.00393401
v 0.03517465 0.07327881 0.00458758
v 0.03517465 0.07327881 0.00458758
v 0.03536356 0.06852494 0.00393401
v 0.03435029 0.07213187 0.00509633
v 0.03536356 0.06852494 0.00393401
v 0.03440461 0.06730161 0.00432272
v 0.03435029 0.07213187 0.00509633
v 0.03435029 0.07213187 0.00509633
v 0.03440461 0.06730161 0.00432272
v 0.03250643 0.07432231 0.00667120
v 0.03440461 0.06730161 0.00432272
v 0.03115693 0.07263428 0.00683667
v 0.03250643 0.07432231 0.00667120
v 0.03250643 0.07432231 0.00667120
v 0.03115693 0.07263428 0.00683667
v 0.03004751 0.07954513 0.00954025
v 0.03115693 0.07263428 0.00683667
v 0.02794666 0.06878059 0.00683349
v 0.03004751 0.07954513 0.00954025
v 0.03004751 0.07954513 0.00954025
v 0.02794666 0.06878059 0.00683349
v 0.02609322 0.07502475 0.00937970
v 0.02794666 0.06878059 0.00683349
v 0.02428567 0.06454599 0.00662701
v 0.02609322 0.07502475 0.00937970
v 0.02609322 0.07502475 0.00937970
v 0.02428567 0.06454599 0.00662701
v 0.02163385 0.07002355 0.00901235
v 0.02428567 0.06454599 0.00662701
v 0.01535450 0.05704060 0.00700564
v 0.02163385 0.07002355 0.00901235
v 0.02163385 0.07002355 0.00901235
v 0.01535450 0.05704060 0.00700564
v 0.01236656 0.05973776 0.00869987
v 0.04323595 0.10627567 0.01136319
v 0.04417938 0.10747777 0.00672851
v 0.04310516 0.10591391 0.00638010
v 0.04323595 0.10627567 0.01136319
v 0.04310516 0.10591391 0.00638010
v 0.04111491 0.10279332 0.01020562
v 0.04310516 0.10591391 0.00638010
v 0.04177040 0.10373909 0.00589558
v 0.04111491 0.10279332 0.01020562
v 0.04111491 0.10279332 0.01020562
v 0.04177040 0.10373909 0.00589558
v 0.03934505 0.09913941 0.00903086
v 0.04177040 0.10373909 0.00589558
v 0.04047781 0.10131259 0.00535500
v 0.03934505 0.09913941 0.00903086
v 0.04047781 0.10131259 0.00535500
v 0.03958378 0.09938177 0.00492484
v 0.03934505 0.09913941 0.00903086
v 0.03934505 0.09913941 0.00903086
v 0.03958378 0.09938177 0.00492484
v 0.03793041 0.09534714 0.00784769
v 0.03958378 0.09938177 0.00492484
v 0.03920620 0.09848414 0.00472486
v 0.03793041 0.09534714 0.00784769
v 0.03793041 0.09534714 0.00784769
v 0.03920620 0.09848414 0.00472486
v 0.03687906 0.09144952 0.00666315
v 0.03920620 0.09848414 0.00472486
v 0.03720426 0.09227656 0.00334190
v 0.03687906 0.09144952 0.00666315
v 0.03687906 0.09144952 0.00666315
v 0.03720426 0.09227656 0.00334190
v 0.03698317 0.09131274 0.00312718
v 0.04620794 0.11008982 0.01000497
v 0.04653094 0.11045850 0.00739257
v 0.04426481 0.10759606 0.00675486
v 0.04903416 0.11311621 0.01087053
v 0.04910940 0.11319154 0.00800145
v 0.04620794 0.11008982 0.01000497
v 0.04910940 0.11319154 0.00800145
v 0.04772856 0.11178791 0.00768873
v 0.04620794 0.11008982 0.01000497
v 0.04620794 0.11008982 0.01000497
v 0.04772856 0.11178791 0.00768873
v 0.04653094 0.11045850 0.00739257
v 0.05555047 0.11831193 0.01239477
v 0.05449533 0.11762714 0.00898963
v 0.05215698 0.11586826 0.01167012
v 0.05449533 0.11762714 0.00898963
v 0.05251747 0.11616767 0.00866448
v 0.05215698 0.11586826 0.01167012
v 0.05215698 0.11586826 0.01167012
v 0.05251747 0.11616767 0.00866448
v 0.04903416 0.11311621 0.01087053
v 0.05251747 0.11616767 0.00866448
v 0.05024790 0.11425766 0.00823897
v 0.04903416 0.11311621 0.01087053
v 0.04903416 0.11311621 0.01087053
v 0.05024790 0.11425766 0.00823897
v 0.04910940 0.11319154 0.00800145
v 0.06705187 0.12352251 0.01405058
v 0.06789991 0.12380312 0.01036554
v 0.06303070 0.12216866 0.01359261
v 0.06789991 0.12380312 0.01036554
v 0.06214823 0.12184978 0.00993037
v 0.06303070 0.12216866 0.01359261
v 0.06303070 0.12216866 0.01359261
v 0.06214823 0.12184978 0.00993037
v 0.05918604 0.12042176 0.01303812
v 0.06214823 0.12184978 0.00993037
v 0.06094129 0.12131572 0.00981139
v 0.05918604 0.12042176 0.01303812
v 0.05918604 0.12042176 0.01303812
v 0.06094129 0.12131572 0.00981139
v 0.05555047 0.11831193 0.01239477
v 0.06094129 0.12131572 0.00981139
v 0.05580433 0.11850050 0.00918421
v 0.05555047 0.11831193 0.01239477
v 0.05555047 0.11831193 0.01239477
v 0.05580433 0.11850050 0.00918421
v 0.05449533 0.11762714 0.00898963
v 0.03687906 0.09144952 0.00666315
v 0.03643623 0.09074130 0.00805115
v 0.03793041 0.09534714 0.00784769
v 0.03643623 0.09074130 0.00805115
v 0.03740519 0.09460708 0.00937052
v 0.03793041 0.09534714 0.00784769
v 0.03793041 0.09534714 0.00784769
v 0.03740519 0.09460708 0.00937052
v 0.03934505 0.09913941 0.00903086
v 0.03740519 0.09460708 0.00937052
v 0.03873321 0.09837426 0.01070729
v 0.03934505 0.09913941 0.00903086
v 0.03934505 0.09913941 0.00903086
v 0.03873321 0.09837426 0.01070729
v 0.04111491 0.10279332 0.01020562
v 0.03873321 0.09837426 0.01070729
v 0.04041819 0.10200755 0.01205673
v 0.04111491 0.10279332 0.01020562
v 0.04111491 0.10279332 0.01020562
v 0.04041819 0.10200755 0.01205673
v 0.04323595 0.10627567 0.01136319
v 0.04041819 0.10200755 0.01205673
v 0.04246526 0.10546829 0.01341004
v 0.04323595 0.10627567 0.01136319
v 0.04323595 0.10627567 0.01136319
v 0.04246526 0.10546829 0.01341004
v 0.04570253 0.10954989 0.01248665
v 0.04246526 0.10546829 0.01341004
v 0.04487910 0.10871262 0.01474150
v 0.04570253 0.10954989 0.01248665
v 0.04570253 0.10954989 0.01248665
v 0.04487910 0.10871262 0.01474150
v 0.04850222 0.11258112 0.01355296
v 0.04487910 0.10871262 0.01474150
v 0.04764892 0.11170489 0.01601167
v 0.04850222 0.11258112 0.01355296
v 0.04850222 0.11258112 0.01355296
v 0.04764892 0.11170489 0.01601167
v 0.05161265 0.11534198 0.01454636
v 0.04764892 0.11170489 0.01601167
v 0.05074590 0.11442434 0.01719579
v 0.05161265 0.11534198 0.01454636
v 0.05161265 0.11534198 0.01454636
v 0.05074590 0.11442434 0.01719579
v 0.05500681 0.11779923 0.01545648
v 0.05074590 0.11442434 0.01719579
v 0.05413727 0.11684350 0.01828286
v 0.05500681 0.11779923 0.01545648
v 0.05500681 0.11779923 0.01545648
v 0.05413727 0.11684350 0.01828286
v 0.05865604 0.11992601 0.01627660
v 0.05413727 0.11684350 0.01828286
v 0.05779190 0.11893719 0.01926759
v 0.05865604 0.11992601 0.01627660
v 0.05865604 0.11992601 0.01627660
v 0.05779190 0.11893719 0.01926759
v 0.06252798 0.12169176 0.01699859
v 0.06252798 0.12169176 0.01699859
v 0.06303070 0.12216866 0.01359261
v 0.05865604 0.11992601 0.01627660
v 0.06303070 0.12216866 0.01359261
v 0.05918604 0.12042176 0.01303812
v 0.05865604 0.11992601 0.01627660
v 0.05865604 0.11992601 0.01627660
v 0.05918604 0.12042176 0.01303812
v 0.05500681 0.11779923 0.01545648
v 0.05918604 0.12042176 0.01303812
v 0.05555047 0.11831193 0.01239477
v 0.05500681 0.11779923 0.01545648
v 0.05500681 0.11779923 0.01545648
v 0.05555047 0.11831193 0.01239477
v 0.05161265 0.11534198 0.01454636
v 0.05555047 0.11831193 0.01239477
v 0.05215698 0.11586826 0.01167012
v 0.05161265 0.11534198 0.01454636
v 0.05161265 0.11534198 0.01454636
v 0.05215698 0.11586826 0.01167012
v 0.04850222 0.11258112 0.01355296
v 0.05215698 0.11586826 0.01167012
v 0.04903416 0.11311621 0.01087053
v 0.04850222 0.11258112 0.01355296
v 0.04850222 0.11258112 0.01355296
v 0.04903416 0.11311621 0.01087053
v 0.04570253 0.10954989 0.01248665
v 0.04903416 0.11311621 0.01087053
v 0.04620794 0.11008982 0.01000497
v 0.04570253 0.10954989 0.01248665
v 0.04570253 0.10954989 0.01248665
v 0.04620794 0.11008982 0.01000497
v 0.04323595 0.10627567 0.01136319
v 0.04620794 0.11008982 0.01000497
v 0.04426481 0.10759606 0.00675486
v 0.04323595 0.10627567 0.01136319
v 0.04323595 0.10627567 0.01136319
v 0.04426481 0.10759606 0.00675486
v 0.04417938 0.10747777 0.00672851
v 0.03572256 0.08977302 0.00918357
v 0.03604195 0.09296833 0.01113141
v 0.03657919 0.09359114 0.01061860
v 0.03604195 0.09296833 0.01113141
v 0.03647604 0.09592890 0.01316923
v 0.03657919 0.09359114 0.01061860
v 0.03657919 0.09359114 0.01061860
v 0.03647604 0.09592890 0.01316923
v 0.03778870 0.09731635 0.01209508
v 0.03647604 0.09592890 0.01316923
v 0.03935771 0.10090877 0.01361239
v 0.03778870 0.09731635 0.01209508
v 0.03701081 0.09859236 0.01533960
v 0.03602613 0.09763594 0.01575518
v 0.03679931 0.09927729 0.01671103
v 0.03935771 0.10090877 0.01361239
v 0.03647604 0.09592890 0.01316923
v 0.03789539 0.09945656 0.01484519
v 0.03647604 0.09592890 0.01316923
v 0.03701081 0.09859236 0.01533960
v 0.03789539 0.09945656 0.01484519
v 0.03789539 0.09945656 0.01484519
v 0.03701081 0.09859236 0.01533960
v 0.03875538 0.10186863 0.01718078
v 0.03701081 0.09859236 0.01533960
v 0.03679931 0.09927729 0.01671103
v 0.03875538 0.10186863 0.01718078
v 0.03875538 0.10186863 0.01718078
v 0.03679931 0.09927729 0.01671103
v 0.03768858 0.10085039 0.01769044
v 0.04365106 0.10749330 0.01670717
v 0.04130520 0.10431991 0.01516250
v 0.03971487 0.10278618 0.01659048
v 0.03391933 0.09062136 0.01222578
v 0.03209505 0.08866659 0.01261319
v 0.03274886 0.09213535 0.01440831
v 0.03209505 0.08866659 0.01261319
v 0.03039169 0.08976100 0.01463888
v 0.03274886 0.09213535 0.01440831
v 0.03274886 0.09213535 0.01440831
v 0.03039169 0.08976100 0.01463888
v 0.03073142 0.09137379 0.01564833
v 0.03039169 0.08976100 0.01463888
v 0.02494486 0.08423579 0.01457962
v 0.03073142 0.09137379 0.01564833
v 0.03073142 0.09137379 0.01564833
v 0.02494486 0.08423579 0.01457962
v 0.02501567 0.08566861 0.01566907
v 0.03855088 0.06768247 -0.00213728
v 0.04003172 0.06412532 -0.00170594
v 0.03843950 0.06793374 -0.00101378
v 0.04003172 0.06412532 -0.00170594
v 0.03841976 0.06764753 -0.00004033
v 0.03843950 0.06793374 -0.00101378
v 0.03843950 0.06793374 -0.00101378
v 0.03841976 0.06764753 -0.00004033
v 0.03720947 0.07149823 0.00098346
v 0.03841976 0.06764753 -0.00004033
v 0.03714184 0.07128578 0.00146861
v 0.03720947 0.07149823 0.00098346
v 0.03720947 0.07149823 0.00098346
v 0.03714184 0.07128578 0.00146861
v 0.03630138 0.07520404 0.00257732
v 0.03714184 0.07128578 0.00146861
v 0.03617648 0.07492160 0.00306085
v 0.03630138 0.07520404 0.00257732
v 0.03630138 0.07520404 0.00257732
v 0.03617648 0.07492160 0.00306085
v 0.03569174 0.07886893 0.00425105
v 0.03617648 0.07492160 0.00306085
v 0.03549306 0.07850455 0.00472342
v 0.03569174 0.07886893 0.00425105
v 0.03569174 0.07886893 0.00425105
v 0.03549306 0.07850455 0.00472342
v 0.03534345 0.08244638 0.00599193
v 0.03549306 0.07850455 0.00472342
v 0.03505139 0.08198965 0.00644388
v 0.03534345 0.08244638 0.00599193
v 0.03534345 0.08244638 0.00599193
v 0.03505139 0.08198965 0.00644388
v 0.03521308 0.08589572 0.00779098
v 0.03505139 0.08198965 0.00644388
v 0.03480561 0.08533785 0.00821531
v 0.03521308 0.08589572 0.00779098
v 0.03521308 0.08589572 0.00779098
v 0.03480561 0.08533785 0.00821531
v 0.03525356 0.08918098 0.00964641
v 0.03480561 0.08533785 0.00821531
v 0.03470726 0.08851442 0.01003959
v 0.03525356 0.08918098 0.00964641
v 0.03525356 0.08918098 0.00964641
v 0.03470726 0.08851442 0.01003959
v 0.03541932 0.09226595 0.01156916
v 0.03470726 0.08851442 0.01003959
v 0.03471131 0.09148341 0.01193310
v 0.03541932 0.09226595 0.01156916
v 0.03541932 0.09226595 0.01156916
v 0.03471131 0.09148341 0.01193310
v 0.03567891 0.09510683 0.01358852
v 0.03471131 0.09148341 0.01193310
v 0.03478973 0.09419934 0.01393215
v 0.03567891 0.09510683 0.01358852
v 0.03567891 0.09510683 0.01358852
v 0.03478973 0.09419934 0.01393215
v 0.03535929 0.09593980 0.01482844
v 0.03478973 0.09419934 0.01393215
v 0.03274886 0.09213535 0.01440831
v 0.03535929 0.09593980 0.01482844
v 0.03535929 0.09593980 0.01482844
v 0.03274886 0.09213535 0.01440831
v 0.03320996 0.09381869 0.01536517
v 0.03274886 0.09213535 0.01440831
v 0.03073142 0.09137379 0.01564833
v 0.03320996 0.09381869 0.01536517
v 0.03320996 0.09381869 0.01536517
v 0.03073142 0.09137379 0.01564833
v 0.03117537 0.09293272 0.01671309
v 0.03073142 0.09137379 0.01564833
v 0.02501567 0.08566861 0.01566907
v 0.03117537 0.09293272 0.01671309
v 0.03117537 0.09293272 0.01671309
v 0.02501567 0.08566861 0.01566907
v 0.02519637 0.08703582 0.01683778
v 0.03768858 0.10085039 0.01769044
v 0.03870171 0.10234258 0.01868085
v 0.03875538 0.10186863 0.01718078
v 0.03870171 0.10234258 0.01868085
v 0.03971487 0.10278618 0.01659048
v 0.03875538 0.10186863 0.01718078
v 0.03875538 0.10186863 0.01718078
v 0.03971487 0.10278618 0.01659048
v 0.03789539 0.09945656 0.01484519
v 0.03971487 0.10278618 0.01659048
v 0.04130520 0.10431991 0.01516250
v 0.03789539 0.09945656 0.01484519
v 0.03789539 0.09945656 0.01484519
v 0.04130520 0.10431991 0.01516250
v 0.03935771 0.10090877 0.01361239
v 0.04247110 0.10628581 0.02154497
v 0.04393834 0.10743126 0.02242362
v 0.04510260 0.10870785 0.02166544
v 0.03984110 0.10374642 0.01966453
v 0.04110154 0.10506001 0.02062348
v 0.04326872 0.10725665 0.01920611
v 0.04110154 0.10506001 0.02062348
v 0.04247110 0.10628581 0.02154497
v 0.04326872 0.10725665 0.01920611
v 0.04326872 0.10725665 0.01920611
v 0.04247110 0.10628581 0.02154497
v 0.04362515 0.10750128 0.02082986
v 0.04247110 0.10628581 0.02154497
v 0.04510260 0.10870785 0.02166544
v 0.04362515 0.10750128 0.02082986
v 0.04362515 0.10750128 0.02082986
v 0.04510260 0.10870785 0.02166544
v 0.04466281 0.10859124 0.02003131
v 0.04865183 0.11209470 0.02060798
v 0.04638490 0.11039238 0.01818301
v 0.04771899 0.11103863 0.02157794
v 0.03870171 0.10234258 0.01868085
v 0.03984110 0.10374642 0.01966453
v 0.03971487 0.10278618 0.01659048
v 0.03984110 0.10374642 0.01966453
v 0.04197437 0.10584357 0.01835077
v 0.03971487 0.10278618 0.01659048
v 0.03971487 0.10278618 0.01659048
v 0.04197437 0.10584357 0.01835077
v 0.04365106 0.10749330 0.01670717
v 0.04197437 0.10584357 0.01835077
v 0.04326872 0.10725665 0.01920611
v 0.04365106 0.10749330 0.01670717
v 0.04365106 0.10749330 0.01670717
v 0.04326872 0.10725665 0.01920611
v 0.04638490 0.11039238 0.01818301
v 0.04326872 0.10725665 0.01920611
v 0.04466281 0.10859124 0.02003131
v 0.04638490 0.11039238 0.01818301
v 0.04638490 0.11039238 0.01818301
v 0.04466281 0.10859124 0.02003131
v 0.04771899 0.11103863 0.02157794
v 0.04466281 0.10859124 0.02003131
v 0.04510260 0.10870785 0.02166544
v 0.04771899 0.11103863 0.02157794
v 0.04771899 0.11103863 0.02157794
v 0.04510260 0.10870785 0.02166544
v 0.04666551 0.10984007 0.02246121
v 0.04510260 0.10870785 0.02166544
v 0.04393834 0.10743126 0.02242362
v 0.04666551 0.10984007 0.02246121
v 0.04666551 0.10984007 0.02246121
v 0.04393834 0.10743126 0.02242362
v 0.04549234 0.10850085 0.02325797
v 0.04126863 0.10449392 0.02369242
v 0.04393834 0.10743126 0.02242362
v 0.03982783 0.10349097 0.02273249
v 0.04393834 0.10743126 0.02242362
v 0.04247110 0.10628581 0.02154497
v 0.03982783 0.10349097 0.02273249
v 0.03982783 0.10349097 0.02273249
v 0.04247110 0.10628581 0.02154497
v 0.03849075 0.10240048 0.02171983
v 0.04247110 0.10628581 0.02154497
v 0.04110154 0.10506001 0.02062348
v 0.03849075 0.10240048 0.02171983
v 0.03849075 0.10240048 0.02171983
v 0.04110154 0.10506001 0.02062348
v 0.03727303 0.10121118 0.02066138
v 0.04110154 0.10506001 0.02062348
v 0.03984110 0.10374642 0.01966453
v 0.03727303 0.10121118 0.02066138
v 0.03727303 0.10121118 0.02066138
v 0.03984110 0.10374642 0.01966453
v 0.03619027 0.09991718 0.01957372
v 0.03984110 0.10374642 0.01966453
v 0.03870171 0.10234258 0.01868085
v 0.03619027 0.09991718 0.01957372
v 0.03619027 0.09991718 0.01957372
v 0.03870171 0.10234258 0.01868085
v 0.03524948 0.09851909 0.01848059
v 0.03870171 0.10234258 0.01868085
v 0.03768858 0.10085039 0.01769044
v 0.03524948 0.09851909 0.01848059
v 0.03524948 0.09851909 0.01848059
v 0.03768858 0.10085039 0.01769044
v 0.03444707 0.09702583 0.01740546
v 0.03768858 0.10085039 0.01769044
v 0.03679931 0.09927729 0.01671103
v 0.03444707 0.09702583 0.01740546
v 0.03444707 0.09702583 0.01740546
v 0.03679931 0.09927729 0.01671103
v 0.03377183 0.09545336 0.01636469
v 0.03679931 0.09927729 0.01671103
v 0.03602613 0.09763594 0.01575518
v 0.03377183 0.09545336 0.01636469
v 0.04712314 0.10949504 0.02404831
v 0.04420203 0.10702479 0.02396954
v 0.04582197 0.10794896 0.02479231
v 0.04420203 0.10702479 0.02396954
v 0.04279862 0.10541747 0.02459828
v 0.04582197 0.10794896 0.02479231
v 0.04582197 0.10794896 0.02479231
v 0.04279862 0.10541747 0.02459828
v 0.04440535 0.10626508 0.02545133
v 0.04279862 0.10541747 0.02459828
v 0.04128741 0.10368595 0.02514739
v 0.04440535 0.10626508 0.02545133
v 0.04440535 0.10626508 0.02545133
v 0.04128741 0.10368595 0.02514739
v 0.04287831 0.10445122 0.02602853
v 0.05001457 0.11187903 0.02393412
v 0.04712314 0.10949504 0.02404831
v 0.04882314 0.11041497 0.02479628
v 0.04712314 0.10949504 0.02404831
v 0.04582197 0.10794896 0.02479231
v 0.04882314 0.11041497 0.02479628
v 0.04882314 0.11041497 0.02479628
v 0.04582197 0.10794896 0.02479231
v 0.04751017 0.10879970 0.02556893
v 0.04582197 0.10794896 0.02479231
v 0.04440535 0.10626508 0.02545133
v 0.04751017 0.10879970 0.02556893
v 0.04751017 0.10879970 0.02556893
v 0.04440535 0.10626508 0.02545133
v 0.04607922 0.10704014 0.02625432
v 0.04440535 0.10626508 0.02545133
v 0.04287831 0.10445122 0.02602853
v 0.04607922 0.10704014 0.02625432
v 0.04607922 0.10704014 0.02625432
v 0.04287831 0.10445122 0.02602853
v 0.04453511 0.10514487 0.02685563
v 0.05284723 0.11532617 0.02080472
v 0.04946495 0.11300866 0.01955242
v 0.05202613 0.11433602 0.02193770
v 0.04946495 0.11300866 0.01955242
v 0.04865183 0.11209470 0.02060798
v 0.05202613 0.11433602 0.02193770
v 0.05202613 0.11433602 0.02193770
v 0.04865183 0.11209470 0.02060798
v 0.05108237 0.11318693 0.02298127
v 0.04865183 0.11209470 0.02060798
v 0.04771899 0.11103863 0.02157794
v 0.05108237 0.11318693 0.02298127
v 0.05108237 0.11318693 0.02298127
v 0.04771899 0.11103863 0.02157794
v 0.05001457 0.11187903 0.02393412
v 0.04771899 0.11103863 0.02157794
v 0.04666551 0.10984007 0.02246121
v 0.05001457 0.11187903 0.02393412
v 0.05001457 0.11187903 0.02393412
v 0.04666551 0.10984007 0.02246121
v 0.04712314 0.10949504 0.02404831
v 0.04666551 0.10984007 0.02246121
v 0.04549234 0.10850085 0.02325797
v 0.04712314 0.10949504 0.02404831
v 0.04712314 0.10949504 0.02404831
v 0.04549234 0.10850085 0.02325797
v 0.04420203 0.10702479 0.02396954
v 0.04549234 0.10850085 0.02325797
v 0.04393834 0.10743126 0.02242362
v 0.04420203 0.10702479 0.02396954
v 0.04420203 0.10702479 0.02396954
v 0.04393834 0.10743126 0.02242362
v 0.04279862 0.10541747 0.02459828
v 0.04393834 0.10743126 0.02242362
v 0.04126863 0.10449392 0.02369242
v 0.04279862 0.10541747 0.02459828
v 0.04279862 0.10541747 0.02459828
v 0.04126863 0.10449392 0.02369242
v 0.04128741 0.10368595 0.02514739
v 0.04126863 0.10449392 0.02369242
v 0.03967493 0.10183873 0.02562101
v 0.04128741 0.10368595 0.02514739
v 0.04128741 0.10368595 0.02514739
v 0.03967493 0.10183873 0.02562101
v 0.04287831 0.10445122 0.02602853
v 0.03967493 0.10183873 0.02562101
v 0.04124715 0.10251677 0.02652802
v 0.04287831 0.10445122 0.02602853
v 0.04287831 0.10445122 0.02602853
v 0.04124715 0.10251677 0.02652802
v 0.04453511 0.10514487 0.02685563
v 0.04453511 0.10514487 0.02685563
v 0.04801720 0.10632460 0.02836052
v 0.04607922 0.10704014 0.02625432
v 0.04801720 0.10632460 0.02836052
v 0.04960142 0.10837686 0.02772059
v 0.04607922 0.10704014 0.02625432
v 0.04607922 0.10704014 0.02625432
v 0.04960142 0.10837686 0.02772059
v 0.04751017 0.10879970 0.02556893
v 0.04960142 0.10837686 0.02772059
v 0.05106652 0.11028222 0.02699188
v 0.04751017 0.10879970 0.02556893
v 0.04751017 0.10879970 0.02556893
v 0.05106652 0.11028222 0.02699188
v 0.04882314 0.11041497 0.02479628
v 0.05106652 0.11028222 0.02699188
v 0.05240793 0.11203061 0.02617109
v 0.04882314 0.11041497 0.02479628
v 0.04882314 0.11041497 0.02479628
v 0.05240793 0.11203061 0.02617109
v 0.05001457 0.11187903 0.02393412
v 0.05240793 0.11203061 0.02617109
v 0.05362239 0.11361380 0.02525590
v 0.05001457 0.11187903 0.02393412
v 0.05001457 0.11187903 0.02393412
v 0.05362239 0.11361380 0.02525590
v 0.05108237 0.11318693 0.02298127
v 0.05362239 0.11361380 0.02525590
v 0.05470816 0.11502580 0.02424510
v 0.05108237 0.11318693 0.02298127
v 0.05108237 0.11318693 0.02298127
v 0.05470816 0.11502580 0.02424510
v 0.05202613 0.11433602 0.02193770
v 0.05470816 0.11502580 0.02424510
v 0.05566518 0.11626313 0.02313871
v 0.05202613 0.11433602 0.02193770
v 0.05202613 0.11433602 0.02193770
v 0.05566518 0.11626313 0.02313871
v 0.05284723 0.11532617 0.02080472
v 0.05566518 0.11626313 0.02313871
v 0.05649523 0.11732519 0.02193814
v 0.05284723 0.11532617 0.02080472
v 0.03617598 0.09783556 0.02636095
v 0.03967493 0.10183873 0.02562101
v 0.03817900 0.10108408 0.02465197
v 0.03967493 0.10183873 0.02562101
v 0.04126863 0.10449392 0.02369242
v 0.03817900 0.10108408 0.02465197
v 0.03817900 0.10108408 0.02465197
v 0.04126863 0.10449392 0.02369242
v 0.03677451 0.10024608 0.02361855
v 0.04126863 0.10449392 0.02369242
v 0.03982783 0.10349097 0.02273249
v 0.03677451 0.10024608 0.02361855
v 0.03677451 0.10024608 0.02361855
v 0.03982783 0.10349097 0.02273249
v 0.03547983 0.09931266 0.02252192
v 0.03982783 0.10349097 0.02273249
v 0.03849075 0.10240048 0.02171983
v 0.03547983 0.09931266 0.02252192
v 0.03547983 0.09931266 0.02252192
v 0.03849075 0.10240048 0.02171983
v 0.03431514 0.09826846 0.02137070
v 0.03849075 0.10240048 0.02171983
v 0.03727303 0.10121118 0.02066138
v 0.03431514 0.09826846 0.02137070
v 0.03431514 0.09826846 0.02137070
v 0.03727303 0.10121118 0.02066138
v 0.03329993 0.09710380 0.02018544
v 0.03727303 0.10121118 0.02066138
v 0.03619027 0.09991718 0.01957372
v 0.03329993 0.09710380 0.02018544
v 0.03329993 0.09710380 0.02018544
v 0.03619027 0.09991718 0.01957372
v 0.03244315 0.09581780 0.01899595
v 0.03619027 0.09991718 0.01957372
v 0.03524948 0.09851909 0.01848059
v 0.03244315 0.09581780 0.01899595
v 0.03244315 0.09581780 0.01899595
v 0.03524948 0.09851909 0.01848059
v 0.03173992 0.09442098 0.01783171
v 0.03524948 0.09851909 0.01848059
v 0.03444707 0.09702583 0.01740546
v 0.03173992 0.09442098 0.01783171
v 0.03173992 0.09442098 0.01783171
v 0.03444707 0.09702583 0.01740546
v 0.03117537 0.09293272 0.01671309
v 0.03444707 0.09702583 0.01740546
v 0.03377183 0.09545336 0.01636469
v 0.03117537 0.09293272 0.01671309
v 0.03117537 0.09293272 0.01671309
v 0.03377183 0.09545336 0.01636469
v 0.03320996 0.09381869 0.01536517
v 0.03377183 0.09545336 0.01636469
v 0.03602613 0.09763594 0.01575518
v 0.03320996 0.09381869 0.01536517
v 0.03320996 0.09381869 0.01536517
v 0.03602613 0.09763594 0.01575518
v 0.03535929 0.09593980 0.01482844
v 0.03602613 0.09763594 0.01575518
v 0.03701081 0.09859236 0.01533960
v 0.03535929 0.09593980 0.01482844
v 0.03535929 0.09593980 0.01482844
v 0.03701081 0.09859236 0.01533960
v 0.03567891 0.09510683 0.01358852
v 0.03701081 0.09859236 0.01533960
v 0.03647604 0.09592890 0.01316923
v 0.03567891 0.09510683 0.01358852
v 0.03567891 0.09510683 0.01358852
v 0.03647604 0.09592890 0.01316923
v 0.03541932 0.09226595 0.01156916
v 0.03647604 0.09592890 0.01316923
v 0.03604195 0.09296833 0.01113141
v 0.03541932 0.09226595 0.01156916
v 0.03541932 0.09226595 0.01156916
v 0.03604195 0.09296833 0.01113141
v 0.03525356 0.08918098 0.00964641
v 0.03604195 0.09296833 0.01113141
v 0.03572256 0.08977302 0.00918357
v 0.03525356 0.08918098 0.00964641
v 0.03525356 0.08918098 0.00964641
v 0.03572256 0.08977302 0.00918357
v 0.03521308 0.08589572 0.00779098
v 0.03572256 0.08977302 0.00918357
v 0.03555206 0.08638532 0.00730333
v 0.03521308 0.08589572 0.00779098
v 0.03521308 0.08589572 0.00779098
v 0.03555206 0.08638532 0.00730333
v 0.03534345 0.08244638 0.00599193
v 0.03555206 0.08638532 0.00730333
v 0.03557593 0.08284196 0.00548486
v 0.03534345 0.08244638 0.00599193
v 0.03534345 0.08244638 0.00599193
v 0.03557593 0.08284196 0.00548486
v 0.03569174 0.07886893 0.00425105
v 0.03557593 0.08284196 0.00548486
v 0.03587937 0.08346620 0.00431814
v 0.03569174 0.07886893 0.00425105
v 0.03569174 0.07886893 0.00425105
v 0.03587937 0.08346620 0.00431814
v 0.03594119 0.07944315 0.00317321
v 0.03587937 0.08346620 0.00431814
v 0.03603145 0.08398826 0.00149540
v 0.03594119 0.07944315 0.00317321
v 0.03594119 0.07944315 0.00317321
v 0.03603145 0.08398826 0.00149540
v 0.03603527 0.08016285 0.00064315
v 0.05649523 0.11732519 0.02193814
v 0.05720213 0.11821453 0.02064627
v 0.05284723 0.11532617 0.02080472
v 0.05720213 0.11821453 0.02064627
v 0.05413727 0.11684350 0.01828286
v 0.05284723 0.11532617 0.02080472
v 0.05284723 0.11532617 0.02080472
v 0.05413727 0.11684350 0.01828286
v 0.04946495 0.11300866 0.01955242
v 0.05413727 0.11684350 0.01828286
v 0.05074590 0.11442434 0.01719579
v 0.04946495 0.11300866 0.01955242
v 0.04946495 0.11300866 0.01955242
v 0.05074590 0.11442434 0.01719579
v 0.04638490 0.11039238 0.01818301
v 0.05074590 0.11442434 0.01719579
v 0.04764892 0.11170489 0.01601167
v 0.04638490 0.11039238 0.01818301
v 0.04638490 0.11039238 0.01818301
v 0.04764892 0.11170489 0.01601167
v 0.04365106 0.10749330 0.01670717
v 0.04764892 0.11170489 0.01601167
v 0.04487910 0.10871262 0.01474150
v 0.04365106 0.10749330 0.01670717
v 0.04365106 0.10749330 0.01670717
v 0.04487910 0.10871262 0.01474150
v 0.04130520 0.10431991 0.01516250
v 0.04487910 0.10871262 0.01474150
v 0.04246526 0.10546829 0.01341004
v 0.04130520 0.10431991 0.01516250
v 0.04130520 0.10431991 0.01516250
v 0.04246526 0.10546829 0.01341004
v 0.03935771 0.10090877 0.01361239
v 0.04246526 0.10546829 0.01341004
v 0.04041819 0.10200755 0.01205673
v 0.03935771 0.10090877 0.01361239
v 0.03935771 0.10090877 0.01361239
v 0.04041819 0.10200755 0.01205673
v 0.03778870 0.09731635 0.01209508
v 0.04041819 0.10200755 0.01205673
v 0.03873321 0.09837426 0.01070729
v 0.03778870 0.09731635 0.01209508
v 0.03778870 0.09731635 0.01209508
v 0.03873321 0.09837426 0.01070729
v 0.03657919 0.09359114 0.01061860
v 0.03873321 0.09837426 0.01070729
v 0.03740519 0.09460708 0.00937052
v 0.03657919 0.09359114 0.01061860
v 0.03657919 0.09359114 0.01061860
v 0.03740519 0.09460708 0.00937052
v 0.03572256 0.08977302 0.00918357
v 0.03740519 0.09460708 0.00937052
v 0.03643623 0.09074130 0.00805115
v 0.03572256 0.08977302 0.00918357
v 0.03572256 0.08977302 0.00918357
v 0.03643623 0.09074130 0.00805115
v 0.03582537 0.08680933 0.00675395
v 0.03643623 0.09074130 0.00805115
v 0.03687906 0.09144952 0.00666315
v 0.03582537 0.08680933 0.00675395
v 0.03582537 0.08680933 0.00675395
v 0.03687906 0.09144952 0.00666315
v 0.03619366 0.08747865 0.00548413
v 0.03687906 0.09144952 0.00666315
v 0.03698317 0.09131274 0.00312718
v 0.03619366 0.08747865 0.00548413
v 0.03619366 0.08747865 0.00548413
v 0.03698317 0.09131274 0.00312718
v 0.03681947 0.09052553 0.00295180
v 0.04001481 0.06392845 -0.00100121
v 0.03999966 0.06387316 -0.00083926
v 0.03841976 0.06764753 -0.00004033
v 0.03999966 0.06387316 -0.00083926
v 0.03836159 0.06746105 0.00041797
v 0.03841976 0.06764753 -0.00004033
v 0.03841976 0.06764753 -0.00004033
v 0.03836159 0.06746105 0.00041797
v 0.03714184 0.07128578 0.00146861
v 0.03836159 0.06746105 0.00041797
v 0.03703351 0.07103330 0.00192442
v 0.03714184 0.07128578 0.00146861
v 0.03714184 0.07128578 0.00146861
v 0.03703351 0.07103330 0.00192442
v 0.03617648 0.07492160 0.00306085
v 0.03703351 0.07103330 0.00192442
v 0.03600420 0.07459047 0.00350548
v 0.03617648 0.07492160 0.00306085
v 0.03617648 0.07492160 0.00306085
v 0.03600420 0.07459047 0.00350548
v 0.03549306 0.07850455 0.00472342
v 0.03600420 0.07459047 0.00350548
v 0.03523980 0.07808356 0.00514757
v 0.03549306 0.07850455 0.00472342
v 0.03549306 0.07850455 0.00472342
v 0.03523980 0.07808356 0.00514757
v 0.03505139 0.08198965 0.00644388
v 0.03523980 0.07808356 0.00514757
v 0.03492949 0.07760378 0.00552213
v 0.03505139 0.08198965 0.00644388
v 0.03505139 0.08198965 0.00644388
v 0.03492949 0.07760378 0.00552213
v 0.03480561 0.08533785 0.00821531
v 0.03492949 0.07760378 0.00552213
v 0.03427914 0.08088428 0.00717775
v 0.03480561 0.08533785 0.00821531
v 0.03480561 0.08533785 0.00821531
v 0.03427914 0.08088428 0.00717775
v 0.03432813 0.08471034 0.00857617
v 0.03427914 0.08088428 0.00717775
v 0.03378037 0.08401305 0.00887464
v 0.03432813 0.08471034 0.00857617
v 0.03432813 0.08471034 0.00857617
v 0.03378037 0.08401305 0.00887464
v 0.03408350 0.08777297 0.01036432
v 0.03378037 0.08401305 0.00887464
v 0.03338337 0.08695749 0.01062306
v 0.03408350 0.08777297 0.01036432
v 0.03408350 0.08777297 0.01036432
v 0.03338337 0.08695749 0.01062306
v 0.03391933 0.09062136 0.01222578
v 0.03338337 0.08695749 0.01062306
v 0.03176365 0.08511272 0.01095757
v 0.03391933 0.09062136 0.01222578
v 0.03391933 0.09062136 0.01222578
v 0.03176365 0.08511272 0.01095757
v 0.03209505 0.08866659 0.01261319
v 0.03176365 0.08511272 0.01095757
v 0.02987639 0.08300527 0.01108159
v 0.03209505 0.08866659 0.01261319
v 0.03209505 0.08866659 0.01261319
v 0.02987639 0.08300527 0.01108159
v 0.02997961 0.08642632 0.01277211
v 0.02987639 0.08300527 0.01108159
v 0.02546499 0.07815362 0.01089696
v 0.02997961 0.08642632 0.01277211
v 0.02997961 0.08642632 0.01277211
v 0.02546499 0.07815362 0.01089696
v 0.02506554 0.08124247 0.01261585
v 0.02546499 0.07815362 0.01089696
v 0.01960659 0.07543090 0.01220402
v 0.02506554 0.08124247 0.01261585
v 0.02506554 0.08124247 0.01261585
v 0.01960659 0.07543090 0.01220402
v 0.02494486 0.08423579 0.01457962
v 0.01960659 0.07543090 0.01220402
v 0.01893289 0.07799508 0.01421547
v 0.02494486 0.08423579 0.01457962
v 0.02494486 0.08423579 0.01457962
v 0.01893289 0.07799508 0.01421547
v 0.02501567 0.08566861 0.01566907
v 0.01893289 0.07799508 0.01421547
v 0.01872209 0.07920220 0.01535222
v 0.02501567 0.08566861 0.01566907
v 0.02501567 0.08566861 0.01566907
v 0.01872209 0.07920220 0.01535222
v 0.02519637 0.08703582 0.01683778
v 0.01872209 0.07920220 0.01535222
v 0.01862348 0.08033220 0.01658612
v 0.02519637 0.08703582 0.01683778
v 0.02519637 0.08703582 0.01683778
v 0.01862348 0.08033220 0.01658612
v 0.02551061 0.08831432 0.01808421
v 0.01862348 0.08033220 0.01658612
v 0.01866638 0.08135725 0.01791563
v 0.02551061 0.08831432 0.01808421
v 0.02551061 0.08831432 0.01808421
v 0.01866638 0.08135725 0.01791563
v 0.02598489 0.08947619 0.01939756
v 0.01866638 0.08135725 0.01791563
v 0.01888394 0.08224427 0.01932800
v 0.02598489 0.08947619 0.01939756
v 0.02598489 0.08947619 0.01939756
v 0.01888394 0.08224427 0.01932800
v 0.02628943 0.09000483 0.02007123
v 0.01888394 0.08224427 0.01932800
v 0.01906755 0.08262604 0.02005553
v 0.02628943 0.09000483 0.02007123
v 0.02628943 0.09000483 0.02007123
v 0.01906755 0.08262604 0.02005553
v 0.02664126 0.09049562 0.02074986
v 0.01906755 0.08262604 0.02005553
v 0.01930406 0.08296312 0.02078955
v 0.02664126 0.09049562 0.02074986
v 0.02664126 0.09049562 0.02074986
v 0.01930406 0.08296312 0.02078955
v 0.02704098 0.09094708 0.02142802
v 0.01930406 0.08296312 0.02078955
v 0.01959436 0.08325392 0.02152348
v 0.02704098 0.09094708 0.02142802
v 0.02704098 0.09094708 0.02142802
v 0.01959436 0.08325392 0.02152348
v 0.02748725 0.09135931 0.02210011
v 0.01959436 0.08325392 0.02152348
v 0.01993690 0.08349892 0.02225058
v 0.02748725 0.09135931 0.02210011
v 0.02748725 0.09135931 0.02210011
v 0.01993690 0.08349892 0.02225058
v 0.02797817 0.09173332 0.02276104
v 0.01993690 0.08349892 0.02225058
v 0.02032937 0.08369959 0.02296464
v 0.02797817 0.09173332 0.02276104
v 0.00750492 0.06414361 0.02839721
v 0.00848509 0.06326050 0.02948041
v 0.01768330 0.07351510 0.02946441
v 0.00848509 0.06326050 0.02948041
v 0.02007456 0.07239262 0.03115762
v 0.01768330 0.07351510 0.02946441
v 0.01768330 0.07351510 0.02946441
v 0.02007456 0.07239262 0.03115762
v 0.02960668 0.08345146 0.03100698
v 0.02007456 0.07239262 0.03115762
v 0.03254306 0.08282970 0.03243739
v 0.02960668 0.08345146 0.03100698
v 0.02960668 0.08345146 0.03100698
v 0.03254306 0.08282970 0.03243739
v 0.04186047 0.09438009 0.03180933
v 0.03254306 0.08282970 0.03243739
v 0.04526439 0.09424046 0.03302275
v 0.04186047 0.09438009 0.03180933
v 0.04186047 0.09438009 0.03180933
v 0.04526439 0.09424046 0.03302275
v 0.04967050 0.10000075 0.03237735
v 0.04526439 0.09424046 0.03302275
v 0.05332367 0.09991421 0.03340377
v 0.04967050 0.10000075 0.03237735
v 0.04967050 0.10000075 0.03237735
v 0.05332367 0.09991421 0.03340377
v 0.05749901 0.10552139 0.03243774
v 0.05332367 0.09991421 0.03340377
v 0.06138134 0.10536598 0.03327749
v 0.05749901 0.10552139 0.03243774
v 0.05749901 0.10552139 0.03243774
v 0.06138134 0.10536598 0.03327749
v 0.06522238 0.11058784 0.03191127
v 0.06138134 0.10536598 0.03327749
v 0.06929012 0.11023065 0.03255352
v 0.06522238 0.11058784 0.03191127
v 0.06522238 0.11058784 0.03191127
v 0.06929012 0.11023065 0.03255352
v 0.07268178 0.11484271 0.03071269
v 0.06929012 0.11023065 0.03255352
v 0.07685922 0.11417140 0.03114281
v 0.07268178 0.11484271 0.03071269
v 0.07268178 0.11484271 0.03071269
v 0.07685922 0.11417140 0.03114281
v 0.07412339 0.11683302 0.02961785
v 0.07685922 0.11417140 0.03114281
v 0.07836276 0.11619648 0.03001785
v 0.07412339 0.11683302 0.02961785
v 0.07412339 0.11683302 0.02961785
v 0.07836276 0.11619648 0.03001785
v 0.07539041 0.11859992 0.02840380
v 0.07836276 0.11619648 0.03001785
v 0.07968016 0.11799484 0.02877080
v 0.07539041 0.11859992 0.02840380
v 0.07539041 0.11859992 0.02840380
v 0.07968016 0.11799484 0.02877080
v 0.08080985 0.11956105 0.02740140
v 0.07968016 0.11799484 0.02877080
v 0.08504554 0.11852591 0.02757806
v 0.08080985 0.11956105 0.02740140
v 0.08080985 0.11956105 0.02740140
v 0.08504554 0.11852591 0.02757806
v 0.08601652 0.11987641 0.02605218
v 0.08504554 0.11852591 0.02757806
v 0.09013478 0.11841986 0.02604641
v 0.08601652 0.11987641 0.02605218
v 0.08601652 0.11987641 0.02605218
v 0.09013478 0.11841986 0.02604641
v 0.09092865 0.11955334 0.02436801
v 0.09013478 0.11841986 0.02604641
v 0.09487384 0.11769672 0.02419163
v 0.09092865 0.11955334 0.02436801
v 0.09092865 0.11955334 0.02436801
v 0.09487384 0.11769672 0.02419163
v 0.09547815 0.11862484 0.02237014
v 0.09487384 0.11769672 0.02419163
v 0.09920357 0.11639927 0.02203834
v 0.09547815 0.11862484 0.02237014
v 0.09547815 0.11862484 0.02237014
v 0.09920357 0.11639927 0.02203834
v 0.09961447 0.11714499 0.02008865
v 0.09920357 0.11639927 0.02203834
v 0.10308059 0.11458646 0.01961956
v 0.09961447 0.11714499 0.02008865
v 0.09961447 0.11714499 0.02008865
v 0.10308059 0.11458646 0.01961956
v 0.10330509 0.11518173 0.01756161
v 0.10308059 0.11458646 0.01961956
v 0.10648104 0.11232970 0.01697578
v 0.10330509 0.11518173 0.01756161
v 0.10330509 0.11518173 0.01756161
v 0.10648104 0.11232970 0.01697578
v 0.10645439 0.11318237 0.01263157
v 0.10648104 0.11232970 0.01697578
v 0.10932738 0.11012030 0.01195669
v 0.10645439 0.11318237 0.01263157
v 0.10645439 0.11318237 0.01263157
v 0.10932738 0.11012030 0.01195669
v 0.10892135 0.11072858 0.00745273
v 0.10932738 0.11012030 0.01195669
v 0.10951786 0.11003520 0.00729826
v 0.10892135 0.11072858 0.00745273
v 0.07514109 0.12497987 0.01062771
v 0.06885087 0.12403687 0.01041763
v 0.07120824 0.12445294 0.01440425
v 0.06885087 0.12403687 0.01041763
v 0.06705187 0.12352251 0.01405058
v 0.07120824 0.12445294 0.01440425
v 0.07120824 0.12445294 0.01440425
v 0.06705187 0.12352251 0.01405058
v 0.06659031 0.12306318 0.01761367
v 0.06705187 0.12352251 0.01405058
v 0.06252798 0.12169176 0.01699859
v 0.06659031 0.12306318 0.01761367
v 0.06659031 0.12306318 0.01761367
v 0.06252798 0.12169176 0.01699859
v 0.06167676 0.12067549 0.02014296
v 0.06252798 0.12169176 0.01699859
v 0.05779190 0.11893719 0.01926759
v 0.06167676 0.12067549 0.02014296
v 0.06167676 0.12067549 0.02014296
v 0.05779190 0.11893719 0.01926759
v 0.06108652 0.11991805 0.02159172
v 0.05779190 0.11893719 0.01926759
v 0.05720213 0.11821453 0.02064627
v 0.06108652 0.11991805 0.02159172
v 0.06108652 0.11991805 0.02159172
v 0.05720213 0.11821453 0.02064627
v 0.06037383 0.11897886 0.02294880
v 0.05720213 0.11821453 0.02064627
v 0.05649523 0.11732519 0.02193814
v 0.06037383 0.11897886 0.02294880
v 0.06037383 0.11897886 0.02294880
v 0.05649523 0.11732519 0.02193814
v 0.05953229 0.11785161 0.02420947
v 0.05649523 0.11732519 0.02193814
v 0.05566518 0.11626313 0.02313871
v 0.05953229 0.11785161 0.02420947
v 0.05953229 0.11785161 0.02420947
v 0.05566518 0.11626313 0.02313871
v 0.05855776 0.11653383 0.02537073
v 0.05566518 0.11626313 0.02313871
v 0.05470816 0.11502580 0.02424510
v 0.05855776 0.11653383 0.02537073
v 0.05855776 0.11653383 0.02537073
v 0.05470816 0.11502580 0.02424510
v 0.05744817 0.11502658 0.02643112
v 0.05470816 0.11502580 0.02424510
v 0.05362239 0.11361380 0.02525590
v 0.05744817 0.11502658 0.02643112
v 0.05744817 0.11502658 0.02643112
v 0.05362239 0.11361380 0.02525590
v 0.05620340 0.11333403 0.02739066
v 0.05362239 0.11361380 0.02525590
v 0.05240793 0.11203061 0.02617109
v 0.05620340 0.11333403 0.02739066
v 0.05620340 0.11333403 0.02739066
v 0.05240793 0.11203061 0.02617109
v 0.05482506 0.11146314 0.02825066
v 0.05240793 0.11203061 0.02617109
v 0.05106652 0.11028222 0.02699188
v 0.05482506 0.11146314 0.02825066
v 0.05482506 0.11146314 0.02825066
v 0.05106652 0.11028222 0.02699188
v 0.05331637 0.10942332 0.02901363
v 0.05106652 0.11028222 0.02699188
v 0.04960142 0.10837686 0.02772059
v 0.05331637 0.10942332 0.02901363
v 0.05331637 0.10942332 0.02901363
v 0.04960142 0.10837686 0.02772059
v 0.04992750 0.10488451 0.03026357
v 0.04960142 0.10837686 0.02772059
v 0.04801720 0.10632460 0.02836052
v 0.04992750 0.10488451 0.03026357
v 0.04992750 0.10488451 0.03026357
v 0.04801720 0.10632460 0.02836052
v 0.04631975 0.10413730 0.02891594
v 0.04801720 0.10632460 0.02836052
v 0.04453511 0.10514487 0.02685563
v 0.04631975 0.10413730 0.02891594
v 0.04631975 0.10413730 0.02891594
v 0.04453511 0.10514487 0.02685563
v 0.04288395 0.10312412 0.02737697
v 0.04453511 0.10514487 0.02685563
v 0.04124715 0.10251677 0.02652802
v 0.04288395 0.10312412 0.02737697
v 0.04288395 0.10312412 0.02737697
v 0.04124715 0.10251677 0.02652802
v 0.03770145 0.09832799 0.02731296
v 0.04124715 0.10251677 0.02652802
v 0.03617598 0.09783556 0.02636095
v 0.03770145 0.09832799 0.02731296
v 0.03770145 0.09832799 0.02731296
v 0.03617598 0.09783556 0.02636095
v 0.03236830 0.09349210 0.02686174
v 0.03617598 0.09783556 0.02636095
v 0.03472618 0.09726588 0.02533780
v 0.03236830 0.09349210 0.02686174
v 0.03236830 0.09349210 0.02686174
v 0.03472618 0.09726588 0.02533780
v 0.03097832 0.09311617 0.02579402
v 0.03472618 0.09726588 0.02533780
v 0.03336990 0.09660884 0.02424004
v 0.03097832 0.09311617 0.02579402
v 0.03097832 0.09311617 0.02579402
v 0.03336990 0.09660884 0.02424004
v 0.02968377 0.09264919 0.02464216
v 0.03336990 0.09660884 0.02424004
v 0.03212931 0.09584842 0.02306865
v 0.02968377 0.09264919 0.02464216
v 0.02968377 0.09264919 0.02464216
v 0.03212931 0.09584842 0.02306865
v 0.02851042 0.09207138 0.02340693
v 0.03212931 0.09584842 0.02306865
v 0.02797817 0.09173332 0.02276104
v 0.02851042 0.09207138 0.02340693
v 0.02851042 0.09207138 0.02340693
v 0.02797817 0.09173332 0.02276104
v 0.02469871 0.08805139 0.02358751
v 0.02797817 0.09173332 0.02276104
v 0.02032937 0.08369959 0.02296464
v 0.02469871 0.08805139 0.02358751
v 0.02469871 0.08805139 0.02358751
v 0.02032937 0.08369959 0.02296464
v 0.02076776 0.08385896 0.02366096
v 0.02032937 0.08369959 0.02296464
v 0.01279438 0.07520927 0.02366273
v 0.02076776 0.08385896 0.02366096
v 0.02076776 0.08385896 0.02366096
v 0.01279438 0.07520927 0.02366273
v 0.02176436 0.08406702 0.02498684
v 0.01279438 0.07520927 0.02366273
v 0.01356062 0.07507189 0.02503017
v 0.02176436 0.08406702 0.02498684
v 0.02176436 0.08406702 0.02498684
v 0.01356062 0.07507189 0.02503017
v 0.02289113 0.08415297 0.02621405
v 0.01356062 0.07507189 0.02503017
v 0.01446265 0.07480790 0.02629118
v 0.02289113 0.08415297 0.02621405
v 0.02289113 0.08415297 0.02621405
v 0.01446265 0.07480790 0.02629118
v 0.02411677 0.08414267 0.02734214
v 0.01446265 0.07480790 0.02629118
v 0.01546670 0.07444658 0.02744549
v 0.02411677 0.08414267 0.02734214
v 0.02411677 0.08414267 0.02734214
v 0.01546670 0.07444658 0.02744549
v 0.02541715 0.08405484 0.02837731
v 0.01546670 0.07444658 0.02744549
v 0.01768330 0.07351510 0.02946441
v 0.02541715 0.08405484 0.02837731
v 0.02541715 0.08405484 0.02837731
v 0.01768330 0.07351510 0.02946441
v 0.02677342 0.08390467 0.02932782
v 0.01768330 0.07351510 0.02946441
v 0.02960668 0.08345146 0.03100698
v 0.02677342 0.08390467 0.02932782
v 0.02677342 0.08390467 0.02932782
v 0.02960668 0.08345146 0.03100698
v 0.03854379 0.09430854 0.03039927
v 0.02960668 0.08345146 0.03100698
v 0.04186047 0.09438009 0.03180933
v 0.03854379 0.09430854 0.03039927
v 0.03854379 0.09430854 0.03039927
v 0.04186047 0.09438009 0.03180933
v 0.04608731 0.09982792 0.03117910
v 0.04186047 0.09438009 0.03180933
v 0.04967050 0.10000075 0.03237735
v 0.04608731 0.09982792 0.03117910
v 0.04608731 0.09982792 0.03117910
v 0.04967050 0.10000075 0.03237735
v 0.05366724 0.10535295 0.03143427
v 0.04967050 0.10000075 0.03237735
v 0.05749901 0.10552139 0.03243774
v 0.05366724 0.10535295 0.03143427
v 0.05366724 0.10535295 0.03143427
v 0.05749901 0.10552139 0.03243774
v 0.06116961 0.11055686 0.03110724
v 0.05749901 0.10552139 0.03243774
v 0.06522238 0.11058784 0.03191127
v 0.06116961 0.11055686 0.03110724
v 0.06116961 0.11055686 0.03110724
v 0.06522238 0.11058784 0.03191127
v 0.06846558 0.11508071 0.03012104
v 0.06522238 0.11058784 0.03191127
v 0.07268178 0.11484271 0.03071269
v 0.06846558 0.11508071 0.03012104
v 0.06846558 0.11508071 0.03012104
v 0.07268178 0.11484271 0.03071269
v 0.06984851 0.11702009 0.02905689
v 0.07268178 0.11484271 0.03071269
v 0.07412339 0.11683302 0.02961785
v 0.06984851 0.11702009 0.02905689
v 0.06984851 0.11702009 0.02905689
v 0.07412339 0.11683302 0.02961785
v 0.07106821 0.11874206 0.02787726
v 0.07412339 0.11683302 0.02961785
v 0.07539041 0.11859992 0.02840380
v 0.07106821 0.11874206 0.02787726
v 0.07106821 0.11874206 0.02787726
v 0.07539041 0.11859992 0.02840380
v 0.07648186 0.12013789 0.02707028
v 0.07539041 0.11859992 0.02840380
v 0.08080985 0.11956105 0.02740140
v 0.07648186 0.12013789 0.02707028
v 0.07648186 0.12013789 0.02707028
v 0.08080985 0.11956105 0.02740140
v 0.08175309 0.12089360 0.02591119
v 0.08080985 0.11956105 0.02740140
v 0.08601652 0.11987641 0.02605218
v 0.08175309 0.12089360 0.02591119
v 0.08175309 0.12089360 0.02591119
v 0.08601652 0.11987641 0.02605218
v 0.08679300 0.12099613 0.02440723
v 0.08601652 0.11987641 0.02605218
v 0.09092865 0.11955334 0.02436801
v 0.08679300 0.12099613 0.02440723
v 0.08679300 0.12099613 0.02440723
v 0.09092865 0.11955334 0.02436801
v 0.09152434 0.12046667 0.02257567
v 0.09092865 0.11955334 0.02436801
v 0.09547815 0.11862484 0.02237014
v 0.09152434 0.12046667 0.02257567
v 0.09152434 0.12046667 0.02257567
v 0.09547815 0.11862484 0.02237014
v 0.09588648 0.11935096 0.02044333
v 0.09547815 0.11862484 0.02237014
v 0.09961447 0.11714499 0.02008865
v 0.09588648 0.11935096 0.02044333
v 0.09588648 0.11935096 0.02044333
v 0.09961447 0.11714499 0.02008865
v 0.09983885 0.11771355 0.01804565
v 0.09961447 0.11714499 0.02008865
v 0.10330509 0.11518173 0.01756161
v 0.09983885 0.11771355 0.01804565
v 0.09983885 0.11771355 0.01804565
v 0.10330509 0.11518173 0.01756161
v 0.10327958 0.11595942 0.01322662
v 0.10330509 0.11518173 0.01756161
v 0.10645439 0.11318237 0.01263157
v 0.10327958 0.11595942 0.01322662
v 0.10327958 0.11595942 0.01322662
v 0.10645439 0.11318237 0.01263157
v 0.10602591 0.11371626 0.00811833
v 0.10645439 0.11318237 0.01263157
v 0.10892135 0.11072858 0.00745273
v 0.10602591 0.11371626 0.00811833
v 0.06340408 0.01370099 0.01277370
v 0.06070248 0.01613539 0.01012823
v 0.06703222 0.02262375 0.01020665
v 0.02775946 0.05049801 0.00365186
v 0.02824239 0.05102476 0.00364710
v 0.03254884 0.04667154 0.00293571
v 0.11840325 0.09265295 0.00342576
v 0.11744303 0.09592544 0.00415482
v 0.11815487 0.09330737 0.00802794
v 0.07275997 0.02499056 0.01178989
v 0.07619960 0.02836345 0.01148938
v 0.07876921 0.02806705 0.01352689
v 0.07095121 0.02843133 0.03114764
v 0.06935517 0.03070622 0.03255119
v 0.05813550 0.01847417 0.03270477
v 0.08676089 0.03291027 0.01805930
v 0.08275672 0.02876469 0.01873614
v 0.08198139 0.02836580 0.01730441
v 0.08467226 0.03593329 0.00996316
v 0.08627694 0.03725621 0.00950698
v 0.08926910 0.03793087 0.01134899
v 0.08926910 0.03793087 0.01134899
v 0.08627694 0.03725621 0.00950698
v 0.09086900 0.03933560 0.01079165
v 0.09750815 0.05739906 0.02795064
v 0.09624944 0.06390365 0.03050005
v 0.09044982 0.05893072 0.03200575
v 0.04808323 0.02751313 0.00418909
v 0.04169424 0.03327545 0.00301893
v 0.04686411 0.03501376 0.00320828
v 0.03913218 0.03558644 0.00278598
v 0.03905109 0.03565959 0.00278067
v 0.04190649 0.03867099 0.00272010
v 0.03416967 0.05728016 0.00327329
v 0.03638476 0.05956789 0.00279103
v 0.04053019 0.05382844 0.00147696
v 0.04670356 0.04242960 0.00204766
v 0.04838069 0.04339125 0.00160835
v 0.05438135 0.04027728 0.00198857
v 0.04357898 0.05622685 -0.00067949
v 0.04382313 0.05644321 -0.00105652
v 0.04644851 0.05345728 -0.00172742
v 0.06794009 0.04063910 0.00001289
v 0.06876568 0.04085789 -0.00050690
v 0.07256813 0.04037378 -0.00002922
v 0.06951584 0.04103985 -0.00105020
v 0.07018551 0.04118847 -0.00161481
v 0.07409513 0.04078170 -0.00119931
v 0.06569201 0.04178917 -0.00137513
v 0.06630989 0.04191456 -0.00190865
v 0.07018551 0.04118847 -0.00161481
v 0.04988670 0.05105116 -0.00356172
v 0.04976878 0.05096507 -0.00312563
v 0.04681145 0.05373974 -0.00254635
v 0.05993790 0.04457303 -0.00361211
v 0.06017523 0.04462084 -0.00412339
v 0.06401823 0.04322468 -0.00421126
v 0.04003172 0.06412532 -0.00170594
v 0.03995547 0.06436017 -0.00287744
v 0.04074872 0.06278839 -0.00322761
v 0.10983920 0.05535715 -0.00488318
v 0.10922485 0.05472706 0.00079950
v 0.10641687 0.05191395 -0.00025165
v 0.04545524 0.02991793 0.03749488
v 0.04944334 0.02631927 0.03651174
v 0.05726435 0.04283650 0.03742114
v 0.04944334 0.02631927 0.03651174
v 0.06203036 0.03991546 0.03637978
v 0.05726435 0.04283650 0.03742114
v 0.05726435 0.04283650 0.03742114
v 0.06203036 0.03991546 0.03637978
v 0.05834958 0.04399274 0.03740190
v 0.06203036 0.03991546 0.03637978
v 0.07501137 0.05303155 0.03569007
v 0.05834958 0.04399274 0.03740190
v 0.05834958 0.04399274 0.03740190
v 0.07501137 0.05303155 0.03569007
v 0.07044630 0.05640163 0.03691611
v 0.07501137 0.05303155 0.03569007
v 0.08154941 0.05919580 0.03497462
v 0.07044630 0.05640163 0.03691611
v 0.07044630 0.05640163 0.03691611
v 0.08154941 0.05919580 0.03497462
v 0.08236783 0.06780532 0.03571266
v 0.08154941 0.05919580 0.03497462
v 0.08796091 0.06499153 0.03394491
v 0.08236783 0.06780532 0.03571266
v 0.08796091 0.06499153 0.03394491
v 0.09409370 0.07034475 0.03256199
v 0.08236783 0.06780532 0.03571266
v 0.08236783 0.06780532 0.03571266
v 0.09409370 0.07034475 0.03256199
v 0.09136462 0.07598428 0.03404383
v 0.09136462 0.07598428 0.03404383
v 0.09409370 0.07034475 0.03256199
v 0.09226976 0.07679220 0.03382478
v 0.09409370 0.07034475 0.03256199
v 0.09978579 0.07519080 0.03079734
v 0.09226976 0.07679220 0.03382478
v 0.09226976 0.07679220 0.03382478
v 0.09978579 0.07519080 0.03079734
v 0.09721137 0.08117183 0.03240624
v 0.09978579 0.07519080 0.03079734
v 0.10364682 0.08298887 0.02962698
v 0.09721137 0.08117183 0.03240624
v 0.09721137 0.08117183 0.03240624
v 0.10364682 0.08298887 0.02962698
v 0.10074264 0.08428507 0.03109846
v 0.10364682 0.08298887 0.02962698
v 0.10806381 0.08683544 0.02710754
v 0.10074264 0.08428507 0.03109846
v 0.10074264 0.08428507 0.03109846
v 0.10806381 0.08683544 0.02710754
v 0.10633583 0.08925655 0.02823298
v 0.10806381 0.08683544 0.02710754
v 0.11161117 0.09004705 0.02417434
v 0.10633583 0.08925655 0.02823298
v 0.10633583 0.08925655 0.02823298
v 0.11161117 0.09004705 0.02417434
v 0.11034336 0.09296490 0.02506640
v 0.11674597 0.09611943 0.01317739
v 0.11689792 0.09722041 0.00896959
v 0.11553100 0.09930781 0.01367396
v 0.11689792 0.09722041 0.00896959
v 0.11560902 0.10030057 0.00970019
v 0.11553100 0.09930781 0.01367396
v 0.06834121 0.04224343 -0.00537428
v 0.06876635 0.04221067 -0.00781200
v 0.07241966 0.04157986 -0.00532345
v 0.06876635 0.04221067 -0.00781200
v 0.07304460 0.04155507 -0.00795805
v 0.07241966 0.04157986 -0.00532345
v 0.07241966 0.04157986 -0.00532345
v 0.07304460 0.04155507 -0.00795805
v 0.07653504 0.04128562 -0.00516922
v 0.07304460 0.04155507 -0.00795805
v 0.07629562 0.04132984 -0.00800823
v 0.07653504 0.04128562 -0.00516922
v 0.07629562 0.04132984 -0.00800823
v 0.08064338 0.04138886 -0.00799509
v 0.07653504 0.04128562 -0.00516922
v 0.07653504 0.04128562 -0.00516922
v 0.08064338 0.04138886 -0.00799509
v 0.08065217 0.04135936 -0.00491216
v 0.08064338 0.04138886 -0.00799509
v 0.08388439 0.04170367 -0.00792498
v 0.08065217 0.04135936 -0.00491216
v 0.08065217 0.04135936 -0.00491216
v 0.08388439 0.04170367 -0.00792498
v 0.08473431 0.04180088 -0.00455234
v 0.08388439 0.04170367 -0.00792498
v 0.08801735 0.04245484 -0.00775761
v 0.08473431 0.04180088 -0.00455234
v 0.08473431 0.04180088 -0.00455234
v 0.08801735 0.04245484 -0.00775761
v 0.08874393 0.04260907 -0.00408947
v 0.08801735 0.04245484 -0.00775761
v 0.09128872 0.04334551 -0.00755918
v 0.08874393 0.04260907 -0.00408947
v 0.08874393 0.04260907 -0.00408947
v 0.09128872 0.04334551 -0.00755918
v 0.09264565 0.04378101 -0.00352352
v 0.09128872 0.04334551 -0.00755918
v 0.09501426 0.04471048 -0.00725510
v 0.09264565 0.04378101 -0.00352352
v 0.09264565 0.04378101 -0.00352352
v 0.09501426 0.04471048 -0.00725510
v 0.09639978 0.04530995 -0.00285511
v 0.09501426 0.04471048 -0.00725510
v 0.09816438 0.04619147 -0.00692515
v 0.09639978 0.04530995 -0.00285511
v 0.09639978 0.04530995 -0.00285511
v 0.09816438 0.04619147 -0.00692515
v 0.09997084 0.04718550 -0.00208537
v 0.09816438 0.04619147 -0.00692515
v 0.10139775 0.04807143 -0.00650632
v 0.09997084 0.04718550 -0.00208537
v 0.09997084 0.04718550 -0.00208537
v 0.10139775 0.04807143 -0.00650632
v 0.10332149 0.04939236 -0.00121644
v 0.10139775 0.04807143 -0.00650632
v 0.10429298 0.05012285 -0.00604930
v 0.10332149 0.04939236 -0.00121644
v 0.10332149 0.04939236 -0.00121644
v 0.10429298 0.05012285 -0.00604930
v 0.10697489 0.05240370 -0.00554116
v 0.05343987 0.04859517 -0.00638964
v 0.05543609 0.04731809 -0.00667415
v 0.05673372 0.04647200 -0.00488503
v 0.05543609 0.04731809 -0.00667415
v 0.06045548 0.04468806 -0.00515785
v 0.05673372 0.04647200 -0.00488503
v 0.05673372 0.04647200 -0.00488503
v 0.06045548 0.04468806 -0.00515785
v 0.05664008 0.04643153 -0.00439873
v 0.05543609 0.04731809 -0.00667415
v 0.05989327 0.04501481 -0.00718730
v 0.06045548 0.04468806 -0.00515785
v 0.05989327 0.04501481 -0.00718730
v 0.06046199 0.04476900 -0.00724206
v 0.06045548 0.04468806 -0.00515785
v 0.06045548 0.04468806 -0.00515785
v 0.06046199 0.04476900 -0.00724206
v 0.06433921 0.04327874 -0.00531986
v 0.06046199 0.04476900 -0.00724206
v 0.06184311 0.04421309 -0.00736590
v 0.06433921 0.04327874 -0.00531986
v 0.06433921 0.04327874 -0.00531986
v 0.06184311 0.04421309 -0.00736590
v 0.06834121 0.04224343 -0.00537428
v 0.06184311 0.04421309 -0.00736590
v 0.06714712 0.04256998 -0.00773195
v 0.06834121 0.04224343 -0.00537428
v 0.06834121 0.04224343 -0.00537428
v 0.06714712 0.04256998 -0.00773195
v 0.06876635 0.04221067 -0.00781200
v 0.04786851 0.05320422 -0.00536281
v 0.04964212 0.05154508 -0.00573245
v 0.04997499 0.05123566 -0.00488966
v 0.04997499 0.05123566 -0.00488966
v 0.04698965 0.05408247 -0.00426489
v 0.04786851 0.05320422 -0.00536281
v 0.04698965 0.05408247 -0.00426489
v 0.04432072 0.05721254 -0.00355660
v 0.04786851 0.05320422 -0.00536281
v 0.04786851 0.05320422 -0.00536281
v 0.04432072 0.05721254 -0.00355660
v 0.04467856 0.05678106 -0.00456594
v 0.04432072 0.05721254 -0.00355660
v 0.04327861 0.05866308 -0.00414666
v 0.04467856 0.05678106 -0.00456594
v 0.04327861 0.05866308 -0.00414666
v 0.04432072 0.05721254 -0.00355660
v 0.04074872 0.06278839 -0.00322761
v 0.04432072 0.05721254 -0.00355660
v 0.04199087 0.06058875 -0.00277283
v 0.04074872 0.06278839 -0.00322761
v 0.04074872 0.06278839 -0.00322761
v 0.04199087 0.06058875 -0.00277283
v 0.04003172 0.06412532 -0.00170594
v 0.04964212 0.05154508 -0.00573245
v 0.04989492 0.05132462 -0.00578156
v 0.04997499 0.05123566 -0.00488966
v 0.04989492 0.05132462 -0.00578156
v 0.05317311 0.04877895 -0.00634869
v 0.04997499 0.05123566 -0.00488966
v 0.04997499 0.05123566 -0.00488966
v 0.05317311 0.04877895 -0.00634869
v 0.05321912 0.04862325 -0.00449957
v 0.05317311 0.04877895 -0.00634869
v 0.05343987 0.04859517 -0.00638964
v 0.05321912 0.04862325 -0.00449957
v 0.05343987 0.04859517 -0.00638964
v 0.05673372 0.04647200 -0.00488503
v 0.05321912 0.04862325 -0.00449957
v 0.05321912 0.04862325 -0.00449957
v 0.05673372 0.04647200 -0.00488503
v 0.05313884 0.04856846 -0.00403974
v 0.05673372 0.04647200 -0.00488503
v 0.05664008 0.04643153 -0.00439873
v 0.05313884 0.04856846 -0.00403974
v 0.05313884 0.04856846 -0.00403974
v 0.05664008 0.04643153 -0.00439873
v 0.05300616 0.04850272 -0.00358275
v 0.04995613 0.05112321 -0.00400187
v 0.04988670 0.05105116 -0.00356172
v 0.04691774 0.05384918 -0.00296806
v 0.04193269 0.06024398 -0.00146010
v 0.03996149 0.06376760 -0.00056234
v 0.03999966 0.06387316 -0.00083926
v 0.04995613 0.05112321 -0.00400187
v 0.04691774 0.05384918 -0.00296806
v 0.04697887 0.05394078 -0.00339598
v 0.04691774 0.05384918 -0.00296806
v 0.04425904 0.05692576 -0.00226498
v 0.04697887 0.05394078 -0.00339598
v 0.04697887 0.05394078 -0.00339598
v 0.04425904 0.05692576 -0.00226498
v 0.04431447 0.05703884 -0.00268852
v 0.04425904 0.05692576 -0.00226498
v 0.04193269 0.06024398 -0.00146010
v 0.04431447 0.05703884 -0.00268852
v 0.04431447 0.05703884 -0.00268852
v 0.04193269 0.06024398 -0.00146010
v 0.04198531 0.06038021 -0.00188732
v 0.04193269 0.06024398 -0.00146010
v 0.03999966 0.06387316 -0.00083926
v 0.04198531 0.06038021 -0.00188732
v 0.04198531 0.06038021 -0.00188732
v 0.03999966 0.06387316 -0.00083926
v 0.04001481 0.06392845 -0.00100121
v 0.03973187 0.06334911 0.00025915
v 0.03986517 0.06356957 -0.00012965
v 0.04170157 0.05988869 -0.00064735
v 0.03986517 0.06356957 -0.00012965
v 0.04183941 0.06008116 -0.00104616
v 0.04170157 0.05988869 -0.00064735
v 0.04170157 0.05988869 -0.00064735
v 0.04183941 0.06008116 -0.00104616
v 0.04401668 0.05663051 -0.00144740
v 0.04183941 0.06008116 -0.00104616
v 0.04416109 0.05679059 -0.00185073
v 0.04401668 0.05663051 -0.00144740
v 0.04401668 0.05663051 -0.00144740
v 0.04416109 0.05679059 -0.00185073
v 0.04665593 0.05360987 -0.00213231
v 0.04416109 0.05679059 -0.00185073
v 0.04681145 0.05373974 -0.00254635
v 0.04665593 0.05360987 -0.00213231
v 0.04665593 0.05360987 -0.00213231
v 0.04681145 0.05373974 -0.00254635
v 0.04959811 0.05086249 -0.00269495
v 0.04681145 0.05373974 -0.00254635
v 0.04976878 0.05096507 -0.00312563
v 0.04959811 0.05086249 -0.00269495
v 0.04959811 0.05086249 -0.00269495
v 0.04976878 0.05096507 -0.00312563
v 0.05300616 0.04850272 -0.00358275
v 0.04988670 0.05105116 -0.00356172
v 0.04681145 0.05373974 -0.00254635
v 0.04691774 0.05384918 -0.00296806
v 0.04681145 0.05373974 -0.00254635
v 0.04416109 0.05679059 -0.00185073
v 0.04691774 0.05384918 -0.00296806
v 0.04691774 0.05384918 -0.00296806
v 0.04416109 0.05679059 -0.00185073
v 0.04425904 0.05692576 -0.00226498
v 0.04416109 0.05679059 -0.00185073
v 0.04183941 0.06008116 -0.00104616
v 0.04425904 0.05692576 -0.00226498
v 0.04425904 0.05692576 -0.00226498
v 0.04183941 0.06008116 -0.00104616
v 0.04193269 0.06024398 -0.00146010
v 0.04183941 0.06008116 -0.00104616
v 0.03986517 0.06356957 -0.00012965
v 0.04193269 0.06024398 -0.00146010
v 0.04193269 0.06024398 -0.00146010
v 0.03986517 0.06356957 -0.00012965
v 0.03996149 0.06376760 -0.00056234
v 0.05300616 0.04850272 -0.00358275
v 0.04976878 0.05096507 -0.00312563
v 0.05313884 0.04856846 -0.00403974
v 0.04976878 0.05096507 -0.00312563
v 0.04988670 0.05105116 -0.00356172
v 0.05313884 0.04856846 -0.00403974
v 0.05313884 0.04856846 -0.00403974
v 0.04988670 0.05105116 -0.00356172
v 0.05321912 0.04862325 -0.00449957
v 0.04988670 0.05105116 -0.00356172
v 0.04995613 0.05112321 -0.00400187
v 0.05321912 0.04862325 -0.00449957
v 0.05321912 0.04862325 -0.00449957
v 0.04995613 0.05112321 -0.00400187
v 0.04997499 0.05123566 -0.00488966
v 0.04995613 0.05112321 -0.00400187
v 0.04697887 0.05394078 -0.00339598
v 0.04997499 0.05123566 -0.00488966
v 0.04997499 0.05123566 -0.00488966
v 0.04697887 0.05394078 -0.00339598
v 0.04698965 0.05408247 -0.00426489
v 0.04697887 0.05394078 -0.00339598
v 0.04431447 0.05703884 -0.00268852
v 0.04698965 0.05408247 -0.00426489
v 0.04698965 0.05408247 -0.00426489
v 0.04431447 0.05703884 -0.00268852
v 0.04432072 0.05721254 -0.00355660
v 0.04431447 0.05703884 -0.00268852
v 0.04198531 0.06038021 -0.00188732
v 0.04432072 0.05721254 -0.00355660
v 0.04432072 0.05721254 -0.00355660
v 0.04198531 0.06038021 -0.00188732
v 0.04199087 0.06058875 -0.00277283
v 0.04198531 0.06038021 -0.00188732
v 0.04001481 0.06392845 -0.00100121
v 0.04199087 0.06058875 -0.00277283
v 0.04199087 0.06058875 -0.00277283
v 0.04001481 0.06392845 -0.00100121
v 0.04003172 0.06412532 -0.00170594
v 0.04740432 0.04978366 -0.00031205
v 0.04790426 0.05002758 -0.00067705
v 0.05096641 0.04774673 -0.00098590
v 0.04790426 0.05002758 -0.00067705
v 0.05145450 0.04792712 -0.00139273
v 0.05096641 0.04774673 -0.00098590
v 0.05096641 0.04774673 -0.00098590
v 0.05145450 0.04792712 -0.00139273
v 0.05477882 0.04591677 -0.00158869
v 0.05145450 0.04792712 -0.00139273
v 0.05525092 0.04604766 -0.00203554
v 0.05477882 0.04591677 -0.00158869
v 0.05477882 0.04591677 -0.00158869
v 0.05525092 0.04604766 -0.00203554
v 0.05880402 0.04434043 -0.00212295
v 0.05525092 0.04604766 -0.00203554
v 0.05925282 0.04443569 -0.00260995
v 0.05880402 0.04434043 -0.00212295
v 0.05880402 0.04434043 -0.00212295
v 0.05925282 0.04443569 -0.00260995
v 0.06299621 0.04305569 -0.00259659
v 0.05925282 0.04443569 -0.00260995
v 0.06341284 0.04312765 -0.00312587
v 0.06299621 0.04305569 -0.00259659
v 0.06299621 0.04305569 -0.00259659
v 0.06341284 0.04312765 -0.00312587
v 0.06730552 0.04209136 -0.00302213
v 0.04382313 0.05644321 -0.00105652
v 0.04357898 0.05622685 -0.00067949
v 0.04151646 0.05966416 -0.00026527
v 0.04357898 0.05622685 -0.00067949
v 0.04128247 0.05940579 0.00009870
v 0.04151646 0.05966416 -0.00026527
v 0.04151646 0.05966416 -0.00026527
v 0.04128247 0.05940579 0.00009870
v 0.03962764 0.06319542 0.00048931
v 0.04099902 0.05911238 0.00044343
v 0.04128247 0.05940579 0.00009870
v 0.04328382 0.05598000 -0.00031764
v 0.04128247 0.05940579 0.00009870
v 0.04357898 0.05622685 -0.00067949
v 0.04328382 0.05598000 -0.00031764
v 0.04328382 0.05598000 -0.00031764
v 0.04357898 0.05622685 -0.00067949
v 0.04618780 0.05328001 -0.00133315
v 0.04357898 0.05622685 -0.00067949
v 0.04644851 0.05345728 -0.00172742
v 0.04618780 0.05328001 -0.00133315
v 0.04618780 0.05328001 -0.00133315
v 0.04644851 0.05345728 -0.00172742
v 0.04937194 0.05074113 -0.00227117
v 0.04028592 0.05841827 0.00107175
v 0.04099902 0.05911238 0.00044343
v 0.04293822 0.05570165 0.00002785
v 0.04099902 0.05911238 0.00044343
v 0.04328382 0.05598000 -0.00031764
v 0.04293822 0.05570165 0.00002785
v 0.04293822 0.05570165 0.00002785
v 0.04328382 0.05598000 -0.00031764
v 0.04587359 0.05307638 -0.00095098
v 0.04328382 0.05598000 -0.00031764
v 0.04618780 0.05328001 -0.00133315
v 0.04587359 0.05307638 -0.00095098
v 0.04587359 0.05307638 -0.00095098
v 0.04618780 0.05328001 -0.00133315
v 0.04908897 0.05059884 -0.00185584
v 0.04618780 0.05328001 -0.00133315
v 0.04937194 0.05074113 -0.00227117
v 0.04908897 0.05059884 -0.00185584
v 0.04908897 0.05059884 -0.00185584
v 0.04937194 0.05074113 -0.00227117
v 0.05256724 0.04832886 -0.00268281
v 0.04937194 0.05074113 -0.00227117
v 0.05281658 0.04842364 -0.00312993
v 0.05256724 0.04832886 -0.00268281
v 0.05256724 0.04832886 -0.00268281
v 0.05281658 0.04842364 -0.00312993
v 0.05627774 0.04632174 -0.00343506
v 0.05281658 0.04842364 -0.00312993
v 0.05648969 0.04638224 -0.00391495
v 0.05627774 0.04632174 -0.00343506
v 0.05627774 0.04632174 -0.00343506
v 0.05648969 0.04638224 -0.00391495
v 0.06017523 0.04462084 -0.00412339
v 0.07018551 0.04118847 -0.00161481
v 0.06951584 0.04103985 -0.00105020
v 0.06569201 0.04178917 -0.00137513
v 0.06951584 0.04103985 -0.00105020
v 0.06499859 0.04163449 -0.00086009
v 0.06569201 0.04178917 -0.00137513
v 0.06569201 0.04178917 -0.00137513
v 0.06499859 0.04163449 -0.00086009
v 0.06129931 0.04270770 -0.00108776
v 0.06499859 0.04163449 -0.00086009
v 0.06059575 0.04253685 -0.00061849
v 0.06129931 0.04270770 -0.00108776
v 0.06129931 0.04270770 -0.00108776
v 0.06059575 0.04253685 -0.00061849
v 0.05705744 0.04391283 -0.00074347
v 0.06059575 0.04253685 -0.00061849
v 0.05635585 0.04371340 -0.00031796
v 0.05705744 0.04391283 -0.00074347
v 0.05705744 0.04391283 -0.00074347
v 0.05635585 0.04371340 -0.00031796
v 0.05301115 0.04536981 -0.00033539
v 0.06630989 0.04191456 -0.00190865
v 0.06569201 0.04178917 -0.00137513
v 0.06193671 0.04284897 -0.00157533
v 0.06569201 0.04178917 -0.00137513
v 0.06129931 0.04270770 -0.00108776
v 0.06193671 0.04284897 -0.00157533
v 0.06193671 0.04284897 -0.00157533
v 0.06129931 0.04270770 -0.00108776
v 0.05770268 0.04408193 -0.00118756
v 0.06129931 0.04270770 -0.00108776
v 0.05705744 0.04391283 -0.00074347
v 0.05770268 0.04408193 -0.00118756
v 0.05770268 0.04408193 -0.00118756
v 0.05705744 0.04391283 -0.00074347
v 0.05365467 0.04558027 -0.00073658
v 0.05705744 0.04391283 -0.00074347
v 0.05301115 0.04536981 -0.00033539
v 0.05365467 0.04558027 -0.00073658
v 0.05365467 0.04558027 -0.00073658
v 0.05301115 0.04536981 -0.00033539
v 0.04983312 0.04730417 -0.00021832
v 0.06876568 0.04085789 -0.00050690
v 0.06794009 0.04063910 0.00001289
v 0.06423438 0.04144713 -0.00036574
v 0.06794009 0.04063910 0.00001289
v 0.06340561 0.04122381 0.00010580
v 0.06423438 0.04144713 -0.00036574
v 0.06423438 0.04144713 -0.00036574
v 0.06340561 0.04122381 0.00010580
v 0.05983184 0.04233330 -0.00016968
v 0.06340561 0.04122381 0.00010580
v 0.05901398 0.04209408 0.00025658
v 0.05983184 0.04233330 -0.00016968
v 0.05983184 0.04233330 -0.00016968
v 0.05901398 0.04209408 0.00025658
v 0.05560379 0.04348094 0.00008690
v 0.05901398 0.04209408 0.00025658
v 0.05480799 0.04321302 0.00046920
v 0.05560379 0.04348094 0.00008690
v 0.05560379 0.04348094 0.00008690
v 0.05480799 0.04321302 0.00046920
v 0.05158831 0.04485342 0.00040743
v 0.04685755 0.04951083 0.00003629
v 0.04740432 0.04978366 -0.00031205
v 0.05042449 0.04753968 -0.00059382
v 0.04740432 0.04978366 -0.00031205
v 0.05096641 0.04774673 -0.00098590
v 0.05042449 0.04753968 -0.00059382
v 0.05042449 0.04753968 -0.00059382
v 0.05096641 0.04774673 -0.00098590
v 0.05424551 0.04576181 -0.00115502
v 0.05096641 0.04774673 -0.00098590
v 0.05477882 0.04591677 -0.00158869
v 0.05424551 0.04576181 -0.00115502
v 0.05424551 0.04576181 -0.00115502
v 0.05477882 0.04591677 -0.00158869
v 0.05828623 0.04422349 -0.00164811
v 0.05477882 0.04591677 -0.00158869
v 0.05880402 0.04434043 -0.00212295
v 0.05828623 0.04422349 -0.00164811
v 0.05828623 0.04422349 -0.00164811
v 0.05880402 0.04434043 -0.00212295
v 0.06250352 0.04296388 -0.00207901
v 0.05880402 0.04434043 -0.00212295
v 0.06299621 0.04305569 -0.00259659
v 0.06250352 0.04296388 -0.00207901
v 0.06250352 0.04296388 -0.00207901
v 0.06299621 0.04305569 -0.00259659
v 0.06684842 0.04201413 -0.00245839
v 0.06299621 0.04305569 -0.00259659
v 0.06730552 0.04209136 -0.00302213
v 0.06684842 0.04201413 -0.00245839
v 0.06684842 0.04201413 -0.00245839
v 0.06730552 0.04209136 -0.00302213
v 0.07126917 0.04139993 -0.00279898
v 0.04685755 0.04951083 0.00003629
v 0.04411197 0.05197475 0.00042854
v 0.04740432 0.04978366 -0.00031205
v 0.04411197 0.05197475 0.00042854
v 0.04508897 0.05258477 -0.00022870
v 0.04740432 0.04978366 -0.00031205
v 0.04740432 0.04978366 -0.00031205
v 0.04508897 0.05258477 -0.00022870
v 0.04790426 0.05002758 -0.00067705
v 0.04508897 0.05258477 -0.00022870
v 0.04835349 0.05024376 -0.00105712
v 0.04790426 0.05002758 -0.00067705
v 0.04790426 0.05002758 -0.00067705
v 0.04835349 0.05024376 -0.00105712
v 0.05145450 0.04792712 -0.00139273
v 0.04835349 0.05024376 -0.00105712
v 0.05188551 0.04808285 -0.00181240
v 0.05145450 0.04792712 -0.00139273
v 0.05145450 0.04792712 -0.00139273
v 0.05188551 0.04808285 -0.00181240
v 0.05525092 0.04604766 -0.00203554
v 0.05188551 0.04808285 -0.00181240
v 0.05565891 0.04615705 -0.00249353
v 0.05525092 0.04604766 -0.00203554
v 0.05525092 0.04604766 -0.00203554
v 0.05565891 0.04615705 -0.00249353
v 0.05925282 0.04443569 -0.00260995
v 0.05565891 0.04615705 -0.00249353
v 0.05963088 0.04451225 -0.00310700
v 0.05925282 0.04443569 -0.00260995
v 0.05925282 0.04443569 -0.00260995
v 0.05963088 0.04451225 -0.00310700
v 0.06341284 0.04312765 -0.00312587
v 0.06017523 0.04462084 -0.00412339
v 0.05993790 0.04457303 -0.00361211
v 0.05627774 0.04632174 -0.00343506
v 0.05993790 0.04457303 -0.00361211
v 0.05600125 0.04624754 -0.00296067
v 0.05627774 0.04632174 -0.00343506
v 0.05627774 0.04632174 -0.00343506
v 0.05600125 0.04624754 -0.00296067
v 0.05256724 0.04832886 -0.00268281
v 0.05600125 0.04624754 -0.00296067
v 0.05225686 0.04821603 -0.00224304
v 0.05256724 0.04832886 -0.00268281
v 0.05256724 0.04832886 -0.00268281
v 0.05225686 0.04821603 -0.00224304
v 0.04908897 0.05059884 -0.00185584
v 0.05225686 0.04821603 -0.00224304
v 0.04874913 0.05043365 -0.00145060
v 0.04908897 0.05059884 -0.00185584
v 0.04908897 0.05059884 -0.00185584
v 0.04874913 0.05043365 -0.00145060
v 0.04587359 0.05307638 -0.00095098
v 0.04874913 0.05043365 -0.00145060
v 0.04550668 0.05284499 -0.00058237
v 0.04587359 0.05307638 -0.00095098
v 0.04587359 0.05307638 -0.00095098
v 0.04550668 0.05284499 -0.00058237
v 0.04293822 0.05570165 0.00002785
v 0.04550668 0.05284499 -0.00058237
v 0.04254374 0.05539124 0.00035590
v 0.04293822 0.05570165 0.00002785
v 0.04293822 0.05570165 0.00002785
v 0.04254374 0.05539124 0.00035590
v 0.04028592 0.05841827 0.00107175
v 0.04254374 0.05539124 0.00035590
v 0.04161744 0.05467341 0.00095606
v 0.04028592 0.05841827 0.00107175
v 0.04028592 0.05841827 0.00107175
v 0.04161744 0.05467341 0.00095606
v 0.03938921 0.05758218 0.00161491
v 0.07040077 0.03537937 0.00507362
v 0.07312605 0.03697254 0.00436847
v 0.07363695 0.03488949 0.00610976
v 0.07312605 0.03697254 0.00436847
v 0.07650886 0.03672596 0.00538064
v 0.07363695 0.03488949 0.00610976
v 0.07363695 0.03488949 0.00610976
v 0.07650886 0.03672596 0.00538064
v 0.07684001 0.03457524 0.00731790
v 0.07650886 0.03672596 0.00538064
v 0.07984878 0.03668285 0.00655808
v 0.07684001 0.03457524 0.00731790
v 0.07684001 0.03457524 0.00731790
v 0.07984878 0.03668285 0.00655808
v 0.07998219 0.03445017 0.00872540
v 0.07984878 0.03668285 0.00655808
v 0.08311704 0.03685298 0.00792380
v 0.07998219 0.03445017 0.00872540
v 0.07998219 0.03445017 0.00872540
v 0.07673977 0.03178880 0.00933694
v 0.07684001 0.03457524 0.00731790
v 0.07673977 0.03178880 0.00933694
v 0.07374410 0.03221282 0.00789948
v 0.07684001 0.03457524 0.00731790
v 0.07684001 0.03457524 0.00731790
v 0.07374410 0.03221282 0.00789948
v 0.07363695 0.03488949 0.00610976
v 0.07374410 0.03221282 0.00789948
v 0.07069478 0.03280294 0.00667073
v 0.07363695 0.03488949 0.00610976
v 0.07363695 0.03488949 0.00610976
v 0.07069478 0.03280294 0.00667073
v 0.07040077 0.03537937 0.00507362
v 0.06453568 0.03441970 0.00472611
v 0.06390970 0.03685550 0.00345108
v 0.06715252 0.03603618 0.00419218
v 0.06390970 0.03685550 0.00345108
v 0.06632016 0.03805490 0.00278417
v 0.06715252 0.03603618 0.00419218
v 0.06715252 0.03603618 0.00419218
v 0.06632016 0.03805490 0.00278417
v 0.06972308 0.03741645 0.00350700
v 0.05840789 0.03656802 0.00335303
v 0.05750713 0.03897476 0.00235487
v 0.06068927 0.03783512 0.00284108
v 0.05750713 0.03897476 0.00235487
v 0.05959382 0.03991280 0.00172571
v 0.06068927 0.03783512 0.00284108
v 0.06068927 0.03783512 0.00284108
v 0.05959382 0.03991280 0.00172571
v 0.06293738 0.03888680 0.00219236
v 0.05959382 0.03991280 0.00172571
v 0.06158287 0.04065713 0.00097247
v 0.06293738 0.03888680 0.00219236
v 0.06293738 0.03888680 0.00219236
v 0.06158287 0.04065713 0.00097247
v 0.06508046 0.03973019 0.00141126
v 0.06158287 0.04065713 0.00097247
v 0.06608970 0.04007818 0.00097381
v 0.06508046 0.03973019 0.00141126
v 0.06508046 0.03973019 0.00141126
v 0.06608970 0.04007818 0.00097381
v 0.06969815 0.03944035 0.00152117
v 0.06608970 0.04007818 0.00097381
v 0.07072283 0.03979846 0.00103426
v 0.06969815 0.03944035 0.00152117
v 0.06969815 0.03944035 0.00152117
v 0.07072283 0.03979846 0.00103426
v 0.07441143 0.03947637 0.00169011
v 0.06209945 0.02529071 0.00747957
v 0.06775592 0.03048688 0.00707367
v 0.06459560 0.02390382 0.00873107
v 0.06775592 0.03048688 0.00707367
v 0.07063513 0.02962289 0.00831511
v 0.06459560 0.02390382 0.00873107
v 0.06459560 0.02390382 0.00873107
v 0.07063513 0.02962289 0.00831511
v 0.06703222 0.02262375 0.01020665
v 0.07063513 0.02962289 0.00831511
v 0.07346354 0.02890340 0.00977255
v 0.06703222 0.02262375 0.01020665
v 0.05251314 0.02351833 0.00558021
v 0.05192259 0.03155570 0.00412104
v 0.05702307 0.02830155 0.00551172
v 0.05192259 0.03155570 0.00412104
v 0.05615705 0.03508786 0.00372983
v 0.05702307 0.02830155 0.00551172
v 0.05702307 0.02830155 0.00551172
v 0.05615705 0.03508786 0.00372983
v 0.06194258 0.03257648 0.00511442
v 0.05615705 0.03508786 0.00372983
v 0.06453568 0.03441970 0.00472611
v 0.06194258 0.03257648 0.00511442
v 0.06194258 0.03257648 0.00511442
v 0.06453568 0.03441970 0.00472611
v 0.07069478 0.03280294 0.00667073
v 0.06453568 0.03441970 0.00472611
v 0.06715252 0.03603618 0.00419218
v 0.07069478 0.03280294 0.00667073
v 0.07069478 0.03280294 0.00667073
v 0.06715252 0.03603618 0.00419218
v 0.07040077 0.03537937 0.00507362
v 0.06715252 0.03603618 0.00419218
v 0.06972308 0.03741645 0.00350700
v 0.07040077 0.03537937 0.00507362
v 0.07040077 0.03537937 0.00507362
v 0.06972308 0.03741645 0.00350700
v 0.07312605 0.03697254 0.00436847
v 0.05251314 0.02351833 0.00558021
v 0.04951771 0.02621949 0.00458079
v 0.05192259 0.03155570 0.00412104
v 0.04951771 0.02621949 0.00458079
v 0.04821646 0.02739298 0.00422330
v 0.05192259 0.03155570 0.00412104
v 0.05192259 0.03155570 0.00412104
v 0.04821646 0.02739298 0.00422330
v 0.04808323 0.02751313 0.00418909
v 0.06703222 0.02262375 0.01020665
v 0.06070248 0.01613539 0.01012823
v 0.06459560 0.02390382 0.00873107
v 0.06070248 0.01613539 0.01012823
v 0.05983447 0.01691774 0.00945879
v 0.06459560 0.02390382 0.00873107
v 0.06459560 0.02390382 0.00873107
v 0.05983447 0.01691774 0.00945879
v 0.06209945 0.02529071 0.00747957
v 0.05983447 0.01691774 0.00945879
v 0.05682009 0.01963506 0.00754886
v 0.06209945 0.02529071 0.00747957
v 0.06209945 0.02529071 0.00747957
v 0.05682009 0.01963506 0.00754886
v 0.05536246 0.02094922 0.00679963
v 0.07673977 0.03178880 0.00933694
v 0.07346354 0.02890340 0.00977255
v 0.07374410 0.03221282 0.00789948
v 0.07346354 0.02890340 0.00977255
v 0.07063513 0.02962289 0.00831511
v 0.07374410 0.03221282 0.00789948
v 0.07374410 0.03221282 0.00789948
v 0.07063513 0.02962289 0.00831511
v 0.07069478 0.03280294 0.00667073
v 0.07063513 0.02962289 0.00831511
v 0.06775592 0.03048688 0.00707367
v 0.07069478 0.03280294 0.00667073
v 0.07069478 0.03280294 0.00667073
v 0.06775592 0.03048688 0.00707367
v 0.06194258 0.03257648 0.00511442
v 0.06775592 0.03048688 0.00707367
v 0.06209945 0.02529071 0.00747957
v 0.06194258 0.03257648 0.00511442
v 0.06194258 0.03257648 0.00511442
v 0.06209945 0.02529071 0.00747957
v 0.05702307 0.02830155 0.00551172
v 0.06209945 0.02529071 0.00747957
v 0.05536246 0.02094922 0.00679963
v 0.05702307 0.02830155 0.00551172
v 0.05702307 0.02830155 0.00551172
v 0.05536246 0.02094922 0.00679963
v 0.05251314 0.02351833 0.00558021
v 0.05480799 0.04321302 0.00046920
v 0.05311364 0.04256218 0.00115906
v 0.05158831 0.04485342 0.00040743
v 0.05311364 0.04256218 0.00115906
v 0.05002677 0.04419748 0.00105916
v 0.05158831 0.04485342 0.00040743
v 0.05158831 0.04485342 0.00040743
v 0.05002677 0.04419748 0.00105916
v 0.04707830 0.04604772 0.00108363
v 0.05002677 0.04419748 0.00105916
v 0.04555112 0.04521684 0.00159483
v 0.04707830 0.04604772 0.00108363
v 0.04707830 0.04604772 0.00108363
v 0.04555112 0.04521684 0.00159483
v 0.04286757 0.04722712 0.00170045
v 0.03389057 0.05699207 0.00331349
v 0.03416967 0.05728016 0.00327329
v 0.03800734 0.05178675 0.00226961
v 0.03416967 0.05728016 0.00327329
v 0.04053019 0.05382844 0.00147696
v 0.03800734 0.05178675 0.00226961
v 0.03800734 0.05178675 0.00226961
v 0.04053019 0.05382844 0.00147696
v 0.04034848 0.04941992 0.00192545
v 0.04053019 0.05382844 0.00147696
v 0.04297131 0.05124288 0.00101124
v 0.04034848 0.04941992 0.00192545
v 0.04034848 0.04941992 0.00192545
v 0.04297131 0.05124288 0.00101124
v 0.04429661 0.04811382 0.00123442
v 0.04297131 0.05124288 0.00101124
v 0.04564148 0.04887464 0.00067701
v 0.04429661 0.04811382 0.00123442
v 0.04429661 0.04811382 0.00123442
v 0.04564148 0.04887464 0.00067701
v 0.04852204 0.04674135 0.00047584
v 0.03993116 0.04509239 0.00234449
v 0.04286757 0.04722712 0.00170045
v 0.04670356 0.04242960 0.00204766
v 0.04286757 0.04722712 0.00170045
v 0.04555112 0.04521684 0.00159483
v 0.04670356 0.04242960 0.00204766
v 0.04670356 0.04242960 0.00204766
v 0.04555112 0.04521684 0.00159483
v 0.04838069 0.04339125 0.00160835
v 0.04555112 0.04521684 0.00159483
v 0.05002677 0.04419748 0.00105916
v 0.04838069 0.04339125 0.00160835
v 0.04838069 0.04339125 0.00160835
v 0.05002677 0.04419748 0.00105916
v 0.05438135 0.04027728 0.00198857
v 0.05002677 0.04419748 0.00105916
v 0.05311364 0.04256218 0.00115906
v 0.05438135 0.04027728 0.00198857
v 0.05438135 0.04027728 0.00198857
v 0.05311364 0.04256218 0.00115906
v 0.05631128 0.04113637 0.00138164
v 0.05311364 0.04256218 0.00115906
v 0.05480799 0.04321302 0.00046920
v 0.05631128 0.04113637 0.00138164
v 0.05631128 0.04113637 0.00138164
v 0.05480799 0.04321302 0.00046920
v 0.05814945 0.04181647 0.00065838
v 0.05480799 0.04321302 0.00046920
v 0.05901398 0.04209408 0.00025658
v 0.05814945 0.04181647 0.00065838
v 0.05814945 0.04181647 0.00065838
v 0.05901398 0.04209408 0.00025658
v 0.06251917 0.04096142 0.00055249
v 0.05901398 0.04209408 0.00025658
v 0.06340561 0.04122381 0.00010580
v 0.06251917 0.04096142 0.00055249
v 0.06251917 0.04096142 0.00055249
v 0.06340561 0.04122381 0.00010580
v 0.06704567 0.04038023 0.00050711
v 0.06340561 0.04122381 0.00010580
v 0.06794009 0.04063910 0.00001289
v 0.06704567 0.04038023 0.00050711
v 0.06704567 0.04038023 0.00050711
v 0.06794009 0.04063910 0.00001289
v 0.07168202 0.04010863 0.00051685
v 0.06794009 0.04063910 0.00001289
v 0.07256813 0.04037378 -0.00002922
v 0.07168202 0.04010863 0.00051685
v 0.07168202 0.04010863 0.00051685
v 0.07256813 0.04037378 -0.00002922
v 0.07637727 0.04017960 0.00057452
v 0.03254884 0.04667154 0.00293571
v 0.03711453 0.04255021 0.00263093
v 0.03336794 0.04078629 0.00271642
v 0.02824239 0.05102476 0.00364710
v 0.03109958 0.05408426 0.00356423
v 0.03254884 0.04667154 0.00293571
v 0.03109958 0.05408426 0.00356423
v 0.03526447 0.04935869 0.00273831
v 0.03254884 0.04667154 0.00293571
v 0.03254884 0.04667154 0.00293571
v 0.03526447 0.04935869 0.00273831
v 0.03711453 0.04255021 0.00263093
v 0.03526447 0.04935869 0.00273831
v 0.03993116 0.04509239 0.00234449
v 0.03711453 0.04255021 0.00263093
v 0.05438135 0.04027728 0.00198857
v 0.05242264 0.03923032 0.00247219
v 0.04670356 0.04242960 0.00204766
v 0.05242264 0.03923032 0.00247219
v 0.04504326 0.04131424 0.00237507
v 0.04670356 0.04242960 0.00204766
v 0.04670356 0.04242960 0.00204766
v 0.04504326 0.04131424 0.00237507
v 0.03993116 0.04509239 0.00234449
v 0.04504326 0.04131424 0.00237507
v 0.04190649 0.03867099 0.00272010
v 0.03993116 0.04509239 0.00234449
v 0.03993116 0.04509239 0.00234449
v 0.04190649 0.03867099 0.00272010
v 0.03711453 0.04255021 0.00263093
v 0.04190649 0.03867099 0.00272010
v 0.03905109 0.03565959 0.00278067
v 0.03711453 0.04255021 0.00263093
v 0.03711453 0.04255021 0.00263093
v 0.03905109 0.03565959 0.00278067
v 0.03336794 0.04078629 0.00271642
v 0.03109958 0.05408426 0.00356423
v 0.03389057 0.05699207 0.00331349
v 0.03526447 0.04935869 0.00273831
v 0.03389057 0.05699207 0.00331349
v 0.03800734 0.05178675 0.00226961
v 0.03526447 0.04935869 0.00273831
v 0.03526447 0.04935869 0.00273831
v 0.03800734 0.05178675 0.00226961
v 0.03993116 0.04509239 0.00234449
v 0.03800734 0.05178675 0.00226961
v 0.04034848 0.04941992 0.00192545
v 0.03993116 0.04509239 0.00234449
v 0.03993116 0.04509239 0.00234449
v 0.04034848 0.04941992 0.00192545
v 0.04286757 0.04722712 0.00170045
v 0.04034848 0.04941992 0.00192545
v 0.04429661 0.04811382 0.00123442
v 0.04286757 0.04722712 0.00170045
v 0.04286757 0.04722712 0.00170045
v 0.04429661 0.04811382 0.00123442
v 0.04707830 0.04604772 0.00108363
v 0.04429661 0.04811382 0.00123442
v 0.04852204 0.04674135 0.00047584
v 0.04707830 0.04604772 0.00108363
v 0.04707830 0.04604772 0.00108363
v 0.04852204 0.04674135 0.00047584
v 0.05158831 0.04485342 0.00040743
v 0.10163519 0.06838628 0.02861797
v 0.09624944 0.06390365 0.03050005
v 0.10217535 0.06496274 0.02736615
v 0.09624944 0.06390365 0.03050005
v 0.09750815 0.05739906 0.02795064
v 0.10217535 0.06496274 0.02736615
v 0.10217535 0.06496274 0.02736615
v 0.09750815 0.05739906 0.02795064
v 0.10245851 0.06155543 0.02599728
v 0.09750815 0.05739906 0.02795064
v 0.10248280 0.05818994 0.02450101
v 0.10245851 0.06155543 0.02599728
v 0.10223822 0.05489661 0.02285911
v 0.10248280 0.05818994 0.02450101
v 0.09779171 0.05417833 0.02646275
v 0.10248280 0.05818994 0.02450101
v 0.09750815 0.05739906 0.02795064
v 0.09779171 0.05417833 0.02646275
v 0.09779171 0.05417833 0.02646275
v 0.09750815 0.05739906 0.02795064
v 0.09217199 0.05277753 0.02953881
v 0.09750815 0.05739906 0.02795064
v 0.09044982 0.05893072 0.03200575
v 0.09217199 0.05277753 0.02953881
v 0.09217199 0.05277753 0.02953881
v 0.09044982 0.05893072 0.03200575
v 0.08438338 0.05351950 0.03315122
v 0.10169996 0.05171916 0.02104624
v 0.10223822 0.05489661 0.02285911
v 0.09782746 0.05101778 0.02480336
v 0.10223822 0.05489661 0.02285911
v 0.09779171 0.05417833 0.02646275
v 0.09782746 0.05101778 0.02480336
v 0.09782746 0.05101778 0.02480336
v 0.09779171 0.05417833 0.02646275
v 0.09272905 0.04971753 0.02806763
v 0.09779171 0.05417833 0.02646275
v 0.09217199 0.05277753 0.02953881
v 0.09272905 0.04971753 0.02806763
v 0.09272905 0.04971753 0.02806763
v 0.09217199 0.05277753 0.02953881
v 0.08657719 0.04773676 0.03076669
v 0.09217199 0.05277753 0.02953881
v 0.08438338 0.05351950 0.03315122
v 0.08657719 0.04773676 0.03076669
v 0.08657719 0.04773676 0.03076669
v 0.08438338 0.05351950 0.03315122
v 0.07818876 0.04773277 0.03396485
v 0.10082100 0.04871975 0.01902961
v 0.10169996 0.05171916 0.02104624
v 0.09758230 0.04796426 0.02293916
v 0.10169996 0.05171916 0.02104624
v 0.09782746 0.05101778 0.02480336
v 0.09758230 0.04796426 0.02293916
v 0.09758230 0.04796426 0.02293916
v 0.09782746 0.05101778 0.02480336
v 0.09305956 0.04670807 0.02640142
v 0.09782746 0.05101778 0.02480336
v 0.09272905 0.04971753 0.02806763
v 0.09305956 0.04670807 0.02640142
v 0.09305956 0.04670807 0.02640142
v 0.09272905 0.04971753 0.02806763
v 0.08741081 0.04485299 0.02931598
v 0.09272905 0.04971753 0.02806763
v 0.08657719 0.04773676 0.03076669
v 0.08741081 0.04485299 0.02931598
v 0.08741081 0.04485299 0.02931598
v 0.08657719 0.04773676 0.03076669
v 0.08084479 0.04233349 0.03165292
v 0.08657719 0.04773676 0.03076669
v 0.07818876 0.04773277 0.03396485
v 0.08084479 0.04233349 0.03165292
v 0.08084479 0.04233349 0.03165292
v 0.07818876 0.04773277 0.03396485
v 0.06585114 0.03532059 0.03477282
v 0.09593907 0.04252733 0.01845225
v 0.09653439 0.04375885 0.01967107
v 0.09252624 0.03982173 0.02109752
v 0.09252624 0.03982173 0.02109752
v 0.09653439 0.04375885 0.01967107
v 0.09284004 0.04107233 0.02231039
v 0.09653439 0.04375885 0.01967107
v 0.09699348 0.04508992 0.02082795
v 0.09284004 0.04107233 0.02231039
v 0.09284004 0.04107233 0.02231039
v 0.09699348 0.04508992 0.02082795
v 0.09303173 0.04240554 0.02344373
v 0.09699348 0.04508992 0.02082795
v 0.09733684 0.04649828 0.02191690
v 0.09303173 0.04240554 0.02344373
v 0.09303173 0.04240554 0.02344373
v 0.09733684 0.04649828 0.02191690
v 0.09312249 0.04379908 0.02449934
v 0.09649198 0.04279871 0.01328687
v 0.09364373 0.04051154 0.01286850
v 0.09522229 0.04198073 0.01218354
v 0.09364373 0.04051154 0.01286850
v 0.09086900 0.03933560 0.01079165
v 0.09522229 0.04198073 0.01218354
v 0.09427339 0.04045496 0.01591919
v 0.09062342 0.03682676 0.01712445
v 0.09320065 0.03963661 0.01467598
v 0.09062342 0.03682676 0.01712445
v 0.08963764 0.03614087 0.01580434
v 0.09320065 0.03963661 0.01467598
v 0.09320065 0.03963661 0.01467598
v 0.08963764 0.03614087 0.01580434
v 0.09199170 0.03895529 0.01349103
v 0.08963764 0.03614087 0.01580434
v 0.08850237 0.03560460 0.01454879
v 0.09199170 0.03895529 0.01349103
v 0.09199170 0.03895529 0.01349103
v 0.08850237 0.03560460 0.01454879
v 0.09067300 0.03839240 0.01238098
v 0.08850237 0.03560460 0.01454879
v 0.08724833 0.03519571 0.01337676
v 0.09067300 0.03839240 0.01238098
v 0.09067300 0.03839240 0.01238098
v 0.08724833 0.03519571 0.01337676
v 0.08761089 0.03644826 0.01184871
v 0.09427339 0.04045496 0.01591919
v 0.09518878 0.04142001 0.01719075
v 0.09143556 0.03767441 0.01847494
v 0.08827986 0.03556233 0.02221397
v 0.09252624 0.03982173 0.02109752
v 0.08844360 0.03671937 0.02347201
v 0.09252624 0.03982173 0.02109752
v 0.09284004 0.04107233 0.02231039
v 0.08844360 0.03671937 0.02347201
v 0.08844360 0.03671937 0.02347201
v 0.09284004 0.04107233 0.02231039
v 0.08848017 0.03796435 0.02464048
v 0.09284004 0.04107233 0.02231039
v 0.09303173 0.04240554 0.02344373
v 0.08848017 0.03796435 0.02464048
v 0.08848017 0.03796435 0.02464048
v 0.09303173 0.04240554 0.02344373
v 0.08841367 0.03927279 0.02572170
v 0.09303173 0.04240554 0.02344373
v 0.09312249 0.04379908 0.02449934
v 0.08841367 0.03927279 0.02572170
v 0.08841367 0.03927279 0.02572170
v 0.09312249 0.04379908 0.02449934
v 0.08803901 0.04201413 0.02765012
v 0.08387324 0.03104044 0.02302931
v 0.08827986 0.03556233 0.02221397
v 0.08388606 0.03209007 0.02432127
v 0.08827986 0.03556233 0.02221397
v 0.08844360 0.03671937 0.02347201
v 0.08388606 0.03209007 0.02432127
v 0.08388606 0.03209007 0.02432127
v 0.08844360 0.03671937 0.02347201
v 0.08376842 0.03323288 0.02551569
v 0.08844360 0.03671937 0.02347201
v 0.08848017 0.03796435 0.02464048
v 0.08376842 0.03323288 0.02551569
v 0.08376842 0.03323288 0.02551569
v 0.08848017 0.03796435 0.02464048
v 0.08354684 0.03444270 0.02661525
v 0.08848017 0.03796435 0.02464048
v 0.08841367 0.03927279 0.02572170
v 0.08354684 0.03444270 0.02661525
v 0.08354684 0.03444270 0.02661525
v 0.08841367 0.03927279 0.02572170
v 0.08286683 0.03699197 0.02856063
v 0.08841367 0.03927279 0.02572170
v 0.08803901 0.04201413 0.02765012
v 0.08286683 0.03699197 0.02856063
v 0.08286683 0.03699197 0.02856063
v 0.08803901 0.04201413 0.02765012
v 0.08194816 0.03964049 0.03022227
v 0.07995224 0.02804488 0.01468659
v 0.08724833 0.03519571 0.01337676
v 0.08103418 0.02813535 0.01594706
v 0.08724833 0.03519571 0.01337676
v 0.08850237 0.03560460 0.01454879
v 0.08103418 0.02813535 0.01594706
v 0.08103418 0.02813535 0.01594706
v 0.08850237 0.03560460 0.01454879
v 0.08198139 0.02836580 0.01730441
v 0.08850237 0.03560460 0.01454879
v 0.08963764 0.03614087 0.01580434
v 0.08198139 0.02836580 0.01730441
v 0.08198139 0.02836580 0.01730441
v 0.08963764 0.03614087 0.01580434
v 0.08676089 0.03291027 0.01805930
v 0.08963764 0.03614087 0.01580434
v 0.09062342 0.03682676 0.01712445
v 0.08676089 0.03291027 0.01805930
v 0.08467226 0.03593329 0.00996316
v 0.08449064 0.03467928 0.01129056
v 0.08302508 0.03454005 0.01036694
v 0.08449064 0.03467928 0.01129056
v 0.08103755 0.03153839 0.01197564
v 0.08302508 0.03454005 0.01036694
v 0.08302508 0.03454005 0.01036694
v 0.08103755 0.03153839 0.01197564
v 0.07964171 0.03156180 0.01102262
v 0.05813550 0.01847417 0.03270477
v 0.06935517 0.03070622 0.03255119
v 0.05563385 0.02073234 0.03410254
v 0.07484978 0.02145641 0.02386790
v 0.08387324 0.03104044 0.02302931
v 0.07456962 0.02225143 0.02519593
v 0.08387324 0.03104044 0.02302931
v 0.08388606 0.03209007 0.02432127
v 0.07456962 0.02225143 0.02519593
v 0.07456962 0.02225143 0.02519593
v 0.08388606 0.03209007 0.02432127
v 0.07415868 0.02314950 0.02641739
v 0.08388606 0.03209007 0.02432127
v 0.08376842 0.03323288 0.02551569
v 0.07415868 0.02314950 0.02641739
v 0.07415868 0.02314950 0.02641739
v 0.08376842 0.03323288 0.02551569
v 0.07364645 0.02412282 0.02753537
v 0.08376842 0.03323288 0.02551569
v 0.08354684 0.03444270 0.02661525
v 0.07364645 0.02412282 0.02753537
v 0.07364645 0.02412282 0.02753537
v 0.08354684 0.03444270 0.02661525
v 0.07240196 0.02621788 0.02949531
v 0.08354684 0.03444270 0.02661525
v 0.08286683 0.03699197 0.02856063
v 0.07240196 0.02621788 0.02949531
v 0.07240196 0.02621788 0.02949531
v 0.08286683 0.03699197 0.02856063
v 0.07095121 0.02843133 0.03114764
v 0.08286683 0.03699197 0.02856063
v 0.08194816 0.03964049 0.03022227
v 0.07095121 0.02843133 0.03114764
v 0.07095121 0.02843133 0.03114764
v 0.08194816 0.03964049 0.03022227
v 0.06935517 0.03070622 0.03255119
v 0.06936575 0.02149008 0.01195422
v 0.07275997 0.02499056 0.01178989
v 0.07513306 0.02437886 0.01385904
v 0.07275997 0.02499056 0.01178989
v 0.07876921 0.02806705 0.01352689
v 0.07513306 0.02437886 0.01385904
v 0.07513306 0.02437886 0.01385904
v 0.07876921 0.02806705 0.01352689
v 0.07995224 0.02804488 0.01468659
v 0.07876921 0.02806705 0.01352689
v 0.08238000 0.03158887 0.01301238
v 0.07995224 0.02804488 0.01468659
v 0.07995224 0.02804488 0.01468659
v 0.08238000 0.03158887 0.01301238
v 0.08724833 0.03519571 0.01337676
v 0.08238000 0.03158887 0.01301238
v 0.08590374 0.03489320 0.01229165
v 0.08724833 0.03519571 0.01337676
v 0.08724833 0.03519571 0.01337676
v 0.08590374 0.03489320 0.01229165
v 0.08761089 0.03644826 0.01184871
v 0.08275672 0.02876469 0.01873614
v 0.07456834 0.02002238 0.01942484
v 0.08198139 0.02836580 0.01730441
v 0.07456834 0.02002238 0.01942484
v 0.07404528 0.01992912 0.01794068
v 0.08198139 0.02836580 0.01730441
v 0.08198139 0.02836580 0.01730441
v 0.07404528 0.01992912 0.01794068
v 0.08103418 0.02813535 0.01594706
v 0.07404528 0.01992912 0.01794068
v 0.07333657 0.02001153 0.01653589
v 0.08103418 0.02813535 0.01594706
v 0.08103418 0.02813535 0.01594706
v 0.07333657 0.02001153 0.01653589
v 0.07995224 0.02804488 0.01468659
v 0.07333657 0.02001153 0.01653589
v 0.07248192 0.02023692 0.01523460
v 0.07995224 0.02804488 0.01468659
v 0.07995224 0.02804488 0.01468659
v 0.07248192 0.02023692 0.01523460
v 0.07513306 0.02437886 0.01385904
v 0.07248192 0.02023692 0.01523460
v 0.07151712 0.02057449 0.01404113
v 0.07513306 0.02437886 0.01385904
v 0.07513306 0.02437886 0.01385904
v 0.07151712 0.02057449 0.01404113
v 0.06936575 0.02149008 0.01195422
v 0.07496364 0.02079825 0.02244136
v 0.06621885 0.01117182 0.02257863
v 0.06628779 0.01110925 0.02220642
v 0.06628779 0.01110925 0.02220642
v 0.07487660 0.02031229 0.02094415
v 0.07496364 0.02079825 0.02244136
v 0.07487660 0.02031229 0.02094415
v 0.08333186 0.02934891 0.02020141
v 0.07496364 0.02079825 0.02244136
v 0.07496364 0.02079825 0.02244136
v 0.08333186 0.02934891 0.02020141
v 0.08369847 0.03011546 0.02164741
v 0.08333186 0.02934891 0.02020141
v 0.08745912 0.03363068 0.01947482
v 0.08369847 0.03011546 0.02164741
v 0.08369847 0.03011546 0.02164741
v 0.08745912 0.03363068 0.01947482
v 0.08796057 0.03452226 0.02087355
v 0.08745912 0.03363068 0.01947482
v 0.09143556 0.03767441 0.01847494
v 0.08796057 0.03452226 0.02087355
v 0.08796057 0.03452226 0.02087355
v 0.09143556 0.03767441 0.01847494
v 0.09206570 0.03867962 0.01981176
v 0.09143556 0.03767441 0.01847494
v 0.09518878 0.04142001 0.01719075
v 0.09206570 0.03867962 0.01981176
v 0.09206570 0.03867962 0.01981176
v 0.09518878 0.04142001 0.01719075
v 0.09593907 0.04252733 0.01845225
v 0.09593907 0.04252733 0.01845225
v 0.09252624 0.03982173 0.02109752
v 0.09206570 0.03867962 0.01981176
v 0.09252624 0.03982173 0.02109752
v 0.08827986 0.03556233 0.02221397
v 0.09206570 0.03867962 0.01981176
v 0.09206570 0.03867962 0.01981176
v 0.08827986 0.03556233 0.02221397
v 0.08796057 0.03452226 0.02087355
v 0.08827986 0.03556233 0.02221397
v 0.08387324 0.03104044 0.02302931
v 0.08796057 0.03452226 0.02087355
v 0.08796057 0.03452226 0.02087355
v 0.08387324 0.03104044 0.02302931
v 0.08369847 0.03011546 0.02164741
v 0.08387324 0.03104044 0.02302931
v 0.07484978 0.02145641 0.02386790
v 0.08369847 0.03011546 0.02164741
v 0.08369847 0.03011546 0.02164741
v 0.07484978 0.02145641 0.02386790
v 0.07496364 0.02079825 0.02244136
v 0.07484978 0.02145641 0.02386790
v 0.06610928 0.01127115 0.02306051
v 0.07496364 0.02079825 0.02244136
v 0.07496364 0.02079825 0.02244136
v 0.06610928 0.01127115 0.02306051
v 0.06621885 0.01117182 0.02257863
v 0.06641097 0.01099570 0.01983889
v 0.06638829 0.01101585 0.01954328
v 0.07456834 0.02002238 0.01942484
v 0.06638829 0.01101585 0.01954328
v 0.06634901 0.01105092 0.01918156
v 0.07456834 0.02002238 0.01942484
v 0.07456834 0.02002238 0.01942484
v 0.06634901 0.01105092 0.01918156
v 0.07404528 0.01992912 0.01794068
v 0.06634901 0.01105092 0.01918156
v 0.06617326 0.01120844 0.01817974
v 0.07404528 0.01992912 0.01794068
v 0.07404528 0.01992912 0.01794068
v 0.06617326 0.01120844 0.01817974
v 0.07333657 0.02001153 0.01653589
v 0.06617326 0.01120844 0.01817974
v 0.06566880 0.01166184 0.01653936
v 0.07333657 0.02001153 0.01653589
v 0.07333657 0.02001153 0.01653589
v 0.06566880 0.01166184 0.01653936
v 0.07248192 0.02023692 0.01523460
v 0.06566880 0.01166184 0.01653936
v 0.06479269 0.01245033 0.01474354
v 0.07248192 0.02023692 0.01523460
v 0.07248192 0.02023692 0.01523460
v 0.06479269 0.01245033 0.01474354
v 0.07151712 0.02057449 0.01404113
v 0.06479269 0.01245033 0.01474354
v 0.06441036 0.01279461 0.01412984
v 0.07151712 0.02057449 0.01404113
v 0.07151712 0.02057449 0.01404113
v 0.06441036 0.01279461 0.01412984
v 0.06936575 0.02149008 0.01195422
v 0.06628779 0.01110925 0.02220642
v 0.06638087 0.01102456 0.02150491
v 0.07487660 0.02031229 0.02094415
v 0.06638087 0.01102456 0.02150491
v 0.06641446 0.01099381 0.02107409
v 0.07487660 0.02031229 0.02094415
v 0.07487660 0.02031229 0.02094415
v 0.06641446 0.01099381 0.02107409
v 0.06642909 0.01098024 0.02069808
v 0.09427339 0.04045496 0.01591919
v 0.09143556 0.03767441 0.01847494
v 0.09062342 0.03682676 0.01712445
v 0.09143556 0.03767441 0.01847494
v 0.08745912 0.03363068 0.01947482
v 0.09062342 0.03682676 0.01712445
v 0.09062342 0.03682676 0.01712445
v 0.08745912 0.03363068 0.01947482
v 0.08676089 0.03291027 0.01805930
v 0.08745912 0.03363068 0.01947482
v 0.08333186 0.02934891 0.02020141
v 0.08676089 0.03291027 0.01805930
v 0.08676089 0.03291027 0.01805930
v 0.08333186 0.02934891 0.02020141
v 0.08275672 0.02876469 0.01873614
v 0.08333186 0.02934891 0.02020141
v 0.07487660 0.02031229 0.02094415
v 0.08275672 0.02876469 0.01873614
v 0.08275672 0.02876469 0.01873614
v 0.07487660 0.02031229 0.02094415
v 0.07456834 0.02002238 0.01942484
v 0.07487660 0.02031229 0.02094415
v 0.06642909 0.01098024 0.02069808
v 0.07456834 0.02002238 0.01942484
v 0.07456834 0.02002238 0.01942484
v 0.06642909 0.01098024 0.02069808
v 0.06641097 0.01099570 0.01983889
v 0.05813550 0.01847417 0.03270477
v 0.05936614 0.01736318 0.03188857
v 0.07095121 0.02843133 0.03114764
v 0.05936614 0.01736318 0.03188857
v 0.06233364 0.01468364 0.02939676
v 0.07095121 0.02843133 0.03114764
v 0.07095121 0.02843133 0.03114764
v 0.06233364 0.01468364 0.02939676
v 0.07240196 0.02621788 0.02949531
v 0.06233364 0.01468364 0.02939676
v 0.06272698 0.01432839 0.02898649
v 0.07240196 0.02621788 0.02949531
v 0.07240196 0.02621788 0.02949531
v 0.06272698 0.01432839 0.02898649
v 0.07364645 0.02412282 0.02753537
v 0.06272698 0.01432839 0.02898649
v 0.06403484 0.01314694 0.02739719
v 0.07364645 0.02412282 0.02753537
v 0.07364645 0.02412282 0.02753537
v 0.06403484 0.01314694 0.02739719
v 0.07415868 0.02314950 0.02641739
v 0.06403484 0.01314694 0.02739719
v 0.06454603 0.01268503 0.02664154
v 0.07415868 0.02314950 0.02641739
v 0.07415868 0.02314950 0.02641739
v 0.06454603 0.01268503 0.02664154
v 0.07456962 0.02225143 0.02519593
v 0.06454603 0.01268503 0.02664154
v 0.06559514 0.01173655 0.02461894
v 0.07456962 0.02225143 0.02519593
v 0.07456962 0.02225143 0.02519593
v 0.06559514 0.01173655 0.02461894
v 0.07484978 0.02145641 0.02386790
v 0.06559514 0.01173655 0.02461894
v 0.06582445 0.01152907 0.02401310
v 0.07484978 0.02145641 0.02386790
v 0.07484978 0.02145641 0.02386790
v 0.06582445 0.01152907 0.02401310
v 0.06610928 0.01127115 0.02306051
v 0.11530278 0.10113905 0.00531633
v 0.11551362 0.10065921 0.00792152
v 0.11571752 0.10026472 0.00512154
v 0.11551362 0.10065921 0.00792152
v 0.11560902 0.10030057 0.00970019
v 0.11571752 0.10026472 0.00512154
v 0.11571752 0.10026472 0.00512154
v 0.11560902 0.10030057 0.00970019
v 0.11611274 0.09938172 0.00492483
v 0.11560902 0.10030057 0.00970019
v 0.11689792 0.09722041 0.00896959
v 0.11611274 0.09938172 0.00492483
v 0.11611274 0.09938172 0.00492483
v 0.11689792 0.09722041 0.00896959
v 0.11744303 0.09592544 0.00415482
v 0.11744303 0.09592544 0.00415482
v 0.11689792 0.09722041 0.00896959
v 0.11815487 0.09330737 0.00802794
v 0.11689792 0.09722041 0.00896959
v 0.11674597 0.09611943 0.01317739
v 0.11815487 0.09330737 0.00802794
v 0.11815487 0.09330737 0.00802794
v 0.11674597 0.09611943 0.01317739
v 0.11793873 0.09218910 0.01217016
v 0.11674597 0.09611943 0.01317739
v 0.11759505 0.09150353 0.01417037
v 0.11793873 0.09218910 0.01217016
v 0.11793873 0.09218910 0.01217016
v 0.11759505 0.09150353 0.01417037
v 0.11838360 0.08751364 0.01308411
v 0.11759505 0.09150353 0.01417037
v 0.11783271 0.08673855 0.01499818
v 0.11838360 0.08751364 0.01308411
v 0.11838360 0.08751364 0.01308411
v 0.11783271 0.08673855 0.01499818
v 0.11823104 0.08274189 0.01383491
v 0.11494694 0.09809440 0.01713123
v 0.11470804 0.09773362 0.01796508
v 0.11642742 0.09543178 0.01520309
v 0.11470804 0.09773362 0.01796508
v 0.11591252 0.09462989 0.01716236
v 0.11642742 0.09543178 0.01520309
v 0.11642742 0.09543178 0.01520309
v 0.11591252 0.09462989 0.01716236
v 0.11706075 0.09071217 0.01610992
v 0.11591252 0.09462989 0.01716236
v 0.11631832 0.08980206 0.01798022
v 0.11706075 0.09071217 0.01610992
v 0.11706075 0.09071217 0.01610992
v 0.11631832 0.08980206 0.01798022
v 0.11708166 0.08585262 0.01684934
v 0.11631832 0.08980206 0.01798022
v 0.11611894 0.08484554 0.01863031
v 0.11708166 0.08585262 0.01684934
v 0.11708166 0.08585262 0.01684934
v 0.11611894 0.08484554 0.01863031
v 0.11652020 0.08091213 0.01742345
v 0.11871158 0.07315668 0.00294811
v 0.11955050 0.07837891 0.00024572
v 0.11937220 0.07714988 0.00398682
v 0.11955050 0.07837891 0.00024572
v 0.11970459 0.08122387 0.00087953
v 0.11937220 0.07714988 0.00398682
v 0.11937220 0.07714988 0.00398682
v 0.11970459 0.08122387 0.00087953
v 0.11964526 0.08119647 0.00502232
v 0.11970459 0.08122387 0.00087953
v 0.11959820 0.08524735 0.00177591
v 0.11964526 0.08119647 0.00502232
v 0.11964526 0.08119647 0.00502232
v 0.11959820 0.08524735 0.00177591
v 0.11953173 0.08526094 0.00604629
v 0.11959820 0.08524735 0.00177591
v 0.11920975 0.08866474 0.00253726
v 0.11953173 0.08526094 0.00604629
v 0.11953173 0.08526094 0.00604629
v 0.11920975 0.08866474 0.00253726
v 0.11903335 0.08930957 0.00705086
v 0.11766475 0.06925236 0.00191445
v 0.11823579 0.07103865 -0.00138958
v 0.11871158 0.07315668 0.00294811
v 0.11823579 0.07103865 -0.00138958
v 0.11891555 0.07392179 -0.00074726
v 0.11871158 0.07315668 0.00294811
v 0.11871158 0.07315668 0.00294811
v 0.11891555 0.07392179 -0.00074726
v 0.11955050 0.07837891 0.00024572
v 0.11279127 0.09542826 0.02206297
v 0.11034336 0.09296490 0.02506640
v 0.11303714 0.09141604 0.02255800
v 0.11034336 0.09296490 0.02506640
v 0.11161117 0.09004705 0.02417434
v 0.11303714 0.09141604 0.02255800
v 0.11303714 0.09141604 0.02255800
v 0.11161117 0.09004705 0.02417434
v 0.11274777 0.08626391 0.02310585
v 0.11161117 0.09004705 0.02417434
v 0.10806381 0.08683544 0.02710754
v 0.11274777 0.08626391 0.02310585
v 0.11274777 0.08626391 0.02310585
v 0.10806381 0.08683544 0.02710754
v 0.10923573 0.08317354 0.02606708
v 0.10806381 0.08683544 0.02710754
v 0.10364682 0.08298887 0.02962698
v 0.10923573 0.08317354 0.02606708
v 0.10923573 0.08317354 0.02606708
v 0.10364682 0.08298887 0.02962698
v 0.10487954 0.07947837 0.02863389
v 0.10364682 0.08298887 0.02962698
v 0.09978579 0.07519080 0.03079734
v 0.10487954 0.07947837 0.02863389
v 0.04944334 0.02631927 0.03651174
v 0.06585114 0.03532059 0.03477282
v 0.06203036 0.03991546 0.03637978
v 0.06585114 0.03532059 0.03477282
v 0.07818876 0.04773277 0.03396485
v 0.06203036 0.03991546 0.03637978
v 0.06203036 0.03991546 0.03637978
v 0.07818876 0.04773277 0.03396485
v 0.07501137 0.05303155 0.03569007
v 0.07818876 0.04773277 0.03396485
v 0.08438338 0.05351950 0.03315122
v 0.07501137 0.05303155 0.03569007
v 0.07501137 0.05303155 0.03569007
v 0.08438338 0.05351950 0.03315122
v 0.08154941 0.05919580 0.03497462
v 0.08438338 0.05351950 0.03315122
v 0.09044982 0.05893072 0.03200575
v 0.08154941 0.05919580 0.03497462
v 0.08154941 0.05919580 0.03497462
v 0.09044982 0.05893072 0.03200575
v 0.08796091 0.06499153 0.03394491
v 0.09044982 0.05893072 0.03200575
v 0.09624944 0.06390365 0.03050005
v 0.08796091 0.06499153 0.03394491
v 0.08796091 0.06499153 0.03394491
v 0.09624944 0.06390365 0.03050005
v 0.09409370 0.07034475 0.03256199
v 0.09624944 0.06390365 0.03050005
v 0.10163519 0.06838628 0.02861797
v 0.09409370 0.07034475 0.03256199
v 0.09409370 0.07034475 0.03256199
v 0.10163519 0.06838628 0.02861797
v 0.09978579 0.07519080 0.03079734
v 0.10163519 0.06838628 0.02861797
v 0.10581780 0.07592064 0.02754302
v 0.09978579 0.07519080 0.03079734
v 0.09978579 0.07519080 0.03079734
v 0.10581780 0.07592064 0.02754302
v 0.10487954 0.07947837 0.02863389
v 0.10581780 0.07592064 0.02754302
v 0.11008381 0.07946726 0.02493693
v 0.10487954 0.07947837 0.02863389
v 0.10487954 0.07947837 0.02863389
v 0.11008381 0.07946726 0.02493693
v 0.10923573 0.08317354 0.02606708
v 0.11008381 0.07946726 0.02493693
v 0.11353648 0.08243652 0.02195688
v 0.10923573 0.08317354 0.02606708
v 0.10923573 0.08317354 0.02606708
v 0.11353648 0.08243652 0.02195688
v 0.11274777 0.08626391 0.02310585
v 0.11353648 0.08243652 0.02195688
v 0.11416630 0.08758527 0.02148409
v 0.11274777 0.08626391 0.02310585
v 0.11274777 0.08626391 0.02310585
v 0.11416630 0.08758527 0.02148409
v 0.11303714 0.09141604 0.02255800
v 0.11416630 0.08758527 0.02148409
v 0.11422707 0.09263171 0.02084687
v 0.11303714 0.09141604 0.02255800
v 0.11303714 0.09141604 0.02255800
v 0.11422707 0.09263171 0.02084687
v 0.11279127 0.09542826 0.02206297
v 0.11443056 0.06186181 -0.00010236
v 0.11496137 0.06278838 -0.00322761
v 0.11623551 0.06547532 0.00089477
v 0.11496137 0.06278838 -0.00322761
v 0.11655109 0.06614217 -0.00248044
v 0.11623551 0.06547532 0.00089477
v 0.11623551 0.06547532 0.00089477
v 0.11655109 0.06614217 -0.00248044
v 0.11766475 0.06925236 0.00191445
v 0.11655109 0.06614217 -0.00248044
v 0.11774626 0.06938937 -0.00175701
v 0.11766475 0.06925236 0.00191445
v 0.11766475 0.06925236 0.00191445
v 0.11774626 0.06938937 -0.00175701
v 0.11823579 0.07103865 -0.00138958
v 0.11903335 0.08930957 0.00705086
v 0.11875122 0.08819034 0.01111532
v 0.11953173 0.08526094 0.00604629
v 0.11875122 0.08819034 0.01111532
v 0.11918437 0.08415682 0.01002096
v 0.11953173 0.08526094 0.00604629
v 0.11953173 0.08526094 0.00604629
v 0.11918437 0.08415682 0.01002096
v 0.11964526 0.08119647 0.00502232
v 0.11918437 0.08415682 0.01002096
v 0.11923713 0.08012322 0.00889518
v 0.11964526 0.08119647 0.00502232
v 0.11964526 0.08119647 0.00502232
v 0.11923713 0.08012322 0.00889518
v 0.11937220 0.07714988 0.00398682
v 0.11923713 0.08012322 0.00889518
v 0.11891031 0.07612226 0.00774560
v 0.11937220 0.07714988 0.00398682
v 0.11937220 0.07714988 0.00398682
v 0.11891031 0.07612226 0.00774560
v 0.11871158 0.07315668 0.00294811
v 0.11891031 0.07612226 0.00774560
v 0.11820587 0.07218811 0.00658018
v 0.11871158 0.07315668 0.00294811
v 0.11871158 0.07315668 0.00294811
v 0.11820587 0.07218811 0.00658018
v 0.11766475 0.06925236 0.00191445
v 0.11820587 0.07218811 0.00658018
v 0.11712775 0.06835427 0.00540647
v 0.11766475 0.06925236 0.00191445
v 0.11766475 0.06925236 0.00191445
v 0.11712775 0.06835427 0.00540647
v 0.11623551 0.06547532 0.00089477
v 0.11712775 0.06835427 0.00540647
v 0.11568067 0.06465729 0.00423244
v 0.11623551 0.06547532 0.00089477
v 0.11623551 0.06547532 0.00089477
v 0.11568067 0.06465729 0.00423244
v 0.11443056 0.06186181 -0.00010236
v 0.11568067 0.06465729 0.00423244
v 0.11387281 0.06113034 0.00306527
v 0.11443056 0.06186181 -0.00010236
v 0.11443056 0.06186181 -0.00010236
v 0.11387281 0.06113034 0.00306527
v 0.11171651 0.05780907 0.00191479
v 0.10922485 0.05472706 0.00079950
v 0.10983920 0.05535715 -0.00488318
v 0.11171651 0.05780907 0.00191479
v 0.10983920 0.05535715 -0.00488318
v 0.11237420 0.05858305 -0.00416449
v 0.11171651 0.05780907 0.00191479
v 0.11171651 0.05780907 0.00191479
v 0.11237420 0.05858305 -0.00416449
v 0.11443056 0.06186181 -0.00010236
v 0.11237420 0.05858305 -0.00416449
v 0.11446605 0.06188623 -0.00342860
v 0.11443056 0.06186181 -0.00010236
v 0.11443056 0.06186181 -0.00010236
v 0.11446605 0.06188623 -0.00342860
v 0.11496137 0.06278838 -0.00322761
v 0.10559857 0.05120955 0.00224993
v 0.10641687 0.05191395 -0.00025165
v 0.10837691 0.05390855 0.00350102
v 0.10641687 0.05191395 -0.00025165
v 0.10922485 0.05472706 0.00079950
v 0.10837691 0.05390855 0.00350102
v 0.10837691 0.05390855 0.00350102
v 0.10922485 0.05472706 0.00079950
v 0.11083211 0.05688879 0.00481930
v 0.10922485 0.05472706 0.00079950
v 0.11171651 0.05780907 0.00191479
v 0.11083211 0.05688879 0.00481930
v 0.11083211 0.05688879 0.00481930
v 0.11171651 0.05780907 0.00191479
v 0.11294777 0.06012003 0.00615784
v 0.11171651 0.05780907 0.00191479
v 0.11387281 0.06113034 0.00306527
v 0.11294777 0.06012003 0.00615784
v 0.11294777 0.06012003 0.00615784
v 0.11387281 0.06113034 0.00306527
v 0.11471945 0.06356419 0.00749066
v 0.11387281 0.06113034 0.00306527
v 0.11568067 0.06465729 0.00423244
v 0.11471945 0.06356419 0.00749066
v 0.11471945 0.06356419 0.00749066
v 0.11568067 0.06465729 0.00423244
v 0.11614209 0.06718303 0.00880894
v 0.11568067 0.06465729 0.00423244
v 0.11712775 0.06835427 0.00540647
v 0.11614209 0.06718303 0.00880894
v 0.11614209 0.06718303 0.00880894
v 0.11712775 0.06835427 0.00540647
v 0.11720891 0.07094438 0.01010837
v 0.11712775 0.06835427 0.00540647
v 0.11820587 0.07218811 0.00658018
v 0.11720891 0.07094438 0.01010837
v 0.11720891 0.07094438 0.01010837
v 0.11820587 0.07218811 0.00658018
v 0.11791593 0.07481268 0.01138321
v 0.11820587 0.07218811 0.00658018
v 0.11891031 0.07612226 0.00774560
v 0.11791593 0.07481268 0.01138321
v 0.11791593 0.07481268 0.01138321
v 0.11891031 0.07612226 0.00774560
v 0.11825799 0.07875609 0.01262768
v 0.11891031 0.07612226 0.00774560
v 0.11923713 0.08012322 0.00889518
v 0.11825799 0.07875609 0.01262768
v 0.11825799 0.07875609 0.01262768
v 0.11923713 0.08012322 0.00889518
v 0.11823104 0.08274189 0.01383491
v 0.11923713 0.08012322 0.00889518
v 0.11918437 0.08415682 0.01002096
v 0.11823104 0.08274189 0.01383491
v 0.11823104 0.08274189 0.01383491
v 0.11918437 0.08415682 0.01002096
v 0.11838360 0.08751364 0.01308411
v 0.11918437 0.08415682 0.01002096
v 0.11875122 0.08819034 0.01111532
v 0.11838360 0.08751364 0.01308411
v 0.11838360 0.08751364 0.01308411
v 0.11875122 0.08819034 0.01111532
v 0.11793873 0.09218910 0.01217016
v 0.11875122 0.08819034 0.01111532
v 0.11903335 0.08930957 0.00705086
v 0.11793873 0.09218910 0.01217016
v 0.11793873 0.09218910 0.01217016
v 0.11903335 0.08930957 0.00705086
v 0.11815487 0.09330737 0.00802794
v 0.11903335 0.08930957 0.00705086
v 0.11920975 0.08866474 0.00253726
v 0.11815487 0.09330737 0.00802794
v 0.11815487 0.09330737 0.00802794
v 0.11920975 0.08866474 0.00253726
v 0.11840325 0.09265295 0.00342576
v 0.03962764 0.06319542 0.00048931
v 0.03973187 0.06334911 0.00025915
v 0.04151646 0.05966416 -0.00026527
v 0.03973187 0.06334911 0.00025915
v 0.04170157 0.05988869 -0.00064735
v 0.04151646 0.05966416 -0.00026527
v 0.04151646 0.05966416 -0.00026527
v 0.04170157 0.05988869 -0.00064735
v 0.04382313 0.05644321 -0.00105652
v 0.04170157 0.05988869 -0.00064735
v 0.04401668 0.05663051 -0.00144740
v 0.04382313 0.05644321 -0.00105652
v 0.04382313 0.05644321 -0.00105652
v 0.04401668 0.05663051 -0.00144740
v 0.04644851 0.05345728 -0.00172742
v 0.04401668 0.05663051 -0.00144740
v 0.04665593 0.05360987 -0.00213231
v 0.04644851 0.05345728 -0.00172742
v 0.04644851 0.05345728 -0.00172742
v 0.04665593 0.05360987 -0.00213231
v 0.04937194 0.05074113 -0.00227117
v 0.04665593 0.05360987 -0.00213231
v 0.04959811 0.05086249 -0.00269495
v 0.04937194 0.05074113 -0.00227117
v 0.04937194 0.05074113 -0.00227117
v 0.04959811 0.05086249 -0.00269495
v 0.05281658 0.04842364 -0.00312993
v 0.04959811 0.05086249 -0.00269495
v 0.05300616 0.04850272 -0.00358275
v 0.05281658 0.04842364 -0.00312993
v 0.05281658 0.04842364 -0.00312993
v 0.05300616 0.04850272 -0.00358275
v 0.05648969 0.04638224 -0.00391495
v 0.05300616 0.04850272 -0.00358275
v 0.05664008 0.04643153 -0.00439873
v 0.05648969 0.04638224 -0.00391495
v 0.05648969 0.04638224 -0.00391495
v 0.05664008 0.04643153 -0.00439873
v 0.06017523 0.04462084 -0.00412339
v 0.05664008 0.04643153 -0.00439873
v 0.06045548 0.04468806 -0.00515785
v 0.06017523 0.04462084 -0.00412339
v 0.06017523 0.04462084 -0.00412339
v 0.06045548 0.04468806 -0.00515785
v 0.06401823 0.04322468 -0.00421126
v 0.06045548 0.04468806 -0.00515785
v 0.06433921 0.04327874 -0.00531986
v 0.06401823 0.04322468 -0.00421126
v 0.06401823 0.04322468 -0.00421126
v 0.06433921 0.04327874 -0.00531986
v 0.06797569 0.04219238 -0.00418284
v 0.06433921 0.04327874 -0.00531986
v 0.06834121 0.04224343 -0.00537428
v 0.06797569 0.04219238 -0.00418284
v 0.06797569 0.04219238 -0.00418284
v 0.06834121 0.04224343 -0.00537428
v 0.07200646 0.04152106 -0.00404112
v 0.06834121 0.04224343 -0.00537428
v 0.07241966 0.04157986 -0.00532345
v 0.07200646 0.04152106 -0.00404112
v 0.07200646 0.04152106 -0.00404112
v 0.07241966 0.04157986 -0.00532345
v 0.07607176 0.04120765 -0.00378832
v 0.07241966 0.04157986 -0.00532345
v 0.07653504 0.04128562 -0.00516922
v 0.07607176 0.04120765 -0.00378832
v 0.07607176 0.04120765 -0.00378832
v 0.07653504 0.04128562 -0.00516922
v 0.08013710 0.04125005 -0.00342502
v 0.07653504 0.04128562 -0.00516922
v 0.08065217 0.04135936 -0.00491216
v 0.08013710 0.04125005 -0.00342502
v 0.08013710 0.04125005 -0.00342502
v 0.08065217 0.04135936 -0.00491216
v 0.08416660 0.04164714 -0.00295113
v 0.08065217 0.04135936 -0.00491216
v 0.08473431 0.04180088 -0.00455234
v 0.08416660 0.04164714 -0.00295113
v 0.08416660 0.04164714 -0.00295113
v 0.08473431 0.04180088 -0.00455234
v 0.08812429 0.04239692 -0.00236591
v 0.08473431 0.04180088 -0.00455234
v 0.08874393 0.04260907 -0.00408947
v 0.08812429 0.04239692 -0.00236591
v 0.08812429 0.04239692 -0.00236591
v 0.08874393 0.04260907 -0.00408947
v 0.09197624 0.04349585 -0.00166867
v 0.08874393 0.04260907 -0.00408947
v 0.09264565 0.04378101 -0.00352352
v 0.09197624 0.04349585 -0.00166867
v 0.09197624 0.04349585 -0.00166867
v 0.09264565 0.04378101 -0.00352352
v 0.09568452 0.04493706 -0.00085881
v 0.09264565 0.04378101 -0.00352352
v 0.09639978 0.04530995 -0.00285511
v 0.09568452 0.04493706 -0.00085881
v 0.09568452 0.04493706 -0.00085881
v 0.09639978 0.04530995 -0.00285511
v 0.09921537 0.04671126 0.00006421
v 0.09639978 0.04530995 -0.00285511
v 0.09997084 0.04718550 -0.00208537
v 0.09921537 0.04671126 0.00006421
v 0.09921537 0.04671126 0.00006421
v 0.09997084 0.04718550 -0.00208537
v 0.10253213 0.04880564 0.00110074
v 0.09997084 0.04718550 -0.00208537
v 0.10332149 0.04939236 -0.00121644
v 0.10253213 0.04880564 0.00110074
v 0.10438699 0.05016798 0.00462120
v 0.10559857 0.05120955 0.00224993
v 0.10712573 0.05273046 0.00607755
v 0.10559857 0.05120955 0.00224993
v 0.10837691 0.05390855 0.00350102
v 0.10712573 0.05273046 0.00607755
v 0.10712573 0.05273046 0.00607755
v 0.10837691 0.05390855 0.00350102
v 0.10952008 0.05559925 0.00760534
v 0.10837691 0.05390855 0.00350102
v 0.11083211 0.05688879 0.00481930
v 0.10952008 0.05559925 0.00760534
v 0.10952008 0.05559925 0.00760534
v 0.11083211 0.05688879 0.00481930
v 0.11155629 0.05874032 0.00913299
v 0.11083211 0.05688879 0.00481930
v 0.11294777 0.06012003 0.00615784
v 0.11155629 0.05874032 0.00913299
v 0.11155629 0.05874032 0.00913299
v 0.11294777 0.06012003 0.00615784
v 0.11324418 0.06210430 0.01062476
v 0.11294777 0.06012003 0.00615784
v 0.11471945 0.06356419 0.00749066
v 0.11324418 0.06210430 0.01062476
v 0.11324418 0.06210430 0.01062476
v 0.11471945 0.06356419 0.00749066
v 0.11459097 0.06564569 0.01207400
v 0.11471945 0.06356419 0.00749066
v 0.11614209 0.06718303 0.00880894
v 0.11459097 0.06564569 0.01207400
v 0.11459097 0.06564569 0.01207400
v 0.11614209 0.06718303 0.00880894
v 0.11559472 0.06933079 0.01348101
v 0.11614209 0.06718303 0.00880894
v 0.11720891 0.07094438 0.01010837
v 0.11559472 0.06933079 0.01348101
v 0.11559472 0.06933079 0.01348101
v 0.11720891 0.07094438 0.01010837
v 0.11625408 0.07312410 0.01484384
v 0.11720891 0.07094438 0.01010837
v 0.11791593 0.07481268 0.01138321
v 0.11625408 0.07312410 0.01484384
v 0.11625408 0.07312410 0.01484384
v 0.11791593 0.07481268 0.01138321
v 0.11656425 0.07699497 0.01615961
v 0.11791593 0.07481268 0.01138321
v 0.11825799 0.07875609 0.01262768
v 0.11656425 0.07699497 0.01615961
v 0.11656425 0.07699497 0.01615961
v 0.11825799 0.07875609 0.01262768
v 0.11652020 0.08091213 0.01742345
v 0.11825799 0.07875609 0.01262768
v 0.11823104 0.08274189 0.01383491
v 0.11652020 0.08091213 0.01742345
v 0.11652020 0.08091213 0.01742345
v 0.11823104 0.08274189 0.01383491
v 0.11708166 0.08585262 0.01684934
v 0.11823104 0.08274189 0.01383491
v 0.11783271 0.08673855 0.01499818
v 0.11708166 0.08585262 0.01684934
v 0.11708166 0.08585262 0.01684934
v 0.11783271 0.08673855 0.01499818
v 0.11706075 0.09071217 0.01610992
v 0.11783271 0.08673855 0.01499818
v 0.11759505 0.09150353 0.01417037
v 0.11706075 0.09071217 0.01610992
v 0.11706075 0.09071217 0.01610992
v 0.11759505 0.09150353 0.01417037
v 0.11642742 0.09543178 0.01520309
v 0.11759505 0.09150353 0.01417037
v 0.11674597 0.09611943 0.01317739
v 0.11642742 0.09543178 0.01520309
v 0.11642742 0.09543178 0.01520309
v 0.11674597 0.09611943 0.01317739
v 0.11494694 0.09809440 0.01713123
v 0.11674597 0.09611943 0.01317739
v 0.11553100 0.09930781 0.01367396
v 0.11494694 0.09809440 0.01713123
v 0.11061163 0.07574378 0.02372061
v 0.10646442 0.07234026 0.02635553
v 0.11082578 0.07203169 0.02242063
v 0.10646442 0.07234026 0.02635553
v 0.10682540 0.06876314 0.02507133
v 0.11082578 0.07203169 0.02242063
v 0.11082578 0.07203169 0.02242063
v 0.10682540 0.06876314 0.02507133
v 0.11072787 0.06835751 0.02103648
v 0.10682540 0.06876314 0.02507133
v 0.10690066 0.06521393 0.02368630
v 0.11072787 0.06835751 0.02103648
v 0.11072787 0.06835751 0.02103648
v 0.10690066 0.06521393 0.02368630
v 0.11032137 0.06474960 0.01956652
v 0.10690066 0.06521393 0.02368630
v 0.10669139 0.06171956 0.02219461
v 0.11032137 0.06474960 0.01956652
v 0.11032137 0.06474960 0.01956652
v 0.10669139 0.06171956 0.02219461
v 0.10960587 0.06123766 0.01800445
v 0.10669139 0.06171956 0.02219461
v 0.10619272 0.05830991 0.02058418
v 0.10960587 0.06123766 0.01800445
v 0.10960587 0.06123766 0.01800445
v 0.10619272 0.05830991 0.02058418
v 0.10857205 0.05785993 0.01634046
v 0.10619272 0.05830991 0.02058418
v 0.10538796 0.05502570 0.01883767
v 0.10857205 0.05785993 0.01634046
v 0.10857205 0.05785993 0.01634046
v 0.10538796 0.05502570 0.01883767
v 0.10720208 0.05466071 0.01456004
v 0.10538796 0.05502570 0.01883767
v 0.10424543 0.05191959 0.01693173
v 0.10720208 0.05466071 0.01456004
v 0.10720208 0.05466071 0.01456004
v 0.10424543 0.05191959 0.01693173
v 0.10545029 0.05171312 0.01266214
v 0.10424543 0.05191959 0.01693173
v 0.10352707 0.05046057 0.01591494
v 0.10545029 0.05171312 0.01266214
v 0.10352707 0.05046057 0.01591494
v 0.10269516 0.04908339 0.01486012
v 0.10545029 0.05171312 0.01266214
v 0.10545029 0.05171312 0.01266214
v 0.10269516 0.04908339 0.01486012
v 0.10326214 0.04910816 0.01070827
v 0.11470804 0.09773362 0.01796508
v 0.11372738 0.09647509 0.02041587
v 0.11591252 0.09462989 0.01716236
v 0.11372738 0.09647509 0.02041587
v 0.11518319 0.09370018 0.01904618
v 0.11591252 0.09462989 0.01716236
v 0.11591252 0.09462989 0.01716236
v 0.11518319 0.09370018 0.01904618
v 0.11631832 0.08980206 0.01798022
v 0.11518319 0.09370018 0.01904618
v 0.11535577 0.08876256 0.01977375
v 0.11631832 0.08980206 0.01798022
v 0.11631832 0.08980206 0.01798022
v 0.11535577 0.08876256 0.01977375
v 0.11611894 0.08484554 0.01863031
v 0.11535577 0.08876256 0.01977375
v 0.11493792 0.08370896 0.02033467
v 0.11611894 0.08484554 0.01863031
v 0.11611894 0.08484554 0.01863031
v 0.11493792 0.08370896 0.02033467
v 0.11652020 0.08091213 0.01742345
v 0.11493792 0.08370896 0.02033467
v 0.11398122 0.07859445 0.02073286
v 0.11652020 0.08091213 0.01742345
v 0.11652020 0.08091213 0.01742345
v 0.11398122 0.07859445 0.02073286
v 0.11656425 0.07699497 0.01615961
v 0.11398122 0.07859445 0.02073286
v 0.11408813 0.07476852 0.01943854
v 0.11656425 0.07699497 0.01615961
v 0.11656425 0.07699497 0.01615961
v 0.11408813 0.07476852 0.01943854
v 0.11625408 0.07312410 0.01484384
v 0.11408813 0.07476852 0.01943854
v 0.11385992 0.07098711 0.01807653
v 0.11625408 0.07312410 0.01484384
v 0.11625408 0.07312410 0.01484384
v 0.11385992 0.07098711 0.01807653
v 0.11559472 0.06933079 0.01348101
v 0.11385992 0.07098711 0.01807653
v 0.11330142 0.06728002 0.01664881
v 0.11559472 0.06933079 0.01348101
v 0.11559472 0.06933079 0.01348101
v 0.11330142 0.06728002 0.01664881
v 0.11459097 0.06564569 0.01207400
v 0.11330142 0.06728002 0.01664881
v 0.11241549 0.06367718 0.01515418
v 0.11459097 0.06564569 0.01207400
v 0.11459097 0.06564569 0.01207400
v 0.11241549 0.06367718 0.01515418
v 0.11324418 0.06210430 0.01062476
v 0.11241549 0.06367718 0.01515418
v 0.11119898 0.06021503 0.01358935
v 0.11324418 0.06210430 0.01062476
v 0.11324418 0.06210430 0.01062476
v 0.11119898 0.06021503 0.01358935
v 0.11155629 0.05874032 0.00913299
v 0.11119898 0.06021503 0.01358935
v 0.10964551 0.05693139 0.01194765
v 0.11155629 0.05874032 0.00913299
v 0.11155629 0.05874032 0.00913299
v 0.10964551 0.05693139 0.01194765
v 0.10952008 0.05559925 0.00760534
v 0.10964551 0.05693139 0.01194765
v 0.10773069 0.05388361 0.01023239
v 0.10952008 0.05559925 0.00760534
v 0.10952008 0.05559925 0.00760534
v 0.10773069 0.05388361 0.01023239
v 0.10712573 0.05273046 0.00607755
v 0.10773069 0.05388361 0.01023239
v 0.10542485 0.05113899 0.00849130
v 0.10712573 0.05273046 0.00607755
v 0.10712573 0.05273046 0.00607755
v 0.10542485 0.05113899 0.00849130
v 0.10438699 0.05016798 0.00462120
v 0.10542485 0.05113899 0.00849130
v 0.10273898 0.04873844 0.00682704
v 0.10438699 0.05016798 0.00462120
v 0.11398122 0.07859445 0.02073286
v 0.11061163 0.07574378 0.02372061
v 0.11408813 0.07476852 0.01943854
v 0.11061163 0.07574378 0.02372061
v 0.11082578 0.07203169 0.02242063
v 0.11408813 0.07476852 0.01943854
v 0.11408813 0.07476852 0.01943854
v 0.11082578 0.07203169 0.02242063
v 0.11385992 0.07098711 0.01807653
v 0.11082578 0.07203169 0.02242063
v 0.11072787 0.06835751 0.02103648
v 0.11385992 0.07098711 0.01807653
v 0.11385992 0.07098711 0.01807653
v 0.11072787 0.06835751 0.02103648
v 0.11330142 0.06728002 0.01664881
v 0.11072787 0.06835751 0.02103648
v 0.11032137 0.06474960 0.01956652
v 0.11330142 0.06728002 0.01664881
v 0.11330142 0.06728002 0.01664881
v 0.11032137 0.06474960 0.01956652
v 0.11241549 0.06367718 0.01515418
v 0.11032137 0.06474960 0.01956652
v 0.10960587 0.06123766 0.01800445
v 0.11241549 0.06367718 0.01515418
v 0.11241549 0.06367718 0.01515418
v 0.10960587 0.06123766 0.01800445
v 0.11119898 0.06021503 0.01358935
v 0.10960587 0.06123766 0.01800445
v 0.10857205 0.05785993 0.01634046
v 0.11119898 0.06021503 0.01358935
v 0.11119898 0.06021503 0.01358935
v 0.10857205 0.05785993 0.01634046
v 0.10964551 0.05693139 0.01194765
v 0.10857205 0.05785993 0.01634046
v 0.10720208 0.05466071 0.01456004
v 0.10964551 0.05693139 0.01194765
v 0.10964551 0.05693139 0.01194765
v 0.10720208 0.05466071 0.01456004
v 0.10773069 0.05388361 0.01023239
v 0.10720208 0.05466071 0.01456004
v 0.10545029 0.05171312 0.01266214
v 0.10773069 0.05388361 0.01023239
v 0.10773069 0.05388361 0.01023239
v 0.10545029 0.05171312 0.01266214
v 0.10542485 0.05113899 0.00849130
v 0.10545029 0.05171312 0.01266214
v 0.10326214 0.04910816 0.01070827
v 0.10542485 0.05113899 0.00849130
v 0.10542485 0.05113899 0.00849130
v 0.10326214 0.04910816 0.01070827
v 0.10273898 0.04873844 0.00682704
v 0.10326214 0.04910816 0.01070827
v 0.10064559 0.04689601 0.00883762
v 0.10273898 0.04873844 0.00682704
v 0.10135137 0.04791369 0.00328793
v 0.09973913 0.04666853 0.00531255
v 0.09806814 0.04596812 0.00208958
v 0.09973913 0.04666853 0.00531255
v 0.09649202 0.04491078 0.00396048
v 0.09806814 0.04596812 0.00208958
v 0.09806814 0.04596812 0.00208958
v 0.09649202 0.04491078 0.00396048
v 0.09457826 0.04433278 0.00102287
v 0.09649202 0.04491078 0.00396048
v 0.09304655 0.04345443 0.00276187
v 0.09457826 0.04433278 0.00102287
v 0.09457826 0.04433278 0.00102287
v 0.09304655 0.04345443 0.00276187
v 0.09091920 0.04301586 0.00008344
v 0.09304655 0.04345443 0.00276187
v 0.08944252 0.04230094 0.00170675
v 0.09091920 0.04301586 0.00008344
v 0.09091920 0.04301586 0.00008344
v 0.08944252 0.04230094 0.00170675
v 0.08712366 0.04202423 -0.00073206
v 0.08944252 0.04230094 0.00170675
v 0.08571234 0.04145345 0.00078793
v 0.08712366 0.04202423 -0.00073206
v 0.08712366 0.04202423 -0.00073206
v 0.08571234 0.04145345 0.00078793
v 0.08322787 0.04136390 -0.00142630
v 0.08571234 0.04145345 0.00078793
v 0.08189052 0.04091611 -0.00000028
v 0.08322787 0.04136390 -0.00142630
v 0.08322787 0.04136390 -0.00142630
v 0.08189052 0.04091611 -0.00000028
v 0.07926411 0.04103830 -0.00200125
v 0.08189052 0.04091611 -0.00000028
v 0.07800755 0.04069149 -0.00066164
v 0.07926411 0.04103830 -0.00200125
v 0.07926411 0.04103830 -0.00200125
v 0.07800755 0.04069149 -0.00066164
v 0.07526643 0.04104977 -0.00245861
v 0.07800755 0.04069149 -0.00066164
v 0.07409513 0.04078170 -0.00119931
v 0.07526643 0.04104977 -0.00245861
v 0.07526643 0.04104977 -0.00245861
v 0.07409513 0.04078170 -0.00119931
v 0.07126917 0.04139993 -0.00279898
v 0.07409513 0.04078170 -0.00119931
v 0.07018551 0.04118847 -0.00161481
v 0.07126917 0.04139993 -0.00279898
v 0.07126917 0.04139993 -0.00279898
v 0.07018551 0.04118847 -0.00161481
v 0.06684842 0.04201413 -0.00245839
v 0.07018551 0.04118847 -0.00161481
v 0.06630989 0.04191456 -0.00190865
v 0.06684842 0.04201413 -0.00245839
v 0.06684842 0.04201413 -0.00245839
v 0.06630989 0.04191456 -0.00190865
v 0.06250352 0.04296388 -0.00207901
v 0.06630989 0.04191456 -0.00190865
v 0.06193671 0.04284897 -0.00157533
v 0.06250352 0.04296388 -0.00207901
v 0.06250352 0.04296388 -0.00207901
v 0.06193671 0.04284897 -0.00157533
v 0.05828623 0.04422349 -0.00164811
v 0.06193671 0.04284897 -0.00157533
v 0.05770268 0.04408193 -0.00118756
v 0.05828623 0.04422349 -0.00164811
v 0.05828623 0.04422349 -0.00164811
v 0.05770268 0.04408193 -0.00118756
v 0.05424551 0.04576181 -0.00115502
v 0.05770268 0.04408193 -0.00118756
v 0.05365467 0.04558027 -0.00073658
v 0.05424551 0.04576181 -0.00115502
v 0.05424551 0.04576181 -0.00115502
v 0.05365467 0.04558027 -0.00073658
v 0.05042449 0.04753968 -0.00059382
v 0.05365467 0.04558027 -0.00073658
v 0.04983312 0.04730417 -0.00021832
v 0.05042449 0.04753968 -0.00059382
v 0.05042449 0.04753968 -0.00059382
v 0.04983312 0.04730417 -0.00021832
v 0.04685755 0.04951083 0.00003629
v 0.09769050 0.04504493 0.00714799
v 0.09522924 0.04303751 0.00877390
v 0.09448599 0.04351307 0.00565264
v 0.09522924 0.04303751 0.00877390
v 0.09207833 0.04176572 0.00714789
v 0.09448599 0.04351307 0.00565264
v 0.09448599 0.04351307 0.00565264
v 0.09207833 0.04176572 0.00714789
v 0.09109183 0.04227468 0.00433552
v 0.09207833 0.04176572 0.00714789
v 0.08874624 0.04078003 0.00572683
v 0.09109183 0.04227468 0.00433552
v 0.09109183 0.04227468 0.00433552
v 0.08874624 0.04078003 0.00572683
v 0.08755148 0.04132264 0.00317979
v 0.08874624 0.04078003 0.00572683
v 0.08528122 0.04006341 0.00448602
v 0.08755148 0.04132264 0.00317979
v 0.08755148 0.04132264 0.00317979
v 0.08528122 0.04006341 0.00448602
v 0.08389774 0.04065523 0.00217345
v 0.08528122 0.04006341 0.00448602
v 0.08171696 0.03960843 0.00340798
v 0.08389774 0.04065523 0.00217345
v 0.08389774 0.04065523 0.00217345
v 0.08171696 0.03960843 0.00340798
v 0.08016348 0.04027387 0.00130706
v 0.08171696 0.03960843 0.00340798
v 0.07808483 0.03941311 0.00247893
v 0.08016348 0.04027387 0.00130706
v 0.08016348 0.04027387 0.00130706
v 0.07808483 0.03941311 0.00247893
v 0.07637727 0.04017960 0.00057452
v 0.07808483 0.03941311 0.00247893
v 0.07441143 0.03947637 0.00169011
v 0.07637727 0.04017960 0.00057452
v 0.07637727 0.04017960 0.00057452
v 0.07441143 0.03947637 0.00169011
v 0.07168202 0.04010863 0.00051685
v 0.07441143 0.03947637 0.00169011
v 0.07072283 0.03979846 0.00103426
v 0.07168202 0.04010863 0.00051685
v 0.07168202 0.04010863 0.00051685
v 0.07072283 0.03979846 0.00103426
v 0.06704567 0.04038023 0.00050711
v 0.07072283 0.03979846 0.00103426
v 0.06608970 0.04007818 0.00097381
v 0.06704567 0.04038023 0.00050711
v 0.06704567 0.04038023 0.00050711
v 0.06608970 0.04007818 0.00097381
v 0.06251917 0.04096142 0.00055249
v 0.06608970 0.04007818 0.00097381
v 0.06158287 0.04065713 0.00097247
v 0.06251917 0.04096142 0.00055249
v 0.06251917 0.04096142 0.00055249
v 0.06158287 0.04065713 0.00097247
v 0.05814945 0.04181647 0.00065838
v 0.06158287 0.04065713 0.00097247
v 0.05959382 0.03991280 0.00172571
v 0.05814945 0.04181647 0.00065838
v 0.05814945 0.04181647 0.00065838
v 0.05959382 0.03991280 0.00172571
v 0.05631128 0.04113637 0.00138164
v 0.05959382 0.03991280 0.00172571
v 0.05750713 0.03897476 0.00235487
v 0.05631128 0.04113637 0.00138164
v 0.05631128 0.04113637 0.00138164
v 0.05750713 0.03897476 0.00235487
v 0.05438135 0.04027728 0.00198857
v 0.05750713 0.03897476 0.00235487
v 0.05840789 0.03656802 0.00335303
v 0.05438135 0.04027728 0.00198857
v 0.05438135 0.04027728 0.00198857
v 0.05840789 0.03656802 0.00335303
v 0.05242264 0.03923032 0.00247219
v 0.05840789 0.03656802 0.00335303
v 0.05049119 0.03799530 0.00283135
v 0.05242264 0.03923032 0.00247219
v 0.05242264 0.03923032 0.00247219
v 0.05049119 0.03799530 0.00283135
v 0.04504326 0.04131424 0.00237507
v 0.05049119 0.03799530 0.00283135
v 0.04686411 0.03501376 0.00320828
v 0.04504326 0.04131424 0.00237507
v 0.04504326 0.04131424 0.00237507
v 0.04686411 0.03501376 0.00320828
v 0.04190649 0.03867099 0.00272010
v 0.04686411 0.03501376 0.00320828
v 0.04169424 0.03327545 0.00301893
v 0.04190649 0.03867099 0.00272010
v 0.04190649 0.03867099 0.00272010
v 0.04169424 0.03327545 0.00301893
v 0.03913218 0.03558644 0.00278598
v 0.10269516 0.04908339 0.01486012
v 0.10173932 0.04780447 0.01378087
v 0.10326214 0.04910816 0.01070827
v 0.10173932 0.04780447 0.01378087
v 0.10065391 0.04663588 0.01269939
v 0.10326214 0.04910816 0.01070827
v 0.10326214 0.04910816 0.01070827
v 0.10065391 0.04663588 0.01269939
v 0.10064559 0.04689601 0.00883762
v 0.10065391 0.04663588 0.01269939
v 0.09944475 0.04558205 0.01164190
v 0.10064559 0.04689601 0.00883762
v 0.10064559 0.04689601 0.00883762
v 0.09944475 0.04558205 0.01164190
v 0.09812617 0.04463806 0.01062895
v 0.09944475 0.04558205 0.01164190
v 0.09671895 0.04335764 0.01143664
v 0.09812617 0.04463806 0.01062895
v 0.09812617 0.04463806 0.01062895
v 0.09671895 0.04335764 0.01143664
v 0.09385755 0.04189284 0.00950370
v 0.09671895 0.04335764 0.01143664
v 0.09240144 0.04065772 0.01017652
v 0.09385755 0.04189284 0.00950370
v 0.09385755 0.04189284 0.00950370
v 0.09240144 0.04065772 0.01017652
v 0.08931981 0.03967414 0.00843444
v 0.09240144 0.04065772 0.01017652
v 0.08782933 0.03850440 0.00899751
v 0.08931981 0.03967414 0.00843444
v 0.08931981 0.03967414 0.00843444
v 0.08782933 0.03850440 0.00899751
v 0.08606457 0.03896947 0.00692464
v 0.08782933 0.03850440 0.00899751
v 0.08311704 0.03685298 0.00792380
v 0.08606457 0.03896947 0.00692464
v 0.08606457 0.03896947 0.00692464
v 0.08311704 0.03685298 0.00792380
v 0.08268938 0.03851603 0.00561408
v 0.08311704 0.03685298 0.00792380
v 0.07984878 0.03668285 0.00655808
v 0.08268938 0.03851603 0.00561408
v 0.08268938 0.03851603 0.00561408
v 0.07984878 0.03668285 0.00655808
v 0.07922931 0.03830020 0.00447943
v 0.07984878 0.03668285 0.00655808
v 0.07650886 0.03672596 0.00538064
v 0.07922931 0.03830020 0.00447943
v 0.07922931 0.03830020 0.00447943
v 0.07650886 0.03672596 0.00538064
v 0.07571435 0.03831618 0.00350231
v 0.07650886 0.03672596 0.00538064
v 0.07312605 0.03697254 0.00436847
v 0.07571435 0.03831618 0.00350231
v 0.07571435 0.03831618 0.00350231
v 0.07312605 0.03697254 0.00436847
v 0.07216910 0.03856044 0.00267105
v 0.07312605 0.03697254 0.00436847
v 0.06972308 0.03741645 0.00350700
v 0.07216910 0.03856044 0.00267105
v 0.07216910 0.03856044 0.00267105
v 0.06972308 0.03741645 0.00350700
v 0.06861668 0.03903179 0.00197601
v 0.06972308 0.03741645 0.00350700
v 0.06632016 0.03805490 0.00278417
v 0.06861668 0.03903179 0.00197601
v 0.10253213 0.04880564 0.00110074
v 0.10135137 0.04791369 0.00328793
v 0.09921537 0.04671126 0.00006421
v 0.10135137 0.04791369 0.00328793
v 0.09806814 0.04596812 0.00208958
v 0.09921537 0.04671126 0.00006421
v 0.09921537 0.04671126 0.00006421
v 0.09806814 0.04596812 0.00208958
v 0.09568452 0.04493706 -0.00085881
v 0.09806814 0.04596812 0.00208958
v 0.09457826 0.04433278 0.00102287
v 0.09568452 0.04493706 -0.00085881
v 0.09568452 0.04493706 -0.00085881
v 0.09457826 0.04433278 0.00102287
v 0.09197624 0.04349585 -0.00166867
v 0.09457826 0.04433278 0.00102287
v 0.09091920 0.04301586 0.00008344
v 0.09197624 0.04349585 -0.00166867
v 0.09197624 0.04349585 -0.00166867
v 0.09091920 0.04301586 0.00008344
v 0.08812429 0.04239692 -0.00236591
v 0.09091920 0.04301586 0.00008344
v 0.08712366 0.04202423 -0.00073206
v 0.08812429 0.04239692 -0.00236591
v 0.08812429 0.04239692 -0.00236591
v 0.08712366 0.04202423 -0.00073206
v 0.08416660 0.04164714 -0.00295113
v 0.08712366 0.04202423 -0.00073206
v 0.08322787 0.04136390 -0.00142630
v 0.08416660 0.04164714 -0.00295113
v 0.08416660 0.04164714 -0.00295113
v 0.08322787 0.04136390 -0.00142630
v 0.08013710 0.04125005 -0.00342502
v 0.08322787 0.04136390 -0.00142630
v 0.07926411 0.04103830 -0.00200125
v 0.08013710 0.04125005 -0.00342502
v 0.08013710 0.04125005 -0.00342502
v 0.07926411 0.04103830 -0.00200125
v 0.07607176 0.04120765 -0.00378832
v 0.07926411 0.04103830 -0.00200125
v 0.07526643 0.04104977 -0.00245861
v 0.07607176 0.04120765 -0.00378832
v 0.07607176 0.04120765 -0.00378832
v 0.07526643 0.04104977 -0.00245861
v 0.07200646 0.04152106 -0.00404112
v 0.07526643 0.04104977 -0.00245861
v 0.07126917 0.04139993 -0.00279898
v 0.07200646 0.04152106 -0.00404112
v 0.07200646 0.04152106 -0.00404112
v 0.07126917 0.04139993 -0.00279898
v 0.06797569 0.04219238 -0.00418284
v 0.07126917 0.04139993 -0.00279898
v 0.06730552 0.04209136 -0.00302213
v 0.06797569 0.04219238 -0.00418284
v 0.06797569 0.04219238 -0.00418284
v 0.06730552 0.04209136 -0.00302213
v 0.06401823 0.04322468 -0.00421126
v 0.06730552 0.04209136 -0.00302213
v 0.06341284 0.04312765 -0.00312587
v 0.06401823 0.04322468 -0.00421126
v 0.06401823 0.04322468 -0.00421126
v 0.06341284 0.04312765 -0.00312587
v 0.05993790 0.04457303 -0.00361211
v 0.06341284 0.04312765 -0.00312587
v 0.05963088 0.04451225 -0.00310700
v 0.05993790 0.04457303 -0.00361211
v 0.05993790 0.04457303 -0.00361211
v 0.05963088 0.04451225 -0.00310700
v 0.05600125 0.04624754 -0.00296067
v 0.05963088 0.04451225 -0.00310700
v 0.05565891 0.04615705 -0.00249353
v 0.05600125 0.04624754 -0.00296067
v 0.05600125 0.04624754 -0.00296067
v 0.05565891 0.04615705 -0.00249353
v 0.05225686 0.04821603 -0.00224304
v 0.05565891 0.04615705 -0.00249353
v 0.05188551 0.04808285 -0.00181240
v 0.05225686 0.04821603 -0.00224304
v 0.05225686 0.04821603 -0.00224304
v 0.05188551 0.04808285 -0.00181240
v 0.04874913 0.05043365 -0.00145060
v 0.05188551 0.04808285 -0.00181240
v 0.04835349 0.05024376 -0.00105712
v 0.04874913 0.05043365 -0.00145060
v 0.04874913 0.05043365 -0.00145060
v 0.04835349 0.05024376 -0.00105712
v 0.04550668 0.05284499 -0.00058237
v 0.04835349 0.05024376 -0.00105712
v 0.04508897 0.05258477 -0.00022870
v 0.04550668 0.05284499 -0.00058237
v 0.04550668 0.05284499 -0.00058237
v 0.04508897 0.05258477 -0.00022870
v 0.04254374 0.05539124 0.00035590
v 0.04508897 0.05258477 -0.00022870
v 0.04411197 0.05197475 0.00042854
v 0.04254374 0.05539124 0.00035590
v 0.04254374 0.05539124 0.00035590
v 0.04411197 0.05197475 0.00042854
v 0.04161744 0.05467341 0.00095606
v 0.11372738 0.09647509 0.02041587
v 0.11279127 0.09542826 0.02206297
v 0.11518319 0.09370018 0.01904618
v 0.11279127 0.09542826 0.02206297
v 0.11422707 0.09263171 0.02084687
v 0.11518319 0.09370018 0.01904618
v 0.11518319 0.09370018 0.01904618
v 0.11422707 0.09263171 0.02084687
v 0.11535577 0.08876256 0.01977375
v 0.11422707 0.09263171 0.02084687
v 0.11416630 0.08758527 0.02148409
v 0.11535577 0.08876256 0.01977375
v 0.11535577 0.08876256 0.01977375
v 0.11416630 0.08758527 0.02148409
v 0.11493792 0.08370896 0.02033467
v 0.11416630 0.08758527 0.02148409
v 0.11353648 0.08243652 0.02195688
v 0.11493792 0.08370896 0.02033467
v 0.11493792 0.08370896 0.02033467
v 0.11353648 0.08243652 0.02195688
v 0.11398122 0.07859445 0.02073286
v 0.11353648 0.08243652 0.02195688
v 0.11008381 0.07946726 0.02493693
v 0.11398122 0.07859445 0.02073286
v 0.11398122 0.07859445 0.02073286
v 0.11008381 0.07946726 0.02493693
v 0.11061163 0.07574378 0.02372061
v 0.11008381 0.07946726 0.02493693
v 0.10581780 0.07592064 0.02754302
v 0.11061163 0.07574378 0.02372061
v 0.11061163 0.07574378 0.02372061
v 0.10581780 0.07592064 0.02754302
v 0.10646442 0.07234026 0.02635553
v 0.10581780 0.07592064 0.02754302
v 0.10163519 0.06838628 0.02861797
v 0.10646442 0.07234026 0.02635553
v 0.10646442 0.07234026 0.02635553
v 0.10163519 0.06838628 0.02861797
v 0.10682540 0.06876314 0.02507133
v 0.10163519 0.06838628 0.02861797
v 0.10217535 0.06496274 0.02736615
v 0.10682540 0.06876314 0.02507133
v 0.10682540 0.06876314 0.02507133
v 0.10217535 0.06496274 0.02736615
v 0.10690066 0.06521393 0.02368630
v 0.10217535 0.06496274 0.02736615
v 0.10245851 0.06155543 0.02599728
v 0.10690066 0.06521393 0.02368630
v 0.10690066 0.06521393 0.02368630
v 0.10245851 0.06155543 0.02599728
v 0.10669139 0.06171956 0.02219461
v 0.10245851 0.06155543 0.02599728
v 0.10248280 0.05818994 0.02450101
v 0.10669139 0.06171956 0.02219461
v 0.10669139 0.06171956 0.02219461
v 0.10248280 0.05818994 0.02450101
v 0.10619272 0.05830991 0.02058418
v 0.10248280 0.05818994 0.02450101
v 0.10223822 0.05489661 0.02285911
v 0.10619272 0.05830991 0.02058418
v 0.10619272 0.05830991 0.02058418
v 0.10223822 0.05489661 0.02285911
v 0.10538796 0.05502570 0.01883767
v 0.10223822 0.05489661 0.02285911
v 0.10169996 0.05171916 0.02104624
v 0.10538796 0.05502570 0.01883767
v 0.10538796 0.05502570 0.01883767
v 0.10169996 0.05171916 0.02104624
v 0.10424543 0.05191959 0.01693173
v 0.10169996 0.05171916 0.02104624
v 0.10082100 0.04871975 0.01902961
v 0.10424543 0.05191959 0.01693173
v 0.10424543 0.05191959 0.01693173
v 0.10082100 0.04871975 0.01902961
v 0.10352707 0.05046057 0.01591494
v 0.10082100 0.04871975 0.01902961
v 0.10022564 0.04731987 0.01793855
v 0.10352707 0.05046057 0.01591494
v 0.10352707 0.05046057 0.01591494
v 0.10022564 0.04731987 0.01793855
v 0.10269516 0.04908339 0.01486012
v 0.10022564 0.04731987 0.01793855
v 0.09950544 0.04601051 0.01679740
v 0.10269516 0.04908339 0.01486012
v 0.10269516 0.04908339 0.01486012
v 0.09950544 0.04601051 0.01679740
v 0.10173932 0.04780447 0.01378087
v 0.09950544 0.04601051 0.01679740
v 0.09864587 0.04481221 0.01562262
v 0.10173932 0.04780447 0.01378087
v 0.10173932 0.04780447 0.01378087
v 0.09864587 0.04481221 0.01562262
v 0.10065391 0.04663588 0.01269939
v 0.09864587 0.04481221 0.01562262
v 0.09763909 0.04374012 0.01444165
v 0.10065391 0.04663588 0.01269939
v 0.10065391 0.04663588 0.01269939
v 0.09763909 0.04374012 0.01444165
v 0.09944475 0.04558205 0.01164190
v 0.09763909 0.04374012 0.01444165
v 0.09649198 0.04279871 0.01328687
v 0.09944475 0.04558205 0.01164190
v 0.09944475 0.04558205 0.01164190
v 0.09649198 0.04279871 0.01328687
v 0.09671895 0.04335764 0.01143664
v 0.09649198 0.04279871 0.01328687
v 0.09522229 0.04198073 0.01218354
v 0.09671895 0.04335764 0.01143664
v 0.09671895 0.04335764 0.01143664
v 0.09522229 0.04198073 0.01218354
v 0.09240144 0.04065772 0.01017652
v 0.09522229 0.04198073 0.01218354
v 0.09086900 0.03933560 0.01079165
v 0.09240144 0.04065772 0.01017652
v 0.09240144 0.04065772 0.01017652
v 0.09086900 0.03933560 0.01079165
v 0.08782933 0.03850440 0.00899751
v 0.09086900 0.03933560 0.01079165
v 0.08627694 0.03725621 0.00950698
v 0.08782933 0.03850440 0.00899751
v 0.08782933 0.03850440 0.00899751
v 0.08627694 0.03725621 0.00950698
v 0.08311704 0.03685298 0.00792380
v 0.08627694 0.03725621 0.00950698
v 0.08467226 0.03593329 0.00996316
v 0.08311704 0.03685298 0.00792380
v 0.08311704 0.03685298 0.00792380
v 0.08467226 0.03593329 0.00996316
v 0.07998219 0.03445017 0.00872540
v 0.08467226 0.03593329 0.00996316
v 0.08302508 0.03454005 0.01036694
v 0.07998219 0.03445017 0.00872540
v 0.07998219 0.03445017 0.00872540
v 0.08302508 0.03454005 0.01036694
v 0.07673977 0.03178880 0.00933694
v 0.08302508 0.03454005 0.01036694
v 0.07964171 0.03156180 0.01102262
v 0.07673977 0.03178880 0.00933694
v 0.07673977 0.03178880 0.00933694
v 0.07964171 0.03156180 0.01102262
v 0.07346354 0.02890340 0.00977255
v 0.02543978 0.04793925 0.00365963
v 0.02775946 0.05049801 0.00365186
v 0.02995927 0.04386151 0.00296946
v 0.02775946 0.05049801 0.00365186
v 0.03254884 0.04667154 0.00293571
v 0.02995927 0.04386151 0.00296946
v 0.02995927 0.04386151 0.00296946
v 0.03254884 0.04667154 0.00293571
v 0.02998619 0.04383722 0.00296658
v 0.03254884 0.04667154 0.00293571
v 0.03336794 0.04078629 0.00271642
v 0.02998619 0.04383722 0.00296658
v 0.03730816 0.06053451 0.00245788
v 0.03744050 0.06067463 0.00240004
v 0.03938921 0.05758218 0.00161491
v 0.03744050 0.06067463 0.00240004
v 0.03859820 0.06193382 0.00171959
v 0.03938921 0.05758218 0.00161491
v 0.03938921 0.05758218 0.00161491
v 0.03859820 0.06193382 0.00171959
v 0.04028592 0.05841827 0.00107175
v 0.03859820 0.06193382 0.00171959
v 0.03903738 0.06244105 0.00132458
v 0.04028592 0.05841827 0.00107175
v 0.04028592 0.05841827 0.00107175
v 0.03903738 0.06244105 0.00132458
v 0.04099902 0.05911238 0.00044343
v 0.03903738 0.06244105 0.00132458
v 0.03926589 0.06271855 0.00106100
v 0.04099902 0.05911238 0.00044343
v 0.04099902 0.05911238 0.00044343
v 0.03926589 0.06271855 0.00106100
v 0.04128247 0.05940579 0.00009870
v 0.03926589 0.06271855 0.00106100
v 0.03931757 0.06278324 0.00099333
v 0.04128247 0.05940579 0.00009870
v 0.04128247 0.05940579 0.00009870
v 0.03931757 0.06278324 0.00099333
v 0.03962764 0.06319542 0.00048931
v 0.09973913 0.04666853 0.00531255
v 0.09769050 0.04504493 0.00714799
v 0.09649202 0.04491078 0.00396048
v 0.09769050 0.04504493 0.00714799
v 0.09448599 0.04351307 0.00565264
v 0.09649202 0.04491078 0.00396048
v 0.09649202 0.04491078 0.00396048
v 0.09448599 0.04351307 0.00565264
v 0.09304655 0.04345443 0.00276187
v 0.09448599 0.04351307 0.00565264
v 0.09109183 0.04227468 0.00433552
v 0.09304655 0.04345443 0.00276187
v 0.09304655 0.04345443 0.00276187
v 0.09109183 0.04227468 0.00433552
v 0.08944252 0.04230094 0.00170675
v 0.09109183 0.04227468 0.00433552
v 0.08755148 0.04132264 0.00317979
v 0.08944252 0.04230094 0.00170675
v 0.08944252 0.04230094 0.00170675
v 0.08755148 0.04132264 0.00317979
v 0.08571234 0.04145345 0.00078793
v 0.08755148 0.04132264 0.00317979
v 0.08389774 0.04065523 0.00217345
v 0.08571234 0.04145345 0.00078793
v 0.08571234 0.04145345 0.00078793
v 0.08389774 0.04065523 0.00217345
v 0.08189052 0.04091611 -0.00000028
v 0.08389774 0.04065523 0.00217345
v 0.08016348 0.04027387 0.00130706
v 0.08189052 0.04091611 -0.00000028
v 0.08189052 0.04091611 -0.00000028
v 0.08016348 0.04027387 0.00130706
v 0.07800755 0.04069149 -0.00066164
v 0.08016348 0.04027387 0.00130706
v 0.07637727 0.04017960 0.00057452
v 0.07800755 0.04069149 -0.00066164
v 0.07800755 0.04069149 -0.00066164
v 0.07637727 0.04017960 0.00057452
v 0.07409513 0.04078170 -0.00119931
v 0.07637727 0.04017960 0.00057452
v 0.07256813 0.04037378 -0.00002922
v 0.07409513 0.04078170 -0.00119931
v 0.07409513 0.04078170 -0.00119931
v 0.07256813 0.04037378 -0.00002922
v 0.06951584 0.04103985 -0.00105020
v 0.07256813 0.04037378 -0.00002922
v 0.06876568 0.04085789 -0.00050690
v 0.06951584 0.04103985 -0.00105020
v 0.06951584 0.04103985 -0.00105020
v 0.06876568 0.04085789 -0.00050690
v 0.06499859 0.04163449 -0.00086009
v 0.06876568 0.04085789 -0.00050690
v 0.06423438 0.04144713 -0.00036574
v 0.06499859 0.04163449 -0.00086009
v 0.06499859 0.04163449 -0.00086009
v 0.06423438 0.04144713 -0.00036574
v 0.06059575 0.04253685 -0.00061849
v 0.06423438 0.04144713 -0.00036574
v 0.05983184 0.04233330 -0.00016968
v 0.06059575 0.04253685 -0.00061849
v 0.06059575 0.04253685 -0.00061849
v 0.05983184 0.04233330 -0.00016968
v 0.05635585 0.04371340 -0.00031796
v 0.05983184 0.04233330 -0.00016968
v 0.05560379 0.04348094 0.00008690
v 0.05635585 0.04371340 -0.00031796
v 0.05635585 0.04371340 -0.00031796
v 0.05560379 0.04348094 0.00008690
v 0.05301115 0.04536981 -0.00033539
v 0.05560379 0.04348094 0.00008690
v 0.05158831 0.04485342 0.00040743
v 0.05301115 0.04536981 -0.00033539
v 0.05301115 0.04536981 -0.00033539
v 0.05158831 0.04485342 0.00040743
v 0.04983312 0.04730417 -0.00021832
v 0.05158831 0.04485342 0.00040743
v 0.04852204 0.04674135 0.00047584
v 0.04983312 0.04730417 -0.00021832
v 0.04983312 0.04730417 -0.00021832
v 0.04852204 0.04674135 0.00047584
v 0.04685755 0.04951083 0.00003629
v 0.04852204 0.04674135 0.00047584
v 0.04564148 0.04887464 0.00067701
v 0.04685755 0.04951083 0.00003629
v 0.04685755 0.04951083 0.00003629
v 0.04564148 0.04887464 0.00067701
v 0.04411197 0.05197475 0.00042854
v 0.04564148 0.04887464 0.00067701
v 0.04297131 0.05124288 0.00101124
v 0.04411197 0.05197475 0.00042854
v 0.04411197 0.05197475 0.00042854
v 0.04297131 0.05124288 0.00101124
v 0.04161744 0.05467341 0.00095606
v 0.04297131 0.05124288 0.00101124
v 0.04053019 0.05382844 0.00147696
v 0.04161744 0.05467341 0.00095606
v 0.04161744 0.05467341 0.00095606
v 0.04053019 0.05382844 0.00147696
v 0.03938921 0.05758218 0.00161491
v 0.04053019 0.05382844 0.00147696
v 0.03638476 0.05956789 0.00279103
v 0.03938921 0.05758218 0.00161491
v 0.03938921 0.05758218 0.00161491
v 0.03638476 0.05956789 0.00279103
v 0.03730816 0.06053451 0.00245788
v 0.06441036 0.01279461 0.01412984
v 0.06340408 0.01370099 0.01277370
v 0.06936575 0.02149008 0.01195422
v 0.06340408 0.01370099 0.01277370
v 0.06703222 0.02262375 0.01020665
v 0.06936575 0.02149008 0.01195422
v 0.06936575 0.02149008 0.01195422
v 0.06703222 0.02262375 0.01020665
v 0.07275997 0.02499056 0.01178989
v 0.06703222 0.02262375 0.01020665
v 0.07346354 0.02890340 0.00977255
v 0.07275997 0.02499056 0.01178989
v 0.07275997 0.02499056 0.01178989
v 0.07346354 0.02890340 0.00977255
v 0.07619960 0.02836345 0.01148938
v 0.07346354 0.02890340 0.00977255
v 0.07964171 0.03156180 0.01102262
v 0.07619960 0.02836345 0.01148938
v 0.07619960 0.02836345 0.01148938
v 0.07964171 0.03156180 0.01102262
v 0.07876921 0.02806705 0.01352689
v 0.07964171 0.03156180 0.01102262
v 0.08103755 0.03153839 0.01197564
v 0.07876921 0.02806705 0.01352689
v 0.07876921 0.02806705 0.01352689
v 0.08103755 0.03153839 0.01197564
v 0.08238000 0.03158887 0.01301238
v 0.08103755 0.03153839 0.01197564
v 0.08449064 0.03467928 0.01129056
v 0.08238000 0.03158887 0.01301238
v 0.08238000 0.03158887 0.01301238
v 0.08449064 0.03467928 0.01129056
v 0.08590374 0.03489320 0.01229165
v 0.08449064 0.03467928 0.01129056
v 0.08467226 0.03593329 0.00996316
v 0.08590374 0.03489320 0.01229165
v 0.08590374 0.03489320 0.01229165
v 0.08467226 0.03593329 0.00996316
v 0.08761089 0.03644826 0.01184871
v 0.08467226 0.03593329 0.00996316
v 0.08926910 0.03793087 0.01134899
v 0.08761089 0.03644826 0.01184871
v 0.08761089 0.03644826 0.01184871
v 0.08926910 0.03793087 0.01134899
v 0.09067300 0.03839240 0.01238098
v 0.08926910 0.03793087 0.01134899
v 0.09086900 0.03933560 0.01079165
v 0.09067300 0.03839240 0.01238098
v 0.09067300 0.03839240 0.01238098
v 0.09086900 0.03933560 0.01079165
v 0.09199170 0.03895529 0.01349103
v 0.09086900 0.03933560 0.01079165
v 0.09364373 0.04051154 0.01286850
v 0.09199170 0.03895529 0.01349103
v 0.09199170 0.03895529 0.01349103
v 0.09364373 0.04051154 0.01286850
v 0.09320065 0.03963661 0.01467598
v 0.09364373 0.04051154 0.01286850
v 0.09649198 0.04279871 0.01328687
v 0.09320065 0.03963661 0.01467598
v 0.09320065 0.03963661 0.01467598
v 0.09649198 0.04279871 0.01328687
v 0.09427339 0.04045496 0.01591919
v 0.09649198 0.04279871 0.01328687
v 0.09763909 0.04374012 0.01444165
v 0.09427339 0.04045496 0.01591919
v 0.09427339 0.04045496 0.01591919
v 0.09763909 0.04374012 0.01444165
v 0.09518878 0.04142001 0.01719075
v 0.09763909 0.04374012 0.01444165
v 0.09864587 0.04481221 0.01562262
v 0.09518878 0.04142001 0.01719075
v 0.09518878 0.04142001 0.01719075
v 0.09864587 0.04481221 0.01562262
v 0.09593907 0.04252733 0.01845225
v 0.09864587 0.04481221 0.01562262
v 0.09950544 0.04601051 0.01679740
v 0.09593907 0.04252733 0.01845225
v 0.09593907 0.04252733 0.01845225
v 0.09950544 0.04601051 0.01679740
v 0.09653439 0.04375885 0.01967107
v 0.09950544 0.04601051 0.01679740
v 0.10022564 0.04731987 0.01793855
v 0.09653439 0.04375885 0.01967107
v 0.09653439 0.04375885 0.01967107
v 0.10022564 0.04731987 0.01793855
v 0.09699348 0.04508992 0.02082795
v 0.10022564 0.04731987 0.01793855
v 0.10082100 0.04871975 0.01902961
v 0.09699348 0.04508992 0.02082795
v 0.09699348 0.04508992 0.02082795
v 0.10082100 0.04871975 0.01902961
v 0.09733684 0.04649828 0.02191690
v 0.10082100 0.04871975 0.01902961
v 0.09758230 0.04796426 0.02293916
v 0.09733684 0.04649828 0.02191690
v 0.09733684 0.04649828 0.02191690
v 0.09758230 0.04796426 0.02293916
v 0.09312249 0.04379908 0.02449934
v 0.09758230 0.04796426 0.02293916
v 0.09305956 0.04670807 0.02640142
v 0.09312249 0.04379908 0.02449934
v 0.09312249 0.04379908 0.02449934
v 0.09305956 0.04670807 0.02640142
v 0.08803901 0.04201413 0.02765012
v 0.09305956 0.04670807 0.02640142
v 0.08741081 0.04485299 0.02931598
v 0.08803901 0.04201413 0.02765012
v 0.08803901 0.04201413 0.02765012
v 0.08741081 0.04485299 0.02931598
v 0.08194816 0.03964049 0.03022227
v 0.08741081 0.04485299 0.02931598
v 0.08084479 0.04233349 0.03165292
v 0.08194816 0.03964049 0.03022227
v 0.08194816 0.03964049 0.03022227
v 0.08084479 0.04233349 0.03165292
v 0.06935517 0.03070622 0.03255119
v 0.08084479 0.04233349 0.03165292
v 0.06585114 0.03532059 0.03477282
v 0.06935517 0.03070622 0.03255119
v 0.06935517 0.03070622 0.03255119
v 0.06585114 0.03532059 0.03477282
v 0.05563385 0.02073234 0.03410254
v 0.06585114 0.03532059 0.03477282
v 0.04944334 0.02631927 0.03651174
v 0.05563385 0.02073234 0.03410254
v 0.04808323 0.02751313 0.00418909
v 0.04686411 0.03501376 0.00320828
v 0.05192259 0.03155570 0.00412104
v 0.04686411 0.03501376 0.00320828
v 0.05049119 0.03799530 0.00283135
v 0.05192259 0.03155570 0.00412104
v 0.05192259 0.03155570 0.00412104
v 0.05049119 0.03799530 0.00283135
v 0.05615705 0.03508786 0.00372983
v 0.05049119 0.03799530 0.00283135
v 0.05840789 0.03656802 0.00335303
v 0.05615705 0.03508786 0.00372983
v 0.05615705 0.03508786 0.00372983
v 0.05840789 0.03656802 0.00335303
v 0.06453568 0.03441970 0.00472611
v 0.05840789 0.03656802 0.00335303
v 0.06068927 0.03783512 0.00284108
v 0.06453568 0.03441970 0.00472611
v 0.06453568 0.03441970 0.00472611
v 0.06068927 0.03783512 0.00284108
v 0.06390970 0.03685550 0.00345108
v 0.06068927 0.03783512 0.00284108
v 0.06293738 0.03888680 0.00219236
v 0.06390970 0.03685550 0.00345108
v 0.06390970 0.03685550 0.00345108
v 0.06293738 0.03888680 0.00219236
v 0.06632016 0.03805490 0.00278417
v 0.06293738 0.03888680 0.00219236
v 0.06508046 0.03973019 0.00141126
v 0.06632016 0.03805490 0.00278417
v 0.06632016 0.03805490 0.00278417
v 0.06508046 0.03973019 0.00141126
v 0.06861668 0.03903179 0.00197601
v 0.06508046 0.03973019 0.00141126
v 0.06969815 0.03944035 0.00152117
v 0.06861668 0.03903179 0.00197601
v 0.06861668 0.03903179 0.00197601
v 0.06969815 0.03944035 0.00152117
v 0.07216910 0.03856044 0.00267105
v 0.06969815 0.03944035 0.00152117
v 0.07441143 0.03947637 0.00169011
v 0.07216910 0.03856044 0.00267105
v 0.07216910 0.03856044 0.00267105
v 0.07441143 0.03947637 0.00169011
v 0.07571435 0.03831618 0.00350231
v 0.07441143 0.03947637 0.00169011
v 0.07808483 0.03941311 0.00247893
v 0.07571435 0.03831618 0.00350231
v 0.07571435 0.03831618 0.00350231
v 0.07808483 0.03941311 0.00247893
v 0.07922931 0.03830020 0.00447943
v 0.07808483 0.03941311 0.00247893
v 0.08171696 0.03960843 0.00340798
v 0.07922931 0.03830020 0.00447943
v 0.07922931 0.03830020 0.00447943
v 0.08171696 0.03960843 0.00340798
v 0.08268938 0.03851603 0.00561408
v 0.08171696 0.03960843 0.00340798
v 0.08528122 0.04006341 0.00448602
v 0.08268938 0.03851603 0.00561408
v 0.08268938 0.03851603 0.00561408
v 0.08528122 0.04006341 0.00448602
v 0.08606457 0.03896947 0.00692464
v 0.08528122 0.04006341 0.00448602
v 0.08874624 0.04078003 0.00572683
v 0.08606457 0.03896947 0.00692464
v 0.08606457 0.03896947 0.00692464
v 0.08874624 0.04078003 0.00572683
v 0.08931981 0.03967414 0.00843444
v 0.08874624 0.04078003 0.00572683
v 0.09207833 0.04176572 0.00714789
v 0.08931981 0.03967414 0.00843444
v 0.08931981 0.03967414 0.00843444
v 0.09207833 0.04176572 0.00714789
v 0.09385755 0.04189284 0.00950370
v 0.09207833 0.04176572 0.00714789
v 0.09522924 0.04303751 0.00877390
v 0.09385755 0.04189284 0.00950370
v 0.09385755 0.04189284 0.00950370
v 0.09522924 0.04303751 0.00877390
v 0.09812617 0.04463806 0.01062895
v 0.09522924 0.04303751 0.00877390
v 0.09769050 0.04504493 0.00714799
v 0.09812617 0.04463806 0.01062895
v 0.09812617 0.04463806 0.01062895
v 0.09769050 0.04504493 0.00714799
v 0.10064559 0.04689601 0.00883762
v 0.09769050 0.04504493 0.00714799
v 0.09973913 0.04666853 0.00531255
v 0.10064559 0.04689601 0.00883762
v 0.10064559 0.04689601 0.00883762
v 0.09973913 0.04666853 0.00531255
v 0.10273898 0.04873844 0.00682704
v 0.09973913 0.04666853 0.00531255
v 0.10135137 0.04791369 0.00328793
v 0.10273898 0.04873844 0.00682704
v 0.10273898 0.04873844 0.00682704
v 0.10135137 0.04791369 0.00328793
v 0.10438699 0.05016798 0.00462120
v 0.10135137 0.04791369 0.00328793
v 0.10253213 0.04880564 0.00110074
v 0.10438699 0.05016798 0.00462120
v 0.10438699 0.05016798 0.00462120
v 0.10253213 0.04880564 0.00110074
v 0.10559857 0.05120955 0.00224993
v 0.10253213 0.04880564 0.00110074
v 0.10332149 0.04939236 -0.00121644
v 0.10559857 0.05120955 0.00224993
v 0.10559857 0.05120955 0.00224993
v 0.10332149 0.04939236 -0.00121644
v 0.10641687 0.05191395 -0.00025165
v 0.10332149 0.04939236 -0.00121644
v 0.10697489 0.05240370 -0.00554116
v 0.10641687 0.05191395 -0.00025165
v 0.10641687 0.05191395 -0.00025165
v 0.10697489 0.05240370 -0.00554116
v 0.10983920 0.05535715 -0.00488318
v 0.03958378 0.09938177 0.00492484
v 0.03958377 0.09938177 -0.01269000
v 0.03920652 0.09848492 -0.01269000
v 0.03698321 0.09131284 -0.01269000
v 0.03720426 0.09227656 0.00334190
v 0.03920652 0.09848492 -0.01269000
v 0.03720426 0.09227656 0.00334190
v 0.03920620 0.09848414 0.00472486
v 0.03920652 0.09848492 -0.01269000
v 0.03920652 0.09848492 -0.01269000
v 0.03920620 0.09848414 0.00472486
v 0.03958378 0.09938177 0.00492484
v 0.03600885 0.08336947 -0.01269000
v 0.03603145 0.08398826 0.00149540
v 0.03602743 0.08389431 -0.01269000
v 0.03603145 0.08398826 0.00149540
v 0.03681947 0.09052553 0.00295180
v 0.03602743 0.08389431 -0.01269000
v 0.03602743 0.08389431 -0.01269000
v 0.03681947 0.09052553 0.00295180
v 0.03698321 0.09131284 -0.01269000
v 0.03681947 0.09052553 0.00295180
v 0.03698317 0.09131274 0.00312718
v 0.03698321 0.09131284 -0.01269000
v 0.03698321 0.09131284 -0.01269000
v 0.03698317 0.09131274 0.00312718
v 0.03720426 0.09227656 0.00334190
v 0.03663016 0.07478160 -0.00055570
v 0.03641308 0.07614198 -0.00025263
v 0.03641308 0.07614195 -0.01269000
v 0.03641308 0.07614198 -0.00025263
v 0.03636230 0.07650952 -0.00017075
v 0.03641308 0.07614195 -0.01269000
v 0.03641308 0.07614195 -0.01269000
v 0.03636230 0.07650952 -0.00017075
v 0.03600885 0.08336947 -0.01269000
v 0.03636230 0.07650952 -0.00017075
v 0.03603527 0.08016285 0.00064315
v 0.03600885 0.08336947 -0.01269000
v 0.03600885 0.08336947 -0.01269000
v 0.03603527 0.08016285 0.00064315
v 0.03603145 0.08398826 0.00149540
v 0.04074873 0.06278840 -0.01269000
v 0.04074872 0.06278839 -0.00322761
v 0.03806993 0.06905697 -0.01269000
v 0.04074872 0.06278839 -0.00322761
v 0.03995547 0.06436017 -0.00287744
v 0.03806993 0.06905697 -0.01269000
v 0.03806993 0.06905697 -0.01269000
v 0.03995547 0.06436017 -0.00287744
v 0.03855088 0.06768247 -0.00213728
v 0.03855088 0.06768247 -0.00213728
v 0.03838111 0.06814969 -0.00203319
v 0.03806993 0.06905697 -0.01269000
v 0.03838111 0.06814969 -0.00203319
v 0.03806946 0.06905837 -0.00183075
v 0.03806993 0.06905697 -0.01269000
v 0.03806993 0.06905697 -0.01269000
v 0.03806946 0.06905837 -0.00183075
v 0.03641308 0.07614195 -0.01269000
v 0.03806946 0.06905837 -0.00183075
v 0.03720247 0.07207333 -0.00115907
v 0.03641308 0.07614195 -0.01269000
v 0.03641308 0.07614195 -0.01269000
v 0.03720247 0.07207333 -0.00115907
v 0.03663016 0.07478160 -0.00055570
v 0.04310516 0.10591391 0.00638010
v 0.04417938 0.10747777 0.00672851
v 0.04773041 0.11178988 -0.01269000
v 0.04417938 0.10747777 0.00672851
v 0.04426481 0.10759606 0.00675486
v 0.04773041 0.11178988 -0.01269000
v 0.04426481 0.10759606 0.00675486
v 0.04653094 0.11045850 0.00739257
v 0.04773041 0.11178988 -0.01269000
v 0.04653094 0.11045850 0.00739257
v 0.04772856 0.11178791 0.00768873
v 0.04773041 0.11178988 -0.01269000
v 0.04773041 0.11178988 -0.01269000
v 0.04772856 0.11178791 0.00768873
v 0.04777688 0.11183925 -0.01269000
v 0.04772856 0.11178791 0.00768873
v 0.04910940 0.11319154 0.00800145
v 0.04777688 0.11183925 -0.01269000
v 0.04777688 0.11183925 -0.01269000
v 0.04910940 0.11319154 0.00800145
v 0.04910940 0.11319154 -0.01269000
v 0.03958377 0.09938177 -0.01269000
v 0.03958378 0.09938177 0.00492484
v 0.04310670 0.10591627 -0.01269000
v 0.03958378 0.09938177 0.00492484
v 0.04047781 0.10131259 0.00535500
v 0.04310670 0.10591627 -0.01269000
v 0.04773041 0.11178988 -0.01269000
v 0.04314443 0.10597376 -0.01269000
v 0.04310516 0.10591391 0.00638010
v 0.04314443 0.10597376 -0.01269000
v 0.04310670 0.10591627 -0.01269000
v 0.04310516 0.10591391 0.00638010
v 0.04310516 0.10591391 0.00638010
v 0.04310670 0.10591627 -0.01269000
v 0.04177040 0.10373909 0.00589558
v 0.04310670 0.10591627 -0.01269000
v 0.04047781 0.10131259 0.00535500
v 0.04177040 0.10373909 0.00589558
v 0.11333935 0.10472484 -0.01269000
v 0.10951679 0.11003646 -0.01269000
v 0.11333933 0.10472483 0.00611519
v 0.10951679 0.11003646 -0.01269000
v 0.10951786 0.11003520 0.00729826
v 0.11333933 0.10472483 0.00611519
v 0.10951786 0.11003520 0.00729826
v 0.10951679 0.11003646 -0.01269000
v 0.10892135 0.11072858 0.00745273
v 0.10951679 0.11003646 -0.01269000
v 0.10426146 0.11527877 -0.01269000
v 0.10892135 0.11072858 0.00745273
v 0.10892135 0.11072858 0.00745273
v 0.10426146 0.11527877 -0.01269000
v 0.10602591 0.11371626 0.00811833
v 0.09816670 0.11953390 0.00941443
v 0.09944826 0.11876617 0.00924339
v 0.09816533 0.11953478 -0.01269000
v 0.09944826 0.11876617 0.00924339
v 0.10352245 0.11588344 0.00860114
v 0.09816533 0.11953478 -0.01269000
v 0.09816533 0.11953478 -0.01269000
v 0.10352245 0.11588344 0.00860114
v 0.10426146 0.11527877 -0.01269000
v 0.10352245 0.11588344 0.00860114
v 0.10426293 0.11527765 0.00846618
v 0.10426146 0.11527877 -0.01269000
v 0.10426146 0.11527877 -0.01269000
v 0.10426293 0.11527765 0.00846618
v 0.10602591 0.11371626 0.00811833
v 0.09816670 0.11953390 0.00941443
v 0.09816533 0.11953478 -0.01269000
v 0.09735774 0.11998776 0.00951554
v 0.09816533 0.11953478 -0.01269000
v 0.09161678 0.12259138 -0.01269000
v 0.09735774 0.11998776 0.00951554
v 0.09735774 0.11998776 0.00951554
v 0.09161678 0.12259138 -0.01269000
v 0.09198273 0.12245570 0.01006535
v 0.08465335 0.12446759 -0.01269000
v 0.09058426 0.12295397 0.01017635
v 0.09161678 0.12259138 -0.01269000
v 0.09058426 0.12295397 0.01017635
v 0.09161825 0.12259099 0.01009549
v 0.09161678 0.12259138 -0.01269000
v 0.09161678 0.12259138 -0.01269000
v 0.09161825 0.12259099 0.01009549
v 0.09198273 0.12245570 0.01006535
v 0.08225451 0.12481578 0.01059113
v 0.08292135 0.12473390 0.01057289
v 0.08225439 0.12481579 -0.01269000
v 0.08292135 0.12473390 0.01057289
v 0.08347108 0.12465779 0.01055593
v 0.08225439 0.12481579 -0.01269000
v 0.08225439 0.12481579 -0.01269000
v 0.08347108 0.12465779 0.01055593
v 0.08465335 0.12446759 -0.01269000
v 0.08347108 0.12465779 0.01055593
v 0.08465437 0.12446742 0.01051353
v 0.08465335 0.12446759 -0.01269000
v 0.08465335 0.12446759 -0.01269000
v 0.08465437 0.12446742 0.01051353
v 0.09058426 0.12295397 0.01017635
v 0.08225451 0.12481578 0.01059113
v 0.08225439 0.12481579 -0.01269000
v 0.07974128 0.12502204 0.01063710
v 0.08225439 0.12481579 -0.01269000
v 0.07514147 0.12497986 -0.01269000
v 0.07974128 0.12502204 0.01063710
v 0.07974128 0.12502204 0.01063710
v 0.07514147 0.12497986 -0.01269000
v 0.07581803 0.12502013 0.01063668
v 0.06790095 0.12380339 -0.01269000
v 0.06885087 0.12403687 0.01041763
v 0.07514147 0.12497986 -0.01269000
v 0.06885087 0.12403687 0.01041763
v 0.07514109 0.12497987 0.01062771
v 0.07514147 0.12497986 -0.01269000
v 0.07514147 0.12497986 -0.01269000
v 0.07514109 0.12497987 0.01062771
v 0.07581803 0.12502013 0.01063668
v 0.06094300 0.12131651 -0.01269000
v 0.06214823 0.12184978 0.00993037
v 0.06790095 0.12380339 -0.01269000
v 0.06214823 0.12184978 0.00993037
v 0.06789991 0.12380312 0.01036554
v 0.06790095 0.12380339 -0.01269000
v 0.06790095 0.12380339 -0.01269000
v 0.06789991 0.12380312 0.01036554
v 0.06885087 0.12403687 0.01041763
v 0.05449732 0.11762851 -0.01269000
v 0.05580433 0.11850050 0.00918421
v 0.06094300 0.12131651 -0.01269000
v 0.05580433 0.11850050 0.00918421
v 0.06094129 0.12131572 0.00981139
v 0.06094300 0.12131651 -0.01269000
v 0.06094300 0.12131651 -0.01269000
v 0.06094129 0.12131572 0.00981139
v 0.06214823 0.12184978 0.00993037
v 0.04910940 0.11319154 -0.01269000
v 0.04910940 0.11319154 0.00800145
v 0.05449732 0.11762851 -0.01269000
v 0.04910940 0.11319154 0.00800145
v 0.05024790 0.11425766 0.00823897
v 0.05449732 0.11762851 -0.01269000
v 0.05024790 0.11425766 0.00823897
v 0.05251747 0.11616767 0.00866448
v 0.05449732 0.11762851 -0.01269000
v 0.05251747 0.11616767 0.00866448
v 0.05449533 0.11762714 0.00898963
v 0.05449732 0.11762851 -0.01269000
v 0.05449732 0.11762851 -0.01269000
v 0.05449533 0.11762714 0.00898963
v 0.05580433 0.11850050 0.00918421
v 0.11333935 0.10472484 -0.01269000
v 0.11333933 0.10472483 0.00611519
v 0.11436367 0.10295420 0.00572072
v 0.11611274 0.09938172 0.00492483
v 0.11611256 0.09938165 -0.01269000
v 0.11571752 0.10026472 0.00512154
v 0.11611256 0.09938165 -0.01269000
v 0.11333935 0.10472484 -0.01269000
v 0.11571752 0.10026472 0.00512154
v 0.11571752 0.10026472 0.00512154
v 0.11333935 0.10472484 -0.01269000
v 0.11530278 0.10113905 0.00531633
v 0.11333935 0.10472484 -0.01269000
v 0.11436367 0.10295420 0.00572072
v 0.11530278 0.10113905 0.00531633
v 0.11496138 0.06278837 -0.01269000
v 0.11496137 0.06278838 -0.00322761
v 0.11446605 0.06188623 -0.00342860
v 0.11496138 0.06278837 -0.01269000
v 0.11446605 0.06188623 -0.00342860
v 0.11140160 0.05726267 -0.01269000
v 0.10697489 0.05240370 -0.00554116
v 0.10697486 0.05240373 -0.01269000
v 0.10983920 0.05535715 -0.00488318
v 0.10697486 0.05240373 -0.01269000
v 0.11140160 0.05726267 -0.01269000
v 0.10983920 0.05535715 -0.00488318
v 0.10983920 0.05535715 -0.00488318
v 0.11140160 0.05726267 -0.01269000
v 0.11237420 0.05858305 -0.00416449
v 0.11140160 0.05726267 -0.01269000
v 0.11446605 0.06188623 -0.00342860
v 0.11237420 0.05858305 -0.00416449
v 0.06876635 0.04221067 -0.00781200
v 0.06714712 0.04256998 -0.00773195
v 0.06714847 0.04256962 -0.01269000
v 0.04074873 0.06278840 -0.01269000
v 0.04347932 0.05837888 -0.01269000
v 0.04074872 0.06278839 -0.00322761
v 0.04347932 0.05837888 -0.01269000
v 0.04327861 0.05866308 -0.00414666
v 0.04074872 0.06278839 -0.00322761
v 0.04811380 0.05296240 -0.01269000
v 0.05344279 0.04859322 -0.01269000
v 0.05317311 0.04877895 -0.00634869
v 0.05317311 0.04877895 -0.00634869
v 0.04989492 0.05132462 -0.00578156
v 0.04811380 0.05296240 -0.01269000
v 0.04989492 0.05132462 -0.00578156
v 0.04964212 0.05154508 -0.00573245
v 0.04811380 0.05296240 -0.01269000
v 0.04811380 0.05296240 -0.01269000
v 0.04964212 0.05154508 -0.00573245
v 0.04787076 0.05320194 -0.01269000
v 0.04964212 0.05154508 -0.00573245
v 0.04786851 0.05320422 -0.00536281
v 0.04787076 0.05320194 -0.01269000
v 0.04787076 0.05320194 -0.01269000
v 0.04786851 0.05320422 -0.00536281
v 0.04347932 0.05837888 -0.01269000
v 0.04786851 0.05320422 -0.00536281
v 0.04467856 0.05678106 -0.00456594
v 0.04347932 0.05837888 -0.01269000
v 0.04347932 0.05837888 -0.01269000
v 0.04467856 0.05678106 -0.00456594
v 0.04327861 0.05866308 -0.00414666
v 0.06714847 0.04256962 -0.01269000
v 0.06714712 0.04256998 -0.00773195
v 0.06022778 0.04486901 -0.01269000
v 0.06714712 0.04256998 -0.00773195
v 0.06184311 0.04421309 -0.00736590
v 0.06022778 0.04486901 -0.01269000
v 0.06022778 0.04486901 -0.01269000
v 0.06184311 0.04421309 -0.00736590
v 0.05989547 0.04501382 -0.01269000
v 0.06184311 0.04421309 -0.00736590
v 0.06046199 0.04476900 -0.00724206
v 0.05989547 0.04501382 -0.01269000
v 0.06046199 0.04476900 -0.00724206
v 0.05989327 0.04501481 -0.00718730
v 0.05989547 0.04501382 -0.01269000
v 0.05989547 0.04501382 -0.01269000
v 0.05989327 0.04501481 -0.00718730
v 0.05372778 0.04840044 -0.01269000
v 0.05989327 0.04501481 -0.00718730
v 0.05543609 0.04731809 -0.00667415
v 0.05372778 0.04840044 -0.01269000
v 0.05372778 0.04840044 -0.01269000
v 0.05543609 0.04731809 -0.00667415
v 0.05344279 0.04859322 -0.01269000
v 0.05543609 0.04731809 -0.00667415
v 0.05343987 0.04859517 -0.00638964
v 0.05344279 0.04859322 -0.01269000
v 0.05344279 0.04859322 -0.01269000
v 0.05343987 0.04859517 -0.00638964
v 0.05317311 0.04877895 -0.00634869
v 0.06714847 0.04256962 -0.01269000
v 0.06750061 0.04248609 -0.01269000
v 0.06876635 0.04221067 -0.00781200
v 0.06750061 0.04248609 -0.01269000
v 0.07292440 0.04156791 -0.01269000
v 0.06876635 0.04221067 -0.00781200
v 0.06876635 0.04221067 -0.00781200
v 0.07292440 0.04156791 -0.01269000
v 0.07304460 0.04155507 -0.00795805
v 0.07292440 0.04156791 -0.01269000
v 0.07304548 0.04155504 -0.01269000
v 0.07304460 0.04155507 -0.00795805
v 0.07304460 0.04155507 -0.00795805
v 0.07304548 0.04155504 -0.01269000
v 0.07629562 0.04132984 -0.00800823
v 0.07304548 0.04155504 -0.01269000
v 0.08064338 0.04138886 -0.00799509
v 0.07629562 0.04132984 -0.00800823
v 0.07304548 0.04155504 -0.01269000
v 0.08052351 0.04138172 -0.01269000
v 0.08064338 0.04138886 -0.00799509
v 0.08052351 0.04138172 -0.01269000
v 0.08064300 0.04138886 -0.01269000
v 0.08064338 0.04138886 -0.00799509
v 0.08064338 0.04138886 -0.00799509
v 0.08064300 0.04138886 -0.01269000
v 0.08388439 0.04170367 -0.00792498
v 0.08064300 0.04138886 -0.01269000
v 0.08801735 0.04245484 -0.00775761
v 0.08388439 0.04170367 -0.00792498
v 0.08064300 0.04138886 -0.01269000
v 0.08790097 0.04242814 -0.01269000
v 0.08801735 0.04245484 -0.00775761
v 0.08790097 0.04242814 -0.01269000
v 0.08801571 0.04245448 -0.01269000
v 0.08801735 0.04245484 -0.00775761
v 0.08801735 0.04245484 -0.00775761
v 0.08801571 0.04245448 -0.01269000
v 0.09128872 0.04334551 -0.00755918
v 0.08801571 0.04245448 -0.01269000
v 0.09490455 0.04466454 -0.01269000
v 0.09128872 0.04334551 -0.00755918
v 0.09128872 0.04334551 -0.00755918
v 0.09490455 0.04466454 -0.01269000
v 0.09501426 0.04471048 -0.00725510
v 0.09490455 0.04466454 -0.01269000
v 0.09501164 0.04470937 -0.01269000
v 0.09501426 0.04471048 -0.00725510
v 0.09501426 0.04471048 -0.00725510
v 0.09501164 0.04470937 -0.01269000
v 0.09816438 0.04619147 -0.00692515
v 0.09501164 0.04470937 -0.01269000
v 0.10129816 0.04800748 -0.01269000
v 0.09816438 0.04619147 -0.00692515
v 0.09816438 0.04619147 -0.00692515
v 0.10129816 0.04800748 -0.01269000
v 0.10139775 0.04807143 -0.00650632
v 0.10129816 0.04800748 -0.01269000
v 0.10139477 0.04806952 -0.01269000
v 0.10139775 0.04807143 -0.00650632
v 0.10139775 0.04807143 -0.00650632
v 0.10139477 0.04806952 -0.01269000
v 0.10429298 0.05012285 -0.00604930
v 0.10139477 0.04806952 -0.01269000
v 0.10697486 0.05240373 -0.01269000
v 0.10429298 0.05012285 -0.00604930
v 0.10429298 0.05012285 -0.00604930
v 0.10697486 0.05240373 -0.01269000
v 0.10697489 0.05240370 -0.00554116
v 0.11496138 0.06278837 -0.01269000
v 0.11571620 0.06428084 -0.01269000
v 0.11496137 0.06278838 -0.00322761
v 0.11571620 0.06428084 -0.01269000
v 0.11655109 0.06614217 -0.00248044
v 0.11496137 0.06278838 -0.00322761
v 0.11655109 0.06614217 -0.00248044
v 0.11571620 0.06428084 -0.01269000
v 0.11774626 0.06938937 -0.00175701
v 0.11571620 0.06428084 -0.01269000
v 0.11823554 0.07103778 -0.01269000
v 0.11774626 0.06938937 -0.00175701
v 0.11774626 0.06938937 -0.00175701
v 0.11823554 0.07103778 -0.01269000
v 0.11823579 0.07103865 -0.00138958
v 0.11823579 0.07103865 -0.00138958
v 0.11823554 0.07103778 -0.01269000
v 0.11891555 0.07392179 -0.00074726
v 0.11823554 0.07103778 -0.01269000
v 0.11955050 0.07837875 -0.01269000
v 0.11891555 0.07392179 -0.00074726
v 0.11891555 0.07392179 -0.00074726
v 0.11955050 0.07837875 -0.01269000
v 0.11955050 0.07837891 0.00024572
v 0.11955050 0.07837891 0.00024572
v 0.11955050 0.07837875 -0.01269000
v 0.11970459 0.08122387 0.00087953
v 0.11955050 0.07837875 -0.01269000
v 0.11959804 0.08524737 -0.01269000
v 0.11970459 0.08122387 0.00087953
v 0.11970459 0.08122387 0.00087953
v 0.11959804 0.08524737 -0.01269000
v 0.11959820 0.08524735 0.00177591
v 0.11959820 0.08524735 0.00177591
v 0.11959804 0.08524737 -0.01269000
v 0.11920975 0.08866474 0.00253726
v 0.11959804 0.08524737 -0.01269000
v 0.11840280 0.09265496 -0.01269000
v 0.11920975 0.08866474 0.00253726
v 0.11920975 0.08866474 0.00253726
v 0.11840280 0.09265496 -0.01269000
v 0.11840325 0.09265295 0.00342576
v 0.11840325 0.09265295 0.00342576
v 0.11840280 0.09265496 -0.01269000
v 0.11744303 0.09592544 0.00415482
v 0.11840280 0.09265496 -0.01269000
v 0.11611256 0.09938165 -0.01269000
v 0.11744303 0.09592544 0.00415482
v 0.11744303 0.09592544 0.00415482
v 0.11611256 0.09938165 -0.01269000
v 0.11611274 0.09938172 0.00492483
v 0.03958377 0.09938177 -0.01269000
v 0.03958377 0.09938177 -0.01563000
v 0.03920652 0.09848492 -0.01563000
v 0.03958377 0.09938177 -0.01269000
v 0.03920652 0.09848492 -0.01563000
v 0.03920652 0.09848492 -0.01269000
v 0.03920652 0.09848492 -0.01563000
v 0.03720515 0.09228029 -0.01563000
v 0.03920652 0.09848492 -0.01269000
v 0.03920652 0.09848492 -0.01269000
v 0.03720515 0.09228029 -0.01563000
v 0.03698321 0.09131284 -0.01269000
v 0.03720515 0.09228029 -0.01563000
v 0.03698321 0.09131284 -0.01563000
v 0.03698321 0.09131284 -0.01269000
v 0.03698321 0.09131284 -0.01563000
v 0.03607752 0.08484574 -0.01563000
v 0.03698321 0.09131284 -0.01269000
v 0.03698321 0.09131284 -0.01269000
v 0.03607752 0.08484574 -0.01563000
v 0.03602743 0.08389431 -0.01269000
v 0.03607752 0.08484574 -0.01563000
v 0.03600885 0.08336947 -0.01563000
v 0.03602743 0.08389431 -0.01269000
v 0.03602743 0.08389431 -0.01269000
v 0.03600885 0.08336947 -0.01563000
v 0.03600885 0.08336947 -0.01269000
v 0.03600885 0.08336947 -0.01563000
v 0.03641308 0.07614195 -0.01269000
v 0.03600885 0.08336947 -0.01269000
v 0.03600885 0.08336947 -0.01563000
v 0.03618700 0.07803248 -0.01563000
v 0.03641308 0.07614195 -0.01269000
v 0.03618700 0.07803248 -0.01563000
v 0.03641308 0.07614195 -0.01563000
v 0.03641308 0.07614195 -0.01269000
v 0.03641308 0.07614195 -0.01269000
v 0.03641308 0.07614195 -0.01563000
v 0.03806993 0.06905697 -0.01269000
v 0.03641308 0.07614195 -0.01563000
v 0.03756709 0.07069770 -0.01563000
v 0.03806993 0.06905697 -0.01269000
v 0.04074873 0.06278840 -0.01563000
v 0.04074873 0.06278840 -0.01269000
v 0.04014601 0.06396653 -0.01563000
v 0.04074873 0.06278840 -0.01269000
v 0.03806993 0.06905697 -0.01269000
v 0.04014601 0.06396653 -0.01563000
v 0.04014601 0.06396653 -0.01563000
v 0.03806993 0.06905697 -0.01269000
v 0.03806993 0.06905697 -0.01563000
v 0.03806993 0.06905697 -0.01269000
v 0.03756709 0.07069770 -0.01563000
v 0.03806993 0.06905697 -0.01563000
v 0.04039818 0.10115021 -0.01563000
v 0.03958377 0.09938177 -0.01563000
v 0.03958377 0.09938177 -0.01269000
v 0.04773041 0.11178988 -0.01269000
v 0.04777688 0.11183925 -0.01269000
v 0.04777688 0.11183925 -0.01563000
v 0.04777688 0.11183925 -0.01269000
v 0.04910940 0.11319154 -0.01269000
v 0.04777688 0.11183925 -0.01563000
v 0.04777688 0.11183925 -0.01563000
v 0.04910940 0.11319154 -0.01269000
v 0.04910940 0.11319154 -0.01563000
v 0.04773041 0.11178988 -0.01269000
v 0.04777688 0.11183925 -0.01563000
v 0.04314443 0.10597376 -0.01269000
v 0.04777688 0.11183925 -0.01563000
v 0.04425872 0.10758766 -0.01563000
v 0.04314443 0.10597376 -0.01269000
v 0.04314443 0.10597376 -0.01269000
v 0.04425872 0.10758766 -0.01563000
v 0.04314443 0.10597376 -0.01563000
v 0.04039818 0.10115021 -0.01563000
v 0.03958377 0.09938177 -0.01269000
v 0.04314443 0.10597376 -0.01563000
v 0.03958377 0.09938177 -0.01269000
v 0.04310670 0.10591627 -0.01269000
v 0.04314443 0.10597376 -0.01563000
v 0.04314443 0.10597376 -0.01563000
v 0.04310670 0.10591627 -0.01269000
v 0.04314443 0.10597376 -0.01269000
v 0.11333935 0.10472484 -0.01269000
v 0.11333936 0.10472485 -0.01563000
v 0.10951679 0.11003646 -0.01563000
v 0.11333935 0.10472484 -0.01269000
v 0.10951679 0.11003646 -0.01563000
v 0.10951679 0.11003646 -0.01269000
v 0.10951679 0.11003646 -0.01563000
v 0.10890074 0.11075202 -0.01563000
v 0.10951679 0.11003646 -0.01269000
v 0.10951679 0.11003646 -0.01269000
v 0.10890074 0.11075202 -0.01563000
v 0.10426146 0.11527877 -0.01269000
v 0.10890074 0.11075202 -0.01563000
v 0.10426146 0.11527877 -0.01563000
v 0.10426146 0.11527877 -0.01269000
v 0.10426146 0.11527877 -0.01563000
v 0.10353241 0.11587546 -0.01563000
v 0.10426146 0.11527877 -0.01269000
v 0.10426146 0.11527877 -0.01269000
v 0.10353241 0.11587546 -0.01563000
v 0.09816533 0.11953478 -0.01269000
v 0.10353241 0.11587546 -0.01563000
v 0.09816533 0.11953478 -0.01563000
v 0.09816533 0.11953478 -0.01269000
v 0.09816533 0.11953478 -0.01563000
v 0.09732617 0.12000513 -0.01563000
v 0.09816533 0.11953478 -0.01269000
v 0.09816533 0.11953478 -0.01269000
v 0.09732617 0.12000513 -0.01563000
v 0.09161678 0.12259138 -0.01269000
v 0.09732617 0.12000513 -0.01563000
v 0.09161678 0.12259138 -0.01563000
v 0.09161678 0.12259138 -0.01269000
v 0.09161678 0.12259138 -0.01563000
v 0.09054960 0.12296554 -0.01563000
v 0.09161678 0.12259138 -0.01269000
v 0.09161678 0.12259138 -0.01269000
v 0.09054960 0.12296554 -0.01563000
v 0.08465335 0.12446759 -0.01269000
v 0.09054960 0.12296554 -0.01563000
v 0.08465335 0.12446759 -0.01563000
v 0.08465335 0.12446759 -0.01269000
v 0.08465335 0.12446759 -0.01563000
v 0.08332463 0.12467881 -0.01563000
v 0.08465335 0.12446759 -0.01269000
v 0.08465335 0.12446759 -0.01269000
v 0.08332463 0.12467881 -0.01563000
v 0.08225439 0.12481579 -0.01269000
v 0.08332463 0.12467881 -0.01563000
v 0.08144355 0.12490003 -0.01563000
v 0.08225439 0.12481579 -0.01269000
v 0.08144355 0.12490003 -0.01563000
v 0.07514147 0.12497986 -0.01563000
v 0.08225439 0.12481579 -0.01269000
v 0.08225439 0.12481579 -0.01269000
v 0.07514147 0.12497986 -0.01563000
v 0.07514147 0.12497986 -0.01269000
v 0.07514147 0.12497986 -0.01563000
v 0.07426705 0.12491041 -0.01563000
v 0.07514147 0.12497986 -0.01269000
v 0.07514147 0.12497986 -0.01269000
v 0.07426705 0.12491041 -0.01563000
v 0.06790095 0.12380339 -0.01269000
v 0.07426705 0.12491041 -0.01563000
v 0.06790095 0.12380339 -0.01563000
v 0.06790095 0.12380339 -0.01269000
v 0.06790095 0.12380339 -0.01563000
v 0.06723069 0.12362389 -0.01563000
v 0.06790095 0.12380339 -0.01269000
v 0.06790095 0.12380339 -0.01269000
v 0.06723069 0.12362389 -0.01563000
v 0.06094300 0.12131651 -0.01269000
v 0.06723069 0.12362389 -0.01563000
v 0.06094300 0.12131651 -0.01563000
v 0.06094300 0.12131651 -0.01269000
v 0.06094300 0.12131651 -0.01563000
v 0.06053825 0.12112718 -0.01563000
v 0.06094300 0.12131651 -0.01269000
v 0.06094300 0.12131651 -0.01269000
v 0.06053825 0.12112718 -0.01563000
v 0.05449732 0.11762851 -0.01269000
v 0.04910940 0.11319154 -0.01563000
v 0.04910940 0.11319154 -0.01269000
v 0.05420071 0.11742077 -0.01563000
v 0.04910940 0.11319154 -0.01269000
v 0.05449732 0.11762851 -0.01269000
v 0.05420071 0.11742077 -0.01563000
v 0.05420071 0.11742077 -0.01563000
v 0.05449732 0.11762851 -0.01269000
v 0.05449732 0.11762851 -0.01563000
v 0.05449732 0.11762851 -0.01269000
v 0.06053825 0.12112718 -0.01563000
v 0.05449732 0.11762851 -0.01563000
v 0.11611256 0.09938165 -0.01269000
v 0.11611257 0.09938165 -0.01563000
v 0.11333935 0.10472484 -0.01269000
v 0.11611257 0.09938165 -0.01563000
v 0.11333936 0.10472485 -0.01563000
v 0.11333935 0.10472484 -0.01269000
v 0.11496133 0.06278840 -0.01563000
v 0.11496138 0.06278837 -0.01269000
v 0.11140168 0.05726261 -0.01563000
v 0.11496138 0.06278837 -0.01269000
v 0.11140160 0.05726267 -0.01269000
v 0.11140168 0.05726261 -0.01563000
v 0.11140168 0.05726261 -0.01563000
v 0.11140160 0.05726267 -0.01269000
v 0.10697489 0.05240370 -0.01563000
v 0.11140160 0.05726267 -0.01269000
v 0.10697486 0.05240373 -0.01269000
v 0.10697489 0.05240370 -0.01563000
v 0.10139477 0.04806952 -0.01269000
v 0.10129816 0.04800748 -0.01269000
v 0.10129816 0.04800748 -0.01563000
v 0.09501164 0.04470937 -0.01269000
v 0.09490455 0.04466454 -0.01269000
v 0.09490455 0.04466454 -0.01563000
v 0.09490455 0.04466454 -0.01563000
v 0.09490455 0.04466454 -0.01269000
v 0.09139923 0.04338045 -0.01563000
v 0.09490455 0.04466454 -0.01269000
v 0.08801571 0.04245448 -0.01269000
v 0.09139923 0.04338045 -0.01563000
v 0.09139923 0.04338045 -0.01563000
v 0.08801571 0.04245448 -0.01269000
v 0.08790097 0.04242814 -0.01563000
v 0.08801571 0.04245448 -0.01269000
v 0.08790097 0.04242814 -0.01269000
v 0.08790097 0.04242814 -0.01563000
v 0.08790097 0.04242814 -0.01563000
v 0.08790097 0.04242814 -0.01269000
v 0.08389214 0.04170470 -0.01563000
v 0.08790097 0.04242814 -0.01269000
v 0.08064300 0.04138886 -0.01269000
v 0.08389214 0.04170470 -0.01563000
v 0.08389214 0.04170470 -0.01563000
v 0.08064300 0.04138886 -0.01269000
v 0.08052351 0.04138172 -0.01563000
v 0.08064300 0.04138886 -0.01269000
v 0.08052351 0.04138172 -0.01269000
v 0.08052351 0.04138172 -0.01563000
v 0.08052351 0.04138172 -0.01563000
v 0.08052351 0.04138172 -0.01269000
v 0.07617395 0.04133407 -0.01563000
v 0.08052351 0.04138172 -0.01269000
v 0.07304548 0.04155504 -0.01269000
v 0.07617395 0.04133407 -0.01563000
v 0.07617395 0.04133407 -0.01563000
v 0.07304548 0.04155504 -0.01269000
v 0.07292440 0.04156791 -0.01563000
v 0.07304548 0.04155504 -0.01269000
v 0.07292440 0.04156791 -0.01269000
v 0.07292440 0.04156791 -0.01563000
v 0.07292440 0.04156791 -0.01563000
v 0.07292440 0.04156791 -0.01269000
v 0.06853683 0.04225771 -0.01563000
v 0.07292440 0.04156791 -0.01269000
v 0.06750061 0.04248609 -0.01269000
v 0.06853683 0.04225771 -0.01563000
v 0.06853683 0.04225771 -0.01563000
v 0.06750061 0.04248609 -0.01269000
v 0.06750061 0.04248609 -0.01563000
v 0.06750061 0.04248609 -0.01269000
v 0.06714847 0.04256962 -0.01269000
v 0.06750061 0.04248609 -0.01563000
v 0.06750061 0.04248609 -0.01563000
v 0.06714847 0.04256962 -0.01269000
v 0.06158591 0.04431232 -0.01563000
v 0.06714847 0.04256962 -0.01269000
v 0.06022778 0.04486901 -0.01269000
v 0.06158591 0.04431232 -0.01563000
v 0.06158591 0.04431232 -0.01563000
v 0.06022778 0.04486901 -0.01269000
v 0.06022778 0.04486901 -0.01563000
v 0.06022778 0.04486901 -0.01269000
v 0.05989547 0.04501382 -0.01269000
v 0.06022778 0.04486901 -0.01563000
v 0.06022778 0.04486901 -0.01563000
v 0.05989547 0.04501382 -0.01269000
v 0.05517813 0.04747375 -0.01563000
v 0.05989547 0.04501382 -0.01269000
v 0.05372778 0.04840044 -0.01269000
v 0.05517813 0.04747375 -0.01563000
v 0.05517813 0.04747375 -0.01563000
v 0.05372778 0.04840044 -0.01269000
v 0.05372778 0.04840044 -0.01563000
v 0.05372778 0.04840044 -0.01269000
v 0.05344279 0.04859322 -0.01269000
v 0.05372778 0.04840044 -0.01563000
v 0.05372778 0.04840044 -0.01563000
v 0.05344279 0.04859322 -0.01269000
v 0.04942955 0.05173358 -0.01563000
v 0.05344279 0.04859322 -0.01269000
v 0.04811380 0.05296240 -0.01269000
v 0.04942955 0.05173358 -0.01563000
v 0.04942955 0.05173358 -0.01563000
v 0.04811380 0.05296240 -0.01269000
v 0.04811380 0.05296240 -0.01563000
v 0.04811380 0.05296240 -0.01269000
v 0.04787076 0.05320194 -0.01269000
v 0.04811380 0.05296240 -0.01563000
v 0.04811380 0.05296240 -0.01563000
v 0.04787076 0.05320194 -0.01269000
v 0.04452913 0.05697137 -0.01563000
v 0.04787076 0.05320194 -0.01269000
v 0.04347932 0.05837888 -0.01269000
v 0.04452913 0.05697137 -0.01563000
v 0.04452913 0.05697137 -0.01563000
v 0.04347932 0.05837888 -0.01269000
v 0.04347932 0.05837888 -0.01563000
v 0.04347932 0.05837888 -0.01269000
v 0.04074873 0.06278840 -0.01269000
v 0.04347932 0.05837888 -0.01563000
v 0.04347932 0.05837888 -0.01563000
v 0.04074873 0.06278840 -0.01269000
v 0.04074873 0.06278840 -0.01563000
v 0.09501164 0.04470937 -0.01269000
v 0.09490455 0.04466454 -0.01563000
v 0.10129816 0.04800748 -0.01269000
v 0.09490455 0.04466454 -0.01563000
v 0.09835332 0.04629076 -0.01563000
v 0.10129816 0.04800748 -0.01269000
v 0.10129816 0.04800748 -0.01269000
v 0.09835332 0.04629076 -0.01563000
v 0.10129816 0.04800748 -0.01563000
v 0.10139477 0.04806952 -0.01269000
v 0.10129816 0.04800748 -0.01563000
v 0.10697486 0.05240373 -0.01269000
v 0.10129816 0.04800748 -0.01563000
v 0.10449896 0.05028403 -0.01563000
v 0.10697486 0.05240373 -0.01269000
v 0.10697486 0.05240373 -0.01269000
v 0.10449896 0.05028403 -0.01563000
v 0.10697489 0.05240370 -0.01563000
v 0.11823554 0.07103778 -0.01269000
v 0.11571620 0.06428084 -0.01269000
v 0.11571620 0.06428084 -0.01563000
v 0.11571620 0.06428084 -0.01269000
v 0.11496138 0.06278837 -0.01269000
v 0.11571620 0.06428084 -0.01563000
v 0.11571620 0.06428084 -0.01563000
v 0.11496138 0.06278837 -0.01269000
v 0.11496133 0.06278840 -0.01563000
v 0.11571620 0.06428084 -0.01563000
v 0.11774112 0.06937319 -0.01563000
v 0.11823554 0.07103778 -0.01269000
v 0.11774112 0.06937319 -0.01563000
v 0.11823554 0.07103778 -0.01563000
v 0.11823554 0.07103778 -0.01269000
v 0.11823554 0.07103778 -0.01269000
v 0.11823554 0.07103778 -0.01563000
v 0.11955050 0.07837875 -0.01269000
v 0.11823554 0.07103778 -0.01563000
v 0.11934363 0.07650829 -0.01563000
v 0.11955050 0.07837875 -0.01269000
v 0.11966991 0.08403684 -0.01563000
v 0.11959804 0.08524737 -0.01269000
v 0.11968000 0.08379912 -0.01563000
v 0.11959804 0.08524737 -0.01269000
v 0.11955050 0.07837875 -0.01269000
v 0.11968000 0.08379912 -0.01563000
v 0.11968000 0.08379912 -0.01563000
v 0.11955050 0.07837875 -0.01269000
v 0.11955050 0.07837875 -0.01563000
v 0.11955050 0.07837875 -0.01269000
v 0.11934363 0.07650829 -0.01563000
v 0.11955050 0.07837875 -0.01563000
v 0.11966991 0.08403684 -0.01563000
v 0.11959804 0.08524737 -0.01563000
v 0.11959804 0.08524737 -0.01269000
v 0.11959804 0.08524737 -0.01563000
v 0.11868186 0.09147515 -0.01563000
v 0.11959804 0.08524737 -0.01269000
v 0.11959804 0.08524737 -0.01269000
v 0.11868186 0.09147515 -0.01563000
v 0.11840280 0.09265496 -0.01269000
v 0.11611257 0.09938165 -0.01563000
v 0.11611256 0.09938165 -0.01269000
v 0.11643005 0.09863229 -0.01563000
v 0.11611256 0.09938165 -0.01269000
v 0.11840280 0.09265496 -0.01269000
v 0.11643005 0.09863229 -0.01563000
v 0.11643005 0.09863229 -0.01563000
v 0.11840280 0.09265496 -0.01269000
v 0.11840280 0.09265496 -0.01563000
v 0.11840280 0.09265496 -0.01269000
v 0.11868186 0.09147515 -0.01563000
v 0.11840280 0.09265496 -0.01563000
v 0.03779000 0.09445459 -0.01880000
v 0.03720515 0.09228029 -0.01880000
v 0.03720515 0.09228029 -0.01563000
v 0.04074874 0.06278838 -0.01880000
v 0.04074873 0.06278840 -0.01563000
v 0.04014601 0.06396653 -0.01563000
v 0.04074874 0.06278838 -0.01880000
v 0.04014601 0.06396653 -0.01563000
v 0.04014601 0.06396653 -0.01880000
v 0.04014601 0.06396653 -0.01563000
v 0.03806993 0.06905697 -0.01563000
v 0.04014601 0.06396653 -0.01880000
v 0.04014601 0.06396653 -0.01880000
v 0.03806993 0.06905697 -0.01563000
v 0.03756709 0.07069770 -0.01880000
v 0.03806993 0.06905697 -0.01563000
v 0.03756709 0.07069770 -0.01563000
v 0.03756709 0.07069770 -0.01880000
v 0.03756709 0.07069770 -0.01880000
v 0.03756709 0.07069770 -0.01563000
v 0.03618700 0.07803248 -0.01880000
v 0.03756709 0.07069770 -0.01563000
v 0.03641308 0.07614195 -0.01563000
v 0.03618700 0.07803248 -0.01880000
v 0.03641308 0.07614195 -0.01563000
v 0.03618700 0.07803248 -0.01563000
v 0.03618700 0.07803248 -0.01880000
v 0.03618700 0.07803248 -0.01880000
v 0.03618700 0.07803248 -0.01563000
v 0.03607081 0.07950257 -0.01880000
v 0.03618700 0.07803248 -0.01563000
v 0.03600885 0.08336947 -0.01563000
v 0.03607081 0.07950257 -0.01880000
v 0.03607081 0.07950257 -0.01880000
v 0.03600885 0.08336947 -0.01563000
v 0.03605932 0.08454316 -0.01880000
v 0.03600885 0.08336947 -0.01563000
v 0.03607752 0.08484574 -0.01563000
v 0.03605932 0.08454316 -0.01880000
v 0.03720515 0.09228029 -0.01563000
v 0.03720515 0.09228029 -0.01880000
v 0.03698321 0.09131284 -0.01563000
v 0.03720515 0.09228029 -0.01880000
v 0.03620271 0.08637826 -0.01880000
v 0.03698321 0.09131284 -0.01563000
v 0.03698321 0.09131284 -0.01563000
v 0.03620271 0.08637826 -0.01880000
v 0.03607752 0.08484574 -0.01563000
v 0.03620271 0.08637826 -0.01880000
v 0.03607752 0.08484574 -0.01880000
v 0.03607752 0.08484574 -0.01563000
v 0.03607752 0.08484574 -0.01563000
v 0.03607752 0.08484574 -0.01880000
v 0.03605932 0.08454316 -0.01880000
v 0.03779000 0.09445459 -0.01880000
v 0.03720515 0.09228029 -0.01563000
v 0.03958377 0.09938177 -0.01880000
v 0.03720515 0.09228029 -0.01563000
v 0.03920652 0.09848492 -0.01563000
v 0.03958377 0.09938177 -0.01880000
v 0.03958377 0.09938177 -0.01880000
v 0.03920652 0.09848492 -0.01563000
v 0.03958377 0.09938177 -0.01563000
v 0.04425872 0.10758766 -0.01880000
v 0.04039818 0.10115021 -0.01880000
v 0.04039818 0.10115021 -0.01563000
v 0.04039818 0.10115021 -0.01880000
v 0.03958377 0.09938177 -0.01880000
v 0.04039818 0.10115021 -0.01563000
v 0.04039818 0.10115021 -0.01563000
v 0.03958377 0.09938177 -0.01880000
v 0.03958377 0.09938177 -0.01563000
v 0.04039818 0.10115021 -0.01563000
v 0.04314443 0.10597376 -0.01563000
v 0.04425872 0.10758766 -0.01880000
v 0.04314443 0.10597376 -0.01563000
v 0.04425872 0.10758766 -0.01563000
v 0.04425872 0.10758766 -0.01880000
v 0.04425872 0.10758766 -0.01880000
v 0.04425872 0.10758766 -0.01563000
v 0.04910940 0.11319154 -0.01880000
v 0.04425872 0.10758766 -0.01563000
v 0.04777688 0.11183925 -0.01563000
v 0.04910940 0.11319154 -0.01880000
v 0.04910940 0.11319154 -0.01880000
v 0.04777688 0.11183925 -0.01563000
v 0.04910940 0.11319154 -0.01563000
v 0.09732617 0.12000513 -0.01563000
v 0.09732617 0.12000513 -0.01880000
v 0.09485367 0.12125143 -0.01880000
v 0.09732617 0.12000513 -0.01563000
v 0.09485367 0.12125143 -0.01880000
v 0.09161678 0.12259138 -0.01563000
v 0.09485367 0.12125143 -0.01880000
v 0.09320746 0.12197239 -0.01880000
v 0.09161678 0.12259138 -0.01563000
v 0.09320746 0.12197239 -0.01880000
v 0.09054960 0.12296554 -0.01880000
v 0.09161678 0.12259138 -0.01563000
v 0.09161678 0.12259138 -0.01563000
v 0.09054960 0.12296554 -0.01880000
v 0.09054960 0.12296554 -0.01563000
v 0.09054960 0.12296554 -0.01880000
v 0.08819309 0.12367853 -0.01880000
v 0.09054960 0.12296554 -0.01563000
v 0.09054960 0.12296554 -0.01563000
v 0.08819309 0.12367853 -0.01880000
v 0.08465335 0.12446759 -0.01563000
v 0.08819309 0.12367853 -0.01880000
v 0.08332463 0.12467881 -0.01880000
v 0.08465335 0.12446759 -0.01563000
v 0.08465335 0.12446759 -0.01563000
v 0.08332463 0.12467881 -0.01880000
v 0.08332463 0.12467881 -0.01563000
v 0.08332463 0.12467881 -0.01880000
v 0.08144355 0.12490003 -0.01880000
v 0.08332463 0.12467881 -0.01563000
v 0.08332463 0.12467881 -0.01563000
v 0.08144355 0.12490003 -0.01880000
v 0.08144355 0.12490003 -0.01563000
v 0.08144355 0.12490003 -0.01880000
v 0.07895631 0.12505324 -0.01880000
v 0.08144355 0.12490003 -0.01563000
v 0.08144355 0.12490003 -0.01563000
v 0.07895631 0.12505324 -0.01880000
v 0.07514147 0.12497986 -0.01563000
v 0.07895631 0.12505324 -0.01880000
v 0.07426705 0.12491041 -0.01880000
v 0.07514147 0.12497986 -0.01563000
v 0.07514147 0.12497986 -0.01563000
v 0.07426705 0.12491041 -0.01880000
v 0.07426705 0.12491041 -0.01563000
v 0.07426705 0.12491041 -0.01880000
v 0.06949169 0.12418064 -0.01880000
v 0.07426705 0.12491041 -0.01563000
v 0.07426705 0.12491041 -0.01563000
v 0.06949169 0.12418064 -0.01880000
v 0.06790095 0.12380339 -0.01563000
v 0.06949169 0.12418064 -0.01880000
v 0.06723069 0.12362389 -0.01880000
v 0.06790095 0.12380339 -0.01563000
v 0.06790095 0.12380339 -0.01563000
v 0.06723069 0.12362389 -0.01880000
v 0.06723069 0.12362389 -0.01563000
v 0.06723069 0.12362389 -0.01880000
v 0.06486562 0.12289079 -0.01880000
v 0.06723069 0.12362389 -0.01563000
v 0.06723069 0.12362389 -0.01563000
v 0.06486562 0.12289079 -0.01880000
v 0.06094300 0.12131651 -0.01563000
v 0.06486562 0.12289079 -0.01880000
v 0.06141799 0.12153207 -0.01880000
v 0.06094300 0.12131651 -0.01563000
v 0.06094300 0.12131651 -0.01563000
v 0.06141799 0.12153207 -0.01880000
v 0.06053825 0.12112718 -0.01563000
v 0.06141799 0.12153207 -0.01880000
v 0.06053825 0.12112718 -0.01880000
v 0.06053825 0.12112718 -0.01563000
v 0.06053825 0.12112718 -0.01563000
v 0.06053825 0.12112718 -0.01880000
v 0.05449732 0.11762851 -0.01563000
v 0.06053825 0.12112718 -0.01880000
v 0.05420071 0.11742077 -0.01880000
v 0.05449732 0.11762851 -0.01563000
v 0.05449732 0.11762851 -0.01563000
v 0.05420071 0.11742077 -0.01880000
v 0.05420071 0.11742077 -0.01563000
v 0.05420071 0.11742077 -0.01880000
v 0.04910940 0.11319154 -0.01880000
v 0.05420071 0.11742077 -0.01563000
v 0.05420071 0.11742077 -0.01563000
v 0.04910940 0.11319154 -0.01880000
v 0.04910940 0.11319154 -0.01563000
v 0.09732617 0.12000513 -0.01880000
v 0.09732617 0.12000513 -0.01563000
v 0.10084733 0.11785587 -0.01880000
v 0.09732617 0.12000513 -0.01563000
v 0.09816533 0.11953478 -0.01563000
v 0.10084733 0.11785587 -0.01880000
v 0.10084733 0.11785587 -0.01880000
v 0.09816533 0.11953478 -0.01563000
v 0.10353241 0.11587546 -0.01880000
v 0.09816533 0.11953478 -0.01563000
v 0.10353241 0.11587546 -0.01563000
v 0.10353241 0.11587546 -0.01880000
v 0.10353241 0.11587546 -0.01563000
v 0.10426146 0.11527877 -0.01563000
v 0.10353241 0.11587546 -0.01880000
v 0.10353241 0.11587546 -0.01880000
v 0.10426146 0.11527877 -0.01563000
v 0.10890074 0.11075202 -0.01880000
v 0.11333936 0.10472485 -0.01563000
v 0.11333933 0.10472483 -0.01880000
v 0.10951679 0.11003646 -0.01563000
v 0.11333933 0.10472483 -0.01880000
v 0.10890074 0.11075202 -0.01880000
v 0.10951679 0.11003646 -0.01563000
v 0.10951679 0.11003646 -0.01563000
v 0.10890074 0.11075202 -0.01880000
v 0.10890074 0.11075202 -0.01563000
v 0.10890074 0.11075202 -0.01880000
v 0.10426146 0.11527877 -0.01563000
v 0.10890074 0.11075202 -0.01563000
v 0.11333933 0.10472483 -0.01880000
v 0.11333936 0.10472485 -0.01563000
v 0.11611274 0.09938172 -0.01880000
v 0.11333936 0.10472485 -0.01563000
v 0.11611257 0.09938165 -0.01563000
v 0.11611274 0.09938172 -0.01880000
v 0.10697489 0.05240370 -0.01563000
v 0.10697486 0.05240373 -0.01880000
v 0.11140168 0.05726261 -0.01563000
v 0.10697486 0.05240373 -0.01880000
v 0.11140168 0.05726261 -0.01880000
v 0.11140168 0.05726261 -0.01563000
v 0.11140168 0.05726261 -0.01563000
v 0.11140168 0.05726261 -0.01880000
v 0.11496133 0.06278840 -0.01563000
v 0.11140168 0.05726261 -0.01880000
v 0.11496137 0.06278837 -0.01880000
v 0.11496133 0.06278840 -0.01563000
v 0.09835332 0.04629076 -0.01880000
v 0.10449896 0.05028403 -0.01880000
v 0.10449896 0.05028403 -0.01563000
v 0.10449896 0.05028403 -0.01880000
v 0.10697486 0.05240373 -0.01880000
v 0.10449896 0.05028403 -0.01563000
v 0.10449896 0.05028403 -0.01563000
v 0.10697486 0.05240373 -0.01880000
v 0.10697489 0.05240370 -0.01563000
v 0.10449896 0.05028403 -0.01563000
v 0.10129816 0.04800748 -0.01563000
v 0.09835332 0.04629076 -0.01880000
v 0.10129816 0.04800748 -0.01563000
v 0.09835332 0.04629076 -0.01563000
v 0.09835332 0.04629076 -0.01880000
v 0.09835332 0.04629076 -0.01880000
v 0.09835332 0.04629076 -0.01563000
v 0.09139923 0.04338045 -0.01880000
v 0.09835332 0.04629076 -0.01563000
v 0.09490455 0.04466454 -0.01563000
v 0.09139923 0.04338045 -0.01880000
v 0.09490455 0.04466454 -0.01563000
v 0.09139923 0.04338045 -0.01563000
v 0.09139923 0.04338045 -0.01880000
v 0.09139923 0.04338045 -0.01563000
v 0.08790097 0.04242814 -0.01563000
v 0.09139923 0.04338045 -0.01880000
v 0.09139923 0.04338045 -0.01880000
v 0.08790097 0.04242814 -0.01563000
v 0.08389214 0.04170470 -0.01880000
v 0.08790097 0.04242814 -0.01563000
v 0.08389214 0.04170470 -0.01563000
v 0.08389214 0.04170470 -0.01880000
v 0.08389214 0.04170470 -0.01563000
v 0.08052351 0.04138172 -0.01563000
v 0.08389214 0.04170470 -0.01880000
v 0.08389214 0.04170470 -0.01880000
v 0.08052351 0.04138172 -0.01563000
v 0.07617395 0.04133407 -0.01880000
v 0.08052351 0.04138172 -0.01563000
v 0.07617395 0.04133407 -0.01563000
v 0.07617395 0.04133407 -0.01880000
v 0.07617395 0.04133407 -0.01563000
v 0.07292440 0.04156791 -0.01563000
v 0.07617395 0.04133407 -0.01880000
v 0.07617395 0.04133407 -0.01880000
v 0.07292440 0.04156791 -0.01563000
v 0.06853683 0.04225771 -0.01880000
v 0.07292440 0.04156791 -0.01563000
v 0.06853683 0.04225771 -0.01563000
v 0.06853683 0.04225771 -0.01880000
v 0.06853683 0.04225771 -0.01563000
v 0.06750061 0.04248609 -0.01563000
v 0.06853683 0.04225771 -0.01880000
v 0.06853683 0.04225771 -0.01880000
v 0.06750061 0.04248609 -0.01563000
v 0.06158591 0.04431232 -0.01880000
v 0.06750061 0.04248609 -0.01563000
v 0.06158591 0.04431232 -0.01563000
v 0.06158591 0.04431232 -0.01880000
v 0.06158591 0.04431232 -0.01563000
v 0.06022778 0.04486901 -0.01563000
v 0.06158591 0.04431232 -0.01880000
v 0.06158591 0.04431232 -0.01880000
v 0.06022778 0.04486901 -0.01563000
v 0.05517813 0.04747375 -0.01880000
v 0.06022778 0.04486901 -0.01563000
v 0.05517813 0.04747375 -0.01563000
v 0.05517813 0.04747375 -0.01880000
v 0.05517813 0.04747375 -0.01563000
v 0.05372778 0.04840044 -0.01563000
v 0.05517813 0.04747375 -0.01880000
v 0.05517813 0.04747375 -0.01880000
v 0.05372778 0.04840044 -0.01563000
v 0.04942955 0.05173358 -0.01880000
v 0.05372778 0.04840044 -0.01563000
v 0.04942955 0.05173358 -0.01563000
v 0.04942955 0.05173358 -0.01880000
v 0.04942955 0.05173358 -0.01563000
v 0.04811380 0.05296240 -0.01563000
v 0.04942955 0.05173358 -0.01880000
v 0.04942955 0.05173358 -0.01880000
v 0.04811380 0.05296240 -0.01563000
v 0.04620029 0.05496711 -0.01880000
v 0.04811380 0.05296240 -0.01563000
v 0.04452913 0.05697137 -0.01563000
v 0.04620029 0.05496711 -0.01880000
v 0.04620029 0.05496711 -0.01880000
v 0.04452913 0.05697137 -0.01563000
v 0.04452913 0.05697137 -0.01880000
v 0.04452913 0.05697137 -0.01563000
v 0.04347932 0.05837888 -0.01563000
v 0.04452913 0.05697137 -0.01880000
v 0.04452913 0.05697137 -0.01880000
v 0.04347932 0.05837888 -0.01563000
v 0.04074874 0.06278838 -0.01880000
v 0.04347932 0.05837888 -0.01563000
v 0.04074873 0.06278840 -0.01563000
v 0.04074874 0.06278838 -0.01880000
v 0.11747026 0.06855772 -0.01880000
v 0.11774112 0.06937319 -0.01880000
v 0.11774112 0.06937319 -0.01563000
v 0.11643005 0.09863229 -0.01880000
v 0.11611274 0.09938172 -0.01880000
v 0.11643005 0.09863229 -0.01563000
v 0.11611274 0.09938172 -0.01880000
v 0.11611257 0.09938165 -0.01563000
v 0.11643005 0.09863229 -0.01563000
v 0.11968000 0.08379912 -0.01563000
v 0.11966991 0.08403684 -0.01880000
v 0.11966991 0.08403684 -0.01563000
v 0.11966991 0.08403684 -0.01880000
v 0.11965215 0.08439609 -0.01880000
v 0.11966991 0.08403684 -0.01563000
v 0.11966991 0.08403684 -0.01563000
v 0.11965215 0.08439609 -0.01880000
v 0.11959804 0.08524737 -0.01563000
v 0.11965215 0.08439609 -0.01880000
v 0.11946709 0.08669553 -0.01880000
v 0.11959804 0.08524737 -0.01563000
v 0.11959804 0.08524737 -0.01563000
v 0.11946709 0.08669553 -0.01880000
v 0.11868186 0.09147515 -0.01563000
v 0.11946709 0.08669553 -0.01880000
v 0.11868186 0.09147515 -0.01880000
v 0.11868186 0.09147515 -0.01563000
v 0.11868186 0.09147515 -0.01563000
v 0.11868186 0.09147515 -0.01880000
v 0.11840280 0.09265496 -0.01563000
v 0.11868186 0.09147515 -0.01880000
v 0.11810767 0.09376707 -0.01880000
v 0.11840280 0.09265496 -0.01563000
v 0.11840280 0.09265496 -0.01563000
v 0.11810767 0.09376707 -0.01880000
v 0.11643005 0.09863229 -0.01563000
v 0.11810767 0.09376707 -0.01880000
v 0.11724362 0.09650403 -0.01880000
v 0.11643005 0.09863229 -0.01563000
v 0.11643005 0.09863229 -0.01563000
v 0.11724362 0.09650403 -0.01880000
v 0.11643005 0.09863229 -0.01880000
v 0.11774112 0.06937319 -0.01563000
v 0.11774112 0.06937319 -0.01880000
v 0.11823554 0.07103778 -0.01563000
v 0.11774112 0.06937319 -0.01880000
v 0.11908511 0.07483070 -0.01880000
v 0.11823554 0.07103778 -0.01563000
v 0.11823554 0.07103778 -0.01563000
v 0.11908511 0.07483070 -0.01880000
v 0.11934363 0.07650829 -0.01563000
v 0.11908511 0.07483070 -0.01880000
v 0.11934363 0.07650829 -0.01880000
v 0.11934363 0.07650829 -0.01563000
v 0.11934363 0.07650829 -0.01563000
v 0.11934363 0.07650829 -0.01880000
v 0.11955050 0.07837875 -0.01563000
v 0.11934363 0.07650829 -0.01880000
v 0.11955236 0.07839994 -0.01880000
v 0.11955050 0.07837875 -0.01563000
v 0.11955050 0.07837875 -0.01563000
v 0.11955236 0.07839994 -0.01880000
v 0.11968000 0.08379912 -0.01563000
v 0.11955236 0.07839994 -0.01880000
v 0.11968000 0.08379912 -0.01880000
v 0.11968000 0.08379912 -0.01563000
v 0.11968000 0.08379912 -0.01563000
v 0.11968000 0.08379912 -0.01880000
v 0.11966991 0.08403684 -0.01880000
v 0.11747026 0.06855772 -0.01880000
v 0.11774112 0.06937319 -0.01563000
v 0.11649652 0.06601229 -0.01880000
v 0.11774112 0.06937319 -0.01563000
v 0.11571620 0.06428084 -0.01563000
v 0.11649652 0.06601229 -0.01880000
v 0.11649652 0.06601229 -0.01880000
v 0.11571620 0.06428084 -0.01563000
v 0.11508524 0.06302296 -0.01880000
v 0.11571620 0.06428084 -0.01563000
v 0.11496133 0.06278840 -0.01563000
v 0.11508524 0.06302296 -0.01880000
v 0.11508524 0.06302296 -0.01880000
v 0.11496133 0.06278840 -0.01563000
v 0.11496137 0.06278837 -0.01880000
v 0.03642846 0.07599302 -0.02455237
v 0.03677804 0.07396258 -0.02505175
v 0.03679771 0.07387209 -0.02388155
v 0.03772192 0.07015512 -0.02598819
v 0.03846786 0.06790525 -0.02654153
v 0.03850131 0.06781867 -0.02536916
v 0.04112385 0.06210374 -0.02677285
v 0.04163324 0.06122681 -0.02222432
v 0.03886541 0.06687589 -0.02083354
v 0.04878108 0.05236403 -0.02916281
v 0.04871106 0.05242671 -0.03034841
v 0.05220294 0.04952488 -0.03106210
v 0.05661005 0.04668367 -0.03176088
v 0.05834377 0.04576924 -0.03198578
v 0.05876910 0.04556231 -0.03082872
v 0.07652184 0.04125881 -0.03309510
v 0.07716908 0.04124422 -0.03309869
v 0.07726431 0.04124440 -0.03187867
v 0.03756709 0.07069770 -0.01880000
v 0.03924930 0.06593321 -0.01979202
v 0.04014601 0.06396653 -0.01880000
v 0.03607752 0.08484574 -0.01880000
v 0.03620271 0.08637826 -0.01880000
v 0.03623735 0.08675095 -0.02071454
v 0.03620271 0.08637826 -0.01880000
v 0.03720515 0.09228029 -0.01880000
v 0.03623735 0.08675095 -0.02071454
v 0.03623735 0.08675095 -0.02071454
v 0.03720515 0.09228029 -0.01880000
v 0.03742270 0.09314311 -0.01914174
v 0.03720515 0.09228029 -0.01880000
v 0.03779000 0.09445459 -0.01880000
v 0.03742270 0.09314311 -0.01914174
v 0.03679771 0.07387209 -0.02388155
v 0.03618700 0.07803248 -0.01880000
v 0.03602547 0.08026531 -0.02230973
v 0.03618700 0.07803248 -0.01880000
v 0.03607081 0.07950257 -0.01880000
v 0.03602547 0.08026531 -0.02230973
v 0.03602547 0.08026531 -0.02230973
v 0.03607081 0.07950257 -0.01880000
v 0.03623735 0.08675095 -0.02071454
v 0.03607081 0.07950257 -0.01880000
v 0.03605932 0.08454316 -0.01880000
v 0.03623735 0.08675095 -0.02071454
v 0.03623735 0.08675095 -0.02071454
v 0.03605932 0.08454316 -0.01880000
v 0.03607752 0.08484574 -0.01880000
v 0.04014601 0.06396653 -0.01880000
v 0.03924930 0.06593321 -0.01979202
v 0.04074874 0.06278838 -0.01880000
v 0.03924930 0.06593321 -0.01979202
v 0.04182081 0.06090392 -0.02021820
v 0.04074874 0.06278838 -0.01880000
v 0.04074874 0.06278838 -0.01880000
v 0.04182081 0.06090392 -0.02021820
v 0.04185219 0.06084992 -0.01927676
v 0.10711208 0.05253770 -0.02439425
v 0.10785969 0.05325691 -0.02373199
v 0.10809315 0.05348280 -0.02143400
v 0.10636060 0.05184386 -0.02925315
v 0.10711638 0.05253766 -0.02848526
v 0.10785969 0.05325691 -0.02373199
v 0.10711638 0.05253766 -0.02848526
v 0.10636060 0.05184386 -0.02925315
v 0.10698158 0.05240736 -0.03035315
v 0.10809925 0.05348876 -0.02108720
v 0.10698163 0.05240745 -0.02135314
v 0.10738879 0.05279318 -0.02225197
v 0.10698163 0.05240745 -0.02135314
v 0.10291055 0.04908893 -0.02216931
v 0.10738879 0.05279318 -0.02225197
v 0.09959900 0.04696370 -0.02269200
v 0.09742749 0.04579848 -0.02396628
v 0.10291055 0.04908893 -0.02216931
v 0.09742749 0.04579848 -0.02396628
v 0.10285832 0.04905324 -0.02316904
v 0.10291055 0.04908893 -0.02216931
v 0.10291055 0.04908893 -0.02216931
v 0.10285832 0.04905324 -0.02316904
v 0.10738879 0.05279318 -0.02225197
v 0.10698158 0.05240736 -0.03035315
v 0.10636060 0.05184386 -0.02925315
v 0.10205524 0.04849637 -0.03131505
v 0.10636060 0.05184386 -0.02925315
v 0.10169826 0.04826039 -0.03013753
v 0.10205524 0.04849637 -0.03131505
v 0.10205524 0.04849637 -0.03131505
v 0.10169826 0.04826039 -0.03013753
v 0.09859779 0.04640524 -0.03182936
v 0.10169826 0.04826039 -0.03013753
v 0.09615510 0.04518968 -0.03089636
v 0.09859779 0.04640524 -0.03182936
v 0.09859779 0.04640524 -0.03182936
v 0.09615510 0.04518968 -0.03089636
v 0.09589838 0.04507121 -0.03215746
v 0.09615510 0.04518968 -0.03089636
v 0.09012258 0.04295759 -0.03144921
v 0.09589838 0.04507121 -0.03215746
v 0.09589838 0.04507121 -0.03215746
v 0.09012258 0.04295759 -0.03144921
v 0.08893182 0.04263214 -0.03275734
v 0.09012258 0.04295759 -0.03144921
v 0.08376347 0.04163090 -0.03177952
v 0.08893182 0.04263214 -0.03275734
v 0.08893182 0.04263214 -0.03275734
v 0.08376347 0.04163090 -0.03177952
v 0.08484718 0.04178710 -0.03296517
v 0.07726431 0.04124440 -0.03187867
v 0.07716908 0.04124422 -0.03309869
v 0.08376347 0.04163090 -0.03177952
v 0.07716908 0.04124422 -0.03309869
v 0.08069769 0.04132878 -0.03307789
v 0.08376347 0.04163090 -0.03177952
v 0.08376347 0.04163090 -0.03177952
v 0.08069769 0.04132878 -0.03307789
v 0.08484718 0.04178710 -0.03296517
v 0.07652184 0.04125881 -0.03309510
v 0.07726431 0.04124440 -0.03187867
v 0.07235879 0.04157736 -0.03301676
v 0.07726431 0.04124440 -0.03187867
v 0.07083051 0.04179486 -0.03174737
v 0.07235879 0.04157736 -0.03301676
v 0.07235879 0.04157736 -0.03301676
v 0.07083051 0.04179486 -0.03174737
v 0.07073631 0.04180842 -0.03295993
v 0.05876910 0.04556231 -0.03082872
v 0.05834377 0.04576924 -0.03198578
v 0.06462344 0.04324853 -0.03139387
v 0.05834377 0.04576924 -0.03198578
v 0.06225880 0.04406183 -0.03240572
v 0.06462344 0.04324853 -0.03139387
v 0.06225880 0.04406183 -0.03240572
v 0.06514782 0.04308656 -0.03264558
v 0.06462344 0.04324853 -0.03139387
v 0.06462344 0.04324853 -0.03139387
v 0.06514782 0.04308656 -0.03264558
v 0.07083051 0.04179486 -0.03174737
v 0.06514782 0.04308656 -0.03264558
v 0.06824598 0.04228330 -0.03284312
v 0.07083051 0.04179486 -0.03174737
v 0.07083051 0.04179486 -0.03174737
v 0.06824598 0.04228330 -0.03284312
v 0.07073631 0.04180842 -0.03295993
v 0.09959900 0.04696370 -0.02269200
v 0.09748477 0.04582588 -0.02297185
v 0.09742749 0.04579848 -0.02396628
v 0.09748477 0.04582588 -0.02297185
v 0.09153709 0.04338832 -0.02357136
v 0.09742749 0.04579848 -0.02396628
v 0.09742749 0.04579848 -0.02396628
v 0.09153709 0.04338832 -0.02357136
v 0.09147615 0.04336977 -0.02456011
v 0.09153709 0.04338832 -0.02357136
v 0.08522877 0.04184904 -0.02394994
v 0.09147615 0.04336977 -0.02456011
v 0.09147615 0.04336977 -0.02456011
v 0.08522877 0.04184904 -0.02394994
v 0.08516565 0.04183964 -0.02493280
v 0.08522877 0.04184904 -0.02394994
v 0.07874667 0.04124768 -0.02409784
v 0.08516565 0.04183964 -0.02493280
v 0.08516565 0.04183964 -0.02493280
v 0.07874667 0.04124768 -0.02409784
v 0.07868282 0.04124754 -0.02507472
v 0.07874667 0.04124768 -0.02409784
v 0.07229716 0.04158496 -0.02401488
v 0.07868282 0.04124754 -0.02507472
v 0.07868282 0.04124754 -0.02507472
v 0.07229716 0.04158496 -0.02401488
v 0.07223397 0.04159401 -0.02498581
v 0.07229716 0.04158496 -0.02401488
v 0.06604182 0.04282984 -0.02370872
v 0.07223397 0.04159401 -0.02498581
v 0.07223397 0.04159401 -0.02498581
v 0.06604182 0.04282984 -0.02370872
v 0.06598072 0.04284788 -0.02467379
v 0.06604182 0.04282984 -0.02370872
v 0.06010682 0.04494199 -0.02318924
v 0.06598072 0.04284788 -0.02467379
v 0.06598072 0.04284788 -0.02467379
v 0.06010682 0.04494199 -0.02318924
v 0.06004919 0.04496871 -0.02414864
v 0.06010682 0.04494199 -0.02318924
v 0.05759091 0.04615356 -0.02289126
v 0.06004919 0.04496871 -0.02414864
v 0.06004919 0.04496871 -0.02414864
v 0.05759091 0.04615356 -0.02289126
v 0.05454525 0.04791682 -0.02342021
v 0.05661005 0.04668367 -0.03176088
v 0.05876910 0.04556231 -0.03082872
v 0.05220294 0.04952488 -0.03106210
v 0.05876910 0.04556231 -0.03082872
v 0.05337301 0.04869279 -0.03006250
v 0.05220294 0.04952488 -0.03106210
v 0.05220294 0.04952488 -0.03106210
v 0.05337301 0.04869279 -0.03006250
v 0.04878108 0.05236403 -0.02916281
v 0.05759091 0.04615356 -0.02289126
v 0.05459803 0.04788189 -0.02246618
v 0.05454525 0.04791682 -0.02342021
v 0.05459803 0.04788189 -0.02246618
v 0.04987078 0.05138782 -0.02160392
v 0.05454525 0.04791682 -0.02342021
v 0.05454525 0.04791682 -0.02342021
v 0.04987078 0.05138782 -0.02160392
v 0.04982383 0.05142988 -0.02255326
v 0.04987078 0.05138782 -0.02160392
v 0.04550003 0.05579008 -0.02052120
v 0.04982383 0.05142988 -0.02255326
v 0.04982383 0.05142988 -0.02255326
v 0.04550003 0.05579008 -0.02052120
v 0.04546039 0.05583869 -0.02146621
v 0.10785969 0.05325691 -0.02373199
v 0.10711208 0.05253770 -0.02439425
v 0.10636060 0.05184386 -0.02925315
v 0.10711208 0.05253770 -0.02439425
v 0.10254613 0.04883987 -0.02530139
v 0.10636060 0.05184386 -0.02925315
v 0.10636060 0.05184386 -0.02925315
v 0.10254613 0.04883987 -0.02530139
v 0.10169826 0.04826039 -0.03013753
v 0.10254613 0.04883987 -0.02530139
v 0.09708507 0.04563464 -0.02608696
v 0.10169826 0.04826039 -0.03013753
v 0.10169826 0.04826039 -0.03013753
v 0.09708507 0.04563464 -0.02608696
v 0.09615510 0.04518968 -0.03089636
v 0.09708507 0.04563464 -0.02608696
v 0.09111188 0.04325884 -0.02666832
v 0.09615510 0.04518968 -0.03089636
v 0.09615510 0.04518968 -0.03089636
v 0.09111188 0.04325884 -0.02666832
v 0.09012258 0.04295759 -0.03144921
v 0.09111188 0.04325884 -0.02666832
v 0.08478829 0.04178347 -0.02702812
v 0.09012258 0.04295759 -0.03144921
v 0.09012258 0.04295759 -0.03144921
v 0.08478829 0.04178347 -0.02702812
v 0.08376347 0.04163090 -0.03177952
v 0.08478829 0.04178347 -0.02702812
v 0.07830106 0.04124669 -0.02715701
v 0.08376347 0.04163090 -0.03177952
v 0.08376347 0.04163090 -0.03177952
v 0.07830106 0.04124669 -0.02715701
v 0.07726431 0.04124440 -0.03187867
v 0.07830106 0.04124669 -0.02715701
v 0.07185628 0.04164806 -0.02705518
v 0.07726431 0.04124440 -0.03187867
v 0.07726431 0.04124440 -0.03187867
v 0.07185628 0.04164806 -0.02705518
v 0.07083051 0.04179486 -0.03174737
v 0.07185628 0.04164806 -0.02705518
v 0.06561545 0.04295570 -0.02673050
v 0.07083051 0.04179486 -0.03174737
v 0.07083051 0.04179486 -0.03174737
v 0.06561545 0.04295570 -0.02673050
v 0.06462344 0.04324853 -0.03139387
v 0.06561545 0.04295570 -0.02673050
v 0.05970469 0.04512846 -0.02619313
v 0.06462344 0.04324853 -0.03139387
v 0.06462344 0.04324853 -0.03139387
v 0.05970469 0.04512846 -0.02619313
v 0.05876910 0.04556231 -0.03082872
v 0.05970469 0.04512846 -0.02619313
v 0.05422978 0.04812565 -0.02545315
v 0.05876910 0.04556231 -0.03082872
v 0.05876910 0.04556231 -0.03082872
v 0.05422978 0.04812565 -0.02545315
v 0.05337301 0.04869279 -0.03006250
v 0.05422978 0.04812565 -0.02545315
v 0.04954321 0.05168127 -0.02457619
v 0.05337301 0.04869279 -0.03006250
v 0.05337301 0.04869279 -0.03006250
v 0.04954321 0.05168127 -0.02457619
v 0.04878108 0.05236403 -0.02916281
v 0.04954321 0.05168127 -0.02457619
v 0.04522340 0.05612936 -0.02347991
v 0.04878108 0.05236403 -0.02916281
v 0.04878108 0.05236403 -0.02916281
v 0.04522340 0.05612936 -0.02347991
v 0.04457981 0.05691877 -0.02804560
v 0.04546039 0.05583869 -0.02146621
v 0.04550003 0.05579008 -0.02052120
v 0.04182081 0.06090392 -0.02021820
v 0.04550003 0.05579008 -0.02052120
v 0.04324092 0.05871997 -0.01980061
v 0.04182081 0.06090392 -0.02021820
v 0.04182081 0.06090392 -0.02021820
v 0.04324092 0.05871997 -0.01980061
v 0.04185219 0.06084992 -0.01927676
v 0.03992451 0.06442530 -0.02739741
v 0.04107706 0.06218428 -0.02794858
v 0.04112385 0.06210374 -0.02677285
v 0.04107706 0.06218428 -0.02794858
v 0.04457981 0.05691877 -0.02804560
v 0.04112385 0.06210374 -0.02677285
v 0.04112385 0.06210374 -0.02677285
v 0.04457981 0.05691877 -0.02804560
v 0.04163324 0.06122681 -0.02222432
v 0.04457981 0.05691877 -0.02804560
v 0.04522340 0.05612936 -0.02347991
v 0.04163324 0.06122681 -0.02222432
v 0.04107706 0.06218428 -0.02794858
v 0.04299054 0.05908269 -0.02871140
v 0.04457981 0.05691877 -0.02804560
v 0.04299054 0.05908269 -0.02871140
v 0.04452069 0.05699126 -0.02922578
v 0.04457981 0.05691877 -0.02804560
v 0.04457981 0.05691877 -0.02804560
v 0.04452069 0.05699126 -0.02922578
v 0.04878108 0.05236403 -0.02916281
v 0.04452069 0.05699126 -0.02922578
v 0.04686549 0.05426215 -0.02989699
v 0.04878108 0.05236403 -0.02916281
v 0.04878108 0.05236403 -0.02916281
v 0.04686549 0.05426215 -0.02989699
v 0.04871106 0.05242671 -0.03034841
v 0.03756709 0.07069770 -0.01880000
v 0.03886541 0.06687589 -0.02083354
v 0.03924930 0.06593321 -0.01979202
v 0.03886541 0.06687589 -0.02083354
v 0.04163324 0.06122681 -0.02222432
v 0.03924930 0.06593321 -0.01979202
v 0.03924930 0.06593321 -0.01979202
v 0.04163324 0.06122681 -0.02222432
v 0.04182081 0.06090392 -0.02021820
v 0.04163324 0.06122681 -0.02222432
v 0.04522340 0.05612936 -0.02347991
v 0.04182081 0.06090392 -0.02021820
v 0.04182081 0.06090392 -0.02021820
v 0.04522340 0.05612936 -0.02347991
v 0.04546039 0.05583869 -0.02146621
v 0.04522340 0.05612936 -0.02347991
v 0.04954321 0.05168127 -0.02457619
v 0.04546039 0.05583869 -0.02146621
v 0.04546039 0.05583869 -0.02146621
v 0.04954321 0.05168127 -0.02457619
v 0.04982383 0.05142988 -0.02255326
v 0.04954321 0.05168127 -0.02457619
v 0.05422978 0.04812565 -0.02545315
v 0.04982383 0.05142988 -0.02255326
v 0.04982383 0.05142988 -0.02255326
v 0.05422978 0.04812565 -0.02545315
v 0.05454525 0.04791682 -0.02342021
v 0.05422978 0.04812565 -0.02545315
v 0.05970469 0.04512846 -0.02619313
v 0.05454525 0.04791682 -0.02342021
v 0.05454525 0.04791682 -0.02342021
v 0.05970469 0.04512846 -0.02619313
v 0.06004919 0.04496871 -0.02414864
v 0.05970469 0.04512846 -0.02619313
v 0.06561545 0.04295570 -0.02673050
v 0.06004919 0.04496871 -0.02414864
v 0.06004919 0.04496871 -0.02414864
v 0.06561545 0.04295570 -0.02673050
v 0.06598072 0.04284788 -0.02467379
v 0.06561545 0.04295570 -0.02673050
v 0.07185628 0.04164806 -0.02705518
v 0.06598072 0.04284788 -0.02467379
v 0.06598072 0.04284788 -0.02467379
v 0.07185628 0.04164806 -0.02705518
v 0.07223397 0.04159401 -0.02498581
v 0.07185628 0.04164806 -0.02705518
v 0.07830106 0.04124669 -0.02715701
v 0.07223397 0.04159401 -0.02498581
v 0.07223397 0.04159401 -0.02498581
v 0.07830106 0.04124669 -0.02715701
v 0.07868282 0.04124754 -0.02507472
v 0.07830106 0.04124669 -0.02715701
v 0.08478829 0.04178347 -0.02702812
v 0.07868282 0.04124754 -0.02507472
v 0.07868282 0.04124754 -0.02507472
v 0.08478829 0.04178347 -0.02702812
v 0.08516565 0.04183964 -0.02493280
v 0.08478829 0.04178347 -0.02702812
v 0.09111188 0.04325884 -0.02666832
v 0.08516565 0.04183964 -0.02493280
v 0.08516565 0.04183964 -0.02493280
v 0.09111188 0.04325884 -0.02666832
v 0.09147615 0.04336977 -0.02456011
v 0.09111188 0.04325884 -0.02666832
v 0.09708507 0.04563464 -0.02608696
v 0.09147615 0.04336977 -0.02456011
v 0.09147615 0.04336977 -0.02456011
v 0.09708507 0.04563464 -0.02608696
v 0.09742749 0.04579848 -0.02396628
v 0.09708507 0.04563464 -0.02608696
v 0.10254613 0.04883987 -0.02530139
v 0.09742749 0.04579848 -0.02396628
v 0.09742749 0.04579848 -0.02396628
v 0.10254613 0.04883987 -0.02530139
v 0.10285832 0.04905324 -0.02316904
v 0.10254613 0.04883987 -0.02530139
v 0.10711208 0.05253770 -0.02439425
v 0.10285832 0.04905324 -0.02316904
v 0.10285832 0.04905324 -0.02316904
v 0.10711208 0.05253770 -0.02439425
v 0.10738879 0.05279318 -0.02225197
v 0.10711208 0.05253770 -0.02439425
v 0.10809315 0.05348280 -0.02143400
v 0.10738879 0.05279318 -0.02225197
v 0.10738879 0.05279318 -0.02225197
v 0.10809315 0.05348280 -0.02143400
v 0.10809925 0.05348876 -0.02108720
v 0.03756709 0.07069770 -0.01880000
v 0.03701179 0.07288669 -0.01935428
v 0.03886541 0.06687589 -0.02083354
v 0.03701179 0.07288669 -0.01935428
v 0.03850131 0.06781867 -0.02536916
v 0.03886541 0.06687589 -0.02083354
v 0.03886541 0.06687589 -0.02083354
v 0.03850131 0.06781867 -0.02536916
v 0.04112385 0.06210374 -0.02677285
v 0.03850131 0.06781867 -0.02536916
v 0.03846786 0.06790525 -0.02654153
v 0.04112385 0.06210374 -0.02677285
v 0.04112385 0.06210374 -0.02677285
v 0.03846786 0.06790525 -0.02654153
v 0.03992451 0.06442530 -0.02739741
v 0.03756709 0.07069770 -0.01880000
v 0.03618700 0.07803248 -0.01880000
v 0.03701179 0.07288669 -0.01935428
v 0.03618700 0.07803248 -0.01880000
v 0.03679771 0.07387209 -0.02388155
v 0.03701179 0.07288669 -0.01935428
v 0.03701179 0.07288669 -0.01935428
v 0.03679771 0.07387209 -0.02388155
v 0.03850131 0.06781867 -0.02536916
v 0.03679771 0.07387209 -0.02388155
v 0.03677804 0.07396258 -0.02505175
v 0.03850131 0.06781867 -0.02536916
v 0.03850131 0.06781867 -0.02536916
v 0.03677804 0.07396258 -0.02505175
v 0.03772192 0.07015512 -0.02598819
v 0.03642846 0.07599302 -0.02455237
v 0.03679771 0.07387209 -0.02388155
v 0.03601997 0.08035761 -0.02347892
v 0.03679771 0.07387209 -0.02388155
v 0.03602547 0.08026531 -0.02230973
v 0.03601997 0.08035761 -0.02347892
v 0.03601997 0.08035761 -0.02347892
v 0.03602547 0.08026531 -0.02230973
v 0.03602934 0.08408570 -0.02256201
v 0.03602547 0.08026531 -0.02230973
v 0.03623735 0.08675095 -0.02071454
v 0.03602934 0.08408570 -0.02256201
v 0.03602934 0.08408570 -0.02256201
v 0.03623735 0.08675095 -0.02071454
v 0.03624590 0.08684303 -0.02188386
v 0.03623735 0.08675095 -0.02071454
v 0.03742270 0.09314311 -0.01914174
v 0.03624590 0.08684303 -0.02188386
v 0.03624590 0.08684303 -0.02188386
v 0.03742270 0.09314311 -0.01914174
v 0.03744494 0.09323301 -0.02031226
v 0.03742270 0.09314311 -0.01914174
v 0.03779000 0.09445459 -0.01880000
v 0.03744494 0.09323301 -0.02031226
v 0.03744494 0.09323301 -0.02031226
v 0.03779000 0.09445459 -0.01880000
v 0.03958377 0.09938177 -0.01880000
v 0.09957089 0.08699814 -0.10366359
v 0.09957086 0.10092070 -0.10366356
v 0.10210997 0.08792989 -0.10199959
v 0.09957086 0.10092070 -0.10366356
v 0.10300762 0.10092070 -0.10134631
v 0.10210997 0.08792989 -0.10199959
v 0.10210997 0.08792989 -0.10199959
v 0.10300762 0.10092070 -0.10134631
v 0.10302960 0.08830492 -0.10132986
v 0.10300762 0.10092070 -0.10134631
v 0.10620065 0.10092070 -0.09870336
v 0.10302960 0.08830492 -0.10132986
v 0.10302960 0.08830492 -0.10132986
v 0.10620065 0.10092070 -0.09870336
v 0.10620095 0.08977551 -0.09870368
v 0.07580961 0.08360325 -0.10972600
v 0.07580961 0.10092070 -0.10972600
v 0.07856537 0.08358488 -0.10975872
v 0.07580961 0.10092070 -0.10972600
v 0.08140223 0.10092070 -0.10960454
v 0.07856537 0.08358488 -0.10975872
v 0.07856537 0.08358488 -0.10975872
v 0.08140223 0.10092070 -0.10960454
v 0.08300447 0.08376757 -0.10943254
v 0.08300447 0.08376757 -0.10943254
v 0.08140223 0.10092070 -0.10960454
v 0.08736742 0.08420853 -0.10864513
v 0.08140223 0.10092070 -0.10960454
v 0.08813956 0.10092070 -0.10845588
v 0.08736742 0.08420853 -0.10864513
v 0.08736742 0.08420853 -0.10864513
v 0.08813956 0.10092070 -0.10845588
v 0.08814435 0.08431523 -0.10845459
v 0.08814435 0.08431523 -0.10845459
v 0.08813956 0.10092070 -0.10845588
v 0.09371431 0.08534669 -0.10661263
v 0.08813956 0.10092070 -0.10845588
v 0.09460367 0.10092070 -0.10623632
v 0.09371431 0.08534669 -0.10661263
v 0.09371431 0.08534669 -0.10661263
v 0.09460367 0.10092070 -0.10623632
v 0.09461073 0.08555916 -0.10623321
v 0.09461073 0.08555916 -0.10623321
v 0.09460367 0.10092070 -0.10623632
v 0.09756375 0.08635938 -0.10480418
v 0.09460367 0.10092070 -0.10623632
v 0.09957086 0.10092070 -0.10366356
v 0.09756375 0.08635938 -0.10480418
v 0.09756375 0.08635938 -0.10480418
v 0.09957086 0.10092070 -0.10366356
v 0.09957089 0.08699814 -0.10366359
v 0.07580961 0.10092070 -0.10972600
v 0.07580961 0.08360325 -0.10972600
v 0.07411379 0.08366471 -0.10961619
v 0.07580961 0.10092070 -0.10972600
v 0.07411379 0.08366471 -0.10961619
v 0.07058389 0.10092070 -0.10916591
v 0.05978562 0.08580846 -0.10578772
v 0.05978559 0.10092070 -0.10578779
v 0.06255746 0.08514891 -0.10696550
v 0.05978559 0.10092070 -0.10578779
v 0.06467555 0.10092070 -0.10771391
v 0.06255746 0.08514891 -0.10696550
v 0.07411379 0.08366471 -0.10961619
v 0.07058235 0.08391692 -0.10916573
v 0.07058389 0.10092070 -0.10916591
v 0.07058235 0.08391692 -0.10916573
v 0.06971385 0.08400512 -0.10900814
v 0.07058389 0.10092070 -0.10916591
v 0.07058389 0.10092070 -0.10916591
v 0.06971385 0.08400512 -0.10900814
v 0.06467555 0.10092070 -0.10771391
v 0.06971385 0.08400512 -0.10900814
v 0.06542657 0.08459806 -0.10794923
v 0.06467555 0.10092070 -0.10771391
v 0.06467555 0.10092070 -0.10771391
v 0.06542657 0.08459806 -0.10794923
v 0.06255746 0.08514891 -0.10696550
v 0.05335512 0.08789662 -0.10205840
v 0.04961532 0.08955594 -0.09909519
v 0.05438287 0.10092070 -0.10275981
v 0.04961532 0.08955594 -0.09909519
v 0.04885152 0.08994551 -0.09839947
v 0.05438287 0.10092070 -0.10275981
v 0.05438287 0.10092070 -0.10275981
v 0.04885152 0.08994551 -0.09839947
v 0.04814961 0.10092070 -0.09772909
v 0.05335512 0.08789662 -0.10205840
v 0.05438287 0.10092070 -0.10275981
v 0.05570923 0.08703250 -0.10360162
v 0.05438287 0.10092070 -0.10275981
v 0.05978559 0.10092070 -0.10578779
v 0.05570923 0.08703250 -0.10360162
v 0.05570923 0.08703250 -0.10360162
v 0.05978559 0.10092070 -0.10578779
v 0.05978562 0.08580846 -0.10578772
v 0.03854788 0.09831987 -0.08344425
v 0.03830922 0.09865534 -0.08284514
v 0.03905217 0.10092070 -0.08463027
v 0.03830922 0.09865534 -0.08284514
v 0.03752297 0.09988476 -0.08064958
v 0.03905217 0.10092070 -0.08463027
v 0.03905217 0.10092070 -0.08463027
v 0.03752297 0.09988476 -0.08064958
v 0.03696384 0.10092070 -0.07879958
v 0.04885152 0.08994551 -0.09839947
v 0.04807630 0.09036116 -0.09765718
v 0.04814961 0.10092070 -0.09772909
v 0.04807630 0.09036116 -0.09765718
v 0.04465451 0.09248516 -0.09386401
v 0.04814961 0.10092070 -0.09772909
v 0.04814961 0.10092070 -0.09772909
v 0.04465451 0.09248516 -0.09386401
v 0.04297744 0.10092070 -0.09161267
v 0.04465451 0.09248516 -0.09386401
v 0.04289845 0.09380972 -0.09149859
v 0.04297744 0.10092070 -0.09161267
v 0.04297744 0.10092070 -0.09161267
v 0.04289845 0.09380972 -0.09149859
v 0.04220604 0.09439006 -0.09046222
v 0.04220604 0.09439006 -0.09046222
v 0.04120300 0.09530281 -0.08883218
v 0.04297744 0.10092070 -0.09161267
v 0.04120300 0.09530281 -0.08883218
v 0.04006684 0.09646457 -0.08675745
v 0.04297744 0.10092070 -0.09161267
v 0.04297744 0.10092070 -0.09161267
v 0.04006684 0.09646457 -0.08675745
v 0.03905217 0.10092070 -0.08463027
v 0.04006684 0.09646457 -0.08675745
v 0.03897691 0.09775127 -0.08445966
v 0.03905217 0.10092070 -0.08463027
v 0.03905217 0.10092070 -0.08463027
v 0.03897691 0.09775127 -0.08445966
v 0.03854788 0.09831987 -0.08344425
v 0.03550289 0.10092070 -0.07007591
v 0.03550259 0.12792070 -0.07007592
v 0.03600588 0.10092070 -0.07447585
v 0.03550259 0.12792070 -0.07007592
v 0.03600588 0.12792070 -0.07447585
v 0.03600588 0.10092070 -0.07447585
v 0.03600588 0.10092070 -0.07447585
v 0.03600588 0.12792070 -0.07447585
v 0.03696384 0.10092070 -0.07879958
v 0.03600588 0.12792070 -0.07447585
v 0.03696385 0.12792070 -0.07879958
v 0.03696384 0.10092070 -0.07879958
v 0.03596196 0.10092070 -0.06003328
v 0.03596196 0.12792070 -0.06003328
v 0.03547025 0.12792070 -0.06504335
v 0.03596196 0.10092070 -0.06003328
v 0.03547025 0.12792070 -0.06504335
v 0.03547025 0.10092070 -0.06504335
v 0.03547025 0.12792070 -0.06504335
v 0.03550259 0.12792070 -0.07007592
v 0.03547025 0.10092070 -0.06504335
v 0.03547025 0.10092070 -0.06504335
v 0.03550259 0.12792070 -0.07007592
v 0.03550289 0.10092070 -0.07007591
v 0.03696385 0.12792070 -0.07879958
v 0.03790115 0.12792070 -0.08175320
v 0.03696384 0.10092070 -0.07879958
v 0.03790115 0.12792070 -0.08175320
v 0.03905217 0.10092070 -0.08463027
v 0.03696384 0.10092070 -0.07879958
v 0.03790115 0.12792070 -0.08175320
v 0.03905217 0.12792070 -0.08463027
v 0.03905217 0.10092070 -0.08463027
v 0.03905217 0.12792070 -0.08463027
v 0.04084902 0.12792070 -0.08821467
v 0.03905217 0.10092070 -0.08463027
v 0.03905217 0.10092070 -0.08463027
v 0.04084902 0.12792070 -0.08821467
v 0.04297744 0.10092070 -0.09161267
v 0.04084902 0.12792070 -0.08821467
v 0.04297744 0.12792070 -0.09161267
v 0.04297744 0.10092070 -0.09161267
v 0.04297744 0.12792070 -0.09161267
v 0.04541830 0.12792070 -0.09479368
v 0.04297744 0.10092070 -0.09161267
v 0.04297744 0.10092070 -0.09161267
v 0.04541830 0.12792070 -0.09479368
v 0.04814961 0.10092070 -0.09772909
v 0.05978559 0.12792070 -0.10578779
v 0.05978559 0.10092070 -0.10578779
v 0.05438287 0.12792070 -0.10275981
v 0.05978559 0.10092070 -0.10578779
v 0.05438287 0.10092070 -0.10275981
v 0.05438287 0.12792070 -0.10275981
v 0.05438287 0.12792070 -0.10275981
v 0.05438287 0.10092070 -0.10275981
v 0.05114679 0.12792070 -0.10039245
v 0.05438287 0.10092070 -0.10275981
v 0.04814961 0.10092070 -0.09772909
v 0.05114679 0.12792070 -0.10039245
v 0.05114679 0.12792070 -0.10039245
v 0.04814961 0.10092070 -0.09772909
v 0.04814961 0.12792070 -0.09772909
v 0.04814961 0.10092070 -0.09772909
v 0.04541830 0.12792070 -0.09479368
v 0.04814961 0.12792070 -0.09772909
v 0.06467555 0.10092070 -0.10771391
v 0.05978559 0.10092070 -0.10578779
v 0.05978559 0.12792070 -0.10578779
v 0.07580961 0.12792070 -0.10972594
v 0.07580961 0.10092070 -0.10972600
v 0.07318804 0.12792070 -0.10952722
v 0.07580961 0.10092070 -0.10972600
v 0.07058389 0.10092070 -0.10916591
v 0.07318804 0.12792070 -0.10952722
v 0.05978559 0.12792070 -0.10578779
v 0.06467555 0.12792070 -0.10771391
v 0.06467555 0.10092070 -0.10771391
v 0.06467555 0.12792070 -0.10771391
v 0.06760357 0.12792070 -0.10854632
v 0.06467555 0.10092070 -0.10771391
v 0.06467555 0.10092070 -0.10771391
v 0.06760357 0.12792070 -0.10854632
v 0.07058389 0.10092070 -0.10916591
v 0.06760357 0.12792070 -0.10854632
v 0.07058389 0.12792070 -0.10916591
v 0.07058389 0.10092070 -0.10916591
v 0.07058389 0.10092070 -0.10916591
v 0.07058389 0.12792070 -0.10916591
v 0.07318804 0.12792070 -0.10952722
v 0.07580961 0.12792070 -0.10972594
v 0.07860793 0.12792070 -0.10975786
v 0.07580961 0.10092070 -0.10972600
v 0.07860793 0.12792070 -0.10975786
v 0.08140223 0.10092070 -0.10960454
v 0.07580961 0.10092070 -0.10972600
v 0.09460367 0.12792070 -0.10623632
v 0.09957080 0.12792070 -0.10366345
v 0.09957086 0.10092070 -0.10366356
v 0.07860793 0.12792070 -0.10975786
v 0.08140223 0.12792070 -0.10960454
v 0.08140223 0.10092070 -0.10960454
v 0.08140223 0.12792070 -0.10960454
v 0.08479415 0.12792070 -0.10916662
v 0.08140223 0.10092070 -0.10960454
v 0.08140223 0.10092070 -0.10960454
v 0.08479415 0.12792070 -0.10916662
v 0.08813956 0.10092070 -0.10845588
v 0.09957086 0.10092070 -0.10366356
v 0.09460367 0.10092070 -0.10623632
v 0.09460367 0.12792070 -0.10623632
v 0.09460367 0.10092070 -0.10623632
v 0.08813956 0.10092070 -0.10845588
v 0.09460367 0.12792070 -0.10623632
v 0.09460367 0.12792070 -0.10623632
v 0.08813956 0.10092070 -0.10845588
v 0.08813956 0.12792070 -0.10845588
v 0.08813956 0.10092070 -0.10845588
v 0.08479415 0.12792070 -0.10916662
v 0.08813956 0.12792070 -0.10845588
v 0.09957086 0.10092070 -0.10366356
v 0.09957080 0.12792070 -0.10366345
v 0.10300762 0.10092070 -0.10134631
v 0.09957080 0.12792070 -0.10366345
v 0.10300762 0.12792070 -0.10134631
v 0.10300762 0.10092070 -0.10134631
v 0.10300762 0.10092070 -0.10134631
v 0.10300762 0.12792070 -0.10134631
v 0.10620065 0.10092070 -0.09870336
v 0.10300762 0.12792070 -0.10134631
v 0.10620063 0.12792070 -0.09870333
v 0.10620065 0.10092070 -0.09870336
v 0.05975340 0.15828896 -0.10290650
v 0.06105683 0.15831660 -0.10353749
v 0.06260987 0.15551800 -0.10421480
v 0.05541008 0.15582344 -0.10034639
v 0.05549073 0.15613104 -0.10040097
v 0.06260987 0.15551800 -0.10421480
v 0.05549073 0.15613104 -0.10040097
v 0.05561717 0.15641475 -0.10048595
v 0.06260987 0.15551800 -0.10421480
v 0.06260987 0.15551800 -0.10421480
v 0.05561717 0.15641475 -0.10048595
v 0.05580738 0.15670857 -0.10061248
v 0.05580738 0.15670857 -0.10061248
v 0.05603059 0.15696426 -0.10075896
v 0.06260987 0.15551800 -0.10421480
v 0.05603059 0.15696426 -0.10075896
v 0.05632857 0.15722640 -0.10095119
v 0.06260987 0.15551800 -0.10421480
v 0.06260987 0.15551800 -0.10421480
v 0.05632857 0.15722640 -0.10095119
v 0.05664851 0.15744627 -0.10115343
v 0.05664851 0.15744627 -0.10115343
v 0.05746757 0.15783823 -0.10165204
v 0.06260987 0.15551800 -0.10421480
v 0.05746757 0.15783823 -0.10165204
v 0.05848208 0.15812184 -0.10223296
v 0.06260987 0.15551800 -0.10421480
v 0.06260987 0.15551800 -0.10421480
v 0.05848208 0.15812184 -0.10223296
v 0.05975340 0.15828896 -0.10290650
v 0.06289027 0.15285605 -0.10432878
v 0.06258353 0.15282276 -0.10420397
v 0.06260987 0.15551800 -0.10421480
v 0.06258353 0.15282276 -0.10420397
v 0.06112105 0.15272638 -0.10356706
v 0.06260987 0.15551800 -0.10421480
v 0.06112105 0.15272638 -0.10356706
v 0.05968302 0.15275759 -0.10287075
v 0.06260987 0.15551800 -0.10421480
v 0.05968302 0.15275759 -0.10287075
v 0.05848208 0.15291956 -0.10223296
v 0.06260987 0.15551800 -0.10421480
v 0.06260987 0.15551800 -0.10421480
v 0.05848208 0.15291956 -0.10223296
v 0.05746757 0.15320317 -0.10165204
v 0.05746757 0.15320317 -0.10165204
v 0.05664851 0.15359515 -0.10115343
v 0.06260987 0.15551800 -0.10421480
v 0.05664851 0.15359515 -0.10115343
v 0.05632956 0.15381426 -0.10095182
v 0.06260987 0.15551800 -0.10421480
v 0.06260987 0.15551800 -0.10421480
v 0.05632956 0.15381426 -0.10095182
v 0.05603059 0.15407716 -0.10075896
v 0.05603059 0.15407716 -0.10075896
v 0.05580690 0.15433347 -0.10061216
v 0.06260987 0.15551800 -0.10421480
v 0.05580690 0.15433347 -0.10061216
v 0.05561717 0.15462665 -0.10048595
v 0.06260987 0.15551800 -0.10421480
v 0.06260987 0.15551800 -0.10421480
v 0.05561717 0.15462665 -0.10048595
v 0.05549119 0.15490907 -0.10040127
v 0.05549119 0.15490907 -0.10040127
v 0.05541008 0.15521798 -0.10034639
v 0.06260987 0.15551800 -0.10421480
v 0.05541008 0.15521798 -0.10034639
v 0.05538417 0.15552071 -0.10032880
v 0.06260987 0.15551800 -0.10421480
v 0.06260987 0.15551800 -0.10421480
v 0.05538417 0.15552071 -0.10032880
v 0.05541008 0.15582344 -0.10034639
v 0.07107048 0.15552032 -0.10663716
v 0.07105664 0.15542243 -0.10663481
v 0.06767321 0.15551294 -0.10590751
v 0.07105664 0.15542243 -0.10663481
v 0.07098210 0.15527162 -0.10662208
v 0.06767321 0.15551294 -0.10590751
v 0.06767321 0.15551294 -0.10590751
v 0.07098210 0.15527162 -0.10662208
v 0.07089339 0.15516683 -0.10660675
v 0.07089339 0.15516683 -0.10660675
v 0.07073935 0.15503384 -0.10657963
v 0.06767321 0.15551294 -0.10590751
v 0.07073935 0.15503384 -0.10657963
v 0.07057086 0.15491879 -0.10654925
v 0.06767321 0.15551294 -0.10590751
v 0.06767321 0.15551294 -0.10590751
v 0.07057086 0.15491879 -0.10654925
v 0.06931774 0.15434501 -0.10629959
v 0.07057086 0.15612262 -0.10654925
v 0.07073759 0.15600888 -0.10657932
v 0.06767321 0.15551294 -0.10590751
v 0.07106287 0.15559354 -0.10663587
v 0.07107048 0.15552032 -0.10663716
v 0.07098722 0.15576240 -0.10662296
v 0.07107048 0.15552032 -0.10663716
v 0.06767321 0.15551294 -0.10590751
v 0.07098722 0.15576240 -0.10662296
v 0.07098722 0.15576240 -0.10662296
v 0.06767321 0.15551294 -0.10590751
v 0.07085440 0.15591221 -0.10659994
v 0.06767321 0.15551294 -0.10590751
v 0.07073759 0.15600888 -0.10657932
v 0.07085440 0.15591221 -0.10659994
v 0.06931774 0.15434501 -0.10629959
v 0.06764571 0.15381069 -0.10590032
v 0.06767321 0.15551294 -0.10590751
v 0.06764571 0.15381069 -0.10590032
v 0.06596342 0.15338665 -0.10542005
v 0.06767321 0.15551294 -0.10590751
v 0.06767321 0.15551294 -0.10590751
v 0.06596342 0.15338665 -0.10542005
v 0.06357751 0.15561880 -0.10459771
v 0.06357751 0.15561880 -0.10459771
v 0.06289244 0.15818509 -0.10432966
v 0.06423382 0.15799454 -0.10484093
v 0.06423382 0.15799454 -0.10484093
v 0.06596515 0.15765437 -0.10542059
v 0.06357751 0.15561880 -0.10459771
v 0.06596515 0.15765437 -0.10542059
v 0.06770071 0.15721519 -0.10591468
v 0.06357751 0.15561880 -0.10459771
v 0.06357751 0.15561880 -0.10459771
v 0.06770071 0.15721519 -0.10591468
v 0.06767321 0.15551294 -0.10590751
v 0.06770071 0.15721519 -0.10591468
v 0.06931774 0.15669639 -0.10629959
v 0.06767321 0.15551294 -0.10590751
v 0.06767321 0.15551294 -0.10590751
v 0.06931774 0.15669639 -0.10629959
v 0.07057086 0.15612262 -0.10654925
v 0.06105683 0.15831660 -0.10353749
v 0.06263623 0.15821321 -0.10422562
v 0.06260987 0.15551800 -0.10421480
v 0.06263623 0.15821321 -0.10422562
v 0.06289244 0.15818509 -0.10432966
v 0.06260987 0.15551800 -0.10421480
v 0.06260987 0.15551800 -0.10421480
v 0.06289244 0.15818509 -0.10432966
v 0.06289027 0.15285605 -0.10432878
v 0.06289244 0.15818509 -0.10432966
v 0.06357751 0.15561880 -0.10459771
v 0.06289027 0.15285605 -0.10432878
v 0.06289027 0.15285605 -0.10432878
v 0.06357751 0.15561880 -0.10459771
v 0.06426743 0.15305251 -0.10485303
v 0.06357751 0.15561880 -0.10459771
v 0.06596342 0.15338665 -0.10542005
v 0.06426743 0.15305251 -0.10485303
v 0.07352515 0.15641475 -0.02801481
v 0.07192570 0.15699571 -0.02821687
v 0.06652499 0.15555564 -0.02940000
v 0.07192570 0.15699571 -0.02821687
v 0.07029527 0.15744627 -0.02849137
v 0.06652499 0.15555564 -0.02940000
v 0.06652499 0.15555564 -0.02940000
v 0.07029527 0.15744627 -0.02849137
v 0.06853937 0.15783240 -0.02886607
v 0.06624660 0.15285642 -0.02948277
v 0.06681004 0.15292563 -0.02931753
v 0.06652499 0.15555564 -0.02940000
v 0.06681004 0.15292563 -0.02931753
v 0.06850903 0.15320317 -0.02887328
v 0.06652499 0.15555564 -0.02940000
v 0.06652499 0.15555564 -0.02940000
v 0.06850903 0.15320317 -0.02887328
v 0.07027242 0.15358950 -0.02849572
v 0.07446560 0.15582344 -0.02792665
v 0.07436652 0.15592308 -0.02793488
v 0.07389142 0.15572274 -0.02797779
v 0.07425802 0.15503073 -0.02794417
v 0.07389142 0.15572274 -0.02797779
v 0.07402407 0.15487820 -0.02796523
v 0.07389142 0.15572274 -0.02797779
v 0.07277502 0.15524594 -0.02810136
v 0.07402407 0.15487820 -0.02796523
v 0.07402407 0.15487820 -0.02796523
v 0.07277502 0.15524594 -0.02810136
v 0.07352515 0.15462665 -0.02801481
v 0.07277502 0.15524594 -0.02810136
v 0.07202667 0.15407716 -0.02820216
v 0.07352515 0.15462665 -0.02801481
v 0.07027242 0.15358950 -0.02849572
v 0.07202667 0.15407716 -0.02820216
v 0.06652499 0.15555564 -0.02940000
v 0.07202667 0.15407716 -0.02820216
v 0.07277502 0.15524594 -0.02810136
v 0.06652499 0.15555564 -0.02940000
v 0.06652499 0.15555564 -0.02940000
v 0.07277502 0.15524594 -0.02810136
v 0.07352515 0.15641475 -0.02801481
v 0.07277502 0.15524594 -0.02810136
v 0.07389142 0.15572274 -0.02797779
v 0.07352515 0.15641475 -0.02801481
v 0.07352515 0.15641475 -0.02801481
v 0.07389142 0.15572274 -0.02797779
v 0.07402223 0.15616427 -0.02796540
v 0.07389142 0.15572274 -0.02797779
v 0.07436652 0.15592308 -0.02793488
v 0.07402223 0.15616427 -0.02796540
v 0.07425802 0.15503073 -0.02794417
v 0.07436661 0.15511841 -0.02793487
v 0.07389142 0.15572274 -0.02797779
v 0.07436661 0.15511841 -0.02793487
v 0.07446174 0.15521352 -0.02792697
v 0.07389142 0.15572274 -0.02797779
v 0.07389142 0.15572274 -0.02797779
v 0.07446174 0.15521352 -0.02792697
v 0.07451683 0.15528463 -0.02792250
v 0.07455758 0.15568614 -0.02791924
v 0.07446560 0.15582344 -0.02792665
v 0.07459716 0.15552071 -0.02791612
v 0.07446560 0.15582344 -0.02792665
v 0.07389142 0.15572274 -0.02797779
v 0.07459716 0.15552071 -0.02791612
v 0.07459716 0.15552071 -0.02791612
v 0.07389142 0.15572274 -0.02797779
v 0.07459458 0.15547845 -0.02791632
v 0.07389142 0.15572274 -0.02797779
v 0.07451683 0.15528463 -0.02792250
v 0.07459458 0.15547845 -0.02791632
v 0.06226898 0.15282276 -0.03091645
v 0.06368245 0.15272336 -0.03035182
v 0.06514083 0.15551934 -0.02983367
v 0.06368245 0.15272336 -0.03035182
v 0.06511924 0.15275759 -0.02984087
v 0.06514083 0.15551934 -0.02983367
v 0.06514083 0.15551934 -0.02983367
v 0.06511924 0.15275759 -0.02984087
v 0.06624660 0.15285642 -0.02948277
v 0.05851905 0.15491879 -0.03273591
v 0.05866154 0.15461652 -0.03265766
v 0.06514083 0.15551934 -0.02983367
v 0.05851905 0.15491879 -0.03273591
v 0.06514083 0.15551934 -0.02983367
v 0.05843771 0.15521395 -0.03278092
v 0.05866154 0.15461652 -0.03265766
v 0.05884677 0.15434501 -0.03255707
v 0.06514083 0.15551934 -0.02983367
v 0.05884677 0.15434501 -0.03255707
v 0.05910277 0.15406682 -0.03242012
v 0.06514083 0.15551934 -0.02983367
v 0.06514083 0.15551934 -0.02983367
v 0.05910277 0.15406682 -0.03242012
v 0.05939069 0.15382621 -0.03226897
v 0.05939069 0.15382621 -0.03226897
v 0.06014699 0.15338665 -0.03188606
v 0.06514083 0.15551934 -0.02983367
v 0.06014699 0.15338665 -0.03188606
v 0.06110953 0.15304686 -0.03142754
v 0.06514083 0.15551934 -0.02983367
v 0.06514083 0.15551934 -0.02983367
v 0.06110953 0.15304686 -0.03142754
v 0.06226898 0.15282276 -0.03091645
v 0.06514083 0.15551934 -0.02983367
v 0.06226898 0.15821864 -0.03091645
v 0.06110953 0.15799454 -0.03142754
v 0.06110953 0.15799454 -0.03142754
v 0.06014699 0.15765476 -0.03188606
v 0.06514083 0.15551934 -0.02983367
v 0.06014699 0.15765476 -0.03188606
v 0.05939069 0.15721519 -0.03226897
v 0.06514083 0.15551934 -0.02983367
v 0.06514083 0.15551934 -0.02983367
v 0.05939069 0.15721519 -0.03226897
v 0.05910350 0.15697528 -0.03241974
v 0.05910350 0.15697528 -0.03241974
v 0.05884677 0.15669639 -0.03255707
v 0.06514083 0.15551934 -0.02983367
v 0.05884677 0.15669639 -0.03255707
v 0.05866090 0.15642378 -0.03265801
v 0.06514083 0.15551934 -0.02983367
v 0.06514083 0.15551934 -0.02983367
v 0.05866090 0.15642378 -0.03265801
v 0.05851905 0.15612262 -0.03273591
v 0.05851905 0.15612262 -0.03273591
v 0.05843777 0.15582776 -0.03278089
v 0.06514083 0.15551934 -0.02983367
v 0.05843777 0.15582776 -0.03278089
v 0.05840961 0.15552071 -0.03279653
v 0.06514083 0.15551934 -0.02983367
v 0.06514083 0.15551934 -0.02983367
v 0.05840961 0.15552071 -0.03279653
v 0.05843771 0.15521395 -0.03278092
v 0.06853937 0.15783240 -0.02886607
v 0.06678444 0.15811919 -0.02932484
v 0.06652499 0.15555564 -0.02940000
v 0.06678444 0.15811919 -0.02932484
v 0.06624056 0.15818565 -0.02948459
v 0.06652499 0.15555564 -0.02940000
v 0.06652499 0.15555564 -0.02940000
v 0.06624056 0.15818565 -0.02948459
v 0.06624660 0.15285642 -0.02948277
v 0.06624056 0.15818565 -0.02948459
v 0.06516243 0.15828109 -0.02982647
v 0.06624660 0.15285642 -0.02948277
v 0.06624660 0.15285642 -0.02948277
v 0.06516243 0.15828109 -0.02982647
v 0.06514083 0.15551934 -0.02983367
v 0.06516243 0.15828109 -0.02982647
v 0.06361188 0.15831660 -0.03037853
v 0.06514083 0.15551934 -0.02983367
v 0.06514083 0.15551934 -0.02983367
v 0.06361188 0.15831660 -0.03037853
v 0.06226898 0.15821864 -0.03091645
v 0.06053600 0.16912070 -0.02894304
v 0.06892642 0.16912070 -0.02621683
v 0.07770029 0.16912070 -0.06749465
v 0.06892642 0.16912070 -0.02621683
v 0.07770029 0.16912070 -0.02529465
v 0.07770029 0.16912070 -0.06749465
v 0.07770029 0.16912070 -0.06749465
v 0.07770029 0.16912070 -0.02529465
v 0.08647416 0.16912070 -0.02621683
v 0.04115402 0.16912070 -0.04639465
v 0.04633958 0.16912070 -0.03925734
v 0.07770029 0.16912070 -0.06749465
v 0.04633958 0.16912070 -0.03925734
v 0.05289575 0.16912070 -0.03335414
v 0.07770029 0.16912070 -0.06749465
v 0.07770029 0.16912070 -0.06749465
v 0.05289575 0.16912070 -0.03335414
v 0.06053600 0.16912070 -0.02894304
v 0.03573146 0.16912070 -0.07190575
v 0.03573146 0.16912070 -0.06308355
v 0.07770029 0.16912070 -0.06749465
v 0.03573146 0.16912070 -0.06308355
v 0.03756570 0.16912070 -0.05445414
v 0.07770029 0.16912070 -0.06749465
v 0.07770029 0.16912070 -0.06749465
v 0.03756570 0.16912070 -0.05445414
v 0.04115402 0.16912070 -0.04639465
v 0.04633958 0.16912070 -0.09573197
v 0.04115402 0.16912070 -0.08859465
v 0.07770029 0.16912070 -0.06749465
v 0.04115402 0.16912070 -0.08859465
v 0.03756570 0.16912070 -0.08053517
v 0.07770029 0.16912070 -0.06749465
v 0.07770029 0.16912070 -0.06749465
v 0.03756570 0.16912070 -0.08053517
v 0.03573146 0.16912070 -0.07190575
v 0.06892642 0.16912070 -0.10877248
v 0.06053600 0.16912070 -0.10604627
v 0.07770029 0.16912070 -0.06749465
v 0.06053600 0.16912070 -0.10604627
v 0.05289575 0.16912070 -0.10163517
v 0.07770029 0.16912070 -0.06749465
v 0.07770029 0.16912070 -0.06749465
v 0.05289575 0.16912070 -0.10163517
v 0.04633958 0.16912070 -0.09573197
v 0.09486458 0.16912070 -0.10604627
v 0.08647416 0.16912070 -0.10877248
v 0.07770029 0.16912070 -0.06749465
v 0.08647416 0.16912070 -0.10877248
v 0.07770029 0.16912070 -0.10969465
v 0.07770029 0.16912070 -0.06749465
v 0.07770029 0.16912070 -0.06749465
v 0.07770029 0.16912070 -0.10969465
v 0.06892642 0.16912070 -0.10877248
v 0.11424656 0.16912070 -0.08859465
v 0.10906100 0.16912070 -0.09573197
v 0.07770029 0.16912070 -0.06749465
v 0.10906100 0.16912070 -0.09573197
v 0.10250483 0.16912070 -0.10163517
v 0.07770029 0.16912070 -0.06749465
v 0.07770029 0.16912070 -0.06749465
v 0.10250483 0.16912070 -0.10163517
v 0.09486458 0.16912070 -0.10604627
v 0.11966911 0.16912070 -0.06308355
v 0.11966911 0.16912070 -0.07190575
v 0.07770029 0.16912070 -0.06749465
v 0.11966911 0.16912070 -0.07190575
v 0.11783487 0.16912070 -0.08053517
v 0.07770029 0.16912070 -0.06749465
v 0.07770029 0.16912070 -0.06749465
v 0.11783487 0.16912070 -0.08053517
v 0.11424656 0.16912070 -0.08859465
v 0.10906100 0.16912070 -0.03925734
v 0.11424656 0.16912070 -0.04639465
v 0.07770029 0.16912070 -0.06749465
v 0.11424656 0.16912070 -0.04639465
v 0.11783487 0.16912070 -0.05445414
v 0.07770029 0.16912070 -0.06749465
v 0.07770029 0.16912070 -0.06749465
v 0.11783487 0.16912070 -0.05445414
v 0.11966911 0.16912070 -0.06308355
v 0.08647416 0.16912070 -0.02621683
v 0.09486458 0.16912070 -0.02894304
v 0.07770029 0.16912070 -0.06749465
v 0.09486458 0.16912070 -0.02894304
v 0.10250483 0.16912070 -0.03335414
v 0.07770029 0.16912070 -0.06749465
v 0.07770029 0.16912070 -0.06749465
v 0.10250483 0.16912070 -0.03335414
v 0.10906100 0.16912070 -0.03925734
v 0.10620095 0.08977551 -0.09870368
v 0.10620065 0.10092070 -0.09870336
v 0.10911675 0.09142132 -0.09576464
v 0.10620065 0.10092070 -0.09870336
v 0.11125643 0.10092070 -0.09318672
v 0.10911675 0.09142132 -0.09576464
v 0.11578708 0.10092070 -0.08580583
v 0.11394025 0.09507767 -0.08923509
v 0.11125643 0.10092070 -0.09318672
v 0.11394025 0.09507767 -0.08923509
v 0.11170036 0.09319560 -0.09259611
v 0.11125643 0.10092070 -0.09318672
v 0.11125643 0.10092070 -0.09318672
v 0.11170036 0.09319560 -0.09259611
v 0.10911675 0.09142132 -0.09576464
v 0.11841742 0.10092070 -0.07880048
v 0.11745885 0.09923312 -0.08181425
v 0.11578708 0.10092070 -0.08580583
v 0.11745885 0.09923312 -0.08181425
v 0.11583094 0.09704939 -0.08571398
v 0.11578708 0.10092070 -0.08580583
v 0.11578708 0.10092070 -0.08580583
v 0.11583094 0.09704939 -0.08571398
v 0.11394025 0.09507767 -0.08923509
v 0.11841742 0.10092070 -0.07880048
v 0.11841761 0.12792070 -0.07880052
v 0.11959016 0.10092070 -0.07305083
v 0.11841761 0.12792070 -0.07880052
v 0.11976034 0.12792070 -0.07157307
v 0.11959016 0.10092070 -0.07305083
v 0.11959016 0.10092070 -0.07305083
v 0.11976034 0.12792070 -0.07157307
v 0.11976034 0.10092070 -0.07157307
v 0.11976034 0.12792070 -0.07157307
v 0.11987211 0.12792070 -0.06422373
v 0.11976034 0.10092070 -0.07157307
v 0.11976034 0.10092070 -0.07157307
v 0.11987211 0.12792070 -0.06422373
v 0.11987211 0.10092070 -0.06422373
v 0.11987211 0.12792070 -0.06422373
v 0.11942840 0.12792070 -0.05997636
v 0.11987211 0.10092070 -0.06422373
v 0.11987211 0.10092070 -0.06422373
v 0.11942840 0.12792070 -0.05997636
v 0.11942840 0.10092070 -0.05997636
v 0.10620063 0.12792070 -0.09870333
v 0.10885075 0.12792070 -0.09605703
v 0.10620065 0.10092070 -0.09870336
v 0.10885075 0.12792070 -0.09605703
v 0.11125643 0.10092070 -0.09318672
v 0.10620065 0.10092070 -0.09870336
v 0.11841761 0.12792070 -0.07880052
v 0.11841742 0.10092070 -0.07880048
v 0.11725757 0.12792070 -0.08236147
v 0.11841742 0.10092070 -0.07880048
v 0.11578708 0.10092070 -0.08580583
v 0.11725757 0.12792070 -0.08236147
v 0.10885075 0.12792070 -0.09605703
v 0.11125643 0.12792070 -0.09318672
v 0.11125643 0.10092070 -0.09318672
v 0.11125643 0.12792070 -0.09318672
v 0.11371140 0.12792070 -0.08961269
v 0.11125643 0.10092070 -0.09318672
v 0.11125643 0.10092070 -0.09318672
v 0.11371140 0.12792070 -0.08961269
v 0.11578708 0.10092070 -0.08580583
v 0.11371140 0.12792070 -0.08961269
v 0.11578708 0.12792070 -0.08580583
v 0.11578708 0.10092070 -0.08580583
v 0.11578708 0.10092070 -0.08580583
v 0.11578708 0.12792070 -0.08580583
v 0.11725757 0.12792070 -0.08236147
v 0.11636319 0.06570007 -0.02708387
v 0.11455510 0.06204464 -0.02798291
v 0.11463783 0.06212462 -0.03933614
v 0.11455510 0.06204464 -0.02798291
v 0.11237589 0.05858534 -0.02883370
v 0.11463783 0.06212462 -0.03933614
v 0.11237589 0.05858534 -0.02883370
v 0.11247493 0.05866615 -0.04068835
v 0.11463783 0.06212462 -0.03933614
v 0.11463783 0.06212462 -0.03933614
v 0.11247493 0.05866615 -0.04068835
v 0.11506628 0.06269588 -0.05005593
v 0.11247493 0.05866615 -0.04068835
v 0.11298685 0.05924923 -0.05196017
v 0.11506628 0.06269588 -0.05005593
v 0.11506628 0.06269588 -0.05005593
v 0.11298685 0.05924923 -0.05196017
v 0.11541929 0.06332064 -0.05503345
v 0.11298685 0.05924923 -0.05196017
v 0.11340772 0.05989113 -0.05722809
v 0.11541929 0.06332064 -0.05503345
v 0.11541929 0.06332064 -0.05503345
v 0.11340772 0.05989113 -0.05722809
v 0.11583197 0.06424838 -0.05970403
v 0.11340772 0.05989113 -0.05722809
v 0.11389873 0.06084837 -0.06218876
v 0.11583197 0.06424838 -0.05970403
v 0.11583197 0.06424838 -0.05970403
v 0.11389873 0.06084837 -0.06218876
v 0.11626362 0.06552920 -0.06404340
v 0.11389873 0.06084837 -0.06218876
v 0.11441101 0.06217492 -0.06680760
v 0.11626362 0.06552920 -0.06404340
v 0.11626362 0.06552920 -0.06404340
v 0.11441101 0.06217492 -0.06680760
v 0.11666594 0.06720448 -0.06803839
v 0.11441101 0.06217492 -0.06680760
v 0.11488681 0.06391580 -0.07106003
v 0.11666594 0.06720448 -0.06803839
v 0.11666594 0.06720448 -0.06803839
v 0.11488681 0.06391580 -0.07106003
v 0.11698732 0.06930451 -0.07168639
v 0.11488681 0.06391580 -0.07106003
v 0.11526480 0.06610457 -0.07493197
v 0.11698732 0.06930451 -0.07168639
v 0.11698732 0.06930451 -0.07168639
v 0.11526480 0.06610457 -0.07493197
v 0.11717715 0.07184633 -0.07499477
v 0.11526480 0.06610457 -0.07493197
v 0.11548528 0.06876072 -0.07842021
v 0.11717715 0.07184633 -0.07499477
v 0.11717715 0.07184633 -0.07499477
v 0.11548528 0.06876072 -0.07842021
v 0.11719022 0.07483135 -0.07798025
v 0.11548528 0.06876072 -0.07842021
v 0.11549556 0.07188720 -0.08153289
v 0.11719022 0.07483135 -0.07798025
v 0.11719022 0.07483135 -0.07798025
v 0.11549556 0.07188720 -0.08153289
v 0.11699095 0.07824316 -0.08066839
v 0.11549556 0.07188720 -0.08153289
v 0.11525513 0.07546782 -0.08428990
v 0.11699095 0.07824316 -0.08066839
v 0.11699095 0.07824316 -0.08066839
v 0.11525513 0.07546782 -0.08428990
v 0.11655778 0.08204519 -0.08309299
v 0.11525513 0.07546782 -0.08428990
v 0.11474103 0.07946468 -0.08672337
v 0.11655778 0.08204519 -0.08309299
v 0.11655778 0.08204519 -0.08309299
v 0.11474103 0.07946468 -0.08672337
v 0.11588749 0.08617852 -0.08529552
v 0.11474103 0.07946468 -0.08672337
v 0.11395306 0.08381572 -0.08887807
v 0.11588749 0.08617852 -0.08529552
v 0.11588749 0.08617852 -0.08529552
v 0.11395306 0.08381572 -0.08887807
v 0.11499952 0.09055953 -0.08732452
v 0.11395306 0.08381572 -0.08887807
v 0.11291910 0.08843209 -0.09081184
v 0.11499952 0.09055953 -0.08732452
v 0.11499952 0.09055953 -0.08732452
v 0.11291910 0.08843209 -0.09081184
v 0.11394025 0.09507767 -0.08923509
v 0.11291910 0.08843209 -0.09081184
v 0.11170036 0.09319560 -0.09259611
v 0.11394025 0.09507767 -0.08923509
v 0.11394025 0.09507767 -0.08923509
v 0.11583094 0.09704939 -0.08571398
v 0.11499952 0.09055953 -0.08732452
v 0.11583094 0.09704939 -0.08571398
v 0.11670609 0.09277540 -0.08372334
v 0.11499952 0.09055953 -0.08732452
v 0.11499952 0.09055953 -0.08732452
v 0.11670609 0.09277540 -0.08372334
v 0.11588749 0.08617852 -0.08529552
v 0.11670609 0.09277540 -0.08372334
v 0.11742827 0.08862993 -0.08164171
v 0.11588749 0.08617852 -0.08529552
v 0.11588749 0.08617852 -0.08529552
v 0.11742827 0.08862993 -0.08164171
v 0.11655778 0.08204519 -0.08309299
v 0.11742827 0.08862993 -0.08164171
v 0.11796635 0.08471681 -0.07942620
v 0.11655778 0.08204519 -0.08309299
v 0.11655778 0.08204519 -0.08309299
v 0.11796635 0.08471681 -0.07942620
v 0.11699095 0.07824316 -0.08066839
v 0.11796635 0.08471681 -0.07942620
v 0.11830936 0.08111480 -0.07703528
v 0.11699095 0.07824316 -0.08066839
v 0.11699095 0.07824316 -0.08066839
v 0.11830936 0.08111480 -0.07703528
v 0.11719022 0.07483135 -0.07798025
v 0.11830936 0.08111480 -0.07703528
v 0.11846325 0.07787967 -0.07443006
v 0.11719022 0.07483135 -0.07798025
v 0.11719022 0.07483135 -0.07798025
v 0.11846325 0.07787967 -0.07443006
v 0.11717715 0.07184633 -0.07499477
v 0.11846325 0.07787967 -0.07443006
v 0.11844753 0.07504632 -0.07157560
v 0.11717715 0.07184633 -0.07499477
v 0.11717715 0.07184633 -0.07499477
v 0.11844753 0.07504632 -0.07157560
v 0.11698732 0.06930451 -0.07168639
v 0.11844753 0.07504632 -0.07157560
v 0.11829202 0.07263079 -0.06844224
v 0.11698732 0.06930451 -0.07168639
v 0.11698732 0.06930451 -0.07168639
v 0.11829202 0.07263079 -0.06844224
v 0.11666594 0.06720448 -0.06803839
v 0.11829202 0.07263079 -0.06844224
v 0.11803351 0.07063241 -0.06500687
v 0.11666594 0.06720448 -0.06803839
v 0.11666594 0.06720448 -0.06803839
v 0.11803351 0.07063241 -0.06500687
v 0.11626362 0.06552920 -0.06404340
v 0.11803351 0.07063241 -0.06500687
v 0.11771247 0.06903582 -0.06125427
v 0.11626362 0.06552920 -0.06404340
v 0.11626362 0.06552920 -0.06404340
v 0.11771247 0.06903582 -0.06125427
v 0.11583197 0.06424838 -0.05970403
v 0.11771247 0.06903582 -0.06125427
v 0.11736976 0.06781308 -0.05717840
v 0.11583197 0.06424838 -0.05970403
v 0.11583197 0.06424838 -0.05970403
v 0.11736976 0.06781308 -0.05717840
v 0.11541929 0.06332064 -0.05503345
v 0.11736976 0.06781308 -0.05717840
v 0.11704332 0.06692573 -0.05278372
v 0.11541929 0.06332064 -0.05503345
v 0.11541929 0.06332064 -0.05503345
v 0.11704332 0.06692573 -0.05278372
v 0.11506628 0.06269588 -0.05005593
v 0.11704332 0.06692573 -0.05278372
v 0.11676490 0.06632690 -0.04808650
v 0.11506628 0.06269588 -0.05005593
v 0.11506628 0.06269588 -0.05005593
v 0.11676490 0.06632690 -0.04808650
v 0.11463783 0.06212462 -0.03933614
v 0.11676490 0.06632690 -0.04808650
v 0.11642805 0.06577754 -0.03791633
v 0.11463783 0.06212462 -0.03933614
v 0.11463783 0.06212462 -0.03933614
v 0.11642805 0.06577754 -0.03791633
v 0.11636319 0.06570007 -0.02708387
v 0.11086602 0.05658165 -0.02932651
v 0.10982692 0.05534251 -0.02963127
v 0.10993936 0.05542219 -0.04196564
v 0.11247609 0.07698723 -0.09030018
v 0.10901299 0.07865853 -0.09538111
v 0.11159284 0.08155224 -0.09237247
v 0.10901299 0.07865853 -0.09538111
v 0.10795102 0.08321157 -0.09690881
v 0.11159284 0.08155224 -0.09237247
v 0.11159284 0.08155224 -0.09237247
v 0.10795102 0.08321157 -0.09690881
v 0.11044292 0.08640251 -0.09416925
v 0.10795102 0.08321157 -0.09690881
v 0.10620095 0.08977551 -0.09870368
v 0.11044292 0.08640251 -0.09416925
v 0.11044292 0.08640251 -0.09416925
v 0.10620095 0.08977551 -0.09870368
v 0.10911675 0.09142132 -0.09576464
v 0.11305704 0.07280193 -0.08788280
v 0.11028273 0.07140751 -0.09199397
v 0.11247609 0.07698723 -0.09030018
v 0.11028273 0.07140751 -0.09199397
v 0.10977028 0.07477527 -0.09375579
v 0.11247609 0.07698723 -0.09030018
v 0.11247609 0.07698723 -0.09030018
v 0.10977028 0.07477527 -0.09375579
v 0.10901299 0.07865853 -0.09538111
v 0.11333272 0.06906154 -0.08507144
v 0.11061889 0.06813069 -0.08983432
v 0.11305704 0.07280193 -0.08788280
v 0.11061889 0.06813069 -0.08983432
v 0.11041351 0.07032344 -0.09133586
v 0.11305704 0.07280193 -0.08788280
v 0.11305704 0.07280193 -0.08788280
v 0.11041351 0.07032344 -0.09133586
v 0.11028273 0.07140751 -0.09199397
v 0.11332676 0.06580490 -0.08183610
v 0.11074761 0.06531439 -0.08748204
v 0.11333272 0.06906154 -0.08507144
v 0.11074761 0.06531439 -0.08748204
v 0.11071640 0.06643696 -0.08848616
v 0.11333272 0.06906154 -0.08507144
v 0.11333272 0.06906154 -0.08507144
v 0.11071640 0.06643696 -0.08848616
v 0.11061889 0.06813069 -0.08983432
v 0.11308329 0.06304736 -0.07816399
v 0.11052908 0.06072166 -0.08205394
v 0.11332676 0.06580490 -0.08183610
v 0.11052908 0.06072166 -0.08205394
v 0.11070859 0.06286620 -0.08490392
v 0.11332676 0.06580490 -0.08183610
v 0.11332676 0.06580490 -0.08183610
v 0.11070859 0.06286620 -0.08490392
v 0.11074761 0.06531439 -0.08748204
v 0.11266091 0.06078371 -0.07405779
v 0.11022968 0.05884311 -0.07888088
v 0.11308329 0.06304736 -0.07816399
v 0.11022968 0.05884311 -0.07888088
v 0.11046386 0.06022172 -0.08128303
v 0.11308329 0.06304736 -0.07816399
v 0.11308329 0.06304736 -0.07816399
v 0.11046386 0.06022172 -0.08128303
v 0.11052908 0.06072166 -0.08205394
v 0.10731987 0.05265644 -0.04895872
v 0.10774239 0.05307828 -0.05570704
v 0.11051927 0.05600660 -0.05378956
v 0.10774239 0.05307828 -0.05570704
v 0.10826137 0.05374438 -0.06160829
v 0.11051927 0.05600660 -0.05378956
v 0.11051927 0.05600660 -0.05378956
v 0.10826137 0.05374438 -0.06160829
v 0.11099519 0.05665648 -0.05935685
v 0.10826137 0.05374438 -0.06160829
v 0.10881349 0.05465867 -0.06677838
v 0.11099519 0.05665648 -0.05935685
v 0.11099519 0.05665648 -0.05935685
v 0.10881349 0.05465867 -0.06677838
v 0.11154949 0.05763183 -0.06462070
v 0.10881349 0.05465867 -0.06677838
v 0.10934840 0.05581607 -0.07132030
v 0.11154949 0.05763183 -0.06462070
v 0.11154949 0.05763183 -0.06462070
v 0.10934840 0.05581607 -0.07132030
v 0.11212655 0.05899107 -0.06953389
v 0.10934840 0.05581607 -0.07132030
v 0.10982931 0.05721100 -0.07532699
v 0.11212655 0.05899107 -0.06953389
v 0.11212655 0.05899107 -0.06953389
v 0.10982931 0.05721100 -0.07532699
v 0.11266091 0.06078371 -0.07405779
v 0.10982931 0.05721100 -0.07532699
v 0.11001649 0.05789876 -0.07694020
v 0.11266091 0.06078371 -0.07405779
v 0.11266091 0.06078371 -0.07405779
v 0.11001649 0.05789876 -0.07694020
v 0.11022968 0.05884311 -0.07888088
v 0.10731987 0.05265644 -0.04895872
v 0.11051927 0.05600660 -0.05378956
v 0.10710260 0.05248420 -0.04313172
v 0.11051927 0.05600660 -0.05378956
v 0.10993936 0.05542219 -0.04196564
v 0.10710260 0.05248420 -0.04313172
v 0.10710260 0.05248420 -0.04313172
v 0.10993936 0.05542219 -0.04196564
v 0.10705807 0.05245361 -0.04119890
v 0.10993936 0.05542219 -0.04196564
v 0.10982692 0.05534251 -0.02963127
v 0.10705807 0.05245361 -0.04119890
v 0.10705807 0.05245361 -0.04119890
v 0.10982692 0.05534251 -0.02963127
v 0.10698158 0.05240736 -0.03035315
v 0.11237589 0.05858534 -0.02883370
v 0.11086602 0.05658165 -0.02932651
v 0.11247493 0.05866615 -0.04068835
v 0.11086602 0.05658165 -0.02932651
v 0.10993936 0.05542219 -0.04196564
v 0.11247493 0.05866615 -0.04068835
v 0.11247493 0.05866615 -0.04068835
v 0.10993936 0.05542219 -0.04196564
v 0.11298685 0.05924923 -0.05196017
v 0.10993936 0.05542219 -0.04196564
v 0.11051927 0.05600660 -0.05378956
v 0.11298685 0.05924923 -0.05196017
v 0.11298685 0.05924923 -0.05196017
v 0.11051927 0.05600660 -0.05378956
v 0.11340772 0.05989113 -0.05722809
v 0.11051927 0.05600660 -0.05378956
v 0.11099519 0.05665648 -0.05935685
v 0.11340772 0.05989113 -0.05722809
v 0.11340772 0.05989113 -0.05722809
v 0.11099519 0.05665648 -0.05935685
v 0.11389873 0.06084837 -0.06218876
v 0.11099519 0.05665648 -0.05935685
v 0.11154949 0.05763183 -0.06462070
v 0.11389873 0.06084837 -0.06218876
v 0.11389873 0.06084837 -0.06218876
v 0.11154949 0.05763183 -0.06462070
v 0.11441101 0.06217492 -0.06680760
v 0.11154949 0.05763183 -0.06462070
v 0.11212655 0.05899107 -0.06953389
v 0.11441101 0.06217492 -0.06680760
v 0.11441101 0.06217492 -0.06680760
v 0.11212655 0.05899107 -0.06953389
v 0.11488681 0.06391580 -0.07106003
v 0.11212655 0.05899107 -0.06953389
v 0.11266091 0.06078371 -0.07405779
v 0.11488681 0.06391580 -0.07106003
v 0.11488681 0.06391580 -0.07106003
v 0.11266091 0.06078371 -0.07405779
v 0.11526480 0.06610457 -0.07493197
v 0.11266091 0.06078371 -0.07405779
v 0.11308329 0.06304736 -0.07816399
v 0.11526480 0.06610457 -0.07493197
v 0.11526480 0.06610457 -0.07493197
v 0.11308329 0.06304736 -0.07816399
v 0.11548528 0.06876072 -0.07842021
v 0.11308329 0.06304736 -0.07816399
v 0.11332676 0.06580490 -0.08183610
v 0.11548528 0.06876072 -0.07842021
v 0.11548528 0.06876072 -0.07842021
v 0.11332676 0.06580490 -0.08183610
v 0.11549556 0.07188720 -0.08153289
v 0.11332676 0.06580490 -0.08183610
v 0.11333272 0.06906154 -0.08507144
v 0.11549556 0.07188720 -0.08153289
v 0.11549556 0.07188720 -0.08153289
v 0.11333272 0.06906154 -0.08507144
v 0.11525513 0.07546782 -0.08428990
v 0.11333272 0.06906154 -0.08507144
v 0.11305704 0.07280193 -0.08788280
v 0.11525513 0.07546782 -0.08428990
v 0.11525513 0.07546782 -0.08428990
v 0.11305704 0.07280193 -0.08788280
v 0.11474103 0.07946468 -0.08672337
v 0.11305704 0.07280193 -0.08788280
v 0.11247609 0.07698723 -0.09030018
v 0.11474103 0.07946468 -0.08672337
v 0.11474103 0.07946468 -0.08672337
v 0.11247609 0.07698723 -0.09030018
v 0.11395306 0.08381572 -0.08887807
v 0.11247609 0.07698723 -0.09030018
v 0.11159284 0.08155224 -0.09237247
v 0.11395306 0.08381572 -0.08887807
v 0.11395306 0.08381572 -0.08887807
v 0.11159284 0.08155224 -0.09237247
v 0.11291910 0.08843209 -0.09081184
v 0.11159284 0.08155224 -0.09237247
v 0.11044292 0.08640251 -0.09416925
v 0.11291910 0.08843209 -0.09081184
v 0.11291910 0.08843209 -0.09081184
v 0.11044292 0.08640251 -0.09416925
v 0.11170036 0.09319560 -0.09259611
v 0.11044292 0.08640251 -0.09416925
v 0.10911675 0.09142132 -0.09576464
v 0.11170036 0.09319560 -0.09259611
v 0.11971688 0.08164704 -0.03185723
v 0.11968540 0.08382552 -0.02262598
v 0.11946795 0.07747942 -0.02418678
v 0.11987751 0.08156238 -0.05614650
v 0.11962886 0.07789326 -0.05911776
v 0.11976172 0.07968498 -0.06216802
v 0.11841742 0.10092070 -0.07880048
v 0.11937736 0.09404732 -0.07436864
v 0.11855782 0.09148461 -0.07810466
v 0.11987211 0.10092070 -0.06422373
v 0.11997961 0.09924871 -0.06691744
v 0.11976034 0.10092070 -0.07157307
v 0.11663450 0.09785821 -0.03515012
v 0.11674690 0.09760500 -0.03208112
v 0.11797755 0.09395351 -0.03381584
v 0.11674690 0.09760500 -0.03208112
v 0.11688999 0.09741954 -0.02552634
v 0.11797755 0.09395351 -0.03381584
v 0.11778145 0.09466033 -0.03973259
v 0.11653758 0.09818660 -0.03750331
v 0.11658614 0.09800585 -0.03633656
v 0.11653758 0.09818660 -0.03750331
v 0.11778145 0.09466033 -0.03973259
v 0.11644947 0.09864598 -0.03969276
v 0.11956064 0.09637165 -0.05947775
v 0.11887430 0.09936410 -0.05612177
v 0.11866257 0.09536541 -0.05218630
v 0.11887430 0.09936410 -0.05612177
v 0.11790216 0.10231274 -0.05284548
v 0.11866257 0.09536541 -0.05218630
v 0.11790216 0.10231274 -0.05284548
v 0.11640020 0.10191603 -0.04664611
v 0.11866257 0.09536541 -0.05218630
v 0.11640020 0.10191603 -0.04664611
v 0.11638905 0.10173291 -0.04640613
v 0.11866257 0.09536541 -0.05218630
v 0.11866257 0.09536541 -0.05218630
v 0.11638905 0.10173291 -0.04640613
v 0.11863423 0.09381776 -0.04997650
v 0.11638905 0.10173291 -0.04640613
v 0.11634763 0.10065518 -0.04477574
v 0.11863423 0.09381776 -0.04997650
v 0.11863423 0.09381776 -0.04997650
v 0.11634763 0.10065518 -0.04477574
v 0.11865007 0.09256615 -0.04757462
v 0.11887430 0.09936410 -0.05612177
v 0.11839698 0.10516749 -0.05559762
v 0.11790216 0.10231274 -0.05284548
v 0.11839698 0.10516749 -0.05559762
v 0.11717527 0.10824913 -0.05201934
v 0.11790216 0.10231274 -0.05284548
v 0.11790216 0.10231274 -0.05284548
v 0.11717527 0.10824913 -0.05201934
v 0.11683249 0.10594203 -0.05048062
v 0.11683249 0.10594203 -0.05048062
v 0.11670373 0.10497192 -0.04973165
v 0.11790216 0.10231274 -0.05284548
v 0.11670373 0.10497192 -0.04973165
v 0.11655826 0.10373107 -0.04864284
v 0.11790216 0.10231274 -0.05284548
v 0.11790216 0.10231274 -0.05284548
v 0.11655826 0.10373107 -0.04864284
v 0.11640020 0.10191603 -0.04664611
v 0.11959016 0.10092070 -0.07305083
v 0.11976034 0.10092070 -0.07157307
v 0.11984729 0.09664081 -0.07063386
v 0.11976034 0.10092070 -0.07157307
v 0.11997961 0.09924871 -0.06691744
v 0.11984729 0.09664081 -0.07063386
v 0.11984729 0.09664081 -0.07063386
v 0.11997961 0.09924871 -0.06691744
v 0.11995281 0.09335228 -0.06290764
v 0.11997961 0.09924871 -0.06691744
v 0.11987211 0.10092070 -0.06422373
v 0.11995281 0.09335228 -0.06290764
v 0.11995281 0.09335228 -0.06290764
v 0.11987211 0.10092070 -0.06422373
v 0.11956064 0.09637165 -0.05947775
v 0.11987211 0.10092070 -0.06422373
v 0.11942840 0.10092070 -0.05997636
v 0.11956064 0.09637165 -0.05947775
v 0.11956064 0.09637165 -0.05947775
v 0.11942840 0.10092070 -0.05997636
v 0.11887430 0.09936410 -0.05612177
v 0.11942840 0.10092070 -0.05997636
v 0.11918578 0.10220779 -0.05873600
v 0.11887430 0.09936410 -0.05612177
v 0.11887430 0.09936410 -0.05612177
v 0.11918578 0.10220779 -0.05873600
v 0.11839698 0.10516749 -0.05559762
v 0.11841742 0.10092070 -0.07880048
v 0.11855782 0.09148461 -0.07810466
v 0.11745885 0.09923312 -0.08181425
v 0.11855782 0.09148461 -0.07810466
v 0.11670609 0.09277540 -0.08372334
v 0.11745885 0.09923312 -0.08181425
v 0.11745885 0.09923312 -0.08181425
v 0.11670609 0.09277540 -0.08372334
v 0.11583094 0.09704939 -0.08571398
v 0.11962886 0.07789326 -0.05911776
v 0.11902517 0.07426877 -0.06213267
v 0.11976172 0.07968498 -0.06216802
v 0.11902517 0.07426877 -0.06213267
v 0.11921768 0.07618492 -0.06537160
v 0.11976172 0.07968498 -0.06216802
v 0.11976172 0.07968498 -0.06216802
v 0.11921768 0.07618492 -0.06537160
v 0.11984821 0.08185260 -0.06497160
v 0.11921768 0.07618492 -0.06537160
v 0.11933421 0.07849970 -0.06833805
v 0.11984821 0.08185260 -0.06497160
v 0.11984821 0.08185260 -0.06497160
v 0.11933421 0.07849970 -0.06833805
v 0.11986884 0.08439659 -0.06755861
v 0.11933421 0.07849970 -0.06833805
v 0.11934650 0.08121292 -0.07106010
v 0.11986884 0.08439659 -0.06755861
v 0.11986884 0.08439659 -0.06755861
v 0.11934650 0.08121292 -0.07106010
v 0.11980604 0.08730193 -0.06996315
v 0.11934650 0.08121292 -0.07106010
v 0.11923087 0.08430809 -0.07357084
v 0.11980604 0.08730193 -0.06996315
v 0.11980604 0.08730193 -0.06996315
v 0.11923087 0.08430809 -0.07357084
v 0.11897051 0.08775037 -0.07590650
v 0.11978790 0.08524840 -0.05322759
v 0.11987751 0.08156238 -0.05614650
v 0.11982480 0.08677375 -0.05593485
v 0.11987751 0.08156238 -0.05614650
v 0.11976172 0.07968498 -0.06216802
v 0.11982480 0.08677375 -0.05593485
v 0.11982480 0.08677375 -0.05593485
v 0.11976172 0.07968498 -0.06216802
v 0.11986770 0.08863307 -0.05843089
v 0.11976172 0.07968498 -0.06216802
v 0.11984821 0.08185260 -0.06497160
v 0.11986770 0.08863307 -0.05843089
v 0.11986770 0.08863307 -0.05843089
v 0.11984821 0.08185260 -0.06497160
v 0.11991252 0.09082957 -0.06074443
v 0.11984821 0.08185260 -0.06497160
v 0.11986884 0.08439659 -0.06755861
v 0.11991252 0.09082957 -0.06074443
v 0.11991252 0.09082957 -0.06074443
v 0.11986884 0.08439659 -0.06755861
v 0.12004021 0.09032299 -0.06640548
v 0.11986884 0.08439659 -0.06755861
v 0.11980604 0.08730193 -0.06996315
v 0.12004021 0.09032299 -0.06640548
v 0.12004021 0.09032299 -0.06640548
v 0.11980604 0.08730193 -0.06996315
v 0.11937736 0.09404732 -0.07436864
v 0.11980604 0.08730193 -0.06996315
v 0.11897051 0.08775037 -0.07590650
v 0.11937736 0.09404732 -0.07436864
v 0.11937736 0.09404732 -0.07436864
v 0.11897051 0.08775037 -0.07590650
v 0.11855782 0.09148461 -0.07810466
v 0.11978790 0.08524840 -0.05322759
v 0.11975902 0.08404154 -0.05028574
v 0.11978907 0.08024164 -0.05302191
v 0.11971688 0.08164704 -0.03185723
v 0.11946795 0.07747942 -0.02418678
v 0.11948589 0.07758210 -0.03342010
v 0.11946795 0.07747942 -0.02418678
v 0.11876255 0.07316289 -0.02524841
v 0.11948589 0.07758210 -0.03342010
v 0.11948589 0.07758210 -0.03342010
v 0.11876255 0.07316289 -0.02524841
v 0.11886185 0.07355716 -0.03497032
v 0.11876255 0.07316289 -0.02524841
v 0.11698488 0.06722234 -0.02670947
v 0.11886185 0.07355716 -0.03497032
v 0.11886185 0.07355716 -0.03497032
v 0.11698488 0.06722234 -0.02670947
v 0.11784224 0.06960962 -0.03649486
v 0.11901769 0.07404476 -0.04410219
v 0.11808895 0.07013711 -0.04616764
v 0.11829350 0.07071204 -0.05061341
v 0.11978790 0.08524840 -0.05322759
v 0.11978907 0.08024164 -0.05302191
v 0.11987751 0.08156238 -0.05614650
v 0.11978907 0.08024164 -0.05302191
v 0.11946976 0.07646349 -0.05579673
v 0.11987751 0.08156238 -0.05614650
v 0.11987751 0.08156238 -0.05614650
v 0.11946976 0.07646349 -0.05579673
v 0.11962886 0.07789326 -0.05911776
v 0.11946976 0.07646349 -0.05579673
v 0.11878714 0.07273718 -0.05859997
v 0.11962886 0.07789326 -0.05911776
v 0.11962886 0.07789326 -0.05911776
v 0.11878714 0.07273718 -0.05859997
v 0.11902517 0.07426877 -0.06213267
v 0.11894756 0.09020698 -0.02105649
v 0.11968540 0.08382552 -0.02262598
v 0.11955892 0.08571563 -0.03029436
v 0.11968540 0.08382552 -0.02262598
v 0.11971688 0.08164704 -0.03185723
v 0.11955892 0.08571563 -0.03029436
v 0.11955892 0.08571563 -0.03029436
v 0.11971688 0.08164704 -0.03185723
v 0.11971942 0.08203734 -0.03993980
v 0.11971688 0.08164704 -0.03185723
v 0.11948589 0.07758210 -0.03342010
v 0.11971942 0.08203734 -0.03993980
v 0.11971942 0.08203734 -0.03993980
v 0.11948589 0.07758210 -0.03342010
v 0.11955935 0.07802340 -0.04202161
v 0.11948589 0.07758210 -0.03342010
v 0.11886185 0.07355716 -0.03497032
v 0.11955935 0.07802340 -0.04202161
v 0.11955935 0.07802340 -0.04202161
v 0.11886185 0.07355716 -0.03497032
v 0.11901769 0.07404476 -0.04410219
v 0.11886185 0.07355716 -0.03497032
v 0.11784224 0.06960962 -0.03649486
v 0.11901769 0.07404476 -0.04410219
v 0.11901769 0.07404476 -0.04410219
v 0.11784224 0.06960962 -0.03649486
v 0.11808895 0.07013711 -0.04616764
v 0.11634763 0.10065518 -0.04477574
v 0.11634837 0.09998500 -0.04349789
v 0.11865007 0.09256615 -0.04757462
v 0.11634837 0.09998500 -0.04349789
v 0.11636496 0.09952402 -0.04243639
v 0.11865007 0.09256615 -0.04757462
v 0.11865007 0.09256615 -0.04757462
v 0.11636496 0.09952402 -0.04243639
v 0.11869952 0.09159229 -0.04496422
v 0.11636496 0.09952402 -0.04243639
v 0.11644947 0.09864598 -0.03969276
v 0.11869952 0.09159229 -0.04496422
v 0.11869952 0.09159229 -0.04496422
v 0.11644947 0.09864598 -0.03969276
v 0.11876989 0.09086902 -0.04213550
v 0.11644947 0.09864598 -0.03969276
v 0.11778145 0.09466033 -0.03973259
v 0.11876989 0.09086902 -0.04213550
v 0.11876989 0.09086902 -0.04213550
v 0.11778145 0.09466033 -0.03973259
v 0.11797755 0.09395351 -0.03381584
v 0.11778145 0.09466033 -0.03973259
v 0.11658614 0.09800585 -0.03633656
v 0.11797755 0.09395351 -0.03381584
v 0.11797755 0.09395351 -0.03381584
v 0.11658614 0.09800585 -0.03633656
v 0.11663450 0.09785821 -0.03515012
v 0.11691516 0.09740353 -0.01928653
v 0.11725380 0.09647481 -0.01951494
v 0.11810154 0.09372743 -0.02721615
v 0.11725380 0.09647481 -0.01951494
v 0.11901814 0.08975362 -0.02874342
v 0.11810154 0.09372743 -0.02721615
v 0.11810154 0.09372743 -0.02721615
v 0.11901814 0.08975362 -0.02874342
v 0.11892123 0.09003466 -0.03582470
v 0.11901814 0.08975362 -0.02874342
v 0.11950434 0.08605196 -0.03787006
v 0.11892123 0.09003466 -0.03582470
v 0.11892123 0.09003466 -0.03582470
v 0.11950434 0.08605196 -0.03787006
v 0.11942506 0.08701520 -0.04459217
v 0.11950434 0.08605196 -0.03787006
v 0.11973863 0.08312760 -0.04709323
v 0.11942506 0.08701520 -0.04459217
v 0.11942506 0.08701520 -0.04459217
v 0.11973863 0.08312760 -0.04709323
v 0.11975902 0.08404154 -0.05028574
v 0.11973863 0.08312760 -0.04709323
v 0.11970175 0.07923550 -0.04962911
v 0.11975902 0.08404154 -0.05028574
v 0.11975902 0.08404154 -0.05028574
v 0.11970175 0.07923550 -0.04962911
v 0.11978907 0.08024164 -0.05302191
v 0.11970175 0.07923550 -0.04962911
v 0.11930382 0.07537014 -0.05218895
v 0.11978907 0.08024164 -0.05302191
v 0.11978907 0.08024164 -0.05302191
v 0.11930382 0.07537014 -0.05218895
v 0.11946976 0.07646349 -0.05579673
v 0.11930382 0.07537014 -0.05218895
v 0.11853395 0.07156380 -0.05476093
v 0.11946976 0.07646349 -0.05579673
v 0.11946976 0.07646349 -0.05579673
v 0.11853395 0.07156380 -0.05476093
v 0.11878714 0.07273718 -0.05859997
v 0.11725380 0.09647481 -0.01951494
v 0.11894756 0.09020698 -0.02105649
v 0.11901814 0.08975362 -0.02874342
v 0.11894756 0.09020698 -0.02105649
v 0.11955892 0.08571563 -0.03029436
v 0.11901814 0.08975362 -0.02874342
v 0.11901814 0.08975362 -0.02874342
v 0.11955892 0.08571563 -0.03029436
v 0.11950434 0.08605196 -0.03787006
v 0.11955892 0.08571563 -0.03029436
v 0.11971942 0.08203734 -0.03993980
v 0.11950434 0.08605196 -0.03787006
v 0.11950434 0.08605196 -0.03787006
v 0.11971942 0.08203734 -0.03993980
v 0.11973863 0.08312760 -0.04709323
v 0.11971942 0.08203734 -0.03993980
v 0.11955935 0.07802340 -0.04202161
v 0.11973863 0.08312760 -0.04709323
v 0.11973863 0.08312760 -0.04709323
v 0.11955935 0.07802340 -0.04202161
v 0.11970175 0.07923550 -0.04962911
v 0.11955935 0.07802340 -0.04202161
v 0.11901769 0.07404476 -0.04410219
v 0.11970175 0.07923550 -0.04962911
v 0.11970175 0.07923550 -0.04962911
v 0.11901769 0.07404476 -0.04410219
v 0.11930382 0.07537014 -0.05218895
v 0.11901769 0.07404476 -0.04410219
v 0.11829350 0.07071204 -0.05061341
v 0.11930382 0.07537014 -0.05218895
v 0.11930382 0.07537014 -0.05218895
v 0.11829350 0.07071204 -0.05061341
v 0.11853395 0.07156380 -0.05476093
v 0.11698488 0.06722234 -0.02670947
v 0.11636319 0.06570007 -0.02708387
v 0.11784224 0.06960962 -0.03649486
v 0.11636319 0.06570007 -0.02708387
v 0.11642805 0.06577754 -0.03791633
v 0.11784224 0.06960962 -0.03649486
v 0.11784224 0.06960962 -0.03649486
v 0.11642805 0.06577754 -0.03791633
v 0.11808895 0.07013711 -0.04616764
v 0.11642805 0.06577754 -0.03791633
v 0.11676490 0.06632690 -0.04808650
v 0.11808895 0.07013711 -0.04616764
v 0.11808895 0.07013711 -0.04616764
v 0.11676490 0.06632690 -0.04808650
v 0.11829350 0.07071204 -0.05061341
v 0.11676490 0.06632690 -0.04808650
v 0.11704332 0.06692573 -0.05278372
v 0.11829350 0.07071204 -0.05061341
v 0.11829350 0.07071204 -0.05061341
v 0.11704332 0.06692573 -0.05278372
v 0.11853395 0.07156380 -0.05476093
v 0.11704332 0.06692573 -0.05278372
v 0.11736976 0.06781308 -0.05717840
v 0.11853395 0.07156380 -0.05476093
v 0.11853395 0.07156380 -0.05476093
v 0.11736976 0.06781308 -0.05717840
v 0.11878714 0.07273718 -0.05859997
v 0.11736976 0.06781308 -0.05717840
v 0.11771247 0.06903582 -0.06125427
v 0.11878714 0.07273718 -0.05859997
v 0.11878714 0.07273718 -0.05859997
v 0.11771247 0.06903582 -0.06125427
v 0.11902517 0.07426877 -0.06213267
v 0.11771247 0.06903582 -0.06125427
v 0.11803351 0.07063241 -0.06500687
v 0.11902517 0.07426877 -0.06213267
v 0.11902517 0.07426877 -0.06213267
v 0.11803351 0.07063241 -0.06500687
v 0.11921768 0.07618492 -0.06537160
v 0.11803351 0.07063241 -0.06500687
v 0.11829202 0.07263079 -0.06844224
v 0.11921768 0.07618492 -0.06537160
v 0.11921768 0.07618492 -0.06537160
v 0.11829202 0.07263079 -0.06844224
v 0.11933421 0.07849970 -0.06833805
v 0.11829202 0.07263079 -0.06844224
v 0.11844753 0.07504632 -0.07157560
v 0.11933421 0.07849970 -0.06833805
v 0.11933421 0.07849970 -0.06833805
v 0.11844753 0.07504632 -0.07157560
v 0.11934650 0.08121292 -0.07106010
v 0.11844753 0.07504632 -0.07157560
v 0.11846325 0.07787967 -0.07443006
v 0.11934650 0.08121292 -0.07106010
v 0.11934650 0.08121292 -0.07106010
v 0.11846325 0.07787967 -0.07443006
v 0.11923087 0.08430809 -0.07357084
v 0.11846325 0.07787967 -0.07443006
v 0.11830936 0.08111480 -0.07703528
v 0.11923087 0.08430809 -0.07357084
v 0.11923087 0.08430809 -0.07357084
v 0.11830936 0.08111480 -0.07703528
v 0.11897051 0.08775037 -0.07590650
v 0.11830936 0.08111480 -0.07703528
v 0.11796635 0.08471681 -0.07942620
v 0.11897051 0.08775037 -0.07590650
v 0.11897051 0.08775037 -0.07590650
v 0.11796635 0.08471681 -0.07942620
v 0.11855782 0.09148461 -0.07810466
v 0.11796635 0.08471681 -0.07942620
v 0.11742827 0.08862993 -0.08164171
v 0.11855782 0.09148461 -0.07810466
v 0.11855782 0.09148461 -0.07810466
v 0.11742827 0.08862993 -0.08164171
v 0.11670609 0.09277540 -0.08372334
v 0.11841742 0.10092070 -0.07880048
v 0.11959016 0.10092070 -0.07305083
v 0.11937736 0.09404732 -0.07436864
v 0.11959016 0.10092070 -0.07305083
v 0.11984729 0.09664081 -0.07063386
v 0.11937736 0.09404732 -0.07436864
v 0.11937736 0.09404732 -0.07436864
v 0.11984729 0.09664081 -0.07063386
v 0.12004021 0.09032299 -0.06640548
v 0.11984729 0.09664081 -0.07063386
v 0.11995281 0.09335228 -0.06290764
v 0.12004021 0.09032299 -0.06640548
v 0.12004021 0.09032299 -0.06640548
v 0.11995281 0.09335228 -0.06290764
v 0.11991252 0.09082957 -0.06074443
v 0.11995281 0.09335228 -0.06290764
v 0.11956064 0.09637165 -0.05947775
v 0.11991252 0.09082957 -0.06074443
v 0.11991252 0.09082957 -0.06074443
v 0.11956064 0.09637165 -0.05947775
v 0.11986770 0.08863307 -0.05843089
v 0.11956064 0.09637165 -0.05947775
v 0.11866257 0.09536541 -0.05218630
v 0.11986770 0.08863307 -0.05843089
v 0.11986770 0.08863307 -0.05843089
v 0.11866257 0.09536541 -0.05218630
v 0.11982480 0.08677375 -0.05593485
v 0.11866257 0.09536541 -0.05218630
v 0.11863423 0.09381776 -0.04997650
v 0.11982480 0.08677375 -0.05593485
v 0.11982480 0.08677375 -0.05593485
v 0.11863423 0.09381776 -0.04997650
v 0.11978790 0.08524840 -0.05322759
v 0.11863423 0.09381776 -0.04997650
v 0.11865007 0.09256615 -0.04757462
v 0.11978790 0.08524840 -0.05322759
v 0.11978790 0.08524840 -0.05322759
v 0.11865007 0.09256615 -0.04757462
v 0.11975902 0.08404154 -0.05028574
v 0.11865007 0.09256615 -0.04757462
v 0.11869952 0.09159229 -0.04496422
v 0.11975902 0.08404154 -0.05028574
v 0.11975902 0.08404154 -0.05028574
v 0.11869952 0.09159229 -0.04496422
v 0.11942506 0.08701520 -0.04459217
v 0.11869952 0.09159229 -0.04496422
v 0.11876989 0.09086902 -0.04213550
v 0.11942506 0.08701520 -0.04459217
v 0.11942506 0.08701520 -0.04459217
v 0.11876989 0.09086902 -0.04213550
v 0.11892123 0.09003466 -0.03582470
v 0.11876989 0.09086902 -0.04213550
v 0.11797755 0.09395351 -0.03381584
v 0.11892123 0.09003466 -0.03582470
v 0.11892123 0.09003466 -0.03582470
v 0.11797755 0.09395351 -0.03381584
v 0.11810154 0.09372743 -0.02721615
v 0.11797755 0.09395351 -0.03381584
v 0.11688999 0.09741954 -0.02552634
v 0.11810154 0.09372743 -0.02721615
v 0.11810154 0.09372743 -0.02721615
v 0.11688999 0.09741954 -0.02552634
v 0.11691516 0.09740353 -0.01928653
v 0.10658445 0.12023550 -0.03645489
v 0.11060082 0.12792070 -0.04074928
v 0.10502816 0.12125048 -0.03507631
v 0.11060082 0.12792070 -0.04074928
v 0.10502104 0.12792070 -0.03507034
v 0.10502816 0.12125048 -0.03507631
v 0.10502816 0.12125048 -0.03507631
v 0.10502104 0.12792070 -0.03507034
v 0.10377630 0.12199482 -0.03406110
v 0.11185171 0.11582806 -0.04236613
v 0.11502061 0.12792070 -0.04737120
v 0.11060829 0.11703706 -0.04075842
v 0.11502061 0.12792070 -0.04737120
v 0.11060082 0.12792070 -0.04074928
v 0.11060829 0.11703706 -0.04075842
v 0.11060829 0.11703706 -0.04075842
v 0.11060082 0.12792070 -0.04074928
v 0.10928877 0.11819182 -0.03921163
v 0.11060082 0.12792070 -0.04074928
v 0.10658445 0.12023550 -0.03645489
v 0.10928877 0.11819182 -0.03921163
v 0.09454971 0.12599635 -0.02858634
v 0.09744687 0.12498383 -0.02997359
v 0.09847801 0.12792070 -0.03053459
v 0.09744687 0.12498383 -0.02997359
v 0.09848442 0.12457115 -0.03053818
v 0.09847801 0.12792070 -0.03053459
v 0.09847801 0.12792070 -0.03053459
v 0.09848442 0.12457115 -0.03053818
v 0.10502104 0.12792070 -0.03507034
v 0.09848442 0.12457115 -0.03053818
v 0.10064628 0.12361896 -0.03184019
v 0.10502104 0.12792070 -0.03507034
v 0.10502104 0.12792070 -0.03507034
v 0.10064628 0.12361896 -0.03184019
v 0.10377630 0.12199482 -0.03406110
v 0.08624906 0.12792070 -0.02596541
v 0.08684652 0.12782612 -0.02609288
v 0.09120241 0.12792070 -0.02730196
v 0.08684652 0.12782612 -0.02609288
v 0.09041853 0.12712295 -0.02704704
v 0.09120241 0.12792070 -0.02730196
v 0.09120241 0.12792070 -0.02730196
v 0.09041853 0.12712295 -0.02704704
v 0.09847801 0.12792070 -0.03053459
v 0.09041853 0.12712295 -0.02704704
v 0.09421233 0.12610173 -0.02844196
v 0.09847801 0.12792070 -0.03053459
v 0.09847801 0.12792070 -0.03053459
v 0.09421233 0.12610173 -0.02844196
v 0.09454971 0.12599635 -0.02858634
v 0.11942840 0.12792070 -0.05997636
v 0.11812458 0.12792070 -0.05470261
v 0.11717527 0.10824913 -0.05201934
v 0.11717527 0.10824913 -0.05201934
v 0.11839698 0.10516749 -0.05559762
v 0.11942840 0.12792070 -0.05997636
v 0.11839698 0.10516749 -0.05559762
v 0.11918578 0.10220779 -0.05873600
v 0.11942840 0.12792070 -0.05997636
v 0.11942840 0.12792070 -0.05997636
v 0.11918578 0.10220779 -0.05873600
v 0.11942840 0.10092070 -0.05997636
v 0.11185171 0.11582806 -0.04236613
v 0.11400303 0.11336339 -0.04558870
v 0.11502061 0.12792070 -0.04737120
v 0.11400303 0.11336339 -0.04558870
v 0.11462642 0.11253414 -0.04665659
v 0.11502061 0.12792070 -0.04737120
v 0.11502061 0.12792070 -0.04737120
v 0.11462642 0.11253414 -0.04665659
v 0.11812458 0.12792070 -0.05470261
v 0.11462642 0.11253414 -0.04665659
v 0.11554409 0.11119246 -0.04837373
v 0.11812458 0.12792070 -0.05470261
v 0.11812458 0.12792070 -0.05470261
v 0.11554409 0.11119246 -0.04837373
v 0.11717527 0.10824913 -0.05201934
v 0.11783487 0.12792070 -0.05445414
v 0.11942840 0.12792070 -0.05997636
v 0.11966911 0.12792070 -0.06308355
v 0.11942840 0.12792070 -0.05997636
v 0.11987211 0.12792070 -0.06422373
v 0.11966911 0.12792070 -0.06308355
v 0.11966911 0.12792070 -0.06308355
v 0.11987211 0.12792070 -0.06422373
v 0.11966911 0.12792070 -0.07190575
v 0.07770029 0.12792070 -0.02529465
v 0.07847562 0.12792091 -0.02493058
v 0.08217297 0.12792073 -0.02521926
v 0.10593760 0.12792070 -0.09885537
v 0.10300762 0.12792070 -0.10134631
v 0.10250483 0.12792070 -0.10163517
v 0.10300762 0.12792070 -0.10134631
v 0.09957080 0.12792070 -0.10366345
v 0.10250483 0.12792070 -0.10163517
v 0.10250483 0.12792070 -0.10163517
v 0.09957080 0.12792070 -0.10366345
v 0.09486458 0.12792070 -0.10604627
v 0.07770029 0.12792070 -0.02529465
v 0.08217297 0.12792073 -0.02521926
v 0.08647416 0.12792070 -0.02621683
v 0.08217297 0.12792073 -0.02521926
v 0.08624906 0.12792070 -0.02596541
v 0.08647416 0.12792070 -0.02621683
v 0.08647416 0.12792070 -0.02621683
v 0.08624906 0.12792070 -0.02596541
v 0.09486458 0.12792070 -0.02894304
v 0.06892642 0.12792070 -0.02621683
v 0.07083905 0.12792102 -0.02558948
v 0.07770029 0.12792070 -0.02529465
v 0.07083905 0.12792102 -0.02558948
v 0.07464261 0.12792100 -0.02505329
v 0.07770029 0.12792070 -0.02529465
v 0.07770029 0.12792070 -0.02529465
v 0.07464261 0.12792100 -0.02505329
v 0.07847562 0.12792091 -0.02493058
v 0.03756570 0.12792070 -0.05445414
v 0.04028603 0.12792070 -0.04754638
v 0.04115402 0.12792070 -0.04639465
v 0.04028603 0.12792070 -0.04754638
v 0.04462223 0.12792070 -0.04096916
v 0.04115402 0.12792070 -0.04639465
v 0.04115402 0.12792070 -0.04639465
v 0.04462223 0.12792070 -0.04096916
v 0.04633958 0.12792070 -0.03925734
v 0.04462223 0.12792070 -0.04096916
v 0.05010035 0.12792070 -0.03530764
v 0.04633958 0.12792070 -0.03925734
v 0.04633958 0.12792070 -0.03925734
v 0.05010035 0.12792070 -0.03530764
v 0.05289575 0.12792070 -0.03335414
v 0.05010035 0.12792070 -0.03530764
v 0.05653129 0.12792070 -0.03075730
v 0.05289575 0.12792070 -0.03335414
v 0.05289575 0.12792070 -0.03335414
v 0.05653129 0.12792070 -0.03075730
v 0.06053600 0.12792070 -0.02894304
v 0.05653129 0.12792070 -0.03075730
v 0.06369302 0.12792070 -0.02747520
v 0.06053600 0.12792070 -0.02894304
v 0.06053600 0.12792070 -0.02894304
v 0.06369302 0.12792070 -0.02747520
v 0.06892642 0.12792070 -0.02621683
v 0.06369302 0.12792070 -0.02747520
v 0.06857643 0.12792070 -0.02608795
v 0.06892642 0.12792070 -0.02621683
v 0.06892642 0.12792070 -0.02621683
v 0.06857643 0.12792070 -0.02608795
v 0.07083905 0.12792102 -0.02558948
v 0.03573146 0.12792070 -0.06308355
v 0.03596196 0.12792070 -0.06003328
v 0.03756570 0.12792070 -0.05445414
v 0.03596196 0.12792070 -0.06003328
v 0.03724146 0.12792070 -0.05481227
v 0.03756570 0.12792070 -0.05445414
v 0.03756570 0.12792070 -0.05445414
v 0.03724146 0.12792070 -0.05481227
v 0.04028603 0.12792070 -0.04754638
v 0.08624906 0.12792070 -0.02596541
v 0.09120241 0.12792070 -0.02730196
v 0.09486458 0.12792070 -0.02894304
v 0.09120241 0.12792070 -0.02730196
v 0.09847801 0.12792070 -0.03053459
v 0.09486458 0.12792070 -0.02894304
v 0.09486458 0.12792070 -0.02894304
v 0.09847801 0.12792070 -0.03053459
v 0.10250483 0.12792070 -0.03335414
v 0.09847801 0.12792070 -0.03053459
v 0.10502104 0.12792070 -0.03507034
v 0.10250483 0.12792070 -0.03335414
v 0.10250483 0.12792070 -0.03335414
v 0.10502104 0.12792070 -0.03507034
v 0.10906100 0.12792070 -0.03925734
v 0.10502104 0.12792070 -0.03507034
v 0.11060082 0.12792070 -0.04074928
v 0.10906100 0.12792070 -0.03925734
v 0.10906100 0.12792070 -0.03925734
v 0.11060082 0.12792070 -0.04074928
v 0.11424656 0.12792070 -0.04639465
v 0.11060082 0.12792070 -0.04074928
v 0.11502061 0.12792070 -0.04737120
v 0.11424656 0.12792070 -0.04639465
v 0.11424656 0.12792070 -0.04639465
v 0.11502061 0.12792070 -0.04737120
v 0.11783487 0.12792070 -0.05445414
v 0.11502061 0.12792070 -0.04737120
v 0.11812458 0.12792070 -0.05470261
v 0.11783487 0.12792070 -0.05445414
v 0.11783487 0.12792070 -0.05445414
v 0.11812458 0.12792070 -0.05470261
v 0.11942840 0.12792070 -0.05997636
v 0.03914867 0.12792070 -0.08465894
v 0.03790115 0.12792070 -0.08175320
v 0.03756570 0.12792070 -0.08053517
v 0.03790115 0.12792070 -0.08175320
v 0.03696385 0.12792070 -0.07879958
v 0.03756570 0.12792070 -0.08053517
v 0.03756570 0.12792070 -0.08053517
v 0.03696385 0.12792070 -0.07879958
v 0.03642246 0.12792070 -0.07626852
v 0.03696385 0.12792070 -0.07879958
v 0.03600588 0.12792070 -0.07447585
v 0.03642246 0.12792070 -0.07626852
v 0.03642246 0.12792070 -0.07626852
v 0.03600588 0.12792070 -0.07447585
v 0.03573146 0.12792070 -0.07190575
v 0.03600588 0.12792070 -0.07447585
v 0.03550259 0.12792070 -0.07007592
v 0.03573146 0.12792070 -0.07190575
v 0.03573146 0.12792070 -0.07190575
v 0.03550259 0.12792070 -0.07007592
v 0.03573146 0.12792070 -0.06308355
v 0.03550259 0.12792070 -0.07007592
v 0.03547025 0.12792070 -0.06504335
v 0.03573146 0.12792070 -0.06308355
v 0.03573146 0.12792070 -0.06308355
v 0.03547025 0.12792070 -0.06504335
v 0.03596196 0.12792070 -0.06003328
v 0.06053600 0.12792070 -0.10604627
v 0.05438287 0.12792070 -0.10275981
v 0.05289575 0.12792070 -0.10163517
v 0.05438287 0.12792070 -0.10275981
v 0.05114679 0.12792070 -0.10039245
v 0.05289575 0.12792070 -0.10163517
v 0.05289575 0.12792070 -0.10163517
v 0.05114679 0.12792070 -0.10039245
v 0.04946298 0.12792070 -0.09885537
v 0.05114679 0.12792070 -0.10039245
v 0.04814961 0.12792070 -0.09772909
v 0.04946298 0.12792070 -0.09885537
v 0.04946298 0.12792070 -0.09885537
v 0.04814961 0.12792070 -0.09772909
v 0.04633958 0.12792070 -0.09573197
v 0.04814961 0.12792070 -0.09772909
v 0.04541830 0.12792070 -0.09479368
v 0.04633958 0.12792070 -0.09573197
v 0.04633958 0.12792070 -0.09573197
v 0.04541830 0.12792070 -0.09479368
v 0.04355977 0.12792070 -0.09229919
v 0.04541830 0.12792070 -0.09479368
v 0.04297744 0.12792070 -0.09161267
v 0.04355977 0.12792070 -0.09229919
v 0.04355977 0.12792070 -0.09229919
v 0.04297744 0.12792070 -0.09161267
v 0.04115402 0.12792070 -0.08859465
v 0.04297744 0.12792070 -0.09161267
v 0.04084902 0.12792070 -0.08821467
v 0.04115402 0.12792070 -0.08859465
v 0.04115402 0.12792070 -0.08859465
v 0.04084902 0.12792070 -0.08821467
v 0.03914867 0.12792070 -0.08465894
v 0.04084902 0.12792070 -0.08821467
v 0.03905217 0.12792070 -0.08463027
v 0.03914867 0.12792070 -0.08465894
v 0.03914867 0.12792070 -0.08465894
v 0.03905217 0.12792070 -0.08463027
v 0.03790115 0.12792070 -0.08175320
v 0.09957080 0.12792070 -0.10366345
v 0.09460367 0.12792070 -0.10623632
v 0.09486458 0.12792070 -0.10604627
v 0.09460367 0.12792070 -0.10623632
v 0.08813956 0.12792070 -0.10845588
v 0.09486458 0.12792070 -0.10604627
v 0.09486458 0.12792070 -0.10604627
v 0.08813956 0.12792070 -0.10845588
v 0.08647416 0.12792070 -0.10877248
v 0.08813956 0.12792070 -0.10845588
v 0.08479415 0.12792070 -0.10916662
v 0.08647416 0.12792070 -0.10877248
v 0.08647416 0.12792070 -0.10877248
v 0.08479415 0.12792070 -0.10916662
v 0.08211139 0.12792070 -0.10946348
v 0.11987211 0.12792070 -0.06422373
v 0.11976034 0.12792070 -0.07157307
v 0.11966911 0.12792070 -0.07190575
v 0.11976034 0.12792070 -0.07157307
v 0.11841761 0.12792070 -0.07880052
v 0.11966911 0.12792070 -0.07190575
v 0.11966911 0.12792070 -0.07190575
v 0.11841761 0.12792070 -0.07880052
v 0.11783487 0.12792070 -0.08053517
v 0.11841761 0.12792070 -0.07880052
v 0.11725757 0.12792070 -0.08236147
v 0.11783487 0.12792070 -0.08053517
v 0.11783487 0.12792070 -0.08053517
v 0.11725757 0.12792070 -0.08236147
v 0.11625191 0.12792070 -0.08465894
v 0.11725757 0.12792070 -0.08236147
v 0.11578708 0.12792070 -0.08580583
v 0.11625191 0.12792070 -0.08465894
v 0.11625191 0.12792070 -0.08465894
v 0.11578708 0.12792070 -0.08580583
v 0.11424656 0.12792070 -0.08859465
v 0.11578708 0.12792070 -0.08580583
v 0.11371140 0.12792070 -0.08961269
v 0.11424656 0.12792070 -0.08859465
v 0.11424656 0.12792070 -0.08859465
v 0.11371140 0.12792070 -0.08961269
v 0.11184081 0.12792070 -0.09229919
v 0.11371140 0.12792070 -0.08961269
v 0.11125643 0.12792070 -0.09318672
v 0.11184081 0.12792070 -0.09229919
v 0.11184081 0.12792070 -0.09229919
v 0.11125643 0.12792070 -0.09318672
v 0.10906100 0.12792070 -0.09573197
v 0.11125643 0.12792070 -0.09318672
v 0.10885075 0.12792070 -0.09605703
v 0.10906100 0.12792070 -0.09573197
v 0.10906100 0.12792070 -0.09573197
v 0.10885075 0.12792070 -0.09605703
v 0.10593760 0.12792070 -0.09885537
v 0.10885075 0.12792070 -0.09605703
v 0.10620063 0.12792070 -0.09870333
v 0.10593760 0.12792070 -0.09885537
v 0.10593760 0.12792070 -0.09885537
v 0.10620063 0.12792070 -0.09870333
v 0.10300762 0.12792070 -0.10134631
v 0.08479415 0.12792070 -0.10916662
v 0.08140223 0.12792070 -0.10960454
v 0.08211139 0.12792070 -0.10946348
v 0.08140223 0.12792070 -0.10960454
v 0.07860793 0.12792070 -0.10975786
v 0.08211139 0.12792070 -0.10946348
v 0.08211139 0.12792070 -0.10946348
v 0.07860793 0.12792070 -0.10975786
v 0.07770029 0.12792070 -0.10969465
v 0.07860793 0.12792070 -0.10975786
v 0.07580961 0.12792070 -0.10972594
v 0.07770029 0.12792070 -0.10969465
v 0.07770029 0.12792070 -0.10969465
v 0.07580961 0.12792070 -0.10972594
v 0.07328919 0.12792070 -0.10946348
v 0.07580961 0.12792070 -0.10972594
v 0.07318804 0.12792070 -0.10952722
v 0.07328919 0.12792070 -0.10946348
v 0.07328919 0.12792070 -0.10946348
v 0.07318804 0.12792070 -0.10952722
v 0.07109875 0.12792070 -0.10917510
v 0.07318804 0.12792070 -0.10952722
v 0.07058389 0.12792070 -0.10916591
v 0.07109875 0.12792070 -0.10917510
v 0.07109875 0.12792070 -0.10917510
v 0.07058389 0.12792070 -0.10916591
v 0.06892642 0.12792070 -0.10877248
v 0.07058389 0.12792070 -0.10916591
v 0.06760357 0.12792070 -0.10854632
v 0.06892642 0.12792070 -0.10877248
v 0.06892642 0.12792070 -0.10877248
v 0.06760357 0.12792070 -0.10854632
v 0.06465977 0.12792070 -0.10762924
v 0.06760357 0.12792070 -0.10854632
v 0.06467555 0.12792070 -0.10771391
v 0.06465977 0.12792070 -0.10762924
v 0.06465977 0.12792070 -0.10762924
v 0.06467555 0.12792070 -0.10771391
v 0.06053600 0.12792070 -0.10604627
v 0.06467555 0.12792070 -0.10771391
v 0.05978559 0.12792070 -0.10578779
v 0.06053600 0.12792070 -0.10604627
v 0.06053600 0.12792070 -0.10604627
v 0.05978559 0.12792070 -0.10578779
v 0.05438287 0.12792070 -0.10275981
v 0.06857643 0.12792070 -0.02608795
v 0.06369302 0.12792070 -0.02747520
v 0.06473992 0.12719634 -0.02712405
v 0.05007001 0.12132521 -0.03533369
v 0.05010035 0.12792070 -0.03530764
v 0.04718600 0.11934030 -0.03805589
v 0.05010035 0.12792070 -0.03530764
v 0.04462223 0.12792070 -0.04096916
v 0.04718600 0.11934030 -0.03805589
v 0.04718600 0.11934030 -0.03805589
v 0.04462223 0.12792070 -0.04096916
v 0.04459478 0.11716378 -0.04100334
v 0.04459478 0.11716378 -0.04100334
v 0.04462223 0.12792070 -0.04096916
v 0.04234827 0.11484925 -0.04408521
v 0.04462223 0.12792070 -0.04096916
v 0.04028603 0.12792070 -0.04754638
v 0.04234827 0.11484925 -0.04408521
v 0.04234827 0.11484925 -0.04408521
v 0.04028603 0.12792070 -0.04754638
v 0.04029449 0.11219511 -0.04753045
v 0.04029449 0.11219511 -0.04753045
v 0.04028603 0.12792070 -0.04754638
v 0.03859293 0.10932794 -0.05111241
v 0.04028603 0.12792070 -0.04754638
v 0.03724146 0.12792070 -0.05481227
v 0.03859293 0.10932794 -0.05111241
v 0.03859293 0.10932794 -0.05111241
v 0.03724146 0.12792070 -0.05481227
v 0.03767743 0.10732322 -0.05349707
v 0.03596196 0.10092070 -0.06003328
v 0.03599020 0.10110620 -0.05987702
v 0.03596196 0.12792070 -0.06003328
v 0.03599020 0.10110620 -0.05987702
v 0.03642785 0.10337878 -0.05778153
v 0.03596196 0.12792070 -0.06003328
v 0.03596196 0.12792070 -0.06003328
v 0.03642785 0.10337878 -0.05778153
v 0.03724146 0.12792070 -0.05481227
v 0.03642785 0.10337878 -0.05778153
v 0.03725542 0.10621244 -0.05476770
v 0.03724146 0.12792070 -0.05481227
v 0.03724146 0.12792070 -0.05481227
v 0.03725542 0.10621244 -0.05476770
v 0.03767743 0.10732322 -0.05349707
v 0.06473992 0.12719634 -0.02712405
v 0.06369302 0.12792070 -0.02747520
v 0.06154165 0.12636848 -0.02829441
v 0.06369302 0.12792070 -0.02747520
v 0.05653129 0.12792070 -0.03075730
v 0.06154165 0.12636848 -0.02829441
v 0.06154165 0.12636848 -0.02829441
v 0.05653129 0.12792070 -0.03075730
v 0.05822689 0.12527747 -0.02983101
v 0.05007001 0.12132521 -0.03533369
v 0.05166205 0.12226583 -0.03403170
v 0.05010035 0.12792070 -0.03530764
v 0.05166205 0.12226583 -0.03403170
v 0.05510428 0.12400340 -0.03161742
v 0.05010035 0.12792070 -0.03530764
v 0.05010035 0.12792070 -0.03530764
v 0.05510428 0.12400340 -0.03161742
v 0.05653129 0.12792070 -0.03075730
v 0.05510428 0.12400340 -0.03161742
v 0.05652440 0.12461583 -0.03076127
v 0.05653129 0.12792070 -0.03075730
v 0.05653129 0.12792070 -0.03075730
v 0.05652440 0.12461583 -0.03076127
v 0.05822689 0.12527747 -0.02983101
v 0.03550289 0.10092070 -0.07007591
v 0.03539503 0.09526899 -0.06679179
v 0.03555917 0.09767896 -0.06299035
v 0.03602931 0.10045976 -0.05948289
v 0.03599020 0.10110620 -0.05987702
v 0.03596196 0.10092070 -0.06003328
v 0.03602931 0.10045976 -0.05948289
v 0.03596196 0.10092070 -0.06003328
v 0.03555917 0.09767896 -0.06299035
v 0.03596196 0.10092070 -0.06003328
v 0.03547025 0.10092070 -0.06504335
v 0.03555917 0.09767896 -0.06299035
v 0.03555917 0.09767896 -0.06299035
v 0.03547025 0.10092070 -0.06504335
v 0.03550289 0.10092070 -0.07007591
v 0.03599159 0.08440104 -0.05076660
v 0.03636333 0.08811539 -0.04804181
v 0.03639993 0.09037819 -0.05130929
v 0.03628843 0.09547657 -0.05611005
v 0.03602931 0.10045976 -0.05948289
v 0.03551460 0.08812516 -0.06189090
v 0.03602931 0.10045976 -0.05948289
v 0.03555917 0.09767896 -0.06299035
v 0.03551460 0.08812516 -0.06189090
v 0.03551460 0.08812516 -0.06189090
v 0.03555917 0.09767896 -0.06299035
v 0.03542343 0.09151442 -0.06438366
v 0.03555917 0.09767896 -0.06299035
v 0.03539503 0.09526899 -0.06679179
v 0.03542343 0.09151442 -0.06438366
v 0.03599159 0.08440104 -0.05076660
v 0.03639993 0.09037819 -0.05130929
v 0.03571542 0.08392420 -0.05796499
v 0.03639993 0.09037819 -0.05130929
v 0.03639674 0.09131207 -0.05237650
v 0.03571542 0.08392420 -0.05796499
v 0.03571542 0.08392420 -0.05796499
v 0.03639674 0.09131207 -0.05237650
v 0.03551460 0.08812516 -0.06189090
v 0.03639674 0.09131207 -0.05237650
v 0.03633669 0.09416141 -0.05506309
v 0.03551460 0.08812516 -0.06189090
v 0.03551460 0.08812516 -0.06189090
v 0.03633669 0.09416141 -0.05506309
v 0.03628843 0.09547657 -0.05611005
v 0.03642846 0.07599302 -0.02455237
v 0.03601997 0.08035761 -0.02347892
v 0.03641389 0.07609265 -0.03322819
v 0.03601997 0.08035761 -0.02347892
v 0.03603672 0.08011642 -0.03150836
v 0.03641389 0.07609265 -0.03322819
v 0.03641389 0.07609265 -0.03322819
v 0.03603672 0.08011642 -0.03150836
v 0.03632842 0.07675491 -0.04138486
v 0.03603672 0.08011642 -0.03150836
v 0.03604206 0.08067113 -0.03885809
v 0.03632842 0.07675491 -0.04138486
v 0.03632842 0.07675491 -0.04138486
v 0.03604206 0.08067113 -0.03885809
v 0.03616979 0.07818695 -0.04785625
v 0.03604206 0.08067113 -0.03885809
v 0.03603506 0.08203213 -0.04529782
v 0.03616979 0.07818695 -0.04785625
v 0.03616979 0.07818695 -0.04785625
v 0.03603506 0.08203213 -0.04529782
v 0.03600506 0.07993878 -0.05217483
v 0.03603506 0.08203213 -0.04529782
v 0.03601935 0.08308312 -0.04814957
v 0.03600506 0.07993878 -0.05217483
v 0.03600506 0.07993878 -0.05217483
v 0.03601935 0.08308312 -0.04814957
v 0.03594867 0.08060960 -0.05341508
v 0.03601935 0.08308312 -0.04814957
v 0.03599159 0.08440104 -0.05076660
v 0.03594867 0.08060960 -0.05341508
v 0.03594867 0.08060960 -0.05341508
v 0.03599159 0.08440104 -0.05076660
v 0.03594265 0.08068360 -0.05354267
v 0.03599159 0.08440104 -0.05076660
v 0.03571542 0.08392420 -0.05796499
v 0.03594265 0.08068360 -0.05354267
v 0.03601997 0.08035761 -0.02347892
v 0.03602934 0.08408570 -0.02256201
v 0.03603672 0.08011642 -0.03150836
v 0.03602934 0.08408570 -0.02256201
v 0.03603534 0.08411520 -0.02791340
v 0.03603672 0.08011642 -0.03150836
v 0.03603672 0.08011642 -0.03150836
v 0.03603534 0.08411520 -0.02791340
v 0.03604206 0.08067113 -0.03885809
v 0.03603534 0.08411520 -0.02791340
v 0.03612636 0.08472043 -0.03721659
v 0.03604206 0.08067113 -0.03885809
v 0.03604206 0.08067113 -0.03885809
v 0.03612636 0.08472043 -0.03721659
v 0.03603506 0.08203213 -0.04529782
v 0.03612636 0.08472043 -0.03721659
v 0.03624464 0.08590566 -0.04283450
v 0.03603506 0.08203213 -0.04529782
v 0.03603506 0.08203213 -0.04529782
v 0.03624464 0.08590566 -0.04283450
v 0.03601935 0.08308312 -0.04814957
v 0.03624464 0.08590566 -0.04283450
v 0.03633515 0.08738738 -0.04666089
v 0.03601935 0.08308312 -0.04814957
v 0.03601935 0.08308312 -0.04814957
v 0.03633515 0.08738738 -0.04666089
v 0.03599159 0.08440104 -0.05076660
v 0.03633515 0.08738738 -0.04666089
v 0.03635382 0.08784176 -0.04754883
v 0.03599159 0.08440104 -0.05076660
v 0.03599159 0.08440104 -0.05076660
v 0.03635382 0.08784176 -0.04754883
v 0.03636333 0.08811539 -0.04804181
v 0.03602889 0.08484987 -0.07226215
v 0.03661736 0.08263243 -0.07498560
v 0.03662067 0.07917711 -0.07253294
v 0.04006684 0.09646457 -0.08675745
v 0.04120300 0.09530281 -0.08883218
v 0.04024283 0.09115127 -0.08706484
v 0.03539503 0.09526899 -0.06679179
v 0.03564079 0.08709306 -0.06956312
v 0.03542343 0.09151442 -0.06438366
v 0.03564079 0.08709306 -0.06956312
v 0.03568109 0.08390809 -0.06727132
v 0.03542343 0.09151442 -0.06438366
v 0.03542343 0.09151442 -0.06438366
v 0.03568109 0.08390809 -0.06727132
v 0.03551460 0.08812516 -0.06189090
v 0.03568109 0.08390809 -0.06727132
v 0.03582481 0.08102453 -0.06483305
v 0.03551460 0.08812516 -0.06189090
v 0.03582481 0.08102453 -0.06483305
v 0.03604828 0.07847437 -0.06220404
v 0.03551460 0.08812516 -0.06189090
v 0.03551460 0.08812516 -0.06189090
v 0.03604828 0.07847437 -0.06220404
v 0.03571542 0.08392420 -0.05796499
v 0.03571542 0.08392420 -0.05796499
v 0.03604828 0.07847437 -0.06220404
v 0.03594265 0.08068360 -0.05354267
v 0.03604828 0.07847437 -0.06220404
v 0.03632447 0.07627872 -0.05934122
v 0.03594265 0.08068360 -0.05354267
v 0.03594265 0.08068360 -0.05354267
v 0.03632447 0.07627872 -0.05934122
v 0.03594867 0.08060960 -0.05341508
v 0.03632447 0.07627872 -0.05934122
v 0.03662505 0.07444752 -0.05620619
v 0.03594867 0.08060960 -0.05341508
v 0.03594867 0.08060960 -0.05341508
v 0.03662505 0.07444752 -0.05620619
v 0.03600506 0.07993878 -0.05217483
v 0.03662505 0.07444752 -0.05620619
v 0.03692244 0.07297917 -0.05276867
v 0.03600506 0.07993878 -0.05217483
v 0.03600506 0.07993878 -0.05217483
v 0.03692244 0.07297917 -0.05276867
v 0.03616979 0.07818695 -0.04785625
v 0.03692244 0.07297917 -0.05276867
v 0.03719195 0.07186014 -0.04900993
v 0.03616979 0.07818695 -0.04785625
v 0.03719195 0.07186014 -0.04900993
v 0.03741386 0.07106468 -0.04492628
v 0.03616979 0.07818695 -0.04785625
v 0.03616979 0.07818695 -0.04785625
v 0.03741386 0.07106468 -0.04492628
v 0.03632842 0.07675491 -0.04138486
v 0.03767338 0.07027812 -0.03586534
v 0.03641389 0.07609265 -0.03322819
v 0.03632842 0.07675491 -0.04138486
v 0.04465451 0.09248516 -0.09386401
v 0.04424023 0.09094996 -0.09333473
v 0.04289845 0.09380972 -0.09149859
v 0.04424023 0.09094996 -0.09333473
v 0.04348182 0.08800142 -0.09228533
v 0.04289845 0.09380972 -0.09149859
v 0.04289845 0.09380972 -0.09149859
v 0.04348182 0.08800142 -0.09228533
v 0.04220604 0.09439006 -0.09046222
v 0.04006684 0.09646457 -0.08675745
v 0.04024283 0.09115127 -0.08706484
v 0.03897691 0.09775127 -0.08445966
v 0.03752297 0.09988476 -0.08064958
v 0.03593544 0.09418727 -0.07386959
v 0.03696384 0.10092070 -0.07879958
v 0.03593544 0.09418727 -0.07386959
v 0.03558265 0.09613156 -0.07106713
v 0.03696384 0.10092070 -0.07879958
v 0.03696384 0.10092070 -0.07879958
v 0.03558265 0.09613156 -0.07106713
v 0.03600588 0.10092070 -0.07447585
v 0.04128140 0.07534893 -0.08660647
v 0.03843895 0.07831325 -0.08047356
v 0.03875893 0.08235146 -0.08283686
v 0.04120300 0.09530281 -0.08883218
v 0.04220604 0.09439006 -0.09046222
v 0.04024283 0.09115127 -0.08706484
v 0.04220604 0.09439006 -0.09046222
v 0.04348182 0.08800142 -0.09228533
v 0.04024283 0.09115127 -0.08706484
v 0.04024283 0.09115127 -0.08706484
v 0.04348182 0.08800142 -0.09228533
v 0.03936994 0.08665667 -0.08501944
v 0.04348182 0.08800142 -0.09228533
v 0.04239628 0.08315691 -0.09040228
v 0.03936994 0.08665667 -0.08501944
v 0.04239628 0.08315691 -0.09040228
v 0.04214310 0.08182337 -0.08983412
v 0.03936994 0.08665667 -0.08501944
v 0.03936994 0.08665667 -0.08501944
v 0.04214310 0.08182337 -0.08983412
v 0.03875893 0.08235146 -0.08283686
v 0.04214310 0.08182337 -0.08983412
v 0.04162233 0.07853396 -0.08830632
v 0.03875893 0.08235146 -0.08283686
v 0.03875893 0.08235146 -0.08283686
v 0.04162233 0.07853396 -0.08830632
v 0.04128140 0.07534893 -0.08660647
v 0.04128140 0.07534893 -0.08660647
v 0.04120466 0.07421961 -0.08593763
v 0.03843895 0.07831325 -0.08047356
v 0.04120466 0.07421961 -0.08593763
v 0.04118873 0.07392456 -0.08575627
v 0.03843895 0.07831325 -0.08047356
v 0.03843895 0.07831325 -0.08047356
v 0.04118873 0.07392456 -0.08575627
v 0.03840755 0.07460447 -0.07788658
v 0.04118873 0.07392456 -0.08575627
v 0.04116508 0.06976609 -0.08284531
v 0.03840755 0.07460447 -0.07788658
v 0.03840755 0.07460447 -0.07788658
v 0.04116508 0.06976609 -0.08284531
v 0.03863671 0.07127268 -0.07503550
v 0.03648435 0.09225994 -0.07667520
v 0.03723534 0.09035696 -0.07947557
v 0.03602889 0.08484987 -0.07226215
v 0.03723534 0.09035696 -0.07947557
v 0.03681987 0.08637820 -0.07728682
v 0.03602889 0.08484987 -0.07226215
v 0.03602889 0.08484987 -0.07226215
v 0.03681987 0.08637820 -0.07728682
v 0.03661736 0.08263243 -0.07498560
v 0.03854788 0.09831987 -0.08344425
v 0.03785048 0.09449933 -0.08158474
v 0.03830922 0.09865534 -0.08284514
v 0.03785048 0.09449933 -0.08158474
v 0.03723534 0.09035696 -0.07947557
v 0.03830922 0.09865534 -0.08284514
v 0.03830922 0.09865534 -0.08284514
v 0.03723534 0.09035696 -0.07947557
v 0.03752297 0.09988476 -0.08064958
v 0.03723534 0.09035696 -0.07947557
v 0.03648435 0.09225994 -0.07667520
v 0.03752297 0.09988476 -0.08064958
v 0.03752297 0.09988476 -0.08064958
v 0.03648435 0.09225994 -0.07667520
v 0.03593544 0.09418727 -0.07386959
v 0.03648435 0.09225994 -0.07667520
v 0.03602889 0.08484987 -0.07226215
v 0.03593544 0.09418727 -0.07386959
v 0.03767338 0.07027812 -0.03586534
v 0.03983929 0.06455421 -0.03809734
v 0.03992451 0.06442530 -0.02739741
v 0.03992451 0.06442530 -0.02739741
v 0.03846786 0.06790525 -0.02654153
v 0.03767338 0.07027812 -0.03586534
v 0.03846786 0.06790525 -0.02654153
v 0.03772192 0.07015512 -0.02598819
v 0.03767338 0.07027812 -0.03586534
v 0.03767338 0.07027812 -0.03586534
v 0.03772192 0.07015512 -0.02598819
v 0.03641389 0.07609265 -0.03322819
v 0.03772192 0.07015512 -0.02598819
v 0.03677804 0.07396258 -0.02505175
v 0.03641389 0.07609265 -0.03322819
v 0.03641389 0.07609265 -0.03322819
v 0.03677804 0.07396258 -0.02505175
v 0.03642846 0.07599302 -0.02455237
v 0.03938970 0.06538390 -0.04797406
v 0.03741386 0.07106468 -0.04492628
v 0.03901031 0.06622709 -0.05245329
v 0.03741386 0.07106468 -0.04492628
v 0.03719195 0.07186014 -0.04900993
v 0.03901031 0.06622709 -0.05245329
v 0.03901031 0.06622709 -0.05245329
v 0.03719195 0.07186014 -0.04900993
v 0.03855530 0.06741757 -0.05659170
v 0.03719195 0.07186014 -0.04900993
v 0.03692244 0.07297917 -0.05276867
v 0.03855530 0.06741757 -0.05659170
v 0.03855530 0.06741757 -0.05659170
v 0.03692244 0.07297917 -0.05276867
v 0.03806127 0.06898524 -0.06038647
v 0.03692244 0.07297917 -0.05276867
v 0.03662505 0.07444752 -0.05620619
v 0.03806127 0.06898524 -0.06038647
v 0.03806127 0.06898524 -0.06038647
v 0.03662505 0.07444752 -0.05620619
v 0.03757280 0.07094711 -0.06384971
v 0.03662505 0.07444752 -0.05620619
v 0.03632447 0.07627872 -0.05934122
v 0.03757280 0.07094711 -0.06384971
v 0.03757280 0.07094711 -0.06384971
v 0.03632447 0.07627872 -0.05934122
v 0.03713837 0.07330739 -0.06700551
v 0.03632447 0.07627872 -0.05934122
v 0.03604828 0.07847437 -0.06220404
v 0.03713837 0.07330739 -0.06700551
v 0.03713837 0.07330739 -0.06700551
v 0.03604828 0.07847437 -0.06220404
v 0.03680629 0.07605769 -0.06988691
v 0.03604828 0.07847437 -0.06220404
v 0.03582481 0.08102453 -0.06483305
v 0.03680629 0.07605769 -0.06988691
v 0.03680629 0.07605769 -0.06988691
v 0.03582481 0.08102453 -0.06483305
v 0.03662067 0.07917711 -0.07253294
v 0.03582481 0.08102453 -0.06483305
v 0.03568109 0.08390809 -0.06727132
v 0.03662067 0.07917711 -0.07253294
v 0.03662067 0.07917711 -0.07253294
v 0.03568109 0.08390809 -0.06727132
v 0.03602889 0.08484987 -0.07226215
v 0.03568109 0.08390809 -0.06727132
v 0.03564079 0.08709306 -0.06956312
v 0.03602889 0.08484987 -0.07226215
v 0.03602889 0.08484987 -0.07226215
v 0.03564079 0.08709306 -0.06956312
v 0.03593544 0.09418727 -0.07386959
v 0.03564079 0.08709306 -0.06956312
v 0.03539503 0.09526899 -0.06679179
v 0.03593544 0.09418727 -0.07386959
v 0.03593544 0.09418727 -0.07386959
v 0.03539503 0.09526899 -0.06679179
v 0.03558265 0.09613156 -0.07106713
v 0.03539503 0.09526899 -0.06679179
v 0.03550289 0.10092070 -0.07007591
v 0.03558265 0.09613156 -0.07106713
v 0.03558265 0.09613156 -0.07106713
v 0.03550289 0.10092070 -0.07007591
v 0.03600588 0.10092070 -0.07447585
v 0.04686549 0.05426215 -0.02989699
v 0.04452069 0.05699126 -0.02922578
v 0.04286819 0.05921269 -0.04020296
v 0.04452069 0.05699126 -0.02922578
v 0.04299054 0.05908269 -0.02871140
v 0.04286819 0.05921269 -0.04020296
v 0.04286819 0.05921269 -0.04020296
v 0.04299054 0.05908269 -0.02871140
v 0.03983929 0.06455421 -0.03809734
v 0.04299054 0.05908269 -0.02871140
v 0.04107706 0.06218428 -0.02794858
v 0.03983929 0.06455421 -0.03809734
v 0.03983929 0.06455421 -0.03809734
v 0.04107706 0.06218428 -0.02794858
v 0.03992451 0.06442530 -0.02739741
v 0.04621543 0.05486732 -0.05040769
v 0.04222596 0.06005941 -0.05091400
v 0.04519488 0.05612024 -0.05919199
v 0.04222596 0.06005941 -0.05091400
v 0.04168714 0.06092781 -0.05581846
v 0.04519488 0.05612024 -0.05919199
v 0.04519488 0.05612024 -0.05919199
v 0.04168714 0.06092781 -0.05581846
v 0.04443850 0.05728366 -0.06387856
v 0.04168714 0.06092781 -0.05581846
v 0.04104446 0.06216201 -0.06037559
v 0.04443850 0.05728366 -0.06387856
v 0.04116508 0.06976609 -0.08284531
v 0.04141576 0.06676771 -0.08019789
v 0.03863671 0.07127268 -0.07503550
v 0.04141576 0.06676771 -0.08019789
v 0.04169051 0.06499314 -0.07831744
v 0.03863671 0.07127268 -0.07503550
v 0.03863671 0.07127268 -0.07503550
v 0.04169051 0.06499314 -0.07831744
v 0.03907893 0.06835087 -0.07188426
v 0.04169051 0.06499314 -0.07831744
v 0.04195634 0.06370991 -0.07676276
v 0.03907893 0.06835087 -0.07188426
v 0.03907893 0.06835087 -0.07188426
v 0.04195634 0.06370991 -0.07676276
v 0.03967331 0.06585769 -0.06840316
v 0.04195634 0.06370991 -0.07676276
v 0.04273123 0.06101042 -0.07273386
v 0.03967331 0.06585769 -0.06840316
v 0.03967331 0.06585769 -0.06840316
v 0.04273123 0.06101042 -0.07273386
v 0.04035164 0.06379778 -0.06457072
v 0.04273123 0.06101042 -0.07273386
v 0.04353916 0.05900274 -0.06868719
v 0.04035164 0.06379778 -0.06457072
v 0.04035164 0.06379778 -0.06457072
v 0.04353916 0.05900274 -0.06868719
v 0.04104446 0.06216201 -0.06037559
v 0.04353916 0.05900274 -0.06868719
v 0.04395735 0.05815017 -0.06651770
v 0.04104446 0.06216201 -0.06037559
v 0.04104446 0.06216201 -0.06037559
v 0.04395735 0.05815017 -0.06651770
v 0.04443850 0.05728366 -0.06387856
v 0.03632842 0.07675491 -0.04138486
v 0.03741386 0.07106468 -0.04492628
v 0.03767338 0.07027812 -0.03586534
v 0.03741386 0.07106468 -0.04492628
v 0.03938970 0.06538390 -0.04797406
v 0.03767338 0.07027812 -0.03586534
v 0.03767338 0.07027812 -0.03586534
v 0.03938970 0.06538390 -0.04797406
v 0.03983929 0.06455421 -0.03809734
v 0.03938970 0.06538390 -0.04797406
v 0.04262419 0.05950813 -0.04569273
v 0.03983929 0.06455421 -0.03809734
v 0.03983929 0.06455421 -0.03809734
v 0.04262419 0.05950813 -0.04569273
v 0.04286819 0.05921269 -0.04020296
v 0.03854788 0.09831987 -0.08344425
v 0.03897691 0.09775127 -0.08445966
v 0.03785048 0.09449933 -0.08158474
v 0.03897691 0.09775127 -0.08445966
v 0.04024283 0.09115127 -0.08706484
v 0.03785048 0.09449933 -0.08158474
v 0.03785048 0.09449933 -0.08158474
v 0.04024283 0.09115127 -0.08706484
v 0.03723534 0.09035696 -0.07947557
v 0.04024283 0.09115127 -0.08706484
v 0.03936994 0.08665667 -0.08501944
v 0.03723534 0.09035696 -0.07947557
v 0.03723534 0.09035696 -0.07947557
v 0.03936994 0.08665667 -0.08501944
v 0.03681987 0.08637820 -0.07728682
v 0.03936994 0.08665667 -0.08501944
v 0.03875893 0.08235146 -0.08283686
v 0.03681987 0.08637820 -0.07728682
v 0.03681987 0.08637820 -0.07728682
v 0.03875893 0.08235146 -0.08283686
v 0.03661736 0.08263243 -0.07498560
v 0.03875893 0.08235146 -0.08283686
v 0.03843895 0.07831325 -0.08047356
v 0.03661736 0.08263243 -0.07498560
v 0.03661736 0.08263243 -0.07498560
v 0.03843895 0.07831325 -0.08047356
v 0.03662067 0.07917711 -0.07253294
v 0.03843895 0.07831325 -0.08047356
v 0.03840755 0.07460447 -0.07788658
v 0.03662067 0.07917711 -0.07253294
v 0.03662067 0.07917711 -0.07253294
v 0.03840755 0.07460447 -0.07788658
v 0.03680629 0.07605769 -0.06988691
v 0.03840755 0.07460447 -0.07788658
v 0.03863671 0.07127268 -0.07503550
v 0.03680629 0.07605769 -0.06988691
v 0.03680629 0.07605769 -0.06988691
v 0.03863671 0.07127268 -0.07503550
v 0.03713837 0.07330739 -0.06700551
v 0.03863671 0.07127268 -0.07503550
v 0.03907893 0.06835087 -0.07188426
v 0.03713837 0.07330739 -0.06700551
v 0.03713837 0.07330739 -0.06700551
v 0.03907893 0.06835087 -0.07188426
v 0.03757280 0.07094711 -0.06384971
v 0.03907893 0.06835087 -0.07188426
v 0.03967331 0.06585769 -0.06840316
v 0.03757280 0.07094711 -0.06384971
v 0.03757280 0.07094711 -0.06384971
v 0.03967331 0.06585769 -0.06840316
v 0.03806127 0.06898524 -0.06038647
v 0.03967331 0.06585769 -0.06840316
v 0.04035164 0.06379778 -0.06457072
v 0.03806127 0.06898524 -0.06038647
v 0.03806127 0.06898524 -0.06038647
v 0.04035164 0.06379778 -0.06457072
v 0.03855530 0.06741757 -0.05659170
v 0.04035164 0.06379778 -0.06457072
v 0.04104446 0.06216201 -0.06037559
v 0.03855530 0.06741757 -0.05659170
v 0.03855530 0.06741757 -0.05659170
v 0.04104446 0.06216201 -0.06037559
v 0.03901031 0.06622709 -0.05245329
v 0.04104446 0.06216201 -0.06037559
v 0.04168714 0.06092781 -0.05581846
v 0.03901031 0.06622709 -0.05245329
v 0.03901031 0.06622709 -0.05245329
v 0.04168714 0.06092781 -0.05581846
v 0.03938970 0.06538390 -0.04797406
v 0.04168714 0.06092781 -0.05581846
v 0.04222596 0.06005941 -0.05091400
v 0.03938970 0.06538390 -0.04797406
v 0.03938970 0.06538390 -0.04797406
v 0.04222596 0.06005941 -0.05091400
v 0.04262419 0.05950813 -0.04569273
v 0.04222596 0.06005941 -0.05091400
v 0.04621543 0.05486732 -0.05040769
v 0.04262419 0.05950813 -0.04569273
v 0.04262419 0.05950813 -0.04569273
v 0.04621543 0.05486732 -0.05040769
v 0.04286819 0.05921269 -0.04020296
v 0.04621543 0.05486732 -0.05040769
v 0.04677564 0.05433219 -0.03998948
v 0.04286819 0.05921269 -0.04020296
v 0.04286819 0.05921269 -0.04020296
v 0.04677564 0.05433219 -0.03998948
v 0.04686549 0.05426215 -0.02989699
v 0.06271265 0.04547449 -0.07421678
v 0.06603419 0.04458223 -0.07513897
v 0.06676514 0.04356251 -0.06839868
v 0.06514782 0.04308656 -0.03264558
v 0.06225880 0.04406183 -0.03240572
v 0.06208685 0.04414564 -0.04631621
v 0.05834377 0.04576924 -0.03198578
v 0.05661005 0.04668367 -0.03176088
v 0.05642639 0.04678363 -0.04518685
v 0.05661005 0.04668367 -0.03176088
v 0.05220294 0.04952488 -0.03106210
v 0.05642639 0.04678363 -0.04518685
v 0.04858269 0.07805757 -0.09769316
v 0.05115577 0.07668687 -0.09993233
v 0.05030437 0.07155395 -0.09819235
v 0.04772486 0.07305326 -0.09584234
v 0.05030437 0.07155395 -0.09819235
v 0.04985430 0.06683141 -0.09594397
v 0.04459478 0.05882309 -0.07493026
v 0.04273123 0.06101042 -0.07273386
v 0.04195634 0.06370991 -0.07676276
v 0.06446641 0.04802886 -0.08734918
v 0.06094804 0.04898432 -0.08610161
v 0.06377658 0.05058728 -0.09256726
v 0.06094804 0.04898432 -0.08610161
v 0.06017869 0.05156200 -0.09118664
v 0.06377658 0.05058728 -0.09256726
v 0.06377658 0.05058728 -0.09256726
v 0.06017869 0.05156200 -0.09118664
v 0.06348783 0.05209639 -0.09490633
v 0.06017869 0.05156200 -0.09118664
v 0.05959737 0.05474275 -0.09557363
v 0.06348783 0.05209639 -0.09490633
v 0.06348783 0.05209639 -0.09490633
v 0.05959737 0.05474275 -0.09557363
v 0.06324781 0.05376320 -0.09705146
v 0.06324781 0.05376320 -0.09705146
v 0.05959737 0.05474275 -0.09557363
v 0.06306423 0.05558950 -0.09899426
v 0.05959737 0.05474275 -0.09557363
v 0.05940064 0.05656482 -0.09748440
v 0.06306423 0.05558950 -0.09899426
v 0.06306423 0.05558950 -0.09899426
v 0.05940064 0.05656482 -0.09748440
v 0.06294341 0.05757480 -0.10072976
v 0.05940064 0.05656482 -0.09748440
v 0.05927670 0.05854094 -0.09920020
v 0.06294341 0.05757480 -0.10072976
v 0.06294341 0.05757480 -0.10072976
v 0.05927670 0.05854094 -0.09920020
v 0.06289081 0.05971732 -0.10225486
v 0.05927670 0.05854094 -0.09920020
v 0.05923184 0.06066902 -0.10071864
v 0.06289081 0.05971732 -0.10225486
v 0.06289081 0.05971732 -0.10225486
v 0.05923184 0.06066902 -0.10071864
v 0.06290988 0.06201260 -0.10357076
v 0.06316973 0.06703463 -0.10559431
v 0.06300285 0.06445462 -0.10468119
v 0.05927003 0.06294446 -0.10204125
v 0.06255746 0.08514891 -0.10696550
v 0.06542657 0.08459806 -0.10794923
v 0.06120751 0.07917786 -0.10635454
v 0.06542657 0.08459806 -0.10794923
v 0.06449739 0.07847220 -0.10758800
v 0.06120751 0.07917786 -0.10635454
v 0.06120751 0.07917786 -0.10635454
v 0.06449739 0.07847220 -0.10758800
v 0.06026682 0.07336075 -0.10550843
v 0.06449739 0.07847220 -0.10758800
v 0.06371447 0.07256162 -0.10688204
v 0.06026682 0.07336075 -0.10550843
v 0.06026682 0.07336075 -0.10550843
v 0.06371447 0.07256162 -0.10688204
v 0.05960326 0.06791043 -0.10411821
v 0.06094804 0.04898432 -0.08610161
v 0.05762900 0.05015894 -0.08462196
v 0.06017869 0.05156200 -0.09118664
v 0.05762900 0.05015894 -0.08462196
v 0.05680163 0.05275316 -0.08955347
v 0.06017869 0.05156200 -0.09118664
v 0.06017869 0.05156200 -0.09118664
v 0.05680163 0.05275316 -0.08955347
v 0.05959737 0.05474275 -0.09557363
v 0.05680163 0.05275316 -0.08955347
v 0.05618233 0.05593375 -0.09382769
v 0.05959737 0.05474275 -0.09557363
v 0.05959737 0.05474275 -0.09557363
v 0.05618233 0.05593375 -0.09382769
v 0.05940064 0.05656482 -0.09748440
v 0.05618233 0.05593375 -0.09382769
v 0.05597636 0.05774812 -0.09570093
v 0.05940064 0.05656482 -0.09748440
v 0.05940064 0.05656482 -0.09748440
v 0.05597636 0.05774812 -0.09570093
v 0.05927670 0.05854094 -0.09920020
v 0.05597636 0.05774812 -0.09570093
v 0.05585070 0.05971089 -0.09739315
v 0.05927670 0.05854094 -0.09920020
v 0.05927670 0.05854094 -0.09920020
v 0.05585070 0.05971089 -0.09739315
v 0.05923184 0.06066902 -0.10071864
v 0.05585070 0.05971089 -0.09739315
v 0.05927003 0.06294446 -0.10204125
v 0.05923184 0.06066902 -0.10071864
v 0.05923184 0.06066902 -0.10071864
v 0.05927003 0.06294446 -0.10204125
v 0.06290988 0.06201260 -0.10357076
v 0.05927003 0.06294446 -0.10204125
v 0.06300285 0.06445462 -0.10468119
v 0.06290988 0.06201260 -0.10357076
v 0.05570923 0.08703250 -0.10360162
v 0.05978562 0.08580846 -0.10578772
v 0.05511549 0.08101662 -0.10317021
v 0.05978562 0.08580846 -0.10578772
v 0.05807309 0.08002981 -0.10487407
v 0.05511549 0.08101662 -0.10317021
v 0.05511549 0.08101662 -0.10317021
v 0.05807309 0.08002981 -0.10487407
v 0.05396828 0.07543759 -0.10200160
v 0.05807309 0.08002981 -0.10487407
v 0.05701020 0.07432411 -0.10387097
v 0.05396828 0.07543759 -0.10200160
v 0.05396828 0.07543759 -0.10200160
v 0.05701020 0.07432411 -0.10387097
v 0.05315080 0.07018622 -0.10037878
v 0.05701020 0.07432411 -0.10387097
v 0.05625517 0.06896631 -0.10236684
v 0.05315080 0.07018622 -0.10037878
v 0.05315080 0.07018622 -0.10037878
v 0.05625517 0.06896631 -0.10236684
v 0.05272220 0.06537110 -0.09818521
v 0.05625517 0.06896631 -0.10236684
v 0.05586538 0.06406970 -0.10023177
v 0.05272220 0.06537110 -0.09818521
v 0.05272220 0.06537110 -0.09818521
v 0.05586538 0.06406970 -0.10023177
v 0.05269191 0.06106724 -0.09535319
v 0.05978562 0.08580846 -0.10578772
v 0.06255746 0.08514891 -0.10696550
v 0.05807309 0.08002981 -0.10487407
v 0.06255746 0.08514891 -0.10696550
v 0.06120751 0.07917786 -0.10635454
v 0.05807309 0.08002981 -0.10487407
v 0.05807309 0.08002981 -0.10487407
v 0.06120751 0.07917786 -0.10635454
v 0.05701020 0.07432411 -0.10387097
v 0.06120751 0.07917786 -0.10635454
v 0.06026682 0.07336075 -0.10550843
v 0.05701020 0.07432411 -0.10387097
v 0.05701020 0.07432411 -0.10387097
v 0.06026682 0.07336075 -0.10550843
v 0.05625517 0.06896631 -0.10236684
v 0.06026682 0.07336075 -0.10550843
v 0.05960326 0.06791043 -0.10411821
v 0.05625517 0.06896631 -0.10236684
v 0.05625517 0.06896631 -0.10236684
v 0.05960326 0.06791043 -0.10411821
v 0.05586538 0.06406970 -0.10023177
v 0.04766785 0.05466382 -0.07240806
v 0.04459478 0.05882309 -0.07493026
v 0.04670558 0.05676734 -0.07707245
v 0.04459478 0.05882309 -0.07493026
v 0.04379813 0.06140213 -0.07894894
v 0.04670558 0.05676734 -0.07707245
v 0.04670558 0.05676734 -0.07707245
v 0.04379813 0.06140213 -0.07894894
v 0.04586538 0.05936678 -0.08127955
v 0.04379813 0.06140213 -0.07894894
v 0.04320712 0.06446679 -0.08253176
v 0.04586538 0.05936678 -0.08127955
v 0.04586538 0.05936678 -0.08127955
v 0.04320712 0.06446679 -0.08253176
v 0.04524313 0.06247287 -0.08500858
v 0.04320712 0.06446679 -0.08253176
v 0.04492296 0.06607905 -0.08825418
v 0.04524313 0.06247287 -0.08500858
v 0.04459478 0.05882309 -0.07493026
v 0.04195634 0.06370991 -0.07676276
v 0.04379813 0.06140213 -0.07894894
v 0.04195634 0.06370991 -0.07676276
v 0.04169051 0.06499314 -0.07831744
v 0.04379813 0.06140213 -0.07894894
v 0.04379813 0.06140213 -0.07894894
v 0.04169051 0.06499314 -0.07831744
v 0.04320712 0.06446679 -0.08253176
v 0.05234976 0.08212652 -0.10126713
v 0.05115577 0.07668687 -0.09993233
v 0.04978725 0.08334757 -0.09918845
v 0.05115577 0.07668687 -0.09993233
v 0.04858269 0.07805757 -0.09769316
v 0.04978725 0.08334757 -0.09918845
v 0.04978725 0.08334757 -0.09918845
v 0.04858269 0.07805757 -0.09769316
v 0.04743516 0.08466782 -0.09695777
v 0.04336573 0.07638417 -0.09078588
v 0.04294366 0.07199502 -0.08842356
v 0.04128140 0.07534893 -0.08660647
v 0.04807630 0.09036116 -0.09765718
v 0.04885152 0.08994551 -0.09839947
v 0.04743516 0.08466782 -0.09695777
v 0.04885152 0.08994551 -0.09839947
v 0.04961532 0.08955594 -0.09909519
v 0.04743516 0.08466782 -0.09695777
v 0.04743516 0.08466782 -0.09695777
v 0.04961532 0.08955594 -0.09909519
v 0.04978725 0.08334757 -0.09918845
v 0.04961532 0.08955594 -0.09909519
v 0.05335512 0.08789662 -0.10205840
v 0.04978725 0.08334757 -0.09918845
v 0.04978725 0.08334757 -0.09918845
v 0.05335512 0.08789662 -0.10205840
v 0.05234976 0.08212652 -0.10126713
v 0.04116508 0.06976609 -0.08284531
v 0.04118873 0.07392456 -0.08575627
v 0.04294366 0.07199502 -0.08842356
v 0.04118873 0.07392456 -0.08575627
v 0.04120466 0.07421961 -0.08593763
v 0.04294366 0.07199502 -0.08842356
v 0.04294366 0.07199502 -0.08842356
v 0.04120466 0.07421961 -0.08593763
v 0.04128140 0.07534893 -0.08660647
v 0.04169051 0.06499314 -0.07831744
v 0.04141576 0.06676771 -0.08019789
v 0.04320712 0.06446679 -0.08253176
v 0.04141576 0.06676771 -0.08019789
v 0.04116508 0.06976609 -0.08284531
v 0.04320712 0.06446679 -0.08253176
v 0.04320712 0.06446679 -0.08253176
v 0.04116508 0.06976609 -0.08284531
v 0.04492296 0.06607905 -0.08825418
v 0.04116508 0.06976609 -0.08284531
v 0.04294366 0.07199502 -0.08842356
v 0.04492296 0.06607905 -0.08825418
v 0.04492296 0.06607905 -0.08825418
v 0.04294366 0.07199502 -0.08842356
v 0.04496836 0.07015967 -0.09102858
v 0.04294366 0.07199502 -0.08842356
v 0.04336573 0.07638417 -0.09078588
v 0.04496836 0.07015967 -0.09102858
v 0.04496836 0.07015967 -0.09102858
v 0.04336573 0.07638417 -0.09078588
v 0.04541321 0.07466820 -0.09336387
v 0.04336573 0.07638417 -0.09078588
v 0.04416573 0.08110741 -0.09282096
v 0.04541321 0.07466820 -0.09336387
v 0.04541321 0.07466820 -0.09336387
v 0.04416573 0.08110741 -0.09282096
v 0.04625287 0.07953545 -0.09531415
v 0.04416573 0.08110741 -0.09282096
v 0.04529691 0.08607607 -0.09459630
v 0.04625287 0.07953545 -0.09531415
v 0.04772486 0.07305326 -0.09584234
v 0.04985430 0.06683141 -0.09594397
v 0.04727003 0.06843326 -0.09354565
v 0.04985430 0.06683141 -0.09594397
v 0.04981391 0.06259245 -0.09312429
v 0.04727003 0.06843326 -0.09354565
v 0.04727003 0.06843326 -0.09354565
v 0.04981391 0.06259245 -0.09312429
v 0.04722486 0.06426884 -0.09074481
v 0.04981391 0.06259245 -0.09312429
v 0.05015050 0.05888258 -0.08970575
v 0.04722486 0.06426884 -0.09074481
v 0.04722486 0.06426884 -0.09074481
v 0.05015050 0.05888258 -0.08970575
v 0.04755574 0.06060610 -0.08741000
v 0.05015050 0.05888258 -0.08970575
v 0.05079984 0.05572238 -0.08569114
v 0.04755574 0.06060610 -0.08741000
v 0.04755574 0.06060610 -0.08741000
v 0.05079984 0.05572238 -0.08569114
v 0.04819805 0.05746830 -0.08353630
v 0.05079984 0.05572238 -0.08569114
v 0.05167553 0.05311035 -0.08110854
v 0.04819805 0.05746830 -0.08353630
v 0.04819805 0.05746830 -0.08353630
v 0.05167553 0.05311035 -0.08110854
v 0.04906549 0.05485811 -0.07914019
v 0.05167553 0.05311035 -0.08110854
v 0.05267841 0.05102568 -0.07600636
v 0.04906549 0.05485811 -0.07914019
v 0.04906549 0.05485811 -0.07914019
v 0.05267841 0.05102568 -0.07600636
v 0.05005935 0.05275992 -0.07425590
v 0.04865352 0.05302991 -0.06732038
v 0.05370605 0.04943102 -0.07044832
v 0.04957008 0.05182558 -0.06185443
v 0.05370605 0.04943102 -0.07044832
v 0.05466207 0.04827529 -0.06450841
v 0.04957008 0.05182558 -0.06185443
v 0.04957008 0.05182558 -0.06185443
v 0.05466207 0.04827529 -0.06450841
v 0.05034015 0.05099880 -0.05606401
v 0.05466207 0.04827529 -0.06450841
v 0.05546567 0.04749648 -0.05826593
v 0.05034015 0.05099880 -0.05606401
v 0.05546567 0.04749648 -0.05826593
v 0.05606095 0.04702444 -0.05180047
v 0.05091031 0.05048732 -0.05000956
v 0.05606095 0.04702444 -0.05180047
v 0.05126019 0.05022049 -0.04375590
v 0.05091031 0.05048732 -0.05000956
v 0.05126019 0.05022049 -0.04375590
v 0.04677564 0.05433219 -0.03998948
v 0.05091031 0.05048732 -0.05000956
v 0.05091031 0.05048732 -0.05000956
v 0.04677564 0.05433219 -0.03998948
v 0.04621543 0.05486732 -0.05040769
v 0.05606095 0.04702444 -0.05180047
v 0.05642639 0.04678363 -0.04518685
v 0.05126019 0.05022049 -0.04375590
v 0.05642639 0.04678363 -0.04518685
v 0.05220294 0.04952488 -0.03106210
v 0.05126019 0.05022049 -0.04375590
v 0.05126019 0.05022049 -0.04375590
v 0.05220294 0.04952488 -0.03106210
v 0.04677564 0.05433219 -0.03998948
v 0.05220294 0.04952488 -0.03106210
v 0.04871106 0.05242671 -0.03034841
v 0.04677564 0.05433219 -0.03998948
v 0.04677564 0.05433219 -0.03998948
v 0.04871106 0.05242671 -0.03034841
v 0.04686549 0.05426215 -0.02989699
v 0.05546567 0.04749648 -0.05826593
v 0.05091031 0.05048732 -0.05000956
v 0.05034015 0.05099880 -0.05606401
v 0.05091031 0.05048732 -0.05000956
v 0.04621543 0.05486732 -0.05040769
v 0.05034015 0.05099880 -0.05606401
v 0.05034015 0.05099880 -0.05606401
v 0.04621543 0.05486732 -0.05040769
v 0.04957008 0.05182558 -0.06185443
v 0.04621543 0.05486732 -0.05040769
v 0.04519488 0.05612024 -0.05919199
v 0.04957008 0.05182558 -0.06185443
v 0.04957008 0.05182558 -0.06185443
v 0.04519488 0.05612024 -0.05919199
v 0.04865352 0.05302991 -0.06732038
v 0.04625287 0.07953545 -0.09531415
v 0.04772486 0.07305326 -0.09584234
v 0.04541321 0.07466820 -0.09336387
v 0.04772486 0.07305326 -0.09584234
v 0.04727003 0.06843326 -0.09354565
v 0.04541321 0.07466820 -0.09336387
v 0.04541321 0.07466820 -0.09336387
v 0.04727003 0.06843326 -0.09354565
v 0.04496836 0.07015967 -0.09102858
v 0.04727003 0.06843326 -0.09354565
v 0.04722486 0.06426884 -0.09074481
v 0.04496836 0.07015967 -0.09102858
v 0.04496836 0.07015967 -0.09102858
v 0.04722486 0.06426884 -0.09074481
v 0.04492296 0.06607905 -0.08825418
v 0.04722486 0.06426884 -0.09074481
v 0.04755574 0.06060610 -0.08741000
v 0.04492296 0.06607905 -0.08825418
v 0.04492296 0.06607905 -0.08825418
v 0.04755574 0.06060610 -0.08741000
v 0.04524313 0.06247287 -0.08500858
v 0.04755574 0.06060610 -0.08741000
v 0.04819805 0.05746830 -0.08353630
v 0.04524313 0.06247287 -0.08500858
v 0.04524313 0.06247287 -0.08500858
v 0.04819805 0.05746830 -0.08353630
v 0.04586538 0.05936678 -0.08127955
v 0.04819805 0.05746830 -0.08353630
v 0.04906549 0.05485811 -0.07914019
v 0.04586538 0.05936678 -0.08127955
v 0.04586538 0.05936678 -0.08127955
v 0.04906549 0.05485811 -0.07914019
v 0.04670558 0.05676734 -0.07707245
v 0.04906549 0.05485811 -0.07914019
v 0.05005935 0.05275992 -0.07425590
v 0.04670558 0.05676734 -0.07707245
v 0.04670558 0.05676734 -0.07707245
v 0.05005935 0.05275992 -0.07425590
v 0.04766785 0.05466382 -0.07240806
v 0.06514782 0.04308656 -0.03264558
v 0.06208685 0.04414564 -0.04631621
v 0.06824598 0.04228330 -0.03284312
v 0.05953751 0.04658646 -0.07311226
v 0.06271265 0.04547449 -0.07421678
v 0.06043405 0.04549703 -0.06673243
v 0.06271265 0.04547449 -0.07421678
v 0.06676514 0.04356251 -0.06839868
v 0.06043405 0.04549703 -0.06673243
v 0.06043405 0.04549703 -0.06673243
v 0.06676514 0.04356251 -0.06839868
v 0.06118708 0.04477933 -0.06007611
v 0.06676514 0.04356251 -0.06839868
v 0.06737732 0.04290693 -0.06140694
v 0.06118708 0.04477933 -0.06007611
v 0.06118708 0.04477933 -0.06007611
v 0.06737732 0.04290693 -0.06140694
v 0.06208685 0.04414564 -0.04631621
v 0.06737732 0.04290693 -0.06140694
v 0.06810685 0.04235151 -0.04711125
v 0.06208685 0.04414564 -0.04631621
v 0.06208685 0.04414564 -0.04631621
v 0.06810685 0.04235151 -0.04711125
v 0.06824598 0.04228330 -0.03284312
v 0.05551999 0.04947453 -0.07763284
v 0.05953751 0.04658646 -0.07311226
v 0.05370605 0.04943102 -0.07044832
v 0.06371447 0.07256162 -0.10688204
v 0.06316973 0.06703463 -0.10559431
v 0.05960326 0.06791043 -0.10411821
v 0.06316973 0.06703463 -0.10559431
v 0.05927003 0.06294446 -0.10204125
v 0.05960326 0.06791043 -0.10411821
v 0.05960326 0.06791043 -0.10411821
v 0.05927003 0.06294446 -0.10204125
v 0.05586538 0.06406970 -0.10023177
v 0.05927003 0.06294446 -0.10204125
v 0.05585070 0.05971089 -0.09739315
v 0.05586538 0.06406970 -0.10023177
v 0.05586538 0.06406970 -0.10023177
v 0.05585070 0.05971089 -0.09739315
v 0.05269191 0.06106724 -0.09535319
v 0.05585070 0.05971089 -0.09739315
v 0.05597636 0.05774812 -0.09570093
v 0.05269191 0.06106724 -0.09535319
v 0.05269191 0.06106724 -0.09535319
v 0.05597636 0.05774812 -0.09570093
v 0.05302885 0.05731935 -0.09185738
v 0.05597636 0.05774812 -0.09570093
v 0.05618233 0.05593375 -0.09382769
v 0.05302885 0.05731935 -0.09185738
v 0.05302885 0.05731935 -0.09185738
v 0.05618233 0.05593375 -0.09382769
v 0.05367076 0.05414522 -0.08770830
v 0.05618233 0.05593375 -0.09382769
v 0.05680163 0.05275316 -0.08955347
v 0.05367076 0.05414522 -0.08770830
v 0.05367076 0.05414522 -0.08770830
v 0.05680163 0.05275316 -0.08955347
v 0.05453343 0.05153900 -0.08294585
v 0.05680163 0.05275316 -0.08955347
v 0.05762900 0.05015894 -0.08462196
v 0.05453343 0.05153900 -0.08294585
v 0.05453343 0.05153900 -0.08294585
v 0.05762900 0.05015894 -0.08462196
v 0.05857265 0.04811964 -0.07911008
v 0.05762900 0.05015894 -0.08462196
v 0.06094804 0.04898432 -0.08610161
v 0.05857265 0.04811964 -0.07911008
v 0.05857265 0.04811964 -0.07911008
v 0.06094804 0.04898432 -0.08610161
v 0.06182164 0.04697322 -0.08040875
v 0.06094804 0.04898432 -0.08610161
v 0.06446641 0.04802886 -0.08734918
v 0.06182164 0.04697322 -0.08040875
v 0.06182164 0.04697322 -0.08040875
v 0.06446641 0.04802886 -0.08734918
v 0.06524419 0.04604689 -0.08149925
v 0.05370605 0.04943102 -0.07044832
v 0.05953751 0.04658646 -0.07311226
v 0.05466207 0.04827529 -0.06450841
v 0.05953751 0.04658646 -0.07311226
v 0.06043405 0.04549703 -0.06673243
v 0.05466207 0.04827529 -0.06450841
v 0.05466207 0.04827529 -0.06450841
v 0.06043405 0.04549703 -0.06673243
v 0.05546567 0.04749648 -0.05826593
v 0.06043405 0.04549703 -0.06673243
v 0.06118708 0.04477933 -0.06007611
v 0.05546567 0.04749648 -0.05826593
v 0.05546567 0.04749648 -0.05826593
v 0.06118708 0.04477933 -0.06007611
v 0.05606095 0.04702444 -0.05180047
v 0.06118708 0.04477933 -0.06007611
v 0.06208685 0.04414564 -0.04631621
v 0.05606095 0.04702444 -0.05180047
v 0.05606095 0.04702444 -0.05180047
v 0.06208685 0.04414564 -0.04631621
v 0.05642639 0.04678363 -0.04518685
v 0.06208685 0.04414564 -0.04631621
v 0.06225880 0.04406183 -0.03240572
v 0.05642639 0.04678363 -0.04518685
v 0.05642639 0.04678363 -0.04518685
v 0.06225880 0.04406183 -0.03240572
v 0.05834377 0.04576924 -0.03198578
v 0.04128140 0.07534893 -0.08660647
v 0.04162233 0.07853396 -0.08830632
v 0.04336573 0.07638417 -0.09078588
v 0.04162233 0.07853396 -0.08830632
v 0.04214310 0.08182337 -0.08983412
v 0.04336573 0.07638417 -0.09078588
v 0.04336573 0.07638417 -0.09078588
v 0.04214310 0.08182337 -0.08983412
v 0.04416573 0.08110741 -0.09282096
v 0.04214310 0.08182337 -0.08983412
v 0.04239628 0.08315691 -0.09040228
v 0.04416573 0.08110741 -0.09282096
v 0.04416573 0.08110741 -0.09282096
v 0.04239628 0.08315691 -0.09040228
v 0.04529691 0.08607607 -0.09459630
v 0.04239628 0.08315691 -0.09040228
v 0.04348182 0.08800142 -0.09228533
v 0.04529691 0.08607607 -0.09459630
v 0.04529691 0.08607607 -0.09459630
v 0.04348182 0.08800142 -0.09228533
v 0.04424023 0.09094996 -0.09333473
v 0.05030437 0.07155395 -0.09819235
v 0.04772486 0.07305326 -0.09584234
v 0.04858269 0.07805757 -0.09769316
v 0.04772486 0.07305326 -0.09584234
v 0.04625287 0.07953545 -0.09531415
v 0.04858269 0.07805757 -0.09769316
v 0.04858269 0.07805757 -0.09769316
v 0.04625287 0.07953545 -0.09531415
v 0.04743516 0.08466782 -0.09695777
v 0.04625287 0.07953545 -0.09531415
v 0.04529691 0.08607607 -0.09459630
v 0.04743516 0.08466782 -0.09695777
v 0.04743516 0.08466782 -0.09695777
v 0.04529691 0.08607607 -0.09459630
v 0.04807630 0.09036116 -0.09765718
v 0.04529691 0.08607607 -0.09459630
v 0.04424023 0.09094996 -0.09333473
v 0.04807630 0.09036116 -0.09765718
v 0.04807630 0.09036116 -0.09765718
v 0.04424023 0.09094996 -0.09333473
v 0.04465451 0.09248516 -0.09386401
v 0.04519488 0.05612024 -0.05919199
v 0.04443850 0.05728366 -0.06387856
v 0.04865352 0.05302991 -0.06732038
v 0.04443850 0.05728366 -0.06387856
v 0.04395735 0.05815017 -0.06651770
v 0.04865352 0.05302991 -0.06732038
v 0.04865352 0.05302991 -0.06732038
v 0.04395735 0.05815017 -0.06651770
v 0.04550613 0.05672337 -0.07048409
v 0.04395735 0.05815017 -0.06651770
v 0.04353916 0.05900274 -0.06868719
v 0.04550613 0.05672337 -0.07048409
v 0.05167553 0.05311035 -0.08110854
v 0.05551999 0.04947453 -0.07763284
v 0.05267841 0.05102568 -0.07600636
v 0.05551999 0.04947453 -0.07763284
v 0.05370605 0.04943102 -0.07044832
v 0.05267841 0.05102568 -0.07600636
v 0.05267841 0.05102568 -0.07600636
v 0.05370605 0.04943102 -0.07044832
v 0.05005935 0.05275992 -0.07425590
v 0.05370605 0.04943102 -0.07044832
v 0.04865352 0.05302991 -0.06732038
v 0.05005935 0.05275992 -0.07425590
v 0.05005935 0.05275992 -0.07425590
v 0.04865352 0.05302991 -0.06732038
v 0.04766785 0.05466382 -0.07240806
v 0.04865352 0.05302991 -0.06732038
v 0.04550613 0.05672337 -0.07048409
v 0.04766785 0.05466382 -0.07240806
v 0.04766785 0.05466382 -0.07240806
v 0.04550613 0.05672337 -0.07048409
v 0.04459478 0.05882309 -0.07493026
v 0.04550613 0.05672337 -0.07048409
v 0.04353916 0.05900274 -0.06868719
v 0.04459478 0.05882309 -0.07493026
v 0.04459478 0.05882309 -0.07493026
v 0.04353916 0.05900274 -0.06868719
v 0.04273123 0.06101042 -0.07273386
v 0.05335512 0.08789662 -0.10205840
v 0.05570923 0.08703250 -0.10360162
v 0.05234976 0.08212652 -0.10126713
v 0.05570923 0.08703250 -0.10360162
v 0.05511549 0.08101662 -0.10317021
v 0.05234976 0.08212652 -0.10126713
v 0.05234976 0.08212652 -0.10126713
v 0.05511549 0.08101662 -0.10317021
v 0.05115577 0.07668687 -0.09993233
v 0.05511549 0.08101662 -0.10317021
v 0.05396828 0.07543759 -0.10200160
v 0.05115577 0.07668687 -0.09993233
v 0.05115577 0.07668687 -0.09993233
v 0.05396828 0.07543759 -0.10200160
v 0.05030437 0.07155395 -0.09819235
v 0.05396828 0.07543759 -0.10200160
v 0.05315080 0.07018622 -0.10037878
v 0.05030437 0.07155395 -0.09819235
v 0.05030437 0.07155395 -0.09819235
v 0.05315080 0.07018622 -0.10037878
v 0.04985430 0.06683141 -0.09594397
v 0.05315080 0.07018622 -0.10037878
v 0.05272220 0.06537110 -0.09818521
v 0.04985430 0.06683141 -0.09594397
v 0.04985430 0.06683141 -0.09594397
v 0.05272220 0.06537110 -0.09818521
v 0.04981391 0.06259245 -0.09312429
v 0.05272220 0.06537110 -0.09818521
v 0.05269191 0.06106724 -0.09535319
v 0.04981391 0.06259245 -0.09312429
v 0.04981391 0.06259245 -0.09312429
v 0.05269191 0.06106724 -0.09535319
v 0.05015050 0.05888258 -0.08970575
v 0.05269191 0.06106724 -0.09535319
v 0.05302885 0.05731935 -0.09185738
v 0.05015050 0.05888258 -0.08970575
v 0.05015050 0.05888258 -0.08970575
v 0.05302885 0.05731935 -0.09185738
v 0.05079984 0.05572238 -0.08569114
v 0.05302885 0.05731935 -0.09185738
v 0.05367076 0.05414522 -0.08770830
v 0.05079984 0.05572238 -0.08569114
v 0.05079984 0.05572238 -0.08569114
v 0.05367076 0.05414522 -0.08770830
v 0.05167553 0.05311035 -0.08110854
v 0.05367076 0.05414522 -0.08770830
v 0.05453343 0.05153900 -0.08294585
v 0.05167553 0.05311035 -0.08110854
v 0.05167553 0.05311035 -0.08110854
v 0.05453343 0.05153900 -0.08294585
v 0.05551999 0.04947453 -0.07763284
v 0.05453343 0.05153900 -0.08294585
v 0.05857265 0.04811964 -0.07911008
v 0.05551999 0.04947453 -0.07763284
v 0.05551999 0.04947453 -0.07763284
v 0.05857265 0.04811964 -0.07911008
v 0.05953751 0.04658646 -0.07311226
v 0.05857265 0.04811964 -0.07911008
v 0.06182164 0.04697322 -0.08040875
v 0.05953751 0.04658646 -0.07311226
v 0.05953751 0.04658646 -0.07311226
v 0.06182164 0.04697322 -0.08040875
v 0.06271265 0.04547449 -0.07421678
v 0.06182164 0.04697322 -0.08040875
v 0.06524419 0.04604689 -0.08149925
v 0.06271265 0.04547449 -0.07421678
v 0.06271265 0.04547449 -0.07421678
v 0.06524419 0.04604689 -0.08149925
v 0.06603419 0.04458223 -0.07513897
v 0.07073631 0.04180842 -0.03295993
v 0.06824598 0.04228330 -0.03284312
v 0.06810685 0.04235151 -0.04711125
v 0.07235879 0.04157736 -0.03301676
v 0.07073631 0.04180842 -0.03295993
v 0.07225204 0.04163692 -0.04744266
v 0.07073631 0.04180842 -0.03295993
v 0.06810685 0.04235151 -0.04711125
v 0.07225204 0.04163692 -0.04744266
v 0.07225204 0.04163692 -0.04744266
v 0.06810685 0.04235151 -0.04711125
v 0.07169037 0.04214840 -0.06198730
v 0.06810685 0.04235151 -0.04711125
v 0.06737732 0.04290693 -0.06140694
v 0.07169037 0.04214840 -0.06198730
v 0.07169037 0.04214840 -0.06198730
v 0.06737732 0.04290693 -0.06140694
v 0.07121697 0.04276846 -0.06913840
v 0.06737732 0.04290693 -0.06140694
v 0.06676514 0.04356251 -0.06839868
v 0.07121697 0.04276846 -0.06913840
v 0.07121697 0.04276846 -0.06913840
v 0.06676514 0.04356251 -0.06839868
v 0.07064909 0.04374745 -0.07605142
v 0.06676514 0.04356251 -0.06839868
v 0.06603419 0.04458223 -0.07513897
v 0.07064909 0.04374745 -0.07605142
v 0.07064909 0.04374745 -0.07605142
v 0.06603419 0.04458223 -0.07513897
v 0.07003127 0.04517069 -0.08258624
v 0.06603419 0.04458223 -0.07513897
v 0.06524419 0.04604689 -0.08149925
v 0.07003127 0.04517069 -0.08258624
v 0.07003127 0.04517069 -0.08258624
v 0.06524419 0.04604689 -0.08149925
v 0.06941693 0.04711572 -0.08859934
v 0.06524419 0.04604689 -0.08149925
v 0.06446641 0.04802886 -0.08734918
v 0.06941693 0.04711572 -0.08859934
v 0.06941693 0.04711572 -0.08859934
v 0.06446641 0.04802886 -0.08734918
v 0.06886295 0.04964705 -0.09395564
v 0.06446641 0.04802886 -0.08734918
v 0.06377658 0.05058728 -0.09256726
v 0.06886295 0.04964705 -0.09395564
v 0.06886295 0.04964705 -0.09395564
v 0.06377658 0.05058728 -0.09256726
v 0.06862605 0.05114793 -0.09635045
v 0.06377658 0.05058728 -0.09256726
v 0.06348783 0.05209639 -0.09490633
v 0.06862605 0.05114793 -0.09635045
v 0.06862605 0.05114793 -0.09635045
v 0.06348783 0.05209639 -0.09490633
v 0.06842440 0.05281081 -0.09854053
v 0.06348783 0.05209639 -0.09490633
v 0.06324781 0.05376320 -0.09705146
v 0.06842440 0.05281081 -0.09854053
v 0.06842440 0.05281081 -0.09854053
v 0.06324781 0.05376320 -0.09705146
v 0.06826382 0.05463803 -0.10051625
v 0.06324781 0.05376320 -0.09705146
v 0.06306423 0.05558950 -0.09899426
v 0.06826382 0.05463803 -0.10051625
v 0.06826382 0.05463803 -0.10051625
v 0.06306423 0.05558950 -0.09899426
v 0.06814910 0.05662947 -0.10227171
v 0.06306423 0.05558950 -0.09899426
v 0.06294341 0.05757480 -0.10072976
v 0.06814910 0.05662947 -0.10227171
v 0.06814910 0.05662947 -0.10227171
v 0.06294341 0.05757480 -0.10072976
v 0.06808437 0.05878371 -0.10380306
v 0.06294341 0.05757480 -0.10072976
v 0.06289081 0.05971732 -0.10225486
v 0.06808437 0.05878371 -0.10380306
v 0.06808437 0.05878371 -0.10380306
v 0.06289081 0.05971732 -0.10225486
v 0.06807227 0.06109647 -0.10511116
v 0.06289081 0.05971732 -0.10225486
v 0.06290988 0.06201260 -0.10357076
v 0.06807227 0.06109647 -0.10511116
v 0.06807227 0.06109647 -0.10511116
v 0.06290988 0.06201260 -0.10357076
v 0.06811455 0.06356182 -0.10619964
v 0.06290988 0.06201260 -0.10357076
v 0.06300285 0.06445462 -0.10468119
v 0.06811455 0.06356182 -0.10619964
v 0.06811455 0.06356182 -0.10619964
v 0.06300285 0.06445462 -0.10468119
v 0.06821123 0.06617098 -0.10707704
v 0.06300285 0.06445462 -0.10468119
v 0.06316973 0.06703463 -0.10559431
v 0.06821123 0.06617098 -0.10707704
v 0.06821123 0.06617098 -0.10707704
v 0.06316973 0.06703463 -0.10559431
v 0.06855994 0.07177255 -0.10825564
v 0.06316973 0.06703463 -0.10559431
v 0.06371447 0.07256162 -0.10688204
v 0.06855994 0.07177255 -0.10825564
v 0.06855994 0.07177255 -0.10825564
v 0.06371447 0.07256162 -0.10688204
v 0.06908372 0.07777579 -0.10881326
v 0.06371447 0.07256162 -0.10688204
v 0.06449739 0.07847220 -0.10758800
v 0.06908372 0.07777579 -0.10881326
v 0.06908372 0.07777579 -0.10881326
v 0.06449739 0.07847220 -0.10758800
v 0.06971385 0.08400512 -0.10900814
v 0.06449739 0.07847220 -0.10758800
v 0.06542657 0.08459806 -0.10794923
v 0.06971385 0.08400512 -0.10900814
v 0.07058235 0.08391692 -0.10916573
v 0.07411379 0.08366471 -0.10961619
v 0.07382674 0.07737670 -0.10952140
v 0.07652184 0.04125881 -0.03309510
v 0.07235879 0.04157736 -0.03301676
v 0.07645344 0.04131207 -0.04760853
v 0.07235879 0.04157736 -0.03301676
v 0.07225204 0.04163692 -0.04744266
v 0.07645344 0.04131207 -0.04760853
v 0.07645344 0.04131207 -0.04760853
v 0.07225204 0.04163692 -0.04744266
v 0.07609037 0.04179099 -0.06229866
v 0.07225204 0.04163692 -0.04744266
v 0.07169037 0.04214840 -0.06198730
v 0.07609037 0.04179099 -0.06229866
v 0.07609037 0.04179099 -0.06229866
v 0.07169037 0.04214840 -0.06198730
v 0.07578114 0.04238424 -0.06954499
v 0.07169037 0.04214840 -0.06198730
v 0.07121697 0.04276846 -0.06913840
v 0.07578114 0.04238424 -0.06954499
v 0.07578114 0.04238424 -0.06954499
v 0.07121697 0.04276846 -0.06913840
v 0.07540615 0.04333185 -0.07656217
v 0.07121697 0.04276846 -0.06913840
v 0.07064909 0.04374745 -0.07605142
v 0.07540615 0.04333185 -0.07656217
v 0.07540615 0.04333185 -0.07656217
v 0.07064909 0.04374745 -0.07605142
v 0.07499200 0.04472211 -0.08320300
v 0.07064909 0.04374745 -0.07605142
v 0.07003127 0.04517069 -0.08258624
v 0.07499200 0.04472211 -0.08320300
v 0.07499200 0.04472211 -0.08320300
v 0.07003127 0.04517069 -0.08258624
v 0.07457103 0.04663611 -0.08931576
v 0.07003127 0.04517069 -0.08258624
v 0.06941693 0.04711572 -0.08859934
v 0.07457103 0.04663611 -0.08931576
v 0.07457103 0.04663611 -0.08931576
v 0.06941693 0.04711572 -0.08859934
v 0.07417797 0.04914203 -0.09475696
v 0.06941693 0.04711572 -0.08859934
v 0.06886295 0.04964705 -0.09395564
v 0.07417797 0.04914203 -0.09475696
v 0.07417797 0.04914203 -0.09475696
v 0.06886295 0.04964705 -0.09395564
v 0.07400263 0.05063341 -0.09718621
v 0.06886295 0.04964705 -0.09395564
v 0.06862605 0.05114793 -0.09635045
v 0.07400263 0.05063341 -0.09718621
v 0.07400263 0.05063341 -0.09718621
v 0.06862605 0.05114793 -0.09635045
v 0.07384670 0.05228950 -0.09940416
v 0.06862605 0.05114793 -0.09635045
v 0.06842440 0.05281081 -0.09854053
v 0.07384670 0.05228950 -0.09940416
v 0.07384670 0.05228950 -0.09940416
v 0.06842440 0.05281081 -0.09854053
v 0.07371376 0.05411287 -0.10140064
v 0.06842440 0.05281081 -0.09854053
v 0.06826382 0.05463803 -0.10051625
v 0.07371376 0.05411287 -0.10140064
v 0.07371376 0.05411287 -0.10140064
v 0.06826382 0.05463803 -0.10051625
v 0.07360691 0.05610396 -0.10316868
v 0.06826382 0.05463803 -0.10051625
v 0.06814910 0.05662947 -0.10227171
v 0.07360691 0.05610396 -0.10316868
v 0.07360691 0.05610396 -0.10316868
v 0.06814910 0.05662947 -0.10227171
v 0.07352866 0.05826125 -0.10470457
v 0.06814910 0.05662947 -0.10227171
v 0.06808437 0.05878371 -0.10380306
v 0.07352866 0.05826125 -0.10470457
v 0.07352866 0.05826125 -0.10470457
v 0.06808437 0.05878371 -0.10380306
v 0.07348087 0.06058099 -0.10600831
v 0.06808437 0.05878371 -0.10380306
v 0.06807227 0.06109647 -0.10511116
v 0.07348087 0.06058099 -0.10600831
v 0.07348087 0.06058099 -0.10600831
v 0.06807227 0.06109647 -0.10511116
v 0.07346461 0.06305704 -0.10708395
v 0.06807227 0.06109647 -0.10511116
v 0.06811455 0.06356182 -0.10619964
v 0.07346461 0.06305704 -0.10708395
v 0.07346461 0.06305704 -0.10708395
v 0.06811455 0.06356182 -0.10619964
v 0.07348008 0.06568066 -0.10794011
v 0.06811455 0.06356182 -0.10619964
v 0.06821123 0.06617098 -0.10707704
v 0.07348008 0.06568066 -0.10794011
v 0.07348008 0.06568066 -0.10794011
v 0.06821123 0.06617098 -0.10707704
v 0.07360199 0.07132187 -0.10905319
v 0.06821123 0.06617098 -0.10707704
v 0.06855994 0.07177255 -0.10825564
v 0.07360199 0.07132187 -0.10905319
v 0.07360199 0.07132187 -0.10905319
v 0.06855994 0.07177255 -0.10825564
v 0.07382674 0.07737670 -0.10952140
v 0.06855994 0.07177255 -0.10825564
v 0.06908372 0.07777579 -0.10881326
v 0.07382674 0.07737670 -0.10952140
v 0.07382674 0.07737670 -0.10952140
v 0.06908372 0.07777579 -0.10881326
v 0.07058235 0.08391692 -0.10916573
v 0.06908372 0.07777579 -0.10881326
v 0.06971385 0.08400512 -0.10900814
v 0.07058235 0.08391692 -0.10916573
v 0.07580961 0.08360325 -0.10972600
v 0.07856537 0.08358488 -0.10975872
v 0.07863503 0.07784676 -0.10970477
v 0.08067017 0.04137953 -0.04769376
v 0.07645344 0.04131207 -0.04760853
v 0.08051903 0.04184917 -0.06250551
v 0.07645344 0.04131207 -0.04760853
v 0.07609037 0.04179099 -0.06229866
v 0.08051903 0.04184917 -0.06250551
v 0.08051903 0.04184917 -0.06250551
v 0.07609037 0.04179099 -0.06229866
v 0.08038506 0.04243818 -0.06981572
v 0.07609037 0.04179099 -0.06229866
v 0.07578114 0.04238424 -0.06954499
v 0.08038506 0.04243818 -0.06981572
v 0.08038506 0.04243818 -0.06981572
v 0.07578114 0.04238424 -0.06954499
v 0.08021610 0.04338496 -0.07689337
v 0.07578114 0.04238424 -0.06954499
v 0.07540615 0.04333185 -0.07656217
v 0.08021610 0.04338496 -0.07689337
v 0.08021610 0.04338496 -0.07689337
v 0.07540615 0.04333185 -0.07656217
v 0.08001968 0.04478059 -0.08358619
v 0.07540615 0.04333185 -0.07656217
v 0.07499200 0.04472211 -0.08320300
v 0.08001968 0.04478059 -0.08358619
v 0.08001968 0.04478059 -0.08358619
v 0.07499200 0.04472211 -0.08320300
v 0.07980569 0.04670882 -0.08973739
v 0.07499200 0.04472211 -0.08320300
v 0.07457103 0.04663611 -0.08931576
v 0.07980569 0.04670882 -0.08973739
v 0.07980569 0.04670882 -0.08973739
v 0.07457103 0.04663611 -0.08931576
v 0.07958524 0.04924009 -0.09519911
v 0.07457103 0.04663611 -0.08931576
v 0.07417797 0.04914203 -0.09475696
v 0.07958524 0.04924009 -0.09519911
v 0.07958524 0.04924009 -0.09519911
v 0.07417797 0.04914203 -0.09475696
v 0.07947616 0.05074883 -0.09763082
v 0.07417797 0.04914203 -0.09475696
v 0.07400263 0.05063341 -0.09718621
v 0.07947616 0.05074883 -0.09763082
v 0.07947616 0.05074883 -0.09763082
v 0.07400263 0.05063341 -0.09718621
v 0.07936966 0.05242551 -0.09984575
v 0.07400263 0.05063341 -0.09718621
v 0.07384670 0.05228950 -0.09940416
v 0.07936966 0.05242551 -0.09984575
v 0.07936966 0.05242551 -0.09984575
v 0.07384670 0.05228950 -0.09940416
v 0.07926702 0.05427283 -0.10183343
v 0.07384670 0.05228950 -0.09940416
v 0.07371376 0.05411287 -0.10140064
v 0.07926702 0.05427283 -0.10183343
v 0.07926702 0.05427283 -0.10183343
v 0.07371376 0.05411287 -0.10140064
v 0.07916933 0.05629089 -0.10358743
v 0.07371376 0.05411287 -0.10140064
v 0.07360691 0.05610396 -0.10316868
v 0.07916933 0.05629089 -0.10358743
v 0.07916933 0.05629089 -0.10358743
v 0.07360691 0.05610396 -0.10316868
v 0.07907762 0.05847824 -0.10510385
v 0.07360691 0.05610396 -0.10316868
v 0.07352866 0.05826125 -0.10470457
v 0.07907762 0.05847824 -0.10510385
v 0.07907762 0.05847824 -0.10510385
v 0.07352866 0.05826125 -0.10470457
v 0.07899264 0.06083075 -0.10638329
v 0.07352866 0.05826125 -0.10470457
v 0.07348087 0.06058099 -0.10600831
v 0.07899264 0.06083075 -0.10638329
v 0.07899264 0.06083075 -0.10638329
v 0.07348087 0.06058099 -0.10600831
v 0.07891494 0.06334186 -0.10743049
v 0.07348087 0.06058099 -0.10600831
v 0.07346461 0.06305704 -0.10708395
v 0.07891494 0.06334186 -0.10743049
v 0.07891494 0.06334186 -0.10743049
v 0.07346461 0.06305704 -0.10708395
v 0.07884484 0.06600229 -0.10825495
v 0.07346461 0.06305704 -0.10708395
v 0.07348008 0.06568066 -0.10794011
v 0.07884484 0.06600229 -0.10825495
v 0.07884484 0.06600229 -0.10825495
v 0.07348008 0.06568066 -0.10794011
v 0.07872704 0.07171942 -0.10929988
v 0.07348008 0.06568066 -0.10794011
v 0.07360199 0.07132187 -0.10905319
v 0.07872704 0.07171942 -0.10929988
v 0.07872704 0.07171942 -0.10929988
v 0.07360199 0.07132187 -0.10905319
v 0.07863503 0.07784676 -0.10970477
v 0.07360199 0.07132187 -0.10905319
v 0.07382674 0.07737670 -0.10952140
v 0.07863503 0.07784676 -0.10970477
v 0.07863503 0.07784676 -0.10970477
v 0.07382674 0.07737670 -0.10952140
v 0.07580961 0.08360325 -0.10972600
v 0.07382674 0.07737670 -0.10952140
v 0.07411379 0.08366471 -0.10961619
v 0.07580961 0.08360325 -0.10972600
v 0.08067017 0.04137953 -0.04769376
v 0.08069769 0.04132878 -0.03307789
v 0.07645344 0.04131207 -0.04760853
v 0.08069769 0.04132878 -0.03307789
v 0.07716908 0.04124422 -0.03309869
v 0.07645344 0.04131207 -0.04760853
v 0.07645344 0.04131207 -0.04760853
v 0.07716908 0.04124422 -0.03309869
v 0.07652184 0.04125881 -0.03309510
v 0.08484718 0.04178710 -0.03296517
v 0.08069769 0.04132878 -0.03307789
v 0.08486097 0.04183627 -0.04743383
v 0.08069769 0.04132878 -0.03307789
v 0.08067017 0.04137953 -0.04769376
v 0.08486097 0.04183627 -0.04743383
v 0.08486097 0.04183627 -0.04743383
v 0.08067017 0.04137953 -0.04769376
v 0.08492373 0.04229216 -0.06207704
v 0.08067017 0.04137953 -0.04769376
v 0.08051903 0.04184917 -0.06250551
v 0.08492373 0.04229216 -0.06207704
v 0.08492373 0.04229216 -0.06207704
v 0.08051903 0.04184917 -0.06250551
v 0.08496661 0.04286450 -0.06930044
v 0.08051903 0.04184917 -0.06250551
v 0.08038506 0.04243818 -0.06981572
v 0.08496661 0.04286450 -0.06930044
v 0.08496661 0.04286450 -0.06930044
v 0.08038506 0.04243818 -0.06981572
v 0.08500552 0.04378517 -0.07629648
v 0.08038506 0.04243818 -0.06981572
v 0.08021610 0.04338496 -0.07689337
v 0.08500552 0.04378517 -0.07629648
v 0.08500552 0.04378517 -0.07629648
v 0.08021610 0.04338496 -0.07689337
v 0.08502875 0.04514328 -0.08291918
v 0.08021610 0.04338496 -0.07689337
v 0.08001968 0.04478059 -0.08358619
v 0.08502875 0.04514328 -0.08291918
v 0.08502875 0.04514328 -0.08291918
v 0.08001968 0.04478059 -0.08358619
v 0.08502357 0.04702113 -0.08901811
v 0.08001968 0.04478059 -0.08358619
v 0.07980569 0.04670882 -0.08973739
v 0.08502357 0.04702113 -0.08901811
v 0.08502357 0.04702113 -0.08901811
v 0.07980569 0.04670882 -0.08973739
v 0.08497738 0.04948829 -0.09445103
v 0.07980569 0.04670882 -0.08973739
v 0.07958524 0.04924009 -0.09519911
v 0.08497738 0.04948829 -0.09445103
v 0.08497738 0.04948829 -0.09445103
v 0.07958524 0.04924009 -0.09519911
v 0.08493529 0.05095980 -0.09687851
v 0.07958524 0.04924009 -0.09519911
v 0.07947616 0.05074883 -0.09763082
v 0.08493529 0.05095980 -0.09687851
v 0.08493529 0.05095980 -0.09687851
v 0.07947616 0.05074883 -0.09763082
v 0.08487888 0.05259591 -0.09909645
v 0.07947616 0.05074883 -0.09763082
v 0.07936966 0.05242551 -0.09984575
v 0.08487888 0.05259591 -0.09909645
v 0.08487888 0.05259591 -0.09909645
v 0.07936966 0.05242551 -0.09984575
v 0.08480710 0.05439947 -0.10109454
v 0.07936966 0.05242551 -0.09984575
v 0.07926702 0.05427283 -0.10183343
v 0.08480710 0.05439947 -0.10109454
v 0.08480710 0.05439947 -0.10109454
v 0.07926702 0.05427283 -0.10183343
v 0.08471917 0.05637084 -0.10286632
v 0.07926702 0.05427283 -0.10183343
v 0.07916933 0.05629089 -0.10358743
v 0.08471917 0.05637084 -0.10286632
v 0.08471917 0.05637084 -0.10286632
v 0.07916933 0.05629089 -0.10358743
v 0.08461452 0.05850889 -0.10440767
v 0.07916933 0.05629089 -0.10358743
v 0.07907762 0.05847824 -0.10510385
v 0.08461452 0.05850889 -0.10440767
v 0.08461452 0.05850889 -0.10440767
v 0.07907762 0.05847824 -0.10510385
v 0.08449291 0.06080992 -0.10571867
v 0.07907762 0.05847824 -0.10510385
v 0.07899264 0.06083075 -0.10638329
v 0.08449291 0.06080992 -0.10571867
v 0.08449291 0.06080992 -0.10571867
v 0.07899264 0.06083075 -0.10638329
v 0.08435441 0.06326787 -0.10680336
v 0.07899264 0.06083075 -0.10638329
v 0.07891494 0.06334186 -0.10743049
v 0.08435441 0.06326787 -0.10680336
v 0.08435441 0.06326787 -0.10680336
v 0.07891494 0.06334186 -0.10743049
v 0.08419947 0.06587410 -0.10767020
v 0.07891494 0.06334186 -0.10743049
v 0.07884484 0.06600229 -0.10825495
v 0.08419947 0.06587410 -0.10767020
v 0.08419947 0.06587410 -0.10767020
v 0.07884484 0.06600229 -0.10825495
v 0.08384407 0.07148272 -0.10880894
v 0.07884484 0.06600229 -0.10825495
v 0.07872704 0.07171942 -0.10929988
v 0.08384407 0.07148272 -0.10880894
v 0.08384407 0.07148272 -0.10880894
v 0.07872704 0.07171942 -0.10929988
v 0.08343896 0.07750766 -0.10930686
v 0.07872704 0.07171942 -0.10929988
v 0.07863503 0.07784676 -0.10970477
v 0.08343896 0.07750766 -0.10930686
v 0.08343896 0.07750766 -0.10930686
v 0.07863503 0.07784676 -0.10970477
v 0.08300447 0.08376757 -0.10943254
v 0.07863503 0.07784676 -0.10970477
v 0.07856537 0.08358488 -0.10975872
v 0.08300447 0.08376757 -0.10943254
v 0.08893182 0.04263214 -0.03275734
v 0.08484718 0.04178710 -0.03296517
v 0.08898279 0.04268341 -0.04709476
v 0.08484718 0.04178710 -0.03296517
v 0.08486097 0.04183627 -0.04743383
v 0.08898279 0.04268341 -0.04709476
v 0.08898279 0.04268341 -0.04709476
v 0.08486097 0.04183627 -0.04743383
v 0.08923845 0.04314810 -0.06154854
v 0.08486097 0.04183627 -0.04743383
v 0.08492373 0.04229216 -0.06207704
v 0.08923845 0.04314810 -0.06154854
v 0.08923845 0.04314810 -0.06154854
v 0.08492373 0.04229216 -0.06207704
v 0.08944105 0.04372575 -0.06865603
v 0.08492373 0.04229216 -0.06207704
v 0.08496661 0.04286450 -0.06930044
v 0.08944105 0.04372575 -0.06865603
v 0.08944105 0.04372575 -0.06865603
v 0.08496661 0.04286450 -0.06930044
v 0.08966798 0.04465016 -0.07552923
v 0.08496661 0.04286450 -0.06930044
v 0.08500552 0.04378517 -0.07629648
v 0.08966798 0.04465016 -0.07552923
v 0.08966798 0.04465016 -0.07552923
v 0.08500552 0.04378517 -0.07629648
v 0.08989025 0.04600838 -0.08203033
v 0.08500552 0.04378517 -0.07629648
v 0.08502875 0.04514328 -0.08291918
v 0.08989025 0.04600838 -0.08203033
v 0.08989025 0.04600838 -0.08203033
v 0.08502875 0.04514328 -0.08291918
v 0.09007484 0.04788041 -0.08801810
v 0.08502875 0.04514328 -0.08291918
v 0.08502357 0.04702113 -0.08901811
v 0.09007484 0.04788041 -0.08801810
v 0.09007484 0.04788041 -0.08801810
v 0.08502357 0.04702113 -0.08901811
v 0.09018777 0.05033367 -0.09335963
v 0.08502357 0.04702113 -0.08901811
v 0.08497738 0.04948829 -0.09445103
v 0.09018777 0.05033367 -0.09335963
v 0.09018777 0.05033367 -0.09335963
v 0.08497738 0.04948829 -0.09445103
v 0.09020722 0.05179457 -0.09575155
v 0.08497738 0.04948829 -0.09445103
v 0.08493529 0.05095980 -0.09687851
v 0.09020722 0.05179457 -0.09575155
v 0.09020722 0.05179457 -0.09575155
v 0.08493529 0.05095980 -0.09687851
v 0.09019722 0.05341736 -0.09794199
v 0.08493529 0.05095980 -0.09687851
v 0.08487888 0.05259591 -0.09909645
v 0.09019722 0.05341736 -0.09794199
v 0.09019722 0.05341736 -0.09794199
v 0.08487888 0.05259591 -0.09909645
v 0.09015456 0.05520472 -0.09992143
v 0.08487888 0.05259591 -0.09909645
v 0.08480710 0.05439947 -0.10109454
v 0.09015456 0.05520472 -0.09992143
v 0.09015456 0.05520472 -0.09992143
v 0.08480710 0.05439947 -0.10109454
v 0.09007674 0.05715687 -0.10168401
v 0.08480710 0.05439947 -0.10109454
v 0.08471917 0.05637084 -0.10286632
v 0.09007674 0.05715687 -0.10168401
v 0.09007674 0.05715687 -0.10168401
v 0.08471917 0.05637084 -0.10286632
v 0.08996174 0.05927260 -0.10322610
v 0.08471917 0.05637084 -0.10286632
v 0.08461452 0.05850889 -0.10440767
v 0.08996174 0.05927260 -0.10322610
v 0.08996174 0.05927260 -0.10322610
v 0.08461452 0.05850889 -0.10440767
v 0.08980834 0.06154818 -0.10454798
v 0.08461452 0.05850889 -0.10440767
v 0.08449291 0.06080992 -0.10571867
v 0.08980834 0.06154818 -0.10454798
v 0.08980834 0.06154818 -0.10454798
v 0.08449291 0.06080992 -0.10571867
v 0.08961613 0.06397759 -0.10565367
v 0.08449291 0.06080992 -0.10571867
v 0.08435441 0.06326787 -0.10680336
v 0.08961613 0.06397759 -0.10565367
v 0.08961613 0.06397759 -0.10565367
v 0.08435441 0.06326787 -0.10680336
v 0.08938562 0.06655227 -0.10655133
v 0.08435441 0.06326787 -0.10680336
v 0.08419947 0.06587410 -0.10767020
v 0.08938562 0.06655227 -0.10655133
v 0.08938562 0.06655227 -0.10655133
v 0.08419947 0.06587410 -0.10767020
v 0.08881691 0.07208954 -0.10777833
v 0.08419947 0.06587410 -0.10767020
v 0.08384407 0.07148272 -0.10880894
v 0.08881691 0.07208954 -0.10777833
v 0.08881691 0.07208954 -0.10777833
v 0.08384407 0.07148272 -0.10880894
v 0.08812843 0.07803416 -0.10839188
v 0.08384407 0.07148272 -0.10880894
v 0.08343896 0.07750766 -0.10930686
v 0.08812843 0.07803416 -0.10839188
v 0.08812843 0.07803416 -0.10839188
v 0.08343896 0.07750766 -0.10930686
v 0.08736742 0.08420853 -0.10864513
v 0.08343896 0.07750766 -0.10930686
v 0.08300447 0.08376757 -0.10943254
v 0.08736742 0.08420853 -0.10864513
v 0.09249321 0.06716187 -0.10554662
v 0.08938562 0.06655227 -0.10655133
v 0.08881691 0.07208954 -0.10777833
v 0.09020722 0.05179457 -0.09575155
v 0.09019722 0.05341736 -0.09794199
v 0.09337215 0.05414526 -0.09691374
v 0.11052908 0.06072166 -0.08205394
v 0.11046386 0.06022172 -0.08128303
v 0.10648732 0.05700309 -0.08500683
v 0.10698158 0.05240736 -0.03035315
v 0.10205524 0.04849637 -0.03131505
v 0.10705807 0.05245361 -0.04119890
v 0.10205524 0.04849637 -0.03131505
v 0.10311138 0.04921574 -0.04444119
v 0.10705807 0.05245361 -0.04119890
v 0.10774239 0.05307828 -0.05570704
v 0.10731987 0.05265644 -0.04895872
v 0.10311138 0.04921574 -0.04444119
v 0.10731987 0.05265644 -0.04895872
v 0.10710260 0.05248420 -0.04313172
v 0.10311138 0.04921574 -0.04444119
v 0.10311138 0.04921574 -0.04444119
v 0.10710260 0.05248420 -0.04313172
v 0.10705807 0.05245361 -0.04119890
v 0.10311138 0.04921574 -0.04444119
v 0.10374285 0.04976858 -0.05744276
v 0.10774239 0.05307828 -0.05570704
v 0.10374285 0.04976858 -0.05744276
v 0.10425889 0.05040538 -0.06367799
v 0.10774239 0.05307828 -0.05570704
v 0.10774239 0.05307828 -0.05570704
v 0.10425889 0.05040538 -0.06367799
v 0.10826137 0.05374438 -0.06160829
v 0.10425889 0.05040538 -0.06367799
v 0.10485739 0.05138189 -0.06963121
v 0.10826137 0.05374438 -0.06160829
v 0.10826137 0.05374438 -0.06160829
v 0.10485739 0.05138189 -0.06963121
v 0.10881349 0.05465867 -0.06677838
v 0.10485739 0.05138189 -0.06963121
v 0.10547680 0.05276806 -0.07522063
v 0.10881349 0.05465867 -0.06677838
v 0.10881349 0.05465867 -0.06677838
v 0.10547680 0.05276806 -0.07522063
v 0.10934840 0.05581607 -0.07132030
v 0.10648732 0.05700309 -0.08500683
v 0.11046386 0.06022172 -0.08128303
v 0.10604526 0.05462541 -0.08036856
v 0.11046386 0.06022172 -0.08128303
v 0.11022968 0.05884311 -0.07888088
v 0.10604526 0.05462541 -0.08036856
v 0.11022968 0.05884311 -0.07888088
v 0.11001649 0.05789876 -0.07694020
v 0.10604526 0.05462541 -0.08036856
v 0.10604526 0.05462541 -0.08036856
v 0.11001649 0.05789876 -0.07694020
v 0.10547680 0.05276806 -0.07522063
v 0.11001649 0.05789876 -0.07694020
v 0.10982931 0.05721100 -0.07532699
v 0.10547680 0.05276806 -0.07522063
v 0.10547680 0.05276806 -0.07522063
v 0.10982931 0.05721100 -0.07532699
v 0.10934840 0.05581607 -0.07132030
v 0.11052908 0.06072166 -0.08205394
v 0.10648732 0.05700309 -0.08500683
v 0.11070859 0.06286620 -0.08490392
v 0.10648732 0.05700309 -0.08500683
v 0.10673080 0.05993397 -0.08908227
v 0.11070859 0.06286620 -0.08490392
v 0.11070859 0.06286620 -0.08490392
v 0.10673080 0.05993397 -0.08908227
v 0.11074761 0.06531439 -0.08748204
v 0.10673080 0.05993397 -0.08908227
v 0.10671363 0.06343065 -0.09256217
v 0.11074761 0.06531439 -0.08748204
v 0.11074761 0.06531439 -0.08748204
v 0.10671363 0.06343065 -0.09256217
v 0.11071640 0.06643696 -0.08848616
v 0.10639061 0.06748158 -0.09543966
v 0.10574028 0.07204708 -0.09773922
v 0.10977028 0.07477527 -0.09375579
v 0.10977028 0.07477527 -0.09375579
v 0.10574028 0.07204708 -0.09773922
v 0.10901299 0.07865853 -0.09538111
v 0.10977028 0.07477527 -0.09375579
v 0.11028273 0.07140751 -0.09199397
v 0.10639061 0.06748158 -0.09543966
v 0.11028273 0.07140751 -0.09199397
v 0.11041351 0.07032344 -0.09133586
v 0.10639061 0.06748158 -0.09543966
v 0.10639061 0.06748158 -0.09543966
v 0.11041351 0.07032344 -0.09133586
v 0.10671363 0.06343065 -0.09256217
v 0.11041351 0.07032344 -0.09133586
v 0.11061889 0.06813069 -0.08983432
v 0.10671363 0.06343065 -0.09256217
v 0.10671363 0.06343065 -0.09256217
v 0.11061889 0.06813069 -0.08983432
v 0.11071640 0.06643696 -0.08848616
v 0.10547680 0.05276806 -0.07522063
v 0.10379094 0.05315831 -0.08196510
v 0.10604526 0.05462541 -0.08036856
v 0.10379094 0.05315831 -0.08196510
v 0.10421202 0.05555602 -0.08674581
v 0.10604526 0.05462541 -0.08036856
v 0.10604526 0.05462541 -0.08036856
v 0.10421202 0.05555602 -0.08674581
v 0.10648732 0.05700309 -0.08500683
v 0.10421202 0.05555602 -0.08674581
v 0.10443836 0.05852264 -0.09092627
v 0.10648732 0.05700309 -0.08500683
v 0.10648732 0.05700309 -0.08500683
v 0.10443836 0.05852264 -0.09092627
v 0.10673080 0.05993397 -0.08908227
v 0.10443836 0.05852264 -0.09092627
v 0.10440996 0.06207318 -0.09446468
v 0.10673080 0.05993397 -0.08908227
v 0.10673080 0.05993397 -0.08908227
v 0.10440996 0.06207318 -0.09446468
v 0.10671363 0.06343065 -0.09256217
v 0.10440996 0.06207318 -0.09446468
v 0.10408353 0.06619745 -0.09734827
v 0.10671363 0.06343065 -0.09256217
v 0.10671363 0.06343065 -0.09256217
v 0.10408353 0.06619745 -0.09734827
v 0.10639061 0.06748158 -0.09543966
v 0.10408353 0.06619745 -0.09734827
v 0.10343917 0.07085580 -0.09960002
v 0.10639061 0.06748158 -0.09543966
v 0.10639061 0.06748158 -0.09543966
v 0.10343917 0.07085580 -0.09960002
v 0.10574028 0.07204708 -0.09773922
v 0.10343917 0.07085580 -0.09960002
v 0.10477173 0.07705542 -0.09952212
v 0.10574028 0.07204708 -0.09773922
v 0.10574028 0.07204708 -0.09773922
v 0.10477173 0.07705542 -0.09952212
v 0.10901299 0.07865853 -0.09538111
v 0.10477173 0.07705542 -0.09952212
v 0.10795102 0.08321157 -0.09690881
v 0.10901299 0.07865853 -0.09538111
v 0.10353141 0.08239890 -0.10089186
v 0.10210997 0.08792989 -0.10199959
v 0.10302960 0.08830492 -0.10132986
v 0.10379094 0.05315831 -0.08196510
v 0.10174711 0.05423029 -0.08837640
v 0.10421202 0.05555602 -0.08674581
v 0.10174711 0.05423029 -0.08837640
v 0.10194752 0.05722778 -0.09265598
v 0.10421202 0.05555602 -0.08674581
v 0.10421202 0.05555602 -0.08674581
v 0.10194752 0.05722778 -0.09265598
v 0.10443836 0.05852264 -0.09092627
v 0.10194752 0.05722778 -0.09265598
v 0.10190544 0.06082655 -0.09624764
v 0.10443836 0.05852264 -0.09092627
v 0.10443836 0.05852264 -0.09092627
v 0.10190544 0.06082655 -0.09624764
v 0.10440996 0.06207318 -0.09446468
v 0.10190544 0.06082655 -0.09624764
v 0.10158056 0.06501784 -0.09913281
v 0.10440996 0.06207318 -0.09446468
v 0.10440996 0.06207318 -0.09446468
v 0.10158056 0.06501784 -0.09913281
v 0.10408353 0.06619745 -0.09734827
v 0.10158056 0.06501784 -0.09913281
v 0.10095497 0.06976210 -0.10133307
v 0.10408353 0.06619745 -0.09734827
v 0.10408353 0.06619745 -0.09734827
v 0.10095497 0.06976210 -0.10133307
v 0.10343917 0.07085580 -0.09960002
v 0.10095497 0.06976210 -0.10133307
v 0.10003949 0.07498441 -0.10291779
v 0.10343917 0.07085580 -0.09960002
v 0.10343917 0.07085580 -0.09960002
v 0.10003949 0.07498441 -0.10291779
v 0.10477173 0.07705542 -0.09952212
v 0.10003949 0.07498441 -0.10291779
v 0.10353141 0.08239890 -0.10089186
v 0.10477173 0.07705542 -0.09952212
v 0.10477173 0.07705542 -0.09952212
v 0.10353141 0.08239890 -0.10089186
v 0.10795102 0.08321157 -0.09690881
v 0.10353141 0.08239890 -0.10089186
v 0.10302960 0.08830492 -0.10132986
v 0.10795102 0.08321157 -0.09690881
v 0.10795102 0.08321157 -0.09690881
v 0.10302960 0.08830492 -0.10132986
v 0.10620095 0.08977551 -0.09870368
v 0.09337215 0.05414526 -0.09691374
v 0.09640260 0.05502916 -0.09567377
v 0.09628095 0.05198237 -0.09122063
v 0.09640260 0.05502916 -0.09567377
v 0.09909991 0.05303586 -0.08987576
v 0.09628095 0.05198237 -0.09122063
v 0.09628095 0.05198237 -0.09122063
v 0.09909991 0.05303586 -0.08987576
v 0.09876183 0.05060963 -0.08483241
v 0.09909991 0.05303586 -0.08987576
v 0.10136057 0.05181667 -0.08345979
v 0.09876183 0.05060963 -0.08483241
v 0.09876183 0.05060963 -0.08483241
v 0.10136057 0.05181667 -0.08345979
v 0.10085393 0.04994784 -0.07798162
v 0.09632573 0.05870825 -0.09935415
v 0.09920713 0.05970141 -0.09788597
v 0.09926540 0.05605986 -0.09424681
v 0.09018777 0.05033367 -0.09335963
v 0.09330289 0.05107880 -0.09238960
v 0.09310269 0.04863368 -0.08713114
v 0.09330289 0.05107880 -0.09238960
v 0.09600514 0.04954593 -0.08606248
v 0.09310269 0.04863368 -0.08713114
v 0.09310269 0.04863368 -0.08713114
v 0.09600514 0.04954593 -0.08606248
v 0.09562762 0.04767502 -0.08029561
v 0.09334599 0.05592009 -0.09887540
v 0.09327441 0.05785691 -0.10062854
v 0.09632573 0.05870825 -0.09935415
v 0.09327441 0.05785691 -0.10062854
v 0.09601920 0.06301356 -0.10223248
v 0.09632573 0.05870825 -0.09935415
v 0.09632573 0.05870825 -0.09935415
v 0.09601920 0.06301356 -0.10223248
v 0.09920713 0.05970141 -0.09788597
v 0.09601920 0.06301356 -0.10223248
v 0.09888890 0.06395312 -0.10076907
v 0.09920713 0.05970141 -0.09788597
v 0.09829512 0.06877559 -0.10291640
v 0.09468938 0.07330750 -0.10571778
v 0.09743679 0.07409250 -0.10440148
v 0.09468938 0.07330750 -0.10571778
v 0.09371586 0.07909746 -0.10654797
v 0.09743679 0.07409250 -0.10440148
v 0.09743679 0.07409250 -0.10440148
v 0.09371586 0.07909746 -0.10654797
v 0.09887998 0.08056994 -0.10401203
v 0.09327441 0.05785691 -0.10062854
v 0.09315456 0.05995441 -0.10216994
v 0.09601920 0.06301356 -0.10223248
v 0.09315456 0.05995441 -0.10216994
v 0.09298468 0.06220881 -0.10350011
v 0.09601920 0.06301356 -0.10223248
v 0.09601920 0.06301356 -0.10223248
v 0.09298468 0.06220881 -0.10350011
v 0.09249321 0.06716187 -0.10554662
v 0.09298468 0.06220881 -0.10350011
v 0.08961613 0.06397759 -0.10565367
v 0.09249321 0.06716187 -0.10554662
v 0.09249321 0.06716187 -0.10554662
v 0.08961613 0.06397759 -0.10565367
v 0.08938562 0.06655227 -0.10655133
v 0.09888890 0.06395312 -0.10076907
v 0.09601920 0.06301356 -0.10223248
v 0.09547021 0.06790584 -0.10432786
v 0.09601920 0.06301356 -0.10223248
v 0.09249321 0.06716187 -0.10554662
v 0.09547021 0.06790584 -0.10432786
v 0.09547021 0.06790584 -0.10432786
v 0.09249321 0.06716187 -0.10554662
v 0.09180973 0.07263736 -0.10684917
v 0.09249321 0.06716187 -0.10554662
v 0.08881691 0.07208954 -0.10777833
v 0.09180973 0.07263736 -0.10684917
v 0.09180973 0.07263736 -0.10684917
v 0.08881691 0.07208954 -0.10777833
v 0.08812843 0.07803416 -0.10839188
v 0.09334599 0.05592009 -0.09887540
v 0.09015456 0.05520472 -0.09992143
v 0.09327441 0.05785691 -0.10062854
v 0.09015456 0.05520472 -0.09992143
v 0.09007674 0.05715687 -0.10168401
v 0.09327441 0.05785691 -0.10062854
v 0.09327441 0.05785691 -0.10062854
v 0.09007674 0.05715687 -0.10168401
v 0.09315456 0.05995441 -0.10216994
v 0.09007674 0.05715687 -0.10168401
v 0.08996174 0.05927260 -0.10322610
v 0.09315456 0.05995441 -0.10216994
v 0.09315456 0.05995441 -0.10216994
v 0.08996174 0.05927260 -0.10322610
v 0.09298468 0.06220881 -0.10350011
v 0.08996174 0.05927260 -0.10322610
v 0.08980834 0.06154818 -0.10454798
v 0.09298468 0.06220881 -0.10350011
v 0.09298468 0.06220881 -0.10350011
v 0.08980834 0.06154818 -0.10454798
v 0.08961613 0.06397759 -0.10565367
v 0.09859779 0.04640524 -0.03182936
v 0.09589838 0.04507121 -0.03215746
v 0.09871023 0.04646909 -0.04555260
v 0.09589838 0.04507121 -0.03215746
v 0.09397413 0.04428301 -0.04644339
v 0.09871023 0.04646909 -0.04555260
v 0.09871023 0.04646909 -0.04555260
v 0.09397413 0.04428301 -0.04644339
v 0.09928609 0.04699074 -0.05913846
v 0.09397413 0.04428301 -0.04644339
v 0.09442365 0.04477242 -0.06052435
v 0.09928609 0.04699074 -0.05913846
v 0.09928609 0.04699074 -0.05913846
v 0.09442365 0.04477242 -0.06052435
v 0.09975495 0.04760748 -0.06571893
v 0.09442365 0.04477242 -0.06052435
v 0.09478714 0.04536708 -0.06740372
v 0.09975495 0.04760748 -0.06571893
v 0.09975495 0.04760748 -0.06571893
v 0.09478714 0.04536708 -0.06740372
v 0.10029659 0.04856766 -0.07203422
v 0.09478714 0.04536708 -0.06740372
v 0.09520383 0.04630711 -0.07403486
v 0.10029659 0.04856766 -0.07203422
v 0.10029659 0.04856766 -0.07203422
v 0.09520383 0.04630711 -0.07403486
v 0.10085393 0.04994784 -0.07798162
v 0.09520383 0.04630711 -0.07403486
v 0.09562762 0.04767502 -0.08029561
v 0.10085393 0.04994784 -0.07798162
v 0.10085393 0.04994784 -0.07798162
v 0.09562762 0.04767502 -0.08029561
v 0.09876183 0.05060963 -0.08483241
v 0.09562762 0.04767502 -0.08029561
v 0.09600514 0.04954593 -0.08606248
v 0.09876183 0.05060963 -0.08483241
v 0.09876183 0.05060963 -0.08483241
v 0.09600514 0.04954593 -0.08606248
v 0.09628095 0.05198237 -0.09122063
v 0.09600514 0.04954593 -0.08606248
v 0.09330289 0.05107880 -0.09238960
v 0.09628095 0.05198237 -0.09122063
v 0.09628095 0.05198237 -0.09122063
v 0.09330289 0.05107880 -0.09238960
v 0.09337215 0.05414526 -0.09691374
v 0.09330289 0.05107880 -0.09238960
v 0.09018777 0.05033367 -0.09335963
v 0.09337215 0.05414526 -0.09691374
v 0.09337215 0.05414526 -0.09691374
v 0.09018777 0.05033367 -0.09335963
v 0.09020722 0.05179457 -0.09575155
v 0.08736742 0.08420853 -0.10864513
v 0.08814435 0.08431523 -0.10845459
v 0.08812843 0.07803416 -0.10839188
v 0.08814435 0.08431523 -0.10845459
v 0.09371586 0.07909746 -0.10654797
v 0.08812843 0.07803416 -0.10839188
v 0.08812843 0.07803416 -0.10839188
v 0.09371586 0.07909746 -0.10654797
v 0.09180973 0.07263736 -0.10684917
v 0.09371586 0.07909746 -0.10654797
v 0.09468938 0.07330750 -0.10571778
v 0.09180973 0.07263736 -0.10684917
v 0.09180973 0.07263736 -0.10684917
v 0.09468938 0.07330750 -0.10571778
v 0.09547021 0.06790584 -0.10432786
v 0.09468938 0.07330750 -0.10571778
v 0.09829512 0.06877559 -0.10291640
v 0.09547021 0.06790584 -0.10432786
v 0.09547021 0.06790584 -0.10432786
v 0.09829512 0.06877559 -0.10291640
v 0.09888890 0.06395312 -0.10076907
v 0.08814435 0.08431523 -0.10845459
v 0.09371431 0.08534669 -0.10661263
v 0.09371586 0.07909746 -0.10654797
v 0.09371431 0.08534669 -0.10661263
v 0.09461073 0.08555916 -0.10623321
v 0.09371586 0.07909746 -0.10654797
v 0.09371586 0.07909746 -0.10654797
v 0.09461073 0.08555916 -0.10623321
v 0.09887998 0.08056994 -0.10401203
v 0.09461073 0.08555916 -0.10623321
v 0.09756375 0.08635938 -0.10480418
v 0.09887998 0.08056994 -0.10401203
v 0.09887998 0.08056994 -0.10401203
v 0.09756375 0.08635938 -0.10480418
v 0.09957089 0.08699814 -0.10366359
v 0.10174711 0.05423029 -0.08837640
v 0.09926540 0.05605986 -0.09424681
v 0.10194752 0.05722778 -0.09265598
v 0.09926540 0.05605986 -0.09424681
v 0.09920713 0.05970141 -0.09788597
v 0.10194752 0.05722778 -0.09265598
v 0.10194752 0.05722778 -0.09265598
v 0.09920713 0.05970141 -0.09788597
v 0.10190544 0.06082655 -0.09624764
v 0.09920713 0.05970141 -0.09788597
v 0.09888890 0.06395312 -0.10076907
v 0.10190544 0.06082655 -0.09624764
v 0.10190544 0.06082655 -0.09624764
v 0.09888890 0.06395312 -0.10076907
v 0.10158056 0.06501784 -0.09913281
v 0.09888890 0.06395312 -0.10076907
v 0.09829512 0.06877559 -0.10291640
v 0.10158056 0.06501784 -0.09913281
v 0.10158056 0.06501784 -0.09913281
v 0.09829512 0.06877559 -0.10291640
v 0.10095497 0.06976210 -0.10133307
v 0.09829512 0.06877559 -0.10291640
v 0.09743679 0.07409250 -0.10440148
v 0.10095497 0.06976210 -0.10133307
v 0.10095497 0.06976210 -0.10133307
v 0.09743679 0.07409250 -0.10440148
v 0.10003949 0.07498441 -0.10291779
v 0.09743679 0.07409250 -0.10440148
v 0.09887998 0.08056994 -0.10401203
v 0.10003949 0.07498441 -0.10291779
v 0.10003949 0.07498441 -0.10291779
v 0.09887998 0.08056994 -0.10401203
v 0.10353141 0.08239890 -0.10089186
v 0.09887998 0.08056994 -0.10401203
v 0.09957089 0.08699814 -0.10366359
v 0.10353141 0.08239890 -0.10089186
v 0.10353141 0.08239890 -0.10089186
v 0.09957089 0.08699814 -0.10366359
v 0.10210997 0.08792989 -0.10199959
v 0.09589838 0.04507121 -0.03215746
v 0.08893182 0.04263214 -0.03275734
v 0.09397413 0.04428301 -0.04644339
v 0.08893182 0.04263214 -0.03275734
v 0.08898279 0.04268341 -0.04709476
v 0.09397413 0.04428301 -0.04644339
v 0.09397413 0.04428301 -0.04644339
v 0.08898279 0.04268341 -0.04709476
v 0.09442365 0.04477242 -0.06052435
v 0.08898279 0.04268341 -0.04709476
v 0.08923845 0.04314810 -0.06154854
v 0.09442365 0.04477242 -0.06052435
v 0.09442365 0.04477242 -0.06052435
v 0.08923845 0.04314810 -0.06154854
v 0.09478714 0.04536708 -0.06740372
v 0.08923845 0.04314810 -0.06154854
v 0.08944105 0.04372575 -0.06865603
v 0.09478714 0.04536708 -0.06740372
v 0.09478714 0.04536708 -0.06740372
v 0.08944105 0.04372575 -0.06865603
v 0.09520383 0.04630711 -0.07403486
v 0.08944105 0.04372575 -0.06865603
v 0.08966798 0.04465016 -0.07552923
v 0.09520383 0.04630711 -0.07403486
v 0.09520383 0.04630711 -0.07403486
v 0.08966798 0.04465016 -0.07552923
v 0.09562762 0.04767502 -0.08029561
v 0.08966798 0.04465016 -0.07552923
v 0.08989025 0.04600838 -0.08203033
v 0.09562762 0.04767502 -0.08029561
v 0.09562762 0.04767502 -0.08029561
v 0.08989025 0.04600838 -0.08203033
v 0.09310269 0.04863368 -0.08713114
v 0.08989025 0.04600838 -0.08203033
v 0.09007484 0.04788041 -0.08801810
v 0.09310269 0.04863368 -0.08713114
v 0.09310269 0.04863368 -0.08713114
v 0.09007484 0.04788041 -0.08801810
v 0.09018777 0.05033367 -0.09335963
v 0.10205524 0.04849637 -0.03131505
v 0.09859779 0.04640524 -0.03182936
v 0.10311138 0.04921574 -0.04444119
v 0.09859779 0.04640524 -0.03182936
v 0.09871023 0.04646909 -0.04555260
v 0.10311138 0.04921574 -0.04444119
v 0.10311138 0.04921574 -0.04444119
v 0.09871023 0.04646909 -0.04555260
v 0.10374285 0.04976858 -0.05744276
v 0.09871023 0.04646909 -0.04555260
v 0.09928609 0.04699074 -0.05913846
v 0.10374285 0.04976858 -0.05744276
v 0.10374285 0.04976858 -0.05744276
v 0.09928609 0.04699074 -0.05913846
v 0.10425889 0.05040538 -0.06367799
v 0.09928609 0.04699074 -0.05913846
v 0.09975495 0.04760748 -0.06571893
v 0.10425889 0.05040538 -0.06367799
v 0.10425889 0.05040538 -0.06367799
v 0.09975495 0.04760748 -0.06571893
v 0.10485739 0.05138189 -0.06963121
v 0.09975495 0.04760748 -0.06571893
v 0.10029659 0.04856766 -0.07203422
v 0.10485739 0.05138189 -0.06963121
v 0.10485739 0.05138189 -0.06963121
v 0.10029659 0.04856766 -0.07203422
v 0.10547680 0.05276806 -0.07522063
v 0.10029659 0.04856766 -0.07203422
v 0.10085393 0.04994784 -0.07798162
v 0.10547680 0.05276806 -0.07522063
v 0.10547680 0.05276806 -0.07522063
v 0.10085393 0.04994784 -0.07798162
v 0.10379094 0.05315831 -0.08196510
v 0.10085393 0.04994784 -0.07798162
v 0.10136057 0.05181667 -0.08345979
v 0.10379094 0.05315831 -0.08196510
v 0.10379094 0.05315831 -0.08196510
v 0.10136057 0.05181667 -0.08345979
v 0.10174711 0.05423029 -0.08837640
v 0.10136057 0.05181667 -0.08345979
v 0.09909991 0.05303586 -0.08987576
v 0.10174711 0.05423029 -0.08837640
v 0.10174711 0.05423029 -0.08837640
v 0.09909991 0.05303586 -0.08987576
v 0.09926540 0.05605986 -0.09424681
v 0.09909991 0.05303586 -0.08987576
v 0.09640260 0.05502916 -0.09567377
v 0.09926540 0.05605986 -0.09424681
v 0.09926540 0.05605986 -0.09424681
v 0.09640260 0.05502916 -0.09567377
v 0.09632573 0.05870825 -0.09935415
v 0.09640260 0.05502916 -0.09567377
v 0.09337215 0.05414526 -0.09691374
v 0.09632573 0.05870825 -0.09935415
v 0.09632573 0.05870825 -0.09935415
v 0.09337215 0.05414526 -0.09691374
v 0.09334599 0.05592009 -0.09887540
v 0.09337215 0.05414526 -0.09691374
v 0.09019722 0.05341736 -0.09794199
v 0.09334599 0.05592009 -0.09887540
v 0.09334599 0.05592009 -0.09887540
v 0.09019722 0.05341736 -0.09794199
v 0.09015456 0.05520472 -0.09992143
v 0.11868186 0.09147515 -0.01880000
v 0.11892528 0.09031316 -0.01966897
v 0.11810767 0.09376707 -0.01880000
v 0.11488888 0.06266529 -0.02178391
v 0.11737056 0.06828464 -0.02040316
v 0.11649652 0.06601229 -0.01880000
v 0.11898255 0.07426893 -0.01893219
v 0.11774112 0.06937319 -0.01880000
v 0.11737056 0.06828464 -0.02040316
v 0.11774112 0.06937319 -0.01880000
v 0.11747026 0.06855772 -0.01880000
v 0.11737056 0.06828464 -0.02040316
v 0.11737056 0.06828464 -0.02040316
v 0.11747026 0.06855772 -0.01880000
v 0.11649652 0.06601229 -0.01880000
v 0.11934363 0.07650829 -0.01880000
v 0.11908511 0.07483070 -0.01880000
v 0.11947785 0.07758734 -0.02279839
v 0.11908511 0.07483070 -0.01880000
v 0.11878371 0.07326928 -0.02386079
v 0.11947785 0.07758734 -0.02279839
v 0.11965215 0.08439609 -0.01880000
v 0.11966991 0.08403684 -0.01880000
v 0.11967909 0.08393369 -0.02123747
v 0.11966991 0.08403684 -0.01880000
v 0.11968000 0.08379912 -0.01880000
v 0.11967909 0.08393369 -0.02123747
v 0.11967909 0.08393369 -0.02123747
v 0.11968000 0.08379912 -0.01880000
v 0.11947785 0.07758734 -0.02279839
v 0.11968000 0.08379912 -0.01880000
v 0.11955236 0.07839994 -0.01880000
v 0.11947785 0.07758734 -0.02279839
v 0.11947785 0.07758734 -0.02279839
v 0.11955236 0.07839994 -0.01880000
v 0.11934363 0.07650829 -0.01880000
v 0.11892528 0.09031316 -0.01966897
v 0.11868186 0.09147515 -0.01880000
v 0.11967909 0.08393369 -0.02123747
v 0.11868186 0.09147515 -0.01880000
v 0.11946709 0.08669553 -0.01880000
v 0.11967909 0.08393369 -0.02123747
v 0.11967909 0.08393369 -0.02123747
v 0.11946709 0.08669553 -0.01880000
v 0.11965215 0.08439609 -0.01880000
v 0.11724362 0.09650403 -0.01880000
v 0.11810767 0.09376707 -0.01880000
v 0.11894756 0.09020698 -0.02105649
v 0.11894756 0.09020698 -0.02105649
v 0.11725380 0.09647481 -0.01951494
v 0.11724362 0.09650403 -0.01880000
v 0.11725380 0.09647481 -0.01951494
v 0.11691516 0.09740353 -0.01928653
v 0.11724362 0.09650403 -0.01880000
v 0.11724362 0.09650403 -0.01880000
v 0.11691516 0.09740353 -0.01928653
v 0.11643005 0.09863229 -0.01880000
v 0.11691516 0.09740353 -0.01928653
v 0.11611274 0.09938172 -0.01880000
v 0.11643005 0.09863229 -0.01880000
v 0.10711638 0.05253766 -0.02848526
v 0.10698158 0.05240736 -0.03035315
v 0.11093311 0.05666825 -0.02794872
v 0.10698158 0.05240736 -0.03035315
v 0.10982692 0.05534251 -0.02963127
v 0.11093311 0.05666825 -0.02794872
v 0.11156241 0.05748277 -0.02305674
v 0.10785969 0.05325691 -0.02373199
v 0.10711638 0.05253766 -0.02848526
v 0.11178917 0.05777626 -0.02080433
v 0.10809315 0.05348280 -0.02143400
v 0.10785969 0.05325691 -0.02373199
v 0.10809925 0.05348876 -0.02108720
v 0.10809315 0.05348280 -0.02143400
v 0.11143739 0.05730906 -0.02014762
v 0.10809315 0.05348280 -0.02143400
v 0.11178917 0.05777626 -0.02080433
v 0.11143739 0.05730906 -0.02014762
v 0.11143739 0.05730906 -0.02014762
v 0.11178917 0.05777626 -0.02080433
v 0.11496137 0.06278837 -0.01880000
v 0.11178917 0.05777626 -0.02080433
v 0.11506662 0.06298906 -0.01952398
v 0.11496137 0.06278837 -0.01880000
v 0.11496137 0.06278837 -0.01880000
v 0.11506662 0.06298906 -0.01952398
v 0.11508524 0.06302296 -0.01880000
v 0.11810767 0.09376707 -0.01880000
v 0.11892528 0.09031316 -0.01966897
v 0.11894756 0.09020698 -0.02105649
v 0.11892528 0.09031316 -0.01966897
v 0.11967909 0.08393369 -0.02123747
v 0.11894756 0.09020698 -0.02105649
v 0.11894756 0.09020698 -0.02105649
v 0.11967909 0.08393369 -0.02123747
v 0.11968540 0.08382552 -0.02262598
v 0.11967909 0.08393369 -0.02123747
v 0.11947785 0.07758734 -0.02279839
v 0.11968540 0.08382552 -0.02262598
v 0.11968540 0.08382552 -0.02262598
v 0.11947785 0.07758734 -0.02279839
v 0.11946795 0.07747942 -0.02418678
v 0.11947785 0.07758734 -0.02279839
v 0.11878371 0.07326928 -0.02386079
v 0.11946795 0.07747942 -0.02418678
v 0.11946795 0.07747942 -0.02418678
v 0.11878371 0.07326928 -0.02386079
v 0.11876255 0.07316289 -0.02524841
v 0.11878371 0.07326928 -0.02386079
v 0.11702199 0.06732451 -0.02532394
v 0.11876255 0.07316289 -0.02524841
v 0.11876255 0.07316289 -0.02524841
v 0.11702199 0.06732451 -0.02532394
v 0.11698488 0.06722234 -0.02670947
v 0.10982692 0.05534251 -0.02963127
v 0.11086602 0.05658165 -0.02932651
v 0.11093311 0.05666825 -0.02794872
v 0.11086602 0.05658165 -0.02932651
v 0.11237589 0.05858534 -0.02883370
v 0.11093311 0.05666825 -0.02794872
v 0.11093311 0.05666825 -0.02794872
v 0.11237589 0.05858534 -0.02883370
v 0.11439562 0.06176676 -0.02669250
v 0.11237589 0.05858534 -0.02883370
v 0.11455510 0.06204464 -0.02798291
v 0.11439562 0.06176676 -0.02669250
v 0.11439562 0.06176676 -0.02669250
v 0.11455510 0.06204464 -0.02798291
v 0.11702199 0.06732451 -0.02532394
v 0.11455510 0.06204464 -0.02798291
v 0.11636319 0.06570007 -0.02708387
v 0.11702199 0.06732451 -0.02532394
v 0.11702199 0.06732451 -0.02532394
v 0.11636319 0.06570007 -0.02708387
v 0.11698488 0.06722234 -0.02670947
v 0.10785969 0.05325691 -0.02373199
v 0.11156241 0.05748277 -0.02305674
v 0.11178917 0.05777626 -0.02080433
v 0.11156241 0.05748277 -0.02305674
v 0.11488888 0.06266529 -0.02178391
v 0.11178917 0.05777626 -0.02080433
v 0.11178917 0.05777626 -0.02080433
v 0.11488888 0.06266529 -0.02178391
v 0.11506662 0.06298906 -0.01952398
v 0.11488888 0.06266529 -0.02178391
v 0.11649652 0.06601229 -0.01880000
v 0.11506662 0.06298906 -0.01952398
v 0.11506662 0.06298906 -0.01952398
v 0.11649652 0.06601229 -0.01880000
v 0.11508524 0.06302296 -0.01880000
v 0.10711638 0.05253766 -0.02848526
v 0.11093311 0.05666825 -0.02794872
v 0.11156241 0.05748277 -0.02305674
v 0.11093311 0.05666825 -0.02794872
v 0.11439562 0.06176676 -0.02669250
v 0.11156241 0.05748277 -0.02305674
v 0.11156241 0.05748277 -0.02305674
v 0.11439562 0.06176676 -0.02669250
v 0.11488888 0.06266529 -0.02178391
v 0.11439562 0.06176676 -0.02669250
v 0.11702199 0.06732451 -0.02532394
v 0.11488888 0.06266529 -0.02178391
v 0.11488888 0.06266529 -0.02178391
v 0.11702199 0.06732451 -0.02532394
v 0.11737056 0.06828464 -0.02040316
v 0.11702199 0.06732451 -0.02532394
v 0.11878371 0.07326928 -0.02386079
v 0.11737056 0.06828464 -0.02040316
v 0.11737056 0.06828464 -0.02040316
v 0.11878371 0.07326928 -0.02386079
v 0.11898255 0.07426893 -0.01893219
v 0.11878371 0.07326928 -0.02386079
v 0.11908511 0.07483070 -0.01880000
v 0.11898255 0.07426893 -0.01893219
v 0.11898255 0.07426893 -0.01893219
v 0.11908511 0.07483070 -0.01880000
v 0.11774112 0.06937319 -0.01880000
v 0.05341678 0.04865043 -0.02009064
v 0.05517813 0.04747375 -0.01880000
v 0.04942955 0.05173358 -0.01880000
v 0.10698163 0.05240745 -0.02135314
v 0.10697486 0.05240373 -0.01880000
v 0.10291055 0.04908893 -0.02216931
v 0.10697486 0.05240373 -0.01880000
v 0.10449896 0.05028403 -0.01880000
v 0.10291055 0.04908893 -0.02216931
v 0.10291055 0.04908893 -0.02216931
v 0.10449896 0.05028403 -0.01880000
v 0.09835332 0.04629076 -0.01880000
v 0.09959900 0.04696370 -0.02269200
v 0.09477610 0.04459586 -0.01997153
v 0.09748477 0.04582588 -0.02297185
v 0.09477610 0.04459586 -0.01997153
v 0.09064236 0.04312829 -0.01983519
v 0.09748477 0.04582588 -0.02297185
v 0.09748477 0.04582588 -0.02297185
v 0.09064236 0.04312829 -0.01983519
v 0.09153709 0.04338832 -0.02357136
v 0.09064236 0.04312829 -0.01983519
v 0.08591525 0.04198774 -0.02040881
v 0.09153709 0.04338832 -0.02357136
v 0.09153709 0.04338832 -0.02357136
v 0.08591525 0.04198774 -0.02040881
v 0.08522877 0.04184904 -0.02394994
v 0.04452913 0.05697137 -0.01880000
v 0.04074874 0.06278838 -0.01880000
v 0.04185219 0.06084992 -0.01927676
v 0.05341678 0.04865043 -0.02009064
v 0.05755948 0.04616625 -0.02060273
v 0.05517813 0.04747375 -0.01880000
v 0.05755948 0.04616625 -0.02060273
v 0.06197469 0.04417207 -0.02095962
v 0.05517813 0.04747375 -0.01880000
v 0.05517813 0.04747375 -0.01880000
v 0.06197469 0.04417207 -0.02095962
v 0.06158591 0.04431232 -0.01880000
v 0.06197469 0.04417207 -0.02095962
v 0.06659820 0.04268714 -0.02116037
v 0.06158591 0.04431232 -0.01880000
v 0.06158591 0.04431232 -0.01880000
v 0.06659820 0.04268714 -0.02116037
v 0.06853683 0.04225771 -0.01880000
v 0.06659820 0.04268714 -0.02116037
v 0.07136593 0.04172225 -0.02120515
v 0.06853683 0.04225771 -0.01880000
v 0.07136593 0.04172225 -0.02120515
v 0.07621551 0.04128319 -0.02109445
v 0.06853683 0.04225771 -0.01880000
v 0.06853683 0.04225771 -0.01880000
v 0.07621551 0.04128319 -0.02109445
v 0.07617395 0.04133407 -0.01880000
v 0.04185219 0.06084992 -0.01927676
v 0.04324092 0.05871997 -0.01980061
v 0.04452913 0.05697137 -0.01880000
v 0.04324092 0.05871997 -0.01980061
v 0.04550003 0.05579008 -0.02052120
v 0.04452913 0.05697137 -0.01880000
v 0.04452913 0.05697137 -0.01880000
v 0.04550003 0.05579008 -0.02052120
v 0.04620029 0.05496711 -0.01880000
v 0.04550003 0.05579008 -0.02052120
v 0.04987078 0.05138782 -0.02160392
v 0.04620029 0.05496711 -0.01880000
v 0.04620029 0.05496711 -0.01880000
v 0.04987078 0.05138782 -0.02160392
v 0.04942955 0.05173358 -0.01880000
v 0.04987078 0.05138782 -0.02160392
v 0.05459803 0.04788189 -0.02246618
v 0.04942955 0.05173358 -0.01880000
v 0.04942955 0.05173358 -0.01880000
v 0.05459803 0.04788189 -0.02246618
v 0.05341678 0.04865043 -0.02009064
v 0.05459803 0.04788189 -0.02246618
v 0.05759091 0.04615356 -0.02289126
v 0.05341678 0.04865043 -0.02009064
v 0.05341678 0.04865043 -0.02009064
v 0.05759091 0.04615356 -0.02289126
v 0.05755948 0.04616625 -0.02060273
v 0.05759091 0.04615356 -0.02289126
v 0.06010682 0.04494199 -0.02318924
v 0.05755948 0.04616625 -0.02060273
v 0.05755948 0.04616625 -0.02060273
v 0.06010682 0.04494199 -0.02318924
v 0.06197469 0.04417207 -0.02095962
v 0.06010682 0.04494199 -0.02318924
v 0.06604182 0.04282984 -0.02370872
v 0.06197469 0.04417207 -0.02095962
v 0.06197469 0.04417207 -0.02095962
v 0.06604182 0.04282984 -0.02370872
v 0.06659820 0.04268714 -0.02116037
v 0.06604182 0.04282984 -0.02370872
v 0.07229716 0.04158496 -0.02401488
v 0.06659820 0.04268714 -0.02116037
v 0.06659820 0.04268714 -0.02116037
v 0.07229716 0.04158496 -0.02401488
v 0.07136593 0.04172225 -0.02120515
v 0.07229716 0.04158496 -0.02401488
v 0.07874667 0.04124768 -0.02409784
v 0.07136593 0.04172225 -0.02120515
v 0.07136593 0.04172225 -0.02120515
v 0.07874667 0.04124768 -0.02409784
v 0.07621551 0.04128319 -0.02109445
v 0.07874667 0.04124768 -0.02409784
v 0.08108567 0.04137165 -0.02082882
v 0.07621551 0.04128319 -0.02109445
v 0.07621551 0.04128319 -0.02109445
v 0.08108567 0.04137165 -0.02082882
v 0.07617395 0.04133407 -0.01880000
v 0.08108567 0.04137165 -0.02082882
v 0.08389214 0.04170470 -0.01880000
v 0.07617395 0.04133407 -0.01880000
v 0.07874667 0.04124768 -0.02409784
v 0.08522877 0.04184904 -0.02394994
v 0.08108567 0.04137165 -0.02082882
v 0.08522877 0.04184904 -0.02394994
v 0.08591525 0.04198774 -0.02040881
v 0.08108567 0.04137165 -0.02082882
v 0.08108567 0.04137165 -0.02082882
v 0.08591525 0.04198774 -0.02040881
v 0.08389214 0.04170470 -0.01880000
v 0.08591525 0.04198774 -0.02040881
v 0.09064236 0.04312829 -0.01983519
v 0.08389214 0.04170470 -0.01880000
v 0.08389214 0.04170470 -0.01880000
v 0.09064236 0.04312829 -0.01983519
v 0.09139923 0.04338045 -0.01880000
v 0.09064236 0.04312829 -0.01983519
v 0.09477610 0.04459586 -0.01997153
v 0.09139923 0.04338045 -0.01880000
v 0.09139923 0.04338045 -0.01880000
v 0.09477610 0.04459586 -0.01997153
v 0.09835332 0.04629076 -0.01880000
v 0.09477610 0.04459586 -0.01997153
v 0.09959900 0.04696370 -0.02269200
v 0.09835332 0.04629076 -0.01880000
v 0.09835332 0.04629076 -0.01880000
v 0.09959900 0.04696370 -0.02269200
v 0.10291055 0.04908893 -0.02216931
v 0.11140168 0.05726261 -0.01880000
v 0.11143739 0.05730906 -0.02014762
v 0.11496137 0.06278837 -0.01880000
v 0.11143739 0.05730906 -0.02014762
v 0.11140168 0.05726261 -0.01880000
v 0.10809925 0.05348876 -0.02108720
v 0.11140168 0.05726261 -0.01880000
v 0.10697486 0.05240373 -0.01880000
v 0.10809925 0.05348876 -0.02108720
v 0.10809925 0.05348876 -0.02108720
v 0.10697486 0.05240373 -0.01880000
v 0.10698163 0.05240745 -0.02135314
v 0.11717527 0.10824913 -0.05201934
v 0.11554409 0.11119246 -0.04837373
v 0.11383731 0.11261251 -0.04515700
v 0.11554409 0.11119246 -0.04837373
v 0.11462642 0.11253414 -0.04665659
v 0.11383731 0.11261251 -0.04515700
v 0.11383731 0.11261251 -0.04515700
v 0.11462642 0.11253414 -0.04665659
v 0.11400303 0.11336339 -0.04558870
v 0.11717527 0.10824913 -0.05201934
v 0.11383731 0.11261251 -0.04515700
v 0.11683249 0.10594203 -0.05048062
v 0.11383731 0.11261251 -0.04515700
v 0.11338308 0.11038367 -0.04360635
v 0.11683249 0.10594203 -0.05048062
v 0.11683249 0.10594203 -0.05048062
v 0.11338308 0.11038367 -0.04360635
v 0.11670373 0.10497192 -0.04973165
v 0.11670373 0.10497192 -0.04973165
v 0.11338308 0.11038367 -0.04360635
v 0.11655826 0.10373107 -0.04864284
v 0.11338308 0.11038367 -0.04360635
v 0.11310016 0.10869747 -0.04197654
v 0.11655826 0.10373107 -0.04864284
v 0.11655826 0.10373107 -0.04864284
v 0.11310016 0.10869747 -0.04197654
v 0.11640020 0.10191603 -0.04664611
v 0.11476122 0.10329746 -0.04087665
v 0.11634763 0.10065518 -0.04477574
v 0.11485311 0.10516071 -0.04401321
v 0.11634763 0.10065518 -0.04477574
v 0.11638905 0.10173291 -0.04640613
v 0.11485311 0.10516071 -0.04401321
v 0.11485311 0.10516071 -0.04401321
v 0.11638905 0.10173291 -0.04640613
v 0.11640020 0.10191603 -0.04664611
v 0.11653758 0.09818660 -0.03750331
v 0.11644947 0.09864598 -0.03969276
v 0.11484946 0.10211884 -0.03721424
v 0.11644947 0.09864598 -0.03969276
v 0.11636496 0.09952402 -0.04243639
v 0.11484946 0.10211884 -0.03721424
v 0.11484946 0.10211884 -0.03721424
v 0.11636496 0.09952402 -0.04243639
v 0.11476122 0.10329746 -0.04087665
v 0.11636496 0.09952402 -0.04243639
v 0.11634837 0.09998500 -0.04349789
v 0.11476122 0.10329746 -0.04087665
v 0.11476122 0.10329746 -0.04087665
v 0.11634837 0.09998500 -0.04349789
v 0.11634763 0.10065518 -0.04477574
v 0.11502311 0.10148444 -0.03304438
v 0.11518844 0.10121889 -0.02843332
v 0.11688999 0.09741954 -0.02552634
v 0.11688999 0.09741954 -0.02552634
v 0.11674690 0.09760500 -0.03208112
v 0.11502311 0.10148444 -0.03304438
v 0.11674690 0.09760500 -0.03208112
v 0.11663450 0.09785821 -0.03515012
v 0.11502311 0.10148444 -0.03304438
v 0.11502311 0.10148444 -0.03304438
v 0.11663450 0.09785821 -0.03515012
v 0.11484946 0.10211884 -0.03721424
v 0.11663450 0.09785821 -0.03515012
v 0.11658614 0.09800585 -0.03633656
v 0.11484946 0.10211884 -0.03721424
v 0.11484946 0.10211884 -0.03721424
v 0.11658614 0.09800585 -0.03633656
v 0.11653758 0.09818660 -0.03750331
v 0.11321715 0.10478340 -0.02746526
v 0.11333933 0.10472483 -0.01880000
v 0.11611274 0.09938172 -0.01880000
v 0.11691516 0.09740353 -0.01928653
v 0.11688999 0.09741954 -0.02552634
v 0.11611274 0.09938172 -0.01880000
v 0.11688999 0.09741954 -0.02552634
v 0.11518844 0.10121889 -0.02843332
v 0.11611274 0.09938172 -0.01880000
v 0.11611274 0.09938172 -0.01880000
v 0.11518844 0.10121889 -0.02843332
v 0.11321715 0.10478340 -0.02746526
v 0.11518844 0.10121889 -0.02843332
v 0.11502311 0.10148444 -0.03304438
v 0.11321715 0.10478340 -0.02746526
v 0.11321715 0.10478340 -0.02746526
v 0.11502311 0.10148444 -0.03304438
v 0.11306594 0.10501831 -0.03168075
v 0.11502311 0.10148444 -0.03304438
v 0.11484946 0.10211884 -0.03721424
v 0.11306594 0.10501831 -0.03168075
v 0.11306594 0.10501831 -0.03168075
v 0.11484946 0.10211884 -0.03721424
v 0.11294439 0.10548875 -0.03498277
v 0.11484946 0.10211884 -0.03721424
v 0.11476122 0.10329746 -0.04087665
v 0.11294439 0.10548875 -0.03498277
v 0.11294439 0.10548875 -0.03498277
v 0.11476122 0.10329746 -0.04087665
v 0.11289147 0.10626866 -0.03779795
v 0.11640020 0.10191603 -0.04664611
v 0.11310016 0.10869747 -0.04197654
v 0.11485311 0.10516071 -0.04401321
v 0.11310016 0.10869747 -0.04197654
v 0.11302337 0.10812771 -0.04127081
v 0.11485311 0.10516071 -0.04401321
v 0.11485311 0.10516071 -0.04401321
v 0.11302337 0.10812771 -0.04127081
v 0.11476122 0.10329746 -0.04087665
v 0.11302337 0.10812771 -0.04127081
v 0.11293748 0.10730924 -0.04003327
v 0.11476122 0.10329746 -0.04087665
v 0.11476122 0.10329746 -0.04087665
v 0.11293748 0.10730924 -0.04003327
v 0.11289147 0.10626866 -0.03779795
v 0.06071275 0.12126788 -0.02128347
v 0.06505816 0.12300181 -0.02023445
v 0.06539365 0.12332650 -0.02225457
v 0.10555828 0.11875325 -0.03499826
v 0.10211755 0.12103873 -0.03235856
v 0.10186672 0.12022436 -0.03171172
v 0.10186672 0.12022436 -0.03171172
v 0.10211755 0.12103873 -0.03235856
v 0.09808570 0.12230864 -0.02946277
v 0.08423562 0.12493002 -0.02233246
v 0.08405077 0.12478034 -0.02143341
v 0.08863704 0.12380492 -0.02223934
v 0.11383731 0.11261251 -0.04515700
v 0.11400303 0.11336339 -0.04558870
v 0.11185171 0.11582806 -0.04236613
v 0.08684652 0.12782612 -0.02609288
v 0.08624906 0.12792070 -0.02596541
v 0.08529085 0.12759957 -0.02567520
v 0.06141799 0.12153207 -0.01880000
v 0.06043264 0.12107717 -0.01895197
v 0.06053825 0.12112718 -0.01880000
v 0.06723069 0.12362389 -0.01880000
v 0.06949169 0.12418064 -0.01880000
v 0.06993723 0.12449120 -0.02143810
v 0.08819309 0.12367853 -0.01880000
v 0.09054960 0.12296554 -0.01880000
v 0.09277707 0.12220214 -0.02114609
v 0.09054960 0.12296554 -0.01880000
v 0.09320746 0.12197239 -0.01880000
v 0.09277707 0.12220214 -0.02114609
v 0.09277707 0.12220214 -0.02114609
v 0.09320746 0.12197239 -0.01880000
v 0.09699082 0.12024328 -0.02243527
v 0.09277707 0.12220214 -0.02114609
v 0.08833614 0.12368082 -0.02014381
v 0.08819309 0.12367853 -0.01880000
v 0.08833614 0.12368082 -0.02014381
v 0.08372594 0.12464395 -0.01945878
v 0.08819309 0.12367853 -0.01880000
v 0.08819309 0.12367853 -0.01880000
v 0.08372594 0.12464395 -0.01945878
v 0.08332463 0.12467881 -0.01880000
v 0.07934973 0.12522806 -0.02102087
v 0.07895631 0.12505324 -0.01880000
v 0.08144355 0.12490003 -0.01880000
v 0.05250722 0.11613218 -0.02144505
v 0.04934593 0.11336370 -0.02288326
v 0.04928552 0.11331297 -0.02218010
v 0.04971724 0.11377422 -0.02605824
v 0.05321855 0.11703569 -0.02675755
v 0.05009570 0.11442873 -0.02857606
v 0.05321855 0.11703569 -0.02675755
v 0.05340034 0.11746274 -0.02789967
v 0.05009570 0.11442873 -0.02857606
v 0.05009570 0.11442873 -0.02857606
v 0.05340034 0.11746274 -0.02789967
v 0.05038886 0.11527924 -0.03051845
v 0.05019828 0.12073439 -0.03511400
v 0.05030057 0.12021394 -0.03489864
v 0.05348832 0.12216428 -0.03247574
v 0.05030057 0.12021394 -0.03489864
v 0.05051782 0.11878002 -0.03416399
v 0.05348832 0.12216428 -0.03247574
v 0.05348832 0.12216428 -0.03247574
v 0.05051782 0.11878002 -0.03416399
v 0.05363942 0.12112969 -0.03199341
v 0.05051782 0.11878002 -0.03416399
v 0.05058493 0.11801890 -0.03365931
v 0.05363942 0.12112969 -0.03199341
v 0.05363942 0.12112969 -0.03199341
v 0.05058493 0.11801890 -0.03365931
v 0.05371766 0.12018886 -0.03140349
v 0.05058493 0.11801890 -0.03365931
v 0.05060892 0.11734897 -0.03312272
v 0.05371766 0.12018886 -0.03140349
v 0.05371766 0.12018886 -0.03140349
v 0.05060892 0.11734897 -0.03312272
v 0.05372474 0.11934958 -0.03069897
v 0.05060892 0.11734897 -0.03312272
v 0.05056468 0.11631035 -0.03204944
v 0.05372474 0.11934958 -0.03069897
v 0.05372474 0.11934958 -0.03069897
v 0.05056468 0.11631035 -0.03204944
v 0.05366705 0.11861573 -0.02987793
v 0.05056468 0.11631035 -0.03204944
v 0.05038886 0.11527924 -0.03051845
v 0.05366705 0.11861573 -0.02987793
v 0.05366705 0.11861573 -0.02987793
v 0.05038886 0.11527924 -0.03051845
v 0.05355467 0.11798768 -0.02894279
v 0.05038886 0.11527924 -0.03051845
v 0.05340034 0.11746274 -0.02789967
v 0.05355467 0.11798768 -0.02894279
v 0.05007001 0.12132521 -0.03533369
v 0.05019828 0.12073439 -0.03511400
v 0.05166205 0.12226583 -0.03403170
v 0.05019828 0.12073439 -0.03511400
v 0.05348832 0.12216428 -0.03247574
v 0.05166205 0.12226583 -0.03403170
v 0.05166205 0.12226583 -0.03403170
v 0.05348832 0.12216428 -0.03247574
v 0.05510428 0.12400340 -0.03161742
v 0.05348832 0.12216428 -0.03247574
v 0.05652440 0.12461583 -0.03076127
v 0.05510428 0.12400340 -0.03161742
v 0.06857643 0.12792070 -0.02608795
v 0.06473992 0.12719634 -0.02712405
v 0.06602851 0.12684672 -0.02658997
v 0.08276464 0.12721078 -0.02503959
v 0.08217297 0.12792073 -0.02521926
v 0.08035702 0.12738939 -0.02481663
v 0.08217297 0.12792073 -0.02521926
v 0.07847562 0.12792091 -0.02493058
v 0.08035702 0.12738939 -0.02481663
v 0.08035702 0.12738939 -0.02481663
v 0.07847562 0.12792091 -0.02493058
v 0.07793551 0.12745462 -0.02472860
v 0.07847562 0.12792091 -0.02493058
v 0.07464261 0.12792100 -0.02505329
v 0.07793551 0.12745462 -0.02472860
v 0.07793551 0.12745462 -0.02472860
v 0.07464261 0.12792100 -0.02505329
v 0.07551264 0.12740585 -0.02477623
v 0.08529085 0.12759957 -0.02567520
v 0.08624906 0.12792070 -0.02596541
v 0.08288930 0.12787943 -0.02530801
v 0.08684652 0.12782612 -0.02609288
v 0.08529085 0.12759957 -0.02567520
v 0.09041853 0.12712295 -0.02704704
v 0.08529085 0.12759957 -0.02567520
v 0.08996929 0.12673382 -0.02680228
v 0.09041853 0.12712295 -0.02704704
v 0.09041853 0.12712295 -0.02704704
v 0.08996929 0.12673382 -0.02680228
v 0.09421233 0.12610173 -0.02844196
v 0.08996929 0.12673382 -0.02680228
v 0.09441767 0.12548468 -0.02841607
v 0.09421233 0.12610173 -0.02844196
v 0.09421233 0.12610173 -0.02844196
v 0.09441767 0.12548468 -0.02841607
v 0.09454971 0.12599635 -0.02858634
v 0.09454971 0.12599635 -0.02858634
v 0.09441767 0.12548468 -0.02841607
v 0.09744687 0.12498383 -0.02997359
v 0.09441767 0.12548468 -0.02841607
v 0.09857441 0.12388759 -0.03046322
v 0.09744687 0.12498383 -0.02997359
v 0.09744687 0.12498383 -0.02997359
v 0.09857441 0.12388759 -0.03046322
v 0.09848442 0.12457115 -0.03053818
v 0.09848442 0.12457115 -0.03053818
v 0.09857441 0.12388759 -0.03046322
v 0.10064628 0.12361896 -0.03184019
v 0.09857441 0.12388759 -0.03046322
v 0.10239629 0.12198137 -0.03288613
v 0.10064628 0.12361896 -0.03184019
v 0.10064628 0.12361896 -0.03184019
v 0.10239629 0.12198137 -0.03288613
v 0.10377630 0.12199482 -0.03406110
v 0.10377630 0.12199482 -0.03406110
v 0.10239629 0.12198137 -0.03288613
v 0.10502816 0.12125048 -0.03507631
v 0.10239629 0.12198137 -0.03288613
v 0.10585656 0.11980574 -0.03562790
v 0.10502816 0.12125048 -0.03507631
v 0.10502816 0.12125048 -0.03507631
v 0.10585656 0.11980574 -0.03562790
v 0.10658445 0.12023550 -0.03645489
v 0.11338308 0.11038367 -0.04360635
v 0.11383731 0.11261251 -0.04515700
v 0.11133930 0.11347862 -0.04100103
v 0.11383731 0.11261251 -0.04515700
v 0.11185171 0.11582806 -0.04236613
v 0.11133930 0.11347862 -0.04100103
v 0.11133930 0.11347862 -0.04100103
v 0.11185171 0.11582806 -0.04236613
v 0.11060829 0.11703706 -0.04075842
v 0.11133930 0.11347862 -0.04100103
v 0.11108966 0.11231831 -0.04002180
v 0.11338308 0.11038367 -0.04360635
v 0.11108966 0.11231831 -0.04002180
v 0.11090045 0.11132085 -0.03892507
v 0.11338308 0.11038367 -0.04360635
v 0.11338308 0.11038367 -0.04360635
v 0.11090045 0.11132085 -0.03892507
v 0.11310016 0.10869747 -0.04197654
v 0.11310016 0.10869747 -0.04197654
v 0.11090045 0.11132085 -0.03892507
v 0.11302337 0.10812771 -0.04127081
v 0.11090045 0.11132085 -0.03892507
v 0.11076973 0.11048691 -0.03770545
v 0.11302337 0.10812771 -0.04127081
v 0.11302337 0.10812771 -0.04127081
v 0.11076973 0.11048691 -0.03770545
v 0.11293748 0.10730924 -0.04003327
v 0.11076973 0.11048691 -0.03770545
v 0.11069254 0.10981084 -0.03636176
v 0.11293748 0.10730924 -0.04003327
v 0.11293748 0.10730924 -0.04003327
v 0.11069254 0.10981084 -0.03636176
v 0.11289147 0.10626866 -0.03779795
v 0.11306594 0.10501831 -0.03168075
v 0.11086488 0.10824009 -0.02602824
v 0.11321715 0.10478340 -0.02746526
v 0.11086488 0.10824009 -0.02602824
v 0.10890074 0.11075202 -0.01880000
v 0.11321715 0.10478340 -0.02746526
v 0.11321715 0.10478340 -0.02746526
v 0.10890074 0.11075202 -0.01880000
v 0.11333933 0.10472483 -0.01880000
v 0.06154165 0.12636848 -0.02829441
v 0.05822689 0.12527747 -0.02983101
v 0.06154696 0.12562925 -0.02813010
v 0.05822689 0.12527747 -0.02983101
v 0.05735134 0.12405512 -0.03011133
v 0.06154696 0.12562925 -0.02813010
v 0.06154696 0.12562925 -0.02813010
v 0.05735134 0.12405512 -0.03011133
v 0.06161539 0.12479722 -0.02778863
v 0.05735134 0.12405512 -0.03011133
v 0.05746270 0.12313020 -0.02970791
v 0.06161539 0.12479722 -0.02778863
v 0.06161539 0.12479722 -0.02778863
v 0.05746270 0.12313020 -0.02970791
v 0.05953166 0.12321855 -0.02821879
v 0.05746270 0.12313020 -0.02970791
v 0.05751050 0.12229418 -0.02919499
v 0.05953166 0.12321855 -0.02821879
v 0.05953166 0.12321855 -0.02821879
v 0.05751050 0.12229418 -0.02919499
v 0.05749652 0.12155376 -0.02856679
v 0.05749652 0.12155376 -0.02856679
v 0.05950577 0.12252208 -0.02762363
v 0.05953166 0.12321855 -0.02821879
v 0.05950577 0.12252208 -0.02762363
v 0.06162934 0.12405016 -0.02733739
v 0.05953166 0.12321855 -0.02821879
v 0.05953166 0.12321855 -0.02821879
v 0.06162934 0.12405016 -0.02733739
v 0.06161539 0.12479722 -0.02778863
v 0.06162934 0.12405016 -0.02733739
v 0.06380173 0.12549251 -0.02698445
v 0.06161539 0.12479722 -0.02778863
v 0.06161539 0.12479722 -0.02778863
v 0.06380173 0.12549251 -0.02698445
v 0.06154696 0.12562925 -0.02813010
v 0.06380173 0.12549251 -0.02698445
v 0.06602851 0.12684672 -0.02658997
v 0.06154696 0.12562925 -0.02813010
v 0.06154696 0.12562925 -0.02813010
v 0.06602851 0.12684672 -0.02658997
v 0.06154165 0.12636848 -0.02829441
v 0.06602851 0.12684672 -0.02658997
v 0.06473992 0.12719634 -0.02712405
v 0.06154165 0.12636848 -0.02829441
v 0.05749652 0.12155376 -0.02856679
v 0.05742669 0.12091178 -0.02782288
v 0.05950577 0.12252208 -0.02762363
v 0.05742669 0.12091178 -0.02782288
v 0.06159071 0.12339383 -0.02677158
v 0.05950577 0.12252208 -0.02762363
v 0.05950577 0.12252208 -0.02762363
v 0.06159071 0.12339383 -0.02677158
v 0.06162934 0.12405016 -0.02733739
v 0.06159071 0.12339383 -0.02677158
v 0.06379789 0.12478355 -0.02655804
v 0.06162934 0.12405016 -0.02733739
v 0.06162934 0.12405016 -0.02733739
v 0.06379789 0.12478355 -0.02655804
v 0.06380173 0.12549251 -0.02698445
v 0.06379789 0.12478355 -0.02655804
v 0.06605274 0.12608890 -0.02629339
v 0.06380173 0.12549251 -0.02698445
v 0.06380173 0.12549251 -0.02698445
v 0.06605274 0.12608890 -0.02629339
v 0.06602851 0.12684672 -0.02658997
v 0.06605274 0.12608890 -0.02629339
v 0.06835783 0.12731017 -0.02600241
v 0.06602851 0.12684672 -0.02658997
v 0.06602851 0.12684672 -0.02658997
v 0.06835783 0.12731017 -0.02600241
v 0.06857643 0.12792070 -0.02608795
v 0.06835783 0.12731017 -0.02600241
v 0.07083905 0.12792102 -0.02558948
v 0.06857643 0.12792070 -0.02608795
v 0.07291418 0.12612340 -0.02410989
v 0.07043199 0.12536018 -0.02381075
v 0.07277589 0.12569350 -0.02351978
v 0.07043199 0.12536018 -0.02381075
v 0.07028026 0.12499480 -0.02310843
v 0.07277589 0.12569350 -0.02351978
v 0.07277589 0.12569350 -0.02351978
v 0.07028026 0.12499480 -0.02310843
v 0.07497600 0.12556991 -0.02266000
v 0.06949169 0.12418064 -0.01880000
v 0.07426705 0.12491041 -0.01880000
v 0.06993723 0.12449120 -0.02143810
v 0.07426705 0.12491041 -0.01880000
v 0.07461649 0.12513129 -0.02102161
v 0.06993723 0.12449120 -0.02143810
v 0.06993723 0.12449120 -0.02143810
v 0.07461649 0.12513129 -0.02102161
v 0.07011225 0.12470771 -0.02231317
v 0.07461649 0.12513129 -0.02102161
v 0.07479741 0.12531632 -0.02187989
v 0.07011225 0.12470771 -0.02231317
v 0.07011225 0.12470771 -0.02231317
v 0.07479741 0.12531632 -0.02187989
v 0.07028026 0.12499480 -0.02310843
v 0.07426705 0.12491041 -0.01880000
v 0.07895631 0.12505324 -0.01880000
v 0.07461649 0.12513129 -0.02102161
v 0.07895631 0.12505324 -0.01880000
v 0.07934973 0.12522806 -0.02102087
v 0.07461649 0.12513129 -0.02102161
v 0.07461649 0.12513129 -0.02102161
v 0.07934973 0.12522806 -0.02102087
v 0.07479741 0.12531632 -0.02187989
v 0.07934973 0.12522806 -0.02102087
v 0.07953500 0.12539050 -0.02188715
v 0.07479741 0.12531632 -0.02187989
v 0.07529335 0.12631509 -0.02393459
v 0.07514390 0.12590069 -0.02334848
v 0.07768449 0.12638296 -0.02388589
v 0.07514390 0.12590069 -0.02334848
v 0.07752427 0.12598006 -0.02329885
v 0.07768449 0.12638296 -0.02388589
v 0.07768449 0.12638296 -0.02388589
v 0.07752427 0.12598006 -0.02329885
v 0.08007529 0.12632687 -0.02396400
v 0.07752427 0.12598006 -0.02329885
v 0.07990500 0.12593140 -0.02337107
v 0.08007529 0.12632687 -0.02396400
v 0.08007529 0.12632687 -0.02396400
v 0.07990500 0.12593140 -0.02337107
v 0.08245356 0.12614743 -0.02416816
v 0.06150501 0.12283020 -0.02609188
v 0.06365082 0.12363379 -0.02536453
v 0.06374582 0.12416346 -0.02601769
v 0.06365082 0.12363379 -0.02536453
v 0.06596465 0.12482567 -0.02536870
v 0.06374582 0.12416346 -0.02601769
v 0.06374582 0.12416346 -0.02601769
v 0.06596465 0.12482567 -0.02536870
v 0.06603076 0.12541355 -0.02588766
v 0.06596465 0.12482567 -0.02536870
v 0.06831968 0.12593548 -0.02533273
v 0.06603076 0.12541355 -0.02588766
v 0.06603076 0.12541355 -0.02588766
v 0.06831968 0.12593548 -0.02533273
v 0.06835997 0.12658188 -0.02572195
v 0.06831968 0.12593548 -0.02533273
v 0.07071294 0.12696773 -0.02527559
v 0.06835997 0.12658188 -0.02572195
v 0.06835997 0.12658188 -0.02572195
v 0.07071294 0.12696773 -0.02527559
v 0.07073270 0.12767188 -0.02554403
v 0.07071294 0.12696773 -0.02527559
v 0.07314241 0.12792866 -0.02521974
v 0.07073270 0.12767188 -0.02554403
v 0.06150501 0.12283020 -0.02609188
v 0.06138050 0.12235793 -0.02530360
v 0.06365082 0.12363379 -0.02536453
v 0.06138050 0.12235793 -0.02530360
v 0.06585954 0.12432643 -0.02473800
v 0.06365082 0.12363379 -0.02536453
v 0.06365082 0.12363379 -0.02536453
v 0.06585954 0.12432643 -0.02473800
v 0.06596465 0.12482567 -0.02536870
v 0.06585954 0.12432643 -0.02473800
v 0.06823909 0.12537566 -0.02483094
v 0.06596465 0.12482567 -0.02536870
v 0.06596465 0.12482567 -0.02536870
v 0.06823909 0.12537566 -0.02483094
v 0.06831968 0.12593548 -0.02533273
v 0.06823909 0.12537566 -0.02483094
v 0.07065430 0.12634546 -0.02489869
v 0.06831968 0.12593548 -0.02533273
v 0.06831968 0.12593548 -0.02533273
v 0.07065430 0.12634546 -0.02489869
v 0.07071294 0.12696773 -0.02527559
v 0.07065430 0.12634546 -0.02489869
v 0.07310102 0.12724312 -0.02495927
v 0.07071294 0.12696773 -0.02527559
v 0.07071294 0.12696773 -0.02527559
v 0.07310102 0.12724312 -0.02495927
v 0.07314241 0.12792866 -0.02521974
v 0.08442748 0.12515086 -0.02315133
v 0.08423562 0.12493002 -0.02233246
v 0.08881402 0.12395252 -0.02319422
v 0.08423562 0.12493002 -0.02233246
v 0.08863704 0.12380492 -0.02223934
v 0.08881402 0.12395252 -0.02319422
v 0.08863704 0.12380492 -0.02223934
v 0.09303760 0.12233152 -0.02340667
v 0.08881402 0.12395252 -0.02319422
v 0.08881402 0.12395252 -0.02319422
v 0.09303760 0.12233152 -0.02340667
v 0.09319796 0.12248852 -0.02443741
v 0.09303760 0.12233152 -0.02340667
v 0.09719491 0.12039740 -0.02489684
v 0.09319796 0.12248852 -0.02443741
v 0.09319796 0.12248852 -0.02443741
v 0.09719491 0.12039740 -0.02489684
v 0.09732994 0.12057608 -0.02601963
v 0.08442748 0.12515086 -0.02315133
v 0.08881402 0.12395252 -0.02319422
v 0.08900297 0.12417566 -0.02406558
v 0.08881402 0.12395252 -0.02319422
v 0.09319796 0.12248852 -0.02443741
v 0.08900297 0.12417566 -0.02406558
v 0.08900297 0.12417566 -0.02406558
v 0.09319796 0.12248852 -0.02443741
v 0.09337542 0.12272724 -0.02538020
v 0.09319796 0.12248852 -0.02443741
v 0.09732994 0.12057608 -0.02601963
v 0.09337542 0.12272724 -0.02538020
v 0.09337542 0.12272724 -0.02538020
v 0.09732994 0.12057608 -0.02601963
v 0.09748726 0.12084422 -0.02704931
v 0.09748726 0.12084422 -0.02704931
v 0.09346969 0.12288141 -0.02581417
v 0.09337542 0.12272724 -0.02538020
v 0.09346969 0.12288141 -0.02581417
v 0.08910044 0.12431938 -0.02446546
v 0.09337542 0.12272724 -0.02538020
v 0.09337542 0.12272724 -0.02538020
v 0.08910044 0.12431938 -0.02446546
v 0.08900297 0.12417566 -0.02406558
v 0.08910044 0.12431938 -0.02446546
v 0.08452408 0.12529142 -0.02352625
v 0.08900297 0.12417566 -0.02406558
v 0.08900297 0.12417566 -0.02406558
v 0.08452408 0.12529142 -0.02352625
v 0.08442748 0.12515086 -0.02315133
v 0.08452408 0.12529142 -0.02352625
v 0.08208591 0.12545083 -0.02285663
v 0.08442748 0.12515086 -0.02315133
v 0.08442748 0.12515086 -0.02315133
v 0.08208591 0.12545083 -0.02285663
v 0.08423562 0.12493002 -0.02233246
v 0.08208591 0.12545083 -0.02285663
v 0.07953500 0.12539050 -0.02188715
v 0.08423562 0.12493002 -0.02233246
v 0.08423562 0.12493002 -0.02233246
v 0.07953500 0.12539050 -0.02188715
v 0.08405077 0.12478034 -0.02143341
v 0.07953500 0.12539050 -0.02188715
v 0.07934973 0.12522806 -0.02102087
v 0.08405077 0.12478034 -0.02143341
v 0.08227413 0.12575524 -0.02356437
v 0.08462008 0.12545364 -0.02387611
v 0.08471476 0.12563848 -0.02419959
v 0.08462008 0.12545364 -0.02387611
v 0.08919912 0.12448626 -0.02483944
v 0.08471476 0.12563848 -0.02419959
v 0.08471476 0.12563848 -0.02419959
v 0.08919912 0.12448626 -0.02483944
v 0.08929841 0.12467742 -0.02518617
v 0.08919912 0.12448626 -0.02483944
v 0.09356717 0.12306067 -0.02622119
v 0.08929841 0.12467742 -0.02518617
v 0.08929841 0.12467742 -0.02518617
v 0.09356717 0.12306067 -0.02622119
v 0.09366747 0.12326626 -0.02659995
v 0.09356717 0.12306067 -0.02622119
v 0.09766638 0.12121575 -0.02797255
v 0.09366747 0.12326626 -0.02659995
v 0.09366747 0.12326626 -0.02659995
v 0.09766638 0.12121575 -0.02797255
v 0.09776384 0.12144386 -0.02839089
v 0.07028026 0.12499480 -0.02310843
v 0.07479741 0.12531632 -0.02187989
v 0.07497600 0.12556991 -0.02266000
v 0.07479741 0.12531632 -0.02187989
v 0.07953500 0.12539050 -0.02188715
v 0.07497600 0.12556991 -0.02266000
v 0.07497600 0.12556991 -0.02266000
v 0.07953500 0.12539050 -0.02188715
v 0.07972258 0.12562174 -0.02267512
v 0.07953500 0.12539050 -0.02188715
v 0.08208591 0.12545083 -0.02285663
v 0.07972258 0.12562174 -0.02267512
v 0.07972258 0.12562174 -0.02267512
v 0.08208591 0.12545083 -0.02285663
v 0.08227413 0.12575524 -0.02356437
v 0.08208591 0.12545083 -0.02285663
v 0.08452408 0.12529142 -0.02352625
v 0.08227413 0.12575524 -0.02356437
v 0.08227413 0.12575524 -0.02356437
v 0.08452408 0.12529142 -0.02352625
v 0.08462008 0.12545364 -0.02387611
v 0.08452408 0.12529142 -0.02352625
v 0.08910044 0.12431938 -0.02446546
v 0.08462008 0.12545364 -0.02387611
v 0.08462008 0.12545364 -0.02387611
v 0.08910044 0.12431938 -0.02446546
v 0.08919912 0.12448626 -0.02483944
v 0.08910044 0.12431938 -0.02446546
v 0.09346969 0.12288141 -0.02581417
v 0.08919912 0.12448626 -0.02483944
v 0.08919912 0.12448626 -0.02483944
v 0.09346969 0.12288141 -0.02581417
v 0.09356717 0.12306067 -0.02622119
v 0.09346969 0.12288141 -0.02581417
v 0.09748726 0.12084422 -0.02704931
v 0.09356717 0.12306067 -0.02622119
v 0.09356717 0.12306067 -0.02622119
v 0.09748726 0.12084422 -0.02704931
v 0.09766638 0.12121575 -0.02797255
v 0.09748726 0.12084422 -0.02704931
v 0.10145623 0.11899350 -0.03004242
v 0.09766638 0.12121575 -0.02797255
v 0.09766638 0.12121575 -0.02797255
v 0.10145623 0.11899350 -0.03004242
v 0.09776384 0.12144386 -0.02839089
v 0.10461423 0.11531122 -0.02868610
v 0.10782032 0.11224438 -0.03091152
v 0.10467993 0.11557274 -0.03002591
v 0.10782032 0.11224438 -0.03091152
v 0.10784845 0.11256727 -0.03237000
v 0.10467993 0.11557274 -0.03002591
v 0.10467993 0.11557274 -0.03002591
v 0.10784845 0.11256727 -0.03237000
v 0.10477729 0.11594304 -0.03126132
v 0.10106480 0.11804309 -0.02666966
v 0.10461423 0.11531122 -0.02868610
v 0.10116734 0.11825647 -0.02789668
v 0.10461423 0.11531122 -0.02868610
v 0.10467993 0.11557274 -0.03002591
v 0.10116734 0.11825647 -0.02789668
v 0.10116734 0.11825647 -0.02789668
v 0.10467993 0.11557274 -0.03002591
v 0.10129711 0.11856840 -0.02902503
v 0.10467993 0.11557274 -0.03002591
v 0.10477729 0.11594304 -0.03126132
v 0.10129711 0.11856840 -0.02902503
v 0.10129711 0.11856840 -0.02902503
v 0.10477729 0.11594304 -0.03126132
v 0.10491099 0.11643716 -0.03238165
v 0.09719491 0.12039740 -0.02489684
v 0.10106480 0.11804309 -0.02666966
v 0.09732994 0.12057608 -0.02601963
v 0.10106480 0.11804309 -0.02666966
v 0.10116734 0.11825647 -0.02789668
v 0.09732994 0.12057608 -0.02601963
v 0.09732994 0.12057608 -0.02601963
v 0.10116734 0.11825647 -0.02789668
v 0.09748726 0.12084422 -0.02704931
v 0.10116734 0.11825647 -0.02789668
v 0.10129711 0.11856840 -0.02902503
v 0.09748726 0.12084422 -0.02704931
v 0.09748726 0.12084422 -0.02704931
v 0.10129711 0.11856840 -0.02902503
v 0.10145623 0.11899350 -0.03004242
v 0.10129711 0.11856840 -0.02902503
v 0.10491099 0.11643716 -0.03238165
v 0.10145623 0.11899350 -0.03004242
v 0.10145623 0.11899350 -0.03004242
v 0.10491099 0.11643716 -0.03238165
v 0.10508464 0.11706661 -0.03337941
v 0.09808570 0.12230864 -0.02946277
v 0.09408935 0.12436642 -0.02781708
v 0.09398151 0.12404891 -0.02755830
v 0.09408935 0.12436642 -0.02781708
v 0.08969120 0.12569819 -0.02628439
v 0.09398151 0.12404891 -0.02755830
v 0.09398151 0.12404891 -0.02755830
v 0.08969120 0.12569819 -0.02628439
v 0.08959462 0.12540387 -0.02605406
v 0.08969120 0.12569819 -0.02628439
v 0.08506726 0.12661609 -0.02521304
v 0.08959462 0.12540387 -0.02605406
v 0.08959462 0.12540387 -0.02605406
v 0.08506726 0.12661609 -0.02521304
v 0.08498420 0.12633537 -0.02500270
v 0.08506726 0.12661609 -0.02521304
v 0.08269414 0.12690993 -0.02486431
v 0.08498420 0.12633537 -0.02500270
v 0.08498420 0.12633537 -0.02500270
v 0.08269414 0.12690993 -0.02486431
v 0.08261852 0.12663227 -0.02466073
v 0.08269414 0.12690993 -0.02486431
v 0.08029529 0.12708974 -0.02464569
v 0.08261852 0.12663227 -0.02466073
v 0.08261852 0.12663227 -0.02466073
v 0.08029529 0.12708974 -0.02464569
v 0.08022748 0.12681261 -0.02444668
v 0.08029529 0.12708974 -0.02464569
v 0.07788280 0.12715349 -0.02455989
v 0.08022748 0.12681261 -0.02444668
v 0.08022748 0.12681261 -0.02444668
v 0.07788280 0.12715349 -0.02455989
v 0.07782312 0.12687431 -0.02436328
v 0.07788280 0.12715349 -0.02455989
v 0.07546917 0.12710051 -0.02460766
v 0.07782312 0.12687431 -0.02436328
v 0.07782312 0.12687431 -0.02436328
v 0.07546917 0.12710051 -0.02460766
v 0.07541785 0.12681675 -0.02441129
v 0.07546917 0.12710051 -0.02460766
v 0.07302417 0.12663998 -0.02459046
v 0.07541785 0.12681675 -0.02441129
v 0.10164600 0.11954314 -0.03093967
v 0.09797370 0.12198973 -0.02913648
v 0.09786634 0.12170159 -0.02877910
v 0.09797370 0.12198973 -0.02913648
v 0.09387501 0.12375984 -0.02726908
v 0.09786634 0.12170159 -0.02877910
v 0.09786634 0.12170159 -0.02877910
v 0.09387501 0.12375984 -0.02726908
v 0.09377021 0.12349907 -0.02694951
v 0.09387501 0.12375984 -0.02726908
v 0.08949667 0.12513573 -0.02579410
v 0.09377021 0.12349907 -0.02694951
v 0.09377021 0.12349907 -0.02694951
v 0.08949667 0.12513573 -0.02579410
v 0.08939777 0.12489369 -0.02550467
v 0.08949667 0.12513573 -0.02579410
v 0.08489742 0.12607893 -0.02476352
v 0.08939777 0.12489369 -0.02550467
v 0.08939777 0.12489369 -0.02550467
v 0.08489742 0.12607893 -0.02476352
v 0.08480743 0.12584673 -0.02449567
v 0.08489742 0.12607893 -0.02476352
v 0.08253815 0.12637812 -0.02442862
v 0.08480743 0.12584673 -0.02449567
v 0.08480743 0.12584673 -0.02449567
v 0.08253815 0.12637812 -0.02442862
v 0.08245356 0.12614743 -0.02416816
v 0.08253815 0.12637812 -0.02442862
v 0.08015397 0.12655833 -0.02421939
v 0.08245356 0.12614743 -0.02416816
v 0.08245356 0.12614743 -0.02416816
v 0.08015397 0.12655833 -0.02421939
v 0.08007529 0.12632687 -0.02396400
v 0.08015397 0.12655833 -0.02421939
v 0.07775683 0.12661746 -0.02413855
v 0.08007529 0.12632687 -0.02396400
v 0.08007529 0.12632687 -0.02396400
v 0.07775683 0.12661746 -0.02413855
v 0.07768449 0.12638296 -0.02388589
v 0.07775683 0.12661746 -0.02413855
v 0.07535905 0.12655492 -0.02418687
v 0.07768449 0.12638296 -0.02388589
v 0.07768449 0.12638296 -0.02388589
v 0.07535905 0.12655492 -0.02418687
v 0.07529335 0.12631509 -0.02393459
v 0.08624906 0.12792070 -0.02596541
v 0.08217297 0.12792073 -0.02521926
v 0.08288930 0.12787943 -0.02530801
v 0.08217297 0.12792073 -0.02521926
v 0.08276464 0.12721078 -0.02503959
v 0.08288930 0.12787943 -0.02530801
v 0.08288930 0.12787943 -0.02530801
v 0.08276464 0.12721078 -0.02503959
v 0.08529085 0.12759957 -0.02567520
v 0.08276464 0.12721078 -0.02503959
v 0.08514623 0.12692080 -0.02539475
v 0.08529085 0.12759957 -0.02567520
v 0.08529085 0.12759957 -0.02567520
v 0.08514623 0.12692080 -0.02539475
v 0.08996929 0.12673382 -0.02680228
v 0.08514623 0.12692080 -0.02539475
v 0.08978602 0.12601842 -0.02648536
v 0.08996929 0.12673382 -0.02680228
v 0.08996929 0.12673382 -0.02680228
v 0.08978602 0.12601842 -0.02648536
v 0.09441767 0.12548468 -0.02841607
v 0.08978602 0.12601842 -0.02648536
v 0.09419820 0.12471205 -0.02804574
v 0.09441767 0.12548468 -0.02841607
v 0.09441767 0.12548468 -0.02841607
v 0.09419820 0.12471205 -0.02804574
v 0.09857441 0.12388759 -0.03046322
v 0.09419820 0.12471205 -0.02804574
v 0.09832253 0.12303872 -0.03002249
v 0.09857441 0.12388759 -0.03046322
v 0.09857441 0.12388759 -0.03046322
v 0.09832253 0.12303872 -0.03002249
v 0.10239629 0.12198137 -0.03288613
v 0.07535905 0.12655492 -0.02418687
v 0.07291418 0.12612340 -0.02410989
v 0.07529335 0.12631509 -0.02393459
v 0.07291418 0.12612340 -0.02410989
v 0.07277589 0.12569350 -0.02351978
v 0.07529335 0.12631509 -0.02393459
v 0.07529335 0.12631509 -0.02393459
v 0.07277589 0.12569350 -0.02351978
v 0.07514390 0.12590069 -0.02334848
v 0.07277589 0.12569350 -0.02351978
v 0.07497600 0.12556991 -0.02266000
v 0.07514390 0.12590069 -0.02334848
v 0.07514390 0.12590069 -0.02334848
v 0.07497600 0.12556991 -0.02266000
v 0.07752427 0.12598006 -0.02329885
v 0.07497600 0.12556991 -0.02266000
v 0.07972258 0.12562174 -0.02267512
v 0.07752427 0.12598006 -0.02329885
v 0.07752427 0.12598006 -0.02329885
v 0.07972258 0.12562174 -0.02267512
v 0.07990500 0.12593140 -0.02337107
v 0.07972258 0.12562174 -0.02267512
v 0.08227413 0.12575524 -0.02356437
v 0.07990500 0.12593140 -0.02337107
v 0.07990500 0.12593140 -0.02337107
v 0.08227413 0.12575524 -0.02356437
v 0.08245356 0.12614743 -0.02416816
v 0.08227413 0.12575524 -0.02356437
v 0.08471476 0.12563848 -0.02419959
v 0.08245356 0.12614743 -0.02416816
v 0.08245356 0.12614743 -0.02416816
v 0.08471476 0.12563848 -0.02419959
v 0.08480743 0.12584673 -0.02449567
v 0.08471476 0.12563848 -0.02419959
v 0.08929841 0.12467742 -0.02518617
v 0.08480743 0.12584673 -0.02449567
v 0.08480743 0.12584673 -0.02449567
v 0.08929841 0.12467742 -0.02518617
v 0.08939777 0.12489369 -0.02550467
v 0.08929841 0.12467742 -0.02518617
v 0.09366747 0.12326626 -0.02659995
v 0.08939777 0.12489369 -0.02550467
v 0.08939777 0.12489369 -0.02550467
v 0.09366747 0.12326626 -0.02659995
v 0.09377021 0.12349907 -0.02694951
v 0.09366747 0.12326626 -0.02659995
v 0.09776384 0.12144386 -0.02839089
v 0.09377021 0.12349907 -0.02694951
v 0.09377021 0.12349907 -0.02694951
v 0.09776384 0.12144386 -0.02839089
v 0.09786634 0.12170159 -0.02877910
v 0.09776384 0.12144386 -0.02839089
v 0.10145623 0.11899350 -0.03004242
v 0.09786634 0.12170159 -0.02877910
v 0.09786634 0.12170159 -0.02877910
v 0.10145623 0.11899350 -0.03004242
v 0.10164600 0.11954314 -0.03093967
v 0.10145623 0.11899350 -0.03004242
v 0.10508464 0.11706661 -0.03337941
v 0.10164600 0.11954314 -0.03093967
v 0.10164600 0.11954314 -0.03093967
v 0.10508464 0.11706661 -0.03337941
v 0.10530032 0.11783828 -0.03425114
v 0.06505816 0.12300181 -0.02023445
v 0.06723069 0.12362389 -0.01880000
v 0.06539365 0.12332650 -0.02225457
v 0.06723069 0.12362389 -0.01880000
v 0.06993723 0.12449120 -0.02143810
v 0.06539365 0.12332650 -0.02225457
v 0.06539365 0.12332650 -0.02225457
v 0.06993723 0.12449120 -0.02143810
v 0.06556428 0.12358277 -0.02316968
v 0.06993723 0.12449120 -0.02143810
v 0.07011225 0.12470771 -0.02231317
v 0.06556428 0.12358277 -0.02316968
v 0.06556428 0.12358277 -0.02316968
v 0.07011225 0.12470771 -0.02231317
v 0.06572300 0.12391374 -0.02400170
v 0.07011225 0.12470771 -0.02231317
v 0.07028026 0.12499480 -0.02310843
v 0.06572300 0.12391374 -0.02400170
v 0.06572300 0.12391374 -0.02400170
v 0.07028026 0.12499480 -0.02310843
v 0.06812322 0.12490324 -0.02421836
v 0.07028026 0.12499480 -0.02310843
v 0.07043199 0.12536018 -0.02381075
v 0.06812322 0.12490324 -0.02421836
v 0.06812322 0.12490324 -0.02421836
v 0.07043199 0.12536018 -0.02381075
v 0.07055900 0.12580945 -0.02440973
v 0.07043199 0.12536018 -0.02381075
v 0.07291418 0.12612340 -0.02410989
v 0.07055900 0.12580945 -0.02440973
v 0.07055900 0.12580945 -0.02440973
v 0.07291418 0.12612340 -0.02410989
v 0.07302417 0.12663998 -0.02459046
v 0.07291418 0.12612340 -0.02410989
v 0.07535905 0.12655492 -0.02418687
v 0.07302417 0.12663998 -0.02459046
v 0.07302417 0.12663998 -0.02459046
v 0.07535905 0.12655492 -0.02418687
v 0.07541785 0.12681675 -0.02441129
v 0.07535905 0.12655492 -0.02418687
v 0.07775683 0.12661746 -0.02413855
v 0.07541785 0.12681675 -0.02441129
v 0.07541785 0.12681675 -0.02441129
v 0.07775683 0.12661746 -0.02413855
v 0.07782312 0.12687431 -0.02436328
v 0.07775683 0.12661746 -0.02413855
v 0.08015397 0.12655833 -0.02421939
v 0.07782312 0.12687431 -0.02436328
v 0.07782312 0.12687431 -0.02436328
v 0.08015397 0.12655833 -0.02421939
v 0.08022748 0.12681261 -0.02444668
v 0.08015397 0.12655833 -0.02421939
v 0.08253815 0.12637812 -0.02442862
v 0.08022748 0.12681261 -0.02444668
v 0.08022748 0.12681261 -0.02444668
v 0.08253815 0.12637812 -0.02442862
v 0.08261852 0.12663227 -0.02466073
v 0.08253815 0.12637812 -0.02442862
v 0.08489742 0.12607893 -0.02476352
v 0.08261852 0.12663227 -0.02466073
v 0.08261852 0.12663227 -0.02466073
v 0.08489742 0.12607893 -0.02476352
v 0.08498420 0.12633537 -0.02500270
v 0.08489742 0.12607893 -0.02476352
v 0.08949667 0.12513573 -0.02579410
v 0.08498420 0.12633537 -0.02500270
v 0.08498420 0.12633537 -0.02500270
v 0.08949667 0.12513573 -0.02579410
v 0.08959462 0.12540387 -0.02605406
v 0.08949667 0.12513573 -0.02579410
v 0.09387501 0.12375984 -0.02726908
v 0.08959462 0.12540387 -0.02605406
v 0.08959462 0.12540387 -0.02605406
v 0.09387501 0.12375984 -0.02726908
v 0.09398151 0.12404891 -0.02755830
v 0.09387501 0.12375984 -0.02726908
v 0.09797370 0.12198973 -0.02913648
v 0.09398151 0.12404891 -0.02755830
v 0.09398151 0.12404891 -0.02755830
v 0.09797370 0.12198973 -0.02913648
v 0.09808570 0.12230864 -0.02946277
v 0.09797370 0.12198973 -0.02913648
v 0.10164600 0.11954314 -0.03093967
v 0.09808570 0.12230864 -0.02946277
v 0.09808570 0.12230864 -0.02946277
v 0.10164600 0.11954314 -0.03093967
v 0.10186672 0.12022436 -0.03171172
v 0.10164600 0.11954314 -0.03093967
v 0.10530032 0.11783828 -0.03425114
v 0.10186672 0.12022436 -0.03171172
v 0.10186672 0.12022436 -0.03171172
v 0.10530032 0.11783828 -0.03425114
v 0.10555828 0.11875325 -0.03499826
v 0.11294439 0.10548875 -0.03498277
v 0.11289147 0.10626866 -0.03779795
v 0.11066776 0.10888501 -0.03331525
v 0.11289147 0.10626866 -0.03779795
v 0.11069254 0.10981084 -0.03636176
v 0.11066776 0.10888501 -0.03331525
v 0.11066776 0.10888501 -0.03331525
v 0.11069254 0.10981084 -0.03636176
v 0.10791169 0.11301021 -0.03371830
v 0.11069254 0.10981084 -0.03636176
v 0.11076973 0.11048691 -0.03770545
v 0.10791169 0.11301021 -0.03371830
v 0.10791169 0.11301021 -0.03371830
v 0.11076973 0.11048691 -0.03770545
v 0.10801712 0.11358829 -0.03494800
v 0.11076973 0.11048691 -0.03770545
v 0.11090045 0.11132085 -0.03892507
v 0.10801712 0.11358829 -0.03494800
v 0.10801712 0.11358829 -0.03494800
v 0.11090045 0.11132085 -0.03892507
v 0.10817041 0.11431286 -0.03605384
v 0.11090045 0.11132085 -0.03892507
v 0.11108966 0.11231831 -0.04002180
v 0.10817041 0.11431286 -0.03605384
v 0.10817041 0.11431286 -0.03605384
v 0.11108966 0.11231831 -0.04002180
v 0.10837530 0.11519032 -0.03703445
v 0.11108966 0.11231831 -0.04002180
v 0.11133930 0.11347862 -0.04100103
v 0.10837530 0.11519032 -0.03703445
v 0.10837530 0.11519032 -0.03703445
v 0.11133930 0.11347862 -0.04100103
v 0.10863299 0.11622101 -0.03789307
v 0.11133930 0.11347862 -0.04100103
v 0.11060829 0.11703706 -0.04075842
v 0.10863299 0.11622101 -0.03789307
v 0.10863299 0.11622101 -0.03789307
v 0.11060829 0.11703706 -0.04075842
v 0.10928877 0.11819182 -0.03921163
v 0.09485367 0.12125143 -0.01880000
v 0.09732617 0.12000513 -0.01880000
v 0.09686846 0.12024827 -0.01979600
v 0.09732617 0.12000513 -0.01880000
v 0.10084733 0.11785587 -0.01880000
v 0.09686846 0.12024827 -0.01979600
v 0.09686846 0.12024827 -0.01979600
v 0.10084733 0.11785587 -0.01880000
v 0.10086588 0.11782586 -0.02108187
v 0.10084733 0.11785587 -0.01880000
v 0.10353241 0.11587546 -0.01880000
v 0.10086588 0.11782586 -0.02108187
v 0.10086588 0.11782586 -0.02108187
v 0.10353241 0.11587546 -0.01880000
v 0.10455411 0.11498845 -0.02256462
v 0.10353241 0.11587546 -0.01880000
v 0.10890074 0.11075202 -0.01880000
v 0.10455411 0.11498845 -0.02256462
v 0.10455411 0.11498845 -0.02256462
v 0.10890074 0.11075202 -0.01880000
v 0.10789706 0.11177851 -0.02422096
v 0.10890074 0.11075202 -0.01880000
v 0.11086488 0.10824009 -0.02602824
v 0.10789706 0.11177851 -0.02422096
v 0.10789706 0.11177851 -0.02422096
v 0.11086488 0.10824009 -0.02602824
v 0.11075161 0.10841417 -0.02984095
v 0.11086488 0.10824009 -0.02602824
v 0.11306594 0.10501831 -0.03168075
v 0.11075161 0.10841417 -0.02984095
v 0.11075161 0.10841417 -0.02984095
v 0.11306594 0.10501831 -0.03168075
v 0.11294439 0.10548875 -0.03498277
v 0.11294439 0.10548875 -0.03498277
v 0.11066776 0.10888501 -0.03331525
v 0.11075161 0.10841417 -0.02984095
v 0.11066776 0.10888501 -0.03331525
v 0.10783701 0.11188541 -0.02771044
v 0.11075161 0.10841417 -0.02984095
v 0.11075161 0.10841417 -0.02984095
v 0.10783701 0.11188541 -0.02771044
v 0.10789706 0.11177851 -0.02422096
v 0.10783701 0.11188541 -0.02771044
v 0.10455532 0.11504284 -0.02574769
v 0.10789706 0.11177851 -0.02422096
v 0.10789706 0.11177851 -0.02422096
v 0.10455532 0.11504284 -0.02574769
v 0.10455411 0.11498845 -0.02256462
v 0.10455532 0.11504284 -0.02574769
v 0.10092987 0.11784300 -0.02397962
v 0.10455411 0.11498845 -0.02256462
v 0.10455411 0.11498845 -0.02256462
v 0.10092987 0.11784300 -0.02397962
v 0.10086588 0.11782586 -0.02108187
v 0.10092987 0.11784300 -0.02397962
v 0.09699082 0.12024328 -0.02243527
v 0.10086588 0.11782586 -0.02108187
v 0.10086588 0.11782586 -0.02108187
v 0.09699082 0.12024328 -0.02243527
v 0.09686846 0.12024827 -0.01979600
v 0.09699082 0.12024328 -0.02243527
v 0.09320746 0.12197239 -0.01880000
v 0.09686846 0.12024827 -0.01979600
v 0.09686846 0.12024827 -0.01979600
v 0.09320746 0.12197239 -0.01880000
v 0.09485367 0.12125143 -0.01880000
v 0.08144355 0.12490003 -0.01880000
v 0.08332463 0.12467881 -0.01880000
v 0.07934973 0.12522806 -0.02102087
v 0.08332463 0.12467881 -0.01880000
v 0.08372594 0.12464395 -0.01945878
v 0.07934973 0.12522806 -0.02102087
v 0.07934973 0.12522806 -0.02102087
v 0.08372594 0.12464395 -0.01945878
v 0.08405077 0.12478034 -0.02143341
v 0.08372594 0.12464395 -0.01945878
v 0.08833614 0.12368082 -0.02014381
v 0.08405077 0.12478034 -0.02143341
v 0.08405077 0.12478034 -0.02143341
v 0.08833614 0.12368082 -0.02014381
v 0.08863704 0.12380492 -0.02223934
v 0.08833614 0.12368082 -0.02014381
v 0.09277707 0.12220214 -0.02114609
v 0.08863704 0.12380492 -0.02223934
v 0.08863704 0.12380492 -0.02223934
v 0.09277707 0.12220214 -0.02114609
v 0.09303760 0.12233152 -0.02340667
v 0.09277707 0.12220214 -0.02114609
v 0.09699082 0.12024328 -0.02243527
v 0.09303760 0.12233152 -0.02340667
v 0.09303760 0.12233152 -0.02340667
v 0.09699082 0.12024328 -0.02243527
v 0.09719491 0.12039740 -0.02489684
v 0.09699082 0.12024328 -0.02243527
v 0.10092987 0.11784300 -0.02397962
v 0.09719491 0.12039740 -0.02489684
v 0.09719491 0.12039740 -0.02489684
v 0.10092987 0.11784300 -0.02397962
v 0.10106480 0.11804309 -0.02666966
v 0.10092987 0.11784300 -0.02397962
v 0.10455532 0.11504284 -0.02574769
v 0.10106480 0.11804309 -0.02666966
v 0.10106480 0.11804309 -0.02666966
v 0.10455532 0.11504284 -0.02574769
v 0.10461423 0.11531122 -0.02868610
v 0.10455532 0.11504284 -0.02574769
v 0.10783701 0.11188541 -0.02771044
v 0.10461423 0.11531122 -0.02868610
v 0.10461423 0.11531122 -0.02868610
v 0.10783701 0.11188541 -0.02771044
v 0.10782032 0.11224438 -0.03091152
v 0.10783701 0.11188541 -0.02771044
v 0.11066776 0.10888501 -0.03331525
v 0.10782032 0.11224438 -0.03091152
v 0.10782032 0.11224438 -0.03091152
v 0.11066776 0.10888501 -0.03331525
v 0.10784845 0.11256727 -0.03237000
v 0.11066776 0.10888501 -0.03331525
v 0.10791169 0.11301021 -0.03371830
v 0.10784845 0.11256727 -0.03237000
v 0.10784845 0.11256727 -0.03237000
v 0.10791169 0.11301021 -0.03371830
v 0.10477729 0.11594304 -0.03126132
v 0.10791169 0.11301021 -0.03371830
v 0.10801712 0.11358829 -0.03494800
v 0.10477729 0.11594304 -0.03126132
v 0.10477729 0.11594304 -0.03126132
v 0.10801712 0.11358829 -0.03494800
v 0.10491099 0.11643716 -0.03238165
v 0.10801712 0.11358829 -0.03494800
v 0.10817041 0.11431286 -0.03605384
v 0.10491099 0.11643716 -0.03238165
v 0.10491099 0.11643716 -0.03238165
v 0.10817041 0.11431286 -0.03605384
v 0.10508464 0.11706661 -0.03337941
v 0.10817041 0.11431286 -0.03605384
v 0.10837530 0.11519032 -0.03703445
v 0.10508464 0.11706661 -0.03337941
v 0.10508464 0.11706661 -0.03337941
v 0.10837530 0.11519032 -0.03703445
v 0.10530032 0.11783828 -0.03425114
v 0.10837530 0.11519032 -0.03703445
v 0.10863299 0.11622101 -0.03789307
v 0.10530032 0.11783828 -0.03425114
v 0.10530032 0.11783828 -0.03425114
v 0.10863299 0.11622101 -0.03789307
v 0.10555828 0.11875325 -0.03499826
v 0.05420071 0.11742077 -0.01880000
v 0.06053825 0.12112718 -0.01880000
v 0.05632179 0.11882121 -0.02008787
v 0.06053825 0.12112718 -0.01880000
v 0.06043264 0.12107717 -0.01895197
v 0.05632179 0.11882121 -0.02008787
v 0.05632179 0.11882121 -0.02008787
v 0.06043264 0.12107717 -0.01895197
v 0.06071275 0.12126788 -0.02128347
v 0.06043264 0.12107717 -0.01895197
v 0.06141799 0.12153207 -0.01880000
v 0.06071275 0.12126788 -0.02128347
v 0.06071275 0.12126788 -0.02128347
v 0.06141799 0.12153207 -0.01880000
v 0.06505816 0.12300181 -0.02023445
v 0.06141799 0.12153207 -0.01880000
v 0.06486562 0.12289079 -0.01880000
v 0.06505816 0.12300181 -0.02023445
v 0.06505816 0.12300181 -0.02023445
v 0.06486562 0.12289079 -0.01880000
v 0.06723069 0.12362389 -0.01880000
v 0.04934593 0.11336370 -0.02288326
v 0.05250722 0.11613218 -0.02144505
v 0.05283244 0.11644315 -0.02422346
v 0.05250722 0.11613218 -0.02144505
v 0.05662213 0.11906769 -0.02262466
v 0.05283244 0.11644315 -0.02422346
v 0.05283244 0.11644315 -0.02422346
v 0.05662213 0.11906769 -0.02262466
v 0.05698422 0.11955718 -0.02495564
v 0.05662213 0.11906769 -0.02262466
v 0.06105730 0.12166863 -0.02344035
v 0.05698422 0.11955718 -0.02495564
v 0.05698422 0.11955718 -0.02495564
v 0.06105730 0.12166863 -0.02344035
v 0.05715835 0.11991815 -0.02600803
v 0.06105730 0.12166863 -0.02344035
v 0.06122743 0.12197287 -0.02441580
v 0.05715835 0.11991815 -0.02600803
v 0.05715835 0.11991815 -0.02600803
v 0.06122743 0.12197287 -0.02441580
v 0.05731015 0.12036774 -0.02696735
v 0.06122743 0.12197287 -0.02441580
v 0.06138050 0.12235793 -0.02530360
v 0.05731015 0.12036774 -0.02696735
v 0.05731015 0.12036774 -0.02696735
v 0.06138050 0.12235793 -0.02530360
v 0.05742669 0.12091178 -0.02782288
v 0.06138050 0.12235793 -0.02530360
v 0.06150501 0.12283020 -0.02609188
v 0.05742669 0.12091178 -0.02782288
v 0.05742669 0.12091178 -0.02782288
v 0.06150501 0.12283020 -0.02609188
v 0.06159071 0.12339383 -0.02677158
v 0.06150501 0.12283020 -0.02609188
v 0.06374582 0.12416346 -0.02601769
v 0.06159071 0.12339383 -0.02677158
v 0.06159071 0.12339383 -0.02677158
v 0.06374582 0.12416346 -0.02601769
v 0.06379789 0.12478355 -0.02655804
v 0.06374582 0.12416346 -0.02601769
v 0.06603076 0.12541355 -0.02588766
v 0.06379789 0.12478355 -0.02655804
v 0.06379789 0.12478355 -0.02655804
v 0.06603076 0.12541355 -0.02588766
v 0.06605274 0.12608890 -0.02629339
v 0.06603076 0.12541355 -0.02588766
v 0.06835997 0.12658188 -0.02572195
v 0.06605274 0.12608890 -0.02629339
v 0.06605274 0.12608890 -0.02629339
v 0.06835997 0.12658188 -0.02572195
v 0.06835783 0.12731017 -0.02600241
v 0.06835997 0.12658188 -0.02572195
v 0.07073270 0.12767188 -0.02554403
v 0.06835783 0.12731017 -0.02600241
v 0.06835783 0.12731017 -0.02600241
v 0.07073270 0.12767188 -0.02554403
v 0.07083905 0.12792102 -0.02558948
v 0.07073270 0.12767188 -0.02554403
v 0.07314241 0.12792866 -0.02521974
v 0.07083905 0.12792102 -0.02558948
v 0.07083905 0.12792102 -0.02558948
v 0.07314241 0.12792866 -0.02521974
v 0.07464261 0.12792100 -0.02505329
v 0.07314241 0.12792866 -0.02521974
v 0.07310102 0.12724312 -0.02495927
v 0.07464261 0.12792100 -0.02505329
v 0.07464261 0.12792100 -0.02505329
v 0.07310102 0.12724312 -0.02495927
v 0.07551264 0.12740585 -0.02477623
v 0.05822689 0.12527747 -0.02983101
v 0.05652440 0.12461583 -0.03076127
v 0.05735134 0.12405512 -0.03011133
v 0.05652440 0.12461583 -0.03076127
v 0.05348832 0.12216428 -0.03247574
v 0.05735134 0.12405512 -0.03011133
v 0.05735134 0.12405512 -0.03011133
v 0.05348832 0.12216428 -0.03247574
v 0.05746270 0.12313020 -0.02970791
v 0.05348832 0.12216428 -0.03247574
v 0.05363942 0.12112969 -0.03199341
v 0.05746270 0.12313020 -0.02970791
v 0.05746270 0.12313020 -0.02970791
v 0.05363942 0.12112969 -0.03199341
v 0.05751050 0.12229418 -0.02919499
v 0.05363942 0.12112969 -0.03199341
v 0.05371766 0.12018886 -0.03140349
v 0.05751050 0.12229418 -0.02919499
v 0.05751050 0.12229418 -0.02919499
v 0.05371766 0.12018886 -0.03140349
v 0.05749652 0.12155376 -0.02856679
v 0.05371766 0.12018886 -0.03140349
v 0.05372474 0.11934958 -0.03069897
v 0.05749652 0.12155376 -0.02856679
v 0.05749652 0.12155376 -0.02856679
v 0.05372474 0.11934958 -0.03069897
v 0.05742669 0.12091178 -0.02782288
v 0.05372474 0.11934958 -0.03069897
v 0.05366705 0.11861573 -0.02987793
v 0.05742669 0.12091178 -0.02782288
v 0.05742669 0.12091178 -0.02782288
v 0.05366705 0.11861573 -0.02987793
v 0.05731015 0.12036774 -0.02696735
v 0.05366705 0.11861573 -0.02987793
v 0.05355467 0.11798768 -0.02894279
v 0.05731015 0.12036774 -0.02696735
v 0.05731015 0.12036774 -0.02696735
v 0.05355467 0.11798768 -0.02894279
v 0.05715835 0.11991815 -0.02600803
v 0.05355467 0.11798768 -0.02894279
v 0.05340034 0.11746274 -0.02789967
v 0.05715835 0.11991815 -0.02600803
v 0.05715835 0.11991815 -0.02600803
v 0.05340034 0.11746274 -0.02789967
v 0.05698422 0.11955718 -0.02495564
v 0.05340034 0.11746274 -0.02789967
v 0.05321855 0.11703569 -0.02675755
v 0.05698422 0.11955718 -0.02495564
v 0.05698422 0.11955718 -0.02495564
v 0.05321855 0.11703569 -0.02675755
v 0.05283244 0.11644315 -0.02422346
v 0.05321855 0.11703569 -0.02675755
v 0.04971724 0.11377422 -0.02605824
v 0.05283244 0.11644315 -0.02422346
v 0.05283244 0.11644315 -0.02422346
v 0.04971724 0.11377422 -0.02605824
v 0.04934593 0.11336370 -0.02288326
v 0.10928877 0.11819182 -0.03921163
v 0.10658445 0.12023550 -0.03645489
v 0.10863299 0.11622101 -0.03789307
v 0.10658445 0.12023550 -0.03645489
v 0.10585656 0.11980574 -0.03562790
v 0.10863299 0.11622101 -0.03789307
v 0.10863299 0.11622101 -0.03789307
v 0.10585656 0.11980574 -0.03562790
v 0.10555828 0.11875325 -0.03499826
v 0.10585656 0.11980574 -0.03562790
v 0.10239629 0.12198137 -0.03288613
v 0.10555828 0.11875325 -0.03499826
v 0.10555828 0.11875325 -0.03499826
v 0.10239629 0.12198137 -0.03288613
v 0.10211755 0.12103873 -0.03235856
v 0.10239629 0.12198137 -0.03288613
v 0.09832253 0.12303872 -0.03002249
v 0.10211755 0.12103873 -0.03235856
v 0.10211755 0.12103873 -0.03235856
v 0.09832253 0.12303872 -0.03002249
v 0.09808570 0.12230864 -0.02946277
v 0.09832253 0.12303872 -0.03002249
v 0.09419820 0.12471205 -0.02804574
v 0.09808570 0.12230864 -0.02946277
v 0.09808570 0.12230864 -0.02946277
v 0.09419820 0.12471205 -0.02804574
v 0.09408935 0.12436642 -0.02781708
v 0.09419820 0.12471205 -0.02804574
v 0.08978602 0.12601842 -0.02648536
v 0.09408935 0.12436642 -0.02781708
v 0.09408935 0.12436642 -0.02781708
v 0.08978602 0.12601842 -0.02648536
v 0.08969120 0.12569819 -0.02628439
v 0.08978602 0.12601842 -0.02648536
v 0.08514623 0.12692080 -0.02539475
v 0.08969120 0.12569819 -0.02628439
v 0.08969120 0.12569819 -0.02628439
v 0.08514623 0.12692080 -0.02539475
v 0.08506726 0.12661609 -0.02521304
v 0.08514623 0.12692080 -0.02539475
v 0.08276464 0.12721078 -0.02503959
v 0.08506726 0.12661609 -0.02521304
v 0.08506726 0.12661609 -0.02521304
v 0.08276464 0.12721078 -0.02503959
v 0.08269414 0.12690993 -0.02486431
v 0.08276464 0.12721078 -0.02503959
v 0.08035702 0.12738939 -0.02481663
v 0.08269414 0.12690993 -0.02486431
v 0.08269414 0.12690993 -0.02486431
v 0.08035702 0.12738939 -0.02481663
v 0.08029529 0.12708974 -0.02464569
v 0.08035702 0.12738939 -0.02481663
v 0.07793551 0.12745462 -0.02472860
v 0.08029529 0.12708974 -0.02464569
v 0.08029529 0.12708974 -0.02464569
v 0.07793551 0.12745462 -0.02472860
v 0.07788280 0.12715349 -0.02455989
v 0.07793551 0.12745462 -0.02472860
v 0.07551264 0.12740585 -0.02477623
v 0.07788280 0.12715349 -0.02455989
v 0.07788280 0.12715349 -0.02455989
v 0.07551264 0.12740585 -0.02477623
v 0.07546917 0.12710051 -0.02460766
v 0.07551264 0.12740585 -0.02477623
v 0.07310102 0.12724312 -0.02495927
v 0.07546917 0.12710051 -0.02460766
v 0.07546917 0.12710051 -0.02460766
v 0.07310102 0.12724312 -0.02495927
v 0.07302417 0.12663998 -0.02459046
v 0.07310102 0.12724312 -0.02495927
v 0.07065430 0.12634546 -0.02489869
v 0.07302417 0.12663998 -0.02459046
v 0.07302417 0.12663998 -0.02459046
v 0.07065430 0.12634546 -0.02489869
v 0.07055900 0.12580945 -0.02440973
v 0.07065430 0.12634546 -0.02489869
v 0.06823909 0.12537566 -0.02483094
v 0.07055900 0.12580945 -0.02440973
v 0.07055900 0.12580945 -0.02440973
v 0.06823909 0.12537566 -0.02483094
v 0.06812322 0.12490324 -0.02421836
v 0.06823909 0.12537566 -0.02483094
v 0.06585954 0.12432643 -0.02473800
v 0.06812322 0.12490324 -0.02421836
v 0.06812322 0.12490324 -0.02421836
v 0.06585954 0.12432643 -0.02473800
v 0.06572300 0.12391374 -0.02400170
v 0.06585954 0.12432643 -0.02473800
v 0.06138050 0.12235793 -0.02530360
v 0.06572300 0.12391374 -0.02400170
v 0.06572300 0.12391374 -0.02400170
v 0.06138050 0.12235793 -0.02530360
v 0.06556428 0.12358277 -0.02316968
v 0.06138050 0.12235793 -0.02530360
v 0.06122743 0.12197287 -0.02441580
v 0.06556428 0.12358277 -0.02316968
v 0.06556428 0.12358277 -0.02316968
v 0.06122743 0.12197287 -0.02441580
v 0.06539365 0.12332650 -0.02225457
v 0.06122743 0.12197287 -0.02441580
v 0.06105730 0.12166863 -0.02344035
v 0.06539365 0.12332650 -0.02225457
v 0.06539365 0.12332650 -0.02225457
v 0.06105730 0.12166863 -0.02344035
v 0.06071275 0.12126788 -0.02128347
v 0.06105730 0.12166863 -0.02344035
v 0.05662213 0.11906769 -0.02262466
v 0.06071275 0.12126788 -0.02128347
v 0.06071275 0.12126788 -0.02128347
v 0.05662213 0.11906769 -0.02262466
v 0.05632179 0.11882121 -0.02008787
v 0.05662213 0.11906769 -0.02262466
v 0.05250722 0.11613218 -0.02144505
v 0.05632179 0.11882121 -0.02008787
v 0.05632179 0.11882121 -0.02008787
v 0.05250722 0.11613218 -0.02144505
v 0.05420071 0.11742077 -0.01880000
v 0.05250722 0.11613218 -0.02144505
v 0.04928552 0.11331297 -0.02218010
v 0.05420071 0.11742077 -0.01880000
v 0.05420071 0.11742077 -0.01880000
v 0.04928552 0.11331297 -0.02218010
v 0.04910940 0.11319154 -0.01880000
v 0.03653942 0.08855484 -0.03401703
v 0.03612636 0.08472043 -0.03721659
v 0.03603534 0.08411520 -0.02791340
v 0.04034999 0.10075224 -0.03287139
v 0.03999447 0.10010129 -0.02850749
v 0.04183709 0.10370111 -0.02678876
v 0.05019828 0.12073439 -0.03511400
v 0.05007001 0.12132521 -0.03533369
v 0.04718600 0.11934030 -0.03805589
v 0.03642785 0.10337878 -0.05778153
v 0.03599020 0.10110620 -0.05987702
v 0.03602931 0.10045976 -0.05948289
v 0.03807871 0.10370381 -0.05129446
v 0.03725542 0.10621244 -0.05476770
v 0.03642785 0.10337878 -0.05778153
v 0.04029449 0.11219511 -0.04753045
v 0.03859293 0.10932794 -0.05111241
v 0.03807871 0.10370381 -0.05129446
v 0.03859293 0.10932794 -0.05111241
v 0.03767743 0.10732322 -0.05349707
v 0.03807871 0.10370381 -0.05129446
v 0.03807871 0.10370381 -0.05129446
v 0.03767743 0.10732322 -0.05349707
v 0.03725542 0.10621244 -0.05476770
v 0.04768255 0.11277304 -0.03286214
v 0.05056468 0.11631035 -0.03204944
v 0.04780702 0.11358813 -0.03402397
v 0.05056468 0.11631035 -0.03204944
v 0.05060892 0.11734897 -0.03312272
v 0.04780702 0.11358813 -0.03402397
v 0.04780702 0.11358813 -0.03402397
v 0.05060892 0.11734897 -0.03312272
v 0.04786203 0.11453457 -0.03506117
v 0.05060892 0.11734897 -0.03312272
v 0.05058493 0.11801890 -0.03365931
v 0.04786203 0.11453457 -0.03506117
v 0.04786203 0.11453457 -0.03506117
v 0.05058493 0.11801890 -0.03365931
v 0.04783422 0.11561023 -0.03597515
v 0.05058493 0.11801890 -0.03365931
v 0.05051782 0.11878002 -0.03416399
v 0.04783422 0.11561023 -0.03597515
v 0.04783422 0.11561023 -0.03597515
v 0.05051782 0.11878002 -0.03416399
v 0.04771520 0.11680873 -0.03677163
v 0.05051782 0.11878002 -0.03416399
v 0.05030057 0.12021394 -0.03489864
v 0.04771520 0.11680873 -0.03677163
v 0.05038886 0.11527924 -0.03051845
v 0.04729525 0.11152697 -0.03017741
v 0.05009570 0.11442873 -0.02857606
v 0.04729525 0.11152697 -0.03017741
v 0.04685288 0.11074562 -0.02706264
v 0.05009570 0.11442873 -0.02857606
v 0.05009570 0.11442873 -0.02857606
v 0.04685288 0.11074562 -0.02706264
v 0.04971724 0.11377422 -0.02605824
v 0.04971724 0.11377422 -0.02605824
v 0.04685288 0.11074562 -0.02706264
v 0.04934593 0.11336370 -0.02288326
v 0.04685288 0.11074562 -0.02706264
v 0.04649672 0.11033840 -0.02361010
v 0.04934593 0.11336370 -0.02288326
v 0.04934593 0.11336370 -0.02288326
v 0.04649672 0.11033840 -0.02361010
v 0.04928552 0.11331297 -0.02218010
v 0.04425872 0.10758766 -0.01880000
v 0.04910940 0.11319154 -0.01880000
v 0.04928552 0.11331297 -0.02218010
v 0.04183709 0.10370111 -0.02678876
v 0.04039818 0.10115021 -0.01880000
v 0.04425872 0.10758766 -0.01880000
v 0.03636333 0.08811539 -0.04804181
v 0.03794071 0.09482459 -0.04155257
v 0.03820312 0.09705473 -0.04530142
v 0.03642785 0.10337878 -0.05778153
v 0.03602931 0.10045976 -0.05948289
v 0.03807871 0.10370381 -0.05129446
v 0.03602931 0.10045976 -0.05948289
v 0.03628843 0.09547657 -0.05611005
v 0.03807871 0.10370381 -0.05129446
v 0.03807871 0.10370381 -0.05129446
v 0.03628843 0.09547657 -0.05611005
v 0.03827754 0.10003491 -0.04850339
v 0.03628843 0.09547657 -0.05611005
v 0.03633669 0.09416141 -0.05506309
v 0.03827754 0.10003491 -0.04850339
v 0.03633669 0.09416141 -0.05506309
v 0.03639674 0.09131207 -0.05237650
v 0.03827754 0.10003491 -0.04850339
v 0.03827754 0.10003491 -0.04850339
v 0.03639674 0.09131207 -0.05237650
v 0.03820312 0.09705473 -0.04530142
v 0.03639674 0.09131207 -0.05237650
v 0.03639993 0.09037819 -0.05130929
v 0.03820312 0.09705473 -0.04530142
v 0.03820312 0.09705473 -0.04530142
v 0.03639993 0.09037819 -0.05130929
v 0.03636333 0.08811539 -0.04804181
v 0.04522368 0.10993227 -0.03512609
v 0.04304586 0.10691394 -0.03751649
v 0.04265887 0.10530639 -0.03442964
v 0.04304586 0.10691394 -0.03751649
v 0.04522368 0.10993227 -0.03512609
v 0.04320638 0.10912457 -0.04009318
v 0.04220589 0.10426491 -0.03083579
v 0.04265887 0.10530639 -0.03442964
v 0.04078395 0.10193785 -0.03671852
v 0.04265887 0.10530639 -0.03442964
v 0.04304586 0.10691394 -0.03751649
v 0.04078395 0.10193785 -0.03671852
v 0.04078395 0.10193785 -0.03671852
v 0.04304586 0.10691394 -0.03751649
v 0.04114966 0.10374469 -0.04001748
v 0.04304586 0.10691394 -0.03751649
v 0.04320638 0.10912457 -0.04009318
v 0.04114966 0.10374469 -0.04001748
v 0.04114966 0.10374469 -0.04001748
v 0.04320638 0.10912457 -0.04009318
v 0.04129164 0.10620159 -0.04279514
v 0.04320638 0.10912457 -0.04009318
v 0.04301871 0.11191442 -0.04220803
v 0.04129164 0.10620159 -0.04279514
v 0.04129164 0.10620159 -0.04279514
v 0.04301871 0.11191442 -0.04220803
v 0.04109395 0.10927264 -0.04512871
v 0.04522368 0.10993227 -0.03512609
v 0.04534638 0.11085086 -0.03638018
v 0.04320638 0.10912457 -0.04009318
v 0.04534638 0.11085086 -0.03638018
v 0.04539577 0.11191037 -0.03750962
v 0.04320638 0.10912457 -0.04009318
v 0.04320638 0.10912457 -0.04009318
v 0.04539577 0.11191037 -0.03750962
v 0.04301871 0.11191442 -0.04220803
v 0.04539577 0.11191037 -0.03750962
v 0.04535810 0.11310729 -0.03851879
v 0.04301871 0.11191442 -0.04220803
v 0.04301871 0.11191442 -0.04220803
v 0.04535810 0.11310729 -0.03851879
v 0.04522494 0.11443385 -0.03941589
v 0.04400861 0.10712405 -0.02515147
v 0.04649672 0.11033840 -0.02361010
v 0.04437652 0.10760621 -0.02889432
v 0.04649672 0.11033840 -0.02361010
v 0.04685288 0.11074562 -0.02706264
v 0.04437652 0.10760621 -0.02889432
v 0.04437652 0.10760621 -0.02889432
v 0.04685288 0.11074562 -0.02706264
v 0.04483088 0.10851236 -0.03224399
v 0.04685288 0.11074562 -0.02706264
v 0.04729525 0.11152697 -0.03017741
v 0.04483088 0.10851236 -0.03224399
v 0.04483088 0.10851236 -0.03224399
v 0.04729525 0.11152697 -0.03017741
v 0.04768255 0.11277304 -0.03286214
v 0.04729525 0.11152697 -0.03017741
v 0.05038886 0.11527924 -0.03051845
v 0.04768255 0.11277304 -0.03286214
v 0.04768255 0.11277304 -0.03286214
v 0.05038886 0.11527924 -0.03051845
v 0.05056468 0.11631035 -0.03204944
v 0.05030057 0.12021394 -0.03489864
v 0.04750303 0.11811908 -0.03746114
v 0.04771520 0.11680873 -0.03677163
v 0.04750303 0.11811908 -0.03746114
v 0.04522494 0.11443385 -0.03941589
v 0.04771520 0.11680873 -0.03677163
v 0.04771520 0.11680873 -0.03677163
v 0.04522494 0.11443385 -0.03941589
v 0.04783422 0.11561023 -0.03597515
v 0.04522494 0.11443385 -0.03941589
v 0.04535810 0.11310729 -0.03851879
v 0.04783422 0.11561023 -0.03597515
v 0.04783422 0.11561023 -0.03597515
v 0.04535810 0.11310729 -0.03851879
v 0.04786203 0.11453457 -0.03506117
v 0.04535810 0.11310729 -0.03851879
v 0.04539577 0.11191037 -0.03750962
v 0.04786203 0.11453457 -0.03506117
v 0.04786203 0.11453457 -0.03506117
v 0.04539577 0.11191037 -0.03750962
v 0.04780702 0.11358813 -0.03402397
v 0.04539577 0.11191037 -0.03750962
v 0.04534638 0.11085086 -0.03638018
v 0.04780702 0.11358813 -0.03402397
v 0.04780702 0.11358813 -0.03402397
v 0.04534638 0.11085086 -0.03638018
v 0.04768255 0.11277304 -0.03286214
v 0.04534638 0.11085086 -0.03638018
v 0.04522368 0.10993227 -0.03512609
v 0.04768255 0.11277304 -0.03286214
v 0.04768255 0.11277304 -0.03286214
v 0.04522368 0.10993227 -0.03512609
v 0.04483088 0.10851236 -0.03224399
v 0.04522368 0.10993227 -0.03512609
v 0.04265887 0.10530639 -0.03442964
v 0.04483088 0.10851236 -0.03224399
v 0.04483088 0.10851236 -0.03224399
v 0.04265887 0.10530639 -0.03442964
v 0.04437652 0.10760621 -0.02889432
v 0.04265887 0.10530639 -0.03442964
v 0.04220589 0.10426491 -0.03083579
v 0.04437652 0.10760621 -0.02889432
v 0.04437652 0.10760621 -0.02889432
v 0.04220589 0.10426491 -0.03083579
v 0.04400861 0.10712405 -0.02515147
v 0.04039818 0.10115021 -0.01880000
v 0.03980705 0.09984755 -0.02372459
v 0.03958377 0.09938177 -0.01880000
v 0.03980705 0.09984755 -0.02372459
v 0.03831940 0.09606343 -0.02510980
v 0.03958377 0.09938177 -0.01880000
v 0.03958377 0.09938177 -0.01880000
v 0.03831940 0.09606343 -0.02510980
v 0.03744494 0.09323301 -0.02031226
v 0.03831940 0.09606343 -0.02510980
v 0.03719027 0.09216420 -0.02653658
v 0.03744494 0.09323301 -0.02031226
v 0.03744494 0.09323301 -0.02031226
v 0.03719027 0.09216420 -0.02653658
v 0.03624590 0.08684303 -0.02188386
v 0.03719027 0.09216420 -0.02653658
v 0.03642854 0.08818185 -0.02799376
v 0.03624590 0.08684303 -0.02188386
v 0.03624590 0.08684303 -0.02188386
v 0.03642854 0.08818185 -0.02799376
v 0.03602934 0.08408570 -0.02256201
v 0.03999447 0.10010129 -0.02850749
v 0.04034999 0.10075224 -0.03287139
v 0.03849165 0.09635625 -0.03029371
v 0.04034999 0.10075224 -0.03287139
v 0.03881673 0.09709849 -0.03498648
v 0.03849165 0.09635625 -0.03029371
v 0.03849165 0.09635625 -0.03029371
v 0.03881673 0.09709849 -0.03498648
v 0.03733729 0.09249707 -0.03213444
v 0.03636333 0.08811539 -0.04804181
v 0.03635382 0.08784176 -0.04754883
v 0.03794071 0.09482459 -0.04155257
v 0.03635382 0.08784176 -0.04754883
v 0.03633515 0.08738738 -0.04666089
v 0.03794071 0.09482459 -0.04155257
v 0.03794071 0.09482459 -0.04155257
v 0.03633515 0.08738738 -0.04666089
v 0.03674360 0.08948496 -0.03940519
v 0.03633515 0.08738738 -0.04666089
v 0.03624464 0.08590566 -0.04283450
v 0.03674360 0.08948496 -0.03940519
v 0.03674360 0.08948496 -0.03940519
v 0.03624464 0.08590566 -0.04283450
v 0.03612636 0.08472043 -0.03721659
v 0.04039818 0.10115021 -0.01880000
v 0.04183709 0.10370111 -0.02678876
v 0.03980705 0.09984755 -0.02372459
v 0.04183709 0.10370111 -0.02678876
v 0.03999447 0.10010129 -0.02850749
v 0.03980705 0.09984755 -0.02372459
v 0.03980705 0.09984755 -0.02372459
v 0.03999447 0.10010129 -0.02850749
v 0.03831940 0.09606343 -0.02510980
v 0.03999447 0.10010129 -0.02850749
v 0.03849165 0.09635625 -0.03029371
v 0.03831940 0.09606343 -0.02510980
v 0.03831940 0.09606343 -0.02510980
v 0.03849165 0.09635625 -0.03029371
v 0.03719027 0.09216420 -0.02653658
v 0.03849165 0.09635625 -0.03029371
v 0.03733729 0.09249707 -0.03213444
v 0.03719027 0.09216420 -0.02653658
v 0.03719027 0.09216420 -0.02653658
v 0.03733729 0.09249707 -0.03213444
v 0.03642854 0.08818185 -0.02799376
v 0.03612636 0.08472043 -0.03721659
v 0.03653942 0.08855484 -0.03401703
v 0.03674360 0.08948496 -0.03940519
v 0.03653942 0.08855484 -0.03401703
v 0.03761249 0.09333299 -0.03716841
v 0.03674360 0.08948496 -0.03940519
v 0.03674360 0.08948496 -0.03940519
v 0.03761249 0.09333299 -0.03716841
v 0.03794071 0.09482459 -0.04155257
v 0.03761249 0.09333299 -0.03716841
v 0.04078395 0.10193785 -0.03671852
v 0.03794071 0.09482459 -0.04155257
v 0.03794071 0.09482459 -0.04155257
v 0.04078395 0.10193785 -0.03671852
v 0.03820312 0.09705473 -0.04530142
v 0.04078395 0.10193785 -0.03671852
v 0.04114966 0.10374469 -0.04001748
v 0.03820312 0.09705473 -0.04530142
v 0.03820312 0.09705473 -0.04530142
v 0.04114966 0.10374469 -0.04001748
v 0.03827754 0.10003491 -0.04850339
v 0.04114966 0.10374469 -0.04001748
v 0.04129164 0.10620159 -0.04279514
v 0.03827754 0.10003491 -0.04850339
v 0.03827754 0.10003491 -0.04850339
v 0.04129164 0.10620159 -0.04279514
v 0.03807871 0.10370381 -0.05129446
v 0.04129164 0.10620159 -0.04279514
v 0.04109395 0.10927264 -0.04512871
v 0.03807871 0.10370381 -0.05129446
v 0.03807871 0.10370381 -0.05129446
v 0.04109395 0.10927264 -0.04512871
v 0.04029449 0.11219511 -0.04753045
v 0.04109395 0.10927264 -0.04512871
v 0.04301871 0.11191442 -0.04220803
v 0.04029449 0.11219511 -0.04753045
v 0.04029449 0.11219511 -0.04753045
v 0.04301871 0.11191442 -0.04220803
v 0.04234827 0.11484925 -0.04408521
v 0.04301871 0.11191442 -0.04220803
v 0.04522494 0.11443385 -0.03941589
v 0.04234827 0.11484925 -0.04408521
v 0.04234827 0.11484925 -0.04408521
v 0.04522494 0.11443385 -0.03941589
v 0.04459478 0.11716378 -0.04100334
v 0.04522494 0.11443385 -0.03941589
v 0.04750303 0.11811908 -0.03746114
v 0.04459478 0.11716378 -0.04100334
v 0.04459478 0.11716378 -0.04100334
v 0.04750303 0.11811908 -0.03746114
v 0.04718600 0.11934030 -0.03805589
v 0.04750303 0.11811908 -0.03746114
v 0.05030057 0.12021394 -0.03489864
v 0.04718600 0.11934030 -0.03805589
v 0.04718600 0.11934030 -0.03805589
v 0.05030057 0.12021394 -0.03489864
v 0.05019828 0.12073439 -0.03511400
v 0.04928552 0.11331297 -0.02218010
v 0.04649672 0.11033840 -0.02361010
v 0.04425872 0.10758766 -0.01880000
v 0.04649672 0.11033840 -0.02361010
v 0.04400861 0.10712405 -0.02515147
v 0.04425872 0.10758766 -0.01880000
v 0.04425872 0.10758766 -0.01880000
v 0.04400861 0.10712405 -0.02515147
v 0.04183709 0.10370111 -0.02678876
v 0.04400861 0.10712405 -0.02515147
v 0.04220589 0.10426491 -0.03083579
v 0.04183709 0.10370111 -0.02678876
v 0.04183709 0.10370111 -0.02678876
v 0.04220589 0.10426491 -0.03083579
v 0.04034999 0.10075224 -0.03287139
v 0.04220589 0.10426491 -0.03083579
v 0.04078395 0.10193785 -0.03671852
v 0.04034999 0.10075224 -0.03287139
v 0.04034999 0.10075224 -0.03287139
v 0.04078395 0.10193785 -0.03671852
v 0.03881673 0.09709849 -0.03498648
v 0.04078395 0.10193785 -0.03671852
v 0.03761249 0.09333299 -0.03716841
v 0.03881673 0.09709849 -0.03498648
v 0.03881673 0.09709849 -0.03498648
v 0.03761249 0.09333299 -0.03716841
v 0.03733729 0.09249707 -0.03213444
v 0.03761249 0.09333299 -0.03716841
v 0.03653942 0.08855484 -0.03401703
v 0.03733729 0.09249707 -0.03213444
v 0.03733729 0.09249707 -0.03213444
v 0.03653942 0.08855484 -0.03401703
v 0.03642854 0.08818185 -0.02799376
v 0.03653942 0.08855484 -0.03401703
v 0.03603534 0.08411520 -0.02791340
v 0.03642854 0.08818185 -0.02799376
v 0.03642854 0.08818185 -0.02799376
v 0.03603534 0.08411520 -0.02791340
v 0.03602934 0.08408570 -0.02256201
f 1 2 3
f 4 5 6
f 7 8 9
f 10 11 12
f 13 14 15
f 16 17 18
f 19 20 21
f 22 23 24
f 25 26 27
f 28 29 30
f 31 32 33
f 34 35 36
f 37 38 39
f 40 41 42
f 43 44 45
f 46 47 48
f 49 50 51
f 52 53 54
f 55 56 57
f 58 59 60
f 61 62 63
f 64 65 66
f 67 68 69
f 70 71 72
f 73 74 75
f 76 77 78
f 79 80 81
f 82 83 84
f 85 86 87
f 88 89 90
f 91 92 93
f 94 95 96
f 97 98 99
f 100 101 102
f 103 104 105
f 106 107 108
f 109 110 111
f 112 113 114
f 115 116 117
f 118 119 120
f 121 122 123
f 124 125 126
f 127 128 129
f 130 131 132
f 133 134 135
f 136 137 138
f 139 140 141
f 142 143 144
f 145 146 147
f 148 149 150
f 151 152 153
f 154 155 156
f 157 158 159
f 160 161 162
f 163 164 165
f 166 167 168
f 169 170 171
f 172 173 174
f 175 176 177
f 178 179 180
f 181 182 183
f 184 185 186
f 187 188 189
f 190 191 192
f 193 194 195
f 196 197 198
f 199 200 201
f 202 203 204
f 205 206 207
f 208 209 210
f 211 212 213
f 214 215 216
f 217 218 219
f 220 221 222
f 223 224 225
f 226 227 228
f 229 230 231
f 232 233 234
f 235 236 237
f 238 239 240
f 241 242 243
f 244 245 246
f 247 248 249
f 250 251 252
f 253 254 255
f 256 257 258
f 259 260 261
f 262 263 264
f 265 266 267
f 268 269 270
f 271 272 273
f 274 275 276
f 277 278 279
f 280 281 282
f 283 284 285
f 286 287 288
f 289 290 291
f 292 293 294
f 295 296 297
f 298 299 300
f 301 302 303
f 304 305 306
f 307 308 309
f 310 311 312
f 313 314 315
f 316 317 318
f 319 320 321
f 322 323 324
f 325 326 327
f 328 329 330
f 331 332 333
f 334 335 336
f 337 338 339
f 340 341 342
f 343 344 345
f 346 347 348
f 349 350 351
f 352 353 354
f 355 356 357
f 358 359 360
f 361 362 363
f 364 365 366
f 367 368 369
f 370 371 372
f 373 374 375
f 376 377 378
f 379 380 381
f 382 383 384
f 385 386 387
f 388 389 390
f 391 392 393
f 394 395 396
f 397 398 399
f 400 401 402
f 403 404 405
f 406 407 408
f 409 410 411
f 412 413 414
f 415 416 417
f 418 419 420
f 421 422 423
f 424 425 426
f 427 428 429
f 430 431 432
f 433 434 435
f 436 437 438
f 439 440 441
f 442 443 444
f 445 446 447
f 448 449 450
f 451 452 453
f 454 455 456
f 457 458 459
f 460 461 462
f 463 464 465
f 466 467 468
f 469 470 471
f 472 473 474
f 475 476 477
f 478 479 480
f 481 482 483
f 484 485 486
f 487 488 489
f 490 491 492
f 493 494 495
f 496 497 498
f 499 500 501
f 502 503 504
f 505 506 507
f 508 509 510
f 511 512 513
f 514 515 516
f 517 518 519
f 520 521 522
f 523 524 525
f 526 527 528
f 529 530 531
f 532 533 534
f 535 536 537
f 538 539 540
f 541 542 543
f 544 545 546
f 547 548 549
f 550 551 552
f 553 554 555
f 556 557 558
f 559 560 561
f 562 563 564
f 565 566 567
f 568 569 570
f 571 572 573
f 574 575 576
f 577 578 579
f 580 581 582
f 583 584 585
f 586 587 588
f 589 590 591
f 592 593 594
f 595 596 597
f 598 599 600
f 601 602 603
f 604 605 606
f 607 608 609
f 610 611 612
f 613 614 615
f 616 617 618
f 619 620 621
f 622 623 624
f 625 626 627
f 628 629 630
f 631 632 633
f 634 635 636
f 637 638 639
f 640 641 642
f 643 644 645
f 646 647 648
f 649 650 651
f 652 653 654
f 655 656 657
f 658 659 660
f 661 662 663
f 664 665 666
f 667 668 669
f 670 671 672
f 673 674 675
f 676 677 678
f 679 680 681
f 682 683 684
f 685 686 687
f 688 689 690
f 691 692 693
f 694 695 696
f 697 698 699
f 700 701 702
f 703 704 705
f 706 707 708
f 709 710 711
f 712 713 714
f 715 716 717
f 718 719 720
f 721 722 723
f 724 725 726
f 727 728 729
f 730 731 732
f 733 734 735
f 736 737 738
f 739 740 741
f 742 743 744
f 745 746 747
f 748 749 750
f 751 752 753
f 754 755 756
f 757 758 759
f 760 761 762
f 763 764 765
f 766 767 768
f 769 770 771
f 772 773 774
f 775 776 777
f 778 779 780
f 781 782 783
f 784 785 786
f 787 788 789
f 790 791 792
f 793 794 795
f 796 797 798
f 799 800 801
f 802 803 804
f 805 806 807
f 808 809 810
f 811 812 813
f 814 815 816
f 817 818 819
f 820 821 822
f 823 824 825
f 826 827 828
f 829 830 831
f 832 833 834
f 835 836 837
f 838 839 840
f 841 842 843
f 844 845 846
f 847 848 849
f 850 851 852
f 853 854 855
f 856 857 858
f 859 860 861
f 862 863 864
f 865 866 867
f 868 869 870
f 871 872 873
f 874 875 876
f 877 878 879
f 880 881 882
f 883 884 885
f 886 887 888
f 889 890 891
f 892 893 894
f 895 896 897
f 898 899 900
f 901 902 903
f 904 905 906
f 907 908 909
f 910 911 912
f 913 914 915
f 916 917 918
f 919 920 921
f 922 923 924
f 925 926 927
f 928 929 930
f 931 932 933
f 934 935 936
f 937 938 939
f 940 941 942
f 943 944 945
f 946 947 948
f 949 950 951
f 952 953 954
f 955 956 957
f 958 959 960
f 961 962 963
f 964 965 966
f 967 968 969
f 970 971 972
f 973 974 975
f 976 977 978
f 979 980 981
f 982 983 984
f 985 986 987
f 988 989 990
f 991 992 993
f 994 995 996
f 997 998 999
f 1000 1001 1002
f 1003 1004 1005
f 1006 1007 1008
f 1009 1010 1011
f 1012 1013 1014
f 1015 1016 1017
f 1018 1019 1020
f 1021 1022 1023
f 1024 1025 1026
f 1027 1028 1029
f 1030 1031 1032
f 1033 1034 1035
f 1036 1037 1038
f 1039 1040 1041
f 1042 1043 1044
f 1045 1046 1047
f 1048 1049 1050
f 1051 1052 1053
f 1054 1055 1056
f 1057 1058 1059
f 1060 1061 1062
f 1063 1064 1065
f 1066 1067 1068
f 1069 1070 1071
f 1072 1073 1074
f 1075 1076 1077
f 1078 1079 1080
f 1081 1082 1083
f 1084 1085 1086
f 1087 1088 1089
f 1090 1091 1092
f 1093 1094 1095
f 1096 1097 1098
f 1099 1100 1101
f 1102 1103 1104
f 1105 1106 1107
f 1108 1109 1110
f 1111 1112 1113
f 1114 1115 1116
f 1117 1118 1119
f 1120 1121 1122
f 1123 1124 1125
f 1126 1127 1128
f 1129 1130 1131
f 1132 1133 1134
f 1135 1136 1137
f 1138 1139 1140
f 1141 1142 1143
f 1144 1145 1146
f 1147 1148 1149
f 1150 1151 1152
f 1153 1154 1155
f 1156 1157 1158
f 1159 1160 1161
f 1162 1163 1164
f 1165 1166 1167
f 1168 1169 1170
f 1171 1172 1173
f 1174 1175 1176
f 1177 1178 1179
f 1180 1181 1182
f 1183 1184 1185
f 1186 1187 1188
f 1189 1190 1191
f 1192 1193 1194
f 1195 1196 1197
f 1198 1199 1200
f 1201 1202 1203
f 1204 1205 1206
f 1207 1208 1209
f 1210 1211 1212
f 1213 1214 1215
f 1216 1217 1218
f 1219 1220 1221
f 1222 1223 1224
f 1225 1226 1227
f 1228 1229 1230
f 1231 1232 1233
f 1234 1235 1236
f 1237 1238 1239
f 1240 1241 1242
f 1243 1244 1245
f 1246 1247 1248
f 1249 1250 1251
f 1252 1253 1254
f 1255 1256 1257
f 1258 1259 1260
f 1261 1262 1263
f 1264 1265 1266
f 1267 1268 1269
f 1270 1271 1272
f 1273 1274 1275
f 1276 1277 1278
f 1279 1280 1281
f 1282 1283 1284
f 1285 1286 1287
f 1288 1289 1290
f 1291 1292 1293
f 1294 1295 1296
f 1297 1298 1299
f 1300 1301 1302
f 1303 1304 1305
f 1306 1307 1308
f 1309 1310 1311
f 1312 1313 1314
f 1315 1316 1317
f 1318 1319 1320
f 1321 1322 1323
f 1324 1325 1326
f 1327 1328 1329
f 1330 1331 1332
f 1333 1334 1335
f 1336 1337 1338
f 1339 1340 1341
f 1342 1343 1344
f 1345 1346 1347
f 1348 1349 1350
f 1351 1352 1353
f 1354 1355 1356
f 1357 1358 1359
f 1360 1361 1362
f 1363 1364 1365
f 1366 1367 1368
f 1369 1370 1371
f 1372 1373 1374
f 1375 1376 1377
f 1378 1379 1380
f 1381 1382 1383
f 1384 1385 1386
f 1387 1388 1389
f 1390 1391 1392
f 1393 1394 1395
f 1396 1397 1398
f 1399 1400 1401
f 1402 1403 1404
f 1405 1406 1407
f 1408 1409 1410
f 1411 1412 1413
f 1414 1415 1416
f 1417 1418 1419
f 1420 1421 1422
f 1423 1424 1425
f 1426 1427 1428
f 1429 1430 1431
f 1432 1433 1434
f 1435 1436 1437
f 1438 1439 1440
f 1441 1442 1443
f 1444 1445 1446
f 1447 1448 1449
f 1450 1451 1452
f 1453 1454 1455
f 1456 1457 1458
f 1459 1460 1461
f 1462 1463 1464
f 1465 1466 1467
f 1468 1469 1470
f 1471 1472 1473
f 1474 1475 1476
f 1477 1478 1479
f 1480 1481 1482
f 1483 1484 1485
f 1486 1487 1488
f 1489 1490 1491
f 1492 1493 1494
f 1495 1496 1497
f 1498 1499 1500
f 1501 1502 1503
f 1504 1505 1506
f 1507 1508 1509
f 1510 1511 1512
f 1513 1514 1515
f 1516 1517 1518
f 1519 1520 1521
f 1522 1523 1524
f 1525 1526 1527
f 1528 1529 1530
f 1531 1532 1533
f 1534 1535 1536
f 1537 1538 1539
f 1540 1541 1542
f 1543 1544 1545
f 1546 1547 1548
f 1549 1550 1551
f 1552 1553 1554
f 1555 1556 1557
f 1558 1559 1560
f 1561 1562 1563
f 1564 1565 1566
f 1567 1568 1569
f 1570 1571 1572
f 1573 1574 1575
f 1576 1577 1578
f 1579 1580 1581
f 1582 1583 1584
f 1585 1586 1587
f 1588 1589 1590
f 1591 1592 1593
f 1594 1595 1596
f 1597 1598 1599
f 1600 1601 1602
f 1603 1604 1605
f 1606 1607 1608
f 1609 1610 1611
f 1612 1613 1614
f 1615 1616 1617
f 1618 1619 1620
f 1621 1622 1623
f 1624 1625 1626
f 1627 1628 1629
f 1630 1631 1632
f 1633 1634 1635
f 1636 1637 1638
f 1639 1640 1641
f 1642 1643 1644
f 1645 1646 1647
f 1648 1649 1650
f 1651 1652 1653
f 1654 1655 1656
f 1657 1658 1659
f 1660 1661 1662
f 1663 1664 1665
f 1666 1667 1668
f 1669 1670 1671
f 1672 1673 1674
f 1675 1676 1677
f 1678 1679 1680
f 1681 1682 1683
f 1684 1685 1686
f 1687 1688 1689
f 1690 1691 1692
f 1693 1694 1695
f 1696 1697 1698
f 1699 1700 1701
f 1702 1703 1704
f 1705 1706 1707
f 1708 1709 1710
f 1711 1712 1713
f 1714 1715 1716
f 1717 1718 1719
f 1720 1721 1722
f 1723 1724 1725
f 1726 1727 1728
f 1729 1730 1731
f 1732 1733 1734
f 1735 1736 1737
f 1738 1739 1740
f 1741 1742 1743
f 1744 1745 1746
f 1747 1748 1749
f 1750 1751 1752
f 1753 1754 1755
f 1756 1757 1758
f 1759 1760 1761
f 1762 1763 1764
f 1765 1766 1767
f 1768 1769 1770
f 1771 1772 1773
f 1774 1775 1776
f 1777 1778 1779
f 1780 1781 1782
f 1783 1784 1785
f 1786 1787 1788
f 1789 1790 1791
f 1792 1793 1794
f 1795 1796 1797
f 1798 1799 1800
f 1801 1802 1803
f 1804 1805 1806
f 1807 1808 1809
f 1810 1811 1812
f 1813 1814 1815
f 1816 1817 1818
f 1819 1820 1821
f 1822 1823 1824
f 1825 1826 1827
f 1828 1829 1830
f 1831 1832 1833
f 1834 1835 1836
f 1837 1838 1839
f 1840 1841 1842
f 1843 1844 1845
f 1846 1847 1848
f 1849 1850 1851
f 1852 1853 1854
f 1855 1856 1857
f 1858 1859 1860
f 1861 1862 1863
f 1864 1865 1866
f 1867 1868 1869
f 1870 1871 1872
f 1873 1874 1875
f 1876 1877 1878
f 1879 1880 1881
f 1882 1883 1884
f 1885 1886 1887
f 1888 1889 1890
f 1891 1892 1893
f 1894 1895 1896
f 1897 1898 1899
f 1900 1901 1902
f 1903 1904 1905
f 1906 1907 1908
f 1909 1910 1911
f 1912 1913 1914
f 1915 1916 1917
f 1918 1919 1920
f 1921 1922 1923
f 1924 1925 1926
f 1927 1928 1929
f 1930 1931 1932
f 1933 1934 1935
f 1936 1937 1938
f 1939 1940 1941
f 1942 1943 1944
f 1945 1946 1947
f 1948 1949 1950
f 1951 1952 1953
f 1954 1955 1956
f 1957 1958 1959
f 1960 1961 1962
f 1963 1964 1965
f 1966 1967 1968
f 1969 1970 1971
f 1972 1973 1974
f 1975 1976 1977
f 1978 1979 1980
f 1981 1982 1983
f 1984 1985 1986
f 1987 1988 1989
f 1990 1991 1992
f 1993 1994 1995
f 1996 1997 1998
f 1999 2000 2001
f 2002 2003 2004
f 2005 2006 2007
f 2008 2009 2010
f 2011 2012 2013
f 2014 2015 2016
f 2017 2018 2019
f 2020 2021 2022
f 2023 2024 2025
f 2026 2027 2028
f 2029 2030 2031
f 2032 2033 2034
f 2035 2036 2037
f 2038 2039 2040
f 2041 2042 2043
f 2044 2045 2046
f 2047 2048 2049
f 2050 2051 2052
f 2053 2054 2055
f 2056 2057 2058
f 2059 2060 2061
f 2062 2063 2064
f 2065 2066 2067
f 2068 2069 2070
f 2071 2072 2073
f 2074 2075 2076
f 2077 2078 2079
f 2080 2081 2082
f 2083 2084 2085
f 2086 2087 2088
f 2089 2090 2091
f 2092 2093 2094
f 2095 2096 2097
f 2098 2099 2100
f 2101 2102 2103
f 2104 2105 2106
f 2107 2108 2109
f 2110 2111 2112
f 2113 2114 2115
f 2116 2117 2118
f 2119 2120 2121
f 2122 2123 2124
f 2125 2126 2127
f 2128 2129 2130
f 2131 2132 2133
f 2134 2135 2136
f 2137 2138 2139
f 2140 2141 2142
f 2143 2144 2145
f 2146 2147 2148
f 2149 2150 2151
f 2152 2153 2154
f 2155 2156 2157
f 2158 2159 2160
f 2161 2162 2163
f 2164 2165 2166
f 2167 2168 2169
f 2170 2171 2172
f 2173 2174 2175
f 2176 2177 2178
f 2179 2180 2181
f 2182 2183 2184
f 2185 2186 2187
f 2188 2189 2190
f 2191 2192 2193
f 2194 2195 2196
f 2197 2198 2199
f 2200 2201 2202
f 2203 2204 2205
f 2206 2207 2208
f 2209 2210 2211
f 2212 2213 2214
f 2215 2216 2217
f 2218 2219 2220
f 2221 2222 2223
f 2224 2225 2226
f 2227 2228 2229
f 2230 2231 2232
f 2233 2234 2235
f 2236 2237 2238
f 2239 2240 2241
f 2242 2243 2244
f 2245 2246 2247
f 2248 2249 2250
f 2251 2252 2253
f 2254 2255 2256
f 2257 2258 2259
f 2260 2261 2262
f 2263 2264 2265
f 2266 2267 2268
f 2269 2270 2271
f 2272 2273 2274
f 2275 2276 2277
f 2278 2279 2280
f 2281 2282 2283
f 2284 2285 2286
f 2287 2288 2289
f 2290 2291 2292
f 2293 2294 2295
f 2296 2297 2298
f 2299 2300 2301
f 2302 2303 2304
f 2305 2306 2307
f 2308 2309 2310
f 2311 2312 2313
f 2314 2315 2316
f 2317 2318 2319
f 2320 2321 2322
f 2323 2324 2325
f 2326 2327 2328
f 2329 2330 2331
f 2332 2333 2334
f 2335 2336 2337
f 2338 2339 2340
f 2341 2342 2343
f 2344 2345 2346
f 2347 2348 2349
f 2350 2351 2352
f 2353 2354 2355
f 2356 2357 2358
f 2359 2360 2361
f 2362 2363 2364
f 2365 2366 2367
f 2368 2369 2370
f 2371 2372 2373
f 2374 2375 2376
f 2377 2378 2379
f 2380 2381 2382
f 2383 2384 2385
f 2386 2387 2388
f 2389 2390 2391
f 2392 2393 2394
f 2395 2396 2397
f 2398 2399 2400
f 2401 2402 2403
f 2404 2405 2406
f 2407 2408 2409
f 2410 2411 2412
f 2413 2414 2415
f 2416 2417 2418
f 2419 2420 2421
f 2422 2423 2424
f 2425 2426 2427
f 2428 2429 2430
f 2431 2432 2433
f 2434 2435 2436
f 2437 2438 2439
f 2440 2441 2442
f 2443 2444 2445
f 2446 2447 2448
f 2449 2450 2451
f 2452 2453 2454
f 2455 2456 2457
f 2458 2459 2460
f 2461 2462 2463
f 2464 2465 2466
f 2467 2468 2469
f 2470 2471 2472
f 2473 2474 2475
f 2476 2477 2478
f 2479 2480 2481
f 2482 2483 2484
f 2485 2486 2487
f 2488 2489 2490
f 2491 2492 2493
f 2494 2495 2496
f 2497 2498 2499
f 2500 2501 2502
f 2503 2504 2505
f 2506 2507 2508
f 2509 2510 2511
f 2512 2513 2514
f 2515 2516 2517
f 2518 2519 2520
f 2521 2522 2523
f 2524 2525 2526
f 2527 2528 2529
f 2530 2531 2532
f 2533 2534 2535
f 2536 2537 2538
f 2539 2540 2541
f 2542 2543 2544
f 2545 2546 2547
f 2548 2549 2550
f 2551 2552 2553
f 2554 2555 2556
f 2557 2558 2559
f 2560 2561 2562
f 2563 2564 2565
f 2566 2567 2568
f 2569 2570 2571
f 2572 2573 2574
f 2575 2576 2577
f 2578 2579 2580
f 2581 2582 2583
f 2584 2585 2586
f 2587 2588 2589
f 2590 2591 2592
f 2593 2594 2595
f 2596 2597 2598
f 2599 2600 2601
f 2602 2603 2604
f 2605 2606 2607
f 2608 2609 2610
f 2611 2612 2613
f 2614 2615 2616
f 2617 2618 2619
f 2620 2621 2622
f 2623 2624 2625
f 2626 2627 2628
f 2629 2630 2631
f 2632 2633 2634
f 2635 2636 2637
f 2638 2639 2640
f 2641 2642 2643
f 2644 2645 2646
f 2647 2648 2649
f 2650 2651 2652
f 2653 2654 2655
f 2656 2657 2658
f 2659 2660 2661
f 2662 2663 2664
f 2665 2666 2667
f 2668 2669 2670
f 2671 2672 2673
f 2674 2675 2676
f 2677 2678 2679
f 2680 2681 2682
f 2683 2684 2685
f 2686 2687 2688
f 2689 2690 2691
f 2692 2693 2694
f 2695 2696 2697
f 2698 2699 2700
f 2701 2702 2703
f 2704 2705 2706
f 2707 2708 2709
f 2710 2711 2712
f 2713 2714 2715
f 2716 2717 2718
f 2719 2720 2721
f 2722 2723 2724
f 2725 2726 2727
f 2728 2729 2730
f 2731 2732 2733
f 2734 2735 2736
f 2737 2738 2739
f 2740 2741 2742
f 2743 2744 2745
f 2746 2747 2748
f 2749 2750 2751
f 2752 2753 2754
f 2755 2756 2757
f 2758 2759 2760
f 2761 2762 2763
f 2764 2765 2766
f 2767 2768 2769
f 2770 2771 2772
f 2773 2774 2775
f 2776 2777 2778
f 2779 2780 2781
f 2782 2783 2784
f 2785 2786 2787
f 2788 2789 2790
f 2791 2792 2793
f 2794 2795 2796
f 2797 2798 2799
f 2800 2801 2802
f 2803 2804 2805
f 2806 2807 2808
f 2809 2810 2811
f 2812 2813 2814
f 2815 2816 2817
f 2818 2819 2820
f 2821 2822 2823
f 2824 2825 2826
f 2827 2828 2829
f 2830 2831 2832
f 2833 2834 2835
f 2836 2837 2838
f 2839 2840 2841
f 2842 2843 2844
f 2845 2846 2847
f 2848 2849 2850
f 2851 2852 2853
f 2854 2855 2856
f 2857 2858 2859
f 2860 2861 2862
f 2863 2864 2865
f 2866 2867 2868
f 2869 2870 2871
f 2872 2873 2874
f 2875 2876 2877
f 2878 2879 2880
f 2881 2882 2883
f 2884 2885 2886
f 2887 2888 2889
f 2890 2891 2892
f 2893 2894 2895
f 2896 2897 2898
f 2899 2900 2901
f 2902 2903 2904
f 2905 2906 2907
f 2908 2909 2910
f 2911 2912 2913
f 2914 2915 2916
f 2917 2918 2919
f 2920 2921 2922
f 2923 2924 2925
f 2926 2927 2928
f 2929 2930 2931
f 2932 2933 2934
f 2935 2936 2937
f 2938 2939 2940
f 2941 2942 2943
f 2944 2945 2946
f 2947 2948 2949
f 2950 2951 2952
f 2953 2954 2955
f 2956 2957 2958
f 2959 2960 2961
f 2962 2963 2964
f 2965 2966 2967
f 2968 2969 2970
f 2971 2972 2973
f 2974 2975 2976
f 2977 2978 2979
f 2980 2981 2982
f 2983 2984 2985
f 2986 2987 2988
f 2989 2990 2991
f 2992 2993 2994
f 2995 2996 2997
f 2998 2999 3000
f 3001 3002 3003
f 3004 3005 3006
f 3007 3008 3009
f 3010 3011 3012
f 3013 3014 3015
f 3016 3017 3018
f 3019 3020 3021
f 3022 3023 3024
f 3025 3026 3027
f 3028 3029 3030
f 3031 3032 3033
f 3034 3035 3036
f 3037 3038 3039
f 3040 3041 3042
f 3043 3044 3045
f 3046 3047 3048
f 3049 3050 3051
f 3052 3053 3054
f 3055 3056 3057
f 3058 3059 3060
f 3061 3062 3063
f 3064 3065 3066
f 3067 3068 3069
f 3070 3071 3072
f 3073 3074 3075
f 3076 3077 3078
f 3079 3080 3081
f 3082 3083 3084
f 3085 3086 3087
f 3088 3089 3090
f 3091 3092 3093
f 3094 3095 3096
f 3097 3098 3099
f 3100 3101 3102
f 3103 3104 3105
f 3106 3107 3108
f 3109 3110 3111
f 3112 3113 3114
f 3115 3116 3117
f 3118 3119 3120
f 3121 3122 3123
f 3124 3125 3126
f 3127 3128 3129
f 3130 3131 3132
f 3133 3134 3135
f 3136 3137 3138
f 3139 3140 3141
f 3142 3143 3144
f 3145 3146 3147
f 3148 3149 3150
f 3151 3152 3153
f 3154 3155 3156
f 3157 3158 3159
f 3160 3161 3162
f 3163 3164 3165
f 3166 3167 3168
f 3169 3170 3171
f 3172 3173 3174
f 3175 3176 3177
f 3178 3179 3180
f 3181 3182 3183
f 3184 3185 3186
f 3187 3188 3189
f 3190 3191 3192
f 3193 3194 3195
f 3196 3197 3198
f 3199 3200 3201
f 3202 3203 3204
f 3205 3206 3207
f 3208 3209 3210
f 3211 3212 3213
f 3214 3215 3216
f 3217 3218 3219
f 3220 3221 3222
f 3223 3224 3225
f 3226 3227 3228
f 3229 3230 3231
f 3232 3233 3234
f 3235 3236 3237
f 3238 3239 3240
f 3241 3242 3243
f 3244 3245 3246
f 3247 3248 3249
f 3250 3251 3252
f 3253 3254 3255
f 3256 3257 3258
f 3259 3260 3261
f 3262 3263 3264
f 3265 3266 3267
f 3268 3269 3270
f 3271 3272 3273
f 3274 3275 3276
f 3277 3278 3279
f 3280 3281 3282
f 3283 3284 3285
f 3286 3287 3288
f 3289 3290 3291
f 3292 3293 3294
f 3295 3296 3297
f 3298 3299 3300
f 3301 3302 3303
f 3304 3305 3306
f 3307 3308 3309
f 3310 3311 3312
f 3313 3314 3315
f 3316 3317 3318
f 3319 3320 3321
f 3322 3323 3324
f 3325 3326 3327
f 3328 3329 3330
f 3331 3332 3333
f 3334 3335 3336
f 3337 3338 3339
f 3340 3341 3342
f 3343 3344 3345
f 3346 3347 3348
f 3349 3350 3351
f 3352 3353 3354
f 3355 3356 3357
f 3358 3359 3360
f 3361 3362 3363
f 3364 3365 3366
f 3367 3368 3369
f 3370 3371 3372
f 3373 3374 3375
f 3376 3377 3378
f 3379 3380 3381
f 3382 3383 3384
f 3385 3386 3387
f 3388 3389 3390
f 3391 3392 3393
f 3394 3395 3396
f 3397 3398 3399
f 3400 3401 3402
f 3403 3404 3405
f 3406 3407 3408
f 3409 3410 3411
f 3412 3413 3414
f 3415 3416 3417
f 3418 3419 3420
f 3421 3422 3423
f 3424 3425 3426
f 3427 3428 3429
f 3430 3431 3432
f 3433 3434 3435
f 3436 3437 3438
f 3439 3440 3441
f 3442 3443 3444
f 3445 3446 3447
f 3448 3449 3450
f 3451 3452 3453
f 3454 3455 3456
f 3457 3458 3459
f 3460 3461 3462
f 3463 3464 3465
f 3466 3467 3468
f 3469 3470 3471
f 3472 3473 3474
f 3475 3476 3477
f 3478 3479 3480
f 3481 3482 3483
f 3484 3485 3486
f 3487 3488 3489
f 3490 3491 3492
f 3493 3494 3495
f 3496 3497 3498
f 3499 3500 3501
f 3502 3503 3504
f 3505 3506 3507
f 3508 3509 3510
f 3511 3512 3513
f 3514 3515 3516
f 3517 3518 3519
f 3520 3521 3522
f 3523 3524 3525
f 3526 3527 3528
f 3529 3530 3531
f 3532 3533 3534
f 3535 3536 3537
f 3538 3539 3540
f 3541 3542 3543
f 3544 3545 3546
f 3547 3548 3549
f 3550 3551 3552
f 3553 3554 3555
f 3556 3557 3558
f 3559 3560 3561
f 3562 3563 3564
f 3565 3566 3567
f 3568 3569 3570
f 3571 3572 3573
f 3574 3575 3576
f 3577 3578 3579
f 3580 3581 3582
f 3583 3584 3585
f 3586 3587 3588
f 3589 3590 3591
f 3592 3593 3594
f 3595 3596 3597
f 3598 3599 3600
f 3601 3602 3603
f 3604 3605 3606
f 3607 3608 3609
f 3610 3611 3612
f 3613 3614 3615
f 3616 3617 3618
f 3619 3620 3621
f 3622 3623 3624
f 3625 3626 3627
f 3628 3629 3630
f 3631 3632 3633
f 3634 3635 3636
f 3637 3638 3639
f 3640 3641 3642
f 3643 3644 3645
f 3646 3647 3648
f 3649 3650 3651
f 3652 3653 3654
f 3655 3656 3657
f 3658 3659 3660
f 3661 3662 3663
f 3664 3665 3666
f 3667 3668 3669
f 3670 3671 3672
f 3673 3674 3675
f 3676 3677 3678
f 3679 3680 3681
f 3682 3683 3684
f 3685 3686 3687
f 3688 3689 3690
f 3691 3692 3693
f 3694 3695 3696
f 3697 3698 3699
f 3700 3701 3702
f 3703 3704 3705
f 3706 3707 3708
f 3709 3710 3711
f 3712 3713 3714
f 3715 3716 3717
f 3718 3719 3720
f 3721 3722 3723
f 3724 3725 3726
f 3727 3728 3729
f 3730 3731 3732
f 3733 3734 3735
f 3736 3737 3738
f 3739 3740 3741
f 3742 3743 3744
f 3745 3746 3747
f 3748 3749 3750
f 3751 3752 3753
f 3754 3755 3756
f 3757 3758 3759
f 3760 3761 3762
f 3763 3764 3765
f 3766 3767 3768
f 3769 3770 3771
f 3772 3773 3774
f 3775 3776 3777
f 3778 3779 3780
f 3781 3782 3783
f 3784 3785 3786
f 3787 3788 3789
f 3790 3791 3792
f 3793 3794 3795
f 3796 3797 3798
f 3799 3800 3801
f 3802 3803 3804
f 3805 3806 3807
f 3808 3809 3810
f 3811 3812 3813
f 3814 3815 3816
f 3817 3818 3819
f 3820 3821 3822
f 3823 3824 3825
f 3826 3827 3828
f 3829 3830 3831
f 3832 3833 3834
f 3835 3836 3837
f 3838 3839 3840
f 3841 3842 3843
f 3844 3845 3846
f 3847 3848 3849
f 3850 3851 3852
f 3853 3854 3855
f 3856 3857 3858
f 3859 3860 3861
f 3862 3863 3864
f 3865 3866 3867
f 3868 3869 3870
f 3871 3872 3873
f 3874 3875 3876
f 3877 3878 3879
f 3880 3881 3882
f 3883 3884 3885
f 3886 3887 3888
f 3889 3890 3891
f 3892 3893 3894
f 3895 3896 3897
f 3898 3899 3900
f 3901 3902 3903
f 3904 3905 3906
f 3907 3908 3909
f 3910 3911 3912
f 3913 3914 3915
f 3916 3917 3918
f 3919 3920 3921
f 3922 3923 3924
f 3925 3926 3927
f 3928 3929 3930
f 3931 3932 3933
f 3934 3935 3936
f 3937 3938 3939
f 3940 3941 3942
f 3943 3944 3945
f 3946 3947 3948
f 3949 3950 3951
f 3952 3953 3954
f 3955 3956 3957
f 3958 3959 3960
f 3961 3962 3963
f 3964 3965 3966
f 3967 3968 3969
f 3970 3971 3972
f 3973 3974 3975
f 3976 3977 3978
f 3979 3980 3981
f 3982 3983 3984
f 3985 3986 3987
f 3988 3989 3990
f 3991 3992 3993
f 3994 3995 3996
f 3997 3998 3999
f 4000 4001 4002
f 4003 4004 4005
f 4006 4007 4008
f 4009 4010 4011
f 4012 4013 4014
f 4015 4016 4017
f 4018 4019 4020
f 4021 4022 4023
f 4024 4025 4026
f 4027 4028 4029
f 4030 4031 4032
f 4033 4034 4035
f 4036 4037 4038
f 4039 4040 4041
f 4042 4043 4044
f 4045 4046 4047
f 4048 4049 4050
f 4051 4052 4053
f 4054 4055 4056
f 4057 4058 4059
f 4060 4061 4062
f 4063 4064 4065
f 4066 4067 4068
f 4069 4070 4071
f 4072 4073 4074
f 4075 4076 4077
f 4078 4079 4080
f 4081 4082 4083
f 4084 4085 4086
f 4087 4088 4089
f 4090 4091 4092
f 4093 4094 4095
f 4096 4097 4098
f 4099 4100 4101
f 4102 4103 4104
f 4105 4106 4107
f 4108 4109 4110
f 4111 4112 4113
f 4114 4115 4116
f 4117 4118 4119
f 4120 4121 4122
f 4123 4124 4125
f 4126 4127 4128
f 4129 4130 4131
f 4132 4133 4134
f 4135 4136 4137
f 4138 4139 4140
f 4141 4142 4143
f 4144 4145 4146
f 4147 4148 4149
f 4150 4151 4152
f 4153 4154 4155
f 4156 4157 4158
f 4159 4160 4161
f 4162 4163 4164
f 4165 4166 4167
f 4168 4169 4170
f 4171 4172 4173
f 4174 4175 4176
f 4177 4178 4179
f 4180 4181 4182
f 4183 4184 4185
f 4186 4187 4188
f 4189 4190 4191
f 4192 4193 4194
f 4195 4196 4197
f 4198 4199 4200
f 4201 4202 4203
f 4204 4205 4206
f 4207 4208 4209
f 4210 4211 4212
f 4213 4214 4215
f 4216 4217 4218
f 4219 4220 4221
f 4222 4223 4224
f 4225 4226 4227
f 4228 4229 4230
f 4231 4232 4233
f 4234 4235 4236
f 4237 4238 4239
f 4240 4241 4242
f 4243 4244 4245
f 4246 4247 4248
f 4249 4250 4251
f 4252 4253 4254
f 4255 4256 4257
f 4258 4259 4260
f 4261 4262 4263
f 4264 4265 4266
f 4267 4268 4269
f 4270 4271 4272
f 4273 4274 4275
f 4276 4277 4278
f 4279 4280 4281
f 4282 4283 4284
f 4285 4286 4287
f 4288 4289 4290
f 4291 4292 4293
f 4294 4295 4296
f 4297 4298 4299
f 4300 4301 4302
f 4303 4304 4305
f 4306 4307 4308
f 4309 4310 4311
f 4312 4313 4314
f 4315 4316 4317
f 4318 4319 4320
f 4321 4322 4323
f 4324 4325 4326
f 4327 4328 4329
f 4330 4331 4332
f 4333 4334 4335
f 4336 4337 4338
f 4339 4340 4341
f 4342 4343 4344
f 4345 4346 4347
f 4348 4349 4350
f 4351 4352 4353
f 4354 4355 4356
f 4357 4358 4359
f 4360 4361 4362
f 4363 4364 4365
f 4366 4367 4368
f 4369 4370 4371
f 4372 4373 4374
f 4375 4376 4377
f 4378 4379 4380
f 4381 4382 4383
f 4384 4385 4386
f 4387 4388 4389
f 4390 4391 4392
f 4393 4394 4395
f 4396 4397 4398
f 4399 4400 4401
f 4402 4403 4404
f 4405 4406 4407
f 4408 4409 4410
f 4411 4412 4413
f 4414 4415 4416
f 4417 4418 4419
f 4420 4421 4422
f 4423 4424 4425
f 4426 4427 4428
f 4429 4430 4431
f 4432 4433 4434
f 4435 4436 4437
f 4438 4439 4440
f 4441 4442 4443
f 4444 4445 4446
f 4447 4448 4449
f 4450 4451 4452
f 4453 4454 4455
f 4456 4457 4458
f 4459 4460 4461
f 4462 4463 4464
f 4465 4466 4467
f 4468 4469 4470
f 4471 4472 4473
f 4474 4475 4476
f 4477 4478 4479
f 4480 4481 4482
f 4483 4484 4485
f 4486 4487 4488
f 4489 4490 4491
f 4492 4493 4494
f 4495 4496 4497
f 4498 4499 4500
f 4501 4502 4503
f 4504 4505 4506
f 4507 4508 4509
f 4510 4511 4512
f 4513 4514 4515
f 4516 4517 4518
f 4519 4520 4521
f 4522 4523 4524
f 4525 4526 4527
f 4528 4529 4530
f 4531 4532 4533
f 4534 4535 4536
f 4537 4538 4539
f 4540 4541 4542
f 4543 4544 4545
f 4546 4547 4548
f 4549 4550 4551
f 4552 4553 4554
f 4555 4556 4557
f 4558 4559 4560
f 4561 4562 4563
f 4564 4565 4566
f 4567 4568 4569
f 4570 4571 4572
f 4573 4574 4575
f 4576 4577 4578
f 4579 4580 4581
f 4582 4583 4584
f 4585 4586 4587
f 4588 4589 4590
f 4591 4592 4593
f 4594 4595 4596
f 4597 4598 4599
f 4600 4601 4602
f 4603 4604 4605
f 4606 4607 4608
f 4609 4610 4611
f 4612 4613 4614
f 4615 4616 4617
f 4618 4619 4620
f 4621 4622 4623
f 4624 4625 4626
f 4627 4628 4629
f 4630 4631 4632
f 4633 4634 4635
f 4636 4637 4638
f 4639 4640 4641
f 4642 4643 4644
f 4645 4646 4647
f 4648 4649 4650
f 4651 4652 4653
f 4654 4655 4656
f 4657 4658 4659
f 4660 4661 4662
f 4663 4664 4665
f 4666 4667 4668
f 4669 4670 4671
f 4672 4673 4674
f 4675 4676 4677
f 4678 4679 4680
f 4681 4682 4683
f 4684 4685 4686
f 4687 4688 4689
f 4690 4691 4692
f 4693 4694 4695
f 4696 4697 4698
f 4699 4700 4701
f 4702 4703 4704
f 4705 4706 4707
f 4708 4709 4710
f 4711 4712 4713
f 4714 4715 4716
f 4717 4718 4719
f 4720 4721 4722
f 4723 4724 4725
f 4726 4727 4728
f 4729 4730 4731
f 4732 4733 4734
f 4735 4736 4737
f 4738 4739 4740
f 4741 4742 4743
f 4744 4745 4746
f 4747 4748 4749
f 4750 4751 4752
f 4753 4754 4755
f 4756 4757 4758
f 4759 4760 4761
f 4762 4763 4764
f 4765 4766 4767
f 4768 4769 4770
f 4771 4772 4773
f 4774 4775 4776
f 4777 4778 4779
f 4780 4781 4782
f 4783 4784 4785
f 4786 4787 4788
f 4789 4790 4791
f 4792 4793 4794
f 4795 4796 4797
f 4798 4799 4800
f 4801 4802 4803
f 4804 4805 4806
f 4807 4808 4809
f 4810 4811 4812
f 4813 4814 4815
f 4816 4817 4818
f 4819 4820 4821
f 4822 4823 4824
f 4825 4826 4827
f 4828 4829 4830
f 4831 4832 4833
f 4834 4835 4836
f 4837 4838 4839
f 4840 4841 4842
f 4843 4844 4845
f 4846 4847 4848
f 4849 4850 4851
f 4852 4853 4854
f 4855 4856 4857
f 4858 4859 4860
f 4861 4862 4863
f 4864 4865 4866
f 4867 4868 4869
f 4870 4871 4872
f 4873 4874 4875
f 4876 4877 4878
f 4879 4880 4881
f 4882 4883 4884
f 4885 4886 4887
f 4888 4889 4890
f 4891 4892 4893
f 4894 4895 4896
f 4897 4898 4899
f 4900 4901 4902
f 4903 4904 4905
f 4906 4907 4908
f 4909 4910 4911
f 4912 4913 4914
f 4915 4916 4917
f 4918 4919 4920
f 4921 4922 4923
f 4924 4925 4926
f 4927 4928 4929
f 4930 4931 4932
f 4933 4934 4935
f 4936 4937 4938
f 4939 4940 4941
f 4942 4943 4944
f 4945 4946 4947
f 4948 4949 4950
f 4951 4952 4953
f 4954 4955 4956
f 4957 4958 4959
f 4960 4961 4962
f 4963 4964 4965
f 4966 4967 4968
f 4969 4970 4971
f 4972 4973 4974
f 4975 4976 4977
f 4978 4979 4980
f 4981 4982 4983
f 4984 4985 4986
f 4987 4988 4989
f 4990 4991 4992
f 4993 4994 4995
f 4996 4997 4998
f 4999 5000 5001
f 5002 5003 5004
f 5005 5006 5007
f 5008 5009 5010
f 5011 5012 5013
f 5014 5015 5016
f 5017 5018 5019
f 5020 5021 5022
f 5023 5024 5025
f 5026 5027 5028
f 5029 5030 5031
f 5032 5033 5034
f 5035 5036 5037
f 5038 5039 5040
f 5041 5042 5043
f 5044 5045 5046
f 5047 5048 5049
f 5050 5051 5052
f 5053 5054 5055
f 5056 5057 5058
f 5059 5060 5061
f 5062 5063 5064
f 5065 5066 5067
f 5068 5069 5070
f 5071 5072 5073
f 5074 5075 5076
f 5077 5078 5079
f 5080 5081 5082
f 5083 5084 5085
f 5086 5087 5088
f 5089 5090 5091
f 5092 5093 5094
f 5095 5096 5097
f 5098 5099 5100
f 5101 5102 5103
f 5104 5105 5106
f 5107 5108 5109
f 5110 5111 5112
f 5113 5114 5115
f 5116 5117 5118
f 5119 5120 5121
f 5122 5123 5124
f 5125 5126 5127
f 5128 5129 5130
f 5131 5132 5133
f 5134 5135 5136
f 5137 5138 5139
f 5140 5141 5142
f 5143 5144 5145
f 5146 5147 5148
f 5149 5150 5151
f 5152 5153 5154
f 5155 5156 5157
f 5158 5159 5160
f 5161 5162 5163
f 5164 5165 5166
f 5167 5168 5169
f 5170 5171 5172
f 5173 5174 5175
f 5176 5177 5178
f 5179 5180 5181
f 5182 5183 5184
f 5185 5186 5187
f 5188 5189 5190
f 5191 5192 5193
f 5194 5195 5196
f 5197 5198 5199
f 5200 5201 5202
f 5203 5204 5205
f 5206 5207 5208
f 5209 5210 5211
f 5212 5213 5214
f 5215 5216 5217
f 5218 5219 5220
f 5221 5222 5223
f 5224 5225 5226
f 5227 5228 5229
f 5230 5231 5232
f 5233 5234 5235
f 5236 5237 5238
f 5239 5240 5241
f 5242 5243 5244
f 5245 5246 5247
f 5248 5249 5250
f 5251 5252 5253
f 5254 5255 5256
f 5257 5258 5259
f 5260 5261 5262
f 5263 5264 5265
f 5266 5267 5268
f 5269 5270 5271
f 5272 5273 5274
f 5275 5276 5277
f 5278 5279 5280
f 5281 5282 5283
f 5284 5285 5286
f 5287 5288 5289
f 5290 5291 5292
f 5293 5294 5295
f 5296 5297 5298
f 5299 5300 5301
f 5302 5303 5304
f 5305 5306 5307
f 5308 5309 5310
f 5311 5312 5313
f 5314 5315 5316
f 5317 5318 5319
f 5320 5321 5322
f 5323 5324 5325
f 5326 5327 5328
f 5329 5330 5331
f 5332 5333 5334
f 5335 5336 5337
f 5338 5339 5340
f 5341 5342 5343
f 5344 5345 5346
f 5347 5348 5349
f 5350 5351 5352
f 5353 5354 5355
f 5356 5357 5358
f 5359 5360 5361
f 5362 5363 5364
f 5365 5366 5367
f 5368 5369 5370
f 5371 5372 5373
f 5374 5375 5376
f 5377 5378 5379
f 5380 5381 5382
f 5383 5384 5385
f 5386 5387 5388
f 5389 5390 5391
f 5392 5393 5394
f 5395 5396 5397
f 5398 5399 5400
f 5401 5402 5403
f 5404 5405 5406
f 5407 5408 5409
f 5410 5411 5412
f 5413 5414 5415
f 5416 5417 5418
f 5419 5420 5421
f 5422 5423 5424
f 5425 5426 5427
f 5428 5429 5430
f 5431 5432 5433
f 5434 5435 5436
f 5437 5438 5439
f 5440 5441 5442
f 5443 5444 5445
f 5446 5447 5448
f 5449 5450 5451
f 5452 5453 5454
f 5455 5456 5457
f 5458 5459 5460
f 5461 5462 5463
f 5464 5465 5466
f 5467 5468 5469
f 5470 5471 5472
f 5473 5474 5475
f 5476 5477 5478
f 5479 5480 5481
f 5482 5483 5484
f 5485 5486 5487
f 5488 5489 5490
f 5491 5492 5493
f 5494 5495 5496
f 5497 5498 5499
f 5500 5501 5502
f 5503 5504 5505
f 5506 5507 5508
f 5509 5510 5511
f 5512 5513 5514
f 5515 5516 5517
f 5518 5519 5520
f 5521 5522 5523
f 5524 5525 5526
f 5527 5528 5529
f 5530 5531 5532
f 5533 5534 5535
f 5536 5537 5538
f 5539 5540 5541
f 5542 5543 5544
f 5545 5546 5547
f 5548 5549 5550
f 5551 5552 5553
f 5554 5555 5556
f 5557 5558 5559
f 5560 5561 5562
f 5563 5564 5565
f 5566 5567 5568
f 5569 5570 5571
f 5572 5573 5574
f 5575 5576 5577
f 5578 5579 5580
f 5581 5582 5583
f 5584 5585 5586
f 5587 5588 5589
f 5590 5591 5592
f 5593 5594 5595
f 5596 5597 5598
f 5599 5600 5601
f 5602 5603 5604
f 5605 5606 5607
f 5608 5609 5610
f 5611 5612 5613
f 5614 5615 5616
f 5617 5618 5619
f 5620 5621 5622
f 5623 5624 5625
f 5626 5627 5628
f 5629 5630 5631
f 5632 5633 5634
f 5635 5636 5637
f 5638 5639 5640
f 5641 5642 5643
f 5644 5645 5646
f 5647 5648 5649
f 5650 5651 5652
f 5653 5654 5655
f 5656 5657 5658
f 5659 5660 5661
f 5662 5663 5664
f 5665 5666 5667
f 5668 5669 5670
f 5671 5672 5673
f 5674 5675 5676
f 5677 5678 5679
f 5680 5681 5682
f 5683 5684 5685
f 5686 5687 5688
f 5689 5690 5691
f 5692 5693 5694
f 5695 5696 5697
f 5698 5699 5700
f 5701 5702 5703
f 5704 5705 5706
f 5707 5708 5709
f 5710 5711 5712
f 5713 5714 5715
f 5716 5717 5718
f 5719 5720 5721
f 5722 5723 5724
f 5725 5726 5727
f 5728 5729 5730
f 5731 5732 5733
f 5734 5735 5736
f 5737 5738 5739
f 5740 5741 5742
f 5743 5744 5745
f 5746 5747 5748
f 5749 5750 5751
f 5752 5753 5754
f 5755 5756 5757
f 5758 5759 5760
f 5761 5762 5763
f 5764 5765 5766
f 5767 5768 5769
f 5770 5771 5772
f 5773 5774 5775
f 5776 5777 5778
f 5779 5780 5781
f 5782 5783 5784
f 5785 5786 5787
f 5788 5789 5790
f 5791 5792 5793
f 5794 5795 5796
f 5797 5798 5799
f 5800 5801 5802
f 5803 5804 5805
f 5806 5807 5808
f 5809 5810 5811
f 5812 5813 5814
f 5815 5816 5817
f 5818 5819 5820
f 5821 5822 5823
f 5824 5825 5826
f 5827 5828 5829
f 5830 5831 5832
f 5833 5834 5835
f 5836 5837 5838
f 5839 5840 5841
f 5842 5843 5844
f 5845 5846 5847
f 5848 5849 5850
f 5851 5852 5853
f 5854 5855 5856
f 5857 5858 5859
f 5860 5861 5862
f 5863 5864 5865
f 5866 5867 5868
f 5869 5870 5871
f 5872 5873 5874
f 5875 5876 5877
f 5878 5879 5880
f 5881 5882 5883
f 5884 5885 5886
f 5887 5888 5889
f 5890 5891 5892
f 5893 5894 5895
f 5896 5897 5898
f 5899 5900 5901
f 5902 5903 5904
f 5905 5906 5907
f 5908 5909 5910
f 5911 5912 5913
f 5914 5915 5916
f 5917 5918 5919
f 5920 5921 5922
f 5923 5924 5925
f 5926 5927 5928
f 5929 5930 5931
f 5932 5933 5934
f 5935 5936 5937
f 5938 5939 5940
f 5941 5942 5943
f 5944 5945 5946
f 5947 5948 5949
f 5950 5951 5952
f 5953 5954 5955
f 5956 5957 5958
f 5959 5960 5961
f 5962 5963 5964
f 5965 5966 5967
f 5968 5969 5970
f 5971 5972 5973
f 5974 5975 5976
f 5977 5978 5979
f 5980 5981 5982
f 5983 5984 5985
f 5986 5987 5988
f 5989 5990 5991
f 5992 5993 5994
f 5995 5996 5997
f 5998 5999 6000
f 6001 6002 6003
f 6004 6005 6006
f 6007 6008 6009
f 6010 6011 6012
f 6013 6014 6015
f 6016 6017 6018
f 6019 6020 6021
f 6022 6023 6024
f 6025 6026 6027
f 6028 6029 6030
f 6031 6032 6033
f 6034 6035 6036
f 6037 6038 6039
f 6040 6041 6042
f 6043 6044 6045
f 6046 6047 6048
f 6049 6050 6051
f 6052 6053 6054
f 6055 6056 6057
f 6058 6059 6060
f 6061 6062 6063
f 6064 6065 6066
f 6067 6068 6069
f 6070 6071 6072
f 6073 6074 6075
f 6076 6077 6078
f 6079 6080 6081
f 6082 6083 6084
f 6085 6086 6087
f 6088 6089 6090
f 6091 6092 6093
f 6094 6095 6096
f 6097 6098 6099
f 6100 6101 6102
f 6103 6104 6105
f 6106 6107 6108
f 6109 6110 6111
f 6112 6113 6114
f 6115 6116 6117
f 6118 6119 6120
f 6121 6122 6123
f 6124 6125 6126
f 6127 6128 6129
f 6130 6131 6132
f 6133 6134 6135
f 6136 6137 6138
f 6139 6140 6141
f 6142 6143 6144
f 6145 6146 6147
f 6148 6149 6150
f 6151 6152 6153
f 6154 6155 6156
f 6157 6158 6159
f 6160 6161 6162
f 6163 6164 6165
f 6166 6167 6168
f 6169 6170 6171
f 6172 6173 6174
f 6175 6176 6177
f 6178 6179 6180
f 6181 6182 6183
f 6184 6185 6186
f 6187 6188 6189
f 6190 6191 6192
f 6193 6194 6195
f 6196 6197 6198
f 6199 6200 6201
f 6202 6203 6204
f 6205 6206 6207
f 6208 6209 6210
f 6211 6212 6213
f 6214 6215 6216
f 6217 6218 6219
f 6220 6221 6222
f 6223 6224 6225
f 6226 6227 6228
f 6229 6230 6231
f 6232 6233 6234
f 6235 6236 6237
f 6238 6239 6240
f 6241 6242 6243
f 6244 6245 6246
f 6247 6248 6249
f 6250 6251 6252
f 6253 6254 6255
f 6256 6257 6258
f 6259 6260 6261
f 6262 6263 6264
f 6265 6266 6267
f 6268 6269 6270
f 6271 6272 6273
f 6274 6275 6276
f 6277 6278 6279
f 6280 6281 6282
f 6283 6284 6285
f 6286 6287 6288
f 6289 6290 6291
f 6292 6293 6294
f 6295 6296 6297
f 6298 6299 6300
f 6301 6302 6303
f 6304 6305 6306
f 6307 6308 6309
f 6310 6311 6312
f 6313 6314 6315
f 6316 6317 6318
f 6319 6320 6321
f 6322 6323 6324
f 6325 6326 6327
f 6328 6329 6330
f 6331 6332 6333
f 6334 6335 6336
f 6337 6338 6339
f 6340 6341 6342
f 6343 6344 6345
f 6346 6347 6348
f 6349 6350 6351
f 6352 6353 6354
f 6355 6356 6357
f 6358 6359 6360
f 6361 6362 6363
f 6364 6365 6366
f 6367 6368 6369
f 6370 6371 6372
f 6373 6374 6375
f 6376 6377 6378
f 6379 6380 6381
f 6382 6383 6384
f 6385 6386 6387
f 6388 6389 6390
f 6391 6392 6393
f 6394 6395 6396
f 6397 6398 6399
f 6400 6401 6402
f 6403 6404 6405
f 6406 6407 6408
f 6409 6410 6411
f 6412 6413 6414
f 6415 6416 6417
f 6418 6419 6420
f 6421 6422 6423
f 6424 6425 6426
f 6427 6428 6429
f 6430 6431 6432
f 6433 6434 6435
f 6436 6437 6438
f 6439 6440 6441
f 6442 6443 6444
f 6445 6446 6447
f 6448 6449 6450
f 6451 6452 6453
f 6454 6455 6456
f 6457 6458 6459
f 6460 6461 6462
f 6463 6464 6465
f 6466 6467 6468
f 6469 6470 6471
f 6472 6473 6474
f 6475 6476 6477
f 6478 6479 6480
f 6481 6482 6483
f 6484 6485 6486
f 6487 6488 6489
f 6490 6491 6492
f 6493 6494 6495
f 6496 6497 6498
f 6499 6500 6501
f 6502 6503 6504
f 6505 6506 6507
f 6508 6509 6510
f 6511 6512 6513
f 6514 6515 6516
f 6517 6518 6519
f 6520 6521 6522
f 6523 6524 6525
f 6526 6527 6528
f 6529 6530 6531
f 6532 6533 6534
f 6535 6536 6537
f 6538 6539 6540
f 6541 6542 6543
f 6544 6545 6546
f 6547 6548 6549
f 6550 6551 6552
f 6553 6554 6555
f 6556 6557 6558
f 6559 6560 6561
f 6562 6563 6564
f 6565 6566 6567
f 6568 6569 6570
f 6571 6572 6573
f 6574 6575 6576
f 6577 6578 6579
f 6580 6581 6582
f 6583 6584 6585
f 6586 6587 6588
f 6589 6590 6591
f 6592 6593 6594
f 6595 6596 6597
f 6598 6599 6600
f 6601 6602 6603
f 6604 6605 6606
f 6607 6608 6609
f 6610 6611 6612
f 6613 6614 6615
f 6616 6617 6618
f 6619 6620 6621
f 6622 6623 6624
f 6625 6626 6627
f 6628 6629 6630
f 6631 6632 6633
f 6634 6635 6636
f 6637 6638 6639
f 6640 6641 6642
f 6643 6644 6645
f 6646 6647 6648
f 6649 6650 6651
f 6652 6653 6654
f 6655 6656 6657
f 6658 6659 6660
f 6661 6662 6663
f 6664 6665 6666
f 6667 6668 6669
f 6670 6671 6672
f 6673 6674 6675
f 6676 6677 6678
f 6679 6680 6681
f 6682 6683 6684
f 6685 6686 6687
f 6688 6689 6690
f 6691 6692 6693
f 6694 6695 6696
f 6697 6698 6699
f 6700 6701 6702
f 6703 6704 6705
f 6706 6707 6708
f 6709 6710 6711
f 6712 6713 6714
f 6715 6716 6717
f 6718 6719 6720
f 6721 6722 6723
f 6724 6725 6726
f 6727 6728 6729
f 6730 6731 6732
f 6733 6734 6735
f 6736 6737 6738
f 6739 6740 6741
f 6742 6743 6744
f 6745 6746 6747
f 6748 6749 6750
f 6751 6752 6753
f 6754 6755 6756
f 6757 6758 6759
f 6760 6761 6762
f 6763 6764 6765
f 6766 6767 6768
f 6769 6770 6771
f 6772 6773 6774
f 6775 6776 6777
f 6778 6779 6780
f 6781 6782 6783
f 6784 6785 6786
f 6787 6788 6789
f 6790 6791 6792
f 6793 6794 6795
f 6796 6797 6798
f 6799 6800 6801
f 6802 6803 6804
f 6805 6806 6807
f 6808 6809 6810
f 6811 6812 6813
f 6814 6815 6816
f 6817 6818 6819
f 6820 6821 6822
f 6823 6824 6825
f 6826 6827 6828
f 6829 6830 6831
f 6832 6833 6834
f 6835 6836 6837
f 6838 6839 6840
f 6841 6842 6843
f 6844 6845 6846
f 6847 6848 6849
f 6850 6851 6852
f 6853 6854 6855
f 6856 6857 6858
f 6859 6860 6861
f 6862 6863 6864
f 6865 6866 6867
f 6868 6869 6870
f 6871 6872 6873
f 6874 6875 6876
f 6877 6878 6879
f 6880 6881 6882
f 6883 6884 6885
f 6886 6887 6888
f 6889 6890 6891
f 6892 6893 6894
f 6895 6896 6897
f 6898 6899 6900
f 6901 6902 6903
f 6904 6905 6906
f 6907 6908 6909
f 6910 6911 6912
f 6913 6914 6915
f 6916 6917 6918
f 6919 6920 6921
f 6922 6923 6924
f 6925 6926 6927
f 6928 6929 6930
f 6931 6932 6933
f 6934 6935 6936
f 6937 6938 6939
f 6940 6941 6942
f 6943 6944 6945
f 6946 6947 6948
f 6949 6950 6951
f 6952 6953 6954
f 6955 6956 6957
f 6958 6959 6960
f 6961 6962 6963
f 6964 6965 6966
f 6967 6968 6969
f 6970 6971 6972
f 6973 6974 6975
f 6976 6977 6978
f 6979 6980 6981
f 6982 6983 6984
f 6985 6986 6987
f 6988 6989 6990
f 6991 6992 6993
f 6994 6995 6996
f 6997 6998 6999
f 7000 7001 7002
f 7003 7004 7005
f 7006 7007 7008
f 7009 7010 7011
f 7012 7013 7014
f 7015 7016 7017
f 7018 7019 7020
f 7021 7022 7023
f 7024 7025 7026
f 7027 7028 7029
f 7030 7031 7032
f 7033 7034 7035
f 7036 7037 7038
f 7039 7040 7041
f 7042 7043 7044
f 7045 7046 7047
f 7048 7049 7050
f 7051 7052 7053
f 7054 7055 7056
f 7057 7058 7059
f 7060 7061 7062
f 7063 7064 7065
f 7066 7067 7068
f 7069 7070 7071
f 7072 7073 7074
f 7075 7076 7077
f 7078 7079 7080
f 7081 7082 7083
f 7084 7085 7086
f 7087 7088 7089
f 7090 7091 7092
f 7093 7094 7095
f 7096 7097 7098
f 7099 7100 7101
f 7102 7103 7104
f 7105 7106 7107
f 7108 7109 7110
f 7111 7112 7113
f 7114 7115 7116
f 7117 7118 7119
f 7120 7121 7122
f 7123 7124 7125
f 7126 7127 7128
f 7129 7130 7131
f 7132 7133 7134
f 7135 7136 7137
f 7138 7139 7140
f 7141 7142 7143
f 7144 7145 7146
f 7147 7148 7149
f 7150 7151 7152
f 7153 7154 7155
f 7156 7157 7158
f 7159 7160 7161
f 7162 7163 7164
f 7165 7166 7167
f 7168 7169 7170
f 7171 7172 7173
f 7174 7175 7176
f 7177 7178 7179
f 7180 7181 7182
f 7183 7184 7185
f 7186 7187 7188
f 7189 7190 7191
f 7192 7193 7194
f 7195 7196 7197
f 7198 7199 7200
f 7201 7202 7203
f 7204 7205 7206
f 7207 7208 7209
f 7210 7211 7212
f 7213 7214 7215
f 7216 7217 7218
f 7219 7220 7221
f 7222 7223 7224
f 7225 7226 7227
f 7228 7229 7230
f 7231 7232 7233
f 7234 7235 7236
f 7237 7238 7239
f 7240 7241 7242
f 7243 7244 7245
f 7246 7247 7248
f 7249 7250 7251
f 7252 7253 7254
f 7255 7256 7257
f 7258 7259 7260
f 7261 7262 7263
f 7264 7265 7266
f 7267 7268 7269
f 7270 7271 7272
f 7273 7274 7275
f 7276 7277 7278
f 7279 7280 7281
f 7282 7283 7284
f 7285 7286 7287
f 7288 7289 7290
f 7291 7292 7293
f 7294 7295 7296
f 7297 7298 7299
f 7300 7301 7302
f 7303 7304 7305
f 7306 7307 7308
f 7309 7310 7311
f 7312 7313 7314
f 7315 7316 7317
f 7318 7319 7320
f 7321 7322 7323
f 7324 7325 7326
f 7327 7328 7329
f 7330 7331 7332
f 7333 7334 7335
f 7336 7337 7338
f 7339 7340 7341
f 7342 7343 7344
f 7345 7346 7347
f 7348 7349 7350
f 7351 7352 7353
f 7354 7355 7356
f 7357 7358 7359
f 7360 7361 7362
f 7363 7364 7365
f 7366 7367 7368
f 7369 7370 7371
f 7372 7373 7374
f 7375 7376 7377
f 7378 7379 7380
f 7381 7382 7383
f 7384 7385 7386
f 7387 7388 7389
f 7390 7391 7392
f 7393 7394 7395
f 7396 7397 7398
f 7399 7400 7401
f 7402 7403 7404
f 7405 7406 7407
f 7408 7409 7410
f 7411 7412 7413
f 7414 7415 7416
f 7417 7418 7419
f 7420 7421 7422
f 7423 7424 7425
f 7426 7427 7428
f 7429 7430 7431
f 7432 7433 7434
f 7435 7436 7437
f 7438 7439 7440
f 7441 7442 7443
f 7444 7445 7446
f 7447 7448 7449
f 7450 7451 7452
f 7453 7454 7455
f 7456 7457 7458
f 7459 7460 7461
f 7462 7463 7464
f 7465 7466 7467
f 7468 7469 7470
f 7471 7472 7473
f 7474 7475 7476
f 7477 7478 7479
f 7480 7481 7482
f 7483 7484 7485
f 7486 7487 7488
f 7489 7490 7491
f 7492 7493 7494
f 7495 7496 7497
f 7498 7499 7500
f 7501 7502 7503
f 7504 7505 7506
f 7507 7508 7509
f 7510 7511 7512
f 7513 7514 7515
f 7516 7517 7518
f 7519 7520 7521
f 7522 7523 7524
f 7525 7526 7527
f 7528 7529 7530
f 7531 7532 7533
f 7534 7535 7536
f 7537 7538 7539
f 7540 7541 7542
f 7543 7544 7545
f 7546 7547 7548
f 7549 7550 7551
f 7552 7553 7554
f 7555 7556 7557
f 7558 7559 7560
f 7561 7562 7563
f 7564 7565 7566
f 7567 7568 7569
f 7570 7571 7572
f 7573 7574 7575
f 7576 7577 7578
f 7579 7580 7581
f 7582 7583 7584
f 7585 7586 7587
f 7588 7589 7590
f 7591 7592 7593
f 7594 7595 7596
f 7597 7598 7599
f 7600 7601 7602
f 7603 7604 7605
f 7606 7607 7608
f 7609 7610 7611
f 7612 7613 7614
f 7615 7616 7617
f 7618 7619 7620
f 7621 7622 7623
f 7624 7625 7626
f 7627 7628 7629
f 7630 7631 7632
f 7633 7634 7635
f 7636 7637 7638
f 7639 7640 7641
f 7642 7643 7644
f 7645 7646 7647
f 7648 7649 7650
f 7651 7652 7653
f 7654 7655 7656
f 7657 7658 7659
f 7660 7661 7662
f 7663 7664 7665
f 7666 7667 7668
f 7669 7670 7671
f 7672 7673 7674
f 7675 7676 7677
f 7678 7679 7680
f 7681 7682 7683
f 7684 7685 7686
f 7687 7688 7689
f 7690 7691 7692
f 7693 7694 7695
f 7696 7697 7698
f 7699 7700 7701
f 7702 7703 7704
f 7705 7706 7707
f 7708 7709 7710
f 7711 7712 7713
f 7714 7715 7716
f 7717 7718 7719
f 7720 7721 7722
f 7723 7724 7725
f 7726 7727 7728
f 7729 7730 7731
f 7732 7733 7734
f 7735 7736 7737
f 7738 7739 7740
f 7741 7742 7743
f 7744 7745 7746
f 7747 7748 7749
f 7750 7751 7752
f 7753 7754 7755
f 7756 7757 7758
f 7759 7760 7761
f 7762 7763 7764
f 7765 7766 7767
f 7768 7769 7770
f 7771 7772 7773
f 7774 7775 7776
f 7777 7778 7779
f 7780 7781 7782
f 7783 7784 7785
f 7786 7787 7788
f 7789 7790 7791
f 7792 7793 7794
f 7795 7796 7797
f 7798 7799 7800
f 7801 7802 7803
f 7804 7805 7806
f 7807 7808 7809
f 7810 7811 7812
f 7813 7814 7815
f 7816 7817 7818
f 7819 7820 7821
f 7822 7823 7824
f 7825 7826 7827
f 7828 7829 7830
f 7831 7832 7833
f 7834 7835 7836
f 7837 7838 7839
f 7840 7841 7842
f 7843 7844 7845
f 7846 7847 7848
f 7849 7850 7851
f 7852 7853 7854
f 7855 7856 7857
f 7858 7859 7860
f 7861 7862 7863
f 7864 7865 7866
f 7867 7868 7869
f 7870 7871 7872
f 7873 7874 7875
f 7876 7877 7878
f 7879 7880 7881
f 7882 7883 7884
f 7885 7886 7887
f 7888 7889 7890
f 7891 7892 7893
f 7894 7895 7896
f 7897 7898 7899
f 7900 7901 7902
f 7903 7904 7905
f 7906 7907 7908
f 7909 7910 7911
f 7912 7913 7914
f 7915 7916 7917
f 7918 7919 7920
f 7921 7922 7923
f 7924 7925 7926
f 7927 7928 7929
f 7930 7931 7932
f 7933 7934 7935
f 7936 7937 7938
f 7939 7940 7941
f 7942 7943 7944
f 7945 7946 7947
f 7948 7949 7950
f 7951 7952 7953
f 7954 7955 7956
f 7957 7958 7959
f 7960 7961 7962
f 7963 7964 7965
f 7966 7967 7968
f 7969 7970 7971
f 7972 7973 7974
f 7975 7976 7977
f 7978 7979 7980
f 7981 7982 7983
f 7984 7985 7986
f 7987 7988 7989
f 7990 7991 7992
f 7993 7994 7995
f 7996 7997 7998
f 7999 8000 8001
f 8002 8003 8004
f 8005 8006 8007
f 8008 8009 8010
f 8011 8012 8013
f 8014 8015 8016
f 8017 8018 8019
f 8020 8021 8022
f 8023 8024 8025
f 8026 8027 8028
f 8029 8030 8031
f 8032 8033 8034
f 8035 8036 8037
f 8038 8039 8040
f 8041 8042 8043
f 8044 8045 8046
f 8047 8048 8049
f 8050 8051 8052
f 8053 8054 8055
f 8056 8057 8058
f 8059 8060 8061
f 8062 8063 8064
f 8065 8066 8067
f 8068 8069 8070
f 8071 8072 8073
f 8074 8075 8076
f 8077 8078 8079
f 8080 8081 8082
f 8083 8084 8085
f 8086 8087 8088
f 8089 8090 8091
f 8092 8093 8094
f 8095 8096 8097
f 8098 8099 8100
f 8101 8102 8103
f 8104 8105 8106
f 8107 8108 8109
f 8110 8111 8112
f 8113 8114 8115
f 8116 8117 8118
f 8119 8120 8121
f 8122 8123 8124
f 8125 8126 8127
f 8128 8129 8130
f 8131 8132 8133
f 8134 8135 8136
f 8137 8138 8139
f 8140 8141 8142
f 8143 8144 8145
f 8146 8147 8148
f 8149 8150 8151
f 8152 8153 8154
f 8155 8156 8157
f 8158 8159 8160
f 8161 8162 8163
f 8164 8165 8166
f 8167 8168 8169
f 8170 8171 8172
f 8173 8174 8175
f 8176 8177 8178
f 8179 8180 8181
f 8182 8183 8184
f 8185 8186 8187
f 8188 8189 8190
f 8191 8192 8193
f 8194 8195 8196
f 8197 8198 8199
f 8200 8201 8202
f 8203 8204 8205
f 8206 8207 8208
f 8209 8210 8211
f 8212 8213 8214
f 8215 8216 8217
f 8218 8219 8220
f 8221 8222 8223
f 8224 8225 8226
f 8227 8228 8229
f 8230 8231 8232
f 8233 8234 8235
f 8236 8237 8238
f 8239 8240 8241
f 8242 8243 8244
f 8245 8246 8247
f 8248 8249 8250
f 8251 8252 8253
f 8254 8255 8256
f 8257 8258 8259
f 8260 8261 8262
f 8263 8264 8265
f 8266 8267 8268
f 8269 8270 8271
f 8272 8273 8274
f 8275 8276 8277
f 8278 8279 8280
f 8281 8282 8283
f 8284 8285 8286
f 8287 8288 8289
f 8290 8291 8292
f 8293 8294 8295
f 8296 8297 8298
f 8299 8300 8301
f 8302 8303 8304
f 8305 8306 8307
f 8308 8309 8310
f 8311 8312 8313
f 8314 8315 8316
f 8317 8318 8319
f 8320 8321 8322
f 8323 8324 8325
f 8326 8327 8328
f 8329 8330 8331
f 8332 8333 8334
f 8335 8336 8337
f 8338 8339 8340
f 8341 8342 8343
f 8344 8345 8346
f 8347 8348 8349
f 8350 8351 8352
f 8353 8354 8355
f 8356 8357 8358
f 8359 8360 8361
f 8362 8363 8364
f 8365 8366 8367
f 8368 8369 8370
f 8371 8372 8373
f 8374 8375 8376
f 8377 8378 8379
f 8380 8381 8382
f 8383 8384 8385
f 8386 8387 8388
f 8389 8390 8391
f 8392 8393 8394
f 8395 8396 8397
f 8398 8399 8400
f 8401 8402 8403
f 8404 8405 8406
f 8407 8408 8409
f 8410 8411 8412
f 8413 8414 8415
f 8416 8417 8418
f 8419 8420 8421
f 8422 8423 8424
f 8425 8426 8427
f 8428 8429 8430
f 8431 8432 8433
f 8434 8435 8436
f 8437 8438 8439
f 8440 8441 8442
f 8443 8444 8445
f 8446 8447 8448
f 8449 8450 8451
f 8452 8453 8454
f 8455 8456 8457
f 8458 8459 8460
f 8461 8462 8463
f 8464 8465 8466
f 8467 8468 8469
f 8470 8471 8472
f 8473 8474 8475
f 8476 8477 8478
f 8479 8480 8481
f 8482 8483 8484
f 8485 8486 8487
f 8488 8489 8490
f 8491 8492 8493
f 8494 8495 8496
f 8497 8498 8499
f 8500 8501 8502
f 8503 8504 8505
f 8506 8507 8508
f 8509 8510 8511
f 8512 8513 8514
f 8515 8516 8517
f 8518 8519 8520
f 8521 8522 8523
f 8524 8525 8526
f 8527 8528 8529
f 8530 8531 8532
f 8533 8534 8535
f 8536 8537 8538
f 8539 8540 8541
f 8542 8543 8544
f 8545 8546 8547
f 8548 8549 8550
f 8551 8552 8553
f 8554 8555 8556
f 8557 8558 8559
f 8560 8561 8562
f 8563 8564 8565
f 8566 8567 8568
f 8569 8570 8571
f 8572 8573 8574
f 8575 8576 8577
f 8578 8579 8580
f 8581 8582 8583
f 8584 8585 8586
f 8587 8588 8589
f 8590 8591 8592
f 8593 8594 8595
f 8596 8597 8598
f 8599 8600 8601
f 8602 8603 8604
f 8605 8606 8607
f 8608 8609 8610
f 8611 8612 8613
f 8614 8615 8616
f 8617 8618 8619
f 8620 8621 8622
f 8623 8624 8625
f 8626 8627 8628
f 8629 8630 8631
f 8632 8633 8634
f 8635 8636 8637
f 8638 8639 8640
f 8641 8642 8643
f 8644 8645 8646
f 8647 8648 8649
f 8650 8651 8652
f 8653 8654 8655
f 8656 8657 8658
f 8659 8660 8661
f 8662 8663 8664
f 8665 8666 8667
f 8668 8669 8670
f 8671 8672 8673
f 8674 8675 8676
f 8677 8678 8679
f 8680 8681 8682
f 8683 8684 8685
f 8686 8687 8688
f 8689 8690 8691
f 8692 8693 8694
f 8695 8696 8697
f 8698 8699 8700
f 8701 8702 8703
f 8704 8705 8706
f 8707 8708 8709
f 8710 8711 8712
f 8713 8714 8715
f 8716 8717 8718
f 8719 8720 8721
f 8722 8723 8724
f 8725 8726 8727
f 8728 8729 8730
f 8731 8732 8733
f 8734 8735 8736
f 8737 8738 8739
f 8740 8741 8742
f 8743 8744 8745
f 8746 8747 8748
f 8749 8750 8751
f 8752 8753 8754
f 8755 8756 8757
f 8758 8759 8760
f 8761 8762 8763
f 8764 8765 8766
f 8767 8768 8769
f 8770 8771 8772
f 8773 8774 8775
f 8776 8777 8778
f 8779 8780 8781
f 8782 8783 8784
f 8785 8786 8787
f 8788 8789 8790
f 8791 8792 8793
f 8794 8795 8796
f 8797 8798 8799
f 8800 8801 8802
f 8803 8804 8805
f 8806 8807 8808
f 8809 8810 8811
f 8812 8813 8814
f 8815 8816 8817
f 8818 8819 8820
f 8821 8822 8823
f 8824 8825 8826
f 8827 8828 8829
f 8830 8831 8832
f 8833 8834 8835
f 8836 8837 8838
f 8839 8840 8841
f 8842 8843 8844
f 8845 8846 8847
f 8848 8849 8850
f 8851 8852 8853
f 8854 8855 8856
f 8857 8858 8859
f 8860 8861 8862
f 8863 8864 8865
f 8866 8867 8868
f 8869 8870 8871
f 8872 8873 8874
f 8875 8876 8877
f 8878 8879 8880
f 8881 8882 8883
f 8884 8885 8886
f 8887 8888 8889
f 8890 8891 8892
f 8893 8894 8895
f 8896 8897 8898
f 8899 8900 8901
f 8902 8903 8904
f 8905 8906 8907
f 8908 8909 8910
f 8911 8912 8913
f 8914 8915 8916
f 8917 8918 8919
f 8920 8921 8922
f 8923 8924 8925
f 8926 8927 8928
f 8929 8930 8931
f 8932 8933 8934
f 8935 8936 8937
f 8938 8939 8940
f 8941 8942 8943
f 8944 8945 8946
f 8947 8948 8949
f 8950 8951 8952
f 8953 8954 8955
f 8956 8957 8958
f 8959 8960 8961
f 8962 8963 8964
f 8965 8966 8967
f 8968 8969 8970
f 8971 8972 8973
f 8974 8975 8976
f 8977 8978 8979
f 8980 8981 8982
f 8983 8984 8985
f 8986 8987 8988
f 8989 8990 8991
f 8992 8993 8994
f 8995 8996 8997
f 8998 8999 9000
f 9001 9002 9003
f 9004 9005 9006
f 9007 9008 9009
f 9010 9011 9012
f 9013 9014 9015
f 9016 9017 9018
f 9019 9020 9021
f 9022 9023 9024
f 9025 9026 9027
f 9028 9029 9030
f 9031 9032 9033
f 9034 9035 9036
f 9037 9038 9039
f 9040 9041 9042
f 9043 9044 9045
f 9046 9047 9048
f 9049 9050 9051
f 9052 9053 9054
f 9055 9056 9057
f 9058 9059 9060
f 9061 9062 9063
f 9064 9065 9066
f 9067 9068 9069
f 9070 9071 9072
f 9073 9074 9075
f 9076 9077 9078
f 9079 9080 9081
f 9082 9083 9084
f 9085 9086 9087
f 9088 9089 9090
f 9091 9092 9093
f 9094 9095 9096
f 9097 9098 9099
f 9100 9101 9102
f 9103 9104 9105
f 9106 9107 9108
f 9109 9110 9111
f 9112 9113 9114
f 9115 9116 9117
f 9118 9119 9120
f 9121 9122 9123
f 9124 9125 9126
f 9127 9128 9129
f 9130 9131 9132
f 9133 9134 9135
f 9136 9137 9138
f 9139 9140 9141
f 9142 9143 9144
f 9145 9146 9147
f 9148 9149 9150
f 9151 9152 9153
f 9154 9155 9156
f 9157 9158 9159
f 9160 9161 9162
f 9163 9164 9165
f 9166 9167 9168
f 9169 9170 9171
f 9172 9173 9174
f 9175 9176 9177
f 9178 9179 9180
f 9181 9182 9183
f 9184 9185 9186
f 9187 9188 9189
f 9190 9191 9192
f 9193 9194 9195
f 9196 9197 9198
f 9199 9200 9201
f 9202 9203 9204
f 9205 9206 9207
f 9208 9209 9210
f 9211 9212 9213
f 9214 9215 9216
f 9217 9218 9219
f 9220 9221 9222
f 9223 9224 9225
f 9226 9227 9228
f 9229 9230 9231
f 9232 9233 9234
f 9235 9236 9237
f 9238 9239 9240
f 9241 9242 9243
f 9244 9245 9246
f 9247 9248 9249
f 9250 9251 9252
f 9253 9254 9255
f 9256 9257 9258
f 9259 9260 9261
f 9262 9263 9264
f 9265 9266 9267
f 9268 9269 9270
f 9271 9272 9273
f 9274 9275 9276
f 9277 9278 9279
f 9280 9281 9282
f 9283 9284 9285
f 9286 9287 9288
f 9289 9290 9291
f 9292 9293 9294
f 9295 9296 9297
f 9298 9299 9300
f 9301 9302 9303
f 9304 9305 9306
f 9307 9308 9309
f 9310 9311 9312
f 9313 9314 9315
f 9316 9317 9318
f 9319 9320 9321
f 9322 9323 9324
f 9325 9326 9327
f 9328 9329 9330
f 9331 9332 9333
f 9334 9335 9336
f 9337 9338 9339
f 9340 9341 9342
f 9343 9344 9345
f 9346 9347 9348
f 9349 9350 9351
f 9352 9353 9354
f 9355 9356 9357
f 9358 9359 9360
f 9361 9362 9363
f 9364 9365 9366
f 9367 9368 9369
f 9370 9371 9372
f 9373 9374 9375
f 9376 9377 9378
f 9379 9380 9381
f 9382 9383 9384
f 9385 9386 9387
f 9388 9389 9390
f 9391 9392 9393
f 9394 9395 9396
f 9397 9398 9399
f 9400 9401 9402
f 9403 9404 9405
f 9406 9407 9408
f 9409 9410 9411
f 9412 9413 9414
f 9415 9416 9417
f 9418 9419 9420
f 9421 9422 9423
f 9424 9425 9426
f 9427 9428 9429
f 9430 9431 9432
f 9433 9434 9435
f 9436 9437 9438
f 9439 9440 9441
f 9442 9443 9444
f 9445 9446 9447
f 9448 9449 9450
f 9451 9452 9453
f 9454 9455 9456
f 9457 9458 9459
f 9460 9461 9462
f 9463 9464 9465
f 9466 9467 9468
f 9469 9470 9471
f 9472 9473 9474
f 9475 9476 9477
f 9478 9479 9480
f 9481 9482 9483
f 9484 9485 9486
f 9487 9488 9489
f 9490 9491 9492
f 9493 9494 9495
f 9496 9497 9498
f 9499 9500 9501
f 9502 9503 9504
f 9505 9506 9507
f 9508 9509 9510
f 9511 9512 9513
f 9514 9515 9516
f 9517 9518 9519
f 9520 9521 9522
f 9523 9524 9525
f 9526 9527 9528
f 9529 9530 9531
f 9532 9533 9534
f 9535 9536 9537
f 9538 9539 9540
f 9541 9542 9543
f 9544 9545 9546
f 9547 9548 9549
f 9550 9551 9552
f 9553 9554 9555
f 9556 9557 9558
f 9559 9560 9561
f 9562 9563 9564
f 9565 9566 9567
f 9568 9569 9570
f 9571 9572 9573
f 9574 9575 9576
f 9577 9578 9579
f 9580 9581 9582
f 9583 9584 9585
f 9586 9587 9588
f 9589 9590 9591
f 9592 9593 9594
f 9595 9596 9597
f 9598 9599 9600
f 9601 9602 9603
f 9604 9605 9606
f 9607 9608 9609
f 9610 9611 9612
f 9613 9614 9615
f 9616 9617 9618
f 9619 9620 9621
f 9622 9623 9624
f 9625 9626 9627
f 9628 9629 9630
f 9631 9632 9633
f 9634 9635 9636
f 9637 9638 9639
f 9640 9641 9642
f 9643 9644 9645
f 9646 9647 9648
f 9649 9650 9651
f 9652 9653 9654
f 9655 9656 9657
f 9658 9659 9660
f 9661 9662 9663
f 9664 9665 9666
f 9667 9668 9669
f 9670 9671 9672
f 9673 9674 9675
f 9676 9677 9678
f 9679 9680 9681
f 9682 9683 9684
f 9685 9686 9687
f 9688 9689 9690
f 9691 9692 9693
f 9694 9695 9696
f 9697 9698 9699
f 9700 9701 9702
f 9703 9704 9705
f 9706 9707 9708
f 9709 9710 9711
f 9712 9713 9714
f 9715 9716 9717
f 9718 9719 9720
f 9721 9722 9723
f 9724 9725 9726
f 9727 9728 9729
f 9730 9731 9732
f 9733 9734 9735
f 9736 9737 9738
f 9739 9740 9741
f 9742 9743 9744
f 9745 9746 9747
f 9748 9749 9750
f 9751 9752 9753
f 9754 9755 9756
f 9757 9758 9759
f 9760 9761 9762
f 9763 9764 9765
f 9766 9767 9768
f 9769 9770 9771
f 9772 9773 9774
f 9775 9776 9777
f 9778 9779 9780
f 9781 9782 9783
f 9784 9785 9786
f 9787 9788 9789
f 9790 9791 9792
f 9793 9794 9795
f 9796 9797 9798
f 9799 9800 9801
f 9802 9803 9804
f 9805 9806 9807
f 9808 9809 9810
f 9811 9812 9813
f 9814 9815 9816
f 9817 9818 9819
f 9820 9821 9822
f 9823 9824 9825
f 9826 9827 9828
f 9829 9830 9831
f 9832 9833 9834
f 9835 9836 9837
f 9838 9839 9840
f 9841 9842 9843
f 9844 9845 9846
f 9847 9848 9849
f 9850 9851 9852
f 9853 9854 9855
f 9856 9857 9858
f 9859 9860 9861
f 9862 9863 9864
f 9865 9866 9867
f 9868 9869 9870
f 9871 9872 9873
f 9874 9875 9876
f 9877 9878 9879
f 9880 9881 9882
f 9883 9884 9885
f 9886 9887 9888
f 9889 9890 9891
f 9892 9893 9894
f 9895 9896 9897
f 9898 9899 9900
f 9901 9902 9903
f 9904 9905 9906
f 9907 9908 9909
f 9910 9911 9912
f 9913 9914 9915
f 9916 9917 9918
f 9919 9920 9921
f 9922 9923 9924
f 9925 9926 9927
f 9928 9929 9930
f 9931 9932 9933
f 9934 9935 9936
f 9937 9938 9939
f 9940 9941 9942
f 9943 9944 9945
f 9946 9947 9948
f 9949 9950 9951
f 9952 9953 9954
f 9955 9956 9957
f 9958 9959 9960
f 9961 9962 9963
f 9964 9965 9966
f 9967 9968 9969
f 9970 9971 9972
f 9973 9974 9975
f 9976 9977 9978
f 9979 9980 9981
f 9982 9983 9984
f 9985 9986 9987
f 9988 9989 9990
f 9991 9992 9993
f 9994 9995 9996
f 9997 9998 9999
f 10000 10001 10002
f 10003 10004 10005
f 10006 10007 10008
f 10009 10010 10011
f 10012 10013 10014
f 10015 10016 10017
f 10018 10019 10020
f 10021 10022 10023
f 10024 10025 10026
f 10027 10028 10029
f 10030 10031 10032
f 10033 10034 10035
f 10036 10037 10038
f 10039 10040 10041
f 10042 10043 10044
f 10045 10046 10047
f 10048 10049 10050
f 10051 10052 10053
f 10054 10055 10056
f 10057 10058 10059
f 10060 10061 10062
f 10063 10064 10065
f 10066 10067 10068
f 10069 10070 10071
f 10072 10073 10074
f 10075 10076 10077
f 10078 10079 10080
f 10081 10082 10083
f 10084 10085 10086
f 10087 10088 10089
f 10090 10091 10092
f 10093 10094 10095
f 10096 10097 10098
f 10099 10100 10101
f 10102 10103 10104
f 10105 10106 10107
f 10108 10109 10110
f 10111 10112 10113
f 10114 10115 10116
f 10117 10118 10119
f 10120 10121 10122
f 10123 10124 10125
f 10126 10127 10128
f 10129 10130 10131
f 10132 10133 10134
f 10135 10136 10137
f 10138 10139 10140
f 10141 10142 10143
f 10144 10145 10146
f 10147 10148 10149
f 10150 10151 10152
f 10153 10154 10155
f 10156 10157 10158
f 10159 10160 10161
f 10162 10163 10164
f 10165 10166 10167
f 10168 10169 10170
f 10171 10172 10173
f 10174 10175 10176
f 10177 10178 10179
f 10180 10181 10182
f 10183 10184 10185
f 10186 10187 10188
f 10189 10190 10191
f 10192 10193 10194
f 10195 10196 10197
f 10198 10199 10200
f 10201 10202 10203
f 10204 10205 10206
f 10207 10208 10209
f 10210 10211 10212
f 10213 10214 10215
f 10216 10217 10218
f 10219 10220 10221
f 10222 10223 10224
f 10225 10226 10227
f 10228 10229 10230
f 10231 10232 10233
f 10234 10235 10236
f 10237 10238 10239
f 10240 10241 10242
f 10243 10244 10245
f 10246 10247 10248
f 10249 10250 10251
f 10252 10253 10254
f 10255 10256 10257
f 10258 10259 10260
f 10261 10262 10263
f 10264 10265 10266
f 10267 10268 10269
f 10270 10271 10272
f 10273 10274 10275
f 10276 10277 10278
f 10279 10280 10281
f 10282 10283 10284
f 10285 10286 10287
f 10288 10289 10290
f 10291 10292 10293
f 10294 10295 10296
f 10297 10298 10299
f 10300 10301 10302
f 10303 10304 10305
f 10306 10307 10308
f 10309 10310 10311
f 10312 10313 10314
f 10315 10316 10317
f 10318 10319 10320
f 10321 10322 10323
f 10324 10325 10326
f 10327 10328 10329
f 10330 10331 10332
f 10333 10334 10335
f 10336 10337 10338
f 10339 10340 10341
f 10342 10343 10344
f 10345 10346 10347
f 10348 10349 10350
f 10351 10352 10353
f 10354 10355 10356
f 10357 10358 10359
f 10360 10361 10362
f 10363 10364 10365
f 10366 10367 10368
f 10369 10370 10371
f 10372 10373 10374
f 10375 10376 10377
f 10378 10379 10380
f 10381 10382 10383
f 10384 10385 10386
f 10387 10388 10389
f 10390 10391 10392
f 10393 10394 10395
f 10396 10397 10398
f 10399 10400 10401
f 10402 10403 10404
f 10405 10406 10407
f 10408 10409 10410
f 10411 10412 10413
f 10414 10415 10416
f 10417 10418 10419
f 10420 10421 10422
f 10423 10424 10425
f 10426 10427 10428
f 10429 10430 10431
f 10432 10433 10434
f 10435 10436 10437
f 10438 10439 10440
f 10441 10442 10443
f 10444 10445 10446
f 10447 10448 10449
f 10450 10451 10452
f 10453 10454 10455
f 10456 10457 10458
f 10459 10460 10461
f 10462 10463 10464
f 10465 10466 10467
f 10468 10469 10470
f 10471 10472 10473
f 10474 10475 10476
f 10477 10478 10479
f 10480 10481 10482
f 10483 10484 10485
f 10486 10487 10488
f 10489 10490 10491
f 10492 10493 10494
f 10495 10496 10497
f 10498 10499 10500
f 10501 10502 10503
f 10504 10505 10506
f 10507 10508 10509
f 10510 10511 10512
f 10513 10514 10515
f 10516 10517 10518
f 10519 10520 10521
f 10522 10523 10524
f 10525 10526 10527
f 10528 10529 10530
f 10531 10532 10533
f 10534 10535 10536
f 10537 10538 10539
f 10540 10541 10542
f 10543 10544 10545
f 10546 10547 10548
f 10549 10550 10551
f 10552 10553 10554
f 10555 10556 10557
f 10558 10559 10560
f 10561 10562 10563
f 10564 10565 10566
f 10567 10568 10569
f 10570 10571 10572
f 10573 10574 10575
f 10576 10577 10578
f 10579 10580 10581
f 10582 10583 10584
f 10585 10586 10587
f 10588 10589 10590
f 10591 10592 10593
f 10594 10595 10596
f 10597 10598 10599
f 10600 10601 10602
f 10603 10604 10605
f 10606 10607 10608
f 10609 10610 10611
f 10612 10613 10614
f 10615 10616 10617
f 10618 10619 10620
f 10621 10622 10623
f 10624 10625 10626
f 10627 10628 10629
f 10630 10631 10632
f 10633 10634 10635
f 10636 10637 10638
f 10639 10640 10641
f 10642 10643 10644
f 10645 10646 10647
f 10648 10649 10650
f 10651 10652 10653
f 10654 10655 10656
f 10657 10658 10659
f 10660 10661 10662
f 10663 10664 10665
f 10666 10667 10668
f 10669 10670 10671
f 10672 10673 10674
f 10675 10676 10677
f 10678 10679 10680
f 10681 10682 10683
f 10684 10685 10686
f 10687 10688 10689
f 10690 10691 10692
f 10693 10694 10695
f 10696 10697 10698
f 10699 10700 10701
f 10702 10703 10704
f 10705 10706 10707
f 10708 10709 10710
f 10711 10712 10713
f 10714 10715 10716
f 10717 10718 10719
f 10720 10721 10722
f 10723 10724 10725
f 10726 10727 10728
f 10729 10730 10731
f 10732 10733 10734
f 10735 10736 10737
f 10738 10739 10740
f 10741 10742 10743
f 10744 10745 10746
f 10747 10748 10749
f 10750 10751 10752
f 10753 10754 10755
f 10756 10757 10758
f 10759 10760 10761
f 10762 10763 10764
f 10765 10766 10767
f 10768 10769 10770
f 10771 10772 10773
f 10774 10775 10776
f 10777 10778 10779
f 10780 10781 10782
f 10783 10784 10785
f 10786 10787 10788
f 10789 10790 10791
f 10792 10793 10794
f 10795 10796 10797
f 10798 10799 10800
f 10801 10802 10803
f 10804 10805 10806
f 10807 10808 10809
f 10810 10811 10812
f 10813 10814 10815
f 10816 10817 10818
f 10819 10820 10821
f 10822 10823 10824
f 10825 10826 10827
f 10828 10829 10830
f 10831 10832 10833
f 10834 10835 10836
f 10837 10838 10839
f 10840 10841 10842
f 10843 10844 10845
f 10846 10847 10848
f 10849 10850 10851
f 10852 10853 10854
f 10855 10856 10857
f 10858 10859 10860
f 10861 10862 10863
f 10864 10865 10866
f 10867 10868 10869
f 10870 10871 10872
f 10873 10874 10875
f 10876 10877 10878
f 10879 10880 10881
f 10882 10883 10884
f 10885 10886 10887
f 10888 10889 10890
f 10891 10892 10893
f 10894 10895 10896
f 10897 10898 10899
f 10900 10901 10902
f 10903 10904 10905
f 10906 10907 10908
f 10909 10910 10911
f 10912 10913 10914
f 10915 10916 10917
f 10918 10919 10920
f 10921 10922 10923
f 10924 10925 10926
f 10927 10928 10929
f 10930 10931 10932
f 10933 10934 10935
f 10936 10937 10938
f 10939 10940 10941
f 10942 10943 10944
f 10945 10946 10947
f 10948 10949 10950
f 10951 10952 10953
f 10954 10955 10956
f 10957 10958 10959
f 10960 10961 10962
f 10963 10964 10965
f 10966 10967 10968
f 10969 10970 10971
f 10972 10973 10974
f 10975 10976 10977
f 10978 10979 10980
f 10981 10982 10983
f 10984 10985 10986
f 10987 10988 10989
f 10990 10991 10992
f 10993 10994 10995
f 10996 10997 10998
f 10999 11000 11001
f 11002 11003 11004
f 11005 11006 11007
f 11008 11009 11010
f 11011 11012 11013
f 11014 11015 11016
f 11017 11018 11019
f 11020 11021 11022
f 11023 11024 11025
f 11026 11027 11028
f 11029 11030 11031
f 11032 11033 11034
f 11035 11036 11037
f 11038 11039 11040
f 11041 11042 11043
f 11044 11045 11046
f 11047 11048 11049
f 11050 11051 11052
f 11053 11054 11055
f 11056 11057 11058
f 11059 11060 11061
f 11062 11063 11064
f 11065 11066 11067
f 11068 11069 11070
f 11071 11072 11073
f 11074 11075 11076
f 11077 11078 11079
f 11080 11081 11082
f 11083 11084 11085
f 11086 11087 11088
f 11089 11090 11091
f 11092 11093 11094
f 11095 11096 11097
f 11098 11099 11100
f 11101 11102 11103
f 11104 11105 11106
f 11107 11108 11109
f 11110 11111 11112
f 11113 11114 11115
f 11116 11117 11118
f 11119 11120 11121
f 11122 11123 11124
f 11125 11126 11127
f 11128 11129 11130
f 11131 11132 11133
f 11134 11135 11136
f 11137 11138 11139
f 11140 11141 11142
f 11143 11144 11145
f 11146 11147 11148
f 11149 11150 11151
f 11152 11153 11154
f 11155 11156 11157
f 11158 11159 11160
f 11161 11162 11163
f 11164 11165 11166
f 11167 11168 11169
f 11170 11171 11172
f 11173 11174 11175
f 11176 11177 11178
f 11179 11180 11181
f 11182 11183 11184
f 11185 11186 11187
f 11188 11189 11190
f 11191 11192 11193
f 11194 11195 11196
f 11197 11198 11199
f 11200 11201 11202
f 11203 11204 11205
f 11206 11207 11208
f 11209 11210 11211
f 11212 11213 11214
f 11215 11216 11217
f 11218 11219 11220
f 11221 11222 11223
f 11224 11225 11226
f 11227 11228 11229
f 11230 11231 11232
f 11233 11234 11235
f 11236 11237 11238
f 11239 11240 11241
f 11242 11243 11244
f 11245 11246 11247
f 11248 11249 11250
f 11251 11252 11253
f 11254 11255 11256
f 11257 11258 11259
f 11260 11261 11262
f 11263 11264 11265
f 11266 11267 11268
f 11269 11270 11271
f 11272 11273 11274
f 11275 11276 11277
f 11278 11279 11280
f 11281 11282 11283
f 11284 11285 11286
f 11287 11288 11289
f 11290 11291 11292
f 11293 11294 11295
f 11296 11297 11298
f 11299 11300 11301
f 11302 11303 11304
f 11305 11306 11307
f 11308 11309 11310
f 11311 11312 11313
f 11314 11315 11316
f 11317 11318 11319
f 11320 11321 11322
f 11323 11324 11325
f 11326 11327 11328
f 11329 11330 11331
f 11332 11333 11334
f 11335 11336 11337
f 11338 11339 11340
f 11341 11342 11343
f 11344 11345 11346
f 11347 11348 11349
f 11350 11351 11352
f 11353 11354 11355
f 11356 11357 11358
f 11359 11360 11361
f 11362 11363 11364
f 11365 11366 11367
f 11368 11369 11370
f 11371 11372 11373
f 11374 11375 11376
f 11377 11378 11379
f 11380 11381 11382
f 11383 11384 11385
f 11386 11387 11388
f 11389 11390 11391
f 11392 11393 11394
f 11395 11396 11397
f 11398 11399 11400
f 11401 11402 11403
f 11404 11405 11406
f 11407 11408 11409
f 11410 11411 11412
f 11413 11414 11415
f 11416 11417 11418
f 11419 11420 11421
f 11422 11423 11424
f 11425 11426 11427
f 11428 11429 11430
f 11431 11432 11433
f 11434 11435 11436
f 11437 11438 11439
f 11440 11441 11442
f 11443 11444 11445
f 11446 11447 11448
f 11449 11450 11451
f 11452 11453 11454
f 11455 11456 11457
f 11458 11459 11460
f 11461 11462 11463
f 11464 11465 11466
f 11467 11468 11469
f 11470 11471 11472
f 11473 11474 11475
f 11476 11477 11478
f 11479 11480 11481
f 11482 11483 11484
f 11485 11486 11487
f 11488 11489 11490
f 11491 11492 11493
f 11494 11495 11496
f 11497 11498 11499
f 11500 11501 11502
f 11503 11504 11505
f 11506 11507 11508
f 11509 11510 11511
f 11512 11513 11514
f 11515 11516 11517
f 11518 11519 11520
f 11521 11522 11523
f 11524 11525 11526
f 11527 11528 11529
f 11530 11531 11532
f 11533 11534 11535
f 11536 11537 11538
f 11539 11540 11541
f 11542 11543 11544
f 11545 11546 11547
f 11548 11549 11550
f 11551 11552 11553
f 11554 11555 11556
f 11557 11558 11559
f 11560 11561 11562
f 11563 11564 11565
f 11566 11567 11568
f 11569 11570 11571
f 11572 11573 11574
f 11575 11576 11577
f 11578 11579 11580
f 11581 11582 11583
f 11584 11585 11586
f 11587 11588 11589
f 11590 11591 11592
f 11593 11594 11595
f 11596 11597 11598
f 11599 11600 11601
f 11602 11603 11604
f 11605 11606 11607
f 11608 11609 11610
f 11611 11612 11613
f 11614 11615 11616
f 11617 11618 11619
f 11620 11621 11622
f 11623 11624 11625
f 11626 11627 11628
f 11629 11630 11631
f 11632 11633 11634
f 11635 11636 11637
f 11638 11639 11640
f 11641 11642 11643
f 11644 11645 11646
f 11647 11648 11649
f 11650 11651 11652
f 11653 11654 11655
f 11656 11657 11658
f 11659 11660 11661
f 11662 11663 11664
f 11665 11666 11667
f 11668 11669 11670
f 11671 11672 11673
f 11674 11675 11676
f 11677 11678 11679
f 11680 11681 11682
f 11683 11684 11685
f 11686 11687 11688
f 11689 11690 11691
f 11692 11693 11694
f 11695 11696 11697
f 11698 11699 11700
f 11701 11702 11703
f 11704 11705 11706
f 11707 11708 11709
f 11710 11711 11712
f 11713 11714 11715
f 11716 11717 11718
f 11719 11720 11721
f 11722 11723 11724
f 11725 11726 11727
f 11728 11729 11730
f 11731 11732 11733
f 11734 11735 11736
f 11737 11738 11739
f 11740 11741 11742
f 11743 11744 11745
f 11746 11747 11748
f 11749 11750 11751
f 11752 11753 11754
f 11755 11756 11757
f 11758 11759 11760
f 11761 11762 11763
f 11764 11765 11766
f 11767 11768 11769
f 11770 11771 11772
f 11773 11774 11775
f 11776 11777 11778
f 11779 11780 11781
f 11782 11783 11784
f 11785 11786 11787
f 11788 11789 11790
f 11791 11792 11793
f 11794 11795 11796
f 11797 11798 11799
f 11800 11801 11802
f 11803 11804 11805
f 11806 11807 11808
f 11809 11810 11811
f 11812 11813 11814
f 11815 11816 11817
f 11818 11819 11820
f 11821 11822 11823
f 11824 11825 11826
f 11827 11828 11829
f 11830 11831 11832
f 11833 11834 11835
f 11836 11837 11838
f 11839 11840 11841
f 11842 11843 11844
f 11845 11846 11847
f 11848 11849 11850
f 11851 11852 11853
f 11854 11855 11856
f 11857 11858 11859
f 11860 11861 11862
f 11863 11864 11865
f 11866 11867 11868
f 11869 11870 11871
f 11872 11873 11874
f 11875 11876 11877
f 11878 11879 11880
f 11881 11882 11883
f 11884 11885 11886
f 11887 11888 11889
f 11890 11891 11892
f 11893 11894 11895
f 11896 11897 11898
f 11899 11900 11901
f 11902 11903 11904
f 11905 11906 11907
f 11908 11909 11910
f 11911 11912 11913
f 11914 11915 11916
f 11917 11918 11919
f 11920 11921 11922
f 11923 11924 11925
f 11926 11927 11928
f 11929 11930 11931
f 11932 11933 11934
f 11935 11936 11937
f 11938 11939 11940
f 11941 11942 11943
f 11944 11945 11946
f 11947 11948 11949
f 11950 11951 11952
f 11953 11954 11955
f 11956 11957 11958
f 11959 11960 11961
f 11962 11963 11964
f 11965 11966 11967
f 11968 11969 11970
f 11971 11972 11973
f 11974 11975 11976
f 11977 11978 11979
f 11980 11981 11982
f 11983 11984 11985
f 11986 11987 11988
f 11989 11990 11991
f 11992 11993 11994
f 11995 11996 11997
f 11998 11999 12000
f 12001 12002 12003
f 12004 12005 12006
f 12007 12008 12009
f 12010 12011 12012
f 12013 12014 12015
f 12016 12017 12018
f 12019 12020 12021
f 12022 12023 12024
f 12025 12026 12027
f 12028 12029 12030
f 12031 12032 12033
f 12034 12035 12036
f 12037 12038 12039
f 12040 12041 12042
f 12043 12044 12045
f 12046 12047 12048
f 12049 12050 12051
f 12052 12053 12054
f 12055 12056 12057
f 12058 12059 12060
f 12061 12062 12063
f 12064 12065 12066
f 12067 12068 12069
f 12070 12071 12072
f 12073 12074 12075
f 12076 12077 12078
f 12079 12080 12081
f 12082 12083 12084
f 12085 12086 12087
f 12088 12089 12090
f 12091 12092 12093
f 12094 12095 12096
f 12097 12098 12099
f 12100 12101 12102
f 12103 12104 12105
f 12106 12107 12108
f 12109 12110 12111
f 12112 12113 12114
f 12115 12116 12117
f 12118 12119 12120
f 12121 12122 12123
f 12124 12125 12126
f 12127 12128 12129
f 12130 12131 12132
f 12133 12134 12135
f 12136 12137 12138
f 12139 12140 12141
f 12142 12143 12144
f 12145 12146 12147
f 12148 12149 12150
f 12151 12152 12153
f 12154 12155 12156
f 12157 12158 12159
f 12160 12161 12162
f 12163 12164 12165
f 12166 12167 12168
f 12169 12170 12171
f 12172 12173 12174
f 12175 12176 12177
f 12178 12179 12180
f 12181 12182 12183
f 12184 12185 12186
f 12187 12188 12189
f 12190 12191 12192
f 12193 12194 12195
f 12196 12197 12198
f 12199 12200 12201
f 12202 12203 12204
f 12205 12206 12207
f 12208 12209 12210
f 12211 12212 12213
f 12214 12215 12216
f 12217 12218 12219
f 12220 12221 12222
f 12223 12224 12225
f 12226 12227 12228
f 12229 12230 12231
f 12232 12233 12234
f 12235 12236 12237
f 12238 12239 12240
f 12241 12242 12243
f 12244 12245 12246
f 12247 12248 12249
f 12250 12251 12252
f 12253 12254 12255
f 12256 12257 12258
f 12259 12260 12261
f 12262 12263 12264
f 12265 12266 12267
f 12268 12269 12270
f 12271 12272 12273
f 12274 12275 12276
f 12277 12278 12279
f 12280 12281 12282
f 12283 12284 12285
f 12286 12287 12288
f 12289 12290 12291
f 12292 12293 12294
f 12295 12296 12297
f 12298 12299 12300
f 12301 12302 12303
f 12304 12305 12306
f 12307 12308 12309
f 12310 12311 12312
f 12313 12314 12315
f 12316 12317 12318
f 12319 12320 12321
f 12322 12323 12324
f 12325 12326 12327
f 12328 12329 12330
f 12331 12332 12333
f 12334 12335 12336
f 12337 12338 12339
f 12340 12341 12342
f 12343 12344 12345
f 12346 12347 12348
f 12349 12350 12351
f 12352 12353 12354
f 12355 12356 12357
f 12358 12359 12360
f 12361 12362 12363
f 12364 12365 12366
f 12367 12368 12369
f 12370 12371 12372
f 12373 12374 12375
f 12376 12377 12378
f 12379 12380 12381
f 12382 12383 12384
f 12385 12386 12387
f 12388 12389 12390
f 12391 12392 12393
f 12394 12395 12396
f 12397 12398 12399
f 12400 12401 12402
f 12403 12404 12405
f 12406 12407 12408
f 12409 12410 12411
f 12412 12413 12414
f 12415 12416 12417
f 12418 12419 12420
f 12421 12422 12423
f 12424 12425 12426
f 12427 12428 12429
f 12430 12431 12432
f 12433 12434 12435
f 12436 12437 12438
f 12439 12440 12441
f 12442 12443 12444
f 12445 12446 12447
f 12448 12449 12450
f 12451 12452 12453
f 12454 12455 12456
f 12457 12458 12459
f 12460 12461 12462
f 12463 12464 12465
f 12466 12467 12468
f 12469 12470 12471
f 12472 12473 12474
f 12475 12476 12477
f 12478 12479 12480
f 12481 12482 12483
f 12484 12485 12486
f 12487 12488 12489
f 12490 12491 12492
f 12493 12494 12495
f 12496 12497 12498
f 12499 12500 12501
f 12502 12503 12504
f 12505 12506 12507
f 12508 12509 12510
f 12511 12512 12513
f 12514 12515 12516
f 12517 12518 12519
f 12520 12521 12522
f 12523 12524 12525
f 12526 12527 12528
f 12529 12530 12531
f 12532 12533 12534
f 12535 12536 12537
f 12538 12539 12540
f 12541 12542 12543
f 12544 12545 12546
f 12547 12548 12549
f 12550 12551 12552
f 12553 12554 12555
f 12556 12557 12558
f 12559 12560 12561
f 12562 12563 12564
f 12565 12566 12567
f 12568 12569 12570
f 12571 12572 12573
f 12574 12575 12576
f 12577 12578 12579
f 12580 12581 12582
f 12583 12584 12585
f 12586 12587 12588
f 12589 12590 12591
f 12592 12593 12594
f 12595 12596 12597
f 12598 12599 12600
f 12601 12602 12603
f 12604 12605 12606
f 12607 12608 12609
f 12610 12611 12612
f 12613 12614 12615
f 12616 12617 12618
f 12619 12620 12621
f 12622 12623 12624
f 12625 12626 12627
f 12628 12629 12630
f 12631 12632 12633
f 12634 12635 12636
f 12637 12638 12639
f 12640 12641 12642
f 12643 12644 12645
f 12646 12647 12648
f 12649 12650 12651
f 12652 12653 12654
f 12655 12656 12657
f 12658 12659 12660
f 12661 12662 12663
f 12664 12665 12666
f 12667 12668 12669
f 12670 12671 12672
f 12673 12674 12675
f 12676 12677 12678
f 12679 12680 12681
f 12682 12683 12684
f 12685 12686 12687
f 12688 12689 12690
f 12691 12692 12693
f 12694 12695 12696
f 12697 12698 12699
f 12700 12701 12702
f 12703 12704 12705
f 12706 12707 12708
f 12709 12710 12711
f 12712 12713 12714
f 12715 12716 12717
f 12718 12719 12720
f 12721 12722 12723
f 12724 12725 12726
f 12727 12728 12729
f 12730 12731 12732
f 12733 12734 12735
f 12736 12737 12738
f 12739 12740 12741
f 12742 12743 12744
f 12745 12746 12747
f 12748 12749 12750
f 12751 12752 12753
f 12754 12755 12756
f 12757 12758 12759
f 12760 12761 12762
f 12763 12764 12765
f 12766 12767 12768
f 12769 12770 12771
f 12772 12773 12774
f 12775 12776 12777
f 12778 12779 12780
f 12781 12782 12783
f 12784 12785 12786
f 12787 12788 12789
f 12790 12791 12792
f 12793 12794 12795
f 12796 12797 12798
f 12799 12800 12801
f 12802 12803 12804
f 12805 12806 12807
f 12808 12809 12810
f 12811 12812 12813
f 12814 12815 12816
f 12817 12818 12819
f 12820 12821 12822
f 12823 12824 12825
f 12826 12827 12828
f 12829 12830 12831
f 12832 12833 12834
f 12835 12836 12837
f 12838 12839 12840
f 12841 12842 12843
f 12844 12845 12846
f 12847 12848 12849
f 12850 12851 12852
f 12853 12854 12855
f 12856 12857 12858
f 12859 12860 12861
f 12862 12863 12864
f 12865 12866 12867
f 12868 12869 12870
f 12871 12872 12873
f 12874 12875 12876
f 12877 12878 12879
f 12880 12881 12882
f 12883 12884 12885
f 12886 12887 12888
f 12889 12890 12891
f 12892 12893 12894
f 12895 12896 12897
f 12898 12899 12900
f 12901 12902 12903
f 12904 12905 12906
f 12907 12908 12909
f 12910 12911 12912
f 12913 12914 12915
f 12916 12917 12918
f 12919 12920 12921
f 12922 12923 12924
f 12925 12926 12927
f 12928 12929 12930
f 12931 12932 12933
f 12934 12935 12936
f 12937 12938 12939
f 12940 12941 12942
f 12943 12944 12945
f 12946 12947 12948
f 12949 12950 12951
f 12952 12953 12954
f 12955 12956 12957
f 12958 12959 12960
f 12961 12962 12963
f 12964 12965 12966
f 12967 12968 12969
f 12970 12971 12972
f 12973 12974 12975
f 12976 12977 12978
f 12979 12980 12981
f 12982 12983 12984
f 12985 12986 12987
f 12988 12989 12990
f 12991 12992 12993
f 12994 12995 12996
f 12997 12998 12999
f 13000 13001 13002
f 13003 13004 13005
f 13006 13007 13008
f 13009 13010 13011
f 13012 13013 13014
f 13015 13016 13017
f 13018 13019 13020
f 13021 13022 13023
f 13024 13025 13026
f 13027 13028 13029
f 13030 13031 13032
f 13033 13034 13035
f 13036 13037 13038
f 13039 13040 13041
f 13042 13043 13044
f 13045 13046 13047
f 13048 13049 13050
f 13051 13052 13053
f 13054 13055 13056
f 13057 13058 13059
f 13060 13061 13062
f 13063 13064 13065
f 13066 13067 13068
f 13069 13070 13071
f 13072 13073 13074
f 13075 13076 13077
f 13078 13079 13080
f 13081 13082 13083
f 13084 13085 13086
f 13087 13088 13089
f 13090 13091 13092
f 13093 13094 13095
f 13096 13097 13098
f 13099 13100 13101
f 13102 13103 13104
f 13105 13106 13107
f 13108 13109 13110
f 13111 13112 13113
f 13114 13115 13116
f 13117 13118 13119
f 13120 13121 13122
f 13123 13124 13125
f 13126 13127 13128
f 13129 13130 13131
f 13132 13133 13134
f 13135 13136 13137
f 13138 13139 13140
f 13141 13142 13143
f 13144 13145 13146
f 13147 13148 13149
f 13150 13151 13152
f 13153 13154 13155
f 13156 13157 13158
f 13159 13160 13161
f 13162 13163 13164
f 13165 13166 13167
f 13168 13169 13170
f 13171 13172 13173
f 13174 13175 13176
f 13177 13178 13179
f 13180 13181 13182
f 13183 13184 13185
f 13186 13187 13188
f 13189 13190 13191
f 13192 13193 13194
f 13195 13196 13197
f 13198 13199 13200
f 13201 13202 13203
f 13204 13205 13206
f 13207 13208 13209
f 13210 13211 13212
f 13213 13214 13215
f 13216 13217 13218
f 13219 13220 13221
f 13222 13223 13224
f 13225 13226 13227
f 13228 13229 13230
f 13231 13232 13233
f 13234 13235 13236
f 13237 13238 13239
f 13240 13241 13242
f 13243 13244 13245
f 13246 13247 13248
f 13249 13250 13251
f 13252 13253 13254
f 13255 13256 13257
f 13258 13259 13260
f 13261 13262 13263
f 13264 13265 13266
f 13267 13268 13269
f 13270 13271 13272
f 13273 13274 13275
f 13276 13277 13278
f 13279 13280 13281
f 13282 13283 13284
f 13285 13286 13287
f 13288 13289 13290
f 13291 13292 13293
f 13294 13295 13296
f 13297 13298 13299
f 13300 13301 13302
f 13303 13304 13305
f 13306 13307 13308
f 13309 13310 13311
f 13312 13313 13314
f 13315 13316 13317
f 13318 13319 13320
f 13321 13322 13323
f 13324 13325 13326
f 13327 13328 13329
f 13330 13331 13332
f 13333 13334 13335
f 13336 13337 13338
f 13339 13340 13341
f 13342 13343 13344
f 13345 13346 13347
f 13348 13349 13350
f 13351 13352 13353
f 13354 13355 13356
f 13357 13358 13359
f 13360 13361 13362
f 13363 13364 13365
f 13366 13367 13368
f 13369 13370 13371
f 13372 13373 13374
f 13375 13376 13377
f 13378 13379 13380
f 13381 13382 13383
f 13384 13385 13386
f 13387 13388 13389
f 13390 13391 13392
f 13393 13394 13395
f 13396 13397 13398
f 13399 13400 13401
f 13402 13403 13404
f 13405 13406 13407
f 13408 13409 13410
f 13411 13412 13413
f 13414 13415 13416
f 13417 13418 13419
f 13420 13421 13422
f 13423 13424 13425
f 13426 13427 13428
f 13429 13430 13431
f 13432 13433 13434
f 13435 13436 13437
f 13438 13439 13440
f 13441 13442 13443
f 13444 13445 13446
f 13447 13448 13449
f 13450 13451 13452
f 13453 13454 13455
f 13456 13457 13458
f 13459 13460 13461
f 13462 13463 13464
f 13465 13466 13467
f 13468 13469 13470
f 13471 13472 13473
f 13474 13475 13476
f 13477 13478 13479
f 13480 13481 13482
f 13483 13484 13485
f 13486 13487 13488
f 13489 13490 13491
f 13492 13493 13494
f 13495 13496 13497
f 13498 13499 13500
f 13501 13502 13503
f 13504 13505 13506
f 13507 13508 13509
f 13510 13511 13512
f 13513 13514 13515
f 13516 13517 13518
f 13519 13520 13521
f 13522 13523 13524
f 13525 13526 13527
f 13528 13529 13530
f 13531 13532 13533
f 13534 13535 13536
f 13537 13538 13539
f 13540 13541 13542
f 13543 13544 13545
f 13546 13547 13548
f 13549 13550 13551
f 13552 13553 13554
f 13555 13556 13557
f 13558 13559 13560
f 13561 13562 13563
f 13564 13565 13566
f 13567 13568 13569
f 13570 13571 13572
f 13573 13574 13575
f 13576 13577 13578
f 13579 13580 13581
f 13582 13583 13584
f 13585 13586 13587
f 13588 13589 13590
f 13591 13592 13593
f 13594 13595 13596
f 13597 13598 13599
f 13600 13601 13602
f 13603 13604 13605
f 13606 13607 13608
f 13609 13610 13611
f 13612 13613 13614
f 13615 13616 13617
f 13618 13619 13620
f 13621 13622 13623
f 13624 13625 13626
f 13627 13628 13629
f 13630 13631 13632
f 13633 13634 13635
f 13636 13637 13638
f 13639 13640 13641
f 13642 13643 13644
f 13645 13646 13647
f 13648 13649 13650
f 13651 13652 13653
f 13654 13655 13656
f 13657 13658 13659
f 13660 13661 13662
f 13663 13664 13665
f 13666 13667 13668
f 13669 13670 13671
f 13672 13673 13674
f 13675 13676 13677
f 13678 13679 13680
f 13681 13682 13683
f 13684 13685 13686
f 13687 13688 13689
f 13690 13691 13692
f 13693 13694 13695
f 13696 13697 13698
f 13699 13700 13701
f 13702 13703 13704
f 13705 13706 13707
f 13708 13709 13710
f 13711 13712 13713
f 13714 13715 13716
f 13717 13718 13719
f 13720 13721 13722
f 13723 13724 13725
f 13726 13727 13728
f 13729 13730 13731
f 13732 13733 13734
f 13735 13736 13737
f 13738 13739 13740
f 13741 13742 13743
f 13744 13745 13746
f 13747 13748 13749
f 13750 13751 13752
f 13753 13754 13755
f 13756 13757 13758
f 13759 13760 13761
f 13762 13763 13764
f 13765 13766 13767
f 13768 13769 13770
f 13771 13772 13773
f 13774 13775 13776
f 13777 13778 13779
f 13780 13781 13782
f 13783 13784 13785
f 13786 13787 13788
f 13789 13790 13791
f 13792 13793 13794
f 13795 13796 13797
f 13798 13799 13800
f 13801 13802 13803
f 13804 13805 13806
f 13807 13808 13809
f 13810 13811 13812
f 13813 13814 13815
f 13816 13817 13818
f 13819 13820 13821
f 13822 13823 13824
f 13825 13826 13827
f 13828 13829 13830
f 13831 13832 13833
f 13834 13835 13836
f 13837 13838 13839
f 13840 13841 13842
f 13843 13844 13845
f 13846 13847 13848
f 13849 13850 13851
f 13852 13853 13854
f 13855 13856 13857
f 13858 13859 13860
f 13861 13862 13863
f 13864 13865 13866
f 13867 13868 13869
f 13870 13871 13872
f 13873 13874 13875
f 13876 13877 13878
f 13879 13880 13881
f 13882 13883 13884
f 13885 13886 13887
f 13888 13889 13890
f 13891 13892 13893
f 13894 13895 13896
f 13897 13898 13899
f 13900 13901 13902
f 13903 13904 13905
f 13906 13907 13908
f 13909 13910 13911
f 13912 13913 13914
f 13915 13916 13917
f 13918 13919 13920
f 13921 13922 13923
f 13924 13925 13926
f 13927 13928 13929
f 13930 13931 13932
f 13933 13934 13935
f 13936 13937 13938
f 13939 13940 13941
f 13942 13943 13944
f 13945 13946 13947
f 13948 13949 13950
f 13951 13952 13953
f 13954 13955 13956
f 13957 13958 13959
f 13960 13961 13962
f 13963 13964 13965
f 13966 13967 13968
f 13969 13970 13971
f 13972 13973 13974
f 13975 13976 13977
f 13978 13979 13980
f 13981 13982 13983
f 13984 13985 13986
f 13987 13988 13989
f 13990 13991 13992
f 13993 13994 13995
f 13996 13997 13998
f 13999 14000 14001
f 14002 14003 14004
f 14005 14006 14007
f 14008 14009 14010
f 14011 14012 14013
f 14014 14015 14016
f 14017 14018 14019
f 14020 14021 14022
f 14023 14024 14025
f 14026 14027 14028
f 14029 14030 14031
f 14032 14033 14034
f 14035 14036 14037
f 14038 14039 14040
f 14041 14042 14043
f 14044 14045 14046
f 14047 14048 14049
f 14050 14051 14052
f 14053 14054 14055
f 14056 14057 14058
f 14059 14060 14061
f 14062 14063 14064
f 14065 14066 14067
f 14068 14069 14070
f 14071 14072 14073
f 14074 14075 14076
f 14077 14078 14079
f 14080 14081 14082
f 14083 14084 14085
f 14086 14087 14088
f 14089 14090 14091
f 14092 14093 14094
f 14095 14096 14097
f 14098 14099 14100
f 14101 14102 14103
f 14104 14105 14106
f 14107 14108 14109
f 14110 14111 14112
f 14113 14114 14115
f 14116 14117 14118
f 14119 14120 14121
f 14122 14123 14124
f 14125 14126 14127
f 14128 14129 14130
f 14131 14132 14133
f 14134 14135 14136
f 14137 14138 14139
f 14140 14141 14142
f 14143 14144 14145
f 14146 14147 14148
f 14149 14150 14151
f 14152 14153 14154
f 14155 14156 14157
f 14158 14159 14160
f 14161 14162 14163
f 14164 14165 14166
f 14167 14168 14169
f 14170 14171 14172
f 14173 14174 14175
f 14176 14177 14178
f 14179 14180 14181
f 14182 14183 14184
f 14185 14186 14187
f 14188 14189 14190
f 14191 14192 14193
f 14194 14195 14196
f 14197 14198 14199
f 14200 14201 14202
f 14203 14204 14205
f 14206 14207 14208
f 14209 14210 14211
f 14212 14213 14214
f 14215 14216 14217
f 14218 14219 14220
f 14221 14222 14223
f 14224 14225 14226
f 14227 14228 14229
f 14230 14231 14232
f 14233 14234 14235
f 14236 14237 14238
f 14239 14240 14241
f 14242 14243 14244
f 14245 14246 14247
f 14248 14249 14250
f 14251 14252 14253
f 14254 14255 14256
f 14257 14258 14259
f 14260 14261 14262
f 14263 14264 14265
f 14266 14267 14268
f 14269 14270 14271
f 14272 14273 14274
f 14275 14276 14277
f 14278 14279 14280
f 14281 14282 14283
f 14284 14285 14286
f 14287 14288 14289
f 14290 14291 14292
f 14293 14294 14295
f 14296 14297 14298
f 14299 14300 14301
f 14302 14303 14304
f 14305 14306 14307
f 14308 14309 14310
f 14311 14312 14313
f 14314 14315 14316
f 14317 14318 14319
f 14320 14321 14322
f 14323 14324 14325
f 14326 14327 14328
f 14329 14330 14331
f 14332 14333 14334
f 14335 14336 14337
f 14338 14339 14340
f 14341 14342 14343
f 14344 14345 14346
f 14347 14348 14349
f 14350 14351 14352
f 14353 14354 14355
f 14356 14357 14358
f 14359 14360 14361
f 14362 14363 14364
f 14365 14366 14367
f 14368 14369 14370
f 14371 14372 14373
f 14374 14375 14376
f 14377 14378 14379
f 14380 14381 14382
f 14383 14384 14385
f 14386 14387 14388
f 14389 14390 14391
f 14392 14393 14394
f 14395 14396 14397
f 14398 14399 14400
f 14401 14402 14403
f 14404 14405 14406
f 14407 14408 14409
f 14410 14411 14412
f 14413 14414 14415
f 14416 14417 14418
f 14419 14420 14421
f 14422 14423 14424
f 14425 14426 14427
f 14428 14429 14430
f 14431 14432 14433
f 14434 14435 14436
f 14437 14438 14439
f 14440 14441 14442
f 14443 14444 14445
f 14446 14447 14448
f 14449 14450 14451
f 14452 14453 14454
f 14455 14456 14457
f 14458 14459 14460
f 14461 14462 14463
f 14464 14465 14466
f 14467 14468 14469
f 14470 14471 14472
f 14473 14474 14475
f 14476 14477 14478
f 14479 14480 14481
f 14482 14483 14484
f 14485 14486 14487
f 14488 14489 14490
f 14491 14492 14493
f 14494 14495 14496
f 14497 14498 14499
f 14500 14501 14502
f 14503 14504 14505
f 14506 14507 14508
f 14509 14510 14511
f 14512 14513 14514
f 14515 14516 14517
f 14518 14519 14520
f 14521 14522 14523
f 14524 14525 14526
f 14527 14528 14529
f 14530 14531 14532
f 14533 14534 14535
f 14536 14537 14538
f 14539 14540 14541
f 14542 14543 14544
f 14545 14546 14547
f 14548 14549 14550
f 14551 14552 14553
f 14554 14555 14556
f 14557 14558 14559
f 14560 14561 14562
f 14563 14564 14565
f 14566 14567 14568
f 14569 14570 14571
f 14572 14573 14574
f 14575 14576 14577
f 14578 14579 14580
f 14581 14582 14583
f 14584 14585 14586
f 14587 14588 14589
f 14590 14591 14592
f 14593 14594 14595
f 14596 14597 14598
f 14599 14600 14601
f 14602 14603 14604
f 14605 14606 14607
f 14608 14609 14610
f 14611 14612 14613
f 14614 14615 14616
f 14617 14618 14619
f 14620 14621 14622
f 14623 14624 14625
f 14626 14627 14628
f 14629 14630 14631
f 14632 14633 14634
f 14635 14636 14637
f 14638 14639 14640
f 14641 14642 14643
f 14644 14645 14646
f 14647 14648 14649
f 14650 14651 14652
f 14653 14654 14655
f 14656 14657 14658
f 14659 14660 14661
f 14662 14663 14664
f 14665 14666 14667
f 14668 14669 14670
f 14671 14672 14673
f 14674 14675 14676
f 14677 14678 14679
f 14680 14681 14682
f 14683 14684 14685
f 14686 14687 14688
f 14689 14690 14691
f 14692 14693 14694
f 14695 14696 14697
f 14698 14699 14700
f 14701 14702 14703
f 14704 14705 14706
f 14707 14708 14709
f 14710 14711 14712
f 14713 14714 14715
f 14716 14717 14718
f 14719 14720 14721
f 14722 14723 14724
f 14725 14726 14727
f 14728 14729 14730
f 14731 14732 14733
f 14734 14735 14736
f 14737 14738 14739
f 14740 14741 14742
f 14743 14744 14745
f 14746 14747 14748
f 14749 14750 14751
f 14752 14753 14754
f 14755 14756 14757
f 14758 14759 14760
f 14761 14762 14763
f 14764 14765 14766
f 14767 14768 14769
f 14770 14771 14772
f 14773 14774 14775
f 14776 14777 14778
f 14779 14780 14781
f 14782 14783 14784
f 14785 14786 14787
f 14788 14789 14790
f 14791 14792 14793
f 14794 14795 14796
f 14797 14798 14799
f 14800 14801 14802
f 14803 14804 14805
f 14806 14807 14808
f 14809 14810 14811
f 14812 14813 14814
f 14815 14816 14817
f 14818 14819 14820
f 14821 14822 14823
f 14824 14825 14826
f 14827 14828 14829
f 14830 14831 14832
f 14833 14834 14835
f 14836 14837 14838
f 14839 14840 14841
f 14842 14843 14844
f 14845 14846 14847
f 14848 14849 14850
f 14851 14852 14853
f 14854 14855 14856
f 14857 14858 14859
f 14860 14861 14862
f 14863 14864 14865
f 14866 14867 14868
f 14869 14870 14871
f 14872 14873 14874
f 14875 14876 14877
f 14878 14879 14880
f 14881 14882 14883
f 14884 14885 14886
f 14887 14888 14889
f 14890 14891 14892
f 14893 14894 14895
f 14896 14897 14898
f 14899 14900 14901
f 14902 14903 14904
f 14905 14906 14907
f 14908 14909 14910
f 14911 14912 14913
f 14914 14915 14916
f 14917 14918 14919
f 14920 14921 14922
f 14923 14924 14925
f 14926 14927 14928
f 14929 14930 14931
f 14932 14933 14934
f 14935 14936 14937
f 14938 14939 14940
f 14941 14942 14943
f 14944 14945 14946
f 14947 14948 14949
f 14950 14951 14952
f 14953 14954 14955
f 14956 14957 14958
f 14959 14960 14961
f 14962 14963 14964
f 14965 14966 14967
f 14968 14969 14970
f 14971 14972 14973
f 14974 14975 14976
f 14977 14978 14979
f 14980 14981 14982
f 14983 14984 14985
f 14986 14987 14988
f 14989 14990 14991
f 14992 14993 14994
f 14995 14996 14997
f 14998 14999 15000
f 15001 15002 15003
f 15004 15005 15006
f 15007 15008 15009
f 15010 15011 15012
f 15013 15014 15015
f 15016 15017 15018
f 15019 15020 15021
f 15022 15023 15024
f 15025 15026 15027
f 15028 15029 15030
f 15031 15032 15033
f 15034 15035 15036
f 15037 15038 15039
f 15040 15041 15042
f 15043 15044 15045
f 15046 15047 15048
f 15049 15050 15051
f 15052 15053 15054
f 15055 15056 15057
f 15058 15059 15060
f 15061 15062 15063
f 15064 15065 15066
f 15067 15068 15069
f 15070 15071 15072
f 15073 15074 15075
f 15076 15077 15078
f 15079 15080 15081
f 15082 15083 15084
f 15085 15086 15087
f 15088 15089 15090
f 15091 15092 15093
f 15094 15095 15096
f 15097 15098 15099
f 15100 15101 15102
f 15103 15104 15105
f 15106 15107 15108
f 15109 15110 15111
f 15112 15113 15114
f 15115 15116 15117
f 15118 15119 15120
f 15121 15122 15123
f 15124 15125 15126
f 15127 15128 15129
f 15130 15131 15132
f 15133 15134 15135
f 15136 15137 15138
f 15139 15140 15141
f 15142 15143 15144
f 15145 15146 15147
f 15148 15149 15150
f 15151 15152 15153
f 15154 15155 15156
f 15157 15158 15159
f 15160 15161 15162
f 15163 15164 15165
f 15166 15167 15168
f 15169 15170 15171
f 15172 15173 15174
f 15175 15176 15177
f 15178 15179 15180
f 15181 15182 15183
f 15184 15185 15186
f 15187 15188 15189
f 15190 15191 15192
f 15193 15194 15195
f 15196 15197 15198
f 15199 15200 15201
f 15202 15203 15204
f 15205 15206 15207
f 15208 15209 15210
f 15211 15212 15213
f 15214 15215 15216
f 15217 15218 15219
f 15220 15221 15222
f 15223 15224 15225
f 15226 15227 15228
f 15229 15230 15231
f 15232 15233 15234
f 15235 15236 15237
f 15238 15239 15240
f 15241 15242 15243
f 15244 15245 15246
f 15247 15248 15249
f 15250 15251 15252
f 15253 15254 15255
f 15256 15257 15258
f 15259 15260 15261
f 15262 15263 15264
f 15265 15266 15267
f 15268 15269 15270
f 15271 15272 15273
f 15274 15275 15276
f 15277 15278 15279
f 15280 15281 15282
f 15283 15284 15285
f 15286 15287 15288
f 15289 15290 15291
f 15292 15293 15294
f 15295 15296 15297
f 15298 15299 15300
f 15301 15302 15303
f 15304 15305 15306
f 15307 15308 15309
f 15310 15311 15312
f 15313 15314 15315
f 15316 15317 15318
f 15319 15320 15321
f 15322 15323 15324
f 15325 15326 15327
f 15328 15329 15330
f 15331 15332 15333
f 15334 15335 15336
f 15337 15338 15339
f 15340 15341 15342
f 15343 15344 15345
f 15346 15347 15348
f 15349 15350 15351
f 15352 15353 15354
f 15355 15356 15357
f 15358 15359 15360
f 15361 15362 15363
f 15364 15365 15366
f 15367 15368 15369
f 15370 15371 15372
f 15373 15374 15375
f 15376 15377 15378
f 15379 15380 15381
f 15382 15383 15384
f 15385 15386 15387
f 15388 15389 15390
f 15391 15392 15393
f 15394 15395 15396
f 15397 15398 15399
f 15400 15401 15402
f 15403 15404 15405
f 15406 15407 15408
f 15409 15410 15411
f 15412 15413 15414
f 15415 15416 15417
f 15418 15419 15420
f 15421 15422 15423
f 15424 15425 15426
f 15427 15428 15429
f 15430 15431 15432
f 15433 15434 15435
f 15436 15437 15438
f 15439 15440 15441
f 15442 15443 15444
f 15445 15446 15447
f 15448 15449 15450
f 15451 15452 15453
f 15454 15455 15456
f 15457 15458 15459
f 15460 15461 15462
f 15463 15464 15465
f 15466 15467 15468
f 15469 15470 15471
f 15472 15473 15474
f 15475 15476 15477
f 15478 15479 15480
f 15481 15482 15483
f 15484 15485 15486
f 15487 15488 15489
f 15490 15491 15492
f 15493 15494 15495
f 15496 15497 15498
f 15499 15500 15501
f 15502 15503 15504
f 15505 15506 15507
f 15508 15509 15510
f 15511 15512 15513
f 15514 15515 15516
f 15517 15518 15519
f 15520 15521 15522
f 15523 15524 15525
f 15526 15527 15528
f 15529 15530 15531
f 15532 15533 15534
f 15535 15536 15537
f 15538 15539 15540
f 15541 15542 15543
f 15544 15545 15546
f 15547 15548 15549
f 15550 15551 15552
f 15553 15554 15555
f 15556 15557 15558
f 15559 15560 15561
f 15562 15563 15564
f 15565 15566 15567
f 15568 15569 15570
f 15571 15572 15573
f 15574 15575 15576
f 15577 15578 15579
f 15580 15581 15582
f 15583 15584 15585
f 15586 15587 15588
f 15589 15590 15591
f 15592 15593 15594
f 15595 15596 15597
f 15598 15599 15600
f 15601 15602 15603
f 15604 15605 15606
f 15607 15608 15609
f 15610 15611 15612
f 15613 15614 15615
f 15616 15617 15618
f 15619 15620 15621
f 15622 15623 15624
f 15625 15626 15627
f 15628 15629 15630
f 15631 15632 15633
f 15634 15635 15636
f 15637 15638 15639
f 15640 15641 15642
f 15643 15644 15645
f 15646 15647 15648
f 15649 15650 15651
f 15652 15653 15654
f 15655 15656 15657
f 15658 15659 15660
f 15661 15662 15663
f 15664 15665 15666
f 15667 15668 15669
f 15670 15671 15672
f 15673 15674 15675
f 15676 15677 15678
f 15679 15680 15681
f 15682 15683 15684
f 15685 15686 15687
f 15688 15689 15690
f 15691 15692 15693
f 15694 15695 15696
f 15697 15698 15699
f 15700 15701 15702
f 15703 15704 15705
f 15706 15707 15708
f 15709 15710 15711
f 15712 15713 15714
f 15715 15716 15717
f 15718 15719 15720
f 15721 15722 15723
f 15724 15725 15726
f 15727 15728 15729
f 15730 15731 15732
f 15733 15734 15735
f 15736 15737 15738
f 15739 15740 15741
f 15742 15743 15744
f 15745 15746 15747
f 15748 15749 15750
f 15751 15752 15753
f 15754 15755 15756
f 15757 15758 15759
f 15760 15761 15762
f 15763 15764 15765
f 15766 15767 15768
f 15769 15770 15771
f 15772 15773 15774
f 15775 15776 15777
f 15778 15779 15780
f 15781 15782 15783
f 15784 15785 15786
f 15787 15788 15789
f 15790 15791 15792
f 15793 15794 15795
f 15796 15797 15798
f 15799 15800 15801
f 15802 15803 15804
f 15805 15806 15807
f 15808 15809 15810
f 15811 15812 15813
f 15814 15815 15816
f 15817 15818 15819
f 15820 15821 15822
f 15823 15824 15825
f 15826 15827 15828
f 15829 15830 15831
f 15832 15833 15834
f 15835 15836 15837
f 15838 15839 15840
f 15841 15842 15843
f 15844 15845 15846
f 15847 15848 15849
f 15850 15851 15852
f 15853 15854 15855
f 15856 15857 15858
f 15859 15860 15861
f 15862 15863 15864
f 15865 15866 15867
f 15868 15869 15870
f 15871 15872 15873
f 15874 15875 15876
f 15877 15878 15879
f 15880 15881 15882
f 15883 15884 15885
f 15886 15887 15888
f 15889 15890 15891
f 15892 15893 15894
f 15895 15896 15897
f 15898 15899 15900
f 15901 15902 15903
f 15904 15905 15906
f 15907 15908 15909
f 15910 15911 15912
f 15913 15914 15915
f 15916 15917 15918
f 15919 15920 15921
f 15922 15923 15924
f 15925 15926 15927
f 15928 15929 15930
f 15931 15932 15933
f 15934 15935 15936
f 15937 15938 15939
f 15940 15941 15942
f 15943 15944 15945
f 15946 15947 15948
f 15949 15950 15951
f 15952 15953 15954
f 15955 15956 15957
f 15958 15959 15960
f 15961 15962 15963
f 15964 15965 15966
f 15967 15968 15969
f 15970 15971 15972
f 15973 15974 15975
f 15976 15977 15978
f 15979 15980 15981
f 15982 15983 15984
f 15985 15986 15987
f 15988 15989 15990
f 15991 15992 15993
f 15994 15995 15996
f 15997 15998 15999
f 16000 16001 16002
f 16003 16004 16005
f 16006 16007 16008
f 16009 16010 16011
f 16012 16013 16014
f 16015 16016 16017
f 16018 16019 16020
f 16021 16022 16023
f 16024 16025 16026
f 16027 16028 16029
f 16030 16031 16032
f 16033 16034 16035
f 16036 16037 16038
f 16039 16040 16041
f 16042 16043 16044
f 16045 16046 16047
f 16048 16049 16050
f 16051 16052 16053
f 16054 16055 16056
f 16057 16058 16059
f 16060 16061 16062
f 16063 16064 16065
f 16066 16067 16068
f 16069 16070 16071
f 16072 16073 16074
f 16075 16076 16077
f 16078 16079 16080
f 16081 16082 16083
f 16084 16085 16086
f 16087 16088 16089
f 16090 16091 16092
f 16093 16094 16095
f 16096 16097 16098
f 16099 16100 16101
f 16102 16103 16104
f 16105 16106 16107
f 16108 16109 16110
f 16111 16112 16113
f 16114 16115 16116
f 16117 16118 16119
f 16120 16121 16122
f 16123 16124 16125
f 16126 16127 16128
f 16129 16130 16131
f 16132 16133 16134
f 16135 16136 16137
f 16138 16139 16140
f 16141 16142 16143
f 16144 16145 16146
f 16147 16148 16149
f 16150 16151 16152
f 16153 16154 16155
f 16156 16157 16158
f 16159 16160 16161
f 16162 16163 16164
f 16165 16166 16167
f 16168 16169 16170
f 16171 16172 16173
f 16174 16175 16176
f 16177 16178 16179
f 16180 16181 16182
f 16183 16184 16185
f 16186 16187 16188
f 16189 16190 16191
f 16192 16193 16194
f 16195 16196 16197
f 16198 16199 16200
f 16201 16202 16203
f 16204 16205 16206
f 16207 16208 16209
f 16210 16211 16212
f 16213 16214 16215
f 16216 16217 16218
f 16219 16220 16221
f 16222 16223 16224
f 16225 16226 16227
f 16228 16229 16230
f 16231 16232 16233
f 16234 16235 16236
f 16237 16238 16239
f 16240 16241 16242
f 16243 16244 16245
f 16246 16247 16248
f 16249 16250 16251
f 16252 16253 16254
f 16255 16256 16257
f 16258 16259 16260
f 16261 16262 16263
f 16264 16265 16266
f 16267 16268 16269
f 16270 16271 16272
f 16273 16274 16275
f 16276 16277 16278
f 16279 16280 16281
f 16282 16283 16284
f 16285 16286 16287
f 16288 16289 16290
f 16291 16292 16293
f 16294 16295 16296
f 16297 16298 16299
f 16300 16301 16302
f 16303 16304 16305
f 16306 16307 16308
f 16309 16310 16311
f 16312 16313 16314
f 16315 16316 16317
f 16318 16319 16320
f 16321 16322 16323
f 16324 16325 16326
f 16327 16328 16329
f 16330 16331 16332
f 16333 16334 16335
f 16336 16337 16338
f 16339 16340 16341
f 16342 16343 16344
f 16345 16346 16347
f 16348 16349 16350
f 16351 16352 16353
f 16354 16355 16356
f 16357 16358 16359
f 16360 16361 16362
f 16363 16364 16365
f 16366 16367 16368
f 16369 16370 16371
f 16372 16373 16374
f 16375 16376 16377
f 16378 16379 16380
f 16381 16382 16383
f 16384 16385 16386
f 16387 16388 16389
f 16390 16391 16392
f 16393 16394 16395
f 16396 16397 16398
f 16399 16400 16401
f 16402 16403 16404
f 16405 16406 16407
f 16408 16409 16410
f 16411 16412 16413
f 16414 16415 16416
f 16417 16418 16419
f 16420 16421 16422
f 16423 16424 16425
f 16426 16427 16428
f 16429 16430 16431
f 16432 16433 16434
f 16435 16436 16437
f 16438 16439 16440
f 16441 16442 16443
f 16444 16445 16446
f 16447 16448 16449
f 16450 16451 16452
f 16453 16454 16455
f 16456 16457 16458
f 16459 16460 16461
f 16462 16463 16464
f 16465 16466 16467
f 16468 16469 16470
f 16471 16472 16473
f 16474 16475 16476
f 16477 16478 16479
f 16480 16481 16482
f 16483 16484 16485
f 16486 16487 16488
f 16489 16490 16491
f 16492 16493 16494
f 16495 16496 16497
f 16498 16499 16500
f 16501 16502 16503
f 16504 16505 16506
f 16507 16508 16509
f 16510 16511 16512
f 16513 16514 16515
f 16516 16517 16518
f 16519 16520 16521
f 16522 16523 16524
f 16525 16526 16527
f 16528 16529 16530
f 16531 16532 16533
f 16534 16535 16536
f 16537 16538 16539
f 16540 16541 16542
f 16543 16544 16545
f 16546 16547 16548
f 16549 16550 16551
f 16552 16553 16554
f 16555 16556 16557
f 16558 16559 16560
f 16561 16562 16563
f 16564 16565 16566
f 16567 16568 16569
f 16570 16571 16572
f 16573 16574 16575
f 16576 16577 16578
f 16579 16580 16581
f 16582 16583 16584
f 16585 16586 16587
f 16588 16589 16590
f 16591 16592 16593
f 16594 16595 16596
f 16597 16598 16599
f 16600 16601 16602
f 16603 16604 16605
f 16606 16607 16608
f 16609 16610 16611
f 16612 16613 16614
f 16615 16616 16617
f 16618 16619 16620
f 16621 16622 16623
f 16624 16625 16626
f 16627 16628 16629
f 16630 16631 16632
f 16633 16634 16635
f 16636 16637 16638
f 16639 16640 16641
f 16642 16643 16644
f 16645 16646 16647
f 16648 16649 16650
f 16651 16652 16653
f 16654 16655 16656
f 16657 16658 16659
f 16660 16661 16662
f 16663 16664 16665
f 16666 16667 16668
f 16669 16670 16671
f 16672 16673 16674
f 16675 16676 16677
f 16678 16679 16680
f 16681 16682 16683
f 16684 16685 16686
f 16687 16688 16689
f 16690 16691 16692
f 16693 16694 16695
f 16696 16697 16698
f 16699 16700 16701
f 16702 16703 16704
f 16705 16706 16707
f 16708 16709 16710
f 16711 16712 16713
f 16714 16715 16716
f 16717 16718 16719
f 16720 16721 16722
f 16723 16724 16725
f 16726 16727 16728
f 16729 16730 16731
f 16732 16733 16734
f 16735 16736 16737
f 16738 16739 16740
f 16741 16742 16743
f 16744 16745 16746
f 16747 16748 16749
f 16750 16751 16752
f 16753 16754 16755
f 16756 16757 16758
f 16759 16760 16761
f 16762 16763 16764
f 16765 16766 16767
f 16768 16769 16770
f 16771 16772 16773
f 16774 16775 16776
f 16777 16778 16779
f 16780 16781 16782
f 16783 16784 16785
f 16786 16787 16788
f 16789 16790 16791
f 16792 16793 16794
f 16795 16796 16797
f 16798 16799 16800
f 16801 16802 16803
f 16804 16805 16806
f 16807 16808 16809
f 16810 16811 16812
f 16813 16814 16815
f 16816 16817 16818
f 16819 16820 16821
f 16822 16823 16824
f 16825 16826 16827
f 16828 16829 16830
f 16831 16832 16833
f 16834 16835 16836
f 16837 16838 16839
f 16840 16841 16842
f 16843 16844 16845
f 16846 16847 16848
f 16849 16850 16851
f 16852 16853 16854
f 16855 16856 16857
f 16858 16859 16860
f 16861 16862 16863
f 16864 16865 16866
f 16867 16868 16869
f 16870 16871 16872
f 16873 16874 16875
f 16876 16877 16878
f 16879 16880 16881
f 16882 16883 16884
f 16885 16886 16887
f 16888 16889 16890
f 16891 16892 16893
f 16894 16895 16896
f 16897 16898 16899
f 16900 16901 16902
f 16903 16904 16905
f 16906 16907 16908
f 16909 16910 16911
f 16912 16913 16914
f 16915 16916 16917
f 16918 16919 16920
f 16921 16922 16923
f 16924 16925 16926
f 16927 16928 16929
f 16930 16931 16932
f 16933 16934 16935
f 16936 16937 16938
f 16939 16940 16941
f 16942 16943 16944
f 16945 16946 16947
f 16948 16949 16950
f 16951 16952 16953
f 16954 16955 16956
f 16957 16958 16959
f 16960 16961 16962
f 16963 16964 16965
f 16966 16967 16968
f 16969 16970 16971
f 16972 16973 16974
f 16975 16976 16977
f 16978 16979 16980
f 16981 16982 16983
f 16984 16985 16986
f 16987 16988 16989
f 16990 16991 16992
f 16993 16994 16995
f 16996 16997 16998
f 16999 17000 17001
f 17002 17003 17004
f 17005 17006 17007
f 17008 17009 17010
f 17011 17012 17013
f 17014 17015 17016
f 17017 17018 17019
f 17020 17021 17022
f 17023 17024 17025
f 17026 17027 17028
f 17029 17030 17031
f 17032 17033 17034
f 17035 17036 17037
f 17038 17039 17040
f 17041 17042 17043
f 17044 17045 17046
f 17047 17048 17049
f 17050 17051 17052
f 17053 17054 17055
f 17056 17057 17058
f 17059 17060 17061
f 17062 17063 17064
f 17065 17066 17067
f 17068 17069 17070
f 17071 17072 17073
f 17074 17075 17076
f 17077 17078 17079
f 17080 17081 17082
f 17083 17084 17085
f 17086 17087 17088
f 17089 17090 17091
f 17092 17093 17094
f 17095 17096 17097
f 17098 17099 17100
f 17101 17102 17103
f 17104 17105 17106
f 17107 17108 17109
f 17110 17111 17112
f 17113 17114 17115
f 17116 17117 17118
f 17119 17120 17121
f 17122 17123 17124
f 17125 17126 17127
f 17128 17129 17130
f 17131 17132 17133
f 17134 17135 17136
f 17137 17138 17139
f 17140 17141 17142
f 17143 17144 17145
f 17146 17147 17148
f 17149 17150 17151
f 17152 17153 17154
f 17155 17156 17157
f 17158 17159 17160
f 17161 17162 17163
f 17164 17165 17166
f 17167 17168 17169
f 17170 17171 17172
f 17173 17174 17175
f 17176 17177 17178
f 17179 17180 17181
f 17182 17183 17184
f 17185 17186 17187
f 17188 17189 17190
f 17191 17192 17193
f 17194 17195 17196
f 17197 17198 17199
f 17200 17201 17202
f 17203 17204 17205
f 17206 17207 17208
f 17209 17210 17211
f 17212 17213 17214
f 17215 17216 17217
f 17218 17219 17220
f 17221 17222 17223
f 17224 17225 17226
f 17227 17228 17229
f 17230 17231 17232
f 17233 17234 17235
f 17236 17237 17238
f 17239 17240 17241
f 17242 17243 17244
f 17245 17246 17247
f 17248 17249 17250
f 17251 17252 17253
f 17254 17255 17256
f 17257 17258 17259
f 17260 17261 17262
f 17263 17264 17265
f 17266 17267 17268
f 17269 17270 17271
f 17272 17273 17274
f 17275 17276 17277
f 17278 17279 17280
f 17281 17282 17283
f 17284 17285 17286
f 17287 17288 17289
f 17290 17291 17292
f 17293 17294 17295
f 17296 17297 17298
f 17299 17300 17301
f 17302 17303 17304
f 17305 17306 17307
f 17308 17309 17310
f 17311 17312 17313
f 17314 17315 17316
f 17317 17318 17319
f 17320 17321 17322
f 17323 17324 17325
f 17326 17327 17328
f 17329 17330 17331
f 17332 17333 17334
f 17335 17336 17337
f 17338 17339 17340
f 17341 17342 17343
f 17344 17345 17346
f 17347 17348 17349
f 17350 17351 17352
f 17353 17354 17355
f 17356 17357 17358
f 17359 17360 17361
f 17362 17363 17364
f 17365 17366 17367
f 17368 17369 17370
f 17371 17372 17373
f 17374 17375 17376
f 17377 17378 17379
f 17380 17381 17382
f 17383 17384 17385
f 17386 17387 17388
f 17389 17390 17391
f 17392 17393 17394
f 17395 17396 17397
f 17398 17399 17400
f 17401 17402 17403
f 17404 17405 17406
f 17407 17408 17409
f 17410 17411 17412
f 17413 17414 17415
f 17416 17417 17418
f 17419 17420 17421
f 17422 17423 17424
f 17425 17426 17427
f 17428 17429 17430
f 17431 17432 17433
f 17434 17435 17436
f 17437 17438 17439
f 17440 17441 17442
f 17443 17444 17445
f 17446 17447 17448
f 17449 17450 17451
f 17452 17453 17454
f 17455 17456 17457
f 17458 17459 17460
f 17461 17462 17463
f 17464 17465 17466
f 17467 17468 17469
f 17470 17471 17472
f 17473 17474 17475
f 17476 17477 17478
f 17479 17480 17481
f 17482 17483 17484
f 17485 17486 17487
f 17488 17489 17490
f 17491 17492 17493
f 17494 17495 17496
f 17497 17498 17499
f 17500 17501 17502
f 17503 17504 17505
f 17506 17507 17508
f 17509 17510 17511
f 17512 17513 17514
f 17515 17516 17517
f 17518 17519 17520
f 17521 17522 17523
f 17524 17525 17526
f 17527 17528 17529
f 17530 17531 17532
f 17533 17534 17535
f 17536 17537 17538
f 17539 17540 17541
f 17542 17543 17544
f 17545 17546 17547
f 17548 17549 17550
f 17551 17552 17553
f 17554 17555 17556
f 17557 17558 17559
f 17560 17561 17562
f 17563 17564 17565
f 17566 17567 17568
f 17569 17570 17571
f 17572 17573 17574
f 17575 17576 17577
f 17578 17579 17580
f 17581 17582 17583
f 17584 17585 17586
f 17587 17588 17589
f 17590 17591 17592
f 17593 17594 17595
f 17596 17597 17598
f 17599 17600 17601
f 17602 17603 17604
f 17605 17606 17607
f 17608 17609 17610
f 17611 17612 17613
f 17614 17615 17616
f 17617 17618 17619
f 17620 17621 17622
f 17623 17624 17625
f 17626 17627 17628
f 17629 17630 17631
f 17632 17633 17634
f 17635 17636 17637
f 17638 17639 17640
f 17641 17642 17643
f 17644 17645 17646
f 17647 17648 17649
f 17650 17651 17652
f 17653 17654 17655
f 17656 17657 17658
f 17659 17660 17661
f 17662 17663 17664
f 17665 17666 17667
f 17668 17669 17670
f 17671 17672 17673
f 17674 17675 17676
f 17677 17678 17679
f 17680 17681 17682
f 17683 17684 17685
f 17686 17687 17688
f 17689 17690 17691
f 17692 17693 17694
f 17695 17696 17697
f 17698 17699 17700
f 17701 17702 17703
f 17704 17705 17706
f 17707 17708 17709
f 17710 17711 17712
f 17713 17714 17715
f 17716 17717 17718
f 17719 17720 17721
f 17722 17723 17724
f 17725 17726 17727
f 17728 17729 17730
f 17731 17732 17733
f 17734 17735 17736
f 17737 17738 17739
f 17740 17741 17742
f 17743 17744 17745
f 17746 17747 17748
f 17749 17750 17751
f 17752 17753 17754
f 17755 17756 17757
f 17758 17759 17760
f 17761 17762 17763
f 17764 17765 17766
f 17767 17768 17769
f 17770 17771 17772
f 17773 17774 17775
f 17776 17777 17778
f 17779 17780 17781
f 17782 17783 17784
f 17785 17786 17787
f 17788 17789 17790
f 17791 17792 17793
f 17794 17795 17796
f 17797 17798 17799
f 17800 17801 17802
f 17803 17804 17805
f 17806 17807 17808
f 17809 17810 17811
f 17812 17813 17814
f 17815 17816 17817
f 17818 17819 17820
f 17821 17822 17823
f 17824 17825 17826
f 17827 17828 17829
f 17830 17831 17832
f 17833 17834 17835
f 17836 17837 17838
f 17839 17840 17841
f 17842 17843 17844
f 17845 17846 17847
f 17848 17849 17850
f 17851 17852 17853
f 17854 17855 17856
f 17857 17858 17859
f 17860 17861 17862
f 17863 17864 17865
f 17866 17867 17868
f 17869 17870 17871
f 17872 17873 17874
f 17875 17876 17877
f 17878 17879 17880
f 17881 17882 17883
f 17884 17885 17886
f 17887 17888 17889
f 17890 17891 17892
f 17893 17894 17895
f 17896 17897 17898
f 17899 17900 17901
f 17902 17903 17904
f 17905 17906 17907
f 17908 17909 17910
f 17911 17912 17913
f 17914 17915 17916
f 17917 17918 17919
f 17920 17921 17922
f 17923 17924 17925
f 17926 17927 17928
f 17929 17930 17931
f 17932 17933 17934
f 17935 17936 17937
f 17938 17939 17940
f 17941 17942 17943
f 17944 17945 17946
f 17947 17948 17949
f 17950 17951 17952
f 17953 17954 17955
f 17956 17957 17958
f 17959 17960 17961
f 17962 17963 17964
f 17965 17966 17967
f 17968 17969 17970
f 17971 17972 17973
f 17974 17975 17976
f 17977 17978 17979
f 17980 17981 17982
f 17983 17984 17985
f 17986 17987 17988
f 17989 17990 17991
f 17992 17993 17994
f 17995 17996 17997
f 17998 17999 18000
f 18001 18002 18003
f 18004 18005 18006
f 18007 18008 18009
f 18010 18011 18012
f 18013 18014 18015
f 18016 18017 18018
f 18019 18020 18021
f 18022 18023 18024
f 18025 18026 18027
f 18028 18029 18030
f 18031 18032 18033
f 18034 18035 18036
f 18037 18038 18039
f 18040 18041 18042
f 18043 18044 18045
f 18046 18047 18048
f 18049 18050 18051
f 18052 18053 18054
f 18055 18056 18057
f 18058 18059 18060
f 18061 18062 18063
f 18064 18065 18066
f 18067 18068 18069
f 18070 18071 18072
f 18073 18074 18075
f 18076 18077 18078
f 18079 18080 18081
f 18082 18083 18084
f 18085 18086 18087
f 18088 18089 18090
f 18091 18092 18093
f 18094 18095 18096
f 18097 18098 18099
f 18100 18101 18102
f 18103 18104 18105
f 18106 18107 18108
f 18109 18110 18111
f 18112 18113 18114
f 18115 18116 18117
f 18118 18119 18120
f 18121 18122 18123
f 18124 18125 18126
f 18127 18128 18129
f 18130 18131 18132
f 18133 18134 18135
f 18136 18137 18138
f 18139 18140 18141
f 18142 18143 18144
f 18145 18146 18147
f 18148 18149 18150
f 18151 18152 18153
f 18154 18155 18156
f 18157 18158 18159
f 18160 18161 18162
f 18163 18164 18165
f 18166 18167 18168
f 18169 18170 18171
f 18172 18173 18174
f 18175 18176 18177
f 18178 18179 18180
f 18181 18182 18183
f 18184 18185 18186
f 18187 18188 18189
f 18190 18191 18192
f 18193 18194 18195
f 18196 18197 18198
f 18199 18200 18201
f 18202 18203 18204
f 18205 18206 18207
f 18208 18209 18210
f 18211 18212 18213
f 18214 18215 18216
f 18217 18218 18219
f 18220 18221 18222
f 18223 18224 18225
f 18226 18227 18228
f 18229 18230 18231
f 18232 18233 18234
f 18235 18236 18237
f 18238 18239 18240
f 18241 18242 18243
f 18244 18245 18246
f 18247 18248 18249
f 18250 18251 18252
f 18253 18254 18255
f 18256 18257 18258
f 18259 18260 18261
f 18262 18263 18264
f 18265 18266 18267
f 18268 18269 18270
f 18271 18272 18273
f 18274 18275 18276
f 18277 18278 18279
f 18280 18281 18282
f 18283 18284 18285
f 18286 18287 18288
f 18289 18290 18291
f 18292 18293 18294
f 18295 18296 18297
f 18298 18299 18300
f 18301 18302 18303
f 18304 18305 18306
f 18307 18308 18309
f 18310 18311 18312
f 18313 18314 18315
f 18316 18317 18318
f 18319 18320 18321
f 18322 18323 18324
f 18325 18326 18327
f 18328 18329 18330
f 18331 18332 18333
f 18334 18335 18336
f 18337 18338 18339
f 18340 18341 18342
f 18343 18344 18345
f 18346 18347 18348
f 18349 18350 18351
f 18352 18353 18354
f 18355 18356 18357
f 18358 18359 18360
f 18361 18362 18363
f 18364 18365 18366
f 18367 18368 18369
f 18370 18371 18372
f 18373 18374 18375
f 18376 18377 18378
f 18379 18380 18381
f 18382 18383 18384
f 18385 18386 18387
f 18388 18389 18390
f 18391 18392 18393
f 18394 18395 18396
f 18397 18398 18399
f 18400 18401 18402
f 18403 18404 18405
f 18406 18407 18408
f 18409 18410 18411
f 18412 18413 18414
f 18415 18416 18417
f 18418 18419 18420
f 18421 18422 18423
f 18424 18425 18426
f 18427 18428 18429
f 18430 18431 18432
f 18433 18434 18435
f 18436 18437 18438
f 18439 18440 18441
f 18442 18443 18444
f 18445 18446 18447
f 18448 18449 18450
f 18451 18452 18453
f 18454 18455 18456
f 18457 18458 18459
f 18460 18461 18462
f 18463 18464 18465
f 18466 18467 18468
f 18469 18470 18471
f 18472 18473 18474
f 18475 18476 18477
f 18478 18479 18480
f 18481 18482 18483
f 18484 18485 18486
f 18487 18488 18489
f 18490 18491 18492
f 18493 18494 18495
f 18496 18497 18498
f 18499 18500 18501
f 18502 18503 18504
f 18505 18506 18507
f 18508 18509 18510
f 18511 18512 18513
f 18514 18515 18516
f 18517 18518 18519
f 18520 18521 18522
f 18523 18524 18525
f 18526 18527 18528
f 18529 18530 18531
f 18532 18533 18534
f 18535 18536 18537
f 18538 18539 18540
f 18541 18542 18543
f 18544 18545 18546
f 18547 18548 18549
f 18550 18551 18552
f 18553 18554 18555
f 18556 18557 18558
f 18559 18560 18561
f 18562 18563 18564
f 18565 18566 18567
f 18568 18569 18570
f 18571 18572 18573
f 18574 18575 18576
f 18577 18578 18579
f 18580 18581 18582
f 18583 18584 18585
f 18586 18587 18588
f 18589 18590 18591
f 18592 18593 18594
f 18595 18596 18597
f 18598 18599 18600
f 18601 18602 18603
f 18604 18605 18606
f 18607 18608 18609
f 18610 18611 18612
f 18613 18614 18615
f 18616 18617 18618
f 18619 18620 18621
f 18622 18623 18624
f 18625 18626 18627
f 18628 18629 18630
f 18631 18632 18633
f 18634 18635 18636
f 18637 18638 18639
f 18640 18641 18642
f 18643 18644 18645
f 18646 18647 18648
f 18649 18650 18651
f 18652 18653 18654
f 18655 18656 18657
f 18658 18659 18660
f 18661 18662 18663
f 18664 18665 18666
f 18667 18668 18669
f 18670 18671 18672
f 18673 18674 18675
f 18676 18677 18678
f 18679 18680 18681
f 18682 18683 18684
f 18685 18686 18687
f 18688 18689 18690
f 18691 18692 18693
f 18694 18695 18696
f 18697 18698 18699
f 18700 18701 18702
f 18703 18704 18705
f 18706 18707 18708
f 18709 18710 18711
f 18712 18713 18714
f 18715 18716 18717
f 18718 18719 18720
f 18721 18722 18723
f 18724 18725 18726
f 18727 18728 18729
f 18730 18731 18732
f 18733 18734 18735
f 18736 18737 18738
f 18739 18740 18741
f 18742 18743 18744
f 18745 18746 18747
f 18748 18749 18750
f 18751 18752 18753
f 18754 18755 18756
f 18757 18758 18759
f 18760 18761 18762
f 18763 18764 18765
f 18766 18767 18768
f 18769 18770 18771
f 18772 18773 18774
f 18775 18776 18777
f 18778 18779 18780
f 18781 18782 18783
f 18784 18785 18786
f 18787 18788 18789
f 18790 18791 18792
f 18793 18794 18795
f 18796 18797 18798
f 18799 18800 18801
f 18802 18803 18804
f 18805 18806 18807
f 18808 18809 18810
f 18811 18812 18813
f 18814 18815 18816
f 18817 18818 18819
f 18820 18821 18822
f 18823 18824 18825
f 18826 18827 18828
f 18829 18830 18831
f 18832 18833 18834
f 18835 18836 18837
f 18838 18839 18840
f 18841 18842 18843
f 18844 18845 18846
f 18847 18848 18849
f 18850 18851 18852
f 18853 18854 18855
f 18856 18857 18858
f 18859 18860 18861
f 18862 18863 18864
f 18865 18866 18867
f 18868 18869 18870
f 18871 18872 18873
f 18874 18875 18876
f 18877 18878 18879
f 18880 18881 18882
f 18883 18884 18885
f 18886 18887 18888
f 18889 18890 18891
f 18892 18893 18894
f 18895 18896 18897
f 18898 18899 18900
f 18901 18902 18903
f 18904 18905 18906
f 18907 18908 18909
f 18910 18911 18912
f 18913 18914 18915
f 18916 18917 18918
f 18919 18920 18921
f 18922 18923 18924
f 18925 18926 18927
f 18928 18929 18930
f 18931 18932 18933
f 18934 18935 18936
f 18937 18938 18939
f 18940 18941 18942
f 18943 18944 18945
f 18946 18947 18948
f 18949 18950 18951
f 18952 18953 18954
f 18955 18956 18957
f 18958 18959 18960
f 18961 18962 18963
f 18964 18965 18966
f 18967 18968 18969
f 18970 18971 18972
f 18973 18974 18975
f 18976 18977 18978
f 18979 18980 18981
f 18982 18983 18984
f 18985 18986 18987
f 18988 18989 18990
f 18991 18992 18993
f 18994 18995 18996
f 18997 18998 18999
f 19000 19001 19002
f 19003 19004 19005
f 19006 19007 19008
f 19009 19010 19011
f 19012 19013 19014
f 19015 19016 19017
f 19018 19019 19020
f 19021 19022 19023
f 19024 19025 19026
f 19027 19028 19029
f 19030 19031 19032
f 19033 19034 19035
f 19036 19037 19038
f 19039 19040 19041
f 19042 19043 19044
f 19045 19046 19047
f 19048 19049 19050
f 19051 19052 19053
f 19054 19055 19056
f 19057 19058 19059
f 19060 19061 19062
f 19063 19064 19065
f 19066 19067 19068
f 19069 19070 19071
f 19072 19073 19074
f 19075 19076 19077
f 19078 19079 19080
f 19081 19082 19083
f 19084 19085 19086
f 19087 19088 19089
f 19090 19091 19092
f 19093 19094 19095
f 19096 19097 19098
f 19099 19100 19101
f 19102 19103 19104
f 19105 19106 19107
f 19108 19109 19110
f 19111 19112 19113
f 19114 19115 19116
f 19117 19118 19119
f 19120 19121 19122
f 19123 19124 19125
f 19126 19127 19128
f 19129 19130 19131
f 19132 19133 19134
f 19135 19136 19137
f 19138 19139 19140
f 19141 19142 19143
f 19144 19145 19146
f 19147 19148 19149
f 19150 19151 19152
f 19153 19154 19155
f 19156 19157 19158
f 19159 19160 19161
f 19162 19163 19164
f 19165 19166 19167
f 19168 19169 19170
f 19171 19172 19173
f 19174 19175 19176
f 19177 19178 19179
f 19180 19181 19182
f 19183 19184 19185
f 19186 19187 19188
f 19189 19190 19191
f 19192 19193 19194
f 19195 19196 19197
f 19198 19199 19200
f 19201 19202 19203
f 19204 19205 19206
f 19207 19208 19209
f 19210 19211 19212
f 19213 19214 19215
f 19216 19217 19218
f 19219 19220 19221
f 19222 19223 19224
f 19225 19226 19227
f 19228 19229 19230
f 19231 19232 19233
f 19234 19235 19236
f 19237 19238 19239
f 19240 19241 19242
f 19243 19244 19245
f 19246 19247 19248
f 19249 19250 19251
f 19252 19253 19254
f 19255 19256 19257
f 19258 19259 19260
f 19261 19262 19263
f 19264 19265 19266
f 19267 19268 19269
f 19270 19271 19272
f 19273 19274 19275
f 19276 19277 19278
f 19279 19280 19281
f 19282 19283 19284
f 19285 19286 19287
f 19288 19289 19290
f 19291 19292 19293
f 19294 19295 19296
f 19297 19298 19299
f 19300 19301 19302
f 19303 19304 19305
f 19306 19307 19308
f 19309 19310 19311
f 19312 19313 19314
f 19315 19316 19317
f 19318 19319 19320
f 19321 19322 19323
f 19324 19325 19326
f 19327 19328 19329
f 19330 19331 19332
f 19333 19334 19335
f 19336 19337 19338
f 19339 19340 19341
f 19342 19343 19344
f 19345 19346 19347
f 19348 19349 19350
f 19351 19352 19353
f 19354 19355 19356
f 19357 19358 19359
f 19360 19361 19362
f 19363 19364 19365
f 19366 19367 19368
f 19369 19370 19371
f 19372 19373 19374
f 19375 19376 19377
f 19378 19379 19380
f 19381 19382 19383
f 19384 19385 19386
f 19387 19388 19389
f 19390 19391 19392
f 19393 19394 19395
f 19396 19397 19398
f 19399 19400 19401
f 19402 19403 19404
f 19405 19406 19407
f 19408 19409 19410
f 19411 19412 19413
f 19414 19415 19416
f 19417 19418 19419
f 19420 19421 19422
f 19423 19424 19425
f 19426 19427 19428
f 19429 19430 19431
f 19432 19433 19434
f 19435 19436 19437
f 19438 19439 19440
f 19441 19442 19443
f 19444 19445 19446
f 19447 19448 19449
f 19450 19451 19452
f 19453 19454 19455
f 19456 19457 19458
f 19459 19460 19461
f 19462 19463 19464
f 19465 19466 19467
f 19468 19469 19470
f 19471 19472 19473
f 19474 19475 19476
f 19477 19478 19479
f 19480 19481 19482
f 19483 19484 19485
f 19486 19487 19488
f 19489 19490 19491
f 19492 19493 19494
f 19495 19496 19497
f 19498 19499 19500
f 19501 19502 19503
f 19504 19505 19506
f 19507 19508 19509
f 19510 19511 19512
f 19513 19514 19515
f 19516 19517 19518
f 19519 19520 19521
f 19522 19523 19524
f 19525 19526 19527
f 19528 19529 19530
f 19531 19532 19533
f 19534 19535 19536
f 19537 19538 19539
f 19540 19541 19542
f 19543 19544 19545
f 19546 19547 19548
f 19549 19550 19551
f 19552 19553 19554
f 19555 19556 19557
f 19558 19559 19560
f 19561 19562 19563
f 19564 19565 19566
f 19567 19568 19569
f 19570 19571 19572
f 19573 19574 19575
f 19576 19577 19578
f 19579 19580 19581
f 19582 19583 19584
f 19585 19586 19587
f 19588 19589 19590
f 19591 19592 19593
f 19594 19595 19596
f 19597 19598 19599
f 19600 19601 19602
f 19603 19604 19605
f 19606 19607 19608
f 19609 19610 19611
f 19612 19613 19614
f 19615 19616 19617
f 19618 19619 19620
f 19621 19622 19623
f 19624 19625 19626
f 19627 19628 19629
f 19630 19631 19632
f 19633 19634 19635
f 19636 19637 19638
f 19639 19640 19641
f 19642 19643 19644
f 19645 19646 19647
f 19648 19649 19650
f 19651 19652 19653
f 19654 19655 19656
f 19657 19658 19659
f 19660 19661 19662
f 19663 19664 19665
f 19666 19667 19668
f 19669 19670 19671
f 19672 19673 19674
f 19675 19676 19677
f 19678 19679 19680
f 19681 19682 19683
f 19684 19685 19686
f 19687 19688 19689
f 19690 19691 19692
f 19693 19694 19695
f 19696 19697 19698
f 19699 19700 19701
f 19702 19703 19704
f 19705 19706 19707
f 19708 19709 19710
f 19711 19712 19713
f 19714 19715 19716
f 19717 19718 19719
f 19720 19721 19722
f 19723 19724 19725
f 19726 19727 19728
f 19729 19730 19731
f 19732 19733 19734
f 19735 19736 19737
f 19738 19739 19740
f 19741 19742 19743
f 19744 19745 19746
f 19747 19748 19749
f 19750 19751 19752
f 19753 19754 19755
f 19756 19757 19758
f 19759 19760 19761
f 19762 19763 19764
f 19765 19766 19767
f 19768 19769 19770
f 19771 19772 19773
f 19774 19775 19776
f 19777 19778 19779
f 19780 19781 19782
f 19783 19784 19785
f 19786 19787 19788
f 19789 19790 19791
f 19792 19793 19794
f 19795 19796 19797
f 19798 19799 19800
f 19801 19802 19803
f 19804 19805 19806
f 19807 19808 19809
f 19810 19811 19812
f 19813 19814 19815
f 19816 19817 19818
f 19819 19820 19821
f 19822 19823 19824
f 19825 19826 19827
f 19828 19829 19830
f 19831 19832 19833
f 19834 19835 19836
f 19837 19838 19839
f 19840 19841 19842
f 19843 19844 19845
f 19846 19847 19848
f 19849 19850 19851
f 19852 19853 19854
f 19855 19856 19857
f 19858 19859 19860
f 19861 19862 19863
f 19864 19865 19866
f 19867 19868 19869
f 19870 19871 19872
f 19873 19874 19875
f 19876 19877 19878
f 19879 19880 19881
f 19882 19883 19884
f 19885 19886 19887
f 19888 19889 19890
f 19891 19892 19893
f 19894 19895 19896
f 19897 19898 19899
f 19900 19901 19902
f 19903 19904 19905
f 19906 19907 19908
f 19909 19910 19911
f 19912 19913 19914
f 19915 19916 19917
f 19918 19919 19920
f 19921 19922 19923
f 19924 19925 19926
f 19927 19928 19929
f 19930 19931 19932
f 19933 19934 19935
f 19936 19937 19938
f 19939 19940 19941
f 19942 19943 19944
f 19945 19946 19947
f 19948 19949 19950
f 19951 19952 19953
f 19954 19955 19956
f 19957 19958 19959
f 19960 19961 19962
f 19963 19964 19965
f 19966 19967 19968
f 19969 19970 19971
f 19972 19973 19974
f 19975 19976 19977
f 19978 19979 19980
f 19981 19982 19983
f 19984 19985 19986
f 19987 19988 19989
f 19990 19991 19992
f 19993 19994 19995
f 19996 19997 19998
f 19999 20000 20001
f 20002 20003 20004
f 20005 20006 20007
f 20008 20009 20010
f 20011 20012 20013
f 20014 20015 20016
f 20017 20018 20019
f 20020 20021 20022
f 20023 20024 20025
f 20026 20027 20028
f 20029 20030 20031
f 20032 20033 20034
f 20035 20036 20037
f 20038 20039 20040
f 20041 20042 20043
f 20044 20045 20046
f 20047 20048 20049
f 20050 20051 20052
f 20053 20054 20055
f 20056 20057 20058
f 20059 20060 20061
f 20062 20063 20064
f 20065 20066 20067
f 20068 20069 20070
f 20071 20072 20073
f 20074 20075 20076
f 20077 20078 20079
f 20080 20081 20082
f 20083 20084 20085
f 20086 20087 20088
f 20089 20090 20091
f 20092 20093 20094
f 20095 20096 20097
f 20098 20099 20100
f 20101 20102 20103
f 20104 20105 20106
f 20107 20108 20109
f 20110 20111 20112
f 20113 20114 20115
f 20116 20117 20118
f 20119 20120 20121
f 20122 20123 20124
f 20125 20126 20127
f 20128 20129 20130
f 20131 20132 20133
f 20134 20135 20136
f 20137 20138 20139
f 20140 20141 20142
f 20143 20144 20145
f 20146 20147 20148
f 20149 20150 20151
f 20152 20153 20154
f 20155 20156 20157
f 20158 20159 20160
f 20161 20162 20163
f 20164 20165 20166
f 20167 20168 20169
f 20170 20171 20172
f 20173 20174 20175
f 20176 20177 20178
f 20179 20180 20181
f 20182 20183 20184
f 20185 20186 20187
f 20188 20189 20190
f 20191 20192 20193
f 20194 20195 20196
f 20197 20198 20199
f 20200 20201 20202
f 20203 20204 20205
f 20206 20207 20208
f 20209 20210 20211
f 20212 20213 20214
f 20215 20216 20217
f 20218 20219 20220
f 20221 20222 20223
f 20224 20225 20226
f 20227 20228 20229
f 20230 20231 20232
f 20233 20234 20235
f 20236 20237 20238
f 20239 20240 20241
f 20242 20243 20244
f 20245 20246 20247
f 20248 20249 20250
f 20251 20252 20253
f 20254 20255 20256
f 20257 20258 20259
f 20260 20261 20262
f 20263 20264 20265
f 20266 20267 20268
f 20269 20270 20271
f 20272 20273 20274
f 20275 20276 20277
f 20278 20279 20280
f 20281 20282 20283
f 20284 20285 20286
f 20287 20288 20289
f 20290 20291 20292
f 20293 20294 20295
f 20296 20297 20298
f 20299 20300 20301
f 20302 20303 20304
f 20305 20306 20307
f 20308 20309 20310
f 20311 20312 20313
f 20314 20315 20316
f 20317 20318 20319
f 20320 20321 20322
f 20323 20324 20325
f 20326 20327 20328
f 20329 20330 20331
f 20332 20333 20334
f 20335 20336 20337
f 20338 20339 20340
f 20341 20342 20343
f 20344 20345 20346
f 20347 20348 20349
f 20350 20351 20352
f 20353 20354 20355
f 20356 20357 20358
f 20359 20360 20361
f 20362 20363 20364
f 20365 20366 20367
f 20368 20369 20370
f 20371 20372 20373
f 20374 20375 20376
f 20377 20378 20379
f 20380 20381 20382
f 20383 20384 20385
f 20386 20387 20388
f 20389 20390 20391
f 20392 20393 20394
f 20395 20396 20397
f 20398 20399 20400
f 20401 20402 20403
f 20404 20405 20406
f 20407 20408 20409
f 20410 20411 20412
f 20413 20414 20415
f 20416 20417 20418
f 20419 20420 20421
f 20422 20423 20424
f 20425 20426 20427
f 20428 20429 20430
f 20431 20432 20433
f 20434 20435 20436
f 20437 20438 20439
f 20440 20441 20442
f 20443 20444 20445
f 20446 20447 20448
f 20449 20450 20451
f 20452 20453 20454
f 20455 20456 20457
f 20458 20459 20460
f 20461 20462 20463
f 20464 20465 20466
f 20467 20468 20469
f 20470 20471 20472
f 20473 20474 20475
f 20476 20477 20478
f 20479 20480 20481
f 20482 20483 20484
f 20485 20486 20487
f 20488 20489 20490
f 20491 20492 20493
f 20494 20495 20496
f 20497 20498 20499
f 20500 20501 20502
f 20503 20504 20505
f 20506 20507 20508
f 20509 20510 20511
f 20512 20513 20514
f 20515 20516 20517
f 20518 20519 20520
f 20521 20522 20523
f 20524 20525 20526
f 20527 20528 20529
f 20530 20531 20532
f 20533 20534 20535
f 20536 20537 20538
f 20539 20540 20541
f 20542 20543 20544
f 20545 20546 20547
f 20548 20549 20550
f 20551 20552 20553
f 20554 20555 20556
f 20557 20558 20559
f 20560 20561 20562
f 20563 20564 20565
f 20566 20567 20568
f 20569 20570 20571
f 20572 20573 20574
f 20575 20576 20577
f 20578 20579 20580
f 20581 20582 20583
f 20584 20585 20586
f 20587 20588 20589
f 20590 20591 20592
f 20593 20594 20595
f 20596 20597 20598
f 20599 20600 20601
f 20602 20603 20604
f 20605 20606 20607
f 20608 20609 20610
f 20611 20612 20613
f 20614 20615 20616
f 20617 20618 20619
f 20620 20621 20622
f 20623 20624 20625
f 20626 20627 20628
f 20629 20630 20631
f 20632 20633 20634
f 20635 20636 20637
f 20638 20639 20640
f 20641 20642 20643
f 20644 20645 20646
f 20647 20648 20649
f 20650 20651 20652
f 20653 20654 20655
f 20656 20657 20658
f 20659 20660 20661
f 20662 20663 20664
f 20665 20666 20667
f 20668 20669 20670
f 20671 20672 20673
f 20674 20675 20676
f 20677 20678 20679
f 20680 20681 20682
f 20683 20684 20685
f 20686 20687 20688
f 20689 20690 20691
f 20692 20693 20694
f 20695 20696 20697
f 20698 20699 20700
f 20701 20702 20703
f 20704 20705 20706
f 20707 20708 20709
f 20710 20711 20712
f 20713 20714 20715
f 20716 20717 20718
f 20719 20720 20721
f 20722 20723 20724
f 20725 20726 20727
f 20728 20729 20730
f 20731 20732 20733
f 20734 20735 20736
f 20737 20738 20739
f 20740 20741 20742
f 20743 20744 20745
f 20746 20747 20748
f 20749 20750 20751
f 20752 20753 20754
f 20755 20756 20757
f 20758 20759 20760
f 20761 20762 20763
f 20764 20765 20766
f 20767 20768 20769
f 20770 20771 20772
f 20773 20774 20775
f 20776 20777 20778
f 20779 20780 20781
f 20782 20783 20784
f 20785 20786 20787
f 20788 20789 20790
f 20791 20792 20793
f 20794 20795 20796
f 20797 20798 20799
f 20800 20801 20802
f 20803 20804 20805
f 20806 20807 20808
f 20809 20810 20811
f 20812 20813 20814
f 20815 20816 20817
f 20818 20819 20820
f 20821 20822 20823
f 20824 20825 20826
f 20827 20828 20829
f 20830 20831 20832
f 20833 20834 20835
f 20836 20837 20838
f 20839 20840 20841
f 20842 20843 20844
f 20845 20846 20847
f 20848 20849 20850
f 20851 20852 20853
f 20854 20855 20856
f 20857 20858 20859
f 20860 20861 20862
f 20863 20864 20865
f 20866 20867 20868
f 20869 20870 20871
f 20872 20873 20874
f 20875 20876 20877
f 20878 20879 20880
f 20881 20882 20883
f 20884 20885 20886
f 20887 20888 20889
f 20890 20891 20892
f 20893 20894 20895
f 20896 20897 20898
f 20899 20900 20901
f 20902 20903 20904
f 20905 20906 20907
f 20908 20909 20910
f 20911 20912 20913
f 20914 20915 20916
f 20917 20918 20919
f 20920 20921 20922
f 20923 20924 20925
f 20926 20927 20928
f 20929 20930 20931
f 20932 20933 20934
f 20935 20936 20937
f 20938 20939 20940
f 20941 20942 20943
f 20944 20945 20946
f 20947 20948 20949
f 20950 20951 20952
f 20953 20954 20955
f 20956 20957 20958
f 20959 20960 20961
f 20962 20963 20964
f 20965 20966 20967
f 20968 20969 20970
f 20971 20972 20973
f 20974 20975 20976
f 20977 20978 20979
f 20980 20981 20982
f 20983 20984 20985
f 20986 20987 20988
f 20989 20990 20991
f 20992 20993 20994
f 20995 20996 20997
f 20998 20999 21000
f 21001 21002 21003
f 21004 21005 21006
f 21007 21008 21009
f 21010 21011 21012
f 21013 21014 21015
f 21016 21017 21018
f 21019 21020 21021
f 21022 21023 21024
f 21025 21026 21027
f 21028 21029 21030
f 21031 21032 21033
f 21034 21035 21036
f 21037 21038 21039
f 21040 21041 21042
f 21043 21044 21045
f 21046 21047 21048
f 21049 21050 21051
f 21052 21053 21054
f 21055 21056 21057
f 21058 21059 21060
f 21061 21062 21063
f 21064 21065 21066

