INFO:drake:Meshcat listening for connections at http://localhost:7000
[C3] Log: results/repos_t2_pwl.txt
[C3] Task: pushing
[ENV]  Directional task: id=4 name=west
[ENV]  Goal coords: [-0.3, 0.0]
[ENV]  Description: Push box 30cm west. Arm prepositioned on west face: contact normal anti-aligned with goal direction. Pusher would have to go through the box -- impossible without contact mode switch.
[ENV]  Mass: 0.2 kg   Friction mu: 0.4
[MPC]  Horizon: 20   dt: 0.05 s
[MPC]  ADMM max iters: 3   rho_init: 100.0
[MPC]  Force limit: 30.0 Nm
[COST] w_obj_xy:      100000.0
[COST] w_obj_z:       10.0
[COST] w_box_z:       100.0
[COST] w_box_rp:      50.0
[COST] w_terminal:    5.0  (QN = w_terminal * Q)
[COST] w_ee_approach: 8000.0
[COST] w_torque:      0.01
[ENV]  INITIAL_ARM_Q: DEFAULT
[C3] Building Drake environment ...
[C3] DOFs: n_q=14, n_v=13, n_u=7, n_x=27
[C3] 'box_link': q[11]=x, q[12]=y
[FILTER INIT] Building EE geometry ID set:
  pusher: 1 collision geom(s)
[FILTER INIT] EE body: pusher  geom IDs: [<GeometryId value=223>]
[FILTER INIT] Manipuland geom IDs : 1
[FILTER INIT] Ground geom IDs     : 1  (world_body collision geoms)
[C3] Solver mode: c3plus  (planner: R^7 joint torque, c3+ projection: componentwise)
[C3+] planner construction verified: use_ee_space=False solver.n_x=27 solver.n_u=7  (joint torque (Nm))
[YAML-COMPAT] num_control_loops_to_wait=60 (ticks @ 100 Hz) → num_control_loops_to_wait_s=0.6000 s
[YAML-COMPAT] num_control_loops_to_wait_position=30 (ticks @ 100 Hz) → num_control_loops_to_wait_position_s=0.3000 s
[YAML-COMPAT] progress_enforced_over_n_loops=30 (ticks @ 100 Hz) → progress_enforced_over_duration_s=0.3000 s
[YAML-COMPAT] sample_buffer_lifetime=30 (ticks @ 100 Hz) → sample_buffer_lifetime_s=0.3000 s
[OVERRIDE] sampling_height=0.030 (was 0.050, per-task 'pushing')
[STAGE-A-PWL] PUSHA_REPOSITION_PWL=1 → using RepositionTrajectory + OSC position-tracking (Stage A path).
[OVERRIDE] seed=0 (rng=np.random.default_rng)
[STAGE-A-PWL] dispatcher: use_reposition_pwl_trajectory=True
[REPOS-T2] tracker=PiecewiseLinearTracker traj_type=kPiecewiseLinear use_pwl_traj=True env_PUSHA_REPOSITION_PWL=1
[REPOS-T2] params: speed=0.4 pwl_speed=0.18 pwl_waypoint_height=0.15 use_straight_line_traj_under_piecewise_linear=0.008
[REPOS-T2] reference: traj_type=kPiecewiseLinear speed=0.18 pwl_waypoint_height=0.06-0.077 straight_line_thresh=0.008
[REPOS-T2] free_mode_v_ee_desired_wired=True  (legacy path passes v_ee_desired=None; PWL path passes v_des)
[GS] start_mode=free (--prepositioned=False)
[GS] SamplingC3MPC enabled (config: config/sampling_c3_kik.yaml)
[GS]   strategy=kFaceNormal num_add_c3=3 num_add_repos=1
[GS]   w_align=30000.0  w_travel=200.0
[GS]   reposition: traj_type=kPiecewiseLinear z_safe=0.15m speed=0.4m/s
[C3] Goal: [-0.3  0. ]  |  Meshcat: http://localhost:7000
[C3] Running simulation ...
[ENV]  Sim duration overridden: max_time=1.0s
[PERSIST] step=1 refresh n_strategy=1 samples=[(-0.023, -0.08, 0.03)]
[LCS-DRAG] box translational v indices in v: [10,11,12]  c=10.00/s  per-step multiplier=(1 - c·dt)=0.5000
[SANITY] nc=1  n_tangent_per_contact=4  J_n=(1, 13)  J_t=(4, 13)
[SANITY] Tangent interpretation: 4 → polyhedral pyramid
[CONTACT 0]
  body_A=world  body_B=box_link  a_is_box=False
  nhat_BA_W (B→A): [-0. -0. -1.]
  nhat_onto_box  : [0. 0. 1.]
  p_ACa (on A)   : [0.05 0.05 0.05]
  p_BCb (on B)   : [ 0.05  0.05 -0.05]
  distance       : 0.00000 m
[SIGN] J_n[0] (first contact normal row):
       [ 0.    0.    0.    0.    0.    0.    0.    0.05 -0.05  0.    0.    0.
  1.  ]
  nhat_onto_box = [0. 0. 1.]
  → if nhat_onto_box·[1,0,0] > 0, box should accelerate eastward from λ_n
[EErel] along_push=-0.000m (neg=correct)  perp=0.001m  ee_to_box=0.001m  stage=3  obj=[0. 0.]  g_hat=[-1.  0.]
[proxy] err=0.158m  effective=[0.051 0.    0.05 ]
[DEBUG-C3+] n_contacts=1, n_lambda=6, TOT=46, total_dim=947
[DEBUG-C3+] per-step slots:  x=[0:27)  λ=[27:33)  u=[33:40)  η=[40:46)
[ADMM-C3+] primal: 6.1275->4.9328  dual: 109.1384->80.5932  mono=False  iters=25/25  rho=25.0
[ADMM-C3+] WARNING non-converged: pr=4.9328 dr=80.5932 tol=1e-03
[C3+] step=1 |u[0]|=34.28Nm u_axis=(+10.22,-26.29,-0.84,+15.92,+3.40,-10.63,-0.76)Nm λ_n_max=1.058 η_n_max=1.279 primal=4.933 iters=25/25 lcp_res_max=nan
[ADMIT-GUARD] step=1 admit_active=0 latch=0/0 ee_z=0.200 gate_cap=0
[ALT-GATE] step=1 target_stable=0/0 allow_descent=1
[GS-tgt] step=1 ee=(+0.000,-0.001,+0.200) p_repos=(-0.023,-0.080,+0.030) ee_to_target=0.189m target_label=strat_0 target_changed=Y delta=nanm
[STAGE-A-PWL] step=1 sim_t=0.010 build p_start=(+0.0001,-0.0005,+0.2001) p_target=(-0.0230,-0.0800,+0.0300) K=4 t_end=1.415
[OSC-INIT] n_arm=7 n_v=13
[OSC-INIT]   Kp_cart=[400.0, 400.0, 400.0]  Kd_cart=[40.0, 40.0, 40.0]
[OSC-INIT]   Kp_null=[10.0, 10.0, 10.0, 10.0, 10.0, 10.0, 10.0]
[OSC-INIT]   Kd_null=[3.0, 3.0, 3.0, 3.0, 3.0, 3.0, 3.0]
[OSC-INIT]   W_track=100.0  W_posture=1.0  W_torque=0.001  W_acc=0.001
[OSC-INIT]   tau_max=[87.0, 87.0, 87.0, 87.0, 12.0, 12.0, 12.0]
[OSC-INIT]   q_nominal=[0.5522, 0.325, 0.9763, -2.2462, -0.189, 3.0447, 0.785]
[OSC-INIT]   use_force_tracking=True  W_force=1.0
[IMP] step=1 mode=free |x_err|=0.0000m |tau_imp|=26.39Nm |tau_ff|=0.00Nm |tau_out|=26.39Nm sat=False lam_n=False lam_t=False
[GS] step=1 mode=free switch=kStayInRepos best_k=0 best_src=strat_0 curr_cost=133952.57 repos_cost=195929.76 best_other=195929.76 met_progress=Y steps_since_improve=0 switches=0
[STEP] step=1 mode=free t=0.010s ee=(+0.000,-0.001,+0.200) obj=(+0.000,+0.000,+0.050) goal_dist=0.300m switch=kStayInRepos target=(+0.000,-0.001,+0.200) ee_stride=0.000m ee_to_ptarget=0.189m landing_err=0.1874m ik_ok=Y ik_resid=0.0002m q_max_resid_deg=0.66 target_changed=Y retgt=N held_idx=- held_cost=- won_cost=195929.76 margin=- won_src=strat_0 held_valid=N reason=no_held setpoint_to_ptarget=nanm finished_val=0.1892m finished_thresh=0.0200m pd_resid=nanm nextwp_to_ptarget=nanm guide_terminal_err=nanm
[GATE-EVOLVE] step=1 curr=133952.57 best_other=195929.76 ratio=0.6837 ee_to_optimal=0.0749m phi=0.0751m
[STAGE-A-TRACE] step=1 sim_t=0.010 mode=free phi=0.07508 box_xy=+0.00000,+0.00000 lam_n_ee_box=nan qy=+0.00000 qz=+0.00000 finished_repos=0
  t=0.00s | ee=(0.000, -0.001, 0.200) | obj=(0.000, 0.000, 0.050) | |u|=26.39 Nm | goal_dist=0.300 m
[DRAKE-CONTACT] step=1 n_pairs=1 ee_box_normal=0.000
[GATE-CONTACT] step=1 F_W=(+0.0000,+0.0000,+0.0000) F_on_box=(-0.0000,-0.0000,-0.0000) n_face_out=(-0.0000,-0.0000,-0.0000) A_is_ee=0 box_q=(+1.00000,+0.00000,+0.00000,+0.00000) box_p=(+0.00000,+0.00000,+0.05000) ee_p=(+0.00013,-0.00051,+0.20008)
[EErel] along_push=-0.000m (neg=correct)  perp=0.001m  ee_to_box=0.001m  stage=3  obj=[-0. -0.]  g_hat=[-1.  0.]
[proxy] err=0.158m  effective=[0.051 0.    0.05 ]
[ADMM-C3+] primal: 5.7428->3.8718  dual: 74.7888->83.3043  mono=False  iters=25/25  rho=25.0
[ADMM-C3+] WARNING non-converged: pr=3.8718 dr=83.3043 tol=1e-03
[C3+] step=3 |u[0]|=34.66Nm u_axis=(+9.59,-26.91,+0.13,+16.33,+3.36,-10.34,-0.78)Nm λ_n_max=0.000 η_n_max=0.742 primal=3.872 iters=25/25 lcp_res_max=nan
[ADMIT-GUARD] step=2 admit_active=0 latch=0/0 ee_z=0.200 gate_cap=0
[ALT-GATE] step=2 target_stable=0/0 allow_descent=1
[GS-tgt] step=2 ee=(+0.000,-0.001,+0.200) p_repos=(-0.023,-0.080,+0.030) ee_to_target=0.189m target_label=prev_repos target_changed=N delta=0.000m
[IMP] step=2 mode=free |x_err|=0.0014m |tau_imp|=19.00Nm |tau_ff|=0.00Nm |tau_out|=19.00Nm sat=False lam_n=False lam_t=False
[GS] step=2 mode=free switch=kStayInRepos best_k=0 best_src=prev_repos curr_cost=156866.37 repos_cost=216071.84 best_other=216071.84 met_progress=Y steps_since_improve=0 switches=0
[STEP] step=2 mode=free t=0.020s ee=(+0.000,-0.001,+0.200) obj=(-0.000,-0.000,+0.050) goal_dist=0.300m switch=kStayInRepos target=(+0.000,-0.001,+0.198) ee_stride=0.001m ee_to_ptarget=0.189m landing_err=0.1858m ik_ok=Y ik_resid=0.0004m q_max_resid_deg=1.33 target_changed=Y retgt=N held_idx=1 held_cost=216071.84 won_cost=216071.84 margin=+0.00 won_src=prev_repos held_valid=Y reason=hold setpoint_to_ptarget=nanm finished_val=0.1888m finished_thresh=0.0200m pd_resid=nanm nextwp_to_ptarget=nanm guide_terminal_err=nanm
[GATE-EVOLVE] step=2 curr=156866.37 best_other=216071.84 ratio=0.7260 ee_to_optimal=0.0749m phi=0.0747m
[STAGE-A-TRACE] step=2 sim_t=0.020 mode=free phi=0.07473 box_xy=-0.00000,-0.00000 lam_n_ee_box=nan qy=-0.00002 qz=+0.00000 finished_repos=0
[DRAKE-CONTACT] step=2 n_pairs=1 ee_box_normal=0.000
[GATE-CONTACT] step=2 F_W=(+0.0000,+0.0000,+0.0000) F_on_box=(-0.0000,-0.0000,-0.0000) n_face_out=(-0.0000,-0.0000,-0.0000) A_is_ee=0 box_q=(+1.00000,+0.00002,-0.00002,+0.00000) box_p=(-0.00000,-0.00000,+0.04999) ee_p=(+0.00014,-0.00055,+0.19972)
[EErel] along_push=-0.000m (neg=correct)  perp=0.001m  ee_to_box=0.001m  stage=3  obj=[-0. -0.]  g_hat=[-1.  0.]
[proxy] err=0.157m  effective=[0.051 0.    0.05 ]
[ADMM-C3+] primal: 5.7461->3.8743  dual: 74.8590->83.4158  mono=False  iters=25/25  rho=25.0
[ADMM-C3+] WARNING non-converged: pr=3.8743 dr=83.4158 tol=1e-03
[C3+] step=6 |u[0]|=34.99Nm u_axis=(+9.08,-27.39,+0.86,+16.63,+3.34,-10.12,-0.79)Nm λ_n_max=0.000 η_n_max=0.740 primal=3.874 iters=25/25 lcp_res_max=nan
[ADMIT-GUARD] step=3 admit_active=0 latch=0/0 ee_z=0.199 gate_cap=0
[ALT-GATE] step=3 target_stable=0/0 allow_descent=1
[GS-tgt] step=3 ee=(+0.000,-0.001,+0.199) p_repos=(-0.023,-0.080,+0.030) ee_to_target=0.188m target_label=prev_repos target_changed=N delta=0.000m
[IMP] step=3 mode=free |x_err|=0.0023m |tau_imp|=13.49Nm |tau_ff|=0.00Nm |tau_out|=13.49Nm sat=False lam_n=False lam_t=False
[GS] step=3 mode=free switch=kStayInRepos best_k=0 best_src=prev_repos curr_cost=156676.98 repos_cost=216703.30 best_other=216703.30 met_progress=Y steps_since_improve=1 switches=0
[STEP] step=3 mode=free t=0.030s ee=(+0.000,-0.001,+0.199) obj=(-0.000,-0.000,+0.050) goal_dist=0.300m switch=kStayInRepos target=(+0.000,-0.001,+0.196) ee_stride=0.002m ee_to_ptarget=0.188m landing_err=0.1842m ik_ok=Y ik_resid=0.0008m q_max_resid_deg=2.01 target_changed=Y retgt=N held_idx=1 held_cost=216703.30 won_cost=216703.30 margin=+0.00 won_src=prev_repos held_valid=Y reason=hold setpoint_to_ptarget=nanm finished_val=0.1880m finished_thresh=0.0200m pd_resid=nanm nextwp_to_ptarget=nanm guide_terminal_err=nanm
[GATE-EVOLVE] step=3 curr=156676.98 best_other=216703.30 ratio=0.7230 ee_to_optimal=0.0749m phi=0.0738m
[STAGE-A-TRACE] step=3 sim_t=0.030 mode=free phi=0.07382 box_xy=-0.00000,-0.00000 lam_n_ee_box=nan qy=-0.00001 qz=+0.00000 finished_repos=0
[DRAKE-CONTACT] step=3 n_pairs=1 ee_box_normal=0.000
[GATE-CONTACT] step=3 F_W=(+0.0000,+0.0000,+0.0000) F_on_box=(-0.0000,-0.0000,-0.0000) n_face_out=(-0.0000,-0.0000,-0.0000) A_is_ee=0 box_q=(+1.00000,+0.00001,-0.00001,+0.00000) box_p=(-0.00000,-0.00000,+0.04999) ee_p=(+0.00015,-0.00064,+0.19881)
[EErel] along_push=-0.000m (neg=correct)  perp=0.001m  ee_to_box=0.001m  stage=3  obj=[-0. -0.]  g_hat=[-1.  0.]
[proxy] err=0.156m  effective=[0.051 0.    0.05 ]
[ADMM-C3+] primal: 5.7461->3.8743  dual: 74.8587->83.4151  mono=False  iters=25/25  rho=25.0
[ADMM-C3+] WARNING non-converged: pr=3.8743 dr=83.4151 tol=1e-03
[C3+] step=9 |u[0]|=35.33Nm u_axis=(+8.54,-27.81,+1.48,+16.97,+3.29,-9.98,-0.80)Nm λ_n_max=0.000 η_n_max=0.740 primal=3.874 iters=25/25 lcp_res_max=nan
[ADMIT-GUARD] step=4 admit_active=0 latch=0/0 ee_z=0.198 gate_cap=0
[ALT-GATE] step=4 target_stable=0/0 allow_descent=1
[GS-tgt] step=4 ee=(+0.000,-0.001,+0.198) p_repos=(-0.023,-0.080,+0.030) ee_to_target=0.187m target_label=prev_repos target_changed=N delta=0.000m
[IMP] step=4 mode=free |x_err|=0.0028m |tau_imp|=9.38Nm |tau_ff|=0.00Nm |tau_out|=9.38Nm sat=False lam_n=False lam_t=False
[GS] step=4 mode=free switch=kStayInRepos best_k=0 best_src=prev_repos curr_cost=156656.94 repos_cost=217257.69 best_other=217257.69 met_progress=Y steps_since_improve=2 switches=0
[STEP] step=4 mode=free t=0.040s ee=(+0.000,-0.001,+0.198) obj=(-0.000,-0.000,+0.050) goal_dist=0.300m switch=kStayInRepos target=(+0.000,-0.001,+0.195) ee_stride=0.003m ee_to_ptarget=0.187m landing_err=0.1827m ik_ok=Y ik_resid=0.0001m q_max_resid_deg=2.82 target_changed=Y retgt=N held_idx=1 held_cost=217257.69 won_cost=217257.69 margin=+0.00 won_src=prev_repos held_valid=Y reason=hold setpoint_to_ptarget=nanm finished_val=0.1868m finished_thresh=0.0200m pd_resid=nanm nextwp_to_ptarget=nanm guide_terminal_err=nanm
[GATE-EVOLVE] step=4 curr=156656.94 best_other=217257.69 ratio=0.7211 ee_to_optimal=0.0748m phi=0.0725m
[STAGE-A-TRACE] step=4 sim_t=0.040 mode=free phi=0.07252 box_xy=-0.00000,-0.00000 lam_n_ee_box=nan qy=-0.00001 qz=+0.00000 finished_repos=0
[DRAKE-CONTACT] step=4 n_pairs=1 ee_box_normal=0.000
[GATE-CONTACT] step=4 F_W=(+0.0000,+0.0000,+0.0000) F_on_box=(-0.0000,-0.0000,-0.0000) n_face_out=(-0.0000,-0.0000,-0.0000) A_is_ee=0 box_q=(+1.00000,+0.00001,-0.00001,+0.00000) box_p=(-0.00000,-0.00000,+0.04999) ee_p=(+0.00017,-0.00074,+0.19751)
[EErel] along_push=-0.000m (neg=correct)  perp=0.001m  ee_to_box=0.001m  stage=3  obj=[-0. -0.]  g_hat=[-1.  0.]
[proxy] err=0.155m  effective=[0.051 0.    0.05 ]
[ADMM-C3+] primal: 5.7461->3.8743  dual: 74.8587->83.4152  mono=False  iters=25/25  rho=25.0
[ADMM-C3+] WARNING non-converged: pr=3.8743 dr=83.4152 tol=1e-03
[C3+] step=12 |u[0]|=35.57Nm u_axis=(+8.01,-28.09,+2.04,+17.31,+3.20,-9.85,-0.81)Nm λ_n_max=0.000 η_n_max=0.740 primal=3.874 iters=25/25 lcp_res_max=nan
[ADMIT-GUARD] step=5 admit_active=0 latch=0/0 ee_z=0.196 gate_cap=0
[ALT-GATE] step=5 target_stable=0/0 allow_descent=1
[GS-tgt] step=5 ee=(+0.000,-0.001,+0.196) p_repos=(-0.023,-0.080,+0.030) ee_to_target=0.185m target_label=prev_repos target_changed=N delta=0.000m
[IMP] step=5 mode=free |x_err|=0.0031m |tau_imp|=6.36Nm |tau_ff|=0.00Nm |tau_out|=6.36Nm sat=False lam_n=False lam_t=False
[GS] step=5 mode=free switch=kStayInRepos best_k=0 best_src=prev_repos curr_cost=156643.60 repos_cost=217616.88 best_other=217616.88 met_progress=Y steps_since_improve=3 switches=0
[STEP] step=5 mode=free t=0.050s ee=(+0.000,-0.001,+0.196) obj=(-0.000,-0.000,+0.050) goal_dist=0.300m switch=kStayInRepos target=(+0.000,-0.001,+0.193) ee_stride=0.003m ee_to_ptarget=0.185m landing_err=0.1813m ik_ok=Y ik_resid=0.0001m q_max_resid_deg=3.55 target_changed=Y retgt=N held_idx=1 held_cost=217616.88 won_cost=217616.88 margin=+0.00 won_src=prev_repos held_valid=Y reason=hold setpoint_to_ptarget=nanm finished_val=0.1853m finished_thresh=0.0200m pd_resid=nanm nextwp_to_ptarget=nanm guide_terminal_err=nanm
[GATE-EVOLVE] step=5 curr=156643.60 best_other=217616.88 ratio=0.7198 ee_to_optimal=0.0748m phi=0.0710m
[STAGE-A-TRACE] step=5 sim_t=0.050 mode=free phi=0.07096 box_xy=-0.00000,-0.00000 lam_n_ee_box=nan qy=-0.00001 qz=+0.00000 finished_repos=0
[DRAKE-CONTACT] step=5 n_pairs=1 ee_box_normal=0.000
[GATE-CONTACT] step=5 F_W=(+0.0000,+0.0000,+0.0000) F_on_box=(-0.0000,-0.0000,-0.0000) n_face_out=(-0.0000,-0.0000,-0.0000) A_is_ee=0 box_q=(+1.00000,+0.00001,-0.00001,+0.00000) box_p=(-0.00000,-0.00000,+0.04999) ee_p=(+0.00018,-0.00084,+0.19595)
[EErel] along_push=-0.000m (neg=correct)  perp=0.001m  ee_to_box=0.001m  stage=3  obj=[-0. -0.]  g_hat=[-1.  0.]
[proxy] err=0.153m  effective=[0.051 0.    0.05 ]
[ADMM-C3+] primal: 5.7461->3.8743  dual: 74.8587->83.4151  mono=False  iters=25/25  rho=25.0
[ADMM-C3+] WARNING non-converged: pr=3.8743 dr=83.4151 tol=1e-03
[C3+] step=15 |u[0]|=35.71Nm u_axis=(+7.80,-28.38,+2.22,+17.27,+3.27,-9.70,-0.83)Nm λ_n_max=0.000 η_n_max=0.740 primal=3.874 iters=25/25 lcp_res_max=nan
[ADMIT-GUARD] step=6 admit_active=0 latch=0/0 ee_z=0.194 gate_cap=0
[ALT-GATE] step=6 target_stable=0/0 allow_descent=1
[GS-tgt] step=6 ee=(+0.000,-0.001,+0.194) p_repos=(-0.023,-0.080,+0.030) ee_to_target=0.184m target_label=prev_repos target_changed=N delta=0.000m
[GS] step=6 mode=free switch=kStayInRepos best_k=0 best_src=prev_repos curr_cost=156612.60 repos_cost=217828.18 best_other=217828.18 met_progress=Y steps_since_improve=4 switches=0
[STEP] step=6 mode=free t=0.060s ee=(+0.000,-0.001,+0.194) obj=(-0.000,-0.000,+0.050) goal_dist=0.300m switch=kStayInRepos target=(+0.000,-0.001,+0.191) ee_stride=0.003m ee_to_ptarget=0.184m landing_err=0.1800m ik_ok=Y ik_resid=0.0001m q_max_resid_deg=4.29 target_changed=Y retgt=N held_idx=1 held_cost=217828.18 won_cost=217828.18 margin=+0.00 won_src=prev_repos held_valid=Y reason=hold setpoint_to_ptarget=nanm finished_val=0.1837m finished_thresh=0.0200m pd_resid=nanm nextwp_to_ptarget=nanm guide_terminal_err=nanm
[GATE-EVOLVE] step=6 curr=156612.60 best_other=217828.18 ratio=0.7190 ee_to_optimal=0.0748m phi=0.0692m
[STAGE-A-TRACE] step=6 sim_t=0.060 mode=free phi=0.06921 box_xy=-0.00000,-0.00000 lam_n_ee_box=nan qy=-0.00001 qz=+0.00000 finished_repos=0
[DRAKE-CONTACT] step=6 n_pairs=1 ee_box_normal=0.000
[GATE-CONTACT] step=6 F_W=(+0.0000,+0.0000,+0.0000) F_on_box=(-0.0000,-0.0000,-0.0000) n_face_out=(-0.0000,-0.0000,-0.0000) A_is_ee=0 box_q=(+1.00000,+0.00001,-0.00001,+0.00000) box_p=(-0.00000,-0.00000,+0.04999) ee_p=(+0.00020,-0.00093,+0.19420)
[EErel] along_push=-0.000m (neg=correct)  perp=0.001m  ee_to_box=0.001m  stage=3  obj=[0. 0.]  g_hat=[-1. -0.]
[proxy] err=0.151m  effective=[0.052 0.    0.05 ]
[ADMM-C3+] primal: 6.1274->4.9359  dual: 109.8105->80.3187  mono=False  iters=25/25  rho=25.0
[ADMM-C3+] WARNING non-converged: pr=4.9359 dr=80.3187 tol=1e-03
[C3+] step=18 |u[0]|=35.84Nm u_axis=(+7.45,-28.57,+2.51,+17.43,+3.23,-9.57,-0.83)Nm λ_n_max=1.058 η_n_max=1.279 primal=4.936 iters=25/25 lcp_res_max=nan
[ADMIT-GUARD] step=7 admit_active=0 latch=0/0 ee_z=0.192 gate_cap=0
[ALT-GATE] step=7 target_stable=0/0 allow_descent=1
[GS-tgt] step=7 ee=(+0.000,-0.001,+0.192) p_repos=(-0.023,-0.080,+0.030) ee_to_target=0.182m target_label=prev_repos target_changed=N delta=0.000m
[GS] step=7 mode=free switch=kStayInRepos best_k=0 best_src=prev_repos curr_cost=133874.69 repos_cost=199159.27 best_other=199159.27 met_progress=Y steps_since_improve=5 switches=0
[STEP] step=7 mode=free t=0.070s ee=(+0.000,-0.001,+0.192) obj=(+0.000,+0.000,+0.050) goal_dist=0.300m switch=kStayInRepos target=(+0.000,-0.001,+0.189) ee_stride=0.003m ee_to_ptarget=0.182m landing_err=0.1787m ik_ok=Y ik_resid=0.0002m q_max_resid_deg=5.04 target_changed=Y retgt=N held_idx=1 held_cost=199159.27 won_cost=199159.27 margin=+0.00 won_src=prev_repos held_valid=Y reason=hold setpoint_to_ptarget=nanm finished_val=0.1819m finished_thresh=0.0200m pd_resid=nanm nextwp_to_ptarget=nanm guide_terminal_err=nanm
[GATE-EVOLVE] step=7 curr=133874.69 best_other=199159.27 ratio=0.6722 ee_to_optimal=0.0748m phi=0.0672m
[STAGE-A-TRACE] step=7 sim_t=0.070 mode=free phi=0.06716 box_xy=+0.00000,+0.00000 lam_n_ee_box=nan qy=+0.00001 qz=+0.00000 finished_repos=0
[DRAKE-CONTACT] step=7 n_pairs=1 ee_box_normal=0.000
[GATE-CONTACT] step=7 F_W=(+0.0000,+0.0000,+0.0000) F_on_box=(-0.0000,-0.0000,-0.0000) n_face_out=(-0.0000,-0.0000,-0.0000) A_is_ee=0 box_q=(+1.00000,-0.00001,+0.00001,+0.00000) box_p=(+0.00000,+0.00000,+0.04999) ee_p=(+0.00021,-0.00100,+0.19215)
[EErel] along_push=-0.000m (neg=correct)  perp=0.001m  ee_to_box=0.001m  stage=3  obj=[-0. -0.]  g_hat=[-1.  0.]
[proxy] err=0.150m  effective=[0.052 0.    0.05 ]
[ADMM-C3+] primal: 5.7461->3.8743  dual: 74.8587->83.4151  mono=False  iters=25/25  rho=25.0
[ADMM-C3+] WARNING non-converged: pr=3.8743 dr=83.4151 tol=1e-03
[C3+] step=21 |u[0]|=35.91Nm u_axis=(+7.16,-28.65,+2.74,+17.59,+3.17,-9.47,-0.84)Nm λ_n_max=0.000 η_n_max=0.740 primal=3.874 iters=25/25 lcp_res_max=nan
[ADMIT-GUARD] step=8 admit_active=0 latch=0/0 ee_z=0.190 gate_cap=0
[ALT-GATE] step=8 target_stable=0/0 allow_descent=1
[GS-tgt] step=8 ee=(+0.000,-0.001,+0.190) p_repos=(-0.023,-0.080,+0.030) ee_to_target=0.180m target_label=prev_repos target_changed=N delta=0.000m
[GS] step=8 mode=free switch=kStayInRepos best_k=0 best_src=prev_repos curr_cost=156578.22 repos_cost=217937.50 best_other=217937.50 met_progress=Y steps_since_improve=6 switches=0
[STEP] step=8 mode=free t=0.080s ee=(+0.000,-0.001,+0.190) obj=(-0.000,-0.000,+0.050) goal_dist=0.300m switch=kStayInRepos target=(+0.000,-0.001,+0.187) ee_stride=0.003m ee_to_ptarget=0.180m landing_err=0.1775m ik_ok=Y ik_resid=0.0002m q_max_resid_deg=5.78 target_changed=Y retgt=N held_idx=1 held_cost=217937.50 won_cost=217937.50 margin=+0.00 won_src=prev_repos held_valid=Y reason=hold setpoint_to_ptarget=nanm finished_val=0.1803m finished_thresh=0.0200m pd_resid=nanm nextwp_to_ptarget=nanm guide_terminal_err=nanm
[GATE-EVOLVE] step=8 curr=156578.22 best_other=217937.50 ratio=0.7185 ee_to_optimal=0.0748m phi=0.0654m
[STAGE-A-TRACE] step=8 sim_t=0.080 mode=free phi=0.06541 box_xy=-0.00000,-0.00000 lam_n_ee_box=nan qy=-0.00001 qz=+0.00000 finished_repos=0
[DRAKE-CONTACT] step=8 n_pairs=1 ee_box_normal=0.000
[GATE-CONTACT] step=8 F_W=(+0.0000,+0.0000,+0.0000) F_on_box=(-0.0000,-0.0000,-0.0000) n_face_out=(-0.0000,-0.0000,-0.0000) A_is_ee=0 box_q=(+1.00000,+0.00001,-0.00001,+0.00000) box_p=(-0.00000,-0.00000,+0.04999) ee_p=(+0.00022,-0.00105,+0.19040)
[EErel] along_push=-0.000m (neg=correct)  perp=0.001m  ee_to_box=0.001m  stage=3  obj=[-0. -0.]  g_hat=[-1.  0.]
[proxy] err=0.148m  effective=[0.052 0.    0.05 ]
[ADMM-C3+] primal: 5.7461->3.8743  dual: 74.8587->83.4151  mono=False  iters=25/25  rho=25.0
[ADMM-C3+] WARNING non-converged: pr=3.8743 dr=83.4151 tol=1e-03
[C3+] step=24 |u[0]|=36.20Nm u_axis=(+6.48,-28.82,+3.50,+18.18,+2.77,-9.30,-0.82)Nm λ_n_max=0.000 η_n_max=0.740 primal=3.874 iters=25/25 lcp_res_max=nan
[ADMIT-GUARD] step=9 admit_active=0 latch=0/0 ee_z=0.188 gate_cap=0
[ALT-GATE] step=9 target_stable=0/0 allow_descent=1
[GS-tgt] step=9 ee=(+0.000,-0.001,+0.188) p_repos=(-0.023,-0.080,+0.030) ee_to_target=0.179m target_label=prev_repos target_changed=N delta=0.000m
[GS] step=9 mode=free switch=kStayInRepos best_k=0 best_src=prev_repos curr_cost=156608.30 repos_cost=217904.94 best_other=217904.94 met_progress=Y steps_since_improve=7 switches=0
[STEP] step=9 mode=free t=0.090s ee=(+0.000,-0.001,+0.188) obj=(-0.000,-0.000,+0.050) goal_dist=0.300m switch=kStayInRepos target=(+0.000,-0.001,+0.186) ee_stride=0.003m ee_to_ptarget=0.179m landing_err=0.1764m ik_ok=Y ik_resid=0.0003m q_max_resid_deg=6.53 target_changed=Y retgt=N held_idx=1 held_cost=217904.94 won_cost=217904.94 margin=+0.00 won_src=prev_repos held_valid=Y reason=hold setpoint_to_ptarget=nanm finished_val=0.1785m finished_thresh=0.0200m pd_resid=nanm nextwp_to_ptarget=nanm guide_terminal_err=nanm
[GATE-EVOLVE] step=9 curr=156608.30 best_other=217904.94 ratio=0.7187 ee_to_optimal=0.0748m phi=0.0634m
[STAGE-A-TRACE] step=9 sim_t=0.090 mode=free phi=0.06343 box_xy=-0.00000,-0.00000 lam_n_ee_box=nan qy=-0.00001 qz=+0.00000 finished_repos=0
[DRAKE-CONTACT] step=9 n_pairs=1 ee_box_normal=0.000
[GATE-CONTACT] step=9 F_W=(+0.0000,+0.0000,+0.0000) F_on_box=(-0.0000,-0.0000,-0.0000) n_face_out=(-0.0000,-0.0000,-0.0000) A_is_ee=0 box_q=(+1.00000,+0.00001,-0.00001,+0.00000) box_p=(-0.00000,-0.00000,+0.04999) ee_p=(+0.00023,-0.00108,+0.18842)
[EErel] along_push=-0.000m (neg=correct)  perp=0.001m  ee_to_box=0.001m  stage=3  obj=[-0. -0.]  g_hat=[-1.  0.]
[proxy] err=0.146m  effective=[0.052 0.    0.05 ]
[ADMM-C3+] primal: 5.7461->3.8743  dual: 74.8587->83.4152  mono=False  iters=25/25  rho=25.0
[ADMM-C3+] WARNING non-converged: pr=3.8743 dr=83.4152 tol=1e-03
[C3+] step=27 |u[0]|=36.10Nm u_axis=(+6.64,-28.94,+3.21,+17.81,+3.01,-9.18,-0.84)Nm λ_n_max=0.000 η_n_max=0.740 primal=3.874 iters=25/25 lcp_res_max=nan
[ADMIT-GUARD] step=10 admit_active=0 latch=0/0 ee_z=0.186 gate_cap=0
[ALT-GATE] step=10 target_stable=0/0 allow_descent=1
[GS-tgt] step=10 ee=(+0.000,-0.001,+0.186) p_repos=(-0.023,-0.080,+0.030) ee_to_target=0.177m target_label=prev_repos target_changed=N delta=0.000m
[IMP] step=10 mode=free |x_err|=0.0026m |tau_imp|=1.57Nm |tau_ff|=0.00Nm |tau_out|=1.57Nm sat=False lam_n=False lam_t=False
[GS] step=10 mode=free switch=kStayInRepos best_k=0 best_src=prev_repos curr_cost=156553.21 repos_cost=217832.14 best_other=217832.14 met_progress=Y steps_since_improve=8 switches=0
[STEP] step=10 mode=free t=0.100s ee=(+0.000,-0.001,+0.186) obj=(-0.000,-0.000,+0.050) goal_dist=0.300m switch=kStayInRepos target=(+0.000,-0.001,+0.184) ee_stride=0.003m ee_to_ptarget=0.177m landing_err=0.1754m ik_ok=Y ik_resid=0.0003m q_max_resid_deg=7.37 target_changed=Y retgt=N held_idx=1 held_cost=217832.14 won_cost=217832.14 margin=+0.00 won_src=prev_repos held_valid=Y reason=hold setpoint_to_ptarget=nanm finished_val=0.1767m finished_thresh=0.0200m pd_resid=nanm nextwp_to_ptarget=nanm guide_terminal_err=nanm
[GATE-EVOLVE] step=10 curr=156553.21 best_other=217832.14 ratio=0.7187 ee_to_optimal=0.0748m phi=0.0614m
[STAGE-A-TRACE] step=10 sim_t=0.100 mode=free phi=0.06143 box_xy=-0.00000,-0.00000 lam_n_ee_box=nan qy=-0.00001 qz=+0.00000 finished_repos=0
[DRAKE-CONTACT] step=10 n_pairs=1 ee_box_normal=0.000
[GATE-CONTACT] step=10 F_W=(+0.0000,+0.0000,+0.0000) F_on_box=(-0.0000,-0.0000,-0.0000) n_face_out=(-0.0000,-0.0000,-0.0000) A_is_ee=0 box_q=(+1.00000,+0.00001,-0.00001,+0.00000) box_p=(-0.00000,-0.00000,+0.04999) ee_p=(+0.00023,-0.00110,+0.18642)
[EErel] along_push=-0.000m (neg=correct)  perp=0.001m  ee_to_box=0.001m  stage=3  obj=[-0. -0.]  g_hat=[-1.  0.]
[proxy] err=0.144m  effective=[0.052 0.    0.05 ]
[ADMM-C3+] primal: 5.7461->3.8743  dual: 74.8587->83.4152  mono=False  iters=25/25  rho=25.0
[ADMM-C3+] WARNING non-converged: pr=3.8743 dr=83.4152 tol=1e-03
[C3+] step=30 |u[0]|=36.13Nm u_axis=(+6.55,-29.05,+3.23,+17.78,+3.04,-9.07,-0.85)Nm λ_n_max=0.000 η_n_max=0.740 primal=3.874 iters=25/25 lcp_res_max=nan
[ADMIT-GUARD] step=11 admit_active=0 latch=0/0 ee_z=0.184 gate_cap=0
[ALT-GATE] step=11 target_stable=0/0 allow_descent=1
[GS-tgt] step=11 ee=(+0.000,-0.001,+0.184) p_repos=(-0.023,-0.080,+0.030) ee_to_target=0.175m target_label=prev_repos target_changed=N delta=0.000m
[GS] step=11 mode=free switch=kStayInRepos best_k=0 best_src=prev_repos curr_cost=156527.19 repos_cost=217733.25 best_other=217733.25 met_progress=Y steps_since_improve=9 switches=0
[STEP] step=11 mode=free t=0.110s ee=(+0.000,-0.001,+0.184) obj=(-0.000,-0.000,+0.050) goal_dist=0.300m switch=kStayInRepos target=(+0.000,-0.001,+0.182) ee_stride=0.002m ee_to_ptarget=0.175m landing_err=0.1744m ik_ok=Y ik_resid=0.0004m q_max_resid_deg=8.24 target_changed=Y retgt=N held_idx=1 held_cost=217733.25 won_cost=217733.25 margin=+0.00 won_src=prev_repos held_valid=Y reason=hold setpoint_to_ptarget=nanm finished_val=0.1750m finished_thresh=0.0200m pd_resid=nanm nextwp_to_ptarget=nanm guide_terminal_err=nanm
[GATE-EVOLVE] step=11 curr=156527.19 best_other=217733.25 ratio=0.7189 ee_to_optimal=0.0748m phi=0.0594m
[STAGE-A-TRACE] step=11 sim_t=0.110 mode=free phi=0.05942 box_xy=-0.00000,-0.00000 lam_n_ee_box=nan qy=-0.00001 qz=+0.00000 finished_repos=0
[DRAKE-CONTACT] step=11 n_pairs=1 ee_box_normal=0.000
[GATE-CONTACT] step=11 F_W=(+0.0000,+0.0000,+0.0000) F_on_box=(-0.0000,-0.0000,-0.0000) n_face_out=(-0.0000,-0.0000,-0.0000) A_is_ee=0 box_q=(+1.00000,+0.00001,-0.00001,+0.00000) box_p=(-0.00000,-0.00000,+0.04999) ee_p=(+0.00023,-0.00110,+0.18441)
[EErel] along_push=-0.000m (neg=correct)  perp=0.001m  ee_to_box=0.001m  stage=3  obj=[-0. -0.]  g_hat=[-1.  0.]
[proxy] err=0.142m  effective=[0.052 0.    0.05 ]
[ADMM-C3+] primal: 5.7461->3.8743  dual: 74.8587->83.4153  mono=False  iters=25/25  rho=25.0
[ADMM-C3+] WARNING non-converged: pr=3.8743 dr=83.4153 tol=1e-03
[C3+] step=33 |u[0]|=36.17Nm u_axis=(+6.40,-29.14,+3.33,+17.81,+3.02,-8.94,-0.85)Nm λ_n_max=0.000 η_n_max=0.740 primal=3.874 iters=25/25 lcp_res_max=nan
[ADMIT-GUARD] step=12 admit_active=0 latch=0/0 ee_z=0.182 gate_cap=0
[ALT-GATE] step=12 target_stable=0/0 allow_descent=1
[GS-tgt] step=12 ee=(+0.000,-0.001,+0.182) p_repos=(-0.023,-0.080,+0.030) ee_to_target=0.173m target_label=prev_repos target_changed=N delta=0.000m
[GS] step=12 mode=free switch=kStayInRepos best_k=0 best_src=prev_repos curr_cost=156509.20 repos_cost=217619.01 best_other=217619.01 met_progress=Y steps_since_improve=10 switches=0
[STEP] step=12 mode=free t=0.120s ee=(+0.000,-0.001,+0.182) obj=(-0.000,-0.000,+0.050) goal_dist=0.300m switch=kStayInRepos target=(+0.000,-0.001,+0.180) ee_stride=0.002m ee_to_ptarget=0.173m landing_err=0.1736m ik_ok=Y ik_resid=0.0004m q_max_resid_deg=9.12 target_changed=Y retgt=N held_idx=1 held_cost=217619.01 won_cost=217619.01 margin=+0.00 won_src=prev_repos held_valid=Y reason=hold setpoint_to_ptarget=nanm finished_val=0.1732m finished_thresh=0.0200m pd_resid=nanm nextwp_to_ptarget=nanm guide_terminal_err=nanm
[GATE-EVOLVE] step=12 curr=156509.20 best_other=217619.01 ratio=0.7192 ee_to_optimal=0.0748m phi=0.0574m
[STAGE-A-TRACE] step=12 sim_t=0.120 mode=free phi=0.05742 box_xy=-0.00000,-0.00000 lam_n_ee_box=nan qy=-0.00001 qz=+0.00000 finished_repos=0
[DRAKE-CONTACT] step=12 n_pairs=1 ee_box_normal=0.000
[GATE-CONTACT] step=12 F_W=(+0.0000,+0.0000,+0.0000) F_on_box=(-0.0000,-0.0000,-0.0000) n_face_out=(-0.0000,-0.0000,-0.0000) A_is_ee=0 box_q=(+1.00000,+0.00001,-0.00001,+0.00000) box_p=(-0.00000,-0.00000,+0.04999) ee_p=(+0.00024,-0.00110,+0.18241)
[EErel] along_push=-0.000m (neg=correct)  perp=0.001m  ee_to_box=0.001m  stage=3  obj=[-0. -0.]  g_hat=[-1.  0.]
[proxy] err=0.140m  effective=[0.052 0.    0.05 ]
[ADMM-C3+] primal: 5.7461->3.8743  dual: 74.8587->83.4151  mono=False  iters=25/25  rho=25.0
[ADMM-C3+] WARNING non-converged: pr=3.8743 dr=83.4151 tol=1e-03
[C3+] step=36 |u[0]|=36.19Nm u_axis=(+6.26,-29.19,+3.41,+17.87,+3.00,-8.83,-0.86)Nm λ_n_max=0.000 η_n_max=0.740 primal=3.874 iters=25/25 lcp_res_max=nan
[ADMIT-GUARD] step=13 admit_active=0 latch=0/0 ee_z=0.180 gate_cap=0
[ALT-GATE] step=13 target_stable=0/0 allow_descent=1
[GS-tgt] step=13 ee=(+0.000,-0.001,+0.180) p_repos=(-0.023,-0.080,+0.030) ee_to_target=0.171m target_label=prev_repos target_changed=N delta=0.000m
[GS] step=13 mode=free switch=kStayInRepos best_k=0 best_src=prev_repos curr_cost=156489.59 repos_cost=217497.43 best_other=217497.43 met_progress=Y steps_since_improve=11 switches=0
[STEP] step=13 mode=free t=0.130s ee=(+0.000,-0.001,+0.180) obj=(-0.000,-0.000,+0.050) goal_dist=0.300m switch=kStayInRepos target=(+0.000,-0.001,+0.178) ee_stride=0.002m ee_to_ptarget=0.171m landing_err=0.1728m ik_ok=Y ik_resid=0.0005m q_max_resid_deg=10.00 target_changed=Y retgt=N held_idx=1 held_cost=217497.43 won_cost=217497.43 margin=+0.00 won_src=prev_repos held_valid=Y reason=hold setpoint_to_ptarget=nanm finished_val=0.1714m finished_thresh=0.0200m pd_resid=nanm nextwp_to_ptarget=nanm guide_terminal_err=nanm
[GATE-EVOLVE] step=13 curr=156489.59 best_other=217497.43 ratio=0.7195 ee_to_optimal=0.0748m phi=0.0554m
[STAGE-A-TRACE] step=13 sim_t=0.130 mode=free phi=0.05542 box_xy=-0.00000,-0.00000 lam_n_ee_box=nan qy=-0.00001 qz=+0.00000 finished_repos=0
[DRAKE-CONTACT] step=13 n_pairs=1 ee_box_normal=0.000
[GATE-CONTACT] step=13 F_W=(+0.0000,+0.0000,+0.0000) F_on_box=(-0.0000,-0.0000,-0.0000) n_face_out=(-0.0000,-0.0000,-0.0000) A_is_ee=0 box_q=(+1.00000,+0.00001,-0.00001,+0.00000) box_p=(-0.00000,-0.00000,+0.04999) ee_p=(+0.00024,-0.00110,+0.18041)
[EErel] along_push=-0.000m (neg=correct)  perp=0.001m  ee_to_box=0.001m  stage=3  obj=[-0. -0.]  g_hat=[-1.  0.]
[proxy] err=0.138m  effective=[0.052 0.    0.05 ]
[ADMM-C3+] primal: 5.7461->3.8743  dual: 74.8587->83.4152  mono=False  iters=25/25  rho=25.0
[ADMM-C3+] WARNING non-converged: pr=3.8743 dr=83.4152 tol=1e-03
[C3+] step=39 |u[0]|=36.23Nm u_axis=(+6.13,-29.25,+3.46,+17.93,+2.99,-8.74,-0.86)Nm λ_n_max=0.000 η_n_max=0.740 primal=3.874 iters=25/25 lcp_res_max=nan
[ADMIT-GUARD] step=14 admit_active=0 latch=0/0 ee_z=0.178 gate_cap=0
[ALT-GATE] step=14 target_stable=0/0 allow_descent=1
[GS-tgt] step=14 ee=(+0.000,-0.001,+0.178) p_repos=(-0.023,-0.080,+0.030) ee_to_target=0.170m target_label=prev_repos target_changed=N delta=0.000m
[GS] step=14 mode=free switch=kStayInRepos best_k=0 best_src=prev_repos curr_cost=156469.73 repos_cost=217374.43 best_other=217374.43 met_progress=Y steps_since_improve=12 switches=0
[STEP] step=14 mode=free t=0.140s ee=(+0.000,-0.001,+0.178) obj=(-0.000,-0.000,+0.050) goal_dist=0.300m switch=kStayInRepos target=(+0.000,-0.001,+0.177) ee_stride=0.002m ee_to_ptarget=0.170m landing_err=0.1722m ik_ok=Y ik_resid=0.0006m q_max_resid_deg=10.89 target_changed=Y retgt=N held_idx=1 held_cost=217374.43 won_cost=217374.43 margin=+0.00 won_src=prev_repos held_valid=Y reason=hold setpoint_to_ptarget=nanm finished_val=0.1697m finished_thresh=0.0200m pd_resid=nanm nextwp_to_ptarget=nanm guide_terminal_err=nanm
[GATE-EVOLVE] step=14 curr=156469.73 best_other=217374.43 ratio=0.7198 ee_to_optimal=0.0748m phi=0.0534m
[STAGE-A-TRACE] step=14 sim_t=0.140 mode=free phi=0.05343 box_xy=-0.00000,-0.00000 lam_n_ee_box=nan qy=-0.00001 qz=+0.00000 finished_repos=0
[DRAKE-CONTACT] step=14 n_pairs=1 ee_box_normal=0.000
[GATE-CONTACT] step=14 F_W=(+0.0000,+0.0000,+0.0000) F_on_box=(-0.0000,-0.0000,-0.0000) n_face_out=(-0.0000,-0.0000,-0.0000) A_is_ee=0 box_q=(+1.00000,+0.00001,-0.00001,+0.00000) box_p=(-0.00000,-0.00000,+0.04999) ee_p=(+0.00023,-0.00108,+0.17843)
[EErel] along_push=-0.000m (neg=correct)  perp=0.001m  ee_to_box=0.001m  stage=3  obj=[-0. -0.]  g_hat=[-1.  0.]
[proxy] err=0.137m  effective=[0.052 0.    0.05 ]
[ADMM-C3+] primal: 5.7461->3.8743  dual: 74.8587->83.4152  mono=False  iters=25/25  rho=25.0
[ADMM-C3+] WARNING non-converged: pr=3.8743 dr=83.4152 tol=1e-03
[C3+] step=42 |u[0]|=36.25Nm u_axis=(+6.06,-29.35,+3.49,+17.89,+2.99,-8.60,-0.87)Nm λ_n_max=0.000 η_n_max=0.740 primal=3.874 iters=25/25 lcp_res_max=nan
[ADMIT-GUARD] step=15 admit_active=0 latch=0/0 ee_z=0.176 gate_cap=0
[ALT-GATE] step=15 target_stable=0/0 allow_descent=1
[GS-tgt] step=15 ee=(+0.000,-0.001,+0.176) p_repos=(-0.023,-0.080,+0.030) ee_to_target=0.168m target_label=prev_repos target_changed=N delta=0.000m
[GS] step=15 mode=free switch=kStayInRepos best_k=0 best_src=prev_repos curr_cost=156448.80 repos_cost=217254.28 best_other=217254.28 met_progress=Y steps_since_improve=13 switches=0
[STEP] step=15 mode=free t=0.150s ee=(+0.000,-0.001,+0.176) obj=(-0.000,-0.000,+0.050) goal_dist=0.300m switch=kStayInRepos target=(+0.000,-0.001,+0.175) ee_stride=0.002m ee_to_ptarget=0.168m landing_err=0.1716m ik_ok=Y ik_resid=0.0007m q_max_resid_deg=11.79 target_changed=Y retgt=N held_idx=1 held_cost=217254.28 won_cost=217254.28 margin=+0.00 won_src=prev_repos held_valid=Y reason=hold setpoint_to_ptarget=nanm finished_val=0.1680m finished_thresh=0.0200m pd_resid=nanm nextwp_to_ptarget=nanm guide_terminal_err=nanm
[GATE-EVOLVE] step=15 curr=156448.80 best_other=217254.28 ratio=0.7201 ee_to_optimal=0.0748m phi=0.0515m
[STAGE-A-TRACE] step=15 sim_t=0.150 mode=free phi=0.05147 box_xy=-0.00000,-0.00000 lam_n_ee_box=nan qy=-0.00001 qz=+0.00000 finished_repos=0
[DRAKE-CONTACT] step=15 n_pairs=1 ee_box_normal=0.000
[GATE-CONTACT] step=15 F_W=(+0.0000,+0.0000,+0.0000) F_on_box=(-0.0000,-0.0000,-0.0000) n_face_out=(-0.0000,-0.0000,-0.0000) A_is_ee=0 box_q=(+1.00000,+0.00001,-0.00001,+0.00000) box_p=(-0.00000,-0.00000,+0.04999) ee_p=(+0.00023,-0.00107,+0.17646)
[EErel] along_push=-0.000m (neg=correct)  perp=0.001m  ee_to_box=0.001m  stage=3  obj=[-0. -0.]  g_hat=[-1.  0.]
[proxy] err=0.135m  effective=[0.052 0.    0.05 ]
[ADMM-C3+] primal: 5.7461->3.8743  dual: 74.8587->83.4152  mono=False  iters=25/25  rho=25.0
[ADMM-C3+] WARNING non-converged: pr=3.8743 dr=83.4152 tol=1e-03
[C3+] step=45 |u[0]|=36.31Nm u_axis=(+5.85,-29.38,+3.67,+18.05,+2.90,-8.49,-0.87)Nm λ_n_max=0.000 η_n_max=0.740 primal=3.874 iters=25/25 lcp_res_max=nan
[ADMIT-GUARD] step=16 admit_active=0 latch=0/0 ee_z=0.175 gate_cap=0
[ALT-GATE] step=16 target_stable=0/0 allow_descent=1
[GS-tgt] step=16 ee=(+0.000,-0.001,+0.175) p_repos=(-0.023,-0.080,+0.030) ee_to_target=0.166m target_label=prev_repos target_changed=N delta=0.000m
[GS] step=16 mode=free switch=kStayInRepos best_k=0 best_src=prev_repos curr_cost=156441.21 repos_cost=217139.97 best_other=217139.97 met_progress=Y steps_since_improve=14 switches=0
[STEP] step=16 mode=free t=0.160s ee=(+0.000,-0.001,+0.175) obj=(-0.000,-0.000,+0.050) goal_dist=0.300m switch=kStayInRepos target=(+0.000,-0.001,+0.173) ee_stride=0.002m ee_to_ptarget=0.166m landing_err=0.1711m ik_ok=Y ik_resid=0.0008m q_max_resid_deg=12.69 target_changed=Y retgt=N held_idx=1 held_cost=217139.97 won_cost=217139.97 margin=+0.00 won_src=prev_repos held_valid=Y reason=hold setpoint_to_ptarget=nanm finished_val=0.1663m finished_thresh=0.0200m pd_resid=nanm nextwp_to_ptarget=nanm guide_terminal_err=nanm
[GATE-EVOLVE] step=16 curr=156441.21 best_other=217139.97 ratio=0.7205 ee_to_optimal=0.0748m phi=0.0495m
[STAGE-A-TRACE] step=16 sim_t=0.160 mode=free phi=0.04951 box_xy=-0.00000,-0.00000 lam_n_ee_box=nan qy=-0.00001 qz=+0.00000 finished_repos=0
[DRAKE-CONTACT] step=16 n_pairs=1 ee_box_normal=0.000
[GATE-CONTACT] step=16 F_W=(+0.0000,+0.0000,+0.0000) F_on_box=(-0.0000,-0.0000,-0.0000) n_face_out=(-0.0000,-0.0000,-0.0000) A_is_ee=0 box_q=(+1.00000,+0.00001,-0.00001,+0.00000) box_p=(-0.00000,-0.00000,+0.04999) ee_p=(+0.00023,-0.00105,+0.17450)
[EErel] along_push=-0.000m (neg=correct)  perp=0.001m  ee_to_box=0.001m  stage=3  obj=[-0. -0.]  g_hat=[-1.  0.]
[proxy] err=0.133m  effective=[0.052 0.    0.05 ]
[ADMM-C3+] primal: 5.7461->3.8743  dual: 74.8587->83.4152  mono=False  iters=25/25  rho=25.0
[ADMM-C3+] WARNING non-converged: pr=3.8743 dr=83.4152 tol=1e-03
[C3+] step=48 |u[0]|=36.33Nm u_axis=(+5.81,-29.47,+3.66,+18.01,+2.92,-8.38,-0.88)Nm λ_n_max=0.000 η_n_max=0.740 primal=3.874 iters=25/25 lcp_res_max=nan
[ADMIT-GUARD] step=17 admit_active=0 latch=0/0 ee_z=0.173 gate_cap=0
[ALT-GATE] step=17 target_stable=0/0 allow_descent=1
[GS-tgt] step=17 ee=(+0.000,-0.001,+0.173) p_repos=(-0.023,-0.080,+0.030) ee_to_target=0.165m target_label=prev_repos target_changed=N delta=0.000m
[GS] step=17 mode=free switch=kStayInRepos best_k=0 best_src=prev_repos curr_cost=156417.98 repos_cost=217033.55 best_other=217033.55 met_progress=Y steps_since_improve=15 switches=0
[STEP] step=17 mode=free t=0.170s ee=(+0.000,-0.001,+0.173) obj=(-0.000,-0.000,+0.050) goal_dist=0.300m switch=kStayInRepos target=(+0.000,-0.001,+0.171) ee_stride=0.001m ee_to_ptarget=0.165m landing_err=0.1707m ik_ok=Y ik_resid=0.0010m q_max_resid_deg=13.61 target_changed=Y retgt=N held_idx=1 held_cost=217033.55 won_cost=217033.55 margin=+0.00 won_src=prev_repos held_valid=Y reason=hold setpoint_to_ptarget=nanm finished_val=0.1646m finished_thresh=0.0200m pd_resid=nanm nextwp_to_ptarget=nanm guide_terminal_err=nanm
[GATE-EVOLVE] step=17 curr=156417.98 best_other=217033.55 ratio=0.7207 ee_to_optimal=0.0748m phi=0.0476m
[STAGE-A-TRACE] step=17 sim_t=0.170 mode=free phi=0.04758 box_xy=-0.00000,-0.00000 lam_n_ee_box=nan qy=-0.00001 qz=+0.00000 finished_repos=0
[DRAKE-CONTACT] step=17 n_pairs=1 ee_box_normal=0.000
[GATE-CONTACT] step=17 F_W=(+0.0000,+0.0000,+0.0000) F_on_box=(-0.0000,-0.0000,-0.0000) n_face_out=(-0.0000,-0.0000,-0.0000) A_is_ee=0 box_q=(+1.00000,+0.00001,-0.00001,+0.00000) box_p=(-0.00000,-0.00000,+0.04999) ee_p=(+0.00023,-0.00103,+0.17257)
[EErel] along_push=-0.000m (neg=correct)  perp=0.001m  ee_to_box=0.001m  stage=3  obj=[-0. -0.]  g_hat=[-1.  0.]
[proxy] err=0.131m  effective=[0.052 0.    0.05 ]
[ADMM-C3+] primal: 5.7461->3.8743  dual: 74.8587->83.4152  mono=False  iters=25/25  rho=25.0
[ADMM-C3+] WARNING non-converged: pr=3.8743 dr=83.4152 tol=1e-03
[C3+] step=51 |u[0]|=36.36Nm u_axis=(+5.71,-29.54,+3.73,+18.04,+2.90,-8.26,-0.88)Nm λ_n_max=0.000 η_n_max=0.740 primal=3.874 iters=25/25 lcp_res_max=nan
[ADMIT-GUARD] step=18 admit_active=0 latch=0/0 ee_z=0.171 gate_cap=0
[ALT-GATE] step=18 target_stable=0/0 allow_descent=1
[GS-tgt] step=18 ee=(+0.000,-0.001,+0.171) p_repos=(-0.023,-0.080,+0.030) ee_to_target=0.163m target_label=prev_repos target_changed=N delta=0.000m
[GS] step=18 mode=free switch=kStayInRepos best_k=0 best_src=prev_repos curr_cost=156402.25 repos_cost=216936.35 best_other=216936.35 met_progress=Y steps_since_improve=16 switches=0
[STEP] step=18 mode=free t=0.180s ee=(+0.000,-0.001,+0.171) obj=(-0.000,-0.000,+0.050) goal_dist=0.300m switch=kStayInRepos target=(+0.000,-0.001,+0.169) ee_stride=0.001m ee_to_ptarget=0.163m landing_err=0.1704m ik_ok=Y ik_resid=0.0001m q_max_resid_deg=14.75 target_changed=Y retgt=N held_idx=1 held_cost=216936.35 won_cost=216936.35 margin=+0.00 won_src=prev_repos held_valid=Y reason=hold setpoint_to_ptarget=nanm finished_val=0.1630m finished_thresh=0.0200m pd_resid=nanm nextwp_to_ptarget=nanm guide_terminal_err=nanm
[GATE-EVOLVE] step=18 curr=156402.25 best_other=216936.35 ratio=0.7210 ee_to_optimal=0.0748m phi=0.0457m
[STAGE-A-TRACE] step=18 sim_t=0.180 mode=free phi=0.04565 box_xy=-0.00000,-0.00000 lam_n_ee_box=nan qy=-0.00001 qz=+0.00000 finished_repos=0
[DRAKE-CONTACT] step=18 n_pairs=1 ee_box_normal=0.000
[GATE-CONTACT] step=18 F_W=(+0.0000,+0.0000,+0.0000) F_on_box=(-0.0000,-0.0000,-0.0000) n_face_out=(-0.0000,-0.0000,-0.0000) A_is_ee=0 box_q=(+1.00000,+0.00001,-0.00001,+0.00000) box_p=(-0.00000,-0.00000,+0.04999) ee_p=(+0.00023,-0.00102,+0.17065)
[EErel] along_push=-0.000m (neg=correct)  perp=0.001m  ee_to_box=0.001m  stage=3  obj=[0. 0.]  g_hat=[-1. -0.]
[proxy] err=0.129m  effective=[0.052 0.    0.05 ]
[ADMM-C3+] primal: 6.1274->4.9359  dual: 109.8105->80.3187  mono=False  iters=25/25  rho=25.0
[ADMM-C3+] WARNING non-converged: pr=4.9359 dr=80.3187 tol=1e-03
[C3+] step=54 |u[0]|=36.42Nm u_axis=(+5.58,-29.62,+3.82,+18.11,+2.87,-8.14,-0.88)Nm λ_n_max=1.058 η_n_max=1.279 primal=4.936 iters=25/25 lcp_res_max=nan
[ADMIT-GUARD] step=19 admit_active=0 latch=0/0 ee_z=0.169 gate_cap=0
[ALT-GATE] step=19 target_stable=0/0 allow_descent=1
[GS-tgt] step=19 ee=(+0.000,-0.001,+0.169) p_repos=(-0.023,-0.080,+0.030) ee_to_target=0.161m target_label=prev_repos target_changed=N delta=0.000m
[GS] step=19 mode=free switch=kStayInRepos best_k=0 best_src=prev_repos curr_cost=133670.20 repos_cost=198060.69 best_other=198060.69 met_progress=Y steps_since_improve=17 switches=0
[STEP] step=19 mode=free t=0.190s ee=(+0.000,-0.001,+0.169) obj=(+0.000,+0.000,+0.050) goal_dist=0.300m switch=kStayInRepos target=(+0.000,-0.001,+0.168) ee_stride=0.001m ee_to_ptarget=0.161m landing_err=0.1702m ik_ok=Y ik_resid=0.0001m q_max_resid_deg=15.74 target_changed=Y retgt=N held_idx=1 held_cost=198060.69 won_cost=198060.69 margin=+0.00 won_src=prev_repos held_valid=Y reason=hold setpoint_to_ptarget=nanm finished_val=0.1612m finished_thresh=0.0200m pd_resid=nanm nextwp_to_ptarget=nanm guide_terminal_err=nanm
[GATE-EVOLVE] step=19 curr=133670.20 best_other=198060.69 ratio=0.6749 ee_to_optimal=0.0748m phi=0.0436m
[STAGE-A-TRACE] step=19 sim_t=0.190 mode=free phi=0.04356 box_xy=+0.00000,+0.00000 lam_n_ee_box=nan qy=+0.00001 qz=+0.00000 finished_repos=0
[DRAKE-CONTACT] step=19 n_pairs=1 ee_box_normal=0.000
[GATE-CONTACT] step=19 F_W=(+0.0000,+0.0000,+0.0000) F_on_box=(-0.0000,-0.0000,-0.0000) n_face_out=(-0.0000,-0.0000,-0.0000) A_is_ee=0 box_q=(+1.00000,-0.00001,+0.00001,+0.00000) box_p=(+0.00000,+0.00000,+0.04999) ee_p=(+0.00022,-0.00100,+0.16855)
[EErel] along_push=-0.000m (neg=correct)  perp=0.001m  ee_to_box=0.001m  stage=3  obj=[0. 0.]  g_hat=[-1. -0.]
[proxy] err=0.127m  effective=[0.052 0.    0.05 ]
[ADMM-C3+] primal: 6.1274->4.9359  dual: 109.8105->80.3187  mono=False  iters=25/25  rho=25.0
[ADMM-C3+] WARNING non-converged: pr=4.9359 dr=80.3187 tol=1e-03
[C3+] step=57 |u[0]|=36.46Nm u_axis=(+5.47,-29.67,+3.89,+18.17,+2.84,-8.03,-0.89)Nm λ_n_max=1.058 η_n_max=1.279 primal=4.936 iters=25/25 lcp_res_max=nan
[ADMIT-GUARD] step=20 admit_active=0 latch=0/0 ee_z=0.167 gate_cap=0
[ALT-GATE] step=20 target_stable=0/0 allow_descent=1
[GS-tgt] step=20 ee=(+0.000,-0.001,+0.167) p_repos=(-0.023,-0.080,+0.030) ee_to_target=0.160m target_label=prev_repos target_changed=N delta=0.000m
[IMP] step=20 mode=free |x_err|=0.0009m |tau_imp|=1.49Nm |tau_ff|=0.00Nm |tau_out|=1.49Nm sat=False lam_n=False lam_t=False
[GS] step=20 mode=free switch=kStayInRepos best_k=0 best_src=prev_repos curr_cost=133656.45 repos_cost=197971.50 best_other=197971.50 met_progress=Y steps_since_improve=18 switches=0
[STEP] step=20 mode=free t=0.200s ee=(+0.000,-0.001,+0.167) obj=(+0.000,+0.000,+0.050) goal_dist=0.300m switch=kStayInRepos target=(+0.000,-0.001,+0.166) ee_stride=0.001m ee_to_ptarget=0.160m landing_err=0.1701m ik_ok=Y ik_resid=0.0001m q_max_resid_deg=16.71 target_changed=Y retgt=N held_idx=1 held_cost=197971.50 won_cost=197971.50 margin=+0.00 won_src=prev_repos held_valid=Y reason=hold setpoint_to_ptarget=nanm finished_val=0.1596m finished_thresh=0.0200m pd_resid=nanm nextwp_to_ptarget=nanm guide_terminal_err=nanm
[GATE-EVOLVE] step=20 curr=133656.45 best_other=197971.50 ratio=0.6751 ee_to_optimal=0.0748m phi=0.0417m
[STAGE-A-TRACE] step=20 sim_t=0.200 mode=free phi=0.04167 box_xy=+0.00000,+0.00000 lam_n_ee_box=nan qy=+0.00001 qz=+0.00000 finished_repos=0
[GS-table] step=20
  k=0 (current   ) pos=(+0.000,-0.001,+0.167) c_C3= 133656.45 align=0.0000(bonus=    0.00) rot=+0.0000(bonus=    0.00) travel=0.000m(pen=  0.00) c_sample= 133656.45 feas=Y ik_err=0.0000m  ← WIN
  k=1 (prev_repos) pos=(-0.023,-0.080,+0.030) c_C3= 197939.59 align=0.0000(bonus=    0.00) rot=+0.0000(bonus=    0.00) travel=0.160m(pen= 31.91) c_sample= 197971.50 feas=Y ik_err=0.0001m
  k=2 (strat_0   ) pos=(-0.023,-0.080,+0.030) c_C3= 197939.59 align=0.0000(bonus=    0.00) rot=+0.0000(bonus=    0.00) travel=0.160m(pen= 31.91) c_sample= 197971.50 feas=Y ik_err=0.0001m
[DRAKE-CONTACT] step=20 n_pairs=1 ee_box_normal=0.000
[GATE-CONTACT] step=20 F_W=(+0.0000,+0.0000,+0.0000) F_on_box=(-0.0000,-0.0000,-0.0000) n_face_out=(-0.0000,-0.0000,-0.0000) A_is_ee=0 box_q=(+1.00000,-0.00001,+0.00001,+0.00000) box_p=(+0.00000,+0.00000,+0.04999) ee_p=(+0.00022,-0.00099,+0.16666)
[EErel] along_push=-0.000m (neg=correct)  perp=0.001m  ee_to_box=0.001m  stage=3  obj=[0. 0.]  g_hat=[-1. -0.]
[proxy] err=0.126m  effective=[0.052 0.    0.05 ]
[ADMM-C3+] primal: 6.1274->4.9359  dual: 109.8105->80.3187  mono=False  iters=25/25  rho=25.0
[ADMM-C3+] WARNING non-converged: pr=4.9359 dr=80.3187 tol=1e-03
[C3+] step=60 |u[0]|=36.53Nm u_axis=(+5.31,-29.70,+4.03,+18.34,+2.77,-7.95,-0.89)Nm λ_n_max=1.058 η_n_max=1.279 primal=4.936 iters=25/25 lcp_res_max=nan
[ADMIT-GUARD] step=21 admit_active=0 latch=0/0 ee_z=0.165 gate_cap=0
[ALT-GATE] step=21 target_stable=0/0 allow_descent=1
[GS-tgt] step=21 ee=(+0.000,-0.001,+0.165) p_repos=(-0.023,-0.080,+0.030) ee_to_target=0.158m target_label=prev_repos target_changed=N delta=0.000m
[GS] step=21 mode=free switch=kStayInRepos best_k=0 best_src=prev_repos curr_cost=133648.73 repos_cost=197897.85 best_other=197897.85 met_progress=Y steps_since_improve=19 switches=0
[STEP] step=21 mode=free t=0.210s ee=(+0.000,-0.001,+0.165) obj=(+0.000,+0.000,+0.050) goal_dist=0.300m switch=kStayInRepos target=(+0.000,-0.001,+0.164) ee_stride=0.001m ee_to_ptarget=0.158m landing_err=0.1661m ik_ok=Y ik_resid=0.0001m q_max_resid_deg=16.61 target_changed=Y retgt=N held_idx=1 held_cost=197897.85 won_cost=197897.85 margin=+0.00 won_src=prev_repos held_valid=Y reason=hold setpoint_to_ptarget=nanm finished_val=0.1580m finished_thresh=0.0200m pd_resid=nanm nextwp_to_ptarget=nanm guide_terminal_err=nanm
[GATE-EVOLVE] step=21 curr=133648.73 best_other=197897.85 ratio=0.6753 ee_to_optimal=0.0748m phi=0.0398m
[STAGE-A-TRACE] step=21 sim_t=0.210 mode=free phi=0.03980 box_xy=+0.00000,+0.00000 lam_n_ee_box=nan qy=+0.00001 qz=+0.00000 finished_repos=0
[DRAKE-CONTACT] step=21 n_pairs=1 ee_box_normal=0.000
[GATE-CONTACT] step=21 F_W=(+0.0000,+0.0000,+0.0000) F_on_box=(-0.0000,-0.0000,-0.0000) n_face_out=(-0.0000,-0.0000,-0.0000) A_is_ee=0 box_q=(+1.00000,-0.00001,+0.00001,+0.00000) box_p=(+0.00000,+0.00000,+0.04999) ee_p=(+0.00022,-0.00098,+0.16479)
[EErel] along_push=-0.000m (neg=correct)  perp=0.001m  ee_to_box=0.001m  stage=3  obj=[0. 0.]  g_hat=[-1. -0.]
[proxy] err=0.124m  effective=[0.051 0.    0.05 ]
[ADMM-C3+] primal: 6.1274->4.9359  dual: 109.8105->80.3187  mono=False  iters=25/25  rho=25.0
[ADMM-C3+] WARNING non-converged: pr=4.9359 dr=80.3187 tol=1e-03
[C3+] step=63 |u[0]|=36.55Nm u_axis=(+5.28,-29.81,+4.03,+18.27,+2.79,-7.81,-0.89)Nm λ_n_max=1.058 η_n_max=1.279 primal=4.936 iters=25/25 lcp_res_max=nan
[ADMIT-GUARD] step=22 admit_active=0 latch=0/0 ee_z=0.163 gate_cap=0
[ALT-GATE] step=22 target_stable=0/0 allow_descent=1
[GS-tgt] step=22 ee=(+0.000,-0.001,+0.163) p_repos=(-0.023,-0.080,+0.030) ee_to_target=0.156m target_label=prev_repos target_changed=N delta=0.000m
[GS] step=22 mode=free switch=kStayInRepos best_k=0 best_src=prev_repos curr_cost=133629.27 repos_cost=197838.23 best_other=197838.23 met_progress=Y steps_since_improve=20 switches=0
[STEP] step=22 mode=free t=0.220s ee=(+0.000,-0.001,+0.163) obj=(+0.000,+0.000,+0.050) goal_dist=0.300m switch=kStayInRepos target=(+0.000,-0.001,+0.162) ee_stride=0.001m ee_to_ptarget=0.156m landing_err=0.1621m ik_ok=Y ik_resid=0.0001m q_max_resid_deg=16.05 target_changed=Y retgt=N held_idx=1 held_cost=197838.23 won_cost=197838.23 margin=+0.00 won_src=prev_repos held_valid=Y reason=hold setpoint_to_ptarget=nanm finished_val=0.1564m finished_thresh=0.0200m pd_resid=nanm nextwp_to_ptarget=nanm guide_terminal_err=nanm
[GATE-EVOLVE] step=22 curr=133629.27 best_other=197838.23 ratio=0.6754 ee_to_optimal=0.0748m phi=0.0379m
[STAGE-A-TRACE] step=22 sim_t=0.220 mode=free phi=0.03794 box_xy=+0.00000,+0.00000 lam_n_ee_box=nan qy=+0.00001 qz=+0.00000 finished_repos=0
[DRAKE-CONTACT] step=22 n_pairs=1 ee_box_normal=0.000
[GATE-CONTACT] step=22 F_W=(+0.0000,+0.0000,+0.0000) F_on_box=(-0.0000,-0.0000,-0.0000) n_face_out=(-0.0000,-0.0000,-0.0000) A_is_ee=0 box_q=(+1.00000,-0.00001,+0.00001,+0.00000) box_p=(+0.00000,+0.00000,+0.04999) ee_p=(+0.00022,-0.00097,+0.16293)
[EErel] along_push=-0.000m (neg=correct)  perp=0.001m  ee_to_box=0.001m  stage=3  obj=[0. 0.]  g_hat=[-1. -0.]
[proxy] err=0.122m  effective=[0.051 0.    0.05 ]
[ADMM-C3+] primal: 6.1274->4.9359  dual: 109.8105->80.3187  mono=False  iters=25/25  rho=25.0
[ADMM-C3+] WARNING non-converged: pr=4.9359 dr=80.3187 tol=1e-03
[C3+] step=66 |u[0]|=36.63Nm u_axis=(+5.12,-29.84,+4.15,+18.42,+2.72,-7.73,-0.89)Nm λ_n_max=1.058 η_n_max=1.279 primal=4.936 iters=25/25 lcp_res_max=nan
[ADMIT-GUARD] step=23 admit_active=0 latch=0/0 ee_z=0.161 gate_cap=0
[ALT-GATE] step=23 target_stable=0/0 allow_descent=1
[GS-tgt] step=23 ee=(+0.000,-0.001,+0.161) p_repos=(-0.023,-0.080,+0.030) ee_to_target=0.155m target_label=prev_repos target_changed=N delta=0.000m
[GS] step=23 mode=free switch=kStayInRepos best_k=0 best_src=prev_repos curr_cost=133621.14 repos_cost=197791.35 best_other=197791.35 met_progress=Y steps_since_improve=21 switches=0
[STEP] step=23 mode=free t=0.230s ee=(+0.000,-0.001,+0.161) obj=(+0.000,+0.000,+0.050) goal_dist=0.300m switch=kStayInRepos target=(+0.000,-0.001,+0.160) ee_stride=0.001m ee_to_ptarget=0.155m landing_err=0.1581m ik_ok=Y ik_resid=0.0001m q_max_resid_deg=15.49 target_changed=Y retgt=N held_idx=1 held_cost=197791.35 won_cost=197791.35 margin=+0.00 won_src=prev_repos held_valid=Y reason=hold setpoint_to_ptarget=nanm finished_val=0.1548m finished_thresh=0.0200m pd_resid=nanm nextwp_to_ptarget=nanm guide_terminal_err=nanm
[GATE-EVOLVE] step=23 curr=133621.14 best_other=197791.35 ratio=0.6756 ee_to_optimal=0.0748m phi=0.0361m
[STAGE-A-TRACE] step=23 sim_t=0.230 mode=free phi=0.03610 box_xy=+0.00000,+0.00000 lam_n_ee_box=nan qy=+0.00001 qz=+0.00000 finished_repos=0
[DRAKE-CONTACT] step=23 n_pairs=1 ee_box_normal=0.000
[GATE-CONTACT] step=23 F_W=(+0.0000,+0.0000,+0.0000) F_on_box=(-0.0000,-0.0000,-0.0000) n_face_out=(-0.0000,-0.0000,-0.0000) A_is_ee=0 box_q=(+1.00000,-0.00001,+0.00001,+0.00000) box_p=(+0.00000,+0.00000,+0.04999) ee_p=(+0.00022,-0.00096,+0.16109)
[EErel] along_push=-0.000m (neg=correct)  perp=0.001m  ee_to_box=0.001m  stage=3  obj=[0. 0.]  g_hat=[-1. -0.]
[proxy] err=0.121m  effective=[0.051 0.    0.05 ]
[ADMM-C3+] primal: 6.1274->4.9359  dual: 109.8105->80.3187  mono=False  iters=25/25  rho=25.0
[ADMM-C3+] WARNING non-converged: pr=4.9359 dr=80.3187 tol=1e-03
[C3+] step=69 |u[0]|=36.68Nm u_axis=(+5.07,-29.95,+4.18,+18.40,+2.73,-7.61,-0.90)Nm λ_n_max=1.058 η_n_max=1.279 primal=4.936 iters=25/25 lcp_res_max=nan
[ADMIT-GUARD] step=24 admit_active=0 latch=0/0 ee_z=0.159 gate_cap=0
[ALT-GATE] step=24 target_stable=0/0 allow_descent=1
[GS-tgt] step=24 ee=(+0.000,-0.001,+0.159) p_repos=(-0.023,-0.080,+0.030) ee_to_target=0.153m target_label=prev_repos target_changed=N delta=0.000m
[GS] step=24 mode=free switch=kStayInRepos best_k=0 best_src=prev_repos curr_cost=133604.76 repos_cost=197756.12 best_other=197756.12 met_progress=Y steps_since_improve=22 switches=0
[STEP] step=24 mode=free t=0.240s ee=(+0.000,-0.001,+0.159) obj=(+0.000,+0.000,+0.050) goal_dist=0.300m switch=kStayInRepos target=(+0.000,-0.001,+0.159) ee_stride=0.001m ee_to_ptarget=0.153m landing_err=0.1541m ik_ok=Y ik_resid=0.0001m q_max_resid_deg=14.94 target_changed=Y retgt=N held_idx=1 held_cost=197756.12 won_cost=197756.12 margin=+0.00 won_src=prev_repos held_valid=Y reason=hold setpoint_to_ptarget=nanm finished_val=0.1533m finished_thresh=0.0200m pd_resid=nanm nextwp_to_ptarget=nanm guide_terminal_err=nanm
[GATE-EVOLVE] step=24 curr=133604.76 best_other=197756.12 ratio=0.6756 ee_to_optimal=0.0748m phi=0.0343m
[STAGE-A-TRACE] step=24 sim_t=0.240 mode=free phi=0.03426 box_xy=+0.00000,+0.00000 lam_n_ee_box=nan qy=+0.00001 qz=+0.00000 finished_repos=0
[DRAKE-CONTACT] step=24 n_pairs=1 ee_box_normal=0.000
[GATE-CONTACT] step=24 F_W=(+0.0000,+0.0000,+0.0000) F_on_box=(-0.0000,-0.0000,-0.0000) n_face_out=(-0.0000,-0.0000,-0.0000) A_is_ee=0 box_q=(+1.00000,-0.00001,+0.00001,+0.00000) box_p=(+0.00000,+0.00000,+0.04999) ee_p=(+0.00021,-0.00095,+0.15925)
[EErel] along_push=-0.000m (neg=correct)  perp=0.001m  ee_to_box=0.001m  stage=3  obj=[0. 0.]  g_hat=[-1. -0.]
[proxy] err=0.119m  effective=[0.051 0.    0.05 ]
[ADMM-C3+] primal: 6.1274->4.9349  dual: 109.8105->80.2817  mono=False  iters=25/25  rho=25.0
[ADMM-C3+] WARNING non-converged: pr=4.9349 dr=80.2817 tol=1e-03
[C3+] step=72 |u[0]|=36.96Nm u_axis=(+4.08,-29.50,+4.49,+19.87,+2.53,-7.55,-0.84)Nm λ_n_max=1.059 η_n_max=1.279 primal=4.935 iters=25/25 lcp_res_max=nan
[ADMIT-GUARD] step=25 admit_active=0 latch=0/0 ee_z=0.157 gate_cap=0
[ALT-GATE] step=25 target_stable=0/0 allow_descent=1
[GS-tgt] step=25 ee=(+0.000,-0.001,+0.157) p_repos=(-0.023,-0.080,+0.030) ee_to_target=0.152m target_label=prev_repos target_changed=N delta=0.000m
[GS] step=25 mode=free switch=kStayInRepos best_k=0 best_src=prev_repos curr_cost=133935.86 repos_cost=197731.57 best_other=197731.57 met_progress=Y steps_since_improve=23 switches=0
[STEP] step=25 mode=free t=0.250s ee=(+0.000,-0.001,+0.157) obj=(+0.000,+0.000,+0.050) goal_dist=0.300m switch=kStayInRepos target=(+0.000,-0.001,+0.157) ee_stride=0.001m ee_to_ptarget=0.152m landing_err=0.1501m ik_ok=Y ik_resid=0.0010m q_max_resid_deg=14.70 target_changed=Y retgt=N held_idx=1 held_cost=197731.57 won_cost=197731.57 margin=+0.00 won_src=prev_repos held_valid=Y reason=hold setpoint_to_ptarget=nanm finished_val=0.1517m finished_thresh=0.0200m pd_resid=nanm nextwp_to_ptarget=nanm guide_terminal_err=nanm
[GATE-EVOLVE] step=25 curr=133935.86 best_other=197731.57 ratio=0.6774 ee_to_optimal=0.0748m phi=0.0324m
[STAGE-A-TRACE] step=25 sim_t=0.250 mode=free phi=0.03243 box_xy=+0.00000,+0.00000 lam_n_ee_box=nan qy=+0.00001 qz=+0.00000 finished_repos=0
[DRAKE-CONTACT] step=25 n_pairs=1 ee_box_normal=0.000
[GATE-CONTACT] step=25 F_W=(+0.0000,+0.0000,+0.0000) F_on_box=(-0.0000,-0.0000,-0.0000) n_face_out=(-0.0000,-0.0000,-0.0000) A_is_ee=0 box_q=(+1.00000,-0.00001,+0.00001,+0.00000) box_p=(+0.00000,+0.00000,+0.04999) ee_p=(+0.00021,-0.00094,+0.15742)
[EErel] along_push=-0.000m (neg=correct)  perp=0.001m  ee_to_box=0.001m  stage=3  obj=[0. 0.]  g_hat=[-1. -0.]
[proxy] err=0.117m  effective=[0.051 0.    0.05 ]
[ADMM-C3+] primal: 6.1274->4.9349  dual: 109.8105->80.2828  mono=False  iters=25/25  rho=25.0
[ADMM-C3+] WARNING non-converged: pr=4.9349 dr=80.2828 tol=1e-03
[C3+] step=75 |u[0]|=37.21Nm u_axis=(+3.88,-29.54,+4.58,+20.28,+2.46,-7.61,-0.84)Nm λ_n_max=1.059 η_n_max=1.279 primal=4.935 iters=25/25 lcp_res_max=nan
[ADMIT-GUARD] step=26 admit_active=0 latch=0/0 ee_z=0.156 gate_cap=0
[ALT-GATE] step=26 target_stable=0/0 allow_descent=1
[GS-tgt] step=26 ee=(+0.000,-0.001,+0.156) p_repos=(-0.023,-0.080,+0.030) ee_to_target=0.150m target_label=prev_repos target_changed=N delta=0.000m
[GS] step=26 mode=free switch=kStayInRepos best_k=0 best_src=prev_repos curr_cost=133963.53 repos_cost=197716.86 best_other=197716.86 met_progress=Y steps_since_improve=24 switches=0
[STEP] step=26 mode=free t=0.260s ee=(+0.000,-0.001,+0.156) obj=(+0.000,+0.000,+0.050) goal_dist=0.300m switch=kStayInRepos target=(+0.000,-0.001,+0.155) ee_stride=0.001m ee_to_ptarget=0.150m landing_err=0.1461m ik_ok=Y ik_resid=0.0008m q_max_resid_deg=14.58 target_changed=Y retgt=N held_idx=1 held_cost=197716.86 won_cost=197716.86 margin=+0.00 won_src=prev_repos held_valid=Y reason=hold setpoint_to_ptarget=nanm finished_val=0.1502m finished_thresh=0.0200m pd_resid=nanm nextwp_to_ptarget=nanm guide_terminal_err=nanm
[GATE-EVOLVE] step=26 curr=133963.53 best_other=197716.86 ratio=0.6776 ee_to_optimal=0.0748m phi=0.0306m
[STAGE-A-TRACE] step=26 sim_t=0.260 mode=free phi=0.03061 box_xy=+0.00000,+0.00000 lam_n_ee_box=nan qy=+0.00001 qz=+0.00000 finished_repos=0
[DRAKE-CONTACT] step=26 n_pairs=1 ee_box_normal=0.000
[GATE-CONTACT] step=26 F_W=(+0.0000,+0.0000,+0.0000) F_on_box=(-0.0000,-0.0000,-0.0000) n_face_out=(-0.0000,-0.0000,-0.0000) A_is_ee=0 box_q=(+1.00000,-0.00001,+0.00001,+0.00000) box_p=(+0.00000,+0.00000,+0.04999) ee_p=(+0.00021,-0.00094,+0.15560)
[EErel] along_push=-0.000m (neg=correct)  perp=0.001m  ee_to_box=0.001m  stage=3  obj=[0. 0.]  g_hat=[-1. -0.]
[proxy] err=0.116m  effective=[0.051 0.    0.05 ]
[ADMM-C3+] primal: 6.1274->4.9349  dual: 109.8105->80.2833  mono=False  iters=25/25  rho=25.0
[ADMM-C3+] WARNING non-converged: pr=4.9349 dr=80.2833 tol=1e-03
[C3+] step=78 |u[0]|=37.33Nm u_axis=(+3.81,-29.60,+4.60,+20.43,+2.47,-7.59,-0.85)Nm λ_n_max=1.059 η_n_max=1.279 primal=4.935 iters=25/25 lcp_res_max=nan
[ADMIT-GUARD] step=27 admit_active=0 latch=0/0 ee_z=0.154 gate_cap=0
[ALT-GATE] step=27 target_stable=0/0 allow_descent=1
[GS-tgt] step=27 ee=(+0.000,-0.001,+0.154) p_repos=(-0.023,-0.080,+0.030) ee_to_target=0.149m target_label=prev_repos target_changed=N delta=0.000m
[GS] step=27 mode=free switch=kStayInRepos best_k=0 best_src=prev_repos curr_cost=133951.31 repos_cost=197711.27 best_other=197711.27 met_progress=Y steps_since_improve=25 switches=0
[STEP] step=27 mode=free t=0.270s ee=(+0.000,-0.001,+0.154) obj=(+0.000,+0.000,+0.050) goal_dist=0.300m switch=kStayInRepos target=(+0.000,-0.001,+0.153) ee_stride=0.001m ee_to_ptarget=0.149m landing_err=0.1421m ik_ok=Y ik_resid=0.0007m q_max_resid_deg=14.46 target_changed=Y retgt=N held_idx=1 held_cost=197711.27 won_cost=197711.27 margin=+0.00 won_src=prev_repos held_valid=Y reason=hold setpoint_to_ptarget=nanm finished_val=0.1487m finished_thresh=0.0200m pd_resid=nanm nextwp_to_ptarget=nanm guide_terminal_err=nanm
[GATE-EVOLVE] step=27 curr=133951.31 best_other=197711.27 ratio=0.6775 ee_to_optimal=0.0748m phi=0.0288m
[STAGE-A-TRACE] step=27 sim_t=0.270 mode=free phi=0.02879 box_xy=+0.00000,+0.00000 lam_n_ee_box=nan qy=+0.00001 qz=+0.00000 finished_repos=0
[DRAKE-CONTACT] step=27 n_pairs=1 ee_box_normal=0.000
[GATE-CONTACT] step=27 F_W=(+0.0000,+0.0000,+0.0000) F_on_box=(-0.0000,-0.0000,-0.0000) n_face_out=(-0.0000,-0.0000,-0.0000) A_is_ee=0 box_q=(+1.00000,-0.00001,+0.00001,+0.00000) box_p=(+0.00000,+0.00000,+0.04999) ee_p=(+0.00021,-0.00094,+0.15378)
[EErel] along_push=-0.000m (neg=correct)  perp=0.001m  ee_to_box=0.001m  stage=3  obj=[0. 0.]  g_hat=[-1. -0.]
[proxy] err=0.114m  effective=[0.051 0.    0.05 ]
[ADMM-C3+] primal: 6.1274->4.9349  dual: 109.8105->80.2843  mono=False  iters=25/25  rho=25.0
[ADMM-C3+] WARNING non-converged: pr=4.9349 dr=80.2843 tol=1e-03
[C3+] step=81 |u[0]|=37.29Nm u_axis=(+3.84,-29.65,+4.55,+20.33,+2.51,-7.48,-0.85)Nm λ_n_max=1.059 η_n_max=1.279 primal=4.935 iters=25/25 lcp_res_max=nan
[ADMIT-GUARD] step=28 admit_active=0 latch=0/0 ee_z=0.152 gate_cap=0
[ALT-GATE] step=28 target_stable=0/0 allow_descent=1
[GS-tgt] step=28 ee=(+0.000,-0.001,+0.152) p_repos=(-0.023,-0.080,+0.030) ee_to_target=0.147m target_label=prev_repos target_changed=N delta=0.000m
[GS] step=28 mode=free switch=kStayInRepos best_k=0 best_src=prev_repos curr_cost=133933.66 repos_cost=197714.14 best_other=197714.14 met_progress=Y steps_since_improve=26 switches=0
[STEP] step=28 mode=free t=0.280s ee=(+0.000,-0.001,+0.152) obj=(+0.000,+0.000,+0.050) goal_dist=0.300m switch=kStayInRepos target=(+0.000,-0.001,+0.151) ee_stride=0.001m ee_to_ptarget=0.147m landing_err=0.1381m ik_ok=Y ik_resid=0.0006m q_max_resid_deg=14.33 target_changed=Y retgt=N held_idx=1 held_cost=197714.14 won_cost=197714.14 margin=+0.00 won_src=prev_repos held_valid=Y reason=hold setpoint_to_ptarget=nanm finished_val=0.1472m finished_thresh=0.0200m pd_resid=nanm nextwp_to_ptarget=nanm guide_terminal_err=nanm
[GATE-EVOLVE] step=28 curr=133933.66 best_other=197714.14 ratio=0.6774 ee_to_optimal=0.0748m phi=0.0270m
[STAGE-A-TRACE] step=28 sim_t=0.280 mode=free phi=0.02698 box_xy=+0.00000,+0.00000 lam_n_ee_box=nan qy=+0.00001 qz=+0.00000 finished_repos=0
[DRAKE-CONTACT] step=28 n_pairs=1 ee_box_normal=0.000
[GATE-CONTACT] step=28 F_W=(+0.0000,+0.0000,+0.0000) F_on_box=(-0.0000,-0.0000,-0.0000) n_face_out=(-0.0000,-0.0000,-0.0000) A_is_ee=0 box_q=(+1.00000,-0.00001,+0.00001,+0.00000) box_p=(+0.00000,+0.00000,+0.04999) ee_p=(+0.00021,-0.00094,+0.15197)
[EErel] along_push=-0.000m (neg=correct)  perp=0.001m  ee_to_box=0.001m  stage=3  obj=[0. 0.]  g_hat=[-1. -0.]
[proxy] err=0.113m  effective=[0.051 0.    0.05 ]
[ADMM-C3+] primal: 6.1274->4.9359  dual: 109.8105->80.3187  mono=False  iters=25/25  rho=25.0
[ADMM-C3+] WARNING non-converged: pr=4.9359 dr=80.3187 tol=1e-03
[C3+] step=84 |u[0]|=36.83Nm u_axis=(+4.49,-30.00,+4.52,+18.87,+2.70,-7.17,-0.92)Nm λ_n_max=1.058 η_n_max=1.279 primal=4.936 iters=25/25 lcp_res_max=nan
[ADMIT-GUARD] step=29 admit_active=0 latch=0/0 ee_z=0.150 gate_cap=0
[ALT-GATE] step=29 target_stable=0/0 allow_descent=1
[GS-tgt] step=29 ee=(+0.000,-0.001,+0.150) p_repos=(-0.023,-0.080,+0.030) ee_to_target=0.146m target_label=prev_repos target_changed=N delta=0.000m
[GS] step=29 mode=free switch=kStayInRepos best_k=0 best_src=prev_repos curr_cost=133554.39 repos_cost=197724.90 best_other=197724.90 met_progress=Y steps_since_improve=27 switches=0
[STEP] step=29 mode=free t=0.290s ee=(+0.000,-0.001,+0.150) obj=(+0.000,+0.000,+0.050) goal_dist=0.300m switch=kStayInRepos target=(+0.000,-0.001,+0.150) ee_stride=0.000m ee_to_ptarget=0.146m landing_err=0.1341m ik_ok=Y ik_resid=0.0006m q_max_resid_deg=14.20 target_changed=Y retgt=N held_idx=1 held_cost=197724.90 won_cost=197724.90 margin=+0.00 won_src=prev_repos held_valid=Y reason=hold setpoint_to_ptarget=nanm finished_val=0.1457m finished_thresh=0.0200m pd_resid=nanm nextwp_to_ptarget=nanm guide_terminal_err=nanm
[GATE-EVOLVE] step=29 curr=133554.39 best_other=197724.90 ratio=0.6755 ee_to_optimal=0.0748m phi=0.0252m
[STAGE-A-TRACE] step=29 sim_t=0.290 mode=free phi=0.02517 box_xy=+0.00000,+0.00000 lam_n_ee_box=nan qy=+0.00001 qz=-0.00000 finished_repos=0
[DRAKE-CONTACT] step=29 n_pairs=1 ee_box_normal=0.000
[GATE-CONTACT] step=29 F_W=(+0.0000,+0.0000,+0.0000) F_on_box=(-0.0000,-0.0000,-0.0000) n_face_out=(-0.0000,-0.0000,-0.0000) A_is_ee=0 box_q=(+1.00000,-0.00001,+0.00001,-0.00000) box_p=(+0.00000,+0.00000,+0.04999) ee_p=(+0.00021,-0.00094,+0.15016)
[EErel] along_push=-0.000m (neg=correct)  perp=0.001m  ee_to_box=0.001m  stage=3  obj=[0. 0.]  g_hat=[-1. -0.]
[proxy] err=0.111m  effective=[0.052 0.    0.05 ]
[ADMM-C3+] primal: 6.1274->4.9357  dual: 109.8105->80.3536  mono=False  iters=25/25  rho=25.0
[ADMM-C3+] WARNING non-converged: pr=4.9357 dr=80.3536 tol=1e-03
[C3+] step=87 |u[0]|=36.97Nm u_axis=(+4.54,-29.13,+3.98,+20.63,+2.17,-7.14,-0.85)Nm λ_n_max=1.058 η_n_max=1.279 primal=4.936 iters=25/25 lcp_res_max=nan
[ADMIT-GUARD] step=30 admit_active=0 latch=0/0 ee_z=0.149 gate_cap=0
[ALT-GATE] step=30 target_stable=0/0 allow_descent=1
[GS-tgt] step=30 ee=(+0.000,-0.001,+0.149) p_repos=(-0.023,-0.080,+0.030) ee_to_target=0.144m target_label=prev_repos target_changed=N delta=0.000m
[IMP] step=30 mode=free |x_err|=0.0019m |tau_imp|=33.62Nm |tau_ff|=0.00Nm |tau_out|=33.62Nm sat=False lam_n=False lam_t=False
[GS] step=30 mode=free switch=kStayInRepos best_k=0 best_src=prev_repos curr_cost=133698.87 repos_cost=195790.76 best_other=195790.76 met_progress=Y steps_since_improve=28 switches=0
[STEP] step=30 mode=free t=0.300s ee=(+0.000,-0.001,+0.149) obj=(+0.000,+0.000,+0.050) goal_dist=0.300m switch=kStayInRepos target=(-0.000,-0.003,+0.150) ee_stride=0.002m ee_to_ptarget=0.144m landing_err=0.1301m ik_ok=Y ik_resid=0.0005m q_max_resid_deg=13.99 target_changed=Y retgt=N held_idx=1 held_cost=195790.76 won_cost=195790.76 margin=+0.00 won_src=prev_repos held_valid=Y reason=hold setpoint_to_ptarget=nanm finished_val=0.1443m finished_thresh=0.0200m pd_resid=nanm nextwp_to_ptarget=nanm guide_terminal_err=nanm
[GATE-EVOLVE] step=30 curr=133698.87 best_other=195790.76 ratio=0.6829 ee_to_optimal=0.0749m phi=0.0237m
[STAGE-A-TRACE] step=30 sim_t=0.300 mode=free phi=0.02370 box_xy=+0.00000,+0.00000 lam_n_ee_box=nan qy=+0.00001 qz=-0.00000 finished_repos=0
[DRAKE-CONTACT] step=30 n_pairs=1 ee_box_normal=0.000
[GATE-CONTACT] step=30 F_W=(+0.0000,+0.0000,+0.0000) F_on_box=(-0.0000,-0.0000,-0.0000) n_face_out=(-0.0000,-0.0000,-0.0000) A_is_ee=0 box_q=(+1.00000,-0.00001,+0.00001,-0.00000) box_p=(+0.00000,+0.00000,+0.04999) ee_p=(+0.00009,-0.00124,+0.14869)
[PERSIST] step=31 refresh n_strategy=1 samples=[(0.0459, 0.08, 0.03)]
[EErel] along_push=+0.000m (neg=correct)  perp=0.002m  ee_to_box=0.002m  stage=3  obj=[0. 0.]  g_hat=[-1. -0.]
[proxy] err=0.111m  effective=[0.053 0.    0.05 ]
[ADMM-C3+] primal: 6.1274->4.9359  dual: 109.8105->80.3187  mono=False  iters=25/25  rho=25.0
[ADMM-C3+] WARNING non-converged: pr=4.9359 dr=80.3187 tol=1e-03
[C3+] step=90 |u[0]|=36.23Nm u_axis=(+6.30,-28.30,+2.28,+20.35,+2.62,-6.74,-0.88)Nm λ_n_max=1.058 η_n_max=1.279 primal=4.936 iters=25/25 lcp_res_max=nan
[ADMIT-GUARD] step=31 admit_active=0 latch=0/0 ee_z=0.148 gate_cap=0
[ALT-GATE] step=31 target_stable=0/0 allow_descent=1
[GS-tgt] step=31 ee=(-0.000,-0.002,+0.148) p_repos=(-0.023,-0.080,+0.030) ee_to_target=0.143m target_label=prev_repos target_changed=N delta=0.000m
[GS] step=31 mode=free switch=kStayInRepos best_k=0 best_src=prev_repos curr_cost=133548.40 repos_cost=194477.05 best_other=194477.05 met_progress=Y steps_since_improve=29 switches=0
[STEP] step=31 mode=free t=0.310s ee=(-0.000,-0.002,+0.148) obj=(+0.000,+0.000,+0.050) goal_dist=0.300m switch=kStayInRepos target=(-0.001,-0.004,+0.150) ee_stride=0.003m ee_to_ptarget=0.143m landing_err=0.1261m ik_ok=Y ik_resid=0.0004m q_max_resid_deg=13.67 target_changed=Y retgt=N held_idx=1 held_cost=194477.05 won_cost=194477.05 margin=+0.00 won_src=prev_repos held_valid=Y reason=hold setpoint_to_ptarget=nanm finished_val=0.1431m finished_thresh=0.0200m pd_resid=nanm nextwp_to_ptarget=nanm guide_terminal_err=nanm
[GATE-EVOLVE] step=31 curr=133548.40 best_other=194477.05 ratio=0.6867 ee_to_optimal=0.0752m phi=0.0228m
[STAGE-A-TRACE] step=31 sim_t=0.310 mode=free phi=0.02277 box_xy=+0.00000,+0.00000 lam_n_ee_box=nan qy=+0.00001 qz=-0.00000 finished_repos=0
[DRAKE-CONTACT] step=31 n_pairs=1 ee_box_normal=0.000
[GATE-CONTACT] step=31 F_W=(+0.0000,+0.0000,+0.0000) F_on_box=(-0.0000,-0.0000,-0.0000) n_face_out=(-0.0000,-0.0000,-0.0000) A_is_ee=0 box_q=(+1.00000,-0.00001,+0.00001,-0.00000) box_p=(+0.00000,+0.00000,+0.04999) ee_p=(-0.00022,-0.00202,+0.14776)
[EErel] along_push=+0.001m (neg=correct)  perp=0.003m  ee_to_box=0.003m  stage=3  obj=[0. 0.]  g_hat=[-1. -0.]
[proxy] err=0.112m  effective=[0.055 0.    0.05 ]
[ADMM-C3+] primal: 6.1274->4.9359  dual: 109.8105->80.3187  mono=False  iters=25/25  rho=25.0
[ADMM-C3+] WARNING non-converged: pr=4.9359 dr=80.3187 tol=1e-03
[C3+] step=93 |u[0]|=36.12Nm u_axis=(+6.74,-27.58,+1.45,+21.06,+2.75,-6.68,-0.87)Nm λ_n_max=1.058 η_n_max=1.279 primal=4.936 iters=25/25 lcp_res_max=nan
[ADMIT-GUARD] step=32 admit_active=0 latch=0/0 ee_z=0.147 gate_cap=0
[ALT-GATE] step=32 target_stable=0/0 allow_descent=1
[GS-tgt] step=32 ee=(-0.001,-0.003,+0.147) p_repos=(-0.023,-0.080,+0.030) ee_to_target=0.142m target_label=prev_repos target_changed=N delta=0.000m
[GS] step=32 mode=free switch=kStayInRepos best_k=0 best_src=prev_repos curr_cost=133563.96 repos_cost=193601.19 best_other=193601.19 met_progress=Y steps_since_improve=30 switches=0
[STEP] step=32 mode=free t=0.320s ee=(-0.001,-0.003,+0.147) obj=(+0.000,+0.000,+0.050) goal_dist=0.300m switch=kStayInRepos target=(-0.001,-0.006,+0.150) ee_stride=0.004m ee_to_ptarget=0.142m landing_err=0.1221m ik_ok=Y ik_resid=0.0003m q_max_resid_deg=13.25 target_changed=Y retgt=N held_idx=1 held_cost=193601.19 won_cost=193601.19 margin=+0.00 won_src=prev_repos held_valid=Y reason=hold setpoint_to_ptarget=nanm finished_val=0.1419m finished_thresh=0.0200m pd_resid=nanm nextwp_to_ptarget=nanm guide_terminal_err=nanm
[GATE-EVOLVE] step=32 curr=133563.96 best_other=193601.19 ratio=0.6899 ee_to_optimal=0.0757m phi=0.0222m
[STAGE-A-TRACE] step=32 sim_t=0.320 mode=free phi=0.02222 box_xy=+0.00000,+0.00000 lam_n_ee_box=nan qy=+0.00001 qz=-0.00000 finished_repos=0
[DRAKE-CONTACT] step=32 n_pairs=1 ee_box_normal=0.000
[GATE-CONTACT] step=32 F_W=(+0.0000,+0.0000,+0.0000) F_on_box=(-0.0000,-0.0000,-0.0000) n_face_out=(-0.0000,-0.0000,-0.0000) A_is_ee=0 box_q=(+1.00000,-0.00001,+0.00001,-0.00000) box_p=(+0.00000,+0.00000,+0.04999) ee_p=(-0.00064,-0.00316,+0.14722)
[EErel] along_push=+0.001m (neg=correct)  perp=0.005m  ee_to_box=0.005m  stage=3  obj=[0. 0.]  g_hat=[-1. -0.]
[proxy] err=0.113m  effective=[0.057 0.    0.05 ]
[ADMM-C3+] primal: 6.1274->4.9359  dual: 109.8105->80.3187  mono=False  iters=25/25  rho=25.0
[ADMM-C3+] WARNING non-converged: pr=4.9359 dr=80.3187 tol=1e-03
[C3+] step=96 |u[0]|=36.06Nm u_axis=(+7.02,-26.98,+0.74,+21.68,+2.88,-6.61,-0.86)Nm λ_n_max=1.058 η_n_max=1.279 primal=4.936 iters=25/25 lcp_res_max=nan
[ADMIT-GUARD] step=33 admit_active=0 latch=0/0 ee_z=0.147 gate_cap=0
[ALT-GATE] step=33 target_stable=0/0 allow_descent=1
[GS-tgt] step=33 ee=(-0.001,-0.005,+0.147) p_repos=(-0.023,-0.080,+0.030) ee_to_target=0.141m target_label=prev_repos target_changed=N delta=0.000m
[GS] step=33 mode=free switch=kStayInRepos best_k=0 best_src=prev_repos curr_cost=133586.24 repos_cost=193023.57 best_other=193023.57 met_progress=Y steps_since_improve=31 switches=0
[STEP] step=33 mode=free t=0.330s ee=(-0.001,-0.005,+0.147) obj=(+0.000,+0.000,+0.050) goal_dist=0.300m switch=kStayInRepos target=(-0.002,-0.008,+0.150) ee_stride=0.004m ee_to_ptarget=0.141m landing_err=0.1181m ik_ok=Y ik_resid=0.0002m q_max_resid_deg=12.77 target_changed=Y retgt=N held_idx=1 held_cost=193023.57 won_cost=193023.57 margin=+0.00 won_src=prev_repos held_valid=Y reason=hold setpoint_to_ptarget=nanm finished_val=0.1409m finished_thresh=0.0200m pd_resid=nanm nextwp_to_ptarget=nanm guide_terminal_err=nanm
[GATE-EVOLVE] step=33 curr=133586.24 best_other=193023.57 ratio=0.6921 ee_to_optimal=0.0763m phi=0.0220m
[STAGE-A-TRACE] step=33 sim_t=0.330 mode=free phi=0.02196 box_xy=+0.00000,+0.00000 lam_n_ee_box=nan qy=+0.00001 qz=-0.00000 finished_repos=0
[DRAKE-CONTACT] step=33 n_pairs=1 ee_box_normal=0.000
[GATE-CONTACT] step=33 F_W=(+0.0000,+0.0000,+0.0000) F_on_box=(-0.0000,-0.0000,-0.0000) n_face_out=(-0.0000,-0.0000,-0.0000) A_is_ee=0 box_q=(+1.00000,-0.00001,+0.00001,-0.00000) box_p=(+0.00000,+0.00000,+0.04999) ee_p=(-0.00113,-0.00458,+0.14695)
[EErel] along_push=+0.002m (neg=correct)  perp=0.006m  ee_to_box=0.006m  stage=3  obj=[0. 0.]  g_hat=[-1. -0.]
[proxy] err=0.115m  effective=[0.06  0.001 0.05 ]
[ADMM-C3+] primal: 6.1274->4.9359  dual: 109.8105->80.3187  mono=False  iters=25/25  rho=25.0
[ADMM-C3+] WARNING non-converged: pr=4.9359 dr=80.3187 tol=1e-03
[C3+] step=99 |u[0]|=36.12Nm u_axis=(+7.22,-26.61,+0.12,+22.18,+3.01,-6.51,-0.86)Nm λ_n_max=1.058 η_n_max=1.279 primal=4.936 iters=25/25 lcp_res_max=nan
[ADMIT-GUARD] step=34 admit_active=0 latch=0/0 ee_z=0.147 gate_cap=0
[ALT-GATE] step=34 target_stable=0/0 allow_descent=1
[GS-tgt] step=34 ee=(-0.002,-0.006,+0.147) p_repos=(-0.023,-0.080,+0.030) ee_to_target=0.140m target_label=prev_repos target_changed=N delta=0.000m
[GS] step=34 mode=free switch=kStayInRepos best_k=0 best_src=prev_repos curr_cost=133612.60 repos_cost=192651.43 best_other=192651.43 met_progress=Y steps_since_improve=32 switches=0
[STEP] step=34 mode=free t=0.340s ee=(-0.002,-0.006,+0.147) obj=(+0.000,+0.000,+0.050) goal_dist=0.300m switch=kStayInRepos target=(-0.002,-0.009,+0.150) ee_stride=0.005m ee_to_ptarget=0.140m landing_err=0.1141m ik_ok=Y ik_resid=0.0002m q_max_resid_deg=12.23 target_changed=Y retgt=N held_idx=1 held_cost=192651.43 won_cost=192651.43 margin=+0.00 won_src=prev_repos held_valid=Y reason=hold setpoint_to_ptarget=nanm finished_val=0.1399m finished_thresh=0.0200m pd_resid=nanm nextwp_to_ptarget=nanm guide_terminal_err=nanm
[GATE-EVOLVE] step=34 curr=133612.60 best_other=192651.43 ratio=0.6935 ee_to_optimal=0.0769m phi=0.0219m
[STAGE-A-TRACE] step=34 sim_t=0.340 mode=free phi=0.02188 box_xy=+0.00000,+0.00000 lam_n_ee_box=nan qy=+0.00001 qz=-0.00000 finished_repos=0
[DRAKE-CONTACT] step=34 n_pairs=1 ee_box_normal=0.000
[GATE-CONTACT] step=34 F_W=(+0.0000,+0.0000,+0.0000) F_on_box=(-0.0000,-0.0000,-0.0000) n_face_out=(-0.0000,-0.0000,-0.0000) A_is_ee=0 box_q=(+1.00000,-0.00001,+0.00001,-0.00000) box_p=(+0.00000,+0.00000,+0.04999) ee_p=(-0.00167,-0.00620,+0.14688)
[EErel] along_push=+0.002m (neg=correct)  perp=0.008m  ee_to_box=0.008m  stage=3  obj=[0. 0.]  g_hat=[-1. -0.]
[proxy] err=0.117m  effective=[0.062 0.001 0.05 ]
[ADMM-C3+] primal: 6.1274->4.9359  dual: 109.8105->80.3187  mono=False  iters=25/25  rho=25.0
[ADMM-C3+] WARNING non-converged: pr=4.9359 dr=80.3187 tol=1e-03
[C3+] step=102 |u[0]|=36.18Nm u_axis=(+7.34,-26.31,-0.43,+22.60,+3.12,-6.38,-0.85)Nm λ_n_max=1.058 η_n_max=1.279 primal=4.936 iters=25/25 lcp_res_max=nan
[ADMIT-GUARD] step=35 admit_active=0 latch=0/0 ee_z=0.147 gate_cap=0
[ALT-GATE] step=35 target_stable=0/0 allow_descent=1
[GS-tgt] step=35 ee=(-0.002,-0.008,+0.147) p_repos=(-0.023,-0.080,+0.030) ee_to_target=0.139m target_label=prev_repos target_changed=N delta=0.000m
[GS] step=35 mode=free switch=kStayInRepos best_k=0 best_src=prev_repos curr_cost=133643.09 repos_cost=192420.96 best_other=192420.96 met_progress=Y steps_since_improve=33 switches=0
[STEP] step=35 mode=free t=0.350s ee=(-0.002,-0.008,+0.147) obj=(+0.000,+0.000,+0.050) goal_dist=0.300m switch=kStayInRepos target=(-0.003,-0.011,+0.150) ee_stride=0.005m ee_to_ptarget=0.139m landing_err=0.1101m ik_ok=Y ik_resid=0.0001m q_max_resid_deg=11.67 target_changed=Y retgt=N held_idx=1 held_cost=192420.96 won_cost=192420.96 margin=+0.00 won_src=prev_repos held_valid=Y reason=hold setpoint_to_ptarget=nanm finished_val=0.1389m finished_thresh=0.0200m pd_resid=nanm nextwp_to_ptarget=nanm guide_terminal_err=nanm
[GATE-EVOLVE] step=35 curr=133643.09 best_other=192420.96 ratio=0.6945 ee_to_optimal=0.0776m phi=0.0219m
[STAGE-A-TRACE] step=35 sim_t=0.350 mode=free phi=0.02195 box_xy=+0.00000,+0.00000 lam_n_ee_box=nan qy=+0.00001 qz=-0.00000 finished_repos=0
[DRAKE-CONTACT] step=35 n_pairs=1 ee_box_normal=0.000
[GATE-CONTACT] step=35 F_W=(+0.0000,+0.0000,+0.0000) F_on_box=(-0.0000,-0.0000,-0.0000) n_face_out=(-0.0000,-0.0000,-0.0000) A_is_ee=0 box_q=(+1.00000,-0.00001,+0.00001,-0.00000) box_p=(+0.00000,+0.00000,+0.04999) ee_p=(-0.00222,-0.00795,+0.14694)
[EErel] along_push=+0.003m (neg=correct)  perp=0.010m  ee_to_box=0.010m  stage=3  obj=[0. 0.]  g_hat=[-1. -0.]
[proxy] err=0.119m  effective=[0.065 0.002 0.05 ]
[ADMM-C3+] primal: 6.1274->4.9359  dual: 109.8105->80.3187  mono=False  iters=25/25  rho=25.0
[ADMM-C3+] WARNING non-converged: pr=4.9359 dr=80.3187 tol=1e-03
[C3+] step=105 |u[0]|=36.21Nm u_axis=(+7.41,-26.05,-0.94,+22.96,+3.21,-6.21,-0.84)Nm λ_n_max=1.058 η_n_max=1.279 primal=4.936 iters=25/25 lcp_res_max=nan
[ADMIT-GUARD] step=36 admit_active=0 latch=0/0 ee_z=0.147 gate_cap=0
[ALT-GATE] step=36 target_stable=0/0 allow_descent=1
[GS-tgt] step=36 ee=(-0.003,-0.010,+0.147) p_repos=(-0.023,-0.080,+0.030) ee_to_target=0.138m target_label=prev_repos target_changed=N delta=0.000m
[GS] step=36 mode=free switch=kStayInRepos best_k=0 best_src=prev_repos curr_cost=133676.69 repos_cost=192291.00 best_other=192291.00 met_progress=Y steps_since_improve=34 switches=0
[STEP] step=36 mode=free t=0.360s ee=(-0.003,-0.010,+0.147) obj=(+0.000,+0.000,+0.050) goal_dist=0.300m switch=kStayInRepos target=(-0.003,-0.013,+0.150) ee_stride=0.004m ee_to_ptarget=0.138m landing_err=0.1061m ik_ok=Y ik_resid=0.0001m q_max_resid_deg=11.07 target_changed=Y retgt=N held_idx=1 held_cost=192291.00 won_cost=192291.00 margin=+0.00 won_src=prev_repos held_valid=Y reason=hold setpoint_to_ptarget=nanm finished_val=0.1380m finished_thresh=0.0200m pd_resid=nanm nextwp_to_ptarget=nanm guide_terminal_err=nanm
[GATE-EVOLVE] step=36 curr=133676.69 best_other=192291.00 ratio=0.6952 ee_to_optimal=0.0784m phi=0.0221m
[STAGE-A-TRACE] step=36 sim_t=0.360 mode=free phi=0.02210 box_xy=+0.00000,+0.00000 lam_n_ee_box=nan qy=+0.00001 qz=-0.00000 finished_repos=0
[DRAKE-CONTACT] step=36 n_pairs=1 ee_box_normal=0.000
[GATE-CONTACT] step=36 F_W=(+0.0000,+0.0000,+0.0000) F_on_box=(-0.0000,-0.0000,-0.0000) n_face_out=(-0.0000,-0.0000,-0.0000) A_is_ee=0 box_q=(+1.00000,-0.00001,+0.00001,-0.00000) box_p=(+0.00000,+0.00000,+0.04999) ee_p=(-0.00279,-0.00981,+0.14709)
[EErel] along_push=+0.003m (neg=correct)  perp=0.012m  ee_to_box=0.012m  stage=3  obj=[0. 0.]  g_hat=[-1. -0.]
[proxy] err=0.122m  effective=[0.068 0.003 0.05 ]
[ADMM-C3+] primal: 6.1274->4.9359  dual: 109.8105->80.3187  mono=False  iters=25/25  rho=25.0
[ADMM-C3+] WARNING non-converged: pr=4.9359 dr=80.3187 tol=1e-03
[C3+] step=108 |u[0]|=36.24Nm u_axis=(+7.51,-25.87,-1.45,+23.20,+3.32,-5.98,-0.84)Nm λ_n_max=1.058 η_n_max=1.279 primal=4.936 iters=25/25 lcp_res_max=nan
[ADMIT-GUARD] step=37 admit_active=0 latch=0/0 ee_z=0.147 gate_cap=0
[ALT-GATE] step=37 target_stable=0/0 allow_descent=1
[GS-tgt] step=37 ee=(-0.003,-0.012,+0.147) p_repos=(-0.023,-0.080,+0.030) ee_to_target=0.137m target_label=prev_repos target_changed=N delta=0.000m
[GS] step=37 mode=free switch=kStayInRepos best_k=0 best_src=prev_repos curr_cost=133711.23 repos_cost=192219.87 best_other=192219.87 met_progress=Y steps_since_improve=35 switches=0
[STEP] step=37 mode=free t=0.370s ee=(-0.003,-0.012,+0.147) obj=(+0.000,+0.000,+0.050) goal_dist=0.300m switch=kStayInRepos target=(-0.004,-0.015,+0.150) ee_stride=0.004m ee_to_ptarget=0.137m landing_err=0.1021m ik_ok=Y ik_resid=0.0000m q_max_resid_deg=10.46 target_changed=Y retgt=N held_idx=1 held_cost=192219.87 won_cost=192219.87 margin=+0.00 won_src=prev_repos held_valid=Y reason=hold setpoint_to_ptarget=nanm finished_val=0.1371m finished_thresh=0.0200m pd_resid=nanm nextwp_to_ptarget=nanm guide_terminal_err=nanm
[GATE-EVOLVE] step=37 curr=133711.23 best_other=192219.87 ratio=0.6956 ee_to_optimal=0.0792m phi=0.0223m
[STAGE-A-TRACE] step=37 sim_t=0.370 mode=free phi=0.02230 box_xy=+0.00000,+0.00000 lam_n_ee_box=nan qy=+0.00001 qz=-0.00000 finished_repos=0
[DRAKE-CONTACT] step=37 n_pairs=1 ee_box_normal=0.000
[GATE-CONTACT] step=37 F_W=(+0.0000,+0.0000,+0.0000) F_on_box=(-0.0000,-0.0000,-0.0000) n_face_out=(-0.0000,-0.0000,-0.0000) A_is_ee=0 box_q=(+1.00000,-0.00001,+0.00001,-0.00000) box_p=(+0.00000,+0.00000,+0.04999) ee_p=(-0.00337,-0.01173,+0.14730)
[EErel] along_push=+0.004m (neg=correct)  perp=0.014m  ee_to_box=0.014m  stage=3  obj=[0. 0.]  g_hat=[-1. -0.]
[proxy] err=0.124m  effective=[0.071 0.004 0.05 ]
[ADMM-C3+] primal: 6.1274->4.9359  dual: 109.8105->80.3187  mono=False  iters=25/25  rho=25.0
[ADMM-C3+] WARNING non-converged: pr=4.9359 dr=80.3187 tol=1e-03
[C3+] step=111 |u[0]|=36.30Nm u_axis=(+7.54,-25.75,-1.91,+23.43,+3.41,-5.74,-0.83)Nm λ_n_max=1.058 η_n_max=1.279 primal=4.936 iters=25/25 lcp_res_max=nan
[ADMIT-GUARD] step=38 admit_active=0 latch=0/0 ee_z=0.148 gate_cap=0
[ALT-GATE] step=38 target_stable=0/0 allow_descent=1
[GS-tgt] step=38 ee=(-0.004,-0.014,+0.148) p_repos=(-0.023,-0.080,+0.030) ee_to_target=0.136m target_label=prev_repos target_changed=N delta=0.000m
[GS] step=38 mode=free switch=kStayInRepos best_k=0 best_src=prev_repos curr_cost=133749.11 repos_cost=192191.69 best_other=192191.69 met_progress=Y steps_since_improve=36 switches=0
[STEP] step=38 mode=free t=0.380s ee=(-0.004,-0.014,+0.148) obj=(+0.000,+0.000,+0.050) goal_dist=0.300m switch=kStayInRepos target=(-0.004,-0.016,+0.150) ee_stride=0.004m ee_to_ptarget=0.136m landing_err=0.0981m ik_ok=Y ik_resid=0.0000m q_max_resid_deg=9.84 target_changed=Y retgt=N held_idx=1 held_cost=192191.69 won_cost=192191.69 margin=+0.00 won_src=prev_repos held_valid=Y reason=hold setpoint_to_ptarget=nanm finished_val=0.1363m finished_thresh=0.0200m pd_resid=nanm nextwp_to_ptarget=nanm guide_terminal_err=nanm
[GATE-EVOLVE] step=38 curr=133749.11 best_other=192191.69 ratio=0.6959 ee_to_optimal=0.0801m phi=0.0225m
[STAGE-A-TRACE] step=38 sim_t=0.380 mode=free phi=0.02254 box_xy=+0.00000,+0.00000 lam_n_ee_box=nan qy=+0.00001 qz=-0.00000 finished_repos=0
[DRAKE-CONTACT] step=38 n_pairs=1 ee_box_normal=0.000
[GATE-CONTACT] step=38 F_W=(+0.0000,+0.0000,+0.0000) F_on_box=(-0.0000,-0.0000,-0.0000) n_face_out=(-0.0000,-0.0000,-0.0000) A_is_ee=0 box_q=(+1.00000,-0.00001,+0.00001,-0.00000) box_p=(+0.00000,+0.00000,+0.04999) ee_p=(-0.00394,-0.01368,+0.14753)
[EErel] along_push=+0.005m (neg=correct)  perp=0.016m  ee_to_box=0.016m  stage=3  obj=[0. 0.]  g_hat=[-1. -0.]
[proxy] err=0.127m  effective=[0.074 0.005 0.05 ]
[ADMM-C3+] primal: 6.1274->4.9359  dual: 109.8105->80.3187  mono=False  iters=25/25  rho=25.0
[ADMM-C3+] WARNING non-converged: pr=4.9359 dr=80.3187 tol=1e-03
[C3+] step=114 |u[0]|=36.36Nm u_axis=(+7.56,-25.65,-2.36,+23.63,+3.50,-5.48,-0.83)Nm λ_n_max=1.058 η_n_max=1.279 primal=4.936 iters=25/25 lcp_res_max=nan
[ADMIT-GUARD] step=39 admit_active=0 latch=0/0 ee_z=0.148 gate_cap=0
[ALT-GATE] step=39 target_stable=0/0 allow_descent=1
[GS-tgt] step=39 ee=(-0.005,-0.016,+0.148) p_repos=(-0.023,-0.080,+0.030) ee_to_target=0.135m target_label=prev_repos target_changed=N delta=0.000m
[GS] step=39 mode=free switch=kStayInRepos best_k=0 best_src=prev_repos curr_cost=133789.40 repos_cost=192203.40 best_other=192203.40 met_progress=Y steps_since_improve=37 switches=0
[STEP] step=39 mode=free t=0.390s ee=(-0.005,-0.016,+0.148) obj=(+0.000,+0.000,+0.050) goal_dist=0.300m switch=kStayInRepos target=(-0.005,-0.018,+0.150) ee_stride=0.003m ee_to_ptarget=0.135m landing_err=0.0941m ik_ok=Y ik_resid=0.0001m q_max_resid_deg=9.21 target_changed=Y retgt=N held_idx=1 held_cost=192203.40 won_cost=192203.40 margin=+0.00 won_src=prev_repos held_valid=Y reason=hold setpoint_to_ptarget=nanm finished_val=0.1355m finished_thresh=0.0200m pd_resid=nanm nextwp_to_ptarget=nanm guide_terminal_err=nanm
[GATE-EVOLVE] step=39 curr=133789.40 best_other=192203.40 ratio=0.6961 ee_to_optimal=0.0810m phi=0.0228m
[STAGE-A-TRACE] step=39 sim_t=0.390 mode=free phi=0.02279 box_xy=+0.00000,+0.00000 lam_n_ee_box=nan qy=+0.00001 qz=-0.00000 finished_repos=0
[DRAKE-CONTACT] step=39 n_pairs=1 ee_box_normal=0.000
[GATE-CONTACT] step=39 F_W=(+0.0000,+0.0000,+0.0000) F_on_box=(-0.0000,-0.0000,-0.0000) n_face_out=(-0.0000,-0.0000,-0.0000) A_is_ee=0 box_q=(+1.00000,-0.00001,+0.00001,-0.00000) box_p=(+0.00000,+0.00000,+0.04999) ee_p=(-0.00451,-0.01565,+0.14778)
[EErel] along_push=+0.005m (neg=correct)  perp=0.018m  ee_to_box=0.018m  stage=3  obj=[0. 0.]  g_hat=[-1. -0.]
[proxy] err=0.130m  effective=[0.078 0.006 0.05 ]
[ADMM-C3+] primal: 6.1274->4.9359  dual: 109.8105->80.3187  mono=False  iters=25/25  rho=25.0
[ADMM-C3+] WARNING non-converged: pr=4.9359 dr=80.3187 tol=1e-03
[C3+] step=117 |u[0]|=36.42Nm u_axis=(+7.58,-25.57,-2.79,+23.81,+3.57,-5.20,-0.82)Nm λ_n_max=1.058 η_n_max=1.279 primal=4.936 iters=25/25 lcp_res_max=nan
[ADMIT-GUARD] step=40 admit_active=0 latch=0/0 ee_z=0.148 gate_cap=0
[ALT-GATE] step=40 target_stable=0/0 allow_descent=1
[GS-tgt] step=40 ee=(-0.005,-0.018,+0.148) p_repos=(-0.023,-0.080,+0.030) ee_to_target=0.135m target_label=prev_repos target_changed=N delta=0.000m
[IMP] step=40 mode=free |x_err|=0.0030m |tau_imp|=0.93Nm |tau_ff|=0.00Nm |tau_out|=0.93Nm sat=False lam_n=False lam_t=False
[GS] step=40 mode=free switch=kStayInRepos best_k=0 best_src=prev_repos curr_cost=133832.14 repos_cost=192238.04 best_other=192238.04 met_progress=Y steps_since_improve=38 switches=0
[STEP] step=40 mode=free t=0.400s ee=(-0.005,-0.018,+0.148) obj=(+0.000,+0.000,+0.050) goal_dist=0.300m switch=kStayInRepos target=(-0.005,-0.020,+0.150) ee_stride=0.003m ee_to_ptarget=0.135m landing_err=0.0901m ik_ok=Y ik_resid=0.0001m q_max_resid_deg=8.58 target_changed=Y retgt=N held_idx=1 held_cost=192238.04 won_cost=192238.04 margin=+0.00 won_src=prev_repos held_valid=Y reason=hold setpoint_to_ptarget=nanm finished_val=0.1347m finished_thresh=0.0200m pd_resid=nanm nextwp_to_ptarget=nanm guide_terminal_err=nanm
[GATE-EVOLVE] step=40 curr=133832.14 best_other=192238.04 ratio=0.6962 ee_to_optimal=0.0820m phi=0.0230m
[STAGE-A-TRACE] step=40 sim_t=0.400 mode=free phi=0.02304 box_xy=+0.00000,+0.00000 lam_n_ee_box=nan qy=+0.00001 qz=-0.00000 finished_repos=0
[GS-table] step=40
  k=0 (current   ) pos=(-0.005,-0.018,+0.148) c_C3= 133832.14 align=0.0000(bonus=    0.00) rot=+0.0000(bonus=    0.00) travel=0.000m(pen=  0.00) c_sample= 133832.14 feas=Y ik_err=0.0000m  ← WIN
  k=1 (prev_repos) pos=(-0.023,-0.080,+0.030) c_C3= 192211.10 align=0.0000(bonus=    0.00) rot=+0.0000(bonus=    0.00) travel=0.135m(pen= 26.94) c_sample= 192238.04 feas=Y ik_err=0.0010m
  k=2 (strat_0   ) pos=(+0.046,+0.080,+0.030) c_C3= 226296.54 align=0.0000(bonus=    0.15) rot=+0.0000(bonus=    0.00) travel=0.161m(pen= 32.29) c_sample= 226328.68 feas=Y ik_err=0.0004m
[DRAKE-CONTACT] step=40 n_pairs=1 ee_box_normal=0.000
[GATE-CONTACT] step=40 F_W=(+0.0000,+0.0000,+0.0000) F_on_box=(-0.0000,-0.0000,-0.0000) n_face_out=(-0.0000,-0.0000,-0.0000) A_is_ee=0 box_q=(+1.00000,-0.00001,+0.00001,-0.00000) box_p=(+0.00000,+0.00000,+0.04999) ee_p=(-0.00507,-0.01763,+0.14803)
[EErel] along_push=+0.006m (neg=correct)  perp=0.020m  ee_to_box=0.020m  stage=3  obj=[0. 0.]  g_hat=[-1. -0.]
[proxy] err=0.134m  effective=[0.081 0.008 0.05 ]
[ADMM-C3+] primal: 6.1274->4.9359  dual: 109.8105->80.3187  mono=False  iters=25/25  rho=25.0
[ADMM-C3+] WARNING non-converged: pr=4.9359 dr=80.3187 tol=1e-03
[C3+] step=120 |u[0]|=36.49Nm u_axis=(+7.59,-25.51,-3.21,+23.97,+3.65,-4.91,-0.81)Nm λ_n_max=1.058 η_n_max=1.279 primal=4.936 iters=25/25 lcp_res_max=nan
[ADMIT-GUARD] step=41 admit_active=0 latch=0/0 ee_z=0.148 gate_cap=0
[ALT-GATE] step=41 target_stable=0/0 allow_descent=1
[GS-tgt] step=41 ee=(-0.006,-0.020,+0.148) p_repos=(-0.023,-0.080,+0.030) ee_to_target=0.134m target_label=prev_repos target_changed=N delta=0.000m
[GS] step=41 mode=free switch=kStayInRepos best_k=0 best_src=prev_repos curr_cost=133877.40 repos_cost=192259.71 best_other=192259.71 met_progress=Y steps_since_improve=39 switches=0
[STEP] step=41 mode=free t=0.410s ee=(-0.006,-0.020,+0.148) obj=(+0.000,+0.000,+0.050) goal_dist=0.300m switch=kStayInRepos target=(-0.006,-0.022,+0.150) ee_stride=0.003m ee_to_ptarget=0.134m landing_err=0.0861m ik_ok=Y ik_resid=0.0001m q_max_resid_deg=7.95 target_changed=Y retgt=N held_idx=1 held_cost=192259.71 won_cost=192259.71 margin=+0.00 won_src=prev_repos held_valid=Y reason=hold setpoint_to_ptarget=nanm finished_val=0.1339m finished_thresh=0.0200m pd_resid=nanm nextwp_to_ptarget=nanm guide_terminal_err=nanm
[GATE-EVOLVE] step=41 curr=133877.40 best_other=192259.71 ratio=0.6963 ee_to_optimal=0.0830m phi=0.0233m
[STAGE-A-TRACE] step=41 sim_t=0.410 mode=free phi=0.02328 box_xy=+0.00000,+0.00000 lam_n_ee_box=nan qy=+0.00001 qz=-0.00000 finished_repos=0
[DRAKE-CONTACT] step=41 n_pairs=1 ee_box_normal=0.000
[GATE-CONTACT] step=41 F_W=(+0.0000,+0.0000,+0.0000) F_on_box=(-0.0000,-0.0000,-0.0000) n_face_out=(-0.0000,-0.0000,-0.0000) A_is_ee=0 box_q=(+1.00000,-0.00001,+0.00001,-0.00000) box_p=(+0.00000,+0.00000,+0.04999) ee_p=(-0.00562,-0.01961,+0.14827)
[EErel] along_push=+0.006m (neg=correct)  perp=0.022m  ee_to_box=0.022m  stage=3  obj=[0. 0.]  g_hat=[-1. -0.]
[proxy] err=0.137m  effective=[0.084 0.009 0.05 ]
[ADMM-C3+] primal: 6.1274->4.9359  dual: 109.8105->80.3187  mono=False  iters=25/25  rho=25.0
[ADMM-C3+] WARNING non-converged: pr=4.9359 dr=80.3187 tol=1e-03
[C3+] step=123 |u[0]|=36.56Nm u_axis=(+7.59,-25.44,-3.62,+24.14,+3.72,-4.62,-0.80)Nm λ_n_max=1.058 η_n_max=1.279 primal=4.936 iters=25/25 lcp_res_max=nan
[ADMIT-GUARD] step=42 admit_active=0 latch=0/0 ee_z=0.149 gate_cap=0
[ALT-GATE] step=42 target_stable=0/0 allow_descent=1
[GS-tgt] step=42 ee=(-0.006,-0.022,+0.149) p_repos=(-0.023,-0.080,+0.030) ee_to_target=0.133m target_label=prev_repos target_changed=N delta=0.000m
[GS] step=42 mode=free switch=kStayInRepos best_k=0 best_src=prev_repos curr_cost=133925.50 repos_cost=192312.60 best_other=192312.60 met_progress=Y steps_since_improve=40 switches=0
[STEP] step=42 mode=free t=0.420s ee=(-0.006,-0.022,+0.149) obj=(+0.000,+0.000,+0.050) goal_dist=0.300m switch=kStayInRepos target=(-0.007,-0.023,+0.150) ee_stride=0.002m ee_to_ptarget=0.133m landing_err=0.0821m ik_ok=Y ik_resid=0.0002m q_max_resid_deg=7.32 target_changed=Y retgt=N held_idx=1 held_cost=192312.60 won_cost=192312.60 margin=+0.00 won_src=prev_repos held_valid=Y reason=hold setpoint_to_ptarget=nanm finished_val=0.1332m finished_thresh=0.0200m pd_resid=nanm nextwp_to_ptarget=nanm guide_terminal_err=nanm
[GATE-EVOLVE] step=42 curr=133925.50 best_other=192312.60 ratio=0.6964 ee_to_optimal=0.0840m phi=0.0235m
[STAGE-A-TRACE] step=42 sim_t=0.420 mode=free phi=0.02351 box_xy=+0.00000,+0.00000 lam_n_ee_box=nan qy=+0.00001 qz=-0.00000 finished_repos=0
[DRAKE-CONTACT] step=42 n_pairs=1 ee_box_normal=0.000
[GATE-CONTACT] step=42 F_W=(+0.0000,+0.0000,+0.0000) F_on_box=(-0.0000,-0.0000,-0.0000) n_face_out=(-0.0000,-0.0000,-0.0000) A_is_ee=0 box_q=(+1.00000,-0.00001,+0.00001,-0.00000) box_p=(+0.00000,+0.00000,+0.04999) ee_p=(-0.00618,-0.02157,+0.14850)
[EErel] along_push=+0.007m (neg=correct)  perp=0.024m  ee_to_box=0.024m  stage=3  obj=[0. 0.]  g_hat=[-1. -0.]
[proxy] err=0.140m  effective=[0.087 0.011 0.05 ]
[ADMM-C3+] primal: 6.1274->4.9359  dual: 109.8105->80.3187  mono=False  iters=25/25  rho=25.0
[ADMM-C3+] WARNING non-converged: pr=4.9359 dr=80.3187 tol=1e-03
[C3+] step=126 |u[0]|=36.65Nm u_axis=(+7.60,-25.38,-4.03,+24.31,+3.79,-4.32,-0.79)Nm λ_n_max=1.058 η_n_max=1.279 primal=4.936 iters=25/25 lcp_res_max=nan
[ADMIT-GUARD] step=43 admit_active=0 latch=0/0 ee_z=0.149 gate_cap=0
[ALT-GATE] step=43 target_stable=0/0 allow_descent=1
[GS-tgt] step=43 ee=(-0.007,-0.024,+0.149) p_repos=(-0.023,-0.080,+0.030) ee_to_target=0.132m target_label=prev_repos target_changed=N delta=0.000m
[GS] step=43 mode=free switch=kStayInRepos best_k=0 best_src=prev_repos curr_cost=133976.06 repos_cost=192377.42 best_other=192377.42 met_progress=Y steps_since_improve=41 switches=0
[STEP] step=43 mode=free t=0.430s ee=(-0.007,-0.024,+0.149) obj=(+0.000,+0.000,+0.050) goal_dist=0.300m switch=kStayInRepos target=(-0.007,-0.025,+0.150) ee_stride=0.002m ee_to_ptarget=0.132m landing_err=0.0781m ik_ok=Y ik_resid=0.0002m q_max_resid_deg=6.69 target_changed=Y retgt=N held_idx=1 held_cost=192377.42 won_cost=192377.42 margin=+0.00 won_src=prev_repos held_valid=Y reason=hold setpoint_to_ptarget=nanm finished_val=0.1325m finished_thresh=0.0200m pd_resid=nanm nextwp_to_ptarget=nanm guide_terminal_err=nanm
[GATE-EVOLVE] step=43 curr=133976.06 best_other=192377.42 ratio=0.6964 ee_to_optimal=0.0850m phi=0.0237m
[STAGE-A-TRACE] step=43 sim_t=0.430 mode=free phi=0.02372 box_xy=+0.00000,+0.00000 lam_n_ee_box=nan qy=+0.00001 qz=-0.00000 finished_repos=0
[DRAKE-CONTACT] step=43 n_pairs=1 ee_box_normal=0.000
[GATE-CONTACT] step=43 F_W=(+0.0000,+0.0000,+0.0000) F_on_box=(-0.0000,-0.0000,-0.0000) n_face_out=(-0.0000,-0.0000,-0.0000) A_is_ee=0 box_q=(+1.00000,-0.00001,+0.00001,-0.00000) box_p=(+0.00000,+0.00000,+0.04999) ee_p=(-0.00672,-0.02351,+0.14871)
[EErel] along_push=+0.007m (neg=correct)  perp=0.025m  ee_to_box=0.026m  stage=3  obj=[0. 0.]  g_hat=[-1. -0.]
[proxy] err=0.144m  effective=[0.09  0.013 0.05 ]
[ADMM-C3+] primal: 6.1274->4.9359  dual: 109.8105->80.3187  mono=False  iters=25/25  rho=25.0
[ADMM-C3+] WARNING non-converged: pr=4.9359 dr=80.3187 tol=1e-03
[C3+] step=129 |u[0]|=36.75Nm u_axis=(+7.62,-25.33,-4.43,+24.48,+3.86,-4.01,-0.79)Nm λ_n_max=1.058 η_n_max=1.279 primal=4.936 iters=25/25 lcp_res_max=nan
[ADMIT-GUARD] step=44 admit_active=0 latch=0/0 ee_z=0.149 gate_cap=0
[ALT-GATE] step=44 target_stable=0/0 allow_descent=1
[GS-tgt] step=44 ee=(-0.007,-0.025,+0.149) p_repos=(-0.023,-0.080,+0.030) ee_to_target=0.132m target_label=prev_repos target_changed=N delta=0.000m
[GS] step=44 mode=free switch=kStayInRepos best_k=0 best_src=prev_repos curr_cost=134029.46 repos_cost=192448.20 best_other=192448.20 met_progress=Y steps_since_improve=42 switches=0
[STEP] step=44 mode=free t=0.440s ee=(-0.007,-0.025,+0.149) obj=(+0.000,+0.000,+0.050) goal_dist=0.300m switch=kStayInRepos target=(-0.008,-0.027,+0.150) ee_stride=0.002m ee_to_ptarget=0.132m landing_err=0.0741m ik_ok=Y ik_resid=0.0002m q_max_resid_deg=6.05 target_changed=Y retgt=N held_idx=1 held_cost=192448.20 won_cost=192448.20 margin=+0.00 won_src=prev_repos held_valid=Y reason=hold setpoint_to_ptarget=nanm finished_val=0.1318m finished_thresh=0.0200m pd_resid=nanm nextwp_to_ptarget=nanm guide_terminal_err=nanm
[GATE-EVOLVE] step=44 curr=134029.46 best_other=192448.20 ratio=0.6964 ee_to_optimal=0.0861m phi=0.0239m
[STAGE-A-TRACE] step=44 sim_t=0.440 mode=free phi=0.02391 box_xy=+0.00000,+0.00000 lam_n_ee_box=nan qy=+0.00001 qz=-0.00000 finished_repos=0
[DRAKE-CONTACT] step=44 n_pairs=1 ee_box_normal=0.000
[GATE-CONTACT] step=44 F_W=(+0.0000,+0.0000,+0.0000) F_on_box=(-0.0000,-0.0000,-0.0000) n_face_out=(-0.0000,-0.0000,-0.0000) A_is_ee=0 box_q=(+1.00000,-0.00001,+0.00001,-0.00000) box_p=(+0.00000,+0.00000,+0.04999) ee_p=(-0.00726,-0.02544,+0.14891)
[EErel] along_push=+0.008m (neg=correct)  perp=0.027m  ee_to_box=0.028m  stage=3  obj=[0. 0.]  g_hat=[-1. -0.]
[proxy] err=0.147m  effective=[0.093 0.015 0.05 ]
[ADMM-C3+] primal: 6.1274->4.9359  dual: 109.8105->80.3187  mono=False  iters=25/25  rho=25.0
[ADMM-C3+] WARNING non-converged: pr=4.9359 dr=80.3187 tol=1e-03
[C3+] step=132 |u[0]|=36.86Nm u_axis=(+7.63,-25.28,-4.83,+24.66,+3.93,-3.70,-0.78)Nm λ_n_max=1.058 η_n_max=1.279 primal=4.936 iters=25/25 lcp_res_max=nan
[ADMIT-GUARD] step=45 admit_active=0 latch=0/0 ee_z=0.149 gate_cap=0
[ALT-GATE] step=45 target_stable=0/0 allow_descent=1
[GS-tgt] step=45 ee=(-0.008,-0.027,+0.149) p_repos=(-0.023,-0.080,+0.030) ee_to_target=0.131m target_label=prev_repos target_changed=N delta=0.000m
[GS] step=45 mode=free switch=kStayInRepos best_k=0 best_src=prev_repos curr_cost=134085.81 repos_cost=192522.70 best_other=192522.70 met_progress=Y steps_since_improve=43 switches=0
[STEP] step=45 mode=free t=0.450s ee=(-0.008,-0.027,+0.149) obj=(+0.000,+0.000,+0.050) goal_dist=0.300m switch=kStayInRepos target=(-0.008,-0.028,+0.150) ee_stride=0.001m ee_to_ptarget=0.131m landing_err=0.0701m ik_ok=Y ik_resid=0.0003m q_max_resid_deg=5.42 target_changed=Y retgt=N held_idx=1 held_cost=192522.70 won_cost=192522.70 margin=+0.00 won_src=prev_repos held_valid=Y reason=hold setpoint_to_ptarget=nanm finished_val=0.1311m finished_thresh=0.0200m pd_resid=nanm nextwp_to_ptarget=nanm guide_terminal_err=nanm
[GATE-EVOLVE] step=45 curr=134085.81 best_other=192522.70 ratio=0.6965 ee_to_optimal=0.0872m phi=0.0241m
[STAGE-A-TRACE] step=45 sim_t=0.450 mode=free phi=0.02409 box_xy=+0.00000,+0.00000 lam_n_ee_box=nan qy=+0.00001 qz=+0.00000 finished_repos=0
[DRAKE-CONTACT] step=45 n_pairs=1 ee_box_normal=0.000
[GATE-CONTACT] step=45 F_W=(+0.0000,+0.0000,+0.0000) F_on_box=(-0.0000,-0.0000,-0.0000) n_face_out=(-0.0000,-0.0000,-0.0000) A_is_ee=0 box_q=(+1.00000,-0.00001,+0.00001,+0.00000) box_p=(+0.00000,+0.00000,+0.04999) ee_p=(-0.00779,-0.02735,+0.14908)
[EErel] along_push=+0.008m (neg=correct)  perp=0.029m  ee_to_box=0.030m  stage=3  obj=[0. 0.]  g_hat=[-1. -0.]
[proxy] err=0.151m  effective=[0.096 0.017 0.05 ]
[ADMM-C3+] primal: 6.1274->4.9359  dual: 109.8105->80.3187  mono=False  iters=25/25  rho=25.0
[ADMM-C3+] WARNING non-converged: pr=4.9359 dr=80.3187 tol=1e-03
[C3+] step=135 |u[0]|=36.98Nm u_axis=(+7.64,-25.23,-5.23,+24.84,+4.00,-3.40,-0.77)Nm λ_n_max=1.058 η_n_max=1.279 primal=4.936 iters=25/25 lcp_res_max=nan
[ADMIT-GUARD] step=46 admit_active=0 latch=0/0 ee_z=0.149 gate_cap=0
[ALT-GATE] step=46 target_stable=0/0 allow_descent=1
[GS-tgt] step=46 ee=(-0.008,-0.029,+0.149) p_repos=(-0.023,-0.080,+0.030) ee_to_target=0.130m target_label=prev_repos target_changed=N delta=0.000m
[GS] step=46 mode=free switch=kStayInRepos best_k=0 best_src=prev_repos curr_cost=134145.26 repos_cost=192599.15 best_other=192599.15 met_progress=Y steps_since_improve=44 switches=0
[STEP] step=46 mode=free t=0.460s ee=(-0.008,-0.029,+0.149) obj=(+0.000,+0.000,+0.050) goal_dist=0.300m switch=kStayInRepos target=(-0.009,-0.030,+0.150) ee_stride=0.001m ee_to_ptarget=0.130m landing_err=0.0661m ik_ok=Y ik_resid=0.0003m q_max_resid_deg=4.79 target_changed=Y retgt=N held_idx=1 held_cost=192599.15 won_cost=192599.15 margin=+0.00 won_src=prev_repos held_valid=Y reason=hold setpoint_to_ptarget=nanm finished_val=0.1304m finished_thresh=0.0200m pd_resid=nanm nextwp_to_ptarget=nanm guide_terminal_err=nanm
[GATE-EVOLVE] step=46 curr=134145.26 best_other=192599.15 ratio=0.6965 ee_to_optimal=0.0883m phi=0.0242m
[STAGE-A-TRACE] step=46 sim_t=0.460 mode=free phi=0.02424 box_xy=+0.00000,+0.00000 lam_n_ee_box=nan qy=+0.00001 qz=-0.00000 finished_repos=0
[DRAKE-CONTACT] step=46 n_pairs=1 ee_box_normal=0.000
[GATE-CONTACT] step=46 F_W=(+0.0000,+0.0000,+0.0000) F_on_box=(-0.0000,-0.0000,-0.0000) n_face_out=(-0.0000,-0.0000,-0.0000) A_is_ee=0 box_q=(+1.00000,-0.00001,+0.00001,-0.00000) box_p=(+0.00000,+0.00000,+0.04999) ee_p=(-0.00833,-0.02924,+0.14923)
[EErel] along_push=+0.009m (neg=correct)  perp=0.031m  ee_to_box=0.032m  stage=3  obj=[0. 0.]  g_hat=[-1. -0.]
[proxy] err=0.155m  effective=[0.099 0.019 0.05 ]
[ADMM-C3+] primal: 6.1274->4.9359  dual: 109.8105->80.3187  mono=False  iters=25/25  rho=25.0
[ADMM-C3+] WARNING non-converged: pr=4.9359 dr=80.3187 tol=1e-03
[C3+] step=138 |u[0]|=37.12Nm u_axis=(+7.66,-25.18,-5.63,+25.04,+4.07,-3.09,-0.76)Nm λ_n_max=1.058 η_n_max=1.279 primal=4.936 iters=25/25 lcp_res_max=nan
[ADMIT-GUARD] step=47 admit_active=0 latch=0/0 ee_z=0.149 gate_cap=0
[ALT-GATE] step=47 target_stable=0/0 allow_descent=1
[GS-tgt] step=47 ee=(-0.009,-0.031,+0.149) p_repos=(-0.023,-0.080,+0.030) ee_to_target=0.130m target_label=prev_repos target_changed=N delta=0.000m
[GS] step=47 mode=free switch=kStayInRepos best_k=0 best_src=prev_repos curr_cost=134207.96 repos_cost=192675.81 best_other=192675.81 met_progress=Y steps_since_improve=45 switches=0
[STEP] step=47 mode=free t=0.470s ee=(-0.009,-0.031,+0.149) obj=(+0.000,+0.000,+0.050) goal_dist=0.300m switch=kStayInRepos target=(-0.009,-0.032,+0.150) ee_stride=0.001m ee_to_ptarget=0.130m landing_err=0.0621m ik_ok=Y ik_resid=0.0003m q_max_resid_deg=4.17 target_changed=Y retgt=N held_idx=1 held_cost=192675.81 won_cost=192675.81 margin=+0.00 won_src=prev_repos held_valid=Y reason=hold setpoint_to_ptarget=nanm finished_val=0.1298m finished_thresh=0.0200m pd_resid=nanm nextwp_to_ptarget=nanm guide_terminal_err=nanm
[GATE-EVOLVE] step=47 curr=134207.96 best_other=192675.81 ratio=0.6965 ee_to_optimal=0.0894m phi=0.0244m
[STAGE-A-TRACE] step=47 sim_t=0.470 mode=free phi=0.02438 box_xy=+0.00000,+0.00000 lam_n_ee_box=nan qy=+0.00001 qz=-0.00000 finished_repos=0
[DRAKE-CONTACT] step=47 n_pairs=1 ee_box_normal=0.000
[GATE-CONTACT] step=47 F_W=(+0.0000,+0.0000,+0.0000) F_on_box=(-0.0000,-0.0000,-0.0000) n_face_out=(-0.0000,-0.0000,-0.0000) A_is_ee=0 box_q=(+1.00000,-0.00001,+0.00001,-0.00000) box_p=(+0.00000,+0.00000,+0.04999) ee_p=(-0.00885,-0.03111,+0.14937)
[EErel] along_push=+0.009m (neg=correct)  perp=0.033m  ee_to_box=0.034m  stage=3  obj=[0. 0.]  g_hat=[-1. -0.]
[proxy] err=0.159m  effective=[0.101 0.022 0.05 ]
[ADMM-C3+] primal: 6.1274->4.9359  dual: 109.8105->80.3187  mono=False  iters=25/25  rho=25.0
[ADMM-C3+] WARNING non-converged: pr=4.9359 dr=80.3187 tol=1e-03
[C3+] step=141 |u[0]|=37.28Nm u_axis=(+7.68,-25.13,-6.03,+25.25,+4.15,-2.78,-0.75)Nm λ_n_max=1.058 η_n_max=1.279 primal=4.936 iters=25/25 lcp_res_max=nan
[ADMIT-GUARD] step=48 admit_active=0 latch=0/0 ee_z=0.149 gate_cap=0
[ALT-GATE] step=48 target_stable=0/0 allow_descent=1
[GS-tgt] step=48 ee=(-0.009,-0.033,+0.149) p_repos=(-0.023,-0.080,+0.030) ee_to_target=0.129m target_label=prev_repos target_changed=N delta=0.000m
[GS] step=48 mode=free switch=kStayInRepos best_k=0 best_src=prev_repos curr_cost=134273.85 repos_cost=192751.15 best_other=192751.15 met_progress=Y steps_since_improve=46 switches=0
[STEP] step=48 mode=free t=0.480s ee=(-0.009,-0.033,+0.149) obj=(+0.000,+0.000,+0.050) goal_dist=0.300m switch=kStayInRepos target=(-0.010,-0.034,+0.150) ee_stride=0.001m ee_to_ptarget=0.129m landing_err=0.0581m ik_ok=Y ik_resid=0.0003m q_max_resid_deg=4.84 target_changed=Y retgt=N held_idx=1 held_cost=192751.15 won_cost=192751.15 margin=+0.00 won_src=prev_repos held_valid=Y reason=hold setpoint_to_ptarget=nanm finished_val=0.1291m finished_thresh=0.0200m pd_resid=nanm nextwp_to_ptarget=nanm guide_terminal_err=nanm
[GATE-EVOLVE] step=48 curr=134273.85 best_other=192751.15 ratio=0.6966 ee_to_optimal=0.0906m phi=0.0245m
[STAGE-A-TRACE] step=48 sim_t=0.480 mode=free phi=0.02450 box_xy=+0.00000,+0.00000 lam_n_ee_box=nan qy=+0.00001 qz=-0.00000 finished_repos=0
[DRAKE-CONTACT] step=48 n_pairs=1 ee_box_normal=0.000
[GATE-CONTACT] step=48 F_W=(+0.0000,+0.0000,+0.0000) F_on_box=(-0.0000,-0.0000,-0.0000) n_face_out=(-0.0000,-0.0000,-0.0000) A_is_ee=0 box_q=(+1.00000,-0.00001,+0.00001,-0.00000) box_p=(+0.00000,+0.00000,+0.04999) ee_p=(-0.00938,-0.03297,+0.14949)
[EErel] along_push=+0.010m (neg=correct)  perp=0.035m  ee_to_box=0.036m  stage=3  obj=[0. 0.]  g_hat=[-1. -0.]
[proxy] err=0.163m  effective=[0.104 0.024 0.05 ]
[ADMM-C3+] primal: 6.1274->4.9359  dual: 109.8105->80.3187  mono=False  iters=25/25  rho=25.0
[ADMM-C3+] WARNING non-converged: pr=4.9359 dr=80.3187 tol=1e-03
[C3+] step=144 |u[0]|=37.46Nm u_axis=(+7.69,-25.09,-6.43,+25.47,+4.22,-2.47,-0.75)Nm λ_n_max=1.058 η_n_max=1.279 primal=4.936 iters=25/25 lcp_res_max=nan
[ADMIT-GUARD] step=49 admit_active=0 latch=0/0 ee_z=0.150 gate_cap=0
[ALT-GATE] step=49 target_stable=0/0 allow_descent=1
[GS-tgt] step=49 ee=(-0.010,-0.035,+0.150) p_repos=(-0.023,-0.080,+0.030) ee_to_target=0.129m target_label=prev_repos target_changed=N delta=0.000m
[GS] step=49 mode=free switch=kStayInRepos best_k=0 best_src=prev_repos curr_cost=134343.34 repos_cost=192825.25 best_other=192825.25 met_progress=Y steps_since_improve=47 switches=0
[STEP] step=49 mode=free t=0.490s ee=(-0.010,-0.035,+0.150) obj=(+0.000,+0.000,+0.050) goal_dist=0.300m switch=kStayInRepos target=(-0.010,-0.035,+0.150) ee_stride=0.001m ee_to_ptarget=0.129m landing_err=0.0541m ik_ok=Y ik_resid=0.0003m q_max_resid_deg=5.76 target_changed=Y retgt=N held_idx=1 held_cost=192825.25 won_cost=192825.25 margin=+0.00 won_src=prev_repos held_valid=Y reason=hold setpoint_to_ptarget=nanm finished_val=0.1285m finished_thresh=0.0200m pd_resid=nanm nextwp_to_ptarget=nanm guide_terminal_err=nanm
[GATE-EVOLVE] step=49 curr=134343.34 best_other=192825.25 ratio=0.6967 ee_to_optimal=0.0918m phi=0.0246m
[STAGE-A-TRACE] step=49 sim_t=0.490 mode=free phi=0.02461 box_xy=+0.00000,+0.00000 lam_n_ee_box=nan qy=+0.00001 qz=-0.00000 finished_repos=0
[DRAKE-CONTACT] step=49 n_pairs=1 ee_box_normal=0.000
[GATE-CONTACT] step=49 F_W=(+0.0000,+0.0000,+0.0000) F_on_box=(-0.0000,-0.0000,-0.0000) n_face_out=(-0.0000,-0.0000,-0.0000) A_is_ee=0 box_q=(+1.00000,-0.00001,+0.00001,-0.00000) box_p=(+0.00000,+0.00000,+0.04999) ee_p=(-0.00990,-0.03480,+0.14960)
[EErel] along_push=+0.010m (neg=correct)  perp=0.037m  ee_to_box=0.038m  stage=3  obj=[0. 0.]  g_hat=[-1. -0.]
[proxy] err=0.167m  effective=[0.107 0.027 0.05 ]
[ADMM-C3+] primal: 6.1274->4.9359  dual: 109.8105->80.3187  mono=False  iters=25/25  rho=25.0
[ADMM-C3+] WARNING non-converged: pr=4.9359 dr=80.3187 tol=1e-03
[C3+] step=147 |u[0]|=37.65Nm u_axis=(+7.70,-25.05,-6.82,+25.70,+4.29,-2.15,-0.74)Nm λ_n_max=1.058 η_n_max=1.279 primal=4.936 iters=25/25 lcp_res_max=nan
[ADMIT-GUARD] step=50 admit_active=0 latch=0/0 ee_z=0.150 gate_cap=0
[ALT-GATE] step=50 target_stable=0/0 allow_descent=1
[GS-tgt] step=50 ee=(-0.010,-0.037,+0.150) p_repos=(-0.023,-0.080,+0.030) ee_to_target=0.128m target_label=prev_repos target_changed=N delta=0.000m
[IMP] step=50 mode=free |x_err|=0.0006m |tau_imp|=1.33Nm |tau_ff|=0.00Nm |tau_out|=1.33Nm sat=False lam_n=False lam_t=False
[GS] step=50 mode=free switch=kStayInRepos best_k=0 best_src=prev_repos curr_cost=134416.57 repos_cost=192897.55 best_other=192897.55 met_progress=Y steps_since_improve=48 switches=0
[STEP] step=50 mode=free t=0.500s ee=(-0.010,-0.037,+0.150) obj=(+0.000,+0.000,+0.050) goal_dist=0.300m switch=kStayInRepos target=(-0.011,-0.037,+0.150) ee_stride=0.001m ee_to_ptarget=0.128m landing_err=0.0501m ik_ok=Y ik_resid=0.0004m q_max_resid_deg=6.67 target_changed=Y retgt=N held_idx=1 held_cost=192897.55 won_cost=192897.55 margin=+0.00 won_src=prev_repos held_valid=Y reason=hold setpoint_to_ptarget=nanm finished_val=0.1279m finished_thresh=0.0200m pd_resid=nanm nextwp_to_ptarget=nanm guide_terminal_err=nanm
[GATE-EVOLVE] step=50 curr=134416.57 best_other=192897.55 ratio=0.6968 ee_to_optimal=0.0929m phi=0.0247m
[STAGE-A-TRACE] step=50 sim_t=0.500 mode=free phi=0.02470 box_xy=+0.00000,+0.00000 lam_n_ee_box=nan qy=+0.00001 qz=-0.00000 finished_repos=0
[DRAKE-CONTACT] step=50 n_pairs=1 ee_box_normal=0.000
[GATE-CONTACT] step=50 F_W=(+0.0000,+0.0000,+0.0000) F_on_box=(-0.0000,-0.0000,-0.0000) n_face_out=(-0.0000,-0.0000,-0.0000) A_is_ee=0 box_q=(+1.00000,-0.00001,+0.00001,-0.00000) box_p=(+0.00000,+0.00000,+0.04999) ee_p=(-0.01042,-0.03663,+0.14969)
[EErel] along_push=+0.011m (neg=correct)  perp=0.038m  ee_to_box=0.040m  stage=3  obj=[0. 0.]  g_hat=[-1. -0.]
[proxy] err=0.171m  effective=[0.11 0.03 0.05]
[ADMM-C3+] primal: 6.1274->4.9359  dual: 109.8105->80.3187  mono=False  iters=25/25  rho=25.0
[ADMM-C3+] WARNING non-converged: pr=4.9359 dr=80.3187 tol=1e-03
[C3+] step=150 |u[0]|=37.86Nm u_axis=(+7.71,-25.01,-7.22,+25.95,+4.37,-1.84,-0.73)Nm λ_n_max=1.058 η_n_max=1.279 primal=4.936 iters=25/25 lcp_res_max=nan
[ADMIT-GUARD] step=51 admit_active=0 latch=0/0 ee_z=0.150 gate_cap=0
[ALT-GATE] step=51 target_stable=0/0 allow_descent=1
[GS-tgt] step=51 ee=(-0.011,-0.038,+0.150) p_repos=(-0.023,-0.080,+0.030) ee_to_target=0.127m target_label=prev_repos target_changed=N delta=0.000m
[GS] step=51 mode=free switch=kStayInRepos best_k=0 best_src=prev_repos curr_cost=134493.71 repos_cost=192967.67 best_other=192967.67 met_progress=Y steps_since_improve=49 switches=0
[STEP] step=51 mode=free t=0.510s ee=(-0.011,-0.038,+0.150) obj=(+0.000,+0.000,+0.050) goal_dist=0.300m switch=kStayInRepos target=(-0.011,-0.039,+0.150) ee_stride=0.000m ee_to_ptarget=0.127m landing_err=0.0461m ik_ok=Y ik_resid=0.0004m q_max_resid_deg=7.58 target_changed=Y retgt=N held_idx=1 held_cost=192967.67 won_cost=192967.67 margin=+0.00 won_src=prev_repos held_valid=Y reason=hold setpoint_to_ptarget=nanm finished_val=0.1273m finished_thresh=0.0200m pd_resid=nanm nextwp_to_ptarget=nanm guide_terminal_err=nanm
[GATE-EVOLVE] step=51 curr=134493.71 best_other=192967.67 ratio=0.6970 ee_to_optimal=0.0941m phi=0.0248m
[STAGE-A-TRACE] step=51 sim_t=0.510 mode=free phi=0.02477 box_xy=+0.00000,+0.00000 lam_n_ee_box=nan qy=+0.00001 qz=-0.00000 finished_repos=0
  t=0.50s | ee=(-0.011, -0.038, 0.150) | obj=(0.000, 0.000, 0.050) | |u|=1.23 Nm | goal_dist=0.300 m
[DRAKE-CONTACT] step=51 n_pairs=1 ee_box_normal=0.000
[GATE-CONTACT] step=51 F_W=(+0.0000,+0.0000,+0.0000) F_on_box=(-0.0000,-0.0000,-0.0000) n_face_out=(-0.0000,-0.0000,-0.0000) A_is_ee=0 box_q=(+1.00000,-0.00001,+0.00001,-0.00000) box_p=(+0.00000,+0.00000,+0.04999) ee_p=(-0.01093,-0.03844,+0.14977)
[EErel] along_push=+0.011m (neg=correct)  perp=0.040m  ee_to_box=0.042m  stage=3  obj=[0. 0.]  g_hat=[-1. -0.]
[proxy] err=0.175m  effective=[0.113 0.032 0.05 ]
[ADMM-C3+] primal: 6.1274->4.9359  dual: 109.8105->80.3187  mono=False  iters=25/25  rho=25.0
[ADMM-C3+] WARNING non-converged: pr=4.9359 dr=80.3187 tol=1e-03
[C3+] step=153 |u[0]|=38.09Nm u_axis=(+7.73,-24.97,-7.62,+26.21,+4.44,-1.52,-0.73)Nm λ_n_max=1.058 η_n_max=1.279 primal=4.936 iters=25/25 lcp_res_max=nan
[ADMIT-GUARD] step=52 admit_active=0 latch=0/0 ee_z=0.150 gate_cap=0
[ALT-GATE] step=52 target_stable=0/0 allow_descent=1
[GS-tgt] step=52 ee=(-0.011,-0.040,+0.150) p_repos=(-0.023,-0.080,+0.030) ee_to_target=0.127m target_label=prev_repos target_changed=N delta=0.000m
[GS] step=52 mode=free switch=kStayInRepos best_k=0 best_src=prev_repos curr_cost=134575.03 repos_cost=193035.38 best_other=193035.38 met_progress=Y steps_since_improve=50 switches=0
[STEP] step=52 mode=free t=0.520s ee=(-0.011,-0.040,+0.150) obj=(+0.000,+0.000,+0.050) goal_dist=0.300m switch=kStayInRepos target=(-0.012,-0.041,+0.150) ee_stride=0.000m ee_to_ptarget=0.127m landing_err=0.0421m ik_ok=Y ik_resid=0.0004m q_max_resid_deg=8.48 target_changed=Y retgt=N held_idx=1 held_cost=193035.38 won_cost=193035.38 margin=+0.00 won_src=prev_repos held_valid=Y reason=hold setpoint_to_ptarget=nanm finished_val=0.1268m finished_thresh=0.0200m pd_resid=nanm nextwp_to_ptarget=nanm guide_terminal_err=nanm
[GATE-EVOLVE] step=52 curr=134575.03 best_other=193035.38 ratio=0.6972 ee_to_optimal=0.0954m phi=0.0248m
[STAGE-A-TRACE] step=52 sim_t=0.520 mode=free phi=0.02484 box_xy=+0.00000,+0.00000 lam_n_ee_box=nan qy=+0.00001 qz=-0.00000 finished_repos=0
[DRAKE-CONTACT] step=52 n_pairs=1 ee_box_normal=0.000
[GATE-CONTACT] step=52 F_W=(+0.0000,+0.0000,+0.0000) F_on_box=(-0.0000,-0.0000,-0.0000) n_face_out=(-0.0000,-0.0000,-0.0000) A_is_ee=0 box_q=(+1.00000,-0.00001,+0.00001,-0.00000) box_p=(+0.00000,+0.00000,+0.04999) ee_p=(-0.01145,-0.04023,+0.14983)
[EErel] along_push=+0.012m (neg=correct)  perp=0.042m  ee_to_box=0.044m  stage=3  obj=[0. 0.]  g_hat=[-1. -0.]
[proxy] err=0.179m  effective=[0.116 0.035 0.05 ]
[ADMM-C3+] primal: 6.1274->4.9359  dual: 109.8105->80.3187  mono=False  iters=25/25  rho=25.0
[ADMM-C3+] WARNING non-converged: pr=4.9359 dr=80.3187 tol=1e-03
[C3+] step=156 |u[0]|=38.33Nm u_axis=(+7.75,-24.92,-8.02,+26.48,+4.52,-1.21,-0.72)Nm λ_n_max=1.058 η_n_max=1.279 primal=4.936 iters=25/25 lcp_res_max=nan
[ADMIT-GUARD] step=53 admit_active=0 latch=0/0 ee_z=0.150 gate_cap=0
[ALT-GATE] step=53 target_stable=0/0 allow_descent=1
[GS-tgt] step=53 ee=(-0.012,-0.042,+0.150) p_repos=(-0.023,-0.080,+0.030) ee_to_target=0.126m target_label=prev_repos target_changed=N delta=0.000m
[GS] step=53 mode=free switch=kStayInRepos best_k=0 best_src=prev_repos curr_cost=134660.55 repos_cost=193100.57 best_other=193100.57 met_progress=Y steps_since_improve=51 switches=0
[STEP] step=53 mode=free t=0.530s ee=(-0.012,-0.042,+0.150) obj=(+0.000,+0.000,+0.050) goal_dist=0.300m switch=kStayInRepos target=(-0.012,-0.042,+0.150) ee_stride=0.000m ee_to_ptarget=0.126m landing_err=0.0381m ik_ok=Y ik_resid=0.0004m q_max_resid_deg=9.38 target_changed=Y retgt=N held_idx=1 held_cost=193100.57 won_cost=193100.57 margin=+0.00 won_src=prev_repos held_valid=Y reason=hold setpoint_to_ptarget=nanm finished_val=0.1262m finished_thresh=0.0200m pd_resid=nanm nextwp_to_ptarget=nanm guide_terminal_err=nanm
[GATE-EVOLVE] step=53 curr=134660.55 best_other=193100.57 ratio=0.6974 ee_to_optimal=0.0966m phi=0.0249m
[STAGE-A-TRACE] step=53 sim_t=0.530 mode=free phi=0.02490 box_xy=+0.00000,+0.00000 lam_n_ee_box=nan qy=+0.00001 qz=-0.00000 finished_repos=0
[DRAKE-CONTACT] step=53 n_pairs=1 ee_box_normal=0.000
[GATE-CONTACT] step=53 F_W=(+0.0000,+0.0000,+0.0000) F_on_box=(-0.0000,-0.0000,-0.0000) n_face_out=(-0.0000,-0.0000,-0.0000) A_is_ee=0 box_q=(+1.00000,-0.00001,+0.00001,-0.00000) box_p=(+0.00000,+0.00000,+0.04999) ee_p=(-0.01196,-0.04202,+0.14989)
[EErel] along_push=+0.012m (neg=correct)  perp=0.044m  ee_to_box=0.046m  stage=3  obj=[0. 0.]  g_hat=[-1. -0.]
[proxy] err=0.184m  effective=[0.118 0.038 0.05 ]
[ADMM-C3+] primal: 6.1274->4.9359  dual: 109.8105->80.3187  mono=False  iters=25/25  rho=25.0
[ADMM-C3+] WARNING non-converged: pr=4.9359 dr=80.3187 tol=1e-03
[C3+] step=159 |u[0]|=38.58Nm u_axis=(+7.76,-24.88,-8.42,+26.76,+4.60,-0.89,-0.71)Nm λ_n_max=1.058 η_n_max=1.279 primal=4.936 iters=25/25 lcp_res_max=nan
[ADMIT-GUARD] step=54 admit_active=0 latch=0/0 ee_z=0.150 gate_cap=0
[ALT-GATE] step=54 target_stable=0/0 allow_descent=1
[GS-tgt] step=54 ee=(-0.012,-0.044,+0.150) p_repos=(-0.023,-0.080,+0.030) ee_to_target=0.126m target_label=prev_repos target_changed=N delta=0.000m
[GS] step=54 mode=free switch=kStayInRepos best_k=0 best_src=prev_repos curr_cost=134750.65 repos_cost=193163.17 best_other=193163.17 met_progress=Y steps_since_improve=52 switches=0
[STEP] step=54 mode=free t=0.540s ee=(-0.012,-0.044,+0.150) obj=(+0.000,+0.000,+0.050) goal_dist=0.300m switch=kStayInRepos target=(-0.013,-0.044,+0.150) ee_stride=0.000m ee_to_ptarget=0.126m landing_err=0.0341m ik_ok=Y ik_resid=0.0005m q_max_resid_deg=10.28 target_changed=Y retgt=N held_idx=1 held_cost=193163.17 won_cost=193163.17 margin=+0.00 won_src=prev_repos held_valid=Y reason=hold setpoint_to_ptarget=nanm finished_val=0.1257m finished_thresh=0.0200m pd_resid=nanm nextwp_to_ptarget=nanm guide_terminal_err=nanm
[GATE-EVOLVE] step=54 curr=134750.65 best_other=193163.17 ratio=0.6976 ee_to_optimal=0.0978m phi=0.0249m
[STAGE-A-TRACE] step=54 sim_t=0.540 mode=free phi=0.02494 box_xy=+0.00000,+0.00000 lam_n_ee_box=nan qy=+0.00001 qz=-0.00000 finished_repos=0
[DRAKE-CONTACT] step=54 n_pairs=1 ee_box_normal=0.000
[GATE-CONTACT] step=54 F_W=(+0.0000,+0.0000,+0.0000) F_on_box=(-0.0000,-0.0000,-0.0000) n_face_out=(-0.0000,-0.0000,-0.0000) A_is_ee=0 box_q=(+1.00000,-0.00001,+0.00001,-0.00000) box_p=(+0.00000,+0.00000,+0.04999) ee_p=(-0.01247,-0.04380,+0.14994)
[EErel] along_push=+0.013m (neg=correct)  perp=0.046m  ee_to_box=0.047m  stage=3  obj=[0. 0.]  g_hat=[-1. -0.]
[proxy] err=0.189m  effective=[0.121 0.042 0.05 ]
[ADMM-C3+] primal: 6.1274->4.9359  dual: 109.8105->80.3187  mono=False  iters=25/25  rho=25.0
[ADMM-C3+] WARNING non-converged: pr=4.9359 dr=80.3187 tol=1e-03
[C3+] step=162 |u[0]|=38.85Nm u_axis=(+7.78,-24.83,-8.82,+27.05,+4.67,-0.57,-0.70)Nm λ_n_max=1.058 η_n_max=1.279 primal=4.936 iters=25/25 lcp_res_max=nan
[ADMIT-GUARD] step=55 admit_active=0 latch=0/0 ee_z=0.150 gate_cap=0
[ALT-GATE] step=55 target_stable=0/0 allow_descent=1
[GS-tgt] step=55 ee=(-0.013,-0.046,+0.150) p_repos=(-0.023,-0.080,+0.030) ee_to_target=0.125m target_label=prev_repos target_changed=N delta=0.000m
[GS] step=55 mode=free switch=kStayInRepos best_k=0 best_src=prev_repos curr_cost=134845.49 repos_cost=193223.22 best_other=193223.22 met_progress=Y steps_since_improve=53 switches=0
[STEP] step=55 mode=free t=0.550s ee=(-0.013,-0.046,+0.150) obj=(+0.000,+0.000,+0.050) goal_dist=0.300m switch=kStayInRepos target=(-0.013,-0.046,+0.150) ee_stride=0.000m ee_to_ptarget=0.125m landing_err=0.0301m ik_ok=Y ik_resid=0.0005m q_max_resid_deg=11.17 target_changed=Y retgt=N held_idx=1 held_cost=193223.22 won_cost=193223.22 margin=+0.00 won_src=prev_repos held_valid=Y reason=hold setpoint_to_ptarget=nanm finished_val=0.1252m finished_thresh=0.0200m pd_resid=nanm nextwp_to_ptarget=nanm guide_terminal_err=nanm
[GATE-EVOLVE] step=55 curr=134845.49 best_other=193223.22 ratio=0.6979 ee_to_optimal=0.0991m phi=0.0250m
[STAGE-A-TRACE] step=55 sim_t=0.550 mode=free phi=0.02498 box_xy=+0.00000,+0.00000 lam_n_ee_box=nan qy=+0.00001 qz=-0.00000 finished_repos=0
[DRAKE-CONTACT] step=55 n_pairs=1 ee_box_normal=0.000
[GATE-CONTACT] step=55 F_W=(+0.0000,+0.0000,+0.0000) F_on_box=(-0.0000,-0.0000,-0.0000) n_face_out=(-0.0000,-0.0000,-0.0000) A_is_ee=0 box_q=(+1.00000,-0.00001,+0.00001,-0.00000) box_p=(+0.00000,+0.00000,+0.04999) ee_p=(-0.01298,-0.04556,+0.14998)
[EErel] along_push=+0.013m (neg=correct)  perp=0.047m  ee_to_box=0.049m  stage=3  obj=[0. 0.]  g_hat=[-1. -0.]
[proxy] err=0.193m  effective=[0.124 0.045 0.05 ]
[ADMM-C3+] primal: 6.1274->4.9359  dual: 109.8105->80.3187  mono=False  iters=25/25  rho=25.0
[ADMM-C3+] WARNING non-converged: pr=4.9359 dr=80.3187 tol=1e-03
[C3+] step=165 |u[0]|=39.14Nm u_axis=(+7.80,-24.79,-9.22,+27.35,+4.75,-0.25,-0.70)Nm λ_n_max=1.058 η_n_max=1.279 primal=4.936 iters=25/25 lcp_res_max=nan
[ADMIT-GUARD] step=56 admit_active=0 latch=0/0 ee_z=0.150 gate_cap=0
[ALT-GATE] step=56 target_stable=0/0 allow_descent=1
[GS-tgt] step=56 ee=(-0.013,-0.047,+0.150) p_repos=(-0.023,-0.080,+0.030) ee_to_target=0.125m target_label=prev_repos target_changed=N delta=0.000m
[GS] step=56 mode=free switch=kStayInRepos best_k=0 best_src=prev_repos curr_cost=134945.30 repos_cost=193280.76 best_other=193280.76 met_progress=Y steps_since_improve=54 switches=0
[STEP] step=56 mode=free t=0.560s ee=(-0.013,-0.047,+0.150) obj=(+0.000,+0.000,+0.050) goal_dist=0.300m switch=kStayInRepos target=(-0.014,-0.047,+0.150) ee_stride=0.000m ee_to_ptarget=0.125m landing_err=0.0261m ik_ok=Y ik_resid=0.0005m q_max_resid_deg=12.05 target_changed=Y retgt=N held_idx=1 held_cost=193280.76 won_cost=193280.76 margin=+0.00 won_src=prev_repos held_valid=Y reason=hold setpoint_to_ptarget=nanm finished_val=0.1247m finished_thresh=0.0200m pd_resid=nanm nextwp_to_ptarget=nanm guide_terminal_err=nanm
[GATE-EVOLVE] step=56 curr=134945.30 best_other=193280.76 ratio=0.6982 ee_to_optimal=0.1004m phi=0.0250m
[STAGE-A-TRACE] step=56 sim_t=0.560 mode=free phi=0.02502 box_xy=+0.00000,+0.00000 lam_n_ee_box=nan qy=+0.00001 qz=-0.00000 finished_repos=0
[DRAKE-CONTACT] step=56 n_pairs=1 ee_box_normal=0.000
[GATE-CONTACT] step=56 F_W=(+0.0000,+0.0000,+0.0000) F_on_box=(-0.0000,-0.0000,-0.0000) n_face_out=(-0.0000,-0.0000,-0.0000) A_is_ee=0 box_q=(+1.00000,-0.00001,+0.00001,-0.00000) box_p=(+0.00000,+0.00000,+0.04999) ee_p=(-0.01349,-0.04732,+0.15001)
[EErel] along_push=+0.014m (neg=correct)  perp=0.049m  ee_to_box=0.051m  stage=3  obj=[0. 0.]  g_hat=[-1. -0.]
[proxy] err=0.198m  effective=[0.127 0.048 0.05 ]
[ADMM-C3+] primal: 6.1274->4.9359  dual: 109.8105->80.3187  mono=False  iters=25/25  rho=25.0
[ADMM-C3+] WARNING non-converged: pr=4.9359 dr=80.3187 tol=1e-03
[C3+] step=168 |u[0]|=39.44Nm u_axis=(+7.83,-24.74,-9.63,+27.67,+4.83,+0.07,-0.69)Nm λ_n_max=1.058 η_n_max=1.279 primal=4.936 iters=25/25 lcp_res_max=nan
[ADMIT-GUARD] step=57 admit_active=0 latch=0/0 ee_z=0.150 gate_cap=0
[ALT-GATE] step=57 target_stable=0/0 allow_descent=1
[GS-tgt] step=57 ee=(-0.014,-0.049,+0.150) p_repos=(-0.023,-0.080,+0.030) ee_to_target=0.124m target_label=prev_repos target_changed=N delta=0.000m
[GS] step=57 mode=free switch=kStayInRepos best_k=0 best_src=prev_repos curr_cost=135050.31 repos_cost=193335.90 best_other=193335.90 met_progress=Y steps_since_improve=55 switches=0
[STEP] step=57 mode=free t=0.570s ee=(-0.014,-0.049,+0.150) obj=(+0.000,+0.000,+0.050) goal_dist=0.300m switch=kStayInRepos target=(-0.014,-0.049,+0.150) ee_stride=0.000m ee_to_ptarget=0.124m landing_err=0.0221m ik_ok=Y ik_resid=0.0006m q_max_resid_deg=12.93 target_changed=Y retgt=N held_idx=1 held_cost=193335.90 won_cost=193335.90 margin=+0.00 won_src=prev_repos held_valid=Y reason=hold setpoint_to_ptarget=nanm finished_val=0.1243m finished_thresh=0.0200m pd_resid=nanm nextwp_to_ptarget=nanm guide_terminal_err=nanm
[GATE-EVOLVE] step=57 curr=135050.31 best_other=193335.90 ratio=0.6985 ee_to_optimal=0.1016m phi=0.0250m
[STAGE-A-TRACE] step=57 sim_t=0.570 mode=free phi=0.02504 box_xy=+0.00000,+0.00000 lam_n_ee_box=nan qy=+0.00001 qz=-0.00000 finished_repos=0
[DRAKE-CONTACT] step=57 n_pairs=1 ee_box_normal=0.000
[GATE-CONTACT] step=57 F_W=(+0.0000,+0.0000,+0.0000) F_on_box=(-0.0000,-0.0000,-0.0000) n_face_out=(-0.0000,-0.0000,-0.0000) A_is_ee=0 box_q=(+1.00000,-0.00001,+0.00001,-0.00000) box_p=(+0.00000,+0.00000,+0.04999) ee_p=(-0.01400,-0.04908,+0.15004)
[EErel] along_push=+0.015m (neg=correct)  perp=0.051m  ee_to_box=0.053m  stage=3  obj=[0. 0.]  g_hat=[-1. -0.]
[proxy] err=0.203m  effective=[0.129 0.051 0.05 ]
[ADMM-C3+] primal: 6.1274->4.9359  dual: 109.8105->80.3187  mono=False  iters=25/25  rho=25.0
[ADMM-C3+] WARNING non-converged: pr=4.9359 dr=80.3187 tol=1e-03
[C3+] step=171 |u[0]|=39.71Nm u_axis=(+7.82,-24.72,-10.03,+27.92,+4.90,+0.36,-0.68)Nm λ_n_max=1.058 η_n_max=1.279 primal=4.936 iters=25/25 lcp_res_max=nan
[ADMIT-GUARD] step=58 admit_active=0 latch=0/0 ee_z=0.150 gate_cap=0
[ALT-GATE] step=58 target_stable=0/0 allow_descent=1
[GS-tgt] step=58 ee=(-0.015,-0.051,+0.150) p_repos=(-0.023,-0.080,+0.030) ee_to_target=0.124m target_label=prev_repos target_changed=N delta=0.000m
[GS] step=58 mode=free switch=kStayInRepos best_k=0 best_src=prev_repos curr_cost=135150.92 repos_cost=193388.73 best_other=193388.73 met_progress=Y steps_since_improve=56 switches=0
[STEP] step=58 mode=free t=0.580s ee=(-0.015,-0.051,+0.150) obj=(+0.000,+0.000,+0.050) goal_dist=0.300m switch=kStayInRepos target=(-0.015,-0.051,+0.150) ee_stride=0.000m ee_to_ptarget=0.124m landing_err=0.0181m ik_ok=Y ik_resid=0.0006m q_max_resid_deg=13.81 target_changed=Y retgt=N held_idx=1 held_cost=193388.73 won_cost=193388.73 margin=+0.00 won_src=prev_repos held_valid=Y reason=hold setpoint_to_ptarget=nanm finished_val=0.1238m finished_thresh=0.0200m pd_resid=nanm nextwp_to_ptarget=nanm guide_terminal_err=nanm
[GATE-EVOLVE] step=58 curr=135150.92 best_other=193388.73 ratio=0.6989 ee_to_optimal=0.1029m phi=0.0251m
[STAGE-A-TRACE] step=58 sim_t=0.580 mode=free phi=0.02507 box_xy=+0.00000,+0.00000 lam_n_ee_box=nan qy=+0.00001 qz=-0.00000 finished_repos=0
[DRAKE-CONTACT] step=58 n_pairs=1 ee_box_normal=0.000
[GATE-CONTACT] step=58 F_W=(+0.0000,+0.0000,+0.0000) F_on_box=(-0.0000,-0.0000,-0.0000) n_face_out=(-0.0000,-0.0000,-0.0000) A_is_ee=0 box_q=(+1.00000,-0.00001,+0.00001,-0.00000) box_p=(+0.00000,+0.00000,+0.04999) ee_p=(-0.01451,-0.05083,+0.15006)
[EErel] along_push=+0.015m (neg=correct)  perp=0.053m  ee_to_box=0.055m  stage=3  obj=[0. 0.]  g_hat=[-1. -0.]
[proxy] err=0.207m  effective=[0.132 0.053 0.05 ]
[ADMM-C3+] primal: 6.1274->4.9359  dual: 109.8105->80.3187  mono=False  iters=25/25  rho=25.0
[ADMM-C3+] WARNING non-converged: pr=4.9359 dr=80.3187 tol=1e-03
[C3+] step=174 |u[0]|=39.94Nm u_axis=(+7.77,-24.73,-10.42,+28.10,+4.97,+0.62,-0.68)Nm λ_n_max=1.058 η_n_max=1.279 primal=4.936 iters=25/25 lcp_res_max=nan
[ADMIT-GUARD] step=59 admit_active=0 latch=0/0 ee_z=0.150 gate_cap=0
[ALT-GATE] step=59 target_stable=0/0 allow_descent=1
[GS-tgt] step=59 ee=(-0.015,-0.053,+0.150) p_repos=(-0.023,-0.080,+0.030) ee_to_target=0.123m target_label=prev_repos target_changed=N delta=0.000m
[GS] step=59 mode=free switch=kStayInRepos best_k=0 best_src=prev_repos curr_cost=135244.06 repos_cost=193439.35 best_other=193439.35 met_progress=Y steps_since_improve=57 switches=0
[STEP] step=59 mode=free t=0.590s ee=(-0.015,-0.053,+0.150) obj=(+0.000,+0.000,+0.050) goal_dist=0.300m switch=kStayInRepos target=(-0.015,-0.053,+0.150) ee_stride=0.000m ee_to_ptarget=0.123m landing_err=0.0141m ik_ok=Y ik_resid=0.0007m q_max_resid_deg=14.69 target_changed=Y retgt=N held_idx=1 held_cost=193439.35 won_cost=193439.35 margin=+0.00 won_src=prev_repos held_valid=Y reason=hold setpoint_to_ptarget=nanm finished_val=0.1234m finished_thresh=0.0200m pd_resid=nanm nextwp_to_ptarget=nanm guide_terminal_err=nanm
[GATE-EVOLVE] step=59 curr=135244.06 best_other=193439.35 ratio=0.6992 ee_to_optimal=0.1042m phi=0.0251m
[STAGE-A-TRACE] step=59 sim_t=0.590 mode=free phi=0.02515 box_xy=+0.00000,+0.00000 lam_n_ee_box=nan qy=+0.00001 qz=+0.00000 finished_repos=0
[DRAKE-CONTACT] step=59 n_pairs=1 ee_box_normal=0.000
[GATE-CONTACT] step=59 F_W=(+0.0000,+0.0000,+0.0000) F_on_box=(-0.0000,-0.0000,-0.0000) n_face_out=(-0.0000,-0.0000,-0.0000) A_is_ee=0 box_q=(+1.00000,-0.00001,+0.00001,+0.00000) box_p=(+0.00000,+0.00000,+0.04999) ee_p=(-0.01502,-0.05257,+0.15008)
[EErel] along_push=+0.016m (neg=correct)  perp=0.054m  ee_to_box=0.056m  stage=3  obj=[0. 0.]  g_hat=[-1. -0.]
[proxy] err=0.211m  effective=[0.135 0.054 0.05 ]
[ADMM-C3+] primal: 6.1274->4.9359  dual: 109.8105->80.3187  mono=False  iters=25/25  rho=25.0
[ADMM-C3+] WARNING non-converged: pr=4.9359 dr=80.3187 tol=1e-03
[C3+] step=177 |u[0]|=40.18Nm u_axis=(+7.72,-24.73,-10.82,+28.27,+5.04,+0.87,-0.67)Nm λ_n_max=1.058 η_n_max=1.279 primal=4.936 iters=25/25 lcp_res_max=nan
[ADMIT-GUARD] step=60 admit_active=0 latch=0/0 ee_z=0.150 gate_cap=0
[ALT-GATE] step=60 target_stable=0/0 allow_descent=1
[GS-tgt] step=60 ee=(-0.016,-0.054,+0.150) p_repos=(-0.023,-0.080,+0.030) ee_to_target=0.123m target_label=prev_repos target_changed=N delta=0.000m
[IMP] step=60 mode=free |x_err|=0.0001m |tau_imp|=0.67Nm |tau_ff|=0.00Nm |tau_out|=0.67Nm sat=False lam_n=False lam_t=False
[GS] step=60 mode=free switch=kStayInRepos best_k=0 best_src=prev_repos curr_cost=135339.93 repos_cost=193487.90 best_other=193487.90 met_progress=Y steps_since_improve=58 switches=0
[STEP] step=60 mode=free t=0.600s ee=(-0.016,-0.054,+0.150) obj=(+0.000,+0.000,+0.050) goal_dist=0.300m switch=kStayInRepos target=(-0.016,-0.054,+0.150) ee_stride=0.000m ee_to_ptarget=0.123m landing_err=0.0101m ik_ok=Y ik_resid=0.0007m q_max_resid_deg=15.56 target_changed=Y retgt=N held_idx=1 held_cost=193487.90 won_cost=193487.90 margin=+0.00 won_src=prev_repos held_valid=Y reason=hold setpoint_to_ptarget=nanm finished_val=0.1230m finished_thresh=0.0200m pd_resid=nanm nextwp_to_ptarget=nanm guide_terminal_err=nanm
[GATE-EVOLVE] step=60 curr=135339.93 best_other=193487.90 ratio=0.6995 ee_to_optimal=0.1056m phi=0.0253m
[STAGE-A-TRACE] step=60 sim_t=0.600 mode=free phi=0.02528 box_xy=+0.00000,+0.00000 lam_n_ee_box=nan qy=+0.00001 qz=+0.00000 finished_repos=0
[GS-table] step=60
  k=0 (current   ) pos=(-0.016,-0.054,+0.150) c_C3= 135339.93 align=0.0000(bonus=    0.00) rot=+0.0000(bonus=    0.00) travel=0.000m(pen=  0.00) c_sample= 135339.93 feas=Y ik_err=0.0000m  ← WIN
  k=1 (prev_repos) pos=(-0.023,-0.080,+0.030) c_C3= 193463.29 align=0.0000(bonus=    0.00) rot=+0.0000(bonus=    0.00) travel=0.123m(pen= 24.61) c_sample= 193487.90 feas=Y ik_err=0.0009m
  k=2 (strat_0   ) pos=(+0.046,+0.080,+0.030) c_C3= 230863.37 align=0.0000(bonus=    0.15) rot=+0.0000(bonus=    0.00) travel=0.190m(pen= 38.07) c_sample= 230901.29 feas=Y ik_err=0.0010m
[DRAKE-CONTACT] step=60 n_pairs=1 ee_box_normal=0.000
[GATE-CONTACT] step=60 F_W=(+0.0000,+0.0000,+0.0000) F_on_box=(-0.0000,-0.0000,-0.0000) n_face_out=(-0.0000,-0.0000,-0.0000) A_is_ee=0 box_q=(+1.00000,-0.00001,+0.00001,+0.00000) box_p=(+0.00000,+0.00000,+0.04999) ee_p=(-0.01553,-0.05431,+0.15009)
[PERSIST] step=61 refresh n_strategy=1 samples=[(0.08, 0.0, 0.03)]
[EErel] along_push=+0.016m (neg=correct)  perp=0.056m  ee_to_box=0.058m  stage=3  obj=[0. 0.]  g_hat=[-1. -0.]
[proxy] err=0.215m  effective=[0.137 0.056 0.05 ]
[ADMM-C3+] primal: 6.1274->4.9359  dual: 109.8105->80.3187  mono=False  iters=25/25  rho=25.0
[ADMM-C3+] WARNING non-converged: pr=4.9359 dr=80.3187 tol=1e-03
[C3+] step=180 |u[0]|=40.42Nm u_axis=(+7.66,-24.75,-11.22,+28.45,+5.11,+1.12,-0.67)Nm λ_n_max=1.058 η_n_max=1.279 primal=4.936 iters=25/25 lcp_res_max=nan
[ADMIT-GUARD] step=61 admit_active=0 latch=0/0 ee_z=0.150 gate_cap=0
[ALT-GATE] step=61 target_stable=0/0 allow_descent=1
[GS-tgt] step=61 ee=(-0.016,-0.056,+0.150) p_repos=(+0.080,+0.000,+0.030) ee_to_target=0.164m target_label=strat_0 target_changed=Y delta=0.130m
[STAGE-A-PWL] step=61 sim_t=0.610 build p_start=(-0.0160,-0.0561,+0.1501) p_target=(+0.0800,+0.0000,+0.0300) K=3 t_end=1.894
[GS] step=61 mode=free switch=kStayInRepos best_k=0 best_src=strat_0 curr_cost=135438.57 repos_cost=174371.41 best_other=174371.41 met_progress=Y steps_since_improve=59 switches=0
[STEP] step=61 mode=free t=0.610s ee=(-0.016,-0.056,+0.150) obj=(+0.000,+0.000,+0.050) goal_dist=0.300m switch=kStayInRepos target=(-0.016,-0.056,+0.150) ee_stride=0.000m ee_to_ptarget=0.164m landing_err=0.1610m ik_ok=Y ik_resid=0.0001m q_max_resid_deg=0.30 target_changed=Y retgt=Y held_idx=1 held_cost=193534.47 won_cost=174371.41 margin=+19163.06 won_src=strat_0 held_valid=Y reason=new_sample_better setpoint_to_ptarget=nanm finished_val=0.1637m finished_thresh=0.0200m pd_resid=nanm nextwp_to_ptarget=nanm guide_terminal_err=nanm
[GATE-EVOLVE] step=61 curr=135438.57 best_other=174371.41 ratio=0.7767 ee_to_optimal=0.1069m phi=0.0255m
[STAGE-A-TRACE] step=61 sim_t=0.610 mode=free phi=0.02547 box_xy=+0.00000,+0.00000 lam_n_ee_box=nan qy=+0.00001 qz=+0.00000 finished_repos=0
[DRAKE-CONTACT] step=61 n_pairs=1 ee_box_normal=0.000
[GATE-CONTACT] step=61 F_W=(+0.0000,+0.0000,+0.0000) F_on_box=(-0.0000,-0.0000,-0.0000) n_face_out=(-0.0000,-0.0000,-0.0000) A_is_ee=0 box_q=(+1.00000,-0.00001,+0.00001,+0.00000) box_p=(+0.00000,+0.00000,+0.04999) ee_p=(-0.01603,-0.05605,+0.15010)
[EErel] along_push=+0.016m (neg=correct)  perp=0.057m  ee_to_box=0.059m  stage=3  obj=[0. 0.]  g_hat=[-1. -0.]
[proxy] err=0.217m  effective=[0.139 0.057 0.05 ]
[ADMM-C3+] primal: 6.1274->4.9359  dual: 109.8105->80.3187  mono=False  iters=25/25  rho=25.0
[ADMM-C3+] WARNING non-converged: pr=4.9359 dr=80.3187 tol=1e-03
[C3+] step=183 |u[0]|=38.74Nm u_axis=(+7.85,-24.64,-9.93,+26.61,+4.95,+0.75,-0.64)Nm λ_n_max=1.058 η_n_max=1.279 primal=4.936 iters=25/25 lcp_res_max=nan
[ADMIT-GUARD] step=62 admit_active=0 latch=0/0 ee_z=0.150 gate_cap=0
[ALT-GATE] step=62 target_stable=0/0 allow_descent=1
[GS-tgt] step=62 ee=(-0.016,-0.057,+0.150) p_repos=(+0.080,+0.000,+0.030) ee_to_target=0.164m target_label=prev_repos target_changed=N delta=0.000m
[GS] step=62 mode=free switch=kStayInRepos best_k=0 best_src=prev_repos curr_cost=135423.64 repos_cost=175330.34 best_other=175330.34 met_progress=N steps_since_improve=60 switches=0
[STEP] step=62 mode=free t=0.620s ee=(-0.016,-0.057,+0.150) obj=(+0.000,+0.000,+0.050) goal_dist=0.300m switch=kStayInRepos target=(-0.014,-0.055,+0.150) ee_stride=0.003m ee_to_ptarget=0.164m landing_err=0.1583m ik_ok=Y ik_resid=0.0003m q_max_resid_deg=0.80 target_changed=Y retgt=N held_idx=1 held_cost=175330.34 won_cost=175330.34 margin=+0.00 won_src=prev_repos held_valid=Y reason=hold setpoint_to_ptarget=nanm finished_val=0.1642m finished_thresh=0.0200m pd_resid=nanm nextwp_to_ptarget=nanm guide_terminal_err=nanm
[GATE-EVOLVE] step=62 curr=135423.64 best_other=175330.34 ratio=0.7724 ee_to_optimal=0.1076m phi=0.0257m
[STAGE-A-TRACE] step=62 sim_t=0.620 mode=free phi=0.02569 box_xy=+0.00000,+0.00000 lam_n_ee_box=nan qy=+0.00001 qz=+0.00000 finished_repos=0
[DRAKE-CONTACT] step=62 n_pairs=1 ee_box_normal=0.000
[GATE-CONTACT] step=62 F_W=(+0.0000,+0.0000,+0.0000) F_on_box=(-0.0000,-0.0000,-0.0000) n_face_out=(-0.0000,-0.0000,-0.0000) A_is_ee=0 box_q=(+1.00000,-0.00001,+0.00001,+0.00000) box_p=(+0.00000,+0.00000,+0.04999) ee_p=(-0.01608,-0.05727,+0.15016)
[EErel] along_push=+0.015m (neg=correct)  perp=0.058m  ee_to_box=0.060m  stage=3  obj=[0. 0.]  g_hat=[-1. -0.]
[proxy] err=0.218m  effective=[0.14  0.058 0.05 ]
[ADMM-C3+] primal: 6.1274->4.9359  dual: 109.8105->80.3187  mono=False  iters=25/25  rho=25.0
[ADMM-C3+] WARNING non-converged: pr=4.9359 dr=80.3187 tol=1e-03
[C3+] step=186 |u[0]|=37.57Nm u_axis=(+8.04,-24.60,-8.87,+25.29,+4.82,+0.36,-0.63)Nm λ_n_max=1.058 η_n_max=1.279 primal=4.936 iters=25/25 lcp_res_max=nan
[ADMIT-GUARD] step=63 admit_active=0 latch=0/0 ee_z=0.150 gate_cap=0
[ALT-GATE] step=63 target_stable=0/0 allow_descent=1
[GS-tgt] step=63 ee=(-0.015,-0.058,+0.150) p_repos=(+0.080,+0.000,+0.030) ee_to_target=0.164m target_label=prev_repos target_changed=N delta=0.000m
[GS] step=63 mode=free switch=kStayInRepos best_k=0 best_src=prev_repos curr_cost=135380.41 repos_cost=176301.26 best_other=176301.26 met_progress=N steps_since_improve=61 switches=0
[STEP] step=63 mode=free t=0.630s ee=(-0.015,-0.058,+0.150) obj=(+0.000,+0.000,+0.050) goal_dist=0.300m switch=kStayInRepos target=(-0.013,-0.054,+0.150) ee_stride=0.004m ee_to_ptarget=0.164m landing_err=0.1558m ik_ok=Y ik_resid=0.0004m q_max_resid_deg=1.19 target_changed=Y retgt=N held_idx=1 held_cost=176301.26 won_cost=176301.26 margin=+0.00 won_src=prev_repos held_valid=Y reason=hold setpoint_to_ptarget=nanm finished_val=0.1640m finished_thresh=0.0200m pd_resid=nanm nextwp_to_ptarget=nanm guide_terminal_err=nanm
[GATE-EVOLVE] step=63 curr=135380.41 best_other=176301.26 ratio=0.7679 ee_to_optimal=0.1073m phi=0.0259m
[STAGE-A-TRACE] step=63 sim_t=0.630 mode=free phi=0.02587 box_xy=+0.00000,+0.00000 lam_n_ee_box=nan qy=+0.00001 qz=+0.00000 finished_repos=0
[DRAKE-CONTACT] step=63 n_pairs=1 ee_box_normal=0.000
[GATE-CONTACT] step=63 F_W=(+0.0000,+0.0000,+0.0000) F_on_box=(-0.0000,-0.0000,-0.0000) n_face_out=(-0.0000,-0.0000,-0.0000) A_is_ee=0 box_q=(+1.00000,-0.00001,+0.00001,+0.00000) box_p=(+0.00000,+0.00000,+0.04999) ee_p=(-0.01546,-0.05770,+0.15028)
[EErel] along_push=+0.014m (neg=correct)  perp=0.058m  ee_to_box=0.059m  stage=3  obj=[0. 0.]  g_hat=[-1. -0.]
[proxy] err=0.216m  effective=[0.139 0.058 0.05 ]
[ADMM-C3+] primal: 6.1274->4.9359  dual: 109.8105->80.3187  mono=False  iters=25/25  rho=25.0
[ADMM-C3+] WARNING non-converged: pr=4.9359 dr=80.3187 tol=1e-03
[C3+] step=189 |u[0]|=36.77Nm u_axis=(+8.23,-24.62,-7.99,+24.32,+4.71,-0.02,-0.62)Nm λ_n_max=1.058 η_n_max=1.279 primal=4.936 iters=25/25 lcp_res_max=nan
[ADMIT-GUARD] step=64 admit_active=0 latch=0/0 ee_z=0.150 gate_cap=0
[ALT-GATE] step=64 target_stable=0/0 allow_descent=1
[GS-tgt] step=64 ee=(-0.014,-0.058,+0.150) p_repos=(+0.080,+0.000,+0.030) ee_to_target=0.163m target_label=prev_repos target_changed=N delta=0.000m
[GS] step=64 mode=free switch=kStayInRepos best_k=0 best_src=prev_repos curr_cost=135317.81 repos_cost=177142.40 best_other=177142.40 met_progress=N steps_since_improve=62 switches=0
[STEP] step=64 mode=free t=0.640s ee=(-0.014,-0.058,+0.150) obj=(+0.000,+0.000,+0.050) goal_dist=0.300m switch=kStayInRepos target=(-0.011,-0.053,+0.150) ee_stride=0.005m ee_to_ptarget=0.163m landing_err=0.1533m ik_ok=Y ik_resid=0.0006m q_max_resid_deg=1.48 target_changed=Y retgt=N held_idx=1 held_cost=177142.40 won_cost=177142.40 margin=+0.00 won_src=prev_repos held_valid=Y reason=hold setpoint_to_ptarget=nanm finished_val=0.1635m finished_thresh=0.0200m pd_resid=nanm nextwp_to_ptarget=nanm guide_terminal_err=nanm
[GATE-EVOLVE] step=64 curr=135317.81 best_other=177142.40 ratio=0.7639 ee_to_optimal=0.1063m phi=0.0260m
[STAGE-A-TRACE] step=64 sim_t=0.640 mode=free phi=0.02598 box_xy=+0.00000,+0.00000 lam_n_ee_box=nan qy=+0.00001 qz=-0.00000 finished_repos=0
[DRAKE-CONTACT] step=64 n_pairs=1 ee_box_normal=0.000
[GATE-CONTACT] step=64 F_W=(+0.0000,+0.0000,+0.0000) F_on_box=(-0.0000,-0.0000,-0.0000) n_face_out=(-0.0000,-0.0000,-0.0000) A_is_ee=0 box_q=(+1.00000,-0.00001,+0.00001,-0.00000) box_p=(+0.00000,+0.00000,+0.04999) ee_p=(-0.01437,-0.05756,+0.15041)
[EErel] along_push=+0.013m (neg=correct)  perp=0.057m  ee_to_box=0.058m  stage=3  obj=[0. 0.]  g_hat=[-1. -0.]
[proxy] err=0.214m  effective=[0.138 0.057 0.05 ]
[ADMM-C3+] primal: 6.1274->4.9359  dual: 109.8105->80.3187  mono=False  iters=25/25  rho=25.0
[ADMM-C3+] WARNING non-converged: pr=4.9359 dr=80.3187 tol=1e-03
[C3+] step=192 |u[0]|=36.20Nm u_axis=(+8.41,-24.65,-7.26,+23.62,+4.62,-0.37,-0.62)Nm λ_n_max=1.058 η_n_max=1.279 primal=4.936 iters=25/25 lcp_res_max=nan
[ADMIT-GUARD] step=65 admit_active=0 latch=0/0 ee_z=0.151 gate_cap=0
[ALT-GATE] step=65 target_stable=0/0 allow_descent=1
[GS-tgt] step=65 ee=(-0.013,-0.057,+0.151) p_repos=(+0.080,+0.000,+0.030) ee_to_target=0.163m target_label=prev_repos target_changed=N delta=0.000m
[GS] step=65 mode=free switch=kStayInRepos best_k=0 best_src=prev_repos curr_cost=135241.57 repos_cost=177902.50 best_other=177902.50 met_progress=N steps_since_improve=63 switches=0
[STEP] step=65 mode=free t=0.650s ee=(-0.013,-0.057,+0.151) obj=(+0.000,+0.000,+0.050) goal_dist=0.300m switch=kStayInRepos target=(-0.010,-0.052,+0.150) ee_stride=0.006m ee_to_ptarget=0.163m landing_err=0.1508m ik_ok=Y ik_resid=0.0007m q_max_resid_deg=1.72 target_changed=Y retgt=N held_idx=1 held_cost=177902.50 won_cost=177902.50 margin=+0.00 won_src=prev_repos held_valid=Y reason=hold setpoint_to_ptarget=nanm finished_val=0.1626m finished_thresh=0.0200m pd_resid=nanm nextwp_to_ptarget=nanm guide_terminal_err=nanm
[GATE-EVOLVE] step=65 curr=135241.57 best_other=177902.50 ratio=0.7602 ee_to_optimal=0.1048m phi=0.0260m
[STAGE-A-TRACE] step=65 sim_t=0.650 mode=free phi=0.02603 box_xy=+0.00000,+0.00000 lam_n_ee_box=nan qy=+0.00001 qz=-0.00000 finished_repos=0
[DRAKE-CONTACT] step=65 n_pairs=1 ee_box_normal=0.000
[GATE-CONTACT] step=65 F_W=(+0.0000,+0.0000,+0.0000) F_on_box=(-0.0000,-0.0000,-0.0000) n_face_out=(-0.0000,-0.0000,-0.0000) A_is_ee=0 box_q=(+1.00000,-0.00001,+0.00001,-0.00000) box_p=(+0.00000,+0.00000,+0.04999) ee_p=(-0.01298,-0.05702,+0.15053)
[EErel] along_push=+0.011m (neg=correct)  perp=0.056m  ee_to_box=0.057m  stage=3  obj=[0. 0.]  g_hat=[-1. -0.]
[proxy] err=0.211m  effective=[0.136 0.056 0.05 ]
[ADMM-C3+] primal: 6.1274->4.9359  dual: 109.8105->80.3187  mono=False  iters=25/25  rho=25.0
[ADMM-C3+] WARNING non-converged: pr=4.9359 dr=80.3187 tol=1e-03
[C3+] step=195 |u[0]|=35.79Nm u_axis=(+8.57,-24.68,-6.63,+23.09,+4.53,-0.68,-0.62)Nm λ_n_max=1.058 η_n_max=1.279 primal=4.936 iters=25/25 lcp_res_max=nan
[ADMIT-GUARD] step=66 admit_active=0 latch=0/0 ee_z=0.151 gate_cap=0
[ALT-GATE] step=66 target_stable=0/0 allow_descent=1
[GS-tgt] step=66 ee=(-0.011,-0.056,+0.151) p_repos=(+0.080,+0.000,+0.030) ee_to_target=0.161m target_label=prev_repos target_changed=N delta=0.000m
[GS] step=66 mode=free switch=kStayInRepos best_k=0 best_src=prev_repos curr_cost=135159.76 repos_cost=178579.83 best_other=178579.83 met_progress=N steps_since_improve=64 switches=0
[STEP] step=66 mode=free t=0.660s ee=(-0.011,-0.056,+0.151) obj=(+0.000,+0.000,+0.050) goal_dist=0.300m switch=kStayInRepos target=(-0.008,-0.052,+0.150) ee_stride=0.006m ee_to_ptarget=0.161m landing_err=0.1484m ik_ok=Y ik_resid=0.0009m q_max_resid_deg=1.92 target_changed=Y retgt=N held_idx=1 held_cost=178579.83 won_cost=178579.83 margin=+0.00 won_src=prev_repos held_valid=Y reason=hold setpoint_to_ptarget=nanm finished_val=0.1614m finished_thresh=0.0200m pd_resid=nanm nextwp_to_ptarget=nanm guide_terminal_err=nanm
[GATE-EVOLVE] step=66 curr=135159.76 best_other=178579.83 ratio=0.7569 ee_to_optimal=0.1031m phi=0.0260m
[STAGE-A-TRACE] step=66 sim_t=0.660 mode=free phi=0.02602 box_xy=+0.00000,+0.00000 lam_n_ee_box=nan qy=+0.00001 qz=-0.00000 finished_repos=0
[DRAKE-CONTACT] step=66 n_pairs=1 ee_box_normal=0.000
[GATE-CONTACT] step=66 F_W=(+0.0000,+0.0000,+0.0000) F_on_box=(-0.0000,-0.0000,-0.0000) n_face_out=(-0.0000,-0.0000,-0.0000) A_is_ee=0 box_q=(+1.00000,-0.00001,+0.00001,-0.00000) box_p=(+0.00000,+0.00000,+0.04999) ee_p=(-0.01139,-0.05621,+0.15063)
[EErel] along_push=+0.010m (neg=correct)  perp=0.055m  ee_to_box=0.056m  stage=3  obj=[0. 0.]  g_hat=[-1. -0.]
[proxy] err=0.207m  effective=[0.134 0.055 0.05 ]
[ADMM-C3+] primal: 6.1274->4.9359  dual: 109.8105->80.3187  mono=False  iters=25/25  rho=25.0
[ADMM-C3+] WARNING non-converged: pr=4.9359 dr=80.3187 tol=1e-03
[C3+] step=198 |u[0]|=35.48Nm u_axis=(+8.75,-24.69,-6.08,+22.70,+4.45,-0.97,-0.63)Nm λ_n_max=1.058 η_n_max=1.279 primal=4.936 iters=25/25 lcp_res_max=nan
[ADMIT-GUARD] step=67 admit_active=0 latch=0/0 ee_z=0.151 gate_cap=0
[ALT-GATE] step=67 target_stable=0/0 allow_descent=1
[GS-tgt] step=67 ee=(-0.010,-0.055,+0.151) p_repos=(+0.080,+0.000,+0.030) ee_to_target=0.160m target_label=prev_repos target_changed=N delta=0.000m
[GS] step=67 mode=free switch=kStayInRepos best_k=0 best_src=prev_repos curr_cost=135076.02 repos_cost=179172.84 best_other=179172.84 met_progress=N steps_since_improve=65 switches=0
[STEP] step=67 mode=free t=0.670s ee=(-0.010,-0.055,+0.151) obj=(+0.000,+0.000,+0.050) goal_dist=0.300m switch=kStayInRepos target=(-0.007,-0.051,+0.150) ee_stride=0.006m ee_to_ptarget=0.160m landing_err=0.1461m ik_ok=Y ik_resid=0.0010m q_max_resid_deg=2.09 target_changed=Y retgt=N held_idx=1 held_cost=179172.84 won_cost=179172.84 margin=+0.00 won_src=prev_repos held_valid=Y reason=hold setpoint_to_ptarget=nanm finished_val=0.1602m finished_thresh=0.0200m pd_resid=nanm nextwp_to_ptarget=nanm guide_terminal_err=nanm
[GATE-EVOLVE] step=67 curr=135076.02 best_other=179172.84 ratio=0.7539 ee_to_optimal=0.1011m phi=0.0260m
[STAGE-A-TRACE] step=67 sim_t=0.670 mode=free phi=0.02598 box_xy=+0.00000,+0.00000 lam_n_ee_box=nan qy=+0.00001 qz=-0.00000 finished_repos=0
[DRAKE-CONTACT] step=67 n_pairs=1 ee_box_normal=0.000
[GATE-CONTACT] step=67 F_W=(+0.0000,+0.0000,+0.0000) F_on_box=(-0.0000,-0.0000,-0.0000) n_face_out=(-0.0000,-0.0000,-0.0000) A_is_ee=0 box_q=(+1.00000,-0.00001,+0.00001,-0.00000) box_p=(+0.00000,+0.00000,+0.04999) ee_p=(-0.00969,-0.05521,+0.15071)
[EErel] along_push=+0.008m (neg=correct)  perp=0.054m  ee_to_box=0.055m  stage=3  obj=[0. 0.]  g_hat=[-1. -0.]
[proxy] err=0.204m  effective=[0.132 0.054 0.05 ]
[ADMM-C3+] primal: 6.1274->4.9359  dual: 109.8105->80.3187  mono=False  iters=25/25  rho=25.0
[ADMM-C3+] WARNING non-converged: pr=4.9359 dr=80.3187 tol=1e-03
[C3+] step=201 |u[0]|=35.23Nm u_axis=(+8.92,-24.66,-5.58,+22.39,+4.35,-1.24,-0.63)Nm λ_n_max=1.058 η_n_max=1.279 primal=4.936 iters=25/25 lcp_res_max=nan
[ADMIT-GUARD] step=68 admit_active=0 latch=0/0 ee_z=0.151 gate_cap=0
[ALT-GATE] step=68 target_stable=0/0 allow_descent=1
[GS-tgt] step=68 ee=(-0.008,-0.054,+0.151) p_repos=(+0.080,+0.000,+0.030) ee_to_target=0.159m target_label=prev_repos target_changed=N delta=0.000m
[GS] step=68 mode=free switch=kStayInRepos best_k=0 best_src=prev_repos curr_cost=134994.06 repos_cost=179682.78 best_other=179682.78 met_progress=N steps_since_improve=66 switches=0
[STEP] step=68 mode=free t=0.680s ee=(-0.008,-0.054,+0.151) obj=(+0.000,+0.000,+0.050) goal_dist=0.300m switch=kStayInRepos target=(-0.005,-0.050,+0.150) ee_stride=0.005m ee_to_ptarget=0.159m landing_err=0.1439m ik_ok=Y ik_resid=0.0001m q_max_resid_deg=2.41 target_changed=Y retgt=N held_idx=1 held_cost=179682.78 won_cost=179682.78 margin=+0.00 won_src=prev_repos held_valid=Y reason=hold setpoint_to_ptarget=nanm finished_val=0.1589m finished_thresh=0.0200m pd_resid=nanm nextwp_to_ptarget=nanm guide_terminal_err=nanm
[GATE-EVOLVE] step=68 curr=134994.06 best_other=179682.78 ratio=0.7513 ee_to_optimal=0.0990m phi=0.0259m
[STAGE-A-TRACE] step=68 sim_t=0.680 mode=free phi=0.02593 box_xy=+0.00000,+0.00000 lam_n_ee_box=nan qy=+0.00001 qz=-0.00000 finished_repos=0
[DRAKE-CONTACT] step=68 n_pairs=1 ee_box_normal=0.000
[GATE-CONTACT] step=68 F_W=(+0.0000,+0.0000,+0.0000) F_on_box=(-0.0000,-0.0000,-0.0000) n_face_out=(-0.0000,-0.0000,-0.0000) A_is_ee=0 box_q=(+1.00000,-0.00001,+0.00001,-0.00000) box_p=(+0.00000,+0.00000,+0.04999) ee_p=(-0.00792,-0.05409,+0.15076)
[EErel] along_push=+0.006m (neg=correct)  perp=0.053m  ee_to_box=0.053m  stage=3  obj=[0. 0.]  g_hat=[-1. -0.]
[proxy] err=0.200m  effective=[0.13  0.053 0.05 ]
[ADMM-C3+] primal: 6.1274->4.9359  dual: 109.8105->80.3187  mono=False  iters=25/25  rho=25.0
[ADMM-C3+] WARNING non-converged: pr=4.9359 dr=80.3187 tol=1e-03
[C3+] step=204 |u[0]|=35.05Nm u_axis=(+9.10,-24.64,-5.16,+22.16,+4.27,-1.49,-0.63)Nm λ_n_max=1.058 η_n_max=1.279 primal=4.936 iters=25/25 lcp_res_max=nan
[ADMIT-GUARD] step=69 admit_active=0 latch=0/0 ee_z=0.151 gate_cap=0
[ALT-GATE] step=69 target_stable=0/0 allow_descent=1
[GS-tgt] step=69 ee=(-0.006,-0.053,+0.151) p_repos=(+0.080,+0.000,+0.030) ee_to_target=0.157m target_label=prev_repos target_changed=N delta=0.000m
[GS] step=69 mode=free switch=kStayInRepos best_k=0 best_src=prev_repos curr_cost=134913.10 repos_cost=180114.17 best_other=180114.17 met_progress=N steps_since_improve=67 switches=0
[STEP] step=69 mode=free t=0.690s ee=(-0.006,-0.053,+0.151) obj=(+0.000,+0.000,+0.050) goal_dist=0.300m switch=kStayInRepos target=(-0.004,-0.049,+0.150) ee_stride=0.005m ee_to_ptarget=0.157m landing_err=0.1417m ik_ok=Y ik_resid=0.0001m q_max_resid_deg=2.57 target_changed=Y retgt=N held_idx=1 held_cost=180114.17 won_cost=180114.17 margin=+0.00 won_src=prev_repos held_valid=Y reason=hold setpoint_to_ptarget=nanm finished_val=0.1575m finished_thresh=0.0200m pd_resid=nanm nextwp_to_ptarget=nanm guide_terminal_err=nanm
[GATE-EVOLVE] step=69 curr=134913.10 best_other=180114.17 ratio=0.7490 ee_to_optimal=0.0969m phi=0.0259m
[STAGE-A-TRACE] step=69 sim_t=0.690 mode=free phi=0.02588 box_xy=+0.00000,+0.00000 lam_n_ee_box=nan qy=+0.00001 qz=-0.00000 finished_repos=0
[DRAKE-CONTACT] step=69 n_pairs=1 ee_box_normal=0.000
[GATE-CONTACT] step=69 F_W=(+0.0000,+0.0000,+0.0000) F_on_box=(-0.0000,-0.0000,-0.0000) n_face_out=(-0.0000,-0.0000,-0.0000) A_is_ee=0 box_q=(+1.00000,-0.00001,+0.00001,-0.00000) box_p=(+0.00000,+0.00000,+0.04999) ee_p=(-0.00612,-0.05291,+0.15079)
[EErel] along_push=+0.004m (neg=correct)  perp=0.052m  ee_to_box=0.052m  stage=3  obj=[0. 0.]  g_hat=[-1. -0.]
[proxy] err=0.196m  effective=[0.128 0.052 0.05 ]
[ADMM-C3+] primal: 6.1274->4.9359  dual: 109.8105->80.3187  mono=False  iters=25/25  rho=25.0
[ADMM-C3+] WARNING non-converged: pr=4.9359 dr=80.3187 tol=1e-03
[C3+] step=207 |u[0]|=34.91Nm u_axis=(+9.29,-24.62,-4.77,+21.98,+4.18,-1.73,-0.64)Nm λ_n_max=1.058 η_n_max=1.279 primal=4.936 iters=25/25 lcp_res_max=nan
[ADMIT-GUARD] step=70 admit_active=0 latch=0/0 ee_z=0.151 gate_cap=0
[ALT-GATE] step=70 target_stable=0/0 allow_descent=1
[GS-tgt] step=70 ee=(-0.004,-0.052,+0.151) p_repos=(+0.080,+0.000,+0.030) ee_to_target=0.156m target_label=prev_repos target_changed=N delta=0.000m
[IMP] step=70 mode=free |x_err|=0.0045m |tau_imp|=1.39Nm |tau_ff|=0.00Nm |tau_out|=1.39Nm sat=False lam_n=False lam_t=False
[GS] step=70 mode=free switch=kStayInRepos best_k=0 best_src=prev_repos curr_cost=134835.28 repos_cost=180474.23 best_other=180474.23 met_progress=N steps_since_improve=68 switches=0
[STEP] step=70 mode=free t=0.700s ee=(-0.004,-0.052,+0.151) obj=(+0.000,+0.000,+0.050) goal_dist=0.300m switch=kStayInRepos target=(-0.002,-0.048,+0.150) ee_stride=0.004m ee_to_ptarget=0.156m landing_err=0.1396m ik_ok=Y ik_resid=0.0001m q_max_resid_deg=2.73 target_changed=Y retgt=N held_idx=1 held_cost=180474.23 won_cost=180474.23 margin=+0.00 won_src=prev_repos held_valid=Y reason=hold setpoint_to_ptarget=nanm finished_val=0.1561m finished_thresh=0.0200m pd_resid=nanm nextwp_to_ptarget=nanm guide_terminal_err=nanm
[GATE-EVOLVE] step=70 curr=134835.28 best_other=180474.23 ratio=0.7471 ee_to_optimal=0.0947m phi=0.0258m
[STAGE-A-TRACE] step=70 sim_t=0.700 mode=free phi=0.02583 box_xy=+0.00000,+0.00000 lam_n_ee_box=nan qy=+0.00001 qz=-0.00000 finished_repos=0
[DRAKE-CONTACT] step=70 n_pairs=1 ee_box_normal=0.000
[GATE-CONTACT] step=70 F_W=(+0.0000,+0.0000,+0.0000) F_on_box=(-0.0000,-0.0000,-0.0000) n_face_out=(-0.0000,-0.0000,-0.0000) A_is_ee=0 box_q=(+1.00000,-0.00001,+0.00001,-0.00000) box_p=(+0.00000,+0.00000,+0.04999) ee_p=(-0.00431,-0.05168,+0.15079)
[EErel] along_push=+0.003m (neg=correct)  perp=0.050m  ee_to_box=0.051m  stage=3  obj=[0. 0.]  g_hat=[-1. -0.]
[proxy] err=0.192m  effective=[0.126 0.05  0.05 ]
[ADMM-C3+] primal: 6.1274->4.9359  dual: 109.8105->80.3187  mono=False  iters=25/25  rho=25.0
[ADMM-C3+] WARNING non-converged: pr=4.9359 dr=80.3187 tol=1e-03
[C3+] step=210 |u[0]|=34.81Nm u_axis=(+9.47,-24.59,-4.42,+21.83,+4.10,-1.95,-0.65)Nm λ_n_max=1.058 η_n_max=1.279 primal=4.936 iters=25/25 lcp_res_max=nan
[ADMIT-GUARD] step=71 admit_active=0 latch=0/0 ee_z=0.151 gate_cap=0
[ALT-GATE] step=71 target_stable=0/0 allow_descent=1
[GS-tgt] step=71 ee=(-0.003,-0.050,+0.151) p_repos=(+0.080,+0.000,+0.030) ee_to_target=0.155m target_label=prev_repos target_changed=N delta=0.000m
[GS] step=71 mode=free switch=kStayInRepos best_k=0 best_src=prev_repos curr_cost=134761.16 repos_cost=180771.86 best_other=180771.86 met_progress=N steps_since_improve=69 switches=0
[STEP] step=71 mode=free t=0.710s ee=(-0.003,-0.050,+0.151) obj=(+0.000,+0.000,+0.050) goal_dist=0.300m switch=kStayInRepos target=(-0.000,-0.047,+0.150) ee_stride=0.004m ee_to_ptarget=0.155m landing_err=0.1376m ik_ok=Y ik_resid=0.0001m q_max_resid_deg=2.88 target_changed=Y retgt=N held_idx=1 held_cost=180771.86 won_cost=180771.86 margin=+0.00 won_src=prev_repos held_valid=Y reason=hold setpoint_to_ptarget=nanm finished_val=0.1547m finished_thresh=0.0200m pd_resid=nanm nextwp_to_ptarget=nanm guide_terminal_err=nanm
[GATE-EVOLVE] step=71 curr=134761.16 best_other=180771.86 ratio=0.7455 ee_to_optimal=0.0925m phi=0.0258m
[STAGE-A-TRACE] step=71 sim_t=0.710 mode=free phi=0.02580 box_xy=+0.00000,+0.00000 lam_n_ee_box=nan qy=+0.00001 qz=-0.00000 finished_repos=0
[DRAKE-CONTACT] step=71 n_pairs=1 ee_box_normal=0.000
[GATE-CONTACT] step=71 F_W=(+0.0000,+0.0000,+0.0000) F_on_box=(-0.0000,-0.0000,-0.0000) n_face_out=(-0.0000,-0.0000,-0.0000) A_is_ee=0 box_q=(+1.00000,-0.00001,+0.00001,-0.00000) box_p=(+0.00000,+0.00000,+0.04999) ee_p=(-0.00251,-0.05044,+0.15079)
[EErel] along_push=+0.001m (neg=correct)  perp=0.049m  ee_to_box=0.049m  stage=3  obj=[0. 0.]  g_hat=[-1. -0.]
[proxy] err=0.188m  effective=[0.124 0.048 0.05 ]
[ADMM-C3+] primal: 6.1274->4.9359  dual: 109.8105->80.3186  mono=False  iters=25/25  rho=25.0
[ADMM-C3+] WARNING non-converged: pr=4.9359 dr=80.3186 tol=1e-03
[C3+] step=213 |u[0]|=34.73Nm u_axis=(+9.65,-24.62,-4.10,+21.65,+4.02,-2.19,-0.65)Nm λ_n_max=1.058 η_n_max=1.279 primal=4.936 iters=25/25 lcp_res_max=nan
[ADMIT-GUARD] step=72 admit_active=0 latch=0/0 ee_z=0.151 gate_cap=0
[ALT-GATE] step=72 target_stable=0/0 allow_descent=1
[GS-tgt] step=72 ee=(-0.001,-0.049,+0.151) p_repos=(+0.080,+0.000,+0.030) ee_to_target=0.153m target_label=prev_repos target_changed=N delta=0.000m
[GS] step=72 mode=free switch=kStayInRepos best_k=0 best_src=prev_repos curr_cost=134681.58 repos_cost=181016.72 best_other=181016.72 met_progress=N steps_since_improve=70 switches=0
[STEP] step=72 mode=free t=0.720s ee=(-0.001,-0.049,+0.151) obj=(+0.000,+0.000,+0.050) goal_dist=0.300m switch=kStayInRepos target=(+0.001,-0.046,+0.150) ee_stride=0.004m ee_to_ptarget=0.153m landing_err=0.1357m ik_ok=Y ik_resid=0.0001m q_max_resid_deg=3.04 target_changed=Y retgt=N held_idx=1 held_cost=181016.72 won_cost=181016.72 margin=+0.00 won_src=prev_repos held_valid=Y reason=hold setpoint_to_ptarget=nanm finished_val=0.1534m finished_thresh=0.0200m pd_resid=nanm nextwp_to_ptarget=nanm guide_terminal_err=nanm
[GATE-EVOLVE] step=72 curr=134681.58 best_other=181016.72 ratio=0.7440 ee_to_optimal=0.0903m phi=0.0258m
[STAGE-A-TRACE] step=72 sim_t=0.720 mode=free phi=0.02578 box_xy=+0.00000,+0.00000 lam_n_ee_box=nan qy=+0.00001 qz=+0.00000 finished_repos=0
[DRAKE-CONTACT] step=72 n_pairs=1 ee_box_normal=0.000
[GATE-CONTACT] step=72 F_W=(+0.0000,+0.0000,+0.0000) F_on_box=(-0.0000,-0.0000,-0.0000) n_face_out=(-0.0000,-0.0000,-0.0000) A_is_ee=0 box_q=(+1.00000,-0.00001,+0.00001,+0.00000) box_p=(+0.00000,+0.00000,+0.04999) ee_p=(-0.00072,-0.04920,+0.15077)
[EErel] along_push=-0.001m (neg=correct)  perp=0.048m  ee_to_box=0.048m  stage=3  obj=[0. 0.]  g_hat=[-1. -0.]
[proxy] err=0.183m  effective=[0.122 0.046 0.05 ]
[ADMM-C3+] primal: 6.1274->4.9359  dual: 109.8105->80.3186  mono=False  iters=25/25  rho=25.0
[ADMM-C3+] WARNING non-converged: pr=4.9359 dr=80.3186 tol=1e-03
[C3+] step=216 |u[0]|=34.63Nm u_axis=(+9.78,-24.64,-3.80,+21.45,+3.94,-2.43,-0.66)Nm λ_n_max=1.058 η_n_max=1.279 primal=4.936 iters=25/25 lcp_res_max=nan
[ADMIT-GUARD] step=73 admit_active=0 latch=0/0 ee_z=0.151 gate_cap=0
[ALT-GATE] step=73 target_stable=0/0 allow_descent=1
[GS-tgt] step=73 ee=(+0.001,-0.048,+0.151) p_repos=(+0.080,+0.000,+0.030) ee_to_target=0.152m target_label=prev_repos target_changed=N delta=0.000m
[GS] step=73 mode=free switch=kStayInRepos best_k=0 best_src=prev_repos curr_cost=134603.55 repos_cost=181218.33 best_other=181218.33 met_progress=N steps_since_improve=71 switches=0
[STEP] step=73 mode=free t=0.730s ee=(+0.001,-0.048,+0.151) obj=(+0.000,+0.000,+0.050) goal_dist=0.300m switch=kStayInRepos target=(+0.003,-0.045,+0.150) ee_stride=0.003m ee_to_ptarget=0.152m landing_err=0.1339m ik_ok=Y ik_resid=0.0001m q_max_resid_deg=3.20 target_changed=Y retgt=N held_idx=1 held_cost=181218.33 won_cost=181218.33 margin=+0.00 won_src=prev_repos held_valid=Y reason=hold setpoint_to_ptarget=nanm finished_val=0.1520m finished_thresh=0.0200m pd_resid=nanm nextwp_to_ptarget=nanm guide_terminal_err=nanm
[GATE-EVOLVE] step=73 curr=134603.55 best_other=181218.33 ratio=0.7428 ee_to_optimal=0.0881m phi=0.0257m
[STAGE-A-TRACE] step=73 sim_t=0.730 mode=free phi=0.02575 box_xy=+0.00000,+0.00000 lam_n_ee_box=nan qy=+0.00001 qz=+0.00000 finished_repos=0
[DRAKE-CONTACT] step=73 n_pairs=1 ee_box_normal=0.000
[GATE-CONTACT] step=73 F_W=(+0.0000,+0.0000,+0.0000) F_on_box=(-0.0000,-0.0000,-0.0000) n_face_out=(-0.0000,-0.0000,-0.0000) A_is_ee=0 box_q=(+1.00000,-0.00001,+0.00001,+0.00000) box_p=(+0.00000,+0.00000,+0.04999) ee_p=(+0.00106,-0.04797,+0.15074)
[EErel] along_push=-0.003m (neg=correct)  perp=0.047m  ee_to_box=0.047m  stage=3  obj=[0. 0.]  g_hat=[-1. -0.]
[proxy] err=0.179m  effective=[0.12  0.044 0.05 ]
[ADMM-C3+] primal: 6.1274->4.9359  dual: 109.8105->80.3186  mono=False  iters=25/25  rho=25.0
[ADMM-C3+] WARNING non-converged: pr=4.9359 dr=80.3186 tol=1e-03
[C3+] step=219 |u[0]|=34.52Nm u_axis=(+9.89,-24.65,-3.50,+21.26,+3.86,-2.67,-0.66)Nm λ_n_max=1.058 η_n_max=1.279 primal=4.936 iters=25/25 lcp_res_max=nan
[ADMIT-GUARD] step=74 admit_active=0 latch=0/0 ee_z=0.151 gate_cap=0
[ALT-GATE] step=74 target_stable=0/0 allow_descent=1
[GS-tgt] step=74 ee=(+0.003,-0.047,+0.151) p_repos=(+0.080,+0.000,+0.030) ee_to_target=0.151m target_label=prev_repos target_changed=N delta=0.000m
[GS] step=74 mode=free switch=kStayInRepos best_k=0 best_src=prev_repos curr_cost=134532.21 repos_cost=181385.59 best_other=181385.59 met_progress=N steps_since_improve=72 switches=0
[STEP] step=74 mode=free t=0.740s ee=(+0.003,-0.047,+0.151) obj=(+0.000,+0.000,+0.050) goal_dist=0.300m switch=kStayInRepos target=(+0.004,-0.044,+0.150) ee_stride=0.003m ee_to_ptarget=0.151m landing_err=0.1322m ik_ok=Y ik_resid=0.0001m q_max_resid_deg=3.37 target_changed=Y retgt=N held_idx=1 held_cost=181385.59 won_cost=181385.59 margin=+0.00 won_src=prev_repos held_valid=Y reason=hold setpoint_to_ptarget=nanm finished_val=0.1507m finished_thresh=0.0200m pd_resid=nanm nextwp_to_ptarget=nanm guide_terminal_err=nanm
[GATE-EVOLVE] step=74 curr=134532.21 best_other=181385.59 ratio=0.7417 ee_to_optimal=0.0860m phi=0.0257m
[STAGE-A-TRACE] step=74 sim_t=0.740 mode=free phi=0.02572 box_xy=+0.00000,+0.00000 lam_n_ee_box=nan qy=+0.00001 qz=+0.00000 finished_repos=0
[DRAKE-CONTACT] step=74 n_pairs=1 ee_box_normal=0.000
[GATE-CONTACT] step=74 F_W=(+0.0000,+0.0000,+0.0000) F_on_box=(-0.0000,-0.0000,-0.0000) n_face_out=(-0.0000,-0.0000,-0.0000) A_is_ee=0 box_q=(+1.00000,-0.00001,+0.00001,+0.00000) box_p=(+0.00000,+0.00000,+0.04999) ee_p=(+0.00281,-0.04676,+0.15071)
[EErel] along_push=-0.005m (neg=correct)  perp=0.046m  ee_to_box=0.046m  stage=3  obj=[0. 0.]  g_hat=[-1. -0.]
[proxy] err=0.175m  effective=[0.119 0.042 0.05 ]
[ADMM-C3+] primal: 6.1274->4.9359  dual: 109.8105->80.3186  mono=False  iters=25/25  rho=25.0
[ADMM-C3+] WARNING non-converged: pr=4.9359 dr=80.3186 tol=1e-03
[C3+] step=222 |u[0]|=34.45Nm u_axis=(+10.02,-24.66,-3.24,+21.09,+3.78,-2.89,-0.67)Nm λ_n_max=1.058 η_n_max=1.279 primal=4.936 iters=25/25 lcp_res_max=nan
[ADMIT-GUARD] step=75 admit_active=0 latch=0/0 ee_z=0.151 gate_cap=0
[ALT-GATE] step=75 target_stable=0/0 allow_descent=1
[GS-tgt] step=75 ee=(+0.005,-0.046,+0.151) p_repos=(+0.080,+0.000,+0.030) ee_to_target=0.149m target_label=prev_repos target_changed=N delta=0.000m
[GS] step=75 mode=free switch=kStayInRepos best_k=0 best_src=prev_repos curr_cost=134464.68 repos_cost=181526.38 best_other=181526.38 met_progress=N steps_since_improve=73 switches=0
[STEP] step=75 mode=free t=0.750s ee=(+0.005,-0.046,+0.151) obj=(+0.000,+0.000,+0.050) goal_dist=0.300m switch=kStayInRepos target=(+0.006,-0.043,+0.150) ee_stride=0.003m ee_to_ptarget=0.149m landing_err=0.1306m ik_ok=Y ik_resid=0.0001m q_max_resid_deg=3.55 target_changed=Y retgt=N held_idx=1 held_cost=181526.38 won_cost=181526.38 margin=+0.00 won_src=prev_repos held_valid=Y reason=hold setpoint_to_ptarget=nanm finished_val=0.1494m finished_thresh=0.0200m pd_resid=nanm nextwp_to_ptarget=nanm guide_terminal_err=nanm
[GATE-EVOLVE] step=75 curr=134464.68 best_other=181526.38 ratio=0.7407 ee_to_optimal=0.0839m phi=0.0257m
[STAGE-A-TRACE] step=75 sim_t=0.750 mode=free phi=0.02568 box_xy=+0.00000,+0.00000 lam_n_ee_box=nan qy=+0.00001 qz=+0.00000 finished_repos=0
[DRAKE-CONTACT] step=75 n_pairs=1 ee_box_normal=0.000
[GATE-CONTACT] step=75 F_W=(+0.0000,+0.0000,+0.0000) F_on_box=(-0.0000,-0.0000,-0.0000) n_face_out=(-0.0000,-0.0000,-0.0000) A_is_ee=0 box_q=(+1.00000,-0.00001,+0.00001,+0.00000) box_p=(+0.00000,+0.00000,+0.04999) ee_p=(+0.00454,-0.04558,+0.15067)
[EErel] along_push=-0.006m (neg=correct)  perp=0.044m  ee_to_box=0.045m  stage=3  obj=[0. 0.]  g_hat=[-1. -0.]
[proxy] err=0.172m  effective=[0.117 0.039 0.05 ]
[ADMM-C3+] primal: 6.1274->4.9359  dual: 109.8105->80.3186  mono=False  iters=25/25  rho=25.0
[ADMM-C3+] WARNING non-converged: pr=4.9359 dr=80.3186 tol=1e-03
[C3+] step=225 |u[0]|=34.39Nm u_axis=(+10.14,-24.68,-3.00,+20.93,+3.71,-3.10,-0.68)Nm λ_n_max=1.058 η_n_max=1.279 primal=4.936 iters=25/25 lcp_res_max=nan
[ADMIT-GUARD] step=76 admit_active=0 latch=0/0 ee_z=0.151 gate_cap=0
[ALT-GATE] step=76 target_stable=0/0 allow_descent=1
[GS-tgt] step=76 ee=(+0.006,-0.044,+0.151) p_repos=(+0.080,+0.000,+0.030) ee_to_target=0.148m target_label=prev_repos target_changed=N delta=0.000m
[GS] step=76 mode=free switch=kStayInRepos best_k=0 best_src=prev_repos curr_cost=134402.02 repos_cost=181647.43 best_other=181647.43 met_progress=N steps_since_improve=74 switches=0
[STEP] step=76 mode=free t=0.760s ee=(+0.006,-0.044,+0.151) obj=(+0.000,+0.000,+0.050) goal_dist=0.300m switch=kStayInRepos target=(+0.007,-0.042,+0.150) ee_stride=0.002m ee_to_ptarget=0.148m landing_err=0.1290m ik_ok=Y ik_resid=0.0001m q_max_resid_deg=3.73 target_changed=Y retgt=N held_idx=1 held_cost=181647.43 won_cost=181647.43 margin=+0.00 won_src=prev_repos held_valid=Y reason=hold setpoint_to_ptarget=nanm finished_val=0.1482m finished_thresh=0.0200m pd_resid=nanm nextwp_to_ptarget=nanm guide_terminal_err=nanm
[GATE-EVOLVE] step=76 curr=134402.02 best_other=181647.43 ratio=0.7399 ee_to_optimal=0.0818m phi=0.0256m
[STAGE-A-TRACE] step=76 sim_t=0.760 mode=free phi=0.02565 box_xy=+0.00000,+0.00000 lam_n_ee_box=nan qy=+0.00001 qz=+0.00000 finished_repos=0
[DRAKE-CONTACT] step=76 n_pairs=1 ee_box_normal=0.000
[GATE-CONTACT] step=76 F_W=(+0.0000,+0.0000,+0.0000) F_on_box=(-0.0000,-0.0000,-0.0000) n_face_out=(-0.0000,-0.0000,-0.0000) A_is_ee=0 box_q=(+1.00000,-0.00001,+0.00001,+0.00000) box_p=(+0.00000,+0.00000,+0.04999) ee_p=(+0.00626,-0.04442,+0.15064)
[EErel] along_push=-0.008m (neg=correct)  perp=0.043m  ee_to_box=0.044m  stage=3  obj=[0. 0.]  g_hat=[-1. -0.]
[proxy] err=0.168m  effective=[0.116 0.037 0.05 ]
[ADMM-C3+] primal: 6.1274->4.9359  dual: 109.8105->80.3186  mono=False  iters=25/25  rho=25.0
[ADMM-C3+] WARNING non-converged: pr=4.9359 dr=80.3186 tol=1e-03
[C3+] step=228 |u[0]|=34.34Nm u_axis=(+10.26,-24.69,-2.77,+20.78,+3.65,-3.31,-0.68)Nm λ_n_max=1.058 η_n_max=1.279 primal=4.936 iters=25/25 lcp_res_max=nan
[ADMIT-GUARD] step=77 admit_active=0 latch=0/0 ee_z=0.151 gate_cap=0
[ALT-GATE] step=77 target_stable=0/0 allow_descent=1
[GS-tgt] step=77 ee=(+0.008,-0.043,+0.151) p_repos=(+0.080,+0.000,+0.030) ee_to_target=0.147m target_label=prev_repos target_changed=N delta=0.000m
[GS] step=77 mode=free switch=kStayInRepos best_k=0 best_src=prev_repos curr_cost=134343.91 repos_cost=181754.29 best_other=181754.29 met_progress=N steps_since_improve=75 switches=0
[STEP] step=77 mode=free t=0.770s ee=(+0.008,-0.043,+0.151) obj=(+0.000,+0.000,+0.050) goal_dist=0.300m switch=kStayInRepos target=(+0.009,-0.042,+0.150) ee_stride=0.002m ee_to_ptarget=0.147m landing_err=0.1276m ik_ok=Y ik_resid=0.0001m q_max_resid_deg=3.92 target_changed=Y retgt=N held_idx=1 held_cost=181754.29 won_cost=181754.29 margin=+0.00 won_src=prev_repos held_valid=Y reason=hold setpoint_to_ptarget=nanm finished_val=0.1470m finished_thresh=0.0200m pd_resid=nanm nextwp_to_ptarget=nanm guide_terminal_err=nanm
[GATE-EVOLVE] step=77 curr=134343.91 best_other=181754.29 ratio=0.7392 ee_to_optimal=0.0798m phi=0.0256m
[STAGE-A-TRACE] step=77 sim_t=0.770 mode=free phi=0.02561 box_xy=+0.00000,+0.00000 lam_n_ee_box=nan qy=+0.00001 qz=+0.00000 finished_repos=0
[DRAKE-CONTACT] step=77 n_pairs=1 ee_box_normal=0.000
[GATE-CONTACT] step=77 F_W=(+0.0000,+0.0000,+0.0000) F_on_box=(-0.0000,-0.0000,-0.0000) n_face_out=(-0.0000,-0.0000,-0.0000) A_is_ee=0 box_q=(+1.00000,-0.00001,+0.00001,+0.00000) box_p=(+0.00000,+0.00000,+0.04999) ee_p=(+0.00795,-0.04328,+0.15060)
[EErel] along_push=-0.010m (neg=correct)  perp=0.042m  ee_to_box=0.043m  stage=3  obj=[0. 0.]  g_hat=[-1. -0.]
[proxy] err=0.165m  effective=[0.115 0.036 0.05 ]
[ADMM-C3+] primal: 6.1274->4.9359  dual: 109.8105->80.3186  mono=False  iters=25/25  rho=25.0
[ADMM-C3+] WARNING non-converged: pr=4.9359 dr=80.3186 tol=1e-03
[C3+] step=231 |u[0]|=34.28Nm u_axis=(+10.36,-24.69,-2.54,+20.64,+3.57,-3.50,-0.69)Nm λ_n_max=1.058 η_n_max=1.279 primal=4.936 iters=25/25 lcp_res_max=nan
[ADMIT-GUARD] step=78 admit_active=0 latch=0/0 ee_z=0.151 gate_cap=0
[ALT-GATE] step=78 target_stable=0/0 allow_descent=1
[GS-tgt] step=78 ee=(+0.010,-0.042,+0.151) p_repos=(+0.080,+0.000,+0.030) ee_to_target=0.146m target_label=prev_repos target_changed=N delta=0.000m
[GS] step=78 mode=free switch=kStayInRepos best_k=0 best_src=prev_repos curr_cost=134290.75 repos_cost=181851.39 best_other=181851.39 met_progress=N steps_since_improve=76 switches=0
[STEP] step=78 mode=free t=0.780s ee=(+0.010,-0.042,+0.151) obj=(+0.000,+0.000,+0.050) goal_dist=0.300m switch=kStayInRepos target=(+0.010,-0.041,+0.150) ee_stride=0.002m ee_to_ptarget=0.146m landing_err=0.1263m ik_ok=Y ik_resid=0.0001m q_max_resid_deg=4.12 target_changed=Y retgt=N held_idx=1 held_cost=181851.39 won_cost=181851.39 margin=+0.00 won_src=prev_repos held_valid=Y reason=hold setpoint_to_ptarget=nanm finished_val=0.1458m finished_thresh=0.0200m pd_resid=nanm nextwp_to_ptarget=nanm guide_terminal_err=nanm
[GATE-EVOLVE] step=78 curr=134290.75 best_other=181851.39 ratio=0.7385 ee_to_optimal=0.0778m phi=0.0256m
[STAGE-A-TRACE] step=78 sim_t=0.780 mode=free phi=0.02558 box_xy=+0.00000,+0.00000 lam_n_ee_box=nan qy=+0.00001 qz=+0.00000 finished_repos=0
[DRAKE-CONTACT] step=78 n_pairs=1 ee_box_normal=0.000
[GATE-CONTACT] step=78 F_W=(+0.0000,+0.0000,+0.0000) F_on_box=(-0.0000,-0.0000,-0.0000) n_face_out=(-0.0000,-0.0000,-0.0000) A_is_ee=0 box_q=(+1.00000,-0.00001,+0.00001,+0.00000) box_p=(+0.00000,+0.00000,+0.04999) ee_p=(+0.00963,-0.04217,+0.15057)
[EErel] along_push=-0.011m (neg=correct)  perp=0.041m  ee_to_box=0.043m  stage=3  obj=[0. 0.]  g_hat=[-1. -0.]
[proxy] err=0.162m  effective=[0.114 0.034 0.05 ]
[ADMM-C3+] primal: 6.1274->4.9359  dual: 109.8105->80.3186  mono=False  iters=25/25  rho=25.0
[ADMM-C3+] WARNING non-converged: pr=4.9359 dr=80.3186 tol=1e-03
[C3+] step=234 |u[0]|=34.25Nm u_axis=(+10.47,-24.72,-2.34,+20.51,+3.51,-3.69,-0.69)Nm λ_n_max=1.058 η_n_max=1.279 primal=4.936 iters=25/25 lcp_res_max=nan
[ADMIT-GUARD] step=79 admit_active=0 latch=0/0 ee_z=0.151 gate_cap=0
[ALT-GATE] step=79 target_stable=0/0 allow_descent=1
[GS-tgt] step=79 ee=(+0.011,-0.041,+0.151) p_repos=(+0.080,+0.000,+0.030) ee_to_target=0.145m target_label=prev_repos target_changed=N delta=0.000m
[GS] step=79 mode=free switch=kStayInRepos best_k=0 best_src=prev_repos curr_cost=134240.72 repos_cost=181942.16 best_other=181942.16 met_progress=N steps_since_improve=77 switches=0
[STEP] step=79 mode=free t=0.790s ee=(+0.011,-0.041,+0.151) obj=(+0.000,+0.000,+0.050) goal_dist=0.300m switch=kStayInRepos target=(+0.012,-0.040,+0.150) ee_stride=0.002m ee_to_ptarget=0.145m landing_err=0.1252m ik_ok=Y ik_resid=0.0001m q_max_resid_deg=4.33 target_changed=Y retgt=N held_idx=1 held_cost=181942.16 won_cost=181942.16 margin=+0.00 won_src=prev_repos held_valid=Y reason=hold setpoint_to_ptarget=nanm finished_val=0.1447m finished_thresh=0.0200m pd_resid=nanm nextwp_to_ptarget=nanm guide_terminal_err=nanm
[GATE-EVOLVE] step=79 curr=134240.72 best_other=181942.16 ratio=0.7378 ee_to_optimal=0.0758m phi=0.0255m
[STAGE-A-TRACE] step=79 sim_t=0.790 mode=free phi=0.02555 box_xy=+0.00000,+0.00000 lam_n_ee_box=nan qy=+0.00001 qz=+0.00000 finished_repos=0
[DRAKE-CONTACT] step=79 n_pairs=1 ee_box_normal=0.000
[GATE-CONTACT] step=79 F_W=(+0.0000,+0.0000,+0.0000) F_on_box=(-0.0000,-0.0000,-0.0000) n_face_out=(-0.0000,-0.0000,-0.0000) A_is_ee=0 box_q=(+1.00000,-0.00001,+0.00001,+0.00000) box_p=(+0.00000,+0.00000,+0.04999) ee_p=(+0.01129,-0.04108,+0.15054)
[EErel] along_push=-0.013m (neg=correct)  perp=0.040m  ee_to_box=0.042m  stage=3  obj=[0. 0.]  g_hat=[-1. -0.]
[proxy] err=0.159m  effective=[0.113 0.032 0.05 ]
[ADMM-C3+] primal: 6.1274->4.9359  dual: 109.8105->80.3186  mono=False  iters=25/25  rho=25.0
[ADMM-C3+] WARNING non-converged: pr=4.9359 dr=80.3186 tol=1e-03
[C3+] step=237 |u[0]|=34.27Nm u_axis=(+10.62,-24.79,-2.18,+20.36,+3.48,-3.87,-0.70)Nm λ_n_max=1.058 η_n_max=1.279 primal=4.936 iters=25/25 lcp_res_max=nan
[ADMIT-GUARD] step=80 admit_active=0 latch=0/0 ee_z=0.151 gate_cap=0
[ALT-GATE] step=80 target_stable=0/0 allow_descent=1
[GS-tgt] step=80 ee=(+0.013,-0.040,+0.151) p_repos=(+0.080,+0.000,+0.030) ee_to_target=0.144m target_label=prev_repos target_changed=N delta=0.000m
[IMP] step=80 mode=free |x_err|=0.0014m |tau_imp|=0.68Nm |tau_ff|=0.00Nm |tau_out|=0.68Nm sat=False lam_n=False lam_t=False
[GS] step=80 mode=free switch=kStayInRepos best_k=0 best_src=prev_repos curr_cost=134192.69 repos_cost=182029.18 best_other=182029.18 met_progress=N steps_since_improve=78 switches=0
[STEP] step=80 mode=free t=0.800s ee=(+0.013,-0.040,+0.151) obj=(+0.000,+0.000,+0.050) goal_dist=0.300m switch=kStayInRepos target=(+0.014,-0.039,+0.150) ee_stride=0.001m ee_to_ptarget=0.144m landing_err=0.1241m ik_ok=Y ik_resid=0.0001m q_max_resid_deg=4.54 target_changed=Y retgt=N held_idx=1 held_cost=182029.18 won_cost=182029.18 margin=+0.00 won_src=prev_repos held_valid=Y reason=hold setpoint_to_ptarget=nanm finished_val=0.1436m finished_thresh=0.0200m pd_resid=nanm nextwp_to_ptarget=nanm guide_terminal_err=nanm
[GATE-EVOLVE] step=80 curr=134192.69 best_other=182029.18 ratio=0.7372 ee_to_optimal=0.0739m phi=0.0255m
[STAGE-A-TRACE] step=80 sim_t=0.800 mode=free phi=0.02552 box_xy=+0.00000,+0.00000 lam_n_ee_box=nan qy=+0.00001 qz=+0.00000 finished_repos=0
[GS-table] step=80
  k=0 (current   ) pos=(+0.013,-0.040,+0.151) c_C3= 134192.69 align=0.0000(bonus=    0.00) rot=+0.0000(bonus=    0.00) travel=0.000m(pen=  0.00) c_sample= 134192.69 feas=Y ik_err=0.0000m  ← WIN
  k=1 (prev_repos) pos=(+0.080,+0.000,+0.030) c_C3= 212000.46 align=1.0000(bonus=30000.00) rot=+0.0000(bonus=    0.00) travel=0.144m(pen= 28.72) c_sample= 182029.18 feas=Y ik_err=0.0001m
  k=2 (strat_0   ) pos=(+0.080,+0.000,+0.030) c_C3= 212000.46 align=1.0000(bonus=30000.00) rot=+0.0000(bonus=    0.00) travel=0.144m(pen= 28.72) c_sample= 182029.18 feas=Y ik_err=0.0001m
[DRAKE-CONTACT] step=80 n_pairs=1 ee_box_normal=0.000
[GATE-CONTACT] step=80 F_W=(+0.0000,+0.0000,+0.0000) F_on_box=(-0.0000,-0.0000,-0.0000) n_face_out=(-0.0000,-0.0000,-0.0000) A_is_ee=0 box_q=(+1.00000,-0.00001,+0.00001,+0.00000) box_p=(+0.00000,+0.00000,+0.04999) ee_p=(+0.01293,-0.04002,+0.15051)
[EErel] along_push=-0.015m (neg=correct)  perp=0.039m  ee_to_box=0.042m  stage=3  obj=[0. 0.]  g_hat=[-1. -0.]
[proxy] err=0.156m  effective=[0.112 0.03  0.05 ]
[ADMM-C3+] primal: 6.1274->4.9359  dual: 109.8105->80.3186  mono=False  iters=25/25  rho=25.0
[ADMM-C3+] WARNING non-converged: pr=4.9359 dr=80.3186 tol=1e-03
[C3+] step=240 |u[0]|=34.25Nm u_axis=(+10.72,-24.83,-2.01,+20.23,+3.42,-4.05,-0.71)Nm λ_n_max=1.058 η_n_max=1.279 primal=4.936 iters=25/25 lcp_res_max=nan
[ADMIT-GUARD] step=81 admit_active=0 latch=0/0 ee_z=0.150 gate_cap=0
[ALT-GATE] step=81 target_stable=0/0 allow_descent=1
[GS-tgt] step=81 ee=(+0.015,-0.039,+0.150) p_repos=(+0.080,+0.000,+0.030) ee_to_target=0.143m target_label=prev_repos target_changed=N delta=0.000m
[GS] step=81 mode=free switch=kStayInRepos best_k=0 best_src=prev_repos curr_cost=134149.68 repos_cost=182114.29 best_other=182114.29 met_progress=N steps_since_improve=79 switches=0
[STEP] step=81 mode=free t=0.810s ee=(+0.015,-0.039,+0.150) obj=(+0.000,+0.000,+0.050) goal_dist=0.300m switch=kStayInRepos target=(+0.015,-0.038,+0.150) ee_stride=0.001m ee_to_ptarget=0.143m landing_err=0.1231m ik_ok=Y ik_resid=0.0001m q_max_resid_deg=4.76 target_changed=Y retgt=N held_idx=1 held_cost=182114.29 won_cost=182114.29 margin=+0.00 won_src=prev_repos held_valid=Y reason=hold setpoint_to_ptarget=nanm finished_val=0.1425m finished_thresh=0.0200m pd_resid=nanm nextwp_to_ptarget=nanm guide_terminal_err=nanm
[GATE-EVOLVE] step=81 curr=134149.68 best_other=182114.29 ratio=0.7366 ee_to_optimal=0.0719m phi=0.0255m
[STAGE-A-TRACE] step=81 sim_t=0.810 mode=free phi=0.02550 box_xy=+0.00000,+0.00000 lam_n_ee_box=nan qy=+0.00001 qz=+0.00000 finished_repos=0
[DRAKE-CONTACT] step=81 n_pairs=1 ee_box_normal=0.000
[GATE-CONTACT] step=81 F_W=(+0.0000,+0.0000,+0.0000) F_on_box=(-0.0000,-0.0000,-0.0000) n_face_out=(-0.0000,-0.0000,-0.0000) A_is_ee=0 box_q=(+1.00000,-0.00001,+0.00001,+0.00000) box_p=(+0.00000,+0.00000,+0.04999) ee_p=(+0.01457,-0.03897,+0.15049)
[EErel] along_push=-0.016m (neg=correct)  perp=0.038m  ee_to_box=0.041m  stage=3  obj=[0. 0.]  g_hat=[-1. -0.]
[proxy] err=0.154m  effective=[0.112 0.029 0.05 ]
[ADMM-C3+] primal: 6.1274->4.9359  dual: 109.8105->80.3186  mono=False  iters=25/25  rho=25.0
[ADMM-C3+] WARNING non-converged: pr=4.9359 dr=80.3186 tol=1e-03
[C3+] step=243 |u[0]|=34.24Nm u_axis=(+10.82,-24.87,-1.85,+20.10,+3.37,-4.21,-0.71)Nm λ_n_max=1.058 η_n_max=1.279 primal=4.936 iters=25/25 lcp_res_max=nan
[ADMIT-GUARD] step=82 admit_active=0 latch=0/0 ee_z=0.150 gate_cap=0
[ALT-GATE] step=82 target_stable=0/0 allow_descent=1
[GS-tgt] step=82 ee=(+0.016,-0.038,+0.150) p_repos=(+0.080,+0.000,+0.030) ee_to_target=0.142m target_label=prev_repos target_changed=N delta=0.000m
[GS] step=82 mode=free switch=kStayInRepos best_k=0 best_src=prev_repos curr_cost=134109.76 repos_cost=182198.73 best_other=182198.73 met_progress=N steps_since_improve=80 switches=0
[STEP] step=82 mode=free t=0.820s ee=(+0.016,-0.038,+0.150) obj=(+0.000,+0.000,+0.050) goal_dist=0.300m switch=kStayInRepos target=(+0.017,-0.037,+0.150) ee_stride=0.001m ee_to_ptarget=0.142m landing_err=0.1223m ik_ok=Y ik_resid=0.0002m q_max_resid_deg=4.98 target_changed=Y retgt=N held_idx=1 held_cost=182198.73 won_cost=182198.73 margin=+0.00 won_src=prev_repos held_valid=Y reason=hold setpoint_to_ptarget=nanm finished_val=0.1415m finished_thresh=0.0200m pd_resid=nanm nextwp_to_ptarget=nanm guide_terminal_err=nanm
[GATE-EVOLVE] step=82 curr=134109.76 best_other=182198.73 ratio=0.7361 ee_to_optimal=0.0700m phi=0.0255m
[STAGE-A-TRACE] step=82 sim_t=0.820 mode=free phi=0.02547 box_xy=+0.00000,+0.00000 lam_n_ee_box=nan qy=+0.00001 qz=+0.00000 finished_repos=0
[DRAKE-CONTACT] step=82 n_pairs=1 ee_box_normal=0.000
[GATE-CONTACT] step=82 F_W=(+0.0000,+0.0000,+0.0000) F_on_box=(-0.0000,-0.0000,-0.0000) n_face_out=(-0.0000,-0.0000,-0.0000) A_is_ee=0 box_q=(+1.00000,-0.00001,+0.00001,+0.00000) box_p=(+0.00000,+0.00000,+0.04999) ee_p=(+0.01619,-0.03795,+0.15047)
[EErel] along_push=-0.018m (neg=correct)  perp=0.037m  ee_to_box=0.041m  stage=3  obj=[0. 0.]  g_hat=[-1. -0.]
[proxy] err=0.152m  effective=[0.112 0.027 0.05 ]
[ADMM-C3+] primal: 6.1274->4.9359  dual: 109.8105->80.3186  mono=False  iters=25/25  rho=25.0
[ADMM-C3+] WARNING non-converged: pr=4.9359 dr=80.3186 tol=1e-03
[C3+] step=246 |u[0]|=34.24Nm u_axis=(+10.91,-24.92,-1.70,+19.97,+3.32,-4.37,-0.71)Nm λ_n_max=1.058 η_n_max=1.279 primal=4.936 iters=25/25 lcp_res_max=nan
[ADMIT-GUARD] step=83 admit_active=0 latch=0/0 ee_z=0.150 gate_cap=0
[ALT-GATE] step=83 target_stable=0/0 allow_descent=1
[GS-tgt] step=83 ee=(+0.018,-0.037,+0.150) p_repos=(+0.080,+0.000,+0.030) ee_to_target=0.140m target_label=prev_repos target_changed=N delta=0.000m
[GS] step=83 mode=free switch=kStayInRepos best_k=0 best_src=prev_repos curr_cost=134072.69 repos_cost=182301.11 best_other=182301.11 met_progress=N steps_since_improve=81 switches=0
[STEP] step=83 mode=free t=0.830s ee=(+0.018,-0.037,+0.150) obj=(+0.000,+0.000,+0.050) goal_dist=0.300m switch=kStayInRepos target=(+0.018,-0.036,+0.150) ee_stride=0.001m ee_to_ptarget=0.140m landing_err=0.1216m ik_ok=Y ik_resid=0.0002m q_max_resid_deg=5.22 target_changed=Y retgt=N held_idx=1 held_cost=182301.11 won_cost=182301.11 margin=+0.00 won_src=prev_repos held_valid=Y reason=hold setpoint_to_ptarget=nanm finished_val=0.1405m finished_thresh=0.0200m pd_resid=nanm nextwp_to_ptarget=nanm guide_terminal_err=nanm
[GATE-EVOLVE] step=83 curr=134072.69 best_other=182301.11 ratio=0.7354 ee_to_optimal=0.0681m phi=0.0255m
[STAGE-A-TRACE] step=83 sim_t=0.830 mode=free phi=0.02545 box_xy=+0.00000,+0.00000 lam_n_ee_box=nan qy=+0.00001 qz=+0.00000 finished_repos=0
[DRAKE-CONTACT] step=83 n_pairs=1 ee_box_normal=0.000
[GATE-CONTACT] step=83 F_W=(+0.0000,+0.0000,+0.0000) F_on_box=(-0.0000,-0.0000,-0.0000) n_face_out=(-0.0000,-0.0000,-0.0000) A_is_ee=0 box_q=(+1.00000,-0.00001,+0.00001,+0.00000) box_p=(+0.00000,+0.00000,+0.04999) ee_p=(+0.01781,-0.03694,+0.15045)
[EErel] along_push=-0.019m (neg=correct)  perp=0.036m  ee_to_box=0.041m  stage=3  obj=[0. 0.]  g_hat=[-1. -0.]
[proxy] err=0.149m  effective=[0.111 0.026 0.05 ]
[ADMM-C3+] primal: 6.1274->4.9359  dual: 109.8105->80.3186  mono=False  iters=25/25  rho=25.0
[ADMM-C3+] WARNING non-converged: pr=4.9359 dr=80.3186 tol=1e-03
[C3+] step=249 |u[0]|=34.25Nm u_axis=(+10.97,-25.00,-1.54,+19.84,+3.27,-4.53,-0.72)Nm λ_n_max=1.058 η_n_max=1.279 primal=4.936 iters=25/25 lcp_res_max=nan
[ADMIT-GUARD] step=84 admit_active=0 latch=0/0 ee_z=0.150 gate_cap=0
[ALT-GATE] step=84 target_stable=0/0 allow_descent=1
[GS-tgt] step=84 ee=(+0.019,-0.036,+0.150) p_repos=(+0.080,+0.000,+0.030) ee_to_target=0.140m target_label=prev_repos target_changed=N delta=0.000m
[GS] step=84 mode=free switch=kStayInRepos best_k=0 best_src=prev_repos curr_cost=134040.58 repos_cost=182458.25 best_other=182458.25 met_progress=N steps_since_improve=82 switches=0
[STEP] step=84 mode=free t=0.840s ee=(+0.019,-0.036,+0.150) obj=(+0.000,+0.000,+0.050) goal_dist=0.300m switch=kStayInRepos target=(+0.020,-0.035,+0.150) ee_stride=0.001m ee_to_ptarget=0.140m landing_err=0.1211m ik_ok=Y ik_resid=0.0002m q_max_resid_deg=5.45 target_changed=Y retgt=N held_idx=1 held_cost=182458.25 won_cost=182458.25 margin=+0.00 won_src=prev_repos held_valid=Y reason=hold setpoint_to_ptarget=nanm finished_val=0.1395m finished_thresh=0.0200m pd_resid=nanm nextwp_to_ptarget=nanm guide_terminal_err=nanm
[GATE-EVOLVE] step=84 curr=134040.58 best_other=182458.25 ratio=0.7346 ee_to_optimal=0.0662m phi=0.0254m
[STAGE-A-TRACE] step=84 sim_t=0.840 mode=free phi=0.02544 box_xy=+0.00000,+0.00000 lam_n_ee_box=nan qy=+0.00001 qz=+0.00000 finished_repos=0
[DRAKE-CONTACT] step=84 n_pairs=1 ee_box_normal=0.000
[GATE-CONTACT] step=84 F_W=(+0.0000,+0.0000,+0.0000) F_on_box=(-0.0000,-0.0000,-0.0000) n_face_out=(-0.0000,-0.0000,-0.0000) A_is_ee=0 box_q=(+1.00000,-0.00001,+0.00001,+0.00000) box_p=(+0.00000,+0.00000,+0.04999) ee_p=(+0.01941,-0.03594,+0.15043)
[EErel] along_push=-0.021m (neg=correct)  perp=0.035m  ee_to_box=0.041m  stage=3  obj=[0. 0.]  g_hat=[-1. -0.]
[proxy] err=0.147m  effective=[0.111 0.024 0.05 ]
[ADMM-C3+] primal: 6.1274->4.9359  dual: 109.8105->80.3186  mono=False  iters=25/25  rho=25.0
[ADMM-C3+] WARNING non-converged: pr=4.9359 dr=80.3186 tol=1e-03
[C3+] step=252 |u[0]|=34.25Nm u_axis=(+10.90,-25.07,-1.28,+19.77,+3.15,-4.72,-0.71)Nm λ_n_max=1.058 η_n_max=1.279 primal=4.936 iters=25/25 lcp_res_max=nan
[ADMIT-GUARD] step=85 admit_active=0 latch=0/0 ee_z=0.150 gate_cap=0
[ALT-GATE] step=85 target_stable=0/0 allow_descent=1
[GS-tgt] step=85 ee=(+0.021,-0.035,+0.150) p_repos=(+0.080,+0.000,+0.030) ee_to_target=0.139m target_label=prev_repos target_changed=N delta=0.000m
[GS] step=85 mode=free switch=kStayInRepos best_k=0 best_src=prev_repos curr_cost=134018.24 repos_cost=182449.04 best_other=182449.04 met_progress=N steps_since_improve=83 switches=0
[STEP] step=85 mode=free t=0.850s ee=(+0.021,-0.035,+0.150) obj=(+0.000,+0.000,+0.050) goal_dist=0.300m switch=kStayInRepos target=(+0.021,-0.034,+0.150) ee_stride=0.001m ee_to_ptarget=0.139m landing_err=0.1206m ik_ok=Y ik_resid=0.0002m q_max_resid_deg=5.70 target_changed=Y retgt=N held_idx=1 held_cost=182449.04 won_cost=182449.04 margin=+0.00 won_src=prev_repos held_valid=Y reason=hold setpoint_to_ptarget=nanm finished_val=0.1386m finished_thresh=0.0200m pd_resid=nanm nextwp_to_ptarget=nanm guide_terminal_err=nanm
[GATE-EVOLVE] step=85 curr=134018.24 best_other=182449.04 ratio=0.7346 ee_to_optimal=0.0643m phi=0.0254m
[STAGE-A-TRACE] step=85 sim_t=0.850 mode=free phi=0.02542 box_xy=+0.00000,+0.00000 lam_n_ee_box=nan qy=+0.00001 qz=+0.00000 finished_repos=0
[DRAKE-CONTACT] step=85 n_pairs=1 ee_box_normal=0.000
[GATE-CONTACT] step=85 F_W=(+0.0000,+0.0000,+0.0000) F_on_box=(-0.0000,-0.0000,-0.0000) n_face_out=(-0.0000,-0.0000,-0.0000) A_is_ee=0 box_q=(+1.00000,-0.00001,+0.00001,+0.00000) box_p=(+0.00000,+0.00000,+0.04999) ee_p=(+0.02101,-0.03496,+0.15042)
[EErel] along_push=-0.023m (neg=correct)  perp=0.034m  ee_to_box=0.041m  stage=3  obj=[0. 0.]  g_hat=[-1. -0.]
[proxy] err=0.146m  effective=[0.111 0.023 0.05 ]
[ADMM-C3+] primal: 6.1274->4.9359  dual: 109.8105->80.3186  mono=False  iters=25/25  rho=25.0
[ADMM-C3+] WARNING non-converged: pr=4.9359 dr=80.3186 tol=1e-03
[C3+] step=255 |u[0]|=34.28Nm u_axis=(+10.99,-25.15,-1.19,+19.65,+3.12,-4.85,-0.72)Nm λ_n_max=1.058 η_n_max=1.279 primal=4.936 iters=25/25 lcp_res_max=nan
[ADMIT-GUARD] step=86 admit_active=0 latch=0/0 ee_z=0.150 gate_cap=0
[ALT-GATE] step=86 target_stable=0/0 allow_descent=1
[GS-tgt] step=86 ee=(+0.023,-0.034,+0.150) p_repos=(+0.080,+0.000,+0.030) ee_to_target=0.138m target_label=prev_repos target_changed=N delta=0.000m
[GS] step=86 mode=free switch=kStayInRepos best_k=0 best_src=prev_repos curr_cost=133986.96 repos_cost=182533.51 best_other=182533.51 met_progress=N steps_since_improve=84 switches=0
[STEP] step=86 mode=free t=0.860s ee=(+0.023,-0.034,+0.150) obj=(+0.000,+0.000,+0.050) goal_dist=0.300m switch=kStayInRepos target=(+0.023,-0.033,+0.150) ee_stride=0.001m ee_to_ptarget=0.138m landing_err=0.1203m ik_ok=Y ik_resid=0.0002m q_max_resid_deg=5.95 target_changed=Y retgt=N held_idx=1 held_cost=182533.51 won_cost=182533.51 margin=+0.00 won_src=prev_repos held_valid=Y reason=hold setpoint_to_ptarget=nanm finished_val=0.1376m finished_thresh=0.0200m pd_resid=nanm nextwp_to_ptarget=nanm guide_terminal_err=nanm
[GATE-EVOLVE] step=86 curr=133986.96 best_other=182533.51 ratio=0.7340 ee_to_optimal=0.0625m phi=0.0254m
[STAGE-A-TRACE] step=86 sim_t=0.860 mode=free phi=0.02541 box_xy=+0.00000,+0.00000 lam_n_ee_box=nan qy=+0.00001 qz=+0.00000 finished_repos=0
[DRAKE-CONTACT] step=86 n_pairs=1 ee_box_normal=0.000
[GATE-CONTACT] step=86 F_W=(+0.0000,+0.0000,+0.0000) F_on_box=(-0.0000,-0.0000,-0.0000) n_face_out=(-0.0000,-0.0000,-0.0000) A_is_ee=0 box_q=(+1.00000,-0.00001,+0.00001,+0.00000) box_p=(+0.00000,+0.00000,+0.04999) ee_p=(+0.02261,-0.03399,+0.15040)
[EErel] along_push=-0.024m (neg=correct)  perp=0.033m  ee_to_box=0.041m  stage=3  obj=[0. 0.]  g_hat=[-1. -0.]
[proxy] err=0.144m  effective=[0.111 0.022 0.05 ]
[ADMM-C3+] primal: 6.1274->4.9359  dual: 109.8105->80.3187  mono=False  iters=25/25  rho=25.0
[ADMM-C3+] WARNING non-converged: pr=4.9359 dr=80.3187 tol=1e-03
[C3+] step=258 |u[0]|=34.29Nm u_axis=(+10.89,-25.26,-0.94,+19.58,+3.00,-5.02,-0.72)Nm λ_n_max=1.058 η_n_max=1.279 primal=4.936 iters=25/25 lcp_res_max=nan
[ADMIT-GUARD] step=87 admit_active=0 latch=0/0 ee_z=0.150 gate_cap=0
[ALT-GATE] step=87 target_stable=0/0 allow_descent=1
[GS-tgt] step=87 ee=(+0.024,-0.033,+0.150) p_repos=(+0.080,+0.000,+0.030) ee_to_target=0.137m target_label=prev_repos target_changed=N delta=0.000m
[GS] step=87 mode=free switch=kStayInRepos best_k=0 best_src=prev_repos curr_cost=133971.79 repos_cost=182618.62 best_other=182618.62 met_progress=N steps_since_improve=85 switches=0
[STEP] step=87 mode=free t=0.870s ee=(+0.024,-0.033,+0.150) obj=(+0.000,+0.000,+0.050) goal_dist=0.300m switch=kStayInRepos target=(+0.024,-0.032,+0.150) ee_stride=0.001m ee_to_ptarget=0.137m landing_err=0.1201m ik_ok=Y ik_resid=0.0002m q_max_resid_deg=6.20 target_changed=Y retgt=N held_idx=1 held_cost=182618.62 won_cost=182618.62 margin=+0.00 won_src=prev_repos held_valid=Y reason=hold setpoint_to_ptarget=nanm finished_val=0.1367m finished_thresh=0.0200m pd_resid=nanm nextwp_to_ptarget=nanm guide_terminal_err=nanm
[GATE-EVOLVE] step=87 curr=133971.79 best_other=182618.62 ratio=0.7336 ee_to_optimal=0.0606m phi=0.0254m
[STAGE-A-TRACE] step=87 sim_t=0.870 mode=free phi=0.02540 box_xy=+0.00000,+0.00000 lam_n_ee_box=nan qy=+0.00001 qz=+0.00000 finished_repos=0
[DRAKE-CONTACT] step=87 n_pairs=1 ee_box_normal=0.000
[GATE-CONTACT] step=87 F_W=(+0.0000,+0.0000,+0.0000) F_on_box=(-0.0000,-0.0000,-0.0000) n_face_out=(-0.0000,-0.0000,-0.0000) A_is_ee=0 box_q=(+1.00000,-0.00001,+0.00001,+0.00000) box_p=(+0.00000,+0.00000,+0.04999) ee_p=(+0.02419,-0.03302,+0.15039)
[EErel] along_push=-0.026m (neg=correct)  perp=0.032m  ee_to_box=0.041m  stage=3  obj=[0. 0.]  g_hat=[-1. -0.]
[proxy] err=0.142m  effective=[0.112 0.021 0.05 ]
[ADMM-C3+] primal: 6.1274->4.9359  dual: 109.8105->80.3186  mono=False  iters=25/25  rho=25.0
[ADMM-C3+] WARNING non-converged: pr=4.9359 dr=80.3186 tol=1e-03
[C3+] step=261 |u[0]|=34.33Nm u_axis=(+11.10,-25.32,-1.00,+19.43,+3.05,-5.12,-0.73)Nm λ_n_max=1.058 η_n_max=1.279 primal=4.936 iters=25/25 lcp_res_max=nan
[ADMIT-GUARD] step=88 admit_active=0 latch=0/0 ee_z=0.150 gate_cap=0
[ALT-GATE] step=88 target_stable=0/0 allow_descent=1
[GS-tgt] step=88 ee=(+0.026,-0.032,+0.150) p_repos=(+0.080,+0.000,+0.030) ee_to_target=0.136m target_label=prev_repos target_changed=N delta=0.000m
[GS] step=88 mode=free switch=kStayInRepos best_k=0 best_src=prev_repos curr_cost=133933.86 repos_cost=182704.09 best_other=182704.09 met_progress=N steps_since_improve=86 switches=0
[STEP] step=88 mode=free t=0.880s ee=(+0.026,-0.032,+0.150) obj=(+0.000,+0.000,+0.050) goal_dist=0.300m switch=kStayInRepos target=(+0.026,-0.032,+0.150) ee_stride=0.001m ee_to_ptarget=0.136m landing_err=0.1161m ik_ok=Y ik_resid=0.0002m q_max_resid_deg=6.60 target_changed=Y retgt=N held_idx=1 held_cost=182704.09 won_cost=182704.09 margin=+0.00 won_src=prev_repos held_valid=Y reason=hold setpoint_to_ptarget=nanm finished_val=0.1359m finished_thresh=0.0200m pd_resid=nanm nextwp_to_ptarget=nanm guide_terminal_err=nanm
[GATE-EVOLVE] step=88 curr=133933.86 best_other=182704.09 ratio=0.7331 ee_to_optimal=0.0588m phi=0.0254m
[STAGE-A-TRACE] step=88 sim_t=0.880 mode=free phi=0.02539 box_xy=+0.00000,+0.00000 lam_n_ee_box=nan qy=+0.00001 qz=+0.00000 finished_repos=0
[DRAKE-CONTACT] step=88 n_pairs=1 ee_box_normal=0.000
[GATE-CONTACT] step=88 F_W=(+0.0000,+0.0000,+0.0000) F_on_box=(-0.0000,-0.0000,-0.0000) n_face_out=(-0.0000,-0.0000,-0.0000) A_is_ee=0 box_q=(+1.00000,-0.00001,+0.00001,+0.00000) box_p=(+0.00000,+0.00000,+0.04999) ee_p=(+0.02578,-0.03207,+0.15039)
[EErel] along_push=-0.027m (neg=correct)  perp=0.031m  ee_to_box=0.041m  stage=3  obj=[0. 0.]  g_hat=[-1. -0.]
[proxy] err=0.141m  effective=[0.112 0.019 0.05 ]
[ADMM-C3+] primal: 6.1274->4.9359  dual: 109.8105->80.3187  mono=False  iters=25/25  rho=25.0
[ADMM-C3+] WARNING non-converged: pr=4.9359 dr=80.3187 tol=1e-03
[C3+] step=264 |u[0]|=34.35Nm u_axis=(+11.04,-25.43,-0.82,+19.34,+2.97,-5.26,-0.73)Nm λ_n_max=1.058 η_n_max=1.279 primal=4.936 iters=25/25 lcp_res_max=nan
[ADMIT-GUARD] step=89 admit_active=0 latch=0/0 ee_z=0.150 gate_cap=0
[ALT-GATE] step=89 target_stable=0/0 allow_descent=1
[GS-tgt] step=89 ee=(+0.027,-0.031,+0.150) p_repos=(+0.080,+0.000,+0.030) ee_to_target=0.135m target_label=prev_repos target_changed=N delta=0.000m
[GS] step=89 mode=free switch=kStayInRepos best_k=0 best_src=prev_repos curr_cost=133918.33 repos_cost=182789.58 best_other=182789.58 met_progress=N steps_since_improve=87 switches=0
[STEP] step=89 mode=free t=0.890s ee=(+0.027,-0.031,+0.150) obj=(+0.000,+0.000,+0.050) goal_dist=0.300m switch=kStayInRepos target=(+0.027,-0.031,+0.150) ee_stride=0.001m ee_to_ptarget=0.135m landing_err=0.1121m ik_ok=Y ik_resid=0.0002m q_max_resid_deg=6.66 target_changed=Y retgt=N held_idx=1 held_cost=182789.58 won_cost=182789.58 margin=+0.00 won_src=prev_repos held_valid=Y reason=hold setpoint_to_ptarget=nanm finished_val=0.1350m finished_thresh=0.0200m pd_resid=nanm nextwp_to_ptarget=nanm guide_terminal_err=nanm
[GATE-EVOLVE] step=89 curr=133918.33 best_other=182789.58 ratio=0.7326 ee_to_optimal=0.0569m phi=0.0254m
[STAGE-A-TRACE] step=89 sim_t=0.890 mode=free phi=0.02539 box_xy=+0.00000,+0.00000 lam_n_ee_box=nan qy=+0.00001 qz=+0.00000 finished_repos=0
[DRAKE-CONTACT] step=89 n_pairs=1 ee_box_normal=0.000
[GATE-CONTACT] step=89 F_W=(+0.0000,+0.0000,+0.0000) F_on_box=(-0.0000,-0.0000,-0.0000) n_face_out=(-0.0000,-0.0000,-0.0000) A_is_ee=0 box_q=(+1.00000,-0.00001,+0.00001,+0.00000) box_p=(+0.00000,+0.00000,+0.04999) ee_p=(+0.02735,-0.03113,+0.15038)
[EErel] along_push=-0.029m (neg=correct)  perp=0.030m  ee_to_box=0.042m  stage=3  obj=[0. 0.]  g_hat=[-1. -0.]
[proxy] err=0.139m  effective=[0.113 0.018 0.05 ]
[ADMM-C3+] primal: 6.1274->4.9359  dual: 109.8105->80.3187  mono=False  iters=25/25  rho=25.0
[ADMM-C3+] WARNING non-converged: pr=4.9359 dr=80.3187 tol=1e-03
[C3+] step=267 |u[0]|=34.39Nm u_axis=(+11.09,-25.52,-0.77,+19.24,+2.94,-5.38,-0.73)Nm λ_n_max=1.058 η_n_max=1.279 primal=4.936 iters=25/25 lcp_res_max=nan
[ADMIT-GUARD] step=90 admit_active=0 latch=0/0 ee_z=0.150 gate_cap=0
[ALT-GATE] step=90 target_stable=0/0 allow_descent=1
[GS-tgt] step=90 ee=(+0.029,-0.030,+0.150) p_repos=(+0.080,+0.000,+0.030) ee_to_target=0.134m target_label=prev_repos target_changed=N delta=0.000m
[IMP] step=90 mode=free |x_err|=0.0006m |tau_imp|=0.38Nm |tau_ff|=0.00Nm |tau_out|=0.38Nm sat=False lam_n=False lam_t=False
[GS] step=90 mode=free switch=kStayInRepos best_k=0 best_src=prev_repos curr_cost=133895.82 repos_cost=182874.76 best_other=182874.76 met_progress=N steps_since_improve=88 switches=0
[STEP] step=90 mode=free t=0.900s ee=(+0.029,-0.030,+0.150) obj=(+0.000,+0.000,+0.050) goal_dist=0.300m switch=kStayInRepos target=(+0.029,-0.030,+0.150) ee_stride=0.001m ee_to_ptarget=0.134m landing_err=0.1081m ik_ok=Y ik_resid=0.0002m q_max_resid_deg=6.73 target_changed=Y retgt=N held_idx=1 held_cost=182874.76 won_cost=182874.76 margin=+0.00 won_src=prev_repos held_valid=Y reason=hold setpoint_to_ptarget=nanm finished_val=0.1342m finished_thresh=0.0200m pd_resid=nanm nextwp_to_ptarget=nanm guide_terminal_err=nanm
[GATE-EVOLVE] step=90 curr=133895.82 best_other=182874.76 ratio=0.7322 ee_to_optimal=0.0551m phi=0.0254m
[STAGE-A-TRACE] step=90 sim_t=0.900 mode=free phi=0.02538 box_xy=+0.00000,+0.00000 lam_n_ee_box=nan qy=+0.00001 qz=+0.00000 finished_repos=0
[DRAKE-CONTACT] step=90 n_pairs=1 ee_box_normal=0.000
[GATE-CONTACT] step=90 F_W=(+0.0000,+0.0000,+0.0000) F_on_box=(-0.0000,-0.0000,-0.0000) n_face_out=(-0.0000,-0.0000,-0.0000) A_is_ee=0 box_q=(+1.00000,-0.00001,+0.00001,+0.00000) box_p=(+0.00000,+0.00000,+0.04999) ee_p=(+0.02893,-0.03019,+0.15037)
[PERSIST] step=91 refresh n_strategy=1 samples=[(0.08, 0.0, 0.03)]
[EErel] along_push=-0.031m (neg=correct)  perp=0.029m  ee_to_box=0.042m  stage=3  obj=[0. 0.]  g_hat=[-1. -0.]
[proxy] err=0.138m  effective=[0.113 0.017 0.05 ]
[ADMM-C3+] primal: 6.1274->4.9359  dual: 109.8105->80.3187  mono=False  iters=25/25  rho=25.0
[ADMM-C3+] WARNING non-converged: pr=4.9359 dr=80.3187 tol=1e-03
[C3+] step=270 |u[0]|=34.42Nm u_axis=(+11.12,-25.60,-0.71,+19.15,+2.91,-5.49,-0.73)Nm λ_n_max=1.058 η_n_max=1.279 primal=4.936 iters=25/25 lcp_res_max=nan
[ADMIT-GUARD] step=91 admit_active=0 latch=0/0 ee_z=0.150 gate_cap=0
[ALT-GATE] step=91 target_stable=0/0 allow_descent=1
[GS-tgt] step=91 ee=(+0.031,-0.029,+0.150) p_repos=(+0.080,+0.000,+0.030) ee_to_target=0.133m target_label=prev_repos target_changed=N delta=0.000m
[GS] step=91 mode=free switch=kStayInRepos best_k=0 best_src=prev_repos curr_cost=103875.30 repos_cost=182959.25 best_other=182959.25 met_progress=N steps_since_improve=89 switches=0
[STEP] step=91 mode=free t=0.910s ee=(+0.031,-0.029,+0.150) obj=(+0.000,+0.000,+0.050) goal_dist=0.300m switch=kStayInRepos target=(+0.031,-0.029,+0.150) ee_stride=0.001m ee_to_ptarget=0.133m landing_err=0.1041m ik_ok=Y ik_resid=0.0002m q_max_resid_deg=6.80 target_changed=Y retgt=N held_idx=1 held_cost=182959.25 won_cost=182959.25 margin=+0.00 won_src=prev_repos held_valid=Y reason=hold setpoint_to_ptarget=nanm finished_val=0.1334m finished_thresh=0.0200m pd_resid=nanm nextwp_to_ptarget=nanm guide_terminal_err=nanm
[GATE-EVOLVE] step=91 curr=103875.30 best_other=182959.25 ratio=0.5678 ee_to_optimal=0.0533m phi=0.0254m
[STAGE-A-TRACE] step=91 sim_t=0.910 mode=free phi=0.02538 box_xy=+0.00000,+0.00000 lam_n_ee_box=nan qy=+0.00001 qz=+0.00000 finished_repos=0
[DRAKE-CONTACT] step=91 n_pairs=1 ee_box_normal=0.000
[GATE-CONTACT] step=91 F_W=(+0.0000,+0.0000,+0.0000) F_on_box=(-0.0000,-0.0000,-0.0000) n_face_out=(-0.0000,-0.0000,-0.0000) A_is_ee=0 box_q=(+1.00000,-0.00001,+0.00001,+0.00000) box_p=(+0.00000,+0.00000,+0.04999) ee_p=(+0.03050,-0.02925,+0.15037)
[EErel] along_push=-0.032m (neg=correct)  perp=0.028m  ee_to_box=0.043m  stage=3  obj=[0. 0.]  g_hat=[-1. -0.]
[proxy] err=0.137m  effective=[0.114 0.016 0.05 ]
[ADMM-C3+] primal: 6.1274->4.9359  dual: 109.8105->80.3186  mono=False  iters=25/25  rho=25.0
[ADMM-C3+] WARNING non-converged: pr=4.9359 dr=80.3186 tol=1e-03
[C3+] step=273 |u[0]|=34.48Nm u_axis=(+11.26,-25.67,-0.78,+19.02,+2.95,-5.58,-0.74)Nm λ_n_max=1.058 η_n_max=1.279 primal=4.936 iters=25/25 lcp_res_max=nan
[ADMIT-GUARD] step=92 admit_active=0 latch=0/0 ee_z=0.150 gate_cap=0
[ALT-GATE] step=92 target_stable=0/0 allow_descent=1
[GS-tgt] step=92 ee=(+0.032,-0.028,+0.150) p_repos=(+0.080,+0.000,+0.030) ee_to_target=0.133m target_label=prev_repos target_changed=N delta=0.000m
[GS] step=92 mode=free switch=kStayInRepos best_k=0 best_src=prev_repos curr_cost=103848.10 repos_cost=183042.70 best_other=183042.70 met_progress=N steps_since_improve=90 switches=0
[STEP] step=92 mode=free t=0.920s ee=(+0.032,-0.028,+0.150) obj=(+0.000,+0.000,+0.050) goal_dist=0.300m switch=kStayInRepos target=(+0.032,-0.028,+0.150) ee_stride=0.001m ee_to_ptarget=0.133m landing_err=0.1001m ik_ok=Y ik_resid=0.0002m q_max_resid_deg=6.87 target_changed=Y retgt=N held_idx=1 held_cost=183042.70 won_cost=183042.70 margin=+0.00 won_src=prev_repos held_valid=Y reason=hold setpoint_to_ptarget=nanm finished_val=0.1326m finished_thresh=0.0200m pd_resid=nanm nextwp_to_ptarget=nanm guide_terminal_err=nanm
[GATE-EVOLVE] step=92 curr=103848.10 best_other=183042.70 ratio=0.5673 ee_to_optimal=0.0514m phi=0.0254m
[STAGE-A-TRACE] step=92 sim_t=0.920 mode=free phi=0.02537 box_xy=+0.00000,+0.00000 lam_n_ee_box=nan qy=+0.00001 qz=+0.00000 finished_repos=0
[DRAKE-CONTACT] step=92 n_pairs=1 ee_box_normal=0.000
[GATE-CONTACT] step=92 F_W=(+0.0000,+0.0000,+0.0000) F_on_box=(-0.0000,-0.0000,-0.0000) n_face_out=(-0.0000,-0.0000,-0.0000) A_is_ee=0 box_q=(+1.00000,-0.00001,+0.00001,+0.00000) box_p=(+0.00000,+0.00000,+0.04999) ee_p=(+0.03207,-0.02832,+0.15037)
[EErel] along_push=-0.034m (neg=correct)  perp=0.027m  ee_to_box=0.043m  stage=3  obj=[0. 0.]  g_hat=[-1. -0.]
[proxy] err=0.136m  effective=[0.115 0.015 0.05 ]
[ADMM-C3+] primal: 6.1274->4.9359  dual: 109.8105->80.3178  mono=False  iters=25/25  rho=25.0
[ADMM-C3+] WARNING non-converged: pr=4.9359 dr=80.3178 tol=1e-03
[C3+] step=276 |u[0]|=34.47Nm u_axis=(+10.82,-26.14,-0.23,+18.65,+2.72,-5.62,-0.74)Nm λ_n_max=1.059 η_n_max=1.279 primal=4.936 iters=25/25 lcp_res_max=nan
[ADMIT-GUARD] step=93 admit_active=0 latch=0/0 ee_z=0.150 gate_cap=0
[ALT-GATE] step=93 target_stable=0/0 allow_descent=1
[GS-tgt] step=93 ee=(+0.034,-0.027,+0.150) p_repos=(+0.080,+0.000,+0.030) ee_to_target=0.132m target_label=prev_repos target_changed=N delta=0.000m
[GS] step=93 mode=free switch=kStayInRepos best_k=0 best_src=prev_repos curr_cost=103894.51 repos_cost=183124.80 best_other=183124.80 met_progress=N steps_since_improve=91 switches=0
[STEP] step=93 mode=free t=0.930s ee=(+0.034,-0.027,+0.150) obj=(+0.000,+0.000,+0.050) goal_dist=0.300m switch=kStayInRepos target=(+0.034,-0.027,+0.150) ee_stride=0.001m ee_to_ptarget=0.132m landing_err=0.0961m ik_ok=Y ik_resid=0.0002m q_max_resid_deg=6.95 target_changed=Y retgt=N held_idx=1 held_cost=183124.80 won_cost=183124.80 margin=+0.00 won_src=prev_repos held_valid=Y reason=hold setpoint_to_ptarget=nanm finished_val=0.1319m finished_thresh=0.0200m pd_resid=nanm nextwp_to_ptarget=nanm guide_terminal_err=nanm
[GATE-EVOLVE] step=93 curr=103894.51 best_other=183124.80 ratio=0.5673 ee_to_optimal=0.0496m phi=0.0254m
[STAGE-A-TRACE] step=93 sim_t=0.930 mode=free phi=0.02537 box_xy=+0.00000,+0.00000 lam_n_ee_box=nan qy=+0.00001 qz=+0.00000 finished_repos=0
[DRAKE-CONTACT] step=93 n_pairs=1 ee_box_normal=0.000
[GATE-CONTACT] step=93 F_W=(+0.0000,+0.0000,+0.0000) F_on_box=(-0.0000,-0.0000,-0.0000) n_face_out=(-0.0000,-0.0000,-0.0000) A_is_ee=0 box_q=(+1.00000,-0.00001,+0.00001,+0.00000) box_p=(+0.00000,+0.00000,+0.04999) ee_p=(+0.03364,-0.02740,+0.15036)
[EErel] along_push=-0.035m (neg=correct)  perp=0.026m  ee_to_box=0.044m  stage=3  obj=[0. 0.]  g_hat=[-1. -0.]
[proxy] err=0.135m  effective=[0.116 0.014 0.05 ]
[ADMM-C3+] primal: 6.1274->4.9359  dual: 109.8105->80.3186  mono=False  iters=25/25  rho=25.0
[ADMM-C3+] WARNING non-converged: pr=4.9359 dr=80.3186 tol=1e-03
[C3+] step=279 |u[0]|=34.61Nm u_axis=(+11.32,-25.92,-0.74,+18.83,+2.91,-5.79,-0.75)Nm λ_n_max=1.058 η_n_max=1.279 primal=4.936 iters=25/25 lcp_res_max=nan
[ADMIT-GUARD] step=94 admit_active=0 latch=0/0 ee_z=0.150 gate_cap=0
[ALT-GATE] step=94 target_stable=0/0 allow_descent=1
[GS-tgt] step=94 ee=(+0.035,-0.026,+0.150) p_repos=(+0.080,+0.000,+0.030) ee_to_target=0.131m target_label=prev_repos target_changed=N delta=0.000m
[GS] step=94 mode=free switch=kStayInRepos best_k=0 best_src=prev_repos curr_cost=103815.10 repos_cost=183205.22 best_other=183205.22 met_progress=N steps_since_improve=92 switches=0
[STEP] step=94 mode=free t=0.940s ee=(+0.035,-0.026,+0.150) obj=(+0.000,+0.000,+0.050) goal_dist=0.300m switch=kStayInRepos target=(+0.035,-0.026,+0.150) ee_stride=0.000m ee_to_ptarget=0.131m landing_err=0.0921m ik_ok=Y ik_resid=0.0002m q_max_resid_deg=7.04 target_changed=Y retgt=N held_idx=1 held_cost=183205.22 won_cost=183205.22 margin=+0.00 won_src=prev_repos held_valid=Y reason=hold setpoint_to_ptarget=nanm finished_val=0.1311m finished_thresh=0.0200m pd_resid=nanm nextwp_to_ptarget=nanm guide_terminal_err=nanm
[GATE-EVOLVE] step=94 curr=103815.10 best_other=183205.22 ratio=0.5667 ee_to_optimal=0.0478m phi=0.0254m
[STAGE-A-TRACE] step=94 sim_t=0.940 mode=free phi=0.02537 box_xy=+0.00000,+0.00000 lam_n_ee_box=nan qy=+0.00001 qz=+0.00000 finished_repos=0
[DRAKE-CONTACT] step=94 n_pairs=1 ee_box_normal=0.000
[GATE-CONTACT] step=94 F_W=(+0.0000,+0.0000,+0.0000) F_on_box=(-0.0000,-0.0000,-0.0000) n_face_out=(-0.0000,-0.0000,-0.0000) A_is_ee=0 box_q=(+1.00000,-0.00001,+0.00001,+0.00000) box_p=(+0.00000,+0.00000,+0.04999) ee_p=(+0.03520,-0.02648,+0.15036)
[EErel] along_push=-0.037m (neg=correct)  perp=0.026m  ee_to_box=0.045m  stage=3  obj=[0. 0.]  g_hat=[-1. -0.]
[proxy] err=0.134m  effective=[0.117 0.013 0.05 ]
[ADMM-C3+] primal: 6.1274->4.9359  dual: 109.8105->80.3180  mono=False  iters=25/25  rho=25.0
[ADMM-C3+] WARNING non-converged: pr=4.9359 dr=80.3180 tol=1e-03
[C3+] step=282 |u[0]|=34.75Nm u_axis=(+10.77,-26.37,-0.05,+18.82,+2.54,-5.94,-0.73)Nm λ_n_max=1.058 η_n_max=1.279 primal=4.936 iters=25/25 lcp_res_max=nan
[ADMIT-GUARD] step=95 admit_active=0 latch=0/0 ee_z=0.150 gate_cap=0
[ALT-GATE] step=95 target_stable=0/0 allow_descent=1
[GS-tgt] step=95 ee=(+0.037,-0.026,+0.150) p_repos=(+0.080,+0.000,+0.030) ee_to_target=0.130m target_label=prev_repos target_changed=N delta=0.000m
[GS] step=95 mode=free switch=kStayInRepos best_k=0 best_src=prev_repos curr_cost=103858.28 repos_cost=183283.71 best_other=183283.71 met_progress=N steps_since_improve=93 switches=0
[STEP] step=95 mode=free t=0.950s ee=(+0.037,-0.026,+0.150) obj=(+0.000,+0.000,+0.050) goal_dist=0.300m switch=kStayInRepos target=(+0.037,-0.025,+0.150) ee_stride=0.000m ee_to_ptarget=0.130m landing_err=0.0881m ik_ok=Y ik_resid=0.0002m q_max_resid_deg=7.52 target_changed=Y retgt=N held_idx=1 held_cost=183283.71 won_cost=183283.71 margin=+0.00 won_src=prev_repos held_valid=Y reason=hold setpoint_to_ptarget=nanm finished_val=0.1304m finished_thresh=0.0200m pd_resid=nanm nextwp_to_ptarget=nanm guide_terminal_err=nanm
[GATE-EVOLVE] step=95 curr=103858.28 best_other=183283.71 ratio=0.5667 ee_to_optimal=0.0460m phi=0.0254m
[STAGE-A-TRACE] step=95 sim_t=0.950 mode=free phi=0.02537 box_xy=+0.00000,+0.00000 lam_n_ee_box=nan qy=+0.00001 qz=+0.00000 finished_repos=0
[DRAKE-CONTACT] step=95 n_pairs=1 ee_box_normal=0.000
[GATE-CONTACT] step=95 F_W=(+0.0000,+0.0000,+0.0000) F_on_box=(-0.0000,-0.0000,-0.0000) n_face_out=(-0.0000,-0.0000,-0.0000) A_is_ee=0 box_q=(+1.00000,-0.00001,+0.00001,+0.00000) box_p=(+0.00000,+0.00000,+0.04999) ee_p=(+0.03677,-0.02556,+0.15036)
[EErel] along_push=-0.038m (neg=correct)  perp=0.025m  ee_to_box=0.046m  stage=3  obj=[0. 0.]  g_hat=[-1. -0.]
[proxy] err=0.134m  effective=[0.118 0.012 0.05 ]
[ADMM-C3+] primal: 6.1274->4.9360  dual: 109.8105->80.3184  mono=False  iters=25/25  rho=25.0
[ADMM-C3+] WARNING non-converged: pr=4.9360 dr=80.3184 tol=1e-03
[C3+] step=285 |u[0]|=34.88Nm u_axis=(+10.53,-26.70,+0.24,+18.71,+2.38,-6.03,-0.72)Nm λ_n_max=1.058 η_n_max=1.279 primal=4.936 iters=25/25 lcp_res_max=nan
[ADMIT-GUARD] step=96 admit_active=0 latch=0/0 ee_z=0.150 gate_cap=0
[ALT-GATE] step=96 target_stable=0/0 allow_descent=1
[GS-tgt] step=96 ee=(+0.038,-0.025,+0.150) p_repos=(+0.080,+0.000,+0.030) ee_to_target=0.130m target_label=prev_repos target_changed=N delta=0.000m
[GS] step=96 mode=free switch=kStayInRepos best_k=0 best_src=prev_repos curr_cost=103880.03 repos_cost=183360.01 best_other=183360.01 met_progress=N steps_since_improve=94 switches=0
[STEP] step=96 mode=free t=0.960s ee=(+0.038,-0.025,+0.150) obj=(+0.000,+0.000,+0.050) goal_dist=0.300m switch=kStayInRepos target=(+0.038,-0.024,+0.150) ee_stride=0.000m ee_to_ptarget=0.130m landing_err=0.0841m ik_ok=Y ik_resid=0.0002m q_max_resid_deg=7.99 target_changed=Y retgt=N held_idx=1 held_cost=183360.01 won_cost=183360.01 margin=+0.00 won_src=prev_repos held_valid=Y reason=hold setpoint_to_ptarget=nanm finished_val=0.1297m finished_thresh=0.0200m pd_resid=nanm nextwp_to_ptarget=nanm guide_terminal_err=nanm
[GATE-EVOLVE] step=96 curr=103880.03 best_other=183360.01 ratio=0.5665 ee_to_optimal=0.0442m phi=0.0254m
[STAGE-A-TRACE] step=96 sim_t=0.960 mode=free phi=0.02537 box_xy=+0.00000,+0.00000 lam_n_ee_box=nan qy=+0.00001 qz=+0.00000 finished_repos=0
[DRAKE-CONTACT] step=96 n_pairs=1 ee_box_normal=0.000
[GATE-CONTACT] step=96 F_W=(+0.0000,+0.0000,+0.0000) F_on_box=(-0.0000,-0.0000,-0.0000) n_face_out=(-0.0000,-0.0000,-0.0000) A_is_ee=0 box_q=(+1.00000,-0.00001,+0.00001,+0.00000) box_p=(+0.00000,+0.00000,+0.04999) ee_p=(+0.03833,-0.02464,+0.15036)
[EErel] along_push=-0.040m (neg=correct)  perp=0.024m  ee_to_box=0.046m  stage=3  obj=[0. 0.]  g_hat=[-1. -0.]
[proxy] err=0.133m  effective=[0.12  0.011 0.05 ]
[ADMM-C3+] primal: 6.1274->4.9359  dual: 109.8105->80.3182  mono=False  iters=25/25  rho=25.0
[ADMM-C3+] WARNING non-converged: pr=4.9359 dr=80.3182 tol=1e-03
[C3+] step=288 |u[0]|=34.94Nm u_axis=(+10.66,-26.75,+0.12,+18.65,+2.42,-6.11,-0.73)Nm λ_n_max=1.058 η_n_max=1.279 primal=4.936 iters=25/25 lcp_res_max=nan
[ADMIT-GUARD] step=97 admit_active=0 latch=0/0 ee_z=0.150 gate_cap=0
[ALT-GATE] step=97 target_stable=0/0 allow_descent=1
[GS-tgt] step=97 ee=(+0.040,-0.024,+0.150) p_repos=(+0.080,+0.000,+0.030) ee_to_target=0.129m target_label=prev_repos target_changed=N delta=0.000m
[GS] step=97 mode=free switch=kStayInRepos best_k=0 best_src=prev_repos curr_cost=103852.57 repos_cost=183433.93 best_other=183433.93 met_progress=N steps_since_improve=95 switches=0
[STEP] step=97 mode=free t=0.970s ee=(+0.040,-0.024,+0.150) obj=(+0.000,+0.000,+0.050) goal_dist=0.300m switch=kStayInRepos target=(+0.040,-0.023,+0.150) ee_stride=0.000m ee_to_ptarget=0.129m landing_err=0.0801m ik_ok=Y ik_resid=0.0002m q_max_resid_deg=8.47 target_changed=Y retgt=N held_idx=1 held_cost=183433.93 won_cost=183433.93 margin=+0.00 won_src=prev_repos held_valid=Y reason=hold setpoint_to_ptarget=nanm finished_val=0.1291m finished_thresh=0.0200m pd_resid=nanm nextwp_to_ptarget=nanm guide_terminal_err=nanm
[GATE-EVOLVE] step=97 curr=103852.57 best_other=183433.93 ratio=0.5662 ee_to_optimal=0.0424m phi=0.0254m
[STAGE-A-TRACE] step=97 sim_t=0.970 mode=free phi=0.02537 box_xy=+0.00000,+0.00000 lam_n_ee_box=nan qy=+0.00001 qz=+0.00000 finished_repos=0
[DRAKE-CONTACT] step=97 n_pairs=1 ee_box_normal=0.000
[GATE-CONTACT] step=97 F_W=(+0.0000,+0.0000,+0.0000) F_on_box=(-0.0000,-0.0000,-0.0000) n_face_out=(-0.0000,-0.0000,-0.0000) A_is_ee=0 box_q=(+1.00000,-0.00001,+0.00001,+0.00000) box_p=(+0.00000,+0.00000,+0.04999) ee_p=(+0.03989,-0.02373,+0.15036)
[EErel] along_push=-0.041m (neg=correct)  perp=0.023m  ee_to_box=0.047m  stage=3  obj=[0. 0.]  g_hat=[-1. -0.]
[proxy] err=0.132m  effective=[0.121 0.01  0.05 ]
[ADMM-C3+] primal: 6.1274->4.9359  dual: 109.8105->80.3184  mono=False  iters=25/25  rho=25.0
[ADMM-C3+] WARNING non-converged: pr=4.9359 dr=80.3184 tol=1e-03
[C3+] step=291 |u[0]|=34.96Nm u_axis=(+11.13,-26.61,-0.38,+18.56,+2.68,-6.17,-0.75)Nm λ_n_max=1.058 η_n_max=1.279 primal=4.936 iters=25/25 lcp_res_max=nan
[ADMIT-GUARD] step=98 admit_active=0 latch=0/0 ee_z=0.150 gate_cap=0
[ALT-GATE] step=98 target_stable=0/0 allow_descent=1
[GS-tgt] step=98 ee=(+0.041,-0.023,+0.150) p_repos=(+0.080,+0.000,+0.030) ee_to_target=0.128m target_label=prev_repos target_changed=N delta=0.000m
[GS] step=98 mode=free switch=kStayInRepos best_k=0 best_src=prev_repos curr_cost=103791.20 repos_cost=183505.28 best_other=183505.28 met_progress=N steps_since_improve=96 switches=0
[STEP] step=98 mode=free t=0.980s ee=(+0.041,-0.023,+0.150) obj=(+0.000,+0.000,+0.050) goal_dist=0.300m switch=kStayInRepos target=(+0.041,-0.022,+0.150) ee_stride=0.000m ee_to_ptarget=0.128m landing_err=0.0761m ik_ok=Y ik_resid=0.0002m q_max_resid_deg=8.94 target_changed=Y retgt=N held_idx=1 held_cost=183505.28 won_cost=183505.28 margin=+0.00 won_src=prev_repos held_valid=Y reason=hold setpoint_to_ptarget=nanm finished_val=0.1284m finished_thresh=0.0200m pd_resid=nanm nextwp_to_ptarget=nanm guide_terminal_err=nanm
[GATE-EVOLVE] step=98 curr=103791.20 best_other=183505.28 ratio=0.5656 ee_to_optimal=0.0406m phi=0.0254m
[STAGE-A-TRACE] step=98 sim_t=0.980 mode=free phi=0.02537 box_xy=+0.00000,+0.00000 lam_n_ee_box=nan qy=+0.00001 qz=+0.00000 finished_repos=0
[DRAKE-CONTACT] step=98 n_pairs=1 ee_box_normal=0.000
[GATE-CONTACT] step=98 F_W=(+0.0000,+0.0000,+0.0000) F_on_box=(-0.0000,-0.0000,-0.0000) n_face_out=(-0.0000,-0.0000,-0.0000) A_is_ee=0 box_q=(+1.00000,-0.00001,+0.00001,+0.00000) box_p=(+0.00000,+0.00000,+0.04999) ee_p=(+0.04145,-0.02282,+0.15036)
[EErel] along_push=-0.043m (neg=correct)  perp=0.022m  ee_to_box=0.048m  stage=3  obj=[0. 0.]  g_hat=[-1. -0.]
[proxy] err=0.132m  effective=[0.122 0.01  0.05 ]
[ADMM-C3+] primal: 6.1274->4.9359  dual: 109.8105->80.3183  mono=False  iters=25/25  rho=25.0
[ADMM-C3+] WARNING non-converged: pr=4.9359 dr=80.3183 tol=1e-03
[C3+] step=294 |u[0]|=35.08Nm u_axis=(+10.89,-26.89,-0.12,+18.52,+2.51,-6.26,-0.75)Nm λ_n_max=1.058 η_n_max=1.279 primal=4.936 iters=25/25 lcp_res_max=nan
[ADMIT-GUARD] step=99 admit_active=0 latch=0/0 ee_z=0.150 gate_cap=0
[ALT-GATE] step=99 target_stable=0/0 allow_descent=1
[GS-tgt] step=99 ee=(+0.043,-0.022,+0.150) p_repos=(+0.080,+0.000,+0.030) ee_to_target=0.128m target_label=prev_repos target_changed=N delta=0.000m
[GS] step=99 mode=free switch=kStayInRepos best_k=0 best_src=prev_repos curr_cost=103807.35 repos_cost=183573.91 best_other=183573.91 met_progress=N steps_since_improve=97 switches=0
[STEP] step=99 mode=free t=0.990s ee=(+0.043,-0.022,+0.150) obj=(+0.000,+0.000,+0.050) goal_dist=0.300m switch=kStayInRepos target=(+0.043,-0.022,+0.150) ee_stride=0.000m ee_to_ptarget=0.128m landing_err=0.0721m ik_ok=Y ik_resid=0.0002m q_max_resid_deg=9.41 target_changed=Y retgt=N held_idx=1 held_cost=183573.91 won_cost=183573.91 margin=+0.00 won_src=prev_repos held_valid=Y reason=hold setpoint_to_ptarget=nanm finished_val=0.1278m finished_thresh=0.0200m pd_resid=nanm nextwp_to_ptarget=nanm guide_terminal_err=nanm
[GATE-EVOLVE] step=99 curr=103807.35 best_other=183573.91 ratio=0.5655 ee_to_optimal=0.0388m phi=0.0254m
[STAGE-A-TRACE] step=99 sim_t=0.990 mode=free phi=0.02537 box_xy=+0.00000,+0.00000 lam_n_ee_box=nan qy=+0.00001 qz=+0.00000 finished_repos=0
[DRAKE-CONTACT] step=99 n_pairs=1 ee_box_normal=0.000
[GATE-CONTACT] step=99 F_W=(+0.0000,+0.0000,+0.0000) F_on_box=(-0.0000,-0.0000,-0.0000) n_face_out=(-0.0000,-0.0000,-0.0000) A_is_ee=0 box_q=(+1.00000,-0.00001,+0.00001,+0.00000) box_p=(+0.00000,+0.00000,+0.04999) ee_p=(+0.04301,-0.02191,+0.15036)
[EErel] along_push=-0.045m (neg=correct)  perp=0.021m  ee_to_box=0.049m  stage=3  obj=[0. 0.]  g_hat=[-1. -0.]
[proxy] err=0.131m  effective=[0.124 0.009 0.05 ]
[ADMM-C3+] primal: 6.1274->4.9359  dual: 109.8105->80.3186  mono=False  iters=25/25  rho=25.0
[ADMM-C3+] WARNING non-converged: pr=4.9359 dr=80.3186 tol=1e-03
[C3+] step=297 |u[0]|=35.15Nm u_axis=(+10.90,-27.01,-0.14,+18.45,+2.50,-6.32,-0.75)Nm λ_n_max=1.058 η_n_max=1.279 primal=4.936 iters=25/25 lcp_res_max=nan
[ADMIT-GUARD] step=100 admit_active=0 latch=0/0 ee_z=0.150 gate_cap=0
[ALT-GATE] step=100 target_stable=0/0 allow_descent=1
[GS-tgt] step=100 ee=(+0.045,-0.021,+0.150) p_repos=(+0.080,+0.000,+0.030) ee_to_target=0.127m target_label=prev_repos target_changed=N delta=0.000m
[IMP] step=100 mode=free |x_err|=0.0005m |tau_imp|=0.35Nm |tau_ff|=0.00Nm |tau_out|=0.35Nm sat=False lam_n=False lam_t=False
[GS] step=100 mode=free switch=kStayInRepos best_k=0 best_src=prev_repos curr_cost=103798.86 repos_cost=183639.71 best_other=183639.71 met_progress=N steps_since_improve=98 switches=0
[STEP] step=100 mode=free t=1.000s ee=(+0.045,-0.021,+0.150) obj=(+0.000,+0.000,+0.050) goal_dist=0.300m switch=kStayInRepos target=(+0.045,-0.021,+0.150) ee_stride=0.000m ee_to_ptarget=0.127m landing_err=0.0681m ik_ok=Y ik_resid=0.0003m q_max_resid_deg=9.88 target_changed=Y retgt=N held_idx=1 held_cost=183639.71 won_cost=183639.71 margin=+0.00 won_src=prev_repos held_valid=Y reason=hold setpoint_to_ptarget=nanm finished_val=0.1272m finished_thresh=0.0200m pd_resid=nanm nextwp_to_ptarget=nanm guide_terminal_err=nanm
[GATE-EVOLVE] step=100 curr=103798.86 best_other=183639.71 ratio=0.5652 ee_to_optimal=0.0370m phi=0.0254m
[STAGE-A-TRACE] step=100 sim_t=1.000 mode=free phi=0.02537 box_xy=+0.00000,+0.00000 lam_n_ee_box=nan qy=+0.00001 qz=+0.00000 finished_repos=0
[GS-table] step=100
  k=0 (current   ) pos=(+0.045,-0.021,+0.150) c_C3= 133798.86 align=1.0000(bonus=30000.00) rot=+0.0000(bonus=    0.00) travel=0.000m(pen=  0.00) c_sample= 103798.86 feas=Y ik_err=0.0000m  ← WIN
  k=1 (prev_repos) pos=(+0.080,+0.000,+0.030) c_C3= 213614.27 align=1.0000(bonus=30000.00) rot=+0.0000(bonus=    0.00) travel=0.127m(pen= 25.44) c_sample= 183639.71 feas=Y ik_err=0.0001m
  k=2 (strat_0   ) pos=(+0.080,+0.000,+0.030) c_C3= 213614.27 align=1.0000(bonus=30000.00) rot=+0.0000(bonus=    0.00) travel=0.127m(pen= 25.44) c_sample= 183639.71 feas=Y ik_err=0.0001m
[DRAKE-CONTACT] step=100 n_pairs=1 ee_box_normal=0.000
[GATE-CONTACT] step=100 F_W=(+0.0000,+0.0000,+0.0000) F_on_box=(-0.0000,-0.0000,-0.0000) n_face_out=(-0.0000,-0.0000,-0.0000) A_is_ee=0 box_q=(+1.00000,-0.00001,+0.00001,+0.00000) box_p=(+0.00000,+0.00000,+0.04999) ee_p=(+0.04457,-0.02100,+0.15036)
[C3] Simulation complete.
[GS-perf] avg_per_step_ms=1340.3  full_solves=100  cheap_solves=199  switches=0
[OSC-SUMMARY] calls=100  qp_failures=0 (0.00%)  saturation=0 (0.00%)  avg_solve_ms=0.32
[RESULT] method=sampling-c3  final_obj_xy=(0.0000, 0.0000)  goal_dist=0.3000m  orient_err=0.0000rad  success=NO  ref_gate=FAIL
