[C3] Log: results/pushing_20260708_135011.txt
[C3] Task: pushing
[ENV]  Directional task: id=4 name=west
[ENV]  Goal coords: [-0.3, 0.0]
[ENV]  Description: Push box 30cm west. Arm prepositioned on west face: contact normal anti-aligned with goal direction. Pusher would have to go through the box -- impossible without contact mode switch.
[ENV]  Mass: 0.2 kg   Friction mu: 0.4
[MPC]  Horizon: 20   dt: 0.05 s
[MPC]  ADMM max iters: 3   rho_init: 100.0
[MPC]  Force limit: 30.0 Nm
[COST] w_obj_xy:      100000.0
[COST] w_obj_z:       10.0
[COST] w_box_z:       100.0
[COST] w_box_rp:      50.0
[COST] w_terminal:    5.0  (QN = w_terminal * Q)
[COST] w_ee_approach: 8000.0
[COST] w_torque:      0.01
[ENV]  INITIAL_ARM_Q: DEFAULT
[C3] Building Drake environment ...
[C3] DOFs: n_q=14, n_v=13, n_u=7, n_x=27
[C3] 'box_link': q[11]=x, q[12]=y
[FILTER INIT] Building EE geometry ID set:
  pusher: 1 collision geom(s)
[FILTER INIT] EE body: pusher  geom IDs: [<GeometryId value=223>]
[FILTER INIT] Manipuland geom IDs : 1
[FILTER INIT] Ground geom IDs     : 1  (world_body collision geoms)
[C3] Solver mode: c3plus  (planner: EE-space (R^3 force), c3+ projection: lcp)
[C3+] planner construction verified: use_ee_space=True solver.n_x=19 solver.n_u=3  (EE force (Newtons))
[YAML-COMPAT] num_control_loops_to_wait=60 (ticks @ 100 Hz) → num_control_loops_to_wait_s=0.6000 s
[YAML-COMPAT] num_control_loops_to_wait_position=30 (ticks @ 100 Hz) → num_control_loops_to_wait_position_s=0.3000 s
[YAML-COMPAT] progress_enforced_over_n_loops=30 (ticks @ 100 Hz) → progress_enforced_over_duration_s=0.3000 s
[YAML-COMPAT] sample_buffer_lifetime=30 (ticks @ 100 Hz) → sample_buffer_lifetime_s=0.3000 s
[OVERRIDE] sampling_height=0.030 (was 0.050, per-task 'pushing')
[STAGE-A-PWL] PUSHA_REPOSITION_PWL=1 → using RepositionTrajectory + OSC position-tracking (Stage A path).
[OVERRIDE] seed=0 (rng=np.random.default_rng)
[§7.63] PUSHA_DECOUPLE_RECONCILE_FORCE_TRACKING=1 → REF_RECONCILE_APPROACH kept for cost-gate / velocity / buffer legs; use_force_tracking left at params.use_force_tracking=True (force-mode ACTIVE, λ_ext + W_force cost in QP, lambda_des reaches QP)
[§7.70] PUSHA_OSC_C3_MODE_REFERENCE_GAINS=1 — c3-mode gains (Kp=[200,200,200], Kd=[20,20,20], W_track=1.0) will be used for compute_torque(mode="c3"); free/repos keeps port gains (Kp=[400,400,400], W_track=100).
[STAGE-A-PWL] dispatcher: use_reposition_pwl_trajectory=True
[GS] start_mode=free (--prepositioned=False)
[GS] SamplingC3MPC enabled (config: config/sampling_c3_kik.yaml)
[GS]   strategy=kFaceNormal num_add_c3=3 num_add_repos=1
[GS]   w_align=30000.0  w_travel=200.0
[GS]   reposition: traj_type=kPiecewiseLinear z_safe=0.15m speed=0.4m/s
[C3] Goal: [-0.3  0. ]  |  Meshcat: http://localhost:7000
[C3] Running simulation ...
[ENV]  Sim duration overridden: max_time=2.0s
[PERSIST] step=1 refresh n_strategy=1 samples=[(-0.023, -0.08, 0.03)]
[CONTACT-ELEM] step=0 element=manipulated_object::collision phi=+0.0751m
[§7.46] PUSHA_EE_APPROACH_FACE_TARGET=1 effective_proxy=proxy_3d=(+0.050,+0.000,+0.050) ee_to_box=0.001m (staging blend bypassed)
[DEBUG-C3+] n_contacts=2, n_lambda=12, TOT=46, total_dim=939
[DEBUG-C3+] per-step slots:  x=[0:19)  λ=[19:31)  u=[31:34)  η=[34:46)
[§7.67 B1-A] flag ON but SKIPPED — _is_st_c3p=True n_lambda=12 num_normals=2 ee_box_pair_idx=None
[ADMM-C3+] primal: 11.9365->9.7155  dual: 1410.8790->559.8158  mono=False  iters=25/25  rho=25.0
[ADMM-C3+] WARNING non-converged: pr=9.7155 dr=559.8158 tol=1e-03
[MATH.δ-C3+] Bui 2026 eq (12) projection results (N=20 × 12 λ-components):
[MATH.δ-C3+]   case 1 (η wins, λ→0):     113
[MATH.δ-C3+]   case 2 (λ wins, η→0):     76
[MATH.δ-C3+]   case 3 (both zero):       51
[MATH.δ-C3+] First step k=0, component 0:
[MATH.δ-C3+]   pre:  λ°=0.1443, η°=-78.3611
[MATH.δ-C3+]   post: δ_λ=0.1443, δ_η=0.0000
[MATH.ω-C3+] ω update: ω += (z-δ), over 25 ADMM iters
[MATH.ω-C3+] ||ω||=473.9930, ||z-δ||_max=2.4698  (scale differs from C3 — ω carries η-block residuals too)
[MATH.ω-C3+] ρ decision: primal=9.7155, dual=559.8158, ratio=0.0174 < 0.1 → would halve ρ to 12.5000
[MATH.ω-C3+] Note: adaptive-ρ fires every 10 iters; current max_iter=25
[MATH.STATE] step 1 dump written to results/math_state_dumps/c3plus_step1.json  (E_zero_rows=2/12)
[C3+] step=1 |u[0]|=42.78N u_axis=(+30.00,+30.00,-5.47)N λ_n_max=4.378 η_n_max=1.714 primal=9.715 iters=25/25 lcp_res_max=1.57e-06
[ADMIT-GUARD] step=1 admit_active=1 latch=0/0 ee_z=0.200 gate_cap=0
[ALT-GATE] step=1 target_stable=0/0 allow_descent=1
[GS-tgt] step=1 ee=(+0.000,-0.001,+0.200) p_repos=(-0.023,-0.080,+0.030) ee_to_target=0.189m target_label=strat_0 target_changed=Y delta=nanm
[STAGE-A-PWL] step=1 sim_t=0.010 build p_start=(+0.0001,-0.0005,+0.2001) p_target=(-0.0230,-0.0800,+0.0300) K=4 t_end=1.415
[OSC-INIT] n_arm=7 n_v=13
[OSC-INIT]   Kp_cart=[400.0, 400.0, 400.0]  Kd_cart=[40.0, 40.0, 40.0]
[OSC-INIT]   Kp_null=[10.0, 10.0, 10.0, 10.0, 10.0, 10.0, 10.0]
[OSC-INIT]   Kd_null=[3.0, 3.0, 3.0, 3.0, 3.0, 3.0, 3.0]
[OSC-INIT]   W_track=100.0  W_posture=1.0  W_torque=0.001  W_acc=0.001
[OSC-INIT]   tau_max=[87.0, 87.0, 87.0, 87.0, 12.0, 12.0, 12.0]
[OSC-INIT]   q_nominal=[0.5522, 0.325, 0.9763, -2.2462, -0.189, 3.0447, 0.785]
[OSC-INIT]   use_force_tracking=True  W_force=1.0
[IMP] step=1 mode=free |x_err|=0.0000m |tau_imp|=26.39Nm |tau_ff|=0.00Nm |tau_out|=26.39Nm sat=False lam_n=False lam_t=False
[GS] step=1 mode=free switch=kStayInRepos best_k=0 best_src=strat_0 curr_cost=70768.36 repos_cost=72463.25 best_other=72463.25 met_progress=Y steps_since_improve=0 switches=0
[STEP] step=1 mode=free t=0.010s ee=(+0.000,-0.001,+0.200) obj=(+0.000,+0.000,+0.050) goal_dist=0.300m switch=kStayInRepos target=(+0.000,-0.001,+0.200) ee_stride=0.000m ee_to_ptarget=0.189m landing_err=0.1874m ik_ok=Y ik_resid=0.0002m q_max_resid_deg=0.66 target_changed=Y retgt=N held_idx=- held_cost=- won_cost=72463.25 margin=- won_src=strat_0 held_valid=N reason=no_held setpoint_to_ptarget=nanm finished_val=nanm finished_thresh=0.0200m pd_resid=nanm nextwp_to_ptarget=nanm guide_terminal_err=nanm
[GATE-EVOLVE] step=1 curr=70768.36 best_other=72463.25 ratio=0.9766 ee_to_optimal=0.0749m phi=0.0751m
[STAGE-A-TRACE] step=1 sim_t=0.010 mode=free phi=0.07508 box_xy=+0.00000,+0.00000 lam_n_ee_box=nan qy=+0.00000 qz=+0.00000 finished_repos=0
  t=0.00s | ee=(0.000, -0.001, 0.200) | obj=(0.000, 0.000, 0.050) | |u|=26.39 Nm | goal_dist=0.300 m
[DRAKE-CONTACT] step=1 n_pairs=1 ee_box_normal=0.000
[GATE-CONTACT] step=1 F_W=(+0.0000,+0.0000,+0.0000) F_on_box=(-0.0000,-0.0000,-0.0000) n_face_out=(-0.0000,-0.0000,-0.0000) A_is_ee=0 box_q=(+1.00000,+0.00000,+0.00000,+0.00000) box_p=(+0.00000,+0.00000,+0.05000) ee_p=(+0.00013,-0.00051,+0.20008)
[CONTACT-ELEM] step=2 element=manipulated_object::collision phi=+0.0747m
[ADMM-C3+] primal: 12.2292->9.0661  dual: 1410.4841->202.0921  mono=False  iters=25/25  rho=25.0
[ADMM-C3+] WARNING non-converged: pr=9.0661 dr=202.0921 tol=1e-03
[MATH.δ-C3+] Bui 2026 eq (12) projection results (N=20 × 12 λ-components):
[MATH.δ-C3+]   case 1 (η wins, λ→0):     102
[MATH.δ-C3+]   case 2 (λ wins, η→0):     86
[MATH.δ-C3+]   case 3 (both zero):       52
[MATH.δ-C3+] First step k=0, component 0:
[MATH.δ-C3+]   pre:  λ°=0.1457, η°=-46.4346
[MATH.δ-C3+]   post: δ_λ=0.1457, δ_η=0.0000
[MATH.ω-C3+] ω update: ω += (z-δ), over 25 ADMM iters
[MATH.ω-C3+] ||ω||=495.0538, ||z-δ||_max=2.4379  (scale differs from C3 — ω carries η-block residuals too)
[MATH.ω-C3+] ρ decision: primal=9.0661, dual=202.0921, ratio=0.0449 < 0.1 → would halve ρ to 12.5000
[MATH.ω-C3+] Note: adaptive-ρ fires every 10 iters; current max_iter=25
[C3+] step=3 |u[0]|=42.98N u_axis=(-30.00,-30.00,-6.88)N λ_n_max=2.719 η_n_max=1.641 primal=9.066 iters=25/25 lcp_res_max=1.44e-06
[ADMIT-GUARD] step=2 admit_active=1 latch=0/0 ee_z=0.200 gate_cap=0
[ALT-GATE] step=2 target_stable=0/0 allow_descent=1
[GS-tgt] step=2 ee=(+0.000,-0.001,+0.200) p_repos=(-0.023,-0.080,+0.030) ee_to_target=0.189m target_label=prev_repos target_changed=N delta=0.000m
[IMP] step=2 mode=free |x_err|=0.0014m |tau_imp|=19.00Nm |tau_ff|=0.00Nm |tau_out|=19.00Nm sat=False lam_n=False lam_t=False
[GS] step=2 mode=free switch=kStayInRepos best_k=1 best_src=prev_repos curr_cost=76770.42 repos_cost=75172.91 best_other=75172.91 met_progress=Y steps_since_improve=0 switches=0
[STEP] step=2 mode=free t=0.020s ee=(+0.000,-0.001,+0.200) obj=(-0.000,-0.000,+0.050) goal_dist=0.300m switch=kStayInRepos target=(+0.000,-0.001,+0.198) ee_stride=0.001m ee_to_ptarget=0.189m landing_err=0.1858m ik_ok=Y ik_resid=0.0004m q_max_resid_deg=1.33 target_changed=Y retgt=N held_idx=1 held_cost=75172.91 won_cost=75172.91 margin=+0.00 won_src=prev_repos held_valid=Y reason=hold setpoint_to_ptarget=nanm finished_val=nanm finished_thresh=0.0200m pd_resid=nanm nextwp_to_ptarget=nanm guide_terminal_err=nanm
[GATE-EVOLVE] step=2 curr=76770.42 best_other=75172.91 ratio=1.0213 ee_to_optimal=0.0749m phi=0.0747m
[STAGE-A-TRACE] step=2 sim_t=0.020 mode=free phi=0.07473 box_xy=-0.00000,-0.00000 lam_n_ee_box=nan qy=-0.00002 qz=+0.00000 finished_repos=0
[DRAKE-CONTACT] step=2 n_pairs=1 ee_box_normal=0.000
[GATE-CONTACT] step=2 F_W=(+0.0000,+0.0000,+0.0000) F_on_box=(-0.0000,-0.0000,-0.0000) n_face_out=(-0.0000,-0.0000,-0.0000) A_is_ee=0 box_q=(+1.00000,+0.00002,-0.00002,+0.00000) box_p=(-0.00000,-0.00000,+0.04999) ee_p=(+0.00014,-0.00055,+0.19972)
[CONTACT-ELEM] step=5 element=manipulated_object::collision phi=+0.0738m
[ADMM-C3+] primal: 12.6676->10.4452  dual: 1435.4897->272.0334  mono=False  iters=25/25  rho=25.0
[ADMM-C3+] WARNING non-converged: pr=10.4452 dr=272.0334 tol=1e-03
[MATH.δ-C3+] Bui 2026 eq (12) projection results (N=20 × 12 λ-components):
[MATH.δ-C3+]   case 1 (η wins, λ→0):     113
[MATH.δ-C3+]   case 2 (λ wins, η→0):     71
[MATH.δ-C3+]   case 3 (both zero):       56
[MATH.δ-C3+] First step k=0, component 0:
[MATH.δ-C3+]   pre:  λ°=0.1461, η°=-46.2274
[MATH.δ-C3+]   post: δ_λ=0.1461, δ_η=0.0000
[MATH.ω-C3+] ω update: ω += (z-δ), over 25 ADMM iters
[MATH.ω-C3+] ||ω||=519.8932, ||z-δ||_max=2.4579  (scale differs from C3 — ω carries η-block residuals too)
[MATH.ω-C3+] ρ decision: primal=10.4452, dual=272.0334, ratio=0.0384 < 0.1 → would halve ρ to 12.5000
[MATH.ω-C3+] Note: adaptive-ρ fires every 10 iters; current max_iter=25
[C3+] step=6 |u[0]|=42.99N u_axis=(-30.00,-30.00,-6.92)N λ_n_max=4.184 η_n_max=1.620 primal=10.445 iters=25/25 lcp_res_max=2.58e-06
[ADMIT-GUARD] step=3 admit_active=1 latch=0/0 ee_z=0.199 gate_cap=0
[ALT-GATE] step=3 target_stable=0/0 allow_descent=1
[GS-tgt] step=3 ee=(+0.000,-0.001,+0.199) p_repos=(-0.023,-0.080,+0.030) ee_to_target=0.188m target_label=prev_repos target_changed=N delta=0.000m
[IMP] step=3 mode=free |x_err|=0.0023m |tau_imp|=13.49Nm |tau_ff|=0.00Nm |tau_out|=13.49Nm sat=False lam_n=False lam_t=False
[GS] step=3 mode=free switch=kStayInRepos best_k=1 best_src=prev_repos curr_cost=79726.14 repos_cost=75698.87 best_other=75698.87 met_progress=Y steps_since_improve=1 switches=0
[STEP] step=3 mode=free t=0.030s ee=(+0.000,-0.001,+0.199) obj=(-0.000,-0.000,+0.050) goal_dist=0.300m switch=kStayInRepos target=(+0.000,-0.001,+0.196) ee_stride=0.002m ee_to_ptarget=0.188m landing_err=0.1842m ik_ok=Y ik_resid=0.0008m q_max_resid_deg=2.01 target_changed=Y retgt=N held_idx=1 held_cost=75698.87 won_cost=75698.87 margin=+0.00 won_src=prev_repos held_valid=Y reason=hold setpoint_to_ptarget=nanm finished_val=nanm finished_thresh=0.0200m pd_resid=nanm nextwp_to_ptarget=nanm guide_terminal_err=nanm
[GATE-EVOLVE] step=3 curr=79726.14 best_other=75698.87 ratio=1.0532 ee_to_optimal=0.0749m phi=0.0738m
[STAGE-A-TRACE] step=3 sim_t=0.030 mode=free phi=0.07382 box_xy=-0.00000,-0.00000 lam_n_ee_box=nan qy=-0.00001 qz=+0.00000 finished_repos=0
[DRAKE-CONTACT] step=3 n_pairs=1 ee_box_normal=0.000
[GATE-CONTACT] step=3 F_W=(+0.0000,+0.0000,+0.0000) F_on_box=(-0.0000,-0.0000,-0.0000) n_face_out=(-0.0000,-0.0000,-0.0000) A_is_ee=0 box_q=(+1.00000,+0.00001,-0.00001,+0.00000) box_p=(-0.00000,-0.00000,+0.04999) ee_p=(+0.00015,-0.00064,+0.19881)
[CONTACT-ELEM] step=8 element=manipulated_object::collision phi=+0.0725m
[ADMM-C3+] primal: 13.1653->45.0391  dual: 1465.7520->760.5567  mono=False  iters=25/25  rho=25.0
[ADMM-C3+] WARNING non-converged: pr=45.0391 dr=760.5567 tol=1e-03
[MATH.δ-C3+] Bui 2026 eq (12) projection results (N=20 × 12 λ-components):
[MATH.δ-C3+]   case 1 (η wins, λ→0):     112
[MATH.δ-C3+]   case 2 (λ wins, η→0):     72
[MATH.δ-C3+]   case 3 (both zero):       56
[MATH.δ-C3+] First step k=0, component 0:
[MATH.δ-C3+]   pre:  λ°=0.1461, η°=-46.1942
[MATH.δ-C3+]   post: δ_λ=0.1461, δ_η=0.0000
[MATH.ω-C3+] ω update: ω += (z-δ), over 25 ADMM iters
[MATH.ω-C3+] ||ω||=488.1440, ||z-δ||_max=18.0637  (scale differs from C3 — ω carries η-block residuals too)
[MATH.ω-C3+] ρ decision: primal=45.0391, dual=760.5567, ratio=0.0592 < 0.1 → would halve ρ to 12.5000
[MATH.ω-C3+] Note: adaptive-ρ fires every 10 iters; current max_iter=25
[C3+] step=9 |u[0]|=43.13N u_axis=(-30.00,-30.00,-7.77)N λ_n_max=2.017 η_n_max=1.553 primal=45.039 iters=25/25 lcp_res_max=5.68e-06
[ADMIT-GUARD] step=4 admit_active=1 latch=0/0 ee_z=0.198 gate_cap=0
[ALT-GATE] step=4 target_stable=0/0 allow_descent=1
[GS-tgt] step=4 ee=(+0.000,-0.001,+0.198) p_repos=(-0.023,-0.080,+0.030) ee_to_target=0.187m target_label=prev_repos target_changed=N delta=0.000m
[IMP] step=4 mode=free |x_err|=0.0028m |tau_imp|=9.38Nm |tau_ff|=0.00Nm |tau_out|=9.38Nm sat=False lam_n=False lam_t=False
[GS] step=4 mode=free switch=kStayInRepos best_k=1 best_src=prev_repos curr_cost=84549.16 repos_cost=76207.65 best_other=76207.65 met_progress=Y steps_since_improve=2 switches=0
[STEP] step=4 mode=free t=0.040s ee=(+0.000,-0.001,+0.198) obj=(-0.000,-0.000,+0.050) goal_dist=0.300m switch=kStayInRepos target=(+0.000,-0.001,+0.195) ee_stride=0.003m ee_to_ptarget=0.187m landing_err=0.1827m ik_ok=Y ik_resid=0.0001m q_max_resid_deg=2.82 target_changed=Y retgt=N held_idx=1 held_cost=76207.65 won_cost=76207.65 margin=+0.00 won_src=prev_repos held_valid=Y reason=hold setpoint_to_ptarget=nanm finished_val=nanm finished_thresh=0.0200m pd_resid=nanm nextwp_to_ptarget=nanm guide_terminal_err=nanm
[GATE-EVOLVE] step=4 curr=84549.16 best_other=76207.65 ratio=1.1095 ee_to_optimal=0.0748m phi=0.0725m
[STAGE-A-TRACE] step=4 sim_t=0.040 mode=free phi=0.07252 box_xy=-0.00000,-0.00000 lam_n_ee_box=nan qy=-0.00001 qz=+0.00000 finished_repos=0
[DRAKE-CONTACT] step=4 n_pairs=1 ee_box_normal=0.000
[GATE-CONTACT] step=4 F_W=(+0.0000,+0.0000,+0.0000) F_on_box=(-0.0000,-0.0000,-0.0000) n_face_out=(-0.0000,-0.0000,-0.0000) A_is_ee=0 box_q=(+1.00000,+0.00001,-0.00001,+0.00000) box_p=(-0.00000,-0.00000,+0.04999) ee_p=(+0.00017,-0.00074,+0.19751)
[CONTACT-ELEM] step=11 element=manipulated_object::collision phi=+0.0710m
[ADMM-C3+] primal: 13.5739->8.5335  dual: 1489.1228->240.5510  mono=False  iters=25/25  rho=25.0
[ADMM-C3+] WARNING non-converged: pr=8.5335 dr=240.5510 tol=1e-03
[MATH.δ-C3+] Bui 2026 eq (12) projection results (N=20 × 12 λ-components):
[MATH.δ-C3+]   case 1 (η wins, λ→0):     111
[MATH.δ-C3+]   case 2 (λ wins, η→0):     75
[MATH.δ-C3+]   case 3 (both zero):       54
[MATH.δ-C3+] First step k=0, component 0:
[MATH.δ-C3+]   pre:  λ°=0.1461, η°=-46.3570
[MATH.δ-C3+]   post: δ_λ=0.1461, δ_η=0.0000
[MATH.ω-C3+] ω update: ω += (z-δ), over 25 ADMM iters
[MATH.ω-C3+] ||ω||=498.1357, ||z-δ||_max=1.6618  (scale differs from C3 — ω carries η-block residuals too)
[MATH.ω-C3+] ρ decision: primal=8.5335, dual=240.5510, ratio=0.0355 < 0.1 → would halve ρ to 12.5000
[MATH.ω-C3+] Note: adaptive-ρ fires every 10 iters; current max_iter=25
[C3+] step=12 |u[0]|=43.04N u_axis=(-30.00,-30.00,-7.26)N λ_n_max=2.436 η_n_max=1.546 primal=8.534 iters=25/25 lcp_res_max=2.45e-06
[ADMIT-GUARD] step=5 admit_active=1 latch=0/0 ee_z=0.196 gate_cap=0
[ALT-GATE] step=5 target_stable=0/0 allow_descent=1
[GS-tgt] step=5 ee=(+0.000,-0.001,+0.196) p_repos=(-0.023,-0.080,+0.030) ee_to_target=0.185m target_label=prev_repos target_changed=N delta=0.000m
[IMP] step=5 mode=free |x_err|=0.0031m |tau_imp|=6.36Nm |tau_ff|=0.00Nm |tau_out|=6.36Nm sat=False lam_n=False lam_t=False
[GS] step=5 mode=free switch=kStayInRepos best_k=1 best_src=prev_repos curr_cost=79800.09 repos_cost=76785.68 best_other=76785.68 met_progress=Y steps_since_improve=3 switches=0
[STEP] step=5 mode=free t=0.050s ee=(+0.000,-0.001,+0.196) obj=(-0.000,-0.000,+0.050) goal_dist=0.300m switch=kStayInRepos target=(+0.000,-0.001,+0.193) ee_stride=0.003m ee_to_ptarget=0.185m landing_err=0.1813m ik_ok=Y ik_resid=0.0001m q_max_resid_deg=3.55 target_changed=Y retgt=N held_idx=1 held_cost=76785.68 won_cost=76785.68 margin=+0.00 won_src=prev_repos held_valid=Y reason=hold setpoint_to_ptarget=nanm finished_val=nanm finished_thresh=0.0200m pd_resid=nanm nextwp_to_ptarget=nanm guide_terminal_err=nanm
[GATE-EVOLVE] step=5 curr=79800.09 best_other=76785.68 ratio=1.0393 ee_to_optimal=0.0748m phi=0.0710m
[STAGE-A-TRACE] step=5 sim_t=0.050 mode=free phi=0.07096 box_xy=-0.00000,-0.00000 lam_n_ee_box=nan qy=-0.00001 qz=+0.00000 finished_repos=0
[DRAKE-CONTACT] step=5 n_pairs=1 ee_box_normal=0.000
[GATE-CONTACT] step=5 F_W=(+0.0000,+0.0000,+0.0000) F_on_box=(-0.0000,-0.0000,-0.0000) n_face_out=(-0.0000,-0.0000,-0.0000) A_is_ee=0 box_q=(+1.00000,+0.00001,-0.00001,+0.00000) box_p=(-0.00000,-0.00000,+0.04999) ee_p=(+0.00018,-0.00084,+0.19595)
[CONTACT-ELEM] step=14 element=manipulated_object::collision phi=+0.0692m
[ADMM-C3+] primal: 13.9687->10.5678  dual: 1512.4550->302.9832  mono=False  iters=25/25  rho=25.0
[ADMM-C3+] WARNING non-converged: pr=10.5678 dr=302.9832 tol=1e-03
[MATH.δ-C3+] Bui 2026 eq (12) projection results (N=20 × 12 λ-components):
[MATH.δ-C3+]   case 1 (η wins, λ→0):     111
[MATH.δ-C3+]   case 2 (λ wins, η→0):     79
[MATH.δ-C3+]   case 3 (both zero):       50
[MATH.δ-C3+] First step k=0, component 0:
[MATH.δ-C3+]   pre:  λ°=0.1461, η°=-46.4129
[MATH.δ-C3+]   post: δ_λ=0.1461, δ_η=0.0000
[MATH.ω-C3+] ω update: ω += (z-δ), over 25 ADMM iters
[MATH.ω-C3+] ||ω||=510.7758, ||z-δ||_max=2.5069  (scale differs from C3 — ω carries η-block residuals too)
[MATH.ω-C3+] ρ decision: primal=10.5678, dual=302.9832, ratio=0.0349 < 0.1 → would halve ρ to 12.5000
[MATH.ω-C3+] Note: adaptive-ρ fires every 10 iters; current max_iter=25
[C3+] step=15 |u[0]|=43.03N u_axis=(-30.00,-30.00,-7.20)N λ_n_max=4.035 η_n_max=1.692 primal=10.568 iters=25/25 lcp_res_max=2.20e-06
[ADMIT-GUARD] step=6 admit_active=1 latch=0/0 ee_z=0.194 gate_cap=0
[ALT-GATE] step=6 target_stable=0/0 allow_descent=1
[GS-tgt] step=6 ee=(+0.000,-0.001,+0.194) p_repos=(-0.023,-0.080,+0.030) ee_to_target=0.184m target_label=prev_repos target_changed=N delta=0.000m
[GS] step=6 mode=free switch=kStayInRepos best_k=1 best_src=prev_repos curr_cost=78758.77 repos_cost=77456.45 best_other=77456.45 met_progress=Y steps_since_improve=4 switches=0
[STEP] step=6 mode=free t=0.060s ee=(+0.000,-0.001,+0.194) obj=(-0.000,-0.000,+0.050) goal_dist=0.300m switch=kStayInRepos target=(+0.000,-0.001,+0.191) ee_stride=0.003m ee_to_ptarget=0.184m landing_err=0.1800m ik_ok=Y ik_resid=0.0001m q_max_resid_deg=4.29 target_changed=Y retgt=N held_idx=1 held_cost=77456.45 won_cost=77456.45 margin=+0.00 won_src=prev_repos held_valid=Y reason=hold setpoint_to_ptarget=nanm finished_val=nanm finished_thresh=0.0200m pd_resid=nanm nextwp_to_ptarget=nanm guide_terminal_err=nanm
[GATE-EVOLVE] step=6 curr=78758.77 best_other=77456.45 ratio=1.0168 ee_to_optimal=0.0748m phi=0.0692m
[STAGE-A-TRACE] step=6 sim_t=0.060 mode=free phi=0.06921 box_xy=-0.00000,-0.00000 lam_n_ee_box=nan qy=-0.00001 qz=+0.00000 finished_repos=0
[DRAKE-CONTACT] step=6 n_pairs=1 ee_box_normal=0.000
[GATE-CONTACT] step=6 F_W=(+0.0000,+0.0000,+0.0000) F_on_box=(-0.0000,-0.0000,-0.0000) n_face_out=(-0.0000,-0.0000,-0.0000) A_is_ee=0 box_q=(+1.00000,+0.00001,-0.00001,+0.00000) box_p=(-0.00000,-0.00000,+0.04999) ee_p=(+0.00020,-0.00093,+0.19420)
[CONTACT-ELEM] step=17 element=manipulated_object::collision phi=+0.0672m
[ADMM-C3+] primal: 14.5150->25.4817  dual: 1569.9393->277.1194  mono=False  iters=25/25  rho=25.0
[ADMM-C3+] WARNING non-converged: pr=25.4817 dr=277.1194 tol=1e-03
[MATH.δ-C3+] Bui 2026 eq (12) projection results (N=20 × 12 λ-components):
[MATH.δ-C3+]   case 1 (η wins, λ→0):     119
[MATH.δ-C3+]   case 2 (λ wins, η→0):     79
[MATH.δ-C3+]   case 3 (both zero):       42
[MATH.δ-C3+] First step k=0, component 0:
[MATH.δ-C3+]   pre:  λ°=0.1461, η°=-78.2835
[MATH.δ-C3+]   post: δ_λ=0.1461, δ_η=0.0000
[MATH.ω-C3+] ω update: ω += (z-δ), over 25 ADMM iters
[MATH.ω-C3+] ||ω||=472.7342, ||z-δ||_max=17.0320  (scale differs from C3 — ω carries η-block residuals too)
[MATH.ω-C3+] ρ decision: primal=25.4817, dual=277.1194, ratio=0.0920 < 0.1 → would halve ρ to 12.5000
[MATH.ω-C3+] Note: adaptive-ρ fires every 10 iters; current max_iter=25
[C3+] step=18 |u[0]|=42.86N u_axis=(+30.00,+30.00,-6.09)N λ_n_max=2.131 η_n_max=1.520 primal=25.482 iters=25/25 lcp_res_max=inf
[ADMIT-GUARD] step=7 admit_active=1 latch=0/0 ee_z=0.192 gate_cap=0
[ALT-GATE] step=7 target_stable=0/0 allow_descent=1
[GS-tgt] step=7 ee=(+0.000,-0.001,+0.192) p_repos=(-0.023,-0.080,+0.030) ee_to_target=0.182m target_label=prev_repos target_changed=N delta=0.000m
[GS] step=7 mode=free switch=kStayInRepos best_k=1 best_src=prev_repos curr_cost=74698.02 repos_cost=73113.80 best_other=73113.80 met_progress=Y steps_since_improve=5 switches=0
[STEP] step=7 mode=free t=0.070s ee=(+0.000,-0.001,+0.192) obj=(+0.000,+0.000,+0.050) goal_dist=0.300m switch=kStayInRepos target=(+0.000,-0.001,+0.189) ee_stride=0.003m ee_to_ptarget=0.182m landing_err=0.1787m ik_ok=Y ik_resid=0.0002m q_max_resid_deg=5.04 target_changed=Y retgt=N held_idx=1 held_cost=73113.80 won_cost=73113.80 margin=+0.00 won_src=prev_repos held_valid=Y reason=hold setpoint_to_ptarget=nanm finished_val=nanm finished_thresh=0.0200m pd_resid=nanm nextwp_to_ptarget=nanm guide_terminal_err=nanm
[GATE-EVOLVE] step=7 curr=74698.02 best_other=73113.80 ratio=1.0217 ee_to_optimal=0.0748m phi=0.0672m
[STAGE-A-TRACE] step=7 sim_t=0.070 mode=free phi=0.06716 box_xy=+0.00000,+0.00000 lam_n_ee_box=nan qy=+0.00001 qz=+0.00000 finished_repos=0
[DRAKE-CONTACT] step=7 n_pairs=1 ee_box_normal=0.000
[GATE-CONTACT] step=7 F_W=(+0.0000,+0.0000,+0.0000) F_on_box=(-0.0000,-0.0000,-0.0000) n_face_out=(-0.0000,-0.0000,-0.0000) A_is_ee=0 box_q=(+1.00000,-0.00001,+0.00001,+0.00000) box_p=(+0.00000,+0.00000,+0.04999) ee_p=(+0.00021,-0.00100,+0.19215)
[CONTACT-ELEM] step=20 element=manipulated_object::collision phi=+0.0654m
[ADMM-C3+] primal: 14.5967->16.8627  dual: 1546.5749->185.0751  mono=False  iters=25/25  rho=25.0
[ADMM-C3+] WARNING non-converged: pr=16.8627 dr=185.0751 tol=1e-03
[MATH.δ-C3+] Bui 2026 eq (12) projection results (N=20 × 12 λ-components):
[MATH.δ-C3+]   case 1 (η wins, λ→0):     114
[MATH.δ-C3+]   case 2 (λ wins, η→0):     80
[MATH.δ-C3+]   case 3 (both zero):       46
[MATH.δ-C3+] First step k=0, component 0:
[MATH.δ-C3+]   pre:  λ°=0.1461, η°=-46.5832
[MATH.δ-C3+]   post: δ_λ=0.1461, δ_η=0.0000
[MATH.ω-C3+] ω update: ω += (z-δ), over 25 ADMM iters
[MATH.ω-C3+] ||ω||=506.8063, ||z-δ||_max=6.5789  (scale differs from C3 — ω carries η-block residuals too)
[MATH.ω-C3+] ρ decision: primal=16.8627, dual=185.0751, ratio=0.0911 < 0.1 → would halve ρ to 12.5000
[MATH.ω-C3+] Note: adaptive-ρ fires every 10 iters; current max_iter=25
[C3+] step=21 |u[0]|=43.16N u_axis=(-30.00,-30.00,-7.95)N λ_n_max=2.340 η_n_max=1.400 primal=16.863 iters=25/25 lcp_res_max=3.98e-06
[ADMIT-GUARD] step=8 admit_active=1 latch=0/0 ee_z=0.190 gate_cap=0
[ALT-GATE] step=8 target_stable=0/0 allow_descent=1
[GS-tgt] step=8 ee=(+0.000,-0.001,+0.190) p_repos=(-0.023,-0.080,+0.030) ee_to_target=0.180m target_label=prev_repos target_changed=N delta=0.000m
[GS] step=8 mode=free switch=kStayInRepos best_k=1 best_src=prev_repos curr_cost=85171.88 repos_cost=78189.92 best_other=78189.92 met_progress=Y steps_since_improve=6 switches=0
[STEP] step=8 mode=free t=0.080s ee=(+0.000,-0.001,+0.190) obj=(-0.000,-0.000,+0.050) goal_dist=0.300m switch=kStayInRepos target=(+0.000,-0.001,+0.187) ee_stride=0.003m ee_to_ptarget=0.180m landing_err=0.1775m ik_ok=Y ik_resid=0.0002m q_max_resid_deg=5.78 target_changed=Y retgt=N held_idx=1 held_cost=78189.92 won_cost=78189.92 margin=+0.00 won_src=prev_repos held_valid=Y reason=hold setpoint_to_ptarget=nanm finished_val=nanm finished_thresh=0.0200m pd_resid=nanm nextwp_to_ptarget=nanm guide_terminal_err=nanm
[GATE-EVOLVE] step=8 curr=85171.88 best_other=78189.92 ratio=1.0893 ee_to_optimal=0.0748m phi=0.0654m
[STAGE-A-TRACE] step=8 sim_t=0.080 mode=free phi=0.06541 box_xy=-0.00000,-0.00000 lam_n_ee_box=nan qy=-0.00001 qz=+0.00000 finished_repos=0
[DRAKE-CONTACT] step=8 n_pairs=1 ee_box_normal=0.000
[GATE-CONTACT] step=8 F_W=(+0.0000,+0.0000,+0.0000) F_on_box=(-0.0000,-0.0000,-0.0000) n_face_out=(-0.0000,-0.0000,-0.0000) A_is_ee=0 box_q=(+1.00000,+0.00001,-0.00001,+0.00000) box_p=(-0.00000,-0.00000,+0.04999) ee_p=(+0.00022,-0.00105,+0.19040)
[CONTACT-ELEM] step=23 element=manipulated_object::collision phi=+0.0634m
[ADMM-C3+] primal: 14.8402->11.0649  dual: 1557.4257->367.1696  mono=False  iters=25/25  rho=25.0
[ADMM-C3+] WARNING non-converged: pr=11.0649 dr=367.1696 tol=1e-03
[MATH.δ-C3+] Bui 2026 eq (12) projection results (N=20 × 12 λ-components):
[MATH.δ-C3+]   case 1 (η wins, λ→0):     110
[MATH.δ-C3+]   case 2 (λ wins, η→0):     81
[MATH.δ-C3+]   case 3 (both zero):       49
[MATH.δ-C3+] First step k=0, component 0:
[MATH.δ-C3+]   pre:  λ°=0.1461, η°=-46.6285
[MATH.δ-C3+]   post: δ_λ=0.1461, δ_η=0.0000
[MATH.ω-C3+] ω update: ω += (z-δ), over 25 ADMM iters
[MATH.ω-C3+] ||ω||=504.8013, ||z-δ||_max=2.6800  (scale differs from C3 — ω carries η-block residuals too)
[MATH.ω-C3+] ρ decision: primal=11.0649, dual=367.1696, ratio=0.0301 < 0.1 → would halve ρ to 12.5000
[MATH.ω-C3+] Note: adaptive-ρ fires every 10 iters; current max_iter=25
[C3+] step=24 |u[0]|=43.08N u_axis=(-30.00,-30.00,-7.45)N λ_n_max=3.746 η_n_max=1.385 primal=11.065 iters=25/25 lcp_res_max=2.13e-06
[ADMIT-GUARD] step=9 admit_active=1 latch=0/0 ee_z=0.188 gate_cap=0
[ALT-GATE] step=9 target_stable=0/0 allow_descent=1
[GS-tgt] step=9 ee=(+0.000,-0.001,+0.188) p_repos=(-0.023,-0.080,+0.030) ee_to_target=0.179m target_label=prev_repos target_changed=N delta=0.000m
[GS] step=9 mode=free switch=kStayInRepos best_k=1 best_src=prev_repos curr_cost=79003.55 repos_cost=78483.24 best_other=78483.24 met_progress=Y steps_since_improve=7 switches=0
[STEP] step=9 mode=free t=0.090s ee=(+0.000,-0.001,+0.188) obj=(-0.000,-0.000,+0.050) goal_dist=0.300m switch=kStayInRepos target=(+0.000,-0.001,+0.186) ee_stride=0.003m ee_to_ptarget=0.179m landing_err=0.1764m ik_ok=Y ik_resid=0.0003m q_max_resid_deg=6.53 target_changed=Y retgt=N held_idx=1 held_cost=78483.24 won_cost=78483.24 margin=+0.00 won_src=prev_repos held_valid=Y reason=hold setpoint_to_ptarget=nanm finished_val=nanm finished_thresh=0.0200m pd_resid=nanm nextwp_to_ptarget=nanm guide_terminal_err=nanm
[GATE-EVOLVE] step=9 curr=79003.55 best_other=78483.24 ratio=1.0066 ee_to_optimal=0.0748m phi=0.0634m
[STAGE-A-TRACE] step=9 sim_t=0.090 mode=free phi=0.06343 box_xy=-0.00000,-0.00000 lam_n_ee_box=nan qy=-0.00001 qz=+0.00000 finished_repos=0
[DRAKE-CONTACT] step=9 n_pairs=1 ee_box_normal=0.000
[GATE-CONTACT] step=9 F_W=(+0.0000,+0.0000,+0.0000) F_on_box=(-0.0000,-0.0000,-0.0000) n_face_out=(-0.0000,-0.0000,-0.0000) A_is_ee=0 box_q=(+1.00000,+0.00001,-0.00001,+0.00000) box_p=(-0.00000,-0.00000,+0.04999) ee_p=(+0.00023,-0.00108,+0.18842)
[CONTACT-ELEM] step=26 element=manipulated_object::collision phi=+0.0614m
[ADMM-C3+] primal: 14.9812->11.3140  dual: 1561.7020->288.3703  mono=False  iters=25/25  rho=25.0
[ADMM-C3+] WARNING non-converged: pr=11.3140 dr=288.3703 tol=1e-03
[MATH.δ-C3+] Bui 2026 eq (12) projection results (N=20 × 12 λ-components):
[MATH.δ-C3+]   case 1 (η wins, λ→0):     107
[MATH.δ-C3+]   case 2 (λ wins, η→0):     85
[MATH.δ-C3+]   case 3 (both zero):       48
[MATH.δ-C3+] First step k=0, component 0:
[MATH.δ-C3+]   pre:  λ°=0.1461, η°=-46.7684
[MATH.δ-C3+]   post: δ_λ=0.1461, δ_η=0.0000
[MATH.ω-C3+] ω update: ω += (z-δ), over 25 ADMM iters
[MATH.ω-C3+] ||ω||=498.0153, ||z-δ||_max=4.3370  (scale differs from C3 — ω carries η-block residuals too)
[MATH.ω-C3+] ρ decision: primal=11.3140, dual=288.3703, ratio=0.0392 < 0.1 → would halve ρ to 12.5000
[MATH.ω-C3+] Note: adaptive-ρ fires every 10 iters; current max_iter=25
[C3+] step=27 |u[0]|=43.11N u_axis=(-30.00,-30.00,-7.64)N λ_n_max=4.820 η_n_max=2.144 primal=11.314 iters=25/25 lcp_res_max=2.22e-06
[ADMIT-GUARD] step=10 admit_active=1 latch=0/0 ee_z=0.186 gate_cap=0
[ALT-GATE] step=10 target_stable=0/0 allow_descent=1
[GS-tgt] step=10 ee=(+0.000,-0.001,+0.186) p_repos=(-0.023,-0.080,+0.030) ee_to_target=0.177m target_label=prev_repos target_changed=N delta=0.000m
[IMP] step=10 mode=free |x_err|=0.0026m |tau_imp|=1.57Nm |tau_ff|=0.00Nm |tau_out|=1.57Nm sat=False lam_n=False lam_t=False
[GS] step=10 mode=free switch=kStayInRepos best_k=1 best_src=prev_repos curr_cost=80761.80 repos_cost=78538.12 best_other=78538.12 met_progress=Y steps_since_improve=8 switches=0
[STEP] step=10 mode=free t=0.100s ee=(+0.000,-0.001,+0.186) obj=(-0.000,-0.000,+0.050) goal_dist=0.300m switch=kStayInRepos target=(+0.000,-0.001,+0.184) ee_stride=0.003m ee_to_ptarget=0.177m landing_err=0.1754m ik_ok=Y ik_resid=0.0003m q_max_resid_deg=7.37 target_changed=Y retgt=N held_idx=1 held_cost=78538.12 won_cost=78538.12 margin=+0.00 won_src=prev_repos held_valid=Y reason=hold setpoint_to_ptarget=nanm finished_val=nanm finished_thresh=0.0200m pd_resid=nanm nextwp_to_ptarget=nanm guide_terminal_err=nanm
[GATE-EVOLVE] step=10 curr=80761.80 best_other=78538.12 ratio=1.0283 ee_to_optimal=0.0748m phi=0.0614m
[STAGE-A-TRACE] step=10 sim_t=0.100 mode=free phi=0.06143 box_xy=-0.00000,-0.00000 lam_n_ee_box=nan qy=-0.00001 qz=+0.00000 finished_repos=0
[DRAKE-CONTACT] step=10 n_pairs=1 ee_box_normal=0.000
[GATE-CONTACT] step=10 F_W=(+0.0000,+0.0000,+0.0000) F_on_box=(-0.0000,-0.0000,-0.0000) n_face_out=(-0.0000,-0.0000,-0.0000) A_is_ee=0 box_q=(+1.00000,+0.00001,-0.00001,+0.00000) box_p=(-0.00000,-0.00000,+0.04999) ee_p=(+0.00023,-0.00110,+0.18642)
[CONTACT-ELEM] step=29 element=manipulated_object::collision phi=+0.0594m
[ADMM-C3+] primal: 15.0677->9.5875  dual: 1559.5342->198.2583  mono=False  iters=25/25  rho=25.0
[ADMM-C3+] WARNING non-converged: pr=9.5875 dr=198.2583 tol=1e-03
[MATH.QP-C3+] Minimizing: (1/2) z^T P z + q^T z  (z augmented with η)
[MATH.QP-C3+]   s.t. A_eq z = b_eq  (639 rows = x_0 fixation + 20 dynamics + 240 η-slack rows; slack-equality block ADDED)
[MATH.QP-C3+]        bbox: λ_n ≥ 0, |u| ≤ 30.0 N (EE force)  (η is unbounded — sign enforced via projection eq 12)
[MATH.QP-C3+] P shape=(939,939), symmetric=True, pos-semidef=True, cond(P)=4.0000e+05
[MATH.QP-C3+] q norm=3.9828e+05
[MATH.QP-C3+] Augmented term: (ρ/2) Σ ||z-δ+ω||^2_G  ρ=25.0000  (G=I in v1: u_λ=u_η=1)
[MATH.QP-C3+] Soft complementarity: w_comp=0.0000  (C3+ disables it — η equality replaces the linear penalty)
[MATH.QP-C3+] OSQP status: solved, iters=150, solve time=7.53ms
[MATH.δ-C3+] Bui 2026 eq (12) projection results (N=20 × 12 λ-components):
[MATH.δ-C3+]   case 1 (η wins, λ→0):     101
[MATH.δ-C3+]   case 2 (λ wins, η→0):     93
[MATH.δ-C3+]   case 3 (both zero):       46
[MATH.δ-C3+] First step k=0, component 0:
[MATH.δ-C3+]   pre:  λ°=0.1461, η°=-46.7351
[MATH.δ-C3+]   post: δ_λ=0.1461, δ_η=0.0000
[MATH.ω-C3+] ω update: ω += (z-δ), over 25 ADMM iters
[MATH.ω-C3+] ||ω||=511.5305, ||z-δ||_max=2.0763  (scale differs from C3 — ω carries η-block residuals too)
[MATH.ω-C3+] ρ decision: primal=9.5875, dual=198.2583, ratio=0.0484 < 0.1 → would halve ρ to 12.5000
[MATH.ω-C3+] Note: adaptive-ρ fires every 10 iters; current max_iter=25
[C3+] step=30 |u[0]|=43.06N u_axis=(-30.00,-30.00,-7.36)N λ_n_max=2.790 η_n_max=1.549 primal=9.587 iters=25/25 lcp_res_max=1.76e-06
[ADMIT-GUARD] step=11 admit_active=1 latch=0/0 ee_z=0.184 gate_cap=0
[ALT-GATE] step=11 target_stable=0/0 allow_descent=1
[GS-tgt] step=11 ee=(+0.000,-0.001,+0.184) p_repos=(-0.023,-0.080,+0.030) ee_to_target=0.175m target_label=prev_repos target_changed=N delta=0.000m
[GS] step=11 mode=free switch=kStayInRepos best_k=1 best_src=prev_repos curr_cost=80191.47 repos_cost=78695.29 best_other=78695.29 met_progress=Y steps_since_improve=9 switches=0
[STEP] step=11 mode=free t=0.110s ee=(+0.000,-0.001,+0.184) obj=(-0.000,-0.000,+0.050) goal_dist=0.300m switch=kStayInRepos target=(+0.000,-0.001,+0.182) ee_stride=0.002m ee_to_ptarget=0.175m landing_err=0.1744m ik_ok=Y ik_resid=0.0004m q_max_resid_deg=8.24 target_changed=Y retgt=N held_idx=1 held_cost=78695.29 won_cost=78695.29 margin=+0.00 won_src=prev_repos held_valid=Y reason=hold setpoint_to_ptarget=nanm finished_val=nanm finished_thresh=0.0200m pd_resid=nanm nextwp_to_ptarget=nanm guide_terminal_err=nanm
[GATE-EVOLVE] step=11 curr=80191.47 best_other=78695.29 ratio=1.0190 ee_to_optimal=0.0748m phi=0.0594m
[STAGE-A-TRACE] step=11 sim_t=0.110 mode=free phi=0.05942 box_xy=-0.00000,-0.00000 lam_n_ee_box=nan qy=-0.00001 qz=+0.00000 finished_repos=0
[DRAKE-CONTACT] step=11 n_pairs=1 ee_box_normal=0.000
[GATE-CONTACT] step=11 F_W=(+0.0000,+0.0000,+0.0000) F_on_box=(-0.0000,-0.0000,-0.0000) n_face_out=(-0.0000,-0.0000,-0.0000) A_is_ee=0 box_q=(+1.00000,+0.00001,-0.00001,+0.00000) box_p=(-0.00000,-0.00000,+0.04999) ee_p=(+0.00023,-0.00110,+0.18441)
[CONTACT-ELEM] step=32 element=manipulated_object::collision phi=+0.0574m
[ADMM-C3+] primal: 15.1084->8.7899  dual: 1555.8118->244.6381  mono=False  iters=25/25  rho=25.0
[ADMM-C3+] WARNING non-converged: pr=8.7899 dr=244.6381 tol=1e-03
[MATH.δ-C3+] Bui 2026 eq (12) projection results (N=20 × 12 λ-components):
[MATH.δ-C3+]   case 1 (η wins, λ→0):     108
[MATH.δ-C3+]   case 2 (λ wins, η→0):     88
[MATH.δ-C3+]   case 3 (both zero):       44
[MATH.δ-C3+] First step k=0, component 0:
[MATH.δ-C3+]   pre:  λ°=0.1461, η°=-46.6733
[MATH.δ-C3+]   post: δ_λ=0.1461, δ_η=0.0000
[MATH.ω-C3+] ω update: ω += (z-δ), over 25 ADMM iters
[MATH.ω-C3+] ||ω||=513.6211, ||z-δ||_max=2.0517  (scale differs from C3 — ω carries η-block residuals too)
[MATH.ω-C3+] ρ decision: primal=8.7899, dual=244.6381, ratio=0.0359 < 0.1 → would halve ρ to 12.5000
[MATH.ω-C3+] Note: adaptive-ρ fires every 10 iters; current max_iter=25
[C3+] step=33 |u[0]|=43.05N u_axis=(-30.00,-30.00,-7.29)N λ_n_max=2.549 η_n_max=1.617 primal=8.790 iters=25/25 lcp_res_max=2.20e-06
[ADMIT-GUARD] step=12 admit_active=1 latch=0/0 ee_z=0.182 gate_cap=0
[ALT-GATE] step=12 target_stable=0/0 allow_descent=1
[GS-tgt] step=12 ee=(+0.000,-0.001,+0.182) p_repos=(-0.023,-0.080,+0.030) ee_to_target=0.173m target_label=prev_repos target_changed=N delta=0.000m
[GS] step=12 mode=free switch=kStayInRepos best_k=1 best_src=prev_repos curr_cost=80493.73 repos_cost=78702.07 best_other=78702.07 met_progress=Y steps_since_improve=10 switches=0
[STEP] step=12 mode=free t=0.120s ee=(+0.000,-0.001,+0.182) obj=(-0.000,-0.000,+0.050) goal_dist=0.300m switch=kStayInRepos target=(+0.000,-0.001,+0.180) ee_stride=0.002m ee_to_ptarget=0.173m landing_err=0.1736m ik_ok=Y ik_resid=0.0004m q_max_resid_deg=9.12 target_changed=Y retgt=N held_idx=1 held_cost=78702.07 won_cost=78702.07 margin=+0.00 won_src=prev_repos held_valid=Y reason=hold setpoint_to_ptarget=nanm finished_val=nanm finished_thresh=0.0200m pd_resid=nanm nextwp_to_ptarget=nanm guide_terminal_err=nanm
[GATE-EVOLVE] step=12 curr=80493.73 best_other=78702.07 ratio=1.0228 ee_to_optimal=0.0748m phi=0.0574m
[STAGE-A-TRACE] step=12 sim_t=0.120 mode=free phi=0.05742 box_xy=-0.00000,-0.00000 lam_n_ee_box=nan qy=-0.00001 qz=+0.00000 finished_repos=0
[DRAKE-CONTACT] step=12 n_pairs=1 ee_box_normal=0.000
[GATE-CONTACT] step=12 F_W=(+0.0000,+0.0000,+0.0000) F_on_box=(-0.0000,-0.0000,-0.0000) n_face_out=(-0.0000,-0.0000,-0.0000) A_is_ee=0 box_q=(+1.00000,+0.00001,-0.00001,+0.00000) box_p=(-0.00000,-0.00000,+0.04999) ee_p=(+0.00024,-0.00110,+0.18241)
[CONTACT-ELEM] step=35 element=manipulated_object::collision phi=+0.0554m
[ADMM-C3+] primal: 15.1088->10.5268  dual: 1548.1265->347.6337  mono=False  iters=25/25  rho=25.0
[ADMM-C3+] WARNING non-converged: pr=10.5268 dr=347.6337 tol=1e-03
[MATH.δ-C3+] Bui 2026 eq (12) projection results (N=20 × 12 λ-components):
[MATH.δ-C3+]   case 1 (η wins, λ→0):     105
[MATH.δ-C3+]   case 2 (λ wins, η→0):     88
[MATH.δ-C3+]   case 3 (both zero):       47
[MATH.δ-C3+] First step k=0, component 0:
[MATH.δ-C3+]   pre:  λ°=0.1461, η°=-46.7367
[MATH.δ-C3+]   post: δ_λ=0.1461, δ_η=0.0000
[MATH.ω-C3+] ω update: ω += (z-δ), over 25 ADMM iters
[MATH.ω-C3+] ||ω||=519.3321, ||z-δ||_max=3.0921  (scale differs from C3 — ω carries η-block residuals too)
[MATH.ω-C3+] ρ decision: primal=10.5268, dual=347.6337, ratio=0.0303 < 0.1 → would halve ρ to 12.5000
[MATH.ω-C3+] Note: adaptive-ρ fires every 10 iters; current max_iter=25
[C3+] step=36 |u[0]|=43.05N u_axis=(-30.00,-30.00,-7.28)N λ_n_max=4.428 η_n_max=1.741 primal=10.527 iters=25/25 lcp_res_max=2.11e-06
[ADMIT-GUARD] step=13 admit_active=1 latch=0/0 ee_z=0.180 gate_cap=0
[ALT-GATE] step=13 target_stable=0/0 allow_descent=1
[GS-tgt] step=13 ee=(+0.000,-0.001,+0.180) p_repos=(-0.023,-0.080,+0.030) ee_to_target=0.171m target_label=prev_repos target_changed=N delta=0.000m
[GS] step=13 mode=free switch=kStayInRepos best_k=1 best_src=prev_repos curr_cost=81037.36 repos_cost=78663.08 best_other=78663.08 met_progress=Y steps_since_improve=11 switches=0
[STEP] step=13 mode=free t=0.130s ee=(+0.000,-0.001,+0.180) obj=(-0.000,-0.000,+0.050) goal_dist=0.300m switch=kStayInRepos target=(+0.000,-0.001,+0.178) ee_stride=0.002m ee_to_ptarget=0.171m landing_err=0.1728m ik_ok=Y ik_resid=0.0005m q_max_resid_deg=10.00 target_changed=Y retgt=N held_idx=1 held_cost=78663.08 won_cost=78663.08 margin=+0.00 won_src=prev_repos held_valid=Y reason=hold setpoint_to_ptarget=nanm finished_val=nanm finished_thresh=0.0200m pd_resid=nanm nextwp_to_ptarget=nanm guide_terminal_err=nanm
[GATE-EVOLVE] step=13 curr=81037.36 best_other=78663.08 ratio=1.0302 ee_to_optimal=0.0748m phi=0.0554m
[STAGE-A-TRACE] step=13 sim_t=0.130 mode=free phi=0.05542 box_xy=-0.00000,-0.00000 lam_n_ee_box=nan qy=-0.00001 qz=+0.00000 finished_repos=0
[DRAKE-CONTACT] step=13 n_pairs=1 ee_box_normal=0.000
[GATE-CONTACT] step=13 F_W=(+0.0000,+0.0000,+0.0000) F_on_box=(-0.0000,-0.0000,-0.0000) n_face_out=(-0.0000,-0.0000,-0.0000) A_is_ee=0 box_q=(+1.00000,+0.00001,-0.00001,+0.00000) box_p=(-0.00000,-0.00000,+0.04999) ee_p=(+0.00024,-0.00110,+0.18041)
[CONTACT-ELEM] step=38 element=manipulated_object::collision phi=+0.0534m
[ADMM-C3+] primal: 15.0811->9.6575  dual: 1537.4467->231.8805  mono=False  iters=25/25  rho=25.0
[ADMM-C3+] WARNING non-converged: pr=9.6575 dr=231.8805 tol=1e-03
[MATH.δ-C3+] Bui 2026 eq (12) projection results (N=20 × 12 λ-components):
[MATH.δ-C3+]   case 1 (η wins, λ→0):     103
[MATH.δ-C3+]   case 2 (λ wins, η→0):     91
[MATH.δ-C3+]   case 3 (both zero):       46
[MATH.δ-C3+] First step k=0, component 0:
[MATH.δ-C3+]   pre:  λ°=0.1461, η°=-46.6998
[MATH.δ-C3+]   post: δ_λ=0.1461, δ_η=0.0000
[MATH.ω-C3+] ω update: ω += (z-δ), over 25 ADMM iters
[MATH.ω-C3+] ||ω||=513.6189, ||z-δ||_max=2.9312  (scale differs from C3 — ω carries η-block residuals too)
[MATH.ω-C3+] ρ decision: primal=9.6575, dual=231.8805, ratio=0.0416 < 0.1 → would halve ρ to 12.5000
[MATH.ω-C3+] Note: adaptive-ρ fires every 10 iters; current max_iter=25
[C3+] step=39 |u[0]|=43.00N u_axis=(-30.00,-30.00,-6.98)N λ_n_max=1.163 η_n_max=1.209 primal=9.658 iters=25/25 lcp_res_max=1.53e-06
[ADMIT-GUARD] step=14 admit_active=1 latch=0/0 ee_z=0.178 gate_cap=0
[ALT-GATE] step=14 target_stable=0/0 allow_descent=1
[GS-tgt] step=14 ee=(+0.000,-0.001,+0.178) p_repos=(-0.023,-0.080,+0.030) ee_to_target=0.170m target_label=prev_repos target_changed=N delta=0.000m
[GS] step=14 mode=free switch=kStayInRepos best_k=1 best_src=prev_repos curr_cost=79551.04 repos_cost=78592.58 best_other=78592.58 met_progress=Y steps_since_improve=12 switches=0
[STEP] step=14 mode=free t=0.140s ee=(+0.000,-0.001,+0.178) obj=(-0.000,-0.000,+0.050) goal_dist=0.300m switch=kStayInRepos target=(+0.000,-0.001,+0.177) ee_stride=0.002m ee_to_ptarget=0.170m landing_err=0.1722m ik_ok=Y ik_resid=0.0006m q_max_resid_deg=10.89 target_changed=Y retgt=N held_idx=1 held_cost=78592.58 won_cost=78592.58 margin=+0.00 won_src=prev_repos held_valid=Y reason=hold setpoint_to_ptarget=nanm finished_val=nanm finished_thresh=0.0200m pd_resid=nanm nextwp_to_ptarget=nanm guide_terminal_err=nanm
[GATE-EVOLVE] step=14 curr=79551.04 best_other=78592.58 ratio=1.0122 ee_to_optimal=0.0748m phi=0.0534m
[STAGE-A-TRACE] step=14 sim_t=0.140 mode=free phi=0.05343 box_xy=-0.00000,-0.00000 lam_n_ee_box=nan qy=-0.00001 qz=+0.00000 finished_repos=0
[DRAKE-CONTACT] step=14 n_pairs=1 ee_box_normal=0.000
[GATE-CONTACT] step=14 F_W=(+0.0000,+0.0000,+0.0000) F_on_box=(-0.0000,-0.0000,-0.0000) n_face_out=(-0.0000,-0.0000,-0.0000) A_is_ee=0 box_q=(+1.00000,+0.00001,-0.00001,+0.00000) box_p=(-0.00000,-0.00000,+0.04999) ee_p=(+0.00023,-0.00108,+0.17843)
[CONTACT-ELEM] step=41 element=manipulated_object::collision phi=+0.0515m
[ADMM-C3+] primal: 15.0377->8.9485  dual: 1526.6536->160.1251  mono=False  iters=25/25  rho=25.0
[ADMM-C3+] WARNING non-converged: pr=8.9485 dr=160.1251 tol=1e-03
[MATH.δ-C3+] Bui 2026 eq (12) projection results (N=20 × 12 λ-components):
[MATH.δ-C3+]   case 1 (η wins, λ→0):     110
[MATH.δ-C3+]   case 2 (λ wins, η→0):     88
[MATH.δ-C3+]   case 3 (both zero):       42
[MATH.δ-C3+] First step k=0, component 0:
[MATH.δ-C3+]   pre:  λ°=0.1461, η°=-46.6892
[MATH.δ-C3+]   post: δ_λ=0.1461, δ_η=0.0000
[MATH.ω-C3+] ω update: ω += (z-δ), over 25 ADMM iters
[MATH.ω-C3+] ||ω||=512.1523, ||z-δ||_max=2.1442  (scale differs from C3 — ω carries η-block residuals too)
[MATH.ω-C3+] ρ decision: primal=8.9485, dual=160.1251, ratio=0.0559 < 0.1 → would halve ρ to 12.5000
[MATH.ω-C3+] Note: adaptive-ρ fires every 10 iters; current max_iter=25
[C3+] step=42 |u[0]|=43.02N u_axis=(-30.00,-30.00,-7.14)N λ_n_max=3.107 η_n_max=1.491 primal=8.949 iters=25/25 lcp_res_max=2.58e-06
[ADMIT-GUARD] step=15 admit_active=1 latch=0/0 ee_z=0.176 gate_cap=0
[ALT-GATE] step=15 target_stable=0/0 allow_descent=1
[GS-tgt] step=15 ee=(+0.000,-0.001,+0.176) p_repos=(-0.023,-0.080,+0.030) ee_to_target=0.168m target_label=prev_repos target_changed=N delta=0.000m
[GS] step=15 mode=free switch=kStayInRepos best_k=1 best_src=prev_repos curr_cost=81254.09 repos_cost=78416.86 best_other=78416.86 met_progress=Y steps_since_improve=13 switches=0
[STEP] step=15 mode=free t=0.150s ee=(+0.000,-0.001,+0.176) obj=(-0.000,-0.000,+0.050) goal_dist=0.300m switch=kStayInRepos target=(+0.000,-0.001,+0.175) ee_stride=0.002m ee_to_ptarget=0.168m landing_err=0.1716m ik_ok=Y ik_resid=0.0007m q_max_resid_deg=11.79 target_changed=Y retgt=N held_idx=1 held_cost=78416.86 won_cost=78416.86 margin=+0.00 won_src=prev_repos held_valid=Y reason=hold setpoint_to_ptarget=nanm finished_val=nanm finished_thresh=0.0200m pd_resid=nanm nextwp_to_ptarget=nanm guide_terminal_err=nanm
[GATE-EVOLVE] step=15 curr=81254.09 best_other=78416.86 ratio=1.0362 ee_to_optimal=0.0748m phi=0.0515m
[STAGE-A-TRACE] step=15 sim_t=0.150 mode=free phi=0.05147 box_xy=-0.00000,-0.00000 lam_n_ee_box=nan qy=-0.00001 qz=+0.00000 finished_repos=0
[DRAKE-CONTACT] step=15 n_pairs=1 ee_box_normal=0.000
[GATE-CONTACT] step=15 F_W=(+0.0000,+0.0000,+0.0000) F_on_box=(-0.0000,-0.0000,-0.0000) n_face_out=(-0.0000,-0.0000,-0.0000) A_is_ee=0 box_q=(+1.00000,+0.00001,-0.00001,+0.00000) box_p=(-0.00000,-0.00000,+0.04999) ee_p=(+0.00023,-0.00107,+0.17646)
[CONTACT-ELEM] step=44 element=manipulated_object::collision phi=+0.0495m
[ADMM-C3+] primal: 14.9925->38.4945  dual: 1516.5982->763.0560  mono=False  iters=25/25  rho=25.0
[ADMM-C3+] WARNING non-converged: pr=38.4945 dr=763.0560 tol=1e-03
[MATH.δ-C3+] Bui 2026 eq (12) projection results (N=20 × 12 λ-components):
[MATH.δ-C3+]   case 1 (η wins, λ→0):     109
[MATH.δ-C3+]   case 2 (λ wins, η→0):     82
[MATH.δ-C3+]   case 3 (both zero):       49
[MATH.δ-C3+] First step k=0, component 0:
[MATH.δ-C3+]   pre:  λ°=0.1461, η°=-46.5091
[MATH.δ-C3+]   post: δ_λ=0.1461, δ_η=0.0000
[MATH.ω-C3+] ω update: ω += (z-δ), over 25 ADMM iters
[MATH.ω-C3+] ||ω||=509.0414, ||z-δ||_max=17.3929  (scale differs from C3 — ω carries η-block residuals too)
[MATH.ω-C3+] ρ decision: primal=38.4945, dual=763.0560, ratio=0.0504 < 0.1 → would halve ρ to 12.5000
[MATH.ω-C3+] Note: adaptive-ρ fires every 10 iters; current max_iter=25
[C3+] step=45 |u[0]|=43.05N u_axis=(-30.00,-30.00,-7.31)N λ_n_max=2.708 η_n_max=1.114 primal=38.494 iters=25/25 lcp_res_max=2.80e-06
[ADMIT-GUARD] step=16 admit_active=1 latch=0/0 ee_z=0.175 gate_cap=0
[ALT-GATE] step=16 target_stable=0/0 allow_descent=1
[GS-tgt] step=16 ee=(+0.000,-0.001,+0.175) p_repos=(-0.023,-0.080,+0.030) ee_to_target=0.166m target_label=prev_repos target_changed=N delta=0.000m
[GS] step=16 mode=free switch=kStayInRepos best_k=1 best_src=prev_repos curr_cost=84020.86 repos_cost=78335.70 best_other=78335.70 met_progress=Y steps_since_improve=14 switches=0
[STEP] step=16 mode=free t=0.160s ee=(+0.000,-0.001,+0.175) obj=(-0.000,-0.000,+0.050) goal_dist=0.300m switch=kStayInRepos target=(+0.000,-0.001,+0.173) ee_stride=0.002m ee_to_ptarget=0.166m landing_err=0.1711m ik_ok=Y ik_resid=0.0008m q_max_resid_deg=12.69 target_changed=Y retgt=N held_idx=1 held_cost=78335.70 won_cost=78335.70 margin=+0.00 won_src=prev_repos held_valid=Y reason=hold setpoint_to_ptarget=nanm finished_val=nanm finished_thresh=0.0200m pd_resid=nanm nextwp_to_ptarget=nanm guide_terminal_err=nanm
[GATE-EVOLVE] step=16 curr=84020.86 best_other=78335.70 ratio=1.0726 ee_to_optimal=0.0748m phi=0.0495m
[STAGE-A-TRACE] step=16 sim_t=0.160 mode=free phi=0.04951 box_xy=-0.00000,-0.00000 lam_n_ee_box=nan qy=-0.00001 qz=+0.00000 finished_repos=0
[DRAKE-CONTACT] step=16 n_pairs=1 ee_box_normal=0.000
[GATE-CONTACT] step=16 F_W=(+0.0000,+0.0000,+0.0000) F_on_box=(-0.0000,-0.0000,-0.0000) n_face_out=(-0.0000,-0.0000,-0.0000) A_is_ee=0 box_q=(+1.00000,+0.00001,-0.00001,+0.00000) box_p=(-0.00000,-0.00000,+0.04999) ee_p=(+0.00023,-0.00105,+0.17450)
[CONTACT-ELEM] step=47 element=manipulated_object::collision phi=+0.0476m
[ADMM-C3+] primal: 14.9425->9.4871  dual: 1505.4784->296.5763  mono=False  iters=25/25  rho=25.0
[ADMM-C3+] WARNING non-converged: pr=9.4871 dr=296.5763 tol=1e-03
[MATH.δ-C3+] Bui 2026 eq (12) projection results (N=20 × 12 λ-components):
[MATH.δ-C3+]   case 1 (η wins, λ→0):     104
[MATH.δ-C3+]   case 2 (λ wins, η→0):     91
[MATH.δ-C3+]   case 3 (both zero):       45
[MATH.δ-C3+] First step k=0, component 0:
[MATH.δ-C3+]   pre:  λ°=0.1461, η°=-46.7866
[MATH.δ-C3+]   post: δ_λ=0.1461, δ_η=0.0000
[MATH.ω-C3+] ω update: ω += (z-δ), over 25 ADMM iters
[MATH.ω-C3+] ||ω||=508.0160, ||z-δ||_max=2.6627  (scale differs from C3 — ω carries η-block residuals too)
[MATH.ω-C3+] ρ decision: primal=9.4871, dual=296.5763, ratio=0.0320 < 0.1 → would halve ρ to 12.5000
[MATH.ω-C3+] Note: adaptive-ρ fires every 10 iters; current max_iter=25
[C3+] step=48 |u[0]|=43.00N u_axis=(-30.00,-30.00,-6.97)N λ_n_max=2.931 η_n_max=1.092 primal=9.487 iters=25/25 lcp_res_max=1.87e-06
[ADMIT-GUARD] step=17 admit_active=1 latch=0/0 ee_z=0.173 gate_cap=0
[ALT-GATE] step=17 target_stable=0/0 allow_descent=1
[GS-tgt] step=17 ee=(+0.000,-0.001,+0.173) p_repos=(-0.023,-0.080,+0.030) ee_to_target=0.165m target_label=prev_repos target_changed=N delta=0.000m
[GS] step=17 mode=free switch=kStayInRepos best_k=1 best_src=prev_repos curr_cost=80592.75 repos_cost=78273.61 best_other=78273.61 met_progress=Y steps_since_improve=15 switches=0
[STEP] step=17 mode=free t=0.170s ee=(+0.000,-0.001,+0.173) obj=(-0.000,-0.000,+0.050) goal_dist=0.300m switch=kStayInRepos target=(+0.000,-0.001,+0.171) ee_stride=0.001m ee_to_ptarget=0.165m landing_err=0.1707m ik_ok=Y ik_resid=0.0010m q_max_resid_deg=13.61 target_changed=Y retgt=N held_idx=1 held_cost=78273.61 won_cost=78273.61 margin=+0.00 won_src=prev_repos held_valid=Y reason=hold setpoint_to_ptarget=nanm finished_val=nanm finished_thresh=0.0200m pd_resid=nanm nextwp_to_ptarget=nanm guide_terminal_err=nanm
[GATE-EVOLVE] step=17 curr=80592.75 best_other=78273.61 ratio=1.0296 ee_to_optimal=0.0748m phi=0.0476m
[STAGE-A-TRACE] step=17 sim_t=0.170 mode=free phi=0.04758 box_xy=-0.00000,-0.00000 lam_n_ee_box=nan qy=-0.00001 qz=+0.00000 finished_repos=0
[DRAKE-CONTACT] step=17 n_pairs=1 ee_box_normal=0.000
[GATE-CONTACT] step=17 F_W=(+0.0000,+0.0000,+0.0000) F_on_box=(-0.0000,-0.0000,-0.0000) n_face_out=(-0.0000,-0.0000,-0.0000) A_is_ee=0 box_q=(+1.00000,+0.00001,-0.00001,+0.00000) box_p=(-0.00000,-0.00000,+0.04999) ee_p=(+0.00023,-0.00103,+0.17257)
[CONTACT-ELEM] step=50 element=manipulated_object::collision phi=+0.0457m
[ADMM-C3+] primal: 14.8928->10.0305  dual: 1494.6429->353.0212  mono=False  iters=25/25  rho=25.0
[ADMM-C3+] WARNING non-converged: pr=10.0305 dr=353.0212 tol=1e-03
[MATH.δ-C3+] Bui 2026 eq (12) projection results (N=20 × 12 λ-components):
[MATH.δ-C3+]   case 1 (η wins, λ→0):     102
[MATH.δ-C3+]   case 2 (λ wins, η→0):     91
[MATH.δ-C3+]   case 3 (both zero):       47
[MATH.δ-C3+] First step k=0, component 0:
[MATH.δ-C3+]   pre:  λ°=0.1461, η°=-46.6589
[MATH.δ-C3+]   post: δ_λ=0.1461, δ_η=0.0000
[MATH.ω-C3+] ω update: ω += (z-δ), over 25 ADMM iters
[MATH.ω-C3+] ||ω||=513.9330, ||z-δ||_max=2.0410  (scale differs from C3 — ω carries η-block residuals too)
[MATH.ω-C3+] ρ decision: primal=10.0305, dual=353.0212, ratio=0.0284 < 0.1 → would halve ρ to 12.5000
[MATH.ω-C3+] Note: adaptive-ρ fires every 10 iters; current max_iter=25
[C3+] step=51 |u[0]|=42.96N u_axis=(-30.00,-30.00,-6.78)N λ_n_max=3.094 η_n_max=1.175 primal=10.030 iters=25/25 lcp_res_max=1.54e-06
[ADMIT-GUARD] step=18 admit_active=1 latch=0/0 ee_z=0.171 gate_cap=0
[ALT-GATE] step=18 target_stable=0/0 allow_descent=1
[GS-tgt] step=18 ee=(+0.000,-0.001,+0.171) p_repos=(-0.023,-0.080,+0.030) ee_to_target=0.163m target_label=prev_repos target_changed=N delta=0.000m
[GS] step=18 mode=free switch=kStayInRepos best_k=1 best_src=prev_repos curr_cost=79983.56 repos_cost=78176.12 best_other=78176.12 met_progress=Y steps_since_improve=16 switches=0
[STEP] step=18 mode=free t=0.180s ee=(+0.000,-0.001,+0.171) obj=(-0.000,-0.000,+0.050) goal_dist=0.300m switch=kStayInRepos target=(+0.000,-0.001,+0.169) ee_stride=0.001m ee_to_ptarget=0.163m landing_err=0.1704m ik_ok=Y ik_resid=0.0001m q_max_resid_deg=14.75 target_changed=Y retgt=N held_idx=1 held_cost=78176.12 won_cost=78176.12 margin=+0.00 won_src=prev_repos held_valid=Y reason=hold setpoint_to_ptarget=nanm finished_val=nanm finished_thresh=0.0200m pd_resid=nanm nextwp_to_ptarget=nanm guide_terminal_err=nanm
[GATE-EVOLVE] step=18 curr=79983.56 best_other=78176.12 ratio=1.0231 ee_to_optimal=0.0748m phi=0.0457m
[STAGE-A-TRACE] step=18 sim_t=0.180 mode=free phi=0.04565 box_xy=-0.00000,-0.00000 lam_n_ee_box=nan qy=-0.00001 qz=+0.00000 finished_repos=0
[DRAKE-CONTACT] step=18 n_pairs=1 ee_box_normal=0.000
[GATE-CONTACT] step=18 F_W=(+0.0000,+0.0000,+0.0000) F_on_box=(-0.0000,-0.0000,-0.0000) n_face_out=(-0.0000,-0.0000,-0.0000) A_is_ee=0 box_q=(+1.00000,+0.00001,-0.00001,+0.00000) box_p=(-0.00000,-0.00000,+0.04999) ee_p=(+0.00023,-0.00102,+0.17065)
[CONTACT-ELEM] step=53 element=manipulated_object::collision phi=+0.0436m
[ADMM-C3+] primal: 15.0209->9.0066  dual: 1520.6538->274.5160  mono=False  iters=25/25  rho=25.0
[ADMM-C3+] WARNING non-converged: pr=9.0066 dr=274.5160 tol=1e-03
[MATH.δ-C3+] Bui 2026 eq (12) projection results (N=20 × 12 λ-components):
[MATH.δ-C3+]   case 1 (η wins, λ→0):     120
[MATH.δ-C3+]   case 2 (λ wins, η→0):     83
[MATH.δ-C3+]   case 3 (both zero):       37
[MATH.δ-C3+] First step k=0, component 0:
[MATH.δ-C3+]   pre:  λ°=0.1461, η°=-78.5869
[MATH.δ-C3+]   post: δ_λ=0.1461, δ_η=0.0000
[MATH.ω-C3+] ω update: ω += (z-δ), over 25 ADMM iters
[MATH.ω-C3+] ||ω||=484.5962, ||z-δ||_max=2.6113  (scale differs from C3 — ω carries η-block residuals too)
[MATH.ω-C3+] ρ decision: primal=9.0066, dual=274.5160, ratio=0.0328 < 0.1 → would halve ρ to 12.5000
[MATH.ω-C3+] Note: adaptive-ρ fires every 10 iters; current max_iter=25
[C3+] step=54 |u[0]|=42.75N u_axis=(+30.00,+30.00,-5.22)N λ_n_max=1.528 η_n_max=1.092 primal=9.007 iters=25/25 lcp_res_max=2.22e-06
[ADMIT-GUARD] step=19 admit_active=1 latch=0/0 ee_z=0.169 gate_cap=0
[ALT-GATE] step=19 target_stable=0/0 allow_descent=1
[GS-tgt] step=19 ee=(+0.000,-0.001,+0.169) p_repos=(-0.023,-0.080,+0.030) ee_to_target=0.161m target_label=prev_repos target_changed=N delta=0.000m
[GS] step=19 mode=free switch=kStayInRepos best_k=1 best_src=prev_repos curr_cost=73376.91 repos_cost=73242.59 best_other=73242.59 met_progress=Y steps_since_improve=17 switches=0
[STEP] step=19 mode=free t=0.190s ee=(+0.000,-0.001,+0.169) obj=(+0.000,+0.000,+0.050) goal_dist=0.300m switch=kStayInRepos target=(+0.000,-0.001,+0.168) ee_stride=0.001m ee_to_ptarget=0.161m landing_err=0.1702m ik_ok=Y ik_resid=0.0001m q_max_resid_deg=15.74 target_changed=Y retgt=N held_idx=1 held_cost=73242.59 won_cost=73242.59 margin=+0.00 won_src=prev_repos held_valid=Y reason=hold setpoint_to_ptarget=nanm finished_val=nanm finished_thresh=0.0200m pd_resid=nanm nextwp_to_ptarget=nanm guide_terminal_err=nanm
[GATE-EVOLVE] step=19 curr=73376.91 best_other=73242.59 ratio=1.0018 ee_to_optimal=0.0748m phi=0.0436m
[STAGE-A-TRACE] step=19 sim_t=0.190 mode=free phi=0.04356 box_xy=+0.00000,+0.00000 lam_n_ee_box=nan qy=+0.00001 qz=+0.00000 finished_repos=0
[DRAKE-CONTACT] step=19 n_pairs=1 ee_box_normal=0.000
[GATE-CONTACT] step=19 F_W=(+0.0000,+0.0000,+0.0000) F_on_box=(-0.0000,-0.0000,-0.0000) n_face_out=(-0.0000,-0.0000,-0.0000) A_is_ee=0 box_q=(+1.00000,-0.00001,+0.00001,+0.00000) box_p=(+0.00000,+0.00000,+0.04999) ee_p=(+0.00022,-0.00100,+0.16855)
[CONTACT-ELEM] step=56 element=manipulated_object::collision phi=+0.0417m
[ADMM-C3+] primal: 14.9797->9.3014  dual: 1510.7633->282.1321  mono=False  iters=25/25  rho=25.0
[ADMM-C3+] WARNING non-converged: pr=9.3014 dr=282.1321 tol=1e-03
[MATH.δ-C3+] Bui 2026 eq (12) projection results (N=20 × 12 λ-components):
[MATH.δ-C3+]   case 1 (η wins, λ→0):     113
[MATH.δ-C3+]   case 2 (λ wins, η→0):     84
[MATH.δ-C3+]   case 3 (both zero):       43
[MATH.δ-C3+] First step k=0, component 0:
[MATH.δ-C3+]   pre:  λ°=0.1461, η°=-77.6659
[MATH.δ-C3+]   post: δ_λ=0.1461, δ_η=0.0000
[MATH.ω-C3+] ω update: ω += (z-δ), over 25 ADMM iters
[MATH.ω-C3+] ||ω||=472.6986, ||z-δ||_max=2.3318  (scale differs from C3 — ω carries η-block residuals too)
[MATH.ω-C3+] ρ decision: primal=9.3014, dual=282.1321, ratio=0.0330 < 0.1 → would halve ρ to 12.5000
[MATH.ω-C3+] Note: adaptive-ρ fires every 10 iters; current max_iter=25
[C3+] step=57 |u[0]|=42.74N u_axis=(+30.00,+30.00,-5.18)N λ_n_max=3.397 η_n_max=1.909 primal=9.301 iters=25/25 lcp_res_max=2.26e-06
[ADMIT-GUARD] step=20 admit_active=1 latch=0/0 ee_z=0.167 gate_cap=0
[ALT-GATE] step=20 target_stable=0/0 allow_descent=1
[GS-tgt] step=20 ee=(+0.000,-0.001,+0.167) p_repos=(-0.023,-0.080,+0.030) ee_to_target=0.160m target_label=prev_repos target_changed=N delta=0.000m
[IMP] step=20 mode=free |x_err|=0.0009m |tau_imp|=1.49Nm |tau_ff|=0.00Nm |tau_out|=1.49Nm sat=False lam_n=False lam_t=False
[GS] step=20 mode=free switch=kStayInRepos best_k=0 best_src=prev_repos curr_cost=72103.91 repos_cost=73221.91 best_other=73221.91 met_progress=Y steps_since_improve=18 switches=0
[STEP] step=20 mode=free t=0.200s ee=(+0.000,-0.001,+0.167) obj=(+0.000,+0.000,+0.050) goal_dist=0.300m switch=kStayInRepos target=(+0.000,-0.001,+0.166) ee_stride=0.001m ee_to_ptarget=0.160m landing_err=0.1701m ik_ok=Y ik_resid=0.0001m q_max_resid_deg=16.71 target_changed=Y retgt=N held_idx=1 held_cost=73221.91 won_cost=73221.91 margin=+0.00 won_src=prev_repos held_valid=Y reason=hold setpoint_to_ptarget=nanm finished_val=nanm finished_thresh=0.0200m pd_resid=nanm nextwp_to_ptarget=nanm guide_terminal_err=nanm
[GATE-EVOLVE] step=20 curr=72103.91 best_other=73221.91 ratio=0.9847 ee_to_optimal=0.0748m phi=0.0417m
[STAGE-A-TRACE] step=20 sim_t=0.200 mode=free phi=0.04167 box_xy=+0.00000,+0.00000 lam_n_ee_box=nan qy=+0.00001 qz=+0.00000 finished_repos=0
[GS-table] step=20
  k=0 (current   ) pos=(+0.000,-0.001,+0.167) c_C3=  72103.91 align=0.0000(bonus=    0.00) rot=+0.0000(bonus=    0.00) travel=0.000m(pen=  0.00) c_sample=  72103.91 feas=Y ik_err=0.0000m  ← WIN
  k=1 (prev_repos) pos=(-0.023,-0.080,+0.030) c_C3=  73190.00 align=0.0000(bonus=    0.00) rot=+0.0000(bonus=    0.00) travel=0.160m(pen= 31.91) c_sample=  73221.91 feas=Y ik_err=0.0000m
  k=2 (strat_0   ) pos=(-0.023,-0.080,+0.030) c_C3=  73190.00 align=0.0000(bonus=    0.00) rot=+0.0000(bonus=    0.00) travel=0.160m(pen= 31.91) c_sample=  73221.91 feas=Y ik_err=0.0000m
[DRAKE-CONTACT] step=20 n_pairs=1 ee_box_normal=0.000
[GATE-CONTACT] step=20 F_W=(+0.0000,+0.0000,+0.0000) F_on_box=(-0.0000,-0.0000,-0.0000) n_face_out=(-0.0000,-0.0000,-0.0000) A_is_ee=0 box_q=(+1.00000,-0.00001,+0.00001,+0.00000) box_p=(+0.00000,+0.00000,+0.04999) ee_p=(+0.00022,-0.00099,+0.16666)
[CONTACT-ELEM] step=59 element=manipulated_object::collision phi=+0.0398m
[ADMM-C3+] primal: 14.9447->9.6524  dual: 1501.4976->351.2827  mono=False  iters=25/25  rho=25.0
[ADMM-C3+] WARNING non-converged: pr=9.6524 dr=351.2827 tol=1e-03
[MATH.QP-C3+] Minimizing: (1/2) z^T P z + q^T z  (z augmented with η)
[MATH.QP-C3+]   s.t. A_eq z = b_eq  (639 rows = x_0 fixation + 20 dynamics + 240 η-slack rows; slack-equality block ADDED)
[MATH.QP-C3+]        bbox: λ_n ≥ 0, |u| ≤ 30.0 N (EE force)  (η is unbounded — sign enforced via projection eq 12)
[MATH.QP-C3+] P shape=(939,939), symmetric=True, pos-semidef=True, cond(P)=4.0000e+05
[MATH.QP-C3+] q norm=3.9825e+05
[MATH.QP-C3+] Augmented term: (ρ/2) Σ ||z-δ+ω||^2_G  ρ=25.0000  (G=I in v1: u_λ=u_η=1)
[MATH.QP-C3+] Soft complementarity: w_comp=0.0000  (C3+ disables it — η equality replaces the linear penalty)
[MATH.QP-C3+] OSQP status: solved, iters=150, solve time=8.81ms
[MATH.δ-C3+] Bui 2026 eq (12) projection results (N=20 × 12 λ-components):
[MATH.δ-C3+]   case 1 (η wins, λ→0):     116
[MATH.δ-C3+]   case 2 (λ wins, η→0):     79
[MATH.δ-C3+]   case 3 (both zero):       45
[MATH.δ-C3+] First step k=0, component 0:
[MATH.δ-C3+]   pre:  λ°=0.1461, η°=-78.4046
[MATH.δ-C3+]   post: δ_λ=0.1461, δ_η=0.0000
[MATH.ω-C3+] ω update: ω += (z-δ), over 25 ADMM iters
[MATH.ω-C3+] ||ω||=481.3782, ||z-δ||_max=3.2607  (scale differs from C3 — ω carries η-block residuals too)
[MATH.ω-C3+] ρ decision: primal=9.6524, dual=351.2827, ratio=0.0275 < 0.1 → would halve ρ to 12.5000
[MATH.ω-C3+] Note: adaptive-ρ fires every 10 iters; current max_iter=25
[C3+] step=60 |u[0]|=42.72N u_axis=(+30.00,+30.00,-5.00)N λ_n_max=3.661 η_n_max=1.233 primal=9.652 iters=25/25 lcp_res_max=2.10e-06
[ADMIT-GUARD] step=21 admit_active=1 latch=0/0 ee_z=0.165 gate_cap=0
[ALT-GATE] step=21 target_stable=0/0 allow_descent=1
[GS-tgt] step=21 ee=(+0.000,-0.001,+0.165) p_repos=(-0.023,-0.080,+0.030) ee_to_target=0.158m target_label=prev_repos target_changed=N delta=0.000m
[GS] step=21 mode=free switch=kStayInRepos best_k=0 best_src=prev_repos curr_cost=72023.26 repos_cost=73134.91 best_other=73134.91 met_progress=Y steps_since_improve=19 switches=0
[STEP] step=21 mode=free t=0.210s ee=(+0.000,-0.001,+0.165) obj=(+0.000,+0.000,+0.050) goal_dist=0.300m switch=kStayInRepos target=(+0.000,-0.001,+0.164) ee_stride=0.001m ee_to_ptarget=0.158m landing_err=0.1661m ik_ok=Y ik_resid=0.0001m q_max_resid_deg=16.61 target_changed=Y retgt=N held_idx=1 held_cost=73134.91 won_cost=73134.91 margin=+0.00 won_src=prev_repos held_valid=Y reason=hold setpoint_to_ptarget=nanm finished_val=nanm finished_thresh=0.0200m pd_resid=nanm nextwp_to_ptarget=nanm guide_terminal_err=nanm
[GATE-EVOLVE] step=21 curr=72023.26 best_other=73134.91 ratio=0.9848 ee_to_optimal=0.0748m phi=0.0398m
[STAGE-A-TRACE] step=21 sim_t=0.210 mode=free phi=0.03980 box_xy=+0.00000,+0.00000 lam_n_ee_box=nan qy=+0.00001 qz=+0.00000 finished_repos=0
[DRAKE-CONTACT] step=21 n_pairs=1 ee_box_normal=0.000
[GATE-CONTACT] step=21 F_W=(+0.0000,+0.0000,+0.0000) F_on_box=(-0.0000,-0.0000,-0.0000) n_face_out=(-0.0000,-0.0000,-0.0000) A_is_ee=0 box_q=(+1.00000,-0.00001,+0.00001,+0.00000) box_p=(+0.00000,+0.00000,+0.04999) ee_p=(+0.00022,-0.00098,+0.16479)
[CONTACT-ELEM] step=62 element=manipulated_object::collision phi=+0.0379m
[ADMM-C3+] primal: 14.9187->29.3291  dual: 1493.1369->1591.7942  mono=False  iters=25/25  rho=50.0
[ADMM-C3+] WARNING non-converged: pr=29.3291 dr=1591.7942 tol=1e-03
[MATH.δ-C3+] Bui 2026 eq (12) projection results (N=20 × 12 λ-components):
[MATH.δ-C3+]   case 1 (η wins, λ→0):     128
[MATH.δ-C3+]   case 2 (λ wins, η→0):     75
[MATH.δ-C3+]   case 3 (both zero):       37
[MATH.δ-C3+] First step k=0, component 0:
[MATH.δ-C3+]   pre:  λ°=0.1461, η°=-42.2754
[MATH.δ-C3+]   post: δ_λ=0.1461, δ_η=0.0000
[MATH.ω-C3+] ω update: ω += (z-δ), over 25 ADMM iters
[MATH.ω-C3+] ||ω||=256.6909, ||z-δ||_max=16.6420  (scale differs from C3 — ω carries η-block residuals too)
[MATH.ω-C3+] ρ decision: primal=29.3291, dual=1.5918e+03, ratio=0.0184 < 0.1 → would halve ρ to 25.0000
[MATH.ω-C3+] Note: adaptive-ρ fires every 10 iters; current max_iter=25
[C3+] step=63 |u[0]|=42.79N u_axis=(+30.00,+30.00,-5.57)N λ_n_max=1.111 η_n_max=0.965 primal=29.329 iters=25/25 lcp_res_max=inf
[ADMIT-GUARD] step=22 admit_active=1 latch=0/0 ee_z=0.163 gate_cap=0
[ALT-GATE] step=22 target_stable=0/0 allow_descent=1
[GS-tgt] step=22 ee=(+0.000,-0.001,+0.163) p_repos=(-0.023,-0.080,+0.030) ee_to_target=0.156m target_label=prev_repos target_changed=N delta=0.000m
[GS] step=22 mode=free switch=kStayInRepos best_k=1 best_src=prev_repos curr_cost=75680.13 repos_cost=73116.87 best_other=73116.87 met_progress=Y steps_since_improve=20 switches=0
[STEP] step=22 mode=free t=0.220s ee=(+0.000,-0.001,+0.163) obj=(+0.000,+0.000,+0.050) goal_dist=0.300m switch=kStayInRepos target=(+0.000,-0.001,+0.162) ee_stride=0.001m ee_to_ptarget=0.156m landing_err=0.1621m ik_ok=Y ik_resid=0.0001m q_max_resid_deg=16.05 target_changed=Y retgt=N held_idx=1 held_cost=73116.87 won_cost=73116.87 margin=+0.00 won_src=prev_repos held_valid=Y reason=hold setpoint_to_ptarget=nanm finished_val=nanm finished_thresh=0.0200m pd_resid=nanm nextwp_to_ptarget=nanm guide_terminal_err=nanm
[GATE-EVOLVE] step=22 curr=75680.13 best_other=73116.87 ratio=1.0351 ee_to_optimal=0.0748m phi=0.0379m
[STAGE-A-TRACE] step=22 sim_t=0.220 mode=free phi=0.03794 box_xy=+0.00000,+0.00000 lam_n_ee_box=nan qy=+0.00001 qz=+0.00000 finished_repos=0
[DRAKE-CONTACT] step=22 n_pairs=1 ee_box_normal=0.000
[GATE-CONTACT] step=22 F_W=(+0.0000,+0.0000,+0.0000) F_on_box=(-0.0000,-0.0000,-0.0000) n_face_out=(-0.0000,-0.0000,-0.0000) A_is_ee=0 box_q=(+1.00000,-0.00001,+0.00001,+0.00000) box_p=(+0.00000,+0.00000,+0.04999) ee_p=(+0.00022,-0.00097,+0.16293)
[CONTACT-ELEM] step=65 element=manipulated_object::collision phi=+0.0361m
[ADMM-C3+] primal: 14.9028->13.2867  dual: 1485.7217->312.1243  mono=False  iters=25/25  rho=25.0
[ADMM-C3+] WARNING non-converged: pr=13.2867 dr=312.1243 tol=1e-03
[MATH.δ-C3+] Bui 2026 eq (12) projection results (N=20 × 12 λ-components):
[MATH.δ-C3+]   case 1 (η wins, λ→0):     115
[MATH.δ-C3+]   case 2 (λ wins, η→0):     81
[MATH.δ-C3+]   case 3 (both zero):       44
[MATH.δ-C3+] First step k=0, component 0:
[MATH.δ-C3+]   pre:  λ°=0.1461, η°=-78.9245
[MATH.δ-C3+]   post: δ_λ=0.1461, δ_η=0.0000
[MATH.ω-C3+] ω update: ω += (z-δ), over 25 ADMM iters
[MATH.ω-C3+] ||ω||=496.1241, ||z-δ||_max=4.0301  (scale differs from C3 — ω carries η-block residuals too)
[MATH.ω-C3+] ρ decision: primal=13.2867, dual=312.1243, ratio=0.0426 < 0.1 → would halve ρ to 12.5000
[MATH.ω-C3+] Note: adaptive-ρ fires every 10 iters; current max_iter=25
[C3+] step=66 |u[0]|=42.30N u_axis=(+29.43,+30.00,-4.79)N λ_n_max=3.093 η_n_max=0.954 primal=13.287 iters=25/25 lcp_res_max=1.47e-06
[ADMIT-GUARD] step=23 admit_active=1 latch=0/0 ee_z=0.161 gate_cap=0
[ALT-GATE] step=23 target_stable=0/0 allow_descent=1
[GS-tgt] step=23 ee=(+0.000,-0.001,+0.161) p_repos=(-0.023,-0.080,+0.030) ee_to_target=0.155m target_label=prev_repos target_changed=N delta=0.000m
[GS] step=23 mode=free switch=kStayInRepos best_k=0 best_src=prev_repos curr_cost=72573.70 repos_cost=73102.29 best_other=73102.29 met_progress=Y steps_since_improve=21 switches=0
[STEP] step=23 mode=free t=0.230s ee=(+0.000,-0.001,+0.161) obj=(+0.000,+0.000,+0.050) goal_dist=0.300m switch=kStayInRepos target=(+0.000,-0.001,+0.160) ee_stride=0.001m ee_to_ptarget=0.155m landing_err=0.1581m ik_ok=Y ik_resid=0.0001m q_max_resid_deg=15.49 target_changed=Y retgt=N held_idx=1 held_cost=73102.29 won_cost=73102.29 margin=+0.00 won_src=prev_repos held_valid=Y reason=hold setpoint_to_ptarget=nanm finished_val=nanm finished_thresh=0.0200m pd_resid=nanm nextwp_to_ptarget=nanm guide_terminal_err=nanm
[GATE-EVOLVE] step=23 curr=72573.70 best_other=73102.29 ratio=0.9928 ee_to_optimal=0.0748m phi=0.0361m
[STAGE-A-TRACE] step=23 sim_t=0.230 mode=free phi=0.03610 box_xy=+0.00000,+0.00000 lam_n_ee_box=nan qy=+0.00001 qz=+0.00000 finished_repos=0
[DRAKE-CONTACT] step=23 n_pairs=1 ee_box_normal=0.000
[GATE-CONTACT] step=23 F_W=(+0.0000,+0.0000,+0.0000) F_on_box=(-0.0000,-0.0000,-0.0000) n_face_out=(-0.0000,-0.0000,-0.0000) A_is_ee=0 box_q=(+1.00000,-0.00001,+0.00001,+0.00000) box_p=(+0.00000,+0.00000,+0.04999) ee_p=(+0.00022,-0.00096,+0.16109)
[CONTACT-ELEM] step=68 element=manipulated_object::collision phi=+0.0343m
[ADMM-C3+] primal: 14.8968->7.9185  dual: 1479.2439->387.5891  mono=False  iters=25/25  rho=25.0
[ADMM-C3+] WARNING non-converged: pr=7.9185 dr=387.5891 tol=1e-03
[MATH.δ-C3+] Bui 2026 eq (12) projection results (N=20 × 12 λ-components):
[MATH.δ-C3+]   case 1 (η wins, λ→0):     116
[MATH.δ-C3+]   case 2 (λ wins, η→0):     84
[MATH.δ-C3+]   case 3 (both zero):       40
[MATH.δ-C3+] First step k=0, component 0:
[MATH.δ-C3+]   pre:  λ°=0.1461, η°=-78.6486
[MATH.δ-C3+]   post: δ_λ=0.1461, δ_η=0.0000
[MATH.ω-C3+] ω update: ω += (z-δ), over 25 ADMM iters
[MATH.ω-C3+] ||ω||=484.0468, ||z-δ||_max=1.7813  (scale differs from C3 — ω carries η-block residuals too)
[MATH.ω-C3+] ρ decision: primal=7.9185, dual=387.5891, ratio=0.0204 < 0.1 → would halve ρ to 12.5000
[MATH.ω-C3+] Note: adaptive-ρ fires every 10 iters; current max_iter=25
[C3+] step=69 |u[0]|=42.71N u_axis=(+30.00,+30.00,-4.95)N λ_n_max=2.632 η_n_max=1.781 primal=7.918 iters=25/25 lcp_res_max=2.20e-06
[ADMIT-GUARD] step=24 admit_active=1 latch=0/0 ee_z=0.159 gate_cap=0
[ALT-GATE] step=24 target_stable=0/0 allow_descent=1
[GS-tgt] step=24 ee=(+0.000,-0.001,+0.159) p_repos=(-0.023,-0.080,+0.030) ee_to_target=0.153m target_label=prev_repos target_changed=N delta=0.000m
[GS] step=24 mode=free switch=kStayInRepos best_k=0 best_src=prev_repos curr_cost=72714.71 repos_cost=73091.23 best_other=73091.23 met_progress=Y steps_since_improve=22 switches=0
[STEP] step=24 mode=free t=0.240s ee=(+0.000,-0.001,+0.159) obj=(+0.000,+0.000,+0.050) goal_dist=0.300m switch=kStayInRepos target=(+0.000,-0.001,+0.159) ee_stride=0.001m ee_to_ptarget=0.153m landing_err=0.1541m ik_ok=Y ik_resid=0.0001m q_max_resid_deg=14.94 target_changed=Y retgt=N held_idx=1 held_cost=73091.23 won_cost=73091.23 margin=+0.00 won_src=prev_repos held_valid=Y reason=hold setpoint_to_ptarget=nanm finished_val=nanm finished_thresh=0.0200m pd_resid=nanm nextwp_to_ptarget=nanm guide_terminal_err=nanm
[GATE-EVOLVE] step=24 curr=72714.71 best_other=73091.23 ratio=0.9948 ee_to_optimal=0.0748m phi=0.0343m
[STAGE-A-TRACE] step=24 sim_t=0.240 mode=free phi=0.03426 box_xy=+0.00000,+0.00000 lam_n_ee_box=nan qy=+0.00001 qz=+0.00000 finished_repos=0
[DRAKE-CONTACT] step=24 n_pairs=1 ee_box_normal=0.000
[GATE-CONTACT] step=24 F_W=(+0.0000,+0.0000,+0.0000) F_on_box=(-0.0000,-0.0000,-0.0000) n_face_out=(-0.0000,-0.0000,-0.0000) A_is_ee=0 box_q=(+1.00000,-0.00001,+0.00001,+0.00000) box_p=(+0.00000,+0.00000,+0.04999) ee_p=(+0.00021,-0.00095,+0.15925)
[CONTACT-ELEM] step=71 element=manipulated_object::collision phi=+0.0324m
[ADMM-C3+] primal: 14.9001->23.4152  dual: 1473.6470->194.1503  mono=False  iters=25/25  rho=25.0
[ADMM-C3+] WARNING non-converged: pr=23.4152 dr=194.1503 tol=1e-03
[MATH.δ-C3+] Bui 2026 eq (12) projection results (N=20 × 12 λ-components):
[MATH.δ-C3+]   case 1 (η wins, λ→0):     120
[MATH.δ-C3+]   case 2 (λ wins, η→0):     75
[MATH.δ-C3+]   case 3 (both zero):       45
[MATH.δ-C3+] First step k=0, component 0:
[MATH.δ-C3+]   pre:  λ°=0.1461, η°=-78.2039
[MATH.δ-C3+]   post: δ_λ=0.1461, δ_η=0.0000
[MATH.ω-C3+] ω update: ω += (z-δ), over 25 ADMM iters
[MATH.ω-C3+] ||ω||=477.8862, ||z-δ||_max=10.1905  (scale differs from C3 — ω carries η-block residuals too)
[MATH.ω-C3+] ρ decision: primal=23.4152, dual=194.1503, ratio=0.1206 → ρ unchanged
[MATH.ω-C3+] Note: adaptive-ρ fires every 10 iters; current max_iter=25
[C3+] step=72 |u[0]|=42.77N u_axis=(+30.00,+30.00,-5.43)N λ_n_max=2.750 η_n_max=0.859 primal=23.415 iters=25/25 lcp_res_max=3.60e-06
[ADMIT-GUARD] step=25 admit_active=1 latch=0/0 ee_z=0.157 gate_cap=0
[ALT-GATE] step=25 target_stable=0/0 allow_descent=1
[GS-tgt] step=25 ee=(+0.000,-0.001,+0.157) p_repos=(-0.023,-0.080,+0.030) ee_to_target=0.152m target_label=prev_repos target_changed=N delta=0.000m
[GS] step=25 mode=free switch=kStayInRepos best_k=1 best_src=prev_repos curr_cost=76975.66 repos_cost=73083.52 best_other=73083.52 met_progress=Y steps_since_improve=23 switches=0
[STEP] step=25 mode=free t=0.250s ee=(+0.000,-0.001,+0.157) obj=(+0.000,+0.000,+0.050) goal_dist=0.300m switch=kStayInRepos target=(+0.000,-0.001,+0.157) ee_stride=0.001m ee_to_ptarget=0.152m landing_err=0.1501m ik_ok=Y ik_resid=0.0010m q_max_resid_deg=14.70 target_changed=Y retgt=N held_idx=1 held_cost=73083.52 won_cost=73083.52 margin=+0.00 won_src=prev_repos held_valid=Y reason=hold setpoint_to_ptarget=nanm finished_val=nanm finished_thresh=0.0200m pd_resid=nanm nextwp_to_ptarget=nanm guide_terminal_err=nanm
[GATE-EVOLVE] step=25 curr=76975.66 best_other=73083.52 ratio=1.0533 ee_to_optimal=0.0748m phi=0.0324m
[STAGE-A-TRACE] step=25 sim_t=0.250 mode=free phi=0.03243 box_xy=+0.00000,+0.00000 lam_n_ee_box=nan qy=+0.00001 qz=+0.00000 finished_repos=0
[DRAKE-CONTACT] step=25 n_pairs=1 ee_box_normal=0.000
[GATE-CONTACT] step=25 F_W=(+0.0000,+0.0000,+0.0000) F_on_box=(-0.0000,-0.0000,-0.0000) n_face_out=(-0.0000,-0.0000,-0.0000) A_is_ee=0 box_q=(+1.00000,-0.00001,+0.00001,+0.00000) box_p=(+0.00000,+0.00000,+0.04999) ee_p=(+0.00021,-0.00094,+0.15742)
[CONTACT-ELEM] step=74 element=manipulated_object::collision phi=+0.0306m
[ADMM-C3+] primal: 14.9120->8.1218  dual: 1468.8563->335.6773  mono=False  iters=25/25  rho=25.0
[ADMM-C3+] WARNING non-converged: pr=8.1218 dr=335.6773 tol=1e-03
[MATH.δ-C3+] Bui 2026 eq (12) projection results (N=20 × 12 λ-components):
[MATH.δ-C3+]   case 1 (η wins, λ→0):     110
[MATH.δ-C3+]   case 2 (λ wins, η→0):     84
[MATH.δ-C3+]   case 3 (both zero):       46
[MATH.δ-C3+] First step k=0, component 0:
[MATH.δ-C3+]   pre:  λ°=0.1461, η°=-78.1066
[MATH.δ-C3+]   post: δ_λ=0.1461, δ_η=0.0000
[MATH.ω-C3+] ω update: ω += (z-δ), over 25 ADMM iters
[MATH.ω-C3+] ||ω||=474.5296, ||z-δ||_max=1.2672  (scale differs from C3 — ω carries η-block residuals too)
[MATH.ω-C3+] ρ decision: primal=8.1218, dual=335.6773, ratio=0.0242 < 0.1 → would halve ρ to 12.5000
[MATH.ω-C3+] Note: adaptive-ρ fires every 10 iters; current max_iter=25
[C3+] step=75 |u[0]|=42.70N u_axis=(+30.00,+30.00,-4.80)N λ_n_max=1.390 η_n_max=1.159 primal=8.122 iters=25/25 lcp_res_max=1.87e-06
[ADMIT-GUARD] step=26 admit_active=1 latch=0/0 ee_z=0.156 gate_cap=0
[ALT-GATE] step=26 target_stable=0/0 allow_descent=1
[GS-tgt] step=26 ee=(+0.000,-0.001,+0.156) p_repos=(-0.023,-0.080,+0.030) ee_to_target=0.150m target_label=prev_repos target_changed=N delta=0.000m
[GS] step=26 mode=free switch=kStayInRepos best_k=0 best_src=prev_repos curr_cost=72281.91 repos_cost=73078.81 best_other=73078.81 met_progress=Y steps_since_improve=24 switches=0
[STEP] step=26 mode=free t=0.260s ee=(+0.000,-0.001,+0.156) obj=(+0.000,+0.000,+0.050) goal_dist=0.300m switch=kStayInRepos target=(+0.000,-0.001,+0.155) ee_stride=0.001m ee_to_ptarget=0.150m landing_err=0.1461m ik_ok=Y ik_resid=0.0008m q_max_resid_deg=14.58 target_changed=Y retgt=N held_idx=1 held_cost=73078.81 won_cost=73078.81 margin=+0.00 won_src=prev_repos held_valid=Y reason=hold setpoint_to_ptarget=nanm finished_val=nanm finished_thresh=0.0200m pd_resid=nanm nextwp_to_ptarget=nanm guide_terminal_err=nanm
[GATE-EVOLVE] step=26 curr=72281.91 best_other=73078.81 ratio=0.9891 ee_to_optimal=0.0748m phi=0.0306m
[STAGE-A-TRACE] step=26 sim_t=0.260 mode=free phi=0.03061 box_xy=+0.00000,+0.00000 lam_n_ee_box=nan qy=+0.00001 qz=+0.00000 finished_repos=0
[DRAKE-CONTACT] step=26 n_pairs=1 ee_box_normal=0.000
[GATE-CONTACT] step=26 F_W=(+0.0000,+0.0000,+0.0000) F_on_box=(-0.0000,-0.0000,-0.0000) n_face_out=(-0.0000,-0.0000,-0.0000) A_is_ee=0 box_q=(+1.00000,-0.00001,+0.00001,+0.00000) box_p=(+0.00000,+0.00000,+0.04999) ee_p=(+0.00021,-0.00094,+0.15560)
[CONTACT-ELEM] step=77 element=manipulated_object::collision phi=+0.0288m
[ADMM-C3+] primal: 14.9314->11.0815  dual: 1464.7886->385.7934  mono=False  iters=25/25  rho=25.0
[ADMM-C3+] WARNING non-converged: pr=11.0815 dr=385.7934 tol=1e-03
[MATH.δ-C3+] Bui 2026 eq (12) projection results (N=20 × 12 λ-components):
[MATH.δ-C3+]   case 1 (η wins, λ→0):     110
[MATH.δ-C3+]   case 2 (λ wins, η→0):     80
[MATH.δ-C3+]   case 3 (both zero):       50
[MATH.δ-C3+] First step k=0, component 0:
[MATH.δ-C3+]   pre:  λ°=0.1461, η°=-79.2291
[MATH.δ-C3+]   post: δ_λ=0.1461, δ_η=0.0000
[MATH.ω-C3+] ω update: ω += (z-δ), over 25 ADMM iters
[MATH.ω-C3+] ||ω||=496.1831, ||z-δ||_max=3.6743  (scale differs from C3 — ω carries η-block residuals too)
[MATH.ω-C3+] ρ decision: primal=11.0815, dual=385.7934, ratio=0.0287 < 0.1 → would halve ρ to 12.5000
[MATH.ω-C3+] Note: adaptive-ρ fires every 10 iters; current max_iter=25
[C3+] step=78 |u[0]|=42.26N u_axis=(+29.39,+30.00,-4.68)N λ_n_max=1.590 η_n_max=0.969 primal=11.081 iters=25/25 lcp_res_max=1.70e-06
[ADMIT-GUARD] step=27 admit_active=1 latch=0/0 ee_z=0.154 gate_cap=0
[ALT-GATE] step=27 target_stable=0/0 allow_descent=1
[GS-tgt] step=27 ee=(+0.000,-0.001,+0.154) p_repos=(-0.023,-0.080,+0.030) ee_to_target=0.149m target_label=prev_repos target_changed=N delta=0.000m
[GS] step=27 mode=free switch=kStayInRepos best_k=0 best_src=prev_repos curr_cost=72932.70 repos_cost=73076.68 best_other=73076.68 met_progress=Y steps_since_improve=25 switches=0
[STEP] step=27 mode=free t=0.270s ee=(+0.000,-0.001,+0.154) obj=(+0.000,+0.000,+0.050) goal_dist=0.300m switch=kStayInRepos target=(+0.000,-0.001,+0.153) ee_stride=0.001m ee_to_ptarget=0.149m landing_err=0.1421m ik_ok=Y ik_resid=0.0007m q_max_resid_deg=14.46 target_changed=Y retgt=N held_idx=1 held_cost=73076.68 won_cost=73076.68 margin=+0.00 won_src=prev_repos held_valid=Y reason=hold setpoint_to_ptarget=nanm finished_val=nanm finished_thresh=0.0200m pd_resid=nanm nextwp_to_ptarget=nanm guide_terminal_err=nanm
[GATE-EVOLVE] step=27 curr=72932.70 best_other=73076.68 ratio=0.9980 ee_to_optimal=0.0748m phi=0.0288m
[STAGE-A-TRACE] step=27 sim_t=0.270 mode=free phi=0.02879 box_xy=+0.00000,+0.00000 lam_n_ee_box=nan qy=+0.00001 qz=+0.00000 finished_repos=0
[DRAKE-CONTACT] step=27 n_pairs=1 ee_box_normal=0.000
[GATE-CONTACT] step=27 F_W=(+0.0000,+0.0000,+0.0000) F_on_box=(-0.0000,-0.0000,-0.0000) n_face_out=(-0.0000,-0.0000,-0.0000) A_is_ee=0 box_q=(+1.00000,-0.00001,+0.00001,+0.00000) box_p=(+0.00000,+0.00000,+0.04999) ee_p=(+0.00021,-0.00094,+0.15378)
[CONTACT-ELEM] step=80 element=manipulated_object::collision phi=+0.0270m
[ADMM-C3+] primal: 14.9573->63.8057  dual: 1461.3612->1189.5655  mono=False  iters=25/25  rho=25.0
[ADMM-C3+] WARNING non-converged: pr=63.8057 dr=1189.5655 tol=1e-03
[MATH.δ-C3+] Bui 2026 eq (12) projection results (N=20 × 12 λ-components):
[MATH.δ-C3+]   case 1 (η wins, λ→0):     116
[MATH.δ-C3+]   case 2 (λ wins, η→0):     81
[MATH.δ-C3+]   case 3 (both zero):       43
[MATH.δ-C3+] First step k=0, component 0:
[MATH.δ-C3+]   pre:  λ°=0.1461, η°=-78.1836
[MATH.δ-C3+]   post: δ_λ=0.1461, δ_η=0.0000
[MATH.ω-C3+] ω update: ω += (z-δ), over 25 ADMM iters
[MATH.ω-C3+] ||ω||=484.1595, ||z-δ||_max=19.7087  (scale differs from C3 — ω carries η-block residuals too)
[MATH.ω-C3+] ρ decision: primal=63.8057, dual=1.1896e+03, ratio=0.0536 < 0.1 → would halve ρ to 12.5000
[MATH.ω-C3+] Note: adaptive-ρ fires every 10 iters; current max_iter=25
[C3+] step=81 |u[0]|=42.71N u_axis=(+30.00,+30.00,-4.95)N λ_n_max=3.067 η_n_max=2.064 primal=63.806 iters=25/25 lcp_res_max=inf
[ADMIT-GUARD] step=28 admit_active=1 latch=0/0 ee_z=0.152 gate_cap=0
[ALT-GATE] step=28 target_stable=0/0 allow_descent=1
[GS-tgt] step=28 ee=(+0.000,-0.001,+0.152) p_repos=(-0.023,-0.080,+0.030) ee_to_target=0.147m target_label=prev_repos target_changed=N delta=0.000m
[GS] step=28 mode=free switch=kStayInRepos best_k=1 best_src=prev_repos curr_cost=75667.55 repos_cost=73080.56 best_other=73080.56 met_progress=Y steps_since_improve=26 switches=0
[STEP] step=28 mode=free t=0.280s ee=(+0.000,-0.001,+0.152) obj=(+0.000,+0.000,+0.050) goal_dist=0.300m switch=kStayInRepos target=(+0.000,-0.001,+0.151) ee_stride=0.001m ee_to_ptarget=0.147m landing_err=0.1381m ik_ok=Y ik_resid=0.0006m q_max_resid_deg=14.33 target_changed=Y retgt=N held_idx=1 held_cost=73080.56 won_cost=73080.56 margin=+0.00 won_src=prev_repos held_valid=Y reason=hold setpoint_to_ptarget=nanm finished_val=nanm finished_thresh=0.0200m pd_resid=nanm nextwp_to_ptarget=nanm guide_terminal_err=nanm
[GATE-EVOLVE] step=28 curr=75667.55 best_other=73080.56 ratio=1.0354 ee_to_optimal=0.0748m phi=0.0270m
[STAGE-A-TRACE] step=28 sim_t=0.280 mode=free phi=0.02698 box_xy=+0.00000,+0.00000 lam_n_ee_box=nan qy=+0.00001 qz=+0.00000 finished_repos=0
[DRAKE-CONTACT] step=28 n_pairs=1 ee_box_normal=0.000
[GATE-CONTACT] step=28 F_W=(+0.0000,+0.0000,+0.0000) F_on_box=(-0.0000,-0.0000,-0.0000) n_face_out=(-0.0000,-0.0000,-0.0000) A_is_ee=0 box_q=(+1.00000,-0.00001,+0.00001,+0.00000) box_p=(+0.00000,+0.00000,+0.04999) ee_p=(+0.00021,-0.00094,+0.15197)
[CONTACT-ELEM] step=83 element=manipulated_object::collision phi=+0.0252m
[ADMM-C3+] primal: 14.9890->7.6273  dual: 1458.4975->287.7036  mono=False  iters=25/25  rho=25.0
[ADMM-C3+] WARNING non-converged: pr=7.6273 dr=287.7036 tol=1e-03
[MATH.δ-C3+] Bui 2026 eq (12) projection results (N=20 × 12 λ-components):
[MATH.δ-C3+]   case 1 (η wins, λ→0):     115
[MATH.δ-C3+]   case 2 (λ wins, η→0):     76
[MATH.δ-C3+]   case 3 (both zero):       49
[MATH.δ-C3+] First step k=0, component 0:
[MATH.δ-C3+]   pre:  λ°=0.1461, η°=-78.7417
[MATH.δ-C3+]   post: δ_λ=0.1461, δ_η=0.0000
[MATH.ω-C3+] ω update: ω += (z-δ), over 25 ADMM iters
[MATH.ω-C3+] ||ω||=489.6424, ||z-δ||_max=1.3417  (scale differs from C3 — ω carries η-block residuals too)
[MATH.ω-C3+] ρ decision: primal=7.6273, dual=287.7036, ratio=0.0265 < 0.1 → would halve ρ to 12.5000
[MATH.ω-C3+] Note: adaptive-ρ fires every 10 iters; current max_iter=25
[C3+] step=84 |u[0]|=42.69N u_axis=(+30.00,+30.00,-4.76)N λ_n_max=1.415 η_n_max=0.748 primal=7.627 iters=25/25 lcp_res_max=2.23e-06
[ADMIT-GUARD] step=29 admit_active=1 latch=0/0 ee_z=0.150 gate_cap=0
[ALT-GATE] step=29 target_stable=0/0 allow_descent=1
[GS-tgt] step=29 ee=(+0.000,-0.001,+0.150) p_repos=(-0.023,-0.080,+0.030) ee_to_target=0.146m target_label=prev_repos target_changed=N delta=0.000m
[GS] step=29 mode=free switch=kStayInRepos best_k=1 best_src=prev_repos curr_cost=74607.77 repos_cost=73081.62 best_other=73081.62 met_progress=Y steps_since_improve=27 switches=0
[STEP] step=29 mode=free t=0.290s ee=(+0.000,-0.001,+0.150) obj=(+0.000,+0.000,+0.050) goal_dist=0.300m switch=kStayInRepos target=(+0.000,-0.001,+0.150) ee_stride=0.000m ee_to_ptarget=0.146m landing_err=0.1341m ik_ok=Y ik_resid=0.0006m q_max_resid_deg=14.20 target_changed=Y retgt=N held_idx=1 held_cost=73081.62 won_cost=73081.62 margin=+0.00 won_src=prev_repos held_valid=Y reason=hold setpoint_to_ptarget=nanm finished_val=nanm finished_thresh=0.0200m pd_resid=nanm nextwp_to_ptarget=nanm guide_terminal_err=nanm
[GATE-EVOLVE] step=29 curr=74607.77 best_other=73081.62 ratio=1.0209 ee_to_optimal=0.0748m phi=0.0252m
[STAGE-A-TRACE] step=29 sim_t=0.290 mode=free phi=0.02517 box_xy=+0.00000,+0.00000 lam_n_ee_box=nan qy=+0.00001 qz=-0.00000 finished_repos=0
[DRAKE-CONTACT] step=29 n_pairs=1 ee_box_normal=0.000
[GATE-CONTACT] step=29 F_W=(+0.0000,+0.0000,+0.0000) F_on_box=(-0.0000,-0.0000,-0.0000) n_face_out=(-0.0000,-0.0000,-0.0000) A_is_ee=0 box_q=(+1.00000,-0.00001,+0.00001,-0.00000) box_p=(+0.00000,+0.00000,+0.04999) ee_p=(+0.00021,-0.00094,+0.15016)
[CONTACT-ELEM] step=86 element=manipulated_object::collision phi=+0.0237m
[ADMM-C3+] primal: 15.9485->44.2069  dual: 1530.5796->792.5291  mono=False  iters=25/25  rho=25.0
[ADMM-C3+] WARNING non-converged: pr=44.2069 dr=792.5291 tol=1e-03
[MATH.δ-C3+] Bui 2026 eq (12) projection results (N=20 × 12 λ-components):
[MATH.δ-C3+]   case 1 (η wins, λ→0):     114
[MATH.δ-C3+]   case 2 (λ wins, η→0):     77
[MATH.δ-C3+]   case 3 (both zero):       49
[MATH.δ-C3+] First step k=0, component 0:
[MATH.δ-C3+]   pre:  λ°=0.1461, η°=-78.9790
[MATH.δ-C3+]   post: δ_λ=0.1461, δ_η=0.0000
[MATH.ω-C3+] ω update: ω += (z-δ), over 25 ADMM iters
[MATH.ω-C3+] ||ω||=479.6751, ||z-δ||_max=15.6714  (scale differs from C3 — ω carries η-block residuals too)
[MATH.ω-C3+] ρ decision: primal=44.2069, dual=792.5291, ratio=0.0558 < 0.1 → would halve ρ to 12.5000
[MATH.ω-C3+] Note: adaptive-ρ fires every 10 iters; current max_iter=25
[C3+] step=87 |u[0]|=42.73N u_axis=(+30.00,+30.00,-5.12)N λ_n_max=1.681 η_n_max=1.997 primal=44.207 iters=25/25 lcp_res_max=2.91e-06
[ADMIT-GUARD] step=30 admit_active=1 latch=0/0 ee_z=0.149 gate_cap=0
[ALT-GATE] step=30 target_stable=0/0 allow_descent=1
[GS-tgt] step=30 ee=(+0.000,-0.001,+0.149) p_repos=(-0.023,-0.080,+0.030) ee_to_target=0.144m target_label=prev_repos target_changed=N delta=0.000m
[IMP] step=30 mode=free |x_err|=0.0019m |tau_imp|=33.62Nm |tau_ff|=0.00Nm |tau_out|=33.62Nm sat=False lam_n=False lam_t=False
[GS] step=30 mode=free switch=kStayInRepos best_k=1 best_src=prev_repos curr_cost=74405.70 repos_cost=73122.94 best_other=73122.94 met_progress=Y steps_since_improve=28 switches=0
[STEP] step=30 mode=free t=0.300s ee=(+0.000,-0.001,+0.149) obj=(+0.000,+0.000,+0.050) goal_dist=0.300m switch=kStayInRepos target=(-0.000,-0.003,+0.150) ee_stride=0.002m ee_to_ptarget=0.144m landing_err=0.1301m ik_ok=Y ik_resid=0.0005m q_max_resid_deg=13.99 target_changed=Y retgt=N held_idx=1 held_cost=73122.94 won_cost=73122.94 margin=+0.00 won_src=prev_repos held_valid=Y reason=hold setpoint_to_ptarget=nanm finished_val=nanm finished_thresh=0.0200m pd_resid=nanm nextwp_to_ptarget=nanm guide_terminal_err=nanm
[GATE-EVOLVE] step=30 curr=74405.70 best_other=73122.94 ratio=1.0175 ee_to_optimal=0.0749m phi=0.0237m
[STAGE-A-TRACE] step=30 sim_t=0.300 mode=free phi=0.02370 box_xy=+0.00000,+0.00000 lam_n_ee_box=nan qy=+0.00001 qz=-0.00000 finished_repos=0
[DRAKE-CONTACT] step=30 n_pairs=1 ee_box_normal=0.000
[GATE-CONTACT] step=30 F_W=(+0.0000,+0.0000,+0.0000) F_on_box=(-0.0000,-0.0000,-0.0000) n_face_out=(-0.0000,-0.0000,-0.0000) A_is_ee=0 box_q=(+1.00000,-0.00001,+0.00001,-0.00000) box_p=(+0.00000,+0.00000,+0.04999) ee_p=(+0.00009,-0.00124,+0.14869)
[PERSIST] step=31 refresh n_strategy=1 samples=[(0.0459, 0.08, 0.03)]
[CONTACT-ELEM] step=89 element=manipulated_object::collision phi=+0.0228m
[ADMM-C3+] primal: 18.5702->24.4121  dual: 1729.4868->387.7751  mono=False  iters=25/25  rho=25.0
[ADMM-C3+] WARNING non-converged: pr=24.4121 dr=387.7751 tol=1e-03
[MATH.QP-C3+] Minimizing: (1/2) z^T P z + q^T z  (z augmented with η)
[MATH.QP-C3+]   s.t. A_eq z = b_eq  (639 rows = x_0 fixation + 20 dynamics + 240 η-slack rows; slack-equality block ADDED)
[MATH.QP-C3+]        bbox: λ_n ≥ 0, |u| ≤ 30.0 N (EE force)  (η is unbounded — sign enforced via projection eq 12)
[MATH.QP-C3+] P shape=(939,939), symmetric=True, pos-semidef=True, cond(P)=4.0000e+05
[MATH.QP-C3+] q norm=3.9827e+05
[MATH.QP-C3+] Augmented term: (ρ/2) Σ ||z-δ+ω||^2_G  ρ=25.0000  (G=I in v1: u_λ=u_η=1)
[MATH.QP-C3+] Soft complementarity: w_comp=0.0000  (C3+ disables it — η equality replaces the linear penalty)
[MATH.QP-C3+] OSQP status: solved, iters=150, solve time=9.21ms
[MATH.δ-C3+] Bui 2026 eq (12) projection results (N=20 × 12 λ-components):
[MATH.δ-C3+]   case 1 (η wins, λ→0):     110
[MATH.δ-C3+]   case 2 (λ wins, η→0):     84
[MATH.δ-C3+]   case 3 (both zero):       46
[MATH.δ-C3+] First step k=0, component 0:
[MATH.δ-C3+]   pre:  λ°=0.1461, η°=-79.9279
[MATH.δ-C3+]   post: δ_λ=0.1461, δ_η=0.0000
[MATH.ω-C3+] ω update: ω += (z-δ), over 25 ADMM iters
[MATH.ω-C3+] ||ω||=491.3344, ||z-δ||_max=10.5864  (scale differs from C3 — ω carries η-block residuals too)
[MATH.ω-C3+] ρ decision: primal=24.4121, dual=387.7751, ratio=0.0630 < 0.1 → would halve ρ to 12.5000
[MATH.ω-C3+] Note: adaptive-ρ fires every 10 iters; current max_iter=25
[C3+] step=90 |u[0]|=42.76N u_axis=(+30.00,+30.00,-5.35)N λ_n_max=2.389 η_n_max=0.927 primal=24.412 iters=25/25 lcp_res_max=2.78e-06
[ADMIT-GUARD] step=31 admit_active=1 latch=0/0 ee_z=0.148 gate_cap=0
[ALT-GATE] step=31 target_stable=0/0 allow_descent=1
[GS-tgt] step=31 ee=(-0.000,-0.002,+0.148) p_repos=(-0.023,-0.080,+0.030) ee_to_target=0.143m target_label=prev_repos target_changed=N delta=0.000m
[GS] step=31 mode=free switch=kStayInRepos best_k=1 best_src=prev_repos curr_cost=76454.65 repos_cost=72973.57 best_other=72973.57 met_progress=Y steps_since_improve=29 switches=0
[STEP] step=31 mode=free t=0.310s ee=(-0.000,-0.002,+0.148) obj=(+0.000,+0.000,+0.050) goal_dist=0.300m switch=kStayInRepos target=(-0.001,-0.004,+0.150) ee_stride=0.003m ee_to_ptarget=0.143m landing_err=0.1261m ik_ok=Y ik_resid=0.0004m q_max_resid_deg=13.67 target_changed=Y retgt=N held_idx=1 held_cost=72973.57 won_cost=72973.57 margin=+0.00 won_src=prev_repos held_valid=Y reason=hold setpoint_to_ptarget=nanm finished_val=nanm finished_thresh=0.0200m pd_resid=nanm nextwp_to_ptarget=nanm guide_terminal_err=nanm
[GATE-EVOLVE] step=31 curr=76454.65 best_other=72973.57 ratio=1.0477 ee_to_optimal=0.0752m phi=0.0228m
[STAGE-A-TRACE] step=31 sim_t=0.310 mode=free phi=0.02277 box_xy=+0.00000,+0.00000 lam_n_ee_box=nan qy=+0.00001 qz=-0.00000 finished_repos=0
[DRAKE-CONTACT] step=31 n_pairs=1 ee_box_normal=0.000
[GATE-CONTACT] step=31 F_W=(+0.0000,+0.0000,+0.0000) F_on_box=(-0.0000,-0.0000,-0.0000) n_face_out=(-0.0000,-0.0000,-0.0000) A_is_ee=0 box_q=(+1.00000,-0.00001,+0.00001,-0.00000) box_p=(+0.00000,+0.00000,+0.04999) ee_p=(-0.00022,-0.00202,+0.14776)
[CONTACT-ELEM] step=92 element=manipulated_object::collision phi=+0.0222m
[ADMM-C3+] primal: 22.1879->15.2671  dual: 1994.0009->343.4795  mono=False  iters=25/25  rho=25.0
[ADMM-C3+] WARNING non-converged: pr=15.2671 dr=343.4795 tol=1e-03
[MATH.δ-C3+] Bui 2026 eq (12) projection results (N=20 × 12 λ-components):
[MATH.δ-C3+]   case 1 (η wins, λ→0):     103
[MATH.δ-C3+]   case 2 (λ wins, η→0):     88
[MATH.δ-C3+]   case 3 (both zero):       49
[MATH.δ-C3+] First step k=0, component 0:
[MATH.δ-C3+]   pre:  λ°=0.1461, η°=-81.5018
[MATH.δ-C3+]   post: δ_λ=0.1461, δ_η=0.0000
[MATH.ω-C3+] ω update: ω += (z-δ), over 25 ADMM iters
[MATH.ω-C3+] ||ω||=507.1339, ||z-δ||_max=5.8759  (scale differs from C3 — ω carries η-block residuals too)
[MATH.ω-C3+] ρ decision: primal=15.2671, dual=343.4795, ratio=0.0444 < 0.1 → would halve ρ to 12.5000
[MATH.ω-C3+] Note: adaptive-ρ fires every 10 iters; current max_iter=25
[C3+] step=93 |u[0]|=42.79N u_axis=(+30.00,+30.00,-5.57)N λ_n_max=1.676 η_n_max=0.854 primal=15.267 iters=25/25 lcp_res_max=2.32e-06
[ADMIT-GUARD] step=32 admit_active=1 latch=0/0 ee_z=0.147 gate_cap=0
[ALT-GATE] step=32 target_stable=0/0 allow_descent=1
[GS-tgt] step=32 ee=(-0.001,-0.003,+0.147) p_repos=(+0.046,+0.080,+0.030) ee_to_target=0.151m target_label=strat_0 target_changed=Y delta=0.174m
[STAGE-A-PWL] step=32 sim_t=0.320 build p_start=(-0.0006,-0.0032,+0.1472) p_target=(+0.0459,+0.0800,+0.0300) K=4 t_end=1.532
[GS] step=32 mode=free switch=kStayInRepos best_k=2 best_src=strat_0 curr_cost=75571.76 repos_cost=72481.56 best_other=72481.56 met_progress=Y steps_since_improve=30 switches=0
[STEP] step=32 mode=free t=0.320s ee=(-0.001,-0.003,+0.147) obj=(+0.000,+0.000,+0.050) goal_dist=0.300m switch=kStayInRepos target=(-0.001,-0.003,+0.147) ee_stride=0.000m ee_to_ptarget=0.151m landing_err=0.1486m ik_ok=Y ik_resid=0.0002m q_max_resid_deg=0.59 target_changed=Y retgt=Y held_idx=1 held_cost=72486.24 won_cost=72481.56 margin=+4.68 won_src=strat_0 held_valid=Y reason=noise_flip setpoint_to_ptarget=nanm finished_val=nanm finished_thresh=0.0200m pd_resid=nanm nextwp_to_ptarget=nanm guide_terminal_err=nanm
[GATE-EVOLVE] step=32 curr=75571.76 best_other=72481.56 ratio=1.0426 ee_to_optimal=0.0757m phi=0.0222m
[STAGE-A-TRACE] step=32 sim_t=0.320 mode=free phi=0.02222 box_xy=+0.00000,+0.00000 lam_n_ee_box=nan qy=+0.00001 qz=-0.00000 finished_repos=0
[DRAKE-CONTACT] step=32 n_pairs=1 ee_box_normal=0.000
[GATE-CONTACT] step=32 F_W=(+0.0000,+0.0000,+0.0000) F_on_box=(-0.0000,-0.0000,-0.0000) n_face_out=(-0.0000,-0.0000,-0.0000) A_is_ee=0 box_q=(+1.00000,-0.00001,+0.00001,-0.00000) box_p=(+0.00000,+0.00000,+0.04999) ee_p=(-0.00064,-0.00316,+0.14722)
[CONTACT-ELEM] step=95 element=manipulated_object::collision phi=+0.0223m
[ADMM-C3+] primal: 24.5804->9.8868  dual: 2168.5914->185.5224  mono=False  iters=25/25  rho=25.0
[ADMM-C3+] WARNING non-converged: pr=9.8868 dr=185.5224 tol=1e-03
[MATH.δ-C3+] Bui 2026 eq (12) projection results (N=20 × 12 λ-components):
[MATH.δ-C3+]   case 1 (η wins, λ→0):     104
[MATH.δ-C3+]   case 2 (λ wins, η→0):     82
[MATH.δ-C3+]   case 3 (both zero):       54
[MATH.δ-C3+] First step k=0, component 0:
[MATH.δ-C3+]   pre:  λ°=0.1461, η°=-82.9246
[MATH.δ-C3+]   post: δ_λ=0.1461, δ_η=0.0000
[MATH.ω-C3+] ω update: ω += (z-δ), over 25 ADMM iters
[MATH.ω-C3+] ||ω||=531.8123, ||z-δ||_max=3.4180  (scale differs from C3 — ω carries η-block residuals too)
[MATH.ω-C3+] ρ decision: primal=9.8868, dual=185.5224, ratio=0.0533 < 0.1 → would halve ρ to 12.5000
[MATH.ω-C3+] Note: adaptive-ρ fires every 10 iters; current max_iter=25
[C3+] step=96 |u[0]|=42.85N u_axis=(+30.00,+30.00,-6.02)N λ_n_max=3.086 η_n_max=1.061 primal=9.887 iters=25/25 lcp_res_max=3.07e-06
[ADMIT-GUARD] step=33 admit_active=1 latch=0/0 ee_z=0.147 gate_cap=0
[ALT-GATE] step=33 target_stable=0/0 allow_descent=1
[GS-tgt] step=33 ee=(-0.001,-0.004,+0.147) p_repos=(+0.046,+0.080,+0.030) ee_to_target=0.152m target_label=prev_repos target_changed=N delta=0.000m
[GS] step=33 mode=free switch=kStayInRepos best_k=1 best_src=prev_repos curr_cost=79080.48 repos_cost=70859.48 best_other=70859.48 met_progress=Y steps_since_improve=31 switches=0
[STEP] step=33 mode=free t=0.330s ee=(-0.001,-0.004,+0.147) obj=(+0.000,+0.000,+0.050) goal_dist=0.300m switch=kStayInRepos target=(-0.001,-0.003,+0.149) ee_stride=0.002m ee_to_ptarget=0.152m landing_err=0.1462m ik_ok=Y ik_resid=0.0004m q_max_resid_deg=1.35 target_changed=Y retgt=N held_idx=1 held_cost=70859.48 won_cost=70859.48 margin=+0.00 won_src=prev_repos held_valid=Y reason=hold setpoint_to_ptarget=nanm finished_val=nanm finished_thresh=0.0200m pd_resid=nanm nextwp_to_ptarget=nanm guide_terminal_err=nanm
[GATE-EVOLVE] step=33 curr=79080.48 best_other=70859.48 ratio=1.1160 ee_to_optimal=0.0761m phi=0.0223m
[STAGE-A-TRACE] step=33 sim_t=0.330 mode=free phi=0.02230 box_xy=+0.00000,+0.00000 lam_n_ee_box=nan qy=+0.00001 qz=-0.00000 finished_repos=0
[DRAKE-CONTACT] step=33 n_pairs=1 ee_box_normal=0.000
[GATE-CONTACT] step=33 F_W=(+0.0000,+0.0000,+0.0000) F_on_box=(-0.0000,-0.0000,-0.0000) n_face_out=(-0.0000,-0.0000,-0.0000) A_is_ee=0 box_q=(+1.00000,-0.00001,+0.00001,-0.00000) box_p=(+0.00000,+0.00000,+0.04999) ee_p=(-0.00100,-0.00417,+0.14729)
[CONTACT-ELEM] step=98 element=manipulated_object::collision phi=+0.0231m
[ADMM-C3+] primal: 25.5614->6.8903  dual: 2244.7639->144.0173  mono=False  iters=25/25  rho=25.0
[ADMM-C3+] WARNING non-converged: pr=6.8903 dr=144.0173 tol=1e-03
[MATH.δ-C3+] Bui 2026 eq (12) projection results (N=20 × 12 λ-components):
[MATH.δ-C3+]   case 1 (η wins, λ→0):     97
[MATH.δ-C3+]   case 2 (λ wins, η→0):     96
[MATH.δ-C3+]   case 3 (both zero):       47
[MATH.δ-C3+] First step k=0, component 0:
[MATH.δ-C3+]   pre:  λ°=0.1461, η°=-83.1089
[MATH.δ-C3+]   post: δ_λ=0.1461, δ_η=0.0000
[MATH.ω-C3+] ω update: ω += (z-δ), over 25 ADMM iters
[MATH.ω-C3+] ||ω||=504.3303, ||z-δ||_max=1.2268  (scale differs from C3 — ω carries η-block residuals too)
[MATH.ω-C3+] ρ decision: primal=6.8903, dual=144.0173, ratio=0.0478 < 0.1 → would halve ρ to 12.5000
[MATH.ω-C3+] Note: adaptive-ρ fires every 10 iters; current max_iter=25
[C3+] step=99 |u[0]|=42.83N u_axis=(+30.00,+30.00,-5.86)N λ_n_max=1.305 η_n_max=0.627 primal=6.890 iters=25/25 lcp_res_max=2.45e-06
[ADMIT-GUARD] step=34 admit_active=1 latch=0/0 ee_z=0.148 gate_cap=0
[ALT-GATE] step=34 target_stable=0/0 allow_descent=1
[GS-tgt] step=34 ee=(-0.001,-0.005,+0.148) p_repos=(+0.046,+0.080,+0.030) ee_to_target=0.153m target_label=prev_repos target_changed=N delta=0.000m
[GS] step=34 mode=free switch=kStayInRepos best_k=1 best_src=prev_repos curr_cost=75709.76 repos_cost=69249.06 best_other=69249.06 met_progress=Y steps_since_improve=32 switches=0
[STEP] step=34 mode=free t=0.340s ee=(-0.001,-0.005,+0.148) obj=(+0.000,+0.000,+0.050) goal_dist=0.300m switch=kStayInRepos target=(-0.000,-0.002,+0.150) ee_stride=0.003m ee_to_ptarget=0.153m landing_err=0.1438m ik_ok=Y ik_resid=0.0007m q_max_resid_deg=2.08 target_changed=Y retgt=N held_idx=1 held_cost=69249.06 won_cost=69249.06 margin=+0.00 won_src=prev_repos held_valid=Y reason=hold setpoint_to_ptarget=nanm finished_val=nanm finished_thresh=0.0200m pd_resid=nanm nextwp_to_ptarget=nanm guide_terminal_err=nanm
[GATE-EVOLVE] step=34 curr=75709.76 best_other=69249.06 ratio=1.0933 ee_to_optimal=0.0764m phi=0.0231m
[STAGE-A-TRACE] step=34 sim_t=0.340 mode=free phi=0.02309 box_xy=+0.00000,+0.00000 lam_n_ee_box=nan qy=+0.00001 qz=-0.00000 finished_repos=0
[DRAKE-CONTACT] step=34 n_pairs=1 ee_box_normal=0.000
[GATE-CONTACT] step=34 F_W=(+0.0000,+0.0000,+0.0000) F_on_box=(-0.0000,-0.0000,-0.0000) n_face_out=(-0.0000,-0.0000,-0.0000) A_is_ee=0 box_q=(+1.00000,-0.00001,+0.00001,-0.00000) box_p=(+0.00000,+0.00000,+0.04999) ee_p=(-0.00122,-0.00475,+0.14808)
[CONTACT-ELEM] step=101 element=manipulated_object::collision phi=+0.0240m
[ADMM-C3+] primal: 25.7940->7.9606  dual: 2265.7518->210.0955  mono=False  iters=25/25  rho=25.0
[ADMM-C3+] WARNING non-converged: pr=7.9606 dr=210.0955 tol=1e-03
[MATH.δ-C3+] Bui 2026 eq (12) projection results (N=20 × 12 λ-components):
[MATH.δ-C3+]   case 1 (η wins, λ→0):     98
[MATH.δ-C3+]   case 2 (λ wins, η→0):     89
[MATH.δ-C3+]   case 3 (both zero):       53
[MATH.δ-C3+] First step k=0, component 0:
[MATH.δ-C3+]   pre:  λ°=0.1461, η°=-83.6582
[MATH.δ-C3+]   post: δ_λ=0.1461, δ_η=0.0000
[MATH.ω-C3+] ω update: ω += (z-δ), over 25 ADMM iters
[MATH.ω-C3+] ||ω||=522.7060, ||z-δ||_max=1.5828  (scale differs from C3 — ω carries η-block residuals too)
[MATH.ω-C3+] ρ decision: primal=7.9606, dual=210.0955, ratio=0.0379 < 0.1 → would halve ρ to 12.5000
[MATH.ω-C3+] Note: adaptive-ρ fires every 10 iters; current max_iter=25
[C3+] step=102 |u[0]|=42.87N u_axis=(+30.00,+30.00,-6.14)N λ_n_max=2.162 η_n_max=0.826 primal=7.961 iters=25/25 lcp_res_max=2.62e-06
[ADMIT-GUARD] step=35 admit_active=1 latch=0/0 ee_z=0.149 gate_cap=0
[ALT-GATE] step=35 target_stable=0/0 allow_descent=1
[GS-tgt] step=35 ee=(-0.001,-0.005,+0.149) p_repos=(+0.046,+0.080,+0.030) ee_to_target=0.153m target_label=prev_repos target_changed=N delta=0.000m
[GS] step=35 mode=free switch=kStayInRepos best_k=1 best_src=prev_repos curr_cost=77704.42 repos_cost=69021.66 best_other=69021.66 met_progress=Y steps_since_improve=33 switches=0
[STEP] step=35 mode=free t=0.350s ee=(-0.001,-0.005,+0.149) obj=(+0.000,+0.000,+0.050) goal_dist=0.300m switch=kStayInRepos target=(+0.001,-0.001,+0.150) ee_stride=0.004m ee_to_ptarget=0.153m landing_err=0.1415m ik_ok=Y ik_resid=0.0000m q_max_resid_deg=2.88 target_changed=Y retgt=N held_idx=1 held_cost=69021.66 won_cost=69021.66 margin=+0.00 won_src=prev_repos held_valid=Y reason=hold setpoint_to_ptarget=nanm finished_val=nanm finished_thresh=0.0200m pd_resid=nanm nextwp_to_ptarget=nanm guide_terminal_err=nanm
[GATE-EVOLVE] step=35 curr=77704.42 best_other=69021.66 ratio=1.1258 ee_to_optimal=0.0763m phi=0.0240m
[STAGE-A-TRACE] step=35 sim_t=0.350 mode=free phi=0.02401 box_xy=+0.00000,+0.00000 lam_n_ee_box=nan qy=+0.00001 qz=-0.00000 finished_repos=0
[DRAKE-CONTACT] step=35 n_pairs=1 ee_box_normal=0.000
[GATE-CONTACT] step=35 F_W=(+0.0000,+0.0000,+0.0000) F_on_box=(-0.0000,-0.0000,-0.0000) n_face_out=(-0.0000,-0.0000,-0.0000) A_is_ee=0 box_q=(+1.00000,-0.00001,+0.00001,-0.00000) box_p=(+0.00000,+0.00000,+0.04999) ee_p=(-0.00112,-0.00477,+0.14900)
[CONTACT-ELEM] step=104 element=manipulated_object::collision phi=+0.0247m
[ADMM-C3+] primal: 25.4714->8.6733  dual: 2242.0865->203.0845  mono=False  iters=25/25  rho=25.0
[ADMM-C3+] WARNING non-converged: pr=8.6733 dr=203.0845 tol=1e-03
[MATH.δ-C3+] Bui 2026 eq (12) projection results (N=20 × 12 λ-components):
[MATH.δ-C3+]   case 1 (η wins, λ→0):     100
[MATH.δ-C3+]   case 2 (λ wins, η→0):     91
[MATH.δ-C3+]   case 3 (both zero):       49
[MATH.δ-C3+] First step k=0, component 0:
[MATH.δ-C3+]   pre:  λ°=0.1461, η°=-82.7142
[MATH.δ-C3+]   post: δ_λ=0.1461, δ_η=0.0000
[MATH.ω-C3+] ω update: ω += (z-δ), over 25 ADMM iters
[MATH.ω-C3+] ||ω||=510.9268, ||z-δ||_max=2.4610  (scale differs from C3 — ω carries η-block residuals too)
[MATH.ω-C3+] ρ decision: primal=8.6733, dual=203.0845, ratio=0.0427 < 0.1 → would halve ρ to 12.5000
[MATH.ω-C3+] Note: adaptive-ρ fires every 10 iters; current max_iter=25
[C3+] step=105 |u[0]|=42.88N u_axis=(+30.00,+30.00,-6.19)N λ_n_max=3.533 η_n_max=0.904 primal=8.673 iters=25/25 lcp_res_max=2.57e-06
[ADMIT-GUARD] step=36 admit_active=1 latch=0/0 ee_z=0.150 gate_cap=0
[ALT-GATE] step=36 target_stable=0/0 allow_descent=1
[GS-tgt] step=36 ee=(-0.001,-0.004,+0.150) p_repos=(+0.046,+0.080,+0.030) ee_to_target=0.154m target_label=prev_repos target_changed=N delta=0.000m
[GS] step=36 mode=free switch=kStayInRepos best_k=1 best_src=prev_repos curr_cost=76907.91 repos_cost=70700.18 best_other=70700.18 met_progress=Y steps_since_improve=34 switches=0
[STEP] step=36 mode=free t=0.360s ee=(-0.001,-0.004,+0.150) obj=(+0.000,+0.000,+0.050) goal_dist=0.300m switch=kStayInRepos target=(+0.002,+0.001,+0.150) ee_stride=0.005m ee_to_ptarget=0.154m landing_err=0.1393m ik_ok=Y ik_resid=0.0001m q_max_resid_deg=3.45 target_changed=Y retgt=N held_idx=1 held_cost=70700.18 won_cost=70700.18 margin=+0.00 won_src=prev_repos held_valid=Y reason=hold setpoint_to_ptarget=nanm finished_val=nanm finished_thresh=0.0200m pd_resid=nanm nextwp_to_ptarget=nanm guide_terminal_err=nanm
[GATE-EVOLVE] step=36 curr=76907.91 best_other=70700.18 ratio=1.0878 ee_to_optimal=0.0758m phi=0.0247m
[STAGE-A-TRACE] step=36 sim_t=0.360 mode=free phi=0.02472 box_xy=+0.00000,+0.00000 lam_n_ee_box=nan qy=+0.00001 qz=-0.00000 finished_repos=0
[DRAKE-CONTACT] step=36 n_pairs=1 ee_box_normal=0.000
[GATE-CONTACT] step=36 F_W=(+0.0000,+0.0000,+0.0000) F_on_box=(-0.0000,-0.0000,-0.0000) n_face_out=(-0.0000,-0.0000,-0.0000) A_is_ee=0 box_q=(+1.00000,-0.00001,+0.00001,-0.00000) box_p=(+0.00000,+0.00000,+0.04999) ee_p=(-0.00064,-0.00416,+0.14971)
[CONTACT-ELEM] step=107 element=manipulated_object::collision phi=+0.0252m
[ADMM-C3+] primal: 24.5590->7.5500  dual: 2170.0557->307.7016  mono=False  iters=25/25  rho=25.0
[ADMM-C3+] WARNING non-converged: pr=7.5500 dr=307.7016 tol=1e-03
[MATH.δ-C3+] Bui 2026 eq (12) projection results (N=20 × 12 λ-components):
[MATH.δ-C3+]   case 1 (η wins, λ→0):     100
[MATH.δ-C3+]   case 2 (λ wins, η→0):     91
[MATH.δ-C3+]   case 3 (both zero):       49
[MATH.δ-C3+] First step k=0, component 0:
[MATH.δ-C3+]   pre:  λ°=0.1461, η°=-82.2591
[MATH.δ-C3+]   post: δ_λ=0.1461, δ_η=0.0000
[MATH.ω-C3+] ω update: ω += (z-δ), over 25 ADMM iters
[MATH.ω-C3+] ||ω||=522.9443, ||z-δ||_max=1.5903  (scale differs from C3 — ω carries η-block residuals too)
[MATH.ω-C3+] ρ decision: primal=7.5500, dual=307.7016, ratio=0.0245 < 0.1 → would halve ρ to 12.5000
[MATH.ω-C3+] Note: adaptive-ρ fires every 10 iters; current max_iter=25
[C3+] step=108 |u[0]|=42.89N u_axis=(+30.00,+30.00,-6.29)N λ_n_max=1.424 η_n_max=0.784 primal=7.550 iters=25/25 lcp_res_max=2.32e-06
[ADMIT-GUARD] step=37 admit_active=1 latch=0/0 ee_z=0.150 gate_cap=0
[ALT-GATE] step=37 target_stable=0/0 allow_descent=1
[GS-tgt] step=37 ee=(+0.000,-0.003,+0.150) p_repos=(+0.046,+0.080,+0.030) ee_to_target=0.153m target_label=prev_repos target_changed=N delta=0.000m
[GS] step=37 mode=free switch=kStayInRepos best_k=1 best_src=prev_repos curr_cost=78465.29 repos_cost=73598.46 best_other=73598.46 met_progress=Y steps_since_improve=35 switches=0
[STEP] step=37 mode=free t=0.370s ee=(+0.000,-0.003,+0.150) obj=(+0.000,+0.000,+0.050) goal_dist=0.300m switch=kStayInRepos target=(+0.002,+0.002,+0.150) ee_stride=0.006m ee_to_ptarget=0.153m landing_err=0.1372m ik_ok=Y ik_resid=0.0001m q_max_resid_deg=3.93 target_changed=Y retgt=N held_idx=1 held_cost=73598.46 won_cost=73598.46 margin=+0.00 won_src=prev_repos held_valid=Y reason=hold setpoint_to_ptarget=nanm finished_val=nanm finished_thresh=0.0200m pd_resid=nanm nextwp_to_ptarget=nanm guide_terminal_err=nanm
[GATE-EVOLVE] step=37 curr=78465.29 best_other=73598.46 ratio=1.0661 ee_to_optimal=0.0750m phi=0.0252m
[STAGE-A-TRACE] step=37 sim_t=0.370 mode=free phi=0.02524 box_xy=+0.00000,+0.00000 lam_n_ee_box=nan qy=+0.00001 qz=-0.00000 finished_repos=0
[DRAKE-CONTACT] step=37 n_pairs=1 ee_box_normal=0.000
[GATE-CONTACT] step=37 F_W=(+0.0000,+0.0000,+0.0000) F_on_box=(-0.0000,-0.0000,-0.0000) n_face_out=(-0.0000,-0.0000,-0.0000) A_is_ee=0 box_q=(+1.00000,-0.00001,+0.00001,-0.00000) box_p=(+0.00000,+0.00000,+0.04999) ee_p=(+0.00009,-0.00309,+0.15023)
[CONTACT-ELEM] step=110 element=manipulated_object::collision phi=+0.0256m
[ADMM-C3+] primal: 22.6932->11.5847  dual: 2032.9958->285.5711  mono=False  iters=25/25  rho=25.0
[ADMM-C3+] WARNING non-converged: pr=11.5847 dr=285.5711 tol=1e-03
[MATH.δ-C3+] Bui 2026 eq (12) projection results (N=20 × 12 λ-components):
[MATH.δ-C3+]   case 1 (η wins, λ→0):     92
[MATH.δ-C3+]   case 2 (λ wins, η→0):     106
[MATH.δ-C3+]   case 3 (both zero):       42
[MATH.δ-C3+] First step k=0, component 0:
[MATH.δ-C3+]   pre:  λ°=0.1461, η°=-80.7664
[MATH.δ-C3+]   post: δ_λ=0.1461, δ_η=0.0000
[MATH.ω-C3+] ω update: ω += (z-δ), over 25 ADMM iters
[MATH.ω-C3+] ||ω||=530.3050, ||z-δ||_max=2.6429  (scale differs from C3 — ω carries η-block residuals too)
[MATH.ω-C3+] ρ decision: primal=11.5847, dual=285.5711, ratio=0.0406 < 0.1 → would halve ρ to 12.5000
[MATH.ω-C3+] Note: adaptive-ρ fires every 10 iters; current max_iter=25
[C3+] step=111 |u[0]|=38.83N u_axis=(+23.92,+30.00,-5.96)N λ_n_max=2.336 η_n_max=0.723 primal=11.585 iters=25/25 lcp_res_max=1.37e-06
[ADMIT-GUARD] step=38 admit_active=1 latch=0/0 ee_z=0.151 gate_cap=0
[ALT-GATE] step=38 target_stable=0/0 allow_descent=1
[GS-tgt] step=38 ee=(+0.001,-0.002,+0.151) p_repos=(+0.046,+0.080,+0.030) ee_to_target=0.152m target_label=prev_repos target_changed=N delta=0.000m
[GS] step=38 mode=free switch=kStayInRepos best_k=0 best_src=prev_repos curr_cost=75995.05 repos_cost=76650.45 best_other=76650.45 met_progress=Y steps_since_improve=36 switches=0
[STEP] step=38 mode=free t=0.380s ee=(+0.001,-0.002,+0.151) obj=(+0.000,+0.000,+0.050) goal_dist=0.300m switch=kStayInRepos target=(+0.003,+0.004,+0.150) ee_stride=0.006m ee_to_ptarget=0.152m landing_err=0.1352m ik_ok=Y ik_resid=0.0001m q_max_resid_deg=4.35 target_changed=Y retgt=N held_idx=1 held_cost=76650.45 won_cost=76650.45 margin=+0.00 won_src=prev_repos held_valid=Y reason=hold setpoint_to_ptarget=nanm finished_val=nanm finished_thresh=0.0200m pd_resid=nanm nextwp_to_ptarget=nanm guide_terminal_err=nanm
[GATE-EVOLVE] step=38 curr=75995.05 best_other=76650.45 ratio=0.9914 ee_to_optimal=0.0740m phi=0.0256m
[STAGE-A-TRACE] step=38 sim_t=0.380 mode=free phi=0.02562 box_xy=+0.00000,+0.00000 lam_n_ee_box=nan qy=+0.00001 qz=-0.00000 finished_repos=0
[DRAKE-CONTACT] step=38 n_pairs=1 ee_box_normal=0.000
[GATE-CONTACT] step=38 F_W=(+0.0000,+0.0000,+0.0000) F_on_box=(-0.0000,-0.0000,-0.0000) n_face_out=(-0.0000,-0.0000,-0.0000) A_is_ee=0 box_q=(+1.00000,-0.00001,+0.00001,-0.00000) box_p=(+0.00000,+0.00000,+0.04999) ee_p=(+0.00098,-0.00170,+0.15061)
[CONTACT-ELEM] step=113 element=manipulated_object::collision phi=+0.0259m
[ADMM-C3+] primal: 19.7143->17.9749  dual: 1810.8457->364.6540  mono=False  iters=25/25  rho=25.0
[ADMM-C3+] WARNING non-converged: pr=17.9749 dr=364.6540 tol=1e-03
[MATH.δ-C3+] Bui 2026 eq (12) projection results (N=20 × 12 λ-components):
[MATH.δ-C3+]   case 1 (η wins, λ→0):     105
[MATH.δ-C3+]   case 2 (λ wins, η→0):     90
[MATH.δ-C3+]   case 3 (both zero):       45
[MATH.δ-C3+] First step k=0, component 0:
[MATH.δ-C3+]   pre:  λ°=0.1461, η°=-78.8641
[MATH.δ-C3+]   post: δ_λ=0.1461, δ_η=0.0000
[MATH.ω-C3+] ω update: ω += (z-δ), over 25 ADMM iters
[MATH.ω-C3+] ||ω||=521.2756, ||z-δ||_max=5.0180  (scale differs from C3 — ω carries η-block residuals too)
[MATH.ω-C3+] ρ decision: primal=17.9749, dual=364.6540, ratio=0.0493 < 0.1 → would halve ρ to 12.5000
[MATH.ω-C3+] Note: adaptive-ρ fires every 10 iters; current max_iter=25
[C3+] step=114 |u[0]|=42.92N u_axis=(+30.00,+30.00,-6.46)N λ_n_max=2.601 η_n_max=0.950 primal=17.975 iters=25/25 lcp_res_max=1.82e-06
[ADMIT-GUARD] step=39 admit_active=1 latch=0/0 ee_z=0.151 gate_cap=0
[ALT-GATE] step=39 target_stable=0/0 allow_descent=1
[GS-tgt] step=39 ee=(+0.002,-0.000,+0.151) p_repos=(+0.046,+0.080,+0.030) ee_to_target=0.152m target_label=prev_repos target_changed=N delta=0.000m
[GS] step=39 mode=free switch=kStayInRepos best_k=0 best_src=prev_repos curr_cost=51342.93 repos_cost=79090.14 best_other=79090.14 met_progress=Y steps_since_improve=37 switches=0
[STEP] step=39 mode=free t=0.390s ee=(+0.002,-0.000,+0.151) obj=(+0.000,+0.000,+0.050) goal_dist=0.300m switch=kStayInRepos target=(+0.004,+0.005,+0.150) ee_stride=0.006m ee_to_ptarget=0.152m landing_err=0.1332m ik_ok=Y ik_resid=0.0001m q_max_resid_deg=4.73 target_changed=Y retgt=N held_idx=1 held_cost=79090.14 won_cost=79090.14 margin=+0.00 won_src=prev_repos held_valid=Y reason=hold setpoint_to_ptarget=nanm finished_val=nanm finished_thresh=0.0200m pd_resid=nanm nextwp_to_ptarget=nanm guide_terminal_err=nanm
[GATE-EVOLVE] step=39 curr=51342.93 best_other=79090.14 ratio=0.6492 ee_to_optimal=0.0730m phi=0.0259m
[STAGE-A-TRACE] step=39 sim_t=0.390 mode=free phi=0.02588 box_xy=+0.00000,+0.00000 lam_n_ee_box=nan qy=+0.00001 qz=-0.00000 finished_repos=0
[DRAKE-CONTACT] step=39 n_pairs=1 ee_box_normal=0.000
[GATE-CONTACT] step=39 F_W=(+0.0000,+0.0000,+0.0000) F_on_box=(-0.0000,-0.0000,-0.0000) n_face_out=(-0.0000,-0.0000,-0.0000) A_is_ee=0 box_q=(+1.00000,-0.00001,+0.00001,-0.00000) box_p=(+0.00000,+0.00000,+0.04999) ee_p=(+0.00196,-0.00009,+0.15087)
[CONTACT-ELEM] step=116 element=manipulated_object::collision phi=+0.0260m
[ADMM-C3+] primal: 15.7561->14.2434  dual: 1508.5850->293.2412  mono=False  iters=25/25  rho=25.0
[ADMM-C3+] WARNING non-converged: pr=14.2434 dr=293.2412 tol=1e-03
[MATH.δ-C3+] Bui 2026 eq (12) projection results (N=20 × 12 λ-components):
[MATH.δ-C3+]   case 1 (η wins, λ→0):     107
[MATH.δ-C3+]   case 2 (λ wins, η→0):     88
[MATH.δ-C3+]   case 3 (both zero):       45
[MATH.δ-C3+] First step k=0, component 0:
[MATH.δ-C3+]   pre:  λ°=0.1461, η°=-77.9738
[MATH.δ-C3+]   post: δ_λ=0.1461, δ_η=0.0000
[MATH.ω-C3+] ω update: ω += (z-δ), over 25 ADMM iters
[MATH.ω-C3+] ||ω||=547.2783, ||z-δ||_max=4.0189  (scale differs from C3 — ω carries η-block residuals too)
[MATH.ω-C3+] ρ decision: primal=14.2434, dual=293.2412, ratio=0.0486 < 0.1 → would halve ρ to 12.5000
[MATH.ω-C3+] Note: adaptive-ρ fires every 10 iters; current max_iter=25
[C3+] step=117 |u[0]|=42.94N u_axis=(+30.00,+30.00,-6.65)N λ_n_max=3.477 η_n_max=1.332 primal=14.243 iters=25/25 lcp_res_max=2.12e-06
[ADMIT-GUARD] step=40 admit_active=1 latch=0/0 ee_z=0.151 gate_cap=0
[ALT-GATE] step=40 target_stable=0/0 allow_descent=1
[GS-tgt] step=40 ee=(+0.003,+0.002,+0.151) p_repos=(+0.046,+0.080,+0.030) ee_to_target=0.150m target_label=prev_repos target_changed=N delta=0.000m
[IMP] step=40 mode=free |x_err|=0.0058m |tau_imp|=5.45Nm |tau_ff|=0.00Nm |tau_out|=5.45Nm sat=False lam_n=False lam_t=False
[GS] step=40 mode=free switch=kStayInRepos best_k=0 best_src=prev_repos curr_cost=55635.94 repos_cost=80982.24 best_other=80982.24 met_progress=Y steps_since_improve=38 switches=0
[STEP] step=40 mode=free t=0.400s ee=(+0.003,+0.002,+0.151) obj=(+0.000,+0.000,+0.050) goal_dist=0.300m switch=kStayInRepos target=(+0.005,+0.007,+0.150) ee_stride=0.006m ee_to_ptarget=0.150m landing_err=0.1314m ik_ok=Y ik_resid=0.0001m q_max_resid_deg=5.08 target_changed=Y retgt=N held_idx=1 held_cost=80982.24 won_cost=80982.24 margin=+0.00 won_src=prev_repos held_valid=Y reason=hold setpoint_to_ptarget=nanm finished_val=nanm finished_thresh=0.0200m pd_resid=nanm nextwp_to_ptarget=nanm guide_terminal_err=nanm
[GATE-EVOLVE] step=40 curr=55635.94 best_other=80982.24 ratio=0.6870 ee_to_optimal=0.0720m phi=0.0260m
[STAGE-A-TRACE] step=40 sim_t=0.400 mode=free phi=0.02604 box_xy=+0.00000,+0.00000 lam_n_ee_box=nan qy=+0.00001 qz=-0.00000 finished_repos=0
[GS-table] step=40
  k=0 (current   ) pos=(+0.003,+0.002,+0.151) c_C3=  85635.94 align=1.0000(bonus=30000.00) rot=+0.0000(bonus=    0.00) travel=0.000m(pen=  0.00) c_sample=  55635.94 feas=Y ik_err=0.0000m  ← WIN
  k=1 (prev_repos) pos=(+0.046,+0.080,+0.030) c_C3=  80952.31 align=0.0000(bonus=    0.15) rot=+0.0000(bonus=    0.00) travel=0.150m(pen= 30.08) c_sample=  80982.24 feas=Y ik_err=0.0000m
  k=2 (strat_0   ) pos=(+0.046,+0.080,+0.030) c_C3=  80952.31 align=0.0000(bonus=    0.15) rot=+0.0000(bonus=    0.00) travel=0.150m(pen= 30.08) c_sample=  80982.24 feas=Y ik_err=0.0000m
[DRAKE-CONTACT] step=40 n_pairs=1 ee_box_normal=0.000
[GATE-CONTACT] step=40 F_W=(+0.0000,+0.0000,+0.0000) F_on_box=(-0.0000,-0.0000,-0.0000) n_face_out=(-0.0000,-0.0000,-0.0000) A_is_ee=0 box_q=(+1.00000,-0.00001,+0.00001,-0.00000) box_p=(+0.00000,+0.00000,+0.04999) ee_p=(+0.00300,+0.00167,+0.15103)
[CONTACT-ELEM] step=119 element=manipulated_object::collision phi=+0.0261m
[ADMM-C3+] primal: 11.9334->23.1009  dual: 1212.7582->421.2808  mono=False  iters=25/25  rho=25.0
[ADMM-C3+] WARNING non-converged: pr=23.1009 dr=421.2808 tol=1e-03
[MATH.QP-C3+] Minimizing: (1/2) z^T P z + q^T z  (z augmented with η)
[MATH.QP-C3+]   s.t. A_eq z = b_eq  (639 rows = x_0 fixation + 20 dynamics + 240 η-slack rows; slack-equality block ADDED)
[MATH.QP-C3+]        bbox: λ_n ≥ 0, |u| ≤ 30.0 N (EE force)  (η is unbounded — sign enforced via projection eq 12)
[MATH.QP-C3+] P shape=(939,939), symmetric=True, pos-semidef=True, cond(P)=4.0000e+05
[MATH.QP-C3+] q norm=3.9834e+05
[MATH.QP-C3+] Augmented term: (ρ/2) Σ ||z-δ+ω||^2_G  ρ=25.0000  (G=I in v1: u_λ=u_η=1)
[MATH.QP-C3+] Soft complementarity: w_comp=0.0000  (C3+ disables it — η equality replaces the linear penalty)
[MATH.QP-C3+] OSQP status: solved, iters=150, solve time=7.57ms
[MATH.δ-C3+] Bui 2026 eq (12) projection results (N=20 × 12 λ-components):
[MATH.δ-C3+]   case 1 (η wins, λ→0):     108
[MATH.δ-C3+]   case 2 (λ wins, η→0):     72
[MATH.δ-C3+]   case 3 (both zero):       60
[MATH.δ-C3+] First step k=0, component 0:
[MATH.δ-C3+]   pre:  λ°=0.1461, η°=-78.1883
[MATH.δ-C3+]   post: δ_λ=0.1461, δ_η=0.0000
[MATH.ω-C3+] ω update: ω += (z-δ), over 25 ADMM iters
[MATH.ω-C3+] ||ω||=569.5359, ||z-δ||_max=7.5029  (scale differs from C3 — ω carries η-block residuals too)
[MATH.ω-C3+] ρ decision: primal=23.1009, dual=421.2808, ratio=0.0548 < 0.1 → would halve ρ to 12.5000
[MATH.ω-C3+] Note: adaptive-ρ fires every 10 iters; current max_iter=25
[C3+] step=120 |u[0]|=43.12N u_axis=(+30.00,+30.00,-7.68)N λ_n_max=7.553 η_n_max=1.425 primal=23.101 iters=25/25 lcp_res_max=2.87e-06
[ADMIT-GUARD] step=41 admit_active=1 latch=0/0 ee_z=0.151 gate_cap=0
[ALT-GATE] step=41 target_stable=0/0 allow_descent=1
[GS-tgt] step=41 ee=(+0.004,+0.004,+0.151) p_repos=(+0.046,+0.080,+0.030) ee_to_target=0.149m target_label=prev_repos target_changed=N delta=0.000m
[GS] step=41 mode=free switch=kStayInRepos best_k=0 best_src=prev_repos curr_cost=66782.18 repos_cost=83151.90 best_other=83151.90 met_progress=Y steps_since_improve=39 switches=0
[STEP] step=41 mode=free t=0.410s ee=(+0.004,+0.004,+0.151) obj=(+0.000,+0.000,+0.050) goal_dist=0.300m switch=kStayInRepos target=(+0.006,+0.009,+0.150) ee_stride=0.005m ee_to_ptarget=0.149m landing_err=0.1296m ik_ok=Y ik_resid=0.0001m q_max_resid_deg=5.41 target_changed=Y retgt=N held_idx=1 held_cost=83151.90 won_cost=83151.90 margin=+0.00 won_src=prev_repos held_valid=Y reason=hold setpoint_to_ptarget=nanm finished_val=nanm finished_thresh=0.0200m pd_resid=nanm nextwp_to_ptarget=nanm guide_terminal_err=nanm
[GATE-EVOLVE] step=41 curr=66782.18 best_other=83151.90 ratio=0.8031 ee_to_optimal=0.0710m phi=0.0261m
[STAGE-A-TRACE] step=41 sim_t=0.410 mode=free phi=0.02613 box_xy=+0.00000,+0.00000 lam_n_ee_box=nan qy=+0.00001 qz=-0.00000 finished_repos=0
[DRAKE-CONTACT] step=41 n_pairs=1 ee_box_normal=0.000
[GATE-CONTACT] step=41 F_W=(+0.0000,+0.0000,+0.0000) F_on_box=(-0.0000,-0.0000,-0.0000) n_face_out=(-0.0000,-0.0000,-0.0000) A_is_ee=0 box_q=(+1.00000,-0.00001,+0.00001,-0.00000) box_p=(+0.00000,+0.00000,+0.04999) ee_p=(+0.00406,+0.00352,+0.15112)
[CONTACT-ELEM] step=122 element=manipulated_object::collision phi=+0.0262m
[LATERAL] perp=5.4mm scale=50.0mm strength=0.11 shift_mm=(+0.0,-0.6)
[ADMM-C3+] primal: 10.0102->31.1858  dual: 909.9981->692.9479  mono=False  iters=25/25  rho=25.0
[ADMM-C3+] WARNING non-converged: pr=31.1858 dr=692.9479 tol=1e-03
[MATH.δ-C3+] Bui 2026 eq (12) projection results (N=20 × 12 λ-components):
[MATH.δ-C3+]   case 1 (η wins, λ→0):     105
[MATH.δ-C3+]   case 2 (λ wins, η→0):     67
[MATH.δ-C3+]   case 3 (both zero):       68
[MATH.δ-C3+] First step k=0, component 0:
[MATH.δ-C3+]   pre:  λ°=0.1461, η°=-80.3431
[MATH.δ-C3+]   post: δ_λ=0.1461, δ_η=0.0000
[MATH.ω-C3+] ω update: ω += (z-δ), over 25 ADMM iters
[MATH.ω-C3+] ||ω||=597.2592, ||z-δ||_max=10.0128  (scale differs from C3 — ω carries η-block residuals too)
[MATH.ω-C3+] ρ decision: primal=31.1858, dual=692.9479, ratio=0.0450 < 0.1 → would halve ρ to 12.5000
[MATH.ω-C3+] Note: adaptive-ρ fires every 10 iters; current max_iter=25
[C3+] step=123 |u[0]|=42.63N u_axis=(+29.25,+30.00,-7.83)N λ_n_max=5.798 η_n_max=1.301 primal=31.186 iters=25/25 lcp_res_max=2.19e-06
[ADMIT-GUARD] step=42 admit_active=1 latch=0/0 ee_z=0.151 gate_cap=0
[ALT-GATE] step=42 target_stable=0/0 allow_descent=1
[GS-tgt] step=42 ee=(+0.005,+0.005,+0.151) p_repos=(+0.046,+0.080,+0.030) ee_to_target=0.148m target_label=prev_repos target_changed=N delta=0.000m
[GS] step=42 mode=free switch=kStayInRepos best_k=1 best_src=prev_repos curr_cost=98271.27 repos_cost=86658.41 best_other=86658.41 met_progress=Y steps_since_improve=40 switches=0
[STEP] step=42 mode=free t=0.420s ee=(+0.005,+0.005,+0.151) obj=(+0.000,+0.000,+0.050) goal_dist=0.300m switch=kStayInRepos target=(+0.007,+0.010,+0.150) ee_stride=0.005m ee_to_ptarget=0.148m landing_err=0.1280m ik_ok=Y ik_resid=0.0001m q_max_resid_deg=5.73 target_changed=Y retgt=N held_idx=1 held_cost=86658.41 won_cost=86658.41 margin=+0.00 won_src=prev_repos held_valid=Y reason=hold setpoint_to_ptarget=nanm finished_val=nanm finished_thresh=0.0200m pd_resid=nanm nextwp_to_ptarget=nanm guide_terminal_err=nanm
[GATE-EVOLVE] step=42 curr=98271.27 best_other=86658.41 ratio=1.1340 ee_to_optimal=0.0701m phi=0.0262m
[STAGE-A-TRACE] step=42 sim_t=0.420 mode=free phi=0.02617 box_xy=+0.00000,+0.00000 lam_n_ee_box=nan qy=+0.00001 qz=-0.00000 finished_repos=0
[DRAKE-CONTACT] step=42 n_pairs=1 ee_box_normal=0.000
[GATE-CONTACT] step=42 F_W=(+0.0000,+0.0000,+0.0000) F_on_box=(-0.0000,-0.0000,-0.0000) n_face_out=(-0.0000,-0.0000,-0.0000) A_is_ee=0 box_q=(+1.00000,-0.00001,+0.00001,-0.00000) box_p=(+0.00000,+0.00000,+0.04999) ee_p=(+0.00514,+0.00543,+0.15117)
[CONTACT-ELEM] step=125 element=manipulated_object::collision phi=+0.0262m
[LATERAL] perp=7.4mm scale=50.0mm strength=0.15 shift_mm=(+0.0,-1.1)
[ADMM-C3+] primal: 12.2942->53.4466  dual: 666.6709->1141.8338  mono=False  iters=25/25  rho=25.0
[ADMM-C3+] WARNING non-converged: pr=53.4466 dr=1141.8338 tol=1e-03
[MATH.δ-C3+] Bui 2026 eq (12) projection results (N=20 × 12 λ-components):
[MATH.δ-C3+]   case 1 (η wins, λ→0):     109
[MATH.δ-C3+]   case 2 (λ wins, η→0):     65
[MATH.δ-C3+]   case 3 (both zero):       66
[MATH.δ-C3+] First step k=0, component 0:
[MATH.δ-C3+]   pre:  λ°=0.1461, η°=-82.8841
[MATH.δ-C3+]   post: δ_λ=0.1461, δ_η=0.0000
[MATH.ω-C3+] ω update: ω += (z-δ), over 25 ADMM iters
[MATH.ω-C3+] ||ω||=649.1973, ||z-δ||_max=15.1788  (scale differs from C3 — ω carries η-block residuals too)
[MATH.ω-C3+] ρ decision: primal=53.4466, dual=1.1418e+03, ratio=0.0468 < 0.1 → would halve ρ to 12.5000
[MATH.ω-C3+] Note: adaptive-ρ fires every 10 iters; current max_iter=25
[C3+] step=126 |u[0]|=43.68N u_axis=(+30.00,+30.00,-10.40)N λ_n_max=12.133 η_n_max=3.172 primal=53.447 iters=25/25 lcp_res_max=8.76e-06
[ADMIT-GUARD] step=43 admit_active=1 latch=0/0 ee_z=0.151 gate_cap=0
[ALT-GATE] step=43 target_stable=0/0 allow_descent=1
[GS-tgt] step=43 ee=(+0.006,+0.007,+0.151) p_repos=(+0.046,+0.080,+0.030) ee_to_target=0.147m target_label=prev_repos target_changed=N delta=0.000m
[GS] step=43 mode=free switch=kStayInRepos best_k=1 best_src=prev_repos curr_cost=124053.95 repos_cost=91328.86 best_other=91328.86 met_progress=Y steps_since_improve=41 switches=0
[STEP] step=43 mode=free t=0.430s ee=(+0.006,+0.007,+0.151) obj=(+0.000,+0.000,+0.050) goal_dist=0.300m switch=kStayInRepos target=(+0.008,+0.012,+0.150) ee_stride=0.005m ee_to_ptarget=0.147m landing_err=0.1264m ik_ok=Y ik_resid=0.0001m q_max_resid_deg=6.05 target_changed=Y retgt=N held_idx=1 held_cost=91328.86 won_cost=91328.86 margin=+0.00 won_src=prev_repos held_valid=Y reason=hold setpoint_to_ptarget=nanm finished_val=nanm finished_thresh=0.0200m pd_resid=nanm nextwp_to_ptarget=nanm guide_terminal_err=nanm
[GATE-EVOLVE] step=43 curr=124053.95 best_other=91328.86 ratio=1.3583 ee_to_optimal=0.0692m phi=0.0262m
[STAGE-A-TRACE] step=43 sim_t=0.430 mode=free phi=0.02618 box_xy=+0.00000,+0.00000 lam_n_ee_box=nan qy=+0.00001 qz=-0.00000 finished_repos=0
[DRAKE-CONTACT] step=43 n_pairs=1 ee_box_normal=0.000
[GATE-CONTACT] step=43 F_W=(+0.0000,+0.0000,+0.0000) F_on_box=(-0.0000,-0.0000,-0.0000) n_face_out=(-0.0000,-0.0000,-0.0000) A_is_ee=0 box_q=(+1.00000,-0.00001,+0.00001,-0.00000) box_p=(+0.00000,+0.00000,+0.04999) ee_p=(+0.00620,+0.00736,+0.15117)
[CONTACT-ELEM] step=128 element=manipulated_object::collision phi=+0.0262m
[LATERAL] perp=9.3mm scale=50.0mm strength=0.19 shift_mm=(+0.0,-1.7)
[ADMM-C3+] primal: 16.1582->69.1850  dual: 528.9487->1378.6055  mono=False  iters=25/25  rho=25.0
[ADMM-C3+] WARNING non-converged: pr=69.1850 dr=1378.6055 tol=1e-03
[MATH.δ-C3+] Bui 2026 eq (12) projection results (N=20 × 12 λ-components):
[MATH.δ-C3+]   case 1 (η wins, λ→0):     101
[MATH.δ-C3+]   case 2 (λ wins, η→0):     78
[MATH.δ-C3+]   case 3 (both zero):       61
[MATH.δ-C3+] First step k=0, component 0:
[MATH.δ-C3+]   pre:  λ°=0.1461, η°=-84.7706
[MATH.δ-C3+]   post: δ_λ=0.1461, δ_η=0.0000
[MATH.ω-C3+] ω update: ω += (z-δ), over 25 ADMM iters
[MATH.ω-C3+] ||ω||=710.3594, ||z-δ||_max=22.0963  (scale differs from C3 — ω carries η-block residuals too)
[MATH.ω-C3+] ρ decision: primal=69.1850, dual=1.3786e+03, ratio=0.0502 < 0.1 → would halve ρ to 12.5000
[MATH.ω-C3+] Note: adaptive-ρ fires every 10 iters; current max_iter=25
[C3+] step=129 |u[0]|=44.38N u_axis=(+30.00,+30.00,-13.01)N λ_n_max=22.096 η_n_max=5.688 primal=69.185 iters=25/25 lcp_res_max=5.00e-06
[ADMIT-GUARD] step=44 admit_active=1 latch=0/0 ee_z=0.151 gate_cap=0
[ALT-GATE] step=44 target_stable=0/0 allow_descent=1
[GS-tgt] step=44 ee=(+0.007,+0.009,+0.151) p_repos=(+0.046,+0.080,+0.030) ee_to_target=0.145m target_label=prev_repos target_changed=N delta=0.000m
[GS] step=44 mode=free switch=kStayInRepos best_k=1 best_src=prev_repos curr_cost=138520.43 repos_cost=97000.66 best_other=97000.66 met_progress=Y steps_since_improve=42 switches=0
[STEP] step=44 mode=free t=0.440s ee=(+0.007,+0.009,+0.151) obj=(+0.000,+0.000,+0.050) goal_dist=0.300m switch=kStayInRepos target=(+0.009,+0.013,+0.150) ee_stride=0.004m ee_to_ptarget=0.145m landing_err=0.1250m ik_ok=Y ik_resid=0.0001m q_max_resid_deg=6.37 target_changed=Y retgt=N held_idx=1 held_cost=97000.66 won_cost=97000.66 margin=+0.00 won_src=prev_repos held_valid=Y reason=hold setpoint_to_ptarget=nanm finished_val=nanm finished_thresh=0.0200m pd_resid=nanm nextwp_to_ptarget=nanm guide_terminal_err=nanm
[GATE-EVOLVE] step=44 curr=138520.43 best_other=97000.66 ratio=1.4280 ee_to_optimal=0.0684m phi=0.0262m
[STAGE-A-TRACE] step=44 sim_t=0.440 mode=free phi=0.02615 box_xy=+0.00000,+0.00000 lam_n_ee_box=nan qy=+0.00001 qz=-0.00000 finished_repos=0
[DRAKE-CONTACT] step=44 n_pairs=1 ee_box_normal=0.000
[GATE-CONTACT] step=44 F_W=(+0.0000,+0.0000,+0.0000) F_on_box=(-0.0000,-0.0000,-0.0000) n_face_out=(-0.0000,-0.0000,-0.0000) A_is_ee=0 box_q=(+1.00000,-0.00001,+0.00001,-0.00000) box_p=(+0.00000,+0.00000,+0.04999) ee_p=(+0.00726,+0.00930,+0.15115)
[CONTACT-ELEM] step=131 element=manipulated_object::collision phi=+0.0261m
[LATERAL] perp=11.2mm scale=50.0mm strength=0.22 shift_mm=(+0.0,-2.5)
[ADMM-C3+] primal: 19.4538->90.0970  dual: 517.0201->1489.7995  mono=False  iters=25/25  rho=25.0
[ADMM-C3+] WARNING non-converged: pr=90.0970 dr=1489.7995 tol=1e-03
[MATH.δ-C3+] Bui 2026 eq (12) projection results (N=20 × 12 λ-components):
[MATH.δ-C3+]   case 1 (η wins, λ→0):     97
[MATH.δ-C3+]   case 2 (λ wins, η→0):     87
[MATH.δ-C3+]   case 3 (both zero):       56
[MATH.δ-C3+] First step k=0, component 0:
[MATH.δ-C3+]   pre:  λ°=0.1552, η°=-86.6168
[MATH.δ-C3+]   post: δ_λ=0.1715, δ_η=0.0000
[MATH.ω-C3+] ω update: ω += (z-δ), over 25 ADMM iters
[MATH.ω-C3+] ||ω||=744.2642, ||z-δ||_max=41.2720  (scale differs from C3 — ω carries η-block residuals too)
[MATH.ω-C3+] ρ decision: primal=90.0970, dual=1.4898e+03, ratio=0.0605 < 0.1 → would halve ρ to 12.5000
[MATH.ω-C3+] Note: adaptive-ρ fires every 10 iters; current max_iter=25
[C3+] step=132 |u[0]|=45.70N u_axis=(+30.00,+30.00,-16.98)N λ_n_max=41.272 η_n_max=9.557 primal=90.097 iters=25/25 lcp_res_max=4.59e-06
[ADMIT-GUARD] step=45 admit_active=1 latch=0/0 ee_z=0.151 gate_cap=0
[ALT-GATE] step=45 target_stable=0/0 allow_descent=1
[GS-tgt] step=45 ee=(+0.008,+0.011,+0.151) p_repos=(+0.046,+0.080,+0.030) ee_to_target=0.144m target_label=prev_repos target_changed=N delta=0.000m
[GS] step=45 mode=free switch=kStayInRepos best_k=1 best_src=prev_repos curr_cost=163929.00 repos_cost=101022.72 best_other=101022.72 met_progress=Y steps_since_improve=43 switches=0
[STEP] step=45 mode=free t=0.450s ee=(+0.008,+0.011,+0.151) obj=(+0.000,+0.000,+0.050) goal_dist=0.300m switch=kStayInRepos target=(+0.009,+0.015,+0.150) ee_stride=0.004m ee_to_ptarget=0.144m landing_err=0.1236m ik_ok=Y ik_resid=0.0001m q_max_resid_deg=6.69 target_changed=Y retgt=N held_idx=1 held_cost=101022.72 won_cost=101022.72 margin=+0.00 won_src=prev_repos held_valid=Y reason=hold setpoint_to_ptarget=nanm finished_val=nanm finished_thresh=0.0200m pd_resid=nanm nextwp_to_ptarget=nanm guide_terminal_err=nanm
[GATE-EVOLVE] step=45 curr=163929.00 best_other=101022.72 ratio=1.6227 ee_to_optimal=0.0676m phi=0.0261m
[STAGE-A-TRACE] step=45 sim_t=0.450 mode=free phi=0.02611 box_xy=+0.00000,+0.00000 lam_n_ee_box=nan qy=+0.00001 qz=+0.00000 finished_repos=0
[DRAKE-CONTACT] step=45 n_pairs=1 ee_box_normal=0.000
[GATE-CONTACT] step=45 F_W=(+0.0000,+0.0000,+0.0000) F_on_box=(-0.0000,-0.0000,-0.0000) n_face_out=(-0.0000,-0.0000,-0.0000) A_is_ee=0 box_q=(+1.00000,-0.00001,+0.00001,+0.00000) box_p=(+0.00000,+0.00000,+0.04999) ee_p=(+0.00831,+0.01124,+0.15110)
[CONTACT-ELEM] step=134 element=manipulated_object::collision phi=+0.0261m
[LATERAL] perp=13.1mm scale=50.0mm strength=0.26 shift_mm=(+0.0,-3.5)
[ADMM-C3+] primal: 21.6454->91.7605  dual: 530.1310->1787.1101  mono=False  iters=25/25  rho=25.0
[ADMM-C3+] WARNING non-converged: pr=91.7605 dr=1787.1101 tol=1e-03
[MATH.δ-C3+] Bui 2026 eq (12) projection results (N=20 × 12 λ-components):
[MATH.δ-C3+]   case 1 (η wins, λ→0):     93
[MATH.δ-C3+]   case 2 (λ wins, η→0):     98
[MATH.δ-C3+]   case 3 (both zero):       49
[MATH.δ-C3+] First step k=0, component 0:
[MATH.δ-C3+]   pre:  λ°=0.1546, η°=-89.1958
[MATH.δ-C3+]   post: δ_λ=0.1872, δ_η=0.0000
[MATH.ω-C3+] ω update: ω += (z-δ), over 25 ADMM iters
[MATH.ω-C3+] ||ω||=751.8694, ||z-δ||_max=40.6683  (scale differs from C3 — ω carries η-block residuals too)
[MATH.ω-C3+] ρ decision: primal=91.7605, dual=1.7871e+03, ratio=0.0513 < 0.1 → would halve ρ to 12.5000
[MATH.ω-C3+] Note: adaptive-ρ fires every 10 iters; current max_iter=25
[C3+] step=135 |u[0]|=45.85N u_axis=(+30.00,+30.00,-17.39)N λ_n_max=40.882 η_n_max=9.773 primal=91.761 iters=25/25 lcp_res_max=inf
[ADMIT-GUARD] step=46 admit_active=1 latch=0/0 ee_z=0.151 gate_cap=0
[ALT-GATE] step=46 target_stable=0/0 allow_descent=1
[GS-tgt] step=46 ee=(+0.009,+0.013,+0.151) p_repos=(+0.046,+0.080,+0.030) ee_to_target=0.143m target_label=prev_repos target_changed=N delta=0.000m
[GS] step=46 mode=free switch=kStayInRepos best_k=1 best_src=prev_repos curr_cost=163247.70 repos_cost=102988.41 best_other=102988.41 met_progress=Y steps_since_improve=44 switches=0
[STEP] step=46 mode=free t=0.460s ee=(+0.009,+0.013,+0.151) obj=(+0.000,+0.000,+0.050) goal_dist=0.300m switch=kStayInRepos target=(+0.010,+0.016,+0.150) ee_stride=0.004m ee_to_ptarget=0.143m landing_err=0.1224m ik_ok=Y ik_resid=0.0002m q_max_resid_deg=7.02 target_changed=Y retgt=N held_idx=1 held_cost=102988.41 won_cost=102988.41 margin=+0.00 won_src=prev_repos held_valid=Y reason=hold setpoint_to_ptarget=nanm finished_val=nanm finished_thresh=0.0200m pd_resid=nanm nextwp_to_ptarget=nanm guide_terminal_err=nanm
[GATE-EVOLVE] step=46 curr=163247.70 best_other=102988.41 ratio=1.5851 ee_to_optimal=0.0670m phi=0.0261m
[STAGE-A-TRACE] step=46 sim_t=0.460 mode=free phi=0.02606 box_xy=+0.00000,+0.00000 lam_n_ee_box=nan qy=+0.00001 qz=-0.00000 finished_repos=0
[DRAKE-CONTACT] step=46 n_pairs=1 ee_box_normal=0.000
[GATE-CONTACT] step=46 F_W=(+0.0000,+0.0000,+0.0000) F_on_box=(-0.0000,-0.0000,-0.0000) n_face_out=(-0.0000,-0.0000,-0.0000) A_is_ee=0 box_q=(+1.00000,-0.00001,+0.00001,-0.00000) box_p=(+0.00000,+0.00000,+0.04999) ee_p=(+0.00933,+0.01315,+0.15105)
[CONTACT-ELEM] step=137 element=manipulated_object::collision phi=+0.0260m
[LATERAL] perp=15.0mm scale=50.0mm strength=0.30 shift_mm=(+0.0,-4.5)
[ADMM-C3+] primal: 23.0161->122.8421  dual: 546.8328->2596.1265  mono=False  iters=25/25  rho=25.0
[ADMM-C3+] WARNING non-converged: pr=122.8421 dr=2596.1265 tol=1e-03
[MATH.δ-C3+] Bui 2026 eq (12) projection results (N=20 × 12 λ-components):
[MATH.δ-C3+]   case 1 (η wins, λ→0):     93
[MATH.δ-C3+]   case 2 (λ wins, η→0):     86
[MATH.δ-C3+]   case 3 (both zero):       61
[MATH.δ-C3+] First step k=0, component 0:
[MATH.δ-C3+]   pre:  λ°=0.0494, η°=-91.4344
[MATH.δ-C3+]   post: δ_λ=0.2428, δ_η=0.0000
[MATH.ω-C3+] ω update: ω += (z-δ), over 25 ADMM iters
[MATH.ω-C3+] ||ω||=782.8629, ||z-δ||_max=38.8237  (scale differs from C3 — ω carries η-block residuals too)
[MATH.ω-C3+] ρ decision: primal=122.8421, dual=2.5961e+03, ratio=0.0473 < 0.1 → would halve ρ to 12.5000
[MATH.ω-C3+] Note: adaptive-ρ fires every 10 iters; current max_iter=25
[C3+] step=138 |u[0]|=46.66N u_axis=(+30.00,+30.00,-19.42)N λ_n_max=38.824 η_n_max=7.937 primal=122.842 iters=25/25 lcp_res_max=inf
[ADMIT-GUARD] step=47 admit_active=1 latch=0/0 ee_z=0.151 gate_cap=0
[ALT-GATE] step=47 target_stable=0/0 allow_descent=1
[GS-tgt] step=47 ee=(+0.010,+0.015,+0.151) p_repos=(+0.046,+0.080,+0.030) ee_to_target=0.142m target_label=prev_repos target_changed=N delta=0.000m
[GS] step=47 mode=free switch=kStayInRepos best_k=1 best_src=prev_repos curr_cost=180412.91 repos_cost=103983.92 best_other=103983.92 met_progress=Y steps_since_improve=45 switches=0
[STEP] step=47 mode=free t=0.470s ee=(+0.010,+0.015,+0.151) obj=(+0.000,+0.000,+0.050) goal_dist=0.300m switch=kStayInRepos target=(+0.011,+0.018,+0.150) ee_stride=0.003m ee_to_ptarget=0.142m landing_err=0.1213m ik_ok=Y ik_resid=0.0002m q_max_resid_deg=7.36 target_changed=Y retgt=N held_idx=1 held_cost=103983.92 won_cost=103983.92 margin=+0.00 won_src=prev_repos held_valid=Y reason=hold setpoint_to_ptarget=nanm finished_val=nanm finished_thresh=0.0200m pd_resid=nanm nextwp_to_ptarget=nanm guide_terminal_err=nanm
[GATE-EVOLVE] step=47 curr=180412.91 best_other=103983.92 ratio=1.7350 ee_to_optimal=0.0664m phi=0.0260m
[STAGE-A-TRACE] step=47 sim_t=0.470 mode=free phi=0.02601 box_xy=+0.00000,+0.00000 lam_n_ee_box=nan qy=+0.00001 qz=-0.00000 finished_repos=0
[DRAKE-CONTACT] step=47 n_pairs=1 ee_box_normal=0.000
[GATE-CONTACT] step=47 F_W=(+0.0000,+0.0000,+0.0000) F_on_box=(-0.0000,-0.0000,-0.0000) n_face_out=(-0.0000,-0.0000,-0.0000) A_is_ee=0 box_q=(+1.00000,-0.00001,+0.00001,-0.00000) box_p=(+0.00000,+0.00000,+0.04999) ee_p=(+0.01035,+0.01504,+0.15100)
[CONTACT-ELEM] step=140 element=manipulated_object::collision phi=+0.0259m
[LATERAL] perp=16.9mm scale=50.0mm strength=0.34 shift_mm=(+0.0,-5.7)
[ADMM-C3+] primal: 23.8070->147.0022  dual: 557.2705->2839.7222  mono=False  iters=25/25  rho=25.0
[ADMM-C3+] WARNING non-converged: pr=147.0022 dr=2839.7222 tol=1e-03
[MATH.δ-C3+] Bui 2026 eq (12) projection results (N=20 × 12 λ-components):
[MATH.δ-C3+]   case 1 (η wins, λ→0):     93
[MATH.δ-C3+]   case 2 (λ wins, η→0):     99
[MATH.δ-C3+]   case 3 (both zero):       48
[MATH.δ-C3+] First step k=0, component 0:
[MATH.δ-C3+]   pre:  λ°=0.0336, η°=-94.4077
[MATH.δ-C3+]   post: δ_λ=0.2587, δ_η=0.0000
[MATH.ω-C3+] ω update: ω += (z-δ), over 25 ADMM iters
[MATH.ω-C3+] ||ω||=792.1800, ||z-δ||_max=52.7867  (scale differs from C3 — ω carries η-block residuals too)
[MATH.ω-C3+] ρ decision: primal=147.0022, dual=2.8397e+03, ratio=0.0518 < 0.1 → would halve ρ to 12.5000
[MATH.ω-C3+] Note: adaptive-ρ fires every 10 iters; current max_iter=25
[C3+] step=141 |u[0]|=46.88N u_axis=(+30.00,+30.00,-19.94)N λ_n_max=64.585 η_n_max=9.659 primal=147.002 iters=25/25 lcp_res_max=inf
[ADMIT-GUARD] step=48 admit_active=1 latch=0/0 ee_z=0.151 gate_cap=0
[ALT-GATE] step=48 target_stable=0/0 allow_descent=1
[GS-tgt] step=48 ee=(+0.011,+0.017,+0.151) p_repos=(+0.046,+0.080,+0.030) ee_to_target=0.141m target_label=prev_repos target_changed=N delta=0.000m
[GS] step=48 mode=free switch=kStayInRepos best_k=1 best_src=prev_repos curr_cost=190170.59 repos_cost=103333.77 best_other=103333.77 met_progress=Y steps_since_improve=46 switches=0
[STEP] step=48 mode=free t=0.480s ee=(+0.011,+0.017,+0.151) obj=(+0.000,+0.000,+0.050) goal_dist=0.300m switch=kStayInRepos target=(+0.012,+0.020,+0.150) ee_stride=0.003m ee_to_ptarget=0.141m landing_err=0.1204m ik_ok=Y ik_resid=0.0002m q_max_resid_deg=7.71 target_changed=Y retgt=N held_idx=1 held_cost=103333.77 won_cost=103333.77 margin=+0.00 won_src=prev_repos held_valid=Y reason=hold setpoint_to_ptarget=nanm finished_val=nanm finished_thresh=0.0200m pd_resid=nanm nextwp_to_ptarget=nanm guide_terminal_err=nanm
[GATE-EVOLVE] step=48 curr=190170.59 best_other=103333.77 ratio=1.8404 ee_to_optimal=0.0659m phi=0.0259m
[STAGE-A-TRACE] step=48 sim_t=0.480 mode=free phi=0.02595 box_xy=+0.00000,+0.00000 lam_n_ee_box=nan qy=+0.00001 qz=-0.00000 finished_repos=0
[DRAKE-CONTACT] step=48 n_pairs=1 ee_box_normal=0.000
[GATE-CONTACT] step=48 F_W=(+0.0000,+0.0000,+0.0000) F_on_box=(-0.0000,-0.0000,-0.0000) n_face_out=(-0.0000,-0.0000,-0.0000) A_is_ee=0 box_q=(+1.00000,-0.00001,+0.00001,-0.00000) box_p=(+0.00000,+0.00000,+0.04999) ee_p=(+0.01134,+0.01690,+0.15094)
[CONTACT-ELEM] step=143 element=manipulated_object::collision phi=+0.0259m
[LATERAL] perp=18.7mm scale=50.0mm strength=0.37 shift_mm=(+0.0,-7.0)
[ADMM-C3+] primal: 24.1999->186.9282  dual: 565.3972->3637.1181  mono=False  iters=25/25  rho=25.0
[ADMM-C3+] WARNING non-converged: pr=186.9282 dr=3637.1181 tol=1e-03
[MATH.δ-C3+] Bui 2026 eq (12) projection results (N=20 × 12 λ-components):
[MATH.δ-C3+]   case 1 (η wins, λ→0):     89
[MATH.δ-C3+]   case 2 (λ wins, η→0):     111
[MATH.δ-C3+]   case 3 (both zero):       40
[MATH.δ-C3+] First step k=0, component 0:
[MATH.δ-C3+]   pre:  λ°=0.0277, η°=-96.5713
[MATH.δ-C3+]   post: δ_λ=0.3065, δ_η=0.0000
[MATH.ω-C3+] ω update: ω += (z-δ), over 25 ADMM iters
[MATH.ω-C3+] ||ω||=794.7092, ||z-δ||_max=65.4805  (scale differs from C3 — ω carries η-block residuals too)
[MATH.ω-C3+] ρ decision: primal=186.9282, dual=3.6371e+03, ratio=0.0514 < 0.1 → would halve ρ to 12.5000
[MATH.ω-C3+] Note: adaptive-ρ fires every 10 iters; current max_iter=25
[C3+] step=144 |u[0]|=47.73N u_axis=(+30.00,+30.00,-21.87)N λ_n_max=65.480 η_n_max=11.844 primal=186.928 iters=25/25 lcp_res_max=inf
[ADMIT-GUARD] step=49 admit_active=1 latch=0/0 ee_z=0.151 gate_cap=0
[ALT-GATE] step=49 target_stable=0/0 allow_descent=1
[GS-tgt] step=49 ee=(+0.012,+0.019,+0.151) p_repos=(+0.046,+0.080,+0.030) ee_to_target=0.140m target_label=prev_repos target_changed=N delta=0.000m
[GS] step=49 mode=free switch=kStayInRepos best_k=1 best_src=prev_repos curr_cost=189777.65 repos_cost=101596.18 best_other=101596.18 met_progress=Y steps_since_improve=47 switches=0
[STEP] step=49 mode=free t=0.490s ee=(+0.012,+0.019,+0.151) obj=(+0.000,+0.000,+0.050) goal_dist=0.300m switch=kStayInRepos target=(+0.013,+0.021,+0.150) ee_stride=0.003m ee_to_ptarget=0.140m landing_err=0.1195m ik_ok=Y ik_resid=0.0002m q_max_resid_deg=8.07 target_changed=Y retgt=N held_idx=1 held_cost=101596.18 won_cost=101596.18 margin=+0.00 won_src=prev_repos held_valid=Y reason=hold setpoint_to_ptarget=nanm finished_val=nanm finished_thresh=0.0200m pd_resid=nanm nextwp_to_ptarget=nanm guide_terminal_err=nanm
[GATE-EVOLVE] step=49 curr=189777.65 best_other=101596.18 ratio=1.8680 ee_to_optimal=0.0654m phi=0.0259m
[STAGE-A-TRACE] step=49 sim_t=0.490 mode=free phi=0.02589 box_xy=+0.00000,+0.00000 lam_n_ee_box=nan qy=+0.00001 qz=-0.00000 finished_repos=0
[DRAKE-CONTACT] step=49 n_pairs=1 ee_box_normal=0.000
[GATE-CONTACT] step=49 F_W=(+0.0000,+0.0000,+0.0000) F_on_box=(-0.0000,-0.0000,-0.0000) n_face_out=(-0.0000,-0.0000,-0.0000) A_is_ee=0 box_q=(+1.00000,-0.00001,+0.00001,-0.00000) box_p=(+0.00000,+0.00000,+0.04999) ee_p=(+0.01233,+0.01874,+0.15088)
[CONTACT-ELEM] step=146 element=manipulated_object::collision phi=+0.0258m
[LATERAL] perp=20.5mm scale=50.0mm strength=0.41 shift_mm=(+0.0,-8.4)
[ADMM-C3+] primal: 24.3282->149.0765  dual: 571.6855->2996.1328  mono=False  iters=25/25  rho=25.0
[ADMM-C3+] WARNING non-converged: pr=149.0765 dr=2996.1328 tol=1e-03
[MATH.δ-C3+] Bui 2026 eq (12) projection results (N=20 × 12 λ-components):
[MATH.δ-C3+]   case 1 (η wins, λ→0):     81
[MATH.δ-C3+]   case 2 (λ wins, η→0):     127
[MATH.δ-C3+]   case 3 (both zero):       32
[MATH.δ-C3+] First step k=0, component 0:
[MATH.δ-C3+]   pre:  λ°=0.1589, η°=-98.6101
[MATH.δ-C3+]   post: δ_λ=0.2798, δ_η=0.0000
[MATH.ω-C3+] ω update: ω += (z-δ), over 25 ADMM iters
[MATH.ω-C3+] ||ω||=755.2983, ||z-δ||_max=47.9283  (scale differs from C3 — ω carries η-block residuals too)
[MATH.ω-C3+] ρ decision: primal=149.0765, dual=2.9961e+03, ratio=0.0498 < 0.1 → would halve ρ to 12.5000
[MATH.ω-C3+] Note: adaptive-ρ fires every 10 iters; current max_iter=25
[C3+] step=147 |u[0]|=47.23N u_axis=(+30.00,+30.00,-20.75)N λ_n_max=58.138 η_n_max=10.768 primal=149.077 iters=25/25 lcp_res_max=inf
[ADMIT-GUARD] step=50 admit_active=1 latch=0/0 ee_z=0.151 gate_cap=0
[ALT-GATE] step=50 target_stable=0/0 allow_descent=1
[GS-tgt] step=50 ee=(+0.013,+0.021,+0.151) p_repos=(+0.046,+0.080,+0.030) ee_to_target=0.139m target_label=prev_repos target_changed=N delta=0.000m
[IMP] step=50 mode=free |x_err|=0.0023m |tau_imp|=0.91Nm |tau_ff|=0.00Nm |tau_out|=0.91Nm sat=False lam_n=False lam_t=False
[GS] step=50 mode=free switch=kStayInRepos best_k=1 best_src=prev_repos curr_cost=175539.72 repos_cost=98684.44 best_other=98684.44 met_progress=Y steps_since_improve=48 switches=0
[STEP] step=50 mode=free t=0.500s ee=(+0.013,+0.021,+0.151) obj=(+0.000,+0.000,+0.050) goal_dist=0.300m switch=kStayInRepos target=(+0.014,+0.023,+0.150) ee_stride=0.002m ee_to_ptarget=0.139m landing_err=0.1188m ik_ok=Y ik_resid=0.0002m q_max_resid_deg=8.44 target_changed=Y retgt=N held_idx=1 held_cost=98684.44 won_cost=98684.44 margin=+0.00 won_src=prev_repos held_valid=Y reason=hold setpoint_to_ptarget=nanm finished_val=nanm finished_thresh=0.0200m pd_resid=nanm nextwp_to_ptarget=nanm guide_terminal_err=nanm
[GATE-EVOLVE] step=50 curr=175539.72 best_other=98684.44 ratio=1.7788 ee_to_optimal=0.0650m phi=0.0258m
[STAGE-A-TRACE] step=50 sim_t=0.500 mode=free phi=0.02584 box_xy=+0.00000,+0.00000 lam_n_ee_box=nan qy=+0.00001 qz=-0.00000 finished_repos=0
[DRAKE-CONTACT] step=50 n_pairs=1 ee_box_normal=0.000
[GATE-CONTACT] step=50 F_W=(+0.0000,+0.0000,+0.0000) F_on_box=(-0.0000,-0.0000,-0.0000) n_face_out=(-0.0000,-0.0000,-0.0000) A_is_ee=0 box_q=(+1.00000,-0.00001,+0.00001,-0.00000) box_p=(+0.00000,+0.00000,+0.04999) ee_p=(+0.01329,+0.02055,+0.15083)
[CONTACT-ELEM] step=149 element=manipulated_object::collision phi=+0.0258m
[LATERAL] perp=22.3mm scale=50.0mm strength=0.45 shift_mm=(+0.0,-10.0)
[ADMM-C3+] primal: 24.2852->182.1015  dual: 575.9064->3157.2286  mono=False  iters=25/25  rho=25.0
[ADMM-C3+] WARNING non-converged: pr=182.1015 dr=3157.2286 tol=1e-03
[MATH.QP-C3+] Minimizing: (1/2) z^T P z + q^T z  (z augmented with η)
[MATH.QP-C3+]   s.t. A_eq z = b_eq  (639 rows = x_0 fixation + 20 dynamics + 240 η-slack rows; slack-equality block ADDED)
[MATH.QP-C3+]        bbox: λ_n ≥ 0, |u| ≤ 30.0 N (EE force)  (η is unbounded — sign enforced via projection eq 12)
[MATH.QP-C3+] P shape=(939,939), symmetric=True, pos-semidef=True, cond(P)=4.0000e+05
[MATH.QP-C3+] q norm=3.9861e+05
[MATH.QP-C3+] Augmented term: (ρ/2) Σ ||z-δ+ω||^2_G  ρ=25.0000  (G=I in v1: u_λ=u_η=1)
[MATH.QP-C3+] Soft complementarity: w_comp=0.0000  (C3+ disables it — η equality replaces the linear penalty)
[MATH.QP-C3+] OSQP status: solved, iters=225, solve time=11.02ms
[MATH.δ-C3+] Bui 2026 eq (12) projection results (N=20 × 12 λ-components):
[MATH.δ-C3+]   case 1 (η wins, λ→0):     72
[MATH.δ-C3+]   case 2 (λ wins, η→0):     135
[MATH.δ-C3+]   case 3 (both zero):       33
[MATH.δ-C3+] First step k=0, component 0:
[MATH.δ-C3+]   pre:  λ°=0.1467, η°=-99.4192
[MATH.δ-C3+]   post: δ_λ=0.3170, δ_η=0.0000
[MATH.ω-C3+] ω update: ω += (z-δ), over 25 ADMM iters
[MATH.ω-C3+] ||ω||=762.7529, ||z-δ||_max=63.8419  (scale differs from C3 — ω carries η-block residuals too)
[MATH.ω-C3+] ρ decision: primal=182.1015, dual=3.1572e+03, ratio=0.0577 < 0.1 → would halve ρ to 12.5000
[MATH.ω-C3+] Note: adaptive-ρ fires every 10 iters; current max_iter=25
[C3+] step=150 |u[0]|=48.04N u_axis=(+30.00,+30.00,-22.54)N λ_n_max=73.242 η_n_max=13.102 primal=182.101 iters=25/25 lcp_res_max=2.54e-05
[ADMIT-GUARD] step=51 admit_active=1 latch=0/0 ee_z=0.151 gate_cap=0
[ALT-GATE] step=51 target_stable=0/0 allow_descent=1
[GS-tgt] step=51 ee=(+0.014,+0.022,+0.151) p_repos=(+0.046,+0.080,+0.030) ee_to_target=0.138m target_label=prev_repos target_changed=N delta=0.000m
[GS] step=51 mode=free switch=kStayInRepos best_k=1 best_src=prev_repos curr_cost=183216.24 repos_cost=95345.04 best_other=95345.04 met_progress=Y steps_since_improve=49 switches=0
[STEP] step=51 mode=free t=0.510s ee=(+0.014,+0.022,+0.151) obj=(+0.000,+0.000,+0.050) goal_dist=0.300m switch=kStayInRepos target=(+0.015,+0.024,+0.150) ee_stride=0.002m ee_to_ptarget=0.138m landing_err=0.1182m ik_ok=Y ik_resid=0.0002m q_max_resid_deg=8.81 target_changed=Y retgt=N held_idx=1 held_cost=95345.04 won_cost=95345.04 margin=+0.00 won_src=prev_repos held_valid=Y reason=hold setpoint_to_ptarget=nanm finished_val=nanm finished_thresh=0.0200m pd_resid=nanm nextwp_to_ptarget=nanm guide_terminal_err=nanm
[GATE-EVOLVE] step=51 curr=183216.24 best_other=95345.04 ratio=1.9216 ee_to_optimal=0.0647m phi=0.0258m
[STAGE-A-TRACE] step=51 sim_t=0.510 mode=free phi=0.02579 box_xy=+0.00000,+0.00000 lam_n_ee_box=nan qy=+0.00001 qz=-0.00000 finished_repos=0
  t=0.50s | ee=(0.014, 0.022, 0.151) | obj=(0.000, 0.000, 0.050) | |u|=0.87 Nm | goal_dist=0.300 m
[DRAKE-CONTACT] step=51 n_pairs=1 ee_box_normal=0.000
[GATE-CONTACT] step=51 F_W=(+0.0000,+0.0000,+0.0000) F_on_box=(-0.0000,-0.0000,-0.0000) n_face_out=(-0.0000,-0.0000,-0.0000) A_is_ee=0 box_q=(+1.00000,-0.00001,+0.00001,-0.00000) box_p=(+0.00000,+0.00000,+0.04999) ee_p=(+0.01425,+0.02233,+0.15078)
[CONTACT-ELEM] step=152 element=manipulated_object::collision phi=+0.0257m
[LATERAL] perp=24.1mm scale=50.0mm strength=0.48 shift_mm=(+0.0,-11.6)
[ADMM-C3+] primal: 24.1357->169.7393  dual: 578.8379->3420.3895  mono=False  iters=25/25  rho=25.0
[ADMM-C3+] WARNING non-converged: pr=169.7393 dr=3420.3895 tol=1e-03
[MATH.δ-C3+] Bui 2026 eq (12) projection results (N=20 × 12 λ-components):
[MATH.δ-C3+]   case 1 (η wins, λ→0):     79
[MATH.δ-C3+]   case 2 (λ wins, η→0):     115
[MATH.δ-C3+]   case 3 (both zero):       46
[MATH.δ-C3+] First step k=0, component 0:
[MATH.δ-C3+]   pre:  λ°=0.1137, η°=-101.5719
[MATH.δ-C3+]   post: δ_λ=0.2752, δ_η=0.0000
[MATH.ω-C3+] ω update: ω += (z-δ), over 25 ADMM iters
[MATH.ω-C3+] ||ω||=738.1246, ||z-δ||_max=65.8289  (scale differs from C3 — ω carries η-block residuals too)
[MATH.ω-C3+] ρ decision: primal=169.7393, dual=3.4204e+03, ratio=0.0496 < 0.1 → would halve ρ to 12.5000
[MATH.ω-C3+] Note: adaptive-ρ fires every 10 iters; current max_iter=25
[C3+] step=153 |u[0]|=47.24N u_axis=(+30.00,+30.00,-20.78)N λ_n_max=75.641 η_n_max=9.884 primal=169.739 iters=25/25 lcp_res_max=inf
[ADMIT-GUARD] step=52 admit_active=1 latch=0/0 ee_z=0.151 gate_cap=0
[ALT-GATE] step=52 target_stable=0/0 allow_descent=1
[GS-tgt] step=52 ee=(+0.015,+0.024,+0.151) p_repos=(+0.046,+0.080,+0.030) ee_to_target=0.137m target_label=prev_repos target_changed=N delta=0.000m
[GS] step=52 mode=free switch=kStayInRepos best_k=1 best_src=prev_repos curr_cost=167422.28 repos_cost=91907.13 best_other=91907.13 met_progress=Y steps_since_improve=50 switches=0
[STEP] step=52 mode=free t=0.520s ee=(+0.015,+0.024,+0.151) obj=(+0.000,+0.000,+0.050) goal_dist=0.300m switch=kStayInRepos target=(+0.016,+0.026,+0.150) ee_stride=0.002m ee_to_ptarget=0.137m landing_err=0.1178m ik_ok=Y ik_resid=0.0002m q_max_resid_deg=9.20 target_changed=Y retgt=N held_idx=1 held_cost=91907.13 won_cost=91907.13 margin=+0.00 won_src=prev_repos held_valid=Y reason=hold setpoint_to_ptarget=nanm finished_val=nanm finished_thresh=0.0200m pd_resid=nanm nextwp_to_ptarget=nanm guide_terminal_err=nanm
[GATE-EVOLVE] step=52 curr=167422.28 best_other=91907.13 ratio=1.8216 ee_to_optimal=0.0645m phi=0.0257m
[STAGE-A-TRACE] step=52 sim_t=0.520 mode=free phi=0.02574 box_xy=+0.00000,+0.00000 lam_n_ee_box=nan qy=+0.00001 qz=-0.00000 finished_repos=0
[DRAKE-CONTACT] step=52 n_pairs=1 ee_box_normal=0.000
[GATE-CONTACT] step=52 F_W=(+0.0000,+0.0000,+0.0000) F_on_box=(-0.0000,-0.0000,-0.0000) n_face_out=(-0.0000,-0.0000,-0.0000) A_is_ee=0 box_q=(+1.00000,-0.00001,+0.00001,-0.00000) box_p=(+0.00000,+0.00000,+0.04999) ee_p=(+0.01520,+0.02409,+0.15073)
[CONTACT-ELEM] step=155 element=manipulated_object::collision phi=+0.0257m
[LATERAL] perp=25.8mm scale=50.0mm strength=0.52 shift_mm=(+0.0,-13.3)
[ADMM-C3+] primal: 23.9282->164.1104  dual: 581.5004->3413.8301  mono=False  iters=25/25  rho=25.0
[ADMM-C3+] WARNING non-converged: pr=164.1104 dr=3413.8301 tol=1e-03
[MATH.δ-C3+] Bui 2026 eq (12) projection results (N=20 × 12 λ-components):
[MATH.δ-C3+]   case 1 (η wins, λ→0):     75
[MATH.δ-C3+]   case 2 (λ wins, η→0):     131
[MATH.δ-C3+]   case 3 (both zero):       34
[MATH.δ-C3+] First step k=0, component 0:
[MATH.δ-C3+]   pre:  λ°=0.0465, η°=-99.3202
[MATH.δ-C3+]   post: δ_λ=0.2499, δ_η=0.0000
[MATH.ω-C3+] ω update: ω += (z-δ), over 25 ADMM iters
[MATH.ω-C3+] ||ω||=726.2811, ||z-δ||_max=73.9526  (scale differs from C3 — ω carries η-block residuals too)
[MATH.ω-C3+] ρ decision: primal=164.1104, dual=3.4138e+03, ratio=0.0481 < 0.1 → would halve ρ to 12.5000
[MATH.ω-C3+] Note: adaptive-ρ fires every 10 iters; current max_iter=25
[C3+] step=156 |u[0]|=40.93N u_axis=(+19.02,+30.00,-20.34)N λ_n_max=82.469 η_n_max=12.271 primal=164.110 iters=25/25 lcp_res_max=3.39e-05
[ADMIT-GUARD] step=53 admit_active=1 latch=0/0 ee_z=0.151 gate_cap=0
[ALT-GATE] step=53 target_stable=0/0 allow_descent=1
[GS-tgt] step=53 ee=(+0.016,+0.026,+0.151) p_repos=(+0.046,+0.080,+0.030) ee_to_target=0.136m target_label=prev_repos target_changed=N delta=0.000m
[GS] step=53 mode=free switch=kStayInRepos best_k=1 best_src=prev_repos curr_cost=168844.91 repos_cost=88586.49 best_other=88586.49 met_progress=Y steps_since_improve=51 switches=0
[STEP] step=53 mode=free t=0.530s ee=(+0.016,+0.026,+0.151) obj=(+0.000,+0.000,+0.050) goal_dist=0.300m switch=kStayInRepos target=(+0.016,+0.027,+0.150) ee_stride=0.002m ee_to_ptarget=0.136m landing_err=0.1174m ik_ok=Y ik_resid=0.0003m q_max_resid_deg=9.60 target_changed=Y retgt=N held_idx=1 held_cost=88586.49 won_cost=88586.49 margin=+0.00 won_src=prev_repos held_valid=Y reason=hold setpoint_to_ptarget=nanm finished_val=nanm finished_thresh=0.0200m pd_resid=nanm nextwp_to_ptarget=nanm guide_terminal_err=nanm
[GATE-EVOLVE] step=53 curr=168844.91 best_other=88586.49 ratio=1.9060 ee_to_optimal=0.0643m phi=0.0257m
[STAGE-A-TRACE] step=53 sim_t=0.530 mode=free phi=0.02570 box_xy=+0.00000,+0.00000 lam_n_ee_box=nan qy=+0.00001 qz=-0.00000 finished_repos=0
[DRAKE-CONTACT] step=53 n_pairs=1 ee_box_normal=0.000
[GATE-CONTACT] step=53 F_W=(+0.0000,+0.0000,+0.0000) F_on_box=(-0.0000,-0.0000,-0.0000) n_face_out=(-0.0000,-0.0000,-0.0000) A_is_ee=0 box_q=(+1.00000,-0.00001,+0.00001,-0.00000) box_p=(+0.00000,+0.00000,+0.04999) ee_p=(+0.01614,+0.02582,+0.15069)
[CONTACT-ELEM] step=158 element=manipulated_object::collision phi=+0.0257m
[LATERAL] perp=27.5mm scale=50.0mm strength=0.55 shift_mm=(+0.0,-15.2)
[ADMM-C3+] primal: 23.6889->118.4288  dual: 583.6712->2512.2945  mono=False  iters=25/25  rho=25.0
[ADMM-C3+] WARNING non-converged: pr=118.4288 dr=2512.2945 tol=1e-03
[MATH.δ-C3+] Bui 2026 eq (12) projection results (N=20 × 12 λ-components):
[MATH.δ-C3+]   case 1 (η wins, λ→0):     76
[MATH.δ-C3+]   case 2 (λ wins, η→0):     132
[MATH.δ-C3+]   case 3 (both zero):       32
[MATH.δ-C3+] First step k=0, component 0:
[MATH.δ-C3+]   pre:  λ°=0.1362, η°=-99.0877
[MATH.δ-C3+]   post: δ_λ=0.1814, δ_η=0.0000
[MATH.ω-C3+] ω update: ω += (z-δ), over 25 ADMM iters
[MATH.ω-C3+] ||ω||=684.9085, ||z-δ||_max=49.8362  (scale differs from C3 — ω carries η-block residuals too)
[MATH.ω-C3+] ρ decision: primal=118.4288, dual=2.5123e+03, ratio=0.0471 < 0.1 → would halve ρ to 12.5000
[MATH.ω-C3+] Note: adaptive-ρ fires every 10 iters; current max_iter=25
[C3+] step=159 |u[0]|=35.42N u_axis=(+8.46,+30.00,-16.81)N λ_n_max=55.765 η_n_max=5.243 primal=118.429 iters=25/25 lcp_res_max=2.43e-05
[ADMIT-GUARD] step=54 admit_active=1 latch=0/0 ee_z=0.151 gate_cap=0
[ALT-GATE] step=54 target_stable=0/0 allow_descent=1
[GS-tgt] step=54 ee=(+0.017,+0.028,+0.151) p_repos=(+0.046,+0.080,+0.030) ee_to_target=0.135m target_label=prev_repos target_changed=N delta=0.000m
[GS] step=54 mode=free switch=kStayInRepos best_k=1 best_src=prev_repos curr_cost=140208.14 repos_cost=85488.63 best_other=85488.63 met_progress=Y steps_since_improve=52 switches=0
[STEP] step=54 mode=free t=0.540s ee=(+0.017,+0.028,+0.151) obj=(+0.000,+0.000,+0.050) goal_dist=0.300m switch=kStayInRepos target=(+0.017,+0.029,+0.150) ee_stride=0.002m ee_to_ptarget=0.135m landing_err=0.1173m ik_ok=Y ik_resid=0.0003m q_max_resid_deg=10.01 target_changed=Y retgt=N held_idx=1 held_cost=85488.63 won_cost=85488.63 margin=+0.00 won_src=prev_repos held_valid=Y reason=hold setpoint_to_ptarget=nanm finished_val=nanm finished_thresh=0.0200m pd_resid=nanm nextwp_to_ptarget=nanm guide_terminal_err=nanm
[GATE-EVOLVE] step=54 curr=140208.14 best_other=85488.63 ratio=1.6401 ee_to_optimal=0.0641m phi=0.0257m
[STAGE-A-TRACE] step=54 sim_t=0.540 mode=free phi=0.02566 box_xy=+0.00000,+0.00000 lam_n_ee_box=nan qy=+0.00001 qz=-0.00000 finished_repos=0
[DRAKE-CONTACT] step=54 n_pairs=1 ee_box_normal=0.000
[GATE-CONTACT] step=54 F_W=(+0.0000,+0.0000,+0.0000) F_on_box=(-0.0000,-0.0000,-0.0000) n_face_out=(-0.0000,-0.0000,-0.0000) A_is_ee=0 box_q=(+1.00000,-0.00001,+0.00001,-0.00000) box_p=(+0.00000,+0.00000,+0.04999) ee_p=(+0.01707,+0.02753,+0.15065)
[CONTACT-ELEM] step=161 element=manipulated_object::collision phi=+0.0256m
[LATERAL] perp=29.2mm scale=50.0mm strength=0.58 shift_mm=(+0.0,-17.1)
[ADMM-C3+] primal: 23.4394->127.8957  dual: 585.8091->3309.8591  mono=False  iters=25/25  rho=25.0
[ADMM-C3+] WARNING non-converged: pr=127.8957 dr=3309.8591 tol=1e-03
[MATH.δ-C3+] Bui 2026 eq (12) projection results (N=20 × 12 λ-components):
[MATH.δ-C3+]   case 1 (η wins, λ→0):     75
[MATH.δ-C3+]   case 2 (λ wins, η→0):     126
[MATH.δ-C3+]   case 3 (both zero):       39
[MATH.δ-C3+] First step k=0, component 0:
[MATH.δ-C3+]   pre:  λ°=0.2190, η°=-95.1615
[MATH.δ-C3+]   post: δ_λ=0.1461, δ_η=0.0000
[MATH.ω-C3+] ω update: ω += (z-δ), over 25 ADMM iters
[MATH.ω-C3+] ||ω||=638.5739, ||z-δ||_max=39.1184  (scale differs from C3 — ω carries η-block residuals too)
[MATH.ω-C3+] ρ decision: primal=127.8957, dual=3.3099e+03, ratio=0.0386 < 0.1 → would halve ρ to 12.5000
[MATH.ω-C3+] Note: adaptive-ρ fires every 10 iters; current max_iter=25
[C3+] step=162 |u[0]|=32.92N u_axis=(-6.09,+30.00,-12.12)N λ_n_max=19.449 η_n_max=3.182 primal=127.896 iters=25/25 lcp_res_max=inf
[ADMIT-GUARD] step=55 admit_active=1 latch=0/0 ee_z=0.151 gate_cap=0
[ALT-GATE] step=55 target_stable=0/0 allow_descent=1
[GS-tgt] step=55 ee=(+0.018,+0.029,+0.151) p_repos=(+0.046,+0.080,+0.030) ee_to_target=0.134m target_label=prev_repos target_changed=N delta=0.000m
[GS] step=55 mode=free switch=kStayInRepos best_k=1 best_src=prev_repos curr_cost=112291.88 repos_cost=82612.49 best_other=82612.49 met_progress=Y steps_since_improve=53 switches=0
[STEP] step=55 mode=free t=0.550s ee=(+0.018,+0.029,+0.151) obj=(+0.000,+0.000,+0.050) goal_dist=0.300m switch=kStayInRepos target=(+0.018,+0.031,+0.150) ee_stride=0.001m ee_to_ptarget=0.134m landing_err=0.1132m ik_ok=Y ik_resid=0.0003m q_max_resid_deg=10.53 target_changed=Y retgt=N held_idx=1 held_cost=82612.49 won_cost=82612.49 margin=+0.00 won_src=prev_repos held_valid=Y reason=hold setpoint_to_ptarget=nanm finished_val=nanm finished_thresh=0.0200m pd_resid=nanm nextwp_to_ptarget=nanm guide_terminal_err=nanm
[GATE-EVOLVE] step=55 curr=112291.88 best_other=82612.49 ratio=1.3593 ee_to_optimal=0.0641m phi=0.0256m
[STAGE-A-TRACE] step=55 sim_t=0.550 mode=free phi=0.02563 box_xy=+0.00000,+0.00000 lam_n_ee_box=nan qy=+0.00001 qz=-0.00000 finished_repos=0
[DRAKE-CONTACT] step=55 n_pairs=1 ee_box_normal=0.000
[GATE-CONTACT] step=55 F_W=(+0.0000,+0.0000,+0.0000) F_on_box=(-0.0000,-0.0000,-0.0000) n_face_out=(-0.0000,-0.0000,-0.0000) A_is_ee=0 box_q=(+1.00000,-0.00001,+0.00001,-0.00000) box_p=(+0.00000,+0.00000,+0.04999) ee_p=(+0.01799,+0.02922,+0.15062)
[CONTACT-ELEM] step=164 element=manipulated_object::collision phi=+0.0256m
[LATERAL] perp=30.9mm scale=50.0mm strength=0.62 shift_mm=(+0.0,-19.1)
[ADMM-C3+] primal: 23.1891->139.5777  dual: 588.2098->2592.1459  mono=False  iters=25/25  rho=25.0
[ADMM-C3+] WARNING non-converged: pr=139.5777 dr=2592.1459 tol=1e-03
[MATH.δ-C3+] Bui 2026 eq (12) projection results (N=20 × 12 λ-components):
[MATH.δ-C3+]   case 1 (η wins, λ→0):     67
[MATH.δ-C3+]   case 2 (λ wins, η→0):     120
[MATH.δ-C3+]   case 3 (both zero):       53
[MATH.δ-C3+] First step k=0, component 0:
[MATH.δ-C3+]   pre:  λ°=0.1511, η°=-95.3543
[MATH.δ-C3+]   post: δ_λ=0.1574, δ_η=0.0000
[MATH.ω-C3+] ω update: ω += (z-δ), over 25 ADMM iters
[MATH.ω-C3+] ||ω||=620.6735, ||z-δ||_max=50.4313  (scale differs from C3 — ω carries η-block residuals too)
[MATH.ω-C3+] ρ decision: primal=139.5777, dual=2.5921e+03, ratio=0.0538 < 0.1 → would halve ρ to 12.5000
[MATH.ω-C3+] Note: adaptive-ρ fires every 10 iters; current max_iter=25
[C3+] step=165 |u[0]|=33.54N u_axis=(+0.99,+30.00,-14.98)N λ_n_max=53.948 η_n_max=5.443 primal=139.578 iters=25/25 lcp_res_max=inf
[ADMIT-GUARD] step=56 admit_active=1 latch=0/0 ee_z=0.151 gate_cap=0
[ALT-GATE] step=56 target_stable=0/0 allow_descent=1
[GS-tgt] step=56 ee=(+0.019,+0.031,+0.151) p_repos=(+0.046,+0.080,+0.030) ee_to_target=0.133m target_label=prev_repos target_changed=N delta=0.000m
[GS] step=56 mode=free switch=kStayInRepos best_k=1 best_src=prev_repos curr_cost=118539.53 repos_cost=79906.33 best_other=79906.33 met_progress=Y steps_since_improve=54 switches=0
[STEP] step=56 mode=free t=0.560s ee=(+0.019,+0.031,+0.151) obj=(+0.000,+0.000,+0.050) goal_dist=0.300m switch=kStayInRepos target=(+0.019,+0.032,+0.150) ee_stride=0.001m ee_to_ptarget=0.133m landing_err=0.1092m ik_ok=Y ik_resid=0.0003m q_max_resid_deg=10.45 target_changed=Y retgt=N held_idx=1 held_cost=79906.33 won_cost=79906.33 margin=+0.00 won_src=prev_repos held_valid=Y reason=hold setpoint_to_ptarget=nanm finished_val=nanm finished_thresh=0.0200m pd_resid=nanm nextwp_to_ptarget=nanm guide_terminal_err=nanm
[GATE-EVOLVE] step=56 curr=118539.53 best_other=79906.33 ratio=1.4835 ee_to_optimal=0.0640m phi=0.0256m
[STAGE-A-TRACE] step=56 sim_t=0.560 mode=free phi=0.02560 box_xy=+0.00000,+0.00000 lam_n_ee_box=nan qy=+0.00001 qz=-0.00000 finished_repos=0
[DRAKE-CONTACT] step=56 n_pairs=1 ee_box_normal=0.000
[GATE-CONTACT] step=56 F_W=(+0.0000,+0.0000,+0.0000) F_on_box=(-0.0000,-0.0000,-0.0000) n_face_out=(-0.0000,-0.0000,-0.0000) A_is_ee=0 box_q=(+1.00000,-0.00001,+0.00001,-0.00000) box_p=(+0.00000,+0.00000,+0.04999) ee_p=(+0.01891,+0.03089,+0.15059)
[CONTACT-ELEM] step=167 element=manipulated_object::collision phi=+0.0256m
[LATERAL] perp=32.6mm scale=50.0mm strength=0.65 shift_mm=(+0.0,-21.2)
[ADMM-C3+] primal: 22.9436->159.2455  dual: 590.9894->3568.9799  mono=False  iters=25/25  rho=25.0
[ADMM-C3+] WARNING non-converged: pr=159.2455 dr=3568.9799 tol=1e-03
[MATH.δ-C3+] Bui 2026 eq (12) projection results (N=20 × 12 λ-components):
[MATH.δ-C3+]   case 1 (η wins, λ→0):     58
[MATH.δ-C3+]   case 2 (λ wins, η→0):     149
[MATH.δ-C3+]   case 3 (both zero):       33
[MATH.δ-C3+] First step k=0, component 0:
[MATH.δ-C3+]   pre:  λ°=0.1414, η°=-95.9535
[MATH.δ-C3+]   post: δ_λ=0.1508, δ_η=0.0000
[MATH.ω-C3+] ω update: ω += (z-δ), over 25 ADMM iters
[MATH.ω-C3+] ||ω||=612.3052, ||z-δ||_max=61.5008  (scale differs from C3 — ω carries η-block residuals too)
[MATH.ω-C3+] ρ decision: primal=159.2455, dual=3.5690e+03, ratio=0.0446 < 0.1 → would halve ρ to 12.5000
[MATH.ω-C3+] Note: adaptive-ρ fires every 10 iters; current max_iter=25
[C3+] step=168 |u[0]|=35.43N u_axis=(-12.37,+30.00,-14.22)N λ_n_max=61.501 η_n_max=6.721 primal=159.245 iters=25/25 lcp_res_max=inf
[ADMIT-GUARD] step=57 admit_active=1 latch=0/0 ee_z=0.151 gate_cap=0
[ALT-GATE] step=57 target_stable=0/0 allow_descent=1
[GS-tgt] step=57 ee=(+0.020,+0.033,+0.151) p_repos=(+0.046,+0.080,+0.030) ee_to_target=0.132m target_label=prev_repos target_changed=N delta=0.000m
[GS] step=57 mode=free switch=kStayInRepos best_k=1 best_src=prev_repos curr_cost=112339.57 repos_cost=77480.91 best_other=77480.91 met_progress=Y steps_since_improve=55 switches=0
[STEP] step=57 mode=free t=0.570s ee=(+0.020,+0.033,+0.151) obj=(+0.000,+0.000,+0.050) goal_dist=0.300m switch=kStayInRepos target=(+0.020,+0.034,+0.150) ee_stride=0.001m ee_to_ptarget=0.132m landing_err=0.1052m ik_ok=Y ik_resid=0.0003m q_max_resid_deg=10.38 target_changed=Y retgt=N held_idx=1 held_cost=77480.91 won_cost=77480.91 margin=+0.00 won_src=prev_repos held_valid=Y reason=hold setpoint_to_ptarget=nanm finished_val=nanm finished_thresh=0.0200m pd_resid=nanm nextwp_to_ptarget=nanm guide_terminal_err=nanm
[GATE-EVOLVE] step=57 curr=112339.57 best_other=77480.91 ratio=1.4499 ee_to_optimal=0.0641m phi=0.0256m
[STAGE-A-TRACE] step=57 sim_t=0.570 mode=free phi=0.02558 box_xy=+0.00000,+0.00000 lam_n_ee_box=nan qy=+0.00001 qz=-0.00000 finished_repos=0
[DRAKE-CONTACT] step=57 n_pairs=1 ee_box_normal=0.000
[GATE-CONTACT] step=57 F_W=(+0.0000,+0.0000,+0.0000) F_on_box=(-0.0000,-0.0000,-0.0000) n_face_out=(-0.0000,-0.0000,-0.0000) A_is_ee=0 box_q=(+1.00000,-0.00001,+0.00001,-0.00000) box_p=(+0.00000,+0.00000,+0.04999) ee_p=(+0.01982,+0.03255,+0.15057)
[CONTACT-ELEM] step=170 element=manipulated_object::collision phi=+0.0256m
[LATERAL] perp=34.2mm scale=50.0mm strength=0.68 shift_mm=(+0.0,-23.4)
[ADMM-C3+] primal: 22.7099->139.7645  dual: 594.4892->2790.0221  mono=False  iters=25/25  rho=25.0
[ADMM-C3+] WARNING non-converged: pr=139.7645 dr=2790.0221 tol=1e-03
[MATH.δ-C3+] Bui 2026 eq (12) projection results (N=20 × 12 λ-components):
[MATH.δ-C3+]   case 1 (η wins, λ→0):     76
[MATH.δ-C3+]   case 2 (λ wins, η→0):     135
[MATH.δ-C3+]   case 3 (both zero):       29
[MATH.δ-C3+] First step k=0, component 0:
[MATH.δ-C3+]   pre:  λ°=0.1409, η°=-96.5040
[MATH.δ-C3+]   post: δ_λ=0.1461, δ_η=0.0000
[MATH.ω-C3+] ω update: ω += (z-δ), over 25 ADMM iters
[MATH.ω-C3+] ||ω||=575.8081, ||z-δ||_max=40.7221  (scale differs from C3 — ω carries η-block residuals too)
[MATH.ω-C3+] ρ decision: primal=139.7645, dual=2.7900e+03, ratio=0.0501 < 0.1 → would halve ρ to 12.5000
[MATH.ω-C3+] Note: adaptive-ρ fires every 10 iters; current max_iter=25
[C3+] step=171 |u[0]|=32.45N u_axis=(-5.40,+30.00,-11.13)N λ_n_max=43.904 η_n_max=3.844 primal=139.764 iters=25/25 lcp_res_max=inf
[ADMIT-GUARD] step=58 admit_active=1 latch=0/0 ee_z=0.151 gate_cap=0
[ALT-GATE] step=58 target_stable=0/0 allow_descent=1
[GS-tgt] step=58 ee=(+0.021,+0.034,+0.151) p_repos=(+0.046,+0.080,+0.030) ee_to_target=0.131m target_label=prev_repos target_changed=N delta=0.000m
[GS] step=58 mode=free switch=kStayInRepos best_k=1 best_src=prev_repos curr_cost=105377.16 repos_cost=75317.98 best_other=75317.98 met_progress=Y steps_since_improve=56 switches=0
[STEP] step=58 mode=free t=0.580s ee=(+0.021,+0.034,+0.151) obj=(+0.000,+0.000,+0.050) goal_dist=0.300m switch=kStayInRepos target=(+0.021,+0.035,+0.150) ee_stride=0.001m ee_to_ptarget=0.131m landing_err=0.1012m ik_ok=Y ik_resid=0.0003m q_max_resid_deg=10.31 target_changed=Y retgt=N held_idx=1 held_cost=75317.98 won_cost=75317.98 margin=+0.00 won_src=prev_repos held_valid=Y reason=hold setpoint_to_ptarget=nanm finished_val=nanm finished_thresh=0.0200m pd_resid=nanm nextwp_to_ptarget=nanm guide_terminal_err=nanm
[GATE-EVOLVE] step=58 curr=105377.16 best_other=75317.98 ratio=1.3991 ee_to_optimal=0.0641m phi=0.0256m
[STAGE-A-TRACE] step=58 sim_t=0.580 mode=free phi=0.02556 box_xy=+0.00000,+0.00000 lam_n_ee_box=nan qy=+0.00001 qz=-0.00000 finished_repos=0
[DRAKE-CONTACT] step=58 n_pairs=1 ee_box_normal=0.000
[GATE-CONTACT] step=58 F_W=(+0.0000,+0.0000,+0.0000) F_on_box=(-0.0000,-0.0000,-0.0000) n_face_out=(-0.0000,-0.0000,-0.0000) A_is_ee=0 box_q=(+1.00000,-0.00001,+0.00001,-0.00000) box_p=(+0.00000,+0.00000,+0.04999) ee_p=(+0.02073,+0.03420,+0.15055)
[CONTACT-ELEM] step=173 element=manipulated_object::collision phi=+0.0255m
[LATERAL] perp=35.8mm scale=50.0mm strength=0.72 shift_mm=(+0.0,-25.7)
[ADMM-C3+] primal: 22.4883->104.5103  dual: 598.2677->3263.9341  mono=False  iters=25/25  rho=25.0
[ADMM-C3+] WARNING non-converged: pr=104.5103 dr=3263.9341 tol=1e-03
[MATH.δ-C3+] Bui 2026 eq (12) projection results (N=20 × 12 λ-components):
[MATH.δ-C3+]   case 1 (η wins, λ→0):     51
[MATH.δ-C3+]   case 2 (λ wins, η→0):     153
[MATH.δ-C3+]   case 3 (both zero):       36
[MATH.δ-C3+] First step k=0, component 0:
[MATH.δ-C3+]   pre:  λ°=0.1461, η°=-94.8191
[MATH.δ-C3+]   post: δ_λ=0.1461, δ_η=0.0000
[MATH.ω-C3+] ω update: ω += (z-δ), over 25 ADMM iters
[MATH.ω-C3+] ||ω||=578.7539, ||z-δ||_max=28.6778  (scale differs from C3 — ω carries η-block residuals too)
[MATH.ω-C3+] ρ decision: primal=104.5103, dual=3.2639e+03, ratio=0.0320 < 0.1 → would halve ρ to 12.5000
[MATH.ω-C3+] Note: adaptive-ρ fires every 10 iters; current max_iter=25
[C3+] step=174 |u[0]|=36.18N u_axis=(-17.02,+30.00,-10.94)N λ_n_max=28.851 η_n_max=5.875 primal=104.510 iters=25/25 lcp_res_max=inf
[ADMIT-GUARD] step=59 admit_active=1 latch=0/0 ee_z=0.151 gate_cap=0
[ALT-GATE] step=59 target_stable=0/0 allow_descent=1
[GS-tgt] step=59 ee=(+0.022,+0.036,+0.151) p_repos=(+0.046,+0.080,+0.030) ee_to_target=0.131m target_label=prev_repos target_changed=N delta=0.000m
[GS] step=59 mode=free switch=kStayInRepos best_k=1 best_src=prev_repos curr_cost=95467.36 repos_cost=73386.95 best_other=73386.95 met_progress=Y steps_since_improve=57 switches=0
[STEP] step=59 mode=free t=0.590s ee=(+0.022,+0.036,+0.151) obj=(+0.000,+0.000,+0.050) goal_dist=0.300m switch=kStayInRepos target=(+0.022,+0.037,+0.150) ee_stride=0.001m ee_to_ptarget=0.131m landing_err=0.0972m ik_ok=Y ik_resid=0.0003m q_max_resid_deg=10.25 target_changed=Y retgt=N held_idx=1 held_cost=73386.95 won_cost=73386.95 margin=+0.00 won_src=prev_repos held_valid=Y reason=hold setpoint_to_ptarget=nanm finished_val=nanm finished_thresh=0.0200m pd_resid=nanm nextwp_to_ptarget=nanm guide_terminal_err=nanm
[GATE-EVOLVE] step=59 curr=95467.36 best_other=73386.95 ratio=1.3009 ee_to_optimal=0.0643m phi=0.0255m
[STAGE-A-TRACE] step=59 sim_t=0.590 mode=free phi=0.02555 box_xy=+0.00000,+0.00000 lam_n_ee_box=nan qy=+0.00001 qz=+0.00000 finished_repos=0
[DRAKE-CONTACT] step=59 n_pairs=1 ee_box_normal=0.000
[GATE-CONTACT] step=59 F_W=(+0.0000,+0.0000,+0.0000) F_on_box=(-0.0000,-0.0000,-0.0000) n_face_out=(-0.0000,-0.0000,-0.0000) A_is_ee=0 box_q=(+1.00000,-0.00001,+0.00001,+0.00000) box_p=(+0.00000,+0.00000,+0.04999) ee_p=(+0.02163,+0.03583,+0.15054)
[CONTACT-ELEM] step=176 element=manipulated_object::collision phi=+0.0255m
[LATERAL] perp=37.5mm scale=50.0mm strength=0.75 shift_mm=(+0.0,-28.1)
[ADMM-C3+] primal: 22.2800->76.9310  dual: 601.9080->1384.6312  mono=False  iters=25/25  rho=25.0
[ADMM-C3+] WARNING non-converged: pr=76.9310 dr=1384.6312 tol=1e-03
[MATH.δ-C3+] Bui 2026 eq (12) projection results (N=20 × 12 λ-components):
[MATH.δ-C3+]   case 1 (η wins, λ→0):     54
[MATH.δ-C3+]   case 2 (λ wins, η→0):     135
[MATH.δ-C3+]   case 3 (both zero):       51
[MATH.δ-C3+] First step k=0, component 0:
[MATH.δ-C3+]   pre:  λ°=0.1461, η°=-94.5814
[MATH.δ-C3+]   post: δ_λ=0.1461, δ_η=0.0000
[MATH.ω-C3+] ω update: ω += (z-δ), over 25 ADMM iters
[MATH.ω-C3+] ||ω||=553.3286, ||z-δ||_max=18.5885  (scale differs from C3 — ω carries η-block residuals too)
[MATH.ω-C3+] ρ decision: primal=76.9310, dual=1.3846e+03, ratio=0.0556 < 0.1 → would halve ρ to 12.5000
[MATH.ω-C3+] Note: adaptive-ρ fires every 10 iters; current max_iter=25
[C3+] step=177 |u[0]|=40.43N u_axis=(-25.84,+30.00,-8.19)N λ_n_max=28.328 η_n_max=2.537 primal=76.931 iters=25/25 lcp_res_max=7.69e-06
[ADMIT-GUARD] step=60 admit_active=1 latch=0/0 ee_z=0.151 gate_cap=0
[ALT-GATE] step=60 target_stable=0/0 allow_descent=1
[GS-tgt] step=60 ee=(+0.023,+0.037,+0.151) p_repos=(+0.046,+0.080,+0.030) ee_to_target=0.130m target_label=prev_repos target_changed=N delta=0.000m
[IMP] step=60 mode=free |x_err|=0.0011m |tau_imp|=0.61Nm |tau_ff|=0.00Nm |tau_out|=0.61Nm sat=False lam_n=False lam_t=False
[GS] step=60 mode=free switch=kStayInRepos best_k=1 best_src=prev_repos curr_cost=94533.96 repos_cost=71667.20 best_other=71667.20 met_progress=Y steps_since_improve=58 switches=0
[STEP] step=60 mode=free t=0.600s ee=(+0.023,+0.037,+0.151) obj=(+0.000,+0.000,+0.050) goal_dist=0.300m switch=kStayInRepos target=(+0.023,+0.038,+0.150) ee_stride=0.001m ee_to_ptarget=0.130m landing_err=0.0932m ik_ok=Y ik_resid=0.0003m q_max_resid_deg=10.20 target_changed=Y retgt=N held_idx=1 held_cost=71667.20 won_cost=71667.20 margin=+0.00 won_src=prev_repos held_valid=Y reason=hold setpoint_to_ptarget=nanm finished_val=nanm finished_thresh=0.0200m pd_resid=nanm nextwp_to_ptarget=nanm guide_terminal_err=nanm
[GATE-EVOLVE] step=60 curr=94533.96 best_other=71667.20 ratio=1.3191 ee_to_optimal=0.0645m phi=0.0255m
[STAGE-A-TRACE] step=60 sim_t=0.600 mode=free phi=0.02553 box_xy=+0.00000,+0.00000 lam_n_ee_box=nan qy=+0.00001 qz=+0.00000 finished_repos=0
[GS-table] step=60
  k=0 (current   ) pos=(+0.023,+0.037,+0.151) c_C3=  94534.11 align=0.0000(bonus=    0.15) rot=+0.0000(bonus=    0.00) travel=0.000m(pen=  0.00) c_sample=  94533.96 feas=Y ik_err=0.0000m
  k=1 (prev_repos) pos=(+0.046,+0.080,+0.030) c_C3=  71641.37 align=0.0000(bonus=    0.15) rot=+0.0000(bonus=    0.00) travel=0.130m(pen= 25.99) c_sample=  71667.20 feas=Y ik_err=0.0000m  ← WIN
  k=2 (strat_0   ) pos=(+0.046,+0.080,+0.030) c_C3=  71641.37 align=0.0000(bonus=    0.15) rot=+0.0000(bonus=    0.00) travel=0.130m(pen= 25.99) c_sample=  71667.20 feas=Y ik_err=0.0000m
[DRAKE-CONTACT] step=60 n_pairs=1 ee_box_normal=0.000
[GATE-CONTACT] step=60 F_W=(+0.0000,+0.0000,+0.0000) F_on_box=(-0.0000,-0.0000,-0.0000) n_face_out=(-0.0000,-0.0000,-0.0000) A_is_ee=0 box_q=(+1.00000,-0.00001,+0.00001,+0.00000) box_p=(+0.00000,+0.00000,+0.04999) ee_p=(+0.02253,+0.03745,+0.15052)
[PERSIST] step=61 refresh n_strategy=1 samples=[(0.08, 0.0, 0.03)]
[CONTACT-ELEM] step=179 element=manipulated_object::collision phi=+0.0255m
[LATERAL] perp=39.1mm scale=50.0mm strength=0.78 shift_mm=(+0.0,-30.5)
[ADMM-C3+] primal: 22.0863->92.6476  dual: 605.9189->1905.3943  mono=False  iters=25/25  rho=25.0
[ADMM-C3+] WARNING non-converged: pr=92.6476 dr=1905.3943 tol=1e-03
[MATH.QP-C3+] Minimizing: (1/2) z^T P z + q^T z  (z augmented with η)
[MATH.QP-C3+]   s.t. A_eq z = b_eq  (639 rows = x_0 fixation + 20 dynamics + 240 η-slack rows; slack-equality block ADDED)
[MATH.QP-C3+]        bbox: λ_n ≥ 0, |u| ≤ 30.0 N (EE force)  (η is unbounded — sign enforced via projection eq 12)
[MATH.QP-C3+] P shape=(939,939), symmetric=True, pos-semidef=True, cond(P)=4.0000e+05
[MATH.QP-C3+] q norm=3.9826e+05
[MATH.QP-C3+] Augmented term: (ρ/2) Σ ||z-δ+ω||^2_G  ρ=25.0000  (G=I in v1: u_λ=u_η=1)
[MATH.QP-C3+] Soft complementarity: w_comp=0.0000  (C3+ disables it — η equality replaces the linear penalty)
[MATH.QP-C3+] OSQP status: solved, iters=250, solve time=11.18ms
[MATH.δ-C3+] Bui 2026 eq (12) projection results (N=20 × 12 λ-components):
[MATH.δ-C3+]   case 1 (η wins, λ→0):     63
[MATH.δ-C3+]   case 2 (λ wins, η→0):     126
[MATH.δ-C3+]   case 3 (both zero):       51
[MATH.δ-C3+] First step k=0, component 0:
[MATH.δ-C3+]   pre:  λ°=0.1461, η°=-93.8650
[MATH.δ-C3+]   post: δ_λ=0.1461, δ_η=0.0000
[MATH.ω-C3+] ω update: ω += (z-δ), over 25 ADMM iters
[MATH.ω-C3+] ||ω||=534.6545, ||z-δ||_max=33.4062  (scale differs from C3 — ω carries η-block residuals too)
[MATH.ω-C3+] ρ decision: primal=92.6476, dual=1.9054e+03, ratio=0.0486 < 0.1 → would halve ρ to 12.5000
[MATH.ω-C3+] Note: adaptive-ρ fires every 10 iters; current max_iter=25
[C3+] step=180 |u[0]|=35.15N u_axis=(-15.95,+30.00,-9.01)N λ_n_max=20.400 η_n_max=1.665 primal=92.648 iters=25/25 lcp_res_max=inf
[ADMIT-GUARD] step=61 admit_active=1 latch=0/0 ee_z=0.151 gate_cap=0
[ALT-GATE] step=61 target_stable=0/0 allow_descent=1
[GS-tgt] step=61 ee=(+0.023,+0.039,+0.151) p_repos=(+0.080,+0.000,+0.030) ee_to_target=0.139m target_label=strat_0 target_changed=Y delta=0.087m
[STAGE-A-PWL] step=61 sim_t=0.610 build p_start=(+0.0234,+0.0391,+0.1505) p_target=(+0.0800,+0.0000,+0.0300) K=3 t_end=1.659
[GS] step=61 mode=free switch=kToBetterRepos best_k=2 best_src=strat_0 curr_cost=92468.35 repos_cost=40134.76 best_other=40134.76 met_progress=Y steps_since_improve=59 switches=0
[STEP] step=61 mode=free t=0.610s ee=(+0.023,+0.039,+0.151) obj=(+0.000,+0.000,+0.050) goal_dist=0.300m switch=kToBetterRepos target=(+0.023,+0.039,+0.151) ee_stride=0.000m ee_to_ptarget=0.139m landing_err=0.1368m ik_ok=Y ik_resid=0.0001m q_max_resid_deg=0.39 target_changed=Y retgt=Y held_idx=1 held_cost=70134.95 won_cost=40134.76 margin=+30000.20 won_src=strat_0 held_valid=Y reason=new_sample_better setpoint_to_ptarget=nanm finished_val=nanm finished_thresh=0.0200m pd_resid=nanm nextwp_to_ptarget=nanm guide_terminal_err=nanm
[GATE-EVOLVE] step=61 curr=92468.35 best_other=40134.76 ratio=2.3039 ee_to_optimal=0.0647m phi=0.0255m
[STAGE-A-TRACE] step=61 sim_t=0.610 mode=free phi=0.02552 box_xy=+0.00000,+0.00000 lam_n_ee_box=nan qy=+0.00001 qz=+0.00000 finished_repos=0
[DRAKE-CONTACT] step=61 n_pairs=1 ee_box_normal=0.000
[GATE-CONTACT] step=61 F_W=(+0.0000,+0.0000,+0.0000) F_on_box=(-0.0000,-0.0000,-0.0000) n_face_out=(-0.0000,-0.0000,-0.0000) A_is_ee=0 box_q=(+1.00000,-0.00001,+0.00001,+0.00000) box_p=(+0.00000,+0.00000,+0.04999) ee_p=(+0.02343,+0.03907,+0.15051)
[CONTACT-ELEM] step=182 element=manipulated_object::collision phi=+0.0255m
[LATERAL] perp=40.2mm scale=50.0mm strength=0.80 shift_mm=(+0.0,-32.3)
[ADMM-C3+] primal: 22.1468->109.2008  dual: 602.8055->1996.4039  mono=False  iters=25/25  rho=25.0
[ADMM-C3+] WARNING non-converged: pr=109.2008 dr=1996.4039 tol=1e-03
[MATH.δ-C3+] Bui 2026 eq (12) projection results (N=20 × 12 λ-components):
[MATH.δ-C3+]   case 1 (η wins, λ→0):     47
[MATH.δ-C3+]   case 2 (λ wins, η→0):     157
[MATH.δ-C3+]   case 3 (both zero):       36
[MATH.δ-C3+] First step k=0, component 0:
[MATH.δ-C3+]   pre:  λ°=0.1461, η°=-92.8359
[MATH.δ-C3+]   post: δ_λ=0.1461, δ_η=0.0000
[MATH.ω-C3+] ω update: ω += (z-δ), over 25 ADMM iters
[MATH.ω-C3+] ||ω||=516.8857, ||z-δ||_max=64.8805  (scale differs from C3 — ω carries η-block residuals too)
[MATH.ω-C3+] ρ decision: primal=109.2008, dual=1.9964e+03, ratio=0.0547 < 0.1 → would halve ρ to 12.5000
[MATH.ω-C3+] Note: adaptive-ρ fires every 10 iters; current max_iter=25
[C3+] step=183 |u[0]|=35.73N u_axis=(-16.06,+30.00,-10.91)N λ_n_max=70.771 η_n_max=3.469 primal=109.201 iters=25/25 lcp_res_max=2.42e-06
[ADMIT-GUARD] step=62 admit_active=1 latch=0/0 ee_z=0.150 gate_cap=0
[ALT-GATE] step=62 target_stable=0/0 allow_descent=1
[GS-tgt] step=62 ee=(+0.024,+0.040,+0.150) p_repos=(+0.080,+0.000,+0.030) ee_to_target=0.139m target_label=prev_repos target_changed=N delta=0.000m
[GS] step=62 mode=free switch=kStayInRepos best_k=1 best_src=prev_repos curr_cost=96348.25 repos_cost=40832.74 best_other=40832.74 met_progress=N steps_since_improve=60 switches=0
[STEP] step=62 mode=free t=0.620s ee=(+0.024,+0.040,+0.150) obj=(+0.000,+0.000,+0.050) goal_dist=0.300m switch=kStayInRepos target=(+0.025,+0.038,+0.150) ee_stride=0.002m ee_to_ptarget=0.139m landing_err=0.1350m ik_ok=Y ik_resid=0.0003m q_max_resid_deg=0.98 target_changed=Y retgt=N held_idx=1 held_cost=40832.74 won_cost=40832.74 margin=+0.00 won_src=prev_repos held_valid=Y reason=hold setpoint_to_ptarget=nanm finished_val=nanm finished_thresh=0.0200m pd_resid=nanm nextwp_to_ptarget=nanm guide_terminal_err=nanm
[GATE-EVOLVE] step=62 curr=96348.25 best_other=40832.74 ratio=2.3596 ee_to_optimal=0.0646m phi=0.0255m
[STAGE-A-TRACE] step=62 sim_t=0.620 mode=free phi=0.02548 box_xy=+0.00000,+0.00000 lam_n_ee_box=nan qy=+0.00001 qz=+0.00000 finished_repos=0
[DRAKE-CONTACT] step=62 n_pairs=1 ee_box_normal=0.000
[GATE-CONTACT] step=62 F_W=(+0.0000,+0.0000,+0.0000) F_on_box=(-0.0000,-0.0000,-0.0000) n_face_out=(-0.0000,-0.0000,-0.0000) A_is_ee=0 box_q=(+1.00000,-0.00001,+0.00001,+0.00000) box_p=(+0.00000,+0.00000,+0.04999) ee_p=(+0.02444,+0.04017,+0.15046)
[CONTACT-ELEM] step=185 element=manipulated_object::collision phi=+0.0254m
[LATERAL] perp=40.5mm scale=50.0mm strength=0.81 shift_mm=(+0.0,-32.8)
[ADMM-C3+] primal: 22.6002->107.8838  dual: 590.3448->2195.5116  mono=False  iters=25/25  rho=25.0
[ADMM-C3+] WARNING non-converged: pr=107.8838 dr=2195.5116 tol=1e-03
[MATH.δ-C3+] Bui 2026 eq (12) projection results (N=20 × 12 λ-components):
[MATH.δ-C3+]   case 1 (η wins, λ→0):     51
[MATH.δ-C3+]   case 2 (λ wins, η→0):     156
[MATH.δ-C3+]   case 3 (both zero):       33
[MATH.δ-C3+] First step k=0, component 0:
[MATH.δ-C3+]   pre:  λ°=0.1221, η°=-90.2586
[MATH.δ-C3+]   post: δ_λ=0.1420, δ_η=0.0000
[MATH.ω-C3+] ω update: ω += (z-δ), over 25 ADMM iters
[MATH.ω-C3+] ||ω||=511.4257, ||z-δ||_max=47.4725  (scale differs from C3 — ω carries η-block residuals too)
[MATH.ω-C3+] ρ decision: primal=107.8838, dual=2.1955e+03, ratio=0.0491 < 0.1 → would halve ρ to 12.5000
[MATH.ω-C3+] Note: adaptive-ρ fires every 10 iters; current max_iter=25
[C3+] step=186 |u[0]|=33.25N u_axis=(-5.55,+30.00,-13.21)N λ_n_max=48.096 η_n_max=3.927 primal=107.884 iters=25/25 lcp_res_max=8.50e-06
[ADMIT-GUARD] step=63 admit_active=1 latch=0/0 ee_z=0.150 gate_cap=0
[ALT-GATE] step=63 target_stable=0/0 allow_descent=1
[GS-tgt] step=63 ee=(+0.026,+0.040,+0.150) p_repos=(+0.080,+0.000,+0.030) ee_to_target=0.138m target_label=prev_repos target_changed=N delta=0.000m
[GS] step=63 mode=free switch=kStayInRepos best_k=1 best_src=prev_repos curr_cost=93106.39 repos_cost=45179.40 best_other=45179.40 met_progress=N steps_since_improve=61 switches=0
[STEP] step=63 mode=free t=0.630s ee=(+0.026,+0.040,+0.150) obj=(+0.000,+0.000,+0.050) goal_dist=0.300m switch=kStayInRepos target=(+0.026,+0.037,+0.150) ee_stride=0.004m ee_to_ptarget=0.138m landing_err=0.1332m ik_ok=Y ik_resid=0.0004m q_max_resid_deg=1.43 target_changed=Y retgt=N held_idx=1 held_cost=45179.40 won_cost=45179.40 margin=+0.00 won_src=prev_repos held_valid=Y reason=hold setpoint_to_ptarget=nanm finished_val=nanm finished_thresh=0.0200m pd_resid=nanm nextwp_to_ptarget=nanm guide_terminal_err=nanm
[GATE-EVOLVE] step=63 curr=93106.39 best_other=45179.40 ratio=2.0608 ee_to_optimal=0.0638m phi=0.0254m
[STAGE-A-TRACE] step=63 sim_t=0.630 mode=free phi=0.02539 box_xy=+0.00000,+0.00000 lam_n_ee_box=nan qy=+0.00001 qz=+0.00000 finished_repos=0
[DRAKE-CONTACT] step=63 n_pairs=1 ee_box_normal=0.000
[GATE-CONTACT] step=63 F_W=(+0.0000,+0.0000,+0.0000) F_on_box=(-0.0000,-0.0000,-0.0000) n_face_out=(-0.0000,-0.0000,-0.0000) A_is_ee=0 box_q=(+1.00000,-0.00001,+0.00001,+0.00000) box_p=(+0.00000,+0.00000,+0.04999) ee_p=(+0.02564,+0.04050,+0.15038)
[CONTACT-ELEM] step=188 element=manipulated_object::collision phi=+0.0253m
[LATERAL] perp=40.3mm scale=50.0mm strength=0.81 shift_mm=(+0.0,-32.4)
[ADMM-C3+] primal: 23.3649->91.4736  dual: 574.4088->1732.7315  mono=False  iters=25/25  rho=25.0
[ADMM-C3+] WARNING non-converged: pr=91.4736 dr=1732.7315 tol=1e-03
[MATH.δ-C3+] Bui 2026 eq (12) projection results (N=20 × 12 λ-components):
[MATH.δ-C3+]   case 1 (η wins, λ→0):     56
[MATH.δ-C3+]   case 2 (λ wins, η→0):     134
[MATH.δ-C3+]   case 3 (both zero):       50
[MATH.δ-C3+] First step k=0, component 0:
[MATH.δ-C3+]   pre:  λ°=0.1461, η°=-88.5895
[MATH.δ-C3+]   post: δ_λ=0.1461, δ_η=0.0000
[MATH.ω-C3+] ω update: ω += (z-δ), over 25 ADMM iters
[MATH.ω-C3+] ||ω||=495.6192, ||z-δ||_max=22.3390  (scale differs from C3 — ω carries η-block residuals too)
[MATH.ω-C3+] ρ decision: primal=91.4736, dual=1.7327e+03, ratio=0.0528 < 0.1 → would halve ρ to 12.5000
[MATH.ω-C3+] Note: adaptive-ρ fires every 10 iters; current max_iter=25
[C3+] step=189 |u[0]|=38.89N u_axis=(-23.03,+30.00,-9.03)N λ_n_max=27.707 η_n_max=4.225 primal=91.474 iters=25/25 lcp_res_max=inf
[ADMIT-GUARD] step=64 admit_active=1 latch=0/0 ee_z=0.150 gate_cap=0
[ALT-GATE] step=64 target_stable=0/0 allow_descent=1
[GS-tgt] step=64 ee=(+0.027,+0.040,+0.150) p_repos=(+0.080,+0.000,+0.030) ee_to_target=0.137m target_label=prev_repos target_changed=N delta=0.000m
[GS] step=64 mode=free switch=kStayInRepos best_k=1 best_src=prev_repos curr_cost=98652.85 repos_cost=53582.39 best_other=53582.39 met_progress=N steps_since_improve=62 switches=0
[STEP] step=64 mode=free t=0.640s ee=(+0.027,+0.040,+0.150) obj=(+0.000,+0.000,+0.050) goal_dist=0.300m switch=kStayInRepos target=(+0.028,+0.036,+0.150) ee_stride=0.004m ee_to_ptarget=0.137m landing_err=0.1316m ik_ok=Y ik_resid=0.0005m q_max_resid_deg=1.79 target_changed=Y retgt=N held_idx=1 held_cost=53582.39 won_cost=53582.39 margin=+0.00 won_src=prev_repos held_valid=Y reason=hold setpoint_to_ptarget=nanm finished_val=nanm finished_thresh=0.0200m pd_resid=nanm nextwp_to_ptarget=nanm guide_terminal_err=nanm
[GATE-EVOLVE] step=64 curr=98652.85 best_other=53582.39 ratio=1.8411 ee_to_optimal=0.0627m phi=0.0253m
[STAGE-A-TRACE] step=64 sim_t=0.640 mode=free phi=0.02529 box_xy=+0.00000,+0.00000 lam_n_ee_box=nan qy=+0.00001 qz=-0.00000 finished_repos=0
[DRAKE-CONTACT] step=64 n_pairs=1 ee_box_normal=0.000
[GATE-CONTACT] step=64 F_W=(+0.0000,+0.0000,+0.0000) F_on_box=(-0.0000,-0.0000,-0.0000) n_face_out=(-0.0000,-0.0000,-0.0000) A_is_ee=0 box_q=(+1.00000,-0.00001,+0.00001,-0.00000) box_p=(+0.00000,+0.00000,+0.04999) ee_p=(+0.02697,+0.04025,+0.15028)
[CONTACT-ELEM] step=191 element=manipulated_object::collision phi=+0.0252m
[LATERAL] perp=39.6mm scale=50.0mm strength=0.79 shift_mm=(+0.0,-31.4)
[ADMM-C3+] primal: 24.2817->74.9742  dual: 562.9618->1484.9411  mono=False  iters=25/25  rho=25.0
[ADMM-C3+] WARNING non-converged: pr=74.9742 dr=1484.9411 tol=1e-03
[MATH.δ-C3+] Bui 2026 eq (12) projection results (N=20 × 12 λ-components):
[MATH.δ-C3+]   case 1 (η wins, λ→0):     47
[MATH.δ-C3+]   case 2 (λ wins, η→0):     147
[MATH.δ-C3+]   case 3 (both zero):       46
[MATH.δ-C3+] First step k=0, component 0:
[MATH.δ-C3+]   pre:  λ°=0.1461, η°=-84.5281
[MATH.δ-C3+]   post: δ_λ=0.1461, δ_η=0.0000
[MATH.ω-C3+] ω update: ω += (z-δ), over 25 ADMM iters
[MATH.ω-C3+] ||ω||=512.8356, ||z-δ||_max=37.3659  (scale differs from C3 — ω carries η-block residuals too)
[MATH.ω-C3+] ρ decision: primal=74.9742, dual=1.4849e+03, ratio=0.0505 < 0.1 → would halve ρ to 12.5000
[MATH.ω-C3+] Note: adaptive-ρ fires every 10 iters; current max_iter=25
[C3+] step=192 |u[0]|=35.47N u_axis=(-15.71,+30.00,-10.55)N λ_n_max=37.882 η_n_max=3.284 primal=74.974 iters=25/25 lcp_res_max=1.07e-06
[ADMIT-GUARD] step=65 admit_active=1 latch=0/0 ee_z=0.150 gate_cap=0
[ALT-GATE] step=65 target_stable=0/0 allow_descent=1
[GS-tgt] step=65 ee=(+0.028,+0.040,+0.150) p_repos=(+0.080,+0.000,+0.030) ee_to_target=0.137m target_label=prev_repos target_changed=N delta=0.000m
[GS] step=65 mode=free switch=kStayInRepos best_k=1 best_src=prev_repos curr_cost=95671.67 repos_cost=67074.81 best_other=67074.81 met_progress=N steps_since_improve=63 switches=0
[STEP] step=65 mode=free t=0.650s ee=(+0.028,+0.040,+0.150) obj=(+0.000,+0.000,+0.050) goal_dist=0.300m switch=kStayInRepos target=(+0.029,+0.035,+0.150) ee_stride=0.005m ee_to_ptarget=0.137m landing_err=0.1300m ik_ok=Y ik_resid=0.0005m q_max_resid_deg=2.06 target_changed=Y retgt=N held_idx=1 held_cost=67074.81 won_cost=67074.81 margin=+0.00 won_src=prev_repos held_valid=Y reason=hold setpoint_to_ptarget=nanm finished_val=nanm finished_thresh=0.0200m pd_resid=nanm nextwp_to_ptarget=nanm guide_terminal_err=nanm
[GATE-EVOLVE] step=65 curr=95671.67 best_other=67074.81 ratio=1.4263 ee_to_optimal=0.0612m phi=0.0252m
[STAGE-A-TRACE] step=65 sim_t=0.650 mode=free phi=0.02521 box_xy=+0.00000,+0.00000 lam_n_ee_box=nan qy=+0.00001 qz=-0.00000 finished_repos=0
[DRAKE-CONTACT] step=65 n_pairs=1 ee_box_normal=0.000
[GATE-CONTACT] step=65 F_W=(+0.0000,+0.0000,+0.0000) F_on_box=(-0.0000,-0.0000,-0.0000) n_face_out=(-0.0000,-0.0000,-0.0000) A_is_ee=0 box_q=(+1.00000,-0.00001,+0.00001,-0.00000) box_p=(+0.00000,+0.00000,+0.04999) ee_p=(+0.02838,+0.03960,+0.15020)
[CONTACT-ELEM] step=194 element=manipulated_object::collision phi=+0.0251m
[LATERAL] perp=38.7mm scale=50.0mm strength=0.77 shift_mm=(+0.0,-29.9)
[ADMM-C3+] primal: 24.8573->92.3335  dual: 550.9513->1709.0011  mono=False  iters=25/25  rho=25.0
[ADMM-C3+] WARNING non-converged: pr=92.3335 dr=1709.0011 tol=1e-03
[MATH.δ-C3+] Bui 2026 eq (12) projection results (N=20 × 12 λ-components):
[MATH.δ-C3+]   case 1 (η wins, λ→0):     53
[MATH.δ-C3+]   case 2 (λ wins, η→0):     142
[MATH.δ-C3+]   case 3 (both zero):       45
[MATH.δ-C3+] First step k=0, component 0:
[MATH.δ-C3+]   pre:  λ°=0.0722, η°=-79.3956
[MATH.δ-C3+]   post: δ_λ=0.1461, δ_η=0.0000
[MATH.ω-C3+] ω update: ω += (z-δ), over 25 ADMM iters
[MATH.ω-C3+] ||ω||=500.1317, ||z-δ||_max=44.0108  (scale differs from C3 — ω carries η-block residuals too)
[MATH.ω-C3+] ρ decision: primal=92.3335, dual=1.7090e+03, ratio=0.0540 < 0.1 → would halve ρ to 12.5000
[MATH.ω-C3+] Note: adaptive-ρ fires every 10 iters; current max_iter=25
[C3+] step=195 |u[0]|=41.21N u_axis=(-26.16,+30.00,-10.66)N λ_n_max=44.216 η_n_max=6.588 primal=92.333 iters=25/25 lcp_res_max=8.15e-07
[ADMIT-GUARD] step=66 admit_active=1 latch=0/0 ee_z=0.150 gate_cap=0
[ALT-GATE] step=66 target_stable=0/0 allow_descent=1
[GS-tgt] step=66 ee=(+0.030,+0.039,+0.150) p_repos=(+0.080,+0.000,+0.030) ee_to_target=0.136m target_label=prev_repos target_changed=N delta=0.000m
[GS] step=66 mode=free switch=kStayInRepos best_k=1 best_src=prev_repos curr_cost=102227.04 repos_cost=85597.42 best_other=85597.42 met_progress=N steps_since_improve=64 switches=0
[STEP] step=66 mode=free t=0.660s ee=(+0.030,+0.039,+0.150) obj=(+0.000,+0.000,+0.050) goal_dist=0.300m switch=kStayInRepos target=(+0.031,+0.034,+0.150) ee_stride=0.005m ee_to_ptarget=0.136m landing_err=0.1286m ik_ok=Y ik_resid=0.0006m q_max_resid_deg=2.28 target_changed=Y retgt=N held_idx=1 held_cost=85597.42 won_cost=85597.42 margin=+0.00 won_src=prev_repos held_valid=Y reason=hold setpoint_to_ptarget=nanm finished_val=nanm finished_thresh=0.0200m pd_resid=nanm nextwp_to_ptarget=nanm guide_terminal_err=nanm
[GATE-EVOLVE] step=66 curr=102227.04 best_other=85597.42 ratio=1.1943 ee_to_optimal=0.0594m phi=0.0251m
[STAGE-A-TRACE] step=66 sim_t=0.660 mode=free phi=0.02515 box_xy=+0.00000,+0.00000 lam_n_ee_box=nan qy=+0.00001 qz=-0.00000 finished_repos=0
[DRAKE-CONTACT] step=66 n_pairs=1 ee_box_normal=0.000
[GATE-CONTACT] step=66 F_W=(+0.0000,+0.0000,+0.0000) F_on_box=(-0.0000,-0.0000,-0.0000) n_face_out=(-0.0000,-0.0000,-0.0000) A_is_ee=0 box_q=(+1.00000,-0.00001,+0.00001,-0.00000) box_p=(+0.00000,+0.00000,+0.04999) ee_p=(+0.02986,+0.03866,+0.15014)
[CONTACT-ELEM] step=197 element=manipulated_object::collision phi=+0.0251m
[LATERAL] perp=37.5mm scale=50.0mm strength=0.75 shift_mm=(+0.0,-28.2)
[ADMM-C3+] primal: 23.7576->87.2844  dual: 516.5779->1985.5772  mono=False  iters=25/25  rho=25.0
[ADMM-C3+] WARNING non-converged: pr=87.2844 dr=1985.5772 tol=1e-03
[MATH.δ-C3+] Bui 2026 eq (12) projection results (N=20 × 12 λ-components):
[MATH.δ-C3+]   case 1 (η wins, λ→0):     63
[MATH.δ-C3+]   case 2 (λ wins, η→0):     123
[MATH.δ-C3+]   case 3 (both zero):       54
[MATH.δ-C3+] First step k=0, component 0:
[MATH.δ-C3+]   pre:  λ°=0.1461, η°=-70.2143
[MATH.δ-C3+]   post: δ_λ=0.1461, δ_η=0.0000
[MATH.ω-C3+] ω update: ω += (z-δ), over 25 ADMM iters
[MATH.ω-C3+] ||ω||=476.0978, ||z-δ||_max=27.3794  (scale differs from C3 — ω carries η-block residuals too)
[MATH.ω-C3+] ρ decision: primal=87.2844, dual=1.9856e+03, ratio=0.0440 < 0.1 → would halve ρ to 12.5000
[MATH.ω-C3+] Note: adaptive-ρ fires every 10 iters; current max_iter=25
[C3+] step=198 |u[0]|=41.06N u_axis=(-30.00,+26.66,-8.68)N λ_n_max=27.379 η_n_max=3.795 primal=87.284 iters=25/25 lcp_res_max=1.36e-05
[ADMIT-GUARD] step=67 admit_active=1 latch=0/0 ee_z=0.150 gate_cap=0
[ALT-GATE] step=67 target_stable=0/0 allow_descent=1
[GS-tgt] step=67 ee=(+0.031,+0.038,+0.150) p_repos=(+0.080,+0.000,+0.030) ee_to_target=0.135m target_label=prev_repos target_changed=N delta=0.000m
[GS] step=67 mode=free switch=kStayInRepos best_k=0 best_src=prev_repos curr_cost=100248.59 repos_cost=103135.02 best_other=103135.02 met_progress=N steps_since_improve=65 switches=0
[STEP] step=67 mode=free t=0.670s ee=(+0.031,+0.038,+0.150) obj=(+0.000,+0.000,+0.050) goal_dist=0.300m switch=kStayInRepos target=(+0.032,+0.033,+0.150) ee_stride=0.005m ee_to_ptarget=0.135m landing_err=0.1272m ik_ok=Y ik_resid=0.0006m q_max_resid_deg=2.46 target_changed=Y retgt=N held_idx=1 held_cost=103135.02 won_cost=103135.02 margin=+0.00 won_src=prev_repos held_valid=Y reason=hold setpoint_to_ptarget=nanm finished_val=nanm finished_thresh=0.0200m pd_resid=nanm nextwp_to_ptarget=nanm guide_terminal_err=nanm
[GATE-EVOLVE] step=67 curr=100248.59 best_other=103135.02 ratio=0.9720 ee_to_optimal=0.0575m phi=0.0251m
[STAGE-A-TRACE] step=67 sim_t=0.670 mode=free phi=0.02511 box_xy=+0.00000,+0.00000 lam_n_ee_box=nan qy=+0.00001 qz=-0.00000 finished_repos=0
[DRAKE-CONTACT] step=67 n_pairs=1 ee_box_normal=0.000
[GATE-CONTACT] step=67 F_W=(+0.0000,+0.0000,+0.0000) F_on_box=(-0.0000,-0.0000,-0.0000) n_face_out=(-0.0000,-0.0000,-0.0000) A_is_ee=0 box_q=(+1.00000,-0.00001,+0.00001,-0.00000) box_p=(+0.00000,+0.00000,+0.04999) ee_p=(+0.03137,+0.03752,+0.15010)
[CONTACT-ELEM] step=200 element=manipulated_object::collision phi=+0.0251m
[LATERAL] perp=36.3mm scale=50.0mm strength=0.73 shift_mm=(+0.0,-26.3)
[ADMM-C3+] primal: 18.4702->71.9572  dual: 448.6102->1809.4323  mono=False  iters=25/25  rho=25.0
[ADMM-C3+] WARNING non-converged: pr=71.9572 dr=1809.4323 tol=1e-03
[MATH.δ-C3+] Bui 2026 eq (12) projection results (N=20 × 12 λ-components):
[MATH.δ-C3+]   case 1 (η wins, λ→0):     58
[MATH.δ-C3+]   case 2 (λ wins, η→0):     126
[MATH.δ-C3+]   case 3 (both zero):       56
[MATH.δ-C3+] First step k=0, component 0:
[MATH.δ-C3+]   pre:  λ°=0.1461, η°=-58.9047
[MATH.δ-C3+]   post: δ_λ=0.1461, δ_η=0.0000
[MATH.ω-C3+] ω update: ω += (z-δ), over 25 ADMM iters
[MATH.ω-C3+] ||ω||=474.9653, ||z-δ||_max=24.7376  (scale differs from C3 — ω carries η-block residuals too)
[MATH.ω-C3+] ρ decision: primal=71.9572, dual=1.8094e+03, ratio=0.0398 < 0.1 → would halve ρ to 12.5000
[MATH.ω-C3+] Note: adaptive-ρ fires every 10 iters; current max_iter=25
[C3+] step=201 |u[0]|=39.38N u_axis=(-22.76,+30.00,-11.52)N λ_n_max=25.891 η_n_max=3.057 primal=71.957 iters=25/25 lcp_res_max=1.09e-05
[ADMIT-GUARD] step=68 admit_active=1 latch=0/0 ee_z=0.150 gate_cap=0
[ALT-GATE] step=68 target_stable=0/0 allow_descent=1
[GS-tgt] step=68 ee=(+0.033,+0.036,+0.150) p_repos=(+0.080,+0.000,+0.030) ee_to_target=0.134m target_label=prev_repos target_changed=N delta=0.000m
[GS] step=68 mode=free switch=kStayInRepos best_k=0 best_src=prev_repos curr_cost=100064.16 repos_cost=112188.13 best_other=112188.13 met_progress=N steps_since_improve=66 switches=0
[STEP] step=68 mode=free t=0.680s ee=(+0.033,+0.036,+0.150) obj=(+0.000,+0.000,+0.050) goal_dist=0.300m switch=kStayInRepos target=(+0.034,+0.032,+0.150) ee_stride=0.004m ee_to_ptarget=0.134m landing_err=0.1260m ik_ok=Y ik_resid=0.0007m q_max_resid_deg=2.61 target_changed=Y retgt=N held_idx=1 held_cost=112188.13 won_cost=112188.13 margin=+0.00 won_src=prev_repos held_valid=Y reason=hold setpoint_to_ptarget=nanm finished_val=nanm finished_thresh=0.0200m pd_resid=nanm nextwp_to_ptarget=nanm guide_terminal_err=nanm
[GATE-EVOLVE] step=68 curr=100064.16 best_other=112188.13 ratio=0.8919 ee_to_optimal=0.0556m phi=0.0251m
[STAGE-A-TRACE] step=68 sim_t=0.680 mode=free phi=0.02509 box_xy=+0.00000,+0.00000 lam_n_ee_box=nan qy=+0.00001 qz=-0.00000 finished_repos=0
[DRAKE-CONTACT] step=68 n_pairs=1 ee_box_normal=0.000
[GATE-CONTACT] step=68 F_W=(+0.0000,+0.0000,+0.0000) F_on_box=(-0.0000,-0.0000,-0.0000) n_face_out=(-0.0000,-0.0000,-0.0000) A_is_ee=0 box_q=(+1.00000,-0.00001,+0.00001,-0.00000) box_p=(+0.00000,+0.00000,+0.04999) ee_p=(+0.03291,+0.03626,+0.15008)
[CONTACT-ELEM] step=203 element=manipulated_object::collision phi=+0.0251m
[LATERAL] perp=34.9mm scale=50.0mm strength=0.70 shift_mm=(+0.0,-24.4)
[ADMM-C3+] primal: 9.8719->99.1127  dual: 798.6113->1930.6338  mono=False  iters=25/25  rho=25.0
[ADMM-C3+] WARNING non-converged: pr=99.1127 dr=1930.6338 tol=1e-03
[MATH.δ-C3+] Bui 2026 eq (12) projection results (N=20 × 12 λ-components):
[MATH.δ-C3+]   case 1 (η wins, λ→0):     53
[MATH.δ-C3+]   case 2 (λ wins, η→0):     126
[MATH.δ-C3+]   case 3 (both zero):       61
[MATH.δ-C3+] First step k=0, component 0:
[MATH.δ-C3+]   pre:  λ°=0.1461, η°=-44.8360
[MATH.δ-C3+]   post: δ_λ=0.1461, δ_η=0.0000
[MATH.ω-C3+] ω update: ω += (z-δ), over 25 ADMM iters
[MATH.ω-C3+] ||ω||=490.1901, ||z-δ||_max=27.7623  (scale differs from C3 — ω carries η-block residuals too)
[MATH.ω-C3+] ρ decision: primal=99.1127, dual=1.9306e+03, ratio=0.0513 < 0.1 → would halve ρ to 12.5000
[MATH.ω-C3+] Note: adaptive-ρ fires every 10 iters; current max_iter=25
[C3+] step=204 |u[0]|=43.35N u_axis=(-29.48,+30.00,-10.48)N λ_n_max=29.067 η_n_max=3.178 primal=99.113 iters=25/25 lcp_res_max=inf
[ADMIT-GUARD] step=69 admit_active=1 latch=0/0 ee_z=0.150 gate_cap=0
[ALT-GATE] step=69 target_stable=0/0 allow_descent=1
[GS-tgt] step=69 ee=(+0.034,+0.035,+0.150) p_repos=(+0.080,+0.000,+0.030) ee_to_target=0.133m target_label=prev_repos target_changed=N delta=0.000m
[GS] step=69 mode=free switch=kStayInRepos best_k=0 best_src=prev_repos curr_cost=97835.33 repos_cost=116315.68 best_other=116315.68 met_progress=N steps_since_improve=67 switches=0
[STEP] step=69 mode=free t=0.690s ee=(+0.034,+0.035,+0.150) obj=(+0.000,+0.000,+0.050) goal_dist=0.300m switch=kStayInRepos target=(+0.035,+0.031,+0.150) ee_stride=0.004m ee_to_ptarget=0.133m landing_err=0.1249m ik_ok=Y ik_resid=0.0007m q_max_resid_deg=2.74 target_changed=Y retgt=N held_idx=1 held_cost=116315.68 won_cost=116315.68 margin=+0.00 won_src=prev_repos held_valid=Y reason=hold setpoint_to_ptarget=nanm finished_val=nanm finished_thresh=0.0200m pd_resid=nanm nextwp_to_ptarget=nanm guide_terminal_err=nanm
[GATE-EVOLVE] step=69 curr=97835.33 best_other=116315.68 ratio=0.8411 ee_to_optimal=0.0535m phi=0.0251m
[STAGE-A-TRACE] step=69 sim_t=0.690 mode=free phi=0.02509 box_xy=+0.00000,+0.00000 lam_n_ee_box=nan qy=+0.00001 qz=-0.00000 finished_repos=0
[DRAKE-CONTACT] step=69 n_pairs=1 ee_box_normal=0.000
[GATE-CONTACT] step=69 F_W=(+0.0000,+0.0000,+0.0000) F_on_box=(-0.0000,-0.0000,-0.0000) n_face_out=(-0.0000,-0.0000,-0.0000) A_is_ee=0 box_q=(+1.00000,-0.00001,+0.00001,-0.00000) box_p=(+0.00000,+0.00000,+0.04999) ee_p=(+0.03446,+0.03491,+0.15008)
[CONTACT-ELEM] step=206 element=manipulated_object::collision phi=+0.0251m
[LATERAL] perp=33.5mm scale=50.0mm strength=0.67 shift_mm=(+0.0,-22.5)
[ADMM-C3+] primal: 18.3427->107.6886  dual: 1533.2367->2651.4121  mono=False  iters=25/25  rho=25.0
[ADMM-C3+] WARNING non-converged: pr=107.6886 dr=2651.4121 tol=1e-03
[MATH.δ-C3+] Bui 2026 eq (12) projection results (N=20 × 12 λ-components):
[MATH.δ-C3+]   case 1 (η wins, λ→0):     50
[MATH.δ-C3+]   case 2 (λ wins, η→0):     142
[MATH.δ-C3+]   case 3 (both zero):       48
[MATH.δ-C3+] First step k=0, component 0:
[MATH.δ-C3+]   pre:  λ°=0.2128, η°=-38.7240
[MATH.δ-C3+]   post: δ_λ=0.0794, δ_η=0.0000
[MATH.ω-C3+] ω update: ω += (z-δ), over 25 ADMM iters
[MATH.ω-C3+] ||ω||=497.3248, ||z-δ||_max=51.3727  (scale differs from C3 — ω carries η-block residuals too)
[MATH.ω-C3+] ρ decision: primal=107.6886, dual=2.6514e+03, ratio=0.0406 < 0.1 → would halve ρ to 12.5000
[MATH.ω-C3+] Note: adaptive-ρ fires every 10 iters; current max_iter=25
[C3+] step=207 |u[0]|=44.19N u_axis=(-28.41,+30.00,-15.68)N λ_n_max=55.791 η_n_max=8.652 primal=107.689 iters=25/25 lcp_res_max=3.15e-05
[ADMIT-GUARD] step=70 admit_active=1 latch=0/0 ee_z=0.150 gate_cap=0
[ALT-GATE] step=70 target_stable=0/0 allow_descent=1
[GS-tgt] step=70 ee=(+0.036,+0.034,+0.150) p_repos=(+0.080,+0.000,+0.030) ee_to_target=0.132m target_label=prev_repos target_changed=N delta=0.000m
[IMP] step=70 mode=free |x_err|=0.0038m |tau_imp|=0.62Nm |tau_ff|=0.00Nm |tau_out|=0.62Nm sat=False lam_n=False lam_t=False
[GS] step=70 mode=free switch=kStayInRepos best_k=0 best_src=prev_repos curr_cost=78542.40 repos_cost=121675.57 best_other=121675.57 met_progress=N steps_since_improve=68 switches=0
[STEP] step=70 mode=free t=0.700s ee=(+0.036,+0.034,+0.150) obj=(+0.000,+0.000,+0.050) goal_dist=0.300m switch=kStayInRepos target=(+0.037,+0.030,+0.150) ee_stride=0.004m ee_to_ptarget=0.132m landing_err=0.1239m ik_ok=Y ik_resid=0.0007m q_max_resid_deg=2.86 target_changed=Y retgt=N held_idx=1 held_cost=121675.57 won_cost=121675.57 margin=+0.00 won_src=prev_repos held_valid=Y reason=hold setpoint_to_ptarget=nanm finished_val=nanm finished_thresh=0.0200m pd_resid=nanm nextwp_to_ptarget=nanm guide_terminal_err=nanm
[GATE-EVOLVE] step=70 curr=78542.40 best_other=121675.57 ratio=0.6455 ee_to_optimal=0.0514m phi=0.0251m
[STAGE-A-TRACE] step=70 sim_t=0.700 mode=free phi=0.02511 box_xy=+0.00000,+0.00000 lam_n_ee_box=nan qy=+0.00001 qz=-0.00000 finished_repos=0
[DRAKE-CONTACT] step=70 n_pairs=1 ee_box_normal=0.000
[GATE-CONTACT] step=70 F_W=(+0.0000,+0.0000,+0.0000) F_on_box=(-0.0000,-0.0000,-0.0000) n_face_out=(-0.0000,-0.0000,-0.0000) A_is_ee=0 box_q=(+1.00000,-0.00001,+0.00001,-0.00000) box_p=(+0.00000,+0.00000,+0.04999) ee_p=(+0.03601,+0.03353,+0.15010)
[CONTACT-ELEM] step=209 element=manipulated_object::collision phi=+0.0251m
[LATERAL] perp=32.1mm scale=50.0mm strength=0.64 shift_mm=(+0.0,-20.6)
[ADMM-C3+] primal: 27.6673->115.6055  dual: 2115.6075->2167.7208  mono=False  iters=25/25  rho=25.0
[ADMM-C3+] WARNING non-converged: pr=115.6055 dr=2167.7208 tol=1e-03
[MATH.QP-C3+] Minimizing: (1/2) z^T P z + q^T z  (z augmented with η)
[MATH.QP-C3+]   s.t. A_eq z = b_eq  (639 rows = x_0 fixation + 20 dynamics + 240 η-slack rows; slack-equality block ADDED)
[MATH.QP-C3+]        bbox: λ_n ≥ 0, |u| ≤ 30.0 N (EE force)  (η is unbounded — sign enforced via projection eq 12)
[MATH.QP-C3+] P shape=(939,939), symmetric=True, pos-semidef=True, cond(P)=4.0000e+05
[MATH.QP-C3+] q norm=3.9822e+05
[MATH.QP-C3+] Augmented term: (ρ/2) Σ ||z-δ+ω||^2_G  ρ=25.0000  (G=I in v1: u_λ=u_η=1)
[MATH.QP-C3+] Soft complementarity: w_comp=0.0000  (C3+ disables it — η equality replaces the linear penalty)
[MATH.QP-C3+] OSQP status: solved, iters=200, solve time=9.55ms
[MATH.δ-C3+] Bui 2026 eq (12) projection results (N=20 × 12 λ-components):
[MATH.δ-C3+]   case 1 (η wins, λ→0):     47
[MATH.δ-C3+]   case 2 (λ wins, η→0):     147
[MATH.δ-C3+]   case 3 (both zero):       46
[MATH.δ-C3+] First step k=0, component 0:
[MATH.δ-C3+]   pre:  λ°=0.1630, η°=-46.4225
[MATH.δ-C3+]   post: δ_λ=0.1190, δ_η=0.0000
[MATH.ω-C3+] ω update: ω += (z-δ), over 25 ADMM iters
[MATH.ω-C3+] ||ω||=484.2678, ||z-δ||_max=55.1741  (scale differs from C3 — ω carries η-block residuals too)
[MATH.ω-C3+] ρ decision: primal=115.6055, dual=2.1677e+03, ratio=0.0533 < 0.1 → would halve ρ to 12.5000
[MATH.ω-C3+] Note: adaptive-ρ fires every 10 iters; current max_iter=25
[C3+] step=210 |u[0]|=44.49N u_axis=(-30.00,+30.00,-13.39)N λ_n_max=55.174 η_n_max=3.245 primal=115.606 iters=25/25 lcp_res_max=3.42e-05
[ADMIT-GUARD] step=71 admit_active=1 latch=0/0 ee_z=0.150 gate_cap=0
[ALT-GATE] step=71 target_stable=0/0 allow_descent=1
[GS-tgt] step=71 ee=(+0.038,+0.032,+0.150) p_repos=(+0.080,+0.000,+0.030) ee_to_target=0.131m target_label=prev_repos target_changed=N delta=0.000m
[GS] step=71 mode=free switch=kStayInRepos best_k=0 best_src=prev_repos curr_cost=77263.63 repos_cost=114848.48 best_other=114848.48 met_progress=N steps_since_improve=69 switches=0
[STEP] step=71 mode=free t=0.710s ee=(+0.038,+0.032,+0.150) obj=(+0.000,+0.000,+0.050) goal_dist=0.300m switch=kStayInRepos target=(+0.038,+0.029,+0.150) ee_stride=0.003m ee_to_ptarget=0.131m landing_err=0.1230m ik_ok=Y ik_resid=0.0008m q_max_resid_deg=2.98 target_changed=Y retgt=N held_idx=1 held_cost=114848.48 won_cost=114848.48 margin=+0.00 won_src=prev_repos held_valid=Y reason=hold setpoint_to_ptarget=nanm finished_val=nanm finished_thresh=0.0200m pd_resid=nanm nextwp_to_ptarget=nanm guide_terminal_err=nanm
[GATE-EVOLVE] step=71 curr=77263.63 best_other=114848.48 ratio=0.6727 ee_to_optimal=0.0493m phi=0.0251m
[STAGE-A-TRACE] step=71 sim_t=0.710 mode=free phi=0.02514 box_xy=+0.00000,+0.00000 lam_n_ee_box=nan qy=+0.00001 qz=-0.00000 finished_repos=0
[DRAKE-CONTACT] step=71 n_pairs=1 ee_box_normal=0.000
[GATE-CONTACT] step=71 F_W=(+0.0000,+0.0000,+0.0000) F_on_box=(-0.0000,-0.0000,-0.0000) n_face_out=(-0.0000,-0.0000,-0.0000) A_is_ee=0 box_q=(+1.00000,-0.00001,+0.00001,-0.00000) box_p=(+0.00000,+0.00000,+0.04999) ee_p=(+0.03757,+0.03213,+0.15013)
[CONTACT-ELEM] step=212 element=manipulated_object::collision phi=+0.0252m
[LATERAL] perp=30.7mm scale=50.0mm strength=0.61 shift_mm=(+0.0,-18.9)
[ADMM-C3+] primal: 31.4867->122.2585  dual: 2345.8032->2778.4294  mono=False  iters=25/25  rho=25.0
[ADMM-C3+] WARNING non-converged: pr=122.2585 dr=2778.4294 tol=1e-03
[MATH.δ-C3+] Bui 2026 eq (12) projection results (N=20 × 12 λ-components):
[MATH.δ-C3+]   case 1 (η wins, λ→0):     69
[MATH.δ-C3+]   case 2 (λ wins, η→0):     138
[MATH.δ-C3+]   case 3 (both zero):       33
[MATH.δ-C3+] First step k=0, component 0:
[MATH.δ-C3+]   pre:  λ°=-0.1006, η°=-43.0446
[MATH.δ-C3+]   post: δ_λ=0.1379, δ_η=0.0000
[MATH.ω-C3+] ω update: ω += (z-δ), over 25 ADMM iters
[MATH.ω-C3+] ||ω||=538.0012, ||z-δ||_max=43.5437  (scale differs from C3 — ω carries η-block residuals too)
[MATH.ω-C3+] ρ decision: primal=122.2585, dual=2.7784e+03, ratio=0.0440 < 0.1 → would halve ρ to 12.5000
[MATH.ω-C3+] Note: adaptive-ρ fires every 10 iters; current max_iter=25
[C3+] step=213 |u[0]|=42.07N u_axis=(-26.73,+30.00,-12.47)N λ_n_max=21.947 η_n_max=1.082 primal=122.258 iters=25/25 lcp_res_max=inf
[ADMIT-GUARD] step=72 admit_active=1 latch=0/0 ee_z=0.150 gate_cap=0
[ALT-GATE] step=72 target_stable=0/0 allow_descent=1
[GS-tgt] step=72 ee=(+0.039,+0.031,+0.150) p_repos=(+0.080,+0.000,+0.030) ee_to_target=0.131m target_label=prev_repos target_changed=N delta=0.000m
[GS] step=72 mode=free switch=kToBetterRepos best_k=0 best_src=prev_repos curr_cost=73204.65 repos_cost=94033.71 best_other=94033.71 met_progress=N steps_since_improve=70 switches=0
[STEP] step=72 mode=free t=0.720s ee=(+0.039,+0.031,+0.150) obj=(+0.000,+0.000,+0.050) goal_dist=0.300m switch=kToBetterRepos target=(+0.040,+0.028,+0.150) ee_stride=0.003m ee_to_ptarget=0.131m landing_err=0.1223m ik_ok=Y ik_resid=0.0008m q_max_resid_deg=3.10 target_changed=Y retgt=N held_idx=1 held_cost=94033.71 won_cost=94033.71 margin=+0.00 won_src=prev_repos held_valid=Y reason=hold setpoint_to_ptarget=nanm finished_val=nanm finished_thresh=0.0200m pd_resid=nanm nextwp_to_ptarget=nanm guide_terminal_err=nanm
[GATE-EVOLVE] step=72 curr=73204.65 best_other=94033.71 ratio=0.7785 ee_to_optimal=0.0472m phi=0.0252m
[STAGE-A-TRACE] step=72 sim_t=0.720 mode=free phi=0.02517 box_xy=+0.00000,+0.00000 lam_n_ee_box=nan qy=+0.00001 qz=+0.00000 finished_repos=0
[DRAKE-CONTACT] step=72 n_pairs=1 ee_box_normal=0.000
[GATE-CONTACT] step=72 F_W=(+0.0000,+0.0000,+0.0000) F_on_box=(-0.0000,-0.0000,-0.0000) n_face_out=(-0.0000,-0.0000,-0.0000) A_is_ee=0 box_q=(+1.00000,-0.00001,+0.00001,+0.00000) box_p=(+0.00000,+0.00000,+0.04999) ee_p=(+0.03912,+0.03073,+0.15016)
[CONTACT-ELEM] step=215 element=manipulated_object::collision phi=+0.0252m
[LATERAL] perp=29.3mm scale=50.0mm strength=0.59 shift_mm=(+0.0,-17.2)
[ADMM-C3+] primal: 31.9409->99.2762  dual: 2373.5804->1918.4001  mono=False  iters=25/25  rho=25.0
[ADMM-C3+] WARNING non-converged: pr=99.2762 dr=1918.4001 tol=1e-03
[MATH.δ-C3+] Bui 2026 eq (12) projection results (N=20 × 12 λ-components):
[MATH.δ-C3+]   case 1 (η wins, λ→0):     50
[MATH.δ-C3+]   case 2 (λ wins, η→0):     159
[MATH.δ-C3+]   case 3 (both zero):       31
[MATH.δ-C3+] First step k=0, component 0:
[MATH.δ-C3+]   pre:  λ°=-0.0104, η°=-43.9743
[MATH.δ-C3+]   post: δ_λ=0.0923, δ_η=0.0000
[MATH.ω-C3+] ω update: ω += (z-δ), over 25 ADMM iters
[MATH.ω-C3+] ||ω||=578.1784, ||z-δ||_max=45.2417  (scale differs from C3 — ω carries η-block residuals too)
[MATH.ω-C3+] ρ decision: primal=99.2762, dual=1.9184e+03, ratio=0.0517 < 0.1 → would halve ρ to 12.5000
[MATH.ω-C3+] Note: adaptive-ρ fires every 10 iters; current max_iter=25
[C3+] step=216 |u[0]|=43.95N u_axis=(-30.00,+28.88,-14.05)N λ_n_max=46.685 η_n_max=4.597 primal=99.276 iters=25/25 lcp_res_max=7.48e-06
[ADMIT-GUARD] step=73 admit_active=1 latch=0/0 ee_z=0.150 gate_cap=0
[ALT-GATE] step=73 target_stable=0/0 allow_descent=1
[GS-tgt] step=73 ee=(+0.041,+0.029,+0.150) p_repos=(+0.080,+0.000,+0.030) ee_to_target=0.130m target_label=prev_repos target_changed=N delta=0.000m
[GS] step=73 mode=free switch=kToBetterRepos best_k=1 best_src=prev_repos curr_cost=72565.18 repos_cost=70070.08 best_other=70070.08 met_progress=N steps_since_improve=71 switches=0
[STEP] step=73 mode=free t=0.730s ee=(+0.041,+0.029,+0.150) obj=(+0.000,+0.000,+0.050) goal_dist=0.300m switch=kToBetterRepos target=(+0.041,+0.027,+0.150) ee_stride=0.003m ee_to_ptarget=0.130m landing_err=0.1217m ik_ok=Y ik_resid=0.0008m q_max_resid_deg=3.21 target_changed=Y retgt=N held_idx=1 held_cost=70070.08 won_cost=70070.08 margin=+0.00 won_src=prev_repos held_valid=Y reason=hold setpoint_to_ptarget=nanm finished_val=nanm finished_thresh=0.0200m pd_resid=nanm nextwp_to_ptarget=nanm guide_terminal_err=nanm
[GATE-EVOLVE] step=73 curr=72565.18 best_other=70070.08 ratio=1.0356 ee_to_optimal=0.0452m phi=0.0252m
[STAGE-A-TRACE] step=73 sim_t=0.730 mode=free phi=0.02521 box_xy=+0.00000,+0.00000 lam_n_ee_box=nan qy=+0.00001 qz=+0.00000 finished_repos=0
[DRAKE-CONTACT] step=73 n_pairs=1 ee_box_normal=0.000
[GATE-CONTACT] step=73 F_W=(+0.0000,+0.0000,+0.0000) F_on_box=(-0.0000,-0.0000,-0.0000) n_face_out=(-0.0000,-0.0000,-0.0000) A_is_ee=0 box_q=(+1.00000,-0.00001,+0.00001,+0.00000) box_p=(+0.00000,+0.00000,+0.04999) ee_p=(+0.04067,+0.02934,+0.15020)
[CONTACT-ELEM] step=218 element=manipulated_object::collision phi=+0.0252m
[LATERAL] perp=28.0mm scale=50.0mm strength=0.56 shift_mm=(+0.0,-15.7)
[ADMM-C3+] primal: 31.1857->79.5973  dual: 2328.2297->1742.7428  mono=False  iters=25/25  rho=25.0
[ADMM-C3+] WARNING non-converged: pr=79.5973 dr=1742.7428 tol=1e-03
[MATH.δ-C3+] Bui 2026 eq (12) projection results (N=20 × 12 λ-components):
[MATH.δ-C3+]   case 1 (η wins, λ→0):     66
[MATH.δ-C3+]   case 2 (λ wins, η→0):     128
[MATH.δ-C3+]   case 3 (both zero):       46
[MATH.δ-C3+] First step k=0, component 0:
[MATH.δ-C3+]   pre:  λ°=0.1251, η°=-40.2619
[MATH.δ-C3+]   post: δ_λ=0.0684, δ_η=0.0000
[MATH.ω-C3+] ω update: ω += (z-δ), over 25 ADMM iters
[MATH.ω-C3+] ||ω||=564.3892, ||z-δ||_max=46.6001  (scale differs from C3 — ω carries η-block residuals too)
[MATH.ω-C3+] ρ decision: primal=79.5973, dual=1.7427e+03, ratio=0.0457 < 0.1 → would halve ρ to 12.5000
[MATH.ω-C3+] Note: adaptive-ρ fires every 10 iters; current max_iter=25
[C3+] step=219 |u[0]|=40.23N u_axis=(-22.46,+30.00,-14.63)N λ_n_max=47.140 η_n_max=1.503 primal=79.597 iters=25/25 lcp_res_max=3.87e-06
[ADMIT-GUARD] step=74 admit_active=1 latch=0/0 ee_z=0.150 gate_cap=0
[ALT-GATE] step=74 target_stable=0/0 allow_descent=1
[GS-tgt] step=74 ee=(+0.042,+0.028,+0.150) p_repos=(+0.080,+0.000,+0.030) ee_to_target=0.129m target_label=prev_repos target_changed=N delta=0.000m
[GS] step=74 mode=free switch=kToBetterRepos best_k=1 best_src=prev_repos curr_cost=75521.75 repos_cost=51522.20 best_other=51522.20 met_progress=N steps_since_improve=72 switches=0
[STEP] step=74 mode=free t=0.740s ee=(+0.042,+0.028,+0.150) obj=(+0.000,+0.000,+0.050) goal_dist=0.300m switch=kToBetterRepos target=(+0.043,+0.026,+0.150) ee_stride=0.002m ee_to_ptarget=0.129m landing_err=0.1212m ik_ok=Y ik_resid=0.0009m q_max_resid_deg=3.33 target_changed=Y retgt=N held_idx=1 held_cost=51522.20 won_cost=51522.20 margin=+0.00 won_src=prev_repos held_valid=Y reason=hold setpoint_to_ptarget=nanm finished_val=nanm finished_thresh=0.0200m pd_resid=nanm nextwp_to_ptarget=nanm guide_terminal_err=nanm
[GATE-EVOLVE] step=74 curr=75521.75 best_other=51522.20 ratio=1.4658 ee_to_optimal=0.0431m phi=0.0252m
[STAGE-A-TRACE] step=74 sim_t=0.740 mode=free phi=0.02524 box_xy=+0.00000,+0.00000 lam_n_ee_box=nan qy=+0.00001 qz=+0.00000 finished_repos=0
[DRAKE-CONTACT] step=74 n_pairs=1 ee_box_normal=0.000
[GATE-CONTACT] step=74 F_W=(+0.0000,+0.0000,+0.0000) F_on_box=(-0.0000,-0.0000,-0.0000) n_face_out=(-0.0000,-0.0000,-0.0000) A_is_ee=0 box_q=(+1.00000,-0.00001,+0.00001,+0.00000) box_p=(+0.00000,+0.00000,+0.04999) ee_p=(+0.04221,+0.02798,+0.15023)
[CONTACT-ELEM] step=221 element=manipulated_object::collision phi=+0.0253m
[LATERAL] perp=26.6mm scale=50.0mm strength=0.53 shift_mm=(+0.0,-14.2)
[ADMM-C3+] primal: 30.0753->117.0784  dual: 2262.2163->2235.5187  mono=False  iters=25/25  rho=25.0
[ADMM-C3+] WARNING non-converged: pr=117.0784 dr=2235.5187 tol=1e-03
[MATH.δ-C3+] Bui 2026 eq (12) projection results (N=20 × 12 λ-components):
[MATH.δ-C3+]   case 1 (η wins, λ→0):     61
[MATH.δ-C3+]   case 2 (λ wins, η→0):     141
[MATH.δ-C3+]   case 3 (both zero):       38
[MATH.δ-C3+] First step k=0, component 0:
[MATH.δ-C3+]   pre:  λ°=0.3123, η°=-33.0749
[MATH.δ-C3+]   post: δ_λ=0.0000, δ_η=0.3064
[MATH.ω-C3+] ω update: ω += (z-δ), over 25 ADMM iters
[MATH.ω-C3+] ||ω||=615.6484, ||z-δ||_max=57.2460  (scale differs from C3 — ω carries η-block residuals too)
[MATH.ω-C3+] ρ decision: primal=117.0784, dual=2.2355e+03, ratio=0.0524 < 0.1 → would halve ρ to 12.5000
[MATH.ω-C3+] Note: adaptive-ρ fires every 10 iters; current max_iter=25
[C3+] step=222 |u[0]|=40.14N u_axis=(-18.29,+30.00,-19.40)N λ_n_max=66.182 η_n_max=4.175 primal=117.078 iters=25/25 lcp_res_max=4.25e-06
[ADMIT-GUARD] step=75 admit_active=1 latch=0/0 ee_z=0.150 gate_cap=0
[ALT-GATE] step=75 target_stable=0/0 allow_descent=1
[GS-tgt] step=75 ee=(+0.044,+0.027,+0.150) p_repos=(+0.080,+0.000,+0.030) ee_to_target=0.128m target_label=prev_repos target_changed=N delta=0.000m
[GS] step=75 mode=free switch=kToBetterRepos best_k=1 best_src=prev_repos curr_cost=89464.21 repos_cost=38597.73 best_other=38597.73 met_progress=N steps_since_improve=73 switches=0
[STEP] step=75 mode=free t=0.750s ee=(+0.044,+0.027,+0.150) obj=(+0.000,+0.000,+0.050) goal_dist=0.300m switch=kToBetterRepos target=(+0.044,+0.025,+0.150) ee_stride=0.002m ee_to_ptarget=0.128m landing_err=0.1208m ik_ok=Y ik_resid=0.0009m q_max_resid_deg=3.45 target_changed=Y retgt=N held_idx=1 held_cost=38597.73 won_cost=38597.73 margin=+0.00 won_src=prev_repos held_valid=Y reason=hold setpoint_to_ptarget=nanm finished_val=nanm finished_thresh=0.0200m pd_resid=nanm nextwp_to_ptarget=nanm guide_terminal_err=nanm
[GATE-EVOLVE] step=75 curr=89464.21 best_other=38597.73 ratio=2.3179 ee_to_optimal=0.0411m phi=0.0253m
[STAGE-A-TRACE] step=75 sim_t=0.750 mode=free phi=0.02528 box_xy=+0.00000,+0.00000 lam_n_ee_box=nan qy=+0.00001 qz=+0.00000 finished_repos=0
[DRAKE-CONTACT] step=75 n_pairs=1 ee_box_normal=0.000
[GATE-CONTACT] step=75 F_W=(+0.0000,+0.0000,+0.0000) F_on_box=(-0.0000,-0.0000,-0.0000) n_face_out=(-0.0000,-0.0000,-0.0000) A_is_ee=0 box_q=(+1.00000,-0.00001,+0.00001,+0.00000) box_p=(+0.00000,+0.00000,+0.04999) ee_p=(+0.04375,+0.02664,+0.15027)
[CONTACT-ELEM] step=224 element=manipulated_object::collision phi=+0.0253m
[LATERAL] perp=25.3mm scale=50.0mm strength=0.51 shift_mm=(+0.0,-12.8)
[ADMM-C3+] primal: 28.9653->84.6259  dual: 2195.2460->2161.7616  mono=False  iters=25/25  rho=25.0
[ADMM-C3+] WARNING non-converged: pr=84.6259 dr=2161.7616 tol=1e-03
[MATH.δ-C3+] Bui 2026 eq (12) projection results (N=20 × 12 λ-components):
[MATH.δ-C3+]   case 1 (η wins, λ→0):     52
[MATH.δ-C3+]   case 2 (λ wins, η→0):     141
[MATH.δ-C3+]   case 3 (both zero):       47
[MATH.δ-C3+] First step k=0, component 0:
[MATH.δ-C3+]   pre:  λ°=0.5026, η°=-33.7735
[MATH.δ-C3+]   post: δ_λ=0.0550, δ_η=0.0000
[MATH.ω-C3+] ω update: ω += (z-δ), over 25 ADMM iters
[MATH.ω-C3+] ||ω||=629.2680, ||z-δ||_max=19.3740  (scale differs from C3 — ω carries η-block residuals too)
[MATH.ω-C3+] ρ decision: primal=84.6259, dual=2.1618e+03, ratio=0.0391 < 0.1 → would halve ρ to 12.5000
[MATH.ω-C3+] Note: adaptive-ρ fires every 10 iters; current max_iter=25
[C3+] step=225 |u[0]|=44.08N u_axis=(-30.00,+28.77,-14.69)N λ_n_max=19.374 η_n_max=1.435 primal=84.626 iters=25/25 lcp_res_max=6.24e-06
[ADMIT-GUARD] step=76 admit_active=1 latch=0/0 ee_z=0.150 gate_cap=0
[ALT-GATE] step=76 target_stable=0/0 allow_descent=1
[GS-tgt] step=76 ee=(+0.045,+0.025,+0.150) p_repos=(+0.080,+0.000,+0.030) ee_to_target=0.128m target_label=prev_repos target_changed=N delta=0.000m
[GS] step=76 mode=free switch=kToBetterRepos best_k=1 best_src=prev_repos curr_cost=74521.99 repos_cost=29656.76 best_other=29656.76 met_progress=N steps_since_improve=74 switches=0
[STEP] step=76 mode=free t=0.760s ee=(+0.045,+0.025,+0.150) obj=(+0.000,+0.000,+0.050) goal_dist=0.300m switch=kToBetterRepos target=(+0.046,+0.024,+0.150) ee_stride=0.002m ee_to_ptarget=0.128m landing_err=0.1206m ik_ok=Y ik_resid=0.0010m q_max_resid_deg=3.58 target_changed=Y retgt=N held_idx=1 held_cost=29656.76 won_cost=29656.76 margin=+0.00 won_src=prev_repos held_valid=Y reason=hold setpoint_to_ptarget=nanm finished_val=nanm finished_thresh=0.0200m pd_resid=nanm nextwp_to_ptarget=nanm guide_terminal_err=nanm
[GATE-EVOLVE] step=76 curr=74521.99 best_other=29656.76 ratio=2.5128 ee_to_optimal=0.0390m phi=0.0253m
[STAGE-A-TRACE] step=76 sim_t=0.760 mode=free phi=0.02532 box_xy=+0.00000,+0.00000 lam_n_ee_box=nan qy=+0.00001 qz=+0.00000 finished_repos=0
[DRAKE-CONTACT] step=76 n_pairs=1 ee_box_normal=0.000
[GATE-CONTACT] step=76 F_W=(+0.0000,+0.0000,+0.0000) F_on_box=(-0.0000,-0.0000,-0.0000) n_face_out=(-0.0000,-0.0000,-0.0000) A_is_ee=0 box_q=(+1.00000,-0.00001,+0.00001,+0.00000) box_p=(+0.00000,+0.00000,+0.04999) ee_p=(+0.04528,+0.02533,+0.15030)
[CONTACT-ELEM] step=227 element=manipulated_object::collision phi=+0.0253m
[LATERAL] perp=24.0mm scale=50.0mm strength=0.48 shift_mm=(+0.0,-11.6)
[ADMM-C3+] primal: 27.9399->49.3588  dual: 2134.4591->948.3123  mono=False  iters=25/25  rho=25.0
[ADMM-C3+] WARNING non-converged: pr=49.3588 dr=948.3123 tol=1e-03
[MATH.δ-C3+] Bui 2026 eq (12) projection results (N=20 × 12 λ-components):
[MATH.δ-C3+]   case 1 (η wins, λ→0):     45
[MATH.δ-C3+]   case 2 (λ wins, η→0):     162
[MATH.δ-C3+]   case 3 (both zero):       33
[MATH.δ-C3+] First step k=0, component 0:
[MATH.δ-C3+]   pre:  λ°=0.3926, η°=-29.1785
[MATH.δ-C3+]   post: δ_λ=0.0000, δ_η=0.0495
[MATH.ω-C3+] ω update: ω += (z-δ), over 25 ADMM iters
[MATH.ω-C3+] ||ω||=695.5480, ||z-δ||_max=30.4321  (scale differs from C3 — ω carries η-block residuals too)
[MATH.ω-C3+] ρ decision: primal=49.3588, dual=948.3123, ratio=0.0520 < 0.1 → would halve ρ to 12.5000
[MATH.ω-C3+] Note: adaptive-ρ fires every 10 iters; current max_iter=25
[C3+] step=228 |u[0]|=43.11N u_axis=(-30.00,+26.38,-16.21)N λ_n_max=41.275 η_n_max=1.987 primal=49.359 iters=25/25 lcp_res_max=2.67e-06
[ADMIT-GUARD] step=77 admit_active=1 latch=0/0 ee_z=0.150 gate_cap=0
[ALT-GATE] step=77 target_stable=0/0 allow_descent=1
[GS-tgt] step=77 ee=(+0.047,+0.024,+0.150) p_repos=(+0.080,+0.000,+0.030) ee_to_target=0.127m target_label=prev_repos target_changed=N delta=0.000m
[GS] step=77 mode=free switch=kToBetterRepos best_k=1 best_src=prev_repos curr_cost=70421.43 repos_cost=23122.65 best_other=23122.65 met_progress=N steps_since_improve=75 switches=0
[STEP] step=77 mode=free t=0.770s ee=(+0.047,+0.024,+0.150) obj=(+0.000,+0.000,+0.050) goal_dist=0.300m switch=kToBetterRepos target=(+0.047,+0.023,+0.150) ee_stride=0.001m ee_to_ptarget=0.127m landing_err=0.1165m ik_ok=Y ik_resid=0.0009m q_max_resid_deg=3.57 target_changed=Y retgt=N held_idx=1 held_cost=23122.65 won_cost=23122.65 margin=+0.00 won_src=prev_repos held_valid=Y reason=hold setpoint_to_ptarget=nanm finished_val=nanm finished_thresh=0.0200m pd_resid=nanm nextwp_to_ptarget=nanm guide_terminal_err=nanm
[GATE-EVOLVE] step=77 curr=70421.43 best_other=23122.65 ratio=3.0456 ee_to_optimal=0.0371m phi=0.0253m
[STAGE-A-TRACE] step=77 sim_t=0.770 mode=free phi=0.02535 box_xy=+0.00000,+0.00000 lam_n_ee_box=nan qy=+0.00001 qz=+0.00000 finished_repos=0
[DRAKE-CONTACT] step=77 n_pairs=1 ee_box_normal=0.000
[GATE-CONTACT] step=77 F_W=(+0.0000,+0.0000,+0.0000) F_on_box=(-0.0000,-0.0000,-0.0000) n_face_out=(-0.0000,-0.0000,-0.0000) A_is_ee=0 box_q=(+1.00000,-0.00001,+0.00001,+0.00000) box_p=(+0.00000,+0.00000,+0.04999) ee_p=(+0.04681,+0.02405,+0.15034)
[CONTACT-ELEM] step=230 element=manipulated_object::collision phi=+0.0254m
[LATERAL] perp=22.8mm scale=50.0mm strength=0.46 shift_mm=(+0.0,-10.4)
[ADMM-C3+] primal: 27.0884->83.2855  dual: 2081.7778->1900.1461  mono=False  iters=25/25  rho=25.0
[ADMM-C3+] WARNING non-converged: pr=83.2855 dr=1900.1461 tol=1e-03
[MATH.δ-C3+] Bui 2026 eq (12) projection results (N=20 × 12 λ-components):
[MATH.δ-C3+]   case 1 (η wins, λ→0):     51
[MATH.δ-C3+]   case 2 (λ wins, η→0):     153
[MATH.δ-C3+]   case 3 (both zero):       36
[MATH.δ-C3+] First step k=0, component 0:
[MATH.δ-C3+]   pre:  λ°=0.5730, η°=-24.6893
[MATH.δ-C3+]   post: δ_λ=0.0000, δ_η=0.1400
[MATH.ω-C3+] ω update: ω += (z-δ), over 25 ADMM iters
[MATH.ω-C3+] ||ω||=677.8409, ||z-δ||_max=31.1247  (scale differs from C3 — ω carries η-block residuals too)
[MATH.ω-C3+] ρ decision: primal=83.2855, dual=1.9001e+03, ratio=0.0438 < 0.1 → would halve ρ to 12.5000
[MATH.ω-C3+] Note: adaptive-ρ fires every 10 iters; current max_iter=25
[C3+] step=231 |u[0]|=45.66N u_axis=(-30.00,+30.00,-16.89)N λ_n_max=38.262 η_n_max=2.317 primal=83.286 iters=25/25 lcp_res_max=inf
[ADMIT-GUARD] step=78 admit_active=1 latch=0/0 ee_z=0.150 gate_cap=0
[ALT-GATE] step=78 target_stable=0/0 allow_descent=1
[GS-tgt] step=78 ee=(+0.048,+0.023,+0.150) p_repos=(+0.080,+0.000,+0.030) ee_to_target=0.127m target_label=prev_repos target_changed=N delta=0.000m
[GS] step=78 mode=free switch=kToBetterRepos best_k=1 best_src=prev_repos curr_cost=74539.02 repos_cost=18337.63 best_other=18337.63 met_progress=N steps_since_improve=76 switches=0
[STEP] step=78 mode=free t=0.780s ee=(+0.048,+0.023,+0.150) obj=(+0.000,+0.000,+0.050) goal_dist=0.300m switch=kToBetterRepos target=(+0.049,+0.022,+0.150) ee_stride=0.001m ee_to_ptarget=0.127m landing_err=0.1125m ik_ok=Y ik_resid=0.0008m q_max_resid_deg=3.14 target_changed=Y retgt=N held_idx=1 held_cost=18337.63 won_cost=18337.63 margin=+0.00 won_src=prev_repos held_valid=Y reason=hold setpoint_to_ptarget=nanm finished_val=nanm finished_thresh=0.0200m pd_resid=nanm nextwp_to_ptarget=nanm guide_terminal_err=nanm
[GATE-EVOLVE] step=78 curr=74539.02 best_other=18337.63 ratio=4.0648 ee_to_optimal=0.0351m phi=0.0254m
[STAGE-A-TRACE] step=78 sim_t=0.780 mode=free phi=0.02537 box_xy=+0.00000,+0.00000 lam_n_ee_box=nan qy=+0.00001 qz=+0.00000 finished_repos=0
[DRAKE-CONTACT] step=78 n_pairs=1 ee_box_normal=0.000
[GATE-CONTACT] step=78 F_W=(+0.0000,+0.0000,+0.0000) F_on_box=(-0.0000,-0.0000,-0.0000) n_face_out=(-0.0000,-0.0000,-0.0000) A_is_ee=0 box_q=(+1.00000,-0.00001,+0.00001,+0.00000) box_p=(+0.00000,+0.00000,+0.04999) ee_p=(+0.04833,+0.02280,+0.15036)
[CONTACT-ELEM] step=233 element=manipulated_object::collision phi=+0.0254m
[LATERAL] perp=21.6mm scale=50.0mm strength=0.43 shift_mm=(+0.0,-9.3)
[ADMM-C3+] primal: 26.3800->122.8083  dual: 2036.5581->2710.3016  mono=False  iters=25/25  rho=25.0
[ADMM-C3+] WARNING non-converged: pr=122.8083 dr=2710.3016 tol=1e-03
[MATH.δ-C3+] Bui 2026 eq (12) projection results (N=20 × 12 λ-components):
[MATH.δ-C3+]   case 1 (η wins, λ→0):     58
[MATH.δ-C3+]   case 2 (λ wins, η→0):     130
[MATH.δ-C3+]   case 3 (both zero):       52
[MATH.δ-C3+] First step k=0, component 0:
[MATH.δ-C3+]   pre:  λ°=0.5845, η°=-25.9819
[MATH.δ-C3+]   post: δ_λ=0.0000, δ_η=0.2318
[MATH.ω-C3+] ω update: ω += (z-δ), over 25 ADMM iters
[MATH.ω-C3+] ||ω||=635.7237, ||z-δ||_max=25.8916  (scale differs from C3 — ω carries η-block residuals too)
[MATH.ω-C3+] ρ decision: primal=122.8083, dual=2.7103e+03, ratio=0.0453 < 0.1 → would halve ρ to 12.5000
[MATH.ω-C3+] Note: adaptive-ρ fires every 10 iters; current max_iter=25
[C3+] step=234 |u[0]|=43.13N u_axis=(-27.44,+28.25,-17.59)N λ_n_max=34.537 η_n_max=0.615 primal=122.808 iters=25/25 lcp_res_max=1.51e-05
[ADMIT-GUARD] step=79 admit_active=1 latch=0/0 ee_z=0.150 gate_cap=0
[ALT-GATE] step=79 target_stable=0/0 allow_descent=1
[GS-tgt] step=79 ee=(+0.050,+0.022,+0.150) p_repos=(+0.080,+0.000,+0.030) ee_to_target=0.126m target_label=prev_repos target_changed=N delta=0.000m
[GS] step=79 mode=free switch=kToBetterRepos best_k=1 best_src=prev_repos curr_cost=72808.93 repos_cost=14670.27 best_other=14670.27 met_progress=N steps_since_improve=77 switches=0
[STEP] step=79 mode=free t=0.790s ee=(+0.050,+0.022,+0.150) obj=(+0.000,+0.000,+0.050) goal_dist=0.300m switch=kToBetterRepos target=(+0.050,+0.021,+0.150) ee_stride=0.001m ee_to_ptarget=0.126m landing_err=0.1085m ik_ok=Y ik_resid=0.0008m q_max_resid_deg=2.72 target_changed=Y retgt=N held_idx=1 held_cost=14670.27 won_cost=14670.27 margin=+0.00 won_src=prev_repos held_valid=Y reason=hold setpoint_to_ptarget=nanm finished_val=nanm finished_thresh=0.0200m pd_resid=nanm nextwp_to_ptarget=nanm guide_terminal_err=nanm
[GATE-EVOLVE] step=79 curr=72808.93 best_other=14670.27 ratio=4.9630 ee_to_optimal=0.0331m phi=0.0254m
[STAGE-A-TRACE] step=79 sim_t=0.790 mode=free phi=0.02540 box_xy=+0.00000,+0.00000 lam_n_ee_box=nan qy=+0.00001 qz=+0.00000 finished_repos=0
[DRAKE-CONTACT] step=79 n_pairs=1 ee_box_normal=0.000
[GATE-CONTACT] step=79 F_W=(+0.0000,+0.0000,+0.0000) F_on_box=(-0.0000,-0.0000,-0.0000) n_face_out=(-0.0000,-0.0000,-0.0000) A_is_ee=0 box_q=(+1.00000,-0.00001,+0.00001,+0.00000) box_p=(+0.00000,+0.00000,+0.04999) ee_p=(+0.04985,+0.02158,+0.15039)
[CONTACT-ELEM] step=236 element=manipulated_object::collision phi=+0.0254m
[LATERAL] perp=20.4mm scale=50.0mm strength=0.41 shift_mm=(+0.0,-8.3)
[ADMM-C3+] primal: 25.9158->101.6162  dual: 2012.6039->2432.7254  mono=False  iters=25/25  rho=25.0
[ADMM-C3+] WARNING non-converged: pr=101.6162 dr=2432.7254 tol=1e-03
[MATH.δ-C3+] Bui 2026 eq (12) projection results (N=20 × 12 λ-components):
[MATH.δ-C3+]   case 1 (η wins, λ→0):     44
[MATH.δ-C3+]   case 2 (λ wins, η→0):     162
[MATH.δ-C3+]   case 3 (both zero):       34
[MATH.δ-C3+] First step k=0, component 0:
[MATH.δ-C3+]   pre:  λ°=0.5187, η°=-22.9914
[MATH.δ-C3+]   post: δ_λ=0.0000, δ_η=0.8361
[MATH.ω-C3+] ω update: ω += (z-δ), over 25 ADMM iters
[MATH.ω-C3+] ||ω||=710.6457, ||z-δ||_max=50.8505  (scale differs from C3 — ω carries η-block residuals too)
[MATH.ω-C3+] ρ decision: primal=101.6162, dual=2.4327e+03, ratio=0.0418 < 0.1 → would halve ρ to 12.5000
[MATH.ω-C3+] Note: adaptive-ρ fires every 10 iters; current max_iter=25
[C3+] step=237 |u[0]|=46.23N u_axis=(-30.00,+28.29,-20.91)N λ_n_max=58.897 η_n_max=3.792 primal=101.616 iters=25/25 lcp_res_max=inf
[ADMIT-GUARD] step=80 admit_active=1 latch=0/0 ee_z=0.150 gate_cap=0
[ALT-GATE] step=80 target_stable=0/0 allow_descent=1
[GS-tgt] step=80 ee=(+0.051,+0.020,+0.150) p_repos=(+0.080,+0.000,+0.030) ee_to_target=0.125m target_label=prev_repos target_changed=N delta=0.000m
[IMP] step=80 mode=free |x_err|=0.0008m |tau_imp|=1.50Nm |tau_ff|=0.00Nm |tau_out|=1.50Nm sat=False lam_n=False lam_t=False
[GS] step=80 mode=free switch=kToBetterRepos best_k=1 best_src=prev_repos curr_cost=74708.45 repos_cost=12536.06 best_other=12536.06 met_progress=N steps_since_improve=78 switches=0
[STEP] step=80 mode=free t=0.800s ee=(+0.051,+0.020,+0.150) obj=(+0.000,+0.000,+0.050) goal_dist=0.300m switch=kToBetterRepos target=(+0.052,+0.020,+0.150) ee_stride=0.001m ee_to_ptarget=0.125m landing_err=0.1045m ik_ok=Y ik_resid=0.0009m q_max_resid_deg=2.31 target_changed=Y retgt=N held_idx=1 held_cost=12536.06 won_cost=12536.06 margin=+0.00 won_src=prev_repos held_valid=Y reason=hold setpoint_to_ptarget=nanm finished_val=nanm finished_thresh=0.0200m pd_resid=nanm nextwp_to_ptarget=nanm guide_terminal_err=nanm
[GATE-EVOLVE] step=80 curr=74708.45 best_other=12536.06 ratio=5.9595 ee_to_optimal=0.0312m phi=0.0254m
[STAGE-A-TRACE] step=80 sim_t=0.800 mode=free phi=0.02543 box_xy=+0.00000,+0.00000 lam_n_ee_box=nan qy=+0.00001 qz=+0.00000 finished_repos=0
[GS-table] step=80
  k=0 (current   ) pos=(+0.051,+0.020,+0.150) c_C3= 104708.45 align=1.0000(bonus=30000.00) rot=+0.0000(bonus=    0.00) travel=0.000m(pen=  0.00) c_sample=  74708.45 feas=Y ik_err=0.0000m
  k=1 (prev_repos) pos=(+0.080,+0.000,+0.030) c_C3=  42510.97 align=1.0000(bonus=30000.00) rot=+0.0000(bonus=    0.00) travel=0.125m(pen= 25.09) c_sample=  12536.06 feas=Y ik_err=0.0000m  ← WIN
  k=2 (strat_0   ) pos=(+0.080,+0.000,+0.030) c_C3=  42510.97 align=1.0000(bonus=30000.00) rot=+0.0000(bonus=    0.00) travel=0.125m(pen= 25.09) c_sample=  12536.06 feas=Y ik_err=0.0000m
[DRAKE-CONTACT] step=80 n_pairs=1 ee_box_normal=0.000
[GATE-CONTACT] step=80 F_W=(+0.0000,+0.0000,+0.0000) F_on_box=(-0.0000,-0.0000,-0.0000) n_face_out=(-0.0000,-0.0000,-0.0000) A_is_ee=0 box_q=(+1.00000,-0.00001,+0.00001,+0.00000) box_p=(+0.00000,+0.00000,+0.04999) ee_p=(+0.05136,+0.02038,+0.15041)
[CONTACT-ELEM] step=239 element=manipulated_object::collision phi=+0.0255m
[LATERAL] perp=19.2mm scale=50.0mm strength=0.38 shift_mm=(+0.0,-7.4)
[ADMM-C3+] primal: 25.5006->79.2840  dual: 1990.9718->1694.3460  mono=False  iters=25/25  rho=25.0
[ADMM-C3+] WARNING non-converged: pr=79.2840 dr=1694.3460 tol=1e-03
[MATH.QP-C3+] Minimizing: (1/2) z^T P z + q^T z  (z augmented with η)
[MATH.QP-C3+]   s.t. A_eq z = b_eq  (639 rows = x_0 fixation + 20 dynamics + 240 η-slack rows; slack-equality block ADDED)
[MATH.QP-C3+]        bbox: λ_n ≥ 0, |u| ≤ 30.0 N (EE force)  (η is unbounded — sign enforced via projection eq 12)
[MATH.QP-C3+] P shape=(939,939), symmetric=True, pos-semidef=True, cond(P)=4.0000e+05
[MATH.QP-C3+] q norm=3.9840e+05
[MATH.QP-C3+] Augmented term: (ρ/2) Σ ||z-δ+ω||^2_G  ρ=25.0000  (G=I in v1: u_λ=u_η=1)
[MATH.QP-C3+] Soft complementarity: w_comp=0.0000  (C3+ disables it — η equality replaces the linear penalty)
[MATH.QP-C3+] OSQP status: solved, iters=225, solve time=11.23ms
[MATH.δ-C3+] Bui 2026 eq (12) projection results (N=20 × 12 λ-components):
[MATH.δ-C3+]   case 1 (η wins, λ→0):     31
[MATH.δ-C3+]   case 2 (λ wins, η→0):     161
[MATH.δ-C3+]   case 3 (both zero):       48
[MATH.δ-C3+] First step k=0, component 0:
[MATH.δ-C3+]   pre:  λ°=0.4257, η°=-21.2902
[MATH.δ-C3+]   post: δ_λ=0.0000, δ_η=0.9507
[MATH.ω-C3+] ω update: ω += (z-δ), over 25 ADMM iters
[MATH.ω-C3+] ||ω||=667.6076, ||z-δ||_max=40.5383  (scale differs from C3 — ω carries η-block residuals too)
[MATH.ω-C3+] ρ decision: primal=79.2840, dual=1.6943e+03, ratio=0.0468 < 0.1 → would halve ρ to 12.5000
[MATH.ω-C3+] Note: adaptive-ρ fires every 10 iters; current max_iter=25
[C3+] step=240 |u[0]|=46.14N u_axis=(-26.70,+30.00,-22.72)N λ_n_max=54.411 η_n_max=3.330 primal=79.284 iters=25/25 lcp_res_max=9.11e-06
[ADMIT-GUARD] step=81 admit_active=1 latch=0/0 ee_z=0.150 gate_cap=0
[ALT-GATE] step=81 target_stable=0/0 allow_descent=1
[GS-tgt] step=81 ee=(+0.053,+0.019,+0.150) p_repos=(+0.080,+0.000,+0.030) ee_to_target=0.125m target_label=prev_repos target_changed=N delta=0.000m
[GS] step=81 mode=free switch=kToBetterRepos best_k=1 best_src=prev_repos curr_cost=72411.54 repos_cost=10728.66 best_other=10728.66 met_progress=N steps_since_improve=79 switches=0
[STEP] step=81 mode=free t=0.810s ee=(+0.053,+0.019,+0.150) obj=(+0.000,+0.000,+0.050) goal_dist=0.300m switch=kToBetterRepos target=(+0.053,+0.019,+0.150) ee_stride=0.001m ee_to_ptarget=0.125m landing_err=0.1005m ik_ok=Y ik_resid=0.0000m q_max_resid_deg=1.81 target_changed=Y retgt=N held_idx=1 held_cost=10728.66 won_cost=10728.66 margin=+0.00 won_src=prev_repos held_valid=Y reason=hold setpoint_to_ptarget=nanm finished_val=nanm finished_thresh=0.0200m pd_resid=nanm nextwp_to_ptarget=nanm guide_terminal_err=nanm
[GATE-EVOLVE] step=81 curr=72411.54 best_other=10728.66 ratio=6.7494 ee_to_optimal=0.0293m phi=0.0255m
[STAGE-A-TRACE] step=81 sim_t=0.810 mode=free phi=0.02551 box_xy=+0.00000,+0.00000 lam_n_ee_box=nan qy=+0.00001 qz=+0.00000 finished_repos=0
[DRAKE-CONTACT] step=81 n_pairs=1 ee_box_normal=0.000
[GATE-CONTACT] step=81 F_W=(+0.0000,+0.0000,+0.0000) F_on_box=(-0.0000,-0.0000,-0.0000) n_face_out=(-0.0000,-0.0000,-0.0000) A_is_ee=0 box_q=(+1.00000,-0.00001,+0.00001,+0.00000) box_p=(+0.00000,+0.00000,+0.04999) ee_p=(+0.05287,+0.01920,+0.15042)
[CONTACT-ELEM] step=242 element=manipulated_object::collision phi=+0.0256m
[LATERAL] perp=18.0mm scale=50.0mm strength=0.36 shift_mm=(+0.0,-6.5)
[ADMM-C3+] primal: 25.0183->189.0577  dual: 1968.3720->4378.8965  mono=False  iters=25/25  rho=25.0
[ADMM-C3+] WARNING non-converged: pr=189.0577 dr=4378.8965 tol=1e-03
[MATH.δ-C3+] Bui 2026 eq (12) projection results (N=20 × 12 λ-components):
[MATH.δ-C3+]   case 1 (η wins, λ→0):     53
[MATH.δ-C3+]   case 2 (λ wins, η→0):     131
[MATH.δ-C3+]   case 3 (both zero):       56
[MATH.δ-C3+] First step k=0, component 0:
[MATH.δ-C3+]   pre:  λ°=0.2778, η°=-18.6755
[MATH.δ-C3+]   post: δ_λ=0.0000, δ_η=0.3464
[MATH.ω-C3+] ω update: ω += (z-δ), over 25 ADMM iters
[MATH.ω-C3+] ||ω||=651.2112, ||z-δ||_max=44.1843  (scale differs from C3 — ω carries η-block residuals too)
[MATH.ω-C3+] ρ decision: primal=189.0577, dual=4.3789e+03, ratio=0.0432 < 0.1 → would halve ρ to 12.5000
[MATH.ω-C3+] Note: adaptive-ρ fires every 10 iters; current max_iter=25
[C3+] step=243 |u[0]|=37.39N u_axis=(-8.80,+30.00,-20.50)N λ_n_max=16.667 η_n_max=2.406 primal=189.058 iters=25/25 lcp_res_max=inf
[ADMIT-GUARD] step=82 admit_active=1 latch=0/0 ee_z=0.150 gate_cap=0
[ALT-GATE] step=82 target_stable=0/0 allow_descent=1
[GS-tgt] step=82 ee=(+0.054,+0.018,+0.150) p_repos=(+0.080,+0.000,+0.030) ee_to_target=0.124m target_label=prev_repos target_changed=N delta=0.000m
[GS] step=82 mode=free switch=kToBetterRepos best_k=1 best_src=prev_repos curr_cost=70317.36 repos_cost=9087.18 best_other=9087.18 met_progress=N steps_since_improve=80 switches=0
[STEP] step=82 mode=free t=0.820s ee=(+0.054,+0.018,+0.150) obj=(+0.000,+0.000,+0.050) goal_dist=0.300m switch=kToBetterRepos target=(+0.055,+0.018,+0.150) ee_stride=0.001m ee_to_ptarget=0.124m landing_err=0.0965m ik_ok=Y ik_resid=0.0001m q_max_resid_deg=1.99 target_changed=Y retgt=N held_idx=1 held_cost=9087.18 won_cost=9087.18 margin=+0.00 won_src=prev_repos held_valid=Y reason=hold setpoint_to_ptarget=nanm finished_val=nanm finished_thresh=0.0200m pd_resid=nanm nextwp_to_ptarget=nanm guide_terminal_err=nanm
[GATE-EVOLVE] step=82 curr=70317.36 best_other=9087.18 ratio=7.7381 ee_to_optimal=0.0274m phi=0.0256m
[STAGE-A-TRACE] step=82 sim_t=0.820 mode=free phi=0.02563 box_xy=+0.00000,+0.00000 lam_n_ee_box=nan qy=+0.00001 qz=+0.00000 finished_repos=0
[DRAKE-CONTACT] step=82 n_pairs=1 ee_box_normal=0.000
[GATE-CONTACT] step=82 F_W=(+0.0000,+0.0000,+0.0000) F_on_box=(-0.0000,-0.0000,-0.0000) n_face_out=(-0.0000,-0.0000,-0.0000) A_is_ee=0 box_q=(+1.00000,-0.00001,+0.00001,+0.00000) box_p=(+0.00000,+0.00000,+0.04999) ee_p=(+0.05437,+0.01804,+0.15043)
[CONTACT-ELEM] step=245 element=manipulated_object::collision phi=+0.0258m
[LATERAL] perp=16.9mm scale=50.0mm strength=0.34 shift_mm=(+0.0,-5.7)
[ADMM-C3+] primal: 24.6446->57.1659  dual: 1947.3198->1600.0814  mono=False  iters=25/25  rho=25.0
[ADMM-C3+] WARNING non-converged: pr=57.1659 dr=1600.0814 tol=1e-03
[MATH.δ-C3+] Bui 2026 eq (12) projection results (N=20 × 12 λ-components):
[MATH.δ-C3+]   case 1 (η wins, λ→0):     42
[MATH.δ-C3+]   case 2 (λ wins, η→0):     145
[MATH.δ-C3+]   case 3 (both zero):       53
[MATH.δ-C3+] First step k=0, component 0:
[MATH.δ-C3+]   pre:  λ°=0.2109, η°=-15.2102
[MATH.δ-C3+]   post: δ_λ=0.0000, δ_η=0.1492
[MATH.ω-C3+] ω update: ω += (z-δ), over 25 ADMM iters
[MATH.ω-C3+] ||ω||=659.4166, ||z-δ||_max=27.8622  (scale differs from C3 — ω carries η-block residuals too)
[MATH.ω-C3+] ρ decision: primal=57.1659, dual=1.6001e+03, ratio=0.0357 < 0.1 → would halve ρ to 12.5000
[MATH.ω-C3+] Note: adaptive-ρ fires every 10 iters; current max_iter=25
[C3+] step=246 |u[0]|=36.70N u_axis=(-0.73,+30.00,-21.13)N λ_n_max=30.937 η_n_max=2.332 primal=57.166 iters=25/25 lcp_res_max=2.89e-06
[ADMIT-GUARD] step=83 admit_active=1 latch=0/0 ee_z=0.150 gate_cap=0
[ALT-GATE] step=83 target_stable=0/0 allow_descent=1
[GS-tgt] step=83 ee=(+0.056,+0.017,+0.150) p_repos=(+0.080,+0.000,+0.030) ee_to_target=0.124m target_label=prev_repos target_changed=N delta=0.000m
[GS] step=83 mode=free switch=kToBetterRepos best_k=1 best_src=prev_repos curr_cost=66278.35 repos_cost=7677.28 best_other=7677.28 met_progress=N steps_since_improve=81 switches=0
[STEP] step=83 mode=free t=0.830s ee=(+0.056,+0.017,+0.150) obj=(+0.000,+0.000,+0.050) goal_dist=0.300m switch=kToBetterRepos target=(+0.056,+0.017,+0.150) ee_stride=0.000m ee_to_ptarget=0.124m landing_err=0.0925m ik_ok=Y ik_resid=0.0001m q_max_resid_deg=2.16 target_changed=Y retgt=N held_idx=1 held_cost=7677.28 won_cost=7677.28 margin=+0.00 won_src=prev_repos held_valid=Y reason=hold setpoint_to_ptarget=nanm finished_val=nanm finished_thresh=0.0200m pd_resid=nanm nextwp_to_ptarget=nanm guide_terminal_err=nanm
[GATE-EVOLVE] step=83 curr=66278.35 best_other=7677.28 ratio=8.6330 ee_to_optimal=0.0255m phi=0.0258m
[STAGE-A-TRACE] step=83 sim_t=0.830 mode=free phi=0.02579 box_xy=+0.00000,+0.00000 lam_n_ee_box=nan qy=+0.00001 qz=+0.00000 finished_repos=0
[DRAKE-CONTACT] step=83 n_pairs=1 ee_box_normal=0.000
[GATE-CONTACT] step=83 F_W=(+0.0000,+0.0000,+0.0000) F_on_box=(-0.0000,-0.0000,-0.0000) n_face_out=(-0.0000,-0.0000,-0.0000) A_is_ee=0 box_q=(+1.00000,-0.00001,+0.00001,+0.00000) box_p=(+0.00000,+0.00000,+0.04999) ee_p=(+0.05587,+0.01691,+0.15044)
[CONTACT-ELEM] step=248 element=manipulated_object::collision phi=+0.0260m
[LATERAL] perp=15.8mm scale=50.0mm strength=0.32 shift_mm=(+0.0,-5.0)
[ADMM-C3+] primal: 24.3146->68.5718  dual: 1926.8975->1297.4318  mono=False  iters=25/25  rho=25.0
[ADMM-C3+] WARNING non-converged: pr=68.5718 dr=1297.4318 tol=1e-03
[MATH.δ-C3+] Bui 2026 eq (12) projection results (N=20 × 12 λ-components):
[MATH.δ-C3+]   case 1 (η wins, λ→0):     41
[MATH.δ-C3+]   case 2 (λ wins, η→0):     144
[MATH.δ-C3+]   case 3 (both zero):       55
[MATH.δ-C3+] First step k=0, component 0:
[MATH.δ-C3+]   pre:  λ°=0.2907, η°=-13.8563
[MATH.δ-C3+]   post: δ_λ=0.0014, δ_η=0.0000
[MATH.ω-C3+] ω update: ω += (z-δ), over 25 ADMM iters
[MATH.ω-C3+] ||ω||=632.7931, ||z-δ||_max=38.9389  (scale differs from C3 — ω carries η-block residuals too)
[MATH.ω-C3+] ρ decision: primal=68.5718, dual=1.2974e+03, ratio=0.0529 < 0.1 → would halve ρ to 12.5000
[MATH.ω-C3+] Note: adaptive-ρ fires every 10 iters; current max_iter=25
[C3+] step=249 |u[0]|=36.88N u_axis=(+2.71,+30.00,-21.28)N λ_n_max=38.939 η_n_max=2.209 primal=68.572 iters=25/25 lcp_res_max=2.04e-06
[ADMIT-GUARD] step=84 admit_active=1 latch=0/0 ee_z=0.150 gate_cap=0
[ALT-GATE] step=84 target_stable=0/0 allow_descent=1
[GS-tgt] step=84 ee=(+0.057,+0.016,+0.150) p_repos=(+0.080,+0.000,+0.030) ee_to_target=0.124m target_label=prev_repos target_changed=N delta=0.000m
[GS] step=84 mode=free switch=kToBetterRepos best_k=1 best_src=prev_repos curr_cost=65148.23 repos_cost=6405.64 best_other=6405.64 met_progress=N steps_since_improve=82 switches=0
[STEP] step=84 mode=free t=0.840s ee=(+0.057,+0.016,+0.150) obj=(+0.000,+0.000,+0.050) goal_dist=0.300m switch=kToBetterRepos target=(+0.057,+0.016,+0.150) ee_stride=0.000m ee_to_ptarget=0.124m landing_err=0.0885m ik_ok=Y ik_resid=0.0001m q_max_resid_deg=2.33 target_changed=Y retgt=N held_idx=1 held_cost=6405.64 won_cost=6405.64 margin=+0.00 won_src=prev_repos held_valid=Y reason=hold setpoint_to_ptarget=nanm finished_val=nanm finished_thresh=0.0200m pd_resid=nanm nextwp_to_ptarget=nanm guide_terminal_err=nanm
[GATE-EVOLVE] step=84 curr=65148.23 best_other=6405.64 ratio=10.1705 ee_to_optimal=0.0237m phi=0.0260m
[STAGE-A-TRACE] step=84 sim_t=0.840 mode=free phi=0.02599 box_xy=+0.00000,+0.00000 lam_n_ee_box=nan qy=+0.00001 qz=+0.00000 finished_repos=0
[DRAKE-CONTACT] step=84 n_pairs=1 ee_box_normal=0.000
[GATE-CONTACT] step=84 F_W=(+0.0000,+0.0000,+0.0000) F_on_box=(-0.0000,-0.0000,-0.0000) n_face_out=(-0.0000,-0.0000,-0.0000) A_is_ee=0 box_q=(+1.00000,-0.00001,+0.00001,+0.00000) box_p=(+0.00000,+0.00000,+0.04999) ee_p=(+0.05737,+0.01579,+0.15044)
[CONTACT-ELEM] step=251 element=manipulated_object::collision phi=+0.0262m
[LATERAL] perp=14.7mm scale=50.0mm strength=0.29 shift_mm=(+0.0,-4.3)
[ADMM-C3+] primal: 23.9635->109.7187  dual: 1905.9777->2277.3293  mono=False  iters=25/25  rho=25.0
[ADMM-C3+] WARNING non-converged: pr=109.7187 dr=2277.3293 tol=1e-03
[MATH.δ-C3+] Bui 2026 eq (12) projection results (N=20 × 12 λ-components):
[MATH.δ-C3+]   case 1 (η wins, λ→0):     34
[MATH.δ-C3+]   case 2 (λ wins, η→0):     153
[MATH.δ-C3+]   case 3 (both zero):       53
[MATH.δ-C3+] First step k=0, component 0:
[MATH.δ-C3+]   pre:  λ°=0.0850, η°=-17.3742
[MATH.δ-C3+]   post: δ_λ=0.0040, δ_η=0.0000
[MATH.ω-C3+] ω update: ω += (z-δ), over 25 ADMM iters
[MATH.ω-C3+] ||ω||=662.6226, ||z-δ||_max=55.0549  (scale differs from C3 — ω carries η-block residuals too)
[MATH.ω-C3+] ρ decision: primal=109.7187, dual=2.2773e+03, ratio=0.0482 < 0.1 → would halve ρ to 12.5000
[MATH.ω-C3+] Note: adaptive-ρ fires every 10 iters; current max_iter=25
[C3+] step=252 |u[0]|=40.75N u_axis=(+11.31,+30.00,-25.16)N λ_n_max=55.055 η_n_max=5.206 primal=109.719 iters=25/25 lcp_res_max=2.16e-06
[ADMIT-GUARD] step=85 admit_active=1 latch=0/0 ee_z=0.150 gate_cap=0
[ALT-GATE] step=85 target_stable=0/0 allow_descent=1
[GS-tgt] step=85 ee=(+0.059,+0.015,+0.150) p_repos=(+0.080,+0.000,+0.030) ee_to_target=0.123m target_label=prev_repos target_changed=N delta=0.000m
[GS] step=85 mode=free switch=kToBetterRepos best_k=1 best_src=prev_repos curr_cost=75820.90 repos_cost=5257.85 best_other=5257.85 met_progress=N steps_since_improve=83 switches=0
[STEP] step=85 mode=free t=0.850s ee=(+0.059,+0.015,+0.150) obj=(+0.000,+0.000,+0.050) goal_dist=0.300m switch=kToBetterRepos target=(+0.059,+0.015,+0.150) ee_stride=0.000m ee_to_ptarget=0.123m landing_err=0.0845m ik_ok=Y ik_resid=0.0001m q_max_resid_deg=2.93 target_changed=Y retgt=N held_idx=1 held_cost=5257.85 won_cost=5257.85 margin=+0.00 won_src=prev_repos held_valid=Y reason=hold setpoint_to_ptarget=nanm finished_val=nanm finished_thresh=0.0200m pd_resid=nanm nextwp_to_ptarget=nanm guide_terminal_err=nanm
[GATE-EVOLVE] step=85 curr=75820.90 best_other=5257.85 ratio=14.4205 ee_to_optimal=0.0218m phi=0.0262m
[STAGE-A-TRACE] step=85 sim_t=0.850 mode=free phi=0.02623 box_xy=+0.00000,+0.00000 lam_n_ee_box=nan qy=+0.00001 qz=+0.00000 finished_repos=0
[DRAKE-CONTACT] step=85 n_pairs=1 ee_box_normal=0.000
[GATE-CONTACT] step=85 F_W=(+0.0000,+0.0000,+0.0000) F_on_box=(-0.0000,-0.0000,-0.0000) n_face_out=(-0.0000,-0.0000,-0.0000) A_is_ee=0 box_q=(+1.00000,-0.00001,+0.00001,+0.00000) box_p=(+0.00000,+0.00000,+0.04999) ee_p=(+0.05887,+0.01468,+0.15044)
[CONTACT-ELEM] step=254 element=manipulated_object::collision phi=+0.0265m
[LATERAL] perp=13.6mm scale=50.0mm strength=0.27 shift_mm=(+0.0,-3.7)
[ADMM-C3+] primal: 23.6647->154.9506  dual: 1885.8497->3599.7507  mono=False  iters=25/25  rho=25.0
[ADMM-C3+] WARNING non-converged: pr=154.9506 dr=3599.7507 tol=1e-03
[MATH.δ-C3+] Bui 2026 eq (12) projection results (N=20 × 12 λ-components):
[MATH.δ-C3+]   case 1 (η wins, λ→0):     49
[MATH.δ-C3+]   case 2 (λ wins, η→0):     140
[MATH.δ-C3+]   case 3 (both zero):       51
[MATH.δ-C3+] First step k=0, component 0:
[MATH.δ-C3+]   pre:  λ°=0.0238, η°=-25.1513
[MATH.δ-C3+]   post: δ_λ=0.0024, δ_η=0.0000
[MATH.ω-C3+] ω update: ω += (z-δ), over 25 ADMM iters
[MATH.ω-C3+] ||ω||=706.9111, ||z-δ||_max=41.0380  (scale differs from C3 — ω carries η-block residuals too)
[MATH.ω-C3+] ρ decision: primal=154.9506, dual=3.5998e+03, ratio=0.0430 < 0.1 → would halve ρ to 12.5000
[MATH.ω-C3+] Note: adaptive-ρ fires every 10 iters; current max_iter=25
[C3+] step=255 |u[0]|=37.68N u_axis=(-6.89,+30.00,-21.73)N λ_n_max=20.701 η_n_max=1.745 primal=154.951 iters=25/25 lcp_res_max=inf
[ADMIT-GUARD] step=86 admit_active=1 latch=0/0 ee_z=0.150 gate_cap=0
[ALT-GATE] step=86 target_stable=0/0 allow_descent=1
[GS-tgt] step=86 ee=(+0.060,+0.014,+0.150) p_repos=(+0.080,+0.000,+0.030) ee_to_target=0.123m target_label=prev_repos target_changed=N delta=0.000m
[GS] step=86 mode=free switch=kToBetterRepos best_k=1 best_src=prev_repos curr_cost=62793.72 repos_cost=4162.82 best_other=4162.82 met_progress=N steps_since_improve=84 switches=0
[STEP] step=86 mode=free t=0.860s ee=(+0.060,+0.014,+0.150) obj=(+0.000,+0.000,+0.050) goal_dist=0.300m switch=kToBetterRepos target=(+0.060,+0.013,+0.150) ee_stride=0.000m ee_to_ptarget=0.123m landing_err=0.0805m ik_ok=Y ik_resid=0.0001m q_max_resid_deg=3.67 target_changed=Y retgt=N held_idx=1 held_cost=4162.82 won_cost=4162.82 margin=+0.00 won_src=prev_repos held_valid=Y reason=hold setpoint_to_ptarget=nanm finished_val=nanm finished_thresh=0.0200m pd_resid=nanm nextwp_to_ptarget=nanm guide_terminal_err=nanm
[GATE-EVOLVE] step=86 curr=62793.72 best_other=4162.82 ratio=15.0844 ee_to_optimal=0.0200m phi=0.0265m
[STAGE-A-TRACE] step=86 sim_t=0.860 mode=free phi=0.02650 box_xy=+0.00000,+0.00000 lam_n_ee_box=nan qy=+0.00001 qz=+0.00000 finished_repos=0
[DRAKE-CONTACT] step=86 n_pairs=1 ee_box_normal=0.000
[GATE-CONTACT] step=86 F_W=(+0.0000,+0.0000,+0.0000) F_on_box=(-0.0000,-0.0000,-0.0000) n_face_out=(-0.0000,-0.0000,-0.0000) A_is_ee=0 box_q=(+1.00000,-0.00001,+0.00001,+0.00000) box_p=(+0.00000,+0.00000,+0.04999) ee_p=(+0.06036,+0.01359,+0.15044)
[CONTACT-ELEM] step=257 element=manipulated_object::collision phi=+0.0268m
[LATERAL] perp=12.5mm scale=50.0mm strength=0.25 shift_mm=(+0.0,-3.1)
[ADMM-C3+] primal: 23.3341->93.6888  dual: 1865.5476->1998.5100  mono=False  iters=25/25  rho=25.0
[ADMM-C3+] WARNING non-converged: pr=93.6888 dr=1998.5100 tol=1e-03
[MATH.δ-C3+] Bui 2026 eq (12) projection results (N=20 × 12 λ-components):
[MATH.δ-C3+]   case 1 (η wins, λ→0):     49
[MATH.δ-C3+]   case 2 (λ wins, η→0):     153
[MATH.δ-C3+]   case 3 (both zero):       38
[MATH.δ-C3+] First step k=0, component 0:
[MATH.δ-C3+]   pre:  λ°=0.0248, η°=-21.9516
[MATH.δ-C3+]   post: δ_λ=0.0404, δ_η=0.0000
[MATH.ω-C3+] ω update: ω += (z-δ), over 25 ADMM iters
[MATH.ω-C3+] ||ω||=745.1420, ||z-δ||_max=34.4624  (scale differs from C3 — ω carries η-block residuals too)
[MATH.ω-C3+] ρ decision: primal=93.6888, dual=1.9985e+03, ratio=0.0469 < 0.1 → would halve ρ to 12.5000
[MATH.ω-C3+] Note: adaptive-ρ fires every 10 iters; current max_iter=25
[C3+] step=258 |u[0]|=39.15N u_axis=(+6.56,+30.00,-24.29)N λ_n_max=54.344 η_n_max=3.067 primal=93.689 iters=25/25 lcp_res_max=8.18e-06
[ADMIT-GUARD] step=87 admit_active=1 latch=0/0 ee_z=0.150 gate_cap=0
[ALT-GATE] step=87 target_stable=0/0 allow_descent=1
[GS-tgt] step=87 ee=(+0.062,+0.013,+0.150) p_repos=(+0.080,+0.000,+0.030) ee_to_target=0.122m target_label=prev_repos target_changed=N delta=0.000m
[GS] step=87 mode=free switch=kToBetterRepos best_k=1 best_src=prev_repos curr_cost=81408.31 repos_cost=3253.57 best_other=3253.57 met_progress=N steps_since_improve=85 switches=0
[STEP] step=87 mode=free t=0.870s ee=(+0.062,+0.013,+0.150) obj=(+0.000,+0.000,+0.050) goal_dist=0.300m switch=kToBetterRepos target=(+0.062,+0.012,+0.150) ee_stride=0.000m ee_to_ptarget=0.122m landing_err=0.0765m ik_ok=Y ik_resid=0.0001m q_max_resid_deg=4.40 target_changed=Y retgt=N held_idx=1 held_cost=3253.57 won_cost=3253.57 margin=+0.00 won_src=prev_repos held_valid=Y reason=hold setpoint_to_ptarget=nanm finished_val=nanm finished_thresh=0.0200m pd_resid=nanm nextwp_to_ptarget=nanm guide_terminal_err=nanm
[GATE-EVOLVE] step=87 curr=81408.31 best_other=3253.57 ratio=25.0212 ee_to_optimal=0.0181m phi=0.0268m
[STAGE-A-TRACE] step=87 sim_t=0.870 mode=free phi=0.02682 box_xy=+0.00000,+0.00000 lam_n_ee_box=nan qy=+0.00001 qz=+0.00000 finished_repos=0
[DRAKE-CONTACT] step=87 n_pairs=1 ee_box_normal=0.000
[GATE-CONTACT] step=87 F_W=(+0.0000,+0.0000,+0.0000) F_on_box=(-0.0000,-0.0000,-0.0000) n_face_out=(-0.0000,-0.0000,-0.0000) A_is_ee=0 box_q=(+1.00000,-0.00001,+0.00001,+0.00000) box_p=(+0.00000,+0.00000,+0.04999) ee_p=(+0.06185,+0.01251,+0.15044)
[CONTACT-ELEM] step=260 element=manipulated_object::collision phi=+0.0272m
[LATERAL] perp=11.4mm scale=50.0mm strength=0.23 shift_mm=(+0.0,-2.6)
[ADMM-C3+] primal: 23.0064->149.5031  dual: 1845.4396->3171.3394  mono=False  iters=25/25  rho=25.0
[ADMM-C3+] WARNING non-converged: pr=149.5031 dr=3171.3394 tol=1e-03
[MATH.δ-C3+] Bui 2026 eq (12) projection results (N=20 × 12 λ-components):
[MATH.δ-C3+]   case 1 (η wins, λ→0):     62
[MATH.δ-C3+]   case 2 (λ wins, η→0):     153
[MATH.δ-C3+]   case 3 (both zero):       25
[MATH.δ-C3+] First step k=0, component 0:
[MATH.δ-C3+]   pre:  λ°=0.1416, η°=-30.4098
[MATH.δ-C3+]   post: δ_λ=0.0394, δ_η=0.0000
[MATH.ω-C3+] ω update: ω += (z-δ), over 25 ADMM iters
[MATH.ω-C3+] ||ω||=742.4066, ||z-δ||_max=60.0626  (scale differs from C3 — ω carries η-block residuals too)
[MATH.ω-C3+] ρ decision: primal=149.5031, dual=3.1713e+03, ratio=0.0471 < 0.1 → would halve ρ to 12.5000
[MATH.ω-C3+] Note: adaptive-ρ fires every 10 iters; current max_iter=25
[C3+] step=261 |u[0]|=42.89N u_axis=(+12.05,+30.00,-28.19)N λ_n_max=60.063 η_n_max=5.722 primal=149.503 iters=25/25 lcp_res_max=inf
[ADMIT-GUARD] step=88 admit_active=1 latch=0/0 ee_z=0.150 gate_cap=0
[ALT-GATE] step=88 target_stable=0/0 allow_descent=1
[GS-tgt] step=88 ee=(+0.063,+0.011,+0.150) p_repos=(+0.080,+0.000,+0.030) ee_to_target=0.122m target_label=prev_repos target_changed=N delta=0.000m
[GS] step=88 mode=free switch=kToBetterRepos best_k=1 best_src=prev_repos curr_cost=111326.92 repos_cost=2411.39 best_other=2411.39 met_progress=N steps_since_improve=86 switches=0
[STEP] step=88 mode=free t=0.880s ee=(+0.063,+0.011,+0.150) obj=(+0.000,+0.000,+0.050) goal_dist=0.300m switch=kToBetterRepos target=(+0.063,+0.011,+0.150) ee_stride=0.000m ee_to_ptarget=0.122m landing_err=0.0725m ik_ok=Y ik_resid=0.0001m q_max_resid_deg=5.13 target_changed=Y retgt=N held_idx=1 held_cost=2411.39 won_cost=2411.39 margin=+0.00 won_src=prev_repos held_valid=Y reason=hold setpoint_to_ptarget=nanm finished_val=nanm finished_thresh=0.0200m pd_resid=nanm nextwp_to_ptarget=nanm guide_terminal_err=nanm
[GATE-EVOLVE] step=88 curr=111326.92 best_other=2411.39 ratio=46.1672 ee_to_optimal=0.0163m phi=0.0272m
[STAGE-A-TRACE] step=88 sim_t=0.880 mode=free phi=0.02717 box_xy=+0.00000,+0.00000 lam_n_ee_box=nan qy=+0.00001 qz=+0.00000 finished_repos=0
[DRAKE-CONTACT] step=88 n_pairs=1 ee_box_normal=0.000
[GATE-CONTACT] step=88 F_W=(+0.0000,+0.0000,+0.0000) F_on_box=(-0.0000,-0.0000,-0.0000) n_face_out=(-0.0000,-0.0000,-0.0000) A_is_ee=0 box_q=(+1.00000,-0.00001,+0.00001,+0.00000) box_p=(+0.00000,+0.00000,+0.04999) ee_p=(+0.06334,+0.01144,+0.15043)
[CONTACT-ELEM] step=263 element=manipulated_object::collision phi=+0.0276m
[LATERAL] perp=10.4mm scale=50.0mm strength=0.21 shift_mm=(+0.0,-2.2)
[ADMM-C3+] primal: 22.7101->138.8815  dual: 1825.8510->2515.3591  mono=False  iters=25/25  rho=25.0
[ADMM-C3+] WARNING non-converged: pr=138.8815 dr=2515.3591 tol=1e-03
[MATH.δ-C3+] Bui 2026 eq (12) projection results (N=20 × 12 λ-components):
[MATH.δ-C3+]   case 1 (η wins, λ→0):     65
[MATH.δ-C3+]   case 2 (λ wins, η→0):     146
[MATH.δ-C3+]   case 3 (both zero):       29
[MATH.δ-C3+] First step k=0, component 0:
[MATH.δ-C3+]   pre:  λ°=0.1483, η°=-34.2338
[MATH.δ-C3+]   post: δ_λ=0.1078, δ_η=0.0000
[MATH.ω-C3+] ω update: ω += (z-δ), over 25 ADMM iters
[MATH.ω-C3+] ||ω||=854.7747, ||z-δ||_max=61.4972  (scale differs from C3 — ω carries η-block residuals too)
[MATH.ω-C3+] ρ decision: primal=138.8815, dual=2.5154e+03, ratio=0.0552 < 0.1 → would halve ρ to 12.5000
[MATH.ω-C3+] Note: adaptive-ρ fires every 10 iters; current max_iter=25
[C3+] step=264 |u[0]|=51.41N u_axis=(+30.00,+30.00,-29.04)N λ_n_max=70.920 η_n_max=4.721 primal=138.881 iters=25/25 lcp_res_max=inf
[ADMIT-GUARD] step=89 admit_active=1 latch=0/0 ee_z=0.150 gate_cap=0
[ALT-GATE] step=89 target_stable=0/0 allow_descent=1
[GS-tgt] step=89 ee=(+0.065,+0.010,+0.150) p_repos=(+0.080,+0.000,+0.030) ee_to_target=0.122m target_label=prev_repos target_changed=N delta=0.000m
[GS] step=89 mode=free switch=kToBetterRepos best_k=1 best_src=prev_repos curr_cost=133197.44 repos_cost=1552.49 best_other=1552.49 met_progress=N steps_since_improve=87 switches=0
[STEP] step=89 mode=free t=0.890s ee=(+0.065,+0.010,+0.150) obj=(+0.000,+0.000,+0.050) goal_dist=0.300m switch=kToBetterRepos target=(+0.065,+0.010,+0.150) ee_stride=0.000m ee_to_ptarget=0.122m landing_err=0.0685m ik_ok=Y ik_resid=0.0002m q_max_resid_deg=5.86 target_changed=Y retgt=N held_idx=1 held_cost=1552.49 won_cost=1552.49 margin=+0.00 won_src=prev_repos held_valid=Y reason=hold setpoint_to_ptarget=nanm finished_val=nanm finished_thresh=0.0200m pd_resid=nanm nextwp_to_ptarget=nanm guide_terminal_err=nanm
[GATE-EVOLVE] step=89 curr=133197.44 best_other=1552.49 ratio=85.7961 ee_to_optimal=0.0145m phi=0.0276m
[STAGE-A-TRACE] step=89 sim_t=0.890 mode=free phi=0.02757 box_xy=+0.00000,+0.00000 lam_n_ee_box=nan qy=+0.00001 qz=+0.00000 finished_repos=0
[DRAKE-CONTACT] step=89 n_pairs=1 ee_box_normal=0.000
[GATE-CONTACT] step=89 F_W=(+0.0000,+0.0000,+0.0000) F_on_box=(-0.0000,-0.0000,-0.0000) n_face_out=(-0.0000,-0.0000,-0.0000) A_is_ee=0 box_q=(+1.00000,-0.00001,+0.00001,+0.00000) box_p=(+0.00000,+0.00000,+0.04999) ee_p=(+0.06483,+0.01037,+0.15042)
[CONTACT-ELEM] step=266 element=manipulated_object::collision phi=+0.0280m
[LATERAL] perp=9.3mm scale=50.0mm strength=0.19 shift_mm=(+0.0,-1.7)
[ADMM-C3+] primal: 22.4768->158.9734  dual: 1807.0022->3063.3647  mono=False  iters=25/25  rho=25.0
[ADMM-C3+] WARNING non-converged: pr=158.9734 dr=3063.3647 tol=1e-03
[MATH.δ-C3+] Bui 2026 eq (12) projection results (N=20 × 12 λ-components):
[MATH.δ-C3+]   case 1 (η wins, λ→0):     70
[MATH.δ-C3+]   case 2 (λ wins, η→0):     140
[MATH.δ-C3+]   case 3 (both zero):       30
[MATH.δ-C3+] First step k=0, component 0:
[MATH.δ-C3+]   pre:  λ°=0.1579, η°=-29.7770
[MATH.δ-C3+]   post: δ_λ=0.1253, δ_η=0.0000
[MATH.ω-C3+] ω update: ω += (z-δ), over 25 ADMM iters
[MATH.ω-C3+] ||ω||=789.3762, ||z-δ||_max=52.9552  (scale differs from C3 — ω carries η-block residuals too)
[MATH.ω-C3+] ρ decision: primal=158.9734, dual=3.0634e+03, ratio=0.0519 < 0.1 → would halve ρ to 12.5000
[MATH.ω-C3+] Note: adaptive-ρ fires every 10 iters; current max_iter=25
[C3+] step=267 |u[0]|=51.18N u_axis=(+30.00,+30.00,-28.62)N λ_n_max=64.354 η_n_max=5.803 primal=158.973 iters=25/25 lcp_res_max=inf
[ADMIT-GUARD] step=90 admit_active=1 latch=0/0 ee_z=0.150 gate_cap=0
[ALT-GATE] step=90 target_stable=0/0 allow_descent=1
[GS-tgt] step=90 ee=(+0.066,+0.009,+0.150) p_repos=(+0.080,+0.000,+0.030) ee_to_target=0.122m target_label=prev_repos target_changed=N delta=0.000m
[IMP] step=90 mode=free |x_err|=0.0003m |tau_imp|=0.76Nm |tau_ff|=0.00Nm |tau_out|=0.76Nm sat=False lam_n=False lam_t=False
[GS] step=90 mode=free switch=kToBetterRepos best_k=1 best_src=prev_repos curr_cost=119153.48 repos_cost=831.59 best_other=831.59 met_progress=N steps_since_improve=88 switches=0
[STEP] step=90 mode=free t=0.900s ee=(+0.066,+0.009,+0.150) obj=(+0.000,+0.000,+0.050) goal_dist=0.300m switch=kToBetterRepos target=(+0.066,+0.009,+0.150) ee_stride=0.000m ee_to_ptarget=0.122m landing_err=0.0645m ik_ok=Y ik_resid=0.0002m q_max_resid_deg=6.59 target_changed=Y retgt=N held_idx=1 held_cost=831.59 won_cost=831.59 margin=+0.00 won_src=prev_repos held_valid=Y reason=hold setpoint_to_ptarget=nanm finished_val=nanm finished_thresh=0.0200m pd_resid=nanm nextwp_to_ptarget=nanm guide_terminal_err=nanm
[GATE-EVOLVE] step=90 curr=119153.48 best_other=831.59 ratio=143.2833 ee_to_optimal=0.0127m phi=0.0280m
[STAGE-A-TRACE] step=90 sim_t=0.900 mode=free phi=0.02800 box_xy=+0.00000,+0.00000 lam_n_ee_box=nan qy=+0.00001 qz=+0.00000 finished_repos=0
[DRAKE-CONTACT] step=90 n_pairs=1 ee_box_normal=0.000
[GATE-CONTACT] step=90 F_W=(+0.0000,+0.0000,+0.0000) F_on_box=(-0.0000,-0.0000,-0.0000) n_face_out=(-0.0000,-0.0000,-0.0000) A_is_ee=0 box_q=(+1.00000,-0.00001,+0.00001,+0.00000) box_p=(+0.00000,+0.00000,+0.04999) ee_p=(+0.06632,+0.00932,+0.15041)
[PERSIST] step=91 refresh n_strategy=1 samples=[(0.08, 0.0, 0.03)]
[CONTACT-ELEM] step=269 element=manipulated_object::collision phi=+0.0285m
[LATERAL] perp=8.3mm scale=50.0mm strength=0.17 shift_mm=(+0.0,-1.4)
[ADMM-C3+] primal: 22.1804->68.2459  dual: 1787.8627->1191.4172  mono=False  iters=25/25  rho=25.0
[ADMM-C3+] WARNING non-converged: pr=68.2459 dr=1191.4172 tol=1e-03
[MATH.QP-C3+] Minimizing: (1/2) z^T P z + q^T z  (z augmented with η)
[MATH.QP-C3+]   s.t. A_eq z = b_eq  (639 rows = x_0 fixation + 20 dynamics + 240 η-slack rows; slack-equality block ADDED)
[MATH.QP-C3+]        bbox: λ_n ≥ 0, |u| ≤ 30.0 N (EE force)  (η is unbounded — sign enforced via projection eq 12)
[MATH.QP-C3+] P shape=(939,939), symmetric=True, pos-semidef=True, cond(P)=4.0000e+05
[MATH.QP-C3+] q norm=3.9863e+05
[MATH.QP-C3+] Augmented term: (ρ/2) Σ ||z-δ+ω||^2_G  ρ=25.0000  (G=I in v1: u_λ=u_η=1)
[MATH.QP-C3+] Soft complementarity: w_comp=0.0000  (C3+ disables it — η equality replaces the linear penalty)
[MATH.QP-C3+] OSQP status: solved, iters=225, solve time=10.44ms
[MATH.δ-C3+] Bui 2026 eq (12) projection results (N=20 × 12 λ-components):
[MATH.δ-C3+]   case 1 (η wins, λ→0):     88
[MATH.δ-C3+]   case 2 (λ wins, η→0):     121
[MATH.δ-C3+]   case 3 (both zero):       31
[MATH.δ-C3+] First step k=0, component 0:
[MATH.δ-C3+]   pre:  λ°=0.1277, η°=-29.1496
[MATH.δ-C3+]   post: δ_λ=0.1280, δ_η=0.0000
[MATH.ω-C3+] ω update: ω += (z-δ), over 25 ADMM iters
[MATH.ω-C3+] ||ω||=808.4579, ||z-δ||_max=25.1734  (scale differs from C3 — ω carries η-block residuals too)
[MATH.ω-C3+] ρ decision: primal=68.2459, dual=1.1914e+03, ratio=0.0573 < 0.1 → would halve ρ to 12.5000
[MATH.ω-C3+] Note: adaptive-ρ fires every 10 iters; current max_iter=25
[C3+] step=270 |u[0]|=51.91N u_axis=(+30.00,+30.00,-29.92)N λ_n_max=46.402 η_n_max=3.252 primal=68.246 iters=25/25 lcp_res_max=inf
[ADMIT-GUARD] step=91 admit_active=1 latch=0/0 ee_z=0.150 gate_cap=0
[ALT-GATE] step=91 target_stable=0/0 allow_descent=1
[GS-tgt] step=91 ee=(+0.068,+0.008,+0.150) p_repos=(+0.080,+0.000,+0.030) ee_to_target=0.121m target_label=prev_repos target_changed=N delta=0.000m
[GS] step=91 mode=free switch=kToBetterRepos best_k=1 best_src=prev_repos curr_cost=134311.59 repos_cost=194.19 best_other=194.19 met_progress=N steps_since_improve=89 switches=0
[STEP] step=91 mode=free t=0.910s ee=(+0.068,+0.008,+0.150) obj=(+0.000,+0.000,+0.050) goal_dist=0.300m switch=kToBetterRepos target=(+0.068,+0.008,+0.150) ee_stride=0.000m ee_to_ptarget=0.121m landing_err=0.0605m ik_ok=Y ik_resid=0.0002m q_max_resid_deg=7.31 target_changed=Y retgt=N held_idx=1 held_cost=194.19 won_cost=194.19 margin=+0.00 won_src=prev_repos held_valid=Y reason=hold setpoint_to_ptarget=nanm finished_val=nanm finished_thresh=0.0200m pd_resid=nanm nextwp_to_ptarget=nanm guide_terminal_err=nanm
[GATE-EVOLVE] step=91 curr=134311.59 best_other=194.19 ratio=691.6440 ee_to_optimal=0.0110m phi=0.0285m
[STAGE-A-TRACE] step=91 sim_t=0.910 mode=free phi=0.02846 box_xy=+0.00000,+0.00000 lam_n_ee_box=nan qy=+0.00001 qz=+0.00000 finished_repos=0
[DRAKE-CONTACT] step=91 n_pairs=1 ee_box_normal=0.000
[GATE-CONTACT] step=91 F_W=(+0.0000,+0.0000,+0.0000) F_on_box=(-0.0000,-0.0000,-0.0000) n_face_out=(-0.0000,-0.0000,-0.0000) A_is_ee=0 box_q=(+1.00000,-0.00001,+0.00001,+0.00000) box_p=(+0.00000,+0.00000,+0.04999) ee_p=(+0.06780,+0.00827,+0.15040)
[CONTACT-ELEM] step=272 element=manipulated_object::collision phi=+0.0290m
[LATERAL] perp=7.2mm scale=50.0mm strength=0.14 shift_mm=(+0.0,-1.0)
[ADMM-C3+] primal: 21.9244->135.8153  dual: 1769.5490->2631.4083  mono=False  iters=25/25  rho=25.0
[ADMM-C3+] WARNING non-converged: pr=135.8153 dr=2631.4083 tol=1e-03
[MATH.δ-C3+] Bui 2026 eq (12) projection results (N=20 × 12 λ-components):
[MATH.δ-C3+]   case 1 (η wins, λ→0):     82
[MATH.δ-C3+]   case 2 (λ wins, η→0):     129
[MATH.δ-C3+]   case 3 (both zero):       29
[MATH.δ-C3+] First step k=0, component 0:
[MATH.δ-C3+]   pre:  λ°=0.1374, η°=-35.3052
[MATH.δ-C3+]   post: δ_λ=0.1375, δ_η=0.0000
[MATH.ω-C3+] ω update: ω += (z-δ), over 25 ADMM iters
[MATH.ω-C3+] ||ω||=805.8062, ||z-δ||_max=26.8553  (scale differs from C3 — ω carries η-block residuals too)
[MATH.ω-C3+] ρ decision: primal=135.8153, dual=2.6314e+03, ratio=0.0516 < 0.1 → would halve ρ to 12.5000
[MATH.ω-C3+] Note: adaptive-ρ fires every 10 iters; current max_iter=25
[C3+] step=273 |u[0]|=51.96N u_axis=(+30.00,+30.00,-30.00)N λ_n_max=29.460 η_n_max=3.653 primal=135.815 iters=25/25 lcp_res_max=inf
[ADMIT-GUARD] step=92 admit_active=1 latch=0/0 ee_z=0.150 gate_cap=0
[ALT-GATE] step=92 target_stable=0/0 allow_descent=1
[GS-tgt] step=92 ee=(+0.069,+0.007,+0.150) p_repos=(+0.080,+0.000,+0.030) ee_to_target=0.121m target_label=strat_0 target_changed=N delta=0.000m
[GS] step=92 mode=free switch=kToBetterRepos best_k=2 best_src=strat_0 curr_cost=155056.62 repos_cost=-351.22 best_other=-351.22 met_progress=N steps_since_improve=90 switches=0
[STEP] step=92 mode=free t=0.920s ee=(+0.069,+0.007,+0.150) obj=(+0.000,+0.000,+0.050) goal_dist=0.300m switch=kToBetterRepos target=(+0.069,+0.007,+0.150) ee_stride=0.000m ee_to_ptarget=0.121m landing_err=0.0565m ik_ok=Y ik_resid=0.0002m q_max_resid_deg=8.04 target_changed=Y retgt=Y held_idx=1 held_cost=-351.22 won_cost=-351.22 margin=+0.00 won_src=strat_0 held_valid=Y reason=new_sample_better setpoint_to_ptarget=nanm finished_val=nanm finished_thresh=0.0200m pd_resid=nanm nextwp_to_ptarget=nanm guide_terminal_err=nanm
[GATE-EVOLVE] step=92 curr=155056.62 best_other=-351.22 ratio=nan ee_to_optimal=0.0092m phi=0.0290m
[STAGE-A-TRACE] step=92 sim_t=0.920 mode=free phi=0.02896 box_xy=+0.00000,+0.00000 lam_n_ee_box=nan qy=+0.00001 qz=+0.00000 finished_repos=0
[DRAKE-CONTACT] step=92 n_pairs=1 ee_box_normal=0.000
[GATE-CONTACT] step=92 F_W=(+0.0000,+0.0000,+0.0000) F_on_box=(-0.0000,-0.0000,-0.0000) n_face_out=(-0.0000,-0.0000,-0.0000) A_is_ee=0 box_q=(+1.00000,-0.00001,+0.00001,+0.00000) box_p=(+0.00000,+0.00000,+0.04999) ee_p=(+0.06929,+0.00722,+0.15039)
[CONTACT-ELEM] step=275 element=manipulated_object::collision phi=+0.0295m
[LATERAL] perp=6.2mm scale=50.0mm strength=0.12 shift_mm=(+0.0,-0.8)
[ADMM-C3+] primal: 21.6836->75.9360  dual: 1751.5249->1649.6296  mono=False  iters=25/25  rho=25.0
[ADMM-C3+] WARNING non-converged: pr=75.9360 dr=1649.6296 tol=1e-03
[MATH.δ-C3+] Bui 2026 eq (12) projection results (N=20 × 12 λ-components):
[MATH.δ-C3+]   case 1 (η wins, λ→0):     86
[MATH.δ-C3+]   case 2 (λ wins, η→0):     119
[MATH.δ-C3+]   case 3 (both zero):       35
[MATH.δ-C3+] First step k=0, component 0:
[MATH.δ-C3+]   pre:  λ°=0.1472, η°=-33.0388
[MATH.δ-C3+]   post: δ_λ=0.1461, δ_η=0.0000
[MATH.ω-C3+] ω update: ω += (z-δ), over 25 ADMM iters
[MATH.ω-C3+] ||ω||=808.1425, ||z-δ||_max=25.7035  (scale differs from C3 — ω carries η-block residuals too)
[MATH.ω-C3+] ρ decision: primal=75.9360, dual=1.6496e+03, ratio=0.0460 < 0.1 → would halve ρ to 12.5000
[MATH.ω-C3+] Note: adaptive-ρ fires every 10 iters; current max_iter=25
[C3+] step=276 |u[0]|=51.60N u_axis=(+30.00,+30.00,-29.37)N λ_n_max=24.624 η_n_max=2.207 primal=75.936 iters=25/25 lcp_res_max=inf
[ADMIT-GUARD] step=93 admit_active=1 latch=0/0 ee_z=0.150 gate_cap=0
[ALT-GATE] step=93 target_stable=0/0 allow_descent=1
[GS-tgt] step=93 ee=(+0.071,+0.006,+0.150) p_repos=(+0.080,+0.000,+0.030) ee_to_target=0.121m target_label=prev_repos target_changed=N delta=0.000m
[GS] step=93 mode=free switch=kToBetterRepos best_k=1 best_src=prev_repos curr_cost=139644.49 repos_cost=-839.93 best_other=-839.93 met_progress=N steps_since_improve=91 switches=0
[STEP] step=93 mode=free t=0.930s ee=(+0.071,+0.006,+0.150) obj=(+0.000,+0.000,+0.050) goal_dist=0.300m switch=kToBetterRepos target=(+0.071,+0.006,+0.150) ee_stride=0.000m ee_to_ptarget=0.121m landing_err=0.0525m ik_ok=Y ik_resid=0.0002m q_max_resid_deg=8.76 target_changed=Y retgt=N held_idx=1 held_cost=-839.93 won_cost=-839.93 margin=+0.00 won_src=prev_repos held_valid=Y reason=hold setpoint_to_ptarget=nanm finished_val=nanm finished_thresh=0.0200m pd_resid=nanm nextwp_to_ptarget=nanm guide_terminal_err=nanm
[GATE-EVOLVE] step=93 curr=139644.49 best_other=-839.93 ratio=nan ee_to_optimal=0.0075m phi=0.0295m
[STAGE-A-TRACE] step=93 sim_t=0.930 mode=free phi=0.02950 box_xy=+0.00000,+0.00000 lam_n_ee_box=nan qy=+0.00001 qz=+0.00000 finished_repos=0
[DRAKE-CONTACT] step=93 n_pairs=1 ee_box_normal=0.000
[GATE-CONTACT] step=93 F_W=(+0.0000,+0.0000,+0.0000) F_on_box=(-0.0000,-0.0000,-0.0000) n_face_out=(-0.0000,-0.0000,-0.0000) A_is_ee=0 box_q=(+1.00000,-0.00001,+0.00001,+0.00000) box_p=(+0.00000,+0.00000,+0.04999) ee_p=(+0.07077,+0.00618,+0.15038)
[CONTACT-ELEM] step=278 element=manipulated_object::collision phi=+0.0301m
[LATERAL] perp=5.1mm scale=50.0mm strength=0.10 shift_mm=(+0.0,-0.5)
[ADMM-C3+] primal: 21.4257->83.8580  dual: 1733.8881->1742.2874  mono=False  iters=25/25  rho=25.0
[ADMM-C3+] WARNING non-converged: pr=83.8580 dr=1742.2874 tol=1e-03
[MATH.δ-C3+] Bui 2026 eq (12) projection results (N=20 × 12 λ-components):
[MATH.δ-C3+]   case 1 (η wins, λ→0):     80
[MATH.δ-C3+]   case 2 (λ wins, η→0):     124
[MATH.δ-C3+]   case 3 (both zero):       36
[MATH.δ-C3+] First step k=0, component 0:
[MATH.δ-C3+]   pre:  λ°=0.1461, η°=-27.3208
[MATH.δ-C3+]   post: δ_λ=0.1461, δ_η=0.0000
[MATH.ω-C3+] ω update: ω += (z-δ), over 25 ADMM iters
[MATH.ω-C3+] ||ω||=756.9948, ||z-δ||_max=19.6604  (scale differs from C3 — ω carries η-block residuals too)
[MATH.ω-C3+] ρ decision: primal=83.8580, dual=1.7423e+03, ratio=0.0481 < 0.1 → would halve ρ to 12.5000
[MATH.ω-C3+] Note: adaptive-ρ fires every 10 iters; current max_iter=25
[C3+] step=279 |u[0]|=50.64N u_axis=(+28.41,+30.00,-29.27)N λ_n_max=31.124 η_n_max=3.106 primal=83.858 iters=25/25 lcp_res_max=8.22e-06
[ADMIT-GUARD] step=94 admit_active=1 latch=0/0 ee_z=0.150 gate_cap=0
[ALT-GATE] step=94 target_stable=0/0 allow_descent=1
[GS-tgt] step=94 ee=(+0.072,+0.005,+0.150) p_repos=(+0.080,+0.000,+0.030) ee_to_target=0.121m target_label=prev_repos target_changed=N delta=0.000m
[GS] step=94 mode=free switch=kToBetterRepos best_k=1 best_src=prev_repos curr_cost=127017.87 repos_cost=-1230.51 best_other=-1230.51 met_progress=N steps_since_improve=92 switches=0
[STEP] step=94 mode=free t=0.940s ee=(+0.072,+0.005,+0.150) obj=(+0.000,+0.000,+0.050) goal_dist=0.300m switch=kToBetterRepos target=(+0.072,+0.005,+0.150) ee_stride=0.000m ee_to_ptarget=0.121m landing_err=0.0485m ik_ok=Y ik_resid=0.0003m q_max_resid_deg=9.48 target_changed=Y retgt=N held_idx=1 held_cost=-1230.51 won_cost=-1230.51 margin=+0.00 won_src=prev_repos held_valid=Y reason=hold setpoint_to_ptarget=nanm finished_val=nanm finished_thresh=0.0200m pd_resid=nanm nextwp_to_ptarget=nanm guide_terminal_err=nanm
[GATE-EVOLVE] step=94 curr=127017.87 best_other=-1230.51 ratio=nan ee_to_optimal=0.0058m phi=0.0301m
[STAGE-A-TRACE] step=94 sim_t=0.940 mode=free phi=0.03007 box_xy=+0.00000,+0.00000 lam_n_ee_box=nan qy=+0.00001 qz=+0.00000 finished_repos=0
[DRAKE-CONTACT] step=94 n_pairs=1 ee_box_normal=0.000
[GATE-CONTACT] step=94 F_W=(+0.0000,+0.0000,+0.0000) F_on_box=(-0.0000,-0.0000,-0.0000) n_face_out=(-0.0000,-0.0000,-0.0000) A_is_ee=0 box_q=(+1.00000,-0.00001,+0.00001,+0.00000) box_p=(+0.00000,+0.00000,+0.04999) ee_p=(+0.07226,+0.00514,+0.15036)
[CONTACT-ELEM] step=281 element=manipulated_object::collision phi=+0.0307m
[ADMM-C3+] primal: 21.1551->112.1121  dual: 1717.2388->2227.9986  mono=False  iters=25/25  rho=25.0
[ADMM-C3+] WARNING non-converged: pr=112.1121 dr=2227.9986 tol=1e-03
[MATH.δ-C3+] Bui 2026 eq (12) projection results (N=20 × 12 λ-components):
[MATH.δ-C3+]   case 1 (η wins, λ→0):     96
[MATH.δ-C3+]   case 2 (λ wins, η→0):     109
[MATH.δ-C3+]   case 3 (both zero):       35
[MATH.δ-C3+] First step k=0, component 0:
[MATH.δ-C3+]   pre:  λ°=0.1461, η°=-33.6202
[MATH.δ-C3+]   post: δ_λ=0.1461, δ_η=0.0000
[MATH.ω-C3+] ω update: ω += (z-δ), over 25 ADMM iters
[MATH.ω-C3+] ||ω||=771.8181, ||z-δ||_max=33.6199  (scale differs from C3 — ω carries η-block residuals too)
[MATH.ω-C3+] ρ decision: primal=112.1121, dual=2.2280e+03, ratio=0.0503 < 0.1 → would halve ρ to 12.5000
[MATH.ω-C3+] Note: adaptive-ρ fires every 10 iters; current max_iter=25
[C3+] step=282 |u[0]|=51.96N u_axis=(+30.00,+30.00,-30.00)N λ_n_max=7.120 η_n_max=4.058 primal=112.112 iters=25/25 lcp_res_max=inf
[ADMIT-GUARD] step=95 admit_active=1 latch=0/0 ee_z=0.150 gate_cap=0
[ALT-GATE] step=95 target_stable=0/0 allow_descent=1
[GS-tgt] step=95 ee=(+0.074,+0.004,+0.150) p_repos=(+0.080,+0.000,+0.030) ee_to_target=0.121m target_label=prev_repos target_changed=N delta=0.000m
[GS] step=95 mode=free switch=kToBetterRepos best_k=1 best_src=prev_repos curr_cost=163647.65 repos_cost=-1743.28 best_other=-1743.28 met_progress=N steps_since_improve=93 switches=0
[STEP] step=95 mode=free t=0.950s ee=(+0.074,+0.004,+0.150) obj=(+0.000,+0.000,+0.050) goal_dist=0.300m switch=kToBetterRepos target=(+0.074,+0.004,+0.150) ee_stride=0.000m ee_to_ptarget=0.121m landing_err=0.0445m ik_ok=Y ik_resid=0.0003m q_max_resid_deg=10.20 target_changed=Y retgt=N held_idx=1 held_cost=-1743.28 won_cost=-1743.28 margin=+0.00 won_src=prev_repos held_valid=Y reason=hold setpoint_to_ptarget=nanm finished_val=nanm finished_thresh=0.0200m pd_resid=nanm nextwp_to_ptarget=nanm guide_terminal_err=nanm
[GATE-EVOLVE] step=95 curr=163647.65 best_other=-1743.28 ratio=nan ee_to_optimal=0.0043m phi=0.0307m
[STAGE-A-TRACE] step=95 sim_t=0.950 mode=free phi=0.03067 box_xy=+0.00000,+0.00000 lam_n_ee_box=nan qy=+0.00001 qz=+0.00000 finished_repos=0
[DRAKE-CONTACT] step=95 n_pairs=1 ee_box_normal=0.000
[GATE-CONTACT] step=95 F_W=(+0.0000,+0.0000,+0.0000) F_on_box=(-0.0000,-0.0000,-0.0000) n_face_out=(-0.0000,-0.0000,-0.0000) A_is_ee=0 box_q=(+1.00000,-0.00001,+0.00001,+0.00000) box_p=(+0.00000,+0.00000,+0.04999) ee_p=(+0.07374,+0.00411,+0.15035)
[CONTACT-ELEM] step=284 element=manipulated_object::collision phi=+0.0313m
[ADMM-C3+] primal: 20.9368->52.4527  dual: 1702.6829->660.0655  mono=False  iters=25/25  rho=25.0
[ADMM-C3+] WARNING non-converged: pr=52.4527 dr=660.0655 tol=1e-03
[MATH.δ-C3+] Bui 2026 eq (12) projection results (N=20 × 12 λ-components):
[MATH.δ-C3+]   case 1 (η wins, λ→0):     94
[MATH.δ-C3+]   case 2 (λ wins, η→0):     118
[MATH.δ-C3+]   case 3 (both zero):       28
[MATH.δ-C3+] First step k=0, component 0:
[MATH.δ-C3+]   pre:  λ°=0.1461, η°=-29.4929
[MATH.δ-C3+]   post: δ_λ=0.1461, δ_η=0.0000
[MATH.ω-C3+] ω update: ω += (z-δ), over 25 ADMM iters
[MATH.ω-C3+] ||ω||=746.1322, ||z-δ||_max=15.8405  (scale differs from C3 — ω carries η-block residuals too)
[MATH.ω-C3+] ρ decision: primal=52.4527, dual=660.0655, ratio=0.0795 < 0.1 → would halve ρ to 12.5000
[MATH.ω-C3+] Note: adaptive-ρ fires every 10 iters; current max_iter=25
[C3+] step=285 |u[0]|=51.96N u_axis=(+30.00,+30.00,-30.00)N λ_n_max=27.240 η_n_max=3.301 primal=52.453 iters=25/25 lcp_res_max=inf
[ADMIT-GUARD] step=96 admit_active=1 latch=0/0 ee_z=0.150 gate_cap=0
[ALT-GATE] step=96 target_stable=0/0 allow_descent=1
[GS-tgt] step=96 ee=(+0.075,+0.003,+0.150) p_repos=(+0.080,+0.000,+0.030) ee_to_target=0.120m target_label=prev_repos target_changed=N delta=0.000m
[GS] step=96 mode=free switch=kToBetterRepos best_k=1 best_src=prev_repos curr_cost=140013.86 repos_cost=-2097.46 best_other=-2097.46 met_progress=N steps_since_improve=94 switches=0
[STEP] step=96 mode=free t=0.960s ee=(+0.075,+0.003,+0.150) obj=(+0.000,+0.000,+0.050) goal_dist=0.300m switch=kToBetterRepos target=(+0.075,+0.003,+0.150) ee_stride=0.000m ee_to_ptarget=0.120m landing_err=0.0405m ik_ok=Y ik_resid=0.0003m q_max_resid_deg=10.92 target_changed=Y retgt=N held_idx=1 held_cost=-2097.46 won_cost=-2097.46 margin=+0.00 won_src=prev_repos held_valid=Y reason=hold setpoint_to_ptarget=nanm finished_val=nanm finished_thresh=0.0200m pd_resid=nanm nextwp_to_ptarget=nanm guide_terminal_err=nanm
[GATE-EVOLVE] step=96 curr=140013.86 best_other=-2097.46 ratio=nan ee_to_optimal=0.0031m phi=0.0313m
[STAGE-A-TRACE] step=96 sim_t=0.960 mode=free phi=0.03131 box_xy=+0.00000,+0.00000 lam_n_ee_box=nan qy=+0.00001 qz=+0.00000 finished_repos=0
[DRAKE-CONTACT] step=96 n_pairs=1 ee_box_normal=0.000
[GATE-CONTACT] step=96 F_W=(+0.0000,+0.0000,+0.0000) F_on_box=(-0.0000,-0.0000,-0.0000) n_face_out=(-0.0000,-0.0000,-0.0000) A_is_ee=0 box_q=(+1.00000,-0.00001,+0.00001,+0.00000) box_p=(+0.00000,+0.00000,+0.04999) ee_p=(+0.07522,+0.00308,+0.15033)
[CONTACT-ELEM] step=287 element=manipulated_object::collision phi=+0.0320m
[ADMM-C3+] primal: 20.7473->57.2086  dual: 1686.3763->740.3019  mono=False  iters=25/25  rho=25.0
[ADMM-C3+] WARNING non-converged: pr=57.2086 dr=740.3019 tol=1e-03
[MATH.δ-C3+] Bui 2026 eq (12) projection results (N=20 × 12 λ-components):
[MATH.δ-C3+]   case 1 (η wins, λ→0):     84
[MATH.δ-C3+]   case 2 (λ wins, η→0):     128
[MATH.δ-C3+]   case 3 (both zero):       28
[MATH.δ-C3+] First step k=0, component 0:
[MATH.δ-C3+]   pre:  λ°=0.1461, η°=-24.7738
[MATH.δ-C3+]   post: δ_λ=0.1461, δ_η=0.0000
[MATH.ω-C3+] ω update: ω += (z-δ), over 25 ADMM iters
[MATH.ω-C3+] ||ω||=729.9784, ||z-δ||_max=23.7821  (scale differs from C3 — ω carries η-block residuals too)
[MATH.ω-C3+] ρ decision: primal=57.2086, dual=740.3019, ratio=0.0773 < 0.1 → would halve ρ to 12.5000
[MATH.ω-C3+] Note: adaptive-ρ fires every 10 iters; current max_iter=25
[C3+] step=288 |u[0]|=51.96N u_axis=(+30.00,+30.00,-30.00)N λ_n_max=31.069 η_n_max=2.954 primal=57.209 iters=25/25 lcp_res_max=9.39e-06
[ADMIT-GUARD] step=97 admit_active=1 latch=0/0 ee_z=0.150 gate_cap=0
[ALT-GATE] step=97 target_stable=0/0 allow_descent=1
[GS-tgt] step=97 ee=(+0.077,+0.002,+0.150) p_repos=(+0.080,+0.000,+0.030) ee_to_target=0.120m target_label=prev_repos target_changed=N delta=0.000m
[GS] step=97 mode=free switch=kToBetterRepos best_k=1 best_src=prev_repos curr_cost=124105.75 repos_cost=-2503.05 best_other=-2503.05 met_progress=N steps_since_improve=95 switches=0
[STEP] step=97 mode=free t=0.970s ee=(+0.077,+0.002,+0.150) obj=(+0.000,+0.000,+0.050) goal_dist=0.300m switch=kToBetterRepos target=(+0.077,+0.002,+0.150) ee_stride=0.000m ee_to_ptarget=0.120m landing_err=0.0365m ik_ok=Y ik_resid=0.0004m q_max_resid_deg=11.64 target_changed=Y retgt=N held_idx=1 held_cost=-2503.05 won_cost=-2503.05 margin=+0.00 won_src=prev_repos held_valid=Y reason=hold setpoint_to_ptarget=nanm finished_val=nanm finished_thresh=0.0200m pd_resid=nanm nextwp_to_ptarget=nanm guide_terminal_err=nanm
[GATE-EVOLVE] step=97 curr=124105.75 best_other=-2503.05 ratio=nan ee_to_optimal=0.0027m phi=0.0320m
[STAGE-A-TRACE] step=97 sim_t=0.970 mode=free phi=0.03197 box_xy=+0.00000,+0.00000 lam_n_ee_box=nan qy=+0.00001 qz=+0.00000 finished_repos=0
[DRAKE-CONTACT] step=97 n_pairs=1 ee_box_normal=0.000
[GATE-CONTACT] step=97 F_W=(+0.0000,+0.0000,+0.0000) F_on_box=(-0.0000,-0.0000,-0.0000) n_face_out=(-0.0000,-0.0000,-0.0000) A_is_ee=0 box_q=(+1.00000,-0.00001,+0.00001,+0.00000) box_p=(+0.00000,+0.00000,+0.04999) ee_p=(+0.07671,+0.00205,+0.15032)
[CONTACT-ELEM] step=290 element=manipulated_object::collision phi=+0.0327m
[ADMM-C3+] primal: 20.4990->57.6428  dual: 1671.4118->851.6898  mono=False  iters=25/25  rho=25.0
[ADMM-C3+] WARNING non-converged: pr=57.6428 dr=851.6898 tol=1e-03
[MATH.δ-C3+] Bui 2026 eq (12) projection results (N=20 × 12 λ-components):
[MATH.δ-C3+]   case 1 (η wins, λ→0):     91
[MATH.δ-C3+]   case 2 (λ wins, η→0):     123
[MATH.δ-C3+]   case 3 (both zero):       26
[MATH.δ-C3+] First step k=0, component 0:
[MATH.δ-C3+]   pre:  λ°=0.1461, η°=-27.5842
[MATH.δ-C3+]   post: δ_λ=0.1461, δ_η=0.0000
[MATH.ω-C3+] ω update: ω += (z-δ), over 25 ADMM iters
[MATH.ω-C3+] ||ω||=680.0286, ||z-δ||_max=19.0081  (scale differs from C3 — ω carries η-block residuals too)
[MATH.ω-C3+] ρ decision: primal=57.6428, dual=851.6898, ratio=0.0677 < 0.1 → would halve ρ to 12.5000
[MATH.ω-C3+] Note: adaptive-ρ fires every 10 iters; current max_iter=25
[C3+] step=291 |u[0]|=51.96N u_axis=(+30.00,+30.00,-30.00)N λ_n_max=13.056 η_n_max=2.113 primal=57.643 iters=25/25 lcp_res_max=9.92e-06
[ADMIT-GUARD] step=98 admit_active=1 latch=0/0 ee_z=0.150 gate_cap=0
[ALT-GATE] step=98 target_stable=0/0 allow_descent=1
[GS-tgt] step=98 ee=(+0.078,+0.001,+0.150) p_repos=(+0.080,+0.000,+0.030) ee_to_target=0.120m target_label=prev_repos target_changed=N delta=0.000m
[GS] step=98 mode=free switch=kToBetterRepos best_k=1 best_src=prev_repos curr_cost=126942.38 repos_cost=-2861.75 best_other=-2861.75 met_progress=N steps_since_improve=96 switches=0
[STEP] step=98 mode=free t=0.980s ee=(+0.078,+0.001,+0.150) obj=(+0.000,+0.000,+0.050) goal_dist=0.300m switch=kToBetterRepos target=(+0.078,+0.001,+0.150) ee_stride=0.000m ee_to_ptarget=0.120m landing_err=0.0325m ik_ok=Y ik_resid=0.0004m q_max_resid_deg=12.36 target_changed=Y retgt=N held_idx=1 held_cost=-2861.75 won_cost=-2861.75 margin=+0.00 won_src=prev_repos held_valid=Y reason=hold setpoint_to_ptarget=nanm finished_val=nanm finished_thresh=0.0200m pd_resid=nanm nextwp_to_ptarget=nanm guide_terminal_err=nanm
[GATE-EVOLVE] step=98 curr=126942.38 best_other=-2861.75 ratio=nan ee_to_optimal=0.0033m phi=0.0327m
[STAGE-A-TRACE] step=98 sim_t=0.980 mode=free phi=0.03267 box_xy=+0.00000,+0.00000 lam_n_ee_box=nan qy=+0.00001 qz=+0.00000 finished_repos=0
[DRAKE-CONTACT] step=98 n_pairs=1 ee_box_normal=0.000
[GATE-CONTACT] step=98 F_W=(+0.0000,+0.0000,+0.0000) F_on_box=(-0.0000,-0.0000,-0.0000) n_face_out=(-0.0000,-0.0000,-0.0000) A_is_ee=0 box_q=(+1.00000,-0.00001,+0.00001,+0.00000) box_p=(+0.00000,+0.00000,+0.04999) ee_p=(+0.07819,+0.00102,+0.15030)
[CONTACT-ELEM] step=293 element=manipulated_object::collision phi=+0.0334m
[ADMM-C3+] primal: 20.2839->58.7615  dual: 1657.0945->1441.4137  mono=False  iters=25/25  rho=25.0
[ADMM-C3+] WARNING non-converged: pr=58.7615 dr=1441.4137 tol=1e-03
[MATH.δ-C3+] Bui 2026 eq (12) projection results (N=20 × 12 λ-components):
[MATH.δ-C3+]   case 1 (η wins, λ→0):     102
[MATH.δ-C3+]   case 2 (λ wins, η→0):     100
[MATH.δ-C3+]   case 3 (both zero):       38
[MATH.δ-C3+] First step k=0, component 0:
[MATH.δ-C3+]   pre:  λ°=0.1461, η°=-28.5117
[MATH.δ-C3+]   post: δ_λ=0.1461, δ_η=0.0000
[MATH.ω-C3+] ω update: ω += (z-δ), over 25 ADMM iters
[MATH.ω-C3+] ||ω||=654.7407, ||z-δ||_max=22.7046  (scale differs from C3 — ω carries η-block residuals too)
[MATH.ω-C3+] ρ decision: primal=58.7615, dual=1.4414e+03, ratio=0.0408 < 0.1 → would halve ρ to 12.5000
[MATH.ω-C3+] Note: adaptive-ρ fires every 10 iters; current max_iter=25
[C3+] step=294 |u[0]|=51.96N u_axis=(+30.00,+30.00,-30.00)N λ_n_max=17.281 η_n_max=2.190 primal=58.761 iters=25/25 lcp_res_max=inf
[ADMIT-GUARD] step=99 admit_active=1 latch=0/0 ee_z=0.150 gate_cap=0
[ALT-GATE] step=99 target_stable=0/0 allow_descent=1
[GS-tgt] step=99 ee=(+0.080,-0.000,+0.150) p_repos=(+0.080,+0.000,+0.030) ee_to_target=0.120m target_label=prev_repos target_changed=N delta=0.000m
[GS] step=99 mode=free switch=kToBetterRepos best_k=1 best_src=prev_repos curr_cost=157292.80 repos_cost=-3226.64 best_other=-3226.64 met_progress=N steps_since_improve=97 switches=0
[STEP] step=99 mode=free t=0.990s ee=(+0.080,-0.000,+0.150) obj=(+0.000,+0.000,+0.050) goal_dist=0.300m switch=kToBetterRepos target=(+0.080,+0.000,+0.150) ee_stride=0.000m ee_to_ptarget=0.120m landing_err=0.0285m ik_ok=Y ik_resid=0.0005m q_max_resid_deg=13.07 target_changed=Y retgt=N held_idx=1 held_cost=-3226.64 won_cost=-3226.64 margin=+0.00 won_src=prev_repos held_valid=Y reason=hold setpoint_to_ptarget=nanm finished_val=nanm finished_thresh=0.0200m pd_resid=nanm nextwp_to_ptarget=nanm guide_terminal_err=nanm
[GATE-EVOLVE] step=99 curr=157292.80 best_other=-3226.64 ratio=nan ee_to_optimal=0.0047m phi=0.0334m
[STAGE-A-TRACE] step=99 sim_t=0.990 mode=free phi=0.03340 box_xy=+0.00000,+0.00000 lam_n_ee_box=nan qy=+0.00001 qz=+0.00000 finished_repos=0
[DRAKE-CONTACT] step=99 n_pairs=1 ee_box_normal=0.000
[GATE-CONTACT] step=99 F_W=(+0.0000,+0.0000,+0.0000) F_on_box=(-0.0000,-0.0000,-0.0000) n_face_out=(-0.0000,-0.0000,-0.0000) A_is_ee=0 box_q=(+1.00000,-0.00001,+0.00001,+0.00000) box_p=(+0.00000,+0.00000,+0.04999) ee_p=(+0.07967,-0.00000,+0.15029)
[CONTACT-ELEM] step=296 element=manipulated_object::collision phi=+0.0341m
[ADMM-C3+] primal: 20.0309->56.3033  dual: 1644.4518->1238.1906  mono=False  iters=25/25  rho=25.0
[ADMM-C3+] WARNING non-converged: pr=56.3033 dr=1238.1906 tol=1e-03
[MATH.δ-C3+] Bui 2026 eq (12) projection results (N=20 × 12 λ-components):
[MATH.δ-C3+]   case 1 (η wins, λ→0):     96
[MATH.δ-C3+]   case 2 (λ wins, η→0):     113
[MATH.δ-C3+]   case 3 (both zero):       31
[MATH.δ-C3+] First step k=0, component 0:
[MATH.δ-C3+]   pre:  λ°=0.1461, η°=-27.1839
[MATH.δ-C3+]   post: δ_λ=0.1461, δ_η=0.0000
[MATH.ω-C3+] ω update: ω += (z-δ), over 25 ADMM iters
[MATH.ω-C3+] ||ω||=639.4656, ||z-δ||_max=19.2355  (scale differs from C3 — ω carries η-block residuals too)
[MATH.ω-C3+] ρ decision: primal=56.3033, dual=1.2382e+03, ratio=0.0455 < 0.1 → would halve ρ to 12.5000
[MATH.ω-C3+] Note: adaptive-ρ fires every 10 iters; current max_iter=25
[C3+] step=297 |u[0]|=51.96N u_axis=(+30.00,+30.00,-30.00)N λ_n_max=20.094 η_n_max=1.809 primal=56.303 iters=25/25 lcp_res_max=inf
[ADMIT-GUARD] step=100 admit_active=1 latch=0/0 ee_z=0.150 gate_cap=0
[ALT-GATE] step=100 target_stable=0/0 allow_descent=1
[GS-tgt] step=100 ee=(+0.081,-0.001,+0.150) p_repos=(+0.080,+0.000,+0.030) ee_to_target=0.120m target_label=prev_repos target_changed=N delta=0.000m
[IMP] step=100 mode=free |x_err|=0.0023m |tau_imp|=44.80Nm |tau_ff|=0.00Nm |tau_out|=44.80Nm sat=False lam_n=False lam_t=False
[GS] step=100 mode=free switch=kStayInRepos best_k=1 best_src=prev_repos curr_cost=136896.92 repos_cost=-3535.98 best_other=-3535.98 met_progress=N steps_since_improve=98 switches=0
[STEP] step=100 mode=free t=1.000s ee=(+0.081,-0.001,+0.150) obj=(+0.000,+0.000,+0.050) goal_dist=0.300m switch=kStayInRepos target=(+0.080,+0.000,+0.149) ee_stride=0.002m ee_to_ptarget=0.120m landing_err=0.0245m ik_ok=Y ik_resid=0.0005m q_max_resid_deg=13.79 target_changed=Y retgt=N held_idx=1 held_cost=-3535.98 won_cost=-3535.98 margin=+0.00 won_src=prev_repos held_valid=Y reason=hold setpoint_to_ptarget=nanm finished_val=nanm finished_thresh=0.0200m pd_resid=nanm nextwp_to_ptarget=nanm guide_terminal_err=nanm
[GATE-EVOLVE] step=100 curr=136896.92 best_other=-3535.98 ratio=nan ee_to_optimal=0.0062m phi=0.0341m
[STAGE-A-TRACE] step=100 sim_t=1.000 mode=free phi=0.03415 box_xy=+0.00000,+0.00000 lam_n_ee_box=nan qy=+0.00001 qz=+0.00000 finished_repos=0
[GS-table] step=100
  k=0 (current   ) pos=(+0.081,-0.001,+0.150) c_C3= 166896.92 align=1.0000(bonus=30000.00) rot=+0.0000(bonus=    0.00) travel=0.000m(pen=  0.00) c_sample= 136896.92 feas=Y ik_err=0.0000m
  k=1 (prev_repos) pos=(+0.080,+0.000,+0.030) c_C3=  26439.96 align=1.0000(bonus=30000.00) rot=+0.0000(bonus=    0.00) travel=0.120m(pen= 24.06) c_sample=  -3535.98 feas=Y ik_err=0.0000m  ← WIN
  k=2 (strat_0   ) pos=(+0.080,+0.000,+0.030) c_C3=  26439.96 align=1.0000(bonus=30000.00) rot=+0.0000(bonus=    0.00) travel=0.120m(pen= 24.06) c_sample=  -3535.98 feas=Y ik_err=0.0000m
[DRAKE-CONTACT] step=100 n_pairs=1 ee_box_normal=0.000
[GATE-CONTACT] step=100 F_W=(+0.0000,+0.0000,+0.0000) F_on_box=(-0.0000,-0.0000,-0.0000) n_face_out=(-0.0000,-0.0000,-0.0000) A_is_ee=0 box_q=(+1.00000,-0.00001,+0.00001,+0.00000) box_p=(+0.00000,+0.00000,+0.04999) ee_p=(+0.08115,-0.00103,+0.15027)
[CONTACT-ELEM] step=299 element=manipulated_object::collision phi=+0.0344m
[ADMM-C3+] primal: 19.8833->38.5653  dual: 1632.1686->424.7234  mono=False  iters=25/25  rho=25.0
[ADMM-C3+] WARNING non-converged: pr=38.5653 dr=424.7234 tol=1e-03
[MATH.QP-C3+] Minimizing: (1/2) z^T P z + q^T z  (z augmented with η)
[MATH.QP-C3+]   s.t. A_eq z = b_eq  (639 rows = x_0 fixation + 20 dynamics + 240 η-slack rows; slack-equality block ADDED)
[MATH.QP-C3+]        bbox: λ_n ≥ 0, |u| ≤ 30.0 N (EE force)  (η is unbounded — sign enforced via projection eq 12)
[MATH.QP-C3+] P shape=(939,939), symmetric=True, pos-semidef=True, cond(P)=4.0000e+05
[MATH.QP-C3+] q norm=3.9844e+05
[MATH.QP-C3+] Augmented term: (ρ/2) Σ ||z-δ+ω||^2_G  ρ=25.0000  (G=I in v1: u_λ=u_η=1)
[MATH.QP-C3+] Soft complementarity: w_comp=0.0000  (C3+ disables it — η equality replaces the linear penalty)
[MATH.QP-C3+] OSQP status: solved, iters=150, solve time=9.40ms
[MATH.δ-C3+] Bui 2026 eq (12) projection results (N=20 × 12 λ-components):
[MATH.δ-C3+]   case 1 (η wins, λ→0):     88
[MATH.δ-C3+]   case 2 (λ wins, η→0):     119
[MATH.δ-C3+]   case 3 (both zero):       33
[MATH.δ-C3+] First step k=0, component 0:
[MATH.δ-C3+]   pre:  λ°=0.1461, η°=-25.2350
[MATH.δ-C3+]   post: δ_λ=0.1461, δ_η=0.0000
[MATH.ω-C3+] ω update: ω += (z-δ), over 25 ADMM iters
[MATH.ω-C3+] ||ω||=646.3250, ||z-δ||_max=12.4527  (scale differs from C3 — ω carries η-block residuals too)
[MATH.ω-C3+] ρ decision: primal=38.5653, dual=424.7234, ratio=0.0908 < 0.1 → would halve ρ to 12.5000
[MATH.ω-C3+] Note: adaptive-ρ fires every 10 iters; current max_iter=25
[C3+] step=300 |u[0]|=51.96N u_axis=(+30.00,+30.00,-30.00)N λ_n_max=23.221 η_n_max=2.238 primal=38.565 iters=25/25 lcp_res_max=8.54e-06
[ADMIT-GUARD] step=101 admit_active=1 latch=0/0 ee_z=0.150 gate_cap=0
[ALT-GATE] step=101 target_stable=0/0 allow_descent=1
[GS-tgt] step=101 ee=(+0.082,-0.002,+0.150) p_repos=(+0.080,+0.000,+0.030) ee_to_target=0.120m target_label=prev_repos target_changed=N delta=0.000m
[GS] step=101 mode=free switch=kStayInRepos best_k=1 best_src=prev_repos curr_cost=129635.51 repos_cost=-3825.95 best_other=-3825.95 met_progress=N steps_since_improve=99 switches=0
[STEP] step=101 mode=free t=1.010s ee=(+0.082,-0.002,+0.150) obj=(+0.000,+0.000,+0.050) goal_dist=0.300m switch=kStayInRepos target=(+0.080,+0.000,+0.147) ee_stride=0.004m ee_to_ptarget=0.120m landing_err=0.0205m ik_ok=Y ik_resid=0.0006m q_max_resid_deg=14.42 target_changed=Y retgt=N held_idx=1 held_cost=-3825.95 won_cost=-3825.95 margin=+0.00 won_src=prev_repos held_valid=Y reason=hold setpoint_to_ptarget=nanm finished_val=nanm finished_thresh=0.0200m pd_resid=nanm nextwp_to_ptarget=nanm guide_terminal_err=nanm
[GATE-EVOLVE] step=101 curr=129635.51 best_other=-3825.95 ratio=nan ee_to_optimal=0.0075m phi=0.0344m
[STAGE-A-TRACE] step=101 sim_t=1.010 mode=free phi=0.03443 box_xy=+0.00000,+0.00000 lam_n_ee_box=nan qy=+0.00001 qz=+0.00000 finished_repos=0
  t=1.00s | ee=(0.082, -0.002, 0.150) | obj=(0.000, 0.000, 0.050) | |u|=32.44 Nm | goal_dist=0.300 m
[DRAKE-CONTACT] step=101 n_pairs=1 ee_box_normal=0.000
[GATE-CONTACT] step=101 F_W=(+0.0000,+0.0000,+0.0000) F_on_box=(-0.0000,-0.0000,-0.0000) n_face_out=(-0.0000,-0.0000,-0.0000) A_is_ee=0 box_q=(+1.00000,-0.00001,+0.00001,+0.00000) box_p=(+0.00000,+0.00000,+0.04999) ee_p=(+0.08228,-0.00187,+0.14988)
[CONTACT-ELEM] step=302 element=manipulated_object::collision phi=+0.0340m
[ADMM-C3+] primal: 19.8095->63.3024  dual: 1620.3143->1307.4730  mono=False  iters=25/25  rho=25.0
[ADMM-C3+] WARNING non-converged: pr=63.3024 dr=1307.4730 tol=1e-03
[MATH.δ-C3+] Bui 2026 eq (12) projection results (N=20 × 12 λ-components):
[MATH.δ-C3+]   case 1 (η wins, λ→0):     94
[MATH.δ-C3+]   case 2 (λ wins, η→0):     111
[MATH.δ-C3+]   case 3 (both zero):       35
[MATH.δ-C3+] First step k=0, component 0:
[MATH.δ-C3+]   pre:  λ°=0.1461, η°=-26.6956
[MATH.δ-C3+]   post: δ_λ=0.1461, δ_η=0.0000
[MATH.ω-C3+] ω update: ω += (z-δ), over 25 ADMM iters
[MATH.ω-C3+] ||ω||=612.8452, ||z-δ||_max=18.0191  (scale differs from C3 — ω carries η-block residuals too)
[MATH.ω-C3+] ρ decision: primal=63.3024, dual=1.3075e+03, ratio=0.0484 < 0.1 → would halve ρ to 12.5000
[MATH.ω-C3+] Note: adaptive-ρ fires every 10 iters; current max_iter=25
[C3+] step=303 |u[0]|=51.96N u_axis=(+30.00,+30.00,-30.00)N λ_n_max=13.614 η_n_max=1.976 primal=63.302 iters=25/25 lcp_res_max=inf
[ADMIT-GUARD] step=102 admit_active=1 latch=0/0 ee_z=0.149 gate_cap=0
[ALT-GATE] step=102 target_stable=0/0 allow_descent=1
[GS-tgt] step=102 ee=(+0.083,-0.002,+0.149) p_repos=(+0.080,+0.000,+0.030) ee_to_target=0.119m target_label=prev_repos target_changed=N delta=0.000m
[GS] step=102 mode=free switch=kStayInRepos best_k=1 best_src=prev_repos curr_cost=133264.06 repos_cost=-3978.64 best_other=-3978.64 met_progress=N steps_since_improve=100 switches=0
[STEP] step=102 mode=free t=1.020s ee=(+0.083,-0.002,+0.149) obj=(+0.000,+0.000,+0.050) goal_dist=0.300m switch=kStayInRepos target=(+0.080,+0.000,+0.145) ee_stride=0.005m ee_to_ptarget=0.119m landing_err=0.0165m ik_ok=Y ik_resid=0.0006m q_max_resid_deg=14.92 target_changed=Y retgt=N held_idx=1 held_cost=-3978.64 won_cost=-3978.64 margin=+0.00 won_src=prev_repos held_valid=Y reason=hold setpoint_to_ptarget=nanm finished_val=nanm finished_thresh=0.0200m pd_resid=nanm nextwp_to_ptarget=nanm guide_terminal_err=nanm
[GATE-EVOLVE] step=102 curr=133264.06 best_other=-3978.64 ratio=nan ee_to_optimal=0.0083m phi=0.0340m
[STAGE-A-TRACE] step=102 sim_t=1.020 mode=free phi=0.03396 box_xy=+0.00000,+0.00000 lam_n_ee_box=nan qy=+0.00001 qz=+0.00000 finished_repos=0
[DRAKE-CONTACT] step=102 n_pairs=1 ee_box_normal=0.000
[GATE-CONTACT] step=102 F_W=(+0.0000,+0.0000,+0.0000) F_on_box=(-0.0000,-0.0000,-0.0000) n_face_out=(-0.0000,-0.0000,-0.0000) A_is_ee=0 box_q=(+1.00000,-0.00001,+0.00001,+0.00000) box_p=(+0.00000,+0.00000,+0.04999) ee_p=(+0.08290,-0.00243,+0.14892)
[CONTACT-ELEM] step=305 element=manipulated_object::collision phi=+0.0330m
[ADMM-C3+] primal: 19.7328->25.4792  dual: 1609.4259->456.0109  mono=False  iters=25/25  rho=25.0
[ADMM-C3+] WARNING non-converged: pr=25.4792 dr=456.0109 tol=1e-03
[MATH.δ-C3+] Bui 2026 eq (12) projection results (N=20 × 12 λ-components):
[MATH.δ-C3+]   case 1 (η wins, λ→0):     97
[MATH.δ-C3+]   case 2 (λ wins, η→0):     115
[MATH.δ-C3+]   case 3 (both zero):       28
[MATH.δ-C3+] First step k=0, component 0:
[MATH.δ-C3+]   pre:  λ°=0.1461, η°=-26.3400
[MATH.δ-C3+]   post: δ_λ=0.1461, δ_η=0.0000
[MATH.ω-C3+] ω update: ω += (z-δ), over 25 ADMM iters
[MATH.ω-C3+] ||ω||=605.5236, ||z-δ||_max=12.6376  (scale differs from C3 — ω carries η-block residuals too)
[MATH.ω-C3+] ρ decision: primal=25.4792, dual=456.0109, ratio=0.0559 < 0.1 → would halve ρ to 12.5000
[MATH.ω-C3+] Note: adaptive-ρ fires every 10 iters; current max_iter=25
[C3+] step=306 |u[0]|=51.96N u_axis=(+30.00,+30.00,-30.00)N λ_n_max=8.859 η_n_max=1.463 primal=25.479 iters=25/25 lcp_res_max=5.99e-06
[ADMIT-GUARD] step=103 admit_active=1 latch=0/0 ee_z=0.148 gate_cap=0
[ALT-GATE] step=103 target_stable=0/0 allow_descent=1
[GS-tgt] step=103 ee=(+0.083,-0.003,+0.148) p_repos=(+0.080,+0.000,+0.030) ee_to_target=0.118m target_label=prev_repos target_changed=N delta=0.000m
[GS] step=103 mode=free switch=kStayInRepos best_k=1 best_src=prev_repos curr_cost=151550.29 repos_cost=-4061.11 best_other=-4061.11 met_progress=N steps_since_improve=101 switches=0
[STEP] step=103 mode=free t=1.030s ee=(+0.083,-0.003,+0.148) obj=(+0.000,+0.000,+0.050) goal_dist=0.300m switch=kStayInRepos target=(+0.080,+0.000,+0.143) ee_stride=0.006m ee_to_ptarget=0.118m landing_err=0.0125m ik_ok=Y ik_resid=0.0007m q_max_resid_deg=15.32 target_changed=Y retgt=N held_idx=1 held_cost=-4061.11 won_cost=-4061.11 margin=+0.00 won_src=prev_repos held_valid=Y reason=hold setpoint_to_ptarget=nanm finished_val=nanm finished_thresh=0.0200m pd_resid=nanm nextwp_to_ptarget=nanm guide_terminal_err=nanm
[GATE-EVOLVE] step=103 curr=151550.29 best_other=-4061.11 ratio=nan ee_to_optimal=0.0086m phi=0.0330m
[STAGE-A-TRACE] step=103 sim_t=1.030 mode=free phi=0.03298 box_xy=+0.00000,+0.00000 lam_n_ee_box=nan qy=+0.00001 qz=+0.00000 finished_repos=0
[DRAKE-CONTACT] step=103 n_pairs=1 ee_box_normal=0.000
[GATE-CONTACT] step=103 F_W=(+0.0000,+0.0000,+0.0000) F_on_box=(-0.0000,-0.0000,-0.0000) n_face_out=(-0.0000,-0.0000,-0.0000) A_is_ee=0 box_q=(+1.00000,-0.00001,+0.00001,+0.00000) box_p=(+0.00000,+0.00000,+0.04999) ee_p=(+0.08316,-0.00277,+0.14755)
[CONTACT-ELEM] step=308 element=manipulated_object::collision phi=+0.0316m
[ADMM-C3+] primal: 19.6236->60.7391  dual: 1599.7872->1131.4087  mono=False  iters=25/25  rho=25.0
[ADMM-C3+] WARNING non-converged: pr=60.7391 dr=1131.4087 tol=1e-03
[MATH.δ-C3+] Bui 2026 eq (12) projection results (N=20 × 12 λ-components):
[MATH.δ-C3+]   case 1 (η wins, λ→0):     95
[MATH.δ-C3+]   case 2 (λ wins, η→0):     116
[MATH.δ-C3+]   case 3 (both zero):       29
[MATH.δ-C3+] First step k=0, component 0:
[MATH.δ-C3+]   pre:  λ°=0.1461, η°=-24.7074
[MATH.δ-C3+]   post: δ_λ=0.1461, δ_η=0.0000
[MATH.ω-C3+] ω update: ω += (z-δ), over 25 ADMM iters
[MATH.ω-C3+] ||ω||=615.1950, ||z-δ||_max=19.8319  (scale differs from C3 — ω carries η-block residuals too)
[MATH.ω-C3+] ρ decision: primal=60.7391, dual=1.1314e+03, ratio=0.0537 < 0.1 → would halve ρ to 12.5000
[MATH.ω-C3+] Note: adaptive-ρ fires every 10 iters; current max_iter=25
[C3+] step=309 |u[0]|=51.96N u_axis=(+30.00,+30.00,-30.00)N λ_n_max=17.324 η_n_max=1.866 primal=60.739 iters=25/25 lcp_res_max=inf
[ADMIT-GUARD] step=104 admit_active=1 latch=0/0 ee_z=0.146 gate_cap=0
[ALT-GATE] step=104 target_stable=0/0 allow_descent=1
[GS-tgt] step=104 ee=(+0.083,-0.003,+0.146) p_repos=(+0.080,+0.000,+0.030) ee_to_target=0.116m target_label=prev_repos target_changed=N delta=0.000m
[GS] step=104 mode=free switch=kStayInRepos best_k=1 best_src=prev_repos curr_cost=135342.92 repos_cost=-4159.25 best_other=-4159.25 met_progress=N steps_since_improve=102 switches=0
[STEP] step=104 mode=free t=1.040s ee=(+0.083,-0.003,+0.146) obj=(+0.000,+0.000,+0.050) goal_dist=0.300m switch=kStayInRepos target=(+0.080,+0.000,+0.141) ee_stride=0.006m ee_to_ptarget=0.116m landing_err=0.0085m ik_ok=Y ik_resid=0.0007m q_max_resid_deg=15.65 target_changed=Y retgt=N held_idx=1 held_cost=-4159.25 won_cost=-4159.25 margin=+0.00 won_src=prev_repos held_valid=Y reason=hold setpoint_to_ptarget=nanm finished_val=nanm finished_thresh=0.0200m pd_resid=nanm nextwp_to_ptarget=nanm guide_terminal_err=nanm
[GATE-EVOLVE] step=104 curr=135342.92 best_other=-4159.25 ratio=nan ee_to_optimal=0.0087m phi=0.0316m
[STAGE-A-TRACE] step=104 sim_t=1.040 mode=free phi=0.03165 box_xy=+0.00000,+0.00000 lam_n_ee_box=nan qy=+0.00001 qz=+0.00000 finished_repos=0
[DRAKE-CONTACT] step=104 n_pairs=1 ee_box_normal=0.000
[GATE-CONTACT] step=104 F_W=(+0.0000,+0.0000,+0.0000) F_on_box=(-0.0000,-0.0000,-0.0000) n_face_out=(-0.0000,-0.0000,-0.0000) A_is_ee=0 box_q=(+1.00000,-0.00001,+0.00001,+0.00000) box_p=(+0.00000,+0.00000,+0.04999) ee_p=(+0.08320,-0.00294,+0.14589)
[CONTACT-ELEM] step=311 element=manipulated_object::collision phi=+0.0301m
[ADMM-C3+] primal: 19.6464->41.1270  dual: 1587.6138->564.0059  mono=False  iters=25/25  rho=25.0
[ADMM-C3+] WARNING non-converged: pr=41.1270 dr=564.0059 tol=1e-03
[MATH.δ-C3+] Bui 2026 eq (12) projection results (N=20 × 12 λ-components):
[MATH.δ-C3+]   case 1 (η wins, λ→0):     85
[MATH.δ-C3+]   case 2 (λ wins, η→0):     121
[MATH.δ-C3+]   case 3 (both zero):       34
[MATH.δ-C3+] First step k=0, component 0:
[MATH.δ-C3+]   pre:  λ°=0.1461, η°=-25.7160
[MATH.δ-C3+]   post: δ_λ=0.1461, δ_η=0.0000
[MATH.ω-C3+] ω update: ω += (z-δ), over 25 ADMM iters
[MATH.ω-C3+] ||ω||=605.9243, ||z-δ||_max=11.3091  (scale differs from C3 — ω carries η-block residuals too)
[MATH.ω-C3+] ρ decision: primal=41.1270, dual=564.0059, ratio=0.0729 < 0.1 → would halve ρ to 12.5000
[MATH.ω-C3+] Note: adaptive-ρ fires every 10 iters; current max_iter=25
[C3+] step=312 |u[0]|=51.96N u_axis=(+30.00,+30.00,-30.00)N λ_n_max=15.579 η_n_max=1.931 primal=41.127 iters=25/25 lcp_res_max=6.16e-06
[ADMIT-GUARD] step=105 admit_active=1 latch=0/0 ee_z=0.144 gate_cap=0
[ALT-GATE] step=105 target_stable=0/0 allow_descent=1
[GS-tgt] step=105 ee=(+0.083,-0.003,+0.144) p_repos=(+0.080,+0.000,+0.030) ee_to_target=0.114m target_label=prev_repos target_changed=N delta=0.000m
[GS] step=105 mode=free switch=kStayInRepos best_k=1 best_src=prev_repos curr_cost=116211.86 repos_cost=-4054.67 best_other=-4054.67 met_progress=N steps_since_improve=103 switches=0
[STEP] step=105 mode=free t=1.050s ee=(+0.083,-0.003,+0.144) obj=(+0.000,+0.000,+0.050) goal_dist=0.300m switch=kStayInRepos target=(+0.080,+0.000,+0.140) ee_stride=0.006m ee_to_ptarget=0.114m landing_err=0.0045m ik_ok=Y ik_resid=0.0007m q_max_resid_deg=15.93 target_changed=Y retgt=N held_idx=1 held_cost=-4054.67 won_cost=-4054.67 margin=+0.00 won_src=prev_repos held_valid=Y reason=hold setpoint_to_ptarget=nanm finished_val=nanm finished_thresh=0.0200m pd_resid=nanm nextwp_to_ptarget=nanm guide_terminal_err=nanm
[GATE-EVOLVE] step=105 curr=116211.86 best_other=-4054.67 ratio=nan ee_to_optimal=0.0086m phi=0.0301m
[STAGE-A-TRACE] step=105 sim_t=1.050 mode=free phi=0.03010 box_xy=+0.00000,+0.00000 lam_n_ee_box=nan qy=+0.00001 qz=+0.00000 finished_repos=0
[DRAKE-CONTACT] step=105 n_pairs=1 ee_box_normal=0.000
[GATE-CONTACT] step=105 F_W=(+0.0000,+0.0000,+0.0000) F_on_box=(-0.0000,-0.0000,-0.0000) n_face_out=(-0.0000,-0.0000,-0.0000) A_is_ee=0 box_q=(+1.00000,-0.00001,+0.00001,+0.00000) box_p=(+0.00000,+0.00000,+0.04999) ee_p=(+0.08310,-0.00299,+0.14405)
[CONTACT-ELEM] step=314 element=manipulated_object::collision phi=+0.0284m
[ADMM-C3+] primal: 19.6233->16.7456  dual: 1576.4381->218.6155  mono=False  iters=25/25  rho=25.0
[ADMM-C3+] WARNING non-converged: pr=16.7456 dr=218.6155 tol=1e-03
[MATH.δ-C3+] Bui 2026 eq (12) projection results (N=20 × 12 λ-components):
[MATH.δ-C3+]   case 1 (η wins, λ→0):     98
[MATH.δ-C3+]   case 2 (λ wins, η→0):     112
[MATH.δ-C3+]   case 3 (both zero):       30
[MATH.δ-C3+] First step k=0, component 0:
[MATH.δ-C3+]   pre:  λ°=0.1461, η°=-24.1307
[MATH.δ-C3+]   post: δ_λ=0.1461, δ_η=0.0000
[MATH.ω-C3+] ω update: ω += (z-δ), over 25 ADMM iters
[MATH.ω-C3+] ||ω||=603.7878, ||z-δ||_max=5.6800  (scale differs from C3 — ω carries η-block residuals too)
[MATH.ω-C3+] ρ decision: primal=16.7456, dual=218.6155, ratio=0.0766 < 0.1 → would halve ρ to 12.5000
[MATH.ω-C3+] Note: adaptive-ρ fires every 10 iters; current max_iter=25
[C3+] step=315 |u[0]|=51.96N u_axis=(+30.00,+30.00,-30.00)N λ_n_max=5.247 η_n_max=1.780 primal=16.746 iters=25/25 lcp_res_max=5.34e-06
[ADMIT-GUARD] step=106 admit_active=1 latch=0/0 ee_z=0.142 gate_cap=0
[ALT-GATE] step=106 target_stable=0/0 allow_descent=1
[GS-tgt] step=106 ee=(+0.083,-0.003,+0.142) p_repos=(+0.080,+0.000,+0.030) ee_to_target=0.112m target_label=prev_repos target_changed=N delta=0.000m
[GS] step=106 mode=free switch=kStayInRepos best_k=1 best_src=prev_repos curr_cost=148678.45 repos_cost=-4025.65 best_other=-4025.65 met_progress=N steps_since_improve=104 switches=0
[STEP] step=106 mode=free t=1.060s ee=(+0.083,-0.003,+0.142) obj=(+0.000,+0.000,+0.050) goal_dist=0.300m switch=kStayInRepos target=(+0.080,+0.000,+0.138) ee_stride=0.006m ee_to_ptarget=0.112m landing_err=0.0005m ik_ok=Y ik_resid=0.0008m q_max_resid_deg=16.18 target_changed=Y retgt=N held_idx=1 held_cost=-4025.65 won_cost=-4025.65 margin=+0.00 won_src=prev_repos held_valid=Y reason=hold setpoint_to_ptarget=nanm finished_val=nanm finished_thresh=0.0200m pd_resid=nanm nextwp_to_ptarget=nanm guide_terminal_err=nanm
[GATE-EVOLVE] step=106 curr=148678.45 best_other=-4025.65 ratio=nan ee_to_optimal=0.0084m phi=0.0284m
[STAGE-A-TRACE] step=106 sim_t=1.060 mode=free phi=0.02842 box_xy=+0.00000,+0.00000 lam_n_ee_box=nan qy=+0.00001 qz=+0.00000 finished_repos=0
[DRAKE-CONTACT] step=106 n_pairs=1 ee_box_normal=0.000
[GATE-CONTACT] step=106 F_W=(+0.0000,+0.0000,+0.0000) F_on_box=(-0.0000,-0.0000,-0.0000) n_face_out=(-0.0000,-0.0000,-0.0000) A_is_ee=0 box_q=(+1.00000,-0.00001,+0.00001,+0.00000) box_p=(+0.00000,+0.00000,+0.04999) ee_p=(+0.08291,-0.00294,+0.14207)
[CONTACT-ELEM] step=317 element=manipulated_object::collision phi=+0.0267m
[ADMM-C3+] primal: 19.5836->38.2611  dual: 1565.9746->688.6190  mono=False  iters=25/25  rho=25.0
[ADMM-C3+] WARNING non-converged: pr=38.2611 dr=688.6190 tol=1e-03
[MATH.δ-C3+] Bui 2026 eq (12) projection results (N=20 × 12 λ-components):
[MATH.δ-C3+]   case 1 (η wins, λ→0):     96
[MATH.δ-C3+]   case 2 (λ wins, η→0):     114
[MATH.δ-C3+]   case 3 (both zero):       30
[MATH.δ-C3+] First step k=0, component 0:
[MATH.δ-C3+]   pre:  λ°=0.1461, η°=-25.0707
[MATH.δ-C3+]   post: δ_λ=0.1461, δ_η=0.0000
[MATH.ω-C3+] ω update: ω += (z-δ), over 25 ADMM iters
[MATH.ω-C3+] ||ω||=615.4135, ||z-δ||_max=11.4363  (scale differs from C3 — ω carries η-block residuals too)
[MATH.ω-C3+] ρ decision: primal=38.2611, dual=688.6190, ratio=0.0556 < 0.1 → would halve ρ to 12.5000
[MATH.ω-C3+] Note: adaptive-ρ fires every 10 iters; current max_iter=25
[C3+] step=318 |u[0]|=51.96N u_axis=(+30.00,+30.00,-30.00)N λ_n_max=6.325 η_n_max=1.887 primal=38.261 iters=25/25 lcp_res_max=4.85e-06
[ADMIT-GUARD] step=107 admit_active=1 latch=0/0 ee_z=0.140 gate_cap=0
[ALT-GATE] step=107 target_stable=0/0 allow_descent=1
[GS-tgt] step=107 ee=(+0.083,-0.003,+0.140) p_repos=(+0.080,+0.000,+0.030) ee_to_target=0.110m target_label=prev_repos target_changed=N delta=0.000m
[GS] step=107 mode=free switch=kStayInRepos best_k=1 best_src=prev_repos curr_cost=127222.95 repos_cost=-3987.17 best_other=-3987.17 met_progress=N steps_since_improve=105 switches=0
[STEP] step=107 mode=free t=1.070s ee=(+0.083,-0.003,+0.140) obj=(+0.000,+0.000,+0.050) goal_dist=0.300m switch=kStayInRepos target=(+0.080,+0.000,+0.136) ee_stride=0.006m ee_to_ptarget=0.110m landing_err=0.0000m ik_ok=Y ik_resid=0.0007m q_max_resid_deg=15.93 target_changed=Y retgt=N held_idx=1 held_cost=-3987.17 won_cost=-3987.17 margin=+0.00 won_src=prev_repos held_valid=Y reason=hold setpoint_to_ptarget=nanm finished_val=nanm finished_thresh=0.0200m pd_resid=nanm nextwp_to_ptarget=nanm guide_terminal_err=nanm
[GATE-EVOLVE] step=107 curr=127222.95 best_other=-3987.17 ratio=nan ee_to_optimal=0.0082m phi=0.0267m
[STAGE-A-TRACE] step=107 sim_t=1.070 mode=free phi=0.02668 box_xy=+0.00000,+0.00000 lam_n_ee_box=nan qy=+0.00001 qz=+0.00000 finished_repos=0
[DRAKE-CONTACT] step=107 n_pairs=1 ee_box_normal=0.000
[GATE-CONTACT] step=107 F_W=(+0.0000,+0.0000,+0.0000) F_on_box=(-0.0000,-0.0000,-0.0000) n_face_out=(-0.0000,-0.0000,-0.0000) A_is_ee=0 box_q=(+1.00000,-0.00001,+0.00001,+0.00000) box_p=(+0.00000,+0.00000,+0.04999) ee_p=(+0.08268,-0.00283,+0.14003)
[CONTACT-ELEM] step=320 element=manipulated_object::collision phi=+0.0249m
[ADMM-C3+] primal: 19.6105->43.2927  dual: 1554.7434->2272.0215  mono=False  iters=25/25  rho=50.0
[ADMM-C3+] WARNING non-converged: pr=43.2927 dr=2272.0215 tol=1e-03
[MATH.δ-C3+] Bui 2026 eq (12) projection results (N=20 × 12 λ-components):
[MATH.δ-C3+]   case 1 (η wins, λ→0):     114
[MATH.δ-C3+]   case 2 (λ wins, η→0):     97
[MATH.δ-C3+]   case 3 (both zero):       29
[MATH.δ-C3+] First step k=0, component 0:
[MATH.δ-C3+]   pre:  λ°=0.1461, η°=-11.8888
[MATH.δ-C3+]   post: δ_λ=0.1461, δ_η=0.0000
[MATH.ω-C3+] ω update: ω += (z-δ), over 25 ADMM iters
[MATH.ω-C3+] ||ω||=317.2612, ||z-δ||_max=24.9777  (scale differs from C3 — ω carries η-block residuals too)
[MATH.ω-C3+] ρ decision: primal=43.2927, dual=2.2720e+03, ratio=0.0191 < 0.1 → would halve ρ to 25.0000
[MATH.ω-C3+] Note: adaptive-ρ fires every 10 iters; current max_iter=25
[C3+] step=321 |u[0]|=51.96N u_axis=(+30.00,+30.00,-30.00)N λ_n_max=2.268 η_n_max=3.638 primal=43.293 iters=25/25 lcp_res_max=inf
[ADMIT-GUARD] step=108 admit_active=1 latch=0/0 ee_z=0.138 gate_cap=0
[ALT-GATE] step=108 target_stable=0/0 allow_descent=1
[GS-tgt] step=108 ee=(+0.082,-0.003,+0.138) p_repos=(+0.080,+0.000,+0.030) ee_to_target=0.108m target_label=prev_repos target_changed=N delta=0.000m
[GS] step=108 mode=free switch=kStayInRepos best_k=1 best_src=prev_repos curr_cost=172669.94 repos_cost=-3896.71 best_other=-3896.71 met_progress=N steps_since_improve=106 switches=0
[STEP] step=108 mode=free t=1.080s ee=(+0.082,-0.003,+0.138) obj=(+0.000,+0.000,+0.050) goal_dist=0.300m switch=kStayInRepos target=(+0.080,+0.000,+0.134) ee_stride=0.005m ee_to_ptarget=0.108m landing_err=0.0000m ik_ok=Y ik_resid=0.0007m q_max_resid_deg=15.60 target_changed=Y retgt=N held_idx=1 held_cost=-3896.71 won_cost=-3896.71 margin=+0.00 won_src=prev_repos held_valid=Y reason=hold setpoint_to_ptarget=nanm finished_val=nanm finished_thresh=0.0200m pd_resid=nanm nextwp_to_ptarget=nanm guide_terminal_err=nanm
[GATE-EVOLVE] step=108 curr=172669.94 best_other=-3896.71 ratio=nan ee_to_optimal=0.0079m phi=0.0249m
[STAGE-A-TRACE] step=108 sim_t=1.080 mode=free phi=0.02491 box_xy=+0.00000,+0.00000 lam_n_ee_box=nan qy=+0.00001 qz=+0.00000 finished_repos=0
[DRAKE-CONTACT] step=108 n_pairs=1 ee_box_normal=0.000
[GATE-CONTACT] step=108 F_W=(+0.0000,+0.0000,+0.0000) F_on_box=(-0.0000,-0.0000,-0.0000) n_face_out=(-0.0000,-0.0000,-0.0000) A_is_ee=0 box_q=(+1.00000,-0.00001,+0.00001,+0.00000) box_p=(+0.00000,+0.00000,+0.04999) ee_p=(+0.08243,-0.00267,+0.13793)
[CONTACT-ELEM] step=323 element=manipulated_object::collision phi=+0.0232m
[ADMM-C3+] primal: 19.6096->25.8614  dual: 1543.7110->313.0473  mono=False  iters=25/25  rho=25.0
[ADMM-C3+] WARNING non-converged: pr=25.8614 dr=313.0473 tol=1e-03
[MATH.δ-C3+] Bui 2026 eq (12) projection results (N=20 × 12 λ-components):
[MATH.δ-C3+]   case 1 (η wins, λ→0):     98
[MATH.δ-C3+]   case 2 (λ wins, η→0):     110
[MATH.δ-C3+]   case 3 (both zero):       32
[MATH.δ-C3+] First step k=0, component 0:
[MATH.δ-C3+]   pre:  λ°=0.1461, η°=-23.7210
[MATH.δ-C3+]   post: δ_λ=0.1461, δ_η=0.0000
[MATH.ω-C3+] ω update: ω += (z-δ), over 25 ADMM iters
[MATH.ω-C3+] ||ω||=610.0569, ||z-δ||_max=7.8995  (scale differs from C3 — ω carries η-block residuals too)
[MATH.ω-C3+] ρ decision: primal=25.8614, dual=313.0473, ratio=0.0826 < 0.1 → would halve ρ to 12.5000
[MATH.ω-C3+] Note: adaptive-ρ fires every 10 iters; current max_iter=25
[C3+] step=324 |u[0]|=51.96N u_axis=(+30.00,+30.00,-30.00)N λ_n_max=3.315 η_n_max=3.060 primal=25.861 iters=25/25 lcp_res_max=4.85e-06
[ADMIT-GUARD] step=109 admit_active=1 latch=0/0 ee_z=0.136 gate_cap=0
[ALT-GATE] step=109 target_stable=0/0 allow_descent=1
[GS-tgt] step=109 ee=(+0.082,-0.002,+0.136) p_repos=(+0.080,+0.000,+0.030) ee_to_target=0.106m target_label=prev_repos target_changed=N delta=0.000m
[GS] step=109 mode=free switch=kStayInRepos best_k=1 best_src=prev_repos curr_cost=148884.77 repos_cost=-3788.30 best_other=-3788.30 met_progress=N steps_since_improve=107 switches=0
[STEP] step=109 mode=free t=1.090s ee=(+0.082,-0.002,+0.136) obj=(+0.000,+0.000,+0.050) goal_dist=0.300m switch=kStayInRepos target=(+0.080,+0.000,+0.132) ee_stride=0.005m ee_to_ptarget=0.106m landing_err=0.0000m ik_ok=Y ik_resid=0.0007m q_max_resid_deg=15.26 target_changed=Y retgt=N held_idx=1 held_cost=-3788.30 won_cost=-3788.30 margin=+0.00 won_src=prev_repos held_valid=Y reason=hold setpoint_to_ptarget=nanm finished_val=nanm finished_thresh=0.0200m pd_resid=nanm nextwp_to_ptarget=nanm guide_terminal_err=nanm
[GATE-EVOLVE] step=109 curr=148884.77 best_other=-3788.30 ratio=nan ee_to_optimal=0.0076m phi=0.0232m
[STAGE-A-TRACE] step=109 sim_t=1.090 mode=free phi=0.02316 box_xy=+0.00000,+0.00000 lam_n_ee_box=nan qy=+0.00001 qz=+0.00000 finished_repos=0
[DRAKE-CONTACT] step=109 n_pairs=1 ee_box_normal=0.000
[GATE-CONTACT] step=109 F_W=(+0.0000,+0.0000,+0.0000) F_on_box=(-0.0000,-0.0000,-0.0000) n_face_out=(-0.0000,-0.0000,-0.0000) A_is_ee=0 box_q=(+1.00000,-0.00001,+0.00001,+0.00000) box_p=(+0.00000,+0.00000,+0.04999) ee_p=(+0.08218,-0.00250,+0.13583)
[CONTACT-ELEM] step=326 element=manipulated_object::collision phi=+0.0214m
[ADMM-C3+] primal: 19.6086->25.4263  dual: 1532.3974->245.0828  mono=False  iters=25/25  rho=25.0
[ADMM-C3+] WARNING non-converged: pr=25.4263 dr=245.0828 tol=1e-03
[MATH.δ-C3+] Bui 2026 eq (12) projection results (N=20 × 12 λ-components):
[MATH.δ-C3+]   case 1 (η wins, λ→0):     96
[MATH.δ-C3+]   case 2 (λ wins, η→0):     118
[MATH.δ-C3+]   case 3 (both zero):       26
[MATH.δ-C3+] First step k=0, component 0:
[MATH.δ-C3+]   pre:  λ°=0.1461, η°=-23.7872
[MATH.δ-C3+]   post: δ_λ=0.1461, δ_η=0.0000
[MATH.ω-C3+] ω update: ω += (z-δ), over 25 ADMM iters
[MATH.ω-C3+] ||ω||=622.4413, ||z-δ||_max=11.6902  (scale differs from C3 — ω carries η-block residuals too)
[MATH.ω-C3+] ρ decision: primal=25.4263, dual=245.0828, ratio=0.1037 → ρ unchanged
[MATH.ω-C3+] Note: adaptive-ρ fires every 10 iters; current max_iter=25
[C3+] step=327 |u[0]|=51.96N u_axis=(+30.00,+30.00,-30.00)N λ_n_max=3.111 η_n_max=4.129 primal=25.426 iters=25/25 lcp_res_max=4.36e-06
[ADMIT-GUARD] step=110 admit_active=1 latch=0/0 ee_z=0.134 gate_cap=0
[ALT-GATE] step=110 target_stable=0/0 allow_descent=1
[GS-tgt] step=110 ee=(+0.082,-0.002,+0.134) p_repos=(+0.080,+0.000,+0.030) ee_to_target=0.104m target_label=prev_repos target_changed=N delta=0.000m
[IMP] step=110 mode=free |x_err|=0.0044m |tau_imp|=0.79Nm |tau_ff|=0.00Nm |tau_out|=0.79Nm sat=False lam_n=False lam_t=False
[GS] step=110 mode=free switch=kStayInRepos best_k=1 best_src=prev_repos curr_cost=142084.81 repos_cost=-3667.03 best_other=-3667.03 met_progress=N steps_since_improve=108 switches=0
[STEP] step=110 mode=free t=1.100s ee=(+0.082,-0.002,+0.134) obj=(+0.000,+0.000,+0.050) goal_dist=0.300m switch=kStayInRepos target=(+0.080,+0.000,+0.131) ee_stride=0.004m ee_to_ptarget=0.104m landing_err=0.0000m ik_ok=Y ik_resid=0.0006m q_max_resid_deg=14.92 target_changed=Y retgt=N held_idx=1 held_cost=-3667.03 won_cost=-3667.03 margin=+0.00 won_src=prev_repos held_valid=Y reason=hold setpoint_to_ptarget=nanm finished_val=nanm finished_thresh=0.0200m pd_resid=nanm nextwp_to_ptarget=nanm guide_terminal_err=nanm
[GATE-EVOLVE] step=110 curr=142084.81 best_other=-3667.03 ratio=nan ee_to_optimal=0.0073m phi=0.0214m
[STAGE-A-TRACE] step=110 sim_t=1.100 mode=free phi=0.02145 box_xy=+0.00000,+0.00000 lam_n_ee_box=nan qy=+0.00001 qz=+0.00000 finished_repos=0
[DRAKE-CONTACT] step=110 n_pairs=1 ee_box_normal=0.000
[GATE-CONTACT] step=110 F_W=(+0.0000,+0.0000,+0.0000) F_on_box=(-0.0000,-0.0000,-0.0000) n_face_out=(-0.0000,-0.0000,-0.0000) A_is_ee=0 box_q=(+1.00000,-0.00001,+0.00001,+0.00000) box_p=(+0.00000,+0.00000,+0.04999) ee_p=(+0.08194,-0.00231,+0.13372)
[CONTACT-ELEM] step=329 element=manipulated_object::collision phi=+0.0198m
[ADMM-C3+] primal: 19.6057->74.0856  dual: 1520.7898->1702.6636  mono=False  iters=25/25  rho=25.0
[ADMM-C3+] WARNING non-converged: pr=74.0856 dr=1702.6636 tol=1e-03
[MATH.QP-C3+] Minimizing: (1/2) z^T P z + q^T z  (z augmented with η)
[MATH.QP-C3+]   s.t. A_eq z = b_eq  (639 rows = x_0 fixation + 20 dynamics + 240 η-slack rows; slack-equality block ADDED)
[MATH.QP-C3+]        bbox: λ_n ≥ 0, |u| ≤ 30.0 N (EE force)  (η is unbounded — sign enforced via projection eq 12)
[MATH.QP-C3+] P shape=(939,939), symmetric=True, pos-semidef=True, cond(P)=4.0000e+05
[MATH.QP-C3+] q norm=3.9843e+05
[MATH.QP-C3+] Augmented term: (ρ/2) Σ ||z-δ+ω||^2_G  ρ=25.0000  (G=I in v1: u_λ=u_η=1)
[MATH.QP-C3+] Soft complementarity: w_comp=0.0000  (C3+ disables it — η equality replaces the linear penalty)
[MATH.QP-C3+] OSQP status: solved, iters=150, solve time=8.15ms
[MATH.δ-C3+] Bui 2026 eq (12) projection results (N=20 × 12 λ-components):
[MATH.δ-C3+]   case 1 (η wins, λ→0):     98
[MATH.δ-C3+]   case 2 (λ wins, η→0):     112
[MATH.δ-C3+]   case 3 (both zero):       30
[MATH.δ-C3+] First step k=0, component 0:
[MATH.δ-C3+]   pre:  λ°=0.1461, η°=-23.4718
[MATH.δ-C3+]   post: δ_λ=0.1461, δ_η=0.0000
[MATH.ω-C3+] ω update: ω += (z-δ), over 25 ADMM iters
[MATH.ω-C3+] ||ω||=610.8367, ||z-δ||_max=24.6146  (scale differs from C3 — ω carries η-block residuals too)
[MATH.ω-C3+] ρ decision: primal=74.0856, dual=1.7027e+03, ratio=0.0435 < 0.1 → would halve ρ to 12.5000
[MATH.ω-C3+] Note: adaptive-ρ fires every 10 iters; current max_iter=25
[C3+] step=330 |u[0]|=51.96N u_axis=(+30.00,+30.00,-30.00)N λ_n_max=2.772 η_n_max=5.672 primal=74.086 iters=25/25 lcp_res_max=inf
[ADMIT-GUARD] step=111 admit_active=1 latch=0/0 ee_z=0.132 gate_cap=0
[ALT-GATE] step=111 target_stable=0/0 allow_descent=1
[GS-tgt] step=111 ee=(+0.082,-0.002,+0.132) p_repos=(+0.080,+0.000,+0.030) ee_to_target=0.102m target_label=prev_repos target_changed=N delta=0.000m
[GS] step=111 mode=free switch=kStayInRepos best_k=1 best_src=prev_repos curr_cost=151848.30 repos_cost=-3546.70 best_other=-3546.70 met_progress=N steps_since_improve=109 switches=0
[STEP] step=111 mode=free t=1.110s ee=(+0.082,-0.002,+0.132) obj=(+0.000,+0.000,+0.050) goal_dist=0.300m switch=kStayInRepos target=(+0.080,+0.000,+0.129) ee_stride=0.004m ee_to_ptarget=0.102m landing_err=0.0000m ik_ok=Y ik_resid=0.0006m q_max_resid_deg=14.58 target_changed=Y retgt=N held_idx=1 held_cost=-3546.70 won_cost=-3546.70 margin=+0.00 won_src=prev_repos held_valid=Y reason=hold setpoint_to_ptarget=nanm finished_val=nanm finished_thresh=0.0200m pd_resid=nanm nextwp_to_ptarget=nanm guide_terminal_err=nanm
[GATE-EVOLVE] step=111 curr=151848.30 best_other=-3546.70 ratio=nan ee_to_optimal=0.0070m phi=0.0198m
[STAGE-A-TRACE] step=111 sim_t=1.110 mode=free phi=0.01978 box_xy=+0.00000,+0.00000 lam_n_ee_box=nan qy=+0.00001 qz=+0.00000 finished_repos=0
[DRAKE-CONTACT] step=111 n_pairs=1 ee_box_normal=0.000
[GATE-CONTACT] step=111 F_W=(+0.0000,+0.0000,+0.0000) F_on_box=(-0.0000,-0.0000,-0.0000) n_face_out=(-0.0000,-0.0000,-0.0000) A_is_ee=0 box_q=(+1.00000,-0.00001,+0.00001,+0.00000) box_p=(+0.00000,+0.00000,+0.04999) ee_p=(+0.08171,-0.00212,+0.13162)
[CONTACT-ELEM] step=332 element=manipulated_object::collision phi=+0.0182m
[ADMM-C3+] primal: 19.6133->53.3473  dual: 1510.6537->2073.5188  mono=False  iters=25/25  rho=50.0
[ADMM-C3+] WARNING non-converged: pr=53.3473 dr=2073.5188 tol=1e-03
[MATH.δ-C3+] Bui 2026 eq (12) projection results (N=20 × 12 λ-components):
[MATH.δ-C3+]   case 1 (η wins, λ→0):     118
[MATH.δ-C3+]   case 2 (λ wins, η→0):     93
[MATH.δ-C3+]   case 3 (both zero):       29
[MATH.δ-C3+] First step k=0, component 0:
[MATH.δ-C3+]   pre:  λ°=0.1461, η°=-11.7228
[MATH.δ-C3+]   post: δ_λ=0.1461, δ_η=0.0000
[MATH.ω-C3+] ω update: ω += (z-δ), over 25 ADMM iters
[MATH.ω-C3+] ||ω||=304.3070, ||z-δ||_max=24.1654  (scale differs from C3 — ω carries η-block residuals too)
[MATH.ω-C3+] ρ decision: primal=53.3473, dual=2.0735e+03, ratio=0.0257 < 0.1 → would halve ρ to 25.0000
[MATH.ω-C3+] Note: adaptive-ρ fires every 10 iters; current max_iter=25
[C3+] step=333 |u[0]|=51.96N u_axis=(+30.00,+30.00,-30.00)N λ_n_max=1.482 η_n_max=6.405 primal=53.347 iters=25/25 lcp_res_max=1.08e-05
[ADMIT-GUARD] step=112 admit_active=1 latch=0/0 ee_z=0.130 gate_cap=0
[ALT-GATE] step=112 target_stable=0/0 allow_descent=1
[GS-tgt] step=112 ee=(+0.082,-0.002,+0.130) p_repos=(+0.080,+0.000,+0.030) ee_to_target=0.100m target_label=prev_repos target_changed=N delta=0.000m
[GS] step=112 mode=free switch=kStayInRepos best_k=1 best_src=prev_repos curr_cost=201467.36 repos_cost=-3425.91 best_other=-3425.91 met_progress=N steps_since_improve=110 switches=0
[STEP] step=112 mode=free t=1.120s ee=(+0.082,-0.002,+0.130) obj=(+0.000,+0.000,+0.050) goal_dist=0.300m switch=kStayInRepos target=(+0.080,+0.000,+0.127) ee_stride=0.004m ee_to_ptarget=0.100m landing_err=0.0000m ik_ok=Y ik_resid=0.0006m q_max_resid_deg=14.25 target_changed=Y retgt=N held_idx=1 held_cost=-3425.91 won_cost=-3425.91 margin=+0.00 won_src=prev_repos held_valid=Y reason=hold setpoint_to_ptarget=nanm finished_val=nanm finished_thresh=0.0200m pd_resid=nanm nextwp_to_ptarget=nanm guide_terminal_err=nanm
[GATE-EVOLVE] step=112 curr=201467.36 best_other=-3425.91 ratio=nan ee_to_optimal=0.0068m phi=0.0182m
[STAGE-A-TRACE] step=112 sim_t=1.120 mode=free phi=0.01819 box_xy=+0.00000,+0.00000 lam_n_ee_box=nan qy=+0.00001 qz=+0.00000 finished_repos=0
[DRAKE-CONTACT] step=112 n_pairs=1 ee_box_normal=0.000
[GATE-CONTACT] step=112 F_W=(+0.0000,+0.0000,+0.0000) F_on_box=(-0.0000,-0.0000,-0.0000) n_face_out=(-0.0000,-0.0000,-0.0000) A_is_ee=0 box_q=(+1.00000,-0.00001,+0.00001,+0.00000) box_p=(+0.00000,+0.00000,+0.04999) ee_p=(+0.08150,-0.00194,+0.12954)
[CONTACT-ELEM] step=335 element=manipulated_object::collision phi=+0.0167m
[ADMM-C3+] primal: 19.6260->29.9391  dual: 1501.4354->84.9819  mono=False  iters=25/25  rho=25.0
[ADMM-C3+] WARNING non-converged: pr=29.9391 dr=84.9819 tol=1e-03
[MATH.δ-C3+] Bui 2026 eq (12) projection results (N=20 × 12 λ-components):
[MATH.δ-C3+]   case 1 (η wins, λ→0):     106
[MATH.δ-C3+]   case 2 (λ wins, η→0):     100
[MATH.δ-C3+]   case 3 (both zero):       34
[MATH.δ-C3+] First step k=0, component 0:
[MATH.δ-C3+]   pre:  λ°=0.1461, η°=-23.0805
[MATH.δ-C3+]   post: δ_λ=0.1461, δ_η=0.0000
[MATH.ω-C3+] ω update: ω += (z-δ), over 25 ADMM iters
[MATH.ω-C3+] ||ω||=587.4412, ||z-δ||_max=9.1180  (scale differs from C3 — ω carries η-block residuals too)
[MATH.ω-C3+] ρ decision: primal=29.9391, dual=84.9819, ratio=0.3523 → ρ unchanged
[MATH.ω-C3+] Note: adaptive-ρ fires every 10 iters; current max_iter=25
[C3+] step=336 |u[0]|=51.96N u_axis=(+30.00,+30.00,-30.00)N λ_n_max=1.812 η_n_max=7.708 primal=29.939 iters=25/25 lcp_res_max=7.74e-06
[ADMIT-GUARD] step=113 admit_active=1 latch=0/0 ee_z=0.127 gate_cap=0
[ALT-GATE] step=113 target_stable=0/0 allow_descent=1
[GS-tgt] step=113 ee=(+0.081,-0.002,+0.127) p_repos=(+0.080,+0.000,+0.030) ee_to_target=0.097m target_label=prev_repos target_changed=N delta=0.000m
[GS] step=113 mode=free switch=kStayInRepos best_k=1 best_src=prev_repos curr_cost=171988.53 repos_cost=-3309.08 best_other=-3309.08 met_progress=N steps_since_improve=111 switches=0
[STEP] step=113 mode=free t=1.130s ee=(+0.081,-0.002,+0.127) obj=(+0.000,+0.000,+0.050) goal_dist=0.300m switch=kStayInRepos target=(+0.080,+0.000,+0.125) ee_stride=0.003m ee_to_ptarget=0.097m landing_err=0.0000m ik_ok=Y ik_resid=0.0005m q_max_resid_deg=13.92 target_changed=Y retgt=N held_idx=1 held_cost=-3309.08 won_cost=-3309.08 margin=+0.00 won_src=prev_repos held_valid=Y reason=hold setpoint_to_ptarget=nanm finished_val=nanm finished_thresh=0.0200m pd_resid=nanm nextwp_to_ptarget=nanm guide_terminal_err=nanm
[GATE-EVOLVE] step=113 curr=171988.53 best_other=-3309.08 ratio=nan ee_to_optimal=0.0066m phi=0.0167m
[STAGE-A-TRACE] step=113 sim_t=1.130 mode=free phi=0.01666 box_xy=+0.00000,+0.00000 lam_n_ee_box=nan qy=+0.00001 qz=+0.00000 finished_repos=0
[DRAKE-CONTACT] step=113 n_pairs=1 ee_box_normal=0.000
[GATE-CONTACT] step=113 F_W=(+0.0000,+0.0000,+0.0000) F_on_box=(-0.0000,-0.0000,-0.0000) n_face_out=(-0.0000,-0.0000,-0.0000) A_is_ee=0 box_q=(+1.00000,-0.00001,+0.00001,+0.00000) box_p=(+0.00000,+0.00000,+0.04999) ee_p=(+0.08131,-0.00176,+0.12747)
[CONTACT-ELEM] step=338 element=manipulated_object::collision phi=+0.0152m
[ADMM-C3+] primal: 19.6348->95.0643  dual: 1492.1331->1607.7015  mono=False  iters=25/25  rho=25.0
[ADMM-C3+] WARNING non-converged: pr=95.0643 dr=1607.7015 tol=1e-03
[MATH.δ-C3+] Bui 2026 eq (12) projection results (N=20 × 12 λ-components):
[MATH.δ-C3+]   case 1 (η wins, λ→0):     102
[MATH.δ-C3+]   case 2 (λ wins, η→0):     103
[MATH.δ-C3+]   case 3 (both zero):       35
[MATH.δ-C3+] First step k=0, component 0:
[MATH.δ-C3+]   pre:  λ°=0.1461, η°=-23.0452
[MATH.δ-C3+]   post: δ_λ=0.1461, δ_η=0.0000
[MATH.ω-C3+] ω update: ω += (z-δ), over 25 ADMM iters
[MATH.ω-C3+] ||ω||=580.1643, ||z-δ||_max=38.4686  (scale differs from C3 — ω carries η-block residuals too)
[MATH.ω-C3+] ρ decision: primal=95.0643, dual=1.6077e+03, ratio=0.0591 < 0.1 → would halve ρ to 12.5000
[MATH.ω-C3+] Note: adaptive-ρ fires every 10 iters; current max_iter=25
[C3+] step=339 |u[0]|=51.96N u_axis=(+30.00,+30.00,-30.00)N λ_n_max=2.115 η_n_max=13.043 primal=95.064 iters=25/25 lcp_res_max=inf
[ADMIT-GUARD] step=114 admit_active=1 latch=0/0 ee_z=0.125 gate_cap=0
[ALT-GATE] step=114 target_stable=0/0 allow_descent=1
[GS-tgt] step=114 ee=(+0.081,-0.002,+0.125) p_repos=(+0.080,+0.000,+0.030) ee_to_target=0.095m target_label=prev_repos target_changed=N delta=0.000m
[GS] step=114 mode=free switch=kStayInRepos best_k=1 best_src=prev_repos curr_cost=146249.10 repos_cost=-3196.55 best_other=-3196.55 met_progress=N steps_since_improve=112 switches=0
[STEP] step=114 mode=free t=1.140s ee=(+0.081,-0.002,+0.125) obj=(+0.000,+0.000,+0.050) goal_dist=0.300m switch=kStayInRepos target=(+0.080,+0.000,+0.123) ee_stride=0.003m ee_to_ptarget=0.095m landing_err=0.0000m ik_ok=Y ik_resid=0.0005m q_max_resid_deg=13.60 target_changed=Y retgt=N held_idx=1 held_cost=-3196.55 won_cost=-3196.55 margin=+0.00 won_src=prev_repos held_valid=Y reason=hold setpoint_to_ptarget=nanm finished_val=nanm finished_thresh=0.0200m pd_resid=nanm nextwp_to_ptarget=nanm guide_terminal_err=nanm
[GATE-EVOLVE] step=114 curr=146249.10 best_other=-3196.55 ratio=nan ee_to_optimal=0.0063m phi=0.0152m
[STAGE-A-TRACE] step=114 sim_t=1.140 mode=free phi=0.01521 box_xy=+0.00000,+0.00000 lam_n_ee_box=nan qy=+0.00001 qz=+0.00000 finished_repos=0
[DRAKE-CONTACT] step=114 n_pairs=1 ee_box_normal=0.000
[GATE-CONTACT] step=114 F_W=(+0.0000,+0.0000,+0.0000) F_on_box=(-0.0000,-0.0000,-0.0000) n_face_out=(-0.0000,-0.0000,-0.0000) A_is_ee=0 box_q=(+1.00000,-0.00001,+0.00001,+0.00000) box_p=(+0.00000,+0.00000,+0.04999) ee_p=(+0.08114,-0.00160,+0.12544)
[CONTACT-ELEM] step=341 element=manipulated_object::collision phi=+0.0139m
[ADMM-C3+] primal: 19.6153->102.2323  dual: 1486.1653->2105.5079  mono=False  iters=25/25  rho=25.0
[ADMM-C3+] WARNING non-converged: pr=102.2323 dr=2105.5079 tol=1e-03
[MATH.δ-C3+] Bui 2026 eq (12) projection results (N=20 × 12 λ-components):
[MATH.δ-C3+]   case 1 (η wins, λ→0):     101
[MATH.δ-C3+]   case 2 (λ wins, η→0):     108
[MATH.δ-C3+]   case 3 (both zero):       31
[MATH.δ-C3+] First step k=0, component 0:
[MATH.δ-C3+]   pre:  λ°=0.1461, η°=-22.6928
[MATH.δ-C3+]   post: δ_λ=0.1461, δ_η=0.0000
[MATH.ω-C3+] ω update: ω += (z-δ), over 25 ADMM iters
[MATH.ω-C3+] ||ω||=591.8446, ||z-δ||_max=26.0022  (scale differs from C3 — ω carries η-block residuals too)
[MATH.ω-C3+] ρ decision: primal=102.2323, dual=2.1055e+03, ratio=0.0486 < 0.1 → would halve ρ to 12.5000
[MATH.ω-C3+] Note: adaptive-ρ fires every 10 iters; current max_iter=25
[C3+] step=342 |u[0]|=51.96N u_axis=(+30.00,+30.00,-30.00)N λ_n_max=2.575 η_n_max=9.555 primal=102.232 iters=25/25 lcp_res_max=inf
[ADMIT-GUARD] step=115 admit_active=1 latch=0/0 ee_z=0.123 gate_cap=0
[ALT-GATE] step=115 target_stable=0/0 allow_descent=1
[GS-tgt] step=115 ee=(+0.081,-0.001,+0.123) p_repos=(+0.080,+0.000,+0.030) ee_to_target=0.093m target_label=prev_repos target_changed=N delta=0.000m
[GS] step=115 mode=free switch=kStayInRepos best_k=1 best_src=prev_repos curr_cost=167874.22 repos_cost=-3081.65 best_other=-3081.65 met_progress=N steps_since_improve=113 switches=0
[STEP] step=115 mode=free t=1.150s ee=(+0.081,-0.001,+0.123) obj=(+0.000,+0.000,+0.050) goal_dist=0.300m switch=kStayInRepos target=(+0.080,+0.000,+0.122) ee_stride=0.003m ee_to_ptarget=0.093m landing_err=0.0000m ik_ok=Y ik_resid=0.0005m q_max_resid_deg=13.29 target_changed=Y retgt=N held_idx=1 held_cost=-3081.65 won_cost=-3081.65 margin=+0.00 won_src=prev_repos held_valid=Y reason=hold setpoint_to_ptarget=nanm finished_val=nanm finished_thresh=0.0200m pd_resid=nanm nextwp_to_ptarget=nanm guide_terminal_err=nanm
[GATE-EVOLVE] step=115 curr=167874.22 best_other=-3081.65 ratio=nan ee_to_optimal=0.0062m phi=0.0139m
[STAGE-A-TRACE] step=115 sim_t=1.150 mode=free phi=0.01385 box_xy=+0.00000,+0.00000 lam_n_ee_box=nan qy=+0.00001 qz=+0.00000 finished_repos=0
[DRAKE-CONTACT] step=115 n_pairs=1 ee_box_normal=0.000
[GATE-CONTACT] step=115 F_W=(+0.0000,+0.0000,+0.0000) F_on_box=(-0.0000,-0.0000,-0.0000) n_face_out=(-0.0000,-0.0000,-0.0000) A_is_ee=0 box_q=(+1.00000,-0.00001,+0.00001,+0.00000) box_p=(+0.00000,+0.00000,+0.04999) ee_p=(+0.08099,-0.00145,+0.12342)
[CONTACT-ELEM] step=344 element=manipulated_object::collision phi=+0.0126m
[ADMM-C3+] primal: 19.6271->16.8791  dual: 1481.2724->61.5787  mono=False  iters=25/25  rho=25.0
[ADMM-C3+] WARNING non-converged: pr=16.8791 dr=61.5787 tol=1e-03
[MATH.δ-C3+] Bui 2026 eq (12) projection results (N=20 × 12 λ-components):
[MATH.δ-C3+]   case 1 (η wins, λ→0):     104
[MATH.δ-C3+]   case 2 (λ wins, η→0):     108
[MATH.δ-C3+]   case 3 (both zero):       28
[MATH.δ-C3+] First step k=0, component 0:
[MATH.δ-C3+]   pre:  λ°=0.1461, η°=-22.4046
[MATH.δ-C3+]   post: δ_λ=0.1461, δ_η=0.0000
[MATH.ω-C3+] ω update: ω += (z-δ), over 25 ADMM iters
[MATH.ω-C3+] ||ω||=627.4041, ||z-δ||_max=6.1365  (scale differs from C3 — ω carries η-block residuals too)
[MATH.ω-C3+] ρ decision: primal=16.8791, dual=61.5787, ratio=0.2741 → ρ unchanged
[MATH.ω-C3+] Note: adaptive-ρ fires every 10 iters; current max_iter=25
[C3+] step=345 |u[0]|=51.96N u_axis=(+30.00,+30.00,-30.00)N λ_n_max=3.739 η_n_max=10.639 primal=16.879 iters=25/25 lcp_res_max=7.82e-06
[ADMIT-GUARD] step=116 admit_active=1 latch=0/0 ee_z=0.121 gate_cap=0
[ALT-GATE] step=116 target_stable=0/0 allow_descent=1
[GS-tgt] step=116 ee=(+0.081,-0.001,+0.121) p_repos=(+0.080,+0.000,+0.030) ee_to_target=0.091m target_label=prev_repos target_changed=N delta=0.000m
[GS] step=116 mode=free switch=kStayInRepos best_k=1 best_src=prev_repos curr_cost=189418.45 repos_cost=-3036.92 best_other=-3036.92 met_progress=N steps_since_improve=114 switches=0
[STEP] step=116 mode=free t=1.160s ee=(+0.081,-0.001,+0.121) obj=(+0.000,+0.000,+0.050) goal_dist=0.300m switch=kStayInRepos target=(+0.080,+0.000,+0.120) ee_stride=0.002m ee_to_ptarget=0.091m landing_err=0.0000m ik_ok=Y ik_resid=0.0005m q_max_resid_deg=12.98 target_changed=Y retgt=N held_idx=1 held_cost=-3036.92 won_cost=-3036.92 margin=+0.00 won_src=prev_repos held_valid=Y reason=hold setpoint_to_ptarget=nanm finished_val=nanm finished_thresh=0.0200m pd_resid=nanm nextwp_to_ptarget=nanm guide_terminal_err=nanm
[GATE-EVOLVE] step=116 curr=189418.45 best_other=-3036.92 ratio=nan ee_to_optimal=0.0060m phi=0.0126m
[STAGE-A-TRACE] step=116 sim_t=1.160 mode=free phi=0.01258 box_xy=+0.00000,+0.00000 lam_n_ee_box=nan qy=+0.00001 qz=+0.00000 finished_repos=0
[DRAKE-CONTACT] step=116 n_pairs=1 ee_box_normal=0.000
[GATE-CONTACT] step=116 F_W=(+0.0000,+0.0000,+0.0000) F_on_box=(-0.0000,-0.0000,-0.0000) n_face_out=(-0.0000,-0.0000,-0.0000) A_is_ee=0 box_q=(+1.00000,-0.00001,+0.00001,+0.00000) box_p=(+0.00000,+0.00000,+0.04999) ee_p=(+0.08086,-0.00131,+0.12143)
[CONTACT-ELEM] step=347 element=manipulated_object::collision phi=+0.0114m
[ADMM-C3+] primal: 19.6430->95.1162  dual: 1476.2326->1926.9831  mono=False  iters=25/25  rho=25.0
[ADMM-C3+] WARNING non-converged: pr=95.1162 dr=1926.9831 tol=1e-03
[MATH.δ-C3+] Bui 2026 eq (12) projection results (N=20 × 12 λ-components):
[MATH.δ-C3+]   case 1 (η wins, λ→0):     99
[MATH.δ-C3+]   case 2 (λ wins, η→0):     115
[MATH.δ-C3+]   case 3 (both zero):       26
[MATH.δ-C3+] First step k=0, component 0:
[MATH.δ-C3+]   pre:  λ°=0.1461, η°=-22.0830
[MATH.δ-C3+]   post: δ_λ=0.1461, δ_η=0.0000
[MATH.ω-C3+] ω update: ω += (z-δ), over 25 ADMM iters
[MATH.ω-C3+] ||ω||=582.2082, ||z-δ||_max=27.8990  (scale differs from C3 — ω carries η-block residuals too)
[MATH.ω-C3+] ρ decision: primal=95.1162, dual=1.9270e+03, ratio=0.0494 < 0.1 → would halve ρ to 12.5000
[MATH.ω-C3+] Note: adaptive-ρ fires every 10 iters; current max_iter=25
[C3+] step=348 |u[0]|=51.96N u_axis=(+30.00,+30.00,-30.00)N λ_n_max=2.973 η_n_max=16.534 primal=95.116 iters=25/25 lcp_res_max=inf
[ADMIT-GUARD] step=117 admit_active=1 latch=0/0 ee_z=0.119 gate_cap=0
[ALT-GATE] step=117 target_stable=0/0 allow_descent=1
[GS-tgt] step=117 ee=(+0.081,-0.001,+0.119) p_repos=(+0.080,+0.000,+0.030) ee_to_target=0.089m target_label=prev_repos target_changed=N delta=0.000m
[GS] step=117 mode=free switch=kStayInRepos best_k=1 best_src=prev_repos curr_cost=153913.21 repos_cost=-2895.47 best_other=-2895.47 met_progress=N steps_since_improve=115 switches=0
[STEP] step=117 mode=free t=1.170s ee=(+0.081,-0.001,+0.119) obj=(+0.000,+0.000,+0.050) goal_dist=0.300m switch=kStayInRepos target=(+0.080,+0.000,+0.118) ee_stride=0.002m ee_to_ptarget=0.089m landing_err=0.0000m ik_ok=Y ik_resid=0.0004m q_max_resid_deg=12.67 target_changed=Y retgt=N held_idx=1 held_cost=-2895.47 won_cost=-2895.47 margin=+0.00 won_src=prev_repos held_valid=Y reason=hold setpoint_to_ptarget=nanm finished_val=nanm finished_thresh=0.0200m pd_resid=nanm nextwp_to_ptarget=nanm guide_terminal_err=nanm
[GATE-EVOLVE] step=117 curr=153913.21 best_other=-2895.47 ratio=nan ee_to_optimal=0.0059m phi=0.0114m
[STAGE-A-TRACE] step=117 sim_t=1.170 mode=free phi=0.01139 box_xy=+0.00000,+0.00000 lam_n_ee_box=nan qy=+0.00001 qz=+0.00000 finished_repos=0
[DRAKE-CONTACT] step=117 n_pairs=1 ee_box_normal=0.000
[GATE-CONTACT] step=117 F_W=(+0.0000,+0.0000,+0.0000) F_on_box=(-0.0000,-0.0000,-0.0000) n_face_out=(-0.0000,-0.0000,-0.0000) A_is_ee=0 box_q=(+1.00000,-0.00001,+0.00001,+0.00000) box_p=(+0.00000,+0.00000,+0.04999) ee_p=(+0.08074,-0.00119,+0.11946)
[CONTACT-ELEM] step=350 element=manipulated_object::collision phi=+0.0103m
[ADMM-C3+] primal: 19.6836->53.8209  dual: 1470.5575->1045.5523  mono=False  iters=25/25  rho=25.0
[ADMM-C3+] WARNING non-converged: pr=53.8209 dr=1045.5523 tol=1e-03
[MATH.δ-C3+] Bui 2026 eq (12) projection results (N=20 × 12 λ-components):
[MATH.δ-C3+]   case 1 (η wins, λ→0):     88
[MATH.δ-C3+]   case 2 (λ wins, η→0):     122
[MATH.δ-C3+]   case 3 (both zero):       30
[MATH.δ-C3+] First step k=0, component 0:
[MATH.δ-C3+]   pre:  λ°=0.1461, η°=-22.1960
[MATH.δ-C3+]   post: δ_λ=0.1461, δ_η=0.0000
[MATH.ω-C3+] ω update: ω += (z-δ), over 25 ADMM iters
[MATH.ω-C3+] ||ω||=602.7042, ||z-δ||_max=18.2569  (scale differs from C3 — ω carries η-block residuals too)
[MATH.ω-C3+] ρ decision: primal=53.8209, dual=1.0456e+03, ratio=0.0515 < 0.1 → would halve ρ to 12.5000
[MATH.ω-C3+] Note: adaptive-ρ fires every 10 iters; current max_iter=25
[C3+] step=351 |u[0]|=51.96N u_axis=(+30.00,+30.00,-30.00)N λ_n_max=2.038 η_n_max=13.264 primal=53.821 iters=25/25 lcp_res_max=2.81e-06
[ADMIT-GUARD] step=118 admit_active=1 latch=0/0 ee_z=0.118 gate_cap=0
[ALT-GATE] step=118 target_stable=0/0 allow_descent=1
[GS-tgt] step=118 ee=(+0.081,-0.001,+0.118) p_repos=(+0.080,+0.000,+0.030) ee_to_target=0.088m target_label=prev_repos target_changed=N delta=0.000m
[GS] step=118 mode=free switch=kStayInRepos best_k=1 best_src=prev_repos curr_cost=124790.20 repos_cost=-2850.37 best_other=-2850.37 met_progress=N steps_since_improve=116 switches=0
[STEP] step=118 mode=free t=1.180s ee=(+0.081,-0.001,+0.118) obj=(+0.000,+0.000,+0.050) goal_dist=0.300m switch=kStayInRepos target=(+0.080,+0.000,+0.116) ee_stride=0.002m ee_to_ptarget=0.088m landing_err=0.0000m ik_ok=Y ik_resid=0.0004m q_max_resid_deg=12.37 target_changed=Y retgt=N held_idx=1 held_cost=-2850.37 won_cost=-2850.37 margin=+0.00 won_src=prev_repos held_valid=Y reason=hold setpoint_to_ptarget=nanm finished_val=nanm finished_thresh=0.0200m pd_resid=nanm nextwp_to_ptarget=nanm guide_terminal_err=nanm
[GATE-EVOLVE] step=118 curr=124790.20 best_other=-2850.37 ratio=nan ee_to_optimal=0.0057m phi=0.0103m
[STAGE-A-TRACE] step=118 sim_t=1.180 mode=free phi=0.01030 box_xy=+0.00000,+0.00000 lam_n_ee_box=nan qy=+0.00001 qz=+0.00000 finished_repos=0
[DRAKE-CONTACT] step=118 n_pairs=1 ee_box_normal=0.000
[GATE-CONTACT] step=118 F_W=(+0.0000,+0.0000,+0.0000) F_on_box=(-0.0000,-0.0000,-0.0000) n_face_out=(-0.0000,-0.0000,-0.0000) A_is_ee=0 box_q=(+1.00000,-0.00001,+0.00001,+0.00000) box_p=(+0.00000,+0.00000,+0.04999) ee_p=(+0.08064,-0.00108,+0.11752)
[CONTACT-ELEM] step=353 element=manipulated_object::collision phi=+0.0093m
[ADMM-C3+] primal: 19.6544->111.6965  dual: 1465.8838->2031.9646  mono=False  iters=25/25  rho=25.0
[ADMM-C3+] WARNING non-converged: pr=111.6965 dr=2031.9646 tol=1e-03
[MATH.δ-C3+] Bui 2026 eq (12) projection results (N=20 × 12 λ-components):
[MATH.δ-C3+]   case 1 (η wins, λ→0):     100
[MATH.δ-C3+]   case 2 (λ wins, η→0):     111
[MATH.δ-C3+]   case 3 (both zero):       29
[MATH.δ-C3+] First step k=0, component 0:
[MATH.δ-C3+]   pre:  λ°=0.1461, η°=-21.6909
[MATH.δ-C3+]   post: δ_λ=0.1461, δ_η=0.0000
[MATH.ω-C3+] ω update: ω += (z-δ), over 25 ADMM iters
[MATH.ω-C3+] ||ω||=591.5083, ||z-δ||_max=36.3072  (scale differs from C3 — ω carries η-block residuals too)
[MATH.ω-C3+] ρ decision: primal=111.6965, dual=2.0320e+03, ratio=0.0550 < 0.1 → would halve ρ to 12.5000
[MATH.ω-C3+] Note: adaptive-ρ fires every 10 iters; current max_iter=25
[C3+] step=354 |u[0]|=51.96N u_axis=(+30.00,+30.00,-30.00)N λ_n_max=2.097 η_n_max=18.478 primal=111.696 iters=25/25 lcp_res_max=inf
[ADMIT-GUARD] step=119 admit_active=1 latch=0/0 ee_z=0.116 gate_cap=0
[ALT-GATE] step=119 target_stable=0/0 allow_descent=1
[GS-tgt] step=119 ee=(+0.081,-0.001,+0.116) p_repos=(+0.080,+0.000,+0.030) ee_to_target=0.086m target_label=prev_repos target_changed=N delta=0.000m
[GS] step=119 mode=free switch=kStayInRepos best_k=1 best_src=prev_repos curr_cost=177071.51 repos_cost=-2808.17 best_other=-2808.17 met_progress=N steps_since_improve=117 switches=0
[STEP] step=119 mode=free t=1.190s ee=(+0.081,-0.001,+0.116) obj=(+0.000,+0.000,+0.050) goal_dist=0.300m switch=kStayInRepos target=(+0.080,+0.000,+0.114) ee_stride=0.002m ee_to_ptarget=0.086m landing_err=0.0000m ik_ok=Y ik_resid=0.0004m q_max_resid_deg=12.08 target_changed=Y retgt=N held_idx=1 held_cost=-2808.17 won_cost=-2808.17 margin=+0.00 won_src=prev_repos held_valid=Y reason=hold setpoint_to_ptarget=nanm finished_val=nanm finished_thresh=0.0200m pd_resid=nanm nextwp_to_ptarget=nanm guide_terminal_err=nanm
[GATE-EVOLVE] step=119 curr=177071.51 best_other=-2808.17 ratio=nan ee_to_optimal=0.0056m phi=0.0093m
[STAGE-A-TRACE] step=119 sim_t=1.190 mode=free phi=0.00930 box_xy=+0.00000,+0.00000 lam_n_ee_box=nan qy=+0.00001 qz=+0.00000 finished_repos=0
[DRAKE-CONTACT] step=119 n_pairs=1 ee_box_normal=0.000
[GATE-CONTACT] step=119 F_W=(+0.0000,+0.0000,+0.0000) F_on_box=(-0.0000,-0.0000,-0.0000) n_face_out=(-0.0000,-0.0000,-0.0000) A_is_ee=0 box_q=(+1.00000,-0.00001,+0.00001,+0.00000) box_p=(+0.00000,+0.00000,+0.04999) ee_p=(+0.08055,-0.00099,+0.11559)
[CONTACT-ELEM] step=356 element=manipulated_object::collision phi=+0.0084m
[ADMM-C3+] primal: 19.7009->19.4886  dual: 1460.5346->321.6038  mono=False  iters=25/25  rho=25.0
[ADMM-C3+] WARNING non-converged: pr=19.4886 dr=321.6038 tol=1e-03
[MATH.δ-C3+] Bui 2026 eq (12) projection results (N=20 × 12 λ-components):
[MATH.δ-C3+]   case 1 (η wins, λ→0):     88
[MATH.δ-C3+]   case 2 (λ wins, η→0):     120
[MATH.δ-C3+]   case 3 (both zero):       32
[MATH.δ-C3+] First step k=0, component 0:
[MATH.δ-C3+]   pre:  λ°=0.1461, η°=-22.1926
[MATH.δ-C3+]   post: δ_λ=0.1461, δ_η=0.0000
[MATH.ω-C3+] ω update: ω += (z-δ), over 25 ADMM iters
[MATH.ω-C3+] ||ω||=618.2034, ||z-δ||_max=4.9824  (scale differs from C3 — ω carries η-block residuals too)
[MATH.ω-C3+] ρ decision: primal=19.4886, dual=321.6038, ratio=0.0606 < 0.1 → would halve ρ to 12.5000
[MATH.ω-C3+] Note: adaptive-ρ fires every 10 iters; current max_iter=25
[C3+] step=357 |u[0]|=51.96N u_axis=(+30.00,+30.00,-30.00)N λ_n_max=2.363 η_n_max=16.119 primal=19.489 iters=25/25 lcp_res_max=1.95e-06
[ADMIT-GUARD] step=120 admit_active=1 latch=0/0 ee_z=0.114 gate_cap=0
[ALT-GATE] step=120 target_stable=0/0 allow_descent=1
[GS-tgt] step=120 ee=(+0.080,-0.001,+0.114) p_repos=(+0.080,+0.000,+0.030) ee_to_target=0.084m target_label=prev_repos target_changed=N delta=0.000m
[IMP] step=120 mode=free |x_err|=0.0015m |tau_imp|=1.07Nm |tau_ff|=0.00Nm |tau_out|=1.07Nm sat=False lam_n=False lam_t=False
[GS] step=120 mode=free switch=kStayInRepos best_k=1 best_src=prev_repos curr_cost=121847.72 repos_cost=-2808.36 best_other=-2808.36 met_progress=N steps_since_improve=118 switches=0
[STEP] step=120 mode=free t=1.200s ee=(+0.080,-0.001,+0.114) obj=(+0.000,+0.000,+0.050) goal_dist=0.300m switch=kStayInRepos target=(+0.080,+0.000,+0.113) ee_stride=0.002m ee_to_ptarget=0.084m landing_err=0.0000m ik_ok=Y ik_resid=0.0004m q_max_resid_deg=11.79 target_changed=Y retgt=N held_idx=1 held_cost=-2808.36 won_cost=-2808.36 margin=+0.00 won_src=prev_repos held_valid=Y reason=hold setpoint_to_ptarget=nanm finished_val=nanm finished_thresh=0.0200m pd_resid=nanm nextwp_to_ptarget=nanm guide_terminal_err=nanm
[GATE-EVOLVE] step=120 curr=121847.72 best_other=-2808.36 ratio=nan ee_to_optimal=0.0056m phi=0.0084m
[STAGE-A-TRACE] step=120 sim_t=1.200 mode=free phi=0.00841 box_xy=+0.00000,+0.00000 lam_n_ee_box=nan qy=+0.00001 qz=+0.00000 finished_repos=0
[GS-table] step=120
  k=0 (current   ) pos=(+0.080,-0.001,+0.114) c_C3= 151847.72 align=1.0000(bonus=30000.00) rot=+0.0000(bonus=    0.00) travel=0.000m(pen=  0.00) c_sample= 121847.72 feas=Y ik_err=0.0000m
  k=1 (prev_repos) pos=(+0.080,+0.000,+0.030) c_C3=  27174.91 align=1.0000(bonus=30000.00) rot=+0.0000(bonus=    0.00) travel=0.084m(pen= 16.74) c_sample=  -2808.36 feas=Y ik_err=0.0000m  ← WIN
  k=2 (strat_0   ) pos=(+0.080,+0.000,+0.030) c_C3=  27174.91 align=1.0000(bonus=30000.00) rot=+0.0000(bonus=    0.00) travel=0.084m(pen= 16.74) c_sample=  -2808.36 feas=Y ik_err=0.0000m
[DRAKE-CONTACT] step=120 n_pairs=1 ee_box_normal=0.000
[GATE-CONTACT] step=120 F_W=(+0.0000,+0.0000,+0.0000) F_on_box=(-0.0000,-0.0000,-0.0000) n_face_out=(-0.0000,-0.0000,-0.0000) A_is_ee=0 box_q=(+1.00000,-0.00001,+0.00001,+0.00000) box_p=(+0.00000,+0.00000,+0.04999) ee_p=(+0.08048,-0.00091,+0.11368)
[PERSIST] step=121 refresh n_strategy=1 samples=[(-0.0229, 0.08, 0.03)]
[CONTACT-ELEM] step=359 element=manipulated_object::collision phi=+0.0076m
[ADMM-C3+] primal: 19.6926->12.9219  dual: 1456.0662->155.5733  mono=False  iters=25/25  rho=25.0
[ADMM-C3+] WARNING non-converged: pr=12.9219 dr=155.5733 tol=1e-03
[MATH.QP-C3+] Minimizing: (1/2) z^T P z + q^T z  (z augmented with η)
[MATH.QP-C3+]   s.t. A_eq z = b_eq  (639 rows = x_0 fixation + 20 dynamics + 240 η-slack rows; slack-equality block ADDED)
[MATH.QP-C3+]        bbox: λ_n ≥ 0, |u| ≤ 30.0 N (EE force)  (η is unbounded — sign enforced via projection eq 12)
[MATH.QP-C3+] P shape=(939,939), symmetric=True, pos-semidef=True, cond(P)=4.0000e+05
[MATH.QP-C3+] q norm=3.9841e+05
[MATH.QP-C3+] Augmented term: (ρ/2) Σ ||z-δ+ω||^2_G  ρ=25.0000  (G=I in v1: u_λ=u_η=1)
[MATH.QP-C3+] Soft complementarity: w_comp=0.0000  (C3+ disables it — η equality replaces the linear penalty)
[MATH.QP-C3+] OSQP status: solved, iters=150, solve time=7.57ms
[MATH.δ-C3+] Bui 2026 eq (12) projection results (N=20 × 12 λ-components):
[MATH.δ-C3+]   case 1 (η wins, λ→0):     94
[MATH.δ-C3+]   case 2 (λ wins, η→0):     118
[MATH.δ-C3+]   case 3 (both zero):       28
[MATH.δ-C3+] First step k=0, component 0:
[MATH.δ-C3+]   pre:  λ°=0.1461, η°=-22.5532
[MATH.δ-C3+]   post: δ_λ=0.1461, δ_η=0.0000
[MATH.ω-C3+] ω update: ω += (z-δ), over 25 ADMM iters
[MATH.ω-C3+] ||ω||=606.7362, ||z-δ||_max=3.2961  (scale differs from C3 — ω carries η-block residuals too)
[MATH.ω-C3+] ρ decision: primal=12.9219, dual=155.5733, ratio=0.0831 < 0.1 → would halve ρ to 12.5000
[MATH.ω-C3+] Note: adaptive-ρ fires every 10 iters; current max_iter=25
[C3+] step=360 |u[0]|=51.96N u_axis=(+30.00,+30.00,-30.00)N λ_n_max=1.786 η_n_max=17.675 primal=12.922 iters=25/25 lcp_res_max=2.87e-06
[ADMIT-GUARD] step=121 admit_active=1 latch=0/0 ee_z=0.112 gate_cap=0
[ALT-GATE] step=121 target_stable=0/0 allow_descent=1
[GS-tgt] step=121 ee=(+0.080,-0.001,+0.112) p_repos=(+0.080,+0.000,+0.030) ee_to_target=0.082m target_label=prev_repos target_changed=N delta=0.000m
[GS] step=121 mode=free switch=kStayInRepos best_k=1 best_src=prev_repos curr_cost=148361.19 repos_cost=-2754.57 best_other=-2754.57 met_progress=N steps_since_improve=119 switches=0
[STEP] step=121 mode=free t=1.210s ee=(+0.080,-0.001,+0.112) obj=(+0.000,+0.000,+0.050) goal_dist=0.300m switch=kStayInRepos target=(+0.080,+0.000,+0.111) ee_stride=0.001m ee_to_ptarget=0.082m landing_err=0.0000m ik_ok=Y ik_resid=0.0004m q_max_resid_deg=11.51 target_changed=Y retgt=N held_idx=1 held_cost=-2754.57 won_cost=-2754.57 margin=+0.00 won_src=prev_repos held_valid=Y reason=hold setpoint_to_ptarget=nanm finished_val=nanm finished_thresh=0.0200m pd_resid=nanm nextwp_to_ptarget=nanm guide_terminal_err=nanm
[GATE-EVOLVE] step=121 curr=148361.19 best_other=-2754.57 ratio=nan ee_to_optimal=0.0055m phi=0.0076m
[STAGE-A-TRACE] step=121 sim_t=1.210 mode=free phi=0.00761 box_xy=+0.00000,+0.00000 lam_n_ee_box=nan qy=+0.00001 qz=+0.00000 finished_repos=0
[DRAKE-CONTACT] step=121 n_pairs=1 ee_box_normal=0.000
[GATE-CONTACT] step=121 F_W=(+0.0000,+0.0000,+0.0000) F_on_box=(-0.0000,-0.0000,-0.0000) n_face_out=(-0.0000,-0.0000,-0.0000) A_is_ee=0 box_q=(+1.00000,-0.00001,+0.00001,+0.00000) box_p=(+0.00000,+0.00000,+0.04999) ee_p=(+0.08041,-0.00084,+0.11178)
[CONTACT-ELEM] step=362 element=manipulated_object::collision phi=+0.0069m
[ADMM-C3+] primal: 19.6746->12.1090  dual: 1451.8957->59.2874  mono=False  iters=25/25  rho=25.0
[ADMM-C3+] WARNING non-converged: pr=12.1090 dr=59.2874 tol=1e-03
[MATH.δ-C3+] Bui 2026 eq (12) projection results (N=20 × 12 λ-components):
[MATH.δ-C3+]   case 1 (η wins, λ→0):     100
[MATH.δ-C3+]   case 2 (λ wins, η→0):     112
[MATH.δ-C3+]   case 3 (both zero):       28
[MATH.δ-C3+] First step k=0, component 0:
[MATH.δ-C3+]   pre:  λ°=0.1461, η°=-22.8777
[MATH.δ-C3+]   post: δ_λ=0.1461, δ_η=0.0000
[MATH.ω-C3+] ω update: ω += (z-δ), over 25 ADMM iters
[MATH.ω-C3+] ||ω||=596.0258, ||z-δ||_max=2.9748  (scale differs from C3 — ω carries η-block residuals too)
[MATH.ω-C3+] ρ decision: primal=12.1090, dual=59.2874, ratio=0.2042 → ρ unchanged
[MATH.ω-C3+] Note: adaptive-ρ fires every 10 iters; current max_iter=25
[C3+] step=363 |u[0]|=51.96N u_axis=(+30.00,+30.00,-30.00)N λ_n_max=2.011 η_n_max=19.745 primal=12.109 iters=25/25 lcp_res_max=4.76e-06
[ADMIT-GUARD] step=122 admit_active=1 latch=0/0 ee_z=0.110 gate_cap=0
[ALT-GATE] step=122 target_stable=0/0 allow_descent=1
[GS-tgt] step=122 ee=(+0.080,-0.001,+0.110) p_repos=(+0.080,+0.000,+0.030) ee_to_target=0.080m target_label=prev_repos target_changed=N delta=0.000m
[GS] step=122 mode=free switch=kStayInRepos best_k=1 best_src=prev_repos curr_cost=167719.30 repos_cost=-2654.36 best_other=-2654.36 met_progress=N steps_since_improve=120 switches=0
[STEP] step=122 mode=free t=1.220s ee=(+0.080,-0.001,+0.110) obj=(+0.000,+0.000,+0.050) goal_dist=0.300m switch=kStayInRepos target=(+0.080,+0.000,+0.109) ee_stride=0.001m ee_to_ptarget=0.080m landing_err=0.0000m ik_ok=Y ik_resid=0.0003m q_max_resid_deg=11.23 target_changed=Y retgt=N held_idx=1 held_cost=-2654.36 won_cost=-2654.36 margin=+0.00 won_src=prev_repos held_valid=Y reason=hold setpoint_to_ptarget=nanm finished_val=nanm finished_thresh=0.0200m pd_resid=nanm nextwp_to_ptarget=nanm guide_terminal_err=nanm
[GATE-EVOLVE] step=122 curr=167719.30 best_other=-2654.36 ratio=nan ee_to_optimal=0.0054m phi=0.0069m
[STAGE-A-TRACE] step=122 sim_t=1.220 mode=free phi=0.00693 box_xy=+0.00000,+0.00000 lam_n_ee_box=nan qy=+0.00001 qz=+0.00000 finished_repos=0
[DRAKE-CONTACT] step=122 n_pairs=1 ee_box_normal=0.000
[GATE-CONTACT] step=122 F_W=(+0.0000,+0.0000,+0.0000) F_on_box=(-0.0000,-0.0000,-0.0000) n_face_out=(-0.0000,-0.0000,-0.0000) A_is_ee=0 box_q=(+1.00000,-0.00001,+0.00001,+0.00000) box_p=(+0.00000,+0.00000,+0.04999) ee_p=(+0.08035,-0.00078,+0.10990)
[CONTACT-ELEM] step=365 element=manipulated_object::collision phi=+0.0064m
[ADMM-C3+] primal: 19.7331->13.4435  dual: 1448.4299->148.0714  mono=False  iters=25/25  rho=25.0
[ADMM-C3+] WARNING non-converged: pr=13.4435 dr=148.0714 tol=1e-03
[MATH.δ-C3+] Bui 2026 eq (12) projection results (N=20 × 12 λ-components):
[MATH.δ-C3+]   case 1 (η wins, λ→0):     91
[MATH.δ-C3+]   case 2 (λ wins, η→0):     122
[MATH.δ-C3+]   case 3 (both zero):       27
[MATH.δ-C3+] First step k=0, component 0:
[MATH.δ-C3+]   pre:  λ°=0.1461, η°=-23.0226
[MATH.δ-C3+]   post: δ_λ=0.1461, δ_η=0.0000
[MATH.ω-C3+] ω update: ω += (z-δ), over 25 ADMM iters
[MATH.ω-C3+] ||ω||=614.8201, ||z-δ||_max=3.7415  (scale differs from C3 — ω carries η-block residuals too)
[MATH.ω-C3+] ρ decision: primal=13.4435, dual=148.0714, ratio=0.0908 < 0.1 → would halve ρ to 12.5000
[MATH.ω-C3+] Note: adaptive-ρ fires every 10 iters; current max_iter=25
[C3+] step=366 |u[0]|=51.96N u_axis=(+30.00,+30.00,-30.00)N λ_n_max=2.267 η_n_max=20.878 primal=13.443 iters=25/25 lcp_res_max=2.48e-06
[ADMIT-GUARD] step=123 admit_active=1 latch=0/0 ee_z=0.108 gate_cap=0
[ALT-GATE] step=123 target_stable=0/0 allow_descent=1
[GS-tgt] step=123 ee=(+0.080,-0.001,+0.108) p_repos=(+0.080,+0.000,+0.030) ee_to_target=0.078m target_label=prev_repos target_changed=N delta=0.000m
[GS] step=123 mode=free switch=kStayInRepos best_k=1 best_src=prev_repos curr_cost=149248.61 repos_cost=-2680.08 best_other=-2680.08 met_progress=N steps_since_improve=121 switches=0
[STEP] step=123 mode=free t=1.230s ee=(+0.080,-0.001,+0.108) obj=(+0.000,+0.000,+0.050) goal_dist=0.300m switch=kStayInRepos target=(+0.080,+0.000,+0.107) ee_stride=0.001m ee_to_ptarget=0.078m landing_err=0.0000m ik_ok=Y ik_resid=0.0003m q_max_resid_deg=10.95 target_changed=Y retgt=N held_idx=1 held_cost=-2680.08 won_cost=-2680.08 margin=+0.00 won_src=prev_repos held_valid=Y reason=hold setpoint_to_ptarget=nanm finished_val=nanm finished_thresh=0.0200m pd_resid=nanm nextwp_to_ptarget=nanm guide_terminal_err=nanm
[GATE-EVOLVE] step=123 curr=149248.61 best_other=-2680.08 ratio=nan ee_to_optimal=0.0054m phi=0.0064m
[STAGE-A-TRACE] step=123 sim_t=1.230 mode=free phi=0.00635 box_xy=+0.00000,+0.00000 lam_n_ee_box=nan qy=+0.00001 qz=+0.00000 finished_repos=0
[DRAKE-CONTACT] step=123 n_pairs=1 ee_box_normal=0.000
[GATE-CONTACT] step=123 F_W=(+0.0000,+0.0000,+0.0000) F_on_box=(-0.0000,-0.0000,-0.0000) n_face_out=(-0.0000,-0.0000,-0.0000) A_is_ee=0 box_q=(+1.00000,-0.00001,+0.00001,+0.00000) box_p=(+0.00000,+0.00000,+0.04999) ee_p=(+0.08031,-0.00073,+0.10803)
[CONTACT-ELEM] step=368 element=manipulated_object::collision phi=+0.0059m
[ADMM-C3+] primal: 19.7409->39.6353  dual: 1445.5487->811.4481  mono=False  iters=25/25  rho=25.0
[ADMM-C3+] WARNING non-converged: pr=39.6353 dr=811.4481 tol=1e-03
[MATH.δ-C3+] Bui 2026 eq (12) projection results (N=20 × 12 λ-components):
[MATH.δ-C3+]   case 1 (η wins, λ→0):     98
[MATH.δ-C3+]   case 2 (λ wins, η→0):     114
[MATH.δ-C3+]   case 3 (both zero):       28
[MATH.δ-C3+] First step k=0, component 0:
[MATH.δ-C3+]   pre:  λ°=0.1461, η°=-23.7101
[MATH.δ-C3+]   post: δ_λ=0.1461, δ_η=0.0000
[MATH.ω-C3+] ω update: ω += (z-δ), over 25 ADMM iters
[MATH.ω-C3+] ||ω||=595.8268, ||z-δ||_max=18.3112  (scale differs from C3 — ω carries η-block residuals too)
[MATH.ω-C3+] ρ decision: primal=39.6353, dual=811.4481, ratio=0.0488 < 0.1 → would halve ρ to 12.5000
[MATH.ω-C3+] Note: adaptive-ρ fires every 10 iters; current max_iter=25
[C3+] step=369 |u[0]|=51.96N u_axis=(+30.00,+30.00,-30.00)N λ_n_max=2.158 η_n_max=24.002 primal=39.635 iters=25/25 lcp_res_max=3.99e-06
[ADMIT-GUARD] step=124 admit_active=1 latch=0/0 ee_z=0.106 gate_cap=0
[ALT-GATE] step=124 target_stable=0/0 allow_descent=1
[GS-tgt] step=124 ee=(+0.080,-0.001,+0.106) p_repos=(+0.080,+0.000,+0.030) ee_to_target=0.076m target_label=prev_repos target_changed=N delta=0.000m
[GS] step=124 mode=free switch=kStayInRepos best_k=1 best_src=prev_repos curr_cost=170235.56 repos_cost=-2574.27 best_other=-2574.27 met_progress=N steps_since_improve=122 switches=0
[STEP] step=124 mode=free t=1.240s ee=(+0.080,-0.001,+0.106) obj=(+0.000,+0.000,+0.050) goal_dist=0.300m switch=kStayInRepos target=(+0.080,+0.000,+0.105) ee_stride=0.001m ee_to_ptarget=0.076m landing_err=0.0000m ik_ok=Y ik_resid=0.0003m q_max_resid_deg=10.68 target_changed=Y retgt=N held_idx=1 held_cost=-2574.27 won_cost=-2574.27 margin=+0.00 won_src=prev_repos held_valid=Y reason=hold setpoint_to_ptarget=nanm finished_val=nanm finished_thresh=0.0200m pd_resid=nanm nextwp_to_ptarget=nanm guide_terminal_err=nanm
[GATE-EVOLVE] step=124 curr=170235.56 best_other=-2574.27 ratio=nan ee_to_optimal=0.0053m phi=0.0059m
[STAGE-A-TRACE] step=124 sim_t=1.240 mode=free phi=0.00588 box_xy=+0.00000,+0.00000 lam_n_ee_box=nan qy=+0.00001 qz=+0.00000 finished_repos=0
[DRAKE-CONTACT] step=124 n_pairs=1 ee_box_normal=0.000
[GATE-CONTACT] step=124 F_W=(+0.0000,+0.0000,+0.0000) F_on_box=(-0.0000,-0.0000,-0.0000) n_face_out=(-0.0000,-0.0000,-0.0000) A_is_ee=0 box_q=(+1.00000,-0.00001,+0.00001,+0.00000) box_p=(+0.00000,+0.00000,+0.04999) ee_p=(+0.08026,-0.00069,+0.10617)
[CONTACT-ELEM] step=371 element=manipulated_object::collision phi=+0.0055m
[ADMM-C3+] primal: 19.6444->8.8476  dual: 1443.1428->82.1203  mono=False  iters=25/25  rho=25.0
[ADMM-C3+] WARNING non-converged: pr=8.8476 dr=82.1203 tol=1e-03
[MATH.δ-C3+] Bui 2026 eq (12) projection results (N=20 × 12 λ-components):
[MATH.δ-C3+]   case 1 (η wins, λ→0):     94
[MATH.δ-C3+]   case 2 (λ wins, η→0):     121
[MATH.δ-C3+]   case 3 (both zero):       25
[MATH.δ-C3+] First step k=0, component 0:
[MATH.δ-C3+]   pre:  λ°=0.1461, η°=-24.4865
[MATH.δ-C3+]   post: δ_λ=0.1461, δ_η=0.0000
[MATH.ω-C3+] ω update: ω += (z-δ), over 25 ADMM iters
[MATH.ω-C3+] ||ω||=603.0362, ||z-δ||_max=2.4842  (scale differs from C3 — ω carries η-block residuals too)
[MATH.ω-C3+] ρ decision: primal=8.8476, dual=82.1203, ratio=0.1077 → ρ unchanged
[MATH.ω-C3+] Note: adaptive-ρ fires every 10 iters; current max_iter=25
[C3+] step=372 |u[0]|=51.96N u_axis=(+30.00,+30.00,-30.00)N λ_n_max=2.062 η_n_max=24.311 primal=8.848 iters=25/25 lcp_res_max=2.87e-06
[ADMIT-GUARD] step=125 admit_active=1 latch=0/0 ee_z=0.104 gate_cap=0
[ALT-GATE] step=125 target_stable=0/0 allow_descent=1
[GS-tgt] step=125 ee=(+0.080,-0.001,+0.104) p_repos=(+0.080,+0.000,+0.030) ee_to_target=0.074m target_label=prev_repos target_changed=N delta=0.000m
[GS] step=125 mode=free switch=kStayInRepos best_k=1 best_src=prev_repos curr_cost=168480.49 repos_cost=-2512.17 best_other=-2512.17 met_progress=N steps_since_improve=123 switches=0
[STEP] step=125 mode=free t=1.250s ee=(+0.080,-0.001,+0.104) obj=(+0.000,+0.000,+0.050) goal_dist=0.300m switch=kStayInRepos target=(+0.080,+0.000,+0.104) ee_stride=0.001m ee_to_ptarget=0.074m landing_err=0.0000m ik_ok=Y ik_resid=0.0003m q_max_resid_deg=10.41 target_changed=Y retgt=N held_idx=1 held_cost=-2512.17 won_cost=-2512.17 margin=+0.00 won_src=prev_repos held_valid=Y reason=hold setpoint_to_ptarget=nanm finished_val=nanm finished_thresh=0.0200m pd_resid=nanm nextwp_to_ptarget=nanm guide_terminal_err=nanm
[GATE-EVOLVE] step=125 curr=168480.49 best_other=-2512.17 ratio=nan ee_to_optimal=0.0053m phi=0.0055m
[STAGE-A-TRACE] step=125 sim_t=1.250 mode=free phi=0.00553 box_xy=+0.00000,+0.00000 lam_n_ee_box=nan qy=+0.00001 qz=+0.00000 finished_repos=0
[DRAKE-CONTACT] step=125 n_pairs=1 ee_box_normal=0.000
[GATE-CONTACT] step=125 F_W=(+0.0000,+0.0000,+0.0000) F_on_box=(-0.0000,-0.0000,-0.0000) n_face_out=(-0.0000,-0.0000,-0.0000) A_is_ee=0 box_q=(+1.00000,-0.00001,+0.00001,+0.00000) box_p=(+0.00000,+0.00000,+0.04999) ee_p=(+0.08023,-0.00065,+0.10432)
[CONTACT-ELEM] step=374 element=manipulated_object::collision phi=+0.0053m
[ADMM-C3+] primal: 19.6738->11.8804  dual: 1441.7601->77.2026  mono=False  iters=25/25  rho=25.0
[ADMM-C3+] WARNING non-converged: pr=11.8804 dr=77.2026 tol=1e-03
[MATH.δ-C3+] Bui 2026 eq (12) projection results (N=20 × 12 λ-components):
[MATH.δ-C3+]   case 1 (η wins, λ→0):     95
[MATH.δ-C3+]   case 2 (λ wins, η→0):     112
[MATH.δ-C3+]   case 3 (both zero):       33
[MATH.δ-C3+] First step k=0, component 0:
[MATH.δ-C3+]   pre:  λ°=0.1461, η°=-25.9670
[MATH.δ-C3+]   post: δ_λ=0.1461, δ_η=0.0000
[MATH.ω-C3+] ω update: ω += (z-δ), over 25 ADMM iters
[MATH.ω-C3+] ||ω||=614.5128, ||z-δ||_max=3.9597  (scale differs from C3 — ω carries η-block residuals too)
[MATH.ω-C3+] ρ decision: primal=11.8804, dual=77.2026, ratio=0.1539 → ρ unchanged
[MATH.ω-C3+] Note: adaptive-ρ fires every 10 iters; current max_iter=25
[C3+] step=375 |u[0]|=51.96N u_axis=(+30.00,+30.00,-30.00)N λ_n_max=3.058 η_n_max=25.459 primal=11.880 iters=25/25 lcp_res_max=3.83e-06
[ADMIT-GUARD] step=126 admit_active=1 latch=0/0 ee_z=0.102 gate_cap=0
[ALT-GATE] step=126 target_stable=0/0 allow_descent=1
[GS-tgt] step=126 ee=(+0.080,-0.001,+0.102) p_repos=(+0.080,+0.000,+0.030) ee_to_target=0.072m target_label=prev_repos target_changed=N delta=0.000m
[GS] step=126 mode=free switch=kStayInRepos best_k=1 best_src=prev_repos curr_cost=185776.45 repos_cost=-2435.21 best_other=-2435.21 met_progress=N steps_since_improve=124 switches=0
[STEP] step=126 mode=free t=1.260s ee=(+0.080,-0.001,+0.102) obj=(+0.000,+0.000,+0.050) goal_dist=0.300m switch=kStayInRepos target=(+0.080,+0.000,+0.102) ee_stride=0.001m ee_to_ptarget=0.072m landing_err=0.0000m ik_ok=Y ik_resid=0.0003m q_max_resid_deg=10.14 target_changed=Y retgt=N held_idx=1 held_cost=-2435.21 won_cost=-2435.21 margin=+0.00 won_src=prev_repos held_valid=Y reason=hold setpoint_to_ptarget=nanm finished_val=nanm finished_thresh=0.0200m pd_resid=nanm nextwp_to_ptarget=nanm guide_terminal_err=nanm
[GATE-EVOLVE] step=126 curr=185776.45 best_other=-2435.21 ratio=nan ee_to_optimal=0.0052m phi=0.0053m
[STAGE-A-TRACE] step=126 sim_t=1.260 mode=free phi=0.00529 box_xy=+0.00000,+0.00000 lam_n_ee_box=nan qy=+0.00001 qz=+0.00000 finished_repos=0
[DRAKE-CONTACT] step=126 n_pairs=1 ee_box_normal=0.000
[GATE-CONTACT] step=126 F_W=(+0.0000,+0.0000,+0.0000) F_on_box=(-0.0000,-0.0000,-0.0000) n_face_out=(-0.0000,-0.0000,-0.0000) A_is_ee=0 box_q=(+1.00000,-0.00001,+0.00001,+0.00000) box_p=(+0.00000,+0.00000,+0.04999) ee_p=(+0.08020,-0.00062,+0.10248)
[CONTACT-ELEM] step=377 element=manipulated_object::collision phi=+0.0052m
[ADMM-C3+] primal: 19.6672->49.4503  dual: 1441.2722->1101.4173  mono=False  iters=25/25  rho=25.0
[ADMM-C3+] WARNING non-converged: pr=49.4503 dr=1101.4173 tol=1e-03
[MATH.δ-C3+] Bui 2026 eq (12) projection results (N=20 × 12 λ-components):
[MATH.δ-C3+]   case 1 (η wins, λ→0):     96
[MATH.δ-C3+]   case 2 (λ wins, η→0):     111
[MATH.δ-C3+]   case 3 (both zero):       33
[MATH.δ-C3+] First step k=0, component 0:
[MATH.δ-C3+]   pre:  λ°=0.1461, η°=-27.1734
[MATH.δ-C3+]   post: δ_λ=0.1461, δ_η=0.0000
[MATH.ω-C3+] ω update: ω += (z-δ), over 25 ADMM iters
[MATH.ω-C3+] ||ω||=601.2723, ||z-δ||_max=18.0899  (scale differs from C3 — ω carries η-block residuals too)
[MATH.ω-C3+] ρ decision: primal=49.4503, dual=1.1014e+03, ratio=0.0449 < 0.1 → would halve ρ to 12.5000
[MATH.ω-C3+] Note: adaptive-ρ fires every 10 iters; current max_iter=25
[C3+] step=378 |u[0]|=51.96N u_axis=(+30.00,+30.00,-30.00)N λ_n_max=1.925 η_n_max=27.253 primal=49.450 iters=25/25 lcp_res_max=inf
[ADMIT-GUARD] step=127 admit_active=1 latch=0/0 ee_z=0.101 gate_cap=0
[ALT-GATE] step=127 target_stable=0/0 allow_descent=1
[GS-tgt] step=127 ee=(+0.080,-0.001,+0.101) p_repos=(+0.080,+0.000,+0.030) ee_to_target=0.071m target_label=prev_repos target_changed=N delta=0.000m
[GS] step=127 mode=free switch=kStayInRepos best_k=1 best_src=prev_repos curr_cost=192978.32 repos_cost=-2335.33 best_other=-2335.33 met_progress=N steps_since_improve=125 switches=0
[STEP] step=127 mode=free t=1.270s ee=(+0.080,-0.001,+0.101) obj=(+0.000,+0.000,+0.050) goal_dist=0.300m switch=kStayInRepos target=(+0.080,+0.000,+0.100) ee_stride=0.001m ee_to_ptarget=0.071m landing_err=0.0000m ik_ok=Y ik_resid=0.0003m q_max_resid_deg=9.88 target_changed=Y retgt=N held_idx=1 held_cost=-2335.33 won_cost=-2335.33 margin=+0.00 won_src=prev_repos held_valid=Y reason=hold setpoint_to_ptarget=nanm finished_val=nanm finished_thresh=0.0200m pd_resid=nanm nextwp_to_ptarget=nanm guide_terminal_err=nanm
[GATE-EVOLVE] step=127 curr=192978.32 best_other=-2335.33 ratio=nan ee_to_optimal=0.0052m phi=0.0052m
[STAGE-A-TRACE] step=127 sim_t=1.270 mode=free phi=0.00517 box_xy=+0.00000,+0.00000 lam_n_ee_box=nan qy=+0.00001 qz=+0.00000 finished_repos=0
[DRAKE-CONTACT] step=127 n_pairs=1 ee_box_normal=0.000
[GATE-CONTACT] step=127 F_W=(+0.0000,+0.0000,+0.0000) F_on_box=(-0.0000,-0.0000,-0.0000) n_face_out=(-0.0000,-0.0000,-0.0000) A_is_ee=0 box_q=(+1.00000,-0.00001,+0.00001,+0.00000) box_p=(+0.00000,+0.00000,+0.04999) ee_p=(+0.08017,-0.00060,+0.10064)
[CONTACT-ELEM] step=380 element=manipulated_object::collision phi=+0.0051m
[ADMM-C3+] primal: 19.5036->35.6798  dual: 1425.1362->907.0374  mono=False  iters=25/25  rho=25.0
[ADMM-C3+] WARNING non-converged: pr=35.6798 dr=907.0374 tol=1e-03
[MATH.δ-C3+] Bui 2026 eq (12) projection results (N=20 × 12 λ-components):
[MATH.δ-C3+]   case 1 (η wins, λ→0):     96
[MATH.δ-C3+]   case 2 (λ wins, η→0):     113
[MATH.δ-C3+]   case 3 (both zero):       31
[MATH.δ-C3+] First step k=0, component 0:
[MATH.δ-C3+]   pre:  λ°=0.1461, η°=-26.8342
[MATH.δ-C3+]   post: δ_λ=0.1461, δ_η=0.0000
[MATH.ω-C3+] ω update: ω += (z-δ), over 25 ADMM iters
[MATH.ω-C3+] ||ω||=597.9191, ||z-δ||_max=19.0036  (scale differs from C3 — ω carries η-block residuals too)
[MATH.ω-C3+] ρ decision: primal=35.6798, dual=907.0374, ratio=0.0393 < 0.1 → would halve ρ to 12.5000
[MATH.ω-C3+] Note: adaptive-ρ fires every 10 iters; current max_iter=25
[C3+] step=381 |u[0]|=51.96N u_axis=(+30.00,+30.00,-30.00)N λ_n_max=1.883 η_n_max=27.529 primal=35.680 iters=25/25 lcp_res_max=inf
[ADMIT-GUARD] step=128 admit_active=1 latch=0/0 ee_z=0.099 gate_cap=0
[ALT-GATE] step=128 target_stable=0/0 allow_descent=1
[GS-tgt] step=128 ee=(+0.080,-0.001,+0.099) p_repos=(+0.080,+0.000,+0.030) ee_to_target=0.069m target_label=prev_repos target_changed=N delta=0.000m
[GS] step=128 mode=free switch=kStayInRepos best_k=1 best_src=prev_repos curr_cost=190316.77 repos_cost=-2464.06 best_other=-2464.06 met_progress=N steps_since_improve=126 switches=0
[STEP] step=128 mode=free t=1.280s ee=(+0.080,-0.001,+0.099) obj=(+0.000,+0.000,+0.050) goal_dist=0.300m switch=kStayInRepos target=(+0.080,+0.000,+0.098) ee_stride=0.001m ee_to_ptarget=0.069m landing_err=0.0000m ik_ok=Y ik_resid=0.0003m q_max_resid_deg=9.61 target_changed=Y retgt=N held_idx=1 held_cost=-2464.06 won_cost=-2464.06 margin=+0.00 won_src=prev_repos held_valid=Y reason=hold setpoint_to_ptarget=nanm finished_val=nanm finished_thresh=0.0200m pd_resid=nanm nextwp_to_ptarget=nanm guide_terminal_err=nanm
[GATE-EVOLVE] step=128 curr=190316.77 best_other=-2464.06 ratio=nan ee_to_optimal=0.0052m phi=0.0051m
[STAGE-A-TRACE] step=128 sim_t=1.280 mode=free phi=0.00514 box_xy=+0.00000,+0.00000 lam_n_ee_box=nan qy=+0.00001 qz=+0.00000 finished_repos=0
[DRAKE-CONTACT] step=128 n_pairs=1 ee_box_normal=0.000
[GATE-CONTACT] step=128 F_W=(+0.0000,+0.0000,+0.0000) F_on_box=(-0.0000,-0.0000,-0.0000) n_face_out=(-0.0000,-0.0000,-0.0000) A_is_ee=0 box_q=(+1.00000,-0.00001,+0.00001,+0.00000) box_p=(+0.00000,+0.00000,+0.04999) ee_p=(+0.08015,-0.00058,+0.09881)
[CONTACT-ELEM] step=383 element=manipulated_object::collision phi=+0.0051m
[ADMM-C3+] primal: 19.2353->59.6314  dual: 1400.4508->1268.9897  mono=False  iters=25/25  rho=25.0
[ADMM-C3+] WARNING non-converged: pr=59.6314 dr=1268.9897 tol=1e-03
[MATH.δ-C3+] Bui 2026 eq (12) projection results (N=20 × 12 λ-components):
[MATH.δ-C3+]   case 1 (η wins, λ→0):     92
[MATH.δ-C3+]   case 2 (λ wins, η→0):     113
[MATH.δ-C3+]   case 3 (both zero):       35
[MATH.δ-C3+] First step k=0, component 0:
[MATH.δ-C3+]   pre:  λ°=0.1461, η°=-25.8271
[MATH.δ-C3+]   post: δ_λ=0.1461, δ_η=0.0000
[MATH.ω-C3+] ω update: ω += (z-δ), over 25 ADMM iters
[MATH.ω-C3+] ||ω||=586.0209, ||z-δ||_max=21.1815  (scale differs from C3 — ω carries η-block residuals too)
[MATH.ω-C3+] ρ decision: primal=59.6314, dual=1.2690e+03, ratio=0.0470 < 0.1 → would halve ρ to 12.5000
[MATH.ω-C3+] Note: adaptive-ρ fires every 10 iters; current max_iter=25
[C3+] step=384 |u[0]|=51.96N u_axis=(+30.00,+30.00,-30.00)N λ_n_max=1.906 η_n_max=27.137 primal=59.631 iters=25/25 lcp_res_max=inf
[ADMIT-GUARD] step=129 admit_active=1 latch=0/0 ee_z=0.097 gate_cap=0
[ALT-GATE] step=129 target_stable=0/0 allow_descent=1
[GS-tgt] step=129 ee=(+0.080,-0.001,+0.097) p_repos=(+0.080,+0.000,+0.030) ee_to_target=0.067m target_label=prev_repos target_changed=N delta=0.000m
[GS] step=129 mode=free switch=kToBetterRepos best_k=1 best_src=prev_repos curr_cost=183912.43 repos_cost=-2818.19 best_other=-2818.19 met_progress=N steps_since_improve=127 switches=0
[STEP] step=129 mode=free t=1.290s ee=(+0.080,-0.001,+0.097) obj=(+0.000,+0.000,+0.050) goal_dist=0.300m switch=kToBetterRepos target=(+0.080,+0.000,+0.096) ee_stride=0.001m ee_to_ptarget=0.067m landing_err=0.0000m ik_ok=Y ik_resid=0.0002m q_max_resid_deg=9.35 target_changed=Y retgt=N held_idx=1 held_cost=-2818.19 won_cost=-2818.19 margin=+0.00 won_src=prev_repos held_valid=Y reason=hold setpoint_to_ptarget=nanm finished_val=nanm finished_thresh=0.0200m pd_resid=nanm nextwp_to_ptarget=nanm guide_terminal_err=nanm
[GATE-EVOLVE] step=129 curr=183912.43 best_other=-2818.19 ratio=nan ee_to_optimal=0.0052m phi=0.0051m
[STAGE-A-TRACE] step=129 sim_t=1.290 mode=free phi=0.00512 box_xy=+0.00000,+0.00000 lam_n_ee_box=nan qy=+0.00001 qz=+0.00000 finished_repos=0
[DRAKE-CONTACT] step=129 n_pairs=1 ee_box_normal=0.000
[GATE-CONTACT] step=129 F_W=(+0.0000,+0.0000,+0.0000) F_on_box=(-0.0000,-0.0000,-0.0000) n_face_out=(-0.0000,-0.0000,-0.0000) A_is_ee=0 box_q=(+1.00000,-0.00001,+0.00001,+0.00000) box_p=(+0.00000,+0.00000,+0.04999) ee_p=(+0.08013,-0.00056,+0.09699)
[CONTACT-ELEM] step=386 element=manipulated_object::collision phi=+0.0051m
[ADMM-C3+] primal: 19.0889->5.0082  dual: 1376.5198->41.2806  mono=False  iters=25/25  rho=25.0
[ADMM-C3+] WARNING non-converged: pr=5.0082 dr=41.2806 tol=1e-03
[MATH.δ-C3+] Bui 2026 eq (12) projection results (N=20 × 12 λ-components):
[MATH.δ-C3+]   case 1 (η wins, λ→0):     98
[MATH.δ-C3+]   case 2 (λ wins, η→0):     110
[MATH.δ-C3+]   case 3 (both zero):       32
[MATH.δ-C3+] First step k=0, component 0:
[MATH.δ-C3+]   pre:  λ°=0.1461, η°=-24.8165
[MATH.δ-C3+]   post: δ_λ=0.1461, δ_η=0.0000
[MATH.ω-C3+] ω update: ω += (z-δ), over 25 ADMM iters
[MATH.ω-C3+] ||ω||=590.4951, ||z-δ||_max=1.8944  (scale differs from C3 — ω carries η-block residuals too)
[MATH.ω-C3+] ρ decision: primal=5.0082, dual=41.2806, ratio=0.1213 → ρ unchanged
[MATH.ω-C3+] Note: adaptive-ρ fires every 10 iters; current max_iter=25
[C3+] step=387 |u[0]|=51.96N u_axis=(+30.00,+30.00,-30.00)N λ_n_max=1.894 η_n_max=27.166 primal=5.008 iters=25/25 lcp_res_max=5.16e-06
[ADMIT-GUARD] step=130 admit_active=1 latch=0/0 ee_z=0.095 gate_cap=0
[ALT-GATE] step=130 target_stable=0/0 allow_descent=1
[GS-tgt] step=130 ee=(+0.080,-0.001,+0.095) p_repos=(+0.080,+0.000,+0.030) ee_to_target=0.065m target_label=prev_repos target_changed=N delta=0.000m
[IMP] step=130 mode=free |x_err|=0.0008m |tau_imp|=0.46Nm |tau_ff|=0.00Nm |tau_out|=0.46Nm sat=False lam_n=False lam_t=False
[GS] step=130 mode=free switch=kStayInRepos best_k=1 best_src=prev_repos curr_cost=195667.51 repos_cost=-3059.62 best_other=-3059.62 met_progress=N steps_since_improve=128 switches=0
[STEP] step=130 mode=free t=1.300s ee=(+0.080,-0.001,+0.095) obj=(+0.000,+0.000,+0.050) goal_dist=0.300m switch=kStayInRepos target=(+0.080,+0.000,+0.095) ee_stride=0.001m ee_to_ptarget=0.065m landing_err=0.0000m ik_ok=Y ik_resid=0.0002m q_max_resid_deg=9.09 target_changed=Y retgt=N held_idx=1 held_cost=-3059.62 won_cost=-3059.62 margin=+0.00 won_src=prev_repos held_valid=Y reason=hold setpoint_to_ptarget=nanm finished_val=nanm finished_thresh=0.0200m pd_resid=nanm nextwp_to_ptarget=nanm guide_terminal_err=nanm
[GATE-EVOLVE] step=130 curr=195667.51 best_other=-3059.62 ratio=nan ee_to_optimal=0.0051m phi=0.0051m
[STAGE-A-TRACE] step=130 sim_t=1.300 mode=free phi=0.00511 box_xy=+0.00000,+0.00000 lam_n_ee_box=nan qy=+0.00001 qz=+0.00000 finished_repos=0
[DRAKE-CONTACT] step=130 n_pairs=1 ee_box_normal=0.000
[GATE-CONTACT] step=130 F_W=(+0.0000,+0.0000,+0.0000) F_on_box=(-0.0000,-0.0000,-0.0000) n_face_out=(-0.0000,-0.0000,-0.0000) A_is_ee=0 box_q=(+1.00000,-0.00001,+0.00001,+0.00000) box_p=(+0.00000,+0.00000,+0.04999) ee_p=(+0.08011,-0.00055,+0.09517)
[CONTACT-ELEM] step=389 element=manipulated_object::collision phi=+0.0051m
[ADMM-C3+] primal: 18.8198->22.1679  dual: 1353.0338->33.7082  mono=False  iters=25/25  rho=25.0
[ADMM-C3+] WARNING non-converged: pr=22.1679 dr=33.7082 tol=1e-03
[MATH.QP-C3+] Minimizing: (1/2) z^T P z + q^T z  (z augmented with η)
[MATH.QP-C3+]   s.t. A_eq z = b_eq  (639 rows = x_0 fixation + 20 dynamics + 240 η-slack rows; slack-equality block ADDED)
[MATH.QP-C3+]        bbox: λ_n ≥ 0, |u| ≤ 30.0 N (EE force)  (η is unbounded — sign enforced via projection eq 12)
[MATH.QP-C3+] P shape=(939,939), symmetric=True, pos-semidef=True, cond(P)=4.0000e+05
[MATH.QP-C3+] q norm=3.9845e+05
[MATH.QP-C3+] Augmented term: (ρ/2) Σ ||z-δ+ω||^2_G  ρ=25.0000  (G=I in v1: u_λ=u_η=1)
[MATH.QP-C3+] Soft complementarity: w_comp=0.0000  (C3+ disables it — η equality replaces the linear penalty)
[MATH.QP-C3+] OSQP status: solved, iters=125, solve time=7.35ms
[MATH.δ-C3+] Bui 2026 eq (12) projection results (N=20 × 12 λ-components):
[MATH.δ-C3+]   case 1 (η wins, λ→0):     104
[MATH.δ-C3+]   case 2 (λ wins, η→0):     106
[MATH.δ-C3+]   case 3 (both zero):       30
[MATH.δ-C3+] First step k=0, component 0:
[MATH.δ-C3+]   pre:  λ°=0.1461, η°=-23.7027
[MATH.δ-C3+]   post: δ_λ=0.1461, δ_η=0.0000
[MATH.ω-C3+] ω update: ω += (z-δ), over 25 ADMM iters
[MATH.ω-C3+] ||ω||=588.5668, ||z-δ||_max=9.5659  (scale differs from C3 — ω carries η-block residuals too)
[MATH.ω-C3+] ρ decision: primal=22.1679, dual=33.7082, ratio=0.6576 → ρ unchanged
[MATH.ω-C3+] Note: adaptive-ρ fires every 10 iters; current max_iter=25
[C3+] step=390 |u[0]|=51.96N u_axis=(+30.00,+30.00,-30.00)N λ_n_max=1.881 η_n_max=27.733 primal=22.168 iters=25/25 lcp_res_max=8.75e-06
[ADMIT-GUARD] step=131 admit_active=1 latch=0/0 ee_z=0.093 gate_cap=0
[ALT-GATE] step=131 target_stable=0/0 allow_descent=1
[GS-tgt] step=131 ee=(+0.080,-0.001,+0.093) p_repos=(+0.080,+0.000,+0.030) ee_to_target=0.063m target_label=prev_repos target_changed=N delta=0.000m
[GS] step=131 mode=free switch=kToBetterRepos best_k=1 best_src=prev_repos curr_cost=206405.74 repos_cost=-3407.87 best_other=-3407.87 met_progress=N steps_since_improve=129 switches=0
[STEP] step=131 mode=free t=1.310s ee=(+0.080,-0.001,+0.093) obj=(+0.000,+0.000,+0.050) goal_dist=0.300m switch=kToBetterRepos target=(+0.080,+0.000,+0.093) ee_stride=0.001m ee_to_ptarget=0.063m landing_err=0.0000m ik_ok=Y ik_resid=0.0002m q_max_resid_deg=8.83 target_changed=Y retgt=N held_idx=1 held_cost=-3407.87 won_cost=-3407.87 margin=+0.00 won_src=prev_repos held_valid=Y reason=hold setpoint_to_ptarget=nanm finished_val=nanm finished_thresh=0.0200m pd_resid=nanm nextwp_to_ptarget=nanm guide_terminal_err=nanm
[GATE-EVOLVE] step=131 curr=206405.74 best_other=-3407.87 ratio=nan ee_to_optimal=0.0051m phi=0.0051m
[STAGE-A-TRACE] step=131 sim_t=1.310 mode=free phi=0.00509 box_xy=+0.00000,+0.00000 lam_n_ee_box=nan qy=+0.00001 qz=+0.00000 finished_repos=0
[DRAKE-CONTACT] step=131 n_pairs=1 ee_box_normal=0.000
[GATE-CONTACT] step=131 F_W=(+0.0000,+0.0000,+0.0000) F_on_box=(-0.0000,-0.0000,-0.0000) n_face_out=(-0.0000,-0.0000,-0.0000) A_is_ee=0 box_q=(+1.00000,-0.00001,+0.00001,+0.00000) box_p=(+0.00000,+0.00000,+0.04999) ee_p=(+0.08009,-0.00054,+0.09336)
[CONTACT-ELEM] step=392 element=manipulated_object::collision phi=+0.0051m
[ADMM-C3+] primal: 18.5461->32.4861  dual: 1330.1797->268.2981  mono=False  iters=25/25  rho=25.0
[ADMM-C3+] WARNING non-converged: pr=32.4861 dr=268.2981 tol=1e-03
[MATH.δ-C3+] Bui 2026 eq (12) projection results (N=20 × 12 λ-components):
[MATH.δ-C3+]   case 1 (η wins, λ→0):     92
[MATH.δ-C3+]   case 2 (λ wins, η→0):     119
[MATH.δ-C3+]   case 3 (both zero):       29
[MATH.δ-C3+] First step k=0, component 0:
[MATH.δ-C3+]   pre:  λ°=0.1461, η°=-22.6217
[MATH.δ-C3+]   post: δ_λ=0.1461, δ_η=0.0000
[MATH.ω-C3+] ω update: ω += (z-δ), over 25 ADMM iters
[MATH.ω-C3+] ||ω||=580.8625, ||z-δ||_max=21.5952  (scale differs from C3 — ω carries η-block residuals too)
[MATH.ω-C3+] ρ decision: primal=32.4861, dual=268.2981, ratio=0.1211 → ρ unchanged
[MATH.ω-C3+] Note: adaptive-ρ fires every 10 iters; current max_iter=25
[C3+] step=393 |u[0]|=51.96N u_axis=(+30.00,+30.00,-30.00)N λ_n_max=2.189 η_n_max=27.206 primal=32.486 iters=25/25 lcp_res_max=inf
[ADMIT-GUARD] step=132 admit_active=1 latch=0/0 ee_z=0.092 gate_cap=0
[ALT-GATE] step=132 target_stable=0/0 allow_descent=1
[GS-tgt] step=132 ee=(+0.080,-0.001,+0.092) p_repos=(+0.080,+0.000,+0.030) ee_to_target=0.062m target_label=prev_repos target_changed=N delta=0.000m
[GS] step=132 mode=free switch=kStayInRepos best_k=1 best_src=prev_repos curr_cost=165531.59 repos_cost=-3741.62 best_other=-3741.62 met_progress=N steps_since_improve=130 switches=0
[STEP] step=132 mode=free t=1.320s ee=(+0.080,-0.001,+0.092) obj=(+0.000,+0.000,+0.050) goal_dist=0.300m switch=kStayInRepos target=(+0.080,+0.000,+0.091) ee_stride=0.001m ee_to_ptarget=0.062m landing_err=0.0000m ik_ok=Y ik_resid=0.0002m q_max_resid_deg=8.57 target_changed=Y retgt=N held_idx=1 held_cost=-3741.62 won_cost=-3741.62 margin=+0.00 won_src=prev_repos held_valid=Y reason=hold setpoint_to_ptarget=nanm finished_val=nanm finished_thresh=0.0200m pd_resid=nanm nextwp_to_ptarget=nanm guide_terminal_err=nanm
[GATE-EVOLVE] step=132 curr=165531.59 best_other=-3741.62 ratio=nan ee_to_optimal=0.0051m phi=0.0051m
[STAGE-A-TRACE] step=132 sim_t=1.320 mode=free phi=0.00508 box_xy=+0.00000,+0.00000 lam_n_ee_box=nan qy=+0.00001 qz=+0.00000 finished_repos=0
[DRAKE-CONTACT] step=132 n_pairs=1 ee_box_normal=0.000
[GATE-CONTACT] step=132 F_W=(+0.0000,+0.0000,+0.0000) F_on_box=(-0.0000,-0.0000,-0.0000) n_face_out=(-0.0000,-0.0000,-0.0000) A_is_ee=0 box_q=(+1.00000,-0.00001,+0.00001,+0.00000) box_p=(+0.00000,+0.00000,+0.04999) ee_p=(+0.08008,-0.00053,+0.09154)
[CONTACT-ELEM] step=395 element=manipulated_object::collision phi=+0.0051m
[ADMM-C3+] primal: 18.3442->55.7372  dual: 1308.1512->2144.9859  mono=False  iters=25/25  rho=50.0
[ADMM-C3+] WARNING non-converged: pr=55.7372 dr=2144.9859 tol=1e-03
[MATH.δ-C3+] Bui 2026 eq (12) projection results (N=20 × 12 λ-components):
[MATH.δ-C3+]   case 1 (η wins, λ→0):     114
[MATH.δ-C3+]   case 2 (λ wins, η→0):     96
[MATH.δ-C3+]   case 3 (both zero):       30
[MATH.δ-C3+] First step k=0, component 0:
[MATH.δ-C3+]   pre:  λ°=0.1461, η°=-11.1385
[MATH.δ-C3+]   post: δ_λ=0.1461, δ_η=0.0000
[MATH.ω-C3+] ω update: ω += (z-δ), over 25 ADMM iters
[MATH.ω-C3+] ||ω||=294.8292, ||z-δ||_max=25.0460  (scale differs from C3 — ω carries η-block residuals too)
[MATH.ω-C3+] ρ decision: primal=55.7372, dual=2.1450e+03, ratio=0.0260 < 0.1 → would halve ρ to 25.0000
[MATH.ω-C3+] Note: adaptive-ρ fires every 10 iters; current max_iter=25
[C3+] step=396 |u[0]|=51.96N u_axis=(+30.00,+30.00,-30.00)N λ_n_max=1.455 η_n_max=25.413 primal=55.737 iters=25/25 lcp_res_max=7.14e-06
[ADMIT-GUARD] step=133 admit_active=1 latch=0/0 ee_z=0.090 gate_cap=0
[ALT-GATE] step=133 target_stable=0/0 allow_descent=1
[GS-tgt] step=133 ee=(+0.080,-0.001,+0.090) p_repos=(+0.080,+0.000,+0.030) ee_to_target=0.060m target_label=prev_repos target_changed=N delta=0.000m
[GS] step=133 mode=free switch=kStayInRepos best_k=1 best_src=prev_repos curr_cost=187732.68 repos_cost=-3983.72 best_other=-3983.72 met_progress=N steps_since_improve=131 switches=0
[STEP] step=133 mode=free t=1.330s ee=(+0.080,-0.001,+0.090) obj=(+0.000,+0.000,+0.050) goal_dist=0.300m switch=kStayInRepos target=(+0.080,+0.000,+0.089) ee_stride=0.001m ee_to_ptarget=0.060m landing_err=0.0000m ik_ok=Y ik_resid=0.0002m q_max_resid_deg=8.31 target_changed=Y retgt=N held_idx=1 held_cost=-3983.72 won_cost=-3983.72 margin=+0.00 won_src=prev_repos held_valid=Y reason=hold setpoint_to_ptarget=nanm finished_val=nanm finished_thresh=0.0200m pd_resid=nanm nextwp_to_ptarget=nanm guide_terminal_err=nanm
[GATE-EVOLVE] step=133 curr=187732.68 best_other=-3983.72 ratio=nan ee_to_optimal=0.0051m phi=0.0051m
[STAGE-A-TRACE] step=133 sim_t=1.330 mode=free phi=0.00507 box_xy=+0.00000,+0.00000 lam_n_ee_box=nan qy=+0.00001 qz=+0.00000 finished_repos=0
[DRAKE-CONTACT] step=133 n_pairs=1 ee_box_normal=0.000
[GATE-CONTACT] step=133 F_W=(+0.0000,+0.0000,+0.0000) F_on_box=(-0.0000,-0.0000,-0.0000) n_face_out=(-0.0000,-0.0000,-0.0000) A_is_ee=0 box_q=(+1.00000,-0.00001,+0.00001,+0.00000) box_p=(+0.00000,+0.00000,+0.04999) ee_p=(+0.08007,-0.00053,+0.08973)
[CONTACT-ELEM] step=398 element=manipulated_object::collision phi=+0.0051m
[ADMM-C3+] primal: 18.0728->31.2772  dual: 1286.5999->608.1477  mono=False  iters=25/25  rho=25.0
[ADMM-C3+] WARNING non-converged: pr=31.2772 dr=608.1477 tol=1e-03
[MATH.δ-C3+] Bui 2026 eq (12) projection results (N=20 × 12 λ-components):
[MATH.δ-C3+]   case 1 (η wins, λ→0):     95
[MATH.δ-C3+]   case 2 (λ wins, η→0):     109
[MATH.δ-C3+]   case 3 (both zero):       36
[MATH.δ-C3+] First step k=0, component 0:
[MATH.δ-C3+]   pre:  λ°=0.1461, η°=-20.7640
[MATH.δ-C3+]   post: δ_λ=0.1461, δ_η=0.0000
[MATH.ω-C3+] ω update: ω += (z-δ), over 25 ADMM iters
[MATH.ω-C3+] ||ω||=590.0667, ||z-δ||_max=13.6318  (scale differs from C3 — ω carries η-block residuals too)
[MATH.ω-C3+] ρ decision: primal=31.2772, dual=608.1477, ratio=0.0514 < 0.1 → would halve ρ to 12.5000
[MATH.ω-C3+] Note: adaptive-ρ fires every 10 iters; current max_iter=25
[C3+] step=399 |u[0]|=51.96N u_axis=(+30.00,+30.00,-30.00)N λ_n_max=1.604 η_n_max=26.475 primal=31.277 iters=25/25 lcp_res_max=3.13e-06
[ADMIT-GUARD] step=134 admit_active=1 latch=0/0 ee_z=0.088 gate_cap=0
[ALT-GATE] step=134 target_stable=0/0 allow_descent=1
[GS-tgt] step=134 ee=(+0.080,-0.001,+0.088) p_repos=(+0.080,+0.000,+0.030) ee_to_target=0.058m target_label=prev_repos target_changed=N delta=0.000m
[GS] step=134 mode=free switch=kStayInRepos best_k=1 best_src=prev_repos curr_cost=166228.75 repos_cost=-4308.59 best_other=-4308.59 met_progress=N steps_since_improve=132 switches=0
[STEP] step=134 mode=free t=1.340s ee=(+0.080,-0.001,+0.088) obj=(+0.000,+0.000,+0.050) goal_dist=0.300m switch=kStayInRepos target=(+0.080,+0.000,+0.087) ee_stride=0.001m ee_to_ptarget=0.058m landing_err=0.0000m ik_ok=Y ik_resid=0.0002m q_max_resid_deg=8.06 target_changed=Y retgt=N held_idx=1 held_cost=-4308.59 won_cost=-4308.59 margin=+0.00 won_src=prev_repos held_valid=Y reason=hold setpoint_to_ptarget=nanm finished_val=nanm finished_thresh=0.0200m pd_resid=nanm nextwp_to_ptarget=nanm guide_terminal_err=nanm
[GATE-EVOLVE] step=134 curr=166228.75 best_other=-4308.59 ratio=nan ee_to_optimal=0.0051m phi=0.0051m
[STAGE-A-TRACE] step=134 sim_t=1.340 mode=free phi=0.00506 box_xy=+0.00000,+0.00000 lam_n_ee_box=nan qy=+0.00001 qz=+0.00000 finished_repos=0
[DRAKE-CONTACT] step=134 n_pairs=1 ee_box_normal=0.000
[GATE-CONTACT] step=134 F_W=(+0.0000,+0.0000,+0.0000) F_on_box=(-0.0000,-0.0000,-0.0000) n_face_out=(-0.0000,-0.0000,-0.0000) A_is_ee=0 box_q=(+1.00000,-0.00001,+0.00001,+0.00000) box_p=(+0.00000,+0.00000,+0.04999) ee_p=(+0.08006,-0.00052,+0.08793)
[CONTACT-ELEM] step=401 element=manipulated_object::collision phi=+0.0051m
[ADMM-C3+] primal: 17.8690->9.7102  dual: 1265.3755->136.4481  mono=False  iters=25/25  rho=25.0
[ADMM-C3+] WARNING non-converged: pr=9.7102 dr=136.4481 tol=1e-03
[MATH.δ-C3+] Bui 2026 eq (12) projection results (N=20 × 12 λ-components):
[MATH.δ-C3+]   case 1 (η wins, λ→0):     100
[MATH.δ-C3+]   case 2 (λ wins, η→0):     106
[MATH.δ-C3+]   case 3 (both zero):       34
[MATH.δ-C3+] First step k=0, component 0:
[MATH.δ-C3+]   pre:  λ°=0.1461, η°=-19.7179
[MATH.δ-C3+]   post: δ_λ=0.1461, δ_η=0.0000
[MATH.ω-C3+] ω update: ω += (z-δ), over 25 ADMM iters
[MATH.ω-C3+] ||ω||=582.5347, ||z-δ||_max=2.8394  (scale differs from C3 — ω carries η-block residuals too)
[MATH.ω-C3+] ρ decision: primal=9.7102, dual=136.4481, ratio=0.0712 < 0.1 → would halve ρ to 12.5000
[MATH.ω-C3+] Note: adaptive-ρ fires every 10 iters; current max_iter=25
[C3+] step=402 |u[0]|=51.96N u_axis=(+30.00,+30.00,-30.00)N λ_n_max=2.723 η_n_max=26.115 primal=9.710 iters=25/25 lcp_res_max=3.60e-06
[ADMIT-GUARD] step=135 admit_active=1 latch=0/0 ee_z=0.086 gate_cap=0
[ALT-GATE] step=135 target_stable=0/0 allow_descent=1
[GS-tgt] step=135 ee=(+0.080,-0.001,+0.086) p_repos=(+0.080,+0.000,+0.030) ee_to_target=0.056m target_label=prev_repos target_changed=N delta=0.000m
[GS] step=135 mode=free switch=kStayInRepos best_k=1 best_src=prev_repos curr_cost=170464.45 repos_cost=-4544.60 best_other=-4544.60 met_progress=N steps_since_improve=133 switches=0
[STEP] step=135 mode=free t=1.350s ee=(+0.080,-0.001,+0.086) obj=(+0.000,+0.000,+0.050) goal_dist=0.300m switch=kStayInRepos target=(+0.080,+0.000,+0.086) ee_stride=0.001m ee_to_ptarget=0.056m landing_err=0.0000m ik_ok=Y ik_resid=0.0002m q_max_resid_deg=7.80 target_changed=Y retgt=N held_idx=1 held_cost=-4544.60 won_cost=-4544.60 margin=+0.00 won_src=prev_repos held_valid=Y reason=hold setpoint_to_ptarget=nanm finished_val=nanm finished_thresh=0.0200m pd_resid=nanm nextwp_to_ptarget=nanm guide_terminal_err=nanm
[GATE-EVOLVE] step=135 curr=170464.45 best_other=-4544.60 ratio=nan ee_to_optimal=0.0051m phi=0.0051m
[STAGE-A-TRACE] step=135 sim_t=1.350 mode=free phi=0.00505 box_xy=+0.00000,+0.00000 lam_n_ee_box=nan qy=+0.00001 qz=+0.00000 finished_repos=0
[DRAKE-CONTACT] step=135 n_pairs=1 ee_box_normal=0.000
[GATE-CONTACT] step=135 F_W=(+0.0000,+0.0000,+0.0000) F_on_box=(-0.0000,-0.0000,-0.0000) n_face_out=(-0.0000,-0.0000,-0.0000) A_is_ee=0 box_q=(+1.00000,-0.00001,+0.00001,+0.00000) box_p=(+0.00000,+0.00000,+0.04999) ee_p=(+0.08006,-0.00052,+0.08612)
[CONTACT-ELEM] step=404 element=manipulated_object::collision phi=+0.0050m
[ADMM-C3+] primal: 17.6614->6.2935  dual: 1245.4578->43.9199  mono=False  iters=25/25  rho=25.0
[ADMM-C3+] WARNING non-converged: pr=6.2935 dr=43.9199 tol=1e-03
[MATH.δ-C3+] Bui 2026 eq (12) projection results (N=20 × 12 λ-components):
[MATH.δ-C3+]   case 1 (η wins, λ→0):     104
[MATH.δ-C3+]   case 2 (λ wins, η→0):     104
[MATH.δ-C3+]   case 3 (both zero):       32
[MATH.δ-C3+] First step k=0, component 0:
[MATH.δ-C3+]   pre:  λ°=0.1461, η°=-19.1002
[MATH.δ-C3+]   post: δ_λ=0.1461, δ_η=0.0000
[MATH.ω-C3+] ω update: ω += (z-δ), over 25 ADMM iters
[MATH.ω-C3+] ||ω||=573.0166, ||z-δ||_max=1.7083  (scale differs from C3 — ω carries η-block residuals too)
[MATH.ω-C3+] ρ decision: primal=6.2935, dual=43.9199, ratio=0.1433 → ρ unchanged
[MATH.ω-C3+] Note: adaptive-ρ fires every 10 iters; current max_iter=25
[C3+] step=405 |u[0]|=51.96N u_axis=(+30.00,+30.00,-30.00)N λ_n_max=1.531 η_n_max=26.266 primal=6.294 iters=25/25 lcp_res_max=7.81e-06
[ADMIT-GUARD] step=136 admit_active=1 latch=0/0 ee_z=0.084 gate_cap=0
[ALT-GATE] step=136 target_stable=0/0 allow_descent=1
[GS-tgt] step=136 ee=(+0.080,-0.001,+0.084) p_repos=(+0.080,+0.000,+0.030) ee_to_target=0.054m target_label=prev_repos target_changed=N delta=0.000m
[GS] step=136 mode=free switch=kStayInRepos best_k=1 best_src=prev_repos curr_cost=193529.20 repos_cost=-4787.08 best_other=-4787.08 met_progress=N steps_since_improve=134 switches=0
[STEP] step=136 mode=free t=1.360s ee=(+0.080,-0.001,+0.084) obj=(+0.000,+0.000,+0.050) goal_dist=0.300m switch=kStayInRepos target=(+0.080,+0.000,+0.084) ee_stride=0.001m ee_to_ptarget=0.054m landing_err=0.0000m ik_ok=Y ik_resid=0.0002m q_max_resid_deg=7.55 target_changed=Y retgt=N held_idx=1 held_cost=-4787.08 won_cost=-4787.08 margin=+0.00 won_src=prev_repos held_valid=Y reason=hold setpoint_to_ptarget=nanm finished_val=nanm finished_thresh=0.0200m pd_resid=nanm nextwp_to_ptarget=nanm guide_terminal_err=nanm
[GATE-EVOLVE] step=136 curr=193529.20 best_other=-4787.08 ratio=nan ee_to_optimal=0.0051m phi=0.0050m
[STAGE-A-TRACE] step=136 sim_t=1.360 mode=free phi=0.00505 box_xy=+0.00000,+0.00000 lam_n_ee_box=nan qy=+0.00001 qz=+0.00000 finished_repos=0
[DRAKE-CONTACT] step=136 n_pairs=1 ee_box_normal=0.000
[GATE-CONTACT] step=136 F_W=(+0.0000,+0.0000,+0.0000) F_on_box=(-0.0000,-0.0000,-0.0000) n_face_out=(-0.0000,-0.0000,-0.0000) A_is_ee=0 box_q=(+1.00000,-0.00001,+0.00001,+0.00000) box_p=(+0.00000,+0.00000,+0.04999) ee_p=(+0.08005,-0.00052,+0.08432)
[CONTACT-ELEM] step=407 element=manipulated_object::collision phi=+0.0050m
[ADMM-C3+] primal: 17.5279->5.1907  dual: 1227.7162->33.4381  mono=False  iters=25/25  rho=25.0
[ADMM-C3+] WARNING non-converged: pr=5.1907 dr=33.4381 tol=1e-03
[MATH.δ-C3+] Bui 2026 eq (12) projection results (N=20 × 12 λ-components):
[MATH.δ-C3+]   case 1 (η wins, λ→0):     111
[MATH.δ-C3+]   case 2 (λ wins, η→0):     97
[MATH.δ-C3+]   case 3 (both zero):       32
[MATH.δ-C3+] First step k=0, component 0:
[MATH.δ-C3+]   pre:  λ°=0.1461, η°=-18.2199
[MATH.δ-C3+]   post: δ_λ=0.1461, δ_η=0.0000
[MATH.ω-C3+] ω update: ω += (z-δ), over 25 ADMM iters
[MATH.ω-C3+] ||ω||=575.8697, ||z-δ||_max=1.3477  (scale differs from C3 — ω carries η-block residuals too)
[MATH.ω-C3+] ρ decision: primal=5.1907, dual=33.4381, ratio=0.1552 → ρ unchanged
[MATH.ω-C3+] Note: adaptive-ρ fires every 10 iters; current max_iter=25
[C3+] step=408 |u[0]|=51.96N u_axis=(+30.00,+30.00,-30.00)N λ_n_max=1.348 η_n_max=25.921 primal=5.191 iters=25/25 lcp_res_max=8.32e-06
[ADMIT-GUARD] step=137 admit_active=1 latch=0/0 ee_z=0.083 gate_cap=0
[ALT-GATE] step=137 target_stable=0/0 allow_descent=1
[GS-tgt] step=137 ee=(+0.080,-0.001,+0.083) p_repos=(+0.080,+0.000,+0.030) ee_to_target=0.053m target_label=prev_repos target_changed=N delta=0.000m
[GS] step=137 mode=free switch=kStayInRepos best_k=1 best_src=prev_repos curr_cost=207674.19 repos_cost=-4982.84 best_other=-4982.84 met_progress=N steps_since_improve=135 switches=0
[STEP] step=137 mode=free t=1.370s ee=(+0.080,-0.001,+0.083) obj=(+0.000,+0.000,+0.050) goal_dist=0.300m switch=kStayInRepos target=(+0.080,+0.000,+0.082) ee_stride=0.001m ee_to_ptarget=0.053m landing_err=0.0000m ik_ok=Y ik_resid=0.0002m q_max_resid_deg=7.30 target_changed=Y retgt=N held_idx=1 held_cost=-4982.84 won_cost=-4982.84 margin=+0.00 won_src=prev_repos held_valid=Y reason=hold setpoint_to_ptarget=nanm finished_val=nanm finished_thresh=0.0200m pd_resid=nanm nextwp_to_ptarget=nanm guide_terminal_err=nanm
[GATE-EVOLVE] step=137 curr=207674.19 best_other=-4982.84 ratio=nan ee_to_optimal=0.0051m phi=0.0050m
[STAGE-A-TRACE] step=137 sim_t=1.370 mode=free phi=0.00504 box_xy=+0.00000,+0.00000 lam_n_ee_box=nan qy=+0.00001 qz=+0.00000 finished_repos=0
[DRAKE-CONTACT] step=137 n_pairs=1 ee_box_normal=0.000
[GATE-CONTACT] step=137 F_W=(+0.0000,+0.0000,+0.0000) F_on_box=(-0.0000,-0.0000,-0.0000) n_face_out=(-0.0000,-0.0000,-0.0000) A_is_ee=0 box_q=(+1.00000,-0.00001,+0.00001,+0.00000) box_p=(+0.00000,+0.00000,+0.04999) ee_p=(+0.08004,-0.00052,+0.08252)
[CONTACT-ELEM] step=410 element=manipulated_object::collision phi=+0.0050m
[ADMM-C3+] primal: 17.2358->5.7121  dual: 1210.1887->43.7738  mono=False  iters=25/25  rho=25.0
[ADMM-C3+] WARNING non-converged: pr=5.7121 dr=43.7738 tol=1e-03
[MATH.δ-C3+] Bui 2026 eq (12) projection results (N=20 × 12 λ-components):
[MATH.δ-C3+]   case 1 (η wins, λ→0):     108
[MATH.δ-C3+]   case 2 (λ wins, η→0):     101
[MATH.δ-C3+]   case 3 (both zero):       31
[MATH.δ-C3+] First step k=0, component 0:
[MATH.δ-C3+]   pre:  λ°=0.1461, η°=-17.2101
[MATH.δ-C3+]   post: δ_λ=0.1461, δ_η=0.0000
[MATH.ω-C3+] ω update: ω += (z-δ), over 25 ADMM iters
[MATH.ω-C3+] ||ω||=570.0851, ||z-δ||_max=1.2590  (scale differs from C3 — ω carries η-block residuals too)
[MATH.ω-C3+] ρ decision: primal=5.7121, dual=43.7738, ratio=0.1305 → ρ unchanged
[MATH.ω-C3+] Note: adaptive-ρ fires every 10 iters; current max_iter=25
[C3+] step=411 |u[0]|=51.96N u_axis=(+30.00,+30.00,-30.00)N λ_n_max=1.252 η_n_max=25.447 primal=5.712 iters=25/25 lcp_res_max=7.29e-06
[ADMIT-GUARD] step=138 admit_active=1 latch=0/0 ee_z=0.081 gate_cap=0
[ALT-GATE] step=138 target_stable=0/0 allow_descent=1
[GS-tgt] step=138 ee=(+0.080,-0.001,+0.081) p_repos=(+0.080,+0.000,+0.030) ee_to_target=0.051m target_label=prev_repos target_changed=N delta=0.000m
[GS] step=138 mode=free switch=kStayInRepos best_k=1 best_src=prev_repos curr_cost=192448.18 repos_cost=-5291.46 best_other=-5291.46 met_progress=N steps_since_improve=136 switches=0
[STEP] step=138 mode=free t=1.380s ee=(+0.080,-0.001,+0.081) obj=(+0.000,+0.000,+0.050) goal_dist=0.300m switch=kStayInRepos target=(+0.080,+0.000,+0.080) ee_stride=0.001m ee_to_ptarget=0.051m landing_err=0.0000m ik_ok=Y ik_resid=0.0002m q_max_resid_deg=7.04 target_changed=Y retgt=N held_idx=1 held_cost=-5291.46 won_cost=-5291.46 margin=+0.00 won_src=prev_repos held_valid=Y reason=hold setpoint_to_ptarget=nanm finished_val=nanm finished_thresh=0.0200m pd_resid=nanm nextwp_to_ptarget=nanm guide_terminal_err=nanm
[GATE-EVOLVE] step=138 curr=192448.18 best_other=-5291.46 ratio=nan ee_to_optimal=0.0051m phi=0.0050m
[STAGE-A-TRACE] step=138 sim_t=1.380 mode=free phi=0.00504 box_xy=+0.00000,+0.00000 lam_n_ee_box=nan qy=+0.00001 qz=+0.00000 finished_repos=0
[DRAKE-CONTACT] step=138 n_pairs=1 ee_box_normal=0.000
[GATE-CONTACT] step=138 F_W=(+0.0000,+0.0000,+0.0000) F_on_box=(-0.0000,-0.0000,-0.0000) n_face_out=(-0.0000,-0.0000,-0.0000) A_is_ee=0 box_q=(+1.00000,-0.00001,+0.00001,+0.00000) box_p=(+0.00000,+0.00000,+0.04999) ee_p=(+0.08004,-0.00052,+0.08072)
[CONTACT-ELEM] step=413 element=manipulated_object::collision phi=+0.0050m
[ADMM-C3+] primal: 17.0448->37.6338  dual: 1193.1297->1904.6598  mono=False  iters=25/25  rho=50.0
[ADMM-C3+] WARNING non-converged: pr=37.6338 dr=1904.6598 tol=1e-03
[MATH.δ-C3+] Bui 2026 eq (12) projection results (N=20 × 12 λ-components):
[MATH.δ-C3+]   case 1 (η wins, λ→0):     114
[MATH.δ-C3+]   case 2 (λ wins, η→0):     98
[MATH.δ-C3+]   case 3 (both zero):       28
[MATH.δ-C3+] First step k=0, component 0:
[MATH.δ-C3+]   pre:  λ°=0.1461, η°=-8.2184
[MATH.δ-C3+]   post: δ_λ=0.1461, δ_η=0.0000
[MATH.ω-C3+] ω update: ω += (z-δ), over 25 ADMM iters
[MATH.ω-C3+] ||ω||=292.7377, ||z-δ||_max=21.6439  (scale differs from C3 — ω carries η-block residuals too)
[MATH.ω-C3+] ρ decision: primal=37.6338, dual=1.9047e+03, ratio=0.0198 < 0.1 → would halve ρ to 25.0000
[MATH.ω-C3+] Note: adaptive-ρ fires every 10 iters; current max_iter=25
[C3+] step=414 |u[0]|=51.60N u_axis=(+29.38,+30.00,-30.00)N λ_n_max=1.378 η_n_max=23.029 primal=37.634 iters=25/25 lcp_res_max=inf
[ADMIT-GUARD] step=139 admit_active=1 latch=0/0 ee_z=0.079 gate_cap=0
[ALT-GATE] step=139 target_stable=0/0 allow_descent=1
[GS-tgt] step=139 ee=(+0.080,-0.001,+0.079) p_repos=(+0.080,+0.000,+0.030) ee_to_target=0.049m target_label=prev_repos target_changed=N delta=0.000m
[GS] step=139 mode=free switch=kStayInRepos best_k=1 best_src=prev_repos curr_cost=173585.74 repos_cost=-5522.46 best_other=-5522.46 met_progress=N steps_since_improve=137 switches=0
[STEP] step=139 mode=free t=1.390s ee=(+0.080,-0.001,+0.079) obj=(+0.000,+0.000,+0.050) goal_dist=0.300m switch=kStayInRepos target=(+0.080,+0.000,+0.078) ee_stride=0.001m ee_to_ptarget=0.049m landing_err=0.0000m ik_ok=Y ik_resid=0.0001m q_max_resid_deg=6.79 target_changed=Y retgt=N held_idx=1 held_cost=-5522.46 won_cost=-5522.46 margin=+0.00 won_src=prev_repos held_valid=Y reason=hold setpoint_to_ptarget=nanm finished_val=nanm finished_thresh=0.0200m pd_resid=nanm nextwp_to_ptarget=nanm guide_terminal_err=nanm
[GATE-EVOLVE] step=139 curr=173585.74 best_other=-5522.46 ratio=nan ee_to_optimal=0.0051m phi=0.0050m
[STAGE-A-TRACE] step=139 sim_t=1.390 mode=free phi=0.00503 box_xy=+0.00000,+0.00000 lam_n_ee_box=nan qy=+0.00001 qz=+0.00000 finished_repos=0
[DRAKE-CONTACT] step=139 n_pairs=1 ee_box_normal=0.000
[GATE-CONTACT] step=139 F_W=(+0.0000,+0.0000,+0.0000) F_on_box=(-0.0000,-0.0000,-0.0000) n_face_out=(-0.0000,-0.0000,-0.0000) A_is_ee=0 box_q=(+1.00000,-0.00001,+0.00001,+0.00000) box_p=(+0.00000,+0.00000,+0.04999) ee_p=(+0.08003,-0.00052,+0.07892)
[CONTACT-ELEM] step=416 element=manipulated_object::collision phi=+0.0050m
[ADMM-C3+] primal: 16.9439->30.8743  dual: 1177.4548->771.8650  mono=False  iters=25/25  rho=25.0
[ADMM-C3+] WARNING non-converged: pr=30.8743 dr=771.8650 tol=1e-03
[MATH.δ-C3+] Bui 2026 eq (12) projection results (N=20 × 12 λ-components):
[MATH.δ-C3+]   case 1 (η wins, λ→0):     105
[MATH.δ-C3+]   case 2 (λ wins, η→0):     102
[MATH.δ-C3+]   case 3 (both zero):       33
[MATH.δ-C3+] First step k=0, component 0:
[MATH.δ-C3+]   pre:  λ°=0.1461, η°=-16.0584
[MATH.δ-C3+]   post: δ_λ=0.1461, δ_η=0.0000
[MATH.ω-C3+] ω update: ω += (z-δ), over 25 ADMM iters
[MATH.ω-C3+] ||ω||=571.5611, ||z-δ||_max=17.3703  (scale differs from C3 — ω carries η-block residuals too)
[MATH.ω-C3+] ρ decision: primal=30.8743, dual=771.8650, ratio=0.0400 < 0.1 → would halve ρ to 12.5000
[MATH.ω-C3+] Note: adaptive-ρ fires every 10 iters; current max_iter=25
[C3+] step=417 |u[0]|=51.96N u_axis=(+30.00,+30.00,-30.00)N λ_n_max=1.533 η_n_max=24.815 primal=30.874 iters=25/25 lcp_res_max=inf
[ADMIT-GUARD] step=140 admit_active=1 latch=0/0 ee_z=0.077 gate_cap=0
[ALT-GATE] step=140 target_stable=0/0 allow_descent=1
[GS-tgt] step=140 ee=(+0.080,-0.001,+0.077) p_repos=(+0.080,+0.000,+0.030) ee_to_target=0.047m target_label=prev_repos target_changed=N delta=0.000m
[IMP] step=140 mode=free |x_err|=0.0008m |tau_imp|=0.47Nm |tau_ff|=0.00Nm |tau_out|=0.47Nm sat=False lam_n=False lam_t=False
[GS] step=140 mode=free switch=kStayInRepos best_k=1 best_src=prev_repos curr_cost=167059.68 repos_cost=-5674.50 best_other=-5674.50 met_progress=N steps_since_improve=138 switches=0
[STEP] step=140 mode=free t=1.400s ee=(+0.080,-0.001,+0.077) obj=(+0.000,+0.000,+0.050) goal_dist=0.300m switch=kStayInRepos target=(+0.080,+0.000,+0.077) ee_stride=0.001m ee_to_ptarget=0.047m landing_err=0.0000m ik_ok=Y ik_resid=0.0001m q_max_resid_deg=6.54 target_changed=Y retgt=N held_idx=1 held_cost=-5674.50 won_cost=-5674.50 margin=+0.00 won_src=prev_repos held_valid=Y reason=hold setpoint_to_ptarget=nanm finished_val=nanm finished_thresh=0.0200m pd_resid=nanm nextwp_to_ptarget=nanm guide_terminal_err=nanm
[GATE-EVOLVE] step=140 curr=167059.68 best_other=-5674.50 ratio=nan ee_to_optimal=0.0051m phi=0.0050m
[STAGE-A-TRACE] step=140 sim_t=1.400 mode=free phi=0.00503 box_xy=+0.00000,+0.00000 lam_n_ee_box=nan qy=+0.00001 qz=+0.00000 finished_repos=0
[GS-table] step=140
  k=0 (current   ) pos=(+0.080,-0.001,+0.077) c_C3= 197059.68 align=1.0000(bonus=30000.00) rot=+0.0000(bonus=    0.00) travel=0.000m(pen=  0.00) c_sample= 167059.68 feas=Y ik_err=0.0000m
  k=1 (prev_repos) pos=(+0.080,+0.000,+0.030) c_C3=  24316.08 align=1.0000(bonus=30000.00) rot=+0.0000(bonus=    0.00) travel=0.047m(pen=  9.42) c_sample=  -5674.50 feas=Y ik_err=0.0000m  ← WIN
  k=2 (strat_0   ) pos=(-0.023,+0.080,+0.030) c_C3=  24290.29 align=0.0000(bonus=    0.15) rot=+0.0000(bonus=    0.00) travel=0.139m(pen= 27.79) c_sample=  24317.93 feas=Y ik_err=0.0000m
[DRAKE-CONTACT] step=140 n_pairs=1 ee_box_normal=0.000
[GATE-CONTACT] step=140 F_W=(+0.0000,+0.0000,+0.0000) F_on_box=(-0.0000,-0.0000,-0.0000) n_face_out=(-0.0000,-0.0000,-0.0000) A_is_ee=0 box_q=(+1.00000,-0.00001,+0.00001,+0.00000) box_p=(+0.00000,+0.00000,+0.04999) ee_p=(+0.08003,-0.00052,+0.07712)
[CONTACT-ELEM] step=419 element=manipulated_object::collision phi=+0.0050m
[ADMM-C3+] primal: 16.8030->71.2268  dual: 1162.0455->1506.8684  mono=False  iters=25/25  rho=25.0
[ADMM-C3+] WARNING non-converged: pr=71.2268 dr=1506.8684 tol=1e-03
[MATH.QP-C3+] Minimizing: (1/2) z^T P z + q^T z  (z augmented with η)
[MATH.QP-C3+]   s.t. A_eq z = b_eq  (639 rows = x_0 fixation + 20 dynamics + 240 η-slack rows; slack-equality block ADDED)
[MATH.QP-C3+]        bbox: λ_n ≥ 0, |u| ≤ 30.0 N (EE force)  (η is unbounded — sign enforced via projection eq 12)
[MATH.QP-C3+] P shape=(939,939), symmetric=True, pos-semidef=True, cond(P)=4.0000e+05
[MATH.QP-C3+] q norm=3.9841e+05
[MATH.QP-C3+] Augmented term: (ρ/2) Σ ||z-δ+ω||^2_G  ρ=25.0000  (G=I in v1: u_λ=u_η=1)
[MATH.QP-C3+] Soft complementarity: w_comp=0.0000  (C3+ disables it — η equality replaces the linear penalty)
[MATH.QP-C3+] OSQP status: solved, iters=125, solve time=7.85ms
[MATH.δ-C3+] Bui 2026 eq (12) projection results (N=20 × 12 λ-components):
[MATH.δ-C3+]   case 1 (η wins, λ→0):     103
[MATH.δ-C3+]   case 2 (λ wins, η→0):     108
[MATH.δ-C3+]   case 3 (both zero):       29
[MATH.δ-C3+] First step k=0, component 0:
[MATH.δ-C3+]   pre:  λ°=0.1461, η°=-15.6041
[MATH.δ-C3+]   post: δ_λ=0.1461, δ_η=0.0000
[MATH.ω-C3+] ω update: ω += (z-δ), over 25 ADMM iters
[MATH.ω-C3+] ||ω||=564.2384, ||z-δ||_max=27.1291  (scale differs from C3 — ω carries η-block residuals too)
[MATH.ω-C3+] ρ decision: primal=71.2268, dual=1.5069e+03, ratio=0.0473 < 0.1 → would halve ρ to 12.5000
[MATH.ω-C3+] Note: adaptive-ρ fires every 10 iters; current max_iter=25
[C3+] step=420 |u[0]|=51.53N u_axis=(+29.24,+30.00,-30.00)N λ_n_max=1.470 η_n_max=24.292 primal=71.227 iters=25/25 lcp_res_max=inf
[ADMIT-GUARD] step=141 admit_active=1 latch=0/0 ee_z=0.075 gate_cap=0
[ALT-GATE] step=141 target_stable=0/0 allow_descent=1
[GS-tgt] step=141 ee=(+0.080,-0.001,+0.075) p_repos=(+0.080,+0.000,+0.030) ee_to_target=0.045m target_label=prev_repos target_changed=N delta=0.000m
[GS] step=141 mode=free switch=kStayInRepos best_k=1 best_src=prev_repos curr_cost=183995.91 repos_cost=-5760.55 best_other=-5760.55 met_progress=N steps_since_improve=139 switches=0
[STEP] step=141 mode=free t=1.410s ee=(+0.080,-0.001,+0.075) obj=(+0.000,+0.000,+0.050) goal_dist=0.300m switch=kStayInRepos target=(+0.080,+0.000,+0.075) ee_stride=0.001m ee_to_ptarget=0.045m landing_err=0.0000m ik_ok=Y ik_resid=0.0001m q_max_resid_deg=6.29 target_changed=Y retgt=N held_idx=1 held_cost=-5760.55 won_cost=-5760.55 margin=+0.00 won_src=prev_repos held_valid=Y reason=hold setpoint_to_ptarget=nanm finished_val=nanm finished_thresh=0.0200m pd_resid=nanm nextwp_to_ptarget=nanm guide_terminal_err=nanm
[GATE-EVOLVE] step=141 curr=183995.91 best_other=-5760.55 ratio=nan ee_to_optimal=0.0051m phi=0.0050m
[STAGE-A-TRACE] step=141 sim_t=1.410 mode=free phi=0.00503 box_xy=+0.00000,+0.00000 lam_n_ee_box=nan qy=+0.00001 qz=+0.00000 finished_repos=0
[DRAKE-CONTACT] step=141 n_pairs=1 ee_box_normal=0.000
[GATE-CONTACT] step=141 F_W=(+0.0000,+0.0000,+0.0000) F_on_box=(-0.0000,-0.0000,-0.0000) n_face_out=(-0.0000,-0.0000,-0.0000) A_is_ee=0 box_q=(+1.00000,-0.00001,+0.00001,+0.00000) box_p=(+0.00000,+0.00000,+0.04999) ee_p=(+0.08003,-0.00052,+0.07532)
[CONTACT-ELEM] step=422 element=manipulated_object::collision phi=+0.0050m
[ADMM-C3+] primal: 16.6496->4.8370  dual: 1147.0631->105.4507  mono=False  iters=25/25  rho=50.0
[ADMM-C3+] WARNING non-converged: pr=4.8370 dr=105.4507 tol=1e-03
[MATH.δ-C3+] Bui 2026 eq (12) projection results (N=20 × 12 λ-components):
[MATH.δ-C3+]   case 1 (η wins, λ→0):     114
[MATH.δ-C3+]   case 2 (λ wins, η→0):     93
[MATH.δ-C3+]   case 3 (both zero):       33
[MATH.δ-C3+] First step k=0, component 0:
[MATH.δ-C3+]   pre:  λ°=0.1461, η°=-7.7954
[MATH.δ-C3+]   post: δ_λ=0.1461, δ_η=0.0000
[MATH.ω-C3+] ω update: ω += (z-δ), over 25 ADMM iters
[MATH.ω-C3+] ||ω||=283.4228, ||z-δ||_max=1.3552  (scale differs from C3 — ω carries η-block residuals too)
[MATH.ω-C3+] ρ decision: primal=4.8370, dual=105.4507, ratio=0.0459 < 0.1 → would halve ρ to 25.0000
[MATH.ω-C3+] Note: adaptive-ρ fires every 10 iters; current max_iter=25
[C3+] step=423 |u[0]|=45.05N u_axis=(+15.14,+30.00,-30.00)N λ_n_max=1.355 η_n_max=20.876 primal=4.837 iters=25/25 lcp_res_max=4.31e-06
[ADMIT-GUARD] step=142 admit_active=1 latch=0/0 ee_z=0.074 gate_cap=0
[ALT-GATE] step=142 target_stable=0/0 allow_descent=1
[GS-tgt] step=142 ee=(+0.080,-0.001,+0.074) p_repos=(+0.080,+0.000,+0.030) ee_to_target=0.044m target_label=prev_repos target_changed=N delta=0.000m
[GS] step=142 mode=free switch=kStayInRepos best_k=1 best_src=prev_repos curr_cost=165188.59 repos_cost=-5901.08 best_other=-5901.08 met_progress=N steps_since_improve=140 switches=0
[STEP] step=142 mode=free t=1.420s ee=(+0.080,-0.001,+0.074) obj=(+0.000,+0.000,+0.050) goal_dist=0.300m switch=kStayInRepos target=(+0.080,+0.000,+0.073) ee_stride=0.001m ee_to_ptarget=0.044m landing_err=0.0000m ik_ok=Y ik_resid=0.0001m q_max_resid_deg=6.04 target_changed=Y retgt=N held_idx=1 held_cost=-5901.08 won_cost=-5901.08 margin=+0.00 won_src=prev_repos held_valid=Y reason=hold setpoint_to_ptarget=nanm finished_val=nanm finished_thresh=0.0200m pd_resid=nanm nextwp_to_ptarget=nanm guide_terminal_err=nanm
[GATE-EVOLVE] step=142 curr=165188.59 best_other=-5901.08 ratio=nan ee_to_optimal=0.0051m phi=0.0050m
[STAGE-A-TRACE] step=142 sim_t=1.420 mode=free phi=0.00502 box_xy=+0.00000,+0.00000 lam_n_ee_box=nan qy=+0.00001 qz=+0.00000 finished_repos=0
[DRAKE-CONTACT] step=142 n_pairs=1 ee_box_normal=0.000
[GATE-CONTACT] step=142 F_W=(+0.0000,+0.0000,+0.0000) F_on_box=(-0.0000,-0.0000,-0.0000) n_face_out=(-0.0000,-0.0000,-0.0000) A_is_ee=0 box_q=(+1.00000,-0.00001,+0.00001,+0.00000) box_p=(+0.00000,+0.00000,+0.04999) ee_p=(+0.08003,-0.00053,+0.07352)
[CONTACT-ELEM] step=425 element=manipulated_object::collision phi=+0.0050m
[ADMM-C3+] primal: 16.5033->30.2331  dual: 1132.9193->58.1903  mono=False  iters=25/25  rho=25.0
[ADMM-C3+] WARNING non-converged: pr=30.2331 dr=58.1903 tol=1e-03
[MATH.δ-C3+] Bui 2026 eq (12) projection results (N=20 × 12 λ-components):
[MATH.δ-C3+]   case 1 (η wins, λ→0):     108
[MATH.δ-C3+]   case 2 (λ wins, η→0):     99
[MATH.δ-C3+]   case 3 (both zero):       33
[MATH.δ-C3+] First step k=0, component 0:
[MATH.δ-C3+]   pre:  λ°=0.1461, η°=-14.6643
[MATH.δ-C3+]   post: δ_λ=0.1461, δ_η=0.0000
[MATH.ω-C3+] ω update: ω += (z-δ), over 25 ADMM iters
[MATH.ω-C3+] ||ω||=556.8673, ||z-δ||_max=13.5256  (scale differs from C3 — ω carries η-block residuals too)
[MATH.ω-C3+] ρ decision: primal=30.2331, dual=58.1903, ratio=0.5196 → ρ unchanged
[MATH.ω-C3+] Note: adaptive-ρ fires every 10 iters; current max_iter=25
[C3+] step=426 |u[0]|=45.93N u_axis=(+17.59,+30.00,-30.00)N λ_n_max=1.418 η_n_max=22.681 primal=30.233 iters=25/25 lcp_res_max=5.73e-06
[ADMIT-GUARD] step=143 admit_active=1 latch=0/0 ee_z=0.072 gate_cap=0
[ALT-GATE] step=143 target_stable=0/0 allow_descent=1
[GS-tgt] step=143 ee=(+0.080,-0.001,+0.072) p_repos=(+0.080,+0.000,+0.030) ee_to_target=0.042m target_label=prev_repos target_changed=N delta=0.000m
[GS] step=143 mode=free switch=kStayInRepos best_k=1 best_src=prev_repos curr_cost=173669.82 repos_cost=-6056.81 best_other=-6056.81 met_progress=N steps_since_improve=141 switches=0
[STEP] step=143 mode=free t=1.430s ee=(+0.080,-0.001,+0.072) obj=(+0.000,+0.000,+0.050) goal_dist=0.300m switch=kStayInRepos target=(+0.080,+0.000,+0.071) ee_stride=0.001m ee_to_ptarget=0.042m landing_err=0.0000m ik_ok=Y ik_resid=0.0001m q_max_resid_deg=5.79 target_changed=Y retgt=N held_idx=1 held_cost=-6056.81 won_cost=-6056.81 margin=+0.00 won_src=prev_repos held_valid=Y reason=hold setpoint_to_ptarget=nanm finished_val=nanm finished_thresh=0.0200m pd_resid=nanm nextwp_to_ptarget=nanm guide_terminal_err=nanm
[GATE-EVOLVE] step=143 curr=173669.82 best_other=-6056.81 ratio=nan ee_to_optimal=0.0051m phi=0.0050m
[STAGE-A-TRACE] step=143 sim_t=1.430 mode=free phi=0.00502 box_xy=+0.00000,+0.00000 lam_n_ee_box=nan qy=+0.00001 qz=+0.00000 finished_repos=0
[DRAKE-CONTACT] step=143 n_pairs=1 ee_box_normal=0.000
[GATE-CONTACT] step=143 F_W=(+0.0000,+0.0000,+0.0000) F_on_box=(-0.0000,-0.0000,-0.0000) n_face_out=(-0.0000,-0.0000,-0.0000) A_is_ee=0 box_q=(+1.00000,-0.00001,+0.00001,+0.00000) box_p=(+0.00000,+0.00000,+0.04999) ee_p=(+0.08002,-0.00053,+0.07172)
[CONTACT-ELEM] step=428 element=manipulated_object::collision phi=+0.0050m
[ADMM-C3+] primal: 16.3650->57.2646  dual: 1119.6206->1324.0495  mono=False  iters=25/25  rho=25.0
[ADMM-C3+] WARNING non-converged: pr=57.2646 dr=1324.0495 tol=1e-03
[MATH.δ-C3+] Bui 2026 eq (12) projection results (N=20 × 12 λ-components):
[MATH.δ-C3+]   case 1 (η wins, λ→0):     108
[MATH.δ-C3+]   case 2 (λ wins, η→0):     99
[MATH.δ-C3+]   case 3 (both zero):       33
[MATH.δ-C3+] First step k=0, component 0:
[MATH.δ-C3+]   pre:  λ°=0.1461, η°=-15.0909
[MATH.δ-C3+]   post: δ_λ=0.1461, δ_η=0.0000
[MATH.ω-C3+] ω update: ω += (z-δ), over 25 ADMM iters
[MATH.ω-C3+] ||ω||=559.7539, ||z-δ||_max=18.0011  (scale differs from C3 — ω carries η-block residuals too)
[MATH.ω-C3+] ρ decision: primal=57.2646, dual=1.3240e+03, ratio=0.0432 < 0.1 → would halve ρ to 12.5000
[MATH.ω-C3+] Note: adaptive-ρ fires every 10 iters; current max_iter=25
[C3+] step=429 |u[0]|=43.60N u_axis=(+10.06,+30.00,-30.00)N λ_n_max=2.235 η_n_max=21.439 primal=57.265 iters=25/25 lcp_res_max=inf
[ADMIT-GUARD] step=144 admit_active=1 latch=0/0 ee_z=0.070 gate_cap=0
[ALT-GATE] step=144 target_stable=0/0 allow_descent=1
[GS-tgt] step=144 ee=(+0.080,-0.001,+0.070) p_repos=(+0.080,+0.000,+0.030) ee_to_target=0.040m target_label=prev_repos target_changed=N delta=0.000m
[GS] step=144 mode=free switch=kStayInRepos best_k=1 best_src=prev_repos curr_cost=156420.93 repos_cost=-6214.84 best_other=-6214.84 met_progress=N steps_since_improve=142 switches=0
[STEP] step=144 mode=free t=1.440s ee=(+0.080,-0.001,+0.070) obj=(+0.000,+0.000,+0.050) goal_dist=0.300m switch=kStayInRepos target=(+0.080,+0.000,+0.069) ee_stride=0.001m ee_to_ptarget=0.040m landing_err=0.0000m ik_ok=Y ik_resid=0.0001m q_max_resid_deg=5.54 target_changed=Y retgt=N held_idx=1 held_cost=-6214.84 won_cost=-6214.84 margin=+0.00 won_src=prev_repos held_valid=Y reason=hold setpoint_to_ptarget=nanm finished_val=nanm finished_thresh=0.0200m pd_resid=nanm nextwp_to_ptarget=nanm guide_terminal_err=nanm
[GATE-EVOLVE] step=144 curr=156420.93 best_other=-6214.84 ratio=nan ee_to_optimal=0.0050m phi=0.0050m
[STAGE-A-TRACE] step=144 sim_t=1.440 mode=free phi=0.00502 box_xy=+0.00000,+0.00000 lam_n_ee_box=nan qy=+0.00001 qz=+0.00000 finished_repos=0
[DRAKE-CONTACT] step=144 n_pairs=1 ee_box_normal=0.000
[GATE-CONTACT] step=144 F_W=(+0.0000,+0.0000,+0.0000) F_on_box=(-0.0000,-0.0000,-0.0000) n_face_out=(-0.0000,-0.0000,-0.0000) A_is_ee=0 box_q=(+1.00000,-0.00001,+0.00001,+0.00000) box_p=(+0.00000,+0.00000,+0.04999) ee_p=(+0.08002,-0.00053,+0.06992)
[CONTACT-ELEM] step=431 element=manipulated_object::collision phi=+0.0050m
[ADMM-C3+] primal: 16.1706->5.4025  dual: 1106.1356->73.6766  mono=False  iters=25/25  rho=25.0
[ADMM-C3+] WARNING non-converged: pr=5.4025 dr=73.6766 tol=1e-03
[MATH.δ-C3+] Bui 2026 eq (12) projection results (N=20 × 12 λ-components):
[MATH.δ-C3+]   case 1 (η wins, λ→0):     112
[MATH.δ-C3+]   case 2 (λ wins, η→0):     106
[MATH.δ-C3+]   case 3 (both zero):       22
[MATH.δ-C3+] First step k=0, component 0:
[MATH.δ-C3+]   pre:  λ°=0.1461, η°=-13.5898
[MATH.δ-C3+]   post: δ_λ=0.1461, δ_η=0.0000
[MATH.ω-C3+] ω update: ω += (z-δ), over 25 ADMM iters
[MATH.ω-C3+] ||ω||=558.7172, ||z-δ||_max=1.4057  (scale differs from C3 — ω carries η-block residuals too)
[MATH.ω-C3+] ρ decision: primal=5.4025, dual=73.6766, ratio=0.0733 < 0.1 → would halve ρ to 12.5000
[MATH.ω-C3+] Note: adaptive-ρ fires every 10 iters; current max_iter=25
[C3+] step=432 |u[0]|=42.71N u_axis=(+4.94,+30.00,-30.00)N λ_n_max=1.406 η_n_max=20.860 primal=5.403 iters=25/25 lcp_res_max=7.50e-06
[ADMIT-GUARD] step=145 admit_active=1 latch=0/0 ee_z=0.068 gate_cap=0
[ALT-GATE] step=145 target_stable=0/0 allow_descent=1
[GS-tgt] step=145 ee=(+0.080,-0.001,+0.068) p_repos=(+0.080,+0.000,+0.030) ee_to_target=0.038m target_label=prev_repos target_changed=N delta=0.000m
[GS] step=145 mode=free switch=kStayInRepos best_k=1 best_src=prev_repos curr_cost=193782.80 repos_cost=-6364.74 best_other=-6364.74 met_progress=N steps_since_improve=143 switches=0
[STEP] step=145 mode=free t=1.450s ee=(+0.080,-0.001,+0.068) obj=(+0.000,+0.000,+0.050) goal_dist=0.300m switch=kStayInRepos target=(+0.080,+0.000,+0.068) ee_stride=0.001m ee_to_ptarget=0.038m landing_err=0.0000m ik_ok=Y ik_resid=0.0001m q_max_resid_deg=5.29 target_changed=Y retgt=N held_idx=1 held_cost=-6364.74 won_cost=-6364.74 margin=+0.00 won_src=prev_repos held_valid=Y reason=hold setpoint_to_ptarget=nanm finished_val=nanm finished_thresh=0.0200m pd_resid=nanm nextwp_to_ptarget=nanm guide_terminal_err=nanm
[GATE-EVOLVE] step=145 curr=193782.80 best_other=-6364.74 ratio=nan ee_to_optimal=0.0050m phi=0.0050m
[STAGE-A-TRACE] step=145 sim_t=1.450 mode=free phi=0.00502 box_xy=+0.00000,+0.00000 lam_n_ee_box=nan qy=+0.00001 qz=+0.00000 finished_repos=0
[DRAKE-CONTACT] step=145 n_pairs=1 ee_box_normal=0.000
[GATE-CONTACT] step=145 F_W=(+0.0000,+0.0000,+0.0000) F_on_box=(-0.0000,-0.0000,-0.0000) n_face_out=(-0.0000,-0.0000,-0.0000) A_is_ee=0 box_q=(+1.00000,-0.00001,+0.00001,+0.00000) box_p=(+0.00000,+0.00000,+0.04999) ee_p=(+0.08002,-0.00053,+0.06813)
[CONTACT-ELEM] step=434 element=manipulated_object::collision phi=+0.0050m
[ADMM-C3+] primal: 16.0274->43.0872  dual: 1094.0162->757.9845  mono=False  iters=25/25  rho=25.0
[ADMM-C3+] WARNING non-converged: pr=43.0872 dr=757.9845 tol=1e-03
[MATH.δ-C3+] Bui 2026 eq (12) projection results (N=20 × 12 λ-components):
[MATH.δ-C3+]   case 1 (η wins, λ→0):     109
[MATH.δ-C3+]   case 2 (λ wins, η→0):     110
[MATH.δ-C3+]   case 3 (both zero):       21
[MATH.δ-C3+] First step k=0, component 0:
[MATH.δ-C3+]   pre:  λ°=0.1461, η°=-14.7199
[MATH.δ-C3+]   post: δ_λ=0.1461, δ_η=0.0000
[MATH.ω-C3+] ω update: ω += (z-δ), over 25 ADMM iters
[MATH.ω-C3+] ||ω||=553.3689, ||z-δ||_max=17.9562  (scale differs from C3 — ω carries η-block residuals too)
[MATH.ω-C3+] ρ decision: primal=43.0872, dual=757.9845, ratio=0.0568 < 0.1 → would halve ρ to 12.5000
[MATH.ω-C3+] Note: adaptive-ρ fires every 10 iters; current max_iter=25
[C3+] step=435 |u[0]|=42.47N u_axis=(-1.82,+30.00,-30.00)N λ_n_max=2.065 η_n_max=19.693 primal=43.087 iters=25/25 lcp_res_max=3.89e-06
[ADMIT-GUARD] step=146 admit_active=1 latch=0/0 ee_z=0.066 gate_cap=0
[ALT-GATE] step=146 target_stable=0/0 allow_descent=1
[GS-tgt] step=146 ee=(+0.080,-0.001,+0.066) p_repos=(+0.080,+0.000,+0.030) ee_to_target=0.036m target_label=prev_repos target_changed=N delta=0.000m
[GS] step=146 mode=free switch=kStayInRepos best_k=1 best_src=prev_repos curr_cost=153841.62 repos_cost=-6540.32 best_other=-6540.32 met_progress=N steps_since_improve=144 switches=0
[STEP] step=146 mode=free t=1.460s ee=(+0.080,-0.001,+0.066) obj=(+0.000,+0.000,+0.050) goal_dist=0.300m switch=kStayInRepos target=(+0.080,+0.000,+0.066) ee_stride=0.001m ee_to_ptarget=0.036m landing_err=0.0000m ik_ok=Y ik_resid=0.0001m q_max_resid_deg=5.04 target_changed=Y retgt=N held_idx=1 held_cost=-6540.32 won_cost=-6540.32 margin=+0.00 won_src=prev_repos held_valid=Y reason=hold setpoint_to_ptarget=nanm finished_val=nanm finished_thresh=0.0200m pd_resid=nanm nextwp_to_ptarget=nanm guide_terminal_err=nanm
[GATE-EVOLVE] step=146 curr=153841.62 best_other=-6540.32 ratio=nan ee_to_optimal=0.0050m phi=0.0050m
[STAGE-A-TRACE] step=146 sim_t=1.460 mode=free phi=0.00502 box_xy=+0.00000,+0.00000 lam_n_ee_box=nan qy=+0.00001 qz=+0.00000 finished_repos=0
[DRAKE-CONTACT] step=146 n_pairs=1 ee_box_normal=0.000
[GATE-CONTACT] step=146 F_W=(+0.0000,+0.0000,+0.0000) F_on_box=(-0.0000,-0.0000,-0.0000) n_face_out=(-0.0000,-0.0000,-0.0000) A_is_ee=0 box_q=(+1.00000,-0.00001,+0.00001,+0.00000) box_p=(+0.00000,+0.00000,+0.04999) ee_p=(+0.08002,-0.00054,+0.06633)
[CONTACT-ELEM] step=437 element=manipulated_object::collision phi=+0.0050m
[ADMM-C3+] primal: 16.0103->27.1371  dual: 1084.8912->81.8112  mono=False  iters=25/25  rho=25.0
[ADMM-C3+] WARNING non-converged: pr=27.1371 dr=81.8112 tol=1e-03
[MATH.δ-C3+] Bui 2026 eq (12) projection results (N=20 × 12 λ-components):
[MATH.δ-C3+]   case 1 (η wins, λ→0):     107
[MATH.δ-C3+]   case 2 (λ wins, η→0):     109
[MATH.δ-C3+]   case 3 (both zero):       24
[MATH.δ-C3+] First step k=0, component 0:
[MATH.δ-C3+]   pre:  λ°=0.1537, η°=-13.8750
[MATH.δ-C3+]   post: δ_λ=0.1260, δ_η=0.0000
[MATH.ω-C3+] ω update: ω += (z-δ), over 25 ADMM iters
[MATH.ω-C3+] ||ω||=547.8905, ||z-δ||_max=19.0546  (scale differs from C3 — ω carries η-block residuals too)
[MATH.ω-C3+] ρ decision: primal=27.1371, dual=81.8112, ratio=0.3317 → ρ unchanged
[MATH.ω-C3+] Note: adaptive-ρ fires every 10 iters; current max_iter=25
[C3+] step=438 |u[0]|=43.11N u_axis=(-7.65,+30.00,-30.00)N λ_n_max=1.723 η_n_max=18.393 primal=27.137 iters=25/25 lcp_res_max=inf
[ADMIT-GUARD] step=147 admit_active=1 latch=0/0 ee_z=0.065 gate_cap=0
[ALT-GATE] step=147 target_stable=0/0 allow_descent=1
[GS-tgt] step=147 ee=(+0.080,-0.001,+0.065) p_repos=(+0.080,+0.000,+0.030) ee_to_target=0.035m target_label=prev_repos target_changed=N delta=0.000m
[GS] step=147 mode=free switch=kStayInRepos best_k=1 best_src=prev_repos curr_cost=172680.23 repos_cost=-6589.71 best_other=-6589.71 met_progress=N steps_since_improve=145 switches=0
[STEP] step=147 mode=free t=1.470s ee=(+0.080,-0.001,+0.065) obj=(+0.000,+0.000,+0.050) goal_dist=0.300m switch=kStayInRepos target=(+0.080,+0.000,+0.064) ee_stride=0.001m ee_to_ptarget=0.035m landing_err=0.0000m ik_ok=Y ik_resid=0.0001m q_max_resid_deg=4.79 target_changed=Y retgt=N held_idx=1 held_cost=-6589.71 won_cost=-6589.71 margin=+0.00 won_src=prev_repos held_valid=Y reason=hold setpoint_to_ptarget=nanm finished_val=nanm finished_thresh=0.0200m pd_resid=nanm nextwp_to_ptarget=nanm guide_terminal_err=nanm
[GATE-EVOLVE] step=147 curr=172680.23 best_other=-6589.71 ratio=nan ee_to_optimal=0.0050m phi=0.0050m
[STAGE-A-TRACE] step=147 sim_t=1.470 mode=free phi=0.00502 box_xy=+0.00000,+0.00000 lam_n_ee_box=nan qy=+0.00001 qz=+0.00000 finished_repos=0
[DRAKE-CONTACT] step=147 n_pairs=1 ee_box_normal=0.000
[GATE-CONTACT] step=147 F_W=(+0.0000,+0.0000,+0.0000) F_on_box=(-0.0000,-0.0000,-0.0000) n_face_out=(-0.0000,-0.0000,-0.0000) A_is_ee=0 box_q=(+1.00000,-0.00001,+0.00001,+0.00000) box_p=(+0.00000,+0.00000,+0.04999) ee_p=(+0.08002,-0.00054,+0.06453)
[CONTACT-ELEM] step=440 element=manipulated_object::collision phi=+0.0050m
[ADMM-C3+] primal: 15.8097->5.9419  dual: 1072.8021->105.7973  mono=False  iters=25/25  rho=25.0
[ADMM-C3+] WARNING non-converged: pr=5.9419 dr=105.7973 tol=1e-03
[MATH.δ-C3+] Bui 2026 eq (12) projection results (N=20 × 12 λ-components):
[MATH.δ-C3+]   case 1 (η wins, λ→0):     112
[MATH.δ-C3+]   case 2 (λ wins, η→0):     106
[MATH.δ-C3+]   case 3 (both zero):       22
[MATH.δ-C3+] First step k=0, component 0:
[MATH.δ-C3+]   pre:  λ°=0.1978, η°=-13.9065
[MATH.δ-C3+]   post: δ_λ=0.1930, δ_η=0.0000
[MATH.ω-C3+] ω update: ω += (z-δ), over 25 ADMM iters
[MATH.ω-C3+] ||ω||=545.2778, ||z-δ||_max=1.2210  (scale differs from C3 — ω carries η-block residuals too)
[MATH.ω-C3+] ρ decision: primal=5.9419, dual=105.7973, ratio=0.0562 < 0.1 → would halve ρ to 12.5000
[MATH.ω-C3+] Note: adaptive-ρ fires every 10 iters; current max_iter=25
[C3+] step=441 |u[0]|=44.02N u_axis=(-11.72,+30.00,-30.00)N λ_n_max=2.050 η_n_max=17.053 primal=5.942 iters=25/25 lcp_res_max=6.88e-06
[ADMIT-GUARD] step=148 admit_active=1 latch=0/0 ee_z=0.063 gate_cap=0
[ALT-GATE] step=148 target_stable=0/0 allow_descent=1
[GS-tgt] step=148 ee=(+0.080,-0.001,+0.063) p_repos=(+0.080,+0.000,+0.030) ee_to_target=0.033m target_label=prev_repos target_changed=N delta=0.000m
[GS] step=148 mode=free switch=kStayInRepos best_k=1 best_src=prev_repos curr_cost=181589.14 repos_cost=-6678.59 best_other=-6678.59 met_progress=N steps_since_improve=146 switches=0
[STEP] step=148 mode=free t=1.480s ee=(+0.080,-0.001,+0.063) obj=(+0.000,+0.000,+0.050) goal_dist=0.300m switch=kStayInRepos target=(+0.080,+0.000,+0.062) ee_stride=0.001m ee_to_ptarget=0.033m landing_err=0.0000m ik_ok=Y ik_resid=0.0001m q_max_resid_deg=4.54 target_changed=Y retgt=N held_idx=1 held_cost=-6678.59 won_cost=-6678.59 margin=+0.00 won_src=prev_repos held_valid=Y reason=hold setpoint_to_ptarget=nanm finished_val=nanm finished_thresh=0.0200m pd_resid=nanm nextwp_to_ptarget=nanm guide_terminal_err=nanm
[GATE-EVOLVE] step=148 curr=181589.14 best_other=-6678.59 ratio=nan ee_to_optimal=0.0050m phi=0.0050m
[STAGE-A-TRACE] step=148 sim_t=1.480 mode=free phi=0.00502 box_xy=+0.00000,+0.00000 lam_n_ee_box=nan qy=+0.00001 qz=+0.00000 finished_repos=0
[DRAKE-CONTACT] step=148 n_pairs=1 ee_box_normal=0.000
[GATE-CONTACT] step=148 F_W=(+0.0000,+0.0000,+0.0000) F_on_box=(-0.0000,-0.0000,-0.0000) n_face_out=(-0.0000,-0.0000,-0.0000) A_is_ee=0 box_q=(+1.00000,-0.00001,+0.00001,+0.00000) box_p=(+0.00000,+0.00000,+0.04999) ee_p=(+0.08002,-0.00054,+0.06274)
[CONTACT-ELEM] step=443 element=manipulated_object::collision phi=+0.0050m
[ADMM-C3+] primal: 15.8393->39.7425  dual: 1066.4806->768.9200  mono=False  iters=25/25  rho=25.0
[ADMM-C3+] WARNING non-converged: pr=39.7425 dr=768.9200 tol=1e-03
[MATH.δ-C3+] Bui 2026 eq (12) projection results (N=20 × 12 λ-components):
[MATH.δ-C3+]   case 1 (η wins, λ→0):     110
[MATH.δ-C3+]   case 2 (λ wins, η→0):     98
[MATH.δ-C3+]   case 3 (both zero):       32
[MATH.δ-C3+] First step k=0, component 0:
[MATH.δ-C3+]   pre:  λ°=0.2385, η°=-14.3785
[MATH.δ-C3+]   post: δ_λ=0.2740, δ_η=0.0000
[MATH.ω-C3+] ω update: ω += (z-δ), over 25 ADMM iters
[MATH.ω-C3+] ||ω||=542.5145, ||z-δ||_max=17.7215  (scale differs from C3 — ω carries η-block residuals too)
[MATH.ω-C3+] ρ decision: primal=39.7425, dual=768.9200, ratio=0.0517 < 0.1 → would halve ρ to 12.5000
[MATH.ω-C3+] Note: adaptive-ρ fires every 10 iters; current max_iter=25
[C3+] step=444 |u[0]|=45.08N u_axis=(-15.24,+30.00,-30.00)N λ_n_max=2.428 η_n_max=15.537 primal=39.742 iters=25/25 lcp_res_max=6.66e-06
[ADMIT-GUARD] step=149 admit_active=1 latch=0/0 ee_z=0.061 gate_cap=0
[ALT-GATE] step=149 target_stable=0/0 allow_descent=1
[GS-tgt] step=149 ee=(+0.080,-0.001,+0.061) p_repos=(+0.080,+0.000,+0.030) ee_to_target=0.031m target_label=prev_repos target_changed=N delta=0.000m
[GS] step=149 mode=free switch=kStayInRepos best_k=1 best_src=prev_repos curr_cost=185946.93 repos_cost=-6758.67 best_other=-6758.67 met_progress=N steps_since_improve=147 switches=0
[STEP] step=149 mode=free t=1.490s ee=(+0.080,-0.001,+0.061) obj=(+0.000,+0.000,+0.050) goal_dist=0.300m switch=kStayInRepos target=(+0.080,+0.000,+0.060) ee_stride=0.001m ee_to_ptarget=0.031m landing_err=0.0000m ik_ok=Y ik_resid=0.0001m q_max_resid_deg=4.30 target_changed=Y retgt=N held_idx=1 held_cost=-6758.67 won_cost=-6758.67 margin=+0.00 won_src=prev_repos held_valid=Y reason=hold setpoint_to_ptarget=nanm finished_val=nanm finished_thresh=0.0200m pd_resid=nanm nextwp_to_ptarget=nanm guide_terminal_err=nanm
[GATE-EVOLVE] step=149 curr=185946.93 best_other=-6758.67 ratio=nan ee_to_optimal=0.0050m phi=0.0050m
[STAGE-A-TRACE] step=149 sim_t=1.490 mode=free phi=0.00501 box_xy=+0.00000,+0.00000 lam_n_ee_box=nan qy=+0.00001 qz=+0.00000 finished_repos=0
[DRAKE-CONTACT] step=149 n_pairs=1 ee_box_normal=0.000
[GATE-CONTACT] step=149 F_W=(+0.0000,+0.0000,+0.0000) F_on_box=(-0.0000,-0.0000,-0.0000) n_face_out=(-0.0000,-0.0000,-0.0000) A_is_ee=0 box_q=(+1.00000,-0.00001,+0.00001,+0.00000) box_p=(+0.00000,+0.00000,+0.04999) ee_p=(+0.08002,-0.00055,+0.06094)
[CONTACT-ELEM] step=446 element=manipulated_object::collision phi=+0.0050m
[ADMM-C3+] primal: 15.7495->59.5625  dual: 1058.2407->1298.5536  mono=False  iters=25/25  rho=25.0
[ADMM-C3+] WARNING non-converged: pr=59.5625 dr=1298.5536 tol=1e-03
[MATH.δ-C3+] Bui 2026 eq (12) projection results (N=20 × 12 λ-components):
[MATH.δ-C3+]   case 1 (η wins, λ→0):     109
[MATH.δ-C3+]   case 2 (λ wins, η→0):     100
[MATH.δ-C3+]   case 3 (both zero):       31
[MATH.δ-C3+] First step k=0, component 0:
[MATH.δ-C3+]   pre:  λ°=0.4659, η°=-15.5469
[MATH.δ-C3+]   post: δ_λ=0.5720, δ_η=0.0000
[MATH.ω-C3+] ω update: ω += (z-δ), over 25 ADMM iters
[MATH.ω-C3+] ||ω||=533.8021, ||z-δ||_max=21.6710  (scale differs from C3 — ω carries η-block residuals too)
[MATH.ω-C3+] ρ decision: primal=59.5625, dual=1.2986e+03, ratio=0.0459 < 0.1 → would halve ρ to 12.5000
[MATH.ω-C3+] Note: adaptive-ρ fires every 10 iters; current max_iter=25
[C3+] step=447 |u[0]|=47.64N u_axis=(-21.67,+30.00,-30.00)N λ_n_max=2.974 η_n_max=13.817 primal=59.563 iters=25/25 lcp_res_max=inf
[ADMIT-GUARD] step=150 admit_active=1 latch=0/0 ee_z=0.059 gate_cap=0
[ALT-GATE] step=150 target_stable=0/0 allow_descent=1
[GS-tgt] step=150 ee=(+0.080,-0.001,+0.059) p_repos=(+0.080,+0.000,+0.030) ee_to_target=0.029m target_label=prev_repos target_changed=N delta=0.000m
[IMP] step=150 mode=free |x_err|=0.0008m |tau_imp|=0.49Nm |tau_ff|=0.00Nm |tau_out|=0.49Nm sat=False lam_n=False lam_t=False
[GS] step=150 mode=free switch=kStayInRepos best_k=1 best_src=prev_repos curr_cost=175638.97 repos_cost=-6866.11 best_other=-6866.11 met_progress=N steps_since_improve=148 switches=0
[STEP] step=150 mode=free t=1.500s ee=(+0.080,-0.001,+0.059) obj=(+0.000,+0.000,+0.050) goal_dist=0.300m switch=kStayInRepos target=(+0.080,+0.000,+0.059) ee_stride=0.001m ee_to_ptarget=0.029m landing_err=0.0000m ik_ok=Y ik_resid=0.0001m q_max_resid_deg=4.05 target_changed=Y retgt=N held_idx=1 held_cost=-6866.11 won_cost=-6866.11 margin=+0.00 won_src=prev_repos held_valid=Y reason=hold setpoint_to_ptarget=nanm finished_val=nanm finished_thresh=0.0200m pd_resid=nanm nextwp_to_ptarget=nanm guide_terminal_err=nanm
[GATE-EVOLVE] step=150 curr=175638.97 best_other=-6866.11 ratio=nan ee_to_optimal=0.0050m phi=0.0050m
[STAGE-A-TRACE] step=150 sim_t=1.500 mode=free phi=0.00501 box_xy=+0.00000,+0.00000 lam_n_ee_box=nan qy=+0.00001 qz=+0.00000 finished_repos=0
[DRAKE-CONTACT] step=150 n_pairs=1 ee_box_normal=0.000
[GATE-CONTACT] step=150 F_W=(+0.0000,+0.0000,+0.0000) F_on_box=(-0.0000,-0.0000,-0.0000) n_face_out=(-0.0000,-0.0000,-0.0000) A_is_ee=0 box_q=(+1.00000,-0.00001,+0.00001,+0.00000) box_p=(+0.00000,+0.00000,+0.04999) ee_p=(+0.08002,-0.00055,+0.05915)
[PERSIST] step=151 refresh n_strategy=1 samples=[(-0.0044, 0.08, 0.03)]
[CONTACT-ELEM] step=449 element=manipulated_object::collision phi=+0.0050m
[ADMM-C3+] primal: 15.6677->46.6937  dual: 1051.0726->901.4096  mono=False  iters=25/25  rho=25.0
[ADMM-C3+] WARNING non-converged: pr=46.6937 dr=901.4096 tol=1e-03
[MATH.QP-C3+] Minimizing: (1/2) z^T P z + q^T z  (z augmented with η)
[MATH.QP-C3+]   s.t. A_eq z = b_eq  (639 rows = x_0 fixation + 20 dynamics + 240 η-slack rows; slack-equality block ADDED)
[MATH.QP-C3+]        bbox: λ_n ≥ 0, |u| ≤ 30.0 N (EE force)  (η is unbounded — sign enforced via projection eq 12)
[MATH.QP-C3+] P shape=(939,939), symmetric=True, pos-semidef=True, cond(P)=4.0000e+05
[MATH.QP-C3+] q norm=3.9835e+05
[MATH.QP-C3+] Augmented term: (ρ/2) Σ ||z-δ+ω||^2_G  ρ=25.0000  (G=I in v1: u_λ=u_η=1)
[MATH.QP-C3+] Soft complementarity: w_comp=0.0000  (C3+ disables it — η equality replaces the linear penalty)
[MATH.QP-C3+] OSQP status: solved, iters=125, solve time=7.54ms
[MATH.δ-C3+] Bui 2026 eq (12) projection results (N=20 × 12 λ-components):
[MATH.δ-C3+]   case 1 (η wins, λ→0):     108
[MATH.δ-C3+]   case 2 (λ wins, η→0):     99
[MATH.δ-C3+]   case 3 (both zero):       33
[MATH.δ-C3+] First step k=0, component 0:
[MATH.δ-C3+]   pre:  λ°=0.6477, η°=-15.6943
[MATH.δ-C3+]   post: δ_λ=0.6889, δ_η=0.0000
[MATH.ω-C3+] ω update: ω += (z-δ), over 25 ADMM iters
[MATH.ω-C3+] ||ω||=528.8395, ||z-δ||_max=20.9922  (scale differs from C3 — ω carries η-block residuals too)
[MATH.ω-C3+] ρ decision: primal=46.6937, dual=901.4096, ratio=0.0518 < 0.1 → would halve ρ to 12.5000
[MATH.ω-C3+] Note: adaptive-ρ fires every 10 iters; current max_iter=25
[C3+] step=450 |u[0]|=48.44N u_axis=(-23.38,+30.00,-30.00)N λ_n_max=3.217 η_n_max=11.897 primal=46.694 iters=25/25 lcp_res_max=5.73e-06
[ADMIT-GUARD] step=151 admit_active=1 latch=0/0 ee_z=0.057 gate_cap=0
[ALT-GATE] step=151 target_stable=0/0 allow_descent=1
[GS-tgt] step=151 ee=(+0.080,-0.001,+0.057) p_repos=(+0.080,+0.000,+0.030) ee_to_target=0.027m target_label=prev_repos target_changed=N delta=0.000m
[GS] step=151 mode=free switch=kStayInRepos best_k=1 best_src=prev_repos curr_cost=176952.95 repos_cost=-6950.92 best_other=-6950.92 met_progress=N steps_since_improve=149 switches=0
[STEP] step=151 mode=free t=1.510s ee=(+0.080,-0.001,+0.057) obj=(+0.000,+0.000,+0.050) goal_dist=0.300m switch=kStayInRepos target=(+0.080,+0.000,+0.057) ee_stride=0.001m ee_to_ptarget=0.027m landing_err=0.0000m ik_ok=Y ik_resid=0.0001m q_max_resid_deg=3.80 target_changed=Y retgt=N held_idx=1 held_cost=-6950.92 won_cost=-6950.92 margin=+0.00 won_src=prev_repos held_valid=Y reason=hold setpoint_to_ptarget=nanm finished_val=nanm finished_thresh=0.0200m pd_resid=nanm nextwp_to_ptarget=nanm guide_terminal_err=nanm
[GATE-EVOLVE] step=151 curr=176952.95 best_other=-6950.92 ratio=nan ee_to_optimal=0.0050m phi=0.0050m
[STAGE-A-TRACE] step=151 sim_t=1.510 mode=free phi=0.00501 box_xy=+0.00000,+0.00000 lam_n_ee_box=nan qy=+0.00001 qz=+0.00000 finished_repos=0
  t=1.50s | ee=(0.080, -0.001, 0.057) | obj=(0.000, 0.000, 0.050) | |u|=0.49 Nm | goal_dist=0.300 m
[DRAKE-CONTACT] step=151 n_pairs=1 ee_box_normal=0.000
[GATE-CONTACT] step=151 F_W=(+0.0000,+0.0000,+0.0000) F_on_box=(-0.0000,-0.0000,-0.0000) n_face_out=(-0.0000,-0.0000,-0.0000) A_is_ee=0 box_q=(+1.00000,-0.00001,+0.00001,+0.00000) box_p=(+0.00000,+0.00000,+0.04999) ee_p=(+0.08002,-0.00055,+0.05735)
[CONTACT-ELEM] step=452 element=manipulated_object::collision phi=+0.0050m
[ADMM-C3+] primal: 15.4982->5.6983  dual: 1042.3522->93.8653  mono=False  iters=25/25  rho=25.0
[ADMM-C3+] WARNING non-converged: pr=5.6983 dr=93.8653 tol=1e-03
[MATH.δ-C3+] Bui 2026 eq (12) projection results (N=20 × 12 λ-components):
[MATH.δ-C3+]   case 1 (η wins, λ→0):     110
[MATH.δ-C3+]   case 2 (λ wins, η→0):     103
[MATH.δ-C3+]   case 3 (both zero):       27
[MATH.δ-C3+] First step k=0, component 0:
[MATH.δ-C3+]   pre:  λ°=0.8272, η°=-16.3382
[MATH.δ-C3+]   post: δ_λ=0.9098, δ_η=0.0000
[MATH.ω-C3+] ω update: ω += (z-δ), over 25 ADMM iters
[MATH.ω-C3+] ||ω||=521.5397, ||z-δ||_max=1.2861  (scale differs from C3 — ω carries η-block residuals too)
[MATH.ω-C3+] ρ decision: primal=5.6983, dual=93.8653, ratio=0.0607 < 0.1 → would halve ρ to 12.5000
[MATH.ω-C3+] Note: adaptive-ρ fires every 10 iters; current max_iter=25
[C3+] step=453 |u[0]|=50.43N u_axis=(-27.26,+30.00,-30.00)N λ_n_max=3.126 η_n_max=10.015 primal=5.698 iters=25/25 lcp_res_max=5.66e-06
[ADMIT-GUARD] step=152 admit_active=1 latch=0/0 ee_z=0.056 gate_cap=0
[ALT-GATE] step=152 target_stable=0/0 allow_descent=1
[GS-tgt] step=152 ee=(+0.080,-0.001,+0.056) p_repos=(+0.080,+0.000,+0.030) ee_to_target=0.026m target_label=prev_repos target_changed=N delta=0.000m
[GS] step=152 mode=free switch=kStayInRepos best_k=1 best_src=prev_repos curr_cost=172954.54 repos_cost=-7081.26 best_other=-7081.26 met_progress=N steps_since_improve=150 switches=0
[STEP] step=152 mode=free t=1.520s ee=(+0.080,-0.001,+0.056) obj=(+0.000,+0.000,+0.050) goal_dist=0.300m switch=kStayInRepos target=(+0.080,+0.000,+0.055) ee_stride=0.001m ee_to_ptarget=0.026m landing_err=0.0000m ik_ok=Y ik_resid=0.0001m q_max_resid_deg=3.55 target_changed=Y retgt=N held_idx=1 held_cost=-7081.26 won_cost=-7081.26 margin=+0.00 won_src=prev_repos held_valid=Y reason=hold setpoint_to_ptarget=nanm finished_val=nanm finished_thresh=0.0200m pd_resid=nanm nextwp_to_ptarget=nanm guide_terminal_err=nanm
[GATE-EVOLVE] step=152 curr=172954.54 best_other=-7081.26 ratio=nan ee_to_optimal=0.0050m phi=0.0050m
[STAGE-A-TRACE] step=152 sim_t=1.520 mode=free phi=0.00501 box_xy=+0.00000,+0.00000 lam_n_ee_box=nan qy=+0.00001 qz=+0.00000 finished_repos=0
[DRAKE-CONTACT] step=152 n_pairs=1 ee_box_normal=0.000
[GATE-CONTACT] step=152 F_W=(+0.0000,+0.0000,+0.0000) F_on_box=(-0.0000,-0.0000,-0.0000) n_face_out=(-0.0000,-0.0000,-0.0000) A_is_ee=0 box_q=(+1.00000,-0.00001,+0.00001,+0.00000) box_p=(+0.00000,+0.00000,+0.04999) ee_p=(+0.08001,-0.00055,+0.05556)
[CONTACT-ELEM] step=455 element=manipulated_object::collision phi=+0.0050m
[ADMM-C3+] primal: 15.4540->6.4724  dual: 1037.7150->106.9338  mono=False  iters=25/25  rho=25.0
[ADMM-C3+] WARNING non-converged: pr=6.4724 dr=106.9338 tol=1e-03
[MATH.δ-C3+] Bui 2026 eq (12) projection results (N=20 × 12 λ-components):
[MATH.δ-C3+]   case 1 (η wins, λ→0):     109
[MATH.δ-C3+]   case 2 (λ wins, η→0):     104
[MATH.δ-C3+]   case 3 (both zero):       27
[MATH.δ-C3+] First step k=0, component 0:
[MATH.δ-C3+]   pre:  λ°=1.1963, η°=-16.5503
[MATH.δ-C3+]   post: δ_λ=1.0885, δ_η=0.0000
[MATH.ω-C3+] ω update: ω += (z-δ), over 25 ADMM iters
[MATH.ω-C3+] ||ω||=515.2234, ||z-δ||_max=2.1590  (scale differs from C3 — ω carries η-block residuals too)
[MATH.ω-C3+] ρ decision: primal=6.4724, dual=106.9338, ratio=0.0605 < 0.1 → would halve ρ to 12.5000
[MATH.ω-C3+] Note: adaptive-ρ fires every 10 iters; current max_iter=25
[C3+] step=456 |u[0]|=51.96N u_axis=(-30.00,+30.00,-30.00)N λ_n_max=2.783 η_n_max=8.281 primal=6.472 iters=25/25 lcp_res_max=5.95e-06
[ADMIT-GUARD] step=153 admit_active=1 latch=0/0 ee_z=0.054 gate_cap=0
[ALT-GATE] step=153 target_stable=0/0 allow_descent=1
[GS-tgt] step=153 ee=(+0.080,-0.001,+0.054) p_repos=(+0.080,+0.000,+0.030) ee_to_target=0.024m target_label=prev_repos target_changed=N delta=0.000m
[GS] step=153 mode=free switch=kStayInRepos best_k=1 best_src=prev_repos curr_cost=177844.56 repos_cost=-7138.74 best_other=-7138.74 met_progress=N steps_since_improve=151 switches=0
[STEP] step=153 mode=free t=1.530s ee=(+0.080,-0.001,+0.054) obj=(+0.000,+0.000,+0.050) goal_dist=0.300m switch=kStayInRepos target=(+0.080,+0.000,+0.053) ee_stride=0.001m ee_to_ptarget=0.024m landing_err=0.0000m ik_ok=Y ik_resid=0.0001m q_max_resid_deg=3.31 target_changed=Y retgt=N held_idx=1 held_cost=-7138.74 won_cost=-7138.74 margin=+0.00 won_src=prev_repos held_valid=Y reason=hold setpoint_to_ptarget=nanm finished_val=nanm finished_thresh=0.0200m pd_resid=nanm nextwp_to_ptarget=nanm guide_terminal_err=nanm
[GATE-EVOLVE] step=153 curr=177844.56 best_other=-7138.74 ratio=nan ee_to_optimal=0.0050m phi=0.0050m
[STAGE-A-TRACE] step=153 sim_t=1.530 mode=free phi=0.00501 box_xy=+0.00000,+0.00000 lam_n_ee_box=nan qy=+0.00001 qz=+0.00000 finished_repos=0
[DRAKE-CONTACT] step=153 n_pairs=1 ee_box_normal=0.000
[GATE-CONTACT] step=153 F_W=(+0.0000,+0.0000,+0.0000) F_on_box=(-0.0000,-0.0000,-0.0000) n_face_out=(-0.0000,-0.0000,-0.0000) A_is_ee=0 box_q=(+1.00000,-0.00001,+0.00001,+0.00000) box_p=(+0.00000,+0.00000,+0.04999) ee_p=(+0.08001,-0.00056,+0.05376)
[CONTACT-ELEM] step=458 element=manipulated_object::collision phi=+0.0050m
[ADMM-C3+] primal: 15.4558->48.6695  dual: 1035.1617->861.0081  mono=False  iters=25/25  rho=25.0
[ADMM-C3+] WARNING non-converged: pr=48.6695 dr=861.0081 tol=1e-03
[MATH.δ-C3+] Bui 2026 eq (12) projection results (N=20 × 12 λ-components):
[MATH.δ-C3+]   case 1 (η wins, λ→0):     106
[MATH.δ-C3+]   case 2 (λ wins, η→0):     104
[MATH.δ-C3+]   case 3 (both zero):       30
[MATH.δ-C3+] First step k=0, component 0:
[MATH.δ-C3+]   pre:  λ°=1.2403, η°=-16.7019
[MATH.δ-C3+]   post: δ_λ=1.1396, δ_η=0.0000
[MATH.ω-C3+] ω update: ω += (z-δ), over 25 ADMM iters
[MATH.ω-C3+] ||ω||=505.2582, ||z-δ||_max=26.9697  (scale differs from C3 — ω carries η-block residuals too)
[MATH.ω-C3+] ρ decision: primal=48.6695, dual=861.0081, ratio=0.0565 < 0.1 → would halve ρ to 12.5000
[MATH.ω-C3+] Note: adaptive-ρ fires every 10 iters; current max_iter=25
[C3+] step=459 |u[0]|=51.95N u_axis=(-29.98,+30.00,-30.00)N λ_n_max=2.590 η_n_max=6.334 primal=48.669 iters=25/25 lcp_res_max=inf
[ADMIT-GUARD] step=154 admit_active=1 latch=0/0 ee_z=0.052 gate_cap=0
[ALT-GATE] step=154 target_stable=0/0 allow_descent=1
[GS-tgt] step=154 ee=(+0.080,-0.001,+0.052) p_repos=(+0.080,+0.000,+0.030) ee_to_target=0.022m target_label=prev_repos target_changed=N delta=0.000m
[GS] step=154 mode=free switch=kStayInRepos best_k=1 best_src=prev_repos curr_cost=172885.35 repos_cost=-7157.36 best_other=-7157.36 met_progress=N steps_since_improve=152 switches=0
[STEP] step=154 mode=free t=1.540s ee=(+0.080,-0.001,+0.052) obj=(+0.000,+0.000,+0.050) goal_dist=0.300m switch=kStayInRepos target=(+0.080,+0.000,+0.051) ee_stride=0.001m ee_to_ptarget=0.022m landing_err=0.0000m ik_ok=Y ik_resid=0.0000m q_max_resid_deg=3.06 target_changed=Y retgt=N held_idx=1 held_cost=-7157.36 won_cost=-7157.36 margin=+0.00 won_src=prev_repos held_valid=Y reason=hold setpoint_to_ptarget=nanm finished_val=nanm finished_thresh=0.0200m pd_resid=nanm nextwp_to_ptarget=nanm guide_terminal_err=nanm
[GATE-EVOLVE] step=154 curr=172885.35 best_other=-7157.36 ratio=nan ee_to_optimal=0.0050m phi=0.0050m
[STAGE-A-TRACE] step=154 sim_t=1.540 mode=free phi=0.00501 box_xy=+0.00000,+0.00000 lam_n_ee_box=nan qy=+0.00001 qz=+0.00000 finished_repos=0
[DRAKE-CONTACT] step=154 n_pairs=1 ee_box_normal=0.000
[GATE-CONTACT] step=154 F_W=(+0.0000,+0.0000,+0.0000) F_on_box=(-0.0000,-0.0000,-0.0000) n_face_out=(-0.0000,-0.0000,-0.0000) A_is_ee=0 box_q=(+1.00000,-0.00001,+0.00001,+0.00000) box_p=(+0.00000,+0.00000,+0.04999) ee_p=(+0.08001,-0.00056,+0.05196)
[CONTACT-ELEM] step=461 element=manipulated_object::collision phi=+0.0050m
[ADMM-C3+] primal: 15.3452->52.3374  dual: 1030.1617->1133.7860  mono=False  iters=25/25  rho=25.0
[ADMM-C3+] WARNING non-converged: pr=52.3374 dr=1133.7860 tol=1e-03
[MATH.δ-C3+] Bui 2026 eq (12) projection results (N=20 × 12 λ-components):
[MATH.δ-C3+]   case 1 (η wins, λ→0):     103
[MATH.δ-C3+]   case 2 (λ wins, η→0):     100
[MATH.δ-C3+]   case 3 (both zero):       37
[MATH.δ-C3+] First step k=0, component 0:
[MATH.δ-C3+]   pre:  λ°=1.1918, η°=-16.6279
[MATH.δ-C3+]   post: δ_λ=1.1897, δ_η=0.0000
[MATH.ω-C3+] ω update: ω += (z-δ), over 25 ADMM iters
[MATH.ω-C3+] ||ω||=491.8733, ||z-δ||_max=19.4410  (scale differs from C3 — ω carries η-block residuals too)
[MATH.ω-C3+] ρ decision: primal=52.3374, dual=1.1338e+03, ratio=0.0462 < 0.1 → would halve ρ to 12.5000
[MATH.ω-C3+] Note: adaptive-ρ fires every 10 iters; current max_iter=25
[C3+] step=462 |u[0]|=51.96N u_axis=(-29.99,+30.00,-30.00)N λ_n_max=2.848 η_n_max=4.772 primal=52.337 iters=25/25 lcp_res_max=inf
[ADMIT-GUARD] step=155 admit_active=1 latch=0/0 ee_z=0.050 gate_cap=0
[ALT-GATE] step=155 target_stable=0/0 allow_descent=1
[GS-tgt] step=155 ee=(+0.080,-0.001,+0.050) p_repos=(+0.080,+0.000,+0.030) ee_to_target=0.020m target_label=prev_repos target_changed=N delta=0.000m
[GS] step=155 mode=free switch=kStayInRepos best_k=1 best_src=prev_repos curr_cost=173758.24 repos_cost=-7245.51 best_other=-7245.51 met_progress=N steps_since_improve=153 switches=0
[STEP] step=155 mode=free t=1.550s ee=(+0.080,-0.001,+0.050) obj=(+0.000,+0.000,+0.050) goal_dist=0.300m switch=kStayInRepos target=(+0.080,+0.000,+0.050) ee_stride=0.001m ee_to_ptarget=0.020m landing_err=0.0000m ik_ok=Y ik_resid=0.0000m q_max_resid_deg=2.82 target_changed=Y retgt=N held_idx=1 held_cost=-7245.51 won_cost=-7245.51 margin=+0.00 won_src=prev_repos held_valid=Y reason=hold setpoint_to_ptarget=nanm finished_val=nanm finished_thresh=0.0200m pd_resid=nanm nextwp_to_ptarget=nanm guide_terminal_err=nanm
[GATE-EVOLVE] step=155 curr=173758.24 best_other=-7245.51 ratio=nan ee_to_optimal=0.0050m phi=0.0050m
[STAGE-A-TRACE] step=155 sim_t=1.550 mode=free phi=0.00501 box_xy=+0.00000,+0.00000 lam_n_ee_box=nan qy=+0.00001 qz=+0.00000 finished_repos=0
[DRAKE-CONTACT] step=155 n_pairs=1 ee_box_normal=0.000
[GATE-CONTACT] step=155 F_W=(+0.0000,+0.0000,+0.0000) F_on_box=(-0.0000,-0.0000,-0.0000) n_face_out=(-0.0000,-0.0000,-0.0000) A_is_ee=0 box_q=(+1.00000,-0.00001,+0.00001,+0.00000) box_p=(+0.00000,+0.00000,+0.04999) ee_p=(+0.08001,-0.00056,+0.05017)
[CONTACT-ELEM] step=464 element=manipulated_object::collision phi=+0.0050m
[ADMM-C3+] primal: 15.2974->10.3321  dual: 1027.6252->135.1746  mono=False  iters=25/25  rho=25.0
[ADMM-C3+] WARNING non-converged: pr=10.3321 dr=135.1746 tol=1e-03
[MATH.δ-C3+] Bui 2026 eq (12) projection results (N=20 × 12 λ-components):
[MATH.δ-C3+]   case 1 (η wins, λ→0):     103
[MATH.δ-C3+]   case 2 (λ wins, η→0):     98
[MATH.δ-C3+]   case 3 (both zero):       39
[MATH.δ-C3+] First step k=0, component 0:
[MATH.δ-C3+]   pre:  λ°=1.2374, η°=-16.8918
[MATH.δ-C3+]   post: δ_λ=1.2376, δ_η=0.0000
[MATH.ω-C3+] ω update: ω += (z-δ), over 25 ADMM iters
[MATH.ω-C3+] ||ω||=480.9985, ||z-δ||_max=3.4341  (scale differs from C3 — ω carries η-block residuals too)
[MATH.ω-C3+] ρ decision: primal=10.3321, dual=135.1746, ratio=0.0764 < 0.1 → would halve ρ to 12.5000
[MATH.ω-C3+] Note: adaptive-ρ fires every 10 iters; current max_iter=25
[C3+] step=465 |u[0]|=51.97N u_axis=(-30.01,+30.00,-30.00)N λ_n_max=2.946 η_n_max=3.270 primal=10.332 iters=25/25 lcp_res_max=5.96e-06
[ADMIT-GUARD] step=156 admit_active=1 latch=0/0 ee_z=0.048 gate_cap=0
[ALT-GATE] step=156 target_stable=0/0 allow_descent=1
[GS-tgt] step=156 ee=(+0.080,-0.001,+0.048) p_repos=(+0.080,+0.000,+0.030) ee_to_target=0.018m target_label=prev_repos target_changed=N delta=0.000m
[GS] step=156 mode=free switch=kStayInRepos best_k=1 best_src=prev_repos curr_cost=173464.65 repos_cost=-7292.61 best_other=-7292.61 met_progress=N steps_since_improve=154 switches=0
[STEP] step=156 mode=free t=1.560s ee=(+0.080,-0.001,+0.048) obj=(+0.000,+0.000,+0.050) goal_dist=0.300m switch=kStayInRepos target=(+0.080,+0.000,+0.048) ee_stride=0.001m ee_to_ptarget=0.018m landing_err=0.0000m ik_ok=Y ik_resid=0.0009m q_max_resid_deg=2.48 target_changed=Y retgt=N held_idx=1 held_cost=-7292.61 won_cost=-7292.61 margin=+0.00 won_src=prev_repos held_valid=Y reason=hold setpoint_to_ptarget=nanm finished_val=nanm finished_thresh=0.0200m pd_resid=nanm nextwp_to_ptarget=nanm guide_terminal_err=nanm
[GATE-EVOLVE] step=156 curr=173464.65 best_other=-7292.61 ratio=nan ee_to_optimal=0.0050m phi=0.0050m
[STAGE-A-TRACE] step=156 sim_t=1.560 mode=free phi=0.00501 box_xy=+0.00000,+0.00000 lam_n_ee_box=nan qy=+0.00001 qz=+0.00000 finished_repos=0
[DRAKE-CONTACT] step=156 n_pairs=1 ee_box_normal=0.000
[GATE-CONTACT] step=156 F_W=(+0.0000,+0.0000,+0.0000) F_on_box=(-0.0000,-0.0000,-0.0000) n_face_out=(-0.0000,-0.0000,-0.0000) A_is_ee=0 box_q=(+1.00000,-0.00001,+0.00001,+0.00000) box_p=(+0.00000,+0.00000,+0.04999) ee_p=(+0.08001,-0.00057,+0.04837)
[CONTACT-ELEM] step=467 element=manipulated_object::collision phi=+0.0050m
[ADMM-C3+] primal: 15.2305->10.5731  dual: 1025.0632->128.0520  mono=False  iters=25/25  rho=25.0
[ADMM-C3+] WARNING non-converged: pr=10.5731 dr=128.0520 tol=1e-03
[MATH.δ-C3+] Bui 2026 eq (12) projection results (N=20 × 12 λ-components):
[MATH.δ-C3+]   case 1 (η wins, λ→0):     100
[MATH.δ-C3+]   case 2 (λ wins, η→0):     94
[MATH.δ-C3+]   case 3 (both zero):       46
[MATH.δ-C3+] First step k=0, component 0:
[MATH.δ-C3+]   pre:  λ°=1.2816, η°=-17.9799
[MATH.δ-C3+]   post: δ_λ=1.2816, δ_η=0.0000
[MATH.ω-C3+] ω update: ω += (z-δ), over 25 ADMM iters
[MATH.ω-C3+] ||ω||=473.0532, ||z-δ||_max=3.4046  (scale differs from C3 — ω carries η-block residuals too)
[MATH.ω-C3+] ρ decision: primal=10.5731, dual=128.0520, ratio=0.0826 < 0.1 → would halve ρ to 12.5000
[MATH.ω-C3+] Note: adaptive-ρ fires every 10 iters; current max_iter=25
[C3+] step=468 |u[0]|=51.96N u_axis=(-30.00,+30.00,-30.00)N λ_n_max=2.973 η_n_max=2.831 primal=10.573 iters=25/25 lcp_res_max=5.94e-06
[ADMIT-GUARD] step=157 admit_active=1 latch=0/0 ee_z=0.047 gate_cap=0
[ALT-GATE] step=157 target_stable=0/0 allow_descent=1
[GS-tgt] step=157 ee=(+0.080,-0.001,+0.047) p_repos=(+0.080,+0.000,+0.030) ee_to_target=0.017m target_label=prev_repos target_changed=N delta=0.000m
[GS] step=157 mode=free switch=kStayInRepos best_k=1 best_src=prev_repos curr_cost=171936.23 repos_cost=-7333.18 best_other=-7333.18 met_progress=N steps_since_improve=155 switches=0
[STEP] step=157 mode=free t=1.570s ee=(+0.080,-0.001,+0.047) obj=(+0.000,+0.000,+0.050) goal_dist=0.300m switch=kStayInRepos target=(+0.080,+0.000,+0.046) ee_stride=0.001m ee_to_ptarget=0.017m landing_err=0.0000m ik_ok=Y ik_resid=0.0008m q_max_resid_deg=2.24 target_changed=Y retgt=N held_idx=1 held_cost=-7333.18 won_cost=-7333.18 margin=+0.00 won_src=prev_repos held_valid=Y reason=hold setpoint_to_ptarget=nanm finished_val=nanm finished_thresh=0.0200m pd_resid=nanm nextwp_to_ptarget=nanm guide_terminal_err=nanm
[GATE-EVOLVE] step=157 curr=171936.23 best_other=-7333.18 ratio=nan ee_to_optimal=0.0050m phi=0.0050m
[STAGE-A-TRACE] step=157 sim_t=1.570 mode=free phi=0.00501 box_xy=+0.00000,+0.00000 lam_n_ee_box=nan qy=+0.00001 qz=+0.00000 finished_repos=0
[DRAKE-CONTACT] step=157 n_pairs=1 ee_box_normal=0.000
[GATE-CONTACT] step=157 F_W=(+0.0000,+0.0000,+0.0000) F_on_box=(-0.0000,-0.0000,-0.0000) n_face_out=(-0.0000,-0.0000,-0.0000) A_is_ee=0 box_q=(+1.00000,-0.00001,+0.00001,+0.00000) box_p=(+0.00000,+0.00000,+0.04999) ee_p=(+0.08001,-0.00057,+0.04658)
[CONTACT-ELEM] step=470 element=manipulated_object::collision phi=+0.0050m
[ADMM-C3+] primal: 15.1304->9.6379  dual: 1021.8333->125.4438  mono=False  iters=25/25  rho=25.0
[ADMM-C3+] WARNING non-converged: pr=9.6379 dr=125.4438 tol=1e-03
[MATH.δ-C3+] Bui 2026 eq (12) projection results (N=20 × 12 λ-components):
[MATH.δ-C3+]   case 1 (η wins, λ→0):     101
[MATH.δ-C3+]   case 2 (λ wins, η→0):     95
[MATH.δ-C3+]   case 3 (both zero):       44
[MATH.δ-C3+] First step k=0, component 0:
[MATH.δ-C3+]   pre:  λ°=1.3219, η°=-18.7128
[MATH.δ-C3+]   post: δ_λ=1.3227, δ_η=0.0000
[MATH.ω-C3+] ω update: ω += (z-δ), over 25 ADMM iters
[MATH.ω-C3+] ||ω||=471.8657, ||z-δ||_max=3.3981  (scale differs from C3 — ω carries η-block residuals too)
[MATH.ω-C3+] ρ decision: primal=9.6379, dual=125.4438, ratio=0.0768 < 0.1 → would halve ρ to 12.5000
[MATH.ω-C3+] Note: adaptive-ρ fires every 10 iters; current max_iter=25
[C3+] step=471 |u[0]|=51.96N u_axis=(-30.00,+30.00,-30.00)N λ_n_max=2.952 η_n_max=2.868 primal=9.638 iters=25/25 lcp_res_max=5.96e-06
[ADMIT-GUARD] step=158 admit_active=1 latch=0/0 ee_z=0.045 gate_cap=0
[ALT-GATE] step=158 target_stable=0/0 allow_descent=1
[GS-tgt] step=158 ee=(+0.080,-0.001,+0.045) p_repos=(+0.080,+0.000,+0.030) ee_to_target=0.015m target_label=prev_repos target_changed=N delta=0.000m
[GS] step=158 mode=free switch=kStayInRepos best_k=1 best_src=prev_repos curr_cost=170376.48 repos_cost=-7414.17 best_other=-7414.17 met_progress=N steps_since_improve=156 switches=0
[STEP] step=158 mode=free t=1.580s ee=(+0.080,-0.001,+0.045) obj=(+0.000,+0.000,+0.050) goal_dist=0.300m switch=kStayInRepos target=(+0.080,+0.000,+0.044) ee_stride=0.001m ee_to_ptarget=0.015m landing_err=0.0000m ik_ok=Y ik_resid=0.0007m q_max_resid_deg=2.00 target_changed=Y retgt=N held_idx=1 held_cost=-7414.17 won_cost=-7414.17 margin=+0.00 won_src=prev_repos held_valid=Y reason=hold setpoint_to_ptarget=nanm finished_val=nanm finished_thresh=0.0200m pd_resid=nanm nextwp_to_ptarget=nanm guide_terminal_err=nanm
[GATE-EVOLVE] step=158 curr=170376.48 best_other=-7414.17 ratio=nan ee_to_optimal=0.0050m phi=0.0050m
[STAGE-A-TRACE] step=158 sim_t=1.580 mode=free phi=0.00501 box_xy=+0.00000,+0.00000 lam_n_ee_box=nan qy=+0.00001 qz=+0.00000 finished_repos=0
[DRAKE-CONTACT] step=158 n_pairs=1 ee_box_normal=0.000
[GATE-CONTACT] step=158 F_W=(+0.0000,+0.0000,+0.0000) F_on_box=(-0.0000,-0.0000,-0.0000) n_face_out=(-0.0000,-0.0000,-0.0000) A_is_ee=0 box_q=(+1.00000,-0.00001,+0.00001,+0.00000) box_p=(+0.00000,+0.00000,+0.04999) ee_p=(+0.08001,-0.00057,+0.04478)
[CONTACT-ELEM] step=473 element=manipulated_object::collision phi=+0.0050m
[ADMM-C3+] primal: 15.2112->9.3885  dual: 1025.1639->135.7079  mono=False  iters=25/25  rho=25.0
[ADMM-C3+] WARNING non-converged: pr=9.3885 dr=135.7079 tol=1e-03
[MATH.δ-C3+] Bui 2026 eq (12) projection results (N=20 × 12 λ-components):
[MATH.δ-C3+]   case 1 (η wins, λ→0):     101
[MATH.δ-C3+]   case 2 (λ wins, η→0):     95
[MATH.δ-C3+]   case 3 (both zero):       44
[MATH.δ-C3+] First step k=0, component 0:
[MATH.δ-C3+]   pre:  λ°=1.3584, η°=-19.1127
[MATH.δ-C3+]   post: δ_λ=1.3600, δ_η=0.0000
[MATH.ω-C3+] ω update: ω += (z-δ), over 25 ADMM iters
[MATH.ω-C3+] ||ω||=471.8796, ||z-δ||_max=3.2919  (scale differs from C3 — ω carries η-block residuals too)
[MATH.ω-C3+] ρ decision: primal=9.3885, dual=135.7079, ratio=0.0692 < 0.1 → would halve ρ to 12.5000
[MATH.ω-C3+] Note: adaptive-ρ fires every 10 iters; current max_iter=25
[C3+] step=474 |u[0]|=51.96N u_axis=(-30.01,+30.00,-30.00)N λ_n_max=2.984 η_n_max=2.811 primal=9.388 iters=25/25 lcp_res_max=5.91e-06
[ADMIT-GUARD] step=159 admit_active=1 latch=0/0 ee_z=0.043 gate_cap=0
[ALT-GATE] step=159 target_stable=0/0 allow_descent=1
[GS-tgt] step=159 ee=(+0.080,-0.001,+0.043) p_repos=(+0.080,+0.000,+0.030) ee_to_target=0.013m target_label=prev_repos target_changed=N delta=0.000m
[GS] step=159 mode=free switch=kStayInRepos best_k=1 best_src=prev_repos curr_cost=168122.48 repos_cost=-7365.22 best_other=-7365.22 met_progress=N steps_since_improve=157 switches=0
[STEP] step=159 mode=free t=1.590s ee=(+0.080,-0.001,+0.043) obj=(+0.000,+0.000,+0.050) goal_dist=0.300m switch=kStayInRepos target=(+0.080,+0.000,+0.042) ee_stride=0.001m ee_to_ptarget=0.013m landing_err=0.0000m ik_ok=Y ik_resid=0.0006m q_max_resid_deg=1.76 target_changed=Y retgt=N held_idx=1 held_cost=-7365.22 won_cost=-7365.22 margin=+0.00 won_src=prev_repos held_valid=Y reason=hold setpoint_to_ptarget=nanm finished_val=nanm finished_thresh=0.0200m pd_resid=nanm nextwp_to_ptarget=nanm guide_terminal_err=nanm
[GATE-EVOLVE] step=159 curr=168122.48 best_other=-7365.22 ratio=nan ee_to_optimal=0.0050m phi=0.0050m
[STAGE-A-TRACE] step=159 sim_t=1.590 mode=free phi=0.00501 box_xy=+0.00000,+0.00000 lam_n_ee_box=nan qy=+0.00001 qz=+0.00000 finished_repos=0
[DRAKE-CONTACT] step=159 n_pairs=1 ee_box_normal=0.000
[GATE-CONTACT] step=159 F_W=(+0.0000,+0.0000,+0.0000) F_on_box=(-0.0000,-0.0000,-0.0000) n_face_out=(-0.0000,-0.0000,-0.0000) A_is_ee=0 box_q=(+1.00000,-0.00001,+0.00001,+0.00000) box_p=(+0.00000,+0.00000,+0.04999) ee_p=(+0.08001,-0.00058,+0.04299)
[CONTACT-ELEM] step=476 element=manipulated_object::collision phi=+0.0050m
[ADMM-C3+] primal: 15.2676->9.7801  dual: 1028.3462->138.8361  mono=False  iters=25/25  rho=25.0
[ADMM-C3+] WARNING non-converged: pr=9.7801 dr=138.8361 tol=1e-03
[MATH.δ-C3+] Bui 2026 eq (12) projection results (N=20 × 12 λ-components):
[MATH.δ-C3+]   case 1 (η wins, λ→0):     101
[MATH.δ-C3+]   case 2 (λ wins, η→0):     91
[MATH.δ-C3+]   case 3 (both zero):       48
[MATH.δ-C3+] First step k=0, component 0:
[MATH.δ-C3+]   pre:  λ°=1.4972, η°=-19.1401
[MATH.δ-C3+]   post: δ_λ=1.3936, δ_η=0.0000
[MATH.ω-C3+] ω update: ω += (z-δ), over 25 ADMM iters
[MATH.ω-C3+] ||ω||=473.0368, ||z-δ||_max=3.2466  (scale differs from C3 — ω carries η-block residuals too)
[MATH.ω-C3+] ρ decision: primal=9.7801, dual=138.8361, ratio=0.0704 < 0.1 → would halve ρ to 12.5000
[MATH.ω-C3+] Note: adaptive-ρ fires every 10 iters; current max_iter=25
[C3+] step=477 |u[0]|=51.97N u_axis=(-30.01,+30.00,-30.00)N λ_n_max=2.848 η_n_max=2.964 primal=9.780 iters=25/25 lcp_res_max=5.91e-06
[ADMIT-GUARD] step=160 admit_active=1 latch=0/0 ee_z=0.041 gate_cap=0
[ALT-GATE] step=160 target_stable=0/0 allow_descent=1
[GS-tgt] step=160 ee=(+0.080,-0.001,+0.041) p_repos=(+0.080,+0.000,+0.030) ee_to_target=0.011m target_label=prev_repos target_changed=N delta=0.000m
[IMP] step=160 mode=free |x_err|=0.0009m |tau_imp|=0.46Nm |tau_ff|=0.00Nm |tau_out|=0.46Nm sat=False lam_n=False lam_t=False
[GS] step=160 mode=free switch=kStayInRepos best_k=1 best_src=prev_repos curr_cost=167143.56 repos_cost=-7337.59 best_other=-7337.59 met_progress=N steps_since_improve=158 switches=0
[STEP] step=160 mode=free t=1.600s ee=(+0.080,-0.001,+0.041) obj=(+0.000,+0.000,+0.050) goal_dist=0.300m switch=kStayInRepos target=(+0.080,+0.000,+0.041) ee_stride=0.001m ee_to_ptarget=0.011m landing_err=0.0000m ik_ok=Y ik_resid=0.0005m q_max_resid_deg=1.53 target_changed=Y retgt=N held_idx=1 held_cost=-7337.59 won_cost=-7337.59 margin=+0.00 won_src=prev_repos held_valid=Y reason=hold setpoint_to_ptarget=nanm finished_val=nanm finished_thresh=0.0200m pd_resid=nanm nextwp_to_ptarget=nanm guide_terminal_err=nanm
[GATE-EVOLVE] step=160 curr=167143.56 best_other=-7337.59 ratio=nan ee_to_optimal=0.0050m phi=0.0050m
[STAGE-A-TRACE] step=160 sim_t=1.600 mode=free phi=0.00501 box_xy=+0.00000,+0.00000 lam_n_ee_box=nan qy=+0.00001 qz=+0.00000 finished_repos=0
[GS-table] step=160
  k=0 (current   ) pos=(+0.080,-0.001,+0.041) c_C3= 197143.56 align=1.0000(bonus=30000.00) rot=+0.0000(bonus=    0.00) travel=0.000m(pen=  0.00) c_sample= 167143.56 feas=Y ik_err=0.0000m
  k=1 (prev_repos) pos=(+0.080,+0.000,+0.030) c_C3=  22660.17 align=1.0000(bonus=30000.00) rot=+0.0000(bonus=    0.00) travel=0.011m(pen=  2.24) c_sample=  -7337.59 feas=Y ik_err=0.0000m  ← WIN
  k=2 (strat_0   ) pos=(-0.004,+0.080,+0.030) c_C3=  22661.79 align=0.0000(bonus=    0.15) rot=+0.0000(bonus=    0.00) travel=0.117m(pen= 23.44) c_sample=  22685.08 feas=Y ik_err=0.0000m
[DRAKE-CONTACT] step=160 n_pairs=1 ee_box_normal=0.000
[GATE-CONTACT] step=160 F_W=(+0.0000,+0.0000,+0.0000) F_on_box=(-0.0000,-0.0000,-0.0000) n_face_out=(-0.0000,-0.0000,-0.0000) A_is_ee=0 box_q=(+1.00000,-0.00001,+0.00001,+0.00000) box_p=(+0.00000,+0.00000,+0.04999) ee_p=(+0.08001,-0.00058,+0.04119)
[CONTACT-ELEM] step=479 element=manipulated_object::collision phi=+0.0050m
[ADMM-C3+] primal: 15.2498->9.8466  dual: 1029.1112->138.9886  mono=False  iters=25/25  rho=25.0
[ADMM-C3+] WARNING non-converged: pr=9.8466 dr=138.9886 tol=1e-03
[MATH.QP-C3+] Minimizing: (1/2) z^T P z + q^T z  (z augmented with η)
[MATH.QP-C3+]   s.t. A_eq z = b_eq  (639 rows = x_0 fixation + 20 dynamics + 240 η-slack rows; slack-equality block ADDED)
[MATH.QP-C3+]        bbox: λ_n ≥ 0, |u| ≤ 30.0 N (EE force)  (η is unbounded — sign enforced via projection eq 12)
[MATH.QP-C3+] P shape=(939,939), symmetric=True, pos-semidef=True, cond(P)=4.0000e+05
[MATH.QP-C3+] q norm=3.9829e+05
[MATH.QP-C3+] Augmented term: (ρ/2) Σ ||z-δ+ω||^2_G  ρ=25.0000  (G=I in v1: u_λ=u_η=1)
[MATH.QP-C3+] Soft complementarity: w_comp=0.0000  (C3+ disables it — η equality replaces the linear penalty)
[MATH.QP-C3+] OSQP status: solved, iters=150, solve time=8.30ms
[MATH.δ-C3+] Bui 2026 eq (12) projection results (N=20 × 12 λ-components):
[MATH.δ-C3+]   case 1 (η wins, λ→0):     102
[MATH.δ-C3+]   case 2 (λ wins, η→0):     89
[MATH.δ-C3+]   case 3 (both zero):       49
[MATH.δ-C3+] First step k=0, component 0:
[MATH.δ-C3+]   pre:  λ°=1.4410, η°=-19.8852
[MATH.δ-C3+]   post: δ_λ=1.4222, δ_η=0.0000
[MATH.ω-C3+] ω update: ω += (z-δ), over 25 ADMM iters
[MATH.ω-C3+] ||ω||=473.3848, ||z-δ||_max=3.2916  (scale differs from C3 — ω carries η-block residuals too)
[MATH.ω-C3+] ρ decision: primal=9.8466, dual=138.9886, ratio=0.0708 < 0.1 → would halve ρ to 12.5000
[MATH.ω-C3+] Note: adaptive-ρ fires every 10 iters; current max_iter=25
[C3+] step=480 |u[0]|=51.96N u_axis=(-30.00,+30.00,-30.00)N λ_n_max=2.990 η_n_max=3.635 primal=9.847 iters=25/25 lcp_res_max=5.92e-06
[ADMIT-GUARD] step=161 admit_active=1 latch=0/0 ee_z=0.039 gate_cap=0
[ALT-GATE] step=161 target_stable=0/0 allow_descent=1
[GS-tgt] step=161 ee=(+0.080,-0.001,+0.039) p_repos=(+0.080,+0.000,+0.030) ee_to_target=0.009m target_label=prev_repos target_changed=N delta=0.000m
[GS] step=161 mode=free switch=kStayInRepos best_k=1 best_src=prev_repos curr_cost=165695.62 repos_cost=-7317.65 best_other=-7317.65 met_progress=N steps_since_improve=159 switches=0
[STEP] step=161 mode=free t=1.610s ee=(+0.080,-0.001,+0.039) obj=(+0.000,+0.000,+0.050) goal_dist=0.300m switch=kStayInRepos target=(+0.080,+0.000,+0.039) ee_stride=0.001m ee_to_ptarget=0.009m landing_err=0.0000m ik_ok=Y ik_resid=0.0004m q_max_resid_deg=1.29 target_changed=Y retgt=N held_idx=1 held_cost=-7317.65 won_cost=-7317.65 margin=+0.00 won_src=prev_repos held_valid=Y reason=hold setpoint_to_ptarget=nanm finished_val=nanm finished_thresh=0.0200m pd_resid=nanm nextwp_to_ptarget=nanm guide_terminal_err=nanm
[GATE-EVOLVE] step=161 curr=165695.62 best_other=-7317.65 ratio=nan ee_to_optimal=0.0050m phi=0.0050m
[STAGE-A-TRACE] step=161 sim_t=1.610 mode=free phi=0.00501 box_xy=+0.00000,+0.00000 lam_n_ee_box=nan qy=+0.00001 qz=+0.00000 finished_repos=0
[DRAKE-CONTACT] step=161 n_pairs=1 ee_box_normal=0.000
[GATE-CONTACT] step=161 F_W=(+0.0000,+0.0000,+0.0000) F_on_box=(-0.0000,-0.0000,-0.0000) n_face_out=(-0.0000,-0.0000,-0.0000) A_is_ee=0 box_q=(+1.00000,-0.00001,+0.00001,+0.00000) box_p=(+0.00000,+0.00000,+0.04999) ee_p=(+0.08001,-0.00058,+0.03940)
[CONTACT-ELEM] step=482 element=manipulated_object::collision phi=+0.0050m
[ADMM-C3+] primal: 15.1075->9.8265  dual: 1025.3369->155.6008  mono=False  iters=25/25  rho=25.0
[ADMM-C3+] WARNING non-converged: pr=9.8265 dr=155.6008 tol=1e-03
[MATH.δ-C3+] Bui 2026 eq (12) projection results (N=20 × 12 λ-components):
[MATH.δ-C3+]   case 1 (η wins, λ→0):     103
[MATH.δ-C3+]   case 2 (λ wins, η→0):     93
[MATH.δ-C3+]   case 3 (both zero):       44
[MATH.δ-C3+] First step k=0, component 0:
[MATH.δ-C3+]   pre:  λ°=1.4816, η°=-20.5944
[MATH.δ-C3+]   post: δ_λ=1.4476, δ_η=0.0000
[MATH.ω-C3+] ω update: ω += (z-δ), over 25 ADMM iters
[MATH.ω-C3+] ||ω||=475.7923, ||z-δ||_max=3.2370  (scale differs from C3 — ω carries η-block residuals too)
[MATH.ω-C3+] ρ decision: primal=9.8265, dual=155.6008, ratio=0.0632 < 0.1 → would halve ρ to 12.5000
[MATH.ω-C3+] Note: adaptive-ρ fires every 10 iters; current max_iter=25
[C3+] step=483 |u[0]|=51.97N u_axis=(-30.01,+30.00,-30.00)N λ_n_max=2.878 η_n_max=4.071 primal=9.827 iters=25/25 lcp_res_max=5.92e-06
[ADMIT-GUARD] step=162 admit_active=1 latch=0/0 ee_z=0.038 gate_cap=0
[ALT-GATE] step=162 target_stable=0/0 allow_descent=1
[GS-tgt] step=162 ee=(+0.080,-0.001,+0.038) p_repos=(+0.080,+0.000,+0.030) ee_to_target=0.008m target_label=prev_repos target_changed=N delta=0.000m
[GS] step=162 mode=free switch=kStayInRepos best_k=1 best_src=prev_repos curr_cost=163974.18 repos_cost=-7401.80 best_other=-7401.80 met_progress=N steps_since_improve=160 switches=0
[STEP] step=162 mode=free t=1.620s ee=(+0.080,-0.001,+0.038) obj=(+0.000,+0.000,+0.050) goal_dist=0.300m switch=kStayInRepos target=(+0.080,+0.000,+0.037) ee_stride=0.001m ee_to_ptarget=0.008m landing_err=0.0000m ik_ok=Y ik_resid=0.0003m q_max_resid_deg=1.05 target_changed=Y retgt=N held_idx=1 held_cost=-7401.80 won_cost=-7401.80 margin=+0.00 won_src=prev_repos held_valid=Y reason=hold setpoint_to_ptarget=nanm finished_val=nanm finished_thresh=0.0200m pd_resid=nanm nextwp_to_ptarget=nanm guide_terminal_err=nanm
[GATE-EVOLVE] step=162 curr=163974.18 best_other=-7401.80 ratio=nan ee_to_optimal=0.0050m phi=0.0050m
[STAGE-A-TRACE] step=162 sim_t=1.620 mode=free phi=0.00501 box_xy=+0.00000,+0.00000 lam_n_ee_box=nan qy=+0.00001 qz=+0.00000 finished_repos=0
[DRAKE-CONTACT] step=162 n_pairs=1 ee_box_normal=0.000
[GATE-CONTACT] step=162 F_W=(+0.0000,+0.0000,+0.0000) F_on_box=(-0.0000,-0.0000,-0.0000) n_face_out=(-0.0000,-0.0000,-0.0000) A_is_ee=0 box_q=(+1.00000,-0.00001,+0.00001,+0.00000) box_p=(+0.00000,+0.00000,+0.04999) ee_p=(+0.08001,-0.00059,+0.03760)
[CONTACT-ELEM] step=485 element=manipulated_object::collision phi=+0.0050m
[ADMM-C3+] primal: 15.1858->9.8702  dual: 1030.4364->164.9875  mono=False  iters=25/25  rho=25.0
[ADMM-C3+] WARNING non-converged: pr=9.8702 dr=164.9875 tol=1e-03
[MATH.δ-C3+] Bui 2026 eq (12) projection results (N=20 × 12 λ-components):
[MATH.δ-C3+]   case 1 (η wins, λ→0):     105
[MATH.δ-C3+]   case 2 (λ wins, η→0):     92
[MATH.δ-C3+]   case 3 (both zero):       43
[MATH.δ-C3+] First step k=0, component 0:
[MATH.δ-C3+]   pre:  λ°=1.5612, η°=-20.9169
[MATH.δ-C3+]   post: δ_λ=1.4674, δ_η=0.0000
[MATH.ω-C3+] ω update: ω += (z-δ), over 25 ADMM iters
[MATH.ω-C3+] ||ω||=479.4291, ||z-δ||_max=3.2557  (scale differs from C3 — ω carries η-block residuals too)
[MATH.ω-C3+] ρ decision: primal=9.8702, dual=164.9875, ratio=0.0598 < 0.1 → would halve ρ to 12.5000
[MATH.ω-C3+] Note: adaptive-ρ fires every 10 iters; current max_iter=25
[C3+] step=486 |u[0]|=51.96N u_axis=(-30.00,+30.00,-30.00)N λ_n_max=2.832 η_n_max=4.195 primal=9.870 iters=25/25 lcp_res_max=5.92e-06
[ADMIT-GUARD] step=163 admit_active=1 latch=0/0 ee_z=0.036 gate_cap=0
[ALT-GATE] step=163 target_stable=0/0 allow_descent=1
[GS-tgt] step=163 ee=(+0.080,-0.001,+0.036) p_repos=(+0.080,+0.000,+0.030) ee_to_target=0.006m target_label=prev_repos target_changed=N delta=0.000m
[GS] step=163 mode=free switch=kStayInRepos best_k=1 best_src=prev_repos curr_cost=162872.16 repos_cost=-7304.85 best_other=-7304.85 met_progress=N steps_since_improve=161 switches=0
[STEP] step=163 mode=free t=1.630s ee=(+0.080,-0.001,+0.036) obj=(+0.000,+0.000,+0.050) goal_dist=0.300m switch=kStayInRepos target=(+0.080,+0.000,+0.035) ee_stride=0.001m ee_to_ptarget=0.006m landing_err=0.0000m ik_ok=Y ik_resid=0.0002m q_max_resid_deg=0.82 target_changed=Y retgt=N held_idx=1 held_cost=-7304.85 won_cost=-7304.85 margin=+0.00 won_src=prev_repos held_valid=Y reason=hold setpoint_to_ptarget=nanm finished_val=nanm finished_thresh=0.0200m pd_resid=nanm nextwp_to_ptarget=nanm guide_terminal_err=nanm
[GATE-EVOLVE] step=163 curr=162872.16 best_other=-7304.85 ratio=nan ee_to_optimal=0.0050m phi=0.0050m
[STAGE-A-TRACE] step=163 sim_t=1.630 mode=free phi=0.00501 box_xy=+0.00000,+0.00000 lam_n_ee_box=nan qy=+0.00001 qz=+0.00000 finished_repos=0
[DRAKE-CONTACT] step=163 n_pairs=1 ee_box_normal=0.000
[GATE-CONTACT] step=163 F_W=(+0.0000,+0.0000,+0.0000) F_on_box=(-0.0000,-0.0000,-0.0000) n_face_out=(-0.0000,-0.0000,-0.0000) A_is_ee=0 box_q=(+1.00000,-0.00001,+0.00001,+0.00000) box_p=(+0.00000,+0.00000,+0.04999) ee_p=(+0.08001,-0.00059,+0.03581)
[CONTACT-ELEM] step=488 element=manipulated_object::collision phi=+0.0050m
[ADMM-C3+] primal: 15.1865->9.8067  dual: 1032.7886->155.6413  mono=False  iters=25/25  rho=25.0
[ADMM-C3+] WARNING non-converged: pr=9.8067 dr=155.6413 tol=1e-03
[MATH.δ-C3+] Bui 2026 eq (12) projection results (N=20 × 12 λ-components):
[MATH.δ-C3+]   case 1 (η wins, λ→0):     106
[MATH.δ-C3+]   case 2 (λ wins, η→0):     99
[MATH.δ-C3+]   case 3 (both zero):       35
[MATH.δ-C3+] First step k=0, component 0:
[MATH.δ-C3+]   pre:  λ°=1.3893, η°=-22.1113
[MATH.δ-C3+]   post: δ_λ=1.4504, δ_η=0.0000
[MATH.ω-C3+] ω update: ω += (z-δ), over 25 ADMM iters
[MATH.ω-C3+] ||ω||=483.6747, ||z-δ||_max=3.4711  (scale differs from C3 — ω carries η-block residuals too)
[MATH.ω-C3+] ρ decision: primal=9.8067, dual=155.6413, ratio=0.0630 < 0.1 → would halve ρ to 12.5000
[MATH.ω-C3+] Note: adaptive-ρ fires every 10 iters; current max_iter=25
[C3+] step=489 |u[0]|=51.19N u_axis=(-30.02,+28.63,-30.00)N λ_n_max=3.014 η_n_max=4.353 primal=9.807 iters=25/25 lcp_res_max=5.93e-06
[ADMIT-GUARD] step=164 admit_active=1 latch=0/0 ee_z=0.034 gate_cap=0
[ALT-GATE] step=164 target_stable=0/0 allow_descent=1
[GS-tgt] step=164 ee=(+0.080,-0.001,+0.034) p_repos=(+0.080,+0.000,+0.030) ee_to_target=0.004m target_label=prev_repos target_changed=N delta=0.000m
[GS] step=164 mode=free switch=kStayInRepos best_k=1 best_src=prev_repos curr_cost=161856.65 repos_cost=-7271.34 best_other=-7271.34 met_progress=N steps_since_improve=162 switches=0
[STEP] step=164 mode=free t=1.640s ee=(+0.080,-0.001,+0.034) obj=(+0.000,+0.000,+0.050) goal_dist=0.300m switch=kStayInRepos target=(+0.080,+0.000,+0.033) ee_stride=0.001m ee_to_ptarget=0.004m landing_err=0.0000m ik_ok=Y ik_resid=0.0002m q_max_resid_deg=0.58 target_changed=Y retgt=N held_idx=1 held_cost=-7271.34 won_cost=-7271.34 margin=+0.00 won_src=prev_repos held_valid=Y reason=hold setpoint_to_ptarget=nanm finished_val=nanm finished_thresh=0.0200m pd_resid=nanm nextwp_to_ptarget=nanm guide_terminal_err=nanm
[GATE-EVOLVE] step=164 curr=161856.65 best_other=-7271.34 ratio=nan ee_to_optimal=0.0050m phi=0.0050m
[STAGE-A-TRACE] step=164 sim_t=1.640 mode=free phi=0.00501 box_xy=+0.00000,+0.00000 lam_n_ee_box=nan qy=+0.00001 qz=+0.00000 finished_repos=0
[DRAKE-CONTACT] step=164 n_pairs=1 ee_box_normal=0.000
[GATE-CONTACT] step=164 F_W=(+0.0000,+0.0000,+0.0000) F_on_box=(-0.0000,-0.0000,-0.0000) n_face_out=(-0.0000,-0.0000,-0.0000) A_is_ee=0 box_q=(+1.00000,-0.00001,+0.00001,+0.00000) box_p=(+0.00000,+0.00000,+0.04999) ee_p=(+0.08001,-0.00059,+0.03401)
[PERSIST] step=165 refresh n_strategy=1 samples=[(-0.0316, 0.08, 0.03)]
[CONTACT-ELEM] step=491 element=manipulated_object::collision phi=+0.0050m
[ADMM-C3+] primal: 15.1953->9.9405  dual: 1035.9010->139.3417  mono=False  iters=25/25  rho=25.0
[ADMM-C3+] WARNING non-converged: pr=9.9405 dr=139.3417 tol=1e-03
[MATH.δ-C3+] Bui 2026 eq (12) projection results (N=20 × 12 λ-components):
[MATH.δ-C3+]   case 1 (η wins, λ→0):     105
[MATH.δ-C3+]   case 2 (λ wins, η→0):     98
[MATH.δ-C3+]   case 3 (both zero):       37
[MATH.δ-C3+] First step k=0, component 0:
[MATH.δ-C3+]   pre:  λ°=1.3384, η°=-23.9719
[MATH.δ-C3+]   post: δ_λ=1.3646, δ_η=0.0000
[MATH.ω-C3+] ω update: ω += (z-δ), over 25 ADMM iters
[MATH.ω-C3+] ||ω||=488.3367, ||z-δ||_max=3.5942  (scale differs from C3 — ω carries η-block residuals too)
[MATH.ω-C3+] ρ decision: primal=9.9405, dual=139.3417, ratio=0.0713 < 0.1 → would halve ρ to 12.5000
[MATH.ω-C3+] Note: adaptive-ρ fires every 10 iters; current max_iter=25
[C3+] step=492 |u[0]|=49.16N u_axis=(-30.00,+24.83,-30.00)N λ_n_max=3.039 η_n_max=4.515 primal=9.941 iters=25/25 lcp_res_max=5.93e-06
[ADMIT-GUARD] step=165 admit_active=1 latch=0/0 ee_z=0.032 gate_cap=0
[ALT-GATE] step=165 target_stable=0/0 allow_descent=1
[GS-tgt] step=165 ee=(+0.080,-0.001,+0.032) p_repos=(-0.032,+0.080,+0.030) ee_to_target=0.138m target_label=strat_0 target_changed=Y delta=0.137m
[STAGE-A-PWL] step=165 sim_t=1.650 build p_start=(+0.0800,-0.0006,+0.0322) p_target=(-0.0316,+0.0800,+0.0300) K=4 t_end=3.736
[GS] step=165 mode=free switch=kStayInRepos best_k=2 best_src=strat_0 curr_cost=160657.30 repos_cost=22803.70 best_other=22803.70 met_progress=N steps_since_improve=163 switches=0
[STEP] step=165 mode=free t=1.650s ee=(+0.080,-0.001,+0.032) obj=(+0.000,+0.000,+0.050) goal_dist=0.300m switch=kStayInRepos target=(+0.080,-0.001,+0.032) ee_stride=0.000m ee_to_ptarget=0.138m landing_err=0.1378m ik_ok=Y ik_resid=0.0001m q_max_resid_deg=0.52 target_changed=Y retgt=Y held_idx=1 held_cost=999992751.87 won_cost=22803.70 margin=+999969948.17 won_src=strat_0 held_valid=Y reason=new_sample_better setpoint_to_ptarget=nanm finished_val=nanm finished_thresh=0.0200m pd_resid=nanm nextwp_to_ptarget=nanm guide_terminal_err=nanm
[GATE-EVOLVE] step=165 curr=160657.30 best_other=22803.70 ratio=7.0452 ee_to_optimal=0.0050m phi=0.0050m
[STAGE-A-TRACE] step=165 sim_t=1.650 mode=free phi=0.00501 box_xy=+0.00000,+0.00000 lam_n_ee_box=nan qy=+0.00001 qz=+0.00000 finished_repos=0
[DRAKE-CONTACT] step=165 n_pairs=1 ee_box_normal=0.000
[GATE-CONTACT] step=165 F_W=(+0.0000,+0.0000,+0.0000) F_on_box=(-0.0000,-0.0000,-0.0000) n_face_out=(-0.0000,-0.0000,-0.0000) A_is_ee=0 box_q=(+1.00000,-0.00001,+0.00001,+0.00000) box_p=(+0.00000,+0.00000,+0.04999) ee_p=(+0.08001,-0.00060,+0.03222)
[PERSIST] step=166 refresh n_strategy=1 samples=[(-0.0497, -0.08, 0.03)]
[CONTACT-ELEM] step=494 element=manipulated_object::collision phi=+0.0050m
[ADMM-C3+] primal: 15.2053->10.0153  dual: 1037.6094->129.1683  mono=False  iters=25/25  rho=25.0
[ADMM-C3+] WARNING non-converged: pr=10.0153 dr=129.1683 tol=1e-03
[MATH.δ-C3+] Bui 2026 eq (12) projection results (N=20 × 12 λ-components):
[MATH.δ-C3+]   case 1 (η wins, λ→0):     105
[MATH.δ-C3+]   case 2 (λ wins, η→0):     95
[MATH.δ-C3+]   case 3 (both zero):       40
[MATH.δ-C3+] First step k=0, component 0:
[MATH.δ-C3+]   pre:  λ°=1.2914, η°=-24.9172
[MATH.δ-C3+]   post: δ_λ=1.3010, δ_η=0.0000
[MATH.ω-C3+] ω update: ω += (z-δ), over 25 ADMM iters
[MATH.ω-C3+] ||ω||=491.3216, ||z-δ||_max=3.6440  (scale differs from C3 — ω carries η-block residuals too)
[MATH.ω-C3+] ρ decision: primal=10.0153, dual=129.1683, ratio=0.0775 < 0.1 → would halve ρ to 12.5000
[MATH.ω-C3+] Note: adaptive-ρ fires every 10 iters; current max_iter=25
[C3+] step=495 |u[0]|=47.87N u_axis=(-30.00,+22.17,-30.00)N λ_n_max=2.956 η_n_max=4.481 primal=10.015 iters=25/25 lcp_res_max=5.94e-06
[ADMIT-GUARD] step=166 admit_active=1 latch=0/0 ee_z=0.031 gate_cap=0
[ALT-GATE] step=166 target_stable=0/0 allow_descent=1
[GS-tgt] step=166 ee=(+0.080,-0.001,+0.031) p_repos=(-0.050,-0.080,+0.030) ee_to_target=0.152m target_label=strat_0 target_changed=Y delta=0.161m
[STAGE-A-PWL] step=166 sim_t=1.660 build p_start=(+0.0800,-0.0005,+0.0311) p_target=(-0.0497,-0.0800,+0.0300) K=4 t_end=3.832
[GS] step=166 mode=free switch=kStayInRepos best_k=2 best_src=strat_0 curr_cost=160014.16 repos_cost=22848.84 best_other=22848.84 met_progress=N steps_since_improve=164 switches=0
[STEP] step=166 mode=free t=1.660s ee=(+0.080,-0.001,+0.031) obj=(+0.000,+0.000,+0.050) goal_dist=0.300m switch=kStayInRepos target=(+0.080,-0.001,+0.031) ee_stride=0.000m ee_to_ptarget=0.152m landing_err=0.1522m ik_ok=Y ik_resid=0.0001m q_max_resid_deg=0.52 target_changed=Y retgt=Y held_idx=1 held_cost=1000022845.65 won_cost=22848.84 margin=+999999996.81 won_src=strat_0 held_valid=Y reason=new_sample_better setpoint_to_ptarget=nanm finished_val=nanm finished_thresh=0.0200m pd_resid=nanm nextwp_to_ptarget=nanm guide_terminal_err=nanm
[GATE-EVOLVE] step=166 curr=160014.16 best_other=22848.84 ratio=7.0032 ee_to_optimal=0.0050m phi=0.0050m
[STAGE-A-TRACE] step=166 sim_t=1.660 mode=free phi=0.00498 box_xy=+0.00000,+0.00000 lam_n_ee_box=nan qy=+0.00001 qz=+0.00000 finished_repos=0
[DRAKE-CONTACT] step=166 n_pairs=1 ee_box_normal=0.000
[GATE-CONTACT] step=166 F_W=(+0.0000,+0.0000,+0.0000) F_on_box=(-0.0000,-0.0000,-0.0000) n_face_out=(-0.0000,-0.0000,-0.0000) A_is_ee=0 box_q=(+1.00000,-0.00001,+0.00001,+0.00000) box_p=(+0.00000,+0.00000,+0.04999) ee_p=(+0.07998,-0.00053,+0.03113)
[PERSIST] step=167 refresh n_strategy=1 samples=[(-0.08, 0.0466, 0.03)]
[CONTACT-ELEM] step=497 element=manipulated_object::collision phi=+0.0049m
[ADMM-C3+] primal: 15.2103->10.1957  dual: 1037.2305->131.9008  mono=False  iters=25/25  rho=25.0
[ADMM-C3+] WARNING non-converged: pr=10.1957 dr=131.9008 tol=1e-03
[MATH.δ-C3+] Bui 2026 eq (12) projection results (N=20 × 12 λ-components):
[MATH.δ-C3+]   case 1 (η wins, λ→0):     106
[MATH.δ-C3+]   case 2 (λ wins, η→0):     94
[MATH.δ-C3+]   case 3 (both zero):       40
[MATH.δ-C3+] First step k=0, component 0:
[MATH.δ-C3+]   pre:  λ°=1.2555, η°=-25.1231
[MATH.δ-C3+]   post: δ_λ=1.3063, δ_η=0.0000
[MATH.ω-C3+] ω update: ω += (z-δ), over 25 ADMM iters
[MATH.ω-C3+] ||ω||=491.7471, ||z-δ||_max=3.7373  (scale differs from C3 — ω carries η-block residuals too)
[MATH.ω-C3+] ρ decision: primal=10.1957, dual=131.9008, ratio=0.0773 < 0.1 → would halve ρ to 12.5000
[MATH.ω-C3+] Note: adaptive-ρ fires every 10 iters; current max_iter=25
[C3+] step=498 |u[0]|=47.93N u_axis=(-30.00,+22.30,-30.00)N λ_n_max=3.044 η_n_max=4.659 primal=10.196 iters=25/25 lcp_res_max=5.95e-06
[ADMIT-GUARD] step=167 admit_active=1 latch=0/0 ee_z=0.031 gate_cap=0
[ALT-GATE] step=167 target_stable=0/0 allow_descent=1
[GS-tgt] step=167 ee=(+0.080,-0.000,+0.031) p_repos=(-0.080,+0.047,+0.030) ee_to_target=0.167m target_label=strat_0 target_changed=Y delta=0.130m
[STAGE-A-PWL] step=167 sim_t=1.670 build p_start=(+0.0799,-0.0004,+0.0311) p_target=(-0.0800,+0.0466,+0.0300) K=4 t_end=3.923
[GS] step=167 mode=free switch=kStayInRepos best_k=2 best_src=strat_0 curr_cost=160219.20 repos_cost=22871.55 best_other=22871.55 met_progress=N steps_since_improve=165 switches=0
[STEP] step=167 mode=free t=1.670s ee=(+0.080,-0.000,+0.031) obj=(+0.000,+0.000,+0.050) goal_dist=0.300m switch=kStayInRepos target=(+0.080,-0.000,+0.031) ee_stride=0.000m ee_to_ptarget=0.167m landing_err=0.1668m ik_ok=Y ik_resid=0.0001m q_max_resid_deg=0.52 target_changed=N retgt=Y held_idx=1 held_cost=1000022837.32 won_cost=22871.55 margin=+999999965.77 won_src=strat_0 held_valid=Y reason=new_sample_better setpoint_to_ptarget=nanm finished_val=nanm finished_thresh=0.0200m pd_resid=nanm nextwp_to_ptarget=nanm guide_terminal_err=nanm
[GATE-EVOLVE] step=167 curr=160219.20 best_other=22871.55 ratio=7.0052 ee_to_optimal=0.0050m phi=0.0049m
[STAGE-A-TRACE] step=167 sim_t=1.670 mode=free phi=0.00494 box_xy=+0.00000,+0.00000 lam_n_ee_box=nan qy=+0.00001 qz=+0.00000 finished_repos=0
[DRAKE-CONTACT] step=167 n_pairs=1 ee_box_normal=0.000
[GATE-CONTACT] step=167 F_W=(+0.0000,+0.0000,+0.0000) F_on_box=(-0.0000,-0.0000,-0.0000) n_face_out=(-0.0000,-0.0000,-0.0000) A_is_ee=0 box_q=(+1.00000,-0.00001,+0.00001,+0.00000) box_p=(+0.00000,+0.00000,+0.04999) ee_p=(+0.07994,-0.00040,+0.03109)
[PERSIST] step=168 refresh n_strategy=1 samples=[(0.023, -0.08, 0.03)]
[CONTACT-ELEM] step=500 element=manipulated_object::collision phi=+0.0049m
[ADMM-C3+] primal: 15.2119->10.0500  dual: 1035.6842->137.0504  mono=False  iters=25/25  rho=25.0
[ADMM-C3+] WARNING non-converged: pr=10.0500 dr=137.0504 tol=1e-03
[MATH.δ-C3+] Bui 2026 eq (12) projection results (N=20 × 12 λ-components):
[MATH.δ-C3+]   case 1 (η wins, λ→0):     104
[MATH.δ-C3+]   case 2 (λ wins, η→0):     98
[MATH.δ-C3+]   case 3 (both zero):       38
[MATH.δ-C3+] First step k=0, component 0:
[MATH.δ-C3+]   pre:  λ°=1.3216, η°=-24.1199
[MATH.δ-C3+]   post: δ_λ=1.3446, δ_η=0.0000
[MATH.ω-C3+] ω update: ω += (z-δ), over 25 ADMM iters
[MATH.ω-C3+] ||ω||=490.1491, ||z-δ||_max=3.6580  (scale differs from C3 — ω carries η-block residuals too)
[MATH.ω-C3+] ρ decision: primal=10.0500, dual=137.0504, ratio=0.0733 < 0.1 → would halve ρ to 12.5000
[MATH.ω-C3+] Note: adaptive-ρ fires every 10 iters; current max_iter=25
[C3+] step=501 |u[0]|=48.66N u_axis=(-29.97,+23.86,-30.00)N λ_n_max=2.988 η_n_max=4.453 primal=10.050 iters=25/25 lcp_res_max=5.95e-06
[ADMIT-GUARD] step=168 admit_active=1 latch=0/0 ee_z=0.032 gate_cap=0
[ALT-GATE] step=168 target_stable=0/0 allow_descent=1
[GS-tgt] step=168 ee=(+0.080,-0.000,+0.032) p_repos=(+0.023,-0.080,+0.030) ee_to_target=0.098m target_label=strat_0 target_changed=Y delta=0.163m
[STAGE-A-PWL] step=168 sim_t=1.680 build p_start=(+0.0799,-0.0003,+0.0317) p_target=(+0.0230,-0.0800,+0.0300) K=4 t_end=3.548
[GS] step=168 mode=free switch=kStayInRepos best_k=2 best_src=strat_0 curr_cost=160715.97 repos_cost=22853.65 best_other=22853.65 met_progress=N steps_since_improve=166 switches=0
[STEP] step=168 mode=free t=1.680s ee=(+0.080,-0.000,+0.032) obj=(+0.000,+0.000,+0.050) goal_dist=0.300m switch=kStayInRepos target=(+0.080,-0.000,+0.032) ee_stride=0.000m ee_to_ptarget=0.098m landing_err=0.0981m ik_ok=Y ik_resid=0.0001m q_max_resid_deg=0.52 target_changed=N retgt=Y held_idx=1 held_cost=1000022835.09 won_cost=22853.65 margin=+999999981.43 won_src=strat_0 held_valid=Y reason=new_sample_better setpoint_to_ptarget=nanm finished_val=nanm finished_thresh=0.0200m pd_resid=nanm nextwp_to_ptarget=nanm guide_terminal_err=nanm
[GATE-EVOLVE] step=168 curr=160715.97 best_other=22853.65 ratio=7.0324 ee_to_optimal=0.0049m phi=0.0049m
[STAGE-A-TRACE] step=168 sim_t=1.680 mode=free phi=0.00491 box_xy=+0.00000,+0.00000 lam_n_ee_box=nan qy=+0.00001 qz=+0.00000 finished_repos=0
[DRAKE-CONTACT] step=168 n_pairs=1 ee_box_normal=0.000
[GATE-CONTACT] step=168 F_W=(+0.0000,+0.0000,+0.0000) F_on_box=(-0.0000,-0.0000,-0.0000) n_face_out=(-0.0000,-0.0000,-0.0000) A_is_ee=0 box_q=(+1.00000,-0.00001,+0.00001,+0.00000) box_p=(+0.00000,+0.00000,+0.04999) ee_p=(+0.07991,-0.00028,+0.03175)
[PERSIST] step=169 refresh n_strategy=1 samples=[(0.0363, -0.08, 0.03)]
[CONTACT-ELEM] step=503 element=manipulated_object::collision phi=+0.0049m
[ADMM-C3+] primal: 15.2099->10.1400  dual: 1033.3876->147.5195  mono=False  iters=25/25  rho=25.0
[ADMM-C3+] WARNING non-converged: pr=10.1400 dr=147.5195 tol=1e-03
[MATH.δ-C3+] Bui 2026 eq (12) projection results (N=20 × 12 λ-components):
[MATH.δ-C3+]   case 1 (η wins, λ→0):     105
[MATH.δ-C3+]   case 2 (λ wins, η→0):     97
[MATH.δ-C3+]   case 3 (both zero):       38
[MATH.δ-C3+] First step k=0, component 0:
[MATH.δ-C3+]   pre:  λ°=1.3465, η°=-23.0129
[MATH.δ-C3+]   post: δ_λ=1.4108, δ_η=0.0000
[MATH.ω-C3+] ω update: ω += (z-δ), over 25 ADMM iters
[MATH.ω-C3+] ||ω||=487.4666, ||z-δ||_max=3.6712  (scale differs from C3 — ω carries η-block residuals too)
[MATH.ω-C3+] ρ decision: primal=10.1400, dual=147.5195, ratio=0.0687 < 0.1 → would halve ρ to 12.5000
[MATH.ω-C3+] Note: adaptive-ρ fires every 10 iters; current max_iter=25
[C3+] step=504 |u[0]|=50.06N u_axis=(-30.00,+26.57,-30.00)N λ_n_max=3.091 η_n_max=4.532 primal=10.140 iters=25/25 lcp_res_max=5.96e-06
[ADMIT-GUARD] step=169 admit_active=1 latch=0/0 ee_z=0.033 gate_cap=0
[ALT-GATE] step=169 target_stable=0/0 allow_descent=1
[GS-tgt] step=169 ee=(+0.080,-0.000,+0.033) p_repos=(+0.036,-0.080,+0.030) ee_to_target=0.091m target_label=strat_0 target_changed=Y delta=0.013m
[STAGE-A-PWL] step=169 sim_t=1.690 build p_start=(+0.0799,-0.0002,+0.0328) p_target=(+0.0363,-0.0800,+0.0300) K=4 t_end=3.513
[GS] step=169 mode=free switch=kStayInRepos best_k=2 best_src=strat_0 curr_cost=161698.84 repos_cost=22839.62 best_other=22839.62 met_progress=N steps_since_improve=167 switches=0
[STEP] step=169 mode=free t=1.690s ee=(+0.080,-0.000,+0.033) obj=(+0.000,+0.000,+0.050) goal_dist=0.300m switch=kStayInRepos target=(+0.080,-0.000,+0.033) ee_stride=0.000m ee_to_ptarget=0.091m landing_err=0.0912m ik_ok=Y ik_resid=0.0001m q_max_resid_deg=0.52 target_changed=Y retgt=Y held_idx=1 held_cost=1000022841.14 won_cost=22839.62 margin=+1000000001.53 won_src=strat_0 held_valid=Y reason=new_sample_better setpoint_to_ptarget=nanm finished_val=nanm finished_thresh=0.0200m pd_resid=nanm nextwp_to_ptarget=nanm guide_terminal_err=nanm
[GATE-EVOLVE] step=169 curr=161698.84 best_other=22839.62 ratio=7.0798 ee_to_optimal=0.0049m phi=0.0049m
[STAGE-A-TRACE] step=169 sim_t=1.690 mode=free phi=0.00489 box_xy=+0.00000,+0.00000 lam_n_ee_box=nan qy=+0.00001 qz=+0.00000 finished_repos=0
[DRAKE-CONTACT] step=169 n_pairs=1 ee_box_normal=0.000
[GATE-CONTACT] step=169 F_W=(+0.0000,+0.0000,+0.0000) F_on_box=(-0.0000,-0.0000,-0.0000) n_face_out=(-0.0000,-0.0000,-0.0000) A_is_ee=0 box_q=(+1.00000,-0.00001,+0.00001,+0.00000) box_p=(+0.00000,+0.00000,+0.04999) ee_p=(+0.07989,-0.00017,+0.03284)
[PERSIST] step=170 refresh n_strategy=1 samples=[(0.08, 0.0, 0.03)]
[CONTACT-ELEM] step=506 element=manipulated_object::collision phi=+0.0049m
[ADMM-C3+] primal: 15.2087->9.9606  dual: 1030.9177->161.0680  mono=False  iters=25/25  rho=25.0
[ADMM-C3+] WARNING non-converged: pr=9.9606 dr=161.0680 tol=1e-03
[MATH.δ-C3+] Bui 2026 eq (12) projection results (N=20 × 12 λ-components):
[MATH.δ-C3+]   case 1 (η wins, λ→0):     105
[MATH.δ-C3+]   case 2 (λ wins, η→0):     97
[MATH.δ-C3+]   case 3 (both zero):       38
[MATH.δ-C3+] First step k=0, component 0:
[MATH.δ-C3+]   pre:  λ°=1.4075, η°=-21.7005
[MATH.δ-C3+]   post: δ_λ=1.4791, δ_η=0.0000
[MATH.ω-C3+] ω update: ω += (z-δ), over 25 ADMM iters
[MATH.ω-C3+] ||ω||=484.0795, ||z-δ||_max=3.5142  (scale differs from C3 — ω carries η-block residuals too)
[MATH.ω-C3+] ρ decision: primal=9.9606, dual=161.0680, ratio=0.0618 < 0.1 → would halve ρ to 12.5000
[MATH.ω-C3+] Note: adaptive-ρ fires every 10 iters; current max_iter=25
[C3+] step=507 |u[0]|=51.77N u_axis=(-30.00,+29.67,-30.00)N λ_n_max=2.987 η_n_max=4.478 primal=9.961 iters=25/25 lcp_res_max=5.95e-06
[ADMIT-GUARD] step=170 admit_active=1 latch=0/0 ee_z=0.034 gate_cap=0
[ALT-GATE] step=170 target_stable=0/0 allow_descent=1
[GS-tgt] step=170 ee=(+0.080,-0.000,+0.034) p_repos=(+0.080,+0.000,+0.030) ee_to_target=0.004m target_label=strat_0 target_changed=Y delta=0.091m
[STAGE-A-PWL] step=170 sim_t=1.700 build p_start=(+0.0799,-0.0001,+0.0342) p_target=(+0.0800,+0.0000,+0.0300) K=2 t_end=1.723
[IMP] step=170 mode=free |x_err|=0.0000m |tau_imp|=54.09Nm |tau_ff|=0.00Nm |tau_out|=54.09Nm sat=False lam_n=False lam_t=False
[GS] step=170 mode=free switch=kToBetterRepos best_k=2 best_src=strat_0 curr_cost=162569.04 repos_cost=-7220.59 best_other=-7220.59 met_progress=N steps_since_improve=168 switches=0
[STEP] step=170 mode=free t=1.700s ee=(+0.080,-0.000,+0.034) obj=(+0.000,+0.000,+0.050) goal_dist=0.300m switch=kToBetterRepos target=(+0.080,-0.000,+0.034) ee_stride=0.000m ee_to_ptarget=0.004m landing_err=0.0002m ik_ok=Y ik_resid=0.0001m q_max_resid_deg=0.53 target_changed=Y retgt=Y held_idx=1 held_cost=1000022791.62 won_cost=-7220.59 margin=+1000030012.21 won_src=strat_0 held_valid=Y reason=new_sample_better setpoint_to_ptarget=nanm finished_val=nanm finished_thresh=0.0200m pd_resid=nanm nextwp_to_ptarget=nanm guide_terminal_err=nanm
[GATE-EVOLVE] step=170 curr=162569.04 best_other=-7220.59 ratio=nan ee_to_optimal=0.0049m phi=0.0049m
[STAGE-A-TRACE] step=170 sim_t=1.700 mode=free phi=0.00488 box_xy=+0.00000,+0.00000 lam_n_ee_box=nan qy=+0.00001 qz=+0.00000 finished_repos=0
[DRAKE-CONTACT] step=170 n_pairs=1 ee_box_normal=0.000
[GATE-CONTACT] step=170 F_W=(+0.0000,+0.0000,+0.0000) F_on_box=(-0.0000,-0.0000,-0.0000) n_face_out=(-0.0000,-0.0000,-0.0000) A_is_ee=0 box_q=(+1.00000,-0.00001,+0.00001,+0.00000) box_p=(+0.00000,+0.00000,+0.04999) ee_p=(+0.07988,-0.00010,+0.03420)
[PERSIST] step=171 refresh n_strategy=1 samples=[(0.08, 0.0, 0.03)]
[CONTACT-ELEM] step=509 element=manipulated_object::collision phi=+0.0049m
[ADMM-C3+] primal: 15.2081->9.5542  dual: 1029.8559->164.5436  mono=False  iters=25/25  rho=25.0
[ADMM-C3+] WARNING non-converged: pr=9.5542 dr=164.5436 tol=1e-03
[MATH.QP-C3+] Minimizing: (1/2) z^T P z + q^T z  (z augmented with η)
[MATH.QP-C3+]   s.t. A_eq z = b_eq  (639 rows = x_0 fixation + 20 dynamics + 240 η-slack rows; slack-equality block ADDED)
[MATH.QP-C3+]        bbox: λ_n ≥ 0, |u| ≤ 30.0 N (EE force)  (η is unbounded — sign enforced via projection eq 12)
[MATH.QP-C3+] P shape=(939,939), symmetric=True, pos-semidef=True, cond(P)=4.0000e+05
[MATH.QP-C3+] q norm=3.9829e+05
[MATH.QP-C3+] Augmented term: (ρ/2) Σ ||z-δ+ω||^2_G  ρ=25.0000  (G=I in v1: u_λ=u_η=1)
[MATH.QP-C3+] Soft complementarity: w_comp=0.0000  (C3+ disables it — η equality replaces the linear penalty)
[MATH.QP-C3+] OSQP status: solved, iters=125, solve time=7.40ms
[MATH.δ-C3+] Bui 2026 eq (12) projection results (N=20 × 12 λ-components):
[MATH.δ-C3+]   case 1 (η wins, λ→0):     106
[MATH.δ-C3+]   case 2 (λ wins, η→0):     91
[MATH.δ-C3+]   case 3 (both zero):       43
[MATH.δ-C3+] First step k=0, component 0:
[MATH.δ-C3+]   pre:  λ°=1.4979, η°=-21.5089
[MATH.δ-C3+]   post: δ_λ=1.4808, δ_η=0.0000
[MATH.ω-C3+] ω update: ω += (z-δ), over 25 ADMM iters
[MATH.ω-C3+] ||ω||=481.8071, ||z-δ||_max=3.2925  (scale differs from C3 — ω carries η-block residuals too)
[MATH.ω-C3+] ρ decision: primal=9.5542, dual=164.5436, ratio=0.0581 < 0.1 → would halve ρ to 12.5000
[MATH.ω-C3+] Note: adaptive-ρ fires every 10 iters; current max_iter=25
[C3+] step=510 |u[0]|=51.97N u_axis=(-30.01,+30.00,-30.00)N λ_n_max=2.861 η_n_max=4.450 primal=9.554 iters=25/25 lcp_res_max=5.95e-06
[ADMIT-GUARD] step=171 admit_active=1 latch=0/0 ee_z=0.035 gate_cap=0
[ALT-GATE] step=171 target_stable=0/0 allow_descent=1
[GS-tgt] step=171 ee=(+0.080,-0.000,+0.035) p_repos=(+0.080,+0.000,+0.030) ee_to_target=0.005m target_label=strat_0 target_changed=N delta=0.000m
[GS] step=171 mode=free switch=kStayInRepos best_k=2 best_src=strat_0 curr_cost=162385.51 repos_cost=-7218.89 best_other=-7218.89 met_progress=N steps_since_improve=169 switches=0
[STEP] step=171 mode=free t=1.710s ee=(+0.080,-0.000,+0.035) obj=(+0.000,+0.000,+0.050) goal_dist=0.300m switch=kStayInRepos target=(+0.080,-0.000,+0.032) ee_stride=0.003m ee_to_ptarget=0.005m landing_err=0.0000m ik_ok=Y ik_resid=0.0002m q_max_resid_deg=0.67 target_changed=Y retgt=Y held_idx=1 held_cost=999992781.11 won_cost=-7218.89 margin=+1000000000.00 won_src=strat_0 held_valid=Y reason=new_sample_better setpoint_to_ptarget=nanm finished_val=nanm finished_thresh=0.0200m pd_resid=nanm nextwp_to_ptarget=nanm guide_terminal_err=nanm
[GATE-EVOLVE] step=171 curr=162385.51 best_other=-7218.89 ratio=nan ee_to_optimal=0.0049m phi=0.0049m
[STAGE-A-TRACE] step=171 sim_t=1.710 mode=free phi=0.00489 box_xy=+0.00000,+0.00000 lam_n_ee_box=nan qy=+0.00001 qz=+0.00000 finished_repos=0
[DRAKE-CONTACT] step=171 n_pairs=1 ee_box_normal=0.000
[GATE-CONTACT] step=171 F_W=(+0.0000,+0.0000,+0.0000) F_on_box=(-0.0000,-0.0000,-0.0000) n_face_out=(-0.0000,-0.0000,-0.0000) A_is_ee=0 box_q=(+1.00000,-0.00001,+0.00001,+0.00000) box_p=(+0.00000,+0.00000,+0.04999) ee_p=(+0.07989,-0.00010,+0.03501)
[CONTACT-ELEM] step=512 element=manipulated_object::collision phi=+0.0049m
[ADMM-C3+] primal: 15.2037->9.9288  dual: 1030.3707->159.9441  mono=False  iters=25/25  rho=25.0
[ADMM-C3+] WARNING non-converged: pr=9.9288 dr=159.9441 tol=1e-03
[MATH.δ-C3+] Bui 2026 eq (12) projection results (N=20 × 12 λ-components):
[MATH.δ-C3+]   case 1 (η wins, λ→0):     106
[MATH.δ-C3+]   case 2 (λ wins, η→0):     92
[MATH.δ-C3+]   case 3 (both zero):       42
[MATH.δ-C3+] First step k=0, component 0:
[MATH.δ-C3+]   pre:  λ°=1.4349, η°=-21.2502
[MATH.δ-C3+]   post: δ_λ=1.4809, δ_η=0.0000
[MATH.ω-C3+] ω update: ω += (z-δ), over 25 ADMM iters
[MATH.ω-C3+] ||ω||=482.1345, ||z-δ||_max=3.4045  (scale differs from C3 — ω carries η-block residuals too)
[MATH.ω-C3+] ρ decision: primal=9.9288, dual=159.9441, ratio=0.0621 < 0.1 → would halve ρ to 12.5000
[MATH.ω-C3+] Note: adaptive-ρ fires every 10 iters; current max_iter=25
[C3+] step=513 |u[0]|=51.96N u_axis=(-30.00,+30.00,-30.00)N λ_n_max=2.934 η_n_max=4.354 primal=9.929 iters=25/25 lcp_res_max=5.93e-06
[ADMIT-GUARD] step=172 admit_active=1 latch=0/0 ee_z=0.035 gate_cap=0
[ALT-GATE] step=172 target_stable=0/0 allow_descent=1
[GS-tgt] step=172 ee=(+0.080,-0.000,+0.035) p_repos=(+0.080,+0.000,+0.030) ee_to_target=0.005m target_label=prev_repos target_changed=N delta=0.000m
[GS] step=172 mode=free switch=kStayInRepos best_k=1 best_src=prev_repos curr_cost=162858.89 repos_cost=-7224.14 best_other=-7224.14 met_progress=N steps_since_improve=170 switches=0
[STEP] step=172 mode=free t=1.720s ee=(+0.080,-0.000,+0.035) obj=(+0.000,+0.000,+0.050) goal_dist=0.300m switch=kStayInRepos target=(+0.080,-0.000,+0.031) ee_stride=0.004m ee_to_ptarget=0.005m landing_err=0.0000m ik_ok=Y ik_resid=0.0002m q_max_resid_deg=0.65 target_changed=Y retgt=N held_idx=1 held_cost=-7224.14 won_cost=-7224.14 margin=+0.00 won_src=prev_repos held_valid=Y reason=hold setpoint_to_ptarget=nanm finished_val=nanm finished_thresh=0.0200m pd_resid=nanm nextwp_to_ptarget=nanm guide_terminal_err=nanm
[GATE-EVOLVE] step=172 curr=162858.89 best_other=-7224.14 ratio=nan ee_to_optimal=0.0049m phi=0.0049m
[STAGE-A-TRACE] step=172 sim_t=1.720 mode=free phi=0.00491 box_xy=+0.00000,+0.00000 lam_n_ee_box=nan qy=+0.00001 qz=+0.00000 finished_repos=0
[DRAKE-CONTACT] step=172 n_pairs=1 ee_box_normal=0.000
[GATE-CONTACT] step=172 F_W=(+0.0000,+0.0000,+0.0000) F_on_box=(-0.0000,-0.0000,-0.0000) n_face_out=(-0.0000,-0.0000,-0.0000) A_is_ee=0 box_q=(+1.00000,-0.00001,+0.00001,+0.00000) box_p=(+0.00000,+0.00000,+0.04999) ee_p=(+0.07991,-0.00019,+0.03483)
[PERSIST] step=173 refresh n_strategy=1 samples=[(-0.08, 0.0472, 0.03)]
[CONTACT-ELEM] step=515 element=manipulated_object::collision phi=+0.0049m
[ADMM-C3+] primal: 15.0622->9.9081  dual: 1026.2831->155.5807  mono=False  iters=25/25  rho=25.0
[ADMM-C3+] WARNING non-converged: pr=9.9081 dr=155.5807 tol=1e-03
[MATH.δ-C3+] Bui 2026 eq (12) projection results (N=20 × 12 λ-components):
[MATH.δ-C3+]   case 1 (η wins, λ→0):     105
[MATH.δ-C3+]   case 2 (λ wins, η→0):     99
[MATH.δ-C3+]   case 3 (both zero):       36
[MATH.δ-C3+] First step k=0, component 0:
[MATH.δ-C3+]   pre:  λ°=1.3983, η°=-21.9844
[MATH.δ-C3+]   post: δ_λ=1.4551, δ_η=0.0000
[MATH.ω-C3+] ω update: ω += (z-δ), over 25 ADMM iters
[MATH.ω-C3+] ||ω||=484.2340, ||z-δ||_max=3.5362  (scale differs from C3 — ω carries η-block residuals too)
[MATH.ω-C3+] ρ decision: primal=9.9081, dual=155.5807, ratio=0.0637 < 0.1 → would halve ρ to 12.5000
[MATH.ω-C3+] Note: adaptive-ρ fires every 10 iters; current max_iter=25
[C3+] step=516 |u[0]|=51.23N u_axis=(-30.00,+28.72,-30.00)N λ_n_max=3.081 η_n_max=4.407 primal=9.908 iters=25/25 lcp_res_max=5.93e-06
[IK-LANDING] step=173
  --- Target ---
  p_repos                        = [+0.0800, +0.0000, +0.0300]
  p_box                          = [+0.0000, +0.0000, +0.0500]
  g_hat                          = [-1.0000, -0.0000]
  conceptual contact pt on box   = [+0.0500, +0.0000, +0.0500]
  --- Actual EE landing ---
  p_ee_actual                    = [+0.0799, -0.0003, +0.0340]
  --- Errors ---
  ||p_ee_actual - p_repos||      =    3.97 mm  ← IK convergence error
  ||p_ee_actual - face_contact|| =   33.97 mm  ← Total reach error to box face
  φ (Drake signed distance)      =    4.95 mm
  φ < 20 mm threshold?           = Y
[BODY-VS-CONTACT] step=173
  IK target body position (world):       [+0.0799, -0.0003, +0.0340]
  Pusher contact point (witness, world): [+0.0549, -0.0003, +0.0340]
  Offset (contact - body) in world:      [-0.0250, +0.0000, +0.0000]
  Offset projected onto g_hat:             25.00 mm
[CONTACT-ELEM] step=518 element=manipulated_object::collision phi=+0.0049m

=== [LCS-FILTER-AUDIT] step=519 trigger=first-rich-mode-entry sim_t=5.19s narrow_threshold=2.0mm wide_threshold=500mm ===
[LCS-FILTER-AUDIT] writing detail to /root/push_anything_ADMM/audit_output/lcs_filter_audit.txt
[MATH.setup] mode=c3plus  Horizon N=20, dt=0.05s (1.0s lookahead)
[MATH.setup] State dim n_x=19, control dim n_u=3, contact dim n_λ=12, slack dim n_η=12
[MATH.setup] Total QP variable dim: z ∈ R^939  (= N·TOT+n_x = 20·46+19)
[MATH.setup] Cost weights (from tasks.yaml):
[MATH.setup]   w_obj_xy=100000.0  w_obj_z=10.0  w_box_z=100.0  w_box_rp=50.0  w_torque=0.01  w_terminal=5.0
[MATH.setup] ADMM: rho_0=100.0, rho_clamp=[0.1, 1000.0], max_iter=25, tol=1e-3
[MATH.setup] Soft complementarity: w_comp=0.0  (disabled in C3+ — replaced by η equality)
[MATH.setup-C3+] u_λ=1.000  u_η=1.000  √(u_λ/u_η)=1.000  w_G_ee_contact=1000.0 (declared, NOT applied in v1)
[MATH.setup] Friction coefficient μ=0.4000
[MATH.setup] Torque limit: ±30.0 Nm
[MATH.LCS] step=1, contact active: Y, n_c=10
[MATH.LCS] A  shape=(19, 19), norm(F)=4.0947
[MATH.LCS] B  shape=(19, 3), norm(F)=0.0867
[MATH.LCS] D  shape=(19, 12), norm(F)=28.4186  ← couples contact force to state
[MATH.LCS] d  shape=(19,), norm(F)=0.4911
[MATH.LCS] J_n shape=(2, 9), J_n[0,:5]=[0.05, -0.05, -0.0, 0.0, -0.0]  ← normal contact Jacobian
[MATH.LCS] J_t shape=(8, 9), J_t[0,:5]=[0.05, -0.0, 0.05, 0.0, 1.0]  ← tangent contact Jacobian
[MATH.LCS] φ (SDF gap): [-0.00001  0.00495] m
[MATH.LCS] E   shape=(12, 19), norm(F)=3.8776, zero-rows=2/12 (16.7%)  ← v1: tangent rows zeroed → friction unenforced in η
[MATH.LCS] F   shape=(12, 12), norm(F)=6.3647
[MATH.LCS] H   shape=(12, 3), norm(F)=0.1118
[MATH.LCS] c   shape=(12,), norm=0.8554
[LAMBDA-PROBE] enabled; tags=['BOX-GND', 'EE-BOX']  path=audit_output/lambda_horizon_trace.csv  max_solves=5
[§7.67 B1-A PLUMB] first-solve mpc_step=1 n_contact_info=2  n_J_n=2  tags=['BOX-GND', 'EE-BOX']  ee_box_idx=1
[§7.67 B1-A] PUSHA_G_WEIGHT_EE_BOX_FINAL=1 FIRST FIRE — final iter it=24/24. EE-BOX idx=1 W_G=1000.0 slots=200 (1 λ_n + 4 λ_t + 1 η_n + 4 η_t per knot × N=20)
[§7.67 B1-A DBG] slot=22 (k=0 λ_n EE-BOX) P_sym[slot,slot]=2.50e+04 q[slot]=-1.34e+05 δ[slot]=5.37622 ω[slot]=83.13604 δ-ω=-77.75982 isolated_QP_min=-q/P=5.37622 (pre-solve prediction)
[§7.67 B1-A CONV] first-solve final-iter convergence proof: λ_n_k0: zsol=+3.86027 δ=+5.37622 |Δ|=1.52e+00  λ_t_k0 max|Δ|=4.69e-01  λ_n horizon-max|Δ|=1.59e+00  λ_t horizon-max|Δ|=4.69e-01  tol=1e-03  EE-BOX-converged=False
[ADMM-C3+] primal: 15.0105->7.5258  dual: 1024.9675->0.0000  mono=False  iters=25/25  rho=25.0
[ADMM-C3+] WARNING non-converged: pr=7.5258 dr=0.0000 tol=1e-03
[MATH.δ-C3+] Bui 2026 eq (12) projection results (N=20 × 12 λ-components):
[MATH.δ-C3+]   case 1 (η wins, λ→0):     85
[MATH.δ-C3+]   case 2 (λ wins, η→0):     114
[MATH.δ-C3+]   case 3 (both zero):       41
[MATH.δ-C3+] First step k=0, component 0:
[MATH.δ-C3+]   pre:  λ°=0.9635, η°=-21.0078
[MATH.δ-C3+]   post: δ_λ=1.1534, δ_η=0.0000
[MATH.ω-C3+] ω update: ω += (z-δ), over 25 ADMM iters
[MATH.ω-C3+] ||ω||=455.9242, ||z-δ||_max=1.6281  (scale differs from C3 — ω carries η-block residuals too)
[MATH.ω-C3+] ρ decision: primal=7.5258, dual=0.0000, ratio=7.5258e+30 > 10 → would double ρ to 50.0000
[MATH.ω-C3+] Note: adaptive-ρ fires every 10 iters; current max_iter=25
[C3+] step=519 |u[0]|=29.48N u_axis=(-29.32,-0.21,-3.00)N λ_n_max=5.547 η_n_max=4.018 primal=7.526 iters=25/25 lcp_res_max=5.75e-07
[CONTACT-RUN] step=173 nhat_BA_W=[+1.000,-0.000,-0.000] p_BCb=[+0.050,-0.000,-0.016] distance=+0.00495 contact_type=EE-BOX
[MATH.LCS-DUMP] step=173 n_c=2 box_y_vel_row=25 lambda_n_first_col=2
[MATH.LCS-DUMP] D shape=(19, 12)
[[ 0.       0.       0.00001 -0.       0.      -0.       0.      -0.      -0.       0.       0.      -0.     ]
 [ 0.       0.       0.18768 -0.       0.1877  -0.1877   0.      -0.       0.00118 -0.00118  0.06019 -0.06019]
 [ 0.       0.      -0.18768  0.06018 -0.       0.      -0.1877   0.1877   0.18769 -0.18769 -0.       0.     ]
 [ 0.       0.      -0.      -0.00117  0.18769 -0.18769 -0.18769  0.18769  0.      -0.       0.18769 -0.18769]
 [ 0.       0.       0.      -0.0125   0.       0.       0.0125  -0.0125  -0.       0.       0.      -0.     ]
 [ 0.       0.      -0.       0.       0.0125  -0.0125   0.      -0.       0.       0.       0.0125  -0.0125 ]
 [ 0.       0.       0.0125   0.       0.      -0.      -0.       0.      -0.0125   0.0125  -0.       0.     ]
 [ 0.       0.       0.       0.0025   0.       0.       0.       0.       0.      -0.      -0.       0.     ]
 [ 0.       0.       0.      -0.       0.       0.       0.       0.      -0.       0.      -0.0025   0.0025 ]
 [ 0.       0.       0.      -0.       0.       0.       0.       0.       0.0025  -0.0025   0.      -0.     ]
 [ 0.       0.       7.50728 -0.       7.50795 -7.50795 -0.       0.       0.04703 -0.04703  2.40752 -2.40752]
 [ 0.       0.      -7.50728  2.4073  -0.       0.      -7.50795  7.50795  7.50751 -7.50751 -0.       0.     ]
 [ 0.       0.      -0.      -0.04703  7.50728 -7.50728 -7.50728  7.50728 -0.       0.       7.50744 -7.50744]
 [ 0.       0.       0.      -0.25     0.       0.       0.25    -0.25    -0.00001  0.00001  0.      -0.     ]
 [ 0.       0.      -0.       0.       0.25    -0.25     0.      -0.       0.       0.       0.25    -0.25   ]
 [ 0.       0.       0.25     0.00001  0.      -0.      -0.       0.      -0.25     0.25    -0.       0.     ]
 [ 0.       0.       0.       0.05     0.       0.       0.       0.       0.      -0.      -0.       0.     ]
 [ 0.       0.       0.      -0.       0.       0.       0.       0.      -0.       0.      -0.05     0.05   ]
 [ 0.       0.       0.      -0.       0.       0.       0.       0.       0.05    -0.05     0.      -0.     ]]
[MATH.LCS-DUMP] E shape=(12, 19)
[[ 0.       0.       0.       0.       0.       0.       0.       0.       0.       0.       0.       0.       0.       0.       0.       0.       0.       0.       0.     ]
 [ 0.       0.       0.       0.       0.       0.       0.       0.       0.       0.       0.       0.       0.       0.       0.       0.       0.       0.       0.     ]
 [ 0.       0.       0.       0.       0.       0.       0.       0.       0.       0.       0.05    -0.05    -0.       0.      -0.       1.       0.       0.       0.     ]
 [ 0.       0.       0.       0.       0.       0.       0.       0.       0.       0.      -0.       0.01603 -0.00031 -1.       0.       0.00003  1.      -0.      -0.00003]
 [ 0.       0.       0.       0.       0.       0.       0.       0.       0.       0.       0.05    -0.       0.05     0.       1.       0.       0.       0.       0.     ]
 [ 0.       0.       0.       0.       0.       0.       0.       0.       0.       0.      -0.05     0.      -0.05     0.      -1.      -0.       0.       0.       0.     ]
 [ 0.       0.       0.       0.       0.       0.       0.       0.       0.       0.      -0.      -0.05    -0.05     1.       0.      -0.       0.       0.       0.     ]
 [ 0.       0.       0.       0.       0.       0.       0.       0.       0.       0.       0.       0.05     0.05    -1.      -0.       0.       0.       0.       0.     ]
 [ 0.       0.       0.       0.       0.       0.       0.       0.       0.       0.       0.00031  0.05    -0.      -0.00003  0.      -1.       0.00003 -0.       1.     ]
 [ 0.       0.       0.       0.       0.       0.       0.       0.       0.       0.      -0.00031 -0.05     0.       0.00003  0.       1.      -0.00003  0.      -1.     ]
 [ 0.       0.       0.       0.       0.       0.       0.       0.       0.       0.       0.01603 -0.       0.05     0.       1.      -0.      -0.      -1.       0.     ]
 [ 0.       0.       0.       0.       0.       0.       0.       0.       0.       0.      -0.01603  0.      -0.05    -0.      -1.       0.       0.       1.      -0.     ]]
[MATH.LCS-DUMP] F shape=(12, 12)
[[ 0.       0.       0.4      0.      -1.      -1.      -1.      -1.      -0.      -0.      -0.      -0.     ]
 [ 0.       0.       0.       0.4     -0.      -0.      -0.      -0.      -1.      -1.      -1.      -1.     ]
 [ 0.       0.       1.00071 -0.12035  0.37539 -0.37539  0.37539 -0.37539 -0.62301  0.62301  0.12037 -0.12037]
 [ 0.       0.      -0.12035  0.33861 -0.00235  0.00235 -0.36802  0.36802  0.12037 -0.12037 -0.00235  0.00235]
 [ 1.       0.       0.37539 -0.00235  1.00077 -1.00077 -0.37535  0.37535  0.00235 -0.00235  0.74574 -0.74574]
 [ 1.       0.      -0.37539  0.00235 -1.00077  1.00077  0.37535 -0.37535 -0.00235  0.00235 -0.74574  0.74574]
 [ 1.       0.       0.37539 -0.36802 -0.37535  0.37535  1.00077 -1.00077 -0.37541  0.37541 -0.37536  0.37536]
 [ 1.       0.      -0.37539  0.36802  0.37535 -0.37535 -1.00077  1.00077  0.37541 -0.37541  0.37536 -0.37536]
 [ 0.       1.      -0.62301  0.12037  0.00235 -0.00235 -0.37541  0.37541  0.67539 -0.67539  0.00075 -0.00075]
 [ 0.       1.       0.62301 -0.12037 -0.00235  0.00235  0.37541 -0.37541 -0.67539  0.67539 -0.00075  0.00075]
 [ 0.       1.       0.12037 -0.00235  0.74574 -0.74574 -0.37536  0.37536  0.00075 -0.00075  0.71397 -0.71397]
 [ 0.       1.      -0.12037  0.00235 -0.74574  0.74574  0.37536 -0.37536 -0.00075  0.00075 -0.71397  0.71397]]
[MATH.LCS-DUMP] H shape=(12, 3)
[[ 0.    0.    0.  ]
 [ 0.    0.    0.  ]
 [ 0.    0.    0.  ]
 [ 0.05 -0.   -0.  ]
 [ 0.    0.    0.  ]
 [ 0.    0.    0.  ]
 [ 0.    0.    0.  ]
 [ 0.    0.    0.  ]
 [ 0.   -0.    0.05]
 [-0.    0.   -0.05]
 [-0.   -0.05  0.  ]
 [ 0.    0.05 -0.  ]]
[MATH.LCS-DUMP] c shape=(12,)
[ 0.       0.      -0.49073  0.09895 -0.       0.       0.      -0.       0.4905  -0.4905   0.      -0.     ]
[FORCE-ROUTE] active env=u_sol u_seq[0]=[-29.32272  -0.20623  -3.00042] |u_seq[0]|=29.477N
[§7.51] PUSHA_DISABLE_C3_OVERRIDE=1 — LTD APPROACH-OVERRIDE skipped in c3; p_ee_des = FK(x_seq[1][7:10])
[§7.70] first c3-mode compute_torque with reference gains: Kp=[200.0, 200.0, 200.0] Kd=[20.0, 20.0, 20.0] W_track=1.0 W_force=1.0
[VFF] step=173 mode=c3 alpha=0.000 v_des=(-1.2689,-0.0362,-0.3062) |v_des|=1.3058 sat=0 util_max=0.282@j0
[AFF] step=173 mode=c3 on=0 a_ff=(+0.0000,+0.0000,+0.0000) |a_ff|=0.0000
[OSC-FORCE] step=173 mode=c3 lam_des=29.477 lam_ext=29.500
[GS] step=173 mode=c3 switch=kToC3ReachedReposTarget best_k=2 best_src=current curr_cost=162210.18 repos_cost=- best_other=22718.52 met_progress=N steps_since_improve=0 switches=1
[STEP] step=173 mode=c3 t=1.730s ee=(+0.080,-0.000,+0.034) obj=(+0.000,+0.000,+0.050) goal_dist=0.300m switch=kToC3ReachedReposTarget c3_cost=162210.18 lam_n=5.376 lam_t=0.516 contact=Y productive=Y f_cmd=(-29.32,-0.21,-3.00)
[GATE-EVOLVE] step=173 curr=162210.18 best_other=22718.52 ratio=7.1400 ee_to_optimal=0.0050m phi=0.0049m
[STAGE-A-TRACE] step=173 sim_t=1.730 mode=c3 phi=0.00495 box_xy=+0.00000,+0.00000 lam_n_ee_box=5.3762 qy=+0.00001 qz=+0.00000 finished_repos=1
[DRAKE-CONTACT] step=173 n_pairs=1 ee_box_normal=0.000
[GATE-CONTACT] step=173 F_W=(+0.0000,+0.0000,+0.0000) F_on_box=(-0.0000,-0.0000,-0.0000) n_face_out=(-0.0000,-0.0000,-0.0000) A_is_ee=0 box_q=(+1.00000,-0.00001,+0.00001,+0.00000) box_p=(+0.00000,+0.00000,+0.04999) ee_p=(+0.07995,-0.00031,+0.03396)
[PERSIST] step=174 refresh n_strategy=3 samples=[(0.08, 0.0, 0.03), (0.08, 0.0, 0.03), (-0.08, 0.0116, 0.03)]
[CONTACT-ELEM] step=519 element=manipulated_object::collision phi=+0.0046m
[ADMM-C3+] primal: 15.2009->9.8888  dual: 1033.5381->0.0000  mono=False  iters=25/25  rho=25.0
[ADMM-C3+] WARNING non-converged: pr=9.8888 dr=0.0000 tol=1e-03
[MATH.QP-C3+] Minimizing: (1/2) z^T P z + q^T z  (z augmented with η)
[MATH.QP-C3+]   s.t. A_eq z = b_eq  (639 rows = x_0 fixation + 20 dynamics + 240 η-slack rows; slack-equality block ADDED)
[MATH.QP-C3+]        bbox: λ_n ≥ 0, |u| ≤ 30.0 N (EE force)  (η is unbounded — sign enforced via projection eq 12)
[MATH.QP-C3+] P shape=(939,939), symmetric=True, pos-semidef=True, cond(P)=4.0000e+05
[MATH.QP-C3+] q norm=3.9830e+05
[MATH.QP-C3+] Augmented term: (ρ/2) Σ ||z-δ+ω||^2_G  ρ=25.0000  (G=I in v1: u_λ=u_η=1)
[MATH.QP-C3+] Soft complementarity: w_comp=0.0000  (C3+ disables it — η equality replaces the linear penalty)
[MATH.QP-C3+] OSQP status: solved, iters=250, solve time=12.24ms
[MATH.δ-C3+] Bui 2026 eq (12) projection results (N=20 × 12 λ-components):
[MATH.δ-C3+]   case 1 (η wins, λ→0):     101
[MATH.δ-C3+]   case 2 (λ wins, η→0):     97
[MATH.δ-C3+]   case 3 (both zero):       42
[MATH.δ-C3+] First step k=0, component 0:
[MATH.δ-C3+]   pre:  λ°=0.9878, η°=-22.7464
[MATH.δ-C3+]   post: δ_λ=1.3527, δ_η=0.0000
[MATH.ω-C3+] ω update: ω += (z-δ), over 25 ADMM iters
[MATH.ω-C3+] ||ω||=485.4459, ||z-δ||_max=2.1814  (scale differs from C3 — ω carries η-block residuals too)
[MATH.ω-C3+] ρ decision: primal=9.8888, dual=0.0000, ratio=9.8888e+30 > 10 → would double ρ to 50.0000
[MATH.ω-C3+] Note: adaptive-ρ fires every 10 iters; current max_iter=25
[C3+] step=520 |u[0]|=42.77N u_axis=(-25.36,+16.91,-30.00)N λ_n_max=4.881 η_n_max=3.892 primal=9.889 iters=25/25 lcp_res_max=5.92e-06
[CONTACT-ELEM] step=524 element=manipulated_object::collision phi=+0.0046m
[ADMM-C3+] primal: 15.1834->8.1585  dual: 1231.8779->0.0000  mono=False  iters=25/25  rho=25.0
[ADMM-C3+] WARNING non-converged: pr=8.1585 dr=0.0000 tol=1e-03
[MATH.δ-C3+] Bui 2026 eq (12) projection results (N=20 × 12 λ-components):
[MATH.δ-C3+]   case 1 (η wins, λ→0):     84
[MATH.δ-C3+]   case 2 (λ wins, η→0):     113
[MATH.δ-C3+]   case 3 (both zero):       43
[MATH.δ-C3+] First step k=0, component 0:
[MATH.δ-C3+]   pre:  λ°=0.6961, η°=-19.3419
[MATH.δ-C3+]   post: δ_λ=0.7744, δ_η=0.0000
[MATH.ω-C3+] ω update: ω += (z-δ), over 25 ADMM iters
[MATH.ω-C3+] ||ω||=477.7997, ||z-δ||_max=1.6996  (scale differs from C3 — ω carries η-block residuals too)
[MATH.ω-C3+] ρ decision: primal=8.1585, dual=0.0000, ratio=8.1585e+30 > 10 → would double ρ to 50.0000
[MATH.ω-C3+] Note: adaptive-ρ fires every 10 iters; current max_iter=25
[C3+] step=525 |u[0]|=42.95N u_axis=(-42.81,+1.82,-3.00)N λ_n_max=5.545 η_n_max=4.724 primal=8.158 iters=25/25 lcp_res_max=5.94e-07
[CONTACT-RUN] step=174 nhat_BA_W=[+1.000,-0.000,-0.000] p_BCb=[+0.050,-0.000,-0.017] distance=+0.00460 contact_type=EE-BOX
[VFF] step=174 mode=c3 alpha=0.000 v_des=(-1.5000,+0.0715,-0.2901) |v_des|=1.5295 sat=0 util_max=0.345@j0
[AFF] step=174 mode=c3 on=0 a_ff=(+0.0000,+0.0000,+0.0000) |a_ff|=0.0000
[OSC-FORCE] step=174 mode=c3 lam_des=42.954 lam_ext=42.981
[GS] step=174 mode=c3 switch=kStayInC3 best_k=1 best_src=current curr_cost=220516.12 repos_cost=- best_other=87053.42 met_progress=Y steps_since_improve=0 switches=1
[STEP] step=174 mode=c3 t=1.740s ee=(+0.080,-0.000,+0.033) obj=(+0.000,+0.000,+0.050) goal_dist=0.300m switch=kStayInC3 c3_cost=220516.12 lam_n=3.208 lam_t=0.941 contact=Y productive=Y f_cmd=(-42.81,+1.82,-3.00)
[GATE-EVOLVE] step=174 curr=220516.12 best_other=87053.42 ratio=2.5331 ee_to_optimal=0.0046m phi=0.0046m
[STAGE-A-TRACE] step=174 sim_t=1.740 mode=c3 phi=0.00460 box_xy=+0.00000,+0.00000 lam_n_ee_box=3.2076 qy=+0.00001 qz=+0.00000 finished_repos=1
[DRAKE-CONTACT] step=174 n_pairs=1 ee_box_normal=0.000
[GATE-CONTACT] step=174 F_W=(+0.0000,+0.0000,+0.0000) F_on_box=(-0.0000,-0.0000,-0.0000) n_face_out=(-0.0000,-0.0000,-0.0000) A_is_ee=0 box_q=(+1.00000,-0.00001,+0.00001,+0.00000) box_p=(+0.00000,+0.00000,+0.04999) ee_p=(+0.07960,-0.00039,+0.03292)
[CONTACT-ELEM] step=525 element=manipulated_object::collision phi=+0.0035m
[ADMM-C3+] primal: 15.1914->9.9616  dual: 1033.5227->0.0000  mono=False  iters=25/25  rho=25.0
[ADMM-C3+] WARNING non-converged: pr=9.9616 dr=0.0000 tol=1e-03
[MATH.δ-C3+] Bui 2026 eq (12) projection results (N=20 × 12 λ-components):
[MATH.δ-C3+]   case 1 (η wins, λ→0):     101
[MATH.δ-C3+]   case 2 (λ wins, η→0):     96
[MATH.δ-C3+]   case 3 (both zero):       43
[MATH.δ-C3+] First step k=0, component 0:
[MATH.δ-C3+]   pre:  λ°=0.9986, η°=-23.3098
[MATH.δ-C3+]   post: δ_λ=1.3395, δ_η=0.0000
[MATH.ω-C3+] ω update: ω += (z-δ), over 25 ADMM iters
[MATH.ω-C3+] ||ω||=487.4350, ||z-δ||_max=2.3288  (scale differs from C3 — ω carries η-block residuals too)
[MATH.ω-C3+] ρ decision: primal=9.9616, dual=0.0000, ratio=9.9616e+30 > 10 → would double ρ to 50.0000
[MATH.ω-C3+] Note: adaptive-ρ fires every 10 iters; current max_iter=25
[C3+] step=526 |u[0]|=42.39N u_axis=(-25.59,+15.56,-30.00)N λ_n_max=4.989 η_n_max=3.874 primal=9.962 iters=25/25 lcp_res_max=5.93e-06
[CONTACT-ELEM] step=530 element=manipulated_object::collision phi=+0.0035m
[ADMM-C3+] primal: 15.2108->8.1379  dual: 1370.4112->0.0000  mono=False  iters=25/25  rho=25.0
[ADMM-C3+] WARNING non-converged: pr=8.1379 dr=0.0000 tol=1e-03
[MATH.δ-C3+] Bui 2026 eq (12) projection results (N=20 × 12 λ-components):
[MATH.δ-C3+]   case 1 (η wins, λ→0):     84
[MATH.δ-C3+]   case 2 (λ wins, η→0):     113
[MATH.δ-C3+]   case 3 (both zero):       43
[MATH.δ-C3+] First step k=0, component 0:
[MATH.δ-C3+]   pre:  λ°=0.3075, η°=-18.8736
[MATH.δ-C3+]   post: δ_λ=0.3139, δ_η=0.0000
[MATH.ω-C3+] ω update: ω += (z-δ), over 25 ADMM iters
[MATH.ω-C3+] ||ω||=483.1294, ||z-δ||_max=1.7100  (scale differs from C3 — ω carries η-block residuals too)
[MATH.ω-C3+] ρ decision: primal=8.1379, dual=0.0000, ratio=8.1379e+30 > 10 → would double ρ to 50.0000
[MATH.ω-C3+] Note: adaptive-ρ fires every 10 iters; current max_iter=25
[C3+] step=531 |u[0]|=46.09N u_axis=(-45.73,+4.91,-3.00)N λ_n_max=5.052 η_n_max=4.853 primal=8.138 iters=25/25 lcp_res_max=5.19e-07
[CONTACT-RUN] step=175 nhat_BA_W=[+1.000,-0.000,-0.000] p_BCb=[+0.050,-0.000,-0.018] distance=+0.00352 contact_type=EE-BOX
[VFF] step=175 mode=c3 alpha=0.000 v_des=(-1.5000,+0.2483,-0.2408) |v_des|=1.5394 sat=0 util_max=0.343@j0
[AFF] step=175 mode=c3 on=0 a_ff=(+0.0000,+0.0000,+0.0000) |a_ff|=0.0000
[OSC-FORCE] step=175 mode=c3 lam_des=46.088 lam_ext=46.115
[GS] step=175 mode=c3 switch=kStayInC3 best_k=1 best_src=current curr_cost=223018.67 repos_cost=- best_other=85720.12 met_progress=Y steps_since_improve=1 switches=1
[STEP] step=175 mode=c3 t=1.750s ee=(+0.079,-0.000,+0.032) obj=(+0.000,+0.000,+0.050) goal_dist=0.300m switch=kStayInC3 c3_cost=223018.67 lam_n=1.719 lam_t=0.517 contact=Y productive=Y f_cmd=(-45.73,+4.91,-3.00)
[GATE-EVOLVE] step=175 curr=223018.67 best_other=85720.12 ratio=2.6017 ee_to_optimal=0.0035m phi=0.0035m
[STAGE-A-TRACE] step=175 sim_t=1.750 mode=c3 phi=0.00352 box_xy=+0.00000,+0.00000 lam_n_ee_box=1.7186 qy=+0.00001 qz=+0.00000 finished_repos=1
[DRAKE-CONTACT] step=175 n_pairs=1 ee_box_normal=0.000
[GATE-CONTACT] step=175 F_W=(+0.0000,+0.0000,+0.0000) F_on_box=(-0.0000,-0.0000,-0.0000) n_face_out=(-0.0000,-0.0000,-0.0000) A_is_ee=0 box_q=(+1.00000,-0.00001,+0.00001,+0.00000) box_p=(+0.00000,+0.00000,+0.04999) ee_p=(+0.07852,-0.00033,+0.03209)
[CONTACT-ELEM] step=531 element=manipulated_object::collision phi=+0.0017m
[ADMM-C3+] primal: 15.1147->9.9824  dual: 1031.3803->0.0000  mono=False  iters=25/25  rho=25.0
[ADMM-C3+] WARNING non-converged: pr=9.9824 dr=0.0000 tol=1e-03
[MATH.δ-C3+] Bui 2026 eq (12) projection results (N=20 × 12 λ-components):
[MATH.δ-C3+]   case 1 (η wins, λ→0):     101
[MATH.δ-C3+]   case 2 (λ wins, η→0):     95
[MATH.δ-C3+]   case 3 (both zero):       44
[MATH.δ-C3+] First step k=0, component 0:
[MATH.δ-C3+]   pre:  λ°=0.9887, η°=-23.2603
[MATH.δ-C3+]   post: δ_λ=1.3553, δ_η=0.0000
[MATH.ω-C3+] ω update: ω += (z-δ), over 25 ADMM iters
[MATH.ω-C3+] ||ω||=488.6896, ||z-δ||_max=2.5211  (scale differs from C3 — ω carries η-block residuals too)
[MATH.ω-C3+] ρ decision: primal=9.9824, dual=0.0000, ratio=9.9824e+30 > 10 → would double ρ to 50.0000
[MATH.ω-C3+] Note: adaptive-ρ fires every 10 iters; current max_iter=25
[C3+] step=532 |u[0]|=41.83N u_axis=(-25.19,+14.66,-30.00)N λ_n_max=4.894 η_n_max=3.751 primal=9.982 iters=25/25 lcp_res_max=5.95e-06
[CONTACT-ELEM] step=536 element=manipulated_object::collision phi=+0.0017m
[ADMM-C3+] primal: 15.2608->8.4416  dual: 1399.0865->0.0000  mono=False  iters=25/25  rho=25.0
[ADMM-C3+] WARNING non-converged: pr=8.4416 dr=0.0000 tol=1e-03
[MATH.δ-C3+] Bui 2026 eq (12) projection results (N=20 × 12 λ-components):
[MATH.δ-C3+]   case 1 (η wins, λ→0):     83
[MATH.δ-C3+]   case 2 (λ wins, η→0):     103
[MATH.δ-C3+]   case 3 (both zero):       54
[MATH.δ-C3+] First step k=0, component 0:
[MATH.δ-C3+]   pre:  λ°=0.1900, η°=-18.3798
[MATH.δ-C3+]   post: δ_λ=0.2420, δ_η=0.0000
[MATH.ω-C3+] ω update: ω += (z-δ), over 25 ADMM iters
[MATH.ω-C3+] ||ω||=483.3683, ||z-δ||_max=2.0985  (scale differs from C3 — ω carries η-block residuals too)
[MATH.ω-C3+] ρ decision: primal=8.4416, dual=0.0000, ratio=8.4416e+30 > 10 → would double ρ to 50.0000
[MATH.ω-C3+] Note: adaptive-ρ fires every 10 iters; current max_iter=25
[C3+] step=537 |u[0]|=43.33N u_axis=(-42.92,+5.14,-3.00)N λ_n_max=4.966 η_n_max=5.027 primal=8.442 iters=25/25 lcp_res_max=5.09e-07
[CONTACT-RUN] step=176 nhat_BA_W=[+1.000,-0.000,-0.000] p_BCb=[+0.050,-0.000,-0.018] distance=+0.00169 contact_type=EE-BOX
[VFF] step=176 mode=c3 alpha=0.000 v_des=(-1.5000,+0.2864,-0.2151) |v_des|=1.5422 sat=0 util_max=0.328@j0
[AFF] step=176 mode=c3 on=0 a_ff=(+0.0000,+0.0000,+0.0000) |a_ff|=0.0000
[OSC-FORCE] step=176 mode=c3 lam_des=43.328 lam_ext=43.354
[GS] step=176 mode=c3 switch=kStayInC3 best_k=4 best_src=current curr_cost=219404.18 repos_cost=- best_other=83038.37 met_progress=Y steps_since_improve=2 switches=1
[STEP] step=176 mode=c3 t=1.760s ee=(+0.077,-0.000,+0.032) obj=(+0.000,+0.000,+0.050) goal_dist=0.300m switch=kStayInC3 c3_cost=219404.18 lam_n=1.611 lam_t=0.521 contact=Y productive=Y f_cmd=(-42.92,+5.14,-3.00)
[GATE-EVOLVE] step=176 curr=219404.18 best_other=83038.37 ratio=2.6422 ee_to_optimal=0.0017m phi=0.0017m
[STAGE-A-TRACE] step=176 sim_t=1.760 mode=c3 phi=0.00169 box_xy=+0.00000,+0.00000 lam_n_ee_box=1.6107 qy=+0.00001 qz=+0.00000 finished_repos=1
[DRAKE-CONTACT] step=176 n_pairs=2 ee_box_normal=60.635
[GATE-CONTACT] step=176 F_W=(-59.6404,+7.4226,-8.0317) F_on_box=(-59.6404,+7.4226,-8.0317) n_face_out=(+1.0000,+0.0030,-0.0010) A_is_ee=1 box_q=(+1.00000,-0.00001,+0.00001,+0.00000) box_p=(+0.00000,+0.00000,+0.04999) ee_p=(+0.07669,-0.00008,+0.03153)
[CONTACT-ELEM] step=537 element=manipulated_object::collision phi=-0.0001m
[ADMM-C3+] primal: 17.1341->6.2182  dual: 1600.0600->0.0000  mono=False  iters=25/25  rho=25.0
[ADMM-C3+] WARNING non-converged: pr=6.2182 dr=0.0000 tol=1e-03
[MATH.δ-C3+] Bui 2026 eq (12) projection results (N=20 × 12 λ-components):
[MATH.δ-C3+]   case 1 (η wins, λ→0):     100
[MATH.δ-C3+]   case 2 (λ wins, η→0):     115
[MATH.δ-C3+]   case 3 (both zero):       25
[MATH.δ-C3+] First step k=0, component 0:
[MATH.δ-C3+]   pre:  λ°=0.9734, η°=-34.1755
[MATH.δ-C3+]   post: δ_λ=1.1885, δ_η=0.0000
[MATH.ω-C3+] ω update: ω += (z-δ), over 25 ADMM iters
[MATH.ω-C3+] ||ω||=463.4267, ||z-δ||_max=1.7426  (scale differs from C3 — ω carries η-block residuals too)
[MATH.ω-C3+] ρ decision: primal=6.2182, dual=0.0000, ratio=6.2182e+30 > 10 → would double ρ to 50.0000
[MATH.ω-C3+] Note: adaptive-ρ fires every 10 iters; current max_iter=25
[C3+] step=538 |u[0]|=36.46N u_axis=(-22.54,+23.77,+16.01)N λ_n_max=5.206 η_n_max=5.603 primal=6.218 iters=25/25 lcp_res_max=1.03e-06
[CONTACT-ELEM] step=542 element=manipulated_object::collision phi=-0.0001m
[ADMM-C3+] primal: 17.6870->6.0863  dual: 1904.8317->0.0000  mono=False  iters=25/25  rho=25.0
[ADMM-C3+] WARNING non-converged: pr=6.0863 dr=0.0000 tol=1e-03
[MATH.δ-C3+] Bui 2026 eq (12) projection results (N=20 × 12 λ-components):
[MATH.δ-C3+]   case 1 (η wins, λ→0):     101
[MATH.δ-C3+]   case 2 (λ wins, η→0):     110
[MATH.δ-C3+]   case 3 (both zero):       29
[MATH.δ-C3+] First step k=0, component 0:
[MATH.δ-C3+]   pre:  λ°=0.2286, η°=-32.7709
[MATH.δ-C3+]   post: δ_λ=0.2337, δ_η=0.0000
[MATH.ω-C3+] ω update: ω += (z-δ), over 25 ADMM iters
[MATH.ω-C3+] ||ω||=483.1624, ||z-δ||_max=1.5724  (scale differs from C3 — ω carries η-block residuals too)
[MATH.ω-C3+] ρ decision: primal=6.0863, dual=0.0000, ratio=6.0863e+30 > 10 → would double ρ to 50.0000
[MATH.ω-C3+] Note: adaptive-ρ fires every 10 iters; current max_iter=25
[C3+] step=543 |u[0]|=45.81N u_axis=(-34.40,+30.10,+3.00)N λ_n_max=1.114 η_n_max=7.015 primal=6.086 iters=25/25 lcp_res_max=9.18e-07
[CONTACT-RUN] step=177 nhat_BA_W=[+1.000,+0.001,+0.002] p_BCb=[+0.050,+0.000,-0.019] distance=-0.00007 contact_type=EE-BOX
[VFF] step=177 mode=c3 alpha=0.000 v_des=(-1.5000,+1.5000,+0.1279) |v_des|=2.1252 sat=0 util_max=0.376@j0
[AFF] step=177 mode=c3 on=0 a_ff=(+0.0000,+0.0000,+0.0000) |a_ff|=0.0000
[OSC-FORCE] step=177 mode=c3 lam_des=45.808 lam_ext=45.838
[GS] step=177 mode=c3 switch=kStayInC3 best_k=0 best_src=current curr_cost=43719.12 repos_cost=- best_other=58047.36 met_progress=Y steps_since_improve=0 switches=1
[STEP] step=177 mode=c3 t=1.770s ee=(+0.074,+0.000,+0.031) obj=(-0.001,+0.000,+0.050) goal_dist=0.299m switch=kStayInC3 c3_cost=43719.12 lam_n=0.000 lam_t=0.367 contact=Y productive=Y f_cmd=(-34.40,+30.10,+3.00)
[GATE-EVOLVE] step=177 curr=43719.12 best_other=58047.36 ratio=0.7532 ee_to_optimal=0.0004m phi=-0.0001m
[STAGE-A-TRACE] step=177 sim_t=1.770 mode=c3 phi=-0.00007 box_xy=-0.00076,+0.00001 lam_n_ee_box=0.0000 qy=-0.00109 qz=+0.00027 finished_repos=0
[DRAKE-CONTACT] step=177 n_pairs=2 ee_box_normal=0.332
[GATE-CONTACT] step=177 F_W=(-0.2977,+0.0431,+0.1409) F_on_box=(-0.2977,+0.0431,+0.1409) n_face_out=(+1.0000,+0.0017,+0.0072) A_is_ee=1 box_q=(+1.00000,+0.00043,-0.00109,+0.00027) box_p=(-0.00076,+0.00001,+0.04995) ee_p=(+0.07422,+0.00038,+0.03126)
[CONTACT-ELEM] step=543 element=manipulated_object::collision phi=-0.0000m
[ADMM-C3+] primal: 17.0152->6.4592  dual: 1578.2670->0.0000  mono=False  iters=25/25  rho=25.0
[ADMM-C3+] WARNING non-converged: pr=6.4592 dr=0.0000 tol=1e-03
[MATH.δ-C3+] Bui 2026 eq (12) projection results (N=20 × 12 λ-components):
[MATH.δ-C3+]   case 1 (η wins, λ→0):     102
[MATH.δ-C3+]   case 2 (λ wins, η→0):     113
[MATH.δ-C3+]   case 3 (both zero):       25
[MATH.δ-C3+] First step k=0, component 0:
[MATH.δ-C3+]   pre:  λ°=1.0100, η°=-21.9486
[MATH.δ-C3+]   post: δ_λ=1.2510, δ_η=0.0000
[MATH.ω-C3+] ω update: ω += (z-δ), over 25 ADMM iters
[MATH.ω-C3+] ||ω||=455.5742, ||z-δ||_max=1.9398  (scale differs from C3 — ω carries η-block residuals too)
[MATH.ω-C3+] ρ decision: primal=6.4592, dual=0.0000, ratio=6.4592e+30 > 10 → would double ρ to 50.0000
[MATH.ω-C3+] Note: adaptive-ρ fires every 10 iters; current max_iter=25
[C3+] step=544 |u[0]|=37.11N u_axis=(-22.43,-24.63,+16.34)N λ_n_max=5.188 η_n_max=5.777 primal=6.459 iters=25/25 lcp_res_max=9.81e-07
[CONTACT-ELEM] step=548 element=manipulated_object::collision phi=-0.0000m
[ADMM-C3+] primal: 17.9398->5.7474  dual: 1943.3276->0.0000  mono=False  iters=25/25  rho=25.0
[ADMM-C3+] WARNING non-converged: pr=5.7474 dr=0.0000 tol=1e-03
[MATH.δ-C3+] Bui 2026 eq (12) projection results (N=20 × 12 λ-components):
[MATH.δ-C3+]   case 1 (η wins, λ→0):     107
[MATH.δ-C3+]   case 2 (λ wins, η→0):     99
[MATH.δ-C3+]   case 3 (both zero):       34
[MATH.δ-C3+] First step k=0, component 0:
[MATH.δ-C3+]   pre:  λ°=0.2658, η°=-20.4827
[MATH.δ-C3+]   post: δ_λ=0.3129, δ_η=0.0000
[MATH.ω-C3+] ω update: ω += (z-δ), over 25 ADMM iters
[MATH.ω-C3+] ||ω||=476.3051, ||z-δ||_max=1.3761  (scale differs from C3 — ω carries η-block residuals too)
[MATH.ω-C3+] ρ decision: primal=5.7474, dual=0.0000, ratio=5.7474e+30 > 10 → would double ρ to 50.0000
[MATH.ω-C3+] Note: adaptive-ρ fires every 10 iters; current max_iter=25
[C3+] step=549 |u[0]|=38.61N u_axis=(-27.47,-26.97,+3.00)N λ_n_max=1.933 η_n_max=6.792 primal=5.747 iters=25/25 lcp_res_max=1.19e-06
[CONTACT-RUN] step=178 nhat_BA_W=[+1.000,+0.002,+0.007] p_BCb=[+0.050,+0.001,-0.019] distance=-0.00000 contact_type=EE-BOX
[VFF] step=178 mode=c3 alpha=0.000 v_des=(-1.5000,-1.2362,+0.2029) |v_des|=1.9543 sat=0 util_max=0.264@j0
[AFF] step=178 mode=c3 on=0 a_ff=(+0.0000,+0.0000,+0.0000) |a_ff|=0.0000
[OSC-FORCE] step=178 mode=c3 lam_des=38.613 lam_ext=38.629
[GS] step=178 mode=c3 switch=kStayInC3 best_k=0 best_src=current curr_cost=41769.35 repos_cost=- best_other=64605.90 met_progress=Y steps_since_improve=0 switches=1
[STEP] step=178 mode=c3 t=1.780s ee=(+0.072,+0.001,+0.032) obj=(-0.003,+0.001,+0.050) goal_dist=0.297m switch=kStayInC3 c3_cost=41769.35 lam_n=0.000 lam_t=0.200 contact=Y productive=Y f_cmd=(-27.47,-26.97,+3.00)
[GATE-EVOLVE] step=178 curr=41769.35 best_other=64605.90 ratio=0.6465 ee_to_optimal=0.0007m phi=-0.0000m
[STAGE-A-TRACE] step=178 sim_t=1.780 mode=c3 phi=-0.00000 box_xy=-0.00327,+0.00052 lam_n_ee_box=0.0000 qy=-0.00356 qz=+0.00108 finished_repos=0
[DRAKE-CONTACT] step=178 n_pairs=2 ee_box_normal=20.610
[GATE-CONTACT] step=178 F_W=(-19.6620,-5.1906,-3.3520) F_on_box=(-19.6620,-5.1906,-3.3520) n_face_out=(+0.9999,+0.0087,+0.0079) A_is_ee=1 box_q=(+1.00000,-0.00110,-0.00356,+0.00108) box_p=(-0.00327,+0.00052,+0.05035) ee_p=(+0.07187,+0.00135,+0.03163)
[CONTACT-ELEM] step=549 element=manipulated_object::collision phi=-0.0000m
[ADMM-C3+] primal: 16.9703->6.4270  dual: 1581.4754->0.0000  mono=False  iters=25/25  rho=25.0
[ADMM-C3+] WARNING non-converged: pr=6.4270 dr=0.0000 tol=1e-03
[MATH.QP-C3+] Minimizing: (1/2) z^T P z + q^T z  (z augmented with η)
[MATH.QP-C3+]   s.t. A_eq z = b_eq  (639 rows = x_0 fixation + 20 dynamics + 240 η-slack rows; slack-equality block ADDED)
[MATH.QP-C3+]        bbox: λ_n ≥ 0, |u| ≤ 30.0 N (EE force)  (η is unbounded — sign enforced via projection eq 12)
[MATH.QP-C3+] P shape=(939,939), symmetric=True, pos-semidef=True, cond(P)=4.0000e+05
[MATH.QP-C3+] q norm=3.9821e+05
[MATH.QP-C3+] Augmented term: (ρ/2) Σ ||z-δ+ω||^2_G  ρ=25.0000  (G=I in v1: u_λ=u_η=1)
[MATH.QP-C3+] Soft complementarity: w_comp=0.0000  (C3+ disables it — η equality replaces the linear penalty)
[MATH.QP-C3+] OSQP status: solved, iters=125, solve time=8.56ms
[MATH.δ-C3+] Bui 2026 eq (12) projection results (N=20 × 12 λ-components):
[MATH.δ-C3+]   case 1 (η wins, λ→0):     97
[MATH.δ-C3+]   case 2 (λ wins, η→0):     116
[MATH.δ-C3+]   case 3 (both zero):       27
[MATH.δ-C3+] First step k=0, component 0:
[MATH.δ-C3+]   pre:  λ°=1.0290, η°=-24.0100
[MATH.δ-C3+]   post: δ_λ=1.2411, δ_η=0.0000
[MATH.ω-C3+] ω update: ω += (z-δ), over 25 ADMM iters
[MATH.ω-C3+] ||ω||=456.5702, ||z-δ||_max=1.9237  (scale differs from C3 — ω carries η-block residuals too)
[MATH.ω-C3+] ρ decision: primal=6.4270, dual=0.0000, ratio=6.4270e+30 > 10 → would double ρ to 50.0000
[MATH.ω-C3+] Note: adaptive-ρ fires every 10 iters; current max_iter=25
[C3+] step=550 |u[0]|=35.53N u_axis=(-22.05,-23.48,+15.01)N λ_n_max=5.289 η_n_max=5.138 primal=6.427 iters=25/25 lcp_res_max=8.95e-07
[CONTACT-ELEM] step=554 element=manipulated_object::collision phi=-0.0000m
[ADMM-C3+] primal: 17.3794->5.0964  dual: 1825.0201->0.0000  mono=False  iters=25/25  rho=25.0
[ADMM-C3+] WARNING non-converged: pr=5.0964 dr=0.0000 tol=1e-03
[MATH.δ-C3+] Bui 2026 eq (12) projection results (N=20 × 12 λ-components):
[MATH.δ-C3+]   case 1 (η wins, λ→0):     95
[MATH.δ-C3+]   case 2 (λ wins, η→0):     120
[MATH.δ-C3+]   case 3 (both zero):       25
[MATH.δ-C3+] First step k=0, component 0:
[MATH.δ-C3+]   pre:  λ°=0.5689, η°=-23.2403
[MATH.δ-C3+]   post: δ_λ=0.6674, δ_η=0.0000
[MATH.ω-C3+] ω update: ω += (z-δ), over 25 ADMM iters
[MATH.ω-C3+] ||ω||=471.0770, ||z-δ||_max=1.2959  (scale differs from C3 — ω carries η-block residuals too)
[MATH.ω-C3+] ρ decision: primal=5.0964, dual=0.0000, ratio=5.0964e+30 > 10 → would double ρ to 50.0000
[MATH.ω-C3+] Note: adaptive-ρ fires every 10 iters; current max_iter=25
[C3+] step=555 |u[0]|=42.27N u_axis=(-30.61,-28.99,+3.00)N λ_n_max=5.106 η_n_max=5.861 primal=5.096 iters=25/25 lcp_res_max=6.44e-07
[CONTACT-RUN] step=179 nhat_BA_W=[+1.000,+0.011,+0.009] p_BCb=[+0.050,+0.001,-0.019] distance=-0.00003 contact_type=EE-BOX
[VFF] step=179 mode=c3 alpha=0.000 v_des=(-1.5000,-1.3325,+0.2155) |v_des|=2.0179 sat=0 util_max=0.243@j0
[AFF] step=179 mode=c3 on=0 a_ff=(+0.0000,+0.0000,+0.0000) |a_ff|=0.0000
[OSC-FORCE] step=179 mode=c3 lam_des=42.267 lam_ext=42.283
[GS] step=179 mode=c3 switch=kStayInC3 best_k=0 best_src=current curr_cost=43102.40 repos_cost=- best_other=58072.16 met_progress=Y steps_since_improve=0 switches=1
[STEP] step=179 mode=c3 t=1.790s ee=(+0.069,+0.002,+0.032) obj=(-0.006,+0.001,+0.050) goal_dist=0.294m switch=kStayInC3 c3_cost=43102.40 lam_n=1.239 lam_t=0.531 contact=Y productive=Y f_cmd=(-30.61,-28.99,+3.00)
[GATE-EVOLVE] step=179 curr=43102.40 best_other=58072.16 ratio=0.7422 ee_to_optimal=0.0011m phi=-0.0000m
[STAGE-A-TRACE] step=179 sim_t=1.790 mode=c3 phi=-0.00003 box_xy=-0.00627,+0.00114 lam_n_ee_box=1.2393 qy=-0.00447 qz=+0.00532 finished_repos=0
[DRAKE-CONTACT] step=179 n_pairs=2 ee_box_normal=18.709
[GATE-CONTACT] step=179 F_W=(-9.1140,+14.3181,-7.8704) F_on_box=(-9.1140,+14.3181,-7.8704) n_face_out=(+0.9996,+0.0204,+0.0207) A_is_ee=1 box_q=(+0.99999,-0.00003,-0.00447,+0.00532) box_p=(-0.00627,+0.00114,+0.05041) ee_p=(+0.06885,+0.00248,+0.03233)
[CONTACT-ELEM] step=555 element=manipulated_object::collision phi=-0.0000m
[ADMM-C3+] primal: 16.8867->6.1911  dual: 1581.6568->0.0000  mono=False  iters=25/25  rho=25.0
[ADMM-C3+] WARNING non-converged: pr=6.1911 dr=0.0000 tol=1e-03
[MATH.δ-C3+] Bui 2026 eq (12) projection results (N=20 × 12 λ-components):
[MATH.δ-C3+]   case 1 (η wins, λ→0):     99
[MATH.δ-C3+]   case 2 (λ wins, η→0):     116
[MATH.δ-C3+]   case 3 (both zero):       25
[MATH.δ-C3+] First step k=0, component 0:
[MATH.δ-C3+]   pre:  λ°=0.8094, η°=-29.5010
[MATH.δ-C3+]   post: δ_λ=1.0768, δ_η=0.0000
[MATH.ω-C3+] ω update: ω += (z-δ), over 25 ADMM iters
[MATH.ω-C3+] ||ω||=456.7169, ||z-δ||_max=1.9010  (scale differs from C3 — ω carries η-block residuals too)
[MATH.ω-C3+] ρ decision: primal=6.1911, dual=0.0000, ratio=6.1911e+30 > 10 → would double ρ to 50.0000
[MATH.ω-C3+] Note: adaptive-ρ fires every 10 iters; current max_iter=25
[C3+] step=556 |u[0]|=33.53N u_axis=(-21.22,+20.46,+15.98)N λ_n_max=5.061 η_n_max=5.197 primal=6.191 iters=25/25 lcp_res_max=9.97e-07
[CONTACT-ELEM] step=560 element=manipulated_object::collision phi=-0.0000m
[ADMM-C3+] primal: 18.1312->5.6551  dual: 1959.4623->0.0000  mono=False  iters=25/25  rho=25.0
[ADMM-C3+] WARNING non-converged: pr=5.6551 dr=0.0000 tol=1e-03
[MATH.δ-C3+] Bui 2026 eq (12) projection results (N=20 × 12 λ-components):
[MATH.δ-C3+]   case 1 (η wins, λ→0):     106
[MATH.δ-C3+]   case 2 (λ wins, η→0):     106
[MATH.δ-C3+]   case 3 (both zero):       28
[MATH.δ-C3+] First step k=0, component 0:
[MATH.δ-C3+]   pre:  λ°=0.2499, η°=-28.4206
[MATH.δ-C3+]   post: δ_λ=0.2855, δ_η=0.0000
[MATH.ω-C3+] ω update: ω += (z-δ), over 25 ADMM iters
[MATH.ω-C3+] ||ω||=471.9414, ||z-δ||_max=1.3927  (scale differs from C3 — ω carries η-block residuals too)
[MATH.ω-C3+] ρ decision: primal=5.6551, dual=0.0000, ratio=5.6551e+30 > 10 → would double ρ to 50.0000
[MATH.ω-C3+] Note: adaptive-ρ fires every 10 iters; current max_iter=25
[C3+] step=561 |u[0]|=34.84N u_axis=(-29.84,+17.73,+3.00)N λ_n_max=2.796 η_n_max=6.202 primal=5.655 iters=25/25 lcp_res_max=1.01e-06
[CONTACT-RUN] step=180 nhat_BA_W=[+1.000,+0.021,+0.022] p_BCb=[+0.050,+0.000,-0.019] distance=-0.00005 contact_type=EE-BOX
[VFF] step=180 mode=c3 alpha=0.000 v_des=(-1.5000,+1.0370,+0.2550) |v_des|=1.8413 sat=0 util_max=0.331@j0
[AFF] step=180 mode=c3 on=0 a_ff=(+0.0000,+0.0000,+0.0000) |a_ff|=0.0000
[OSC-FORCE] step=180 mode=c3 lam_des=34.837 lam_ext=34.866
[IMP] step=180 mode=c3 |x_err|=0.1032m |tau_imp|=40.58Nm |tau_ff|=19.81Nm |tau_out|=40.58Nm sat=False lam_n=True lam_t=True
[GS] step=180 mode=c3 switch=kStayInC3 best_k=0 best_src=current curr_cost=46928.46 repos_cost=- best_other=58217.01 met_progress=Y steps_since_improve=0 switches=1
[STEP] step=180 mode=c3 t=1.800s ee=(+0.066,+0.004,+0.033) obj=(-0.010,+0.002,+0.051) goal_dist=0.290m switch=kStayInC3 c3_cost=46928.46 lam_n=0.350 lam_t=0.282 contact=Y productive=Y f_cmd=(-29.84,+17.73,+3.00)
[GATE-EVOLVE] step=180 curr=46928.46 best_other=58217.01 ratio=0.8061 ee_to_optimal=0.0015m phi=-0.0000m
[STAGE-A-TRACE] step=180 sim_t=1.800 mode=c3 phi=-0.00005 box_xy=-0.00956,+0.00185 lam_n_ee_box=0.3501 qy=-0.01094 qz=+0.01064 finished_repos=0
[GS-table] step=180
  k=0 (current   ) pos=(+0.066,+0.004,+0.033) c_C3=  76917.94 align=0.9996(bonus=29989.48) rot=+0.0000(bonus=    0.00) travel=0.000m(pen=  0.00) c_sample=  46928.46 feas=Y ik_err=0.0000m  ← WIN
  k=1 (strat_0   ) pos=(+0.080,+0.000,+0.030) c_C3=  88203.47 align=0.9996(bonus=29989.48) rot=+0.0000(bonus=    0.00) travel=0.015m(pen=  3.02) c_sample=  58217.01 feas=Y ik_err=0.0000m
  k=2 (strat_1   ) pos=(+0.080,+0.000,+0.030) c_C3=  88203.47 align=0.9996(bonus=29989.48) rot=+0.0000(bonus=    0.00) travel=0.015m(pen=  3.02) c_sample=  58217.01 feas=Y ik_err=0.0000m
  k=3 (strat_2   ) pos=(-0.080,+0.012,+0.030) c_C3=  88171.04 align=0.0000(bonus=    0.00) rot=+0.0000(bonus=    0.00) travel=0.146m(pen= 29.20) c_sample=  88200.24 feas=Y ik_err=0.0000m
  k=4 (buffer    ) pos=(+0.080,+0.000,+0.030) c_C3=  88203.47 align=0.9996(bonus=29989.48) rot=+0.0000(bonus=    0.00) travel=0.015m(pen=  3.02) c_sample=  58217.01 feas=Y ik_err=0.0000m
[DRAKE-CONTACT] step=180 n_pairs=2 ee_box_normal=4.284
[GATE-CONTACT] step=180 F_W=(-4.1625,+1.0053,+0.1121) F_on_box=(-4.1625,+1.0053,+0.1121) n_face_out=(+0.9987,+0.0348,+0.0369) A_is_ee=1 box_q=(+0.99990,+0.00040,-0.01094,+0.01064) box_p=(-0.00956,+0.00185,+0.05100) ee_p=(+0.06577,+0.00384,+0.03330)
[CONTACT-ELEM] step=561 element=manipulated_object::collision phi=-0.0000m
[ADMM-C3+] primal: 16.8068->6.2854  dual: 1580.0564->0.0000  mono=False  iters=25/25  rho=25.0
[ADMM-C3+] WARNING non-converged: pr=6.2854 dr=0.0000 tol=1e-03
[MATH.δ-C3+] Bui 2026 eq (12) projection results (N=20 × 12 λ-components):
[MATH.δ-C3+]   case 1 (η wins, λ→0):     97
[MATH.δ-C3+]   case 2 (λ wins, η→0):     117
[MATH.δ-C3+]   case 3 (both zero):       26
[MATH.δ-C3+] First step k=0, component 0:
[MATH.δ-C3+]   pre:  λ°=0.7849, η°=-27.9559
[MATH.δ-C3+]   post: δ_λ=1.0384, δ_η=0.0000
[MATH.ω-C3+] ω update: ω += (z-δ), over 25 ADMM iters
[MATH.ω-C3+] ||ω||=459.5391, ||z-δ||_max=2.0360  (scale differs from C3 — ω carries η-block residuals too)
[MATH.ω-C3+] ρ decision: primal=6.2854, dual=0.0000, ratio=6.2854e+30 > 10 → would double ρ to 50.0000
[MATH.ω-C3+] Note: adaptive-ρ fires every 10 iters; current max_iter=25
[C3+] step=562 |u[0]|=33.18N u_axis=(-21.62,+20.24,+14.97)N λ_n_max=5.084 η_n_max=5.036 primal=6.285 iters=25/25 lcp_res_max=8.91e-07
[CONTACT-ELEM] step=566 element=manipulated_object::collision phi=-0.0000m
[ADMM-C3+] primal: 16.8110->5.1842  dual: 1712.3730->0.0000  mono=False  iters=25/25  rho=25.0
[ADMM-C3+] WARNING non-converged: pr=5.1842 dr=0.0000 tol=1e-03
[MATH.δ-C3+] Bui 2026 eq (12) projection results (N=20 × 12 λ-components):
[MATH.δ-C3+]   case 1 (η wins, λ→0):     97
[MATH.δ-C3+]   case 2 (λ wins, η→0):     112
[MATH.δ-C3+]   case 3 (both zero):       31
[MATH.δ-C3+] First step k=0, component 0:
[MATH.δ-C3+]   pre:  λ°=0.2636, η°=-27.0003
[MATH.δ-C3+]   post: δ_λ=0.2837, δ_η=0.0000
[MATH.ω-C3+] ω update: ω += (z-δ), over 25 ADMM iters
[MATH.ω-C3+] ||ω||=471.9587, ||z-δ||_max=1.4369  (scale differs from C3 — ω carries η-block residuals too)
[MATH.ω-C3+] ρ decision: primal=5.1842, dual=0.0000, ratio=5.1842e+30 > 10 → would double ρ to 50.0000
[MATH.ω-C3+] Note: adaptive-ρ fires every 10 iters; current max_iter=25
[C3+] step=567 |u[0]|=37.12N u_axis=(-30.31,+21.23,+3.00)N λ_n_max=3.348 η_n_max=5.673 primal=5.184 iters=25/25 lcp_res_max=7.06e-07
[CONTACT-RUN] step=181 nhat_BA_W=[+0.999,+0.036,+0.039] p_BCb=[+0.050,+0.000,-0.020] distance=-0.00001 contact_type=EE-BOX
[VFF] step=181 mode=c3 alpha=0.000 v_des=(-1.5000,+1.2423,+0.3116) |v_des|=1.9724 sat=0 util_max=0.322@j0
[AFF] step=181 mode=c3 on=0 a_ff=(+0.0000,+0.0000,+0.0000) |a_ff|=0.0000
[OSC-FORCE] step=181 mode=c3 lam_des=37.121 lam_ext=37.149
[GS] step=181 mode=c3 switch=kStayInC3 best_k=0 best_src=current curr_cost=44788.57 repos_cost=- best_other=53558.50 met_progress=Y steps_since_improve=0 switches=1
[STEP] step=181 mode=c3 t=1.810s ee=(+0.063,+0.006,+0.035) obj=(-0.013,+0.003,+0.052) goal_dist=0.287m switch=kStayInC3 c3_cost=44788.57 lam_n=0.451 lam_t=0.287 contact=Y productive=Y f_cmd=(-30.31,+21.23,+3.00)
[GATE-EVOLVE] step=181 curr=44788.57 best_other=53558.50 ratio=0.8363 ee_to_optimal=0.0023m phi=-0.0000m
[STAGE-A-TRACE] step=181 sim_t=1.810 mode=c3 phi=-0.00001 box_xy=-0.01306,+0.00269 lam_n_ee_box=0.4506 qy=-0.01928 qz=+0.01820 finished_repos=0
[DRAKE-CONTACT] step=181 n_pairs=2 ee_box_normal=21.861
[GATE-CONTACT] step=181 F_W=(-12.1189,+16.1799,-8.3220) F_on_box=(-12.1189,+16.1799,-8.3220) n_face_out=(+0.9969,+0.0524,+0.0592) A_is_ee=1 box_q=(+0.99967,+0.00039,-0.01928,+0.01820) box_p=(-0.01306,+0.00269,+0.05188) ee_p=(+0.06260,+0.00554,+0.03477)
[CONTACT-ELEM] step=567 element=manipulated_object::collision phi=-0.0000m
[ADMM-C3+] primal: 16.9085->7.0395  dual: 1604.8219->0.0000  mono=False  iters=25/25  rho=25.0
[ADMM-C3+] WARNING non-converged: pr=7.0395 dr=0.0000 tol=1e-03
[MATH.δ-C3+] Bui 2026 eq (12) projection results (N=20 × 12 λ-components):
[MATH.δ-C3+]   case 1 (η wins, λ→0):     95
[MATH.δ-C3+]   case 2 (λ wins, η→0):     119
[MATH.δ-C3+]   case 3 (both zero):       26
[MATH.δ-C3+] First step k=0, component 0:
[MATH.δ-C3+]   pre:  λ°=1.0205, η°=-25.0541
[MATH.δ-C3+]   post: δ_λ=1.1752, δ_η=0.0000
[MATH.ω-C3+] ω update: ω += (z-δ), over 25 ADMM iters
[MATH.ω-C3+] ||ω||=466.1872, ||z-δ||_max=2.0457  (scale differs from C3 — ω carries η-block residuals too)
[MATH.ω-C3+] ρ decision: primal=7.0395, dual=0.0000, ratio=7.0395e+30 > 10 → would double ρ to 50.0000
[MATH.ω-C3+] Note: adaptive-ρ fires every 10 iters; current max_iter=25
[C3+] step=568 |u[0]|=30.23N u_axis=(-21.44,-18.56,+10.48)N λ_n_max=5.638 η_n_max=4.121 primal=7.039 iters=25/25 lcp_res_max=6.35e-07
[CONTACT-ELEM] step=572 element=manipulated_object::collision phi=-0.0000m
[ADMM-C3+] primal: 17.0301->5.6651  dual: 1782.8182->0.0000  mono=False  iters=25/25  rho=25.0
[ADMM-C3+] WARNING non-converged: pr=5.6651 dr=0.0000 tol=1e-03
[MATH.δ-C3+] Bui 2026 eq (12) projection results (N=20 × 12 λ-components):
[MATH.δ-C3+]   case 1 (η wins, λ→0):     98
[MATH.δ-C3+]   case 2 (λ wins, η→0):     110
[MATH.δ-C3+]   case 3 (both zero):       32
[MATH.δ-C3+] First step k=0, component 0:
[MATH.δ-C3+]   pre:  λ°=0.4307, η°=-22.8927
[MATH.δ-C3+]   post: δ_λ=0.4388, δ_η=0.0000
[MATH.ω-C3+] ω update: ω += (z-δ), over 25 ADMM iters
[MATH.ω-C3+] ||ω||=483.5048, ||z-δ||_max=1.5849  (scale differs from C3 — ω carries η-block residuals too)
[MATH.ω-C3+] ρ decision: primal=5.6651, dual=0.0000, ratio=5.6651e+30 > 10 → would double ρ to 50.0000
[MATH.ω-C3+] Note: adaptive-ρ fires every 10 iters; current max_iter=25
[C3+] step=573 |u[0]|=35.65N u_axis=(-30.38,-18.41,+3.00)N λ_n_max=3.617 η_n_max=4.618 primal=5.665 iters=25/25 lcp_res_max=6.06e-07
[CONTACT-RUN] step=182 nhat_BA_W=[+0.997,+0.053,+0.062] p_BCb=[+0.050,+0.000,-0.021] distance=-0.00004 contact_type=EE-BOX
[VFF] step=182 mode=c3 alpha=0.000 v_des=(-1.5000,-0.7043,+0.3876) |v_des|=1.7018 sat=0 util_max=0.249@j0
[AFF] step=182 mode=c3 on=0 a_ff=(+0.0000,+0.0000,+0.0000) |a_ff|=0.0000
[OSC-FORCE] step=182 mode=c3 lam_des=35.652 lam_ext=35.670
[GS] step=182 mode=c3 switch=kStayInC3 best_k=1 best_src=current curr_cost=49154.62 repos_cost=- best_other=49128.13 met_progress=Y steps_since_improve=0 switches=1
[STEP] step=182 mode=c3 t=1.820s ee=(+0.059,+0.008,+0.037) obj=(-0.017,+0.004,+0.053) goal_dist=0.283m switch=kStayInC3 c3_cost=49154.62 lam_n=0.528 lam_t=0.302 contact=Y productive=Y f_cmd=(-30.38,-18.41,+3.00)
[GATE-EVOLVE] step=182 curr=49154.62 best_other=49128.13 ratio=1.0005 ee_to_optimal=0.0033m phi=-0.0000m
[STAGE-A-TRACE] step=182 sim_t=1.820 mode=c3 phi=-0.00004 box_xy=-0.01705,+0.00351 lam_n_ee_box=0.5277 qy=-0.03102 qz=+0.02653 finished_repos=0
[DRAKE-CONTACT] step=182 n_pairs=2 ee_box_normal=26.768
[GATE-CONTACT] step=182 F_W=(-24.9270,-7.3023,-6.4678) F_on_box=(-24.9270,-7.3023,-6.4678) n_face_out=(+0.9934,+0.0741,+0.0881) A_is_ee=1 box_q=(+0.99920,+0.00076,-0.03102,+0.02653) box_p=(-0.01705,+0.00351,+0.05296) ee_p=(+0.05894,+0.00756,+0.03684)
[CONTACT-ELEM] step=573 element=manipulated_object::collision phi=-0.0000m
[ADMM-C3+] primal: 16.9937->7.9102  dual: 1604.4447->0.0000  mono=False  iters=25/25  rho=25.0
[ADMM-C3+] WARNING non-converged: pr=7.9102 dr=0.0000 tol=1e-03
[MATH.δ-C3+] Bui 2026 eq (12) projection results (N=20 × 12 λ-components):
[MATH.δ-C3+]   case 1 (η wins, λ→0):     94
[MATH.δ-C3+]   case 2 (λ wins, η→0):     123
[MATH.δ-C3+]   case 3 (both zero):       23
[MATH.δ-C3+] First step k=0, component 0:
[MATH.δ-C3+]   pre:  λ°=1.0440, η°=-26.3079
[MATH.δ-C3+]   post: δ_λ=1.3124, δ_η=0.0000
[MATH.ω-C3+] ω update: ω += (z-δ), over 25 ADMM iters
[MATH.ω-C3+] ||ω||=471.6409, ||z-δ||_max=2.2381  (scale differs from C3 — ω carries η-block residuals too)
[MATH.ω-C3+] ρ decision: primal=7.9102, dual=0.0000, ratio=7.9102e+30 > 10 → would double ρ to 50.0000
[MATH.ω-C3+] Note: adaptive-ρ fires every 10 iters; current max_iter=25
[C3+] step=574 |u[0]|=28.10N u_axis=(-20.24,-17.21,+9.17)N λ_n_max=5.404 η_n_max=3.498 primal=7.910 iters=25/25 lcp_res_max=5.58e-07
[CONTACT-ELEM] step=578 element=manipulated_object::collision phi=-0.0000m
[ADMM-C3+] primal: 16.9991->5.0273  dual: 1772.4774->0.0000  mono=False  iters=25/25  rho=50.0
[ADMM-C3+] WARNING non-converged: pr=5.0273 dr=0.0000 tol=1e-03
[MATH.δ-C3+] Bui 2026 eq (12) projection results (N=20 × 12 λ-components):
[MATH.δ-C3+]   case 1 (η wins, λ→0):     94
[MATH.δ-C3+]   case 2 (λ wins, η→0):     117
[MATH.δ-C3+]   case 3 (both zero):       29
[MATH.δ-C3+] First step k=0, component 0:
[MATH.δ-C3+]   pre:  λ°=0.4209, η°=-12.8152
[MATH.δ-C3+]   post: δ_λ=0.4214, δ_η=0.0000
[MATH.ω-C3+] ω update: ω += (z-δ), over 25 ADMM iters
[MATH.ω-C3+] ||ω||=252.9339, ||z-δ||_max=1.6468  (scale differs from C3 — ω carries η-block residuals too)
[MATH.ω-C3+] ρ decision: primal=5.0273, dual=0.0000, ratio=5.0273e+30 > 10 → would double ρ to 100.0000
[MATH.ω-C3+] Note: adaptive-ρ fires every 10 iters; current max_iter=25
[C3+] step=579 |u[0]|=37.54N u_axis=(-28.39,-24.39,+3.00)N λ_n_max=3.509 η_n_max=3.510 primal=5.027 iters=25/25 lcp_res_max=2.21e-07
[CONTACT-RUN] step=183 nhat_BA_W=[+0.993,+0.078,+0.091] p_BCb=[+0.050,-0.001,-0.022] distance=-0.00004 contact_type=EE-BOX
[VFF] step=183 mode=c3 alpha=0.000 v_des=(-1.5000,-0.9651,+0.4297) |v_des|=1.8347 sat=0 util_max=0.239@j0
[AFF] step=183 mode=c3 on=0 a_ff=(+0.0000,+0.0000,+0.0000) |a_ff|=0.0000
[OSC-FORCE] step=183 mode=c3 lam_des=37.543 lam_ext=37.558
[GS] step=183 mode=c3 switch=kStayInC3 best_k=1 best_src=current curr_cost=61283.58 repos_cost=- best_other=56085.75 met_progress=Y steps_since_improve=0 switches=1
[STEP] step=183 mode=c3 t=1.830s ee=(+0.055,+0.010,+0.039) obj=(-0.021,+0.005,+0.054) goal_dist=0.279m switch=kStayInC3 c3_cost=61283.58 lam_n=0.000 lam_t=0.265 contact=Y productive=Y f_cmd=(-28.39,-24.39,+3.00)
[GATE-EVOLVE] step=183 curr=61283.58 best_other=56085.75 ratio=1.0927 ee_to_optimal=0.0043m phi=-0.0000m
[STAGE-A-TRACE] step=183 sim_t=1.830 mode=c3 phi=-0.00004 box_xy=-0.02140,+0.00462 lam_n_ee_box=0.0000 qy=-0.04570 qz=+0.03897 finished_repos=0
[DRAKE-CONTACT] step=183 n_pairs=2 ee_box_normal=18.462
[GATE-CONTACT] step=183 F_W=(-17.1785,-5.1498,-4.3828) F_on_box=(-17.1785,-5.1498,-4.3828) n_face_out=(+0.9880,+0.0949,+0.1222) A_is_ee=1 box_q=(+0.99825,+0.00176,-0.04570,+0.03897) box_p=(-0.02140,+0.00462,+0.05431) ee_p=(+0.05507,+0.00989,+0.03944)
[CONTACT-ELEM] step=579 element=manipulated_object::collision phi=-0.0000m
[LATERAL] perp=5.3mm scale=50.0mm strength=0.11 shift_mm=(+0.0,-0.6)
[ADMM-C3+] primal: 15.9213->8.5725  dual: 1496.8269->0.0000  mono=False  iters=25/25  rho=25.0
[ADMM-C3+] WARNING non-converged: pr=8.5725 dr=0.0000 tol=1e-03
[MATH.QP-C3+] Minimizing: (1/2) z^T P z + q^T z  (z augmented with η)
[MATH.QP-C3+]   s.t. A_eq z = b_eq  (639 rows = x_0 fixation + 20 dynamics + 240 η-slack rows; slack-equality block ADDED)
[MATH.QP-C3+]        bbox: λ_n ≥ 0, |u| ≤ 30.0 N (EE force)  (η is unbounded — sign enforced via projection eq 12)
[MATH.QP-C3+] P shape=(939,939), symmetric=True, pos-semidef=True, cond(P)=4.0000e+05
[MATH.QP-C3+] q norm=3.9822e+05
[MATH.QP-C3+] Augmented term: (ρ/2) Σ ||z-δ+ω||^2_G  ρ=25.0000  (G=I in v1: u_λ=u_η=1)
[MATH.QP-C3+] Soft complementarity: w_comp=0.0000  (C3+ disables it — η equality replaces the linear penalty)
[MATH.QP-C3+] OSQP status: solved, iters=150, solve time=8.09ms
[MATH.δ-C3+] Bui 2026 eq (12) projection results (N=20 × 12 λ-components):
[MATH.δ-C3+]   case 1 (η wins, λ→0):     89
[MATH.δ-C3+]   case 2 (λ wins, η→0):     121
[MATH.δ-C3+]   case 3 (both zero):       30
[MATH.δ-C3+] First step k=0, component 0:
[MATH.δ-C3+]   pre:  λ°=0.9051, η°=-27.9574
[MATH.δ-C3+]   post: δ_λ=1.1357, δ_η=0.0000
[MATH.ω-C3+] ω update: ω += (z-δ), over 25 ADMM iters
[MATH.ω-C3+] ||ω||=482.8408, ||z-δ||_max=2.8092  (scale differs from C3 — ω carries η-block residuals too)
[MATH.ω-C3+] ρ decision: primal=8.5725, dual=0.0000, ratio=8.5725e+30 > 10 → would double ρ to 50.0000
[MATH.ω-C3+] Note: adaptive-ρ fires every 10 iters; current max_iter=25
[C3+] step=580 |u[0]|=23.97N u_axis=(-20.49,-9.53,+7.99)N λ_n_max=5.230 η_n_max=2.630 primal=8.573 iters=25/25 lcp_res_max=4.82e-07
[CONTACT-ELEM] step=584 element=manipulated_object::collision phi=-0.0000m
[LATERAL] perp=5.3mm scale=50.0mm strength=0.11 shift_mm=(+0.0,-0.6)
[ADMM-C3+] primal: 18.5374->5.0226  dual: 1956.3038->0.0000  mono=False  iters=25/25  rho=50.0
[ADMM-C3+] WARNING non-converged: pr=5.0226 dr=0.0000 tol=1e-03
[MATH.δ-C3+] Bui 2026 eq (12) projection results (N=20 × 12 λ-components):
[MATH.δ-C3+]   case 1 (η wins, λ→0):     98
[MATH.δ-C3+]   case 2 (λ wins, η→0):     106
[MATH.δ-C3+]   case 3 (both zero):       36
[MATH.δ-C3+] First step k=0, component 0:
[MATH.δ-C3+]   pre:  λ°=0.3937, η°=-13.6818
[MATH.δ-C3+]   post: δ_λ=0.4354, δ_η=0.0000
[MATH.ω-C3+] ω update: ω += (z-δ), over 25 ADMM iters
[MATH.ω-C3+] ||ω||=257.3386, ||z-δ||_max=1.3921  (scale differs from C3 — ω carries η-block residuals too)
[MATH.ω-C3+] ρ decision: primal=5.0226, dual=0.0000, ratio=5.0226e+30 > 10 → would double ρ to 100.0000
[MATH.ω-C3+] Note: adaptive-ρ fires every 10 iters; current max_iter=25
[C3+] step=585 |u[0]|=34.20N u_axis=(-25.97,-22.05,+3.00)N λ_n_max=3.655 η_n_max=2.797 primal=5.023 iters=25/25 lcp_res_max=2.62e-07
[CONTACT-RUN] step=184 nhat_BA_W=[+0.987,+0.099,+0.126] p_BCb=[+0.050,-0.001,-0.023] distance=-0.00003 contact_type=EE-BOX
[VFF] step=184 mode=c3 alpha=0.000 v_des=(-1.5000,-0.8271,+0.4719) |v_des|=1.7767 sat=0 util_max=0.239@j0
[AFF] step=184 mode=c3 on=0 a_ff=(+0.0000,+0.0000,+0.0000) |a_ff|=0.0000
[OSC-FORCE] step=184 mode=c3 lam_des=34.200 lam_ext=34.216
[GS] step=184 mode=c3 switch=kStayInC3 best_k=1 best_src=current curr_cost=57934.90 repos_cost=- best_other=55194.31 met_progress=Y steps_since_improve=0 switches=1
[STEP] step=184 mode=c3 t=1.840s ee=(+0.051,+0.012,+0.042) obj=(-0.026,+0.006,+0.056) goal_dist=0.274m switch=kStayInC3 c3_cost=57934.90 lam_n=0.041 lam_t=0.270 contact=Y productive=Y f_cmd=(-25.97,-22.05,+3.00)
[GATE-EVOLVE] step=184 curr=57934.90 best_other=55194.31 ratio=1.0497 ee_to_optimal=0.0057m phi=-0.0000m
[STAGE-A-TRACE] step=184 sim_t=1.840 mode=c3 phi=-0.00003 box_xy=-0.02586,+0.00561 lam_n_ee_box=0.0414 qy=-0.06293 qz=+0.04967 finished_repos=0
[DRAKE-CONTACT] step=184 n_pairs=2 ee_box_normal=28.390
[GATE-CONTACT] step=184 F_W=(-27.8237,-1.2984,-5.4930) F_on_box=(-27.8237,-1.2984,-5.4930) n_face_out=(+0.9798,+0.1196,+0.1601) A_is_ee=1 box_q=(+0.99686,+0.00312,-0.06293,+0.04967) box_p=(-0.02586,+0.00561,+0.05586) ee_p=(+0.05111,+0.01249,+0.04248)
[CONTACT-ELEM] step=585 element=manipulated_object::collision phi=-0.0000m
[LATERAL] perp=6.8mm scale=50.0mm strength=0.14 shift_mm=(+0.0,-0.9)
[ADMM-C3+] primal: 16.1498->9.0411  dual: 1510.7246->0.0000  mono=False  iters=25/25  rho=25.0
[ADMM-C3+] WARNING non-converged: pr=9.0411 dr=0.0000 tol=1e-03
[MATH.δ-C3+] Bui 2026 eq (12) projection results (N=20 × 12 λ-components):
[MATH.δ-C3+]   case 1 (η wins, λ→0):     76
[MATH.δ-C3+]   case 2 (λ wins, η→0):     128
[MATH.δ-C3+]   case 3 (both zero):       36
[MATH.δ-C3+] First step k=0, component 0:
[MATH.δ-C3+]   pre:  λ°=1.1925, η°=-29.3465
[MATH.δ-C3+]   post: δ_λ=1.1925, δ_η=0.0000
[MATH.ω-C3+] ω update: ω += (z-δ), over 25 ADMM iters
[MATH.ω-C3+] ||ω||=491.1905, ||z-δ||_max=3.0042  (scale differs from C3 — ω carries η-block residuals too)
[MATH.ω-C3+] ρ decision: primal=9.0411, dual=0.0000, ratio=9.0411e+30 > 10 → would double ρ to 50.0000
[MATH.ω-C3+] Note: adaptive-ρ fires every 10 iters; current max_iter=25
[C3+] step=586 |u[0]|=24.37N u_axis=(-22.53,-8.89,+2.62)N λ_n_max=5.557 η_n_max=2.012 primal=9.041 iters=25/25 lcp_res_max=4.19e-07
[CONTACT-ELEM] step=590 element=manipulated_object::collision phi=-0.0000m
[LATERAL] perp=6.8mm scale=50.0mm strength=0.14 shift_mm=(+0.0,-0.9)
[ADMM-C3+] primal: 18.3215->8.8051  dual: 1907.0404->0.0000  mono=False  iters=25/25  rho=25.0
[ADMM-C3+] WARNING non-converged: pr=8.8051 dr=0.0000 tol=1e-03
[MATH.δ-C3+] Bui 2026 eq (12) projection results (N=20 × 12 λ-components):
[MATH.δ-C3+]   case 1 (η wins, λ→0):     73
[MATH.δ-C3+]   case 2 (λ wins, η→0):     131
[MATH.δ-C3+]   case 3 (both zero):       36
[MATH.δ-C3+] First step k=0, component 0:
[MATH.δ-C3+]   pre:  λ°=0.9053, η°=-27.0376
[MATH.δ-C3+]   post: δ_λ=0.9053, δ_η=0.0000
[MATH.ω-C3+] ω update: ω += (z-δ), over 25 ADMM iters
[MATH.ω-C3+] ||ω||=508.9812, ||z-δ||_max=2.8438  (scale differs from C3 — ω carries η-block residuals too)
[MATH.ω-C3+] ρ decision: primal=8.8051, dual=0.0000, ratio=8.8051e+30 > 10 → would double ρ to 50.0000
[MATH.ω-C3+] Note: adaptive-ρ fires every 10 iters; current max_iter=25
[C3+] step=591 |u[0]|=38.37N u_axis=(-30.77,-22.72,+3.00)N λ_n_max=5.980 η_n_max=2.188 primal=8.805 iters=25/25 lcp_res_max=4.81e-07
[CONTACT-RUN] step=185 nhat_BA_W=[+0.979,+0.120,+0.165] p_BCb=[+0.050,-0.001,-0.024] distance=-0.00003 contact_type=EE-BOX
[VFF] step=185 mode=c3 alpha=0.000 v_des=(-1.5000,-0.8545,+0.5362) |v_des|=1.8077 sat=0 util_max=0.223@j0
[AFF] step=185 mode=c3 on=0 a_ff=(+0.0000,+0.0000,+0.0000) |a_ff|=0.0000
[OSC-FORCE] step=185 mode=c3 lam_des=38.367 lam_ext=38.382
[GS] step=185 mode=c3 switch=kStayInC3 best_k=1 best_src=current curr_cost=49635.03 repos_cost=- best_other=39762.49 met_progress=Y steps_since_improve=0 switches=1
[STEP] step=185 mode=c3 t=1.850s ee=(+0.047,+0.015,+0.046) obj=(-0.031,+0.007,+0.058) goal_dist=0.270m switch=kStayInC3 c3_cost=49635.03 lam_n=1.571 lam_t=0.650 contact=Y productive=Y f_cmd=(-30.77,-22.72,+3.00)
[GATE-EVOLVE] step=185 curr=49635.03 best_other=39762.49 ratio=1.2483 ee_to_optimal=0.0073m phi=-0.0000m
[STAGE-A-TRACE] step=185 sim_t=1.850 mode=c3 phi=-0.00003 box_xy=-0.03051,+0.00656 lam_n_ee_box=1.5709 qy=-0.08241 qz=+0.06096 finished_repos=0
[DRAKE-CONTACT] step=185 n_pairs=2 ee_box_normal=51.285
[GATE-CONTACT] step=185 F_W=(-49.7588,-4.5894,-11.5371) F_on_box=(-49.7588,-4.5894,-11.5371) n_face_out=(+0.9683,+0.1449,+0.2034) A_is_ee=1 box_q=(+0.99483,+0.00493,-0.08241,+0.06096) box_p=(-0.03051,+0.00656,+0.05751) ee_p=(+0.04694,+0.01530,+0.04591)
[CONTACT-ELEM] step=591 element=manipulated_object::collision phi=-0.0001m
[LATERAL] perp=8.5mm scale=50.0mm strength=0.17 shift_mm=(+0.0,-1.5)
[ADMM-C3+] primal: 16.3972->6.4660  dual: 1528.7158->0.0000  mono=False  iters=25/25  rho=50.0
[ADMM-C3+] WARNING non-converged: pr=6.4660 dr=0.0000 tol=1e-03
[MATH.δ-C3+] Bui 2026 eq (12) projection results (N=20 × 12 λ-components):
[MATH.δ-C3+]   case 1 (η wins, λ→0):     76
[MATH.δ-C3+]   case 2 (λ wins, η→0):     119
[MATH.δ-C3+]   case 3 (both zero):       45
[MATH.δ-C3+] First step k=0, component 0:
[MATH.δ-C3+]   pre:  λ°=0.9325, η°=-17.7273
[MATH.δ-C3+]   post: δ_λ=0.9325, δ_η=0.0000
[MATH.ω-C3+] ω update: ω += (z-δ), over 25 ADMM iters
[MATH.ω-C3+] ||ω||=318.8105, ||z-δ||_max=1.7545  (scale differs from C3 — ω carries η-block residuals too)
[MATH.ω-C3+] ρ decision: primal=6.4660, dual=0.0000, ratio=6.4660e+30 > 10 → would double ρ to 100.0000
[MATH.ω-C3+] Note: adaptive-ρ fires every 10 iters; current max_iter=25
[C3+] step=592 |u[0]|=18.59N u_axis=(-17.63,-5.29,-2.61)N λ_n_max=4.035 η_n_max=0.907 primal=6.466 iters=25/25 lcp_res_max=2.32e-07
[CONTACT-ELEM] step=596 element=manipulated_object::collision phi=-0.0001m
[LATERAL] perp=8.5mm scale=50.0mm strength=0.17 shift_mm=(+0.0,-1.5)
[ADMM-C3+] primal: 18.2229->4.1229  dual: 1923.2856->0.0000  mono=False  iters=25/25  rho=50.0
[ADMM-C3+] WARNING non-converged: pr=4.1229 dr=0.0000 tol=1e-03
[MATH.δ-C3+] Bui 2026 eq (12) projection results (N=20 × 12 λ-components):
[MATH.δ-C3+]   case 1 (η wins, λ→0):     82
[MATH.δ-C3+]   case 2 (λ wins, η→0):     116
[MATH.δ-C3+]   case 3 (both zero):       42
[MATH.δ-C3+] First step k=0, component 0:
[MATH.δ-C3+]   pre:  λ°=0.2323, η°=-15.7377
[MATH.δ-C3+]   post: δ_λ=0.2447, δ_η=0.0000
[MATH.ω-C3+] ω update: ω += (z-δ), over 25 ADMM iters
[MATH.ω-C3+] ||ω||=334.7514, ||z-δ||_max=1.5212  (scale differs from C3 — ω carries η-block residuals too)
[MATH.ω-C3+] ρ decision: primal=4.1229, dual=0.0000, ratio=4.1229e+30 > 10 → would double ρ to 100.0000
[MATH.ω-C3+] Note: adaptive-ρ fires every 10 iters; current max_iter=25
[C3+] step=597 |u[0]|=25.52N u_axis=(-24.80,-6.02,-0.17)N λ_n_max=2.170 η_n_max=1.407 primal=4.123 iters=25/25 lcp_res_max=1.80e-07
[CONTACT-RUN] step=186 nhat_BA_W=[+0.967,+0.145,+0.209] p_BCb=[+0.050,-0.001,-0.026] distance=-0.00006 contact_type=EE-BOX
[VFF] step=186 mode=c3 alpha=0.000 v_des=(-1.5000,+0.0269,+0.4125) |v_des|=1.5559 sat=0 util_max=0.249@j0
[AFF] step=186 mode=c3 on=0 a_ff=(+0.0000,+0.0000,+0.0000) |a_ff|=0.0000
[OSC-FORCE] step=186 mode=c3 lam_des=25.520 lam_ext=25.542
[GS] step=186 mode=c3 switch=kStayInC3 best_k=1 best_src=current curr_cost=59771.03 repos_cost=- best_other=32072.67 met_progress=Y steps_since_improve=0 switches=1
[STEP] step=186 mode=c3 t=1.860s ee=(+0.043,+0.018,+0.050) obj=(-0.035,+0.008,+0.059) goal_dist=0.265m switch=kStayInC3 c3_cost=59771.03 lam_n=0.000 lam_t=0.204 contact=Y productive=Y f_cmd=(-24.80,-6.02,-0.17)
[GATE-EVOLVE] step=186 curr=59771.03 best_other=32072.67 ratio=1.8636 ee_to_optimal=0.0091m phi=-0.0001m
[STAGE-A-TRACE] step=186 sim_t=1.860 mode=c3 phi=-0.00006 box_xy=-0.03520,+0.00758 lam_n_ee_box=0.0000 qy=-0.10472 qz=+0.07367 finished_repos=0
[DRAKE-CONTACT] step=186 n_pairs=2 ee_box_normal=4.336
[GATE-CONTACT] step=186 F_W=(-2.2616,+3.4702,-1.2822) F_on_box=(-2.2616,+3.4702,-1.2822) n_face_out=(+0.9541,+0.1596,+0.2536) A_is_ee=1 box_q=(+0.99189,+0.00750,-0.10472,+0.07367) box_p=(-0.03520,+0.00758,+0.05928) ee_p=(+0.04271,+0.01836,+0.04984)
[CONTACT-ELEM] step=597 element=manipulated_object::collision phi=-0.0000m
[LATERAL] perp=10.9mm scale=50.0mm strength=0.22 shift_mm=(+0.1,-2.4)
[ADMM-C3+] primal: 16.4530->9.7597  dual: 1543.2906->0.0000  mono=False  iters=25/25  rho=25.0
[ADMM-C3+] WARNING non-converged: pr=9.7597 dr=0.0000 tol=1e-03
[MATH.δ-C3+] Bui 2026 eq (12) projection results (N=20 × 12 λ-components):
[MATH.δ-C3+]   case 1 (η wins, λ→0):     70
[MATH.δ-C3+]   case 2 (λ wins, η→0):     138
[MATH.δ-C3+]   case 3 (both zero):       32
[MATH.δ-C3+] First step k=0, component 0:
[MATH.δ-C3+]   pre:  λ°=0.9069, η°=-28.6687
[MATH.δ-C3+]   post: δ_λ=0.9069, δ_η=0.0000
[MATH.ω-C3+] ω update: ω += (z-δ), over 25 ADMM iters
[MATH.ω-C3+] ||ω||=512.6043, ||z-δ||_max=2.8850  (scale differs from C3 — ω carries η-block residuals too)
[MATH.ω-C3+] ρ decision: primal=9.7597, dual=0.0000, ratio=9.7597e+30 > 10 → would double ρ to 50.0000
[MATH.ω-C3+] Note: adaptive-ρ fires every 10 iters; current max_iter=25
[C3+] step=598 |u[0]|=25.68N u_axis=(-24.13,+8.13,+3.34)N λ_n_max=4.632 η_n_max=1.905 primal=9.760 iters=25/25 lcp_res_max=2.88e-07
[CONTACT-ELEM] step=602 element=manipulated_object::collision phi=-0.0000m
[LATERAL] perp=10.9mm scale=50.0mm strength=0.22 shift_mm=(+0.1,-2.4)
[ADMM-C3+] primal: 17.1234->7.9788  dual: 1723.1493->0.0000  mono=False  iters=25/25  rho=25.0
[ADMM-C3+] WARNING non-converged: pr=7.9788 dr=0.0000 tol=1e-03
[MATH.δ-C3+] Bui 2026 eq (12) projection results (N=20 × 12 λ-components):
[MATH.δ-C3+]   case 1 (η wins, λ→0):     76
[MATH.δ-C3+]   case 2 (λ wins, η→0):     119
[MATH.δ-C3+]   case 3 (both zero):       45
[MATH.δ-C3+] First step k=0, component 0:
[MATH.δ-C3+]   pre:  λ°=0.2523, η°=-27.4788
[MATH.δ-C3+]   post: δ_λ=0.2884, δ_η=0.0000
[MATH.ω-C3+] ω update: ω += (z-δ), over 25 ADMM iters
[MATH.ω-C3+] ||ω||=527.1146, ||z-δ||_max=2.3720  (scale differs from C3 — ω carries η-block residuals too)
[MATH.ω-C3+] ρ decision: primal=7.9788, dual=0.0000, ratio=7.9788e+30 > 10 → would double ρ to 50.0000
[MATH.ω-C3+] Note: adaptive-ρ fires every 10 iters; current max_iter=25
[C3+] step=603 |u[0]|=30.17N u_axis=(-30.00,+1.20,+3.00)N λ_n_max=4.160 η_n_max=1.896 primal=7.979 iters=25/25 lcp_res_max=2.43e-07
[CONTACT-RUN] step=187 nhat_BA_W=[+0.952,+0.161,+0.259] p_BCb=[+0.050,+0.000,-0.027] distance=-0.00001 contact_type=EE-BOX
[VFF] step=187 mode=c3 alpha=0.000 v_des=(-1.5000,+0.4017,+0.6279) |v_des|=1.6750 sat=0 util_max=0.243@j0
[AFF] step=187 mode=c3 on=0 a_ff=(+0.0000,+0.0000,+0.0000) |a_ff|=0.0000
[OSC-FORCE] step=187 mode=c3 lam_des=30.173 lam_ext=30.195
[GS] step=187 mode=c3 switch=kStayInC3 best_k=1 best_src=current curr_cost=38588.02 repos_cost=- best_other=27801.69 met_progress=Y steps_since_improve=0 switches=1
[STEP] step=187 mode=c3 t=1.870s ee=(+0.038,+0.022,+0.054) obj=(-0.040,+0.008,+0.061) goal_dist=0.260m switch=kStayInC3 c3_cost=38588.02 lam_n=1.269 lam_t=0.555 contact=Y productive=Y f_cmd=(-30.00,+1.20,+3.00)
[GATE-EVOLVE] step=187 curr=38588.02 best_other=27801.69 ratio=1.3880 ee_to_optimal=0.0116m phi=-0.0000m
[STAGE-A-TRACE] step=187 sim_t=1.870 mode=c3 phi=-0.00001 box_xy=-0.03997,+0.00820 lam_n_ee_box=1.2692 qy=-0.12996 qz=+0.08314 finished_repos=0
[DRAKE-CONTACT] step=187 n_pairs=2 ee_box_normal=3.300
[GATE-CONTACT] step=187 F_W=(-1.7831,+2.6393,-0.8622) F_on_box=(-1.7831,+2.6393,-0.8622) n_face_out=(+0.9350,+0.1745,+0.3087) A_is_ee=1 box_q=(+0.98815,+0.01107,-0.12996,+0.08314) box_p=(-0.03997,+0.00820,+0.06120) ee_p=(+0.03837,+0.02162,+0.05427)
[CONTACT-ELEM] step=603 element=manipulated_object::collision phi=-0.0000m
[LATERAL] perp=13.9mm scale=50.0mm strength=0.28 shift_mm=(+0.1,-3.9)
[ADMM-C3+] primal: 16.7122->8.3217  dual: 1572.0514->0.0000  mono=False  iters=25/25  rho=50.0
[ADMM-C3+] WARNING non-converged: pr=8.3217 dr=0.0000 tol=1e-03
[MATH.δ-C3+] Bui 2026 eq (12) projection results (N=20 × 12 λ-components):
[MATH.δ-C3+]   case 1 (η wins, λ→0):     92
[MATH.δ-C3+]   case 2 (λ wins, η→0):     111
[MATH.δ-C3+]   case 3 (both zero):       37
[MATH.δ-C3+] First step k=0, component 0:
[MATH.δ-C3+]   pre:  λ°=0.7796, η°=-15.9319
[MATH.δ-C3+]   post: δ_λ=0.7796, δ_η=0.0000
[MATH.ω-C3+] ω update: ω += (z-δ), over 25 ADMM iters
[MATH.ω-C3+] ||ω||=336.1307, ||z-δ||_max=2.4570  (scale differs from C3 — ω carries η-block residuals too)
[MATH.ω-C3+] ρ decision: primal=8.3217, dual=0.0000, ratio=8.3217e+30 > 10 → would double ρ to 100.0000
[MATH.ω-C3+] Note: adaptive-ρ fires every 10 iters; current max_iter=25
[C3+] step=604 |u[0]|=20.81N u_axis=(-20.23,+4.76,+1.05)N λ_n_max=3.491 η_n_max=0.785 primal=8.322 iters=25/25 lcp_res_max=3.80e-07
[CONTACT-ELEM] step=608 element=manipulated_object::collision phi=-0.0000m
[LATERAL] perp=13.9mm scale=50.0mm strength=0.28 shift_mm=(+0.1,-3.9)
[ADMM-C3+] primal: 16.3644->5.2939  dual: 1645.5415->0.0000  mono=False  iters=25/25  rho=50.0
[ADMM-C3+] WARNING non-converged: pr=5.2939 dr=0.0000 tol=1e-03
[MATH.δ-C3+] Bui 2026 eq (12) projection results (N=20 × 12 λ-components):
[MATH.δ-C3+]   case 1 (η wins, λ→0):     94
[MATH.δ-C3+]   case 2 (λ wins, η→0):     109
[MATH.δ-C3+]   case 3 (both zero):       37
[MATH.δ-C3+] First step k=0, component 0:
[MATH.δ-C3+]   pre:  λ°=0.1250, η°=-14.4077
[MATH.δ-C3+]   post: δ_λ=0.1485, δ_η=0.0000
[MATH.ω-C3+] ω update: ω += (z-δ), over 25 ADMM iters
[MATH.ω-C3+] ||ω||=349.0049, ||z-δ||_max=1.5409  (scale differs from C3 — ω carries η-block residuals too)
[MATH.ω-C3+] ρ decision: primal=5.2939, dual=0.0000, ratio=5.2939e+30 > 10 → would double ρ to 100.0000
[MATH.ω-C3+] Note: adaptive-ρ fires every 10 iters; current max_iter=25
[C3+] step=609 |u[0]|=20.90N u_axis=(-20.11,-5.67,-0.53)N λ_n_max=1.881 η_n_max=0.805 primal=5.294 iters=25/25 lcp_res_max=4.40e-07
[CONTACT-RUN] step=188 nhat_BA_W=[+0.933,+0.176,+0.314] p_BCb=[+0.050,+0.002,-0.029] distance=-0.00001 contact_type=EE-BOX
[VFF] step=188 mode=c3 alpha=0.000 v_des=(-1.4953,+0.0602,+0.4940) |v_des|=1.5760 sat=0 util_max=0.227@j0
[AFF] step=188 mode=c3 on=0 a_ff=(+0.0000,+0.0000,+0.0000) |a_ff|=0.0000
[OSC-FORCE] step=188 mode=c3 lam_des=20.903 lam_ext=20.923
[GS] step=188 mode=c3 switch=kStayInC3 best_k=1 best_src=current curr_cost=43395.28 repos_cost=- best_other=18843.84 met_progress=Y steps_since_improve=0 switches=1
[STEP] step=188 mode=c3 t=1.880s ee=(+0.034,+0.025,+0.059) obj=(-0.045,+0.008,+0.063) goal_dist=0.255m switch=kStayInC3 c3_cost=43395.28 lam_n=0.000 lam_t=0.269 contact=Y productive=Y f_cmd=(-20.11,-5.67,-0.53)
[GATE-EVOLVE] step=188 curr=43395.28 best_other=18843.84 ratio=2.3029 ee_to_optimal=0.0145m phi=-0.0000m
[STAGE-A-TRACE] step=188 sim_t=1.880 mode=c3 phi=-0.00001 box_xy=-0.04498,+0.00847 lam_n_ee_box=0.0000 qy=-0.15854 qz=+0.09191 finished_repos=0
[DRAKE-CONTACT] step=188 n_pairs=1 ee_box_normal=0.000
[GATE-CONTACT] step=188 F_W=(+0.0000,+0.0000,+0.0000) F_on_box=(-0.0000,-0.0000,-0.0000) n_face_out=(-0.0000,-0.0000,-0.0000) A_is_ee=0 box_q=(+0.98319,+0.01504,-0.15854,+0.09191) box_p=(-0.04498,+0.00847,+0.06316) ee_p=(+0.03361,+0.02501,+0.05922)
[CONTACT-ELEM] step=609 element=manipulated_object::collision phi=+0.0003m
[LATERAL] perp=16.6mm scale=50.0mm strength=0.33 shift_mm=(+0.2,-5.5)
[ADMM-C3+] primal: 17.5227->8.0351  dual: 1605.9796->0.0000  mono=False  iters=25/25  rho=25.0
[ADMM-C3+] WARNING non-converged: pr=8.0351 dr=0.0000 tol=1e-03
[MATH.QP-C3+] Minimizing: (1/2) z^T P z + q^T z  (z augmented with η)
[MATH.QP-C3+]   s.t. A_eq z = b_eq  (639 rows = x_0 fixation + 20 dynamics + 240 η-slack rows; slack-equality block ADDED)
[MATH.QP-C3+]        bbox: λ_n ≥ 0, |u| ≤ 30.0 N (EE force)  (η is unbounded — sign enforced via projection eq 12)
[MATH.QP-C3+] P shape=(939,939), symmetric=True, pos-semidef=True, cond(P)=4.0000e+05
[MATH.QP-C3+] q norm=3.9832e+05
[MATH.QP-C3+] Augmented term: (ρ/2) Σ ||z-δ+ω||^2_G  ρ=25.0000  (G=I in v1: u_λ=u_η=1)
[MATH.QP-C3+] Soft complementarity: w_comp=0.0000  (C3+ disables it — η equality replaces the linear penalty)
[MATH.QP-C3+] OSQP status: solved, iters=150, solve time=7.70ms
[MATH.δ-C3+] Bui 2026 eq (12) projection results (N=20 × 12 λ-components):
[MATH.δ-C3+]   case 1 (η wins, λ→0):     80
[MATH.δ-C3+]   case 2 (λ wins, η→0):     116
[MATH.δ-C3+]   case 3 (both zero):       44
[MATH.δ-C3+] First step k=0, component 0:
[MATH.δ-C3+]   pre:  λ°=1.3905, η°=-40.3877
[MATH.δ-C3+]   post: δ_λ=1.4996, δ_η=0.0000
[MATH.ω-C3+] ω update: ω += (z-δ), over 25 ADMM iters
[MATH.ω-C3+] ||ω||=590.9235, ||z-δ||_max=2.1212  (scale differs from C3 — ω carries η-block residuals too)
[MATH.ω-C3+] ρ decision: primal=8.0351, dual=0.0000, ratio=8.0351e+30 > 10 → would double ρ to 50.0000
[MATH.ω-C3+] Note: adaptive-ρ fires every 10 iters; current max_iter=25
[C3+] step=610 |u[0]|=22.50N u_axis=(-21.39,-0.60,-6.95)N λ_n_max=4.860 η_n_max=1.913 primal=8.035 iters=25/25 lcp_res_max=8.04e-07
[CONTACT-ELEM] step=614 element=manipulated_object::collision phi=+0.0003m
[LATERAL] perp=16.6mm scale=50.0mm strength=0.33 shift_mm=(+0.2,-5.5)
[ADMM-C3+] primal: 18.2590->8.5152  dual: 1786.1243->0.0000  mono=False  iters=25/25  rho=25.0
[ADMM-C3+] WARNING non-converged: pr=8.5152 dr=0.0000 tol=1e-03
[MATH.δ-C3+] Bui 2026 eq (12) projection results (N=20 × 12 λ-components):
[MATH.δ-C3+]   case 1 (η wins, λ→0):     81
[MATH.δ-C3+]   case 2 (λ wins, η→0):     117
[MATH.δ-C3+]   case 3 (both zero):       42
[MATH.δ-C3+] First step k=0, component 0:
[MATH.δ-C3+]   pre:  λ°=0.5061, η°=-39.3499
[MATH.δ-C3+]   post: δ_λ=0.7812, δ_η=0.0000
[MATH.ω-C3+] ω update: ω += (z-δ), over 25 ADMM iters
[MATH.ω-C3+] ||ω||=619.1730, ||z-δ||_max=2.1312  (scale differs from C3 — ω carries η-block residuals too)
[MATH.ω-C3+] ρ decision: primal=8.5152, dual=0.0000, ratio=8.5152e+30 > 10 → would double ρ to 50.0000
[MATH.ω-C3+] Note: adaptive-ρ fires every 10 iters; current max_iter=25
[C3+] step=615 |u[0]|=29.35N u_axis=(-26.01,+13.45,-2.08)N λ_n_max=4.876 η_n_max=1.801 primal=8.515 iters=25/25 lcp_res_max=1.51e-06
[CONTACT-RUN] step=189 nhat_BA_W=[+0.907,+0.210,+0.366] p_BCb=[+0.050,+0.001,-0.030] distance=+0.00031 contact_type=EE-BOX
[VFF] step=189 mode=c3 alpha=0.000 v_des=(-1.5000,+1.0142,+0.4688) |v_des|=1.8704 sat=0 util_max=0.218@j0
[AFF] step=189 mode=c3 on=0 a_ff=(+0.0000,+0.0000,+0.0000) |a_ff|=0.0000
[OSC-FORCE] step=189 mode=c3 lam_des=29.352 lam_ext=29.371
[GS] step=189 mode=c3 switch=kStayInC3 best_k=1 best_src=current curr_cost=41729.18 repos_cost=- best_other=40153.53 met_progress=Y steps_since_improve=0 switches=1
[STEP] step=189 mode=c3 t=1.890s ee=(+0.028,+0.028,+0.065) obj=(-0.050,+0.009,+0.065) goal_dist=0.250m switch=kStayInC3 c3_cost=41729.18 lam_n=0.998 lam_t=0.493 contact=Y productive=Y f_cmd=(-26.01,+13.45,-2.08)
[GATE-EVOLVE] step=189 curr=41729.18 best_other=40153.53 ratio=1.0392 ee_to_optimal=0.0171m phi=0.0003m
[STAGE-A-TRACE] step=189 sim_t=1.890 mode=c3 phi=0.00031 box_xy=-0.05044,+0.00901 lam_n_ee_box=0.9984 qy=-0.18529 qz=+0.11137 finished_repos=0
[DRAKE-CONTACT] step=189 n_pairs=1 ee_box_normal=0.000
[GATE-CONTACT] step=189 F_W=(+0.0000,+0.0000,+0.0000) F_on_box=(-0.0000,-0.0000,-0.0000) n_face_out=(-0.0000,-0.0000,-0.0000) A_is_ee=0 box_q=(+0.97646,+0.01970,-0.18529,+0.11137) box_p=(-0.05044,+0.00901,+0.06497) ee_p=(+0.02827,+0.02842,+0.06463)
[CONTACT-ELEM] step=615 element=manipulated_object::collision phi=+0.0005m
[LATERAL] perp=19.1mm scale=50.0mm strength=0.38 shift_mm=(+0.3,-7.3)
[ADMM-C3+] primal: 17.9149->9.2241  dual: 1627.7340->0.0000  mono=False  iters=25/25  rho=25.0
[ADMM-C3+] WARNING non-converged: pr=9.2241 dr=0.0000 tol=1e-03
[MATH.δ-C3+] Bui 2026 eq (12) projection results (N=20 × 12 λ-components):
[MATH.δ-C3+]   case 1 (η wins, λ→0):     81
[MATH.δ-C3+]   case 2 (λ wins, η→0):     116
[MATH.δ-C3+]   case 3 (both zero):       43
[MATH.δ-C3+] First step k=0, component 0:
[MATH.δ-C3+]   pre:  λ°=1.2934, η°=-47.3117
[MATH.δ-C3+]   post: δ_λ=1.7029, δ_η=0.0000
[MATH.ω-C3+] ω update: ω += (z-δ), over 25 ADMM iters
[MATH.ω-C3+] ||ω||=614.0797, ||z-δ||_max=2.4559  (scale differs from C3 — ω carries η-block residuals too)
[MATH.ω-C3+] ρ decision: primal=9.2241, dual=0.0000, ratio=9.2241e+30 > 10 → would double ρ to 50.0000
[MATH.ω-C3+] Note: adaptive-ρ fires every 10 iters; current max_iter=25
[C3+] step=616 |u[0]|=27.43N u_axis=(-20.96,+15.24,-9.01)N λ_n_max=3.850 η_n_max=1.959 primal=9.224 iters=25/25 lcp_res_max=1.80e-06
[CONTACT-ELEM] step=620 element=manipulated_object::collision phi=+0.0005m
[LATERAL] perp=19.1mm scale=50.0mm strength=0.38 shift_mm=(+0.3,-7.3)
[ADMM-C3+] primal: 18.6274->8.0682  dual: 1825.7449->0.0000  mono=False  iters=25/25  rho=25.0
[ADMM-C3+] WARNING non-converged: pr=8.0682 dr=0.0000 tol=1e-03
[MATH.δ-C3+] Bui 2026 eq (12) projection results (N=20 × 12 λ-components):
[MATH.δ-C3+]   case 1 (η wins, λ→0):     81
[MATH.δ-C3+]   case 2 (λ wins, η→0):     120
[MATH.δ-C3+]   case 3 (both zero):       39
[MATH.δ-C3+] First step k=0, component 0:
[MATH.δ-C3+]   pre:  λ°=0.4417, η°=-46.8471
[MATH.δ-C3+]   post: δ_λ=0.4688, δ_η=0.0000
[MATH.ω-C3+] ω update: ω += (z-δ), over 25 ADMM iters
[MATH.ω-C3+] ||ω||=648.8589, ||z-δ||_max=2.6110  (scale differs from C3 — ω carries η-block residuals too)
[MATH.ω-C3+] ρ decision: primal=8.0682, dual=0.0000, ratio=8.0682e+30 > 10 → would double ρ to 50.0000
[MATH.ω-C3+] Note: adaptive-ρ fires every 10 iters; current max_iter=25
[C3+] step=621 |u[0]|=47.60N u_axis=(-34.13,+33.04,-3.00)N λ_n_max=3.904 η_n_max=1.922 primal=8.068 iters=25/25 lcp_res_max=3.46e-06
[CONTACT-RUN] step=190 nhat_BA_W=[+0.877,+0.238,+0.417] p_BCb=[+0.050,+0.001,-0.030] distance=+0.00051 contact_type=EE-BOX
[VFF] step=190 mode=c3 alpha=0.000 v_des=(-1.5000,+1.5000,+0.4679) |v_des|=2.1723 sat=0 util_max=0.204@j1
[AFF] step=190 mode=c3 on=0 a_ff=(+0.0000,+0.0000,+0.0000) |a_ff|=0.0000
[OSC-FORCE] step=190 mode=c3 lam_des=47.599 lam_ext=47.615
[IMP] step=190 mode=c3 |x_err|=0.1550m |tau_imp|=30.59Nm |tau_ff|=22.31Nm |tau_out|=30.59Nm sat=False lam_n=True lam_t=True
[GS] step=190 mode=c3 switch=kStayInC3 best_k=1 best_src=current curr_cost=46892.14 repos_cost=- best_other=33944.77 met_progress=Y steps_since_improve=0 switches=1
[STEP] step=190 mode=c3 t=1.900s ee=(+0.022,+0.032,+0.070) obj=(-0.056,+0.010,+0.066) goal_dist=0.244m switch=kStayInC3 c3_cost=46892.14 lam_n=0.410 lam_t=0.422 contact=Y productive=Y f_cmd=(-34.13,+33.04,-3.00)
[GATE-EVOLVE] step=190 curr=46892.14 best_other=33944.77 ratio=1.3814 ee_to_optimal=0.0195m phi=0.0005m
[STAGE-A-TRACE] step=190 sim_t=1.900 mode=c3 phi=0.00051 box_xy=-0.05585,+0.00964 lam_n_ee_box=0.4099 qy=-0.21150 qz=+0.12890 finished_repos=0
[DRAKE-CONTACT] step=190 n_pairs=1 ee_box_normal=0.000
[GATE-CONTACT] step=190 F_W=(+0.0000,+0.0000,+0.0000) F_on_box=(+0.0000,+0.0000,+0.0000) n_face_out=(+0.8404,+0.2617,+0.4746) A_is_ee=1 box_q=(+0.96881,+0.02769,-0.21150,+0.12890) box_p=(-0.05585,+0.00964,+0.06625) ee_p=(+0.02218,+0.03184,+0.07050)
[CONTACT-ELEM] step=621 element=manipulated_object::collision phi=-0.0000m
[LATERAL] perp=22.5mm scale=50.0mm strength=0.45 shift_mm=(+0.4,-10.1)
[ADMM-C3+] primal: 18.7501->10.6910  dual: 1684.3690->0.0000  mono=False  iters=25/25  rho=25.0
[ADMM-C3+] WARNING non-converged: pr=10.6910 dr=0.0000 tol=1e-03
[MATH.δ-C3+] Bui 2026 eq (12) projection results (N=20 × 12 λ-components):
[MATH.δ-C3+]   case 1 (η wins, λ→0):     89
[MATH.δ-C3+]   case 2 (λ wins, η→0):     108
[MATH.δ-C3+]   case 3 (both zero):       43
[MATH.δ-C3+] First step k=0, component 0:
[MATH.δ-C3+]   pre:  λ°=0.7790, η°=-55.0567
[MATH.δ-C3+]   post: δ_λ=1.3422, δ_η=0.0000
[MATH.ω-C3+] ω update: ω += (z-δ), over 25 ADMM iters
[MATH.ω-C3+] ||ω||=653.8678, ||z-δ||_max=2.9901  (scale differs from C3 — ω carries η-block residuals too)
[MATH.ω-C3+] ρ decision: primal=10.6910, dual=0.0000, ratio=1.0691e+31 > 10 → would double ρ to 50.0000
[MATH.ω-C3+] Note: adaptive-ρ fires every 10 iters; current max_iter=25
[C3+] step=622 |u[0]|=34.09N u_axis=(-12.41,+27.16,-16.46)N λ_n_max=3.474 η_n_max=2.301 primal=10.691 iters=25/25 lcp_res_max=3.48e-06
[CONTACT-ELEM] step=626 element=manipulated_object::collision phi=-0.0000m
[LATERAL] perp=22.5mm scale=50.0mm strength=0.45 shift_mm=(+0.4,-10.1)
[ADMM-C3+] primal: 22.1935->12.2996  dual: 2278.7708->0.0000  mono=False  iters=25/25  rho=25.0
[ADMM-C3+] WARNING non-converged: pr=12.2996 dr=0.0000 tol=1e-03
[MATH.δ-C3+] Bui 2026 eq (12) projection results (N=20 × 12 λ-components):
[MATH.δ-C3+]   case 1 (η wins, λ→0):     84
[MATH.δ-C3+]   case 2 (λ wins, η→0):     118
[MATH.δ-C3+]   case 3 (both zero):       38
[MATH.δ-C3+] First step k=0, component 0:
[MATH.δ-C3+]   pre:  λ°=0.1489, η°=-52.0965
[MATH.δ-C3+]   post: δ_λ=0.3388, δ_η=0.0000
[MATH.ω-C3+] ω update: ω += (z-δ), over 25 ADMM iters
[MATH.ω-C3+] ||ω||=696.4515, ||z-δ||_max=3.3045  (scale differs from C3 — ω carries η-block residuals too)
[MATH.ω-C3+] ρ decision: primal=12.2996, dual=0.0000, ratio=1.2300e+31 > 10 → would double ρ to 50.0000
[MATH.ω-C3+] Note: adaptive-ρ fires every 10 iters; current max_iter=25
[C3+] step=627 |u[0]|=51.73N u_axis=(-17.77,+48.49,-2.96)N λ_n_max=0.953 η_n_max=5.018 primal=12.300 iters=25/25 lcp_res_max=6.37e-06
[CONTACT-RUN] step=191 nhat_BA_W=[+0.836,+0.266,+0.481] p_BCb=[+0.050,+0.001,-0.031] distance=-0.00001 contact_type=EE-BOX
[VFF] step=191 mode=c3 alpha=0.000 v_des=(-1.5000,+1.5000,+0.5193) |v_des|=2.1839 sat=0 util_max=0.286@j5
[AFF] step=191 mode=c3 on=0 a_ff=(+0.0000,+0.0000,+0.0000) |a_ff|=0.0000
[OSC-FORCE] step=191 mode=c3 lam_des=51.731 lam_ext=51.740
[GS] step=191 mode=c3 switch=kStayInC3 best_k=1 best_src=current curr_cost=70059.38 repos_cost=- best_other=37524.35 met_progress=Y steps_since_improve=0 switches=1
[STEP] step=191 mode=c3 t=1.910s ee=(+0.015,+0.035,+0.077) obj=(-0.061,+0.010,+0.068) goal_dist=0.239m switch=kStayInC3 c3_cost=70059.38 lam_n=0.000 lam_t=0.310 contact=Y productive=Y f_cmd=(-17.77,+48.49,-2.96)
[GATE-EVOLVE] step=191 curr=70059.38 best_other=37524.35 ratio=1.8670 ee_to_optimal=0.0226m phi=-0.0000m
[STAGE-A-TRACE] step=191 sim_t=1.910 mode=c3 phi=-0.00001 box_xy=-0.06111,+0.00964 lam_n_ee_box=0.0000 qy=-0.24567 qz=+0.14807 finished_repos=0
[DRAKE-CONTACT] step=191 n_pairs=2 ee_box_normal=3.254
[GATE-CONTACT] step=191 F_W=(-3.1001,-0.9884,+0.0219) F_on_box=(-3.1001,-0.9884,+0.0219) n_face_out=(+0.7871,+0.2960,+0.5412) A_is_ee=1 box_q=(+0.95776,+0.03622,-0.24567,+0.14807) box_p=(-0.06111,+0.00964,+0.06818) ee_p=(+0.01550,+0.03523,+0.07688)
[CONTACT-ELEM] step=627 element=manipulated_object::collision phi=-0.0000m
[LATERAL] perp=25.7mm scale=50.0mm strength=0.51 shift_mm=(+0.5,-13.2)
[ADMM-C3+] primal: 19.5551->12.4213  dual: 1746.9126->0.0000  mono=False  iters=25/25  rho=25.0
[ADMM-C3+] WARNING non-converged: pr=12.4213 dr=0.0000 tol=1e-03
[MATH.δ-C3+] Bui 2026 eq (12) projection results (N=20 × 12 λ-components):
[MATH.δ-C3+]   case 1 (η wins, λ→0):     87
[MATH.δ-C3+]   case 2 (λ wins, η→0):     115
[MATH.δ-C3+]   case 3 (both zero):       38
[MATH.δ-C3+] First step k=0, component 0:
[MATH.δ-C3+]   pre:  λ°=0.9687, η°=-66.7165
[MATH.δ-C3+]   post: δ_λ=1.6026, δ_η=0.0000
[MATH.ω-C3+] ω update: ω += (z-δ), over 25 ADMM iters
[MATH.ω-C3+] ||ω||=689.0518, ||z-δ||_max=3.1163  (scale differs from C3 — ω carries η-block residuals too)
[MATH.ω-C3+] ρ decision: primal=12.4213, dual=0.0000, ratio=1.2421e+31 > 10 → would double ρ to 50.0000
[MATH.ω-C3+] Note: adaptive-ρ fires every 10 iters; current max_iter=25
[C3+] step=628 |u[0]|=36.52N u_axis=(-15.69,+28.16,-17.16)N λ_n_max=4.948 η_n_max=1.789 primal=12.421 iters=25/25 lcp_res_max=5.26e-06
[CONTACT-ELEM] step=632 element=manipulated_object::collision phi=-0.0000m
[LATERAL] perp=25.7mm scale=50.0mm strength=0.51 shift_mm=(+0.5,-13.2)
[ADMM-C3+] primal: 25.5646->12.9053  dual: 2620.2858->0.0000  mono=False  iters=25/25  rho=25.0
[ADMM-C3+] WARNING non-converged: pr=12.9053 dr=0.0000 tol=1e-03
[MATH.δ-C3+] Bui 2026 eq (12) projection results (N=20 × 12 λ-components):
[MATH.δ-C3+]   case 1 (η wins, λ→0):     86
[MATH.δ-C3+]   case 2 (λ wins, η→0):     124
[MATH.δ-C3+]   case 3 (both zero):       30
[MATH.δ-C3+] First step k=0, component 0:
[MATH.δ-C3+]   pre:  λ°=0.1196, η°=-59.8295
[MATH.δ-C3+]   post: δ_λ=0.3667, δ_η=0.0000
[MATH.ω-C3+] ω update: ω += (z-δ), over 25 ADMM iters
[MATH.ω-C3+] ||ω||=742.4224, ||z-δ||_max=3.5900  (scale differs from C3 — ω carries η-block residuals too)
[MATH.ω-C3+] ρ decision: primal=12.9053, dual=0.0000, ratio=1.2905e+31 > 10 → would double ρ to 50.0000
[MATH.ω-C3+] Note: adaptive-ρ fires every 10 iters; current max_iter=25
[C3+] step=633 |u[0]|=52.27N u_axis=(-14.94,+50.00,-3.00)N λ_n_max=1.032 η_n_max=6.543 primal=12.905 iters=25/25 lcp_res_max=9.11e-06
[CONTACT-RUN] step=192 nhat_BA_W=[+0.781,+0.300,+0.548] p_BCb=[+0.050,+0.000,-0.032] distance=-0.00005 contact_type=EE-BOX
[VFF] step=192 mode=c3 alpha=0.000 v_des=(-1.4888,+1.5000,+0.5584) |v_des|=2.1859 sat=0 util_max=0.293@j5
[AFF] step=192 mode=c3 on=0 a_ff=(+0.0000,+0.0000,+0.0000) |a_ff|=0.0000
[OSC-FORCE] step=192 mode=c3 lam_des=52.270 lam_ext=52.277
[GS] step=192 mode=c3 switch=kStayInC3 best_k=1 best_src=current curr_cost=75699.44 repos_cost=- best_other=37603.06 met_progress=Y steps_since_improve=0 switches=1
[STEP] step=192 mode=c3 t=1.920s ee=(+0.008,+0.038,+0.084) obj=(-0.067,+0.010,+0.070) goal_dist=0.233m switch=kStayInC3 c3_cost=75699.44 lam_n=0.388 lam_t=0.412 contact=Y productive=Y f_cmd=(-14.94,+50.00,-3.00)
[GATE-EVOLVE] step=192 curr=75699.44 best_other=37603.06 ratio=2.0131 ee_to_optimal=0.0257m phi=-0.0000m
[STAGE-A-TRACE] step=192 sim_t=1.920 mode=c3 phi=-0.00005 box_xy=-0.06699,+0.00963 lam_n_ee_box=0.3878 qy=-0.28237 qz=+0.17324 finished_repos=0
[DRAKE-CONTACT] step=192 n_pairs=0 ee_box_normal=0.000
[GATE-CONTACT] step=192 F_W=(+0.0000,+0.0000,+0.0000) F_on_box=(-0.0000,-0.0000,-0.0000) n_face_out=(-0.0000,-0.0000,-0.0000) A_is_ee=0 box_q=(+0.94295,+0.04728,-0.28237,+0.17324) box_p=(-0.06699,+0.00963,+0.06966) ee_p=(+0.00813,+0.03843,+0.08366)
[CONTACT-ELEM] step=633 element=manipulated_object::collision phi=+0.0000m
[LATERAL] perp=29.0mm scale=50.0mm strength=0.58 shift_mm=(+0.7,-16.8)
[ADMM-C3+] primal: 20.3209->21.8665  dual: 1802.5443->0.0000  mono=False  iters=25/25  rho=25.0
[ADMM-C3+] WARNING non-converged: pr=21.8665 dr=0.0000 tol=1e-03
[MATH.δ-C3+] Bui 2026 eq (12) projection results (N=20 × 12 λ-components):
[MATH.δ-C3+]   case 1 (η wins, λ→0):     82
[MATH.δ-C3+]   case 2 (λ wins, η→0):     118
[MATH.δ-C3+]   case 3 (both zero):       40
[MATH.δ-C3+] First step k=0, component 0:
[MATH.δ-C3+]   pre:  λ°=0.9256, η°=-72.9565
[MATH.δ-C3+]   post: δ_λ=1.7236, δ_η=0.0000
[MATH.ω-C3+] ω update: ω += (z-δ), over 25 ADMM iters
[MATH.ω-C3+] ||ω||=726.2957, ||z-δ||_max=3.8872  (scale differs from C3 — ω carries η-block residuals too)
[MATH.ω-C3+] ρ decision: primal=21.8665, dual=0.0000, ratio=2.1867e+31 > 10 → would double ρ to 50.0000
[MATH.ω-C3+] Note: adaptive-ρ fires every 10 iters; current max_iter=25
[C3+] step=634 |u[0]|=37.98N u_axis=(-23.36,+28.33,-9.70)N λ_n_max=6.301 η_n_max=1.991 primal=21.867 iters=25/25 lcp_res_max=5.75e-06
[CONTACT-ELEM] step=638 element=manipulated_object::collision phi=+0.0000m
[LATERAL] perp=29.0mm scale=50.0mm strength=0.58 shift_mm=(+0.7,-16.8)
[ADMM-C3+] primal: 25.9691->12.3716  dual: 2638.8338->0.0000  mono=False  iters=25/25  rho=25.0
[ADMM-C3+] WARNING non-converged: pr=12.3716 dr=0.0000 tol=1e-03
[MATH.δ-C3+] Bui 2026 eq (12) projection results (N=20 × 12 λ-components):
[MATH.δ-C3+]   case 1 (η wins, λ→0):     92
[MATH.δ-C3+]   case 2 (λ wins, η→0):     119
[MATH.δ-C3+]   case 3 (both zero):       29
[MATH.δ-C3+] First step k=0, component 0:
[MATH.δ-C3+]   pre:  λ°=0.1717, η°=-64.1334
[MATH.δ-C3+]   post: δ_λ=0.3671, δ_η=0.0000
[MATH.ω-C3+] ω update: ω += (z-δ), over 25 ADMM iters
[MATH.ω-C3+] ||ω||=782.5274, ||z-δ||_max=3.9293  (scale differs from C3 — ω carries η-block residuals too)
[MATH.ω-C3+] ρ decision: primal=12.3716, dual=0.0000, ratio=1.2372e+31 > 10 → would double ρ to 50.0000
[MATH.ω-C3+] Note: adaptive-ρ fires every 10 iters; current max_iter=25
[C3+] step=639 |u[0]|=52.06N u_axis=(-14.18,+50.00,-3.00)N λ_n_max=1.035 η_n_max=8.546 primal=12.372 iters=25/25 lcp_res_max=1.14e-05
[CONTACT-RUN] step=193 nhat_BA_W=[+0.713,+0.328,+0.619] p_BCb=[+0.050,-0.001,-0.034] distance=+0.00005 contact_type=EE-BOX
[VFF] step=193 mode=c3 alpha=0.000 v_des=(-1.5000,+1.5000,+0.5906) |v_des|=2.2020 sat=0 util_max=0.281@j5
[AFF] step=193 mode=c3 on=0 a_ff=(+0.0000,+0.0000,+0.0000) |a_ff|=0.0000
[OSC-FORCE] step=193 mode=c3 lam_des=52.059 lam_ext=52.065
[GS] step=193 mode=c3 switch=kStayInC3 best_k=1 best_src=current curr_cost=77584.00 repos_cost=- best_other=40380.28 met_progress=Y steps_since_improve=0 switches=1
[STEP] step=193 mode=c3 t=1.930s ee=(+0.000,+0.041,+0.091) obj=(-0.073,+0.009,+0.071) goal_dist=0.227m switch=kStayInC3 c3_cost=77584.00 lam_n=0.353 lam_t=0.364 contact=Y productive=Y f_cmd=(-14.18,+50.00,-3.00)
[GATE-EVOLVE] step=193 curr=77584.00 best_other=40380.28 ratio=1.9213 ee_to_optimal=0.0290m phi=0.0000m
[STAGE-A-TRACE] step=193 sim_t=1.930 mode=c3 phi=0.00005 box_xy=-0.07326,+0.00932 lam_n_ee_box=0.3533 qy=-0.32217 qz=+0.19937 finished_repos=0
[DRAKE-CONTACT] step=193 n_pairs=1 ee_box_normal=0.000
[GATE-CONTACT] step=193 F_W=(+0.0000,+0.0000,+0.0000) F_on_box=(-0.0000,-0.0000,-0.0000) n_face_out=(-0.0000,-0.0000,-0.0000) A_is_ee=0 box_q=(+0.92416,+0.06150,-0.32217,+0.19937) box_p=(-0.07326,+0.00932,+0.07095) ee_p=(+0.00001,+0.04131,+0.09078)
[CONTACT-ELEM] step=639 element=manipulated_object::collision phi=+0.0002m
[LATERAL] perp=32.0mm scale=50.0mm strength=0.64 shift_mm=(+0.8,-20.4)
[ADMM-C3+] primal: 21.0059->39.2427  dual: 1852.4664->0.0000  mono=False  iters=25/25  rho=25.0
[ADMM-C3+] WARNING non-converged: pr=39.2427 dr=0.0000 tol=1e-03
[MATH.QP-C3+] Minimizing: (1/2) z^T P z + q^T z  (z augmented with η)
[MATH.QP-C3+]   s.t. A_eq z = b_eq  (639 rows = x_0 fixation + 20 dynamics + 240 η-slack rows; slack-equality block ADDED)
[MATH.QP-C3+]        bbox: λ_n ≥ 0, |u| ≤ 30.0 N (EE force)  (η is unbounded — sign enforced via projection eq 12)
[MATH.QP-C3+] P shape=(939,939), symmetric=True, pos-semidef=True, cond(P)=4.0000e+05
[MATH.QP-C3+] q norm=3.9862e+05
[MATH.QP-C3+] Augmented term: (ρ/2) Σ ||z-δ+ω||^2_G  ρ=25.0000  (G=I in v1: u_λ=u_η=1)
[MATH.QP-C3+] Soft complementarity: w_comp=0.0000  (C3+ disables it — η equality replaces the linear penalty)
[MATH.QP-C3+] OSQP status: solved, iters=375, solve time=17.55ms
[MATH.δ-C3+] Bui 2026 eq (12) projection results (N=20 × 12 λ-components):
[MATH.δ-C3+]   case 1 (η wins, λ→0):     79
[MATH.δ-C3+]   case 2 (λ wins, η→0):     114
[MATH.δ-C3+]   case 3 (both zero):       47
[MATH.δ-C3+] First step k=0, component 0:
[MATH.δ-C3+]   pre:  λ°=1.1003, η°=-83.8344
[MATH.δ-C3+]   post: δ_λ=1.1080, δ_η=0.0000
[MATH.ω-C3+] ω update: ω += (z-δ), over 25 ADMM iters
[MATH.ω-C3+] ||ω||=783.3548, ||z-δ||_max=14.0600  (scale differs from C3 — ω carries η-block residuals too)
[MATH.ω-C3+] ρ decision: primal=39.2427, dual=0.0000, ratio=3.9243e+31 > 10 → would double ρ to 50.0000
[MATH.ω-C3+] Note: adaptive-ρ fires every 10 iters; current max_iter=25
[C3+] step=640 |u[0]|=36.94N u_axis=(-20.99,+30.00,-4.93)N λ_n_max=7.480 η_n_max=3.167 primal=39.243 iters=25/25 lcp_res_max=inf
[CONTACT-ELEM] step=644 element=manipulated_object::collision phi=+0.0002m
[LATERAL] perp=32.0mm scale=50.0mm strength=0.64 shift_mm=(+0.8,-20.4)
[ADMM-C3+] primal: 26.0002->14.3123  dual: 2602.2639->0.0000  mono=False  iters=25/25  rho=25.0
[ADMM-C3+] WARNING non-converged: pr=14.3123 dr=0.0000 tol=1e-03
[MATH.δ-C3+] Bui 2026 eq (12) projection results (N=20 × 12 λ-components):
[MATH.δ-C3+]   case 1 (η wins, λ→0):     92
[MATH.δ-C3+]   case 2 (λ wins, η→0):     124
[MATH.δ-C3+]   case 3 (both zero):       24
[MATH.δ-C3+] First step k=0, component 0:
[MATH.δ-C3+]   pre:  λ°=0.1382, η°=-65.7422
[MATH.δ-C3+]   post: δ_λ=0.3208, δ_η=0.0000
[MATH.ω-C3+] ω update: ω += (z-δ), over 25 ADMM iters
[MATH.ω-C3+] ||ω||=814.3919, ||z-δ||_max=4.4617  (scale differs from C3 — ω carries η-block residuals too)
[MATH.ω-C3+] ρ decision: primal=14.3123, dual=0.0000, ratio=1.4312e+31 > 10 → would double ρ to 50.0000
[MATH.ω-C3+] Note: adaptive-ρ fires every 10 iters; current max_iter=25
[C3+] step=645 |u[0]|=51.10N u_axis=(-10.12,+50.00,-3.00)N λ_n_max=0.918 η_n_max=10.425 primal=14.312 iters=25/25 lcp_res_max=1.32e-05
[CONTACT-RUN] step=194 nhat_BA_W=[+0.638,+0.342,+0.690] p_BCb=[+0.050,-0.002,-0.035] distance=+0.00018 contact_type=EE-BOX
[VFF] step=194 mode=c3 alpha=0.000 v_des=(-1.4243,+1.5000,+0.6171) |v_des|=2.1586 sat=0 util_max=0.284@j5
[AFF] step=194 mode=c3 on=0 a_ff=(+0.0000,+0.0000,+0.0000) |a_ff|=0.0000
[OSC-FORCE] step=194 mode=c3 lam_des=51.102 lam_ext=51.106
[GS] step=194 mode=c3 switch=kStayInC3 best_k=1 best_src=current curr_cost=203271.29 repos_cost=- best_other=51173.53 met_progress=Y steps_since_improve=0 switches=1
[STEP] step=194 mode=c3 t=1.940s ee=(-0.009,+0.044,+0.098) obj=(-0.079,+0.009,+0.072) goal_dist=0.221m switch=kStayInC3 c3_cost=203271.29 lam_n=0.000 lam_t=0.318 contact=Y productive=Y f_cmd=(-10.12,+50.00,-3.00)
[GATE-EVOLVE] step=194 curr=203271.29 best_other=51173.53 ratio=3.9722 ee_to_optimal=0.0321m phi=0.0002m
[STAGE-A-TRACE] step=194 sim_t=1.940 mode=c3 phi=0.00018 box_xy=-0.07930,+0.00897 lam_n_ee_box=0.0000 qy=-0.36348 qz=+0.22137 finished_repos=0
[DRAKE-CONTACT] step=194 n_pairs=1 ee_box_normal=0.000
[GATE-CONTACT] step=194 F_W=(+0.0000,+0.0000,+0.0000) F_on_box=(-0.0000,-0.0000,-0.0000) n_face_out=(-0.0000,-0.0000,-0.0000) A_is_ee=0 box_q=(+0.90247,+0.07826,-0.36348,+0.22137) box_p=(-0.07930,+0.00897,+0.07166) ee_p=(-0.00889,+0.04384,+0.09820)
[CONTACT-ELEM] step=645 element=manipulated_object::collision phi=+0.0009m
[LATERAL] perp=34.8mm scale=50.0mm strength=0.70 shift_mm=(+1.0,-24.1)
[ADMM-C3+] primal: 21.6300->39.2430  dual: 1898.3184->0.0000  mono=False  iters=25/25  rho=25.0
[ADMM-C3+] WARNING non-converged: pr=39.2430 dr=0.0000 tol=1e-03
[MATH.δ-C3+] Bui 2026 eq (12) projection results (N=20 × 12 λ-components):
[MATH.δ-C3+]   case 1 (η wins, λ→0):     86
[MATH.δ-C3+]   case 2 (λ wins, η→0):     112
[MATH.δ-C3+]   case 3 (both zero):       42
[MATH.δ-C3+] First step k=0, component 0:
[MATH.δ-C3+]   pre:  λ°=0.6322, η°=-93.3468
[MATH.δ-C3+]   post: δ_λ=0.6751, δ_η=0.0000
[MATH.ω-C3+] ω update: ω += (z-δ), over 25 ADMM iters
[MATH.ω-C3+] ||ω||=839.6976, ||z-δ||_max=15.4279  (scale differs from C3 — ω carries η-block residuals too)
[MATH.ω-C3+] ρ decision: primal=39.2430, dual=0.0000, ratio=3.9243e+31 > 10 → would double ρ to 50.0000
[MATH.ω-C3+] Note: adaptive-ρ fires every 10 iters; current max_iter=25
[C3+] step=646 |u[0]|=40.55N u_axis=(-27.09,+29.85,-4.45)N λ_n_max=5.650 η_n_max=3.695 primal=39.243 iters=25/25 lcp_res_max=inf
[CONTACT-ELEM] step=650 element=manipulated_object::collision phi=+0.0009m
[LATERAL] perp=34.8mm scale=50.0mm strength=0.70 shift_mm=(+1.0,-24.1)
[ADMM-C3+] primal: 25.8936->11.6029  dual: 2546.4347->0.0000  mono=False  iters=25/25  rho=25.0
[ADMM-C3+] WARNING non-converged: pr=11.6029 dr=0.0000 tol=1e-03
[MATH.δ-C3+] Bui 2026 eq (12) projection results (N=20 × 12 λ-components):
[MATH.δ-C3+]   case 1 (η wins, λ→0):     90
[MATH.δ-C3+]   case 2 (λ wins, η→0):     123
[MATH.δ-C3+]   case 3 (both zero):       27
[MATH.δ-C3+] First step k=0, component 0:
[MATH.δ-C3+]   pre:  λ°=0.2217, η°=-67.9989
[MATH.δ-C3+]   post: δ_λ=0.3403, δ_η=0.0000
[MATH.ω-C3+] ω update: ω += (z-δ), over 25 ADMM iters
[MATH.ω-C3+] ||ω||=829.6751, ||z-δ||_max=4.1365  (scale differs from C3 — ω carries η-block residuals too)
[MATH.ω-C3+] ρ decision: primal=11.6029, dual=0.0000, ratio=1.1603e+31 > 10 → would double ρ to 50.0000
[MATH.ω-C3+] Note: adaptive-ρ fires every 10 iters; current max_iter=25
[C3+] step=651 |u[0]|=50.44N u_axis=(-5.98,+50.00,-3.00)N λ_n_max=0.854 η_n_max=11.709 primal=11.603 iters=25/25 lcp_res_max=1.47e-05
[CONTACT-RUN] step=195 nhat_BA_W=[+0.557,+0.343,+0.756] p_BCb=[+0.050,-0.002,-0.035] distance=+0.00088 contact_type=EE-BOX
[VFF] step=195 mode=c3 alpha=0.000 v_des=(-1.2845,+1.5000,+0.6455) |v_des|=2.0777 sat=0 util_max=0.284@j5
[AFF] step=195 mode=c3 on=0 a_ff=(+0.0000,+0.0000,+0.0000) |a_ff|=0.0000
[OSC-FORCE] step=195 mode=c3 lam_des=50.445 lam_ext=50.447
[GS] step=195 mode=c3 switch=kStayInC3 best_k=1 best_src=current curr_cost=146105.80 repos_cost=- best_other=51028.87 met_progress=Y steps_since_improve=0 switches=1
[STEP] step=195 mode=c3 t=1.950s ee=(-0.019,+0.046,+0.106) obj=(-0.085,+0.009,+0.072) goal_dist=0.215m switch=kStayInC3 c3_cost=146105.80 lam_n=0.000 lam_t=0.360 contact=Y productive=Y f_cmd=(-5.98,+50.00,-3.00)
[GATE-EVOLVE] step=195 curr=146105.80 best_other=51028.87 ratio=2.8632 ee_to_optimal=0.0354m phi=0.0009m
[STAGE-A-TRACE] step=195 sim_t=1.950 mode=c3 phi=0.00088 box_xy=-0.08521,+0.00855 lam_n_ee_box=0.0000 qy=-0.40485 qz=+0.24060 finished_repos=0
[DRAKE-CONTACT] step=195 n_pairs=0 ee_box_normal=0.000
[GATE-CONTACT] step=195 F_W=(+0.0000,+0.0000,+0.0000) F_on_box=(-0.0000,-0.0000,-0.0000) n_face_out=(-0.0000,-0.0000,-0.0000) A_is_ee=0 box_q=(+0.87797,+0.09685,-0.40485,+0.24060) box_p=(-0.08521,+0.00855,+0.07174) ee_p=(-0.01850,+0.04598,+0.10593)
[CONTACT-ELEM] step=651 element=manipulated_object::collision phi=+0.0025m
[LATERAL] perp=37.3mm scale=50.0mm strength=0.75 shift_mm=(+1.1,-27.8)
[ADMM-C3+] primal: 22.3456->13.5049  dual: 1953.1767->0.0000  mono=False  iters=25/25  rho=25.0
[ADMM-C3+] WARNING non-converged: pr=13.5049 dr=0.0000 tol=1e-03
[MATH.δ-C3+] Bui 2026 eq (12) projection results (N=20 × 12 λ-components):
[MATH.δ-C3+]   case 1 (η wins, λ→0):     85
[MATH.δ-C3+]   case 2 (λ wins, η→0):     115
[MATH.δ-C3+]   case 3 (both zero):       40
[MATH.δ-C3+] First step k=0, component 0:
[MATH.δ-C3+]   pre:  λ°=0.3347, η°=-100.8967
[MATH.δ-C3+]   post: δ_λ=0.5845, δ_η=0.0000
[MATH.ω-C3+] ω update: ω += (z-δ), over 25 ADMM iters
[MATH.ω-C3+] ||ω||=887.1086, ||z-δ||_max=3.5834  (scale differs from C3 — ω carries η-block residuals too)
[MATH.ω-C3+] ρ decision: primal=13.5049, dual=0.0000, ratio=1.3505e+31 > 10 → would double ρ to 50.0000
[MATH.ω-C3+] Note: adaptive-ρ fires every 10 iters; current max_iter=25
[C3+] step=652 |u[0]|=40.99N u_axis=(-27.64,+30.00,-4.07)N λ_n_max=5.794 η_n_max=1.277 primal=13.505 iters=25/25 lcp_res_max=8.08e-06
[CONTACT-ELEM] step=656 element=manipulated_object::collision phi=+0.0025m
[LATERAL] perp=37.3mm scale=50.0mm strength=0.75 shift_mm=(+1.1,-27.8)
[ADMM-C3+] primal: 25.8108->10.9367  dual: 2497.9834->0.0000  mono=False  iters=25/25  rho=25.0
[ADMM-C3+] WARNING non-converged: pr=10.9367 dr=0.0000 tol=1e-03
[MATH.δ-C3+] Bui 2026 eq (12) projection results (N=20 × 12 λ-components):
[MATH.δ-C3+]   case 1 (η wins, λ→0):     87
[MATH.δ-C3+]   case 2 (λ wins, η→0):     129
[MATH.δ-C3+]   case 3 (both zero):       24
[MATH.δ-C3+] First step k=0, component 0:
[MATH.δ-C3+]   pre:  λ°=0.2408, η°=-66.4832
[MATH.δ-C3+]   post: δ_λ=0.3658, δ_η=0.0000
[MATH.ω-C3+] ω update: ω += (z-δ), over 25 ADMM iters
[MATH.ω-C3+] ||ω||=825.2364, ||z-δ||_max=4.2381  (scale differs from C3 — ω carries η-block residuals too)
[MATH.ω-C3+] ρ decision: primal=10.9367, dual=0.0000, ratio=1.0937e+31 > 10 → would double ρ to 50.0000
[MATH.ω-C3+] Note: adaptive-ρ fires every 10 iters; current max_iter=25
[C3+] step=657 |u[0]|=50.09N u_axis=(+0.04,+50.00,-3.00)N λ_n_max=0.826 η_n_max=12.344 primal=10.937 iters=25/25 lcp_res_max=1.59e-05
[CONTACT-RUN] step=196 nhat_BA_W=[+0.471,+0.333,+0.817] p_BCb=[+0.050,-0.002,-0.036] distance=+0.00252 contact_type=EE-BOX
[VFF] step=196 mode=c3 alpha=0.000 v_des=(-1.0378,+1.5000,+0.6735) |v_des|=1.9444 sat=0 util_max=0.289@j5
[AFF] step=196 mode=c3 on=0 a_ff=(+0.0000,+0.0000,+0.0000) |a_ff|=0.0000
[OSC-FORCE] step=196 mode=c3 lam_des=50.090 lam_ext=50.091
[GS] step=196 mode=c3 switch=kStayInC3 best_k=1 best_src=current curr_cost=139345.94 repos_cost=- best_other=50649.93 met_progress=Y steps_since_improve=0 switches=1
[STEP] step=196 mode=c3 t=1.960s ee=(-0.029,+0.048,+0.114) obj=(-0.091,+0.008,+0.071) goal_dist=0.209m switch=kStayInC3 c3_cost=139345.94 lam_n=0.000 lam_t=0.407 contact=Y productive=Y f_cmd=(+0.04,+50.00,-3.00)
[GATE-EVOLVE] step=196 curr=139345.94 best_other=50649.93 ratio=2.7512 ee_to_optimal=0.0389m phi=0.0025m
[STAGE-A-TRACE] step=196 sim_t=1.960 mode=c3 phi=0.00252 box_xy=-0.09103,+0.00805 lam_n_ee_box=0.0000 qy=-0.44566 qz=+0.25747 finished_repos=0
[DRAKE-CONTACT] step=196 n_pairs=0 ee_box_normal=0.000
[GATE-CONTACT] step=196 F_W=(+0.0000,+0.0000,+0.0000) F_on_box=(-0.0000,-0.0000,-0.0000) n_face_out=(-0.0000,-0.0000,-0.0000) A_is_ee=0 box_q=(+0.85070,+0.11709,-0.44566,+0.25747) box_p=(-0.09103,+0.00805,+0.07116) ee_p=(-0.02871,+0.04774,+0.11393)
[CONTACT-ELEM] step=657 element=manipulated_object::collision phi=+0.0054m
[LATERAL] perp=39.5mm scale=50.0mm strength=0.79 shift_mm=(+1.1,-31.2)
[ADMM-C3+] primal: 22.8416->13.7146  dual: 1999.1172->0.0000  mono=False  iters=25/25  rho=25.0
[ADMM-C3+] WARNING non-converged: pr=13.7146 dr=0.0000 tol=1e-03
[MATH.δ-C3+] Bui 2026 eq (12) projection results (N=20 × 12 λ-components):
[MATH.δ-C3+]   case 1 (η wins, λ→0):     82
[MATH.δ-C3+]   case 2 (λ wins, η→0):     126
[MATH.δ-C3+]   case 3 (both zero):       32
[MATH.δ-C3+] First step k=0, component 0:
[MATH.δ-C3+]   pre:  λ°=0.3481, η°=-101.7128
[MATH.δ-C3+]   post: δ_λ=0.5887, δ_η=0.0000
[MATH.ω-C3+] ω update: ω += (z-δ), over 25 ADMM iters
[MATH.ω-C3+] ||ω||=915.6675, ||z-δ||_max=4.0029  (scale differs from C3 — ω carries η-block residuals too)
[MATH.ω-C3+] ρ decision: primal=13.7146, dual=0.0000, ratio=1.3715e+31 > 10 → would double ρ to 50.0000
[MATH.ω-C3+] Note: adaptive-ρ fires every 10 iters; current max_iter=25
[C3+] step=658 |u[0]|=41.92N u_axis=(-28.21,+30.00,-7.82)N λ_n_max=6.401 η_n_max=1.440 primal=13.715 iters=25/25 lcp_res_max=1.01e-05
[CONTACT-ELEM] step=662 element=manipulated_object::collision phi=+0.0054m
[LATERAL] perp=39.5mm scale=50.0mm strength=0.79 shift_mm=(+1.1,-31.2)
[ADMM-C3+] primal: 25.6530->10.2160  dual: 2443.9061->0.0000  mono=False  iters=25/25  rho=25.0
[ADMM-C3+] WARNING non-converged: pr=10.2160 dr=0.0000 tol=1e-03
[MATH.δ-C3+] Bui 2026 eq (12) projection results (N=20 × 12 λ-components):
[MATH.δ-C3+]   case 1 (η wins, λ→0):     83
[MATH.δ-C3+]   case 2 (λ wins, η→0):     132
[MATH.δ-C3+]   case 3 (both zero):       25
[MATH.δ-C3+] First step k=0, component 0:
[MATH.δ-C3+]   pre:  λ°=0.2561, η°=-61.9353
[MATH.δ-C3+]   post: δ_λ=0.3908, δ_η=0.0000
[MATH.ω-C3+] ω update: ω += (z-δ), over 25 ADMM iters
[MATH.ω-C3+] ||ω||=798.0429, ||z-δ||_max=3.7087  (scale differs from C3 — ω carries η-block residuals too)
[MATH.ω-C3+] ρ decision: primal=10.2160, dual=0.0000, ratio=1.0216e+31 > 10 → would double ρ to 50.0000
[MATH.ω-C3+] Note: adaptive-ρ fires every 10 iters; current max_iter=25
[C3+] step=663 |u[0]|=50.43N u_axis=(+5.87,+50.00,-3.00)N λ_n_max=0.727 η_n_max=12.184 primal=10.216 iters=25/25 lcp_res_max=1.75e-05
[CONTACT-RUN] step=197 nhat_BA_W=[+0.382,+0.311,+0.871] p_BCb=[+0.050,-0.001,-0.036] distance=+0.00539 contact_type=EE-BOX
[VFF] step=197 mode=c3 alpha=0.000 v_des=(-0.7792,+1.5000,+0.6981) |v_des|=1.8288 sat=0 util_max=0.293@j5
[AFF] step=197 mode=c3 on=0 a_ff=(+0.0000,+0.0000,+0.0000) |a_ff|=0.0000
[OSC-FORCE] step=197 mode=c3 lam_des=50.431 lam_ext=50.434
[GS] step=197 mode=c3 switch=kStayInC3 best_k=1 best_src=current curr_cost=156969.52 repos_cost=- best_other=50102.48 met_progress=Y steps_since_improve=0 switches=1
[STEP] step=197 mode=c3 t=1.970s ee=(-0.039,+0.049,+0.122) obj=(-0.097,+0.007,+0.070) goal_dist=0.203m switch=kStayInC3 c3_cost=156969.52 lam_n=0.000 lam_t=0.450 contact=Y productive=Y f_cmd=(+5.87,+50.00,-3.00)
[GATE-EVOLVE] step=197 curr=156969.52 best_other=50102.48 ratio=3.1330 ee_to_optimal=0.0426m phi=0.0054m
[STAGE-A-TRACE] step=197 sim_t=1.970 mode=c3 phi=0.00539 box_xy=-0.09678,+0.00747 lam_n_ee_box=0.0000 qy=-0.48581 qz=+0.27197 finished_repos=0
[DRAKE-CONTACT] step=197 n_pairs=1 ee_box_normal=0.000
[GATE-CONTACT] step=197 F_W=(+0.0000,+0.0000,+0.0000) F_on_box=(-0.0000,-0.0000,-0.0000) n_face_out=(-0.0000,-0.0000,-0.0000) A_is_ee=0 box_q=(+0.82060,+0.13882,-0.48581,+0.27197) box_p=(-0.09678,+0.00747,+0.06988) ee_p=(-0.03933,+0.04909,+0.12219)
[CONTACT-ELEM] step=663 element=manipulated_object::collision phi=+0.0096m
[LATERAL] perp=41.4mm scale=50.0mm strength=0.83 shift_mm=(+1.2,-34.3)
[ADMM-C3+] primal: 23.1924->14.4811  dual: 2023.9635->0.0000  mono=False  iters=25/25  rho=25.0
[ADMM-C3+] WARNING non-converged: pr=14.4811 dr=0.0000 tol=1e-03
[MATH.δ-C3+] Bui 2026 eq (12) projection results (N=20 × 12 λ-components):
[MATH.δ-C3+]   case 1 (η wins, λ→0):     77
[MATH.δ-C3+]   case 2 (λ wins, η→0):     131
[MATH.δ-C3+]   case 3 (both zero):       32
[MATH.δ-C3+] First step k=0, component 0:
[MATH.δ-C3+]   pre:  λ°=0.3417, η°=-95.7420
[MATH.δ-C3+]   post: δ_λ=0.5898, δ_η=0.0000
[MATH.ω-C3+] ω update: ω += (z-δ), over 25 ADMM iters
[MATH.ω-C3+] ||ω||=917.4585, ||z-δ||_max=3.5959  (scale differs from C3 — ω carries η-block residuals too)
[MATH.ω-C3+] ρ decision: primal=14.4811, dual=0.0000, ratio=1.4481e+31 > 10 → would double ρ to 50.0000
[MATH.ω-C3+] Note: adaptive-ρ fires every 10 iters; current max_iter=25
[C3+] step=664 |u[0]|=43.02N u_axis=(-28.78,+30.00,-11.05)N λ_n_max=7.067 η_n_max=1.681 primal=14.481 iters=25/25 lcp_res_max=9.53e-06
[CONTACT-ELEM] step=668 element=manipulated_object::collision phi=+0.0096m
[LATERAL] perp=41.4mm scale=50.0mm strength=0.83 shift_mm=(+1.2,-34.3)
[ADMM-C3+] primal: 25.0956->9.9583  dual: 2349.1787->0.0000  mono=False  iters=25/25  rho=25.0
[ADMM-C3+] WARNING non-converged: pr=9.9583 dr=0.0000 tol=1e-03
[MATH.δ-C3+] Bui 2026 eq (12) projection results (N=20 × 12 λ-components):
[MATH.δ-C3+]   case 1 (η wins, λ→0):     93
[MATH.δ-C3+]   case 2 (λ wins, η→0):     125
[MATH.δ-C3+]   case 3 (both zero):       22
[MATH.δ-C3+] First step k=0, component 0:
[MATH.δ-C3+]   pre:  λ°=0.2938, η°=-58.9600
[MATH.δ-C3+]   post: δ_λ=0.4541, δ_η=0.0000
[MATH.ω-C3+] ω update: ω += (z-δ), over 25 ADMM iters
[MATH.ω-C3+] ||ω||=745.6727, ||z-δ||_max=2.9192  (scale differs from C3 — ω carries η-block residuals too)
[MATH.ω-C3+] ρ decision: primal=9.9583, dual=0.0000, ratio=9.9583e+30 > 10 → would double ρ to 50.0000
[MATH.ω-C3+] Note: adaptive-ρ fires every 10 iters; current max_iter=25
[C3+] step=669 |u[0]|=50.86N u_axis=(+8.81,+50.00,-3.00)N λ_n_max=0.657 η_n_max=10.869 primal=9.958 iters=25/25 lcp_res_max=1.92e-05
[CONTACT-RUN] step=198 nhat_BA_W=[+0.289,+0.277,+0.917] p_BCb=[+0.050,-0.001,-0.037] distance=+0.00961 contact_type=EE-BOX
[VFF] step=198 mode=c3 alpha=0.000 v_des=(-0.6439,+1.5000,+0.7190) |v_des|=1.7837 sat=0 util_max=0.289@j5
[AFF] step=198 mode=c3 on=0 a_ff=(+0.0000,+0.0000,+0.0000) |a_ff|=0.0000
[OSC-FORCE] step=198 mode=c3 lam_des=50.857 lam_ext=50.860
[GS] step=198 mode=c3 switch=kStayInC3 best_k=1 best_src=current curr_cost=166514.47 repos_cost=- best_other=49638.34 met_progress=Y steps_since_improve=0 switches=1
[STEP] step=198 mode=c3 t=1.980s ee=(-0.050,+0.050,+0.131) obj=(-0.102,+0.007,+0.068) goal_dist=0.198m switch=kStayInC3 c3_cost=166514.47 lam_n=0.000 lam_t=0.415 contact=Y productive=N f_cmd=(+8.81,+50.00,-3.00)
[GATE-EVOLVE] step=198 curr=166514.47 best_other=49638.34 ratio=3.3546 ee_to_optimal=0.0465m phi=0.0096m
[STAGE-A-TRACE] step=198 sim_t=1.980 mode=c3 phi=0.00961 box_xy=-0.10248,+0.00682 lam_n_ee_box=0.0000 qy=-0.52538 qz=+0.28395 finished_repos=0
[DRAKE-CONTACT] step=198 n_pairs=1 ee_box_normal=0.000
[GATE-CONTACT] step=198 F_W=(+0.0000,+0.0000,+0.0000) F_on_box=(-0.0000,-0.0000,-0.0000) n_face_out=(-0.0000,-0.0000,-0.0000) A_is_ee=0 box_q=(+0.78752,+0.16164,-0.52538,+0.28395) box_p=(-0.10248,+0.00682,+0.06789) ee_p=(-0.05016,+0.05005,+0.13067)
[CONTACT-ELEM] step=669 element=manipulated_object::collision phi=+0.0152m
[LATERAL] perp=43.0mm scale=50.0mm strength=0.86 shift_mm=(+1.2,-37.0)
[ADMM-C3+] primal: 23.2085->40.4131  dual: 2022.4531->0.0000  mono=False  iters=25/25  rho=25.0
[ADMM-C3+] WARNING non-converged: pr=40.4131 dr=0.0000 tol=1e-03
[MATH.QP-C3+] Minimizing: (1/2) z^T P z + q^T z  (z augmented with η)
[MATH.QP-C3+]   s.t. A_eq z = b_eq  (639 rows = x_0 fixation + 20 dynamics + 240 η-slack rows; slack-equality block ADDED)
[MATH.QP-C3+]        bbox: λ_n ≥ 0, |u| ≤ 30.0 N (EE force)  (η is unbounded — sign enforced via projection eq 12)
[MATH.QP-C3+] P shape=(939,939), symmetric=True, pos-semidef=True, cond(P)=4.0000e+05
[MATH.QP-C3+] q norm=3.9892e+05
[MATH.QP-C3+] Augmented term: (ρ/2) Σ ||z-δ+ω||^2_G  ρ=25.0000  (G=I in v1: u_λ=u_η=1)
[MATH.QP-C3+] Soft complementarity: w_comp=0.0000  (C3+ disables it — η equality replaces the linear penalty)
[MATH.QP-C3+] OSQP status: solved, iters=200, solve time=9.36ms
[MATH.δ-C3+] Bui 2026 eq (12) projection results (N=20 × 12 λ-components):
[MATH.δ-C3+]   case 1 (η wins, λ→0):     73
[MATH.δ-C3+]   case 2 (λ wins, η→0):     136
[MATH.δ-C3+]   case 3 (both zero):       31
[MATH.δ-C3+] First step k=0, component 0:
[MATH.δ-C3+]   pre:  λ°=0.5130, η°=-86.2883
[MATH.δ-C3+]   post: δ_λ=0.5918, δ_η=0.0000
[MATH.ω-C3+] ω update: ω += (z-δ), over 25 ADMM iters
[MATH.ω-C3+] ||ω||=914.0617, ||z-δ||_max=16.7190  (scale differs from C3 — ω carries η-block residuals too)
[MATH.ω-C3+] ρ decision: primal=40.4131, dual=0.0000, ratio=4.0413e+31 > 10 → would double ρ to 50.0000
[MATH.ω-C3+] Note: adaptive-ρ fires every 10 iters; current max_iter=25
[C3+] step=670 |u[0]|=44.62N u_axis=(-28.65,+30.00,-16.44)N λ_n_max=6.600 η_n_max=3.065 primal=40.413 iters=25/25 lcp_res_max=inf
[CONTACT-ELEM] step=674 element=manipulated_object::collision phi=+0.0152m
[LATERAL] perp=43.0mm scale=50.0mm strength=0.86 shift_mm=(+1.2,-37.0)
[ADMM-C3+] primal: 24.1731->9.8824  dual: 2219.9432->0.0000  mono=False  iters=25/25  rho=25.0
[ADMM-C3+] WARNING non-converged: pr=9.8824 dr=0.0000 tol=1e-03
[MATH.δ-C3+] Bui 2026 eq (12) projection results (N=20 × 12 λ-components):
[MATH.δ-C3+]   case 1 (η wins, λ→0):     103
[MATH.δ-C3+]   case 2 (λ wins, η→0):     112
[MATH.δ-C3+]   case 3 (both zero):       25
[MATH.δ-C3+] First step k=0, component 0:
[MATH.δ-C3+]   pre:  λ°=0.3222, η°=-55.5903
[MATH.δ-C3+]   post: δ_λ=0.4997, δ_η=0.0000
[MATH.ω-C3+] ω update: ω += (z-δ), over 25 ADMM iters
[MATH.ω-C3+] ||ω||=685.4462, ||z-δ||_max=2.3681  (scale differs from C3 — ω carries η-block residuals too)
[MATH.ω-C3+] ρ decision: primal=9.8824, dual=0.0000, ratio=9.8824e+30 > 10 → would double ρ to 50.0000
[MATH.ω-C3+] Note: adaptive-ρ fires every 10 iters; current max_iter=25
[C3+] step=675 |u[0]|=50.86N u_axis=(+8.84,+50.00,-3.00)N λ_n_max=0.630 η_n_max=8.821 primal=9.882 iters=25/25 lcp_res_max=2.07e-05
[CONTACT-RUN] step=199 nhat_BA_W=[+0.194,+0.231,+0.953] p_BCb=[+0.050,-0.001,-0.040] distance=+0.01515 contact_type=EE-BOX
[VFF] step=199 mode=c3 alpha=0.000 v_des=(-0.6419,+1.5000,+0.7376) |v_des|=1.7906 sat=0 util_max=0.276@j5
[AFF] step=199 mode=c3 on=0 a_ff=(+0.0000,+0.0000,+0.0000) |a_ff|=0.0000
[OSC-FORCE] step=199 mode=c3 lam_des=50.863 lam_ext=50.866
[GS] step=199 mode=c3 switch=kStayInC3 best_k=1 best_src=current curr_cost=199017.54 repos_cost=- best_other=48459.64 met_progress=Y steps_since_improve=0 switches=1
[STEP] step=199 mode=c3 t=1.990s ee=(-0.061,+0.051,+0.139) obj=(-0.108,+0.006,+0.065) goal_dist=0.192m switch=kStayInC3 c3_cost=199017.54 lam_n=0.000 lam_t=0.376 contact=Y productive=N f_cmd=(+8.84,+50.00,-3.00)
[GATE-EVOLVE] step=199 curr=199017.54 best_other=48459.64 ratio=4.1069 ee_to_optimal=0.0505m phi=0.0152m
[STAGE-A-TRACE] step=199 sim_t=1.990 mode=c3 phi=0.01515 box_xy=-0.10811,+0.00610 lam_n_ee_box=0.0000 qy=-0.56434 qz=+0.29334 finished_repos=0
[DRAKE-CONTACT] step=199 n_pairs=1 ee_box_normal=0.000
[GATE-CONTACT] step=199 F_W=(+0.0000,+0.0000,+0.0000) F_on_box=(-0.0000,-0.0000,-0.0000) n_face_out=(-0.0000,-0.0000,-0.0000) A_is_ee=0 box_q=(+0.75133,+0.18520,-0.56434,+0.29334) box_p=(-0.10811,+0.00610,+0.06515) ee_p=(-0.06103,+0.05063,+0.13934)
[CONTACT-ELEM] step=675 element=manipulated_object::collision phi=+0.0218m
[LATERAL] perp=44.3mm scale=50.0mm strength=0.89 shift_mm=(+1.1,-39.2)
[ADMM-C3+] primal: 23.0574->12.4049  dual: 2001.6306->0.0000  mono=False  iters=25/25  rho=25.0
[ADMM-C3+] WARNING non-converged: pr=12.4049 dr=0.0000 tol=1e-03
[MATH.δ-C3+] Bui 2026 eq (12) projection results (N=20 × 12 λ-components):
[MATH.δ-C3+]   case 1 (η wins, λ→0):     61
[MATH.δ-C3+]   case 2 (λ wins, η→0):     146
[MATH.δ-C3+]   case 3 (both zero):       33
[MATH.δ-C3+] First step k=0, component 0:
[MATH.δ-C3+]   pre:  λ°=0.3791, η°=-82.0597
[MATH.δ-C3+]   post: δ_λ=0.5424, δ_η=0.0000
[MATH.ω-C3+] ω update: ω += (z-δ), over 25 ADMM iters
[MATH.ω-C3+] ||ω||=923.5616, ||z-δ||_max=3.8039  (scale differs from C3 — ω carries η-block residuals too)
[MATH.ω-C3+] ρ decision: primal=12.4049, dual=0.0000, ratio=1.2405e+31 > 10 → would double ρ to 50.0000
[MATH.ω-C3+] Note: adaptive-ρ fires every 10 iters; current max_iter=25
[C3+] step=676 |u[0]|=43.07N u_axis=(-27.30,+30.00,-14.46)N λ_n_max=5.296 η_n_max=2.518 primal=12.405 iters=25/25 lcp_res_max=1.07e-05
[CONTACT-ELEM] step=680 element=manipulated_object::collision phi=+0.0218m
[LATERAL] perp=44.3mm scale=50.0mm strength=0.89 shift_mm=(+1.1,-39.2)
[ADMM-C3+] primal: 23.0535->9.8072  dual: 2071.1129->0.0000  mono=False  iters=25/25  rho=25.0
[ADMM-C3+] WARNING non-converged: pr=9.8072 dr=0.0000 tol=1e-03
[MATH.δ-C3+] Bui 2026 eq (12) projection results (N=20 × 12 λ-components):
[MATH.δ-C3+]   case 1 (η wins, λ→0):     109
[MATH.δ-C3+]   case 2 (λ wins, η→0):     108
[MATH.δ-C3+]   case 3 (both zero):       23
[MATH.δ-C3+] First step k=0, component 0:
[MATH.δ-C3+]   pre:  λ°=0.3398, η°=-52.9610
[MATH.δ-C3+]   post: δ_λ=0.5245, δ_η=0.0000
[MATH.ω-C3+] ω update: ω += (z-δ), over 25 ADMM iters
[MATH.ω-C3+] ||ω||=630.3885, ||z-δ||_max=2.0469  (scale differs from C3 — ω carries η-block residuals too)
[MATH.ω-C3+] ρ decision: primal=9.8072, dual=0.0000, ratio=9.8072e+30 > 10 → would double ρ to 50.0000
[MATH.ω-C3+] Note: adaptive-ρ fires every 10 iters; current max_iter=25
[C3+] step=681 |u[0]|=50.34N u_axis=(+5.03,+50.00,-3.00)N λ_n_max=0.672 η_n_max=6.249 primal=9.807 iters=25/25 lcp_res_max=2.16e-05
[CONTACT-RUN] step=200 nhat_BA_W=[+0.097,+0.174,+0.980] p_BCb=[+0.050,-0.000,-0.044] distance=+0.02184 contact_type=EE-BOX
[VFF] step=200 mode=c3 alpha=0.000 v_des=(-0.8297,+1.5000,+0.7546) |v_des|=1.8729 sat=0 util_max=0.253@j5
[AFF] step=200 mode=c3 on=0 a_ff=(+0.0000,+0.0000,+0.0000) |a_ff|=0.0000
[OSC-FORCE] step=200 mode=c3 lam_des=50.340 lam_ext=50.342
[IMP] step=200 mode=c3 |x_err|=0.1379m |tau_imp|=15.69Nm |tau_ff|=19.90Nm |tau_out|=15.69Nm sat=False lam_n=True lam_t=True
[GS] step=200 mode=c3 switch=kStayInC3 best_k=1 best_src=current curr_cost=205098.22 repos_cost=- best_other=46416.59 met_progress=Y steps_since_improve=0 switches=1
[STEP] step=200 mode=c3 t=2.000s ee=(-0.072,+0.051,+0.148) obj=(-0.114,+0.005,+0.062) goal_dist=0.186m switch=kStayInC3 c3_cost=205098.22 lam_n=0.000 lam_t=0.334 contact=Y productive=N f_cmd=(+5.03,+50.00,-3.00)
[GATE-EVOLVE] step=200 curr=205098.22 best_other=46416.59 ratio=4.4186 ee_to_optimal=0.0546m phi=0.0218m
[STAGE-A-TRACE] step=200 sim_t=2.000 mode=c3 phi=0.02184 box_xy=-0.11371,+0.00532 lam_n_ee_box=0.0000 qy=-0.60246 qz=+0.30002 finished_repos=0
[GS-table] step=200
  k=0 (current   ) pos=(-0.072,+0.051,+0.148) c_C3= 208167.58 align=0.1023(bonus= 3069.35) rot=+0.0000(bonus=    0.00) travel=0.000m(pen=  0.00) c_sample= 205098.22 feas=Y ik_err=0.0000m
  k=1 (strat_0   ) pos=(+0.080,+0.000,+0.030) c_C3=  66050.03 align=0.6558(bonus=19673.25) rot=+0.0000(bonus=    0.00) travel=0.199m(pen= 39.81) c_sample=  46416.59 feas=Y ik_err=0.0000m  ← WIN
  k=2 (strat_1   ) pos=(+0.080,+0.000,+0.030) c_C3=  66050.03 align=0.6558(bonus=19673.25) rot=+0.0000(bonus=    0.00) travel=0.199m(pen= 39.81) c_sample=  46416.59 feas=Y ik_err=0.0000m
  k=3 (strat_2   ) pos=(-0.080,+0.012,+0.030) c_C3=  66042.87 align=0.0000(bonus=    0.00) rot=+0.0000(bonus=    0.00) travel=0.125m(pen= 24.96) c_sample=  66067.83 feas=Y ik_err=0.0000m
  k=4 (buffer    ) pos=(+0.080,+0.000,+0.030) c_C3=  66050.03 align=0.6558(bonus=19673.25) rot=+0.0000(bonus=    0.00) travel=0.199m(pen= 39.81) c_sample=  46416.59 feas=Y ik_err=0.0000m
[DRAKE-CONTACT] step=200 n_pairs=1 ee_box_normal=0.000
[GATE-CONTACT] step=200 F_W=(+0.0000,+0.0000,+0.0000) F_on_box=(-0.0000,-0.0000,-0.0000) n_face_out=(-0.0000,-0.0000,-0.0000) A_is_ee=0 box_q=(+0.71194,+0.20938,-0.60246,+0.30002) box_p=(-0.11371,+0.00532,+0.06162) ee_p=(-0.07187,+0.05084,+0.14820)
[C3] Simulation complete.
[GS-perf] avg_per_step_ms=1378.3  full_solves=200  cheap_solves=453  switches=1
[OSC-SUMMARY] calls=200  qp_failures=0 (0.00%)  saturation=0 (0.00%)  avg_solve_ms=0.26
[RESULT] method=sampling-c3  final_obj_xy=(-0.1193, 0.0045)  goal_dist=0.1808m  success=NO
