INFO:drake:Meshcat listening for connections at http://localhost:7001
[C3] Log: results/seedsign_seed4_off.txt
[C3] Task: pushing
[ENV]  Directional task: id=4 name=west
[ENV]  Goal coords: [-0.3, 0.0]
[ENV]  Description: Push box 30cm west. Arm prepositioned on west face: contact normal anti-aligned with goal direction. Pusher would have to go through the box -- impossible without contact mode switch.
[ENV]  Mass: 0.2 kg   Friction mu: 0.4
[MPC]  Horizon: 20   dt: 0.05 s
[MPC]  ADMM max iters: 3   rho_init: 100.0
[MPC]  Force limit: 30.0 Nm
[COST] w_obj_xy:      100000.0
[COST] w_obj_z:       10.0
[COST] w_box_z:       100.0
[COST] w_box_rp:      50.0
[COST] w_terminal:    5.0  (QN = w_terminal * Q)
[COST] w_ee_approach: 8000.0
[COST] w_torque:      0.01
[ENV]  INITIAL_ARM_Q: DEFAULT
[C3] Building Drake environment ...
[C3] DOFs: n_q=14, n_v=13, n_u=7, n_x=27
[C3] 'box_link': q[11]=x, q[12]=y
[FILTER INIT] Building EE geometry ID set:
  pusher: 1 collision geom(s)
[FILTER INIT] EE body: pusher  geom IDs: [<GeometryId value=223>]
[FILTER INIT] Manipuland geom IDs : 1
[FILTER INIT] Ground geom IDs     : 1  (world_body collision geoms)
[C3] Solver mode: c3plus
[OVERRIDE] sampling_height=0.030 (was 0.050, per-task 'pushing')
[OVERRIDE] seed=4 (rng=np.random.default_rng)
[RepositionIK] IPOPT warm-up solve completed in 6.2 ms
[GS] start_mode=free (--prepositioned=False)
[GS] SamplingC3MPC enabled (config: config/sampling_c3_kik.yaml)
[GS]   strategy=kFaceNormal num_add_c3=3 num_add_repos=1
[GS]   w_align=30000.0  w_travel=200.0
[GS]   reposition: traj_type=kIK z_safe=0.15m speed=0.4m/s
[C3] Goal: [-0.3  0. ]  |  Meshcat: http://localhost:7001
[C3] Running simulation ...
[ENV]  Sim duration overridden: max_time=3.5s
[PERSIST] step=1 refresh n_strategy=1 samples=[(-0.0011, 0.08, 0.03)]
[LCS-DRAG] box translational v indices in v: [10,11,12]  c=10.00/s  per-step multiplier=(1 - c·dt)=0.5000
[SANITY] nc=1  n_tangent_per_contact=4  J_n=(1, 13)  J_t=(4, 13)
[SANITY] Tangent interpretation: 4 → polyhedral pyramid
[CONTACT 0]
  body_A=world  body_B=box_link  a_is_box=False
  nhat_BA_W (B→A): [-0. -0. -1.]
  nhat_onto_box  : [0. 0. 1.]
  p_ACa (on A)   : [0.05 0.05 0.05]
  p_BCb (on B)   : [ 0.05  0.05 -0.05]
  distance       : 0.00000 m
[SIGN] J_n[0] (first contact normal row):
       [ 0.    0.    0.    0.    0.    0.    0.    0.05 -0.05  0.    0.    0.
  1.  ]
  nhat_onto_box = [0. 0. 1.]
  → if nhat_onto_box·[1,0,0] > 0, box should accelerate eastward from λ_n
[EErel] along_push=-0.000m (neg=correct)  perp=0.001m  ee_to_box=0.001m  stage=3  obj=[0. 0.]  g_hat=[-1.  0.]
[proxy] err=0.158m  effective=[0.051 0.    0.05 ]
[DEBUG-C3+] n_contacts=1, n_lambda=6, TOT=46, total_dim=947
[DEBUG-C3+] per-step slots:  x=[0:27)  λ=[27:33)  u=[33:40)  η=[40:46)
[ADMM-C3+] primal: 6.1275->4.9328  dual: 109.1384->80.5932  mono=False  iters=25/25  rho=25.0
[ADMM-C3+] WARNING non-converged: pr=4.9328 dr=80.5932 tol=1e-03
[C3+] step=1 |u[0]|=34.28Nm λ_n_max=1.058 η_n_max=1.279 primal=4.933 iters=25/25
[GS-tgt] step=1 ee=(+0.000,-0.001,+0.200) p_repos=(-0.001,+0.080,+0.030) ee_to_target=0.188m target_label=strat_0 target_changed=Y delta=nanm
[OSC-INIT] n_arm=7 n_v=13
[OSC-INIT]   Kp_cart=[400.0, 400.0, 400.0]  Kd_cart=[40.0, 40.0, 40.0]
[OSC-INIT]   Kp_null=[10.0, 10.0, 10.0, 10.0, 10.0, 10.0, 10.0]
[OSC-INIT]   Kd_null=[3.0, 3.0, 3.0, 3.0, 3.0, 3.0, 3.0]
[OSC-INIT]   W_track=100.0  W_posture=1.0  W_torque=0.001  W_acc=0.001
[OSC-INIT]   tau_max=[87.0, 87.0, 87.0, 87.0, 12.0, 12.0, 12.0]
[OSC-INIT]   q_nominal=[0.5522, 0.325, 0.9763, -2.2462, -0.189, 3.0447, 0.785]
[OSC-INIT]   use_force_tracking=True  W_force=100.0
[IMP] step=1 mode=free |x_err|=0.0230m |tau_imp|=27.06Nm |tau_ff|=0.00Nm |tau_out|=27.06Nm sat=False lam_n=False lam_t=False
[GS] step=1 mode=free switch=kStayInRepos best_k=0 best_src=strat_0 curr_cost=133952.57 repos_cost=237296.51 best_other=237296.51 met_progress=Y steps_since_improve=0 switches=0
[STEP] step=1 mode=free t=0.010s ee=(+0.000,-0.001,+0.200) obj=(+0.000,+0.000,+0.050) goal_dist=0.300m switch=kStayInRepos target=(+0.001,+0.022,+0.201) ee_stride=0.023m ee_to_ptarget=0.188m landing_err=0.0854m ik_ok=Y ik_resid=0.0017m q_max_resid_deg=7.47 target_changed=Y retgt=N held_idx=- held_cost=- won_cost=237296.51 margin=- won_src=strat_0 held_valid=N reason=no_held setpoint_to_ptarget=0.1865m finished_val=0.1882m finished_thresh=0.0200m pd_resid=0.0230m nextwp_to_ptarget=0.1792m guide_terminal_err=0.0000m
[GATE-EVOLVE] step=1 curr=133952.57 best_other=237296.51 ratio=0.5645 ee_to_optimal=0.0749m phi=0.0751m
  t=0.00s | ee=(0.000, -0.001, 0.200) | obj=(0.000, 0.000, 0.050) | |u|=27.06 Nm | goal_dist=0.300 m
[DRAKE-CONTACT] step=1 n_pairs=1 ee_box_normal=0.000
[GATE-CONTACT] step=1 F_W=(+0.0000,+0.0000,+0.0000) F_on_box=(-0.0000,-0.0000,-0.0000) n_face_out=(-0.0000,-0.0000,-0.0000) A_is_ee=0 box_q=(+1.00000,+0.00000,+0.00000,+0.00000) box_p=(+0.00000,+0.00000,+0.05000) ee_p=(+0.00013,-0.00051,+0.20008)
[EErel] along_push=-0.000m (neg=correct)  perp=0.000m  ee_to_box=0.000m  stage=3  obj=[-0. -0.]  g_hat=[-1.  0.]
[proxy] err=0.158m  effective=[ 0.05 -0.    0.05]
[ADMM-C3+] primal: 5.7428->3.8718  dual: 74.7888->83.3044  mono=False  iters=25/25  rho=25.0
[ADMM-C3+] WARNING non-converged: pr=3.8718 dr=83.3044 tol=1e-03
[C3+] step=3 |u[0]|=33.98Nm λ_n_max=0.000 η_n_max=0.742 primal=3.872 iters=25/25
[EErel] along_push=-0.000m (neg=correct)  perp=0.000m  ee_to_box=0.000m  stage=3  obj=[-0. -0.]  g_hat=[-1.  0.]
[proxy] err=0.158m  effective=[ 0.05 -0.    0.05]
[ADMM-C3+] primal: 5.7428->3.8718  dual: 74.7888->83.3044  mono=False  iters=25/25  rho=25.0
[ADMM-C3+] WARNING non-converged: pr=3.8718 dr=83.3044 tol=1e-03
[C3+] step=6 |u[0]|=28.99Nm λ_n_max=0.000 η_n_max=0.742 primal=3.872 iters=25/25
[CONTACT-RUN] step=2 nhat_BA_W=[+0.000,+0.000,+0.000] p_BCb=[+0.000,+0.000,+0.000] distance=+1.00000 contact_type=NONE
[MATH.LCS-DUMP] step=2 n_c=1 box_y_vel_row=25 lambda_n_first_col=1
[MATH.LCS-DUMP] D shape=(27, 6)
[[ 0.       0.       0.       0.       0.       0.     ]
 [ 0.       0.       0.       0.       0.       0.     ]
 [ 0.       0.       0.       0.       0.       0.     ]
 [ 0.       0.       0.       0.       0.       0.     ]
 [ 0.       0.       0.       0.       0.       0.     ]
 [ 0.       0.       0.       0.       0.       0.     ]
 [ 0.       0.       0.       0.       0.       0.     ]
 [ 0.       0.00001 -0.       0.      -0.       0.     ]
 [ 0.      -0.18768  0.1877  -0.1877   0.      -0.     ]
 [ 0.       0.18768 -0.       0.      -0.1877   0.1877 ]
 [ 0.      -0.      -0.18768  0.18768  0.18768 -0.18768]
 [ 0.      -0.       0.       0.       0.0125  -0.0125 ]
 [ 0.      -0.       0.0125  -0.0125  -0.       0.     ]
 [ 0.       0.0125   0.      -0.       0.      -0.     ]
 [ 0.       0.       0.       0.       0.       0.     ]
 [ 0.       0.       0.       0.       0.       0.     ]
 [ 0.       0.       0.       0.       0.       0.     ]
 [ 0.       0.       0.       0.       0.       0.     ]
 [ 0.       0.       0.       0.       0.       0.     ]
 [ 0.       0.       0.       0.       0.       0.     ]
 [ 0.       0.       0.       0.       0.       0.     ]
 [ 0.      -7.50722  7.50808 -7.50808 -0.       0.     ]
 [ 0.       7.50722  0.      -0.      -7.50808  7.50808]
 [ 0.       0.      -7.50722  7.50722  7.50722 -7.50722]
 [ 0.      -0.       0.       0.       0.25    -0.25   ]
 [ 0.      -0.       0.25    -0.25    -0.       0.     ]
 [ 0.       0.25     0.      -0.       0.      -0.     ]]
[MATH.LCS-DUMP] E shape=(6, 27)
[[ 0.    0.    0.    0.    0.    0.    0.    0.    0.    0.    0.    0.    0.    0.    0.    0.    0.    0.    0.    0.    0.    0.    0.    0.    0.    0.    0.  ]
 [ 0.    0.    0.    0.    0.    0.    0.    0.    0.    0.    0.    0.    0.    0.    0.    0.    0.    0.    0.    0.    0.   -0.05  0.05  0.   -0.   -0.    1.  ]
 [ 0.    0.    0.    0.    0.    0.    0.    0.    0.    0.    0.    0.    0.    0.    0.    0.    0.    0.    0.    0.    0.    0.05  0.   -0.05  0.    1.    0.  ]
 [ 0.    0.    0.    0.    0.    0.    0.    0.    0.    0.    0.    0.    0.    0.    0.    0.    0.    0.    0.    0.    0.   -0.05 -0.    0.05  0.   -1.   -0.  ]
 [ 0.    0.    0.    0.    0.    0.    0.    0.    0.    0.    0.    0.    0.    0.    0.    0.    0.    0.    0.    0.    0.   -0.   -0.05  0.05  1.   -0.    0.  ]
 [ 0.    0.    0.    0.    0.    0.    0.    0.    0.    0.    0.    0.    0.    0.    0.    0.    0.    0.    0.    0.    0.    0.    0.05 -0.05 -1.    0.   -0.  ]]
[MATH.LCS-DUMP] F shape=(6, 6)
[[ 0.       0.4     -1.      -1.      -1.      -1.     ]
 [ 0.       1.00069 -0.37539  0.37539 -0.37539  0.37539]
 [ 1.      -0.37539  1.00078 -1.00078 -0.37535  0.37535]
 [ 1.       0.37539 -1.00078  1.00078  0.37535 -0.37535]
 [ 1.      -0.37539 -0.37535  0.37535  1.00078 -1.00078]
 [ 1.       0.37539  0.37535 -0.37535 -1.00078  1.00078]]
[MATH.LCS-DUMP] H shape=(6, 7)
[[0. 0. 0. 0. 0. 0. 0.]
 [0. 0. 0. 0. 0. 0. 0.]
 [0. 0. 0. 0. 0. 0. 0.]
 [0. 0. 0. 0. 0. 0. 0.]
 [0. 0. 0. 0. 0. 0. 0.]
 [0. 0. 0. 0. 0. 0. 0.]]
[MATH.LCS-DUMP] c shape=(6,)
[ 0.      -0.49073 -0.       0.      -0.       0.     ]
[COST-DUMP] step=2
  x_des[box_xy] = [-0.3000, +0.0000]
  x_cur[box_xy] = [-0.0000, -0.0000]
  goal_xy       = [-0.3000, +0.0000]
  u_opt         = [ -1.7012 -28.1466   2.501    4.8517   1.8869  -3.4122  -0.4867]
  ||u_opt||     = 28.9890
  Q diag (state-cost weights):
    arm_q[0:7]   = [0. 0. 0. 0. 0. 0. 0.]
    box_xy            = [100000.00, 100000.00]
    box_z             = 110.00
    box_quat[qx,qy]   = [50.00, 50.00]
    box_vxy           = [0.00, 1000000.00]  (perp-vel block)
  R diag (input-cost): [0.01 0.01 0.01 0.01 0.01 0.01 0.01]
  Per-term cost @ (x_pred, u_opt):
    w_obj_xy      contrib=+8.9941e+03  ||grad_u||=0.0000e+00
    w_torque      contrib=+8.4036e+00  ||grad_u||=5.7978e-01
    w_ee_approach contrib=+0.0000e+00  ||grad_u||=0.0000e+00
    w_perp(box_v) contrib=+9.3120e-01  ||grad_u||=0.0000e+00
    w_obj_z       contrib=+6.6345e-02  ||grad_u||=0.0000e+00
  H[λ_n_first_contact=1, :] = [0. 0. 0. 0. 0. 0. 0.]
  ||H[λ_n, :]||  = 0.00000
  max |H[λ_n,:]| = 0.00000
[EErel] along_push=-0.000m (neg=correct)  perp=0.000m  ee_to_box=0.000m  stage=3  obj=[-0. -0.]  g_hat=[-1.  0.]
[proxy] err=0.158m  effective=[ 0.05 -0.    0.05]
[ADMM-C3+] primal: 5.7428->3.8718  dual: 74.7888->83.3044  mono=False  iters=25/25  rho=25.0
[ADMM-C3+] WARNING non-converged: pr=3.8718 dr=83.3044 tol=1e-03
[C3+] step=7 |u[0]|=28.99Nm λ_n_max=0.000 η_n_max=0.742 primal=3.872 iters=25/25
[COUNTERFACTUAL-DUMP] step=2
  --- Baseline (as-shipped) ---
  u_opt_base    = [ -1.7012 -28.1466   2.501    4.8517   1.8869  -3.4122  -0.4867]
  ||u_opt_base||= 28.9890
  cost_at_base  = 1.5572e+05
  cost_at_u0    = 2.2696e+05
  reduction_base= 7.1242e+04
  predicted x_seq[box_xy, end] = [-0.19383, -0.00673]
  --- Counterfactual (w_ee_approach = 0) ---
  u_opt_cf      = [ -1.7012 -28.1466   2.501    4.8517   1.8869  -3.4122  -0.4867]
  ||u_opt_cf||  = 28.9890
  cost_at_cf    = 1.5572e+05
  cost_at_u0_cf = 2.2696e+05
  reduction_cf  = 7.1242e+04
  predicted x_seq[box_xy, end] = [-0.19383, -0.00673]
  --- Comparison ---
  ||u_opt_cf − u_opt_base|| = 0.0000
  predicted Δbox_y baseline       = -0.00673 m
  predicted Δbox_y counterfactual = -0.00673 m
  goal direction (g_hat): [0, +1]
[X-SEQ-PROBE] step=2 x0_box=(-0.00000,-0.00000,+0.04999) x1_box=(-0.00010,-0.00040,+0.02544) x1_box_v=(-0.00096,-0.00691,-0.49076) dt=0.050
[APPROACH-OVERRIDE] step=2 phase=A_lift_trav face_axis=0 face_sign=+1 face_score=+1.000 surf_dist=0.1332m advance=0.0100m target=(+0.1000,-0.0000,+0.2001) p_ee_des=(+0.0102,-0.0001,+0.2001)
[VFF] step=2 mode=c3 alpha=0.000 v_des=(+0.0000,+0.0000,+0.0000) |v_des|=0.0000 sat=0 util_max=0.114@j0
[OSC-FORCE] step=2 mode=c3 lam_des=2.000 lam_ext=2.000
[IMP] step=2 mode=c3 |x_err|=0.0100m |tau_imp|=14.39Nm |tau_ff|=1.20Nm |tau_out|=14.39Nm sat=False lam_n=True lam_t=True
[GS] step=2 mode=c3 switch=kToC3Cost best_k=0 best_src=current curr_cost=126884.15 repos_cost=- best_other=256810.29 met_progress=Y steps_since_improve=0 switches=1
[STEP] step=2 mode=c3 t=0.020s ee=(+0.000,-0.000,+0.200) obj=(-0.000,-0.000,+0.050) goal_dist=0.300m switch=kToC3Cost c3_cost=126884.15 lam_n=0.000 lam_t=0.000 contact=N productive=N f_cmd=(+2.00,-0.00,-0.00)
[GATE-EVOLVE] step=2 curr=126884.15 best_other=256810.29 ratio=0.4941 ee_to_optimal=0.0748m phi=0.0752m
[DRAKE-CONTACT] step=2 n_pairs=1 ee_box_normal=0.000
[GATE-CONTACT] step=2 F_W=(+0.0000,+0.0000,+0.0000) F_on_box=(-0.0000,-0.0000,-0.0000) n_face_out=(-0.0000,-0.0000,-0.0000) A_is_ee=0 box_q=(+1.00000,+0.00002,-0.00002,+0.00000) box_p=(-0.00000,-0.00000,+0.04999) ee_p=(+0.00015,-0.00009,+0.20015)
[PLAN-VS-EXEC] step=3  (recorded at step=2, dt=0.05)
  --- Planner side ---
  x0[box_quat]    = [ 1.       0.00002 -0.00002  0.     ]
  x0[box_xyz]     = [-0.      -0.       0.04999]
  x0[arm_q]       = [ 0.55283  0.67588  0.97594 -2.24487 -0.18889  3.04485  0.785  ]
  x0[box_v_world] = [ 0.03988 -0.03988 -0.      -0.00193 -0.00193 -0.00052]  (ωx,ωy,ωz,vx,vy,vz)
  x0[arm_v]       = [ 0.12418  0.15383 -0.06168  0.23472  0.0161   0.02593 -0.     ]
  u_opt[0]        = [ -1.70117 -28.14665   2.50102   4.85171   1.88686  -3.41216  -0.48674]
  λ_planned[0]    = [ 0.       0.      -0.01188  0.01188  0.      -0.     ]  (γ, λ_n, λ_t × 4)
  φ_at_x0         = -0.000012 m
  --- Predicted (LCS one step) ---
  predicted x1[box_xyz]      = [-0.0001  -0.0004   0.02544]
  predicted Δbox_xyz / dt    = [-0.00193 -0.00787 -0.49102] m/s
  --- Simulator side (actual @ next call) ---
  actual x1[box_xyz]         = [-0.      -0.       0.04999]
  actual Δbox_xyz / dt       = [ 0.00001  0.00001 -0.00002] m/s
  n_active_pairs (φ<0)       = 0
  closest box↔EE distance    = +0.07524 m
  apparent F_y_on_box (N)    = -0.0040   [= m_box·Δv_box_y/dt, m_box=0.2000]
  --- Residual ---
  Δ(planned, actual) box_xyz = [-0.0001  -0.00039 -0.02455]
  ‖residual‖ box_xy          = 0.000406 m
  λ_n_planned vs F_y_apparent= 0.0000 vs -0.0040   ratio=-0.0000
[PERSIST] step=3 refresh n_strategy=3 samples=[(0.0476, -0.08, 0.03), (0.0107, -0.08, 0.03), (0.08, -0.0025, 0.03)]
[EErel] along_push=-0.000m (neg=correct)  perp=0.001m  ee_to_box=0.001m  stage=3  obj=[-0. -0.]  g_hat=[-1.  0.]
[proxy] err=0.159m  effective=[ 0.051 -0.     0.05 ]
[ADMM-C3+] primal: 5.7461->3.8743  dual: 74.8590->83.4158  mono=False  iters=25/25  rho=25.0
[ADMM-C3+] WARNING non-converged: pr=3.8743 dr=83.4158 tol=1e-03
[C3+] step=8 |u[0]|=34.12Nm λ_n_max=0.000 η_n_max=0.740 primal=3.874 iters=25/25
[EErel] along_push=-0.000m (neg=correct)  perp=0.001m  ee_to_box=0.001m  stage=3  obj=[-0. -0.]  g_hat=[-1.  0.]
[proxy] err=0.159m  effective=[ 0.051 -0.     0.05 ]
[ADMM-C3+] primal: 5.7461->3.8743  dual: 74.8590->83.4158  mono=False  iters=25/25  rho=25.0
[ADMM-C3+] WARNING non-converged: pr=3.8743 dr=83.4158 tol=1e-03
[C3+] step=13 |u[0]|=31.43Nm λ_n_max=0.000 η_n_max=0.740 primal=3.874 iters=25/25
[CONTACT-RUN] step=3 nhat_BA_W=[+0.000,+0.000,+0.000] p_BCb=[+0.000,+0.000,+0.000] distance=+1.00000 contact_type=NONE
[X-SEQ-PROBE] step=3 x0_box=(-0.00000,-0.00000,+0.04999) x1_box=(-0.00015,-0.00042,+0.02547) x1_box_v=(-0.00147,-0.00698,-0.49050) dt=0.050
[APPROACH-OVERRIDE] step=3 phase=A_lift_trav face_axis=0 face_sign=+1 face_score=+1.000 surf_dist=0.1332m advance=0.0100m target=(+0.1000,-0.0000,+0.2002) p_ee_des=(+0.0104,+0.0005,+0.2002)
[VFF] step=3 mode=c3 alpha=0.000 v_des=(+0.0000,+0.0000,+0.0000) |v_des|=0.0000 sat=0 util_max=0.076@j1
[OSC-FORCE] step=3 mode=c3 lam_des=2.000 lam_ext=2.000
[IMP] step=3 mode=c3 |x_err|=0.0100m |tau_imp|=9.55Nm |tau_ff|=1.20Nm |tau_out|=9.55Nm sat=False lam_n=True lam_t=True
[GS] step=3 mode=c3 switch=kStayInC3 best_k=0 best_src=current curr_cost=156720.80 repos_cost=- best_other=196803.09 met_progress=Y steps_since_improve=0 switches=1
[STEP] step=3 mode=c3 t=0.030s ee=(+0.000,+0.001,+0.200) obj=(-0.000,-0.000,+0.050) goal_dist=0.300m switch=kStayInC3 c3_cost=156720.80 lam_n=0.000 lam_t=0.000 contact=N productive=N f_cmd=(+2.00,-0.00,-0.00)
[GATE-EVOLVE] step=3 curr=156720.80 best_other=196803.09 ratio=0.7963 ee_to_optimal=0.0746m phi=0.0752m
[DRAKE-CONTACT] step=3 n_pairs=1 ee_box_normal=0.000
[GATE-CONTACT] step=3 F_W=(+0.0000,+0.0000,+0.0000) F_on_box=(-0.0000,-0.0000,-0.0000) n_face_out=(-0.0000,-0.0000,-0.0000) A_is_ee=0 box_q=(+1.00000,+0.00001,-0.00001,+0.00000) box_p=(-0.00000,-0.00000,+0.04999) ee_p=(+0.00037,+0.00053,+0.20023)
[EErel] along_push=-0.001m (neg=correct)  perp=0.001m  ee_to_box=0.001m  stage=3  obj=[-0. -0.]  g_hat=[-1.  0.]
[proxy] err=0.159m  effective=[ 0.052 -0.     0.05 ]
[ADMM-C3+] primal: 5.7461->3.8743  dual: 74.8587->83.4152  mono=False  iters=25/25  rho=25.0
[ADMM-C3+] WARNING non-converged: pr=3.8743 dr=83.4152 tol=1e-03
[C3+] step=14 |u[0]|=34.22Nm λ_n_max=0.000 η_n_max=0.740 primal=3.874 iters=25/25
[EErel] along_push=-0.001m (neg=correct)  perp=0.001m  ee_to_box=0.001m  stage=3  obj=[-0. -0.]  g_hat=[-1.  0.]
[proxy] err=0.159m  effective=[ 0.052 -0.     0.05 ]
[ADMM-C3+] primal: 5.7461->3.8743  dual: 74.8587->83.4152  mono=False  iters=25/25  rho=25.0
[ADMM-C3+] WARNING non-converged: pr=3.8743 dr=83.4152 tol=1e-03
[C3+] step=19 |u[0]|=33.04Nm λ_n_max=0.000 η_n_max=0.740 primal=3.874 iters=25/25
[CONTACT-RUN] step=4 nhat_BA_W=[+0.000,+0.000,+0.000] p_BCb=[+0.000,+0.000,+0.000] distance=+1.00000 contact_type=NONE
[X-SEQ-PROBE] step=4 x0_box=(-0.00000,-0.00000,+0.04999) x1_box=(-0.00015,-0.00042,+0.02547) x1_box_v=(-0.00146,-0.00698,-0.49050) dt=0.050
[APPROACH-OVERRIDE] step=4 phase=A_lift_trav face_axis=0 face_sign=+1 face_score=+1.000 surf_dist=0.1331m advance=0.0100m target=(+0.1000,-0.0000,+0.2003) p_ee_des=(+0.0108,+0.0008,+0.2003)
[VFF] step=4 mode=c3 alpha=0.000 v_des=(+0.0000,+0.0000,+0.0000) |v_des|=0.0000 sat=0 util_max=0.058@j1
[OSC-FORCE] step=4 mode=c3 lam_des=2.000 lam_ext=2.000
[IMP] step=4 mode=c3 |x_err|=0.0100m |tau_imp|=6.46Nm |tau_ff|=1.20Nm |tau_out|=6.46Nm sat=False lam_n=True lam_t=True
[GS] step=4 mode=c3 switch=kStayInC3 best_k=0 best_src=current curr_cost=156720.36 repos_cost=- best_other=195876.49 met_progress=Y steps_since_improve=0 switches=1
[STEP] step=4 mode=c3 t=0.040s ee=(+0.001,+0.001,+0.200) obj=(-0.000,-0.000,+0.050) goal_dist=0.300m switch=kStayInC3 c3_cost=156720.36 lam_n=0.000 lam_t=0.000 contact=N productive=N f_cmd=(+2.00,-0.00,-0.00)
[GATE-EVOLVE] step=4 curr=156720.36 best_other=195876.49 ratio=0.8001 ee_to_optimal=0.0742m phi=0.0753m
[DRAKE-CONTACT] step=4 n_pairs=1 ee_box_normal=0.000
[GATE-CONTACT] step=4 F_W=(+0.0000,+0.0000,+0.0000) F_on_box=(-0.0000,-0.0000,-0.0000) n_face_out=(-0.0000,-0.0000,-0.0000) A_is_ee=0 box_q=(+1.00000,+0.00001,-0.00001,+0.00000) box_p=(-0.00000,-0.00000,+0.04999) ee_p=(+0.00083,+0.00092,+0.20027)
[EErel] along_push=-0.001m (neg=correct)  perp=0.001m  ee_to_box=0.002m  stage=3  obj=[-0. -0.]  g_hat=[-1.  0.]
[proxy] err=0.159m  effective=[ 0.053 -0.     0.05 ]
[ADMM-C3+] primal: 5.7461->3.8743  dual: 74.8587->83.4152  mono=False  iters=25/25  rho=25.0
[ADMM-C3+] WARNING non-converged: pr=3.8743 dr=83.4152 tol=1e-03
[C3+] step=20 |u[0]|=34.26Nm λ_n_max=0.000 η_n_max=0.740 primal=3.874 iters=25/25
[EErel] along_push=-0.001m (neg=correct)  perp=0.001m  ee_to_box=0.002m  stage=3  obj=[-0. -0.]  g_hat=[-1.  0.]
[proxy] err=0.159m  effective=[ 0.053 -0.     0.05 ]
[ADMM-C3+] primal: 5.7461->3.8743  dual: 74.8587->83.4152  mono=False  iters=25/25  rho=25.0
[ADMM-C3+] WARNING non-converged: pr=3.8743 dr=83.4152 tol=1e-03
[C3+] step=25 |u[0]|=34.41Nm λ_n_max=0.000 η_n_max=0.740 primal=3.874 iters=25/25
[CONTACT-RUN] step=5 nhat_BA_W=[+0.000,+0.000,+0.000] p_BCb=[+0.000,+0.000,+0.000] distance=+1.00000 contact_type=NONE
[X-SEQ-PROBE] step=5 x0_box=(-0.00000,-0.00000,+0.04999) x1_box=(-0.00015,-0.00042,+0.02547) x1_box_v=(-0.00146,-0.00698,-0.49050) dt=0.050
[APPROACH-OVERRIDE] step=5 phase=A_lift_trav face_axis=0 face_sign=+1 face_score=+1.000 surf_dist=0.1329m advance=0.0100m target=(+0.1000,-0.0000,+0.2003) p_ee_des=(+0.0114,+0.0010,+0.2003)
[VFF] step=5 mode=c3 alpha=0.000 v_des=(+0.0000,+0.0000,+0.0000) |v_des|=0.0000 sat=0 util_max=0.044@j1
[OSC-FORCE] step=5 mode=c3 lam_des=2.000 lam_ext=2.000
[IMP] step=5 mode=c3 |x_err|=0.0100m |tau_imp|=4.49Nm |tau_ff|=1.20Nm |tau_out|=4.49Nm sat=False lam_n=True lam_t=True
[GS] step=5 mode=c3 switch=kStayInC3 best_k=0 best_src=current curr_cost=126722.66 repos_cost=- best_other=195166.78 met_progress=Y steps_since_improve=1 switches=1
[STEP] step=5 mode=c3 t=0.050s ee=(+0.001,+0.001,+0.200) obj=(-0.000,-0.000,+0.050) goal_dist=0.300m switch=kStayInC3 c3_cost=126722.66 lam_n=0.000 lam_t=0.000 contact=N productive=N f_cmd=(+2.00,-0.00,-0.00)
[GATE-EVOLVE] step=5 curr=126722.66 best_other=195166.78 ratio=0.6493 ee_to_optimal=0.0736m phi=0.0753m
[DRAKE-CONTACT] step=5 n_pairs=1 ee_box_normal=0.000
[GATE-CONTACT] step=5 F_W=(+0.0000,+0.0000,+0.0000) F_on_box=(-0.0000,-0.0000,-0.0000) n_face_out=(-0.0000,-0.0000,-0.0000) A_is_ee=0 box_q=(+1.00000,+0.00001,-0.00001,+0.00000) box_p=(-0.00000,-0.00000,+0.04999) ee_p=(+0.00143,+0.00116,+0.20028)
[EErel] along_push=-0.002m (neg=correct)  perp=0.001m  ee_to_box=0.002m  stage=3  obj=[-0. -0.]  g_hat=[-1.  0.]
[proxy] err=0.159m  effective=[ 0.054 -0.     0.05 ]
[ADMM-C3+] primal: 5.7461->3.8743  dual: 74.8587->83.4152  mono=False  iters=25/25  rho=25.0
[ADMM-C3+] WARNING non-converged: pr=3.8743 dr=83.4152 tol=1e-03
[C3+] step=26 |u[0]|=34.28Nm λ_n_max=0.000 η_n_max=0.740 primal=3.874 iters=25/25
[EErel] along_push=-0.002m (neg=correct)  perp=0.001m  ee_to_box=0.002m  stage=3  obj=[-0. -0.]  g_hat=[-1.  0.]
[proxy] err=0.159m  effective=[ 0.054 -0.     0.05 ]
[ADMM-C3+] primal: 5.7461->3.8743  dual: 74.8587->83.4152  mono=False  iters=25/25  rho=25.0
[ADMM-C3+] WARNING non-converged: pr=3.8743 dr=83.4152 tol=1e-03
[C3+] step=31 |u[0]|=33.98Nm λ_n_max=0.000 η_n_max=0.740 primal=3.874 iters=25/25
[CONTACT-RUN] step=6 nhat_BA_W=[+0.000,+0.000,+0.000] p_BCb=[+0.000,+0.000,+0.000] distance=+1.00000 contact_type=NONE
[X-SEQ-PROBE] step=6 x0_box=(-0.00000,-0.00000,+0.04999) x1_box=(-0.00015,-0.00042,+0.02547) x1_box_v=(-0.00146,-0.00698,-0.49050) dt=0.050
[APPROACH-OVERRIDE] step=6 phase=A_lift_trav face_axis=0 face_sign=+1 face_score=+1.000 surf_dist=0.1327m advance=0.0100m target=(+0.1000,-0.0000,+0.2003) p_ee_des=(+0.0121,+0.0012,+0.2003)
[VFF] step=6 mode=c3 alpha=0.000 v_des=(+0.0000,+0.0000,+0.0000) |v_des|=0.0000 sat=0 util_max=0.034@j1
[OSC-FORCE] step=6 mode=c3 lam_des=2.000 lam_ext=2.000
[GS] step=6 mode=c3 switch=kStayInC3 best_k=0 best_src=current curr_cost=126724.75 repos_cost=- best_other=194612.09 met_progress=Y steps_since_improve=2 switches=1
[STEP] step=6 mode=c3 t=0.060s ee=(+0.002,+0.001,+0.200) obj=(-0.000,-0.000,+0.050) goal_dist=0.300m switch=kStayInC3 c3_cost=126724.75 lam_n=0.000 lam_t=0.000 contact=N productive=N f_cmd=(+2.00,-0.00,-0.00)
[GATE-EVOLVE] step=6 curr=126724.75 best_other=194612.09 ratio=0.6512 ee_to_optimal=0.0729m phi=0.0753m
[DRAKE-CONTACT] step=6 n_pairs=1 ee_box_normal=0.000
[GATE-CONTACT] step=6 F_W=(+0.0000,+0.0000,+0.0000) F_on_box=(-0.0000,-0.0000,-0.0000) n_face_out=(-0.0000,-0.0000,-0.0000) A_is_ee=0 box_q=(+1.00000,+0.00001,-0.00001,+0.00000) box_p=(-0.00000,-0.00000,+0.04999) ee_p=(+0.00213,+0.00130,+0.20028)
[EErel] along_push=-0.003m (neg=correct)  perp=0.001m  ee_to_box=0.003m  stage=3  obj=[0. 0.]  g_hat=[-1. -0.]
[proxy] err=0.159m  effective=[ 0.055 -0.     0.05 ]
[ADMM-C3+] primal: 6.1274->4.9359  dual: 109.8105->80.3187  mono=False  iters=25/25  rho=25.0
[ADMM-C3+] WARNING non-converged: pr=4.9359 dr=80.3187 tol=1e-03
[C3+] step=32 |u[0]|=34.28Nm λ_n_max=1.058 η_n_max=1.279 primal=4.936 iters=25/25
[EErel] along_push=-0.003m (neg=correct)  perp=0.001m  ee_to_box=0.003m  stage=3  obj=[0. 0.]  g_hat=[-1. -0.]
[proxy] err=0.159m  effective=[ 0.055 -0.     0.05 ]
[ADMM-C3+] primal: 6.1274->4.9359  dual: 109.8105->80.3187  mono=False  iters=25/25  rho=25.0
[ADMM-C3+] WARNING non-converged: pr=4.9359 dr=80.3187 tol=1e-03
[C3+] step=37 |u[0]|=34.22Nm λ_n_max=1.058 η_n_max=1.279 primal=4.936 iters=25/25
[CONTACT-RUN] step=7 nhat_BA_W=[+0.000,+0.000,+0.000] p_BCb=[+0.000,+0.000,+0.000] distance=+1.00000 contact_type=NONE
[X-SEQ-PROBE] step=7 x0_box=(+0.00000,+0.00000,+0.04999) x1_box=(-0.01168,-0.00110,+0.02547) x1_box_v=(-0.23502,-0.02352,-0.49050) dt=0.050
[APPROACH-OVERRIDE] step=7 phase=A_lift_trav face_axis=0 face_sign=+1 face_score=+1.000 surf_dist=0.1325m advance=0.0100m target=(+0.1000,+0.0000,+0.2003) p_ee_des=(+0.0130,+0.0012,+0.2003)
[VFF] step=7 mode=c3 alpha=0.000 v_des=(+0.0000,+0.0000,+0.0000) |v_des|=0.0000 sat=0 util_max=0.026@j1
[OSC-FORCE] step=7 mode=c3 lam_des=2.000 lam_ext=2.000
[GS] step=7 mode=c3 switch=kStayInC3 best_k=0 best_src=current curr_cost=104011.01 repos_cost=- best_other=175344.08 met_progress=Y steps_since_improve=3 switches=1
[STEP] step=7 mode=c3 t=0.070s ee=(+0.003,+0.001,+0.200) obj=(+0.000,+0.000,+0.050) goal_dist=0.300m switch=kStayInC3 c3_cost=104011.01 lam_n=0.000 lam_t=0.000 contact=N productive=N f_cmd=(+2.00,+0.00,-0.00)
[GATE-EVOLVE] step=7 curr=104011.01 best_other=175344.08 ratio=0.5932 ee_to_optimal=0.0721m phi=0.0753m
[DRAKE-CONTACT] step=7 n_pairs=1 ee_box_normal=0.000
[GATE-CONTACT] step=7 F_W=(+0.0000,+0.0000,+0.0000) F_on_box=(-0.0000,-0.0000,-0.0000) n_face_out=(-0.0000,-0.0000,-0.0000) A_is_ee=0 box_q=(+1.00000,-0.00001,+0.00001,+0.00000) box_p=(+0.00000,+0.00000,+0.04999) ee_p=(+0.00296,+0.00138,+0.20028)
[EErel] along_push=-0.004m (neg=correct)  perp=0.001m  ee_to_box=0.004m  stage=3  obj=[-0. -0.]  g_hat=[-1.  0.]
[proxy] err=0.159m  effective=[ 0.056 -0.     0.05 ]
[ADMM-C3+] primal: 5.7461->3.8743  dual: 74.8587->83.4152  mono=False  iters=25/25  rho=25.0
[ADMM-C3+] WARNING non-converged: pr=3.8743 dr=83.4152 tol=1e-03
[C3+] step=38 |u[0]|=34.28Nm λ_n_max=0.000 η_n_max=0.740 primal=3.874 iters=25/25
[EErel] along_push=-0.004m (neg=correct)  perp=0.001m  ee_to_box=0.004m  stage=3  obj=[-0. -0.]  g_hat=[-1.  0.]
[proxy] err=0.159m  effective=[ 0.056 -0.     0.05 ]
[ADMM-C3+] primal: 5.7461->3.8743  dual: 74.8587->83.4152  mono=False  iters=25/25  rho=25.0
[ADMM-C3+] WARNING non-converged: pr=3.8743 dr=83.4152 tol=1e-03
[C3+] step=43 |u[0]|=33.86Nm λ_n_max=0.000 η_n_max=0.740 primal=3.874 iters=25/25
[CONTACT-RUN] step=8 nhat_BA_W=[+0.000,+0.000,+0.000] p_BCb=[+0.000,+0.000,+0.000] distance=+1.00000 contact_type=NONE
[X-SEQ-PROBE] step=8 x0_box=(-0.00000,-0.00000,+0.04999) x1_box=(-0.00015,-0.00042,+0.02547) x1_box_v=(-0.00146,-0.00698,-0.49050) dt=0.050
[APPROACH-OVERRIDE] step=8 phase=A_lift_trav face_axis=0 face_sign=+1 face_score=+1.000 surf_dist=0.1323m advance=0.0100m target=(+0.1000,-0.0000,+0.2003) p_ee_des=(+0.0137,+0.0013,+0.2003)
[VFF] step=8 mode=c3 alpha=0.000 v_des=(+0.0000,+0.0000,+0.0000) |v_des|=0.0000 sat=0 util_max=0.022@j1
[OSC-FORCE] step=8 mode=c3 lam_des=2.000 lam_ext=2.000
[GS] step=8 mode=c3 switch=kStayInC3 best_k=0 best_src=current curr_cost=126730.04 repos_cost=- best_other=193806.11 met_progress=Y steps_since_improve=4 switches=1
[STEP] step=8 mode=c3 t=0.080s ee=(+0.004,+0.001,+0.200) obj=(-0.000,-0.000,+0.050) goal_dist=0.300m switch=kStayInC3 c3_cost=126730.04 lam_n=0.000 lam_t=0.000 contact=N productive=N f_cmd=(+2.00,-0.00,-0.00)
[GATE-EVOLVE] step=8 curr=126730.04 best_other=193806.11 ratio=0.6539 ee_to_optimal=0.0713m phi=0.0753m
[DRAKE-CONTACT] step=8 n_pairs=1 ee_box_normal=0.000
[GATE-CONTACT] step=8 F_W=(+0.0000,+0.0000,+0.0000) F_on_box=(-0.0000,-0.0000,-0.0000) n_face_out=(-0.0000,-0.0000,-0.0000) A_is_ee=0 box_q=(+1.00000,+0.00001,-0.00001,+0.00000) box_p=(-0.00000,-0.00000,+0.04999) ee_p=(+0.00367,+0.00140,+0.20028)
[EErel] along_push=-0.004m (neg=correct)  perp=0.001m  ee_to_box=0.005m  stage=3  obj=[-0. -0.]  g_hat=[-1.  0.]
[proxy] err=0.159m  effective=[ 0.057 -0.     0.05 ]
[ADMM-C3+] primal: 5.7461->3.8743  dual: 74.8587->83.4152  mono=False  iters=25/25  rho=25.0
[ADMM-C3+] WARNING non-converged: pr=3.8743 dr=83.4152 tol=1e-03
[C3+] step=44 |u[0]|=34.27Nm λ_n_max=0.000 η_n_max=0.740 primal=3.874 iters=25/25
[EErel] along_push=-0.004m (neg=correct)  perp=0.001m  ee_to_box=0.005m  stage=3  obj=[-0. -0.]  g_hat=[-1.  0.]
[proxy] err=0.159m  effective=[ 0.057 -0.     0.05 ]
[ADMM-C3+] primal: 5.7461->3.8743  dual: 74.8587->83.4152  mono=False  iters=25/25  rho=25.0
[ADMM-C3+] WARNING non-converged: pr=3.8743 dr=83.4152 tol=1e-03
[C3+] step=49 |u[0]|=33.90Nm λ_n_max=0.000 η_n_max=0.740 primal=3.874 iters=25/25
[CONTACT-RUN] step=9 nhat_BA_W=[+0.000,+0.000,+0.000] p_BCb=[+0.000,+0.000,+0.000] distance=+1.00000 contact_type=NONE
[X-SEQ-PROBE] step=9 x0_box=(-0.00000,-0.00000,+0.04999) x1_box=(-0.00015,-0.00042,+0.02547) x1_box_v=(-0.00146,-0.00698,-0.49050) dt=0.050
[APPROACH-OVERRIDE] step=9 phase=A_lift_trav face_axis=0 face_sign=+1 face_score=+1.000 surf_dist=0.1320m advance=0.0100m target=(+0.1000,-0.0000,+0.2003) p_ee_des=(+0.0145,+0.0012,+0.2003)
[VFF] step=9 mode=c3 alpha=0.000 v_des=(+0.0000,+0.0000,+0.0000) |v_des|=0.0000 sat=0 util_max=0.018@j1
[OSC-FORCE] step=9 mode=c3 lam_des=2.000 lam_ext=2.000
[GS] step=9 mode=c3 switch=kStayInC3 best_k=0 best_src=current curr_cost=126733.01 repos_cost=- best_other=193504.32 met_progress=Y steps_since_improve=5 switches=1
[STEP] step=9 mode=c3 t=0.090s ee=(+0.004,+0.001,+0.200) obj=(-0.000,-0.000,+0.050) goal_dist=0.300m switch=kStayInC3 c3_cost=126733.01 lam_n=0.000 lam_t=0.000 contact=N productive=N f_cmd=(+2.00,-0.00,-0.00)
[GATE-EVOLVE] step=9 curr=126733.01 best_other=193504.32 ratio=0.6549 ee_to_optimal=0.0705m phi=0.0753m
[DRAKE-CONTACT] step=9 n_pairs=1 ee_box_normal=0.000
[GATE-CONTACT] step=9 F_W=(+0.0000,+0.0000,+0.0000) F_on_box=(-0.0000,-0.0000,-0.0000) n_face_out=(-0.0000,-0.0000,-0.0000) A_is_ee=0 box_q=(+1.00000,+0.00001,-0.00001,+0.00000) box_p=(-0.00000,-0.00000,+0.04999) ee_p=(+0.00448,+0.00139,+0.20028)
[EErel] along_push=-0.005m (neg=correct)  perp=0.001m  ee_to_box=0.005m  stage=3  obj=[-0. -0.]  g_hat=[-1.  0.]
[proxy] err=0.159m  effective=[ 0.058 -0.     0.05 ]
[ADMM-C3+] primal: 5.7461->3.8743  dual: 74.8587->83.4152  mono=False  iters=25/25  rho=25.0
[ADMM-C3+] WARNING non-converged: pr=3.8743 dr=83.4152 tol=1e-03
[C3+] step=50 |u[0]|=34.25Nm λ_n_max=0.000 η_n_max=0.740 primal=3.874 iters=25/25
[EErel] along_push=-0.005m (neg=correct)  perp=0.001m  ee_to_box=0.005m  stage=3  obj=[-0. -0.]  g_hat=[-1.  0.]
[proxy] err=0.159m  effective=[ 0.058 -0.     0.05 ]
[ADMM-C3+] primal: 5.7461->3.8743  dual: 74.8587->83.4152  mono=False  iters=25/25  rho=25.0
[ADMM-C3+] WARNING non-converged: pr=3.8743 dr=83.4152 tol=1e-03
[C3+] step=55 |u[0]|=33.71Nm λ_n_max=0.000 η_n_max=0.740 primal=3.874 iters=25/25
[CONTACT-RUN] step=10 nhat_BA_W=[+0.000,+0.000,+0.000] p_BCb=[+0.000,+0.000,+0.000] distance=+1.00000 contact_type=NONE
[X-SEQ-PROBE] step=10 x0_box=(-0.00000,-0.00000,+0.04999) x1_box=(-0.00015,-0.00042,+0.02547) x1_box_v=(-0.00146,-0.00698,-0.49050) dt=0.050
[APPROACH-OVERRIDE] step=10 phase=A_lift_trav face_axis=0 face_sign=+1 face_score=+1.000 surf_dist=0.1318m advance=0.0100m target=(+0.1000,-0.0000,+0.2003) p_ee_des=(+0.0153,+0.0012,+0.2003)
[VFF] step=10 mode=c3 alpha=0.000 v_des=(+0.0000,+0.0000,+0.0000) |v_des|=0.0000 sat=0 util_max=0.015@j1
[OSC-FORCE] step=10 mode=c3 lam_des=2.000 lam_ext=2.000
[IMP] step=10 mode=c3 |x_err|=0.0100m |tau_imp|=1.38Nm |tau_ff|=1.20Nm |tau_out|=1.38Nm sat=False lam_n=True lam_t=True
[GS] step=10 mode=c3 switch=kStayInC3 best_k=0 best_src=current curr_cost=126736.11 repos_cost=- best_other=193247.91 met_progress=Y steps_since_improve=6 switches=1
[STEP] step=10 mode=c3 t=0.100s ee=(+0.005,+0.001,+0.200) obj=(-0.000,-0.000,+0.050) goal_dist=0.300m switch=kStayInC3 c3_cost=126736.11 lam_n=0.000 lam_t=0.000 contact=N productive=N f_cmd=(+2.00,-0.00,-0.00)
[GATE-EVOLVE] step=10 curr=126736.11 best_other=193247.91 ratio=0.6558 ee_to_optimal=0.0697m phi=0.0753m
[DRAKE-CONTACT] step=10 n_pairs=1 ee_box_normal=0.000
[GATE-CONTACT] step=10 F_W=(+0.0000,+0.0000,+0.0000) F_on_box=(-0.0000,-0.0000,-0.0000) n_face_out=(-0.0000,-0.0000,-0.0000) A_is_ee=0 box_q=(+1.00000,+0.00001,-0.00001,+0.00000) box_p=(-0.00000,-0.00000,+0.04999) ee_p=(+0.00530,+0.00137,+0.20028)
[EErel] along_push=-0.006m (neg=correct)  perp=0.001m  ee_to_box=0.006m  stage=3  obj=[-0. -0.]  g_hat=[-1.  0.]
[proxy] err=0.159m  effective=[ 0.059 -0.     0.05 ]
[ADMM-C3+] primal: 5.7461->3.8743  dual: 74.8587->83.4152  mono=False  iters=25/25  rho=25.0
[ADMM-C3+] WARNING non-converged: pr=3.8743 dr=83.4152 tol=1e-03
[C3+] step=56 |u[0]|=34.23Nm λ_n_max=0.000 η_n_max=0.740 primal=3.874 iters=25/25
[EErel] along_push=-0.006m (neg=correct)  perp=0.001m  ee_to_box=0.006m  stage=3  obj=[-0. -0.]  g_hat=[-1.  0.]
[proxy] err=0.159m  effective=[ 0.059 -0.     0.05 ]
[ADMM-C3+] primal: 5.7461->3.8743  dual: 74.8587->83.4152  mono=False  iters=25/25  rho=25.0
[ADMM-C3+] WARNING non-converged: pr=3.8743 dr=83.4152 tol=1e-03
[C3+] step=61 |u[0]|=33.67Nm λ_n_max=0.000 η_n_max=0.740 primal=3.874 iters=25/25
[CONTACT-RUN] step=11 nhat_BA_W=[+0.000,+0.000,+0.000] p_BCb=[+0.000,+0.000,+0.000] distance=+1.00000 contact_type=NONE
[X-SEQ-PROBE] step=11 x0_box=(-0.00000,-0.00000,+0.04999) x1_box=(-0.00015,-0.00042,+0.02547) x1_box_v=(-0.00146,-0.00698,-0.49050) dt=0.050
[APPROACH-OVERRIDE] step=11 phase=A_lift_trav face_axis=0 face_sign=+1 face_score=+1.000 surf_dist=0.1316m advance=0.0100m target=(+0.1000,-0.0000,+0.2003) p_ee_des=(+0.0161,+0.0012,+0.2003)
[VFF] step=11 mode=c3 alpha=0.000 v_des=(+0.0000,+0.0000,+0.0000) |v_des|=0.0000 sat=0 util_max=0.012@j1
[OSC-FORCE] step=11 mode=c3 lam_des=2.000 lam_ext=2.000
[GS] step=11 mode=c3 switch=kStayInC3 best_k=0 best_src=current curr_cost=126739.29 repos_cost=- best_other=193026.68 met_progress=Y steps_since_improve=7 switches=1
[STEP] step=11 mode=c3 t=0.110s ee=(+0.006,+0.001,+0.200) obj=(-0.000,-0.000,+0.050) goal_dist=0.300m switch=kStayInC3 c3_cost=126739.29 lam_n=0.000 lam_t=0.000 contact=N productive=N f_cmd=(+2.00,-0.00,-0.00)
[GATE-EVOLVE] step=11 curr=126739.29 best_other=193026.68 ratio=0.6566 ee_to_optimal=0.0689m phi=0.0753m
[DRAKE-CONTACT] step=11 n_pairs=1 ee_box_normal=0.000
[GATE-CONTACT] step=11 F_W=(+0.0000,+0.0000,+0.0000) F_on_box=(-0.0000,-0.0000,-0.0000) n_face_out=(-0.0000,-0.0000,-0.0000) A_is_ee=0 box_q=(+1.00000,+0.00001,-0.00001,+0.00000) box_p=(-0.00000,-0.00000,+0.04999) ee_p=(+0.00613,+0.00133,+0.20029)
[EErel] along_push=-0.007m (neg=correct)  perp=0.001m  ee_to_box=0.007m  stage=3  obj=[-0. -0.]  g_hat=[-1.  0.]
[proxy] err=0.160m  effective=[ 0.061 -0.     0.05 ]
[ADMM-C3+] primal: 5.7461->3.8743  dual: 74.8587->83.4152  mono=False  iters=25/25  rho=25.0
[ADMM-C3+] WARNING non-converged: pr=3.8743 dr=83.4152 tol=1e-03
[C3+] step=62 |u[0]|=34.22Nm λ_n_max=0.000 η_n_max=0.740 primal=3.874 iters=25/25
[EErel] along_push=-0.007m (neg=correct)  perp=0.001m  ee_to_box=0.007m  stage=3  obj=[-0. -0.]  g_hat=[-1.  0.]
[proxy] err=0.160m  effective=[ 0.061 -0.     0.05 ]
[ADMM-C3+] primal: 5.7461->3.8743  dual: 74.8587->83.4152  mono=False  iters=25/25  rho=25.0
[ADMM-C3+] WARNING non-converged: pr=3.8743 dr=83.4152 tol=1e-03
[C3+] step=67 |u[0]|=33.57Nm λ_n_max=0.000 η_n_max=0.740 primal=3.874 iters=25/25
[CONTACT-RUN] step=12 nhat_BA_W=[+0.000,+0.000,+0.000] p_BCb=[+0.000,+0.000,+0.000] distance=+1.00000 contact_type=NONE
[X-SEQ-PROBE] step=12 x0_box=(-0.00000,-0.00000,+0.04999) x1_box=(-0.00015,-0.00042,+0.02547) x1_box_v=(-0.00146,-0.00698,-0.49050) dt=0.050
[APPROACH-OVERRIDE] step=12 phase=A_lift_trav face_axis=0 face_sign=+1 face_score=+1.000 surf_dist=0.1313m advance=0.0100m target=(+0.1000,-0.0000,+0.2003) p_ee_des=(+0.0170,+0.0011,+0.2003)
[VFF] step=12 mode=c3 alpha=0.000 v_des=(+0.0000,+0.0000,+0.0000) |v_des|=0.0000 sat=0 util_max=0.011@j1
[OSC-FORCE] step=12 mode=c3 lam_des=2.000 lam_ext=2.000
[GS] step=12 mode=c3 switch=kStayInC3 best_k=0 best_src=current curr_cost=126742.54 repos_cost=- best_other=192833.51 met_progress=Y steps_since_improve=8 switches=1
[STEP] step=12 mode=c3 t=0.120s ee=(+0.007,+0.001,+0.200) obj=(-0.000,-0.000,+0.050) goal_dist=0.300m switch=kStayInC3 c3_cost=126742.54 lam_n=0.000 lam_t=0.000 contact=N productive=N f_cmd=(+2.00,-0.00,-0.00)
[GATE-EVOLVE] step=12 curr=126742.54 best_other=192833.51 ratio=0.6573 ee_to_optimal=0.0680m phi=0.0753m
[DRAKE-CONTACT] step=12 n_pairs=1 ee_box_normal=0.000
[GATE-CONTACT] step=12 F_W=(+0.0000,+0.0000,+0.0000) F_on_box=(-0.0000,-0.0000,-0.0000) n_face_out=(-0.0000,-0.0000,-0.0000) A_is_ee=0 box_q=(+1.00000,+0.00001,-0.00001,+0.00000) box_p=(-0.00000,-0.00000,+0.04999) ee_p=(+0.00697,+0.00128,+0.20030)
[EErel] along_push=-0.008m (neg=correct)  perp=0.001m  ee_to_box=0.008m  stage=3  obj=[-0. -0.]  g_hat=[-1.  0.]
[proxy] err=0.160m  effective=[ 0.062 -0.     0.05 ]
[ADMM-C3+] primal: 5.7461->3.8743  dual: 74.8587->83.4152  mono=False  iters=25/25  rho=25.0
[ADMM-C3+] WARNING non-converged: pr=3.8743 dr=83.4152 tol=1e-03
[C3+] step=68 |u[0]|=34.20Nm λ_n_max=0.000 η_n_max=0.740 primal=3.874 iters=25/25
[EErel] along_push=-0.008m (neg=correct)  perp=0.001m  ee_to_box=0.008m  stage=3  obj=[-0. -0.]  g_hat=[-1.  0.]
[proxy] err=0.160m  effective=[ 0.062 -0.     0.05 ]
[ADMM-C3+] primal: 5.7461->3.8743  dual: 74.8587->83.4152  mono=False  iters=25/25  rho=25.0
[ADMM-C3+] WARNING non-converged: pr=3.8743 dr=83.4152 tol=1e-03
[C3+] step=73 |u[0]|=33.51Nm λ_n_max=0.000 η_n_max=0.740 primal=3.874 iters=25/25
[CONTACT-RUN] step=13 nhat_BA_W=[+0.000,+0.000,+0.000] p_BCb=[+0.000,+0.000,+0.000] distance=+1.00000 contact_type=NONE
[X-SEQ-PROBE] step=13 x0_box=(-0.00000,-0.00000,+0.04999) x1_box=(-0.00015,-0.00042,+0.02547) x1_box_v=(-0.00146,-0.00698,-0.49050) dt=0.050
[APPROACH-OVERRIDE] step=13 phase=A_lift_trav face_axis=0 face_sign=+1 face_score=+1.000 surf_dist=0.1311m advance=0.0100m target=(+0.1000,-0.0000,+0.2003) p_ee_des=(+0.0178,+0.0011,+0.2003)
[VFF] step=13 mode=c3 alpha=0.000 v_des=(+0.0000,+0.0000,+0.0000) |v_des|=0.0000 sat=0 util_max=0.009@j1
[OSC-FORCE] step=13 mode=c3 lam_des=2.000 lam_ext=2.000
[GS] step=13 mode=c3 switch=kStayInC3 best_k=0 best_src=current curr_cost=126745.85 repos_cost=- best_other=192663.39 met_progress=Y steps_since_improve=9 switches=1
[STEP] step=13 mode=c3 t=0.130s ee=(+0.008,+0.001,+0.200) obj=(-0.000,-0.000,+0.050) goal_dist=0.300m switch=kStayInC3 c3_cost=126745.85 lam_n=0.000 lam_t=0.000 contact=N productive=N f_cmd=(+2.00,-0.00,-0.00)
[GATE-EVOLVE] step=13 curr=126745.85 best_other=192663.39 ratio=0.6579 ee_to_optimal=0.0672m phi=0.0753m
[DRAKE-CONTACT] step=13 n_pairs=1 ee_box_normal=0.000
[GATE-CONTACT] step=13 F_W=(+0.0000,+0.0000,+0.0000) F_on_box=(-0.0000,-0.0000,-0.0000) n_face_out=(-0.0000,-0.0000,-0.0000) A_is_ee=0 box_q=(+1.00000,+0.00001,-0.00001,+0.00000) box_p=(-0.00000,-0.00000,+0.04999) ee_p=(+0.00781,+0.00123,+0.20031)
[EErel] along_push=-0.009m (neg=correct)  perp=0.001m  ee_to_box=0.009m  stage=3  obj=[-0. -0.]  g_hat=[-1.  0.]
[proxy] err=0.160m  effective=[ 0.063 -0.     0.05 ]
[ADMM-C3+] primal: 5.7461->3.8743  dual: 74.8587->83.4152  mono=False  iters=25/25  rho=25.0
[ADMM-C3+] WARNING non-converged: pr=3.8743 dr=83.4152 tol=1e-03
[C3+] step=74 |u[0]|=34.18Nm λ_n_max=0.000 η_n_max=0.740 primal=3.874 iters=25/25
[EErel] along_push=-0.009m (neg=correct)  perp=0.001m  ee_to_box=0.009m  stage=3  obj=[-0. -0.]  g_hat=[-1.  0.]
[proxy] err=0.160m  effective=[ 0.063 -0.     0.05 ]
[ADMM-C3+] primal: 5.7461->3.8743  dual: 74.8587->83.4152  mono=False  iters=25/25  rho=25.0
[ADMM-C3+] WARNING non-converged: pr=3.8743 dr=83.4152 tol=1e-03
[C3+] step=79 |u[0]|=33.45Nm λ_n_max=0.000 η_n_max=0.740 primal=3.874 iters=25/25
[CONTACT-RUN] step=14 nhat_BA_W=[+0.000,+0.000,+0.000] p_BCb=[+0.000,+0.000,+0.000] distance=+1.00000 contact_type=NONE
[X-SEQ-PROBE] step=14 x0_box=(-0.00000,-0.00000,+0.04999) x1_box=(-0.00015,-0.00042,+0.02547) x1_box_v=(-0.00146,-0.00698,-0.49050) dt=0.050
[APPROACH-OVERRIDE] step=14 phase=A_lift_trav face_axis=0 face_sign=+1 face_score=+1.000 surf_dist=0.1309m advance=0.0100m target=(+0.1000,-0.0000,+0.2003) p_ee_des=(+0.0186,+0.0010,+0.2003)
[VFF] step=14 mode=c3 alpha=0.000 v_des=(+0.0000,+0.0000,+0.0000) |v_des|=0.0000 sat=0 util_max=0.008@j1
[OSC-FORCE] step=14 mode=c3 lam_des=2.000 lam_ext=2.000
[GS] step=14 mode=c3 switch=kStayInC3 best_k=0 best_src=current curr_cost=126749.20 repos_cost=- best_other=192512.79 met_progress=Y steps_since_improve=10 switches=1
[STEP] step=14 mode=c3 t=0.140s ee=(+0.009,+0.001,+0.200) obj=(-0.000,-0.000,+0.050) goal_dist=0.300m switch=kStayInC3 c3_cost=126749.20 lam_n=0.000 lam_t=0.000 contact=N productive=N f_cmd=(+2.00,-0.00,-0.00)
[GATE-EVOLVE] step=14 curr=126749.20 best_other=192512.79 ratio=0.6584 ee_to_optimal=0.0664m phi=0.0753m
[DRAKE-CONTACT] step=14 n_pairs=1 ee_box_normal=0.000
[GATE-CONTACT] step=14 F_W=(+0.0000,+0.0000,+0.0000) F_on_box=(-0.0000,-0.0000,-0.0000) n_face_out=(-0.0000,-0.0000,-0.0000) A_is_ee=0 box_q=(+1.00000,+0.00001,-0.00001,+0.00000) box_p=(-0.00000,-0.00000,+0.04999) ee_p=(+0.00865,+0.00117,+0.20032)
[EErel] along_push=-0.009m (neg=correct)  perp=0.001m  ee_to_box=0.010m  stage=3  obj=[-0. -0.]  g_hat=[-1.  0.]
[proxy] err=0.160m  effective=[ 0.064 -0.     0.05 ]
[ADMM-C3+] primal: 5.7461->3.8743  dual: 74.8587->83.4152  mono=False  iters=25/25  rho=25.0
[ADMM-C3+] WARNING non-converged: pr=3.8743 dr=83.4152 tol=1e-03
[C3+] step=80 |u[0]|=34.16Nm λ_n_max=0.000 η_n_max=0.740 primal=3.874 iters=25/25
[EErel] along_push=-0.009m (neg=correct)  perp=0.001m  ee_to_box=0.010m  stage=3  obj=[-0. -0.]  g_hat=[-1.  0.]
[proxy] err=0.160m  effective=[ 0.064 -0.     0.05 ]
[ADMM-C3+] primal: 5.7461->3.8743  dual: 74.8587->83.4152  mono=False  iters=25/25  rho=25.0
[ADMM-C3+] WARNING non-converged: pr=3.8743 dr=83.4152 tol=1e-03
[C3+] step=85 |u[0]|=33.39Nm λ_n_max=0.000 η_n_max=0.740 primal=3.874 iters=25/25
[CONTACT-RUN] step=15 nhat_BA_W=[+0.000,+0.000,+0.000] p_BCb=[+0.000,+0.000,+0.000] distance=+1.00000 contact_type=NONE
[X-SEQ-PROBE] step=15 x0_box=(-0.00000,-0.00000,+0.04999) x1_box=(-0.00015,-0.00042,+0.02547) x1_box_v=(-0.00146,-0.00698,-0.49050) dt=0.050
[APPROACH-OVERRIDE] step=15 phase=A_lift_trav face_axis=0 face_sign=+1 face_score=+1.000 surf_dist=0.1307m advance=0.0100m target=(+0.1000,-0.0000,+0.2003) p_ee_des=(+0.0195,+0.0010,+0.2003)
[VFF] step=15 mode=c3 alpha=0.000 v_des=(+0.0000,+0.0000,+0.0000) |v_des|=0.0000 sat=0 util_max=0.007@j1
[OSC-FORCE] step=15 mode=c3 lam_des=2.000 lam_ext=2.000
[GS] step=15 mode=c3 switch=kStayInC3 best_k=0 best_src=current curr_cost=126752.59 repos_cost=- best_other=192379.19 met_progress=Y steps_since_improve=11 switches=1
[STEP] step=15 mode=c3 t=0.150s ee=(+0.009,+0.001,+0.200) obj=(-0.000,-0.000,+0.050) goal_dist=0.300m switch=kStayInC3 c3_cost=126752.59 lam_n=0.000 lam_t=0.000 contact=N productive=N f_cmd=(+2.00,-0.00,-0.00)
[GATE-EVOLVE] step=15 curr=126752.59 best_other=192379.19 ratio=0.6589 ee_to_optimal=0.0655m phi=0.0753m
[DRAKE-CONTACT] step=15 n_pairs=1 ee_box_normal=0.000
[GATE-CONTACT] step=15 F_W=(+0.0000,+0.0000,+0.0000) F_on_box=(-0.0000,-0.0000,-0.0000) n_face_out=(-0.0000,-0.0000,-0.0000) A_is_ee=0 box_q=(+1.00000,+0.00001,-0.00001,+0.00000) box_p=(-0.00000,-0.00000,+0.04999) ee_p=(+0.00949,+0.00111,+0.20033)
[EErel] along_push=-0.010m (neg=correct)  perp=0.001m  ee_to_box=0.010m  stage=3  obj=[-0. -0.]  g_hat=[-1.  0.]
[proxy] err=0.160m  effective=[ 0.066 -0.     0.05 ]
[ADMM-C3+] primal: 5.7461->3.8743  dual: 74.8587->83.4152  mono=False  iters=25/25  rho=25.0
[ADMM-C3+] WARNING non-converged: pr=3.8743 dr=83.4152 tol=1e-03
[C3+] step=86 |u[0]|=34.15Nm λ_n_max=0.000 η_n_max=0.740 primal=3.874 iters=25/25
[EErel] along_push=-0.010m (neg=correct)  perp=0.001m  ee_to_box=0.010m  stage=3  obj=[-0. -0.]  g_hat=[-1.  0.]
[proxy] err=0.160m  effective=[ 0.066 -0.     0.05 ]
[ADMM-C3+] primal: 5.7461->3.8743  dual: 74.8587->83.4152  mono=False  iters=25/25  rho=25.0
[ADMM-C3+] WARNING non-converged: pr=3.8743 dr=83.4152 tol=1e-03
[C3+] step=91 |u[0]|=33.34Nm λ_n_max=0.000 η_n_max=0.740 primal=3.874 iters=25/25
[CONTACT-RUN] step=16 nhat_BA_W=[+0.000,+0.000,+0.000] p_BCb=[+0.000,+0.000,+0.000] distance=+1.00000 contact_type=NONE
[X-SEQ-PROBE] step=16 x0_box=(-0.00000,-0.00000,+0.04999) x1_box=(-0.00015,-0.00042,+0.02547) x1_box_v=(-0.00146,-0.00698,-0.49050) dt=0.050
[APPROACH-OVERRIDE] step=16 phase=A_lift_trav face_axis=0 face_sign=+1 face_score=+1.000 surf_dist=0.1305m advance=0.0100m target=(+0.1000,-0.0000,+0.2003) p_ee_des=(+0.0203,+0.0009,+0.2003)
[VFF] step=16 mode=c3 alpha=0.000 v_des=(+0.0000,+0.0000,+0.0000) |v_des|=0.0000 sat=0 util_max=0.007@j0
[OSC-FORCE] step=16 mode=c3 lam_des=2.000 lam_ext=2.000
[GS] step=16 mode=c3 switch=kStayInC3 best_k=0 best_src=current curr_cost=126756.02 repos_cost=- best_other=192260.77 met_progress=Y steps_since_improve=12 switches=1
[STEP] step=16 mode=c3 t=0.160s ee=(+0.010,+0.001,+0.200) obj=(-0.000,-0.000,+0.050) goal_dist=0.300m switch=kStayInC3 c3_cost=126756.02 lam_n=0.000 lam_t=0.000 contact=N productive=N f_cmd=(+2.00,-0.00,-0.00)
[GATE-EVOLVE] step=16 curr=126756.02 best_other=192260.77 ratio=0.6593 ee_to_optimal=0.0647m phi=0.0754m
[DRAKE-CONTACT] step=16 n_pairs=1 ee_box_normal=0.000
[GATE-CONTACT] step=16 F_W=(+0.0000,+0.0000,+0.0000) F_on_box=(-0.0000,-0.0000,-0.0000) n_face_out=(-0.0000,-0.0000,-0.0000) A_is_ee=0 box_q=(+1.00000,+0.00001,-0.00001,+0.00000) box_p=(-0.00000,-0.00000,+0.04999) ee_p=(+0.01033,+0.00105,+0.20034)
[EErel] along_push=-0.011m (neg=correct)  perp=0.001m  ee_to_box=0.011m  stage=3  obj=[-0. -0.]  g_hat=[-1.  0.]
[proxy] err=0.160m  effective=[ 0.067 -0.     0.05 ]
[ADMM-C3+] primal: 5.7461->3.8743  dual: 74.8587->83.4152  mono=False  iters=25/25  rho=25.0
[ADMM-C3+] WARNING non-converged: pr=3.8743 dr=83.4152 tol=1e-03
[C3+] step=92 |u[0]|=34.13Nm λ_n_max=0.000 η_n_max=0.740 primal=3.874 iters=25/25
[EErel] along_push=-0.011m (neg=correct)  perp=0.001m  ee_to_box=0.011m  stage=3  obj=[-0. -0.]  g_hat=[-1.  0.]
[proxy] err=0.160m  effective=[ 0.067 -0.     0.05 ]
[ADMM-C3+] primal: 5.7461->3.8743  dual: 74.8587->83.4152  mono=False  iters=25/25  rho=25.0
[ADMM-C3+] WARNING non-converged: pr=3.8743 dr=83.4152 tol=1e-03
[C3+] step=97 |u[0]|=33.30Nm λ_n_max=0.000 η_n_max=0.740 primal=3.874 iters=25/25
[CONTACT-RUN] step=17 nhat_BA_W=[+0.000,+0.000,+0.000] p_BCb=[+0.000,+0.000,+0.000] distance=+1.00000 contact_type=NONE
[X-SEQ-PROBE] step=17 x0_box=(-0.00000,-0.00000,+0.04999) x1_box=(-0.00015,-0.00042,+0.02547) x1_box_v=(-0.00146,-0.00698,-0.49050) dt=0.050
[APPROACH-OVERRIDE] step=17 phase=A_lift_trav face_axis=0 face_sign=+1 face_score=+1.000 surf_dist=0.1303m advance=0.0100m target=(+0.1000,-0.0000,+0.2004) p_ee_des=(+0.0212,+0.0009,+0.2004)
[VFF] step=17 mode=c3 alpha=0.000 v_des=(+0.0000,+0.0000,+0.0000) |v_des|=0.0000 sat=0 util_max=0.006@j0
[OSC-FORCE] step=17 mode=c3 lam_des=2.000 lam_ext=2.000
[GS] step=17 mode=c3 switch=kStayInC3 best_k=0 best_src=current curr_cost=126759.48 repos_cost=- best_other=192156.21 met_progress=Y steps_since_improve=13 switches=1
[STEP] step=17 mode=c3 t=0.170s ee=(+0.011,+0.001,+0.200) obj=(-0.000,-0.000,+0.050) goal_dist=0.300m switch=kStayInC3 c3_cost=126759.48 lam_n=0.000 lam_t=0.000 contact=N productive=N f_cmd=(+2.00,-0.00,-0.00)
[GATE-EVOLVE] step=17 curr=126759.48 best_other=192156.21 ratio=0.6597 ee_to_optimal=0.0638m phi=0.0754m
[DRAKE-CONTACT] step=17 n_pairs=1 ee_box_normal=0.000
[GATE-CONTACT] step=17 F_W=(+0.0000,+0.0000,+0.0000) F_on_box=(-0.0000,-0.0000,-0.0000) n_face_out=(-0.0000,-0.0000,-0.0000) A_is_ee=0 box_q=(+1.00000,+0.00001,-0.00001,+0.00000) box_p=(-0.00000,-0.00000,+0.04999) ee_p=(+0.01117,+0.00099,+0.20036)
[EErel] along_push=-0.012m (neg=correct)  perp=0.001m  ee_to_box=0.012m  stage=3  obj=[-0. -0.]  g_hat=[-1.  0.]
[proxy] err=0.160m  effective=[ 0.068 -0.     0.05 ]
[ADMM-C3+] primal: 5.7461->3.8743  dual: 74.8587->83.4152  mono=False  iters=25/25  rho=25.0
[ADMM-C3+] WARNING non-converged: pr=3.8743 dr=83.4152 tol=1e-03
[C3+] step=98 |u[0]|=34.12Nm λ_n_max=0.000 η_n_max=0.740 primal=3.874 iters=25/25
[EErel] along_push=-0.012m (neg=correct)  perp=0.001m  ee_to_box=0.012m  stage=3  obj=[-0. -0.]  g_hat=[-1.  0.]
[proxy] err=0.160m  effective=[ 0.068 -0.     0.05 ]
[ADMM-C3+] primal: 5.7461->3.8743  dual: 74.8587->83.4152  mono=False  iters=25/25  rho=25.0
[ADMM-C3+] WARNING non-converged: pr=3.8743 dr=83.4152 tol=1e-03
[C3+] step=103 |u[0]|=33.25Nm λ_n_max=0.000 η_n_max=0.740 primal=3.874 iters=25/25
[CONTACT-RUN] step=18 nhat_BA_W=[+0.000,+0.000,+0.000] p_BCb=[+0.000,+0.000,+0.000] distance=+1.00000 contact_type=NONE
[X-SEQ-PROBE] step=18 x0_box=(-0.00000,-0.00000,+0.04999) x1_box=(-0.00015,-0.00042,+0.02547) x1_box_v=(-0.00146,-0.00698,-0.49050) dt=0.050
[APPROACH-OVERRIDE] step=18 phase=A_lift_trav face_axis=0 face_sign=+1 face_score=+1.000 surf_dist=0.1301m advance=0.0100m target=(+0.1000,-0.0000,+0.2004) p_ee_des=(+0.0220,+0.0008,+0.2004)
[VFF] step=18 mode=c3 alpha=0.000 v_des=(+0.0000,+0.0000,+0.0000) |v_des|=0.0000 sat=0 util_max=0.006@j0
[OSC-FORCE] step=18 mode=c3 lam_des=2.000 lam_ext=2.000
[GS] step=18 mode=c3 switch=kStayInC3 best_k=0 best_src=current curr_cost=126762.97 repos_cost=- best_other=192064.50 met_progress=Y steps_since_improve=14 switches=1
[STEP] step=18 mode=c3 t=0.180s ee=(+0.012,+0.001,+0.200) obj=(-0.000,-0.000,+0.050) goal_dist=0.300m switch=kStayInC3 c3_cost=126762.97 lam_n=0.000 lam_t=0.000 contact=N productive=N f_cmd=(+2.00,-0.00,-0.00)
[GATE-EVOLVE] step=18 curr=126762.97 best_other=192064.50 ratio=0.6600 ee_to_optimal=0.0630m phi=0.0754m
[DRAKE-CONTACT] step=18 n_pairs=1 ee_box_normal=0.000
[GATE-CONTACT] step=18 F_W=(+0.0000,+0.0000,+0.0000) F_on_box=(-0.0000,-0.0000,-0.0000) n_face_out=(-0.0000,-0.0000,-0.0000) A_is_ee=0 box_q=(+1.00000,+0.00001,-0.00001,+0.00000) box_p=(-0.00000,-0.00000,+0.04999) ee_p=(+0.01201,+0.00093,+0.20037)
[EErel] along_push=-0.013m (neg=correct)  perp=0.001m  ee_to_box=0.013m  stage=3  obj=[0. 0.]  g_hat=[-1. -0.]
[proxy] err=0.161m  effective=[ 0.069 -0.     0.05 ]
[ADMM-C3+] primal: 6.1274->4.9359  dual: 109.8105->80.3187  mono=False  iters=25/25  rho=25.0
[ADMM-C3+] WARNING non-converged: pr=4.9359 dr=80.3187 tol=1e-03
[C3+] step=104 |u[0]|=34.11Nm λ_n_max=1.058 η_n_max=1.279 primal=4.936 iters=25/25
[EErel] along_push=-0.013m (neg=correct)  perp=0.001m  ee_to_box=0.013m  stage=3  obj=[0. 0.]  g_hat=[-1. -0.]
[proxy] err=0.161m  effective=[ 0.069 -0.     0.05 ]
[ADMM-C3+] primal: 6.1274->4.9359  dual: 109.8105->80.3187  mono=False  iters=25/25  rho=25.0
[ADMM-C3+] WARNING non-converged: pr=4.9359 dr=80.3187 tol=1e-03
[C3+] step=109 |u[0]|=33.21Nm λ_n_max=1.058 η_n_max=1.279 primal=4.936 iters=25/25
[CONTACT-RUN] step=19 nhat_BA_W=[+0.000,+0.000,+0.000] p_BCb=[+0.000,+0.000,+0.000] distance=+1.00000 contact_type=NONE
[X-SEQ-PROBE] step=19 x0_box=(+0.00000,+0.00000,+0.04999) x1_box=(-0.01168,-0.00110,+0.02547) x1_box_v=(-0.23502,-0.02352,-0.49050) dt=0.050
[APPROACH-OVERRIDE] step=19 phase=A_lift_trav face_axis=0 face_sign=+1 face_score=+1.000 surf_dist=0.1299m advance=0.0100m target=(+0.1000,+0.0000,+0.2004) p_ee_des=(+0.0229,+0.0008,+0.2004)
[VFF] step=19 mode=c3 alpha=0.000 v_des=(+0.0000,+0.0000,+0.0000) |v_des|=0.0000 sat=0 util_max=0.006@j0
[OSC-FORCE] step=19 mode=c3 lam_des=2.000 lam_ext=2.000
[GS] step=19 mode=c3 switch=kStayInC3 best_k=0 best_src=current curr_cost=104050.33 repos_cost=- best_other=173195.86 met_progress=Y steps_since_improve=15 switches=1
[STEP] step=19 mode=c3 t=0.190s ee=(+0.013,+0.001,+0.200) obj=(+0.000,+0.000,+0.050) goal_dist=0.300m switch=kStayInC3 c3_cost=104050.33 lam_n=0.000 lam_t=0.000 contact=N productive=N f_cmd=(+2.00,+0.00,-0.00)
[GATE-EVOLVE] step=19 curr=104050.33 best_other=173195.86 ratio=0.6008 ee_to_optimal=0.0621m phi=0.0754m
[DRAKE-CONTACT] step=19 n_pairs=1 ee_box_normal=0.000
[GATE-CONTACT] step=19 F_W=(+0.0000,+0.0000,+0.0000) F_on_box=(-0.0000,-0.0000,-0.0000) n_face_out=(-0.0000,-0.0000,-0.0000) A_is_ee=0 box_q=(+1.00000,-0.00001,+0.00001,+0.00000) box_p=(+0.00000,+0.00000,+0.04999) ee_p=(+0.01294,+0.00086,+0.20039)
[EErel] along_push=-0.014m (neg=correct)  perp=0.001m  ee_to_box=0.014m  stage=3  obj=[0. 0.]  g_hat=[-1. -0.]
[proxy] err=0.161m  effective=[ 0.071 -0.     0.05 ]
[ADMM-C3+] primal: 6.1274->4.9359  dual: 109.8105->80.3187  mono=False  iters=25/25  rho=25.0
[ADMM-C3+] WARNING non-converged: pr=4.9359 dr=80.3187 tol=1e-03
[C3+] step=110 |u[0]|=34.10Nm λ_n_max=1.058 η_n_max=1.279 primal=4.936 iters=25/25
[EErel] along_push=-0.014m (neg=correct)  perp=0.001m  ee_to_box=0.014m  stage=3  obj=[0. 0.]  g_hat=[-1. -0.]
[proxy] err=0.161m  effective=[ 0.071 -0.     0.05 ]
[ADMM-C3+] primal: 6.1274->4.9359  dual: 109.8105->80.3187  mono=False  iters=25/25  rho=25.0
[ADMM-C3+] WARNING non-converged: pr=4.9359 dr=80.3187 tol=1e-03
[C3+] step=115 |u[0]|=33.18Nm λ_n_max=1.058 η_n_max=1.279 primal=4.936 iters=25/25
[CONTACT-RUN] step=20 nhat_BA_W=[+0.000,+0.000,+0.000] p_BCb=[+0.000,+0.000,+0.000] distance=+1.00000 contact_type=NONE
[X-SEQ-PROBE] step=20 x0_box=(+0.00000,+0.00000,+0.04999) x1_box=(-0.01168,-0.00110,+0.02547) x1_box_v=(-0.23502,-0.02352,-0.49050) dt=0.050
[APPROACH-OVERRIDE] step=20 phase=A_lift_trav face_axis=0 face_sign=+1 face_score=+1.000 surf_dist=0.1297m advance=0.0100m target=(+0.1000,+0.0000,+0.2004) p_ee_des=(+0.0238,+0.0007,+0.2004)
[VFF] step=20 mode=c3 alpha=0.000 v_des=(+0.0000,+0.0000,+0.0000) |v_des|=0.0000 sat=0 util_max=0.005@j0
[OSC-FORCE] step=20 mode=c3 lam_des=2.000 lam_ext=2.000
[IMP] step=20 mode=c3 |x_err|=0.0100m |tau_imp|=0.57Nm |tau_ff|=1.20Nm |tau_out|=0.57Nm sat=False lam_n=True lam_t=True
[GS] step=20 mode=c3 switch=kStayInC3 best_k=0 best_src=current curr_cost=104053.88 repos_cost=- best_other=173128.15 met_progress=Y steps_since_improve=16 switches=1
[STEP] step=20 mode=c3 t=0.200s ee=(+0.014,+0.001,+0.200) obj=(+0.000,+0.000,+0.050) goal_dist=0.300m switch=kStayInC3 c3_cost=104053.88 lam_n=0.000 lam_t=0.000 contact=N productive=N f_cmd=(+2.00,+0.00,-0.00)
[GATE-EVOLVE] step=20 curr=104053.88 best_other=173128.15 ratio=0.6010 ee_to_optimal=0.0612m phi=0.0754m
[GS-table] step=20
  k=0 (current   ) pos=(+0.014,+0.001,+0.200) c_C3= 134053.88 align=1.0000(bonus=30000.00) rot=+0.0000(bonus=    0.00) travel=0.000m(pen=  0.00) c_sample= 104053.88 feas=Y ik_err=0.0000m  ← WIN
  k=1 (strat_0   ) pos=(+0.048,-0.080,+0.030) c_C3= 193665.39 align=0.0000(bonus=    0.00) rot=+0.0000(bonus=    0.00) travel=0.192m(pen= 38.32) c_sample= 193703.71 feas=Y ik_err=0.0001m
  k=2 (strat_1   ) pos=(+0.011,-0.080,+0.030) c_C3= 193433.10 align=0.0000(bonus=    0.00) rot=+0.0000(bonus=    0.00) travel=0.189m(pen= 37.72) c_sample= 193470.82 feas=Y ik_err=0.0001m
  k=3 (strat_2   ) pos=(+0.080,-0.002,+0.030) c_C3= 203091.58 align=1.0000(bonus=30000.00) rot=+0.0000(bonus=    0.00) travel=0.183m(pen= 36.57) c_sample= 173128.15 feas=Y ik_err=0.0002m
  k=4 (buffer    ) pos=(+0.080,-0.002,+0.030) c_C3= 203091.58 align=1.0000(bonus=30000.00) rot=+0.0000(bonus=    0.00) travel=0.183m(pen= 36.57) c_sample= 173128.15 feas=Y ik_err=0.0002m
[DRAKE-CONTACT] step=20 n_pairs=1 ee_box_normal=0.000
[GATE-CONTACT] step=20 F_W=(+0.0000,+0.0000,+0.0000) F_on_box=(-0.0000,-0.0000,-0.0000) n_face_out=(-0.0000,-0.0000,-0.0000) A_is_ee=0 box_q=(+1.00000,-0.00001,+0.00001,+0.00000) box_p=(+0.00000,+0.00000,+0.04999) ee_p=(+0.01378,+0.00080,+0.20040)
[EErel] along_push=-0.015m (neg=correct)  perp=0.001m  ee_to_box=0.015m  stage=3  obj=[0. 0.]  g_hat=[-1. -0.]
[proxy] err=0.161m  effective=[ 0.072 -0.     0.05 ]
[ADMM-C3+] primal: 6.1274->4.9359  dual: 109.8105->80.3187  mono=False  iters=25/25  rho=25.0
[ADMM-C3+] WARNING non-converged: pr=4.9359 dr=80.3187 tol=1e-03
[C3+] step=116 |u[0]|=34.09Nm λ_n_max=1.058 η_n_max=1.279 primal=4.936 iters=25/25
[EErel] along_push=-0.015m (neg=correct)  perp=0.001m  ee_to_box=0.015m  stage=3  obj=[0. 0.]  g_hat=[-1. -0.]
[proxy] err=0.161m  effective=[ 0.072 -0.     0.05 ]
[ADMM-C3+] primal: 6.1274->4.9359  dual: 109.8105->80.3187  mono=False  iters=25/25  rho=25.0
[ADMM-C3+] WARNING non-converged: pr=4.9359 dr=80.3187 tol=1e-03
[C3+] step=121 |u[0]|=33.14Nm λ_n_max=1.058 η_n_max=1.279 primal=4.936 iters=25/25
[CONTACT-RUN] step=21 nhat_BA_W=[+0.000,+0.000,+0.000] p_BCb=[+0.000,+0.000,+0.000] distance=+1.00000 contact_type=NONE
[X-SEQ-PROBE] step=21 x0_box=(+0.00000,+0.00000,+0.04999) x1_box=(-0.01168,-0.00110,+0.02547) x1_box_v=(-0.23502,-0.02352,-0.49050) dt=0.050
[APPROACH-OVERRIDE] step=21 phase=A_lift_trav face_axis=0 face_sign=+1 face_score=+1.000 surf_dist=0.1295m advance=0.0100m target=(+0.1000,+0.0000,+0.2004) p_ee_des=(+0.0246,+0.0006,+0.2004)
[VFF] step=21 mode=c3 alpha=0.000 v_des=(+0.0000,+0.0000,+0.0000) |v_des|=0.0000 sat=0 util_max=0.005@j0
[OSC-FORCE] step=21 mode=c3 lam_des=2.000 lam_ext=2.000
[GS] step=21 mode=c3 switch=kStayInC3 best_k=0 best_src=current curr_cost=104057.46 repos_cost=- best_other=173071.42 met_progress=Y steps_since_improve=17 switches=1
[STEP] step=21 mode=c3 t=0.210s ee=(+0.015,+0.001,+0.200) obj=(+0.000,+0.000,+0.050) goal_dist=0.300m switch=kStayInC3 c3_cost=104057.46 lam_n=0.000 lam_t=0.000 contact=N productive=N f_cmd=(+2.00,+0.00,-0.00)
[GATE-EVOLVE] step=21 curr=104057.46 best_other=173071.42 ratio=0.6012 ee_to_optimal=0.0604m phi=0.0754m
[DRAKE-CONTACT] step=21 n_pairs=1 ee_box_normal=0.000
[GATE-CONTACT] step=21 F_W=(+0.0000,+0.0000,+0.0000) F_on_box=(-0.0000,-0.0000,-0.0000) n_face_out=(-0.0000,-0.0000,-0.0000) A_is_ee=0 box_q=(+1.00000,-0.00001,+0.00001,+0.00000) box_p=(+0.00000,+0.00000,+0.04999) ee_p=(+0.01462,+0.00074,+0.20041)
[EErel] along_push=-0.015m (neg=correct)  perp=0.001m  ee_to_box=0.015m  stage=3  obj=[0. 0.]  g_hat=[-1. -0.]
[proxy] err=0.161m  effective=[ 0.073 -0.     0.05 ]
[ADMM-C3+] primal: 6.1274->4.9359  dual: 109.8105->80.3187  mono=False  iters=25/25  rho=25.0
[ADMM-C3+] WARNING non-converged: pr=4.9359 dr=80.3187 tol=1e-03
[C3+] step=122 |u[0]|=34.08Nm λ_n_max=1.058 η_n_max=1.279 primal=4.936 iters=25/25
[EErel] along_push=-0.015m (neg=correct)  perp=0.001m  ee_to_box=0.015m  stage=3  obj=[0. 0.]  g_hat=[-1. -0.]
[proxy] err=0.161m  effective=[ 0.073 -0.     0.05 ]
[ADMM-C3+] primal: 6.1274->4.9359  dual: 109.8105->80.3187  mono=False  iters=25/25  rho=25.0
[ADMM-C3+] WARNING non-converged: pr=4.9359 dr=80.3187 tol=1e-03
[C3+] step=127 |u[0]|=33.11Nm λ_n_max=1.058 η_n_max=1.279 primal=4.936 iters=25/25
[CONTACT-RUN] step=22 nhat_BA_W=[+0.000,+0.000,+0.000] p_BCb=[+0.000,+0.000,+0.000] distance=+1.00000 contact_type=NONE
[X-SEQ-PROBE] step=22 x0_box=(+0.00000,+0.00000,+0.04999) x1_box=(-0.01168,-0.00110,+0.02547) x1_box_v=(-0.23502,-0.02352,-0.49050) dt=0.050
[APPROACH-OVERRIDE] step=22 phase=A_lift_trav face_axis=0 face_sign=+1 face_score=+1.000 surf_dist=0.1294m advance=0.0100m target=(+0.1000,+0.0000,+0.2004) p_ee_des=(+0.0255,+0.0006,+0.2004)
[VFF] step=22 mode=c3 alpha=0.000 v_des=(+0.0000,+0.0000,+0.0000) |v_des|=0.0000 sat=0 util_max=0.005@j0
[OSC-FORCE] step=22 mode=c3 lam_des=2.000 lam_ext=2.000
[GS] step=22 mode=c3 switch=kStayInC3 best_k=0 best_src=current curr_cost=104061.07 repos_cost=- best_other=173025.25 met_progress=Y steps_since_improve=18 switches=1
[STEP] step=22 mode=c3 t=0.220s ee=(+0.015,+0.001,+0.200) obj=(+0.000,+0.000,+0.050) goal_dist=0.300m switch=kStayInC3 c3_cost=104061.07 lam_n=0.000 lam_t=0.000 contact=N productive=N f_cmd=(+2.00,+0.00,-0.00)
[GATE-EVOLVE] step=22 curr=104061.07 best_other=173025.25 ratio=0.6014 ee_to_optimal=0.0595m phi=0.0754m
[DRAKE-CONTACT] step=22 n_pairs=1 ee_box_normal=0.000
[GATE-CONTACT] step=22 F_W=(+0.0000,+0.0000,+0.0000) F_on_box=(-0.0000,-0.0000,-0.0000) n_face_out=(-0.0000,-0.0000,-0.0000) A_is_ee=0 box_q=(+1.00000,-0.00001,+0.00001,+0.00000) box_p=(+0.00000,+0.00000,+0.04999) ee_p=(+0.01546,+0.00068,+0.20043)
[EErel] along_push=-0.016m (neg=correct)  perp=0.001m  ee_to_box=0.016m  stage=3  obj=[0. 0.]  g_hat=[-1. -0.]
[proxy] err=0.161m  effective=[ 0.074 -0.     0.05 ]
[ADMM-C3+] primal: 6.1274->4.9359  dual: 109.8105->80.3187  mono=False  iters=25/25  rho=25.0
[ADMM-C3+] WARNING non-converged: pr=4.9359 dr=80.3187 tol=1e-03
[C3+] step=128 |u[0]|=34.07Nm λ_n_max=1.058 η_n_max=1.279 primal=4.936 iters=25/25
[EErel] along_push=-0.016m (neg=correct)  perp=0.001m  ee_to_box=0.016m  stage=3  obj=[0. 0.]  g_hat=[-1. -0.]
[proxy] err=0.161m  effective=[ 0.074 -0.     0.05 ]
[ADMM-C3+] primal: 6.1274->4.9359  dual: 109.8105->80.3187  mono=False  iters=25/25  rho=25.0
[ADMM-C3+] WARNING non-converged: pr=4.9359 dr=80.3187 tol=1e-03
[C3+] step=133 |u[0]|=33.08Nm λ_n_max=1.058 η_n_max=1.279 primal=4.936 iters=25/25
[CONTACT-RUN] step=23 nhat_BA_W=[+0.000,+0.000,+0.000] p_BCb=[+0.000,+0.000,+0.000] distance=+1.00000 contact_type=NONE
[X-SEQ-PROBE] step=23 x0_box=(+0.00000,+0.00000,+0.04999) x1_box=(-0.01168,-0.00110,+0.02547) x1_box_v=(-0.23502,-0.02352,-0.49050) dt=0.050
[APPROACH-OVERRIDE] step=23 phase=A_lift_trav face_axis=0 face_sign=+1 face_score=+1.000 surf_dist=0.1292m advance=0.0100m target=(+0.1000,+0.0000,+0.2004) p_ee_des=(+0.0263,+0.0005,+0.2004)
[VFF] step=23 mode=c3 alpha=0.000 v_des=(+0.0000,+0.0000,+0.0000) |v_des|=0.0000 sat=0 util_max=0.004@j0
[OSC-FORCE] step=23 mode=c3 lam_des=2.000 lam_ext=2.000
[GS] step=23 mode=c3 switch=kStayInC3 best_k=0 best_src=current curr_cost=104064.70 repos_cost=- best_other=172989.26 met_progress=Y steps_since_improve=19 switches=1
[STEP] step=23 mode=c3 t=0.230s ee=(+0.016,+0.001,+0.200) obj=(+0.000,+0.000,+0.050) goal_dist=0.300m switch=kStayInC3 c3_cost=104064.70 lam_n=0.000 lam_t=0.000 contact=N productive=N f_cmd=(+2.00,+0.00,-0.00)
[GATE-EVOLVE] step=23 curr=104064.70 best_other=172989.26 ratio=0.6016 ee_to_optimal=0.0587m phi=0.0754m
[DRAKE-CONTACT] step=23 n_pairs=1 ee_box_normal=0.000
[GATE-CONTACT] step=23 F_W=(+0.0000,+0.0000,+0.0000) F_on_box=(-0.0000,-0.0000,-0.0000) n_face_out=(-0.0000,-0.0000,-0.0000) A_is_ee=0 box_q=(+1.00000,-0.00001,+0.00001,+0.00000) box_p=(+0.00000,+0.00000,+0.04999) ee_p=(+0.01630,+0.00062,+0.20044)
[EErel] along_push=-0.017m (neg=correct)  perp=0.001m  ee_to_box=0.017m  stage=3  obj=[0. 0.]  g_hat=[-1. -0.]
[proxy] err=0.161m  effective=[ 0.076 -0.     0.05 ]
[ADMM-C3+] primal: 6.1274->4.9359  dual: 109.8105->80.3187  mono=False  iters=25/25  rho=25.0
[ADMM-C3+] WARNING non-converged: pr=4.9359 dr=80.3187 tol=1e-03
[C3+] step=134 |u[0]|=34.07Nm λ_n_max=1.058 η_n_max=1.279 primal=4.936 iters=25/25
[EErel] along_push=-0.017m (neg=correct)  perp=0.001m  ee_to_box=0.017m  stage=3  obj=[0. 0.]  g_hat=[-1. -0.]
[proxy] err=0.161m  effective=[ 0.076 -0.     0.05 ]
[ADMM-C3+] primal: 6.1274->4.9359  dual: 109.8105->80.3187  mono=False  iters=25/25  rho=25.0
[ADMM-C3+] WARNING non-converged: pr=4.9359 dr=80.3187 tol=1e-03
[C3+] step=139 |u[0]|=33.05Nm λ_n_max=1.058 η_n_max=1.279 primal=4.936 iters=25/25
[CONTACT-RUN] step=24 nhat_BA_W=[+0.000,+0.000,+0.000] p_BCb=[+0.000,+0.000,+0.000] distance=+1.00000 contact_type=NONE
[X-SEQ-PROBE] step=24 x0_box=(+0.00000,+0.00000,+0.04999) x1_box=(-0.01168,-0.00110,+0.02547) x1_box_v=(-0.23502,-0.02352,-0.49050) dt=0.050
[APPROACH-OVERRIDE] step=24 phase=A_lift_trav face_axis=0 face_sign=+1 face_score=+1.000 surf_dist=0.1290m advance=0.0100m target=(+0.1000,+0.0000,+0.2005) p_ee_des=(+0.0271,+0.0005,+0.2005)
[VFF] step=24 mode=c3 alpha=0.000 v_des=(+0.0000,+0.0000,+0.0000) |v_des|=0.0000 sat=0 util_max=0.004@j0
[OSC-FORCE] step=24 mode=c3 lam_des=2.000 lam_ext=2.000
[GS] step=24 mode=c3 switch=kStayInC3 best_k=0 best_src=current curr_cost=104068.36 repos_cost=- best_other=172963.08 met_progress=Y steps_since_improve=20 switches=1
[STEP] step=24 mode=c3 t=0.240s ee=(+0.017,+0.001,+0.200) obj=(+0.000,+0.000,+0.050) goal_dist=0.300m switch=kStayInC3 c3_cost=104068.36 lam_n=0.000 lam_t=0.000 contact=N productive=N f_cmd=(+2.00,+0.00,-0.00)
[GATE-EVOLVE] step=24 curr=104068.36 best_other=172963.08 ratio=0.6017 ee_to_optimal=0.0579m phi=0.0755m
[DRAKE-CONTACT] step=24 n_pairs=1 ee_box_normal=0.000
[GATE-CONTACT] step=24 F_W=(+0.0000,+0.0000,+0.0000) F_on_box=(-0.0000,-0.0000,-0.0000) n_face_out=(-0.0000,-0.0000,-0.0000) A_is_ee=0 box_q=(+1.00000,-0.00001,+0.00001,+0.00000) box_p=(+0.00000,+0.00000,+0.04999) ee_p=(+0.01715,+0.00056,+0.20045)
[EErel] along_push=-0.018m (neg=correct)  perp=0.000m  ee_to_box=0.018m  stage=3  obj=[0. 0.]  g_hat=[-1. -0.]
[proxy] err=0.162m  effective=[ 0.077 -0.     0.05 ]
[ADMM-C3+] primal: 6.1274->4.9359  dual: 109.8105->80.3187  mono=False  iters=25/25  rho=25.0
[ADMM-C3+] WARNING non-converged: pr=4.9359 dr=80.3187 tol=1e-03
[C3+] step=140 |u[0]|=34.06Nm λ_n_max=1.058 η_n_max=1.279 primal=4.936 iters=25/25
[EErel] along_push=-0.018m (neg=correct)  perp=0.000m  ee_to_box=0.018m  stage=3  obj=[0. 0.]  g_hat=[-1. -0.]
[proxy] err=0.162m  effective=[ 0.077 -0.     0.05 ]
[ADMM-C3+] primal: 6.1274->4.9359  dual: 109.8105->80.3187  mono=False  iters=25/25  rho=25.0
[ADMM-C3+] WARNING non-converged: pr=4.9359 dr=80.3187 tol=1e-03
[C3+] step=145 |u[0]|=33.03Nm λ_n_max=1.058 η_n_max=1.279 primal=4.936 iters=25/25
[CONTACT-RUN] step=25 nhat_BA_W=[+0.000,+0.000,+0.000] p_BCb=[+0.000,+0.000,+0.000] distance=+1.00000 contact_type=NONE
[X-SEQ-PROBE] step=25 x0_box=(+0.00000,+0.00000,+0.04999) x1_box=(-0.01168,-0.00110,+0.02547) x1_box_v=(-0.23502,-0.02352,-0.49050) dt=0.050
[APPROACH-OVERRIDE] step=25 phase=A_lift_trav face_axis=0 face_sign=+1 face_score=+1.000 surf_dist=0.1288m advance=0.0100m target=(+0.1000,+0.0000,+0.2005) p_ee_des=(+0.0280,+0.0004,+0.2005)
[VFF] step=25 mode=c3 alpha=0.000 v_des=(+0.0000,+0.0000,+0.0000) |v_des|=0.0000 sat=0 util_max=0.003@j0
[OSC-FORCE] step=25 mode=c3 lam_des=2.000 lam_ext=2.000
[GS] step=25 mode=c3 switch=kStayInC3 best_k=0 best_src=current curr_cost=104072.03 repos_cost=- best_other=172946.40 met_progress=Y steps_since_improve=21 switches=1
[STEP] step=25 mode=c3 t=0.250s ee=(+0.018,+0.000,+0.200) obj=(+0.000,+0.000,+0.050) goal_dist=0.300m switch=kStayInC3 c3_cost=104072.03 lam_n=0.000 lam_t=0.000 contact=N productive=N f_cmd=(+2.00,+0.00,-0.00)
[GATE-EVOLVE] step=25 curr=104072.03 best_other=172946.40 ratio=0.6018 ee_to_optimal=0.0570m phi=0.0755m
[DRAKE-CONTACT] step=25 n_pairs=1 ee_box_normal=0.000
[GATE-CONTACT] step=25 F_W=(+0.0000,+0.0000,+0.0000) F_on_box=(-0.0000,-0.0000,-0.0000) n_face_out=(-0.0000,-0.0000,-0.0000) A_is_ee=0 box_q=(+1.00000,-0.00001,+0.00001,+0.00000) box_p=(+0.00000,+0.00000,+0.04999) ee_p=(+0.01799,+0.00050,+0.20047)
[EErel] along_push=-0.019m (neg=correct)  perp=0.000m  ee_to_box=0.019m  stage=3  obj=[0. 0.]  g_hat=[-1. -0.]
[proxy] err=0.162m  effective=[ 0.078 -0.     0.05 ]
[ADMM-C3+] primal: 6.1274->4.9359  dual: 109.8105->80.3187  mono=False  iters=25/25  rho=25.0
[ADMM-C3+] WARNING non-converged: pr=4.9359 dr=80.3187 tol=1e-03
[C3+] step=146 |u[0]|=34.06Nm λ_n_max=1.058 η_n_max=1.279 primal=4.936 iters=25/25
[EErel] along_push=-0.019m (neg=correct)  perp=0.000m  ee_to_box=0.019m  stage=3  obj=[0. 0.]  g_hat=[-1. -0.]
[proxy] err=0.162m  effective=[ 0.078 -0.     0.05 ]
[ADMM-C3+] primal: 6.1274->4.9359  dual: 109.8105->80.3187  mono=False  iters=25/25  rho=25.0
[ADMM-C3+] WARNING non-converged: pr=4.9359 dr=80.3187 tol=1e-03
[C3+] step=151 |u[0]|=33.01Nm λ_n_max=1.058 η_n_max=1.279 primal=4.936 iters=25/25
[CONTACT-RUN] step=26 nhat_BA_W=[+0.000,+0.000,+0.000] p_BCb=[+0.000,+0.000,+0.000] distance=+1.00000 contact_type=NONE
[X-SEQ-PROBE] step=26 x0_box=(+0.00000,+0.00000,+0.04999) x1_box=(-0.01168,-0.00110,+0.02547) x1_box_v=(-0.23502,-0.02352,-0.49050) dt=0.050
[APPROACH-OVERRIDE] step=26 phase=A_lift_trav face_axis=0 face_sign=+1 face_score=+1.000 surf_dist=0.1287m advance=0.0100m target=(+0.1000,+0.0000,+0.2005) p_ee_des=(+0.0288,+0.0004,+0.2005)
[VFF] step=26 mode=c3 alpha=0.000 v_des=(+0.0000,+0.0000,+0.0000) |v_des|=0.0000 sat=0 util_max=0.003@j5
[OSC-FORCE] step=26 mode=c3 lam_des=2.000 lam_ext=2.000
[GS] step=26 mode=c3 switch=kStayInC3 best_k=0 best_src=current curr_cost=104075.74 repos_cost=- best_other=172938.88 met_progress=Y steps_since_improve=22 switches=1
[STEP] step=26 mode=c3 t=0.260s ee=(+0.019,+0.000,+0.200) obj=(+0.000,+0.000,+0.050) goal_dist=0.300m switch=kStayInC3 c3_cost=104075.74 lam_n=0.000 lam_t=0.000 contact=N productive=N f_cmd=(+2.00,+0.00,-0.00)
[GATE-EVOLVE] step=26 curr=104075.74 best_other=172938.88 ratio=0.6018 ee_to_optimal=0.0562m phi=0.0755m
[DRAKE-CONTACT] step=26 n_pairs=1 ee_box_normal=0.000
[GATE-CONTACT] step=26 F_W=(+0.0000,+0.0000,+0.0000) F_on_box=(-0.0000,-0.0000,-0.0000) n_face_out=(-0.0000,-0.0000,-0.0000) A_is_ee=0 box_q=(+1.00000,-0.00001,+0.00001,+0.00000) box_p=(+0.00000,+0.00000,+0.04999) ee_p=(+0.01883,+0.00044,+0.20048)
[EErel] along_push=-0.020m (neg=correct)  perp=0.000m  ee_to_box=0.020m  stage=3  obj=[0. 0.]  g_hat=[-1. -0.]
[proxy] err=0.162m  effective=[ 0.08 -0.    0.05]
[ADMM-C3+] primal: 6.1274->4.9359  dual: 109.8105->80.3187  mono=False  iters=25/25  rho=25.0
[ADMM-C3+] WARNING non-converged: pr=4.9359 dr=80.3187 tol=1e-03
[C3+] step=152 |u[0]|=34.05Nm λ_n_max=1.058 η_n_max=1.279 primal=4.936 iters=25/25
[EErel] along_push=-0.020m (neg=correct)  perp=0.000m  ee_to_box=0.020m  stage=3  obj=[0. 0.]  g_hat=[-1. -0.]
[proxy] err=0.162m  effective=[ 0.08 -0.    0.05]
[ADMM-C3+] primal: 6.1274->4.9359  dual: 109.8105->80.3187  mono=False  iters=25/25  rho=25.0
[ADMM-C3+] WARNING non-converged: pr=4.9359 dr=80.3187 tol=1e-03
[C3+] step=157 |u[0]|=32.99Nm λ_n_max=1.058 η_n_max=1.279 primal=4.936 iters=25/25
[CONTACT-RUN] step=27 nhat_BA_W=[+0.000,+0.000,+0.000] p_BCb=[+0.000,+0.000,+0.000] distance=+1.00000 contact_type=NONE
[X-SEQ-PROBE] step=27 x0_box=(+0.00000,+0.00000,+0.04999) x1_box=(-0.01168,-0.00110,+0.02547) x1_box_v=(-0.23502,-0.02352,-0.49050) dt=0.050
[APPROACH-OVERRIDE] step=27 phase=A_lift_trav face_axis=0 face_sign=+1 face_score=+1.000 surf_dist=0.1285m advance=0.0100m target=(+0.1000,+0.0000,+0.2005) p_ee_des=(+0.0297,+0.0003,+0.2005)
[VFF] step=27 mode=c3 alpha=0.000 v_des=(+0.0000,+0.0000,+0.0000) |v_des|=0.0000 sat=0 util_max=0.003@j5
[OSC-FORCE] step=27 mode=c3 lam_des=2.000 lam_ext=2.000
[GS] step=27 mode=c3 switch=kStayInC3 best_k=0 best_src=current curr_cost=104079.46 repos_cost=- best_other=172940.23 met_progress=Y steps_since_improve=23 switches=1
[STEP] step=27 mode=c3 t=0.270s ee=(+0.020,+0.000,+0.200) obj=(+0.000,+0.000,+0.050) goal_dist=0.300m switch=kStayInC3 c3_cost=104079.46 lam_n=0.000 lam_t=0.000 contact=N productive=N f_cmd=(+2.00,+0.00,-0.00)
[GATE-EVOLVE] step=27 curr=104079.46 best_other=172940.23 ratio=0.6018 ee_to_optimal=0.0553m phi=0.0755m
[DRAKE-CONTACT] step=27 n_pairs=1 ee_box_normal=0.000
[GATE-CONTACT] step=27 F_W=(+0.0000,+0.0000,+0.0000) F_on_box=(-0.0000,-0.0000,-0.0000) n_face_out=(-0.0000,-0.0000,-0.0000) A_is_ee=0 box_q=(+1.00000,-0.00001,+0.00001,+0.00000) box_p=(+0.00000,+0.00000,+0.04999) ee_p=(+0.01967,+0.00039,+0.20050)
[EErel] along_push=-0.021m (neg=correct)  perp=0.000m  ee_to_box=0.021m  stage=3  obj=[0. 0.]  g_hat=[-1. -0.]
[proxy] err=0.162m  effective=[ 0.081 -0.     0.05 ]
[ADMM-C3+] primal: 6.1274->4.9359  dual: 109.8105->80.3187  mono=False  iters=25/25  rho=25.0
[ADMM-C3+] WARNING non-converged: pr=4.9359 dr=80.3187 tol=1e-03
[C3+] step=158 |u[0]|=34.05Nm λ_n_max=1.058 η_n_max=1.279 primal=4.936 iters=25/25
[EErel] along_push=-0.021m (neg=correct)  perp=0.000m  ee_to_box=0.021m  stage=3  obj=[0. 0.]  g_hat=[-1. -0.]
[proxy] err=0.162m  effective=[ 0.081 -0.     0.05 ]
[ADMM-C3+] primal: 6.1274->4.9359  dual: 109.8105->80.3187  mono=False  iters=25/25  rho=25.0
[ADMM-C3+] WARNING non-converged: pr=4.9359 dr=80.3187 tol=1e-03
[C3+] step=163 |u[0]|=32.97Nm λ_n_max=1.058 η_n_max=1.279 primal=4.936 iters=25/25
[CONTACT-RUN] step=28 nhat_BA_W=[+0.000,+0.000,+0.000] p_BCb=[+0.000,+0.000,+0.000] distance=+1.00000 contact_type=NONE
[X-SEQ-PROBE] step=28 x0_box=(+0.00000,+0.00000,+0.04999) x1_box=(-0.01168,-0.00110,+0.02547) x1_box_v=(-0.23502,-0.02352,-0.49050) dt=0.050
[APPROACH-OVERRIDE] step=28 phase=A_lift_trav face_axis=0 face_sign=+1 face_score=+1.000 surf_dist=0.1284m advance=0.0100m target=(+0.1000,+0.0000,+0.2005) p_ee_des=(+0.0305,+0.0003,+0.2005)
[VFF] step=28 mode=c3 alpha=0.000 v_des=(+0.0000,+0.0000,+0.0000) |v_des|=0.0000 sat=0 util_max=0.002@j5
[OSC-FORCE] step=28 mode=c3 lam_des=2.000 lam_ext=2.000
[GS] step=28 mode=c3 switch=kStayInC3 best_k=0 best_src=current curr_cost=104083.20 repos_cost=- best_other=172950.14 met_progress=Y steps_since_improve=24 switches=1
[STEP] step=28 mode=c3 t=0.280s ee=(+0.021,+0.000,+0.201) obj=(+0.000,+0.000,+0.050) goal_dist=0.300m switch=kStayInC3 c3_cost=104083.20 lam_n=0.000 lam_t=0.000 contact=N productive=N f_cmd=(+2.00,+0.00,-0.00)
[GATE-EVOLVE] step=28 curr=104083.20 best_other=172950.14 ratio=0.6018 ee_to_optimal=0.0545m phi=0.0755m
[DRAKE-CONTACT] step=28 n_pairs=1 ee_box_normal=0.000
[GATE-CONTACT] step=28 F_W=(+0.0000,+0.0000,+0.0000) F_on_box=(-0.0000,-0.0000,-0.0000) n_face_out=(-0.0000,-0.0000,-0.0000) A_is_ee=0 box_q=(+1.00000,-0.00001,+0.00001,+0.00000) box_p=(+0.00000,+0.00000,+0.04999) ee_p=(+0.02051,+0.00033,+0.20051)
[EErel] along_push=-0.021m (neg=correct)  perp=0.000m  ee_to_box=0.021m  stage=3  obj=[0. 0.]  g_hat=[-1. -0.]
[proxy] err=0.162m  effective=[0.082 0.    0.05 ]
[ADMM-C3+] primal: 6.1274->4.9359  dual: 109.8105->80.3187  mono=False  iters=25/25  rho=25.0
[ADMM-C3+] WARNING non-converged: pr=4.9359 dr=80.3187 tol=1e-03
[C3+] step=164 |u[0]|=34.05Nm λ_n_max=1.058 η_n_max=1.279 primal=4.936 iters=25/25
[EErel] along_push=-0.021m (neg=correct)  perp=0.000m  ee_to_box=0.021m  stage=3  obj=[0. 0.]  g_hat=[-1. -0.]
[proxy] err=0.162m  effective=[0.082 0.    0.05 ]
[ADMM-C3+] primal: 6.1274->4.9359  dual: 109.8105->80.3187  mono=False  iters=25/25  rho=25.0
[ADMM-C3+] WARNING non-converged: pr=4.9359 dr=80.3187 tol=1e-03
[C3+] step=169 |u[0]|=32.96Nm λ_n_max=1.058 η_n_max=1.279 primal=4.936 iters=25/25
[CONTACT-RUN] step=29 nhat_BA_W=[+0.000,+0.000,+0.000] p_BCb=[+0.000,+0.000,+0.000] distance=+1.00000 contact_type=NONE
[X-SEQ-PROBE] step=29 x0_box=(+0.00000,+0.00000,+0.04999) x1_box=(-0.01168,-0.00110,+0.02547) x1_box_v=(-0.23502,-0.02352,-0.49050) dt=0.050
[APPROACH-OVERRIDE] step=29 phase=A_lift_trav face_axis=0 face_sign=+1 face_score=+1.000 surf_dist=0.1282m advance=0.0100m target=(+0.1000,+0.0000,+0.2005) p_ee_des=(+0.0314,+0.0002,+0.2005)
[VFF] step=29 mode=c3 alpha=0.000 v_des=(+0.0000,+0.0000,+0.0000) |v_des|=0.0000 sat=0 util_max=0.002@j5
[OSC-FORCE] step=29 mode=c3 lam_des=2.000 lam_ext=2.000
[GS] step=29 mode=c3 switch=kStayInC3 best_k=0 best_src=current curr_cost=104086.96 repos_cost=- best_other=172968.32 met_progress=Y steps_since_improve=25 switches=1
[STEP] step=29 mode=c3 t=0.290s ee=(+0.021,+0.000,+0.201) obj=(+0.000,+0.000,+0.050) goal_dist=0.300m switch=kStayInC3 c3_cost=104086.96 lam_n=0.000 lam_t=0.000 contact=N productive=N f_cmd=(+2.00,+0.00,-0.00)
[GATE-EVOLVE] step=29 curr=104086.96 best_other=172968.32 ratio=0.6018 ee_to_optimal=0.0537m phi=0.0755m
[DRAKE-CONTACT] step=29 n_pairs=1 ee_box_normal=0.000
[GATE-CONTACT] step=29 F_W=(+0.0000,+0.0000,+0.0000) F_on_box=(-0.0000,-0.0000,-0.0000) n_face_out=(-0.0000,-0.0000,-0.0000) A_is_ee=0 box_q=(+1.00000,-0.00001,+0.00001,-0.00000) box_p=(+0.00000,+0.00000,+0.04999) ee_p=(+0.02135,+0.00028,+0.20052)
[EErel] along_push=-0.022m (neg=correct)  perp=0.000m  ee_to_box=0.022m  stage=3  obj=[0. 0.]  g_hat=[-1. -0.]
[proxy] err=0.162m  effective=[0.083 0.    0.05 ]
[ADMM-C3+] primal: 6.1274->4.9359  dual: 109.8105->80.3187  mono=False  iters=25/25  rho=25.0
[ADMM-C3+] WARNING non-converged: pr=4.9359 dr=80.3187 tol=1e-03
[C3+] step=170 |u[0]|=34.05Nm λ_n_max=1.058 η_n_max=1.279 primal=4.936 iters=25/25
[EErel] along_push=-0.022m (neg=correct)  perp=0.000m  ee_to_box=0.022m  stage=3  obj=[0. 0.]  g_hat=[-1. -0.]
[proxy] err=0.162m  effective=[0.083 0.    0.05 ]
[ADMM-C3+] primal: 6.1274->4.9359  dual: 109.8105->80.3187  mono=False  iters=25/25  rho=25.0
[ADMM-C3+] WARNING non-converged: pr=4.9359 dr=80.3187 tol=1e-03
[C3+] step=175 |u[0]|=32.94Nm λ_n_max=1.058 η_n_max=1.279 primal=4.936 iters=25/25
[CONTACT-RUN] step=30 nhat_BA_W=[+0.000,+0.000,+0.000] p_BCb=[+0.000,+0.000,+0.000] distance=+1.00000 contact_type=NONE
[X-SEQ-PROBE] step=30 x0_box=(+0.00000,+0.00000,+0.04999) x1_box=(-0.01168,-0.00110,+0.02547) x1_box_v=(-0.23502,-0.02352,-0.49050) dt=0.050
[APPROACH-OVERRIDE] step=30 phase=A_lift_trav face_axis=0 face_sign=+1 face_score=+1.000 surf_dist=0.1281m advance=0.0100m target=(+0.1000,+0.0000,+0.2005) p_ee_des=(+0.0322,+0.0002,+0.2005)
[VFF] step=30 mode=c3 alpha=0.000 v_des=(+0.0000,+0.0000,+0.0000) |v_des|=0.0000 sat=0 util_max=0.002@j5
[OSC-FORCE] step=30 mode=c3 lam_des=2.000 lam_ext=2.000
[IMP] step=30 mode=c3 |x_err|=0.0100m |tau_imp|=0.20Nm |tau_ff|=1.20Nm |tau_out|=0.20Nm sat=False lam_n=True lam_t=True
[GS] step=30 mode=c3 switch=kStayInC3 best_k=0 best_src=current curr_cost=104090.73 repos_cost=- best_other=172994.47 met_progress=Y steps_since_improve=26 switches=1
[STEP] step=30 mode=c3 t=0.300s ee=(+0.022,+0.000,+0.201) obj=(+0.000,+0.000,+0.050) goal_dist=0.300m switch=kStayInC3 c3_cost=104090.73 lam_n=0.000 lam_t=0.000 contact=N productive=N f_cmd=(+2.00,+0.00,-0.00)
[GATE-EVOLVE] step=30 curr=104090.73 best_other=172994.47 ratio=0.6017 ee_to_optimal=0.0528m phi=0.0755m
[DRAKE-CONTACT] step=30 n_pairs=1 ee_box_normal=0.000
[GATE-CONTACT] step=30 F_W=(+0.0000,+0.0000,+0.0000) F_on_box=(-0.0000,-0.0000,-0.0000) n_face_out=(-0.0000,-0.0000,-0.0000) A_is_ee=0 box_q=(+1.00000,-0.00001,+0.00001,-0.00000) box_p=(+0.00000,+0.00000,+0.04999) ee_p=(+0.02219,+0.00022,+0.20053)
[EErel] along_push=-0.023m (neg=correct)  perp=0.000m  ee_to_box=0.023m  stage=3  obj=[0. 0.]  g_hat=[-1. -0.]
[proxy] err=0.163m  effective=[0.085 0.    0.05 ]
[ADMM-C3+] primal: 6.1274->4.9359  dual: 109.8105->80.3187  mono=False  iters=25/25  rho=25.0
[ADMM-C3+] WARNING non-converged: pr=4.9359 dr=80.3187 tol=1e-03
[C3+] step=176 |u[0]|=34.05Nm λ_n_max=1.058 η_n_max=1.279 primal=4.936 iters=25/25
[EErel] along_push=-0.023m (neg=correct)  perp=0.000m  ee_to_box=0.023m  stage=3  obj=[0. 0.]  g_hat=[-1. -0.]
[proxy] err=0.163m  effective=[0.085 0.    0.05 ]
[ADMM-C3+] primal: 6.1274->4.9359  dual: 109.8105->80.3187  mono=False  iters=25/25  rho=25.0
[ADMM-C3+] WARNING non-converged: pr=4.9359 dr=80.3187 tol=1e-03
[C3+] step=181 |u[0]|=32.93Nm λ_n_max=1.058 η_n_max=1.279 primal=4.936 iters=25/25
[CONTACT-RUN] step=31 nhat_BA_W=[+0.000,+0.000,+0.000] p_BCb=[+0.000,+0.000,+0.000] distance=+1.00000 contact_type=NONE
[X-SEQ-PROBE] step=31 x0_box=(+0.00000,+0.00000,+0.04999) x1_box=(-0.01168,-0.00110,+0.02547) x1_box_v=(-0.23502,-0.02352,-0.49050) dt=0.050
[APPROACH-OVERRIDE] step=31 phase=A_lift_trav face_axis=0 face_sign=+1 face_score=+1.000 surf_dist=0.1280m advance=0.0100m target=(+0.1000,+0.0000,+0.2005) p_ee_des=(+0.0330,+0.0001,+0.2005)
[VFF] step=31 mode=c3 alpha=0.000 v_des=(+0.0000,+0.0000,+0.0000) |v_des|=0.0000 sat=0 util_max=0.001@j5
[OSC-FORCE] step=31 mode=c3 lam_des=2.000 lam_ext=2.000
[GS] step=31 mode=c3 switch=kStayInC3 best_k=0 best_src=current curr_cost=104094.52 repos_cost=- best_other=173028.29 met_progress=Y steps_since_improve=27 switches=1
[STEP] step=31 mode=c3 t=0.310s ee=(+0.023,+0.000,+0.201) obj=(+0.000,+0.000,+0.050) goal_dist=0.300m switch=kStayInC3 c3_cost=104094.52 lam_n=0.000 lam_t=0.000 contact=N productive=N f_cmd=(+2.00,+0.00,-0.00)
[GATE-EVOLVE] step=31 curr=104094.52 best_other=173028.29 ratio=0.6016 ee_to_optimal=0.0520m phi=0.0756m
[DRAKE-CONTACT] step=31 n_pairs=1 ee_box_normal=0.000
[GATE-CONTACT] step=31 F_W=(+0.0000,+0.0000,+0.0000) F_on_box=(-0.0000,-0.0000,-0.0000) n_face_out=(-0.0000,-0.0000,-0.0000) A_is_ee=0 box_q=(+1.00000,-0.00001,+0.00001,-0.00000) box_p=(+0.00000,+0.00000,+0.04999) ee_p=(+0.02303,+0.00017,+0.20055)
[EErel] along_push=-0.024m (neg=correct)  perp=0.000m  ee_to_box=0.024m  stage=3  obj=[0. 0.]  g_hat=[-1. -0.]
[proxy] err=0.163m  effective=[0.086 0.    0.05 ]
[ADMM-C3+] primal: 6.1274->4.9359  dual: 109.8105->80.3187  mono=False  iters=25/25  rho=25.0
[ADMM-C3+] WARNING non-converged: pr=4.9359 dr=80.3187 tol=1e-03
[C3+] step=182 |u[0]|=34.06Nm λ_n_max=1.058 η_n_max=1.279 primal=4.936 iters=25/25
[EErel] along_push=-0.024m (neg=correct)  perp=0.000m  ee_to_box=0.024m  stage=3  obj=[0. 0.]  g_hat=[-1. -0.]
[proxy] err=0.163m  effective=[0.086 0.    0.05 ]
[ADMM-C3+] primal: 6.1274->4.9359  dual: 109.8105->80.3187  mono=False  iters=25/25  rho=25.0
[ADMM-C3+] WARNING non-converged: pr=4.9359 dr=80.3187 tol=1e-03
[C3+] step=187 |u[0]|=32.92Nm λ_n_max=1.058 η_n_max=1.279 primal=4.936 iters=25/25
[CONTACT-RUN] step=32 nhat_BA_W=[+0.000,+0.000,+0.000] p_BCb=[+0.000,+0.000,+0.000] distance=+1.00000 contact_type=NONE
[X-SEQ-PROBE] step=32 x0_box=(+0.00000,+0.00000,+0.04999) x1_box=(-0.01168,-0.00110,+0.02547) x1_box_v=(-0.23502,-0.02352,-0.49050) dt=0.050
[APPROACH-OVERRIDE] step=32 phase=A_lift_trav face_axis=0 face_sign=+1 face_score=+1.000 surf_dist=0.1278m advance=0.0100m target=(+0.1000,+0.0000,+0.2006) p_ee_des=(+0.0339,+0.0001,+0.2006)
[VFF] step=32 mode=c3 alpha=0.000 v_des=(+0.0000,+0.0000,+0.0000) |v_des|=0.0000 sat=0 util_max=0.001@j1
[OSC-FORCE] step=32 mode=c3 lam_des=2.000 lam_ext=2.000
[GS] step=32 mode=c3 switch=kStayInC3 best_k=0 best_src=current curr_cost=104098.33 repos_cost=- best_other=173069.51 met_progress=Y steps_since_improve=28 switches=1
[STEP] step=32 mode=c3 t=0.320s ee=(+0.024,+0.000,+0.201) obj=(+0.000,+0.000,+0.050) goal_dist=0.300m switch=kStayInC3 c3_cost=104098.33 lam_n=0.000 lam_t=0.000 contact=N productive=N f_cmd=(+2.00,+0.00,-0.00)
[GATE-EVOLVE] step=32 curr=104098.33 best_other=173069.51 ratio=0.6015 ee_to_optimal=0.0511m phi=0.0756m
[DRAKE-CONTACT] step=32 n_pairs=1 ee_box_normal=0.000
[GATE-CONTACT] step=32 F_W=(+0.0000,+0.0000,+0.0000) F_on_box=(-0.0000,-0.0000,-0.0000) n_face_out=(-0.0000,-0.0000,-0.0000) A_is_ee=0 box_q=(+1.00000,-0.00001,+0.00001,-0.00000) box_p=(+0.00000,+0.00000,+0.04999) ee_p=(+0.02388,+0.00012,+0.20056)
[PERSIST] step=33 refresh n_strategy=3 samples=[(0.0325, 0.08, 0.03), (0.0372, -0.08, 0.03), (0.08, 0.008, 0.03)]
[EErel] along_push=-0.025m (neg=correct)  perp=0.000m  ee_to_box=0.025m  stage=3  obj=[0. 0.]  g_hat=[-1. -0.]
[proxy] err=0.163m  effective=[0.087 0.    0.05 ]
[ADMM-C3+] primal: 6.1274->4.9359  dual: 109.8105->80.3187  mono=False  iters=25/25  rho=25.0
[ADMM-C3+] WARNING non-converged: pr=4.9359 dr=80.3187 tol=1e-03
[C3+] step=188 |u[0]|=34.06Nm λ_n_max=1.058 η_n_max=1.279 primal=4.936 iters=25/25
[EErel] along_push=-0.025m (neg=correct)  perp=0.000m  ee_to_box=0.025m  stage=3  obj=[0. 0.]  g_hat=[-1. -0.]
[proxy] err=0.163m  effective=[0.087 0.    0.05 ]
[ADMM-C3+] primal: 6.1274->4.9359  dual: 109.8105->80.3187  mono=False  iters=25/25  rho=25.0
[ADMM-C3+] WARNING non-converged: pr=4.9359 dr=80.3187 tol=1e-03
[C3+] step=193 |u[0]|=32.91Nm λ_n_max=1.058 η_n_max=1.279 primal=4.936 iters=25/25
[CONTACT-RUN] step=33 nhat_BA_W=[+0.000,+0.000,+0.000] p_BCb=[+0.000,+0.000,+0.000] distance=+1.00000 contact_type=NONE
[X-SEQ-PROBE] step=33 x0_box=(+0.00000,+0.00000,+0.04999) x1_box=(-0.01168,-0.00110,+0.02547) x1_box_v=(-0.23502,-0.02352,-0.49050) dt=0.050
[APPROACH-OVERRIDE] step=33 phase=A_lift_trav face_axis=0 face_sign=+1 face_score=+1.000 surf_dist=0.1277m advance=0.0100m target=(+0.1000,+0.0000,+0.2006) p_ee_des=(+0.0347,+0.0001,+0.2006)
[VFF] step=33 mode=c3 alpha=0.000 v_des=(+0.0000,+0.0000,+0.0000) |v_des|=0.0000 sat=0 util_max=0.002@j1
[OSC-FORCE] step=33 mode=c3 lam_des=2.000 lam_ext=2.000
[GS] step=33 mode=c3 switch=kStayInC3 best_k=0 best_src=current curr_cost=104102.14 repos_cost=- best_other=173117.83 met_progress=Y steps_since_improve=29 switches=1
[STEP] step=33 mode=c3 t=0.330s ee=(+0.025,+0.000,+0.201) obj=(+0.000,+0.000,+0.050) goal_dist=0.300m switch=kStayInC3 c3_cost=104102.14 lam_n=0.000 lam_t=0.000 contact=N productive=N f_cmd=(+2.00,+0.00,-0.00)
[GATE-EVOLVE] step=33 curr=104102.14 best_other=173117.83 ratio=0.6013 ee_to_optimal=0.0503m phi=0.0756m
[DRAKE-CONTACT] step=33 n_pairs=1 ee_box_normal=0.000
[GATE-CONTACT] step=33 F_W=(+0.0000,+0.0000,+0.0000) F_on_box=(-0.0000,-0.0000,-0.0000) n_face_out=(-0.0000,-0.0000,-0.0000) A_is_ee=0 box_q=(+1.00000,-0.00001,+0.00001,-0.00000) box_p=(+0.00000,+0.00000,+0.04999) ee_p=(+0.02472,+0.00007,+0.20057)
[EErel] along_push=-0.026m (neg=correct)  perp=0.000m  ee_to_box=0.026m  stage=3  obj=[0. 0.]  g_hat=[-1. -0.]
[proxy] err=0.163m  effective=[0.088 0.    0.05 ]
[ADMM-C3+] primal: 6.1274->4.9359  dual: 109.8105->80.3187  mono=False  iters=25/25  rho=25.0
[ADMM-C3+] WARNING non-converged: pr=4.9359 dr=80.3187 tol=1e-03
[C3+] step=194 |u[0]|=34.06Nm λ_n_max=1.058 η_n_max=1.279 primal=4.936 iters=25/25
[EErel] along_push=-0.026m (neg=correct)  perp=0.000m  ee_to_box=0.026m  stage=3  obj=[0. 0.]  g_hat=[-1. -0.]
[proxy] err=0.163m  effective=[0.088 0.    0.05 ]
[ADMM-C3+] primal: 6.1274->4.9359  dual: 109.8105->80.3187  mono=False  iters=25/25  rho=25.0
[ADMM-C3+] WARNING non-converged: pr=4.9359 dr=80.3187 tol=1e-03
[C3+] step=199 |u[0]|=32.91Nm λ_n_max=1.058 η_n_max=1.279 primal=4.936 iters=25/25
[CONTACT-RUN] step=34 nhat_BA_W=[+0.000,+0.000,+0.000] p_BCb=[+0.000,+0.000,+0.000] distance=+1.00000 contact_type=NONE
[X-SEQ-PROBE] step=34 x0_box=(+0.00000,+0.00000,+0.04999) x1_box=(-0.01168,-0.00110,+0.02547) x1_box_v=(-0.23502,-0.02352,-0.49050) dt=0.050
[APPROACH-OVERRIDE] step=34 phase=A_lift_trav face_axis=0 face_sign=+1 face_score=+1.000 surf_dist=0.1276m advance=0.0100m target=(+0.1000,+0.0000,+0.2006) p_ee_des=(+0.0356,+0.0000,+0.2006)
[VFF] step=34 mode=c3 alpha=0.000 v_des=(+0.0000,+0.0000,+0.0000) |v_des|=0.0000 sat=0 util_max=0.002@j1
[OSC-FORCE] step=34 mode=c3 lam_des=2.000 lam_ext=2.000
[GS] step=34 mode=c3 switch=kStayInC3 best_k=0 best_src=current curr_cost=104105.97 repos_cost=- best_other=173172.97 met_progress=Y steps_since_improve=30 switches=1
[STEP] step=34 mode=c3 t=0.340s ee=(+0.026,+0.000,+0.201) obj=(+0.000,+0.000,+0.050) goal_dist=0.300m switch=kStayInC3 c3_cost=104105.97 lam_n=0.000 lam_t=0.000 contact=N productive=N f_cmd=(+2.00,+0.00,-0.00)
[GATE-EVOLVE] step=34 curr=104105.97 best_other=173172.97 ratio=0.6012 ee_to_optimal=0.0494m phi=0.0756m
[DRAKE-CONTACT] step=34 n_pairs=1 ee_box_normal=0.000
[GATE-CONTACT] step=34 F_W=(+0.0000,+0.0000,+0.0000) F_on_box=(-0.0000,-0.0000,-0.0000) n_face_out=(-0.0000,-0.0000,-0.0000) A_is_ee=0 box_q=(+1.00000,-0.00001,+0.00001,-0.00000) box_p=(+0.00000,+0.00000,+0.04999) ee_p=(+0.02556,+0.00002,+0.20059)
[EErel] along_push=-0.026m (neg=correct)  perp=0.000m  ee_to_box=0.026m  stage=3  obj=[0. 0.]  g_hat=[-1. -0.]
[proxy] err=0.163m  effective=[0.09 0.   0.05]
[ADMM-C3+] primal: 6.1274->4.9359  dual: 109.8105->80.3187  mono=False  iters=25/25  rho=25.0
[ADMM-C3+] WARNING non-converged: pr=4.9359 dr=80.3187 tol=1e-03
[C3+] step=200 |u[0]|=34.07Nm λ_n_max=1.058 η_n_max=1.279 primal=4.936 iters=25/25
[EErel] along_push=-0.026m (neg=correct)  perp=0.000m  ee_to_box=0.026m  stage=3  obj=[0. 0.]  g_hat=[-1. -0.]
[proxy] err=0.163m  effective=[0.09 0.   0.05]
[ADMM-C3+] primal: 6.1274->4.9359  dual: 109.8105->80.3187  mono=False  iters=25/25  rho=25.0
[ADMM-C3+] WARNING non-converged: pr=4.9359 dr=80.3187 tol=1e-03
[C3+] step=205 |u[0]|=32.90Nm λ_n_max=1.058 η_n_max=1.279 primal=4.936 iters=25/25
[CONTACT-RUN] step=35 nhat_BA_W=[+0.000,+0.000,+0.000] p_BCb=[+0.000,+0.000,+0.000] distance=+1.00000 contact_type=NONE
[X-SEQ-PROBE] step=35 x0_box=(+0.00000,+0.00000,+0.04999) x1_box=(-0.01168,-0.00110,+0.02547) x1_box_v=(-0.23502,-0.02352,-0.49050) dt=0.050
[APPROACH-OVERRIDE] step=35 phase=A_lift_trav face_axis=0 face_sign=+1 face_score=+1.000 surf_dist=0.1274m advance=0.0100m target=(+0.1000,+0.0000,+0.2006) p_ee_des=(+0.0364,-0.0000,+0.2006)
[VFF] step=35 mode=c3 alpha=0.000 v_des=(+0.0000,+0.0000,+0.0000) |v_des|=0.0000 sat=0 util_max=0.002@j1
[OSC-FORCE] step=35 mode=c3 lam_des=2.000 lam_ext=2.000
[GS] step=35 mode=c3 switch=kStayInC3 best_k=0 best_src=current curr_cost=104109.81 repos_cost=- best_other=173234.63 met_progress=Y steps_since_improve=31 switches=1
[STEP] step=35 mode=c3 t=0.350s ee=(+0.026,-0.000,+0.201) obj=(+0.000,+0.000,+0.050) goal_dist=0.300m switch=kStayInC3 c3_cost=104109.81 lam_n=0.000 lam_t=0.000 contact=N productive=N f_cmd=(+2.00,+0.00,-0.00)
[GATE-EVOLVE] step=35 curr=104109.81 best_other=173234.63 ratio=0.6010 ee_to_optimal=0.0486m phi=0.0756m
[DRAKE-CONTACT] step=35 n_pairs=1 ee_box_normal=0.000
[GATE-CONTACT] step=35 F_W=(+0.0000,+0.0000,+0.0000) F_on_box=(-0.0000,-0.0000,-0.0000) n_face_out=(-0.0000,-0.0000,-0.0000) A_is_ee=0 box_q=(+1.00000,-0.00001,+0.00001,-0.00000) box_p=(+0.00000,+0.00000,+0.04999) ee_p=(+0.02640,-0.00003,+0.20060)
[EErel] along_push=-0.027m (neg=correct)  perp=0.000m  ee_to_box=0.027m  stage=3  obj=[0. 0.]  g_hat=[-1. -0.]
[proxy] err=0.163m  effective=[0.091 0.    0.05 ]
[ADMM-C3+] primal: 6.1274->4.9359  dual: 109.8105->80.3187  mono=False  iters=25/25  rho=25.0
[ADMM-C3+] WARNING non-converged: pr=4.9359 dr=80.3187 tol=1e-03
[C3+] step=206 |u[0]|=34.07Nm λ_n_max=1.058 η_n_max=1.279 primal=4.936 iters=25/25
[EErel] along_push=-0.027m (neg=correct)  perp=0.000m  ee_to_box=0.027m  stage=3  obj=[0. 0.]  g_hat=[-1. -0.]
[proxy] err=0.163m  effective=[0.091 0.    0.05 ]
[ADMM-C3+] primal: 6.1274->4.9359  dual: 109.8105->80.3187  mono=False  iters=25/25  rho=25.0
[ADMM-C3+] WARNING non-converged: pr=4.9359 dr=80.3187 tol=1e-03
[C3+] step=211 |u[0]|=32.90Nm λ_n_max=1.058 η_n_max=1.279 primal=4.936 iters=25/25
[CONTACT-RUN] step=36 nhat_BA_W=[+0.000,+0.000,+0.000] p_BCb=[+0.000,+0.000,+0.000] distance=+1.00000 contact_type=NONE
[X-SEQ-PROBE] step=36 x0_box=(+0.00000,+0.00000,+0.04999) x1_box=(-0.01168,-0.00110,+0.02547) x1_box_v=(-0.23502,-0.02352,-0.49050) dt=0.050
[APPROACH-OVERRIDE] step=36 phase=A_lift_trav face_axis=0 face_sign=+1 face_score=+1.000 surf_dist=0.1273m advance=0.0100m target=(+0.1000,+0.0000,+0.2006) p_ee_des=(+0.0372,-0.0001,+0.2006)
[VFF] step=36 mode=c3 alpha=0.000 v_des=(+0.0000,+0.0000,+0.0000) |v_des|=0.0000 sat=0 util_max=0.003@j1
[OSC-FORCE] step=36 mode=c3 lam_des=2.000 lam_ext=2.000
[GS] step=36 mode=c3 switch=kStayInC3 best_k=0 best_src=current curr_cost=104113.65 repos_cost=- best_other=173302.52 met_progress=Y steps_since_improve=32 switches=1
[STEP] step=36 mode=c3 t=0.360s ee=(+0.027,-0.000,+0.201) obj=(+0.000,+0.000,+0.050) goal_dist=0.300m switch=kStayInC3 c3_cost=104113.65 lam_n=0.000 lam_t=0.000 contact=N productive=N f_cmd=(+2.00,+0.00,-0.00)
[GATE-EVOLVE] step=36 curr=104113.65 best_other=173302.52 ratio=0.6008 ee_to_optimal=0.0478m phi=0.0756m
[DRAKE-CONTACT] step=36 n_pairs=1 ee_box_normal=0.000
[GATE-CONTACT] step=36 F_W=(+0.0000,+0.0000,+0.0000) F_on_box=(-0.0000,-0.0000,-0.0000) n_face_out=(-0.0000,-0.0000,-0.0000) A_is_ee=0 box_q=(+1.00000,-0.00001,+0.00001,-0.00000) box_p=(+0.00000,+0.00000,+0.04999) ee_p=(+0.02724,-0.00008,+0.20061)
[EErel] along_push=-0.028m (neg=correct)  perp=0.000m  ee_to_box=0.028m  stage=3  obj=[0. 0.]  g_hat=[-1. -0.]
[proxy] err=0.164m  effective=[0.092 0.    0.05 ]
[ADMM-C3+] primal: 6.1274->4.9359  dual: 109.8105->80.3187  mono=False  iters=25/25  rho=25.0
[ADMM-C3+] WARNING non-converged: pr=4.9359 dr=80.3187 tol=1e-03
[C3+] step=212 |u[0]|=34.08Nm λ_n_max=1.058 η_n_max=1.279 primal=4.936 iters=25/25
[EErel] along_push=-0.028m (neg=correct)  perp=0.000m  ee_to_box=0.028m  stage=3  obj=[0. 0.]  g_hat=[-1. -0.]
[proxy] err=0.164m  effective=[0.092 0.    0.05 ]
[ADMM-C3+] primal: 6.1274->4.9359  dual: 109.8105->80.3187  mono=False  iters=25/25  rho=25.0
[ADMM-C3+] WARNING non-converged: pr=4.9359 dr=80.3187 tol=1e-03
[C3+] step=217 |u[0]|=32.90Nm λ_n_max=1.058 η_n_max=1.279 primal=4.936 iters=25/25
[CONTACT-RUN] step=37 nhat_BA_W=[+0.000,+0.000,+0.000] p_BCb=[+0.000,+0.000,+0.000] distance=+1.00000 contact_type=NONE
[X-SEQ-PROBE] step=37 x0_box=(+0.00000,+0.00000,+0.04999) x1_box=(-0.01168,-0.00110,+0.02547) x1_box_v=(-0.23502,-0.02352,-0.49050) dt=0.050
[APPROACH-OVERRIDE] step=37 phase=A_lift_trav face_axis=0 face_sign=+1 face_score=+1.000 surf_dist=0.1272m advance=0.0100m target=(+0.1000,+0.0000,+0.2006) p_ee_des=(+0.0381,-0.0001,+0.2006)
[VFF] step=37 mode=c3 alpha=0.000 v_des=(+0.0000,+0.0000,+0.0000) |v_des|=0.0000 sat=0 util_max=0.003@j1
[OSC-FORCE] step=37 mode=c3 lam_des=2.000 lam_ext=2.000
[GS] step=37 mode=c3 switch=kStayInC3 best_k=0 best_src=current curr_cost=104117.50 repos_cost=- best_other=173376.38 met_progress=Y steps_since_improve=33 switches=1
[STEP] step=37 mode=c3 t=0.370s ee=(+0.028,-0.000,+0.201) obj=(+0.000,+0.000,+0.050) goal_dist=0.300m switch=kStayInC3 c3_cost=104117.50 lam_n=0.000 lam_t=0.000 contact=N productive=N f_cmd=(+2.00,+0.00,-0.00)
[GATE-EVOLVE] step=37 curr=104117.50 best_other=173376.38 ratio=0.6005 ee_to_optimal=0.0469m phi=0.0756m
[DRAKE-CONTACT] step=37 n_pairs=1 ee_box_normal=0.000
[GATE-CONTACT] step=37 F_W=(+0.0000,+0.0000,+0.0000) F_on_box=(-0.0000,-0.0000,-0.0000) n_face_out=(-0.0000,-0.0000,-0.0000) A_is_ee=0 box_q=(+1.00000,-0.00001,+0.00001,-0.00000) box_p=(+0.00000,+0.00000,+0.04999) ee_p=(+0.02808,-0.00013,+0.20062)
[EErel] along_push=-0.029m (neg=correct)  perp=0.000m  ee_to_box=0.029m  stage=3  obj=[0. 0.]  g_hat=[-1. -0.]
[proxy] err=0.164m  effective=[0.093 0.    0.05 ]
[ADMM-C3+] primal: 6.1274->4.9359  dual: 109.8105->80.3187  mono=False  iters=25/25  rho=25.0
[ADMM-C3+] WARNING non-converged: pr=4.9359 dr=80.3187 tol=1e-03
[C3+] step=218 |u[0]|=34.09Nm λ_n_max=1.058 η_n_max=1.279 primal=4.936 iters=25/25
[EErel] along_push=-0.029m (neg=correct)  perp=0.000m  ee_to_box=0.029m  stage=3  obj=[0. 0.]  g_hat=[-1. -0.]
[proxy] err=0.164m  effective=[0.093 0.    0.05 ]
[ADMM-C3+] primal: 6.1274->4.9359  dual: 109.8105->80.3187  mono=False  iters=25/25  rho=25.0
[ADMM-C3+] WARNING non-converged: pr=4.9359 dr=80.3187 tol=1e-03
[C3+] step=223 |u[0]|=32.90Nm λ_n_max=1.058 η_n_max=1.279 primal=4.936 iters=25/25
[CONTACT-RUN] step=38 nhat_BA_W=[+0.000,+0.000,+0.000] p_BCb=[+0.000,+0.000,+0.000] distance=+1.00000 contact_type=NONE
[X-SEQ-PROBE] step=38 x0_box=(+0.00000,+0.00000,+0.04999) x1_box=(-0.01168,-0.00110,+0.02547) x1_box_v=(-0.23502,-0.02352,-0.49050) dt=0.050
[APPROACH-OVERRIDE] step=38 phase=A_lift_trav face_axis=0 face_sign=+1 face_score=+1.000 surf_dist=0.1271m advance=0.0100m target=(+0.1000,+0.0000,+0.2006) p_ee_des=(+0.0389,-0.0001,+0.2006)
[VFF] step=38 mode=c3 alpha=0.000 v_des=(+0.0000,+0.0000,+0.0000) |v_des|=0.0000 sat=0 util_max=0.003@j1
[OSC-FORCE] step=38 mode=c3 lam_des=2.000 lam_ext=2.000
[GS] step=38 mode=c3 switch=kStayInC3 best_k=0 best_src=current curr_cost=104121.36 repos_cost=- best_other=173455.79 met_progress=Y steps_since_improve=34 switches=1
[STEP] step=38 mode=c3 t=0.380s ee=(+0.029,-0.000,+0.201) obj=(+0.000,+0.000,+0.050) goal_dist=0.300m switch=kStayInC3 c3_cost=104121.36 lam_n=0.000 lam_t=0.000 contact=N productive=N f_cmd=(+2.00,+0.00,-0.00)
[GATE-EVOLVE] step=38 curr=104121.36 best_other=173455.79 ratio=0.6003 ee_to_optimal=0.0461m phi=0.0756m
[DRAKE-CONTACT] step=38 n_pairs=1 ee_box_normal=0.000
[GATE-CONTACT] step=38 F_W=(+0.0000,+0.0000,+0.0000) F_on_box=(-0.0000,-0.0000,-0.0000) n_face_out=(-0.0000,-0.0000,-0.0000) A_is_ee=0 box_q=(+1.00000,-0.00001,+0.00001,-0.00000) box_p=(+0.00000,+0.00000,+0.04999) ee_p=(+0.02892,-0.00017,+0.20063)
[EErel] along_push=-0.030m (neg=correct)  perp=0.000m  ee_to_box=0.030m  stage=3  obj=[0. 0.]  g_hat=[-1. -0.]
[proxy] err=0.164m  effective=[0.095 0.    0.05 ]
[ADMM-C3+] primal: 6.1274->4.9359  dual: 109.8105->80.3187  mono=False  iters=25/25  rho=25.0
[ADMM-C3+] WARNING non-converged: pr=4.9359 dr=80.3187 tol=1e-03
[C3+] step=224 |u[0]|=34.10Nm λ_n_max=1.058 η_n_max=1.279 primal=4.936 iters=25/25
[EErel] along_push=-0.030m (neg=correct)  perp=0.000m  ee_to_box=0.030m  stage=3  obj=[0. 0.]  g_hat=[-1. -0.]
[proxy] err=0.164m  effective=[0.095 0.    0.05 ]
[ADMM-C3+] primal: 6.1274->4.9359  dual: 109.8105->80.3187  mono=False  iters=25/25  rho=25.0
[ADMM-C3+] WARNING non-converged: pr=4.9359 dr=80.3187 tol=1e-03
[C3+] step=229 |u[0]|=32.90Nm λ_n_max=1.058 η_n_max=1.279 primal=4.936 iters=25/25
[CONTACT-RUN] step=39 nhat_BA_W=[+0.000,+0.000,+0.000] p_BCb=[+0.000,+0.000,+0.000] distance=+1.00000 contact_type=NONE
[X-SEQ-PROBE] step=39 x0_box=(+0.00000,+0.00000,+0.04999) x1_box=(-0.01168,-0.00110,+0.02547) x1_box_v=(-0.23502,-0.02352,-0.49050) dt=0.050
[APPROACH-OVERRIDE] step=39 phase=A_lift_trav face_axis=0 face_sign=+1 face_score=+1.000 surf_dist=0.1270m advance=0.0100m target=(+0.1000,+0.0000,+0.2006) p_ee_des=(+0.0398,-0.0002,+0.2006)
[VFF] step=39 mode=c3 alpha=0.000 v_des=(+0.0000,+0.0000,+0.0000) |v_des|=0.0000 sat=0 util_max=0.003@j1
[OSC-FORCE] step=39 mode=c3 lam_des=2.000 lam_ext=2.000
[GS] step=39 mode=c3 switch=kStayInC3 best_k=0 best_src=current curr_cost=104125.22 repos_cost=- best_other=173539.98 met_progress=Y steps_since_improve=35 switches=1
[STEP] step=39 mode=c3 t=0.390s ee=(+0.030,-0.000,+0.201) obj=(+0.000,+0.000,+0.050) goal_dist=0.300m switch=kStayInC3 c3_cost=104125.22 lam_n=0.000 lam_t=0.000 contact=N productive=N f_cmd=(+2.00,+0.00,-0.00)
[GATE-EVOLVE] step=39 curr=104125.22 best_other=173539.98 ratio=0.6000 ee_to_optimal=0.0452m phi=0.0757m
[DRAKE-CONTACT] step=39 n_pairs=1 ee_box_normal=0.000
[GATE-CONTACT] step=39 F_W=(+0.0000,+0.0000,+0.0000) F_on_box=(-0.0000,-0.0000,-0.0000) n_face_out=(-0.0000,-0.0000,-0.0000) A_is_ee=0 box_q=(+1.00000,-0.00001,+0.00001,-0.00000) box_p=(+0.00000,+0.00000,+0.04999) ee_p=(+0.02976,-0.00022,+0.20065)
[EErel] along_push=-0.031m (neg=correct)  perp=0.000m  ee_to_box=0.031m  stage=3  obj=[0. 0.]  g_hat=[-1. -0.]
[proxy] err=0.164m  effective=[0.096 0.    0.05 ]
[ADMM-C3+] primal: 6.1274->4.9359  dual: 109.8105->80.3187  mono=False  iters=25/25  rho=25.0
[ADMM-C3+] WARNING non-converged: pr=4.9359 dr=80.3187 tol=1e-03
[C3+] step=230 |u[0]|=34.11Nm λ_n_max=1.058 η_n_max=1.279 primal=4.936 iters=25/25
[EErel] along_push=-0.031m (neg=correct)  perp=0.000m  ee_to_box=0.031m  stage=3  obj=[0. 0.]  g_hat=[-1. -0.]
[proxy] err=0.164m  effective=[0.096 0.    0.05 ]
[ADMM-C3+] primal: 6.1274->4.9359  dual: 109.8105->80.3187  mono=False  iters=25/25  rho=25.0
[ADMM-C3+] WARNING non-converged: pr=4.9359 dr=80.3187 tol=1e-03
[C3+] step=235 |u[0]|=32.90Nm λ_n_max=1.058 η_n_max=1.279 primal=4.936 iters=25/25
[CONTACT-RUN] step=40 nhat_BA_W=[+0.000,+0.000,+0.000] p_BCb=[+0.000,+0.000,+0.000] distance=+1.00000 contact_type=NONE
[X-SEQ-PROBE] step=40 x0_box=(+0.00000,+0.00000,+0.04999) x1_box=(-0.01168,-0.00110,+0.02547) x1_box_v=(-0.23502,-0.02352,-0.49050) dt=0.050
[APPROACH-OVERRIDE] step=40 phase=A_lift_trav face_axis=0 face_sign=+1 face_score=+1.000 surf_dist=0.1269m advance=0.0100m target=(+0.1000,+0.0000,+0.2007) p_ee_des=(+0.0406,-0.0002,+0.2007)
[VFF] step=40 mode=c3 alpha=0.000 v_des=(+0.0000,+0.0000,+0.0000) |v_des|=0.0000 sat=0 util_max=0.004@j1
[OSC-FORCE] step=40 mode=c3 lam_des=2.000 lam_ext=2.000
[IMP] step=40 mode=c3 |x_err|=0.0100m |tau_imp|=0.33Nm |tau_ff|=1.20Nm |tau_out|=0.33Nm sat=False lam_n=True lam_t=True
[GS] step=40 mode=c3 switch=kStayInC3 best_k=0 best_src=current curr_cost=104129.08 repos_cost=- best_other=173629.22 met_progress=Y steps_since_improve=36 switches=1
[STEP] step=40 mode=c3 t=0.400s ee=(+0.031,-0.000,+0.201) obj=(+0.000,+0.000,+0.050) goal_dist=0.300m switch=kStayInC3 c3_cost=104129.08 lam_n=0.000 lam_t=0.000 contact=N productive=N f_cmd=(+2.00,+0.00,-0.00)
[GATE-EVOLVE] step=40 curr=104129.08 best_other=173629.22 ratio=0.5997 ee_to_optimal=0.0444m phi=0.0757m
[GS-table] step=40
  k=0 (current   ) pos=(+0.031,-0.000,+0.201) c_C3= 134129.08 align=1.0000(bonus=30000.00) rot=+0.0000(bonus=    0.00) travel=0.000m(pen=  0.00) c_sample= 104129.08 feas=Y ik_err=0.0000m  ← WIN
  k=1 (strat_0   ) pos=(+0.033,+0.080,+0.030) c_C3= 228694.63 align=0.0000(bonus=    0.15) rot=+0.0000(bonus=    0.00) travel=0.189m(pen= 37.72) c_sample= 228732.20 feas=Y ik_err=0.0009m
  k=2 (strat_1   ) pos=(+0.037,-0.080,+0.030) c_C3= 193929.45 align=0.0000(bonus=    0.00) rot=+0.0000(bonus=    0.00) travel=0.188m(pen= 37.70) c_sample= 193967.14 feas=Y ik_err=0.0001m
  k=3 (strat_2   ) pos=(+0.080,+0.008,+0.030) c_C3= 205451.24 align=1.0000(bonus=30000.00) rot=+0.0000(bonus=    0.00) travel=0.178m(pen= 35.57) c_sample= 175486.81 feas=Y ik_err=0.0002m
  k=4 (buffer    ) pos=(+0.080,-0.002,+0.030) c_C3= 203593.69 align=1.0000(bonus=30000.00) rot=+0.0000(bonus=    0.00) travel=0.178m(pen= 35.54) c_sample= 173629.22 feas=Y ik_err=0.0002m
[DRAKE-CONTACT] step=40 n_pairs=1 ee_box_normal=0.000
[GATE-CONTACT] step=40 F_W=(+0.0000,+0.0000,+0.0000) F_on_box=(-0.0000,-0.0000,-0.0000) n_face_out=(-0.0000,-0.0000,-0.0000) A_is_ee=0 box_q=(+1.00000,-0.00001,+0.00001,-0.00000) box_p=(+0.00000,+0.00000,+0.04999) ee_p=(+0.03060,-0.00026,+0.20066)
[EErel] along_push=-0.031m (neg=correct)  perp=0.000m  ee_to_box=0.031m  stage=3  obj=[0. 0.]  g_hat=[-1. -0.]
[proxy] err=0.164m  effective=[0.097 0.    0.05 ]
[ADMM-C3+] primal: 6.1274->4.9359  dual: 109.8105->80.3187  mono=False  iters=25/25  rho=25.0
[ADMM-C3+] WARNING non-converged: pr=4.9359 dr=80.3187 tol=1e-03
[C3+] step=236 |u[0]|=34.12Nm λ_n_max=1.058 η_n_max=1.279 primal=4.936 iters=25/25
[EErel] along_push=-0.031m (neg=correct)  perp=0.000m  ee_to_box=0.031m  stage=3  obj=[0. 0.]  g_hat=[-1. -0.]
[proxy] err=0.164m  effective=[0.097 0.    0.05 ]
[ADMM-C3+] primal: 6.1274->4.9359  dual: 109.8105->80.3187  mono=False  iters=25/25  rho=25.0
[ADMM-C3+] WARNING non-converged: pr=4.9359 dr=80.3187 tol=1e-03
[C3+] step=241 |u[0]|=32.91Nm λ_n_max=1.058 η_n_max=1.279 primal=4.936 iters=25/25
[CONTACT-RUN] step=41 nhat_BA_W=[+0.000,+0.000,+0.000] p_BCb=[+0.000,+0.000,+0.000] distance=+1.00000 contact_type=NONE
[X-SEQ-PROBE] step=41 x0_box=(+0.00000,+0.00000,+0.04999) x1_box=(-0.01168,-0.00110,+0.02547) x1_box_v=(-0.23502,-0.02352,-0.49050) dt=0.050
[APPROACH-OVERRIDE] step=41 phase=A_lift_trav face_axis=0 face_sign=+1 face_score=+1.000 surf_dist=0.1268m advance=0.0100m target=(+0.1000,+0.0000,+0.2007) p_ee_des=(+0.0414,-0.0003,+0.2007)
[VFF] step=41 mode=c3 alpha=0.000 v_des=(+0.0000,+0.0000,+0.0000) |v_des|=0.0000 sat=0 util_max=0.004@j1
[OSC-FORCE] step=41 mode=c3 lam_des=2.000 lam_ext=2.000
[GS] step=41 mode=c3 switch=kStayInC3 best_k=0 best_src=current curr_cost=104132.95 repos_cost=- best_other=173723.25 met_progress=Y steps_since_improve=37 switches=1
[STEP] step=41 mode=c3 t=0.410s ee=(+0.031,-0.000,+0.201) obj=(+0.000,+0.000,+0.050) goal_dist=0.300m switch=kStayInC3 c3_cost=104132.95 lam_n=0.000 lam_t=0.000 contact=N productive=N f_cmd=(+2.00,+0.00,-0.00)
[GATE-EVOLVE] step=41 curr=104132.95 best_other=173723.25 ratio=0.5994 ee_to_optimal=0.0436m phi=0.0757m
[DRAKE-CONTACT] step=41 n_pairs=1 ee_box_normal=0.000
[GATE-CONTACT] step=41 F_W=(+0.0000,+0.0000,+0.0000) F_on_box=(-0.0000,-0.0000,-0.0000) n_face_out=(-0.0000,-0.0000,-0.0000) A_is_ee=0 box_q=(+1.00000,-0.00001,+0.00001,-0.00000) box_p=(+0.00000,+0.00000,+0.04999) ee_p=(+0.03144,-0.00031,+0.20067)
[EErel] along_push=-0.032m (neg=correct)  perp=0.000m  ee_to_box=0.032m  stage=3  obj=[0. 0.]  g_hat=[-1. -0.]
[proxy] err=0.165m  effective=[0.098 0.    0.05 ]
[ADMM-C3+] primal: 6.1274->4.9359  dual: 109.8105->80.3187  mono=False  iters=25/25  rho=25.0
[ADMM-C3+] WARNING non-converged: pr=4.9359 dr=80.3187 tol=1e-03
[C3+] step=242 |u[0]|=34.13Nm λ_n_max=1.058 η_n_max=1.279 primal=4.936 iters=25/25
[EErel] along_push=-0.032m (neg=correct)  perp=0.000m  ee_to_box=0.032m  stage=3  obj=[0. 0.]  g_hat=[-1. -0.]
[proxy] err=0.165m  effective=[0.098 0.    0.05 ]
[ADMM-C3+] primal: 6.1274->4.9359  dual: 109.8105->80.3187  mono=False  iters=25/25  rho=25.0
[ADMM-C3+] WARNING non-converged: pr=4.9359 dr=80.3187 tol=1e-03
[C3+] step=247 |u[0]|=32.91Nm λ_n_max=1.058 η_n_max=1.279 primal=4.936 iters=25/25
[CONTACT-RUN] step=42 nhat_BA_W=[+0.000,+0.000,+0.000] p_BCb=[+0.000,+0.000,+0.000] distance=+1.00000 contact_type=NONE
[X-SEQ-PROBE] step=42 x0_box=(+0.00000,+0.00000,+0.04999) x1_box=(-0.01168,-0.00110,+0.02547) x1_box_v=(-0.23502,-0.02352,-0.49050) dt=0.050
[APPROACH-OVERRIDE] step=42 phase=A_lift_trav face_axis=0 face_sign=+1 face_score=+1.000 surf_dist=0.1267m advance=0.0100m target=(+0.1000,+0.0000,+0.2007) p_ee_des=(+0.0423,-0.0003,+0.2007)
[VFF] step=42 mode=c3 alpha=0.000 v_des=(+0.0000,+0.0000,+0.0000) |v_des|=0.0000 sat=0 util_max=0.004@j1
[OSC-FORCE] step=42 mode=c3 lam_des=2.000 lam_ext=2.000
[GS] step=42 mode=c3 switch=kStayInC3 best_k=0 best_src=current curr_cost=104136.81 repos_cost=- best_other=173821.78 met_progress=Y steps_since_improve=38 switches=1
[STEP] step=42 mode=c3 t=0.420s ee=(+0.032,-0.000,+0.201) obj=(+0.000,+0.000,+0.050) goal_dist=0.300m switch=kStayInC3 c3_cost=104136.81 lam_n=0.000 lam_t=0.000 contact=N productive=N f_cmd=(+2.00,+0.00,-0.00)
[GATE-EVOLVE] step=42 curr=104136.81 best_other=173821.78 ratio=0.5991 ee_to_optimal=0.0427m phi=0.0757m
[DRAKE-CONTACT] step=42 n_pairs=1 ee_box_normal=0.000
[GATE-CONTACT] step=42 F_W=(+0.0000,+0.0000,+0.0000) F_on_box=(-0.0000,-0.0000,-0.0000) n_face_out=(-0.0000,-0.0000,-0.0000) A_is_ee=0 box_q=(+1.00000,-0.00001,+0.00001,-0.00000) box_p=(+0.00000,+0.00000,+0.04999) ee_p=(+0.03228,-0.00035,+0.20068)
[EErel] along_push=-0.033m (neg=correct)  perp=0.000m  ee_to_box=0.033m  stage=3  obj=[0. 0.]  g_hat=[-1. -0.]
[proxy] err=0.165m  effective=[0.1  0.   0.05]
[ADMM-C3+] primal: 6.1274->4.9359  dual: 109.8105->80.3187  mono=False  iters=25/25  rho=25.0
[ADMM-C3+] WARNING non-converged: pr=4.9359 dr=80.3187 tol=1e-03
[C3+] step=248 |u[0]|=34.14Nm λ_n_max=1.058 η_n_max=1.279 primal=4.936 iters=25/25
[EErel] along_push=-0.033m (neg=correct)  perp=0.000m  ee_to_box=0.033m  stage=3  obj=[0. 0.]  g_hat=[-1. -0.]
[proxy] err=0.165m  effective=[0.1  0.   0.05]
[ADMM-C3+] primal: 6.1274->4.9359  dual: 109.8105->80.3187  mono=False  iters=25/25  rho=25.0
[ADMM-C3+] WARNING non-converged: pr=4.9359 dr=80.3187 tol=1e-03
[C3+] step=253 |u[0]|=32.92Nm λ_n_max=1.058 η_n_max=1.279 primal=4.936 iters=25/25
[CONTACT-RUN] step=43 nhat_BA_W=[+0.000,+0.000,+0.000] p_BCb=[+0.000,+0.000,+0.000] distance=+1.00000 contact_type=NONE
[X-SEQ-PROBE] step=43 x0_box=(+0.00000,+0.00000,+0.04999) x1_box=(-0.01168,-0.00110,+0.02547) x1_box_v=(-0.23502,-0.02352,-0.49050) dt=0.050
[APPROACH-OVERRIDE] step=43 phase=A_lift_trav face_axis=0 face_sign=+1 face_score=+1.000 surf_dist=0.1266m advance=0.0100m target=(+0.1000,+0.0000,+0.2007) p_ee_des=(+0.0431,-0.0003,+0.2007)
[VFF] step=43 mode=c3 alpha=0.000 v_des=(+0.0000,+0.0000,+0.0000) |v_des|=0.0000 sat=0 util_max=0.004@j1
[OSC-FORCE] step=43 mode=c3 lam_des=2.000 lam_ext=2.000
[GS] step=43 mode=c3 switch=kStayInC3 best_k=0 best_src=current curr_cost=104140.67 repos_cost=- best_other=173924.54 met_progress=Y steps_since_improve=39 switches=1
[STEP] step=43 mode=c3 t=0.430s ee=(+0.033,-0.000,+0.201) obj=(+0.000,+0.000,+0.050) goal_dist=0.300m switch=kStayInC3 c3_cost=104140.67 lam_n=0.000 lam_t=0.000 contact=N productive=N f_cmd=(+2.00,+0.00,-0.00)
[GATE-EVOLVE] step=43 curr=104140.67 best_other=173924.54 ratio=0.5988 ee_to_optimal=0.0419m phi=0.0757m
[DRAKE-CONTACT] step=43 n_pairs=1 ee_box_normal=0.000
[GATE-CONTACT] step=43 F_W=(+0.0000,+0.0000,+0.0000) F_on_box=(-0.0000,-0.0000,-0.0000) n_face_out=(-0.0000,-0.0000,-0.0000) A_is_ee=0 box_q=(+1.00000,-0.00001,+0.00001,-0.00000) box_p=(+0.00000,+0.00000,+0.04999) ee_p=(+0.03312,-0.00039,+0.20069)
[EErel] along_push=-0.034m (neg=correct)  perp=0.000m  ee_to_box=0.034m  stage=3  obj=[0. 0.]  g_hat=[-1. -0.]
[proxy] err=0.165m  effective=[0.101 0.    0.05 ]
[ADMM-C3+] primal: 6.1274->4.9359  dual: 109.8105->80.3187  mono=False  iters=25/25  rho=25.0
[ADMM-C3+] WARNING non-converged: pr=4.9359 dr=80.3187 tol=1e-03
[C3+] step=254 |u[0]|=34.15Nm λ_n_max=1.058 η_n_max=1.279 primal=4.936 iters=25/25
[EErel] along_push=-0.034m (neg=correct)  perp=0.000m  ee_to_box=0.034m  stage=3  obj=[0. 0.]  g_hat=[-1. -0.]
[proxy] err=0.165m  effective=[0.101 0.    0.05 ]
[ADMM-C3+] primal: 6.1274->4.9359  dual: 109.8105->80.3187  mono=False  iters=25/25  rho=25.0
[ADMM-C3+] WARNING non-converged: pr=4.9359 dr=80.3187 tol=1e-03
[C3+] step=259 |u[0]|=32.93Nm λ_n_max=1.058 η_n_max=1.279 primal=4.936 iters=25/25
[CONTACT-RUN] step=44 nhat_BA_W=[+0.000,+0.000,+0.000] p_BCb=[+0.000,+0.000,+0.000] distance=+1.00000 contact_type=NONE
[X-SEQ-PROBE] step=44 x0_box=(+0.00000,+0.00000,+0.04999) x1_box=(-0.01168,-0.00110,+0.02547) x1_box_v=(-0.23502,-0.02352,-0.49050) dt=0.050
[APPROACH-OVERRIDE] step=44 phase=A_lift_trav face_axis=0 face_sign=+1 face_score=+1.000 surf_dist=0.1266m advance=0.0100m target=(+0.1000,+0.0000,+0.2007) p_ee_des=(+0.0440,-0.0004,+0.2007)
[VFF] step=44 mode=c3 alpha=0.000 v_des=(+0.0000,+0.0000,+0.0000) |v_des|=0.0000 sat=0 util_max=0.004@j1
[OSC-FORCE] step=44 mode=c3 lam_des=2.000 lam_ext=2.000
[GS] step=44 mode=c3 switch=kStayInC3 best_k=0 best_src=current curr_cost=104144.53 repos_cost=- best_other=174031.27 met_progress=Y steps_since_improve=40 switches=1
[STEP] step=44 mode=c3 t=0.440s ee=(+0.034,-0.000,+0.201) obj=(+0.000,+0.000,+0.050) goal_dist=0.300m switch=kStayInC3 c3_cost=104144.53 lam_n=0.000 lam_t=0.000 contact=N productive=N f_cmd=(+2.00,+0.00,-0.00)
[GATE-EVOLVE] step=44 curr=104144.53 best_other=174031.27 ratio=0.5984 ee_to_optimal=0.0410m phi=0.0757m
[DRAKE-CONTACT] step=44 n_pairs=1 ee_box_normal=0.000
[GATE-CONTACT] step=44 F_W=(+0.0000,+0.0000,+0.0000) F_on_box=(-0.0000,-0.0000,-0.0000) n_face_out=(-0.0000,-0.0000,-0.0000) A_is_ee=0 box_q=(+1.00000,-0.00001,+0.00001,-0.00000) box_p=(+0.00000,+0.00000,+0.04999) ee_p=(+0.03396,-0.00043,+0.20070)
[EErel] along_push=-0.035m (neg=correct)  perp=0.000m  ee_to_box=0.035m  stage=3  obj=[0. 0.]  g_hat=[-1. -0.]
[proxy] err=0.165m  effective=[0.102 0.    0.05 ]
[ADMM-C3+] primal: 6.1274->4.9359  dual: 109.8105->80.3187  mono=False  iters=25/25  rho=25.0
[ADMM-C3+] WARNING non-converged: pr=4.9359 dr=80.3187 tol=1e-03
[C3+] step=260 |u[0]|=34.17Nm λ_n_max=1.058 η_n_max=1.279 primal=4.936 iters=25/25
[EErel] along_push=-0.035m (neg=correct)  perp=0.000m  ee_to_box=0.035m  stage=3  obj=[0. 0.]  g_hat=[-1. -0.]
[proxy] err=0.165m  effective=[0.102 0.    0.05 ]
[ADMM-C3+] primal: 6.1274->4.9359  dual: 109.8105->80.3187  mono=False  iters=25/25  rho=25.0
[ADMM-C3+] WARNING non-converged: pr=4.9359 dr=80.3187 tol=1e-03
[C3+] step=265 |u[0]|=32.94Nm λ_n_max=1.058 η_n_max=1.279 primal=4.936 iters=25/25
[CONTACT-RUN] step=45 nhat_BA_W=[+0.000,+0.000,+0.000] p_BCb=[+0.000,+0.000,+0.000] distance=+1.00000 contact_type=NONE
[X-SEQ-PROBE] step=45 x0_box=(+0.00000,+0.00000,+0.04999) x1_box=(-0.01168,-0.00110,+0.02547) x1_box_v=(-0.23502,-0.02352,-0.49050) dt=0.050
[APPROACH-OVERRIDE] step=45 phase=A_lift_trav face_axis=0 face_sign=+1 face_score=+1.000 surf_dist=0.1265m advance=0.0100m target=(+0.1000,+0.0000,+0.2007) p_ee_des=(+0.0448,-0.0004,+0.2007)
[VFF] step=45 mode=c3 alpha=0.000 v_des=(+0.0000,+0.0000,+0.0000) |v_des|=0.0000 sat=0 util_max=0.004@j1
[OSC-FORCE] step=45 mode=c3 lam_des=2.000 lam_ext=2.000
[GS] step=45 mode=c3 switch=kStayInC3 best_k=0 best_src=current curr_cost=104148.38 repos_cost=- best_other=174141.69 met_progress=Y steps_since_improve=41 switches=1
[STEP] step=45 mode=c3 t=0.450s ee=(+0.035,-0.000,+0.201) obj=(+0.000,+0.000,+0.050) goal_dist=0.300m switch=kStayInC3 c3_cost=104148.38 lam_n=0.000 lam_t=0.000 contact=N productive=N f_cmd=(+2.00,+0.00,-0.00)
[GATE-EVOLVE] step=45 curr=104148.38 best_other=174141.69 ratio=0.5981 ee_to_optimal=0.0402m phi=0.0757m
[DRAKE-CONTACT] step=45 n_pairs=1 ee_box_normal=0.000
[GATE-CONTACT] step=45 F_W=(+0.0000,+0.0000,+0.0000) F_on_box=(-0.0000,-0.0000,-0.0000) n_face_out=(-0.0000,-0.0000,-0.0000) A_is_ee=0 box_q=(+1.00000,-0.00001,+0.00001,+0.00000) box_p=(+0.00000,+0.00000,+0.04999) ee_p=(+0.03481,-0.00047,+0.20071)
[EErel] along_push=-0.036m (neg=correct)  perp=0.001m  ee_to_box=0.036m  stage=3  obj=[0. 0.]  g_hat=[-1. -0.]
[proxy] err=0.165m  effective=[0.103 0.    0.05 ]
[ADMM-C3+] primal: 6.1274->4.9359  dual: 109.8105->80.3187  mono=False  iters=25/25  rho=25.0
[ADMM-C3+] WARNING non-converged: pr=4.9359 dr=80.3187 tol=1e-03
[C3+] step=266 |u[0]|=34.18Nm λ_n_max=1.058 η_n_max=1.279 primal=4.936 iters=25/25
[EErel] along_push=-0.036m (neg=correct)  perp=0.001m  ee_to_box=0.036m  stage=3  obj=[0. 0.]  g_hat=[-1. -0.]
[proxy] err=0.165m  effective=[0.103 0.    0.05 ]
[ADMM-C3+] primal: 6.1274->4.9359  dual: 109.8105->80.3187  mono=False  iters=25/25  rho=25.0
[ADMM-C3+] WARNING non-converged: pr=4.9359 dr=80.3187 tol=1e-03
[C3+] step=271 |u[0]|=32.95Nm λ_n_max=1.058 η_n_max=1.279 primal=4.936 iters=25/25
[CONTACT-RUN] step=46 nhat_BA_W=[+0.000,+0.000,+0.000] p_BCb=[+0.000,+0.000,+0.000] distance=+1.00000 contact_type=NONE
[X-SEQ-PROBE] step=46 x0_box=(+0.00000,+0.00000,+0.04999) x1_box=(-0.01168,-0.00110,+0.02547) x1_box_v=(-0.23502,-0.02352,-0.49050) dt=0.050
[APPROACH-OVERRIDE] step=46 phase=A_lift_trav face_axis=0 face_sign=+1 face_score=+1.000 surf_dist=0.1264m advance=0.0100m target=(+0.1000,+0.0000,+0.2007) p_ee_des=(+0.0456,-0.0004,+0.2007)
[VFF] step=46 mode=c3 alpha=0.000 v_des=(+0.0000,+0.0000,+0.0000) |v_des|=0.0000 sat=0 util_max=0.005@j1
[OSC-FORCE] step=46 mode=c3 lam_des=2.000 lam_ext=2.000
[GS] step=46 mode=c3 switch=kStayInC3 best_k=0 best_src=current curr_cost=104152.22 repos_cost=- best_other=174255.54 met_progress=Y steps_since_improve=42 switches=1
[STEP] step=46 mode=c3 t=0.460s ee=(+0.036,-0.001,+0.201) obj=(+0.000,+0.000,+0.050) goal_dist=0.300m switch=kStayInC3 c3_cost=104152.22 lam_n=0.000 lam_t=0.000 contact=N productive=N f_cmd=(+2.00,+0.00,-0.00)
[GATE-EVOLVE] step=46 curr=104152.22 best_other=174255.54 ratio=0.5977 ee_to_optimal=0.0394m phi=0.0757m
[DRAKE-CONTACT] step=46 n_pairs=1 ee_box_normal=0.000
[GATE-CONTACT] step=46 F_W=(+0.0000,+0.0000,+0.0000) F_on_box=(-0.0000,-0.0000,-0.0000) n_face_out=(-0.0000,-0.0000,-0.0000) A_is_ee=0 box_q=(+1.00000,-0.00001,+0.00001,-0.00000) box_p=(+0.00000,+0.00000,+0.04999) ee_p=(+0.03565,-0.00051,+0.20072)
[EErel] along_push=-0.036m (neg=correct)  perp=0.001m  ee_to_box=0.036m  stage=3  obj=[0. 0.]  g_hat=[-1. -0.]
[proxy] err=0.165m  effective=[0.105 0.    0.05 ]
[ADMM-C3+] primal: 6.1274->4.9359  dual: 109.8105->80.3187  mono=False  iters=25/25  rho=25.0
[ADMM-C3+] WARNING non-converged: pr=4.9359 dr=80.3187 tol=1e-03
[C3+] step=272 |u[0]|=34.20Nm λ_n_max=1.058 η_n_max=1.279 primal=4.936 iters=25/25
[EErel] along_push=-0.036m (neg=correct)  perp=0.001m  ee_to_box=0.036m  stage=3  obj=[0. 0.]  g_hat=[-1. -0.]
[proxy] err=0.165m  effective=[0.105 0.    0.05 ]
[ADMM-C3+] primal: 6.1274->4.9359  dual: 109.8105->80.3187  mono=False  iters=25/25  rho=25.0
[ADMM-C3+] WARNING non-converged: pr=4.9359 dr=80.3187 tol=1e-03
[C3+] step=277 |u[0]|=32.96Nm λ_n_max=1.058 η_n_max=1.279 primal=4.936 iters=25/25
[CONTACT-RUN] step=47 nhat_BA_W=[+0.000,+0.000,+0.000] p_BCb=[+0.000,+0.000,+0.000] distance=+1.00000 contact_type=NONE
[X-SEQ-PROBE] step=47 x0_box=(+0.00000,+0.00000,+0.04999) x1_box=(-0.01168,-0.00110,+0.02547) x1_box_v=(-0.23502,-0.02352,-0.49050) dt=0.050
[APPROACH-OVERRIDE] step=47 phase=A_lift_trav face_axis=0 face_sign=+1 face_score=+1.000 surf_dist=0.1264m advance=0.0100m target=(+0.1000,+0.0000,+0.2007) p_ee_des=(+0.0465,-0.0005,+0.2007)
[VFF] step=47 mode=c3 alpha=0.000 v_des=(+0.0000,+0.0000,+0.0000) |v_des|=0.0000 sat=0 util_max=0.005@j1
[OSC-FORCE] step=47 mode=c3 lam_des=2.000 lam_ext=2.000
[GS] step=47 mode=c3 switch=kStayInC3 best_k=0 best_src=current curr_cost=104156.06 repos_cost=- best_other=174372.56 met_progress=Y steps_since_improve=43 switches=1
[STEP] step=47 mode=c3 t=0.470s ee=(+0.036,-0.001,+0.201) obj=(+0.000,+0.000,+0.050) goal_dist=0.300m switch=kStayInC3 c3_cost=104156.06 lam_n=0.000 lam_t=0.000 contact=N productive=N f_cmd=(+2.00,+0.00,-0.00)
[GATE-EVOLVE] step=47 curr=104156.06 best_other=174372.56 ratio=0.5973 ee_to_optimal=0.0385m phi=0.0757m
[DRAKE-CONTACT] step=47 n_pairs=1 ee_box_normal=0.000
[GATE-CONTACT] step=47 F_W=(+0.0000,+0.0000,+0.0000) F_on_box=(-0.0000,-0.0000,-0.0000) n_face_out=(-0.0000,-0.0000,-0.0000) A_is_ee=0 box_q=(+1.00000,-0.00001,+0.00001,-0.00000) box_p=(+0.00000,+0.00000,+0.04999) ee_p=(+0.03649,-0.00055,+0.20073)
[EErel] along_push=-0.037m (neg=correct)  perp=0.001m  ee_to_box=0.037m  stage=3  obj=[0. 0.]  g_hat=[-1. -0.]
[proxy] err=0.166m  effective=[0.106 0.    0.05 ]
[ADMM-C3+] primal: 6.1274->4.9359  dual: 109.8105->80.3187  mono=False  iters=25/25  rho=25.0
[ADMM-C3+] WARNING non-converged: pr=4.9359 dr=80.3187 tol=1e-03
[C3+] step=278 |u[0]|=34.21Nm λ_n_max=1.058 η_n_max=1.279 primal=4.936 iters=25/25
[EErel] along_push=-0.037m (neg=correct)  perp=0.001m  ee_to_box=0.037m  stage=3  obj=[0. 0.]  g_hat=[-1. -0.]
[proxy] err=0.166m  effective=[0.106 0.    0.05 ]
[ADMM-C3+] primal: 6.1274->4.9359  dual: 109.8105->80.3187  mono=False  iters=25/25  rho=25.0
[ADMM-C3+] WARNING non-converged: pr=4.9359 dr=80.3187 tol=1e-03
[C3+] step=283 |u[0]|=32.97Nm λ_n_max=1.058 η_n_max=1.279 primal=4.936 iters=25/25
[CONTACT-RUN] step=48 nhat_BA_W=[+0.000,+0.000,+0.000] p_BCb=[+0.000,+0.000,+0.000] distance=+1.00000 contact_type=NONE
[X-SEQ-PROBE] step=48 x0_box=(+0.00000,+0.00000,+0.04999) x1_box=(-0.01168,-0.00110,+0.02547) x1_box_v=(-0.23502,-0.02352,-0.49050) dt=0.050
[APPROACH-OVERRIDE] step=48 phase=A_lift_trav face_axis=0 face_sign=+1 face_score=+1.000 surf_dist=0.1263m advance=0.0100m target=(+0.1000,+0.0000,+0.2007) p_ee_des=(+0.0473,-0.0005,+0.2007)
[VFF] step=48 mode=c3 alpha=0.000 v_des=(+0.0000,+0.0000,+0.0000) |v_des|=0.0000 sat=0 util_max=0.005@j1
[OSC-FORCE] step=48 mode=c3 lam_des=2.000 lam_ext=2.000
[GS] step=48 mode=c3 switch=kStayInC3 best_k=0 best_src=current curr_cost=104159.89 repos_cost=- best_other=174492.49 met_progress=Y steps_since_improve=44 switches=1
[STEP] step=48 mode=c3 t=0.480s ee=(+0.037,-0.001,+0.201) obj=(+0.000,+0.000,+0.050) goal_dist=0.300m switch=kStayInC3 c3_cost=104159.89 lam_n=0.000 lam_t=0.000 contact=N productive=N f_cmd=(+2.00,+0.00,-0.00)
[GATE-EVOLVE] step=48 curr=104159.89 best_other=174492.49 ratio=0.5969 ee_to_optimal=0.0377m phi=0.0758m
[DRAKE-CONTACT] step=48 n_pairs=1 ee_box_normal=0.000
[GATE-CONTACT] step=48 F_W=(+0.0000,+0.0000,+0.0000) F_on_box=(-0.0000,-0.0000,-0.0000) n_face_out=(-0.0000,-0.0000,-0.0000) A_is_ee=0 box_q=(+1.00000,-0.00001,+0.00001,-0.00000) box_p=(+0.00000,+0.00000,+0.04999) ee_p=(+0.03733,-0.00059,+0.20075)
[EErel] along_push=-0.038m (neg=correct)  perp=0.001m  ee_to_box=0.038m  stage=3  obj=[0. 0.]  g_hat=[-1. -0.]
[proxy] err=0.166m  effective=[0.107 0.    0.05 ]
[ADMM-C3+] primal: 6.1274->4.9359  dual: 109.8105->80.3187  mono=False  iters=25/25  rho=25.0
[ADMM-C3+] WARNING non-converged: pr=4.9359 dr=80.3187 tol=1e-03
[C3+] step=284 |u[0]|=34.23Nm λ_n_max=1.058 η_n_max=1.279 primal=4.936 iters=25/25
[EErel] along_push=-0.038m (neg=correct)  perp=0.001m  ee_to_box=0.038m  stage=3  obj=[0. 0.]  g_hat=[-1. -0.]
[proxy] err=0.166m  effective=[0.107 0.    0.05 ]
[ADMM-C3+] primal: 6.1274->4.9359  dual: 109.8105->80.3187  mono=False  iters=25/25  rho=25.0
[ADMM-C3+] WARNING non-converged: pr=4.9359 dr=80.3187 tol=1e-03
[C3+] step=289 |u[0]|=32.98Nm λ_n_max=1.058 η_n_max=1.279 primal=4.936 iters=25/25
[CONTACT-RUN] step=49 nhat_BA_W=[+0.000,+0.000,+0.000] p_BCb=[+0.000,+0.000,+0.000] distance=+1.00000 contact_type=NONE
[X-SEQ-PROBE] step=49 x0_box=(+0.00000,+0.00000,+0.04999) x1_box=(-0.01168,-0.00110,+0.02547) x1_box_v=(-0.23502,-0.02352,-0.49050) dt=0.050
[APPROACH-OVERRIDE] step=49 phase=A_lift_trav face_axis=0 face_sign=+1 face_score=+1.000 surf_dist=0.1262m advance=0.0100m target=(+0.1000,+0.0000,+0.2008) p_ee_des=(+0.0482,-0.0005,+0.2008)
[VFF] step=49 mode=c3 alpha=0.000 v_des=(+0.0000,+0.0000,+0.0000) |v_des|=0.0000 sat=0 util_max=0.005@j1
[OSC-FORCE] step=49 mode=c3 lam_des=2.000 lam_ext=2.000
[GS] step=49 mode=c3 switch=kStayInC3 best_k=0 best_src=current curr_cost=104163.70 repos_cost=- best_other=174615.07 met_progress=Y steps_since_improve=45 switches=1
[STEP] step=49 mode=c3 t=0.490s ee=(+0.038,-0.001,+0.201) obj=(+0.000,+0.000,+0.050) goal_dist=0.300m switch=kStayInC3 c3_cost=104163.70 lam_n=0.000 lam_t=0.000 contact=N productive=N f_cmd=(+2.00,+0.00,-0.00)
[GATE-EVOLVE] step=49 curr=104163.70 best_other=174615.07 ratio=0.5965 ee_to_optimal=0.0368m phi=0.0758m
[DRAKE-CONTACT] step=49 n_pairs=1 ee_box_normal=0.000
[GATE-CONTACT] step=49 F_W=(+0.0000,+0.0000,+0.0000) F_on_box=(-0.0000,-0.0000,-0.0000) n_face_out=(-0.0000,-0.0000,-0.0000) A_is_ee=0 box_q=(+1.00000,-0.00001,+0.00001,-0.00000) box_p=(+0.00000,+0.00000,+0.04999) ee_p=(+0.03817,-0.00062,+0.20076)
[EErel] along_push=-0.039m (neg=correct)  perp=0.001m  ee_to_box=0.039m  stage=3  obj=[0. 0.]  g_hat=[-1. -0.]
[proxy] err=0.166m  effective=[0.109 0.    0.05 ]
[ADMM-C3+] primal: 6.1274->4.9359  dual: 109.8105->80.3187  mono=False  iters=25/25  rho=25.0
[ADMM-C3+] WARNING non-converged: pr=4.9359 dr=80.3187 tol=1e-03
[C3+] step=290 |u[0]|=34.25Nm λ_n_max=1.058 η_n_max=1.279 primal=4.936 iters=25/25
[EErel] along_push=-0.039m (neg=correct)  perp=0.001m  ee_to_box=0.039m  stage=3  obj=[0. 0.]  g_hat=[-1. -0.]
[proxy] err=0.166m  effective=[0.109 0.    0.05 ]
[ADMM-C3+] primal: 6.1274->4.9359  dual: 109.8105->80.3187  mono=False  iters=25/25  rho=25.0
[ADMM-C3+] WARNING non-converged: pr=4.9359 dr=80.3187 tol=1e-03
[C3+] step=295 |u[0]|=33.00Nm λ_n_max=1.058 η_n_max=1.279 primal=4.936 iters=25/25
[CONTACT-RUN] step=50 nhat_BA_W=[+0.000,+0.000,+0.000] p_BCb=[+0.000,+0.000,+0.000] distance=+1.00000 contact_type=NONE
[X-SEQ-PROBE] step=50 x0_box=(+0.00000,+0.00000,+0.04999) x1_box=(-0.01168,-0.00110,+0.02547) x1_box_v=(-0.23502,-0.02352,-0.49050) dt=0.050
[APPROACH-OVERRIDE] step=50 phase=A_lift_trav face_axis=0 face_sign=+1 face_score=+1.000 surf_dist=0.1262m advance=0.0100m target=(+0.1000,+0.0000,+0.2008) p_ee_des=(+0.0490,-0.0005,+0.2008)
[VFF] step=50 mode=c3 alpha=0.000 v_des=(+0.0000,+0.0000,+0.0000) |v_des|=0.0000 sat=0 util_max=0.005@j1
[OSC-FORCE] step=50 mode=c3 lam_des=2.000 lam_ext=2.000
[IMP] step=50 mode=c3 |x_err|=0.0100m |tau_imp|=0.51Nm |tau_ff|=1.20Nm |tau_out|=0.51Nm sat=False lam_n=True lam_t=True
[GS] step=50 mode=c3 switch=kStayInC3 best_k=0 best_src=current curr_cost=104167.51 repos_cost=- best_other=174894.47 met_progress=Y steps_since_improve=46 switches=1
[STEP] step=50 mode=c3 t=0.500s ee=(+0.039,-0.001,+0.201) obj=(+0.000,+0.000,+0.050) goal_dist=0.300m switch=kStayInC3 c3_cost=104167.51 lam_n=0.000 lam_t=0.000 contact=N productive=N f_cmd=(+2.00,+0.00,-0.00)
[GATE-EVOLVE] step=50 curr=104167.51 best_other=174894.47 ratio=0.5956 ee_to_optimal=0.0360m phi=0.0758m
[DRAKE-CONTACT] step=50 n_pairs=1 ee_box_normal=0.000
[GATE-CONTACT] step=50 F_W=(+0.0000,+0.0000,+0.0000) F_on_box=(-0.0000,-0.0000,-0.0000) n_face_out=(-0.0000,-0.0000,-0.0000) A_is_ee=0 box_q=(+1.00000,-0.00001,+0.00001,-0.00000) box_p=(+0.00000,+0.00000,+0.04999) ee_p=(+0.03901,-0.00066,+0.20077)
[EErel] along_push=-0.040m (neg=correct)  perp=0.001m  ee_to_box=0.040m  stage=3  obj=[0. 0.]  g_hat=[-1. -0.]
[proxy] err=0.166m  effective=[0.11 0.   0.05]
[ADMM-C3+] primal: 6.1274->4.9359  dual: 109.8105->80.3187  mono=False  iters=25/25  rho=25.0
[ADMM-C3+] WARNING non-converged: pr=4.9359 dr=80.3187 tol=1e-03
[C3+] step=296 |u[0]|=34.27Nm λ_n_max=1.058 η_n_max=1.279 primal=4.936 iters=25/25
[EErel] along_push=-0.040m (neg=correct)  perp=0.001m  ee_to_box=0.040m  stage=3  obj=[0. 0.]  g_hat=[-1. -0.]
[proxy] err=0.166m  effective=[0.11 0.   0.05]
[ADMM-C3+] primal: 6.1274->4.9359  dual: 109.8105->80.3187  mono=False  iters=25/25  rho=25.0
[ADMM-C3+] WARNING non-converged: pr=4.9359 dr=80.3187 tol=1e-03
[C3+] step=301 |u[0]|=33.01Nm λ_n_max=1.058 η_n_max=1.279 primal=4.936 iters=25/25
[CONTACT-RUN] step=51 nhat_BA_W=[+0.000,+0.000,+0.000] p_BCb=[+0.000,+0.000,+0.000] distance=+1.00000 contact_type=NONE
[X-SEQ-PROBE] step=51 x0_box=(+0.00000,+0.00000,+0.04999) x1_box=(-0.01168,-0.00110,+0.02547) x1_box_v=(-0.23502,-0.02352,-0.49050) dt=0.050
[APPROACH-OVERRIDE] step=51 phase=A_lift_trav face_axis=0 face_sign=+1 face_score=+1.000 surf_dist=0.1261m advance=0.0100m target=(+0.1000,+0.0000,+0.2008) p_ee_des=(+0.0498,-0.0006,+0.2008)
[VFF] step=51 mode=c3 alpha=0.000 v_des=(+0.0000,+0.0000,+0.0000) |v_des|=0.0000 sat=0 util_max=0.005@j1
[OSC-FORCE] step=51 mode=c3 lam_des=2.000 lam_ext=2.000
[GS] step=51 mode=c3 switch=kStayInC3 best_k=0 best_src=current curr_cost=104171.30 repos_cost=- best_other=174897.96 met_progress=Y steps_since_improve=47 switches=1
[STEP] step=51 mode=c3 t=0.510s ee=(+0.040,-0.001,+0.201) obj=(+0.000,+0.000,+0.050) goal_dist=0.300m switch=kStayInC3 c3_cost=104171.30 lam_n=0.000 lam_t=0.000 contact=N productive=N f_cmd=(+2.00,+0.00,-0.00)
[GATE-EVOLVE] step=51 curr=104171.30 best_other=174897.96 ratio=0.5956 ee_to_optimal=0.0352m phi=0.0758m
  t=0.50s | ee=(0.040, -0.001, 0.201) | obj=(0.000, 0.000, 0.050) | |u|=0.52 Nm | goal_dist=0.300 m
[DRAKE-CONTACT] step=51 n_pairs=1 ee_box_normal=0.000
[GATE-CONTACT] step=51 F_W=(+0.0000,+0.0000,+0.0000) F_on_box=(-0.0000,-0.0000,-0.0000) n_face_out=(-0.0000,-0.0000,-0.0000) A_is_ee=0 box_q=(+1.00000,-0.00001,+0.00001,-0.00000) box_p=(+0.00000,+0.00000,+0.04999) ee_p=(+0.03985,-0.00069,+0.20078)
[EErel] along_push=-0.041m (neg=correct)  perp=0.001m  ee_to_box=0.041m  stage=3  obj=[0. 0.]  g_hat=[-1. -0.]
[proxy] err=0.166m  effective=[0.111 0.    0.05 ]
[ADMM-C3+] primal: 6.1274->4.9359  dual: 109.8105->80.3187  mono=False  iters=25/25  rho=25.0
[ADMM-C3+] WARNING non-converged: pr=4.9359 dr=80.3187 tol=1e-03
[C3+] step=302 |u[0]|=34.29Nm λ_n_max=1.058 η_n_max=1.279 primal=4.936 iters=25/25
[EErel] along_push=-0.041m (neg=correct)  perp=0.001m  ee_to_box=0.041m  stage=3  obj=[0. 0.]  g_hat=[-1. -0.]
[proxy] err=0.166m  effective=[0.111 0.    0.05 ]
[ADMM-C3+] primal: 6.1274->4.9359  dual: 109.8105->80.3187  mono=False  iters=25/25  rho=25.0
[ADMM-C3+] WARNING non-converged: pr=4.9359 dr=80.3187 tol=1e-03
[C3+] step=307 |u[0]|=33.03Nm λ_n_max=1.058 η_n_max=1.279 primal=4.936 iters=25/25
[CONTACT-RUN] step=52 nhat_BA_W=[+0.000,+0.000,+0.000] p_BCb=[+0.000,+0.000,+0.000] distance=+1.00000 contact_type=NONE
[X-SEQ-PROBE] step=52 x0_box=(+0.00000,+0.00000,+0.04999) x1_box=(-0.01168,-0.00110,+0.02547) x1_box_v=(-0.23502,-0.02352,-0.49050) dt=0.050
[APPROACH-OVERRIDE] step=52 phase=A_lift_trav face_axis=0 face_sign=+1 face_score=+1.000 surf_dist=0.1261m advance=0.0100m target=(+0.1000,+0.0000,+0.2008) p_ee_des=(+0.0507,-0.0006,+0.2008)
[VFF] step=52 mode=c3 alpha=0.000 v_des=(+0.0000,+0.0000,+0.0000) |v_des|=0.0000 sat=0 util_max=0.005@j1
[OSC-FORCE] step=52 mode=c3 lam_des=2.000 lam_ext=2.000
[GS] step=52 mode=c3 switch=kStayInC3 best_k=0 best_src=current curr_cost=104175.08 repos_cost=- best_other=175044.50 met_progress=Y steps_since_improve=48 switches=1
[STEP] step=52 mode=c3 t=0.520s ee=(+0.041,-0.001,+0.201) obj=(+0.000,+0.000,+0.050) goal_dist=0.300m switch=kStayInC3 c3_cost=104175.08 lam_n=0.000 lam_t=0.000 contact=N productive=N f_cmd=(+2.00,+0.00,-0.00)
[GATE-EVOLVE] step=52 curr=104175.08 best_other=175044.50 ratio=0.5951 ee_to_optimal=0.0343m phi=0.0758m
[DRAKE-CONTACT] step=52 n_pairs=1 ee_box_normal=0.000
[GATE-CONTACT] step=52 F_W=(+0.0000,+0.0000,+0.0000) F_on_box=(-0.0000,-0.0000,-0.0000) n_face_out=(-0.0000,-0.0000,-0.0000) A_is_ee=0 box_q=(+1.00000,-0.00001,+0.00001,-0.00000) box_p=(+0.00000,+0.00000,+0.04999) ee_p=(+0.04069,-0.00072,+0.20078)
[EErel] along_push=-0.042m (neg=correct)  perp=0.001m  ee_to_box=0.042m  stage=3  obj=[0. 0.]  g_hat=[-1. -0.]
[proxy] err=0.167m  effective=[0.112 0.    0.05 ]
[ADMM-C3+] primal: 6.1274->4.9359  dual: 109.8105->80.3187  mono=False  iters=25/25  rho=25.0
[ADMM-C3+] WARNING non-converged: pr=4.9359 dr=80.3187 tol=1e-03
[C3+] step=308 |u[0]|=34.30Nm λ_n_max=1.058 η_n_max=1.279 primal=4.936 iters=25/25
[EErel] along_push=-0.042m (neg=correct)  perp=0.001m  ee_to_box=0.042m  stage=3  obj=[0. 0.]  g_hat=[-1. -0.]
[proxy] err=0.167m  effective=[0.112 0.    0.05 ]
[ADMM-C3+] primal: 6.1274->4.9359  dual: 109.8105->80.3187  mono=False  iters=25/25  rho=25.0
[ADMM-C3+] WARNING non-converged: pr=4.9359 dr=80.3187 tol=1e-03
[C3+] step=313 |u[0]|=33.05Nm λ_n_max=1.058 η_n_max=1.279 primal=4.936 iters=25/25
[CONTACT-RUN] step=53 nhat_BA_W=[+0.000,+0.000,+0.000] p_BCb=[+0.000,+0.000,+0.000] distance=+1.00000 contact_type=NONE
[X-SEQ-PROBE] step=53 x0_box=(+0.00000,+0.00000,+0.04999) x1_box=(-0.01168,-0.00110,+0.02547) x1_box_v=(-0.23502,-0.02352,-0.49050) dt=0.050
[APPROACH-OVERRIDE] step=53 phase=A_lift_trav face_axis=0 face_sign=+1 face_score=+1.000 surf_dist=0.1260m advance=0.0100m target=(+0.1000,+0.0000,+0.2008) p_ee_des=(+0.0515,-0.0006,+0.2008)
[VFF] step=53 mode=c3 alpha=0.000 v_des=(+0.0000,+0.0000,+0.0000) |v_des|=0.0000 sat=0 util_max=0.005@j1
[OSC-FORCE] step=53 mode=c3 lam_des=2.000 lam_ext=2.000
[GS] step=53 mode=c3 switch=kStayInC3 best_k=0 best_src=current curr_cost=104178.84 repos_cost=- best_other=175192.85 met_progress=Y steps_since_improve=49 switches=1
[STEP] step=53 mode=c3 t=0.530s ee=(+0.042,-0.001,+0.201) obj=(+0.000,+0.000,+0.050) goal_dist=0.300m switch=kStayInC3 c3_cost=104178.84 lam_n=0.000 lam_t=0.000 contact=N productive=N f_cmd=(+2.00,+0.00,-0.00)
[GATE-EVOLVE] step=53 curr=104178.84 best_other=175192.85 ratio=0.5947 ee_to_optimal=0.0335m phi=0.0758m
[DRAKE-CONTACT] step=53 n_pairs=1 ee_box_normal=0.000
[GATE-CONTACT] step=53 F_W=(+0.0000,+0.0000,+0.0000) F_on_box=(-0.0000,-0.0000,-0.0000) n_face_out=(-0.0000,-0.0000,-0.0000) A_is_ee=0 box_q=(+1.00000,-0.00001,+0.00001,-0.00000) box_p=(+0.00000,+0.00000,+0.04999) ee_p=(+0.04153,-0.00075,+0.20079)
[EErel] along_push=-0.042m (neg=correct)  perp=0.001m  ee_to_box=0.042m  stage=3  obj=[0. 0.]  g_hat=[-1. -0.]
[proxy] err=0.167m  effective=[0.114 0.    0.05 ]
[ADMM-C3+] primal: 6.1274->4.9359  dual: 109.8105->80.3187  mono=False  iters=25/25  rho=25.0
[ADMM-C3+] WARNING non-converged: pr=4.9359 dr=80.3187 tol=1e-03
[C3+] step=314 |u[0]|=34.32Nm λ_n_max=1.058 η_n_max=1.279 primal=4.936 iters=25/25
[EErel] along_push=-0.042m (neg=correct)  perp=0.001m  ee_to_box=0.042m  stage=3  obj=[0. 0.]  g_hat=[-1. -0.]
[proxy] err=0.167m  effective=[0.114 0.    0.05 ]
[ADMM-C3+] primal: 6.1274->4.9359  dual: 109.8105->80.3187  mono=False  iters=25/25  rho=25.0
[ADMM-C3+] WARNING non-converged: pr=4.9359 dr=80.3187 tol=1e-03
[C3+] step=319 |u[0]|=33.06Nm λ_n_max=1.058 η_n_max=1.279 primal=4.936 iters=25/25
[CONTACT-RUN] step=54 nhat_BA_W=[+0.000,+0.000,+0.000] p_BCb=[+0.000,+0.000,+0.000] distance=+1.00000 contact_type=NONE
[X-SEQ-PROBE] step=54 x0_box=(+0.00000,+0.00000,+0.04999) x1_box=(-0.01168,-0.00110,+0.02547) x1_box_v=(-0.23502,-0.02352,-0.49050) dt=0.050
[APPROACH-OVERRIDE] step=54 phase=A_lift_trav face_axis=0 face_sign=+1 face_score=+1.000 surf_dist=0.1260m advance=0.0100m target=(+0.1000,+0.0000,+0.2008) p_ee_des=(+0.0524,-0.0006,+0.2008)
[VFF] step=54 mode=c3 alpha=0.000 v_des=(+0.0000,+0.0000,+0.0000) |v_des|=0.0000 sat=0 util_max=0.005@j1
[OSC-FORCE] step=54 mode=c3 lam_des=2.000 lam_ext=2.000
[GS] step=54 mode=c3 switch=kStayInC3 best_k=0 best_src=current curr_cost=104182.59 repos_cost=- best_other=175342.74 met_progress=Y steps_since_improve=50 switches=1
[STEP] step=54 mode=c3 t=0.540s ee=(+0.042,-0.001,+0.201) obj=(+0.000,+0.000,+0.050) goal_dist=0.300m switch=kStayInC3 c3_cost=104182.59 lam_n=0.000 lam_t=0.000 contact=N productive=N f_cmd=(+2.00,+0.00,-0.00)
[GATE-EVOLVE] step=54 curr=104182.59 best_other=175342.74 ratio=0.5942 ee_to_optimal=0.0326m phi=0.0758m
[DRAKE-CONTACT] step=54 n_pairs=1 ee_box_normal=0.000
[GATE-CONTACT] step=54 F_W=(+0.0000,+0.0000,+0.0000) F_on_box=(-0.0000,-0.0000,-0.0000) n_face_out=(-0.0000,-0.0000,-0.0000) A_is_ee=0 box_q=(+1.00000,-0.00001,+0.00001,-0.00000) box_p=(+0.00000,+0.00000,+0.04999) ee_p=(+0.04237,-0.00079,+0.20080)
[EErel] along_push=-0.043m (neg=correct)  perp=0.001m  ee_to_box=0.043m  stage=3  obj=[0. 0.]  g_hat=[-1. -0.]
[proxy] err=0.167m  effective=[0.115 0.    0.05 ]
[ADMM-C3+] primal: 6.1274->4.9359  dual: 109.8105->80.3187  mono=False  iters=25/25  rho=25.0
[ADMM-C3+] WARNING non-converged: pr=4.9359 dr=80.3187 tol=1e-03
[C3+] step=320 |u[0]|=34.35Nm λ_n_max=1.058 η_n_max=1.279 primal=4.936 iters=25/25
[EErel] along_push=-0.043m (neg=correct)  perp=0.001m  ee_to_box=0.043m  stage=3  obj=[0. 0.]  g_hat=[-1. -0.]
[proxy] err=0.167m  effective=[0.115 0.    0.05 ]
[ADMM-C3+] primal: 6.1274->4.9359  dual: 109.8105->80.3187  mono=False  iters=25/25  rho=25.0
[ADMM-C3+] WARNING non-converged: pr=4.9359 dr=80.3187 tol=1e-03
[C3+] step=325 |u[0]|=33.08Nm λ_n_max=1.058 η_n_max=1.279 primal=4.936 iters=25/25
[CONTACT-RUN] step=55 nhat_BA_W=[+0.000,+0.000,+0.000] p_BCb=[+0.000,+0.000,+0.000] distance=+1.00000 contact_type=NONE
[X-SEQ-PROBE] step=55 x0_box=(+0.00000,+0.00000,+0.04999) x1_box=(-0.01168,-0.00110,+0.02547) x1_box_v=(-0.23502,-0.02352,-0.49050) dt=0.050
[APPROACH-OVERRIDE] step=55 phase=A_lift_trav face_axis=0 face_sign=+1 face_score=+1.000 surf_dist=0.1260m advance=0.0100m target=(+0.1000,+0.0000,+0.2008) p_ee_des=(+0.0532,-0.0007,+0.2008)
[VFF] step=55 mode=c3 alpha=0.000 v_des=(+0.0000,+0.0000,+0.0000) |v_des|=0.0000 sat=0 util_max=0.005@j1
[OSC-FORCE] step=55 mode=c3 lam_des=2.000 lam_ext=2.000
[GS] step=55 mode=c3 switch=kStayInC3 best_k=0 best_src=current curr_cost=104186.32 repos_cost=- best_other=175493.91 met_progress=Y steps_since_improve=51 switches=1
[STEP] step=55 mode=c3 t=0.550s ee=(+0.043,-0.001,+0.201) obj=(+0.000,+0.000,+0.050) goal_dist=0.300m switch=kStayInC3 c3_cost=104186.32 lam_n=0.000 lam_t=0.000 contact=N productive=N f_cmd=(+2.00,+0.00,-0.00)
[GATE-EVOLVE] step=55 curr=104186.32 best_other=175493.91 ratio=0.5937 ee_to_optimal=0.0318m phi=0.0758m
[DRAKE-CONTACT] step=55 n_pairs=1 ee_box_normal=0.000
[GATE-CONTACT] step=55 F_W=(+0.0000,+0.0000,+0.0000) F_on_box=(-0.0000,-0.0000,-0.0000) n_face_out=(-0.0000,-0.0000,-0.0000) A_is_ee=0 box_q=(+1.00000,-0.00001,+0.00001,-0.00000) box_p=(+0.00000,+0.00000,+0.04999) ee_p=(+0.04321,-0.00082,+0.20081)
[EErel] along_push=-0.044m (neg=correct)  perp=0.001m  ee_to_box=0.044m  stage=3  obj=[0. 0.]  g_hat=[-1. -0.]
[proxy] err=0.167m  effective=[0.116 0.    0.05 ]
[ADMM-C3+] primal: 6.1274->4.9359  dual: 109.8105->80.3187  mono=False  iters=25/25  rho=25.0
[ADMM-C3+] WARNING non-converged: pr=4.9359 dr=80.3187 tol=1e-03
[C3+] step=326 |u[0]|=34.37Nm λ_n_max=1.058 η_n_max=1.279 primal=4.936 iters=25/25
[EErel] along_push=-0.044m (neg=correct)  perp=0.001m  ee_to_box=0.044m  stage=3  obj=[0. 0.]  g_hat=[-1. -0.]
[proxy] err=0.167m  effective=[0.116 0.    0.05 ]
[ADMM-C3+] primal: 6.1274->4.9359  dual: 109.8105->80.3187  mono=False  iters=25/25  rho=25.0
[ADMM-C3+] WARNING non-converged: pr=4.9359 dr=80.3187 tol=1e-03
[C3+] step=331 |u[0]|=33.10Nm λ_n_max=1.058 η_n_max=1.279 primal=4.936 iters=25/25
[CONTACT-RUN] step=56 nhat_BA_W=[+0.000,+0.000,+0.000] p_BCb=[+0.000,+0.000,+0.000] distance=+1.00000 contact_type=NONE
[X-SEQ-PROBE] step=56 x0_box=(+0.00000,+0.00000,+0.04999) x1_box=(-0.01168,-0.00110,+0.02547) x1_box_v=(-0.23502,-0.02352,-0.49050) dt=0.050
[APPROACH-OVERRIDE] step=56 phase=A_lift_trav face_axis=0 face_sign=+1 face_score=+1.000 surf_dist=0.1260m advance=0.0100m target=(+0.1000,+0.0000,+0.2008) p_ee_des=(+0.0540,-0.0007,+0.2008)
[VFF] step=56 mode=c3 alpha=0.000 v_des=(+0.0000,+0.0000,+0.0000) |v_des|=0.0000 sat=0 util_max=0.005@j1
[OSC-FORCE] step=56 mode=c3 lam_des=2.000 lam_ext=2.000
[GS] step=56 mode=c3 switch=kStayInC3 best_k=0 best_src=current curr_cost=104190.03 repos_cost=- best_other=175646.09 met_progress=Y steps_since_improve=52 switches=1
[STEP] step=56 mode=c3 t=0.560s ee=(+0.044,-0.001,+0.201) obj=(+0.000,+0.000,+0.050) goal_dist=0.300m switch=kStayInC3 c3_cost=104190.03 lam_n=0.000 lam_t=0.000 contact=N productive=N f_cmd=(+2.00,+0.00,-0.00)
[GATE-EVOLVE] step=56 curr=104190.03 best_other=175646.09 ratio=0.5932 ee_to_optimal=0.0310m phi=0.0758m
[DRAKE-CONTACT] step=56 n_pairs=1 ee_box_normal=0.000
[GATE-CONTACT] step=56 F_W=(+0.0000,+0.0000,+0.0000) F_on_box=(-0.0000,-0.0000,-0.0000) n_face_out=(-0.0000,-0.0000,-0.0000) A_is_ee=0 box_q=(+1.00000,-0.00001,+0.00001,-0.00000) box_p=(+0.00000,+0.00000,+0.04999) ee_p=(+0.04405,-0.00084,+0.20082)
[EErel] along_push=-0.045m (neg=correct)  perp=0.001m  ee_to_box=0.045m  stage=3  obj=[0. 0.]  g_hat=[-1. -0.]
[proxy] err=0.167m  effective=[0.117 0.    0.05 ]
[ADMM-C3+] primal: 6.1274->4.9359  dual: 109.8105->80.3187  mono=False  iters=25/25  rho=25.0
[ADMM-C3+] WARNING non-converged: pr=4.9359 dr=80.3187 tol=1e-03
[C3+] step=332 |u[0]|=34.39Nm λ_n_max=1.058 η_n_max=1.279 primal=4.936 iters=25/25
[EErel] along_push=-0.045m (neg=correct)  perp=0.001m  ee_to_box=0.045m  stage=3  obj=[0. 0.]  g_hat=[-1. -0.]
[proxy] err=0.167m  effective=[0.117 0.    0.05 ]
[ADMM-C3+] primal: 6.1274->4.9359  dual: 109.8105->80.3187  mono=False  iters=25/25  rho=25.0
[ADMM-C3+] WARNING non-converged: pr=4.9359 dr=80.3187 tol=1e-03
[C3+] step=337 |u[0]|=33.12Nm λ_n_max=1.058 η_n_max=1.279 primal=4.936 iters=25/25
[CONTACT-RUN] step=57 nhat_BA_W=[+0.000,+0.000,+0.000] p_BCb=[+0.000,+0.000,+0.000] distance=+1.00000 contact_type=NONE
[X-SEQ-PROBE] step=57 x0_box=(+0.00000,+0.00000,+0.04999) x1_box=(-0.01168,-0.00110,+0.02547) x1_box_v=(-0.23502,-0.02352,-0.49050) dt=0.050
[APPROACH-OVERRIDE] step=57 phase=A_lift_trav face_axis=0 face_sign=+1 face_score=+1.000 surf_dist=0.1259m advance=0.0100m target=(+0.1000,+0.0000,+0.2008) p_ee_des=(+0.0549,-0.0007,+0.2008)
[VFF] step=57 mode=c3 alpha=0.000 v_des=(+0.0000,+0.0000,+0.0000) |v_des|=0.0000 sat=0 util_max=0.005@j1
[OSC-FORCE] step=57 mode=c3 lam_des=2.000 lam_ext=2.000
[GS] step=57 mode=c3 switch=kStayInC3 best_k=0 best_src=current curr_cost=104193.73 repos_cost=- best_other=175799.03 met_progress=Y steps_since_improve=53 switches=1
[STEP] step=57 mode=c3 t=0.570s ee=(+0.045,-0.001,+0.201) obj=(+0.000,+0.000,+0.050) goal_dist=0.300m switch=kStayInC3 c3_cost=104193.73 lam_n=0.000 lam_t=0.000 contact=N productive=N f_cmd=(+2.00,+0.00,-0.00)
[GATE-EVOLVE] step=57 curr=104193.73 best_other=175799.03 ratio=0.5927 ee_to_optimal=0.0301m phi=0.0758m
[DRAKE-CONTACT] step=57 n_pairs=1 ee_box_normal=0.000
[GATE-CONTACT] step=57 F_W=(+0.0000,+0.0000,+0.0000) F_on_box=(-0.0000,-0.0000,-0.0000) n_face_out=(-0.0000,-0.0000,-0.0000) A_is_ee=0 box_q=(+1.00000,-0.00001,+0.00001,-0.00000) box_p=(+0.00000,+0.00000,+0.04999) ee_p=(+0.04489,-0.00087,+0.20083)
[EErel] along_push=-0.046m (neg=correct)  perp=0.001m  ee_to_box=0.046m  stage=3  obj=[0. 0.]  g_hat=[-1. -0.]
[proxy] err=0.168m  effective=[0.119 0.    0.05 ]
[ADMM-C3+] primal: 6.1274->4.9359  dual: 109.8105->80.3187  mono=False  iters=25/25  rho=25.0
[ADMM-C3+] WARNING non-converged: pr=4.9359 dr=80.3187 tol=1e-03
[C3+] step=338 |u[0]|=34.42Nm λ_n_max=1.058 η_n_max=1.279 primal=4.936 iters=25/25
[EErel] along_push=-0.046m (neg=correct)  perp=0.001m  ee_to_box=0.046m  stage=3  obj=[0. 0.]  g_hat=[-1. -0.]
[proxy] err=0.168m  effective=[0.119 0.    0.05 ]
[ADMM-C3+] primal: 6.1274->4.9359  dual: 109.8105->80.3187  mono=False  iters=25/25  rho=25.0
[ADMM-C3+] WARNING non-converged: pr=4.9359 dr=80.3187 tol=1e-03
[C3+] step=343 |u[0]|=33.14Nm λ_n_max=1.058 η_n_max=1.279 primal=4.936 iters=25/25
[CONTACT-RUN] step=58 nhat_BA_W=[+0.000,+0.000,+0.000] p_BCb=[+0.000,+0.000,+0.000] distance=+1.00000 contact_type=NONE
[X-SEQ-PROBE] step=58 x0_box=(+0.00000,+0.00000,+0.04999) x1_box=(-0.01168,-0.00110,+0.02547) x1_box_v=(-0.23502,-0.02352,-0.49050) dt=0.050
[APPROACH-OVERRIDE] step=58 phase=A_lift_trav face_axis=0 face_sign=+1 face_score=+1.000 surf_dist=0.1259m advance=0.0100m target=(+0.1000,+0.0000,+0.2008) p_ee_des=(+0.0557,-0.0007,+0.2008)
[VFF] step=58 mode=c3 alpha=0.000 v_des=(+0.0000,+0.0000,+0.0000) |v_des|=0.0000 sat=0 util_max=0.005@j1
[OSC-FORCE] step=58 mode=c3 lam_des=2.000 lam_ext=2.000
[GS] step=58 mode=c3 switch=kStayInC3 best_k=0 best_src=current curr_cost=104197.40 repos_cost=- best_other=175952.49 met_progress=Y steps_since_improve=54 switches=1
[STEP] step=58 mode=c3 t=0.580s ee=(+0.046,-0.001,+0.201) obj=(+0.000,+0.000,+0.050) goal_dist=0.300m switch=kStayInC3 c3_cost=104197.40 lam_n=0.000 lam_t=0.000 contact=N productive=N f_cmd=(+2.00,+0.00,-0.00)
[GATE-EVOLVE] step=58 curr=104197.40 best_other=175952.49 ratio=0.5922 ee_to_optimal=0.0293m phi=0.0758m
[DRAKE-CONTACT] step=58 n_pairs=1 ee_box_normal=0.000
[GATE-CONTACT] step=58 F_W=(+0.0000,+0.0000,+0.0000) F_on_box=(-0.0000,-0.0000,-0.0000) n_face_out=(-0.0000,-0.0000,-0.0000) A_is_ee=0 box_q=(+1.00000,-0.00001,+0.00001,-0.00000) box_p=(+0.00000,+0.00000,+0.04999) ee_p=(+0.04573,-0.00090,+0.20084)
[EErel] along_push=-0.047m (neg=correct)  perp=0.001m  ee_to_box=0.047m  stage=3  obj=[0. 0.]  g_hat=[-1. -0.]
[proxy] err=0.168m  effective=[0.12 0.   0.05]
[ADMM-C3+] primal: 6.1274->4.9359  dual: 109.8105->80.3187  mono=False  iters=25/25  rho=25.0
[ADMM-C3+] WARNING non-converged: pr=4.9359 dr=80.3187 tol=1e-03
[C3+] step=344 |u[0]|=34.44Nm λ_n_max=1.058 η_n_max=1.279 primal=4.936 iters=25/25
[EErel] along_push=-0.047m (neg=correct)  perp=0.001m  ee_to_box=0.047m  stage=3  obj=[0. 0.]  g_hat=[-1. -0.]
[proxy] err=0.168m  effective=[0.12 0.   0.05]
[ADMM-C3+] primal: 6.1274->4.9359  dual: 109.8105->80.3187  mono=False  iters=25/25  rho=25.0
[ADMM-C3+] WARNING non-converged: pr=4.9359 dr=80.3187 tol=1e-03
[C3+] step=349 |u[0]|=33.16Nm λ_n_max=1.058 η_n_max=1.279 primal=4.936 iters=25/25
[CONTACT-RUN] step=59 nhat_BA_W=[+0.000,+0.000,+0.000] p_BCb=[+0.000,+0.000,+0.000] distance=+1.00000 contact_type=NONE
[X-SEQ-PROBE] step=59 x0_box=(+0.00000,+0.00000,+0.04999) x1_box=(-0.01168,-0.00110,+0.02547) x1_box_v=(-0.23502,-0.02352,-0.49050) dt=0.050
[APPROACH-OVERRIDE] step=59 phase=A_lift_trav face_axis=0 face_sign=+1 face_score=+1.000 surf_dist=0.1259m advance=0.0100m target=(+0.1000,+0.0000,+0.2008) p_ee_des=(+0.0566,-0.0008,+0.2008)
[VFF] step=59 mode=c3 alpha=0.000 v_des=(+0.0000,+0.0000,+0.0000) |v_des|=0.0000 sat=0 util_max=0.005@j1
[OSC-FORCE] step=59 mode=c3 lam_des=2.000 lam_ext=2.000
[GS] step=59 mode=c3 switch=kStayInC3 best_k=0 best_src=current curr_cost=104201.06 repos_cost=- best_other=176106.22 met_progress=Y steps_since_improve=55 switches=1
[STEP] step=59 mode=c3 t=0.590s ee=(+0.047,-0.001,+0.201) obj=(+0.000,+0.000,+0.050) goal_dist=0.300m switch=kStayInC3 c3_cost=104201.06 lam_n=0.000 lam_t=0.000 contact=N productive=N f_cmd=(+2.00,+0.00,-0.00)
[GATE-EVOLVE] step=59 curr=104201.06 best_other=176106.22 ratio=0.5917 ee_to_optimal=0.0284m phi=0.0759m
[DRAKE-CONTACT] step=59 n_pairs=1 ee_box_normal=0.000
[GATE-CONTACT] step=59 F_W=(+0.0000,+0.0000,+0.0000) F_on_box=(-0.0000,-0.0000,-0.0000) n_face_out=(-0.0000,-0.0000,-0.0000) A_is_ee=0 box_q=(+1.00000,-0.00001,+0.00001,+0.00000) box_p=(+0.00000,+0.00000,+0.04999) ee_p=(+0.04657,-0.00093,+0.20085)
[EErel] along_push=-0.047m (neg=correct)  perp=0.001m  ee_to_box=0.047m  stage=3  obj=[0. 0.]  g_hat=[-1. -0.]
[proxy] err=0.168m  effective=[0.121 0.    0.05 ]
[ADMM-C3+] primal: 6.1274->4.9359  dual: 109.8105->80.3187  mono=False  iters=25/25  rho=25.0
[ADMM-C3+] WARNING non-converged: pr=4.9359 dr=80.3187 tol=1e-03
[C3+] step=350 |u[0]|=34.46Nm λ_n_max=1.058 η_n_max=1.279 primal=4.936 iters=25/25
[EErel] along_push=-0.047m (neg=correct)  perp=0.001m  ee_to_box=0.047m  stage=3  obj=[0. 0.]  g_hat=[-1. -0.]
[proxy] err=0.168m  effective=[0.121 0.    0.05 ]
[ADMM-C3+] primal: 6.1274->4.9359  dual: 109.8105->80.3187  mono=False  iters=25/25  rho=25.0
[ADMM-C3+] WARNING non-converged: pr=4.9359 dr=80.3187 tol=1e-03
[C3+] step=355 |u[0]|=33.18Nm λ_n_max=1.058 η_n_max=1.279 primal=4.936 iters=25/25
[CONTACT-RUN] step=60 nhat_BA_W=[+0.000,+0.000,+0.000] p_BCb=[+0.000,+0.000,+0.000] distance=+1.00000 contact_type=NONE
[X-SEQ-PROBE] step=60 x0_box=(+0.00000,+0.00000,+0.04999) x1_box=(-0.01168,-0.00110,+0.02547) x1_box_v=(-0.23502,-0.02352,-0.49050) dt=0.050
[APPROACH-OVERRIDE] step=60 phase=A_lift_trav face_axis=0 face_sign=+1 face_score=+1.000 surf_dist=0.1259m advance=0.0100m target=(+0.1000,+0.0000,+0.2009) p_ee_des=(+0.0574,-0.0008,+0.2009)
[VFF] step=60 mode=c3 alpha=0.000 v_des=(+0.0000,+0.0000,+0.0000) |v_des|=0.0000 sat=0 util_max=0.005@j1
[OSC-FORCE] step=60 mode=c3 lam_des=2.000 lam_ext=2.000
[IMP] step=60 mode=c3 |x_err|=0.0100m |tau_imp|=0.59Nm |tau_ff|=1.20Nm |tau_out|=0.59Nm sat=False lam_n=True lam_t=True
[GS] step=60 mode=c3 switch=kStayInC3 best_k=0 best_src=current curr_cost=104204.69 repos_cost=- best_other=176260.00 met_progress=Y steps_since_improve=56 switches=1
[STEP] step=60 mode=c3 t=0.600s ee=(+0.047,-0.001,+0.201) obj=(+0.000,+0.000,+0.050) goal_dist=0.300m switch=kStayInC3 c3_cost=104204.69 lam_n=0.000 lam_t=0.000 contact=N productive=N f_cmd=(+2.00,+0.00,-0.00)
[GATE-EVOLVE] step=60 curr=104204.69 best_other=176260.00 ratio=0.5912 ee_to_optimal=0.0276m phi=0.0759m
[GS-table] step=60
  k=0 (current   ) pos=(+0.047,-0.001,+0.201) c_C3= 134204.69 align=1.0000(bonus=30000.00) rot=+0.0000(bonus=    0.00) travel=0.000m(pen=  0.00) c_sample= 104204.69 feas=Y ik_err=0.0000m  ← WIN
  k=1 (strat_0   ) pos=(+0.033,+0.080,+0.030) c_C3= 231538.05 align=0.0000(bonus=    0.15) rot=+0.0000(bonus=    0.00) travel=0.190m(pen= 37.93) c_sample= 231575.83 feas=Y ik_err=0.0008m
  k=2 (strat_1   ) pos=(+0.037,-0.080,+0.030) c_C3= 195225.82 align=0.0000(bonus=    0.00) rot=+0.0000(bonus=    0.00) travel=0.189m(pen= 37.71) c_sample= 195263.52 feas=Y ik_err=0.0001m
  k=3 (strat_2   ) pos=(+0.080,+0.008,+0.030) c_C3= 208250.85 align=1.0000(bonus=30000.00) rot=+0.0000(bonus=    0.00) travel=0.174m(pen= 34.83) c_sample= 178285.68 feas=Y ik_err=0.0002m
  k=4 (buffer    ) pos=(+0.080,-0.002,+0.030) c_C3= 206225.21 align=1.0000(bonus=30000.00) rot=+0.0000(bonus=    0.00) travel=0.174m(pen= 34.79) c_sample= 176260.00 feas=Y ik_err=0.0002m
[DRAKE-CONTACT] step=60 n_pairs=1 ee_box_normal=0.000
[GATE-CONTACT] step=60 F_W=(+0.0000,+0.0000,+0.0000) F_on_box=(-0.0000,-0.0000,-0.0000) n_face_out=(-0.0000,-0.0000,-0.0000) A_is_ee=0 box_q=(+1.00000,-0.00001,+0.00001,+0.00000) box_p=(+0.00000,+0.00000,+0.04999) ee_p=(+0.04741,-0.00095,+0.20086)
[EErel] along_push=-0.048m (neg=correct)  perp=0.001m  ee_to_box=0.048m  stage=3  obj=[0. 0.]  g_hat=[-1. -0.]
[proxy] err=0.168m  effective=[0.122 0.    0.05 ]
[ADMM-C3+] primal: 6.1274->4.9359  dual: 109.8105->80.3187  mono=False  iters=25/25  rho=25.0
[ADMM-C3+] WARNING non-converged: pr=4.9359 dr=80.3187 tol=1e-03
[C3+] step=356 |u[0]|=34.49Nm λ_n_max=1.058 η_n_max=1.279 primal=4.936 iters=25/25
[EErel] along_push=-0.048m (neg=correct)  perp=0.001m  ee_to_box=0.048m  stage=3  obj=[0. 0.]  g_hat=[-1. -0.]
[proxy] err=0.168m  effective=[0.122 0.    0.05 ]
[ADMM-C3+] primal: 6.1274->4.9359  dual: 109.8105->80.3187  mono=False  iters=25/25  rho=25.0
[ADMM-C3+] WARNING non-converged: pr=4.9359 dr=80.3187 tol=1e-03
[C3+] step=361 |u[0]|=33.20Nm λ_n_max=1.058 η_n_max=1.279 primal=4.936 iters=25/25
[CONTACT-RUN] step=61 nhat_BA_W=[+0.000,+0.000,+0.000] p_BCb=[+0.000,+0.000,+0.000] distance=+1.00000 contact_type=NONE
[X-SEQ-PROBE] step=61 x0_box=(+0.00000,+0.00000,+0.04999) x1_box=(-0.01168,-0.00110,+0.02547) x1_box_v=(-0.23502,-0.02352,-0.49050) dt=0.050
[APPROACH-OVERRIDE] step=61 phase=A_lift_trav face_axis=0 face_sign=+1 face_score=+1.000 surf_dist=0.1259m advance=0.0100m target=(+0.1000,+0.0000,+0.2009) p_ee_des=(+0.0583,-0.0008,+0.2009)
[VFF] step=61 mode=c3 alpha=0.000 v_des=(+0.0000,+0.0000,+0.0000) |v_des|=0.0000 sat=0 util_max=0.005@j1
[OSC-FORCE] step=61 mode=c3 lam_des=2.000 lam_ext=2.000
[GS] step=61 mode=c3 switch=kStayInC3 best_k=0 best_src=current curr_cost=104208.31 repos_cost=- best_other=176413.60 met_progress=Y steps_since_improve=57 switches=1
[STEP] step=61 mode=c3 t=0.610s ee=(+0.048,-0.001,+0.201) obj=(+0.000,+0.000,+0.050) goal_dist=0.300m switch=kStayInC3 c3_cost=104208.31 lam_n=0.000 lam_t=0.000 contact=N productive=N f_cmd=(+2.00,+0.00,-0.00)
[GATE-EVOLVE] step=61 curr=104208.31 best_other=176413.60 ratio=0.5907 ee_to_optimal=0.0268m phi=0.0759m
[DRAKE-CONTACT] step=61 n_pairs=1 ee_box_normal=0.000
[GATE-CONTACT] step=61 F_W=(+0.0000,+0.0000,+0.0000) F_on_box=(-0.0000,-0.0000,-0.0000) n_face_out=(-0.0000,-0.0000,-0.0000) A_is_ee=0 box_q=(+1.00000,-0.00001,+0.00001,+0.00000) box_p=(+0.00000,+0.00000,+0.04999) ee_p=(+0.04825,-0.00097,+0.20086)
[EErel] along_push=-0.049m (neg=correct)  perp=0.001m  ee_to_box=0.049m  stage=3  obj=[0. 0.]  g_hat=[-1. -0.]
[proxy] err=0.168m  effective=[0.124 0.    0.05 ]
[ADMM-C3+] primal: 6.1274->4.9359  dual: 109.8105->80.3187  mono=False  iters=25/25  rho=25.0
[ADMM-C3+] WARNING non-converged: pr=4.9359 dr=80.3187 tol=1e-03
[C3+] step=362 |u[0]|=34.52Nm λ_n_max=1.058 η_n_max=1.279 primal=4.936 iters=25/25
[EErel] along_push=-0.049m (neg=correct)  perp=0.001m  ee_to_box=0.049m  stage=3  obj=[0. 0.]  g_hat=[-1. -0.]
[proxy] err=0.168m  effective=[0.124 0.    0.05 ]
[ADMM-C3+] primal: 6.1274->4.9359  dual: 109.8105->80.3187  mono=False  iters=25/25  rho=25.0
[ADMM-C3+] WARNING non-converged: pr=4.9359 dr=80.3187 tol=1e-03
[C3+] step=367 |u[0]|=33.23Nm λ_n_max=1.058 η_n_max=1.279 primal=4.936 iters=25/25
[CONTACT-RUN] step=62 nhat_BA_W=[+0.000,+0.000,+0.000] p_BCb=[+0.000,+0.000,+0.000] distance=+1.00000 contact_type=NONE
[X-SEQ-PROBE] step=62 x0_box=(+0.00000,+0.00000,+0.04999) x1_box=(-0.01168,-0.00110,+0.02547) x1_box_v=(-0.23502,-0.02352,-0.49050) dt=0.050
[APPROACH-OVERRIDE] step=62 phase=A_lift_trav face_axis=0 face_sign=+1 face_score=+1.000 surf_dist=0.1259m advance=0.0100m target=(+0.1000,+0.0000,+0.2009) p_ee_des=(+0.0591,-0.0008,+0.2009)
[VFF] step=62 mode=c3 alpha=0.000 v_des=(+0.0000,+0.0000,+0.0000) |v_des|=0.0000 sat=0 util_max=0.005@j1
[OSC-FORCE] step=62 mode=c3 lam_des=2.000 lam_ext=2.000
[GS] step=62 mode=c3 switch=kStayInC3 best_k=0 best_src=current curr_cost=104212.65 repos_cost=- best_other=176566.80 met_progress=Y steps_since_improve=58 switches=1
[STEP] step=62 mode=c3 t=0.620s ee=(+0.049,-0.001,+0.201) obj=(+0.000,+0.000,+0.050) goal_dist=0.300m switch=kStayInC3 c3_cost=104212.65 lam_n=0.000 lam_t=0.000 contact=N productive=N f_cmd=(+2.00,+0.00,-0.00)
[GATE-EVOLVE] step=62 curr=104212.65 best_other=176566.80 ratio=0.5902 ee_to_optimal=0.0259m phi=0.0759m
[DRAKE-CONTACT] step=62 n_pairs=1 ee_box_normal=0.000
[GATE-CONTACT] step=62 F_W=(+0.0000,+0.0000,+0.0000) F_on_box=(-0.0000,-0.0000,-0.0000) n_face_out=(-0.0000,-0.0000,-0.0000) A_is_ee=0 box_q=(+1.00000,-0.00001,+0.00001,+0.00000) box_p=(+0.00000,+0.00000,+0.04999) ee_p=(+0.04909,-0.00100,+0.20087)
[PERSIST] step=63 refresh n_strategy=3 samples=[(0.0023, 0.08, 0.03), (0.0289, -0.08, 0.03), (-0.08, -0.0484, 0.03)]
[EErel] along_push=-0.050m (neg=correct)  perp=0.001m  ee_to_box=0.050m  stage=3  obj=[0. 0.]  g_hat=[-1. -0.]
[proxy] err=0.168m  effective=[0.125 0.    0.05 ]
[ADMM-C3+] primal: 6.1274->4.9359  dual: 109.8105->80.3187  mono=False  iters=25/25  rho=25.0
[ADMM-C3+] WARNING non-converged: pr=4.9359 dr=80.3187 tol=1e-03
[C3+] step=368 |u[0]|=34.58Nm λ_n_max=1.058 η_n_max=1.279 primal=4.936 iters=25/25
[EErel] along_push=-0.050m (neg=correct)  perp=0.001m  ee_to_box=0.050m  stage=3  obj=[0. 0.]  g_hat=[-1. -0.]
[proxy] err=0.168m  effective=[0.125 0.    0.05 ]
[ADMM-C3+] primal: 6.1274->4.9359  dual: 109.8105->80.3187  mono=False  iters=25/25  rho=25.0
[ADMM-C3+] WARNING non-converged: pr=4.9359 dr=80.3187 tol=1e-03
[C3+] step=373 |u[0]|=33.25Nm λ_n_max=1.058 η_n_max=1.279 primal=4.936 iters=25/25
[CONTACT-RUN] step=63 nhat_BA_W=[+0.000,+0.000,+0.000] p_BCb=[+0.000,+0.000,+0.000] distance=+1.00000 contact_type=NONE
[X-SEQ-PROBE] step=63 x0_box=(+0.00000,+0.00000,+0.04999) x1_box=(-0.01168,-0.00110,+0.02547) x1_box_v=(-0.23502,-0.02352,-0.49050) dt=0.050
[APPROACH-OVERRIDE] step=63 phase=A_lift_trav face_axis=0 face_sign=+1 face_score=+1.000 surf_dist=0.1259m advance=0.0100m target=(+0.1000,+0.0000,+0.2009) p_ee_des=(+0.0599,-0.0008,+0.2009)
[VFF] step=63 mode=c3 alpha=0.000 v_des=(+0.0000,+0.0000,+0.0000) |v_des|=0.0000 sat=0 util_max=0.005@j1
[OSC-FORCE] step=63 mode=c3 lam_des=2.000 lam_ext=2.000
[GS] step=63 mode=c3 switch=kStayInC3 best_k=0 best_src=current curr_cost=104214.93 repos_cost=- best_other=176719.39 met_progress=Y steps_since_improve=59 switches=1
[STEP] step=63 mode=c3 t=0.630s ee=(+0.050,-0.001,+0.201) obj=(+0.000,+0.000,+0.050) goal_dist=0.300m switch=kStayInC3 c3_cost=104214.93 lam_n=0.000 lam_t=0.000 contact=N productive=N f_cmd=(+2.00,+0.00,-0.00)
[GATE-EVOLVE] step=63 curr=104214.93 best_other=176719.39 ratio=0.5897 ee_to_optimal=0.0251m phi=0.0759m
[DRAKE-CONTACT] step=63 n_pairs=1 ee_box_normal=0.000
[GATE-CONTACT] step=63 F_W=(+0.0000,+0.0000,+0.0000) F_on_box=(-0.0000,-0.0000,-0.0000) n_face_out=(-0.0000,-0.0000,-0.0000) A_is_ee=0 box_q=(+1.00000,-0.00001,+0.00001,+0.00000) box_p=(+0.00000,+0.00000,+0.04999) ee_p=(+0.04993,-0.00102,+0.20088)
[EErel] along_push=-0.051m (neg=correct)  perp=0.001m  ee_to_box=0.051m  stage=3  obj=[0. 0.]  g_hat=[-1. -0.]
[proxy] err=0.169m  effective=[0.126 0.    0.05 ]
[ADMM-C3+] primal: 6.1274->4.9359  dual: 109.8105->80.3187  mono=False  iters=25/25  rho=25.0
[ADMM-C3+] WARNING non-converged: pr=4.9359 dr=80.3187 tol=1e-03
[C3+] step=374 |u[0]|=34.60Nm λ_n_max=1.058 η_n_max=1.279 primal=4.936 iters=25/25
[GS-tgt] step=64 ee=(+0.051,-0.001,+0.201) p_repos=(+0.080,-0.002,+0.030) ee_to_target=0.173m target_label=buffer target_changed=Y delta=nanm
[X-SEQ-PROBE] step=64 x0_box=(+0.00000,+0.00000,+0.04999) x1_box=(-0.01168,-0.00110,+0.02547) x1_box_v=(-0.23502,-0.02352,-0.49050) dt=0.050
[GS] step=64 mode=free switch=kToReposUnproductive best_k=0 best_src=buffer curr_cost=104219.02 repos_cost=176871.16 best_other=176871.16 met_progress=N steps_since_improve=60 switches=2
[STEP] step=64 mode=free t=0.640s ee=(+0.051,-0.001,+0.201) obj=(+0.000,+0.000,+0.050) goal_dist=0.300m switch=kToReposUnproductive target=(+0.074,-0.003,+0.202) ee_stride=0.023m ee_to_ptarget=0.173m landing_err=0.0855m ik_ok=Y ik_resid=0.0017m q_max_resid_deg=1.60 target_changed=Y retgt=N held_idx=- held_cost=- won_cost=176871.16 margin=- won_src=buffer held_valid=N reason=no_held setpoint_to_ptarget=0.1727m finished_val=0.1734m finished_thresh=0.0200m pd_resid=0.0231m nextwp_to_ptarget=0.1710m guide_terminal_err=0.0000m
[GATE-EVOLVE] step=64 curr=104219.02 best_other=176871.16 ratio=0.5892 ee_to_optimal=0.0243m phi=0.0759m
[RICH-EXIT-REFRESH] step=64 mode c3->free reason=kToReposUnproductive forcing buffer refresh + clearing prev_repos
[DRAKE-CONTACT] step=64 n_pairs=1 ee_box_normal=0.000
[GATE-CONTACT] step=64 F_W=(+0.0000,+0.0000,+0.0000) F_on_box=(-0.0000,-0.0000,-0.0000) n_face_out=(-0.0000,-0.0000,-0.0000) A_is_ee=0 box_q=(+1.00000,-0.00001,+0.00001,-0.00000) box_p=(+0.00000,+0.00000,+0.04999) ee_p=(+0.05077,-0.00104,+0.20089)
[PERSIST] step=65 refresh n_strategy=1 samples=[(0.0469, -0.08, 0.03)]
[EErel] along_push=-0.052m (neg=correct)  perp=0.001m  ee_to_box=0.052m  stage=3  obj=[0. 0.]  g_hat=[-1. -0.]
[proxy] err=0.169m  effective=[0.128 0.    0.05 ]
[ADMM-C3+] primal: 6.1274->4.9359  dual: 109.8105->80.3187  mono=False  iters=25/25  rho=25.0
[ADMM-C3+] WARNING non-converged: pr=4.9359 dr=80.3187 tol=1e-03
[C3+] step=379 |u[0]|=34.61Nm λ_n_max=1.058 η_n_max=1.279 primal=4.936 iters=25/25
[GS-tgt] step=65 ee=(+0.052,-0.001,+0.201) p_repos=(+0.047,-0.080,+0.030) ee_to_target=0.188m target_label=strat_0 target_changed=Y delta=nanm
[X-SEQ-PROBE] step=65 x0_box=(+0.00000,+0.00000,+0.04999) x1_box=(-0.01168,-0.00110,+0.02547) x1_box_v=(-0.23502,-0.02352,-0.49050) dt=0.050
[GS] step=65 mode=free switch=kStayInRepos best_k=0 best_src=strat_0 curr_cost=104215.01 repos_cost=195303.10 best_other=195303.10 met_progress=N steps_since_improve=61 switches=2
[STEP] step=65 mode=free t=0.650s ee=(+0.052,-0.001,+0.201) obj=(+0.000,+0.000,+0.050) goal_dist=0.300m switch=kStayInRepos target=(+0.051,-0.026,+0.202) ee_stride=0.025m ee_to_ptarget=0.188m landing_err=0.0975m ik_ok=Y ik_resid=0.0017m q_max_resid_deg=4.87 target_changed=Y retgt=N held_idx=- held_cost=- won_cost=195303.10 margin=- won_src=strat_0 held_valid=N reason=no_held setpoint_to_ptarget=0.1867m finished_val=0.1883m finished_thresh=0.0200m pd_resid=0.0250m nextwp_to_ptarget=0.1796m guide_terminal_err=0.0000m
[GATE-EVOLVE] step=65 curr=104215.01 best_other=195303.10 ratio=0.5336 ee_to_optimal=0.0231m phi=0.0759m
[DRAKE-CONTACT] step=65 n_pairs=1 ee_box_normal=0.000
[GATE-CONTACT] step=65 F_W=(+0.0000,+0.0000,+0.0000) F_on_box=(-0.0000,-0.0000,-0.0000) n_face_out=(-0.0000,-0.0000,-0.0000) A_is_ee=0 box_q=(+1.00000,-0.00001,+0.00001,-0.00000) box_p=(+0.00000,+0.00000,+0.04999) ee_p=(+0.05193,-0.00110,+0.20091)
[EErel] along_push=-0.053m (neg=correct)  perp=0.002m  ee_to_box=0.053m  stage=3  obj=[0. 0.]  g_hat=[-1. -0.]
[proxy] err=0.169m  effective=[0.13 0.   0.05]
[ADMM-C3+] primal: 6.1274->4.9359  dual: 109.8105->80.3187  mono=False  iters=25/25  rho=25.0
[ADMM-C3+] WARNING non-converged: pr=4.9359 dr=80.3187 tol=1e-03
[C3+] step=381 |u[0]|=35.24Nm λ_n_max=1.058 η_n_max=1.279 primal=4.936 iters=25/25
[GS-tgt] step=66 ee=(+0.053,-0.002,+0.201) p_repos=(+0.047,-0.080,+0.030) ee_to_target=0.188m target_label=prev_repos target_changed=N delta=0.000m
[X-SEQ-PROBE] step=66 x0_box=(+0.00000,+0.00000,+0.04999) x1_box=(-0.01168,-0.00110,+0.02547) x1_box_v=(-0.23502,-0.02352,-0.49050) dt=0.050
[GS] step=66 mode=free switch=kStayInRepos best_k=0 best_src=prev_repos curr_cost=104267.42 repos_cost=194195.74 best_other=194195.74 met_progress=N steps_since_improve=62 switches=2
[STEP] step=66 mode=free t=0.660s ee=(+0.053,-0.002,+0.201) obj=(+0.000,+0.000,+0.050) goal_dist=0.300m switch=kStayInRepos target=(+0.051,-0.030,+0.202) ee_stride=0.029m ee_to_ptarget=0.188m landing_err=0.0975m ik_ok=Y ik_resid=0.0017m q_max_resid_deg=5.49 target_changed=Y retgt=N held_idx=1 held_cost=194195.74 won_cost=194195.74 margin=+0.00 won_src=prev_repos held_valid=Y reason=hold setpoint_to_ptarget=0.1851m finished_val=0.1881m finished_thresh=0.0200m pd_resid=0.0285m nextwp_to_ptarget=0.1784m guide_terminal_err=0.0000m
[GATE-EVOLVE] step=66 curr=104267.42 best_other=194195.74 ratio=0.5369 ee_to_optimal=0.0220m phi=0.0760m
[DRAKE-CONTACT] step=66 n_pairs=1 ee_box_normal=0.000
[GATE-CONTACT] step=66 F_W=(+0.0000,+0.0000,+0.0000) F_on_box=(-0.0000,-0.0000,-0.0000) n_face_out=(-0.0000,-0.0000,-0.0000) A_is_ee=0 box_q=(+1.00000,-0.00001,+0.00001,-0.00000) box_p=(+0.00000,+0.00000,+0.04999) ee_p=(+0.05302,-0.00164,+0.20092)
[EErel] along_push=-0.054m (neg=correct)  perp=0.003m  ee_to_box=0.054m  stage=3  obj=[0. 0.]  g_hat=[-1. -0.]
[proxy] err=0.169m  effective=[0.131 0.    0.05 ]
[ADMM-C3+] primal: 6.1274->4.9359  dual: 109.8105->80.3187  mono=False  iters=25/25  rho=25.0
[ADMM-C3+] WARNING non-converged: pr=4.9359 dr=80.3187 tol=1e-03
[C3+] step=384 |u[0]|=35.96Nm λ_n_max=1.058 η_n_max=1.279 primal=4.936 iters=25/25
[GS-tgt] step=67 ee=(+0.054,-0.003,+0.201) p_repos=(+0.047,-0.080,+0.030) ee_to_target=0.188m target_label=prev_repos target_changed=N delta=0.000m
[X-SEQ-PROBE] step=67 x0_box=(+0.00000,+0.00000,+0.04999) x1_box=(-0.01168,-0.00110,+0.02547) x1_box_v=(-0.23502,-0.02352,-0.49050) dt=0.050
[GS] step=67 mode=free switch=kStayInRepos best_k=0 best_src=prev_repos curr_cost=104322.40 repos_cost=193371.32 best_other=193371.32 met_progress=N steps_since_improve=63 switches=2
[STEP] step=67 mode=free t=0.670s ee=(+0.054,-0.003,+0.201) obj=(+0.000,+0.000,+0.050) goal_dist=0.300m switch=kStayInRepos target=(+0.051,-0.034,+0.202) ee_stride=0.031m ee_to_ptarget=0.188m landing_err=0.0975m ik_ok=Y ik_resid=0.0017m q_max_resid_deg=5.98 target_changed=Y retgt=N held_idx=1 held_cost=193371.32 won_cost=193371.32 margin=+0.00 won_src=prev_repos held_valid=Y reason=hold setpoint_to_ptarget=0.1836m finished_val=0.1876m finished_thresh=0.0200m pd_resid=0.0313m nextwp_to_ptarget=0.1773m guide_terminal_err=0.0000m
[GATE-EVOLVE] step=67 curr=104322.40 best_other=193371.32 ratio=0.5395 ee_to_optimal=0.0216m phi=0.0760m
[DRAKE-CONTACT] step=67 n_pairs=1 ee_box_normal=0.000
[GATE-CONTACT] step=67 F_W=(+0.0000,+0.0000,+0.0000) F_on_box=(-0.0000,-0.0000,-0.0000) n_face_out=(-0.0000,-0.0000,-0.0000) A_is_ee=0 box_q=(+1.00000,-0.00001,+0.00001,-0.00000) box_p=(+0.00000,+0.00000,+0.04999) ee_p=(+0.05362,-0.00290,+0.20090)
[EErel] along_push=-0.054m (neg=correct)  perp=0.005m  ee_to_box=0.054m  stage=3  obj=[0. 0.]  g_hat=[-1. -0.]
[proxy] err=0.170m  effective=[0.131 0.    0.05 ]
[ADMM-C3+] primal: 6.1274->4.9359  dual: 109.8105->80.3187  mono=False  iters=25/25  rho=25.0
[ADMM-C3+] WARNING non-converged: pr=4.9359 dr=80.3187 tol=1e-03
[C3+] step=387 |u[0]|=36.64Nm λ_n_max=1.058 η_n_max=1.279 primal=4.936 iters=25/25
[GS-tgt] step=68 ee=(+0.054,-0.005,+0.201) p_repos=(+0.047,-0.080,+0.030) ee_to_target=0.187m target_label=prev_repos target_changed=N delta=0.000m
[X-SEQ-PROBE] step=68 x0_box=(+0.00000,+0.00000,+0.04999) x1_box=(-0.01168,-0.00110,+0.02547) x1_box_v=(-0.23502,-0.02352,-0.49050) dt=0.050
[GS] step=68 mode=free switch=kStayInRepos best_k=0 best_src=prev_repos curr_cost=104379.36 repos_cost=192793.69 best_other=192793.69 met_progress=N steps_since_improve=64 switches=2
[STEP] step=68 mode=free t=0.680s ee=(+0.054,-0.005,+0.201) obj=(+0.000,+0.000,+0.050) goal_dist=0.300m switch=kStayInRepos target=(+0.050,-0.038,+0.202) ee_stride=0.034m ee_to_ptarget=0.187m landing_err=0.0975m ik_ok=Y ik_resid=0.0017m q_max_resid_deg=6.36 target_changed=Y retgt=N held_idx=1 held_cost=192793.69 won_cost=192793.69 margin=+0.00 won_src=prev_repos held_valid=Y reason=hold setpoint_to_ptarget=0.1822m finished_val=0.1868m finished_thresh=0.0200m pd_resid=0.0335m nextwp_to_ptarget=0.1763m guide_terminal_err=0.0000m
[GATE-EVOLVE] step=68 curr=104379.36 best_other=192793.69 ratio=0.5414 ee_to_optimal=0.0216m phi=0.0759m
[DRAKE-CONTACT] step=68 n_pairs=1 ee_box_normal=0.000
[GATE-CONTACT] step=68 F_W=(+0.0000,+0.0000,+0.0000) F_on_box=(-0.0000,-0.0000,-0.0000) n_face_out=(-0.0000,-0.0000,-0.0000) A_is_ee=0 box_q=(+1.00000,-0.00001,+0.00001,-0.00000) box_p=(+0.00000,+0.00000,+0.04999) ee_p=(+0.05389,-0.00475,+0.20086)
[EErel] along_push=-0.054m (neg=correct)  perp=0.007m  ee_to_box=0.054m  stage=3  obj=[0. 0.]  g_hat=[-1. -0.]
[proxy] err=0.170m  effective=[0.132 0.001 0.05 ]
[ADMM-C3+] primal: 6.1274->4.9359  dual: 109.8105->80.3187  mono=False  iters=25/25  rho=25.0
[ADMM-C3+] WARNING non-converged: pr=4.9359 dr=80.3187 tol=1e-03
[C3+] step=390 |u[0]|=37.29Nm λ_n_max=1.058 η_n_max=1.279 primal=4.936 iters=25/25
[GS-tgt] step=69 ee=(+0.054,-0.007,+0.201) p_repos=(+0.047,-0.080,+0.030) ee_to_target=0.186m target_label=prev_repos target_changed=N delta=0.000m
[X-SEQ-PROBE] step=69 x0_box=(+0.00000,+0.00000,+0.04999) x1_box=(-0.01168,-0.00110,+0.02547) x1_box_v=(-0.23502,-0.02352,-0.49050) dt=0.050
[GS] step=69 mode=free switch=kStayInRepos best_k=0 best_src=prev_repos curr_cost=104442.68 repos_cost=192411.82 best_other=192411.82 met_progress=N steps_since_improve=65 switches=2
[STEP] step=69 mode=free t=0.690s ee=(+0.054,-0.007,+0.201) obj=(+0.000,+0.000,+0.050) goal_dist=0.300m switch=kStayInRepos target=(+0.050,-0.042,+0.202) ee_stride=0.035m ee_to_ptarget=0.186m landing_err=0.0975m ik_ok=Y ik_resid=0.0017m q_max_resid_deg=6.65 target_changed=Y retgt=N held_idx=1 held_cost=192411.82 won_cost=192411.82 margin=+0.00 won_src=prev_repos held_valid=Y reason=hold setpoint_to_ptarget=0.1808m finished_val=0.1859m finished_thresh=0.0200m pd_resid=0.0352m nextwp_to_ptarget=0.1753m guide_terminal_err=0.0000m
[GATE-EVOLVE] step=69 curr=104442.68 best_other=192411.82 ratio=0.5428 ee_to_optimal=0.0222m phi=0.0759m
[DRAKE-CONTACT] step=69 n_pairs=1 ee_box_normal=0.000
[GATE-CONTACT] step=69 F_W=(+0.0000,+0.0000,+0.0000) F_on_box=(-0.0000,-0.0000,-0.0000) n_face_out=(-0.0000,-0.0000,-0.0000) A_is_ee=0 box_q=(+1.00000,-0.00001,+0.00001,-0.00000) box_p=(+0.00000,+0.00000,+0.04999) ee_p=(+0.05391,-0.00706,+0.20083)
[EErel] along_push=-0.054m (neg=correct)  perp=0.010m  ee_to_box=0.055m  stage=3  obj=[0. 0.]  g_hat=[-1. -0.]
[proxy] err=0.170m  effective=[0.132 0.002 0.05 ]
[ADMM-C3+] primal: 6.1274->4.9359  dual: 109.8105->80.3187  mono=False  iters=25/25  rho=25.0
[ADMM-C3+] WARNING non-converged: pr=4.9359 dr=80.3187 tol=1e-03
[C3+] step=393 |u[0]|=37.91Nm λ_n_max=1.058 η_n_max=1.279 primal=4.936 iters=25/25
[GS-tgt] step=70 ee=(+0.054,-0.010,+0.201) p_repos=(+0.047,-0.080,+0.030) ee_to_target=0.185m target_label=prev_repos target_changed=N delta=0.000m
[X-SEQ-PROBE] step=70 x0_box=(+0.00000,+0.00000,+0.04999) x1_box=(-0.01168,-0.00110,+0.02547) x1_box_v=(-0.23502,-0.02352,-0.49050) dt=0.050
[IMP] step=70 mode=free |x_err|=0.0365m |tau_imp|=12.29Nm |tau_ff|=0.00Nm |tau_out|=12.29Nm sat=False lam_n=False lam_t=False
[GS] step=70 mode=free switch=kStayInRepos best_k=0 best_src=prev_repos curr_cost=104511.72 repos_cost=192175.58 best_other=192175.58 met_progress=N steps_since_improve=66 switches=2
[STEP] step=70 mode=free t=0.700s ee=(+0.054,-0.010,+0.201) obj=(+0.000,+0.000,+0.050) goal_dist=0.300m switch=kStayInRepos target=(+0.049,-0.046,+0.202) ee_stride=0.036m ee_to_ptarget=0.185m landing_err=0.0975m ik_ok=Y ik_resid=0.0017m q_max_resid_deg=6.85 target_changed=Y retgt=N held_idx=1 held_cost=192175.58 won_cost=192175.58 margin=+0.00 won_src=prev_repos held_valid=Y reason=hold setpoint_to_ptarget=0.1796m finished_val=0.1848m finished_thresh=0.0200m pd_resid=0.0365m nextwp_to_ptarget=0.1745m guide_terminal_err=0.0000m
[GATE-EVOLVE] step=70 curr=104511.72 best_other=192175.58 ratio=0.5438 ee_to_optimal=0.0234m phi=0.0759m
[DRAKE-CONTACT] step=70 n_pairs=1 ee_box_normal=0.000
[GATE-CONTACT] step=70 F_W=(+0.0000,+0.0000,+0.0000) F_on_box=(-0.0000,-0.0000,-0.0000) n_face_out=(-0.0000,-0.0000,-0.0000) A_is_ee=0 box_q=(+1.00000,-0.00001,+0.00001,-0.00000) box_p=(+0.00000,+0.00000,+0.04999) ee_p=(+0.05377,-0.00973,+0.20081)
[EErel] along_push=-0.054m (neg=correct)  perp=0.013m  ee_to_box=0.055m  stage=3  obj=[0. 0.]  g_hat=[-1. -0.]
[proxy] err=0.171m  effective=[0.133 0.003 0.05 ]
[ADMM-C3+] primal: 6.1274->4.9359  dual: 109.8105->80.3187  mono=False  iters=25/25  rho=25.0
[ADMM-C3+] WARNING non-converged: pr=4.9359 dr=80.3187 tol=1e-03
[C3+] step=396 |u[0]|=38.48Nm λ_n_max=1.058 η_n_max=1.279 primal=4.936 iters=25/25
[GS-tgt] step=71 ee=(+0.054,-0.013,+0.201) p_repos=(+0.047,-0.080,+0.030) ee_to_target=0.184m target_label=prev_repos target_changed=N delta=0.000m
[X-SEQ-PROBE] step=71 x0_box=(+0.00000,+0.00000,+0.04999) x1_box=(-0.01168,-0.00110,+0.02547) x1_box_v=(-0.23502,-0.02352,-0.49050) dt=0.050
[GS] step=71 mode=free switch=kStayInRepos best_k=0 best_src=prev_repos curr_cost=104591.26 repos_cost=192062.63 best_other=192062.63 met_progress=N steps_since_improve=67 switches=2
[STEP] step=71 mode=free t=0.710s ee=(+0.054,-0.013,+0.201) obj=(+0.000,+0.000,+0.050) goal_dist=0.300m switch=kStayInRepos target=(+0.049,-0.048,+0.202) ee_stride=0.036m ee_to_ptarget=0.184m landing_err=0.0975m ik_ok=Y ik_resid=0.0017m q_max_resid_deg=6.69 target_changed=Y retgt=N held_idx=1 held_cost=192062.63 won_cost=192062.63 margin=+0.00 won_src=prev_repos held_valid=Y reason=hold setpoint_to_ptarget=0.1784m finished_val=0.1837m finished_thresh=0.0200m pd_resid=0.0356m nextwp_to_ptarget=0.1737m guide_terminal_err=0.0000m
[GATE-EVOLVE] step=71 curr=104591.26 best_other=192062.63 ratio=0.5446 ee_to_optimal=0.0250m phi=0.0759m
[DRAKE-CONTACT] step=71 n_pairs=1 ee_box_normal=0.000
[GATE-CONTACT] step=71 F_W=(+0.0000,+0.0000,+0.0000) F_on_box=(-0.0000,-0.0000,-0.0000) n_face_out=(-0.0000,-0.0000,-0.0000) A_is_ee=0 box_q=(+1.00000,-0.00001,+0.00001,-0.00000) box_p=(+0.00000,+0.00000,+0.04999) ee_p=(+0.05352,-0.01270,+0.20080)
[EErel] along_push=-0.053m (neg=correct)  perp=0.016m  ee_to_box=0.055m  stage=3  obj=[0. 0.]  g_hat=[-1. -0.]
[proxy] err=0.172m  effective=[0.133 0.005 0.05 ]
[ADMM-C3+] primal: 6.1274->4.9359  dual: 109.8105->80.3187  mono=False  iters=25/25  rho=25.0
[ADMM-C3+] WARNING non-converged: pr=4.9359 dr=80.3187 tol=1e-03
[C3+] step=399 |u[0]|=38.91Nm λ_n_max=1.058 η_n_max=1.279 primal=4.936 iters=25/25
[GS-tgt] step=72 ee=(+0.053,-0.016,+0.201) p_repos=(+0.047,-0.080,+0.030) ee_to_target=0.183m target_label=prev_repos target_changed=N delta=0.000m
[X-SEQ-PROBE] step=72 x0_box=(+0.00000,+0.00000,+0.04999) x1_box=(-0.01168,-0.00110,+0.02547) x1_box_v=(-0.23502,-0.02352,-0.49050) dt=0.050
[GS] step=72 mode=free switch=kStayInRepos best_k=0 best_src=prev_repos curr_cost=104679.38 repos_cost=192026.53 best_other=192026.53 met_progress=N steps_since_improve=68 switches=2
[STEP] step=72 mode=free t=0.720s ee=(+0.053,-0.016,+0.201) obj=(+0.000,+0.000,+0.050) goal_dist=0.300m switch=kStayInRepos target=(+0.049,-0.052,+0.202) ee_stride=0.036m ee_to_ptarget=0.183m landing_err=0.0975m ik_ok=Y ik_resid=0.0017m q_max_resid_deg=6.82 target_changed=Y retgt=N held_idx=1 held_cost=192026.53 won_cost=192026.53 margin=+0.00 won_src=prev_repos held_valid=Y reason=hold setpoint_to_ptarget=0.1773m finished_val=0.1826m finished_thresh=0.0200m pd_resid=0.0364m nextwp_to_ptarget=0.1730m guide_terminal_err=0.0000m
[GATE-EVOLVE] step=72 curr=104679.38 best_other=192026.53 ratio=0.5451 ee_to_optimal=0.0270m phi=0.0759m
[DRAKE-CONTACT] step=72 n_pairs=1 ee_box_normal=0.000
[GATE-CONTACT] step=72 F_W=(+0.0000,+0.0000,+0.0000) F_on_box=(-0.0000,-0.0000,-0.0000) n_face_out=(-0.0000,-0.0000,-0.0000) A_is_ee=0 box_q=(+1.00000,-0.00001,+0.00001,+0.00000) box_p=(+0.00000,+0.00000,+0.04999) ee_p=(+0.05319,-0.01585,+0.20082)
[EErel] along_push=-0.053m (neg=correct)  perp=0.019m  ee_to_box=0.056m  stage=3  obj=[0. 0.]  g_hat=[-1. -0.]
[proxy] err=0.173m  effective=[0.134 0.007 0.05 ]
[ADMM-C3+] primal: 6.1274->4.9359  dual: 109.8105->80.3186  mono=False  iters=25/25  rho=25.0
[ADMM-C3+] WARNING non-converged: pr=4.9359 dr=80.3186 tol=1e-03
[C3+] step=402 |u[0]|=38.95Nm λ_n_max=1.058 η_n_max=1.279 primal=4.936 iters=25/25
[GS-tgt] step=73 ee=(+0.053,-0.019,+0.201) p_repos=(+0.047,-0.080,+0.030) ee_to_target=0.181m target_label=prev_repos target_changed=N delta=0.000m
[X-SEQ-PROBE] step=73 x0_box=(+0.00000,+0.00000,+0.04999) x1_box=(-0.01168,-0.00110,+0.02547) x1_box_v=(-0.23502,-0.02352,-0.49050) dt=0.050
[GS] step=73 mode=free switch=kStayInRepos best_k=0 best_src=prev_repos curr_cost=104778.35 repos_cost=192007.46 best_other=192007.46 met_progress=N steps_since_improve=69 switches=2
[STEP] step=73 mode=free t=0.730s ee=(+0.053,-0.019,+0.201) obj=(+0.000,+0.000,+0.050) goal_dist=0.300m switch=kStayInRepos target=(+0.048,-0.056,+0.202) ee_stride=0.037m ee_to_ptarget=0.181m landing_err=0.0975m ik_ok=Y ik_resid=0.0017m q_max_resid_deg=6.92 target_changed=Y retgt=N held_idx=1 held_cost=192007.46 won_cost=192007.46 margin=+0.00 won_src=prev_repos held_valid=Y reason=hold setpoint_to_ptarget=0.1763m finished_val=0.1815m finished_thresh=0.0200m pd_resid=0.0371m nextwp_to_ptarget=0.1724m guide_terminal_err=0.0000m
[GATE-EVOLVE] step=73 curr=104778.35 best_other=192007.46 ratio=0.5457 ee_to_optimal=0.0293m phi=0.0759m
[DRAKE-CONTACT] step=73 n_pairs=1 ee_box_normal=0.000
[GATE-CONTACT] step=73 F_W=(+0.0000,+0.0000,+0.0000) F_on_box=(-0.0000,-0.0000,-0.0000) n_face_out=(-0.0000,-0.0000,-0.0000) A_is_ee=0 box_q=(+1.00000,-0.00001,+0.00001,+0.00000) box_p=(+0.00000,+0.00000,+0.04999) ee_p=(+0.05281,-0.01914,+0.20085)
[EErel] along_push=-0.052m (neg=correct)  perp=0.023m  ee_to_box=0.057m  stage=3  obj=[0. 0.]  g_hat=[-1. -0.]
[proxy] err=0.175m  effective=[0.136 0.01  0.05 ]
[ADMM-C3+] primal: 6.1274->4.9359  dual: 109.8105->80.3186  mono=False  iters=25/25  rho=25.0
[ADMM-C3+] WARNING non-converged: pr=4.9359 dr=80.3186 tol=1e-03
[C3+] step=405 |u[0]|=39.01Nm λ_n_max=1.058 η_n_max=1.279 primal=4.936 iters=25/25
[GS-tgt] step=74 ee=(+0.052,-0.023,+0.201) p_repos=(+0.047,-0.080,+0.030) ee_to_target=0.180m target_label=prev_repos target_changed=N delta=0.000m
[X-SEQ-PROBE] step=74 x0_box=(+0.00000,+0.00000,+0.04999) x1_box=(-0.01168,-0.00110,+0.02547) x1_box_v=(-0.23502,-0.02352,-0.49050) dt=0.050
[GS] step=74 mode=free switch=kStayInRepos best_k=0 best_src=prev_repos curr_cost=104894.38 repos_cost=192001.47 best_other=192001.47 met_progress=N steps_since_improve=70 switches=2
[STEP] step=74 mode=free t=0.740s ee=(+0.052,-0.023,+0.201) obj=(+0.000,+0.000,+0.050) goal_dist=0.300m switch=kStayInRepos target=(+0.048,-0.060,+0.202) ee_stride=0.038m ee_to_ptarget=0.180m landing_err=0.0975m ik_ok=Y ik_resid=0.0017m q_max_resid_deg=7.01 target_changed=Y retgt=N held_idx=1 held_cost=192001.47 won_cost=192001.47 margin=+0.00 won_src=prev_repos held_valid=Y reason=hold setpoint_to_ptarget=0.1753m finished_val=0.1804m finished_thresh=0.0200m pd_resid=0.0377m nextwp_to_ptarget=0.1720m guide_terminal_err=0.0000m
[GATE-EVOLVE] step=74 curr=104894.38 best_other=192001.47 ratio=0.5463 ee_to_optimal=0.0319m phi=0.0759m
[DRAKE-CONTACT] step=74 n_pairs=1 ee_box_normal=0.000
[GATE-CONTACT] step=74 F_W=(+0.0000,+0.0000,+0.0000) F_on_box=(-0.0000,-0.0000,-0.0000) n_face_out=(-0.0000,-0.0000,-0.0000) A_is_ee=0 box_q=(+1.00000,-0.00001,+0.00001,+0.00000) box_p=(+0.00000,+0.00000,+0.04999) ee_p=(+0.05240,-0.02253,+0.20089)
[EErel] along_push=-0.052m (neg=correct)  perp=0.026m  ee_to_box=0.058m  stage=3  obj=[0. 0.]  g_hat=[-1. -0.]
[proxy] err=0.178m  effective=[0.137 0.014 0.05 ]
[ADMM-C3+] primal: 6.1274->4.9359  dual: 109.8105->80.3186  mono=False  iters=25/25  rho=25.0
[ADMM-C3+] WARNING non-converged: pr=4.9359 dr=80.3186 tol=1e-03
[C3+] step=408 |u[0]|=39.13Nm λ_n_max=1.058 η_n_max=1.279 primal=4.936 iters=25/25
[GS-tgt] step=75 ee=(+0.052,-0.026,+0.201) p_repos=(+0.047,-0.080,+0.030) ee_to_target=0.179m target_label=prev_repos target_changed=N delta=0.000m
[X-SEQ-PROBE] step=75 x0_box=(+0.00000,+0.00000,+0.04999) x1_box=(-0.01168,-0.00110,+0.02547) x1_box_v=(-0.23502,-0.02352,-0.49050) dt=0.050
[GS] step=75 mode=free switch=kStayInRepos best_k=0 best_src=prev_repos curr_cost=105030.40 repos_cost=192006.16 best_other=192006.16 met_progress=N steps_since_improve=71 switches=2
[STEP] step=75 mode=free t=0.750s ee=(+0.052,-0.026,+0.201) obj=(+0.000,+0.000,+0.050) goal_dist=0.300m switch=kStayInRepos target=(+0.047,-0.064,+0.202) ee_stride=0.038m ee_to_ptarget=0.179m landing_err=0.0975m ik_ok=Y ik_resid=0.0017m q_max_resid_deg=7.07 target_changed=Y retgt=N held_idx=1 held_cost=192006.16 won_cost=192006.16 margin=+0.00 won_src=prev_repos held_valid=Y reason=hold setpoint_to_ptarget=0.1745m finished_val=0.1793m finished_thresh=0.0200m pd_resid=0.0382m nextwp_to_ptarget=0.1716m guide_terminal_err=0.0000m
[GATE-EVOLVE] step=75 curr=105030.40 best_other=192006.16 ratio=0.5470 ee_to_optimal=0.0348m phi=0.0760m
[DRAKE-CONTACT] step=75 n_pairs=1 ee_box_normal=0.000
[GATE-CONTACT] step=75 F_W=(+0.0000,+0.0000,+0.0000) F_on_box=(-0.0000,-0.0000,-0.0000) n_face_out=(-0.0000,-0.0000,-0.0000) A_is_ee=0 box_q=(+1.00000,-0.00001,+0.00001,+0.00000) box_p=(+0.00000,+0.00000,+0.04999) ee_p=(+0.05196,-0.02602,+0.20094)
[EErel] along_push=-0.052m (neg=correct)  perp=0.030m  ee_to_box=0.059m  stage=3  obj=[0. 0.]  g_hat=[-1. -0.]
[proxy] err=0.181m  effective=[0.139 0.018 0.05 ]
[ADMM-C3+] primal: 6.1274->4.9359  dual: 109.8105->80.3186  mono=False  iters=25/25  rho=25.0
[ADMM-C3+] WARNING non-converged: pr=4.9359 dr=80.3186 tol=1e-03
[C3+] step=411 |u[0]|=39.29Nm λ_n_max=1.058 η_n_max=1.279 primal=4.936 iters=25/25
[GS-tgt] step=76 ee=(+0.052,-0.030,+0.201) p_repos=(+0.047,-0.080,+0.030) ee_to_target=0.178m target_label=prev_repos target_changed=N delta=0.000m
[X-SEQ-PROBE] step=76 x0_box=(+0.00000,+0.00000,+0.04999) x1_box=(-0.01168,-0.00110,+0.02547) x1_box_v=(-0.23502,-0.02352,-0.49050) dt=0.050
[GS] step=76 mode=free switch=kStayInRepos best_k=0 best_src=prev_repos curr_cost=105189.51 repos_cost=192018.39 best_other=192018.39 met_progress=N steps_since_improve=72 switches=2
[STEP] step=76 mode=free t=0.760s ee=(+0.052,-0.030,+0.201) obj=(+0.000,+0.000,+0.050) goal_dist=0.300m switch=kStayInRepos target=(+0.047,-0.068,+0.202) ee_stride=0.039m ee_to_ptarget=0.178m landing_err=0.0975m ik_ok=Y ik_resid=0.0017m q_max_resid_deg=7.12 target_changed=Y retgt=N held_idx=1 held_cost=192018.39 won_cost=192018.39 margin=+0.00 won_src=prev_repos held_valid=Y reason=hold setpoint_to_ptarget=0.1737m finished_val=0.1783m finished_thresh=0.0200m pd_resid=0.0386m nextwp_to_ptarget=0.1713m guide_terminal_err=0.0000m
[GATE-EVOLVE] step=76 curr=105189.51 best_other=192018.39 ratio=0.5478 ee_to_optimal=0.0378m phi=0.0760m
[DRAKE-CONTACT] step=76 n_pairs=1 ee_box_normal=0.000
[GATE-CONTACT] step=76 F_W=(+0.0000,+0.0000,+0.0000) F_on_box=(-0.0000,-0.0000,-0.0000) n_face_out=(-0.0000,-0.0000,-0.0000) A_is_ee=0 box_q=(+1.00000,-0.00001,+0.00001,+0.00000) box_p=(+0.00000,+0.00000,+0.04999) ee_p=(+0.05152,-0.02958,+0.20099)
[EErel] along_push=-0.051m (neg=correct)  perp=0.033m  ee_to_box=0.061m  stage=3  obj=[0. 0.]  g_hat=[-1. -0.]
[proxy] err=0.184m  effective=[0.141 0.022 0.05 ]
[ADMM-C3+] primal: 6.1274->4.9359  dual: 109.8105->80.3186  mono=False  iters=25/25  rho=25.0
[ADMM-C3+] WARNING non-converged: pr=4.9359 dr=80.3186 tol=1e-03
[C3+] step=414 |u[0]|=39.50Nm λ_n_max=1.058 η_n_max=1.279 primal=4.936 iters=25/25
[GS-tgt] step=77 ee=(+0.051,-0.033,+0.201) p_repos=(+0.047,-0.080,+0.030) ee_to_target=0.177m target_label=prev_repos target_changed=N delta=0.000m
[X-SEQ-PROBE] step=77 x0_box=(+0.00000,+0.00000,+0.04999) x1_box=(-0.01168,-0.00110,+0.02547) x1_box_v=(-0.23502,-0.02352,-0.49050) dt=0.050
[GS] step=77 mode=free switch=kStayInRepos best_k=0 best_src=prev_repos curr_cost=105375.10 repos_cost=192035.47 best_other=192035.47 met_progress=N steps_since_improve=73 switches=2
[STEP] step=77 mode=free t=0.770s ee=(+0.051,-0.033,+0.201) obj=(+0.000,+0.000,+0.050) goal_dist=0.300m switch=kStayInRepos target=(+0.047,-0.072,+0.202) ee_stride=0.039m ee_to_ptarget=0.177m landing_err=0.0975m ik_ok=Y ik_resid=0.0017m q_max_resid_deg=7.16 target_changed=Y retgt=N held_idx=1 held_cost=192035.47 won_cost=192035.47 margin=+0.00 won_src=prev_repos held_valid=Y reason=hold setpoint_to_ptarget=0.1730m finished_val=0.1774m finished_thresh=0.0200m pd_resid=0.0389m nextwp_to_ptarget=0.1710m guide_terminal_err=0.0000m
[GATE-EVOLVE] step=77 curr=105375.10 best_other=192035.47 ratio=0.5487 ee_to_optimal=0.0409m phi=0.0761m
[DRAKE-CONTACT] step=77 n_pairs=1 ee_box_normal=0.000
[GATE-CONTACT] step=77 F_W=(+0.0000,+0.0000,+0.0000) F_on_box=(-0.0000,-0.0000,-0.0000) n_face_out=(-0.0000,-0.0000,-0.0000) A_is_ee=0 box_q=(+1.00000,-0.00001,+0.00001,+0.00000) box_p=(+0.00000,+0.00000,+0.04999) ee_p=(+0.05107,-0.03321,+0.20105)
[EErel] along_push=-0.051m (neg=correct)  perp=0.037m  ee_to_box=0.063m  stage=3  obj=[0. 0.]  g_hat=[-1. -0.]
[proxy] err=0.189m  effective=[0.144 0.027 0.05 ]
[ADMM-C3+] primal: 6.1274->4.9359  dual: 109.8105->80.3186  mono=False  iters=25/25  rho=25.0
[ADMM-C3+] WARNING non-converged: pr=4.9359 dr=80.3186 tol=1e-03
[C3+] step=417 |u[0]|=39.34Nm λ_n_max=1.058 η_n_max=1.279 primal=4.936 iters=25/25
[GS-tgt] step=78 ee=(+0.051,-0.037,+0.201) p_repos=(+0.047,-0.080,+0.030) ee_to_target=0.176m target_label=prev_repos target_changed=N delta=0.000m
[X-SEQ-PROBE] step=78 x0_box=(+0.00000,+0.00000,+0.04999) x1_box=(-0.01168,-0.00110,+0.02547) x1_box_v=(-0.23502,-0.02352,-0.49050) dt=0.050
[GS] step=78 mode=free switch=kStayInRepos best_k=0 best_src=prev_repos curr_cost=105601.86 repos_cost=192055.51 best_other=192055.51 met_progress=N steps_since_improve=74 switches=2
[STEP] step=78 mode=free t=0.780s ee=(+0.051,-0.037,+0.201) obj=(+0.000,+0.000,+0.050) goal_dist=0.300m switch=kStayInRepos target=(+0.046,-0.076,+0.200) ee_stride=0.039m ee_to_ptarget=0.176m landing_err=0.0975m ik_ok=Y ik_resid=0.0017m q_max_resid_deg=7.10 target_changed=Y retgt=N held_idx=1 held_cost=192055.51 won_cost=192055.51 margin=+0.00 won_src=prev_repos held_valid=Y reason=hold setpoint_to_ptarget=0.1724m finished_val=0.1765m finished_thresh=0.0200m pd_resid=0.0392m nextwp_to_ptarget=0.1709m guide_terminal_err=0.0000m
[GATE-EVOLVE] step=78 curr=105601.86 best_other=192055.51 ratio=0.5499 ee_to_optimal=0.0442m phi=0.0761m
[DRAKE-CONTACT] step=78 n_pairs=1 ee_box_normal=0.000
[GATE-CONTACT] step=78 F_W=(+0.0000,+0.0000,+0.0000) F_on_box=(-0.0000,-0.0000,-0.0000) n_face_out=(-0.0000,-0.0000,-0.0000) A_is_ee=0 box_q=(+1.00000,-0.00001,+0.00001,+0.00000) box_p=(+0.00000,+0.00000,+0.04999) ee_p=(+0.05062,-0.03690,+0.20110)
[EErel] along_push=-0.050m (neg=correct)  perp=0.041m  ee_to_box=0.065m  stage=3  obj=[0. 0.]  g_hat=[-1. -0.]
[proxy] err=0.194m  effective=[0.147 0.033 0.05 ]
[ADMM-C3+] primal: 6.1274->4.9359  dual: 109.8105->80.3186  mono=False  iters=25/25  rho=25.0
[ADMM-C3+] WARNING non-converged: pr=4.9359 dr=80.3186 tol=1e-03
[C3+] step=420 |u[0]|=39.08Nm λ_n_max=1.058 η_n_max=1.279 primal=4.936 iters=25/25
[GS-tgt] step=79 ee=(+0.050,-0.041,+0.201) p_repos=(+0.047,-0.080,+0.030) ee_to_target=0.176m target_label=prev_repos target_changed=N delta=0.000m
[X-SEQ-PROBE] step=79 x0_box=(+0.00000,+0.00000,+0.04999) x1_box=(-0.01168,-0.00110,+0.02547) x1_box_v=(-0.23502,-0.02352,-0.49050) dt=0.050
[GS] step=79 mode=free switch=kStayInRepos best_k=0 best_src=prev_repos curr_cost=105857.52 repos_cost=192057.47 best_other=192057.47 met_progress=N steps_since_improve=75 switches=2
[STEP] step=79 mode=free t=0.790s ee=(+0.050,-0.041,+0.201) obj=(+0.000,+0.000,+0.050) goal_dist=0.300m switch=kStayInRepos target=(+0.046,-0.079,+0.200) ee_stride=0.039m ee_to_ptarget=0.176m landing_err=0.0975m ik_ok=Y ik_resid=0.0017m q_max_resid_deg=6.98 target_changed=Y retgt=N held_idx=1 held_cost=192057.47 won_cost=192057.47 margin=+0.00 won_src=prev_repos held_valid=Y reason=hold setpoint_to_ptarget=0.1720m finished_val=0.1756m finished_thresh=0.0200m pd_resid=0.0386m nextwp_to_ptarget=0.1709m guide_terminal_err=0.0000m
[GATE-EVOLVE] step=79 curr=105857.52 best_other=192057.47 ratio=0.5512 ee_to_optimal=0.0476m phi=0.0761m
[DRAKE-CONTACT] step=79 n_pairs=1 ee_box_normal=0.000
[GATE-CONTACT] step=79 F_W=(+0.0000,+0.0000,+0.0000) F_on_box=(-0.0000,-0.0000,-0.0000) n_face_out=(-0.0000,-0.0000,-0.0000) A_is_ee=0 box_q=(+1.00000,-0.00001,+0.00001,+0.00000) box_p=(+0.00000,+0.00000,+0.04999) ee_p=(+0.05018,-0.04064,+0.20111)
[EErel] along_push=-0.050m (neg=correct)  perp=0.044m  ee_to_box=0.067m  stage=3  obj=[0. 0.]  g_hat=[-1. -0.]
[proxy] err=0.200m  effective=[0.15  0.039 0.05 ]
[ADMM-C3+] primal: 6.1274->4.9359  dual: 109.8105->80.3186  mono=False  iters=25/25  rho=25.0
[ADMM-C3+] WARNING non-converged: pr=4.9359 dr=80.3186 tol=1e-03
[C3+] step=423 |u[0]|=38.84Nm λ_n_max=1.058 η_n_max=1.279 primal=4.936 iters=25/25
[GS-tgt] step=80 ee=(+0.050,-0.044,+0.201) p_repos=(+0.047,-0.080,+0.030) ee_to_target=0.175m target_label=prev_repos target_changed=N delta=0.000m
[X-SEQ-PROBE] step=80 x0_box=(+0.00000,+0.00000,+0.04999) x1_box=(-0.01168,-0.00110,+0.02547) x1_box_v=(-0.23502,-0.02352,-0.49050) dt=0.050
[IMP] step=80 mode=free |x_err|=0.0348m |tau_imp|=5.38Nm |tau_ff|=0.00Nm |tau_out|=5.38Nm sat=False lam_n=False lam_t=False
[GS] step=80 mode=free switch=kStayInRepos best_k=0 best_src=prev_repos curr_cost=106150.17 repos_cost=192056.13 best_other=192056.13 met_progress=N steps_since_improve=76 switches=2
[STEP] step=80 mode=free t=0.800s ee=(+0.050,-0.044,+0.201) obj=(+0.000,+0.000,+0.050) goal_dist=0.300m switch=kStayInRepos target=(+0.046,-0.079,+0.200) ee_stride=0.035m ee_to_ptarget=0.175m landing_err=0.0975m ik_ok=Y ik_resid=0.0017m q_max_resid_deg=6.33 target_changed=N retgt=N held_idx=1 held_cost=192056.13 won_cost=192056.13 margin=+0.00 won_src=prev_repos held_valid=Y reason=hold setpoint_to_ptarget=0.1716m finished_val=0.1747m finished_thresh=0.0200m pd_resid=0.0348m nextwp_to_ptarget=0.1709m guide_terminal_err=0.0000m
[GATE-EVOLVE] step=80 curr=106150.17 best_other=192056.13 ratio=0.5527 ee_to_optimal=0.0511m phi=0.0761m
[GS-table] step=80
  k=0 (current   ) pos=(+0.050,-0.044,+0.201) c_C3= 136150.17 align=1.0000(bonus=30000.00) rot=+0.0000(bonus=    0.00) travel=0.000m(pen=  0.00) c_sample= 106150.17 feas=Y ik_err=0.0000m  ← WIN
  k=1 (prev_repos) pos=(+0.047,-0.080,+0.030) c_C3= 192021.18 align=0.0000(bonus=    0.00) rot=+0.0000(bonus=    0.00) travel=0.175m(pen= 34.95) c_sample= 192056.13 feas=Y ik_err=0.0001m
  k=2 (strat_0   ) pos=(+0.047,-0.080,+0.030) c_C3= 192021.18 align=0.0000(bonus=    0.00) rot=+0.0000(bonus=    0.00) travel=0.175m(pen= 34.95) c_sample= 192056.13 feas=Y ik_err=0.0001m
[DRAKE-CONTACT] step=80 n_pairs=1 ee_box_normal=0.000
[GATE-CONTACT] step=80 F_W=(+0.0000,+0.0000,+0.0000) F_on_box=(-0.0000,-0.0000,-0.0000) n_face_out=(-0.0000,-0.0000,-0.0000) A_is_ee=0 box_q=(+1.00000,-0.00001,+0.00001,+0.00000) box_p=(+0.00000,+0.00000,+0.04999) ee_p=(+0.04973,-0.04441,+0.20106)
[EErel] along_push=-0.049m (neg=correct)  perp=0.048m  ee_to_box=0.069m  stage=3  obj=[0. 0.]  g_hat=[-1. -0.]
[proxy] err=0.206m  effective=[0.153 0.046 0.05 ]
[ADMM-C3+] primal: 6.1274->4.9359  dual: 109.8105->80.3186  mono=False  iters=25/25  rho=25.0
[ADMM-C3+] WARNING non-converged: pr=4.9359 dr=80.3186 tol=1e-03
[C3+] step=426 |u[0]|=38.67Nm λ_n_max=1.058 η_n_max=1.279 primal=4.936 iters=25/25
[GS-tgt] step=81 ee=(+0.049,-0.048,+0.201) p_repos=(+0.047,-0.080,+0.030) ee_to_target=0.174m target_label=prev_repos target_changed=N delta=0.000m
[X-SEQ-PROBE] step=81 x0_box=(+0.00000,+0.00000,+0.04999) x1_box=(-0.01168,-0.00110,+0.02547) x1_box_v=(-0.23502,-0.02352,-0.49050) dt=0.050
[GS] step=81 mode=free switch=kStayInRepos best_k=0 best_src=prev_repos curr_cost=106459.83 repos_cost=192038.00 best_other=192038.00 met_progress=N steps_since_improve=77 switches=2
[STEP] step=81 mode=free t=0.810s ee=(+0.049,-0.048,+0.201) obj=(+0.000,+0.000,+0.050) goal_dist=0.300m switch=kStayInRepos target=(+0.046,-0.079,+0.200) ee_stride=0.031m ee_to_ptarget=0.174m landing_err=0.0975m ik_ok=Y ik_resid=0.0017m q_max_resid_deg=5.70 target_changed=N retgt=N held_idx=1 held_cost=192038.00 won_cost=192038.00 margin=+0.00 won_src=prev_repos held_valid=Y reason=hold setpoint_to_ptarget=0.1713m finished_val=0.1739m finished_thresh=0.0200m pd_resid=0.0311m nextwp_to_ptarget=0.1709m guide_terminal_err=0.0000m
[GATE-EVOLVE] step=81 curr=106459.83 best_other=192038.00 ratio=0.5544 ee_to_optimal=0.0546m phi=0.0760m
[DRAKE-CONTACT] step=81 n_pairs=1 ee_box_normal=0.000
[GATE-CONTACT] step=81 F_W=(+0.0000,+0.0000,+0.0000) F_on_box=(-0.0000,-0.0000,-0.0000) n_face_out=(-0.0000,-0.0000,-0.0000) A_is_ee=0 box_q=(+1.00000,-0.00001,+0.00001,+0.00000) box_p=(+0.00000,+0.00000,+0.04999) ee_p=(+0.04930,-0.04812,+0.20099)
[EErel] along_push=-0.049m (neg=correct)  perp=0.052m  ee_to_box=0.071m  stage=3  obj=[0. 0.]  g_hat=[-1. -0.]
[proxy] err=0.212m  effective=[0.157 0.052 0.05 ]
[ADMM-C3+] primal: 6.1274->4.9359  dual: 109.8105->80.3186  mono=False  iters=25/25  rho=25.0
[ADMM-C3+] WARNING non-converged: pr=4.9359 dr=80.3186 tol=1e-03
[C3+] step=429 |u[0]|=38.55Nm λ_n_max=1.058 η_n_max=1.279 primal=4.936 iters=25/25
[GS-tgt] step=82 ee=(+0.049,-0.052,+0.201) p_repos=(+0.047,-0.080,+0.030) ee_to_target=0.173m target_label=prev_repos target_changed=N delta=0.000m
[X-SEQ-PROBE] step=82 x0_box=(+0.00000,+0.00000,+0.04999) x1_box=(-0.01168,-0.00110,+0.02547) x1_box_v=(-0.23502,-0.02352,-0.49050) dt=0.050
[GS] step=82 mode=free switch=kStayInRepos best_k=0 best_src=prev_repos curr_cost=136743.75 repos_cost=192032.28 best_other=192032.28 met_progress=N steps_since_improve=78 switches=2
[STEP] step=82 mode=free t=0.820s ee=(+0.049,-0.052,+0.201) obj=(+0.000,+0.000,+0.050) goal_dist=0.300m switch=kStayInRepos target=(+0.046,-0.079,+0.200) ee_stride=0.028m ee_to_ptarget=0.173m landing_err=0.0975m ik_ok=Y ik_resid=0.0017m q_max_resid_deg=5.10 target_changed=N retgt=N held_idx=1 held_cost=192032.28 won_cost=192032.28 margin=+0.00 won_src=prev_repos held_valid=Y reason=hold setpoint_to_ptarget=0.1710m finished_val=0.1733m finished_thresh=0.0200m pd_resid=0.0275m nextwp_to_ptarget=0.1709m guide_terminal_err=0.0000m
[GATE-EVOLVE] step=82 curr=136743.75 best_other=192032.28 ratio=0.7121 ee_to_optimal=0.0579m phi=0.0759m
[DRAKE-CONTACT] step=82 n_pairs=1 ee_box_normal=0.000
[GATE-CONTACT] step=82 F_W=(+0.0000,+0.0000,+0.0000) F_on_box=(-0.0000,-0.0000,-0.0000) n_face_out=(-0.0000,-0.0000,-0.0000) A_is_ee=0 box_q=(+1.00000,-0.00001,+0.00001,+0.00000) box_p=(+0.00000,+0.00000,+0.04999) ee_p=(+0.04890,-0.05165,+0.20091)
[EErel] along_push=-0.049m (neg=correct)  perp=0.055m  ee_to_box=0.073m  stage=3  obj=[0. 0.]  g_hat=[-1. -0.]
[proxy] err=0.217m  effective=[0.16  0.055 0.05 ]
[ADMM-C3+] primal: 6.1274->4.9359  dual: 109.8105->80.3186  mono=False  iters=25/25  rho=25.0
[ADMM-C3+] WARNING non-converged: pr=4.9359 dr=80.3186 tol=1e-03
[C3+] step=432 |u[0]|=38.48Nm λ_n_max=1.058 η_n_max=1.279 primal=4.936 iters=25/25
[GS-tgt] step=83 ee=(+0.049,-0.055,+0.201) p_repos=(+0.047,-0.080,+0.030) ee_to_target=0.173m target_label=prev_repos target_changed=N delta=0.000m
[X-SEQ-PROBE] step=83 x0_box=(+0.00000,+0.00000,+0.04999) x1_box=(-0.01168,-0.00110,+0.02547) x1_box_v=(-0.23502,-0.02352,-0.49050) dt=0.050
[GS] step=83 mode=free switch=kStayInRepos best_k=0 best_src=prev_repos curr_cost=136981.77 repos_cost=192067.32 best_other=192067.32 met_progress=N steps_since_improve=79 switches=2
[STEP] step=83 mode=free t=0.830s ee=(+0.049,-0.055,+0.201) obj=(+0.000,+0.000,+0.050) goal_dist=0.300m switch=kStayInRepos target=(+0.046,-0.079,+0.182) ee_stride=0.031m ee_to_ptarget=0.173m landing_err=0.0975m ik_ok=Y ik_resid=0.0017m q_max_resid_deg=3.65 target_changed=Y retgt=N held_idx=1 held_cost=192067.32 won_cost=192067.32 margin=+0.00 won_src=prev_repos held_valid=Y reason=hold setpoint_to_ptarget=0.1709m finished_val=0.1727m finished_thresh=0.0200m pd_resid=0.0307m nextwp_to_ptarget=0.1509m guide_terminal_err=0.0000m
[GATE-EVOLVE] step=83 curr=136981.77 best_other=192067.32 ratio=0.7132 ee_to_optimal=0.0610m phi=0.0760m
[DRAKE-CONTACT] step=83 n_pairs=1 ee_box_normal=0.000
[GATE-CONTACT] step=83 F_W=(+0.0000,+0.0000,+0.0000) F_on_box=(-0.0000,-0.0000,-0.0000) n_face_out=(-0.0000,-0.0000,-0.0000) A_is_ee=0 box_q=(+1.00000,-0.00001,+0.00001,+0.00000) box_p=(+0.00000,+0.00000,+0.04999) ee_p=(+0.04852,-0.05496,+0.20085)
[EErel] along_push=-0.048m (neg=correct)  perp=0.058m  ee_to_box=0.075m  stage=3  obj=[0. 0.]  g_hat=[-1. -0.]
[proxy] err=0.222m  effective=[0.163 0.058 0.05 ]
[ADMM-C3+] primal: 6.1274->4.9359  dual: 109.8105->80.3186  mono=False  iters=25/25  rho=25.0
[ADMM-C3+] WARNING non-converged: pr=4.9359 dr=80.3186 tol=1e-03
[C3+] step=435 |u[0]|=38.81Nm λ_n_max=1.058 η_n_max=1.279 primal=4.936 iters=25/25
[GS-tgt] step=84 ee=(+0.048,-0.058,+0.200) p_repos=(+0.047,-0.080,+0.030) ee_to_target=0.172m target_label=prev_repos target_changed=N delta=0.000m
[X-SEQ-PROBE] step=84 x0_box=(+0.00000,+0.00000,+0.04999) x1_box=(-0.01168,-0.00110,+0.02547) x1_box_v=(-0.23502,-0.02352,-0.49050) dt=0.050
[GS] step=84 mode=free switch=kStayInRepos best_k=0 best_src=prev_repos curr_cost=137082.13 repos_cost=192724.28 best_other=192724.28 met_progress=N steps_since_improve=80 switches=2
[STEP] step=84 mode=free t=0.840s ee=(+0.048,-0.058,+0.200) obj=(+0.000,+0.000,+0.050) goal_dist=0.300m switch=kStayInRepos target=(+0.046,-0.079,+0.178) ee_stride=0.031m ee_to_ptarget=0.172m landing_err=0.0975m ik_ok=Y ik_resid=0.0017m q_max_resid_deg=2.93 target_changed=Y retgt=N held_idx=1 held_cost=192724.28 won_cost=192724.28 margin=+0.00 won_src=prev_repos held_valid=Y reason=hold setpoint_to_ptarget=0.1669m finished_val=0.1719m finished_thresh=0.0200m pd_resid=0.0309m nextwp_to_ptarget=0.1469m guide_terminal_err=0.0000m
[GATE-EVOLVE] step=84 curr=137082.13 best_other=192724.28 ratio=0.7113 ee_to_optimal=0.0639m phi=0.0758m
[DRAKE-CONTACT] step=84 n_pairs=1 ee_box_normal=0.000
[GATE-CONTACT] step=84 F_W=(+0.0000,+0.0000,+0.0000) F_on_box=(-0.0000,-0.0000,-0.0000) n_face_out=(-0.0000,-0.0000,-0.0000) A_is_ee=0 box_q=(+1.00000,-0.00001,+0.00001,+0.00000) box_p=(+0.00000,+0.00000,+0.04999) ee_p=(+0.04818,-0.05803,+0.20044)
[EErel] along_push=-0.048m (neg=correct)  perp=0.061m  ee_to_box=0.077m  stage=3  obj=[0. 0.]  g_hat=[-1. -0.]
[proxy] err=0.226m  effective=[0.166 0.061 0.05 ]
[ADMM-C3+] primal: 6.1274->4.9359  dual: 109.8105->80.3186  mono=False  iters=25/25  rho=25.0
[ADMM-C3+] WARNING non-converged: pr=4.9359 dr=80.3186 tol=1e-03
[C3+] step=438 |u[0]|=39.24Nm λ_n_max=1.058 η_n_max=1.279 primal=4.936 iters=25/25
[GS-tgt] step=85 ee=(+0.048,-0.061,+0.199) p_repos=(+0.047,-0.080,+0.030) ee_to_target=0.171m target_label=prev_repos target_changed=N delta=0.000m
[X-SEQ-PROBE] step=85 x0_box=(+0.00000,+0.00000,+0.04999) x1_box=(-0.01168,-0.00110,+0.02547) x1_box_v=(-0.23502,-0.02352,-0.49050) dt=0.050
[GS] step=85 mode=free switch=kStayInRepos best_k=0 best_src=prev_repos curr_cost=137158.78 repos_cost=194081.36 best_other=194081.36 met_progress=N steps_since_improve=81 switches=2
[STEP] step=85 mode=free t=0.850s ee=(+0.048,-0.061,+0.199) obj=(+0.000,+0.000,+0.050) goal_dist=0.300m switch=kStayInRepos target=(+0.046,-0.079,+0.174) ee_stride=0.031m ee_to_ptarget=0.171m landing_err=0.0975m ik_ok=Y ik_resid=0.0017m q_max_resid_deg=2.27 target_changed=Y retgt=N held_idx=1 held_cost=194081.36 won_cost=194081.36 margin=+0.00 won_src=prev_repos held_valid=Y reason=hold setpoint_to_ptarget=0.1629m finished_val=0.1706m finished_thresh=0.0200m pd_resid=0.0314m nextwp_to_ptarget=0.1429m guide_terminal_err=0.0000m
[GATE-EVOLVE] step=85 curr=137158.78 best_other=194081.36 ratio=0.7067 ee_to_optimal=0.0667m phi=0.0751m
[DRAKE-CONTACT] step=85 n_pairs=1 ee_box_normal=0.000
[GATE-CONTACT] step=85 F_W=(+0.0000,+0.0000,+0.0000) F_on_box=(-0.0000,-0.0000,-0.0000) n_face_out=(-0.0000,-0.0000,-0.0000) A_is_ee=0 box_q=(+1.00000,-0.00001,+0.00001,+0.00000) box_p=(+0.00000,+0.00000,+0.04999) ee_p=(+0.04787,-0.06089,+0.19947)
[EErel] along_push=-0.048m (neg=correct)  perp=0.063m  ee_to_box=0.079m  stage=3  obj=[0. 0.]  g_hat=[-1. -0.]
[proxy] err=0.230m  effective=[0.169 0.063 0.05 ]
[ADMM-C3+] primal: 6.1274->4.9359  dual: 109.8105->80.3186  mono=False  iters=25/25  rho=25.0
[ADMM-C3+] WARNING non-converged: pr=4.9359 dr=80.3186 tol=1e-03
[C3+] step=441 |u[0]|=39.75Nm λ_n_max=1.058 η_n_max=1.279 primal=4.936 iters=25/25
[GS-tgt] step=86 ee=(+0.048,-0.063,+0.198) p_repos=(+0.047,-0.080,+0.030) ee_to_target=0.169m target_label=prev_repos target_changed=N delta=0.000m
[X-SEQ-PROBE] step=86 x0_box=(+0.00000,+0.00000,+0.04999) x1_box=(-0.01168,-0.00110,+0.02547) x1_box_v=(-0.23502,-0.02352,-0.49050) dt=0.050
[GS] step=86 mode=free switch=kStayInRepos best_k=0 best_src=prev_repos curr_cost=137206.56 repos_cost=195933.17 best_other=195933.17 met_progress=N steps_since_improve=82 switches=2
[STEP] step=86 mode=free t=0.860s ee=(+0.048,-0.063,+0.198) obj=(+0.000,+0.000,+0.050) goal_dist=0.300m switch=kStayInRepos target=(+0.046,-0.079,+0.170) ee_stride=0.032m ee_to_ptarget=0.169m landing_err=0.0975m ik_ok=Y ik_resid=0.0017m q_max_resid_deg=3.05 target_changed=Y retgt=N held_idx=1 held_cost=195933.17 won_cost=195933.17 margin=+0.00 won_src=prev_repos held_valid=Y reason=hold setpoint_to_ptarget=0.1589m finished_val=0.1688m finished_thresh=0.0200m pd_resid=0.0322m nextwp_to_ptarget=0.1389m guide_terminal_err=0.0000m
[GATE-EVOLVE] step=86 curr=137206.56 best_other=195933.17 ratio=0.7003 ee_to_optimal=0.0692m phi=0.0740m
[DRAKE-CONTACT] step=86 n_pairs=1 ee_box_normal=0.000
[GATE-CONTACT] step=86 F_W=(+0.0000,+0.0000,+0.0000) F_on_box=(-0.0000,-0.0000,-0.0000) n_face_out=(-0.0000,-0.0000,-0.0000) A_is_ee=0 box_q=(+1.00000,-0.00001,+0.00001,+0.00000) box_p=(+0.00000,+0.00000,+0.04999) ee_p=(+0.04759,-0.06349,+0.19803)
[EErel] along_push=-0.047m (neg=correct)  perp=0.066m  ee_to_box=0.081m  stage=3  obj=[0. 0.]  g_hat=[-1. -0.]
[proxy] err=0.233m  effective=[0.172 0.066 0.05 ]
[ADMM-C3+] primal: 6.1274->4.9359  dual: 109.8105->80.3186  mono=False  iters=25/25  rho=25.0
[ADMM-C3+] WARNING non-converged: pr=4.9359 dr=80.3186 tol=1e-03
[C3+] step=444 |u[0]|=39.60Nm λ_n_max=1.058 η_n_max=1.279 primal=4.936 iters=25/25
[GS-tgt] step=87 ee=(+0.047,-0.066,+0.196) p_repos=(+0.047,-0.080,+0.030) ee_to_target=0.167m target_label=prev_repos target_changed=N delta=0.000m
[X-SEQ-PROBE] step=87 x0_box=(+0.00000,+0.00000,+0.04999) x1_box=(-0.01168,-0.00110,+0.02547) x1_box_v=(-0.23502,-0.02352,-0.49050) dt=0.050
[GS] step=87 mode=free switch=kStayInRepos best_k=0 best_src=prev_repos curr_cost=137208.82 repos_cost=197935.64 best_other=197935.64 met_progress=N steps_since_improve=83 switches=2
[STEP] step=87 mode=free t=0.870s ee=(+0.047,-0.066,+0.196) obj=(+0.000,+0.000,+0.050) goal_dist=0.300m switch=kStayInRepos target=(+0.046,-0.079,+0.166) ee_stride=0.033m ee_to_ptarget=0.167m landing_err=0.0975m ik_ok=Y ik_resid=0.0017m q_max_resid_deg=3.89 target_changed=Y retgt=N held_idx=1 held_cost=197935.64 won_cost=197935.64 margin=+0.00 won_src=prev_repos held_valid=Y reason=hold setpoint_to_ptarget=0.1549m finished_val=0.1668m finished_thresh=0.0200m pd_resid=0.0331m nextwp_to_ptarget=0.1349m guide_terminal_err=0.0000m
[GATE-EVOLVE] step=87 curr=137208.82 best_other=197935.64 ratio=0.6932 ee_to_optimal=0.0714m phi=0.0725m
[DRAKE-CONTACT] step=87 n_pairs=1 ee_box_normal=0.000
[GATE-CONTACT] step=87 F_W=(+0.0000,+0.0000,+0.0000) F_on_box=(-0.0000,-0.0000,-0.0000) n_face_out=(-0.0000,-0.0000,-0.0000) A_is_ee=0 box_q=(+1.00000,-0.00001,+0.00001,+0.00000) box_p=(+0.00000,+0.00000,+0.04999) ee_p=(+0.04735,-0.06582,+0.19618)
[EErel] along_push=-0.047m (neg=correct)  perp=0.068m  ee_to_box=0.083m  stage=3  obj=[0. 0.]  g_hat=[-1. -0.]
[proxy] err=0.235m  effective=[0.174 0.068 0.05 ]
[ADMM-C3+] primal: 6.1274->4.9359  dual: 109.8105->80.3186  mono=False  iters=25/25  rho=25.0
[ADMM-C3+] WARNING non-converged: pr=4.9359 dr=80.3186 tol=1e-03
[C3+] step=447 |u[0]|=39.28Nm λ_n_max=1.058 η_n_max=1.279 primal=4.936 iters=25/25
[GS-tgt] step=88 ee=(+0.047,-0.068,+0.194) p_repos=(+0.047,-0.080,+0.030) ee_to_target=0.164m target_label=prev_repos target_changed=N delta=0.000m
[X-SEQ-PROBE] step=88 x0_box=(+0.00000,+0.00000,+0.04999) x1_box=(-0.01168,-0.00110,+0.02547) x1_box_v=(-0.23502,-0.02352,-0.49050) dt=0.050
[GS] step=88 mode=free switch=kStayInRepos best_k=0 best_src=prev_repos curr_cost=137185.81 repos_cost=199937.88 best_other=199937.88 met_progress=N steps_since_improve=84 switches=2
[STEP] step=88 mode=free t=0.880s ee=(+0.047,-0.068,+0.194) obj=(+0.000,+0.000,+0.050) goal_dist=0.300m switch=kStayInRepos target=(+0.046,-0.079,+0.162) ee_stride=0.034m ee_to_ptarget=0.164m landing_err=0.0975m ik_ok=Y ik_resid=0.0017m q_max_resid_deg=4.59 target_changed=Y retgt=N held_idx=1 held_cost=199937.88 won_cost=199937.88 margin=+0.00 won_src=prev_repos held_valid=Y reason=hold setpoint_to_ptarget=0.1509m finished_val=0.1644m finished_thresh=0.0200m pd_resid=0.0340m nextwp_to_ptarget=0.1309m guide_terminal_err=0.0000m
[GATE-EVOLVE] step=88 curr=137185.81 best_other=199937.88 ratio=0.6861 ee_to_optimal=0.0734m phi=0.0707m
[DRAKE-CONTACT] step=88 n_pairs=1 ee_box_normal=0.000
[GATE-CONTACT] step=88 F_W=(+0.0000,+0.0000,+0.0000) F_on_box=(-0.0000,-0.0000,-0.0000) n_face_out=(-0.0000,-0.0000,-0.0000) A_is_ee=0 box_q=(+1.00000,-0.00001,+0.00001,+0.00000) box_p=(+0.00000,+0.00000,+0.04999) ee_p=(+0.04713,-0.06789,+0.19400)
[EErel] along_push=-0.047m (neg=correct)  perp=0.070m  ee_to_box=0.084m  stage=3  obj=[0. 0.]  g_hat=[-1. -0.]
[proxy] err=0.237m  effective=[0.176 0.07  0.05 ]
[ADMM-C3+] primal: 6.1274->4.9359  dual: 109.8105->80.3186  mono=False  iters=25/25  rho=25.0
[ADMM-C3+] WARNING non-converged: pr=4.9359 dr=80.3186 tol=1e-03
[C3+] step=450 |u[0]|=39.05Nm λ_n_max=1.058 η_n_max=1.279 primal=4.936 iters=25/25
[GS-tgt] step=89 ee=(+0.047,-0.070,+0.192) p_repos=(+0.047,-0.080,+0.030) ee_to_target=0.162m target_label=prev_repos target_changed=N delta=0.000m
[X-SEQ-PROBE] step=89 x0_box=(+0.00000,+0.00000,+0.04999) x1_box=(-0.01168,-0.00110,+0.02547) x1_box_v=(-0.23502,-0.02352,-0.49050) dt=0.050
[GS] step=89 mode=free switch=kStayInRepos best_k=0 best_src=prev_repos curr_cost=137125.93 repos_cost=201902.52 best_other=201902.52 met_progress=N steps_since_improve=85 switches=2
[STEP] step=89 mode=free t=0.890s ee=(+0.047,-0.070,+0.192) obj=(+0.000,+0.000,+0.050) goal_dist=0.300m switch=kStayInRepos target=(+0.046,-0.079,+0.158) ee_stride=0.035m ee_to_ptarget=0.162m landing_err=0.0975m ik_ok=Y ik_resid=0.0017m q_max_resid_deg=5.18 target_changed=Y retgt=N held_idx=1 held_cost=201902.52 won_cost=201902.52 margin=+0.00 won_src=prev_repos held_valid=Y reason=hold setpoint_to_ptarget=0.1469m finished_val=0.1618m finished_thresh=0.0200m pd_resid=0.0349m nextwp_to_ptarget=0.1269m guide_terminal_err=0.0000m
[GATE-EVOLVE] step=89 curr=137125.93 best_other=201902.52 ratio=0.6792 ee_to_optimal=0.0751m phi=0.0686m
[DRAKE-CONTACT] step=89 n_pairs=1 ee_box_normal=0.000
[GATE-CONTACT] step=89 F_W=(+0.0000,+0.0000,+0.0000) F_on_box=(-0.0000,-0.0000,-0.0000) n_face_out=(-0.0000,-0.0000,-0.0000) A_is_ee=0 box_q=(+1.00000,-0.00001,+0.00001,+0.00000) box_p=(+0.00000,+0.00000,+0.04999) ee_p=(+0.04695,-0.06971,+0.19152)
[EErel] along_push=-0.047m (neg=correct)  perp=0.071m  ee_to_box=0.085m  stage=3  obj=[0. 0.]  g_hat=[-1. -0.]
[proxy] err=0.238m  effective=[0.178 0.071 0.05 ]
[ADMM-C3+] primal: 6.1274->4.9359  dual: 109.8105->80.3186  mono=False  iters=25/25  rho=25.0
[ADMM-C3+] WARNING non-converged: pr=4.9359 dr=80.3186 tol=1e-03
[C3+] step=453 |u[0]|=38.91Nm λ_n_max=1.058 η_n_max=1.279 primal=4.936 iters=25/25
[GS-tgt] step=90 ee=(+0.047,-0.071,+0.189) p_repos=(+0.047,-0.080,+0.030) ee_to_target=0.159m target_label=prev_repos target_changed=N delta=0.000m
[X-SEQ-PROBE] step=90 x0_box=(+0.00000,+0.00000,+0.04999) x1_box=(-0.01168,-0.00110,+0.02547) x1_box_v=(-0.23502,-0.02352,-0.49050) dt=0.050
[IMP] step=90 mode=free |x_err|=0.0358m |tau_imp|=20.44Nm |tau_ff|=0.00Nm |tau_out|=20.44Nm sat=False lam_n=False lam_t=False
[GS] step=90 mode=free switch=kStayInRepos best_k=0 best_src=prev_repos curr_cost=137042.61 repos_cost=203780.41 best_other=203780.41 met_progress=N steps_since_improve=86 switches=2
[STEP] step=90 mode=free t=0.900s ee=(+0.047,-0.071,+0.189) obj=(+0.000,+0.000,+0.050) goal_dist=0.300m switch=kStayInRepos target=(+0.046,-0.079,+0.154) ee_stride=0.036m ee_to_ptarget=0.159m landing_err=0.0975m ik_ok=Y ik_resid=0.0017m q_max_resid_deg=5.67 target_changed=Y retgt=N held_idx=1 held_cost=203780.41 won_cost=203780.41 margin=+0.00 won_src=prev_repos held_valid=Y reason=hold setpoint_to_ptarget=0.1429m finished_val=0.1590m finished_thresh=0.0200m pd_resid=0.0358m nextwp_to_ptarget=0.1229m guide_terminal_err=0.0000m
[GATE-EVOLVE] step=90 curr=137042.61 best_other=203780.41 ratio=0.6725 ee_to_optimal=0.0767m phi=0.0663m
[DRAKE-CONTACT] step=90 n_pairs=1 ee_box_normal=0.000
[GATE-CONTACT] step=90 F_W=(+0.0000,+0.0000,+0.0000) F_on_box=(-0.0000,-0.0000,-0.0000) n_face_out=(-0.0000,-0.0000,-0.0000) A_is_ee=0 box_q=(+1.00000,-0.00001,+0.00001,+0.00000) box_p=(+0.00000,+0.00000,+0.04999) ee_p=(+0.04680,-0.07129,+0.18880)
[EErel] along_push=-0.047m (neg=correct)  perp=0.073m  ee_to_box=0.086m  stage=3  obj=[0. 0.]  g_hat=[-1. -0.]
[proxy] err=0.239m  effective=[0.18  0.073 0.05 ]
[ADMM-C3+] primal: 6.1274->4.9359  dual: 109.8105->80.3186  mono=False  iters=25/25  rho=25.0
[ADMM-C3+] WARNING non-converged: pr=4.9359 dr=80.3186 tol=1e-03
[C3+] step=456 |u[0]|=38.90Nm λ_n_max=1.058 η_n_max=1.279 primal=4.936 iters=25/25
[GS-tgt] step=91 ee=(+0.047,-0.073,+0.186) p_repos=(+0.047,-0.080,+0.030) ee_to_target=0.156m target_label=prev_repos target_changed=N delta=0.000m
[X-SEQ-PROBE] step=91 x0_box=(+0.00000,+0.00000,+0.04999) x1_box=(-0.01168,-0.00110,+0.02547) x1_box_v=(-0.23502,-0.02352,-0.49050) dt=0.050
[GS] step=91 mode=free switch=kStayInRepos best_k=0 best_src=prev_repos curr_cost=136933.29 repos_cost=205464.84 best_other=205464.84 met_progress=N steps_since_improve=87 switches=2
[STEP] step=91 mode=free t=0.910s ee=(+0.047,-0.073,+0.186) obj=(+0.000,+0.000,+0.050) goal_dist=0.300m switch=kStayInRepos target=(+0.046,-0.081,+0.150) ee_stride=0.037m ee_to_ptarget=0.156m landing_err=0.0975m ik_ok=Y ik_resid=0.0016m q_max_resid_deg=5.81 target_changed=Y retgt=N held_idx=1 held_cost=205464.84 won_cost=205464.84 margin=+0.00 won_src=prev_repos held_valid=Y reason=hold setpoint_to_ptarget=0.1389m finished_val=0.1560m finished_thresh=0.0200m pd_resid=0.0369m nextwp_to_ptarget=0.1189m guide_terminal_err=0.0000m
[GATE-EVOLVE] step=91 curr=136933.29 best_other=205464.84 ratio=0.6665 ee_to_optimal=0.0780m phi=0.0638m
[DRAKE-CONTACT] step=91 n_pairs=1 ee_box_normal=0.000
[GATE-CONTACT] step=91 F_W=(+0.0000,+0.0000,+0.0000) F_on_box=(-0.0000,-0.0000,-0.0000) n_face_out=(-0.0000,-0.0000,-0.0000) A_is_ee=0 box_q=(+1.00000,-0.00001,+0.00001,+0.00000) box_p=(+0.00000,+0.00000,+0.04999) ee_p=(+0.04666,-0.07265,+0.18586)
[EErel] along_push=-0.047m (neg=correct)  perp=0.074m  ee_to_box=0.087m  stage=3  obj=[0. 0.]  g_hat=[-1. -0.]
[proxy] err=0.240m  effective=[0.181 0.074 0.05 ]
[ADMM-C3+] primal: 6.1274->4.9359  dual: 109.8105->80.3186  mono=False  iters=25/25  rho=25.0
[ADMM-C3+] WARNING non-converged: pr=4.9359 dr=80.3186 tol=1e-03
[C3+] step=459 |u[0]|=39.01Nm λ_n_max=1.058 η_n_max=1.279 primal=4.936 iters=25/25
[GS-tgt] step=92 ee=(+0.047,-0.074,+0.183) p_repos=(+0.047,-0.080,+0.030) ee_to_target=0.153m target_label=prev_repos target_changed=N delta=0.000m
[X-SEQ-PROBE] step=92 x0_box=(+0.00000,+0.00000,+0.04999) x1_box=(-0.01168,-0.00110,+0.02547) x1_box_v=(-0.23502,-0.02352,-0.49050) dt=0.050
[GS] step=92 mode=free switch=kStayInRepos best_k=0 best_src=prev_repos curr_cost=136824.64 repos_cost=206776.82 best_other=206776.82 met_progress=N steps_since_improve=88 switches=2
[STEP] step=92 mode=free t=0.920s ee=(+0.047,-0.074,+0.183) obj=(+0.000,+0.000,+0.050) goal_dist=0.300m switch=kStayInRepos target=(+0.046,-0.081,+0.146) ee_stride=0.038m ee_to_ptarget=0.153m landing_err=0.0975m ik_ok=Y ik_resid=0.0017m q_max_resid_deg=6.09 target_changed=Y retgt=N held_idx=1 held_cost=206776.82 won_cost=206776.82 margin=+0.00 won_src=prev_repos held_valid=Y reason=hold setpoint_to_ptarget=0.1349m finished_val=0.1529m finished_thresh=0.0200m pd_resid=0.0375m nextwp_to_ptarget=0.1149m guide_terminal_err=0.0000m
[GATE-EVOLVE] step=92 curr=136824.64 best_other=206776.82 ratio=0.6617 ee_to_optimal=0.0791m phi=0.0611m
[DRAKE-CONTACT] step=92 n_pairs=1 ee_box_normal=0.000
[GATE-CONTACT] step=92 F_W=(+0.0000,+0.0000,+0.0000) F_on_box=(-0.0000,-0.0000,-0.0000) n_face_out=(-0.0000,-0.0000,-0.0000) A_is_ee=0 box_q=(+1.00000,-0.00001,+0.00001,+0.00000) box_p=(+0.00000,+0.00000,+0.04999) ee_p=(+0.04655,-0.07385,+0.18274)
[EErel] along_push=-0.046m (neg=correct)  perp=0.075m  ee_to_box=0.088m  stage=3  obj=[0. 0.]  g_hat=[-1. -0.]
[proxy] err=0.240m  effective=[0.182 0.075 0.05 ]
[ADMM-C3+] primal: 6.1274->4.9359  dual: 109.8105->80.3186  mono=False  iters=25/25  rho=25.0
[ADMM-C3+] WARNING non-converged: pr=4.9359 dr=80.3186 tol=1e-03
[C3+] step=462 |u[0]|=39.19Nm λ_n_max=1.058 η_n_max=1.279 primal=4.936 iters=25/25
[GS-tgt] step=93 ee=(+0.046,-0.075,+0.179) p_repos=(+0.047,-0.080,+0.030) ee_to_target=0.150m target_label=prev_repos target_changed=N delta=0.000m
[X-SEQ-PROBE] step=93 x0_box=(+0.00000,+0.00000,+0.04999) x1_box=(-0.01168,-0.00110,+0.02547) x1_box_v=(-0.23502,-0.02352,-0.49050) dt=0.050
[GS] step=93 mode=free switch=kStayInRepos best_k=0 best_src=prev_repos curr_cost=136708.68 repos_cost=207949.21 best_other=207949.21 met_progress=N steps_since_improve=89 switches=2
[STEP] step=93 mode=free t=0.930s ee=(+0.046,-0.075,+0.179) obj=(+0.000,+0.000,+0.050) goal_dist=0.300m switch=kStayInRepos target=(+0.046,-0.081,+0.142) ee_stride=0.038m ee_to_ptarget=0.150m landing_err=0.0975m ik_ok=Y ik_resid=0.0017m q_max_resid_deg=6.35 target_changed=Y retgt=N held_idx=1 held_cost=207949.21 won_cost=207949.21 margin=+0.00 won_src=prev_repos held_valid=Y reason=hold setpoint_to_ptarget=0.1309m finished_val=0.1496m finished_thresh=0.0200m pd_resid=0.0381m nextwp_to_ptarget=0.1109m guide_terminal_err=0.0000m
[GATE-EVOLVE] step=93 curr=136708.68 best_other=207949.21 ratio=0.6574 ee_to_optimal=0.0802m phi=0.0583m
[DRAKE-CONTACT] step=93 n_pairs=1 ee_box_normal=0.000
[GATE-CONTACT] step=93 F_W=(+0.0000,+0.0000,+0.0000) F_on_box=(-0.0000,-0.0000,-0.0000) n_face_out=(-0.0000,-0.0000,-0.0000) A_is_ee=0 box_q=(+1.00000,-0.00001,+0.00001,+0.00000) box_p=(+0.00000,+0.00000,+0.04999) ee_p=(+0.04646,-0.07492,+0.17947)
[EErel] along_push=-0.046m (neg=correct)  perp=0.076m  ee_to_box=0.089m  stage=3  obj=[0. 0.]  g_hat=[-1. -0.]
[proxy] err=0.240m  effective=[0.183 0.076 0.05 ]
[ADMM-C3+] primal: 6.1274->4.9359  dual: 109.8105->80.3186  mono=False  iters=25/25  rho=25.0
[ADMM-C3+] WARNING non-converged: pr=4.9359 dr=80.3186 tol=1e-03
[C3+] step=465 |u[0]|=39.30Nm λ_n_max=1.058 η_n_max=1.279 primal=4.936 iters=25/25
[GS-tgt] step=94 ee=(+0.046,-0.076,+0.176) p_repos=(+0.047,-0.080,+0.030) ee_to_target=0.146m target_label=prev_repos target_changed=N delta=0.000m
[X-SEQ-PROBE] step=94 x0_box=(+0.00000,+0.00000,+0.04999) x1_box=(-0.01168,-0.00110,+0.02547) x1_box_v=(-0.23502,-0.02352,-0.49050) dt=0.050
[GS] step=94 mode=free switch=kStayInRepos best_k=0 best_src=prev_repos curr_cost=136592.16 repos_cost=209015.38 best_other=209015.38 met_progress=N steps_since_improve=90 switches=2
[STEP] step=94 mode=free t=0.940s ee=(+0.046,-0.076,+0.176) obj=(+0.000,+0.000,+0.050) goal_dist=0.300m switch=kStayInRepos target=(+0.046,-0.081,+0.138) ee_stride=0.039m ee_to_ptarget=0.146m landing_err=0.0975m ik_ok=Y ik_resid=0.0017m q_max_resid_deg=6.55 target_changed=Y retgt=N held_idx=1 held_cost=209015.38 won_cost=209015.38 margin=+0.00 won_src=prev_repos held_valid=Y reason=hold setpoint_to_ptarget=0.1269m finished_val=0.1461m finished_thresh=0.0200m pd_resid=0.0385m nextwp_to_ptarget=0.1069m guide_terminal_err=0.0000m
[GATE-EVOLVE] step=94 curr=136592.16 best_other=209015.38 ratio=0.6535 ee_to_optimal=0.0811m phi=0.0554m
[DRAKE-CONTACT] step=94 n_pairs=1 ee_box_normal=0.000
[GATE-CONTACT] step=94 F_W=(+0.0000,+0.0000,+0.0000) F_on_box=(-0.0000,-0.0000,-0.0000) n_face_out=(-0.0000,-0.0000,-0.0000) A_is_ee=0 box_q=(+1.00000,-0.00001,+0.00001,+0.00000) box_p=(+0.00000,+0.00000,+0.04999) ee_p=(+0.04638,-0.07588,+0.17606)
[PERSIST] step=95 refresh n_strategy=1 samples=[(-0.08, -0.0429, 0.03)]
[EErel] along_push=-0.046m (neg=correct)  perp=0.077m  ee_to_box=0.090m  stage=3  obj=[0. 0.]  g_hat=[-1. -0.]
[proxy] err=0.240m  effective=[0.184 0.077 0.05 ]
[ADMM-C3+] primal: 6.1274->4.9359  dual: 109.8105->80.3186  mono=False  iters=25/25  rho=25.0
[ADMM-C3+] WARNING non-converged: pr=4.9359 dr=80.3186 tol=1e-03
[C3+] step=468 |u[0]|=39.51Nm λ_n_max=1.058 η_n_max=1.279 primal=4.936 iters=25/25
[GS-tgt] step=95 ee=(+0.046,-0.077,+0.173) p_repos=(+0.047,-0.080,+0.030) ee_to_target=0.143m target_label=prev_repos target_changed=N delta=0.000m
[X-SEQ-PROBE] step=95 x0_box=(+0.00000,+0.00000,+0.04999) x1_box=(-0.01168,-0.00110,+0.02547) x1_box_v=(-0.23502,-0.02352,-0.49050) dt=0.050
[GS] step=95 mode=free switch=kStayInRepos best_k=0 best_src=prev_repos curr_cost=136469.21 repos_cost=209972.66 best_other=209972.66 met_progress=N steps_since_improve=91 switches=2
[STEP] step=95 mode=free t=0.950s ee=(+0.046,-0.077,+0.173) obj=(+0.000,+0.000,+0.050) goal_dist=0.300m switch=kStayInRepos target=(+0.047,-0.081,+0.134) ee_stride=0.039m ee_to_ptarget=0.143m landing_err=0.0975m ik_ok=Y ik_resid=0.0014m q_max_resid_deg=6.69 target_changed=Y retgt=N held_idx=1 held_cost=209972.66 won_cost=209972.66 margin=+0.00 won_src=prev_repos held_valid=Y reason=hold setpoint_to_ptarget=0.1229m finished_val=0.1426m finished_thresh=0.0200m pd_resid=0.0389m nextwp_to_ptarget=0.1029m guide_terminal_err=0.0000m
[GATE-EVOLVE] step=95 curr=136469.21 best_other=209972.66 ratio=0.6499 ee_to_optimal=0.0819m phi=0.0523m
[DRAKE-CONTACT] step=95 n_pairs=1 ee_box_normal=0.000
[GATE-CONTACT] step=95 F_W=(+0.0000,+0.0000,+0.0000) F_on_box=(-0.0000,-0.0000,-0.0000) n_face_out=(-0.0000,-0.0000,-0.0000) A_is_ee=0 box_q=(+1.00000,-0.00001,+0.00001,+0.00000) box_p=(+0.00000,+0.00000,+0.04999) ee_p=(+0.04631,-0.07672,+0.17255)
[EErel] along_push=-0.046m (neg=correct)  perp=0.077m  ee_to_box=0.090m  stage=3  obj=[0. 0.]  g_hat=[-1. -0.]
[proxy] err=0.240m  effective=[0.185 0.077 0.05 ]
[ADMM-C3+] primal: 6.1274->4.9359  dual: 109.8105->80.3187  mono=False  iters=25/25  rho=25.0
[ADMM-C3+] WARNING non-converged: pr=4.9359 dr=80.3187 tol=1e-03
[C3+] step=471 |u[0]|=39.52Nm λ_n_max=1.058 η_n_max=1.279 primal=4.936 iters=25/25
[GS-tgt] step=96 ee=(+0.046,-0.077,+0.169) p_repos=(+0.047,-0.080,+0.030) ee_to_target=0.139m target_label=prev_repos target_changed=N delta=0.000m
[X-SEQ-PROBE] step=96 x0_box=(+0.00000,+0.00000,+0.04999) x1_box=(-0.01168,-0.00110,+0.02547) x1_box_v=(-0.23502,-0.02352,-0.49050) dt=0.050
[GS] step=96 mode=free switch=kStayInRepos best_k=0 best_src=prev_repos curr_cost=136409.14 repos_cost=210789.88 best_other=210789.88 met_progress=N steps_since_improve=92 switches=2
[STEP] step=96 mode=free t=0.960s ee=(+0.046,-0.077,+0.169) obj=(+0.000,+0.000,+0.050) goal_dist=0.300m switch=kStayInRepos target=(+0.048,-0.081,+0.130) ee_stride=0.039m ee_to_ptarget=0.139m landing_err=0.0975m ik_ok=Y ik_resid=0.0017m q_max_resid_deg=6.79 target_changed=Y retgt=N held_idx=1 held_cost=210789.88 won_cost=210789.88 margin=+0.00 won_src=prev_repos held_valid=Y reason=hold setpoint_to_ptarget=0.1189m finished_val=0.1390m finished_thresh=0.0200m pd_resid=0.0393m nextwp_to_ptarget=0.0989m guide_terminal_err=0.0000m
[GATE-EVOLVE] step=96 curr=136409.14 best_other=210789.88 ratio=0.6471 ee_to_optimal=0.0826m phi=0.0492m
[DRAKE-CONTACT] step=96 n_pairs=1 ee_box_normal=0.000
[GATE-CONTACT] step=96 F_W=(+0.0000,+0.0000,+0.0000) F_on_box=(-0.0000,-0.0000,-0.0000) n_face_out=(-0.0000,-0.0000,-0.0000) A_is_ee=0 box_q=(+1.00000,-0.00001,+0.00001,+0.00000) box_p=(+0.00000,+0.00000,+0.04999) ee_p=(+0.04628,-0.07745,+0.16895)
[EErel] along_push=-0.046m (neg=correct)  perp=0.078m  ee_to_box=0.091m  stage=3  obj=[0. 0.]  g_hat=[-1. -0.]
[proxy] err=0.239m  effective=[0.186 0.078 0.05 ]
[ADMM-C3+] primal: 6.1274->4.9359  dual: 109.8105->80.3182  mono=False  iters=25/25  rho=25.0
[ADMM-C3+] WARNING non-converged: pr=4.9359 dr=80.3182 tol=1e-03
[C3+] step=474 |u[0]|=39.42Nm λ_n_max=1.059 η_n_max=1.279 primal=4.936 iters=25/25
[GS-tgt] step=97 ee=(+0.046,-0.078,+0.165) p_repos=(+0.047,-0.080,+0.030) ee_to_target=0.135m target_label=prev_repos target_changed=N delta=0.000m
[X-SEQ-PROBE] step=97 x0_box=(+0.00000,+0.00000,+0.04999) x1_box=(-0.01168,-0.00110,+0.02547) x1_box_v=(-0.23502,-0.02352,-0.49050) dt=0.050
[GS] step=97 mode=free switch=kStayInRepos best_k=0 best_src=prev_repos curr_cost=136387.96 repos_cost=211481.19 best_other=211481.19 met_progress=N steps_since_improve=93 switches=2
[STEP] step=97 mode=free t=0.970s ee=(+0.046,-0.078,+0.165) obj=(+0.000,+0.000,+0.050) goal_dist=0.300m switch=kStayInRepos target=(+0.048,-0.081,+0.126) ee_stride=0.040m ee_to_ptarget=0.135m landing_err=0.0975m ik_ok=Y ik_resid=0.0017m q_max_resid_deg=6.87 target_changed=Y retgt=N held_idx=1 held_cost=211481.19 won_cost=211481.19 margin=+0.00 won_src=prev_repos held_valid=Y reason=hold setpoint_to_ptarget=0.1149m finished_val=0.1353m finished_thresh=0.0200m pd_resid=0.0395m nextwp_to_ptarget=0.0949m guide_terminal_err=0.0000m
[GATE-EVOLVE] step=97 curr=136387.96 best_other=211481.19 ratio=0.6449 ee_to_optimal=0.0832m phi=0.0461m
[DRAKE-CONTACT] step=97 n_pairs=1 ee_box_normal=0.000
[GATE-CONTACT] step=97 F_W=(+0.0000,+0.0000,+0.0000) F_on_box=(-0.0000,-0.0000,-0.0000) n_face_out=(-0.0000,-0.0000,-0.0000) A_is_ee=0 box_q=(+1.00000,-0.00001,+0.00001,+0.00000) box_p=(+0.00000,+0.00000,+0.04999) ee_p=(+0.04631,-0.07808,+0.16527)
[EErel] along_push=-0.046m (neg=correct)  perp=0.079m  ee_to_box=0.091m  stage=3  obj=[0. 0.]  g_hat=[-1. -0.]
[proxy] err=0.239m  effective=[0.187 0.079 0.05 ]
[ADMM-C3+] primal: 6.1274->4.9359  dual: 109.8105->80.3187  mono=False  iters=25/25  rho=25.0
[ADMM-C3+] WARNING non-converged: pr=4.9359 dr=80.3187 tol=1e-03
[C3+] step=477 |u[0]|=40.04Nm λ_n_max=1.058 η_n_max=1.279 primal=4.936 iters=25/25
[GS-tgt] step=98 ee=(+0.046,-0.079,+0.162) p_repos=(+0.047,-0.080,+0.030) ee_to_target=0.132m target_label=prev_repos target_changed=N delta=0.000m
[X-SEQ-PROBE] step=98 x0_box=(+0.00000,+0.00000,+0.04999) x1_box=(-0.01168,-0.00110,+0.02547) x1_box_v=(-0.23502,-0.02352,-0.49050) dt=0.050
[GS] step=98 mode=free switch=kStayInRepos best_k=0 best_src=prev_repos curr_cost=136137.15 repos_cost=212086.21 best_other=212086.21 met_progress=N steps_since_improve=94 switches=2
[STEP] step=98 mode=free t=0.980s ee=(+0.046,-0.079,+0.162) obj=(+0.000,+0.000,+0.050) goal_dist=0.300m switch=kStayInRepos target=(+0.048,-0.081,+0.122) ee_stride=0.040m ee_to_ptarget=0.132m landing_err=0.0975m ik_ok=Y ik_resid=0.0017m q_max_resid_deg=6.92 target_changed=Y retgt=N held_idx=1 held_cost=212086.21 won_cost=212086.21 margin=+0.00 won_src=prev_repos held_valid=Y reason=hold setpoint_to_ptarget=0.1109m finished_val=0.1315m finished_thresh=0.0200m pd_resid=0.0397m nextwp_to_ptarget=0.0909m guide_terminal_err=0.0000m
[GATE-EVOLVE] step=98 curr=136137.15 best_other=212086.21 ratio=0.6419 ee_to_optimal=0.0837m phi=0.0429m
[DRAKE-CONTACT] step=98 n_pairs=1 ee_box_normal=0.000
[GATE-CONTACT] step=98 F_W=(+0.0000,+0.0000,+0.0000) F_on_box=(-0.0000,-0.0000,-0.0000) n_face_out=(-0.0000,-0.0000,-0.0000) A_is_ee=0 box_q=(+1.00000,-0.00001,+0.00001,+0.00000) box_p=(+0.00000,+0.00000,+0.04999) ee_p=(+0.04639,-0.07862,+0.16154)
[EErel] along_push=-0.047m (neg=correct)  perp=0.079m  ee_to_box=0.092m  stage=3  obj=[0. 0.]  g_hat=[-1. -0.]
[proxy] err=0.238m  effective=[0.188 0.079 0.05 ]
[ADMM-C3+] primal: 6.1274->4.9359  dual: 109.8105->80.3186  mono=False  iters=25/25  rho=25.0
[ADMM-C3+] WARNING non-converged: pr=4.9359 dr=80.3186 tol=1e-03
[C3+] step=480 |u[0]|=40.13Nm λ_n_max=1.058 η_n_max=1.279 primal=4.936 iters=25/25
[GS-tgt] step=99 ee=(+0.047,-0.079,+0.158) p_repos=(+0.047,-0.080,+0.030) ee_to_target=0.128m target_label=prev_repos target_changed=N delta=0.000m
[X-SEQ-PROBE] step=99 x0_box=(+0.00000,+0.00000,+0.04999) x1_box=(-0.01168,-0.00110,+0.02547) x1_box_v=(-0.23502,-0.02352,-0.49050) dt=0.050
[GS] step=99 mode=free switch=kStayInRepos best_k=0 best_src=prev_repos curr_cost=136060.42 repos_cost=212605.50 best_other=212605.50 met_progress=N steps_since_improve=95 switches=2
[STEP] step=99 mode=free t=0.990s ee=(+0.047,-0.079,+0.158) obj=(+0.000,+0.000,+0.050) goal_dist=0.300m switch=kStayInRepos target=(+0.048,-0.081,+0.118) ee_stride=0.040m ee_to_ptarget=0.128m landing_err=0.0975m ik_ok=Y ik_resid=0.0017m q_max_resid_deg=6.94 target_changed=Y retgt=N held_idx=1 held_cost=212605.50 won_cost=212605.50 margin=+0.00 won_src=prev_repos held_valid=Y reason=hold setpoint_to_ptarget=0.1069m finished_val=0.1278m finished_thresh=0.0200m pd_resid=0.0399m nextwp_to_ptarget=0.0869m guide_terminal_err=0.0000m
[GATE-EVOLVE] step=99 curr=136060.42 best_other=212605.50 ratio=0.6400 ee_to_optimal=0.0841m phi=0.0397m
[DRAKE-CONTACT] step=99 n_pairs=1 ee_box_normal=0.000
[GATE-CONTACT] step=99 F_W=(+0.0000,+0.0000,+0.0000) F_on_box=(-0.0000,-0.0000,-0.0000) n_face_out=(-0.0000,-0.0000,-0.0000) A_is_ee=0 box_q=(+1.00000,-0.00001,+0.00001,+0.00000) box_p=(+0.00000,+0.00000,+0.04999) ee_p=(+0.04650,-0.07908,+0.15775)
[EErel] along_push=-0.047m (neg=correct)  perp=0.079m  ee_to_box=0.092m  stage=3  obj=[0. 0.]  g_hat=[-1. -0.]
[proxy] err=0.237m  effective=[0.188 0.079 0.05 ]
[ADMM-C3+] primal: 6.1274->4.9359  dual: 109.8105->80.3183  mono=False  iters=25/25  rho=25.0
[ADMM-C3+] WARNING non-converged: pr=4.9359 dr=80.3183 tol=1e-03
[C3+] step=483 |u[0]|=40.11Nm λ_n_max=1.058 η_n_max=1.279 primal=4.936 iters=25/25
[GS-tgt] step=100 ee=(+0.047,-0.079,+0.154) p_repos=(+0.047,-0.080,+0.030) ee_to_target=0.124m target_label=prev_repos target_changed=N delta=0.000m
[X-SEQ-PROBE] step=100 x0_box=(+0.00000,+0.00000,+0.04999) x1_box=(-0.01168,-0.00110,+0.02547) x1_box_v=(-0.23502,-0.02352,-0.49050) dt=0.050
[IMP] step=100 mode=free |x_err|=0.0401m |tau_imp|=3.19Nm |tau_ff|=0.00Nm |tau_out|=3.19Nm sat=False lam_n=False lam_t=False
[GS] step=100 mode=free switch=kStayInRepos best_k=0 best_src=prev_repos curr_cost=136020.62 repos_cost=213041.96 best_other=213041.96 met_progress=N steps_since_improve=96 switches=2
[STEP] step=100 mode=free t=1.000s ee=(+0.047,-0.079,+0.154) obj=(+0.000,+0.000,+0.050) goal_dist=0.300m switch=kStayInRepos target=(+0.048,-0.081,+0.114) ee_stride=0.040m ee_to_ptarget=0.124m landing_err=0.0975m ik_ok=Y ik_resid=0.0017m q_max_resid_deg=6.94 target_changed=Y retgt=N held_idx=1 held_cost=213041.96 won_cost=213041.96 margin=+0.00 won_src=prev_repos held_valid=Y reason=hold setpoint_to_ptarget=0.1029m finished_val=0.1239m finished_thresh=0.0200m pd_resid=0.0401m nextwp_to_ptarget=0.0829m guide_terminal_err=0.0000m
[GATE-EVOLVE] step=100 curr=136020.62 best_other=213041.96 ratio=0.6385 ee_to_optimal=0.0844m phi=0.0365m
[GS-table] step=100
  k=0 (current   ) pos=(+0.047,-0.079,+0.154) c_C3= 136020.62 align=0.0000(bonus=    0.00) rot=+0.0000(bonus=    0.00) travel=0.000m(pen=  0.00) c_sample= 136020.62 feas=Y ik_err=0.0000m  ← WIN
  k=1 (prev_repos) pos=(+0.047,-0.080,+0.030) c_C3= 213017.18 align=0.0000(bonus=    0.00) rot=+0.0000(bonus=    0.00) travel=0.124m(pen= 24.78) c_sample= 213041.96 feas=Y ik_err=0.0001m
  k=2 (strat_0   ) pos=(-0.080,-0.043,+0.030) c_C3= 220646.95 align=0.0000(bonus=    0.00) rot=+0.0000(bonus=    0.00) travel=0.181m(pen= 36.18) c_sample= 220683.13 feas=Y ik_err=0.0002m
[DRAKE-CONTACT] step=100 n_pairs=1 ee_box_normal=0.000
[GATE-CONTACT] step=100 F_W=(+0.0000,+0.0000,+0.0000) F_on_box=(-0.0000,-0.0000,-0.0000) n_face_out=(-0.0000,-0.0000,-0.0000) A_is_ee=0 box_q=(+1.00000,-0.00001,+0.00001,+0.00000) box_p=(+0.00000,+0.00000,+0.04999) ee_p=(+0.04663,-0.07947,+0.15392)
[EErel] along_push=-0.047m (neg=correct)  perp=0.080m  ee_to_box=0.092m  stage=3  obj=[0. 0.]  g_hat=[-1. -0.]
[proxy] err=0.236m  effective=[0.189 0.08  0.05 ]
[ADMM-C3+] primal: 6.1274->4.9359  dual: 109.8105->80.3183  mono=False  iters=25/25  rho=25.0
[ADMM-C3+] WARNING non-converged: pr=4.9359 dr=80.3183 tol=1e-03
[C3+] step=486 |u[0]|=39.88Nm λ_n_max=1.058 η_n_max=1.279 primal=4.936 iters=25/25
[GS-tgt] step=101 ee=(+0.047,-0.080,+0.150) p_repos=(+0.047,-0.080,+0.030) ee_to_target=0.120m target_label=prev_repos target_changed=N delta=0.000m
[X-SEQ-PROBE] step=101 x0_box=(+0.00000,+0.00000,+0.04999) x1_box=(-0.01168,-0.00110,+0.02547) x1_box_v=(-0.23502,-0.02352,-0.49050) dt=0.050
[GS] step=101 mode=free switch=kStayInRepos best_k=0 best_src=prev_repos curr_cost=136072.15 repos_cost=213400.14 best_other=213400.14 met_progress=N steps_since_improve=97 switches=2
[STEP] step=101 mode=free t=1.010s ee=(+0.047,-0.080,+0.150) obj=(+0.000,+0.000,+0.050) goal_dist=0.300m switch=kStayInRepos target=(+0.048,-0.081,+0.110) ee_stride=0.040m ee_to_ptarget=0.120m landing_err=0.0975m ik_ok=Y ik_resid=0.0017m q_max_resid_deg=6.92 target_changed=Y retgt=N held_idx=1 held_cost=213400.14 won_cost=213400.14 margin=+0.00 won_src=prev_repos held_valid=Y reason=hold setpoint_to_ptarget=0.0989m finished_val=0.1201m finished_thresh=0.0200m pd_resid=0.0402m nextwp_to_ptarget=0.0789m guide_terminal_err=0.0000m
[GATE-EVOLVE] step=101 curr=136072.15 best_other=213400.14 ratio=0.6376 ee_to_optimal=0.0846m phi=0.0333m
  t=1.00s | ee=(0.047, -0.080, 0.150) | obj=(0.000, 0.000, 0.050) | |u|=2.54 Nm | goal_dist=0.300 m
[DRAKE-CONTACT] step=101 n_pairs=1 ee_box_normal=0.000
[GATE-CONTACT] step=101 F_W=(+0.0000,+0.0000,+0.0000) F_on_box=(-0.0000,-0.0000,-0.0000) n_face_out=(-0.0000,-0.0000,-0.0000) A_is_ee=0 box_q=(+1.00000,-0.00001,+0.00001,+0.00000) box_p=(+0.00000,+0.00000,+0.04999) ee_p=(+0.04677,-0.07980,+0.15005)
[EErel] along_push=-0.047m (neg=correct)  perp=0.080m  ee_to_box=0.093m  stage=3  obj=[0. 0.]  g_hat=[-1. -0.]
[proxy] err=0.235m  effective=[0.189 0.08  0.05 ]
[ADMM-C3+] primal: 6.1274->4.9359  dual: 109.8105->80.3183  mono=False  iters=25/25  rho=25.0
[ADMM-C3+] WARNING non-converged: pr=4.9359 dr=80.3183 tol=1e-03
[C3+] step=489 |u[0]|=40.20Nm λ_n_max=1.058 η_n_max=1.279 primal=4.936 iters=25/25
[GS-tgt] step=102 ee=(+0.047,-0.080,+0.146) p_repos=(+0.047,-0.080,+0.030) ee_to_target=0.116m target_label=prev_repos target_changed=N delta=0.000m
[X-SEQ-PROBE] step=102 x0_box=(+0.00000,+0.00000,+0.04999) x1_box=(-0.01168,-0.00110,+0.02547) x1_box_v=(-0.23502,-0.02352,-0.49050) dt=0.050
[GS] step=102 mode=free switch=kStayInRepos best_k=0 best_src=prev_repos curr_cost=135933.77 repos_cost=213685.66 best_other=213685.66 met_progress=N steps_since_improve=98 switches=2
[STEP] step=102 mode=free t=1.020s ee=(+0.047,-0.080,+0.146) obj=(+0.000,+0.000,+0.050) goal_dist=0.300m switch=kStayInRepos target=(+0.048,-0.081,+0.106) ee_stride=0.040m ee_to_ptarget=0.116m landing_err=0.0975m ik_ok=Y ik_resid=0.0017m q_max_resid_deg=6.89 target_changed=Y retgt=N held_idx=1 held_cost=213685.66 won_cost=213685.66 margin=+0.00 won_src=prev_repos held_valid=Y reason=hold setpoint_to_ptarget=0.0949m finished_val=0.1162m finished_thresh=0.0200m pd_resid=0.0403m nextwp_to_ptarget=0.0749m guide_terminal_err=0.0000m
[GATE-EVOLVE] step=102 curr=135933.77 best_other=213685.66 ratio=0.6361 ee_to_optimal=0.0849m phi=0.0301m
[DRAKE-CONTACT] step=102 n_pairs=1 ee_box_normal=0.000
[GATE-CONTACT] step=102 F_W=(+0.0000,+0.0000,+0.0000) F_on_box=(-0.0000,-0.0000,-0.0000) n_face_out=(-0.0000,-0.0000,-0.0000) A_is_ee=0 box_q=(+1.00000,-0.00001,+0.00001,+0.00000) box_p=(+0.00000,+0.00000,+0.04999) ee_p=(+0.04690,-0.08007,+0.14616)
[EErel] along_push=-0.047m (neg=correct)  perp=0.080m  ee_to_box=0.093m  stage=3  obj=[0. 0.]  g_hat=[-1. -0.]
[proxy] err=0.234m  effective=[0.19 0.08 0.05]
[ADMM-C3+] primal: 6.1274->4.9359  dual: 109.8105->80.3184  mono=False  iters=25/25  rho=25.0
[ADMM-C3+] WARNING non-converged: pr=4.9359 dr=80.3184 tol=1e-03
[C3+] step=492 |u[0]|=40.53Nm λ_n_max=1.058 η_n_max=1.279 primal=4.936 iters=25/25
[GS-tgt] step=103 ee=(+0.047,-0.080,+0.142) p_repos=(+0.047,-0.080,+0.030) ee_to_target=0.112m target_label=prev_repos target_changed=N delta=0.000m
[X-SEQ-PROBE] step=103 x0_box=(+0.00000,+0.00000,+0.04999) x1_box=(-0.01168,-0.00110,+0.02547) x1_box_v=(-0.23502,-0.02352,-0.49050) dt=0.050
[GS] step=103 mode=free switch=kStayInRepos best_k=0 best_src=prev_repos curr_cost=135804.64 repos_cost=213667.83 best_other=213667.83 met_progress=N steps_since_improve=99 switches=2
[STEP] step=103 mode=free t=1.030s ee=(+0.047,-0.080,+0.142) obj=(+0.000,+0.000,+0.050) goal_dist=0.300m switch=kStayInRepos target=(+0.048,-0.081,+0.102) ee_stride=0.040m ee_to_ptarget=0.112m landing_err=0.0975m ik_ok=Y ik_resid=0.0017m q_max_resid_deg=6.84 target_changed=Y retgt=N held_idx=1 held_cost=213667.83 won_cost=213667.83 margin=+0.00 won_src=prev_repos held_valid=Y reason=hold setpoint_to_ptarget=0.0909m finished_val=0.1122m finished_thresh=0.0200m pd_resid=0.0404m nextwp_to_ptarget=0.0709m guide_terminal_err=0.0000m
[GATE-EVOLVE] step=103 curr=135804.64 best_other=213667.83 ratio=0.6356 ee_to_optimal=0.0850m phi=0.0270m
[DRAKE-CONTACT] step=103 n_pairs=1 ee_box_normal=0.000
[GATE-CONTACT] step=103 F_W=(+0.0000,+0.0000,+0.0000) F_on_box=(-0.0000,-0.0000,-0.0000) n_face_out=(-0.0000,-0.0000,-0.0000) A_is_ee=0 box_q=(+1.00000,-0.00001,+0.00001,+0.00000) box_p=(+0.00000,+0.00000,+0.04999) ee_p=(+0.04702,-0.08030,+0.14224)
[EErel] along_push=-0.047m (neg=correct)  perp=0.080m  ee_to_box=0.093m  stage=3  obj=[0. 0.]  g_hat=[-1. -0.]
[proxy] err=0.233m  effective=[0.19 0.08 0.05]
[ADMM-C3+] primal: 6.1274->4.9359  dual: 109.8105->80.3184  mono=False  iters=25/25  rho=25.0
[ADMM-C3+] WARNING non-converged: pr=4.9359 dr=80.3184 tol=1e-03
[C3+] step=495 |u[0]|=40.85Nm λ_n_max=1.058 η_n_max=1.279 primal=4.936 iters=25/25
[GS-tgt] step=104 ee=(+0.047,-0.080,+0.138) p_repos=(+0.047,-0.080,+0.030) ee_to_target=0.108m target_label=prev_repos target_changed=N delta=0.000m
[X-SEQ-PROBE] step=104 x0_box=(+0.00000,+0.00000,+0.04999) x1_box=(-0.01168,-0.00110,+0.02547) x1_box_v=(-0.23502,-0.02352,-0.49050) dt=0.050
[GS] step=104 mode=free switch=kStayInRepos best_k=0 best_src=prev_repos curr_cost=135688.60 repos_cost=213856.16 best_other=213856.16 met_progress=N steps_since_improve=100 switches=2
[STEP] step=104 mode=free t=1.040s ee=(+0.047,-0.080,+0.138) obj=(+0.000,+0.000,+0.050) goal_dist=0.300m switch=kStayInRepos target=(+0.048,-0.081,+0.098) ee_stride=0.040m ee_to_ptarget=0.108m landing_err=0.0975m ik_ok=Y ik_resid=0.0017m q_max_resid_deg=6.79 target_changed=Y retgt=N held_idx=1 held_cost=213856.16 won_cost=213856.16 margin=+0.00 won_src=prev_repos held_valid=Y reason=hold setpoint_to_ptarget=0.0869m finished_val=0.1083m finished_thresh=0.0200m pd_resid=0.0404m nextwp_to_ptarget=0.0669m guide_terminal_err=0.0000m
[GATE-EVOLVE] step=104 curr=135688.60 best_other=213856.16 ratio=0.6345 ee_to_optimal=0.0852m phi=0.0240m
[DRAKE-CONTACT] step=104 n_pairs=1 ee_box_normal=0.000
[GATE-CONTACT] step=104 F_W=(+0.0000,+0.0000,+0.0000) F_on_box=(-0.0000,-0.0000,-0.0000) n_face_out=(-0.0000,-0.0000,-0.0000) A_is_ee=0 box_q=(+1.00000,-0.00001,+0.00001,+0.00000) box_p=(+0.00000,+0.00000,+0.04999) ee_p=(+0.04713,-0.08049,+0.13831)
[EErel] along_push=-0.047m (neg=correct)  perp=0.081m  ee_to_box=0.093m  stage=3  obj=[0. 0.]  g_hat=[-1. -0.]
[proxy] err=0.231m  effective=[0.19  0.081 0.05 ]
[ADMM-C3+] primal: 6.1274->4.9359  dual: 109.8105->80.3184  mono=False  iters=25/25  rho=25.0
[ADMM-C3+] WARNING non-converged: pr=4.9359 dr=80.3184 tol=1e-03
[C3+] step=498 |u[0]|=41.17Nm λ_n_max=1.058 η_n_max=1.279 primal=4.936 iters=25/25
[GS-tgt] step=105 ee=(+0.047,-0.081,+0.134) p_repos=(+0.047,-0.080,+0.030) ee_to_target=0.104m target_label=prev_repos target_changed=N delta=0.000m
[X-SEQ-PROBE] step=105 x0_box=(+0.00000,+0.00000,+0.04999) x1_box=(-0.01168,-0.00110,+0.02547) x1_box_v=(-0.23502,-0.02352,-0.49050) dt=0.050
[GS] step=105 mode=free switch=kStayInRepos best_k=0 best_src=prev_repos curr_cost=135578.11 repos_cost=213988.58 best_other=213988.58 met_progress=N steps_since_improve=101 switches=2
[STEP] step=105 mode=free t=1.050s ee=(+0.047,-0.081,+0.134) obj=(+0.000,+0.000,+0.050) goal_dist=0.300m switch=kStayInRepos target=(+0.048,-0.081,+0.094) ee_stride=0.040m ee_to_ptarget=0.104m landing_err=0.0975m ik_ok=Y ik_resid=0.0017m q_max_resid_deg=6.73 target_changed=Y retgt=N held_idx=1 held_cost=213988.58 won_cost=213988.58 margin=+0.00 won_src=prev_repos held_valid=Y reason=hold setpoint_to_ptarget=0.0829m finished_val=0.1044m finished_thresh=0.0200m pd_resid=0.0405m nextwp_to_ptarget=0.0629m guide_terminal_err=0.0000m
[GATE-EVOLVE] step=105 curr=135578.11 best_other=213988.58 ratio=0.6336 ee_to_optimal=0.0853m phi=0.0210m
[DRAKE-CONTACT] step=105 n_pairs=1 ee_box_normal=0.000
[GATE-CONTACT] step=105 F_W=(+0.0000,+0.0000,+0.0000) F_on_box=(-0.0000,-0.0000,-0.0000) n_face_out=(-0.0000,-0.0000,-0.0000) A_is_ee=0 box_q=(+1.00000,-0.00001,+0.00001,+0.00000) box_p=(+0.00000,+0.00000,+0.04999) ee_p=(+0.04724,-0.08064,+0.13436)
[EErel] along_push=-0.047m (neg=correct)  perp=0.081m  ee_to_box=0.094m  stage=3  obj=[0. 0.]  g_hat=[-1. -0.]
[proxy] err=0.230m  effective=[0.19  0.081 0.05 ]
[ADMM-C3+] primal: 6.1274->4.9359  dual: 109.8105->80.3184  mono=False  iters=25/25  rho=25.0
[ADMM-C3+] WARNING non-converged: pr=4.9359 dr=80.3184 tol=1e-03
[C3+] step=501 |u[0]|=41.48Nm λ_n_max=1.058 η_n_max=1.279 primal=4.936 iters=25/25
[GS-tgt] step=106 ee=(+0.047,-0.081,+0.130) p_repos=(+0.047,-0.080,+0.030) ee_to_target=0.100m target_label=prev_repos target_changed=N delta=0.000m
[X-SEQ-PROBE] step=106 x0_box=(+0.00000,+0.00000,+0.04999) x1_box=(-0.01168,-0.00110,+0.02547) x1_box_v=(-0.23502,-0.02352,-0.49050) dt=0.050
[GS] step=106 mode=free switch=kStayInRepos best_k=0 best_src=prev_repos curr_cost=135474.91 repos_cost=214071.23 best_other=214071.23 met_progress=N steps_since_improve=102 switches=2
[STEP] step=106 mode=free t=1.060s ee=(+0.047,-0.081,+0.130) obj=(+0.000,+0.000,+0.050) goal_dist=0.300m switch=kStayInRepos target=(+0.048,-0.081,+0.090) ee_stride=0.041m ee_to_ptarget=0.100m landing_err=0.0975m ik_ok=Y ik_resid=0.0017m q_max_resid_deg=6.66 target_changed=Y retgt=N held_idx=1 held_cost=214071.23 won_cost=214071.23 margin=+0.00 won_src=prev_repos held_valid=Y reason=hold setpoint_to_ptarget=0.0789m finished_val=0.1004m finished_thresh=0.0200m pd_resid=0.0405m nextwp_to_ptarget=0.0589m guide_terminal_err=0.0000m
[GATE-EVOLVE] step=106 curr=135474.91 best_other=214071.23 ratio=0.6328 ee_to_optimal=0.0854m phi=0.0183m
[DRAKE-CONTACT] step=106 n_pairs=1 ee_box_normal=0.000
[GATE-CONTACT] step=106 F_W=(+0.0000,+0.0000,+0.0000) F_on_box=(-0.0000,-0.0000,-0.0000) n_face_out=(-0.0000,-0.0000,-0.0000) A_is_ee=0 box_q=(+1.00000,-0.00001,+0.00001,+0.00000) box_p=(+0.00000,+0.00000,+0.04999) ee_p=(+0.04733,-0.08077,+0.13040)
[EErel] along_push=-0.047m (neg=correct)  perp=0.081m  ee_to_box=0.094m  stage=3  obj=[0. 0.]  g_hat=[-1. -0.]
[proxy] err=0.229m  effective=[0.191 0.081 0.05 ]
[ADMM-C3+] primal: 6.1274->4.9359  dual: 109.8105->80.3181  mono=False  iters=25/25  rho=25.0
[ADMM-C3+] WARNING non-converged: pr=4.9359 dr=80.3181 tol=1e-03
[C3+] step=504 |u[0]|=41.60Nm λ_n_max=1.058 η_n_max=1.279 primal=4.936 iters=25/25
[GS-tgt] step=107 ee=(+0.047,-0.081,+0.126) p_repos=(+0.047,-0.080,+0.030) ee_to_target=0.096m target_label=prev_repos target_changed=N delta=0.000m
[X-SEQ-PROBE] step=107 x0_box=(+0.00000,+0.00000,+0.04999) x1_box=(-0.01168,-0.00110,+0.02547) x1_box_v=(-0.23502,-0.02352,-0.49050) dt=0.050
[GS] step=107 mode=free switch=kStayInRepos best_k=0 best_src=prev_repos curr_cost=135414.48 repos_cost=214109.95 best_other=214109.95 met_progress=N steps_since_improve=103 switches=2
[STEP] step=107 mode=free t=1.070s ee=(+0.047,-0.081,+0.126) obj=(+0.000,+0.000,+0.050) goal_dist=0.300m switch=kStayInRepos target=(+0.048,-0.081,+0.086) ee_stride=0.041m ee_to_ptarget=0.096m landing_err=0.0975m ik_ok=Y ik_resid=0.0017m q_max_resid_deg=6.59 target_changed=Y retgt=N held_idx=1 held_cost=214109.95 won_cost=214109.95 margin=+0.00 won_src=prev_repos held_valid=Y reason=hold setpoint_to_ptarget=0.0749m finished_val=0.0964m finished_thresh=0.0200m pd_resid=0.0405m nextwp_to_ptarget=0.0549m guide_terminal_err=0.0000m
[GATE-EVOLVE] step=107 curr=135414.48 best_other=214109.95 ratio=0.6325 ee_to_optimal=0.0855m phi=0.0157m
[DRAKE-CONTACT] step=107 n_pairs=1 ee_box_normal=0.000
[GATE-CONTACT] step=107 F_W=(+0.0000,+0.0000,+0.0000) F_on_box=(-0.0000,-0.0000,-0.0000) n_face_out=(-0.0000,-0.0000,-0.0000) A_is_ee=0 box_q=(+1.00000,-0.00001,+0.00001,+0.00000) box_p=(+0.00000,+0.00000,+0.04999) ee_p=(+0.04741,-0.08088,+0.12643)
[EErel] along_push=-0.047m (neg=correct)  perp=0.081m  ee_to_box=0.094m  stage=3  obj=[0. 0.]  g_hat=[-1. -0.]
[proxy] err=0.228m  effective=[0.191 0.081 0.05 ]
[ADMM-C3+] primal: 6.1274->4.9359  dual: 109.8105->80.3188  mono=False  iters=25/25  rho=25.0
[ADMM-C3+] WARNING non-converged: pr=4.9359 dr=80.3188 tol=1e-03
[C3+] step=507 |u[0]|=42.69Nm λ_n_max=1.058 η_n_max=1.279 primal=4.936 iters=25/25
[GS-tgt] step=108 ee=(+0.047,-0.081,+0.122) p_repos=(+0.047,-0.080,+0.030) ee_to_target=0.092m target_label=prev_repos target_changed=N delta=0.000m
[X-SEQ-PROBE] step=108 x0_box=(+0.00000,+0.00000,+0.04999) x1_box=(-0.01168,-0.00110,+0.02547) x1_box_v=(-0.23502,-0.02352,-0.49050) dt=0.050
[GS] step=108 mode=free switch=kStayInRepos best_k=0 best_src=prev_repos curr_cost=135206.36 repos_cost=214110.21 best_other=214110.21 met_progress=N steps_since_improve=104 switches=2
[STEP] step=108 mode=free t=1.080s ee=(+0.047,-0.081,+0.122) obj=(+0.000,+0.000,+0.050) goal_dist=0.300m switch=kStayInRepos target=(+0.048,-0.081,+0.082) ee_stride=0.041m ee_to_ptarget=0.092m landing_err=0.0975m ik_ok=Y ik_resid=0.0017m q_max_resid_deg=6.52 target_changed=Y retgt=N held_idx=1 held_cost=214110.21 won_cost=214110.21 margin=+0.00 won_src=prev_repos held_valid=Y reason=hold setpoint_to_ptarget=0.0709m finished_val=0.0925m finished_thresh=0.0200m pd_resid=0.0406m nextwp_to_ptarget=0.0509m guide_terminal_err=0.0000m
[GATE-EVOLVE] step=108 curr=135206.36 best_other=214110.21 ratio=0.6315 ee_to_optimal=0.0855m phi=0.0133m
[DRAKE-CONTACT] step=108 n_pairs=1 ee_box_normal=0.000
[GATE-CONTACT] step=108 F_W=(+0.0000,+0.0000,+0.0000) F_on_box=(-0.0000,-0.0000,-0.0000) n_face_out=(-0.0000,-0.0000,-0.0000) A_is_ee=0 box_q=(+1.00000,-0.00001,+0.00001,+0.00000) box_p=(+0.00000,+0.00000,+0.04999) ee_p=(+0.04749,-0.08097,+0.12245)
[EErel] along_push=-0.048m (neg=correct)  perp=0.081m  ee_to_box=0.094m  stage=3  obj=[0. 0.]  g_hat=[-1. -0.]
[proxy] err=0.227m  effective=[0.191 0.081 0.05 ]
[ADMM-C3+] primal: 6.1274->4.9359  dual: 109.8105->80.3184  mono=False  iters=25/25  rho=25.0
[ADMM-C3+] WARNING non-converged: pr=4.9359 dr=80.3184 tol=1e-03
[C3+] step=510 |u[0]|=43.07Nm λ_n_max=1.059 η_n_max=1.279 primal=4.936 iters=25/25
[GS-tgt] step=109 ee=(+0.048,-0.081,+0.118) p_repos=(+0.047,-0.080,+0.030) ee_to_target=0.088m target_label=prev_repos target_changed=N delta=0.000m
[X-SEQ-PROBE] step=109 x0_box=(+0.00000,+0.00000,+0.04999) x1_box=(-0.01168,-0.00110,+0.02547) x1_box_v=(-0.23502,-0.02352,-0.49050) dt=0.050
[GS] step=109 mode=free switch=kStayInRepos best_k=0 best_src=prev_repos curr_cost=135121.24 repos_cost=214077.00 best_other=214077.00 met_progress=N steps_since_improve=105 switches=2
[STEP] step=109 mode=free t=1.090s ee=(+0.048,-0.081,+0.118) obj=(+0.000,+0.000,+0.050) goal_dist=0.300m switch=kStayInRepos target=(+0.048,-0.081,+0.078) ee_stride=0.041m ee_to_ptarget=0.088m landing_err=0.0975m ik_ok=Y ik_resid=0.0017m q_max_resid_deg=6.44 target_changed=Y retgt=N held_idx=1 held_cost=214077.00 won_cost=214077.00 margin=+0.00 won_src=prev_repos held_valid=Y reason=hold setpoint_to_ptarget=0.0669m finished_val=0.0885m finished_thresh=0.0200m pd_resid=0.0406m nextwp_to_ptarget=0.0469m guide_terminal_err=0.0000m
[GATE-EVOLVE] step=109 curr=135121.24 best_other=214077.00 ratio=0.6312 ee_to_optimal=0.0856m phi=0.0111m
[DRAKE-CONTACT] step=109 n_pairs=1 ee_box_normal=0.000
[GATE-CONTACT] step=109 F_W=(+0.0000,+0.0000,+0.0000) F_on_box=(-0.0000,-0.0000,-0.0000) n_face_out=(-0.0000,-0.0000,-0.0000) A_is_ee=0 box_q=(+1.00000,-0.00001,+0.00001,+0.00000) box_p=(+0.00000,+0.00000,+0.04999) ee_p=(+0.04755,-0.08104,+0.11846)
[EErel] along_push=-0.048m (neg=correct)  perp=0.081m  ee_to_box=0.094m  stage=3  obj=[0. 0.]  g_hat=[-1. -0.]
[proxy] err=0.226m  effective=[0.191 0.081 0.05 ]
[ADMM-C3+] primal: 6.1274->4.9359  dual: 109.8105->80.3186  mono=False  iters=25/25  rho=25.0
[ADMM-C3+] WARNING non-converged: pr=4.9359 dr=80.3186 tol=1e-03
[C3+] step=513 |u[0]|=43.29Nm λ_n_max=1.058 η_n_max=1.279 primal=4.936 iters=25/25
[GS-tgt] step=110 ee=(+0.048,-0.081,+0.114) p_repos=(+0.047,-0.080,+0.030) ee_to_target=0.084m target_label=prev_repos target_changed=N delta=0.000m
[X-SEQ-PROBE] step=110 x0_box=(+0.00000,+0.00000,+0.04999) x1_box=(-0.01168,-0.00110,+0.02547) x1_box_v=(-0.23502,-0.02352,-0.49050) dt=0.050
[IMP] step=110 mode=free |x_err|=0.0406m |tau_imp|=1.54Nm |tau_ff|=0.00Nm |tau_out|=1.54Nm sat=False lam_n=False lam_t=False
[GS] step=110 mode=free switch=kStayInRepos best_k=0 best_src=prev_repos curr_cost=135066.25 repos_cost=214014.88 best_other=214014.88 met_progress=N steps_since_improve=106 switches=2
[STEP] step=110 mode=free t=1.100s ee=(+0.048,-0.081,+0.114) obj=(+0.000,+0.000,+0.050) goal_dist=0.300m switch=kStayInRepos target=(+0.048,-0.081,+0.074) ee_stride=0.041m ee_to_ptarget=0.084m landing_err=0.0975m ik_ok=Y ik_resid=0.0017m q_max_resid_deg=6.37 target_changed=Y retgt=N held_idx=1 held_cost=214014.88 won_cost=214014.88 margin=+0.00 won_src=prev_repos held_valid=Y reason=hold setpoint_to_ptarget=0.0629m finished_val=0.0845m finished_thresh=0.0200m pd_resid=0.0406m nextwp_to_ptarget=0.0429m guide_terminal_err=0.0000m
[GATE-EVOLVE] step=110 curr=135066.25 best_other=214014.88 ratio=0.6311 ee_to_optimal=0.0856m phi=0.0093m
[DRAKE-CONTACT] step=110 n_pairs=1 ee_box_normal=0.000
[GATE-CONTACT] step=110 F_W=(+0.0000,+0.0000,+0.0000) F_on_box=(-0.0000,-0.0000,-0.0000) n_face_out=(-0.0000,-0.0000,-0.0000) A_is_ee=0 box_q=(+1.00000,-0.00001,+0.00001,+0.00000) box_p=(+0.00000,+0.00000,+0.04999) ee_p=(+0.04761,-0.08110,+0.11448)
[EErel] along_push=-0.048m (neg=correct)  perp=0.081m  ee_to_box=0.094m  stage=3  obj=[0. 0.]  g_hat=[-1. -0.]
[proxy] err=0.225m  effective=[0.191 0.081 0.05 ]
[ADMM-C3+] primal: 6.1274->4.9359  dual: 109.8105->80.3187  mono=False  iters=25/25  rho=25.0
[ADMM-C3+] WARNING non-converged: pr=4.9359 dr=80.3187 tol=1e-03
[C3+] step=516 |u[0]|=43.28Nm λ_n_max=1.058 η_n_max=1.279 primal=4.936 iters=25/25
[GS-tgt] step=111 ee=(+0.048,-0.081,+0.110) p_repos=(+0.047,-0.080,+0.030) ee_to_target=0.080m target_label=prev_repos target_changed=N delta=0.000m
[X-SEQ-PROBE] step=111 x0_box=(+0.00000,+0.00000,+0.04999) x1_box=(-0.01168,-0.00110,+0.02547) x1_box_v=(-0.23502,-0.02352,-0.49050) dt=0.050
[GS] step=111 mode=free switch=kStayInRepos best_k=0 best_src=prev_repos curr_cost=135034.97 repos_cost=213927.94 best_other=213927.94 met_progress=N steps_since_improve=107 switches=2
[STEP] step=111 mode=free t=1.110s ee=(+0.048,-0.081,+0.110) obj=(+0.000,+0.000,+0.050) goal_dist=0.300m switch=kStayInRepos target=(+0.048,-0.081,+0.070) ee_stride=0.041m ee_to_ptarget=0.080m landing_err=0.0975m ik_ok=Y ik_resid=0.0017m q_max_resid_deg=6.29 target_changed=Y retgt=N held_idx=1 held_cost=213927.94 won_cost=213927.94 margin=+0.00 won_src=prev_repos held_valid=Y reason=hold setpoint_to_ptarget=0.0589m finished_val=0.0805m finished_thresh=0.0200m pd_resid=0.0406m nextwp_to_ptarget=0.0389m guide_terminal_err=0.0000m
[GATE-EVOLVE] step=111 curr=135034.97 best_other=213927.94 ratio=0.6312 ee_to_optimal=0.0856m phi=0.0079m
[DRAKE-CONTACT] step=111 n_pairs=1 ee_box_normal=0.000
[GATE-CONTACT] step=111 F_W=(+0.0000,+0.0000,+0.0000) F_on_box=(-0.0000,-0.0000,-0.0000) n_face_out=(-0.0000,-0.0000,-0.0000) A_is_ee=0 box_q=(+1.00000,-0.00001,+0.00001,+0.00000) box_p=(+0.00000,+0.00000,+0.04999) ee_p=(+0.04766,-0.08114,+0.11048)
[EErel] along_push=-0.048m (neg=correct)  perp=0.081m  ee_to_box=0.094m  stage=3  obj=[0. 0.]  g_hat=[-1. -0.]
[proxy] err=0.224m  effective=[0.191 0.081 0.05 ]
[ADMM-C3+] primal: 6.1274->4.9359  dual: 109.8105->80.3179  mono=False  iters=25/25  rho=25.0
[ADMM-C3+] WARNING non-converged: pr=4.9359 dr=80.3179 tol=1e-03
[C3+] step=519 |u[0]|=43.13Nm λ_n_max=1.059 η_n_max=1.279 primal=4.936 iters=25/25
[GS-tgt] step=112 ee=(+0.048,-0.081,+0.106) p_repos=(+0.047,-0.080,+0.030) ee_to_target=0.077m target_label=prev_repos target_changed=N delta=0.000m
[X-SEQ-PROBE] step=112 x0_box=(+0.00000,+0.00000,+0.04999) x1_box=(-0.01168,-0.00110,+0.02547) x1_box_v=(-0.23502,-0.02352,-0.49050) dt=0.050
[GS] step=112 mode=free switch=kStayInRepos best_k=0 best_src=prev_repos curr_cost=135022.50 repos_cost=213819.81 best_other=213819.81 met_progress=N steps_since_improve=108 switches=2
[STEP] step=112 mode=free t=1.120s ee=(+0.048,-0.081,+0.106) obj=(+0.000,+0.000,+0.050) goal_dist=0.300m switch=kStayInRepos target=(+0.048,-0.081,+0.066) ee_stride=0.041m ee_to_ptarget=0.077m landing_err=0.0975m ik_ok=Y ik_resid=0.0017m q_max_resid_deg=6.22 target_changed=Y retgt=N held_idx=1 held_cost=213819.81 won_cost=213819.81 margin=+0.00 won_src=prev_repos held_valid=Y reason=hold setpoint_to_ptarget=0.0549m finished_val=0.0765m finished_thresh=0.0200m pd_resid=0.0406m nextwp_to_ptarget=0.0349m guide_terminal_err=0.0000m
[GATE-EVOLVE] step=112 curr=135022.50 best_other=213819.81 ratio=0.6315 ee_to_optimal=0.0857m phi=0.0069m
[DRAKE-CONTACT] step=112 n_pairs=1 ee_box_normal=0.000
[GATE-CONTACT] step=112 F_W=(+0.0000,+0.0000,+0.0000) F_on_box=(-0.0000,-0.0000,-0.0000) n_face_out=(-0.0000,-0.0000,-0.0000) A_is_ee=0 box_q=(+1.00000,-0.00001,+0.00001,+0.00000) box_p=(+0.00000,+0.00000,+0.04999) ee_p=(+0.04770,-0.08118,+0.10649)
[EErel] along_push=-0.048m (neg=correct)  perp=0.081m  ee_to_box=0.094m  stage=3  obj=[0. 0.]  g_hat=[-1. -0.]
[proxy] err=0.223m  effective=[0.191 0.081 0.05 ]
[ADMM-C3+] primal: 6.1274->4.9359  dual: 109.8105->80.3185  mono=False  iters=25/25  rho=25.0
[ADMM-C3+] WARNING non-converged: pr=4.9359 dr=80.3185 tol=1e-03
[C3+] step=522 |u[0]|=43.39Nm λ_n_max=1.058 η_n_max=1.279 primal=4.936 iters=25/25
[GS-tgt] step=113 ee=(+0.048,-0.081,+0.102) p_repos=(+0.047,-0.080,+0.030) ee_to_target=0.073m target_label=prev_repos target_changed=N delta=0.000m
[X-SEQ-PROBE] step=113 x0_box=(+0.00000,+0.00000,+0.04999) x1_box=(-0.01168,-0.00110,+0.02547) x1_box_v=(-0.23502,-0.02352,-0.49050) dt=0.050
[GS] step=113 mode=free switch=kStayInRepos best_k=0 best_src=prev_repos curr_cost=134956.96 repos_cost=213693.74 best_other=213693.74 met_progress=N steps_since_improve=109 switches=2
[STEP] step=113 mode=free t=1.130s ee=(+0.048,-0.081,+0.102) obj=(+0.000,+0.000,+0.050) goal_dist=0.300m switch=kStayInRepos target=(+0.048,-0.081,+0.062) ee_stride=0.041m ee_to_ptarget=0.073m landing_err=0.0975m ik_ok=Y ik_resid=0.0017m q_max_resid_deg=6.14 target_changed=Y retgt=N held_idx=1 held_cost=213693.74 won_cost=213693.74 margin=+0.00 won_src=prev_repos held_valid=Y reason=hold setpoint_to_ptarget=0.0509m finished_val=0.0725m finished_thresh=0.0200m pd_resid=0.0406m nextwp_to_ptarget=0.0309m guide_terminal_err=0.0000m
[GATE-EVOLVE] step=113 curr=134956.96 best_other=213693.74 ratio=0.6315 ee_to_optimal=0.0857m phi=0.0063m
[DRAKE-CONTACT] step=113 n_pairs=1 ee_box_normal=0.000
[GATE-CONTACT] step=113 F_W=(+0.0000,+0.0000,+0.0000) F_on_box=(-0.0000,-0.0000,-0.0000) n_face_out=(-0.0000,-0.0000,-0.0000) A_is_ee=0 box_q=(+1.00000,-0.00001,+0.00001,+0.00000) box_p=(+0.00000,+0.00000,+0.04999) ee_p=(+0.04774,-0.08122,+0.10250)
[EErel] along_push=-0.048m (neg=correct)  perp=0.081m  ee_to_box=0.094m  stage=3  obj=[0. 0.]  g_hat=[-1. -0.]
[proxy] err=0.222m  effective=[0.191 0.081 0.05 ]
[ADMM-C3+] primal: 6.1274->4.9359  dual: 109.8105->80.3186  mono=False  iters=25/25  rho=25.0
[ADMM-C3+] WARNING non-converged: pr=4.9359 dr=80.3186 tol=1e-03
[C3+] step=525 |u[0]|=43.46Nm λ_n_max=1.058 η_n_max=1.279 primal=4.936 iters=25/25
[GS-tgt] step=114 ee=(+0.048,-0.081,+0.099) p_repos=(+0.047,-0.080,+0.030) ee_to_target=0.069m target_label=prev_repos target_changed=N delta=0.000m
[X-SEQ-PROBE] step=114 x0_box=(+0.00000,+0.00000,+0.04999) x1_box=(-0.01168,-0.00110,+0.02547) x1_box_v=(-0.23502,-0.02352,-0.49050) dt=0.050
[GS] step=114 mode=free switch=kStayInRepos best_k=0 best_src=prev_repos curr_cost=134900.18 repos_cost=213552.57 best_other=213552.57 met_progress=N steps_since_improve=110 switches=2
[STEP] step=114 mode=free t=1.140s ee=(+0.048,-0.081,+0.099) obj=(+0.000,+0.000,+0.050) goal_dist=0.300m switch=kStayInRepos target=(+0.048,-0.081,+0.058) ee_stride=0.041m ee_to_ptarget=0.069m landing_err=0.0975m ik_ok=Y ik_resid=0.0017m q_max_resid_deg=6.07 target_changed=Y retgt=N held_idx=1 held_cost=213552.57 won_cost=213552.57 margin=+0.00 won_src=prev_repos held_valid=Y reason=hold setpoint_to_ptarget=0.0469m finished_val=0.0685m finished_thresh=0.0200m pd_resid=0.0406m nextwp_to_ptarget=0.0269m guide_terminal_err=0.0000m
[GATE-EVOLVE] step=114 curr=134900.18 best_other=213552.57 ratio=0.6317 ee_to_optimal=0.0857m phi=0.0062m
[DRAKE-CONTACT] step=114 n_pairs=1 ee_box_normal=0.000
[GATE-CONTACT] step=114 F_W=(+0.0000,+0.0000,+0.0000) F_on_box=(-0.0000,-0.0000,-0.0000) n_face_out=(-0.0000,-0.0000,-0.0000) A_is_ee=0 box_q=(+1.00000,-0.00001,+0.00001,+0.00000) box_p=(+0.00000,+0.00000,+0.04999) ee_p=(+0.04777,-0.08124,+0.09850)
[EErel] along_push=-0.048m (neg=correct)  perp=0.081m  ee_to_box=0.094m  stage=3  obj=[0. 0.]  g_hat=[-1. -0.]
[proxy] err=0.221m  effective=[0.191 0.081 0.05 ]
[ADMM-C3+] primal: 6.1274->4.9359  dual: 109.8105->80.3188  mono=False  iters=25/25  rho=25.0
[ADMM-C3+] WARNING non-converged: pr=4.9359 dr=80.3188 tol=1e-03
[C3+] step=528 |u[0]|=43.33Nm λ_n_max=1.058 η_n_max=1.279 primal=4.936 iters=25/25
[GS-tgt] step=115 ee=(+0.048,-0.081,+0.095) p_repos=(+0.047,-0.080,+0.030) ee_to_target=0.065m target_label=prev_repos target_changed=N delta=0.000m
[X-SEQ-PROBE] step=115 x0_box=(+0.00000,+0.00000,+0.04999) x1_box=(-0.01168,-0.00110,+0.02547) x1_box_v=(-0.23502,-0.02352,-0.49050) dt=0.050
[GS] step=115 mode=free switch=kStayInRepos best_k=0 best_src=prev_repos curr_cost=134930.49 repos_cost=213398.83 best_other=213398.83 met_progress=N steps_since_improve=111 switches=2
[STEP] step=115 mode=free t=1.150s ee=(+0.048,-0.081,+0.095) obj=(+0.000,+0.000,+0.050) goal_dist=0.300m switch=kStayInRepos target=(+0.048,-0.081,+0.054) ee_stride=0.041m ee_to_ptarget=0.065m landing_err=0.0975m ik_ok=Y ik_resid=0.0017m q_max_resid_deg=6.00 target_changed=Y retgt=N held_idx=1 held_cost=213398.83 won_cost=213398.83 margin=+0.00 won_src=prev_repos held_valid=Y reason=hold setpoint_to_ptarget=0.0429m finished_val=0.0645m finished_thresh=0.0200m pd_resid=0.0406m nextwp_to_ptarget=0.0229m guide_terminal_err=0.0000m
[GATE-EVOLVE] step=115 curr=134930.49 best_other=213398.83 ratio=0.6323 ee_to_optimal=0.0857m phi=0.0063m
[DRAKE-CONTACT] step=115 n_pairs=1 ee_box_normal=0.000
[GATE-CONTACT] step=115 F_W=(+0.0000,+0.0000,+0.0000) F_on_box=(-0.0000,-0.0000,-0.0000) n_face_out=(-0.0000,-0.0000,-0.0000) A_is_ee=0 box_q=(+1.00000,-0.00001,+0.00001,+0.00000) box_p=(+0.00000,+0.00000,+0.04999) ee_p=(+0.04780,-0.08126,+0.09450)
[EErel] along_push=-0.048m (neg=correct)  perp=0.081m  ee_to_box=0.094m  stage=3  obj=[0. 0.]  g_hat=[-1. -0.]
[proxy] err=0.221m  effective=[0.191 0.081 0.05 ]
[ADMM-C3+] primal: 6.1274->4.9359  dual: 109.8105->80.3185  mono=False  iters=25/25  rho=25.0
[ADMM-C3+] WARNING non-converged: pr=4.9359 dr=80.3185 tol=1e-03
[C3+] step=531 |u[0]|=43.30Nm λ_n_max=1.058 η_n_max=1.279 primal=4.936 iters=25/25
[GS-tgt] step=116 ee=(+0.048,-0.081,+0.091) p_repos=(+0.047,-0.080,+0.030) ee_to_target=0.061m target_label=prev_repos target_changed=N delta=0.000m
[X-SEQ-PROBE] step=116 x0_box=(+0.00000,+0.00000,+0.04999) x1_box=(-0.01168,-0.00110,+0.02547) x1_box_v=(-0.23502,-0.02352,-0.49050) dt=0.050
[GS] step=116 mode=free switch=kStayInRepos best_k=0 best_src=prev_repos curr_cost=134943.24 repos_cost=213234.74 best_other=213234.74 met_progress=N steps_since_improve=112 switches=2
[STEP] step=116 mode=free t=1.160s ee=(+0.048,-0.081,+0.091) obj=(+0.000,+0.000,+0.050) goal_dist=0.300m switch=kStayInRepos target=(+0.048,-0.081,+0.050) ee_stride=0.041m ee_to_ptarget=0.061m landing_err=0.0975m ik_ok=Y ik_resid=0.0017m q_max_resid_deg=5.94 target_changed=Y retgt=N held_idx=1 held_cost=213234.74 won_cost=213234.74 margin=+0.00 won_src=prev_repos held_valid=Y reason=hold setpoint_to_ptarget=0.0389m finished_val=0.0605m finished_thresh=0.0200m pd_resid=0.0406m nextwp_to_ptarget=0.0189m guide_terminal_err=0.0000m
[GATE-EVOLVE] step=116 curr=134943.24 best_other=213234.74 ratio=0.6328 ee_to_optimal=0.0857m phi=0.0063m
[DRAKE-CONTACT] step=116 n_pairs=1 ee_box_normal=0.000
[GATE-CONTACT] step=116 F_W=(+0.0000,+0.0000,+0.0000) F_on_box=(-0.0000,-0.0000,-0.0000) n_face_out=(-0.0000,-0.0000,-0.0000) A_is_ee=0 box_q=(+1.00000,-0.00001,+0.00001,+0.00000) box_p=(+0.00000,+0.00000,+0.04999) ee_p=(+0.04782,-0.08128,+0.09051)
[EErel] along_push=-0.048m (neg=correct)  perp=0.081m  ee_to_box=0.094m  stage=3  obj=[0. 0.]  g_hat=[-1. -0.]
[proxy] err=0.220m  effective=[0.191 0.081 0.05 ]
[ADMM-C3+] primal: 6.1274->4.9359  dual: 109.8105->80.3186  mono=False  iters=25/25  rho=25.0
[ADMM-C3+] WARNING non-converged: pr=4.9359 dr=80.3186 tol=1e-03
[C3+] step=534 |u[0]|=43.37Nm λ_n_max=1.058 η_n_max=1.279 primal=4.936 iters=25/25
[GS-tgt] step=117 ee=(+0.048,-0.081,+0.087) p_repos=(+0.047,-0.080,+0.030) ee_to_target=0.057m target_label=prev_repos target_changed=N delta=0.000m
[X-SEQ-PROBE] step=117 x0_box=(+0.00000,+0.00000,+0.04999) x1_box=(-0.01168,-0.00110,+0.02547) x1_box_v=(-0.23502,-0.02352,-0.49050) dt=0.050
[GS] step=117 mode=free switch=kStayInRepos best_k=0 best_src=prev_repos curr_cost=134911.70 repos_cost=213062.25 best_other=213062.25 met_progress=N steps_since_improve=113 switches=2
[STEP] step=117 mode=free t=1.170s ee=(+0.048,-0.081,+0.087) obj=(+0.000,+0.000,+0.050) goal_dist=0.300m switch=kStayInRepos target=(+0.048,-0.081,+0.046) ee_stride=0.041m ee_to_ptarget=0.057m landing_err=0.0975m ik_ok=Y ik_resid=0.0017m q_max_resid_deg=5.87 target_changed=Y retgt=N held_idx=1 held_cost=213062.25 won_cost=213062.25 margin=+0.00 won_src=prev_repos held_valid=Y reason=hold setpoint_to_ptarget=0.0349m finished_val=0.0565m finished_thresh=0.0200m pd_resid=0.0406m nextwp_to_ptarget=0.0149m guide_terminal_err=0.0000m
[GATE-EVOLVE] step=117 curr=134911.70 best_other=213062.25 ratio=0.6332 ee_to_optimal=0.0857m phi=0.0063m
[DRAKE-CONTACT] step=117 n_pairs=1 ee_box_normal=0.000
[GATE-CONTACT] step=117 F_W=(+0.0000,+0.0000,+0.0000) F_on_box=(-0.0000,-0.0000,-0.0000) n_face_out=(-0.0000,-0.0000,-0.0000) A_is_ee=0 box_q=(+1.00000,-0.00001,+0.00001,+0.00000) box_p=(+0.00000,+0.00000,+0.04999) ee_p=(+0.04784,-0.08130,+0.08651)
[EErel] along_push=-0.048m (neg=correct)  perp=0.081m  ee_to_box=0.094m  stage=3  obj=[0. 0.]  g_hat=[-1. -0.]
[proxy] err=0.219m  effective=[0.192 0.081 0.05 ]
[ADMM-C3+] primal: 6.1274->4.9359  dual: 109.8105->80.3185  mono=False  iters=25/25  rho=25.0
[ADMM-C3+] WARNING non-converged: pr=4.9359 dr=80.3185 tol=1e-03
[C3+] step=537 |u[0]|=43.35Nm λ_n_max=1.058 η_n_max=1.279 primal=4.936 iters=25/25
[GS-tgt] step=118 ee=(+0.048,-0.081,+0.083) p_repos=(+0.047,-0.080,+0.030) ee_to_target=0.053m target_label=prev_repos target_changed=N delta=0.000m
[X-SEQ-PROBE] step=118 x0_box=(+0.00000,+0.00000,+0.04999) x1_box=(-0.01168,-0.00110,+0.02547) x1_box_v=(-0.23502,-0.02352,-0.49050) dt=0.050
[GS] step=118 mode=free switch=kStayInRepos best_k=0 best_src=prev_repos curr_cost=134942.19 repos_cost=212883.07 best_other=212883.07 met_progress=N steps_since_improve=114 switches=2
[STEP] step=118 mode=free t=1.180s ee=(+0.048,-0.081,+0.083) obj=(+0.000,+0.000,+0.050) goal_dist=0.300m switch=kStayInRepos target=(+0.048,-0.081,+0.042) ee_stride=0.041m ee_to_ptarget=0.053m landing_err=0.0975m ik_ok=Y ik_resid=0.0017m q_max_resid_deg=5.81 target_changed=Y retgt=N held_idx=1 held_cost=212883.07 won_cost=212883.07 margin=+0.00 won_src=prev_repos held_valid=Y reason=hold setpoint_to_ptarget=0.0309m finished_val=0.0525m finished_thresh=0.0200m pd_resid=0.0406m nextwp_to_ptarget=0.0109m guide_terminal_err=0.0000m
[GATE-EVOLVE] step=118 curr=134942.19 best_other=212883.07 ratio=0.6339 ee_to_optimal=0.0857m phi=0.0063m
[DRAKE-CONTACT] step=118 n_pairs=1 ee_box_normal=0.000
[GATE-CONTACT] step=118 F_W=(+0.0000,+0.0000,+0.0000) F_on_box=(-0.0000,-0.0000,-0.0000) n_face_out=(-0.0000,-0.0000,-0.0000) A_is_ee=0 box_q=(+1.00000,-0.00001,+0.00001,+0.00000) box_p=(+0.00000,+0.00000,+0.04999) ee_p=(+0.04786,-0.08131,+0.08252)
[EErel] along_push=-0.048m (neg=correct)  perp=0.081m  ee_to_box=0.094m  stage=3  obj=[0. 0.]  g_hat=[-1. -0.]
[proxy] err=0.219m  effective=[0.192 0.081 0.05 ]
[ADMM-C3+] primal: 6.1274->4.9359  dual: 109.8105->80.3186  mono=False  iters=25/25  rho=25.0
[ADMM-C3+] WARNING non-converged: pr=4.9359 dr=80.3186 tol=1e-03
[C3+] step=540 |u[0]|=43.34Nm λ_n_max=1.058 η_n_max=1.279 primal=4.936 iters=25/25
[GS-tgt] step=119 ee=(+0.048,-0.081,+0.079) p_repos=(+0.047,-0.080,+0.030) ee_to_target=0.049m target_label=prev_repos target_changed=N delta=0.000m
[X-SEQ-PROBE] step=119 x0_box=(+0.00000,+0.00000,+0.04999) x1_box=(-0.01168,-0.00110,+0.02547) x1_box_v=(-0.23502,-0.02352,-0.49050) dt=0.050
[GS] step=119 mode=free switch=kStayInRepos best_k=0 best_src=prev_repos curr_cost=134978.42 repos_cost=212698.71 best_other=212698.71 met_progress=N steps_since_improve=115 switches=2
[STEP] step=119 mode=free t=1.190s ee=(+0.048,-0.081,+0.079) obj=(+0.000,+0.000,+0.050) goal_dist=0.300m switch=kStayInRepos target=(+0.048,-0.081,+0.038) ee_stride=0.041m ee_to_ptarget=0.049m landing_err=0.0975m ik_ok=Y ik_resid=0.0017m q_max_resid_deg=5.76 target_changed=Y retgt=N held_idx=1 held_cost=212698.71 won_cost=212698.71 margin=+0.00 won_src=prev_repos held_valid=Y reason=hold setpoint_to_ptarget=0.0269m finished_val=0.0485m finished_thresh=0.0200m pd_resid=0.0406m nextwp_to_ptarget=0.0069m guide_terminal_err=0.0000m
[GATE-EVOLVE] step=119 curr=134978.42 best_other=212698.71 ratio=0.6346 ee_to_optimal=0.0857m phi=0.0063m
[DRAKE-CONTACT] step=119 n_pairs=1 ee_box_normal=0.000
[GATE-CONTACT] step=119 F_W=(+0.0000,+0.0000,+0.0000) F_on_box=(-0.0000,-0.0000,-0.0000) n_face_out=(-0.0000,-0.0000,-0.0000) A_is_ee=0 box_q=(+1.00000,-0.00001,+0.00001,+0.00000) box_p=(+0.00000,+0.00000,+0.04999) ee_p=(+0.04788,-0.08132,+0.07852)
[EErel] along_push=-0.048m (neg=correct)  perp=0.081m  ee_to_box=0.094m  stage=3  obj=[0. 0.]  g_hat=[-1. -0.]
[proxy] err=0.218m  effective=[0.192 0.081 0.05 ]
[ADMM-C3+] primal: 6.1274->4.9359  dual: 109.8105->80.3186  mono=False  iters=25/25  rho=25.0
[ADMM-C3+] WARNING non-converged: pr=4.9359 dr=80.3186 tol=1e-03
[C3+] step=543 |u[0]|=43.48Nm λ_n_max=1.058 η_n_max=1.279 primal=4.936 iters=25/25
[GS-tgt] step=120 ee=(+0.048,-0.081,+0.075) p_repos=(+0.047,-0.080,+0.030) ee_to_target=0.045m target_label=prev_repos target_changed=N delta=0.000m
[X-SEQ-PROBE] step=120 x0_box=(+0.00000,+0.00000,+0.04999) x1_box=(-0.01168,-0.00110,+0.02547) x1_box_v=(-0.23502,-0.02352,-0.49050) dt=0.050
[IMP] step=120 mode=free |x_err|=0.0406m |tau_imp|=1.74Nm |tau_ff|=0.00Nm |tau_out|=1.74Nm sat=False lam_n=False lam_t=False
[GS] step=120 mode=free switch=kStayInRepos best_k=0 best_src=prev_repos curr_cost=134946.37 repos_cost=212510.52 best_other=212510.52 met_progress=N steps_since_improve=116 switches=2
[STEP] step=120 mode=free t=1.200s ee=(+0.048,-0.081,+0.075) obj=(+0.000,+0.000,+0.050) goal_dist=0.300m switch=kStayInRepos target=(+0.048,-0.081,+0.034) ee_stride=0.041m ee_to_ptarget=0.045m landing_err=0.0975m ik_ok=Y ik_resid=0.0017m q_max_resid_deg=5.70 target_changed=Y retgt=N held_idx=1 held_cost=212510.52 won_cost=212510.52 margin=+0.00 won_src=prev_repos held_valid=Y reason=hold setpoint_to_ptarget=0.0229m finished_val=0.0446m finished_thresh=0.0200m pd_resid=0.0406m nextwp_to_ptarget=0.0029m guide_terminal_err=0.0000m
[GATE-EVOLVE] step=120 curr=134946.37 best_other=212510.52 ratio=0.6350 ee_to_optimal=0.0857m phi=0.0063m
[GS-table] step=120
  k=0 (current   ) pos=(+0.048,-0.081,+0.075) c_C3= 134946.37 align=0.0000(bonus=    0.00) rot=+0.0000(bonus=    0.00) travel=0.000m(pen=  0.00) c_sample= 134946.37 feas=Y ik_err=0.0000m  ← WIN
  k=1 (prev_repos) pos=(+0.047,-0.080,+0.030) c_C3= 212501.61 align=0.0000(bonus=    0.00) rot=+0.0000(bonus=    0.00) travel=0.045m(pen=  8.91) c_sample= 212510.52 feas=Y ik_err=0.0001m
  k=2 (strat_0   ) pos=(-0.080,-0.043,+0.030) c_C3= 220176.09 align=0.0000(bonus=    0.00) rot=+0.0000(bonus=    0.00) travel=0.141m(pen= 28.15) c_sample= 220204.25 feas=Y ik_err=0.0009m
[DRAKE-CONTACT] step=120 n_pairs=1 ee_box_normal=0.000
[GATE-CONTACT] step=120 F_W=(+0.0000,+0.0000,+0.0000) F_on_box=(-0.0000,-0.0000,-0.0000) n_face_out=(-0.0000,-0.0000,-0.0000) A_is_ee=0 box_q=(+1.00000,-0.00001,+0.00001,+0.00000) box_p=(+0.00000,+0.00000,+0.04999) ee_p=(+0.04789,-0.08133,+0.07452)
[EErel] along_push=-0.048m (neg=correct)  perp=0.081m  ee_to_box=0.094m  stage=3  obj=[0. 0.]  g_hat=[-1. -0.]
[proxy] err=0.218m  effective=[0.192 0.081 0.05 ]
[ADMM-C3+] primal: 6.1274->4.9359  dual: 109.8105->80.3186  mono=False  iters=25/25  rho=25.0
[ADMM-C3+] WARNING non-converged: pr=4.9359 dr=80.3186 tol=1e-03
[C3+] step=546 |u[0]|=43.50Nm λ_n_max=1.058 η_n_max=1.279 primal=4.936 iters=25/25
[GS-tgt] step=121 ee=(+0.048,-0.081,+0.071) p_repos=(+0.047,-0.080,+0.030) ee_to_target=0.041m target_label=prev_repos target_changed=N delta=0.000m
[X-SEQ-PROBE] step=121 x0_box=(+0.00000,+0.00000,+0.04999) x1_box=(-0.01168,-0.00110,+0.02547) x1_box_v=(-0.23502,-0.02352,-0.49050) dt=0.050
[GS] step=121 mode=free switch=kStayInRepos best_k=0 best_src=prev_repos curr_cost=134986.87 repos_cost=212319.68 best_other=212319.68 met_progress=N steps_since_improve=117 switches=2
[STEP] step=121 mode=free t=1.210s ee=(+0.048,-0.081,+0.071) obj=(+0.000,+0.000,+0.050) goal_dist=0.300m switch=kStayInRepos target=(+0.048,-0.081,+0.031) ee_stride=0.040m ee_to_ptarget=0.041m landing_err=0.0975m ik_ok=Y ik_resid=0.0017m q_max_resid_deg=5.48 target_changed=Y retgt=N held_idx=1 held_cost=212319.68 won_cost=212319.68 margin=+0.00 won_src=prev_repos held_valid=Y reason=hold setpoint_to_ptarget=0.0189m finished_val=0.0406m finished_thresh=0.0200m pd_resid=0.0395m nextwp_to_ptarget=0.0000m guide_terminal_err=0.0000m
[GATE-EVOLVE] step=121 curr=134986.87 best_other=212319.68 ratio=0.6358 ee_to_optimal=0.0857m phi=0.0063m
[DRAKE-CONTACT] step=121 n_pairs=1 ee_box_normal=0.000
[GATE-CONTACT] step=121 F_W=(+0.0000,+0.0000,+0.0000) F_on_box=(-0.0000,-0.0000,-0.0000) n_face_out=(-0.0000,-0.0000,-0.0000) A_is_ee=0 box_q=(+1.00000,-0.00001,+0.00001,+0.00000) box_p=(+0.00000,+0.00000,+0.04999) ee_p=(+0.04790,-0.08134,+0.07053)
[EErel] along_push=-0.048m (neg=correct)  perp=0.081m  ee_to_box=0.094m  stage=3  obj=[0. 0.]  g_hat=[-1. -0.]
[proxy] err=0.218m  effective=[0.192 0.081 0.05 ]
[ADMM-C3+] primal: 6.1274->4.9359  dual: 109.8105->80.3181  mono=False  iters=25/25  rho=25.0
[ADMM-C3+] WARNING non-converged: pr=4.9359 dr=80.3181 tol=1e-03
[C3+] step=549 |u[0]|=43.49Nm λ_n_max=1.058 η_n_max=1.279 primal=4.936 iters=25/25
[GS-tgt] step=122 ee=(+0.048,-0.081,+0.067) p_repos=(+0.047,-0.080,+0.030) ee_to_target=0.037m target_label=prev_repos target_changed=N delta=0.000m
[X-SEQ-PROBE] step=122 x0_box=(+0.00000,+0.00000,+0.04999) x1_box=(-0.01168,-0.00110,+0.02547) x1_box_v=(-0.23502,-0.02352,-0.49050) dt=0.050
[GS] step=122 mode=free switch=kStayInRepos best_k=0 best_src=prev_repos curr_cost=135052.91 repos_cost=211976.54 best_other=211976.54 met_progress=N steps_since_improve=118 switches=2
[STEP] step=122 mode=free t=1.220s ee=(+0.048,-0.081,+0.067) obj=(+0.000,+0.000,+0.050) goal_dist=0.300m switch=kStayInRepos target=(+0.048,-0.081,+0.031) ee_stride=0.036m ee_to_ptarget=0.037m landing_err=0.0975m ik_ok=Y ik_resid=0.0017m q_max_resid_deg=4.81 target_changed=N retgt=N held_idx=1 held_cost=211976.54 won_cost=211976.54 margin=+0.00 won_src=prev_repos held_valid=Y reason=hold setpoint_to_ptarget=0.0149m finished_val=0.0366m finished_thresh=0.0200m pd_resid=0.0356m nextwp_to_ptarget=0.0000m guide_terminal_err=0.0000m
[GATE-EVOLVE] step=122 curr=135052.91 best_other=211976.54 ratio=0.6371 ee_to_optimal=0.0857m phi=0.0063m
[DRAKE-CONTACT] step=122 n_pairs=1 ee_box_normal=0.000
[GATE-CONTACT] step=122 F_W=(+0.0000,+0.0000,+0.0000) F_on_box=(-0.0000,-0.0000,-0.0000) n_face_out=(-0.0000,-0.0000,-0.0000) A_is_ee=0 box_q=(+1.00000,-0.00001,+0.00001,+0.00000) box_p=(+0.00000,+0.00000,+0.04999) ee_p=(+0.04791,-0.08135,+0.06656)
[EErel] along_push=-0.048m (neg=correct)  perp=0.081m  ee_to_box=0.094m  stage=3  obj=[0. 0.]  g_hat=[-1. -0.]
[proxy] err=0.217m  effective=[0.192 0.081 0.05 ]
[ADMM-C3+] primal: 6.1274->4.9359  dual: 109.8105->80.3185  mono=False  iters=25/25  rho=25.0
[ADMM-C3+] WARNING non-converged: pr=4.9359 dr=80.3185 tol=1e-03
[C3+] step=552 |u[0]|=43.59Nm λ_n_max=1.058 η_n_max=1.279 primal=4.936 iters=25/25
[GS-tgt] step=123 ee=(+0.048,-0.081,+0.063) p_repos=(+0.047,-0.080,+0.030) ee_to_target=0.033m target_label=prev_repos target_changed=N delta=0.000m
[X-SEQ-PROBE] step=123 x0_box=(+0.00000,+0.00000,+0.04999) x1_box=(-0.01168,-0.00110,+0.02547) x1_box_v=(-0.23502,-0.02352,-0.49050) dt=0.050
[GS] step=123 mode=free switch=kStayInRepos best_k=0 best_src=prev_repos curr_cost=135033.46 repos_cost=211151.15 best_other=211151.15 met_progress=N steps_since_improve=119 switches=2
[STEP] step=123 mode=free t=1.230s ee=(+0.048,-0.081,+0.063) obj=(+0.000,+0.000,+0.050) goal_dist=0.300m switch=kStayInRepos target=(+0.048,-0.081,+0.031) ee_stride=0.032m ee_to_ptarget=0.033m landing_err=0.0975m ik_ok=Y ik_resid=0.0017m q_max_resid_deg=4.16 target_changed=N retgt=N held_idx=1 held_cost=211151.15 won_cost=211151.15 margin=+0.00 won_src=prev_repos held_valid=Y reason=hold setpoint_to_ptarget=0.0109m finished_val=0.0327m finished_thresh=0.0200m pd_resid=0.0317m nextwp_to_ptarget=0.0000m guide_terminal_err=0.0000m
[GATE-EVOLVE] step=123 curr=135033.46 best_other=211151.15 ratio=0.6395 ee_to_optimal=0.0857m phi=0.0063m
[DRAKE-CONTACT] step=123 n_pairs=1 ee_box_normal=0.000
[GATE-CONTACT] step=123 F_W=(+0.0000,+0.0000,+0.0000) F_on_box=(-0.0000,-0.0000,-0.0000) n_face_out=(-0.0000,-0.0000,-0.0000) A_is_ee=0 box_q=(+1.00000,-0.00001,+0.00001,+0.00000) box_p=(+0.00000,+0.00000,+0.04999) ee_p=(+0.04792,-0.08134,+0.06269)
[EErel] along_push=-0.048m (neg=correct)  perp=0.081m  ee_to_box=0.094m  stage=3  obj=[0. 0.]  g_hat=[-1. -0.]
[proxy] err=0.217m  effective=[0.192 0.081 0.05 ]
[ADMM-C3+] primal: 6.1274->4.9359  dual: 109.8105->80.3186  mono=False  iters=25/25  rho=25.0
[ADMM-C3+] WARNING non-converged: pr=4.9359 dr=80.3186 tol=1e-03
[C3+] step=555 |u[0]|=43.73Nm λ_n_max=1.058 η_n_max=1.279 primal=4.936 iters=25/25
[GS-tgt] step=124 ee=(+0.048,-0.081,+0.059) p_repos=(+0.047,-0.080,+0.030) ee_to_target=0.029m target_label=prev_repos target_changed=N delta=0.000m
[X-SEQ-PROBE] step=124 x0_box=(+0.00000,+0.00000,+0.04999) x1_box=(-0.01168,-0.00110,+0.02547) x1_box_v=(-0.23502,-0.02352,-0.49050) dt=0.050
[GS] step=124 mode=free switch=kStayInRepos best_k=0 best_src=prev_repos curr_cost=134987.86 repos_cost=210038.35 best_other=210038.35 met_progress=N steps_since_improve=120 switches=2
[STEP] step=124 mode=free t=1.240s ee=(+0.048,-0.081,+0.059) obj=(+0.000,+0.000,+0.050) goal_dist=0.300m switch=kStayInRepos target=(+0.048,-0.081,+0.031) ee_stride=0.028m ee_to_ptarget=0.029m landing_err=0.0975m ik_ok=Y ik_resid=0.0017m q_max_resid_deg=3.55 target_changed=N retgt=N held_idx=1 held_cost=210038.35 won_cost=210038.35 margin=+0.00 won_src=prev_repos held_valid=Y reason=hold setpoint_to_ptarget=0.0069m finished_val=0.0291m finished_thresh=0.0200m pd_resid=0.0280m nextwp_to_ptarget=0.0000m guide_terminal_err=0.0000m
[GATE-EVOLVE] step=124 curr=134987.86 best_other=210038.35 ratio=0.6427 ee_to_optimal=0.0857m phi=0.0063m
[DRAKE-CONTACT] step=124 n_pairs=1 ee_box_normal=0.000
[GATE-CONTACT] step=124 F_W=(+0.0000,+0.0000,+0.0000) F_on_box=(-0.0000,-0.0000,-0.0000) n_face_out=(-0.0000,-0.0000,-0.0000) A_is_ee=0 box_q=(+1.00000,-0.00001,+0.00001,+0.00000) box_p=(+0.00000,+0.00000,+0.04999) ee_p=(+0.04792,-0.08132,+0.05904)
[PERSIST] step=125 refresh n_strategy=1 samples=[(-0.0109, 0.08, 0.03)]
[EErel] along_push=-0.048m (neg=correct)  perp=0.081m  ee_to_box=0.094m  stage=3  obj=[0. 0.]  g_hat=[-1. -0.]
[proxy] err=0.217m  effective=[0.192 0.081 0.05 ]
[ADMM-C3+] primal: 6.1274->4.9359  dual: 109.8105->80.3183  mono=False  iters=25/25  rho=25.0
[ADMM-C3+] WARNING non-converged: pr=4.9359 dr=80.3183 tol=1e-03
[C3+] step=558 |u[0]|=43.46Nm λ_n_max=1.058 η_n_max=1.279 primal=4.936 iters=25/25
[GS-tgt] step=125 ee=(+0.048,-0.081,+0.056) p_repos=(+0.047,-0.080,+0.030) ee_to_target=0.026m target_label=prev_repos target_changed=N delta=0.000m
[X-SEQ-PROBE] step=125 x0_box=(+0.00000,+0.00000,+0.04999) x1_box=(-0.01168,-0.00110,+0.02547) x1_box_v=(-0.23502,-0.02352,-0.49050) dt=0.050
[GS] step=125 mode=free switch=kStayInRepos best_k=0 best_src=prev_repos curr_cost=135085.42 repos_cost=208781.27 best_other=208781.27 met_progress=N steps_since_improve=121 switches=2
[STEP] step=125 mode=free t=1.250s ee=(+0.048,-0.081,+0.056) obj=(+0.000,+0.000,+0.050) goal_dist=0.300m switch=kStayInRepos target=(+0.048,-0.081,+0.031) ee_stride=0.025m ee_to_ptarget=0.026m landing_err=0.0975m ik_ok=Y ik_resid=0.0017m q_max_resid_deg=3.00 target_changed=N retgt=N held_idx=1 held_cost=208781.27 won_cost=208781.27 margin=+0.00 won_src=prev_repos held_valid=Y reason=hold setpoint_to_ptarget=0.0029m finished_val=0.0257m finished_thresh=0.0200m pd_resid=0.0247m nextwp_to_ptarget=0.0000m guide_terminal_err=0.0000m
[GATE-EVOLVE] step=125 curr=135085.42 best_other=208781.27 ratio=0.6470 ee_to_optimal=0.0857m phi=0.0063m
[DRAKE-CONTACT] step=125 n_pairs=1 ee_box_normal=0.000
[GATE-CONTACT] step=125 F_W=(+0.0000,+0.0000,+0.0000) F_on_box=(-0.0000,-0.0000,-0.0000) n_face_out=(-0.0000,-0.0000,-0.0000) A_is_ee=0 box_q=(+1.00000,-0.00001,+0.00001,+0.00000) box_p=(+0.00000,+0.00000,+0.04999) ee_p=(+0.04793,-0.08128,+0.05566)
[EErel] along_push=-0.048m (neg=correct)  perp=0.081m  ee_to_box=0.094m  stage=3  obj=[0. 0.]  g_hat=[-1. -0.]
[proxy] err=0.217m  effective=[0.191 0.081 0.05 ]
[ADMM-C3+] primal: 6.1274->4.9359  dual: 109.8105->80.3182  mono=False  iters=25/25  rho=25.0
[ADMM-C3+] WARNING non-converged: pr=4.9359 dr=80.3182 tol=1e-03
[C3+] step=561 |u[0]|=43.76Nm λ_n_max=1.059 η_n_max=1.279 primal=4.936 iters=25/25
[GS-tgt] step=126 ee=(+0.048,-0.081,+0.053) p_repos=(+0.047,-0.080,+0.030) ee_to_target=0.023m target_label=prev_repos target_changed=N delta=0.000m
[X-SEQ-PROBE] step=126 x0_box=(+0.00000,+0.00000,+0.04999) x1_box=(-0.01168,-0.00110,+0.02547) x1_box_v=(-0.23502,-0.02352,-0.49050) dt=0.050
[GS] step=126 mode=free switch=kStayInRepos best_k=0 best_src=prev_repos curr_cost=134962.16 repos_cost=207478.41 best_other=207478.41 met_progress=N steps_since_improve=122 switches=2
[STEP] step=126 mode=free t=1.260s ee=(+0.048,-0.081,+0.053) obj=(+0.000,+0.000,+0.050) goal_dist=0.300m switch=kStayInRepos target=(+0.048,-0.081,+0.031) ee_stride=0.022m ee_to_ptarget=0.023m landing_err=0.0975m ik_ok=Y ik_resid=0.0017m q_max_resid_deg=2.78 target_changed=N retgt=N held_idx=1 held_cost=207478.41 won_cost=207478.41 margin=+0.00 won_src=prev_repos held_valid=Y reason=hold setpoint_to_ptarget=0.0000m finished_val=0.0226m finished_thresh=0.0200m pd_resid=0.0216m nextwp_to_ptarget=0.0000m guide_terminal_err=0.0000m
[GATE-EVOLVE] step=126 curr=134962.16 best_other=207478.41 ratio=0.6505 ee_to_optimal=0.0856m phi=0.0062m
[DRAKE-CONTACT] step=126 n_pairs=1 ee_box_normal=0.000
[GATE-CONTACT] step=126 F_W=(+0.0000,+0.0000,+0.0000) F_on_box=(-0.0000,-0.0000,-0.0000) n_face_out=(-0.0000,-0.0000,-0.0000) A_is_ee=0 box_q=(+1.00000,-0.00001,+0.00001,+0.00000) box_p=(+0.00000,+0.00000,+0.04999) ee_p=(+0.04793,-0.08124,+0.05258)
[EErel] along_push=-0.048m (neg=correct)  perp=0.081m  ee_to_box=0.094m  stage=3  obj=[0. 0.]  g_hat=[-1. -0.]
[proxy] err=0.217m  effective=[0.191 0.081 0.05 ]
[ADMM-C3+] primal: 6.1274->4.9359  dual: 109.8105->80.3186  mono=False  iters=25/25  rho=25.0
[ADMM-C3+] WARNING non-converged: pr=4.9359 dr=80.3186 tol=1e-03
[C3+] step=564 |u[0]|=43.85Nm λ_n_max=1.058 η_n_max=1.279 primal=4.936 iters=25/25
[GS-tgt] step=127 ee=(+0.048,-0.081,+0.050) p_repos=(+0.047,-0.080,+0.030) ee_to_target=0.020m target_label=prev_repos target_changed=N delta=0.000m
[X-SEQ-PROBE] step=127 x0_box=(+0.00000,+0.00000,+0.04999) x1_box=(-0.01168,-0.00110,+0.02547) x1_box_v=(-0.23502,-0.02352,-0.49050) dt=0.050
[GS] step=127 mode=free switch=kStayInRepos best_k=0 best_src=prev_repos curr_cost=134892.51 repos_cost=206155.23 best_other=206155.23 met_progress=N steps_since_improve=123 switches=2
[STEP] step=127 mode=free t=1.270s ee=(+0.048,-0.081,+0.050) obj=(+0.000,+0.000,+0.050) goal_dist=0.300m switch=kStayInRepos target=(+0.048,-0.081,+0.031) ee_stride=0.019m ee_to_ptarget=0.020m landing_err=0.0975m ik_ok=Y ik_resid=0.0017m q_max_resid_deg=2.58 target_changed=N retgt=N held_idx=1 held_cost=206155.23 won_cost=206155.23 margin=+0.00 won_src=prev_repos held_valid=Y reason=hold setpoint_to_ptarget=0.0000m finished_val=0.0199m finished_thresh=0.0200m pd_resid=0.0188m nextwp_to_ptarget=0.0000m guide_terminal_err=0.0000m
[GATE-EVOLVE] step=127 curr=134892.51 best_other=206155.23 ratio=0.6543 ee_to_optimal=0.0856m phi=0.0062m
[DRAKE-CONTACT] step=127 n_pairs=1 ee_box_normal=0.000
[GATE-CONTACT] step=127 F_W=(+0.0000,+0.0000,+0.0000) F_on_box=(-0.0000,-0.0000,-0.0000) n_face_out=(-0.0000,-0.0000,-0.0000) A_is_ee=0 box_q=(+1.00000,-0.00001,+0.00001,+0.00000) box_p=(+0.00000,+0.00000,+0.04999) ee_p=(+0.04793,-0.08118,+0.04980)
[PERSIST] step=128 refresh n_strategy=1 samples=[(0.08, 0.0041, 0.03)]
[EErel] along_push=-0.048m (neg=correct)  perp=0.081m  ee_to_box=0.094m  stage=3  obj=[0. 0.]  g_hat=[-1. -0.]
[proxy] err=0.217m  effective=[0.191 0.081 0.05 ]
[ADMM-C3+] primal: 6.1274->4.9359  dual: 109.8105->80.3186  mono=False  iters=25/25  rho=25.0
[ADMM-C3+] WARNING non-converged: pr=4.9359 dr=80.3186 tol=1e-03
[C3+] step=567 |u[0]|=43.74Nm λ_n_max=1.058 η_n_max=1.279 primal=4.936 iters=25/25
[IK-LANDING] step=128
  --- Target ---
  p_repos                        = [+0.0469, -0.0800, +0.0300]
  p_box                          = [+0.0000, +0.0000, +0.0500]
  g_hat                          = [-1.0000, -0.0000]
  conceptual contact pt on box   = [+0.0500, +0.0000, +0.0500]
  --- Actual EE landing ---
  p_ee_actual                    = [+0.0479, -0.0811, +0.0473]
  --- Errors ---
  ||p_ee_actual - p_repos||      =   17.39 mm  ← IK convergence error
  ||p_ee_actual - face_contact|| =   81.19 mm  ← Total reach error to box face
  φ (Drake signed distance)      =    6.12 mm
  φ < 20 mm threshold?           = Y
[IK-SOLVE] step=128
  IK target body name:    pusher
  IK target position:     [+0.0469, -0.0800, +0.0300]
  IK solver status:       success
  Solved q*:              [0.6556, 0.8572, 0.6767, -2.2714, -0.1552, 2.9874, 0.785]
  Cartesian position of target body at q*: [+0.0479, -0.0810, +0.0310]
  ||target_body_position - p_target||:    1.73 mm
[BODY-VS-CONTACT] step=128
  IK target body position (world):       [+0.0479, -0.0811, +0.0473]
  Pusher contact point (witness, world): [+0.0479, -0.0561, +0.0473]
  Offset (contact - body) in world:      [-0.0000, +0.0250, -0.0000]
  Offset projected onto g_hat:             -0.00 mm

=== [LCS-FILTER-AUDIT] step=569 trigger=first-rich-mode-entry sim_t=5.69s narrow_threshold=2.0mm wide_threshold=500mm ===
[LCS-FILTER-AUDIT] writing detail to /root/push_anything_ADMM/audit_output/lcs_filter_audit.txt
[EErel] along_push=-0.048m (neg=correct)  perp=0.081m  ee_to_box=0.094m  stage=3  obj=[0. 0.]  g_hat=[-1. -0.]
[proxy] err=0.217m  effective=[0.191 0.081 0.05 ]
[ADMM-C3+] primal: 6.1274->4.9359  dual: 109.8105->80.3186  mono=False  iters=25/25  rho=25.0
[ADMM-C3+] WARNING non-converged: pr=4.9359 dr=80.3186 tol=1e-03
[C3+] step=570 |u[0]|=34.57Nm λ_n_max=1.058 η_n_max=1.279 primal=4.936 iters=25/25
[CONTACT-RUN] step=128 nhat_BA_W=[+0.000,+0.000,+0.000] p_BCb=[+0.000,+0.000,+0.000] distance=+1.00000 contact_type=NONE
[X-SEQ-PROBE] step=128 x0_box=(+0.00000,+0.00000,+0.04999) x1_box=(-0.01168,-0.00110,+0.02547) x1_box_v=(-0.23502,-0.02352,-0.49050) dt=0.050
[APPROACH-OVERRIDE] step=128 phase=A_lift_trav face_axis=0 face_sign=+1 face_score=+1.000 surf_dist=0.0562m advance=0.0100m target=(+0.1000,+0.0000,+0.1350) p_ee_des=(+0.0519,-0.0749,+0.0540)
[VFF] step=128 mode=c3 alpha=0.000 v_des=(+0.0000,+0.0000,+0.0000) |v_des|=0.0000 sat=0 util_max=0.544@j1
[OSC-FORCE] step=128 mode=c3 lam_des=2.000 lam_ext=2.000
[GS] step=128 mode=c3 switch=kToC3ReachedReposTarget best_k=0 best_src=current curr_cost=134851.95 repos_cost=- best_other=194742.09 met_progress=N steps_since_improve=0 switches=3
[STEP] step=128 mode=c3 t=1.280s ee=(+0.048,-0.081,+0.047) obj=(+0.000,+0.000,+0.050) goal_dist=0.300m switch=kToC3ReachedReposTarget c3_cost=134851.95 lam_n=0.000 lam_t=0.000 contact=N productive=N f_cmd=(+2.00,+0.00,-0.00)
[GATE-EVOLVE] step=128 curr=134851.95 best_other=194742.09 ratio=0.6925 ee_to_optimal=0.0855m phi=0.0061m
[DRAKE-CONTACT] step=128 n_pairs=1 ee_box_normal=0.000
[GATE-CONTACT] step=128 F_W=(+0.0000,+0.0000,+0.0000) F_on_box=(-0.0000,-0.0000,-0.0000) n_face_out=(-0.0000,-0.0000,-0.0000) A_is_ee=0 box_q=(+1.00000,-0.00001,+0.00001,+0.00000) box_p=(+0.00000,+0.00000,+0.04999) ee_p=(+0.04792,-0.08112,+0.04732)
[PERSIST] step=129 refresh n_strategy=3 samples=[(-0.08, -0.0166, 0.03), (-0.0367, -0.08, 0.03), (0.0006, 0.08, 0.03)]
[EErel] along_push=-0.048m (neg=correct)  perp=0.081m  ee_to_box=0.094m  stage=3  obj=[0. 0.]  g_hat=[-1. -0.]
[proxy] err=0.216m  effective=[0.191 0.081 0.05 ]
[ADMM-C3+] primal: 6.1274->4.9359  dual: 109.8105->80.3186  mono=False  iters=25/25  rho=25.0
[ADMM-C3+] WARNING non-converged: pr=4.9359 dr=80.3186 tol=1e-03
[C3+] step=571 |u[0]|=42.70Nm λ_n_max=1.058 η_n_max=1.279 primal=4.936 iters=25/25
[EErel] along_push=-0.048m (neg=correct)  perp=0.081m  ee_to_box=0.094m  stage=3  obj=[0. 0.]  g_hat=[-1. -0.]
[proxy] err=0.216m  effective=[0.191 0.081 0.05 ]
[ADMM-C3+] primal: 6.1274->4.9359  dual: 109.8105->80.3186  mono=False  iters=25/25  rho=25.0
[ADMM-C3+] WARNING non-converged: pr=4.9359 dr=80.3186 tol=1e-03
[C3+] step=576 |u[0]|=34.13Nm λ_n_max=1.058 η_n_max=1.279 primal=4.936 iters=25/25
[CONTACT-RUN] step=129 nhat_BA_W=[+0.000,+0.000,+0.000] p_BCb=[+0.000,+0.000,+0.000] distance=+1.00000 contact_type=NONE
[X-SEQ-PROBE] step=129 x0_box=(+0.00000,+0.00000,+0.04999) x1_box=(-0.01168,-0.00110,+0.02547) x1_box_v=(-0.23502,-0.02352,-0.49050) dt=0.050
[APPROACH-OVERRIDE] step=129 phase=A_lift_trav face_axis=0 face_sign=+1 face_score=+1.000 surf_dist=0.0561m advance=0.0100m target=(+0.1000,+0.0000,+0.1350) p_ee_des=(+0.0519,-0.0747,+0.0524)
[VFF] step=129 mode=c3 alpha=0.000 v_des=(+0.0000,+0.0000,+0.0000) |v_des|=0.0000 sat=0 util_max=0.352@j1
[OSC-FORCE] step=129 mode=c3 lam_des=2.000 lam_ext=2.000
[GS] step=129 mode=c3 switch=kStayInC3 best_k=0 best_src=current curr_cost=134739.73 repos_cost=- best_other=188782.00 met_progress=Y steps_since_improve=0 switches=3
[STEP] step=129 mode=c3 t=1.290s ee=(+0.048,-0.081,+0.046) obj=(+0.000,+0.000,+0.050) goal_dist=0.300m switch=kStayInC3 c3_cost=134739.73 lam_n=0.000 lam_t=0.000 contact=N productive=N f_cmd=(+2.00,+0.00,-0.00)
[GATE-EVOLVE] step=129 curr=134739.73 best_other=188782.00 ratio=0.7137 ee_to_optimal=0.0853m phi=0.0059m
[DRAKE-CONTACT] step=129 n_pairs=1 ee_box_normal=0.000
[GATE-CONTACT] step=129 F_W=(+0.0000,+0.0000,+0.0000) F_on_box=(-0.0000,-0.0000,-0.0000) n_face_out=(-0.0000,-0.0000,-0.0000) A_is_ee=0 box_q=(+1.00000,-0.00001,+0.00001,+0.00000) box_p=(+0.00000,+0.00000,+0.04999) ee_p=(+0.04797,-0.08091,+0.04559)
[EErel] along_push=-0.048m (neg=correct)  perp=0.080m  ee_to_box=0.094m  stage=3  obj=[0. 0.]  g_hat=[-1. -0.]
[proxy] err=0.215m  effective=[0.191 0.08  0.05 ]
[ADMM-C3+] primal: 6.1274->4.9359  dual: 109.8105->80.3186  mono=False  iters=25/25  rho=25.0
[ADMM-C3+] WARNING non-converged: pr=4.9359 dr=80.3186 tol=1e-03
[C3+] step=577 |u[0]|=42.23Nm λ_n_max=1.058 η_n_max=1.279 primal=4.936 iters=25/25
[EErel] along_push=-0.048m (neg=correct)  perp=0.080m  ee_to_box=0.094m  stage=3  obj=[0. 0.]  g_hat=[-1. -0.]
[proxy] err=0.215m  effective=[0.191 0.08  0.05 ]
[ADMM-C3+] primal: 6.1274->4.9359  dual: 109.8105->80.3186  mono=False  iters=25/25  rho=25.0
[ADMM-C3+] WARNING non-converged: pr=4.9359 dr=80.3186 tol=1e-03
[C3+] step=582 |u[0]|=34.26Nm λ_n_max=1.058 η_n_max=1.279 primal=4.936 iters=25/25
[CONTACT-RUN] step=130 nhat_BA_W=[+0.000,+0.000,+0.000] p_BCb=[+0.000,+0.000,+0.000] distance=+1.00000 contact_type=NONE
[X-SEQ-PROBE] step=130 x0_box=(+0.00000,+0.00000,+0.04999) x1_box=(-0.01168,-0.00110,+0.02547) x1_box_v=(-0.23502,-0.02352,-0.49050) dt=0.050
[APPROACH-OVERRIDE] step=130 phase=A_lift_trav face_axis=0 face_sign=+1 face_score=+1.000 surf_dist=0.0557m advance=0.0100m target=(+0.1000,+0.0000,+0.1350) p_ee_des=(+0.0520,-0.0744,+0.0516)
[VFF] step=130 mode=c3 alpha=0.000 v_des=(+0.0000,+0.0000,+0.0000) |v_des|=0.0000 sat=0 util_max=0.229@j1
[OSC-FORCE] step=130 mode=c3 lam_des=2.000 lam_ext=2.000
[IMP] step=130 mode=c3 |x_err|=0.0100m |tau_imp|=21.66Nm |tau_ff|=1.04Nm |tau_out|=21.66Nm sat=False lam_n=True lam_t=True
[GS] step=130 mode=c3 switch=kStayInC3 best_k=0 best_src=current curr_cost=134715.29 repos_cost=- best_other=185073.26 met_progress=Y steps_since_improve=1 switches=3
[STEP] step=130 mode=c3 t=1.300s ee=(+0.048,-0.080,+0.045) obj=(+0.000,+0.000,+0.050) goal_dist=0.300m switch=kStayInC3 c3_cost=134715.29 lam_n=0.000 lam_t=0.000 contact=N productive=N f_cmd=(+2.00,+0.00,-0.00)
[GATE-EVOLVE] step=130 curr=134715.29 best_other=185073.26 ratio=0.7279 ee_to_optimal=0.0849m phi=0.0055m
[DRAKE-CONTACT] step=130 n_pairs=1 ee_box_normal=0.000
[GATE-CONTACT] step=130 F_W=(+0.0000,+0.0000,+0.0000) F_on_box=(-0.0000,-0.0000,-0.0000) n_face_out=(-0.0000,-0.0000,-0.0000) A_is_ee=0 box_q=(+1.00000,-0.00001,+0.00001,+0.00000) box_p=(+0.00000,+0.00000,+0.04999) ee_p=(+0.04809,-0.08050,+0.04475)
[EErel] along_push=-0.048m (neg=correct)  perp=0.080m  ee_to_box=0.093m  stage=3  obj=[0. 0.]  g_hat=[-1. -0.]
[proxy] err=0.214m  effective=[0.19 0.08 0.05]
[ADMM-C3+] primal: 6.1274->4.9359  dual: 109.8105->80.3176  mono=False  iters=25/25  rho=25.0
[ADMM-C3+] WARNING non-converged: pr=4.9359 dr=80.3176 tol=1e-03
[C3+] step=583 |u[0]|=40.62Nm λ_n_max=1.058 η_n_max=1.279 primal=4.936 iters=25/25
[EErel] along_push=-0.048m (neg=correct)  perp=0.080m  ee_to_box=0.093m  stage=3  obj=[0. 0.]  g_hat=[-1. -0.]
[proxy] err=0.214m  effective=[0.19 0.08 0.05]
[ADMM-C3+] primal: 6.1274->4.9359  dual: 109.8105->80.3186  mono=False  iters=25/25  rho=25.0
[ADMM-C3+] WARNING non-converged: pr=4.9359 dr=80.3186 tol=1e-03
[C3+] step=588 |u[0]|=33.83Nm λ_n_max=1.058 η_n_max=1.279 primal=4.936 iters=25/25
[CONTACT-RUN] step=131 nhat_BA_W=[+0.000,+0.000,+0.000] p_BCb=[+0.000,+0.000,+0.000] distance=+1.00000 contact_type=NONE
[X-SEQ-PROBE] step=131 x0_box=(+0.00000,+0.00000,+0.04999) x1_box=(-0.01168,-0.00110,+0.02547) x1_box_v=(-0.23502,-0.02352,-0.49050) dt=0.050
[APPROACH-OVERRIDE] step=131 phase=A_lift_trav face_axis=0 face_sign=+1 face_score=+1.000 surf_dist=0.0552m advance=0.0100m target=(+0.1000,+0.0000,+0.1350) p_ee_des=(+0.0522,-0.0739,+0.0514)
[VFF] step=131 mode=c3 alpha=0.000 v_des=(+0.0000,+0.0000,+0.0000) |v_des|=0.0000 sat=0 util_max=0.149@j1
[OSC-FORCE] step=131 mode=c3 lam_des=2.000 lam_ext=2.000
[GS] step=131 mode=c3 switch=kStayInC3 best_k=0 best_src=current curr_cost=134817.79 repos_cost=- best_other=182665.42 met_progress=Y steps_since_improve=2 switches=3
[STEP] step=131 mode=c3 t=1.310s ee=(+0.048,-0.080,+0.044) obj=(+0.000,+0.000,+0.050) goal_dist=0.300m switch=kStayInC3 c3_cost=134817.79 lam_n=0.000 lam_t=0.000 contact=N productive=N f_cmd=(+2.00,+0.00,-0.00)
[GATE-EVOLVE] step=131 curr=134817.79 best_other=182665.42 ratio=0.7381 ee_to_optimal=0.0843m phi=0.0050m
[DRAKE-CONTACT] step=131 n_pairs=1 ee_box_normal=0.000
[GATE-CONTACT] step=131 F_W=(+0.0000,+0.0000,+0.0000) F_on_box=(-0.0000,-0.0000,-0.0000) n_face_out=(-0.0000,-0.0000,-0.0000) A_is_ee=0 box_q=(+1.00000,-0.00001,+0.00001,+0.00000) box_p=(+0.00000,+0.00000,+0.04999) ee_p=(+0.04826,-0.07998,+0.04448)
[EErel] along_push=-0.048m (neg=correct)  perp=0.079m  ee_to_box=0.093m  stage=3  obj=[0. 0.]  g_hat=[-1. -0.]
[proxy] err=0.213m  effective=[0.19  0.079 0.05 ]
[ADMM-C3+] primal: 6.1274->4.9359  dual: 109.8105->80.3191  mono=False  iters=25/25  rho=25.0
[ADMM-C3+] WARNING non-converged: pr=4.9359 dr=80.3191 tol=1e-03
[C3+] step=589 |u[0]|=40.87Nm λ_n_max=1.058 η_n_max=1.279 primal=4.936 iters=25/25
[EErel] along_push=-0.048m (neg=correct)  perp=0.079m  ee_to_box=0.093m  stage=3  obj=[0. 0.]  g_hat=[-1. -0.]
[proxy] err=0.213m  effective=[0.19  0.079 0.05 ]
[ADMM-C3+] primal: 6.1274->4.9359  dual: 109.8105->80.3186  mono=False  iters=25/25  rho=25.0
[ADMM-C3+] WARNING non-converged: pr=4.9359 dr=80.3186 tol=1e-03
[C3+] step=594 |u[0]|=33.36Nm λ_n_max=1.058 η_n_max=1.279 primal=4.936 iters=25/25
[CONTACT-RUN] step=132 nhat_BA_W=[+0.000,+0.000,+0.000] p_BCb=[+0.000,+0.000,+0.000] distance=+1.00000 contact_type=NONE
[X-SEQ-PROBE] step=132 x0_box=(+0.00000,+0.00000,+0.04999) x1_box=(-0.01168,-0.00110,+0.02547) x1_box_v=(-0.23502,-0.02352,-0.49050) dt=0.050
[APPROACH-OVERRIDE] step=132 phase=A_lift_trav face_axis=0 face_sign=+1 face_score=+1.000 surf_dist=0.0546m advance=0.0100m target=(+0.1000,+0.0000,+0.1350) p_ee_des=(+0.0524,-0.0734,+0.0515)
[VFF] step=132 mode=c3 alpha=0.000 v_des=(+0.0000,+0.0000,+0.0000) |v_des|=0.0000 sat=0 util_max=0.097@j1
[OSC-FORCE] step=132 mode=c3 lam_des=2.000 lam_ext=2.000
[GS] step=132 mode=c3 switch=kStayInC3 best_k=0 best_src=current curr_cost=134729.38 repos_cost=- best_other=181092.14 met_progress=Y steps_since_improve=3 switches=3
[STEP] step=132 mode=c3 t=1.320s ee=(+0.048,-0.079,+0.045) obj=(+0.000,+0.000,+0.050) goal_dist=0.300m switch=kStayInC3 c3_cost=134729.38 lam_n=0.000 lam_t=0.000 contact=N productive=N f_cmd=(+2.00,+0.00,-0.00)
[GATE-EVOLVE] step=132 curr=134729.38 best_other=181092.14 ratio=0.7440 ee_to_optimal=0.0837m phi=0.0044m
[DRAKE-CONTACT] step=132 n_pairs=1 ee_box_normal=0.000
[GATE-CONTACT] step=132 F_W=(+0.0000,+0.0000,+0.0000) F_on_box=(-0.0000,-0.0000,-0.0000) n_face_out=(-0.0000,-0.0000,-0.0000) A_is_ee=0 box_q=(+1.00000,-0.00001,+0.00001,+0.00000) box_p=(+0.00000,+0.00000,+0.04999) ee_p=(+0.04845,-0.07942,+0.04457)
[EErel] along_push=-0.049m (neg=correct)  perp=0.079m  ee_to_box=0.093m  stage=3  obj=[0. 0.]  g_hat=[-1. -0.]
[proxy] err=0.211m  effective=[0.189 0.079 0.05 ]
[ADMM-C3+] primal: 6.1274->4.9359  dual: 109.8105->80.3186  mono=False  iters=25/25  rho=25.0
[ADMM-C3+] WARNING non-converged: pr=4.9359 dr=80.3186 tol=1e-03
[C3+] step=595 |u[0]|=41.44Nm λ_n_max=1.058 η_n_max=1.279 primal=4.936 iters=25/25
[EErel] along_push=-0.049m (neg=correct)  perp=0.079m  ee_to_box=0.093m  stage=3  obj=[0. 0.]  g_hat=[-1. -0.]
[proxy] err=0.211m  effective=[0.189 0.079 0.05 ]
[ADMM-C3+] primal: 6.1274->4.9359  dual: 109.8105->80.3186  mono=False  iters=25/25  rho=25.0
[ADMM-C3+] WARNING non-converged: pr=4.9359 dr=80.3186 tol=1e-03
[C3+] step=600 |u[0]|=32.94Nm λ_n_max=1.058 η_n_max=1.279 primal=4.936 iters=25/25
[CONTACT-RUN] step=133 nhat_BA_W=[+0.000,+0.000,+0.000] p_BCb=[+0.000,+0.000,+0.000] distance=+1.00000 contact_type=NONE
[X-SEQ-PROBE] step=133 x0_box=(+0.00000,+0.00000,+0.04999) x1_box=(-0.01168,-0.00110,+0.02547) x1_box_v=(-0.23502,-0.02352,-0.49050) dt=0.050
[APPROACH-OVERRIDE] step=133 phase=A_lift_trav face_axis=0 face_sign=+1 face_score=+1.000 surf_dist=0.0540m advance=0.0100m target=(+0.1000,+0.0000,+0.1350) p_ee_des=(+0.0526,-0.0728,+0.0518)
[VFF] step=133 mode=c3 alpha=0.000 v_des=(+0.0000,+0.0000,+0.0000) |v_des|=0.0000 sat=0 util_max=0.064@j1
[OSC-FORCE] step=133 mode=c3 lam_des=2.000 lam_ext=2.000
[GS] step=133 mode=c3 switch=kStayInC3 best_k=0 best_src=current curr_cost=134642.07 repos_cost=- best_other=180066.36 met_progress=Y steps_since_improve=4 switches=3
[STEP] step=133 mode=c3 t=1.330s ee=(+0.049,-0.079,+0.045) obj=(+0.000,+0.000,+0.050) goal_dist=0.300m switch=kStayInC3 c3_cost=134642.07 lam_n=0.000 lam_t=0.000 contact=N productive=N f_cmd=(+2.00,+0.00,-0.00)
[GATE-EVOLVE] step=133 curr=134642.07 best_other=180066.36 ratio=0.7477 ee_to_optimal=0.0831m phi=0.0038m
[DRAKE-CONTACT] step=133 n_pairs=1 ee_box_normal=0.000
[GATE-CONTACT] step=133 F_W=(+0.0000,+0.0000,+0.0000) F_on_box=(-0.0000,-0.0000,-0.0000) n_face_out=(-0.0000,-0.0000,-0.0000) A_is_ee=0 box_q=(+1.00000,-0.00001,+0.00001,+0.00000) box_p=(+0.00000,+0.00000,+0.04999) ee_p=(+0.04866,-0.07885,+0.04489)
[EErel] along_push=-0.049m (neg=correct)  perp=0.078m  ee_to_box=0.092m  stage=3  obj=[0. 0.]  g_hat=[-1. -0.]
[proxy] err=0.210m  effective=[0.188 0.078 0.05 ]
[ADMM-C3+] primal: 6.1274->4.9359  dual: 109.8105->80.3186  mono=False  iters=25/25  rho=25.0
[ADMM-C3+] WARNING non-converged: pr=4.9359 dr=80.3186 tol=1e-03
[C3+] step=601 |u[0]|=41.22Nm λ_n_max=1.058 η_n_max=1.279 primal=4.936 iters=25/25
[EErel] along_push=-0.049m (neg=correct)  perp=0.078m  ee_to_box=0.092m  stage=3  obj=[0. 0.]  g_hat=[-1. -0.]
[proxy] err=0.210m  effective=[0.188 0.078 0.05 ]
[ADMM-C3+] primal: 6.1274->4.9359  dual: 109.8105->80.3186  mono=False  iters=25/25  rho=25.0
[ADMM-C3+] WARNING non-converged: pr=4.9359 dr=80.3186 tol=1e-03
[C3+] step=606 |u[0]|=32.64Nm λ_n_max=1.058 η_n_max=1.279 primal=4.936 iters=25/25
[CONTACT-RUN] step=134 nhat_BA_W=[+0.000,+0.000,+0.000] p_BCb=[+0.000,+0.000,+0.000] distance=+1.00000 contact_type=NONE
[X-SEQ-PROBE] step=134 x0_box=(+0.00000,+0.00000,+0.04999) x1_box=(-0.01168,-0.00110,+0.02547) x1_box_v=(-0.23502,-0.02352,-0.49050) dt=0.050
[APPROACH-OVERRIDE] step=134 phase=A_lift_trav face_axis=0 face_sign=+1 face_score=+1.000 surf_dist=0.0534m advance=0.0100m target=(+0.1000,+0.0000,+0.1350) p_ee_des=(+0.0528,-0.0722,+0.0523)
[VFF] step=134 mode=c3 alpha=0.000 v_des=(+0.0000,+0.0000,+0.0000) |v_des|=0.0000 sat=0 util_max=0.042@j1
[OSC-FORCE] step=134 mode=c3 lam_des=2.000 lam_ext=2.000
[GS] step=134 mode=c3 switch=kStayInC3 best_k=0 best_src=current curr_cost=134622.96 repos_cost=- best_other=179390.91 met_progress=Y steps_since_improve=5 switches=3
[STEP] step=134 mode=c3 t=1.340s ee=(+0.049,-0.078,+0.045) obj=(+0.000,+0.000,+0.050) goal_dist=0.300m switch=kStayInC3 c3_cost=134622.96 lam_n=0.000 lam_t=0.000 contact=N productive=N f_cmd=(+2.00,+0.00,-0.00)
[GATE-EVOLVE] step=134 curr=134622.96 best_other=179390.91 ratio=0.7504 ee_to_optimal=0.0825m phi=0.0033m
[DRAKE-CONTACT] step=134 n_pairs=1 ee_box_normal=0.000
[GATE-CONTACT] step=134 F_W=(+0.0000,+0.0000,+0.0000) F_on_box=(-0.0000,-0.0000,-0.0000) n_face_out=(-0.0000,-0.0000,-0.0000) A_is_ee=0 box_q=(+1.00000,-0.00001,+0.00001,+0.00000) box_p=(+0.00000,+0.00000,+0.04999) ee_p=(+0.04888,-0.07827,+0.04536)
[EErel] along_push=-0.049m (neg=correct)  perp=0.078m  ee_to_box=0.092m  stage=3  obj=[0. 0.]  g_hat=[-1. -0.]
[proxy] err=0.208m  effective=[0.188 0.078 0.05 ]
[ADMM-C3+] primal: 6.1274->4.9359  dual: 109.8105->80.3186  mono=False  iters=25/25  rho=25.0
[ADMM-C3+] WARNING non-converged: pr=4.9359 dr=80.3186 tol=1e-03
[C3+] step=607 |u[0]|=40.78Nm λ_n_max=1.058 η_n_max=1.279 primal=4.936 iters=25/25
[EErel] along_push=-0.049m (neg=correct)  perp=0.078m  ee_to_box=0.092m  stage=3  obj=[0. 0.]  g_hat=[-1. -0.]
[proxy] err=0.208m  effective=[0.188 0.078 0.05 ]
[ADMM-C3+] primal: 6.1274->4.9359  dual: 109.8105->80.3186  mono=False  iters=25/25  rho=25.0
[ADMM-C3+] WARNING non-converged: pr=4.9359 dr=80.3186 tol=1e-03
[C3+] step=612 |u[0]|=32.52Nm λ_n_max=1.058 η_n_max=1.279 primal=4.936 iters=25/25
[CONTACT-RUN] step=135 nhat_BA_W=[+0.000,+0.000,+0.000] p_BCb=[+0.000,+0.000,+0.000] distance=+1.00000 contact_type=NONE
[X-SEQ-PROBE] step=135 x0_box=(+0.00000,+0.00000,+0.04999) x1_box=(-0.01168,-0.00110,+0.02547) x1_box_v=(-0.23502,-0.02352,-0.49050) dt=0.050
[APPROACH-OVERRIDE] step=135 phase=A_lift_trav face_axis=0 face_sign=+1 face_score=+1.000 surf_dist=0.0528m advance=0.0100m target=(+0.1000,+0.0000,+0.1350) p_ee_des=(+0.0531,-0.0717,+0.0528)
[VFF] step=135 mode=c3 alpha=0.000 v_des=(+0.0000,+0.0000,+0.0000) |v_des|=0.0000 sat=0 util_max=0.028@j1
[OSC-FORCE] step=135 mode=c3 lam_des=2.000 lam_ext=2.000
[GS] step=135 mode=c3 switch=kStayInC3 best_k=0 best_src=current curr_cost=134624.76 repos_cost=- best_other=178940.83 met_progress=Y steps_since_improve=6 switches=3
[STEP] step=135 mode=c3 t=1.350s ee=(+0.049,-0.078,+0.046) obj=(+0.000,+0.000,+0.050) goal_dist=0.300m switch=kStayInC3 c3_cost=134624.76 lam_n=0.000 lam_t=0.000 contact=N productive=N f_cmd=(+2.00,+0.00,-0.00)
[GATE-EVOLVE] step=135 curr=134624.76 best_other=178940.83 ratio=0.7523 ee_to_optimal=0.0819m phi=0.0027m
[DRAKE-CONTACT] step=135 n_pairs=1 ee_box_normal=0.000
[GATE-CONTACT] step=135 F_W=(+0.0000,+0.0000,+0.0000) F_on_box=(-0.0000,-0.0000,-0.0000) n_face_out=(-0.0000,-0.0000,-0.0000) A_is_ee=0 box_q=(+1.00000,-0.00001,+0.00001,+0.00000) box_p=(+0.00000,+0.00000,+0.04999) ee_p=(+0.04911,-0.07770,+0.04592)
[EErel] along_push=-0.049m (neg=correct)  perp=0.077m  ee_to_box=0.092m  stage=3  obj=[0. 0.]  g_hat=[-1. -0.]
[proxy] err=0.207m  effective=[0.187 0.077 0.05 ]
[ADMM-C3+] primal: 6.1274->4.9359  dual: 109.8105->80.3186  mono=False  iters=25/25  rho=25.0
[ADMM-C3+] WARNING non-converged: pr=4.9359 dr=80.3186 tol=1e-03
[C3+] step=613 |u[0]|=40.45Nm λ_n_max=1.058 η_n_max=1.279 primal=4.936 iters=25/25
[EErel] along_push=-0.049m (neg=correct)  perp=0.077m  ee_to_box=0.092m  stage=3  obj=[0. 0.]  g_hat=[-1. -0.]
[proxy] err=0.207m  effective=[0.187 0.077 0.05 ]
[ADMM-C3+] primal: 6.1274->4.9359  dual: 109.8105->80.3186  mono=False  iters=25/25  rho=25.0
[ADMM-C3+] WARNING non-converged: pr=4.9359 dr=80.3186 tol=1e-03
[C3+] step=618 |u[0]|=32.39Nm λ_n_max=1.058 η_n_max=1.279 primal=4.936 iters=25/25
[CONTACT-RUN] step=136 nhat_BA_W=[+0.000,+0.000,+0.000] p_BCb=[+0.000,+0.000,+0.000] distance=+1.00000 contact_type=NONE
[X-SEQ-PROBE] step=136 x0_box=(+0.00000,+0.00000,+0.04999) x1_box=(-0.01168,-0.00110,+0.02547) x1_box_v=(-0.23502,-0.02352,-0.49050) dt=0.050
[APPROACH-OVERRIDE] step=136 phase=A_lift_trav face_axis=0 face_sign=+1 face_score=+1.000 surf_dist=0.0522m advance=0.0100m target=(+0.1000,+0.0000,+0.1350) p_ee_des=(+0.0533,-0.0711,+0.0535)
[VFF] step=136 mode=c3 alpha=0.000 v_des=(+0.0000,+0.0000,+0.0000) |v_des|=0.0000 sat=0 util_max=0.019@j1
[OSC-FORCE] step=136 mode=c3 lam_des=2.000 lam_ext=2.000
[GS] step=136 mode=c3 switch=kStayInC3 best_k=0 best_src=current curr_cost=134622.09 repos_cost=- best_other=178636.74 met_progress=Y steps_since_improve=7 switches=3
[STEP] step=136 mode=c3 t=1.360s ee=(+0.049,-0.077,+0.047) obj=(+0.000,+0.000,+0.050) goal_dist=0.300m switch=kStayInC3 c3_cost=134622.09 lam_n=0.000 lam_t=0.000 contact=N productive=N f_cmd=(+2.00,+0.00,-0.00)
[GATE-EVOLVE] step=136 curr=134622.09 best_other=178636.74 ratio=0.7536 ee_to_optimal=0.0813m phi=0.0021m
[DRAKE-CONTACT] step=136 n_pairs=1 ee_box_normal=0.000
[GATE-CONTACT] step=136 F_W=(+0.0000,+0.0000,+0.0000) F_on_box=(-0.0000,-0.0000,-0.0000) n_face_out=(-0.0000,-0.0000,-0.0000) A_is_ee=0 box_q=(+1.00000,-0.00001,+0.00001,+0.00000) box_p=(+0.00000,+0.00000,+0.04999) ee_p=(+0.04934,-0.07713,+0.04654)
[EErel] along_push=-0.050m (neg=correct)  perp=0.077m  ee_to_box=0.091m  stage=3  obj=[0. 0.]  g_hat=[-1. -0.]
[proxy] err=0.206m  effective=[0.187 0.077 0.05 ]
[ADMM-C3+] primal: 11.1899->9.4826  dual: 788.2199->375.8561  mono=False  iters=25/25  rho=25.0
[ADMM-C3+] WARNING non-converged: pr=9.4826 dr=375.8561 tol=1e-03
[C3+] step=619 |u[0]|=38.55Nm λ_n_max=0.682 η_n_max=1.361 primal=9.483 iters=25/25
[EErel] along_push=-0.050m (neg=correct)  perp=0.077m  ee_to_box=0.091m  stage=3  obj=[0. 0.]  g_hat=[-1. -0.]
[proxy] err=0.206m  effective=[0.187 0.077 0.05 ]
[ADMM-C3+] primal: 11.2189->10.6998  dual: 984.1440->364.2820  mono=False  iters=25/25  rho=25.0
[ADMM-C3+] WARNING non-converged: pr=10.6998 dr=364.2820 tol=1e-03
[C3+] step=624 |u[0]|=35.60Nm λ_n_max=1.161 η_n_max=3.315 primal=10.700 iters=25/25
[CONTACT-RUN] step=137 nhat_BA_W=[+0.000,-1.000,+0.000] p_BCb=[+0.050,-0.050,-0.003] distance=+0.00156 contact_type=EE-BOX
[X-SEQ-PROBE] step=137 x0_box=(+0.00000,+0.00000,+0.04999) x1_box=(-0.03693,+0.00015,+0.02547) x1_box_v=(-0.74019,+0.00146,-0.49050) dt=0.050
[VFF] step=137 mode=c3 alpha=0.000 v_des=(+0.0000,+0.0000,+0.0000) |v_des|=0.0000 sat=0 util_max=0.246@j3
[OSC-FORCE] step=137 mode=c3 lam_des=2.000 lam_ext=2.000
[GS] step=137 mode=c3 switch=kStayInC3 best_k=0 best_src=current curr_cost=37790.00 repos_cost=- best_other=178427.98 met_progress=Y steps_since_improve=8 switches=3
[STEP] step=137 mode=c3 t=1.370s ee=(+0.050,-0.077,+0.047) obj=(+0.000,+0.000,+0.050) goal_dist=0.300m switch=kStayInC3 c3_cost=37790.00 lam_n=0.000 lam_t=0.000 contact=Y productive=N f_cmd=(+2.00,+0.00,-0.00)
[GATE-EVOLVE] step=137 curr=37790.00 best_other=178427.98 ratio=0.2118 ee_to_optimal=0.0807m phi=0.0016m
[DRAKE-CONTACT] step=137 n_pairs=1 ee_box_normal=0.000
[GATE-CONTACT] step=137 F_W=(+0.0000,+0.0000,+0.0000) F_on_box=(-0.0000,-0.0000,-0.0000) n_face_out=(-0.0000,-0.0000,-0.0000) A_is_ee=0 box_q=(+1.00000,-0.00001,+0.00001,+0.00000) box_p=(+0.00000,+0.00000,+0.04999) ee_p=(+0.04958,-0.07656,+0.04720)
[EErel] along_push=-0.050m (neg=correct)  perp=0.076m  ee_to_box=0.091m  stage=3  obj=[0. 0.]  g_hat=[-1. -0.]
[proxy] err=0.205m  effective=[0.187 0.076 0.05 ]
[ADMM-C3+] primal: 11.1698->9.6186  dual: 787.3321->362.7564  mono=False  iters=25/25  rho=25.0
[ADMM-C3+] WARNING non-converged: pr=9.6186 dr=362.7564 tol=1e-03
[C3+] step=625 |u[0]|=40.05Nm λ_n_max=0.710 η_n_max=1.366 primal=9.619 iters=25/25
[EErel] along_push=-0.050m (neg=correct)  perp=0.076m  ee_to_box=0.091m  stage=3  obj=[0. 0.]  g_hat=[-1. -0.]
[proxy] err=0.205m  effective=[0.187 0.076 0.05 ]
[ADMM-C3+] primal: 10.7014->9.6713  dual: 918.2795->357.7344  mono=False  iters=25/25  rho=25.0
[ADMM-C3+] WARNING non-converged: pr=9.6713 dr=357.7344 tol=1e-03
[C3+] step=630 |u[0]|=34.39Nm λ_n_max=0.887 η_n_max=3.223 primal=9.671 iters=25/25
[CONTACT-RUN] step=138 nhat_BA_W=[+0.000,-1.000,+0.000] p_BCb=[+0.050,-0.050,-0.002] distance=+0.00149 contact_type=EE-BOX
[X-SEQ-PROBE] step=138 x0_box=(+0.00000,+0.00000,+0.04999) x1_box=(-0.03642,+0.00014,+0.02547) x1_box_v=(-0.72996,+0.00138,-0.49052) dt=0.050
[VFF] step=138 mode=c3 alpha=0.000 v_des=(+0.0000,+0.0000,+0.0000) |v_des|=0.0000 sat=0 util_max=0.224@j3
[OSC-FORCE] step=138 mode=c3 lam_des=2.000 lam_ext=2.000
[GS] step=138 mode=c3 switch=kStayInC3 best_k=0 best_src=current curr_cost=37753.41 repos_cost=- best_other=179733.17 met_progress=Y steps_since_improve=9 switches=3
[STEP] step=138 mode=c3 t=1.380s ee=(+0.050,-0.076,+0.048) obj=(+0.000,+0.000,+0.050) goal_dist=0.300m switch=kStayInC3 c3_cost=37753.41 lam_n=0.000 lam_t=0.000 contact=Y productive=N f_cmd=(+2.00,+0.00,-0.00)
[GATE-EVOLVE] step=138 curr=37753.41 best_other=179733.17 ratio=0.2101 ee_to_optimal=0.0806m phi=0.0015m
[DRAKE-CONTACT] step=138 n_pairs=1 ee_box_normal=0.000
[GATE-CONTACT] step=138 F_W=(+0.0000,+0.0000,+0.0000) F_on_box=(-0.0000,-0.0000,-0.0000) n_face_out=(-0.0000,-0.0000,-0.0000) A_is_ee=0 box_q=(+1.00000,-0.00001,+0.00001,+0.00000) box_p=(+0.00000,+0.00000,+0.04999) ee_p=(+0.04951,-0.07649,+0.04769)
[EErel] along_push=-0.049m (neg=correct)  perp=0.077m  ee_to_box=0.092m  stage=3  obj=[0. 0.]  g_hat=[-1. -0.]
[proxy] err=0.207m  effective=[0.187 0.077 0.05 ]
[ADMM-C3+] primal: 6.1274->4.9359  dual: 109.8105->80.3182  mono=False  iters=25/25  rho=25.0
[ADMM-C3+] WARNING non-converged: pr=4.9359 dr=80.3182 tol=1e-03
[C3+] step=631 |u[0]|=43.24Nm λ_n_max=1.059 η_n_max=1.279 primal=4.936 iters=25/25
[EErel] along_push=-0.049m (neg=correct)  perp=0.077m  ee_to_box=0.092m  stage=3  obj=[0. 0.]  g_hat=[-1. -0.]
[proxy] err=0.207m  effective=[0.187 0.077 0.05 ]
[ADMM-C3+] primal: 6.1274->4.9359  dual: 109.8105->80.3186  mono=False  iters=25/25  rho=25.0
[ADMM-C3+] WARNING non-converged: pr=4.9359 dr=80.3186 tol=1e-03
[C3+] step=636 |u[0]|=33.74Nm λ_n_max=1.058 η_n_max=1.279 primal=4.936 iters=25/25
[CONTACT-RUN] step=139 nhat_BA_W=[+0.000,+0.000,+0.000] p_BCb=[+0.000,+0.000,+0.000] distance=+1.00000 contact_type=NONE
[X-SEQ-PROBE] step=139 x0_box=(+0.00000,+0.00000,+0.04999) x1_box=(-0.01168,-0.00110,+0.02547) x1_box_v=(-0.23502,-0.02352,-0.49050) dt=0.050
[APPROACH-OVERRIDE] step=139 phase=A_lift_trav face_axis=0 face_sign=+1 face_score=+1.000 surf_dist=0.0523m advance=0.0100m target=(+0.1000,+0.0000,+0.1350) p_ee_des=(+0.0530,-0.0712,+0.0547)
[VFF] step=139 mode=c3 alpha=0.000 v_des=(+0.0000,+0.0000,+0.0000) |v_des|=0.0000 sat=0 util_max=0.179@j3
[OSC-FORCE] step=139 mode=c3 lam_des=2.000 lam_ext=2.000
[GS] step=139 mode=c3 switch=kStayInC3 best_k=0 best_src=current curr_cost=134706.34 repos_cost=- best_other=180886.31 met_progress=Y steps_since_improve=10 switches=3
[STEP] step=139 mode=c3 t=1.390s ee=(+0.049,-0.077,+0.048) obj=(+0.000,+0.000,+0.050) goal_dist=0.300m switch=kStayInC3 c3_cost=134706.34 lam_n=0.000 lam_t=0.000 contact=N productive=N f_cmd=(+2.00,+0.00,-0.00)
[GATE-EVOLVE] step=139 curr=134706.34 best_other=180886.31 ratio=0.7447 ee_to_optimal=0.0815m phi=0.0023m
[DRAKE-CONTACT] step=139 n_pairs=1 ee_box_normal=0.000
[GATE-CONTACT] step=139 F_W=(+0.0000,+0.0000,+0.0000) F_on_box=(-0.0000,-0.0000,-0.0000) n_face_out=(-0.0000,-0.0000,-0.0000) A_is_ee=0 box_q=(+1.00000,-0.00001,+0.00001,+0.00000) box_p=(+0.00000,+0.00000,+0.04999) ee_p=(+0.04901,-0.07729,+0.04780)
[EErel] along_push=-0.049m (neg=correct)  perp=0.078m  ee_to_box=0.092m  stage=3  obj=[0. 0.]  g_hat=[-1. -0.]
[proxy] err=0.209m  effective=[0.188 0.078 0.05 ]
[ADMM-C3+] primal: 6.1274->4.9359  dual: 109.8105->80.3186  mono=False  iters=25/25  rho=25.0
[ADMM-C3+] WARNING non-converged: pr=4.9359 dr=80.3186 tol=1e-03
[C3+] step=637 |u[0]|=42.75Nm λ_n_max=1.058 η_n_max=1.279 primal=4.936 iters=25/25
[EErel] along_push=-0.049m (neg=correct)  perp=0.078m  ee_to_box=0.092m  stage=3  obj=[0. 0.]  g_hat=[-1. -0.]
[proxy] err=0.209m  effective=[0.188 0.078 0.05 ]
[ADMM-C3+] primal: 6.1274->4.9359  dual: 109.8105->80.3186  mono=False  iters=25/25  rho=25.0
[ADMM-C3+] WARNING non-converged: pr=4.9359 dr=80.3186 tol=1e-03
[C3+] step=642 |u[0]|=33.12Nm λ_n_max=1.058 η_n_max=1.279 primal=4.936 iters=25/25
[CONTACT-RUN] step=140 nhat_BA_W=[+0.000,+0.000,+0.000] p_BCb=[+0.000,+0.000,+0.000] distance=+1.00000 contact_type=NONE
[X-SEQ-PROBE] step=140 x0_box=(+0.00000,+0.00000,+0.04999) x1_box=(-0.01168,-0.00110,+0.02547) x1_box_v=(-0.23502,-0.02352,-0.49050) dt=0.050
[APPROACH-OVERRIDE] step=140 phase=A_lift_trav face_axis=0 face_sign=+1 face_score=+1.000 surf_dist=0.0532m advance=0.0100m target=(+0.1000,+0.0000,+0.1350) p_ee_des=(+0.0526,-0.0720,+0.0547)
[VFF] step=140 mode=c3 alpha=0.000 v_des=(+0.0000,+0.0000,+0.0000) |v_des|=0.0000 sat=0 util_max=0.112@j3
[OSC-FORCE] step=140 mode=c3 lam_des=2.000 lam_ext=2.000
[IMP] step=140 mode=c3 |x_err|=0.0100m |tau_imp|=10.32Nm |tau_ff|=1.04Nm |tau_out|=10.32Nm sat=False lam_n=True lam_t=True
[GS] step=140 mode=c3 switch=kStayInC3 best_k=0 best_src=current curr_cost=134659.07 repos_cost=- best_other=179583.62 met_progress=Y steps_since_improve=11 switches=3
[STEP] step=140 mode=c3 t=1.400s ee=(+0.049,-0.078,+0.048) obj=(+0.000,+0.000,+0.050) goal_dist=0.300m switch=kStayInC3 c3_cost=134659.07 lam_n=0.000 lam_t=0.000 contact=N productive=N f_cmd=(+2.00,+0.00,-0.00)
[GATE-EVOLVE] step=140 curr=134659.07 best_other=179583.62 ratio=0.7498 ee_to_optimal=0.0825m phi=0.0031m
[GS-table] step=140
  k=0 (current   ) pos=(+0.049,-0.078,+0.048) c_C3= 134659.07 align=0.0000(bonus=    0.00) rot=+0.0000(bonus=    0.00) travel=0.000m(pen=  0.00) c_sample= 134659.07 feas=Y ik_err=0.0000m  ← WIN
  k=1 (strat_0   ) pos=(-0.080,-0.017,+0.030) c_C3= 207076.09 align=0.0000(bonus=    0.00) rot=+0.0000(bonus=    0.00) travel=0.144m(pen= 28.73) c_sample= 207104.82 feas=Y ik_err=0.0010m
  k=2 (strat_1   ) pos=(-0.037,-0.080,+0.030) c_C3= 196341.83 align=0.0000(bonus=    0.00) rot=+0.0000(bonus=    0.00) travel=0.087m(pen= 17.42) c_sample= 196359.25 feas=Y ik_err=0.0003m
  k=3 (strat_2   ) pos=(+0.001,+0.080,+0.030) c_C3= 235679.90 align=0.0000(bonus=    0.15) rot=+0.0000(bonus=    0.00) travel=0.166m(pen= 33.24) c_sample= 235712.99 feas=Y ik_err=0.0001m
  k=4 (buffer    ) pos=(+0.080,+0.004,+0.030) c_C3= 209565.65 align=1.0000(bonus=30000.00) rot=+0.0000(bonus=    0.00) travel=0.090m(pen= 17.97) c_sample= 179583.62 feas=Y ik_err=0.0004m
[DRAKE-CONTACT] step=140 n_pairs=1 ee_box_normal=0.000
[GATE-CONTACT] step=140 F_W=(+0.0000,+0.0000,+0.0000) F_on_box=(-0.0000,-0.0000,-0.0000) n_face_out=(-0.0000,-0.0000,-0.0000) A_is_ee=0 box_q=(+1.00000,-0.00001,+0.00001,+0.00000) box_p=(+0.00000,+0.00000,+0.04999) ee_p=(+0.04855,-0.07813,+0.04792)
[EErel] along_push=-0.048m (neg=correct)  perp=0.078m  ee_to_box=0.092m  stage=3  obj=[0. 0.]  g_hat=[-1. -0.]
[proxy] err=0.210m  effective=[0.188 0.078 0.05 ]
[ADMM-C3+] primal: 6.1274->4.9359  dual: 109.8105->80.3186  mono=False  iters=25/25  rho=25.0
[ADMM-C3+] WARNING non-converged: pr=4.9359 dr=80.3186 tol=1e-03
[C3+] step=643 |u[0]|=41.95Nm λ_n_max=1.058 η_n_max=1.279 primal=4.936 iters=25/25
[EErel] along_push=-0.048m (neg=correct)  perp=0.078m  ee_to_box=0.092m  stage=3  obj=[0. 0.]  g_hat=[-1. -0.]
[proxy] err=0.210m  effective=[0.188 0.078 0.05 ]
[ADMM-C3+] primal: 6.1274->4.9359  dual: 109.8105->80.3186  mono=False  iters=25/25  rho=25.0
[ADMM-C3+] WARNING non-converged: pr=4.9359 dr=80.3186 tol=1e-03
[C3+] step=648 |u[0]|=33.07Nm λ_n_max=1.058 η_n_max=1.279 primal=4.936 iters=25/25
[CONTACT-RUN] step=141 nhat_BA_W=[+0.000,+0.000,+0.000] p_BCb=[+0.000,+0.000,+0.000] distance=+1.00000 contact_type=NONE
[X-SEQ-PROBE] step=141 x0_box=(+0.00000,+0.00000,+0.04999) x1_box=(-0.01168,-0.00110,+0.02547) x1_box_v=(-0.23502,-0.02352,-0.49050) dt=0.050
[APPROACH-OVERRIDE] step=141 phase=A_lift_trav face_axis=0 face_sign=+1 face_score=+1.000 surf_dist=0.0535m advance=0.0100m target=(+0.1000,+0.0000,+0.1350) p_ee_des=(+0.0524,-0.0723,+0.0551)
[VFF] step=141 mode=c3 alpha=0.000 v_des=(+0.0000,+0.0000,+0.0000) |v_des|=0.0000 sat=0 util_max=0.070@j3
[OSC-FORCE] step=141 mode=c3 lam_des=2.000 lam_ext=2.000
[GS] step=141 mode=c3 switch=kStayInC3 best_k=0 best_src=current curr_cost=134658.49 repos_cost=- best_other=178859.39 met_progress=Y steps_since_improve=12 switches=3
[STEP] step=141 mode=c3 t=1.410s ee=(+0.048,-0.078,+0.048) obj=(+0.000,+0.000,+0.050) goal_dist=0.300m switch=kStayInC3 c3_cost=134658.49 lam_n=0.000 lam_t=0.000 contact=N productive=N f_cmd=(+2.00,+0.00,-0.00)
[GATE-EVOLVE] step=141 curr=134658.49 best_other=178859.39 ratio=0.7529 ee_to_optimal=0.0828m phi=0.0034m
[DRAKE-CONTACT] step=141 n_pairs=1 ee_box_normal=0.000
[GATE-CONTACT] step=141 F_W=(+0.0000,+0.0000,+0.0000) F_on_box=(-0.0000,-0.0000,-0.0000) n_face_out=(-0.0000,-0.0000,-0.0000) A_is_ee=0 box_q=(+1.00000,-0.00001,+0.00001,+0.00000) box_p=(+0.00000,+0.00000,+0.04999) ee_p=(+0.04837,-0.07844,+0.04830)
[EErel] along_push=-0.048m (neg=correct)  perp=0.078m  ee_to_box=0.092m  stage=3  obj=[0. 0.]  g_hat=[-1. -0.]
[proxy] err=0.210m  effective=[0.188 0.078 0.05 ]
[ADMM-C3+] primal: 6.1274->4.9359  dual: 109.8105->80.3186  mono=False  iters=25/25  rho=25.0
[ADMM-C3+] WARNING non-converged: pr=4.9359 dr=80.3186 tol=1e-03
[C3+] step=649 |u[0]|=41.27Nm λ_n_max=1.058 η_n_max=1.279 primal=4.936 iters=25/25
[EErel] along_push=-0.048m (neg=correct)  perp=0.078m  ee_to_box=0.092m  stage=3  obj=[0. 0.]  g_hat=[-1. -0.]
[proxy] err=0.210m  effective=[0.188 0.078 0.05 ]
[ADMM-C3+] primal: 6.1274->4.9359  dual: 109.8105->80.3186  mono=False  iters=25/25  rho=25.0
[ADMM-C3+] WARNING non-converged: pr=4.9359 dr=80.3186 tol=1e-03
[C3+] step=654 |u[0]|=32.69Nm λ_n_max=1.058 η_n_max=1.279 primal=4.936 iters=25/25
[CONTACT-RUN] step=142 nhat_BA_W=[+0.000,+0.000,+0.000] p_BCb=[+0.000,+0.000,+0.000] distance=+1.00000 contact_type=NONE
[X-SEQ-PROBE] step=142 x0_box=(+0.00000,+0.00000,+0.04999) x1_box=(-0.01168,-0.00110,+0.02547) x1_box_v=(-0.23502,-0.02352,-0.49050) dt=0.050
[APPROACH-OVERRIDE] step=142 phase=A_lift_trav face_axis=0 face_sign=+1 face_score=+1.000 surf_dist=0.0534m advance=0.0100m target=(+0.1000,+0.0000,+0.1350) p_ee_des=(+0.0524,-0.0723,+0.0556)
[VFF] step=142 mode=c3 alpha=0.000 v_des=(+0.0000,+0.0000,+0.0000) |v_des|=0.0000 sat=0 util_max=0.044@j3
[OSC-FORCE] step=142 mode=c3 lam_des=2.000 lam_ext=2.000
[GS] step=142 mode=c3 switch=kStayInC3 best_k=0 best_src=current curr_cost=134663.52 repos_cost=- best_other=178418.34 met_progress=Y steps_since_improve=13 switches=3
[STEP] step=142 mode=c3 t=1.420s ee=(+0.048,-0.078,+0.049) obj=(+0.000,+0.000,+0.050) goal_dist=0.300m switch=kStayInC3 c3_cost=134663.52 lam_n=0.000 lam_t=0.000 contact=N productive=N f_cmd=(+2.00,+0.00,-0.00)
[GATE-EVOLVE] step=142 curr=134663.52 best_other=178418.34 ratio=0.7548 ee_to_optimal=0.0828m phi=0.0034m
[DRAKE-CONTACT] step=142 n_pairs=1 ee_box_normal=0.000
[GATE-CONTACT] step=142 F_W=(+0.0000,+0.0000,+0.0000) F_on_box=(-0.0000,-0.0000,-0.0000) n_face_out=(-0.0000,-0.0000,-0.0000) A_is_ee=0 box_q=(+1.00000,-0.00001,+0.00001,+0.00000) box_p=(+0.00000,+0.00000,+0.04999) ee_p=(+0.04836,-0.07842,+0.04882)
[EErel] along_push=-0.048m (neg=correct)  perp=0.078m  ee_to_box=0.092m  stage=3  obj=[0. 0.]  g_hat=[-1. -0.]
[proxy] err=0.210m  effective=[0.188 0.078 0.05 ]
[ADMM-C3+] primal: 6.1274->4.9359  dual: 109.8105->80.3186  mono=False  iters=25/25  rho=25.0
[ADMM-C3+] WARNING non-converged: pr=4.9359 dr=80.3186 tol=1e-03
[C3+] step=655 |u[0]|=41.07Nm λ_n_max=1.058 η_n_max=1.279 primal=4.936 iters=25/25
[EErel] along_push=-0.048m (neg=correct)  perp=0.078m  ee_to_box=0.092m  stage=3  obj=[0. 0.]  g_hat=[-1. -0.]
[proxy] err=0.210m  effective=[0.188 0.078 0.05 ]
[ADMM-C3+] primal: 6.1274->4.9359  dual: 109.8105->80.3186  mono=False  iters=25/25  rho=25.0
[ADMM-C3+] WARNING non-converged: pr=4.9359 dr=80.3186 tol=1e-03
[C3+] step=660 |u[0]|=32.70Nm λ_n_max=1.058 η_n_max=1.279 primal=4.936 iters=25/25
[CONTACT-RUN] step=143 nhat_BA_W=[+0.000,+0.000,+0.000] p_BCb=[+0.000,+0.000,+0.000] distance=+1.00000 contact_type=NONE
[X-SEQ-PROBE] step=143 x0_box=(+0.00000,+0.00000,+0.04999) x1_box=(-0.01168,-0.00110,+0.02547) x1_box_v=(-0.23502,-0.02352,-0.49050) dt=0.050
[APPROACH-OVERRIDE] step=143 phase=A_lift_trav face_axis=0 face_sign=+1 face_score=+1.000 surf_dist=0.0532m advance=0.0100m target=(+0.1000,+0.0000,+0.1350) p_ee_des=(+0.0525,-0.0720,+0.0562)
[VFF] step=143 mode=c3 alpha=0.000 v_des=(+0.0000,+0.0000,+0.0000) |v_des|=0.0000 sat=0 util_max=0.028@j3
[OSC-FORCE] step=143 mode=c3 lam_des=2.000 lam_ext=2.000
[GS] step=143 mode=c3 switch=kStayInC3 best_k=0 best_src=current curr_cost=134640.78 repos_cost=- best_other=178160.96 met_progress=Y steps_since_improve=14 switches=3
[STEP] step=143 mode=c3 t=1.430s ee=(+0.048,-0.078,+0.049) obj=(+0.000,+0.000,+0.050) goal_dist=0.300m switch=kStayInC3 c3_cost=134640.78 lam_n=0.000 lam_t=0.000 contact=N productive=N f_cmd=(+2.00,+0.00,-0.00)
[GATE-EVOLVE] step=143 curr=134640.78 best_other=178160.96 ratio=0.7557 ee_to_optimal=0.0826m phi=0.0032m
[DRAKE-CONTACT] step=143 n_pairs=1 ee_box_normal=0.000
[GATE-CONTACT] step=143 F_W=(+0.0000,+0.0000,+0.0000) F_on_box=(-0.0000,-0.0000,-0.0000) n_face_out=(-0.0000,-0.0000,-0.0000) A_is_ee=0 box_q=(+1.00000,-0.00001,+0.00001,+0.00000) box_p=(+0.00000,+0.00000,+0.04999) ee_p=(+0.04846,-0.07820,+0.04943)
[EErel] along_push=-0.049m (neg=correct)  perp=0.078m  ee_to_box=0.092m  stage=3  obj=[0. 0.]  g_hat=[-1. -0.]
[proxy] err=0.209m  effective=[0.188 0.078 0.05 ]
[ADMM-C3+] primal: 6.1274->4.9359  dual: 109.8105->80.3186  mono=False  iters=25/25  rho=25.0
[ADMM-C3+] WARNING non-converged: pr=4.9359 dr=80.3186 tol=1e-03
[C3+] step=661 |u[0]|=40.33Nm λ_n_max=1.058 η_n_max=1.279 primal=4.936 iters=25/25
[EErel] along_push=-0.049m (neg=correct)  perp=0.078m  ee_to_box=0.092m  stage=3  obj=[0. 0.]  g_hat=[-1. -0.]
[proxy] err=0.209m  effective=[0.188 0.078 0.05 ]
[ADMM-C3+] primal: 6.1274->4.9359  dual: 109.8105->80.3186  mono=False  iters=25/25  rho=25.0
[ADMM-C3+] WARNING non-converged: pr=4.9359 dr=80.3186 tol=1e-03
[C3+] step=666 |u[0]|=32.58Nm λ_n_max=1.058 η_n_max=1.279 primal=4.936 iters=25/25
[CONTACT-RUN] step=144 nhat_BA_W=[+0.000,+0.000,+0.000] p_BCb=[+0.000,+0.000,+0.000] distance=+1.00000 contact_type=NONE
[X-SEQ-PROBE] step=144 x0_box=(+0.00000,+0.00000,+0.04999) x1_box=(-0.01168,-0.00110,+0.02547) x1_box_v=(-0.23502,-0.02352,-0.49050) dt=0.050
[APPROACH-OVERRIDE] step=144 phase=A_lift_trav face_axis=0 face_sign=+1 face_score=+1.000 surf_dist=0.0529m advance=0.0100m target=(+0.1000,+0.0000,+0.1350) p_ee_des=(+0.0527,-0.0717,+0.0568)
[VFF] step=144 mode=c3 alpha=0.000 v_des=(+0.0000,+0.0000,+0.0000) |v_des|=0.0000 sat=0 util_max=0.018@j3
[OSC-FORCE] step=144 mode=c3 lam_des=2.000 lam_ext=2.000
[GS] step=144 mode=c3 switch=kStayInC3 best_k=0 best_src=current curr_cost=134666.37 repos_cost=- best_other=178017.57 met_progress=Y steps_since_improve=15 switches=3
[STEP] step=144 mode=c3 t=1.440s ee=(+0.049,-0.078,+0.050) obj=(+0.000,+0.000,+0.050) goal_dist=0.300m switch=kStayInC3 c3_cost=134666.37 lam_n=0.000 lam_t=0.000 contact=N productive=N f_cmd=(+2.00,+0.00,-0.00)
[GATE-EVOLVE] step=144 curr=134666.37 best_other=178017.57 ratio=0.7565 ee_to_optimal=0.0822m phi=0.0029m
[DRAKE-CONTACT] step=144 n_pairs=1 ee_box_normal=0.000
[GATE-CONTACT] step=144 F_W=(+0.0000,+0.0000,+0.0000) F_on_box=(-0.0000,-0.0000,-0.0000) n_face_out=(-0.0000,-0.0000,-0.0000) A_is_ee=0 box_q=(+1.00000,-0.00001,+0.00001,+0.00000) box_p=(+0.00000,+0.00000,+0.04999) ee_p=(+0.04862,-0.07785,+0.05009)
[EErel] along_push=-0.049m (neg=correct)  perp=0.077m  ee_to_box=0.092m  stage=3  obj=[0. 0.]  g_hat=[-1. -0.]
[proxy] err=0.208m  effective=[0.187 0.077 0.05 ]
[ADMM-C3+] primal: 6.1274->4.9359  dual: 109.8105->80.3181  mono=False  iters=25/25  rho=25.0
[ADMM-C3+] WARNING non-converged: pr=4.9359 dr=80.3181 tol=1e-03
[C3+] step=667 |u[0]|=40.05Nm λ_n_max=1.059 η_n_max=1.279 primal=4.936 iters=25/25
[EErel] along_push=-0.049m (neg=correct)  perp=0.077m  ee_to_box=0.092m  stage=3  obj=[0. 0.]  g_hat=[-1. -0.]
[proxy] err=0.208m  effective=[0.187 0.077 0.05 ]
[ADMM-C3+] primal: 6.1274->4.9359  dual: 109.8105->80.3186  mono=False  iters=25/25  rho=25.0
[ADMM-C3+] WARNING non-converged: pr=4.9359 dr=80.3186 tol=1e-03
[C3+] step=672 |u[0]|=32.63Nm λ_n_max=1.058 η_n_max=1.279 primal=4.936 iters=25/25
[CONTACT-RUN] step=145 nhat_BA_W=[+0.000,+0.000,+0.000] p_BCb=[+0.000,+0.000,+0.000] distance=+1.00000 contact_type=NONE
[X-SEQ-PROBE] step=145 x0_box=(+0.00000,+0.00000,+0.04999) x1_box=(-0.01168,-0.00110,+0.02547) x1_box_v=(-0.23502,-0.02352,-0.49050) dt=0.050
[APPROACH-OVERRIDE] step=145 phase=A_lift_trav face_axis=0 face_sign=+1 face_score=+1.000 surf_dist=0.0524m advance=0.0100m target=(+0.1000,+0.0000,+0.1350) p_ee_des=(+0.0529,-0.0712,+0.0575)
[VFF] step=145 mode=c3 alpha=0.000 v_des=(+0.0000,+0.0000,+0.0000) |v_des|=0.0000 sat=0 util_max=0.012@j3
[OSC-FORCE] step=145 mode=c3 lam_des=2.000 lam_ext=2.000
[GS] step=145 mode=c3 switch=kStayInC3 best_k=0 best_src=current curr_cost=134665.51 repos_cost=- best_other=177939.50 met_progress=Y steps_since_improve=16 switches=3
[STEP] step=145 mode=c3 t=1.450s ee=(+0.049,-0.077,+0.051) obj=(+0.000,+0.000,+0.050) goal_dist=0.300m switch=kStayInC3 c3_cost=134665.51 lam_n=0.000 lam_t=0.000 contact=N productive=N f_cmd=(+2.00,+0.00,-0.00)
[GATE-EVOLVE] step=145 curr=134665.51 best_other=177939.50 ratio=0.7568 ee_to_optimal=0.0817m phi=0.0024m
[DRAKE-CONTACT] step=145 n_pairs=1 ee_box_normal=0.000
[GATE-CONTACT] step=145 F_W=(+0.0000,+0.0000,+0.0000) F_on_box=(-0.0000,-0.0000,-0.0000) n_face_out=(-0.0000,-0.0000,-0.0000) A_is_ee=0 box_q=(+1.00000,-0.00001,+0.00001,+0.00000) box_p=(+0.00000,+0.00000,+0.04999) ee_p=(+0.04881,-0.07742,+0.05077)
[EErel] along_push=-0.049m (neg=correct)  perp=0.077m  ee_to_box=0.091m  stage=3  obj=[0. 0.]  g_hat=[-1. -0.]
[proxy] err=0.207m  effective=[0.187 0.077 0.05 ]
[ADMM-C3+] primal: 11.1942->7.7209  dual: 790.5978->293.7437  mono=False  iters=25/25  rho=25.0
[ADMM-C3+] WARNING non-converged: pr=7.7209 dr=293.7437 tol=1e-03
[C3+] step=673 |u[0]|=38.16Nm λ_n_max=0.696 η_n_max=1.377 primal=7.721 iters=25/25
[EErel] along_push=-0.049m (neg=correct)  perp=0.077m  ee_to_box=0.091m  stage=3  obj=[0. 0.]  g_hat=[-1. -0.]
[proxy] err=0.207m  effective=[0.187 0.077 0.05 ]
[ADMM-C3+] primal: 11.0292->9.5122  dual: 957.6696->324.6879  mono=False  iters=25/25  rho=25.0
[ADMM-C3+] WARNING non-converged: pr=9.5122 dr=324.6879 tol=1e-03
[C3+] step=678 |u[0]|=35.69Nm λ_n_max=1.072 η_n_max=3.263 primal=9.512 iters=25/25
[CONTACT-RUN] step=146 nhat_BA_W=[+0.000,-1.000,+0.000] p_BCb=[+0.049,-0.050,+0.001] distance=+0.00195 contact_type=EE-BOX
[X-SEQ-PROBE] step=146 x0_box=(+0.00000,+0.00000,+0.04999) x1_box=(-0.04033,+0.00015,+0.02547) x1_box_v=(-0.80811,+0.00145,-0.49050) dt=0.050
[VFF] step=146 mode=c3 alpha=0.000 v_des=(+0.0000,+0.0000,+0.0000) |v_des|=0.0000 sat=0 util_max=0.244@j3
[OSC-FORCE] step=146 mode=c3 lam_des=2.000 lam_ext=2.000
[GS] step=146 mode=c3 switch=kStayInC3 best_k=0 best_src=current curr_cost=37659.86 repos_cost=- best_other=177898.24 met_progress=Y steps_since_improve=17 switches=3
[STEP] step=146 mode=c3 t=1.460s ee=(+0.049,-0.077,+0.051) obj=(+0.000,+0.000,+0.050) goal_dist=0.300m switch=kStayInC3 c3_cost=37659.86 lam_n=0.000 lam_t=0.000 contact=Y productive=N f_cmd=(+2.00,+0.00,-0.00)
[GATE-EVOLVE] step=146 curr=37659.86 best_other=177898.24 ratio=0.2117 ee_to_optimal=0.0812m phi=0.0019m
[DRAKE-CONTACT] step=146 n_pairs=1 ee_box_normal=0.000
[GATE-CONTACT] step=146 F_W=(+0.0000,+0.0000,+0.0000) F_on_box=(-0.0000,-0.0000,-0.0000) n_face_out=(-0.0000,-0.0000,-0.0000) A_is_ee=0 box_q=(+1.00000,-0.00001,+0.00001,+0.00000) box_p=(+0.00000,+0.00000,+0.04999) ee_p=(+0.04903,-0.07695,+0.05146)
[EErel] along_push=-0.049m (neg=correct)  perp=0.077m  ee_to_box=0.091m  stage=3  obj=[0. 0.]  g_hat=[-1. -0.]
[proxy] err=0.207m  effective=[0.187 0.077 0.05 ]
[ADMM-C3+] primal: 11.1714->8.0428  dual: 789.6550->285.7124  mono=False  iters=25/25  rho=25.0
[ADMM-C3+] WARNING non-converged: pr=8.0428 dr=285.7124 tol=1e-03
[C3+] step=679 |u[0]|=40.05Nm λ_n_max=0.764 η_n_max=1.378 primal=8.043 iters=25/25
[EErel] along_push=-0.049m (neg=correct)  perp=0.077m  ee_to_box=0.091m  stage=3  obj=[0. 0.]  g_hat=[-1. -0.]
[proxy] err=0.207m  effective=[0.187 0.077 0.05 ]
[ADMM-C3+] primal: 10.8430->9.0133  dual: 962.1671->275.6538  mono=False  iters=25/25  rho=25.0
[ADMM-C3+] WARNING non-converged: pr=9.0133 dr=275.6538 tol=1e-03
[C3+] step=684 |u[0]|=34.42Nm λ_n_max=0.972 η_n_max=3.017 primal=9.013 iters=25/25
[CONTACT-RUN] step=147 nhat_BA_W=[+0.000,-1.000,+0.000] p_BCb=[+0.049,-0.050,+0.002] distance=+0.00193 contact_type=EE-BOX
[X-SEQ-PROBE] step=147 x0_box=(+0.00000,+0.00000,+0.04999) x1_box=(-0.04026,+0.00015,+0.02547) x1_box_v=(-0.80677,+0.00146,-0.49050) dt=0.050
[VFF] step=147 mode=c3 alpha=0.000 v_des=(+0.0000,+0.0000,+0.0000) |v_des|=0.0000 sat=0 util_max=0.224@j3
[OSC-FORCE] step=147 mode=c3 lam_des=2.000 lam_ext=2.000
[GS] step=147 mode=c3 switch=kStayInC3 best_k=0 best_src=current curr_cost=37512.07 repos_cost=- best_other=179214.71 met_progress=Y steps_since_improve=18 switches=3
[STEP] step=147 mode=c3 t=1.470s ee=(+0.049,-0.077,+0.052) obj=(+0.000,+0.000,+0.050) goal_dist=0.300m switch=kStayInC3 c3_cost=37512.07 lam_n=0.000 lam_t=0.000 contact=Y productive=N f_cmd=(+2.00,+0.00,-0.00)
[GATE-EVOLVE] step=147 curr=37512.07 best_other=179214.71 ratio=0.2093 ee_to_optimal=0.0812m phi=0.0019m
[DRAKE-CONTACT] step=147 n_pairs=1 ee_box_normal=0.000
[GATE-CONTACT] step=147 F_W=(+0.0000,+0.0000,+0.0000) F_on_box=(-0.0000,-0.0000,-0.0000) n_face_out=(-0.0000,-0.0000,-0.0000) A_is_ee=0 box_q=(+1.00000,-0.00001,+0.00001,+0.00000) box_p=(+0.00000,+0.00000,+0.04999) ee_p=(+0.04896,-0.07693,+0.05197)
[EErel] along_push=-0.048m (neg=correct)  perp=0.078m  ee_to_box=0.092m  stage=3  obj=[0. 0.]  g_hat=[-1. -0.]
[proxy] err=0.209m  effective=[0.187 0.078 0.05 ]
[ADMM-C3+] primal: 6.1274->4.9359  dual: 109.8105->80.3185  mono=False  iters=25/25  rho=25.0
[ADMM-C3+] WARNING non-converged: pr=4.9359 dr=80.3185 tol=1e-03
[C3+] step=685 |u[0]|=43.17Nm λ_n_max=1.058 η_n_max=1.279 primal=4.936 iters=25/25
[EErel] along_push=-0.048m (neg=correct)  perp=0.078m  ee_to_box=0.092m  stage=3  obj=[0. 0.]  g_hat=[-1. -0.]
[proxy] err=0.209m  effective=[0.187 0.078 0.05 ]
[ADMM-C3+] primal: 6.1274->4.9359  dual: 109.8105->80.3186  mono=False  iters=25/25  rho=25.0
[ADMM-C3+] WARNING non-converged: pr=4.9359 dr=80.3186 tol=1e-03
[C3+] step=690 |u[0]|=33.82Nm λ_n_max=1.058 η_n_max=1.279 primal=4.936 iters=25/25
[CONTACT-RUN] step=148 nhat_BA_W=[+0.000,+0.000,+0.000] p_BCb=[+0.000,+0.000,+0.000] distance=+1.00000 contact_type=NONE
[X-SEQ-PROBE] step=148 x0_box=(+0.00000,+0.00000,+0.04999) x1_box=(-0.01168,-0.00110,+0.02547) x1_box_v=(-0.23502,-0.02352,-0.49050) dt=0.050
[APPROACH-OVERRIDE] step=148 phase=A_lift_trav face_axis=0 face_sign=+1 face_score=+1.000 surf_dist=0.0528m advance=0.0100m target=(+0.1000,+0.0000,+0.1350) p_ee_des=(+0.0526,-0.0716,+0.0587)
[VFF] step=148 mode=c3 alpha=0.000 v_des=(+0.0000,+0.0000,+0.0000) |v_des|=0.0000 sat=0 util_max=0.186@j3
[OSC-FORCE] step=148 mode=c3 lam_des=2.000 lam_ext=2.000
[GS] step=148 mode=c3 switch=kStayInC3 best_k=0 best_src=current curr_cost=134708.24 repos_cost=- best_other=180422.04 met_progress=Y steps_since_improve=19 switches=3
[STEP] step=148 mode=c3 t=1.480s ee=(+0.048,-0.078,+0.052) obj=(+0.000,+0.000,+0.050) goal_dist=0.300m switch=kStayInC3 c3_cost=134708.24 lam_n=0.000 lam_t=0.000 contact=N productive=N f_cmd=(+2.00,+0.00,-0.00)
[GATE-EVOLVE] step=148 curr=134708.24 best_other=180422.04 ratio=0.7466 ee_to_optimal=0.0822m phi=0.0028m
[DRAKE-CONTACT] step=148 n_pairs=1 ee_box_normal=0.000
[GATE-CONTACT] step=148 F_W=(+0.0000,+0.0000,+0.0000) F_on_box=(-0.0000,-0.0000,-0.0000) n_face_out=(-0.0000,-0.0000,-0.0000) A_is_ee=0 box_q=(+1.00000,-0.00001,+0.00001,+0.00000) box_p=(+0.00000,+0.00000,+0.04999) ee_p=(+0.04846,-0.07780,+0.05210)
[EErel] along_push=-0.048m (neg=correct)  perp=0.079m  ee_to_box=0.092m  stage=3  obj=[0. 0.]  g_hat=[-1. -0.]
[proxy] err=0.211m  effective=[0.188 0.079 0.05 ]
[ADMM-C3+] primal: 6.1274->4.9359  dual: 109.8105->80.3186  mono=False  iters=25/25  rho=25.0
[ADMM-C3+] WARNING non-converged: pr=4.9359 dr=80.3186 tol=1e-03
[C3+] step=691 |u[0]|=42.47Nm λ_n_max=1.058 η_n_max=1.279 primal=4.936 iters=25/25
[EErel] along_push=-0.048m (neg=correct)  perp=0.079m  ee_to_box=0.092m  stage=3  obj=[0. 0.]  g_hat=[-1. -0.]
[proxy] err=0.211m  effective=[0.188 0.079 0.05 ]
[ADMM-C3+] primal: 6.1274->4.9359  dual: 109.8105->80.3186  mono=False  iters=25/25  rho=25.0
[ADMM-C3+] WARNING non-converged: pr=4.9359 dr=80.3186 tol=1e-03
[C3+] step=696 |u[0]|=33.37Nm λ_n_max=1.058 η_n_max=1.279 primal=4.936 iters=25/25
[CONTACT-RUN] step=149 nhat_BA_W=[+0.000,+0.000,+0.000] p_BCb=[+0.000,+0.000,+0.000] distance=+1.00000 contact_type=NONE
[X-SEQ-PROBE] step=149 x0_box=(+0.00000,+0.00000,+0.04999) x1_box=(-0.01168,-0.00110,+0.02547) x1_box_v=(-0.23502,-0.02352,-0.49050) dt=0.050
[APPROACH-OVERRIDE] step=149 phase=A_lift_trav face_axis=0 face_sign=+1 face_score=+1.000 surf_dist=0.0537m advance=0.0100m target=(+0.1000,+0.0000,+0.1350) p_ee_des=(+0.0522,-0.0724,+0.0588)
[VFF] step=149 mode=c3 alpha=0.000 v_des=(+0.0000,+0.0000,+0.0000) |v_des|=0.0000 sat=0 util_max=0.116@j3
[OSC-FORCE] step=149 mode=c3 lam_des=2.000 lam_ext=2.000
[GS] step=149 mode=c3 switch=kStayInC3 best_k=0 best_src=current curr_cost=134692.23 repos_cost=- best_other=179244.66 met_progress=Y steps_since_improve=20 switches=3
[STEP] step=149 mode=c3 t=1.490s ee=(+0.048,-0.079,+0.052) obj=(+0.000,+0.000,+0.050) goal_dist=0.300m switch=kStayInC3 c3_cost=134692.23 lam_n=0.000 lam_t=0.000 contact=N productive=N f_cmd=(+2.00,+0.00,-0.00)
[GATE-EVOLVE] step=149 curr=134692.23 best_other=179244.66 ratio=0.7514 ee_to_optimal=0.0832m phi=0.0037m
[DRAKE-CONTACT] step=149 n_pairs=1 ee_box_normal=0.000
[GATE-CONTACT] step=149 F_W=(+0.0000,+0.0000,+0.0000) F_on_box=(-0.0000,-0.0000,-0.0000) n_face_out=(-0.0000,-0.0000,-0.0000) A_is_ee=0 box_q=(+1.00000,-0.00001,+0.00001,+0.00000) box_p=(+0.00000,+0.00000,+0.04999) ee_p=(+0.04801,-0.07868,+0.05223)
[EErel] along_push=-0.048m (neg=correct)  perp=0.079m  ee_to_box=0.092m  stage=3  obj=[0. 0.]  g_hat=[-1. -0.]
[proxy] err=0.212m  effective=[0.189 0.079 0.05 ]
[ADMM-C3+] primal: 6.1274->4.9359  dual: 109.8105->80.3182  mono=False  iters=25/25  rho=25.0
[ADMM-C3+] WARNING non-converged: pr=4.9359 dr=80.3182 tol=1e-03
[C3+] step=697 |u[0]|=41.30Nm λ_n_max=1.059 η_n_max=1.279 primal=4.936 iters=25/25
[EErel] along_push=-0.048m (neg=correct)  perp=0.079m  ee_to_box=0.092m  stage=3  obj=[0. 0.]  g_hat=[-1. -0.]
[proxy] err=0.212m  effective=[0.189 0.079 0.05 ]
[ADMM-C3+] primal: 6.1274->4.9359  dual: 109.8105->80.3186  mono=False  iters=25/25  rho=25.0
[ADMM-C3+] WARNING non-converged: pr=4.9359 dr=80.3186 tol=1e-03
[C3+] step=702 |u[0]|=33.30Nm λ_n_max=1.058 η_n_max=1.279 primal=4.936 iters=25/25
[CONTACT-RUN] step=150 nhat_BA_W=[+0.000,+0.000,+0.000] p_BCb=[+0.000,+0.000,+0.000] distance=+1.00000 contact_type=NONE
[X-SEQ-PROBE] step=150 x0_box=(+0.00000,+0.00000,+0.04999) x1_box=(-0.01168,-0.00110,+0.02547) x1_box_v=(-0.23502,-0.02352,-0.49050) dt=0.050
[APPROACH-OVERRIDE] step=150 phase=A_lift_trav face_axis=0 face_sign=+1 face_score=+1.000 surf_dist=0.0541m advance=0.0100m target=(+0.1000,+0.0000,+0.1350) p_ee_des=(+0.0520,-0.0727,+0.0592)
[VFF] step=150 mode=c3 alpha=0.000 v_des=(+0.0000,+0.0000,+0.0000) |v_des|=0.0000 sat=0 util_max=0.073@j3
[OSC-FORCE] step=150 mode=c3 lam_des=2.000 lam_ext=2.000
[IMP] step=150 mode=c3 |x_err|=0.0100m |tau_imp|=6.42Nm |tau_ff|=1.04Nm |tau_out|=6.42Nm sat=False lam_n=True lam_t=True
[GS] step=150 mode=c3 switch=kStayInC3 best_k=0 best_src=current curr_cost=134725.05 repos_cost=- best_other=178611.68 met_progress=Y steps_since_improve=21 switches=3
[STEP] step=150 mode=c3 t=1.500s ee=(+0.048,-0.079,+0.053) obj=(+0.000,+0.000,+0.050) goal_dist=0.300m switch=kStayInC3 c3_cost=134725.05 lam_n=0.000 lam_t=0.000 contact=N productive=N f_cmd=(+2.00,+0.00,-0.00)
[GATE-EVOLVE] step=150 curr=134725.05 best_other=178611.68 ratio=0.7543 ee_to_optimal=0.0835m phi=0.0040m
[DRAKE-CONTACT] step=150 n_pairs=1 ee_box_normal=0.000
[GATE-CONTACT] step=150 F_W=(+0.0000,+0.0000,+0.0000) F_on_box=(-0.0000,-0.0000,-0.0000) n_face_out=(-0.0000,-0.0000,-0.0000) A_is_ee=0 box_q=(+1.00000,-0.00001,+0.00001,+0.00000) box_p=(+0.00000,+0.00000,+0.04999) ee_p=(+0.04784,-0.07901,+0.05260)
[EErel] along_push=-0.048m (neg=correct)  perp=0.079m  ee_to_box=0.092m  stage=3  obj=[0. 0.]  g_hat=[-1. -0.]
[proxy] err=0.212m  effective=[0.189 0.079 0.05 ]
[ADMM-C3+] primal: 6.1274->4.9359  dual: 109.8105->80.3186  mono=False  iters=25/25  rho=25.0
[ADMM-C3+] WARNING non-converged: pr=4.9359 dr=80.3186 tol=1e-03
[C3+] step=703 |u[0]|=41.05Nm λ_n_max=1.058 η_n_max=1.279 primal=4.936 iters=25/25
[EErel] along_push=-0.048m (neg=correct)  perp=0.079m  ee_to_box=0.092m  stage=3  obj=[0. 0.]  g_hat=[-1. -0.]
[proxy] err=0.212m  effective=[0.189 0.079 0.05 ]
[ADMM-C3+] primal: 6.1274->4.9359  dual: 109.8105->80.3186  mono=False  iters=25/25  rho=25.0
[ADMM-C3+] WARNING non-converged: pr=4.9359 dr=80.3186 tol=1e-03
[C3+] step=708 |u[0]|=33.01Nm λ_n_max=1.058 η_n_max=1.279 primal=4.936 iters=25/25
[CONTACT-RUN] step=151 nhat_BA_W=[+0.000,+0.000,+0.000] p_BCb=[+0.000,+0.000,+0.000] distance=+1.00000 contact_type=NONE
[X-SEQ-PROBE] step=151 x0_box=(+0.00000,+0.00000,+0.04999) x1_box=(-0.01168,-0.00110,+0.02547) x1_box_v=(-0.23502,-0.02352,-0.49050) dt=0.050
[APPROACH-OVERRIDE] step=151 phase=A_lift_trav face_axis=0 face_sign=+1 face_score=+1.000 surf_dist=0.0541m advance=0.0100m target=(+0.1000,+0.0000,+0.1350) p_ee_des=(+0.0520,-0.0727,+0.0597)
[VFF] step=151 mode=c3 alpha=0.000 v_des=(+0.0000,+0.0000,+0.0000) |v_des|=0.0000 sat=0 util_max=0.046@j3
[OSC-FORCE] step=151 mode=c3 lam_des=2.000 lam_ext=2.000
[GS] step=151 mode=c3 switch=kStayInC3 best_k=0 best_src=current curr_cost=134695.16 repos_cost=- best_other=178236.15 met_progress=Y steps_since_improve=22 switches=3
[STEP] step=151 mode=c3 t=1.510s ee=(+0.048,-0.079,+0.053) obj=(+0.000,+0.000,+0.050) goal_dist=0.300m switch=kStayInC3 c3_cost=134695.16 lam_n=0.000 lam_t=0.000 contact=N productive=N f_cmd=(+2.00,+0.00,-0.00)
[GATE-EVOLVE] step=151 curr=134695.16 best_other=178236.15 ratio=0.7557 ee_to_optimal=0.0835m phi=0.0040m
  t=1.50s | ee=(0.048, -0.079, 0.053) | obj=(0.000, 0.000, 0.050) | |u|=4.00 Nm | goal_dist=0.300 m
[DRAKE-CONTACT] step=151 n_pairs=1 ee_box_normal=0.000
[GATE-CONTACT] step=151 F_W=(+0.0000,+0.0000,+0.0000) F_on_box=(-0.0000,-0.0000,-0.0000) n_face_out=(-0.0000,-0.0000,-0.0000) A_is_ee=0 box_q=(+1.00000,-0.00001,+0.00001,+0.00000) box_p=(+0.00000,+0.00000,+0.04999) ee_p=(+0.04785,-0.07900,+0.05312)
[EErel] along_push=-0.048m (neg=correct)  perp=0.079m  ee_to_box=0.092m  stage=3  obj=[0. 0.]  g_hat=[-1. -0.]
[proxy] err=0.211m  effective=[0.188 0.079 0.05 ]
[ADMM-C3+] primal: 6.1274->4.9359  dual: 109.8105->80.3186  mono=False  iters=25/25  rho=25.0
[ADMM-C3+] WARNING non-converged: pr=4.9359 dr=80.3186 tol=1e-03
[C3+] step=709 |u[0]|=40.71Nm λ_n_max=1.058 η_n_max=1.279 primal=4.936 iters=25/25
[EErel] along_push=-0.048m (neg=correct)  perp=0.079m  ee_to_box=0.092m  stage=3  obj=[0. 0.]  g_hat=[-1. -0.]
[proxy] err=0.211m  effective=[0.188 0.079 0.05 ]
[ADMM-C3+] primal: 6.1274->4.9359  dual: 109.8105->80.3186  mono=False  iters=25/25  rho=25.0
[ADMM-C3+] WARNING non-converged: pr=4.9359 dr=80.3186 tol=1e-03
[C3+] step=714 |u[0]|=33.01Nm λ_n_max=1.058 η_n_max=1.279 primal=4.936 iters=25/25
[CONTACT-RUN] step=152 nhat_BA_W=[+0.000,+0.000,+0.000] p_BCb=[+0.000,+0.000,+0.000] distance=+1.00000 contact_type=NONE
[X-SEQ-PROBE] step=152 x0_box=(+0.00000,+0.00000,+0.04999) x1_box=(-0.01168,-0.00110,+0.02547) x1_box_v=(-0.23502,-0.02352,-0.49050) dt=0.050
[APPROACH-OVERRIDE] step=152 phase=A_lift_trav face_axis=0 face_sign=+1 face_score=+1.000 surf_dist=0.0539m advance=0.0100m target=(+0.1000,+0.0000,+0.1350) p_ee_des=(+0.0521,-0.0725,+0.0602)
[VFF] step=152 mode=c3 alpha=0.000 v_des=(+0.0000,+0.0000,+0.0000) |v_des|=0.0000 sat=0 util_max=0.029@j3
[OSC-FORCE] step=152 mode=c3 lam_des=2.000 lam_ext=2.000
[GS] step=152 mode=c3 switch=kStayInC3 best_k=0 best_src=current curr_cost=134685.29 repos_cost=- best_other=178033.17 met_progress=Y steps_since_improve=23 switches=3
[STEP] step=152 mode=c3 t=1.520s ee=(+0.048,-0.079,+0.054) obj=(+0.000,+0.000,+0.050) goal_dist=0.300m switch=kStayInC3 c3_cost=134685.29 lam_n=0.000 lam_t=0.000 contact=N productive=N f_cmd=(+2.00,+0.00,-0.00)
[GATE-EVOLVE] step=152 curr=134685.29 best_other=178033.17 ratio=0.7565 ee_to_optimal=0.0833m phi=0.0038m
[DRAKE-CONTACT] step=152 n_pairs=1 ee_box_normal=0.000
[GATE-CONTACT] step=152 F_W=(+0.0000,+0.0000,+0.0000) F_on_box=(-0.0000,-0.0000,-0.0000) n_face_out=(-0.0000,-0.0000,-0.0000) A_is_ee=0 box_q=(+1.00000,-0.00001,+0.00001,+0.00000) box_p=(+0.00000,+0.00000,+0.04999) ee_p=(+0.04795,-0.07878,+0.05371)
[EErel] along_push=-0.048m (neg=correct)  perp=0.078m  ee_to_box=0.092m  stage=3  obj=[0. 0.]  g_hat=[-1. -0.]
[proxy] err=0.210m  effective=[0.188 0.078 0.05 ]
[ADMM-C3+] primal: 6.1274->4.9359  dual: 109.8105->80.3186  mono=False  iters=25/25  rho=25.0
[ADMM-C3+] WARNING non-converged: pr=4.9359 dr=80.3186 tol=1e-03
[C3+] step=715 |u[0]|=40.39Nm λ_n_max=1.058 η_n_max=1.279 primal=4.936 iters=25/25
[EErel] along_push=-0.048m (neg=correct)  perp=0.078m  ee_to_box=0.092m  stage=3  obj=[0. 0.]  g_hat=[-1. -0.]
[proxy] err=0.210m  effective=[0.188 0.078 0.05 ]
[ADMM-C3+] primal: 6.1274->4.9359  dual: 109.8105->80.3186  mono=False  iters=25/25  rho=25.0
[ADMM-C3+] WARNING non-converged: pr=4.9359 dr=80.3186 tol=1e-03
[C3+] step=720 |u[0]|=32.93Nm λ_n_max=1.058 η_n_max=1.279 primal=4.936 iters=25/25
[CONTACT-RUN] step=153 nhat_BA_W=[+0.000,+0.000,+0.000] p_BCb=[+0.000,+0.000,+0.000] distance=+1.00000 contact_type=NONE
[X-SEQ-PROBE] step=153 x0_box=(+0.00000,+0.00000,+0.04999) x1_box=(-0.01168,-0.00110,+0.02547) x1_box_v=(-0.23502,-0.02352,-0.49050) dt=0.050
[APPROACH-OVERRIDE] step=153 phase=A_lift_trav face_axis=0 face_sign=+1 face_score=+1.000 surf_dist=0.0536m advance=0.0100m target=(+0.1000,+0.0000,+0.1350) p_ee_des=(+0.0523,-0.0721,+0.0609)
[VFF] step=153 mode=c3 alpha=0.000 v_des=(+0.0000,+0.0000,+0.0000) |v_des|=0.0000 sat=0 util_max=0.019@j3
[OSC-FORCE] step=153 mode=c3 lam_des=2.000 lam_ext=2.000
[GS] step=153 mode=c3 switch=kStayInC3 best_k=0 best_src=current curr_cost=134678.47 repos_cost=- best_other=177933.88 met_progress=Y steps_since_improve=24 switches=3
[STEP] step=153 mode=c3 t=1.530s ee=(+0.048,-0.078,+0.054) obj=(+0.000,+0.000,+0.050) goal_dist=0.300m switch=kStayInC3 c3_cost=134678.47 lam_n=0.000 lam_t=0.000 contact=N productive=N f_cmd=(+2.00,+0.00,-0.00)
[GATE-EVOLVE] step=153 curr=134678.47 best_other=177933.88 ratio=0.7569 ee_to_optimal=0.0829m phi=0.0034m
[DRAKE-CONTACT] step=153 n_pairs=1 ee_box_normal=0.000
[GATE-CONTACT] step=153 F_W=(+0.0000,+0.0000,+0.0000) F_on_box=(-0.0000,-0.0000,-0.0000) n_face_out=(-0.0000,-0.0000,-0.0000) A_is_ee=0 box_q=(+1.00000,-0.00001,+0.00001,+0.00000) box_p=(+0.00000,+0.00000,+0.04999) ee_p=(+0.04812,-0.07843,+0.05435)
[EErel] along_push=-0.048m (neg=correct)  perp=0.078m  ee_to_box=0.092m  stage=3  obj=[0. 0.]  g_hat=[-1. -0.]
[proxy] err=0.209m  effective=[0.188 0.078 0.05 ]
[ADMM-C3+] primal: 6.1274->4.9359  dual: 109.8105->80.3186  mono=False  iters=25/25  rho=25.0
[ADMM-C3+] WARNING non-converged: pr=4.9359 dr=80.3186 tol=1e-03
[C3+] step=721 |u[0]|=40.12Nm λ_n_max=1.058 η_n_max=1.279 primal=4.936 iters=25/25
[EErel] along_push=-0.048m (neg=correct)  perp=0.078m  ee_to_box=0.092m  stage=3  obj=[0. 0.]  g_hat=[-1. -0.]
[proxy] err=0.209m  effective=[0.188 0.078 0.05 ]
[ADMM-C3+] primal: 6.1274->4.9359  dual: 109.8105->80.3186  mono=False  iters=25/25  rho=25.0
[ADMM-C3+] WARNING non-converged: pr=4.9359 dr=80.3186 tol=1e-03
[C3+] step=726 |u[0]|=32.96Nm λ_n_max=1.058 η_n_max=1.279 primal=4.936 iters=25/25
[CONTACT-RUN] step=154 nhat_BA_W=[+0.000,+0.000,+0.000] p_BCb=[+0.000,+0.000,+0.000] distance=+1.00000 contact_type=NONE
[X-SEQ-PROBE] step=154 x0_box=(+0.00000,+0.00000,+0.04999) x1_box=(-0.01168,-0.00110,+0.02547) x1_box_v=(-0.23502,-0.02352,-0.49050) dt=0.050
[APPROACH-OVERRIDE] step=154 phase=A_lift_trav face_axis=0 face_sign=+1 face_score=+1.000 surf_dist=0.0532m advance=0.0100m target=(+0.1000,+0.0000,+0.1350) p_ee_des=(+0.0525,-0.0717,+0.0615)
[VFF] step=154 mode=c3 alpha=0.000 v_des=(+0.0000,+0.0000,+0.0000) |v_des|=0.0000 sat=0 util_max=0.012@j3
[OSC-FORCE] step=154 mode=c3 lam_des=2.000 lam_ext=2.000
[GS] step=154 mode=c3 switch=kStayInC3 best_k=0 best_src=current curr_cost=134673.14 repos_cost=- best_other=177892.63 met_progress=Y steps_since_improve=25 switches=3
[STEP] step=154 mode=c3 t=1.540s ee=(+0.048,-0.078,+0.055) obj=(+0.000,+0.000,+0.050) goal_dist=0.300m switch=kStayInC3 c3_cost=134673.14 lam_n=0.000 lam_t=0.000 contact=N productive=N f_cmd=(+2.00,+0.00,-0.00)
[GATE-EVOLVE] step=154 curr=134673.14 best_other=177892.63 ratio=0.7570 ee_to_optimal=0.0824m phi=0.0030m
[DRAKE-CONTACT] step=154 n_pairs=1 ee_box_normal=0.000
[GATE-CONTACT] step=154 F_W=(+0.0000,+0.0000,+0.0000) F_on_box=(-0.0000,-0.0000,-0.0000) n_face_out=(-0.0000,-0.0000,-0.0000) A_is_ee=0 box_q=(+1.00000,-0.00001,+0.00001,+0.00000) box_p=(+0.00000,+0.00000,+0.04999) ee_p=(+0.04833,-0.07799,+0.05501)
[EErel] along_push=-0.049m (neg=correct)  perp=0.078m  ee_to_box=0.091m  stage=3  obj=[0. 0.]  g_hat=[-1. -0.]
[proxy] err=0.208m  effective=[0.187 0.078 0.05 ]
[ADMM-C3+] primal: 6.1274->4.9359  dual: 109.8105->80.3186  mono=False  iters=25/25  rho=25.0
[ADMM-C3+] WARNING non-converged: pr=4.9359 dr=80.3186 tol=1e-03
[C3+] step=727 |u[0]|=39.98Nm λ_n_max=1.058 η_n_max=1.279 primal=4.936 iters=25/25
[EErel] along_push=-0.049m (neg=correct)  perp=0.078m  ee_to_box=0.091m  stage=3  obj=[0. 0.]  g_hat=[-1. -0.]
[proxy] err=0.208m  effective=[0.187 0.078 0.05 ]
[ADMM-C3+] primal: 6.1274->4.9359  dual: 109.8105->80.3186  mono=False  iters=25/25  rho=25.0
[ADMM-C3+] WARNING non-converged: pr=4.9359 dr=80.3186 tol=1e-03
[C3+] step=732 |u[0]|=32.96Nm λ_n_max=1.058 η_n_max=1.279 primal=4.936 iters=25/25
[CONTACT-RUN] step=155 nhat_BA_W=[+0.000,+0.000,+0.000] p_BCb=[+0.000,+0.000,+0.000] distance=+1.00000 contact_type=NONE
[X-SEQ-PROBE] step=155 x0_box=(+0.00000,+0.00000,+0.04999) x1_box=(-0.01168,-0.00110,+0.02547) x1_box_v=(-0.23502,-0.02352,-0.49050) dt=0.050
[APPROACH-OVERRIDE] step=155 phase=A_lift_trav face_axis=0 face_sign=+1 face_score=+1.000 surf_dist=0.0527m advance=0.0100m target=(+0.1000,+0.0000,+0.1350) p_ee_des=(+0.0528,-0.0712,+0.0622)
[VFF] step=155 mode=c3 alpha=0.000 v_des=(+0.0000,+0.0000,+0.0000) |v_des|=0.0000 sat=0 util_max=0.008@j3
[OSC-FORCE] step=155 mode=c3 lam_des=2.000 lam_ext=2.000
[GS] step=155 mode=c3 switch=kStayInC3 best_k=0 best_src=current curr_cost=134656.30 repos_cost=- best_other=177882.95 met_progress=Y steps_since_improve=26 switches=3
[STEP] step=155 mode=c3 t=1.550s ee=(+0.049,-0.078,+0.056) obj=(+0.000,+0.000,+0.050) goal_dist=0.300m switch=kStayInC3 c3_cost=134656.30 lam_n=0.000 lam_t=0.000 contact=N productive=N f_cmd=(+2.00,+0.00,-0.00)
[GATE-EVOLVE] step=155 curr=134656.30 best_other=177882.95 ratio=0.7570 ee_to_optimal=0.0819m phi=0.0025m
[DRAKE-CONTACT] step=155 n_pairs=1 ee_box_normal=0.000
[GATE-CONTACT] step=155 F_W=(+0.0000,+0.0000,+0.0000) F_on_box=(-0.0000,-0.0000,-0.0000) n_face_out=(-0.0000,-0.0000,-0.0000) A_is_ee=0 box_q=(+1.00000,-0.00001,+0.00001,+0.00000) box_p=(+0.00000,+0.00000,+0.04999) ee_p=(+0.04856,-0.07750,+0.05569)
[EErel] along_push=-0.049m (neg=correct)  perp=0.077m  ee_to_box=0.091m  stage=3  obj=[0. 0.]  g_hat=[-1. -0.]
[proxy] err=0.207m  effective=[0.187 0.077 0.05 ]
[ADMM-C3+] primal: 11.2174->11.6880  dual: 793.3686->365.3974  mono=False  iters=25/25  rho=25.0
[ADMM-C3+] WARNING non-converged: pr=11.6880 dr=365.3974 tol=1e-03
[C3+] step=733 |u[0]|=38.10Nm λ_n_max=0.861 η_n_max=1.385 primal=11.688 iters=25/25
[EErel] along_push=-0.049m (neg=correct)  perp=0.077m  ee_to_box=0.091m  stage=3  obj=[0. 0.]  g_hat=[-1. -0.]
[proxy] err=0.207m  effective=[0.187 0.077 0.05 ]
[ADMM-C3+] primal: 11.0977->9.3940  dual: 991.0196->328.2681  mono=False  iters=25/25  rho=25.0
[ADMM-C3+] WARNING non-converged: pr=9.3940 dr=328.2681 tol=1e-03
[C3+] step=738 |u[0]|=35.74Nm λ_n_max=0.804 η_n_max=3.166 primal=9.394 iters=25/25
[CONTACT-RUN] step=156 nhat_BA_W=[+0.000,-1.000,+0.000] p_BCb=[+0.049,-0.050,+0.006] distance=+0.00198 contact_type=EE-BOX
[X-SEQ-PROBE] step=156 x0_box=(+0.00000,+0.00000,+0.04999) x1_box=(-0.03891,+0.00016,+0.02551) x1_box_v=(-0.77887,+0.00146,-0.48969) dt=0.050
[VFF] step=156 mode=c3 alpha=0.000 v_des=(+0.0000,+0.0000,+0.0000) |v_des|=0.0000 sat=0 util_max=0.252@j3
[OSC-FORCE] step=156 mode=c3 lam_des=2.000 lam_ext=2.000
[GS] step=156 mode=c3 switch=kStayInC3 best_k=0 best_src=current curr_cost=37314.58 repos_cost=- best_other=177889.99 met_progress=Y steps_since_improve=27 switches=3
[STEP] step=156 mode=c3 t=1.560s ee=(+0.049,-0.077,+0.056) obj=(+0.000,+0.000,+0.050) goal_dist=0.300m switch=kStayInC3 c3_cost=37314.58 lam_n=0.000 lam_t=3.490 contact=Y productive=N f_cmd=(+2.00,+0.00,-0.00)
[GATE-EVOLVE] step=156 curr=37314.58 best_other=177889.99 ratio=0.2098 ee_to_optimal=0.0813m phi=0.0020m
[DRAKE-CONTACT] step=156 n_pairs=1 ee_box_normal=0.000
[GATE-CONTACT] step=156 F_W=(+0.0000,+0.0000,+0.0000) F_on_box=(-0.0000,-0.0000,-0.0000) n_face_out=(-0.0000,-0.0000,-0.0000) A_is_ee=0 box_q=(+1.00000,-0.00001,+0.00001,+0.00000) box_p=(+0.00000,+0.00000,+0.04999) ee_p=(+0.04881,-0.07698,+0.05637)
[EErel] along_push=-0.049m (neg=correct)  perp=0.077m  ee_to_box=0.091m  stage=3  obj=[0. 0.]  g_hat=[-1. -0.]
[proxy] err=0.207m  effective=[0.187 0.077 0.05 ]
[ADMM-C3+] primal: 11.1921->11.7719  dual: 792.3923->378.6156  mono=False  iters=25/25  rho=25.0
[ADMM-C3+] WARNING non-converged: pr=11.7719 dr=378.6156 tol=1e-03
[C3+] step=739 |u[0]|=39.55Nm λ_n_max=0.852 η_n_max=1.384 primal=11.772 iters=25/25
[EErel] along_push=-0.049m (neg=correct)  perp=0.077m  ee_to_box=0.091m  stage=3  obj=[0. 0.]  g_hat=[-1. -0.]
[proxy] err=0.207m  effective=[0.187 0.077 0.05 ]
[ADMM-C3+] primal: 10.8597->9.0782  dual: 974.1007->314.5816  mono=False  iters=25/25  rho=25.0
[ADMM-C3+] WARNING non-converged: pr=9.0782 dr=314.5816 tol=1e-03
[C3+] step=744 |u[0]|=34.55Nm λ_n_max=0.739 η_n_max=3.003 primal=9.078 iters=25/25
[CONTACT-RUN] step=157 nhat_BA_W=[+0.000,-1.000,+0.000] p_BCb=[+0.049,-0.050,+0.007] distance=+0.00195 contact_type=EE-BOX
[X-SEQ-PROBE] step=157 x0_box=(+0.00000,+0.00000,+0.04999) x1_box=(-0.03945,+0.00015,+0.02548) x1_box_v=(-0.79018,+0.00142,-0.49029) dt=0.050
[VFF] step=157 mode=c3 alpha=0.000 v_des=(+0.0000,+0.0000,+0.0000) |v_des|=0.0000 sat=0 util_max=0.228@j3
[OSC-FORCE] step=157 mode=c3 lam_des=2.000 lam_ext=2.000
[GS] step=157 mode=c3 switch=kStayInC3 best_k=0 best_src=current curr_cost=37371.70 repos_cost=- best_other=179206.79 met_progress=Y steps_since_improve=28 switches=3
[STEP] step=157 mode=c3 t=1.570s ee=(+0.049,-0.077,+0.057) obj=(+0.000,+0.000,+0.050) goal_dist=0.300m switch=kStayInC3 c3_cost=37371.70 lam_n=0.000 lam_t=3.528 contact=Y productive=N f_cmd=(+2.00,+0.00,-0.00)
[GATE-EVOLVE] step=157 curr=37371.70 best_other=179206.79 ratio=0.2085 ee_to_optimal=0.0813m phi=0.0019m
[DRAKE-CONTACT] step=157 n_pairs=1 ee_box_normal=0.000
[GATE-CONTACT] step=157 F_W=(+0.0000,+0.0000,+0.0000) F_on_box=(-0.0000,-0.0000,-0.0000) n_face_out=(-0.0000,-0.0000,-0.0000) A_is_ee=0 box_q=(+1.00000,-0.00001,+0.00001,+0.00000) box_p=(+0.00000,+0.00000,+0.04999) ee_p=(+0.04875,-0.07694,+0.05686)
[EErel] along_push=-0.048m (neg=correct)  perp=0.078m  ee_to_box=0.092m  stage=3  obj=[0. 0.]  g_hat=[-1. -0.]
[proxy] err=0.209m  effective=[0.187 0.078 0.05 ]
[ADMM-C3+] primal: 6.1274->4.9359  dual: 109.8105->80.3185  mono=False  iters=25/25  rho=25.0
[ADMM-C3+] WARNING non-converged: pr=4.9359 dr=80.3185 tol=1e-03
[C3+] step=745 |u[0]|=42.82Nm λ_n_max=1.058 η_n_max=1.279 primal=4.936 iters=25/25
[EErel] along_push=-0.048m (neg=correct)  perp=0.078m  ee_to_box=0.092m  stage=3  obj=[0. 0.]  g_hat=[-1. -0.]
[proxy] err=0.209m  effective=[0.187 0.078 0.05 ]
[ADMM-C3+] primal: 6.1274->4.9359  dual: 109.8105->80.3186  mono=False  iters=25/25  rho=25.0
[ADMM-C3+] WARNING non-converged: pr=4.9359 dr=80.3186 tol=1e-03
[C3+] step=750 |u[0]|=34.03Nm λ_n_max=1.058 η_n_max=1.279 primal=4.936 iters=25/25
[CONTACT-RUN] step=158 nhat_BA_W=[+0.000,+0.000,+0.000] p_BCb=[+0.000,+0.000,+0.000] distance=+1.00000 contact_type=NONE
[X-SEQ-PROBE] step=158 x0_box=(+0.00000,+0.00000,+0.04999) x1_box=(-0.01168,-0.00110,+0.02547) x1_box_v=(-0.23502,-0.02352,-0.49050) dt=0.050
[APPROACH-OVERRIDE] step=158 phase=A_lift_trav face_axis=0 face_sign=+1 face_score=+1.000 surf_dist=0.0531m advance=0.0100m target=(+0.1000,+0.0000,+0.1350) p_ee_des=(+0.0525,-0.0714,+0.0634)
[VFF] step=158 mode=c3 alpha=0.000 v_des=(+0.0000,+0.0000,+0.0000) |v_des|=0.0000 sat=0 util_max=0.188@j3
[OSC-FORCE] step=158 mode=c3 lam_des=2.000 lam_ext=2.000
[GS] step=158 mode=c3 switch=kStayInC3 best_k=0 best_src=current curr_cost=134728.58 repos_cost=- best_other=180390.77 met_progress=Y steps_since_improve=29 switches=3
[STEP] step=158 mode=c3 t=1.580s ee=(+0.048,-0.078,+0.057) obj=(+0.000,+0.000,+0.050) goal_dist=0.300m switch=kStayInC3 c3_cost=134728.58 lam_n=0.000 lam_t=0.000 contact=N productive=N f_cmd=(+2.00,+0.00,-0.00)
[GATE-EVOLVE] step=158 curr=134728.58 best_other=180390.77 ratio=0.7469 ee_to_optimal=0.0823m phi=0.0028m
[DRAKE-CONTACT] step=158 n_pairs=1 ee_box_normal=0.000
[GATE-CONTACT] step=158 F_W=(+0.0000,+0.0000,+0.0000) F_on_box=(-0.0000,-0.0000,-0.0000) n_face_out=(-0.0000,-0.0000,-0.0000) A_is_ee=0 box_q=(+1.00000,-0.00001,+0.00001,+0.00000) box_p=(+0.00000,+0.00000,+0.04999) ee_p=(+0.04827,-0.07780,+0.05697)
[PERSIST] step=159 refresh n_strategy=3 samples=[(-0.08, -0.0, 0.03), (-0.08, 0.015, 0.03), (-0.0276, -0.08, 0.03)]
[EErel] along_push=-0.048m (neg=correct)  perp=0.079m  ee_to_box=0.092m  stage=3  obj=[0. 0.]  g_hat=[-1. -0.]
[proxy] err=0.211m  effective=[0.188 0.079 0.05 ]
[ADMM-C3+] primal: 6.1274->4.9359  dual: 109.8105->80.3186  mono=False  iters=25/25  rho=25.0
[ADMM-C3+] WARNING non-converged: pr=4.9359 dr=80.3186 tol=1e-03
[C3+] step=751 |u[0]|=42.15Nm λ_n_max=1.058 η_n_max=1.279 primal=4.936 iters=25/25
[EErel] along_push=-0.048m (neg=correct)  perp=0.079m  ee_to_box=0.092m  stage=3  obj=[0. 0.]  g_hat=[-1. -0.]
[proxy] err=0.211m  effective=[0.188 0.079 0.05 ]
[ADMM-C3+] primal: 6.1274->4.9359  dual: 109.8105->80.3186  mono=False  iters=25/25  rho=25.0
[ADMM-C3+] WARNING non-converged: pr=4.9359 dr=80.3186 tol=1e-03
[C3+] step=756 |u[0]|=33.63Nm λ_n_max=1.058 η_n_max=1.279 primal=4.936 iters=25/25
[CONTACT-RUN] step=159 nhat_BA_W=[+0.000,+0.000,+0.000] p_BCb=[+0.000,+0.000,+0.000] distance=+1.00000 contact_type=NONE
[X-SEQ-PROBE] step=159 x0_box=(+0.00000,+0.00000,+0.04999) x1_box=(-0.01168,-0.00110,+0.02547) x1_box_v=(-0.23502,-0.02352,-0.49050) dt=0.050
[APPROACH-OVERRIDE] step=159 phase=A_lift_trav face_axis=0 face_sign=+1 face_score=+1.000 surf_dist=0.0540m advance=0.0100m target=(+0.1000,+0.0000,+0.1350) p_ee_des=(+0.0521,-0.0722,+0.0634)
[VFF] step=159 mode=c3 alpha=0.000 v_des=(+0.0000,+0.0000,+0.0000) |v_des|=0.0000 sat=0 util_max=0.117@j3
[OSC-FORCE] step=159 mode=c3 lam_des=2.000 lam_ext=2.000
[GS] step=159 mode=c3 switch=kStayInC3 best_k=0 best_src=current curr_cost=134710.02 repos_cost=- best_other=179259.39 met_progress=Y steps_since_improve=30 switches=3
[STEP] step=159 mode=c3 t=1.590s ee=(+0.048,-0.079,+0.057) obj=(+0.000,+0.000,+0.050) goal_dist=0.300m switch=kStayInC3 c3_cost=134710.02 lam_n=0.000 lam_t=0.000 contact=N productive=N f_cmd=(+2.00,+0.00,-0.00)
[GATE-EVOLVE] step=159 curr=134710.02 best_other=179259.39 ratio=0.7515 ee_to_optimal=0.0832m phi=0.0037m
[DRAKE-CONTACT] step=159 n_pairs=1 ee_box_normal=0.000
[GATE-CONTACT] step=159 F_W=(+0.0000,+0.0000,+0.0000) F_on_box=(-0.0000,-0.0000,-0.0000) n_face_out=(-0.0000,-0.0000,-0.0000) A_is_ee=0 box_q=(+1.00000,-0.00001,+0.00001,+0.00000) box_p=(+0.00000,+0.00000,+0.04999) ee_p=(+0.04782,-0.07868,+0.05707)
[EErel] along_push=-0.048m (neg=correct)  perp=0.079m  ee_to_box=0.092m  stage=3  obj=[0. 0.]  g_hat=[-1. -0.]
[proxy] err=0.212m  effective=[0.188 0.079 0.05 ]
[ADMM-C3+] primal: 6.1274->4.9359  dual: 109.8105->80.3186  mono=False  iters=25/25  rho=25.0
[ADMM-C3+] WARNING non-converged: pr=4.9359 dr=80.3186 tol=1e-03
[C3+] step=757 |u[0]|=41.37Nm λ_n_max=1.058 η_n_max=1.279 primal=4.936 iters=25/25
[EErel] along_push=-0.048m (neg=correct)  perp=0.079m  ee_to_box=0.092m  stage=3  obj=[0. 0.]  g_hat=[-1. -0.]
[proxy] err=0.212m  effective=[0.188 0.079 0.05 ]
[ADMM-C3+] primal: 6.1274->4.9359  dual: 109.8105->80.3186  mono=False  iters=25/25  rho=25.0
[ADMM-C3+] WARNING non-converged: pr=4.9359 dr=80.3186 tol=1e-03
[C3+] step=762 |u[0]|=33.58Nm λ_n_max=1.058 η_n_max=1.279 primal=4.936 iters=25/25
[CONTACT-RUN] step=160 nhat_BA_W=[+0.000,+0.000,+0.000] p_BCb=[+0.000,+0.000,+0.000] distance=+1.00000 contact_type=NONE
[X-SEQ-PROBE] step=160 x0_box=(+0.00000,+0.00000,+0.04999) x1_box=(-0.01168,-0.00110,+0.02547) x1_box_v=(-0.23502,-0.02352,-0.49050) dt=0.050
[APPROACH-OVERRIDE] step=160 phase=A_lift_trav face_axis=0 face_sign=+1 face_score=+1.000 surf_dist=0.0544m advance=0.0100m target=(+0.1000,+0.0000,+0.1350) p_ee_des=(+0.0519,-0.0725,+0.0638)
[VFF] step=160 mode=c3 alpha=0.000 v_des=(+0.0000,+0.0000,+0.0000) |v_des|=0.0000 sat=0 util_max=0.073@j3
[OSC-FORCE] step=160 mode=c3 lam_des=2.000 lam_ext=2.000
[IMP] step=160 mode=c3 |x_err|=0.0100m |tau_imp|=6.44Nm |tau_ff|=1.04Nm |tau_out|=6.44Nm sat=False lam_n=True lam_t=True
[GS] step=160 mode=c3 switch=kStayInC3 best_k=0 best_src=current curr_cost=134710.67 repos_cost=- best_other=178667.70 met_progress=Y steps_since_improve=31 switches=3
[STEP] step=160 mode=c3 t=1.600s ee=(+0.048,-0.079,+0.057) obj=(+0.000,+0.000,+0.050) goal_dist=0.300m switch=kStayInC3 c3_cost=134710.67 lam_n=0.000 lam_t=0.000 contact=N productive=N f_cmd=(+2.00,+0.00,-0.00)
[GATE-EVOLVE] step=160 curr=134710.67 best_other=178667.70 ratio=0.7540 ee_to_optimal=0.0836m phi=0.0040m
[GS-table] step=160
  k=0 (current   ) pos=(+0.048,-0.079,+0.057) c_C3= 134710.67 align=0.0000(bonus=    0.00) rot=+0.0000(bonus=    0.00) travel=0.000m(pen=  0.00) c_sample= 134710.67 feas=Y ik_err=0.0000m  ← WIN
  k=1 (strat_0   ) pos=(-0.080,-0.000,+0.030) c_C3= 209914.00 align=0.0000(bonus=    0.00) rot=+0.0000(bonus=    0.00) travel=0.153m(pen= 30.52) c_sample= 209944.52 feas=Y ik_err=0.0001m
  k=2 (strat_1   ) pos=(-0.080,+0.015,+0.030) c_C3= 213369.02 align=0.0000(bonus=    0.00) rot=+0.0000(bonus=    0.00) travel=0.161m(pen= 32.18) c_sample= 213401.20 feas=Y ik_err=0.0001m
  k=3 (strat_2   ) pos=(-0.028,-0.080,+0.030) c_C3= 195788.93 align=0.0000(bonus=    0.00) rot=+0.0000(bonus=    0.00) travel=0.080m(pen= 16.03) c_sample= 195804.95 feas=Y ik_err=0.0003m
  k=4 (buffer    ) pos=(+0.080,+0.004,+0.030) c_C3= 208649.04 align=1.0000(bonus=30000.00) rot=+0.0000(bonus=    0.00) travel=0.093m(pen= 18.66) c_sample= 178667.70 feas=Y ik_err=0.0004m
[DRAKE-CONTACT] step=160 n_pairs=1 ee_box_normal=0.000
[GATE-CONTACT] step=160 F_W=(+0.0000,+0.0000,+0.0000) F_on_box=(-0.0000,-0.0000,-0.0000) n_face_out=(-0.0000,-0.0000,-0.0000) A_is_ee=0 box_q=(+1.00000,-0.00001,+0.00001,+0.00000) box_p=(+0.00000,+0.00000,+0.04999) ee_p=(+0.04767,-0.07900,+0.05742)
[EErel] along_push=-0.048m (neg=correct)  perp=0.079m  ee_to_box=0.092m  stage=3  obj=[0. 0.]  g_hat=[-1. -0.]
[proxy] err=0.212m  effective=[0.188 0.079 0.05 ]
[ADMM-C3+] primal: 6.1274->4.9359  dual: 109.8105->80.3186  mono=False  iters=25/25  rho=25.0
[ADMM-C3+] WARNING non-converged: pr=4.9359 dr=80.3186 tol=1e-03
[C3+] step=763 |u[0]|=40.65Nm λ_n_max=1.058 η_n_max=1.279 primal=4.936 iters=25/25
[EErel] along_push=-0.048m (neg=correct)  perp=0.079m  ee_to_box=0.092m  stage=3  obj=[0. 0.]  g_hat=[-1. -0.]
[proxy] err=0.212m  effective=[0.188 0.079 0.05 ]
[ADMM-C3+] primal: 6.1274->4.9359  dual: 109.8105->80.3186  mono=False  iters=25/25  rho=25.0
[ADMM-C3+] WARNING non-converged: pr=4.9359 dr=80.3186 tol=1e-03
[C3+] step=768 |u[0]|=33.32Nm λ_n_max=1.058 η_n_max=1.279 primal=4.936 iters=25/25
[CONTACT-RUN] step=161 nhat_BA_W=[+0.000,+0.000,+0.000] p_BCb=[+0.000,+0.000,+0.000] distance=+1.00000 contact_type=NONE
[X-SEQ-PROBE] step=161 x0_box=(+0.00000,+0.00000,+0.04999) x1_box=(-0.01168,-0.00110,+0.02547) x1_box_v=(-0.23502,-0.02352,-0.49050) dt=0.050
[APPROACH-OVERRIDE] step=161 phase=A_lift_trav face_axis=0 face_sign=+1 face_score=+1.000 surf_dist=0.0544m advance=0.0100m target=(+0.1000,+0.0000,+0.1350) p_ee_des=(+0.0520,-0.0725,+0.0642)
[VFF] step=161 mode=c3 alpha=0.000 v_des=(+0.0000,+0.0000,+0.0000) |v_des|=0.0000 sat=0 util_max=0.046@j3
[OSC-FORCE] step=161 mode=c3 lam_des=2.000 lam_ext=2.000
[GS] step=161 mode=c3 switch=kStayInC3 best_k=0 best_src=current curr_cost=134724.30 repos_cost=- best_other=178326.35 met_progress=Y steps_since_improve=32 switches=3
[STEP] step=161 mode=c3 t=1.610s ee=(+0.048,-0.079,+0.058) obj=(+0.000,+0.000,+0.050) goal_dist=0.300m switch=kStayInC3 c3_cost=134724.30 lam_n=0.000 lam_t=0.000 contact=N productive=N f_cmd=(+2.00,+0.00,-0.00)
[GATE-EVOLVE] step=161 curr=134724.30 best_other=178326.35 ratio=0.7555 ee_to_optimal=0.0836m phi=0.0040m
[DRAKE-CONTACT] step=161 n_pairs=1 ee_box_normal=0.000
[GATE-CONTACT] step=161 F_W=(+0.0000,+0.0000,+0.0000) F_on_box=(-0.0000,-0.0000,-0.0000) n_face_out=(-0.0000,-0.0000,-0.0000) A_is_ee=0 box_q=(+1.00000,-0.00001,+0.00001,+0.00000) box_p=(+0.00000,+0.00000,+0.04999) ee_p=(+0.04768,-0.07898,+0.05792)
[EErel] along_push=-0.048m (neg=correct)  perp=0.079m  ee_to_box=0.092m  stage=3  obj=[0. 0.]  g_hat=[-1. -0.]
[proxy] err=0.211m  effective=[0.188 0.079 0.05 ]
[ADMM-C3+] primal: 6.1274->4.9359  dual: 109.8105->80.3186  mono=False  iters=25/25  rho=25.0
[ADMM-C3+] WARNING non-converged: pr=4.9359 dr=80.3186 tol=1e-03
[C3+] step=769 |u[0]|=40.38Nm λ_n_max=1.058 η_n_max=1.279 primal=4.936 iters=25/25
[EErel] along_push=-0.048m (neg=correct)  perp=0.079m  ee_to_box=0.092m  stage=3  obj=[0. 0.]  g_hat=[-1. -0.]
[proxy] err=0.211m  effective=[0.188 0.079 0.05 ]
[ADMM-C3+] primal: 6.1274->4.9359  dual: 109.8105->80.3186  mono=False  iters=25/25  rho=25.0
[ADMM-C3+] WARNING non-converged: pr=4.9359 dr=80.3186 tol=1e-03
[C3+] step=774 |u[0]|=33.33Nm λ_n_max=1.058 η_n_max=1.279 primal=4.936 iters=25/25
[CONTACT-RUN] step=162 nhat_BA_W=[+0.000,+0.000,+0.000] p_BCb=[+0.000,+0.000,+0.000] distance=+1.00000 contact_type=NONE
[X-SEQ-PROBE] step=162 x0_box=(+0.00000,+0.00000,+0.04999) x1_box=(-0.01168,-0.00110,+0.02547) x1_box_v=(-0.23502,-0.02352,-0.49050) dt=0.050
[APPROACH-OVERRIDE] step=162 phase=A_lift_trav face_axis=0 face_sign=+1 face_score=+1.000 surf_dist=0.0542m advance=0.0100m target=(+0.1000,+0.0000,+0.1350) p_ee_des=(+0.0521,-0.0723,+0.0648)
[VFF] step=162 mode=c3 alpha=0.000 v_des=(+0.0000,+0.0000,+0.0000) |v_des|=0.0000 sat=0 util_max=0.029@j3
[OSC-FORCE] step=162 mode=c3 lam_des=2.000 lam_ext=2.000
[GS] step=162 mode=c3 switch=kStayInC3 best_k=0 best_src=current curr_cost=134707.48 repos_cost=- best_other=178153.27 met_progress=Y steps_since_improve=33 switches=3
[STEP] step=162 mode=c3 t=1.620s ee=(+0.048,-0.079,+0.058) obj=(+0.000,+0.000,+0.050) goal_dist=0.300m switch=kStayInC3 c3_cost=134707.48 lam_n=0.000 lam_t=0.000 contact=N productive=N f_cmd=(+2.00,+0.00,-0.00)
[GATE-EVOLVE] step=162 curr=134707.48 best_other=178153.27 ratio=0.7561 ee_to_optimal=0.0833m phi=0.0038m
[DRAKE-CONTACT] step=162 n_pairs=1 ee_box_normal=0.000
[GATE-CONTACT] step=162 F_W=(+0.0000,+0.0000,+0.0000) F_on_box=(-0.0000,-0.0000,-0.0000) n_face_out=(-0.0000,-0.0000,-0.0000) A_is_ee=0 box_q=(+1.00000,-0.00001,+0.00001,+0.00000) box_p=(+0.00000,+0.00000,+0.04999) ee_p=(+0.04780,-0.07875,+0.05849)
[EErel] along_push=-0.048m (neg=correct)  perp=0.078m  ee_to_box=0.092m  stage=3  obj=[0. 0.]  g_hat=[-1. -0.]
[proxy] err=0.210m  effective=[0.188 0.078 0.05 ]
[ADMM-C3+] primal: 6.1274->4.9359  dual: 109.8105->80.3186  mono=False  iters=25/25  rho=25.0
[ADMM-C3+] WARNING non-converged: pr=4.9359 dr=80.3186 tol=1e-03
[C3+] step=775 |u[0]|=40.13Nm λ_n_max=1.058 η_n_max=1.279 primal=4.936 iters=25/25
[EErel] along_push=-0.048m (neg=correct)  perp=0.078m  ee_to_box=0.092m  stage=3  obj=[0. 0.]  g_hat=[-1. -0.]
[proxy] err=0.210m  effective=[0.188 0.078 0.05 ]
[ADMM-C3+] primal: 6.1274->4.9359  dual: 109.8105->80.3186  mono=False  iters=25/25  rho=25.0
[ADMM-C3+] WARNING non-converged: pr=4.9359 dr=80.3186 tol=1e-03
[C3+] step=780 |u[0]|=33.26Nm λ_n_max=1.058 η_n_max=1.279 primal=4.936 iters=25/25
[CONTACT-RUN] step=163 nhat_BA_W=[+0.000,+0.000,+0.000] p_BCb=[+0.000,+0.000,+0.000] distance=+1.00000 contact_type=NONE
[X-SEQ-PROBE] step=163 x0_box=(+0.00000,+0.00000,+0.04999) x1_box=(-0.01168,-0.00110,+0.02547) x1_box_v=(-0.23502,-0.02352,-0.49050) dt=0.050
[APPROACH-OVERRIDE] step=163 phase=A_lift_trav face_axis=0 face_sign=+1 face_score=+1.000 surf_dist=0.0539m advance=0.0100m target=(+0.1000,+0.0000,+0.1350) p_ee_des=(+0.0523,-0.0719,+0.0654)
[VFF] step=163 mode=c3 alpha=0.000 v_des=(+0.0000,+0.0000,+0.0000) |v_des|=0.0000 sat=0 util_max=0.019@j3
[OSC-FORCE] step=163 mode=c3 lam_des=2.000 lam_ext=2.000
[GS] step=163 mode=c3 switch=kStayInC3 best_k=0 best_src=current curr_cost=134695.13 repos_cost=- best_other=178080.24 met_progress=Y steps_since_improve=34 switches=3
[STEP] step=163 mode=c3 t=1.630s ee=(+0.048,-0.078,+0.059) obj=(+0.000,+0.000,+0.050) goal_dist=0.300m switch=kStayInC3 c3_cost=134695.13 lam_n=0.000 lam_t=0.000 contact=N productive=N f_cmd=(+2.00,+0.00,-0.00)
[GATE-EVOLVE] step=163 curr=134695.13 best_other=178080.24 ratio=0.7564 ee_to_optimal=0.0829m phi=0.0034m
[DRAKE-CONTACT] step=163 n_pairs=1 ee_box_normal=0.000
[GATE-CONTACT] step=163 F_W=(+0.0000,+0.0000,+0.0000) F_on_box=(-0.0000,-0.0000,-0.0000) n_face_out=(-0.0000,-0.0000,-0.0000) A_is_ee=0 box_q=(+1.00000,-0.00001,+0.00001,+0.00000) box_p=(+0.00000,+0.00000,+0.04999) ee_p=(+0.04798,-0.07838,+0.05910)
[EErel] along_push=-0.048m (neg=correct)  perp=0.078m  ee_to_box=0.092m  stage=3  obj=[0. 0.]  g_hat=[-1. -0.]
[proxy] err=0.209m  effective=[0.187 0.078 0.05 ]
[ADMM-C3+] primal: 6.1274->4.9359  dual: 109.8105->80.3186  mono=False  iters=25/25  rho=25.0
[ADMM-C3+] WARNING non-converged: pr=4.9359 dr=80.3186 tol=1e-03
[C3+] step=781 |u[0]|=39.90Nm λ_n_max=1.058 η_n_max=1.279 primal=4.936 iters=25/25
[EErel] along_push=-0.048m (neg=correct)  perp=0.078m  ee_to_box=0.092m  stage=3  obj=[0. 0.]  g_hat=[-1. -0.]
[proxy] err=0.209m  effective=[0.187 0.078 0.05 ]
[ADMM-C3+] primal: 6.1274->4.9359  dual: 109.8105->80.3186  mono=False  iters=25/25  rho=25.0
[ADMM-C3+] WARNING non-converged: pr=4.9359 dr=80.3186 tol=1e-03
[C3+] step=786 |u[0]|=33.30Nm λ_n_max=1.058 η_n_max=1.279 primal=4.936 iters=25/25
[CONTACT-RUN] step=164 nhat_BA_W=[+0.000,+0.000,+0.000] p_BCb=[+0.000,+0.000,+0.000] distance=+1.00000 contact_type=NONE
[X-SEQ-PROBE] step=164 x0_box=(+0.00000,+0.00000,+0.04999) x1_box=(-0.01168,-0.00110,+0.02547) x1_box_v=(-0.23502,-0.02352,-0.49050) dt=0.050
[APPROACH-OVERRIDE] step=164 phase=A_lift_trav face_axis=0 face_sign=+1 face_score=+1.000 surf_dist=0.0536m advance=0.0100m target=(+0.1000,+0.0000,+0.1350) p_ee_des=(+0.0525,-0.0714,+0.0660)
[VFF] step=164 mode=c3 alpha=0.000 v_des=(+0.0000,+0.0000,+0.0000) |v_des|=0.0000 sat=0 util_max=0.012@j3
[OSC-FORCE] step=164 mode=c3 lam_des=2.000 lam_ext=2.000
[GS] step=164 mode=c3 switch=kStayInC3 best_k=0 best_src=current curr_cost=134684.21 repos_cost=- best_other=178062.43 met_progress=Y steps_since_improve=35 switches=3
[STEP] step=164 mode=c3 t=1.640s ee=(+0.048,-0.078,+0.060) obj=(+0.000,+0.000,+0.050) goal_dist=0.300m switch=kStayInC3 c3_cost=134684.21 lam_n=0.000 lam_t=0.000 contact=N productive=N f_cmd=(+2.00,+0.00,-0.00)
[GATE-EVOLVE] step=164 curr=134684.21 best_other=178062.43 ratio=0.7564 ee_to_optimal=0.0824m phi=0.0029m
[DRAKE-CONTACT] step=164 n_pairs=1 ee_box_normal=0.000
[GATE-CONTACT] step=164 F_W=(+0.0000,+0.0000,+0.0000) F_on_box=(-0.0000,-0.0000,-0.0000) n_face_out=(-0.0000,-0.0000,-0.0000) A_is_ee=0 box_q=(+1.00000,-0.00001,+0.00001,+0.00000) box_p=(+0.00000,+0.00000,+0.04999) ee_p=(+0.04820,-0.07793,+0.05974)
[EErel] along_push=-0.048m (neg=correct)  perp=0.077m  ee_to_box=0.091m  stage=3  obj=[0. 0.]  g_hat=[-1. -0.]
[proxy] err=0.208m  effective=[0.187 0.077 0.05 ]
[ADMM-C3+] primal: 6.1274->4.9359  dual: 109.8105->80.3186  mono=False  iters=25/25  rho=25.0
[ADMM-C3+] WARNING non-converged: pr=4.9359 dr=80.3186 tol=1e-03
[C3+] step=787 |u[0]|=39.71Nm λ_n_max=1.058 η_n_max=1.279 primal=4.936 iters=25/25
[EErel] along_push=-0.048m (neg=correct)  perp=0.077m  ee_to_box=0.091m  stage=3  obj=[0. 0.]  g_hat=[-1. -0.]
[proxy] err=0.208m  effective=[0.187 0.077 0.05 ]
[ADMM-C3+] primal: 6.1274->4.9359  dual: 109.8105->80.3186  mono=False  iters=25/25  rho=25.0
[ADMM-C3+] WARNING non-converged: pr=4.9359 dr=80.3186 tol=1e-03
[C3+] step=792 |u[0]|=33.29Nm λ_n_max=1.058 η_n_max=1.279 primal=4.936 iters=25/25
[CONTACT-RUN] step=165 nhat_BA_W=[+0.000,+0.000,+0.000] p_BCb=[+0.000,+0.000,+0.000] distance=+1.00000 contact_type=NONE
[X-SEQ-PROBE] step=165 x0_box=(+0.00000,+0.00000,+0.04999) x1_box=(-0.01168,-0.00110,+0.02547) x1_box_v=(-0.23502,-0.02352,-0.49050) dt=0.050
[APPROACH-OVERRIDE] step=165 phase=A_lift_trav face_axis=0 face_sign=+1 face_score=+1.000 surf_dist=0.0531m advance=0.0100m target=(+0.1000,+0.0000,+0.1350) p_ee_des=(+0.0528,-0.0709,+0.0666)
[VFF] step=165 mode=c3 alpha=0.000 v_des=(+0.0000,+0.0000,+0.0000) |v_des|=0.0000 sat=0 util_max=0.008@j3
[OSC-FORCE] step=165 mode=c3 lam_des=2.000 lam_ext=2.000
[GS] step=165 mode=c3 switch=kStayInC3 best_k=0 best_src=current curr_cost=134674.04 repos_cost=- best_other=178073.99 met_progress=Y steps_since_improve=36 switches=3
[STEP] step=165 mode=c3 t=1.650s ee=(+0.048,-0.077,+0.060) obj=(+0.000,+0.000,+0.050) goal_dist=0.300m switch=kStayInC3 c3_cost=134674.04 lam_n=0.000 lam_t=0.000 contact=N productive=N f_cmd=(+2.00,+0.00,-0.00)
[GATE-EVOLVE] step=165 curr=134674.04 best_other=178073.99 ratio=0.7563 ee_to_optimal=0.0819m phi=0.0024m
[DRAKE-CONTACT] step=165 n_pairs=1 ee_box_normal=0.000
[GATE-CONTACT] step=165 F_W=(+0.0000,+0.0000,+0.0000) F_on_box=(-0.0000,-0.0000,-0.0000) n_face_out=(-0.0000,-0.0000,-0.0000) A_is_ee=0 box_q=(+1.00000,-0.00001,+0.00001,+0.00000) box_p=(+0.00000,+0.00000,+0.04999) ee_p=(+0.04844,-0.07743,+0.06039)
[EErel] along_push=-0.049m (neg=correct)  perp=0.077m  ee_to_box=0.091m  stage=3  obj=[0. 0.]  g_hat=[-1. -0.]
[proxy] err=0.207m  effective=[0.187 0.077 0.05 ]
[ADMM-C3+] primal: 11.2250->8.8511  dual: 796.6325->235.0970  mono=False  iters=25/25  rho=25.0
[ADMM-C3+] WARNING non-converged: pr=8.8511 dr=235.0970 tol=1e-03
[C3+] step=793 |u[0]|=37.69Nm λ_n_max=0.920 η_n_max=1.386 primal=8.851 iters=25/25
[EErel] along_push=-0.049m (neg=correct)  perp=0.077m  ee_to_box=0.091m  stage=3  obj=[0. 0.]  g_hat=[-1. -0.]
[proxy] err=0.207m  effective=[0.187 0.077 0.05 ]
[ADMM-C3+] primal: 11.0791->9.1185  dual: 1000.1055->324.5439  mono=False  iters=25/25  rho=25.0
[ADMM-C3+] WARNING non-converged: pr=9.1185 dr=324.5439 tol=1e-03
[C3+] step=798 |u[0]|=35.80Nm λ_n_max=0.838 η_n_max=3.089 primal=9.118 iters=25/25
[CONTACT-RUN] step=166 nhat_BA_W=[+0.000,-1.000,+0.000] p_BCb=[+0.049,-0.050,+0.011] distance=+0.00189 contact_type=EE-BOX
[X-SEQ-PROBE] step=166 x0_box=(+0.00000,+0.00000,+0.04999) x1_box=(-0.03748,+0.00015,+0.02547) x1_box_v=(-0.75104,+0.00146,-0.49039) dt=0.050
[VFF] step=166 mode=c3 alpha=0.000 v_des=(+0.0000,+0.0000,+0.0000) |v_des|=0.0000 sat=0 util_max=0.258@j3
[OSC-FORCE] step=166 mode=c3 lam_des=2.000 lam_ext=2.000
[GS] step=166 mode=c3 switch=kStayInC3 best_k=0 best_src=current curr_cost=37755.41 repos_cost=- best_other=178100.51 met_progress=Y steps_since_improve=37 switches=3
[STEP] step=166 mode=c3 t=1.660s ee=(+0.049,-0.077,+0.061) obj=(+0.000,+0.000,+0.050) goal_dist=0.300m switch=kStayInC3 c3_cost=37755.41 lam_n=0.000 lam_t=0.000 contact=Y productive=N f_cmd=(+2.00,+0.00,-0.00)
[GATE-EVOLVE] step=166 curr=37755.41 best_other=178100.51 ratio=0.2120 ee_to_optimal=0.0813m phi=0.0019m
[DRAKE-CONTACT] step=166 n_pairs=1 ee_box_normal=0.000
[GATE-CONTACT] step=166 F_W=(+0.0000,+0.0000,+0.0000) F_on_box=(-0.0000,-0.0000,-0.0000) n_face_out=(-0.0000,-0.0000,-0.0000) A_is_ee=0 box_q=(+1.00000,-0.00001,+0.00001,+0.00000) box_p=(+0.00000,+0.00000,+0.04999) ee_p=(+0.04870,-0.07689,+0.06105)
[EErel] along_push=-0.049m (neg=correct)  perp=0.077m  ee_to_box=0.091m  stage=3  obj=[0. 0.]  g_hat=[-1. -0.]
[proxy] err=0.207m  effective=[0.186 0.077 0.05 ]
[ADMM-C3+] primal: 11.1977->8.0722  dual: 793.8387->261.2061  mono=False  iters=25/25  rho=25.0
[ADMM-C3+] WARNING non-converged: pr=8.0722 dr=261.2061 tol=1e-03
[C3+] step=799 |u[0]|=39.96Nm λ_n_max=0.757 η_n_max=1.400 primal=8.072 iters=25/25
[EErel] along_push=-0.049m (neg=correct)  perp=0.077m  ee_to_box=0.091m  stage=3  obj=[0. 0.]  g_hat=[-1. -0.]
[proxy] err=0.207m  effective=[0.186 0.077 0.05 ]
[ADMM-C3+] primal: 10.8941->9.0865  dual: 986.3050->333.4762  mono=False  iters=25/25  rho=25.0
[ADMM-C3+] WARNING non-converged: pr=9.0865 dr=333.4762 tol=1e-03
[C3+] step=804 |u[0]|=34.58Nm λ_n_max=0.804 η_n_max=2.953 primal=9.087 iters=25/25
[CONTACT-RUN] step=167 nhat_BA_W=[+0.000,-1.000,+0.000] p_BCb=[+0.049,-0.050,+0.012] distance=+0.00185 contact_type=EE-BOX
[X-SEQ-PROBE] step=167 x0_box=(+0.00000,+0.00000,+0.04999) x1_box=(-0.03726,+0.00015,+0.02547) x1_box_v=(-0.74676,+0.00146,-0.49050) dt=0.050
[VFF] step=167 mode=c3 alpha=0.000 v_des=(+0.0000,+0.0000,+0.0000) |v_des|=0.0000 sat=0 util_max=0.228@j3
[OSC-FORCE] step=167 mode=c3 lam_des=2.000 lam_ext=2.000
[GS] step=167 mode=c3 switch=kStayInC3 best_k=0 best_src=current curr_cost=37810.70 repos_cost=- best_other=179431.42 met_progress=Y steps_since_improve=38 switches=3
[STEP] step=167 mode=c3 t=1.670s ee=(+0.049,-0.077,+0.062) obj=(+0.000,+0.000,+0.050) goal_dist=0.300m switch=kStayInC3 c3_cost=37810.70 lam_n=0.000 lam_t=0.000 contact=Y productive=N f_cmd=(+2.00,+0.00,-0.00)
[GATE-EVOLVE] step=167 curr=37810.70 best_other=179431.42 ratio=0.2107 ee_to_optimal=0.0812m phi=0.0019m
[DRAKE-CONTACT] step=167 n_pairs=1 ee_box_normal=0.000
[GATE-CONTACT] step=167 F_W=(+0.0000,+0.0000,+0.0000) F_on_box=(-0.0000,-0.0000,-0.0000) n_face_out=(-0.0000,-0.0000,-0.0000) A_is_ee=0 box_q=(+1.00000,-0.00001,+0.00001,+0.00000) box_p=(+0.00000,+0.00000,+0.04999) ee_p=(+0.04866,-0.07685,+0.06151)
[EErel] along_push=-0.048m (neg=correct)  perp=0.078m  ee_to_box=0.091m  stage=3  obj=[0. 0.]  g_hat=[-1. -0.]
[proxy] err=0.209m  effective=[0.187 0.078 0.05 ]
[ADMM-C3+] primal: 6.1274->4.9359  dual: 109.8105->80.3185  mono=False  iters=25/25  rho=25.0
[ADMM-C3+] WARNING non-converged: pr=4.9359 dr=80.3185 tol=1e-03
[C3+] step=805 |u[0]|=42.56Nm λ_n_max=1.058 η_n_max=1.279 primal=4.936 iters=25/25
[EErel] along_push=-0.048m (neg=correct)  perp=0.078m  ee_to_box=0.091m  stage=3  obj=[0. 0.]  g_hat=[-1. -0.]
[proxy] err=0.209m  effective=[0.187 0.078 0.05 ]
[ADMM-C3+] primal: 6.1274->4.9359  dual: 109.8105->80.3186  mono=False  iters=25/25  rho=25.0
[ADMM-C3+] WARNING non-converged: pr=4.9359 dr=80.3186 tol=1e-03
[C3+] step=810 |u[0]|=34.17Nm λ_n_max=1.058 η_n_max=1.279 primal=4.936 iters=25/25
[CONTACT-RUN] step=168 nhat_BA_W=[+0.000,+0.000,+0.000] p_BCb=[+0.000,+0.000,+0.000] distance=+1.00000 contact_type=NONE
[X-SEQ-PROBE] step=168 x0_box=(+0.00000,+0.00000,+0.04999) x1_box=(-0.01168,-0.00110,+0.02547) x1_box_v=(-0.23502,-0.02352,-0.49050) dt=0.050
[APPROACH-OVERRIDE] step=168 phase=A_lift_trav face_axis=0 face_sign=+1 face_score=+1.000 surf_dist=0.0536m advance=0.0100m target=(+0.1000,+0.0000,+0.1350) p_ee_des=(+0.0525,-0.0712,+0.0678)
[VFF] step=168 mode=c3 alpha=0.000 v_des=(+0.0000,+0.0000,+0.0000) |v_des|=0.0000 sat=0 util_max=0.190@j3
[OSC-FORCE] step=168 mode=c3 lam_des=2.000 lam_ext=2.000
[GS] step=168 mode=c3 switch=kStayInC3 best_k=0 best_src=current curr_cost=134741.05 repos_cost=- best_other=180574.39 met_progress=Y steps_since_improve=39 switches=3
[STEP] step=168 mode=c3 t=1.680s ee=(+0.048,-0.078,+0.062) obj=(+0.000,+0.000,+0.050) goal_dist=0.300m switch=kStayInC3 c3_cost=134741.05 lam_n=0.000 lam_t=0.000 contact=N productive=N f_cmd=(+2.00,+0.00,-0.00)
[GATE-EVOLVE] step=168 curr=134741.05 best_other=180574.39 ratio=0.7462 ee_to_optimal=0.0822m phi=0.0027m
[DRAKE-CONTACT] step=168 n_pairs=1 ee_box_normal=0.000
[GATE-CONTACT] step=168 F_W=(+0.0000,+0.0000,+0.0000) F_on_box=(-0.0000,-0.0000,-0.0000) n_face_out=(-0.0000,-0.0000,-0.0000) A_is_ee=0 box_q=(+1.00000,-0.00001,+0.00001,+0.00000) box_p=(+0.00000,+0.00000,+0.04999) ee_p=(+0.04817,-0.07771,+0.06158)
[EErel] along_push=-0.048m (neg=correct)  perp=0.079m  ee_to_box=0.092m  stage=3  obj=[0. 0.]  g_hat=[-1. -0.]
[proxy] err=0.211m  effective=[0.188 0.079 0.05 ]
[ADMM-C3+] primal: 6.1274->4.9359  dual: 109.8105->80.3186  mono=False  iters=25/25  rho=25.0
[ADMM-C3+] WARNING non-converged: pr=4.9359 dr=80.3186 tol=1e-03
[C3+] step=811 |u[0]|=41.89Nm λ_n_max=1.058 η_n_max=1.279 primal=4.936 iters=25/25
[EErel] along_push=-0.048m (neg=correct)  perp=0.079m  ee_to_box=0.092m  stage=3  obj=[0. 0.]  g_hat=[-1. -0.]
[proxy] err=0.211m  effective=[0.188 0.079 0.05 ]
[ADMM-C3+] primal: 6.1274->4.9359  dual: 109.8105->80.3186  mono=False  iters=25/25  rho=25.0
[ADMM-C3+] WARNING non-converged: pr=4.9359 dr=80.3186 tol=1e-03
[C3+] step=816 |u[0]|=33.87Nm λ_n_max=1.058 η_n_max=1.279 primal=4.936 iters=25/25
[CONTACT-RUN] step=169 nhat_BA_W=[+0.000,+0.000,+0.000] p_BCb=[+0.000,+0.000,+0.000] distance=+1.00000 contact_type=NONE
[X-SEQ-PROBE] step=169 x0_box=(+0.00000,+0.00000,+0.04999) x1_box=(-0.01168,-0.00110,+0.02547) x1_box_v=(-0.23502,-0.02352,-0.49050) dt=0.050
[APPROACH-OVERRIDE] step=169 phase=A_lift_trav face_axis=0 face_sign=+1 face_score=+1.000 surf_dist=0.0545m advance=0.0100m target=(+0.1000,+0.0000,+0.1350) p_ee_des=(+0.0521,-0.0720,+0.0678)
[VFF] step=169 mode=c3 alpha=0.000 v_des=(+0.0000,+0.0000,+0.0000) |v_des|=0.0000 sat=0 util_max=0.118@j3
[OSC-FORCE] step=169 mode=c3 lam_des=2.000 lam_ext=2.000
[GS] step=169 mode=c3 switch=kStayInC3 best_k=0 best_src=current curr_cost=134727.66 repos_cost=- best_other=179463.23 met_progress=Y steps_since_improve=40 switches=3
[STEP] step=169 mode=c3 t=1.690s ee=(+0.048,-0.079,+0.062) obj=(+0.000,+0.000,+0.050) goal_dist=0.300m switch=kStayInC3 c3_cost=134727.66 lam_n=0.000 lam_t=0.000 contact=N productive=N f_cmd=(+2.00,+0.00,-0.00)
[GATE-EVOLVE] step=169 curr=134727.66 best_other=179463.23 ratio=0.7507 ee_to_optimal=0.0832m phi=0.0036m
[DRAKE-CONTACT] step=169 n_pairs=1 ee_box_normal=0.000
[GATE-CONTACT] step=169 F_W=(+0.0000,+0.0000,+0.0000) F_on_box=(-0.0000,-0.0000,-0.0000) n_face_out=(-0.0000,-0.0000,-0.0000) A_is_ee=0 box_q=(+1.00000,-0.00001,+0.00001,+0.00000) box_p=(+0.00000,+0.00000,+0.04999) ee_p=(+0.04774,-0.07858,+0.06166)
[EErel] along_push=-0.048m (neg=correct)  perp=0.079m  ee_to_box=0.092m  stage=3  obj=[0. 0.]  g_hat=[-1. -0.]
[proxy] err=0.212m  effective=[0.188 0.079 0.05 ]
[ADMM-C3+] primal: 6.1274->4.9359  dual: 109.8105->80.3186  mono=False  iters=25/25  rho=25.0
[ADMM-C3+] WARNING non-converged: pr=4.9359 dr=80.3186 tol=1e-03
[C3+] step=817 |u[0]|=40.93Nm λ_n_max=1.058 η_n_max=1.279 primal=4.936 iters=25/25
[EErel] along_push=-0.048m (neg=correct)  perp=0.079m  ee_to_box=0.092m  stage=3  obj=[0. 0.]  g_hat=[-1. -0.]
[proxy] err=0.212m  effective=[0.188 0.079 0.05 ]
[ADMM-C3+] primal: 6.1274->4.9359  dual: 109.8105->80.3186  mono=False  iters=25/25  rho=25.0
[ADMM-C3+] WARNING non-converged: pr=4.9359 dr=80.3186 tol=1e-03
[C3+] step=822 |u[0]|=33.81Nm λ_n_max=1.058 η_n_max=1.279 primal=4.936 iters=25/25
[CONTACT-RUN] step=170 nhat_BA_W=[+0.000,+0.000,+0.000] p_BCb=[+0.000,+0.000,+0.000] distance=+1.00000 contact_type=NONE
[X-SEQ-PROBE] step=170 x0_box=(+0.00000,+0.00000,+0.04999) x1_box=(-0.01168,-0.00110,+0.02547) x1_box_v=(-0.23502,-0.02352,-0.49050) dt=0.050
[APPROACH-OVERRIDE] step=170 phase=A_lift_trav face_axis=0 face_sign=+1 face_score=+1.000 surf_dist=0.0548m advance=0.0100m target=(+0.1000,+0.0000,+0.1350) p_ee_des=(+0.0520,-0.0723,+0.0681)
[VFF] step=170 mode=c3 alpha=0.000 v_des=(+0.0000,+0.0000,+0.0000) |v_des|=0.0000 sat=0 util_max=0.074@j3
[OSC-FORCE] step=170 mode=c3 lam_des=2.000 lam_ext=2.000
[IMP] step=170 mode=c3 |x_err|=0.0100m |tau_imp|=6.47Nm |tau_ff|=1.04Nm |tau_out|=6.47Nm sat=False lam_n=True lam_t=True
[GS] step=170 mode=c3 switch=kStayInC3 best_k=0 best_src=current curr_cost=134745.71 repos_cost=- best_other=178901.27 met_progress=Y steps_since_improve=41 switches=3
[STEP] step=170 mode=c3 t=1.700s ee=(+0.048,-0.079,+0.062) obj=(+0.000,+0.000,+0.050) goal_dist=0.300m switch=kStayInC3 c3_cost=134745.71 lam_n=0.000 lam_t=0.000 contact=N productive=N f_cmd=(+2.00,+0.00,-0.00)
[GATE-EVOLVE] step=170 curr=134745.71 best_other=178901.27 ratio=0.7532 ee_to_optimal=0.0835m phi=0.0039m
[DRAKE-CONTACT] step=170 n_pairs=1 ee_box_normal=0.000
[GATE-CONTACT] step=170 F_W=(+0.0000,+0.0000,+0.0000) F_on_box=(-0.0000,-0.0000,-0.0000) n_face_out=(-0.0000,-0.0000,-0.0000) A_is_ee=0 box_q=(+1.00000,-0.00001,+0.00001,+0.00000) box_p=(+0.00000,+0.00000,+0.04999) ee_p=(+0.04759,-0.07890,+0.06198)
[EErel] along_push=-0.048m (neg=correct)  perp=0.079m  ee_to_box=0.092m  stage=3  obj=[0. 0.]  g_hat=[-1. -0.]
[proxy] err=0.212m  effective=[0.188 0.079 0.05 ]
[ADMM-C3+] primal: 6.1274->4.9359  dual: 109.8105->80.3186  mono=False  iters=25/25  rho=25.0
[ADMM-C3+] WARNING non-converged: pr=4.9359 dr=80.3186 tol=1e-03
[C3+] step=823 |u[0]|=40.30Nm λ_n_max=1.058 η_n_max=1.279 primal=4.936 iters=25/25
[EErel] along_push=-0.048m (neg=correct)  perp=0.079m  ee_to_box=0.092m  stage=3  obj=[0. 0.]  g_hat=[-1. -0.]
[proxy] err=0.212m  effective=[0.188 0.079 0.05 ]
[ADMM-C3+] primal: 6.1274->4.9359  dual: 109.8105->80.3186  mono=False  iters=25/25  rho=25.0
[ADMM-C3+] WARNING non-converged: pr=4.9359 dr=80.3186 tol=1e-03
[C3+] step=828 |u[0]|=33.59Nm λ_n_max=1.058 η_n_max=1.279 primal=4.936 iters=25/25
[CONTACT-RUN] step=171 nhat_BA_W=[+0.000,+0.000,+0.000] p_BCb=[+0.000,+0.000,+0.000] distance=+1.00000 contact_type=NONE
[X-SEQ-PROBE] step=171 x0_box=(+0.00000,+0.00000,+0.04999) x1_box=(-0.01168,-0.00110,+0.02547) x1_box_v=(-0.23502,-0.02352,-0.49050) dt=0.050
[APPROACH-OVERRIDE] step=171 phase=A_lift_trav face_axis=0 face_sign=+1 face_score=+1.000 surf_dist=0.0549m advance=0.0100m target=(+0.1000,+0.0000,+0.1350) p_ee_des=(+0.0520,-0.0723,+0.0685)
[VFF] step=171 mode=c3 alpha=0.000 v_des=(+0.0000,+0.0000,+0.0000) |v_des|=0.0000 sat=0 util_max=0.046@j3
[OSC-FORCE] step=171 mode=c3 lam_des=2.000 lam_ext=2.000
[GS] step=171 mode=c3 switch=kStayInC3 best_k=0 best_src=current curr_cost=134750.35 repos_cost=- best_other=178587.34 met_progress=Y steps_since_improve=42 switches=3
[STEP] step=171 mode=c3 t=1.710s ee=(+0.048,-0.079,+0.062) obj=(+0.000,+0.000,+0.050) goal_dist=0.300m switch=kStayInC3 c3_cost=134750.35 lam_n=0.000 lam_t=0.000 contact=N productive=N f_cmd=(+2.00,+0.00,-0.00)
[GATE-EVOLVE] step=171 curr=134750.35 best_other=178587.34 ratio=0.7545 ee_to_optimal=0.0835m phi=0.0039m
[DRAKE-CONTACT] step=171 n_pairs=1 ee_box_normal=0.000
[GATE-CONTACT] step=171 F_W=(+0.0000,+0.0000,+0.0000) F_on_box=(-0.0000,-0.0000,-0.0000) n_face_out=(-0.0000,-0.0000,-0.0000) A_is_ee=0 box_q=(+1.00000,-0.00001,+0.00001,+0.00000) box_p=(+0.00000,+0.00000,+0.04999) ee_p=(+0.04761,-0.07887,+0.06245)
[EErel] along_push=-0.048m (neg=correct)  perp=0.079m  ee_to_box=0.092m  stage=3  obj=[0. 0.]  g_hat=[-1. -0.]
[proxy] err=0.211m  effective=[0.188 0.079 0.05 ]
[ADMM-C3+] primal: 6.1274->4.9359  dual: 109.8105->80.3186  mono=False  iters=25/25  rho=25.0
[ADMM-C3+] WARNING non-converged: pr=4.9359 dr=80.3186 tol=1e-03
[C3+] step=829 |u[0]|=40.03Nm λ_n_max=1.058 η_n_max=1.279 primal=4.936 iters=25/25
[EErel] along_push=-0.048m (neg=correct)  perp=0.079m  ee_to_box=0.092m  stage=3  obj=[0. 0.]  g_hat=[-1. -0.]
[proxy] err=0.211m  effective=[0.188 0.079 0.05 ]
[ADMM-C3+] primal: 6.1274->4.9359  dual: 109.8105->80.3186  mono=False  iters=25/25  rho=25.0
[ADMM-C3+] WARNING non-converged: pr=4.9359 dr=80.3186 tol=1e-03
[C3+] step=834 |u[0]|=33.60Nm λ_n_max=1.058 η_n_max=1.279 primal=4.936 iters=25/25
[CONTACT-RUN] step=172 nhat_BA_W=[+0.000,+0.000,+0.000] p_BCb=[+0.000,+0.000,+0.000] distance=+1.00000 contact_type=NONE
[X-SEQ-PROBE] step=172 x0_box=(+0.00000,+0.00000,+0.04999) x1_box=(-0.01168,-0.00110,+0.02547) x1_box_v=(-0.23502,-0.02352,-0.49050) dt=0.050
[APPROACH-OVERRIDE] step=172 phase=A_lift_trav face_axis=0 face_sign=+1 face_score=+1.000 surf_dist=0.0547m advance=0.0100m target=(+0.1000,+0.0000,+0.1350) p_ee_des=(+0.0521,-0.0720,+0.0691)
[VFF] step=172 mode=c3 alpha=0.000 v_des=(+0.0000,+0.0000,+0.0000) |v_des|=0.0000 sat=0 util_max=0.029@j3
[OSC-FORCE] step=172 mode=c3 lam_des=2.000 lam_ext=2.000
[GS] step=172 mode=c3 switch=kStayInC3 best_k=0 best_src=current curr_cost=134733.38 repos_cost=- best_other=178435.05 met_progress=Y steps_since_improve=43 switches=3
[STEP] step=172 mode=c3 t=1.720s ee=(+0.048,-0.079,+0.063) obj=(+0.000,+0.000,+0.050) goal_dist=0.300m switch=kStayInC3 c3_cost=134733.38 lam_n=0.000 lam_t=0.000 contact=N productive=N f_cmd=(+2.00,+0.00,-0.00)
[GATE-EVOLVE] step=172 curr=134733.38 best_other=178435.05 ratio=0.7551 ee_to_optimal=0.0832m phi=0.0036m
[DRAKE-CONTACT] step=172 n_pairs=1 ee_box_normal=0.000
[GATE-CONTACT] step=172 F_W=(+0.0000,+0.0000,+0.0000) F_on_box=(-0.0000,-0.0000,-0.0000) n_face_out=(-0.0000,-0.0000,-0.0000) A_is_ee=0 box_q=(+1.00000,-0.00001,+0.00001,+0.00000) box_p=(+0.00000,+0.00000,+0.04999) ee_p=(+0.04774,-0.07863,+0.06300)
[EErel] along_push=-0.048m (neg=correct)  perp=0.078m  ee_to_box=0.092m  stage=3  obj=[0. 0.]  g_hat=[-1. -0.]
[proxy] err=0.210m  effective=[0.188 0.078 0.05 ]
[ADMM-C3+] primal: 6.1274->4.9359  dual: 109.8105->80.3186  mono=False  iters=25/25  rho=25.0
[ADMM-C3+] WARNING non-converged: pr=4.9359 dr=80.3186 tol=1e-03
[C3+] step=835 |u[0]|=39.80Nm λ_n_max=1.058 η_n_max=1.279 primal=4.936 iters=25/25
[EErel] along_push=-0.048m (neg=correct)  perp=0.078m  ee_to_box=0.092m  stage=3  obj=[0. 0.]  g_hat=[-1. -0.]
[proxy] err=0.210m  effective=[0.188 0.078 0.05 ]
[ADMM-C3+] primal: 6.1274->4.9359  dual: 109.8105->80.3186  mono=False  iters=25/25  rho=25.0
[ADMM-C3+] WARNING non-converged: pr=4.9359 dr=80.3186 tol=1e-03
[C3+] step=840 |u[0]|=33.55Nm λ_n_max=1.058 η_n_max=1.279 primal=4.936 iters=25/25
[CONTACT-RUN] step=173 nhat_BA_W=[+0.000,+0.000,+0.000] p_BCb=[+0.000,+0.000,+0.000] distance=+1.00000 contact_type=NONE
[X-SEQ-PROBE] step=173 x0_box=(+0.00000,+0.00000,+0.04999) x1_box=(-0.01168,-0.00110,+0.02547) x1_box_v=(-0.23502,-0.02352,-0.49050) dt=0.050
[APPROACH-OVERRIDE] step=173 phase=A_lift_trav face_axis=0 face_sign=+1 face_score=+1.000 surf_dist=0.0544m advance=0.0100m target=(+0.1000,+0.0000,+0.1350) p_ee_des=(+0.0523,-0.0716,+0.0696)
[VFF] step=173 mode=c3 alpha=0.000 v_des=(+0.0000,+0.0000,+0.0000) |v_des|=0.0000 sat=0 util_max=0.018@j3
[OSC-FORCE] step=173 mode=c3 lam_des=2.000 lam_ext=2.000
[GS] step=173 mode=c3 switch=kStayInC3 best_k=0 best_src=current curr_cost=134719.09 repos_cost=- best_other=178380.04 met_progress=Y steps_since_improve=44 switches=3
[STEP] step=173 mode=c3 t=1.730s ee=(+0.048,-0.078,+0.064) obj=(+0.000,+0.000,+0.050) goal_dist=0.300m switch=kStayInC3 c3_cost=134719.09 lam_n=0.000 lam_t=0.000 contact=N productive=N f_cmd=(+2.00,+0.00,-0.00)
[GATE-EVOLVE] step=173 curr=134719.09 best_other=178380.04 ratio=0.7552 ee_to_optimal=0.0828m phi=0.0032m
[DRAKE-CONTACT] step=173 n_pairs=1 ee_box_normal=0.000
[GATE-CONTACT] step=173 F_W=(+0.0000,+0.0000,+0.0000) F_on_box=(-0.0000,-0.0000,-0.0000) n_face_out=(-0.0000,-0.0000,-0.0000) A_is_ee=0 box_q=(+1.00000,-0.00001,+0.00001,+0.00000) box_p=(+0.00000,+0.00000,+0.04999) ee_p=(+0.04793,-0.07825,+0.06359)
[EErel] along_push=-0.048m (neg=correct)  perp=0.078m  ee_to_box=0.091m  stage=3  obj=[0. 0.]  g_hat=[-1. -0.]
[proxy] err=0.209m  effective=[0.187 0.078 0.05 ]
[ADMM-C3+] primal: 6.1274->4.9359  dual: 109.8105->80.3186  mono=False  iters=25/25  rho=25.0
[ADMM-C3+] WARNING non-converged: pr=4.9359 dr=80.3186 tol=1e-03
[C3+] step=841 |u[0]|=39.75Nm λ_n_max=1.058 η_n_max=1.279 primal=4.936 iters=25/25
[EErel] along_push=-0.048m (neg=correct)  perp=0.078m  ee_to_box=0.091m  stage=3  obj=[0. 0.]  g_hat=[-1. -0.]
[proxy] err=0.209m  effective=[0.187 0.078 0.05 ]
[ADMM-C3+] primal: 6.1274->4.9359  dual: 109.8105->80.3186  mono=False  iters=25/25  rho=25.0
[ADMM-C3+] WARNING non-converged: pr=4.9359 dr=80.3186 tol=1e-03
[C3+] step=846 |u[0]|=33.58Nm λ_n_max=1.058 η_n_max=1.279 primal=4.936 iters=25/25
[CONTACT-RUN] step=174 nhat_BA_W=[+0.000,+0.000,+0.000] p_BCb=[+0.000,+0.000,+0.000] distance=+1.00000 contact_type=NONE
[X-SEQ-PROBE] step=174 x0_box=(+0.00000,+0.00000,+0.04999) x1_box=(-0.01168,-0.00110,+0.02547) x1_box_v=(-0.23502,-0.02352,-0.49050) dt=0.050
[APPROACH-OVERRIDE] step=174 phase=A_lift_trav face_axis=0 face_sign=+1 face_score=+1.000 surf_dist=0.0541m advance=0.0100m target=(+0.1000,+0.0000,+0.1350) p_ee_des=(+0.0526,-0.0711,+0.0702)
[VFF] step=174 mode=c3 alpha=0.000 v_des=(+0.0000,+0.0000,+0.0000) |v_des|=0.0000 sat=0 util_max=0.012@j3
[OSC-FORCE] step=174 mode=c3 lam_des=2.000 lam_ext=2.000
[GS] step=174 mode=c3 switch=kStayInC3 best_k=0 best_src=current curr_cost=134691.94 repos_cost=- best_other=178378.04 met_progress=Y steps_since_improve=45 switches=3
[STEP] step=174 mode=c3 t=1.740s ee=(+0.048,-0.078,+0.064) obj=(+0.000,+0.000,+0.050) goal_dist=0.300m switch=kStayInC3 c3_cost=134691.94 lam_n=0.000 lam_t=0.000 contact=N productive=N f_cmd=(+2.00,+0.00,-0.00)
[GATE-EVOLVE] step=174 curr=134691.94 best_other=178378.04 ratio=0.7551 ee_to_optimal=0.0823m phi=0.0028m
[DRAKE-CONTACT] step=174 n_pairs=1 ee_box_normal=0.000
[GATE-CONTACT] step=174 F_W=(+0.0000,+0.0000,+0.0000) F_on_box=(-0.0000,-0.0000,-0.0000) n_face_out=(-0.0000,-0.0000,-0.0000) A_is_ee=0 box_q=(+1.00000,-0.00001,+0.00001,+0.00000) box_p=(+0.00000,+0.00000,+0.04999) ee_p=(+0.04816,-0.07778,+0.06421)
[EErel] along_push=-0.048m (neg=correct)  perp=0.077m  ee_to_box=0.091m  stage=3  obj=[0. 0.]  g_hat=[-1. -0.]
[proxy] err=0.208m  effective=[0.187 0.077 0.05 ]
[ADMM-C3+] primal: 6.1274->4.9359  dual: 109.8105->80.3186  mono=False  iters=25/25  rho=25.0
[ADMM-C3+] WARNING non-converged: pr=4.9359 dr=80.3186 tol=1e-03
[C3+] step=847 |u[0]|=39.54Nm λ_n_max=1.058 η_n_max=1.279 primal=4.936 iters=25/25
[EErel] along_push=-0.048m (neg=correct)  perp=0.077m  ee_to_box=0.091m  stage=3  obj=[0. 0.]  g_hat=[-1. -0.]
[proxy] err=0.208m  effective=[0.187 0.077 0.05 ]
[ADMM-C3+] primal: 6.1274->4.9359  dual: 109.8105->80.3186  mono=False  iters=25/25  rho=25.0
[ADMM-C3+] WARNING non-converged: pr=4.9359 dr=80.3186 tol=1e-03
[C3+] step=852 |u[0]|=33.58Nm λ_n_max=1.058 η_n_max=1.279 primal=4.936 iters=25/25
[CONTACT-RUN] step=175 nhat_BA_W=[+0.000,+0.000,+0.000] p_BCb=[+0.000,+0.000,+0.000] distance=+1.00000 contact_type=NONE
[X-SEQ-PROBE] step=175 x0_box=(+0.00000,+0.00000,+0.04999) x1_box=(-0.01168,-0.00110,+0.02547) x1_box_v=(-0.23502,-0.02352,-0.49050) dt=0.050
[APPROACH-OVERRIDE] step=175 phase=A_lift_trav face_axis=0 face_sign=+1 face_score=+1.000 surf_dist=0.0537m advance=0.0100m target=(+0.1000,+0.0000,+0.1350) p_ee_des=(+0.0528,-0.0706,+0.0709)
[VFF] step=175 mode=c3 alpha=0.000 v_des=(+0.0000,+0.0000,+0.0000) |v_des|=0.0000 sat=0 util_max=0.008@j3
[OSC-FORCE] step=175 mode=c3 lam_des=2.000 lam_ext=2.000
[GS] step=175 mode=c3 switch=kStayInC3 best_k=0 best_src=current curr_cost=134682.94 repos_cost=- best_other=178403.61 met_progress=Y steps_since_improve=46 switches=3
[STEP] step=175 mode=c3 t=1.750s ee=(+0.048,-0.077,+0.065) obj=(+0.000,+0.000,+0.050) goal_dist=0.300m switch=kStayInC3 c3_cost=134682.94 lam_n=0.000 lam_t=0.000 contact=N productive=N f_cmd=(+2.00,+0.00,-0.00)
[GATE-EVOLVE] step=175 curr=134682.94 best_other=178403.61 ratio=0.7549 ee_to_optimal=0.0817m phi=0.0023m
[DRAKE-CONTACT] step=175 n_pairs=1 ee_box_normal=0.000
[GATE-CONTACT] step=175 F_W=(+0.0000,+0.0000,+0.0000) F_on_box=(-0.0000,-0.0000,-0.0000) n_face_out=(-0.0000,-0.0000,-0.0000) A_is_ee=0 box_q=(+1.00000,-0.00001,+0.00001,+0.00000) box_p=(+0.00000,+0.00000,+0.04999) ee_p=(+0.04842,-0.07726,+0.06483)
[EErel] along_push=-0.049m (neg=correct)  perp=0.077m  ee_to_box=0.091m  stage=3  obj=[0. 0.]  g_hat=[-1. -0.]
[proxy] err=0.207m  effective=[0.186 0.077 0.05 ]
[ADMM-C3+] primal: 11.2280->9.5287  dual: 804.1100->331.1752  mono=False  iters=25/25  rho=25.0
[ADMM-C3+] WARNING non-converged: pr=9.5287 dr=331.1752 tol=1e-03
[C3+] step=853 |u[0]|=37.43Nm λ_n_max=0.731 η_n_max=1.394 primal=9.529 iters=25/25
[EErel] along_push=-0.049m (neg=correct)  perp=0.077m  ee_to_box=0.091m  stage=3  obj=[0. 0.]  g_hat=[-1. -0.]
[proxy] err=0.207m  effective=[0.186 0.077 0.05 ]
[ADMM-C3+] primal: 11.0942->9.3206  dual: 1004.1016->326.1981  mono=False  iters=25/25  rho=25.0
[ADMM-C3+] WARNING non-converged: pr=9.3206 dr=326.1981 tol=1e-03
[C3+] step=858 |u[0]|=35.82Nm λ_n_max=0.952 η_n_max=3.085 primal=9.321 iters=25/25
[CONTACT-RUN] step=176 nhat_BA_W=[+0.000,-1.000,+0.000] p_BCb=[+0.049,-0.050,+0.015] distance=+0.00171 contact_type=EE-BOX
[X-SEQ-PROBE] step=176 x0_box=(+0.00000,+0.00000,+0.04999) x1_box=(-0.03654,+0.00015,+0.02547) x1_box_v=(-0.73223,+0.00147,-0.49050) dt=0.050
[VFF] step=176 mode=c3 alpha=0.000 v_des=(+0.0000,+0.0000,+0.0000) |v_des|=0.0000 sat=0 util_max=0.259@j3
[OSC-FORCE] step=176 mode=c3 lam_des=2.000 lam_ext=2.000
[GS] step=176 mode=c3 switch=kStayInC3 best_k=0 best_src=current curr_cost=37853.91 repos_cost=- best_other=178442.64 met_progress=Y steps_since_improve=47 switches=3
[STEP] step=176 mode=c3 t=1.760s ee=(+0.049,-0.077,+0.065) obj=(+0.000,+0.000,+0.050) goal_dist=0.300m switch=kStayInC3 c3_cost=37853.91 lam_n=0.000 lam_t=0.000 contact=Y productive=N f_cmd=(+2.00,+0.00,-0.00)
[GATE-EVOLVE] step=176 curr=37853.91 best_other=178442.64 ratio=0.2121 ee_to_optimal=0.0811m phi=0.0017m
[DRAKE-CONTACT] step=176 n_pairs=1 ee_box_normal=0.000
[GATE-CONTACT] step=176 F_W=(+0.0000,+0.0000,+0.0000) F_on_box=(-0.0000,-0.0000,-0.0000) n_face_out=(-0.0000,-0.0000,-0.0000) A_is_ee=0 box_q=(+1.00000,-0.00001,+0.00001,+0.00000) box_p=(+0.00000,+0.00000,+0.04999) ee_p=(+0.04868,-0.07671,+0.06546)
[EErel] along_push=-0.049m (neg=correct)  perp=0.077m  ee_to_box=0.091m  stage=3  obj=[0. 0.]  g_hat=[-1. -0.]
[proxy] err=0.207m  effective=[0.186 0.077 0.05 ]
[ADMM-C3+] primal: 11.2061->9.7980  dual: 802.4971->348.9135  mono=False  iters=25/25  rho=25.0
[ADMM-C3+] WARNING non-converged: pr=9.7980 dr=348.9135 tol=1e-03
[C3+] step=859 |u[0]|=39.78Nm λ_n_max=0.747 η_n_max=1.398 primal=9.798 iters=25/25
[EErel] along_push=-0.049m (neg=correct)  perp=0.077m  ee_to_box=0.091m  stage=3  obj=[0. 0.]  g_hat=[-1. -0.]
[proxy] err=0.207m  effective=[0.186 0.077 0.05 ]
[ADMM-C3+] primal: 10.9524->9.9708  dual: 987.7190->334.9456  mono=False  iters=25/25  rho=25.0
[ADMM-C3+] WARNING non-converged: pr=9.9708 dr=334.9456 tol=1e-03
[C3+] step=864 |u[0]|=34.50Nm λ_n_max=0.905 η_n_max=2.946 primal=9.971 iters=25/25
[CONTACT-RUN] step=177 nhat_BA_W=[+0.000,-1.000,+0.000] p_BCb=[+0.049,-0.050,+0.016] distance=+0.00166 contact_type=EE-BOX
[X-SEQ-PROBE] step=177 x0_box=(+0.00000,+0.00000,+0.04999) x1_box=(-0.03138,+0.00015,+0.02547) x1_box_v=(-0.62917,+0.00146,-0.49050) dt=0.050
[VFF] step=177 mode=c3 alpha=0.000 v_des=(+0.0000,+0.0000,+0.0000) |v_des|=0.0000 sat=0 util_max=0.229@j3
[OSC-FORCE] step=177 mode=c3 lam_des=2.000 lam_ext=2.000
[GS] step=177 mode=c3 switch=kStayInC3 best_k=0 best_src=current curr_cost=37792.68 repos_cost=- best_other=179699.21 met_progress=Y steps_since_improve=48 switches=3
[STEP] step=177 mode=c3 t=1.770s ee=(+0.049,-0.077,+0.066) obj=(+0.000,+0.000,+0.050) goal_dist=0.300m switch=kStayInC3 c3_cost=37792.68 lam_n=0.000 lam_t=2.297 contact=Y productive=N f_cmd=(+2.00,+0.00,-0.00)
[GATE-EVOLVE] step=177 curr=37792.68 best_other=179699.21 ratio=0.2103 ee_to_optimal=0.0811m phi=0.0017m
[DRAKE-CONTACT] step=177 n_pairs=1 ee_box_normal=0.000
[GATE-CONTACT] step=177 F_W=(+0.0000,+0.0000,+0.0000) F_on_box=(-0.0000,-0.0000,-0.0000) n_face_out=(-0.0000,-0.0000,-0.0000) A_is_ee=0 box_q=(+1.00000,-0.00001,+0.00001,+0.00000) box_p=(+0.00000,+0.00000,+0.04999) ee_p=(+0.04866,-0.07666,+0.06590)
[EErel] along_push=-0.048m (neg=correct)  perp=0.078m  ee_to_box=0.091m  stage=3  obj=[0. 0.]  g_hat=[-1. -0.]
[proxy] err=0.209m  effective=[0.187 0.078 0.05 ]
[ADMM-C3+] primal: 6.1274->4.9359  dual: 109.8105->80.3182  mono=False  iters=25/25  rho=25.0
[ADMM-C3+] WARNING non-converged: pr=4.9359 dr=80.3182 tol=1e-03
[C3+] step=865 |u[0]|=41.86Nm λ_n_max=1.058 η_n_max=1.279 primal=4.936 iters=25/25
[EErel] along_push=-0.048m (neg=correct)  perp=0.078m  ee_to_box=0.091m  stage=3  obj=[0. 0.]  g_hat=[-1. -0.]
[proxy] err=0.209m  effective=[0.187 0.078 0.05 ]
[ADMM-C3+] primal: 6.1274->4.9359  dual: 109.8105->80.3186  mono=False  iters=25/25  rho=25.0
[ADMM-C3+] WARNING non-converged: pr=4.9359 dr=80.3186 tol=1e-03
[C3+] step=870 |u[0]|=34.26Nm λ_n_max=1.058 η_n_max=1.279 primal=4.936 iters=25/25
[CONTACT-RUN] step=178 nhat_BA_W=[+0.000,+0.000,+0.000] p_BCb=[+0.000,+0.000,+0.000] distance=+1.00000 contact_type=NONE
[X-SEQ-PROBE] step=178 x0_box=(+0.00000,+0.00000,+0.04999) x1_box=(-0.01168,-0.00110,+0.02547) x1_box_v=(-0.23502,-0.02352,-0.49050) dt=0.050
[APPROACH-OVERRIDE] step=178 phase=A_lift_trav face_axis=0 face_sign=+1 face_score=+1.000 surf_dist=0.0542m advance=0.0100m target=(+0.1000,+0.0000,+0.1350) p_ee_des=(+0.0527,-0.0708,+0.0719)
[VFF] step=178 mode=c3 alpha=0.000 v_des=(+0.0000,+0.0000,+0.0000) |v_des|=0.0000 sat=0 util_max=0.190@j3
[OSC-FORCE] step=178 mode=c3 lam_des=2.000 lam_ext=2.000
[GS] step=178 mode=c3 switch=kStayInC3 best_k=0 best_src=current curr_cost=134836.56 repos_cost=- best_other=180817.64 met_progress=Y steps_since_improve=49 switches=3
[STEP] step=178 mode=c3 t=1.780s ee=(+0.048,-0.078,+0.066) obj=(+0.000,+0.000,+0.050) goal_dist=0.300m switch=kStayInC3 c3_cost=134836.56 lam_n=0.000 lam_t=0.000 contact=N productive=N f_cmd=(+2.00,+0.00,-0.00)
[GATE-EVOLVE] step=178 curr=134836.56 best_other=180817.64 ratio=0.7457 ee_to_optimal=0.0820m phi=0.0025m
[DRAKE-CONTACT] step=178 n_pairs=1 ee_box_normal=0.000
[GATE-CONTACT] step=178 F_W=(+0.0000,+0.0000,+0.0000) F_on_box=(-0.0000,-0.0000,-0.0000) n_face_out=(-0.0000,-0.0000,-0.0000) A_is_ee=0 box_q=(+1.00000,-0.00001,+0.00001,+0.00000) box_p=(+0.00000,+0.00000,+0.04999) ee_p=(+0.04819,-0.07751,+0.06595)
[EErel] along_push=-0.048m (neg=correct)  perp=0.078m  ee_to_box=0.092m  stage=3  obj=[0. 0.]  g_hat=[-1. -0.]
[proxy] err=0.211m  effective=[0.188 0.078 0.05 ]
[ADMM-C3+] primal: 6.1274->4.9359  dual: 109.8105->80.3186  mono=False  iters=25/25  rho=25.0
[ADMM-C3+] WARNING non-converged: pr=4.9359 dr=80.3186 tol=1e-03
[C3+] step=871 |u[0]|=41.64Nm λ_n_max=1.058 η_n_max=1.279 primal=4.936 iters=25/25
[EErel] along_push=-0.048m (neg=correct)  perp=0.078m  ee_to_box=0.092m  stage=3  obj=[0. 0.]  g_hat=[-1. -0.]
[proxy] err=0.211m  effective=[0.188 0.078 0.05 ]
[ADMM-C3+] primal: 6.1274->4.9359  dual: 109.8105->80.3186  mono=False  iters=25/25  rho=25.0
[ADMM-C3+] WARNING non-converged: pr=4.9359 dr=80.3186 tol=1e-03
[C3+] step=876 |u[0]|=34.08Nm λ_n_max=1.058 η_n_max=1.279 primal=4.936 iters=25/25
[CONTACT-RUN] step=179 nhat_BA_W=[+0.000,+0.000,+0.000] p_BCb=[+0.000,+0.000,+0.000] distance=+1.00000 contact_type=NONE
[X-SEQ-PROBE] step=179 x0_box=(+0.00000,+0.00000,+0.04999) x1_box=(-0.01168,-0.00110,+0.02547) x1_box_v=(-0.23502,-0.02352,-0.49050) dt=0.050
[APPROACH-OVERRIDE] step=179 phase=A_lift_trav face_axis=0 face_sign=+1 face_score=+1.000 surf_dist=0.0550m advance=0.0100m target=(+0.1000,+0.0000,+0.1350) p_ee_des=(+0.0522,-0.0717,+0.0719)
[VFF] step=179 mode=c3 alpha=0.000 v_des=(+0.0000,+0.0000,+0.0000) |v_des|=0.0000 sat=0 util_max=0.118@j3
[OSC-FORCE] step=179 mode=c3 lam_des=2.000 lam_ext=2.000
[GS] step=179 mode=c3 switch=kStayInC3 best_k=0 best_src=current curr_cost=134742.74 repos_cost=- best_other=179742.34 met_progress=Y steps_since_improve=50 switches=3
[STEP] step=179 mode=c3 t=1.790s ee=(+0.048,-0.078,+0.066) obj=(+0.000,+0.000,+0.050) goal_dist=0.300m switch=kStayInC3 c3_cost=134742.74 lam_n=0.000 lam_t=0.000 contact=N productive=N f_cmd=(+2.00,+0.00,-0.00)
[GATE-EVOLVE] step=179 curr=134742.74 best_other=179742.34 ratio=0.7496 ee_to_optimal=0.0830m phi=0.0034m
[DRAKE-CONTACT] step=179 n_pairs=1 ee_box_normal=0.000
[GATE-CONTACT] step=179 F_W=(+0.0000,+0.0000,+0.0000) F_on_box=(-0.0000,-0.0000,-0.0000) n_face_out=(-0.0000,-0.0000,-0.0000) A_is_ee=0 box_q=(+1.00000,-0.00001,+0.00001,+0.00000) box_p=(+0.00000,+0.00000,+0.04999) ee_p=(+0.04777,-0.07836,+0.06601)
[EErel] along_push=-0.048m (neg=correct)  perp=0.079m  ee_to_box=0.092m  stage=3  obj=[0. 0.]  g_hat=[-1. -0.]
[proxy] err=0.211m  effective=[0.188 0.079 0.05 ]
[ADMM-C3+] primal: 6.1274->4.9359  dual: 109.8105->80.3186  mono=False  iters=25/25  rho=25.0
[ADMM-C3+] WARNING non-converged: pr=4.9359 dr=80.3186 tol=1e-03
[C3+] step=877 |u[0]|=40.80Nm λ_n_max=1.058 η_n_max=1.279 primal=4.936 iters=25/25
[EErel] along_push=-0.048m (neg=correct)  perp=0.079m  ee_to_box=0.092m  stage=3  obj=[0. 0.]  g_hat=[-1. -0.]
[proxy] err=0.211m  effective=[0.188 0.079 0.05 ]
[ADMM-C3+] primal: 6.1274->4.9359  dual: 109.8105->80.3186  mono=False  iters=25/25  rho=25.0
[ADMM-C3+] WARNING non-converged: pr=4.9359 dr=80.3186 tol=1e-03
[C3+] step=882 |u[0]|=33.99Nm λ_n_max=1.058 η_n_max=1.279 primal=4.936 iters=25/25
[CONTACT-RUN] step=180 nhat_BA_W=[+0.000,+0.000,+0.000] p_BCb=[+0.000,+0.000,+0.000] distance=+1.00000 contact_type=NONE
[X-SEQ-PROBE] step=180 x0_box=(+0.00000,+0.00000,+0.04999) x1_box=(-0.01168,-0.00110,+0.02547) x1_box_v=(-0.23502,-0.02352,-0.49050) dt=0.050
[APPROACH-OVERRIDE] step=180 phase=A_lift_trav face_axis=0 face_sign=+1 face_score=+1.000 surf_dist=0.0554m advance=0.0100m target=(+0.1000,+0.0000,+0.1350) p_ee_des=(+0.0521,-0.0719,+0.0722)
[VFF] step=180 mode=c3 alpha=0.000 v_des=(+0.0000,+0.0000,+0.0000) |v_des|=0.0000 sat=0 util_max=0.074@j3
[OSC-FORCE] step=180 mode=c3 lam_des=2.000 lam_ext=2.000
[IMP] step=180 mode=c3 |x_err|=0.0100m |tau_imp|=6.46Nm |tau_ff|=1.04Nm |tau_out|=6.46Nm sat=False lam_n=True lam_t=True
[GS] step=180 mode=c3 switch=kStayInC3 best_k=0 best_src=current curr_cost=134748.76 repos_cost=- best_other=179217.41 met_progress=Y steps_since_improve=51 switches=3
[STEP] step=180 mode=c3 t=1.800s ee=(+0.048,-0.079,+0.066) obj=(+0.000,+0.000,+0.050) goal_dist=0.300m switch=kStayInC3 c3_cost=134748.76 lam_n=0.000 lam_t=0.000 contact=N productive=N f_cmd=(+2.00,+0.00,-0.00)
[GATE-EVOLVE] step=180 curr=134748.76 best_other=179217.41 ratio=0.7519 ee_to_optimal=0.0833m phi=0.0037m
[GS-table] step=180
  k=0 (current   ) pos=(+0.048,-0.079,+0.066) c_C3= 134748.76 align=0.0000(bonus=    0.00) rot=+0.0000(bonus=    0.00) travel=0.000m(pen=  0.00) c_sample= 134748.76 feas=Y ik_err=0.0000m  ← WIN
  k=1 (strat_0   ) pos=(-0.080,-0.000,+0.030) c_C3= 210292.83 align=0.0000(bonus=    0.00) rot=+0.0000(bonus=    0.00) travel=0.154m(pen= 30.85) c_sample= 210323.68 feas=Y ik_err=0.0001m
  k=2 (strat_1   ) pos=(-0.080,+0.015,+0.030) c_C3= 213760.19 align=0.0000(bonus=    0.00) rot=+0.0000(bonus=    0.00) travel=0.162m(pen= 32.49) c_sample= 213792.68 feas=Y ik_err=0.0001m
  k=3 (strat_2   ) pos=(-0.028,-0.080,+0.030) c_C3= 196067.84 align=0.0000(bonus=    0.00) rot=+0.0000(bonus=    0.00) travel=0.084m(pen= 16.71) c_sample= 196084.55 feas=Y ik_err=0.0003m
  k=4 (buffer    ) pos=(+0.080,+0.004,+0.030) c_C3= 209198.20 align=1.0000(bonus=30000.00) rot=+0.0000(bonus=    0.00) travel=0.096m(pen= 19.20) c_sample= 179217.41 feas=Y ik_err=0.0005m
[DRAKE-CONTACT] step=180 n_pairs=1 ee_box_normal=0.000
[GATE-CONTACT] step=180 F_W=(+0.0000,+0.0000,+0.0000) F_on_box=(-0.0000,-0.0000,-0.0000) n_face_out=(-0.0000,-0.0000,-0.0000) A_is_ee=0 box_q=(+1.00000,-0.00001,+0.00001,+0.00000) box_p=(+0.00000,+0.00000,+0.04999) ee_p=(+0.04763,-0.07867,+0.06631)
[EErel] along_push=-0.048m (neg=correct)  perp=0.079m  ee_to_box=0.092m  stage=3  obj=[0. 0.]  g_hat=[-1. -0.]
[proxy] err=0.211m  effective=[0.188 0.079 0.05 ]
[ADMM-C3+] primal: 6.1274->4.9359  dual: 109.8105->80.3186  mono=False  iters=25/25  rho=25.0
[ADMM-C3+] WARNING non-converged: pr=4.9359 dr=80.3186 tol=1e-03
[C3+] step=883 |u[0]|=40.37Nm λ_n_max=1.058 η_n_max=1.279 primal=4.936 iters=25/25
[EErel] along_push=-0.048m (neg=correct)  perp=0.079m  ee_to_box=0.092m  stage=3  obj=[0. 0.]  g_hat=[-1. -0.]
[proxy] err=0.211m  effective=[0.188 0.079 0.05 ]
[ADMM-C3+] primal: 6.1274->4.9359  dual: 109.8105->80.3186  mono=False  iters=25/25  rho=25.0
[ADMM-C3+] WARNING non-converged: pr=4.9359 dr=80.3186 tol=1e-03
[C3+] step=888 |u[0]|=33.83Nm λ_n_max=1.058 η_n_max=1.279 primal=4.936 iters=25/25
[CONTACT-RUN] step=181 nhat_BA_W=[+0.000,+0.000,+0.000] p_BCb=[+0.000,+0.000,+0.000] distance=+1.00000 contact_type=NONE
[X-SEQ-PROBE] step=181 x0_box=(+0.00000,+0.00000,+0.04999) x1_box=(-0.01168,-0.00110,+0.02547) x1_box_v=(-0.23502,-0.02352,-0.49050) dt=0.050
[APPROACH-OVERRIDE] step=181 phase=A_lift_trav face_axis=0 face_sign=+1 face_score=+1.000 surf_dist=0.0554m advance=0.0100m target=(+0.1000,+0.0000,+0.1350) p_ee_des=(+0.0522,-0.0719,+0.0726)
[VFF] step=181 mode=c3 alpha=0.000 v_des=(+0.0000,+0.0000,+0.0000) |v_des|=0.0000 sat=0 util_max=0.046@j3
[OSC-FORCE] step=181 mode=c3 lam_des=2.000 lam_ext=2.000
[GS] step=181 mode=c3 switch=kStayInC3 best_k=0 best_src=current curr_cost=134735.96 repos_cost=- best_other=178934.41 met_progress=Y steps_since_improve=52 switches=3
[STEP] step=181 mode=c3 t=1.810s ee=(+0.048,-0.079,+0.067) obj=(+0.000,+0.000,+0.050) goal_dist=0.300m switch=kStayInC3 c3_cost=134735.96 lam_n=0.000 lam_t=0.000 contact=N productive=N f_cmd=(+2.00,+0.00,-0.00)
[GATE-EVOLVE] step=181 curr=134735.96 best_other=178934.41 ratio=0.7530 ee_to_optimal=0.0832m phi=0.0036m
[DRAKE-CONTACT] step=181 n_pairs=1 ee_box_normal=0.000
[GATE-CONTACT] step=181 F_W=(+0.0000,+0.0000,+0.0000) F_on_box=(-0.0000,-0.0000,-0.0000) n_face_out=(-0.0000,-0.0000,-0.0000) A_is_ee=0 box_q=(+1.00000,-0.00001,+0.00001,+0.00000) box_p=(+0.00000,+0.00000,+0.04999) ee_p=(+0.04767,-0.07862,+0.06676)
[EErel] along_push=-0.048m (neg=correct)  perp=0.078m  ee_to_box=0.092m  stage=3  obj=[0. 0.]  g_hat=[-1. -0.]
[proxy] err=0.211m  effective=[0.188 0.078 0.05 ]
[ADMM-C3+] primal: 6.1274->4.9359  dual: 109.8105->80.3186  mono=False  iters=25/25  rho=25.0
[ADMM-C3+] WARNING non-converged: pr=4.9359 dr=80.3186 tol=1e-03
[C3+] step=889 |u[0]|=40.03Nm λ_n_max=1.058 η_n_max=1.279 primal=4.936 iters=25/25
[EErel] along_push=-0.048m (neg=correct)  perp=0.078m  ee_to_box=0.092m  stage=3  obj=[0. 0.]  g_hat=[-1. -0.]
[proxy] err=0.211m  effective=[0.188 0.078 0.05 ]
[ADMM-C3+] primal: 6.1274->4.9359  dual: 109.8105->80.3186  mono=False  iters=25/25  rho=25.0
[ADMM-C3+] WARNING non-converged: pr=4.9359 dr=80.3186 tol=1e-03
[C3+] step=894 |u[0]|=33.82Nm λ_n_max=1.058 η_n_max=1.279 primal=4.936 iters=25/25
[CONTACT-RUN] step=182 nhat_BA_W=[+0.000,+0.000,+0.000] p_BCb=[+0.000,+0.000,+0.000] distance=+1.00000 contact_type=NONE
[X-SEQ-PROBE] step=182 x0_box=(+0.00000,+0.00000,+0.04999) x1_box=(-0.01168,-0.00110,+0.02547) x1_box_v=(-0.23502,-0.02352,-0.49050) dt=0.050
[APPROACH-OVERRIDE] step=182 phase=A_lift_trav face_axis=0 face_sign=+1 face_score=+1.000 surf_dist=0.0553m advance=0.0100m target=(+0.1000,+0.0000,+0.1350) p_ee_des=(+0.0523,-0.0716,+0.0731)
[VFF] step=182 mode=c3 alpha=0.000 v_des=(+0.0000,+0.0000,+0.0000) |v_des|=0.0000 sat=0 util_max=0.029@j3
[OSC-FORCE] step=182 mode=c3 lam_des=2.000 lam_ext=2.000
[GS] step=182 mode=c3 switch=kStayInC3 best_k=0 best_src=current curr_cost=134724.84 repos_cost=- best_other=178801.89 met_progress=Y steps_since_improve=53 switches=3
[STEP] step=182 mode=c3 t=1.820s ee=(+0.048,-0.078,+0.067) obj=(+0.000,+0.000,+0.050) goal_dist=0.300m switch=kStayInC3 c3_cost=134724.84 lam_n=0.000 lam_t=0.000 contact=N productive=N f_cmd=(+2.00,+0.00,-0.00)
[GATE-EVOLVE] step=182 curr=134724.84 best_other=178801.89 ratio=0.7535 ee_to_optimal=0.0830m phi=0.0034m
[DRAKE-CONTACT] step=182 n_pairs=1 ee_box_normal=0.000
[GATE-CONTACT] step=182 F_W=(+0.0000,+0.0000,+0.0000) F_on_box=(-0.0000,-0.0000,-0.0000) n_face_out=(-0.0000,-0.0000,-0.0000) A_is_ee=0 box_q=(+1.00000,-0.00001,+0.00001,+0.00000) box_p=(+0.00000,+0.00000,+0.04999) ee_p=(+0.04781,-0.07837,+0.06728)
[EErel] along_push=-0.048m (neg=correct)  perp=0.078m  ee_to_box=0.092m  stage=3  obj=[0. 0.]  g_hat=[-1. -0.]
[proxy] err=0.210m  effective=[0.187 0.078 0.05 ]
[ADMM-C3+] primal: 6.1274->4.9359  dual: 109.8105->80.3186  mono=False  iters=25/25  rho=25.0
[ADMM-C3+] WARNING non-converged: pr=4.9359 dr=80.3186 tol=1e-03
[C3+] step=895 |u[0]|=39.81Nm λ_n_max=1.058 η_n_max=1.279 primal=4.936 iters=25/25
[EErel] along_push=-0.048m (neg=correct)  perp=0.078m  ee_to_box=0.092m  stage=3  obj=[0. 0.]  g_hat=[-1. -0.]
[proxy] err=0.210m  effective=[0.187 0.078 0.05 ]
[ADMM-C3+] primal: 6.1274->4.9359  dual: 109.8105->80.3186  mono=False  iters=25/25  rho=25.0
[ADMM-C3+] WARNING non-converged: pr=4.9359 dr=80.3186 tol=1e-03
[C3+] step=900 |u[0]|=33.80Nm λ_n_max=1.058 η_n_max=1.279 primal=4.936 iters=25/25
[CONTACT-RUN] step=183 nhat_BA_W=[+0.000,+0.000,+0.000] p_BCb=[+0.000,+0.000,+0.000] distance=+1.00000 contact_type=NONE
[X-SEQ-PROBE] step=183 x0_box=(+0.00000,+0.00000,+0.04999) x1_box=(-0.01168,-0.00110,+0.02547) x1_box_v=(-0.23502,-0.02352,-0.49050) dt=0.050
[APPROACH-OVERRIDE] step=183 phase=A_lift_trav face_axis=0 face_sign=+1 face_score=+1.000 surf_dist=0.0550m advance=0.0100m target=(+0.1000,+0.0000,+0.1350) p_ee_des=(+0.0525,-0.0712,+0.0737)
[VFF] step=183 mode=c3 alpha=0.000 v_des=(+0.0000,+0.0000,+0.0000) |v_des|=0.0000 sat=0 util_max=0.018@j3
[OSC-FORCE] step=183 mode=c3 lam_des=2.000 lam_ext=2.000
[GS] step=183 mode=c3 switch=kStayInC3 best_k=0 best_src=current curr_cost=134709.65 repos_cost=- best_other=178761.83 met_progress=Y steps_since_improve=54 switches=3
[STEP] step=183 mode=c3 t=1.830s ee=(+0.048,-0.078,+0.068) obj=(+0.000,+0.000,+0.050) goal_dist=0.300m switch=kStayInC3 c3_cost=134709.65 lam_n=0.000 lam_t=0.000 contact=N productive=N f_cmd=(+2.00,+0.00,-0.00)
[GATE-EVOLVE] step=183 curr=134709.65 best_other=178761.83 ratio=0.7536 ee_to_optimal=0.0825m phi=0.0030m
[DRAKE-CONTACT] step=183 n_pairs=1 ee_box_normal=0.000
[GATE-CONTACT] step=183 F_W=(+0.0000,+0.0000,+0.0000) F_on_box=(-0.0000,-0.0000,-0.0000) n_face_out=(-0.0000,-0.0000,-0.0000) A_is_ee=0 box_q=(+1.00000,-0.00001,+0.00001,+0.00000) box_p=(+0.00000,+0.00000,+0.04999) ee_p=(+0.04801,-0.07797,+0.06785)
[EErel] along_push=-0.048m (neg=correct)  perp=0.077m  ee_to_box=0.091m  stage=3  obj=[0. 0.]  g_hat=[-1. -0.]
[proxy] err=0.209m  effective=[0.187 0.077 0.05 ]
[ADMM-C3+] primal: 6.1274->4.9359  dual: 109.8105->80.3186  mono=False  iters=25/25  rho=25.0
[ADMM-C3+] WARNING non-converged: pr=4.9359 dr=80.3186 tol=1e-03
[C3+] step=901 |u[0]|=39.65Nm λ_n_max=1.058 η_n_max=1.279 primal=4.936 iters=25/25
[EErel] along_push=-0.048m (neg=correct)  perp=0.077m  ee_to_box=0.091m  stage=3  obj=[0. 0.]  g_hat=[-1. -0.]
[proxy] err=0.209m  effective=[0.187 0.077 0.05 ]
[ADMM-C3+] primal: 6.1274->4.9359  dual: 109.8105->80.3186  mono=False  iters=25/25  rho=25.0
[ADMM-C3+] WARNING non-converged: pr=4.9359 dr=80.3186 tol=1e-03
[C3+] step=906 |u[0]|=33.82Nm λ_n_max=1.058 η_n_max=1.279 primal=4.936 iters=25/25
[CONTACT-RUN] step=184 nhat_BA_W=[+0.000,+0.000,+0.000] p_BCb=[+0.000,+0.000,+0.000] distance=+1.00000 contact_type=NONE
[X-SEQ-PROBE] step=184 x0_box=(+0.00000,+0.00000,+0.04999) x1_box=(-0.01168,-0.00110,+0.02547) x1_box_v=(-0.23502,-0.02352,-0.49050) dt=0.050
[APPROACH-OVERRIDE] step=184 phase=A_lift_trav face_axis=0 face_sign=+1 face_score=+1.000 surf_dist=0.0547m advance=0.0100m target=(+0.1000,+0.0000,+0.1350) p_ee_des=(+0.0528,-0.0707,+0.0743)
[VFF] step=184 mode=c3 alpha=0.000 v_des=(+0.0000,+0.0000,+0.0000) |v_des|=0.0000 sat=0 util_max=0.012@j3
[OSC-FORCE] step=184 mode=c3 lam_des=2.000 lam_ext=2.000
[GS] step=184 mode=c3 switch=kStayInC3 best_k=0 best_src=current curr_cost=134692.68 repos_cost=- best_other=178771.39 met_progress=Y steps_since_improve=55 switches=3
[STEP] step=184 mode=c3 t=1.840s ee=(+0.048,-0.077,+0.068) obj=(+0.000,+0.000,+0.050) goal_dist=0.300m switch=kStayInC3 c3_cost=134692.68 lam_n=0.000 lam_t=0.000 contact=N productive=N f_cmd=(+2.00,+0.00,-0.00)
[GATE-EVOLVE] step=184 curr=134692.68 best_other=178771.39 ratio=0.7534 ee_to_optimal=0.0820m phi=0.0025m
[DRAKE-CONTACT] step=184 n_pairs=1 ee_box_normal=0.000
[GATE-CONTACT] step=184 F_W=(+0.0000,+0.0000,+0.0000) F_on_box=(-0.0000,-0.0000,-0.0000) n_face_out=(-0.0000,-0.0000,-0.0000) A_is_ee=0 box_q=(+1.00000,-0.00001,+0.00001,+0.00000) box_p=(+0.00000,+0.00000,+0.04999) ee_p=(+0.04825,-0.07749,+0.06844)
[EErel] along_push=-0.049m (neg=correct)  perp=0.077m  ee_to_box=0.091m  stage=3  obj=[0. 0.]  g_hat=[-1. -0.]
[proxy] err=0.208m  effective=[0.186 0.077 0.05 ]
[ADMM-C3+] primal: 11.2293->9.5288  dual: 811.3391->323.4891  mono=False  iters=25/25  rho=25.0
[ADMM-C3+] WARNING non-converged: pr=9.5288 dr=323.4891 tol=1e-03
[C3+] step=907 |u[0]|=37.24Nm λ_n_max=0.785 η_n_max=1.401 primal=9.529 iters=25/25
[EErel] along_push=-0.049m (neg=correct)  perp=0.077m  ee_to_box=0.091m  stage=3  obj=[0. 0.]  g_hat=[-1. -0.]
[proxy] err=0.208m  effective=[0.186 0.077 0.05 ]
[ADMM-C3+] primal: 11.1194->11.0461  dual: 1000.8786->401.1974  mono=False  iters=25/25  rho=25.0
[ADMM-C3+] WARNING non-converged: pr=11.0461 dr=401.1974 tol=1e-03
[C3+] step=912 |u[0]|=35.79Nm λ_n_max=1.007 η_n_max=3.175 primal=11.046 iters=25/25
[CONTACT-RUN] step=185 nhat_BA_W=[+0.000,-1.000,+0.000] p_BCb=[+0.049,-0.050,+0.019] distance=+0.00196 contact_type=EE-BOX
[X-SEQ-PROBE] step=185 x0_box=(+0.00000,+0.00000,+0.04999) x1_box=(-0.03566,+0.00015,+0.02547) x1_box_v=(-0.71466,+0.00146,-0.49050) dt=0.050
[VFF] step=185 mode=c3 alpha=0.000 v_des=(+0.0000,+0.0000,+0.0000) |v_des|=0.0000 sat=0 util_max=0.256@j3
[OSC-FORCE] step=185 mode=c3 lam_des=2.000 lam_ext=2.000
[GS] step=185 mode=c3 switch=kStayInC3 best_k=0 best_src=current curr_cost=37968.34 repos_cost=- best_other=178806.03 met_progress=Y steps_since_improve=56 switches=3
[STEP] step=185 mode=c3 t=1.850s ee=(+0.049,-0.077,+0.069) obj=(+0.000,+0.000,+0.050) goal_dist=0.300m switch=kStayInC3 c3_cost=37968.34 lam_n=0.000 lam_t=2.617 contact=Y productive=N f_cmd=(+2.00,+0.00,-0.00)
[GATE-EVOLVE] step=185 curr=37968.34 best_other=178806.03 ratio=0.2123 ee_to_optimal=0.0814m phi=0.0020m
[DRAKE-CONTACT] step=185 n_pairs=1 ee_box_normal=0.000
[GATE-CONTACT] step=185 F_W=(+0.0000,+0.0000,+0.0000) F_on_box=(-0.0000,-0.0000,-0.0000) n_face_out=(-0.0000,-0.0000,-0.0000) A_is_ee=0 box_q=(+1.00000,-0.00001,+0.00001,+0.00000) box_p=(+0.00000,+0.00000,+0.04999) ee_p=(+0.04852,-0.07696,+0.06905)
[EErel] along_push=-0.048m (neg=correct)  perp=0.077m  ee_to_box=0.091m  stage=3  obj=[0. 0.]  g_hat=[-1. -0.]
[proxy] err=0.208m  effective=[0.186 0.077 0.05 ]
[ADMM-C3+] primal: 11.2066->13.0095  dual: 809.5348->408.1131  mono=False  iters=25/25  rho=25.0
[ADMM-C3+] WARNING non-converged: pr=13.0095 dr=408.1131 tol=1e-03
[C3+] step=913 |u[0]|=38.96Nm λ_n_max=0.797 η_n_max=1.409 primal=13.010 iters=25/25
[EErel] along_push=-0.048m (neg=correct)  perp=0.077m  ee_to_box=0.091m  stage=3  obj=[0. 0.]  g_hat=[-1. -0.]
[proxy] err=0.208m  effective=[0.186 0.077 0.05 ]
[ADMM-C3+] primal: 11.0061->10.2329  dual: 988.7986->393.8829  mono=False  iters=25/25  rho=25.0
[ADMM-C3+] WARNING non-converged: pr=10.2329 dr=393.8829 tol=1e-03
[C3+] step=918 |u[0]|=34.58Nm λ_n_max=0.965 η_n_max=2.872 primal=10.233 iters=25/25
[CONTACT-RUN] step=186 nhat_BA_W=[+0.000,-1.000,+0.000] p_BCb=[+0.048,-0.050,+0.019] distance=+0.00191 contact_type=EE-BOX
[X-SEQ-PROBE] step=186 x0_box=(+0.00000,+0.00000,+0.04999) x1_box=(-0.03129,+0.00015,+0.02547) x1_box_v=(-0.62739,+0.00145,-0.49050) dt=0.050
[VFF] step=186 mode=c3 alpha=0.000 v_des=(+0.0000,+0.0000,+0.0000) |v_des|=0.0000 sat=0 util_max=0.232@j3
[OSC-FORCE] step=186 mode=c3 lam_des=2.000 lam_ext=2.000
[GS] step=186 mode=c3 switch=kStayInC3 best_k=0 best_src=current curr_cost=37927.33 repos_cost=- best_other=179954.49 met_progress=Y steps_since_improve=57 switches=3
[STEP] step=186 mode=c3 t=1.860s ee=(+0.048,-0.077,+0.069) obj=(+0.000,+0.000,+0.050) goal_dist=0.300m switch=kStayInC3 c3_cost=37927.33 lam_n=0.000 lam_t=0.000 contact=Y productive=N f_cmd=(+2.00,+0.00,-0.00)
[GATE-EVOLVE] step=186 curr=37927.33 best_other=179954.49 ratio=0.2108 ee_to_optimal=0.0814m phi=0.0019m
[DRAKE-CONTACT] step=186 n_pairs=1 ee_box_normal=0.000
[GATE-CONTACT] step=186 F_W=(+0.0000,+0.0000,+0.0000) F_on_box=(-0.0000,-0.0000,-0.0000) n_face_out=(-0.0000,-0.0000,-0.0000) A_is_ee=0 box_q=(+1.00000,-0.00001,+0.00001,+0.00000) box_p=(+0.00000,+0.00000,+0.04999) ee_p=(+0.04850,-0.07691,+0.06946)
[EErel] along_push=-0.048m (neg=correct)  perp=0.078m  ee_to_box=0.091m  stage=3  obj=[0. 0.]  g_hat=[-1. -0.]
[proxy] err=0.210m  effective=[0.187 0.078 0.05 ]
[ADMM-C3+] primal: 6.1274->4.9359  dual: 109.8105->80.3186  mono=False  iters=25/25  rho=25.0
[ADMM-C3+] WARNING non-converged: pr=4.9359 dr=80.3186 tol=1e-03
[C3+] step=919 |u[0]|=42.21Nm λ_n_max=1.058 η_n_max=1.279 primal=4.936 iters=25/25
[EErel] along_push=-0.048m (neg=correct)  perp=0.078m  ee_to_box=0.091m  stage=3  obj=[0. 0.]  g_hat=[-1. -0.]
[proxy] err=0.210m  effective=[0.187 0.078 0.05 ]
[ADMM-C3+] primal: 6.1274->4.9359  dual: 109.8105->80.3186  mono=False  iters=25/25  rho=25.0
[ADMM-C3+] WARNING non-converged: pr=4.9359 dr=80.3186 tol=1e-03
[C3+] step=924 |u[0]|=34.31Nm λ_n_max=1.058 η_n_max=1.279 primal=4.936 iters=25/25
[CONTACT-RUN] step=187 nhat_BA_W=[+0.000,+0.000,+0.000] p_BCb=[+0.000,+0.000,+0.000] distance=+1.00000 contact_type=NONE
[X-SEQ-PROBE] step=187 x0_box=(+0.00000,+0.00000,+0.04999) x1_box=(-0.01168,-0.00110,+0.02547) x1_box_v=(-0.23502,-0.02352,-0.49050) dt=0.050
[APPROACH-OVERRIDE] step=187 phase=A_lift_trav face_axis=0 face_sign=+1 face_score=+1.000 surf_dist=0.0552m advance=0.0100m target=(+0.1000,+0.0000,+0.1350) p_ee_des=(+0.0526,-0.0710,+0.0752)
[VFF] step=187 mode=c3 alpha=0.000 v_des=(+0.0000,+0.0000,+0.0000) |v_des|=0.0000 sat=0 util_max=0.192@j3
[OSC-FORCE] step=187 mode=c3 lam_des=2.000 lam_ext=2.000
[GS] step=187 mode=c3 switch=kStayInC3 best_k=0 best_src=current curr_cost=134773.35 repos_cost=- best_other=181050.58 met_progress=Y steps_since_improve=58 switches=3
[STEP] step=187 mode=c3 t=1.870s ee=(+0.048,-0.078,+0.069) obj=(+0.000,+0.000,+0.050) goal_dist=0.300m switch=kStayInC3 c3_cost=134773.35 lam_n=0.000 lam_t=0.000 contact=N productive=N f_cmd=(+2.00,+0.00,-0.00)
[GATE-EVOLVE] step=187 curr=134773.35 best_other=181050.58 ratio=0.7444 ee_to_optimal=0.0823m phi=0.0028m
[DRAKE-CONTACT] step=187 n_pairs=1 ee_box_normal=0.000
[GATE-CONTACT] step=187 F_W=(+0.0000,+0.0000,+0.0000) F_on_box=(-0.0000,-0.0000,-0.0000) n_face_out=(-0.0000,-0.0000,-0.0000) A_is_ee=0 box_q=(+1.00000,-0.00001,+0.00001,+0.00000) box_p=(+0.00000,+0.00000,+0.04999) ee_p=(+0.04805,-0.07776,+0.06950)
[EErel] along_push=-0.048m (neg=correct)  perp=0.079m  ee_to_box=0.092m  stage=3  obj=[0. 0.]  g_hat=[-1. -0.]
[proxy] err=0.212m  effective=[0.188 0.079 0.05 ]
[ADMM-C3+] primal: 6.1274->4.9359  dual: 109.8105->80.3186  mono=False  iters=25/25  rho=25.0
[ADMM-C3+] WARNING non-converged: pr=4.9359 dr=80.3186 tol=1e-03
[C3+] step=925 |u[0]|=41.47Nm λ_n_max=1.058 η_n_max=1.279 primal=4.936 iters=25/25
[EErel] along_push=-0.048m (neg=correct)  perp=0.079m  ee_to_box=0.092m  stage=3  obj=[0. 0.]  g_hat=[-1. -0.]
[proxy] err=0.212m  effective=[0.188 0.079 0.05 ]
[ADMM-C3+] primal: 6.1274->4.9359  dual: 109.8105->80.3186  mono=False  iters=25/25  rho=25.0
[ADMM-C3+] WARNING non-converged: pr=4.9359 dr=80.3186 tol=1e-03
[C3+] step=930 |u[0]|=34.22Nm λ_n_max=1.058 η_n_max=1.279 primal=4.936 iters=25/25
[CONTACT-RUN] step=188 nhat_BA_W=[+0.000,+0.000,+0.000] p_BCb=[+0.000,+0.000,+0.000] distance=+1.00000 contact_type=NONE
[X-SEQ-PROBE] step=188 x0_box=(+0.00000,+0.00000,+0.04999) x1_box=(-0.01168,-0.00110,+0.02547) x1_box_v=(-0.23502,-0.02352,-0.49050) dt=0.050
[APPROACH-OVERRIDE] step=188 phase=A_lift_trav face_axis=0 face_sign=+1 face_score=+1.000 surf_dist=0.0561m advance=0.0100m target=(+0.1000,+0.0000,+0.1350) p_ee_des=(+0.0522,-0.0718,+0.0752)
[VFF] step=188 mode=c3 alpha=0.000 v_des=(+0.0000,+0.0000,+0.0000) |v_des|=0.0000 sat=0 util_max=0.119@j3
[OSC-FORCE] step=188 mode=c3 lam_des=2.000 lam_ext=2.000
[GS] step=188 mode=c3 switch=kStayInC3 best_k=0 best_src=current curr_cost=134774.97 repos_cost=- best_other=180010.99 met_progress=Y steps_since_improve=59 switches=3
[STEP] step=188 mode=c3 t=1.880s ee=(+0.048,-0.079,+0.070) obj=(+0.000,+0.000,+0.050) goal_dist=0.300m switch=kStayInC3 c3_cost=134774.97 lam_n=0.000 lam_t=0.000 contact=N productive=N f_cmd=(+2.00,+0.00,-0.00)
[GATE-EVOLVE] step=188 curr=134774.97 best_other=180010.99 ratio=0.7487 ee_to_optimal=0.0833m phi=0.0036m
[DRAKE-CONTACT] step=188 n_pairs=1 ee_box_normal=0.000
[GATE-CONTACT] step=188 F_W=(+0.0000,+0.0000,+0.0000) F_on_box=(-0.0000,-0.0000,-0.0000) n_face_out=(-0.0000,-0.0000,-0.0000) A_is_ee=0 box_q=(+1.00000,-0.00001,+0.00001,+0.00000) box_p=(+0.00000,+0.00000,+0.04999) ee_p=(+0.04764,-0.07862,+0.06953)
[PERSIST] step=189 refresh n_strategy=3 samples=[(0.08, 0.0028, 0.03), (-0.0439, 0.08, 0.03), (0.0232, 0.08, 0.03)]
[EErel] along_push=-0.048m (neg=correct)  perp=0.079m  ee_to_box=0.092m  stage=3  obj=[0. 0.]  g_hat=[-1. -0.]
[proxy] err=0.212m  effective=[0.188 0.079 0.05 ]
[ADMM-C3+] primal: 6.1274->4.9359  dual: 109.8105->80.3186  mono=False  iters=25/25  rho=25.0
[ADMM-C3+] WARNING non-converged: pr=4.9359 dr=80.3186 tol=1e-03
[C3+] step=931 |u[0]|=40.71Nm λ_n_max=1.058 η_n_max=1.279 primal=4.936 iters=25/25
[GS-tgt] step=189 ee=(+0.048,-0.079,+0.070) p_repos=(+0.080,+0.003,+0.030) ee_to_target=0.097m target_label=strat_0 target_changed=Y delta=nanm
[X-SEQ-PROBE] step=189 x0_box=(+0.00000,+0.00000,+0.04999) x1_box=(-0.01168,-0.00110,+0.02547) x1_box_v=(-0.23502,-0.02352,-0.49050) dt=0.050
[GS] step=189 mode=free switch=kToReposUnproductive best_k=0 best_src=strat_0 curr_cost=134775.57 repos_cost=179267.93 best_other=179267.93 met_progress=N steps_since_improve=60 switches=4
[STEP] step=189 mode=free t=1.890s ee=(+0.048,-0.079,+0.070) obj=(+0.000,+0.000,+0.050) goal_dist=0.300m switch=kToReposUnproductive target=(+0.049,-0.080,+0.095) ee_stride=0.025m ee_to_ptarget=0.097m landing_err=0.0855m ik_ok=Y ik_resid=0.0017m q_max_resid_deg=4.82 target_changed=Y retgt=N held_idx=- held_cost=- won_cost=179267.93 margin=- won_src=strat_0 held_valid=N reason=no_held setpoint_to_ptarget=0.0983m finished_val=0.0966m finished_thresh=0.0200m pd_resid=0.0250m nextwp_to_ptarget=0.1087m guide_terminal_err=0.0000m
[GATE-EVOLVE] step=189 curr=134775.57 best_other=179267.93 ratio=0.7518 ee_to_optimal=0.0836m phi=0.0039m
[RICH-EXIT-REFRESH] step=189 mode c3->free reason=kToReposUnproductive forcing buffer refresh + clearing prev_repos
[DRAKE-CONTACT] step=189 n_pairs=1 ee_box_normal=0.000
[GATE-CONTACT] step=189 F_W=(+0.0000,+0.0000,+0.0000) F_on_box=(-0.0000,-0.0000,-0.0000) n_face_out=(-0.0000,-0.0000,-0.0000) A_is_ee=0 box_q=(+1.00000,-0.00001,+0.00001,+0.00000) box_p=(+0.00000,+0.00000,+0.04999) ee_p=(+0.04751,-0.07892,+0.06982)
[PERSIST] step=190 refresh n_strategy=1 samples=[(-0.043, 0.08, 0.03)]
[EErel] along_push=-0.048m (neg=correct)  perp=0.079m  ee_to_box=0.092m  stage=3  obj=[0. 0.]  g_hat=[-1. -0.]
[proxy] err=0.213m  effective=[0.188 0.079 0.05 ]
[ADMM-C3+] primal: 6.1274->4.9359  dual: 109.8105->80.3186  mono=False  iters=25/25  rho=25.0
[ADMM-C3+] WARNING non-converged: pr=4.9359 dr=80.3186 tol=1e-03
[C3+] step=936 |u[0]|=39.95Nm λ_n_max=1.058 η_n_max=1.279 primal=4.936 iters=25/25
[GS-tgt] step=190 ee=(+0.048,-0.079,+0.071) p_repos=(-0.043,+0.080,+0.030) ee_to_target=0.187m target_label=strat_0 target_changed=Y delta=nanm
[X-SEQ-PROBE] step=190 x0_box=(+0.00000,+0.00000,+0.04999) x1_box=(-0.01168,-0.00110,+0.02547) x1_box_v=(-0.23502,-0.02352,-0.49050) dt=0.050
[IMP] step=190 mode=free |x_err|=0.0282m |tau_imp|=30.32Nm |tau_ff|=0.00Nm |tau_out|=30.32Nm sat=False lam_n=False lam_t=False
[GS] step=190 mode=free switch=kStayInRepos best_k=0 best_src=strat_0 curr_cost=134815.69 repos_cost=231080.36 best_other=231080.36 met_progress=N steps_since_improve=61 switches=4
[STEP] step=190 mode=free t=1.900s ee=(+0.048,-0.079,+0.071) obj=(+0.000,+0.000,+0.050) goal_dist=0.300m switch=kStayInRepos target=(+0.049,-0.080,+0.099) ee_stride=0.028m ee_to_ptarget=0.187m landing_err=0.0956m ik_ok=Y ik_resid=0.0017m q_max_resid_deg=5.35 target_changed=Y retgt=N held_idx=- held_cost=- won_cost=231080.36 margin=- won_src=strat_0 held_valid=N reason=no_held setpoint_to_ptarget=0.1890m finished_val=0.1874m finished_thresh=0.0200m pd_resid=0.0282m nextwp_to_ptarget=0.1951m guide_terminal_err=0.0000m
[GATE-EVOLVE] step=190 curr=134815.69 best_other=231080.36 ratio=0.5834 ee_to_optimal=0.0836m phi=0.0040m
[DRAKE-CONTACT] step=190 n_pairs=1 ee_box_normal=0.000
[GATE-CONTACT] step=190 F_W=(+0.0000,+0.0000,+0.0000) F_on_box=(-0.0000,-0.0000,-0.0000) n_face_out=(-0.0000,-0.0000,-0.0000) A_is_ee=0 box_q=(+1.00000,-0.00001,+0.00001,+0.00000) box_p=(+0.00000,+0.00000,+0.04999) ee_p=(+0.04751,-0.07899,+0.07061)
[EErel] along_push=-0.048m (neg=correct)  perp=0.079m  ee_to_box=0.092m  stage=3  obj=[0. 0.]  g_hat=[-1. -0.]
[proxy] err=0.213m  effective=[0.188 0.079 0.05 ]
[ADMM-C3+] primal: 6.1274->4.9359  dual: 109.8105->80.3186  mono=False  iters=25/25  rho=25.0
[ADMM-C3+] WARNING non-converged: pr=4.9359 dr=80.3186 tol=1e-03
[C3+] step=938 |u[0]|=39.51Nm λ_n_max=1.058 η_n_max=1.279 primal=4.936 iters=25/25
[GS-tgt] step=191 ee=(+0.048,-0.079,+0.072) p_repos=(-0.043,+0.080,+0.030) ee_to_target=0.188m target_label=prev_repos target_changed=N delta=0.000m
[X-SEQ-PROBE] step=191 x0_box=(+0.00000,+0.00000,+0.04999) x1_box=(-0.01168,-0.00110,+0.02547) x1_box_v=(-0.23502,-0.02352,-0.49050) dt=0.050
[GS] step=191 mode=free switch=kStayInRepos best_k=0 best_src=prev_repos curr_cost=134861.18 repos_cost=226093.92 best_other=226093.92 met_progress=N steps_since_improve=62 switches=4
[STEP] step=191 mode=free t=1.910s ee=(+0.048,-0.079,+0.072) obj=(+0.000,+0.000,+0.050) goal_dist=0.300m switch=kStayInRepos target=(+0.049,-0.080,+0.103) ee_stride=0.031m ee_to_ptarget=0.188m landing_err=0.0956m ik_ok=Y ik_resid=0.0017m q_max_resid_deg=5.77 target_changed=Y retgt=N held_idx=1 held_cost=226093.92 won_cost=226093.92 margin=+0.00 won_src=prev_repos held_valid=Y reason=hold setpoint_to_ptarget=0.1901m finished_val=0.1877m finished_thresh=0.0200m pd_resid=0.0308m nextwp_to_ptarget=0.1965m guide_terminal_err=0.0000m
[GATE-EVOLVE] step=191 curr=134861.18 best_other=226093.92 ratio=0.5965 ee_to_optimal=0.0836m phi=0.0040m
[DRAKE-CONTACT] step=191 n_pairs=1 ee_box_normal=0.000
[GATE-CONTACT] step=191 F_W=(+0.0000,+0.0000,+0.0000) F_on_box=(-0.0000,-0.0000,-0.0000) n_face_out=(-0.0000,-0.0000,-0.0000) A_is_ee=0 box_q=(+1.00000,-0.00001,+0.00001,+0.00000) box_p=(+0.00000,+0.00000,+0.04999) ee_p=(+0.04754,-0.07901,+0.07209)
[EErel] along_push=-0.048m (neg=correct)  perp=0.079m  ee_to_box=0.092m  stage=3  obj=[0. 0.]  g_hat=[-1. -0.]
[proxy] err=0.213m  effective=[0.188 0.079 0.05 ]
[ADMM-C3+] primal: 6.1274->4.9359  dual: 109.8105->80.3186  mono=False  iters=25/25  rho=25.0
[ADMM-C3+] WARNING non-converged: pr=4.9359 dr=80.3186 tol=1e-03
[C3+] step=941 |u[0]|=39.24Nm λ_n_max=1.058 η_n_max=1.279 primal=4.936 iters=25/25
[GS-tgt] step=192 ee=(+0.048,-0.079,+0.074) p_repos=(-0.043,+0.080,+0.030) ee_to_target=0.188m target_label=prev_repos target_changed=N delta=0.000m
[X-SEQ-PROBE] step=192 x0_box=(+0.00000,+0.00000,+0.04999) x1_box=(-0.01168,-0.00110,+0.02547) x1_box_v=(-0.23502,-0.02352,-0.49050) dt=0.050
[GS] step=192 mode=free switch=kStayInRepos best_k=0 best_src=prev_repos curr_cost=134910.63 repos_cost=222114.91 best_other=222114.91 met_progress=N steps_since_improve=63 switches=4
[STEP] step=192 mode=free t=1.920s ee=(+0.048,-0.079,+0.074) obj=(+0.000,+0.000,+0.050) goal_dist=0.300m switch=kStayInRepos target=(+0.049,-0.080,+0.107) ee_stride=0.033m ee_to_ptarget=0.188m landing_err=0.0956m ik_ok=Y ik_resid=0.0017m q_max_resid_deg=6.10 target_changed=Y retgt=N held_idx=1 held_cost=222114.91 won_cost=222114.91 margin=+0.00 won_src=prev_repos held_valid=Y reason=hold setpoint_to_ptarget=0.1912m finished_val=0.1882m finished_thresh=0.0200m pd_resid=0.0327m nextwp_to_ptarget=0.1980m guide_terminal_err=0.0000m
[GATE-EVOLVE] step=192 curr=134910.63 best_other=222114.91 ratio=0.6074 ee_to_optimal=0.0836m phi=0.0040m
[DRAKE-CONTACT] step=192 n_pairs=1 ee_box_normal=0.000
[GATE-CONTACT] step=192 F_W=(+0.0000,+0.0000,+0.0000) F_on_box=(-0.0000,-0.0000,-0.0000) n_face_out=(-0.0000,-0.0000,-0.0000) A_is_ee=0 box_q=(+1.00000,-0.00001,+0.00001,+0.00000) box_p=(+0.00000,+0.00000,+0.04999) ee_p=(+0.04760,-0.07901,+0.07410)
[EErel] along_push=-0.048m (neg=correct)  perp=0.079m  ee_to_box=0.092m  stage=3  obj=[0. 0.]  g_hat=[-1. -0.]
[proxy] err=0.213m  effective=[0.188 0.079 0.05 ]
[ADMM-C3+] primal: 6.1274->4.9359  dual: 109.8105->80.3186  mono=False  iters=25/25  rho=25.0
[ADMM-C3+] WARNING non-converged: pr=4.9359 dr=80.3186 tol=1e-03
[C3+] step=944 |u[0]|=39.12Nm λ_n_max=1.058 η_n_max=1.279 primal=4.936 iters=25/25
[GS-tgt] step=193 ee=(+0.048,-0.079,+0.077) p_repos=(-0.043,+0.080,+0.030) ee_to_target=0.189m target_label=prev_repos target_changed=N delta=0.000m
[X-SEQ-PROBE] step=193 x0_box=(+0.00000,+0.00000,+0.04999) x1_box=(-0.01168,-0.00110,+0.02547) x1_box_v=(-0.23502,-0.02352,-0.49050) dt=0.050
[GS] step=193 mode=free switch=kStayInRepos best_k=0 best_src=prev_repos curr_cost=134963.90 repos_cost=218665.14 best_other=218665.14 met_progress=N steps_since_improve=64 switches=4
[STEP] step=193 mode=free t=1.930s ee=(+0.048,-0.079,+0.077) obj=(+0.000,+0.000,+0.050) goal_dist=0.300m switch=kStayInRepos target=(+0.049,-0.080,+0.111) ee_stride=0.034m ee_to_ptarget=0.189m landing_err=0.0956m ik_ok=Y ik_resid=0.0017m q_max_resid_deg=6.37 target_changed=Y retgt=N held_idx=1 held_cost=218665.14 won_cost=218665.14 margin=+0.00 won_src=prev_repos held_valid=Y reason=hold setpoint_to_ptarget=0.1924m finished_val=0.1888m finished_thresh=0.0200m pd_resid=0.0343m nextwp_to_ptarget=0.1995m guide_terminal_err=0.0000m
[GATE-EVOLVE] step=193 curr=134963.90 best_other=218665.14 ratio=0.6172 ee_to_optimal=0.0836m phi=0.0040m
[DRAKE-CONTACT] step=193 n_pairs=1 ee_box_normal=0.000
[GATE-CONTACT] step=193 F_W=(+0.0000,+0.0000,+0.0000) F_on_box=(-0.0000,-0.0000,-0.0000) n_face_out=(-0.0000,-0.0000,-0.0000) A_is_ee=0 box_q=(+1.00000,-0.00001,+0.00001,+0.00000) box_p=(+0.00000,+0.00000,+0.04999) ee_p=(+0.04767,-0.07900,+0.07653)
[EErel] along_push=-0.048m (neg=correct)  perp=0.079m  ee_to_box=0.092m  stage=3  obj=[0. 0.]  g_hat=[-1. -0.]
[proxy] err=0.214m  effective=[0.188 0.079 0.05 ]
[ADMM-C3+] primal: 6.1274->4.9359  dual: 109.8105->80.3186  mono=False  iters=25/25  rho=25.0
[ADMM-C3+] WARNING non-converged: pr=4.9359 dr=80.3186 tol=1e-03
[C3+] step=947 |u[0]|=39.09Nm λ_n_max=1.058 η_n_max=1.279 primal=4.936 iters=25/25
[GS-tgt] step=194 ee=(+0.048,-0.079,+0.079) p_repos=(-0.043,+0.080,+0.030) ee_to_target=0.190m target_label=prev_repos target_changed=N delta=0.000m
[X-SEQ-PROBE] step=194 x0_box=(+0.00000,+0.00000,+0.04999) x1_box=(-0.01168,-0.00110,+0.02547) x1_box_v=(-0.23502,-0.02352,-0.49050) dt=0.050
[GS] step=194 mode=free switch=kStayInRepos best_k=0 best_src=prev_repos curr_cost=135021.32 repos_cost=215952.37 best_other=215952.37 met_progress=N steps_since_improve=65 switches=4
[STEP] step=194 mode=free t=1.940s ee=(+0.048,-0.079,+0.079) obj=(+0.000,+0.000,+0.050) goal_dist=0.300m switch=kStayInRepos target=(+0.049,-0.080,+0.115) ee_stride=0.036m ee_to_ptarget=0.190m landing_err=0.0956m ik_ok=Y ik_resid=0.0017m q_max_resid_deg=6.59 target_changed=Y retgt=N held_idx=1 held_cost=215952.37 won_cost=215952.37 margin=+0.00 won_src=prev_repos held_valid=Y reason=hold setpoint_to_ptarget=0.1937m finished_val=0.1896m finished_thresh=0.0200m pd_resid=0.0355m nextwp_to_ptarget=0.2012m guide_terminal_err=0.0000m
[GATE-EVOLVE] step=194 curr=135021.32 best_other=215952.37 ratio=0.6252 ee_to_optimal=0.0836m phi=0.0040m
[DRAKE-CONTACT] step=194 n_pairs=1 ee_box_normal=0.000
[GATE-CONTACT] step=194 F_W=(+0.0000,+0.0000,+0.0000) F_on_box=(-0.0000,-0.0000,-0.0000) n_face_out=(-0.0000,-0.0000,-0.0000) A_is_ee=0 box_q=(+1.00000,-0.00001,+0.00001,+0.00000) box_p=(+0.00000,+0.00000,+0.04999) ee_p=(+0.04774,-0.07900,+0.07930)
[EErel] along_push=-0.048m (neg=correct)  perp=0.079m  ee_to_box=0.092m  stage=3  obj=[0. 0.]  g_hat=[-1. -0.]
[proxy] err=0.214m  effective=[0.189 0.079 0.05 ]
[ADMM-C3+] primal: 6.1274->4.9359  dual: 109.8105->80.3186  mono=False  iters=25/25  rho=25.0
[ADMM-C3+] WARNING non-converged: pr=4.9359 dr=80.3186 tol=1e-03
[C3+] step=950 |u[0]|=39.05Nm λ_n_max=1.058 η_n_max=1.279 primal=4.936 iters=25/25
[GS-tgt] step=195 ee=(+0.048,-0.079,+0.082) p_repos=(-0.043,+0.080,+0.030) ee_to_target=0.190m target_label=prev_repos target_changed=N delta=0.000m
[X-SEQ-PROBE] step=195 x0_box=(+0.00000,+0.00000,+0.04999) x1_box=(-0.01168,-0.00110,+0.02547) x1_box_v=(-0.23502,-0.02352,-0.49050) dt=0.050
[GS] step=195 mode=free switch=kStayInRepos best_k=0 best_src=prev_repos curr_cost=135084.77 repos_cost=213804.27 best_other=213804.27 met_progress=N steps_since_improve=66 switches=4
[STEP] step=195 mode=free t=1.950s ee=(+0.048,-0.079,+0.082) obj=(+0.000,+0.000,+0.050) goal_dist=0.300m switch=kStayInRepos target=(+0.049,-0.080,+0.119) ee_stride=0.037m ee_to_ptarget=0.190m landing_err=0.0956m ik_ok=Y ik_resid=0.0017m q_max_resid_deg=6.76 target_changed=Y retgt=N held_idx=1 held_cost=213804.27 won_cost=213804.27 margin=+0.00 won_src=prev_repos held_valid=Y reason=hold setpoint_to_ptarget=0.1951m finished_val=0.1904m finished_thresh=0.0200m pd_resid=0.0365m nextwp_to_ptarget=0.2029m guide_terminal_err=0.0000m
[GATE-EVOLVE] step=195 curr=135084.77 best_other=213804.27 ratio=0.6318 ee_to_optimal=0.0836m phi=0.0040m
[DRAKE-CONTACT] step=195 n_pairs=1 ee_box_normal=0.000
[GATE-CONTACT] step=195 F_W=(+0.0000,+0.0000,+0.0000) F_on_box=(-0.0000,-0.0000,-0.0000) n_face_out=(-0.0000,-0.0000,-0.0000) A_is_ee=0 box_q=(+1.00000,-0.00001,+0.00001,+0.00000) box_p=(+0.00000,+0.00000,+0.04999) ee_p=(+0.04782,-0.07901,+0.08232)
[EErel] along_push=-0.048m (neg=correct)  perp=0.079m  ee_to_box=0.092m  stage=3  obj=[0. 0.]  g_hat=[-1. -0.]
[proxy] err=0.215m  effective=[0.189 0.079 0.05 ]
[ADMM-C3+] primal: 6.1274->4.9359  dual: 109.8105->80.3186  mono=False  iters=25/25  rho=25.0
[ADMM-C3+] WARNING non-converged: pr=4.9359 dr=80.3186 tol=1e-03
[C3+] step=953 |u[0]|=39.16Nm λ_n_max=1.058 η_n_max=1.279 primal=4.936 iters=25/25
[GS-tgt] step=196 ee=(+0.048,-0.079,+0.086) p_repos=(-0.043,+0.080,+0.030) ee_to_target=0.191m target_label=prev_repos target_changed=N delta=0.000m
[X-SEQ-PROBE] step=196 x0_box=(+0.00000,+0.00000,+0.04999) x1_box=(-0.01168,-0.00110,+0.02547) x1_box_v=(-0.23502,-0.02352,-0.49050) dt=0.050
[GS] step=196 mode=free switch=kStayInRepos best_k=0 best_src=prev_repos curr_cost=135145.46 repos_cost=212066.34 best_other=212066.34 met_progress=N steps_since_improve=67 switches=4
[STEP] step=196 mode=free t=1.960s ee=(+0.048,-0.079,+0.086) obj=(+0.000,+0.000,+0.050) goal_dist=0.300m switch=kStayInRepos target=(+0.049,-0.080,+0.123) ee_stride=0.037m ee_to_ptarget=0.191m landing_err=0.0956m ik_ok=Y ik_resid=0.0017m q_max_resid_deg=6.91 target_changed=Y retgt=N held_idx=1 held_cost=212066.34 won_cost=212066.34 margin=+0.00 won_src=prev_repos held_valid=Y reason=hold setpoint_to_ptarget=0.1965m finished_val=0.1914m finished_thresh=0.0200m pd_resid=0.0373m nextwp_to_ptarget=0.2046m guide_terminal_err=0.0000m
[GATE-EVOLVE] step=196 curr=135145.46 best_other=212066.34 ratio=0.6373 ee_to_optimal=0.0835m phi=0.0040m
[DRAKE-CONTACT] step=196 n_pairs=1 ee_box_normal=0.000
[GATE-CONTACT] step=196 F_W=(+0.0000,+0.0000,+0.0000) F_on_box=(-0.0000,-0.0000,-0.0000) n_face_out=(-0.0000,-0.0000,-0.0000) A_is_ee=0 box_q=(+1.00000,-0.00001,+0.00001,+0.00000) box_p=(+0.00000,+0.00000,+0.04999) ee_p=(+0.04789,-0.07903,+0.08555)
[EErel] along_push=-0.048m (neg=correct)  perp=0.079m  ee_to_box=0.092m  stage=3  obj=[0. 0.]  g_hat=[-1. -0.]
[proxy] err=0.215m  effective=[0.189 0.079 0.05 ]
[ADMM-C3+] primal: 6.1274->4.9359  dual: 109.8105->80.3186  mono=False  iters=25/25  rho=25.0
[ADMM-C3+] WARNING non-converged: pr=4.9359 dr=80.3186 tol=1e-03
[C3+] step=956 |u[0]|=39.22Nm λ_n_max=1.058 η_n_max=1.279 primal=4.936 iters=25/25
[GS-tgt] step=197 ee=(+0.048,-0.079,+0.089) p_repos=(-0.043,+0.080,+0.030) ee_to_target=0.192m target_label=prev_repos target_changed=N delta=0.000m
[X-SEQ-PROBE] step=197 x0_box=(+0.00000,+0.00000,+0.04999) x1_box=(-0.01168,-0.00110,+0.02547) x1_box_v=(-0.23502,-0.02352,-0.49050) dt=0.050
[GS] step=197 mode=free switch=kStayInRepos best_k=0 best_src=prev_repos curr_cost=135213.60 repos_cost=210655.47 best_other=210655.47 met_progress=N steps_since_improve=68 switches=4
[STEP] step=197 mode=free t=1.970s ee=(+0.048,-0.079,+0.089) obj=(+0.000,+0.000,+0.050) goal_dist=0.300m switch=kStayInRepos target=(+0.049,-0.080,+0.127) ee_stride=0.038m ee_to_ptarget=0.192m landing_err=0.0956m ik_ok=Y ik_resid=0.0017m q_max_resid_deg=7.02 target_changed=Y retgt=N held_idx=1 held_cost=210655.47 won_cost=210655.47 margin=+0.00 won_src=prev_repos held_valid=Y reason=hold setpoint_to_ptarget=0.1980m finished_val=0.1925m finished_thresh=0.0200m pd_resid=0.0379m nextwp_to_ptarget=0.2065m guide_terminal_err=0.0000m
[GATE-EVOLVE] step=197 curr=135213.60 best_other=210655.47 ratio=0.6419 ee_to_optimal=0.0836m phi=0.0041m
[DRAKE-CONTACT] step=197 n_pairs=1 ee_box_normal=0.000
[GATE-CONTACT] step=197 F_W=(+0.0000,+0.0000,+0.0000) F_on_box=(-0.0000,-0.0000,-0.0000) n_face_out=(-0.0000,-0.0000,-0.0000) A_is_ee=0 box_q=(+1.00000,-0.00001,+0.00001,+0.00000) box_p=(+0.00000,+0.00000,+0.04999) ee_p=(+0.04796,-0.07905,+0.08895)
[EErel] along_push=-0.048m (neg=correct)  perp=0.079m  ee_to_box=0.093m  stage=3  obj=[0. 0.]  g_hat=[-1. -0.]
[proxy] err=0.216m  effective=[0.189 0.079 0.05 ]
[ADMM-C3+] primal: 6.1274->4.9359  dual: 109.8105->80.3186  mono=False  iters=25/25  rho=25.0
[ADMM-C3+] WARNING non-converged: pr=4.9359 dr=80.3186 tol=1e-03
[C3+] step=959 |u[0]|=38.99Nm λ_n_max=1.058 η_n_max=1.279 primal=4.936 iters=25/25
[GS-tgt] step=198 ee=(+0.048,-0.079,+0.092) p_repos=(-0.043,+0.080,+0.030) ee_to_target=0.194m target_label=prev_repos target_changed=N delta=0.000m
[X-SEQ-PROBE] step=198 x0_box=(+0.00000,+0.00000,+0.04999) x1_box=(-0.01168,-0.00110,+0.02547) x1_box_v=(-0.23502,-0.02352,-0.49050) dt=0.050
[GS] step=198 mode=free switch=kStayInRepos best_k=0 best_src=prev_repos curr_cost=135286.57 repos_cost=209503.63 best_other=209503.63 met_progress=N steps_since_improve=69 switches=4
[STEP] step=198 mode=free t=1.980s ee=(+0.048,-0.079,+0.092) obj=(+0.000,+0.000,+0.050) goal_dist=0.300m switch=kStayInRepos target=(+0.049,-0.080,+0.131) ee_stride=0.038m ee_to_ptarget=0.194m landing_err=0.0956m ik_ok=Y ik_resid=0.0017m q_max_resid_deg=7.12 target_changed=Y retgt=N held_idx=1 held_cost=209503.63 won_cost=209503.63 margin=+0.00 won_src=prev_repos held_valid=Y reason=hold setpoint_to_ptarget=0.1995m finished_val=0.1936m finished_thresh=0.0200m pd_resid=0.0384m nextwp_to_ptarget=0.2083m guide_terminal_err=0.0000m
[GATE-EVOLVE] step=198 curr=135286.57 best_other=209503.63 ratio=0.6457 ee_to_optimal=0.0836m phi=0.0041m
[DRAKE-CONTACT] step=198 n_pairs=1 ee_box_normal=0.000
[GATE-CONTACT] step=198 F_W=(+0.0000,+0.0000,+0.0000) F_on_box=(-0.0000,-0.0000,-0.0000) n_face_out=(-0.0000,-0.0000,-0.0000) A_is_ee=0 box_q=(+1.00000,-0.00001,+0.00001,+0.00000) box_p=(+0.00000,+0.00000,+0.04999) ee_p=(+0.04802,-0.07908,+0.09247)
[EErel] along_push=-0.048m (neg=correct)  perp=0.079m  ee_to_box=0.093m  stage=3  obj=[0. 0.]  g_hat=[-1. -0.]
[proxy] err=0.217m  effective=[0.189 0.079 0.05 ]
[ADMM-C3+] primal: 6.1274->4.9359  dual: 109.8105->80.3186  mono=False  iters=25/25  rho=25.0
[ADMM-C3+] WARNING non-converged: pr=4.9359 dr=80.3186 tol=1e-03
[C3+] step=962 |u[0]|=38.76Nm λ_n_max=1.058 η_n_max=1.279 primal=4.936 iters=25/25
[GS-tgt] step=199 ee=(+0.048,-0.079,+0.096) p_repos=(-0.043,+0.080,+0.030) ee_to_target=0.195m target_label=prev_repos target_changed=N delta=0.000m
[X-SEQ-PROBE] step=199 x0_box=(+0.00000,+0.00000,+0.04999) x1_box=(-0.01168,-0.00110,+0.02547) x1_box_v=(-0.23502,-0.02352,-0.49050) dt=0.050
[GS] step=199 mode=free switch=kStayInRepos best_k=0 best_src=prev_repos curr_cost=135363.25 repos_cost=208556.13 best_other=208556.13 met_progress=N steps_since_improve=70 switches=4
[STEP] step=199 mode=free t=1.990s ee=(+0.048,-0.079,+0.096) obj=(+0.000,+0.000,+0.050) goal_dist=0.300m switch=kStayInRepos target=(+0.047,-0.080,+0.135) ee_stride=0.039m ee_to_ptarget=0.195m landing_err=0.0956m ik_ok=Y ik_resid=0.0015m q_max_resid_deg=7.17 target_changed=Y retgt=N held_idx=1 held_cost=208556.13 won_cost=208556.13 margin=+0.00 won_src=prev_repos held_valid=Y reason=hold setpoint_to_ptarget=0.2012m finished_val=0.1949m finished_thresh=0.0200m pd_resid=0.0387m nextwp_to_ptarget=0.2103m guide_terminal_err=0.0000m
[GATE-EVOLVE] step=199 curr=135363.25 best_other=208556.13 ratio=0.6490 ee_to_optimal=0.0836m phi=0.0041m
[DRAKE-CONTACT] step=199 n_pairs=1 ee_box_normal=0.000
[GATE-CONTACT] step=199 F_W=(+0.0000,+0.0000,+0.0000) F_on_box=(-0.0000,-0.0000,-0.0000) n_face_out=(-0.0000,-0.0000,-0.0000) A_is_ee=0 box_q=(+1.00000,-0.00001,+0.00001,+0.00000) box_p=(+0.00000,+0.00000,+0.04999) ee_p=(+0.04808,-0.07912,+0.09610)
[EErel] along_push=-0.048m (neg=correct)  perp=0.079m  ee_to_box=0.093m  stage=3  obj=[0. 0.]  g_hat=[-1. -0.]
[proxy] err=0.218m  effective=[0.189 0.079 0.05 ]
[ADMM-C3+] primal: 6.1274->4.9359  dual: 109.8105->80.3186  mono=False  iters=25/25  rho=25.0
[ADMM-C3+] WARNING non-converged: pr=4.9359 dr=80.3186 tol=1e-03
[C3+] step=965 |u[0]|=38.60Nm λ_n_max=1.058 η_n_max=1.279 primal=4.936 iters=25/25
[GS-tgt] step=200 ee=(+0.048,-0.079,+0.100) p_repos=(-0.043,+0.080,+0.030) ee_to_target=0.196m target_label=prev_repos target_changed=N delta=0.000m
[X-SEQ-PROBE] step=200 x0_box=(+0.00000,+0.00000,+0.04999) x1_box=(-0.01168,-0.00110,+0.02547) x1_box_v=(-0.23502,-0.02352,-0.49050) dt=0.050
[IMP] step=200 mode=free |x_err|=0.0391m |tau_imp|=4.50Nm |tau_ff|=0.00Nm |tau_out|=4.50Nm sat=False lam_n=False lam_t=False
[GS] step=200 mode=free switch=kStayInRepos best_k=0 best_src=prev_repos curr_cost=135446.15 repos_cost=207856.92 best_other=207856.92 met_progress=N steps_since_improve=71 switches=4
[STEP] step=200 mode=free t=2.000s ee=(+0.048,-0.079,+0.100) obj=(+0.000,+0.000,+0.050) goal_dist=0.300m switch=kStayInRepos target=(+0.047,-0.080,+0.139) ee_stride=0.039m ee_to_ptarget=0.196m landing_err=0.0956m ik_ok=Y ik_resid=0.0017m q_max_resid_deg=7.24 target_changed=Y retgt=N held_idx=1 held_cost=207856.92 won_cost=207856.92 margin=+0.00 won_src=prev_repos held_valid=Y reason=hold setpoint_to_ptarget=0.2029m finished_val=0.1962m finished_thresh=0.0200m pd_resid=0.0391m nextwp_to_ptarget=0.2123m guide_terminal_err=0.0000m
[GATE-EVOLVE] step=200 curr=135446.15 best_other=207856.92 ratio=0.6516 ee_to_optimal=0.0836m phi=0.0042m
[GS-table] step=200
  k=0 (current   ) pos=(+0.048,-0.079,+0.100) c_C3= 135446.15 align=0.0000(bonus=    0.00) rot=+0.0000(bonus=    0.00) travel=0.000m(pen=  0.00) c_sample= 135446.15 feas=Y ik_err=0.0000m  ← WIN
  k=1 (prev_repos) pos=(-0.043,+0.080,+0.030) c_C3= 207817.83 align=0.0000(bonus=    0.15) rot=+0.0000(bonus=    0.00) travel=0.196m(pen= 39.24) c_sample= 207856.92 feas=Y ik_err=0.0004m
  k=2 (strat_0   ) pos=(-0.043,+0.080,+0.030) c_C3= 207817.83 align=0.0000(bonus=    0.15) rot=+0.0000(bonus=    0.00) travel=0.196m(pen= 39.24) c_sample= 207856.92 feas=Y ik_err=0.0004m
[DRAKE-CONTACT] step=200 n_pairs=1 ee_box_normal=0.000
[GATE-CONTACT] step=200 F_W=(+0.0000,+0.0000,+0.0000) F_on_box=(-0.0000,-0.0000,-0.0000) n_face_out=(-0.0000,-0.0000,-0.0000) A_is_ee=0 box_q=(+1.00000,-0.00001,+0.00001,+0.00000) box_p=(+0.00000,+0.00000,+0.04999) ee_p=(+0.04810,-0.07916,+0.09980)
[EErel] along_push=-0.048m (neg=correct)  perp=0.079m  ee_to_box=0.093m  stage=3  obj=[0. 0.]  g_hat=[-1. -0.]
[proxy] err=0.219m  effective=[0.189 0.079 0.05 ]
[ADMM-C3+] primal: 6.1274->4.9359  dual: 109.8105->80.3185  mono=False  iters=25/25  rho=25.0
[ADMM-C3+] WARNING non-converged: pr=4.9359 dr=80.3185 tol=1e-03
[C3+] step=968 |u[0]|=38.47Nm λ_n_max=1.058 η_n_max=1.279 primal=4.936 iters=25/25
[GS-tgt] step=201 ee=(+0.048,-0.079,+0.104) p_repos=(-0.043,+0.080,+0.030) ee_to_target=0.198m target_label=prev_repos target_changed=N delta=0.000m
[X-SEQ-PROBE] step=201 x0_box=(+0.00000,+0.00000,+0.04999) x1_box=(-0.01168,-0.00110,+0.02547) x1_box_v=(-0.23502,-0.02352,-0.49050) dt=0.050
[GS] step=201 mode=free switch=kStayInRepos best_k=0 best_src=prev_repos curr_cost=135533.44 repos_cost=207266.89 best_other=207266.89 met_progress=N steps_since_improve=72 switches=4
[STEP] step=201 mode=free t=2.010s ee=(+0.048,-0.079,+0.104) obj=(+0.000,+0.000,+0.050) goal_dist=0.300m switch=kStayInRepos target=(+0.047,-0.080,+0.143) ee_stride=0.039m ee_to_ptarget=0.198m landing_err=0.0956m ik_ok=Y ik_resid=0.0017m q_max_resid_deg=7.30 target_changed=Y retgt=N held_idx=1 held_cost=207266.89 won_cost=207266.89 margin=+0.00 won_src=prev_repos held_valid=Y reason=hold setpoint_to_ptarget=0.2046m finished_val=0.1976m finished_thresh=0.0200m pd_resid=0.0393m nextwp_to_ptarget=0.2144m guide_terminal_err=0.0000m
[GATE-EVOLVE] step=201 curr=135533.44 best_other=207266.89 ratio=0.6539 ee_to_optimal=0.0837m phi=0.0044m
  t=2.00s | ee=(0.048, -0.079, 0.104) | obj=(0.000, 0.000, 0.050) | |u|=3.54 Nm | goal_dist=0.300 m
[DRAKE-CONTACT] step=201 n_pairs=1 ee_box_normal=0.000
[GATE-CONTACT] step=201 F_W=(+0.0000,+0.0000,+0.0000) F_on_box=(-0.0000,-0.0000,-0.0000) n_face_out=(-0.0000,-0.0000,-0.0000) A_is_ee=0 box_q=(+1.00000,-0.00001,+0.00001,+0.00000) box_p=(+0.00000,+0.00000,+0.04999) ee_p=(+0.04805,-0.07921,+0.10357)
[EErel] along_push=-0.048m (neg=correct)  perp=0.079m  ee_to_box=0.093m  stage=3  obj=[0. 0.]  g_hat=[-1. -0.]
[proxy] err=0.220m  effective=[0.189 0.079 0.05 ]
[ADMM-C3+] primal: 6.1274->4.9359  dual: 109.8105->80.3185  mono=False  iters=25/25  rho=25.0
[ADMM-C3+] WARNING non-converged: pr=4.9359 dr=80.3185 tol=1e-03
[C3+] step=971 |u[0]|=38.36Nm λ_n_max=1.058 η_n_max=1.279 primal=4.936 iters=25/25
[GS-tgt] step=202 ee=(+0.048,-0.079,+0.107) p_repos=(-0.043,+0.080,+0.030) ee_to_target=0.199m target_label=prev_repos target_changed=N delta=0.000m
[X-SEQ-PROBE] step=202 x0_box=(+0.00000,+0.00000,+0.04999) x1_box=(-0.01168,-0.00110,+0.02547) x1_box_v=(-0.23502,-0.02352,-0.49050) dt=0.050
[GS] step=202 mode=free switch=kStayInRepos best_k=0 best_src=prev_repos curr_cost=135624.84 repos_cost=206737.48 best_other=206737.48 met_progress=N steps_since_improve=73 switches=4
[STEP] step=202 mode=free t=2.020s ee=(+0.048,-0.079,+0.107) obj=(+0.000,+0.000,+0.050) goal_dist=0.300m switch=kStayInRepos target=(+0.047,-0.080,+0.147) ee_stride=0.039m ee_to_ptarget=0.199m landing_err=0.0956m ik_ok=Y ik_resid=0.0017m q_max_resid_deg=7.35 target_changed=Y retgt=N held_idx=1 held_cost=206737.48 won_cost=206737.48 margin=+0.00 won_src=prev_repos held_valid=Y reason=hold setpoint_to_ptarget=0.2065m finished_val=0.1990m finished_thresh=0.0200m pd_resid=0.0395m nextwp_to_ptarget=0.2165m guide_terminal_err=0.0000m
[GATE-EVOLVE] step=202 curr=135624.84 best_other=206737.48 ratio=0.6560 ee_to_optimal=0.0837m phi=0.0052m
[DRAKE-CONTACT] step=202 n_pairs=1 ee_box_normal=0.000
[GATE-CONTACT] step=202 F_W=(+0.0000,+0.0000,+0.0000) F_on_box=(-0.0000,-0.0000,-0.0000) n_face_out=(-0.0000,-0.0000,-0.0000) A_is_ee=0 box_q=(+1.00000,-0.00001,+0.00001,+0.00000) box_p=(+0.00000,+0.00000,+0.04999) ee_p=(+0.04796,-0.07925,+0.10739)
[EErel] along_push=-0.048m (neg=correct)  perp=0.079m  ee_to_box=0.093m  stage=3  obj=[0. 0.]  g_hat=[-1. -0.]
[proxy] err=0.221m  effective=[0.189 0.079 0.05 ]
[ADMM-C3+] primal: 6.1274->4.9359  dual: 109.8105->80.3185  mono=False  iters=25/25  rho=25.0
[ADMM-C3+] WARNING non-converged: pr=4.9359 dr=80.3185 tol=1e-03
[C3+] step=974 |u[0]|=38.26Nm λ_n_max=1.058 η_n_max=1.279 primal=4.936 iters=25/25
[GS-tgt] step=203 ee=(+0.048,-0.079,+0.111) p_repos=(-0.043,+0.080,+0.030) ee_to_target=0.201m target_label=prev_repos target_changed=N delta=0.000m
[X-SEQ-PROBE] step=203 x0_box=(+0.00000,+0.00000,+0.04999) x1_box=(-0.01168,-0.00110,+0.02547) x1_box_v=(-0.23502,-0.02352,-0.49050) dt=0.050
[GS] step=203 mode=free switch=kStayInRepos best_k=0 best_src=prev_repos curr_cost=135720.87 repos_cost=206256.39 best_other=206256.39 met_progress=N steps_since_improve=74 switches=4
[STEP] step=203 mode=free t=2.030s ee=(+0.048,-0.079,+0.111) obj=(+0.000,+0.000,+0.050) goal_dist=0.300m switch=kStayInRepos target=(+0.047,-0.080,+0.151) ee_stride=0.040m ee_to_ptarget=0.201m landing_err=0.0956m ik_ok=Y ik_resid=0.0017m q_max_resid_deg=7.41 target_changed=Y retgt=N held_idx=1 held_cost=206256.39 won_cost=206256.39 margin=+0.00 won_src=prev_repos held_valid=Y reason=hold setpoint_to_ptarget=0.2083m finished_val=0.2006m finished_thresh=0.0200m pd_resid=0.0396m nextwp_to_ptarget=0.2186m guide_terminal_err=0.0000m
[GATE-EVOLVE] step=203 curr=135720.87 best_other=206256.39 ratio=0.6580 ee_to_optimal=0.0838m phi=0.0064m
[DRAKE-CONTACT] step=203 n_pairs=1 ee_box_normal=0.000
[GATE-CONTACT] step=203 F_W=(+0.0000,+0.0000,+0.0000) F_on_box=(-0.0000,-0.0000,-0.0000) n_face_out=(-0.0000,-0.0000,-0.0000) A_is_ee=0 box_q=(+1.00000,-0.00001,+0.00001,+0.00000) box_p=(+0.00000,+0.00000,+0.04999) ee_p=(+0.04785,-0.07929,+0.11124)
[EErel] along_push=-0.048m (neg=correct)  perp=0.079m  ee_to_box=0.093m  stage=3  obj=[0. 0.]  g_hat=[-1. -0.]
[proxy] err=0.222m  effective=[0.189 0.079 0.05 ]
[ADMM-C3+] primal: 6.1274->4.9359  dual: 109.8105->80.3185  mono=False  iters=25/25  rho=25.0
[ADMM-C3+] WARNING non-converged: pr=4.9359 dr=80.3185 tol=1e-03
[C3+] step=977 |u[0]|=38.16Nm λ_n_max=1.058 η_n_max=1.279 primal=4.936 iters=25/25
[GS-tgt] step=204 ee=(+0.048,-0.079,+0.115) p_repos=(-0.043,+0.080,+0.030) ee_to_target=0.202m target_label=prev_repos target_changed=N delta=0.000m
[X-SEQ-PROBE] step=204 x0_box=(+0.00000,+0.00000,+0.04999) x1_box=(-0.01168,-0.00110,+0.02547) x1_box_v=(-0.23502,-0.02352,-0.49050) dt=0.050
[GS] step=204 mode=free switch=kStayInRepos best_k=0 best_src=prev_repos curr_cost=135822.07 repos_cost=205815.39 best_other=205815.39 met_progress=N steps_since_improve=75 switches=4
[STEP] step=204 mode=free t=2.040s ee=(+0.048,-0.079,+0.115) obj=(+0.000,+0.000,+0.050) goal_dist=0.300m switch=kStayInRepos target=(+0.047,-0.080,+0.151) ee_stride=0.036m ee_to_ptarget=0.202m landing_err=0.0956m ik_ok=Y ik_resid=0.0017m q_max_resid_deg=6.74 target_changed=N retgt=N held_idx=1 held_cost=205815.39 won_cost=205815.39 margin=+0.00 won_src=prev_repos held_valid=Y reason=hold setpoint_to_ptarget=0.2103m finished_val=0.2021m finished_thresh=0.0200m pd_resid=0.0359m nextwp_to_ptarget=0.2187m guide_terminal_err=0.0000m
[GATE-EVOLVE] step=204 curr=135822.07 best_other=205815.39 ratio=0.6599 ee_to_optimal=0.0839m phi=0.0080m
[DRAKE-CONTACT] step=204 n_pairs=1 ee_box_normal=0.000
[GATE-CONTACT] step=204 F_W=(+0.0000,+0.0000,+0.0000) F_on_box=(-0.0000,-0.0000,-0.0000) n_face_out=(-0.0000,-0.0000,-0.0000) A_is_ee=0 box_q=(+1.00000,-0.00001,+0.00001,+0.00000) box_p=(+0.00000,+0.00000,+0.04999) ee_p=(+0.04772,-0.07933,+0.11513)
[EErel] along_push=-0.048m (neg=correct)  perp=0.079m  ee_to_box=0.093m  stage=3  obj=[0. 0.]  g_hat=[-1. -0.]
[proxy] err=0.223m  effective=[0.189 0.079 0.05 ]
[ADMM-C3+] primal: 6.1274->4.9359  dual: 109.8105->80.3185  mono=False  iters=25/25  rho=25.0
[ADMM-C3+] WARNING non-converged: pr=4.9359 dr=80.3185 tol=1e-03
[C3+] step=980 |u[0]|=38.23Nm λ_n_max=1.058 η_n_max=1.279 primal=4.936 iters=25/25
[GS-tgt] step=205 ee=(+0.048,-0.079,+0.119) p_repos=(-0.043,+0.080,+0.030) ee_to_target=0.204m target_label=prev_repos target_changed=N delta=0.000m
[X-SEQ-PROBE] step=205 x0_box=(+0.00000,+0.00000,+0.04999) x1_box=(-0.01168,-0.00110,+0.02547) x1_box_v=(-0.23502,-0.02352,-0.49050) dt=0.050
[GS] step=205 mode=free switch=kStayInRepos best_k=0 best_src=prev_repos curr_cost=135906.72 repos_cost=206367.55 best_other=206367.55 met_progress=N steps_since_improve=76 switches=4
[STEP] step=205 mode=free t=2.050s ee=(+0.048,-0.079,+0.119) obj=(+0.000,+0.000,+0.050) goal_dist=0.300m switch=kStayInRepos target=(+0.047,-0.080,+0.151) ee_stride=0.032m ee_to_ptarget=0.204m landing_err=0.0956m ik_ok=Y ik_resid=0.0017m q_max_resid_deg=6.05 target_changed=N retgt=N held_idx=1 held_cost=206367.55 won_cost=206367.55 margin=+0.00 won_src=prev_repos held_valid=Y reason=hold setpoint_to_ptarget=0.2123m finished_val=0.2038m finished_thresh=0.0200m pd_resid=0.0321m nextwp_to_ptarget=0.2187m guide_terminal_err=0.0000m
[GATE-EVOLVE] step=205 curr=135906.72 best_other=206367.55 ratio=0.6586 ee_to_optimal=0.0840m phi=0.0100m
[DRAKE-CONTACT] step=205 n_pairs=1 ee_box_normal=0.000
[GATE-CONTACT] step=205 F_W=(+0.0000,+0.0000,+0.0000) F_on_box=(-0.0000,-0.0000,-0.0000) n_face_out=(-0.0000,-0.0000,-0.0000) A_is_ee=0 box_q=(+1.00000,-0.00001,+0.00001,+0.00000) box_p=(+0.00000,+0.00000,+0.04999) ee_p=(+0.04759,-0.07938,+0.11896)
[EErel] along_push=-0.047m (neg=correct)  perp=0.079m  ee_to_box=0.093m  stage=3  obj=[0. 0.]  g_hat=[-1. -0.]
[proxy] err=0.225m  effective=[0.189 0.079 0.05 ]
[ADMM-C3+] primal: 6.1274->4.9359  dual: 109.8105->80.3185  mono=False  iters=25/25  rho=25.0
[ADMM-C3+] WARNING non-converged: pr=4.9359 dr=80.3185 tol=1e-03
[C3+] step=983 |u[0]|=38.41Nm λ_n_max=1.058 η_n_max=1.279 primal=4.936 iters=25/25
[GS-tgt] step=206 ee=(+0.047,-0.079,+0.123) p_repos=(-0.043,+0.080,+0.030) ee_to_target=0.205m target_label=prev_repos target_changed=N delta=0.000m
[X-SEQ-PROBE] step=206 x0_box=(+0.00000,+0.00000,+0.04999) x1_box=(-0.01168,-0.00110,+0.02547) x1_box_v=(-0.23502,-0.02352,-0.49050) dt=0.050
[GS] step=206 mode=free switch=kStayInRepos best_k=0 best_src=prev_repos curr_cost=135977.42 repos_cost=207637.32 best_other=207637.32 met_progress=N steps_since_improve=77 switches=4
[STEP] step=206 mode=free t=2.060s ee=(+0.047,-0.079,+0.123) obj=(+0.000,+0.000,+0.050) goal_dist=0.300m switch=kStayInRepos target=(+0.047,-0.080,+0.151) ee_stride=0.028m ee_to_ptarget=0.205m landing_err=0.0956m ik_ok=Y ik_resid=0.0017m q_max_resid_deg=5.38 target_changed=N retgt=N held_idx=1 held_cost=207637.32 won_cost=207637.32 margin=+0.00 won_src=prev_repos held_valid=Y reason=hold setpoint_to_ptarget=0.2144m finished_val=0.2054m finished_thresh=0.0200m pd_resid=0.0284m nextwp_to_ptarget=0.2187m guide_terminal_err=0.0000m
[GATE-EVOLVE] step=206 curr=135977.42 best_other=207637.32 ratio=0.6549 ee_to_optimal=0.0841m phi=0.0121m
[DRAKE-CONTACT] step=206 n_pairs=1 ee_box_normal=0.000
[GATE-CONTACT] step=206 F_W=(+0.0000,+0.0000,+0.0000) F_on_box=(-0.0000,-0.0000,-0.0000) n_face_out=(-0.0000,-0.0000,-0.0000) A_is_ee=0 box_q=(+1.00000,-0.00001,+0.00001,+0.00000) box_p=(+0.00000,+0.00000,+0.04999) ee_p=(+0.04747,-0.07944,+0.12263)
[EErel] along_push=-0.047m (neg=correct)  perp=0.079m  ee_to_box=0.093m  stage=3  obj=[-0. -0.]  g_hat=[-1.  0.]
[proxy] err=0.226m  effective=[0.189 0.079 0.05 ]
[ADMM-C3+] primal: 5.7461->3.8743  dual: 74.8586->83.4149  mono=False  iters=25/25  rho=25.0
[ADMM-C3+] WARNING non-converged: pr=3.8743 dr=83.4149 tol=1e-03
[C3+] step=986 |u[0]|=38.56Nm λ_n_max=0.000 η_n_max=0.740 primal=3.874 iters=25/25
[GS-tgt] step=207 ee=(+0.047,-0.079,+0.126) p_repos=(-0.043,+0.080,+0.030) ee_to_target=0.207m target_label=prev_repos target_changed=N delta=0.000m
[X-SEQ-PROBE] step=207 x0_box=(-0.00000,-0.00000,+0.04999) x1_box=(-0.01168,-0.00110,+0.02547) x1_box_v=(-0.23502,-0.02352,-0.49050) dt=0.050
[GS] step=207 mode=free switch=kStayInRepos best_k=0 best_src=prev_repos curr_cost=158749.62 repos_cost=228052.40 best_other=228052.40 met_progress=Y steps_since_improve=0 switches=4
[STEP] step=207 mode=free t=2.070s ee=(+0.047,-0.079,+0.126) obj=(-0.000,-0.000,+0.050) goal_dist=0.300m switch=kStayInRepos target=(+0.039,-0.063,+0.147) ee_stride=0.028m ee_to_ptarget=0.207m landing_err=0.0956m ik_ok=Y ik_resid=0.0017m q_max_resid_deg=2.17 target_changed=Y retgt=N held_idx=1 held_cost=228052.40 won_cost=228052.40 margin=+0.00 won_src=prev_repos held_valid=Y reason=hold setpoint_to_ptarget=0.2165m finished_val=0.2068m finished_thresh=0.0200m pd_resid=0.0284m nextwp_to_ptarget=0.1999m guide_terminal_err=0.0000m
[GATE-EVOLVE] step=207 curr=158749.62 best_other=228052.40 ratio=0.6961 ee_to_optimal=0.0842m phi=0.0141m
[DRAKE-CONTACT] step=207 n_pairs=1 ee_box_normal=0.000
[GATE-CONTACT] step=207 F_W=(+0.0000,+0.0000,+0.0000) F_on_box=(-0.0000,-0.0000,-0.0000) n_face_out=(-0.0000,-0.0000,-0.0000) A_is_ee=0 box_q=(+1.00000,+0.00001,-0.00001,-0.00000) box_p=(-0.00000,-0.00000,+0.04999) ee_p=(+0.04737,-0.07950,+0.12573)
[EErel] along_push=-0.047m (neg=correct)  perp=0.079m  ee_to_box=0.092m  stage=3  obj=[-0. -0.]  g_hat=[-1.  0.]
[proxy] err=0.226m  effective=[0.188 0.079 0.05 ]
[ADMM-C3+] primal: 5.7461->3.8743  dual: 74.8586->83.4149  mono=False  iters=25/25  rho=25.0
[ADMM-C3+] WARNING non-converged: pr=3.8743 dr=83.4149 tol=1e-03
[C3+] step=989 |u[0]|=38.13Nm λ_n_max=0.000 η_n_max=0.740 primal=3.874 iters=25/25
[GS-tgt] step=208 ee=(+0.047,-0.079,+0.129) p_repos=(-0.043,+0.080,+0.030) ee_to_target=0.208m target_label=prev_repos target_changed=N delta=0.000m
[X-SEQ-PROBE] step=208 x0_box=(-0.00000,-0.00000,+0.04999) x1_box=(-0.01168,-0.00110,+0.02547) x1_box_v=(-0.23502,-0.02352,-0.49050) dt=0.050
[GS] step=208 mode=free switch=kStayInRepos best_k=0 best_src=prev_repos curr_cost=158737.68 repos_cost=234033.45 best_other=234033.45 met_progress=Y steps_since_improve=1 switches=4
[STEP] step=208 mode=free t=2.080s ee=(+0.047,-0.079,+0.129) obj=(-0.000,-0.000,+0.050) goal_dist=0.300m switch=kStayInRepos target=(+0.037,-0.059,+0.147) ee_stride=0.029m ee_to_ptarget=0.208m landing_err=0.0956m ik_ok=Y ik_resid=0.0017m q_max_resid_deg=2.26 target_changed=Y retgt=N held_idx=1 held_cost=234033.45 won_cost=234033.45 margin=+0.00 won_src=prev_repos held_valid=Y reason=hold setpoint_to_ptarget=0.2131m finished_val=0.2080m finished_thresh=0.0200m pd_resid=0.0290m nextwp_to_ptarget=0.1966m guide_terminal_err=0.0000m
[GATE-EVOLVE] step=208 curr=158737.68 best_other=234033.45 ratio=0.6783 ee_to_optimal=0.0840m phi=0.0161m
[DRAKE-CONTACT] step=208 n_pairs=1 ee_box_normal=0.000
[GATE-CONTACT] step=208 F_W=(+0.0000,+0.0000,+0.0000) F_on_box=(-0.0000,-0.0000,-0.0000) n_face_out=(-0.0000,-0.0000,-0.0000) A_is_ee=0 box_q=(+1.00000,+0.00001,-0.00001,-0.00000) box_p=(-0.00000,-0.00000,+0.04999) ee_p=(+0.04709,-0.07925,+0.12887)
[EErel] along_push=-0.047m (neg=correct)  perp=0.078m  ee_to_box=0.091m  stage=3  obj=[-0. -0.]  g_hat=[-1.  0.]
[proxy] err=0.226m  effective=[0.187 0.078 0.05 ]
[ADMM-C3+] primal: 5.7461->3.8743  dual: 74.8586->83.4149  mono=False  iters=25/25  rho=25.0
[ADMM-C3+] WARNING non-converged: pr=3.8743 dr=83.4149 tol=1e-03
[C3+] step=992 |u[0]|=37.95Nm λ_n_max=0.000 η_n_max=0.740 primal=3.874 iters=25/25
[GS-tgt] step=209 ee=(+0.047,-0.078,+0.132) p_repos=(-0.043,+0.080,+0.030) ee_to_target=0.208m target_label=prev_repos target_changed=N delta=0.000m
[X-SEQ-PROBE] step=209 x0_box=(-0.00000,-0.00000,+0.04999) x1_box=(-0.01168,-0.00110,+0.02547) x1_box_v=(-0.23502,-0.02352,-0.49050) dt=0.050
[GS] step=209 mode=free switch=kStayInRepos best_k=0 best_src=prev_repos curr_cost=158698.45 repos_cost=239761.59 best_other=239761.59 met_progress=Y steps_since_improve=2 switches=4
[STEP] step=209 mode=free t=2.090s ee=(+0.047,-0.078,+0.132) obj=(-0.000,-0.000,+0.050) goal_dist=0.300m switch=kStayInRepos target=(+0.035,-0.056,+0.147) ee_stride=0.030m ee_to_ptarget=0.208m landing_err=0.0956m ik_ok=Y ik_resid=0.0017m q_max_resid_deg=2.33 target_changed=Y retgt=N held_idx=1 held_cost=239761.59 won_cost=239761.59 margin=+0.00 won_src=prev_repos held_valid=Y reason=hold setpoint_to_ptarget=0.2098m finished_val=0.2085m finished_thresh=0.0200m pd_resid=0.0299m nextwp_to_ptarget=0.1934m guide_terminal_err=0.0000m
[GATE-EVOLVE] step=209 curr=158698.45 best_other=239761.59 ratio=0.6619 ee_to_optimal=0.0835m phi=0.0176m
[DRAKE-CONTACT] step=209 n_pairs=1 ee_box_normal=0.000
[GATE-CONTACT] step=209 F_W=(+0.0000,+0.0000,+0.0000) F_on_box=(-0.0000,-0.0000,-0.0000) n_face_out=(-0.0000,-0.0000,-0.0000) A_is_ee=0 box_q=(+1.00000,+0.00001,-0.00001,-0.00000) box_p=(-0.00000,-0.00000,+0.04999) ee_p=(+0.04654,-0.07848,+0.13165)
[EErel] along_push=-0.046m (neg=correct)  perp=0.077m  ee_to_box=0.090m  stage=3  obj=[-0. -0.]  g_hat=[-1.  0.]
[proxy] err=0.224m  effective=[0.185 0.077 0.05 ]
[ADMM-C3+] primal: 5.7461->3.8743  dual: 74.8586->83.4149  mono=False  iters=25/25  rho=25.0
[ADMM-C3+] WARNING non-converged: pr=3.8743 dr=83.4149 tol=1e-03
[C3+] step=995 |u[0]|=37.42Nm λ_n_max=0.000 η_n_max=0.740 primal=3.874 iters=25/25
[GS-tgt] step=210 ee=(+0.046,-0.077,+0.134) p_repos=(-0.043,+0.080,+0.030) ee_to_target=0.208m target_label=prev_repos target_changed=N delta=0.000m
[X-SEQ-PROBE] step=210 x0_box=(-0.00000,-0.00000,+0.04999) x1_box=(-0.01168,-0.00110,+0.02547) x1_box_v=(-0.23502,-0.02352,-0.49050) dt=0.050
[IMP] step=210 mode=free |x_err|=0.0311m |tau_imp|=28.05Nm |tau_ff|=0.00Nm |tau_out|=28.05Nm sat=False lam_n=False lam_t=False
[GS] step=210 mode=free switch=kStayInRepos best_k=0 best_src=prev_repos curr_cost=158629.29 repos_cost=244982.24 best_other=244982.24 met_progress=Y steps_since_improve=3 switches=4
[STEP] step=210 mode=free t=2.100s ee=(+0.046,-0.077,+0.134) obj=(-0.000,-0.000,+0.050) goal_dist=0.300m switch=kStayInRepos target=(+0.033,-0.052,+0.147) ee_stride=0.031m ee_to_ptarget=0.208m landing_err=0.0956m ik_ok=Y ik_resid=0.0017m q_max_resid_deg=2.72 target_changed=Y retgt=N held_idx=1 held_cost=244982.24 won_cost=244982.24 margin=+0.00 won_src=prev_repos held_valid=Y reason=hold setpoint_to_ptarget=0.2064m finished_val=0.2084m finished_thresh=0.0200m pd_resid=0.0311m nextwp_to_ptarget=0.1902m guide_terminal_err=0.0000m
[GATE-EVOLVE] step=210 curr=158629.29 best_other=244982.24 ratio=0.6475 ee_to_optimal=0.0826m phi=0.0186m
[DRAKE-CONTACT] step=210 n_pairs=1 ee_box_normal=0.000
[GATE-CONTACT] step=210 F_W=(+0.0000,+0.0000,+0.0000) F_on_box=(-0.0000,-0.0000,-0.0000) n_face_out=(-0.0000,-0.0000,-0.0000) A_is_ee=0 box_q=(+1.00000,+0.00001,-0.00001,-0.00000) box_p=(-0.00000,-0.00000,+0.04999) ee_p=(+0.04576,-0.07725,+0.13408)
[EErel] along_push=-0.045m (neg=correct)  perp=0.076m  ee_to_box=0.088m  stage=3  obj=[-0. -0.]  g_hat=[-1.  0.]
[proxy] err=0.222m  effective=[0.182 0.076 0.05 ]
[ADMM-C3+] primal: 5.7461->3.8743  dual: 74.8586->83.4149  mono=False  iters=25/25  rho=25.0
[ADMM-C3+] WARNING non-converged: pr=3.8743 dr=83.4149 tol=1e-03
[C3+] step=998 |u[0]|=36.73Nm λ_n_max=0.000 η_n_max=0.740 primal=3.874 iters=25/25
[GS-tgt] step=211 ee=(+0.045,-0.076,+0.136) p_repos=(-0.043,+0.080,+0.030) ee_to_target=0.208m target_label=prev_repos target_changed=N delta=0.000m
[X-SEQ-PROBE] step=211 x0_box=(-0.00000,-0.00000,+0.04999) x1_box=(-0.01168,-0.00110,+0.02547) x1_box_v=(-0.23502,-0.02352,-0.49050) dt=0.050
[GS] step=211 mode=free switch=kStayInRepos best_k=0 best_src=prev_repos curr_cost=158537.19 repos_cost=249580.13 best_other=249580.13 met_progress=Y steps_since_improve=4 switches=4
[STEP] step=211 mode=free t=2.110s ee=(+0.045,-0.076,+0.136) obj=(-0.000,-0.000,+0.050) goal_dist=0.300m switch=kStayInRepos target=(+0.031,-0.049,+0.147) ee_stride=0.032m ee_to_ptarget=0.208m landing_err=0.0956m ik_ok=Y ik_resid=0.0017m q_max_resid_deg=3.18 target_changed=Y retgt=N held_idx=1 held_cost=249580.13 won_cost=249580.13 margin=+0.00 won_src=prev_repos held_valid=Y reason=hold setpoint_to_ptarget=0.2031m finished_val=0.2079m finished_thresh=0.0200m pd_resid=0.0323m nextwp_to_ptarget=0.1871m guide_terminal_err=0.0000m
[GATE-EVOLVE] step=211 curr=158537.19 best_other=249580.13 ratio=0.6352 ee_to_optimal=0.0815m phi=0.0194m
[DRAKE-CONTACT] step=211 n_pairs=1 ee_box_normal=0.000
[GATE-CONTACT] step=211 F_W=(+0.0000,+0.0000,+0.0000) F_on_box=(-0.0000,-0.0000,-0.0000) n_face_out=(-0.0000,-0.0000,-0.0000) A_is_ee=0 box_q=(+1.00000,+0.00001,-0.00001,-0.00000) box_p=(-0.00000,-0.00000,+0.04999) ee_p=(+0.04480,-0.07565,+0.13619)
[EErel] along_push=-0.044m (neg=correct)  perp=0.074m  ee_to_box=0.086m  stage=3  obj=[-0. -0.]  g_hat=[-1.  0.]
[proxy] err=0.218m  effective=[0.179 0.074 0.05 ]
[ADMM-C3+] primal: 5.7461->3.8743  dual: 74.8586->83.4149  mono=False  iters=25/25  rho=25.0
[ADMM-C3+] WARNING non-converged: pr=3.8743 dr=83.4149 tol=1e-03
[C3+] step=1001 |u[0]|=36.18Nm λ_n_max=0.000 η_n_max=0.740 primal=3.874 iters=25/25
[GS-tgt] step=212 ee=(+0.044,-0.074,+0.138) p_repos=(-0.043,+0.080,+0.030) ee_to_target=0.207m target_label=prev_repos target_changed=N delta=0.000m
[X-SEQ-PROBE] step=212 x0_box=(-0.00000,-0.00000,+0.04999) x1_box=(-0.01168,-0.00110,+0.02547) x1_box_v=(-0.23502,-0.02352,-0.49050) dt=0.050
[GS] step=212 mode=free switch=kStayInRepos best_k=0 best_src=prev_repos curr_cost=158422.64 repos_cost=253571.44 best_other=253571.44 met_progress=Y steps_since_improve=5 switches=4
[STEP] step=212 mode=free t=2.120s ee=(+0.044,-0.074,+0.138) obj=(-0.000,-0.000,+0.050) goal_dist=0.300m switch=kStayInRepos target=(+0.029,-0.045,+0.147) ee_stride=0.033m ee_to_ptarget=0.207m landing_err=0.0956m ik_ok=Y ik_resid=0.0017m q_max_resid_deg=3.57 target_changed=Y retgt=N held_idx=1 held_cost=253571.44 won_cost=253571.44 margin=+0.00 won_src=prev_repos held_valid=Y reason=hold setpoint_to_ptarget=0.1999m finished_val=0.2069m finished_thresh=0.0200m pd_resid=0.0334m nextwp_to_ptarget=0.1839m guide_terminal_err=0.0000m
[GATE-EVOLVE] step=212 curr=158422.64 best_other=253571.44 ratio=0.6248 ee_to_optimal=0.0801m phi=0.0198m
[DRAKE-CONTACT] step=212 n_pairs=1 ee_box_normal=0.000
[GATE-CONTACT] step=212 F_W=(+0.0000,+0.0000,+0.0000) F_on_box=(-0.0000,-0.0000,-0.0000) n_face_out=(-0.0000,-0.0000,-0.0000) A_is_ee=0 box_q=(+1.00000,+0.00001,-0.00001,-0.00000) box_p=(-0.00000,-0.00000,+0.04999) ee_p=(+0.04369,-0.07374,+0.13802)
[EErel] along_push=-0.042m (neg=correct)  perp=0.072m  ee_to_box=0.083m  stage=3  obj=[-0. -0.]  g_hat=[-1.  0.]
[proxy] err=0.215m  effective=[0.175 0.072 0.05 ]
[ADMM-C3+] primal: 5.7461->3.8743  dual: 74.8586->83.4149  mono=False  iters=25/25  rho=25.0
[ADMM-C3+] WARNING non-converged: pr=3.8743 dr=83.4149 tol=1e-03
[C3+] step=1004 |u[0]|=35.75Nm λ_n_max=0.000 η_n_max=0.740 primal=3.874 iters=25/25
[GS-tgt] step=213 ee=(+0.042,-0.072,+0.140) p_repos=(-0.043,+0.080,+0.030) ee_to_target=0.206m target_label=prev_repos target_changed=N delta=0.000m
[X-SEQ-PROBE] step=213 x0_box=(-0.00000,-0.00000,+0.04999) x1_box=(-0.01168,-0.00110,+0.02547) x1_box_v=(-0.23502,-0.02352,-0.49050) dt=0.050
[GS] step=213 mode=free switch=kStayInRepos best_k=0 best_src=prev_repos curr_cost=158295.99 repos_cost=257009.91 best_other=257009.91 met_progress=Y steps_since_improve=6 switches=4
[STEP] step=213 mode=free t=2.130s ee=(+0.042,-0.072,+0.140) obj=(-0.000,-0.000,+0.050) goal_dist=0.300m switch=kStayInRepos target=(+0.027,-0.042,+0.147) ee_stride=0.035m ee_to_ptarget=0.206m landing_err=0.0956m ik_ok=Y ik_resid=0.0017m q_max_resid_deg=3.90 target_changed=Y retgt=N held_idx=1 held_cost=257009.91 won_cost=257009.91 margin=+0.00 won_src=prev_repos held_valid=Y reason=hold setpoint_to_ptarget=0.1966m finished_val=0.2056m finished_thresh=0.0200m pd_resid=0.0345m nextwp_to_ptarget=0.1808m guide_terminal_err=0.0000m
[GATE-EVOLVE] step=213 curr=158295.99 best_other=257009.91 ratio=0.6159 ee_to_optimal=0.0786m phi=0.0201m
[DRAKE-CONTACT] step=213 n_pairs=1 ee_box_normal=0.000
[GATE-CONTACT] step=213 F_W=(+0.0000,+0.0000,+0.0000) F_on_box=(-0.0000,-0.0000,-0.0000) n_face_out=(-0.0000,-0.0000,-0.0000) A_is_ee=0 box_q=(+1.00000,+0.00001,-0.00001,-0.00000) box_p=(-0.00000,-0.00000,+0.04999) ee_p=(+0.04244,-0.07156,+0.13957)
[EErel] along_push=-0.041m (neg=correct)  perp=0.069m  ee_to_box=0.080m  stage=3  obj=[-0. -0.]  g_hat=[-1.  0.]
[proxy] err=0.210m  effective=[0.171 0.069 0.05 ]
[ADMM-C3+] primal: 5.7461->3.8743  dual: 74.8586->83.4149  mono=False  iters=25/25  rho=25.0
[ADMM-C3+] WARNING non-converged: pr=3.8743 dr=83.4149 tol=1e-03
[C3+] step=1007 |u[0]|=35.40Nm λ_n_max=0.000 η_n_max=0.740 primal=3.874 iters=25/25
[GS-tgt] step=214 ee=(+0.041,-0.069,+0.141) p_repos=(-0.043,+0.080,+0.030) ee_to_target=0.204m target_label=prev_repos target_changed=N delta=0.000m
[X-SEQ-PROBE] step=214 x0_box=(-0.00000,-0.00000,+0.04999) x1_box=(-0.01168,-0.00110,+0.02547) x1_box_v=(-0.23502,-0.02352,-0.49050) dt=0.050
[GS] step=214 mode=free switch=kStayInRepos best_k=0 best_src=prev_repos curr_cost=158155.95 repos_cost=259958.58 best_other=259958.58 met_progress=Y steps_since_improve=7 switches=4
[STEP] step=214 mode=free t=2.140s ee=(+0.041,-0.069,+0.141) obj=(-0.000,-0.000,+0.050) goal_dist=0.300m switch=kStayInRepos target=(+0.025,-0.038,+0.147) ee_stride=0.035m ee_to_ptarget=0.204m landing_err=0.0956m ik_ok=Y ik_resid=0.0017m q_max_resid_deg=4.19 target_changed=Y retgt=N held_idx=1 held_cost=259958.58 won_cost=259958.58 margin=+0.00 won_src=prev_repos held_valid=Y reason=hold setpoint_to_ptarget=0.1934m finished_val=0.2040m finished_thresh=0.0200m pd_resid=0.0355m nextwp_to_ptarget=0.1778m guide_terminal_err=0.0000m
[GATE-EVOLVE] step=214 curr=158155.95 best_other=259958.58 ratio=0.6084 ee_to_optimal=0.0770m phi=0.0202m
[DRAKE-CONTACT] step=214 n_pairs=1 ee_box_normal=0.000
[GATE-CONTACT] step=214 F_W=(+0.0000,+0.0000,+0.0000) F_on_box=(-0.0000,-0.0000,-0.0000) n_face_out=(-0.0000,-0.0000,-0.0000) A_is_ee=0 box_q=(+1.00000,+0.00001,-0.00001,-0.00000) box_p=(-0.00000,-0.00000,+0.04999) ee_p=(+0.04108,-0.06915,+0.14090)
[EErel] along_push=-0.040m (neg=correct)  perp=0.067m  ee_to_box=0.077m  stage=3  obj=[-0. -0.]  g_hat=[-1.  0.]
[proxy] err=0.205m  effective=[0.166 0.067 0.05 ]
[ADMM-C3+] primal: 5.7461->3.8743  dual: 74.8586->83.4148  mono=False  iters=25/25  rho=25.0
[ADMM-C3+] WARNING non-converged: pr=3.8743 dr=83.4148 tol=1e-03
[C3+] step=1010 |u[0]|=35.09Nm λ_n_max=0.000 η_n_max=0.740 primal=3.874 iters=25/25
[GS-tgt] step=215 ee=(+0.040,-0.067,+0.142) p_repos=(-0.043,+0.080,+0.030) ee_to_target=0.202m target_label=prev_repos target_changed=N delta=0.000m
[X-SEQ-PROBE] step=215 x0_box=(-0.00000,-0.00000,+0.04999) x1_box=(-0.01168,-0.00110,+0.02547) x1_box_v=(-0.23502,-0.02352,-0.49050) dt=0.050
[GS] step=215 mode=free switch=kStayInRepos best_k=0 best_src=prev_repos curr_cost=158013.97 repos_cost=262478.63 best_other=262478.63 met_progress=Y steps_since_improve=0 switches=4
[STEP] step=215 mode=free t=2.150s ee=(+0.040,-0.067,+0.142) obj=(-0.000,-0.000,+0.050) goal_dist=0.300m switch=kStayInRepos target=(+0.023,-0.035,+0.147) ee_stride=0.036m ee_to_ptarget=0.202m landing_err=0.0956m ik_ok=Y ik_resid=0.0017m q_max_resid_deg=4.44 target_changed=Y retgt=N held_idx=1 held_cost=262478.63 won_cost=262478.63 margin=+0.00 won_src=prev_repos held_valid=Y reason=hold setpoint_to_ptarget=0.1902m finished_val=0.2021m finished_thresh=0.0200m pd_resid=0.0363m nextwp_to_ptarget=0.1748m guide_terminal_err=0.0000m
[GATE-EVOLVE] step=215 curr=158013.97 best_other=262478.63 ratio=0.6020 ee_to_optimal=0.0754m phi=0.0202m
[DRAKE-CONTACT] step=215 n_pairs=1 ee_box_normal=0.000
[GATE-CONTACT] step=215 F_W=(+0.0000,+0.0000,+0.0000) F_on_box=(-0.0000,-0.0000,-0.0000) n_face_out=(-0.0000,-0.0000,-0.0000) A_is_ee=0 box_q=(+1.00000,+0.00001,-0.00001,-0.00000) box_p=(-0.00000,-0.00000,+0.04999) ee_p=(+0.03964,-0.06656,+0.14202)
[EErel] along_push=-0.038m (neg=correct)  perp=0.064m  ee_to_box=0.074m  stage=3  obj=[-0. -0.]  g_hat=[-1.  0.]
[proxy] err=0.200m  effective=[0.161 0.064 0.05 ]
[ADMM-C3+] primal: 5.7461->3.8743  dual: 74.8586->83.4149  mono=False  iters=25/25  rho=25.0
[ADMM-C3+] WARNING non-converged: pr=3.8743 dr=83.4149 tol=1e-03
[C3+] step=1013 |u[0]|=34.91Nm λ_n_max=0.000 η_n_max=0.740 primal=3.874 iters=25/25
[GS-tgt] step=216 ee=(+0.038,-0.064,+0.143) p_repos=(-0.043,+0.080,+0.030) ee_to_target=0.200m target_label=prev_repos target_changed=N delta=0.000m
[X-SEQ-PROBE] step=216 x0_box=(-0.00000,-0.00000,+0.04999) x1_box=(-0.01168,-0.00110,+0.02547) x1_box_v=(-0.23502,-0.02352,-0.49050) dt=0.050
[GS] step=216 mode=free switch=kStayInRepos best_k=0 best_src=prev_repos curr_cost=157867.36 repos_cost=264625.61 best_other=264625.61 met_progress=Y steps_since_improve=1 switches=4
[STEP] step=216 mode=free t=2.160s ee=(+0.038,-0.064,+0.143) obj=(-0.000,-0.000,+0.050) goal_dist=0.300m switch=kStayInRepos target=(+0.021,-0.031,+0.147) ee_stride=0.037m ee_to_ptarget=0.200m landing_err=0.0956m ik_ok=Y ik_resid=0.0017m q_max_resid_deg=4.65 target_changed=Y retgt=N held_idx=1 held_cost=264625.61 won_cost=264625.61 margin=+0.00 won_src=prev_repos held_valid=Y reason=hold setpoint_to_ptarget=0.1871m finished_val=0.2000m finished_thresh=0.0200m pd_resid=0.0371m nextwp_to_ptarget=0.1718m guide_terminal_err=0.0000m
[GATE-EVOLVE] step=216 curr=157867.36 best_other=264625.61 ratio=0.5966 ee_to_optimal=0.0737m phi=0.0201m
[DRAKE-CONTACT] step=216 n_pairs=1 ee_box_normal=0.000
[GATE-CONTACT] step=216 F_W=(+0.0000,+0.0000,+0.0000) F_on_box=(-0.0000,-0.0000,-0.0000) n_face_out=(-0.0000,-0.0000,-0.0000) A_is_ee=0 box_q=(+1.00000,+0.00001,-0.00001,-0.00000) box_p=(-0.00000,-0.00000,+0.04999) ee_p=(+0.03811,-0.06381,+0.14296)
[EErel] along_push=-0.037m (neg=correct)  perp=0.061m  ee_to_box=0.071m  stage=3  obj=[-0. -0.]  g_hat=[-1.  0.]
[proxy] err=0.195m  effective=[0.157 0.061 0.05 ]
[ADMM-C3+] primal: 5.7461->3.8743  dual: 74.8586->83.4149  mono=False  iters=25/25  rho=25.0
[ADMM-C3+] WARNING non-converged: pr=3.8743 dr=83.4149 tol=1e-03
[C3+] step=1016 |u[0]|=34.78Nm λ_n_max=0.000 η_n_max=0.740 primal=3.874 iters=25/25
[GS-tgt] step=217 ee=(+0.037,-0.061,+0.144) p_repos=(-0.043,+0.080,+0.030) ee_to_target=0.198m target_label=prev_repos target_changed=N delta=0.000m
[X-SEQ-PROBE] step=217 x0_box=(-0.00000,-0.00000,+0.04999) x1_box=(-0.01168,-0.00110,+0.02547) x1_box_v=(-0.23502,-0.02352,-0.49050) dt=0.050
[GS] step=217 mode=free switch=kStayInRepos best_k=0 best_src=prev_repos curr_cost=157719.72 repos_cost=266448.73 best_other=266448.73 met_progress=Y steps_since_improve=2 switches=4
[STEP] step=217 mode=free t=2.170s ee=(+0.037,-0.061,+0.144) obj=(-0.000,-0.000,+0.050) goal_dist=0.300m switch=kStayInRepos target=(+0.019,-0.028,+0.147) ee_stride=0.038m ee_to_ptarget=0.198m landing_err=0.0956m ik_ok=Y ik_resid=0.0017m q_max_resid_deg=4.83 target_changed=Y retgt=N held_idx=1 held_cost=266448.73 won_cost=266448.73 margin=+0.00 won_src=prev_repos held_valid=Y reason=hold setpoint_to_ptarget=0.1839m finished_val=0.1978m finished_thresh=0.0200m pd_resid=0.0377m nextwp_to_ptarget=0.1689m guide_terminal_err=0.0000m
[GATE-EVOLVE] step=217 curr=157719.72 best_other=266448.73 ratio=0.5919 ee_to_optimal=0.0721m phi=0.0201m
[DRAKE-CONTACT] step=217 n_pairs=1 ee_box_normal=0.000
[GATE-CONTACT] step=217 F_W=(+0.0000,+0.0000,+0.0000) F_on_box=(-0.0000,-0.0000,-0.0000) n_face_out=(-0.0000,-0.0000,-0.0000) A_is_ee=0 box_q=(+1.00000,+0.00001,-0.00001,-0.00000) box_p=(-0.00000,-0.00000,+0.04999) ee_p=(+0.03652,-0.06093,+0.14375)
[EErel] along_push=-0.035m (neg=correct)  perp=0.058m  ee_to_box=0.068m  stage=3  obj=[-0. -0.]  g_hat=[-1.  0.]
[proxy] err=0.190m  effective=[0.151 0.058 0.05 ]
[ADMM-C3+] primal: 5.7461->3.8743  dual: 74.8586->83.4149  mono=False  iters=25/25  rho=25.0
[ADMM-C3+] WARNING non-converged: pr=3.8743 dr=83.4149 tol=1e-03
[C3+] step=1019 |u[0]|=34.68Nm λ_n_max=0.000 η_n_max=0.740 primal=3.874 iters=25/25
[GS-tgt] step=218 ee=(+0.035,-0.058,+0.144) p_repos=(-0.043,+0.080,+0.030) ee_to_target=0.195m target_label=prev_repos target_changed=N delta=0.000m
[X-SEQ-PROBE] step=218 x0_box=(-0.00000,-0.00000,+0.04999) x1_box=(-0.01168,-0.00110,+0.02547) x1_box_v=(-0.23502,-0.02352,-0.49050) dt=0.050
[GS] step=218 mode=free switch=kStayInRepos best_k=0 best_src=prev_repos curr_cost=157578.05 repos_cost=267991.13 best_other=267991.13 met_progress=Y steps_since_improve=3 switches=4
[STEP] step=218 mode=free t=2.180s ee=(+0.035,-0.058,+0.144) obj=(-0.000,-0.000,+0.050) goal_dist=0.300m switch=kStayInRepos target=(+0.017,-0.024,+0.147) ee_stride=0.038m ee_to_ptarget=0.195m landing_err=0.0956m ik_ok=Y ik_resid=0.0017m q_max_resid_deg=4.99 target_changed=Y retgt=N held_idx=1 held_cost=267991.13 won_cost=267991.13 margin=+0.00 won_src=prev_repos held_valid=Y reason=hold setpoint_to_ptarget=0.1808m finished_val=0.1954m finished_thresh=0.0200m pd_resid=0.0382m nextwp_to_ptarget=0.1660m guide_terminal_err=0.0000m
[GATE-EVOLVE] step=218 curr=157578.05 best_other=267991.13 ratio=0.5880 ee_to_optimal=0.0705m phi=0.0201m
[DRAKE-CONTACT] step=218 n_pairs=1 ee_box_normal=0.000
[GATE-CONTACT] step=218 F_W=(+0.0000,+0.0000,+0.0000) F_on_box=(-0.0000,-0.0000,-0.0000) n_face_out=(-0.0000,-0.0000,-0.0000) A_is_ee=0 box_q=(+1.00000,+0.00001,-0.00001,-0.00000) box_p=(-0.00000,-0.00000,+0.04999) ee_p=(+0.03487,-0.05793,+0.14441)
[EErel] along_push=-0.033m (neg=correct)  perp=0.055m  ee_to_box=0.064m  stage=3  obj=[-0. -0.]  g_hat=[-1.  0.]
[proxy] err=0.184m  effective=[0.146 0.055 0.05 ]
[ADMM-C3+] primal: 5.7461->3.8743  dual: 74.8586->83.4149  mono=False  iters=25/25  rho=25.0
[ADMM-C3+] WARNING non-converged: pr=3.8743 dr=83.4149 tol=1e-03
[C3+] step=1022 |u[0]|=34.62Nm λ_n_max=0.000 η_n_max=0.740 primal=3.874 iters=25/25
[GS-tgt] step=219 ee=(+0.033,-0.055,+0.145) p_repos=(-0.043,+0.080,+0.030) ee_to_target=0.193m target_label=prev_repos target_changed=N delta=0.000m
[X-SEQ-PROBE] step=219 x0_box=(-0.00000,-0.00000,+0.04999) x1_box=(-0.01168,-0.00110,+0.02547) x1_box_v=(-0.23502,-0.02352,-0.49050) dt=0.050
[GS] step=219 mode=free switch=kStayInRepos best_k=0 best_src=prev_repos curr_cost=157439.40 repos_cost=269290.43 best_other=269290.43 met_progress=Y steps_since_improve=0 switches=4
[STEP] step=219 mode=free t=2.190s ee=(+0.033,-0.055,+0.145) obj=(-0.000,-0.000,+0.050) goal_dist=0.300m switch=kStayInRepos target=(+0.015,-0.021,+0.147) ee_stride=0.039m ee_to_ptarget=0.193m landing_err=0.0956m ik_ok=Y ik_resid=0.0017m q_max_resid_deg=5.14 target_changed=Y retgt=N held_idx=1 held_cost=269290.43 won_cost=269290.43 margin=+0.00 won_src=prev_repos held_valid=Y reason=hold setpoint_to_ptarget=0.1778m finished_val=0.1929m finished_thresh=0.0200m pd_resid=0.0387m nextwp_to_ptarget=0.1631m guide_terminal_err=0.0000m
[GATE-EVOLVE] step=219 curr=157439.40 best_other=269290.43 ratio=0.5846 ee_to_optimal=0.0690m phi=0.0202m
[DRAKE-CONTACT] step=219 n_pairs=1 ee_box_normal=0.000
[GATE-CONTACT] step=219 F_W=(+0.0000,+0.0000,+0.0000) F_on_box=(-0.0000,-0.0000,-0.0000) n_face_out=(-0.0000,-0.0000,-0.0000) A_is_ee=0 box_q=(+1.00000,+0.00001,-0.00001,-0.00000) box_p=(-0.00000,-0.00000,+0.04999) ee_p=(+0.03317,-0.05485,+0.14496)
[PERSIST] step=220 refresh n_strategy=1 samples=[(0.08, 0.0035, 0.03)]
[EErel] along_push=-0.031m (neg=correct)  perp=0.052m  ee_to_box=0.060m  stage=3  obj=[-0. -0.]  g_hat=[-1.  0.]
[proxy] err=0.178m  effective=[0.141 0.052 0.05 ]
[ADMM-C3+] primal: 5.7461->3.8743  dual: 74.8586->83.4149  mono=False  iters=25/25  rho=25.0
[ADMM-C3+] WARNING non-converged: pr=3.8743 dr=83.4149 tol=1e-03
[C3+] step=1025 |u[0]|=34.53Nm λ_n_max=0.000 η_n_max=0.740 primal=3.874 iters=25/25
[GS-tgt] step=220 ee=(+0.031,-0.052,+0.145) p_repos=(+0.080,+0.004,+0.030) ee_to_target=0.137m target_label=strat_0 target_changed=Y delta=0.145m
[X-SEQ-PROBE] step=220 x0_box=(-0.00000,-0.00000,+0.04999) x1_box=(-0.01168,-0.00110,+0.02547) x1_box_v=(-0.23502,-0.02352,-0.49050) dt=0.050
[IMP] step=220 mode=free |x_err|=0.0304m |tau_imp|=37.01Nm |tau_ff|=0.00Nm |tau_out|=37.01Nm sat=False lam_n=False lam_t=False
[GS] step=220 mode=free switch=kToBetterRepos best_k=0 best_src=strat_0 curr_cost=157310.04 repos_cost=211899.16 best_other=211899.16 met_progress=Y steps_since_improve=1 switches=4
[STEP] step=220 mode=free t=2.200s ee=(+0.031,-0.052,+0.145) obj=(-0.000,-0.000,+0.050) goal_dist=0.300m switch=kToBetterRepos target=(+0.044,-0.024,+0.147) ee_stride=0.030m ee_to_ptarget=0.137m landing_err=0.0855m ik_ok=Y ik_resid=0.0017m q_max_resid_deg=4.34 target_changed=Y retgt=Y held_idx=1 held_cost=270379.39 won_cost=211899.16 margin=+58480.23 won_src=strat_0 held_valid=Y reason=new_sample_better setpoint_to_ptarget=0.1330m finished_val=0.1368m finished_thresh=0.0200m pd_resid=0.0304m nextwp_to_ptarget=0.1244m guide_terminal_err=0.0000m
[GATE-EVOLVE] step=220 curr=157310.04 best_other=211899.16 ratio=0.7424 ee_to_optimal=0.0676m phi=0.0204m
[GS-table] step=220
  k=0 (current   ) pos=(+0.031,-0.052,+0.145) c_C3= 157310.18 align=0.0000(bonus=    0.14) rot=+0.0000(bonus=    0.00) travel=0.000m(pen=  0.00) c_sample= 157310.04 feas=Y ik_err=0.0000m  ← WIN
  k=1 (prev_repos) pos=(-0.043,+0.080,+0.030) c_C3= 270341.34 align=0.0000(bonus=    0.00) rot=+0.0000(bonus=    0.00) travel=0.190m(pen= 38.05) c_sample= 270379.39 feas=Y ik_err=0.0007m
  k=2 (strat_0   ) pos=(+0.080,+0.004,+0.030) c_C3= 241871.79 align=1.0000(bonus=30000.00) rot=+0.0000(bonus=    0.00) travel=0.137m(pen= 27.37) c_sample= 211899.16 feas=Y ik_err=0.0002m
[DRAKE-CONTACT] step=220 n_pairs=1 ee_box_normal=0.000
[GATE-CONTACT] step=220 F_W=(+0.0000,+0.0000,+0.0000) F_on_box=(-0.0000,-0.0000,-0.0000) n_face_out=(-0.0000,-0.0000,-0.0000) A_is_ee=0 box_q=(+1.00000,+0.00001,-0.00001,-0.00000) box_p=(-0.00000,-0.00000,+0.04999) ee_p=(+0.03143,-0.05169,+0.14541)
[EErel] along_push=-0.030m (neg=correct)  perp=0.049m  ee_to_box=0.057m  stage=3  obj=[-0. -0.]  g_hat=[-1.  0.]
[proxy] err=0.172m  effective=[0.136 0.047 0.05 ]
[ADMM-C3+] primal: 5.7461->3.8743  dual: 74.8586->83.4149  mono=False  iters=25/25  rho=25.0
[ADMM-C3+] WARNING non-converged: pr=3.8743 dr=83.4149 tol=1e-03
[C3+] step=1028 |u[0]|=34.16Nm λ_n_max=0.000 η_n_max=0.740 primal=3.874 iters=25/25
[GS-tgt] step=221 ee=(+0.030,-0.049,+0.146) p_repos=(+0.080,+0.004,+0.030) ee_to_target=0.136m target_label=prev_repos target_changed=N delta=0.000m
[X-SEQ-PROBE] step=221 x0_box=(-0.00000,-0.00000,+0.04999) x1_box=(-0.01168,-0.00110,+0.02547) x1_box_v=(-0.23502,-0.02352,-0.49050) dt=0.050
[GS] step=221 mode=free switch=kStayInRepos best_k=0 best_src=prev_repos curr_cost=157138.31 repos_cost=210136.18 best_other=210136.18 met_progress=Y steps_since_improve=2 switches=4
[STEP] step=221 mode=free t=2.210s ee=(+0.030,-0.049,+0.146) obj=(-0.000,-0.000,+0.050) goal_dist=0.300m switch=kStayInRepos target=(+0.047,-0.022,+0.147) ee_stride=0.032m ee_to_ptarget=0.136m landing_err=0.0855m ik_ok=Y ik_resid=0.0017m q_max_resid_deg=4.31 target_changed=Y retgt=N held_idx=1 held_cost=210136.18 won_cost=210136.18 margin=+0.00 won_src=prev_repos held_valid=Y reason=hold setpoint_to_ptarget=0.1311m finished_val=0.1363m finished_thresh=0.0200m pd_resid=0.0318m nextwp_to_ptarget=0.1230m guide_terminal_err=0.0000m
[GATE-EVOLVE] step=221 curr=157138.31 best_other=210136.18 ratio=0.7478 ee_to_optimal=0.0660m phi=0.0208m
[DRAKE-CONTACT] step=221 n_pairs=1 ee_box_normal=0.000
[GATE-CONTACT] step=221 F_W=(+0.0000,+0.0000,+0.0000) F_on_box=(-0.0000,-0.0000,-0.0000) n_face_out=(-0.0000,-0.0000,-0.0000) A_is_ee=0 box_q=(+1.00000,+0.00001,-0.00001,-0.00000) box_p=(-0.00000,-0.00000,+0.04999) ee_p=(+0.03033,-0.04859,+0.14576)
[EErel] along_push=-0.030m (neg=correct)  perp=0.046m  ee_to_box=0.055m  stage=3  obj=[-0. -0.]  g_hat=[-1.  0.]
[proxy] err=0.165m  effective=[0.132 0.042 0.05 ]
[ADMM-C3+] primal: 5.7461->3.8743  dual: 74.8586->83.4149  mono=False  iters=25/25  rho=25.0
[ADMM-C3+] WARNING non-converged: pr=3.8743 dr=83.4149 tol=1e-03
[C3+] step=1031 |u[0]|=33.94Nm λ_n_max=0.000 η_n_max=0.740 primal=3.874 iters=25/25
[GS-tgt] step=222 ee=(+0.030,-0.046,+0.146) p_repos=(+0.080,+0.004,+0.030) ee_to_target=0.135m target_label=prev_repos target_changed=N delta=0.000m
[X-SEQ-PROBE] step=222 x0_box=(-0.00000,-0.00000,+0.04999) x1_box=(-0.01168,-0.00110,+0.02547) x1_box_v=(-0.23502,-0.02352,-0.49050) dt=0.050
[GS] step=222 mode=free switch=kStayInRepos best_k=0 best_src=prev_repos curr_cost=156990.27 repos_cost=208486.20 best_other=208486.20 met_progress=Y steps_since_improve=0 switches=4
[STEP] step=222 mode=free t=2.220s ee=(+0.030,-0.046,+0.146) obj=(-0.000,-0.000,+0.050) goal_dist=0.300m switch=kStayInRepos target=(+0.051,-0.019,+0.147) ee_stride=0.033m ee_to_ptarget=0.135m landing_err=0.0855m ik_ok=Y ik_resid=0.0017m q_max_resid_deg=4.29 target_changed=Y retgt=N held_idx=1 held_cost=208486.20 won_cost=208486.20 margin=+0.00 won_src=prev_repos held_valid=Y reason=hold setpoint_to_ptarget=0.1293m finished_val=0.1355m finished_thresh=0.0200m pd_resid=0.0332m nextwp_to_ptarget=0.1217m guide_terminal_err=0.0000m
[GATE-EVOLVE] step=222 curr=156990.27 best_other=208486.20 ratio=0.7530 ee_to_optimal=0.0639m phi=0.0210m
[DRAKE-CONTACT] step=222 n_pairs=1 ee_box_normal=0.000
[GATE-CONTACT] step=222 F_W=(+0.0000,+0.0000,+0.0000) F_on_box=(-0.0000,-0.0000,-0.0000) n_face_out=(-0.0000,-0.0000,-0.0000) A_is_ee=0 box_q=(+1.00000,+0.00001,-0.00001,-0.00000) box_p=(-0.00000,-0.00000,+0.04999) ee_p=(+0.03026,-0.04563,+0.14602)
[EErel] along_push=-0.031m (neg=correct)  perp=0.043m  ee_to_box=0.053m  stage=3  obj=[-0. -0.]  g_hat=[-1.  0.]
[proxy] err=0.159m  effective=[0.129 0.037 0.05 ]
[ADMM-C3+] primal: 5.7461->3.8744  dual: 74.8586->83.4151  mono=False  iters=25/25  rho=25.0
[ADMM-C3+] WARNING non-converged: pr=3.8744 dr=83.4151 tol=1e-03
[C3+] step=1034 |u[0]|=33.77Nm λ_n_max=0.000 η_n_max=0.740 primal=3.874 iters=25/25
[GS-tgt] step=223 ee=(+0.031,-0.043,+0.146) p_repos=(+0.080,+0.004,+0.030) ee_to_target=0.134m target_label=prev_repos target_changed=N delta=0.000m
[X-SEQ-PROBE] step=223 x0_box=(-0.00000,-0.00000,+0.04999) x1_box=(-0.01168,-0.00110,+0.02547) x1_box_v=(-0.23502,-0.02352,-0.49050) dt=0.050
[GS] step=223 mode=free switch=kStayInRepos best_k=0 best_src=prev_repos curr_cost=156986.34 repos_cost=207084.87 best_other=207084.87 met_progress=Y steps_since_improve=1 switches=4
[STEP] step=223 mode=free t=2.230s ee=(+0.031,-0.043,+0.146) obj=(-0.000,-0.000,+0.050) goal_dist=0.300m switch=kStayInRepos target=(+0.054,-0.017,+0.147) ee_stride=0.034m ee_to_ptarget=0.134m landing_err=0.0855m ik_ok=Y ik_resid=0.0017m q_max_resid_deg=4.29 target_changed=Y retgt=N held_idx=1 held_cost=207084.87 won_cost=207084.87 margin=+0.00 won_src=prev_repos held_valid=Y reason=hold setpoint_to_ptarget=0.1276m finished_val=0.1344m finished_thresh=0.0200m pd_resid=0.0345m nextwp_to_ptarget=0.1205m guide_terminal_err=0.0000m
[GATE-EVOLVE] step=223 curr=156986.34 best_other=207084.87 ratio=0.7581 ee_to_optimal=0.0614m phi=0.0212m
[DRAKE-CONTACT] step=223 n_pairs=1 ee_box_normal=0.000
[GATE-CONTACT] step=223 F_W=(+0.0000,+0.0000,+0.0000) F_on_box=(-0.0000,-0.0000,-0.0000) n_face_out=(-0.0000,-0.0000,-0.0000) A_is_ee=0 box_q=(+1.00000,+0.00001,-0.00001,-0.00000) box_p=(-0.00000,-0.00000,+0.04999) ee_p=(+0.03097,-0.04280,+0.14621)
[EErel] along_push=-0.032m (neg=correct)  perp=0.040m  ee_to_box=0.051m  stage=3  obj=[-0. -0.]  g_hat=[-1.  0.]
[proxy] err=0.153m  effective=[0.127 0.032 0.05 ]
[ADMM-C3+] primal: 5.7461->3.8743  dual: 74.8586->83.4147  mono=False  iters=25/25  rho=25.0
[ADMM-C3+] WARNING non-converged: pr=3.8743 dr=83.4147 tol=1e-03
[C3+] step=1037 |u[0]|=33.88Nm λ_n_max=0.000 η_n_max=0.740 primal=3.874 iters=25/25
[GS-tgt] step=224 ee=(+0.032,-0.040,+0.146) p_repos=(+0.080,+0.004,+0.030) ee_to_target=0.133m target_label=prev_repos target_changed=N delta=0.000m
[X-SEQ-PROBE] step=224 x0_box=(-0.00000,-0.00000,+0.04999) x1_box=(-0.01168,-0.00110,+0.02547) x1_box_v=(-0.23502,-0.02352,-0.49050) dt=0.050
[GS] step=224 mode=free switch=kStayInRepos best_k=0 best_src=prev_repos curr_cost=156803.45 repos_cost=205945.58 best_other=205945.58 met_progress=Y steps_since_improve=0 switches=4
[STEP] step=224 mode=free t=2.240s ee=(+0.032,-0.040,+0.146) obj=(-0.000,-0.000,+0.050) goal_dist=0.300m switch=kStayInRepos target=(+0.057,-0.015,+0.147) ee_stride=0.036m ee_to_ptarget=0.133m landing_err=0.0855m ik_ok=Y ik_resid=0.0017m q_max_resid_deg=4.30 target_changed=Y retgt=N held_idx=1 held_cost=205945.58 won_cost=205945.58 margin=+0.00 won_src=prev_repos held_valid=Y reason=hold setpoint_to_ptarget=0.1259m finished_val=0.1331m finished_thresh=0.0200m pd_resid=0.0355m nextwp_to_ptarget=0.1195m guide_terminal_err=0.0000m
[GATE-EVOLVE] step=224 curr=156803.45 best_other=205945.58 ratio=0.7614 ee_to_optimal=0.0586m phi=0.0214m
[DRAKE-CONTACT] step=224 n_pairs=1 ee_box_normal=0.000
[GATE-CONTACT] step=224 F_W=(+0.0000,+0.0000,+0.0000) F_on_box=(-0.0000,-0.0000,-0.0000) n_face_out=(-0.0000,-0.0000,-0.0000) A_is_ee=0 box_q=(+1.00000,+0.00001,-0.00001,-0.00000) box_p=(-0.00000,-0.00000,+0.04999) ee_p=(+0.03225,-0.04006,+0.14636)
[EErel] along_push=-0.034m (neg=correct)  perp=0.037m  ee_to_box=0.051m  stage=3  obj=[-0. -0.]  g_hat=[-1.  0.]
[proxy] err=0.148m  effective=[0.126 0.028 0.05 ]
[ADMM-C3+] primal: 5.7461->3.8743  dual: 74.8586->83.4148  mono=False  iters=25/25  rho=25.0
[ADMM-C3+] WARNING non-converged: pr=3.8743 dr=83.4148 tol=1e-03
[C3+] step=1040 |u[0]|=34.02Nm λ_n_max=0.000 η_n_max=0.740 primal=3.874 iters=25/25
[GS-tgt] step=225 ee=(+0.034,-0.037,+0.146) p_repos=(+0.080,+0.004,+0.030) ee_to_target=0.132m target_label=prev_repos target_changed=N delta=0.000m
[X-SEQ-PROBE] step=225 x0_box=(-0.00000,-0.00000,+0.04999) x1_box=(-0.01168,-0.00110,+0.02547) x1_box_v=(-0.23502,-0.02352,-0.49050) dt=0.050
[GS] step=225 mode=free switch=kStayInRepos best_k=0 best_src=prev_repos curr_cost=156753.78 repos_cost=205038.99 best_other=205038.99 met_progress=Y steps_since_improve=1 switches=4
[STEP] step=225 mode=free t=2.250s ee=(+0.034,-0.037,+0.146) obj=(-0.000,-0.000,+0.050) goal_dist=0.300m switch=kStayInRepos target=(+0.060,-0.012,+0.147) ee_stride=0.036m ee_to_ptarget=0.132m landing_err=0.0855m ik_ok=Y ik_resid=0.0017m q_max_resid_deg=4.32 target_changed=Y retgt=N held_idx=1 held_cost=205038.99 won_cost=205038.99 margin=+0.00 won_src=prev_repos held_valid=Y reason=hold setpoint_to_ptarget=0.1244m finished_val=0.1318m finished_thresh=0.0200m pd_resid=0.0364m nextwp_to_ptarget=0.1186m guide_terminal_err=0.0000m
[GATE-EVOLVE] step=225 curr=156753.78 best_other=205038.99 ratio=0.7645 ee_to_optimal=0.0555m phi=0.0215m
[DRAKE-CONTACT] step=225 n_pairs=1 ee_box_normal=0.000
[GATE-CONTACT] step=225 F_W=(+0.0000,+0.0000,+0.0000) F_on_box=(-0.0000,-0.0000,-0.0000) n_face_out=(-0.0000,-0.0000,-0.0000) A_is_ee=0 box_q=(+1.00000,+0.00001,-0.00001,-0.00000) box_p=(-0.00000,-0.00000,+0.04999) ee_p=(+0.03398,-0.03741,+0.14648)
[EErel] along_push=-0.036m (neg=correct)  perp=0.035m  ee_to_box=0.050m  stage=3  obj=[-0. -0.]  g_hat=[-1.  0.]
[proxy] err=0.144m  effective=[0.125 0.024 0.05 ]
[ADMM-C3+] primal: 5.7461->3.8744  dual: 74.8586->83.4150  mono=False  iters=25/25  rho=25.0
[ADMM-C3+] WARNING non-converged: pr=3.8744 dr=83.4150 tol=1e-03
[C3+] step=1043 |u[0]|=34.22Nm λ_n_max=0.000 η_n_max=0.740 primal=3.874 iters=25/25
[GS-tgt] step=226 ee=(+0.036,-0.035,+0.147) p_repos=(+0.080,+0.004,+0.030) ee_to_target=0.130m target_label=prev_repos target_changed=N delta=0.000m
[X-SEQ-PROBE] step=226 x0_box=(-0.00000,-0.00000,+0.04999) x1_box=(-0.01168,-0.00110,+0.02547) x1_box_v=(-0.23502,-0.02352,-0.49050) dt=0.050
[GS] step=226 mode=free switch=kStayInRepos best_k=0 best_src=prev_repos curr_cost=126718.54 repos_cost=204325.53 best_other=204325.53 met_progress=Y steps_since_improve=0 switches=4
[STEP] step=226 mode=free t=2.260s ee=(+0.036,-0.035,+0.147) obj=(-0.000,-0.000,+0.050) goal_dist=0.300m switch=kStayInRepos target=(+0.062,-0.010,+0.147) ee_stride=0.036m ee_to_ptarget=0.130m landing_err=0.0855m ik_ok=Y ik_resid=0.0014m q_max_resid_deg=4.32 target_changed=Y retgt=N held_idx=1 held_cost=204325.53 won_cost=204325.53 margin=+0.00 won_src=prev_repos held_valid=Y reason=hold setpoint_to_ptarget=0.1230m finished_val=0.1304m finished_thresh=0.0200m pd_resid=0.0362m nextwp_to_ptarget=0.1178m guide_terminal_err=0.0000m
[GATE-EVOLVE] step=226 curr=126718.54 best_other=204325.53 ratio=0.6202 ee_to_optimal=0.0523m phi=0.0216m
[DRAKE-CONTACT] step=226 n_pairs=1 ee_box_normal=0.000
[GATE-CONTACT] step=226 F_W=(+0.0000,+0.0000,+0.0000) F_on_box=(-0.0000,-0.0000,-0.0000) n_face_out=(-0.0000,-0.0000,-0.0000) A_is_ee=0 box_q=(+1.00000,+0.00001,-0.00001,-0.00000) box_p=(-0.00000,-0.00000,+0.04999) ee_p=(+0.03604,-0.03482,+0.14658)
[EErel] along_push=-0.038m (neg=correct)  perp=0.032m  ee_to_box=0.050m  stage=3  obj=[-0. -0.]  g_hat=[-1.  0.]
[proxy] err=0.140m  effective=[0.125 0.021 0.05 ]
[ADMM-C3+] primal: 5.7461->3.8744  dual: 74.8586->83.4150  mono=False  iters=25/25  rho=25.0
[ADMM-C3+] WARNING non-converged: pr=3.8744 dr=83.4150 tol=1e-03
[C3+] step=1046 |u[0]|=34.39Nm λ_n_max=0.000 η_n_max=0.740 primal=3.874 iters=25/25
[GS-tgt] step=227 ee=(+0.038,-0.032,+0.147) p_repos=(+0.080,+0.004,+0.030) ee_to_target=0.129m target_label=prev_repos target_changed=N delta=0.000m
[X-SEQ-PROBE] step=227 x0_box=(-0.00000,-0.00000,+0.04999) x1_box=(-0.01168,-0.00110,+0.02547) x1_box_v=(-0.23502,-0.02352,-0.49050) dt=0.050
[GS] step=227 mode=free switch=kStayInRepos best_k=0 best_src=prev_repos curr_cost=126652.19 repos_cost=203871.76 best_other=203871.76 met_progress=Y steps_since_improve=1 switches=4
[STEP] step=227 mode=free t=2.270s ee=(+0.038,-0.032,+0.147) obj=(-0.000,-0.000,+0.050) goal_dist=0.300m switch=kStayInRepos target=(+0.065,-0.008,+0.147) ee_stride=0.036m ee_to_ptarget=0.129m landing_err=0.0855m ik_ok=Y ik_resid=0.0017m q_max_resid_deg=4.34 target_changed=Y retgt=N held_idx=1 held_cost=203871.76 won_cost=203871.76 margin=+0.00 won_src=prev_repos held_valid=Y reason=hold setpoint_to_ptarget=0.1217m finished_val=0.1290m finished_thresh=0.0200m pd_resid=0.0362m nextwp_to_ptarget=0.1171m guide_terminal_err=0.0000m
[GATE-EVOLVE] step=227 curr=126652.19 best_other=203871.76 ratio=0.6212 ee_to_optimal=0.0489m phi=0.0217m
[DRAKE-CONTACT] step=227 n_pairs=1 ee_box_normal=0.000
[GATE-CONTACT] step=227 F_W=(+0.0000,+0.0000,+0.0000) F_on_box=(-0.0000,-0.0000,-0.0000) n_face_out=(-0.0000,-0.0000,-0.0000) A_is_ee=0 box_q=(+1.00000,+0.00001,-0.00001,-0.00000) box_p=(-0.00000,-0.00000,+0.04999) ee_p=(+0.03833,-0.03229,+0.14666)
[EErel] along_push=-0.041m (neg=correct)  perp=0.030m  ee_to_box=0.050m  stage=3  obj=[-0. -0.]  g_hat=[-1.  0.]
[proxy] err=0.137m  effective=[0.126 0.018 0.05 ]
[ADMM-C3+] primal: 5.7461->3.8744  dual: 74.8586->83.4150  mono=False  iters=25/25  rho=25.0
[ADMM-C3+] WARNING non-converged: pr=3.8744 dr=83.4150 tol=1e-03
[C3+] step=1049 |u[0]|=34.55Nm λ_n_max=0.000 η_n_max=0.740 primal=3.874 iters=25/25
[GS-tgt] step=228 ee=(+0.041,-0.030,+0.147) p_repos=(+0.080,+0.004,+0.030) ee_to_target=0.128m target_label=prev_repos target_changed=N delta=0.000m
[X-SEQ-PROBE] step=228 x0_box=(-0.00000,-0.00000,+0.04999) x1_box=(-0.01168,-0.00110,+0.02547) x1_box_v=(-0.23502,-0.02352,-0.49050) dt=0.050
[GS] step=228 mode=free switch=kStayInRepos best_k=0 best_src=prev_repos curr_cost=126597.76 repos_cost=203558.95 best_other=203558.95 met_progress=Y steps_since_improve=0 switches=4
[STEP] step=228 mode=free t=2.280s ee=(+0.041,-0.030,+0.147) obj=(-0.000,-0.000,+0.050) goal_dist=0.300m switch=kStayInRepos target=(+0.068,-0.005,+0.147) ee_stride=0.037m ee_to_ptarget=0.128m landing_err=0.0855m ik_ok=Y ik_resid=0.0017m q_max_resid_deg=4.38 target_changed=Y retgt=N held_idx=1 held_cost=203558.95 won_cost=203558.95 margin=+0.00 won_src=prev_repos held_valid=Y reason=hold setpoint_to_ptarget=0.1205m finished_val=0.1276m finished_thresh=0.0200m pd_resid=0.0367m nextwp_to_ptarget=0.1166m guide_terminal_err=0.0000m
[GATE-EVOLVE] step=228 curr=126597.76 best_other=203558.95 ratio=0.6219 ee_to_optimal=0.0454m phi=0.0217m
[DRAKE-CONTACT] step=228 n_pairs=1 ee_box_normal=0.000
[GATE-CONTACT] step=228 F_W=(+0.0000,+0.0000,+0.0000) F_on_box=(-0.0000,-0.0000,-0.0000) n_face_out=(-0.0000,-0.0000,-0.0000) A_is_ee=0 box_q=(+1.00000,+0.00001,-0.00001,-0.00000) box_p=(-0.00000,-0.00000,+0.04999) ee_p=(+0.04076,-0.02979,+0.14673)
[EErel] along_push=-0.043m (neg=correct)  perp=0.027m  ee_to_box=0.051m  stage=3  obj=[-0. -0.]  g_hat=[-1.  0.]
[proxy] err=0.135m  effective=[0.127 0.015 0.05 ]
[ADMM-C3+] primal: 5.7461->3.8744  dual: 74.8586->83.4150  mono=False  iters=25/25  rho=25.0
[ADMM-C3+] WARNING non-converged: pr=3.8744 dr=83.4150 tol=1e-03
[C3+] step=1052 |u[0]|=34.71Nm λ_n_max=0.000 η_n_max=0.740 primal=3.874 iters=25/25
[GS-tgt] step=229 ee=(+0.043,-0.027,+0.147) p_repos=(+0.080,+0.004,+0.030) ee_to_target=0.126m target_label=prev_repos target_changed=N delta=0.000m
[X-SEQ-PROBE] step=229 x0_box=(-0.00000,-0.00000,+0.04999) x1_box=(-0.01168,-0.00110,+0.02547) x1_box_v=(-0.23502,-0.02352,-0.49050) dt=0.050
[GS] step=229 mode=free switch=kStayInRepos best_k=0 best_src=prev_repos curr_cost=126552.80 repos_cost=203287.19 best_other=203287.19 met_progress=Y steps_since_improve=1 switches=4
[STEP] step=229 mode=free t=2.290s ee=(+0.043,-0.027,+0.147) obj=(-0.000,-0.000,+0.050) goal_dist=0.300m switch=kStayInRepos target=(+0.071,-0.003,+0.147) ee_stride=0.037m ee_to_ptarget=0.126m landing_err=0.0855m ik_ok=Y ik_resid=0.0017m q_max_resid_deg=4.42 target_changed=Y retgt=N held_idx=1 held_cost=203287.19 won_cost=203287.19 margin=+0.00 won_src=prev_repos held_valid=Y reason=hold setpoint_to_ptarget=0.1195m finished_val=0.1263m finished_thresh=0.0200m pd_resid=0.0371m nextwp_to_ptarget=0.1162m guide_terminal_err=0.0000m
[GATE-EVOLVE] step=229 curr=126552.80 best_other=203287.19 ratio=0.6225 ee_to_optimal=0.0419m phi=0.0218m
[DRAKE-CONTACT] step=229 n_pairs=1 ee_box_normal=0.000
[GATE-CONTACT] step=229 F_W=(+0.0000,+0.0000,+0.0000) F_on_box=(-0.0000,-0.0000,-0.0000) n_face_out=(-0.0000,-0.0000,-0.0000) A_is_ee=0 box_q=(+1.00000,+0.00001,-0.00001,-0.00000) box_p=(-0.00000,-0.00000,+0.04999) ee_p=(+0.04329,-0.02733,+0.14680)
[EErel] along_push=-0.046m (neg=correct)  perp=0.025m  ee_to_box=0.052m  stage=3  obj=[-0. -0.]  g_hat=[-1.  0.]
[proxy] err=0.133m  effective=[0.128 0.012 0.05 ]
[ADMM-C3+] primal: 5.7461->3.8744  dual: 74.8586->83.4153  mono=False  iters=25/25  rho=25.0
[ADMM-C3+] WARNING non-converged: pr=3.8744 dr=83.4153 tol=1e-03
[C3+] step=1055 |u[0]|=34.88Nm λ_n_max=0.000 η_n_max=0.740 primal=3.874 iters=25/25
[GS-tgt] step=230 ee=(+0.046,-0.025,+0.147) p_repos=(+0.080,+0.004,+0.030) ee_to_target=0.125m target_label=prev_repos target_changed=N delta=0.000m
[X-SEQ-PROBE] step=230 x0_box=(-0.00000,-0.00000,+0.04999) x1_box=(-0.01168,-0.00110,+0.02547) x1_box_v=(-0.23502,-0.02352,-0.49050) dt=0.050
[IMP] step=230 mode=free |x_err|=0.0375m |tau_imp|=1.93Nm |tau_ff|=0.00Nm |tau_out|=1.93Nm sat=False lam_n=False lam_t=False
[GS] step=230 mode=free switch=kStayInRepos best_k=0 best_src=prev_repos curr_cost=126534.05 repos_cost=203075.43 best_other=203075.43 met_progress=Y steps_since_improve=0 switches=4
[STEP] step=230 mode=free t=2.300s ee=(+0.046,-0.025,+0.147) obj=(-0.000,-0.000,+0.050) goal_dist=0.300m switch=kStayInRepos target=(+0.075,-0.001,+0.147) ee_stride=0.038m ee_to_ptarget=0.125m landing_err=0.0855m ik_ok=Y ik_resid=0.0017m q_max_resid_deg=4.47 target_changed=Y retgt=N held_idx=1 held_cost=203075.43 won_cost=203075.43 margin=+0.00 won_src=prev_repos held_valid=Y reason=hold setpoint_to_ptarget=0.1186m finished_val=0.1250m finished_thresh=0.0200m pd_resid=0.0375m nextwp_to_ptarget=0.1159m guide_terminal_err=0.0000m
[GATE-EVOLVE] step=230 curr=126534.05 best_other=203075.43 ratio=0.6231 ee_to_optimal=0.0383m phi=0.0219m
[DRAKE-CONTACT] step=230 n_pairs=1 ee_box_normal=0.000
[GATE-CONTACT] step=230 F_W=(+0.0000,+0.0000,+0.0000) F_on_box=(-0.0000,-0.0000,-0.0000) n_face_out=(-0.0000,-0.0000,-0.0000) A_is_ee=0 box_q=(+1.00000,+0.00001,-0.00001,-0.00000) box_p=(-0.00000,-0.00000,+0.04999) ee_p=(+0.04592,-0.02490,+0.14685)
[EErel] along_push=-0.049m (neg=correct)  perp=0.022m  ee_to_box=0.054m  stage=3  obj=[-0. -0.]  g_hat=[-1.  0.]
[proxy] err=0.131m  effective=[0.13 0.01 0.05]
[ADMM-C3+] primal: 5.7461->3.8744  dual: 74.8586->83.4150  mono=False  iters=25/25  rho=25.0
[ADMM-C3+] WARNING non-converged: pr=3.8744 dr=83.4150 tol=1e-03
[C3+] step=1058 |u[0]|=35.08Nm λ_n_max=0.000 η_n_max=0.740 primal=3.874 iters=25/25
[GS-tgt] step=231 ee=(+0.049,-0.022,+0.147) p_repos=(+0.080,+0.004,+0.030) ee_to_target=0.124m target_label=prev_repos target_changed=N delta=0.000m
[X-SEQ-PROBE] step=231 x0_box=(-0.00000,-0.00000,+0.04999) x1_box=(-0.01168,-0.00110,+0.02547) x1_box_v=(-0.23502,-0.02352,-0.49050) dt=0.050
[GS] step=231 mode=free switch=kStayInRepos best_k=0 best_src=prev_repos curr_cost=126489.60 repos_cost=202896.85 best_other=202896.85 met_progress=Y steps_since_improve=0 switches=4
[STEP] step=231 mode=free t=2.310s ee=(+0.049,-0.022,+0.147) obj=(-0.000,-0.000,+0.050) goal_dist=0.300m switch=kStayInRepos target=(+0.078,+0.002,+0.147) ee_stride=0.038m ee_to_ptarget=0.124m landing_err=0.0855m ik_ok=Y ik_resid=0.0017m q_max_resid_deg=4.52 target_changed=Y retgt=N held_idx=1 held_cost=202896.85 won_cost=202896.85 margin=+0.00 won_src=prev_repos held_valid=Y reason=hold setpoint_to_ptarget=0.1178m finished_val=0.1238m finished_thresh=0.0200m pd_resid=0.0379m nextwp_to_ptarget=0.1158m guide_terminal_err=0.0000m
[GATE-EVOLVE] step=231 curr=126489.60 best_other=202896.85 ratio=0.6234 ee_to_optimal=0.0347m phi=0.0219m
[DRAKE-CONTACT] step=231 n_pairs=1 ee_box_normal=0.000
[GATE-CONTACT] step=231 F_W=(+0.0000,+0.0000,+0.0000) F_on_box=(-0.0000,-0.0000,-0.0000) n_face_out=(-0.0000,-0.0000,-0.0000) A_is_ee=0 box_q=(+1.00000,+0.00001,-0.00001,-0.00000) box_p=(-0.00000,-0.00000,+0.04999) ee_p=(+0.04863,-0.02249,+0.14690)
[EErel] along_push=-0.051m (neg=correct)  perp=0.020m  ee_to_box=0.055m  stage=3  obj=[-0. -0.]  g_hat=[-1.  0.]
[proxy] err=0.130m  effective=[0.133 0.008 0.05 ]
[ADMM-C3+] primal: 5.7461->3.8742  dual: 74.8586->83.4389  mono=False  iters=25/25  rho=25.0
[ADMM-C3+] WARNING non-converged: pr=3.8742 dr=83.4389 tol=1e-03
[C3+] step=1061 |u[0]|=35.21Nm λ_n_max=0.000 η_n_max=0.740 primal=3.874 iters=25/25
[GS-tgt] step=232 ee=(+0.051,-0.020,+0.147) p_repos=(+0.080,+0.004,+0.030) ee_to_target=0.123m target_label=prev_repos target_changed=N delta=0.000m
[X-SEQ-PROBE] step=232 x0_box=(-0.00000,-0.00000,+0.04999) x1_box=(-0.01168,-0.00110,+0.02547) x1_box_v=(-0.23502,-0.02352,-0.49050) dt=0.050
[GS] step=232 mode=free switch=kStayInRepos best_k=0 best_src=prev_repos curr_cost=126517.26 repos_cost=202747.76 best_other=202747.76 met_progress=Y steps_since_improve=0 switches=4
[STEP] step=232 mode=free t=2.320s ee=(+0.051,-0.020,+0.147) obj=(-0.000,-0.000,+0.050) goal_dist=0.300m switch=kStayInRepos target=(+0.079,+0.003,+0.147) ee_stride=0.036m ee_to_ptarget=0.123m landing_err=0.0855m ik_ok=Y ik_resid=0.0017m q_max_resid_deg=4.26 target_changed=Y retgt=N held_idx=1 held_cost=202747.76 won_cost=202747.76 margin=+0.00 won_src=prev_repos held_valid=Y reason=hold setpoint_to_ptarget=0.1171m finished_val=0.1227m finished_thresh=0.0200m pd_resid=0.0357m nextwp_to_ptarget=0.1158m guide_terminal_err=0.0000m
[GATE-EVOLVE] step=232 curr=126517.26 best_other=202747.76 ratio=0.6240 ee_to_optimal=0.0310m phi=0.0220m
[DRAKE-CONTACT] step=232 n_pairs=1 ee_box_normal=0.000
[GATE-CONTACT] step=232 F_W=(+0.0000,+0.0000,+0.0000) F_on_box=(-0.0000,-0.0000,-0.0000) n_face_out=(-0.0000,-0.0000,-0.0000) A_is_ee=0 box_q=(+1.00000,+0.00001,-0.00001,-0.00000) box_p=(-0.00000,-0.00000,+0.04999) ee_p=(+0.05141,-0.02009,+0.14694)
[EErel] along_push=-0.054m (neg=correct)  perp=0.018m  ee_to_box=0.057m  stage=3  obj=[-0. -0.]  g_hat=[-1.  0.]
[proxy] err=0.129m  effective=[0.136 0.006 0.05 ]
[ADMM-C3+] primal: 5.7461->3.8744  dual: 74.8586->83.4151  mono=False  iters=25/25  rho=25.0
[ADMM-C3+] WARNING non-converged: pr=3.8744 dr=83.4151 tol=1e-03
[C3+] step=1064 |u[0]|=35.42Nm λ_n_max=0.000 η_n_max=0.740 primal=3.874 iters=25/25
[GS-tgt] step=233 ee=(+0.054,-0.018,+0.147) p_repos=(+0.080,+0.004,+0.030) ee_to_target=0.122m target_label=prev_repos target_changed=N delta=0.000m
[X-SEQ-PROBE] step=233 x0_box=(-0.00000,-0.00000,+0.04999) x1_box=(-0.01168,-0.00110,+0.02547) x1_box_v=(-0.23502,-0.02352,-0.49050) dt=0.050
[GS] step=233 mode=free switch=kStayInRepos best_k=0 best_src=prev_repos curr_cost=126450.16 repos_cost=202673.15 best_other=202673.15 met_progress=Y steps_since_improve=0 switches=4
[STEP] step=233 mode=free t=2.330s ee=(+0.054,-0.018,+0.147) obj=(-0.000,-0.000,+0.050) goal_dist=0.300m switch=kStayInRepos target=(+0.079,+0.003,+0.147) ee_stride=0.032m ee_to_ptarget=0.122m landing_err=0.0855m ik_ok=Y ik_resid=0.0017m q_max_resid_deg=3.82 target_changed=N retgt=N held_idx=1 held_cost=202673.15 won_cost=202673.15 margin=+0.00 won_src=prev_repos held_valid=Y reason=hold setpoint_to_ptarget=0.1166m finished_val=0.1217m finished_thresh=0.0200m pd_resid=0.0320m nextwp_to_ptarget=0.1158m guide_terminal_err=0.0000m
[GATE-EVOLVE] step=233 curr=126450.16 best_other=202673.15 ratio=0.6239 ee_to_optimal=0.0273m phi=0.0222m
[DRAKE-CONTACT] step=233 n_pairs=1 ee_box_normal=0.000
[GATE-CONTACT] step=233 F_W=(+0.0000,+0.0000,+0.0000) F_on_box=(-0.0000,-0.0000,-0.0000) n_face_out=(-0.0000,-0.0000,-0.0000) A_is_ee=0 box_q=(+1.00000,+0.00001,-0.00001,-0.00000) box_p=(-0.00000,-0.00000,+0.04999) ee_p=(+0.05422,-0.01774,+0.14698)
[EErel] along_push=-0.057m (neg=correct)  perp=0.015m  ee_to_box=0.059m  stage=3  obj=[-0. -0.]  g_hat=[-1.  0.]
[proxy] err=0.128m  effective=[0.139 0.005 0.05 ]
[ADMM-C3+] primal: 5.7461->3.8722  dual: 74.8586->83.3925  mono=False  iters=25/25  rho=25.0
[ADMM-C3+] WARNING non-converged: pr=3.8722 dr=83.3925 tol=1e-03
[C3+] step=1067 |u[0]|=35.34Nm λ_n_max=-0.000 η_n_max=0.740 primal=3.872 iters=25/25
[GS-tgt] step=234 ee=(+0.057,-0.015,+0.147) p_repos=(+0.080,+0.004,+0.030) ee_to_target=0.121m target_label=prev_repos target_changed=N delta=0.000m
[X-SEQ-PROBE] step=234 x0_box=(-0.00000,-0.00000,+0.04999) x1_box=(-0.01168,-0.00110,+0.02547) x1_box_v=(-0.23502,-0.02352,-0.49050) dt=0.050
[GS] step=234 mode=free switch=kStayInRepos best_k=0 best_src=prev_repos curr_cost=126774.59 repos_cost=202650.70 best_other=202650.70 met_progress=Y steps_since_improve=0 switches=4
[STEP] step=234 mode=free t=2.340s ee=(+0.057,-0.015,+0.147) obj=(-0.000,-0.000,+0.050) goal_dist=0.300m switch=kStayInRepos target=(+0.079,+0.003,+0.147) ee_stride=0.028m ee_to_ptarget=0.121m landing_err=0.0855m ik_ok=Y ik_resid=0.0017m q_max_resid_deg=3.40 target_changed=N retgt=N held_idx=1 held_cost=202650.70 won_cost=202650.70 margin=+0.00 won_src=prev_repos held_valid=Y reason=hold setpoint_to_ptarget=0.1162m finished_val=0.1208m finished_thresh=0.0200m pd_resid=0.0285m nextwp_to_ptarget=0.1158m guide_terminal_err=0.0000m
[GATE-EVOLVE] step=234 curr=126774.59 best_other=202650.70 ratio=0.6256 ee_to_optimal=0.0238m phi=0.0225m
[DRAKE-CONTACT] step=234 n_pairs=1 ee_box_normal=0.000
[GATE-CONTACT] step=234 F_W=(+0.0000,+0.0000,+0.0000) F_on_box=(-0.0000,-0.0000,-0.0000) n_face_out=(-0.0000,-0.0000,-0.0000) A_is_ee=0 box_q=(+1.00000,+0.00001,-0.00002,-0.00000) box_p=(-0.00000,-0.00000,+0.04999) ee_p=(+0.05694,-0.01548,+0.14701)
[EErel] along_push=-0.060m (neg=correct)  perp=0.013m  ee_to_box=0.061m  stage=3  obj=[-0. -0.]  g_hat=[-1.  0.]
[proxy] err=0.128m  effective=[0.141 0.004 0.05 ]
[ADMM-C3+] primal: 5.7461->3.8744  dual: 74.8586->83.4151  mono=False  iters=25/25  rho=25.0
[ADMM-C3+] WARNING non-converged: pr=3.8744 dr=83.4151 tol=1e-03
[C3+] step=1070 |u[0]|=35.67Nm λ_n_max=0.000 η_n_max=0.740 primal=3.874 iters=25/25
[GS-tgt] step=235 ee=(+0.060,-0.013,+0.147) p_repos=(+0.080,+0.004,+0.030) ee_to_target=0.120m target_label=prev_repos target_changed=N delta=0.000m
[X-SEQ-PROBE] step=235 x0_box=(-0.00000,-0.00000,+0.04999) x1_box=(-0.01168,-0.00110,+0.02547) x1_box_v=(-0.23502,-0.02352,-0.49050) dt=0.050
[GS] step=235 mode=free switch=kStayInRepos best_k=0 best_src=prev_repos curr_cost=126431.78 repos_cost=202678.64 best_other=202678.64 met_progress=Y steps_since_improve=0 switches=4
[STEP] step=235 mode=free t=2.350s ee=(+0.060,-0.013,+0.147) obj=(-0.000,-0.000,+0.050) goal_dist=0.300m switch=kStayInRepos target=(+0.079,+0.003,+0.147) ee_stride=0.025m ee_to_ptarget=0.120m landing_err=0.0855m ik_ok=Y ik_resid=0.0017m q_max_resid_deg=3.00 target_changed=N retgt=N held_idx=1 held_cost=202678.64 won_cost=202678.64 margin=+0.00 won_src=prev_repos held_valid=Y reason=hold setpoint_to_ptarget=0.1159m finished_val=0.1200m finished_thresh=0.0200m pd_resid=0.0251m nextwp_to_ptarget=0.1158m guide_terminal_err=0.0000m
[GATE-EVOLVE] step=235 curr=126431.78 best_other=202678.64 ratio=0.6238 ee_to_optimal=0.0205m phi=0.0230m
[DRAKE-CONTACT] step=235 n_pairs=1 ee_box_normal=0.000
[GATE-CONTACT] step=235 F_W=(+0.0000,+0.0000,+0.0000) F_on_box=(-0.0000,-0.0000,-0.0000) n_face_out=(-0.0000,-0.0000,-0.0000) A_is_ee=0 box_q=(+1.00000,+0.00001,-0.00002,-0.00000) box_p=(-0.00000,-0.00000,+0.04999) ee_p=(+0.05950,-0.01337,+0.14702)
[EErel] along_push=-0.062m (neg=correct)  perp=0.011m  ee_to_box=0.063m  stage=3  obj=[-0. -0.]  g_hat=[-1.  0.]
[proxy] err=0.128m  effective=[0.144 0.003 0.05 ]
[ADMM-C3+] primal: 5.7461->3.8743  dual: 74.8586->83.4149  mono=False  iters=25/25  rho=25.0
[ADMM-C3+] WARNING non-converged: pr=3.8743 dr=83.4149 tol=1e-03
[C3+] step=1073 |u[0]|=35.75Nm λ_n_max=0.000 η_n_max=0.740 primal=3.874 iters=25/25
[GS-tgt] step=236 ee=(+0.062,-0.011,+0.147) p_repos=(+0.080,+0.004,+0.030) ee_to_target=0.119m target_label=prev_repos target_changed=N delta=0.000m
[X-SEQ-PROBE] step=236 x0_box=(-0.00000,-0.00000,+0.04999) x1_box=(-0.01168,-0.00110,+0.02547) x1_box_v=(-0.23502,-0.02352,-0.49050) dt=0.050
[GS] step=236 mode=free switch=kStayInRepos best_k=0 best_src=prev_repos curr_cost=126397.03 repos_cost=202688.99 best_other=202688.99 met_progress=Y steps_since_improve=0 switches=4
[STEP] step=236 mode=free t=2.360s ee=(+0.062,-0.011,+0.147) obj=(-0.000,-0.000,+0.050) goal_dist=0.300m switch=kStayInRepos target=(+0.079,+0.003,+0.127) ee_stride=0.030m ee_to_ptarget=0.119m landing_err=0.0855m ik_ok=Y ik_resid=0.0017m q_max_resid_deg=4.32 target_changed=Y retgt=N held_idx=1 held_cost=202688.99 won_cost=202688.99 margin=+0.00 won_src=prev_repos held_valid=Y reason=hold setpoint_to_ptarget=0.1158m finished_val=0.1194m finished_thresh=0.0200m pd_resid=0.0299m nextwp_to_ptarget=0.0958m guide_terminal_err=0.0000m
[GATE-EVOLVE] step=236 curr=126397.03 best_other=202688.99 ratio=0.6236 ee_to_optimal=0.0174m phi=0.0235m
[DRAKE-CONTACT] step=236 n_pairs=1 ee_box_normal=0.000
[GATE-CONTACT] step=236 F_W=(+0.0000,+0.0000,+0.0000) F_on_box=(-0.0000,-0.0000,-0.0000) n_face_out=(-0.0000,-0.0000,-0.0000) A_is_ee=0 box_q=(+1.00000,+0.00001,-0.00002,-0.00000) box_p=(-0.00000,-0.00000,+0.04999) ee_p=(+0.06187,-0.01142,+0.14702)
[EErel] along_push=-0.064m (neg=correct)  perp=0.010m  ee_to_box=0.065m  stage=3  obj=[-0. -0.]  g_hat=[-1.  0.]
[proxy] err=0.128m  effective=[0.147 0.002 0.05 ]
[ADMM-C3+] primal: 5.7461->3.8743  dual: 74.8586->83.4149  mono=False  iters=25/25  rho=25.0
[ADMM-C3+] WARNING non-converged: pr=3.8743 dr=83.4149 tol=1e-03
[C3+] step=1076 |u[0]|=36.54Nm λ_n_max=0.000 η_n_max=0.740 primal=3.874 iters=25/25
[GS-tgt] step=237 ee=(+0.064,-0.010,+0.147) p_repos=(+0.080,+0.004,+0.030) ee_to_target=0.118m target_label=prev_repos target_changed=N delta=0.000m
[X-SEQ-PROBE] step=237 x0_box=(-0.00000,-0.00000,+0.04999) x1_box=(-0.01168,-0.00110,+0.02547) x1_box_v=(-0.23502,-0.02352,-0.49050) dt=0.050
[GS] step=237 mode=free switch=kStayInRepos best_k=0 best_src=prev_repos curr_cost=126399.04 repos_cost=206466.71 best_other=206466.71 met_progress=Y steps_since_improve=0 switches=4
[STEP] step=237 mode=free t=2.370s ee=(+0.064,-0.010,+0.147) obj=(-0.000,-0.000,+0.050) goal_dist=0.300m switch=kStayInRepos target=(+0.079,+0.003,+0.123) ee_stride=0.031m ee_to_ptarget=0.118m landing_err=0.0855m ik_ok=Y ik_resid=0.0017m q_max_resid_deg=4.61 target_changed=Y retgt=N held_idx=1 held_cost=206466.71 won_cost=206466.71 margin=+0.00 won_src=prev_repos held_valid=Y reason=hold setpoint_to_ptarget=0.1118m finished_val=0.1184m finished_thresh=0.0200m pd_resid=0.0307m nextwp_to_ptarget=0.0918m guide_terminal_err=0.0000m
[GATE-EVOLVE] step=237 curr=126399.04 best_other=206466.71 ratio=0.6122 ee_to_optimal=0.0146m phi=0.0237m
[DRAKE-CONTACT] step=237 n_pairs=1 ee_box_normal=0.000
[GATE-CONTACT] step=237 F_W=(+0.0000,+0.0000,+0.0000) F_on_box=(-0.0000,-0.0000,-0.0000) n_face_out=(-0.0000,-0.0000,-0.0000) A_is_ee=0 box_q=(+1.00000,+0.00001,-0.00002,-0.00000) box_p=(-0.00000,-0.00000,+0.04999) ee_p=(+0.06401,-0.00969,+0.14661)
[EErel] along_push=-0.066m (neg=correct)  perp=0.008m  ee_to_box=0.066m  stage=3  obj=[-0. -0.]  g_hat=[-1.  0.]
[proxy] err=0.127m  effective=[0.15  0.001 0.05 ]
[ADMM-C3+] primal: 5.7461->3.8743  dual: 74.8586->83.4143  mono=False  iters=25/25  rho=25.0
[ADMM-C3+] WARNING non-converged: pr=3.8743 dr=83.4143 tol=1e-03
[C3+] step=1079 |u[0]|=37.14Nm λ_n_max=0.000 η_n_max=0.740 primal=3.874 iters=25/25
[GS-tgt] step=238 ee=(+0.066,-0.008,+0.146) p_repos=(+0.080,+0.004,+0.030) ee_to_target=0.117m target_label=prev_repos target_changed=N delta=0.000m
[X-SEQ-PROBE] step=238 x0_box=(-0.00000,-0.00000,+0.04999) x1_box=(-0.01168,-0.00110,+0.02547) x1_box_v=(-0.23502,-0.02352,-0.49050) dt=0.050
[GS] step=238 mode=free switch=kStayInRepos best_k=0 best_src=prev_repos curr_cost=126476.57 repos_cost=209234.98 best_other=209234.98 met_progress=Y steps_since_improve=0 switches=4
[STEP] step=238 mode=free t=2.380s ee=(+0.066,-0.008,+0.146) obj=(-0.000,-0.000,+0.050) goal_dist=0.300m switch=kStayInRepos target=(+0.079,+0.003,+0.119) ee_stride=0.032m ee_to_ptarget=0.117m landing_err=0.0855m ik_ok=Y ik_resid=0.0017m q_max_resid_deg=4.83 target_changed=Y retgt=N held_idx=1 held_cost=209234.98 won_cost=209234.98 margin=+0.00 won_src=prev_repos held_valid=Y reason=hold setpoint_to_ptarget=0.1078m finished_val=0.1170m finished_thresh=0.0200m pd_resid=0.0316m nextwp_to_ptarget=0.0878m guide_terminal_err=0.0000m
[GATE-EVOLVE] step=238 curr=126476.57 best_other=209234.98 ratio=0.6045 ee_to_optimal=0.0122m phi=0.0233m
[DRAKE-CONTACT] step=238 n_pairs=1 ee_box_normal=0.000
[GATE-CONTACT] step=238 F_W=(+0.0000,+0.0000,+0.0000) F_on_box=(-0.0000,-0.0000,-0.0000) n_face_out=(-0.0000,-0.0000,-0.0000) A_is_ee=0 box_q=(+1.00000,+0.00001,-0.00002,-0.00000) box_p=(-0.00000,-0.00000,+0.04999) ee_p=(+0.06594,-0.00818,+0.14553)
[EErel] along_push=-0.068m (neg=correct)  perp=0.007m  ee_to_box=0.068m  stage=3  obj=[-0. -0.]  g_hat=[-1.  0.]
[proxy] err=0.126m  effective=[0.152 0.001 0.05 ]
[ADMM-C3+] primal: 5.7461->3.8743  dual: 74.8586->83.4149  mono=False  iters=25/25  rho=25.0
[ADMM-C3+] WARNING non-converged: pr=3.8743 dr=83.4149 tol=1e-03
[C3+] step=1082 |u[0]|=37.79Nm λ_n_max=0.000 η_n_max=0.740 primal=3.874 iters=25/25
[GS-tgt] step=239 ee=(+0.068,-0.007,+0.144) p_repos=(+0.080,+0.004,+0.030) ee_to_target=0.115m target_label=prev_repos target_changed=N delta=0.000m
[X-SEQ-PROBE] step=239 x0_box=(-0.00000,-0.00000,+0.04999) x1_box=(-0.01168,-0.00110,+0.02547) x1_box_v=(-0.23502,-0.02352,-0.49050) dt=0.050
[GS] step=239 mode=free switch=kStayInRepos best_k=0 best_src=prev_repos curr_cost=126527.61 repos_cost=211583.56 best_other=211583.56 met_progress=Y steps_since_improve=0 switches=4
[STEP] step=239 mode=free t=2.390s ee=(+0.068,-0.007,+0.144) obj=(-0.000,-0.000,+0.050) goal_dist=0.300m switch=kStayInRepos target=(+0.079,+0.003,+0.115) ee_stride=0.033m ee_to_ptarget=0.115m landing_err=0.0855m ik_ok=Y ik_resid=0.0017m q_max_resid_deg=4.99 target_changed=Y retgt=N held_idx=1 held_cost=211583.56 won_cost=211583.56 margin=+0.00 won_src=prev_repos held_valid=Y reason=hold setpoint_to_ptarget=0.1038m finished_val=0.1151m finished_thresh=0.0200m pd_resid=0.0326m nextwp_to_ptarget=0.0838m guide_terminal_err=0.0000m
[GATE-EVOLVE] step=239 curr=126527.61 best_other=211583.56 ratio=0.5980 ee_to_optimal=0.0100m phi=0.0223m
[DRAKE-CONTACT] step=239 n_pairs=1 ee_box_normal=0.000
[GATE-CONTACT] step=239 F_W=(+0.0000,+0.0000,+0.0000) F_on_box=(-0.0000,-0.0000,-0.0000) n_face_out=(-0.0000,-0.0000,-0.0000) A_is_ee=0 box_q=(+1.00000,+0.00001,-0.00002,-0.00000) box_p=(-0.00000,-0.00000,+0.04999) ee_p=(+0.06766,-0.00687,+0.14391)
[EErel] along_push=-0.069m (neg=correct)  perp=0.006m  ee_to_box=0.069m  stage=3  obj=[-0. -0.]  g_hat=[-1.  0.]
[proxy] err=0.125m  effective=[0.154 0.001 0.05 ]
[ADMM-C3+] primal: 5.7461->3.8743  dual: 74.8586->83.4149  mono=False  iters=25/25  rho=25.0
[ADMM-C3+] WARNING non-converged: pr=3.8743 dr=83.4149 tol=1e-03
[C3+] step=1085 |u[0]|=38.56Nm λ_n_max=0.000 η_n_max=0.740 primal=3.874 iters=25/25
[GS-tgt] step=240 ee=(+0.069,-0.006,+0.142) p_repos=(+0.080,+0.004,+0.030) ee_to_target=0.113m target_label=prev_repos target_changed=N delta=0.000m
[X-SEQ-PROBE] step=240 x0_box=(-0.00000,-0.00000,+0.04999) x1_box=(-0.01168,-0.00110,+0.02547) x1_box_v=(-0.23502,-0.02352,-0.49050) dt=0.050
[IMP] step=240 mode=free |x_err|=0.0336m |tau_imp|=11.84Nm |tau_ff|=0.00Nm |tau_out|=11.84Nm sat=False lam_n=False lam_t=False
[GS] step=240 mode=free switch=kStayInRepos best_k=0 best_src=prev_repos curr_cost=126641.64 repos_cost=213515.76 best_other=213515.76 met_progress=Y steps_since_improve=0 switches=4
[STEP] step=240 mode=free t=2.400s ee=(+0.069,-0.006,+0.142) obj=(-0.000,-0.000,+0.050) goal_dist=0.300m switch=kStayInRepos target=(+0.079,+0.003,+0.111) ee_stride=0.034m ee_to_ptarget=0.113m landing_err=0.0855m ik_ok=Y ik_resid=0.0017m q_max_resid_deg=5.11 target_changed=Y retgt=N held_idx=1 held_cost=213515.76 won_cost=213515.76 margin=+0.00 won_src=prev_repos held_valid=Y reason=hold setpoint_to_ptarget=0.0998m finished_val=0.1128m finished_thresh=0.0200m pd_resid=0.0336m nextwp_to_ptarget=0.0798m guide_terminal_err=0.0000m
[GATE-EVOLVE] step=240 curr=126641.64 best_other=213515.76 ratio=0.5931 ee_to_optimal=0.0082m phi=0.0211m
[GS-table] step=240
  k=0 (current   ) pos=(+0.069,-0.006,+0.142) c_C3= 156641.64 align=1.0000(bonus=30000.00) rot=+0.0000(bonus=    0.00) travel=0.000m(pen=  0.00) c_sample= 126641.64 feas=Y ik_err=0.0000m  ← WIN
  k=1 (prev_repos) pos=(+0.080,+0.004,+0.030) c_C3= 243493.21 align=1.0000(bonus=30000.00) rot=+0.0000(bonus=    0.00) travel=0.113m(pen= 22.55) c_sample= 213515.76 feas=Y ik_err=0.0008m
  k=2 (strat_0   ) pos=(+0.080,+0.004,+0.030) c_C3= 243493.21 align=1.0000(bonus=30000.00) rot=+0.0000(bonus=    0.00) travel=0.113m(pen= 22.55) c_sample= 213515.76 feas=Y ik_err=0.0008m
[DRAKE-CONTACT] step=240 n_pairs=1 ee_box_normal=0.000
[GATE-CONTACT] step=240 F_W=(+0.0000,+0.0000,+0.0000) F_on_box=(-0.0000,-0.0000,-0.0000) n_face_out=(-0.0000,-0.0000,-0.0000) A_is_ee=0 box_q=(+1.00000,+0.00001,-0.00002,-0.00000) box_p=(-0.00000,-0.00000,+0.04999) ee_p=(+0.06918,-0.00572,+0.14187)
[EErel] along_push=-0.071m (neg=correct)  perp=0.005m  ee_to_box=0.071m  stage=3  obj=[-0. -0.]  g_hat=[-1.  0.]
[proxy] err=0.124m  effective=[0.156 0.    0.05 ]
[ADMM-C3+] primal: 5.7461->3.8743  dual: 74.8586->83.4149  mono=False  iters=25/25  rho=25.0
[ADMM-C3+] WARNING non-converged: pr=3.8743 dr=83.4149 tol=1e-03
[C3+] step=1088 |u[0]|=39.33Nm λ_n_max=0.000 η_n_max=0.740 primal=3.874 iters=25/25
[GS-tgt] step=241 ee=(+0.071,-0.005,+0.139) p_repos=(+0.080,+0.004,+0.030) ee_to_target=0.110m target_label=prev_repos target_changed=N delta=0.000m
[X-SEQ-PROBE] step=241 x0_box=(-0.00000,-0.00000,+0.04999) x1_box=(-0.01168,-0.00110,+0.02547) x1_box_v=(-0.23502,-0.02352,-0.49050) dt=0.050
[GS] step=241 mode=free switch=kStayInRepos best_k=0 best_src=prev_repos curr_cost=126775.75 repos_cost=215100.71 best_other=215100.71 met_progress=Y steps_since_improve=0 switches=4
[STEP] step=241 mode=free t=2.410s ee=(+0.071,-0.005,+0.139) obj=(-0.000,-0.000,+0.050) goal_dist=0.300m switch=kStayInRepos target=(+0.079,+0.003,+0.107) ee_stride=0.034m ee_to_ptarget=0.110m landing_err=0.0855m ik_ok=Y ik_resid=0.0017m q_max_resid_deg=5.20 target_changed=Y retgt=N held_idx=1 held_cost=215100.71 won_cost=215100.71 margin=+0.00 won_src=prev_repos held_valid=Y reason=hold setpoint_to_ptarget=0.0958m finished_val=0.1102m finished_thresh=0.0200m pd_resid=0.0345m nextwp_to_ptarget=0.0758m guide_terminal_err=0.0000m
[GATE-EVOLVE] step=241 curr=126775.75 best_other=215100.71 ratio=0.5894 ee_to_optimal=0.0065m phi=0.0195m
[DRAKE-CONTACT] step=241 n_pairs=1 ee_box_normal=0.000
[GATE-CONTACT] step=241 F_W=(+0.0000,+0.0000,+0.0000) F_on_box=(-0.0000,-0.0000,-0.0000) n_face_out=(-0.0000,-0.0000,-0.0000) A_is_ee=0 box_q=(+1.00000,+0.00001,-0.00002,-0.00000) box_p=(-0.00000,-0.00000,+0.04999) ee_p=(+0.07051,-0.00472,+0.13947)
[EErel] along_push=-0.072m (neg=correct)  perp=0.004m  ee_to_box=0.072m  stage=3  obj=[-0. -0.]  g_hat=[-1.  0.]
[proxy] err=0.122m  effective=[0.158 0.    0.05 ]
[ADMM-C3+] primal: 5.7461->3.8743  dual: 74.8586->83.4148  mono=False  iters=25/25  rho=25.0
[ADMM-C3+] WARNING non-converged: pr=3.8743 dr=83.4148 tol=1e-03
[C3+] step=1091 |u[0]|=40.11Nm λ_n_max=0.000 η_n_max=0.740 primal=3.874 iters=25/25
[GS-tgt] step=242 ee=(+0.072,-0.004,+0.137) p_repos=(+0.080,+0.004,+0.030) ee_to_target=0.107m target_label=prev_repos target_changed=N delta=0.000m
[X-SEQ-PROBE] step=242 x0_box=(-0.00000,-0.00000,+0.04999) x1_box=(-0.01168,-0.00110,+0.02547) x1_box_v=(-0.23502,-0.02352,-0.49050) dt=0.050
[GS] step=242 mode=free switch=kStayInRepos best_k=0 best_src=prev_repos curr_cost=126977.08 repos_cost=216343.03 best_other=216343.03 met_progress=Y steps_since_improve=0 switches=4
[STEP] step=242 mode=free t=2.420s ee=(+0.072,-0.004,+0.137) obj=(-0.000,-0.000,+0.050) goal_dist=0.300m switch=kStayInRepos target=(+0.079,+0.003,+0.103) ee_stride=0.035m ee_to_ptarget=0.107m landing_err=0.0855m ik_ok=Y ik_resid=0.0017m q_max_resid_deg=5.26 target_changed=Y retgt=N held_idx=1 held_cost=216343.03 won_cost=216343.03 margin=+0.00 won_src=prev_repos held_valid=Y reason=hold setpoint_to_ptarget=0.0918m finished_val=0.1074m finished_thresh=0.0200m pd_resid=0.0353m nextwp_to_ptarget=0.0718m guide_terminal_err=0.0000m
[GATE-EVOLVE] step=242 curr=126977.08 best_other=216343.03 ratio=0.5869 ee_to_optimal=0.0051m phi=0.0177m
[DRAKE-CONTACT] step=242 n_pairs=1 ee_box_normal=0.000
[GATE-CONTACT] step=242 F_W=(+0.0000,+0.0000,+0.0000) F_on_box=(-0.0000,-0.0000,-0.0000) n_face_out=(-0.0000,-0.0000,-0.0000) A_is_ee=0 box_q=(+1.00000,+0.00001,-0.00002,-0.00000) box_p=(-0.00000,-0.00000,+0.04999) ee_p=(+0.07168,-0.00384,+0.13678)
[EErel] along_push=-0.073m (neg=correct)  perp=0.003m  ee_to_box=0.073m  stage=3  obj=[-0. -0.]  g_hat=[-1.  0.]
[proxy] err=0.120m  effective=[0.159 0.    0.05 ]
[ADMM-C3+] primal: 5.7461->3.8743  dual: 74.8586->83.4148  mono=False  iters=25/25  rho=25.0
[ADMM-C3+] WARNING non-converged: pr=3.8743 dr=83.4148 tol=1e-03
[C3+] step=1094 |u[0]|=40.77Nm λ_n_max=-0.000 η_n_max=0.740 primal=3.874 iters=25/25
[GS-tgt] step=243 ee=(+0.073,-0.003,+0.134) p_repos=(+0.080,+0.004,+0.030) ee_to_target=0.104m target_label=prev_repos target_changed=N delta=0.000m
[X-SEQ-PROBE] step=243 x0_box=(-0.00000,-0.00000,+0.04999) x1_box=(-0.01168,-0.00110,+0.02547) x1_box_v=(-0.23502,-0.02352,-0.49050) dt=0.050
[GS] step=243 mode=free switch=kStayInRepos best_k=0 best_src=prev_repos curr_cost=127123.75 repos_cost=217312.73 best_other=217312.73 met_progress=Y steps_since_improve=0 switches=4
[STEP] step=243 mode=free t=2.430s ee=(+0.073,-0.003,+0.134) obj=(-0.000,-0.000,+0.050) goal_dist=0.300m switch=kStayInRepos target=(+0.079,+0.003,+0.099) ee_stride=0.036m ee_to_ptarget=0.104m landing_err=0.0855m ik_ok=Y ik_resid=0.0017m q_max_resid_deg=5.31 target_changed=Y retgt=N held_idx=1 held_cost=217312.73 won_cost=217312.73 margin=+0.00 won_src=prev_repos held_valid=Y reason=hold setpoint_to_ptarget=0.0878m finished_val=0.1043m finished_thresh=0.0200m pd_resid=0.0361m nextwp_to_ptarget=0.0678m guide_terminal_err=0.0000m
[GATE-EVOLVE] step=243 curr=127123.75 best_other=217312.73 ratio=0.5850 ee_to_optimal=0.0038m phi=0.0158m
[DRAKE-CONTACT] step=243 n_pairs=1 ee_box_normal=0.000
[GATE-CONTACT] step=243 F_W=(+0.0000,+0.0000,+0.0000) F_on_box=(-0.0000,-0.0000,-0.0000) n_face_out=(-0.0000,-0.0000,-0.0000) A_is_ee=0 box_q=(+1.00000,+0.00001,-0.00002,-0.00000) box_p=(-0.00000,-0.00000,+0.04999) ee_p=(+0.07269,-0.00307,+0.13387)
[EErel] along_push=-0.074m (neg=correct)  perp=0.002m  ee_to_box=0.074m  stage=3  obj=[-0. -0.]  g_hat=[-1.  0.]
[proxy] err=0.119m  effective=[0.16 0.   0.05]
[ADMM-C3+] primal: 5.7461->3.8743  dual: 74.8586->83.4149  mono=False  iters=25/25  rho=25.0
[ADMM-C3+] WARNING non-converged: pr=3.8743 dr=83.4149 tol=1e-03
[C3+] step=1097 |u[0]|=41.39Nm λ_n_max=0.000 η_n_max=0.740 primal=3.874 iters=25/25
[GS-tgt] step=244 ee=(+0.074,-0.002,+0.131) p_repos=(+0.080,+0.004,+0.030) ee_to_target=0.101m target_label=prev_repos target_changed=N delta=0.000m
[X-SEQ-PROBE] step=244 x0_box=(-0.00000,-0.00000,+0.04999) x1_box=(-0.01168,-0.00110,+0.02547) x1_box_v=(-0.23502,-0.02352,-0.49050) dt=0.050
[GS] step=244 mode=free switch=kStayInRepos best_k=0 best_src=prev_repos curr_cost=127255.64 repos_cost=218066.08 best_other=218066.08 met_progress=Y steps_since_improve=0 switches=4
[STEP] step=244 mode=free t=2.440s ee=(+0.074,-0.002,+0.131) obj=(-0.000,-0.000,+0.050) goal_dist=0.300m switch=kStayInRepos target=(+0.079,+0.003,+0.095) ee_stride=0.037m ee_to_ptarget=0.101m landing_err=0.0855m ik_ok=Y ik_resid=0.0017m q_max_resid_deg=5.34 target_changed=Y retgt=N held_idx=1 held_cost=218066.08 won_cost=218066.08 margin=+0.00 won_src=prev_repos held_valid=Y reason=hold setpoint_to_ptarget=0.0838m finished_val=0.1011m finished_thresh=0.0200m pd_resid=0.0367m nextwp_to_ptarget=0.0638m guide_terminal_err=0.0000m
[GATE-EVOLVE] step=244 curr=127255.64 best_other=218066.08 ratio=0.5836 ee_to_optimal=0.0028m phi=0.0138m
[DRAKE-CONTACT] step=244 n_pairs=1 ee_box_normal=0.000
[GATE-CONTACT] step=244 F_W=(+0.0000,+0.0000,+0.0000) F_on_box=(-0.0000,-0.0000,-0.0000) n_face_out=(-0.0000,-0.0000,-0.0000) A_is_ee=0 box_q=(+1.00000,+0.00001,-0.00002,-0.00000) box_p=(-0.00000,-0.00000,+0.04999) ee_p=(+0.07357,-0.00240,+0.13077)
[EErel] along_push=-0.074m (neg=correct)  perp=0.002m  ee_to_box=0.074m  stage=3  obj=[-0. -0.]  g_hat=[-1.  0.]
[proxy] err=0.117m  effective=[0.162 0.    0.05 ]
[ADMM-C3+] primal: 5.7461->3.8743  dual: 74.8586->83.4149  mono=False  iters=25/25  rho=25.0
[ADMM-C3+] WARNING non-converged: pr=3.8743 dr=83.4149 tol=1e-03
[C3+] step=1100 |u[0]|=41.94Nm λ_n_max=0.000 η_n_max=0.740 primal=3.874 iters=25/25
[GS-tgt] step=245 ee=(+0.074,-0.002,+0.128) p_repos=(+0.080,+0.004,+0.030) ee_to_target=0.098m target_label=prev_repos target_changed=N delta=0.000m
[X-SEQ-PROBE] step=245 x0_box=(-0.00000,-0.00000,+0.04999) x1_box=(-0.01168,-0.00110,+0.02547) x1_box_v=(-0.23502,-0.02352,-0.49050) dt=0.050
[GS] step=245 mode=free switch=kStayInRepos best_k=0 best_src=prev_repos curr_cost=127428.77 repos_cost=218647.87 best_other=218647.87 met_progress=Y steps_since_improve=0 switches=4
[STEP] step=245 mode=free t=2.450s ee=(+0.074,-0.002,+0.128) obj=(-0.000,-0.000,+0.050) goal_dist=0.300m switch=kStayInRepos target=(+0.079,+0.003,+0.091) ee_stride=0.037m ee_to_ptarget=0.098m landing_err=0.0855m ik_ok=Y ik_resid=0.0017m q_max_resid_deg=5.37 target_changed=Y retgt=N held_idx=1 held_cost=218647.87 won_cost=218647.87 margin=+0.00 won_src=prev_repos held_valid=Y reason=hold setpoint_to_ptarget=0.0798m finished_val=0.0978m finished_thresh=0.0200m pd_resid=0.0372m nextwp_to_ptarget=0.0598m guide_terminal_err=0.0000m
[GATE-EVOLVE] step=245 curr=127428.77 best_other=218647.87 ratio=0.5828 ee_to_optimal=0.0019m phi=0.0117m
[DRAKE-CONTACT] step=245 n_pairs=1 ee_box_normal=0.000
[GATE-CONTACT] step=245 F_W=(+0.0000,+0.0000,+0.0000) F_on_box=(-0.0000,-0.0000,-0.0000) n_face_out=(-0.0000,-0.0000,-0.0000) A_is_ee=0 box_q=(+1.00000,+0.00001,-0.00002,-0.00000) box_p=(-0.00000,-0.00000,+0.04999) ee_p=(+0.07434,-0.00182,+0.12752)
[EErel] along_push=-0.075m (neg=correct)  perp=0.001m  ee_to_box=0.075m  stage=3  obj=[-0. -0.]  g_hat=[-1.  0.]
[proxy] err=0.115m  effective=[0.163 0.    0.05 ]
[ADMM-C3+] primal: 5.7461->3.8743  dual: 74.8586->83.4148  mono=False  iters=25/25  rho=25.0
[ADMM-C3+] WARNING non-converged: pr=3.8743 dr=83.4148 tol=1e-03
[C3+] step=1103 |u[0]|=42.41Nm λ_n_max=0.000 η_n_max=0.740 primal=3.874 iters=25/25
[GS-tgt] step=246 ee=(+0.075,-0.001,+0.124) p_repos=(+0.080,+0.004,+0.030) ee_to_target=0.094m target_label=prev_repos target_changed=N delta=0.000m
[X-SEQ-PROBE] step=246 x0_box=(-0.00000,-0.00000,+0.04999) x1_box=(-0.01168,-0.00110,+0.02547) x1_box_v=(-0.23502,-0.02352,-0.49050) dt=0.050
[GS] step=246 mode=free switch=kStayInRepos best_k=0 best_src=prev_repos curr_cost=127598.52 repos_cost=219093.65 best_other=219093.65 met_progress=Y steps_since_improve=0 switches=4
[STEP] step=246 mode=free t=2.460s ee=(+0.075,-0.001,+0.124) obj=(-0.000,-0.000,+0.050) goal_dist=0.300m switch=kStayInRepos target=(+0.079,+0.003,+0.087) ee_stride=0.038m ee_to_ptarget=0.094m landing_err=0.0855m ik_ok=Y ik_resid=0.0017m q_max_resid_deg=5.38 target_changed=Y retgt=N held_idx=1 held_cost=219093.65 won_cost=219093.65 margin=+0.00 won_src=prev_repos held_valid=Y reason=hold setpoint_to_ptarget=0.0758m finished_val=0.0944m finished_thresh=0.0200m pd_resid=0.0377m nextwp_to_ptarget=0.0558m guide_terminal_err=0.0000m
[GATE-EVOLVE] step=246 curr=127598.52 best_other=219093.65 ratio=0.5824 ee_to_optimal=0.0013m phi=0.0098m
[DRAKE-CONTACT] step=246 n_pairs=1 ee_box_normal=0.000
[GATE-CONTACT] step=246 F_W=(+0.0000,+0.0000,+0.0000) F_on_box=(-0.0000,-0.0000,-0.0000) n_face_out=(-0.0000,-0.0000,-0.0000) A_is_ee=0 box_q=(+1.00000,+0.00001,-0.00002,-0.00000) box_p=(-0.00000,-0.00000,+0.04999) ee_p=(+0.07500,-0.00131,+0.12414)
[EErel] along_push=-0.076m (neg=correct)  perp=0.001m  ee_to_box=0.076m  stage=3  obj=[-0. -0.]  g_hat=[-1.  0.]
[proxy] err=0.113m  effective=[0.163 0.    0.05 ]
[ADMM-C3+] primal: 5.7461->3.8743  dual: 74.8587->83.4148  mono=False  iters=25/25  rho=25.0
[ADMM-C3+] WARNING non-converged: pr=3.8743 dr=83.4148 tol=1e-03
[C3+] step=1106 |u[0]|=42.76Nm λ_n_max=-0.000 η_n_max=0.740 primal=3.874 iters=25/25
[GS-tgt] step=247 ee=(+0.076,-0.001,+0.121) p_repos=(+0.080,+0.004,+0.030) ee_to_target=0.091m target_label=prev_repos target_changed=N delta=0.000m
[X-SEQ-PROBE] step=247 x0_box=(-0.00000,-0.00000,+0.04999) x1_box=(-0.01168,-0.00110,+0.02547) x1_box_v=(-0.23502,-0.02352,-0.49050) dt=0.050
[GS] step=247 mode=free switch=kStayInRepos best_k=0 best_src=prev_repos curr_cost=127865.77 repos_cost=219431.51 best_other=219431.51 met_progress=Y steps_since_improve=0 switches=4
[STEP] step=247 mode=free t=2.470s ee=(+0.076,-0.001,+0.121) obj=(-0.000,-0.000,+0.050) goal_dist=0.300m switch=kStayInRepos target=(+0.079,+0.003,+0.083) ee_stride=0.038m ee_to_ptarget=0.091m landing_err=0.0855m ik_ok=Y ik_resid=0.0017m q_max_resid_deg=5.39 target_changed=Y retgt=N held_idx=1 held_cost=219431.51 won_cost=219431.51 margin=+0.00 won_src=prev_repos held_valid=Y reason=hold setpoint_to_ptarget=0.0718m finished_val=0.0909m finished_thresh=0.0200m pd_resid=0.0381m nextwp_to_ptarget=0.0518m guide_terminal_err=0.0000m
[GATE-EVOLVE] step=247 curr=127865.77 best_other=219431.51 ratio=0.5827 ee_to_optimal=0.0010m phi=0.0079m
[DRAKE-CONTACT] step=247 n_pairs=1 ee_box_normal=0.000
[GATE-CONTACT] step=247 F_W=(+0.0000,+0.0000,+0.0000) F_on_box=(-0.0000,-0.0000,-0.0000) n_face_out=(-0.0000,-0.0000,-0.0000) A_is_ee=0 box_q=(+1.00000,+0.00001,-0.00002,-0.00000) box_p=(-0.00000,-0.00000,+0.04999) ee_p=(+0.07556,-0.00087,+0.12066)
[EErel] along_push=-0.076m (neg=correct)  perp=0.000m  ee_to_box=0.076m  stage=3  obj=[-0. -0.]  g_hat=[-1.  0.]
[proxy] err=0.111m  effective=[0.164 0.    0.05 ]
[ADMM-C3+] primal: 5.7461->3.8743  dual: 74.8587->83.4148  mono=False  iters=25/25  rho=25.0
[ADMM-C3+] WARNING non-converged: pr=3.8743 dr=83.4148 tol=1e-03
[C3+] step=1109 |u[0]|=43.08Nm λ_n_max=-0.000 η_n_max=0.740 primal=3.874 iters=25/25
[GS-tgt] step=248 ee=(+0.076,-0.000,+0.117) p_repos=(+0.080,+0.004,+0.030) ee_to_target=0.087m target_label=prev_repos target_changed=N delta=0.000m
[X-SEQ-PROBE] step=248 x0_box=(-0.00000,-0.00000,+0.04999) x1_box=(-0.01168,-0.00110,+0.02547) x1_box_v=(-0.23502,-0.02352,-0.49050) dt=0.050
[GS] step=248 mode=free switch=kStayInRepos best_k=0 best_src=prev_repos curr_cost=128129.16 repos_cost=219683.59 best_other=219683.59 met_progress=Y steps_since_improve=0 switches=4
[STEP] step=248 mode=free t=2.480s ee=(+0.076,-0.000,+0.117) obj=(-0.000,-0.000,+0.050) goal_dist=0.300m switch=kStayInRepos target=(+0.079,+0.003,+0.079) ee_stride=0.039m ee_to_ptarget=0.087m landing_err=0.0855m ik_ok=Y ik_resid=0.0017m q_max_resid_deg=5.39 target_changed=Y retgt=N held_idx=1 held_cost=219683.59 won_cost=219683.59 margin=+0.00 won_src=prev_repos held_valid=Y reason=hold setpoint_to_ptarget=0.0678m finished_val=0.0873m finished_thresh=0.0200m pd_resid=0.0385m nextwp_to_ptarget=0.0478m guide_terminal_err=0.0000m
[GATE-EVOLVE] step=248 curr=128129.16 best_other=219683.59 ratio=0.5832 ee_to_optimal=0.0012m phi=0.0062m
[DRAKE-CONTACT] step=248 n_pairs=1 ee_box_normal=0.000
[GATE-CONTACT] step=248 F_W=(+0.0000,+0.0000,+0.0000) F_on_box=(-0.0000,-0.0000,-0.0000) n_face_out=(-0.0000,-0.0000,-0.0000) A_is_ee=0 box_q=(+1.00000,+0.00001,-0.00002,-0.00000) box_p=(-0.00000,-0.00000,+0.04999) ee_p=(+0.07605,-0.00048,+0.11709)
[EErel] along_push=-0.076m (neg=correct)  perp=0.000m  ee_to_box=0.076m  stage=3  obj=[-0. -0.]  g_hat=[-1.  0.]
[proxy] err=0.109m  effective=[ 0.165 -0.     0.05 ]
[ADMM-C3+] primal: 5.7461->3.8743  dual: 74.8587->83.4148  mono=False  iters=25/25  rho=25.0
[ADMM-C3+] WARNING non-converged: pr=3.8743 dr=83.4148 tol=1e-03
[C3+] step=1112 |u[0]|=43.34Nm λ_n_max=-0.000 η_n_max=0.740 primal=3.874 iters=25/25
[GS-tgt] step=249 ee=(+0.076,-0.000,+0.113) p_repos=(+0.080,+0.004,+0.030) ee_to_target=0.084m target_label=prev_repos target_changed=N delta=0.000m
[X-SEQ-PROBE] step=249 x0_box=(-0.00000,-0.00000,+0.04999) x1_box=(-0.01168,-0.00110,+0.02547) x1_box_v=(-0.23502,-0.02352,-0.49050) dt=0.050
[GS] step=249 mode=free switch=kStayInRepos best_k=0 best_src=prev_repos curr_cost=128346.63 repos_cost=219867.35 best_other=219867.35 met_progress=Y steps_since_improve=0 switches=4
[STEP] step=249 mode=free t=2.490s ee=(+0.076,-0.000,+0.113) obj=(-0.000,-0.000,+0.050) goal_dist=0.300m switch=kStayInRepos target=(+0.079,+0.003,+0.075) ee_stride=0.039m ee_to_ptarget=0.084m landing_err=0.0855m ik_ok=Y ik_resid=0.0017m q_max_resid_deg=5.40 target_changed=Y retgt=N held_idx=1 held_cost=219867.35 won_cost=219867.35 margin=+0.00 won_src=prev_repos held_valid=Y reason=hold setpoint_to_ptarget=0.0638m finished_val=0.0836m finished_thresh=0.0200m pd_resid=0.0388m nextwp_to_ptarget=0.0438m guide_terminal_err=0.0000m
[GATE-EVOLVE] step=249 curr=128346.63 best_other=219867.35 ratio=0.5837 ee_to_optimal=0.0015m phi=0.0047m
[DRAKE-CONTACT] step=249 n_pairs=1 ee_box_normal=0.000
[GATE-CONTACT] step=249 F_W=(+0.0000,+0.0000,+0.0000) F_on_box=(-0.0000,-0.0000,-0.0000) n_face_out=(-0.0000,-0.0000,-0.0000) A_is_ee=0 box_q=(+1.00000,+0.00001,-0.00002,-0.00000) box_p=(-0.00000,-0.00000,+0.04999) ee_p=(+0.07648,-0.00015,+0.11346)
[PERSIST] step=250 refresh n_strategy=1 samples=[(-0.08, 0.0024, 0.03)]
[EErel] along_push=-0.077m (neg=correct)  perp=0.000m  ee_to_box=0.077m  stage=3  obj=[-0. -0.]  g_hat=[-1.  0.]
[proxy] err=0.107m  effective=[ 0.165 -0.     0.05 ]
[ADMM-C3+] primal: 5.7461->3.8743  dual: 74.8587->83.4149  mono=False  iters=25/25  rho=25.0
[ADMM-C3+] WARNING non-converged: pr=3.8743 dr=83.4149 tol=1e-03
[C3+] step=1115 |u[0]|=43.68Nm λ_n_max=0.000 η_n_max=0.740 primal=3.874 iters=25/25
[GS-tgt] step=250 ee=(+0.077,+0.000,+0.110) p_repos=(+0.080,+0.004,+0.030) ee_to_target=0.080m target_label=prev_repos target_changed=N delta=0.000m
[X-SEQ-PROBE] step=250 x0_box=(-0.00000,-0.00000,+0.04999) x1_box=(-0.01168,-0.00110,+0.02547) x1_box_v=(-0.23502,-0.02352,-0.49050) dt=0.050
[IMP] step=250 mode=free |x_err|=0.0391m |tau_imp|=2.05Nm |tau_ff|=0.00Nm |tau_out|=2.05Nm sat=False lam_n=False lam_t=False
[GS] step=250 mode=free switch=kStayInRepos best_k=0 best_src=prev_repos curr_cost=128346.20 repos_cost=219996.55 best_other=219996.55 met_progress=Y steps_since_improve=0 switches=4
[STEP] step=250 mode=free t=2.500s ee=(+0.077,+0.000,+0.110) obj=(-0.000,-0.000,+0.050) goal_dist=0.300m switch=kStayInRepos target=(+0.079,+0.003,+0.071) ee_stride=0.039m ee_to_ptarget=0.080m landing_err=0.0855m ik_ok=Y ik_resid=0.0017m q_max_resid_deg=5.40 target_changed=Y retgt=N held_idx=1 held_cost=219996.55 won_cost=219996.55 margin=+0.00 won_src=prev_repos held_valid=Y reason=hold setpoint_to_ptarget=0.0598m finished_val=0.0799m finished_thresh=0.0200m pd_resid=0.0391m nextwp_to_ptarget=0.0398m guide_terminal_err=0.0000m
[GATE-EVOLVE] step=250 curr=128346.20 best_other=219996.55 ratio=0.5834 ee_to_optimal=0.0018m phi=0.0036m
[DRAKE-CONTACT] step=250 n_pairs=1 ee_box_normal=0.000
[GATE-CONTACT] step=250 F_W=(+0.0000,+0.0000,+0.0000) F_on_box=(-0.0000,-0.0000,-0.0000) n_face_out=(-0.0000,-0.0000,-0.0000) A_is_ee=0 box_q=(+1.00000,+0.00001,-0.00002,-0.00000) box_p=(-0.00000,-0.00000,+0.04999) ee_p=(+0.07684,+0.00014,+0.10976)
[EErel] along_push=-0.077m (neg=correct)  perp=0.000m  ee_to_box=0.077m  stage=3  obj=[-0. -0.]  g_hat=[-1.  0.]
[proxy] err=0.105m  effective=[ 0.166 -0.     0.05 ]
[ADMM-C3+] primal: 5.7461->3.8743  dual: 74.8587->83.4149  mono=False  iters=25/25  rho=25.0
[ADMM-C3+] WARNING non-converged: pr=3.8743 dr=83.4149 tol=1e-03
[C3+] step=1118 |u[0]|=43.82Nm λ_n_max=0.000 η_n_max=0.740 primal=3.874 iters=25/25
[GS-tgt] step=251 ee=(+0.077,+0.000,+0.106) p_repos=(+0.080,+0.004,+0.030) ee_to_target=0.076m target_label=prev_repos target_changed=N delta=0.000m
[X-SEQ-PROBE] step=251 x0_box=(-0.00000,-0.00000,+0.04999) x1_box=(-0.01168,-0.00110,+0.02547) x1_box_v=(-0.23502,-0.02352,-0.49050) dt=0.050
[GS] step=251 mode=free switch=kStayInRepos best_k=0 best_src=prev_repos curr_cost=128562.41 repos_cost=220082.01 best_other=220082.01 met_progress=Y steps_since_improve=0 switches=4
[STEP] step=251 mode=free t=2.510s ee=(+0.077,+0.000,+0.106) obj=(-0.000,-0.000,+0.050) goal_dist=0.300m switch=kStayInRepos target=(+0.079,+0.003,+0.067) ee_stride=0.039m ee_to_ptarget=0.076m landing_err=0.0855m ik_ok=Y ik_resid=0.0017m q_max_resid_deg=5.40 target_changed=Y retgt=N held_idx=1 held_cost=220082.01 won_cost=220082.01 margin=+0.00 won_src=prev_repos held_valid=Y reason=hold setpoint_to_ptarget=0.0558m finished_val=0.0761m finished_thresh=0.0200m pd_resid=0.0393m nextwp_to_ptarget=0.0358m guide_terminal_err=0.0000m
[GATE-EVOLVE] step=251 curr=128562.41 best_other=220082.01 ratio=0.5842 ee_to_optimal=0.0022m phi=0.0028m
  t=2.50s | ee=(0.077, 0.000, 0.106) | obj=(-0.000, -0.000, 0.050) | |u|=1.81 Nm | goal_dist=0.300 m
[DRAKE-CONTACT] step=251 n_pairs=1 ee_box_normal=0.000
[GATE-CONTACT] step=251 F_W=(+0.0000,+0.0000,+0.0000) F_on_box=(-0.0000,-0.0000,-0.0000) n_face_out=(-0.0000,-0.0000,-0.0000) A_is_ee=0 box_q=(+1.00000,+0.00001,-0.00002,-0.00000) box_p=(-0.00000,-0.00000,+0.04999) ee_p=(+0.07715,+0.00038,+0.10602)
[EErel] along_push=-0.077m (neg=correct)  perp=0.001m  ee_to_box=0.077m  stage=3  obj=[-0. -0.]  g_hat=[-1.  0.]
[proxy] err=0.103m  effective=[ 0.166 -0.     0.05 ]
[ADMM-C3+] primal: 5.7461->3.8743  dual: 74.8587->83.4148  mono=False  iters=25/25  rho=25.0
[ADMM-C3+] WARNING non-converged: pr=3.8743 dr=83.4148 tol=1e-03
[C3+] step=1121 |u[0]|=43.75Nm λ_n_max=-0.000 η_n_max=0.740 primal=3.874 iters=25/25
[GS-tgt] step=252 ee=(+0.077,+0.001,+0.102) p_repos=(+0.080,+0.004,+0.030) ee_to_target=0.072m target_label=prev_repos target_changed=N delta=0.000m
[X-SEQ-PROBE] step=252 x0_box=(-0.00000,-0.00000,+0.04999) x1_box=(-0.01168,-0.00110,+0.02547) x1_box_v=(-0.23502,-0.02352,-0.49050) dt=0.050
[GS] step=252 mode=free switch=kStayInRepos best_k=0 best_src=prev_repos curr_cost=128741.81 repos_cost=220132.30 best_other=220132.30 met_progress=Y steps_since_improve=0 switches=4
[STEP] step=252 mode=free t=2.520s ee=(+0.077,+0.001,+0.102) obj=(-0.000,-0.000,+0.050) goal_dist=0.300m switch=kStayInRepos target=(+0.079,+0.003,+0.063) ee_stride=0.039m ee_to_ptarget=0.072m landing_err=0.0855m ik_ok=Y ik_resid=0.0017m q_max_resid_deg=5.40 target_changed=Y retgt=N held_idx=1 held_cost=220132.30 won_cost=220132.30 margin=+0.00 won_src=prev_repos held_valid=Y reason=hold setpoint_to_ptarget=0.0518m finished_val=0.0723m finished_thresh=0.0200m pd_resid=0.0395m nextwp_to_ptarget=0.0318m guide_terminal_err=0.0000m
[GATE-EVOLVE] step=252 curr=128741.81 best_other=220132.30 ratio=0.5848 ee_to_optimal=0.0025m phi=0.0025m
[DRAKE-CONTACT] step=252 n_pairs=1 ee_box_normal=0.000
[GATE-CONTACT] step=252 F_W=(+0.0000,+0.0000,+0.0000) F_on_box=(-0.0000,-0.0000,-0.0000) n_face_out=(-0.0000,-0.0000,-0.0000) A_is_ee=0 box_q=(+1.00000,+0.00001,-0.00002,-0.00000) box_p=(-0.00000,-0.00000,+0.04999) ee_p=(+0.07742,+0.00059,+0.10224)
[EErel] along_push=-0.078m (neg=correct)  perp=0.001m  ee_to_box=0.078m  stage=3  obj=[-0. -0.]  g_hat=[-1.  0.]
[proxy] err=0.101m  effective=[ 0.166 -0.     0.05 ]
[ADMM-C3+] primal: 5.7461->3.8743  dual: 74.8587->83.4148  mono=False  iters=25/25  rho=25.0
[ADMM-C3+] WARNING non-converged: pr=3.8743 dr=83.4148 tol=1e-03
[C3+] step=1124 |u[0]|=43.69Nm λ_n_max=-0.000 η_n_max=0.740 primal=3.874 iters=25/25
[GS-tgt] step=253 ee=(+0.078,+0.001,+0.098) p_repos=(+0.080,+0.004,+0.030) ee_to_target=0.069m target_label=prev_repos target_changed=N delta=0.000m
[X-SEQ-PROBE] step=253 x0_box=(-0.00000,-0.00000,+0.04999) x1_box=(-0.01168,-0.00110,+0.02547) x1_box_v=(-0.23502,-0.02352,-0.49050) dt=0.050
[GS] step=253 mode=free switch=kStayInRepos best_k=0 best_src=prev_repos curr_cost=128927.10 repos_cost=220154.18 best_other=220154.18 met_progress=Y steps_since_improve=0 switches=4
[STEP] step=253 mode=free t=2.530s ee=(+0.078,+0.001,+0.098) obj=(-0.000,-0.000,+0.050) goal_dist=0.300m switch=kStayInRepos target=(+0.079,+0.003,+0.059) ee_stride=0.040m ee_to_ptarget=0.069m landing_err=0.0855m ik_ok=Y ik_resid=0.0017m q_max_resid_deg=5.40 target_changed=Y retgt=N held_idx=1 held_cost=220154.18 won_cost=220154.18 margin=+0.00 won_src=prev_repos held_valid=Y reason=hold setpoint_to_ptarget=0.0478m finished_val=0.0685m finished_thresh=0.0200m pd_resid=0.0397m nextwp_to_ptarget=0.0278m guide_terminal_err=0.0000m
[GATE-EVOLVE] step=253 curr=128927.10 best_other=220154.18 ratio=0.5856 ee_to_optimal=0.0028m phi=0.0027m
[DRAKE-CONTACT] step=253 n_pairs=1 ee_box_normal=0.000
[GATE-CONTACT] step=253 F_W=(+0.0000,+0.0000,+0.0000) F_on_box=(-0.0000,-0.0000,-0.0000) n_face_out=(-0.0000,-0.0000,-0.0000) A_is_ee=0 box_q=(+1.00000,+0.00001,-0.00002,-0.00000) box_p=(-0.00000,-0.00000,+0.04999) ee_p=(+0.07765,+0.00078,+0.09842)
[EErel] along_push=-0.078m (neg=correct)  perp=0.001m  ee_to_box=0.078m  stage=3  obj=[-0. -0.]  g_hat=[-1.  0.]
[proxy] err=0.099m  effective=[ 0.167 -0.     0.05 ]
[ADMM-C3+] primal: 5.7461->3.8743  dual: 74.8587->83.4148  mono=False  iters=25/25  rho=25.0
[ADMM-C3+] WARNING non-converged: pr=3.8743 dr=83.4148 tol=1e-03
[C3+] step=1127 |u[0]|=43.62Nm λ_n_max=-0.000 η_n_max=0.740 primal=3.874 iters=25/25
[GS-tgt] step=254 ee=(+0.078,+0.001,+0.095) p_repos=(+0.080,+0.004,+0.030) ee_to_target=0.065m target_label=prev_repos target_changed=N delta=0.000m
[X-SEQ-PROBE] step=254 x0_box=(-0.00000,-0.00000,+0.04999) x1_box=(-0.01168,-0.00110,+0.02547) x1_box_v=(-0.23502,-0.02352,-0.49050) dt=0.050
[GS] step=254 mode=free switch=kStayInRepos best_k=0 best_src=prev_repos curr_cost=129091.19 repos_cost=220153.03 best_other=220153.03 met_progress=Y steps_since_improve=0 switches=4
[STEP] step=254 mode=free t=2.540s ee=(+0.078,+0.001,+0.095) obj=(-0.000,-0.000,+0.050) goal_dist=0.300m switch=kStayInRepos target=(+0.079,+0.003,+0.055) ee_stride=0.040m ee_to_ptarget=0.065m landing_err=0.0855m ik_ok=Y ik_resid=0.0017m q_max_resid_deg=5.40 target_changed=Y retgt=N held_idx=1 held_cost=220153.03 won_cost=220153.03 margin=+0.00 won_src=prev_repos held_valid=Y reason=hold setpoint_to_ptarget=0.0438m finished_val=0.0647m finished_thresh=0.0200m pd_resid=0.0398m nextwp_to_ptarget=0.0238m guide_terminal_err=0.0000m
[GATE-EVOLVE] step=254 curr=129091.19 best_other=220153.03 ratio=0.5864 ee_to_optimal=0.0030m phi=0.0028m
[DRAKE-CONTACT] step=254 n_pairs=1 ee_box_normal=0.000
[GATE-CONTACT] step=254 F_W=(+0.0000,+0.0000,+0.0000) F_on_box=(-0.0000,-0.0000,-0.0000) n_face_out=(-0.0000,-0.0000,-0.0000) A_is_ee=0 box_q=(+1.00000,+0.00001,-0.00002,-0.00000) box_p=(-0.00000,-0.00000,+0.04999) ee_p=(+0.07785,+0.00093,+0.09458)
[EErel] along_push=-0.078m (neg=correct)  perp=0.001m  ee_to_box=0.078m  stage=3  obj=[-0. -0.]  g_hat=[-1.  0.]
[proxy] err=0.098m  effective=[ 0.167 -0.     0.05 ]
[ADMM-C3+] primal: 5.7461->3.8743  dual: 74.8587->83.4148  mono=False  iters=25/25  rho=25.0
[ADMM-C3+] WARNING non-converged: pr=3.8743 dr=83.4148 tol=1e-03
[C3+] step=1130 |u[0]|=43.54Nm λ_n_max=-0.000 η_n_max=0.740 primal=3.874 iters=25/25
[GS-tgt] step=255 ee=(+0.078,+0.001,+0.091) p_repos=(+0.080,+0.004,+0.030) ee_to_target=0.061m target_label=prev_repos target_changed=N delta=0.000m
[X-SEQ-PROBE] step=255 x0_box=(-0.00000,-0.00000,+0.04999) x1_box=(-0.01168,-0.00110,+0.02547) x1_box_v=(-0.23502,-0.02352,-0.49050) dt=0.050
[GS] step=255 mode=free switch=kStayInRepos best_k=0 best_src=prev_repos curr_cost=129266.20 repos_cost=220133.14 best_other=220133.14 met_progress=Y steps_since_improve=0 switches=4
[STEP] step=255 mode=free t=2.550s ee=(+0.078,+0.001,+0.091) obj=(-0.000,-0.000,+0.050) goal_dist=0.300m switch=kStayInRepos target=(+0.079,+0.003,+0.051) ee_stride=0.040m ee_to_ptarget=0.061m landing_err=0.0855m ik_ok=Y ik_resid=0.0017m q_max_resid_deg=5.40 target_changed=Y retgt=N held_idx=1 held_cost=220133.14 won_cost=220133.14 margin=+0.00 won_src=prev_repos held_valid=Y reason=hold setpoint_to_ptarget=0.0398m finished_val=0.0608m finished_thresh=0.0200m pd_resid=0.0399m nextwp_to_ptarget=0.0198m guide_terminal_err=0.0000m
[GATE-EVOLVE] step=255 curr=129266.20 best_other=220133.14 ratio=0.5872 ee_to_optimal=0.0032m phi=0.0030m
[DRAKE-CONTACT] step=255 n_pairs=1 ee_box_normal=0.000
[GATE-CONTACT] step=255 F_W=(+0.0000,+0.0000,+0.0000) F_on_box=(-0.0000,-0.0000,-0.0000) n_face_out=(-0.0000,-0.0000,-0.0000) A_is_ee=0 box_q=(+1.00000,+0.00001,-0.00002,-0.00000) box_p=(-0.00000,-0.00000,+0.04999) ee_p=(+0.07801,+0.00106,+0.09072)
[EErel] along_push=-0.078m (neg=correct)  perp=0.001m  ee_to_box=0.078m  stage=3  obj=[-0. -0.]  g_hat=[-1.  0.]
[proxy] err=0.096m  effective=[ 0.167 -0.     0.05 ]
[ADMM-C3+] primal: 5.7461->3.8743  dual: 74.8587->83.4148  mono=False  iters=25/25  rho=25.0
[ADMM-C3+] WARNING non-converged: pr=3.8743 dr=83.4148 tol=1e-03
[C3+] step=1133 |u[0]|=43.46Nm λ_n_max=-0.000 η_n_max=0.740 primal=3.874 iters=25/25
[GS-tgt] step=256 ee=(+0.078,+0.001,+0.087) p_repos=(+0.080,+0.004,+0.030) ee_to_target=0.057m target_label=prev_repos target_changed=N delta=0.000m
[X-SEQ-PROBE] step=256 x0_box=(-0.00000,-0.00000,+0.04999) x1_box=(-0.01168,-0.00110,+0.02547) x1_box_v=(-0.23502,-0.02352,-0.49050) dt=0.050
[GS] step=256 mode=free switch=kStayInRepos best_k=0 best_src=prev_repos curr_cost=129419.91 repos_cost=220097.94 best_other=220097.94 met_progress=Y steps_since_improve=0 switches=4
[STEP] step=256 mode=free t=2.560s ee=(+0.078,+0.001,+0.087) obj=(-0.000,-0.000,+0.050) goal_dist=0.300m switch=kStayInRepos target=(+0.079,+0.003,+0.047) ee_stride=0.040m ee_to_ptarget=0.057m landing_err=0.0855m ik_ok=Y ik_resid=0.0017m q_max_resid_deg=5.41 target_changed=Y retgt=N held_idx=1 held_cost=220097.94 won_cost=220097.94 margin=+0.00 won_src=prev_repos held_valid=Y reason=hold setpoint_to_ptarget=0.0358m finished_val=0.0569m finished_thresh=0.0200m pd_resid=0.0400m nextwp_to_ptarget=0.0158m guide_terminal_err=0.0000m
[GATE-EVOLVE] step=256 curr=129419.91 best_other=220097.94 ratio=0.5880 ee_to_optimal=0.0034m phi=0.0032m
[DRAKE-CONTACT] step=256 n_pairs=1 ee_box_normal=0.000
[GATE-CONTACT] step=256 F_W=(+0.0000,+0.0000,+0.0000) F_on_box=(-0.0000,-0.0000,-0.0000) n_face_out=(-0.0000,-0.0000,-0.0000) A_is_ee=0 box_q=(+1.00000,+0.00001,-0.00002,-0.00000) box_p=(-0.00000,-0.00000,+0.04999) ee_p=(+0.07816,+0.00118,+0.08683)
[EErel] along_push=-0.078m (neg=correct)  perp=0.001m  ee_to_box=0.078m  stage=3  obj=[-0. -0.]  g_hat=[-1.  0.]
[proxy] err=0.095m  effective=[ 0.167 -0.     0.05 ]
[ADMM-C3+] primal: 5.7461->3.8743  dual: 74.8587->83.4148  mono=False  iters=25/25  rho=25.0
[ADMM-C3+] WARNING non-converged: pr=3.8743 dr=83.4148 tol=1e-03
[C3+] step=1136 |u[0]|=43.37Nm λ_n_max=-0.000 η_n_max=0.740 primal=3.874 iters=25/25
[GS-tgt] step=257 ee=(+0.078,+0.001,+0.083) p_repos=(+0.080,+0.004,+0.030) ee_to_target=0.053m target_label=prev_repos target_changed=N delta=0.000m
[X-SEQ-PROBE] step=257 x0_box=(-0.00000,-0.00000,+0.04999) x1_box=(-0.01168,-0.00110,+0.02547) x1_box_v=(-0.23502,-0.02352,-0.49050) dt=0.050
[GS] step=257 mode=free switch=kStayInRepos best_k=0 best_src=prev_repos curr_cost=129585.94 repos_cost=220050.22 best_other=220050.22 met_progress=Y steps_since_improve=0 switches=4
[STEP] step=257 mode=free t=2.570s ee=(+0.078,+0.001,+0.083) obj=(-0.000,-0.000,+0.050) goal_dist=0.300m switch=kStayInRepos target=(+0.079,+0.003,+0.043) ee_stride=0.040m ee_to_ptarget=0.053m landing_err=0.0855m ik_ok=Y ik_resid=0.0017m q_max_resid_deg=5.41 target_changed=Y retgt=N held_idx=1 held_cost=220050.22 won_cost=220050.22 margin=+0.00 won_src=prev_repos held_valid=Y reason=hold setpoint_to_ptarget=0.0318m finished_val=0.0530m finished_thresh=0.0200m pd_resid=0.0401m nextwp_to_ptarget=0.0118m guide_terminal_err=0.0000m
[GATE-EVOLVE] step=257 curr=129585.94 best_other=220050.22 ratio=0.5889 ee_to_optimal=0.0035m phi=0.0033m
[DRAKE-CONTACT] step=257 n_pairs=1 ee_box_normal=0.000
[GATE-CONTACT] step=257 F_W=(+0.0000,+0.0000,+0.0000) F_on_box=(-0.0000,-0.0000,-0.0000) n_face_out=(-0.0000,-0.0000,-0.0000) A_is_ee=0 box_q=(+1.00000,+0.00001,-0.00002,-0.00000) box_p=(-0.00000,-0.00000,+0.04999) ee_p=(+0.07828,+0.00127,+0.08293)
[EErel] along_push=-0.078m (neg=correct)  perp=0.001m  ee_to_box=0.078m  stage=3  obj=[-0. -0.]  g_hat=[-1.  0.]
[proxy] err=0.094m  effective=[ 0.168 -0.     0.05 ]
[ADMM-C3+] primal: 5.7461->3.8743  dual: 74.8587->83.4148  mono=False  iters=25/25  rho=25.0
[ADMM-C3+] WARNING non-converged: pr=3.8743 dr=83.4148 tol=1e-03
[C3+] step=1139 |u[0]|=43.31Nm λ_n_max=0.000 η_n_max=0.740 primal=3.874 iters=25/25
[GS-tgt] step=258 ee=(+0.078,+0.001,+0.079) p_repos=(+0.080,+0.004,+0.030) ee_to_target=0.049m target_label=prev_repos target_changed=N delta=0.000m
[X-SEQ-PROBE] step=258 x0_box=(-0.00000,-0.00000,+0.04999) x1_box=(-0.01168,-0.00110,+0.02547) x1_box_v=(-0.23502,-0.02352,-0.49050) dt=0.050
[GS] step=258 mode=free switch=kStayInRepos best_k=0 best_src=prev_repos curr_cost=129654.99 repos_cost=219992.23 best_other=219992.23 met_progress=Y steps_since_improve=0 switches=4
[STEP] step=258 mode=free t=2.580s ee=(+0.078,+0.001,+0.079) obj=(-0.000,-0.000,+0.050) goal_dist=0.300m switch=kStayInRepos target=(+0.079,+0.003,+0.039) ee_stride=0.040m ee_to_ptarget=0.049m landing_err=0.0855m ik_ok=Y ik_resid=0.0017m q_max_resid_deg=5.41 target_changed=Y retgt=N held_idx=1 held_cost=219992.23 won_cost=219992.23 margin=+0.00 won_src=prev_repos held_valid=Y reason=hold setpoint_to_ptarget=0.0278m finished_val=0.0491m finished_thresh=0.0200m pd_resid=0.0402m nextwp_to_ptarget=0.0078m guide_terminal_err=0.0000m
[GATE-EVOLVE] step=258 curr=129654.99 best_other=219992.23 ratio=0.5894 ee_to_optimal=0.0037m phi=0.0034m
[DRAKE-CONTACT] step=258 n_pairs=1 ee_box_normal=0.000
[GATE-CONTACT] step=258 F_W=(+0.0000,+0.0000,+0.0000) F_on_box=(-0.0000,-0.0000,-0.0000) n_face_out=(-0.0000,-0.0000,-0.0000) A_is_ee=0 box_q=(+1.00000,+0.00001,-0.00002,-0.00000) box_p=(-0.00000,-0.00000,+0.04999) ee_p=(+0.07839,+0.00135,+0.07902)
[EErel] along_push=-0.078m (neg=correct)  perp=0.001m  ee_to_box=0.078m  stage=3  obj=[-0. -0.]  g_hat=[-1.  0.]
[proxy] err=0.093m  effective=[ 0.168 -0.     0.05 ]
[ADMM-C3+] primal: 5.7461->3.8743  dual: 74.8587->83.4148  mono=False  iters=25/25  rho=25.0
[ADMM-C3+] WARNING non-converged: pr=3.8743 dr=83.4148 tol=1e-03
[C3+] step=1142 |u[0]|=43.22Nm λ_n_max=0.000 η_n_max=0.740 primal=3.874 iters=25/25
[GS-tgt] step=259 ee=(+0.078,+0.001,+0.075) p_repos=(+0.080,+0.004,+0.030) ee_to_target=0.045m target_label=prev_repos target_changed=N delta=0.000m
[X-SEQ-PROBE] step=259 x0_box=(-0.00000,-0.00000,+0.04999) x1_box=(-0.01168,-0.00110,+0.02547) x1_box_v=(-0.23502,-0.02352,-0.49050) dt=0.050
[GS] step=259 mode=free switch=kStayInRepos best_k=0 best_src=prev_repos curr_cost=129806.74 repos_cost=219925.84 best_other=219925.84 met_progress=Y steps_since_improve=0 switches=4
[STEP] step=259 mode=free t=2.590s ee=(+0.078,+0.001,+0.075) obj=(-0.000,-0.000,+0.050) goal_dist=0.300m switch=kStayInRepos target=(+0.079,+0.003,+0.035) ee_stride=0.040m ee_to_ptarget=0.045m landing_err=0.0855m ik_ok=Y ik_resid=0.0017m q_max_resid_deg=5.42 target_changed=Y retgt=N held_idx=1 held_cost=219925.84 won_cost=219925.84 margin=+0.00 won_src=prev_repos held_valid=Y reason=hold setpoint_to_ptarget=0.0238m finished_val=0.0452m finished_thresh=0.0200m pd_resid=0.0403m nextwp_to_ptarget=0.0038m guide_terminal_err=0.0000m
[GATE-EVOLVE] step=259 curr=129806.74 best_other=219925.84 ratio=0.5902 ee_to_optimal=0.0038m phi=0.0035m
[DRAKE-CONTACT] step=259 n_pairs=1 ee_box_normal=0.000
[GATE-CONTACT] step=259 F_W=(+0.0000,+0.0000,+0.0000) F_on_box=(-0.0000,-0.0000,-0.0000) n_face_out=(-0.0000,-0.0000,-0.0000) A_is_ee=0 box_q=(+1.00000,+0.00001,-0.00002,-0.00000) box_p=(-0.00000,-0.00000,+0.04999) ee_p=(+0.07848,+0.00142,+0.07510)
[EErel] along_push=-0.079m (neg=correct)  perp=0.001m  ee_to_box=0.079m  stage=3  obj=[-0. -0.]  g_hat=[-1.  0.]
[proxy] err=0.092m  effective=[ 0.168 -0.     0.05 ]
[ADMM-C3+] primal: 5.7461->3.8743  dual: 74.8587->83.4148  mono=False  iters=25/25  rho=25.0
[ADMM-C3+] WARNING non-converged: pr=3.8743 dr=83.4148 tol=1e-03
[C3+] step=1145 |u[0]|=43.13Nm λ_n_max=0.000 η_n_max=0.740 primal=3.874 iters=25/25
[GS-tgt] step=260 ee=(+0.079,+0.001,+0.071) p_repos=(+0.080,+0.004,+0.030) ee_to_target=0.041m target_label=prev_repos target_changed=N delta=0.000m
[X-SEQ-PROBE] step=260 x0_box=(-0.00000,-0.00000,+0.04999) x1_box=(-0.01168,-0.00110,+0.02547) x1_box_v=(-0.23502,-0.02352,-0.49050) dt=0.050
[IMP] step=260 mode=free |x_err|=0.0402m |tau_imp|=0.94Nm |tau_ff|=0.00Nm |tau_out|=0.94Nm sat=False lam_n=False lam_t=False
[GS] step=260 mode=free switch=kStayInRepos best_k=0 best_src=prev_repos curr_cost=129919.15 repos_cost=219852.58 best_other=219852.58 met_progress=Y steps_since_improve=0 switches=4
[STEP] step=260 mode=free t=2.600s ee=(+0.079,+0.001,+0.071) obj=(-0.000,-0.000,+0.050) goal_dist=0.300m switch=kStayInRepos target=(+0.079,+0.003,+0.031) ee_stride=0.040m ee_to_ptarget=0.041m landing_err=0.0855m ik_ok=Y ik_resid=0.0017m q_max_resid_deg=5.40 target_changed=Y retgt=N held_idx=1 held_cost=219852.58 won_cost=219852.58 margin=+0.00 won_src=prev_repos held_valid=Y reason=hold setpoint_to_ptarget=0.0198m finished_val=0.0412m finished_thresh=0.0200m pd_resid=0.0402m nextwp_to_ptarget=0.0000m guide_terminal_err=0.0000m
[GATE-EVOLVE] step=260 curr=129919.15 best_other=219852.58 ratio=0.5909 ee_to_optimal=0.0039m phi=0.0036m
[GS-table] step=260
  k=0 (current   ) pos=(+0.079,+0.001,+0.071) c_C3= 159919.15 align=1.0000(bonus=30000.00) rot=+0.0000(bonus=    0.00) travel=0.000m(pen=  0.00) c_sample= 129919.15 feas=Y ik_err=0.0000m  ← WIN
  k=1 (prev_repos) pos=(+0.080,+0.004,+0.030) c_C3= 249844.33 align=1.0000(bonus=30000.00) rot=+0.0000(bonus=    0.00) travel=0.041m(pen=  8.25) c_sample= 219852.58 feas=Y ik_err=0.0001m
  k=2 (strat_0   ) pos=(-0.080,+0.002,+0.030) c_C3= 248360.39 align=0.0000(bonus=    0.00) rot=+0.0000(bonus=    0.00) travel=0.164m(pen= 32.76) c_sample= 248393.15 feas=Y ik_err=0.0001m
[DRAKE-CONTACT] step=260 n_pairs=1 ee_box_normal=0.000
[GATE-CONTACT] step=260 F_W=(+0.0000,+0.0000,+0.0000) F_on_box=(-0.0000,-0.0000,-0.0000) n_face_out=(-0.0000,-0.0000,-0.0000) A_is_ee=0 box_q=(+1.00000,+0.00001,-0.00002,-0.00000) box_p=(-0.00000,-0.00000,+0.04999) ee_p=(+0.07856,+0.00148,+0.07116)
[EErel] along_push=-0.079m (neg=correct)  perp=0.002m  ee_to_box=0.079m  stage=3  obj=[-0. -0.]  g_hat=[-1.  0.]
[proxy] err=0.091m  effective=[ 0.168 -0.     0.05 ]
[ADMM-C3+] primal: 5.7461->3.8743  dual: 74.8587->83.4148  mono=False  iters=25/25  rho=25.0
[ADMM-C3+] WARNING non-converged: pr=3.8743 dr=83.4148 tol=1e-03
[C3+] step=1148 |u[0]|=43.06Nm λ_n_max=0.000 η_n_max=0.740 primal=3.874 iters=25/25
[GS-tgt] step=261 ee=(+0.079,+0.002,+0.067) p_repos=(+0.080,+0.004,+0.030) ee_to_target=0.037m target_label=prev_repos target_changed=N delta=0.000m
[X-SEQ-PROBE] step=261 x0_box=(-0.00000,-0.00000,+0.04999) x1_box=(-0.01168,-0.00110,+0.02547) x1_box_v=(-0.23502,-0.02352,-0.49050) dt=0.050
[GS] step=261 mode=free switch=kStayInRepos best_k=0 best_src=prev_repos curr_cost=130075.81 repos_cost=219741.03 best_other=219741.03 met_progress=Y steps_since_improve=0 switches=4
[STEP] step=261 mode=free t=2.610s ee=(+0.079,+0.002,+0.067) obj=(-0.000,-0.000,+0.050) goal_dist=0.300m switch=kStayInRepos target=(+0.079,+0.003,+0.031) ee_stride=0.036m ee_to_ptarget=0.037m landing_err=0.0855m ik_ok=Y ik_resid=0.0017m q_max_resid_deg=4.86 target_changed=N retgt=N held_idx=1 held_cost=219741.03 won_cost=219741.03 margin=+0.00 won_src=prev_repos held_valid=Y reason=hold setpoint_to_ptarget=0.0158m finished_val=0.0373m finished_thresh=0.0200m pd_resid=0.0362m nextwp_to_ptarget=0.0000m guide_terminal_err=0.0000m
[GATE-EVOLVE] step=261 curr=130075.81 best_other=219741.03 ratio=0.5920 ee_to_optimal=0.0039m phi=0.0036m
[DRAKE-CONTACT] step=261 n_pairs=1 ee_box_normal=0.000
[GATE-CONTACT] step=261 F_W=(+0.0000,+0.0000,+0.0000) F_on_box=(-0.0000,-0.0000,-0.0000) n_face_out=(-0.0000,-0.0000,-0.0000) A_is_ee=0 box_q=(+1.00000,+0.00001,-0.00002,-0.00000) box_p=(-0.00000,-0.00000,+0.04999) ee_p=(+0.07862,+0.00153,+0.06722)
[EErel] along_push=-0.079m (neg=correct)  perp=0.002m  ee_to_box=0.079m  stage=3  obj=[-0. -0.]  g_hat=[-1.  0.]
[proxy] err=0.090m  effective=[ 0.168 -0.     0.05 ]
[ADMM-C3+] primal: 5.7461->3.8743  dual: 74.8587->83.4148  mono=False  iters=25/25  rho=25.0
[ADMM-C3+] WARNING non-converged: pr=3.8743 dr=83.4148 tol=1e-03
[C3+] step=1151 |u[0]|=42.94Nm λ_n_max=0.000 η_n_max=0.740 primal=3.874 iters=25/25
[GS-tgt] step=262 ee=(+0.079,+0.002,+0.063) p_repos=(+0.080,+0.004,+0.030) ee_to_target=0.033m target_label=prev_repos target_changed=N delta=0.000m
[X-SEQ-PROBE] step=262 x0_box=(-0.00000,-0.00000,+0.04999) x1_box=(-0.01168,-0.00110,+0.02547) x1_box_v=(-0.23502,-0.02352,-0.49050) dt=0.050
[GS] step=262 mode=free switch=kStayInRepos best_k=0 best_src=prev_repos curr_cost=130078.59 repos_cost=218919.28 best_other=218919.28 met_progress=Y steps_since_improve=0 switches=4
[STEP] step=262 mode=free t=2.620s ee=(+0.079,+0.002,+0.063) obj=(-0.000,-0.000,+0.050) goal_dist=0.300m switch=kStayInRepos target=(+0.079,+0.003,+0.031) ee_stride=0.032m ee_to_ptarget=0.033m landing_err=0.0855m ik_ok=Y ik_resid=0.0017m q_max_resid_deg=4.32 target_changed=N retgt=N held_idx=1 held_cost=218919.28 won_cost=218919.28 margin=+0.00 won_src=prev_repos held_valid=Y reason=hold setpoint_to_ptarget=0.0118m finished_val=0.0334m finished_thresh=0.0200m pd_resid=0.0324m nextwp_to_ptarget=0.0000m guide_terminal_err=0.0000m
[GATE-EVOLVE] step=262 curr=130078.59 best_other=218919.28 ratio=0.5942 ee_to_optimal=0.0040m phi=0.0037m
[DRAKE-CONTACT] step=262 n_pairs=1 ee_box_normal=0.000
[GATE-CONTACT] step=262 F_W=(+0.0000,+0.0000,+0.0000) F_on_box=(-0.0000,-0.0000,-0.0000) n_face_out=(-0.0000,-0.0000,-0.0000) A_is_ee=0 box_q=(+1.00000,+0.00001,-0.00002,-0.00000) box_p=(-0.00000,-0.00000,+0.04999) ee_p=(+0.07868,+0.00157,+0.06336)
[EErel] along_push=-0.079m (neg=correct)  perp=0.002m  ee_to_box=0.079m  stage=3  obj=[-0. -0.]  g_hat=[-1.  0.]
[proxy] err=0.090m  effective=[ 0.168 -0.     0.05 ]
[ADMM-C3+] primal: 5.7461->3.8743  dual: 74.8587->83.4148  mono=False  iters=25/25  rho=25.0
[ADMM-C3+] WARNING non-converged: pr=3.8743 dr=83.4148 tol=1e-03
[C3+] step=1154 |u[0]|=42.49Nm λ_n_max=0.000 η_n_max=0.740 primal=3.874 iters=25/25
[GS-tgt] step=263 ee=(+0.079,+0.002,+0.060) p_repos=(+0.080,+0.004,+0.030) ee_to_target=0.030m target_label=prev_repos target_changed=N delta=0.000m
[X-SEQ-PROBE] step=263 x0_box=(-0.00000,-0.00000,+0.04999) x1_box=(-0.01168,-0.00110,+0.02547) x1_box_v=(-0.23502,-0.02352,-0.49050) dt=0.050
[GS] step=263 mode=free switch=kStayInRepos best_k=0 best_src=prev_repos curr_cost=129894.11 repos_cost=217669.65 best_other=217669.65 met_progress=Y steps_since_improve=0 switches=4
[STEP] step=263 mode=free t=2.630s ee=(+0.079,+0.002,+0.060) obj=(-0.000,-0.000,+0.050) goal_dist=0.300m switch=kStayInRepos target=(+0.079,+0.003,+0.031) ee_stride=0.029m ee_to_ptarget=0.030m landing_err=0.0855m ik_ok=Y ik_resid=0.0017m q_max_resid_deg=3.82 target_changed=N retgt=N held_idx=1 held_cost=217669.65 won_cost=217669.65 margin=+0.00 won_src=prev_repos held_valid=Y reason=hold setpoint_to_ptarget=0.0078m finished_val=0.0298m finished_thresh=0.0200m pd_resid=0.0287m nextwp_to_ptarget=0.0000m guide_terminal_err=0.0000m
[GATE-EVOLVE] step=263 curr=129894.11 best_other=217669.65 ratio=0.5967 ee_to_optimal=0.0041m phi=0.0037m
[DRAKE-CONTACT] step=263 n_pairs=1 ee_box_normal=0.000
[GATE-CONTACT] step=263 F_W=(+0.0000,+0.0000,+0.0000) F_on_box=(-0.0000,-0.0000,-0.0000) n_face_out=(-0.0000,-0.0000,-0.0000) A_is_ee=0 box_q=(+1.00000,+0.00001,-0.00002,-0.00000) box_p=(-0.00000,-0.00000,+0.04999) ee_p=(+0.07873,+0.00163,+0.05970)
[EErel] along_push=-0.079m (neg=correct)  perp=0.002m  ee_to_box=0.079m  stage=3  obj=[-0. -0.]  g_hat=[-1.  0.]
[proxy] err=0.090m  effective=[ 0.168 -0.     0.05 ]
[ADMM-C3+] primal: 5.7461->3.8743  dual: 74.8587->83.4148  mono=False  iters=25/25  rho=25.0
[ADMM-C3+] WARNING non-converged: pr=3.8743 dr=83.4148 tol=1e-03
[C3+] step=1157 |u[0]|=41.85Nm λ_n_max=0.000 η_n_max=0.740 primal=3.874 iters=25/25
[GS-tgt] step=264 ee=(+0.079,+0.002,+0.056) p_repos=(+0.080,+0.004,+0.030) ee_to_target=0.026m target_label=prev_repos target_changed=N delta=0.000m
[X-SEQ-PROBE] step=264 x0_box=(-0.00000,-0.00000,+0.04999) x1_box=(-0.01168,-0.00110,+0.02547) x1_box_v=(-0.23502,-0.02352,-0.49050) dt=0.050
[GS] step=264 mode=free switch=kStayInRepos best_k=0 best_src=prev_repos curr_cost=129711.27 repos_cost=216193.32 best_other=216193.32 met_progress=Y steps_since_improve=0 switches=4
[STEP] step=264 mode=free t=2.640s ee=(+0.079,+0.002,+0.056) obj=(-0.000,-0.000,+0.050) goal_dist=0.300m switch=kStayInRepos target=(+0.079,+0.003,+0.031) ee_stride=0.025m ee_to_ptarget=0.026m landing_err=0.0855m ik_ok=Y ik_resid=0.0017m q_max_resid_deg=3.35 target_changed=N retgt=N held_idx=1 held_cost=216193.32 won_cost=216193.32 margin=+0.00 won_src=prev_repos held_valid=Y reason=hold setpoint_to_ptarget=0.0038m finished_val=0.0264m finished_thresh=0.0200m pd_resid=0.0253m nextwp_to_ptarget=0.0000m guide_terminal_err=0.0000m
[GATE-EVOLVE] step=264 curr=129711.27 best_other=216193.32 ratio=0.6000 ee_to_optimal=0.0041m phi=0.0038m
[DRAKE-CONTACT] step=264 n_pairs=1 ee_box_normal=0.000
[GATE-CONTACT] step=264 F_W=(+0.0000,+0.0000,+0.0000) F_on_box=(-0.0000,-0.0000,-0.0000) n_face_out=(-0.0000,-0.0000,-0.0000) A_is_ee=0 box_q=(+1.00000,+0.00001,-0.00002,-0.00000) box_p=(-0.00000,-0.00000,+0.04999) ee_p=(+0.07877,+0.00170,+0.05629)
[EErel] along_push=-0.079m (neg=correct)  perp=0.002m  ee_to_box=0.079m  stage=3  obj=[-0. -0.]  g_hat=[-1.  0.]
[proxy] err=0.090m  effective=[ 0.168 -0.     0.05 ]
[ADMM-C3+] primal: 5.7461->3.8743  dual: 74.8587->83.4147  mono=False  iters=25/25  rho=25.0
[ADMM-C3+] WARNING non-converged: pr=3.8743 dr=83.4147 tol=1e-03
[C3+] step=1160 |u[0]|=41.24Nm λ_n_max=0.000 η_n_max=0.740 primal=3.874 iters=25/25
[GS-tgt] step=265 ee=(+0.079,+0.002,+0.053) p_repos=(+0.080,+0.004,+0.030) ee_to_target=0.023m target_label=prev_repos target_changed=N delta=0.000m
[X-SEQ-PROBE] step=265 x0_box=(-0.00000,-0.00000,+0.04999) x1_box=(-0.01168,-0.00110,+0.02547) x1_box_v=(-0.23502,-0.02352,-0.49050) dt=0.050
[GS] step=265 mode=free switch=kStayInRepos best_k=0 best_src=prev_repos curr_cost=129551.80 repos_cost=214629.79 best_other=214629.79 met_progress=Y steps_since_improve=0 switches=4
[STEP] step=265 mode=free t=2.650s ee=(+0.079,+0.002,+0.053) obj=(-0.000,-0.000,+0.050) goal_dist=0.300m switch=kStayInRepos target=(+0.079,+0.003,+0.031) ee_stride=0.022m ee_to_ptarget=0.023m landing_err=0.0855m ik_ok=Y ik_resid=0.0017m q_max_resid_deg=2.92 target_changed=N retgt=N held_idx=1 held_cost=214629.79 won_cost=214629.79 margin=+0.00 won_src=prev_repos held_valid=Y reason=hold setpoint_to_ptarget=0.0000m finished_val=0.0233m finished_thresh=0.0200m pd_resid=0.0222m nextwp_to_ptarget=0.0000m guide_terminal_err=0.0000m
[GATE-EVOLVE] step=265 curr=129551.80 best_other=214629.79 ratio=0.6036 ee_to_optimal=0.0042m phi=0.0038m
[DRAKE-CONTACT] step=265 n_pairs=1 ee_box_normal=0.000
[GATE-CONTACT] step=265 F_W=(+0.0000,+0.0000,+0.0000) F_on_box=(-0.0000,-0.0000,-0.0000) n_face_out=(-0.0000,-0.0000,-0.0000) A_is_ee=0 box_q=(+1.00000,+0.00001,-0.00002,-0.00000) box_p=(-0.00000,-0.00000,+0.04999) ee_p=(+0.07880,+0.00177,+0.05318)
[EErel] along_push=-0.079m (neg=correct)  perp=0.002m  ee_to_box=0.079m  stage=3  obj=[-0. -0.]  g_hat=[-1.  0.]
[proxy] err=0.089m  effective=[ 0.168 -0.     0.05 ]
[ADMM-C3+] primal: 5.7461->3.8743  dual: 74.8587->83.4148  mono=False  iters=25/25  rho=25.0
[ADMM-C3+] WARNING non-converged: pr=3.8743 dr=83.4148 tol=1e-03
[C3+] step=1163 |u[0]|=40.68Nm λ_n_max=0.000 η_n_max=0.740 primal=3.874 iters=25/25
[GS-tgt] step=266 ee=(+0.079,+0.002,+0.050) p_repos=(+0.080,+0.004,+0.030) ee_to_target=0.020m target_label=prev_repos target_changed=N delta=0.000m
[X-SEQ-PROBE] step=266 x0_box=(-0.00000,-0.00000,+0.04999) x1_box=(-0.01168,-0.00110,+0.02547) x1_box_v=(-0.23502,-0.02352,-0.49050) dt=0.050
[GS] step=266 mode=free switch=kStayInRepos best_k=0 best_src=prev_repos curr_cost=129307.83 repos_cost=212926.12 best_other=212926.12 met_progress=Y steps_since_improve=0 switches=4
[STEP] step=266 mode=free t=2.660s ee=(+0.079,+0.002,+0.050) obj=(-0.000,-0.000,+0.050) goal_dist=0.300m switch=kStayInRepos target=(+0.079,+0.003,+0.031) ee_stride=0.019m ee_to_ptarget=0.020m landing_err=0.0855m ik_ok=Y ik_resid=0.0017m q_max_resid_deg=2.53 target_changed=N retgt=N held_idx=1 held_cost=212926.12 won_cost=212926.12 margin=+0.00 won_src=prev_repos held_valid=Y reason=hold setpoint_to_ptarget=0.0000m finished_val=0.0205m finished_thresh=0.0200m pd_resid=0.0194m nextwp_to_ptarget=0.0000m guide_terminal_err=0.0000m
[GATE-EVOLVE] step=266 curr=129307.83 best_other=212926.12 ratio=0.6073 ee_to_optimal=0.0043m phi=0.0038m
[DRAKE-CONTACT] step=266 n_pairs=1 ee_box_normal=0.000
[GATE-CONTACT] step=266 F_W=(+0.0000,+0.0000,+0.0000) F_on_box=(-0.0000,-0.0000,-0.0000) n_face_out=(-0.0000,-0.0000,-0.0000) A_is_ee=0 box_q=(+1.00000,+0.00001,-0.00002,-0.00000) box_p=(-0.00000,-0.00000,+0.04999) ee_p=(+0.07883,+0.00185,+0.05038)
[EErel] along_push=-0.079m (neg=correct)  perp=0.002m  ee_to_box=0.079m  stage=3  obj=[-0. -0.]  g_hat=[-1.  0.]
[proxy] err=0.090m  effective=[ 0.168 -0.     0.05 ]
[ADMM-C3+] primal: 5.7461->3.8743  dual: 74.8587->83.4148  mono=False  iters=25/25  rho=25.0
[ADMM-C3+] WARNING non-converged: pr=3.8743 dr=83.4148 tol=1e-03
[C3+] step=1166 |u[0]|=40.20Nm λ_n_max=0.000 η_n_max=0.740 primal=3.874 iters=25/25
[GS-tgt] step=267 ee=(+0.079,+0.002,+0.048) p_repos=(+0.080,+0.004,+0.030) ee_to_target=0.018m target_label=prev_repos target_changed=N delta=0.000m
[X-SEQ-PROBE] step=267 x0_box=(-0.00000,-0.00000,+0.04999) x1_box=(-0.01168,-0.00110,+0.02547) x1_box_v=(-0.23502,-0.02352,-0.49050) dt=0.050
[GS] step=267 mode=free switch=kStayInRepos best_k=0 best_src=prev_repos curr_cost=129137.72 repos_cost=211458.51 best_other=211458.51 met_progress=Y steps_since_improve=0 switches=4
[STEP] step=267 mode=free t=2.670s ee=(+0.079,+0.002,+0.048) obj=(-0.000,-0.000,+0.050) goal_dist=0.300m switch=kStayInRepos target=(+0.079,+0.003,+0.031) ee_stride=0.017m ee_to_ptarget=0.018m landing_err=0.0855m ik_ok=Y ik_resid=0.0017m q_max_resid_deg=2.19 target_changed=N retgt=N held_idx=1 held_cost=211458.51 won_cost=211458.51 margin=+0.00 won_src=prev_repos held_valid=Y reason=hold setpoint_to_ptarget=0.0000m finished_val=0.0180m finished_thresh=0.0200m pd_resid=0.0169m nextwp_to_ptarget=0.0000m guide_terminal_err=0.0000m
[GATE-EVOLVE] step=267 curr=129137.72 best_other=211458.51 ratio=0.6107 ee_to_optimal=0.0043m phi=0.0039m
[DRAKE-CONTACT] step=267 n_pairs=1 ee_box_normal=0.000
[GATE-CONTACT] step=267 F_W=(+0.0000,+0.0000,+0.0000) F_on_box=(-0.0000,-0.0000,-0.0000) n_face_out=(-0.0000,-0.0000,-0.0000) A_is_ee=0 box_q=(+1.00000,+0.00001,-0.00002,-0.00000) box_p=(-0.00000,-0.00000,+0.04999) ee_p=(+0.07886,+0.00193,+0.04787)
[PERSIST] step=268 refresh n_strategy=1 samples=[(-0.08, -0.0193, 0.03)]
[EErel] along_push=-0.079m (neg=correct)  perp=0.002m  ee_to_box=0.079m  stage=3  obj=[-0. -0.]  g_hat=[-1.  0.]
[proxy] err=0.090m  effective=[ 0.168 -0.     0.05 ]
[ADMM-C3+] primal: 5.7461->3.8743  dual: 74.8587->83.4147  mono=False  iters=25/25  rho=25.0
[ADMM-C3+] WARNING non-converged: pr=3.8743 dr=83.4147 tol=1e-03
[C3+] step=1169 |u[0]|=39.77Nm λ_n_max=0.000 η_n_max=0.740 primal=3.874 iters=25/25
[IK-LANDING] step=268
  --- Target ---
  p_repos                        = [+0.0800, +0.0035, +0.0300]
  p_box                          = [-0.0000, -0.0000, +0.0500]
  g_hat                          = [-1.0000, +0.0000]
  conceptual contact pt on box   = [+0.0500, -0.0000, +0.0500]
  --- Actual EE landing ---
  p_ee_actual                    = [+0.0789, +0.0020, +0.0456]
  --- Errors ---
  ||p_ee_actual - p_repos||      =   15.76 mm  ← IK convergence error
  ||p_ee_actual - face_contact|| =   29.28 mm  ← Total reach error to box face
  φ (Drake signed distance)      =    3.88 mm
  φ < 20 mm threshold?           = Y
[IK-SOLVE] step=268
  IK target body name:    pusher
  IK target position:     [+0.0800, +0.0035, +0.0300]
  IK solver status:       success
  Solved q*:              [0.7144, 0.9904, 0.6614, -2.0193, -0.1462, 3.0305, 0.785]
  Cartesian position of target body at q*: [+0.0790, +0.0025, +0.0310]
  ||target_body_position - p_target||:    1.73 mm
[BODY-VS-CONTACT] step=268
  IK target body position (world):       [+0.0789, +0.0020, +0.0456]
  Pusher contact point (witness, world): [+0.0539, +0.0020, +0.0456]
  Offset (contact - body) in world:      [-0.0250, +0.0000, -0.0000]
  Offset projected onto g_hat:             25.00 mm
[EErel] along_push=-0.079m (neg=correct)  perp=0.002m  ee_to_box=0.079m  stage=3  obj=[-0. -0.]  g_hat=[-1.  0.]
[proxy] err=0.090m  effective=[ 0.168 -0.     0.05 ]
[ADMM-C3+] primal: 5.7461->3.8743  dual: 74.8587->83.4147  mono=False  iters=25/25  rho=25.0
[ADMM-C3+] WARNING non-converged: pr=3.8743 dr=83.4147 tol=1e-03
[C3+] step=1172 |u[0]|=29.39Nm λ_n_max=0.000 η_n_max=0.740 primal=3.874 iters=25/25
[CONTACT-RUN] step=268 nhat_BA_W=[+0.000,+0.000,+0.000] p_BCb=[+0.000,+0.000,+0.000] distance=+1.00000 contact_type=NONE
[X-SEQ-PROBE] step=268 x0_box=(-0.00000,-0.00000,+0.04999) x1_box=(-0.00015,-0.00042,+0.02547) x1_box_v=(-0.00147,-0.00698,-0.49050) dt=0.050
[APPROACH-OVERRIDE] step=268 phase=A_lift_trav face_axis=0 face_sign=+1 face_score=+1.000 surf_dist=0.0043m advance=0.0023m target=(+0.1000,-0.0000,+0.1350) p_ee_des=(+0.0794,+0.0020,+0.0479)
[VFF] step=268 mode=c3 alpha=0.000 v_des=(+0.0000,+0.0000,+0.0000) |v_des|=0.0000 sat=0 util_max=0.436@j1
[OSC-FORCE] step=268 mode=c3 lam_des=2.000 lam_ext=2.000
[GS] step=268 mode=c3 switch=kToC3ReachedReposTarget best_k=0 best_src=current curr_cost=128914.90 repos_cost=- best_other=235470.64 met_progress=Y steps_since_improve=0 switches=5
[STEP] step=268 mode=c3 t=2.680s ee=(+0.079,+0.002,+0.046) obj=(-0.000,-0.000,+0.050) goal_dist=0.300m switch=kToC3ReachedReposTarget c3_cost=128914.90 lam_n=0.000 lam_t=0.000 contact=N productive=N f_cmd=(+2.00,-0.00,-0.00)
[GATE-EVOLVE] step=268 curr=128914.90 best_other=235470.64 ratio=0.5475 ee_to_optimal=0.0044m phi=0.0039m
[DRAKE-CONTACT] step=268 n_pairs=1 ee_box_normal=0.000
[GATE-CONTACT] step=268 F_W=(+0.0000,+0.0000,+0.0000) F_on_box=(-0.0000,-0.0000,-0.0000) n_face_out=(-0.0000,-0.0000,-0.0000) A_is_ee=0 box_q=(+1.00000,+0.00001,-0.00002,-0.00000) box_p=(-0.00000,-0.00000,+0.04999) ee_p=(+0.07888,+0.00200,+0.04565)
[PERSIST] step=269 refresh n_strategy=3 samples=[(0.08, 0.0054, 0.03), (0.004, 0.08, 0.03), (0.08, -0.0028, 0.03)]
[EErel] along_push=-0.079m (neg=correct)  perp=0.002m  ee_to_box=0.079m  stage=3  obj=[-0. -0.]  g_hat=[-1.  0.]
[proxy] err=0.090m  effective=[ 0.168 -0.     0.05 ]
[ADMM-C3+] primal: 5.7461->3.8743  dual: 74.8587->83.4147  mono=False  iters=25/25  rho=25.0
[ADMM-C3+] WARNING non-converged: pr=3.8743 dr=83.4147 tol=1e-03
[C3+] step=1173 |u[0]|=38.79Nm λ_n_max=0.000 η_n_max=0.740 primal=3.874 iters=25/25
[EErel] along_push=-0.079m (neg=correct)  perp=0.002m  ee_to_box=0.079m  stage=3  obj=[-0. -0.]  g_hat=[-1.  0.]
[proxy] err=0.090m  effective=[ 0.168 -0.     0.05 ]
[ADMM-C3+] primal: 5.7461->3.8743  dual: 74.8587->83.4147  mono=False  iters=25/25  rho=25.0
[ADMM-C3+] WARNING non-converged: pr=3.8743 dr=83.4147 tol=1e-03
[C3+] step=1178 |u[0]|=25.09Nm λ_n_max=0.000 η_n_max=0.740 primal=3.874 iters=25/25
[CONTACT-RUN] step=269 nhat_BA_W=[+0.000,+0.000,+0.000] p_BCb=[+0.000,+0.000,+0.000] distance=+1.00000 contact_type=NONE
[X-SEQ-PROBE] step=269 x0_box=(-0.00000,-0.00000,+0.04999) x1_box=(-0.00015,-0.00042,+0.02547) x1_box_v=(-0.00147,-0.00698,-0.49050) dt=0.050
[APPROACH-OVERRIDE] step=269 phase=A_lift_trav face_axis=0 face_sign=+1 face_score=+1.000 surf_dist=0.0046m advance=0.0026m target=(+0.1000,-0.0000,+0.1350) p_ee_des=(+0.0794,+0.0020,+0.0465)
[VFF] step=269 mode=c3 alpha=0.000 v_des=(+0.0000,+0.0000,+0.0000) |v_des|=0.0000 sat=0 util_max=0.286@j1
[OSC-FORCE] step=269 mode=c3 lam_des=2.000 lam_ext=2.000
[GS] step=269 mode=c3 switch=kStayInC3 best_k=0 best_src=current curr_cost=128307.67 repos_cost=- best_other=205087.64 met_progress=Y steps_since_improve=0 switches=5
[STEP] step=269 mode=c3 t=2.690s ee=(+0.079,+0.002,+0.044) obj=(-0.000,-0.000,+0.050) goal_dist=0.300m switch=kStayInC3 c3_cost=128307.67 lam_n=0.000 lam_t=0.000 contact=N productive=N f_cmd=(+2.00,-0.00,-0.00)
[GATE-EVOLVE] step=269 curr=128307.67 best_other=205087.64 ratio=0.6256 ee_to_optimal=0.0044m phi=0.0039m
[DRAKE-CONTACT] step=269 n_pairs=1 ee_box_normal=0.000
[GATE-CONTACT] step=269 F_W=(+0.0000,+0.0000,+0.0000) F_on_box=(-0.0000,-0.0000,-0.0000) n_face_out=(-0.0000,-0.0000,-0.0000) A_is_ee=0 box_q=(+1.00000,+0.00001,-0.00002,-0.00000) box_p=(-0.00000,-0.00000,+0.04999) ee_p=(+0.07887,+0.00209,+0.04403)
[EErel] along_push=-0.079m (neg=correct)  perp=0.002m  ee_to_box=0.079m  stage=3  obj=[-0. -0.]  g_hat=[-1.  0.]
[proxy] err=0.090m  effective=[ 0.168 -0.     0.05 ]
[ADMM-C3+] primal: 5.7461->3.8743  dual: 74.8587->83.4147  mono=False  iters=25/25  rho=25.0
[ADMM-C3+] WARNING non-converged: pr=3.8743 dr=83.4147 tol=1e-03
[C3+] step=1179 |u[0]|=38.30Nm λ_n_max=-0.000 η_n_max=0.740 primal=3.874 iters=25/25
[EErel] along_push=-0.079m (neg=correct)  perp=0.002m  ee_to_box=0.079m  stage=3  obj=[-0. -0.]  g_hat=[-1.  0.]
[proxy] err=0.090m  effective=[ 0.168 -0.     0.05 ]
[ADMM-C3+] primal: 5.7461->3.8743  dual: 74.8587->83.4147  mono=False  iters=25/25  rho=25.0
[ADMM-C3+] WARNING non-converged: pr=3.8743 dr=83.4147 tol=1e-03
[C3+] step=1184 |u[0]|=26.82Nm λ_n_max=0.000 η_n_max=0.740 primal=3.874 iters=25/25
[CONTACT-RUN] step=270 nhat_BA_W=[+0.000,+0.000,+0.000] p_BCb=[+0.000,+0.000,+0.000] distance=+1.00000 contact_type=NONE
[X-SEQ-PROBE] step=270 x0_box=(-0.00000,-0.00000,+0.04999) x1_box=(-0.00015,-0.00042,+0.02547) x1_box_v=(-0.00147,-0.00698,-0.49050) dt=0.050
[APPROACH-OVERRIDE] step=270 phase=A_lift_trav face_axis=0 face_sign=+1 face_score=+1.000 surf_dist=0.0047m advance=0.0027m target=(+0.1000,-0.0000,+0.1350) p_ee_des=(+0.0794,+0.0021,+0.0457)
[VFF] step=270 mode=c3 alpha=0.000 v_des=(+0.0000,+0.0000,+0.0000) |v_des|=0.0000 sat=0 util_max=0.187@j1
[OSC-FORCE] step=270 mode=c3 lam_des=2.000 lam_ext=2.000
[IMP] step=270 mode=c3 |x_err|=0.0027m |tau_imp|=17.63Nm |tau_ff|=1.20Nm |tau_out|=17.63Nm sat=False lam_n=True lam_t=True
[GS] step=270 mode=c3 switch=kStayInC3 best_k=0 best_src=current curr_cost=128032.95 repos_cost=- best_other=202164.92 met_progress=Y steps_since_improve=0 switches=5
[STEP] step=270 mode=c3 t=2.700s ee=(+0.079,+0.002,+0.043) obj=(-0.000,-0.000,+0.050) goal_dist=0.300m switch=kStayInC3 c3_cost=128032.95 lam_n=0.000 lam_t=0.000 contact=N productive=N f_cmd=(+2.00,-0.00,-0.00)
[GATE-EVOLVE] step=270 curr=128032.95 best_other=202164.92 ratio=0.6333 ee_to_optimal=0.0044m phi=0.0038m
[DRAKE-CONTACT] step=270 n_pairs=1 ee_box_normal=0.000
[GATE-CONTACT] step=270 F_W=(+0.0000,+0.0000,+0.0000) F_on_box=(-0.0000,-0.0000,-0.0000) n_face_out=(-0.0000,-0.0000,-0.0000) A_is_ee=0 box_q=(+1.00000,+0.00001,-0.00002,-0.00000) box_p=(-0.00000,-0.00000,+0.04999) ee_p=(+0.07882,+0.00217,+0.04311)
[EErel] along_push=-0.079m (neg=correct)  perp=0.002m  ee_to_box=0.079m  stage=3  obj=[-0. -0.]  g_hat=[-1.  0.]
[proxy] err=0.090m  effective=[ 0.168 -0.     0.05 ]
[ADMM-C3+] primal: 5.7461->3.8743  dual: 74.8587->83.4147  mono=False  iters=25/25  rho=25.0
[ADMM-C3+] WARNING non-converged: pr=3.8743 dr=83.4147 tol=1e-03
[C3+] step=1185 |u[0]|=37.97Nm λ_n_max=-0.000 η_n_max=0.740 primal=3.874 iters=25/25
[EErel] along_push=-0.079m (neg=correct)  perp=0.002m  ee_to_box=0.079m  stage=3  obj=[-0. -0.]  g_hat=[-1.  0.]
[proxy] err=0.090m  effective=[ 0.168 -0.     0.05 ]
[ADMM-C3+] primal: 5.7461->3.8743  dual: 74.8587->83.4147  mono=False  iters=25/25  rho=25.0
[ADMM-C3+] WARNING non-converged: pr=3.8743 dr=83.4147 tol=1e-03
[C3+] step=1190 |u[0]|=22.97Nm λ_n_max=0.000 η_n_max=0.740 primal=3.874 iters=25/25
[CONTACT-RUN] step=271 nhat_BA_W=[+0.000,+0.000,+0.000] p_BCb=[+0.000,+0.000,+0.000] distance=+1.00000 contact_type=NONE
[X-SEQ-PROBE] step=271 x0_box=(-0.00000,-0.00000,+0.04999) x1_box=(-0.00015,-0.00042,+0.02547) x1_box_v=(-0.00147,-0.00698,-0.49050) dt=0.050
[APPROACH-OVERRIDE] step=271 phase=A_lift_trav face_axis=0 face_sign=+1 face_score=+1.000 surf_dist=0.0048m advance=0.0028m target=(+0.1000,-0.0000,+0.1350) p_ee_des=(+0.0794,+0.0022,+0.0453)
[VFF] step=271 mode=c3 alpha=0.000 v_des=(+0.0000,+0.0000,+0.0000) |v_des|=0.0000 sat=0 util_max=0.122@j1
[OSC-FORCE] step=271 mode=c3 lam_des=2.000 lam_ext=2.000
[GS] step=271 mode=c3 switch=kStayInC3 best_k=0 best_src=current curr_cost=127680.26 repos_cost=- best_other=200588.67 met_progress=Y steps_since_improve=0 switches=5
[STEP] step=271 mode=c3 t=2.710s ee=(+0.079,+0.002,+0.043) obj=(-0.000,-0.000,+0.050) goal_dist=0.300m switch=kStayInC3 c3_cost=127680.26 lam_n=0.000 lam_t=0.000 contact=N productive=N f_cmd=(+2.00,-0.00,-0.00)
[GATE-EVOLVE] step=271 curr=127680.26 best_other=200588.67 ratio=0.6365 ee_to_optimal=0.0044m phi=0.0037m
[DRAKE-CONTACT] step=271 n_pairs=1 ee_box_normal=0.000
[GATE-CONTACT] step=271 F_W=(+0.0000,+0.0000,+0.0000) F_on_box=(-0.0000,-0.0000,-0.0000) n_face_out=(-0.0000,-0.0000,-0.0000) A_is_ee=0 box_q=(+1.00000,+0.00001,-0.00002,-0.00000) box_p=(-0.00000,-0.00000,+0.04999) ee_p=(+0.07875,+0.00223,+0.04263)
[EErel] along_push=-0.079m (neg=correct)  perp=0.002m  ee_to_box=0.079m  stage=3  obj=[-0. -0.]  g_hat=[-1.  0.]
[proxy] err=0.090m  effective=[ 0.168 -0.     0.05 ]
[ADMM-C3+] primal: 5.7461->3.8743  dual: 74.8585->83.4146  mono=False  iters=25/25  rho=25.0
[ADMM-C3+] WARNING non-converged: pr=3.8743 dr=83.4146 tol=1e-03
[C3+] step=1191 |u[0]|=37.82Nm λ_n_max=-0.000 η_n_max=0.740 primal=3.874 iters=25/25
[EErel] along_push=-0.079m (neg=correct)  perp=0.002m  ee_to_box=0.079m  stage=3  obj=[-0. -0.]  g_hat=[-1.  0.]
[proxy] err=0.090m  effective=[ 0.168 -0.     0.05 ]
[ADMM-C3+] primal: 5.7461->3.8743  dual: 74.8585->83.4146  mono=False  iters=25/25  rho=25.0
[ADMM-C3+] WARNING non-converged: pr=3.8743 dr=83.4146 tol=1e-03
[C3+] step=1196 |u[0]|=26.51Nm λ_n_max=0.000 η_n_max=0.740 primal=3.874 iters=25/25
[CONTACT-RUN] step=272 nhat_BA_W=[+0.000,+0.000,+0.000] p_BCb=[+0.000,+0.000,+0.000] distance=+1.00000 contact_type=NONE
[X-SEQ-PROBE] step=272 x0_box=(-0.00000,-0.00000,+0.04999) x1_box=(-0.00015,-0.00042,+0.02547) x1_box_v=(-0.00147,-0.00698,-0.49050) dt=0.050
[APPROACH-OVERRIDE] step=272 phase=A_lift_trav face_axis=0 face_sign=+1 face_score=+1.000 surf_dist=0.0047m advance=0.0027m target=(+0.1000,-0.0000,+0.1350) p_ee_des=(+0.0793,+0.0022,+0.0451)
[VFF] step=272 mode=c3 alpha=0.000 v_des=(+0.0000,+0.0000,+0.0000) |v_des|=0.0000 sat=0 util_max=0.078@j1
[OSC-FORCE] step=272 mode=c3 lam_des=2.000 lam_ext=2.000
[GS] step=272 mode=c3 switch=kStayInC3 best_k=0 best_src=current curr_cost=127533.08 repos_cost=- best_other=199579.93 met_progress=Y steps_since_improve=0 switches=5
[STEP] step=272 mode=c3 t=2.720s ee=(+0.079,+0.002,+0.042) obj=(-0.000,-0.000,+0.050) goal_dist=0.300m switch=kStayInC3 c3_cost=127533.08 lam_n=0.000 lam_t=0.000 contact=N productive=N f_cmd=(+2.00,-0.00,-0.00)
[GATE-EVOLVE] step=272 curr=127533.08 best_other=199579.93 ratio=0.6390 ee_to_optimal=0.0043m phi=0.0037m
[DRAKE-CONTACT] step=272 n_pairs=1 ee_box_normal=0.000
[GATE-CONTACT] step=272 F_W=(+0.0000,+0.0000,+0.0000) F_on_box=(-0.0000,-0.0000,-0.0000) n_face_out=(-0.0000,-0.0000,-0.0000) A_is_ee=0 box_q=(+1.00000,+0.00000,-0.00002,-0.00000) box_p=(-0.00000,-0.00000,+0.04999) ee_p=(+0.07866,+0.00227,+0.04244)
[EErel] along_push=-0.079m (neg=correct)  perp=0.002m  ee_to_box=0.079m  stage=3  obj=[-0. -0.]  g_hat=[-1.  0.]
[proxy] err=0.090m  effective=[ 0.168 -0.     0.05 ]
[ADMM-C3+] primal: 5.7461->3.8743  dual: 74.8585->83.4146  mono=False  iters=25/25  rho=25.0
[ADMM-C3+] WARNING non-converged: pr=3.8743 dr=83.4146 tol=1e-03
[C3+] step=1197 |u[0]|=37.75Nm λ_n_max=-0.000 η_n_max=0.740 primal=3.874 iters=25/25
[EErel] along_push=-0.079m (neg=correct)  perp=0.002m  ee_to_box=0.079m  stage=3  obj=[-0. -0.]  g_hat=[-1.  0.]
[proxy] err=0.090m  effective=[ 0.168 -0.     0.05 ]
[ADMM-C3+] primal: 5.7461->3.8743  dual: 74.8585->83.4146  mono=False  iters=25/25  rho=25.0
[ADMM-C3+] WARNING non-converged: pr=3.8743 dr=83.4146 tol=1e-03
[C3+] step=1202 |u[0]|=21.96Nm λ_n_max=0.000 η_n_max=0.740 primal=3.874 iters=25/25
[CONTACT-RUN] step=273 nhat_BA_W=[+0.000,+0.000,+0.000] p_BCb=[+0.000,+0.000,+0.000] distance=+1.00000 contact_type=NONE
[X-SEQ-PROBE] step=273 x0_box=(-0.00000,-0.00000,+0.04999) x1_box=(-0.00015,-0.00042,+0.02547) x1_box_v=(-0.00147,-0.00698,-0.49050) dt=0.050
[APPROACH-OVERRIDE] step=273 phase=A_lift_trav face_axis=0 face_sign=+1 face_score=+1.000 surf_dist=0.0046m advance=0.0026m target=(+0.1000,-0.0000,+0.1350) p_ee_des=(+0.0792,+0.0022,+0.0450)
[VFF] step=273 mode=c3 alpha=0.000 v_des=(+0.0000,+0.0000,+0.0000) |v_des|=0.0000 sat=0 util_max=0.049@j1
[OSC-FORCE] step=273 mode=c3 lam_des=2.000 lam_ext=2.000
[GS] step=273 mode=c3 switch=kStayInC3 best_k=0 best_src=current curr_cost=127439.89 repos_cost=- best_other=198943.76 met_progress=Y steps_since_improve=0 switches=5
[STEP] step=273 mode=c3 t=2.730s ee=(+0.079,+0.002,+0.042) obj=(-0.000,-0.000,+0.050) goal_dist=0.300m switch=kStayInC3 c3_cost=127439.89 lam_n=0.000 lam_t=0.000 contact=N productive=N f_cmd=(+2.00,-0.00,-0.00)
[GATE-EVOLVE] step=273 curr=127439.89 best_other=198943.76 ratio=0.6406 ee_to_optimal=0.0042m phi=0.0036m
[DRAKE-CONTACT] step=273 n_pairs=1 ee_box_normal=0.000
[GATE-CONTACT] step=273 F_W=(+0.0000,+0.0000,+0.0000) F_on_box=(-0.0000,-0.0000,-0.0000) n_face_out=(-0.0000,-0.0000,-0.0000) A_is_ee=0 box_q=(+1.00000,+0.00000,-0.00003,-0.00000) box_p=(-0.00000,-0.00000,+0.04999) ee_p=(+0.07857,+0.00228,+0.04244)
[EErel] along_push=-0.078m (neg=correct)  perp=0.002m  ee_to_box=0.079m  stage=3  obj=[-0. -0.]  g_hat=[-1.  0.]
[proxy] err=0.090m  effective=[ 0.168 -0.     0.05 ]
[ADMM-C3+] primal: 5.7461->3.8743  dual: 74.8586->83.4146  mono=False  iters=25/25  rho=25.0
[ADMM-C3+] WARNING non-converged: pr=3.8743 dr=83.4146 tol=1e-03
[C3+] step=1203 |u[0]|=37.69Nm λ_n_max=-0.000 η_n_max=0.740 primal=3.874 iters=25/25
[EErel] along_push=-0.078m (neg=correct)  perp=0.002m  ee_to_box=0.079m  stage=3  obj=[-0. -0.]  g_hat=[-1.  0.]
[proxy] err=0.090m  effective=[ 0.168 -0.     0.05 ]
[ADMM-C3+] primal: 5.7461->3.8743  dual: 74.8586->83.4146  mono=False  iters=25/25  rho=25.0
[ADMM-C3+] WARNING non-converged: pr=3.8743 dr=83.4146 tol=1e-03
[C3+] step=1208 |u[0]|=26.54Nm λ_n_max=0.000 η_n_max=0.740 primal=3.874 iters=25/25
[CONTACT-RUN] step=274 nhat_BA_W=[+0.000,+0.000,+0.000] p_BCb=[+0.000,+0.000,+0.000] distance=+1.00000 contact_type=NONE
[X-SEQ-PROBE] step=274 x0_box=(-0.00000,-0.00000,+0.04999) x1_box=(-0.00015,-0.00042,+0.02547) x1_box_v=(-0.00147,-0.00698,-0.49050) dt=0.050
[APPROACH-OVERRIDE] step=274 phase=A_lift_trav face_axis=0 face_sign=+1 face_score=+1.000 surf_dist=0.0045m advance=0.0025m target=(+0.1000,-0.0000,+0.1350) p_ee_des=(+0.0790,+0.0022,+0.0450)
[VFF] step=274 mode=c3 alpha=0.000 v_des=(+0.0000,+0.0000,+0.0000) |v_des|=0.0000 sat=0 util_max=0.029@j1
[OSC-FORCE] step=274 mode=c3 lam_des=2.000 lam_ext=2.000
[GS] step=274 mode=c3 switch=kStayInC3 best_k=0 best_src=current curr_cost=127343.28 repos_cost=- best_other=198553.94 met_progress=Y steps_since_improve=0 switches=5
[STEP] step=274 mode=c3 t=2.740s ee=(+0.078,+0.002,+0.043) obj=(-0.000,-0.000,+0.050) goal_dist=0.300m switch=kStayInC3 c3_cost=127343.28 lam_n=0.000 lam_t=0.000 contact=N productive=N f_cmd=(+2.00,-0.00,-0.00)
[GATE-EVOLVE] step=274 curr=127343.28 best_other=198553.94 ratio=0.6414 ee_to_optimal=0.0041m phi=0.0035m
[DRAKE-CONTACT] step=274 n_pairs=1 ee_box_normal=0.000
[GATE-CONTACT] step=274 F_W=(+0.0000,+0.0000,+0.0000) F_on_box=(-0.0000,-0.0000,-0.0000) n_face_out=(-0.0000,-0.0000,-0.0000) A_is_ee=0 box_q=(+1.00000,+0.00000,-0.00003,-0.00000) box_p=(-0.00000,-0.00000,+0.04999) ee_p=(+0.07847,+0.00226,+0.04254)
[EErel] along_push=-0.078m (neg=correct)  perp=0.002m  ee_to_box=0.078m  stage=3  obj=[-0. -0.]  g_hat=[-1.  0.]
[proxy] err=0.090m  effective=[ 0.168 -0.     0.05 ]
[ADMM-C3+] primal: 5.7461->3.8743  dual: 74.8587->83.4146  mono=False  iters=25/25  rho=25.0
[ADMM-C3+] WARNING non-converged: pr=3.8743 dr=83.4146 tol=1e-03
[C3+] step=1209 |u[0]|=37.68Nm λ_n_max=-0.000 η_n_max=0.740 primal=3.874 iters=25/25
[EErel] along_push=-0.078m (neg=correct)  perp=0.002m  ee_to_box=0.078m  stage=3  obj=[-0. -0.]  g_hat=[-1.  0.]
[proxy] err=0.090m  effective=[ 0.168 -0.     0.05 ]
[ADMM-C3+] primal: 5.7461->3.8743  dual: 74.8587->83.4146  mono=False  iters=25/25  rho=25.0
[ADMM-C3+] WARNING non-converged: pr=3.8743 dr=83.4146 tol=1e-03
[C3+] step=1214 |u[0]|=21.43Nm λ_n_max=0.000 η_n_max=0.740 primal=3.874 iters=25/25
[CONTACT-RUN] step=275 nhat_BA_W=[+0.000,+0.000,+0.000] p_BCb=[+0.000,+0.000,+0.000] distance=+1.00000 contact_type=NONE
[X-SEQ-PROBE] step=275 x0_box=(-0.00000,-0.00000,+0.04999) x1_box=(-0.00015,-0.00042,+0.02547) x1_box_v=(-0.00147,-0.00698,-0.49050) dt=0.050
[APPROACH-OVERRIDE] step=275 phase=A_lift_trav face_axis=0 face_sign=+1 face_score=+1.000 surf_dist=0.0044m advance=0.0024m target=(+0.1000,-0.0000,+0.1350) p_ee_des=(+0.0789,+0.0022,+0.0450)
[VFF] step=275 mode=c3 alpha=0.000 v_des=(+0.0000,+0.0000,+0.0000) |v_des|=0.0000 sat=0 util_max=0.016@j1
[OSC-FORCE] step=275 mode=c3 lam_des=2.000 lam_ext=2.000
[GS] step=275 mode=c3 switch=kStayInC3 best_k=0 best_src=current curr_cost=127306.99 repos_cost=- best_other=198328.04 met_progress=Y steps_since_improve=0 switches=5
[STEP] step=275 mode=c3 t=2.750s ee=(+0.078,+0.002,+0.043) obj=(-0.000,-0.000,+0.050) goal_dist=0.300m switch=kStayInC3 c3_cost=127306.99 lam_n=0.000 lam_t=0.000 contact=N productive=N f_cmd=(+2.00,-0.00,-0.00)
[GATE-EVOLVE] step=275 curr=127306.99 best_other=198328.04 ratio=0.6419 ee_to_optimal=0.0040m phi=0.0034m
[DRAKE-CONTACT] step=275 n_pairs=1 ee_box_normal=0.000
[GATE-CONTACT] step=275 F_W=(+0.0000,+0.0000,+0.0000) F_on_box=(-0.0000,-0.0000,-0.0000) n_face_out=(-0.0000,-0.0000,-0.0000) A_is_ee=0 box_q=(+1.00000,+0.00000,-0.00003,-0.00000) box_p=(-0.00000,-0.00000,+0.04999) ee_p=(+0.07837,+0.00223,+0.04272)
[EErel] along_push=-0.078m (neg=correct)  perp=0.002m  ee_to_box=0.078m  stage=3  obj=[0. 0.]  g_hat=[-1. -0.]
[proxy] err=0.089m  effective=[ 0.167 -0.     0.05 ]
[ADMM-C3+] primal: 6.1286->4.9344  dual: 109.6858->81.3472  mono=False  iters=25/25  rho=25.0
[ADMM-C3+] WARNING non-converged: pr=4.9344 dr=81.3472 tol=1e-03
[C3+] step=1215 |u[0]|=37.69Nm λ_n_max=1.056 η_n_max=1.279 primal=4.934 iters=25/25
[EErel] along_push=-0.078m (neg=correct)  perp=0.002m  ee_to_box=0.078m  stage=3  obj=[0. 0.]  g_hat=[-1. -0.]
[proxy] err=0.089m  effective=[ 0.167 -0.     0.05 ]
[ADMM-C3+] primal: 6.1286->4.9344  dual: 109.6858->81.3475  mono=False  iters=25/25  rho=25.0
[ADMM-C3+] WARNING non-converged: pr=4.9344 dr=81.3475 tol=1e-03
[C3+] step=1220 |u[0]|=26.55Nm λ_n_max=1.056 η_n_max=1.279 primal=4.934 iters=25/25
[CONTACT-RUN] step=276 nhat_BA_W=[+0.000,+0.000,+0.000] p_BCb=[+0.000,+0.000,+0.000] distance=+1.00000 contact_type=NONE
[X-SEQ-PROBE] step=276 x0_box=(+0.00000,+0.00000,+0.05000) x1_box=(-0.01216,-0.00111,+0.02573) x1_box_v=(-0.24057,-0.02339,-0.48799) dt=0.050
[APPROACH-OVERRIDE] step=276 phase=A_lift_trav face_axis=0 face_sign=+1 face_score=+1.000 surf_dist=0.0042m advance=0.0022m target=(+0.1000,+0.0000,+0.1350) p_ee_des=(+0.0788,+0.0021,+0.0451)
[VFF] step=276 mode=c3 alpha=0.000 v_des=(+0.0000,+0.0000,+0.0000) |v_des|=0.0000 sat=0 util_max=0.010@j5
[OSC-FORCE] step=276 mode=c3 lam_des=2.000 lam_ext=2.000
[GS] step=276 mode=c3 switch=kStayInC3 best_k=0 best_src=current curr_cost=103569.69 repos_cost=- best_other=178255.09 met_progress=Y steps_since_improve=1 switches=5
[STEP] step=276 mode=c3 t=2.760s ee=(+0.078,+0.002,+0.043) obj=(+0.000,+0.000,+0.050) goal_dist=0.300m switch=kStayInC3 c3_cost=103569.69 lam_n=0.000 lam_t=0.000 contact=N productive=N f_cmd=(+2.00,+0.00,-0.00)
[GATE-EVOLVE] step=276 curr=103569.69 best_other=178255.09 ratio=0.5810 ee_to_optimal=0.0039m phi=0.0033m
[DRAKE-CONTACT] step=276 n_pairs=1 ee_box_normal=0.000
[GATE-CONTACT] step=276 F_W=(+0.0000,+0.0000,+0.0000) F_on_box=(-0.0000,-0.0000,-0.0000) n_face_out=(-0.0000,-0.0000,-0.0000) A_is_ee=0 box_q=(+1.00000,-0.00003,+0.00003,+0.00000) box_p=(+0.00000,+0.00000,+0.05000) ee_p=(+0.07826,+0.00218,+0.04293)
[EErel] along_push=-0.078m (neg=correct)  perp=0.002m  ee_to_box=0.078m  stage=3  obj=[-0.  0.]  g_hat=[-1. -0.]
[proxy] err=0.089m  effective=[ 0.167 -0.     0.05 ]
[ADMM-C3+] primal: 5.7419->3.8679  dual: 75.0395->83.2948  mono=False  iters=25/25  rho=25.0
[ADMM-C3+] WARNING non-converged: pr=3.8679 dr=83.2948 tol=1e-03
[C3+] step=1221 |u[0]|=37.67Nm λ_n_max=0.000 η_n_max=0.739 primal=3.868 iters=25/25
[EErel] along_push=-0.078m (neg=correct)  perp=0.002m  ee_to_box=0.078m  stage=3  obj=[-0.  0.]  g_hat=[-1. -0.]
[proxy] err=0.089m  effective=[ 0.167 -0.     0.05 ]
[ADMM-C3+] primal: 5.7419->3.8679  dual: 75.0395->83.2948  mono=False  iters=25/25  rho=25.0
[ADMM-C3+] WARNING non-converged: pr=3.8679 dr=83.2948 tol=1e-03
[C3+] step=1226 |u[0]|=21.21Nm λ_n_max=0.000 η_n_max=0.739 primal=3.868 iters=25/25
[CONTACT-RUN] step=277 nhat_BA_W=[+0.000,+0.000,+0.000] p_BCb=[+0.000,+0.000,+0.000] distance=+1.00000 contact_type=NONE
[X-SEQ-PROBE] step=277 x0_box=(-0.00001,+0.00000,+0.04999) x1_box=(-0.00035,+0.00032,+0.02527) x1_box_v=(-0.00341,+0.00671,-0.49246) dt=0.050
[APPROACH-OVERRIDE] step=277 phase=A_lift_trav face_axis=0 face_sign=+1 face_score=+1.000 surf_dist=0.0041m advance=0.0021m target=(+0.1000,+0.0000,+0.1350) p_ee_des=(+0.0786,+0.0021,+0.0452)
[VFF] step=277 mode=c3 alpha=0.000 v_des=(+0.0000,+0.0000,+0.0000) |v_des|=0.0000 sat=0 util_max=0.010@j5
[OSC-FORCE] step=277 mode=c3 lam_des=2.000 lam_ext=2.000
[GS] step=277 mode=c3 switch=kStayInC3 best_k=0 best_src=current curr_cost=126527.14 repos_cost=- best_other=197326.33 met_progress=Y steps_since_improve=0 switches=5
[STEP] step=277 mode=c3 t=2.770s ee=(+0.078,+0.002,+0.043) obj=(-0.000,+0.000,+0.050) goal_dist=0.300m switch=kStayInC3 c3_cost=126527.14 lam_n=0.000 lam_t=0.000 contact=N productive=N f_cmd=(+2.00,+0.00,-0.00)
[GATE-EVOLVE] step=277 curr=126527.14 best_other=197326.33 ratio=0.6412 ee_to_optimal=0.0038m phi=0.0032m
[DRAKE-CONTACT] step=277 n_pairs=1 ee_box_normal=0.000
[GATE-CONTACT] step=277 F_W=(+0.0000,+0.0000,+0.0000) F_on_box=(-0.0000,-0.0000,-0.0000) n_face_out=(-0.0000,-0.0000,-0.0000) A_is_ee=0 box_q=(+1.00000,-0.00002,-0.00006,+0.00001) box_p=(-0.00001,+0.00000,+0.04999) ee_p=(+0.07815,+0.00212,+0.04316)
[EErel] along_push=-0.078m (neg=correct)  perp=0.002m  ee_to_box=0.078m  stage=3  obj=[0. 0.]  g_hat=[-1. -0.]
[proxy] err=0.089m  effective=[ 0.167 -0.     0.05 ]
[ADMM-C3+] primal: 6.1290->7.9723  dual: 111.2905->221.0114  mono=False  iters=25/25  rho=25.0
[ADMM-C3+] WARNING non-converged: pr=7.9723 dr=221.0114 tol=1e-03
[C3+] step=1227 |u[0]|=37.69Nm λ_n_max=1.056 η_n_max=1.279 primal=7.972 iters=25/25
[EErel] along_push=-0.078m (neg=correct)  perp=0.002m  ee_to_box=0.078m  stage=3  obj=[0. 0.]  g_hat=[-1. -0.]
[proxy] err=0.089m  effective=[ 0.167 -0.     0.05 ]
[ADMM-C3+] primal: 6.1290->7.9724  dual: 111.2905->221.0117  mono=False  iters=25/25  rho=25.0
[ADMM-C3+] WARNING non-converged: pr=7.9724 dr=221.0117 tol=1e-03
[C3+] step=1232 |u[0]|=26.58Nm λ_n_max=1.056 η_n_max=1.279 primal=7.972 iters=25/25
[CONTACT-RUN] step=278 nhat_BA_W=[+0.000,+0.000,+0.000] p_BCb=[+0.000,+0.000,+0.000] distance=+1.00000 contact_type=NONE
[X-SEQ-PROBE] step=278 x0_box=(+0.00001,+0.00001,+0.05000) x1_box=(-0.01128,-0.00094,+0.02538) x1_box_v=(-0.22540,-0.02341,-0.49141) dt=0.050
[APPROACH-OVERRIDE] step=278 phase=A_lift_trav face_axis=0 face_sign=+1 face_score=+1.000 surf_dist=0.0039m advance=0.0019m target=(+0.1000,+0.0000,+0.1350) p_ee_des=(+0.0785,+0.0020,+0.0452)
[VFF] step=278 mode=c3 alpha=0.000 v_des=(+0.0000,+0.0000,+0.0000) |v_des|=0.0000 sat=0 util_max=0.010@j5
[OSC-FORCE] step=278 mode=c3 lam_des=2.000 lam_ext=2.000
[GS] step=278 mode=c3 switch=kStayInC3 best_k=0 best_src=current curr_cost=103461.38 repos_cost=- best_other=178142.36 met_progress=Y steps_since_improve=1 switches=5
[STEP] step=278 mode=c3 t=2.780s ee=(+0.078,+0.002,+0.043) obj=(+0.000,+0.000,+0.050) goal_dist=0.300m switch=kStayInC3 c3_cost=103461.38 lam_n=0.000 lam_t=0.568 contact=N productive=N f_cmd=(+2.00,+0.00,-0.00)
[GATE-EVOLVE] step=278 curr=103461.38 best_other=178142.36 ratio=0.5808 ee_to_optimal=0.0037m phi=0.0030m
[DRAKE-CONTACT] step=278 n_pairs=1 ee_box_normal=0.000
[GATE-CONTACT] step=278 F_W=(+0.0000,+0.0000,+0.0000) F_on_box=(-0.0000,-0.0000,-0.0000) n_face_out=(-0.0000,-0.0000,-0.0000) A_is_ee=0 box_q=(+1.00000,-0.00006,+0.00006,+0.00001) box_p=(+0.00001,+0.00001,+0.05000) ee_p=(+0.07804,+0.00205,+0.04339)
[EErel] along_push=-0.078m (neg=correct)  perp=0.002m  ee_to_box=0.078m  stage=3  obj=[ 0. -0.]  g_hat=[-1.  0.]
[proxy] err=0.089m  effective=[ 0.167 -0.     0.05 ]
[ADMM-C3+] primal: 6.1277->4.9305  dual: 108.4714->76.4140  mono=False  iters=25/25  rho=25.0
[ADMM-C3+] WARNING non-converged: pr=4.9305 dr=76.4140 tol=1e-03
[C3+] step=1233 |u[0]|=37.71Nm λ_n_max=1.061 η_n_max=1.279 primal=4.930 iters=25/25
[EErel] along_push=-0.078m (neg=correct)  perp=0.002m  ee_to_box=0.078m  stage=3  obj=[ 0. -0.]  g_hat=[-1.  0.]
[proxy] err=0.089m  effective=[ 0.167 -0.     0.05 ]
[ADMM-C3+] primal: 6.1277->4.9305  dual: 108.4714->76.4140  mono=False  iters=25/25  rho=25.0
[ADMM-C3+] WARNING non-converged: pr=4.9305 dr=76.4140 tol=1e-03
[C3+] step=1238 |u[0]|=21.16Nm λ_n_max=1.061 η_n_max=1.279 primal=4.930 iters=25/25
[CONTACT-RUN] step=279 nhat_BA_W=[+0.000,+0.000,+0.000] p_BCb=[+0.000,+0.000,+0.000] distance=+1.00000 contact_type=NONE
[X-SEQ-PROBE] step=279 x0_box=(+0.00000,-0.00000,+0.04999) x1_box=(-0.01166,+0.00125,+0.02538) x1_box_v=(-0.23593,+0.02365,-0.49132) dt=0.050
[APPROACH-OVERRIDE] step=279 phase=A_lift_trav face_axis=0 face_sign=+1 face_score=+1.000 surf_dist=0.0037m advance=0.0017m target=(+0.1000,+0.0000,+0.1350) p_ee_des=(+0.0783,+0.0019,+0.0453)
[VFF] step=279 mode=c3 alpha=0.000 v_des=(+0.0000,+0.0000,+0.0000) |v_des|=0.0000 sat=0 util_max=0.010@j5
[OSC-FORCE] step=279 mode=c3 lam_des=2.000 lam_ext=2.000
[GS] step=279 mode=c3 switch=kStayInC3 best_k=0 best_src=current curr_cost=105471.76 repos_cost=- best_other=180571.54 met_progress=Y steps_since_improve=2 switches=5
[STEP] step=279 mode=c3 t=2.790s ee=(+0.078,+0.002,+0.044) obj=(+0.000,-0.000,+0.050) goal_dist=0.300m switch=kStayInC3 c3_cost=105471.76 lam_n=0.000 lam_t=0.000 contact=N productive=N f_cmd=(+2.00,-0.00,-0.00)
[GATE-EVOLVE] step=279 curr=105471.76 best_other=180571.54 ratio=0.5841 ee_to_optimal=0.0035m phi=0.0029m
[DRAKE-CONTACT] step=279 n_pairs=1 ee_box_normal=0.000
[GATE-CONTACT] step=279 F_W=(+0.0000,+0.0000,+0.0000) F_on_box=(-0.0000,-0.0000,-0.0000) n_face_out=(-0.0000,-0.0000,-0.0000) A_is_ee=0 box_q=(+1.00000,+0.00002,+0.00005,+0.00001) box_p=(+0.00000,-0.00000,+0.04999) ee_p=(+0.07792,+0.00198,+0.04363)
[EErel] along_push=-0.078m (neg=correct)  perp=0.002m  ee_to_box=0.078m  stage=3  obj=[ 0. -0.]  g_hat=[-1.  0.]
[proxy] err=0.089m  effective=[ 0.167 -0.     0.05 ]
[ADMM-C3+] primal: 6.1264->4.9334  dual: 109.1958->80.4013  mono=False  iters=25/25  rho=25.0
[ADMM-C3+] WARNING non-converged: pr=4.9334 dr=80.4013 tol=1e-03
[C3+] step=1239 |u[0]|=37.73Nm λ_n_max=1.060 η_n_max=1.279 primal=4.933 iters=25/25
[EErel] along_push=-0.078m (neg=correct)  perp=0.002m  ee_to_box=0.078m  stage=3  obj=[ 0. -0.]  g_hat=[-1.  0.]
[proxy] err=0.089m  effective=[ 0.167 -0.     0.05 ]
[ADMM-C3+] primal: 6.1264->4.9334  dual: 109.1958->80.4013  mono=False  iters=25/25  rho=25.0
[ADMM-C3+] WARNING non-converged: pr=4.9334 dr=80.4013 tol=1e-03
[C3+] step=1244 |u[0]|=26.63Nm λ_n_max=1.060 η_n_max=1.279 primal=4.933 iters=25/25
[CONTACT-RUN] step=280 nhat_BA_W=[+0.000,+0.000,+0.000] p_BCb=[+0.000,+0.000,+0.000] distance=+1.00000 contact_type=NONE
[X-SEQ-PROBE] step=280 x0_box=(+0.00000,-0.00000,+0.04999) x1_box=(-0.01158,+0.00117,+0.02545) x1_box_v=(-0.23452,+0.02362,-0.49070) dt=0.050
[APPROACH-OVERRIDE] step=280 phase=A_lift_trav face_axis=0 face_sign=+1 face_score=+1.000 surf_dist=0.0035m advance=0.0015m target=(+0.1000,+0.0000,+0.1350) p_ee_des=(+0.0782,+0.0019,+0.0453)
[VFF] step=280 mode=c3 alpha=0.000 v_des=(+0.0000,+0.0000,+0.0000) |v_des|=0.0000 sat=0 util_max=0.010@j5
[OSC-FORCE] step=280 mode=c3 lam_des=2.000 lam_ext=2.000
[IMP] step=280 mode=c3 |x_err|=0.0015m |tau_imp|=0.57Nm |tau_ff|=1.20Nm |tau_out|=0.57Nm sat=False lam_n=True lam_t=True
[GS] step=280 mode=c3 switch=kStayInC3 best_k=0 best_src=current curr_cost=105187.07 repos_cost=- best_other=180293.32 met_progress=Y steps_since_improve=3 switches=5
[STEP] step=280 mode=c3 t=2.800s ee=(+0.078,+0.002,+0.044) obj=(+0.000,-0.000,+0.050) goal_dist=0.300m switch=kStayInC3 c3_cost=105187.07 lam_n=0.000 lam_t=0.000 contact=N productive=N f_cmd=(+2.00,-0.00,-0.00)
[GATE-EVOLVE] step=280 curr=105187.07 best_other=180293.32 ratio=0.5834 ee_to_optimal=0.0034m phi=0.0028m
[GS-table] step=280
  k=0 (current   ) pos=(+0.078,+0.002,+0.044) c_C3= 135187.07 align=1.0000(bonus=30000.00) rot=+0.0000(bonus=    0.00) travel=0.000m(pen=  0.00) c_sample= 105187.07 feas=Y ik_err=0.0000m  ← WIN
  k=1 (strat_0   ) pos=(+0.080,+0.005,+0.030) c_C3= 211990.94 align=1.0000(bonus=30000.00) rot=+0.0000(bonus=    0.00) travel=0.014m(pen=  2.89) c_sample= 181993.83 feas=Y ik_err=0.0005m
  k=2 (strat_1   ) pos=(+0.004,+0.080,+0.030) c_C3= 238017.92 align=0.0000(bonus=    0.00) rot=+0.0000(bonus=    0.00) travel=0.108m(pen= 21.67) c_sample= 238039.59 feas=Y ik_err=0.0007m
  k=3 (strat_2   ) pos=(+0.080,-0.003,+0.030) c_C3= 210290.36 align=1.0000(bonus=30000.00) rot=+0.0000(bonus=    0.00) travel=0.015m(pen=  2.96) c_sample= 180293.32 feas=Y ik_err=0.0003m
  k=4 (buffer    ) pos=(+0.080,-0.003,+0.030) c_C3= 210290.36 align=1.0000(bonus=30000.00) rot=+0.0000(bonus=    0.00) travel=0.015m(pen=  2.96) c_sample= 180293.32 feas=Y ik_err=0.0003m
[DRAKE-CONTACT] step=280 n_pairs=1 ee_box_normal=0.000
[GATE-CONTACT] step=280 F_W=(+0.0000,+0.0000,+0.0000) F_on_box=(-0.0000,-0.0000,-0.0000) n_face_out=(-0.0000,-0.0000,-0.0000) A_is_ee=0 box_q=(+1.00000,+0.00002,+0.00002,+0.00002) box_p=(+0.00000,-0.00000,+0.04999) ee_p=(+0.07780,+0.00191,+0.04385)
[EErel] along_push=-0.078m (neg=correct)  perp=0.002m  ee_to_box=0.078m  stage=3  obj=[-0.  0.]  g_hat=[-1. -0.]
[proxy] err=0.089m  effective=[ 0.167 -0.     0.05 ]
[ADMM-C3+] primal: 5.7433->3.8680  dual: 75.0985->83.3037  mono=False  iters=25/25  rho=25.0
[ADMM-C3+] WARNING non-converged: pr=3.8680 dr=83.3037 tol=1e-03
[C3+] step=1245 |u[0]|=37.76Nm λ_n_max=0.000 η_n_max=0.738 primal=3.868 iters=25/25
[EErel] along_push=-0.078m (neg=correct)  perp=0.002m  ee_to_box=0.078m  stage=3  obj=[-0.  0.]  g_hat=[-1. -0.]
[proxy] err=0.089m  effective=[ 0.167 -0.     0.05 ]
[ADMM-C3+] primal: 5.7433->3.8680  dual: 75.0985->83.3037  mono=False  iters=25/25  rho=25.0
[ADMM-C3+] WARNING non-converged: pr=3.8680 dr=83.3037 tol=1e-03
[C3+] step=1250 |u[0]|=21.18Nm λ_n_max=0.000 η_n_max=0.738 primal=3.868 iters=25/25
[CONTACT-RUN] step=281 nhat_BA_W=[+0.000,+0.000,+0.000] p_BCb=[+0.000,+0.000,+0.000] distance=+1.00000 contact_type=NONE
[X-SEQ-PROBE] step=281 x0_box=(-0.00001,+0.00000,+0.04999) x1_box=(-0.00039,+0.00033,+0.02546) x1_box_v=(-0.00387,+0.00674,-0.49060) dt=0.050
[APPROACH-OVERRIDE] step=281 phase=A_lift_trav face_axis=0 face_sign=+1 face_score=+1.000 surf_dist=0.0034m advance=0.0014m target=(+0.1000,+0.0000,+0.1350) p_ee_des=(+0.0780,+0.0018,+0.0454)
[VFF] step=281 mode=c3 alpha=0.000 v_des=(+0.0000,+0.0000,+0.0000) |v_des|=0.0000 sat=0 util_max=0.009@j5
[OSC-FORCE] step=281 mode=c3 lam_des=2.000 lam_ext=2.000
[GS] step=281 mode=c3 switch=kStayInC3 best_k=0 best_src=current curr_cost=126360.79 repos_cost=- best_other=197339.09 met_progress=Y steps_since_improve=4 switches=5
[STEP] step=281 mode=c3 t=2.810s ee=(+0.078,+0.002,+0.044) obj=(-0.000,+0.000,+0.050) goal_dist=0.300m switch=kStayInC3 c3_cost=126360.79 lam_n=0.000 lam_t=0.000 contact=N productive=N f_cmd=(+2.00,+0.00,-0.00)
[GATE-EVOLVE] step=281 curr=126360.79 best_other=197339.09 ratio=0.6403 ee_to_optimal=0.0032m phi=0.0027m
[DRAKE-CONTACT] step=281 n_pairs=1 ee_box_normal=0.000
[GATE-CONTACT] step=281 F_W=(+0.0000,+0.0000,+0.0000) F_on_box=(-0.0000,-0.0000,-0.0000) n_face_out=(-0.0000,-0.0000,-0.0000) A_is_ee=0 box_q=(+1.00000,-0.00005,-0.00005,+0.00002) box_p=(-0.00001,+0.00000,+0.04999) ee_p=(+0.07768,+0.00183,+0.04407)
[EErel] along_push=-0.078m (neg=correct)  perp=0.002m  ee_to_box=0.078m  stage=3  obj=[-0.  0.]  g_hat=[-1. -0.]
[proxy] err=0.089m  effective=[ 0.166 -0.     0.05 ]
[ADMM-C3+] primal: 5.7429->3.8689  dual: 75.0237->83.3130  mono=False  iters=25/25  rho=25.0
[ADMM-C3+] WARNING non-converged: pr=3.8689 dr=83.3130 tol=1e-03
[C3+] step=1251 |u[0]|=37.81Nm λ_n_max=-0.000 η_n_max=0.739 primal=3.869 iters=25/25
[EErel] along_push=-0.078m (neg=correct)  perp=0.002m  ee_to_box=0.078m  stage=3  obj=[-0.  0.]  g_hat=[-1. -0.]
[proxy] err=0.089m  effective=[ 0.166 -0.     0.05 ]
[ADMM-C3+] primal: 5.7429->3.8689  dual: 75.0237->83.3130  mono=False  iters=25/25  rho=25.0
[ADMM-C3+] WARNING non-converged: pr=3.8689 dr=83.3130 tol=1e-03
[C3+] step=1256 |u[0]|=26.71Nm λ_n_max=0.000 η_n_max=0.739 primal=3.869 iters=25/25
[CONTACT-RUN] step=282 nhat_BA_W=[+0.000,+0.000,+0.000] p_BCb=[+0.000,+0.000,+0.000] distance=+1.00000 contact_type=NONE
[X-SEQ-PROBE] step=282 x0_box=(-0.00000,+0.00000,+0.05000) x1_box=(-0.00032,+0.00035,+0.02541) x1_box_v=(-0.00317,+0.00678,-0.49114) dt=0.050
[APPROACH-OVERRIDE] step=282 phase=A_lift_trav face_axis=0 face_sign=+1 face_score=+1.000 surf_dist=0.0032m advance=0.0012m target=(+0.1000,+0.0000,+0.1350) p_ee_des=(+0.0778,+0.0017,+0.0454)
[VFF] step=282 mode=c3 alpha=0.000 v_des=(+0.0000,+0.0000,+0.0000) |v_des|=0.0000 sat=0 util_max=0.009@j5
[OSC-FORCE] step=282 mode=c3 lam_des=2.000 lam_ext=2.000
[GS] step=282 mode=c3 switch=kStayInC3 best_k=0 best_src=current curr_cost=126647.50 repos_cost=- best_other=197707.97 met_progress=Y steps_since_improve=5 switches=5
[STEP] step=282 mode=c3 t=2.820s ee=(+0.078,+0.002,+0.044) obj=(-0.000,+0.000,+0.050) goal_dist=0.300m switch=kStayInC3 c3_cost=126647.50 lam_n=0.000 lam_t=0.000 contact=N productive=N f_cmd=(+2.00,+0.00,-0.00)
[GATE-EVOLVE] step=282 curr=126647.50 best_other=197707.97 ratio=0.6406 ee_to_optimal=0.0031m phi=0.0026m
[DRAKE-CONTACT] step=282 n_pairs=1 ee_box_normal=0.000
[GATE-CONTACT] step=282 F_W=(+0.0000,+0.0000,+0.0000) F_on_box=(-0.0000,-0.0000,-0.0000) n_face_out=(-0.0000,-0.0000,-0.0000) A_is_ee=0 box_q=(+1.00000,-0.00005,-0.00003,+0.00002) box_p=(-0.00000,+0.00000,+0.05000) ee_p=(+0.07756,+0.00175,+0.04428)
[EErel] along_push=-0.077m (neg=correct)  perp=0.002m  ee_to_box=0.077m  stage=3  obj=[ 0. -0.]  g_hat=[-1.  0.]
[proxy] err=0.089m  effective=[ 0.166 -0.     0.05 ]
[ADMM-C3+] primal: 6.1271->4.9326  dual: 109.0108->80.4553  mono=False  iters=25/25  rho=25.0
[ADMM-C3+] WARNING non-converged: pr=4.9326 dr=80.4553 tol=1e-03
[C3+] step=1257 |u[0]|=37.83Nm λ_n_max=1.060 η_n_max=1.279 primal=4.933 iters=25/25
[EErel] along_push=-0.077m (neg=correct)  perp=0.002m  ee_to_box=0.077m  stage=3  obj=[ 0. -0.]  g_hat=[-1.  0.]
[proxy] err=0.089m  effective=[ 0.166 -0.     0.05 ]
[ADMM-C3+] primal: 6.1271->4.9325  dual: 109.0108->80.4555  mono=False  iters=25/25  rho=25.0
[ADMM-C3+] WARNING non-converged: pr=4.9325 dr=80.4555 tol=1e-03
[C3+] step=1262 |u[0]|=21.22Nm λ_n_max=1.060 η_n_max=1.279 primal=4.933 iters=25/25
[CONTACT-RUN] step=283 nhat_BA_W=[+0.000,+0.000,+0.000] p_BCb=[+0.000,+0.000,+0.000] distance=+1.00000 contact_type=NONE
[X-SEQ-PROBE] step=283 x0_box=(+0.00000,-0.00000,+0.04999) x1_box=(-0.01165,+0.00119,+0.02540) x1_box_v=(-0.23546,+0.02361,-0.49124) dt=0.050
[APPROACH-OVERRIDE] step=283 phase=A_lift_trav face_axis=0 face_sign=+1 face_score=+1.000 surf_dist=0.0030m advance=0.0010m target=(+0.1000,+0.0000,+0.1350) p_ee_des=(+0.0777,+0.0016,+0.0455)
[VFF] step=283 mode=c3 alpha=0.000 v_des=(+0.0000,+0.0000,+0.0000) |v_des|=0.0000 sat=0 util_max=0.009@j5
[OSC-FORCE] step=283 mode=c3 lam_des=2.000 lam_ext=2.000
[GS] step=283 mode=c3 switch=kStayInC3 best_k=0 best_src=current curr_cost=105188.22 repos_cost=- best_other=180484.09 met_progress=Y steps_since_improve=6 switches=5
[STEP] step=283 mode=c3 t=2.830s ee=(+0.077,+0.002,+0.044) obj=(+0.000,-0.000,+0.050) goal_dist=0.300m switch=kStayInC3 c3_cost=105188.22 lam_n=0.000 lam_t=0.000 contact=N productive=N f_cmd=(+2.00,-0.00,-0.00)
[GATE-EVOLVE] step=283 curr=105188.22 best_other=180484.09 ratio=0.5828 ee_to_optimal=0.0029m phi=0.0024m
[DRAKE-CONTACT] step=283 n_pairs=1 ee_box_normal=0.000
[GATE-CONTACT] step=283 F_W=(+0.0000,+0.0000,+0.0000) F_on_box=(-0.0000,-0.0000,-0.0000) n_face_out=(-0.0000,-0.0000,-0.0000) A_is_ee=0 box_q=(+1.00000,+0.00001,+0.00003,+0.00003) box_p=(+0.00000,-0.00000,+0.04999) ee_p=(+0.07743,+0.00166,+0.04447)
[EErel] along_push=-0.077m (neg=correct)  perp=0.002m  ee_to_box=0.077m  stage=3  obj=[ 0. -0.]  g_hat=[-1.  0.]
[proxy] err=0.089m  effective=[ 0.166 -0.     0.05 ]
[ADMM-C3+] primal: 6.1268->4.9289  dual: 108.2247->76.6899  mono=False  iters=25/25  rho=25.0
[ADMM-C3+] WARNING non-converged: pr=4.9289 dr=76.6899 tol=1e-03
[C3+] step=1263 |u[0]|=37.86Nm λ_n_max=1.060 η_n_max=1.279 primal=4.929 iters=25/25
[EErel] along_push=-0.077m (neg=correct)  perp=0.002m  ee_to_box=0.077m  stage=3  obj=[ 0. -0.]  g_hat=[-1.  0.]
[proxy] err=0.089m  effective=[ 0.166 -0.     0.05 ]
[ADMM-C3+] primal: 6.1268->4.9289  dual: 108.2247->76.6902  mono=False  iters=25/25  rho=25.0
[ADMM-C3+] WARNING non-converged: pr=4.9289 dr=76.6902 tol=1e-03
[C3+] step=1268 |u[0]|=26.79Nm λ_n_max=1.060 η_n_max=1.279 primal=4.929 iters=25/25
[CONTACT-RUN] step=284 nhat_BA_W=[+0.000,+0.000,+0.000] p_BCb=[+0.000,+0.000,+0.000] distance=+1.00000 contact_type=NONE
[X-SEQ-PROBE] step=284 x0_box=(+0.00000,-0.00000,+0.05000) x1_box=(-0.01189,+0.00128,+0.02562) x1_box_v=(-0.23877,+0.02362,-0.48904) dt=0.050
[APPROACH-OVERRIDE] step=284 phase=A_lift_trav face_axis=0 face_sign=+1 face_score=+1.000 surf_dist=0.0029m advance=0.0009m target=(+0.1000,+0.0000,+0.1350) p_ee_des=(+0.0775,+0.0016,+0.0455)
[VFF] step=284 mode=c3 alpha=0.000 v_des=(+0.0000,+0.0000,+0.0000) |v_des|=0.0000 sat=0 util_max=0.009@j1
[OSC-FORCE] step=284 mode=c3 lam_des=2.000 lam_ext=2.000
[GS] step=284 mode=c3 switch=kStayInC3 best_k=0 best_src=current curr_cost=105214.57 repos_cost=- best_other=180594.99 met_progress=Y steps_since_improve=7 switches=5
[STEP] step=284 mode=c3 t=2.840s ee=(+0.077,+0.002,+0.045) obj=(+0.000,-0.000,+0.050) goal_dist=0.300m switch=kStayInC3 c3_cost=105214.57 lam_n=0.000 lam_t=0.000 contact=N productive=N f_cmd=(+2.00,-0.00,-0.00)
[GATE-EVOLVE] step=284 curr=105214.57 best_other=180594.99 ratio=0.5826 ee_to_optimal=0.0028m phi=0.0023m
[DRAKE-CONTACT] step=284 n_pairs=1 ee_box_normal=0.000
[GATE-CONTACT] step=284 F_W=(+0.0000,+0.0000,+0.0000) F_on_box=(-0.0000,-0.0000,-0.0000) n_face_out=(-0.0000,-0.0000,-0.0000) A_is_ee=0 box_q=(+1.00000,+0.00001,+0.00002,+0.00003) box_p=(+0.00000,-0.00000,+0.05000) ee_p=(+0.07729,+0.00158,+0.04464)
[EErel] along_push=-0.077m (neg=correct)  perp=0.001m  ee_to_box=0.077m  stage=3  obj=[-0.  0.]  g_hat=[-1. -0.]
[proxy] err=0.089m  effective=[ 0.166 -0.     0.05 ]
[ADMM-C3+] primal: 5.7464->3.8699  dual: 75.1888->83.3890  mono=False  iters=25/25  rho=25.0
[ADMM-C3+] WARNING non-converged: pr=3.8699 dr=83.3890 tol=1e-03
[C3+] step=1269 |u[0]|=37.89Nm λ_n_max=-0.000 η_n_max=0.735 primal=3.870 iters=25/25
[EErel] along_push=-0.077m (neg=correct)  perp=0.001m  ee_to_box=0.077m  stage=3  obj=[-0.  0.]  g_hat=[-1. -0.]
[proxy] err=0.089m  effective=[ 0.166 -0.     0.05 ]
[ADMM-C3+] primal: 5.7464->3.8699  dual: 75.1888->83.3890  mono=False  iters=25/25  rho=25.0
[ADMM-C3+] WARNING non-converged: pr=3.8699 dr=83.3890 tol=1e-03
[C3+] step=1274 |u[0]|=21.27Nm λ_n_max=0.000 η_n_max=0.735 primal=3.870 iters=25/25
[CONTACT-RUN] step=285 nhat_BA_W=[+0.000,+0.000,+0.000] p_BCb=[+0.000,+0.000,+0.000] distance=+1.00000 contact_type=NONE
[X-SEQ-PROBE] step=285 x0_box=(-0.00000,+0.00001,+0.04999) x1_box=(-0.00046,+0.00036,+0.02558) x1_box_v=(-0.00453,+0.00681,-0.48940) dt=0.050
[APPROACH-OVERRIDE] step=285 phase=A_lift_trav face_axis=0 face_sign=+1 face_score=+1.000 surf_dist=0.0027m advance=0.0007m target=(+0.1000,+0.0000,+0.1350) p_ee_des=(+0.0773,+0.0015,+0.0455)
[VFF] step=285 mode=c3 alpha=0.000 v_des=(+0.0000,+0.0000,+0.0000) |v_des|=0.0000 sat=0 util_max=0.009@j1
[OSC-FORCE] step=285 mode=c3 lam_des=2.000 lam_ext=2.000
[GS] step=285 mode=c3 switch=kStayInC3 best_k=0 best_src=current curr_cost=126198.95 repos_cost=- best_other=197476.29 met_progress=Y steps_since_improve=8 switches=5
[STEP] step=285 mode=c3 t=2.850s ee=(+0.077,+0.001,+0.045) obj=(-0.000,+0.000,+0.050) goal_dist=0.300m switch=kStayInC3 c3_cost=126198.95 lam_n=0.000 lam_t=0.000 contact=N productive=N f_cmd=(+2.00,+0.00,-0.00)
[GATE-EVOLVE] step=285 curr=126198.95 best_other=197476.29 ratio=0.6391 ee_to_optimal=0.0026m phi=0.0022m
[DRAKE-CONTACT] step=285 n_pairs=1 ee_box_normal=0.000
[GATE-CONTACT] step=285 F_W=(+0.0000,+0.0000,+0.0000) F_on_box=(-0.0000,-0.0000,-0.0000) n_face_out=(-0.0000,-0.0000,-0.0000) A_is_ee=0 box_q=(+1.00000,-0.00008,-0.00004,+0.00004) box_p=(-0.00000,+0.00001,+0.04999) ee_p=(+0.07715,+0.00150,+0.04480)
[EErel] along_push=-0.077m (neg=correct)  perp=0.001m  ee_to_box=0.077m  stage=3  obj=[-0.  0.]  g_hat=[-1. -0.]
[proxy] err=0.089m  effective=[ 0.166 -0.     0.05 ]
[ADMM-C3+] primal: 5.7391->3.8655  dual: 74.9736->83.1817  mono=False  iters=25/25  rho=25.0
[ADMM-C3+] WARNING non-converged: pr=3.8655 dr=83.1817 tol=1e-03
[C3+] step=1275 |u[0]|=37.92Nm λ_n_max=-0.000 η_n_max=0.741 primal=3.866 iters=25/25
[EErel] along_push=-0.077m (neg=correct)  perp=0.001m  ee_to_box=0.077m  stage=3  obj=[-0.  0.]  g_hat=[-1. -0.]
[proxy] err=0.089m  effective=[ 0.166 -0.     0.05 ]
[ADMM-C3+] primal: 5.7391->3.8655  dual: 74.9736->83.1817  mono=False  iters=25/25  rho=25.0
[ADMM-C3+] WARNING non-converged: pr=3.8655 dr=83.1817 tol=1e-03
[C3+] step=1280 |u[0]|=26.86Nm λ_n_max=0.000 η_n_max=0.741 primal=3.866 iters=25/25
[CONTACT-RUN] step=286 nhat_BA_W=[+0.000,+0.000,+0.000] p_BCb=[+0.000,+0.000,+0.000] distance=+1.00000 contact_type=NONE
[X-SEQ-PROBE] step=286 x0_box=(-0.00000,+0.00000,+0.04999) x1_box=(-0.00029,+0.00030,+0.02535) x1_box_v=(-0.00288,+0.00667,-0.49162) dt=0.050
[APPROACH-OVERRIDE] step=286 phase=A_lift_trav face_axis=0 face_sign=+1 face_score=+1.000 surf_dist=0.0025m advance=0.0005m target=(+0.1000,+0.0000,+0.1350) p_ee_des=(+0.0771,+0.0014,+0.0455)
[VFF] step=286 mode=c3 alpha=0.000 v_des=(+0.0000,+0.0000,+0.0000) |v_des|=0.0000 sat=0 util_max=0.009@j1
[OSC-FORCE] step=286 mode=c3 lam_des=2.000 lam_ext=2.000
[GS] step=286 mode=c3 switch=kStayInC3 best_k=0 best_src=current curr_cost=126766.26 repos_cost=- best_other=198191.29 met_progress=Y steps_since_improve=9 switches=5
[STEP] step=286 mode=c3 t=2.860s ee=(+0.077,+0.001,+0.045) obj=(-0.000,+0.000,+0.050) goal_dist=0.300m switch=kStayInC3 c3_cost=126766.26 lam_n=0.000 lam_t=0.000 contact=N productive=N f_cmd=(+2.00,+0.00,-0.00)
[GATE-EVOLVE] step=286 curr=126766.26 best_other=198191.29 ratio=0.6396 ee_to_optimal=0.0025m phi=0.0020m
[DRAKE-CONTACT] step=286 n_pairs=1 ee_box_normal=0.000
[GATE-CONTACT] step=286 F_W=(+0.0000,+0.0000,+0.0000) F_on_box=(-0.0000,-0.0000,-0.0000) n_face_out=(-0.0000,-0.0000,-0.0000) A_is_ee=0 box_q=(+1.00000,-0.00002,-0.00005,+0.00004) box_p=(-0.00000,+0.00000,+0.04999) ee_p=(+0.07701,+0.00142,+0.04495)
[EErel] along_push=-0.077m (neg=correct)  perp=0.001m  ee_to_box=0.077m  stage=3  obj=[-0.  0.]  g_hat=[-1. -0.]
[proxy] err=0.089m  effective=[ 0.165 -0.     0.05 ]
[ADMM-C3+] primal: 10.3015->6.0413  dual: 1215.3152->139.5987  mono=False  iters=25/25  rho=25.0
[ADMM-C3+] WARNING non-converged: pr=6.0413 dr=139.5987 tol=1e-03
[C3+] step=1281 |u[0]|=38.22Nm λ_n_max=9.741 η_n_max=2.738 primal=6.041 iters=25/25
[EErel] along_push=-0.077m (neg=correct)  perp=0.001m  ee_to_box=0.077m  stage=3  obj=[-0.  0.]  g_hat=[-1. -0.]
[proxy] err=0.089m  effective=[ 0.165 -0.     0.05 ]
[ADMM-C3+] primal: 10.5427->14.5107  dual: 1711.7600->395.4546  mono=False  iters=25/25  rho=25.0
[ADMM-C3+] WARNING non-converged: pr=14.5107 dr=395.4546 tol=1e-03
[C3+] step=1286 |u[0]|=25.39Nm λ_n_max=9.840 η_n_max=7.573 primal=14.511 iters=25/25
[CONTACT-RUN] step=287 nhat_BA_W=[+1.000,+0.000,+0.000] p_BCb=[+0.050,+0.001,-0.005] distance=+0.00187 contact_type=EE-BOX
[X-SEQ-PROBE] step=287 x0_box=(-0.00000,+0.00000,+0.05000) x1_box=(-0.11657,-0.00020,+0.02573) x1_box_v=(-2.33108,-0.00220,-0.48564) dt=0.050
[VFF] step=287 mode=c3 alpha=0.000 v_des=(+0.0000,+0.0000,+0.0000) |v_des|=0.0000 sat=0 util_max=0.132@j3
[OSC-FORCE] step=287 mode=c3 lam_des=2.000 lam_ext=2.000
[GS] step=287 mode=c3 switch=kStayInC3 best_k=0 best_src=current curr_cost=-673.26 repos_cost=- best_other=199278.43 met_progress=Y steps_since_improve=10 switches=5
[STEP] step=287 mode=c3 t=2.870s ee=(+0.077,+0.001,+0.045) obj=(-0.000,+0.000,+0.050) goal_dist=0.300m switch=kStayInC3 c3_cost=-673.26 lam_n=0.000 lam_t=3.354 contact=Y productive=Y f_cmd=(+2.00,+0.00,-0.00)
[GATE-EVOLVE] step=287 curr=-673.26 best_other=199278.43 ratio=-0.0034 ee_to_optimal=0.0023m phi=0.0019m
[DRAKE-CONTACT] step=287 n_pairs=1 ee_box_normal=0.000
[GATE-CONTACT] step=287 F_W=(+0.0000,+0.0000,+0.0000) F_on_box=(-0.0000,-0.0000,-0.0000) n_face_out=(-0.0000,-0.0000,-0.0000) A_is_ee=0 box_q=(+1.00000,-0.00000,-0.00001,+0.00005) box_p=(-0.00000,+0.00000,+0.05000) ee_p=(+0.07687,+0.00133,+0.04508)
[EErel] along_push=-0.077m (neg=correct)  perp=0.001m  ee_to_box=0.077m  stage=3  obj=[0. 0.]  g_hat=[-1. -0.]
[proxy] err=0.088m  effective=[ 0.165 -0.     0.05 ]
[ADMM-C3+] primal: 9.5703->8.0012  dual: 1112.2215->182.1287  mono=False  iters=25/25  rho=25.0
[ADMM-C3+] WARNING non-converged: pr=8.0012 dr=182.1287 tol=1e-03
[C3+] step=1287 |u[0]|=39.49Nm λ_n_max=8.316 η_n_max=2.718 primal=8.001 iters=25/25
[EErel] along_push=-0.077m (neg=correct)  perp=0.001m  ee_to_box=0.077m  stage=3  obj=[0. 0.]  g_hat=[-1. -0.]
[proxy] err=0.088m  effective=[ 0.165 -0.     0.05 ]
[ADMM-C3+] primal: 10.3059->7.5009  dual: 1451.9358->224.3353  mono=False  iters=25/25  rho=25.0
[ADMM-C3+] WARNING non-converged: pr=7.5009 dr=224.3353 tol=1e-03
[C3+] step=1292 |u[0]|=29.77Nm λ_n_max=8.283 η_n_max=3.140 primal=7.501 iters=25/25
[CONTACT-RUN] step=288 nhat_BA_W=[+1.000,+0.000,-0.000] p_BCb=[+0.050,+0.001,-0.005] distance=+0.00150 contact_type=EE-BOX
[X-SEQ-PROBE] step=288 x0_box=(+0.00001,+0.00001,+0.04999) x1_box=(-0.10995,-0.00001,+0.01707) x1_box_v=(-2.20366,-0.00041,-0.65776) dt=0.050
[VFF] step=288 mode=c3 alpha=0.000 v_des=(+0.0000,+0.0000,+0.0000) |v_des|=0.0000 sat=0 util_max=0.282@j2
[OSC-FORCE] step=288 mode=c3 lam_des=5.000 lam_ext=5.000
[GS] step=288 mode=c3 switch=kStayInC3 best_k=0 best_src=current curr_cost=-323.36 repos_cost=- best_other=182933.98 met_progress=Y steps_since_improve=11 switches=5
[STEP] step=288 mode=c3 t=2.880s ee=(+0.077,+0.001,+0.045) obj=(+0.000,+0.000,+0.050) goal_dist=0.300m switch=kStayInC3 c3_cost=-323.36 lam_n=8.283 lam_t=1.321 contact=Y productive=Y f_cmd=(+5.00,+0.00,-0.00)
[GATE-EVOLVE] step=288 curr=-323.36 best_other=182933.98 ratio=-0.0018 ee_to_optimal=0.0018m phi=0.0015m
[DRAKE-CONTACT] step=288 n_pairs=1 ee_box_normal=0.000
[GATE-CONTACT] step=288 F_W=(+0.0000,+0.0000,+0.0000) F_on_box=(-0.0000,-0.0000,-0.0000) n_face_out=(-0.0000,-0.0000,-0.0000) A_is_ee=0 box_q=(+1.00000,-0.00007,+0.00007,+0.00004) box_p=(+0.00001,+0.00001,+0.04999) ee_p=(+0.07651,+0.00103,+0.04500)
[EErel] along_push=-0.076m (neg=correct)  perp=0.000m  ee_to_box=0.076m  stage=3  obj=[ 0. -0.]  g_hat=[-1.  0.]
[proxy] err=0.088m  effective=[ 0.164 -0.     0.05 ]
[ADMM-C3+] primal: 18.9411->6.2359  dual: 1993.8141->166.7652  mono=False  iters=25/25  rho=25.0
[ADMM-C3+] WARNING non-converged: pr=6.2359 dr=166.7652 tol=1e-03
[C3+] step=1293 |u[0]|=41.88Nm λ_n_max=8.277 η_n_max=2.634 primal=6.236 iters=25/25
[EErel] along_push=-0.076m (neg=correct)  perp=0.000m  ee_to_box=0.076m  stage=3  obj=[ 0. -0.]  g_hat=[-1.  0.]
[proxy] err=0.088m  effective=[ 0.164 -0.     0.05 ]
[ADMM-C3+] primal: 11.4017->13.0822  dual: 1920.9602->370.8266  mono=False  iters=25/25  rho=25.0
[ADMM-C3+] WARNING non-converged: pr=13.0822 dr=370.8266 tol=1e-03
[C3+] step=1298 |u[0]|=27.03Nm λ_n_max=8.141 η_n_max=7.920 primal=13.082 iters=25/25
[CONTACT-RUN] step=289 nhat_BA_W=[+1.000,+0.000,-0.000] p_BCb=[+0.050,+0.000,-0.006] distance=+0.00124 contact_type=EE-BOX
[X-SEQ-PROBE] step=289 x0_box=(+0.00001,-0.00001,+0.04999) x1_box=(-0.10686,-0.00022,+0.01991) x1_box_v=(-2.13713,+0.00027,-0.60161) dt=0.050
[VFF] step=289 mode=c3 alpha=0.000 v_des=(+0.0000,+0.0000,+0.0000) |v_des|=0.0000 sat=0 util_max=0.142@j0
[OSC-FORCE] step=289 mode=c3 lam_des=2.000 lam_ext=2.000
[GS] step=289 mode=c3 switch=kStayInC3 best_k=0 best_src=current curr_cost=542.56 repos_cost=- best_other=182156.02 met_progress=Y steps_since_improve=12 switches=5
[STEP] step=289 mode=c3 t=2.890s ee=(+0.076,+0.000,+0.044) obj=(+0.000,-0.000,+0.050) goal_dist=0.300m switch=kStayInC3 c3_cost=542.56 lam_n=0.000 lam_t=3.380 contact=Y productive=Y f_cmd=(+2.00,-0.00,-0.00)
[GATE-EVOLVE] step=289 curr=542.56 best_other=182156.02 ratio=0.0030 ee_to_optimal=0.0012m phi=0.0012m
[DRAKE-CONTACT] step=289 n_pairs=1 ee_box_normal=0.000
[GATE-CONTACT] step=289 F_W=(+0.0000,+0.0000,+0.0000) F_on_box=(-0.0000,-0.0000,-0.0000) n_face_out=(-0.0000,-0.0000,-0.0000) A_is_ee=0 box_q=(+1.00000,+0.00007,+0.00006,+0.00004) box_p=(+0.00001,-0.00001,+0.04999) ee_p=(+0.07624,+0.00009,+0.04431)
[EErel] along_push=-0.076m (neg=correct)  perp=0.001m  ee_to_box=0.076m  stage=3  obj=[0. 0.]  g_hat=[-1. -0.]
[proxy] err=0.088m  effective=[0.164 0.    0.05 ]
[ADMM-C3+] primal: 9.2619->8.2931  dual: 1081.6242->258.4227  mono=False  iters=25/25  rho=25.0
[ADMM-C3+] WARNING non-converged: pr=8.2931 dr=258.4227 tol=1e-03
[C3+] step=1299 |u[0]|=42.81Nm λ_n_max=8.065 η_n_max=2.732 primal=8.293 iters=25/25
[EErel] along_push=-0.076m (neg=correct)  perp=0.001m  ee_to_box=0.076m  stage=3  obj=[0. 0.]  g_hat=[-1. -0.]
[proxy] err=0.088m  effective=[0.164 0.    0.05 ]
[ADMM-C3+] primal: 10.5726->10.4254  dual: 1483.5784->250.3352  mono=False  iters=25/25  rho=25.0
[ADMM-C3+] WARNING non-converged: pr=10.4254 dr=250.3352 tol=1e-03
[C3+] step=1304 |u[0]|=30.11Nm λ_n_max=8.013 η_n_max=3.057 primal=10.425 iters=25/25
[CONTACT-RUN] step=290 nhat_BA_W=[+1.000,+0.000,-0.000] p_BCb=[+0.050,-0.001,-0.007] distance=+0.00089 contact_type=EE-BOX
[X-SEQ-PROBE] step=290 x0_box=(+0.00001,+0.00000,+0.05000) x1_box=(-0.10650,+0.00005,+0.01781) x1_box_v=(-2.13568,-0.00014,-0.64298) dt=0.050
[VFF] step=290 mode=c3 alpha=0.000 v_des=(+0.0000,+0.0000,+0.0000) |v_des|=0.0000 sat=0 util_max=0.245@j2
[OSC-FORCE] step=290 mode=c3 lam_des=5.000 lam_ext=5.000
[IMP] step=290 mode=c3 |x_err|=0.0406m |tau_imp|=33.15Nm |tau_ff|=2.99Nm |tau_out|=33.15Nm sat=False lam_n=True lam_t=True
[GS] step=290 mode=c3 switch=kStayInC3 best_k=0 best_src=current curr_cost=136.51 repos_cost=- best_other=185166.70 met_progress=Y steps_since_improve=13 switches=5
[STEP] step=290 mode=c3 t=2.900s ee=(+0.076,-0.001,+0.043) obj=(+0.000,+0.000,+0.050) goal_dist=0.300m switch=kStayInC3 c3_cost=136.51 lam_n=8.013 lam_t=6.559 contact=Y productive=Y f_cmd=(+5.00,+0.00,-0.00)
[GATE-EVOLVE] step=290 curr=136.51 best_other=185166.70 ratio=0.0007 ee_to_optimal=0.0016m phi=0.0009m
[DRAKE-CONTACT] step=290 n_pairs=1 ee_box_normal=0.000
[GATE-CONTACT] step=290 F_W=(+0.0000,+0.0000,+0.0000) F_on_box=(-0.0000,-0.0000,-0.0000) n_face_out=(-0.0000,-0.0000,-0.0000) A_is_ee=0 box_q=(+1.00000,-0.00004,+0.00004,+0.00004) box_p=(+0.00001,+0.00000,+0.05000) ee_p=(+0.07589,-0.00128,+0.04323)
[EErel] along_push=-0.076m (neg=correct)  perp=0.003m  ee_to_box=0.076m  stage=3  obj=[-0.  0.]  g_hat=[-1. -0.]
[proxy] err=0.088m  effective=[0.163 0.    0.05 ]
[ADMM-C3+] primal: 9.9798->5.5687  dual: 1189.0676->94.9624  mono=False  iters=25/25  rho=25.0
[ADMM-C3+] WARNING non-converged: pr=5.5687 dr=94.9624 tol=1e-03
[C3+] step=1305 |u[0]|=43.96Nm λ_n_max=9.454 η_n_max=2.722 primal=5.569 iters=25/25
[EErel] along_push=-0.076m (neg=correct)  perp=0.003m  ee_to_box=0.076m  stage=3  obj=[-0.  0.]  g_hat=[-1. -0.]
[proxy] err=0.088m  effective=[0.163 0.    0.05 ]
[ADMM-C3+] primal: 10.1933->15.3762  dual: 1845.8934->438.1271  mono=False  iters=25/25  rho=25.0
[ADMM-C3+] WARNING non-converged: pr=15.3762 dr=438.1271 tol=1e-03
[C3+] step=1310 |u[0]|=28.31Nm λ_n_max=9.548 η_n_max=8.627 primal=15.376 iters=25/25
[CONTACT-RUN] step=291 nhat_BA_W=[+1.000,+0.000,+0.000] p_BCb=[+0.050,-0.003,-0.008] distance=+0.00059 contact_type=EE-BOX
[X-SEQ-PROBE] step=291 x0_box=(-0.00000,+0.00000,+0.05000) x1_box=(-0.11681,+0.00005,+0.04060) x1_box_v=(-2.33690,-0.00251,-0.18589) dt=0.050
[VFF] step=291 mode=c3 alpha=0.000 v_des=(+0.0000,+0.0000,+0.0000) |v_des|=0.0000 sat=0 util_max=0.156@j0
[OSC-FORCE] step=291 mode=c3 lam_des=2.000 lam_ext=2.000
[GS] step=291 mode=c3 switch=kStayInC3 best_k=0 best_src=current curr_cost=-39.29 repos_cost=- best_other=204752.33 met_progress=Y steps_since_improve=14 switches=5
[STEP] step=291 mode=c3 t=2.910s ee=(+0.076,-0.003,+0.042) obj=(-0.000,+0.000,+0.050) goal_dist=0.300m switch=kStayInC3 c3_cost=-39.29 lam_n=0.000 lam_t=3.369 contact=Y productive=Y f_cmd=(+2.00,+0.00,-0.00)
[GATE-EVOLVE] step=291 curr=-39.29 best_other=204752.33 ratio=-0.0002 ee_to_optimal=0.0031m phi=0.0006m
[DRAKE-CONTACT] step=291 n_pairs=1 ee_box_normal=0.000
[GATE-CONTACT] step=291 F_W=(+0.0000,+0.0000,+0.0000) F_on_box=(-0.0000,-0.0000,-0.0000) n_face_out=(-0.0000,-0.0000,-0.0000) A_is_ee=0 box_q=(+1.00000,-0.00004,-0.00002,+0.00003) box_p=(-0.00000,+0.00000,+0.05000) ee_p=(+0.07559,-0.00304,+0.04180)
[EErel] along_push=-0.075m (neg=correct)  perp=0.005m  ee_to_box=0.075m  stage=3  obj=[-0.  0.]  g_hat=[-1. -0.]
[proxy] err=0.089m  effective=[0.163 0.001 0.05 ]
[ADMM-C3+] primal: 9.8215->6.7827  dual: 1170.4683->177.1392  mono=False  iters=25/25  rho=25.0
[ADMM-C3+] WARNING non-converged: pr=6.7827 dr=177.1392 tol=1e-03
[C3+] step=1311 |u[0]|=43.85Nm λ_n_max=9.306 η_n_max=2.676 primal=6.783 iters=25/25
[EErel] along_push=-0.075m (neg=correct)  perp=0.005m  ee_to_box=0.075m  stage=3  obj=[-0.  0.]  g_hat=[-1. -0.]
[proxy] err=0.089m  effective=[0.163 0.001 0.05 ]
[ADMM-C3+] primal: 11.0263->7.8326  dual: 1558.2818->252.7028  mono=False  iters=25/25  rho=25.0
[ADMM-C3+] WARNING non-converged: pr=7.8326 dr=252.7028 tol=1e-03
[C3+] step=1316 |u[0]|=30.46Nm λ_n_max=9.487 η_n_max=3.115 primal=7.833 iters=25/25
[CONTACT-RUN] step=292 nhat_BA_W=[+1.000,+0.000,+0.000] p_BCb=[+0.050,-0.005,-0.010] distance=+0.00024 contact_type=EE-BOX
[X-SEQ-PROBE] step=292 x0_box=(-0.00001,+0.00000,+0.05000) x1_box=(-0.11868,-0.00028,+0.04666) x1_box_v=(-2.37278,-0.00235,-0.06938) dt=0.050
[VFF] step=292 mode=c3 alpha=0.000 v_des=(+0.0000,+0.0000,+0.0000) |v_des|=0.0000 sat=0 util_max=0.245@j0
[OSC-FORCE] step=292 mode=c3 lam_des=5.000 lam_ext=5.000
[GS] step=292 mode=c3 switch=kStayInC3 best_k=0 best_src=current curr_cost=-315.81 repos_cost=- best_other=204106.61 met_progress=Y steps_since_improve=0 switches=5
[STEP] step=292 mode=c3 t=2.920s ee=(+0.075,-0.005,+0.040) obj=(-0.000,+0.000,+0.050) goal_dist=0.300m switch=kStayInC3 c3_cost=-315.81 lam_n=9.487 lam_t=2.251 contact=Y productive=Y f_cmd=(+5.00,+0.00,-0.00)
[GATE-EVOLVE] step=292 curr=-315.81 best_other=204106.61 ratio=-0.0015 ee_to_optimal=0.0051m phi=0.0002m
[DRAKE-CONTACT] step=292 n_pairs=2 ee_box_normal=0.888
[GATE-CONTACT] step=292 F_W=(-0.8631,-0.1604,-0.1309) F_on_box=(-0.8631,-0.1604,-0.1309) n_face_out=(+1.0000,-0.0001,+0.0002) A_is_ee=1 box_q=(+1.00000,-0.00001,-0.00007,+0.00003) box_p=(-0.00001,+0.00000,+0.05000) ee_p=(+0.07524,-0.00504,+0.04017)
[EErel] along_push=-0.075m (neg=correct)  perp=0.007m  ee_to_box=0.075m  stage=3  obj=[-0. -0.]  g_hat=[-1.  0.]
[proxy] err=0.089m  effective=[0.163 0.001 0.05 ]
[ADMM-C3+] primal: 14.9280->13.3221  dual: 1878.0959->390.1804  mono=False  iters=25/25  rho=25.0
[ADMM-C3+] WARNING non-converged: pr=13.3221 dr=390.1804 tol=1e-03
[C3+] step=1317 |u[0]|=44.06Nm λ_n_max=9.100 η_n_max=2.891 primal=13.322 iters=25/25
[EErel] along_push=-0.075m (neg=correct)  perp=0.007m  ee_to_box=0.075m  stage=3  obj=[-0. -0.]  g_hat=[-1.  0.]
[proxy] err=0.089m  effective=[0.163 0.001 0.05 ]
[ADMM-C3+] primal: 10.4388->5.2708  dual: 1905.4081->69.7662  mono=False  iters=25/25  rho=25.0
[ADMM-C3+] WARNING non-converged: pr=5.2708 dr=69.7662 tol=1e-03
[C3+] step=1322 |u[0]|=28.87Nm λ_n_max=9.469 η_n_max=8.201 primal=5.271 iters=25/25
[CONTACT-RUN] step=293 nhat_BA_W=[+1.000,-0.000,+0.000] p_BCb=[+0.050,-0.007,-0.012] distance=-0.00000 contact_type=EE-BOX
[X-SEQ-PROBE] step=293 x0_box=(-0.00002,-0.00001,+0.04997) x1_box=(-0.11830,+0.00024,+0.04231) x1_box_v=(-2.36652,+0.00287,-0.15625) dt=0.050
[VFF] step=293 mode=c3 alpha=0.000 v_des=(+0.0000,+0.0000,+0.0000) |v_des|=0.0000 sat=0 util_max=0.202@j0
[OSC-FORCE] step=293 mode=c3 lam_des=5.000 lam_ext=5.000
[GS] step=293 mode=c3 switch=kStayInC3 best_k=0 best_src=current curr_cost=2088.90 repos_cost=- best_other=205307.77 met_progress=Y steps_since_improve=0 switches=5
[STEP] step=293 mode=c3 t=2.930s ee=(+0.075,-0.007,+0.038) obj=(-0.000,-0.000,+0.050) goal_dist=0.300m switch=kStayInC3 c3_cost=2088.90 lam_n=9.469 lam_t=2.075 contact=Y productive=Y f_cmd=(+5.00,-0.00,-0.00)
[GATE-EVOLVE] step=293 curr=2088.90 best_other=205307.77 ratio=0.0102 ee_to_optimal=0.0073m phi=-0.0000m
[DRAKE-CONTACT] step=293 n_pairs=2 ee_box_normal=13.359
[GATE-CONTACT] step=293 F_W=(-13.2287,-1.3516,-1.2748) F_on_box=(-13.2287,-1.3516,-1.2748) n_face_out=(+1.0000,-0.0031,-0.0003) A_is_ee=1 box_q=(+1.00000,+0.00001,-0.00006,-0.00003) box_p=(-0.00002,-0.00001,+0.04997) ee_p=(+0.07498,-0.00732,+0.03831)
[EErel] along_push=-0.075m (neg=correct)  perp=0.010m  ee_to_box=0.076m  stage=3  obj=[-0. -0.]  g_hat=[-1.  0.]
[proxy] err=0.090m  effective=[0.163 0.002 0.05 ]
[ADMM-C3+] primal: 14.7767->13.9163  dual: 1864.0401->423.5503  mono=False  iters=25/25  rho=25.0
[ADMM-C3+] WARNING non-converged: pr=13.9163 dr=423.5503 tol=1e-03
[C3+] step=1323 |u[0]|=43.90Nm λ_n_max=9.102 η_n_max=2.981 primal=13.916 iters=25/25
[EErel] along_push=-0.075m (neg=correct)  perp=0.010m  ee_to_box=0.076m  stage=3  obj=[-0. -0.]  g_hat=[-1.  0.]
[proxy] err=0.090m  effective=[0.163 0.002 0.05 ]
[ADMM-C3+] primal: 11.4936->13.8182  dual: 1606.2449->383.8489  mono=False  iters=25/25  rho=25.0
[ADMM-C3+] WARNING non-converged: pr=13.8182 dr=383.8489 tol=1e-03
[C3+] step=1328 |u[0]|=30.86Nm λ_n_max=9.487 η_n_max=3.547 primal=13.818 iters=25/25
[CONTACT-RUN] step=294 nhat_BA_W=[+1.000,-0.003,+0.001] p_BCb=[+0.050,-0.009,-0.014] distance=-0.00002 contact_type=EE-BOX
[X-SEQ-PROBE] step=294 x0_box=(-0.00025,-0.00009,+0.04998) x1_box=(-0.12139,-0.00030,+0.04149) x1_box_v=(-2.39736,+0.00388,-0.16053) dt=0.050
[VFF] step=294 mode=c3 alpha=0.000 v_des=(+0.0000,+0.0000,+0.0000) |v_des|=0.0000 sat=0 util_max=0.243@j0
[OSC-FORCE] step=294 mode=c3 lam_des=2.000 lam_ext=2.000
[GS] step=294 mode=c3 switch=kStayInC3 best_k=0 best_src=current curr_cost=2313.93 repos_cost=- best_other=195374.76 met_progress=Y steps_since_improve=0 switches=5
[STEP] step=294 mode=c3 t=2.940s ee=(+0.075,-0.010,+0.036) obj=(-0.000,-0.000,+0.050) goal_dist=0.300m switch=kStayInC3 c3_cost=2313.93 lam_n=0.000 lam_t=2.823 contact=Y productive=Y f_cmd=(+2.00,-0.00,-0.00)
[GATE-EVOLVE] step=294 curr=2313.93 best_other=195374.76 ratio=0.0118 ee_to_optimal=0.0096m phi=-0.0000m
[DRAKE-CONTACT] step=294 n_pairs=1 ee_box_normal=0.000
[GATE-CONTACT] step=294 F_W=(+0.0000,+0.0000,+0.0000) F_on_box=(-0.0000,-0.0000,-0.0000) n_face_out=(-0.0000,-0.0000,-0.0000) A_is_ee=0 box_q=(+1.00000,+0.00034,-0.00034,-0.00155) box_p=(-0.00025,-0.00009,+0.04998) ee_p=(+0.07471,-0.00973,+0.03637)
[EErel] along_push=-0.075m (neg=correct)  perp=0.012m  ee_to_box=0.076m  stage=3  obj=[-0. -0.]  g_hat=[-1.     0.001]
[proxy] err=0.092m  effective=[0.164 0.003 0.05 ]
[ADMM-C3+] primal: 14.5017->14.7884  dual: 1844.1735->445.8728  mono=False  iters=25/25  rho=25.0
[ADMM-C3+] WARNING non-converged: pr=14.7884 dr=445.8728 tol=1e-03
[C3+] step=1329 |u[0]|=44.20Nm λ_n_max=9.375 η_n_max=3.128 primal=14.788 iters=25/25
[EErel] along_push=-0.075m (neg=correct)  perp=0.012m  ee_to_box=0.076m  stage=3  obj=[-0. -0.]  g_hat=[-1.     0.001]
[proxy] err=0.092m  effective=[0.164 0.003 0.05 ]
[ADMM-C3+] primal: 10.6341->10.9838  dual: 1902.5568->529.4985  mono=False  iters=25/25  rho=25.0
[ADMM-C3+] WARNING non-converged: pr=10.9838 dr=529.4985 tol=1e-03
[C3+] step=1334 |u[0]|=28.59Nm λ_n_max=8.871 η_n_max=8.042 primal=10.984 iters=25/25
[CONTACT-RUN] step=295 nhat_BA_W=[+1.000,-0.006,+0.000] p_BCb=[+0.050,-0.012,-0.016] distance=+0.00012 contact_type=EE-BOX
[X-SEQ-PROBE] step=295 x0_box=(-0.00040,-0.00018,+0.05001) x1_box=(-0.11126,+0.00003,+0.04655) x1_box_v=(-2.21742,+0.00439,-0.07233) dt=0.050
[VFF] step=295 mode=c3 alpha=0.000 v_des=(+0.0000,+0.0000,+0.0000) |v_des|=0.0000 sat=0 util_max=0.223@j0
[OSC-FORCE] step=295 mode=c3 lam_des=5.000 lam_ext=5.000
[GS] step=295 mode=c3 switch=kStayInC3 best_k=0 best_src=current curr_cost=2309.77 repos_cost=- best_other=204283.41 met_progress=Y steps_since_improve=0 switches=5
[STEP] step=295 mode=c3 t=2.950s ee=(+0.075,-0.012,+0.034) obj=(-0.000,-0.000,+0.050) goal_dist=0.300m switch=kStayInC3 c3_cost=2309.77 lam_n=18.391 lam_t=2.491 contact=Y productive=Y f_cmd=(+5.00,-0.00,-0.00)
[GATE-EVOLVE] step=295 curr=2309.77 best_other=204283.41 ratio=0.0113 ee_to_optimal=0.0120m phi=0.0001m
[DRAKE-CONTACT] step=295 n_pairs=2 ee_box_normal=10.616
[GATE-CONTACT] step=295 F_W=(-5.0522,-7.2645,-5.8649) F_on_box=(-5.0522,-7.2645,-5.8649) n_face_out=(+1.0000,-0.0059,-0.0000) A_is_ee=1 box_q=(+1.00000,+0.00012,-0.00006,-0.00286) box_p=(-0.00040,-0.00018,+0.05001) ee_p=(+0.07466,-0.01227,+0.03433)
[EErel] along_push=-0.075m (neg=correct)  perp=0.015m  ee_to_box=0.076m  stage=3  obj=[-0. -0.]  g_hat=[-1.     0.001]
[proxy] err=0.093m  effective=[0.164 0.004 0.05 ]
[ADMM-C3+] primal: 19.7063->11.8682  dual: 2074.0690->574.1084  mono=False  iters=25/25  rho=25.0
[ADMM-C3+] WARNING non-converged: pr=11.8682 dr=574.1084 tol=1e-03
[C3+] step=1335 |u[0]|=44.03Nm λ_n_max=9.604 η_n_max=3.468 primal=11.868 iters=25/25
[EErel] along_push=-0.075m (neg=correct)  perp=0.015m  ee_to_box=0.076m  stage=3  obj=[-0. -0.]  g_hat=[-1.     0.001]
[proxy] err=0.093m  effective=[0.164 0.004 0.05 ]
[ADMM-C3+] primal: 11.5695->13.1006  dual: 1558.2116->608.3639  mono=False  iters=25/25  rho=25.0
[ADMM-C3+] WARNING non-converged: pr=13.1006 dr=608.3639 tol=1e-03
[C3+] step=1340 |u[0]|=31.15Nm λ_n_max=9.772 η_n_max=3.546 primal=13.101 iters=25/25
[CONTACT-RUN] step=296 nhat_BA_W=[+1.000,-0.007,-0.000] p_BCb=[+0.050,-0.014,-0.018] distance=-0.00001 contact_type=EE-BOX
[X-SEQ-PROBE] step=296 x0_box=(-0.00042,-0.00020,+0.04999) x1_box=(-0.12410,-0.00075,+0.01807) x1_box_v=(-2.45825,+0.00374,-0.63124) dt=0.050
[VFF] step=296 mode=c3 alpha=0.000 v_des=(+0.0000,+0.0000,+0.0000) |v_des|=0.0000 sat=0 util_max=0.219@j0
[OSC-FORCE] step=296 mode=c3 lam_des=5.000 lam_ext=5.000
[GS] step=296 mode=c3 switch=kStayInC3 best_k=0 best_src=current curr_cost=1055.53 repos_cost=- best_other=183967.62 met_progress=Y steps_since_improve=0 switches=5
[STEP] step=296 mode=c3 t=2.960s ee=(+0.074,-0.015,+0.032) obj=(-0.000,-0.000,+0.050) goal_dist=0.300m switch=kStayInC3 c3_cost=1055.53 lam_n=19.993 lam_t=2.512 contact=Y productive=Y f_cmd=(+5.00,-0.00,-0.00)
[GATE-EVOLVE] step=296 curr=1055.53 best_other=183967.62 ratio=0.0057 ee_to_optimal=0.0147m phi=-0.0000m
[DRAKE-CONTACT] step=296 n_pairs=1 ee_box_normal=0.000
[GATE-CONTACT] step=296 F_W=(+0.0000,+0.0000,+0.0000) F_on_box=(-0.0000,-0.0000,-0.0000) n_face_out=(-0.0000,-0.0000,-0.0000) A_is_ee=0 box_q=(+1.00000,+0.00024,+0.00021,-0.00353) box_p=(-0.00042,-0.00020,+0.04999) ee_p=(+0.07446,-0.01499,+0.03220)
[EErel] along_push=-0.075m (neg=correct)  perp=0.017m  ee_to_box=0.077m  stage=3  obj=[-0.001 -0.   ]  g_hat=[-1.     0.001]
[proxy] err=0.096m  effective=[0.165 0.006 0.05 ]
[ADMM-C3+] primal: 14.1583->7.5885  dual: 1833.2332->305.8597  mono=False  iters=25/25  rho=25.0
[ADMM-C3+] WARNING non-converged: pr=7.5885 dr=305.8597 tol=1e-03
[C3+] step=1341 |u[0]|=44.13Nm λ_n_max=9.184 η_n_max=3.301 primal=7.589 iters=25/25
[EErel] along_push=-0.075m (neg=correct)  perp=0.017m  ee_to_box=0.077m  stage=3  obj=[-0.001 -0.   ]  g_hat=[-1.     0.001]
[proxy] err=0.096m  effective=[0.165 0.006 0.05 ]
[ADMM-C3+] primal: 10.8449->7.5012  dual: 1940.3834->209.7536  mono=False  iters=25/25  rho=25.0
[ADMM-C3+] WARNING non-converged: pr=7.5012 dr=209.7536 tol=1e-03
[C3+] step=1346 |u[0]|=28.16Nm λ_n_max=9.128 η_n_max=8.200 primal=7.501 iters=25/25
[CONTACT-RUN] step=297 nhat_BA_W=[+1.000,-0.010,+0.000] p_BCb=[+0.050,-0.017,-0.020] distance=+0.00012 contact_type=EE-BOX
[X-SEQ-PROBE] step=297 x0_box=(-0.00062,-0.00033,+0.05000) x1_box=(-0.11546,-0.00005,+0.05369) x1_box_v=(-2.28956,+0.00687,+0.07168) dt=0.050
[VFF] step=297 mode=c3 alpha=0.000 v_des=(+0.0000,+0.0000,+0.0000) |v_des|=0.0000 sat=0 util_max=0.225@j0
[OSC-FORCE] step=297 mode=c3 lam_des=5.000 lam_ext=5.000
[GS] step=297 mode=c3 switch=kStayInC3 best_k=0 best_src=current curr_cost=4145.80 repos_cost=- best_other=201018.85 met_progress=Y steps_since_improve=0 switches=5
[STEP] step=297 mode=c3 t=2.970s ee=(+0.074,-0.018,+0.030) obj=(-0.001,-0.000,+0.050) goal_dist=0.299m switch=kStayInC3 c3_cost=4145.80 lam_n=9.128 lam_t=2.043 contact=Y productive=Y f_cmd=(+5.00,-0.01,-0.00)
[GATE-EVOLVE] step=297 curr=4145.80 best_other=201018.85 ratio=0.0206 ee_to_optimal=0.0175m phi=0.0001m
[DRAKE-CONTACT] step=297 n_pairs=2 ee_box_normal=37.986
[GATE-CONTACT] step=297 F_W=(-36.8076,-6.9749,-6.2829) F_on_box=(-36.8076,-6.9749,-6.2829) n_face_out=(+0.9999,-0.0105,+0.0003) A_is_ee=1 box_q=(+0.99999,+0.00031,-0.00020,-0.00476) box_p=(-0.00062,-0.00033,+0.05000) ee_p=(+0.07434,-0.01786,+0.03000)
[EErel] along_push=-0.075m (neg=correct)  perp=0.021m  ee_to_box=0.078m  stage=3  obj=[-0.001 -0.   ]  g_hat=[-1.     0.001]
[proxy] err=0.099m  effective=[0.166 0.008 0.05 ]
[ADMM-C3+] primal: 14.0429->7.6619  dual: 1833.6103->304.6327  mono=False  iters=25/25  rho=25.0
[ADMM-C3+] WARNING non-converged: pr=7.6619 dr=304.6327 tol=1e-03
[C3+] step=1347 |u[0]|=43.83Nm λ_n_max=8.677 η_n_max=3.334 primal=7.662 iters=25/25
[EErel] along_push=-0.075m (neg=correct)  perp=0.021m  ee_to_box=0.078m  stage=3  obj=[-0.001 -0.   ]  g_hat=[-1.     0.001]
[proxy] err=0.099m  effective=[0.166 0.008 0.05 ]
[ADMM-C3+] primal: 12.0538->7.1584  dual: 1626.4081->277.3311  mono=False  iters=25/25  rho=25.0
[ADMM-C3+] WARNING non-converged: pr=7.1584 dr=277.3311 tol=1e-03
[C3+] step=1352 |u[0]|=30.53Nm λ_n_max=8.885 η_n_max=3.445 primal=7.158 iters=25/25
[CONTACT-RUN] step=298 nhat_BA_W=[+1.000,-0.010,+0.001] p_BCb=[+0.050,-0.020,-0.022] distance=-0.00004 contact_type=EE-BOX
[X-SEQ-PROBE] step=298 x0_box=(-0.00070,-0.00030,+0.05000) x1_box=(-0.11400,+0.00064,+0.05592) x1_box_v=(-2.24396,+0.00826,+0.10120) dt=0.050
[VFF] step=298 mode=c3 alpha=0.000 v_des=(+0.0000,+0.0000,+0.0000) |v_des|=0.0000 sat=0 util_max=0.193@j0
[OSC-FORCE] step=298 mode=c3 lam_des=5.000 lam_ext=5.000
[GS] step=298 mode=c3 switch=kStayInC3 best_k=0 best_src=current curr_cost=6704.77 repos_cost=- best_other=195955.77 met_progress=Y steps_since_improve=0 switches=5
[STEP] step=298 mode=c3 t=2.980s ee=(+0.074,-0.021,+0.028) obj=(-0.001,-0.000,+0.050) goal_dist=0.299m switch=kStayInC3 c3_cost=6704.77 lam_n=8.885 lam_t=3.450 contact=Y productive=Y f_cmd=(+5.00,-0.01,-0.00)
[GATE-EVOLVE] step=298 curr=6704.77 best_other=195955.77 ratio=0.0342 ee_to_optimal=0.0205m phi=-0.0000m
[DRAKE-CONTACT] step=298 n_pairs=1 ee_box_normal=0.000
[GATE-CONTACT] step=298 F_W=(+0.0000,+0.0000,+0.0000) F_on_box=(-0.0000,-0.0000,-0.0000) n_face_out=(-0.0000,-0.0000,-0.0000) A_is_ee=0 box_q=(+0.99999,+0.00044,-0.00048,-0.00515) box_p=(-0.00070,-0.00030,+0.05000) ee_p=(+0.07407,-0.02091,+0.02773)
[PERSIST] step=299 refresh n_strategy=3 samples=[(-0.0298, -0.08, 0.03), (0.0793, 0.0077, 0.03), (0.0791, -0.0039, 0.03)]
[EErel] along_push=-0.075m (neg=correct)  perp=0.024m  ee_to_box=0.078m  stage=3  obj=[-0.001 -0.   ]  g_hat=[-1.     0.001]
[proxy] err=0.102m  effective=[0.167 0.01  0.05 ]
[ADMM-C3+] primal: 13.8566->11.3317  dual: 1824.0235->531.6265  mono=False  iters=25/25  rho=25.0
[ADMM-C3+] WARNING non-converged: pr=11.3317 dr=531.6265 tol=1e-03
[C3+] step=1353 |u[0]|=44.06Nm λ_n_max=8.156 η_n_max=3.352 primal=11.332 iters=25/25
[EErel] along_push=-0.075m (neg=correct)  perp=0.024m  ee_to_box=0.078m  stage=3  obj=[-0.001 -0.   ]  g_hat=[-1.     0.001]
[proxy] err=0.102m  effective=[0.167 0.01  0.05 ]
[ADMM-C3+] primal: 11.3701->8.2182  dual: 1962.0709->264.9576  mono=False  iters=25/25  rho=25.0
[ADMM-C3+] WARNING non-converged: pr=8.2182 dr=264.9576 tol=1e-03
[C3+] step=1358 |u[0]|=27.96Nm λ_n_max=8.616 η_n_max=7.995 primal=8.218 iters=25/25
[CONTACT-RUN] step=299 nhat_BA_W=[+1.000,-0.014,+0.001] p_BCb=[+0.050,-0.023,-0.025] distance=+0.00002 contact_type=EE-BOX
[X-SEQ-PROBE] step=299 x0_box=(-0.00082,-0.00041,+0.04999) x1_box=(-0.10856,+0.00032,+0.05673) x1_box_v=(-2.15473,+0.00948,+0.13351) dt=0.050
[VFF] step=299 mode=c3 alpha=0.000 v_des=(+0.0000,+0.0000,+0.0000) |v_des|=0.0000 sat=0 util_max=0.226@j0
[OSC-FORCE] step=299 mode=c3 lam_des=5.000 lam_ext=5.000
[GS] step=299 mode=c3 switch=kStayInC3 best_k=0 best_src=current curr_cost=9539.74 repos_cost=- best_other=203579.37 met_progress=Y steps_since_improve=0 switches=5
[STEP] step=299 mode=c3 t=2.990s ee=(+0.074,-0.024,+0.025) obj=(-0.001,-0.000,+0.050) goal_dist=0.299m switch=kStayInC3 c3_cost=9539.74 lam_n=8.616 lam_t=1.643 contact=Y productive=Y f_cmd=(+5.00,-0.01,-0.00)
[GATE-EVOLVE] step=299 curr=9539.74 best_other=203579.37 ratio=0.0469 ee_to_optimal=0.0235m phi=0.0000m
[DRAKE-CONTACT] step=299 n_pairs=2 ee_box_normal=0.000
[GATE-CONTACT] step=299 F_W=(+0.0000,+0.0000,+0.0000) F_on_box=(-0.0000,-0.0000,-0.0000) n_face_out=(-0.0000,-0.0000,-0.0000) A_is_ee=0 box_q=(+0.99998,+0.00009,-0.00044,-0.00703) box_p=(-0.00082,-0.00041,+0.04999) ee_p=(+0.07390,-0.02405,+0.02541)
[EErel] along_push=-0.075m (neg=correct)  perp=0.025m  ee_to_box=0.079m  stage=3  obj=[-0.001 -0.   ]  g_hat=[-1.     0.001]
[proxy] err=0.104m  effective=[0.167 0.012 0.05 ]
[ADMM-C3+] primal: 13.3296->12.3400  dual: 1737.1128->532.3722  mono=False  iters=25/25  rho=25.0
[ADMM-C3+] WARNING non-converged: pr=12.3400 dr=532.3722 tol=1e-03
[C3+] step=1359 |u[0]|=41.25Nm λ_n_max=7.888 η_n_max=3.362 primal=12.340 iters=25/25
[EErel] along_push=-0.075m (neg=correct)  perp=0.025m  ee_to_box=0.079m  stage=3  obj=[-0.001 -0.   ]  g_hat=[-1.     0.001]
[proxy] err=0.104m  effective=[0.167 0.012 0.05 ]
[ADMM-C3+] primal: 11.7038->8.3676  dual: 1541.2697->355.7926  mono=False  iters=25/25  rho=25.0
[ADMM-C3+] WARNING non-converged: pr=8.3676 dr=355.7926 tol=1e-03
[C3+] step=1364 |u[0]|=29.00Nm λ_n_max=8.497 η_n_max=3.375 primal=8.368 iters=25/25
[CONTACT-RUN] step=300 nhat_BA_W=[+1.000,-0.015,+0.000] p_BCb=[+0.050,-0.024,-0.025] distance=-0.00002 contact_type=EE-BOX
[X-SEQ-PROBE] step=300 x0_box=(-0.00081,-0.00044,+0.05002) x1_box=(-0.10724,+0.00025,+0.05630) x1_box_v=(-2.12658,+0.01036,+0.12343) dt=0.050
[VFF] step=300 mode=c3 alpha=0.000 v_des=(+0.0000,+0.0000,+0.0000) |v_des|=0.0000 sat=0 util_max=0.287@j2
[OSC-FORCE] step=300 mode=c3 lam_des=5.000 lam_ext=5.000
[IMP] step=300 mode=c3 |x_err|=0.0373m |tau_imp|=40.53Nm |tau_ff|=2.87Nm |tau_out|=40.53Nm sat=False lam_n=True lam_t=True
[GS] step=300 mode=c3 switch=kStayInC3 best_k=0 best_src=current curr_cost=9543.62 repos_cost=- best_other=199845.34 met_progress=Y steps_since_improve=1 switches=5
[STEP] step=300 mode=c3 t=3.000s ee=(+0.074,-0.025,+0.025) obj=(-0.001,-0.000,+0.050) goal_dist=0.299m switch=kStayInC3 c3_cost=9543.62 lam_n=8.497 lam_t=5.460 contact=Y productive=Y f_cmd=(+5.00,-0.01,-0.00)
[GATE-EVOLVE] step=300 curr=9543.62 best_other=199845.34 ratio=0.0478 ee_to_optimal=0.0248m phi=-0.0000m
[GS-table] step=300
  k=0 (current   ) pos=(+0.074,-0.025,+0.025) c_C3=  39541.00 align=0.9999(bonus=29997.38) rot=+0.0000(bonus=    0.00) travel=0.000m(pen=  0.00) c_sample=   9543.62 feas=Y ik_err=0.0000m  ← WIN
  k=1 (strat_0   ) pos=(-0.030,-0.080,+0.030) c_C3= 215333.47 align=0.0000(bonus=    0.00) rot=+0.0000(bonus=    0.00) travel=0.117m(pen= 23.46) c_sample= 215356.93 feas=Y ik_err=0.0006m
  k=2 (strat_1   ) pos=(+0.079,+0.008,+0.030) c_C3= 232787.24 align=0.9999(bonus=29997.38) rot=+0.0000(bonus=    0.00) travel=0.034m(pen=  6.77) c_sample= 202796.64 feas=Y ik_err=0.0001m
  k=3 (strat_2   ) pos=(+0.079,-0.004,+0.030) c_C3= 229838.18 align=0.9999(bonus=29997.38) rot=+0.0000(bonus=    0.00) travel=0.023m(pen=  4.53) c_sample= 199845.34 feas=Y ik_err=0.0007m
  k=4 (buffer    ) pos=(+0.080,-0.003,+0.030) c_C3= 230113.36 align=0.9999(bonus=29997.38) rot=+0.0000(bonus=    0.00) travel=0.024m(pen=  4.79) c_sample= 200120.77 feas=Y ik_err=0.0007m
[DRAKE-CONTACT] step=300 n_pairs=2 ee_box_normal=0.000
[GATE-CONTACT] step=300 F_W=(+0.0000,+0.0000,+0.0000) F_on_box=(-0.0000,-0.0000,-0.0000) n_face_out=(-0.0000,-0.0000,-0.0000) A_is_ee=0 box_q=(+0.99998,+0.00021,-0.00012,-0.00734) box_p=(-0.00081,-0.00044,+0.05002) ee_p=(+0.07383,-0.02532,+0.02491)
[EErel] along_push=-0.075m (neg=correct)  perp=0.025m  ee_to_box=0.079m  stage=3  obj=[-0.001 -0.001]  g_hat=[-1.     0.002]
[proxy] err=0.104m  effective=[0.167 0.012 0.05 ]
[ADMM-C3+] primal: 13.3610->11.0290  dual: 1738.9508->518.4251  mono=False  iters=25/25  rho=25.0
[ADMM-C3+] WARNING non-converged: pr=11.0290 dr=518.4251 tol=1e-03
[C3+] step=1365 |u[0]|=42.35Nm λ_n_max=7.912 η_n_max=3.425 primal=11.029 iters=25/25
[EErel] along_push=-0.075m (neg=correct)  perp=0.025m  ee_to_box=0.079m  stage=3  obj=[-0.001 -0.001]  g_hat=[-1.     0.002]
[proxy] err=0.104m  effective=[0.167 0.012 0.05 ]
[ADMM-C3+] primal: 11.6048->12.6813  dual: 1832.4830->386.3953  mono=False  iters=25/25  rho=25.0
[ADMM-C3+] WARNING non-converged: pr=12.6813 dr=386.3953 tol=1e-03
[C3+] step=1370 |u[0]|=24.81Nm λ_n_max=8.456 η_n_max=7.349 primal=12.681 iters=25/25
[CONTACT-RUN] step=301 nhat_BA_W=[+1.000,-0.018,+0.001] p_BCb=[+0.050,-0.024,-0.025] distance=+0.00012 contact_type=EE-BOX
[X-SEQ-PROBE] step=301 x0_box=(-0.00093,-0.00053,+0.05003) x1_box=(-0.10678,+0.00030,+0.05580) x1_box_v=(-2.11585,+0.01092,+0.11119) dt=0.050
[VFF] step=301 mode=c3 alpha=0.000 v_des=(+0.0000,+0.0000,+0.0000) |v_des|=0.0000 sat=0 util_max=0.177@j3
[OSC-FORCE] step=301 mode=c3 lam_des=2.000 lam_ext=2.000
[GS] step=301 mode=c3 switch=kStayInC3 best_k=0 best_src=current curr_cost=10088.05 repos_cost=- best_other=200789.75 met_progress=Y steps_since_improve=0 switches=5
[STEP] step=301 mode=c3 t=3.010s ee=(+0.074,-0.026,+0.025) obj=(-0.001,-0.001,+0.050) goal_dist=0.299m switch=kStayInC3 c3_cost=10088.05 lam_n=0.000 lam_t=0.000 contact=Y productive=Y f_cmd=(+2.00,-0.00,-0.00)
[GATE-EVOLVE] step=301 curr=10088.05 best_other=200789.75 ratio=0.0502 ee_to_optimal=0.0254m phi=0.0001m
  t=3.00s | ee=(0.074, -0.026, 0.025) | obj=(-0.001, -0.001, 0.050) | |u|=24.34 Nm | goal_dist=0.299 m
[DRAKE-CONTACT] step=301 n_pairs=2 ee_box_normal=0.000
[GATE-CONTACT] step=301 F_W=(+0.0000,+0.0000,+0.0000) F_on_box=(-0.0000,-0.0000,-0.0000) n_face_out=(-0.0000,-0.0000,-0.0000) A_is_ee=0 box_q=(+0.99996,+0.00010,-0.00035,-0.00920) box_p=(-0.00093,-0.00053,+0.05003) ee_p=(+0.07375,-0.02607,+0.02493)
[EErel] along_push=-0.075m (neg=correct)  perp=0.026m  ee_to_box=0.079m  stage=3  obj=[-0.001 -0.001]  g_hat=[-1.     0.002]
[proxy] err=0.105m  effective=[0.168 0.013 0.05 ]
[ADMM-C3+] primal: 9.9688->12.5425  dual: 1006.7320->562.3008  mono=False  iters=25/25  rho=25.0
[ADMM-C3+] WARNING non-converged: pr=12.5425 dr=562.3008 tol=1e-03
[C3+] step=1371 |u[0]|=43.18Nm λ_n_max=8.344 η_n_max=3.432 primal=12.542 iters=25/25
[EErel] along_push=-0.075m (neg=correct)  perp=0.026m  ee_to_box=0.079m  stage=3  obj=[-0.001 -0.001]  g_hat=[-1.     0.002]
[proxy] err=0.105m  effective=[0.168 0.013 0.05 ]
[ADMM-C3+] primal: 12.9233->16.5550  dual: 1416.3049->681.4175  mono=False  iters=25/25  rho=25.0
[ADMM-C3+] WARNING non-converged: pr=16.5550 dr=681.4175 tol=1e-03
[C3+] step=1376 |u[0]|=33.23Nm λ_n_max=8.281 η_n_max=3.226 primal=16.555 iters=25/25
[CONTACT-RUN] step=302 nhat_BA_W=[+1.000,-0.019,+0.000] p_BCb=[+0.050,-0.025,-0.025] distance=-0.00001 contact_type=EE-BOX
[X-SEQ-PROBE] step=302 x0_box=(-0.00091,-0.00052,+0.05000) x1_box=(-0.10432,+0.00006,+0.06398) x1_box_v=(-2.06954,+0.00592,+0.28009) dt=0.050
[VFF] step=302 mode=c3 alpha=0.000 v_des=(+0.0000,+0.0000,+0.0000) |v_des|=0.0000 sat=0 util_max=0.299@j2
[OSC-FORCE] step=302 mode=c3 lam_des=5.000 lam_ext=5.000
[GS] step=302 mode=c3 switch=kStayInC3 best_k=0 best_src=current curr_cost=-7198.65 repos_cost=- best_other=202908.87 met_progress=Y steps_since_improve=1 switches=5
[STEP] step=302 mode=c3 t=3.020s ee=(+0.074,-0.027,+0.025) obj=(-0.001,-0.001,+0.050) goal_dist=0.299m switch=kStayInC3 c3_cost=-7198.65 lam_n=16.792 lam_t=6.228 contact=Y productive=Y f_cmd=(+5.00,-0.01,-0.00)
[GATE-EVOLVE] step=302 curr=-7198.65 best_other=202908.87 ratio=-0.0355 ee_to_optimal=0.0262m phi=-0.0000m
[DRAKE-CONTACT] step=302 n_pairs=2 ee_box_normal=0.000
[GATE-CONTACT] step=302 F_W=(+0.0000,+0.0000,+0.0000) F_on_box=(-0.0000,-0.0000,-0.0000) n_face_out=(-0.0000,-0.0000,-0.0000) A_is_ee=0 box_q=(+0.99996,-0.00007,-0.00008,-0.00935) box_p=(-0.00091,-0.00052,+0.05000) ee_p=(+0.07360,-0.02683,+0.02497)
[EErel] along_push=-0.075m (neg=correct)  perp=0.027m  ee_to_box=0.079m  stage=3  obj=[-0.001 -0.001]  g_hat=[-1.     0.002]
[proxy] err=0.106m  effective=[0.168 0.014 0.05 ]
[ADMM-C3+] primal: 9.5321->5.7059  dual: 914.2855->162.3041  mono=False  iters=25/25  rho=25.0
[ADMM-C3+] WARNING non-converged: pr=5.7059 dr=162.3041 tol=1e-03
[C3+] step=1377 |u[0]|=43.39Nm λ_n_max=5.803 η_n_max=3.164 primal=5.706 iters=25/25
[EErel] along_push=-0.075m (neg=correct)  perp=0.027m  ee_to_box=0.079m  stage=3  obj=[-0.001 -0.001]  g_hat=[-1.     0.002]
[proxy] err=0.106m  effective=[0.168 0.014 0.05 ]
[ADMM-C3+] primal: 10.6940->10.2761  dual: 1709.0162->287.2919  mono=False  iters=25/25  rho=25.0
[ADMM-C3+] WARNING non-converged: pr=10.2761 dr=287.2919 tol=1e-03
[C3+] step=1382 |u[0]|=25.98Nm λ_n_max=5.650 η_n_max=6.643 primal=10.276 iters=25/25
[CONTACT-RUN] step=303 nhat_BA_W=[+1.000,-0.021,-0.000] p_BCb=[+0.050,-0.026,-0.025] distance=+0.00007 contact_type=EE-BOX
[X-SEQ-PROBE] step=303 x0_box=(-0.00095,-0.00050,+0.05001) x1_box=(-0.08190,-0.00028,+0.04236) x1_box_v=(-1.62455,+0.00407,-0.14915) dt=0.050
[VFF] step=303 mode=c3 alpha=0.000 v_des=(+0.0000,+0.0000,+0.0000) |v_des|=0.0000 sat=0 util_max=0.189@j0
[OSC-FORCE] step=303 mode=c3 lam_des=5.000 lam_ext=5.000
[GS] step=303 mode=c3 switch=kStayInC3 best_k=0 best_src=current curr_cost=976.86 repos_cost=- best_other=182403.22 met_progress=Y steps_since_improve=0 switches=5
[STEP] step=303 mode=c3 t=3.030s ee=(+0.074,-0.028,+0.025) obj=(-0.001,-0.001,+0.050) goal_dist=0.299m switch=kStayInC3 c3_cost=976.86 lam_n=5.650 lam_t=1.379 contact=Y productive=Y f_cmd=(+5.00,-0.01,-0.00)
[GATE-EVOLVE] step=303 curr=976.86 best_other=182403.22 ratio=0.0054 ee_to_optimal=0.0271m phi=0.0001m
[DRAKE-CONTACT] step=303 n_pairs=3 ee_box_normal=4.133
[GATE-CONTACT] step=303 F_W=(-2.0680,-3.5643,+0.3176) F_on_box=(-2.0680,-3.5643,+0.3176) n_face_out=(+0.9998,-0.0212,-0.0000) A_is_ee=1 box_q=(+0.99995,-0.00020,+0.00010,-0.01041) box_p=(-0.00095,-0.00050,+0.05001) ee_p=(+0.07357,-0.02770,+0.02493)
[EErel] along_push=-0.074m (neg=correct)  perp=0.028m  ee_to_box=0.079m  stage=3  obj=[-0.001 -0.001]  g_hat=[-1.     0.002]
[proxy] err=0.107m  effective=[0.168 0.015 0.05 ]
[ADMM-C3+] primal: 10.0165->9.3469  dual: 998.4322->339.9967  mono=False  iters=25/25  rho=25.0
[ADMM-C3+] WARNING non-converged: pr=9.3469 dr=339.9967 tol=1e-03
[C3+] step=1383 |u[0]|=43.40Nm λ_n_max=8.534 η_n_max=3.661 primal=9.347 iters=25/25
[EErel] along_push=-0.074m (neg=correct)  perp=0.028m  ee_to_box=0.079m  stage=3  obj=[-0.001 -0.001]  g_hat=[-1.     0.002]
[proxy] err=0.107m  effective=[0.168 0.015 0.05 ]
[ADMM-C3+] primal: 12.8484->12.8538  dual: 1501.5141->512.6870  mono=False  iters=25/25  rho=25.0
[ADMM-C3+] WARNING non-converged: pr=12.8538 dr=512.6870 tol=1e-03
[C3+] step=1388 |u[0]|=33.70Nm λ_n_max=8.334 η_n_max=3.454 primal=12.854 iters=25/25
[CONTACT-RUN] step=304 nhat_BA_W=[+1.000,-0.022,+0.000] p_BCb=[+0.050,-0.026,-0.025] distance=-0.00001 contact_type=EE-BOX
[X-SEQ-PROBE] step=304 x0_box=(-0.00101,-0.00056,+0.04999) x1_box=(-0.10681,-0.00089,+0.06203) x1_box_v=(-2.09951,+0.00672,+0.24504) dt=0.050
[VFF] step=304 mode=c3 alpha=0.000 v_des=(+0.0000,+0.0000,+0.0000) |v_des|=0.0000 sat=0 util_max=0.316@j2
[OSC-FORCE] step=304 mode=c3 lam_des=5.000 lam_ext=5.000
[GS] step=304 mode=c3 switch=kStayInC3 best_k=0 best_src=current curr_cost=-7618.63 repos_cost=- best_other=196521.17 met_progress=Y steps_since_improve=0 switches=5
[STEP] step=304 mode=c3 t=3.040s ee=(+0.073,-0.029,+0.025) obj=(-0.001,-0.001,+0.050) goal_dist=0.299m switch=kStayInC3 c3_cost=-7618.63 lam_n=8.334 lam_t=5.787 contact=Y productive=Y f_cmd=(+5.00,-0.01,-0.00)
[GATE-EVOLVE] step=304 curr=-7618.63 best_other=196521.17 ratio=-0.0388 ee_to_optimal=0.0278m phi=-0.0000m
[DRAKE-CONTACT] step=304 n_pairs=2 ee_box_normal=0.000
[GATE-CONTACT] step=304 F_W=(+0.0000,+0.0000,+0.0000) F_on_box=(-0.0000,-0.0000,-0.0000) n_face_out=(-0.0000,-0.0000,-0.0000) A_is_ee=0 box_q=(+0.99995,-0.00008,-0.00005,-0.01105) box_p=(-0.00101,-0.00056,+0.04999) ee_p=(+0.07339,-0.02851,+0.02499)
[EErel] along_push=-0.074m (neg=correct)  perp=0.029m  ee_to_box=0.080m  stage=3  obj=[-0.001 -0.001]  g_hat=[-1.     0.002]
[proxy] err=0.108m  effective=[0.169 0.015 0.05 ]
[ADMM-C3+] primal: 19.3418->9.4736  dual: 2138.3407->315.3460  mono=False  iters=25/25  rho=25.0
[ADMM-C3+] WARNING non-converged: pr=9.4736 dr=315.3460 tol=1e-03
[C3+] step=1389 |u[0]|=42.83Nm λ_n_max=9.143 η_n_max=4.537 primal=9.474 iters=25/25
[EErel] along_push=-0.074m (neg=correct)  perp=0.029m  ee_to_box=0.080m  stage=3  obj=[-0.001 -0.001]  g_hat=[-1.     0.002]
[proxy] err=0.108m  effective=[0.169 0.015 0.05 ]
[ADMM-C3+] primal: 12.7951->12.9069  dual: 2042.6819->587.3937  mono=False  iters=25/25  rho=25.0
[ADMM-C3+] WARNING non-converged: pr=12.9069 dr=587.3937 tol=1e-03
[C3+] step=1394 |u[0]|=26.55Nm λ_n_max=8.968 η_n_max=6.994 primal=12.907 iters=25/25
[CONTACT-RUN] step=305 nhat_BA_W=[+1.000,-0.026,-0.000] p_BCb=[+0.050,-0.027,-0.025] distance=+0.00015 contact_type=EE-BOX
[X-SEQ-PROBE] step=305 x0_box=(-0.00111,-0.00071,+0.05000) x1_box=(-0.11329,-0.00056,+0.02351) x1_box_v=(-2.24298,+0.01078,-0.52753) dt=0.050
[VFF] step=305 mode=c3 alpha=0.000 v_des=(+0.0000,+0.0000,+0.0000) |v_des|=0.0000 sat=0 util_max=0.218@j5
[OSC-FORCE] step=305 mode=c3 lam_des=5.000 lam_ext=5.000
[GS] step=305 mode=c3 switch=kStayInC3 best_k=0 best_src=current curr_cost=3295.41 repos_cost=- best_other=183449.05 met_progress=Y steps_since_improve=0 switches=5
[STEP] step=305 mode=c3 t=3.050s ee=(+0.073,-0.029,+0.025) obj=(-0.001,-0.001,+0.050) goal_dist=0.299m switch=kStayInC3 c3_cost=3295.41 lam_n=18.103 lam_t=0.000 contact=Y productive=Y f_cmd=(+5.00,-0.01,-0.00)
[GATE-EVOLVE] step=305 curr=3295.41 best_other=183449.05 ratio=0.0180 ee_to_optimal=0.0286m phi=0.0002m
[DRAKE-CONTACT] step=305 n_pairs=2 ee_box_normal=0.000
[GATE-CONTACT] step=305 F_W=(+0.0000,+0.0000,+0.0000) F_on_box=(-0.0000,-0.0000,-0.0000) n_face_out=(-0.0000,-0.0000,-0.0000) A_is_ee=0 box_q=(+0.99992,+0.00004,+0.00019,-0.01299) box_p=(-0.00111,-0.00071,+0.05000) ee_p=(+0.07332,-0.02945,+0.02493)
[EErel] along_push=-0.074m (neg=correct)  perp=0.029m  ee_to_box=0.080m  stage=3  obj=[-0.001 -0.001]  g_hat=[-1.     0.002]
[proxy] err=0.109m  effective=[0.169 0.016 0.05 ]
[ADMM-C3+] primal: 13.4908->11.0066  dual: 1745.4284->521.2186  mono=False  iters=25/25  rho=25.0
[ADMM-C3+] WARNING non-converged: pr=11.0066 dr=521.2186 tol=1e-03
[C3+] step=1395 |u[0]|=42.91Nm λ_n_max=7.801 η_n_max=3.651 primal=11.007 iters=25/25
[EErel] along_push=-0.074m (neg=correct)  perp=0.029m  ee_to_box=0.080m  stage=3  obj=[-0.001 -0.001]  g_hat=[-1.     0.002]
[proxy] err=0.109m  effective=[0.169 0.016 0.05 ]
[ADMM-C3+] primal: 12.2860->11.9161  dual: 1594.2667->556.0443  mono=False  iters=25/25  rho=25.0
[ADMM-C3+] WARNING non-converged: pr=11.9161 dr=556.0443 tol=1e-03
[C3+] step=1400 |u[0]|=29.94Nm λ_n_max=7.768 η_n_max=3.430 primal=11.916 iters=25/25
[CONTACT-RUN] step=306 nhat_BA_W=[+1.000,-0.026,+0.000] p_BCb=[+0.050,-0.028,-0.025] distance=+0.00000 contact_type=EE-BOX
[X-SEQ-PROBE] step=306 x0_box=(-0.00112,-0.00071,+0.04999) x1_box=(-0.09877,-0.00010,+0.04915) x1_box_v=(-1.94777,+0.01150,-0.01572) dt=0.050
[VFF] step=306 mode=c3 alpha=0.000 v_des=(+0.0000,+0.0000,+0.0000) |v_des|=0.0000 sat=0 util_max=0.294@j2
[OSC-FORCE] step=306 mode=c3 lam_des=5.000 lam_ext=5.000
[GS] step=306 mode=c3 switch=kStayInC3 best_k=0 best_src=current curr_cost=11548.99 repos_cost=- best_other=199153.28 met_progress=Y steps_since_improve=0 switches=5
[STEP] step=306 mode=c3 t=3.060s ee=(+0.073,-0.030,+0.025) obj=(-0.001,-0.001,+0.050) goal_dist=0.299m switch=kStayInC3 c3_cost=11548.99 lam_n=15.588 lam_t=4.481 contact=Y productive=Y f_cmd=(+5.00,-0.01,-0.00)
[GATE-EVOLVE] step=306 curr=11548.99 best_other=199153.28 ratio=0.0580 ee_to_optimal=0.0294m phi=0.0000m
[DRAKE-CONTACT] step=306 n_pairs=2 ee_box_normal=0.000
[GATE-CONTACT] step=306 F_W=(+0.0000,+0.0000,+0.0000) F_on_box=(-0.0000,-0.0000,-0.0000) n_face_out=(-0.0000,-0.0000,-0.0000) A_is_ee=0 box_q=(+0.99992,+0.00007,-0.00010,-0.01317) box_p=(-0.00112,-0.00071,+0.04999) ee_p=(+0.07313,-0.03031,+0.02498)
[EErel] along_push=-0.074m (neg=correct)  perp=0.030m  ee_to_box=0.080m  stage=3  obj=[-0.001 -0.001]  g_hat=[-1.     0.002]
[proxy] err=0.111m  effective=[0.169 0.017 0.05 ]
[ADMM-C3+] primal: 10.2692->9.3846  dual: 1005.1661->369.6273  mono=False  iters=25/25  rho=25.0
[ADMM-C3+] WARNING non-converged: pr=9.3846 dr=369.6273 tol=1e-03
[C3+] step=1401 |u[0]|=43.39Nm λ_n_max=8.340 η_n_max=3.724 primal=9.385 iters=25/25
[EErel] along_push=-0.074m (neg=correct)  perp=0.030m  ee_to_box=0.080m  stage=3  obj=[-0.001 -0.001]  g_hat=[-1.     0.002]
[proxy] err=0.111m  effective=[0.169 0.017 0.05 ]
[ADMM-C3+] primal: 12.8433->16.5376  dual: 1848.5923->723.8630  mono=False  iters=25/25  rho=25.0
[ADMM-C3+] WARNING non-converged: pr=16.5376 dr=723.8630 tol=1e-03
[C3+] step=1406 |u[0]|=30.78Nm λ_n_max=7.942 η_n_max=8.642 primal=16.538 iters=25/25
[CONTACT-RUN] step=307 nhat_BA_W=[+1.000,-0.029,+0.000] p_BCb=[+0.050,-0.028,-0.025] distance=+0.00002 contact_type=EE-BOX
[X-SEQ-PROBE] step=307 x0_box=(-0.00120,-0.00068,+0.05003) x1_box=(-0.10007,-0.00015,+0.06946) x1_box_v=(-1.98107,+0.00890,+0.38642) dt=0.050
[VFF] step=307 mode=c3 alpha=0.000 v_des=(+0.0000,+0.0000,+0.0000) |v_des|=0.0000 sat=0 util_max=0.218@j5
[OSC-FORCE] step=307 mode=c3 lam_des=5.000 lam_ext=5.000
[GS] step=307 mode=c3 switch=kStayInC3 best_k=0 best_src=current curr_cost=-8669.93 repos_cost=- best_other=203818.24 met_progress=Y steps_since_improve=0 switches=5
[STEP] step=307 mode=c3 t=3.070s ee=(+0.073,-0.031,+0.025) obj=(-0.001,-0.001,+0.050) goal_dist=0.299m switch=kStayInC3 c3_cost=-8669.93 lam_n=16.191 lam_t=6.825 contact=Y productive=Y f_cmd=(+5.00,-0.01,-0.00)
[GATE-EVOLVE] step=307 curr=-8669.93 best_other=203818.24 ratio=-0.0425 ee_to_optimal=0.0304m phi=0.0000m
[DRAKE-CONTACT] step=307 n_pairs=3 ee_box_normal=0.033
[GATE-CONTACT] step=307 F_W=(-0.0005,-0.0167,+0.0281) F_on_box=(-0.0005,-0.0167,+0.0281) n_face_out=(+0.9995,-0.0315,+0.0008) A_is_ee=1 box_q=(+0.99990,-0.00018,-0.00016,-0.01467) box_p=(-0.00120,-0.00068,+0.05003) ee_p=(+0.07296,-0.03127,+0.02493)
[EErel] along_push=-0.074m (neg=correct)  perp=0.031m  ee_to_box=0.080m  stage=3  obj=[-0.001 -0.001]  g_hat=[-1.     0.003]
[proxy] err=0.112m  effective=[0.169 0.018 0.05 ]
[ADMM-C3+] primal: 10.3061->9.9556  dual: 1004.3272->384.6607  mono=False  iters=25/25  rho=25.0
[ADMM-C3+] WARNING non-converged: pr=9.9556 dr=384.6607 tol=1e-03
[C3+] step=1407 |u[0]|=43.24Nm λ_n_max=8.151 η_n_max=3.723 primal=9.956 iters=25/25
[EErel] along_push=-0.074m (neg=correct)  perp=0.031m  ee_to_box=0.080m  stage=3  obj=[-0.001 -0.001]  g_hat=[-1.     0.003]
[proxy] err=0.112m  effective=[0.169 0.018 0.05 ]
[ADMM-C3+] primal: 13.4034->15.8738  dual: 1499.5232->660.7143  mono=False  iters=25/25  rho=25.0
[ADMM-C3+] WARNING non-converged: pr=15.8738 dr=660.7143 tol=1e-03
[C3+] step=1412 |u[0]|=33.93Nm λ_n_max=7.943 η_n_max=3.482 primal=15.874 iters=25/25
[CONTACT-RUN] step=308 nhat_BA_W=[+0.999,-0.032,+0.000] p_BCb=[+0.050,-0.029,-0.025] distance=+0.00001 contact_type=EE-BOX
[X-SEQ-PROBE] step=308 x0_box=(-0.00132,-0.00080,+0.05001) x1_box=(-0.10160,-0.00112,+0.06774) x1_box_v=(-1.99546,+0.00968,+0.35258) dt=0.050
[VFF] step=308 mode=c3 alpha=0.000 v_des=(+0.0000,+0.0000,+0.0000) |v_des|=0.0000 sat=0 util_max=0.303@j2
[OSC-FORCE] step=308 mode=c3 lam_des=5.000 lam_ext=5.000
[GS] step=308 mode=c3 switch=kStayInC3 best_k=0 best_src=current curr_cost=-7613.80 repos_cost=- best_other=199988.57 met_progress=Y steps_since_improve=0 switches=5
[STEP] step=308 mode=c3 t=3.080s ee=(+0.073,-0.032,+0.025) obj=(-0.001,-0.001,+0.050) goal_dist=0.299m switch=kStayInC3 c3_cost=-7613.80 lam_n=15.875 lam_t=0.153 contact=Y productive=Y f_cmd=(+5.00,-0.01,-0.00)
[GATE-EVOLVE] step=308 curr=-7613.80 best_other=199988.57 ratio=-0.0381 ee_to_optimal=0.0312m phi=0.0000m
[DRAKE-CONTACT] step=308 n_pairs=2 ee_box_normal=0.000
[GATE-CONTACT] step=308 F_W=(+0.0000,+0.0000,+0.0000) F_on_box=(-0.0000,-0.0000,-0.0000) n_face_out=(-0.0000,-0.0000,-0.0000) A_is_ee=0 box_q=(+0.99988,-0.00041,-0.00014,-0.01619) box_p=(-0.00132,-0.00080,+0.05001) ee_p=(+0.07272,-0.03213,+0.02500)
[EErel] along_push=-0.074m (neg=correct)  perp=0.032m  ee_to_box=0.081m  stage=3  obj=[-0.001 -0.001]  g_hat=[-1.     0.003]
[proxy] err=0.113m  effective=[0.17  0.019 0.05 ]
[ADMM-C3+] primal: 10.3729->10.0514  dual: 1009.8506->405.6121  mono=False  iters=25/25  rho=25.0
[ADMM-C3+] WARNING non-converged: pr=10.0514 dr=405.6121 tol=1e-03
[C3+] step=1413 |u[0]|=43.31Nm λ_n_max=8.087 η_n_max=3.743 primal=10.051 iters=25/25
[EErel] along_push=-0.074m (neg=correct)  perp=0.032m  ee_to_box=0.081m  stage=3  obj=[-0.001 -0.001]  g_hat=[-1.     0.003]
[proxy] err=0.113m  effective=[0.17  0.019 0.05 ]
[ADMM-C3+] primal: 13.0197->17.2445  dual: 1879.5155->722.1367  mono=False  iters=25/25  rho=25.0
[ADMM-C3+] WARNING non-converged: pr=17.2445 dr=722.1367 tol=1e-03
[C3+] step=1418 |u[0]|=31.45Nm λ_n_max=7.811 η_n_max=8.705 primal=17.245 iters=25/25
[CONTACT-RUN] step=309 nhat_BA_W=[+0.999,-0.036,+0.001] p_BCb=[+0.050,-0.030,-0.025] distance=+0.00006 contact_type=EE-BOX
[X-SEQ-PROBE] step=309 x0_box=(-0.00141,-0.00088,+0.05004) x1_box=(-0.09881,-0.00052,+0.07397) x1_box_v=(-1.95014,+0.01074,+0.47511) dt=0.050
[VFF] step=309 mode=c3 alpha=0.000 v_des=(+0.0000,+0.0000,+0.0000) |v_des|=0.0000 sat=0 util_max=0.236@j5
[OSC-FORCE] step=309 mode=c3 lam_des=5.000 lam_ext=5.000
[GS] step=309 mode=c3 switch=kStayInC3 best_k=0 best_src=current curr_cost=-8765.43 repos_cost=- best_other=202736.24 met_progress=Y steps_since_improve=0 switches=5
[STEP] step=309 mode=c3 t=3.090s ee=(+0.073,-0.033,+0.025) obj=(-0.001,-0.001,+0.050) goal_dist=0.299m switch=kStayInC3 c3_cost=-8765.43 lam_n=15.855 lam_t=6.976 contact=Y productive=Y f_cmd=(+5.00,-0.01,-0.00)
[GATE-EVOLVE] step=309 curr=-8765.43 best_other=202736.24 ratio=-0.0432 ee_to_optimal=0.0321m phi=0.0001m
[DRAKE-CONTACT] step=309 n_pairs=3 ee_box_normal=1.777
[GATE-CONTACT] step=309 F_W=(-0.2696,-0.8960,+1.5105) F_on_box=(-0.2696,-0.8960,+1.5105) n_face_out=(+0.9993,-0.0385,+0.0000) A_is_ee=1 box_q=(+0.99985,-0.00023,-0.00043,-0.01803) box_p=(-0.00141,-0.00088,+0.05004) ee_p=(+0.07256,-0.03320,+0.02493)
[EErel] along_push=-0.074m (neg=correct)  perp=0.033m  ee_to_box=0.081m  stage=3  obj=[-0.001 -0.001]  g_hat=[-1.     0.003]
[proxy] err=0.115m  effective=[0.17 0.02 0.05]
[ADMM-C3+] primal: 9.9100->7.9571  dual: 911.8205->316.0953  mono=False  iters=25/25  rho=25.0
[ADMM-C3+] WARNING non-converged: pr=7.9571 dr=316.0953 tol=1e-03
[C3+] step=1419 |u[0]|=43.02Nm λ_n_max=5.240 η_n_max=3.188 primal=7.957 iters=25/25
[EErel] along_push=-0.074m (neg=correct)  perp=0.033m  ee_to_box=0.081m  stage=3  obj=[-0.001 -0.001]  g_hat=[-1.     0.003]
[proxy] err=0.115m  effective=[0.17 0.02 0.05]
[ADMM-C3+] primal: 11.0850->8.3524  dual: 1312.4824->324.6686  mono=False  iters=25/25  rho=25.0
[ADMM-C3+] WARNING non-converged: pr=8.3524 dr=324.6686 tol=1e-03
[C3+] step=1424 |u[0]|=30.74Nm λ_n_max=5.044 η_n_max=2.910 primal=8.352 iters=25/25
[CONTACT-RUN] step=310 nhat_BA_W=[+0.999,-0.040,-0.001] p_BCb=[+0.050,-0.030,-0.025] distance=-0.00000 contact_type=EE-BOX
[X-SEQ-PROBE] step=310 x0_box=(-0.00148,-0.00098,+0.05002) x1_box=(-0.07675,-0.00142,+0.04004) x1_box_v=(-1.49002,+0.00638,-0.20269) dt=0.050
[VFF] step=310 mode=c3 alpha=0.000 v_des=(+0.0000,+0.0000,+0.0000) |v_des|=0.0000 sat=0 util_max=0.273@j2
[OSC-FORCE] step=310 mode=c3 lam_des=5.000 lam_ext=5.000
[IMP] step=310 mode=c3 |x_err|=0.0404m |tau_imp|=36.24Nm |tau_ff|=2.83Nm |tau_out|=36.24Nm sat=False lam_n=True lam_t=True
[GS] step=310 mode=c3 switch=kStayInC3 best_k=0 best_src=current curr_cost=1807.59 repos_cost=- best_other=174434.18 met_progress=Y steps_since_improve=0 switches=5
[STEP] step=310 mode=c3 t=3.100s ee=(+0.072,-0.034,+0.025) obj=(-0.001,-0.001,+0.050) goal_dist=0.299m switch=kStayInC3 c3_cost=1807.59 lam_n=10.065 lam_t=1.136 contact=Y productive=Y f_cmd=(+5.00,-0.02,-0.00)
[GATE-EVOLVE] step=310 curr=1807.59 best_other=174434.18 ratio=0.0104 ee_to_optimal=0.0330m phi=-0.0000m
[DRAKE-CONTACT] step=310 n_pairs=2 ee_box_normal=0.000
[GATE-CONTACT] step=310 F_W=(+0.0000,+0.0000,+0.0000) F_on_box=(-0.0000,-0.0000,-0.0000) n_face_out=(-0.0000,-0.0000,-0.0000) A_is_ee=0 box_q=(+0.99981,-0.00053,+0.00029,-0.01983) box_p=(-0.00148,-0.00098,+0.05002) ee_p=(+0.07225,-0.03422,+0.02499)
[EErel] along_push=-0.074m (neg=correct)  perp=0.034m  ee_to_box=0.081m  stage=3  obj=[-0.002 -0.001]  g_hat=[-1.     0.004]
[proxy] err=0.116m  effective=[0.17  0.021 0.05 ]
[ADMM-C3+] primal: 13.4394->10.8883  dual: 1695.7723->511.0100  mono=False  iters=25/25  rho=25.0
[ADMM-C3+] WARNING non-converged: pr=10.8883 dr=511.0100 tol=1e-03
[C3+] step=1425 |u[0]|=42.14Nm λ_n_max=7.214 η_n_max=3.717 primal=10.888 iters=25/25
[EErel] along_push=-0.074m (neg=correct)  perp=0.034m  ee_to_box=0.081m  stage=3  obj=[-0.002 -0.001]  g_hat=[-1.     0.004]
[proxy] err=0.116m  effective=[0.17  0.021 0.05 ]
[ADMM-C3+] primal: 12.4110->11.7982  dual: 1945.1642->365.1773  mono=False  iters=25/25  rho=25.0
[ADMM-C3+] WARNING non-converged: pr=11.7982 dr=365.1773 tol=1e-03
[C3+] step=1430 |u[0]|=26.12Nm λ_n_max=7.532 η_n_max=7.524 primal=11.798 iters=25/25
[CONTACT-RUN] step=311 nhat_BA_W=[+0.999,-0.046,+0.000] p_BCb=[+0.050,-0.031,-0.025] distance=+0.00003 contact_type=EE-BOX
[X-SEQ-PROBE] step=311 x0_box=(-0.00167,-0.00110,+0.04999) x1_box=(-0.09458,-0.00023,+0.04688) x1_box_v=(-1.85679,+0.01542,-0.07155) dt=0.050
[VFF] step=311 mode=c3 alpha=0.000 v_des=(+0.0000,+0.0000,+0.0000) |v_des|=0.0000 sat=0 util_max=0.245@j5
[OSC-FORCE] step=311 mode=c3 lam_des=5.000 lam_ext=5.000
[GS] step=311 mode=c3 switch=kStayInC3 best_k=0 best_src=current curr_cost=15050.80 repos_cost=- best_other=198105.15 met_progress=Y steps_since_improve=0 switches=5
[STEP] step=311 mode=c3 t=3.110s ee=(+0.072,-0.035,+0.025) obj=(-0.002,-0.001,+0.050) goal_dist=0.298m switch=kStayInC3 c3_cost=15050.80 lam_n=7.532 lam_t=0.117 contact=Y productive=Y f_cmd=(+5.00,-0.02,-0.00)
[GATE-EVOLVE] step=311 curr=15050.80 best_other=198105.15 ratio=0.0760 ee_to_optimal=0.0341m phi=0.0000m
[DRAKE-CONTACT] step=311 n_pairs=3 ee_box_normal=0.033
[GATE-CONTACT] step=311 F_W=(-0.0015,-0.0310,+0.0100) F_on_box=(-0.0015,-0.0310,+0.0100) n_face_out=(+0.9988,-0.0486,+0.0001) A_is_ee=1 box_q=(+0.99975,+0.00011,-0.00021,-0.02276) box_p=(-0.00167,-0.00110,+0.04999) ee_p=(+0.07189,-0.03540,+0.02493)
[EErel] along_push=-0.073m (neg=correct)  perp=0.035m  ee_to_box=0.081m  stage=3  obj=[-0.002 -0.001]  g_hat=[-1.     0.004]
[proxy] err=0.118m  effective=[0.17  0.023 0.05 ]
[ADMM-C3+] primal: 9.9301->9.1586  dual: 916.0933->340.2476  mono=False  iters=25/25  rho=25.0
[ADMM-C3+] WARNING non-converged: pr=9.1586 dr=340.2476 tol=1e-03
[C3+] step=1431 |u[0]|=42.26Nm λ_n_max=5.129 η_n_max=3.191 primal=9.159 iters=25/25
[EErel] along_push=-0.073m (neg=correct)  perp=0.035m  ee_to_box=0.081m  stage=3  obj=[-0.002 -0.001]  g_hat=[-1.     0.004]
[proxy] err=0.118m  effective=[0.17  0.023 0.05 ]
[ADMM-C3+] primal: 11.3560->9.4418  dual: 1308.2360->398.1480  mono=False  iters=25/25  rho=25.0
[ADMM-C3+] WARNING non-converged: pr=9.4418 dr=398.1480 tol=1e-03
[C3+] step=1436 |u[0]|=31.72Nm λ_n_max=4.941 η_n_max=2.858 primal=9.442 iters=25/25
[CONTACT-RUN] step=312 nhat_BA_W=[+0.999,-0.049,-0.000] p_BCb=[+0.050,-0.032,-0.025] distance=+0.00000 contact_type=EE-BOX
[X-SEQ-PROBE] step=312 x0_box=(-0.00179,-0.00115,+0.05001) x1_box=(-0.07519,-0.00147,+0.03846) x1_box_v=(-1.45807,+0.00711,-0.23451) dt=0.050
[VFF] step=312 mode=c3 alpha=0.000 v_des=(+0.0000,+0.0000,+0.0000) |v_des|=0.0000 sat=0 util_max=0.241@j5
[OSC-FORCE] step=312 mode=c3 lam_des=5.000 lam_ext=5.000
[GS] step=312 mode=c3 switch=kStayInC3 best_k=0 best_src=current curr_cost=1629.15 repos_cost=- best_other=174711.09 met_progress=Y steps_since_improve=0 switches=5
[STEP] step=312 mode=c3 t=3.120s ee=(+0.072,-0.036,+0.025) obj=(-0.002,-0.001,+0.050) goal_dist=0.298m switch=kStayInC3 c3_cost=1629.15 lam_n=9.866 lam_t=1.993 contact=Y productive=Y f_cmd=(+5.00,-0.02,-0.00)
[GATE-EVOLVE] step=312 curr=1629.15 best_other=174711.09 ratio=0.0093 ee_to_optimal=0.0350m phi=0.0000m
[DRAKE-CONTACT] step=312 n_pairs=2 ee_box_normal=0.000
[GATE-CONTACT] step=312 F_W=(+0.0000,+0.0000,+0.0000) F_on_box=(-0.0000,-0.0000,-0.0000) n_face_out=(-0.0000,-0.0000,-0.0000) A_is_ee=0 box_q=(+0.99971,-0.00039,+0.00015,-0.02470) box_p=(-0.00179,-0.00115,+0.05001) ee_p=(+0.07155,-0.03644,+0.02497)
[EErel] along_push=-0.073m (neg=correct)  perp=0.036m  ee_to_box=0.082m  stage=3  obj=[-0.002 -0.001]  g_hat=[-1.     0.005]
[proxy] err=0.119m  effective=[0.171 0.024 0.05 ]
[ADMM-C3+] primal: 10.0593->9.4025  dual: 920.9220->343.2772  mono=False  iters=25/25  rho=25.0
[ADMM-C3+] WARNING non-converged: pr=9.4025 dr=343.2772 tol=1e-03
[C3+] step=1437 |u[0]|=42.24Nm λ_n_max=5.123 η_n_max=3.206 primal=9.403 iters=25/25
[EErel] along_push=-0.073m (neg=correct)  perp=0.036m  ee_to_box=0.082m  stage=3  obj=[-0.002 -0.001]  g_hat=[-1.     0.005]
[proxy] err=0.119m  effective=[0.171 0.024 0.05 ]
[ADMM-C3+] primal: 12.0731->7.5477  dual: 1675.0988->221.1847  mono=False  iters=25/25  rho=25.0
[ADMM-C3+] WARNING non-converged: pr=7.5477 dr=221.1847 tol=1e-03
[C3+] step=1442 |u[0]|=27.46Nm λ_n_max=4.983 η_n_max=5.720 primal=7.548 iters=25/25
[CONTACT-RUN] step=313 nhat_BA_W=[+0.998,-0.056,-0.000] p_BCb=[+0.050,-0.032,-0.025] distance=+0.00009 contact_type=EE-BOX
[X-SEQ-PROBE] step=313 x0_box=(-0.00189,-0.00135,+0.05000) x1_box=(-0.07502,-0.00135,+0.03692) x1_box_v=(-1.46049,+0.00866,-0.25860) dt=0.050
[VFF] step=313 mode=c3 alpha=0.000 v_des=(+0.0000,+0.0000,+0.0000) |v_des|=0.0000 sat=0 util_max=0.245@j5
[OSC-FORCE] step=313 mode=c3 lam_des=4.983 lam_ext=4.983
[GS] step=313 mode=c3 switch=kStayInC3 best_k=0 best_src=current curr_cost=1188.39 repos_cost=- best_other=176820.27 met_progress=Y steps_since_improve=0 switches=5
[STEP] step=313 mode=c3 t=3.130s ee=(+0.071,-0.038,+0.025) obj=(-0.002,-0.001,+0.050) goal_dist=0.298m switch=kStayInC3 c3_cost=1188.39 lam_n=4.983 lam_t=4.199 contact=Y productive=Y f_cmd=(+4.98,-0.02,-0.00)
[GATE-EVOLVE] step=313 curr=1188.39 best_other=176820.27 ratio=0.0067 ee_to_optimal=0.0359m phi=0.0001m
[DRAKE-CONTACT] step=313 n_pairs=3 ee_box_normal=3.056
[GATE-CONTACT] step=313 F_W=(-3.0554,-0.0081,+0.0612) F_on_box=(-3.0554,-0.0081,+0.0612) n_face_out=(+0.9983,-0.0579,-0.0002) A_is_ee=1 box_q=(+0.99962,-0.00003,+0.00015,-0.02789) box_p=(-0.00189,-0.00135,+0.05000) ee_p=(+0.07129,-0.03755,+0.02494)
[EErel] along_push=-0.073m (neg=correct)  perp=0.037m  ee_to_box=0.082m  stage=3  obj=[-0.002 -0.001]  g_hat=[-1.     0.005]
[proxy] err=0.121m  effective=[0.171 0.025 0.05 ]
[ADMM-C3+] primal: 10.0978->8.4324  dual: 916.8852->341.4297  mono=False  iters=25/25  rho=25.0
[ADMM-C3+] WARNING non-converged: pr=8.4324 dr=341.4297 tol=1e-03
[C3+] step=1443 |u[0]|=41.75Nm λ_n_max=4.968 η_n_max=3.206 primal=8.432 iters=25/25
[EErel] along_push=-0.073m (neg=correct)  perp=0.037m  ee_to_box=0.082m  stage=3  obj=[-0.002 -0.001]  g_hat=[-1.     0.005]
[proxy] err=0.121m  effective=[0.171 0.025 0.05 ]
[ADMM-C3+] primal: 11.3027->12.4273  dual: 1296.9229->502.2024  mono=False  iters=25/25  rho=25.0
[ADMM-C3+] WARNING non-converged: pr=12.4273 dr=502.2024 tol=1e-03
[C3+] step=1448 |u[0]|=32.50Nm λ_n_max=4.798 η_n_max=2.859 primal=12.427 iters=25/25
[CONTACT-RUN] step=314 nhat_BA_W=[+0.998,-0.059,-0.000] p_BCb=[+0.050,-0.033,-0.025] distance=-0.00001 contact_type=EE-BOX
[X-SEQ-PROBE] step=314 x0_box=(-0.00197,-0.00135,+0.05004) x1_box=(-0.07375,-0.00074,+0.03635) x1_box_v=(-1.42627,+0.00801,-0.27409) dt=0.050
[VFF] step=314 mode=c3 alpha=0.000 v_des=(+0.0000,+0.0000,+0.0000) |v_des|=0.0000 sat=0 util_max=0.252@j5
[OSC-FORCE] step=314 mode=c3 lam_des=5.000 lam_ext=5.000
[GS] step=314 mode=c3 switch=kStayInC3 best_k=0 best_src=current curr_cost=1088.53 repos_cost=- best_other=170403.96 met_progress=Y steps_since_improve=0 switches=5
[STEP] step=314 mode=c3 t=3.140s ee=(+0.071,-0.039,+0.025) obj=(-0.002,-0.001,+0.050) goal_dist=0.298m switch=kStayInC3 c3_cost=1088.53 lam_n=9.573 lam_t=0.862 contact=Y productive=Y f_cmd=(+5.00,-0.02,-0.00)
[GATE-EVOLVE] step=314 curr=1088.53 best_other=170403.96 ratio=0.0064 ee_to_optimal=0.0370m phi=-0.0000m
[DRAKE-CONTACT] step=314 n_pairs=2 ee_box_normal=0.000
[GATE-CONTACT] step=314 F_W=(+0.0000,+0.0000,+0.0000) F_on_box=(-0.0000,-0.0000,-0.0000) n_face_out=(-0.0000,-0.0000,-0.0000) A_is_ee=0 box_q=(+0.99958,-0.00023,+0.00023,-0.02930) box_p=(-0.00197,-0.00135,+0.05004) ee_p=(+0.07095,-0.03862,+0.02498)
[EErel] along_push=-0.073m (neg=correct)  perp=0.038m  ee_to_box=0.082m  stage=3  obj=[-0.002 -0.001]  g_hat=[-1.     0.005]
[proxy] err=0.123m  effective=[0.171 0.027 0.05 ]
[ADMM-C3+] primal: 13.4567->13.2242  dual: 1661.6802->497.2908  mono=False  iters=25/25  rho=25.0
[ADMM-C3+] WARNING non-converged: pr=13.2242 dr=497.2908 tol=1e-03
[C3+] step=1449 |u[0]|=41.50Nm λ_n_max=6.577 η_n_max=3.673 primal=13.224 iters=25/25
[EErel] along_push=-0.073m (neg=correct)  perp=0.038m  ee_to_box=0.082m  stage=3  obj=[-0.002 -0.001]  g_hat=[-1.     0.005]
[proxy] err=0.123m  effective=[0.171 0.027 0.05 ]
[ADMM-C3+] primal: 13.2347->8.9119  dual: 1845.5372->321.4198  mono=False  iters=25/25  rho=25.0
[ADMM-C3+] WARNING non-converged: pr=8.9119 dr=321.4198 tol=1e-03
[C3+] step=1454 |u[0]|=27.90Nm λ_n_max=7.242 η_n_max=6.252 primal=8.912 iters=25/25
[CONTACT-RUN] step=315 nhat_BA_W=[+0.998,-0.063,+0.000] p_BCb=[+0.050,-0.034,-0.025] distance=+0.00007 contact_type=EE-BOX
[X-SEQ-PROBE] step=315 x0_box=(-0.00217,-0.00140,+0.04998) x1_box=(-0.08869,-0.00055,+0.03977) x1_box_v=(-1.72064,+0.01677,-0.20203) dt=0.050
[VFF] step=315 mode=c3 alpha=0.000 v_des=(+0.0000,+0.0000,+0.0000) |v_des|=0.0000 sat=0 util_max=0.279@j5
[OSC-FORCE] step=315 mode=c3 lam_des=5.000 lam_ext=5.000
[GS] step=315 mode=c3 switch=kStayInC3 best_k=0 best_src=current curr_cost=17219.95 repos_cost=- best_other=190982.32 met_progress=Y steps_since_improve=0 switches=5
[STEP] step=315 mode=c3 t=3.150s ee=(+0.071,-0.040,+0.025) obj=(-0.002,-0.001,+0.050) goal_dist=0.298m switch=kStayInC3 c3_cost=17219.95 lam_n=7.242 lam_t=0.409 contact=Y productive=Y f_cmd=(+5.00,-0.02,-0.00)
[GATE-EVOLVE] step=315 curr=17219.95 best_other=190982.32 ratio=0.0902 ee_to_optimal=0.0381m phi=0.0001m
[DRAKE-CONTACT] step=315 n_pairs=3 ee_box_normal=8.743
[GATE-CONTACT] step=315 F_W=(-0.5524,-8.4538,-2.1610) F_on_box=(-0.5524,-8.4538,-2.1610) n_face_out=(+0.9979,-0.0655,+0.0011) A_is_ee=1 box_q=(+0.99952,+0.00029,-0.00016,-0.03158) box_p=(-0.00217,-0.00140,+0.04998) ee_p=(+0.07062,-0.03981,+0.02494)
[EErel] along_push=-0.073m (neg=correct)  perp=0.039m  ee_to_box=0.083m  stage=3  obj=[-0.002 -0.001]  g_hat=[-1.     0.005]
[proxy] err=0.126m  effective=[0.172 0.029 0.05 ]
[ADMM-C3+] primal: 10.8629->13.5650  dual: 1035.1918->562.6423  mono=False  iters=25/25  rho=25.0
[ADMM-C3+] WARNING non-converged: pr=13.5650 dr=562.6423 tol=1e-03
[C3+] step=1455 |u[0]|=41.64Nm λ_n_max=6.331 η_n_max=3.463 primal=13.565 iters=25/25
[EErel] along_push=-0.073m (neg=correct)  perp=0.039m  ee_to_box=0.083m  stage=3  obj=[-0.002 -0.001]  g_hat=[-1.     0.005]
[proxy] err=0.126m  effective=[0.172 0.029 0.05 ]
[ADMM-C3+] primal: 15.4295->16.5260  dual: 1552.7704->629.5731  mono=False  iters=25/25  rho=25.0
[ADMM-C3+] WARNING non-converged: pr=16.5260 dr=629.5731 tol=1e-03
[C3+] step=1460 |u[0]|=33.02Nm λ_n_max=6.461 η_n_max=3.185 primal=16.526 iters=25/25
[CONTACT-RUN] step=316 nhat_BA_W=[+0.998,-0.067,+0.001] p_BCb=[+0.050,-0.035,-0.025] distance=+0.00002 contact_type=EE-BOX
[X-SEQ-PROBE] step=316 x0_box=(-0.00228,-0.00140,+0.05003) x1_box=(-0.08505,-0.00131,+0.09842) x1_box_v=(-1.63158,+0.01444,+0.96094) dt=0.050
[VFF] step=316 mode=c3 alpha=0.000 v_des=(+0.0000,+0.0000,+0.0000) |v_des|=0.0000 sat=0 util_max=0.277@j5
[OSC-FORCE] step=316 mode=c3 lam_des=5.000 lam_ext=5.000
[GS] step=316 mode=c3 switch=kStayInC3 best_k=0 best_src=current curr_cost=-1950.92 repos_cost=- best_other=192268.07 met_progress=Y steps_since_improve=0 switches=5
[STEP] step=316 mode=c3 t=3.160s ee=(+0.070,-0.041,+0.025) obj=(-0.002,-0.001,+0.050) goal_dist=0.298m switch=kStayInC3 c3_cost=-1950.92 lam_n=6.461 lam_t=7.088 contact=Y productive=Y f_cmd=(+5.00,-0.02,-0.00)
[GATE-EVOLVE] step=316 curr=-1950.92 best_other=192268.07 ratio=-0.0101 ee_to_optimal=0.0393m phi=0.0000m
[DRAKE-CONTACT] step=316 n_pairs=2 ee_box_normal=0.000
[GATE-CONTACT] step=316 F_W=(+0.0000,+0.0000,+0.0000) F_on_box=(-0.0000,-0.0000,-0.0000) n_face_out=(-0.0000,-0.0000,-0.0000) A_is_ee=0 box_q=(+0.99946,-0.00027,-0.00029,-0.03336) box_p=(-0.00228,-0.00140,+0.05003) ee_p=(+0.07028,-0.04097,+0.02497)
[EErel] along_push=-0.073m (neg=correct)  perp=0.040m  ee_to_box=0.083m  stage=3  obj=[-0.002 -0.001]  g_hat=[-1.     0.005]
[proxy] err=0.128m  effective=[0.172 0.03  0.05 ]
[ADMM-C3+] primal: 10.9761->13.9226  dual: 1048.1543->565.2591  mono=False  iters=25/25  rho=25.0
[ADMM-C3+] WARNING non-converged: pr=13.9226 dr=565.2591 tol=1e-03
[C3+] step=1461 |u[0]|=41.62Nm λ_n_max=6.260 η_n_max=3.414 primal=13.923 iters=25/25
[EErel] along_push=-0.073m (neg=correct)  perp=0.040m  ee_to_box=0.083m  stage=3  obj=[-0.002 -0.001]  g_hat=[-1.     0.005]
[proxy] err=0.128m  effective=[0.172 0.03  0.05 ]
[ADMM-C3+] primal: 16.0716->13.8881  dual: 1840.7279->630.9494  mono=False  iters=25/25  rho=25.0
[ADMM-C3+] WARNING non-converged: pr=13.8881 dr=630.9494 tol=1e-03
[C3+] step=1466 |u[0]|=34.84Nm λ_n_max=6.123 η_n_max=6.449 primal=13.888 iters=25/25
[CONTACT-RUN] step=317 nhat_BA_W=[+0.997,-0.071,+0.001] p_BCb=[+0.050,-0.036,-0.025] distance=+0.00012 contact_type=EE-BOX
[X-SEQ-PROBE] step=317 x0_box=(-0.00242,-0.00145,+0.05004) x1_box=(-0.07850,-0.00048,+0.08853) x1_box_v=(-1.52431,+0.01533,+0.76642) dt=0.050
[VFF] step=317 mode=c3 alpha=0.000 v_des=(+0.0000,+0.0000,+0.0000) |v_des|=0.0000 sat=0 util_max=0.273@j5
[OSC-FORCE] step=317 mode=c3 lam_des=5.000 lam_ext=5.000
[GS] step=317 mode=c3 switch=kStayInC3 best_k=0 best_src=current curr_cost=-957.71 repos_cost=- best_other=197623.79 met_progress=Y steps_since_improve=0 switches=5
[STEP] step=317 mode=c3 t=3.170s ee=(+0.070,-0.042,+0.025) obj=(-0.002,-0.001,+0.050) goal_dist=0.298m switch=kStayInC3 c3_cost=-957.71 lam_n=12.135 lam_t=0.383 contact=Y productive=Y f_cmd=(+5.00,-0.02,-0.00)
[GATE-EVOLVE] step=317 curr=-957.71 best_other=197623.79 ratio=-0.0048 ee_to_optimal=0.0405m phi=0.0001m
[DRAKE-CONTACT] step=317 n_pairs=2 ee_box_normal=0.000
[GATE-CONTACT] step=317 F_W=(+0.0000,+0.0000,+0.0000) F_on_box=(-0.0000,-0.0000,-0.0000) n_face_out=(-0.0000,-0.0000,-0.0000) A_is_ee=0 box_q=(+0.99938,-0.00017,-0.00026,-0.03555) box_p=(-0.00242,-0.00145,+0.05004) ee_p=(+0.07000,-0.04223,+0.02494)
[EErel] along_push=-0.072m (neg=correct)  perp=0.042m  ee_to_box=0.083m  stage=3  obj=[-0.003 -0.002]  g_hat=[-1.     0.005]
[proxy] err=0.130m  effective=[0.173 0.032 0.05 ]
[ADMM-C3+] primal: 13.5404->11.1044  dual: 1639.7175->415.6048  mono=False  iters=25/25  rho=25.0
[ADMM-C3+] WARNING non-converged: pr=11.1044 dr=415.6048 tol=1e-03
[C3+] step=1467 |u[0]|=41.11Nm λ_n_max=6.320 η_n_max=3.569 primal=11.104 iters=25/25
[EErel] along_push=-0.072m (neg=correct)  perp=0.042m  ee_to_box=0.083m  stage=3  obj=[-0.003 -0.002]  g_hat=[-1.     0.005]
[proxy] err=0.130m  effective=[0.173 0.032 0.05 ]
[ADMM-C3+] primal: 12.7604->10.8227  dual: 1491.0383->483.9351  mono=False  iters=25/25  rho=25.0
[ADMM-C3+] WARNING non-converged: pr=10.8227 dr=483.9351 tol=1e-03
[C3+] step=1472 |u[0]|=33.43Nm λ_n_max=5.947 η_n_max=3.145 primal=10.823 iters=25/25
[CONTACT-RUN] step=318 nhat_BA_W=[+0.997,-0.074,+0.000] p_BCb=[+0.050,-0.036,-0.025] distance=-0.00004 contact_type=EE-BOX
[X-SEQ-PROBE] step=318 x0_box=(-0.00251,-0.00156,+0.05000) x1_box=(-0.07732,-0.00089,+0.03657) x1_box_v=(-1.49766,+0.01600,-0.27000) dt=0.050
[VFF] step=318 mode=c3 alpha=0.000 v_des=(+0.0000,+0.0000,+0.0000) |v_des|=0.0000 sat=0 util_max=0.284@j5
[OSC-FORCE] step=318 mode=c3 lam_des=5.000 lam_ext=5.000
[GS] step=318 mode=c3 switch=kStayInC3 best_k=0 best_src=current curr_cost=19648.95 repos_cost=- best_other=188309.17 met_progress=Y steps_since_improve=0 switches=5
[STEP] step=318 mode=c3 t=3.180s ee=(+0.070,-0.044,+0.025) obj=(-0.003,-0.002,+0.050) goal_dist=0.297m switch=kStayInC3 c3_cost=19648.95 lam_n=11.679 lam_t=2.013 contact=Y productive=Y f_cmd=(+5.00,-0.03,-0.00)
[GATE-EVOLVE] step=318 curr=19648.95 best_other=188309.17 ratio=0.1043 ee_to_optimal=0.0417m phi=-0.0000m
[DRAKE-CONTACT] step=318 n_pairs=2 ee_box_normal=0.000
[GATE-CONTACT] step=318 F_W=(+0.0000,+0.0000,+0.0000) F_on_box=(-0.0000,-0.0000,-0.0000) n_face_out=(-0.0000,-0.0000,-0.0000) A_is_ee=0 box_q=(+0.99932,+0.00026,-0.00013,-0.03725) box_p=(-0.00251,-0.00156,+0.05000) ee_p=(+0.06953,-0.04352,+0.02499)
[EErel] along_push=-0.072m (neg=correct)  perp=0.043m  ee_to_box=0.084m  stage=3  obj=[-0.003 -0.002]  g_hat=[-1.     0.006]
[proxy] err=0.133m  effective=[0.173 0.033 0.05 ]
[ADMM-C3+] primal: 10.3357->9.7951  dual: 923.1145->371.2315  mono=False  iters=25/25  rho=25.0
[ADMM-C3+] WARNING non-converged: pr=9.7951 dr=371.2315 tol=1e-03
[C3+] step=1473 |u[0]|=41.22Nm λ_n_max=4.601 η_n_max=3.231 primal=9.795 iters=25/25
[EErel] along_push=-0.072m (neg=correct)  perp=0.043m  ee_to_box=0.084m  stage=3  obj=[-0.003 -0.002]  g_hat=[-1.     0.006]
[proxy] err=0.133m  effective=[0.173 0.033 0.05 ]
[ADMM-C3+] primal: 12.6332->10.3967  dual: 1534.0488->350.2588  mono=False  iters=25/25  rho=25.0
[ADMM-C3+] WARNING non-converged: pr=10.3967 dr=350.2588 tol=1e-03
[C3+] step=1478 |u[0]|=28.41Nm λ_n_max=4.438 η_n_max=4.216 primal=10.397 iters=25/25
[CONTACT-RUN] step=319 nhat_BA_W=[+0.996,-0.086,-0.000] p_BCb=[+0.050,-0.037,-0.025] distance=+0.00019 contact_type=EE-BOX
[X-SEQ-PROBE] step=319 x0_box=(-0.00274,-0.00190,+0.05000) x1_box=(-0.07022,-0.00143,+0.03319) x1_box_v=(-1.33718,+0.01079,-0.33590) dt=0.050
[VFF] step=319 mode=c3 alpha=0.000 v_des=(+0.0000,+0.0000,+0.0000) |v_des|=0.0000 sat=0 util_max=0.290@j5
[OSC-FORCE] step=319 mode=c3 lam_des=5.000 lam_ext=5.000
[GS] step=319 mode=c3 switch=kStayInC3 best_k=0 best_src=current curr_cost=1342.10 repos_cost=- best_other=163180.80 met_progress=Y steps_since_improve=0 switches=5
[STEP] step=319 mode=c3 t=3.190s ee=(+0.069,-0.045,+0.025) obj=(-0.003,-0.002,+0.050) goal_dist=0.297m switch=kStayInC3 c3_cost=1342.10 lam_n=8.854 lam_t=3.341 contact=Y productive=Y f_cmd=(+5.00,-0.03,-0.00)
[GATE-EVOLVE] step=319 curr=1342.10 best_other=163180.80 ratio=0.0082 ee_to_optimal=0.0427m phi=0.0002m
[DRAKE-CONTACT] step=319 n_pairs=3 ee_box_normal=3.584
[GATE-CONTACT] step=319 F_W=(-3.5740,+0.2650,+0.0215) F_on_box=(-3.5740,+0.2650,+0.0215) n_face_out=(+0.9960,-0.0896,-0.0002) A_is_ee=1 box_q=(+0.99909,-0.00028,+0.00023,-0.04299) box_p=(-0.00274,-0.00190,+0.05000) ee_p=(+0.06900,-0.04501,+0.02495)
[EErel] along_push=-0.072m (neg=correct)  perp=0.044m  ee_to_box=0.084m  stage=3  obj=[-0.003 -0.002]  g_hat=[-1.     0.006]
[proxy] err=0.136m  effective=[0.173 0.036 0.05 ]
[ADMM-C3+] primal: 10.3771->10.0542  dual: 926.0597->376.3014  mono=False  iters=25/25  rho=25.0
[ADMM-C3+] WARNING non-converged: pr=10.0542 dr=376.3014 tol=1e-03
[C3+] step=1479 |u[0]|=40.97Nm λ_n_max=4.500 η_n_max=3.230 primal=10.054 iters=25/25
[EErel] along_push=-0.072m (neg=correct)  perp=0.044m  ee_to_box=0.084m  stage=3  obj=[-0.003 -0.002]  g_hat=[-1.     0.006]
[proxy] err=0.136m  effective=[0.173 0.036 0.05 ]
[ADMM-C3+] primal: 11.6754->10.5027  dual: 1254.4229->371.8625  mono=False  iters=25/25  rho=25.0
[ADMM-C3+] WARNING non-converged: pr=10.5027 dr=371.8625 tol=1e-03
[C3+] step=1484 |u[0]|=32.38Nm λ_n_max=4.350 η_n_max=2.766 primal=10.503 iters=25/25
[CONTACT-RUN] step=320 nhat_BA_W=[+0.996,-0.090,-0.001] p_BCb=[+0.050,-0.038,-0.025] distance=-0.00001 contact_type=EE-BOX
[X-SEQ-PROBE] step=320 x0_box=(-0.00284,-0.00189,+0.05005) x1_box=(-0.06900,-0.00114,+0.03323) x1_box_v=(-1.31392,+0.01096,-0.33849) dt=0.050
[VFF] step=320 mode=c3 alpha=0.000 v_des=(+0.0000,+0.0000,+0.0000) |v_des|=0.0000 sat=0 util_max=0.258@j5
[OSC-FORCE] step=320 mode=c3 lam_des=2.000 lam_ext=2.000
[IMP] step=320 mode=c3 |x_err|=0.0387m |tau_imp|=24.01Nm |tau_ff|=1.11Nm |tau_out|=24.01Nm sat=False lam_n=True lam_t=True
[GS] step=320 mode=c3 switch=kStayInC3 best_k=0 best_src=current curr_cost=1598.67 repos_cost=- best_other=161070.20 met_progress=Y steps_since_improve=0 switches=5
[STEP] step=320 mode=c3 t=3.200s ee=(+0.068,-0.046,+0.025) obj=(-0.003,-0.002,+0.050) goal_dist=0.297m switch=kStayInC3 c3_cost=1598.67 lam_n=0.000 lam_t=3.769 contact=Y productive=Y f_cmd=(+2.00,-0.01,-0.00)
[GATE-EVOLVE] step=320 curr=1598.67 best_other=161070.20 ratio=0.0099 ee_to_optimal=0.0442m phi=-0.0000m
[GS-table] step=320
  k=0 (current   ) pos=(+0.068,-0.046,+0.025) c_C3=  31492.47 align=0.9965(bonus=29893.81) rot=+0.0000(bonus=    0.00) travel=0.000m(pen=  0.00) c_sample=   1598.67 feas=Y ik_err=0.0000m  ← WIN
  k=1 (strat_0   ) pos=(-0.030,-0.080,+0.030) c_C3= 180150.82 align=0.0000(bonus=    0.00) rot=+0.0000(bonus=    0.00) travel=0.104m(pen= 20.78) c_sample= 180171.60 feas=Y ik_err=0.0004m
  k=2 (strat_1   ) pos=(+0.079,+0.008,+0.030) c_C3= 192963.40 align=0.9965(bonus=29893.81) rot=+0.0000(bonus=    0.00) travel=0.055m(pen= 11.10) c_sample= 163080.69 feas=Y ik_err=0.0002m
  k=3 (strat_2   ) pos=(+0.079,-0.004,+0.030) c_C3= 190955.17 align=0.9965(bonus=29893.81) rot=+0.0000(bonus=    0.00) travel=0.044m(pen=  8.84) c_sample= 161070.20 feas=Y ik_err=0.0001m
  k=4 (buffer    ) pos=(+0.079,-0.004,+0.030) c_C3= 190955.17 align=0.9965(bonus=29893.81) rot=+0.0000(bonus=    0.00) travel=0.044m(pen=  8.84) c_sample= 161070.20 feas=Y ik_err=0.0001m
[DRAKE-CONTACT] step=320 n_pairs=2 ee_box_normal=0.000
[GATE-CONTACT] step=320 F_W=(+0.0000,+0.0000,+0.0000) F_on_box=(-0.0000,-0.0000,-0.0000) n_face_out=(-0.0000,-0.0000,-0.0000) A_is_ee=0 box_q=(+0.99900,-0.00037,+0.00032,-0.04525) box_p=(-0.00284,-0.00189,+0.05005) ee_p=(+0.06840,-0.04645,+0.02497)
[EErel] along_push=-0.071m (neg=correct)  perp=0.045m  ee_to_box=0.084m  stage=3  obj=[-0.003 -0.002]  g_hat=[-1.     0.007]
[proxy] err=0.139m  effective=[0.174 0.038 0.05 ]
[ADMM-C3+] primal: 10.4522->9.9307  dual: 929.0679->372.4447  mono=False  iters=25/25  rho=25.0
[ADMM-C3+] WARNING non-converged: pr=9.9307 dr=372.4447 tol=1e-03
[C3+] step=1485 |u[0]|=40.98Nm λ_n_max=4.433 η_n_max=3.236 primal=9.931 iters=25/25
[EErel] along_push=-0.071m (neg=correct)  perp=0.045m  ee_to_box=0.084m  stage=3  obj=[-0.003 -0.002]  g_hat=[-1.     0.007]
[proxy] err=0.139m  effective=[0.174 0.038 0.05 ]
[ADMM-C3+] primal: 12.7679->8.9572  dual: 1520.2498->300.7238  mono=False  iters=25/25  rho=25.0
[ADMM-C3+] WARNING non-converged: pr=8.9572 dr=300.7238 tol=1e-03
[C3+] step=1490 |u[0]|=29.96Nm λ_n_max=4.271 η_n_max=3.836 primal=8.957 iters=25/25
[CONTACT-RUN] step=321 nhat_BA_W=[+0.995,-0.101,-0.001] p_BCb=[+0.050,-0.038,-0.025] distance=+0.00019 contact_type=EE-BOX
[X-SEQ-PROBE] step=321 x0_box=(-0.00306,-0.00204,+0.05001) x1_box=(-0.06844,-0.00147,+0.03117) x1_box_v=(-1.29772,+0.01146,-0.37285) dt=0.050
[VFF] step=321 mode=c3 alpha=0.000 v_des=(+0.0000,+0.0000,+0.0000) |v_des|=0.0000 sat=0 util_max=0.297@j5
[OSC-FORCE] step=321 mode=c3 lam_des=5.000 lam_ext=5.000
[GS] step=321 mode=c3 switch=kStayInC3 best_k=0 best_src=current curr_cost=1638.75 repos_cost=- best_other=159319.45 met_progress=Y steps_since_improve=0 switches=5
[STEP] step=321 mode=c3 t=3.210s ee=(+0.068,-0.048,+0.025) obj=(-0.003,-0.002,+0.050) goal_dist=0.297m switch=kStayInC3 c3_cost=1638.75 lam_n=8.521 lam_t=3.632 contact=Y productive=Y f_cmd=(+5.00,-0.03,-0.00)
[GATE-EVOLVE] step=321 curr=1638.75 best_other=159319.45 ratio=0.0103 ee_to_optimal=0.0456m phi=0.0002m
[DRAKE-CONTACT] step=321 n_pairs=2 ee_box_normal=0.000
[GATE-CONTACT] step=321 F_W=(+0.0000,+0.0000,+0.0000) F_on_box=(-0.0000,-0.0000,-0.0000) n_face_out=(-0.0000,-0.0000,-0.0000) A_is_ee=0 box_q=(+0.99873,-0.00019,+0.00051,-0.05077) box_p=(-0.00306,-0.00204,+0.05001) ee_p=(+0.06782,-0.04795,+0.02495)
[EErel] along_push=-0.071m (neg=correct)  perp=0.047m  ee_to_box=0.085m  stage=3  obj=[-0.003 -0.002]  g_hat=[-1.     0.007]
[proxy] err=0.142m  effective=[0.174 0.041 0.05 ]
[ADMM-C3+] primal: 10.4971->9.8645  dual: 932.4629->370.2899  mono=False  iters=25/25  rho=25.0
[ADMM-C3+] WARNING non-converged: pr=9.8645 dr=370.2899 tol=1e-03
[C3+] step=1491 |u[0]|=40.64Nm λ_n_max=4.384 η_n_max=3.241 primal=9.864 iters=25/25
[EErel] along_push=-0.071m (neg=correct)  perp=0.047m  ee_to_box=0.085m  stage=3  obj=[-0.003 -0.002]  g_hat=[-1.     0.007]
[proxy] err=0.142m  effective=[0.174 0.041 0.05 ]
[ADMM-C3+] primal: 11.7160->10.0895  dual: 1237.3080->404.7918  mono=False  iters=25/25  rho=25.0
[ADMM-C3+] WARNING non-converged: pr=10.0895 dr=404.7918 tol=1e-03
[C3+] step=1496 |u[0]|=32.62Nm λ_n_max=4.212 η_n_max=2.734 primal=10.090 iters=25/25
[CONTACT-RUN] step=322 nhat_BA_W=[+0.994,-0.106,-0.001] p_BCb=[+0.050,-0.040,-0.025] distance=-0.00003 contact_type=EE-BOX
[X-SEQ-PROBE] step=322 x0_box=(-0.00314,-0.00203,+0.05004) x1_box=(-0.06716,-0.00151,+0.03195) x1_box_v=(-1.27631,+0.01120,-0.36584) dt=0.050
[VFF] step=322 mode=c3 alpha=0.000 v_des=(+0.0000,+0.0000,+0.0000) |v_des|=0.0000 sat=0 util_max=0.292@j5
[OSC-FORCE] step=322 mode=c3 lam_des=5.000 lam_ext=5.000
[GS] step=322 mode=c3 switch=kStayInC3 best_k=0 best_src=current curr_cost=1771.91 repos_cost=- best_other=158809.64 met_progress=Y steps_since_improve=0 switches=5
[STEP] step=322 mode=c3 t=3.220s ee=(+0.067,-0.049,+0.025) obj=(-0.003,-0.002,+0.050) goal_dist=0.297m switch=kStayInC3 c3_cost=1771.91 lam_n=8.404 lam_t=3.553 contact=Y productive=Y f_cmd=(+5.00,-0.03,-0.00)
[GATE-EVOLVE] step=322 curr=1771.91 best_other=158809.64 ratio=0.0112 ee_to_optimal=0.0471m phi=-0.0000m
[DRAKE-CONTACT] step=322 n_pairs=3 ee_box_normal=0.518
[GATE-CONTACT] step=322 F_W=(-0.3904,+0.0458,+0.3373) F_on_box=(-0.3904,+0.0458,+0.3373) n_face_out=(+0.9930,-0.1177,+0.0014) A_is_ee=1 box_q=(+0.99862,-0.00052,+0.00047,-0.05290) box_p=(-0.00314,-0.00203,+0.05004) ee_p=(+0.06719,-0.04943,+0.02497)
[EErel] along_push=-0.070m (neg=correct)  perp=0.048m  ee_to_box=0.085m  stage=3  obj=[-0.003 -0.002]  g_hat=[-1.     0.008]
[proxy] err=0.145m  effective=[0.175 0.042 0.05 ]
[ADMM-C3+] primal: 12.4128->11.3290  dual: 1135.1400->514.0759  mono=False  iters=25/25  rho=25.0
[ADMM-C3+] WARNING non-converged: pr=11.3290 dr=514.0759 tol=1e-03
[C3+] step=1497 |u[0]|=40.89Nm λ_n_max=4.692 η_n_max=2.915 primal=11.329 iters=25/25
[EErel] along_push=-0.070m (neg=correct)  perp=0.048m  ee_to_box=0.085m  stage=3  obj=[-0.003 -0.002]  g_hat=[-1.     0.008]
[proxy] err=0.145m  effective=[0.175 0.042 0.05 ]
[ADMM-C3+] primal: 18.5743->13.1414  dual: 1879.3642->533.0834  mono=False  iters=25/25  rho=25.0
[ADMM-C3+] WARNING non-converged: pr=13.1414 dr=533.0834 tol=1e-03
[C3+] step=1502 |u[0]|=35.82Nm λ_n_max=4.897 η_n_max=4.500 primal=13.141 iters=25/25
[CONTACT-RUN] step=323 nhat_BA_W=[+0.993,-0.119,+0.001] p_BCb=[+0.050,-0.040,-0.025] distance=-0.00001 contact_type=EE-BOX
[X-SEQ-PROBE] step=323 x0_box=(-0.00320,-0.00245,+0.05002) x1_box=(-0.06309,-0.00253,+0.08541) x1_box_v=(-1.20967,+0.02126,+0.71629) dt=0.050
[VFF] step=323 mode=c3 alpha=0.000 v_des=(+0.0000,+0.0000,+0.0000) |v_des|=0.0000 sat=0 util_max=0.301@j5
[OSC-FORCE] step=323 mode=c3 lam_des=4.897 lam_ext=4.897
[GS] step=323 mode=c3 switch=kStayInC3 best_k=0 best_src=current curr_cost=24404.29 repos_cost=- best_other=190819.68 met_progress=Y steps_since_improve=0 switches=5
[STEP] step=323 mode=c3 t=3.230s ee=(+0.067,-0.051,+0.025) obj=(-0.003,-0.002,+0.050) goal_dist=0.297m switch=kStayInC3 c3_cost=24404.29 lam_n=4.897 lam_t=5.472 contact=Y productive=Y f_cmd=(+4.90,-0.04,-0.00)
[GATE-EVOLVE] step=323 curr=24404.29 best_other=190819.68 ratio=0.1279 ee_to_optimal=0.0482m phi=-0.0000m
[DRAKE-CONTACT] step=323 n_pairs=3 ee_box_normal=0.177
[GATE-CONTACT] step=323 F_W=(-0.0203,-0.1584,+0.0775) F_on_box=(-0.0203,-0.1584,+0.0775) n_face_out=(+0.9920,-0.1264,+0.0020) A_is_ee=1 box_q=(+0.99824,-0.00030,-0.00067,-0.05973) box_p=(-0.00320,-0.00245,+0.05002) ee_p=(+0.06654,-0.05097,+0.02496)
[EErel] along_push=-0.070m (neg=correct)  perp=0.049m  ee_to_box=0.085m  stage=3  obj=[-0.003 -0.003]  g_hat=[-1.     0.009]
[proxy] err=0.148m  effective=[0.175 0.044 0.05 ]
[ADMM-C3+] primal: 12.5652->11.3566  dual: 1138.4292->480.4033  mono=False  iters=25/25  rho=25.0
[ADMM-C3+] WARNING non-converged: pr=11.3566 dr=480.4033 tol=1e-03
[C3+] step=1503 |u[0]|=40.75Nm λ_n_max=4.493 η_n_max=2.825 primal=11.357 iters=25/25
[EErel] along_push=-0.070m (neg=correct)  perp=0.049m  ee_to_box=0.085m  stage=3  obj=[-0.003 -0.003]  g_hat=[-1.     0.009]
[proxy] err=0.148m  effective=[0.175 0.044 0.05 ]
[ADMM-C3+] primal: 17.6745->11.5219  dual: 1625.7801->488.6734  mono=False  iters=25/25  rho=25.0
[ADMM-C3+] WARNING non-converged: pr=11.5219 dr=488.6734 tol=1e-03
[C3+] step=1508 |u[0]|=34.86Nm λ_n_max=4.544 η_n_max=2.377 primal=11.522 iters=25/25
[CONTACT-RUN] step=324 nhat_BA_W=[+0.992,-0.127,+0.001] p_BCb=[+0.050,-0.041,-0.025] distance=+0.00002 contact_type=EE-BOX
[X-SEQ-PROBE] step=324 x0_box=(-0.00340,-0.00269,+0.05002) x1_box=(-0.06127,-0.00252,+0.04925) x1_box_v=(-1.14237,+0.02339,-0.01542) dt=0.050
[VFF] step=324 mode=c3 alpha=0.000 v_des=(+0.0000,+0.0000,+0.0000) |v_des|=0.0000 sat=0 util_max=0.283@j5
[OSC-FORCE] step=324 mode=c3 lam_des=5.000 lam_ext=5.000
[GS] step=324 mode=c3 switch=kStayInC3 best_k=0 best_src=current curr_cost=26910.50 repos_cost=- best_other=185883.85 met_progress=Y steps_since_improve=0 switches=5
[STEP] step=324 mode=c3 t=3.240s ee=(+0.066,-0.053,+0.025) obj=(-0.003,-0.003,+0.050) goal_dist=0.297m switch=kStayInC3 c3_cost=26910.50 lam_n=9.160 lam_t=4.647 contact=Y productive=Y f_cmd=(+5.00,-0.05,-0.00)
[GATE-EVOLVE] step=324 curr=26910.50 best_other=185883.85 ratio=0.1448 ee_to_optimal=0.0495m phi=0.0000m
[DRAKE-CONTACT] step=324 n_pairs=2 ee_box_normal=0.000
[GATE-CONTACT] step=324 F_W=(+0.0000,+0.0000,+0.0000) F_on_box=(-0.0000,-0.0000,-0.0000) n_face_out=(-0.0000,-0.0000,-0.0000) A_is_ee=0 box_q=(+0.99799,-0.00051,-0.00066,-0.06388) box_p=(-0.00340,-0.00269,+0.05002) ee_p=(+0.06587,-0.05256,+0.02498)
[EErel] along_push=-0.069m (neg=correct)  perp=0.051m  ee_to_box=0.086m  stage=3  obj=[-0.004 -0.003]  g_hat=[-1.     0.011]
[proxy] err=0.151m  effective=[0.175 0.046 0.05 ]
[ADMM-C3+] primal: 22.4054->12.5848  dual: 3141.4053->563.4865  mono=False  iters=25/25  rho=25.0
[ADMM-C3+] WARNING non-converged: pr=12.5848 dr=563.4865 tol=1e-03
[C3+] step=1509 |u[0]|=40.42Nm λ_n_max=7.816 η_n_max=5.106 primal=12.585 iters=25/25
[EErel] along_push=-0.069m (neg=correct)  perp=0.051m  ee_to_box=0.086m  stage=3  obj=[-0.004 -0.003]  g_hat=[-1.     0.011]
[proxy] err=0.151m  effective=[0.175 0.046 0.05 ]
[ADMM-C3+] primal: 21.1175->12.6321  dual: 2663.8137->546.9892  mono=False  iters=25/25  rho=25.0
[ADMM-C3+] WARNING non-converged: pr=12.6321 dr=546.9892 tol=1e-03
[C3+] step=1514 |u[0]|=32.08Nm λ_n_max=7.371 η_n_max=4.534 primal=12.632 iters=25/25
[CONTACT-RUN] step=325 nhat_BA_W=[+0.990,-0.139,-0.001] p_BCb=[+0.050,-0.041,-0.025] distance=+0.00001 contact_type=EE-BOX
[X-SEQ-PROBE] step=325 x0_box=(-0.00352,-0.00312,+0.04990) x1_box=(-0.09674,-0.00240,+0.02474) x1_box_v=(-1.86320,+0.02537,-0.49516) dt=0.050
[VFF] step=325 mode=c3 alpha=0.000 v_des=(+0.0000,+0.0000,+0.0000) |v_des|=0.0000 sat=0 util_max=0.339@j5
[OSC-FORCE] step=325 mode=c3 lam_des=5.000 lam_ext=5.000
[GS] step=325 mode=c3 switch=kStayInC3 best_k=0 best_src=current curr_cost=8453.18 repos_cost=- best_other=173876.95 met_progress=Y steps_since_improve=0 switches=5
[STEP] step=325 mode=c3 t=3.250s ee=(+0.065,-0.054,+0.025) obj=(-0.004,-0.003,+0.050) goal_dist=0.296m switch=kStayInC3 c3_cost=8453.18 lam_n=15.691 lam_t=0.000 contact=Y productive=Y f_cmd=(+5.00,-0.05,-0.00)
[GATE-EVOLVE] step=325 curr=8453.18 best_other=173876.95 ratio=0.0486 ee_to_optimal=0.0508m phi=0.0000m
[DRAKE-CONTACT] step=325 n_pairs=2 ee_box_normal=0.000
[GATE-CONTACT] step=325 F_W=(+0.0000,+0.0000,+0.0000) F_on_box=(-0.0000,-0.0000,-0.0000) n_face_out=(-0.0000,-0.0000,-0.0000) A_is_ee=0 box_q=(+0.99761,+0.00018,+0.00069,-0.06949) box_p=(-0.00352,-0.00312,+0.04990) ee_p=(+0.06501,-0.05435,+0.02498)
[EErel] along_push=-0.069m (neg=correct)  perp=0.052m  ee_to_box=0.086m  stage=3  obj=[-0.004 -0.003]  g_hat=[-1.     0.012]
[proxy] err=0.154m  effective=[0.176 0.046 0.05 ]
[ADMM-C3+] primal: 23.1650->13.0496  dual: 3115.2513->518.4959  mono=False  iters=25/25  rho=25.0
[ADMM-C3+] WARNING non-converged: pr=13.0496 dr=518.4959 tol=1e-03
[C3+] step=1515 |u[0]|=39.65Nm λ_n_max=9.055 η_n_max=5.186 primal=13.050 iters=25/25
[EErel] along_push=-0.069m (neg=correct)  perp=0.052m  ee_to_box=0.086m  stage=3  obj=[-0.004 -0.003]  g_hat=[-1.     0.012]
[proxy] err=0.154m  effective=[0.176 0.046 0.05 ]
[ADMM-C3+] primal: 21.8785->14.2922  dual: 2619.1421->593.1689  mono=False  iters=25/25  rho=25.0
[ADMM-C3+] WARNING non-converged: pr=14.2922 dr=593.1689 tol=1e-03
[C3+] step=1520 |u[0]|=34.31Nm λ_n_max=7.408 η_n_max=4.649 primal=14.292 iters=25/25
[CONTACT-RUN] step=326 nhat_BA_W=[+0.988,-0.152,-0.000] p_BCb=[+0.050,-0.042,-0.025] distance=+0.00031 contact_type=EE-BOX
[X-SEQ-PROBE] step=326 x0_box=(-0.00389,-0.00344,+0.04994) x1_box=(-0.09824,-0.00207,+0.02542) x1_box_v=(-1.88092,+0.02778,-0.49054) dt=0.050
[VFF] step=326 mode=c3 alpha=0.000 v_des=(+0.0000,+0.0000,+0.0000) |v_des|=0.0000 sat=0 util_max=0.322@j5
[OSC-FORCE] step=326 mode=c3 lam_des=5.000 lam_ext=5.000
[GS] step=326 mode=c3 switch=kStayInC3 best_k=0 best_src=current curr_cost=7877.83 repos_cost=- best_other=171099.07 met_progress=Y steps_since_improve=0 switches=5
[STEP] step=326 mode=c3 t=3.260s ee=(+0.064,-0.056,+0.025) obj=(-0.004,-0.003,+0.050) goal_dist=0.296m switch=kStayInC3 c3_cost=7877.83 lam_n=15.770 lam_t=0.000 contact=Y productive=Y f_cmd=(+5.00,-0.06,-0.00)
[GATE-EVOLVE] step=326 curr=7877.83 best_other=171099.07 ratio=0.0460 ee_to_optimal=0.0523m phi=0.0003m
[DRAKE-CONTACT] step=326 n_pairs=3 ee_box_normal=1.085
[GATE-CONTACT] step=326 F_W=(-0.7308,-0.7378,+0.3148) F_on_box=(-0.7308,-0.7378,+0.3148) n_face_out=(+0.9878,-0.1554,-0.0004) A_is_ee=1 box_q=(+0.99713,+0.00031,+0.00021,-0.07612) box_p=(-0.00389,-0.00344,+0.04994) ee_p=(+0.06420,-0.05617,+0.02495)
[EErel] along_push=-0.068m (neg=correct)  perp=0.054m  ee_to_box=0.087m  stage=3  obj=[-0.004 -0.003]  g_hat=[-1.     0.011]
[proxy] err=0.157m  effective=[0.177 0.048 0.05 ]
[ADMM-C3+] primal: 24.7268->16.9356  dual: 3021.3508->586.3650  mono=False  iters=25/25  rho=25.0
[ADMM-C3+] WARNING non-converged: pr=16.9356 dr=586.3650 tol=1e-03
[C3+] step=1521 |u[0]|=39.83Nm λ_n_max=8.763 η_n_max=5.203 primal=16.936 iters=25/25
[EErel] along_push=-0.068m (neg=correct)  perp=0.054m  ee_to_box=0.087m  stage=3  obj=[-0.004 -0.003]  g_hat=[-1.     0.011]
[proxy] err=0.157m  effective=[0.177 0.048 0.05 ]
[ADMM-C3+] primal: 23.6845->15.0795  dual: 2595.5788->569.0690  mono=False  iters=25/25  rho=25.0
[ADMM-C3+] WARNING non-converged: pr=15.0795 dr=569.0690 tol=1e-03
[C3+] step=1526 |u[0]|=33.66Nm λ_n_max=6.958 η_n_max=4.624 primal=15.079 iters=25/25
[CONTACT-RUN] step=327 nhat_BA_W=[+0.988,-0.156,-0.001] p_BCb=[+0.050,-0.043,-0.025] distance=-0.00000 contact_type=EE-BOX
[X-SEQ-PROBE] step=327 x0_box=(-0.00400,-0.00340,+0.05001) x1_box=(-0.09180,-0.00183,+0.01843) x1_box_v=(-1.74893,+0.02621,-0.62800) dt=0.050
[VFF] step=327 mode=c3 alpha=0.000 v_des=(+0.0000,+0.0000,+0.0000) |v_des|=0.0000 sat=0 util_max=0.331@j5
[OSC-FORCE] step=327 mode=c3 lam_des=5.000 lam_ext=5.000
[GS] step=327 mode=c3 switch=kStayInC3 best_k=0 best_src=current curr_cost=7919.99 repos_cost=- best_other=174437.11 met_progress=Y steps_since_improve=0 switches=5
[STEP] step=327 mode=c3 t=3.270s ee=(+0.063,-0.058,+0.025) obj=(-0.004,-0.003,+0.050) goal_dist=0.296m switch=kStayInC3 c3_cost=7919.99 lam_n=15.278 lam_t=5.015 contact=Y productive=Y f_cmd=(+5.00,-0.06,-0.00)
[GATE-EVOLVE] step=327 curr=7919.99 best_other=174437.11 ratio=0.0454 ee_to_optimal=0.0542m phi=-0.0000m
[DRAKE-CONTACT] step=327 n_pairs=3 ee_box_normal=23.934
[GATE-CONTACT] step=327 F_W=(-23.6725,+3.5119,-0.3071) F_on_box=(-23.6725,+3.5119,-0.3071) n_face_out=(+0.9864,-0.1643,+0.0002) A_is_ee=1 box_q=(+0.99696,+0.00023,+0.00033,-0.07838) box_p=(-0.00400,-0.00340,+0.05001) ee_p=(+0.06328,-0.05795,+0.02496)
[EErel] along_push=-0.067m (neg=correct)  perp=0.055m  ee_to_box=0.087m  stage=3  obj=[-0.004 -0.004]  g_hat=[-1.     0.012]
[proxy] err=0.160m  effective=[0.177 0.049 0.05 ]
[ADMM-C3+] primal: 13.8681->8.6427  dual: 1506.4947->355.8569  mono=False  iters=25/25  rho=25.0
[ADMM-C3+] WARNING non-converged: pr=8.6427 dr=355.8569 tol=1e-03
[C3+] step=1527 |u[0]|=40.40Nm λ_n_max=4.373 η_n_max=3.132 primal=8.643 iters=25/25
[EErel] along_push=-0.067m (neg=correct)  perp=0.055m  ee_to_box=0.087m  stage=3  obj=[-0.004 -0.004]  g_hat=[-1.     0.012]
[proxy] err=0.160m  effective=[0.177 0.049 0.05 ]
[ADMM-C3+] primal: 14.5098->10.8474  dual: 1604.1289->419.7344  mono=False  iters=25/25  rho=25.0
[ADMM-C3+] WARNING non-converged: pr=10.8474 dr=419.7344 tol=1e-03
[C3+] step=1532 |u[0]|=32.73Nm λ_n_max=4.354 η_n_max=2.684 primal=10.847 iters=25/25
[CONTACT-RUN] step=328 nhat_BA_W=[+0.986,-0.165,+0.001] p_BCb=[+0.050,-0.044,-0.025] distance=-0.00002 contact_type=EE-BOX
[X-SEQ-PROBE] step=328 x0_box=(-0.00417,-0.00361,+0.04998) x1_box=(-0.05848,-0.00236,+0.02792) x1_box_v=(-1.07371,+0.02192,-0.46148) dt=0.050
[VFF] step=328 mode=c3 alpha=0.000 v_des=(+0.0000,+0.0000,+0.0000) |v_des|=0.0000 sat=0 util_max=0.319@j5
[OSC-FORCE] step=328 mode=c3 lam_des=2.000 lam_ext=2.000
[GS] step=328 mode=c3 switch=kStayInC3 best_k=0 best_src=current curr_cost=31743.43 repos_cost=- best_other=172337.25 met_progress=Y steps_since_improve=0 switches=5
[STEP] step=328 mode=c3 t=3.280s ee=(+0.063,-0.060,+0.025) obj=(-0.004,-0.004,+0.050) goal_dist=0.296m switch=kStayInC3 c3_cost=31743.43 lam_n=0.000 lam_t=2.015 contact=Y productive=Y f_cmd=(+2.00,-0.02,-0.00)
[GATE-EVOLVE] step=328 curr=31743.43 best_other=172337.25 ratio=0.1842 ee_to_optimal=0.0558m phi=-0.0000m
[DRAKE-CONTACT] step=328 n_pairs=2 ee_box_normal=0.000
[GATE-CONTACT] step=328 F_W=(+0.0000,+0.0000,+0.0000) F_on_box=(-0.0000,-0.0000,-0.0000) n_face_out=(-0.0000,-0.0000,-0.0000) A_is_ee=0 box_q=(+0.99662,+0.00072,-0.00066,-0.08264) box_p=(-0.00417,-0.00361,+0.04998) ee_p=(+0.06250,-0.05973,+0.02496)
[PERSIST] step=329 refresh n_strategy=3 samples=[(0.0054, -0.0868, 0.03), (0.0759, -0.0095, 0.03), (0.0746, -0.017, 0.03)]
[EErel] along_push=-0.067m (neg=correct)  perp=0.057m  ee_to_box=0.088m  stage=3  obj=[-0.004 -0.004]  g_hat=[-1.     0.013]
[proxy] err=0.163m  effective=[0.178 0.05  0.05 ]
[ADMM-C3+] primal: 13.8470->9.1648  dual: 1493.7402->379.7069  mono=False  iters=25/25  rho=25.0
[ADMM-C3+] WARNING non-converged: pr=9.1648 dr=379.7069 tol=1e-03
[C3+] step=1533 |u[0]|=40.69Nm λ_n_max=3.877 η_n_max=3.070 primal=9.165 iters=25/25
[EErel] along_push=-0.067m (neg=correct)  perp=0.057m  ee_to_box=0.088m  stage=3  obj=[-0.004 -0.004]  g_hat=[-1.     0.013]
[proxy] err=0.163m  effective=[0.178 0.05  0.05 ]
[ADMM-C3+] primal: 14.5183->9.7343  dual: 1580.3760->407.7207  mono=False  iters=25/25  rho=25.0
[ADMM-C3+] WARNING non-converged: pr=9.7343 dr=407.7207 tol=1e-03
[C3+] step=1538 |u[0]|=33.08Nm λ_n_max=4.289 η_n_max=2.661 primal=9.734 iters=25/25
[CONTACT-RUN] step=329 nhat_BA_W=[+0.985,-0.173,+0.001] p_BCb=[+0.050,-0.045,-0.025] distance=-0.00004 contact_type=EE-BOX
[X-SEQ-PROBE] step=329 x0_box=(-0.00435,-0.00389,+0.04997) x1_box=(-0.05601,-0.00285,+0.02558) x1_box_v=(-1.02553,+0.02221,-0.49018) dt=0.050
[VFF] step=329 mode=c3 alpha=0.000 v_des=(+0.0000,+0.0000,+0.0000) |v_des|=0.0000 sat=0 util_max=0.317@j5
[OSC-FORCE] step=329 mode=c3 lam_des=2.000 lam_ext=2.000
[GS] step=329 mode=c3 switch=kStayInC3 best_k=0 best_src=current curr_cost=32448.93 repos_cost=- best_other=170355.07 met_progress=Y steps_since_improve=0 switches=5
[STEP] step=329 mode=c3 t=3.290s ee=(+0.062,-0.062,+0.025) obj=(-0.004,-0.004,+0.050) goal_dist=0.296m switch=kStayInC3 c3_cost=32448.93 lam_n=0.000 lam_t=0.276 contact=Y productive=Y f_cmd=(+2.00,-0.03,-0.00)
[GATE-EVOLVE] step=329 curr=32448.93 best_other=170355.07 ratio=0.1905 ee_to_optimal=0.0573m phi=-0.0000m
[DRAKE-CONTACT] step=329 n_pairs=3 ee_box_normal=0.681
[GATE-CONTACT] step=329 F_W=(-0.1235,-0.6647,+0.0838) F_on_box=(-0.1235,-0.6647,+0.0838) n_face_out=(+0.9832,-0.1825,+0.0020) A_is_ee=1 box_q=(+0.99627,+0.00033,-0.00029,-0.08671) box_p=(-0.00435,-0.00389,+0.04997) ee_p=(+0.06165,-0.06150,+0.02496)
[EErel] along_push=-0.066m (neg=correct)  perp=0.058m  ee_to_box=0.088m  stage=3  obj=[-0.004 -0.004]  g_hat=[-1.     0.014]
[proxy] err=0.166m  effective=[0.178 0.051 0.05 ]
[ADMM-C3+] primal: 11.0430->7.6338  dual: 1031.4700->331.8256  mono=False  iters=25/25  rho=25.0
[ADMM-C3+] WARNING non-converged: pr=7.6338 dr=331.8256 tol=1e-03
[C3+] step=1539 |u[0]|=40.02Nm λ_n_max=3.983 η_n_max=2.731 primal=7.634 iters=25/25
[EErel] along_push=-0.066m (neg=correct)  perp=0.058m  ee_to_box=0.088m  stage=3  obj=[-0.004 -0.004]  g_hat=[-1.     0.014]
[proxy] err=0.166m  effective=[0.178 0.051 0.05 ]
[ADMM-C3+] primal: 17.1161->10.5986  dual: 1679.2436->432.9176  mono=False  iters=25/25  rho=25.0
[ADMM-C3+] WARNING non-converged: pr=10.5986 dr=432.9176 tol=1e-03
[C3+] step=1544 |u[0]|=34.73Nm λ_n_max=4.048 η_n_max=3.055 primal=10.599 iters=25/25
[CONTACT-RUN] step=330 nhat_BA_W=[+0.983,-0.183,+0.002] p_BCb=[+0.050,-0.046,-0.025] distance=+0.00003 contact_type=EE-BOX
[X-SEQ-PROBE] step=330 x0_box=(-0.00445,-0.00417,+0.05002) x1_box=(-0.05532,-0.00330,+0.06620) x1_box_v=(-1.00820,+0.02808,+0.31892) dt=0.050
[VFF] step=330 mode=c3 alpha=0.000 v_des=(+0.0000,+0.0000,+0.0000) |v_des|=0.0000 sat=0 util_max=0.307@j5
[OSC-FORCE] step=330 mode=c3 lam_des=2.000 lam_ext=2.000
[IMP] step=330 mode=c3 |x_err|=0.0363m |tau_imp|=16.34Nm |tau_ff|=1.08Nm |tau_out|=16.34Nm sat=False lam_n=True lam_t=True
[GS] step=330 mode=c3 switch=kStayInC3 best_k=0 best_src=current curr_cost=50996.10 repos_cost=- best_other=178033.88 met_progress=Y steps_since_improve=0 switches=5
[STEP] step=330 mode=c3 t=3.300s ee=(+0.061,-0.063,+0.025) obj=(-0.004,-0.004,+0.050) goal_dist=0.296m switch=kStayInC3 c3_cost=50996.10 lam_n=0.000 lam_t=0.593 contact=Y productive=Y f_cmd=(+2.00,-0.03,-0.00)
[GATE-EVOLVE] step=330 curr=50996.10 best_other=178033.88 ratio=0.2864 ee_to_optimal=0.0588m phi=0.0000m
[DRAKE-CONTACT] step=330 n_pairs=3 ee_box_normal=0.000
[GATE-CONTACT] step=330 F_W=(-0.0000,+0.0000,+0.0000) F_on_box=(-0.0000,+0.0000,+0.0000) n_face_out=(+0.9819,-0.1895,+0.0006) A_is_ee=1 box_q=(+0.99579,-0.00029,-0.00073,-0.09210) box_p=(-0.00445,-0.00417,+0.05002) ee_p=(+0.06089,-0.06325,+0.02496)
[EErel] along_push=-0.066m (neg=correct)  perp=0.060m  ee_to_box=0.089m  stage=3  obj=[-0.005 -0.004]  g_hat=[-1.     0.015]
[proxy] err=0.169m  effective=[0.179 0.052 0.05 ]
[ADMM-C3+] primal: 8.7861->8.0925  dual: 903.7864->336.4661  mono=False  iters=25/25  rho=25.0
[ADMM-C3+] WARNING non-converged: pr=8.0925 dr=336.4661 tol=1e-03
[C3+] step=1545 |u[0]|=39.71Nm λ_n_max=3.786 η_n_max=2.759 primal=8.093 iters=25/25
[EErel] along_push=-0.066m (neg=correct)  perp=0.060m  ee_to_box=0.089m  stage=3  obj=[-0.005 -0.004]  g_hat=[-1.     0.015]
[proxy] err=0.169m  effective=[0.179 0.052 0.05 ]
[ADMM-C3+] primal: 14.8031->9.9213  dual: 1433.8921->370.5053  mono=False  iters=25/25  rho=25.0
[ADMM-C3+] WARNING non-converged: pr=9.9213 dr=370.5053 tol=1e-03
[C3+] step=1550 |u[0]|=34.21Nm λ_n_max=3.840 η_n_max=2.247 primal=9.921 iters=25/25
[CONTACT-RUN] step=331 nhat_BA_W=[+0.982,-0.191,+0.001] p_BCb=[+0.050,-0.047,-0.025] distance=+0.00000 contact_type=EE-BOX
[X-SEQ-PROBE] step=331 x0_box=(-0.00461,-0.00442,+0.04997) x1_box=(-0.05053,-0.00446,+0.05608) x1_box_v=(-0.94663,+0.02847,+0.13363) dt=0.050
[VFF] step=331 mode=c3 alpha=0.000 v_des=(+0.0000,+0.0000,+0.0000) |v_des|=0.0000 sat=0 util_max=0.298@j5
[OSC-FORCE] step=331 mode=c3 lam_des=2.000 lam_ext=2.000
[GS] step=331 mode=c3 switch=kStayInC3 best_k=0 best_src=current curr_cost=58613.44 repos_cost=- best_other=179211.79 met_progress=Y steps_since_improve=0 switches=5
[STEP] step=331 mode=c3 t=3.310s ee=(+0.060,-0.065,+0.025) obj=(-0.005,-0.004,+0.050) goal_dist=0.295m switch=kStayInC3 c3_cost=58613.44 lam_n=0.000 lam_t=3.590 contact=Y productive=Y f_cmd=(+2.00,-0.03,-0.00)
[GATE-EVOLVE] step=331 curr=58613.44 best_other=179211.79 ratio=0.3271 ee_to_optimal=0.0604m phi=0.0000m
[DRAKE-CONTACT] step=331 n_pairs=2 ee_box_normal=0.000
[GATE-CONTACT] step=331 F_W=(+0.0000,+0.0000,+0.0000) F_on_box=(-0.0000,-0.0000,-0.0000) n_face_out=(-0.0000,-0.0000,-0.0000) A_is_ee=0 box_q=(+0.99541,-0.00025,-0.00023,-0.09617) box_p=(-0.00461,-0.00442,+0.04997) ee_p=(+0.06000,-0.06503,+0.02498)
[EErel] along_push=-0.065m (neg=correct)  perp=0.061m  ee_to_box=0.089m  stage=3  obj=[-0.005 -0.005]  g_hat=[-1.     0.016]
[proxy] err=0.172m  effective=[0.18  0.053 0.05 ]
[ADMM-C3+] primal: 13.9037->12.2785  dual: 1463.4528->438.6774  mono=False  iters=25/25  rho=25.0
[ADMM-C3+] WARNING non-converged: pr=12.2785 dr=438.6774 tol=1e-03
[C3+] step=1551 |u[0]|=40.94Nm λ_n_max=3.527 η_n_max=2.992 primal=12.278 iters=25/25
[EErel] along_push=-0.065m (neg=correct)  perp=0.061m  ee_to_box=0.089m  stage=3  obj=[-0.005 -0.005]  g_hat=[-1.     0.016]
[proxy] err=0.172m  effective=[0.18  0.053 0.05 ]
[ADMM-C3+] primal: 14.8416->9.8387  dual: 1600.5408->395.5684  mono=False  iters=25/25  rho=25.0
[ADMM-C3+] WARNING non-converged: pr=9.8387 dr=395.5684 tol=1e-03
[C3+] step=1556 |u[0]|=31.67Nm λ_n_max=3.595 η_n_max=2.492 primal=9.839 iters=25/25
[CONTACT-RUN] step=332 nhat_BA_W=[+0.979,-0.204,+0.000] p_BCb=[+0.050,-0.048,-0.025] distance=+0.00020 contact_type=EE-BOX
[X-SEQ-PROBE] step=332 x0_box=(-0.00493,-0.00476,+0.05003) x1_box=(-0.05162,-0.00373,+0.02500) x1_box_v=(-0.92334,+0.02302,-0.50308) dt=0.050
[VFF] step=332 mode=c3 alpha=0.000 v_des=(+0.0000,+0.0000,+0.0000) |v_des|=0.0000 sat=0 util_max=0.355@j5
[OSC-FORCE] step=332 mode=c3 lam_des=5.000 lam_ext=5.000
[GS] step=332 mode=c3 switch=kStayInC3 best_k=0 best_src=current curr_cost=35920.46 repos_cost=- best_other=165708.97 met_progress=Y steps_since_improve=0 switches=5
[STEP] step=332 mode=c3 t=3.320s ee=(+0.059,-0.067,+0.025) obj=(-0.005,-0.005,+0.050) goal_dist=0.295m switch=kStayInC3 c3_cost=35920.46 lam_n=6.991 lam_t=2.544 contact=Y productive=Y f_cmd=(+5.00,-0.08,-0.00)
[GATE-EVOLVE] step=332 curr=35920.46 best_other=165708.97 ratio=0.2168 ee_to_optimal=0.0620m phi=0.0002m
[DRAKE-CONTACT] step=332 n_pairs=3 ee_box_normal=14.188
[GATE-CONTACT] step=332 F_W=(-2.9720,-13.7280,+1.9990) F_on_box=(-2.9720,-13.7280,+1.9990) n_face_out=(+0.9773,-0.2117,-0.0010) A_is_ee=1 box_q=(+0.99476,+0.00073,-0.00021,-0.10269) box_p=(-0.00493,-0.00476,+0.05003) ee_p=(+0.05893,-0.06692,+0.02497)
[EErel] along_push=-0.064m (neg=correct)  perp=0.063m  ee_to_box=0.090m  stage=3  obj=[-0.005 -0.005]  g_hat=[-1.     0.017]
[proxy] err=0.176m  effective=[0.18  0.055 0.05 ]
[ADMM-C3+] primal: 11.3623->11.8333  dual: 976.4251->373.0047  mono=False  iters=25/25  rho=25.0
[ADMM-C3+] WARNING non-converged: pr=11.8333 dr=373.0047 tol=1e-03
[C3+] step=1557 |u[0]|=40.10Nm λ_n_max=3.442 η_n_max=3.264 primal=11.833 iters=25/25
[EErel] along_push=-0.064m (neg=correct)  perp=0.063m  ee_to_box=0.090m  stage=3  obj=[-0.005 -0.005]  g_hat=[-1.     0.017]
[proxy] err=0.176m  effective=[0.18  0.055 0.05 ]
[ADMM-C3+] primal: 12.5929->12.1105  dual: 1324.7649->374.9630  mono=False  iters=25/25  rho=25.0
[ADMM-C3+] WARNING non-converged: pr=12.1105 dr=374.9630 tol=1e-03
[C3+] step=1562 |u[0]|=31.69Nm λ_n_max=3.253 η_n_max=2.431 primal=12.111 iters=25/25
[CONTACT-RUN] step=333 nhat_BA_W=[+0.977,-0.214,-0.001] p_BCb=[+0.050,-0.049,-0.025] distance=-0.00000 contact_type=EE-BOX
[X-SEQ-PROBE] step=333 x0_box=(-0.00509,-0.00500,+0.05002) x1_box=(-0.06112,-0.00586,+0.03062) x1_box_v=(-1.10437,+0.02168,-0.38826) dt=0.050
[VFF] step=333 mode=c3 alpha=0.000 v_des=(+0.0000,+0.0000,+0.0000) |v_des|=0.0000 sat=0 util_max=0.326@j5
[OSC-FORCE] step=333 mode=c3 lam_des=5.000 lam_ext=5.000
[GS] step=333 mode=c3 switch=kStayInC3 best_k=0 best_src=current curr_cost=9285.15 repos_cost=- best_other=134910.60 met_progress=Y steps_since_improve=0 switches=5
[STEP] step=333 mode=c3 t=3.330s ee=(+0.058,-0.069,+0.025) obj=(-0.005,-0.005,+0.050) goal_dist=0.295m switch=kStayInC3 c3_cost=9285.15 lam_n=6.487 lam_t=2.409 contact=Y productive=Y f_cmd=(+5.00,-0.08,-0.00)
[GATE-EVOLVE] step=333 curr=9285.15 best_other=134910.60 ratio=0.0688 ee_to_optimal=0.0637m phi=-0.0000m
[DRAKE-CONTACT] step=333 n_pairs=3 ee_box_normal=45.909
[GATE-CONTACT] step=333 F_W=(-45.5829,+5.4564,-0.2180) F_on_box=(-45.5829,+5.4564,-0.2180) n_face_out=(+0.9736,-0.2281,-0.0017) A_is_ee=1 box_q=(+0.99424,-0.00024,+0.00037,-0.10764) box_p=(-0.00509,-0.00500,+0.05002) ee_p=(+0.05769,-0.06882,+0.02496)
[EErel] along_push=-0.063m (neg=correct)  perp=0.064m  ee_to_box=0.090m  stage=3  obj=[-0.005 -0.005]  g_hat=[-1.     0.019]
[proxy] err=0.179m  effective=[0.18  0.055 0.05 ]
[ADMM-C3+] primal: 13.7575->9.4834  dual: 1417.9617->395.3080  mono=False  iters=25/25  rho=25.0
[ADMM-C3+] WARNING non-converged: pr=9.4834 dr=395.3080 tol=1e-03
[C3+] step=1563 |u[0]|=40.70Nm λ_n_max=3.209 η_n_max=3.005 primal=9.483 iters=25/25
[EErel] along_push=-0.063m (neg=correct)  perp=0.064m  ee_to_box=0.090m  stage=3  obj=[-0.005 -0.005]  g_hat=[-1.     0.019]
[proxy] err=0.179m  effective=[0.18  0.055 0.05 ]
[ADMM-C3+] primal: 14.8091->9.6203  dual: 1575.6904->388.4270  mono=False  iters=25/25  rho=25.0
[ADMM-C3+] WARNING non-converged: pr=9.6203 dr=388.4270 tol=1e-03
[C3+] step=1568 |u[0]|=32.68Nm λ_n_max=3.241 η_n_max=2.434 primal=9.620 iters=25/25
[CONTACT-RUN] step=334 nhat_BA_W=[+0.973,-0.230,+0.001] p_BCb=[+0.050,-0.049,-0.025] distance=-0.00004 contact_type=EE-BOX
[X-SEQ-PROBE] step=334 x0_box=(-0.00537,-0.00546,+0.04993) x1_box=(-0.04936,-0.00422,+0.02227) x1_box_v=(-0.85349,+0.02335,-0.54180) dt=0.050
[VFF] step=334 mode=c3 alpha=0.000 v_des=(+0.0000,+0.0000,+0.0000) |v_des|=0.0000 sat=0 util_max=0.353@j5
[OSC-FORCE] step=334 mode=c3 lam_des=5.000 lam_ext=5.000
[GS] step=334 mode=c3 switch=kStayInC3 best_k=0 best_src=current curr_cost=34872.48 repos_cost=- best_other=38724.83 met_progress=Y steps_since_improve=0 switches=5
[STEP] step=334 mode=c3 t=3.340s ee=(+0.056,-0.071,+0.025) obj=(-0.005,-0.005,+0.050) goal_dist=0.295m switch=kStayInC3 c3_cost=34872.48 lam_n=6.326 lam_t=1.167 contact=Y productive=Y f_cmd=(+5.00,-0.09,-0.00)
[GATE-EVOLVE] step=334 curr=34872.48 best_other=38724.83 ratio=0.9005 ee_to_optimal=0.0652m phi=-0.0000m
[DRAKE-CONTACT] step=334 n_pairs=2 ee_box_normal=0.000
[GATE-CONTACT] step=334 F_W=(+0.0000,+0.0000,+0.0000) F_on_box=(-0.0000,-0.0000,-0.0000) n_face_out=(-0.0000,-0.0000,-0.0000) A_is_ee=0 box_q=(+0.99336,+0.00132,-0.00049,-0.11553) box_p=(-0.00537,-0.00546,+0.04993) ee_p=(+0.05629,-0.07067,+0.02497)
[EErel] along_push=-0.062m (neg=correct)  perp=0.065m  ee_to_box=0.090m  stage=3  obj=[-0.005 -0.006]  g_hat=[-1.    0.02]
[proxy] err=0.181m  effective=[0.181 0.056 0.05 ]
[ADMM-C3+] primal: 14.0293->10.6010  dual: 1447.7570->393.6170  mono=False  iters=25/25  rho=25.0
[ADMM-C3+] WARNING non-converged: pr=10.6010 dr=393.6170 tol=1e-03
[C3+] step=1569 |u[0]|=40.26Nm λ_n_max=3.225 η_n_max=2.906 primal=10.601 iters=25/25
[EErel] along_push=-0.062m (neg=correct)  perp=0.065m  ee_to_box=0.090m  stage=3  obj=[-0.005 -0.006]  g_hat=[-1.    0.02]
[proxy] err=0.181m  effective=[0.181 0.056 0.05 ]
[ADMM-C3+] primal: 15.2121->9.9881  dual: 1655.4244->385.1687  mono=False  iters=25/25  rho=25.0
[ADMM-C3+] WARNING non-converged: pr=9.9881 dr=385.1687 tol=1e-03
[C3+] step=1574 |u[0]|=31.32Nm λ_n_max=3.315 η_n_max=2.726 primal=9.988 iters=25/25
[CONTACT-RUN] step=335 nhat_BA_W=[+0.970,-0.243,+0.000] p_BCb=[+0.050,-0.050,-0.025] distance=-0.00003 contact_type=EE-BOX
[X-SEQ-PROBE] step=335 x0_box=(-0.00549,-0.00596,+0.04987) x1_box=(-0.04893,-0.00483,+0.02292) x1_box_v=(-0.85812,+0.02511,-0.54386) dt=0.050
[VFF] step=335 mode=c3 alpha=0.000 v_des=(+0.0000,+0.0000,+0.0000) |v_des|=0.0000 sat=0 util_max=0.367@j5
[OSC-FORCE] step=335 mode=c3 lam_des=5.000 lam_ext=5.000
[GS] step=335 mode=c3 switch=kStayInC3 best_k=0 best_src=current curr_cost=38782.84 repos_cost=- best_other=39514.53 met_progress=Y steps_since_improve=0 switches=5
[STEP] step=335 mode=c3 t=3.350s ee=(+0.055,-0.072,+0.025) obj=(-0.005,-0.006,+0.050) goal_dist=0.295m switch=kStayInC3 c3_cost=38782.84 lam_n=6.526 lam_t=2.536 contact=Y productive=Y f_cmd=(+5.00,-0.10,-0.00)
[GATE-EVOLVE] step=335 curr=38782.84 best_other=39514.53 ratio=0.9815 ee_to_optimal=0.0666m phi=-0.0000m
[DRAKE-CONTACT] step=335 n_pairs=3 ee_box_normal=21.207
[GATE-CONTACT] step=335 F_W=(-3.4100,-12.2907,-16.9425) F_on_box=(-3.4100,-12.2907,-16.9425) n_face_out=(+0.9637,-0.2669,-0.0004) A_is_ee=1 box_q=(+0.99255,+0.00073,-0.00028,-0.12236) box_p=(-0.00549,-0.00596,+0.04987) ee_p=(+0.05515,-0.07249,+0.02496)
[EErel] along_push=-0.061m (neg=correct)  perp=0.066m  ee_to_box=0.090m  stage=3  obj=[-0.006 -0.006]  g_hat=[-1.     0.022]
[proxy] err=0.184m  effective=[0.181 0.056 0.05 ]
[ADMM-C3+] primal: 14.1363->9.8825  dual: 1447.6582->420.1253  mono=False  iters=25/25  rho=25.0
[ADMM-C3+] WARNING non-converged: pr=9.8825 dr=420.1253 tol=1e-03
[C3+] step=1575 |u[0]|=40.63Nm λ_n_max=3.050 η_n_max=3.034 primal=9.882 iters=25/25
[EErel] along_push=-0.061m (neg=correct)  perp=0.066m  ee_to_box=0.090m  stage=3  obj=[-0.006 -0.006]  g_hat=[-1.     0.022]
[proxy] err=0.184m  effective=[0.181 0.056 0.05 ]
[ADMM-C3+] primal: 15.3208->9.1020  dual: 1624.1860->379.4020  mono=False  iters=25/25  rho=25.0
[ADMM-C3+] WARNING non-converged: pr=9.1020 dr=379.4020 tol=1e-03
[C3+] step=1580 |u[0]|=31.80Nm λ_n_max=3.122 η_n_max=2.453 primal=9.102 iters=25/25
[CONTACT-RUN] step=336 nhat_BA_W=[+0.964,-0.267,+0.000] p_BCb=[+0.050,-0.050,-0.025] distance=+0.00001 contact_type=EE-BOX
[X-SEQ-PROBE] step=336 x0_box=(-0.00558,-0.00644,+0.04983) x1_box=(-0.04704,-0.00674,+0.02143) x1_box_v=(-0.81182,+0.02565,-0.56320) dt=0.050
[VFF] step=336 mode=c3 alpha=0.000 v_des=(+0.0000,+0.0000,+0.0000) |v_des|=0.0000 sat=0 util_max=0.369@j5
[OSC-FORCE] step=336 mode=c3 lam_des=5.000 lam_ext=5.000
[GS] step=336 mode=c3 switch=kStayInC3 best_k=1 best_src=current curr_cost=44130.34 repos_cost=- best_other=43770.11 met_progress=Y steps_since_improve=0 switches=5
[STEP] step=336 mode=c3 t=3.360s ee=(+0.054,-0.074,+0.025) obj=(-0.006,-0.006,+0.050) goal_dist=0.294m switch=kStayInC3 c3_cost=44130.34 lam_n=6.103 lam_t=0.000 contact=Y productive=Y f_cmd=(+5.00,-0.11,-0.00)
[GATE-EVOLVE] step=336 curr=44130.34 best_other=43770.11 ratio=1.0082 ee_to_optimal=0.0679m phi=0.0000m
[DRAKE-CONTACT] step=336 n_pairs=2 ee_box_normal=0.000
[GATE-CONTACT] step=336 F_W=(+0.0000,+0.0000,+0.0000) F_on_box=(-0.0000,-0.0000,-0.0000) n_face_out=(-0.0000,-0.0000,-0.0000) A_is_ee=0 box_q=(+0.99173,+0.00055,-0.00008,-0.12886) box_p=(-0.00558,-0.00644,+0.04983) ee_p=(+0.05409,-0.07421,+0.02497)
[EErel] along_push=-0.060m (neg=correct)  perp=0.067m  ee_to_box=0.091m  stage=3  obj=[-0.006 -0.007]  g_hat=[-1.     0.023]
[proxy] err=0.186m  effective=[0.182 0.056 0.05 ]
[ADMM-C3+] primal: 7.7444->8.6024  dual: 656.4099->359.9772  mono=False  iters=25/25  rho=25.0
[ADMM-C3+] WARNING non-converged: pr=8.6024 dr=359.9772 tol=1e-03
[C3+] step=1581 |u[0]|=38.94Nm λ_n_max=3.415 η_n_max=2.795 primal=8.602 iters=25/25
[EErel] along_push=-0.060m (neg=correct)  perp=0.067m  ee_to_box=0.091m  stage=3  obj=[-0.006 -0.007]  g_hat=[-1.     0.023]
[proxy] err=0.186m  effective=[0.182 0.056 0.05 ]
[ADMM-C3+] primal: 12.2625->15.4658  dual: 1230.7318->504.2787  mono=False  iters=25/25  rho=25.0
[ADMM-C3+] WARNING non-converged: pr=15.4658 dr=504.2787 tol=1e-03
[C3+] step=1586 |u[0]|=33.67Nm λ_n_max=3.542 η_n_max=3.214 primal=15.466 iters=25/25
[CONTACT-RUN] step=337 nhat_BA_W=[+0.958,-0.287,+0.002] p_BCb=[+0.050,-0.050,-0.025] distance=+0.00012 contact_type=EE-BOX
[X-SEQ-PROBE] step=337 x0_box=(-0.00575,-0.00680,+0.04997) x1_box=(-0.05099,-0.00530,+0.07603) x1_box_v=(-0.87816,+0.03394,+0.49793) dt=0.050
[VFF] step=337 mode=c3 alpha=0.000 v_des=(+0.0000,+0.0000,+0.0000) |v_des|=0.0000 sat=0 util_max=0.381@j5
[OSC-FORCE] step=337 mode=c3 lam_des=5.000 lam_ext=5.000
[GS] step=337 mode=c3 switch=kStayInC3 best_k=0 best_src=current curr_cost=66105.52 repos_cost=- best_other=106207.58 met_progress=Y steps_since_improve=0 switches=5
[STEP] step=337 mode=c3 t=3.370s ee=(+0.053,-0.076,+0.025) obj=(-0.006,-0.007,+0.050) goal_dist=0.294m switch=kStayInC3 c3_cost=66105.52 lam_n=6.959 lam_t=0.880 contact=Y productive=Y f_cmd=(+5.00,-0.12,-0.00)
[GATE-EVOLVE] step=337 curr=66105.52 best_other=106207.58 ratio=0.6224 ee_to_optimal=0.0691m phi=0.0001m
[DRAKE-CONTACT] step=337 n_pairs=2 ee_box_normal=0.000
[GATE-CONTACT] step=337 F_W=(+0.0000,+0.0000,+0.0000) F_on_box=(-0.0000,-0.0000,-0.0000) n_face_out=(-0.0000,-0.0000,-0.0000) A_is_ee=0 box_q=(+0.99081,-0.00093,-0.00073,-0.13577) box_p=(-0.00575,-0.00680,+0.04997) ee_p=(+0.05306,-0.07567,+0.02522)
[EErel] along_push=-0.060m (neg=correct)  perp=0.068m  ee_to_box=0.091m  stage=3  obj=[-0.006 -0.007]  g_hat=[-1.     0.023]
[proxy] err=0.188m  effective=[0.182 0.057 0.05 ]
[ADMM-C3+] primal: 11.4752->10.8991  dual: 991.8544->358.9642  mono=False  iters=25/25  rho=25.0
[ADMM-C3+] WARNING non-converged: pr=10.8991 dr=358.9642 tol=1e-03
[C3+] step=1587 |u[0]|=38.38Nm λ_n_max=3.082 η_n_max=3.129 primal=10.899 iters=25/25
[EErel] along_push=-0.060m (neg=correct)  perp=0.068m  ee_to_box=0.091m  stage=3  obj=[-0.006 -0.007]  g_hat=[-1.     0.023]
[proxy] err=0.188m  effective=[0.182 0.057 0.05 ]
[ADMM-C3+] primal: 12.5915->10.9248  dual: 1277.5455->407.2493  mono=False  iters=25/25  rho=25.0
[ADMM-C3+] WARNING non-converged: pr=10.9248 dr=407.2493 tol=1e-03
[C3+] step=1592 |u[0]|=31.43Nm λ_n_max=2.910 η_n_max=2.486 primal=10.925 iters=25/25
[CONTACT-RUN] step=338 nhat_BA_W=[+0.954,-0.299,+0.000] p_BCb=[+0.050,-0.050,-0.024] distance=+0.00076 contact_type=EE-BOX
[X-SEQ-PROBE] step=338 x0_box=(-0.00622,-0.00685,+0.05006) x1_box=(-0.06063,-0.00525,+0.02753) x1_box_v=(-1.07249,+0.02798,-0.43689) dt=0.050
[VFF] step=338 mode=c3 alpha=0.000 v_des=(+0.0000,+0.0000,+0.0000) |v_des|=0.0000 sat=0 util_max=0.372@j5
[OSC-FORCE] step=338 mode=c3 lam_des=5.000 lam_ext=5.000
[GS] step=338 mode=c3 switch=kStayInC3 best_k=0 best_src=current curr_cost=4158.98 repos_cost=- best_other=25693.78 met_progress=Y steps_since_improve=0 switches=5
[STEP] step=338 mode=c3 t=3.380s ee=(+0.052,-0.077,+0.026) obj=(-0.006,-0.007,+0.050) goal_dist=0.294m switch=kStayInC3 c3_cost=4158.98 lam_n=5.793 lam_t=0.000 contact=Y productive=Y f_cmd=(+5.00,-0.12,-0.00)
[GATE-EVOLVE] step=338 curr=4158.98 best_other=25693.78 ratio=0.1619 ee_to_optimal=0.0699m phi=0.0008m
[DRAKE-CONTACT] step=338 n_pairs=2 ee_box_normal=0.000
[GATE-CONTACT] step=338 F_W=(+0.0000,+0.0000,+0.0000) F_on_box=(-0.0000,-0.0000,-0.0000) n_face_out=(-0.0000,-0.0000,-0.0000) A_is_ee=0 box_q=(+0.99015,-0.00059,+0.00010,-0.14052) box_p=(-0.00622,-0.00685,+0.05006) ee_p=(+0.05246,-0.07652,+0.02608)
[EErel] along_push=-0.060m (neg=correct)  perp=0.069m  ee_to_box=0.091m  stage=3  obj=[-0.006 -0.007]  g_hat=[-1.     0.023]
[proxy] err=0.190m  effective=[0.182 0.058 0.05 ]
[ADMM-C3+] primal: 11.4678->10.9921  dual: 996.7798->360.7417  mono=False  iters=25/25  rho=25.0
[ADMM-C3+] WARNING non-converged: pr=10.9921 dr=360.7417 tol=1e-03
[C3+] step=1593 |u[0]|=38.94Nm λ_n_max=3.139 η_n_max=3.031 primal=10.992 iters=25/25
[EErel] along_push=-0.060m (neg=correct)  perp=0.069m  ee_to_box=0.091m  stage=3  obj=[-0.006 -0.007]  g_hat=[-1.     0.023]
[proxy] err=0.190m  effective=[0.182 0.058 0.05 ]
[ADMM-C3+] primal: 13.0729->10.7361  dual: 1333.4151->371.3212  mono=False  iters=25/25  rho=25.0
[ADMM-C3+] WARNING non-converged: pr=10.7361 dr=371.3212 tol=1e-03
[C3+] step=1598 |u[0]|=29.20Nm λ_n_max=3.000 η_n_max=2.529 primal=10.736 iters=25/25
[CONTACT-RUN] step=339 nhat_BA_W=[+0.940,-0.341,-0.000] p_BCb=[+0.050,-0.050,-0.023] distance=+0.00052 contact_type=EE-BOX
[X-SEQ-PROBE] step=339 x0_box=(-0.00628,-0.00680,+0.05000) x1_box=(-0.06006,-0.00548,+0.02988) x1_box_v=(-1.07980,+0.02825,-0.39649) dt=0.050
[VFF] step=339 mode=c3 alpha=0.000 v_des=(+0.0000,+0.0000,+0.0000) |v_des|=0.0000 sat=0 util_max=0.393@j5
[OSC-FORCE] step=339 mode=c3 lam_des=5.000 lam_ext=5.000
[GS] step=339 mode=c3 switch=kStayInC3 best_k=0 best_src=current curr_cost=4130.15 repos_cost=- best_other=25638.29 met_progress=Y steps_since_improve=0 switches=5
[STEP] step=339 mode=c3 t=3.390s ee=(+0.052,-0.078,+0.027) obj=(-0.006,-0.007,+0.050) goal_dist=0.294m switch=kStayInC3 c3_cost=4130.15 lam_n=5.969 lam_t=0.000 contact=Y productive=Y f_cmd=(+5.00,-0.12,-0.00)
[GATE-EVOLVE] step=339 curr=4130.15 best_other=25638.29 ratio=0.1611 ee_to_optimal=0.0710m phi=0.0005m
[DRAKE-CONTACT] step=339 n_pairs=2 ee_box_normal=0.000
[GATE-CONTACT] step=339 F_W=(+0.0000,+0.0000,+0.0000) F_on_box=(-0.0000,-0.0000,-0.0000) n_face_out=(-0.0000,-0.0000,-0.0000) A_is_ee=0 box_q=(+0.99001,-0.00012,+0.00011,-0.14150) box_p=(-0.00628,-0.00680,+0.05000) ee_p=(+0.05170,-0.07752,+0.02683)
[EErel] along_push=-0.059m (neg=correct)  perp=0.070m  ee_to_box=0.092m  stage=3  obj=[-0.006 -0.007]  g_hat=[-1.     0.023]
[proxy] err=0.192m  effective=[0.183 0.059 0.05 ]
[ADMM-C3+] primal: 11.5316->9.3758  dual: 997.2825->371.1897  mono=False  iters=25/25  rho=25.0
[ADMM-C3+] WARNING non-converged: pr=9.3758 dr=371.1897 tol=1e-03
[C3+] step=1599 |u[0]|=38.87Nm λ_n_max=3.133 η_n_max=2.929 primal=9.376 iters=25/25
[EErel] along_push=-0.059m (neg=correct)  perp=0.070m  ee_to_box=0.092m  stage=3  obj=[-0.006 -0.007]  g_hat=[-1.     0.023]
[proxy] err=0.192m  effective=[0.183 0.059 0.05 ]
[ADMM-C3+] primal: 13.5019->10.0549  dual: 1393.9383->392.1194  mono=False  iters=25/25  rho=25.0
[ADMM-C3+] WARNING non-converged: pr=10.0549 dr=392.1194 tol=1e-03
[C3+] step=1604 |u[0]|=29.14Nm λ_n_max=3.056 η_n_max=2.480 primal=10.055 iters=25/25
[CONTACT-RUN] step=340 nhat_BA_W=[+0.923,-0.386,-0.000] p_BCb=[+0.050,-0.050,-0.022] distance=+0.00017 contact_type=EE-BOX
[X-SEQ-PROBE] step=340 x0_box=(-0.00629,-0.00681,+0.05000) x1_box=(-0.06203,-0.00533,+0.03067) x1_box_v=(-1.11686,+0.02953,-0.38633) dt=0.050
[VFF] step=340 mode=c3 alpha=0.000 v_des=(+0.0000,+0.0000,+0.0000) |v_des|=0.0000 sat=0 util_max=0.388@j5
[OSC-FORCE] step=340 mode=c3 lam_des=5.000 lam_ext=5.000
[IMP] step=340 mode=c3 |x_err|=0.0267m |tau_imp|=17.39Nm |tau_ff|=2.61Nm |tau_out|=17.39Nm sat=False lam_n=True lam_t=True
[GS] step=340 mode=c3 switch=kStayInC3 best_k=0 best_src=current curr_cost=3918.80 repos_cost=- best_other=25507.31 met_progress=Y steps_since_improve=0 switches=5
[STEP] step=340 mode=c3 t=3.400s ee=(+0.051,-0.079,+0.028) obj=(-0.006,-0.007,+0.050) goal_dist=0.294m switch=kStayInC3 c3_cost=3918.80 lam_n=6.072 lam_t=0.000 contact=Y productive=Y f_cmd=(+5.00,-0.12,-0.00)
[GATE-EVOLVE] step=340 curr=3918.80 best_other=25507.31 ratio=0.1536 ee_to_optimal=0.0722m phi=0.0002m
[GS-table] step=340
  k=0 (current   ) pos=(+0.051,-0.079,+0.028) c_C3=  32903.47 align=0.9662(bonus=28984.67) rot=+0.0000(bonus=    0.00) travel=0.000m(pen=  0.00) c_sample=   3918.80 feas=Y ik_err=0.0000m  ← WIN
  k=1 (strat_0   ) pos=(+0.005,-0.087,+0.030) c_C3=  25498.04 align=0.0000(bonus=    0.00) rot=+0.0000(bonus=    0.00) travel=0.046m(pen=  9.26) c_sample=  25507.31 feas=Y ik_err=0.0001m
  k=2 (strat_1   ) pos=(+0.076,-0.010,+0.030) c_C3= 144406.98 align=0.9662(bonus=28984.67) rot=+0.0000(bonus=    0.00) travel=0.073m(pen= 14.68) c_sample= 115436.99 feas=Y ik_err=0.0003m
  k=3 (strat_2   ) pos=(+0.075,-0.017,+0.030) c_C3= 144117.70 align=0.9662(bonus=28984.67) rot=+0.0000(bonus=    0.00) travel=0.066m(pen= 13.20) c_sample= 115146.23 feas=Y ik_err=0.0002m
  k=4 (buffer    ) pos=(+0.005,-0.087,+0.030) c_C3=  25498.04 align=0.0000(bonus=    0.00) rot=+0.0000(bonus=    0.00) travel=0.046m(pen=  9.26) c_sample=  25507.31 feas=Y ik_err=0.0001m
[DRAKE-CONTACT] step=340 n_pairs=2 ee_box_normal=0.000
[GATE-CONTACT] step=340 F_W=(+0.0000,+0.0000,+0.0000) F_on_box=(-0.0000,-0.0000,-0.0000) n_face_out=(-0.0000,-0.0000,-0.0000) A_is_ee=0 box_q=(+0.99000,-0.00001,+0.00002,-0.14157) box_p=(-0.00629,-0.00681,+0.05000) ee_p=(+0.05092,-0.07853,+0.02755)
[EErel] along_push=-0.058m (neg=correct)  perp=0.071m  ee_to_box=0.092m  stage=3  obj=[-0.006 -0.007]  g_hat=[-1.     0.023]
[proxy] err=0.194m  effective=[0.183 0.06  0.05 ]
[ADMM-C3+] primal: 8.1057->8.0574  dual: 691.6797->337.6463  mono=False  iters=25/25  rho=25.0
[ADMM-C3+] WARNING non-converged: pr=8.0574 dr=337.6463 tol=1e-03
[C3+] step=1605 |u[0]|=38.07Nm λ_n_max=3.821 η_n_max=2.514 primal=8.057 iters=25/25
[EErel] along_push=-0.058m (neg=correct)  perp=0.071m  ee_to_box=0.092m  stage=3  obj=[-0.006 -0.007]  g_hat=[-1.     0.023]
[proxy] err=0.194m  effective=[0.183 0.06  0.05 ]
[ADMM-C3+] primal: 12.5383->9.2402  dual: 1190.7223->331.2948  mono=False  iters=25/25  rho=25.0
[ADMM-C3+] WARNING non-converged: pr=9.2402 dr=331.2948 tol=1e-03
[C3+] step=1610 |u[0]|=32.71Nm λ_n_max=3.918 η_n_max=2.146 primal=9.240 iters=25/25
[CONTACT-RUN] step=341 nhat_BA_W=[+0.908,-0.419,+0.001] p_BCb=[+0.050,-0.050,-0.022] distance=+0.00008 contact_type=EE-BOX
[X-SEQ-PROBE] step=341 x0_box=(-0.00640,-0.00682,+0.05009) x1_box=(-0.05295,-0.00530,+0.06778) x1_box_v=(-0.91741,+0.03422,+0.33652) dt=0.050
[VFF] step=341 mode=c3 alpha=0.000 v_des=(+0.0000,+0.0000,+0.0000) |v_des|=0.0000 sat=0 util_max=0.361@j5
[OSC-FORCE] step=341 mode=c3 lam_des=5.000 lam_ext=5.000
[GS] step=341 mode=c3 switch=kStayInC3 best_k=0 best_src=current curr_cost=61256.88 repos_cost=- best_other=114931.25 met_progress=Y steps_since_improve=0 switches=5
[STEP] step=341 mode=c3 t=3.410s ee=(+0.050,-0.079,+0.028) obj=(-0.006,-0.007,+0.050) goal_dist=0.294m switch=kStayInC3 c3_cost=61256.88 lam_n=3.918 lam_t=4.865 contact=Y productive=Y f_cmd=(+5.00,-0.12,-0.00)
[GATE-EVOLVE] step=341 curr=61256.88 best_other=114931.25 ratio=0.5330 ee_to_optimal=0.0732m phi=0.0001m
[DRAKE-CONTACT] step=341 n_pairs=2 ee_box_normal=0.000
[GATE-CONTACT] step=341 F_W=(+0.0000,+0.0000,+0.0000) F_on_box=(-0.0000,-0.0000,-0.0000) n_face_out=(-0.0000,-0.0000,-0.0000) A_is_ee=0 box_q=(+0.98982,-0.00066,-0.00043,-0.14285) box_p=(-0.00640,-0.00682,+0.05009) ee_p=(+0.05021,-0.07946,+0.02823)
[EErel] along_push=-0.058m (neg=correct)  perp=0.072m  ee_to_box=0.093m  stage=3  obj=[-0.007 -0.007]  g_hat=[-1.     0.023]
[proxy] err=0.196m  effective=[0.184 0.061 0.05 ]
[ADMM-C3+] primal: 8.2148->9.4061  dual: 700.8770->388.3273  mono=False  iters=25/25  rho=25.0
[ADMM-C3+] WARNING non-converged: pr=9.4061 dr=388.3273 tol=1e-03
[C3+] step=1611 |u[0]|=38.08Nm λ_n_max=3.431 η_n_max=2.408 primal=9.406 iters=25/25
[EErel] along_push=-0.058m (neg=correct)  perp=0.072m  ee_to_box=0.093m  stage=3  obj=[-0.007 -0.007]  g_hat=[-1.     0.023]
[proxy] err=0.196m  effective=[0.184 0.061 0.05 ]
[ADMM-C3+] primal: 12.7495->13.1339  dual: 1217.8685->453.5464  mono=False  iters=25/25  rho=25.0
[ADMM-C3+] WARNING non-converged: pr=13.1339 dr=453.5464 tol=1e-03
[C3+] step=1616 |u[0]|=33.17Nm λ_n_max=3.317 η_n_max=2.065 primal=13.134 iters=25/25
[CONTACT-RUN] step=342 nhat_BA_W=[+0.897,-0.442,+0.000] p_BCb=[+0.050,-0.050,-0.021] distance=+0.00040 contact_type=EE-BOX
[X-SEQ-PROBE] step=342 x0_box=(-0.00667,-0.00687,+0.05002) x1_box=(-0.04648,-0.00533,+0.06552) x1_box_v=(-0.79037,+0.03064,+0.32978) dt=0.050
[VFF] step=342 mode=c3 alpha=0.000 v_des=(+0.0000,+0.0000,+0.0000) |v_des|=0.0000 sat=0 util_max=0.349@j5
[OSC-FORCE] step=342 mode=c3 lam_des=5.000 lam_ext=5.000
[GS] step=342 mode=c3 switch=kStayInC3 best_k=0 best_src=current curr_cost=56834.17 repos_cost=- best_other=115647.02 met_progress=Y steps_since_improve=0 switches=5
[STEP] step=342 mode=c3 t=3.420s ee=(+0.050,-0.080,+0.029) obj=(-0.007,-0.007,+0.050) goal_dist=0.293m switch=kStayInC3 c3_cost=56834.17 lam_n=6.962 lam_t=4.585 contact=Y productive=Y f_cmd=(+5.00,-0.12,-0.00)
[GATE-EVOLVE] step=342 curr=56834.17 best_other=115647.02 ratio=0.4914 ee_to_optimal=0.0742m phi=0.0004m
[DRAKE-CONTACT] step=342 n_pairs=2 ee_box_normal=0.000
[GATE-CONTACT] step=342 F_W=(+0.0000,+0.0000,+0.0000) F_on_box=(-0.0000,-0.0000,-0.0000) n_face_out=(-0.0000,-0.0000,-0.0000) A_is_ee=0 box_q=(+0.98938,-0.00031,-0.00000,-0.14589) box_p=(-0.00667,-0.00687,+0.05002) ee_p=(+0.04956,-0.08041,+0.02887)
[EErel] along_push=-0.057m (neg=correct)  perp=0.073m  ee_to_box=0.093m  stage=3  obj=[-0.007 -0.007]  g_hat=[-1.     0.023]
[proxy] err=0.198m  effective=[0.184 0.062 0.05 ]
[ADMM-C3+] primal: 11.6270->11.0655  dual: 997.4527->346.2631  mono=False  iters=25/25  rho=25.0
[ADMM-C3+] WARNING non-converged: pr=11.0655 dr=346.2631 tol=1e-03
[C3+] step=1617 |u[0]|=38.03Nm λ_n_max=2.982 η_n_max=2.683 primal=11.065 iters=25/25
[EErel] along_push=-0.057m (neg=correct)  perp=0.073m  ee_to_box=0.093m  stage=3  obj=[-0.007 -0.007]  g_hat=[-1.     0.023]
[proxy] err=0.198m  effective=[0.184 0.062 0.05 ]
[ADMM-C3+] primal: 13.0235->10.6411  dual: 1272.6341->421.4739  mono=False  iters=25/25  rho=25.0
[ADMM-C3+] WARNING non-converged: pr=10.6411 dr=421.4739 tol=1e-03
[C3+] step=1622 |u[0]|=29.59Nm λ_n_max=3.079 η_n_max=2.483 primal=10.641 iters=25/25
[CONTACT-RUN] step=343 nhat_BA_W=[+0.874,-0.485,-0.000] p_BCb=[+0.050,-0.050,-0.021] distance=+0.00022 contact_type=EE-BOX
[X-SEQ-PROBE] step=343 x0_box=(-0.00669,-0.00689,+0.05001) x1_box=(-0.06428,-0.00552,+0.02902) x1_box_v=(-1.15347,+0.03140,-0.42102) dt=0.050
[VFF] step=343 mode=c3 alpha=0.000 v_des=(+0.0000,+0.0000,+0.0000) |v_des|=0.0000 sat=0 util_max=0.355@j5
[OSC-FORCE] step=343 mode=c3 lam_des=5.000 lam_ext=5.000
[GS] step=343 mode=c3 switch=kStayInC3 best_k=0 best_src=current curr_cost=3902.51 repos_cost=- best_other=25255.78 met_progress=Y steps_since_improve=0 switches=5
[STEP] step=343 mode=c3 t=3.430s ee=(+0.049,-0.081,+0.029) obj=(-0.007,-0.007,+0.050) goal_dist=0.293m switch=kStayInC3 c3_cost=3902.51 lam_n=6.085 lam_t=0.000 contact=Y productive=Y f_cmd=(+5.00,-0.12,-0.00)
[GATE-EVOLVE] step=343 curr=3902.51 best_other=25255.78 ratio=0.1545 ee_to_optimal=0.0754m phi=0.0002m
[DRAKE-CONTACT] step=343 n_pairs=2 ee_box_normal=0.000
[GATE-CONTACT] step=343 F_W=(+0.0000,+0.0000,+0.0000) F_on_box=(-0.0000,-0.0000,-0.0000) n_face_out=(-0.0000,-0.0000,-0.0000) A_is_ee=0 box_q=(+0.98936,-0.00002,+0.00010,-0.14602) box_p=(-0.00669,-0.00689,+0.05001) ee_p=(+0.04878,-0.08145,+0.02947)
[EErel] along_push=-0.056m (neg=correct)  perp=0.074m  ee_to_box=0.093m  stage=3  obj=[-0.007 -0.007]  g_hat=[-1.     0.023]
[proxy] err=0.201m  effective=[0.185 0.063 0.05 ]
[ADMM-C3+] primal: 11.6401->9.8357  dual: 994.9372->320.9593  mono=False  iters=25/25  rho=25.0
[ADMM-C3+] WARNING non-converged: pr=9.8357 dr=320.9593 tol=1e-03
[C3+] step=1623 |u[0]|=39.74Nm λ_n_max=2.930 η_n_max=2.559 primal=9.836 iters=25/25
[EErel] along_push=-0.056m (neg=correct)  perp=0.074m  ee_to_box=0.093m  stage=3  obj=[-0.007 -0.007]  g_hat=[-1.     0.023]
[proxy] err=0.201m  effective=[0.185 0.063 0.05 ]
[ADMM-C3+] primal: 13.7079->9.6882  dual: 1349.0029->387.0168  mono=False  iters=25/25  rho=25.0
[ADMM-C3+] WARNING non-converged: pr=9.6882 dr=387.0168 tol=1e-03
[C3+] step=1628 |u[0]|=27.30Nm λ_n_max=2.977 η_n_max=2.418 primal=9.688 iters=25/25
[CONTACT-RUN] step=344 nhat_BA_W=[+0.844,-0.536,-0.000] p_BCb=[+0.050,-0.050,-0.020] distance=-0.00001 contact_type=EE-BOX
[X-SEQ-PROBE] step=344 x0_box=(-0.00669,-0.00689,+0.05000) x1_box=(-0.06202,-0.00544,+0.02735) x1_box_v=(-1.11060,+0.03041,-0.45221) dt=0.050
[VFF] step=344 mode=c3 alpha=0.000 v_des=(+0.0000,+0.0000,+0.0000) |v_des|=0.0000 sat=0 util_max=0.384@j5
[OSC-FORCE] step=344 mode=c3 lam_des=5.000 lam_ext=5.000
[GS] step=344 mode=c3 switch=kStayInC3 best_k=0 best_src=current curr_cost=3591.20 repos_cost=- best_other=25088.78 met_progress=Y steps_since_improve=0 switches=5
[STEP] step=344 mode=c3 t=3.440s ee=(+0.048,-0.083,+0.030) obj=(-0.007,-0.007,+0.050) goal_dist=0.293m switch=kStayInC3 c3_cost=3591.20 lam_n=5.888 lam_t=0.000 contact=Y productive=Y f_cmd=(+5.00,-0.12,-0.00)
[GATE-EVOLVE] step=344 curr=3591.20 best_other=25088.78 ratio=0.1431 ee_to_optimal=0.0767m phi=-0.0000m
[DRAKE-CONTACT] step=344 n_pairs=2 ee_box_normal=0.000
[GATE-CONTACT] step=344 F_W=(+0.0000,+0.0000,+0.0000) F_on_box=(-0.0000,-0.0000,-0.0000) n_face_out=(-0.0000,-0.0000,-0.0000) A_is_ee=0 box_q=(+0.98935,-0.00004,+0.00008,-0.14605) box_p=(-0.00669,-0.00689,+0.05000) ee_p=(+0.04781,-0.08260,+0.03000)
[EErel] along_push=-0.056m (neg=correct)  perp=0.076m  ee_to_box=0.094m  stage=3  obj=[-0.007 -0.007]  g_hat=[-1.     0.024]
[proxy] err=0.204m  effective=[0.185 0.064 0.05 ]
[ADMM-C3+] primal: 13.9589->17.9866  dual: 1445.8022->540.5118  mono=False  iters=25/25  rho=25.0
[ADMM-C3+] WARNING non-converged: pr=17.9866 dr=540.5118 tol=1e-03
[C3+] step=1629 |u[0]|=38.55Nm λ_n_max=5.181 η_n_max=3.457 primal=17.987 iters=25/25
[EErel] along_push=-0.056m (neg=correct)  perp=0.076m  ee_to_box=0.094m  stage=3  obj=[-0.007 -0.007]  g_hat=[-1.     0.024]
[proxy] err=0.204m  effective=[0.185 0.064 0.05 ]
[ADMM-C3+] primal: 14.8230->14.8740  dual: 1553.2163->612.4755  mono=False  iters=25/25  rho=25.0
[ADMM-C3+] WARNING non-converged: pr=14.8740 dr=612.4755 tol=1e-03
[C3+] step=1634 |u[0]|=32.24Nm λ_n_max=5.474 η_n_max=3.311 primal=14.874 iters=25/25
[CONTACT-RUN] step=345 nhat_BA_W=[+0.818,-0.575,-0.000] p_BCb=[+0.050,-0.050,-0.019] distance=+0.00004 contact_type=EE-BOX
[X-SEQ-PROBE] step=345 x0_box=(-0.00684,-0.00691,+0.04999) x1_box=(-0.08215,-0.00486,+0.02409) x1_box_v=(-1.50731,+0.04467,-0.50899) dt=0.050
[VFF] step=345 mode=c3 alpha=0.000 v_des=(+0.0000,+0.0000,+0.0000) |v_des|=0.0000 sat=0 util_max=0.361@j5
[OSC-FORCE] step=345 mode=c3 lam_des=2.000 lam_ext=2.000
[GS] step=345 mode=c3 switch=kStayInC3 best_k=0 best_src=current curr_cost=14221.95 repos_cost=- best_other=163516.96 met_progress=Y steps_since_improve=0 switches=5
[STEP] step=345 mode=c3 t=3.450s ee=(+0.047,-0.084,+0.030) obj=(-0.007,-0.007,+0.050) goal_dist=0.293m switch=kStayInC3 c3_cost=14221.95 lam_n=0.000 lam_t=0.563 contact=Y productive=Y f_cmd=(+2.00,-0.05,-0.00)
[GATE-EVOLVE] step=345 curr=14221.95 best_other=163516.96 ratio=0.0870 ee_to_optimal=0.0780m phi=0.0000m
[DRAKE-CONTACT] step=345 n_pairs=2 ee_box_normal=0.000
[GATE-CONTACT] step=345 F_W=(+0.0000,+0.0000,+0.0000) F_on_box=(-0.0000,-0.0000,-0.0000) n_face_out=(-0.0000,-0.0000,-0.0000) A_is_ee=0 box_q=(+0.98913,+0.00012,+0.00003,-0.14752) box_p=(-0.00684,-0.00691,+0.04999) ee_p=(+0.04687,-0.08373,+0.03049)
[EErel] along_push=-0.055m (neg=correct)  perp=0.077m  ee_to_box=0.094m  stage=3  obj=[-0.007 -0.007]  g_hat=[-1.     0.024]
[proxy] err=0.206m  effective=[0.186 0.065 0.05 ]
[ADMM-C3+] primal: 14.2165->14.8994  dual: 1478.7346->653.0416  mono=False  iters=25/25  rho=25.0
[ADMM-C3+] WARNING non-converged: pr=14.8994 dr=653.0416 tol=1e-03
[C3+] step=1635 |u[0]|=38.06Nm λ_n_max=5.042 η_n_max=3.046 primal=14.899 iters=25/25
[EErel] along_push=-0.055m (neg=correct)  perp=0.077m  ee_to_box=0.094m  stage=3  obj=[-0.007 -0.007]  g_hat=[-1.     0.024]
[proxy] err=0.206m  effective=[0.186 0.065 0.05 ]
[ADMM-C3+] primal: 14.5533->18.2901  dual: 1495.9801->627.8588  mono=False  iters=25/25  rho=25.0
[ADMM-C3+] WARNING non-converged: pr=18.2901 dr=627.8588 tol=1e-03
[C3+] step=1640 |u[0]|=30.65Nm λ_n_max=4.644 η_n_max=2.992 primal=18.290 iters=25/25
[CONTACT-RUN] step=346 nhat_BA_W=[+0.786,-0.618,-0.000] p_BCb=[+0.050,-0.050,-0.019] distance=+0.00002 contact_type=EE-BOX
[X-SEQ-PROBE] step=346 x0_box=(-0.00683,-0.00691,+0.05000) x1_box=(-0.07941,-0.00467,+0.02531) x1_box_v=(-1.44709,+0.04374,-0.49216) dt=0.050
[VFF] step=346 mode=c3 alpha=0.000 v_des=(+0.0000,+0.0000,+0.0000) |v_des|=0.0000 sat=0 util_max=0.369@j5
[OSC-FORCE] step=346 mode=c3 lam_des=2.000 lam_ext=2.000
[GS] step=346 mode=c3 switch=kStayInC3 best_k=0 best_src=current curr_cost=14906.08 repos_cost=- best_other=164920.15 met_progress=Y steps_since_improve=1 switches=5
[STEP] step=346 mode=c3 t=3.460s ee=(+0.046,-0.085,+0.031) obj=(-0.007,-0.007,+0.050) goal_dist=0.293m switch=kStayInC3 c3_cost=14906.08 lam_n=0.000 lam_t=12.567 contact=Y productive=Y f_cmd=(+2.00,-0.05,-0.00)
[GATE-EVOLVE] step=346 curr=14906.08 best_other=164920.15 ratio=0.0904 ee_to_optimal=0.0792m phi=0.0000m
[DRAKE-CONTACT] step=346 n_pairs=2 ee_box_normal=0.000
[GATE-CONTACT] step=346 F_W=(+0.0000,+0.0000,+0.0000) F_on_box=(-0.0000,-0.0000,-0.0000) n_face_out=(-0.0000,-0.0000,-0.0000) A_is_ee=0 box_q=(+0.98911,+0.00008,+0.00001,-0.14766) box_p=(-0.00683,-0.00691,+0.05000) ee_p=(+0.04606,-0.08478,+0.03092)
[EErel] along_push=-0.054m (neg=correct)  perp=0.078m  ee_to_box=0.095m  stage=3  obj=[-0.007 -0.007]  g_hat=[-1.     0.024]
[proxy] err=0.209m  effective=[0.187 0.066 0.05 ]
[ADMM-C3+] primal: 8.5809->9.9156  dual: 736.3787->426.7269  mono=False  iters=25/25  rho=25.0
[ADMM-C3+] WARNING non-converged: pr=9.9156 dr=426.7269 tol=1e-03
[C3+] step=1641 |u[0]|=39.51Nm λ_n_max=2.030 η_n_max=1.552 primal=9.916 iters=25/25
[EErel] along_push=-0.054m (neg=correct)  perp=0.078m  ee_to_box=0.095m  stage=3  obj=[-0.007 -0.007]  g_hat=[-1.     0.024]
[proxy] err=0.209m  effective=[0.187 0.066 0.05 ]
[ADMM-C3+] primal: 13.2587->10.7984  dual: 1197.3161->420.8752  mono=False  iters=25/25  rho=25.0
[ADMM-C3+] WARNING non-converged: pr=10.7984 dr=420.8752 tol=1e-03
[C3+] step=1646 |u[0]|=31.16Nm λ_n_max=2.002 η_n_max=1.441 primal=10.798 iters=25/25
[CONTACT-RUN] step=347 nhat_BA_W=[+0.755,-0.656,+0.000] p_BCb=[+0.050,-0.050,-0.019] distance=+0.00014 contact_type=EE-BOX
[X-SEQ-PROBE] step=347 x0_box=(-0.00684,-0.00690,+0.05000) x1_box=(-0.03672,-0.00560,+0.03237) x1_box_v=(-0.60045,+0.02542,-0.35340) dt=0.050
[VFF] step=347 mode=c3 alpha=0.000 v_des=(+0.0000,+0.0000,+0.0000) |v_des|=0.0000 sat=0 util_max=0.364@j5
[OSC-FORCE] step=347 mode=c3 lam_des=4.019 lam_ext=4.019
[GS] step=347 mode=c3 switch=kStayInC3 best_k=0 best_src=current curr_cost=55006.54 repos_cost=- best_other=120486.99 met_progress=Y steps_since_improve=2 switches=5
[STEP] step=347 mode=c3 t=3.470s ee=(+0.045,-0.086,+0.031) obj=(-0.007,-0.007,+0.050) goal_dist=0.293m switch=kStayInC3 c3_cost=55006.54 lam_n=4.019 lam_t=1.814 contact=Y productive=Y f_cmd=(+4.02,-0.09,-0.00)
[GATE-EVOLVE] step=347 curr=55006.54 best_other=120486.99 ratio=0.4565 ee_to_optimal=0.0804m phi=0.0001m
[DRAKE-CONTACT] step=347 n_pairs=2 ee_box_normal=0.000
[GATE-CONTACT] step=347 F_W=(+0.0000,+0.0000,+0.0000) F_on_box=(-0.0000,-0.0000,-0.0000) n_face_out=(-0.0000,-0.0000,-0.0000) A_is_ee=0 box_q=(+0.98911,-0.00003,-0.00003,-0.14768) box_p=(-0.00684,-0.00690,+0.05000) ee_p=(+0.04536,-0.08581,+0.03131)
[EErel] along_push=-0.053m (neg=correct)  perp=0.079m  ee_to_box=0.095m  stage=3  obj=[-0.007 -0.007]  g_hat=[-1.     0.024]
[proxy] err=0.211m  effective=[0.188 0.067 0.05 ]
[ADMM-C3+] primal: 14.7390->8.8702  dual: 1574.8194->266.8843  mono=False  iters=25/25  rho=25.0
[ADMM-C3+] WARNING non-converged: pr=8.8702 dr=266.8843 tol=1e-03
[C3+] step=1647 |u[0]|=40.58Nm λ_n_max=3.942 η_n_max=2.461 primal=8.870 iters=25/25
[EErel] along_push=-0.053m (neg=correct)  perp=0.079m  ee_to_box=0.095m  stage=3  obj=[-0.007 -0.007]  g_hat=[-1.     0.024]
[proxy] err=0.211m  effective=[0.188 0.067 0.05 ]
[ADMM-C3+] primal: 14.3941->12.7718  dual: 1463.8646->539.3758  mono=False  iters=25/25  rho=25.0
[ADMM-C3+] WARNING non-converged: pr=12.7718 dr=539.3758 tol=1e-03
[C3+] step=1652 |u[0]|=30.11Nm λ_n_max=4.187 η_n_max=2.472 primal=12.772 iters=25/25
[CONTACT-RUN] step=348 nhat_BA_W=[+0.719,-0.695,-0.000] p_BCb=[+0.050,-0.050,-0.018] distance=+0.00023 contact_type=EE-BOX
[X-SEQ-PROBE] step=348 x0_box=(-0.00683,-0.00691,+0.04999) x1_box=(-0.07451,-0.00498,+0.02549) x1_box_v=(-1.36005,+0.04174,-0.49045) dt=0.050
[VFF] step=348 mode=c3 alpha=0.000 v_des=(+0.0000,+0.0000,+0.0000) |v_des|=0.0000 sat=0 util_max=0.261@j5
[OSC-FORCE] step=348 mode=c3 lam_des=2.000 lam_ext=2.000
[GS] step=348 mode=c3 switch=kStayInC3 best_k=0 best_src=current curr_cost=15696.23 repos_cost=- best_other=165153.02 met_progress=Y steps_since_improve=3 switches=5
[STEP] step=348 mode=c3 t=3.480s ee=(+0.045,-0.087,+0.032) obj=(-0.007,-0.007,+0.050) goal_dist=0.293m switch=kStayInC3 c3_cost=15696.23 lam_n=0.000 lam_t=0.211 contact=Y productive=Y f_cmd=(+2.00,-0.05,-0.00)
[GATE-EVOLVE] step=348 curr=15696.23 best_other=165153.02 ratio=0.0950 ee_to_optimal=0.0817m phi=0.0002m
[DRAKE-CONTACT] step=348 n_pairs=2 ee_box_normal=0.000
[GATE-CONTACT] step=348 F_W=(+0.0000,+0.0000,+0.0000) F_on_box=(-0.0000,-0.0000,-0.0000) n_face_out=(-0.0000,-0.0000,-0.0000) A_is_ee=0 box_q=(+0.98911,+0.00004,+0.00004,-0.14769) box_p=(-0.00683,-0.00691,+0.04999) ee_p=(+0.04453,-0.08685,+0.03152)
[EErel] along_push=-0.052m (neg=correct)  perp=0.080m  ee_to_box=0.096m  stage=3  obj=[-0.007 -0.007]  g_hat=[-1.     0.024]
[proxy] err=0.214m  effective=[0.188 0.069 0.05 ]
[ADMM-C3+] primal: 14.1249->12.9552  dual: 1391.0919->414.8138  mono=False  iters=25/25  rho=25.0
[ADMM-C3+] WARNING non-converged: pr=12.9552 dr=414.8138 tol=1e-03
[C3+] step=1653 |u[0]|=40.64Nm λ_n_max=2.158 η_n_max=1.505 primal=12.955 iters=25/25
[EErel] along_push=-0.052m (neg=correct)  perp=0.080m  ee_to_box=0.096m  stage=3  obj=[-0.007 -0.007]  g_hat=[-1.     0.024]
[proxy] err=0.214m  effective=[0.188 0.069 0.05 ]
[ADMM-C3+] primal: 15.0727->8.9898  dual: 1498.3364->343.6207  mono=False  iters=25/25  rho=25.0
[ADMM-C3+] WARNING non-converged: pr=8.9898 dr=343.6207 tol=1e-03
[C3+] step=1658 |u[0]|=24.27Nm λ_n_max=2.247 η_n_max=1.666 primal=8.990 iters=25/25
[CONTACT-RUN] step=349 nhat_BA_W=[+0.672,-0.741,+0.000] p_BCb=[+0.050,-0.050,-0.019] distance=+0.00036 contact_type=EE-BOX
[X-SEQ-PROBE] step=349 x0_box=(-0.00684,-0.00691,+0.04999) x1_box=(-0.04764,-0.00552,+0.02541) x1_box_v=(-0.81221,+0.02642,-0.49108) dt=0.050
[VFF] step=349 mode=c3 alpha=0.000 v_des=(+0.0000,+0.0000,+0.0000) |v_des|=0.0000 sat=0 util_max=0.311@j5
[OSC-FORCE] step=349 mode=c3 lam_des=2.000 lam_ext=2.000
[GS] step=349 mode=c3 switch=kStayInC3 best_k=0 best_src=current curr_cost=32403.00 repos_cost=- best_other=37969.32 met_progress=Y steps_since_improve=0 switches=5
[STEP] step=349 mode=c3 t=3.490s ee=(+0.043,-0.088,+0.031) obj=(-0.007,-0.007,+0.050) goal_dist=0.293m switch=kStayInC3 c3_cost=32403.00 lam_n=0.000 lam_t=0.000 contact=Y productive=Y f_cmd=(+2.00,-0.05,-0.00)
[GATE-EVOLVE] step=349 curr=32403.00 best_other=37969.32 ratio=0.8534 ee_to_optimal=0.0832m phi=0.0004m
[DRAKE-CONTACT] step=349 n_pairs=2 ee_box_normal=0.000
[GATE-CONTACT] step=349 F_W=(+0.0000,+0.0000,+0.0000) F_on_box=(-0.0000,-0.0000,-0.0000) n_face_out=(-0.0000,-0.0000,-0.0000) A_is_ee=0 box_q=(+0.98911,+0.00005,-0.00007,-0.14769) box_p=(-0.00684,-0.00691,+0.04999) ee_p=(+0.04341,-0.08812,+0.03114)
[EErel] along_push=-0.051m (neg=correct)  perp=0.081m  ee_to_box=0.096m  stage=3  obj=[-0.007 -0.007]  g_hat=[-1.     0.024]
[proxy] err=0.218m  effective=[0.189 0.07  0.05 ]
[ADMM-C3+] primal: 14.2680->12.4495  dual: 1388.3398->382.8474  mono=False  iters=25/25  rho=25.0
[ADMM-C3+] WARNING non-converged: pr=12.4495 dr=382.8474 tol=1e-03
[C3+] step=1659 |u[0]|=39.83Nm λ_n_max=2.257 η_n_max=1.189 primal=12.449 iters=25/25
[EErel] along_push=-0.051m (neg=correct)  perp=0.081m  ee_to_box=0.096m  stage=3  obj=[-0.007 -0.007]  g_hat=[-1.     0.024]
[proxy] err=0.218m  effective=[0.189 0.07  0.05 ]
[ADMM-C3+] primal: 15.5935->8.8623  dual: 1545.1373->352.3354  mono=False  iters=25/25  rho=25.0
[ADMM-C3+] WARNING non-converged: pr=8.8623 dr=352.3354 tol=1e-03
[C3+] step=1664 |u[0]|=25.00Nm λ_n_max=2.026 η_n_max=1.424 primal=8.862 iters=25/25
[CONTACT-RUN] step=350 nhat_BA_W=[+0.621,-0.784,-0.000] p_BCb=[+0.050,-0.050,-0.019] distance=+0.00073 contact_type=EE-BOX
[X-SEQ-PROBE] step=350 x0_box=(-0.00683,-0.00690,+0.05000) x1_box=(-0.04466,-0.00562,+0.02556) x1_box_v=(-0.75333,+0.02541,-0.48964) dt=0.050
[VFF] step=350 mode=c3 alpha=0.000 v_des=(+0.0000,+0.0000,+0.0000) |v_des|=0.0000 sat=0 util_max=0.310@j5
[OSC-FORCE] step=350 mode=c3 lam_des=2.000 lam_ext=2.000
[IMP] step=350 mode=c3 |x_err|=0.0352m |tau_imp|=18.45Nm |tau_ff|=1.02Nm |tau_out|=18.45Nm sat=False lam_n=True lam_t=True
[GS] step=350 mode=c3 switch=kStayInC3 best_k=0 best_src=current curr_cost=33677.92 repos_cost=- best_other=37952.14 met_progress=Y steps_since_improve=1 switches=5
[STEP] step=350 mode=c3 t=3.500s ee=(+0.042,-0.089,+0.031) obj=(-0.007,-0.007,+0.050) goal_dist=0.293m switch=kStayInC3 c3_cost=33677.92 lam_n=0.000 lam_t=0.000 contact=Y productive=Y f_cmd=(+2.00,-0.05,-0.00)
[GATE-EVOLVE] step=350 curr=33677.92 best_other=37952.14 ratio=0.8874 ee_to_optimal=0.0848m phi=0.0007m
[DRAKE-CONTACT] step=350 n_pairs=2 ee_box_normal=0.000
[GATE-CONTACT] step=350 F_W=(+0.0000,+0.0000,+0.0000) F_on_box=(-0.0000,-0.0000,-0.0000) n_face_out=(-0.0000,-0.0000,-0.0000) A_is_ee=0 box_q=(+0.98911,+0.00003,-0.00001,-0.14769) box_p=(-0.00683,-0.00690,+0.05000) ee_p=(+0.04236,-0.08949,+0.03089)
[EErel] along_push=-0.050m (neg=correct)  perp=0.083m  ee_to_box=0.097m  stage=3  obj=[-0.007 -0.007]  g_hat=[-1.     0.024]
[proxy] err=0.221m  effective=[0.19  0.071 0.05 ]
[ADMM-C3+] primal: 8.5706->11.1317  dual: 722.0452->410.9269  mono=False  iters=25/25  rho=25.0
[ADMM-C3+] WARNING non-converged: pr=11.1317 dr=410.9269 tol=1e-03
[C3+] step=1665 |u[0]|=40.96Nm λ_n_max=1.676 η_n_max=0.734 primal=11.132 iters=25/25
[EErel] along_push=-0.050m (neg=correct)  perp=0.083m  ee_to_box=0.097m  stage=3  obj=[-0.007 -0.007]  g_hat=[-1.     0.024]
[proxy] err=0.221m  effective=[0.19  0.071 0.05 ]
[ADMM-C3+] primal: 12.6917->13.9925  dual: 1134.2486->446.1956  mono=False  iters=25/25  rho=25.0
[ADMM-C3+] WARNING non-converged: pr=13.9925 dr=446.1956 tol=1e-03
[C3+] step=1670 |u[0]|=30.94Nm λ_n_max=1.677 η_n_max=1.025 primal=13.993 iters=25/25
[CONTACT-RUN] step=351 nhat_BA_W=[+0.569,-0.822,+0.000] p_BCb=[+0.050,-0.050,-0.019] distance=+0.00123 contact_type=EE-BOX
[X-SEQ-PROBE] step=351 x0_box=(-0.00683,-0.00690,+0.04999) x1_box=(-0.04172,-0.00537,+0.02574) x1_box_v=(-0.69899,+0.02782,-0.48438) dt=0.050
[VFF] step=351 mode=c3 alpha=0.000 v_des=(+0.0000,+0.0000,+0.0000) |v_des|=0.0000 sat=0 util_max=0.251@j5
[OSC-FORCE] step=351 mode=c3 lam_des=3.317 lam_ext=3.317
[GS] step=351 mode=c3 switch=kStayInC3 best_k=0 best_src=current curr_cost=56576.54 repos_cost=- best_other=120426.09 met_progress=Y steps_since_improve=2 switches=5
[STEP] step=351 mode=c3 t=3.510s ee=(+0.041,-0.091,+0.031) obj=(-0.007,-0.007,+0.050) goal_dist=0.293m switch=kStayInC3 c3_cost=56576.54 lam_n=3.289 lam_t=0.000 contact=Y productive=Y f_cmd=(+3.32,-0.08,-0.00)
[GATE-EVOLVE] step=351 curr=56576.54 best_other=120426.09 ratio=0.4698 ee_to_optimal=0.0865m phi=0.0012m
  t=3.50s | ee=(0.041, -0.091, 0.031) | obj=(-0.007, -0.007, 0.050) | |u|=10.94 Nm | goal_dist=0.293 m
[DRAKE-CONTACT] step=351 n_pairs=2 ee_box_normal=0.000
[GATE-CONTACT] step=351 F_W=(+0.0000,+0.0000,+0.0000) F_on_box=(-0.0000,-0.0000,-0.0000) n_face_out=(-0.0000,-0.0000,-0.0000) A_is_ee=0 box_q=(+0.98911,-0.00003,-0.00002,-0.14770) box_p=(-0.00683,-0.00690,+0.04999) ee_p=(+0.04132,-0.09089,+0.03053)
[C3] Simulation complete.
[GS-perf] avg_per_step_ms=2317.3  full_solves=351  cheap_solves=1111  switches=5
[OSC-SUMMARY] calls=351  qp_failures=0 (0.00%)  saturation=0 (0.00%)  avg_solve_ms=0.31
[RESULT] method=sampling-c3  final_obj_xy=(-0.0068, -0.0069)  goal_dist=0.2933m  success=NO
