INFO:drake:Meshcat listening for connections at http://localhost:7000
[C3] Log: results/exec_t2_default.txt
[C3] Task: pushing
[ENV]  Directional task: id=4 name=west
[ENV]  Goal coords: [-0.3, 0.0]
[ENV]  Description: Push box 30cm west. Arm prepositioned on west face: contact normal anti-aligned with goal direction. Pusher would have to go through the box -- impossible without contact mode switch.
[ENV]  Mass: 0.2 kg   Friction mu: 0.4
[MPC]  Horizon: 20   dt: 0.05 s
[MPC]  ADMM max iters: 3   rho_init: 100.0
[MPC]  Force limit: 30.0 Nm
[COST] w_obj_xy:      100000.0
[COST] w_obj_z:       10.0
[COST] w_box_z:       100.0
[COST] w_box_rp:      50.0
[COST] w_terminal:    5.0  (QN = w_terminal * Q)
[COST] w_ee_approach: 8000.0
[COST] w_torque:      0.01
[ENV]  INITIAL_ARM_Q: DEFAULT
[C3] Building Drake environment ...
[C3] DOFs: n_q=14, n_v=13, n_u=7, n_x=27
[C3] 'box_link': q[11]=x, q[12]=y
[FILTER INIT] Building EE geometry ID set:
  pusher: 1 collision geom(s)
[FILTER INIT] EE body: pusher  geom IDs: [<GeometryId value=223>]
[FILTER INIT] Manipuland geom IDs : 1
[FILTER INIT] Ground geom IDs     : 1  (world_body collision geoms)
[C3] Solver mode: c3plus  (planner: R^7 joint torque, c3+ projection: componentwise)
[C3+] planner construction verified: use_ee_space=False solver.n_x=27 solver.n_u=7  (joint torque (Nm))
[YAML-COMPAT] num_control_loops_to_wait=60 (ticks @ 100 Hz) → num_control_loops_to_wait_s=0.6000 s
[YAML-COMPAT] num_control_loops_to_wait_position=30 (ticks @ 100 Hz) → num_control_loops_to_wait_position_s=0.3000 s
[YAML-COMPAT] progress_enforced_over_n_loops=30 (ticks @ 100 Hz) → progress_enforced_over_duration_s=0.3000 s
[YAML-COMPAT] sample_buffer_lifetime=30 (ticks @ 100 Hz) → sample_buffer_lifetime_s=0.3000 s
[OVERRIDE] sampling_height=0.030 (was 0.050, per-task 'pushing')
[OVERRIDE] seed=0 (rng=np.random.default_rng)
[GS] start_mode=free (--prepositioned=False)
[GS] SamplingC3MPC enabled (config: config/sampling_c3_kik.yaml)
[GS]   strategy=kFaceNormal num_add_c3=3 num_add_repos=1
[GS]   w_align=30000.0  w_travel=200.0
[GS]   reposition: traj_type=kPiecewiseLinear z_safe=0.15m speed=0.4m/s
[C3] Goal: [-0.3  0. ]  |  Meshcat: http://localhost:7000
[C3] Running simulation ...
[ENV]  Sim duration overridden: max_time=4.0s
[PERSIST] step=1 refresh n_strategy=1 samples=[(-0.023, -0.08, 0.03)]
[LCS-DRAG] box translational v indices in v: [10,11,12]  c=10.00/s  per-step multiplier=(1 - c·dt)=0.5000
[SANITY] nc=1  n_tangent_per_contact=4  J_n=(1, 13)  J_t=(4, 13)
[SANITY] Tangent interpretation: 4 → polyhedral pyramid
[CONTACT 0]
  body_A=world  body_B=box_link  a_is_box=False
  nhat_BA_W (B→A): [-0. -0. -1.]
  nhat_onto_box  : [0. 0. 1.]
  p_ACa (on A)   : [0.05 0.05 0.05]
  p_BCb (on B)   : [ 0.05  0.05 -0.05]
  distance       : 0.00000 m
[SIGN] J_n[0] (first contact normal row):
       [ 0.    0.    0.    0.    0.    0.    0.    0.05 -0.05  0.    0.    0.
  1.  ]
  nhat_onto_box = [0. 0. 1.]
  → if nhat_onto_box·[1,0,0] > 0, box should accelerate eastward from λ_n
[EErel] along_push=-0.000m (neg=correct)  perp=0.001m  ee_to_box=0.001m  stage=3  obj=[0. 0.]  g_hat=[-1.  0.]
[proxy] err=0.158m  effective=[0.051 0.    0.05 ]
[DEBUG-C3+] n_contacts=1, n_lambda=6, TOT=46, total_dim=947
[DEBUG-C3+] per-step slots:  x=[0:27)  λ=[27:33)  u=[33:40)  η=[40:46)
[ADMM-C3+] primal: 6.1275->4.9328  dual: 109.1384->80.5932  mono=False  iters=25/25  rho=25.0
[ADMM-C3+] WARNING non-converged: pr=4.9328 dr=80.5932 tol=1e-03
[C3+] step=1 |u[0]|=34.28Nm u_axis=(+10.22,-26.29,-0.84,+15.92,+3.40,-10.63,-0.76)Nm λ_n_max=1.058 η_n_max=1.279 primal=4.933 iters=25/25 lcp_res_max=nan
[ADMIT-GUARD] step=1 admit_active=0 latch=0/0 ee_z=0.200 gate_cap=0
[ALT-GATE] step=1 target_stable=0/0 allow_descent=1
[GS-tgt] step=1 ee=(+0.000,-0.001,+0.200) p_repos=(-0.023,-0.080,+0.030) ee_to_target=0.189m target_label=strat_0 target_changed=Y delta=nanm
[OSC-INIT] n_arm=7 n_v=13
[OSC-INIT]   Kp_cart=[400.0, 400.0, 400.0]  Kd_cart=[40.0, 40.0, 40.0]
[OSC-INIT]   Kp_null=[10.0, 10.0, 10.0, 10.0, 10.0, 10.0, 10.0]
[OSC-INIT]   Kd_null=[3.0, 3.0, 3.0, 3.0, 3.0, 3.0, 3.0]
[OSC-INIT]   W_track=100.0  W_posture=1.0  W_torque=0.001  W_acc=0.001
[OSC-INIT]   tau_max=[87.0, 87.0, 87.0, 87.0, 12.0, 12.0, 12.0]
[OSC-INIT]   q_nominal=[0.5522, 0.325, 0.9763, -2.2462, -0.189, 3.0447, 0.785]
[OSC-INIT]   use_force_tracking=True  W_force=1.0
[EXEC-T2] ee_frame body='pusher' offset=[0.0, 0.0, 0.0] (reference target: 'end_effector_tip' + Vector3d::Zero())
[EXEC-T2] gains_effective_at_init: Kp_cart=[400.0, 400.0, 400.0] Kd_cart=[40.0, 40.0, 40.0] W_track=100.0 W_force=1.0 W_torque=0.001 W_acc=0.001
[EXEC-T2] compound_authority: pos=40000.0 force=1.0 ratio(pos:force)=40000.0:1
[EXEC-T2] c3_ref_gains_flag=False env_PUSHA_REF_OSC_ALIGN=0 env_PUSHA_OSC_C3_MODE_REFERENCE_GAINS=0
[IMP] step=1 mode=free |x_err|=0.0040m |tau_imp|=6.55Nm |tau_ff|=0.00Nm |tau_out|=6.55Nm sat=False lam_n=False lam_t=False
[GS] step=1 mode=free switch=kStayInRepos best_k=0 best_src=strat_0 curr_cost=133952.57 repos_cost=195929.76 best_other=195929.76 met_progress=Y steps_since_improve=0 switches=0
[STEP] step=1 mode=free t=0.010s ee=(+0.000,-0.001,+0.200) obj=(+0.000,+0.000,+0.050) goal_dist=0.300m switch=kStayInRepos target=(-0.001,-0.004,+0.200) ee_stride=0.004m ee_to_ptarget=0.189m landing_err=0.1874m ik_ok=Y ik_resid=0.0002m q_max_resid_deg=0.66 target_changed=Y retgt=N held_idx=- held_cost=- won_cost=195929.76 margin=- won_src=strat_0 held_valid=N reason=no_held setpoint_to_ptarget=nanm finished_val=0.1892m finished_thresh=0.0200m pd_resid=nanm nextwp_to_ptarget=nanm guide_terminal_err=nanm
[GATE-EVOLVE] step=1 curr=133952.57 best_other=195929.76 ratio=0.6837 ee_to_optimal=0.0749m phi=0.0751m
[STAGE-A-TRACE] step=1 sim_t=0.010 mode=free phi=0.07508 box_xy=+0.00000,+0.00000 lam_n_ee_box=nan qy=+0.00000 qz=+0.00000 finished_repos=0
[EXEC-T2] step=0 t=0.00s u_task=[0.98, -5.3, 1.75, -3.28, -0.27, -0.17, 0.01] tau_g=[0.0, -24.93, 12.81, 10.93, 0.13, 1.15, -0.03] total_plant=[0.98, -30.23, 14.56, 7.65, -0.14, 0.98, -0.03] cap=[87.0, 87.0, 87.0, 87.0, 12.0, 12.0, 12.0] task_over=0 plant_over=0 plant_over_joints=[] worst_j=5 worst_headroom_Nm=+11.02
  t=0.00s | ee=(0.000, -0.001, 0.200) | obj=(0.000, 0.000, 0.050) | |u|=6.55 Nm | goal_dist=0.300 m
[DRAKE-CONTACT] step=1 n_pairs=1 ee_box_normal=0.000
[GATE-CONTACT] step=1 F_W=(+0.0000,+0.0000,+0.0000) F_on_box=(-0.0000,-0.0000,-0.0000) n_face_out=(-0.0000,-0.0000,-0.0000) A_is_ee=0 box_q=(+1.00000,+0.00000,+0.00000,+0.00000) box_p=(+0.00000,+0.00000,+0.05000) ee_p=(+0.00013,-0.00051,+0.20008)
[EErel] along_push=-0.000m (neg=correct)  perp=0.001m  ee_to_box=0.001m  stage=3  obj=[-0. -0.]  g_hat=[-1.  0.]
[proxy] err=0.158m  effective=[0.051 0.    0.05 ]
[ADMM-C3+] primal: 5.7428->3.8718  dual: 74.7888->83.3044  mono=False  iters=25/25  rho=25.0
[ADMM-C3+] WARNING non-converged: pr=3.8718 dr=83.3044 tol=1e-03
[C3+] step=3 |u[0]|=34.29Nm u_axis=(+10.16,-26.16,-0.96,+16.21,+3.43,-10.59,-0.76)Nm λ_n_max=0.000 η_n_max=0.742 primal=3.872 iters=25/25 lcp_res_max=nan
[ADMIT-GUARD] step=2 admit_active=0 latch=0/0 ee_z=0.200 gate_cap=0
[ALT-GATE] step=2 target_stable=0/0 allow_descent=1
[GS-tgt] step=2 ee=(+0.000,-0.001,+0.200) p_repos=(-0.023,-0.080,+0.030) ee_to_target=0.189m target_label=prev_repos target_changed=N delta=0.000m
[IMP] step=2 mode=free |x_err|=0.0079m |tau_imp|=9.51Nm |tau_ff|=0.00Nm |tau_out|=9.51Nm sat=False lam_n=False lam_t=False
[GS] step=2 mode=free switch=kStayInRepos best_k=0 best_src=prev_repos curr_cost=156901.18 repos_cost=214633.15 best_other=214633.15 met_progress=Y steps_since_improve=0 switches=0
[STEP] step=2 mode=free t=0.020s ee=(+0.000,-0.001,+0.200) obj=(-0.000,-0.000,+0.050) goal_dist=0.300m switch=kStayInRepos target=(-0.002,-0.008,+0.200) ee_stride=0.008m ee_to_ptarget=0.189m landing_err=0.1858m ik_ok=Y ik_resid=0.0004m q_max_resid_deg=1.31 target_changed=Y retgt=N held_idx=1 held_cost=214633.15 won_cost=214633.15 margin=+0.00 won_src=prev_repos held_valid=Y reason=hold setpoint_to_ptarget=nanm finished_val=0.1891m finished_thresh=0.0200m pd_resid=nanm nextwp_to_ptarget=nanm guide_terminal_err=nanm
[GATE-EVOLVE] step=2 curr=156901.18 best_other=214633.15 ratio=0.7310 ee_to_optimal=0.0749m phi=0.0751m
[STAGE-A-TRACE] step=2 sim_t=0.020 mode=free phi=0.07508 box_xy=-0.00000,-0.00000 lam_n_ee_box=nan qy=-0.00002 qz=+0.00000 finished_repos=0
[EXEC-T2] step=1 t=0.01s u_task=[0.7, -7.39, 2.73, -5.25, -0.43, -0.23, 0.01] tau_g=[0.0, -24.93, 12.81, 10.94, 0.13, 1.15, -0.03] total_plant=[0.7, -32.32, 15.54, 5.69, -0.3, 0.92, -0.02] cap=[87.0, 87.0, 87.0, 87.0, 12.0, 12.0, 12.0] task_over=0 plant_over=0 plant_over_joints=[] worst_j=5 worst_headroom_Nm=+11.08
[DRAKE-CONTACT] step=2 n_pairs=1 ee_box_normal=0.000
[GATE-CONTACT] step=2 F_W=(+0.0000,+0.0000,+0.0000) F_on_box=(-0.0000,-0.0000,-0.0000) n_face_out=(-0.0000,-0.0000,-0.0000) A_is_ee=0 box_q=(+1.00000,+0.00002,-0.00002,+0.00000) box_p=(-0.00000,-0.00000,+0.04999) ee_p=(+0.00010,-0.00059,+0.20008)
[EErel] along_push=-0.000m (neg=correct)  perp=0.001m  ee_to_box=0.001m  stage=3  obj=[-0. -0.]  g_hat=[-1.  0.]
[proxy] err=0.159m  effective=[0.051 0.    0.05 ]
[ADMM-C3+] primal: 5.7461->3.8743  dual: 74.8590->83.4158  mono=False  iters=25/25  rho=25.0
[ADMM-C3+] WARNING non-converged: pr=3.8743 dr=83.4158 tol=1e-03
[C3+] step=6 |u[0]|=34.38Nm u_axis=(+10.16,-26.01,-1.20,+16.65,+3.48,-10.51,-0.77)Nm λ_n_max=0.000 η_n_max=0.740 primal=3.874 iters=25/25 lcp_res_max=nan
[ADMIT-GUARD] step=3 admit_active=0 latch=0/0 ee_z=0.200 gate_cap=0
[ALT-GATE] step=3 target_stable=0/0 allow_descent=1
[GS-tgt] step=3 ee=(+0.000,-0.001,+0.200) p_repos=(-0.023,-0.080,+0.030) ee_to_target=0.189m target_label=prev_repos target_changed=N delta=0.000m
[IMP] step=3 mode=free |x_err|=0.0117m |tau_imp|=11.33Nm |tau_ff|=0.00Nm |tau_out|=11.33Nm sat=False lam_n=False lam_t=False
[GS] step=3 mode=free switch=kStayInRepos best_k=0 best_src=prev_repos curr_cost=156747.50 repos_cost=214051.63 best_other=214051.63 met_progress=Y steps_since_improve=1 switches=0
[STEP] step=3 mode=free t=0.030s ee=(+0.000,-0.001,+0.200) obj=(-0.000,-0.000,+0.050) goal_dist=0.300m switch=kStayInRepos target=(-0.003,-0.012,+0.200) ee_stride=0.012m ee_to_ptarget=0.189m landing_err=0.1842m ik_ok=Y ik_resid=0.0007m q_max_resid_deg=1.92 target_changed=Y retgt=N held_idx=1 held_cost=214051.63 won_cost=214051.63 margin=+0.00 won_src=prev_repos held_valid=Y reason=hold setpoint_to_ptarget=nanm finished_val=0.1890m finished_thresh=0.0200m pd_resid=nanm nextwp_to_ptarget=nanm guide_terminal_err=nanm
[GATE-EVOLVE] step=3 curr=156747.50 best_other=214051.63 ratio=0.7323 ee_to_optimal=0.0750m phi=0.0751m
[STAGE-A-TRACE] step=3 sim_t=0.030 mode=free phi=0.07507 box_xy=-0.00000,-0.00000 lam_n_ee_box=nan qy=-0.00001 qz=+0.00000 finished_repos=0
[EXEC-T2] step=2 t=0.02s u_task=[0.46, -8.73, 3.33, -6.37, -0.53, -0.26, 0.01] tau_g=[0.0, -24.9, 12.79, 10.94, 0.13, 1.15, -0.03] total_plant=[0.46, -33.63, 16.13, 4.57, -0.4, 0.89, -0.02] cap=[87.0, 87.0, 87.0, 87.0, 12.0, 12.0, 12.0] task_over=0 plant_over=0 plant_over_joints=[] worst_j=5 worst_headroom_Nm=+11.11
[DRAKE-CONTACT] step=3 n_pairs=1 ee_box_normal=0.000
[GATE-CONTACT] step=3 F_W=(+0.0000,+0.0000,+0.0000) F_on_box=(-0.0000,-0.0000,-0.0000) n_face_out=(-0.0000,-0.0000,-0.0000) A_is_ee=0 box_q=(+1.00000,+0.00001,-0.00001,+0.00000) box_p=(-0.00000,-0.00000,+0.04999) ee_p=(+0.00002,-0.00084,+0.20006)
[EErel] along_push=+0.000m (neg=correct)  perp=0.001m  ee_to_box=0.001m  stage=3  obj=[-0. -0.]  g_hat=[-1.  0.]
[proxy] err=0.159m  effective=[0.052 0.    0.05 ]
[ADMM-C3+] primal: 5.7461->3.8743  dual: 74.8587->83.4152  mono=False  iters=25/25  rho=25.0
[ADMM-C3+] WARNING non-converged: pr=3.8743 dr=83.4152 tol=1e-03
[C3+] step=9 |u[0]|=34.49Nm u_axis=(+10.13,-25.80,-1.51,+17.25,+3.54,-10.41,-0.77)Nm λ_n_max=0.000 η_n_max=0.740 primal=3.874 iters=25/25 lcp_res_max=nan
[ADMIT-GUARD] step=4 admit_active=0 latch=0/0 ee_z=0.200 gate_cap=0
[ALT-GATE] step=4 target_stable=0/0 allow_descent=1
[GS-tgt] step=4 ee=(-0.000,-0.001,+0.200) p_repos=(-0.023,-0.080,+0.030) ee_to_target=0.189m target_label=prev_repos target_changed=N delta=0.000m
[IMP] step=4 mode=free |x_err|=0.0151m |tau_imp|=12.29Nm |tau_ff|=0.00Nm |tau_out|=12.29Nm sat=False lam_n=False lam_t=False
[GS] step=4 mode=free switch=kStayInRepos best_k=0 best_src=prev_repos curr_cost=156763.61 repos_cost=213601.37 best_other=213601.37 met_progress=Y steps_since_improve=2 switches=0
[STEP] step=4 mode=free t=0.040s ee=(-0.000,-0.001,+0.200) obj=(-0.000,-0.000,+0.050) goal_dist=0.300m switch=kStayInRepos target=(-0.004,-0.016,+0.200) ee_stride=0.015m ee_to_ptarget=0.189m landing_err=0.1827m ik_ok=Y ik_resid=0.0009m q_max_resid_deg=2.50 target_changed=Y retgt=N held_idx=1 held_cost=213601.37 won_cost=213601.37 margin=+0.00 won_src=prev_repos held_valid=Y reason=hold setpoint_to_ptarget=nanm finished_val=0.1887m finished_thresh=0.0200m pd_resid=nanm nextwp_to_ptarget=nanm guide_terminal_err=nanm
[GATE-EVOLVE] step=4 curr=156763.61 best_other=213601.37 ratio=0.7339 ee_to_optimal=0.0752m phi=0.0750m
[STAGE-A-TRACE] step=4 sim_t=0.040 mode=free phi=0.07505 box_xy=-0.00000,-0.00000 lam_n_ee_box=nan qy=-0.00001 qz=+0.00000 finished_repos=0
[EXEC-T2] step=3 t=0.03s u_task=[0.3, -9.47, 3.67, -6.89, -0.57, -0.26, 0.02] tau_g=[0.0, -24.86, 12.77, 10.94, 0.13, 1.15, -0.03] total_plant=[0.3, -34.33, 16.43, 4.05, -0.44, 0.89, -0.02] cap=[87.0, 87.0, 87.0, 87.0, 12.0, 12.0, 12.0] task_over=0 plant_over=0 plant_over_joints=[] worst_j=5 worst_headroom_Nm=+11.11
[DRAKE-CONTACT] step=4 n_pairs=1 ee_box_normal=0.000
[GATE-CONTACT] step=4 F_W=(+0.0000,+0.0000,+0.0000) F_on_box=(-0.0000,-0.0000,-0.0000) n_face_out=(-0.0000,-0.0000,-0.0000) A_is_ee=0 box_q=(+1.00000,+0.00001,-0.00001,+0.00000) box_p=(-0.00000,-0.00000,+0.04999) ee_p=(-0.00015,-0.00134,+0.20004)
[EErel] along_push=+0.000m (neg=correct)  perp=0.002m  ee_to_box=0.002m  stage=3  obj=[-0. -0.]  g_hat=[-1.  0.]
[proxy] err=0.159m  effective=[0.053 0.    0.05 ]
[ADMM-C3+] primal: 5.7461->3.8743  dual: 74.8587->83.4152  mono=False  iters=25/25  rho=25.0
[ADMM-C3+] WARNING non-converged: pr=3.8743 dr=83.4152 tol=1e-03
[C3+] step=12 |u[0]|=34.67Nm u_axis=(+10.14,-25.61,-1.91,+17.90,+3.64,-10.28,-0.77)Nm λ_n_max=0.000 η_n_max=0.740 primal=3.874 iters=25/25 lcp_res_max=nan
[ADMIT-GUARD] step=5 admit_active=0 latch=0/0 ee_z=0.200 gate_cap=0
[ALT-GATE] step=5 target_stable=0/0 allow_descent=1
[GS-tgt] step=5 ee=(-0.000,-0.002,+0.200) p_repos=(-0.023,-0.080,+0.030) ee_to_target=0.188m target_label=prev_repos target_changed=N delta=0.000m
[IMP] step=5 mode=free |x_err|=0.0183m |tau_imp|=12.62Nm |tau_ff|=0.00Nm |tau_out|=12.62Nm sat=False lam_n=False lam_t=False
[GS] step=5 mode=free switch=kStayInRepos best_k=0 best_src=prev_repos curr_cost=156783.72 repos_cost=213140.26 best_other=213140.26 met_progress=Y steps_since_improve=3 switches=0
[STEP] step=5 mode=free t=0.050s ee=(-0.000,-0.002,+0.200) obj=(-0.000,-0.000,+0.050) goal_dist=0.300m switch=kStayInRepos target=(-0.005,-0.020,+0.200) ee_stride=0.018m ee_to_ptarget=0.188m landing_err=0.1813m ik_ok=Y ik_resid=0.0001m q_max_resid_deg=3.14 target_changed=Y retgt=N held_idx=1 held_cost=213140.26 won_cost=213140.26 margin=+0.00 won_src=prev_repos held_valid=Y reason=hold setpoint_to_ptarget=nanm finished_val=0.1884m finished_thresh=0.0200m pd_resid=nanm nextwp_to_ptarget=nanm guide_terminal_err=nanm
[GATE-EVOLVE] step=5 curr=156783.72 best_other=213140.26 ratio=0.7356 ee_to_optimal=0.0754m phi=0.0750m
[STAGE-A-TRACE] step=5 sim_t=0.050 mode=free phi=0.07501 box_xy=-0.00000,-0.00000 lam_n_ee_box=nan qy=-0.00001 qz=+0.00000 finished_repos=0
[EXEC-T2] step=4 t=0.04s u_task=[0.21, -9.76, 3.81, -6.99, -0.59, -0.25, 0.02] tau_g=[0.0, -24.8, 12.73, 10.94, 0.13, 1.15, -0.03] total_plant=[0.21, -34.56, 16.54, 3.95, -0.46, 0.9, -0.02] cap=[87.0, 87.0, 87.0, 87.0, 12.0, 12.0, 12.0] task_over=0 plant_over=0 plant_over_joints=[] worst_j=5 worst_headroom_Nm=+11.10
[DRAKE-CONTACT] step=5 n_pairs=1 ee_box_normal=0.000
[GATE-CONTACT] step=5 F_W=(+0.0000,+0.0000,+0.0000) F_on_box=(-0.0000,-0.0000,-0.0000) n_face_out=(-0.0000,-0.0000,-0.0000) A_is_ee=0 box_q=(+1.00000,+0.00001,-0.00001,+0.00000) box_p=(-0.00000,-0.00000,+0.04999) ee_p=(-0.00040,-0.00211,+0.20000)
[EErel] along_push=+0.001m (neg=correct)  perp=0.003m  ee_to_box=0.003m  stage=3  obj=[-0. -0.]  g_hat=[-1.  0.]
[proxy] err=0.160m  effective=[0.055 0.    0.05 ]
[ADMM-C3+] primal: 5.7461->3.8743  dual: 74.8587->83.4152  mono=False  iters=25/25  rho=25.0
[ADMM-C3+] WARNING non-converged: pr=3.8743 dr=83.4152 tol=1e-03
[C3+] step=15 |u[0]|=34.90Nm u_axis=(+10.12,-25.41,-2.37,+18.61,+3.74,-10.15,-0.77)Nm λ_n_max=0.000 η_n_max=0.740 primal=3.874 iters=25/25 lcp_res_max=nan
[ADMIT-GUARD] step=6 admit_active=0 latch=0/0 ee_z=0.200 gate_cap=0
[ALT-GATE] step=6 target_stable=0/0 allow_descent=1
[GS-tgt] step=6 ee=(-0.001,-0.003,+0.200) p_repos=(-0.023,-0.080,+0.030) ee_to_target=0.188m target_label=prev_repos target_changed=N delta=0.000m
[GS] step=6 mode=free switch=kStayInRepos best_k=0 best_src=prev_repos curr_cost=156810.40 repos_cost=212692.44 best_other=212692.44 met_progress=Y steps_since_improve=4 switches=0
[STEP] step=6 mode=free t=0.060s ee=(-0.001,-0.003,+0.200) obj=(-0.000,-0.000,+0.050) goal_dist=0.300m switch=kStayInRepos target=(-0.007,-0.024,+0.200) ee_stride=0.021m ee_to_ptarget=0.188m landing_err=0.1800m ik_ok=Y ik_resid=0.0001m q_max_resid_deg=3.63 target_changed=Y retgt=N held_idx=1 held_cost=212692.44 won_cost=212692.44 margin=+0.00 won_src=prev_repos held_valid=Y reason=hold setpoint_to_ptarget=nanm finished_val=0.1878m finished_thresh=0.0200m pd_resid=nanm nextwp_to_ptarget=nanm guide_terminal_err=nanm
[GATE-EVOLVE] step=6 curr=156810.40 best_other=212692.44 ratio=0.7373 ee_to_optimal=0.0758m phi=0.0750m
[STAGE-A-TRACE] step=6 sim_t=0.060 mode=free phi=0.07496 box_xy=-0.00000,-0.00000 lam_n_ee_box=nan qy=-0.00001 qz=+0.00000 finished_repos=0
[DRAKE-CONTACT] step=6 n_pairs=1 ee_box_normal=0.000
[GATE-CONTACT] step=6 F_W=(+0.0000,+0.0000,+0.0000) F_on_box=(-0.0000,-0.0000,-0.0000) n_face_out=(-0.0000,-0.0000,-0.0000) A_is_ee=0 box_q=(+1.00000,+0.00001,-0.00001,+0.00000) box_p=(-0.00000,-0.00000,+0.04999) ee_p=(-0.00074,-0.00318,+0.19995)
[EErel] along_push=+0.001m (neg=correct)  perp=0.005m  ee_to_box=0.005m  stage=3  obj=[0. 0.]  g_hat=[-1. -0.]
[proxy] err=0.161m  effective=[0.057 0.    0.05 ]
[ADMM-C3+] primal: 6.1274->4.9359  dual: 109.8105->80.3187  mono=False  iters=25/25  rho=25.0
[ADMM-C3+] WARNING non-converged: pr=4.9359 dr=80.3187 tol=1e-03
[C3+] step=18 |u[0]|=35.22Nm u_axis=(+10.06,-25.25,-2.95,+19.42,+3.90,-9.98,-0.77)Nm λ_n_max=1.058 η_n_max=1.279 primal=4.936 iters=25/25 lcp_res_max=nan
[ADMIT-GUARD] step=7 admit_active=0 latch=0/0 ee_z=0.200 gate_cap=0
[ALT-GATE] step=7 target_stable=0/0 allow_descent=1
[GS-tgt] step=7 ee=(-0.001,-0.005,+0.200) p_repos=(-0.023,-0.080,+0.030) ee_to_target=0.187m target_label=prev_repos target_changed=N delta=0.000m
[GS] step=7 mode=free switch=kStayInRepos best_k=0 best_src=prev_repos curr_cost=134129.73 repos_cost=193453.53 best_other=193453.53 met_progress=Y steps_since_improve=5 switches=0
[STEP] step=7 mode=free t=0.070s ee=(-0.001,-0.005,+0.200) obj=(+0.000,+0.000,+0.050) goal_dist=0.300m switch=kStayInRepos target=(-0.008,-0.027,+0.200) ee_stride=0.024m ee_to_ptarget=0.187m landing_err=0.1787m ik_ok=Y ik_resid=0.0001m q_max_resid_deg=4.04 target_changed=Y retgt=N held_idx=1 held_cost=193453.53 won_cost=193453.53 margin=+0.00 won_src=prev_repos held_valid=Y reason=hold setpoint_to_ptarget=nanm finished_val=0.1871m finished_thresh=0.0200m pd_resid=nanm nextwp_to_ptarget=nanm guide_terminal_err=nanm
[GATE-EVOLVE] step=7 curr=134129.73 best_other=193453.53 ratio=0.6933 ee_to_optimal=0.0764m phi=0.0749m
[STAGE-A-TRACE] step=7 sim_t=0.070 mode=free phi=0.07491 box_xy=+0.00000,+0.00000 lam_n_ee_box=nan qy=+0.00001 qz=+0.00000 finished_repos=0
[DRAKE-CONTACT] step=7 n_pairs=1 ee_box_normal=0.000
[GATE-CONTACT] step=7 F_W=(+0.0000,+0.0000,+0.0000) F_on_box=(-0.0000,-0.0000,-0.0000) n_face_out=(-0.0000,-0.0000,-0.0000) A_is_ee=0 box_q=(+1.00000,-0.00001,+0.00001,+0.00000) box_p=(+0.00000,+0.00000,+0.04999) ee_p=(-0.00122,-0.00468,+0.19990)
[EErel] along_push=+0.002m (neg=correct)  perp=0.006m  ee_to_box=0.006m  stage=3  obj=[-0. -0.]  g_hat=[-1.  0.]
[proxy] err=0.162m  effective=[0.06  0.001 0.05 ]
[ADMM-C3+] primal: 5.7461->3.8743  dual: 74.8587->83.4152  mono=False  iters=25/25  rho=25.0
[ADMM-C3+] WARNING non-converged: pr=3.8743 dr=83.4152 tol=1e-03
[C3+] step=21 |u[0]|=35.47Nm u_axis=(+10.00,-25.10,-3.44,+20.07,+4.04,-9.83,-0.77)Nm λ_n_max=0.000 η_n_max=0.740 primal=3.874 iters=25/25 lcp_res_max=nan
[ADMIT-GUARD] step=8 admit_active=0 latch=0/0 ee_z=0.200 gate_cap=0
[ALT-GATE] step=8 target_stable=0/0 allow_descent=1
[GS-tgt] step=8 ee=(-0.002,-0.006,+0.200) p_repos=(-0.023,-0.080,+0.030) ee_to_target=0.186m target_label=prev_repos target_changed=N delta=0.000m
[GS] step=8 mode=free switch=kStayInRepos best_k=0 best_src=prev_repos curr_cost=156880.89 repos_cost=211921.89 best_other=211921.89 met_progress=Y steps_since_improve=6 switches=0
[STEP] step=8 mode=free t=0.080s ee=(-0.002,-0.006,+0.200) obj=(-0.000,-0.000,+0.050) goal_dist=0.300m switch=kStayInRepos target=(-0.009,-0.031,+0.200) ee_stride=0.026m ee_to_ptarget=0.186m landing_err=0.1775m ik_ok=Y ik_resid=0.0001m q_max_resid_deg=4.44 target_changed=Y retgt=N held_idx=1 held_cost=211921.89 won_cost=211921.89 margin=+0.00 won_src=prev_repos held_valid=Y reason=hold setpoint_to_ptarget=nanm finished_val=0.1864m finished_thresh=0.0200m pd_resid=nanm nextwp_to_ptarget=nanm guide_terminal_err=nanm
[GATE-EVOLVE] step=8 curr=156880.89 best_other=211921.89 ratio=0.7403 ee_to_optimal=0.0769m phi=0.0749m
[STAGE-A-TRACE] step=8 sim_t=0.080 mode=free phi=0.07486 box_xy=-0.00000,-0.00000 lam_n_ee_box=nan qy=-0.00001 qz=+0.00000 finished_repos=0
[DRAKE-CONTACT] step=8 n_pairs=1 ee_box_normal=0.000
[GATE-CONTACT] step=8 F_W=(+0.0000,+0.0000,+0.0000) F_on_box=(-0.0000,-0.0000,-0.0000) n_face_out=(-0.0000,-0.0000,-0.0000) A_is_ee=0 box_q=(+1.00000,+0.00001,-0.00001,+0.00000) box_p=(-0.00000,-0.00000,+0.04999) ee_p=(-0.00168,-0.00615,+0.19985)
[EErel] along_push=+0.002m (neg=correct)  perp=0.008m  ee_to_box=0.008m  stage=3  obj=[-0. -0.]  g_hat=[-1.  0.]
[proxy] err=0.163m  effective=[0.063 0.001 0.05 ]
[ADMM-C3+] primal: 5.7461->3.8743  dual: 74.8587->83.4152  mono=False  iters=25/25  rho=25.0
[ADMM-C3+] WARNING non-converged: pr=3.8743 dr=83.4152 tol=1e-03
[C3+] step=24 |u[0]|=35.84Nm u_axis=(+9.93,-24.98,-4.06,+20.83,+4.21,-9.65,-0.77)Nm λ_n_max=0.000 η_n_max=0.740 primal=3.874 iters=25/25 lcp_res_max=nan
[ADMIT-GUARD] step=9 admit_active=0 latch=0/0 ee_z=0.200 gate_cap=0
[ALT-GATE] step=9 target_stable=0/0 allow_descent=1
[GS-tgt] step=9 ee=(-0.002,-0.008,+0.200) p_repos=(-0.023,-0.080,+0.030) ee_to_target=0.186m target_label=prev_repos target_changed=N delta=0.000m
[GS] step=9 mode=free switch=kStayInRepos best_k=0 best_src=prev_repos curr_cost=156927.21 repos_cost=211600.33 best_other=211600.33 met_progress=Y steps_since_improve=7 switches=0
[STEP] step=9 mode=free t=0.090s ee=(-0.002,-0.008,+0.200) obj=(-0.000,-0.000,+0.050) goal_dist=0.300m switch=kStayInRepos target=(-0.010,-0.035,+0.200) ee_stride=0.028m ee_to_ptarget=0.186m landing_err=0.1764m ik_ok=Y ik_resid=0.0001m q_max_resid_deg=4.78 target_changed=Y retgt=N held_idx=1 held_cost=211600.33 won_cost=211600.33 margin=+0.00 won_src=prev_repos held_valid=Y reason=hold setpoint_to_ptarget=nanm finished_val=0.1856m finished_thresh=0.0200m pd_resid=nanm nextwp_to_ptarget=nanm guide_terminal_err=nanm
[GATE-EVOLVE] step=9 curr=156927.21 best_other=211600.33 ratio=0.7416 ee_to_optimal=0.0777m phi=0.0748m
[STAGE-A-TRACE] step=9 sim_t=0.090 mode=free phi=0.07481 box_xy=-0.00000,-0.00000 lam_n_ee_box=nan qy=-0.00001 qz=+0.00000 finished_repos=0
[DRAKE-CONTACT] step=9 n_pairs=1 ee_box_normal=0.000
[GATE-CONTACT] step=9 F_W=(+0.0000,+0.0000,+0.0000) F_on_box=(-0.0000,-0.0000,-0.0000) n_face_out=(-0.0000,-0.0000,-0.0000) A_is_ee=0 box_q=(+1.00000,+0.00001,-0.00001,+0.00000) box_p=(-0.00000,-0.00000,+0.04999) ee_p=(-0.00227,-0.00802,+0.19980)
[EErel] along_push=+0.003m (neg=correct)  perp=0.010m  ee_to_box=0.011m  stage=3  obj=[-0. -0.]  g_hat=[-1.  0.]
[proxy] err=0.165m  effective=[0.066 0.002 0.05 ]
[ADMM-C3+] primal: 5.7461->3.8743  dual: 74.8587->83.4152  mono=False  iters=25/25  rho=25.0
[ADMM-C3+] WARNING non-converged: pr=3.8743 dr=83.4152 tol=1e-03
[C3+] step=27 |u[0]|=36.24Nm u_axis=(+9.83,-24.90,-4.71,+21.57,+4.39,-9.44,-0.77)Nm λ_n_max=0.000 η_n_max=0.740 primal=3.874 iters=25/25 lcp_res_max=nan
[ADMIT-GUARD] step=10 admit_active=0 latch=0/0 ee_z=0.200 gate_cap=0
[ALT-GATE] step=10 target_stable=0/0 allow_descent=1
[GS-tgt] step=10 ee=(-0.003,-0.010,+0.200) p_repos=(-0.023,-0.080,+0.030) ee_to_target=0.185m target_label=prev_repos target_changed=N delta=0.000m
[IMP] step=10 mode=free |x_err|=0.0299m |tau_imp|=10.04Nm |tau_ff|=0.00Nm |tau_out|=10.04Nm sat=False lam_n=False lam_t=False
[GS] step=10 mode=free switch=kStayInRepos best_k=0 best_src=prev_repos curr_cost=156981.29 repos_cost=211320.95 best_other=211320.95 met_progress=Y steps_since_improve=8 switches=0
[STEP] step=10 mode=free t=0.100s ee=(-0.003,-0.010,+0.200) obj=(-0.000,-0.000,+0.050) goal_dist=0.300m switch=kStayInRepos target=(-0.011,-0.039,+0.200) ee_stride=0.030m ee_to_ptarget=0.185m landing_err=0.1754m ik_ok=Y ik_resid=0.0001m q_max_resid_deg=5.06 target_changed=Y retgt=N held_idx=1 held_cost=211320.95 won_cost=211320.95 margin=+0.00 won_src=prev_repos held_valid=Y reason=hold setpoint_to_ptarget=nanm finished_val=0.1847m finished_thresh=0.0200m pd_resid=nanm nextwp_to_ptarget=nanm guide_terminal_err=nanm
[GATE-EVOLVE] step=10 curr=156981.29 best_other=211320.95 ratio=0.7429 ee_to_optimal=0.0786m phi=0.0748m
[STAGE-A-TRACE] step=10 sim_t=0.100 mode=free phi=0.07477 box_xy=-0.00000,-0.00000 lam_n_ee_box=nan qy=-0.00001 qz=+0.00000 finished_repos=0
[DRAKE-CONTACT] step=10 n_pairs=1 ee_box_normal=0.000
[GATE-CONTACT] step=10 F_W=(+0.0000,+0.0000,+0.0000) F_on_box=(-0.0000,-0.0000,-0.0000) n_face_out=(-0.0000,-0.0000,-0.0000) A_is_ee=0 box_q=(+1.00000,+0.00001,-0.00001,+0.00000) box_p=(-0.00000,-0.00000,+0.04999) ee_p=(-0.00292,-0.01015,+0.19976)
[EErel] along_push=+0.004m (neg=correct)  perp=0.012m  ee_to_box=0.013m  stage=3  obj=[-0. -0.]  g_hat=[-1.  0.]
[proxy] err=0.167m  effective=[0.07  0.003 0.05 ]
[ADMM-C3+] primal: 5.7461->3.8743  dual: 74.8587->83.4152  mono=False  iters=25/25  rho=25.0
[ADMM-C3+] WARNING non-converged: pr=3.8743 dr=83.4152 tol=1e-03
[C3+] step=30 |u[0]|=36.70Nm u_axis=(+9.72,-24.89,-5.39,+22.31,+4.59,-9.20,-0.77)Nm λ_n_max=0.000 η_n_max=0.740 primal=3.874 iters=25/25 lcp_res_max=nan
[ADMIT-GUARD] step=11 admit_active=0 latch=0/0 ee_z=0.200 gate_cap=0
[ALT-GATE] step=11 target_stable=0/0 allow_descent=1
[GS-tgt] step=11 ee=(-0.004,-0.012,+0.200) p_repos=(-0.023,-0.080,+0.030) ee_to_target=0.184m target_label=prev_repos target_changed=N delta=0.000m
[GS] step=11 mode=free switch=kStayInRepos best_k=0 best_src=prev_repos curr_cost=157043.64 repos_cost=211085.34 best_other=211085.34 met_progress=Y steps_since_improve=9 switches=0
[STEP] step=11 mode=free t=0.110s ee=(-0.004,-0.012,+0.200) obj=(-0.000,-0.000,+0.050) goal_dist=0.300m switch=kStayInRepos target=(-0.012,-0.043,+0.200) ee_stride=0.031m ee_to_ptarget=0.184m landing_err=0.1744m ik_ok=Y ik_resid=0.0002m q_max_resid_deg=5.31 target_changed=Y retgt=N held_idx=1 held_cost=211085.34 won_cost=211085.34 margin=+0.00 won_src=prev_repos held_valid=Y reason=hold setpoint_to_ptarget=nanm finished_val=0.1837m finished_thresh=0.0200m pd_resid=nanm nextwp_to_ptarget=nanm guide_terminal_err=nanm
[GATE-EVOLVE] step=11 curr=157043.64 best_other=211085.34 ratio=0.7440 ee_to_optimal=0.0796m phi=0.0747m
[STAGE-A-TRACE] step=11 sim_t=0.110 mode=free phi=0.07472 box_xy=-0.00000,-0.00000 lam_n_ee_box=nan qy=-0.00001 qz=+0.00000 finished_repos=0
[DRAKE-CONTACT] step=11 n_pairs=1 ee_box_normal=0.000
[GATE-CONTACT] step=11 F_W=(+0.0000,+0.0000,+0.0000) F_on_box=(-0.0000,-0.0000,-0.0000) n_face_out=(-0.0000,-0.0000,-0.0000) A_is_ee=0 box_q=(+1.00000,+0.00001,-0.00001,+0.00000) box_p=(-0.00000,-0.00000,+0.04999) ee_p=(-0.00363,-0.01249,+0.19972)
[EErel] along_push=+0.004m (neg=correct)  perp=0.015m  ee_to_box=0.016m  stage=3  obj=[-0. -0.]  g_hat=[-1.  0.]
[proxy] err=0.170m  effective=[0.073 0.005 0.05 ]
[ADMM-C3+] primal: 5.7461->3.8743  dual: 74.8587->83.4152  mono=False  iters=25/25  rho=25.0
[ADMM-C3+] WARNING non-converged: pr=3.8743 dr=83.4152 tol=1e-03
[C3+] step=33 |u[0]|=37.20Nm u_axis=(+9.60,-24.90,-6.11,+23.04,+4.79,-8.94,-0.76)Nm λ_n_max=0.000 η_n_max=0.740 primal=3.874 iters=25/25 lcp_res_max=nan
[ADMIT-GUARD] step=12 admit_active=0 latch=0/0 ee_z=0.200 gate_cap=0
[ALT-GATE] step=12 target_stable=0/0 allow_descent=1
[GS-tgt] step=12 ee=(-0.004,-0.015,+0.200) p_repos=(-0.023,-0.080,+0.030) ee_to_target=0.183m target_label=prev_repos target_changed=N delta=0.000m
[GS] step=12 mode=free switch=kStayInRepos best_k=0 best_src=prev_repos curr_cost=157115.89 repos_cost=210890.06 best_other=210890.06 met_progress=Y steps_since_improve=10 switches=0
[STEP] step=12 mode=free t=0.120s ee=(-0.004,-0.015,+0.200) obj=(-0.000,-0.000,+0.050) goal_dist=0.300m switch=kStayInRepos target=(-0.013,-0.047,+0.200) ee_stride=0.033m ee_to_ptarget=0.183m landing_err=0.1736m ik_ok=Y ik_resid=0.0002m q_max_resid_deg=5.52 target_changed=Y retgt=N held_idx=1 held_cost=210890.06 won_cost=210890.06 margin=+0.00 won_src=prev_repos held_valid=Y reason=hold setpoint_to_ptarget=nanm finished_val=0.1826m finished_thresh=0.0200m pd_resid=nanm nextwp_to_ptarget=nanm guide_terminal_err=nanm
[GATE-EVOLVE] step=12 curr=157115.89 best_other=210890.06 ratio=0.7450 ee_to_optimal=0.0808m phi=0.0747m
[STAGE-A-TRACE] step=12 sim_t=0.120 mode=free phi=0.07469 box_xy=-0.00000,-0.00000 lam_n_ee_box=nan qy=-0.00001 qz=+0.00000 finished_repos=0
[DRAKE-CONTACT] step=12 n_pairs=1 ee_box_normal=0.000
[GATE-CONTACT] step=12 F_W=(+0.0000,+0.0000,+0.0000) F_on_box=(-0.0000,-0.0000,-0.0000) n_face_out=(-0.0000,-0.0000,-0.0000) A_is_ee=0 box_q=(+1.00000,+0.00001,-0.00001,+0.00000) box_p=(-0.00000,-0.00000,+0.04999) ee_p=(-0.00439,-0.01503,+0.19968)
[EErel] along_push=+0.005m (neg=correct)  perp=0.018m  ee_to_box=0.018m  stage=3  obj=[-0. -0.]  g_hat=[-1.  0.]
[proxy] err=0.173m  effective=[0.078 0.006 0.05 ]
[ADMM-C3+] primal: 5.7461->3.8743  dual: 74.8587->83.4152  mono=False  iters=25/25  rho=25.0
[ADMM-C3+] WARNING non-converged: pr=3.8743 dr=83.4152 tol=1e-03
[C3+] step=36 |u[0]|=37.74Nm u_axis=(+9.49,-24.94,-6.86,+23.77,+5.00,-8.66,-0.76)Nm λ_n_max=0.000 η_n_max=0.740 primal=3.874 iters=25/25 lcp_res_max=nan
[ADMIT-GUARD] step=13 admit_active=0 latch=0/0 ee_z=0.200 gate_cap=0
[ALT-GATE] step=13 target_stable=0/0 allow_descent=1
[GS-tgt] step=13 ee=(-0.005,-0.018,+0.200) p_repos=(-0.023,-0.080,+0.030) ee_to_target=0.182m target_label=prev_repos target_changed=N delta=0.000m
[GS] step=13 mode=free switch=kStayInRepos best_k=0 best_src=prev_repos curr_cost=157199.19 repos_cost=210730.82 best_other=210730.82 met_progress=Y steps_since_improve=11 switches=0
[STEP] step=13 mode=free t=0.130s ee=(-0.005,-0.018,+0.200) obj=(-0.000,-0.000,+0.050) goal_dist=0.300m switch=kStayInRepos target=(-0.014,-0.050,+0.200) ee_stride=0.034m ee_to_ptarget=0.182m landing_err=0.1728m ik_ok=Y ik_resid=0.0002m q_max_resid_deg=5.70 target_changed=Y retgt=N held_idx=1 held_cost=210730.82 won_cost=210730.82 margin=+0.00 won_src=prev_repos held_valid=Y reason=hold setpoint_to_ptarget=nanm finished_val=0.1816m finished_thresh=0.0200m pd_resid=nanm nextwp_to_ptarget=nanm guide_terminal_err=nanm
[GATE-EVOLVE] step=13 curr=157199.19 best_other=210730.82 ratio=0.7460 ee_to_optimal=0.0821m phi=0.0747m
[STAGE-A-TRACE] step=13 sim_t=0.130 mode=free phi=0.07466 box_xy=-0.00000,-0.00000 lam_n_ee_box=nan qy=-0.00001 qz=+0.00000 finished_repos=0
[DRAKE-CONTACT] step=13 n_pairs=1 ee_box_normal=0.000
[GATE-CONTACT] step=13 F_W=(+0.0000,+0.0000,+0.0000) F_on_box=(-0.0000,-0.0000,-0.0000) n_face_out=(-0.0000,-0.0000,-0.0000) A_is_ee=0 box_q=(+1.00000,+0.00001,-0.00001,+0.00000) box_p=(-0.00000,-0.00000,+0.04999) ee_p=(-0.00520,-0.01775,+0.19965)
[EErel] along_push=+0.006m (neg=correct)  perp=0.021m  ee_to_box=0.022m  stage=3  obj=[-0. -0.]  g_hat=[-1.  0.]
[proxy] err=0.176m  effective=[0.082 0.009 0.05 ]
[ADMM-C3+] primal: 5.7461->3.8743  dual: 74.8587->83.4152  mono=False  iters=25/25  rho=25.0
[ADMM-C3+] WARNING non-converged: pr=3.8743 dr=83.4152 tol=1e-03
[C3+] step=39 |u[0]|=38.04Nm u_axis=(+9.35,-24.59,-7.62,+24.49,+5.22,-8.34,-0.75)Nm λ_n_max=0.000 η_n_max=0.740 primal=3.874 iters=25/25 lcp_res_max=nan
[ADMIT-GUARD] step=14 admit_active=0 latch=0/0 ee_z=0.200 gate_cap=0
[ALT-GATE] step=14 target_stable=0/0 allow_descent=1
[GS-tgt] step=14 ee=(-0.006,-0.021,+0.200) p_repos=(-0.023,-0.080,+0.030) ee_to_target=0.181m target_label=prev_repos target_changed=N delta=0.000m
[GS] step=14 mode=free switch=kStayInRepos best_k=0 best_src=prev_repos curr_cost=157294.00 repos_cost=210603.04 best_other=210603.04 met_progress=Y steps_since_improve=12 switches=0
[STEP] step=14 mode=free t=0.140s ee=(-0.006,-0.021,+0.200) obj=(-0.000,-0.000,+0.050) goal_dist=0.300m switch=kStayInRepos target=(-0.016,-0.054,+0.200) ee_stride=0.035m ee_to_ptarget=0.181m landing_err=0.1722m ik_ok=Y ik_resid=0.0002m q_max_resid_deg=5.84 target_changed=Y retgt=N held_idx=1 held_cost=210603.04 won_cost=210603.04 margin=+0.00 won_src=prev_repos held_valid=Y reason=hold setpoint_to_ptarget=nanm finished_val=0.1805m finished_thresh=0.0200m pd_resid=nanm nextwp_to_ptarget=nanm guide_terminal_err=nanm
[GATE-EVOLVE] step=14 curr=157294.00 best_other=210603.04 ratio=0.7469 ee_to_optimal=0.0836m phi=0.0746m
[STAGE-A-TRACE] step=14 sim_t=0.140 mode=free phi=0.07464 box_xy=-0.00000,-0.00000 lam_n_ee_box=nan qy=-0.00001 qz=+0.00000 finished_repos=0
[DRAKE-CONTACT] step=14 n_pairs=1 ee_box_normal=0.000
[GATE-CONTACT] step=14 F_W=(+0.0000,+0.0000,+0.0000) F_on_box=(-0.0000,-0.0000,-0.0000) n_face_out=(-0.0000,-0.0000,-0.0000) A_is_ee=0 box_q=(+1.00000,+0.00001,-0.00001,+0.00000) box_p=(-0.00000,-0.00000,+0.04999) ee_p=(-0.00606,-0.02063,+0.19963)
[EErel] along_push=+0.007m (neg=correct)  perp=0.024m  ee_to_box=0.025m  stage=3  obj=[-0. -0.]  g_hat=[-1.  0.]
[proxy] err=0.180m  effective=[0.087 0.011 0.05 ]
[ADMM-C3+] primal: 5.7461->3.8743  dual: 74.8587->83.4152  mono=False  iters=25/25  rho=25.0
[ADMM-C3+] WARNING non-converged: pr=3.8743 dr=83.4152 tol=1e-03
[C3+] step=42 |u[0]|=38.23Nm u_axis=(+9.21,-24.01,-8.40,+25.21,+5.45,-8.00,-0.75)Nm λ_n_max=0.000 η_n_max=0.740 primal=3.874 iters=25/25 lcp_res_max=nan
[ADMIT-GUARD] step=15 admit_active=0 latch=0/0 ee_z=0.200 gate_cap=0
[ALT-GATE] step=15 target_stable=0/0 allow_descent=1
[GS-tgt] step=15 ee=(-0.007,-0.024,+0.200) p_repos=(-0.023,-0.080,+0.030) ee_to_target=0.179m target_label=prev_repos target_changed=N delta=0.000m
[GS] step=15 mode=free switch=kStayInRepos best_k=0 best_src=prev_repos curr_cost=157402.13 repos_cost=210502.25 best_other=210502.25 met_progress=Y steps_since_improve=13 switches=0
[STEP] step=15 mode=free t=0.150s ee=(-0.007,-0.024,+0.200) obj=(-0.000,-0.000,+0.050) goal_dist=0.300m switch=kStayInRepos target=(-0.017,-0.058,+0.200) ee_stride=0.036m ee_to_ptarget=0.179m landing_err=0.1716m ik_ok=Y ik_resid=0.0002m q_max_resid_deg=5.97 target_changed=Y retgt=N held_idx=1 held_cost=210502.25 won_cost=210502.25 margin=+0.00 won_src=prev_repos held_valid=Y reason=hold setpoint_to_ptarget=nanm finished_val=0.1794m finished_thresh=0.0200m pd_resid=nanm nextwp_to_ptarget=nanm guide_terminal_err=nanm
[GATE-EVOLVE] step=15 curr=157402.13 best_other=210502.25 ratio=0.7477 ee_to_optimal=0.0853m phi=0.0746m
[STAGE-A-TRACE] step=15 sim_t=0.150 mode=free phi=0.07462 box_xy=-0.00000,-0.00000 lam_n_ee_box=nan qy=-0.00001 qz=+0.00000 finished_repos=0
[DRAKE-CONTACT] step=15 n_pairs=1 ee_box_normal=0.000
[GATE-CONTACT] step=15 F_W=(+0.0000,+0.0000,+0.0000) F_on_box=(-0.0000,-0.0000,-0.0000) n_face_out=(-0.0000,-0.0000,-0.0000) A_is_ee=0 box_q=(+1.00000,+0.00001,-0.00001,+0.00000) box_p=(-0.00000,-0.00000,+0.04999) ee_p=(-0.00695,-0.02365,+0.19961)
[EErel] along_push=+0.008m (neg=correct)  perp=0.027m  ee_to_box=0.028m  stage=3  obj=[-0. -0.]  g_hat=[-1.  0.]
[proxy] err=0.184m  effective=[0.092 0.014 0.05 ]
[ADMM-C3+] primal: 5.7461->3.8743  dual: 74.8587->83.4152  mono=False  iters=25/25  rho=25.0
[ADMM-C3+] WARNING non-converged: pr=3.8743 dr=83.4152 tol=1e-03
[C3+] step=45 |u[0]|=38.49Nm u_axis=(+9.08,-23.45,-9.20,+25.95,+5.69,-7.63,-0.74)Nm λ_n_max=0.000 η_n_max=0.740 primal=3.874 iters=25/25 lcp_res_max=nan
[ADMIT-GUARD] step=16 admit_active=0 latch=0/0 ee_z=0.200 gate_cap=0
[ALT-GATE] step=16 target_stable=0/0 allow_descent=1
[GS-tgt] step=16 ee=(-0.008,-0.027,+0.200) p_repos=(-0.023,-0.080,+0.030) ee_to_target=0.178m target_label=prev_repos target_changed=N delta=0.000m
[GS] step=16 mode=free switch=kStayInRepos best_k=0 best_src=prev_repos curr_cost=157525.73 repos_cost=210424.35 best_other=210424.35 met_progress=Y steps_since_improve=14 switches=0
[STEP] step=16 mode=free t=0.160s ee=(-0.008,-0.027,+0.200) obj=(-0.000,-0.000,+0.050) goal_dist=0.300m switch=kStayInRepos target=(-0.018,-0.062,+0.200) ee_stride=0.037m ee_to_ptarget=0.178m landing_err=0.1711m ik_ok=Y ik_resid=0.0002m q_max_resid_deg=6.07 target_changed=Y retgt=N held_idx=1 held_cost=210424.35 won_cost=210424.35 margin=+0.00 won_src=prev_repos held_valid=Y reason=hold setpoint_to_ptarget=nanm finished_val=0.1784m finished_thresh=0.0200m pd_resid=nanm nextwp_to_ptarget=nanm guide_terminal_err=nanm
[GATE-EVOLVE] step=16 curr=157525.73 best_other=210424.35 ratio=0.7486 ee_to_optimal=0.0871m phi=0.0746m
[STAGE-A-TRACE] step=16 sim_t=0.160 mode=free phi=0.07461 box_xy=-0.00000,-0.00000 lam_n_ee_box=nan qy=-0.00001 qz=+0.00000 finished_repos=0
[DRAKE-CONTACT] step=16 n_pairs=1 ee_box_normal=0.000
[GATE-CONTACT] step=16 F_W=(+0.0000,+0.0000,+0.0000) F_on_box=(-0.0000,-0.0000,-0.0000) n_face_out=(-0.0000,-0.0000,-0.0000) A_is_ee=0 box_q=(+1.00000,+0.00001,-0.00001,+0.00000) box_p=(-0.00000,-0.00000,+0.04999) ee_p=(-0.00787,-0.02678,+0.19960)
[EErel] along_push=+0.009m (neg=correct)  perp=0.030m  ee_to_box=0.031m  stage=3  obj=[-0. -0.]  g_hat=[-1.  0.]
[proxy] err=0.189m  effective=[0.097 0.018 0.05 ]
[ADMM-C3+] primal: 5.7461->3.8743  dual: 74.8587->83.4152  mono=False  iters=25/25  rho=25.0
[ADMM-C3+] WARNING non-converged: pr=3.8743 dr=83.4152 tol=1e-03
[C3+] step=48 |u[0]|=38.81Nm u_axis=(+8.95,-22.90,-10.02,+26.70,+5.93,-7.25,-0.73)Nm λ_n_max=0.000 η_n_max=0.740 primal=3.874 iters=25/25 lcp_res_max=nan
[ADMIT-GUARD] step=17 admit_active=0 latch=0/0 ee_z=0.200 gate_cap=0
[ALT-GATE] step=17 target_stable=0/0 allow_descent=1
[GS-tgt] step=17 ee=(-0.009,-0.030,+0.200) p_repos=(-0.023,-0.080,+0.030) ee_to_target=0.177m target_label=prev_repos target_changed=N delta=0.000m
[GS] step=17 mode=free switch=kStayInRepos best_k=0 best_src=prev_repos curr_cost=157666.65 repos_cost=210365.71 best_other=210365.71 met_progress=Y steps_since_improve=15 switches=0
[STEP] step=17 mode=free t=0.170s ee=(-0.009,-0.030,+0.200) obj=(-0.000,-0.000,+0.050) goal_dist=0.300m switch=kStayInRepos target=(-0.019,-0.066,+0.200) ee_stride=0.037m ee_to_ptarget=0.177m landing_err=0.1707m ik_ok=Y ik_resid=0.0003m q_max_resid_deg=6.15 target_changed=Y retgt=N held_idx=1 held_cost=210365.71 won_cost=210365.71 margin=+0.00 won_src=prev_repos held_valid=Y reason=hold setpoint_to_ptarget=nanm finished_val=0.1774m finished_thresh=0.0200m pd_resid=nanm nextwp_to_ptarget=nanm guide_terminal_err=nanm
[GATE-EVOLVE] step=17 curr=157666.65 best_other=210365.71 ratio=0.7495 ee_to_optimal=0.0890m phi=0.0746m
[STAGE-A-TRACE] step=17 sim_t=0.170 mode=free phi=0.07460 box_xy=-0.00000,-0.00000 lam_n_ee_box=nan qy=-0.00001 qz=+0.00000 finished_repos=0
[DRAKE-CONTACT] step=17 n_pairs=1 ee_box_normal=0.000
[GATE-CONTACT] step=17 F_W=(+0.0000,+0.0000,+0.0000) F_on_box=(-0.0000,-0.0000,-0.0000) n_face_out=(-0.0000,-0.0000,-0.0000) A_is_ee=0 box_q=(+1.00000,+0.00001,-0.00001,+0.00000) box_p=(-0.00000,-0.00000,+0.04999) ee_p=(-0.00882,-0.03002,+0.19959)
[EErel] along_push=+0.010m (neg=correct)  perp=0.033m  ee_to_box=0.035m  stage=3  obj=[-0. -0.]  g_hat=[-1.  0.]
[proxy] err=0.195m  effective=[0.102 0.022 0.05 ]
[ADMM-C3+] primal: 5.7461->3.8743  dual: 74.8587->83.4152  mono=False  iters=25/25  rho=25.0
[ADMM-C3+] WARNING non-converged: pr=3.8743 dr=83.4152 tol=1e-03
[C3+] step=51 |u[0]|=39.20Nm u_axis=(+8.82,-22.37,-10.86,+27.47,+6.17,-6.85,-0.72)Nm λ_n_max=0.000 η_n_max=0.740 primal=3.874 iters=25/25 lcp_res_max=nan
[ADMIT-GUARD] step=18 admit_active=0 latch=0/0 ee_z=0.200 gate_cap=0
[ALT-GATE] step=18 target_stable=0/0 allow_descent=1
[GS-tgt] step=18 ee=(-0.010,-0.033,+0.200) p_repos=(-0.023,-0.080,+0.030) ee_to_target=0.176m target_label=prev_repos target_changed=N delta=0.000m
[GS] step=18 mode=free switch=kStayInRepos best_k=0 best_src=prev_repos curr_cost=157826.93 repos_cost=210323.24 best_other=210323.24 met_progress=Y steps_since_improve=16 switches=0
[STEP] step=18 mode=free t=0.180s ee=(-0.010,-0.033,+0.200) obj=(-0.000,-0.000,+0.050) goal_dist=0.300m switch=kStayInRepos target=(-0.020,-0.070,+0.200) ee_stride=0.038m ee_to_ptarget=0.176m landing_err=0.1704m ik_ok=Y ik_resid=0.0003m q_max_resid_deg=6.22 target_changed=Y retgt=N held_idx=1 held_cost=210323.24 won_cost=210323.24 margin=+0.00 won_src=prev_repos held_valid=Y reason=hold setpoint_to_ptarget=nanm finished_val=0.1764m finished_thresh=0.0200m pd_resid=nanm nextwp_to_ptarget=nanm guide_terminal_err=nanm
[GATE-EVOLVE] step=18 curr=157826.93 best_other=210323.24 ratio=0.7504 ee_to_optimal=0.0911m phi=0.0746m
[STAGE-A-TRACE] step=18 sim_t=0.180 mode=free phi=0.07460 box_xy=-0.00000,-0.00000 lam_n_ee_box=nan qy=-0.00001 qz=+0.00000 finished_repos=0
[DRAKE-CONTACT] step=18 n_pairs=1 ee_box_normal=0.000
[GATE-CONTACT] step=18 F_W=(+0.0000,+0.0000,+0.0000) F_on_box=(-0.0000,-0.0000,-0.0000) n_face_out=(-0.0000,-0.0000,-0.0000) A_is_ee=0 box_q=(+1.00000,+0.00001,-0.00001,+0.00000) box_p=(-0.00000,-0.00000,+0.04999) ee_p=(-0.00979,-0.03335,+0.19959)
[EErel] along_push=+0.011m (neg=correct)  perp=0.037m  ee_to_box=0.039m  stage=3  obj=[0. 0.]  g_hat=[-1. -0.]
[proxy] err=0.202m  effective=[0.108 0.028 0.05 ]
[ADMM-C3+] primal: 6.1274->4.9359  dual: 109.8105->80.3187  mono=False  iters=25/25  rho=25.0
[ADMM-C3+] WARNING non-converged: pr=4.9359 dr=80.3187 tol=1e-03
[C3+] step=54 |u[0]|=39.71Nm u_axis=(+8.69,-21.81,-11.80,+28.35,+6.44,-6.40,-0.71)Nm λ_n_max=1.058 η_n_max=1.279 primal=4.936 iters=25/25 lcp_res_max=nan
[ADMIT-GUARD] step=19 admit_active=0 latch=0/0 ee_z=0.200 gate_cap=0
[ALT-GATE] step=19 target_stable=0/0 allow_descent=1
[GS-tgt] step=19 ee=(-0.011,-0.037,+0.200) p_repos=(-0.023,-0.080,+0.030) ee_to_target=0.175m target_label=prev_repos target_changed=N delta=0.000m
[GS] step=19 mode=free switch=kStayInRepos best_k=0 best_src=prev_repos curr_cost=135312.19 repos_cost=191519.89 best_other=191519.89 met_progress=Y steps_since_improve=17 switches=0
[STEP] step=19 mode=free t=0.190s ee=(-0.011,-0.037,+0.200) obj=(+0.000,+0.000,+0.050) goal_dist=0.300m switch=kStayInRepos target=(-0.021,-0.073,+0.200) ee_stride=0.038m ee_to_ptarget=0.175m landing_err=0.1702m ik_ok=Y ik_resid=0.0003m q_max_resid_deg=6.21 target_changed=Y retgt=N held_idx=1 held_cost=191519.89 won_cost=191519.89 margin=+0.00 won_src=prev_repos held_valid=Y reason=hold setpoint_to_ptarget=nanm finished_val=0.1753m finished_thresh=0.0200m pd_resid=nanm nextwp_to_ptarget=nanm guide_terminal_err=nanm
[GATE-EVOLVE] step=19 curr=135312.19 best_other=191519.89 ratio=0.7065 ee_to_optimal=0.0936m phi=0.0746m
[STAGE-A-TRACE] step=19 sim_t=0.190 mode=free phi=0.07459 box_xy=+0.00000,+0.00000 lam_n_ee_box=nan qy=+0.00001 qz=+0.00000 finished_repos=0
[DRAKE-CONTACT] step=19 n_pairs=1 ee_box_normal=0.000
[GATE-CONTACT] step=19 F_W=(+0.0000,+0.0000,+0.0000) F_on_box=(-0.0000,-0.0000,-0.0000) n_face_out=(-0.0000,-0.0000,-0.0000) A_is_ee=0 box_q=(+1.00000,-0.00001,+0.00001,+0.00000) box_p=(+0.00000,+0.00000,+0.04999) ee_p=(-0.01088,-0.03710,+0.19958)
[EErel] along_push=+0.012m (neg=correct)  perp=0.041m  ee_to_box=0.042m  stage=3  obj=[0. 0.]  g_hat=[-1. -0.]
[proxy] err=0.209m  effective=[0.113 0.033 0.05 ]
[ADMM-C3+] primal: 6.1274->4.9359  dual: 109.8105->80.3187  mono=False  iters=25/25  rho=25.0
[ADMM-C3+] WARNING non-converged: pr=4.9359 dr=80.3187 tol=1e-03
[C3+] step=57 |u[0]|=40.24Nm u_axis=(+8.58,-21.33,-12.65,+29.15,+6.68,-5.98,-0.70)Nm λ_n_max=1.058 η_n_max=1.279 primal=4.936 iters=25/25 lcp_res_max=nan
[ADMIT-GUARD] step=20 admit_active=0 latch=0/0 ee_z=0.200 gate_cap=0
[ALT-GATE] step=20 target_stable=0/0 allow_descent=1
[GS-tgt] step=20 ee=(-0.012,-0.041,+0.200) p_repos=(-0.023,-0.080,+0.030) ee_to_target=0.174m target_label=prev_repos target_changed=N delta=0.000m
[IMP] step=20 mode=free |x_err|=0.0382m |tau_imp|=4.03Nm |tau_ff|=0.00Nm |tau_out|=4.03Nm sat=False lam_n=False lam_t=False
[GS] step=20 mode=free switch=kStayInRepos best_k=0 best_src=prev_repos curr_cost=135519.54 repos_cost=191508.53 best_other=191508.53 met_progress=Y steps_since_improve=18 switches=0
[STEP] step=20 mode=free t=0.200s ee=(-0.012,-0.041,+0.200) obj=(+0.000,+0.000,+0.050) goal_dist=0.300m switch=kStayInRepos target=(-0.022,-0.077,+0.200) ee_stride=0.038m ee_to_ptarget=0.174m landing_err=0.1701m ik_ok=Y ik_resid=0.0003m q_max_resid_deg=6.25 target_changed=Y retgt=N held_idx=1 held_cost=191508.53 won_cost=191508.53 margin=+0.00 won_src=prev_repos held_valid=Y reason=hold setpoint_to_ptarget=nanm finished_val=0.1745m finished_thresh=0.0200m pd_resid=nanm nextwp_to_ptarget=nanm guide_terminal_err=nanm
[GATE-EVOLVE] step=20 curr=135519.54 best_other=191508.53 ratio=0.7076 ee_to_optimal=0.0959m phi=0.0746m
[STAGE-A-TRACE] step=20 sim_t=0.200 mode=free phi=0.07459 box_xy=+0.00000,+0.00000 lam_n_ee_box=nan qy=+0.00001 qz=+0.00000 finished_repos=0
[GS-table] step=20
  k=0 (current   ) pos=(-0.012,-0.041,+0.200) c_C3= 135519.54 align=0.0000(bonus=    0.00) rot=+0.0000(bonus=    0.00) travel=0.000m(pen=  0.00) c_sample= 135519.54 feas=Y ik_err=0.0000m  ← WIN
  k=1 (prev_repos) pos=(-0.023,-0.080,+0.030) c_C3= 191473.64 align=0.0000(bonus=    0.00) rot=+0.0000(bonus=    0.00) travel=0.174m(pen= 34.89) c_sample= 191508.53 feas=Y ik_err=0.0001m
  k=2 (strat_0   ) pos=(-0.023,-0.080,+0.030) c_C3= 191473.64 align=0.0000(bonus=    0.00) rot=+0.0000(bonus=    0.00) travel=0.174m(pen= 34.89) c_sample= 191508.53 feas=Y ik_err=0.0001m
[DRAKE-CONTACT] step=20 n_pairs=1 ee_box_normal=0.000
[GATE-CONTACT] step=20 F_W=(+0.0000,+0.0000,+0.0000) F_on_box=(-0.0000,-0.0000,-0.0000) n_face_out=(-0.0000,-0.0000,-0.0000) A_is_ee=0 box_q=(+1.00000,-0.00001,+0.00001,+0.00000) box_p=(+0.00000,+0.00000,+0.04999) ee_p=(-0.01189,-0.04057,+0.19959)
[EErel] along_push=+0.013m (neg=correct)  perp=0.044m  ee_to_box=0.046m  stage=3  obj=[0. 0.]  g_hat=[-1. -0.]
[proxy] err=0.216m  effective=[0.119 0.039 0.05 ]
[ADMM-C3+] primal: 6.1274->4.9359  dual: 109.8105->80.3187  mono=False  iters=25/25  rho=25.0
[ADMM-C3+] WARNING non-converged: pr=4.9359 dr=80.3187 tol=1e-03
[C3+] step=60 |u[0]|=40.84Nm u_axis=(+8.46,-20.85,-13.51,+29.99,+6.94,-5.55,-0.69)Nm λ_n_max=1.058 η_n_max=1.279 primal=4.936 iters=25/25 lcp_res_max=nan
[ADMIT-GUARD] step=21 admit_active=0 latch=0/0 ee_z=0.200 gate_cap=0
[ALT-GATE] step=21 target_stable=0/0 allow_descent=1
[GS-tgt] step=21 ee=(-0.013,-0.044,+0.200) p_repos=(-0.023,-0.080,+0.030) ee_to_target=0.174m target_label=prev_repos target_changed=N delta=0.000m
[GS] step=21 mode=free switch=kStayInRepos best_k=0 best_src=prev_repos curr_cost=135753.46 repos_cost=191504.91 best_other=191504.91 met_progress=Y steps_since_improve=19 switches=0
[STEP] step=21 mode=free t=0.210s ee=(-0.013,-0.044,+0.200) obj=(+0.000,+0.000,+0.050) goal_dist=0.300m switch=kStayInRepos target=(-0.023,-0.080,+0.196) ee_stride=0.037m ee_to_ptarget=0.174m landing_err=0.1661m ik_ok=Y ik_resid=0.0002m q_max_resid_deg=5.90 target_changed=Y retgt=N held_idx=1 held_cost=191504.91 won_cost=191504.91 margin=+0.00 won_src=prev_repos held_valid=Y reason=hold setpoint_to_ptarget=nanm finished_val=0.1736m finished_thresh=0.0200m pd_resid=nanm nextwp_to_ptarget=nanm guide_terminal_err=nanm
[GATE-EVOLVE] step=21 curr=135753.46 best_other=191504.91 ratio=0.7089 ee_to_optimal=0.0983m phi=0.0746m
[STAGE-A-TRACE] step=21 sim_t=0.210 mode=free phi=0.07460 box_xy=+0.00000,+0.00000 lam_n_ee_box=nan qy=+0.00001 qz=+0.00000 finished_repos=0
[DRAKE-CONTACT] step=21 n_pairs=1 ee_box_normal=0.000
[GATE-CONTACT] step=21 F_W=(+0.0000,+0.0000,+0.0000) F_on_box=(-0.0000,-0.0000,-0.0000) n_face_out=(-0.0000,-0.0000,-0.0000) A_is_ee=0 box_q=(+1.00000,-0.00001,+0.00001,+0.00000) box_p=(+0.00000,+0.00000,+0.04999) ee_p=(-0.01291,-0.04409,+0.19959)
[EErel] along_push=+0.014m (neg=correct)  perp=0.048m  ee_to_box=0.050m  stage=3  obj=[0. 0.]  g_hat=[-1. -0.]
[proxy] err=0.224m  effective=[0.124 0.045 0.05 ]
[ADMM-C3+] primal: 6.1274->4.9359  dual: 109.8105->80.3187  mono=False  iters=25/25  rho=25.0
[ADMM-C3+] WARNING non-converged: pr=4.9359 dr=80.3187 tol=1e-03
[C3+] step=63 |u[0]|=40.95Nm u_axis=(+8.33,-20.78,-14.15,+30.00,+7.13,-4.88,-0.68)Nm λ_n_max=1.058 η_n_max=1.279 primal=4.936 iters=25/25 lcp_res_max=nan
[ADMIT-GUARD] step=22 admit_active=0 latch=0/0 ee_z=0.200 gate_cap=0
[ALT-GATE] step=22 target_stable=0/0 allow_descent=1
[GS-tgt] step=22 ee=(-0.014,-0.048,+0.200) p_repos=(-0.023,-0.080,+0.030) ee_to_target=0.173m target_label=prev_repos target_changed=N delta=0.000m
[GS] step=22 mode=free switch=kStayInRepos best_k=0 best_src=prev_repos curr_cost=136014.95 repos_cost=191491.17 best_other=191491.17 met_progress=Y steps_since_improve=20 switches=0
[STEP] step=22 mode=free t=0.220s ee=(-0.014,-0.048,+0.200) obj=(+0.000,+0.000,+0.050) goal_dist=0.300m switch=kStayInRepos target=(-0.023,-0.080,+0.192) ee_stride=0.034m ee_to_ptarget=0.173m landing_err=0.1621m ik_ok=Y ik_resid=0.0001m q_max_resid_deg=5.10 target_changed=Y retgt=N held_idx=1 held_cost=191491.17 won_cost=191491.17 margin=+0.00 won_src=prev_repos held_valid=Y reason=hold setpoint_to_ptarget=nanm finished_val=0.1728m finished_thresh=0.0200m pd_resid=nanm nextwp_to_ptarget=nanm guide_terminal_err=nanm
[GATE-EVOLVE] step=22 curr=136014.95 best_other=191491.17 ratio=0.7103 ee_to_optimal=0.1009m phi=0.0745m
[STAGE-A-TRACE] step=22 sim_t=0.220 mode=free phi=0.07453 box_xy=+0.00000,+0.00000 lam_n_ee_box=nan qy=+0.00001 qz=+0.00000 finished_repos=0
[DRAKE-CONTACT] step=22 n_pairs=1 ee_box_normal=0.000
[GATE-CONTACT] step=22 F_W=(+0.0000,+0.0000,+0.0000) F_on_box=(-0.0000,-0.0000,-0.0000) n_face_out=(-0.0000,-0.0000,-0.0000) A_is_ee=0 box_q=(+1.00000,-0.00001,+0.00001,+0.00000) box_p=(+0.00000,+0.00000,+0.04999) ee_p=(-0.01393,-0.04763,+0.19952)
[EErel] along_push=+0.015m (neg=correct)  perp=0.051m  ee_to_box=0.053m  stage=3  obj=[0. 0.]  g_hat=[-1. -0.]
[proxy] err=0.232m  effective=[0.13  0.051 0.05 ]
[ADMM-C3+] primal: 6.1274->4.9359  dual: 109.8105->80.3187  mono=False  iters=25/25  rho=25.0
[ADMM-C3+] WARNING non-converged: pr=4.9359 dr=80.3187 tol=1e-03
[C3+] step=66 |u[0]|=41.15Nm u_axis=(+8.09,-21.14,-14.48,+30.00,+7.27,-4.16,-0.65)Nm λ_n_max=1.058 η_n_max=1.279 primal=4.936 iters=25/25 lcp_res_max=nan
[ADMIT-GUARD] step=23 admit_active=0 latch=0/0 ee_z=0.199 gate_cap=0
[ALT-GATE] step=23 target_stable=0/0 allow_descent=1
[GS-tgt] step=23 ee=(-0.015,-0.051,+0.199) p_repos=(-0.023,-0.080,+0.030) ee_to_target=0.172m target_label=prev_repos target_changed=N delta=0.000m
[GS] step=23 mode=free switch=kStayInRepos best_k=0 best_src=prev_repos curr_cost=136254.14 repos_cost=191503.53 best_other=191503.53 met_progress=Y steps_since_improve=21 switches=0
[STEP] step=23 mode=free t=0.230s ee=(-0.015,-0.051,+0.199) obj=(+0.000,+0.000,+0.050) goal_dist=0.300m switch=kStayInRepos target=(-0.023,-0.080,+0.188) ee_stride=0.032m ee_to_ptarget=0.172m landing_err=0.1581m ik_ok=Y ik_resid=0.0001m q_max_resid_deg=4.31 target_changed=Y retgt=N held_idx=1 held_cost=191503.53 won_cost=191503.53 margin=+0.00 won_src=prev_repos held_valid=Y reason=hold setpoint_to_ptarget=nanm finished_val=0.1719m finished_thresh=0.0200m pd_resid=nanm nextwp_to_ptarget=nanm guide_terminal_err=nanm
[GATE-EVOLVE] step=23 curr=136254.14 best_other=191503.53 ratio=0.7115 ee_to_optimal=0.1035m phi=0.0743m
[STAGE-A-TRACE] step=23 sim_t=0.230 mode=free phi=0.07429 box_xy=+0.00000,+0.00000 lam_n_ee_box=nan qy=+0.00001 qz=+0.00000 finished_repos=0
[DRAKE-CONTACT] step=23 n_pairs=1 ee_box_normal=0.000
[GATE-CONTACT] step=23 F_W=(+0.0000,+0.0000,+0.0000) F_on_box=(-0.0000,-0.0000,-0.0000) n_face_out=(-0.0000,-0.0000,-0.0000) A_is_ee=0 box_q=(+1.00000,-0.00001,+0.00001,+0.00000) box_p=(+0.00000,+0.00000,+0.04999) ee_p=(-0.01493,-0.05113,+0.19928)
[EErel] along_push=+0.016m (neg=correct)  perp=0.054m  ee_to_box=0.057m  stage=3  obj=[0. 0.]  g_hat=[-1. -0.]
[proxy] err=0.238m  effective=[0.135 0.054 0.05 ]
[ADMM-C3+] primal: 6.1274->4.9359  dual: 109.8105->80.3187  mono=False  iters=25/25  rho=25.0
[ADMM-C3+] WARNING non-converged: pr=4.9359 dr=80.3187 tol=1e-03
[C3+] step=69 |u[0]|=41.42Nm u_axis=(+7.70,-21.85,-14.55,+30.00,+7.36,-3.51,-0.63)Nm λ_n_max=1.058 η_n_max=1.279 primal=4.936 iters=25/25 lcp_res_max=nan
[ADMIT-GUARD] step=24 admit_active=0 latch=0/0 ee_z=0.199 gate_cap=0
[ALT-GATE] step=24 target_stable=0/0 allow_descent=1
[GS-tgt] step=24 ee=(-0.016,-0.054,+0.199) p_repos=(-0.023,-0.080,+0.030) ee_to_target=0.171m target_label=prev_repos target_changed=N delta=0.000m
[GS] step=24 mode=free switch=kStayInRepos best_k=0 best_src=prev_repos curr_cost=136436.06 repos_cost=191677.80 best_other=191677.80 met_progress=Y steps_since_improve=22 switches=0
[STEP] step=24 mode=free t=0.240s ee=(-0.016,-0.054,+0.199) obj=(+0.000,+0.000,+0.050) goal_dist=0.300m switch=kStayInRepos target=(-0.023,-0.080,+0.184) ee_stride=0.030m ee_to_ptarget=0.171m landing_err=0.1541m ik_ok=Y ik_resid=0.0004m q_max_resid_deg=3.51 target_changed=Y retgt=N held_idx=1 held_cost=191677.80 won_cost=191677.80 margin=+0.00 won_src=prev_repos held_valid=Y reason=hold setpoint_to_ptarget=nanm finished_val=0.1709m finished_thresh=0.0200m pd_resid=nanm nextwp_to_ptarget=nanm guide_terminal_err=nanm
[GATE-EVOLVE] step=24 curr=136436.06 best_other=191677.80 ratio=0.7118 ee_to_optimal=0.1060m phi=0.0739m
[STAGE-A-TRACE] step=24 sim_t=0.240 mode=free phi=0.07391 box_xy=+0.00000,+0.00000 lam_n_ee_box=nan qy=+0.00001 qz=+0.00000 finished_repos=0
[DRAKE-CONTACT] step=24 n_pairs=1 ee_box_normal=0.000
[GATE-CONTACT] step=24 F_W=(+0.0000,+0.0000,+0.0000) F_on_box=(-0.0000,-0.0000,-0.0000) n_face_out=(-0.0000,-0.0000,-0.0000) A_is_ee=0 box_q=(+1.00000,-0.00001,+0.00001,+0.00000) box_p=(+0.00000,+0.00000,+0.04999) ee_p=(-0.01586,-0.05449,+0.19880)
[EErel] along_push=+0.017m (neg=correct)  perp=0.058m  ee_to_box=0.060m  stage=3  obj=[0. 0.]  g_hat=[-1. -0.]
[proxy] err=0.245m  effective=[0.14  0.058 0.05 ]
[ADMM-C3+] primal: 6.1274->4.9359  dual: 109.8105->80.3187  mono=False  iters=25/25  rho=25.0
[ADMM-C3+] WARNING non-converged: pr=4.9359 dr=80.3187 tol=1e-03
[C3+] step=72 |u[0]|=41.75Nm u_axis=(+7.27,-22.77,-14.43,+30.00,+7.42,-2.89,-0.61)Nm λ_n_max=1.058 η_n_max=1.279 primal=4.936 iters=25/25 lcp_res_max=nan
[ADMIT-GUARD] step=25 admit_active=0 latch=0/0 ee_z=0.198 gate_cap=0
[ALT-GATE] step=25 target_stable=0/0 allow_descent=1
[GS-tgt] step=25 ee=(-0.017,-0.058,+0.198) p_repos=(-0.023,-0.080,+0.030) ee_to_target=0.170m target_label=prev_repos target_changed=N delta=0.000m
[GS] step=25 mode=free switch=kStayInRepos best_k=0 best_src=prev_repos curr_cost=136596.29 repos_cost=192080.26 best_other=192080.26 met_progress=Y steps_since_improve=23 switches=0
[STEP] step=25 mode=free t=0.250s ee=(-0.017,-0.058,+0.198) obj=(+0.000,+0.000,+0.050) goal_dist=0.300m switch=kStayInRepos target=(-0.023,-0.080,+0.180) ee_stride=0.029m ee_to_ptarget=0.170m landing_err=0.1501m ik_ok=Y ik_resid=0.0004m q_max_resid_deg=2.86 target_changed=Y retgt=N held_idx=1 held_cost=192080.26 won_cost=192080.26 margin=+0.00 won_src=prev_repos held_valid=Y reason=hold setpoint_to_ptarget=nanm finished_val=0.1697m finished_thresh=0.0200m pd_resid=nanm nextwp_to_ptarget=nanm guide_terminal_err=nanm
[GATE-EVOLVE] step=25 curr=136596.29 best_other=192080.26 ratio=0.7111 ee_to_optimal=0.1083m phi=0.0734m
[STAGE-A-TRACE] step=25 sim_t=0.250 mode=free phi=0.07337 box_xy=+0.00000,+0.00000 lam_n_ee_box=nan qy=+0.00001 qz=+0.00000 finished_repos=0
[DRAKE-CONTACT] step=25 n_pairs=1 ee_box_normal=0.000
[GATE-CONTACT] step=25 F_W=(+0.0000,+0.0000,+0.0000) F_on_box=(-0.0000,-0.0000,-0.0000) n_face_out=(-0.0000,-0.0000,-0.0000) A_is_ee=0 box_q=(+1.00000,-0.00001,+0.00001,+0.00000) box_p=(+0.00000,+0.00000,+0.04999) ee_p=(-0.01672,-0.05766,+0.19806)
[EErel] along_push=+0.017m (neg=correct)  perp=0.061m  ee_to_box=0.063m  stage=3  obj=[0. 0.]  g_hat=[-1. -0.]
[proxy] err=0.250m  effective=[0.145 0.061 0.05 ]
[ADMM-C3+] primal: 6.1274->4.9359  dual: 109.8105->80.3187  mono=False  iters=25/25  rho=25.0
[ADMM-C3+] WARNING non-converged: pr=4.9359 dr=80.3187 tol=1e-03
[C3+] step=75 |u[0]|=42.14Nm u_axis=(+6.83,-23.82,-14.15,+30.00,+7.45,-2.30,-0.59)Nm λ_n_max=1.058 η_n_max=1.279 primal=4.936 iters=25/25 lcp_res_max=nan
[ADMIT-GUARD] step=26 admit_active=0 latch=0/0 ee_z=0.197 gate_cap=0
[ALT-GATE] step=26 target_stable=0/0 allow_descent=1
[GS-tgt] step=26 ee=(-0.017,-0.061,+0.197) p_repos=(-0.023,-0.080,+0.030) ee_to_target=0.168m target_label=prev_repos target_changed=N delta=0.000m
[GS] step=26 mode=free switch=kStayInRepos best_k=0 best_src=prev_repos curr_cost=136732.73 repos_cost=192733.17 best_other=192733.17 met_progress=Y steps_since_improve=24 switches=0
[STEP] step=26 mode=free t=0.260s ee=(-0.017,-0.061,+0.197) obj=(+0.000,+0.000,+0.050) goal_dist=0.300m switch=kStayInRepos target=(-0.023,-0.080,+0.176) ee_stride=0.029m ee_to_ptarget=0.168m landing_err=0.1461m ik_ok=Y ik_resid=0.0008m q_max_resid_deg=2.25 target_changed=Y retgt=N held_idx=1 held_cost=192733.17 won_cost=192733.17 margin=+0.00 won_src=prev_repos held_valid=Y reason=hold setpoint_to_ptarget=nanm finished_val=0.1683m finished_thresh=0.0200m pd_resid=nanm nextwp_to_ptarget=nanm guide_terminal_err=nanm
[GATE-EVOLVE] step=26 curr=136732.73 best_other=192733.17 ratio=0.7094 ee_to_optimal=0.1106m phi=0.0726m
[STAGE-A-TRACE] step=26 sim_t=0.260 mode=free phi=0.07262 box_xy=+0.00000,+0.00000 lam_n_ee_box=nan qy=+0.00001 qz=+0.00000 finished_repos=0
[DRAKE-CONTACT] step=26 n_pairs=1 ee_box_normal=0.000
[GATE-CONTACT] step=26 F_W=(+0.0000,+0.0000,+0.0000) F_on_box=(-0.0000,-0.0000,-0.0000) n_face_out=(-0.0000,-0.0000,-0.0000) A_is_ee=0 box_q=(+1.00000,-0.00001,+0.00001,+0.00000) box_p=(+0.00000,+0.00000,+0.04999) ee_p=(-0.01750,-0.06059,+0.19704)
[EErel] along_push=+0.018m (neg=correct)  perp=0.063m  ee_to_box=0.066m  stage=3  obj=[0. 0.]  g_hat=[-1. -0.]
[proxy] err=0.255m  effective=[0.149 0.063 0.05 ]
[ADMM-C3+] primal: 6.1274->4.9359  dual: 109.8105->80.3187  mono=False  iters=25/25  rho=25.0
[ADMM-C3+] WARNING non-converged: pr=4.9359 dr=80.3187 tol=1e-03
[C3+] step=78 |u[0]|=42.46Nm u_axis=(+6.39,-24.96,-13.77,+29.83,+7.45,-1.76,-0.58)Nm λ_n_max=1.058 η_n_max=1.279 primal=4.936 iters=25/25 lcp_res_max=nan
[ADMIT-GUARD] step=27 admit_active=0 latch=0/0 ee_z=0.196 gate_cap=0
[ALT-GATE] step=27 target_stable=0/0 allow_descent=1
[GS-tgt] step=27 ee=(-0.018,-0.063,+0.196) p_repos=(-0.023,-0.080,+0.030) ee_to_target=0.167m target_label=prev_repos target_changed=N delta=0.000m
[GS] step=27 mode=free switch=kStayInRepos best_k=0 best_src=prev_repos curr_cost=136847.65 repos_cost=193665.77 best_other=193665.77 met_progress=Y steps_since_improve=25 switches=0
[STEP] step=27 mode=free t=0.270s ee=(-0.018,-0.063,+0.196) obj=(+0.000,+0.000,+0.050) goal_dist=0.300m switch=kStayInRepos target=(-0.023,-0.080,+0.172) ee_stride=0.029m ee_to_ptarget=0.167m landing_err=0.1421m ik_ok=Y ik_resid=0.0001m q_max_resid_deg=1.99 target_changed=Y retgt=N held_idx=1 held_cost=193665.77 won_cost=193665.77 margin=+0.00 won_src=prev_repos held_valid=Y reason=hold setpoint_to_ptarget=nanm finished_val=0.1666m finished_thresh=0.0200m pd_resid=nanm nextwp_to_ptarget=nanm guide_terminal_err=nanm
[GATE-EVOLVE] step=27 curr=136847.65 best_other=193665.77 ratio=0.7066 ee_to_optimal=0.1126m phi=0.0717m
[STAGE-A-TRACE] step=27 sim_t=0.270 mode=free phi=0.07165 box_xy=+0.00000,+0.00000 lam_n_ee_box=nan qy=+0.00001 qz=+0.00000 finished_repos=0
[DRAKE-CONTACT] step=27 n_pairs=1 ee_box_normal=0.000
[GATE-CONTACT] step=27 F_W=(+0.0000,+0.0000,+0.0000) F_on_box=(-0.0000,-0.0000,-0.0000) n_face_out=(-0.0000,-0.0000,-0.0000) A_is_ee=0 box_q=(+1.00000,-0.00001,+0.00001,+0.00000) box_p=(+0.00000,+0.00000,+0.04999) ee_p=(-0.01818,-0.06327,+0.19573)
[EErel] along_push=+0.019m (neg=correct)  perp=0.066m  ee_to_box=0.068m  stage=3  obj=[0. 0.]  g_hat=[-1. -0.]
[proxy] err=0.260m  effective=[0.152 0.066 0.05 ]
[ADMM-C3+] primal: 6.1274->4.9359  dual: 109.8105->80.3187  mono=False  iters=25/25  rho=25.0
[ADMM-C3+] WARNING non-converged: pr=4.9359 dr=80.3187 tol=1e-03
[C3+] step=81 |u[0]|=42.68Nm u_axis=(+5.99,-26.14,-13.32,+29.46,+7.42,-1.24,-0.57)Nm λ_n_max=1.058 η_n_max=1.279 primal=4.936 iters=25/25 lcp_res_max=nan
[ADMIT-GUARD] step=28 admit_active=0 latch=0/0 ee_z=0.194 gate_cap=0
[ALT-GATE] step=28 target_stable=0/0 allow_descent=1
[GS-tgt] step=28 ee=(-0.019,-0.066,+0.194) p_repos=(-0.023,-0.080,+0.030) ee_to_target=0.165m target_label=prev_repos target_changed=N delta=0.000m
[GS] step=28 mode=free switch=kStayInRepos best_k=0 best_src=prev_repos curr_cost=136940.92 repos_cost=194767.33 best_other=194767.33 met_progress=Y steps_since_improve=26 switches=0
[STEP] step=28 mode=free t=0.280s ee=(-0.019,-0.066,+0.194) obj=(+0.000,+0.000,+0.050) goal_dist=0.300m switch=kStayInRepos target=(-0.023,-0.080,+0.168) ee_stride=0.030m ee_to_ptarget=0.165m landing_err=0.1381m ik_ok=Y ik_resid=0.0001m q_max_resid_deg=2.88 target_changed=Y retgt=N held_idx=1 held_cost=194767.33 won_cost=194767.33 margin=+0.00 won_src=prev_repos held_valid=Y reason=hold setpoint_to_ptarget=nanm finished_val=0.1648m finished_thresh=0.0200m pd_resid=nanm nextwp_to_ptarget=nanm guide_terminal_err=nanm
[GATE-EVOLVE] step=28 curr=136940.92 best_other=194767.33 ratio=0.7031 ee_to_optimal=0.1145m phi=0.0704m
[STAGE-A-TRACE] step=28 sim_t=0.280 mode=free phi=0.07045 box_xy=+0.00000,+0.00000 lam_n_ee_box=nan qy=+0.00001 qz=+0.00000 finished_repos=0
[DRAKE-CONTACT] step=28 n_pairs=1 ee_box_normal=0.000
[GATE-CONTACT] step=28 F_W=(+0.0000,+0.0000,+0.0000) F_on_box=(-0.0000,-0.0000,-0.0000) n_face_out=(-0.0000,-0.0000,-0.0000) A_is_ee=0 box_q=(+1.00000,-0.00001,+0.00001,+0.00000) box_p=(+0.00000,+0.00000,+0.04999) ee_p=(-0.01879,-0.06569,+0.19414)
[EErel] along_push=+0.019m (neg=correct)  perp=0.068m  ee_to_box=0.071m  stage=3  obj=[0. 0.]  g_hat=[-1. -0.]
[proxy] err=0.263m  effective=[0.156 0.068 0.05 ]
[ADMM-C3+] primal: 6.1274->4.9359  dual: 109.8105->80.3187  mono=False  iters=25/25  rho=25.0
[ADMM-C3+] WARNING non-converged: pr=4.9359 dr=80.3187 tol=1e-03
[C3+] step=84 |u[0]|=42.62Nm u_axis=(+5.58,-26.80,-12.82,+29.11,+7.37,-0.76,-0.56)Nm λ_n_max=1.058 η_n_max=1.279 primal=4.936 iters=25/25 lcp_res_max=nan
[ADMIT-GUARD] step=29 admit_active=0 latch=0/0 ee_z=0.192 gate_cap=0
[ALT-GATE] step=29 target_stable=0/0 allow_descent=1
[GS-tgt] step=29 ee=(-0.019,-0.068,+0.192) p_repos=(-0.023,-0.080,+0.030) ee_to_target=0.163m target_label=prev_repos target_changed=N delta=0.000m
[GS] step=29 mode=free switch=kStayInRepos best_k=0 best_src=prev_repos curr_cost=137006.07 repos_cost=195962.31 best_other=195962.31 met_progress=Y steps_since_improve=27 switches=0
[STEP] step=29 mode=free t=0.290s ee=(-0.019,-0.068,+0.192) obj=(+0.000,+0.000,+0.050) goal_dist=0.300m switch=kStayInRepos target=(-0.023,-0.080,+0.164) ee_stride=0.031m ee_to_ptarget=0.163m landing_err=0.1341m ik_ok=Y ik_resid=0.0001m q_max_resid_deg=3.67 target_changed=Y retgt=N held_idx=1 held_cost=195962.31 won_cost=195962.31 margin=+0.00 won_src=prev_repos held_valid=Y reason=hold setpoint_to_ptarget=nanm finished_val=0.1628m finished_thresh=0.0200m pd_resid=nanm nextwp_to_ptarget=nanm guide_terminal_err=nanm
[GATE-EVOLVE] step=29 curr=137006.07 best_other=195962.31 ratio=0.6991 ee_to_optimal=0.1162m phi=0.0690m
[STAGE-A-TRACE] step=29 sim_t=0.290 mode=free phi=0.06900 box_xy=+0.00000,+0.00000 lam_n_ee_box=nan qy=+0.00001 qz=-0.00000 finished_repos=0
[DRAKE-CONTACT] step=29 n_pairs=1 ee_box_normal=0.000
[GATE-CONTACT] step=29 F_W=(+0.0000,+0.0000,+0.0000) F_on_box=(-0.0000,-0.0000,-0.0000) n_face_out=(-0.0000,-0.0000,-0.0000) A_is_ee=0 box_q=(+1.00000,-0.00001,+0.00001,-0.00000) box_p=(+0.00000,+0.00000,+0.04999) ee_p=(-0.01932,-0.06786,+0.19228)
[EErel] along_push=+0.020m (neg=correct)  perp=0.070m  ee_to_box=0.073m  stage=3  obj=[0. 0.]  g_hat=[-1. -0.]
[proxy] err=0.266m  effective=[0.159 0.07  0.05 ]
[ADMM-C3+] primal: 6.1274->4.9359  dual: 109.8105->80.3187  mono=False  iters=25/25  rho=25.0
[ADMM-C3+] WARNING non-converged: pr=4.9359 dr=80.3187 tol=1e-03
[C3+] step=87 |u[0]|=42.21Nm u_axis=(+5.17,-26.85,-12.28,+28.80,+7.33,-0.31,-0.55)Nm λ_n_max=1.058 η_n_max=1.279 primal=4.936 iters=25/25 lcp_res_max=nan
[ADMIT-GUARD] step=30 admit_active=0 latch=0/0 ee_z=0.190 gate_cap=0
[ALT-GATE] step=30 target_stable=0/0 allow_descent=1
[GS-tgt] step=30 ee=(-0.020,-0.070,+0.190) p_repos=(-0.023,-0.080,+0.030) ee_to_target=0.161m target_label=prev_repos target_changed=N delta=0.000m
[IMP] step=30 mode=free |x_err|=0.0319m |tau_imp|=22.79Nm |tau_ff|=0.00Nm |tau_out|=22.79Nm sat=False lam_n=False lam_t=False
[GS] step=30 mode=free switch=kStayInRepos best_k=0 best_src=prev_repos curr_cost=137043.97 repos_cost=197194.96 best_other=197194.96 met_progress=Y steps_since_improve=28 switches=0
[STEP] step=30 mode=free t=0.300s ee=(-0.020,-0.070,+0.190) obj=(+0.000,+0.000,+0.050) goal_dist=0.300m switch=kStayInRepos target=(-0.023,-0.080,+0.160) ee_stride=0.032m ee_to_ptarget=0.161m landing_err=0.1301m ik_ok=Y ik_resid=0.0001m q_max_resid_deg=4.35 target_changed=Y retgt=N held_idx=1 held_cost=197194.96 won_cost=197194.96 margin=+0.00 won_src=prev_repos held_valid=Y reason=hold setpoint_to_ptarget=nanm finished_val=0.1605m finished_thresh=0.0200m pd_resid=nanm nextwp_to_ptarget=nanm guide_terminal_err=nanm
[GATE-EVOLVE] step=30 curr=137043.97 best_other=197194.96 ratio=0.6950 ee_to_optimal=0.1177m phi=0.0673m
[STAGE-A-TRACE] step=30 sim_t=0.300 mode=free phi=0.06732 box_xy=+0.00000,+0.00000 lam_n_ee_box=nan qy=+0.00001 qz=-0.00000 finished_repos=0
[DRAKE-CONTACT] step=30 n_pairs=1 ee_box_normal=0.000
[GATE-CONTACT] step=30 F_W=(+0.0000,+0.0000,+0.0000) F_on_box=(-0.0000,-0.0000,-0.0000) n_face_out=(-0.0000,-0.0000,-0.0000) A_is_ee=0 box_q=(+1.00000,-0.00001,+0.00001,-0.00000) box_p=(+0.00000,+0.00000,+0.04999) ee_p=(-0.01979,-0.06978,+0.19017)
[PERSIST] step=31 refresh n_strategy=1 samples=[(0.0459, 0.08, 0.03)]
[EErel] along_push=+0.020m (neg=correct)  perp=0.071m  ee_to_box=0.074m  stage=3  obj=[0. 0.]  g_hat=[-1. -0.]
[proxy] err=0.269m  effective=[0.161 0.071 0.05 ]
[ADMM-C3+] primal: 6.1274->4.9359  dual: 109.8105->80.3187  mono=False  iters=25/25  rho=25.0
[ADMM-C3+] WARNING non-converged: pr=4.9359 dr=80.3187 tol=1e-03
[C3+] step=90 |u[0]|=41.85Nm u_axis=(+4.80,-26.92,-11.75,+28.52,+7.26,+0.11,-0.55)Nm λ_n_max=1.058 η_n_max=1.279 primal=4.936 iters=25/25 lcp_res_max=nan
[ADMIT-GUARD] step=31 admit_active=0 latch=0/0 ee_z=0.188 gate_cap=0
[ALT-GATE] step=31 target_stable=0/0 allow_descent=1
[GS-tgt] step=31 ee=(-0.020,-0.071,+0.188) p_repos=(-0.023,-0.080,+0.030) ee_to_target=0.158m target_label=prev_repos target_changed=N delta=0.000m
[GS] step=31 mode=free switch=kStayInRepos best_k=0 best_src=prev_repos curr_cost=137058.32 repos_cost=198463.00 best_other=198463.00 met_progress=Y steps_since_improve=29 switches=0
[STEP] step=31 mode=free t=0.310s ee=(-0.020,-0.071,+0.188) obj=(+0.000,+0.000,+0.050) goal_dist=0.300m switch=kStayInRepos target=(-0.023,-0.080,+0.156) ee_stride=0.033m ee_to_ptarget=0.158m landing_err=0.1261m ik_ok=Y ik_resid=0.0001m q_max_resid_deg=4.93 target_changed=Y retgt=N held_idx=1 held_cost=198463.00 won_cost=198463.00 margin=+0.00 won_src=prev_repos held_valid=Y reason=hold setpoint_to_ptarget=nanm finished_val=0.1581m finished_thresh=0.0200m pd_resid=nanm nextwp_to_ptarget=nanm guide_terminal_err=nanm
[GATE-EVOLVE] step=31 curr=137058.32 best_other=198463.00 ratio=0.6906 ee_to_optimal=0.1190m phi=0.0654m
[STAGE-A-TRACE] step=31 sim_t=0.310 mode=free phi=0.06542 box_xy=+0.00000,+0.00000 lam_n_ee_box=nan qy=+0.00001 qz=-0.00000 finished_repos=0
[DRAKE-CONTACT] step=31 n_pairs=1 ee_box_normal=0.000
[GATE-CONTACT] step=31 F_W=(+0.0000,+0.0000,+0.0000) F_on_box=(-0.0000,-0.0000,-0.0000) n_face_out=(-0.0000,-0.0000,-0.0000) A_is_ee=0 box_q=(+1.00000,-0.00001,+0.00001,-0.00000) box_p=(+0.00000,+0.00000,+0.04999) ee_p=(-0.02019,-0.07147,+0.18782)
[EErel] along_push=+0.021m (neg=correct)  perp=0.073m  ee_to_box=0.076m  stage=3  obj=[0. 0.]  g_hat=[-1. -0.]
[proxy] err=0.271m  effective=[0.164 0.073 0.05 ]
[ADMM-C3+] primal: 6.1274->4.9359  dual: 109.8105->80.3187  mono=False  iters=25/25  rho=25.0
[ADMM-C3+] WARNING non-converged: pr=4.9359 dr=80.3187 tol=1e-03
[C3+] step=93 |u[0]|=41.60Nm u_axis=(+4.38,-27.07,-11.23,+28.29,+7.20,+0.52,-0.55)Nm λ_n_max=1.058 η_n_max=1.279 primal=4.936 iters=25/25 lcp_res_max=nan
[ADMIT-GUARD] step=32 admit_active=0 latch=0/0 ee_z=0.185 gate_cap=0
[ALT-GATE] step=32 target_stable=0/0 allow_descent=1
[GS-tgt] step=32 ee=(-0.021,-0.073,+0.185) p_repos=(-0.023,-0.080,+0.030) ee_to_target=0.155m target_label=prev_repos target_changed=N delta=0.000m
[GS] step=32 mode=free switch=kStayInRepos best_k=0 best_src=prev_repos curr_cost=137048.39 repos_cost=199662.06 best_other=199662.06 met_progress=Y steps_since_improve=30 switches=0
[STEP] step=32 mode=free t=0.320s ee=(-0.021,-0.073,+0.185) obj=(+0.000,+0.000,+0.050) goal_dist=0.300m switch=kStayInRepos target=(-0.023,-0.080,+0.152) ee_stride=0.034m ee_to_ptarget=0.155m landing_err=0.1221m ik_ok=Y ik_resid=0.0001m q_max_resid_deg=5.42 target_changed=Y retgt=N held_idx=1 held_cost=199662.06 won_cost=199662.06 margin=+0.00 won_src=prev_repos held_valid=Y reason=hold setpoint_to_ptarget=nanm finished_val=0.1554m finished_thresh=0.0200m pd_resid=nanm nextwp_to_ptarget=nanm guide_terminal_err=nanm
[GATE-EVOLVE] step=32 curr=137048.39 best_other=199662.06 ratio=0.6864 ee_to_optimal=0.1202m phi=0.0633m
[STAGE-A-TRACE] step=32 sim_t=0.320 mode=free phi=0.06330 box_xy=+0.00000,+0.00000 lam_n_ee_box=nan qy=+0.00001 qz=-0.00000 finished_repos=0
[DRAKE-CONTACT] step=32 n_pairs=1 ee_box_normal=0.000
[GATE-CONTACT] step=32 F_W=(+0.0000,+0.0000,+0.0000) F_on_box=(-0.0000,-0.0000,-0.0000) n_face_out=(-0.0000,-0.0000,-0.0000) A_is_ee=0 box_q=(+1.00000,-0.00001,+0.00001,-0.00000) box_p=(+0.00000,+0.00000,+0.04999) ee_p=(-0.02054,-0.07293,+0.18526)
[EErel] along_push=+0.021m (neg=correct)  perp=0.074m  ee_to_box=0.077m  stage=3  obj=[0. 0.]  g_hat=[-1. -0.]
[proxy] err=0.273m  effective=[0.166 0.074 0.05 ]
[ADMM-C3+] primal: 6.1274->4.9359  dual: 109.8105->80.3187  mono=False  iters=25/25  rho=25.0
[ADMM-C3+] WARNING non-converged: pr=4.9359 dr=80.3187 tol=1e-03
[C3+] step=96 |u[0]|=41.40Nm u_axis=(+4.00,-27.24,-10.72,+28.09,+7.12,+0.91,-0.56)Nm λ_n_max=1.058 η_n_max=1.279 primal=4.936 iters=25/25 lcp_res_max=nan
[ADMIT-GUARD] step=33 admit_active=0 latch=0/0 ee_z=0.182 gate_cap=0
[ALT-GATE] step=33 target_stable=0/0 allow_descent=1
[GS-tgt] step=33 ee=(-0.021,-0.074,+0.182) p_repos=(-0.023,-0.080,+0.030) ee_to_target=0.153m target_label=prev_repos target_changed=N delta=0.000m
[GS] step=33 mode=free switch=kStayInRepos best_k=0 best_src=prev_repos curr_cost=137021.24 repos_cost=200779.83 best_other=200779.83 met_progress=Y steps_since_improve=31 switches=0
[STEP] step=33 mode=free t=0.330s ee=(-0.021,-0.074,+0.182) obj=(+0.000,+0.000,+0.050) goal_dist=0.300m switch=kStayInRepos target=(-0.023,-0.080,+0.148) ee_stride=0.035m ee_to_ptarget=0.153m landing_err=0.1181m ik_ok=Y ik_resid=0.0001m q_max_resid_deg=5.83 target_changed=Y retgt=N held_idx=1 held_cost=200779.83 won_cost=200779.83 margin=+0.00 won_src=prev_repos held_valid=Y reason=hold setpoint_to_ptarget=nanm finished_val=0.1526m finished_thresh=0.0200m pd_resid=nanm nextwp_to_ptarget=nanm guide_terminal_err=nanm
[GATE-EVOLVE] step=33 curr=137021.24 best_other=200779.83 ratio=0.6824 ee_to_optimal=0.1212m phi=0.0610m
[STAGE-A-TRACE] step=33 sim_t=0.330 mode=free phi=0.06098 box_xy=+0.00000,+0.00000 lam_n_ee_box=nan qy=+0.00001 qz=-0.00000 finished_repos=0
[DRAKE-CONTACT] step=33 n_pairs=1 ee_box_normal=0.000
[GATE-CONTACT] step=33 F_W=(+0.0000,+0.0000,+0.0000) F_on_box=(-0.0000,-0.0000,-0.0000) n_face_out=(-0.0000,-0.0000,-0.0000) A_is_ee=0 box_q=(+1.00000,-0.00001,+0.00001,-0.00000) box_p=(+0.00000,+0.00000,+0.04999) ee_p=(-0.02084,-0.07420,+0.18250)
[EErel] along_push=+0.021m (neg=correct)  perp=0.075m  ee_to_box=0.078m  stage=3  obj=[0. 0.]  g_hat=[-1. -0.]
[proxy] err=0.274m  effective=[0.167 0.075 0.05 ]
[ADMM-C3+] primal: 6.1274->4.9359  dual: 109.8105->80.3187  mono=False  iters=25/25  rho=25.0
[ADMM-C3+] WARNING non-converged: pr=4.9359 dr=80.3187 tol=1e-03
[C3+] step=99 |u[0]|=41.27Nm u_axis=(+3.62,-27.45,-10.24,+27.93,+7.03,+1.30,-0.56)Nm λ_n_max=1.058 η_n_max=1.279 primal=4.936 iters=25/25 lcp_res_max=nan
[ADMIT-GUARD] step=34 admit_active=0 latch=0/0 ee_z=0.180 gate_cap=0
[ALT-GATE] step=34 target_stable=0/0 allow_descent=1
[GS-tgt] step=34 ee=(-0.021,-0.075,+0.180) p_repos=(-0.023,-0.080,+0.030) ee_to_target=0.150m target_label=prev_repos target_changed=N delta=0.000m
[GS] step=34 mode=free switch=kStayInRepos best_k=0 best_src=prev_repos curr_cost=136978.98 repos_cost=201801.92 best_other=201801.92 met_progress=Y steps_since_improve=32 switches=0
[STEP] step=34 mode=free t=0.340s ee=(-0.021,-0.075,+0.180) obj=(+0.000,+0.000,+0.050) goal_dist=0.300m switch=kStayInRepos target=(-0.023,-0.080,+0.144) ee_stride=0.036m ee_to_ptarget=0.150m landing_err=0.1141m ik_ok=Y ik_resid=0.0001m q_max_resid_deg=6.16 target_changed=Y retgt=N held_idx=1 held_cost=201801.92 won_cost=201801.92 margin=+0.00 won_src=prev_repos held_valid=Y reason=hold setpoint_to_ptarget=nanm finished_val=0.1496m finished_thresh=0.0200m pd_resid=nanm nextwp_to_ptarget=nanm guide_terminal_err=nanm
[GATE-EVOLVE] step=34 curr=136978.98 best_other=201801.92 ratio=0.6788 ee_to_optimal=0.1221m phi=0.0585m
[STAGE-A-TRACE] step=34 sim_t=0.340 mode=free phi=0.05849 box_xy=+0.00000,+0.00000 lam_n_ee_box=nan qy=+0.00001 qz=-0.00000 finished_repos=0
[DRAKE-CONTACT] step=34 n_pairs=1 ee_box_normal=0.000
[GATE-CONTACT] step=34 F_W=(+0.0000,+0.0000,+0.0000) F_on_box=(-0.0000,-0.0000,-0.0000) n_face_out=(-0.0000,-0.0000,-0.0000) A_is_ee=0 box_q=(+1.00000,-0.00001,+0.00001,-0.00000) box_p=(+0.00000,+0.00000,+0.04999) ee_p=(-0.02110,-0.07529,+0.17956)
[EErel] along_push=+0.021m (neg=correct)  perp=0.076m  ee_to_box=0.079m  stage=3  obj=[0. 0.]  g_hat=[-1. -0.]
[proxy] err=0.274m  effective=[0.169 0.076 0.05 ]
[ADMM-C3+] primal: 6.1274->4.9359  dual: 109.8105->80.3187  mono=False  iters=25/25  rho=25.0
[ADMM-C3+] WARNING non-converged: pr=4.9359 dr=80.3187 tol=1e-03
[C3+] step=102 |u[0]|=41.21Nm u_axis=(+3.21,-27.69,-9.80,+27.82,+6.95,+1.69,-0.57)Nm λ_n_max=1.058 η_n_max=1.279 primal=4.936 iters=25/25 lcp_res_max=nan
[ADMIT-GUARD] step=35 admit_active=0 latch=0/0 ee_z=0.176 gate_cap=0
[ALT-GATE] step=35 target_stable=0/0 allow_descent=1
[GS-tgt] step=35 ee=(-0.021,-0.076,+0.176) p_repos=(-0.023,-0.080,+0.030) ee_to_target=0.147m target_label=prev_repos target_changed=N delta=0.000m
[GS] step=35 mode=free switch=kStayInRepos best_k=0 best_src=prev_repos curr_cost=136922.61 repos_cost=202720.68 best_other=202720.68 met_progress=Y steps_since_improve=33 switches=0
[STEP] step=35 mode=free t=0.350s ee=(-0.021,-0.076,+0.176) obj=(+0.000,+0.000,+0.050) goal_dist=0.300m switch=kStayInRepos target=(-0.023,-0.080,+0.140) ee_stride=0.037m ee_to_ptarget=0.147m landing_err=0.1101m ik_ok=Y ik_resid=0.0001m q_max_resid_deg=6.43 target_changed=Y retgt=N held_idx=1 held_cost=202720.68 won_cost=202720.68 margin=+0.00 won_src=prev_repos held_valid=Y reason=hold setpoint_to_ptarget=nanm finished_val=0.1465m finished_thresh=0.0200m pd_resid=nanm nextwp_to_ptarget=nanm guide_terminal_err=nanm
[GATE-EVOLVE] step=35 curr=136922.61 best_other=202720.68 ratio=0.6754 ee_to_optimal=0.1228m phi=0.0558m
[STAGE-A-TRACE] step=35 sim_t=0.350 mode=free phi=0.05584 box_xy=+0.00000,+0.00000 lam_n_ee_box=nan qy=+0.00001 qz=-0.00000 finished_repos=0
[DRAKE-CONTACT] step=35 n_pairs=1 ee_box_normal=0.000
[GATE-CONTACT] step=35 F_W=(+0.0000,+0.0000,+0.0000) F_on_box=(-0.0000,-0.0000,-0.0000) n_face_out=(-0.0000,-0.0000,-0.0000) A_is_ee=0 box_q=(+1.00000,-0.00001,+0.00001,-0.00000) box_p=(+0.00000,+0.00000,+0.04999) ee_p=(-0.02132,-0.07622,+0.17646)
[EErel] along_push=+0.022m (neg=correct)  perp=0.077m  ee_to_box=0.080m  stage=3  obj=[0. 0.]  g_hat=[-1. -0.]
[proxy] err=0.275m  effective=[0.17  0.077 0.05 ]
[ADMM-C3+] primal: 6.1274->4.9359  dual: 109.8105->80.3187  mono=False  iters=25/25  rho=25.0
[ADMM-C3+] WARNING non-converged: pr=4.9359 dr=80.3187 tol=1e-03
[C3+] step=105 |u[0]|=41.18Nm u_axis=(+2.85,-27.92,-9.38,+27.72,+6.84,+2.08,-0.58)Nm λ_n_max=1.058 η_n_max=1.279 primal=4.936 iters=25/25 lcp_res_max=nan
[ADMIT-GUARD] step=36 admit_active=0 latch=0/0 ee_z=0.173 gate_cap=0
[ALT-GATE] step=36 target_stable=0/0 allow_descent=1
[GS-tgt] step=36 ee=(-0.022,-0.077,+0.173) p_repos=(-0.023,-0.080,+0.030) ee_to_target=0.143m target_label=prev_repos target_changed=N delta=0.000m
[GS] step=36 mode=free switch=kStayInRepos best_k=0 best_src=prev_repos curr_cost=136859.55 repos_cost=203533.55 best_other=203533.55 met_progress=Y steps_since_improve=34 switches=0
[STEP] step=36 mode=free t=0.360s ee=(-0.022,-0.077,+0.173) obj=(+0.000,+0.000,+0.050) goal_dist=0.300m switch=kStayInRepos target=(-0.023,-0.080,+0.136) ee_stride=0.037m ee_to_ptarget=0.143m landing_err=0.1061m ik_ok=Y ik_resid=0.0001m q_max_resid_deg=6.64 target_changed=Y retgt=N held_idx=1 held_cost=203533.55 won_cost=203533.55 margin=+0.00 won_src=prev_repos held_valid=Y reason=hold setpoint_to_ptarget=nanm finished_val=0.1433m finished_thresh=0.0200m pd_resid=nanm nextwp_to_ptarget=nanm guide_terminal_err=nanm
[GATE-EVOLVE] step=36 curr=136859.55 best_other=203533.55 ratio=0.6724 ee_to_optimal=0.1235m phi=0.0531m
[STAGE-A-TRACE] step=36 sim_t=0.360 mode=free phi=0.05305 box_xy=+0.00000,+0.00000 lam_n_ee_box=nan qy=+0.00001 qz=-0.00000 finished_repos=0
[DRAKE-CONTACT] step=36 n_pairs=1 ee_box_normal=0.000
[GATE-CONTACT] step=36 F_W=(+0.0000,+0.0000,+0.0000) F_on_box=(-0.0000,-0.0000,-0.0000) n_face_out=(-0.0000,-0.0000,-0.0000) A_is_ee=0 box_q=(+1.00000,-0.00001,+0.00001,-0.00000) box_p=(+0.00000,+0.00000,+0.04999) ee_p=(-0.02151,-0.07700,+0.17323)
[EErel] along_push=+0.022m (neg=correct)  perp=0.078m  ee_to_box=0.081m  stage=3  obj=[0. 0.]  g_hat=[-1. -0.]
[proxy] err=0.275m  effective=[0.171 0.078 0.05 ]
[ADMM-C3+] primal: 6.1274->4.9359  dual: 109.8105->80.3187  mono=False  iters=25/25  rho=25.0
[ADMM-C3+] WARNING non-converged: pr=4.9359 dr=80.3187 tol=1e-03
[C3+] step=108 |u[0]|=41.21Nm u_axis=(+2.48,-28.17,-8.99,+27.67,+6.73,+2.48,-0.59)Nm λ_n_max=1.058 η_n_max=1.279 primal=4.936 iters=25/25 lcp_res_max=nan
[ADMIT-GUARD] step=37 admit_active=0 latch=0/0 ee_z=0.170 gate_cap=0
[ALT-GATE] step=37 target_stable=0/0 allow_descent=1
[GS-tgt] step=37 ee=(-0.022,-0.078,+0.170) p_repos=(-0.023,-0.080,+0.030) ee_to_target=0.140m target_label=prev_repos target_changed=N delta=0.000m
[GS] step=37 mode=free switch=kStayInRepos best_k=0 best_src=prev_repos curr_cost=136788.26 repos_cost=204241.84 best_other=204241.84 met_progress=Y steps_since_improve=35 switches=0
[STEP] step=37 mode=free t=0.370s ee=(-0.022,-0.078,+0.170) obj=(+0.000,+0.000,+0.050) goal_dist=0.300m switch=kStayInRepos target=(-0.023,-0.080,+0.132) ee_stride=0.038m ee_to_ptarget=0.140m landing_err=0.1021m ik_ok=Y ik_resid=0.0001m q_max_resid_deg=6.80 target_changed=Y retgt=N held_idx=1 held_cost=204241.84 won_cost=204241.84 margin=+0.00 won_src=prev_repos held_valid=Y reason=hold setpoint_to_ptarget=nanm finished_val=0.1399m finished_thresh=0.0200m pd_resid=nanm nextwp_to_ptarget=nanm guide_terminal_err=nanm
[GATE-EVOLVE] step=37 curr=136788.26 best_other=204241.84 ratio=0.6697 ee_to_optimal=0.1240m phi=0.0501m
[STAGE-A-TRACE] step=37 sim_t=0.370 mode=free phi=0.05015 box_xy=+0.00000,+0.00000 lam_n_ee_box=nan qy=+0.00001 qz=-0.00000 finished_repos=0
[DRAKE-CONTACT] step=37 n_pairs=1 ee_box_normal=0.000
[GATE-CONTACT] step=37 F_W=(+0.0000,+0.0000,+0.0000) F_on_box=(-0.0000,-0.0000,-0.0000) n_face_out=(-0.0000,-0.0000,-0.0000) A_is_ee=0 box_q=(+1.00000,-0.00001,+0.00001,-0.00000) box_p=(+0.00000,+0.00000,+0.04999) ee_p=(-0.02168,-0.07766,+0.16987)
[EErel] along_push=+0.022m (neg=correct)  perp=0.078m  ee_to_box=0.081m  stage=3  obj=[0. 0.]  g_hat=[-1. -0.]
[proxy] err=0.275m  effective=[0.172 0.078 0.05 ]
[ADMM-C3+] primal: 6.1274->4.9359  dual: 109.8105->80.3187  mono=False  iters=25/25  rho=25.0
[ADMM-C3+] WARNING non-converged: pr=4.9359 dr=80.3187 tol=1e-03
[C3+] step=111 |u[0]|=41.24Nm u_axis=(+2.10,-28.42,-8.59,+27.61,+6.61,+2.88,-0.59)Nm λ_n_max=1.058 η_n_max=1.279 primal=4.936 iters=25/25 lcp_res_max=nan
[ADMIT-GUARD] step=38 admit_active=0 latch=0/0 ee_z=0.166 gate_cap=0
[ALT-GATE] step=38 target_stable=0/0 allow_descent=1
[GS-tgt] step=38 ee=(-0.022,-0.078,+0.166) p_repos=(-0.023,-0.080,+0.030) ee_to_target=0.136m target_label=prev_repos target_changed=N delta=0.000m
[GS] step=38 mode=free switch=kStayInRepos best_k=0 best_src=prev_repos curr_cost=136716.09 repos_cost=204849.88 best_other=204849.88 met_progress=Y steps_since_improve=36 switches=0
[STEP] step=38 mode=free t=0.380s ee=(-0.022,-0.078,+0.166) obj=(+0.000,+0.000,+0.050) goal_dist=0.300m switch=kStayInRepos target=(-0.023,-0.080,+0.128) ee_stride=0.038m ee_to_ptarget=0.136m landing_err=0.0981m ik_ok=Y ik_resid=0.0001m q_max_resid_deg=6.92 target_changed=Y retgt=N held_idx=1 held_cost=204849.88 won_cost=204849.88 margin=+0.00 won_src=prev_repos held_valid=Y reason=hold setpoint_to_ptarget=nanm finished_val=0.1364m finished_thresh=0.0200m pd_resid=nanm nextwp_to_ptarget=nanm guide_terminal_err=nanm
[GATE-EVOLVE] step=38 curr=136716.09 best_other=204849.88 ratio=0.6674 ee_to_optimal=0.1245m phi=0.0472m
[STAGE-A-TRACE] step=38 sim_t=0.380 mode=free phi=0.04715 box_xy=+0.00000,+0.00000 lam_n_ee_box=nan qy=+0.00001 qz=-0.00000 finished_repos=0
[DRAKE-CONTACT] step=38 n_pairs=1 ee_box_normal=0.000
[GATE-CONTACT] step=38 F_W=(+0.0000,+0.0000,+0.0000) F_on_box=(-0.0000,-0.0000,-0.0000) n_face_out=(-0.0000,-0.0000,-0.0000) A_is_ee=0 box_q=(+1.00000,-0.00001,+0.00001,-0.00000) box_p=(+0.00000,+0.00000,+0.04999) ee_p=(-0.02183,-0.07821,+0.16640)
[EErel] along_push=+0.022m (neg=correct)  perp=0.079m  ee_to_box=0.082m  stage=3  obj=[0. 0.]  g_hat=[-1. -0.]
[proxy] err=0.274m  effective=[0.172 0.079 0.05 ]
[ADMM-C3+] primal: 6.1274->4.9359  dual: 109.8105->80.3187  mono=False  iters=25/25  rho=25.0
[ADMM-C3+] WARNING non-converged: pr=4.9359 dr=80.3187 tol=1e-03
[C3+] step=114 |u[0]|=41.33Nm u_axis=(+1.76,-28.67,-8.24,+27.60,+6.47,+3.29,-0.60)Nm λ_n_max=1.058 η_n_max=1.279 primal=4.936 iters=25/25 lcp_res_max=nan
[ADMIT-GUARD] step=39 admit_active=0 latch=0/0 ee_z=0.163 gate_cap=0
[ALT-GATE] step=39 target_stable=0/0 allow_descent=1
[GS-tgt] step=39 ee=(-0.022,-0.079,+0.163) p_repos=(-0.023,-0.080,+0.030) ee_to_target=0.133m target_label=prev_repos target_changed=N delta=0.000m
[GS] step=39 mode=free switch=kStayInRepos best_k=0 best_src=prev_repos curr_cost=136638.70 repos_cost=205364.21 best_other=205364.21 met_progress=Y steps_since_improve=37 switches=0
[STEP] step=39 mode=free t=0.390s ee=(-0.022,-0.079,+0.163) obj=(+0.000,+0.000,+0.050) goal_dist=0.300m switch=kStayInRepos target=(-0.023,-0.080,+0.124) ee_stride=0.039m ee_to_ptarget=0.133m landing_err=0.0941m ik_ok=Y ik_resid=0.0001m q_max_resid_deg=7.01 target_changed=Y retgt=N held_idx=1 held_cost=205364.21 won_cost=205364.21 margin=+0.00 won_src=prev_repos held_valid=Y reason=hold setpoint_to_ptarget=nanm finished_val=0.1329m finished_thresh=0.0200m pd_resid=nanm nextwp_to_ptarget=nanm guide_terminal_err=nanm
[GATE-EVOLVE] step=39 curr=136638.70 best_other=205364.21 ratio=0.6653 ee_to_optimal=0.1249m phi=0.0441m
[STAGE-A-TRACE] step=39 sim_t=0.390 mode=free phi=0.04408 box_xy=+0.00000,+0.00000 lam_n_ee_box=nan qy=+0.00001 qz=-0.00000 finished_repos=0
[DRAKE-CONTACT] step=39 n_pairs=1 ee_box_normal=0.000
[GATE-CONTACT] step=39 F_W=(+0.0000,+0.0000,+0.0000) F_on_box=(-0.0000,-0.0000,-0.0000) n_face_out=(-0.0000,-0.0000,-0.0000) A_is_ee=0 box_q=(+1.00000,-0.00001,+0.00001,-0.00000) box_p=(+0.00000,+0.00000,+0.04999) ee_p=(-0.02196,-0.07866,+0.16284)
[EErel] along_push=+0.022m (neg=correct)  perp=0.079m  ee_to_box=0.082m  stage=3  obj=[0. 0.]  g_hat=[-1. -0.]
[proxy] err=0.274m  effective=[0.173 0.079 0.05 ]
[ADMM-C3+] primal: 6.1274->4.9359  dual: 109.8105->80.3187  mono=False  iters=25/25  rho=25.0
[ADMM-C3+] WARNING non-converged: pr=4.9359 dr=80.3187 tol=1e-03
[C3+] step=117 |u[0]|=41.41Nm u_axis=(+1.43,-28.90,-7.89,+27.59,+6.33,+3.70,-0.61)Nm λ_n_max=1.058 η_n_max=1.279 primal=4.936 iters=25/25 lcp_res_max=nan
[ADMIT-GUARD] step=40 admit_active=0 latch=0/0 ee_z=0.159 gate_cap=0
[ALT-GATE] step=40 target_stable=0/0 allow_descent=1
[GS-tgt] step=40 ee=(-0.022,-0.079,+0.159) p_repos=(-0.023,-0.080,+0.030) ee_to_target=0.129m target_label=prev_repos target_changed=N delta=0.000m
[IMP] step=40 mode=free |x_err|=0.0392m |tau_imp|=4.38Nm |tau_ff|=0.00Nm |tau_out|=4.38Nm sat=False lam_n=False lam_t=False
[GS] step=40 mode=free switch=kStayInRepos best_k=0 best_src=prev_repos curr_cost=136561.89 repos_cost=205792.92 best_other=205792.92 met_progress=Y steps_since_improve=38 switches=0
[STEP] step=40 mode=free t=0.400s ee=(-0.022,-0.079,+0.159) obj=(+0.000,+0.000,+0.050) goal_dist=0.300m switch=kStayInRepos target=(-0.023,-0.080,+0.120) ee_stride=0.039m ee_to_ptarget=0.129m landing_err=0.0901m ik_ok=Y ik_resid=0.0001m q_max_resid_deg=7.06 target_changed=Y retgt=N held_idx=1 held_cost=205792.92 won_cost=205792.92 margin=+0.00 won_src=prev_repos held_valid=Y reason=hold setpoint_to_ptarget=nanm finished_val=0.1292m finished_thresh=0.0200m pd_resid=nanm nextwp_to_ptarget=nanm guide_terminal_err=nanm
[GATE-EVOLVE] step=40 curr=136561.89 best_other=205792.92 ratio=0.6636 ee_to_optimal=0.1252m phi=0.0409m
[STAGE-A-TRACE] step=40 sim_t=0.400 mode=free phi=0.04095 box_xy=+0.00000,+0.00000 lam_n_ee_box=nan qy=+0.00001 qz=-0.00000 finished_repos=0
[GS-table] step=40
  k=0 (current   ) pos=(-0.022,-0.079,+0.159) c_C3= 136561.89 align=0.0000(bonus=    0.00) rot=+0.0000(bonus=    0.00) travel=0.000m(pen=  0.00) c_sample= 136561.89 feas=Y ik_err=0.0000m  ← WIN
  k=1 (prev_repos) pos=(-0.023,-0.080,+0.030) c_C3= 205767.07 align=0.0000(bonus=    0.00) rot=+0.0000(bonus=    0.00) travel=0.129m(pen= 25.84) c_sample= 205792.92 feas=Y ik_err=0.0001m
  k=2 (strat_0   ) pos=(+0.046,+0.080,+0.030) c_C3= 262708.15 align=0.0000(bonus=    0.15) rot=+0.0000(bonus=    0.00) travel=0.216m(pen= 43.18) c_sample= 262751.18 feas=Y ik_err=0.0002m
[DRAKE-CONTACT] step=40 n_pairs=1 ee_box_normal=0.000
[GATE-CONTACT] step=40 F_W=(+0.0000,+0.0000,+0.0000) F_on_box=(-0.0000,-0.0000,-0.0000) n_face_out=(-0.0000,-0.0000,-0.0000) A_is_ee=0 box_q=(+1.00000,-0.00001,+0.00001,-0.00000) box_p=(+0.00000,+0.00000,+0.04999) ee_p=(-0.02207,-0.07902,+0.15921)
[EErel] along_push=+0.022m (neg=correct)  perp=0.079m  ee_to_box=0.082m  stage=3  obj=[0. 0.]  g_hat=[-1. -0.]
[proxy] err=0.273m  effective=[0.174 0.079 0.05 ]
[ADMM-C3+] primal: 6.1274->4.9359  dual: 109.8105->80.3187  mono=False  iters=25/25  rho=25.0
[ADMM-C3+] WARNING non-converged: pr=4.9359 dr=80.3187 tol=1e-03
[C3+] step=120 |u[0]|=41.52Nm u_axis=(+1.07,-29.14,-7.53,+27.59,+6.18,+4.09,-0.62)Nm λ_n_max=1.058 η_n_max=1.279 primal=4.936 iters=25/25 lcp_res_max=nan
[ADMIT-GUARD] step=41 admit_active=0 latch=0/0 ee_z=0.156 gate_cap=0
[ALT-GATE] step=41 target_stable=0/0 allow_descent=1
[GS-tgt] step=41 ee=(-0.022,-0.079,+0.156) p_repos=(-0.023,-0.080,+0.030) ee_to_target=0.126m target_label=prev_repos target_changed=N delta=0.000m
[GS] step=41 mode=free switch=kStayInRepos best_k=0 best_src=prev_repos curr_cost=136486.90 repos_cost=206164.14 best_other=206164.14 met_progress=Y steps_since_improve=39 switches=0
[STEP] step=41 mode=free t=0.410s ee=(-0.022,-0.079,+0.156) obj=(+0.000,+0.000,+0.050) goal_dist=0.300m switch=kStayInRepos target=(-0.023,-0.080,+0.116) ee_stride=0.039m ee_to_ptarget=0.126m landing_err=0.0861m ik_ok=Y ik_resid=0.0001m q_max_resid_deg=7.09 target_changed=Y retgt=N held_idx=1 held_cost=206164.14 won_cost=206164.14 margin=+0.00 won_src=prev_repos held_valid=Y reason=hold setpoint_to_ptarget=nanm finished_val=0.1255m finished_thresh=0.0200m pd_resid=nanm nextwp_to_ptarget=nanm guide_terminal_err=nanm
[GATE-EVOLVE] step=41 curr=136486.90 best_other=206164.14 ratio=0.6620 ee_to_optimal=0.1254m phi=0.0378m
[STAGE-A-TRACE] step=41 sim_t=0.410 mode=free phi=0.03779 box_xy=+0.00000,+0.00000 lam_n_ee_box=nan qy=+0.00001 qz=-0.00000 finished_repos=0
[DRAKE-CONTACT] step=41 n_pairs=1 ee_box_normal=0.000
[GATE-CONTACT] step=41 F_W=(+0.0000,+0.0000,+0.0000) F_on_box=(-0.0000,-0.0000,-0.0000) n_face_out=(-0.0000,-0.0000,-0.0000) A_is_ee=0 box_q=(+1.00000,-0.00001,+0.00001,-0.00000) box_p=(+0.00000,+0.00000,+0.04999) ee_p=(-0.02217,-0.07932,+0.15551)
[EErel] along_push=+0.022m (neg=correct)  perp=0.080m  ee_to_box=0.083m  stage=3  obj=[0. 0.]  g_hat=[-1. -0.]
[proxy] err=0.272m  effective=[0.174 0.08  0.05 ]
[ADMM-C3+] primal: 6.1274->4.9359  dual: 109.8105->80.3187  mono=False  iters=25/25  rho=25.0
[ADMM-C3+] WARNING non-converged: pr=4.9359 dr=80.3187 tol=1e-03
[C3+] step=123 |u[0]|=41.65Nm u_axis=(+0.74,-29.37,-7.20,+27.62,+6.04,+4.50,-0.63)Nm λ_n_max=1.058 η_n_max=1.279 primal=4.936 iters=25/25 lcp_res_max=nan
[ADMIT-GUARD] step=42 admit_active=0 latch=0/0 ee_z=0.152 gate_cap=0
[ALT-GATE] step=42 target_stable=0/0 allow_descent=1
[GS-tgt] step=42 ee=(-0.022,-0.080,+0.152) p_repos=(-0.023,-0.080,+0.030) ee_to_target=0.122m target_label=prev_repos target_changed=N delta=0.000m
[GS] step=42 mode=free switch=kStayInRepos best_k=0 best_src=prev_repos curr_cost=136410.50 repos_cost=206469.09 best_other=206469.09 met_progress=Y steps_since_improve=40 switches=0
[STEP] step=42 mode=free t=0.420s ee=(-0.022,-0.080,+0.152) obj=(+0.000,+0.000,+0.050) goal_dist=0.300m switch=kStayInRepos target=(-0.023,-0.080,+0.112) ee_stride=0.040m ee_to_ptarget=0.122m landing_err=0.0821m ik_ok=Y ik_resid=0.0001m q_max_resid_deg=7.11 target_changed=Y retgt=N held_idx=1 held_cost=206469.09 won_cost=206469.09 margin=+0.00 won_src=prev_repos held_valid=Y reason=hold setpoint_to_ptarget=nanm finished_val=0.1218m finished_thresh=0.0200m pd_resid=nanm nextwp_to_ptarget=nanm guide_terminal_err=nanm
[GATE-EVOLVE] step=42 curr=136410.50 best_other=206469.09 ratio=0.6607 ee_to_optimal=0.1257m phi=0.0346m
[STAGE-A-TRACE] step=42 sim_t=0.420 mode=free phi=0.03461 box_xy=+0.00000,+0.00000 lam_n_ee_box=nan qy=+0.00001 qz=-0.00000 finished_repos=0
[DRAKE-CONTACT] step=42 n_pairs=1 ee_box_normal=0.000
[GATE-CONTACT] step=42 F_W=(+0.0000,+0.0000,+0.0000) F_on_box=(-0.0000,-0.0000,-0.0000) n_face_out=(-0.0000,-0.0000,-0.0000) A_is_ee=0 box_q=(+1.00000,-0.00001,+0.00001,-0.00000) box_p=(+0.00000,+0.00000,+0.04999) ee_p=(-0.02226,-0.07957,+0.15175)
[EErel] along_push=+0.022m (neg=correct)  perp=0.080m  ee_to_box=0.083m  stage=3  obj=[0. 0.]  g_hat=[-1. -0.]
[proxy] err=0.271m  effective=[0.174 0.08  0.05 ]
[ADMM-C3+] primal: 6.1274->4.9359  dual: 109.8105->80.3187  mono=False  iters=25/25  rho=25.0
[ADMM-C3+] WARNING non-converged: pr=4.9359 dr=80.3187 tol=1e-03
[C3+] step=126 |u[0]|=41.66Nm u_axis=(+0.41,-29.56,-6.72,+27.54,+5.84,+4.85,-0.63)Nm λ_n_max=1.058 η_n_max=1.279 primal=4.936 iters=25/25 lcp_res_max=nan
[ADMIT-GUARD] step=43 admit_active=0 latch=0/0 ee_z=0.148 gate_cap=0
[ALT-GATE] step=43 target_stable=0/0 allow_descent=1
[GS-tgt] step=43 ee=(-0.022,-0.080,+0.148) p_repos=(-0.023,-0.080,+0.030) ee_to_target=0.118m target_label=prev_repos target_changed=N delta=0.000m
[GS] step=43 mode=free switch=kStayInRepos best_k=0 best_src=prev_repos curr_cost=136354.82 repos_cost=206711.25 best_other=206711.25 met_progress=Y steps_since_improve=41 switches=0
[STEP] step=43 mode=free t=0.430s ee=(-0.022,-0.080,+0.148) obj=(+0.000,+0.000,+0.050) goal_dist=0.300m switch=kStayInRepos target=(-0.023,-0.080,+0.108) ee_stride=0.040m ee_to_ptarget=0.118m landing_err=0.0781m ik_ok=Y ik_resid=0.0001m q_max_resid_deg=7.11 target_changed=Y retgt=N held_idx=1 held_cost=206711.25 won_cost=206711.25 margin=+0.00 won_src=prev_repos held_valid=Y reason=hold setpoint_to_ptarget=nanm finished_val=0.1180m finished_thresh=0.0200m pd_resid=nanm nextwp_to_ptarget=nanm guide_terminal_err=nanm
[GATE-EVOLVE] step=43 curr=136354.82 best_other=206711.25 ratio=0.6596 ee_to_optimal=0.1258m phi=0.0314m
[STAGE-A-TRACE] step=43 sim_t=0.430 mode=free phi=0.03144 box_xy=+0.00000,+0.00000 lam_n_ee_box=nan qy=+0.00001 qz=-0.00000 finished_repos=0
[DRAKE-CONTACT] step=43 n_pairs=1 ee_box_normal=0.000
[GATE-CONTACT] step=43 F_W=(+0.0000,+0.0000,+0.0000) F_on_box=(-0.0000,-0.0000,-0.0000) n_face_out=(-0.0000,-0.0000,-0.0000) A_is_ee=0 box_q=(+1.00000,-0.00001,+0.00001,-0.00000) box_p=(+0.00000,+0.00000,+0.04999) ee_p=(-0.02233,-0.07976,+0.14795)
[EErel] along_push=+0.022m (neg=correct)  perp=0.080m  ee_to_box=0.083m  stage=3  obj=[0. 0.]  g_hat=[-1. -0.]
[proxy] err=0.270m  effective=[0.174 0.08  0.05 ]
[ADMM-C3+] primal: 6.1274->4.9359  dual: 109.8105->80.3187  mono=False  iters=25/25  rho=25.0
[ADMM-C3+] WARNING non-converged: pr=4.9359 dr=80.3187 tol=1e-03
[C3+] step=129 |u[0]|=41.68Nm u_axis=(+0.10,-29.75,-6.23,+27.47,+5.64,+5.19,-0.63)Nm λ_n_max=1.058 η_n_max=1.279 primal=4.936 iters=25/25 lcp_res_max=nan
[ADMIT-GUARD] step=44 admit_active=0 latch=0/0 ee_z=0.144 gate_cap=0
[ALT-GATE] step=44 target_stable=0/0 allow_descent=1
[GS-tgt] step=44 ee=(-0.022,-0.080,+0.144) p_repos=(-0.023,-0.080,+0.030) ee_to_target=0.114m target_label=prev_repos target_changed=N delta=0.000m
[GS] step=44 mode=free switch=kStayInRepos best_k=0 best_src=prev_repos curr_cost=136302.65 repos_cost=206902.06 best_other=206902.06 met_progress=Y steps_since_improve=42 switches=0
[STEP] step=44 mode=free t=0.440s ee=(-0.022,-0.080,+0.144) obj=(+0.000,+0.000,+0.050) goal_dist=0.300m switch=kStayInRepos target=(-0.023,-0.080,+0.104) ee_stride=0.040m ee_to_ptarget=0.114m landing_err=0.0741m ik_ok=Y ik_resid=0.0001m q_max_resid_deg=7.09 target_changed=Y retgt=N held_idx=1 held_cost=206902.06 won_cost=206902.06 margin=+0.00 won_src=prev_repos held_valid=Y reason=hold setpoint_to_ptarget=nanm finished_val=0.1141m finished_thresh=0.0200m pd_resid=nanm nextwp_to_ptarget=nanm guide_terminal_err=nanm
[GATE-EVOLVE] step=44 curr=136302.65 best_other=206902.06 ratio=0.6588 ee_to_optimal=0.1260m phi=0.0283m
[STAGE-A-TRACE] step=44 sim_t=0.440 mode=free phi=0.02830 box_xy=+0.00000,+0.00000 lam_n_ee_box=nan qy=+0.00001 qz=-0.00000 finished_repos=0
[DRAKE-CONTACT] step=44 n_pairs=1 ee_box_normal=0.000
[GATE-CONTACT] step=44 F_W=(+0.0000,+0.0000,+0.0000) F_on_box=(-0.0000,-0.0000,-0.0000) n_face_out=(-0.0000,-0.0000,-0.0000) A_is_ee=0 box_q=(+1.00000,-0.00001,+0.00001,-0.00000) box_p=(+0.00000,+0.00000,+0.04999) ee_p=(-0.02240,-0.07991,+0.14411)
[EErel] along_push=+0.022m (neg=correct)  perp=0.080m  ee_to_box=0.083m  stage=3  obj=[0. 0.]  g_hat=[-1. -0.]
[proxy] err=0.269m  effective=[0.175 0.08  0.05 ]
[ADMM-C3+] primal: 6.1274->4.9359  dual: 109.8105->80.3187  mono=False  iters=25/25  rho=25.0
[ADMM-C3+] WARNING non-converged: pr=4.9359 dr=80.3187 tol=1e-03
[C3+] step=132 |u[0]|=41.94Nm u_axis=(-0.20,-29.93,-6.09,+27.63,+5.52,+5.63,-0.65)Nm λ_n_max=1.058 η_n_max=1.279 primal=4.936 iters=25/25 lcp_res_max=nan
[ADMIT-GUARD] step=45 admit_active=0 latch=0/0 ee_z=0.140 gate_cap=0
[ALT-GATE] step=45 target_stable=0/0 allow_descent=1
[GS-tgt] step=45 ee=(-0.022,-0.080,+0.140) p_repos=(-0.023,-0.080,+0.030) ee_to_target=0.110m target_label=prev_repos target_changed=N delta=0.000m
[GS] step=45 mode=free switch=kStayInRepos best_k=0 best_src=prev_repos curr_cost=136215.90 repos_cost=207050.28 best_other=207050.28 met_progress=Y steps_since_improve=43 switches=0
[STEP] step=45 mode=free t=0.450s ee=(-0.022,-0.080,+0.140) obj=(+0.000,+0.000,+0.050) goal_dist=0.300m switch=kStayInRepos target=(-0.023,-0.080,+0.100) ee_stride=0.040m ee_to_ptarget=0.110m landing_err=0.0701m ik_ok=Y ik_resid=0.0001m q_max_resid_deg=7.07 target_changed=Y retgt=N held_idx=1 held_cost=207050.28 won_cost=207050.28 margin=+0.00 won_src=prev_repos held_valid=Y reason=hold setpoint_to_ptarget=nanm finished_val=0.1102m finished_thresh=0.0200m pd_resid=nanm nextwp_to_ptarget=nanm guide_terminal_err=nanm
[GATE-EVOLVE] step=45 curr=136215.90 best_other=207050.28 ratio=0.6579 ee_to_optimal=0.1261m phi=0.0252m
[STAGE-A-TRACE] step=45 sim_t=0.450 mode=free phi=0.02521 box_xy=+0.00000,+0.00000 lam_n_ee_box=nan qy=+0.00001 qz=+0.00000 finished_repos=0
[DRAKE-CONTACT] step=45 n_pairs=1 ee_box_normal=0.000
[GATE-CONTACT] step=45 F_W=(+0.0000,+0.0000,+0.0000) F_on_box=(-0.0000,-0.0000,-0.0000) n_face_out=(-0.0000,-0.0000,-0.0000) A_is_ee=0 box_q=(+1.00000,-0.00001,+0.00001,+0.00000) box_p=(+0.00000,+0.00000,+0.04999) ee_p=(-0.02246,-0.08003,+0.14024)
[EErel] along_push=+0.023m (neg=correct)  perp=0.080m  ee_to_box=0.083m  stage=3  obj=[0. 0.]  g_hat=[-1. -0.]
[proxy] err=0.268m  effective=[0.175 0.08  0.05 ]
[ADMM-C3+] primal: 6.1274->4.9359  dual: 109.8105->80.3187  mono=False  iters=25/25  rho=25.0
[ADMM-C3+] WARNING non-converged: pr=4.9359 dr=80.3187 tol=1e-03
[C3+] step=135 |u[0]|=41.91Nm u_axis=(-0.55,-29.99,-5.65,+27.57,+5.36,+5.97,-0.66)Nm λ_n_max=1.058 η_n_max=1.279 primal=4.936 iters=25/25 lcp_res_max=nan
[ADMIT-GUARD] step=46 admit_active=0 latch=0/0 ee_z=0.136 gate_cap=0
[ALT-GATE] step=46 target_stable=0/0 allow_descent=1
[GS-tgt] step=46 ee=(-0.023,-0.080,+0.136) p_repos=(-0.023,-0.080,+0.030) ee_to_target=0.106m target_label=prev_repos target_changed=N delta=0.000m
[GS] step=46 mode=free switch=kStayInRepos best_k=0 best_src=prev_repos curr_cost=136163.50 repos_cost=207008.68 best_other=207008.68 met_progress=Y steps_since_improve=44 switches=0
[STEP] step=46 mode=free t=0.460s ee=(-0.023,-0.080,+0.136) obj=(+0.000,+0.000,+0.050) goal_dist=0.300m switch=kStayInRepos target=(-0.023,-0.080,+0.096) ee_stride=0.040m ee_to_ptarget=0.106m landing_err=0.0661m ik_ok=Y ik_resid=0.0001m q_max_resid_deg=7.04 target_changed=Y retgt=N held_idx=1 held_cost=207008.68 won_cost=207008.68 margin=+0.00 won_src=prev_repos held_valid=Y reason=hold setpoint_to_ptarget=nanm finished_val=0.1063m finished_thresh=0.0200m pd_resid=nanm nextwp_to_ptarget=nanm guide_terminal_err=nanm
[GATE-EVOLVE] step=46 curr=136163.50 best_other=207008.68 ratio=0.6578 ee_to_optimal=0.1262m phi=0.0222m
[STAGE-A-TRACE] step=46 sim_t=0.460 mode=free phi=0.02221 box_xy=+0.00000,+0.00000 lam_n_ee_box=nan qy=+0.00001 qz=-0.00000 finished_repos=0
[DRAKE-CONTACT] step=46 n_pairs=1 ee_box_normal=0.000
[GATE-CONTACT] step=46 F_W=(+0.0000,+0.0000,+0.0000) F_on_box=(-0.0000,-0.0000,-0.0000) n_face_out=(-0.0000,-0.0000,-0.0000) A_is_ee=0 box_q=(+1.00000,-0.00001,+0.00001,-0.00000) box_p=(+0.00000,+0.00000,+0.04999) ee_p=(-0.02251,-0.08012,+0.13634)
[EErel] along_push=+0.023m (neg=correct)  perp=0.080m  ee_to_box=0.083m  stage=3  obj=[0. 0.]  g_hat=[-1. -0.]
[proxy] err=0.267m  effective=[0.175 0.08  0.05 ]
[ADMM-C3+] primal: 6.1274->4.9359  dual: 109.8105->80.3185  mono=False  iters=25/25  rho=25.0
[ADMM-C3+] WARNING non-converged: pr=4.9359 dr=80.3185 tol=1e-03
[C3+] step=138 |u[0]|=41.48Nm u_axis=(-0.90,-30.00,-4.69,+27.12,+5.06,+6.01,-0.66)Nm λ_n_max=1.058 η_n_max=1.279 primal=4.936 iters=25/25 lcp_res_max=nan
[ADMIT-GUARD] step=47 admit_active=0 latch=0/0 ee_z=0.132 gate_cap=0
[ALT-GATE] step=47 target_stable=0/0 allow_descent=1
[GS-tgt] step=47 ee=(-0.023,-0.080,+0.132) p_repos=(-0.023,-0.080,+0.030) ee_to_target=0.102m target_label=prev_repos target_changed=N delta=0.000m
[GS] step=47 mode=free switch=kStayInRepos best_k=0 best_src=prev_repos curr_cost=136173.80 repos_cost=207117.83 best_other=207117.83 met_progress=Y steps_since_improve=45 switches=0
[STEP] step=47 mode=free t=0.470s ee=(-0.023,-0.080,+0.132) obj=(+0.000,+0.000,+0.050) goal_dist=0.300m switch=kStayInRepos target=(-0.023,-0.080,+0.092) ee_stride=0.040m ee_to_ptarget=0.102m landing_err=0.0621m ik_ok=Y ik_resid=0.0001m q_max_resid_deg=7.01 target_changed=Y retgt=N held_idx=1 held_cost=207117.83 won_cost=207117.83 margin=+0.00 won_src=prev_repos held_valid=Y reason=hold setpoint_to_ptarget=nanm finished_val=0.1024m finished_thresh=0.0200m pd_resid=nanm nextwp_to_ptarget=nanm guide_terminal_err=nanm
[GATE-EVOLVE] step=47 curr=136173.80 best_other=207117.83 ratio=0.6575 ee_to_optimal=0.1263m phi=0.0193m
[STAGE-A-TRACE] step=47 sim_t=0.470 mode=free phi=0.01931 box_xy=+0.00000,+0.00000 lam_n_ee_box=nan qy=+0.00001 qz=-0.00000 finished_repos=0
[DRAKE-CONTACT] step=47 n_pairs=1 ee_box_normal=0.000
[GATE-CONTACT] step=47 F_W=(+0.0000,+0.0000,+0.0000) F_on_box=(-0.0000,-0.0000,-0.0000) n_face_out=(-0.0000,-0.0000,-0.0000) A_is_ee=0 box_q=(+1.00000,-0.00001,+0.00001,-0.00000) box_p=(+0.00000,+0.00000,+0.04999) ee_p=(-0.02256,-0.08019,+0.13242)
[EErel] along_push=+0.023m (neg=correct)  perp=0.080m  ee_to_box=0.083m  stage=3  obj=[0. 0.]  g_hat=[-1. -0.]
[proxy] err=0.266m  effective=[0.175 0.08  0.05 ]
[ADMM-C3+] primal: 6.1274->4.9359  dual: 109.8105->80.3183  mono=False  iters=25/25  rho=25.0
[ADMM-C3+] WARNING non-converged: pr=4.9359 dr=80.3183 tol=1e-03
[C3+] step=141 |u[0]|=41.29Nm u_axis=(-1.18,-29.99,-4.13,+26.93,+4.84,+6.15,-0.67)Nm λ_n_max=1.059 η_n_max=1.279 primal=4.936 iters=25/25 lcp_res_max=nan
[ADMIT-GUARD] step=48 admit_active=0 latch=0/0 ee_z=0.128 gate_cap=0
[ALT-GATE] step=48 target_stable=0/0 allow_descent=1
[GS-tgt] step=48 ee=(-0.023,-0.080,+0.128) p_repos=(-0.023,-0.080,+0.030) ee_to_target=0.098m target_label=prev_repos target_changed=N delta=0.000m
[GS] step=48 mode=free switch=kStayInRepos best_k=0 best_src=prev_repos curr_cost=136152.06 repos_cost=207202.77 best_other=207202.77 met_progress=Y steps_since_improve=46 switches=0
[STEP] step=48 mode=free t=0.480s ee=(-0.023,-0.080,+0.128) obj=(+0.000,+0.000,+0.050) goal_dist=0.300m switch=kStayInRepos target=(-0.023,-0.080,+0.088) ee_stride=0.040m ee_to_ptarget=0.098m landing_err=0.0581m ik_ok=Y ik_resid=0.0001m q_max_resid_deg=6.97 target_changed=Y retgt=N held_idx=1 held_cost=207202.77 won_cost=207202.77 margin=+0.00 won_src=prev_repos held_valid=Y reason=hold setpoint_to_ptarget=nanm finished_val=0.0985m finished_thresh=0.0200m pd_resid=nanm nextwp_to_ptarget=nanm guide_terminal_err=nanm
[GATE-EVOLVE] step=48 curr=136152.06 best_other=207202.77 ratio=0.6571 ee_to_optimal=0.1264m phi=0.0166m
[STAGE-A-TRACE] step=48 sim_t=0.480 mode=free phi=0.01655 box_xy=+0.00000,+0.00000 lam_n_ee_box=nan qy=+0.00001 qz=-0.00000 finished_repos=0
[DRAKE-CONTACT] step=48 n_pairs=1 ee_box_normal=0.000
[GATE-CONTACT] step=48 F_W=(+0.0000,+0.0000,+0.0000) F_on_box=(-0.0000,-0.0000,-0.0000) n_face_out=(-0.0000,-0.0000,-0.0000) A_is_ee=0 box_q=(+1.00000,-0.00001,+0.00001,-0.00000) box_p=(+0.00000,+0.00000,+0.04999) ee_p=(-0.02260,-0.08025,+0.12848)
[EErel] along_push=+0.023m (neg=correct)  perp=0.080m  ee_to_box=0.083m  stage=3  obj=[0. 0.]  g_hat=[-1. -0.]
[proxy] err=0.265m  effective=[0.175 0.08  0.05 ]
[ADMM-C3+] primal: 6.1274->4.9359  dual: 109.8105->80.3188  mono=False  iters=25/25  rho=25.0
[ADMM-C3+] WARNING non-converged: pr=4.9359 dr=80.3188 tol=1e-03
[C3+] step=144 |u[0]|=41.54Nm u_axis=(-1.43,-30.00,-4.00,+27.23,+4.72,+6.55,-0.67)Nm λ_n_max=1.058 η_n_max=1.279 primal=4.936 iters=25/25 lcp_res_max=nan
[ADMIT-GUARD] step=49 admit_active=0 latch=0/0 ee_z=0.125 gate_cap=0
[ALT-GATE] step=49 target_stable=0/0 allow_descent=1
[GS-tgt] step=49 ee=(-0.023,-0.080,+0.125) p_repos=(-0.023,-0.080,+0.030) ee_to_target=0.095m target_label=prev_repos target_changed=N delta=0.000m
[GS] step=49 mode=free switch=kStayInRepos best_k=0 best_src=prev_repos curr_cost=136073.38 repos_cost=207269.07 best_other=207269.07 met_progress=Y steps_since_improve=47 switches=0
[STEP] step=49 mode=free t=0.490s ee=(-0.023,-0.080,+0.125) obj=(+0.000,+0.000,+0.050) goal_dist=0.300m switch=kStayInRepos target=(-0.023,-0.080,+0.084) ee_stride=0.040m ee_to_ptarget=0.095m landing_err=0.0541m ik_ok=Y ik_resid=0.0001m q_max_resid_deg=6.93 target_changed=Y retgt=N held_idx=1 held_cost=207269.07 won_cost=207269.07 margin=+0.00 won_src=prev_repos held_valid=Y reason=hold setpoint_to_ptarget=nanm finished_val=0.0945m finished_thresh=0.0200m pd_resid=nanm nextwp_to_ptarget=nanm guide_terminal_err=nanm
[GATE-EVOLVE] step=49 curr=136073.38 best_other=207269.07 ratio=0.6565 ee_to_optimal=0.1264m phi=0.0140m
[STAGE-A-TRACE] step=49 sim_t=0.490 mode=free phi=0.01398 box_xy=+0.00000,+0.00000 lam_n_ee_box=nan qy=+0.00001 qz=-0.00000 finished_repos=0
[DRAKE-CONTACT] step=49 n_pairs=1 ee_box_normal=0.000
[GATE-CONTACT] step=49 F_W=(+0.0000,+0.0000,+0.0000) F_on_box=(-0.0000,-0.0000,-0.0000) n_face_out=(-0.0000,-0.0000,-0.0000) A_is_ee=0 box_q=(+1.00000,-0.00001,+0.00001,-0.00000) box_p=(+0.00000,+0.00000,+0.04999) ee_p=(-0.02264,-0.08029,+0.12453)
[EErel] along_push=+0.023m (neg=correct)  perp=0.080m  ee_to_box=0.083m  stage=3  obj=[0. 0.]  g_hat=[-1. -0.]
[proxy] err=0.264m  effective=[0.175 0.08  0.05 ]
[ADMM-C3+] primal: 6.1274->4.9359  dual: 109.8105->80.3186  mono=False  iters=25/25  rho=25.0
[ADMM-C3+] WARNING non-converged: pr=4.9359 dr=80.3186 tol=1e-03
[C3+] step=147 |u[0]|=40.74Nm u_axis=(-1.73,-30.00,-2.57,+26.34,+4.35,+6.06,-0.68)Nm λ_n_max=1.058 η_n_max=1.279 primal=4.936 iters=25/25 lcp_res_max=nan
[ADMIT-GUARD] step=50 admit_active=0 latch=0/0 ee_z=0.121 gate_cap=0
[ALT-GATE] step=50 target_stable=0/0 allow_descent=1
[GS-tgt] step=50 ee=(-0.023,-0.080,+0.121) p_repos=(-0.023,-0.080,+0.030) ee_to_target=0.091m target_label=prev_repos target_changed=N delta=0.000m
[IMP] step=50 mode=free |x_err|=0.0405m |tau_imp|=0.98Nm |tau_ff|=0.00Nm |tau_out|=0.98Nm sat=False lam_n=False lam_t=False
[GS] step=50 mode=free switch=kStayInRepos best_k=0 best_src=prev_repos curr_cost=136161.27 repos_cost=207321.48 best_other=207321.48 met_progress=Y steps_since_improve=48 switches=0
[STEP] step=50 mode=free t=0.500s ee=(-0.023,-0.080,+0.121) obj=(+0.000,+0.000,+0.050) goal_dist=0.300m switch=kStayInRepos target=(-0.023,-0.080,+0.080) ee_stride=0.040m ee_to_ptarget=0.091m landing_err=0.0501m ik_ok=Y ik_resid=0.0001m q_max_resid_deg=6.89 target_changed=Y retgt=N held_idx=1 held_cost=207321.48 won_cost=207321.48 margin=+0.00 won_src=prev_repos held_valid=Y reason=hold setpoint_to_ptarget=nanm finished_val=0.0906m finished_thresh=0.0200m pd_resid=nanm nextwp_to_ptarget=nanm guide_terminal_err=nanm
[GATE-EVOLVE] step=50 curr=136161.27 best_other=207321.48 ratio=0.6568 ee_to_optimal=0.1265m phi=0.0116m
[STAGE-A-TRACE] step=50 sim_t=0.500 mode=free phi=0.01164 box_xy=+0.00000,+0.00000 lam_n_ee_box=nan qy=+0.00001 qz=-0.00000 finished_repos=0
[DRAKE-CONTACT] step=50 n_pairs=1 ee_box_normal=0.000
[GATE-CONTACT] step=50 F_W=(+0.0000,+0.0000,+0.0000) F_on_box=(-0.0000,-0.0000,-0.0000) n_face_out=(-0.0000,-0.0000,-0.0000) A_is_ee=0 box_q=(+1.00000,-0.00001,+0.00001,-0.00000) box_p=(+0.00000,+0.00000,+0.04999) ee_p=(-0.02267,-0.08032,+0.12057)
[EErel] along_push=+0.023m (neg=correct)  perp=0.080m  ee_to_box=0.083m  stage=3  obj=[0. 0.]  g_hat=[-1. -0.]
[proxy] err=0.264m  effective=[0.175 0.08  0.05 ]
[ADMM-C3+] primal: 6.1274->4.9359  dual: 109.8105->80.3184  mono=False  iters=25/25  rho=25.0
[ADMM-C3+] WARNING non-converged: pr=4.9359 dr=80.3184 tol=1e-03
[C3+] step=150 |u[0]|=41.43Nm u_axis=(-2.04,-30.00,-3.16,+27.10,+4.42,+6.92,-0.69)Nm λ_n_max=1.059 η_n_max=1.279 primal=4.936 iters=25/25 lcp_res_max=nan
[ADMIT-GUARD] step=51 admit_active=0 latch=0/0 ee_z=0.117 gate_cap=0
[ALT-GATE] step=51 target_stable=0/0 allow_descent=1
[GS-tgt] step=51 ee=(-0.023,-0.080,+0.117) p_repos=(-0.023,-0.080,+0.030) ee_to_target=0.087m target_label=prev_repos target_changed=N delta=0.000m
[GS] step=51 mode=free switch=kStayInRepos best_k=0 best_src=prev_repos curr_cost=136011.83 repos_cost=207364.01 best_other=207364.01 met_progress=Y steps_since_improve=49 switches=0
[STEP] step=51 mode=free t=0.510s ee=(-0.023,-0.080,+0.117) obj=(+0.000,+0.000,+0.050) goal_dist=0.300m switch=kStayInRepos target=(-0.023,-0.080,+0.076) ee_stride=0.041m ee_to_ptarget=0.087m landing_err=0.0461m ik_ok=Y ik_resid=0.0001m q_max_resid_deg=6.85 target_changed=Y retgt=N held_idx=1 held_cost=207364.01 won_cost=207364.01 margin=+0.00 won_src=prev_repos held_valid=Y reason=hold setpoint_to_ptarget=nanm finished_val=0.0866m finished_thresh=0.0200m pd_resid=nanm nextwp_to_ptarget=nanm guide_terminal_err=nanm
[GATE-EVOLVE] step=51 curr=136011.83 best_other=207364.01 ratio=0.6559 ee_to_optimal=0.1265m phi=0.0096m
[STAGE-A-TRACE] step=51 sim_t=0.510 mode=free phi=0.00959 box_xy=+0.00000,+0.00000 lam_n_ee_box=nan qy=+0.00001 qz=-0.00000 finished_repos=0
[EXEC-T2] step=50 t=0.50s u_task=[0.58, -0.58, 0.6, -0.03, -0.08, 0.12, 0.0] tau_g=[0.0, -24.58, 11.32, 8.9, -0.07, 1.19, -0.01] total_plant=[0.58, -25.16, 11.93, 8.87, -0.15, 1.31, -0.01] cap=[87.0, 87.0, 87.0, 87.0, 12.0, 12.0, 12.0] task_over=0 plant_over=0 plant_over_joints=[] worst_j=5 worst_headroom_Nm=+10.69
  t=0.50s | ee=(-0.023, -0.080, 0.117) | obj=(0.000, 0.000, 0.050) | |u|=1.03 Nm | goal_dist=0.300 m
[DRAKE-CONTACT] step=51 n_pairs=1 ee_box_normal=0.000
[GATE-CONTACT] step=51 F_W=(+0.0000,+0.0000,+0.0000) F_on_box=(-0.0000,-0.0000,-0.0000) n_face_out=(-0.0000,-0.0000,-0.0000) A_is_ee=0 box_q=(+1.00000,-0.00001,+0.00001,-0.00000) box_p=(+0.00000,+0.00000,+0.04999) ee_p=(-0.02270,-0.08034,+0.11660)
[EErel] along_push=+0.023m (neg=correct)  perp=0.080m  ee_to_box=0.084m  stage=3  obj=[0. 0.]  g_hat=[-1. -0.]
[proxy] err=0.263m  effective=[0.175 0.08  0.05 ]
[ADMM-C3+] primal: 6.1274->4.9359  dual: 109.8105->80.3188  mono=False  iters=25/25  rho=25.0
[ADMM-C3+] WARNING non-converged: pr=4.9359 dr=80.3188 tol=1e-03
[C3+] step=153 |u[0]|=42.04Nm u_axis=(-2.40,-30.00,-3.51,+27.75,+4.43,+7.69,-0.71)Nm λ_n_max=1.058 η_n_max=1.279 primal=4.936 iters=25/25 lcp_res_max=nan
[ADMIT-GUARD] step=52 admit_active=0 latch=0/0 ee_z=0.113 gate_cap=0
[ALT-GATE] step=52 target_stable=0/0 allow_descent=1
[GS-tgt] step=52 ee=(-0.023,-0.080,+0.113) p_repos=(-0.023,-0.080,+0.030) ee_to_target=0.083m target_label=prev_repos target_changed=N delta=0.000m
[GS] step=52 mode=free switch=kStayInRepos best_k=0 best_src=prev_repos curr_cost=135896.32 repos_cost=207400.02 best_other=207400.02 met_progress=Y steps_since_improve=50 switches=0
[STEP] step=52 mode=free t=0.520s ee=(-0.023,-0.080,+0.113) obj=(+0.000,+0.000,+0.050) goal_dist=0.300m switch=kStayInRepos target=(-0.023,-0.080,+0.072) ee_stride=0.041m ee_to_ptarget=0.083m landing_err=0.0421m ik_ok=Y ik_resid=0.0001m q_max_resid_deg=6.81 target_changed=Y retgt=N held_idx=1 held_cost=207400.02 won_cost=207400.02 margin=+0.00 won_src=prev_repos held_valid=Y reason=hold setpoint_to_ptarget=nanm finished_val=0.0826m finished_thresh=0.0200m pd_resid=nanm nextwp_to_ptarget=nanm guide_terminal_err=nanm
[GATE-EVOLVE] step=52 curr=135896.32 best_other=207400.02 ratio=0.6552 ee_to_optimal=0.1265m phi=0.0079m
[STAGE-A-TRACE] step=52 sim_t=0.520 mode=free phi=0.00788 box_xy=+0.00000,+0.00000 lam_n_ee_box=nan qy=+0.00001 qz=-0.00000 finished_repos=0
[DRAKE-CONTACT] step=52 n_pairs=1 ee_box_normal=0.000
[GATE-CONTACT] step=52 F_W=(+0.0000,+0.0000,+0.0000) F_on_box=(-0.0000,-0.0000,-0.0000) n_face_out=(-0.0000,-0.0000,-0.0000) A_is_ee=0 box_q=(+1.00000,-0.00001,+0.00001,-0.00000) box_p=(+0.00000,+0.00000,+0.04999) ee_p=(-0.02272,-0.08036,+0.11262)
[EErel] along_push=+0.023m (neg=correct)  perp=0.080m  ee_to_box=0.084m  stage=3  obj=[0. 0.]  g_hat=[-1. -0.]
[proxy] err=0.262m  effective=[0.175 0.08  0.05 ]
[ADMM-C3+] primal: 6.1274->4.9359  dual: 109.8105->80.3188  mono=False  iters=25/25  rho=25.0
[ADMM-C3+] WARNING non-converged: pr=4.9359 dr=80.3188 tol=1e-03
[C3+] step=156 |u[0]|=42.51Nm u_axis=(-2.81,-30.00,-3.64,+28.23,+4.40,+8.32,-0.72)Nm λ_n_max=1.058 η_n_max=1.279 primal=4.936 iters=25/25 lcp_res_max=nan
[ADMIT-GUARD] step=53 admit_active=0 latch=0/0 ee_z=0.109 gate_cap=0
[ALT-GATE] step=53 target_stable=0/0 allow_descent=1
[GS-tgt] step=53 ee=(-0.023,-0.080,+0.109) p_repos=(-0.023,-0.080,+0.030) ee_to_target=0.079m target_label=prev_repos target_changed=N delta=0.000m
[GS] step=53 mode=free switch=kStayInRepos best_k=0 best_src=prev_repos curr_cost=135815.37 repos_cost=207432.23 best_other=207432.23 met_progress=Y steps_since_improve=51 switches=0
[STEP] step=53 mode=free t=0.530s ee=(-0.023,-0.080,+0.109) obj=(+0.000,+0.000,+0.050) goal_dist=0.300m switch=kStayInRepos target=(-0.023,-0.080,+0.068) ee_stride=0.041m ee_to_ptarget=0.079m landing_err=0.0381m ik_ok=Y ik_resid=0.0001m q_max_resid_deg=6.77 target_changed=Y retgt=N held_idx=1 held_cost=207432.23 won_cost=207432.23 margin=+0.00 won_src=prev_repos held_valid=Y reason=hold setpoint_to_ptarget=nanm finished_val=0.0786m finished_thresh=0.0200m pd_resid=nanm nextwp_to_ptarget=nanm guide_terminal_err=nanm
[GATE-EVOLVE] step=53 curr=135815.37 best_other=207432.23 ratio=0.6547 ee_to_optimal=0.1265m phi=0.0066m
[STAGE-A-TRACE] step=53 sim_t=0.530 mode=free phi=0.00658 box_xy=+0.00000,+0.00000 lam_n_ee_box=nan qy=+0.00001 qz=-0.00000 finished_repos=0
[DRAKE-CONTACT] step=53 n_pairs=1 ee_box_normal=0.000
[GATE-CONTACT] step=53 F_W=(+0.0000,+0.0000,+0.0000) F_on_box=(-0.0000,-0.0000,-0.0000) n_face_out=(-0.0000,-0.0000,-0.0000) A_is_ee=0 box_q=(+1.00000,-0.00001,+0.00001,-0.00000) box_p=(+0.00000,+0.00000,+0.04999) ee_p=(-0.02274,-0.08037,+0.10864)
[EErel] along_push=+0.023m (neg=correct)  perp=0.080m  ee_to_box=0.084m  stage=3  obj=[0. 0.]  g_hat=[-1. -0.]
[proxy] err=0.261m  effective=[0.175 0.08  0.05 ]
[ADMM-C3+] primal: 6.1274->4.9359  dual: 109.8105->80.3188  mono=False  iters=25/25  rho=25.0
[ADMM-C3+] WARNING non-converged: pr=4.9359 dr=80.3188 tol=1e-03
[C3+] step=159 |u[0]|=42.63Nm u_axis=(-3.15,-30.00,-3.35,+28.34,+4.29,+8.63,-0.73)Nm λ_n_max=1.058 η_n_max=1.279 primal=4.936 iters=25/25 lcp_res_max=nan
[ADMIT-GUARD] step=54 admit_active=0 latch=0/0 ee_z=0.105 gate_cap=0
[ALT-GATE] step=54 target_stable=0/0 allow_descent=1
[GS-tgt] step=54 ee=(-0.023,-0.080,+0.105) p_repos=(-0.023,-0.080,+0.030) ee_to_target=0.075m target_label=prev_repos target_changed=N delta=0.000m
[GS] step=54 mode=free switch=kStayInRepos best_k=0 best_src=prev_repos curr_cost=135784.63 repos_cost=207462.86 best_other=207462.86 met_progress=Y steps_since_improve=52 switches=0
[STEP] step=54 mode=free t=0.540s ee=(-0.023,-0.080,+0.105) obj=(+0.000,+0.000,+0.050) goal_dist=0.300m switch=kStayInRepos target=(-0.023,-0.080,+0.064) ee_stride=0.041m ee_to_ptarget=0.075m landing_err=0.0341m ik_ok=Y ik_resid=0.0001m q_max_resid_deg=6.73 target_changed=Y retgt=N held_idx=1 held_cost=207462.86 won_cost=207462.86 margin=+0.00 won_src=prev_repos held_valid=Y reason=hold setpoint_to_ptarget=nanm finished_val=0.0747m finished_thresh=0.0200m pd_resid=nanm nextwp_to_ptarget=nanm guide_terminal_err=nanm
[GATE-EVOLVE] step=54 curr=135784.63 best_other=207462.86 ratio=0.6545 ee_to_optimal=0.1266m phi=0.0057m
[STAGE-A-TRACE] step=54 sim_t=0.540 mode=free phi=0.00574 box_xy=+0.00000,+0.00000 lam_n_ee_box=nan qy=+0.00001 qz=-0.00000 finished_repos=0
[DRAKE-CONTACT] step=54 n_pairs=1 ee_box_normal=0.000
[GATE-CONTACT] step=54 F_W=(+0.0000,+0.0000,+0.0000) F_on_box=(-0.0000,-0.0000,-0.0000) n_face_out=(-0.0000,-0.0000,-0.0000) A_is_ee=0 box_q=(+1.00000,-0.00001,+0.00001,-0.00000) box_p=(+0.00000,+0.00000,+0.04999) ee_p=(-0.02276,-0.08038,+0.10466)
[EErel] along_push=+0.023m (neg=correct)  perp=0.080m  ee_to_box=0.084m  stage=3  obj=[0. 0.]  g_hat=[-1. -0.]
[proxy] err=0.260m  effective=[0.175 0.08  0.05 ]
[ADMM-C3+] primal: 6.1274->4.9359  dual: 109.8105->80.3187  mono=False  iters=25/25  rho=25.0
[ADMM-C3+] WARNING non-converged: pr=4.9359 dr=80.3187 tol=1e-03
[C3+] step=162 |u[0]|=42.63Nm u_axis=(-3.47,-30.00,-2.88,+28.33,+4.15,+8.75,-0.74)Nm λ_n_max=1.058 η_n_max=1.279 primal=4.936 iters=25/25 lcp_res_max=nan
[ADMIT-GUARD] step=55 admit_active=0 latch=0/0 ee_z=0.101 gate_cap=0
[ALT-GATE] step=55 target_stable=0/0 allow_descent=1
[GS-tgt] step=55 ee=(-0.023,-0.080,+0.101) p_repos=(-0.023,-0.080,+0.030) ee_to_target=0.071m target_label=prev_repos target_changed=N delta=0.000m
[GS] step=55 mode=free switch=kStayInRepos best_k=0 best_src=prev_repos curr_cost=135777.16 repos_cost=207493.71 best_other=207493.71 met_progress=Y steps_since_improve=53 switches=0
[STEP] step=55 mode=free t=0.550s ee=(-0.023,-0.080,+0.101) obj=(+0.000,+0.000,+0.050) goal_dist=0.300m switch=kStayInRepos target=(-0.023,-0.080,+0.060) ee_stride=0.041m ee_to_ptarget=0.071m landing_err=0.0301m ik_ok=Y ik_resid=0.0001m q_max_resid_deg=6.69 target_changed=Y retgt=N held_idx=1 held_cost=207493.71 won_cost=207493.71 margin=+0.00 won_src=prev_repos held_valid=Y reason=hold setpoint_to_ptarget=nanm finished_val=0.0707m finished_thresh=0.0200m pd_resid=nanm nextwp_to_ptarget=nanm guide_terminal_err=nanm
[GATE-EVOLVE] step=55 curr=135777.16 best_other=207493.71 ratio=0.6544 ee_to_optimal=0.1266m phi=0.0054m
[STAGE-A-TRACE] step=55 sim_t=0.550 mode=free phi=0.00539 box_xy=+0.00000,+0.00000 lam_n_ee_box=nan qy=+0.00001 qz=-0.00000 finished_repos=0
[DRAKE-CONTACT] step=55 n_pairs=1 ee_box_normal=0.000
[GATE-CONTACT] step=55 F_W=(+0.0000,+0.0000,+0.0000) F_on_box=(-0.0000,-0.0000,-0.0000) n_face_out=(-0.0000,-0.0000,-0.0000) A_is_ee=0 box_q=(+1.00000,-0.00001,+0.00001,-0.00000) box_p=(+0.00000,+0.00000,+0.04999) ee_p=(-0.02278,-0.08038,+0.10067)
[EErel] along_push=+0.023m (neg=correct)  perp=0.080m  ee_to_box=0.084m  stage=3  obj=[0. 0.]  g_hat=[-1. -0.]
[proxy] err=0.259m  effective=[0.175 0.08  0.05 ]
[ADMM-C3+] primal: 6.1274->4.9359  dual: 109.8105->80.3187  mono=False  iters=25/25  rho=25.0
[ADMM-C3+] WARNING non-converged: pr=4.9359 dr=80.3187 tol=1e-03
[C3+] step=165 |u[0]|=43.06Nm u_axis=(-3.95,-30.00,-2.91,+28.73,+4.12,+9.32,-0.75)Nm λ_n_max=1.058 η_n_max=1.279 primal=4.936 iters=25/25 lcp_res_max=nan
[ADMIT-GUARD] step=56 admit_active=0 latch=0/0 ee_z=0.097 gate_cap=0
[ALT-GATE] step=56 target_stable=0/0 allow_descent=1
[GS-tgt] step=56 ee=(-0.023,-0.080,+0.097) p_repos=(-0.023,-0.080,+0.030) ee_to_target=0.067m target_label=prev_repos target_changed=N delta=0.000m
[GS] step=56 mode=free switch=kStayInRepos best_k=0 best_src=prev_repos curr_cost=135723.50 repos_cost=207526.15 best_other=207526.15 met_progress=Y steps_since_improve=54 switches=0
[STEP] step=56 mode=free t=0.560s ee=(-0.023,-0.080,+0.097) obj=(+0.000,+0.000,+0.050) goal_dist=0.300m switch=kStayInRepos target=(-0.023,-0.080,+0.056) ee_stride=0.041m ee_to_ptarget=0.067m landing_err=0.0261m ik_ok=Y ik_resid=0.0001m q_max_resid_deg=6.66 target_changed=Y retgt=N held_idx=1 held_cost=207526.15 won_cost=207526.15 margin=+0.00 won_src=prev_repos held_valid=Y reason=hold setpoint_to_ptarget=nanm finished_val=0.0667m finished_thresh=0.0200m pd_resid=nanm nextwp_to_ptarget=nanm guide_terminal_err=nanm
[GATE-EVOLVE] step=56 curr=135723.50 best_other=207526.15 ratio=0.6540 ee_to_optimal=0.1266m phi=0.0054m
[STAGE-A-TRACE] step=56 sim_t=0.560 mode=free phi=0.00539 box_xy=+0.00000,+0.00000 lam_n_ee_box=nan qy=+0.00001 qz=-0.00000 finished_repos=0
[DRAKE-CONTACT] step=56 n_pairs=1 ee_box_normal=0.000
[GATE-CONTACT] step=56 F_W=(+0.0000,+0.0000,+0.0000) F_on_box=(-0.0000,-0.0000,-0.0000) n_face_out=(-0.0000,-0.0000,-0.0000) A_is_ee=0 box_q=(+1.00000,-0.00001,+0.00001,-0.00000) box_p=(+0.00000,+0.00000,+0.04999) ee_p=(-0.02279,-0.08039,+0.09668)
[EErel] along_push=+0.023m (neg=correct)  perp=0.080m  ee_to_box=0.084m  stage=3  obj=[0. 0.]  g_hat=[-1. -0.]
[proxy] err=0.259m  effective=[0.175 0.08  0.05 ]
[ADMM-C3+] primal: 6.1274->4.9359  dual: 109.8105->80.3188  mono=False  iters=25/25  rho=25.0
[ADMM-C3+] WARNING non-converged: pr=4.9359 dr=80.3188 tol=1e-03
[C3+] step=168 |u[0]|=43.06Nm u_axis=(-4.28,-30.00,-2.47,+28.72,+4.01,+9.40,-0.76)Nm λ_n_max=1.058 η_n_max=1.279 primal=4.936 iters=25/25 lcp_res_max=nan
[ADMIT-GUARD] step=57 admit_active=0 latch=0/0 ee_z=0.093 gate_cap=0
[ALT-GATE] step=57 target_stable=0/0 allow_descent=1
[GS-tgt] step=57 ee=(-0.023,-0.080,+0.093) p_repos=(-0.023,-0.080,+0.030) ee_to_target=0.063m target_label=prev_repos target_changed=N delta=0.000m
[GS] step=57 mode=free switch=kStayInRepos best_k=0 best_src=prev_repos curr_cost=135727.06 repos_cost=207561.26 best_other=207561.26 met_progress=Y steps_since_improve=55 switches=0
[STEP] step=57 mode=free t=0.570s ee=(-0.023,-0.080,+0.093) obj=(+0.000,+0.000,+0.050) goal_dist=0.300m switch=kStayInRepos target=(-0.023,-0.080,+0.052) ee_stride=0.041m ee_to_ptarget=0.063m landing_err=0.0221m ik_ok=Y ik_resid=0.0001m q_max_resid_deg=6.62 target_changed=Y retgt=N held_idx=1 held_cost=207561.26 won_cost=207561.26 margin=+0.00 won_src=prev_repos held_valid=Y reason=hold setpoint_to_ptarget=nanm finished_val=0.0627m finished_thresh=0.0200m pd_resid=nanm nextwp_to_ptarget=nanm guide_terminal_err=nanm
[GATE-EVOLVE] step=57 curr=135727.06 best_other=207561.26 ratio=0.6539 ee_to_optimal=0.1266m phi=0.0054m
[STAGE-A-TRACE] step=57 sim_t=0.570 mode=free phi=0.00539 box_xy=+0.00000,+0.00000 lam_n_ee_box=nan qy=+0.00001 qz=-0.00000 finished_repos=0
[DRAKE-CONTACT] step=57 n_pairs=1 ee_box_normal=0.000
[GATE-CONTACT] step=57 F_W=(+0.0000,+0.0000,+0.0000) F_on_box=(-0.0000,-0.0000,-0.0000) n_face_out=(-0.0000,-0.0000,-0.0000) A_is_ee=0 box_q=(+1.00000,-0.00001,+0.00001,-0.00000) box_p=(+0.00000,+0.00000,+0.04999) ee_p=(-0.02280,-0.08039,+0.09269)
[EErel] along_push=+0.023m (neg=correct)  perp=0.080m  ee_to_box=0.084m  stage=3  obj=[0. 0.]  g_hat=[-1. -0.]
[proxy] err=0.258m  effective=[0.175 0.08  0.05 ]
[ADMM-C3+] primal: 6.1274->4.9359  dual: 109.8105->80.3187  mono=False  iters=25/25  rho=25.0
[ADMM-C3+] WARNING non-converged: pr=4.9359 dr=80.3187 tol=1e-03
[C3+] step=171 |u[0]|=43.41Nm u_axis=(-4.75,-30.00,-2.36,+29.03,+3.97,+9.86,-0.78)Nm λ_n_max=1.058 η_n_max=1.279 primal=4.936 iters=25/25 lcp_res_max=nan
[ADMIT-GUARD] step=58 admit_active=0 latch=0/0 ee_z=0.089 gate_cap=0
[ALT-GATE] step=58 target_stable=0/0 allow_descent=1
[GS-tgt] step=58 ee=(-0.023,-0.080,+0.089) p_repos=(-0.023,-0.080,+0.030) ee_to_target=0.059m target_label=prev_repos target_changed=N delta=0.000m
[GS] step=58 mode=free switch=kStayInRepos best_k=0 best_src=prev_repos curr_cost=135698.39 repos_cost=207599.85 best_other=207599.85 met_progress=Y steps_since_improve=56 switches=0
[STEP] step=58 mode=free t=0.580s ee=(-0.023,-0.080,+0.089) obj=(+0.000,+0.000,+0.050) goal_dist=0.300m switch=kStayInRepos target=(-0.023,-0.080,+0.048) ee_stride=0.041m ee_to_ptarget=0.059m landing_err=0.0181m ik_ok=Y ik_resid=0.0001m q_max_resid_deg=6.59 target_changed=Y retgt=N held_idx=1 held_cost=207599.85 won_cost=207599.85 margin=+0.00 won_src=prev_repos held_valid=Y reason=hold setpoint_to_ptarget=nanm finished_val=0.0587m finished_thresh=0.0200m pd_resid=nanm nextwp_to_ptarget=nanm guide_terminal_err=nanm
[GATE-EVOLVE] step=58 curr=135698.39 best_other=207599.85 ratio=0.6537 ee_to_optimal=0.1266m phi=0.0054m
[STAGE-A-TRACE] step=58 sim_t=0.580 mode=free phi=0.00539 box_xy=+0.00000,+0.00000 lam_n_ee_box=nan qy=+0.00001 qz=-0.00000 finished_repos=0
[DRAKE-CONTACT] step=58 n_pairs=1 ee_box_normal=0.000
[GATE-CONTACT] step=58 F_W=(+0.0000,+0.0000,+0.0000) F_on_box=(-0.0000,-0.0000,-0.0000) n_face_out=(-0.0000,-0.0000,-0.0000) A_is_ee=0 box_q=(+1.00000,-0.00001,+0.00001,-0.00000) box_p=(+0.00000,+0.00000,+0.04999) ee_p=(-0.02281,-0.08039,+0.08870)
[EErel] along_push=+0.023m (neg=correct)  perp=0.080m  ee_to_box=0.084m  stage=3  obj=[0. 0.]  g_hat=[-1. -0.]
[proxy] err=0.258m  effective=[0.175 0.08  0.05 ]
[ADMM-C3+] primal: 6.1274->4.9359  dual: 109.8105->80.3184  mono=False  iters=25/25  rho=25.0
[ADMM-C3+] WARNING non-converged: pr=4.9359 dr=80.3184 tol=1e-03
[C3+] step=174 |u[0]|=43.00Nm u_axis=(-4.89,-30.00,-1.61,+28.59,+3.83,+9.47,-0.79)Nm λ_n_max=1.059 η_n_max=1.279 primal=4.936 iters=25/25 lcp_res_max=nan
[ADMIT-GUARD] step=59 admit_active=0 latch=0/0 ee_z=0.085 gate_cap=0
[ALT-GATE] step=59 target_stable=0/0 allow_descent=1
[GS-tgt] step=59 ee=(-0.023,-0.080,+0.085) p_repos=(-0.023,-0.080,+0.030) ee_to_target=0.055m target_label=prev_repos target_changed=N delta=0.000m
[GS] step=59 mode=free switch=kStayInRepos best_k=0 best_src=prev_repos curr_cost=135760.37 repos_cost=207642.51 best_other=207642.51 met_progress=Y steps_since_improve=57 switches=0
[STEP] step=59 mode=free t=0.590s ee=(-0.023,-0.080,+0.085) obj=(+0.000,+0.000,+0.050) goal_dist=0.300m switch=kStayInRepos target=(-0.023,-0.080,+0.044) ee_stride=0.041m ee_to_ptarget=0.055m landing_err=0.0141m ik_ok=Y ik_resid=0.0001m q_max_resid_deg=6.55 target_changed=Y retgt=N held_idx=1 held_cost=207642.51 won_cost=207642.51 margin=+0.00 won_src=prev_repos held_valid=Y reason=hold setpoint_to_ptarget=nanm finished_val=0.0547m finished_thresh=0.0200m pd_resid=nanm nextwp_to_ptarget=nanm guide_terminal_err=nanm
[GATE-EVOLVE] step=59 curr=135760.37 best_other=207642.51 ratio=0.6538 ee_to_optimal=0.1266m phi=0.0054m
[STAGE-A-TRACE] step=59 sim_t=0.590 mode=free phi=0.00540 box_xy=+0.00000,+0.00000 lam_n_ee_box=nan qy=+0.00001 qz=+0.00000 finished_repos=0
[DRAKE-CONTACT] step=59 n_pairs=1 ee_box_normal=0.000
[GATE-CONTACT] step=59 F_W=(+0.0000,+0.0000,+0.0000) F_on_box=(-0.0000,-0.0000,-0.0000) n_face_out=(-0.0000,-0.0000,-0.0000) A_is_ee=0 box_q=(+1.00000,-0.00001,+0.00001,+0.00000) box_p=(+0.00000,+0.00000,+0.04999) ee_p=(-0.02282,-0.08039,+0.08471)
[EErel] along_push=+0.023m (neg=correct)  perp=0.080m  ee_to_box=0.084m  stage=3  obj=[0. 0.]  g_hat=[-1. -0.]
[proxy] err=0.257m  effective=[0.175 0.08  0.05 ]
[ADMM-C3+] primal: 6.1274->4.9359  dual: 109.8105->80.3186  mono=False  iters=25/25  rho=25.0
[ADMM-C3+] WARNING non-converged: pr=4.9359 dr=80.3186 tol=1e-03
[C3+] step=177 |u[0]|=43.46Nm u_axis=(-5.40,-30.00,-1.52,+29.07,+3.82,+9.84,-0.80)Nm λ_n_max=1.058 η_n_max=1.279 primal=4.936 iters=25/25 lcp_res_max=nan
[ADMIT-GUARD] step=60 admit_active=0 latch=0/0 ee_z=0.081 gate_cap=0
[ALT-GATE] step=60 target_stable=0/0 allow_descent=1
[GS-tgt] step=60 ee=(-0.023,-0.080,+0.081) p_repos=(-0.023,-0.080,+0.030) ee_to_target=0.051m target_label=prev_repos target_changed=N delta=0.000m
[IMP] step=60 mode=free |x_err|=0.0406m |tau_imp|=0.95Nm |tau_ff|=0.00Nm |tau_out|=0.95Nm sat=False lam_n=False lam_t=False
[GS] step=60 mode=free switch=kStayInRepos best_k=0 best_src=prev_repos curr_cost=135745.37 repos_cost=207689.65 best_other=207689.65 met_progress=Y steps_since_improve=58 switches=0
[STEP] step=60 mode=free t=0.600s ee=(-0.023,-0.080,+0.081) obj=(+0.000,+0.000,+0.050) goal_dist=0.300m switch=kStayInRepos target=(-0.023,-0.080,+0.040) ee_stride=0.041m ee_to_ptarget=0.051m landing_err=0.0101m ik_ok=Y ik_resid=0.0001m q_max_resid_deg=6.52 target_changed=Y retgt=N held_idx=1 held_cost=207689.65 won_cost=207689.65 margin=+0.00 won_src=prev_repos held_valid=Y reason=hold setpoint_to_ptarget=nanm finished_val=0.0507m finished_thresh=0.0200m pd_resid=nanm nextwp_to_ptarget=nanm guide_terminal_err=nanm
[GATE-EVOLVE] step=60 curr=135745.37 best_other=207689.65 ratio=0.6536 ee_to_optimal=0.1266m phi=0.0054m
[STAGE-A-TRACE] step=60 sim_t=0.600 mode=free phi=0.00540 box_xy=+0.00000,+0.00000 lam_n_ee_box=nan qy=+0.00001 qz=+0.00000 finished_repos=0
[GS-table] step=60
  k=0 (current   ) pos=(-0.023,-0.080,+0.081) c_C3= 135745.37 align=0.0000(bonus=    0.00) rot=+0.0000(bonus=    0.00) travel=0.000m(pen=  0.00) c_sample= 135745.37 feas=Y ik_err=0.0000m  ← WIN
  k=1 (prev_repos) pos=(-0.023,-0.080,+0.030) c_C3= 207679.51 align=0.0000(bonus=    0.00) rot=+0.0000(bonus=    0.00) travel=0.051m(pen= 10.14) c_sample= 207689.65 feas=Y ik_err=0.0001m
  k=2 (strat_0   ) pos=(+0.046,+0.080,+0.030) c_C3= 259433.09 align=0.0000(bonus=    0.15) rot=+0.0000(bonus=    0.00) travel=0.182m(pen= 36.35) c_sample= 259469.28 feas=Y ik_err=0.0003m
[DRAKE-CONTACT] step=60 n_pairs=1 ee_box_normal=0.000
[GATE-CONTACT] step=60 F_W=(+0.0000,+0.0000,+0.0000) F_on_box=(-0.0000,-0.0000,-0.0000) n_face_out=(-0.0000,-0.0000,-0.0000) A_is_ee=0 box_q=(+1.00000,-0.00001,+0.00001,+0.00000) box_p=(+0.00000,+0.00000,+0.04999) ee_p=(-0.02283,-0.08040,+0.08072)
[PERSIST] step=61 refresh n_strategy=1 samples=[(0.08, 0.0, 0.03)]
[EErel] along_push=+0.023m (neg=correct)  perp=0.080m  ee_to_box=0.084m  stage=3  obj=[0. 0.]  g_hat=[-1. -0.]
[proxy] err=0.257m  effective=[0.175 0.08  0.05 ]
[ADMM-C3+] primal: 6.1274->4.9359  dual: 109.8105->80.3187  mono=False  iters=25/25  rho=25.0
[ADMM-C3+] WARNING non-converged: pr=4.9359 dr=80.3187 tol=1e-03
[C3+] step=180 |u[0]|=43.68Nm u_axis=(-5.82,-30.00,-1.30,+29.26,+3.80,+10.06,-0.82)Nm λ_n_max=1.058 η_n_max=1.279 primal=4.936 iters=25/25 lcp_res_max=nan
[ADMIT-GUARD] step=61 admit_active=0 latch=0/0 ee_z=0.077 gate_cap=0
[ALT-GATE] step=61 target_stable=0/0 allow_descent=1
[GS-tgt] step=61 ee=(-0.023,-0.080,+0.077) p_repos=(+0.080,+0.000,+0.030) ee_to_target=0.139m target_label=strat_0 target_changed=Y delta=0.130m
[GS] step=61 mode=free switch=kStayInRepos best_k=0 best_src=strat_0 curr_cost=135755.91 repos_cost=199019.98 best_other=199019.98 met_progress=Y steps_since_improve=59 switches=0
[STEP] step=61 mode=free t=0.610s ee=(-0.023,-0.080,+0.077) obj=(+0.000,+0.000,+0.050) goal_dist=0.300m switch=kStayInRepos target=(-0.023,-0.080,+0.081) ee_stride=0.004m ee_to_ptarget=0.139m landing_err=0.1400m ik_ok=Y ik_resid=0.0002m q_max_resid_deg=0.62 target_changed=Y retgt=Y held_idx=1 held_cost=207741.53 won_cost=199019.98 margin=+8721.55 won_src=strat_0 held_valid=Y reason=new_sample_better setpoint_to_ptarget=nanm finished_val=0.1386m finished_thresh=0.0200m pd_resid=nanm nextwp_to_ptarget=nanm guide_terminal_err=nanm
[GATE-EVOLVE] step=61 curr=135755.91 best_other=199019.98 ratio=0.6821 ee_to_optimal=0.1266m phi=0.0054m
[STAGE-A-TRACE] step=61 sim_t=0.610 mode=free phi=0.00540 box_xy=+0.00000,+0.00000 lam_n_ee_box=nan qy=+0.00001 qz=+0.00000 finished_repos=0
[EXEC-T2] step=60 t=0.60s u_task=[-3.36, -70.24, 34.04, -1.71, -2.23, 1.91, -0.04] tau_g=[0.0, -27.2, 12.19, 7.86, -0.2, 1.16, -0.01] total_plant=[-3.36, -97.44, 46.23, 6.15, -2.43, 3.07, -0.05] cap=[87.0, 87.0, 87.0, 87.0, 12.0, 12.0, 12.0] task_over=0 plant_over=1 plant_over_joints=[1] worst_j=1 worst_headroom_Nm=-10.44
[DRAKE-CONTACT] step=61 n_pairs=1 ee_box_normal=0.000
[GATE-CONTACT] step=61 F_W=(+0.0000,+0.0000,+0.0000) F_on_box=(-0.0000,-0.0000,-0.0000) n_face_out=(-0.0000,-0.0000,-0.0000) A_is_ee=0 box_q=(+1.00000,-0.00001,+0.00001,+0.00000) box_p=(+0.00000,+0.00000,+0.04999) ee_p=(-0.02284,-0.08040,+0.07673)
[EErel] along_push=+0.023m (neg=correct)  perp=0.080m  ee_to_box=0.084m  stage=3  obj=[0. 0.]  g_hat=[-1. -0.]
[proxy] err=0.256m  effective=[0.175 0.08  0.05 ]
[ADMM-C3+] primal: 6.1274->4.9359  dual: 109.8105->80.3187  mono=False  iters=25/25  rho=25.0
[ADMM-C3+] WARNING non-converged: pr=4.9359 dr=80.3187 tol=1e-03
[C3+] step=183 |u[0]|=42.83Nm u_axis=(-2.78,-30.00,-3.46,+27.76,+2.84,+11.63,-0.71)Nm λ_n_max=1.058 η_n_max=1.279 primal=4.936 iters=25/25 lcp_res_max=nan
[ADMIT-GUARD] step=62 admit_active=0 latch=0/0 ee_z=0.074 gate_cap=0
[ALT-GATE] step=62 target_stable=0/0 allow_descent=1
[GS-tgt] step=62 ee=(-0.023,-0.080,+0.074) p_repos=(+0.080,+0.000,+0.030) ee_to_target=0.138m target_label=prev_repos target_changed=N delta=0.000m
[GS] step=62 mode=free switch=kStayInRepos best_k=0 best_src=prev_repos curr_cost=135648.81 repos_cost=193212.25 best_other=193212.25 met_progress=N steps_since_improve=60 switches=0
[STEP] step=62 mode=free t=0.620s ee=(-0.023,-0.080,+0.074) obj=(+0.000,+0.000,+0.050) goal_dist=0.300m switch=kStayInRepos target=(-0.023,-0.080,+0.085) ee_stride=0.011m ee_to_ptarget=0.138m landing_err=0.1415m ik_ok=Y ik_resid=0.0006m q_max_resid_deg=1.75 target_changed=Y retgt=N held_idx=1 held_cost=193212.25 won_cost=193212.25 margin=+0.00 won_src=prev_repos held_valid=Y reason=hold setpoint_to_ptarget=nanm finished_val=0.1376m finished_thresh=0.0200m pd_resid=nanm nextwp_to_ptarget=nanm guide_terminal_err=nanm
[GATE-EVOLVE] step=62 curr=135648.81 best_other=193212.25 ratio=0.7021 ee_to_optimal=0.1267m phi=0.0053m
[STAGE-A-TRACE] step=62 sim_t=0.620 mode=free phi=0.00531 box_xy=+0.00000,+0.00000 lam_n_ee_box=nan qy=+0.00001 qz=+0.00000 finished_repos=0
[DRAKE-CONTACT] step=62 n_pairs=1 ee_box_normal=0.000
[GATE-CONTACT] step=62 F_W=(+0.0000,+0.0000,+0.0000) F_on_box=(-0.0000,-0.0000,-0.0000) n_face_out=(-0.0000,-0.0000,-0.0000) A_is_ee=0 box_q=(+1.00000,-0.00001,+0.00001,+0.00000) box_p=(+0.00000,+0.00000,+0.04999) ee_p=(-0.02294,-0.08031,+0.07355)
[EErel] along_push=+0.023m (neg=correct)  perp=0.080m  ee_to_box=0.083m  stage=3  obj=[0. 0.]  g_hat=[-1. -0.]
[proxy] err=0.256m  effective=[0.175 0.08  0.05 ]
[ADMM-C3+] primal: 6.1274->4.9359  dual: 109.8105->80.3187  mono=False  iters=25/25  rho=25.0
[ADMM-C3+] WARNING non-converged: pr=4.9359 dr=80.3187 tol=1e-03
[C3+] step=186 |u[0]|=40.85Nm u_axis=(-0.40,-30.00,-3.13,+25.51,+2.08,+10.16,-0.63)Nm λ_n_max=1.058 η_n_max=1.279 primal=4.936 iters=25/25 lcp_res_max=nan
[ADMIT-GUARD] step=63 admit_active=0 latch=0/0 ee_z=0.072 gate_cap=0
[ALT-GATE] step=63 target_stable=0/0 allow_descent=1
[GS-tgt] step=63 ee=(-0.023,-0.080,+0.072) p_repos=(+0.080,+0.000,+0.030) ee_to_target=0.137m target_label=prev_repos target_changed=N delta=0.000m
[GS] step=63 mode=free switch=kStayInRepos best_k=0 best_src=prev_repos curr_cost=135806.02 repos_cost=185820.10 best_other=185820.10 met_progress=N steps_since_improve=61 switches=0
[STEP] step=63 mode=free t=0.630s ee=(-0.023,-0.080,+0.072) obj=(+0.000,+0.000,+0.050) goal_dist=0.300m switch=kStayInRepos target=(-0.023,-0.080,+0.089) ee_stride=0.017m ee_to_ptarget=0.137m landing_err=0.1431m ik_ok=Y ik_resid=0.0000m q_max_resid_deg=2.83 target_changed=Y retgt=N held_idx=1 held_cost=185820.10 won_cost=185820.10 margin=+0.00 won_src=prev_repos held_valid=Y reason=hold setpoint_to_ptarget=nanm finished_val=0.1371m finished_thresh=0.0200m pd_resid=nanm nextwp_to_ptarget=nanm guide_terminal_err=nanm
[GATE-EVOLVE] step=63 curr=135806.02 best_other=185820.10 ratio=0.7308 ee_to_optimal=0.1267m phi=0.0051m
[STAGE-A-TRACE] step=63 sim_t=0.630 mode=free phi=0.00512 box_xy=+0.00000,+0.00000 lam_n_ee_box=nan qy=+0.00001 qz=+0.00000 finished_repos=0
[DRAKE-CONTACT] step=63 n_pairs=1 ee_box_normal=0.000
[GATE-CONTACT] step=63 F_W=(+0.0000,+0.0000,+0.0000) F_on_box=(-0.0000,-0.0000,-0.0000) n_face_out=(-0.0000,-0.0000,-0.0000) A_is_ee=0 box_q=(+1.00000,-0.00001,+0.00001,+0.00000) box_p=(+0.00000,+0.00000,+0.04999) ee_p=(-0.02310,-0.08012,+0.07177)
[EErel] along_push=+0.023m (neg=correct)  perp=0.080m  ee_to_box=0.083m  stage=3  obj=[0. 0.]  g_hat=[-1. -0.]
[proxy] err=0.255m  effective=[0.175 0.08  0.05 ]
[ADMM-C3+] primal: 6.1274->4.9359  dual: 109.8105->80.3183  mono=False  iters=25/25  rho=25.0
[ADMM-C3+] WARNING non-converged: pr=4.9359 dr=80.3183 tol=1e-03
[C3+] step=189 |u[0]|=41.91Nm u_axis=(+0.98,-29.94,-5.15,+26.51,+2.16,+11.16,-0.61)Nm λ_n_max=1.059 η_n_max=1.279 primal=4.936 iters=25/25 lcp_res_max=nan
[ADMIT-GUARD] step=64 admit_active=0 latch=0/0 ee_z=0.071 gate_cap=0
[ALT-GATE] step=64 target_stable=0/0 allow_descent=1
[GS-tgt] step=64 ee=(-0.023,-0.080,+0.071) p_repos=(+0.080,+0.000,+0.030) ee_to_target=0.137m target_label=prev_repos target_changed=N delta=0.000m
[GS] step=64 mode=free switch=kStayInRepos best_k=0 best_src=prev_repos curr_cost=135665.13 repos_cost=180029.39 best_other=180029.39 met_progress=N steps_since_improve=62 switches=0
[STEP] step=64 mode=free t=0.640s ee=(-0.023,-0.080,+0.071) obj=(+0.000,+0.000,+0.050) goal_dist=0.300m switch=kStayInRepos target=(-0.023,-0.080,+0.093) ee_stride=0.022m ee_to_ptarget=0.137m landing_err=0.1448m ik_ok=Y ik_resid=0.0001m q_max_resid_deg=3.63 target_changed=Y retgt=N held_idx=1 held_cost=180029.39 won_cost=180029.39 margin=+0.00 won_src=prev_repos held_valid=Y reason=hold setpoint_to_ptarget=nanm finished_val=0.1369m finished_thresh=0.0200m pd_resid=nanm nextwp_to_ptarget=nanm guide_terminal_err=nanm
[GATE-EVOLVE] step=64 curr=135665.13 best_other=180029.39 ratio=0.7536 ee_to_optimal=0.1266m phi=0.0049m
[STAGE-A-TRACE] step=64 sim_t=0.640 mode=free phi=0.00490 box_xy=+0.00000,+0.00000 lam_n_ee_box=nan qy=+0.00001 qz=-0.00000 finished_repos=0
[DRAKE-CONTACT] step=64 n_pairs=1 ee_box_normal=0.000
[GATE-CONTACT] step=64 F_W=(+0.0000,+0.0000,+0.0000) F_on_box=(-0.0000,-0.0000,-0.0000) n_face_out=(-0.0000,-0.0000,-0.0000) A_is_ee=0 box_q=(+1.00000,-0.00001,+0.00001,-0.00000) box_p=(+0.00000,+0.00000,+0.04999) ee_p=(-0.02322,-0.07990,+0.07115)
[EErel] along_push=+0.023m (neg=correct)  perp=0.080m  ee_to_box=0.083m  stage=3  obj=[0. 0.]  g_hat=[-1. -0.]
[proxy] err=0.255m  effective=[0.175 0.08  0.05 ]
[ADMM-C3+] primal: 6.1274->4.9359  dual: 109.8105->80.3187  mono=False  iters=25/25  rho=25.0
[ADMM-C3+] WARNING non-converged: pr=4.9359 dr=80.3187 tol=1e-03
[C3+] step=192 |u[0]|=42.07Nm u_axis=(+2.15,-28.92,-6.62,+27.42,+2.29,+11.29,-0.60)Nm λ_n_max=1.058 η_n_max=1.279 primal=4.936 iters=25/25 lcp_res_max=nan
[ADMIT-GUARD] step=65 admit_active=0 latch=0/0 ee_z=0.071 gate_cap=0
[ALT-GATE] step=65 target_stable=0/0 allow_descent=1
[GS-tgt] step=65 ee=(-0.023,-0.080,+0.071) p_repos=(+0.080,+0.000,+0.030) ee_to_target=0.137m target_label=prev_repos target_changed=N delta=0.000m
[GS] step=65 mode=free switch=kStayInRepos best_k=0 best_src=prev_repos curr_cost=135603.71 repos_cost=175578.83 best_other=175578.83 met_progress=N steps_since_improve=63 switches=0
[STEP] step=65 mode=free t=0.650s ee=(-0.023,-0.080,+0.071) obj=(+0.000,+0.000,+0.050) goal_dist=0.300m switch=kStayInRepos target=(-0.023,-0.080,+0.097) ee_stride=0.025m ee_to_ptarget=0.137m landing_err=0.1466m ik_ok=Y ik_resid=0.0001m q_max_resid_deg=4.28 target_changed=Y retgt=N held_idx=1 held_cost=175578.83 won_cost=175578.83 margin=+0.00 won_src=prev_repos held_valid=Y reason=hold setpoint_to_ptarget=nanm finished_val=0.1369m finished_thresh=0.0200m pd_resid=nanm nextwp_to_ptarget=nanm guide_terminal_err=nanm
[GATE-EVOLVE] step=65 curr=135603.71 best_other=175578.83 ratio=0.7723 ee_to_optimal=0.1266m phi=0.0047m
[STAGE-A-TRACE] step=65 sim_t=0.650 mode=free phi=0.00470 box_xy=+0.00000,+0.00000 lam_n_ee_box=nan qy=+0.00001 qz=-0.00000 finished_repos=0
[DRAKE-CONTACT] step=65 n_pairs=1 ee_box_normal=0.000
[GATE-CONTACT] step=65 F_W=(+0.0000,+0.0000,+0.0000) F_on_box=(-0.0000,-0.0000,-0.0000) n_face_out=(-0.0000,-0.0000,-0.0000) A_is_ee=0 box_q=(+1.00000,-0.00001,+0.00001,-0.00000) box_p=(+0.00000,+0.00000,+0.04999) ee_p=(-0.02330,-0.07970,+0.07146)
[EErel] along_push=+0.023m (neg=correct)  perp=0.080m  ee_to_box=0.083m  stage=3  obj=[0. 0.]  g_hat=[-1. -0.]
[proxy] err=0.255m  effective=[0.174 0.08  0.05 ]
[ADMM-C3+] primal: 6.1274->4.9359  dual: 109.8105->80.3187  mono=False  iters=25/25  rho=25.0
[ADMM-C3+] WARNING non-converged: pr=4.9359 dr=80.3187 tol=1e-03
[C3+] step=195 |u[0]|=41.68Nm u_axis=(+3.01,-27.88,-7.47,+27.77,+2.42,+10.83,-0.59)Nm λ_n_max=1.058 η_n_max=1.279 primal=4.936 iters=25/25 lcp_res_max=nan
[ADMIT-GUARD] step=66 admit_active=0 latch=0/0 ee_z=0.073 gate_cap=0
[ALT-GATE] step=66 target_stable=0/0 allow_descent=1
[GS-tgt] step=66 ee=(-0.023,-0.080,+0.073) p_repos=(+0.080,+0.000,+0.030) ee_to_target=0.137m target_label=prev_repos target_changed=N delta=0.000m
[GS] step=66 mode=free switch=kStayInRepos best_k=0 best_src=prev_repos curr_cost=135618.51 repos_cost=172068.16 best_other=172068.16 met_progress=N steps_since_improve=64 switches=0
[STEP] step=66 mode=free t=0.660s ee=(-0.023,-0.080,+0.073) obj=(+0.000,+0.000,+0.050) goal_dist=0.300m switch=kStayInRepos target=(-0.023,-0.080,+0.101) ee_stride=0.028m ee_to_ptarget=0.137m landing_err=0.1485m ik_ok=Y ik_resid=0.0001m q_max_resid_deg=4.81 target_changed=Y retgt=N held_idx=1 held_cost=172068.16 won_cost=172068.16 margin=+0.00 won_src=prev_repos held_valid=Y reason=hold setpoint_to_ptarget=nanm finished_val=0.1372m finished_thresh=0.0200m pd_resid=nanm nextwp_to_ptarget=nanm guide_terminal_err=nanm
[GATE-EVOLVE] step=66 curr=135618.51 best_other=172068.16 ratio=0.7882 ee_to_optimal=0.1265m phi=0.0045m
[STAGE-A-TRACE] step=66 sim_t=0.660 mode=free phi=0.00454 box_xy=+0.00000,+0.00000 lam_n_ee_box=nan qy=+0.00001 qz=-0.00000 finished_repos=0
[DRAKE-CONTACT] step=66 n_pairs=1 ee_box_normal=0.000
[GATE-CONTACT] step=66 F_W=(+0.0000,+0.0000,+0.0000) F_on_box=(-0.0000,-0.0000,-0.0000) n_face_out=(-0.0000,-0.0000,-0.0000) A_is_ee=0 box_q=(+1.00000,-0.00001,+0.00001,-0.00000) box_p=(+0.00000,+0.00000,+0.04999) ee_p=(-0.02334,-0.07953,+0.07250)
[EErel] along_push=+0.023m (neg=correct)  perp=0.079m  ee_to_box=0.083m  stage=3  obj=[0. 0.]  g_hat=[-1. -0.]
[proxy] err=0.255m  effective=[0.174 0.079 0.05 ]
[ADMM-C3+] primal: 6.1274->4.9359  dual: 109.8105->80.3187  mono=False  iters=25/25  rho=25.0
[ADMM-C3+] WARNING non-converged: pr=4.9359 dr=80.3187 tol=1e-03
[C3+] step=198 |u[0]|=41.45Nm u_axis=(+3.69,-27.04,-8.25,+28.13,+2.58,+10.34,-0.59)Nm λ_n_max=1.058 η_n_max=1.279 primal=4.936 iters=25/25 lcp_res_max=nan
[ADMIT-GUARD] step=67 admit_active=0 latch=0/0 ee_z=0.074 gate_cap=0
[ALT-GATE] step=67 target_stable=0/0 allow_descent=1
[GS-tgt] step=67 ee=(-0.023,-0.079,+0.074) p_repos=(+0.080,+0.000,+0.030) ee_to_target=0.138m target_label=prev_repos target_changed=N delta=0.000m
[GS] step=67 mode=free switch=kStayInRepos best_k=0 best_src=prev_repos curr_cost=135642.12 repos_cost=169356.88 best_other=169356.88 met_progress=N steps_since_improve=65 switches=0
[STEP] step=67 mode=free t=0.670s ee=(-0.023,-0.079,+0.074) obj=(+0.000,+0.000,+0.050) goal_dist=0.300m switch=kStayInRepos target=(-0.023,-0.080,+0.105) ee_stride=0.031m ee_to_ptarget=0.138m landing_err=0.1504m ik_ok=Y ik_resid=0.0001m q_max_resid_deg=5.25 target_changed=Y retgt=N held_idx=1 held_cost=169356.88 won_cost=169356.88 margin=+0.00 won_src=prev_repos held_valid=Y reason=hold setpoint_to_ptarget=nanm finished_val=0.1376m finished_thresh=0.0200m pd_resid=nanm nextwp_to_ptarget=nanm guide_terminal_err=nanm
[GATE-EVOLVE] step=67 curr=135642.12 best_other=169356.88 ratio=0.8009 ee_to_optimal=0.1264m phi=0.0044m
[STAGE-A-TRACE] step=67 sim_t=0.670 mode=free phi=0.00441 box_xy=+0.00000,+0.00000 lam_n_ee_box=nan qy=+0.00001 qz=-0.00000 finished_repos=0
[DRAKE-CONTACT] step=67 n_pairs=1 ee_box_normal=0.000
[GATE-CONTACT] step=67 F_W=(+0.0000,+0.0000,+0.0000) F_on_box=(-0.0000,-0.0000,-0.0000) n_face_out=(-0.0000,-0.0000,-0.0000) A_is_ee=0 box_q=(+1.00000,-0.00001,+0.00001,-0.00000) box_p=(+0.00000,+0.00000,+0.04999) ee_p=(-0.02336,-0.07941,+0.07413)
[EErel] along_push=+0.023m (neg=correct)  perp=0.079m  ee_to_box=0.083m  stage=3  obj=[0. 0.]  g_hat=[-1. -0.]
[proxy] err=0.255m  effective=[0.174 0.079 0.05 ]
[ADMM-C3+] primal: 6.1274->4.9359  dual: 109.8105->80.3187  mono=False  iters=25/25  rho=25.0
[ADMM-C3+] WARNING non-converged: pr=4.9359 dr=80.3187 tol=1e-03
[C3+] step=201 |u[0]|=41.36Nm u_axis=(+4.24,-26.39,-8.99,+28.47,+2.76,+9.85,-0.59)Nm λ_n_max=1.058 η_n_max=1.279 primal=4.936 iters=25/25 lcp_res_max=nan
[ADMIT-GUARD] step=68 admit_active=0 latch=0/0 ee_z=0.076 gate_cap=0
[ALT-GATE] step=68 target_stable=0/0 allow_descent=1
[GS-tgt] step=68 ee=(-0.023,-0.079,+0.076) p_repos=(+0.080,+0.000,+0.030) ee_to_target=0.138m target_label=prev_repos target_changed=N delta=0.000m
[GS] step=68 mode=free switch=kStayInRepos best_k=0 best_src=prev_repos curr_cost=135673.33 repos_cost=167279.98 best_other=167279.98 met_progress=N steps_since_improve=66 switches=0
[STEP] step=68 mode=free t=0.680s ee=(-0.023,-0.079,+0.076) obj=(+0.000,+0.000,+0.050) goal_dist=0.300m switch=kStayInRepos target=(-0.023,-0.080,+0.109) ee_stride=0.033m ee_to_ptarget=0.138m landing_err=0.1524m ik_ok=Y ik_resid=0.0001m q_max_resid_deg=5.61 target_changed=Y retgt=N held_idx=1 held_cost=167279.98 won_cost=167279.98 margin=+0.00 won_src=prev_repos held_valid=Y reason=hold setpoint_to_ptarget=nanm finished_val=0.1383m finished_thresh=0.0200m pd_resid=nanm nextwp_to_ptarget=nanm guide_terminal_err=nanm
[GATE-EVOLVE] step=68 curr=135673.33 best_other=167279.98 ratio=0.8111 ee_to_optimal=0.1264m phi=0.0043m
[STAGE-A-TRACE] step=68 sim_t=0.680 mode=free phi=0.00432 box_xy=+0.00000,+0.00000 lam_n_ee_box=nan qy=+0.00001 qz=-0.00000 finished_repos=0
[DRAKE-CONTACT] step=68 n_pairs=1 ee_box_normal=0.000
[GATE-CONTACT] step=68 F_W=(+0.0000,+0.0000,+0.0000) F_on_box=(-0.0000,-0.0000,-0.0000) n_face_out=(-0.0000,-0.0000,-0.0000) A_is_ee=0 box_q=(+1.00000,-0.00001,+0.00001,-0.00000) box_p=(+0.00000,+0.00000,+0.04999) ee_p=(-0.02336,-0.07932,+0.07624)
[EErel] along_push=+0.023m (neg=correct)  perp=0.079m  ee_to_box=0.083m  stage=3  obj=[0. 0.]  g_hat=[-1. -0.]
[proxy] err=0.255m  effective=[0.174 0.079 0.05 ]
[ADMM-C3+] primal: 6.1274->4.9359  dual: 109.8105->80.3187  mono=False  iters=25/25  rho=25.0
[ADMM-C3+] WARNING non-converged: pr=4.9359 dr=80.3187 tol=1e-03
[C3+] step=204 |u[0]|=41.35Nm u_axis=(+4.68,-25.88,-9.69,+28.76,+2.94,+9.39,-0.60)Nm λ_n_max=1.058 η_n_max=1.279 primal=4.936 iters=25/25 lcp_res_max=nan
[ADMIT-GUARD] step=69 admit_active=0 latch=0/0 ee_z=0.079 gate_cap=0
[ALT-GATE] step=69 target_stable=0/0 allow_descent=1
[GS-tgt] step=69 ee=(-0.023,-0.079,+0.079) p_repos=(+0.080,+0.000,+0.030) ee_to_target=0.139m target_label=prev_repos target_changed=N delta=0.000m
[GS] step=69 mode=free switch=kStayInRepos best_k=0 best_src=prev_repos curr_cost=135711.02 repos_cost=165960.11 best_other=165960.11 met_progress=N steps_since_improve=67 switches=0
[STEP] step=69 mode=free t=0.690s ee=(-0.023,-0.079,+0.079) obj=(+0.000,+0.000,+0.050) goal_dist=0.300m switch=kStayInRepos target=(-0.023,-0.080,+0.113) ee_stride=0.034m ee_to_ptarget=0.139m landing_err=0.1545m ik_ok=Y ik_resid=0.0001m q_max_resid_deg=5.91 target_changed=Y retgt=N held_idx=1 held_cost=165960.11 won_cost=165960.11 margin=+0.00 won_src=prev_repos held_valid=Y reason=hold setpoint_to_ptarget=nanm finished_val=0.1391m finished_thresh=0.0200m pd_resid=nanm nextwp_to_ptarget=nanm guide_terminal_err=nanm
[GATE-EVOLVE] step=69 curr=135711.02 best_other=165960.11 ratio=0.8177 ee_to_optimal=0.1263m phi=0.0043m
[STAGE-A-TRACE] step=69 sim_t=0.690 mode=free phi=0.00427 box_xy=+0.00000,+0.00000 lam_n_ee_box=nan qy=+0.00001 qz=-0.00000 finished_repos=0
[DRAKE-CONTACT] step=69 n_pairs=1 ee_box_normal=0.000
[GATE-CONTACT] step=69 F_W=(+0.0000,+0.0000,+0.0000) F_on_box=(-0.0000,-0.0000,-0.0000) n_face_out=(-0.0000,-0.0000,-0.0000) A_is_ee=0 box_q=(+1.00000,-0.00001,+0.00001,-0.00000) box_p=(+0.00000,+0.00000,+0.04999) ee_p=(-0.02335,-0.07927,+0.07872)
[EErel] along_push=+0.023m (neg=correct)  perp=0.079m  ee_to_box=0.083m  stage=3  obj=[0. 0.]  g_hat=[-1. -0.]
[proxy] err=0.255m  effective=[0.174 0.079 0.05 ]
[ADMM-C3+] primal: 6.1274->4.9359  dual: 109.8105->80.3187  mono=False  iters=25/25  rho=25.0
[ADMM-C3+] WARNING non-converged: pr=4.9359 dr=80.3187 tol=1e-03
[C3+] step=207 |u[0]|=41.41Nm u_axis=(+5.06,-25.48,-10.38,+29.01,+3.13,+8.95,-0.60)Nm λ_n_max=1.058 η_n_max=1.279 primal=4.936 iters=25/25 lcp_res_max=nan
[ADMIT-GUARD] step=70 admit_active=0 latch=0/0 ee_z=0.082 gate_cap=0
[ALT-GATE] step=70 target_stable=0/0 allow_descent=1
[GS-tgt] step=70 ee=(-0.023,-0.079,+0.082) p_repos=(+0.080,+0.000,+0.030) ee_to_target=0.140m target_label=prev_repos target_changed=N delta=0.000m
[IMP] step=70 mode=free |x_err|=0.0352m |tau_imp|=11.62Nm |tau_ff|=0.00Nm |tau_out|=11.62Nm sat=False lam_n=False lam_t=False
[GS] step=70 mode=free switch=kStayInRepos best_k=0 best_src=prev_repos curr_cost=135754.26 repos_cost=164603.17 best_other=164603.17 met_progress=N steps_since_improve=68 switches=0
[STEP] step=70 mode=free t=0.700s ee=(-0.023,-0.079,+0.082) obj=(+0.000,+0.000,+0.050) goal_dist=0.300m switch=kStayInRepos target=(-0.023,-0.080,+0.117) ee_stride=0.035m ee_to_ptarget=0.140m landing_err=0.1567m ik_ok=Y ik_resid=0.0001m q_max_resid_deg=6.16 target_changed=Y retgt=N held_idx=1 held_cost=164603.17 won_cost=164603.17 margin=+0.00 won_src=prev_repos held_valid=Y reason=hold setpoint_to_ptarget=nanm finished_val=0.1400m finished_thresh=0.0200m pd_resid=nanm nextwp_to_ptarget=nanm guide_terminal_err=nanm
[GATE-EVOLVE] step=70 curr=135754.26 best_other=164603.17 ratio=0.8247 ee_to_optimal=0.1263m phi=0.0043m
[STAGE-A-TRACE] step=70 sim_t=0.700 mode=free phi=0.00425 box_xy=+0.00000,+0.00000 lam_n_ee_box=nan qy=+0.00001 qz=-0.00000 finished_repos=0
[DRAKE-CONTACT] step=70 n_pairs=1 ee_box_normal=0.000
[GATE-CONTACT] step=70 F_W=(+0.0000,+0.0000,+0.0000) F_on_box=(-0.0000,-0.0000,-0.0000) n_face_out=(-0.0000,-0.0000,-0.0000) A_is_ee=0 box_q=(+1.00000,-0.00001,+0.00001,-0.00000) box_p=(+0.00000,+0.00000,+0.04999) ee_p=(-0.02333,-0.07925,+0.08150)
[EErel] along_push=+0.023m (neg=correct)  perp=0.079m  ee_to_box=0.083m  stage=3  obj=[0. 0.]  g_hat=[-1. -0.]
[proxy] err=0.255m  effective=[0.174 0.079 0.05 ]
[ADMM-C3+] primal: 6.1274->4.9359  dual: 109.8105->80.3187  mono=False  iters=25/25  rho=25.0
[ADMM-C3+] WARNING non-converged: pr=4.9359 dr=80.3187 tol=1e-03
[C3+] step=210 |u[0]|=41.51Nm u_axis=(+5.36,-25.20,-11.05,+29.21,+3.32,+8.54,-0.60)Nm λ_n_max=1.058 η_n_max=1.279 primal=4.936 iters=25/25 lcp_res_max=nan
[ADMIT-GUARD] step=71 admit_active=0 latch=0/0 ee_z=0.085 gate_cap=0
[ALT-GATE] step=71 target_stable=0/0 allow_descent=1
[GS-tgt] step=71 ee=(-0.023,-0.079,+0.085) p_repos=(+0.080,+0.000,+0.030) ee_to_target=0.141m target_label=prev_repos target_changed=N delta=0.000m
[GS] step=71 mode=free switch=kStayInRepos best_k=0 best_src=prev_repos curr_cost=135803.10 repos_cost=163779.03 best_other=163779.03 met_progress=N steps_since_improve=69 switches=0
[STEP] step=71 mode=free t=0.710s ee=(-0.023,-0.079,+0.085) obj=(+0.000,+0.000,+0.050) goal_dist=0.300m switch=kStayInRepos target=(-0.023,-0.080,+0.121) ee_stride=0.036m ee_to_ptarget=0.141m landing_err=0.1590m ik_ok=Y ik_resid=0.0001m q_max_resid_deg=6.37 target_changed=Y retgt=N held_idx=1 held_cost=163779.03 won_cost=163779.03 margin=+0.00 won_src=prev_repos held_valid=Y reason=hold setpoint_to_ptarget=nanm finished_val=0.1412m finished_thresh=0.0200m pd_resid=nanm nextwp_to_ptarget=nanm guide_terminal_err=nanm
[GATE-EVOLVE] step=71 curr=135803.10 best_other=163779.03 ratio=0.8292 ee_to_optimal=0.1263m phi=0.0043m
[STAGE-A-TRACE] step=71 sim_t=0.710 mode=free phi=0.00426 box_xy=+0.00000,+0.00000 lam_n_ee_box=nan qy=+0.00001 qz=-0.00000 finished_repos=0
[DRAKE-CONTACT] step=71 n_pairs=1 ee_box_normal=0.000
[GATE-CONTACT] step=71 F_W=(+0.0000,+0.0000,+0.0000) F_on_box=(-0.0000,-0.0000,-0.0000) n_face_out=(-0.0000,-0.0000,-0.0000) A_is_ee=0 box_q=(+1.00000,-0.00001,+0.00001,-0.00000) box_p=(+0.00000,+0.00000,+0.04999) ee_p=(-0.02330,-0.07925,+0.08453)
[EErel] along_push=+0.023m (neg=correct)  perp=0.079m  ee_to_box=0.083m  stage=3  obj=[0. 0.]  g_hat=[-1. -0.]
[proxy] err=0.256m  effective=[0.174 0.079 0.05 ]
[ADMM-C3+] primal: 6.1274->4.9359  dual: 109.8105->80.3186  mono=False  iters=25/25  rho=25.0
[ADMM-C3+] WARNING non-converged: pr=4.9359 dr=80.3186 tol=1e-03
[C3+] step=213 |u[0]|=41.64Nm u_axis=(+5.63,-24.98,-11.70,+29.38,+3.51,+8.14,-0.61)Nm λ_n_max=1.058 η_n_max=1.279 primal=4.936 iters=25/25 lcp_res_max=nan
[ADMIT-GUARD] step=72 admit_active=0 latch=0/0 ee_z=0.088 gate_cap=0
[ALT-GATE] step=72 target_stable=0/0 allow_descent=1
[GS-tgt] step=72 ee=(-0.023,-0.079,+0.088) p_repos=(+0.080,+0.000,+0.030) ee_to_target=0.142m target_label=prev_repos target_changed=N delta=0.000m
[GS] step=72 mode=free switch=kStayInRepos best_k=0 best_src=prev_repos curr_cost=135857.30 repos_cost=163163.00 best_other=163163.00 met_progress=N steps_since_improve=70 switches=0
[STEP] step=72 mode=free t=0.720s ee=(-0.023,-0.079,+0.088) obj=(+0.000,+0.000,+0.050) goal_dist=0.300m switch=kStayInRepos target=(-0.023,-0.080,+0.125) ee_stride=0.037m ee_to_ptarget=0.142m landing_err=0.1613m ik_ok=Y ik_resid=0.0001m q_max_resid_deg=6.54 target_changed=Y retgt=N held_idx=1 held_cost=163163.00 won_cost=163163.00 margin=+0.00 won_src=prev_repos held_valid=Y reason=hold setpoint_to_ptarget=nanm finished_val=0.1424m finished_thresh=0.0200m pd_resid=nanm nextwp_to_ptarget=nanm guide_terminal_err=nanm
[GATE-EVOLVE] step=72 curr=135857.30 best_other=163163.00 ratio=0.8326 ee_to_optimal=0.1263m phi=0.0043m
[STAGE-A-TRACE] step=72 sim_t=0.720 mode=free phi=0.00428 box_xy=+0.00000,+0.00000 lam_n_ee_box=nan qy=+0.00001 qz=+0.00000 finished_repos=0
[DRAKE-CONTACT] step=72 n_pairs=1 ee_box_normal=0.000
[GATE-CONTACT] step=72 F_W=(+0.0000,+0.0000,+0.0000) F_on_box=(-0.0000,-0.0000,-0.0000) n_face_out=(-0.0000,-0.0000,-0.0000) A_is_ee=0 box_q=(+1.00000,-0.00001,+0.00001,+0.00000) box_p=(+0.00000,+0.00000,+0.04999) ee_p=(-0.02327,-0.07928,+0.08775)
[EErel] along_push=+0.023m (neg=correct)  perp=0.079m  ee_to_box=0.083m  stage=3  obj=[0. 0.]  g_hat=[-1. -0.]
[proxy] err=0.256m  effective=[0.174 0.079 0.05 ]
[ADMM-C3+] primal: 6.1274->4.9359  dual: 109.8105->80.3186  mono=False  iters=25/25  rho=25.0
[ADMM-C3+] WARNING non-converged: pr=4.9359 dr=80.3186 tol=1e-03
[C3+] step=216 |u[0]|=41.61Nm u_axis=(+5.85,-24.51,-12.33,+29.50,+3.69,+7.76,-0.61)Nm λ_n_max=1.058 η_n_max=1.279 primal=4.936 iters=25/25 lcp_res_max=nan
[ADMIT-GUARD] step=73 admit_active=0 latch=0/0 ee_z=0.091 gate_cap=0
[ALT-GATE] step=73 target_stable=0/0 allow_descent=1
[GS-tgt] step=73 ee=(-0.023,-0.079,+0.091) p_repos=(+0.080,+0.000,+0.030) ee_to_target=0.144m target_label=prev_repos target_changed=N delta=0.000m
[GS] step=73 mode=free switch=kStayInRepos best_k=0 best_src=prev_repos curr_cost=135916.71 repos_cost=162688.87 best_other=162688.87 met_progress=N steps_since_improve=71 switches=0
[STEP] step=73 mode=free t=0.730s ee=(-0.023,-0.079,+0.091) obj=(+0.000,+0.000,+0.050) goal_dist=0.300m switch=kStayInRepos target=(-0.023,-0.080,+0.129) ee_stride=0.038m ee_to_ptarget=0.144m landing_err=0.1637m ik_ok=Y ik_resid=0.0001m q_max_resid_deg=6.70 target_changed=Y retgt=N held_idx=1 held_cost=162688.87 won_cost=162688.87 margin=+0.00 won_src=prev_repos held_valid=Y reason=hold setpoint_to_ptarget=nanm finished_val=0.1438m finished_thresh=0.0200m pd_resid=nanm nextwp_to_ptarget=nanm guide_terminal_err=nanm
[GATE-EVOLVE] step=73 curr=135916.71 best_other=162688.87 ratio=0.8354 ee_to_optimal=0.1263m phi=0.0043m
[STAGE-A-TRACE] step=73 sim_t=0.730 mode=free phi=0.00432 box_xy=+0.00000,+0.00000 lam_n_ee_box=nan qy=+0.00001 qz=+0.00000 finished_repos=0
[DRAKE-CONTACT] step=73 n_pairs=1 ee_box_normal=0.000
[GATE-CONTACT] step=73 F_W=(+0.0000,+0.0000,+0.0000) F_on_box=(-0.0000,-0.0000,-0.0000) n_face_out=(-0.0000,-0.0000,-0.0000) A_is_ee=0 box_q=(+1.00000,-0.00001,+0.00001,+0.00000) box_p=(+0.00000,+0.00000,+0.04999) ee_p=(-0.02323,-0.07932,+0.09113)
[EErel] along_push=+0.023m (neg=correct)  perp=0.079m  ee_to_box=0.083m  stage=3  obj=[0. 0.]  g_hat=[-1. -0.]
[proxy] err=0.257m  effective=[0.174 0.079 0.05 ]
[ADMM-C3+] primal: 6.1274->4.9359  dual: 109.8105->80.3186  mono=False  iters=25/25  rho=25.0
[ADMM-C3+] WARNING non-converged: pr=4.9359 dr=80.3186 tol=1e-03
[C3+] step=219 |u[0]|=41.46Nm u_axis=(+6.03,-23.85,-12.96,+29.59,+3.87,+7.39,-0.61)Nm λ_n_max=1.058 η_n_max=1.279 primal=4.936 iters=25/25 lcp_res_max=nan
[ADMIT-GUARD] step=74 admit_active=0 latch=0/0 ee_z=0.095 gate_cap=0
[ALT-GATE] step=74 target_stable=0/0 allow_descent=1
[GS-tgt] step=74 ee=(-0.023,-0.079,+0.095) p_repos=(+0.080,+0.000,+0.030) ee_to_target=0.145m target_label=prev_repos target_changed=N delta=0.000m
[GS] step=74 mode=free switch=kStayInRepos best_k=0 best_src=prev_repos curr_cost=135980.94 repos_cost=162329.17 best_other=162329.17 met_progress=N steps_since_improve=72 switches=0
[STEP] step=74 mode=free t=0.740s ee=(-0.023,-0.079,+0.095) obj=(+0.000,+0.000,+0.050) goal_dist=0.300m switch=kStayInRepos target=(-0.023,-0.080,+0.133) ee_stride=0.038m ee_to_ptarget=0.145m landing_err=0.1661m ik_ok=Y ik_resid=0.0001m q_max_resid_deg=6.83 target_changed=Y retgt=N held_idx=1 held_cost=162329.17 won_cost=162329.17 margin=+0.00 won_src=prev_repos held_valid=Y reason=hold setpoint_to_ptarget=nanm finished_val=0.1454m finished_thresh=0.0200m pd_resid=nanm nextwp_to_ptarget=nanm guide_terminal_err=nanm
[GATE-EVOLVE] step=74 curr=135980.94 best_other=162329.17 ratio=0.8377 ee_to_optimal=0.1263m phi=0.0044m
[STAGE-A-TRACE] step=74 sim_t=0.740 mode=free phi=0.00438 box_xy=+0.00000,+0.00000 lam_n_ee_box=nan qy=+0.00001 qz=+0.00000 finished_repos=0
[DRAKE-CONTACT] step=74 n_pairs=1 ee_box_normal=0.000
[GATE-CONTACT] step=74 F_W=(+0.0000,+0.0000,+0.0000) F_on_box=(-0.0000,-0.0000,-0.0000) n_face_out=(-0.0000,-0.0000,-0.0000) A_is_ee=0 box_q=(+1.00000,-0.00001,+0.00001,+0.00000) box_p=(+0.00000,+0.00000,+0.04999) ee_p=(-0.02320,-0.07937,+0.09463)
[EErel] along_push=+0.023m (neg=correct)  perp=0.079m  ee_to_box=0.083m  stage=3  obj=[0. 0.]  g_hat=[-1. -0.]
[proxy] err=0.258m  effective=[0.174 0.079 0.05 ]
[ADMM-C3+] primal: 6.1274->4.9359  dual: 109.8105->80.3186  mono=False  iters=25/25  rho=25.0
[ADMM-C3+] WARNING non-converged: pr=4.9359 dr=80.3186 tol=1e-03
[C3+] step=222 |u[0]|=41.33Nm u_axis=(+6.19,-23.24,-13.57,+29.65,+4.05,+7.03,-0.61)Nm λ_n_max=1.058 η_n_max=1.279 primal=4.936 iters=25/25 lcp_res_max=nan
[ADMIT-GUARD] step=75 admit_active=0 latch=0/0 ee_z=0.098 gate_cap=0
[ALT-GATE] step=75 target_stable=0/0 allow_descent=1
[GS-tgt] step=75 ee=(-0.023,-0.079,+0.098) p_repos=(+0.080,+0.000,+0.030) ee_to_target=0.147m target_label=prev_repos target_changed=N delta=0.000m
[GS] step=75 mode=free switch=kStayInRepos best_k=0 best_src=prev_repos curr_cost=136049.92 repos_cost=162056.47 best_other=162056.47 met_progress=N steps_since_improve=73 switches=0
[STEP] step=75 mode=free t=0.750s ee=(-0.023,-0.079,+0.098) obj=(+0.000,+0.000,+0.050) goal_dist=0.300m switch=kStayInRepos target=(-0.023,-0.080,+0.137) ee_stride=0.039m ee_to_ptarget=0.147m landing_err=0.1686m ik_ok=Y ik_resid=0.0001m q_max_resid_deg=6.95 target_changed=Y retgt=N held_idx=1 held_cost=162056.47 won_cost=162056.47 margin=+0.00 won_src=prev_repos held_valid=Y reason=hold setpoint_to_ptarget=nanm finished_val=0.1470m finished_thresh=0.0200m pd_resid=nanm nextwp_to_ptarget=nanm guide_terminal_err=nanm
[GATE-EVOLVE] step=75 curr=136049.92 best_other=162056.47 ratio=0.8395 ee_to_optimal=0.1263m phi=0.0044m
[STAGE-A-TRACE] step=75 sim_t=0.750 mode=free phi=0.00443 box_xy=+0.00000,+0.00000 lam_n_ee_box=nan qy=+0.00001 qz=+0.00000 finished_repos=0
[DRAKE-CONTACT] step=75 n_pairs=1 ee_box_normal=0.000
[GATE-CONTACT] step=75 F_W=(+0.0000,+0.0000,+0.0000) F_on_box=(-0.0000,-0.0000,-0.0000) n_face_out=(-0.0000,-0.0000,-0.0000) A_is_ee=0 box_q=(+1.00000,-0.00001,+0.00001,+0.00000) box_p=(+0.00000,+0.00000,+0.04999) ee_p=(-0.02317,-0.07943,+0.09823)
[EErel] along_push=+0.023m (neg=correct)  perp=0.079m  ee_to_box=0.083m  stage=3  obj=[0. 0.]  g_hat=[-1. -0.]
[proxy] err=0.259m  effective=[0.174 0.079 0.05 ]
[ADMM-C3+] primal: 6.1274->4.9359  dual: 109.8105->80.3186  mono=False  iters=25/25  rho=25.0
[ADMM-C3+] WARNING non-converged: pr=4.9359 dr=80.3186 tol=1e-03
[C3+] step=225 |u[0]|=41.23Nm u_axis=(+6.33,-22.67,-14.17,+29.70,+4.23,+6.66,-0.61)Nm λ_n_max=1.058 η_n_max=1.279 primal=4.936 iters=25/25 lcp_res_max=nan
[ADMIT-GUARD] step=76 admit_active=0 latch=0/0 ee_z=0.102 gate_cap=0
[ALT-GATE] step=76 target_stable=0/0 allow_descent=1
[GS-tgt] step=76 ee=(-0.023,-0.079,+0.102) p_repos=(+0.080,+0.000,+0.030) ee_to_target=0.149m target_label=prev_repos target_changed=N delta=0.000m
[GS] step=76 mode=free switch=kStayInRepos best_k=0 best_src=prev_repos curr_cost=136123.73 repos_cost=161849.68 best_other=161849.68 met_progress=N steps_since_improve=74 switches=0
[STEP] step=76 mode=free t=0.760s ee=(-0.023,-0.079,+0.102) obj=(+0.000,+0.000,+0.050) goal_dist=0.300m switch=kStayInRepos target=(-0.023,-0.080,+0.141) ee_stride=0.039m ee_to_ptarget=0.149m landing_err=0.1712m ik_ok=Y ik_resid=0.0001m q_max_resid_deg=7.06 target_changed=Y retgt=N held_idx=1 held_cost=161849.68 won_cost=161849.68 margin=+0.00 won_src=prev_repos held_valid=Y reason=hold setpoint_to_ptarget=nanm finished_val=0.1488m finished_thresh=0.0200m pd_resid=nanm nextwp_to_ptarget=nanm guide_terminal_err=nanm
[GATE-EVOLVE] step=76 curr=136123.73 best_other=161849.68 ratio=0.8411 ee_to_optimal=0.1263m phi=0.0046m
[STAGE-A-TRACE] step=76 sim_t=0.760 mode=free phi=0.00456 box_xy=+0.00000,+0.00000 lam_n_ee_box=nan qy=+0.00001 qz=+0.00000 finished_repos=0
[DRAKE-CONTACT] step=76 n_pairs=1 ee_box_normal=0.000
[GATE-CONTACT] step=76 F_W=(+0.0000,+0.0000,+0.0000) F_on_box=(-0.0000,-0.0000,-0.0000) n_face_out=(-0.0000,-0.0000,-0.0000) A_is_ee=0 box_q=(+1.00000,-0.00001,+0.00001,+0.00000) box_p=(+0.00000,+0.00000,+0.04999) ee_p=(-0.02314,-0.07949,+0.10191)
[EErel] along_push=+0.023m (neg=correct)  perp=0.080m  ee_to_box=0.083m  stage=3  obj=[0. 0.]  g_hat=[-1. -0.]
[proxy] err=0.260m  effective=[0.174 0.08  0.05 ]
[ADMM-C3+] primal: 6.1274->4.9359  dual: 109.8105->80.3186  mono=False  iters=25/25  rho=25.0
[ADMM-C3+] WARNING non-converged: pr=4.9359 dr=80.3186 tol=1e-03
[C3+] step=228 |u[0]|=41.14Nm u_axis=(+6.45,-22.14,-14.76,+29.73,+4.40,+6.29,-0.61)Nm λ_n_max=1.058 η_n_max=1.279 primal=4.936 iters=25/25 lcp_res_max=nan
[ADMIT-GUARD] step=77 admit_active=0 latch=0/0 ee_z=0.106 gate_cap=0
[ALT-GATE] step=77 target_stable=0/0 allow_descent=1
[GS-tgt] step=77 ee=(-0.023,-0.080,+0.106) p_repos=(+0.080,+0.000,+0.030) ee_to_target=0.151m target_label=prev_repos target_changed=N delta=0.000m
[GS] step=77 mode=free switch=kStayInRepos best_k=0 best_src=prev_repos curr_cost=136202.48 repos_cost=161718.70 best_other=161718.70 met_progress=N steps_since_improve=75 switches=0
[STEP] step=77 mode=free t=0.770s ee=(-0.023,-0.080,+0.106) obj=(+0.000,+0.000,+0.050) goal_dist=0.300m switch=kStayInRepos target=(-0.023,-0.080,+0.145) ee_stride=0.039m ee_to_ptarget=0.151m landing_err=0.1738m ik_ok=Y ik_resid=0.0001m q_max_resid_deg=7.16 target_changed=Y retgt=N held_idx=1 held_cost=161718.70 won_cost=161718.70 margin=+0.00 won_src=prev_repos held_valid=Y reason=hold setpoint_to_ptarget=nanm finished_val=0.1506m finished_thresh=0.0200m pd_resid=nanm nextwp_to_ptarget=nanm guide_terminal_err=nanm
[GATE-EVOLVE] step=77 curr=136202.48 best_other=161718.70 ratio=0.8422 ee_to_optimal=0.1263m phi=0.0051m
[STAGE-A-TRACE] step=77 sim_t=0.770 mode=free phi=0.00509 box_xy=+0.00000,+0.00000 lam_n_ee_box=nan qy=+0.00001 qz=+0.00000 finished_repos=0
[DRAKE-CONTACT] step=77 n_pairs=1 ee_box_normal=0.000
[GATE-CONTACT] step=77 F_W=(+0.0000,+0.0000,+0.0000) F_on_box=(-0.0000,-0.0000,-0.0000) n_face_out=(-0.0000,-0.0000,-0.0000) A_is_ee=0 box_q=(+1.00000,-0.00001,+0.00001,+0.00000) box_p=(+0.00000,+0.00000,+0.04999) ee_p=(-0.02311,-0.07955,+0.10566)
[EErel] along_push=+0.023m (neg=correct)  perp=0.080m  ee_to_box=0.083m  stage=3  obj=[0. 0.]  g_hat=[-1. -0.]
[proxy] err=0.261m  effective=[0.174 0.08  0.05 ]
[ADMM-C3+] primal: 6.1274->4.9359  dual: 109.8105->80.3186  mono=False  iters=25/25  rho=25.0
[ADMM-C3+] WARNING non-converged: pr=4.9359 dr=80.3186 tol=1e-03
[C3+] step=231 |u[0]|=41.07Nm u_axis=(+6.55,-21.63,-15.33,+29.74,+4.57,+5.91,-0.62)Nm λ_n_max=1.058 η_n_max=1.279 primal=4.936 iters=25/25 lcp_res_max=nan
[ADMIT-GUARD] step=78 admit_active=0 latch=0/0 ee_z=0.109 gate_cap=0
[ALT-GATE] step=78 target_stable=0/0 allow_descent=1
[GS-tgt] step=78 ee=(-0.023,-0.080,+0.109) p_repos=(+0.080,+0.000,+0.030) ee_to_target=0.153m target_label=prev_repos target_changed=N delta=0.000m
[GS] step=78 mode=free switch=kStayInRepos best_k=0 best_src=prev_repos curr_cost=136286.37 repos_cost=161619.20 best_other=161619.20 met_progress=N steps_since_improve=76 switches=0
[STEP] step=78 mode=free t=0.780s ee=(-0.023,-0.080,+0.109) obj=(+0.000,+0.000,+0.050) goal_dist=0.300m switch=kStayInRepos target=(-0.023,-0.080,+0.149) ee_stride=0.039m ee_to_ptarget=0.153m landing_err=0.1765m ik_ok=Y ik_resid=0.0001m q_max_resid_deg=7.25 target_changed=Y retgt=N held_idx=1 held_cost=161619.20 won_cost=161619.20 margin=+0.00 won_src=prev_repos held_valid=Y reason=hold setpoint_to_ptarget=nanm finished_val=0.1526m finished_thresh=0.0200m pd_resid=nanm nextwp_to_ptarget=nanm guide_terminal_err=nanm
[GATE-EVOLVE] step=78 curr=136286.37 best_other=161619.20 ratio=0.8433 ee_to_optimal=0.1263m phi=0.0061m
[STAGE-A-TRACE] step=78 sim_t=0.780 mode=free phi=0.00609 box_xy=+0.00000,+0.00000 lam_n_ee_box=nan qy=+0.00001 qz=+0.00000 finished_repos=0
[DRAKE-CONTACT] step=78 n_pairs=1 ee_box_normal=0.000
[GATE-CONTACT] step=78 F_W=(+0.0000,+0.0000,+0.0000) F_on_box=(-0.0000,-0.0000,-0.0000) n_face_out=(-0.0000,-0.0000,-0.0000) A_is_ee=0 box_q=(+1.00000,-0.00001,+0.00001,+0.00000) box_p=(+0.00000,+0.00000,+0.04999) ee_p=(-0.02308,-0.07961,+0.10945)
[EErel] along_push=+0.023m (neg=correct)  perp=0.080m  ee_to_box=0.083m  stage=3  obj=[0. 0.]  g_hat=[-1. -0.]
[proxy] err=0.262m  effective=[0.174 0.08  0.05 ]
[ADMM-C3+] primal: 6.1274->4.9359  dual: 109.8105->80.3186  mono=False  iters=25/25  rho=25.0
[ADMM-C3+] WARNING non-converged: pr=4.9359 dr=80.3186 tol=1e-03
[C3+] step=234 |u[0]|=41.01Nm u_axis=(+6.64,-21.14,-15.90,+29.75,+4.75,+5.52,-0.62)Nm λ_n_max=1.058 η_n_max=1.279 primal=4.936 iters=25/25 lcp_res_max=nan
[ADMIT-GUARD] step=79 admit_active=0 latch=0/0 ee_z=0.113 gate_cap=0
[ALT-GATE] step=79 target_stable=0/0 allow_descent=1
[GS-tgt] step=79 ee=(-0.023,-0.080,+0.113) p_repos=(+0.080,+0.000,+0.030) ee_to_target=0.155m target_label=prev_repos target_changed=N delta=0.000m
[GS] step=79 mode=free switch=kStayInRepos best_k=0 best_src=prev_repos curr_cost=136375.60 repos_cost=161543.30 best_other=161543.30 met_progress=N steps_since_improve=77 switches=0
[STEP] step=79 mode=free t=0.790s ee=(-0.023,-0.080,+0.113) obj=(+0.000,+0.000,+0.050) goal_dist=0.300m switch=kStayInRepos target=(-0.020,-0.078,+0.149) ee_stride=0.036m ee_to_ptarget=0.155m landing_err=0.1735m ik_ok=Y ik_resid=0.0001m q_max_resid_deg=6.35 target_changed=Y retgt=N held_idx=1 held_cost=161543.30 won_cost=161543.30 margin=+0.00 won_src=prev_repos held_valid=Y reason=hold setpoint_to_ptarget=nanm finished_val=0.1546m finished_thresh=0.0200m pd_resid=nanm nextwp_to_ptarget=nanm guide_terminal_err=nanm
[GATE-EVOLVE] step=79 curr=136375.60 best_other=161543.30 ratio=0.8442 ee_to_optimal=0.1263m phi=0.0075m
[STAGE-A-TRACE] step=79 sim_t=0.790 mode=free phi=0.00752 box_xy=+0.00000,+0.00000 lam_n_ee_box=nan qy=+0.00001 qz=+0.00000 finished_repos=0
[DRAKE-CONTACT] step=79 n_pairs=1 ee_box_normal=0.000
[GATE-CONTACT] step=79 F_W=(+0.0000,+0.0000,+0.0000) F_on_box=(-0.0000,-0.0000,-0.0000) n_face_out=(-0.0000,-0.0000,-0.0000) A_is_ee=0 box_q=(+1.00000,-0.00001,+0.00001,+0.00000) box_p=(+0.00000,+0.00000,+0.04999) ee_p=(-0.02306,-0.07967,+0.11329)
[EErel] along_push=+0.023m (neg=correct)  perp=0.080m  ee_to_box=0.083m  stage=3  obj=[0. 0.]  g_hat=[-1. -0.]
[proxy] err=0.262m  effective=[0.174 0.08  0.05 ]
[ADMM-C3+] primal: 6.1274->4.9359  dual: 109.8105->80.3186  mono=False  iters=25/25  rho=25.0
[ADMM-C3+] WARNING non-converged: pr=4.9359 dr=80.3186 tol=1e-03
[C3+] step=237 |u[0]|=40.79Nm u_axis=(+6.77,-21.05,-16.07,+29.42,+4.83,+5.22,-0.61)Nm λ_n_max=1.058 η_n_max=1.279 primal=4.936 iters=25/25 lcp_res_max=nan
[ADMIT-GUARD] step=80 admit_active=0 latch=0/0 ee_z=0.117 gate_cap=0
[ALT-GATE] step=80 target_stable=0/0 allow_descent=1
[GS-tgt] step=80 ee=(-0.023,-0.080,+0.117) p_repos=(+0.080,+0.000,+0.030) ee_to_target=0.157m target_label=prev_repos target_changed=N delta=0.000m
[IMP] step=80 mode=free |x_err|=0.0326m |tau_imp|=14.47Nm |tau_ff|=0.00Nm |tau_out|=14.47Nm sat=False lam_n=False lam_t=False
[GS] step=80 mode=free switch=kStayInRepos best_k=0 best_src=prev_repos curr_cost=136438.84 repos_cost=161720.63 best_other=161720.63 met_progress=N steps_since_improve=78 switches=0
[STEP] step=80 mode=free t=0.800s ee=(-0.023,-0.080,+0.117) obj=(+0.000,+0.000,+0.050) goal_dist=0.300m switch=kStayInRepos target=(-0.017,-0.075,+0.149) ee_stride=0.033m ee_to_ptarget=0.157m landing_err=0.1706m ik_ok=Y ik_resid=0.0001m q_max_resid_deg=5.45 target_changed=Y retgt=N held_idx=1 held_cost=161720.63 won_cost=161720.63 margin=+0.00 won_src=prev_repos held_valid=Y reason=hold setpoint_to_ptarget=nanm finished_val=0.1566m finished_thresh=0.0200m pd_resid=nanm nextwp_to_ptarget=nanm guide_terminal_err=nanm
[GATE-EVOLVE] step=80 curr=136438.84 best_other=161720.63 ratio=0.8437 ee_to_optimal=0.1263m phi=0.0093m
[STAGE-A-TRACE] step=80 sim_t=0.800 mode=free phi=0.00926 box_xy=+0.00000,+0.00000 lam_n_ee_box=nan qy=+0.00001 qz=+0.00000 finished_repos=0
[GS-table] step=80
  k=0 (current   ) pos=(-0.023,-0.080,+0.117) c_C3= 136438.84 align=0.0000(bonus=    0.00) rot=+0.0000(bonus=    0.00) travel=0.000m(pen=  0.00) c_sample= 136438.84 feas=Y ik_err=0.0000m  ← WIN
  k=1 (prev_repos) pos=(+0.080,+0.000,+0.030) c_C3= 191689.30 align=1.0000(bonus=30000.00) rot=+0.0000(bonus=    0.00) travel=0.157m(pen= 31.33) c_sample= 161720.63 feas=Y ik_err=0.0002m
  k=2 (strat_0   ) pos=(+0.080,+0.000,+0.030) c_C3= 191689.30 align=1.0000(bonus=30000.00) rot=+0.0000(bonus=    0.00) travel=0.157m(pen= 31.33) c_sample= 161720.63 feas=Y ik_err=0.0002m
[DRAKE-CONTACT] step=80 n_pairs=1 ee_box_normal=0.000
[GATE-CONTACT] step=80 F_W=(+0.0000,+0.0000,+0.0000) F_on_box=(-0.0000,-0.0000,-0.0000) n_face_out=(-0.0000,-0.0000,-0.0000) A_is_ee=0 box_q=(+1.00000,-0.00001,+0.00001,+0.00000) box_p=(+0.00000,+0.00000,+0.04999) ee_p=(-0.02296,-0.07968,+0.11708)
[EErel] along_push=+0.023m (neg=correct)  perp=0.080m  ee_to_box=0.083m  stage=3  obj=[0. 0.]  g_hat=[-1. -0.]
[proxy] err=0.263m  effective=[0.174 0.08  0.05 ]
[ADMM-C3+] primal: 6.1274->4.9359  dual: 109.8105->80.3186  mono=False  iters=25/25  rho=25.0
[ADMM-C3+] WARNING non-converged: pr=4.9359 dr=80.3186 tol=1e-03
[C3+] step=240 |u[0]|=40.46Nm u_axis=(+6.95,-21.25,-15.95,+28.88,+4.86,+4.97,-0.60)Nm λ_n_max=1.058 η_n_max=1.279 primal=4.936 iters=25/25 lcp_res_max=nan
[ADMIT-GUARD] step=81 admit_active=0 latch=0/0 ee_z=0.121 gate_cap=0
[ALT-GATE] step=81 target_stable=0/0 allow_descent=1
[GS-tgt] step=81 ee=(-0.023,-0.080,+0.121) p_repos=(+0.080,+0.000,+0.030) ee_to_target=0.158m target_label=prev_repos target_changed=N delta=0.000m
[GS] step=81 mode=free switch=kStayInRepos best_k=0 best_src=prev_repos curr_cost=136475.63 repos_cost=162149.18 best_other=162149.18 met_progress=N steps_since_improve=79 switches=0
[STEP] step=81 mode=free t=0.810s ee=(-0.023,-0.080,+0.121) obj=(+0.000,+0.000,+0.050) goal_dist=0.300m switch=kStayInRepos target=(-0.013,-0.073,+0.149) ee_stride=0.030m ee_to_ptarget=0.158m landing_err=0.1678m ik_ok=Y ik_resid=0.0000m q_max_resid_deg=4.57 target_changed=Y retgt=N held_idx=1 held_cost=162149.18 won_cost=162149.18 margin=+0.00 won_src=prev_repos held_valid=Y reason=hold setpoint_to_ptarget=nanm finished_val=0.1585m finished_thresh=0.0200m pd_resid=nanm nextwp_to_ptarget=nanm guide_terminal_err=nanm
[GATE-EVOLVE] step=81 curr=136475.63 best_other=162149.18 ratio=0.8417 ee_to_optimal=0.1260m phi=0.0111m
[STAGE-A-TRACE] step=81 sim_t=0.810 mode=free phi=0.01113 box_xy=+0.00000,+0.00000 lam_n_ee_box=nan qy=+0.00001 qz=+0.00000 finished_repos=0
[DRAKE-CONTACT] step=81 n_pairs=1 ee_box_normal=0.000
[GATE-CONTACT] step=81 F_W=(+0.0000,+0.0000,+0.0000) F_on_box=(-0.0000,-0.0000,-0.0000) n_face_out=(-0.0000,-0.0000,-0.0000) A_is_ee=0 box_q=(+1.00000,-0.00001,+0.00001,+0.00000) box_p=(+0.00000,+0.00000,+0.04999) ee_p=(-0.02271,-0.07959,+0.12073)
[EErel] along_push=+0.022m (neg=correct)  perp=0.079m  ee_to_box=0.082m  stage=3  obj=[0. 0.]  g_hat=[-1. -0.]
[proxy] err=0.263m  effective=[0.174 0.079 0.05 ]
[ADMM-C3+] primal: 6.1274->4.9359  dual: 109.8105->80.3186  mono=False  iters=25/25  rho=25.0
[ADMM-C3+] WARNING non-converged: pr=4.9359 dr=80.3186 tol=1e-03
[C3+] step=243 |u[0]|=40.08Nm u_axis=(+7.16,-21.66,-15.59,+28.22,+4.85,+4.72,-0.59)Nm λ_n_max=1.058 η_n_max=1.279 primal=4.936 iters=25/25 lcp_res_max=nan
[ADMIT-GUARD] step=82 admit_active=0 latch=0/0 ee_z=0.124 gate_cap=0
[ALT-GATE] step=82 target_stable=0/0 allow_descent=1
[GS-tgt] step=82 ee=(-0.022,-0.079,+0.124) p_repos=(+0.080,+0.000,+0.030) ee_to_target=0.160m target_label=prev_repos target_changed=N delta=0.000m
[GS] step=82 mode=free switch=kStayInRepos best_k=0 best_src=prev_repos curr_cost=136486.60 repos_cost=162864.85 best_other=162864.85 met_progress=N steps_since_improve=80 switches=0
[STEP] step=82 mode=free t=0.820s ee=(-0.022,-0.079,+0.124) obj=(+0.000,+0.000,+0.050) goal_dist=0.300m switch=kStayInRepos target=(-0.010,-0.071,+0.149) ee_stride=0.029m ee_to_ptarget=0.160m landing_err=0.1650m ik_ok=Y ik_resid=0.0000m q_max_resid_deg=3.74 target_changed=Y retgt=N held_idx=1 held_cost=162864.85 won_cost=162864.85 margin=+0.00 won_src=prev_repos held_valid=Y reason=hold setpoint_to_ptarget=nanm finished_val=0.1600m finished_thresh=0.0200m pd_resid=nanm nextwp_to_ptarget=nanm guide_terminal_err=nanm
[GATE-EVOLVE] step=82 curr=136486.60 best_other=162864.85 ratio=0.8380 ee_to_optimal=0.1255m phi=0.0130m
[STAGE-A-TRACE] step=82 sim_t=0.820 mode=free phi=0.01301 box_xy=+0.00000,+0.00000 lam_n_ee_box=nan qy=+0.00001 qz=+0.00000 finished_repos=0
[DRAKE-CONTACT] step=82 n_pairs=1 ee_box_normal=0.000
[GATE-CONTACT] step=82 F_W=(+0.0000,+0.0000,+0.0000) F_on_box=(-0.0000,-0.0000,-0.0000) n_face_out=(-0.0000,-0.0000,-0.0000) A_is_ee=0 box_q=(+1.00000,-0.00001,+0.00001,+0.00000) box_p=(+0.00000,+0.00000,+0.04999) ee_p=(-0.02223,-0.07935,+0.12414)
[EErel] along_push=+0.022m (neg=correct)  perp=0.079m  ee_to_box=0.082m  stage=3  obj=[0. 0.]  g_hat=[-1. -0.]
[proxy] err=0.262m  effective=[0.173 0.079 0.05 ]
[ADMM-C3+] primal: 6.1274->4.9359  dual: 109.8105->80.3186  mono=False  iters=25/25  rho=25.0
[ADMM-C3+] WARNING non-converged: pr=4.9359 dr=80.3186 tol=1e-03
[C3+] step=246 |u[0]|=39.69Nm u_axis=(+7.41,-22.20,-15.06,+27.52,+4.83,+4.45,-0.58)Nm λ_n_max=1.058 η_n_max=1.279 primal=4.936 iters=25/25 lcp_res_max=nan
[ADMIT-GUARD] step=83 admit_active=0 latch=0/0 ee_z=0.127 gate_cap=0
[ALT-GATE] step=83 target_stable=0/0 allow_descent=1
[GS-tgt] step=83 ee=(-0.022,-0.079,+0.127) p_repos=(+0.080,+0.000,+0.030) ee_to_target=0.161m target_label=prev_repos target_changed=N delta=0.000m
[GS] step=83 mode=free switch=kStayInRepos best_k=0 best_src=prev_repos curr_cost=136472.99 repos_cost=163913.27 best_other=163913.27 met_progress=N steps_since_improve=81 switches=0
[STEP] step=83 mode=free t=0.830s ee=(-0.022,-0.079,+0.127) obj=(+0.000,+0.000,+0.050) goal_dist=0.300m switch=kStayInRepos target=(-0.007,-0.068,+0.149) ee_stride=0.028m ee_to_ptarget=0.161m landing_err=0.1622m ik_ok=Y ik_resid=0.0006m q_max_resid_deg=2.94 target_changed=Y retgt=N held_idx=1 held_cost=163913.27 won_cost=163913.27 margin=+0.00 won_src=prev_repos held_valid=Y reason=hold setpoint_to_ptarget=nanm finished_val=0.1612m finished_thresh=0.0200m pd_resid=nanm nextwp_to_ptarget=nanm guide_terminal_err=nanm
[GATE-EVOLVE] step=83 curr=136472.99 best_other=163913.27 ratio=0.8326 ee_to_optimal=0.1247m phi=0.0148m
[STAGE-A-TRACE] step=83 sim_t=0.830 mode=free phi=0.01478 box_xy=+0.00000,+0.00000 lam_n_ee_box=nan qy=+0.00001 qz=+0.00000 finished_repos=0
[DRAKE-CONTACT] step=83 n_pairs=1 ee_box_normal=0.000
[GATE-CONTACT] step=83 F_W=(+0.0000,+0.0000,+0.0000) F_on_box=(-0.0000,-0.0000,-0.0000) n_face_out=(-0.0000,-0.0000,-0.0000) A_is_ee=0 box_q=(+1.00000,-0.00001,+0.00001,+0.00000) box_p=(+0.00000,+0.00000,+0.04999) ee_p=(-0.02151,-0.07893,+0.12729)
[EErel] along_push=+0.021m (neg=correct)  perp=0.078m  ee_to_box=0.081m  stage=3  obj=[0. 0.]  g_hat=[-1. -0.]
[proxy] err=0.260m  effective=[0.171 0.078 0.05 ]
[ADMM-C3+] primal: 6.1274->4.9359  dual: 109.8105->80.3186  mono=False  iters=25/25  rho=25.0
[ADMM-C3+] WARNING non-converged: pr=4.9359 dr=80.3186 tol=1e-03
[C3+] step=249 |u[0]|=39.33Nm u_axis=(+7.69,-22.83,-14.39,+26.81,+4.79,+4.14,-0.57)Nm λ_n_max=1.058 η_n_max=1.279 primal=4.936 iters=25/25 lcp_res_max=nan
[ADMIT-GUARD] step=84 admit_active=0 latch=0/0 ee_z=0.130 gate_cap=0
[ALT-GATE] step=84 target_stable=0/0 allow_descent=1
[GS-tgt] step=84 ee=(-0.021,-0.078,+0.130) p_repos=(+0.080,+0.000,+0.030) ee_to_target=0.162m target_label=prev_repos target_changed=N delta=0.000m
[GS] step=84 mode=free switch=kStayInRepos best_k=0 best_src=prev_repos curr_cost=136436.48 repos_cost=165259.94 best_other=165259.94 met_progress=N steps_since_improve=82 switches=0
[STEP] step=84 mode=free t=0.840s ee=(-0.021,-0.078,+0.130) obj=(+0.000,+0.000,+0.050) goal_dist=0.300m switch=kStayInRepos target=(-0.004,-0.066,+0.149) ee_stride=0.028m ee_to_ptarget=0.162m landing_err=0.1595m ik_ok=Y ik_resid=0.0005m q_max_resid_deg=2.28 target_changed=Y retgt=N held_idx=1 held_cost=165259.94 won_cost=165259.94 margin=+0.00 won_src=prev_repos held_valid=Y reason=hold setpoint_to_ptarget=nanm finished_val=0.1621m finished_thresh=0.0200m pd_resid=nanm nextwp_to_ptarget=nanm guide_terminal_err=nanm
[GATE-EVOLVE] step=84 curr=136436.48 best_other=165259.94 ratio=0.8256 ee_to_optimal=0.1236m phi=0.0164m
[STAGE-A-TRACE] step=84 sim_t=0.840 mode=free phi=0.01639 box_xy=+0.00000,+0.00000 lam_n_ee_box=nan qy=+0.00001 qz=+0.00000 finished_repos=0
[DRAKE-CONTACT] step=84 n_pairs=1 ee_box_normal=0.000
[GATE-CONTACT] step=84 F_W=(+0.0000,+0.0000,+0.0000) F_on_box=(-0.0000,-0.0000,-0.0000) n_face_out=(-0.0000,-0.0000,-0.0000) A_is_ee=0 box_q=(+1.00000,-0.00001,+0.00001,+0.00000) box_p=(+0.00000,+0.00000,+0.04999) ee_p=(-0.02054,-0.07834,+0.13016)
[EErel] along_push=+0.019m (neg=correct)  perp=0.078m  ee_to_box=0.080m  stage=3  obj=[0. 0.]  g_hat=[-1. -0.]
[proxy] err=0.258m  effective=[0.17  0.078 0.05 ]
[ADMM-C3+] primal: 6.1274->4.9359  dual: 109.8105->80.3186  mono=False  iters=25/25  rho=25.0
[ADMM-C3+] WARNING non-converged: pr=4.9359 dr=80.3186 tol=1e-03
[C3+] step=252 |u[0]|=39.02Nm u_axis=(+8.00,-23.51,-13.63,+26.14,+4.74,+3.78,-0.57)Nm λ_n_max=1.058 η_n_max=1.279 primal=4.936 iters=25/25 lcp_res_max=nan
[ADMIT-GUARD] step=85 admit_active=0 latch=0/0 ee_z=0.133 gate_cap=0
[ALT-GATE] step=85 target_stable=0/0 allow_descent=1
[GS-tgt] step=85 ee=(-0.019,-0.078,+0.133) p_repos=(+0.080,+0.000,+0.030) ee_to_target=0.163m target_label=prev_repos target_changed=N delta=0.000m
[GS] step=85 mode=free switch=kStayInRepos best_k=0 best_src=prev_repos curr_cost=136379.07 repos_cost=166810.24 best_other=166810.24 met_progress=N steps_since_improve=83 switches=0
[STEP] step=85 mode=free t=0.850s ee=(-0.019,-0.078,+0.133) obj=(+0.000,+0.000,+0.050) goal_dist=0.300m switch=kStayInRepos target=(-0.001,-0.063,+0.149) ee_stride=0.028m ee_to_ptarget=0.163m landing_err=0.1569m ik_ok=Y ik_resid=0.0006m q_max_resid_deg=1.68 target_changed=Y retgt=N held_idx=1 held_cost=166810.24 won_cost=166810.24 margin=+0.00 won_src=prev_repos held_valid=Y reason=hold setpoint_to_ptarget=nanm finished_val=0.1626m finished_thresh=0.0200m pd_resid=nanm nextwp_to_ptarget=nanm guide_terminal_err=nanm
[GATE-EVOLVE] step=85 curr=136379.07 best_other=166810.24 ratio=0.8176 ee_to_optimal=0.1221m phi=0.0178m
[STAGE-A-TRACE] step=85 sim_t=0.850 mode=free phi=0.01780 box_xy=+0.00000,+0.00000 lam_n_ee_box=nan qy=+0.00001 qz=+0.00000 finished_repos=0
[DRAKE-CONTACT] step=85 n_pairs=1 ee_box_normal=0.000
[GATE-CONTACT] step=85 F_W=(+0.0000,+0.0000,+0.0000) F_on_box=(-0.0000,-0.0000,-0.0000) n_face_out=(-0.0000,-0.0000,-0.0000) A_is_ee=0 box_q=(+1.00000,-0.00001,+0.00001,+0.00000) box_p=(+0.00000,+0.00000,+0.04999) ee_p=(-0.01933,-0.07756,+0.13273)
[EErel] along_push=+0.018m (neg=correct)  perp=0.077m  ee_to_box=0.079m  stage=3  obj=[0. 0.]  g_hat=[-1. -0.]
[proxy] err=0.255m  effective=[0.168 0.077 0.05 ]
[ADMM-C3+] primal: 6.1274->4.9359  dual: 109.8105->80.3187  mono=False  iters=25/25  rho=25.0
[ADMM-C3+] WARNING non-converged: pr=4.9359 dr=80.3187 tol=1e-03
[C3+] step=255 |u[0]|=38.65Nm u_axis=(+8.32,-24.01,-12.79,+25.50,+4.68,+3.39,-0.57)Nm λ_n_max=1.058 η_n_max=1.279 primal=4.936 iters=25/25 lcp_res_max=nan
[ADMIT-GUARD] step=86 admit_active=0 latch=0/0 ee_z=0.135 gate_cap=0
[ALT-GATE] step=86 target_stable=0/0 allow_descent=1
[GS-tgt] step=86 ee=(-0.018,-0.077,+0.135) p_repos=(+0.080,+0.000,+0.030) ee_to_target=0.163m target_label=prev_repos target_changed=N delta=0.000m
[GS] step=86 mode=free switch=kStayInRepos best_k=0 best_src=prev_repos curr_cost=136302.43 repos_cost=168479.83 best_other=168479.83 met_progress=N steps_since_improve=84 switches=0
[STEP] step=86 mode=free t=0.860s ee=(-0.018,-0.077,+0.135) obj=(+0.000,+0.000,+0.050) goal_dist=0.300m switch=kStayInRepos target=(+0.002,-0.061,+0.149) ee_stride=0.029m ee_to_ptarget=0.163m landing_err=0.1543m ik_ok=Y ik_resid=0.0007m q_max_resid_deg=1.57 target_changed=Y retgt=N held_idx=1 held_cost=168479.83 won_cost=168479.83 margin=+0.00 won_src=prev_repos held_valid=Y reason=hold setpoint_to_ptarget=nanm finished_val=0.1627m finished_thresh=0.0200m pd_resid=nanm nextwp_to_ptarget=nanm guide_terminal_err=nanm
[GATE-EVOLVE] step=86 curr=136302.43 best_other=168479.83 ratio=0.8090 ee_to_optimal=0.1204m phi=0.0190m
[STAGE-A-TRACE] step=86 sim_t=0.860 mode=free phi=0.01899 box_xy=+0.00000,+0.00000 lam_n_ee_box=nan qy=+0.00001 qz=+0.00000 finished_repos=0
[DRAKE-CONTACT] step=86 n_pairs=1 ee_box_normal=0.000
[GATE-CONTACT] step=86 F_W=(+0.0000,+0.0000,+0.0000) F_on_box=(-0.0000,-0.0000,-0.0000) n_face_out=(-0.0000,-0.0000,-0.0000) A_is_ee=0 box_q=(+1.00000,-0.00001,+0.00001,+0.00000) box_p=(+0.00000,+0.00000,+0.04999) ee_p=(-0.01789,-0.07660,+0.13503)
[EErel] along_push=+0.016m (neg=correct)  perp=0.075m  ee_to_box=0.077m  stage=3  obj=[0. 0.]  g_hat=[-1. -0.]
[proxy] err=0.252m  effective=[0.166 0.075 0.05 ]
[ADMM-C3+] primal: 6.1274->4.9359  dual: 109.8105->80.3186  mono=False  iters=25/25  rho=25.0
[ADMM-C3+] WARNING non-converged: pr=4.9359 dr=80.3186 tol=1e-03
[C3+] step=258 |u[0]|=37.95Nm u_axis=(+8.61,-23.93,-11.92,+24.91,+4.63,+2.98,-0.56)Nm λ_n_max=1.058 η_n_max=1.279 primal=4.936 iters=25/25 lcp_res_max=nan
[ADMIT-GUARD] step=87 admit_active=0 latch=0/0 ee_z=0.137 gate_cap=0
[ALT-GATE] step=87 target_stable=0/0 allow_descent=1
[GS-tgt] step=87 ee=(-0.016,-0.075,+0.137) p_repos=(+0.080,+0.000,+0.030) ee_to_target=0.163m target_label=prev_repos target_changed=N delta=0.000m
[GS] step=87 mode=free switch=kStayInRepos best_k=0 best_src=prev_repos curr_cost=136207.33 repos_cost=170189.68 best_other=170189.68 met_progress=N steps_since_improve=85 switches=0
[STEP] step=87 mode=free t=0.870s ee=(-0.016,-0.075,+0.137) obj=(+0.000,+0.000,+0.050) goal_dist=0.300m switch=kStayInRepos target=(+0.006,-0.058,+0.149) ee_stride=0.030m ee_to_ptarget=0.163m landing_err=0.1518m ik_ok=Y ik_resid=0.0009m q_max_resid_deg=1.90 target_changed=Y retgt=N held_idx=1 held_cost=170189.68 won_cost=170189.68 margin=+0.00 won_src=prev_repos held_valid=Y reason=hold setpoint_to_ptarget=nanm finished_val=0.1625m finished_thresh=0.0200m pd_resid=nanm nextwp_to_ptarget=nanm guide_terminal_err=nanm
[GATE-EVOLVE] step=87 curr=136207.33 best_other=170189.68 ratio=0.8003 ee_to_optimal=0.1184m phi=0.0200m
[STAGE-A-TRACE] step=87 sim_t=0.870 mode=free phi=0.01998 box_xy=+0.00000,+0.00000 lam_n_ee_box=nan qy=+0.00001 qz=+0.00000 finished_repos=0
[DRAKE-CONTACT] step=87 n_pairs=1 ee_box_normal=0.000
[GATE-CONTACT] step=87 F_W=(+0.0000,+0.0000,+0.0000) F_on_box=(-0.0000,-0.0000,-0.0000) n_face_out=(-0.0000,-0.0000,-0.0000) A_is_ee=0 box_q=(+1.00000,-0.00001,+0.00001,+0.00000) box_p=(+0.00000,+0.00000,+0.04999) ee_p=(-0.01624,-0.07547,+0.13706)
[EErel] along_push=+0.014m (neg=correct)  perp=0.074m  ee_to_box=0.076m  stage=3  obj=[0. 0.]  g_hat=[-1. -0.]
[proxy] err=0.248m  effective=[0.163 0.074 0.05 ]
[ADMM-C3+] primal: 6.1274->4.9359  dual: 109.8105->80.3186  mono=False  iters=25/25  rho=25.0
[ADMM-C3+] WARNING non-converged: pr=4.9359 dr=80.3186 tol=1e-03
[C3+] step=261 |u[0]|=37.30Nm u_axis=(+8.93,-23.85,-11.02,+24.37,+4.58,+2.54,-0.56)Nm λ_n_max=1.058 η_n_max=1.279 primal=4.936 iters=25/25 lcp_res_max=nan
[ADMIT-GUARD] step=88 admit_active=0 latch=0/0 ee_z=0.139 gate_cap=0
[ALT-GATE] step=88 target_stable=0/0 allow_descent=1
[GS-tgt] step=88 ee=(-0.014,-0.074,+0.139) p_repos=(+0.080,+0.000,+0.030) ee_to_target=0.162m target_label=prev_repos target_changed=N delta=0.000m
[GS] step=88 mode=free switch=kStayInRepos best_k=0 best_src=prev_repos curr_cost=136098.59 repos_cost=171865.29 best_other=171865.29 met_progress=N steps_since_improve=86 switches=0
[STEP] step=88 mode=free t=0.880s ee=(-0.014,-0.074,+0.139) obj=(+0.000,+0.000,+0.050) goal_dist=0.300m switch=kStayInRepos target=(+0.009,-0.056,+0.149) ee_stride=0.031m ee_to_ptarget=0.162m landing_err=0.1493m ik_ok=Y ik_resid=0.0001m q_max_resid_deg=2.37 target_changed=Y retgt=N held_idx=1 held_cost=171865.29 won_cost=171865.29 margin=+0.00 won_src=prev_repos held_valid=Y reason=hold setpoint_to_ptarget=nanm finished_val=0.1621m finished_thresh=0.0200m pd_resid=nanm nextwp_to_ptarget=nanm guide_terminal_err=nanm
[GATE-EVOLVE] step=88 curr=136098.59 best_other=171865.29 ratio=0.7919 ee_to_optimal=0.1162m phi=0.0208m
[STAGE-A-TRACE] step=88 sim_t=0.880 mode=free phi=0.02076 box_xy=+0.00000,+0.00000 lam_n_ee_box=nan qy=+0.00001 qz=+0.00000 finished_repos=0
[DRAKE-CONTACT] step=88 n_pairs=1 ee_box_normal=0.000
[GATE-CONTACT] step=88 F_W=(+0.0000,+0.0000,+0.0000) F_on_box=(-0.0000,-0.0000,-0.0000) n_face_out=(-0.0000,-0.0000,-0.0000) A_is_ee=0 box_q=(+1.00000,-0.00001,+0.00001,+0.00000) box_p=(+0.00000,+0.00000,+0.04999) ee_p=(-0.01440,-0.07419,+0.13884)
[EErel] along_push=+0.012m (neg=correct)  perp=0.073m  ee_to_box=0.074m  stage=3  obj=[0. 0.]  g_hat=[-1. -0.]
[proxy] err=0.244m  effective=[0.161 0.073 0.05 ]
[ADMM-C3+] primal: 6.1274->4.9359  dual: 109.8105->80.3186  mono=False  iters=25/25  rho=25.0
[ADMM-C3+] WARNING non-converged: pr=4.9359 dr=80.3186 tol=1e-03
[C3+] step=264 |u[0]|=36.71Nm u_axis=(+9.25,-23.77,-10.11,+23.87,+4.51,+2.08,-0.57)Nm λ_n_max=1.058 η_n_max=1.279 primal=4.936 iters=25/25 lcp_res_max=nan
[ADMIT-GUARD] step=89 admit_active=0 latch=0/0 ee_z=0.140 gate_cap=0
[ALT-GATE] step=89 target_stable=0/0 allow_descent=1
[GS-tgt] step=89 ee=(-0.012,-0.073,+0.140) p_repos=(+0.080,+0.000,+0.030) ee_to_target=0.161m target_label=prev_repos target_changed=N delta=0.000m
[GS] step=89 mode=free switch=kStayInRepos best_k=0 best_src=prev_repos curr_cost=135978.87 repos_cost=173461.71 best_other=173461.71 met_progress=N steps_since_improve=87 switches=0
[STEP] step=89 mode=free t=0.890s ee=(-0.012,-0.073,+0.140) obj=(+0.000,+0.000,+0.050) goal_dist=0.300m switch=kStayInRepos target=(+0.012,-0.053,+0.149) ee_stride=0.032m ee_to_ptarget=0.161m landing_err=0.1469m ik_ok=Y ik_resid=0.0001m q_max_resid_deg=2.66 target_changed=Y retgt=N held_idx=1 held_cost=173461.71 won_cost=173461.71 margin=+0.00 won_src=prev_repos held_valid=Y reason=hold setpoint_to_ptarget=nanm finished_val=0.1613m finished_thresh=0.0200m pd_resid=nanm nextwp_to_ptarget=nanm guide_terminal_err=nanm
[GATE-EVOLVE] step=89 curr=135978.87 best_other=173461.71 ratio=0.7839 ee_to_optimal=0.1137m phi=0.0214m
[STAGE-A-TRACE] step=89 sim_t=0.890 mode=free phi=0.02137 box_xy=+0.00000,+0.00000 lam_n_ee_box=nan qy=+0.00001 qz=+0.00000 finished_repos=0
[DRAKE-CONTACT] step=89 n_pairs=1 ee_box_normal=0.000
[GATE-CONTACT] step=89 F_W=(+0.0000,+0.0000,+0.0000) F_on_box=(-0.0000,-0.0000,-0.0000) n_face_out=(-0.0000,-0.0000,-0.0000) A_is_ee=0 box_q=(+1.00000,-0.00001,+0.00001,+0.00000) box_p=(+0.00000,+0.00000,+0.04999) ee_p=(-0.01240,-0.07275,+0.14039)
[EErel] along_push=+0.010m (neg=correct)  perp=0.071m  ee_to_box=0.072m  stage=3  obj=[0. 0.]  g_hat=[-1. -0.]
[proxy] err=0.239m  effective=[0.158 0.071 0.05 ]
[ADMM-C3+] primal: 6.1274->4.9359  dual: 109.8105->80.3186  mono=False  iters=25/25  rho=25.0
[ADMM-C3+] WARNING non-converged: pr=4.9359 dr=80.3186 tol=1e-03
[C3+] step=267 |u[0]|=36.23Nm u_axis=(+9.54,-23.79,-9.22,+23.41,+4.45,+1.61,-0.57)Nm λ_n_max=1.058 η_n_max=1.279 primal=4.936 iters=25/25 lcp_res_max=nan
[ADMIT-GUARD] step=90 admit_active=0 latch=0/0 ee_z=0.142 gate_cap=0
[ALT-GATE] step=90 target_stable=0/0 allow_descent=1
[GS-tgt] step=90 ee=(-0.010,-0.071,+0.142) p_repos=(+0.080,+0.000,+0.030) ee_to_target=0.160m target_label=prev_repos target_changed=N delta=0.000m
[IMP] step=90 mode=free |x_err|=0.0331m |tau_imp|=14.61Nm |tau_ff|=0.00Nm |tau_out|=14.61Nm sat=False lam_n=False lam_t=False
[GS] step=90 mode=free switch=kStayInRepos best_k=0 best_src=prev_repos curr_cost=135847.65 repos_cost=174956.41 best_other=174956.41 met_progress=N steps_since_improve=88 switches=0
[STEP] step=90 mode=free t=0.900s ee=(-0.010,-0.071,+0.142) obj=(+0.000,+0.000,+0.050) goal_dist=0.300m switch=kStayInRepos target=(+0.015,-0.051,+0.149) ee_stride=0.033m ee_to_ptarget=0.160m landing_err=0.1446m ik_ok=Y ik_resid=0.0001m q_max_resid_deg=2.92 target_changed=Y retgt=N held_idx=1 held_cost=174956.41 won_cost=174956.41 margin=+0.00 won_src=prev_repos held_valid=Y reason=hold setpoint_to_ptarget=nanm finished_val=0.1603m finished_thresh=0.0200m pd_resid=nanm nextwp_to_ptarget=nanm guide_terminal_err=nanm
[GATE-EVOLVE] step=90 curr=135847.65 best_other=174956.41 ratio=0.7765 ee_to_optimal=0.1111m phi=0.0218m
[STAGE-A-TRACE] step=90 sim_t=0.900 mode=free phi=0.02181 box_xy=+0.00000,+0.00000 lam_n_ee_box=nan qy=+0.00001 qz=+0.00000 finished_repos=0
[DRAKE-CONTACT] step=90 n_pairs=1 ee_box_normal=0.000
[GATE-CONTACT] step=90 F_W=(+0.0000,+0.0000,+0.0000) F_on_box=(-0.0000,-0.0000,-0.0000) n_face_out=(-0.0000,-0.0000,-0.0000) A_is_ee=0 box_q=(+1.00000,-0.00001,+0.00001,+0.00000) box_p=(+0.00000,+0.00000,+0.04999) ee_p=(-0.01024,-0.07118,+0.14174)
[PERSIST] step=91 refresh n_strategy=1 samples=[(0.08, 0.0, 0.03)]
[EErel] along_push=+0.008m (neg=correct)  perp=0.069m  ee_to_box=0.070m  stage=3  obj=[0. 0.]  g_hat=[-1. -0.]
[proxy] err=0.233m  effective=[0.155 0.069 0.05 ]
[ADMM-C3+] primal: 6.1274->4.9359  dual: 109.8105->80.3186  mono=False  iters=25/25  rho=25.0
[ADMM-C3+] WARNING non-converged: pr=4.9359 dr=80.3186 tol=1e-03
[C3+] step=270 |u[0]|=35.76Nm u_axis=(+9.82,-23.76,-8.32,+22.97,+4.37,+1.14,-0.58)Nm λ_n_max=1.058 η_n_max=1.279 primal=4.936 iters=25/25 lcp_res_max=nan
[ADMIT-GUARD] step=91 admit_active=0 latch=0/0 ee_z=0.143 gate_cap=0
[ALT-GATE] step=91 target_stable=0/0 allow_descent=1
[GS-tgt] step=91 ee=(-0.008,-0.069,+0.143) p_repos=(+0.080,+0.000,+0.030) ee_to_target=0.159m target_label=prev_repos target_changed=N delta=0.000m
[GS] step=91 mode=free switch=kStayInRepos best_k=0 best_src=prev_repos curr_cost=135712.06 repos_cost=176333.05 best_other=176333.05 met_progress=N steps_since_improve=89 switches=0
[STEP] step=91 mode=free t=0.910s ee=(-0.008,-0.069,+0.143) obj=(+0.000,+0.000,+0.050) goal_dist=0.300m switch=kStayInRepos target=(+0.018,-0.048,+0.149) ee_stride=0.034m ee_to_ptarget=0.159m landing_err=0.1424m ik_ok=Y ik_resid=0.0001m q_max_resid_deg=3.14 target_changed=Y retgt=N held_idx=1 held_cost=176333.05 won_cost=176333.05 margin=+0.00 won_src=prev_repos held_valid=Y reason=hold setpoint_to_ptarget=nanm finished_val=0.1591m finished_thresh=0.0200m pd_resid=nanm nextwp_to_ptarget=nanm guide_terminal_err=nanm
[GATE-EVOLVE] step=91 curr=135712.06 best_other=176333.05 ratio=0.7696 ee_to_optimal=0.1082m phi=0.0221m
[STAGE-A-TRACE] step=91 sim_t=0.910 mode=free phi=0.02213 box_xy=+0.00000,+0.00000 lam_n_ee_box=nan qy=+0.00001 qz=+0.00000 finished_repos=0
[DRAKE-CONTACT] step=91 n_pairs=1 ee_box_normal=0.000
[GATE-CONTACT] step=91 F_W=(+0.0000,+0.0000,+0.0000) F_on_box=(-0.0000,-0.0000,-0.0000) n_face_out=(-0.0000,-0.0000,-0.0000) A_is_ee=0 box_q=(+1.00000,-0.00001,+0.00001,+0.00000) box_p=(+0.00000,+0.00000,+0.04999) ee_p=(-0.00795,-0.06948,+0.14290)
[EErel] along_push=+0.006m (neg=correct)  perp=0.068m  ee_to_box=0.068m  stage=3  obj=[0. 0.]  g_hat=[-1. -0.]
[proxy] err=0.228m  effective=[0.152 0.068 0.05 ]
[ADMM-C3+] primal: 6.1274->4.9359  dual: 109.8105->80.3186  mono=False  iters=25/25  rho=25.0
[ADMM-C3+] WARNING non-converged: pr=4.9359 dr=80.3186 tol=1e-03
[C3+] step=273 |u[0]|=35.39Nm u_axis=(+10.12,-23.76,-7.46,+22.59,+4.30,+0.65,-0.58)Nm λ_n_max=1.058 η_n_max=1.279 primal=4.936 iters=25/25 lcp_res_max=nan
[ADMIT-GUARD] step=92 admit_active=0 latch=0/0 ee_z=0.144 gate_cap=0
[ALT-GATE] step=92 target_stable=0/0 allow_descent=1
[GS-tgt] step=92 ee=(-0.006,-0.068,+0.144) p_repos=(+0.080,+0.000,+0.030) ee_to_target=0.158m target_label=prev_repos target_changed=N delta=0.000m
[GS] step=92 mode=free switch=kStayInRepos best_k=0 best_src=prev_repos curr_cost=135570.10 repos_cost=177632.16 best_other=177632.16 met_progress=N steps_since_improve=90 switches=0
[STEP] step=92 mode=free t=0.920s ee=(-0.006,-0.068,+0.144) obj=(+0.000,+0.000,+0.050) goal_dist=0.300m switch=kStayInRepos target=(+0.021,-0.046,+0.149) ee_stride=0.035m ee_to_ptarget=0.158m landing_err=0.1402m ik_ok=Y ik_resid=0.0001m q_max_resid_deg=3.34 target_changed=Y retgt=N held_idx=1 held_cost=177632.16 won_cost=177632.16 margin=+0.00 won_src=prev_repos held_valid=Y reason=hold setpoint_to_ptarget=nanm finished_val=0.1577m finished_thresh=0.0200m pd_resid=nanm nextwp_to_ptarget=nanm guide_terminal_err=nanm
[GATE-EVOLVE] step=92 curr=135570.10 best_other=177632.16 ratio=0.7632 ee_to_optimal=0.1052m phi=0.0223m
[STAGE-A-TRACE] step=92 sim_t=0.920 mode=free phi=0.02233 box_xy=+0.00000,+0.00000 lam_n_ee_box=nan qy=+0.00001 qz=+0.00000 finished_repos=0
[DRAKE-CONTACT] step=92 n_pairs=1 ee_box_normal=0.000
[GATE-CONTACT] step=92 F_W=(+0.0000,+0.0000,+0.0000) F_on_box=(-0.0000,-0.0000,-0.0000) n_face_out=(-0.0000,-0.0000,-0.0000) A_is_ee=0 box_q=(+1.00000,-0.00001,+0.00001,+0.00000) box_p=(+0.00000,+0.00000,+0.04999) ee_p=(-0.00554,-0.06768,+0.14390)
[EErel] along_push=+0.003m (neg=correct)  perp=0.066m  ee_to_box=0.066m  stage=3  obj=[0. 0.]  g_hat=[-1. -0.]
[proxy] err=0.222m  effective=[0.149 0.066 0.05 ]
[ADMM-C3+] primal: 6.1274->4.9359  dual: 109.8105->80.3186  mono=False  iters=25/25  rho=25.0
[ADMM-C3+] WARNING non-converged: pr=4.9359 dr=80.3186 tol=1e-03
[C3+] step=276 |u[0]|=35.06Nm u_axis=(+10.40,-23.78,-6.62,+22.22,+4.22,+0.17,-0.59)Nm λ_n_max=1.058 η_n_max=1.279 primal=4.936 iters=25/25 lcp_res_max=nan
[ADMIT-GUARD] step=93 admit_active=0 latch=0/0 ee_z=0.145 gate_cap=0
[ALT-GATE] step=93 target_stable=0/0 allow_descent=1
[GS-tgt] step=93 ee=(-0.003,-0.066,+0.145) p_repos=(+0.080,+0.000,+0.030) ee_to_target=0.156m target_label=prev_repos target_changed=N delta=0.000m
[GS] step=93 mode=free switch=kStayInRepos best_k=0 best_src=prev_repos curr_cost=135427.78 repos_cost=178796.40 best_other=178796.40 met_progress=N steps_since_improve=91 switches=0
[STEP] step=93 mode=free t=0.930s ee=(-0.003,-0.066,+0.145) obj=(+0.000,+0.000,+0.050) goal_dist=0.300m switch=kStayInRepos target=(+0.024,-0.043,+0.149) ee_stride=0.036m ee_to_ptarget=0.156m landing_err=0.1381m ik_ok=Y ik_resid=0.0001m q_max_resid_deg=3.52 target_changed=Y retgt=N held_idx=1 held_cost=178796.40 won_cost=178796.40 margin=+0.00 won_src=prev_repos held_valid=Y reason=hold setpoint_to_ptarget=nanm finished_val=0.1562m finished_thresh=0.0200m pd_resid=nanm nextwp_to_ptarget=nanm guide_terminal_err=nanm
[GATE-EVOLVE] step=93 curr=135427.78 best_other=178796.40 ratio=0.7574 ee_to_optimal=0.1021m phi=0.0225m
[STAGE-A-TRACE] step=93 sim_t=0.930 mode=free phi=0.02246 box_xy=+0.00000,+0.00000 lam_n_ee_box=nan qy=+0.00001 qz=+0.00000 finished_repos=0
[DRAKE-CONTACT] step=93 n_pairs=1 ee_box_normal=0.000
[GATE-CONTACT] step=93 F_W=(+0.0000,+0.0000,+0.0000) F_on_box=(-0.0000,-0.0000,-0.0000) n_face_out=(-0.0000,-0.0000,-0.0000) A_is_ee=0 box_q=(+1.00000,-0.00001,+0.00001,+0.00000) box_p=(+0.00000,+0.00000,+0.04999) ee_p=(-0.00304,-0.06578,+0.14475)
[EErel] along_push=+0.000m (neg=correct)  perp=0.064m  ee_to_box=0.064m  stage=3  obj=[0. 0.]  g_hat=[-1. -0.]
[proxy] err=0.216m  effective=[0.146 0.064 0.05 ]
[ADMM-C3+] primal: 6.1274->4.9359  dual: 109.8105->80.3186  mono=False  iters=25/25  rho=25.0
[ADMM-C3+] WARNING non-converged: pr=4.9359 dr=80.3186 tol=1e-03
[C3+] step=279 |u[0]|=34.80Nm u_axis=(+10.66,-23.83,-5.80,+21.86,+4.14,-0.30,-0.60)Nm λ_n_max=1.058 η_n_max=1.279 primal=4.936 iters=25/25 lcp_res_max=nan
[ADMIT-GUARD] step=94 admit_active=0 latch=0/0 ee_z=0.145 gate_cap=0
[ALT-GATE] step=94 target_stable=0/0 allow_descent=1
[GS-tgt] step=94 ee=(-0.000,-0.064,+0.145) p_repos=(+0.080,+0.000,+0.030) ee_to_target=0.155m target_label=prev_repos target_changed=N delta=0.000m
[GS] step=94 mode=free switch=kStayInRepos best_k=0 best_src=prev_repos curr_cost=135284.57 repos_cost=179829.76 best_other=179829.76 met_progress=N steps_since_improve=92 switches=0
[STEP] step=94 mode=free t=0.940s ee=(-0.000,-0.064,+0.145) obj=(+0.000,+0.000,+0.050) goal_dist=0.300m switch=kStayInRepos target=(+0.028,-0.041,+0.149) ee_stride=0.036m ee_to_ptarget=0.155m landing_err=0.1361m ik_ok=Y ik_resid=0.0001m q_max_resid_deg=3.68 target_changed=Y retgt=N held_idx=1 held_cost=179829.76 won_cost=179829.76 margin=+0.00 won_src=prev_repos held_valid=Y reason=hold setpoint_to_ptarget=nanm finished_val=0.1545m finished_thresh=0.0200m pd_resid=nanm nextwp_to_ptarget=nanm guide_terminal_err=nanm
[GATE-EVOLVE] step=94 curr=135284.57 best_other=179829.76 ratio=0.7523 ee_to_optimal=0.0988m phi=0.0225m
[STAGE-A-TRACE] step=94 sim_t=0.940 mode=free phi=0.02253 box_xy=+0.00000,+0.00000 lam_n_ee_box=nan qy=+0.00001 qz=+0.00000 finished_repos=0
[DRAKE-CONTACT] step=94 n_pairs=1 ee_box_normal=0.000
[GATE-CONTACT] step=94 F_W=(+0.0000,+0.0000,+0.0000) F_on_box=(-0.0000,-0.0000,-0.0000) n_face_out=(-0.0000,-0.0000,-0.0000) A_is_ee=0 box_q=(+1.00000,-0.00001,+0.00001,+0.00000) box_p=(+0.00000,+0.00000,+0.04999) ee_p=(-0.00044,-0.06380,+0.14547)
[EErel] along_push=-0.002m (neg=correct)  perp=0.062m  ee_to_box=0.062m  stage=3  obj=[0. 0.]  g_hat=[-1. -0.]
[proxy] err=0.210m  effective=[0.143 0.062 0.05 ]
[ADMM-C3+] primal: 6.1274->4.9359  dual: 109.8105->80.3186  mono=False  iters=25/25  rho=25.0
[ADMM-C3+] WARNING non-converged: pr=4.9359 dr=80.3186 tol=1e-03
[C3+] step=282 |u[0]|=34.55Nm u_axis=(+10.90,-23.86,-5.01,+21.52,+4.05,-0.77,-0.61)Nm λ_n_max=1.058 η_n_max=1.279 primal=4.936 iters=25/25 lcp_res_max=nan
[ADMIT-GUARD] step=95 admit_active=0 latch=0/0 ee_z=0.146 gate_cap=0
[ALT-GATE] step=95 target_stable=0/0 allow_descent=1
[GS-tgt] step=95 ee=(+0.002,-0.062,+0.146) p_repos=(+0.080,+0.000,+0.030) ee_to_target=0.153m target_label=prev_repos target_changed=N delta=0.000m
[GS] step=95 mode=free switch=kStayInRepos best_k=0 best_src=prev_repos curr_cost=135145.38 repos_cost=180742.08 best_other=180742.08 met_progress=N steps_since_improve=93 switches=0
[STEP] step=95 mode=free t=0.950s ee=(+0.002,-0.062,+0.146) obj=(+0.000,+0.000,+0.050) goal_dist=0.300m switch=kStayInRepos target=(+0.031,-0.039,+0.149) ee_stride=0.037m ee_to_ptarget=0.153m landing_err=0.1342m ik_ok=Y ik_resid=0.0001m q_max_resid_deg=3.82 target_changed=Y retgt=N held_idx=1 held_cost=180742.08 won_cost=180742.08 margin=+0.00 won_src=prev_repos held_valid=Y reason=hold setpoint_to_ptarget=nanm finished_val=0.1528m finished_thresh=0.0200m pd_resid=nanm nextwp_to_ptarget=nanm guide_terminal_err=nanm
[GATE-EVOLVE] step=95 curr=135145.38 best_other=180742.08 ratio=0.7477 ee_to_optimal=0.0954m phi=0.0226m
[STAGE-A-TRACE] step=95 sim_t=0.950 mode=free phi=0.02257 box_xy=+0.00000,+0.00000 lam_n_ee_box=nan qy=+0.00001 qz=+0.00000 finished_repos=0
[DRAKE-CONTACT] step=95 n_pairs=1 ee_box_normal=0.000
[GATE-CONTACT] step=95 F_W=(+0.0000,+0.0000,+0.0000) F_on_box=(-0.0000,-0.0000,-0.0000) n_face_out=(-0.0000,-0.0000,-0.0000) A_is_ee=0 box_q=(+1.00000,-0.00001,+0.00001,+0.00000) box_p=(+0.00000,+0.00000,+0.04999) ee_p=(+0.00223,-0.06174,+0.14609)
[EErel] along_push=-0.005m (neg=correct)  perp=0.060m  ee_to_box=0.060m  stage=3  obj=[0. 0.]  g_hat=[-1. -0.]
[proxy] err=0.204m  effective=[0.14 0.06 0.05]
[ADMM-C3+] primal: 6.1274->4.9359  dual: 109.8105->80.3186  mono=False  iters=25/25  rho=25.0
[ADMM-C3+] WARNING non-converged: pr=4.9359 dr=80.3186 tol=1e-03
[C3+] step=285 |u[0]|=34.37Nm u_axis=(+11.15,-23.92,-4.26,+21.20,+3.95,-1.24,-0.62)Nm λ_n_max=1.058 η_n_max=1.279 primal=4.936 iters=25/25 lcp_res_max=nan
[ADMIT-GUARD] step=96 admit_active=0 latch=0/0 ee_z=0.147 gate_cap=0
[ALT-GATE] step=96 target_stable=0/0 allow_descent=1
[GS-tgt] step=96 ee=(+0.005,-0.060,+0.147) p_repos=(+0.080,+0.000,+0.030) ee_to_target=0.151m target_label=prev_repos target_changed=N delta=0.000m
[GS] step=96 mode=free switch=kStayInRepos best_k=0 best_src=prev_repos curr_cost=135008.80 repos_cost=181542.67 best_other=181542.67 met_progress=N steps_since_improve=94 switches=0
[STEP] step=96 mode=free t=0.960s ee=(+0.005,-0.060,+0.147) obj=(+0.000,+0.000,+0.050) goal_dist=0.300m switch=kStayInRepos target=(+0.034,-0.036,+0.149) ee_stride=0.037m ee_to_ptarget=0.151m landing_err=0.1324m ik_ok=Y ik_resid=0.0001m q_max_resid_deg=3.94 target_changed=Y retgt=N held_idx=1 held_cost=181542.67 won_cost=181542.67 margin=+0.00 won_src=prev_repos held_valid=Y reason=hold setpoint_to_ptarget=nanm finished_val=0.1509m finished_thresh=0.0200m pd_resid=nanm nextwp_to_ptarget=nanm guide_terminal_err=nanm
[GATE-EVOLVE] step=96 curr=135008.80 best_other=181542.67 ratio=0.7437 ee_to_optimal=0.0920m phi=0.0226m
[STAGE-A-TRACE] step=96 sim_t=0.960 mode=free phi=0.02260 box_xy=+0.00000,+0.00000 lam_n_ee_box=nan qy=+0.00001 qz=+0.00000 finished_repos=0
[DRAKE-CONTACT] step=96 n_pairs=1 ee_box_normal=0.000
[GATE-CONTACT] step=96 F_W=(+0.0000,+0.0000,+0.0000) F_on_box=(-0.0000,-0.0000,-0.0000) n_face_out=(-0.0000,-0.0000,-0.0000) A_is_ee=0 box_q=(+1.00000,-0.00001,+0.00001,+0.00000) box_p=(+0.00000,+0.00000,+0.04999) ee_p=(+0.00497,-0.05962,+0.14661)
[EErel] along_push=-0.008m (neg=correct)  perp=0.057m  ee_to_box=0.058m  stage=3  obj=[0. 0.]  g_hat=[-1. -0.]
[proxy] err=0.198m  effective=[0.137 0.057 0.05 ]
[ADMM-C3+] primal: 6.1274->4.9359  dual: 109.8105->80.3186  mono=False  iters=25/25  rho=25.0
[ADMM-C3+] WARNING non-converged: pr=4.9359 dr=80.3186 tol=1e-03
[C3+] step=288 |u[0]|=34.26Nm u_axis=(+11.39,-24.02,-3.54,+20.89,+3.86,-1.70,-0.63)Nm λ_n_max=1.058 η_n_max=1.279 primal=4.936 iters=25/25 lcp_res_max=nan
[ADMIT-GUARD] step=97 admit_active=0 latch=0/0 ee_z=0.147 gate_cap=0
[ALT-GATE] step=97 target_stable=0/0 allow_descent=1
[GS-tgt] step=97 ee=(+0.008,-0.057,+0.147) p_repos=(+0.080,+0.000,+0.030) ee_to_target=0.149m target_label=prev_repos target_changed=N delta=0.000m
[GS] step=97 mode=free switch=kStayInRepos best_k=0 best_src=prev_repos curr_cost=134877.69 repos_cost=182241.76 best_other=182241.76 met_progress=N steps_since_improve=95 switches=0
[STEP] step=97 mode=free t=0.970s ee=(+0.008,-0.057,+0.147) obj=(+0.000,+0.000,+0.050) goal_dist=0.300m switch=kStayInRepos target=(+0.037,-0.034,+0.149) ee_stride=0.038m ee_to_ptarget=0.149m landing_err=0.1307m ik_ok=Y ik_resid=0.0001m q_max_resid_deg=4.05 target_changed=Y retgt=N held_idx=1 held_cost=182241.76 won_cost=182241.76 margin=+0.00 won_src=prev_repos held_valid=Y reason=hold setpoint_to_ptarget=nanm finished_val=0.1491m finished_thresh=0.0200m pd_resid=nanm nextwp_to_ptarget=nanm guide_terminal_err=nanm
[GATE-EVOLVE] step=97 curr=134877.69 best_other=182241.76 ratio=0.7401 ee_to_optimal=0.0884m phi=0.0226m
[STAGE-A-TRACE] step=97 sim_t=0.970 mode=free phi=0.02263 box_xy=+0.00000,+0.00000 lam_n_ee_box=nan qy=+0.00001 qz=+0.00000 finished_repos=0
[DRAKE-CONTACT] step=97 n_pairs=1 ee_box_normal=0.000
[GATE-CONTACT] step=97 F_W=(+0.0000,+0.0000,+0.0000) F_on_box=(-0.0000,-0.0000,-0.0000) n_face_out=(-0.0000,-0.0000,-0.0000) A_is_ee=0 box_q=(+1.00000,-0.00001,+0.00001,+0.00000) box_p=(+0.00000,+0.00000,+0.04999) ee_p=(+0.00776,-0.05744,+0.14704)
[EErel] along_push=-0.011m (neg=correct)  perp=0.055m  ee_to_box=0.056m  stage=3  obj=[0. 0.]  g_hat=[-1. -0.]
[proxy] err=0.192m  effective=[0.134 0.055 0.05 ]
[ADMM-C3+] primal: 6.1274->4.9359  dual: 109.8105->80.3186  mono=False  iters=25/25  rho=25.0
[ADMM-C3+] WARNING non-converged: pr=4.9359 dr=80.3186 tol=1e-03
[C3+] step=291 |u[0]|=34.20Nm u_axis=(+11.59,-24.17,-2.87,+20.58,+3.77,-2.15,-0.64)Nm λ_n_max=1.058 η_n_max=1.279 primal=4.936 iters=25/25 lcp_res_max=nan
[ADMIT-GUARD] step=98 admit_active=0 latch=0/0 ee_z=0.147 gate_cap=0
[ALT-GATE] step=98 target_stable=0/0 allow_descent=1
[GS-tgt] step=98 ee=(+0.011,-0.055,+0.147) p_repos=(+0.080,+0.000,+0.030) ee_to_target=0.147m target_label=prev_repos target_changed=N delta=0.000m
[GS] step=98 mode=free switch=kStayInRepos best_k=0 best_src=prev_repos curr_cost=134750.83 repos_cost=182849.84 best_other=182849.84 met_progress=N steps_since_improve=96 switches=0
[STEP] step=98 mode=free t=0.980s ee=(+0.011,-0.055,+0.147) obj=(+0.000,+0.000,+0.050) goal_dist=0.300m switch=kStayInRepos target=(+0.040,-0.031,+0.149) ee_stride=0.038m ee_to_ptarget=0.147m landing_err=0.1290m ik_ok=Y ik_resid=0.0001m q_max_resid_deg=4.15 target_changed=Y retgt=N held_idx=1 held_cost=182849.84 won_cost=182849.84 margin=+0.00 won_src=prev_repos held_valid=Y reason=hold setpoint_to_ptarget=nanm finished_val=0.1471m finished_thresh=0.0200m pd_resid=nanm nextwp_to_ptarget=nanm guide_terminal_err=nanm
[GATE-EVOLVE] step=98 curr=134750.83 best_other=182849.84 ratio=0.7369 ee_to_optimal=0.0848m phi=0.0227m
[STAGE-A-TRACE] step=98 sim_t=0.980 mode=free phi=0.02270 box_xy=+0.00000,+0.00000 lam_n_ee_box=nan qy=+0.00001 qz=+0.00000 finished_repos=0
[DRAKE-CONTACT] step=98 n_pairs=1 ee_box_normal=0.000
[GATE-CONTACT] step=98 F_W=(+0.0000,+0.0000,+0.0000) F_on_box=(-0.0000,-0.0000,-0.0000) n_face_out=(-0.0000,-0.0000,-0.0000) A_is_ee=0 box_q=(+1.00000,-0.00001,+0.00001,+0.00000) box_p=(+0.00000,+0.00000,+0.04999) ee_p=(+0.01060,-0.05521,+0.14741)
[EErel] along_push=-0.013m (neg=correct)  perp=0.053m  ee_to_box=0.055m  stage=3  obj=[0. 0.]  g_hat=[-1. -0.]
[proxy] err=0.187m  effective=[0.132 0.053 0.05 ]
[ADMM-C3+] primal: 6.1274->4.9359  dual: 109.8105->80.3186  mono=False  iters=25/25  rho=25.0
[ADMM-C3+] WARNING non-converged: pr=4.9359 dr=80.3186 tol=1e-03
[C3+] step=294 |u[0]|=34.18Nm u_axis=(+11.80,-24.32,-2.26,+20.29,+3.69,-2.58,-0.65)Nm λ_n_max=1.058 η_n_max=1.279 primal=4.936 iters=25/25 lcp_res_max=nan
[ADMIT-GUARD] step=99 admit_active=0 latch=0/0 ee_z=0.148 gate_cap=0
[ALT-GATE] step=99 target_stable=0/0 allow_descent=1
[GS-tgt] step=99 ee=(+0.013,-0.053,+0.148) p_repos=(+0.080,+0.000,+0.030) ee_to_target=0.145m target_label=prev_repos target_changed=N delta=0.000m
[GS] step=99 mode=free switch=kStayInRepos best_k=0 best_src=prev_repos curr_cost=134629.39 repos_cost=183377.18 best_other=183377.18 met_progress=N steps_since_improve=97 switches=0
[STEP] step=99 mode=free t=0.990s ee=(+0.013,-0.053,+0.148) obj=(+0.000,+0.000,+0.050) goal_dist=0.300m switch=kStayInRepos target=(+0.043,-0.029,+0.149) ee_stride=0.038m ee_to_ptarget=0.145m landing_err=0.1275m ik_ok=Y ik_resid=0.0001m q_max_resid_deg=4.24 target_changed=Y retgt=N held_idx=1 held_cost=183377.18 won_cost=183377.18 margin=+0.00 won_src=prev_repos held_valid=Y reason=hold setpoint_to_ptarget=nanm finished_val=0.1452m finished_thresh=0.0200m pd_resid=nanm nextwp_to_ptarget=nanm guide_terminal_err=nanm
[GATE-EVOLVE] step=99 curr=134629.39 best_other=183377.18 ratio=0.7342 ee_to_optimal=0.0812m phi=0.0228m
[STAGE-A-TRACE] step=99 sim_t=0.990 mode=free phi=0.02281 box_xy=+0.00000,+0.00000 lam_n_ee_box=nan qy=+0.00001 qz=+0.00000 finished_repos=0
[DRAKE-CONTACT] step=99 n_pairs=1 ee_box_normal=0.000
[GATE-CONTACT] step=99 F_W=(+0.0000,+0.0000,+0.0000) F_on_box=(-0.0000,-0.0000,-0.0000) n_face_out=(-0.0000,-0.0000,-0.0000) A_is_ee=0 box_q=(+1.00000,-0.00001,+0.00001,+0.00000) box_p=(+0.00000,+0.00000,+0.04999) ee_p=(+0.01349,-0.05295,+0.14771)
[EErel] along_push=-0.016m (neg=correct)  perp=0.051m  ee_to_box=0.053m  stage=3  obj=[0. 0.]  g_hat=[-1. -0.]
[proxy] err=0.181m  effective=[0.13  0.051 0.05 ]
[ADMM-C3+] primal: 6.1274->4.9359  dual: 109.8105->80.3186  mono=False  iters=25/25  rho=25.0
[ADMM-C3+] WARNING non-converged: pr=4.9359 dr=80.3186 tol=1e-03
[C3+] step=297 |u[0]|=34.15Nm u_axis=(+11.98,-24.45,-1.67,+19.99,+3.60,-3.01,-0.66)Nm λ_n_max=1.058 η_n_max=1.279 primal=4.936 iters=25/25 lcp_res_max=nan
[ADMIT-GUARD] step=100 admit_active=0 latch=0/0 ee_z=0.148 gate_cap=0
[ALT-GATE] step=100 target_stable=0/0 allow_descent=1
[GS-tgt] step=100 ee=(+0.016,-0.051,+0.148) p_repos=(+0.080,+0.000,+0.030) ee_to_target=0.143m target_label=prev_repos target_changed=N delta=0.000m
[IMP] step=100 mode=free |x_err|=0.0388m |tau_imp|=3.54Nm |tau_ff|=0.00Nm |tau_out|=3.54Nm sat=False lam_n=False lam_t=False
[GS] step=100 mode=free switch=kStayInRepos best_k=0 best_src=prev_repos curr_cost=134516.64 repos_cost=183833.49 best_other=183833.49 met_progress=N steps_since_improve=98 switches=0
[STEP] step=100 mode=free t=1.000s ee=(+0.016,-0.051,+0.148) obj=(+0.000,+0.000,+0.050) goal_dist=0.300m switch=kStayInRepos target=(+0.046,-0.026,+0.149) ee_stride=0.039m ee_to_ptarget=0.143m landing_err=0.1261m ik_ok=Y ik_resid=0.0001m q_max_resid_deg=4.33 target_changed=Y retgt=N held_idx=1 held_cost=183833.49 won_cost=183833.49 margin=+0.00 won_src=prev_repos held_valid=Y reason=hold setpoint_to_ptarget=nanm finished_val=0.1433m finished_thresh=0.0200m pd_resid=nanm nextwp_to_ptarget=nanm guide_terminal_err=nanm
[GATE-EVOLVE] step=100 curr=134516.64 best_other=183833.49 ratio=0.7317 ee_to_optimal=0.0774m phi=0.0230m
[STAGE-A-TRACE] step=100 sim_t=1.000 mode=free phi=0.02298 box_xy=+0.00000,+0.00000 lam_n_ee_box=nan qy=+0.00001 qz=+0.00000 finished_repos=0
[GS-table] step=100
  k=0 (current   ) pos=(+0.016,-0.051,+0.148) c_C3= 134516.64 align=0.0000(bonus=    0.00) rot=+0.0000(bonus=    0.00) travel=0.000m(pen=  0.00) c_sample= 134516.64 feas=Y ik_err=0.0000m  ← WIN
  k=1 (prev_repos) pos=(+0.080,+0.000,+0.030) c_C3= 213804.84 align=1.0000(bonus=30000.00) rot=+0.0000(bonus=    0.00) travel=0.143m(pen= 28.65) c_sample= 183833.49 feas=Y ik_err=0.0002m
  k=2 (strat_0   ) pos=(+0.080,+0.000,+0.030) c_C3= 213804.84 align=1.0000(bonus=30000.00) rot=+0.0000(bonus=    0.00) travel=0.143m(pen= 28.65) c_sample= 183833.49 feas=Y ik_err=0.0002m
[DRAKE-CONTACT] step=100 n_pairs=1 ee_box_normal=0.000
[GATE-CONTACT] step=100 F_W=(+0.0000,+0.0000,+0.0000) F_on_box=(-0.0000,-0.0000,-0.0000) n_face_out=(-0.0000,-0.0000,-0.0000) A_is_ee=0 box_q=(+1.00000,-0.00001,+0.00001,+0.00000) box_p=(+0.00000,+0.00000,+0.04999) ee_p=(+0.01641,-0.05065,+0.14797)
[EErel] along_push=-0.019m (neg=correct)  perp=0.048m  ee_to_box=0.052m  stage=3  obj=[0. 0.]  g_hat=[-1. -0.]
[proxy] err=0.175m  effective=[0.128 0.047 0.05 ]
[ADMM-C3+] primal: 6.1274->4.9359  dual: 109.8105->80.3186  mono=False  iters=25/25  rho=25.0
[ADMM-C3+] WARNING non-converged: pr=4.9359 dr=80.3186 tol=1e-03
[C3+] step=300 |u[0]|=34.11Nm u_axis=(+12.08,-24.67,-1.13,+19.56,+3.50,-3.48,-0.67)Nm λ_n_max=1.058 η_n_max=1.279 primal=4.936 iters=25/25 lcp_res_max=nan
[ADMIT-GUARD] step=101 admit_active=0 latch=0/0 ee_z=0.148 gate_cap=0
[ALT-GATE] step=101 target_stable=0/0 allow_descent=1
[GS-tgt] step=101 ee=(+0.019,-0.048,+0.148) p_repos=(+0.080,+0.000,+0.030) ee_to_target=0.141m target_label=prev_repos target_changed=N delta=0.000m
[GS] step=101 mode=free switch=kStayInRepos best_k=0 best_src=prev_repos curr_cost=134395.60 repos_cost=184227.79 best_other=184227.79 met_progress=N steps_since_improve=99 switches=0
[STEP] step=101 mode=free t=1.010s ee=(+0.019,-0.048,+0.148) obj=(+0.000,+0.000,+0.050) goal_dist=0.300m switch=kStayInRepos target=(+0.050,-0.024,+0.149) ee_stride=0.039m ee_to_ptarget=0.141m landing_err=0.1248m ik_ok=Y ik_resid=0.0001m q_max_resid_deg=4.40 target_changed=Y retgt=N held_idx=1 held_cost=184227.79 won_cost=184227.79 margin=+0.00 won_src=prev_repos held_valid=Y reason=hold setpoint_to_ptarget=nanm finished_val=0.1413m finished_thresh=0.0200m pd_resid=nanm nextwp_to_ptarget=nanm guide_terminal_err=nanm
[GATE-EVOLVE] step=101 curr=134395.60 best_other=184227.79 ratio=0.7295 ee_to_optimal=0.0737m phi=0.0232m
[STAGE-A-TRACE] step=101 sim_t=1.010 mode=free phi=0.02319 box_xy=+0.00000,+0.00000 lam_n_ee_box=nan qy=+0.00001 qz=+0.00000 finished_repos=0
[EXEC-T2] step=100 t=1.00s u_task=[-0.31, 2.7, -1.03, 0.78, 0.08, 0.04, -0.0] tau_g=[0.0, -25.19, 9.97, 10.65, 0.15, 1.24, -0.02] total_plant=[-0.31, -22.49, 8.94, 11.43, 0.23, 1.28, -0.02] cap=[87.0, 87.0, 87.0, 87.0, 12.0, 12.0, 12.0] task_over=0 plant_over=0 plant_over_joints=[] worst_j=5 worst_headroom_Nm=+10.72
  t=1.00s | ee=(0.019, -0.048, 0.148) | obj=(0.000, 0.000, 0.050) | |u|=3.02 Nm | goal_dist=0.300 m
[DRAKE-CONTACT] step=101 n_pairs=1 ee_box_normal=0.000
[GATE-CONTACT] step=101 F_W=(+0.0000,+0.0000,+0.0000) F_on_box=(-0.0000,-0.0000,-0.0000) n_face_out=(-0.0000,-0.0000,-0.0000) A_is_ee=0 box_q=(+1.00000,-0.00001,+0.00001,+0.00000) box_p=(+0.00000,+0.00000,+0.04999) ee_p=(+0.01936,-0.04832,+0.14818)
[EErel] along_push=-0.022m (neg=correct)  perp=0.046m  ee_to_box=0.051m  stage=3  obj=[0. 0.]  g_hat=[-1. -0.]
[proxy] err=0.168m  effective=[0.127 0.042 0.05 ]
[ADMM-C3+] primal: 6.1274->4.9360  dual: 109.8105->80.3181  mono=False  iters=25/25  rho=25.0
[ADMM-C3+] WARNING non-converged: pr=4.9360 dr=80.3181 tol=1e-03
[C3+] step=303 |u[0]|=33.98Nm u_axis=(+10.88,-25.82,+0.89,+18.52,+2.82,-4.14,-0.62)Nm λ_n_max=1.058 η_n_max=1.279 primal=4.936 iters=25/25 lcp_res_max=nan
[ADMIT-GUARD] step=102 admit_active=0 latch=0/0 ee_z=0.148 gate_cap=0
[ALT-GATE] step=102 target_stable=0/0 allow_descent=1
[GS-tgt] step=102 ee=(+0.022,-0.046,+0.148) p_repos=(+0.080,+0.000,+0.030) ee_to_target=0.139m target_label=prev_repos target_changed=N delta=0.000m
[GS] step=102 mode=free switch=kStayInRepos best_k=0 best_src=prev_repos curr_cost=134482.78 repos_cost=184568.25 best_other=184568.25 met_progress=N steps_since_improve=100 switches=0
[STEP] step=102 mode=free t=1.020s ee=(+0.022,-0.046,+0.148) obj=(+0.000,+0.000,+0.050) goal_dist=0.300m switch=kStayInRepos target=(+0.053,-0.021,+0.149) ee_stride=0.039m ee_to_ptarget=0.139m landing_err=0.1236m ik_ok=Y ik_resid=0.0001m q_max_resid_deg=4.47 target_changed=Y retgt=N held_idx=1 held_cost=184568.25 won_cost=184568.25 margin=+0.00 won_src=prev_repos held_valid=Y reason=hold setpoint_to_ptarget=nanm finished_val=0.1394m finished_thresh=0.0200m pd_resid=nanm nextwp_to_ptarget=nanm guide_terminal_err=nanm
[GATE-EVOLVE] step=102 curr=134482.78 best_other=184568.25 ratio=0.7286 ee_to_optimal=0.0699m phi=0.0234m
[STAGE-A-TRACE] step=102 sim_t=1.020 mode=free phi=0.02337 box_xy=+0.00000,+0.00000 lam_n_ee_box=nan qy=+0.00001 qz=+0.00000 finished_repos=0
[DRAKE-CONTACT] step=102 n_pairs=1 ee_box_normal=0.000
[GATE-CONTACT] step=102 F_W=(+0.0000,+0.0000,+0.0000) F_on_box=(-0.0000,-0.0000,-0.0000) n_face_out=(-0.0000,-0.0000,-0.0000) A_is_ee=0 box_q=(+1.00000,-0.00001,+0.00001,+0.00000) box_p=(+0.00000,+0.00000,+0.04999) ee_p=(+0.02234,-0.04596,+0.14836)
[EErel] along_push=-0.025m (neg=correct)  perp=0.044m  ee_to_box=0.050m  stage=3  obj=[0. 0.]  g_hat=[-1. -0.]
[proxy] err=0.163m  effective=[0.126 0.038 0.05 ]
[ADMM-C3+] primal: 6.1274->4.9360  dual: 109.8105->80.3182  mono=False  iters=25/25  rho=25.0
[ADMM-C3+] WARNING non-converged: pr=4.9360 dr=80.3182 tol=1e-03
[C3+] step=306 |u[0]|=34.09Nm u_axis=(+10.97,-26.06,+1.21,+18.22,+2.76,-4.58,-0.63)Nm λ_n_max=1.058 η_n_max=1.279 primal=4.936 iters=25/25 lcp_res_max=nan
[ADMIT-GUARD] step=103 admit_active=0 latch=0/0 ee_z=0.149 gate_cap=0
[ALT-GATE] step=103 target_stable=0/0 allow_descent=1
[GS-tgt] step=103 ee=(+0.025,-0.044,+0.149) p_repos=(+0.080,+0.000,+0.030) ee_to_target=0.138m target_label=prev_repos target_changed=N delta=0.000m
[GS] step=103 mode=free switch=kStayInRepos best_k=0 best_src=prev_repos curr_cost=134355.54 repos_cost=184862.20 best_other=184862.20 met_progress=N steps_since_improve=101 switches=0
[STEP] step=103 mode=free t=1.030s ee=(+0.025,-0.044,+0.149) obj=(+0.000,+0.000,+0.050) goal_dist=0.300m switch=kStayInRepos target=(+0.056,-0.019,+0.149) ee_stride=0.039m ee_to_ptarget=0.138m landing_err=0.1226m ik_ok=Y ik_resid=0.0001m q_max_resid_deg=4.54 target_changed=Y retgt=N held_idx=1 held_cost=184862.20 won_cost=184862.20 margin=+0.00 won_src=prev_repos held_valid=Y reason=hold setpoint_to_ptarget=nanm finished_val=0.1376m finished_thresh=0.0200m pd_resid=nanm nextwp_to_ptarget=nanm guide_terminal_err=nanm
[GATE-EVOLVE] step=103 curr=134355.54 best_other=184862.20 ratio=0.7268 ee_to_optimal=0.0661m phi=0.0235m
[STAGE-A-TRACE] step=103 sim_t=1.030 mode=free phi=0.02351 box_xy=+0.00000,+0.00000 lam_n_ee_box=nan qy=+0.00001 qz=+0.00000 finished_repos=0
[DRAKE-CONTACT] step=103 n_pairs=1 ee_box_normal=0.000
[GATE-CONTACT] step=103 F_W=(+0.0000,+0.0000,+0.0000) F_on_box=(-0.0000,-0.0000,-0.0000) n_face_out=(-0.0000,-0.0000,-0.0000) A_is_ee=0 box_q=(+1.00000,-0.00001,+0.00001,+0.00000) box_p=(+0.00000,+0.00000,+0.04999) ee_p=(+0.02535,-0.04359,+0.14850)
[EErel] along_push=-0.028m (neg=correct)  perp=0.041m  ee_to_box=0.050m  stage=3  obj=[0. 0.]  g_hat=[-1. -0.]
[proxy] err=0.157m  effective=[0.125 0.034 0.05 ]
[ADMM-C3+] primal: 6.1274->4.9360  dual: 109.8105->80.3183  mono=False  iters=25/25  rho=25.0
[ADMM-C3+] WARNING non-converged: pr=4.9360 dr=80.3183 tol=1e-03
[C3+] step=309 |u[0]|=34.18Nm u_axis=(+10.84,-26.45,+1.69,+17.78,+2.62,-4.98,-0.64)Nm λ_n_max=1.058 η_n_max=1.279 primal=4.936 iters=25/25 lcp_res_max=nan
[ADMIT-GUARD] step=104 admit_active=0 latch=0/0 ee_z=0.149 gate_cap=0
[ALT-GATE] step=104 target_stable=0/0 allow_descent=1
[GS-tgt] step=104 ee=(+0.028,-0.041,+0.149) p_repos=(+0.080,+0.000,+0.030) ee_to_target=0.136m target_label=prev_repos target_changed=N delta=0.000m
[GS] step=104 mode=free switch=kStayInRepos best_k=0 best_src=prev_repos curr_cost=134281.36 repos_cost=185116.12 best_other=185116.12 met_progress=N steps_since_improve=102 switches=0
[STEP] step=104 mode=free t=1.040s ee=(+0.028,-0.041,+0.149) obj=(+0.000,+0.000,+0.050) goal_dist=0.300m switch=kStayInRepos target=(+0.059,-0.016,+0.149) ee_stride=0.040m ee_to_ptarget=0.136m landing_err=0.1217m ik_ok=Y ik_resid=0.0001m q_max_resid_deg=4.60 target_changed=Y retgt=N held_idx=1 held_cost=185116.12 won_cost=185116.12 margin=+0.00 won_src=prev_repos held_valid=Y reason=hold setpoint_to_ptarget=nanm finished_val=0.1358m finished_thresh=0.0200m pd_resid=nanm nextwp_to_ptarget=nanm guide_terminal_err=nanm
[GATE-EVOLVE] step=104 curr=134281.36 best_other=185116.12 ratio=0.7254 ee_to_optimal=0.0622m phi=0.0236m
[STAGE-A-TRACE] step=104 sim_t=1.040 mode=free phi=0.02363 box_xy=+0.00000,+0.00000 lam_n_ee_box=nan qy=+0.00001 qz=+0.00000 finished_repos=0
[DRAKE-CONTACT] step=104 n_pairs=1 ee_box_normal=0.000
[GATE-CONTACT] step=104 F_W=(+0.0000,+0.0000,+0.0000) F_on_box=(-0.0000,-0.0000,-0.0000) n_face_out=(-0.0000,-0.0000,-0.0000) A_is_ee=0 box_q=(+1.00000,-0.00001,+0.00001,+0.00000) box_p=(+0.00000,+0.00000,+0.04999) ee_p=(+0.02837,-0.04120,+0.14862)
[EErel] along_push=-0.031m (neg=correct)  perp=0.039m  ee_to_box=0.050m  stage=3  obj=[0. 0.]  g_hat=[-1. -0.]
[proxy] err=0.152m  effective=[0.125 0.03  0.05 ]
[ADMM-C3+] primal: 6.1274->4.9360  dual: 109.8105->80.3182  mono=False  iters=25/25  rho=25.0
[ADMM-C3+] WARNING non-converged: pr=4.9360 dr=80.3182 tol=1e-03
[C3+] step=312 |u[0]|=34.39Nm u_axis=(+11.10,-26.59,+1.72,+17.68,+2.64,-5.38,-0.66)Nm λ_n_max=1.058 η_n_max=1.279 primal=4.936 iters=25/25 lcp_res_max=nan
[ADMIT-GUARD] step=105 admit_active=0 latch=0/0 ee_z=0.149 gate_cap=0
[ALT-GATE] step=105 target_stable=0/0 allow_descent=1
[GS-tgt] step=105 ee=(+0.031,-0.039,+0.149) p_repos=(+0.080,+0.000,+0.030) ee_to_target=0.134m target_label=prev_repos target_changed=N delta=0.000m
[GS] step=105 mode=free switch=kStayInRepos best_k=0 best_src=prev_repos curr_cost=134145.07 repos_cost=185335.69 best_other=185335.69 met_progress=N steps_since_improve=103 switches=0
[STEP] step=105 mode=free t=1.050s ee=(+0.031,-0.039,+0.149) obj=(+0.000,+0.000,+0.050) goal_dist=0.300m switch=kStayInRepos target=(+0.062,-0.014,+0.149) ee_stride=0.040m ee_to_ptarget=0.134m landing_err=0.1208m ik_ok=Y ik_resid=0.0001m q_max_resid_deg=4.65 target_changed=Y retgt=N held_idx=1 held_cost=185335.69 won_cost=185335.69 margin=+0.00 won_src=prev_repos held_valid=Y reason=hold setpoint_to_ptarget=nanm finished_val=0.1340m finished_thresh=0.0200m pd_resid=nanm nextwp_to_ptarget=nanm guide_terminal_err=nanm
[GATE-EVOLVE] step=105 curr=134145.07 best_other=185335.69 ratio=0.7238 ee_to_optimal=0.0584m phi=0.0237m
[STAGE-A-TRACE] step=105 sim_t=1.050 mode=free phi=0.02373 box_xy=+0.00000,+0.00000 lam_n_ee_box=nan qy=+0.00001 qz=+0.00000 finished_repos=0
[DRAKE-CONTACT] step=105 n_pairs=1 ee_box_normal=0.000
[GATE-CONTACT] step=105 F_W=(+0.0000,+0.0000,+0.0000) F_on_box=(-0.0000,-0.0000,-0.0000) n_face_out=(-0.0000,-0.0000,-0.0000) A_is_ee=0 box_q=(+1.00000,-0.00001,+0.00001,+0.00000) box_p=(+0.00000,+0.00000,+0.04999) ee_p=(+0.03141,-0.03880,+0.14872)
[EErel] along_push=-0.034m (neg=correct)  perp=0.036m  ee_to_box=0.050m  stage=3  obj=[0. 0.]  g_hat=[-1. -0.]
[proxy] err=0.148m  effective=[0.125 0.026 0.05 ]
[ADMM-C3+] primal: 6.1274->4.9360  dual: 109.8105->80.3182  mono=False  iters=25/25  rho=25.0
[ADMM-C3+] WARNING non-converged: pr=4.9360 dr=80.3182 tol=1e-03
[C3+] step=315 |u[0]|=34.55Nm u_axis=(+11.15,-26.88,+1.90,+17.42,+2.60,-5.74,-0.67)Nm λ_n_max=1.058 η_n_max=1.279 primal=4.936 iters=25/25 lcp_res_max=nan
[ADMIT-GUARD] step=106 admit_active=0 latch=0/0 ee_z=0.149 gate_cap=0
[ALT-GATE] step=106 target_stable=0/0 allow_descent=1
[GS-tgt] step=106 ee=(+0.034,-0.036,+0.149) p_repos=(+0.080,+0.000,+0.030) ee_to_target=0.132m target_label=prev_repos target_changed=N delta=0.000m
[GS] step=106 mode=free switch=kStayInRepos best_k=0 best_src=prev_repos curr_cost=134060.74 repos_cost=185525.82 best_other=185525.82 met_progress=N steps_since_improve=104 switches=0
[STEP] step=106 mode=free t=1.060s ee=(+0.034,-0.036,+0.149) obj=(+0.000,+0.000,+0.050) goal_dist=0.300m switch=kStayInRepos target=(+0.065,-0.011,+0.149) ee_stride=0.040m ee_to_ptarget=0.132m landing_err=0.1202m ik_ok=Y ik_resid=0.0001m q_max_resid_deg=4.71 target_changed=Y retgt=N held_idx=1 held_cost=185525.82 won_cost=185525.82 margin=+0.00 won_src=prev_repos held_valid=Y reason=hold setpoint_to_ptarget=nanm finished_val=0.1323m finished_thresh=0.0200m pd_resid=nanm nextwp_to_ptarget=nanm guide_terminal_err=nanm
[GATE-EVOLVE] step=106 curr=134060.74 best_other=185525.82 ratio=0.7226 ee_to_optimal=0.0545m phi=0.0238m
[STAGE-A-TRACE] step=106 sim_t=1.060 mode=free phi=0.02382 box_xy=+0.00000,+0.00000 lam_n_ee_box=nan qy=+0.00001 qz=+0.00000 finished_repos=0
[DRAKE-CONTACT] step=106 n_pairs=1 ee_box_normal=0.000
[GATE-CONTACT] step=106 F_W=(+0.0000,+0.0000,+0.0000) F_on_box=(-0.0000,-0.0000,-0.0000) n_face_out=(-0.0000,-0.0000,-0.0000) A_is_ee=0 box_q=(+1.00000,-0.00001,+0.00001,+0.00000) box_p=(+0.00000,+0.00000,+0.04999) ee_p=(+0.03447,-0.03638,+0.14881)
[EErel] along_push=-0.038m (neg=correct)  perp=0.034m  ee_to_box=0.051m  stage=3  obj=[0. 0.]  g_hat=[-1. -0.]
[proxy] err=0.144m  effective=[0.126 0.023 0.05 ]
[ADMM-C3+] primal: 6.1274->4.9360  dual: 109.8105->80.3182  mono=False  iters=25/25  rho=25.0
[ADMM-C3+] WARNING non-converged: pr=4.9360 dr=80.3182 tol=1e-03
[C3+] step=318 |u[0]|=34.72Nm u_axis=(+11.19,-27.15,+2.02,+17.18,+2.56,-6.08,-0.68)Nm λ_n_max=1.058 η_n_max=1.279 primal=4.936 iters=25/25 lcp_res_max=nan
[ADMIT-GUARD] step=107 admit_active=0 latch=0/0 ee_z=0.149 gate_cap=0
[ALT-GATE] step=107 target_stable=0/0 allow_descent=1
[GS-tgt] step=107 ee=(+0.038,-0.034,+0.149) p_repos=(+0.080,+0.000,+0.030) ee_to_target=0.131m target_label=prev_repos target_changed=N delta=0.000m
[GS] step=107 mode=free switch=kStayInRepos best_k=0 best_src=prev_repos curr_cost=103986.03 repos_cost=185690.75 best_other=185690.75 met_progress=N steps_since_improve=105 switches=0
[STEP] step=107 mode=free t=1.070s ee=(+0.038,-0.034,+0.149) obj=(+0.000,+0.000,+0.050) goal_dist=0.300m switch=kStayInRepos target=(+0.069,-0.009,+0.149) ee_stride=0.040m ee_to_ptarget=0.131m landing_err=0.1196m ik_ok=Y ik_resid=0.0001m q_max_resid_deg=4.76 target_changed=Y retgt=N held_idx=1 held_cost=185690.75 won_cost=185690.75 margin=+0.00 won_src=prev_repos held_valid=Y reason=hold setpoint_to_ptarget=nanm finished_val=0.1307m finished_thresh=0.0200m pd_resid=nanm nextwp_to_ptarget=nanm guide_terminal_err=nanm
[GATE-EVOLVE] step=107 curr=103986.03 best_other=185690.75 ratio=0.5600 ee_to_optimal=0.0506m phi=0.0239m
[STAGE-A-TRACE] step=107 sim_t=1.070 mode=free phi=0.02388 box_xy=+0.00000,+0.00000 lam_n_ee_box=nan qy=+0.00001 qz=+0.00000 finished_repos=0
[DRAKE-CONTACT] step=107 n_pairs=1 ee_box_normal=0.000
[GATE-CONTACT] step=107 F_W=(+0.0000,+0.0000,+0.0000) F_on_box=(-0.0000,-0.0000,-0.0000) n_face_out=(-0.0000,-0.0000,-0.0000) A_is_ee=0 box_q=(+1.00000,-0.00001,+0.00001,+0.00000) box_p=(+0.00000,+0.00000,+0.04999) ee_p=(+0.03754,-0.03396,+0.14887)
[EErel] along_push=-0.041m (neg=correct)  perp=0.032m  ee_to_box=0.051m  stage=3  obj=[0. 0.]  g_hat=[-1. -0.]
[proxy] err=0.141m  effective=[0.127 0.02  0.05 ]
[ADMM-C3+] primal: 6.1274->4.9363  dual: 109.8105->80.3321  mono=False  iters=25/25  rho=25.0
[ADMM-C3+] WARNING non-converged: pr=4.9363 dr=80.3321 tol=1e-03
[C3+] step=321 |u[0]|=34.82Nm u_axis=(+10.96,-27.55,+2.35,+16.78,+2.43,-6.30,-0.68)Nm λ_n_max=1.058 η_n_max=1.279 primal=4.936 iters=25/25 lcp_res_max=nan
[ADMIT-GUARD] step=108 admit_active=0 latch=0/0 ee_z=0.149 gate_cap=0
[ALT-GATE] step=108 target_stable=0/0 allow_descent=1
[GS-tgt] step=108 ee=(+0.041,-0.032,+0.149) p_repos=(+0.080,+0.000,+0.030) ee_to_target=0.129m target_label=prev_repos target_changed=N delta=0.000m
[GS] step=108 mode=free switch=kStayInRepos best_k=0 best_src=prev_repos curr_cost=103972.92 repos_cost=185834.09 best_other=185834.09 met_progress=N steps_since_improve=106 switches=0
[STEP] step=108 mode=free t=1.080s ee=(+0.041,-0.032,+0.149) obj=(+0.000,+0.000,+0.050) goal_dist=0.300m switch=kStayInRepos target=(+0.072,-0.006,+0.149) ee_stride=0.040m ee_to_ptarget=0.129m landing_err=0.1192m ik_ok=Y ik_resid=0.0001m q_max_resid_deg=4.81 target_changed=Y retgt=N held_idx=1 held_cost=185834.09 won_cost=185834.09 margin=+0.00 won_src=prev_repos held_valid=Y reason=hold setpoint_to_ptarget=nanm finished_val=0.1292m finished_thresh=0.0200m pd_resid=nanm nextwp_to_ptarget=nanm guide_terminal_err=nanm
[GATE-EVOLVE] step=108 curr=103972.92 best_other=185834.09 ratio=0.5595 ee_to_optimal=0.0467m phi=0.0239m
[STAGE-A-TRACE] step=108 sim_t=1.080 mode=free phi=0.02394 box_xy=+0.00000,+0.00000 lam_n_ee_box=nan qy=+0.00001 qz=+0.00000 finished_repos=0
[DRAKE-CONTACT] step=108 n_pairs=1 ee_box_normal=0.000
[GATE-CONTACT] step=108 F_W=(+0.0000,+0.0000,+0.0000) F_on_box=(-0.0000,-0.0000,-0.0000) n_face_out=(-0.0000,-0.0000,-0.0000) A_is_ee=0 box_q=(+1.00000,-0.00001,+0.00001,+0.00000) box_p=(+0.00000,+0.00000,+0.04999) ee_p=(+0.04062,-0.03153,+0.14893)
[EErel] along_push=-0.044m (neg=correct)  perp=0.029m  ee_to_box=0.053m  stage=3  obj=[0. 0.]  g_hat=[-1. -0.]
[proxy] err=0.138m  effective=[0.129 0.017 0.05 ]
[ADMM-C3+] primal: 6.1274->4.9360  dual: 109.8105->80.3210  mono=False  iters=25/25  rho=25.0
[ADMM-C3+] WARNING non-converged: pr=4.9360 dr=80.3210 tol=1e-03
[C3+] step=324 |u[0]|=35.05Nm u_axis=(+10.76,-28.01,+2.58,+16.50,+2.29,-6.56,-0.69)Nm λ_n_max=1.058 η_n_max=1.279 primal=4.936 iters=25/25 lcp_res_max=nan
[ADMIT-GUARD] step=109 admit_active=0 latch=0/0 ee_z=0.149 gate_cap=0
[ALT-GATE] step=109 target_stable=0/0 allow_descent=1
[GS-tgt] step=109 ee=(+0.044,-0.029,+0.149) p_repos=(+0.080,+0.000,+0.030) ee_to_target=0.128m target_label=prev_repos target_changed=N delta=0.000m
[GS] step=109 mode=free switch=kStayInRepos best_k=0 best_src=prev_repos curr_cost=103950.84 repos_cost=185958.90 best_other=185958.90 met_progress=N steps_since_improve=107 switches=0
[STEP] step=109 mode=free t=1.090s ee=(+0.044,-0.029,+0.149) obj=(+0.000,+0.000,+0.050) goal_dist=0.300m switch=kStayInRepos target=(+0.075,-0.004,+0.149) ee_stride=0.040m ee_to_ptarget=0.128m landing_err=0.1189m ik_ok=Y ik_resid=0.0001m q_max_resid_deg=4.86 target_changed=Y retgt=N held_idx=1 held_cost=185958.90 won_cost=185958.90 margin=+0.00 won_src=prev_repos held_valid=Y reason=hold setpoint_to_ptarget=nanm finished_val=0.1277m finished_thresh=0.0200m pd_resid=nanm nextwp_to_ptarget=nanm guide_terminal_err=nanm
[GATE-EVOLVE] step=109 curr=103950.84 best_other=185958.90 ratio=0.5590 ee_to_optimal=0.0427m phi=0.0240m
[STAGE-A-TRACE] step=109 sim_t=1.090 mode=free phi=0.02399 box_xy=+0.00000,+0.00000 lam_n_ee_box=nan qy=+0.00001 qz=+0.00000 finished_repos=0
[DRAKE-CONTACT] step=109 n_pairs=1 ee_box_normal=0.000
[GATE-CONTACT] step=109 F_W=(+0.0000,+0.0000,+0.0000) F_on_box=(-0.0000,-0.0000,-0.0000) n_face_out=(-0.0000,-0.0000,-0.0000) A_is_ee=0 box_q=(+1.00000,-0.00001,+0.00001,+0.00000) box_p=(+0.00000,+0.00000,+0.04999) ee_p=(+0.04371,-0.02909,+0.14898)
[EErel] along_push=-0.047m (neg=correct)  perp=0.027m  ee_to_box=0.054m  stage=3  obj=[0. 0.]  g_hat=[-1. -0.]
[proxy] err=0.136m  effective=[0.131 0.014 0.05 ]
[ADMM-C3+] primal: 6.1274->4.9348  dual: 109.8105->80.2797  mono=False  iters=25/25  rho=25.0
[ADMM-C3+] WARNING non-converged: pr=4.9348 dr=80.2797 tol=1e-03
[C3+] step=327 |u[0]|=35.01Nm u_axis=(+9.87,-28.88,+2.52,+15.57,+2.20,-6.33,-0.65)Nm λ_n_max=1.059 η_n_max=1.279 primal=4.935 iters=25/25 lcp_res_max=nan
[ADMIT-GUARD] step=110 admit_active=0 latch=0/0 ee_z=0.149 gate_cap=0
[ALT-GATE] step=110 target_stable=0/0 allow_descent=1
[GS-tgt] step=110 ee=(+0.047,-0.027,+0.149) p_repos=(+0.080,+0.000,+0.030) ee_to_target=0.126m target_label=prev_repos target_changed=N delta=0.000m
[IMP] step=110 mode=free |x_err|=0.0400m |tau_imp|=0.92Nm |tau_ff|=0.00Nm |tau_out|=0.92Nm sat=False lam_n=False lam_t=False
[GS] step=110 mode=free switch=kStayInRepos best_k=0 best_src=prev_repos curr_cost=104238.96 repos_cost=186067.77 best_other=186067.77 met_progress=N steps_since_improve=108 switches=0
[STEP] step=110 mode=free t=1.100s ee=(+0.047,-0.027,+0.149) obj=(+0.000,+0.000,+0.050) goal_dist=0.300m switch=kStayInRepos target=(+0.078,-0.002,+0.149) ee_stride=0.040m ee_to_ptarget=0.126m landing_err=0.1188m ik_ok=Y ik_resid=0.0001m q_max_resid_deg=4.91 target_changed=Y retgt=N held_idx=1 held_cost=186067.77 won_cost=186067.77 margin=+0.00 won_src=prev_repos held_valid=Y reason=hold setpoint_to_ptarget=nanm finished_val=0.1264m finished_thresh=0.0200m pd_resid=nanm nextwp_to_ptarget=nanm guide_terminal_err=nanm
[GATE-EVOLVE] step=110 curr=104238.96 best_other=186067.77 ratio=0.5602 ee_to_optimal=0.0388m phi=0.0240m
[STAGE-A-TRACE] step=110 sim_t=1.100 mode=free phi=0.02402 box_xy=+0.00000,+0.00000 lam_n_ee_box=nan qy=+0.00001 qz=+0.00000 finished_repos=0
[DRAKE-CONTACT] step=110 n_pairs=1 ee_box_normal=0.000
[GATE-CONTACT] step=110 F_W=(+0.0000,+0.0000,+0.0000) F_on_box=(-0.0000,-0.0000,-0.0000) n_face_out=(-0.0000,-0.0000,-0.0000) A_is_ee=0 box_q=(+1.00000,-0.00001,+0.00001,+0.00000) box_p=(+0.00000,+0.00000,+0.04999) ee_p=(+0.04681,-0.02665,+0.14901)
[EErel] along_push=-0.050m (neg=correct)  perp=0.024m  ee_to_box=0.055m  stage=3  obj=[0. 0.]  g_hat=[-1. -0.]
[proxy] err=0.134m  effective=[0.133 0.012 0.05 ]
[ADMM-C3+] primal: 6.1274->4.9348  dual: 109.8105->80.2764  mono=False  iters=25/25  rho=25.0
[ADMM-C3+] WARNING non-converged: pr=4.9348 dr=80.2764 tol=1e-03
[C3+] step=330 |u[0]|=35.21Nm u_axis=(+10.02,-29.05,+2.35,+15.55,+2.25,-6.54,-0.66)Nm λ_n_max=1.059 η_n_max=1.279 primal=4.935 iters=25/25 lcp_res_max=nan
[ADMIT-GUARD] step=111 admit_active=0 latch=0/0 ee_z=0.149 gate_cap=0
[ALT-GATE] step=111 target_stable=0/0 allow_descent=1
[GS-tgt] step=111 ee=(+0.050,-0.024,+0.149) p_repos=(+0.080,+0.000,+0.030) ee_to_target=0.125m target_label=prev_repos target_changed=N delta=0.000m
[GS] step=111 mode=free switch=kStayInRepos best_k=0 best_src=prev_repos curr_cost=104177.58 repos_cost=186162.86 best_other=186162.86 met_progress=N steps_since_improve=109 switches=0
[STEP] step=111 mode=free t=1.110s ee=(+0.050,-0.024,+0.149) obj=(+0.000,+0.000,+0.050) goal_dist=0.300m switch=kStayInRepos target=(+0.080,+0.000,+0.145) ee_stride=0.039m ee_to_ptarget=0.125m landing_err=0.1147m ik_ok=Y ik_resid=0.0001m q_max_resid_deg=5.01 target_changed=Y retgt=N held_idx=1 held_cost=186162.86 won_cost=186162.86 margin=+0.00 won_src=prev_repos held_valid=Y reason=hold setpoint_to_ptarget=nanm finished_val=0.1252m finished_thresh=0.0200m pd_resid=nanm nextwp_to_ptarget=nanm guide_terminal_err=nanm
[GATE-EVOLVE] step=111 curr=104177.58 best_other=186162.86 ratio=0.5596 ee_to_optimal=0.0349m phi=0.0241m
[STAGE-A-TRACE] step=111 sim_t=1.110 mode=free phi=0.02406 box_xy=+0.00000,+0.00000 lam_n_ee_box=nan qy=+0.00001 qz=+0.00000 finished_repos=0
[DRAKE-CONTACT] step=111 n_pairs=1 ee_box_normal=0.000
[GATE-CONTACT] step=111 F_W=(+0.0000,+0.0000,+0.0000) F_on_box=(-0.0000,-0.0000,-0.0000) n_face_out=(-0.0000,-0.0000,-0.0000) A_is_ee=0 box_q=(+1.00000,-0.00001,+0.00001,+0.00000) box_p=(+0.00000,+0.00000,+0.04999) ee_p=(+0.04991,-0.02420,+0.14905)
[EErel] along_push=-0.053m (neg=correct)  perp=0.022m  ee_to_box=0.057m  stage=3  obj=[0. 0.]  g_hat=[-1. -0.]
[proxy] err=0.133m  effective=[0.136 0.009 0.05 ]
[ADMM-C3+] primal: 6.1274->4.9359  dual: 109.8105->80.3186  mono=False  iters=25/25  rho=25.0
[ADMM-C3+] WARNING non-converged: pr=4.9359 dr=80.3186 tol=1e-03
[C3+] step=333 |u[0]|=35.82Nm u_axis=(+11.60,-28.84,+1.55,+15.89,+2.91,-7.29,-0.79)Nm λ_n_max=1.058 η_n_max=1.279 primal=4.936 iters=25/25 lcp_res_max=nan
[ADMIT-GUARD] step=112 admit_active=0 latch=0/0 ee_z=0.149 gate_cap=0
[ALT-GATE] step=112 target_stable=0/0 allow_descent=1
[GS-tgt] step=112 ee=(+0.053,-0.022,+0.149) p_repos=(+0.080,+0.000,+0.030) ee_to_target=0.124m target_label=prev_repos target_changed=N delta=0.000m
[GS] step=112 mode=free switch=kStayInRepos best_k=0 best_src=prev_repos curr_cost=103712.56 repos_cost=187116.67 best_other=187116.67 met_progress=N steps_since_improve=110 switches=0
[STEP] step=112 mode=free t=1.120s ee=(+0.053,-0.022,+0.149) obj=(+0.000,+0.000,+0.050) goal_dist=0.300m switch=kStayInRepos target=(+0.080,+0.000,+0.141) ee_stride=0.036m ee_to_ptarget=0.124m landing_err=0.1107m ik_ok=Y ik_resid=0.0001m q_max_resid_deg=4.78 target_changed=Y retgt=N held_idx=1 held_cost=187116.67 won_cost=187116.67 margin=+0.00 won_src=prev_repos held_valid=Y reason=hold setpoint_to_ptarget=nanm finished_val=0.1239m finished_thresh=0.0200m pd_resid=nanm nextwp_to_ptarget=nanm guide_terminal_err=nanm
[GATE-EVOLVE] step=112 curr=103712.56 best_other=187116.67 ratio=0.5543 ee_to_optimal=0.0310m phi=0.0241m
[STAGE-A-TRACE] step=112 sim_t=1.120 mode=free phi=0.02409 box_xy=+0.00000,+0.00000 lam_n_ee_box=nan qy=+0.00001 qz=+0.00000 finished_repos=0
[DRAKE-CONTACT] step=112 n_pairs=1 ee_box_normal=0.000
[GATE-CONTACT] step=112 F_W=(+0.0000,+0.0000,+0.0000) F_on_box=(-0.0000,-0.0000,-0.0000) n_face_out=(-0.0000,-0.0000,-0.0000) A_is_ee=0 box_q=(+1.00000,-0.00001,+0.00001,+0.00000) box_p=(+0.00000,+0.00000,+0.04999) ee_p=(+0.05300,-0.02178,+0.14899)
[EErel] along_push=-0.056m (neg=correct)  perp=0.019m  ee_to_box=0.059m  stage=3  obj=[0. 0.]  g_hat=[-1. -0.]
[proxy] err=0.132m  effective=[0.139 0.008 0.05 ]
[ADMM-C3+] primal: 6.1274->4.9359  dual: 109.8105->80.3186  mono=False  iters=25/25  rho=25.0
[ADMM-C3+] WARNING non-converged: pr=4.9359 dr=80.3186 tol=1e-03
[C3+] step=336 |u[0]|=36.40Nm u_axis=(+11.36,-29.53,+1.42,+16.08,+2.98,-7.30,-0.81)Nm λ_n_max=1.058 η_n_max=1.279 primal=4.936 iters=25/25 lcp_res_max=nan
[ADMIT-GUARD] step=113 admit_active=0 latch=0/0 ee_z=0.149 gate_cap=0
[ALT-GATE] step=113 target_stable=0/0 allow_descent=1
[GS-tgt] step=113 ee=(+0.056,-0.019,+0.149) p_repos=(+0.080,+0.000,+0.030) ee_to_target=0.123m target_label=prev_repos target_changed=N delta=0.000m
[GS] step=113 mode=free switch=kStayInRepos best_k=0 best_src=prev_repos curr_cost=103696.00 repos_cost=188598.64 best_other=188598.64 met_progress=N steps_since_improve=111 switches=0
[STEP] step=113 mode=free t=1.130s ee=(+0.056,-0.019,+0.149) obj=(+0.000,+0.000,+0.050) goal_dist=0.300m switch=kStayInRepos target=(+0.080,+0.000,+0.137) ee_stride=0.033m ee_to_ptarget=0.123m landing_err=0.1067m ik_ok=Y ik_resid=0.0001m q_max_resid_deg=4.55 target_changed=Y retgt=N held_idx=1 held_cost=188598.64 won_cost=188598.64 margin=+0.00 won_src=prev_repos held_valid=Y reason=hold setpoint_to_ptarget=nanm finished_val=0.1227m finished_thresh=0.0200m pd_resid=nanm nextwp_to_ptarget=nanm guide_terminal_err=nanm
[GATE-EVOLVE] step=113 curr=103696.00 best_other=188598.64 ratio=0.5498 ee_to_optimal=0.0272m phi=0.0241m
[STAGE-A-TRACE] step=113 sim_t=1.130 mode=free phi=0.02410 box_xy=+0.00000,+0.00000 lam_n_ee_box=nan qy=+0.00001 qz=+0.00000 finished_repos=0
[DRAKE-CONTACT] step=113 n_pairs=1 ee_box_normal=0.000
[GATE-CONTACT] step=113 F_W=(+0.0000,+0.0000,+0.0000) F_on_box=(-0.0000,-0.0000,-0.0000) n_face_out=(-0.0000,-0.0000,-0.0000) A_is_ee=0 box_q=(+1.00000,-0.00001,+0.00001,+0.00000) box_p=(+0.00000,+0.00000,+0.04999) ee_p=(+0.05598,-0.01944,+0.14873)
[EErel] along_push=-0.059m (neg=correct)  perp=0.017m  ee_to_box=0.061m  stage=3  obj=[0. 0.]  g_hat=[-1. -0.]
[proxy] err=0.131m  effective=[0.142 0.006 0.05 ]
[ADMM-C3+] primal: 6.1274->4.9359  dual: 109.8105->80.3183  mono=False  iters=25/25  rho=25.0
[ADMM-C3+] WARNING non-converged: pr=4.9359 dr=80.3183 tol=1e-03
[C3+] step=339 |u[0]|=36.81Nm u_axis=(+10.98,-30.00,+1.31,+16.48,+3.05,-7.15,-0.83)Nm λ_n_max=1.059 η_n_max=1.279 primal=4.936 iters=25/25 lcp_res_max=nan
[ADMIT-GUARD] step=114 admit_active=0 latch=0/0 ee_z=0.148 gate_cap=0
[ALT-GATE] step=114 target_stable=0/0 allow_descent=1
[GS-tgt] step=114 ee=(+0.059,-0.017,+0.148) p_repos=(+0.080,+0.000,+0.030) ee_to_target=0.121m target_label=prev_repos target_changed=N delta=0.000m
[GS] step=114 mode=free switch=kStayInRepos best_k=0 best_src=prev_repos curr_cost=103705.93 repos_cost=190321.18 best_other=190321.18 met_progress=N steps_since_improve=112 switches=0
[STEP] step=114 mode=free t=1.140s ee=(+0.059,-0.017,+0.148) obj=(+0.000,+0.000,+0.050) goal_dist=0.300m switch=kStayInRepos target=(+0.080,+0.000,+0.133) ee_stride=0.031m ee_to_ptarget=0.121m landing_err=0.1027m ik_ok=Y ik_resid=0.0001m q_max_resid_deg=4.34 target_changed=Y retgt=N held_idx=1 held_cost=190321.18 won_cost=190321.18 margin=+0.00 won_src=prev_repos held_valid=Y reason=hold setpoint_to_ptarget=nanm finished_val=0.1213m finished_thresh=0.0200m pd_resid=nanm nextwp_to_ptarget=nanm guide_terminal_err=nanm
[GATE-EVOLVE] step=114 curr=103705.93 best_other=190321.18 ratio=0.5449 ee_to_optimal=0.0237m phi=0.0240m
[STAGE-A-TRACE] step=114 sim_t=1.140 mode=free phi=0.02399 box_xy=+0.00000,+0.00000 lam_n_ee_box=nan qy=+0.00001 qz=+0.00000 finished_repos=0
[DRAKE-CONTACT] step=114 n_pairs=1 ee_box_normal=0.000
[GATE-CONTACT] step=114 F_W=(+0.0000,+0.0000,+0.0000) F_on_box=(-0.0000,-0.0000,-0.0000) n_face_out=(-0.0000,-0.0000,-0.0000) A_is_ee=0 box_q=(+1.00000,-0.00001,+0.00001,+0.00000) box_p=(+0.00000,+0.00000,+0.04999) ee_p=(+0.05879,-0.01725,+0.14819)
[EErel] along_push=-0.061m (neg=correct)  perp=0.015m  ee_to_box=0.063m  stage=3  obj=[0. 0.]  g_hat=[-1. -0.]
[proxy] err=0.130m  effective=[0.145 0.005 0.05 ]
[ADMM-C3+] primal: 6.1274->4.9359  dual: 109.8105->80.3186  mono=False  iters=25/25  rho=25.0
[ADMM-C3+] WARNING non-converged: pr=4.9359 dr=80.3186 tol=1e-03
[C3+] step=342 |u[0]|=37.00Nm u_axis=(+10.77,-30.00,+0.50,+17.00,+3.54,-7.10,-0.88)Nm λ_n_max=1.058 η_n_max=1.279 primal=4.936 iters=25/25 lcp_res_max=nan
[ADMIT-GUARD] step=115 admit_active=0 latch=0/0 ee_z=0.147 gate_cap=0
[ALT-GATE] step=115 target_stable=0/0 allow_descent=1
[GS-tgt] step=115 ee=(+0.061,-0.015,+0.147) p_repos=(+0.080,+0.000,+0.030) ee_to_target=0.120m target_label=prev_repos target_changed=N delta=0.000m
[GS] step=115 mode=free switch=kStayInRepos best_k=0 best_src=prev_repos curr_cost=103684.25 repos_cost=192053.93 best_other=192053.93 met_progress=N steps_since_improve=113 switches=0
[STEP] step=115 mode=free t=1.150s ee=(+0.061,-0.015,+0.147) obj=(+0.000,+0.000,+0.050) goal_dist=0.300m switch=kStayInRepos target=(+0.080,+0.000,+0.129) ee_stride=0.030m ee_to_ptarget=0.120m landing_err=0.0987m ik_ok=Y ik_resid=0.0001m q_max_resid_deg=4.54 target_changed=Y retgt=N held_idx=1 held_cost=192053.93 won_cost=192053.93 margin=+0.00 won_src=prev_repos held_valid=Y reason=hold setpoint_to_ptarget=nanm finished_val=0.1198m finished_thresh=0.0200m pd_resid=nanm nextwp_to_ptarget=nanm guide_terminal_err=nanm
[GATE-EVOLVE] step=115 curr=103684.25 best_other=192053.93 ratio=0.5399 ee_to_optimal=0.0204m phi=0.0237m
[STAGE-A-TRACE] step=115 sim_t=1.150 mode=free phi=0.02369 box_xy=+0.00000,+0.00000 lam_n_ee_box=nan qy=+0.00001 qz=+0.00000 finished_repos=0
[DRAKE-CONTACT] step=115 n_pairs=1 ee_box_normal=0.000
[GATE-CONTACT] step=115 F_W=(+0.0000,+0.0000,+0.0000) F_on_box=(-0.0000,-0.0000,-0.0000) n_face_out=(-0.0000,-0.0000,-0.0000) A_is_ee=0 box_q=(+1.00000,-0.00001,+0.00001,+0.00000) box_p=(+0.00000,+0.00000,+0.04999) ee_p=(+0.06138,-0.01523,+0.14733)
[EErel] along_push=-0.064m (neg=correct)  perp=0.013m  ee_to_box=0.065m  stage=3  obj=[0. 0.]  g_hat=[-1. -0.]
[proxy] err=0.129m  effective=[0.148 0.004 0.05 ]
[ADMM-C3+] primal: 6.1274->4.9359  dual: 109.8105->80.3195  mono=False  iters=25/25  rho=25.0
[ADMM-C3+] WARNING non-converged: pr=4.9359 dr=80.3195 tol=1e-03
[C3+] step=345 |u[0]|=37.49Nm u_axis=(+10.57,-30.00,+0.34,+18.12,+3.65,-7.14,-0.90)Nm λ_n_max=1.059 η_n_max=1.279 primal=4.936 iters=25/25 lcp_res_max=nan
[ADMIT-GUARD] step=116 admit_active=0 latch=0/0 ee_z=0.146 gate_cap=0
[ALT-GATE] step=116 target_stable=0/0 allow_descent=1
[GS-tgt] step=116 ee=(+0.064,-0.013,+0.146) p_repos=(+0.080,+0.000,+0.030) ee_to_target=0.118m target_label=strat_0 target_changed=N delta=0.000m
[GS] step=116 mode=free switch=kStayInRepos best_k=0 best_src=strat_0 curr_cost=103768.70 repos_cost=193676.55 best_other=193676.55 met_progress=N steps_since_improve=114 switches=0
[STEP] step=116 mode=free t=1.160s ee=(+0.064,-0.013,+0.146) obj=(+0.000,+0.000,+0.050) goal_dist=0.300m switch=kStayInRepos target=(+0.080,+0.000,+0.125) ee_stride=0.030m ee_to_ptarget=0.118m landing_err=0.0947m ik_ok=Y ik_resid=0.0001m q_max_resid_deg=4.71 target_changed=Y retgt=Y held_idx=1 held_cost=193676.55 won_cost=193676.55 margin=+0.00 won_src=strat_0 held_valid=Y reason=noise_flip setpoint_to_ptarget=nanm finished_val=0.1181m finished_thresh=0.0200m pd_resid=nanm nextwp_to_ptarget=nanm guide_terminal_err=nanm
[GATE-EVOLVE] step=116 curr=103768.70 best_other=193676.55 ratio=0.5358 ee_to_optimal=0.0175m phi=0.0232m
[STAGE-A-TRACE] step=116 sim_t=1.160 mode=free phi=0.02317 box_xy=+0.00000,+0.00000 lam_n_ee_box=nan qy=+0.00001 qz=+0.00000 finished_repos=0
[DRAKE-CONTACT] step=116 n_pairs=1 ee_box_normal=0.000
[GATE-CONTACT] step=116 F_W=(+0.0000,+0.0000,+0.0000) F_on_box=(-0.0000,-0.0000,-0.0000) n_face_out=(-0.0000,-0.0000,-0.0000) A_is_ee=0 box_q=(+1.00000,-0.00001,+0.00001,+0.00000) box_p=(+0.00000,+0.00000,+0.04999) ee_p=(+0.06373,-0.01339,+0.14617)
[EErel] along_push=-0.066m (neg=correct)  perp=0.012m  ee_to_box=0.067m  stage=3  obj=[0. 0.]  g_hat=[-1. -0.]
[proxy] err=0.128m  effective=[0.15  0.003 0.05 ]
[ADMM-C3+] primal: 6.1274->4.9359  dual: 109.8105->80.3185  mono=False  iters=25/25  rho=25.0
[ADMM-C3+] WARNING non-converged: pr=4.9359 dr=80.3185 tol=1e-03
[C3+] step=348 |u[0]|=37.86Nm u_axis=(+10.35,-30.00,-0.52,+18.92,+4.17,-7.07,-0.96)Nm λ_n_max=1.058 η_n_max=1.279 primal=4.936 iters=25/25 lcp_res_max=nan
[ADMIT-GUARD] step=117 admit_active=0 latch=0/0 ee_z=0.145 gate_cap=0
[ALT-GATE] step=117 target_stable=0/0 allow_descent=1
[GS-tgt] step=117 ee=(+0.066,-0.012,+0.145) p_repos=(+0.080,+0.000,+0.030) ee_to_target=0.116m target_label=prev_repos target_changed=N delta=0.000m
[GS] step=117 mode=free switch=kStayInRepos best_k=0 best_src=prev_repos curr_cost=103776.90 repos_cost=195131.46 best_other=195131.46 met_progress=N steps_since_improve=115 switches=0
[STEP] step=117 mode=free t=1.170s ee=(+0.066,-0.012,+0.145) obj=(+0.000,+0.000,+0.050) goal_dist=0.300m switch=kStayInRepos target=(+0.080,+0.000,+0.121) ee_stride=0.030m ee_to_ptarget=0.116m landing_err=0.0907m ik_ok=Y ik_resid=0.0001m q_max_resid_deg=4.86 target_changed=Y retgt=N held_idx=1 held_cost=195131.46 won_cost=195131.46 margin=+0.00 won_src=prev_repos held_valid=Y reason=hold setpoint_to_ptarget=nanm finished_val=0.1162m finished_thresh=0.0200m pd_resid=nanm nextwp_to_ptarget=nanm guide_terminal_err=nanm
[GATE-EVOLVE] step=117 curr=103776.90 best_other=195131.46 ratio=0.5318 ee_to_optimal=0.0149m phi=0.0224m
[STAGE-A-TRACE] step=117 sim_t=1.170 mode=free phi=0.02242 box_xy=+0.00000,+0.00000 lam_n_ee_box=nan qy=+0.00001 qz=+0.00000 finished_repos=0
[DRAKE-CONTACT] step=117 n_pairs=1 ee_box_normal=0.000
[GATE-CONTACT] step=117 F_W=(+0.0000,+0.0000,+0.0000) F_on_box=(-0.0000,-0.0000,-0.0000) n_face_out=(-0.0000,-0.0000,-0.0000) A_is_ee=0 box_q=(+1.00000,-0.00001,+0.00001,+0.00000) box_p=(+0.00000,+0.00000,+0.04999) ee_p=(+0.06583,-0.01174,+0.14469)
[EErel] along_push=-0.068m (neg=correct)  perp=0.010m  ee_to_box=0.068m  stage=3  obj=[0. 0.]  g_hat=[-1. -0.]
[proxy] err=0.127m  effective=[0.153 0.002 0.05 ]
[ADMM-C3+] primal: 6.1274->4.9359  dual: 109.8105->80.3185  mono=False  iters=25/25  rho=25.0
[ADMM-C3+] WARNING non-converged: pr=4.9359 dr=80.3185 tol=1e-03
[C3+] step=351 |u[0]|=38.50Nm u_axis=(+10.25,-30.00,-1.08,+20.08,+4.51,-7.15,-1.01)Nm λ_n_max=1.058 η_n_max=1.279 primal=4.936 iters=25/25 lcp_res_max=nan
[ADMIT-GUARD] step=118 admit_active=0 latch=0/0 ee_z=0.143 gate_cap=0
[ALT-GATE] step=118 target_stable=0/0 allow_descent=1
[GS-tgt] step=118 ee=(+0.068,-0.010,+0.143) p_repos=(+0.080,+0.000,+0.030) ee_to_target=0.114m target_label=prev_repos target_changed=N delta=0.000m
[GS] step=118 mode=free switch=kStayInRepos best_k=0 best_src=prev_repos curr_cost=103865.97 repos_cost=196620.41 best_other=196620.41 met_progress=N steps_since_improve=116 switches=0
[STEP] step=118 mode=free t=1.180s ee=(+0.068,-0.010,+0.143) obj=(+0.000,+0.000,+0.050) goal_dist=0.300m switch=kStayInRepos target=(+0.080,+0.000,+0.117) ee_stride=0.031m ee_to_ptarget=0.114m landing_err=0.0867m ik_ok=Y ik_resid=0.0001m q_max_resid_deg=4.99 target_changed=Y retgt=N held_idx=1 held_cost=196620.41 won_cost=196620.41 margin=+0.00 won_src=prev_repos held_valid=Y reason=hold setpoint_to_ptarget=nanm finished_val=0.1140m finished_thresh=0.0200m pd_resid=nanm nextwp_to_ptarget=nanm guide_terminal_err=nanm
[GATE-EVOLVE] step=118 curr=103865.97 best_other=196620.41 ratio=0.5283 ee_to_optimal=0.0126m phi=0.0214m
[STAGE-A-TRACE] step=118 sim_t=1.180 mode=free phi=0.02143 box_xy=+0.00000,+0.00000 lam_n_ee_box=nan qy=+0.00001 qz=+0.00000 finished_repos=0
[DRAKE-CONTACT] step=118 n_pairs=1 ee_box_normal=0.000
[GATE-CONTACT] step=118 F_W=(+0.0000,+0.0000,+0.0000) F_on_box=(-0.0000,-0.0000,-0.0000) n_face_out=(-0.0000,-0.0000,-0.0000) A_is_ee=0 box_q=(+1.00000,-0.00001,+0.00001,+0.00000) box_p=(+0.00000,+0.00000,+0.04999) ee_p=(+0.06770,-0.01028,+0.14292)
[EErel] along_push=-0.069m (neg=correct)  perp=0.009m  ee_to_box=0.070m  stage=3  obj=[0. 0.]  g_hat=[-1. -0.]
[proxy] err=0.125m  effective=[0.155 0.002 0.05 ]
[ADMM-C3+] primal: 6.1274->4.9359  dual: 109.8105->80.3186  mono=False  iters=25/25  rho=25.0
[ADMM-C3+] WARNING non-converged: pr=4.9359 dr=80.3186 tol=1e-03
[C3+] step=354 |u[0]|=39.15Nm u_axis=(+10.14,-30.00,-1.67,+21.23,+4.87,-7.19,-1.07)Nm λ_n_max=1.058 η_n_max=1.279 primal=4.936 iters=25/25 lcp_res_max=nan
[EErel] along_push=-0.069m (neg=correct)  perp=0.009m  ee_to_box=0.070m  stage=3  obj=[0. 0.]  g_hat=[-1. -0.]
[proxy] err=0.125m  effective=[0.155 0.002 0.05 ]
[§7.67 B1-A PLUMB] first-solve mpc_step=1 n_contact_info=1  n_J_n=1  tags=['BOX-GND']  ee_box_idx=None
[ADMM-C3+] primal: 6.1274->4.9359  dual: 109.8105->80.3186  mono=False  iters=25/25  rho=25.0
[ADMM-C3+] WARNING non-converged: pr=4.9359 dr=80.3186 tol=1e-03
[C3+] step=357 |u[0]|=29.29Nm u_axis=(+1.81,-27.89,-1.25,+7.36,+2.71,-3.67,-0.51)Nm λ_n_max=1.058 η_n_max=1.279 primal=4.936 iters=25/25 lcp_res_max=nan
[CONTACT-RUN] step=119 nhat_BA_W=[+0.000,+0.000,+0.000] p_BCb=[+0.000,+0.000,+0.000] distance=+1.00000 contact_type=NONE
[MATH.LCS-DUMP] step=119 n_c=1 box_y_vel_row=25 lambda_n_first_col=1
[MATH.LCS-DUMP] D shape=(27, 6)
[[ 0.       0.       0.       0.       0.       0.     ]
 [ 0.       0.       0.       0.       0.       0.     ]
 [ 0.       0.       0.       0.       0.       0.     ]
 [ 0.       0.       0.       0.       0.       0.     ]
 [ 0.       0.       0.       0.       0.       0.     ]
 [ 0.       0.       0.       0.       0.       0.     ]
 [ 0.       0.       0.       0.       0.       0.     ]
 [ 0.       0.00001  0.      -0.       0.      -0.     ]
 [ 0.       0.18768  0.1877  -0.1877   0.      -0.     ]
 [ 0.      -0.18768 -0.       0.      -0.1877   0.1877 ]
 [ 0.       0.       0.18769 -0.18769 -0.18769  0.18769]
 [ 0.       0.       0.       0.       0.0125  -0.0125 ]
 [ 0.       0.       0.0125  -0.0125  -0.       0.     ]
 [ 0.       0.0125  -0.       0.      -0.       0.     ]
 [ 0.       0.       0.       0.       0.       0.     ]
 [ 0.       0.       0.       0.       0.       0.     ]
 [ 0.       0.       0.       0.       0.       0.     ]
 [ 0.       0.       0.       0.       0.       0.     ]
 [ 0.       0.       0.       0.       0.       0.     ]
 [ 0.       0.       0.       0.       0.       0.     ]
 [ 0.       0.       0.       0.       0.       0.     ]
 [ 0.       7.50728  7.50795 -7.50795 -0.       0.     ]
 [ 0.      -7.50728  0.      -0.      -7.50795  7.50795]
 [ 0.       0.       7.50728 -7.50728 -7.50728  7.50728]
 [ 0.       0.       0.       0.       0.25    -0.25   ]
 [ 0.       0.       0.25    -0.25    -0.       0.     ]
 [ 0.       0.25    -0.       0.      -0.       0.     ]]
[MATH.LCS-DUMP] E shape=(6, 27)
[[ 0.    0.    0.    0.    0.    0.    0.    0.    0.    0.    0.    0.    0.    0.    0.    0.    0.    0.    0.    0.    0.    0.    0.    0.    0.    0.    0.  ]
 [ 0.    0.    0.    0.    0.    0.    0.    0.    0.    0.    0.    0.    0.    0.    0.    0.    0.    0.    0.    0.    0.    0.05 -0.05  0.    0.    0.    1.  ]
 [ 0.    0.    0.    0.    0.    0.    0.    0.    0.    0.    0.    0.    0.    0.    0.    0.    0.    0.    0.    0.    0.    0.05  0.    0.05  0.    1.   -0.  ]
 [ 0.    0.    0.    0.    0.    0.    0.    0.    0.    0.    0.    0.    0.    0.    0.    0.    0.    0.    0.    0.    0.   -0.05 -0.   -0.05  0.   -1.    0.  ]
 [ 0.    0.    0.    0.    0.    0.    0.    0.    0.    0.    0.    0.    0.    0.    0.    0.    0.    0.    0.    0.    0.   -0.   -0.05 -0.05  1.   -0.   -0.  ]
 [ 0.    0.    0.    0.    0.    0.    0.    0.    0.    0.    0.    0.    0.    0.    0.    0.    0.    0.    0.    0.    0.    0.    0.05  0.05 -1.    0.    0.  ]]
[MATH.LCS-DUMP] F shape=(6, 6)
[[ 0.       0.4     -1.      -1.      -1.      -1.     ]
 [ 0.       1.00071  0.37539 -0.37539  0.37539 -0.37539]
 [ 1.       0.37539  1.00077 -1.00077 -0.37535  0.37535]
 [ 1.      -0.37539 -1.00077  1.00077  0.37535 -0.37535]
 [ 1.       0.37539 -0.37535  0.37535  1.00077 -1.00077]
 [ 1.      -0.37539  0.37535 -0.37535 -1.00077  1.00077]]
[MATH.LCS-DUMP] H shape=(6, 7)
[[0. 0. 0. 0. 0. 0. 0.]
 [0. 0. 0. 0. 0. 0. 0.]
 [0. 0. 0. 0. 0. 0. 0.]
 [0. 0. 0. 0. 0. 0. 0.]
 [0. 0. 0. 0. 0. 0. 0.]
 [0. 0. 0. 0. 0. 0. 0.]]
[MATH.LCS-DUMP] c shape=(6,)
[ 0.      -0.49073  0.      -0.       0.      -0.     ]
[COST-DUMP] step=119
  x_des[box_xy] = [-0.3000, +0.0000]
  x_cur[box_xy] = [+0.0000, +0.0000]
  goal_xy       = [-0.3000, +0.0000]
  u_opt         = [  1.8119 -27.8915  -1.2539   7.3625   2.7113  -3.6685  -0.5133]
  ||u_opt||     = 29.2928
  Q diag (state-cost weights):
    arm_q[0:7]   = [0. 0. 0. 0. 0. 0. 0.]
    box_xy            = [100000.00, 100000.00]
    box_z             = 110.00
    box_quat[qx,qy]   = [50.00, 50.00]
    box_vxy           = [0.00, 1000000.00]  (perp-vel block)
  R diag (input-cost): [0.01 0.01 0.01 0.01 0.01 0.01 0.01]
  Per-term cost @ (x_pred, u_opt):
    w_obj_xy      contrib=+9.0089e+03  ||grad_u||=0.0000e+00
    w_torque      contrib=+8.5807e+00  ||grad_u||=5.8586e-01
    w_ee_approach contrib=+0.0000e+00  ||grad_u||=0.0000e+00
    w_perp(box_v) contrib=+2.1431e+00  ||grad_u||=0.0000e+00
    w_obj_z       contrib=+6.6208e-02  ||grad_u||=0.0000e+00
  H[λ_n_first_contact=1, :] = [0. 0. 0. 0. 0. 0. 0.]
  ||H[λ_n, :]||  = 0.00000
  max |H[λ_n,:]| = 0.00000
[EErel] along_push=-0.069m (neg=correct)  perp=0.009m  ee_to_box=0.070m  stage=3  obj=[0. 0.]  g_hat=[-1. -0.]
[proxy] err=0.125m  effective=[0.155 0.002 0.05 ]
[ADMM-C3+] primal: 6.1274->4.9359  dual: 109.8105->80.3186  mono=False  iters=25/25  rho=25.0
[ADMM-C3+] WARNING non-converged: pr=4.9359 dr=80.3186 tol=1e-03
[C3+] step=358 |u[0]|=29.29Nm u_axis=(+1.81,-27.89,-1.25,+7.36,+2.71,-3.67,-0.51)Nm λ_n_max=1.058 η_n_max=1.279 primal=4.936 iters=25/25 lcp_res_max=nan
[COUNTERFACTUAL-DUMP] step=119
  --- Baseline (as-shipped) ---
  u_opt_base    = [  1.8119 -27.8915  -1.2539   7.3625   2.7113  -3.6685  -0.5133]
  ||u_opt_base||= 29.2928
  cost_at_base  = 1.3285e+05
  cost_at_u0    = 2.2765e+05
  reduction_base= 9.4796e+04
  predicted x_seq[box_xy, end] = [-0.23345, -0.01849]
  --- Counterfactual (w_ee_approach = 0) ---
  u_opt_cf      = [  1.8119 -27.8915  -1.2539   7.3625   2.7113  -3.6685  -0.5133]
  ||u_opt_cf||  = 29.2928
  cost_at_cf    = 1.3285e+05
  cost_at_u0_cf = 2.2765e+05
  reduction_cf  = 9.4796e+04
  predicted x_seq[box_xy, end] = [-0.23345, -0.01849]
  --- Comparison ---
  ||u_opt_cf − u_opt_base|| = 0.0000
  predicted Δbox_y baseline       = -0.01849 m
  predicted Δbox_y counterfactual = -0.01849 m
  goal direction (g_hat): [0, +1]
[X-SEQ-PROBE] step=119 x0_box=(+0.00000,+0.00000,+0.04999) x1_box=(-0.01168,-0.00110,+0.02547) x1_box_v=(-0.23502,-0.02352,-0.49050) dt=0.050
[APPROACH-OVERRIDE] step=119 phase=A_lift_trav face_axis=0 face_sign=+1 face_score=+1.000 surf_dist=0.0684m advance=0.0100m target=(+0.1000,+0.0000,+0.1409) p_ee_des=(+0.0789,-0.0062,+0.1409)
[VFF] step=119 mode=c3 alpha=0.000 v_des=(+0.1332,-0.0624,-0.2520) |v_des|=0.2918 sat=0 util_max=0.134@j0
[AFF] step=119 mode=c3 on=0 a_ff=(+0.0000,+0.0000,+0.0000) |a_ff|=0.0000
[OSC-FORCE] step=119 mode=c3 lam_des=2.000 lam_ext=2.008
[GS] step=119 mode=c3 switch=kToC3Cost best_k=0 best_src=current curr_cost=103955.93 repos_cost=- best_other=197915.32 met_progress=N steps_since_improve=0 switches=1
[STEP] step=119 mode=c3 t=1.190s ee=(+0.069,-0.009,+0.141) obj=(+0.000,+0.000,+0.050) goal_dist=0.300m switch=kToC3Cost c3_cost=103955.93 lam_n=0.000 lam_t=0.000 contact=N productive=N f_cmd=(+2.00,+0.00,-0.00)
[GATE-EVOLVE] step=119 curr=103955.93 best_other=197915.32 ratio=0.5253 ee_to_optimal=0.0106m phi=0.0202m
[STAGE-A-TRACE] step=119 sim_t=1.190 mode=c3 phi=0.02023 box_xy=+0.00000,+0.00000 lam_n_ee_box=nan qy=+0.00001 qz=+0.00000 finished_repos=0
[DRAKE-CONTACT] step=119 n_pairs=1 ee_box_normal=0.000
[GATE-CONTACT] step=119 F_W=(+0.0000,+0.0000,+0.0000) F_on_box=(-0.0000,-0.0000,-0.0000) n_face_out=(-0.0000,-0.0000,-0.0000) A_is_ee=0 box_q=(+1.00000,-0.00001,+0.00001,+0.00000) box_p=(+0.00000,+0.00000,+0.04999) ee_p=(+0.06934,-0.00898,+0.14087)
[PLAN-VS-EXEC] step=120  (recorded at step=119, dt=0.05)
  --- Planner side ---
  x0[box_quat]    = [ 1.      -0.00001  0.00001  0.     ]
  x0[box_xyz]     = [0.      0.      0.04999]
  x0[arm_q]       = [ 0.63795  0.68906  0.76453 -2.19914 -0.16026  3.00394  0.78498]
  x0[box_v_world] = [-0.05937  0.05937 -0.       0.00293  0.00293 -0.     ]  (ωx,ωy,ωz,vx,vy,vz)
  x0[arm_v]       = [ 0.12837  0.84349 -0.32533  0.6381   0.04148  0.12872  0.00017]
  u_opt[0]        = [  1.81191 -27.89151  -1.25392   7.36248   2.7113   -3.66848  -0.51334]
  λ_planned[0]    = [ 0.       0.      -0.04997  0.04997 -0.47297  0.47297]  (γ, λ_n, λ_t × 4)
  φ_at_x0         = -0.000012 m
  --- Predicted (LCS one step) ---
  predicted x1[box_xyz]      = [-0.01168 -0.0011   0.02547]
  predicted Δbox_xyz / dt    = [-0.23356 -0.02206 -0.4905 ] m/s
  --- Simulator side (actual @ next call) ---
  actual x1[box_xyz]         = [0.      0.      0.04999]
  actual Δbox_xyz / dt       = [-0.  0.  0.] m/s
  n_active_pairs (φ<0)       = 0
  closest box↔EE distance    = +0.01898 m
  apparent F_y_on_box (N)    = +0.0000   [= m_box·Δv_box_y/dt, m_box=0.2000]
  --- Residual ---
  Δ(planned, actual) box_xyz = [-0.01168 -0.0011  -0.02453]
  ‖residual‖ box_xy          = 0.011730 m
  λ_n_planned vs F_y_apparent= 0.0000 vs 0.0000   ratio=nan
[PERSIST] step=120 refresh n_strategy=3 samples=[(-0.0229, 0.08, 0.03), (-0.0044, 0.08, 0.03), (-0.0316, 0.08, 0.03)]
[EErel] along_push=-0.071m (neg=correct)  perp=0.008m  ee_to_box=0.071m  stage=3  obj=[0. 0.]  g_hat=[-1. -0.]
[proxy] err=0.124m  effective=[0.157 0.001 0.05 ]
[ADMM-C3+] primal: 6.1274->4.9359  dual: 109.8105->80.3186  mono=False  iters=25/25  rho=25.0
[ADMM-C3+] WARNING non-converged: pr=4.9359 dr=80.3186 tol=1e-03
[C3+] step=359 |u[0]|=39.89Nm u_axis=(+10.32,-30.00,-0.85,+22.55,+4.86,-7.12,-1.09)Nm λ_n_max=1.058 η_n_max=1.279 primal=4.936 iters=25/25 lcp_res_max=nan
[EErel] along_push=-0.071m (neg=correct)  perp=0.008m  ee_to_box=0.071m  stage=3  obj=[0. 0.]  g_hat=[-1. -0.]
[proxy] err=0.124m  effective=[0.157 0.001 0.05 ]
[ADMM-C3+] primal: 6.1274->4.9359  dual: 109.8105->80.3186  mono=False  iters=25/25  rho=25.0
[ADMM-C3+] WARNING non-converged: pr=4.9359 dr=80.3186 tol=1e-03
[C3+] step=364 |u[0]|=35.67Nm u_axis=(-10.06,-24.75,+19.13,-13.57,-0.95,-2.74,-0.66)Nm λ_n_max=1.058 η_n_max=1.279 primal=4.936 iters=25/25 lcp_res_max=nan
[CONTACT-RUN] step=120 nhat_BA_W=[+0.000,+0.000,+0.000] p_BCb=[+0.000,+0.000,+0.000] distance=+1.00000 contact_type=NONE
[X-SEQ-PROBE] step=120 x0_box=(+0.00000,+0.00000,+0.04999) x1_box=(-0.01168,-0.00110,+0.02547) x1_box_v=(-0.23502,-0.02352,-0.49050) dt=0.050
[APPROACH-OVERRIDE] step=120 phase=A_lift_trav face_axis=0 face_sign=+1 face_score=+1.000 surf_dist=0.0664m advance=0.0100m target=(+0.1000,+0.0000,+0.1386) p_ee_des=(+0.0807,-0.0054,+0.1386)
[VFF] step=120 mode=c3 alpha=0.000 v_des=(-0.0966,-0.2191,-0.2036) |v_des|=0.3142 sat=0 util_max=0.288@j1
[AFF] step=120 mode=c3 on=0 a_ff=(+0.0000,+0.0000,+0.0000) |a_ff|=0.0000
[OSC-FORCE] step=120 mode=c3 lam_des=2.000 lam_ext=1.983
[IMP] step=120 mode=c3 |x_err|=0.0100m |tau_imp|=40.09Nm |tau_ff|=1.17Nm |tau_out|=40.09Nm sat=False lam_n=True lam_t=True
[GS] step=120 mode=c3 switch=kStayInC3 best_k=0 best_src=current curr_cost=103943.04 repos_cost=- best_other=196536.96 met_progress=Y steps_since_improve=0 switches=1
[STEP] step=120 mode=c3 t=1.200s ee=(+0.071,-0.008,+0.139) obj=(+0.000,+0.000,+0.050) goal_dist=0.300m switch=kStayInC3 c3_cost=103943.04 lam_n=0.000 lam_t=0.000 contact=N productive=N f_cmd=(+2.00,+0.00,-0.00)
[GATE-EVOLVE] step=120 curr=103943.04 best_other=196536.96 ratio=0.5289 ee_to_optimal=0.0090m phi=0.0190m
[STAGE-A-TRACE] step=120 sim_t=1.200 mode=c3 phi=0.01898 box_xy=+0.00000,+0.00000 lam_n_ee_box=nan qy=+0.00001 qz=+0.00000 finished_repos=0
[GS-table] step=120
  k=0 (current   ) pos=(+0.071,-0.008,+0.139) c_C3= 133943.04 align=1.0000(bonus=30000.00) rot=+0.0000(bonus=    0.00) travel=0.000m(pen=  0.00) c_sample= 103943.04 feas=Y ik_err=0.0000m  ← WIN
  k=1 (strat_0   ) pos=(-0.023,+0.080,+0.030) c_C3= 255419.82 align=0.0000(bonus=    0.15) rot=+0.0000(bonus=    0.00) travel=0.168m(pen= 33.70) c_sample= 255453.36 feas=Y ik_err=0.0002m
  k=2 (strat_1   ) pos=(-0.004,+0.080,+0.030) c_C3= 255138.34 align=0.0000(bonus=    0.15) rot=+0.0000(bonus=    0.00) travel=0.159m(pen= 31.77) c_sample= 255169.96 feas=Y ik_err=0.0002m
  k=3 (strat_2   ) pos=(-0.032,+0.080,+0.030) c_C3= 255764.09 align=0.0000(bonus=    0.15) rot=+0.0000(bonus=    0.00) travel=0.173m(pen= 34.69) c_sample= 255798.63 feas=Y ik_err=0.0002m
  k=4 (buffer    ) pos=(+0.080,+0.000,+0.030) c_C3= 226515.10 align=1.0000(bonus=30000.00) rot=+0.0000(bonus=    0.00) travel=0.109m(pen= 21.86) c_sample= 196536.96 feas=Y ik_err=0.0007m
[DRAKE-CONTACT] step=120 n_pairs=1 ee_box_normal=0.000
[GATE-CONTACT] step=120 F_W=(+0.0000,+0.0000,+0.0000) F_on_box=(-0.0000,-0.0000,-0.0000) n_face_out=(-0.0000,-0.0000,-0.0000) A_is_ee=0 box_q=(+1.00000,-0.00001,+0.00001,+0.00000) box_p=(+0.00000,+0.00000,+0.04999) ee_p=(+0.07102,-0.00808,+0.13862)
[EErel] along_push=-0.072m (neg=correct)  perp=0.008m  ee_to_box=0.073m  stage=3  obj=[0. 0.]  g_hat=[-1. -0.]
[proxy] err=0.123m  effective=[0.159 0.001 0.05 ]
[ADMM-C3+] primal: 6.1274->4.9359  dual: 109.8105->80.3185  mono=False  iters=25/25  rho=25.0
[ADMM-C3+] WARNING non-converged: pr=4.9359 dr=80.3185 tol=1e-03
[C3+] step=365 |u[0]|=40.47Nm u_axis=(+10.39,-30.00,-1.40,+23.87,+4.47,-6.07,-1.07)Nm λ_n_max=1.058 η_n_max=1.279 primal=4.936 iters=25/25 lcp_res_max=nan
[EErel] along_push=-0.072m (neg=correct)  perp=0.008m  ee_to_box=0.073m  stage=3  obj=[0. 0.]  g_hat=[-1. -0.]
[proxy] err=0.123m  effective=[0.159 0.001 0.05 ]
[ADMM-C3+] primal: 6.1274->4.9359  dual: 109.8105->80.3186  mono=False  iters=25/25  rho=25.0
[ADMM-C3+] WARNING non-converged: pr=4.9359 dr=80.3186 tol=1e-03
[C3+] step=370 |u[0]|=33.52Nm u_axis=(-0.56,-30.00,-3.28,-13.12,+1.11,-6.24,-0.56)Nm λ_n_max=1.058 η_n_max=1.279 primal=4.936 iters=25/25 lcp_res_max=nan
[CONTACT-RUN] step=121 nhat_BA_W=[+0.000,+0.000,+0.000] p_BCb=[+0.000,+0.000,+0.000] distance=+1.00000 contact_type=NONE
[X-SEQ-PROBE] step=121 x0_box=(+0.00000,+0.00000,+0.04999) x1_box=(-0.01168,-0.00110,+0.02547) x1_box_v=(-0.23502,-0.02352,-0.49050) dt=0.050
[APPROACH-OVERRIDE] step=121 phase=A_lift_trav face_axis=0 face_sign=+1 face_score=+1.000 surf_dist=0.0645m advance=0.0100m target=(+0.1000,+0.0000,+0.1363) p_ee_des=(+0.0820,-0.0052,+0.1363)
[VFF] step=121 mode=c3 alpha=0.000 v_des=(+0.0343,-0.3794,-0.3476) |v_des|=0.5157 sat=0 util_max=0.290@j3
[AFF] step=121 mode=c3 on=0 a_ff=(+0.0000,+0.0000,+0.0000) |a_ff|=0.0000
[OSC-FORCE] step=121 mode=c3 lam_des=2.000 lam_ext=2.007
[GS] step=121 mode=c3 switch=kStayInC3 best_k=0 best_src=current curr_cost=103834.14 repos_cost=- best_other=194160.60 met_progress=Y steps_since_improve=1 switches=1
[STEP] step=121 mode=c3 t=1.210s ee=(+0.072,-0.008,+0.136) obj=(+0.000,+0.000,+0.050) goal_dist=0.300m switch=kStayInC3 c3_cost=103834.14 lam_n=0.000 lam_t=0.000 contact=N productive=N f_cmd=(+2.00,+0.00,-0.00)
[GATE-EVOLVE] step=121 curr=103834.14 best_other=194160.60 ratio=0.5348 ee_to_optimal=0.0084m phi=0.0177m
[STAGE-A-TRACE] step=121 sim_t=1.210 mode=c3 phi=0.01766 box_xy=+0.00000,+0.00000 lam_n_ee_box=nan qy=+0.00001 qz=+0.00000 finished_repos=0
[DRAKE-CONTACT] step=121 n_pairs=1 ee_box_normal=0.000
[GATE-CONTACT] step=121 F_W=(+0.0000,+0.0000,+0.0000) F_on_box=(-0.0000,-0.0000,-0.0000) n_face_out=(-0.0000,-0.0000,-0.0000) A_is_ee=0 box_q=(+1.00000,-0.00001,+0.00001,+0.00000) box_p=(+0.00000,+0.00000,+0.04999) ee_p=(+0.07237,-0.00794,+0.13631)
[EErel] along_push=-0.073m (neg=correct)  perp=0.009m  ee_to_box=0.074m  stage=3  obj=[0. 0.]  g_hat=[-1. -0.]
[proxy] err=0.122m  effective=[0.161 0.002 0.05 ]
[ADMM-C3+] primal: 6.1274->4.9359  dual: 109.8105->80.3182  mono=False  iters=25/25  rho=25.0
[ADMM-C3+] WARNING non-converged: pr=4.9359 dr=80.3182 tol=1e-03
[C3+] step=371 |u[0]|=42.19Nm u_axis=(+10.17,-30.00,+0.30,+26.83,+4.54,-5.92,-1.11)Nm λ_n_max=1.059 η_n_max=1.279 primal=4.936 iters=25/25 lcp_res_max=nan
[EErel] along_push=-0.073m (neg=correct)  perp=0.009m  ee_to_box=0.074m  stage=3  obj=[0. 0.]  g_hat=[-1. -0.]
[proxy] err=0.122m  effective=[0.161 0.002 0.05 ]
[ADMM-C3+] primal: 6.1274->4.9359  dual: 109.8105->80.3186  mono=False  iters=25/25  rho=25.0
[ADMM-C3+] WARNING non-converged: pr=4.9359 dr=80.3186 tol=1e-03
[C3+] step=376 |u[0]|=35.62Nm u_axis=(-7.97,-28.04,+18.31,-5.58,+1.53,-7.00,-1.01)Nm λ_n_max=1.058 η_n_max=1.279 primal=4.936 iters=25/25 lcp_res_max=nan
[CONTACT-RUN] step=122 nhat_BA_W=[+0.000,+0.000,+0.000] p_BCb=[+0.000,+0.000,+0.000] distance=+1.00000 contact_type=NONE
[X-SEQ-PROBE] step=122 x0_box=(+0.00000,+0.00000,+0.04999) x1_box=(-0.01168,-0.00110,+0.02547) x1_box_v=(-0.23502,-0.02352,-0.49050) dt=0.050
[APPROACH-OVERRIDE] step=122 phase=A_lift_trav face_axis=0 face_sign=+1 face_score=+1.000 surf_dist=0.0624m advance=0.0100m target=(+0.1000,+0.0000,+0.1350) p_ee_des=(+0.0829,-0.0057,+0.1342)
[VFF] step=122 mode=c3 alpha=0.000 v_des=(-0.1170,-0.3247,-0.2333) |v_des|=0.4166 sat=0 util_max=0.218@j1
[AFF] step=122 mode=c3 on=0 a_ff=(+0.0000,+0.0000,+0.0000) |a_ff|=0.0000
[OSC-FORCE] step=122 mode=c3 lam_des=2.000 lam_ext=1.987
[GS] step=122 mode=c3 switch=kStayInC3 best_k=0 best_src=current curr_cost=103809.59 repos_cost=- best_other=192698.15 met_progress=Y steps_since_improve=2 switches=1
[STEP] step=122 mode=c3 t=1.220s ee=(+0.073,-0.009,+0.134) obj=(+0.000,+0.000,+0.050) goal_dist=0.300m switch=kStayInC3 c3_cost=103809.59 lam_n=0.000 lam_t=0.000 contact=N productive=N f_cmd=(+2.00,+0.00,-0.00)
[GATE-EVOLVE] step=122 curr=103809.59 best_other=192698.15 ratio=0.5387 ee_to_optimal=0.0090m phi=0.0161m
[STAGE-A-TRACE] step=122 sim_t=1.220 mode=c3 phi=0.01607 box_xy=+0.00000,+0.00000 lam_n_ee_box=nan qy=+0.00001 qz=+0.00000 finished_repos=0
[DRAKE-CONTACT] step=122 n_pairs=1 ee_box_normal=0.000
[GATE-CONTACT] step=122 F_W=(+0.0000,+0.0000,+0.0000) F_on_box=(-0.0000,-0.0000,-0.0000) n_face_out=(-0.0000,-0.0000,-0.0000) A_is_ee=0 box_q=(+1.00000,-0.00001,+0.00001,+0.00000) box_p=(+0.00000,+0.00000,+0.04999) ee_p=(+0.07341,-0.00885,+0.13373)
[EErel] along_push=-0.074m (neg=correct)  perp=0.011m  ee_to_box=0.075m  stage=3  obj=[0. 0.]  g_hat=[-1. -0.]
[proxy] err=0.120m  effective=[0.162 0.002 0.05 ]
[ADMM-C3+] primal: 6.1274->4.9359  dual: 109.8105->80.3186  mono=False  iters=25/25  rho=25.0
[ADMM-C3+] WARNING non-converged: pr=4.9359 dr=80.3186 tol=1e-03
[C3+] step=377 |u[0]|=42.25Nm u_axis=(+9.90,-30.00,-0.25,+27.30,+4.28,-4.72,-1.08)Nm λ_n_max=1.058 η_n_max=1.279 primal=4.936 iters=25/25 lcp_res_max=nan
[EErel] along_push=-0.074m (neg=correct)  perp=0.011m  ee_to_box=0.075m  stage=3  obj=[0. 0.]  g_hat=[-1. -0.]
[proxy] err=0.120m  effective=[0.162 0.002 0.05 ]
[ADMM-C3+] primal: 6.1274->4.9359  dual: 109.8105->80.3186  mono=False  iters=25/25  rho=25.0
[ADMM-C3+] WARNING non-converged: pr=4.9359 dr=80.3186 tol=1e-03
[C3+] step=382 |u[0]|=34.23Nm u_axis=(-2.87,-30.00,+2.44,-15.52,+0.31,-4.02,-0.74)Nm λ_n_max=1.058 η_n_max=1.279 primal=4.936 iters=25/25 lcp_res_max=nan
[CONTACT-RUN] step=123 nhat_BA_W=[+0.000,+0.000,+0.000] p_BCb=[+0.000,+0.000,+0.000] distance=+1.00000 contact_type=NONE
[X-SEQ-PROBE] step=123 x0_box=(+0.00000,+0.00000,+0.04999) x1_box=(-0.01168,-0.00110,+0.02547) x1_box_v=(-0.23502,-0.02352,-0.49050) dt=0.050
[APPROACH-OVERRIDE] step=123 phase=A_lift_trav face_axis=0 face_sign=+1 face_score=+1.000 surf_dist=0.0602m advance=0.0100m target=(+0.1000,+0.0000,+0.1350) p_ee_des=(+0.0833,-0.0068,+0.1324)
[VFF] step=123 mode=c3 alpha=0.000 v_des=(-0.0344,-0.4529,-0.3150) |v_des|=0.5528 sat=0 util_max=0.192@j3
[AFF] step=123 mode=c3 on=0 a_ff=(+0.0000,+0.0000,+0.0000) |a_ff|=0.0000
[OSC-FORCE] step=123 mode=c3 lam_des=2.000 lam_ext=2.003
[GS] step=123 mode=c3 switch=kStayInC3 best_k=0 best_src=current curr_cost=103686.86 repos_cost=- best_other=190739.84 met_progress=Y steps_since_improve=3 switches=1
[STEP] step=123 mode=c3 t=1.230s ee=(+0.074,-0.011,+0.131) obj=(+0.000,+0.000,+0.050) goal_dist=0.300m switch=kStayInC3 c3_cost=103686.86 lam_n=0.000 lam_t=0.000 contact=N productive=N f_cmd=(+2.00,+0.00,-0.00)
[GATE-EVOLVE] step=123 curr=103686.86 best_other=190739.84 ratio=0.5436 ee_to_optimal=0.0106m phi=0.0143m
[STAGE-A-TRACE] step=123 sim_t=1.230 mode=c3 phi=0.01431 box_xy=+0.00000,+0.00000 lam_n_ee_box=nan qy=+0.00001 qz=+0.00000 finished_repos=0
[DRAKE-CONTACT] step=123 n_pairs=1 ee_box_normal=0.000
[GATE-CONTACT] step=123 F_W=(+0.0000,+0.0000,+0.0000) F_on_box=(-0.0000,-0.0000,-0.0000) n_face_out=(-0.0000,-0.0000,-0.0000) A_is_ee=0 box_q=(+1.00000,-0.00001,+0.00001,+0.00000) box_p=(+0.00000,+0.00000,+0.04999) ee_p=(+0.07415,-0.01058,+0.13100)
[EErel] along_push=-0.075m (neg=correct)  perp=0.013m  ee_to_box=0.076m  stage=3  obj=[0. 0.]  g_hat=[-1. -0.]
[proxy] err=0.120m  effective=[0.164 0.003 0.05 ]
[ADMM-C3+] primal: 6.1274->4.9359  dual: 109.8105->80.3186  mono=False  iters=25/25  rho=25.0
[ADMM-C3+] WARNING non-converged: pr=4.9359 dr=80.3186 tol=1e-03
[C3+] step=383 |u[0]|=43.07Nm u_axis=(+9.79,-30.00,+0.85,+28.72,+4.03,-4.01,-1.07)Nm λ_n_max=1.058 η_n_max=1.279 primal=4.936 iters=25/25 lcp_res_max=nan
[EErel] along_push=-0.075m (neg=correct)  perp=0.013m  ee_to_box=0.076m  stage=3  obj=[0. 0.]  g_hat=[-1. -0.]
[proxy] err=0.120m  effective=[0.164 0.003 0.05 ]
[ADMM-C3+] primal: 6.1274->4.9359  dual: 109.8105->80.3186  mono=False  iters=25/25  rho=25.0
[ADMM-C3+] WARNING non-converged: pr=4.9359 dr=80.3186 tol=1e-03
[C3+] step=388 |u[0]|=35.35Nm u_axis=(-6.47,-29.96,+13.82,-7.49,+1.84,-7.67,-0.85)Nm λ_n_max=1.058 η_n_max=1.279 primal=4.936 iters=25/25 lcp_res_max=nan
[CONTACT-RUN] step=124 nhat_BA_W=[+0.000,+0.000,+0.000] p_BCb=[+0.000,+0.000,+0.000] distance=+1.00000 contact_type=NONE
[X-SEQ-PROBE] step=124 x0_box=(+0.00000,+0.00000,+0.04999) x1_box=(-0.01168,-0.00110,+0.02547) x1_box_v=(-0.23502,-0.02352,-0.49050) dt=0.050
[APPROACH-OVERRIDE] step=124 phase=A_lift_trav face_axis=0 face_sign=+1 face_score=+1.000 surf_dist=0.0581m advance=0.0100m target=(+0.1000,+0.0000,+0.1350) p_ee_des=(+0.0833,-0.0086,+0.1305)
[VFF] step=124 mode=c3 alpha=0.000 v_des=(-0.1176,-0.4423,-0.2616) |v_des|=0.5272 sat=0 util_max=0.176@j1
[AFF] step=124 mode=c3 on=0 a_ff=(+0.0000,+0.0000,+0.0000) |a_ff|=0.0000
[OSC-FORCE] step=124 mode=c3 lam_des=2.000 lam_ext=1.992
[GS] step=124 mode=c3 switch=kStayInC3 best_k=0 best_src=current curr_cost=103635.89 repos_cost=- best_other=188942.88 met_progress=Y steps_since_improve=4 switches=1
[STEP] step=124 mode=c3 t=1.240s ee=(+0.075,-0.013,+0.128) obj=(+0.000,+0.000,+0.050) goal_dist=0.300m switch=kStayInC3 c3_cost=103635.89 lam_n=0.000 lam_t=0.000 contact=N productive=N f_cmd=(+2.00,+0.00,-0.00)
[GATE-EVOLVE] step=124 curr=103635.89 best_other=188942.88 ratio=0.5485 ee_to_optimal=0.0130m phi=0.0125m
[STAGE-A-TRACE] step=124 sim_t=1.240 mode=c3 phi=0.01247 box_xy=+0.00000,+0.00000 lam_n_ee_box=nan qy=+0.00001 qz=+0.00000 finished_repos=0
[DRAKE-CONTACT] step=124 n_pairs=1 ee_box_normal=0.000
[GATE-CONTACT] step=124 F_W=(+0.0000,+0.0000,+0.0000) F_on_box=(-0.0000,-0.0000,-0.0000) n_face_out=(-0.0000,-0.0000,-0.0000) A_is_ee=0 box_q=(+1.00000,-0.00001,+0.00001,+0.00000) box_p=(+0.00000,+0.00000,+0.04999) ee_p=(+0.07462,-0.01298,+0.12824)
[EErel] along_push=-0.075m (neg=correct)  perp=0.016m  ee_to_box=0.077m  stage=3  obj=[0. 0.]  g_hat=[-1. -0.]
[proxy] err=0.119m  effective=[0.165 0.005 0.05 ]
[ADMM-C3+] primal: 6.1274->4.9359  dual: 109.8105->80.3182  mono=False  iters=25/25  rho=25.0
[ADMM-C3+] WARNING non-converged: pr=4.9359 dr=80.3182 tol=1e-03
[C3+] step=389 |u[0]|=43.26Nm u_axis=(+9.40,-30.00,+1.22,+29.26,+3.29,-3.64,-1.01)Nm λ_n_max=1.059 η_n_max=1.279 primal=4.936 iters=25/25 lcp_res_max=nan
[EErel] along_push=-0.075m (neg=correct)  perp=0.016m  ee_to_box=0.077m  stage=3  obj=[0. 0.]  g_hat=[-1. -0.]
[proxy] err=0.119m  effective=[0.165 0.005 0.05 ]
[ADMM-C3+] primal: 6.1274->4.9359  dual: 109.8105->80.3185  mono=False  iters=25/25  rho=25.0
[ADMM-C3+] WARNING non-converged: pr=4.9359 dr=80.3185 tol=1e-03
[C3+] step=394 |u[0]|=34.20Nm u_axis=(-4.14,-29.90,+6.13,-14.18,+0.53,-4.34,-0.84)Nm λ_n_max=1.058 η_n_max=1.279 primal=4.936 iters=25/25 lcp_res_max=nan
[CONTACT-RUN] step=125 nhat_BA_W=[+0.000,+0.000,+0.000] p_BCb=[+0.000,+0.000,+0.000] distance=+1.00000 contact_type=NONE
[X-SEQ-PROBE] step=125 x0_box=(+0.00000,+0.00000,+0.04999) x1_box=(-0.01168,-0.00110,+0.02547) x1_box_v=(-0.23502,-0.02352,-0.49050) dt=0.050
[APPROACH-OVERRIDE] step=125 phase=A_lift_trav face_axis=0 face_sign=+1 face_score=+1.000 surf_dist=0.0561m advance=0.0100m target=(+0.1000,+0.0000,+0.1350) p_ee_des=(+0.0829,-0.0109,+0.1285)
[VFF] step=125 mode=c3 alpha=0.000 v_des=(-0.0791,-0.5035,-0.2877) |v_des|=0.5853 sat=0 util_max=0.132@j1
[AFF] step=125 mode=c3 on=0 a_ff=(+0.0000,+0.0000,+0.0000) |a_ff|=0.0000
[OSC-FORCE] step=125 mode=c3 lam_des=2.000 lam_ext=2.000
[GS] step=125 mode=c3 switch=kStayInC3 best_k=0 best_src=current curr_cost=103664.23 repos_cost=- best_other=187283.96 met_progress=Y steps_since_improve=5 switches=1
[STEP] step=125 mode=c3 t=1.250s ee=(+0.075,-0.016,+0.125) obj=(+0.000,+0.000,+0.050) goal_dist=0.300m switch=kStayInC3 c3_cost=103664.23 lam_n=0.000 lam_t=0.000 contact=N productive=N f_cmd=(+2.00,+0.00,-0.00)
[GATE-EVOLVE] step=125 curr=103664.23 best_other=187283.96 ratio=0.5535 ee_to_optimal=0.0160m phi=0.0106m
[STAGE-A-TRACE] step=125 sim_t=1.250 mode=c3 phi=0.01061 box_xy=+0.00000,+0.00000 lam_n_ee_box=nan qy=+0.00001 qz=+0.00000 finished_repos=0
[DRAKE-CONTACT] step=125 n_pairs=1 ee_box_normal=0.000
[GATE-CONTACT] step=125 F_W=(+0.0000,+0.0000,+0.0000) F_on_box=(-0.0000,-0.0000,-0.0000) n_face_out=(-0.0000,-0.0000,-0.0000) A_is_ee=0 box_q=(+1.00000,-0.00001,+0.00001,+0.00000) box_p=(+0.00000,+0.00000,+0.04999) ee_p=(+0.07488,-0.01598,+0.12548)
[EErel] along_push=-0.075m (neg=correct)  perp=0.019m  ee_to_box=0.077m  stage=3  obj=[0. 0.]  g_hat=[-1. -0.]
[proxy] err=0.120m  effective=[0.166 0.008 0.05 ]
[ADMM-C3+] primal: 6.1274->4.9344  dual: 109.8105->80.2663  mono=False  iters=25/25  rho=25.0
[ADMM-C3+] WARNING non-converged: pr=4.9344 dr=80.2663 tol=1e-03
[C3+] step=395 |u[0]|=43.21Nm u_axis=(+8.33,-29.49,+1.76,+29.79,+3.15,-5.12,-0.99)Nm λ_n_max=1.059 η_n_max=1.279 primal=4.934 iters=25/25 lcp_res_max=nan
[EErel] along_push=-0.075m (neg=correct)  perp=0.019m  ee_to_box=0.077m  stage=3  obj=[0. 0.]  g_hat=[-1. -0.]
[proxy] err=0.120m  effective=[0.166 0.008 0.05 ]
[ADMM-C3+] primal: 6.1274->4.9359  dual: 109.8105->80.3186  mono=False  iters=25/25  rho=25.0
[ADMM-C3+] WARNING non-converged: pr=4.9359 dr=80.3186 tol=1e-03
[C3+] step=400 |u[0]|=34.55Nm u_axis=(-5.47,-29.98,+11.04,-9.62,+1.53,-6.86,-0.81)Nm λ_n_max=1.058 η_n_max=1.279 primal=4.936 iters=25/25 lcp_res_max=nan
[CONTACT-RUN] step=126 nhat_BA_W=[+0.000,+0.000,+0.000] p_BCb=[+0.000,+0.000,+0.000] distance=+1.00000 contact_type=NONE
[X-SEQ-PROBE] step=126 x0_box=(+0.00000,+0.00000,+0.04999) x1_box=(-0.01168,-0.00110,+0.02547) x1_box_v=(-0.23502,-0.02352,-0.49050) dt=0.050
[APPROACH-OVERRIDE] step=126 phase=A_lift_trav face_axis=0 face_sign=+1 face_score=+1.000 surf_dist=0.0543m advance=0.0100m target=(+0.1000,+0.0000,+0.1350) p_ee_des=(+0.0823,-0.0137,+0.1264)
[VFF] step=126 mode=c3 alpha=0.000 v_des=(-0.1191,-0.5101,-0.2627) |v_des|=0.5860 sat=0 util_max=0.133@j1
[AFF] step=126 mode=c3 on=0 a_ff=(+0.0000,+0.0000,+0.0000) |a_ff|=0.0000
[OSC-FORCE] step=126 mode=c3 lam_des=2.000 lam_ext=1.995
[GS] step=126 mode=c3 switch=kStayInC3 best_k=0 best_src=current curr_cost=104089.04 repos_cost=- best_other=185842.58 met_progress=Y steps_since_improve=6 switches=1
[STEP] step=126 mode=c3 t=1.260s ee=(+0.075,-0.019,+0.123) obj=(+0.000,+0.000,+0.050) goal_dist=0.300m switch=kStayInC3 c3_cost=104089.04 lam_n=0.000 lam_t=0.000 contact=N productive=N f_cmd=(+2.00,+0.00,-0.00)
[GATE-EVOLVE] step=126 curr=104089.04 best_other=185842.58 ratio=0.5601 ee_to_optimal=0.0194m phi=0.0088m
[STAGE-A-TRACE] step=126 sim_t=1.260 mode=c3 phi=0.00876 box_xy=+0.00000,+0.00000 lam_n_ee_box=nan qy=+0.00001 qz=+0.00000 finished_repos=0
[DRAKE-CONTACT] step=126 n_pairs=1 ee_box_normal=0.000
[GATE-CONTACT] step=126 F_W=(+0.0000,+0.0000,+0.0000) F_on_box=(-0.0000,-0.0000,-0.0000) n_face_out=(-0.0000,-0.0000,-0.0000) A_is_ee=0 box_q=(+1.00000,-0.00001,+0.00001,+0.00000) box_p=(+0.00000,+0.00000,+0.04999) ee_p=(+0.07492,-0.01942,+0.12278)
[EErel] along_push=-0.075m (neg=correct)  perp=0.023m  ee_to_box=0.078m  stage=3  obj=[0. 0.]  g_hat=[-1. -0.]
[proxy] err=0.121m  effective=[0.167 0.011 0.05 ]
[ADMM-C3+] primal: 6.1274->4.9359  dual: 109.8105->80.3184  mono=False  iters=25/25  rho=25.0
[ADMM-C3+] WARNING non-converged: pr=4.9359 dr=80.3184 tol=1e-03
[C3+] step=401 |u[0]|=43.07Nm u_axis=(+9.24,-29.20,+1.54,+30.00,+2.95,-2.27,-0.96)Nm λ_n_max=1.058 η_n_max=1.279 primal=4.936 iters=25/25 lcp_res_max=nan
[EErel] along_push=-0.075m (neg=correct)  perp=0.023m  ee_to_box=0.078m  stage=3  obj=[0. 0.]  g_hat=[-1. -0.]
[proxy] err=0.121m  effective=[0.167 0.011 0.05 ]
[ADMM-C3+] primal: 6.1274->4.9359  dual: 109.8105->80.3186  mono=False  iters=25/25  rho=25.0
[ADMM-C3+] WARNING non-converged: pr=4.9359 dr=80.3186 tol=1e-03
[C3+] step=406 |u[0]|=34.12Nm u_axis=(-4.48,-30.00,+8.03,-12.41,+0.78,-4.95,-0.85)Nm λ_n_max=1.058 η_n_max=1.279 primal=4.936 iters=25/25 lcp_res_max=nan
[CONTACT-RUN] step=127 nhat_BA_W=[+0.000,+0.000,+0.000] p_BCb=[+0.000,+0.000,+0.000] distance=+1.00000 contact_type=NONE
[X-SEQ-PROBE] step=127 x0_box=(+0.00000,+0.00000,+0.04999) x1_box=(-0.01168,-0.00110,+0.02547) x1_box_v=(-0.23502,-0.02352,-0.49050) dt=0.050
[APPROACH-OVERRIDE] step=127 phase=A_lift_trav face_axis=0 face_sign=+1 face_score=+1.000 surf_dist=0.0530m advance=0.0100m target=(+0.1000,+0.0000,+0.1350) p_ee_des=(+0.0815,-0.0170,+0.1241)
[VFF] step=127 mode=c3 alpha=0.000 v_des=(-0.1047,-0.5339,-0.2624) |v_des|=0.6041 sat=0 util_max=0.108@j1
[AFF] step=127 mode=c3 on=0 a_ff=(+0.0000,+0.0000,+0.0000) |a_ff|=0.0000
[OSC-FORCE] step=127 mode=c3 lam_des=2.000 lam_ext=1.998
[GS] step=127 mode=c3 switch=kStayInC3 best_k=0 best_src=current curr_cost=103715.43 repos_cost=- best_other=184622.68 met_progress=Y steps_since_improve=7 switches=1
[STEP] step=127 mode=c3 t=1.270s ee=(+0.075,-0.023,+0.120) obj=(+0.000,+0.000,+0.050) goal_dist=0.300m switch=kStayInC3 c3_cost=103715.43 lam_n=0.000 lam_t=0.000 contact=N productive=N f_cmd=(+2.00,+0.00,-0.00)
[GATE-EVOLVE] step=127 curr=103715.43 best_other=184622.68 ratio=0.5618 ee_to_optimal=0.0233m phi=0.0070m
[STAGE-A-TRACE] step=127 sim_t=1.270 mode=c3 phi=0.00695 box_xy=+0.00000,+0.00000 lam_n_ee_box=nan qy=+0.00001 qz=+0.00000 finished_repos=0
[DRAKE-CONTACT] step=127 n_pairs=1 ee_box_normal=0.000
[GATE-CONTACT] step=127 F_W=(+0.0000,+0.0000,+0.0000) F_on_box=(-0.0000,-0.0000,-0.0000) n_face_out=(-0.0000,-0.0000,-0.0000) A_is_ee=0 box_q=(+1.00000,-0.00001,+0.00001,+0.00000) box_p=(+0.00000,+0.00000,+0.04999) ee_p=(+0.07478,-0.02325,+0.12017)
[EErel] along_push=-0.074m (neg=correct)  perp=0.027m  ee_to_box=0.079m  stage=3  obj=[0. 0.]  g_hat=[-1. -0.]
[proxy] err=0.124m  effective=[0.169 0.015 0.05 ]
[ADMM-C3+] primal: 6.1274->4.9359  dual: 109.8105->80.3183  mono=False  iters=25/25  rho=25.0
[ADMM-C3+] WARNING non-converged: pr=4.9359 dr=80.3183 tol=1e-03
[C3+] step=407 |u[0]|=42.64Nm u_axis=(+9.28,-28.60,+1.61,+30.00,+2.84,-1.53,-0.94)Nm λ_n_max=1.058 η_n_max=1.279 primal=4.936 iters=25/25 lcp_res_max=nan
[EErel] along_push=-0.074m (neg=correct)  perp=0.027m  ee_to_box=0.079m  stage=3  obj=[0. 0.]  g_hat=[-1. -0.]
[proxy] err=0.124m  effective=[0.169 0.015 0.05 ]
[ADMM-C3+] primal: 6.1274->4.9359  dual: 109.8105->80.3186  mono=False  iters=25/25  rho=25.0
[ADMM-C3+] WARNING non-converged: pr=4.9359 dr=80.3186 tol=1e-03
[C3+] step=412 |u[0]|=34.29Nm u_axis=(-4.99,-29.99,+10.04,-10.69,+1.07,-5.92,-0.78)Nm λ_n_max=1.058 η_n_max=1.279 primal=4.936 iters=25/25 lcp_res_max=nan
[CONTACT-RUN] step=128 nhat_BA_W=[+0.000,+0.000,+0.000] p_BCb=[+0.000,+0.000,+0.000] distance=+1.00000 contact_type=NONE
[X-SEQ-PROBE] step=128 x0_box=(+0.00000,+0.00000,+0.04999) x1_box=(-0.01168,-0.00110,+0.02547) x1_box_v=(-0.23502,-0.02352,-0.49050) dt=0.050
[APPROACH-OVERRIDE] step=128 phase=A_lift_trav face_axis=0 face_sign=+1 face_score=+1.000 surf_dist=0.0520m advance=0.0100m target=(+0.1000,+0.0000,+0.1350) p_ee_des=(+0.0807,-0.0207,+0.1219)
[VFF] step=128 mode=c3 alpha=0.000 v_des=(-0.1237,-0.5408,-0.2460) |v_des|=0.6069 sat=0 util_max=0.099@j1
[AFF] step=128 mode=c3 on=0 a_ff=(+0.0000,+0.0000,+0.0000) |a_ff|=0.0000
[OSC-FORCE] step=128 mode=c3 lam_des=2.000 lam_ext=1.996
[GS] step=128 mode=c3 switch=kStayInC3 best_k=0 best_src=current curr_cost=103774.90 repos_cost=- best_other=183564.75 met_progress=Y steps_since_improve=8 switches=1
[STEP] step=128 mode=c3 t=1.280s ee=(+0.074,-0.027,+0.118) obj=(+0.000,+0.000,+0.050) goal_dist=0.300m switch=kStayInC3 c3_cost=103774.90 lam_n=0.000 lam_t=0.000 contact=N productive=N f_cmd=(+2.00,+0.00,-0.00)
[GATE-EVOLVE] step=128 curr=103774.90 best_other=183564.75 ratio=0.5653 ee_to_optimal=0.0274m phi=0.0052m
[STAGE-A-TRACE] step=128 sim_t=1.280 mode=c3 phi=0.00519 box_xy=+0.00000,+0.00000 lam_n_ee_box=nan qy=+0.00001 qz=+0.00000 finished_repos=0
[DRAKE-CONTACT] step=128 n_pairs=1 ee_box_normal=0.000
[GATE-CONTACT] step=128 F_W=(+0.0000,+0.0000,+0.0000) F_on_box=(-0.0000,-0.0000,-0.0000) n_face_out=(-0.0000,-0.0000,-0.0000) A_is_ee=0 box_q=(+1.00000,-0.00001,+0.00001,+0.00000) box_p=(+0.00000,+0.00000,+0.04999) ee_p=(+0.07448,-0.02736,+0.11767)
[EErel] along_push=-0.074m (neg=correct)  perp=0.032m  ee_to_box=0.081m  stage=3  obj=[0. 0.]  g_hat=[-1. -0.]
[proxy] err=0.128m  effective=[0.171 0.02  0.05 ]
[ADMM-C3+] primal: 6.1274->4.9359  dual: 109.8105->80.3186  mono=False  iters=25/25  rho=25.0
[ADMM-C3+] WARNING non-converged: pr=4.9359 dr=80.3186 tol=1e-03
[C3+] step=413 |u[0]|=42.32Nm u_axis=(+10.41,-27.77,+0.54,+30.00,+3.14,+0.43,-0.93)Nm λ_n_max=1.058 η_n_max=1.279 primal=4.936 iters=25/25 lcp_res_max=nan
[EErel] along_push=-0.074m (neg=correct)  perp=0.032m  ee_to_box=0.081m  stage=3  obj=[0. 0.]  g_hat=[-1. -0.]
[proxy] err=0.128m  effective=[0.171 0.02  0.05 ]
[ADMM-C3+] primal: 6.1274->4.9359  dual: 109.8105->80.3186  mono=False  iters=25/25  rho=25.0
[ADMM-C3+] WARNING non-converged: pr=4.9359 dr=80.3186 tol=1e-03
[C3+] step=418 |u[0]|=34.05Nm u_axis=(-4.56,-29.99,+8.86,-11.56,+0.71,-5.13,-0.79)Nm λ_n_max=1.058 η_n_max=1.279 primal=4.936 iters=25/25 lcp_res_max=nan
[CONTACT-RUN] step=129 nhat_BA_W=[+0.000,+0.000,+0.000] p_BCb=[+0.000,+0.000,+0.000] distance=+1.00000 contact_type=NONE
[X-SEQ-PROBE] step=129 x0_box=(+0.00000,+0.00000,+0.04999) x1_box=(-0.01168,-0.00110,+0.02547) x1_box_v=(-0.23502,-0.02352,-0.49050) dt=0.050
[APPROACH-OVERRIDE] step=129 phase=A_lift_trav face_axis=0 face_sign=+1 face_score=+1.000 surf_dist=0.0515m advance=0.0100m target=(+0.1000,+0.0000,+0.1350) p_ee_des=(+0.0797,-0.0247,+0.1196)
[VFF] step=129 mode=c3 alpha=0.000 v_des=(-0.1195,-0.5500,-0.2388) |v_des|=0.6114 sat=0 util_max=0.080@j1
[AFF] step=129 mode=c3 on=0 a_ff=(+0.0000,+0.0000,+0.0000) |a_ff|=0.0000
[OSC-FORCE] step=129 mode=c3 lam_des=2.000 lam_ext=1.998
[GS] step=129 mode=c3 switch=kStayInC3 best_k=0 best_src=current curr_cost=103776.28 repos_cost=- best_other=182669.75 met_progress=Y steps_since_improve=9 switches=1
[STEP] step=129 mode=c3 t=1.290s ee=(+0.074,-0.032,+0.115) obj=(+0.000,+0.000,+0.050) goal_dist=0.300m switch=kStayInC3 c3_cost=103776.28 lam_n=0.000 lam_t=0.000 contact=N productive=N f_cmd=(+2.00,+0.00,-0.00)
[GATE-EVOLVE] step=129 curr=103776.28 best_other=182669.75 ratio=0.5681 ee_to_optimal=0.0317m phi=0.0035m
[STAGE-A-TRACE] step=129 sim_t=1.290 mode=c3 phi=0.00349 box_xy=+0.00000,+0.00000 lam_n_ee_box=nan qy=+0.00001 qz=+0.00000 finished_repos=0
[DRAKE-CONTACT] step=129 n_pairs=1 ee_box_normal=0.000
[GATE-CONTACT] step=129 F_W=(+0.0000,+0.0000,+0.0000) F_on_box=(-0.0000,-0.0000,-0.0000) n_face_out=(-0.0000,-0.0000,-0.0000) A_is_ee=0 box_q=(+1.00000,-0.00001,+0.00001,+0.00000) box_p=(+0.00000,+0.00000,+0.04999) ee_p=(+0.07404,-0.03169,+0.11530)
[CONTACT-ELEM] step=417 element=manipulated_object::collision phi=+0.0018m
[EErel] along_push=-0.073m (neg=correct)  perp=0.036m  ee_to_box=0.082m  stage=3  obj=[0. 0.]  g_hat=[-1. -0.]
[proxy] err=0.133m  effective=[0.173 0.026 0.05 ]
[ADMM-C3+] primal: 11.4658->8.5753  dual: 1105.3659->336.2207  mono=False  iters=25/25  rho=25.0
[ADMM-C3+] WARNING non-converged: pr=8.5753 dr=336.2207 tol=1e-03
[C3+] step=419 |u[0]|=41.75Nm u_axis=(+10.62,-26.77,+2.53,+30.00,+2.36,-0.68,-0.92)Nm λ_n_max=5.237 η_n_max=3.144 primal=8.575 iters=25/25 lcp_res_max=nan
[CONTACT-ELEM] step=422 element=manipulated_object::collision phi=+0.0018m
[EErel] along_push=-0.073m (neg=correct)  perp=0.036m  ee_to_box=0.082m  stage=3  obj=[0. 0.]  g_hat=[-1. -0.]
[proxy] err=0.133m  effective=[0.173 0.026 0.05 ]
[ADMM-C3+] primal: 12.2610->9.7478  dual: 1161.9127->368.8379  mono=False  iters=25/25  rho=25.0
[ADMM-C3+] WARNING non-converged: pr=9.7478 dr=368.8379 tol=1e-03
[C3+] step=424 |u[0]|=34.49Nm u_axis=(-4.85,-29.96,+9.64,-12.40,+0.83,-4.61,-0.49)Nm λ_n_max=5.525 η_n_max=2.570 primal=9.748 iters=25/25 lcp_res_max=nan
[CONTACT-RUN] step=130 nhat_BA_W=[+0.874,+0.000,+0.487] p_BCb=[+0.050,-0.036,+0.050] distance=+0.00185 contact_type=EE-BOX
[X-SEQ-PROBE] step=130 x0_box=(+0.00000,+0.00000,+0.04999) x1_box=(-0.07140,+0.00022,-0.00544) x1_box_v=(-1.43005,+0.00281,-1.10854) dt=0.050
[VFF] step=130 mode=c3 alpha=0.000 v_des=(-0.0918,-0.5368,-0.2148) |v_des|=0.5854 sat=0 util_max=0.583@j3
[AFF] step=130 mode=c3 on=0 a_ff=(+0.0000,+0.0000,+0.0000) |a_ff|=0.0000
[OSC-FORCE] step=130 mode=c3 lam_des=5.000 lam_ext=4.993
[IMP] step=130 mode=c3 |x_err|=0.0576m |tau_imp|=52.13Nm |tau_ff|=2.82Nm |tau_out|=52.13Nm sat=False lam_n=True lam_t=True
[GS] step=130 mode=c3 switch=kStayInC3 best_k=0 best_src=current curr_cost=4980.72 repos_cost=- best_other=181918.28 met_progress=Y steps_since_improve=10 switches=1
[STEP] step=130 mode=c3 t=1.300s ee=(+0.073,-0.036,+0.113) obj=(+0.000,+0.000,+0.050) goal_dist=0.300m switch=kStayInC3 c3_cost=4980.72 lam_n=5.525 lam_t=3.410 contact=Y productive=Y f_cmd=(+5.00,+0.00,-0.00)
[GATE-EVOLVE] step=130 curr=4980.72 best_other=181918.28 ratio=0.0274 ee_to_optimal=0.0362m phi=0.0018m
[STAGE-A-TRACE] step=130 sim_t=1.300 mode=c3 phi=0.00185 box_xy=+0.00000,+0.00000 lam_n_ee_box=5.5255 qy=+0.00001 qz=+0.00000 finished_repos=0
[DRAKE-CONTACT] step=130 n_pairs=2 ee_box_normal=28.828
[GATE-CONTACT] step=130 F_W=(-25.0476,-3.1081,-13.9292) F_on_box=(-25.0476,-3.1081,-13.9292) n_face_out=(+0.9051,-0.0000,+0.4252) A_is_ee=1 box_q=(+1.00000,-0.00001,+0.00001,+0.00000) box_p=(+0.00000,+0.00000,+0.04999) ee_p=(+0.07346,-0.03617,+0.11305)
[CONTACT-ELEM] step=423 element=manipulated_object::collision phi=-0.0000m
[EErel] along_push=-0.073m (neg=correct)  perp=0.042m  ee_to_box=0.084m  stage=3  obj=[-0. -0.]  g_hat=[-1.  0.]
[proxy] err=0.142m  effective=[0.176 0.035 0.05 ]
[ADMM-C3+] primal: 12.4128->15.9749  dual: 1394.6505->524.5889  mono=False  iters=25/25  rho=25.0
[ADMM-C3+] WARNING non-converged: pr=15.9749 dr=524.5889 tol=1e-03
[C3+] step=425 |u[0]|=41.92Nm u_axis=(+12.09,-25.84,+5.65,+30.00,+2.39,+2.20,-0.65)Nm λ_n_max=8.058 η_n_max=2.963 primal=15.975 iters=25/25 lcp_res_max=nan
[CONTACT-ELEM] step=428 element=manipulated_object::collision phi=-0.0000m
[EErel] along_push=-0.073m (neg=correct)  perp=0.042m  ee_to_box=0.084m  stage=3  obj=[-0. -0.]  g_hat=[-1.  0.]
[proxy] err=0.142m  effective=[0.176 0.035 0.05 ]
[ADMM-C3+] primal: 11.6154->15.8611  dual: 1181.9826->680.4739  mono=False  iters=25/25  rho=25.0
[ADMM-C3+] WARNING non-converged: pr=15.8611 dr=680.4739 tol=1e-03
[C3+] step=430 |u[0]|=36.11Nm u_axis=(-11.01,-30.00,+13.82,-8.64,+0.99,-4.04,-0.34)Nm λ_n_max=6.284 η_n_max=1.991 primal=15.861 iters=25/25 lcp_res_max=nan
[CONTACT-RUN] step=131 nhat_BA_W=[+0.911,-0.003,+0.413] p_BCb=[+0.050,-0.042,+0.050] distance=-0.00002 contact_type=EE-BOX
[X-SEQ-PROBE] step=131 x0_box=(-0.00011,-0.00003,+0.04998) x1_box=(-0.09513,-0.00057,+0.10908) x1_box_v=(-1.84374,+0.00188,+1.18644) dt=0.050
[VFF] step=131 mode=c3 alpha=0.000 v_des=(-0.1185,-0.6316,-0.2183) |v_des|=0.6787 sat=0 util_max=0.538@j3
[AFF] step=131 mode=c3 on=0 a_ff=(+0.0000,+0.0000,+0.0000) |a_ff|=0.0000
[OSC-FORCE] step=131 mode=c3 lam_des=5.000 lam_ext=4.993
[GS] step=131 mode=c3 switch=kStayInC3 best_k=0 best_src=current curr_cost=-10742.76 repos_cost=- best_other=180244.30 met_progress=Y steps_since_improve=0 switches=1
[STEP] step=131 mode=c3 t=1.310s ee=(+0.073,-0.042,+0.110) obj=(-0.000,-0.000,+0.050) goal_dist=0.300m switch=kStayInC3 c3_cost=-10742.76 lam_n=14.412 lam_t=5.100 contact=Y productive=Y f_cmd=(+5.00,-0.00,-0.00)
[GATE-EVOLVE] step=131 curr=-10742.76 best_other=180244.30 ratio=-0.0596 ee_to_optimal=0.0420m phi=-0.0000m
[STAGE-A-TRACE] step=131 sim_t=1.310 mode=c3 phi=-0.00002 box_xy=-0.00011,-0.00003 lam_n_ee_box=14.4121 qy=-0.00005 qz=-0.00145 finished_repos=0
[DRAKE-CONTACT] step=131 n_pairs=1 ee_box_normal=0.000
[GATE-CONTACT] step=131 F_W=(+0.0000,+0.0000,+0.0000) F_on_box=(-0.0000,-0.0000,-0.0000) n_face_out=(-0.0000,-0.0000,-0.0000) A_is_ee=0 box_q=(+1.00000,-0.00002,-0.00005,-0.00145) box_p=(-0.00011,-0.00003,+0.04998) ee_p=(+0.07251,-0.04193,+0.11030)
[CONTACT-ELEM] step=429 element=manipulated_object::collision phi=+0.0002m
[EErel] along_push=-0.073m (neg=correct)  perp=0.049m  ee_to_box=0.088m  stage=3  obj=[-0.002 -0.   ]  g_hat=[-1.     0.001]
[proxy] err=0.157m  effective=[0.18  0.048 0.05 ]
[ADMM-C3+] primal: 13.4675->15.5138  dual: 1249.0977->506.8833  mono=False  iters=25/25  rho=25.0
[ADMM-C3+] WARNING non-converged: pr=15.5138 dr=506.8833 tol=1e-03
[C3+] step=431 |u[0]|=42.23Nm u_axis=(+14.08,-23.85,+5.97,+30.00,+2.65,+8.56,-0.60)Nm λ_n_max=9.048 η_n_max=3.731 primal=15.514 iters=25/25 lcp_res_max=nan
[CONTACT-ELEM] step=434 element=manipulated_object::collision phi=+0.0002m
[EErel] along_push=-0.073m (neg=correct)  perp=0.049m  ee_to_box=0.088m  stage=3  obj=[-0.002 -0.   ]  g_hat=[-1.     0.001]
[proxy] err=0.157m  effective=[0.18  0.048 0.05 ]
[ADMM-C3+] primal: 10.8349->12.9016  dual: 1241.5272->598.7255  mono=False  iters=25/25  rho=25.0
[ADMM-C3+] WARNING non-converged: pr=12.9016 dr=598.7255 tol=1e-03
[C3+] step=436 |u[0]|=32.37Nm u_axis=(-0.09,-30.00,+10.08,-6.43,+0.75,-2.14,-0.03)Nm λ_n_max=8.153 η_n_max=3.184 primal=12.902 iters=25/25 lcp_res_max=nan
[CONTACT-RUN] step=132 nhat_BA_W=[+0.984,-0.017,+0.177] p_BCb=[+0.050,-0.048,+0.050] distance=+0.00021 contact_type=EE-BOX
[X-SEQ-PROBE] step=132 x0_box=(-0.00159,-0.00037,+0.05104) x1_box=(-0.11255,-0.00085,+0.12093) x1_box_v=(-2.13459,+0.00407,+1.33481) dt=0.050
[VFF] step=132 mode=c3 alpha=0.000 v_des=(-0.0903,-0.6881,-0.2406) |v_des|=0.7345 sat=0 util_max=0.424@j3
[AFF] step=132 mode=c3 on=0 a_ff=(+0.0000,+0.0000,+0.0000) |a_ff|=0.0000
[OSC-FORCE] step=132 mode=c3 lam_des=5.000 lam_ext=5.000
[GS] step=132 mode=c3 switch=kStayInC3 best_k=0 best_src=current curr_cost=-13036.14 repos_cost=- best_other=165960.73 met_progress=Y steps_since_improve=0 switches=1
[STEP] step=132 mode=c3 t=1.320s ee=(+0.071,-0.050,+0.107) obj=(-0.002,-0.000,+0.051) goal_dist=0.298m switch=kStayInC3 c3_cost=-13036.14 lam_n=17.124 lam_t=2.877 contact=Y productive=Y f_cmd=(+5.00,-0.01,-0.00)
[GATE-EVOLVE] step=132 curr=-13036.14 best_other=165960.73 ratio=-0.0785 ee_to_optimal=0.0493m phi=0.0002m
[STAGE-A-TRACE] step=132 sim_t=1.320 mode=c3 phi=0.00021 box_xy=-0.00159,-0.00037 lam_n_ee_box=17.1241 qy=-0.01143 qz=-0.00889 finished_repos=0
[DRAKE-CONTACT] step=132 n_pairs=1 ee_box_normal=0.000
[GATE-CONTACT] step=132 F_W=(+0.0000,+0.0000,+0.0000) F_on_box=(-0.0000,-0.0000,-0.0000) n_face_out=(-0.0000,-0.0000,-0.0000) A_is_ee=0 box_q=(+0.99991,-0.00218,-0.01143,-0.00889) box_p=(-0.00159,-0.00037,+0.05104) ee_p=(+0.07120,-0.04971,+0.10684)
[EErel] along_push=-0.073m (neg=correct)  perp=0.059m  ee_to_box=0.094m  stage=3  obj=[-0.003 -0.001]  g_hat=[-1.     0.002]
[proxy] err=0.174m  effective=[0.187 0.058 0.05 ]
[ADMM-C3+] primal: 5.7809->5.2046  dual: 80.2295->181.7988  mono=False  iters=25/25  rho=25.0
[ADMM-C3+] WARNING non-converged: pr=5.2046 dr=181.7988 tol=1e-03
[C3+] step=437 |u[0]|=42.70Nm u_axis=(+12.76,-23.87,+2.56,+30.00,+3.30,+13.10,-0.96)Nm λ_n_max=0.000 η_n_max=0.540 primal=5.205 iters=25/25 lcp_res_max=nan
[EErel] along_push=-0.073m (neg=correct)  perp=0.059m  ee_to_box=0.094m  stage=3  obj=[-0.003 -0.001]  g_hat=[-1.     0.002]
[proxy] err=0.174m  effective=[0.187 0.058 0.05 ]
[ADMM-C3+] primal: 5.7809->5.2045  dual: 80.2305->181.8253  mono=False  iters=25/25  rho=25.0
[ADMM-C3+] WARNING non-converged: pr=5.2045 dr=181.8253 tol=1e-03
[C3+] step=442 |u[0]|=34.02Nm u_axis=(-3.21,-29.63,+13.16,-8.66,+0.70,-4.47,-0.57)Nm λ_n_max=0.000 η_n_max=0.540 primal=5.204 iters=25/25 lcp_res_max=nan
[CONTACT-RUN] step=133 nhat_BA_W=[+0.000,+0.000,+0.000] p_BCb=[+0.000,+0.000,+0.000] distance=+1.00000 contact_type=NONE
[X-SEQ-PROBE] step=133 x0_box=(-0.00328,-0.00064,+0.05189) x1_box=(-0.01175,-0.00105,+0.03000) x1_box_v=(-0.08466,+0.00549,-0.46416) dt=0.050
[APPROACH-OVERRIDE] step=133 phase=A_lift_trav face_axis=0 face_sign=+1 face_score=+0.999 surf_dist=0.0537m advance=0.0100m target=(+0.0966,-0.0036,+0.1369) p_ee_des=(+0.0734,-0.0515,+0.1076)
[VFF] step=133 mode=c3 alpha=0.000 v_des=(-0.1980,-0.7500,-0.2469) |v_des|=0.8140 sat=0 util_max=0.360@j3
[AFF] step=133 mode=c3 on=0 a_ff=(+0.0000,+0.0000,+0.0000) |a_ff|=0.0000
[OSC-FORCE] step=133 mode=c3 lam_des=2.000 lam_ext=1.995
[GS] step=133 mode=c3 switch=kStayInC3 best_k=0 best_src=current curr_cost=108962.48 repos_cost=- best_other=164568.15 met_progress=Y steps_since_improve=0 switches=1
[STEP] step=133 mode=c3 t=1.330s ee=(+0.070,-0.059,+0.103) obj=(-0.003,-0.001,+0.052) goal_dist=0.297m switch=kStayInC3 c3_cost=108962.48 lam_n=0.000 lam_t=0.000 contact=N productive=N f_cmd=(+2.00,-0.00,-0.00)
[GATE-EVOLVE] step=133 curr=108962.48 best_other=164568.15 ratio=0.6621 ee_to_optimal=0.0586m phi=0.0022m
[STAGE-A-TRACE] step=133 sim_t=1.330 mode=c3 phi=0.00223 box_xy=-0.00328,-0.00064 lam_n_ee_box=nan qy=-0.01880 qz=-0.01495 finished_repos=0
[DRAKE-CONTACT] step=133 n_pairs=1 ee_box_normal=0.000
[GATE-CONTACT] step=133 F_W=(+0.0000,+0.0000,+0.0000) F_on_box=(-0.0000,-0.0000,-0.0000) n_face_out=(-0.0000,-0.0000,-0.0000) A_is_ee=0 box_q=(+0.99973,-0.00177,-0.01880,-0.01495) box_p=(-0.00328,-0.00064,+0.05189) ee_p=(+0.06953,-0.05939,+0.10274)
[EErel] along_push=-0.072m (neg=correct)  perp=0.068m  ee_to_box=0.099m  stage=3  obj=[-0.004 -0.001]  g_hat=[-1.     0.002]
[proxy] err=0.193m  effective=[0.195 0.067 0.05 ]
[ADMM-C3+] primal: 5.8642->4.6858  dual: 77.3574->139.7391  mono=False  iters=25/25  rho=25.0
[ADMM-C3+] WARNING non-converged: pr=4.6858 dr=139.7391 tol=1e-03
[C3+] step=443 |u[0]|=42.20Nm u_axis=(+12.55,-23.18,+0.47,+30.00,+2.89,+13.31,-0.87)Nm λ_n_max=0.000 η_n_max=0.529 primal=4.686 iters=25/25 lcp_res_max=nan
[EErel] along_push=-0.072m (neg=correct)  perp=0.068m  ee_to_box=0.099m  stage=3  obj=[-0.004 -0.001]  g_hat=[-1.     0.002]
[proxy] err=0.193m  effective=[0.195 0.067 0.05 ]
[ADMM-C3+] primal: 5.8642->4.6858  dual: 77.3574->139.7391  mono=False  iters=25/25  rho=25.0
[ADMM-C3+] WARNING non-converged: pr=4.6858 dr=139.7391 tol=1e-03
[C3+] step=448 |u[0]|=32.72Nm u_axis=(-2.83,-29.38,+9.71,-9.34,+0.33,-4.16,-0.62)Nm λ_n_max=0.000 η_n_max=0.529 primal=4.686 iters=25/25 lcp_res_max=nan
[CONTACT-RUN] step=134 nhat_BA_W=[+0.000,+0.000,+0.000] p_BCb=[+0.000,+0.000,+0.000] distance=+1.00000 contact_type=NONE
[X-SEQ-PROBE] step=134 x0_box=(-0.00450,-0.00072,+0.05239) x1_box=(-0.00798,-0.00000,+0.03081) x1_box_v=(-0.03485,+0.00776,-0.46111) dt=0.050
[APPROACH-OVERRIDE] step=134 phase=A_lift_trav face_axis=0 face_sign=+1 face_score=+0.998 surf_dist=0.0579m advance=0.0100m target=(+0.0953,-0.0043,+0.1374) p_ee_des=(+0.0712,-0.0610,+0.1037)
[VFF] step=134 mode=c3 alpha=0.000 v_des=(-0.1680,-0.7500,-0.2230) |v_des|=0.8003 sat=0 util_max=0.235@j3
[AFF] step=134 mode=c3 on=0 a_ff=(+0.0000,+0.0000,+0.0000) |a_ff|=0.0000
[OSC-FORCE] step=134 mode=c3 lam_des=2.000 lam_ext=1.999
[GS] step=134 mode=c3 switch=kStayInC3 best_k=0 best_src=current curr_cost=116177.43 repos_cost=- best_other=179053.29 met_progress=Y steps_since_improve=0 switches=1
[STEP] step=134 mode=c3 t=1.340s ee=(+0.068,-0.069,+0.099) obj=(-0.004,-0.001,+0.052) goal_dist=0.296m switch=kStayInC3 c3_cost=116177.43 lam_n=0.000 lam_t=0.000 contact=N productive=N f_cmd=(+2.00,-0.00,-0.00)
[GATE-EVOLVE] step=134 curr=116177.43 best_other=179053.29 ratio=0.6488 ee_to_optimal=0.0683m phi=0.0061m
[STAGE-A-TRACE] step=134 sim_t=1.340 mode=c3 phi=0.00613 box_xy=-0.00450,-0.00072 lam_n_ee_box=nan qy=-0.02454 qz=-0.01771 finished_repos=0
[DRAKE-CONTACT] step=134 n_pairs=1 ee_box_normal=0.000
[GATE-CONTACT] step=134 F_W=(+0.0000,+0.0000,+0.0000) F_on_box=(-0.0000,-0.0000,-0.0000) n_face_out=(-0.0000,-0.0000,-0.0000) A_is_ee=0 box_q=(+0.99956,-0.00046,-0.02454,-0.01771) box_p=(-0.00450,-0.00072,+0.05239) ee_p=(+0.06777,-0.06910,+0.09891)
[EErel] along_push=-0.071m (neg=correct)  perp=0.077m  ee_to_box=0.105m  stage=2  obj=[-0.005 -0.001]  g_hat=[-1.     0.002]
[proxy] err=0.205m  effective=[0.194 0.076 0.05 ]
[ADMM-C3+] primal: 5.8426->4.6210  dual: 74.5659->134.5481  mono=False  iters=25/25  rho=25.0
[ADMM-C3+] WARNING non-converged: pr=4.6210 dr=134.5481 tol=1e-03
[C3+] step=449 |u[0]|=41.91Nm u_axis=(+12.84,-22.29,-0.13,+30.00,+2.46,+13.71,-0.80)Nm λ_n_max=0.000 η_n_max=0.557 primal=4.621 iters=25/25 lcp_res_max=nan
[EErel] along_push=-0.071m (neg=correct)  perp=0.077m  ee_to_box=0.105m  stage=2  obj=[-0.005 -0.001]  g_hat=[-1.     0.002]
[proxy] err=0.205m  effective=[0.194 0.076 0.05 ]
[ADMM-C3+] primal: 5.8426->4.6210  dual: 74.5659->134.5481  mono=False  iters=25/25  rho=25.0
[ADMM-C3+] WARNING non-converged: pr=4.6210 dr=134.5481 tol=1e-03
[C3+] step=454 |u[0]|=32.64Nm u_axis=(-3.42,-28.81,+11.10,-9.01,+0.24,-4.39,-0.62)Nm λ_n_max=0.000 η_n_max=0.557 primal=4.621 iters=25/25 lcp_res_max=nan
[CONTACT-RUN] step=135 nhat_BA_W=[+0.000,+0.000,+0.000] p_BCb=[+0.000,+0.000,+0.000] distance=+1.00000 contact_type=NONE
[X-SEQ-PROBE] step=135 x0_box=(-0.00498,-0.00067,+0.05281) x1_box=(-0.00655,-0.00014,+0.02958) x1_box_v=(-0.01577,+0.00754,-0.47754) dt=0.050
[APPROACH-OVERRIDE] step=135 phase=A_lift_trav face_axis=0 face_sign=+1 face_score=+0.998 surf_dist=0.0629m advance=0.0100m target=(+0.0948,-0.0042,+0.1378) p_ee_des=(+0.0693,-0.0694,+0.1006)
[VFF] step=135 mode=c3 alpha=0.000 v_des=(-0.1716,-0.7082,-0.1913) |v_des|=0.7534 sat=0 util_max=0.182@j3
[AFF] step=135 mode=c3 on=0 a_ff=(+0.0000,+0.0000,+0.0000) |a_ff|=0.0000
[OSC-FORCE] step=135 mode=c3 lam_des=2.000 lam_ext=1.998
[GS] step=135 mode=c3 switch=kStayInC3 best_k=0 best_src=current curr_cost=122175.10 repos_cost=- best_other=185551.13 met_progress=Y steps_since_improve=0 switches=1
[STEP] step=135 mode=c3 t=1.350s ee=(+0.066,-0.078,+0.096) obj=(-0.005,-0.001,+0.053) goal_dist=0.295m switch=kStayInC3 c3_cost=122175.10 lam_n=0.000 lam_t=0.000 contact=N productive=N f_cmd=(+2.00,-0.00,-0.00)
[GATE-EVOLVE] step=135 curr=122175.10 best_other=185551.13 ratio=0.6584 ee_to_optimal=0.0769m phi=0.0107m
[STAGE-A-TRACE] step=135 sim_t=1.350 mode=c3 phi=0.01075 box_xy=-0.00498,-0.00067 lam_n_ee_box=nan qy=-0.02896 qz=-0.01750 finished_repos=0
[DRAKE-CONTACT] step=135 n_pairs=1 ee_box_normal=0.000
[GATE-CONTACT] step=135 F_W=(+0.0000,+0.0000,+0.0000) F_on_box=(-0.0000,-0.0000,-0.0000) n_face_out=(-0.0000,-0.0000,-0.0000) A_is_ee=0 box_q=(+0.99945,-0.00054,-0.02896,-0.01750) box_p=(-0.00498,-0.00067,+0.05281) ee_p=(+0.06607,-0.07766,+0.09589)
[EErel] along_push=-0.070m (neg=correct)  perp=0.085m  ee_to_box=0.110m  stage=2  obj=[-0.005 -0.001]  g_hat=[-1.     0.002]
[proxy] err=0.216m  effective=[0.193 0.083 0.05 ]
[ADMM-C3+] primal: 5.7803->6.0705  dual: 72.7039->231.8670  mono=False  iters=25/25  rho=25.0
[ADMM-C3+] WARNING non-converged: pr=6.0705 dr=231.8670 tol=1e-03
[C3+] step=455 |u[0]|=41.81Nm u_axis=(+13.07,-21.65,-0.61,+30.00,+2.14,+14.25,-0.75)Nm λ_n_max=0.000 η_n_max=0.734 primal=6.070 iters=25/25 lcp_res_max=nan
[EErel] along_push=-0.070m (neg=correct)  perp=0.085m  ee_to_box=0.110m  stage=2  obj=[-0.005 -0.001]  g_hat=[-1.     0.002]
[proxy] err=0.216m  effective=[0.193 0.083 0.05 ]
[ADMM-C3+] primal: 5.7803->6.0705  dual: 72.7042->231.8671  mono=False  iters=25/25  rho=25.0
[ADMM-C3+] WARNING non-converged: pr=6.0705 dr=231.8671 tol=1e-03
[C3+] step=460 |u[0]|=31.54Nm u_axis=(-3.40,-27.91,+9.94,-9.41,-0.01,-4.02,-0.60)Nm λ_n_max=0.000 η_n_max=0.734 primal=6.070 iters=25/25 lcp_res_max=nan
[CONTACT-RUN] step=136 nhat_BA_W=[+0.000,+0.000,+0.000] p_BCb=[+0.000,+0.000,+0.000] distance=+1.00000 contact_type=NONE
[X-SEQ-PROBE] step=136 x0_box=(-0.00508,-0.00067,+0.05290) x1_box=(-0.00485,-0.00109,+0.02804) x1_box_v=(+0.00235,-0.00656,-0.49385) dt=0.050
[APPROACH-OVERRIDE] step=136 phase=A_lift_trav face_axis=0 face_sign=+1 face_score=+0.998 surf_dist=0.0682m advance=0.0100m target=(+0.0947,-0.0042,+0.1379) p_ee_des=(+0.0675,-0.0771,+0.0980)
[VFF] step=136 mode=c3 alpha=0.000 v_des=(-0.1610,-0.6661,-0.1738) |v_des|=0.7070 sat=0 util_max=0.155@j3
[AFF] step=136 mode=c3 on=0 a_ff=(+0.0000,+0.0000,+0.0000) |a_ff|=0.0000
[OSC-FORCE] step=136 mode=c3 lam_des=2.000 lam_ext=1.999
[GS] step=136 mode=c3 switch=kStayInC3 best_k=0 best_src=current curr_cost=158397.88 repos_cost=- best_other=191276.13 met_progress=Y steps_since_improve=0 switches=1
[STEP] step=136 mode=c3 t=1.360s ee=(+0.064,-0.085,+0.093) obj=(-0.005,-0.001,+0.053) goal_dist=0.295m switch=kStayInC3 c3_cost=158397.88 lam_n=0.000 lam_t=0.000 contact=N productive=N f_cmd=(+2.00,-0.00,-0.00)
[GATE-EVOLVE] step=136 curr=158397.88 best_other=191276.13 ratio=0.8281 ee_to_optimal=0.0848m phi=0.0157m
[STAGE-A-TRACE] step=136 sim_t=1.360 mode=c3 phi=0.01566 box_xy=-0.00508,-0.00067 lam_n_ee_box=nan qy=-0.02996 qz=-0.01750 finished_repos=0
[DRAKE-CONTACT] step=136 n_pairs=1 ee_box_normal=0.000
[GATE-CONTACT] step=136 F_W=(+0.0000,+0.0000,+0.0000) F_on_box=(-0.0000,-0.0000,-0.0000) n_face_out=(-0.0000,-0.0000,-0.0000) A_is_ee=0 box_q=(+0.99942,-0.00050,-0.02996,-0.01750) box_p=(-0.00508,-0.00067,+0.05290) ee_p=(+0.06444,-0.08542,+0.09345)
[EErel] along_push=-0.068m (neg=correct)  perp=0.092m  ee_to_box=0.114m  stage=2  obj=[-0.005 -0.001]  g_hat=[-1.     0.002]
[proxy] err=0.228m  effective=[0.192 0.091 0.05 ]
[ADMM-C3+] primal: 5.7889->4.5394  dual: 71.0454->128.9882  mono=False  iters=25/25  rho=25.0
[ADMM-C3+] WARNING non-converged: pr=4.5394 dr=128.9882 tol=1e-03
[C3+] step=461 |u[0]|=41.81Nm u_axis=(+13.23,-21.17,-0.91,+30.00,+1.88,+14.84,-0.70)Nm λ_n_max=0.000 η_n_max=0.642 primal=4.539 iters=25/25 lcp_res_max=nan
[EErel] along_push=-0.068m (neg=correct)  perp=0.092m  ee_to_box=0.114m  stage=2  obj=[-0.005 -0.001]  g_hat=[-1.     0.002]
[proxy] err=0.228m  effective=[0.192 0.091 0.05 ]
[ADMM-C3+] primal: 5.7889->4.5394  dual: 71.0454->128.9881  mono=False  iters=25/25  rho=25.0
[ADMM-C3+] WARNING non-converged: pr=4.5394 dr=128.9881 tol=1e-03
[C3+] step=466 |u[0]|=31.40Nm u_axis=(-3.56,-27.73,+10.12,-9.20,-0.04,-4.10,-0.58)Nm λ_n_max=0.000 η_n_max=0.642 primal=4.539 iters=25/25 lcp_res_max=nan
[CONTACT-RUN] step=137 nhat_BA_W=[+0.000,+0.000,+0.000] p_BCb=[+0.000,+0.000,+0.000] distance=+1.00000 contact_type=NONE
[X-SEQ-PROBE] step=137 x0_box=(-0.00483,-0.00067,+0.05267) x1_box=(-0.00273,-0.00026,+0.02621) x1_box_v=(+0.02092,+0.00720,-0.50985) dt=0.050
[APPROACH-OVERRIDE] step=137 phase=A_lift_trav face_axis=0 face_sign=+1 face_score=+0.998 surf_dist=0.0737m advance=0.0100m target=(+0.0950,-0.0042,+0.1377) p_ee_des=(+0.0659,-0.0841,+0.0959)
[VFF] step=137 mode=c3 alpha=0.000 v_des=(-0.1572,-0.6298,-0.1561) |v_des|=0.6676 sat=0 util_max=0.131@j3
[AFF] step=137 mode=c3 on=0 a_ff=(+0.0000,+0.0000,+0.0000) |a_ff|=0.0000
[OSC-FORCE] step=137 mode=c3 lam_des=2.000 lam_ext=1.999
[GS] step=137 mode=c3 switch=kStayInC3 best_k=0 best_src=current curr_cost=164843.53 repos_cost=- best_other=200072.68 met_progress=Y steps_since_improve=1 switches=1
[STEP] step=137 mode=c3 t=1.370s ee=(+0.063,-0.093,+0.091) obj=(-0.005,-0.001,+0.053) goal_dist=0.295m switch=kStayInC3 c3_cost=164843.53 lam_n=0.000 lam_t=0.000 contact=N productive=N f_cmd=(+2.00,-0.00,-0.00)
[GATE-EVOLVE] step=137 curr=164843.53 best_other=200072.68 ratio=0.8239 ee_to_optimal=0.0920m phi=0.0206m
[STAGE-A-TRACE] step=137 sim_t=1.370 mode=c3 phi=0.02058 box_xy=-0.00483,-0.00067 lam_n_ee_box=nan qy=-0.02749 qz=-0.01750 finished_repos=0
[DRAKE-CONTACT] step=137 n_pairs=1 ee_box_normal=0.000
[GATE-CONTACT] step=137 F_W=(+0.0000,+0.0000,+0.0000) F_on_box=(-0.0000,-0.0000,-0.0000) n_face_out=(-0.0000,-0.0000,-0.0000) A_is_ee=0 box_q=(+0.99949,-0.00050,-0.02749,-0.01750) box_p=(-0.00483,-0.00067,+0.05267) ee_p=(+0.06287,-0.09252,+0.09145)
[EErel] along_push=-0.066m (neg=correct)  perp=0.098m  ee_to_box=0.118m  stage=2  obj=[-0.004 -0.001]  g_hat=[-1.     0.002]
[proxy] err=0.239m  effective=[0.191 0.097 0.05 ]
[ADMM-C3+] primal: 5.7293->4.3881  dual: 70.6553->118.5792  mono=False  iters=25/25  rho=25.0
[ADMM-C3+] WARNING non-converged: pr=4.3881 dr=118.5792 tol=1e-03
[C3+] step=467 |u[0]|=41.89Nm u_axis=(+13.33,-20.82,-1.15,+30.00,+1.68,+15.47,-0.67)Nm λ_n_max=0.000 η_n_max=0.835 primal=4.388 iters=25/25 lcp_res_max=nan
[EErel] along_push=-0.066m (neg=correct)  perp=0.098m  ee_to_box=0.118m  stage=2  obj=[-0.004 -0.001]  g_hat=[-1.     0.002]
[proxy] err=0.239m  effective=[0.191 0.097 0.05 ]
[ADMM-C3+] primal: 5.7293->4.3881  dual: 70.6553->118.5791  mono=False  iters=25/25  rho=25.0
[ADMM-C3+] WARNING non-converged: pr=4.3881 dr=118.5791 tol=1e-03
[C3+] step=472 |u[0]|=30.86Nm u_axis=(-3.67,-27.15,+9.90,-9.38,-0.17,-3.91,-0.57)Nm λ_n_max=0.000 η_n_max=0.835 primal=4.388 iters=25/25 lcp_res_max=nan
[CONTACT-RUN] step=138 nhat_BA_W=[+0.000,+0.000,+0.000] p_BCb=[+0.000,+0.000,+0.000] distance=+1.00000 contact_type=NONE
[X-SEQ-PROBE] step=138 x0_box=(-0.00421,-0.00070,+0.05211) x1_box=(-0.00034,-0.00121,+0.02394) x1_box_v=(+0.03868,-0.00682,-0.52686) dt=0.050
[APPROACH-OVERRIDE] step=138 phase=A_lift_trav face_axis=0 face_sign=+1 face_score=+0.999 surf_dist=0.0791m advance=0.0100m target=(+0.0956,-0.0042,+0.1371) p_ee_des=(+0.0644,-0.0905,+0.0940)
[VFF] step=138 mode=c3 alpha=0.000 v_des=(-0.1531,-0.5990,-0.1435) |v_des|=0.6347 sat=0 util_max=0.111@j3
[AFF] step=138 mode=c3 on=0 a_ff=(+0.0000,+0.0000,+0.0000) |a_ff|=0.0000
[OSC-FORCE] step=138 mode=c3 lam_des=2.000 lam_ext=1.999
[GS] step=138 mode=c3 switch=kStayInC3 best_k=0 best_src=current curr_cost=171429.80 repos_cost=- best_other=207128.30 met_progress=Y steps_since_improve=2 switches=1
[STEP] step=138 mode=c3 t=1.380s ee=(+0.061,-0.099,+0.090) obj=(-0.004,-0.001,+0.052) goal_dist=0.296m switch=kStayInC3 c3_cost=171429.80 lam_n=0.000 lam_t=0.000 contact=N productive=N f_cmd=(+2.00,-0.00,-0.00)
[GATE-EVOLVE] step=138 curr=171429.80 best_other=207128.30 ratio=0.8277 ee_to_optimal=0.0986m phi=0.0254m
[STAGE-A-TRACE] step=138 sim_t=1.380 mode=c3 phi=0.02537 box_xy=-0.00421,-0.00070 lam_n_ee_box=nan qy=-0.02157 qz=-0.01750 finished_repos=0
[DRAKE-CONTACT] step=138 n_pairs=1 ee_box_normal=0.000
[GATE-CONTACT] step=138 F_W=(+0.0000,+0.0000,+0.0000) F_on_box=(-0.0000,-0.0000,-0.0000) n_face_out=(-0.0000,-0.0000,-0.0000) A_is_ee=0 box_q=(+0.99964,-0.00035,-0.02157,-0.01750) box_p=(-0.00421,-0.00070,+0.05211) ee_p=(+0.06135,-0.09905,+0.08980)
[EErel] along_push=-0.063m (neg=correct)  perp=0.104m  ee_to_box=0.122m  stage=2  obj=[-0.003 -0.001]  g_hat=[-1.     0.002]
[proxy] err=0.249m  effective=[0.191 0.103 0.05 ]
[ADMM-C3+] primal: 5.7144->6.7350  dual: 70.3023->265.7107  mono=False  iters=25/25  rho=25.0
[ADMM-C3+] WARNING non-converged: pr=6.7350 dr=265.7107 tol=1e-03
[C3+] step=473 |u[0]|=42.05Nm u_axis=(+13.38,-20.58,-1.34,+30.00,+1.51,+16.15,-0.63)Nm λ_n_max=0.000 η_n_max=0.763 primal=6.735 iters=25/25 lcp_res_max=nan
[EErel] along_push=-0.063m (neg=correct)  perp=0.104m  ee_to_box=0.122m  stage=2  obj=[-0.003 -0.001]  g_hat=[-1.     0.002]
[proxy] err=0.249m  effective=[0.191 0.103 0.05 ]
[ADMM-C3+] primal: 5.7144->6.7350  dual: 70.3023->265.7107  mono=False  iters=25/25  rho=25.0
[ADMM-C3+] WARNING non-converged: pr=6.7350 dr=265.7107 tol=1e-03
[C3+] step=478 |u[0]|=30.67Nm u_axis=(-3.74,-26.97,+9.81,-9.34,-0.21,-3.89,-0.56)Nm λ_n_max=0.000 η_n_max=0.763 primal=6.735 iters=25/25 lcp_res_max=nan
[CONTACT-RUN] step=139 nhat_BA_W=[+0.000,+0.000,+0.000] p_BCb=[+0.000,+0.000,+0.000] distance=+1.00000 contact_type=NONE
[X-SEQ-PROBE] step=139 x0_box=(-0.00323,-0.00073,+0.05119) x1_box=(+0.00240,-0.00039,+0.02123) x1_box_v=(+0.05628,+0.00695,-0.54493) dt=0.050
[APPROACH-OVERRIDE] step=139 phase=A_lift_trav face_axis=0 face_sign=+1 face_score=+0.999 surf_dist=0.0846m advance=0.0100m target=(+0.0967,-0.0042,+0.1362) p_ee_des=(+0.0630,-0.0965,+0.0925)
[VFF] step=139 mode=c3 alpha=0.000 v_des=(-0.1490,-0.5736,-0.1328) |v_des|=0.6074 sat=0 util_max=0.095@j3
[AFF] step=139 mode=c3 on=0 a_ff=(+0.0000,+0.0000,+0.0000) |a_ff|=0.0000
[OSC-FORCE] step=139 mode=c3 lam_des=2.000 lam_ext=2.000
[GS] step=139 mode=c3 switch=kStayInC3 best_k=0 best_src=current curr_cost=177949.73 repos_cost=- best_other=216055.32 met_progress=Y steps_since_improve=3 switches=1
[STEP] step=139 mode=c3 t=1.390s ee=(+0.060,-0.105,+0.088) obj=(-0.003,-0.001,+0.051) goal_dist=0.297m switch=kStayInC3 c3_cost=177949.73 lam_n=0.000 lam_t=0.000 contact=N productive=N f_cmd=(+2.00,-0.00,-0.00)
[GATE-EVOLVE] step=139 curr=177949.73 best_other=216055.32 ratio=0.8236 ee_to_optimal=0.1049m phi=0.0300m
[STAGE-A-TRACE] step=139 sim_t=1.390 mode=c3 phi=0.03001 box_xy=-0.00323,-0.00073 lam_n_ee_box=nan qy=-0.01212 qz=-0.01750 finished_repos=0
[DRAKE-CONTACT] step=139 n_pairs=1 ee_box_normal=0.000
[GATE-CONTACT] step=139 F_W=(+0.0000,+0.0000,+0.0000) F_on_box=(-0.0000,-0.0000,-0.0000) n_face_out=(-0.0000,-0.0000,-0.0000) A_is_ee=0 box_q=(+0.99980,-0.00024,-0.01212,-0.01750) box_p=(-0.00323,-0.00073,+0.05119) ee_p=(+0.05989,-0.10512,+0.08839)
[EErel] along_push=-0.061m (neg=correct)  perp=0.110m  ee_to_box=0.125m  stage=2  obj=[-0.002 -0.001]  g_hat=[-1.     0.003]
[proxy] err=0.259m  effective=[0.192 0.109 0.05 ]
[ADMM-C3+] primal: 6.1460->7.6242  dual: 106.8413->197.7662  mono=False  iters=25/25  rho=25.0
[ADMM-C3+] WARNING non-converged: pr=7.6242 dr=197.7662 tol=1e-03
[C3+] step=479 |u[0]|=42.26Nm u_axis=(+13.36,-20.47,-1.50,+30.00,+1.38,+16.85,-0.60)Nm λ_n_max=1.109 η_n_max=1.305 primal=7.624 iters=25/25 lcp_res_max=nan
[EErel] along_push=-0.061m (neg=correct)  perp=0.110m  ee_to_box=0.125m  stage=2  obj=[-0.002 -0.001]  g_hat=[-1.     0.003]
[proxy] err=0.259m  effective=[0.192 0.109 0.05 ]
[ADMM-C3+] primal: 6.1460->7.6242  dual: 106.8413->197.7662  mono=False  iters=25/25  rho=25.0
[ADMM-C3+] WARNING non-converged: pr=7.6242 dr=197.7662 tol=1e-03
[C3+] step=484 |u[0]|=30.40Nm u_axis=(-3.84,-26.66,+9.80,-9.40,-0.27,-3.80,-0.55)Nm λ_n_max=1.109 η_n_max=1.305 primal=7.624 iters=25/25 lcp_res_max=nan
[CONTACT-RUN] step=140 nhat_BA_W=[+0.000,+0.000,+0.000] p_BCb=[+0.000,+0.000,+0.000] distance=+1.00000 contact_type=NONE
[X-SEQ-PROBE] step=140 x0_box=(-0.00191,-0.00078,+0.04990) x1_box=(-0.00437,+0.00029,+0.01800) x1_box_v=(-0.12216,+0.02547,-0.56435) dt=0.050
[APPROACH-OVERRIDE] step=140 phase=A_lift_trav face_axis=0 face_sign=+1 face_score=+0.999 surf_dist=0.0900m advance=0.0100m target=(+0.0980,-0.0043,+0.1349) p_ee_des=(+0.0617,-0.1021,+0.0911)
[VFF] step=140 mode=c3 alpha=0.000 v_des=(-0.1462,-0.5516,-0.1241) |v_des|=0.5839 sat=0 util_max=0.081@j3
[AFF] step=140 mode=c3 on=0 a_ff=(+0.0000,+0.0000,+0.0000) |a_ff|=0.0000
[OSC-FORCE] step=140 mode=c3 lam_des=2.000 lam_ext=2.000
[IMP] step=140 mode=c3 |x_err|=0.0100m |tau_imp|=7.85Nm |tau_ff|=0.98Nm |tau_out|=7.85Nm sat=False lam_n=True lam_t=True
[GS] step=140 mode=c3 switch=kStayInC3 best_k=0 best_src=current curr_cost=158308.27 repos_cost=- best_other=201179.04 met_progress=Y steps_since_improve=4 switches=1
[STEP] step=140 mode=c3 t=1.400s ee=(+0.058,-0.111,+0.087) obj=(-0.002,-0.001,+0.050) goal_dist=0.298m switch=kStayInC3 c3_cost=158308.27 lam_n=0.000 lam_t=0.359 contact=N productive=N f_cmd=(+2.00,-0.01,-0.00)
[GATE-EVOLVE] step=140 curr=158308.27 best_other=201179.04 ratio=0.7869 ee_to_optimal=0.1108m phi=0.0345m
[STAGE-A-TRACE] step=140 sim_t=1.400 mode=c3 phi=0.03452 box_xy=-0.00191,-0.00078 lam_n_ee_box=nan qy=+0.00091 qz=-0.01750 finished_repos=0
[GS-table] step=140
  k=0 (current   ) pos=(+0.058,-0.111,+0.087) c_C3= 158308.27 align=0.0000(bonus=    0.00) rot=+0.0000(bonus=    0.00) travel=0.000m(pen=  0.00) c_sample= 158308.27 feas=Y ik_err=0.0000m  ← WIN
  k=1 (strat_0   ) pos=(-0.023,+0.080,+0.030) c_C3= 263915.70 align=0.0324(bonus=  971.61) rot=+0.0000(bonus=    0.00) travel=0.215m(pen= 43.03) c_sample= 262987.13 feas=Y ik_err=0.0004m
  k=2 (strat_1   ) pos=(-0.004,+0.080,+0.030) c_C3= 263113.83 align=0.0324(bonus=  971.61) rot=+0.0000(bonus=    0.00) travel=0.209m(pen= 41.77) c_sample= 262184.00 feas=Y ik_err=0.0004m
  k=3 (strat_2   ) pos=(-0.032,+0.080,+0.030) c_C3= 264493.65 align=0.0324(bonus=  971.61) rot=+0.0000(bonus=    0.00) travel=0.219m(pen= 43.72) c_sample= 263565.76 feas=Y ik_err=0.0004m
  k=4 (buffer    ) pos=(+0.080,+0.000,+0.030) c_C3= 231137.95 align=0.9995(bonus=29984.21) rot=+0.0000(bonus=    0.00) travel=0.127m(pen= 25.30) c_sample= 201179.04 feas=Y ik_err=0.0001m
[DRAKE-CONTACT] step=140 n_pairs=1 ee_box_normal=0.000
[GATE-CONTACT] step=140 F_W=(+0.0000,+0.0000,+0.0000) F_on_box=(-0.0000,-0.0000,-0.0000) n_face_out=(-0.0000,-0.0000,-0.0000) A_is_ee=0 box_q=(+0.99989,+0.00004,+0.00091,-0.01750) box_p=(-0.00191,-0.00078,+0.04990) ee_p=(+0.05847,-0.11078,+0.08718)
[EErel] along_push=-0.059m (neg=correct)  perp=0.116m  ee_to_box=0.130m  stage=2  obj=[-0.002 -0.   ]  g_hat=[-1.     0.001]
[proxy] err=0.269m  effective=[0.19  0.115 0.05 ]
[ADMM-C3+] primal: 6.1367->7.4278  dual: 118.6587->279.3824  mono=False  iters=25/25  rho=25.0
[ADMM-C3+] WARNING non-converged: pr=7.4278 dr=279.3824 tol=1e-03
[C3+] step=485 |u[0]|=42.49Nm u_axis=(+13.41,-20.32,-1.46,+30.00,+1.23,+17.58,-0.58)Nm λ_n_max=1.053 η_n_max=1.263 primal=7.428 iters=25/25 lcp_res_max=nan
[EErel] along_push=-0.059m (neg=correct)  perp=0.116m  ee_to_box=0.130m  stage=2  obj=[-0.002 -0.   ]  g_hat=[-1.     0.001]
[proxy] err=0.269m  effective=[0.19  0.115 0.05 ]
[ADMM-C3+] primal: 6.1367->7.4278  dual: 118.6587->279.3824  mono=False  iters=25/25  rho=25.0
[ADMM-C3+] WARNING non-converged: pr=7.4278 dr=279.3824 tol=1e-03
[C3+] step=490 |u[0]|=30.23Nm u_axis=(-3.89,-26.47,+9.74,-9.41,-0.30,-3.75,-0.55)Nm λ_n_max=1.053 η_n_max=1.263 primal=7.428 iters=25/25 lcp_res_max=nan
[CONTACT-RUN] step=141 nhat_BA_W=[+0.000,+0.000,+0.000] p_BCb=[+0.000,+0.000,+0.000] distance=+1.00000 contact_type=NONE
[X-SEQ-PROBE] step=141 x0_box=(-0.00181,-0.00045,+0.05023) x1_box=(-0.01264,-0.00101,+0.02624) x1_box_v=(-0.21665,-0.02337,-0.48514) dt=0.050
[APPROACH-OVERRIDE] step=141 phase=A_lift_trav face_axis=0 face_sign=+1 face_score=+0.999 surf_dist=0.0948m advance=0.0100m target=(+0.0981,-0.0039,+0.1352) p_ee_des=(+0.0603,-0.1074,+0.0899)
[VFF] step=141 mode=c3 alpha=0.000 v_des=(-0.1430,-0.5332,-0.1171) |v_des|=0.5643 sat=0 util_max=0.069@j3
[AFF] step=141 mode=c3 on=0 a_ff=(+0.0000,+0.0000,+0.0000) |a_ff|=0.0000
[OSC-FORCE] step=141 mode=c3 lam_des=2.000 lam_ext=2.000
[GS] step=141 mode=c3 switch=kStayInC3 best_k=0 best_src=current curr_cost=129933.44 repos_cost=- best_other=168966.27 met_progress=Y steps_since_improve=5 switches=1
[STEP] step=141 mode=c3 t=1.410s ee=(+0.057,-0.116,+0.086) obj=(-0.002,-0.000,+0.050) goal_dist=0.298m switch=kStayInC3 c3_cost=129933.44 lam_n=0.000 lam_t=0.720 contact=N productive=N f_cmd=(+2.00,-0.00,-0.00)
[GATE-EVOLVE] step=141 curr=129933.44 best_other=168966.27 ratio=0.7690 ee_to_optimal=0.1167m phi=0.0400m
[STAGE-A-TRACE] step=141 sim_t=1.410 mode=c3 phi=0.04000 box_xy=-0.00181,-0.00045 lam_n_ee_box=nan qy=+0.00121 qz=-0.01750 finished_repos=0
[DRAKE-CONTACT] step=141 n_pairs=1 ee_box_normal=0.000
[GATE-CONTACT] step=141 F_W=(+0.0000,+0.0000,+0.0000) F_on_box=(-0.0000,-0.0000,-0.0000) n_face_out=(-0.0000,-0.0000,-0.0000) A_is_ee=0 box_q=(+0.99988,-0.00271,+0.00121,-0.01750) box_p=(-0.00181,-0.00045,+0.05023) ee_p=(+0.05710,-0.11610,+0.08611)
[EErel] along_push=-0.058m (neg=correct)  perp=0.121m  ee_to_box=0.134m  stage=2  obj=[-0.002 -0.   ]  g_hat=[-1.     0.001]
[proxy] err=0.278m  effective=[0.189 0.12  0.05 ]
[ADMM-C3+] primal: 5.7042->4.5403  dual: 73.6129->138.5763  mono=False  iters=25/25  rho=25.0
[ADMM-C3+] WARNING non-converged: pr=4.5403 dr=138.5763 tol=1e-03
[C3+] step=491 |u[0]|=42.74Nm u_axis=(+13.42,-20.23,-1.42,+30.00,+1.10,+18.26,-0.55)Nm λ_n_max=0.000 η_n_max=0.712 primal=4.540 iters=25/25 lcp_res_max=nan
[EErel] along_push=-0.058m (neg=correct)  perp=0.121m  ee_to_box=0.134m  stage=2  obj=[-0.002 -0.   ]  g_hat=[-1.     0.001]
[proxy] err=0.278m  effective=[0.189 0.12  0.05 ]
[ADMM-C3+] primal: 5.7042->4.5403  dual: 73.6129->138.5705  mono=False  iters=25/25  rho=25.0
[ADMM-C3+] WARNING non-converged: pr=4.5403 dr=138.5705 tol=1e-03
[C3+] step=496 |u[0]|=30.03Nm u_axis=(-4.08,-26.17,+9.73,-9.59,-0.33,-3.62,-0.51)Nm λ_n_max=0.000 η_n_max=0.712 primal=4.540 iters=25/25 lcp_res_max=nan
[CONTACT-RUN] step=142 nhat_BA_W=[+0.000,+0.000,+0.000] p_BCb=[+0.000,+0.000,+0.000] distance=+1.00000 contact_type=NONE
[X-SEQ-PROBE] step=142 x0_box=(-0.00176,-0.00039,+0.05013) x1_box=(-0.00094,-0.00046,+0.02450) x1_box_v=(+0.00823,+0.00541,-0.50161) dt=0.050
[APPROACH-OVERRIDE] step=142 phase=A_lift_trav face_axis=0 face_sign=+1 face_score=+0.999 surf_dist=0.0993m advance=0.0100m target=(+0.0982,-0.0037,+0.1351) p_ee_des=(+0.0589,-0.1124,+0.0889)
[VFF] step=142 mode=c3 alpha=0.000 v_des=(-0.1410,-0.5177,-0.1111) |v_des|=0.5480 sat=0 util_max=0.059@j3
[AFF] step=142 mode=c3 on=0 a_ff=(+0.0000,+0.0000,+0.0000) |a_ff|=0.0000
[OSC-FORCE] step=142 mode=c3 lam_des=2.000 lam_ext=2.000
[GS] step=142 mode=c3 switch=kStayInC3 best_k=0 best_src=current curr_cost=160703.25 repos_cost=- best_other=198572.68 met_progress=Y steps_since_improve=6 switches=1
[STEP] step=142 mode=c3 t=1.420s ee=(+0.056,-0.121,+0.085) obj=(-0.002,-0.000,+0.050) goal_dist=0.298m switch=kStayInC3 c3_cost=160703.25 lam_n=0.000 lam_t=0.000 contact=N productive=N f_cmd=(+2.00,-0.00,-0.00)
[GATE-EVOLVE] step=142 curr=160703.25 best_other=198572.68 ratio=0.8093 ee_to_optimal=0.1219m phi=0.0448m
[STAGE-A-TRACE] step=142 sim_t=1.420 mode=c3 phi=0.04480 box_xy=-0.00176,-0.00039 lam_n_ee_box=nan qy=-0.00014 qz=-0.01673 finished_repos=0
[DRAKE-CONTACT] step=142 n_pairs=1 ee_box_normal=0.000
[GATE-CONTACT] step=142 F_W=(+0.0000,+0.0000,+0.0000) F_on_box=(-0.0000,-0.0000,-0.0000) n_face_out=(-0.0000,-0.0000,-0.0000) A_is_ee=0 box_q=(+0.99990,-0.00126,-0.00014,-0.01673) box_p=(-0.00176,-0.00039,+0.05013) ee_p=(+0.05577,-0.12113,+0.08516)
[EErel] along_push=-0.056m (neg=correct)  perp=0.125m  ee_to_box=0.137m  stage=2  obj=[-0.002 -0.   ]  g_hat=[-1.     0.002]
[proxy] err=0.286m  effective=[0.188 0.125 0.05 ]
[ADMM-C3+] primal: 5.7576->4.6103  dual: 73.6480->139.8192  mono=False  iters=25/25  rho=25.0
[ADMM-C3+] WARNING non-converged: pr=4.6103 dr=139.8192 tol=1e-03
[C3+] step=497 |u[0]|=42.99Nm u_axis=(+13.40,-20.17,-1.37,+30.00,+0.97,+18.95,-0.53)Nm λ_n_max=0.000 η_n_max=0.677 primal=4.610 iters=25/25 lcp_res_max=nan
[EErel] along_push=-0.056m (neg=correct)  perp=0.125m  ee_to_box=0.137m  stage=2  obj=[-0.002 -0.   ]  g_hat=[-1.     0.002]
[proxy] err=0.286m  effective=[0.188 0.125 0.05 ]
[ADMM-C3+] primal: 5.7576->4.6102  dual: 73.6480->139.8190  mono=False  iters=25/25  rho=25.0
[ADMM-C3+] WARNING non-converged: pr=4.6102 dr=139.8190 tol=1e-03
[C3+] step=502 |u[0]|=29.96Nm u_axis=(-3.97,-26.18,+9.71,-9.40,-0.34,-3.67,-0.53)Nm λ_n_max=0.000 η_n_max=0.677 primal=4.610 iters=25/25 lcp_res_max=nan
[CONTACT-RUN] step=143 nhat_BA_W=[+0.000,+0.000,+0.000] p_BCb=[+0.000,+0.000,+0.000] distance=+1.00000 contact_type=NONE
[X-SEQ-PROBE] step=143 x0_box=(-0.00174,-0.00045,+0.05002) x1_box=(-0.00135,+0.00000,+0.02564) x1_box_v=(+0.00384,+0.00746,-0.48907) dt=0.050
[APPROACH-OVERRIDE] step=143 phase=A_lift_trav face_axis=0 face_sign=+1 face_score=+1.000 surf_dist=0.1037m advance=0.0100m target=(+0.0982,-0.0037,+0.1350) p_ee_des=(+0.0576,-0.1172,+0.0879)
[VFF] step=143 mode=c3 alpha=0.000 v_des=(-0.1380,-0.5038,-0.1058) |v_des|=0.5330 sat=0 util_max=0.051@j3
[AFF] step=143 mode=c3 on=0 a_ff=(+0.0000,+0.0000,+0.0000) |a_ff|=0.0000
[OSC-FORCE] step=143 mode=c3 lam_des=2.000 lam_ext=2.000
[GS] step=143 mode=c3 switch=kStayInC3 best_k=0 best_src=current curr_cost=160141.13 repos_cost=- best_other=197136.57 met_progress=Y steps_since_improve=7 switches=1
[STEP] step=143 mode=c3 t=1.430s ee=(+0.054,-0.126,+0.084) obj=(-0.002,-0.000,+0.050) goal_dist=0.298m switch=kStayInC3 c3_cost=160141.13 lam_n=0.000 lam_t=0.000 contact=N productive=N f_cmd=(+2.00,-0.00,-0.00)
[GATE-EVOLVE] step=143 curr=160141.13 best_other=197136.57 ratio=0.8123 ee_to_optimal=0.1268m phi=0.0493m
[STAGE-A-TRACE] step=143 sim_t=1.430 mode=c3 phi=0.04930 box_xy=-0.00174,-0.00045 lam_n_ee_box=nan qy=-0.00018 qz=-0.01620 finished_repos=0
[DRAKE-CONTACT] step=143 n_pairs=1 ee_box_normal=0.000
[GATE-CONTACT] step=143 F_W=(+0.0000,+0.0000,+0.0000) F_on_box=(-0.0000,-0.0000,-0.0000) n_face_out=(-0.0000,-0.0000,-0.0000) A_is_ee=0 box_q=(+0.99991,-0.00010,-0.00018,-0.01620) box_p=(-0.00174,-0.00045,+0.05002) ee_p=(+0.05447,-0.12592,+0.08430)
[EErel] along_push=-0.055m (neg=correct)  perp=0.130m  ee_to_box=0.141m  stage=2  obj=[-0.002 -0.   ]  g_hat=[-1.     0.002]
[proxy] err=0.294m  effective=[0.188 0.129 0.05 ]
[ADMM-C3+] primal: 6.1219->7.4914  dual: 110.6329->280.9945  mono=False  iters=25/25  rho=25.0
[ADMM-C3+] WARNING non-converged: pr=7.4914 dr=280.9945 tol=1e-03
[C3+] step=503 |u[0]|=43.30Nm u_axis=(+13.39,-20.14,-1.31,+30.00,+0.85,+19.67,-0.51)Nm λ_n_max=1.050 η_n_max=1.266 primal=7.491 iters=25/25 lcp_res_max=nan
[EErel] along_push=-0.055m (neg=correct)  perp=0.130m  ee_to_box=0.141m  stage=2  obj=[-0.002 -0.   ]  g_hat=[-1.     0.002]
[proxy] err=0.294m  effective=[0.188 0.129 0.05 ]
[ADMM-C3+] primal: 6.1219->7.4914  dual: 110.6329->280.9945  mono=False  iters=25/25  rho=25.0
[ADMM-C3+] WARNING non-converged: pr=7.4914 dr=280.9945 tol=1e-03
[C3+] step=508 |u[0]|=29.73Nm u_axis=(-4.06,-25.86,+9.79,-9.45,-0.40,-3.58,-0.53)Nm λ_n_max=1.050 η_n_max=1.266 primal=7.491 iters=25/25 lcp_res_max=nan
[CONTACT-RUN] step=144 nhat_BA_W=[+0.000,+0.000,+0.000] p_BCb=[+0.000,+0.000,+0.000] distance=+1.00000 contact_type=NONE
[X-SEQ-PROBE] step=144 x0_box=(-0.00171,-0.00046,+0.05000) x1_box=(-0.01347,-0.00186,+0.02565) x1_box_v=(-0.23592,-0.02382,-0.48878) dt=0.050
[APPROACH-OVERRIDE] step=144 phase=A_lift_trav face_axis=0 face_sign=+1 face_score=+1.000 surf_dist=0.1078m advance=0.0100m target=(+0.0982,-0.0037,+0.1350) p_ee_des=(+0.0563,-0.1217,+0.0871)
[VFF] step=144 mode=c3 alpha=0.000 v_des=(-0.1370,-0.4913,-0.1010) |v_des|=0.5199 sat=0 util_max=0.045@j3
[AFF] step=144 mode=c3 on=0 a_ff=(+0.0000,+0.0000,+0.0000) |a_ff|=0.0000
[OSC-FORCE] step=144 mode=c3 lam_des=2.000 lam_ext=2.000
[GS] step=144 mode=c3 switch=kStayInC3 best_k=0 best_src=current curr_cost=134282.57 repos_cost=- best_other=174156.87 met_progress=Y steps_since_improve=8 switches=1
[STEP] step=144 mode=c3 t=1.440s ee=(+0.053,-0.131,+0.084) obj=(-0.002,-0.000,+0.050) goal_dist=0.298m switch=kStayInC3 c3_cost=134282.57 lam_n=0.000 lam_t=0.405 contact=N productive=N f_cmd=(+2.00,-0.00,-0.00)
[GATE-EVOLVE] step=144 curr=134282.57 best_other=174156.87 ratio=0.7710 ee_to_optimal=0.1315m phi=0.0537m
[STAGE-A-TRACE] step=144 sim_t=1.440 mode=c3 phi=0.05372 box_xy=-0.00171,-0.00046 lam_n_ee_box=nan qy=+0.00012 qz=-0.01622 finished_repos=0
[DRAKE-CONTACT] step=144 n_pairs=1 ee_box_normal=0.000
[GATE-CONTACT] step=144 F_W=(+0.0000,+0.0000,+0.0000) F_on_box=(-0.0000,-0.0000,-0.0000) n_face_out=(-0.0000,-0.0000,-0.0000) A_is_ee=0 box_q=(+0.99991,-0.00003,+0.00012,-0.01622) box_p=(-0.00171,-0.00046,+0.05000) ee_p=(+0.05320,-0.13050,+0.08351)
[EErel] along_push=-0.054m (neg=correct)  perp=0.134m  ee_to_box=0.145m  stage=2  obj=[-0.002 -0.   ]  g_hat=[-1.     0.002]
[proxy] err=0.302m  effective=[0.187 0.134 0.05 ]
[ADMM-C3+] primal: 6.1351->6.8805  dual: 105.6056->230.6590  mono=False  iters=25/25  rho=25.0
[ADMM-C3+] WARNING non-converged: pr=6.8805 dr=230.6590 tol=1e-03
[C3+] step=509 |u[0]|=43.61Nm u_axis=(+13.37,-20.12,-1.25,+30.00,+0.72,+20.39,-0.49)Nm λ_n_max=1.059 η_n_max=1.286 primal=6.881 iters=25/25 lcp_res_max=nan
[EErel] along_push=-0.054m (neg=correct)  perp=0.134m  ee_to_box=0.145m  stage=2  obj=[-0.002 -0.   ]  g_hat=[-1.     0.002]
[proxy] err=0.302m  effective=[0.187 0.134 0.05 ]
[ADMM-C3+] primal: 6.1351->6.8805  dual: 105.6056->230.6590  mono=False  iters=25/25  rho=25.0
[ADMM-C3+] WARNING non-converged: pr=6.8805 dr=230.6590 tol=1e-03
[C3+] step=514 |u[0]|=29.60Nm u_axis=(-4.08,-25.75,+9.74,-9.42,-0.42,-3.55,-0.52)Nm λ_n_max=1.059 η_n_max=1.286 primal=6.881 iters=25/25 lcp_res_max=nan
[CONTACT-RUN] step=145 nhat_BA_W=[+0.000,+0.000,+0.000] p_BCb=[+0.000,+0.000,+0.000] distance=+1.00000 contact_type=NONE
[X-SEQ-PROBE] step=145 x0_box=(-0.00171,-0.00048,+0.05001) x1_box=(-0.01337,+0.00059,+0.02574) x1_box_v=(-0.22863,+0.02292,-0.48796) dt=0.050
[APPROACH-OVERRIDE] step=145 phase=A_lift_trav face_axis=0 face_sign=+1 face_score=+1.000 surf_dist=0.1118m advance=0.0100m target=(+0.0982,-0.0037,+0.1350) p_ee_des=(+0.0551,-0.1261,+0.0863)
[VFF] step=145 mode=c3 alpha=0.000 v_des=(-0.1347,-0.4810,-0.0971) |v_des|=0.5089 sat=0 util_max=0.039@j3
[AFF] step=145 mode=c3 on=0 a_ff=(+0.0000,+0.0000,+0.0000) |a_ff|=0.0000
[OSC-FORCE] step=145 mode=c3 lam_des=2.000 lam_ext=2.000
[GS] step=145 mode=c3 switch=kStayInC3 best_k=0 best_src=current curr_cost=137626.25 repos_cost=- best_other=177024.20 met_progress=Y steps_since_improve=9 switches=1
[STEP] step=145 mode=c3 t=1.450s ee=(+0.052,-0.135,+0.083) obj=(-0.002,-0.000,+0.050) goal_dist=0.298m switch=kStayInC3 c3_cost=137626.25 lam_n=0.000 lam_t=0.000 contact=N productive=N f_cmd=(+2.00,-0.00,-0.00)
[GATE-EVOLVE] step=145 curr=137626.25 best_other=177024.20 ratio=0.7774 ee_to_optimal=0.1360m phi=0.0580m
[STAGE-A-TRACE] step=145 sim_t=1.450 mode=c3 phi=0.05799 box_xy=-0.00171,-0.00048 lam_n_ee_box=nan qy=+0.00006 qz=-0.01623 finished_repos=0
[DRAKE-CONTACT] step=145 n_pairs=1 ee_box_normal=0.000
[GATE-CONTACT] step=145 F_W=(+0.0000,+0.0000,+0.0000) F_on_box=(-0.0000,-0.0000,-0.0000) n_face_out=(-0.0000,-0.0000,-0.0000) A_is_ee=0 box_q=(+0.99991,+0.00013,+0.00006,-0.01623) box_p=(-0.00171,-0.00048,+0.05001) ee_p=(+0.05196,-0.13490,+0.08277)
[EErel] along_push=-0.053m (neg=correct)  perp=0.139m  ee_to_box=0.148m  stage=2  obj=[-0.002 -0.   ]  g_hat=[-1.     0.002]
[proxy] err=0.310m  effective=[0.186 0.138 0.05 ]
[ADMM-C3+] primal: 6.1333->7.3097  dual: 105.6330->202.9526  mono=False  iters=25/25  rho=25.0
[ADMM-C3+] WARNING non-converged: pr=7.3097 dr=202.9526 tol=1e-03
[C3+] step=515 |u[0]|=43.93Nm u_axis=(+13.35,-20.11,-1.18,+30.00,+0.61,+21.11,-0.47)Nm λ_n_max=1.061 η_n_max=1.286 primal=7.310 iters=25/25 lcp_res_max=nan
[EErel] along_push=-0.053m (neg=correct)  perp=0.139m  ee_to_box=0.148m  stage=2  obj=[-0.002 -0.   ]  g_hat=[-1.     0.002]
[proxy] err=0.310m  effective=[0.186 0.138 0.05 ]
[ADMM-C3+] primal: 6.1333->7.3097  dual: 105.6330->202.9526  mono=False  iters=25/25  rho=25.0
[ADMM-C3+] WARNING non-converged: pr=7.3097 dr=202.9526 tol=1e-03
[C3+] step=520 |u[0]|=29.44Nm u_axis=(-4.12,-25.55,+9.78,-9.41,-0.45,-3.50,-0.52)Nm λ_n_max=1.061 η_n_max=1.286 primal=7.310 iters=25/25 lcp_res_max=nan
[CONTACT-RUN] step=146 nhat_BA_W=[+0.000,+0.000,+0.000] p_BCb=[+0.000,+0.000,+0.000] distance=+1.00000 contact_type=NONE
[X-SEQ-PROBE] step=146 x0_box=(-0.00172,-0.00046,+0.05000) x1_box=(-0.01290,+0.00059,+0.02543) x1_box_v=(-0.22346,+0.02304,-0.49095) dt=0.050
[APPROACH-OVERRIDE] step=146 phase=A_lift_trav face_axis=0 face_sign=+1 face_score=+1.000 surf_dist=0.1158m advance=0.0100m target=(+0.0982,-0.0037,+0.1350) p_ee_des=(+0.0538,-0.1303,+0.0855)
[VFF] step=146 mode=c3 alpha=0.000 v_des=(-0.1334,-0.4714,-0.0933) |v_des|=0.4987 sat=0 util_max=0.034@j3
[AFF] step=146 mode=c3 on=0 a_ff=(+0.0000,+0.0000,+0.0000) |a_ff|=0.0000
[OSC-FORCE] step=146 mode=c3 lam_des=2.000 lam_ext=2.000
[GS] step=146 mode=c3 switch=kStayInC3 best_k=0 best_src=current curr_cost=138927.47 repos_cost=- best_other=178415.12 met_progress=Y steps_since_improve=10 switches=1
[STEP] step=146 mode=c3 t=1.460s ee=(+0.051,-0.139,+0.082) obj=(-0.002,-0.000,+0.050) goal_dist=0.298m switch=kStayInC3 c3_cost=138927.47 lam_n=0.000 lam_t=0.000 contact=N productive=N f_cmd=(+2.00,-0.00,-0.00)
[GATE-EVOLVE] step=146 curr=138927.47 best_other=178415.12 ratio=0.7787 ee_to_optimal=0.1404m phi=0.0622m
[STAGE-A-TRACE] step=146 sim_t=1.460 mode=c3 phi=0.06218 box_xy=-0.00172,-0.00046 lam_n_ee_box=nan qy=+0.00001 qz=-0.01623 finished_repos=0
[DRAKE-CONTACT] step=146 n_pairs=1 ee_box_normal=0.000
[GATE-CONTACT] step=146 F_W=(+0.0000,+0.0000,+0.0000) F_on_box=(-0.0000,-0.0000,-0.0000) n_face_out=(-0.0000,-0.0000,-0.0000) A_is_ee=0 box_q=(+0.99991,+0.00002,+0.00001,-0.01623) box_p=(-0.00172,-0.00046,+0.05000) ee_p=(+0.05074,-0.13914,+0.08209)
[EErel] along_push=-0.051m (neg=correct)  perp=0.143m  ee_to_box=0.152m  stage=2  obj=[-0.002 -0.   ]  g_hat=[-1.     0.002]
[proxy] err=0.199m  effective=[ 0.184 -0.001  0.05 ]
[ADMM-C3+] primal: 5.7235->3.7841  dual: 74.6425->78.0373  mono=False  iters=25/25  rho=25.0
[ADMM-C3+] WARNING non-converged: pr=3.7841 dr=78.0373 tol=1e-03
[C3+] step=521 |u[0]|=41.20Nm u_axis=(+8.64,-23.98,-3.14,+29.66,+1.34,+12.48,-0.58)Nm λ_n_max=0.000 η_n_max=0.792 primal=3.784 iters=25/25 lcp_res_max=nan
[EErel] along_push=-0.051m (neg=correct)  perp=0.143m  ee_to_box=0.152m  stage=2  obj=[-0.002 -0.   ]  g_hat=[-1.     0.002]
[proxy] err=0.199m  effective=[ 0.184 -0.001  0.05 ]
[ADMM-C3+] primal: 5.7235->3.7841  dual: 74.6425->78.0373  mono=False  iters=25/25  rho=25.0
[ADMM-C3+] WARNING non-converged: pr=3.7841 dr=78.0373 tol=1e-03
[C3+] step=526 |u[0]|=29.28Nm u_axis=(-4.14,-25.39,+9.77,-9.38,-0.47,-3.46,-0.51)Nm λ_n_max=0.000 η_n_max=0.792 primal=3.784 iters=25/25 lcp_res_max=nan
[CONTACT-RUN] step=147 nhat_BA_W=[+0.000,+0.000,+0.000] p_BCb=[+0.000,+0.000,+0.000] distance=+1.00000 contact_type=NONE
[X-SEQ-PROBE] step=147 x0_box=(-0.00172,-0.00046,+0.05000) x1_box=(-0.00190,-0.00079,+0.02545) x1_box_v=(-0.00179,-0.00639,-0.49075) dt=0.050
[APPROACH-OVERRIDE] step=147 phase=A_lift_trav face_axis=0 face_sign=+1 face_score=+1.000 surf_dist=0.1196m advance=0.0100m target=(+0.0982,-0.0037,+0.1350) p_ee_des=(+0.0526,-0.1344,+0.0848)
[VFF] step=147 mode=c3 alpha=0.000 v_des=(-0.1319,-0.4631,-0.0899) |v_des|=0.4898 sat=0 util_max=0.030@j3
[AFF] step=147 mode=c3 on=0 a_ff=(+0.0000,+0.0000,+0.0000) |a_ff|=0.0000
[OSC-FORCE] step=147 mode=c3 lam_des=2.000 lam_ext=2.000
[GS] step=147 mode=c3 switch=kStayInC3 best_k=0 best_src=current curr_cost=155917.03 repos_cost=- best_other=193896.51 met_progress=Y steps_since_improve=11 switches=1
[STEP] step=147 mode=c3 t=1.470s ee=(+0.050,-0.143,+0.081) obj=(-0.002,-0.000,+0.050) goal_dist=0.298m switch=kStayInC3 c3_cost=155917.03 lam_n=0.000 lam_t=0.000 contact=N productive=N f_cmd=(+2.00,-0.00,-0.00)
[GATE-EVOLVE] step=147 curr=155917.03 best_other=193896.51 ratio=0.8041 ee_to_optimal=0.1446m phi=0.0662m
[STAGE-A-TRACE] step=147 sim_t=1.470 mode=c3 phi=0.06623 box_xy=-0.00172,-0.00046 lam_n_ee_box=nan qy=-0.00001 qz=-0.01623 finished_repos=0
[DRAKE-CONTACT] step=147 n_pairs=1 ee_box_normal=0.000
[GATE-CONTACT] step=147 F_W=(+0.0000,+0.0000,+0.0000) F_on_box=(-0.0000,-0.0000,-0.0000) n_face_out=(-0.0000,-0.0000,-0.0000) A_is_ee=0 box_q=(+0.99991,+0.00001,-0.00001,-0.01623) box_p=(-0.00172,-0.00046,+0.05000) ee_p=(+0.04953,-0.14325,+0.08144)
[EErel] along_push=-0.050m (neg=correct)  perp=0.147m  ee_to_box=0.155m  stage=2  obj=[-0.002 -0.   ]  g_hat=[-1.     0.002]
[proxy] err=0.202m  effective=[ 0.184 -0.001  0.05 ]
[ADMM-C3+] primal: 5.7295->3.7858  dual: 74.9246->78.1982  mono=False  iters=25/25  rho=25.0
[ADMM-C3+] WARNING non-converged: pr=3.7858 dr=78.1982 tol=1e-03
[C3+] step=527 |u[0]|=41.09Nm u_axis=(+8.52,-24.05,-3.13,+29.31,+1.25,+12.91,-0.57)Nm λ_n_max=0.000 η_n_max=0.787 primal=3.786 iters=25/25 lcp_res_max=nan
[EErel] along_push=-0.050m (neg=correct)  perp=0.147m  ee_to_box=0.155m  stage=2  obj=[-0.002 -0.   ]  g_hat=[-1.     0.002]
[proxy] err=0.202m  effective=[ 0.184 -0.001  0.05 ]
[ADMM-C3+] primal: 5.7295->3.7858  dual: 74.9246->78.1982  mono=False  iters=25/25  rho=25.0
[ADMM-C3+] WARNING non-converged: pr=3.7858 dr=78.1982 tol=1e-03
[C3+] step=532 |u[0]|=29.13Nm u_axis=(-4.16,-25.21,+9.79,-9.35,-0.49,-3.42,-0.51)Nm λ_n_max=0.000 η_n_max=0.787 primal=3.786 iters=25/25 lcp_res_max=nan
[CONTACT-RUN] step=148 nhat_BA_W=[+0.000,+0.000,+0.000] p_BCb=[+0.000,+0.000,+0.000] distance=+1.00000 contact_type=NONE
[X-SEQ-PROBE] step=148 x0_box=(-0.00173,-0.00047,+0.04999) x1_box=(-0.00214,-0.00079,+0.02538) x1_box_v=(-0.00418,-0.00639,-0.49134) dt=0.050
[APPROACH-OVERRIDE] step=148 phase=A_lift_trav face_axis=0 face_sign=+1 face_score=+1.000 surf_dist=0.1234m advance=0.0100m target=(+0.0982,-0.0037,+0.1350) p_ee_des=(+0.0514,-0.1383,+0.0842)
[VFF] step=148 mode=c3 alpha=0.000 v_des=(-0.1305,-0.4554,-0.0867) |v_des|=0.4816 sat=0 util_max=0.027@j3
[AFF] step=148 mode=c3 on=0 a_ff=(+0.0000,+0.0000,+0.0000) |a_ff|=0.0000
[OSC-FORCE] step=148 mode=c3 lam_des=2.000 lam_ext=2.000
[GS] step=148 mode=c3 switch=kStayInC3 best_k=0 best_src=current curr_cost=155169.22 repos_cost=- best_other=193002.67 met_progress=Y steps_since_improve=12 switches=1
[STEP] step=148 mode=c3 t=1.480s ee=(+0.048,-0.147,+0.081) obj=(-0.002,-0.000,+0.050) goal_dist=0.298m switch=kStayInC3 c3_cost=155169.22 lam_n=0.000 lam_t=0.000 contact=N productive=N f_cmd=(+2.00,-0.00,-0.00)
[GATE-EVOLVE] step=148 curr=155169.22 best_other=193002.67 ratio=0.8040 ee_to_optimal=0.1487m phi=0.0702m
[STAGE-A-TRACE] step=148 sim_t=1.480 mode=c3 phi=0.07018 box_xy=-0.00173,-0.00047 lam_n_ee_box=nan qy=-0.00006 qz=-0.01624 finished_repos=0
[DRAKE-CONTACT] step=148 n_pairs=1 ee_box_normal=0.000
[GATE-CONTACT] step=148 F_W=(+0.0000,+0.0000,+0.0000) F_on_box=(-0.0000,-0.0000,-0.0000) n_face_out=(-0.0000,-0.0000,-0.0000) A_is_ee=0 box_q=(+0.99991,+0.00006,-0.00006,-0.01624) box_p=(-0.00173,-0.00047,+0.04999) ee_p=(+0.04835,-0.14723,+0.08083)
[EErel] along_push=-0.049m (neg=correct)  perp=0.151m  ee_to_box=0.158m  stage=2  obj=[-0.002 -0.   ]  g_hat=[-1.     0.002]
[proxy] err=0.205m  effective=[ 0.183 -0.001  0.05 ]
[ADMM-C3+] primal: 5.7295->3.7903  dual: 74.7278->78.2097  mono=False  iters=25/25  rho=25.0
[ADMM-C3+] WARNING non-converged: pr=3.7903 dr=78.2097 tol=1e-03
[C3+] step=533 |u[0]|=41.01Nm u_axis=(+8.39,-24.12,-3.12,+29.00,+1.15,+13.34,-0.56)Nm λ_n_max=0.000 η_n_max=0.782 primal=3.790 iters=25/25 lcp_res_max=nan
[EErel] along_push=-0.049m (neg=correct)  perp=0.151m  ee_to_box=0.158m  stage=2  obj=[-0.002 -0.   ]  g_hat=[-1.     0.002]
[proxy] err=0.205m  effective=[ 0.183 -0.001  0.05 ]
[ADMM-C3+] primal: 5.7295->3.7903  dual: 74.7278->78.2097  mono=False  iters=25/25  rho=25.0
[ADMM-C3+] WARNING non-converged: pr=3.7903 dr=78.2097 tol=1e-03
[C3+] step=538 |u[0]|=28.97Nm u_axis=(-4.17,-25.04,+9.80,-9.32,-0.51,-3.38,-0.50)Nm λ_n_max=0.000 η_n_max=0.782 primal=3.790 iters=25/25 lcp_res_max=nan
[CONTACT-RUN] step=149 nhat_BA_W=[+0.000,+0.000,+0.000] p_BCb=[+0.000,+0.000,+0.000] distance=+1.00000 contact_type=NONE
[X-SEQ-PROBE] step=149 x0_box=(-0.00172,-0.00046,+0.05000) x1_box=(-0.00197,-0.00083,+0.02552) x1_box_v=(-0.00248,-0.00649,-0.48998) dt=0.050
[APPROACH-OVERRIDE] step=149 phase=A_lift_trav face_axis=0 face_sign=+1 face_score=+1.000 surf_dist=0.1271m advance=0.0100m target=(+0.0982,-0.0037,+0.1350) p_ee_des=(+0.0503,-0.1422,+0.0836)
[VFF] step=149 mode=c3 alpha=0.000 v_des=(-0.1292,-0.4484,-0.0838) |v_des|=0.4741 sat=0 util_max=0.024@j3
[AFF] step=149 mode=c3 on=0 a_ff=(+0.0000,+0.0000,+0.0000) |a_ff|=0.0000
[OSC-FORCE] step=149 mode=c3 lam_des=2.000 lam_ext=2.000
[GS] step=149 mode=c3 switch=kStayInC3 best_k=0 best_src=current curr_cost=155822.29 repos_cost=- best_other=193739.63 met_progress=Y steps_since_improve=13 switches=1
[STEP] step=149 mode=c3 t=1.490s ee=(+0.047,-0.151,+0.080) obj=(-0.002,-0.000,+0.050) goal_dist=0.298m switch=kStayInC3 c3_cost=155822.29 lam_n=0.000 lam_t=0.000 contact=N productive=N f_cmd=(+2.00,-0.00,-0.00)
[GATE-EVOLVE] step=149 curr=155822.29 best_other=193739.63 ratio=0.8043 ee_to_optimal=0.1528m phi=0.0740m
[STAGE-A-TRACE] step=149 sim_t=1.490 mode=c3 phi=0.07405 box_xy=-0.00172,-0.00046 lam_n_ee_box=nan qy=-0.00000 qz=-0.01624 finished_repos=0
[DRAKE-CONTACT] step=149 n_pairs=1 ee_box_normal=0.000
[GATE-CONTACT] step=149 F_W=(+0.0000,+0.0000,+0.0000) F_on_box=(-0.0000,-0.0000,-0.0000) n_face_out=(-0.0000,-0.0000,-0.0000) A_is_ee=0 box_q=(+0.99991,+0.00002,-0.00000,-0.01624) box_p=(-0.00172,-0.00046,+0.05000) ee_p=(+0.04718,-0.15111,+0.08026)
[PERSIST] step=150 refresh n_strategy=3 samples=[(-0.054, -0.0788, 0.03), (-0.0802, 0.0488, 0.03), (0.0186, -0.0812, 0.03)]
[EErel] along_push=-0.048m (neg=correct)  perp=0.154m  ee_to_box=0.162m  stage=2  obj=[-0.002 -0.   ]  g_hat=[-1.     0.002]
[proxy] err=0.208m  effective=[ 0.182 -0.001  0.05 ]
[ADMM-C3+] primal: 5.7645->4.6243  dual: 74.4418->141.3903  mono=False  iters=25/25  rho=25.0
[ADMM-C3+] WARNING non-converged: pr=4.6243 dr=141.3903 tol=1e-03
[C3+] step=539 |u[0]|=40.96Nm u_axis=(+8.26,-24.20,-3.11,+28.70,+1.07,+13.76,-0.54)Nm λ_n_max=0.000 η_n_max=0.664 primal=4.624 iters=25/25 lcp_res_max=nan
[EErel] along_push=-0.048m (neg=correct)  perp=0.154m  ee_to_box=0.162m  stage=2  obj=[-0.002 -0.   ]  g_hat=[-1.     0.002]
[proxy] err=0.208m  effective=[ 0.182 -0.001  0.05 ]
[ADMM-C3+] primal: 5.7645->4.6243  dual: 74.4418->141.3903  mono=False  iters=25/25  rho=25.0
[ADMM-C3+] WARNING non-converged: pr=4.6243 dr=141.3903 tol=1e-03
[C3+] step=544 |u[0]|=28.80Nm u_axis=(-4.19,-24.86,+9.81,-9.27,-0.53,-3.35,-0.50)Nm λ_n_max=0.000 η_n_max=0.664 primal=4.624 iters=25/25 lcp_res_max=nan
[CONTACT-RUN] step=150 nhat_BA_W=[+0.000,+0.000,+0.000] p_BCb=[+0.000,+0.000,+0.000] distance=+1.00000 contact_type=NONE
[X-SEQ-PROBE] step=150 x0_box=(-0.00172,-0.00046,+0.05000) x1_box=(-0.00207,-0.00010,+0.02534) x1_box_v=(-0.00350,+0.00726,-0.49181) dt=0.050
[APPROACH-OVERRIDE] step=150 phase=A_lift_trav face_axis=0 face_sign=+1 face_score=+1.000 surf_dist=0.1307m advance=0.0100m target=(+0.0982,-0.0037,+0.1350) p_ee_des=(+0.0491,-0.1460,+0.0830)
[VFF] step=150 mode=c3 alpha=0.000 v_des=(-0.1279,-0.4420,-0.0810) |v_des|=0.4672 sat=0 util_max=0.022@j3
[AFF] step=150 mode=c3 on=0 a_ff=(+0.0000,+0.0000,+0.0000) |a_ff|=0.0000
[OSC-FORCE] step=150 mode=c3 lam_des=2.000 lam_ext=2.000
[IMP] step=150 mode=c3 |x_err|=0.0100m |tau_imp|=2.27Nm |tau_ff|=0.89Nm |tau_out|=2.27Nm sat=False lam_n=True lam_t=True
[GS] step=150 mode=c3 switch=kStayInC3 best_k=0 best_src=current curr_cost=155562.94 repos_cost=- best_other=194705.22 met_progress=Y steps_since_improve=14 switches=1
[STEP] step=150 mode=c3 t=1.500s ee=(+0.046,-0.155,+0.080) obj=(-0.002,-0.000,+0.050) goal_dist=0.298m switch=kStayInC3 c3_cost=155562.94 lam_n=0.000 lam_t=0.000 contact=N productive=N f_cmd=(+2.00,-0.00,-0.00)
[GATE-EVOLVE] step=150 curr=155562.94 best_other=194705.22 ratio=0.7990 ee_to_optimal=0.1567m phi=0.0778m
[STAGE-A-TRACE] step=150 sim_t=1.500 mode=c3 phi=0.07784 box_xy=-0.00172,-0.00046 lam_n_ee_box=nan qy=-0.00002 qz=-0.01624 finished_repos=0
[DRAKE-CONTACT] step=150 n_pairs=1 ee_box_normal=0.000
[GATE-CONTACT] step=150 F_W=(+0.0000,+0.0000,+0.0000) F_on_box=(-0.0000,-0.0000,-0.0000) n_face_out=(-0.0000,-0.0000,-0.0000) A_is_ee=0 box_q=(+0.99991,-0.00003,-0.00002,-0.01624) box_p=(-0.00172,-0.00046,+0.05000) ee_p=(+0.04603,-0.15489,+0.07971)
[EErel] along_push=-0.047m (neg=correct)  perp=0.158m  ee_to_box=0.165m  stage=2  obj=[-0.002 -0.   ]  g_hat=[-1.     0.002]
[proxy] err=0.210m  effective=[ 0.181 -0.001  0.05 ]
[ADMM-C3+] primal: 5.7192->3.7788  dual: 74.7011->77.8852  mono=False  iters=25/25  rho=25.0
[ADMM-C3+] WARNING non-converged: pr=3.7788 dr=77.8852 tol=1e-03
[C3+] step=545 |u[0]|=40.94Nm u_axis=(+8.11,-24.30,-3.09,+28.42,+0.99,+14.18,-0.53)Nm λ_n_max=0.000 η_n_max=0.793 primal=3.779 iters=25/25 lcp_res_max=nan
[EErel] along_push=-0.047m (neg=correct)  perp=0.158m  ee_to_box=0.165m  stage=2  obj=[-0.002 -0.   ]  g_hat=[-1.     0.002]
[proxy] err=0.210m  effective=[ 0.181 -0.001  0.05 ]
[ADMM-C3+] primal: 5.7192->3.7788  dual: 74.7011->77.8852  mono=False  iters=25/25  rho=25.0
[ADMM-C3+] WARNING non-converged: pr=3.7788 dr=77.8852 tol=1e-03
[C3+] step=550 |u[0]|=28.63Nm u_axis=(-4.20,-24.68,+9.81,-9.23,-0.55,-3.31,-0.50)Nm λ_n_max=0.000 η_n_max=0.793 primal=3.779 iters=25/25 lcp_res_max=nan
[CONTACT-RUN] step=151 nhat_BA_W=[+0.000,+0.000,+0.000] p_BCb=[+0.000,+0.000,+0.000] distance=+1.00000 contact_type=NONE
[X-SEQ-PROBE] step=151 x0_box=(-0.00172,-0.00046,+0.04999) x1_box=(-0.00198,-0.00070,+0.02531) x1_box_v=(-0.00260,-0.00617,-0.49207) dt=0.050
[APPROACH-OVERRIDE] step=151 phase=A_lift_trav face_axis=0 face_sign=+1 face_score=+1.000 surf_dist=0.1342m advance=0.0100m target=(+0.0982,-0.0037,+0.1350) p_ee_des=(+0.0480,-0.1496,+0.0824)
[VFF] step=151 mode=c3 alpha=0.000 v_des=(-0.1267,-0.4360,-0.0784) |v_des|=0.4607 sat=0 util_max=0.020@j3
[AFF] step=151 mode=c3 on=0 a_ff=(+0.0000,+0.0000,+0.0000) |a_ff|=0.0000
[OSC-FORCE] step=151 mode=c3 lam_des=2.000 lam_ext=2.000
[GS] step=151 mode=c3 switch=kStayInC3 best_k=0 best_src=current curr_cost=155913.31 repos_cost=- best_other=193604.88 met_progress=Y steps_since_improve=15 switches=1
[STEP] step=151 mode=c3 t=1.510s ee=(+0.045,-0.159,+0.079) obj=(-0.002,-0.000,+0.050) goal_dist=0.298m switch=kStayInC3 c3_cost=155913.31 lam_n=0.000 lam_t=0.000 contact=N productive=N f_cmd=(+2.00,-0.00,-0.00)
[GATE-EVOLVE] step=151 curr=155913.31 best_other=193604.88 ratio=0.8053 ee_to_optimal=0.1605m phi=0.0815m
[STAGE-A-TRACE] step=151 sim_t=1.510 mode=c3 phi=0.08155 box_xy=-0.00172,-0.00046 lam_n_ee_box=nan qy=-0.00005 qz=-0.01624 finished_repos=0
[EXEC-T2] step=150 t=1.50s u_task=[0.78, 0.73, 0.15, 1.78, 0.08, 0.08, -0.01] tau_g=[0.0, -22.93, 8.81, 7.61, -0.14, 1.21, -0.0] total_plant=[0.78, -22.21, 8.96, 9.38, -0.05, 1.29, -0.01] cap=[87.0, 87.0, 87.0, 87.0, 12.0, 12.0, 12.0] task_over=0 plant_over=0 plant_over_joints=[] worst_j=5 worst_headroom_Nm=+10.71
  t=1.50s | ee=(0.045, -0.159, 0.079) | obj=(-0.002, -0.000, 0.050) | |u|=2.08 Nm | goal_dist=0.298 m
[DRAKE-CONTACT] step=151 n_pairs=1 ee_box_normal=0.000
[GATE-CONTACT] step=151 F_W=(+0.0000,+0.0000,+0.0000) F_on_box=(-0.0000,-0.0000,-0.0000) n_face_out=(-0.0000,-0.0000,-0.0000) A_is_ee=0 box_q=(+0.99991,+0.00000,-0.00005,-0.01624) box_p=(-0.00172,-0.00046,+0.04999) ee_p=(+0.04489,-0.15860,+0.07919)
[EErel] along_push=-0.046m (neg=correct)  perp=0.162m  ee_to_box=0.168m  stage=2  obj=[-0.002 -0.   ]  g_hat=[-1.     0.002]
[proxy] err=0.213m  effective=[ 0.18  -0.001  0.05 ]
[ADMM-C3+] primal: 5.7243->3.7828  dual: 74.7901->78.0519  mono=False  iters=25/25  rho=25.0
[ADMM-C3+] WARNING non-converged: pr=3.7828 dr=78.0519 tol=1e-03
[C3+] step=551 |u[0]|=40.94Nm u_axis=(+7.96,-24.41,-3.08,+28.16,+0.90,+14.59,-0.52)Nm λ_n_max=0.000 η_n_max=0.790 primal=3.783 iters=25/25 lcp_res_max=nan
[EErel] along_push=-0.046m (neg=correct)  perp=0.162m  ee_to_box=0.168m  stage=2  obj=[-0.002 -0.   ]  g_hat=[-1.     0.002]
[proxy] err=0.213m  effective=[ 0.18  -0.001  0.05 ]
[ADMM-C3+] primal: 5.7243->3.7828  dual: 74.7901->78.0519  mono=False  iters=25/25  rho=25.0
[ADMM-C3+] WARNING non-converged: pr=3.7828 dr=78.0519 tol=1e-03
[C3+] step=556 |u[0]|=28.46Nm u_axis=(-4.21,-24.50,+9.81,-9.18,-0.57,-3.28,-0.49)Nm λ_n_max=0.000 η_n_max=0.790 primal=3.783 iters=25/25 lcp_res_max=nan
[CONTACT-RUN] step=152 nhat_BA_W=[+0.000,+0.000,+0.000] p_BCb=[+0.000,+0.000,+0.000] distance=+1.00000 contact_type=NONE
[X-SEQ-PROBE] step=152 x0_box=(-0.00173,-0.00046,+0.04999) x1_box=(-0.00204,-0.00075,+0.02530) x1_box_v=(-0.00314,-0.00629,-0.49213) dt=0.050
[APPROACH-OVERRIDE] step=152 phase=A_lift_trav face_axis=0 face_sign=+1 face_score=+1.000 surf_dist=0.1377m advance=0.0100m target=(+0.0982,-0.0037,+0.1350) p_ee_des=(+0.0468,-0.1533,+0.0819)
[VFF] step=152 mode=c3 alpha=0.000 v_des=(-0.1255,-0.4304,-0.0758) |v_des|=0.4547 sat=0 util_max=0.019@j3
[AFF] step=152 mode=c3 on=0 a_ff=(+0.0000,+0.0000,+0.0000) |a_ff|=0.0000
[OSC-FORCE] step=152 mode=c3 lam_des=2.000 lam_ext=2.000
[GS] step=152 mode=c3 switch=kStayInC3 best_k=0 best_src=current curr_cost=155787.16 repos_cost=- best_other=193392.56 met_progress=Y steps_since_improve=16 switches=1
[STEP] step=152 mode=c3 t=1.520s ee=(+0.044,-0.162,+0.079) obj=(-0.002,-0.000,+0.050) goal_dist=0.298m switch=kStayInC3 c3_cost=155787.16 lam_n=0.000 lam_t=0.000 contact=N productive=N f_cmd=(+2.00,-0.00,-0.00)
[GATE-EVOLVE] step=152 curr=155787.16 best_other=193392.56 ratio=0.8055 ee_to_optimal=0.1643m phi=0.0852m
[STAGE-A-TRACE] step=152 sim_t=1.520 mode=c3 phi=0.08519 box_xy=-0.00173,-0.00046 lam_n_ee_box=nan qy=-0.00005 qz=-0.01624 finished_repos=0
[DRAKE-CONTACT] step=152 n_pairs=1 ee_box_normal=0.000
[GATE-CONTACT] step=152 F_W=(+0.0000,+0.0000,+0.0000) F_on_box=(-0.0000,-0.0000,-0.0000) n_face_out=(-0.0000,-0.0000,-0.0000) A_is_ee=0 box_q=(+0.99991,+0.00001,-0.00005,-0.01624) box_p=(-0.00173,-0.00046,+0.04999) ee_p=(+0.04377,-0.16222,+0.07869)
[EErel] along_push=-0.045m (neg=correct)  perp=0.165m  ee_to_box=0.171m  stage=2  obj=[-0.002 -0.   ]  g_hat=[-1.     0.002]
[proxy] err=0.216m  effective=[ 0.179 -0.001  0.05 ]
[ADMM-C3+] primal: 6.1350->6.8878  dual: 106.5195->232.3411  mono=False  iters=25/25  rho=25.0
[ADMM-C3+] WARNING non-converged: pr=6.8878 dr=232.3411 tol=1e-03
[C3+] step=557 |u[0]|=40.95Nm u_axis=(+7.80,-24.52,-3.06,+27.91,+0.82,+15.00,-0.51)Nm λ_n_max=1.060 η_n_max=1.286 primal=6.888 iters=25/25 lcp_res_max=nan
[EErel] along_push=-0.045m (neg=correct)  perp=0.165m  ee_to_box=0.171m  stage=2  obj=[-0.002 -0.   ]  g_hat=[-1.     0.002]
[proxy] err=0.216m  effective=[ 0.179 -0.001  0.05 ]
[ADMM-C3+] primal: 6.1350->6.8878  dual: 106.5195->232.3411  mono=False  iters=25/25  rho=25.0
[ADMM-C3+] WARNING non-converged: pr=6.8878 dr=232.3411 tol=1e-03
[C3+] step=562 |u[0]|=28.29Nm u_axis=(-4.21,-24.32,+9.82,-9.13,-0.59,-3.24,-0.49)Nm λ_n_max=1.060 η_n_max=1.286 primal=6.888 iters=25/25 lcp_res_max=nan
[CONTACT-RUN] step=153 nhat_BA_W=[+0.000,+0.000,+0.000] p_BCb=[+0.000,+0.000,+0.000] distance=+1.00000 contact_type=NONE
[X-SEQ-PROBE] step=153 x0_box=(-0.00172,-0.00047,+0.04999) x1_box=(-0.01287,+0.00049,+0.02525) x1_box_v=(-0.22210,+0.02296,-0.49273) dt=0.050
[APPROACH-OVERRIDE] step=153 phase=A_lift_trav face_axis=0 face_sign=+1 face_score=+1.000 surf_dist=0.1412m advance=0.0100m target=(+0.0982,-0.0037,+0.1350) p_ee_des=(+0.0457,-0.1568,+0.0814)
[VFF] step=153 mode=c3 alpha=0.000 v_des=(-0.1243,-0.4251,-0.0734) |v_des|=0.4489 sat=0 util_max=0.018@j3
[AFF] step=153 mode=c3 on=0 a_ff=(+0.0000,+0.0000,+0.0000) |a_ff|=0.0000
[OSC-FORCE] step=153 mode=c3 lam_des=2.000 lam_ext=2.000
[GS] step=153 mode=c3 switch=kStayInC3 best_k=0 best_src=current curr_cost=135994.87 repos_cost=- best_other=177875.45 met_progress=Y steps_since_improve=17 switches=1
[STEP] step=153 mode=c3 t=1.530s ee=(+0.043,-0.166,+0.078) obj=(-0.002,-0.000,+0.050) goal_dist=0.298m switch=kStayInC3 c3_cost=135994.87 lam_n=0.000 lam_t=0.000 contact=N productive=N f_cmd=(+2.00,-0.00,-0.00)
[GATE-EVOLVE] step=153 curr=135994.87 best_other=177875.45 ratio=0.7646 ee_to_optimal=0.1680m phi=0.0888m
[STAGE-A-TRACE] step=153 sim_t=1.530 mode=c3 phi=0.08877 box_xy=-0.00172,-0.00047 lam_n_ee_box=nan qy=+0.00002 qz=-0.01625 finished_repos=0
[DRAKE-CONTACT] step=153 n_pairs=1 ee_box_normal=0.000
[GATE-CONTACT] step=153 F_W=(+0.0000,+0.0000,+0.0000) F_on_box=(-0.0000,-0.0000,-0.0000) n_face_out=(-0.0000,-0.0000,-0.0000) A_is_ee=0 box_q=(+0.99991,+0.00007,+0.00002,-0.01625) box_p=(-0.00172,-0.00047,+0.04999) ee_p=(+0.04266,-0.16577,+0.07821)
[EErel] along_push=-0.044m (neg=correct)  perp=0.169m  ee_to_box=0.174m  stage=2  obj=[-0.002 -0.   ]  g_hat=[-1.     0.002]
[proxy] err=0.219m  effective=[ 0.178 -0.001  0.05 ]
[ADMM-C3+] primal: 6.1330->7.3172  dual: 104.1915->200.8777  mono=False  iters=25/25  rho=25.0
[ADMM-C3+] WARNING non-converged: pr=7.3172 dr=200.8777 tol=1e-03
[C3+] step=563 |u[0]|=40.97Nm u_axis=(+7.65,-24.64,-3.04,+27.67,+0.74,+15.40,-0.50)Nm λ_n_max=1.064 η_n_max=1.286 primal=7.317 iters=25/25 lcp_res_max=nan
[EErel] along_push=-0.044m (neg=correct)  perp=0.169m  ee_to_box=0.174m  stage=2  obj=[-0.002 -0.   ]  g_hat=[-1.     0.002]
[proxy] err=0.219m  effective=[ 0.178 -0.001  0.05 ]
[ADMM-C3+] primal: 6.1330->7.3172  dual: 104.1915->200.8777  mono=False  iters=25/25  rho=25.0
[ADMM-C3+] WARNING non-converged: pr=7.3172 dr=200.8777 tol=1e-03
[C3+] step=568 |u[0]|=28.11Nm u_axis=(-4.22,-24.14,+9.82,-9.08,-0.60,-3.21,-0.49)Nm λ_n_max=1.064 η_n_max=1.286 primal=7.317 iters=25/25 lcp_res_max=nan
[CONTACT-RUN] step=154 nhat_BA_W=[+0.000,+0.000,+0.000] p_BCb=[+0.000,+0.000,+0.000] distance=+1.00000 contact_type=NONE
[X-SEQ-PROBE] step=154 x0_box=(-0.00172,-0.00046,+0.04999) x1_box=(-0.01273,+0.00075,+0.02535) x1_box_v=(-0.22288,+0.02322,-0.49168) dt=0.050
[APPROACH-OVERRIDE] step=154 phase=A_lift_trav face_axis=0 face_sign=+1 face_score=+1.000 surf_dist=0.1446m advance=0.0100m target=(+0.0982,-0.0037,+0.1350) p_ee_des=(+0.0446,-0.1603,+0.0809)
[VFF] step=154 mode=c3 alpha=0.000 v_des=(-0.1231,-0.4200,-0.0711) |v_des|=0.4434 sat=0 util_max=0.017@j3
[AFF] step=154 mode=c3 on=0 a_ff=(+0.0000,+0.0000,+0.0000) |a_ff|=0.0000
[OSC-FORCE] step=154 mode=c3 lam_des=2.000 lam_ext=2.000
[GS] step=154 mode=c3 switch=kStayInC3 best_k=0 best_src=current curr_cost=138026.21 repos_cost=- best_other=180114.43 met_progress=Y steps_since_improve=18 switches=1
[STEP] step=154 mode=c3 t=1.540s ee=(+0.042,-0.169,+0.078) obj=(-0.002,-0.000,+0.050) goal_dist=0.298m switch=kStayInC3 c3_cost=138026.21 lam_n=0.000 lam_t=0.000 contact=N productive=N f_cmd=(+2.00,-0.00,-0.00)
[GATE-EVOLVE] step=154 curr=138026.21 best_other=180114.43 ratio=0.7663 ee_to_optimal=0.1716m phi=0.0923m
[STAGE-A-TRACE] step=154 sim_t=1.540 mode=c3 phi=0.09230 box_xy=-0.00172,-0.00046 lam_n_ee_box=nan qy=+0.00005 qz=-0.01625 finished_repos=0
[DRAKE-CONTACT] step=154 n_pairs=1 ee_box_normal=0.000
[GATE-CONTACT] step=154 F_W=(+0.0000,+0.0000,+0.0000) F_on_box=(-0.0000,-0.0000,-0.0000) n_face_out=(-0.0000,-0.0000,-0.0000) A_is_ee=0 box_q=(+0.99991,+0.00001,+0.00005,-0.01625) box_p=(-0.00172,-0.00046,+0.04999) ee_p=(+0.04156,-0.16926,+0.07776)
[EErel] along_push=-0.042m (neg=correct)  perp=0.172m  ee_to_box=0.177m  stage=2  obj=[-0.002 -0.   ]  g_hat=[-1.     0.002]
[proxy] err=0.222m  effective=[ 0.178 -0.001  0.05 ]
[ADMM-C3+] primal: 6.1325->7.3173  dual: 104.6361->200.7596  mono=False  iters=25/25  rho=25.0
[ADMM-C3+] WARNING non-converged: pr=7.3173 dr=200.7596 tol=1e-03
[C3+] step=569 |u[0]|=41.00Nm u_axis=(+7.49,-24.76,-3.03,+27.44,+0.66,+15.79,-0.49)Nm λ_n_max=1.064 η_n_max=1.286 primal=7.317 iters=25/25 lcp_res_max=nan
[EErel] along_push=-0.042m (neg=correct)  perp=0.172m  ee_to_box=0.177m  stage=2  obj=[-0.002 -0.   ]  g_hat=[-1.     0.002]
[proxy] err=0.222m  effective=[ 0.178 -0.001  0.05 ]
[ADMM-C3+] primal: 6.1325->7.3173  dual: 104.6361->200.7596  mono=False  iters=25/25  rho=25.0
[ADMM-C3+] WARNING non-converged: pr=7.3173 dr=200.7596 tol=1e-03
[C3+] step=574 |u[0]|=27.93Nm u_axis=(-4.22,-23.96,+9.82,-9.02,-0.62,-3.18,-0.48)Nm λ_n_max=1.064 η_n_max=1.286 primal=7.317 iters=25/25 lcp_res_max=nan
[CONTACT-RUN] step=155 nhat_BA_W=[+0.000,+0.000,+0.000] p_BCb=[+0.000,+0.000,+0.000] distance=+1.00000 contact_type=NONE
[X-SEQ-PROBE] step=155 x0_box=(-0.00172,-0.00046,+0.04999) x1_box=(-0.01267,+0.00070,+0.02533) x1_box_v=(-0.22166,+0.02319,-0.49189) dt=0.050
[APPROACH-OVERRIDE] step=155 phase=A_lift_trav face_axis=0 face_sign=+1 face_score=+1.000 surf_dist=0.1479m advance=0.0100m target=(+0.0982,-0.0037,+0.1350) p_ee_des=(+0.0436,-0.1637,+0.0804)
[VFF] step=155 mode=c3 alpha=0.000 v_des=(-0.1218,-0.4152,-0.0689) |v_des|=0.4381 sat=0 util_max=0.016@j3
[AFF] step=155 mode=c3 on=0 a_ff=(+0.0000,+0.0000,+0.0000) |a_ff|=0.0000
[OSC-FORCE] step=155 mode=c3 lam_des=2.000 lam_ext=2.000
[GS] step=155 mode=c3 switch=kStayInC3 best_k=0 best_src=current curr_cost=137904.89 repos_cost=- best_other=179858.06 met_progress=Y steps_since_improve=19 switches=1
[STEP] step=155 mode=c3 t=1.550s ee=(+0.040,-0.173,+0.077) obj=(-0.002,-0.000,+0.050) goal_dist=0.298m switch=kStayInC3 c3_cost=137904.89 lam_n=0.000 lam_t=0.000 contact=N productive=N f_cmd=(+2.00,-0.00,-0.00)
[GATE-EVOLVE] step=155 curr=137904.89 best_other=179858.06 ratio=0.7667 ee_to_optimal=0.1752m phi=0.0958m
[STAGE-A-TRACE] step=155 sim_t=1.550 mode=c3 phi=0.09576 box_xy=-0.00172,-0.00046 lam_n_ee_box=nan qy=+0.00004 qz=-0.01625 finished_repos=0
[DRAKE-CONTACT] step=155 n_pairs=1 ee_box_normal=0.000
[GATE-CONTACT] step=155 F_W=(+0.0000,+0.0000,+0.0000) F_on_box=(-0.0000,-0.0000,-0.0000) n_face_out=(-0.0000,-0.0000,-0.0000) A_is_ee=0 box_q=(+0.99991,+0.00001,+0.00004,-0.01625) box_p=(-0.00172,-0.00046,+0.04999) ee_p=(+0.04048,-0.17268,+0.07732)
[EErel] along_push=-0.041m (neg=correct)  perp=0.176m  ee_to_box=0.180m  stage=2  obj=[-0.002 -0.   ]  g_hat=[-1.     0.002]
[proxy] err=0.224m  effective=[ 0.177 -0.001  0.05 ]
[ADMM-C3+] primal: 5.7147->3.8078  dual: 74.0151->77.0935  mono=False  iters=25/25  rho=25.0
[ADMM-C3+] WARNING non-converged: pr=3.8078 dr=77.0935 tol=1e-03
[C3+] step=575 |u[0]|=41.05Nm u_axis=(+7.33,-24.88,-3.01,+27.22,+0.59,+16.18,-0.48)Nm λ_n_max=0.000 η_n_max=0.804 primal=3.808 iters=25/25 lcp_res_max=nan
[EErel] along_push=-0.041m (neg=correct)  perp=0.176m  ee_to_box=0.180m  stage=2  obj=[-0.002 -0.   ]  g_hat=[-1.     0.002]
[proxy] err=0.224m  effective=[ 0.177 -0.001  0.05 ]
[ADMM-C3+] primal: 5.7147->3.8078  dual: 74.0151->77.0935  mono=False  iters=25/25  rho=25.0
[ADMM-C3+] WARNING non-converged: pr=3.8078 dr=77.0935 tol=1e-03
[C3+] step=580 |u[0]|=27.76Nm u_axis=(-4.22,-23.78,+9.81,-8.96,-0.63,-3.15,-0.48)Nm λ_n_max=0.000 η_n_max=0.804 primal=3.808 iters=25/25 lcp_res_max=nan
[CONTACT-RUN] step=156 nhat_BA_W=[+0.000,+0.000,+0.000] p_BCb=[+0.000,+0.000,+0.000] distance=+1.00000 contact_type=NONE
[X-SEQ-PROBE] step=156 x0_box=(-0.00172,-0.00047,+0.05000) x1_box=(-0.00135,-0.00083,+0.02569) x1_box_v=(+0.00375,-0.00646,-0.48836) dt=0.050
[APPROACH-OVERRIDE] step=156 phase=A_lift_trav face_axis=0 face_sign=+1 face_score=+1.000 surf_dist=0.1513m advance=0.0100m target=(+0.0982,-0.0037,+0.1350) p_ee_des=(+0.0425,-0.1670,+0.0799)
[VFF] step=156 mode=c3 alpha=0.000 v_des=(-0.1206,-0.4105,-0.0667) |v_des|=0.4331 sat=0 util_max=0.015@j3
[AFF] step=156 mode=c3 on=0 a_ff=(+0.0000,+0.0000,+0.0000) |a_ff|=0.0000
[OSC-FORCE] step=156 mode=c3 lam_des=2.000 lam_ext=2.000
[GS] step=156 mode=c3 switch=kStayInC3 best_k=0 best_src=current curr_cost=158497.71 repos_cost=- best_other=196030.50 met_progress=Y steps_since_improve=20 switches=1
[STEP] step=156 mode=c3 t=1.560s ee=(+0.039,-0.176,+0.077) obj=(-0.002,-0.000,+0.050) goal_dist=0.298m switch=kStayInC3 c3_cost=158497.71 lam_n=0.000 lam_t=0.000 contact=N productive=N f_cmd=(+2.00,-0.00,-0.00)
[GATE-EVOLVE] step=156 curr=158497.71 best_other=196030.50 ratio=0.8085 ee_to_optimal=0.1787m phi=0.0992m
[STAGE-A-TRACE] step=156 sim_t=1.560 mode=c3 phi=0.09915 box_xy=-0.00172,-0.00047 lam_n_ee_box=nan qy=-0.00002 qz=-0.01624 finished_repos=0
[DRAKE-CONTACT] step=156 n_pairs=1 ee_box_normal=0.000
[GATE-CONTACT] step=156 F_W=(+0.0000,+0.0000,+0.0000) F_on_box=(-0.0000,-0.0000,-0.0000) n_face_out=(-0.0000,-0.0000,-0.0000) A_is_ee=0 box_q=(+0.99991,+0.00007,-0.00002,-0.01624) box_p=(-0.00172,-0.00047,+0.05000) ee_p=(+0.03940,-0.17605,+0.07691)
[EErel] along_push=-0.040m (neg=correct)  perp=0.179m  ee_to_box=0.183m  stage=2  obj=[-0.002 -0.   ]  g_hat=[-1.     0.002]
[proxy] err=0.227m  effective=[ 0.176 -0.001  0.05 ]
[ADMM-C3+] primal: 6.1311->7.3202  dual: 104.7616->200.8643  mono=False  iters=25/25  rho=25.0
[ADMM-C3+] WARNING non-converged: pr=7.3202 dr=200.8643 tol=1e-03
[C3+] step=581 |u[0]|=41.11Nm u_axis=(+7.16,-25.01,-2.99,+27.01,+0.51,+16.56,-0.47)Nm λ_n_max=1.065 η_n_max=1.286 primal=7.320 iters=25/25 lcp_res_max=nan
[EErel] along_push=-0.040m (neg=correct)  perp=0.179m  ee_to_box=0.183m  stage=2  obj=[-0.002 -0.   ]  g_hat=[-1.     0.002]
[proxy] err=0.227m  effective=[ 0.176 -0.001  0.05 ]
[ADMM-C3+] primal: 6.1311->7.3202  dual: 104.7616->200.8643  mono=False  iters=25/25  rho=25.0
[ADMM-C3+] WARNING non-converged: pr=7.3202 dr=200.8643 tol=1e-03
[C3+] step=586 |u[0]|=27.58Nm u_axis=(-4.22,-23.60,+9.81,-8.90,-0.65,-3.12,-0.48)Nm λ_n_max=1.065 η_n_max=1.286 primal=7.320 iters=25/25 lcp_res_max=nan
[CONTACT-RUN] step=157 nhat_BA_W=[+0.000,+0.000,+0.000] p_BCb=[+0.000,+0.000,+0.000] distance=+1.00000 contact_type=NONE
[X-SEQ-PROBE] step=157 x0_box=(-0.00172,-0.00047,+0.04999) x1_box=(-0.01253,+0.00068,+0.02554) x1_box_v=(-0.22025,+0.02323,-0.48979) dt=0.050
[APPROACH-OVERRIDE] step=157 phase=A_lift_trav face_axis=0 face_sign=+1 face_score=+1.000 surf_dist=0.1545m advance=0.0100m target=(+0.0982,-0.0037,+0.1350) p_ee_des=(+0.0414,-0.1703,+0.0795)
[VFF] step=157 mode=c3 alpha=0.000 v_des=(-0.1194,-0.4061,-0.0647) |v_des|=0.4282 sat=0 util_max=0.014@j3
[AFF] step=157 mode=c3 on=0 a_ff=(+0.0000,+0.0000,+0.0000) |a_ff|=0.0000
[OSC-FORCE] step=157 mode=c3 lam_des=2.000 lam_ext=2.000
[GS] step=157 mode=c3 switch=kStayInC3 best_k=0 best_src=current curr_cost=138309.05 repos_cost=- best_other=180070.45 met_progress=Y steps_since_improve=21 switches=1
[STEP] step=157 mode=c3 t=1.570s ee=(+0.038,-0.179,+0.077) obj=(-0.002,-0.000,+0.050) goal_dist=0.298m switch=kStayInC3 c3_cost=138309.05 lam_n=0.000 lam_t=0.000 contact=N productive=N f_cmd=(+2.00,-0.00,-0.00)
[GATE-EVOLVE] step=157 curr=138309.05 best_other=180070.45 ratio=0.7681 ee_to_optimal=0.1822m phi=0.1025m
[STAGE-A-TRACE] step=157 sim_t=1.570 mode=c3 phi=0.10250 box_xy=-0.00172,-0.00047 lam_n_ee_box=nan qy=+0.00004 qz=-0.01624 finished_repos=0
[DRAKE-CONTACT] step=157 n_pairs=1 ee_box_normal=0.000
[GATE-CONTACT] step=157 F_W=(+0.0000,+0.0000,+0.0000) F_on_box=(-0.0000,-0.0000,-0.0000) n_face_out=(-0.0000,-0.0000,-0.0000) A_is_ee=0 box_q=(+0.99991,+0.00006,+0.00004,-0.01624) box_p=(-0.00172,-0.00047,+0.04999) ee_p=(+0.03834,-0.17937,+0.07651)
[EErel] along_push=-0.039m (neg=correct)  perp=0.182m  ee_to_box=0.186m  stage=2  obj=[-0.002 -0.   ]  g_hat=[-1.     0.002]
[proxy] err=0.230m  effective=[ 0.175 -0.001  0.05 ]
[ADMM-C3+] primal: 6.1312->4.9472  dual: 104.6646->97.7863  mono=False  iters=25/25  rho=25.0
[ADMM-C3+] WARNING non-converged: pr=4.9472 dr=97.7863 tol=1e-03
[C3+] step=587 |u[0]|=41.17Nm u_axis=(+7.00,-25.14,-2.97,+26.80,+0.43,+16.94,-0.46)Nm λ_n_max=1.065 η_n_max=1.286 primal=4.947 iters=25/25 lcp_res_max=nan
[EErel] along_push=-0.039m (neg=correct)  perp=0.182m  ee_to_box=0.186m  stage=2  obj=[-0.002 -0.   ]  g_hat=[-1.     0.002]
[proxy] err=0.230m  effective=[ 0.175 -0.001  0.05 ]
[ADMM-C3+] primal: 6.1312->4.9472  dual: 104.6646->97.7863  mono=False  iters=25/25  rho=25.0
[ADMM-C3+] WARNING non-converged: pr=4.9472 dr=97.7863 tol=1e-03
[C3+] step=592 |u[0]|=27.40Nm u_axis=(-4.22,-23.42,+9.80,-8.84,-0.66,-3.09,-0.48)Nm λ_n_max=1.065 η_n_max=1.286 primal=4.947 iters=25/25 lcp_res_max=nan
[CONTACT-RUN] step=158 nhat_BA_W=[+0.000,+0.000,+0.000] p_BCb=[+0.000,+0.000,+0.000] distance=+1.00000 contact_type=NONE
[X-SEQ-PROBE] step=158 x0_box=(-0.00172,-0.00047,+0.04999) x1_box=(-0.01253,+0.00069,+0.02549) x1_box_v=(-0.22030,+0.02324,-0.49024) dt=0.050
[APPROACH-OVERRIDE] step=158 phase=A_lift_trav face_axis=0 face_sign=+1 face_score=+1.000 surf_dist=0.1578m advance=0.0100m target=(+0.0982,-0.0037,+0.1350) p_ee_des=(+0.0404,-0.1736,+0.0791)
[VFF] step=158 mode=c3 alpha=0.000 v_des=(-0.1182,-0.4017,-0.0627) |v_des|=0.4234 sat=0 util_max=0.014@j3
[AFF] step=158 mode=c3 on=0 a_ff=(+0.0000,+0.0000,+0.0000) |a_ff|=0.0000
[OSC-FORCE] step=158 mode=c3 lam_des=2.000 lam_ext=2.000
[GS] step=158 mode=c3 switch=kStayInC3 best_k=0 best_src=current curr_cost=138441.27 repos_cost=- best_other=180102.13 met_progress=Y steps_since_improve=22 switches=1
[STEP] step=158 mode=c3 t=1.580s ee=(+0.037,-0.183,+0.076) obj=(-0.002,-0.000,+0.050) goal_dist=0.298m switch=kStayInC3 c3_cost=138441.27 lam_n=0.000 lam_t=0.000 contact=N productive=N f_cmd=(+2.00,-0.00,-0.00)
[GATE-EVOLVE] step=158 curr=138441.27 best_other=180102.13 ratio=0.7687 ee_to_optimal=0.1856m phi=0.1058m
[STAGE-A-TRACE] step=158 sim_t=1.580 mode=c3 phi=0.10580 box_xy=-0.00172,-0.00047 lam_n_ee_box=nan qy=+0.00003 qz=-0.01624 finished_repos=0
[DRAKE-CONTACT] step=158 n_pairs=1 ee_box_normal=0.000
[GATE-CONTACT] step=158 F_W=(+0.0000,+0.0000,+0.0000) F_on_box=(-0.0000,-0.0000,-0.0000) n_face_out=(-0.0000,-0.0000,-0.0000) A_is_ee=0 box_q=(+0.99991,+0.00006,+0.00003,-0.01624) box_p=(-0.00172,-0.00047,+0.04999) ee_p=(+0.03730,-0.18263,+0.07613)
[EErel] along_push=-0.038m (neg=correct)  perp=0.185m  ee_to_box=0.189m  stage=2  obj=[-0.002 -0.   ]  g_hat=[-1.     0.002]
[proxy] err=0.232m  effective=[ 0.174 -0.001  0.05 ]
[ADMM-C3+] primal: 5.7421->3.8080  dual: 74.5133->78.7210  mono=False  iters=25/25  rho=25.0
[ADMM-C3+] WARNING non-converged: pr=3.8080 dr=78.7210 tol=1e-03
[C3+] step=593 |u[0]|=41.24Nm u_axis=(+6.83,-25.26,-2.96,+26.60,+0.35,+17.31,-0.45)Nm λ_n_max=0.000 η_n_max=0.789 primal=3.808 iters=25/25 lcp_res_max=nan
[EErel] along_push=-0.038m (neg=correct)  perp=0.185m  ee_to_box=0.189m  stage=2  obj=[-0.002 -0.   ]  g_hat=[-1.     0.002]
[proxy] err=0.232m  effective=[ 0.174 -0.001  0.05 ]
[ADMM-C3+] primal: 5.7421->3.8080  dual: 74.5133->78.7210  mono=False  iters=25/25  rho=25.0
[ADMM-C3+] WARNING non-converged: pr=3.8080 dr=78.7210 tol=1e-03
[C3+] step=598 |u[0]|=27.22Nm u_axis=(-4.21,-23.24,+9.79,-8.78,-0.68,-3.06,-0.47)Nm λ_n_max=0.000 η_n_max=0.789 primal=3.808 iters=25/25 lcp_res_max=nan
[CONTACT-RUN] step=159 nhat_BA_W=[+0.000,+0.000,+0.000] p_BCb=[+0.000,+0.000,+0.000] distance=+1.00000 contact_type=NONE
[X-SEQ-PROBE] step=159 x0_box=(-0.00172,-0.00047,+0.04999) x1_box=(-0.00168,-0.00105,+0.02531) x1_box_v=(+0.00041,-0.00702,-0.49213) dt=0.050
[APPROACH-OVERRIDE] step=159 phase=A_lift_trav face_axis=0 face_sign=+1 face_score=+1.000 surf_dist=0.1609m advance=0.0100m target=(+0.0982,-0.0037,+0.1350) p_ee_des=(+0.0393,-0.1768,+0.0787)
[VFF] step=159 mode=c3 alpha=0.000 v_des=(-0.1170,-0.3975,-0.0607) |v_des|=0.4188 sat=0 util_max=0.013@j3
[AFF] step=159 mode=c3 on=0 a_ff=(+0.0000,+0.0000,+0.0000) |a_ff|=0.0000
[OSC-FORCE] step=159 mode=c3 lam_des=2.000 lam_ext=2.000
[GS] step=159 mode=c3 switch=kStayInC3 best_k=0 best_src=current curr_cost=157680.43 repos_cost=- best_other=194771.53 met_progress=Y steps_since_improve=23 switches=1
[STEP] step=159 mode=c3 t=1.590s ee=(+0.036,-0.186,+0.076) obj=(-0.002,-0.000,+0.050) goal_dist=0.298m switch=kStayInC3 c3_cost=157680.43 lam_n=0.000 lam_t=0.000 contact=N productive=N f_cmd=(+2.00,-0.00,-0.00)
[GATE-EVOLVE] step=159 curr=157680.43 best_other=194771.53 ratio=0.8096 ee_to_optimal=0.1889m phi=0.1090m
[STAGE-A-TRACE] step=159 sim_t=1.590 mode=c3 phi=0.10904 box_xy=-0.00172,-0.00047 lam_n_ee_box=nan qy=-0.00004 qz=-0.01623 finished_repos=0
[DRAKE-CONTACT] step=159 n_pairs=1 ee_box_normal=0.000
[GATE-CONTACT] step=159 F_W=(+0.0000,+0.0000,+0.0000) F_on_box=(-0.0000,-0.0000,-0.0000) n_face_out=(-0.0000,-0.0000,-0.0000) A_is_ee=0 box_q=(+0.99991,+0.00008,-0.00004,-0.01623) box_p=(-0.00172,-0.00047,+0.04999) ee_p=(+0.03626,-0.18585,+0.07577)
[EErel] along_push=-0.037m (neg=correct)  perp=0.188m  ee_to_box=0.192m  stage=2  obj=[-0.002 -0.   ]  g_hat=[-1.     0.002]
[proxy] err=0.235m  effective=[ 0.174 -0.001  0.05 ]
[ADMM-C3+] primal: 5.7645->4.6226  dual: 74.4391->141.3183  mono=False  iters=25/25  rho=25.0
[ADMM-C3+] WARNING non-converged: pr=4.6226 dr=141.3183 tol=1e-03
[C3+] step=599 |u[0]|=41.32Nm u_axis=(+6.66,-25.39,-2.94,+26.40,+0.27,+17.68,-0.44)Nm λ_n_max=0.000 η_n_max=0.664 primal=4.623 iters=25/25 lcp_res_max=nan
[EErel] along_push=-0.037m (neg=correct)  perp=0.188m  ee_to_box=0.192m  stage=2  obj=[-0.002 -0.   ]  g_hat=[-1.     0.002]
[proxy] err=0.235m  effective=[ 0.174 -0.001  0.05 ]
[ADMM-C3+] primal: 5.7645->4.6226  dual: 74.4391->141.3183  mono=False  iters=25/25  rho=25.0
[ADMM-C3+] WARNING non-converged: pr=4.6226 dr=141.3183 tol=1e-03
[C3+] step=604 |u[0]|=27.03Nm u_axis=(-4.21,-23.06,+9.78,-8.71,-0.69,-3.04,-0.47)Nm λ_n_max=0.000 η_n_max=0.664 primal=4.623 iters=25/25 lcp_res_max=nan
[CONTACT-RUN] step=160 nhat_BA_W=[+0.000,+0.000,+0.000] p_BCb=[+0.000,+0.000,+0.000] distance=+1.00000 contact_type=NONE
[X-SEQ-PROBE] step=160 x0_box=(-0.00173,-0.00046,+0.04999) x1_box=(-0.00208,-0.00012,+0.02521) x1_box_v=(-0.00353,+0.00722,-0.49311) dt=0.050
[APPROACH-OVERRIDE] step=160 phase=A_lift_trav face_axis=0 face_sign=+1 face_score=+1.000 surf_dist=0.1641m advance=0.0100m target=(+0.0982,-0.0037,+0.1350) p_ee_des=(+0.0383,-0.1800,+0.0783)
[VFF] step=160 mode=c3 alpha=0.000 v_des=(-0.1158,-0.3934,-0.0588) |v_des|=0.4143 sat=0 util_max=0.013@j3
[AFF] step=160 mode=c3 on=0 a_ff=(+0.0000,+0.0000,+0.0000) |a_ff|=0.0000
[OSC-FORCE] step=160 mode=c3 lam_des=2.000 lam_ext=2.000
[IMP] step=160 mode=c3 |x_err|=0.0100m |tau_imp|=1.26Nm |tau_ff|=0.83Nm |tau_out|=1.26Nm sat=False lam_n=True lam_t=True
[GS] step=160 mode=c3 switch=kStayInC3 best_k=0 best_src=current curr_cost=156246.49 repos_cost=- best_other=194266.82 met_progress=Y steps_since_improve=24 switches=1
[STEP] step=160 mode=c3 t=1.600s ee=(+0.035,-0.189,+0.075) obj=(-0.002,-0.000,+0.050) goal_dist=0.298m switch=kStayInC3 c3_cost=156246.49 lam_n=0.000 lam_t=0.000 contact=N productive=N f_cmd=(+2.00,-0.00,-0.00)
[GATE-EVOLVE] step=160 curr=156246.49 best_other=194266.82 ratio=0.8043 ee_to_optimal=0.1922m phi=0.1123m
[STAGE-A-TRACE] step=160 sim_t=1.600 mode=c3 phi=0.11226 box_xy=-0.00173,-0.00046 lam_n_ee_box=nan qy=-0.00007 qz=-0.01623 finished_repos=0
[GS-table] step=160
  k=0 (current   ) pos=(+0.035,-0.189,+0.075) c_C3= 156246.49 align=0.0000(bonus=    0.00) rot=+0.0000(bonus=    0.00) travel=0.000m(pen=  0.00) c_sample= 156246.49 feas=Y ik_err=0.0000m  ← WIN
  k=1 (strat_0   ) pos=(-0.054,-0.079,+0.030) c_C3= 212587.08 align=0.0000(bonus=    0.00) rot=+0.0000(bonus=    0.00) travel=0.149m(pen= 29.78) c_sample= 212616.86 feas=Y ik_err=0.0001m
  k=2 (strat_1   ) pos=(-0.080,+0.049,+0.030) c_C3= 242904.68 align=0.0000(bonus=    0.00) rot=+0.0000(bonus=    0.00) travel=0.268m(pen= 53.63) c_sample= 242958.32 feas=Y ik_err=0.0005m
  k=3 (strat_2   ) pos=(+0.019,-0.081,+0.030) c_C3= 211002.51 align=0.0000(bonus=    0.00) rot=+0.0000(bonus=    0.00) travel=0.118m(pen= 23.64) c_sample= 211026.15 feas=Y ik_err=0.0000m
  k=4 (buffer    ) pos=(+0.080,+0.000,+0.030) c_C3= 224212.59 align=0.9995(bonus=29985.66) rot=+0.0000(bonus=    0.00) travel=0.199m(pen= 39.90) c_sample= 194266.82 feas=Y ik_err=0.0003m
[DRAKE-CONTACT] step=160 n_pairs=1 ee_box_normal=0.000
[GATE-CONTACT] step=160 F_W=(+0.0000,+0.0000,+0.0000) F_on_box=(-0.0000,-0.0000,-0.0000) n_face_out=(-0.0000,-0.0000,-0.0000) A_is_ee=0 box_q=(+0.99991,-0.00001,-0.00007,-0.01623) box_p=(-0.00173,-0.00046,+0.04999) ee_p=(+0.03524,-0.18901,+0.07542)
[EErel] along_push=-0.036m (neg=correct)  perp=0.192m  ee_to_box=0.195m  stage=2  obj=[-0.002 -0.   ]  g_hat=[-1.     0.002]
[proxy] err=0.238m  effective=[ 0.173 -0.001  0.05 ]
[ADMM-C3+] primal: 5.7649->4.6250  dual: 74.3418->141.2463  mono=False  iters=25/25  rho=25.0
[ADMM-C3+] WARNING non-converged: pr=4.6250 dr=141.2463 tol=1e-03
[C3+] step=605 |u[0]|=41.37Nm u_axis=(+6.48,-25.46,-2.92,+26.21,+0.20,+18.04,-0.43)Nm λ_n_max=0.000 η_n_max=0.665 primal=4.625 iters=25/25 lcp_res_max=nan
[EErel] along_push=-0.036m (neg=correct)  perp=0.192m  ee_to_box=0.195m  stage=2  obj=[-0.002 -0.   ]  g_hat=[-1.     0.002]
[proxy] err=0.238m  effective=[ 0.173 -0.001  0.05 ]
[ADMM-C3+] primal: 5.7649->4.6250  dual: 74.3418->141.2463  mono=False  iters=25/25  rho=25.0
[ADMM-C3+] WARNING non-converged: pr=4.6250 dr=141.2463 tol=1e-03
[C3+] step=610 |u[0]|=26.85Nm u_axis=(-4.21,-22.88,+9.77,-8.65,-0.70,-3.01,-0.47)Nm λ_n_max=0.000 η_n_max=0.665 primal=4.625 iters=25/25 lcp_res_max=nan
[CONTACT-RUN] step=161 nhat_BA_W=[+0.000,+0.000,+0.000] p_BCb=[+0.000,+0.000,+0.000] distance=+1.00000 contact_type=NONE
[X-SEQ-PROBE] step=161 x0_box=(-0.00172,-0.00046,+0.05000) x1_box=(-0.00197,-0.00006,+0.02549) x1_box_v=(-0.00248,+0.00735,-0.49030) dt=0.050
[APPROACH-OVERRIDE] step=161 phase=A_lift_trav face_axis=0 face_sign=+1 face_score=+1.000 surf_dist=0.1672m advance=0.0100m target=(+0.0982,-0.0037,+0.1350) p_ee_des=(+0.0373,-0.1831,+0.0780)
[VFF] step=161 mode=c3 alpha=0.000 v_des=(-0.1146,-0.3894,-0.0570) |v_des|=0.4099 sat=0 util_max=0.012@j3
[AFF] step=161 mode=c3 on=0 a_ff=(+0.0000,+0.0000,+0.0000) |a_ff|=0.0000
[OSC-FORCE] step=161 mode=c3 lam_des=2.000 lam_ext=2.000
[GS] step=161 mode=c3 switch=kStayInC3 best_k=0 best_src=current curr_cost=156688.50 repos_cost=- best_other=194647.99 met_progress=Y steps_since_improve=25 switches=1
[STEP] step=161 mode=c3 t=1.610s ee=(+0.034,-0.192,+0.075) obj=(-0.002,-0.000,+0.050) goal_dist=0.298m switch=kStayInC3 c3_cost=156688.50 lam_n=0.000 lam_t=0.000 contact=N productive=N f_cmd=(+2.00,-0.00,-0.00)
[GATE-EVOLVE] step=161 curr=156688.50 best_other=194647.99 ratio=0.8050 ee_to_optimal=0.1955m phi=0.1154m
[STAGE-A-TRACE] step=161 sim_t=1.610 mode=c3 phi=0.11541 box_xy=-0.00172,-0.00046 lam_n_ee_box=nan qy=-0.00000 qz=-0.01623 finished_repos=0
[DRAKE-CONTACT] step=161 n_pairs=1 ee_box_normal=0.000
[GATE-CONTACT] step=161 F_W=(+0.0000,+0.0000,+0.0000) F_on_box=(-0.0000,-0.0000,-0.0000) n_face_out=(-0.0000,-0.0000,-0.0000) A_is_ee=0 box_q=(+0.99991,-0.00002,-0.00000,-0.01623) box_p=(-0.00172,-0.00046,+0.05000) ee_p=(+0.03423,-0.19214,+0.07509)
[EErel] along_push=-0.035m (neg=correct)  perp=0.195m  ee_to_box=0.198m  stage=2  obj=[-0.002 -0.   ]  g_hat=[-1.     0.002]
[proxy] err=0.240m  effective=[ 0.172 -0.001  0.05 ]
[ADMM-C3+] primal: 5.7333->3.7950  dual: 74.5390->78.3384  mono=False  iters=25/25  rho=25.0
[ADMM-C3+] WARNING non-converged: pr=3.7950 dr=78.3384 tol=1e-03
[C3+] step=611 |u[0]|=41.34Nm u_axis=(+6.28,-25.40,-2.91,+26.03,+0.12,+18.40,-0.43)Nm λ_n_max=0.000 η_n_max=0.791 primal=3.795 iters=25/25 lcp_res_max=nan
[EErel] along_push=-0.035m (neg=correct)  perp=0.195m  ee_to_box=0.198m  stage=2  obj=[-0.002 -0.   ]  g_hat=[-1.     0.002]
[proxy] err=0.240m  effective=[ 0.172 -0.001  0.05 ]
[ADMM-C3+] primal: 5.7333->3.7950  dual: 74.5390->78.3384  mono=False  iters=25/25  rho=25.0
[ADMM-C3+] WARNING non-converged: pr=3.7950 dr=78.3384 tol=1e-03
[C3+] step=616 |u[0]|=26.67Nm u_axis=(-4.20,-22.70,+9.76,-8.58,-0.71,-2.98,-0.47)Nm λ_n_max=0.000 η_n_max=0.791 primal=3.795 iters=25/25 lcp_res_max=nan
[CONTACT-RUN] step=162 nhat_BA_W=[+0.000,+0.000,+0.000] p_BCb=[+0.000,+0.000,+0.000] distance=+1.00000 contact_type=NONE
[X-SEQ-PROBE] step=162 x0_box=(-0.00172,-0.00046,+0.04999) x1_box=(-0.00176,-0.00094,+0.02542) x1_box_v=(-0.00038,-0.00675,-0.49100) dt=0.050
[APPROACH-OVERRIDE] step=162 phase=A_lift_trav face_axis=0 face_sign=+1 face_score=+1.000 surf_dist=0.1703m advance=0.0100m target=(+0.0982,-0.0037,+0.1350) p_ee_des=(+0.0363,-0.1861,+0.0776)
[VFF] step=162 mode=c3 alpha=0.000 v_des=(-0.1134,-0.3854,-0.0553) |v_des|=0.4056 sat=0 util_max=0.012@j3
[AFF] step=162 mode=c3 on=0 a_ff=(+0.0000,+0.0000,+0.0000) |a_ff|=0.0000
[OSC-FORCE] step=162 mode=c3 lam_des=2.000 lam_ext=2.000
[GS] step=162 mode=c3 switch=kStayInC3 best_k=0 best_src=current curr_cost=157526.84 repos_cost=- best_other=194121.62 met_progress=Y steps_since_improve=26 switches=1
[STEP] step=162 mode=c3 t=1.620s ee=(+0.033,-0.195,+0.075) obj=(-0.002,-0.000,+0.050) goal_dist=0.298m switch=kStayInC3 c3_cost=157526.84 lam_n=0.000 lam_t=0.000 contact=N productive=N f_cmd=(+2.00,-0.00,-0.00)
[GATE-EVOLVE] step=162 curr=157526.84 best_other=194121.62 ratio=0.8115 ee_to_optimal=0.1987m phi=0.1185m
[STAGE-A-TRACE] step=162 sim_t=1.620 mode=c3 phi=0.11851 box_xy=-0.00172,-0.00046 lam_n_ee_box=nan qy=-0.00002 qz=-0.01622 finished_repos=0
[DRAKE-CONTACT] step=162 n_pairs=1 ee_box_normal=0.000
[GATE-CONTACT] step=162 F_W=(+0.0000,+0.0000,+0.0000) F_on_box=(-0.0000,-0.0000,-0.0000) n_face_out=(-0.0000,-0.0000,-0.0000) A_is_ee=0 box_q=(+0.99991,+0.00002,-0.00002,-0.01622) box_p=(-0.00172,-0.00046,+0.04999) ee_p=(+0.03324,-0.19521,+0.07478)
[EErel] along_push=-0.034m (neg=correct)  perp=0.198m  ee_to_box=0.201m  stage=2  obj=[-0.002 -0.   ]  g_hat=[-1.     0.002]
[proxy] err=0.243m  effective=[ 0.171 -0.001  0.05 ]
[ADMM-C3+] primal: 6.1235->7.3848  dual: 115.0579->275.3252  mono=False  iters=25/25  rho=25.0
[ADMM-C3+] WARNING non-converged: pr=7.3848 dr=275.3252 tol=1e-03
[C3+] step=617 |u[0]|=41.32Nm u_axis=(+6.09,-25.34,-2.89,+25.85,+0.05,+18.75,-0.42)Nm λ_n_max=1.044 η_n_max=1.267 primal=7.385 iters=25/25 lcp_res_max=nan
[EErel] along_push=-0.034m (neg=correct)  perp=0.198m  ee_to_box=0.201m  stage=2  obj=[-0.002 -0.   ]  g_hat=[-1.     0.002]
[proxy] err=0.243m  effective=[ 0.171 -0.001  0.05 ]
[ADMM-C3+] primal: 6.1235->7.3848  dual: 115.0579->275.3252  mono=False  iters=25/25  rho=25.0
[ADMM-C3+] WARNING non-converged: pr=7.3848 dr=275.3252 tol=1e-03
[C3+] step=622 |u[0]|=26.49Nm u_axis=(-4.20,-22.52,+9.75,-8.52,-0.73,-2.96,-0.47)Nm λ_n_max=1.044 η_n_max=1.267 primal=7.385 iters=25/25 lcp_res_max=nan
[CONTACT-RUN] step=163 nhat_BA_W=[+0.000,+0.000,+0.000] p_BCb=[+0.000,+0.000,+0.000] distance=+1.00000 contact_type=NONE
[X-SEQ-PROBE] step=163 x0_box=(-0.00171,-0.00046,+0.04999) x1_box=(-0.01305,-0.00140,+0.02552) x1_box_v=(-0.22698,-0.02348,-0.48994) dt=0.050
[APPROACH-OVERRIDE] step=163 phase=A_lift_trav face_axis=0 face_sign=+1 face_score=+1.000 surf_dist=0.1733m advance=0.0100m target=(+0.0982,-0.0037,+0.1350) p_ee_des=(+0.0353,-0.1892,+0.0773)
[VFF] step=163 mode=c3 alpha=0.000 v_des=(-0.1122,-0.3816,-0.0536) |v_des|=0.4013 sat=0 util_max=0.012@j3
[AFF] step=163 mode=c3 on=0 a_ff=(+0.0000,+0.0000,+0.0000) |a_ff|=0.0000
[OSC-FORCE] step=163 mode=c3 lam_des=2.000 lam_ext=2.000
[GS] step=163 mode=c3 switch=kStayInC3 best_k=0 best_src=current curr_cost=130806.44 repos_cost=- best_other=171364.64 met_progress=Y steps_since_improve=27 switches=1
[STEP] step=163 mode=c3 t=1.630s ee=(+0.032,-0.198,+0.074) obj=(-0.002,-0.000,+0.050) goal_dist=0.298m switch=kStayInC3 c3_cost=130806.44 lam_n=0.000 lam_t=0.812 contact=N productive=N f_cmd=(+2.00,-0.00,-0.00)
[GATE-EVOLVE] step=163 curr=130806.44 best_other=171364.64 ratio=0.7633 ee_to_optimal=0.2019m phi=0.1216m
[STAGE-A-TRACE] step=163 sim_t=1.630 mode=c3 phi=0.12159 box_xy=-0.00171,-0.00046 lam_n_ee_box=nan qy=+0.00007 qz=-0.01622 finished_repos=0
[DRAKE-CONTACT] step=163 n_pairs=1 ee_box_normal=0.000
[GATE-CONTACT] step=163 F_W=(+0.0000,+0.0000,+0.0000) F_on_box=(-0.0000,-0.0000,-0.0000) n_face_out=(-0.0000,-0.0000,-0.0000) A_is_ee=0 box_q=(+0.99991,-0.00006,+0.00007,-0.01622) box_p=(-0.00171,-0.00046,+0.04999) ee_p=(+0.03225,-0.19825,+0.07448)
[EErel] along_push=-0.033m (neg=correct)  perp=0.201m  ee_to_box=0.203m  stage=2  obj=[-0.002 -0.   ]  g_hat=[-1.     0.002]
[proxy] err=0.245m  effective=[ 0.171 -0.001  0.05 ]
[ADMM-C3+] primal: 5.7638->4.6215  dual: 74.3630->141.1712  mono=False  iters=25/25  rho=25.0
[ADMM-C3+] WARNING non-converged: pr=4.6215 dr=141.1712 tol=1e-03
[C3+] step=623 |u[0]|=41.31Nm u_axis=(+5.89,-25.28,-2.88,+25.67,-0.02,+19.10,-0.41)Nm λ_n_max=0.000 η_n_max=0.665 primal=4.622 iters=25/25 lcp_res_max=nan
[EErel] along_push=-0.033m (neg=correct)  perp=0.201m  ee_to_box=0.203m  stage=2  obj=[-0.002 -0.   ]  g_hat=[-1.     0.002]
[proxy] err=0.245m  effective=[ 0.171 -0.001  0.05 ]
[ADMM-C3+] primal: 5.7638->4.6215  dual: 74.3630->141.1712  mono=False  iters=25/25  rho=25.0
[ADMM-C3+] WARNING non-converged: pr=4.6215 dr=141.1712 tol=1e-03
[C3+] step=628 |u[0]|=26.31Nm u_axis=(-4.19,-22.34,+9.73,-8.45,-0.74,-2.93,-0.46)Nm λ_n_max=0.000 η_n_max=0.665 primal=4.622 iters=25/25 lcp_res_max=nan
[CONTACT-RUN] step=164 nhat_BA_W=[+0.000,+0.000,+0.000] p_BCb=[+0.000,+0.000,+0.000] distance=+1.00000 contact_type=NONE
[X-SEQ-PROBE] step=164 x0_box=(-0.00172,-0.00046,+0.05000) x1_box=(-0.00200,-0.00008,+0.02549) x1_box_v=(-0.00277,+0.00729,-0.49032) dt=0.050
[APPROACH-OVERRIDE] step=164 phase=A_lift_trav face_axis=0 face_sign=+1 face_score=+1.000 surf_dist=0.1763m advance=0.0100m target=(+0.0982,-0.0037,+0.1350) p_ee_des=(+0.0344,-0.1921,+0.0770)
[VFF] step=164 mode=c3 alpha=0.000 v_des=(-0.1110,-0.3778,-0.0519) |v_des|=0.3972 sat=0 util_max=0.011@j3
[AFF] step=164 mode=c3 on=0 a_ff=(+0.0000,+0.0000,+0.0000) |a_ff|=0.0000
[OSC-FORCE] step=164 mode=c3 lam_des=2.000 lam_ext=2.000
[GS] step=164 mode=c3 switch=kStayInC3 best_k=0 best_src=current curr_cost=156788.87 repos_cost=- best_other=194300.81 met_progress=Y steps_since_improve=28 switches=1
[STEP] step=164 mode=c3 t=1.640s ee=(+0.031,-0.201,+0.074) obj=(-0.002,-0.000,+0.050) goal_dist=0.298m switch=kStayInC3 c3_cost=156788.87 lam_n=0.000 lam_t=0.000 contact=N productive=N f_cmd=(+2.00,-0.00,-0.00)
[GATE-EVOLVE] step=164 curr=156788.87 best_other=194300.81 ratio=0.8069 ee_to_optimal=0.2050m phi=0.1246m
[STAGE-A-TRACE] step=164 sim_t=1.640 mode=c3 phi=0.12461 box_xy=-0.00172,-0.00046 lam_n_ee_box=nan qy=-0.00002 qz=-0.01621 finished_repos=0
[DRAKE-CONTACT] step=164 n_pairs=1 ee_box_normal=0.000
[GATE-CONTACT] step=164 F_W=(+0.0000,+0.0000,+0.0000) F_on_box=(-0.0000,-0.0000,-0.0000) n_face_out=(-0.0000,-0.0000,-0.0000) A_is_ee=0 box_q=(+0.99991,-0.00003,-0.00002,-0.01621) box_p=(-0.00172,-0.00046,+0.05000) ee_p=(+0.03128,-0.20124,+0.07419)
[EErel] along_push=-0.032m (neg=correct)  perp=0.204m  ee_to_box=0.206m  stage=2  obj=[-0.002 -0.   ]  g_hat=[-1.     0.002]
[proxy] err=0.248m  effective=[ 0.17  -0.001  0.05 ]
[ADMM-C3+] primal: 6.1322->4.9464  dual: 104.5218->97.8229  mono=False  iters=25/25  rho=25.0
[ADMM-C3+] WARNING non-converged: pr=4.9464 dr=97.8229 tol=1e-03
[C3+] step=629 |u[0]|=41.30Nm u_axis=(+5.69,-25.23,-2.86,+25.50,-0.10,+19.44,-0.40)Nm λ_n_max=1.065 η_n_max=1.286 primal=4.946 iters=25/25 lcp_res_max=nan
[EErel] along_push=-0.032m (neg=correct)  perp=0.204m  ee_to_box=0.206m  stage=2  obj=[-0.002 -0.   ]  g_hat=[-1.     0.002]
[proxy] err=0.248m  effective=[ 0.17  -0.001  0.05 ]
[ADMM-C3+] primal: 6.1322->4.9464  dual: 104.5218->97.8229  mono=False  iters=25/25  rho=25.0
[ADMM-C3+] WARNING non-converged: pr=4.9464 dr=97.8229 tol=1e-03
[C3+] step=634 |u[0]|=26.14Nm u_axis=(-4.19,-22.17,+9.72,-8.39,-0.75,-2.91,-0.46)Nm λ_n_max=1.065 η_n_max=1.286 primal=4.946 iters=25/25 lcp_res_max=nan
[CONTACT-RUN] step=165 nhat_BA_W=[+0.000,+0.000,+0.000] p_BCb=[+0.000,+0.000,+0.000] distance=+1.00000 contact_type=NONE
[X-SEQ-PROBE] step=165 x0_box=(-0.00172,-0.00046,+0.04999) x1_box=(-0.01261,+0.00071,+0.02539) x1_box_v=(-0.22124,+0.02323,-0.49124) dt=0.050
[APPROACH-OVERRIDE] step=165 phase=A_lift_trav face_axis=0 face_sign=+1 face_score=+1.000 surf_dist=0.1793m advance=0.0100m target=(+0.0982,-0.0037,+0.1350) p_ee_des=(+0.0334,-0.1951,+0.0767)
[VFF] step=165 mode=c3 alpha=0.000 v_des=(-0.1098,-0.3741,-0.0503) |v_des|=0.3931 sat=0 util_max=0.011@j3
[AFF] step=165 mode=c3 on=0 a_ff=(+0.0000,+0.0000,+0.0000) |a_ff|=0.0000
[OSC-FORCE] step=165 mode=c3 lam_des=2.000 lam_ext=2.000
[GS] step=165 mode=c3 switch=kStayInC3 best_k=0 best_src=current curr_cost=138831.31 repos_cost=- best_other=179504.51 met_progress=Y steps_since_improve=29 switches=1
[STEP] step=165 mode=c3 t=1.650s ee=(+0.030,-0.204,+0.074) obj=(-0.002,-0.000,+0.050) goal_dist=0.298m switch=kStayInC3 c3_cost=138831.31 lam_n=0.000 lam_t=0.000 contact=N productive=N f_cmd=(+2.00,-0.00,-0.00)
[GATE-EVOLVE] step=165 curr=138831.31 best_other=179504.51 ratio=0.7734 ee_to_optimal=0.2081m phi=0.1276m
[STAGE-A-TRACE] step=165 sim_t=1.650 mode=c3 phi=0.12758 box_xy=-0.00172,-0.00046 lam_n_ee_box=nan qy=+0.00005 qz=-0.01621 finished_repos=0
[DRAKE-CONTACT] step=165 n_pairs=1 ee_box_normal=0.000
[GATE-CONTACT] step=165 F_W=(+0.0000,+0.0000,+0.0000) F_on_box=(-0.0000,-0.0000,-0.0000) n_face_out=(-0.0000,-0.0000,-0.0000) A_is_ee=0 box_q=(+0.99991,+0.00003,+0.00005,-0.01621) box_p=(-0.00172,-0.00046,+0.04999) ee_p=(+0.03032,-0.20419,+0.07392)
[EErel] along_push=-0.031m (neg=correct)  perp=0.207m  ee_to_box=0.209m  stage=2  obj=[-0.002 -0.   ]  g_hat=[-1.     0.002]
[proxy] err=0.250m  effective=[ 0.169 -0.001  0.05 ]
[ADMM-C3+] primal: 6.1305->7.3198  dual: 104.8084->200.8530  mono=False  iters=25/25  rho=25.0
[ADMM-C3+] WARNING non-converged: pr=7.3198 dr=200.8530 tol=1e-03
[C3+] step=635 |u[0]|=41.30Nm u_axis=(+5.49,-25.17,-2.85,+25.34,-0.17,+19.78,-0.39)Nm λ_n_max=1.064 η_n_max=1.286 primal=7.320 iters=25/25 lcp_res_max=nan
[EErel] along_push=-0.031m (neg=correct)  perp=0.207m  ee_to_box=0.209m  stage=2  obj=[-0.002 -0.   ]  g_hat=[-1.     0.002]
[proxy] err=0.250m  effective=[ 0.169 -0.001  0.05 ]
[ADMM-C3+] primal: 6.1305->7.3198  dual: 104.8084->200.8530  mono=False  iters=25/25  rho=25.0
[ADMM-C3+] WARNING non-converged: pr=7.3198 dr=200.8530 tol=1e-03
[C3+] step=640 |u[0]|=25.96Nm u_axis=(-4.18,-22.00,+9.70,-8.32,-0.76,-2.88,-0.46)Nm λ_n_max=1.064 η_n_max=1.286 primal=7.320 iters=25/25 lcp_res_max=nan
[CONTACT-RUN] step=166 nhat_BA_W=[+0.000,+0.000,+0.000] p_BCb=[+0.000,+0.000,+0.000] distance=+1.00000 contact_type=NONE
[X-SEQ-PROBE] step=166 x0_box=(-0.00172,-0.00047,+0.05000) x1_box=(-0.01255,+0.00068,+0.02557) x1_box_v=(-0.22042,+0.02322,-0.48946) dt=0.050
[APPROACH-OVERRIDE] step=166 phase=A_lift_trav face_axis=0 face_sign=+1 face_score=+1.000 surf_dist=0.1822m advance=0.0100m target=(+0.0982,-0.0037,+0.1350) p_ee_des=(+0.0325,-0.1980,+0.0764)
[VFF] step=166 mode=c3 alpha=0.000 v_des=(-0.1086,-0.3705,-0.0488) |v_des|=0.3891 sat=0 util_max=0.011@j3
[AFF] step=166 mode=c3 on=0 a_ff=(+0.0000,+0.0000,+0.0000) |a_ff|=0.0000
[OSC-FORCE] step=166 mode=c3 lam_des=2.000 lam_ext=2.000
[GS] step=166 mode=c3 switch=kStayInC3 best_k=0 best_src=current curr_cost=138855.50 repos_cost=- best_other=179374.57 met_progress=Y steps_since_improve=30 switches=1
[STEP] step=166 mode=c3 t=1.660s ee=(+0.029,-0.207,+0.074) obj=(-0.002,-0.000,+0.050) goal_dist=0.298m switch=kStayInC3 c3_cost=138855.50 lam_n=0.000 lam_t=0.000 contact=N productive=N f_cmd=(+2.00,-0.00,-0.00)
[GATE-EVOLVE] step=166 curr=138855.50 best_other=179374.57 ratio=0.7741 ee_to_optimal=0.2111m phi=0.1305m
[STAGE-A-TRACE] step=166 sim_t=1.660 mode=c3 phi=0.13052 box_xy=-0.00172,-0.00047 lam_n_ee_box=nan qy=+0.00001 qz=-0.01620 finished_repos=0
[DRAKE-CONTACT] step=166 n_pairs=1 ee_box_normal=0.000
[GATE-CONTACT] step=166 F_W=(+0.0000,+0.0000,+0.0000) F_on_box=(-0.0000,-0.0000,-0.0000) n_face_out=(-0.0000,-0.0000,-0.0000) A_is_ee=0 box_q=(+0.99991,+0.00006,+0.00001,-0.01620) box_p=(-0.00172,-0.00047,+0.05000) ee_p=(+0.02938,-0.20711,+0.07366)
[EErel] along_push=-0.030m (neg=correct)  perp=0.209m  ee_to_box=0.212m  stage=2  obj=[-0.002 -0.   ]  g_hat=[-1.     0.002]
[proxy] err=0.253m  effective=[ 0.168 -0.001  0.05 ]
[ADMM-C3+] primal: 5.7380->3.8000  dual: 74.5180->78.4934  mono=False  iters=25/25  rho=25.0
[ADMM-C3+] WARNING non-converged: pr=3.8000 dr=78.4934 tol=1e-03
[C3+] step=641 |u[0]|=41.30Nm u_axis=(+5.29,-25.12,-2.83,+25.18,-0.24,+20.11,-0.39)Nm λ_n_max=0.000 η_n_max=0.790 primal=3.800 iters=25/25 lcp_res_max=nan
[EErel] along_push=-0.030m (neg=correct)  perp=0.209m  ee_to_box=0.212m  stage=2  obj=[-0.002 -0.   ]  g_hat=[-1.     0.002]
[proxy] err=0.253m  effective=[ 0.168 -0.001  0.05 ]
[ADMM-C3+] primal: 5.7380->3.8000  dual: 74.5180->78.4934  mono=False  iters=25/25  rho=25.0
[ADMM-C3+] WARNING non-converged: pr=3.8000 dr=78.4934 tol=1e-03
[C3+] step=646 |u[0]|=25.78Nm u_axis=(-4.18,-21.82,+9.69,-8.26,-0.77,-2.86,-0.46)Nm λ_n_max=0.000 η_n_max=0.790 primal=3.800 iters=25/25 lcp_res_max=nan
[CONTACT-RUN] step=167 nhat_BA_W=[+0.000,+0.000,+0.000] p_BCb=[+0.000,+0.000,+0.000] distance=+1.00000 contact_type=NONE
[X-SEQ-PROBE] step=167 x0_box=(-0.00172,-0.00047,+0.04999) x1_box=(-0.00172,-0.00099,+0.02524) x1_box_v=(+0.00002,-0.00688,-0.49276) dt=0.050
[APPROACH-OVERRIDE] step=167 phase=A_lift_trav face_axis=0 face_sign=+1 face_score=+1.000 surf_dist=0.1851m advance=0.0100m target=(+0.0982,-0.0037,+0.1350) p_ee_des=(+0.0315,-0.2009,+0.0761)
[VFF] step=167 mode=c3 alpha=0.000 v_des=(-0.1073,-0.3669,-0.0473) |v_des|=0.3852 sat=0 util_max=0.011@j3
[AFF] step=167 mode=c3 on=0 a_ff=(+0.0000,+0.0000,+0.0000) |a_ff|=0.0000
[OSC-FORCE] step=167 mode=c3 lam_des=2.000 lam_ext=2.000
[GS] step=167 mode=c3 switch=kStayInC3 best_k=0 best_src=current curr_cost=158043.92 repos_cost=- best_other=193973.65 met_progress=Y steps_since_improve=31 switches=1
[STEP] step=167 mode=c3 t=1.670s ee=(+0.028,-0.210,+0.073) obj=(-0.002,-0.000,+0.050) goal_dist=0.298m switch=kStayInC3 c3_cost=158043.92 lam_n=0.000 lam_t=0.000 contact=N productive=N f_cmd=(+2.00,-0.00,-0.00)
[GATE-EVOLVE] step=167 curr=158043.92 best_other=193973.65 ratio=0.8148 ee_to_optimal=0.2141m phi=0.1334m
[STAGE-A-TRACE] step=167 sim_t=1.670 mode=c3 phi=0.13342 box_xy=-0.00172,-0.00047 lam_n_ee_box=nan qy=-0.00002 qz=-0.01620 finished_repos=0
[DRAKE-CONTACT] step=167 n_pairs=1 ee_box_normal=0.000
[GATE-CONTACT] step=167 F_W=(+0.0000,+0.0000,+0.0000) F_on_box=(-0.0000,-0.0000,-0.0000) n_face_out=(-0.0000,-0.0000,-0.0000) A_is_ee=0 box_q=(+0.99991,+0.00007,-0.00002,-0.01620) box_p=(-0.00172,-0.00047,+0.04999) ee_p=(+0.02845,-0.20998,+0.07342)
[EErel] along_push=-0.030m (neg=correct)  perp=0.212m  ee_to_box=0.214m  stage=2  obj=[-0.002 -0.   ]  g_hat=[-1.     0.002]
[proxy] err=0.255m  effective=[ 0.168 -0.001  0.05 ]
[ADMM-C3+] primal: 5.7657->4.6233  dual: 74.5405->141.4122  mono=False  iters=25/25  rho=25.0
[ADMM-C3+] WARNING non-converged: pr=4.6233 dr=141.4122 tol=1e-03
[C3+] step=647 |u[0]|=41.31Nm u_axis=(+5.08,-25.07,-2.82,+25.03,-0.32,+20.43,-0.38)Nm λ_n_max=0.000 η_n_max=0.663 primal=4.623 iters=25/25 lcp_res_max=nan
[EErel] along_push=-0.030m (neg=correct)  perp=0.212m  ee_to_box=0.214m  stage=2  obj=[-0.002 -0.   ]  g_hat=[-1.     0.002]
[proxy] err=0.255m  effective=[ 0.168 -0.001  0.05 ]
[ADMM-C3+] primal: 5.7657->4.6234  dual: 74.5398->141.4152  mono=False  iters=25/25  rho=25.0
[ADMM-C3+] WARNING non-converged: pr=4.6234 dr=141.4152 tol=1e-03
[C3+] step=652 |u[0]|=25.58Nm u_axis=(-4.25,-21.59,+9.67,-8.28,-0.78,-2.78,-0.44)Nm λ_n_max=0.000 η_n_max=0.663 primal=4.623 iters=25/25 lcp_res_max=nan
[CONTACT-RUN] step=168 nhat_BA_W=[+0.000,+0.000,+0.000] p_BCb=[+0.000,+0.000,+0.000] distance=+1.00000 contact_type=NONE
[X-SEQ-PROBE] step=168 x0_box=(-0.00173,-0.00046,+0.05000) x1_box=(-0.00217,-0.00011,+0.02536) x1_box_v=(-0.00441,+0.00723,-0.49163) dt=0.050
[APPROACH-OVERRIDE] step=168 phase=A_lift_trav face_axis=0 face_sign=+1 face_score=+1.000 surf_dist=0.1880m advance=0.0100m target=(+0.0982,-0.0037,+0.1350) p_ee_des=(+0.0306,-0.2037,+0.0759)
[VFF] step=168 mode=c3 alpha=0.000 v_des=(-0.1064,-0.3634,-0.0458) |v_des|=0.3814 sat=0 util_max=0.010@j3
[AFF] step=168 mode=c3 on=0 a_ff=(+0.0000,+0.0000,+0.0000) |a_ff|=0.0000
[OSC-FORCE] step=168 mode=c3 lam_des=2.000 lam_ext=2.000
[GS] step=168 mode=c3 switch=kStayInC3 best_k=0 best_src=current curr_cost=156487.44 repos_cost=- best_other=193345.82 met_progress=Y steps_since_improve=32 switches=1
[STEP] step=168 mode=c3 t=1.680s ee=(+0.028,-0.213,+0.073) obj=(-0.002,-0.000,+0.050) goal_dist=0.298m switch=kStayInC3 c3_cost=156487.44 lam_n=0.000 lam_t=0.000 contact=N productive=N f_cmd=(+2.00,-0.00,-0.00)
[GATE-EVOLVE] step=168 curr=156487.44 best_other=193345.82 ratio=0.8094 ee_to_optimal=0.2171m phi=0.1363m
[STAGE-A-TRACE] step=168 sim_t=1.680 mode=c3 phi=0.13630 box_xy=-0.00173,-0.00046 lam_n_ee_box=nan qy=-0.00006 qz=-0.01620 finished_repos=0
[DRAKE-CONTACT] step=168 n_pairs=1 ee_box_normal=0.000
[GATE-CONTACT] step=168 F_W=(+0.0000,+0.0000,+0.0000) F_on_box=(-0.0000,-0.0000,-0.0000) n_face_out=(-0.0000,-0.0000,-0.0000) A_is_ee=0 box_q=(+0.99991,-0.00005,-0.00006,-0.01620) box_p=(-0.00173,-0.00046,+0.05000) ee_p=(+0.02753,-0.21281,+0.07319)
[EErel] along_push=-0.029m (neg=correct)  perp=0.215m  ee_to_box=0.217m  stage=2  obj=[-0.002 -0.   ]  g_hat=[-1.     0.002]
[proxy] err=0.258m  effective=[ 0.167 -0.001  0.05 ]
[ADMM-C3+] primal: 6.1239->7.4315  dual: 113.2257->277.8421  mono=False  iters=25/25  rho=25.0
[ADMM-C3+] WARNING non-converged: pr=7.4315 dr=277.8421 tol=1e-03
[C3+] step=653 |u[0]|=41.32Nm u_axis=(+4.87,-25.02,-2.81,+24.88,-0.39,+20.75,-0.37)Nm λ_n_max=1.044 η_n_max=1.266 primal=7.432 iters=25/25 lcp_res_max=nan
[EErel] along_push=-0.029m (neg=correct)  perp=0.215m  ee_to_box=0.217m  stage=2  obj=[-0.002 -0.   ]  g_hat=[-1.     0.002]
[proxy] err=0.258m  effective=[ 0.167 -0.001  0.05 ]
[ADMM-C3+] primal: 6.1239->7.4315  dual: 113.2257->277.8421  mono=False  iters=25/25  rho=25.0
[ADMM-C3+] WARNING non-converged: pr=7.4315 dr=277.8421 tol=1e-03
[C3+] step=658 |u[0]|=25.45Nm u_axis=(-4.15,-21.52,+9.64,-8.11,-0.78,-2.83,-0.45)Nm λ_n_max=1.044 η_n_max=1.266 primal=7.432 iters=25/25 lcp_res_max=nan
[CONTACT-RUN] step=169 nhat_BA_W=[+0.000,+0.000,+0.000] p_BCb=[+0.000,+0.000,+0.000] distance=+1.00000 contact_type=NONE
[X-SEQ-PROBE] step=169 x0_box=(-0.00172,-0.00046,+0.05000) x1_box=(-0.01347,-0.00158,+0.02565) x1_box_v=(-0.23195,-0.02349,-0.48877) dt=0.050
[APPROACH-OVERRIDE] step=169 phase=A_lift_trav face_axis=0 face_sign=+1 face_score=+1.000 surf_dist=0.1909m advance=0.0100m target=(+0.0982,-0.0037,+0.1350) p_ee_des=(+0.0297,-0.2065,+0.0756)
[VFF] step=169 mode=c3 alpha=0.000 v_des=(-0.1047,-0.3601,-0.0445) |v_des|=0.3776 sat=0 util_max=0.010@j3
[AFF] step=169 mode=c3 on=0 a_ff=(+0.0000,+0.0000,+0.0000) |a_ff|=0.0000
[OSC-FORCE] step=169 mode=c3 lam_des=2.000 lam_ext=2.000
[GS] step=169 mode=c3 switch=kStayInC3 best_k=0 best_src=current curr_cost=131135.22 repos_cost=- best_other=170819.52 met_progress=Y steps_since_improve=33 switches=1
[STEP] step=169 mode=c3 t=1.690s ee=(+0.027,-0.216,+0.073) obj=(-0.002,-0.000,+0.050) goal_dist=0.298m switch=kStayInC3 c3_cost=131135.22 lam_n=0.000 lam_t=0.503 contact=N productive=N f_cmd=(+2.00,-0.00,-0.00)
[GATE-EVOLVE] step=169 curr=131135.22 best_other=170819.52 ratio=0.7677 ee_to_optimal=0.2200m phi=0.1391m
[STAGE-A-TRACE] step=169 sim_t=1.690 mode=c3 phi=0.13913 box_xy=-0.00172,-0.00046 lam_n_ee_box=nan qy=+0.00001 qz=-0.01619 finished_repos=0
[DRAKE-CONTACT] step=169 n_pairs=1 ee_box_normal=0.000
[GATE-CONTACT] step=169 F_W=(+0.0000,+0.0000,+0.0000) F_on_box=(-0.0000,-0.0000,-0.0000) n_face_out=(-0.0000,-0.0000,-0.0000) A_is_ee=0 box_q=(+0.99991,-0.00004,+0.00001,-0.01619) box_p=(-0.00172,-0.00046,+0.05000) ee_p=(+0.02662,-0.21561,+0.07297)
[EErel] along_push=-0.028m (neg=correct)  perp=0.218m  ee_to_box=0.220m  stage=2  obj=[-0.002 -0.   ]  g_hat=[-1.     0.002]
[proxy] err=0.260m  effective=[ 0.166 -0.001  0.05 ]
[ADMM-C3+] primal: 6.1315->4.9466  dual: 104.6170->97.7607  mono=False  iters=25/25  rho=25.0
[ADMM-C3+] WARNING non-converged: pr=4.9466 dr=97.7607 tol=1e-03
[C3+] step=659 |u[0]|=41.34Nm u_axis=(+4.67,-24.97,-2.79,+24.73,-0.46,+21.06,-0.37)Nm λ_n_max=1.065 η_n_max=1.286 primal=4.947 iters=25/25 lcp_res_max=nan
[EErel] along_push=-0.028m (neg=correct)  perp=0.218m  ee_to_box=0.220m  stage=2  obj=[-0.002 -0.   ]  g_hat=[-1.     0.002]
[proxy] err=0.260m  effective=[ 0.166 -0.001  0.05 ]
[ADMM-C3+] primal: 6.1315->4.9466  dual: 104.6170->97.7607  mono=False  iters=25/25  rho=25.0
[ADMM-C3+] WARNING non-converged: pr=4.9466 dr=97.7607 tol=1e-03
[C3+] step=664 |u[0]|=25.25Nm u_axis=(-4.16,-21.30,+9.63,-8.06,-0.80,-2.79,-0.45)Nm λ_n_max=1.065 η_n_max=1.286 primal=4.947 iters=25/25 lcp_res_max=nan
[CONTACT-RUN] step=170 nhat_BA_W=[+0.000,+0.000,+0.000] p_BCb=[+0.000,+0.000,+0.000] distance=+1.00000 contact_type=NONE
[X-SEQ-PROBE] step=170 x0_box=(-0.00172,-0.00046,+0.05000) x1_box=(-0.01254,+0.00070,+0.02535) x1_box_v=(-0.22037,+0.02324,-0.49174) dt=0.050
[APPROACH-OVERRIDE] step=170 phase=A_lift_trav face_axis=0 face_sign=+1 face_score=+1.000 surf_dist=0.1936m advance=0.0100m target=(+0.0982,-0.0037,+0.1350) p_ee_des=(+0.0288,-0.2092,+0.0754)
[VFF] step=170 mode=c3 alpha=0.000 v_des=(-0.1038,-0.3565,-0.0431) |v_des|=0.3738 sat=0 util_max=0.010@j3
[AFF] step=170 mode=c3 on=0 a_ff=(+0.0000,+0.0000,+0.0000) |a_ff|=0.0000
[OSC-FORCE] step=170 mode=c3 lam_des=2.000 lam_ext=2.000
[IMP] step=170 mode=c3 |x_err|=0.0100m |tau_imp|=0.99Nm |tau_ff|=0.78Nm |tau_out|=0.99Nm sat=False lam_n=True lam_t=True
[GS] step=170 mode=c3 switch=kStayInC3 best_k=0 best_src=current curr_cost=139240.53 repos_cost=- best_other=179229.56 met_progress=Y steps_since_improve=34 switches=1
[STEP] step=170 mode=c3 t=1.700s ee=(+0.026,-0.218,+0.073) obj=(-0.002,-0.000,+0.050) goal_dist=0.298m switch=kStayInC3 c3_cost=139240.53 lam_n=0.000 lam_t=0.000 contact=N productive=N f_cmd=(+2.00,-0.00,-0.00)
[GATE-EVOLVE] step=170 curr=139240.53 best_other=179229.56 ratio=0.7769 ee_to_optimal=0.2229m phi=0.1419m
[STAGE-A-TRACE] step=170 sim_t=1.700 mode=c3 phi=0.14190 box_xy=-0.00172,-0.00046 lam_n_ee_box=nan qy=+0.00004 qz=-0.01619 finished_repos=0
[DRAKE-CONTACT] step=170 n_pairs=1 ee_box_normal=0.000
[GATE-CONTACT] step=170 F_W=(+0.0000,+0.0000,+0.0000) F_on_box=(-0.0000,-0.0000,-0.0000) n_face_out=(-0.0000,-0.0000,-0.0000) A_is_ee=0 box_q=(+0.99991,+0.00004,+0.00004,-0.01619) box_p=(-0.00172,-0.00046,+0.05000) ee_p=(+0.02572,-0.21837,+0.07276)
[EErel] along_push=-0.027m (neg=correct)  perp=0.221m  ee_to_box=0.222m  stage=2  obj=[-0.002 -0.   ]  g_hat=[-1.     0.002]
[proxy] err=0.263m  effective=[ 0.166 -0.001  0.05 ]
[ADMM-C3+] primal: 6.1229->7.4016  dual: 114.5306->275.7216  mono=False  iters=25/25  rho=25.0
[ADMM-C3+] WARNING non-converged: pr=7.4016 dr=275.7216 tol=1e-03
[C3+] step=665 |u[0]|=41.36Nm u_axis=(+4.46,-24.93,-2.78,+24.59,-0.53,+21.37,-0.36)Nm λ_n_max=1.045 η_n_max=1.267 primal=7.402 iters=25/25 lcp_res_max=nan
[EErel] along_push=-0.027m (neg=correct)  perp=0.221m  ee_to_box=0.222m  stage=2  obj=[-0.002 -0.   ]  g_hat=[-1.     0.002]
[proxy] err=0.263m  effective=[ 0.166 -0.001  0.05 ]
[ADMM-C3+] primal: 6.1229->7.4016  dual: 114.5306->275.7216  mono=False  iters=25/25  rho=25.0
[ADMM-C3+] WARNING non-converged: pr=7.4016 dr=275.7216 tol=1e-03
[C3+] step=670 |u[0]|=25.08Nm u_axis=(-4.15,-21.15,+9.60,-7.99,-0.81,-2.77,-0.45)Nm λ_n_max=1.045 η_n_max=1.267 primal=7.402 iters=25/25 lcp_res_max=nan
[CONTACT-RUN] step=171 nhat_BA_W=[+0.000,+0.000,+0.000] p_BCb=[+0.000,+0.000,+0.000] distance=+1.00000 contact_type=NONE
[X-SEQ-PROBE] step=171 x0_box=(-0.00171,-0.00046,+0.05000) x1_box=(-0.01311,-0.00145,+0.02546) x1_box_v=(-0.22820,-0.02352,-0.49058) dt=0.050
[APPROACH-OVERRIDE] step=171 phase=A_lift_trav face_axis=0 face_sign=+1 face_score=+1.000 surf_dist=0.1964m advance=0.0100m target=(+0.0982,-0.0037,+0.1350) p_ee_des=(+0.0279,-0.2120,+0.0752)
[VFF] step=171 mode=c3 alpha=0.000 v_des=(-0.1025,-0.3532,-0.0418) |v_des|=0.3701 sat=0 util_max=0.010@j3
[AFF] step=171 mode=c3 on=0 a_ff=(+0.0000,+0.0000,+0.0000) |a_ff|=0.0000
[OSC-FORCE] step=171 mode=c3 lam_des=2.000 lam_ext=2.000
[GS] step=171 mode=c3 switch=kStayInC3 best_k=0 best_src=current curr_cost=131583.84 repos_cost=- best_other=171072.91 met_progress=Y steps_since_improve=35 switches=1
[STEP] step=171 mode=c3 t=1.710s ee=(+0.025,-0.221,+0.073) obj=(-0.002,-0.000,+0.050) goal_dist=0.298m switch=kStayInC3 c3_cost=131583.84 lam_n=0.000 lam_t=0.786 contact=N productive=N f_cmd=(+2.00,-0.00,-0.00)
[GATE-EVOLVE] step=171 curr=131583.84 best_other=171072.91 ratio=0.7692 ee_to_optimal=0.2258m phi=0.1447m
[STAGE-A-TRACE] step=171 sim_t=1.710 mode=c3 phi=0.14467 box_xy=-0.00171,-0.00046 lam_n_ee_box=nan qy=+0.00007 qz=-0.01618 finished_repos=0
[DRAKE-CONTACT] step=171 n_pairs=1 ee_box_normal=0.000
[GATE-CONTACT] step=171 F_W=(+0.0000,+0.0000,+0.0000) F_on_box=(-0.0000,-0.0000,-0.0000) n_face_out=(-0.0000,-0.0000,-0.0000) A_is_ee=0 box_q=(+0.99991,-0.00003,+0.00007,-0.01618) box_p=(-0.00171,-0.00046,+0.05000) ee_p=(+0.02484,-0.22110,+0.07256)
[EErel] along_push=-0.026m (neg=correct)  perp=0.223m  ee_to_box=0.225m  stage=2  obj=[-0.002 -0.   ]  g_hat=[-1.     0.002]
[proxy] err=0.265m  effective=[ 0.165 -0.001  0.05 ]
[ADMM-C3+] primal: 6.1233->7.4033  dual: 114.0960->275.7344  mono=False  iters=25/25  rho=25.0
[ADMM-C3+] WARNING non-converged: pr=7.4033 dr=275.7344 tol=1e-03
[C3+] step=671 |u[0]|=41.38Nm u_axis=(+4.25,-24.88,-2.77,+24.45,-0.60,+21.67,-0.35)Nm λ_n_max=1.045 η_n_max=1.267 primal=7.403 iters=25/25 lcp_res_max=nan
[EErel] along_push=-0.026m (neg=correct)  perp=0.223m  ee_to_box=0.225m  stage=2  obj=[-0.002 -0.   ]  g_hat=[-1.     0.002]
[proxy] err=0.265m  effective=[ 0.165 -0.001  0.05 ]
[ADMM-C3+] primal: 6.1233->7.4033  dual: 114.0960->275.7344  mono=False  iters=25/25  rho=25.0
[ADMM-C3+] WARNING non-converged: pr=7.4033 dr=275.7344 tol=1e-03
[C3+] step=676 |u[0]|=24.91Nm u_axis=(-4.14,-20.98,+9.58,-7.93,-0.82,-2.75,-0.45)Nm λ_n_max=1.045 η_n_max=1.267 primal=7.403 iters=25/25 lcp_res_max=nan
[CONTACT-RUN] step=172 nhat_BA_W=[+0.000,+0.000,+0.000] p_BCb=[+0.000,+0.000,+0.000] distance=+1.00000 contact_type=NONE
[X-SEQ-PROBE] step=172 x0_box=(-0.00172,-0.00046,+0.04999) x1_box=(-0.01319,-0.00149,+0.02542) x1_box_v=(-0.22949,-0.02353,-0.49098) dt=0.050
[APPROACH-OVERRIDE] step=172 phase=A_lift_trav face_axis=0 face_sign=+1 face_score=+1.000 surf_dist=0.1992m advance=0.0100m target=(+0.0982,-0.0037,+0.1350) p_ee_des=(+0.0271,-0.2146,+0.0750)
[VFF] step=172 mode=c3 alpha=0.000 v_des=(-0.1013,-0.3499,-0.0406) |v_des|=0.3665 sat=0 util_max=0.010@j3
[AFF] step=172 mode=c3 on=0 a_ff=(+0.0000,+0.0000,+0.0000) |a_ff|=0.0000
[OSC-FORCE] step=172 mode=c3 lam_des=2.000 lam_ext=2.000
[GS] step=172 mode=c3 switch=kStayInC3 best_k=0 best_src=current curr_cost=131708.15 repos_cost=- best_other=171071.35 met_progress=Y steps_since_improve=36 switches=1
[STEP] step=172 mode=c3 t=1.720s ee=(+0.024,-0.224,+0.072) obj=(-0.002,-0.000,+0.050) goal_dist=0.298m switch=kStayInC3 c3_cost=131708.15 lam_n=0.000 lam_t=0.763 contact=N productive=N f_cmd=(+2.00,-0.00,-0.00)
[GATE-EVOLVE] step=172 curr=131708.15 best_other=171071.35 ratio=0.7699 ee_to_optimal=0.2286m phi=0.1474m
[STAGE-A-TRACE] step=172 sim_t=1.720 mode=c3 phi=0.14738 box_xy=-0.00172,-0.00046 lam_n_ee_box=nan qy=+0.00003 qz=-0.01618 finished_repos=0
[DRAKE-CONTACT] step=172 n_pairs=1 ee_box_normal=0.000
[GATE-CONTACT] step=172 F_W=(+0.0000,+0.0000,+0.0000) F_on_box=(-0.0000,-0.0000,-0.0000) n_face_out=(-0.0000,-0.0000,-0.0000) A_is_ee=0 box_q=(+0.99991,-0.00004,+0.00003,-0.01618) box_p=(-0.00172,-0.00046,+0.04999) ee_p=(+0.02397,-0.22378,+0.07238)
[EErel] along_push=-0.025m (neg=correct)  perp=0.226m  ee_to_box=0.227m  stage=2  obj=[-0.002 -0.   ]  g_hat=[-1.     0.002]
[proxy] err=0.267m  effective=[ 0.164 -0.001  0.05 ]
[ADMM-C3+] primal: 5.7416->4.5914  dual: 74.0822->140.3982  mono=False  iters=25/25  rho=25.0
[ADMM-C3+] WARNING non-converged: pr=4.5914 dr=140.3982 tol=1e-03
[C3+] step=677 |u[0]|=41.41Nm u_axis=(+4.03,-24.83,-2.76,+24.32,-0.68,+21.96,-0.35)Nm λ_n_max=0.000 η_n_max=0.677 primal=4.591 iters=25/25 lcp_res_max=nan
[EErel] along_push=-0.025m (neg=correct)  perp=0.226m  ee_to_box=0.227m  stage=2  obj=[-0.002 -0.   ]  g_hat=[-1.     0.002]
[proxy] err=0.267m  effective=[ 0.164 -0.001  0.05 ]
[ADMM-C3+] primal: 5.7416->4.5914  dual: 74.0822->140.3982  mono=False  iters=25/25  rho=25.0
[ADMM-C3+] WARNING non-converged: pr=4.5914 dr=140.3982 tol=1e-03
[C3+] step=682 |u[0]|=24.74Nm u_axis=(-4.13,-20.82,+9.56,-7.86,-0.83,-2.73,-0.45)Nm λ_n_max=0.000 η_n_max=0.677 primal=4.591 iters=25/25 lcp_res_max=nan
[CONTACT-RUN] step=173 nhat_BA_W=[+0.000,+0.000,+0.000] p_BCb=[+0.000,+0.000,+0.000] distance=+1.00000 contact_type=NONE
[X-SEQ-PROBE] step=173 x0_box=(-0.00173,-0.00046,+0.05000) x1_box=(-0.00181,-0.00028,+0.02568) x1_box_v=(-0.00083,+0.00677,-0.48847) dt=0.050
[APPROACH-OVERRIDE] step=173 phase=A_lift_trav face_axis=0 face_sign=+1 face_score=+1.000 surf_dist=0.2019m advance=0.0100m target=(+0.0982,-0.0037,+0.1350) p_ee_des=(+0.0262,-0.2173,+0.0748)
[VFF] step=173 mode=c3 alpha=0.000 v_des=(-0.1001,-0.3466,-0.0394) |v_des|=0.3629 sat=0 util_max=0.009@j3
[AFF] step=173 mode=c3 on=0 a_ff=(+0.0000,+0.0000,+0.0000) |a_ff|=0.0000
[OSC-FORCE] step=173 mode=c3 lam_des=2.000 lam_ext=2.000
[GS] step=173 mode=c3 switch=kStayInC3 best_k=0 best_src=current curr_cost=158053.64 repos_cost=- best_other=194290.84 met_progress=Y steps_since_improve=37 switches=1
[STEP] step=173 mode=c3 t=1.730s ee=(+0.023,-0.226,+0.072) obj=(-0.002,-0.000,+0.050) goal_dist=0.298m switch=kStayInC3 c3_cost=158053.64 lam_n=0.000 lam_t=0.000 contact=N productive=N f_cmd=(+2.00,-0.00,-0.00)
[GATE-EVOLVE] step=173 curr=158053.64 best_other=194290.84 ratio=0.8135 ee_to_optimal=0.2314m phi=0.1501m
[STAGE-A-TRACE] step=173 sim_t=1.730 mode=c3 phi=0.15006 box_xy=-0.00173,-0.00046 lam_n_ee_box=nan qy=-0.00005 qz=-0.01618 finished_repos=0
[DRAKE-CONTACT] step=173 n_pairs=1 ee_box_normal=0.000
[GATE-CONTACT] step=173 F_W=(+0.0000,+0.0000,+0.0000) F_on_box=(-0.0000,-0.0000,-0.0000) n_face_out=(-0.0000,-0.0000,-0.0000) A_is_ee=0 box_q=(+0.99991,-0.00001,-0.00005,-0.01618) box_p=(-0.00173,-0.00046,+0.05000) ee_p=(+0.02311,-0.22644,+0.07220)
[EErel] along_push=-0.024m (neg=correct)  perp=0.229m  ee_to_box=0.230m  stage=2  obj=[-0.002 -0.   ]  g_hat=[-1.     0.002]
[proxy] err=0.269m  effective=[ 0.164 -0.001  0.05 ]
[ADMM-C3+] primal: 6.1241->7.3816  dual: 114.9696->275.2087  mono=False  iters=25/25  rho=25.0
[ADMM-C3+] WARNING non-converged: pr=7.3816 dr=275.2087 tol=1e-03
[C3+] step=683 |u[0]|=41.45Nm u_axis=(+3.82,-24.79,-2.75,+24.20,-0.75,+22.25,-0.34)Nm λ_n_max=1.044 η_n_max=1.267 primal=7.382 iters=25/25 lcp_res_max=nan
[EErel] along_push=-0.024m (neg=correct)  perp=0.229m  ee_to_box=0.230m  stage=2  obj=[-0.002 -0.   ]  g_hat=[-1.     0.002]
[proxy] err=0.269m  effective=[ 0.164 -0.001  0.05 ]
[ADMM-C3+] primal: 6.1241->7.3816  dual: 114.9696->275.2087  mono=False  iters=25/25  rho=25.0
[ADMM-C3+] WARNING non-converged: pr=7.3816 dr=275.2087 tol=1e-03
[C3+] step=688 |u[0]|=24.57Nm u_axis=(-4.13,-20.66,+9.54,-7.79,-0.83,-2.71,-0.45)Nm λ_n_max=1.044 η_n_max=1.267 primal=7.382 iters=25/25 lcp_res_max=nan
[CONTACT-RUN] step=174 nhat_BA_W=[+0.000,+0.000,+0.000] p_BCb=[+0.000,+0.000,+0.000] distance=+1.00000 contact_type=NONE
[X-SEQ-PROBE] step=174 x0_box=(-0.00172,-0.00045,+0.05000) x1_box=(-0.01309,-0.00140,+0.02534) x1_box_v=(-0.22723,-0.02347,-0.49184) dt=0.050
[APPROACH-OVERRIDE] step=174 phase=A_lift_trav face_axis=0 face_sign=+1 face_score=+1.000 surf_dist=0.2045m advance=0.0100m target=(+0.0982,-0.0037,+0.1350) p_ee_des=(+0.0254,-0.2199,+0.0746)
[VFF] step=174 mode=c3 alpha=0.000 v_des=(-0.0989,-0.3434,-0.0382) |v_des|=0.3594 sat=0 util_max=0.009@j3
[AFF] step=174 mode=c3 on=0 a_ff=(+0.0000,+0.0000,+0.0000) |a_ff|=0.0000
[OSC-FORCE] step=174 mode=c3 lam_des=2.000 lam_ext=2.000
[GS] step=174 mode=c3 switch=kStayInC3 best_k=0 best_src=current curr_cost=131446.59 repos_cost=- best_other=170461.14 met_progress=Y steps_since_improve=38 switches=1
[STEP] step=174 mode=c3 t=1.740s ee=(+0.022,-0.229,+0.072) obj=(-0.002,-0.000,+0.050) goal_dist=0.298m switch=kStayInC3 c3_cost=131446.59 lam_n=0.000 lam_t=0.807 contact=N productive=N f_cmd=(+2.00,-0.00,-0.00)
[GATE-EVOLVE] step=174 curr=131446.59 best_other=170461.14 ratio=0.7711 ee_to_optimal=0.2341m phi=0.1527m
[STAGE-A-TRACE] step=174 sim_t=1.740 mode=c3 phi=0.15271 box_xy=-0.00172,-0.00045 lam_n_ee_box=nan qy=+0.00005 qz=-0.01617 finished_repos=0
[DRAKE-CONTACT] step=174 n_pairs=1 ee_box_normal=0.000
[GATE-CONTACT] step=174 F_W=(+0.0000,+0.0000,+0.0000) F_on_box=(-0.0000,-0.0000,-0.0000) n_face_out=(-0.0000,-0.0000,-0.0000) A_is_ee=0 box_q=(+0.99991,-0.00007,+0.00005,-0.01617) box_p=(-0.00172,-0.00045,+0.05000) ee_p=(+0.02227,-0.22906,+0.07204)
[EErel] along_push=-0.024m (neg=correct)  perp=0.231m  ee_to_box=0.232m  stage=2  obj=[-0.002 -0.   ]  g_hat=[-1.     0.002]
[proxy] err=0.272m  effective=[ 0.163 -0.001  0.05 ]
[ADMM-C3+] primal: 6.1303->7.3210  dual: 105.1386->200.8104  mono=False  iters=25/25  rho=25.0
[ADMM-C3+] WARNING non-converged: pr=7.3210 dr=200.8104 tol=1e-03
[C3+] step=689 |u[0]|=41.48Nm u_axis=(+3.61,-24.75,-2.74,+24.07,-0.82,+22.53,-0.33)Nm λ_n_max=1.064 η_n_max=1.286 primal=7.321 iters=25/25 lcp_res_max=nan
[EErel] along_push=-0.024m (neg=correct)  perp=0.231m  ee_to_box=0.232m  stage=2  obj=[-0.002 -0.   ]  g_hat=[-1.     0.002]
[proxy] err=0.272m  effective=[ 0.163 -0.001  0.05 ]
[ADMM-C3+] primal: 6.1303->7.3210  dual: 105.1386->200.8104  mono=False  iters=25/25  rho=25.0
[ADMM-C3+] WARNING non-converged: pr=7.3210 dr=200.8104 tol=1e-03
[C3+] step=694 |u[0]|=24.40Nm u_axis=(-4.12,-20.50,+9.51,-7.72,-0.84,-2.69,-0.45)Nm λ_n_max=1.064 η_n_max=1.286 primal=7.321 iters=25/25 lcp_res_max=nan
[CONTACT-RUN] step=175 nhat_BA_W=[+0.000,+0.000,+0.000] p_BCb=[+0.000,+0.000,+0.000] distance=+1.00000 contact_type=NONE
[X-SEQ-PROBE] step=175 x0_box=(-0.00172,-0.00047,+0.05000) x1_box=(-0.01245,+0.00064,+0.02557) x1_box_v=(-0.21908,+0.02323,-0.48950) dt=0.050
[APPROACH-OVERRIDE] step=175 phase=A_lift_trav face_axis=0 face_sign=+1 face_score=+1.000 surf_dist=0.2071m advance=0.0100m target=(+0.0982,-0.0037,+0.1350) p_ee_des=(+0.0245,-0.2225,+0.0744)
[VFF] step=175 mode=c3 alpha=0.000 v_des=(-0.0977,-0.3402,-0.0370) |v_des|=0.3559 sat=0 util_max=0.009@j3
[AFF] step=175 mode=c3 on=0 a_ff=(+0.0000,+0.0000,+0.0000) |a_ff|=0.0000
[OSC-FORCE] step=175 mode=c3 lam_des=2.000 lam_ext=2.000
[GS] step=175 mode=c3 switch=kStayInC3 best_k=0 best_src=current curr_cost=139410.31 repos_cost=- best_other=178696.21 met_progress=Y steps_since_improve=39 switches=1
[STEP] step=175 mode=c3 t=1.750s ee=(+0.021,-0.232,+0.072) obj=(-0.002,-0.000,+0.050) goal_dist=0.298m switch=kStayInC3 c3_cost=139410.31 lam_n=0.000 lam_t=0.000 contact=N productive=N f_cmd=(+2.00,-0.00,-0.00)
[GATE-EVOLVE] step=175 curr=139410.31 best_other=178696.21 ratio=0.7802 ee_to_optimal=0.2368m phi=0.1553m
[STAGE-A-TRACE] step=175 sim_t=1.750 mode=c3 phi=0.15530 box_xy=-0.00172,-0.00047 lam_n_ee_box=nan qy=+0.00002 qz=-0.01617 finished_repos=0
[DRAKE-CONTACT] step=175 n_pairs=1 ee_box_normal=0.000
[GATE-CONTACT] step=175 F_W=(+0.0000,+0.0000,+0.0000) F_on_box=(-0.0000,-0.0000,-0.0000) n_face_out=(-0.0000,-0.0000,-0.0000) A_is_ee=0 box_q=(+0.99991,+0.00010,+0.00002,-0.01617) box_p=(-0.00172,-0.00047,+0.05000) ee_p=(+0.02144,-0.23164,+0.07188)
[EErel] along_push=-0.023m (neg=correct)  perp=0.234m  ee_to_box=0.235m  stage=2  obj=[-0.002 -0.   ]  g_hat=[-1.     0.002]
[proxy] err=0.274m  effective=[ 0.162 -0.001  0.05 ]
[ADMM-C3+] primal: 6.1325->7.3125  dual: 104.0044->200.8010  mono=False  iters=25/25  rho=25.0
[ADMM-C3+] WARNING non-converged: pr=7.3125 dr=200.8010 tol=1e-03
[C3+] step=695 |u[0]|=41.53Nm u_axis=(+3.39,-24.71,-2.73,+23.96,-0.89,+22.81,-0.33)Nm λ_n_max=1.063 η_n_max=1.286 primal=7.312 iters=25/25 lcp_res_max=nan
[EErel] along_push=-0.023m (neg=correct)  perp=0.234m  ee_to_box=0.235m  stage=2  obj=[-0.002 -0.   ]  g_hat=[-1.     0.002]
[proxy] err=0.274m  effective=[ 0.162 -0.001  0.05 ]
[ADMM-C3+] primal: 6.1325->7.3125  dual: 104.0044->200.8010  mono=False  iters=25/25  rho=25.0
[ADMM-C3+] WARNING non-converged: pr=7.3125 dr=200.8010 tol=1e-03
[C3+] step=700 |u[0]|=24.24Nm u_axis=(-4.11,-20.34,+9.49,-7.66,-0.85,-2.67,-0.44)Nm λ_n_max=1.063 η_n_max=1.286 primal=7.312 iters=25/25 lcp_res_max=nan
[CONTACT-RUN] step=176 nhat_BA_W=[+0.000,+0.000,+0.000] p_BCb=[+0.000,+0.000,+0.000] distance=+1.00000 contact_type=NONE
[X-SEQ-PROBE] step=176 x0_box=(-0.00172,-0.00046,+0.05000) x1_box=(-0.01299,+0.00078,+0.02553) x1_box_v=(-0.22596,+0.02318,-0.48995) dt=0.050
[APPROACH-OVERRIDE] step=176 phase=A_lift_trav face_axis=0 face_sign=+1 face_score=+1.000 surf_dist=0.2098m advance=0.0100m target=(+0.0982,-0.0037,+0.1350) p_ee_des=(+0.0237,-0.2250,+0.0743)
[VFF] step=176 mode=c3 alpha=0.000 v_des=(-0.0965,-0.3371,-0.0359) |v_des|=0.3525 sat=0 util_max=0.009@j3
[AFF] step=176 mode=c3 on=0 a_ff=(+0.0000,+0.0000,+0.0000) |a_ff|=0.0000
[OSC-FORCE] step=176 mode=c3 lam_des=2.000 lam_ext=2.000
[GS] step=176 mode=c3 switch=kStayInC3 best_k=0 best_src=current curr_cost=139058.09 repos_cost=- best_other=178124.44 met_progress=Y steps_since_improve=40 switches=1
[STEP] step=176 mode=c3 t=1.760s ee=(+0.021,-0.234,+0.072) obj=(-0.002,-0.000,+0.050) goal_dist=0.298m switch=kStayInC3 c3_cost=139058.09 lam_n=0.000 lam_t=0.000 contact=N productive=N f_cmd=(+2.00,-0.00,-0.00)
[GATE-EVOLVE] step=176 curr=139058.09 best_other=178124.44 ratio=0.7807 ee_to_optimal=0.2395m phi=0.1579m
[STAGE-A-TRACE] step=176 sim_t=1.760 mode=c3 phi=0.15789 box_xy=-0.00172,-0.00046 lam_n_ee_box=nan qy=+0.00001 qz=-0.01616 finished_repos=0
[DRAKE-CONTACT] step=176 n_pairs=1 ee_box_normal=0.000
[GATE-CONTACT] step=176 F_W=(+0.0000,+0.0000,+0.0000) F_on_box=(-0.0000,-0.0000,-0.0000) n_face_out=(-0.0000,-0.0000,-0.0000) A_is_ee=0 box_q=(+0.99991,+0.00001,+0.00001,-0.01616) box_p=(-0.00172,-0.00046,+0.05000) ee_p=(+0.02062,-0.23419,+0.07174)
[EErel] along_push=-0.022m (neg=correct)  perp=0.236m  ee_to_box=0.237m  stage=2  obj=[-0.002 -0.   ]  g_hat=[-1.     0.002]
[proxy] err=0.276m  effective=[ 0.162 -0.001  0.05 ]
[ADMM-C3+] primal: 6.1232->7.4036  dual: 114.0426->275.7350  mono=False  iters=25/25  rho=25.0
[ADMM-C3+] WARNING non-converged: pr=7.4036 dr=275.7350 tol=1e-03
[C3+] step=701 |u[0]|=41.57Nm u_axis=(+3.18,-24.66,-2.72,+23.84,-0.96,+23.08,-0.32)Nm λ_n_max=1.045 η_n_max=1.267 primal=7.404 iters=25/25 lcp_res_max=nan
[EErel] along_push=-0.022m (neg=correct)  perp=0.236m  ee_to_box=0.237m  stage=2  obj=[-0.002 -0.   ]  g_hat=[-1.     0.002]
[proxy] err=0.276m  effective=[ 0.162 -0.001  0.05 ]
[ADMM-C3+] primal: 6.1232->7.4036  dual: 114.0426->275.7350  mono=False  iters=25/25  rho=25.0
[ADMM-C3+] WARNING non-converged: pr=7.4036 dr=275.7350 tol=1e-03
[C3+] step=706 |u[0]|=24.07Nm u_axis=(-4.10,-20.18,+9.46,-7.60,-0.86,-2.65,-0.44)Nm λ_n_max=1.045 η_n_max=1.267 primal=7.404 iters=25/25 lcp_res_max=nan
[CONTACT-RUN] step=177 nhat_BA_W=[+0.000,+0.000,+0.000] p_BCb=[+0.000,+0.000,+0.000] distance=+1.00000 contact_type=NONE
[X-SEQ-PROBE] step=177 x0_box=(-0.00172,-0.00046,+0.04999) x1_box=(-0.01320,-0.00150,+0.02543) x1_box_v=(-0.22959,-0.02354,-0.49090) dt=0.050
[APPROACH-OVERRIDE] step=177 phase=A_lift_trav face_axis=0 face_sign=+1 face_score=+1.000 surf_dist=0.2123m advance=0.0100m target=(+0.0982,-0.0037,+0.1350) p_ee_des=(+0.0229,-0.2275,+0.0741)
[VFF] step=177 mode=c3 alpha=0.000 v_des=(-0.0953,-0.3340,-0.0349) |v_des|=0.3491 sat=0 util_max=0.009@j3
[AFF] step=177 mode=c3 on=0 a_ff=(+0.0000,+0.0000,+0.0000) |a_ff|=0.0000
[OSC-FORCE] step=177 mode=c3 lam_des=2.000 lam_ext=2.000
[GS] step=177 mode=c3 switch=kStayInC3 best_k=0 best_src=current curr_cost=132023.38 repos_cost=- best_other=170732.33 met_progress=Y steps_since_improve=41 switches=1
[STEP] step=177 mode=c3 t=1.770s ee=(+0.020,-0.237,+0.072) obj=(-0.002,-0.000,+0.050) goal_dist=0.298m switch=kStayInC3 c3_cost=132023.38 lam_n=0.000 lam_t=0.761 contact=N productive=N f_cmd=(+2.00,-0.00,-0.00)
[GATE-EVOLVE] step=177 curr=132023.38 best_other=170732.33 ratio=0.7733 ee_to_optimal=0.2421m phi=0.1604m
[STAGE-A-TRACE] step=177 sim_t=1.770 mode=c3 phi=0.16044 box_xy=-0.00172,-0.00046 lam_n_ee_box=nan qy=+0.00003 qz=-0.01616 finished_repos=0
[DRAKE-CONTACT] step=177 n_pairs=1 ee_box_normal=0.000
[GATE-CONTACT] step=177 F_W=(+0.0000,+0.0000,+0.0000) F_on_box=(-0.0000,-0.0000,-0.0000) n_face_out=(-0.0000,-0.0000,-0.0000) A_is_ee=0 box_q=(+0.99991,-0.00003,+0.00003,-0.01616) box_p=(-0.00172,-0.00046,+0.04999) ee_p=(+0.01981,-0.23671,+0.07160)
[EErel] along_push=-0.021m (neg=correct)  perp=0.239m  ee_to_box=0.240m  stage=2  obj=[-0.002 -0.   ]  g_hat=[-1.     0.002]
[proxy] err=0.278m  effective=[ 0.161 -0.001  0.05 ]
[ADMM-C3+] primal: 5.7367->3.7973  dual: 74.5991->78.4310  mono=False  iters=25/25  rho=25.0
[ADMM-C3+] WARNING non-converged: pr=3.7973 dr=78.4310 tol=1e-03
[C3+] step=707 |u[0]|=41.62Nm u_axis=(+2.97,-24.62,-2.71,+23.74,-1.03,+23.35,-0.32)Nm λ_n_max=0.000 η_n_max=0.788 primal=3.797 iters=25/25 lcp_res_max=nan
[EErel] along_push=-0.021m (neg=correct)  perp=0.239m  ee_to_box=0.240m  stage=2  obj=[-0.002 -0.   ]  g_hat=[-1.     0.002]
[proxy] err=0.278m  effective=[ 0.161 -0.001  0.05 ]
[ADMM-C3+] primal: 5.7367->3.7973  dual: 74.5991->78.4310  mono=False  iters=25/25  rho=25.0
[ADMM-C3+] WARNING non-converged: pr=3.7973 dr=78.4310 tol=1e-03
[C3+] step=712 |u[0]|=23.91Nm u_axis=(-4.09,-20.03,+9.44,-7.53,-0.86,-2.64,-0.44)Nm λ_n_max=0.000 η_n_max=0.788 primal=3.797 iters=25/25 lcp_res_max=nan
[CONTACT-RUN] step=178 nhat_BA_W=[+0.000,+0.000,+0.000] p_BCb=[+0.000,+0.000,+0.000] distance=+1.00000 contact_type=NONE
[X-SEQ-PROBE] step=178 x0_box=(-0.00173,-0.00046,+0.05000) x1_box=(-0.00179,-0.00098,+0.02565) x1_box_v=(-0.00068,-0.00686,-0.48875) dt=0.050
[APPROACH-OVERRIDE] step=178 phase=A_lift_trav face_axis=0 face_sign=+1 face_score=+1.000 surf_dist=0.2149m advance=0.0100m target=(+0.0982,-0.0037,+0.1350) p_ee_des=(+0.0221,-0.2300,+0.0740)
[VFF] step=178 mode=c3 alpha=0.000 v_des=(-0.0941,-0.3310,-0.0339) |v_des|=0.3458 sat=0 util_max=0.009@j3
[AFF] step=178 mode=c3 on=0 a_ff=(+0.0000,+0.0000,+0.0000) |a_ff|=0.0000
[OSC-FORCE] step=178 mode=c3 lam_des=2.000 lam_ext=2.000
[GS] step=178 mode=c3 switch=kStayInC3 best_k=0 best_src=current curr_cost=158451.99 repos_cost=- best_other=192871.78 met_progress=Y steps_since_improve=42 switches=1
[STEP] step=178 mode=c3 t=1.780s ee=(+0.019,-0.239,+0.071) obj=(-0.002,-0.000,+0.050) goal_dist=0.298m switch=kStayInC3 c3_cost=158451.99 lam_n=0.000 lam_t=0.000 contact=N productive=N f_cmd=(+2.00,-0.00,-0.00)
[GATE-EVOLVE] step=178 curr=158451.99 best_other=192871.78 ratio=0.8215 ee_to_optimal=0.2447m phi=0.1629m
[STAGE-A-TRACE] step=178 sim_t=1.780 mode=c3 phi=0.16294 box_xy=-0.00173,-0.00046 lam_n_ee_box=nan qy=-0.00006 qz=-0.01616 finished_repos=0
[DRAKE-CONTACT] step=178 n_pairs=1 ee_box_normal=0.000
[GATE-CONTACT] step=178 F_W=(+0.0000,+0.0000,+0.0000) F_on_box=(-0.0000,-0.0000,-0.0000) n_face_out=(-0.0000,-0.0000,-0.0000) A_is_ee=0 box_q=(+0.99991,+0.00001,-0.00006,-0.01616) box_p=(-0.00173,-0.00046,+0.05000) ee_p=(+0.01902,-0.23920,+0.07147)
[EErel] along_push=-0.020m (neg=correct)  perp=0.241m  ee_to_box=0.242m  stage=2  obj=[-0.002 -0.   ]  g_hat=[-1.     0.002]
[proxy] err=0.281m  effective=[ 0.16  -0.001  0.05 ]
[ADMM-C3+] primal: 6.1211->7.4406  dual: 112.2488->277.3711  mono=False  iters=25/25  rho=25.0
[ADMM-C3+] WARNING non-converged: pr=7.4406 dr=277.3711 tol=1e-03
[C3+] step=713 |u[0]|=41.67Nm u_axis=(+2.75,-24.58,-2.70,+23.63,-1.09,+23.61,-0.31)Nm λ_n_max=1.050 η_n_max=1.267 primal=7.441 iters=25/25 lcp_res_max=nan
[EErel] along_push=-0.020m (neg=correct)  perp=0.241m  ee_to_box=0.242m  stage=2  obj=[-0.002 -0.   ]  g_hat=[-1.     0.002]
[proxy] err=0.281m  effective=[ 0.16  -0.001  0.05 ]
[ADMM-C3+] primal: 6.1211->7.4406  dual: 112.2488->277.3711  mono=False  iters=25/25  rho=25.0
[ADMM-C3+] WARNING non-converged: pr=7.4406 dr=277.3711 tol=1e-03
[C3+] step=718 |u[0]|=23.74Nm u_axis=(-4.08,-19.87,+9.41,-7.47,-0.87,-2.62,-0.44)Nm λ_n_max=1.050 η_n_max=1.267 primal=7.441 iters=25/25 lcp_res_max=nan
[CONTACT-RUN] step=179 nhat_BA_W=[+0.000,+0.000,+0.000] p_BCb=[+0.000,+0.000,+0.000] distance=+1.00000 contact_type=NONE
[X-SEQ-PROBE] step=179 x0_box=(-0.00171,-0.00046,+0.04999) x1_box=(-0.01278,-0.00168,+0.02540) x1_box_v=(-0.22568,-0.02384,-0.49113) dt=0.050
[APPROACH-OVERRIDE] step=179 phase=A_lift_trav face_axis=0 face_sign=+1 face_score=+1.000 surf_dist=0.2174m advance=0.0100m target=(+0.0982,-0.0037,+0.1350) p_ee_des=(+0.0213,-0.2325,+0.0738)
[VFF] step=179 mode=c3 alpha=0.000 v_des=(-0.0930,-0.3280,-0.0329) |v_des|=0.3425 sat=0 util_max=0.008@j3
[AFF] step=179 mode=c3 on=0 a_ff=(+0.0000,+0.0000,+0.0000) |a_ff|=0.0000
[OSC-FORCE] step=179 mode=c3 lam_des=2.000 lam_ext=2.000
[GS] step=179 mode=c3 switch=kStayInC3 best_k=0 best_src=current curr_cost=134090.87 repos_cost=- best_other=173297.46 met_progress=Y steps_since_improve=43 switches=1
[STEP] step=179 mode=c3 t=1.790s ee=(+0.018,-0.242,+0.071) obj=(-0.002,-0.000,+0.050) goal_dist=0.298m switch=kStayInC3 c3_cost=134090.87 lam_n=0.000 lam_t=0.475 contact=N productive=N f_cmd=(+2.00,-0.00,-0.00)
[GATE-EVOLVE] step=179 curr=134090.87 best_other=173297.46 ratio=0.7738 ee_to_optimal=0.2473m phi=0.1654m
[STAGE-A-TRACE] step=179 sim_t=1.790 mode=c3 phi=0.16543 box_xy=-0.00171,-0.00046 lam_n_ee_box=nan qy=+0.00007 qz=-0.01615 finished_repos=0
[DRAKE-CONTACT] step=179 n_pairs=1 ee_box_normal=0.000
[GATE-CONTACT] step=179 F_W=(+0.0000,+0.0000,+0.0000) F_on_box=(-0.0000,-0.0000,-0.0000) n_face_out=(-0.0000,-0.0000,-0.0000) A_is_ee=0 box_q=(+0.99991,-0.00004,+0.00007,-0.01615) box_p=(-0.00171,-0.00046,+0.04999) ee_p=(+0.01824,-0.24165,+0.07136)
[PERSIST] step=180 refresh n_strategy=3 samples=[(0.032, -0.0816, 0.03), (0.0782, -0.003, 0.03), (0.0782, -0.003, 0.03)]
[EErel] along_push=-0.020m (neg=correct)  perp=0.244m  ee_to_box=0.244m  stage=2  obj=[-0.002 -0.   ]  g_hat=[-1.     0.002]
[proxy] err=0.283m  effective=[ 0.16  -0.001  0.05 ]
[ADMM-C3+] primal: 6.1213->7.4405  dual: 112.5925->277.5611  mono=False  iters=25/25  rho=25.0
[ADMM-C3+] WARNING non-converged: pr=7.4405 dr=277.5611 tol=1e-03
[C3+] step=719 |u[0]|=41.72Nm u_axis=(+2.54,-24.54,-2.70,+23.53,-1.16,+23.86,-0.31)Nm λ_n_max=1.048 η_n_max=1.267 primal=7.440 iters=25/25 lcp_res_max=nan
[EErel] along_push=-0.020m (neg=correct)  perp=0.244m  ee_to_box=0.244m  stage=2  obj=[-0.002 -0.   ]  g_hat=[-1.     0.002]
[proxy] err=0.283m  effective=[ 0.16  -0.001  0.05 ]
[ADMM-C3+] primal: 6.1213->7.4405  dual: 112.5925->277.5611  mono=False  iters=25/25  rho=25.0
[ADMM-C3+] WARNING non-converged: pr=7.4405 dr=277.5611 tol=1e-03
[C3+] step=724 |u[0]|=23.58Nm u_axis=(-4.07,-19.72,+9.38,-7.40,-0.88,-2.60,-0.44)Nm λ_n_max=1.048 η_n_max=1.267 primal=7.440 iters=25/25 lcp_res_max=nan
[CONTACT-RUN] step=180 nhat_BA_W=[+0.000,+0.000,+0.000] p_BCb=[+0.000,+0.000,+0.000] distance=+1.00000 contact_type=NONE
[X-SEQ-PROBE] step=180 x0_box=(-0.00172,-0.00046,+0.04999) x1_box=(-0.01294,-0.00165,+0.02542) x1_box_v=(-0.22705,-0.02375,-0.49095) dt=0.050
[APPROACH-OVERRIDE] step=180 phase=A_lift_trav face_axis=0 face_sign=+1 face_score=+1.000 surf_dist=0.2199m advance=0.0100m target=(+0.0982,-0.0037,+0.1350) p_ee_des=(+0.0206,-0.2349,+0.0737)
[VFF] step=180 mode=c3 alpha=0.000 v_des=(-0.0918,-0.3251,-0.0319) |v_des|=0.3393 sat=0 util_max=0.008@j3
[AFF] step=180 mode=c3 on=0 a_ff=(+0.0000,+0.0000,+0.0000) |a_ff|=0.0000
[OSC-FORCE] step=180 mode=c3 lam_des=2.000 lam_ext=2.000
[IMP] step=180 mode=c3 |x_err|=0.0100m |tau_imp|=0.82Nm |tau_ff|=0.74Nm |tau_out|=0.82Nm sat=False lam_n=True lam_t=True
[GS] step=180 mode=c3 switch=kStayInC3 best_k=0 best_src=current curr_cost=133505.51 repos_cost=- best_other=171394.32 met_progress=Y steps_since_improve=44 switches=1
[STEP] step=180 mode=c3 t=1.800s ee=(+0.017,-0.244,+0.071) obj=(-0.002,-0.000,+0.050) goal_dist=0.298m switch=kStayInC3 c3_cost=133505.51 lam_n=0.000 lam_t=0.486 contact=N productive=N f_cmd=(+2.00,-0.00,-0.00)
[GATE-EVOLVE] step=180 curr=133505.51 best_other=171394.32 ratio=0.7789 ee_to_optimal=0.2498m phi=0.1679m
[STAGE-A-TRACE] step=180 sim_t=1.800 mode=c3 phi=0.16787 box_xy=-0.00172,-0.00046 lam_n_ee_box=nan qy=+0.00003 qz=-0.01616 finished_repos=0
[GS-table] step=180
  k=0 (current   ) pos=(+0.017,-0.244,+0.071) c_C3= 133505.51 align=0.0000(bonus=    0.00) rot=+0.0000(bonus=    0.00) travel=0.000m(pen=  0.00) c_sample= 133505.51 feas=Y ik_err=0.0000m  ← WIN
  k=1 (strat_0   ) pos=(+0.032,-0.082,+0.030) c_C3= 190019.57 align=0.0000(bonus=    0.00) rot=+0.0000(bonus=    0.00) travel=0.168m(pen= 33.65) c_sample= 190053.22 feas=Y ik_err=0.0001m
  k=2 (strat_1   ) pos=(+0.078,-0.003,+0.030) c_C3= 201329.72 align=0.9995(bonus=29985.80) rot=+0.0000(bonus=    0.00) travel=0.252m(pen= 50.39) c_sample= 171394.32 feas=Y ik_err=0.0006m
  k=3 (strat_2   ) pos=(+0.078,-0.003,+0.030) c_C3= 201329.72 align=0.9995(bonus=29985.80) rot=+0.0000(bonus=    0.00) travel=0.252m(pen= 50.39) c_sample= 171394.32 feas=Y ik_err=0.0006m
  k=4 (buffer    ) pos=(+0.080,+0.000,+0.030) c_C3= 202359.09 align=0.9995(bonus=29985.80) rot=+0.0000(bonus=    0.00) travel=0.255m(pen= 51.06) c_sample= 172424.36 feas=Y ik_err=0.0007m
[DRAKE-CONTACT] step=180 n_pairs=1 ee_box_normal=0.000
[GATE-CONTACT] step=180 F_W=(+0.0000,+0.0000,+0.0000) F_on_box=(-0.0000,-0.0000,-0.0000) n_face_out=(-0.0000,-0.0000,-0.0000) A_is_ee=0 box_q=(+0.99991,-0.00002,+0.00003,-0.01616) box_p=(-0.00172,-0.00046,+0.04999) ee_p=(+0.01747,-0.24407,+0.07124)
[EErel] along_push=-0.019m (neg=correct)  perp=0.246m  ee_to_box=0.247m  stage=2  obj=[-0.002 -0.   ]  g_hat=[-1.     0.002]
[proxy] err=0.285m  effective=[ 0.159 -0.001  0.05 ]
[ADMM-C3+] primal: 5.7290->3.7850  dual: 74.9285->78.1745  mono=False  iters=25/25  rho=25.0
[ADMM-C3+] WARNING non-converged: pr=3.7850 dr=78.1745 tol=1e-03
[C3+] step=725 |u[0]|=41.78Nm u_axis=(+2.32,-24.50,-2.69,+23.44,-1.23,+24.11,-0.30)Nm λ_n_max=0.000 η_n_max=0.786 primal=3.785 iters=25/25 lcp_res_max=nan
[EErel] along_push=-0.019m (neg=correct)  perp=0.246m  ee_to_box=0.247m  stage=2  obj=[-0.002 -0.   ]  g_hat=[-1.     0.002]
[proxy] err=0.285m  effective=[ 0.159 -0.001  0.05 ]
[ADMM-C3+] primal: 5.7290->3.7850  dual: 74.9285->78.1745  mono=False  iters=25/25  rho=25.0
[ADMM-C3+] WARNING non-converged: pr=3.7850 dr=78.1745 tol=1e-03
[C3+] step=730 |u[0]|=23.42Nm u_axis=(-4.06,-19.58,+9.35,-7.33,-0.88,-2.59,-0.44)Nm λ_n_max=0.000 η_n_max=0.786 primal=3.785 iters=25/25 lcp_res_max=nan
[CONTACT-RUN] step=181 nhat_BA_W=[+0.000,+0.000,+0.000] p_BCb=[+0.000,+0.000,+0.000] distance=+1.00000 contact_type=NONE
[X-SEQ-PROBE] step=181 x0_box=(-0.00172,-0.00047,+0.04999) x1_box=(-0.00214,-0.00080,+0.02563) x1_box_v=(-0.00418,-0.00641,-0.48890) dt=0.050
[APPROACH-OVERRIDE] step=181 phase=A_lift_trav face_axis=0 face_sign=+1 face_score=+1.000 surf_dist=0.2223m advance=0.0100m target=(+0.0982,-0.0037,+0.1350) p_ee_des=(+0.0198,-0.2373,+0.0736)
[VFF] step=181 mode=c3 alpha=0.000 v_des=(-0.0906,-0.3222,-0.0310) |v_des|=0.3361 sat=0 util_max=0.008@j3
[AFF] step=181 mode=c3 on=0 a_ff=(+0.0000,+0.0000,+0.0000) |a_ff|=0.0000
[OSC-FORCE] step=181 mode=c3 lam_des=2.000 lam_ext=2.000
[GS] step=181 mode=c3 switch=kStayInC3 best_k=0 best_src=current curr_cost=157307.08 repos_cost=- best_other=190462.74 met_progress=Y steps_since_improve=45 switches=1
[STEP] step=181 mode=c3 t=1.810s ee=(+0.017,-0.246,+0.071) obj=(-0.002,-0.000,+0.050) goal_dist=0.298m switch=kStayInC3 c3_cost=157307.08 lam_n=0.000 lam_t=0.000 contact=N productive=N f_cmd=(+2.00,-0.00,-0.00)
[GATE-EVOLVE] step=181 curr=157307.08 best_other=190462.74 ratio=0.8259 ee_to_optimal=0.2523m phi=0.1703m
[STAGE-A-TRACE] step=181 sim_t=1.810 mode=c3 phi=0.17027 box_xy=-0.00172,-0.00047 lam_n_ee_box=nan qy=-0.00003 qz=-0.01616 finished_repos=0
[DRAKE-CONTACT] step=181 n_pairs=1 ee_box_normal=0.000
[GATE-CONTACT] step=181 F_W=(+0.0000,+0.0000,+0.0000) F_on_box=(-0.0000,-0.0000,-0.0000) n_face_out=(-0.0000,-0.0000,-0.0000) A_is_ee=0 box_q=(+0.99991,+0.00007,-0.00003,-0.01616) box_p=(-0.00172,-0.00047,+0.04999) ee_p=(+0.01671,-0.24646,+0.07114)
[EErel] along_push=-0.018m (neg=correct)  perp=0.248m  ee_to_box=0.249m  stage=2  obj=[-0.002 -0.   ]  g_hat=[-1.     0.002]
[proxy] err=0.287m  effective=[ 0.159 -0.001  0.05 ]
[ADMM-C3+] primal: 6.1334->7.3105  dual: 106.1783->202.8530  mono=False  iters=25/25  rho=25.0
[ADMM-C3+] WARNING non-converged: pr=7.3105 dr=202.8530 tol=1e-03
[C3+] step=731 |u[0]|=41.84Nm u_axis=(+2.11,-24.46,-2.68,+23.35,-1.30,+24.36,-0.30)Nm λ_n_max=1.061 η_n_max=1.286 primal=7.311 iters=25/25 lcp_res_max=nan
[EErel] along_push=-0.018m (neg=correct)  perp=0.248m  ee_to_box=0.249m  stage=2  obj=[-0.002 -0.   ]  g_hat=[-1.     0.002]
[proxy] err=0.287m  effective=[ 0.159 -0.001  0.05 ]
[ADMM-C3+] primal: 6.1334->7.3105  dual: 106.1783->202.8530  mono=False  iters=25/25  rho=25.0
[ADMM-C3+] WARNING non-converged: pr=7.3105 dr=202.8530 tol=1e-03
[C3+] step=736 |u[0]|=23.26Nm u_axis=(-4.05,-19.43,+9.32,-7.27,-0.89,-2.57,-0.44)Nm λ_n_max=1.061 η_n_max=1.286 primal=7.311 iters=25/25 lcp_res_max=nan
[CONTACT-RUN] step=182 nhat_BA_W=[+0.000,+0.000,+0.000] p_BCb=[+0.000,+0.000,+0.000] distance=+1.00000 contact_type=NONE
[X-SEQ-PROBE] step=182 x0_box=(-0.00172,-0.00046,+0.05000) x1_box=(-0.01280,+0.00053,+0.02540) x1_box_v=(-0.22191,+0.02302,-0.49116) dt=0.050
[APPROACH-OVERRIDE] step=182 phase=A_lift_trav face_axis=0 face_sign=+1 face_score=+1.000 surf_dist=0.2247m advance=0.0100m target=(+0.0982,-0.0037,+0.1350) p_ee_des=(+0.0191,-0.2396,+0.0734)
[VFF] step=182 mode=c3 alpha=0.000 v_des=(-0.0895,-0.3193,-0.0301) |v_des|=0.3330 sat=0 util_max=0.008@j3
[AFF] step=182 mode=c3 on=0 a_ff=(+0.0000,+0.0000,+0.0000) |a_ff|=0.0000
[OSC-FORCE] step=182 mode=c3 lam_des=2.000 lam_ext=2.000
[GS] step=182 mode=c3 switch=kStayInC3 best_k=0 best_src=current curr_cost=138222.84 repos_cost=- best_other=175764.94 met_progress=Y steps_since_improve=46 switches=1
[STEP] step=182 mode=c3 t=1.820s ee=(+0.016,-0.249,+0.071) obj=(-0.002,-0.000,+0.050) goal_dist=0.298m switch=kStayInC3 c3_cost=138222.84 lam_n=0.000 lam_t=0.000 contact=N productive=N f_cmd=(+2.00,-0.00,-0.00)
[GATE-EVOLVE] step=182 curr=138222.84 best_other=175764.94 ratio=0.7864 ee_to_optimal=0.2548m phi=0.1727m
[STAGE-A-TRACE] step=182 sim_t=1.820 mode=c3 phi=0.17266 box_xy=-0.00172,-0.00046 lam_n_ee_box=nan qy=+0.00005 qz=-0.01616 finished_repos=0
[DRAKE-CONTACT] step=182 n_pairs=1 ee_box_normal=0.000
[GATE-CONTACT] step=182 F_W=(+0.0000,+0.0000,+0.0000) F_on_box=(-0.0000,-0.0000,-0.0000) n_face_out=(-0.0000,-0.0000,-0.0000) A_is_ee=0 box_q=(+0.99991,+0.00004,+0.00005,-0.01616) box_p=(-0.00172,-0.00046,+0.05000) ee_p=(+0.01597,-0.24882,+0.07105)
[EErel] along_push=-0.017m (neg=correct)  perp=0.251m  ee_to_box=0.251m  stage=1  obj=[-0.002 -0.   ]  g_hat=[-1.     0.002]
[proxy] err=0.289m  effective=[ 0.158 -0.001  0.05 ]
[ADMM-C3+] primal: 5.7698->4.6402  dual: 74.0571->141.3256  mono=False  iters=25/25  rho=25.0
[ADMM-C3+] WARNING non-converged: pr=4.6402 dr=141.3256 tol=1e-03
[C3+] step=737 |u[0]|=41.91Nm u_axis=(+1.88,-24.44,-2.71,+23.27,-1.36,+24.60,-0.29)Nm λ_n_max=0.000 η_n_max=0.668 primal=4.640 iters=25/25 lcp_res_max=nan
[EErel] along_push=-0.017m (neg=correct)  perp=0.251m  ee_to_box=0.251m  stage=1  obj=[-0.002 -0.   ]  g_hat=[-1.     0.002]
[proxy] err=0.289m  effective=[ 0.158 -0.001  0.05 ]
[ADMM-C3+] primal: 5.7698->4.6402  dual: 74.0571->141.3256  mono=False  iters=25/25  rho=25.0
[ADMM-C3+] WARNING non-converged: pr=4.6402 dr=141.3256 tol=1e-03
[C3+] step=742 |u[0]|=23.11Nm u_axis=(-4.04,-19.28,+9.29,-7.20,-0.89,-2.55,-0.44)Nm λ_n_max=0.000 η_n_max=0.668 primal=4.640 iters=25/25 lcp_res_max=nan
[CONTACT-RUN] step=183 nhat_BA_W=[+0.000,+0.000,+0.000] p_BCb=[+0.000,+0.000,+0.000] distance=+1.00000 contact_type=NONE
[X-SEQ-PROBE] step=183 x0_box=(-0.00172,-0.00046,+0.04999) x1_box=(-0.00167,+0.00005,+0.02536) x1_box_v=(+0.00049,+0.00760,-0.49162) dt=0.050
[APPROACH-OVERRIDE] step=183 phase=A_lift_trav face_axis=0 face_sign=+1 face_score=+1.000 surf_dist=0.2271m advance=0.0100m target=(+0.0982,-0.0037,+0.1350) p_ee_des=(+0.0183,-0.2419,+0.0733)
[VFF] step=183 mode=c3 alpha=0.000 v_des=(-0.0883,-0.3165,-0.0292) |v_des|=0.3299 sat=0 util_max=0.008@j3
[AFF] step=183 mode=c3 on=0 a_ff=(+0.0000,+0.0000,+0.0000) |a_ff|=0.0000
[OSC-FORCE] step=183 mode=c3 lam_des=2.000 lam_ext=2.000
[GS] step=183 mode=c3 switch=kStayInC3 best_k=0 best_src=current curr_cost=159111.14 repos_cost=- best_other=193691.61 met_progress=Y steps_since_improve=47 switches=1
[STEP] step=183 mode=c3 t=1.830s ee=(+0.015,-0.251,+0.071) obj=(-0.002,-0.000,+0.050) goal_dist=0.298m switch=kStayInC3 c3_cost=159111.14 lam_n=0.000 lam_t=0.000 contact=N productive=N f_cmd=(+2.00,-0.00,-0.00)
[GATE-EVOLVE] step=183 curr=159111.14 best_other=193691.61 ratio=0.8215 ee_to_optimal=0.2572m phi=0.1750m
[STAGE-A-TRACE] step=183 sim_t=1.830 mode=c3 phi=0.17502 box_xy=-0.00172,-0.00046 lam_n_ee_box=nan qy=-0.00001 qz=-0.01617 finished_repos=0
[DRAKE-CONTACT] step=183 n_pairs=1 ee_box_normal=0.000
[GATE-CONTACT] step=183 F_W=(+0.0000,+0.0000,+0.0000) F_on_box=(-0.0000,-0.0000,-0.0000) n_face_out=(-0.0000,-0.0000,-0.0000) A_is_ee=0 box_q=(+0.99991,-0.00004,-0.00001,-0.01617) box_p=(-0.00172,-0.00046,+0.04999) ee_p=(+0.01524,-0.25115,+0.07096)
[EErel] along_push=-0.017m (neg=correct)  perp=0.253m  ee_to_box=0.254m  stage=1  obj=[-0.002 -0.   ]  g_hat=[-1.     0.002]
[proxy] err=0.292m  effective=[ 0.158 -0.001  0.05 ]
[ADMM-C3+] primal: 5.7792->4.6574  dual: 74.1182->141.8157  mono=False  iters=25/25  rho=25.0
[ADMM-C3+] WARNING non-converged: pr=4.6574 dr=141.8157 tol=1e-03
[C3+] step=743 |u[0]|=42.01Nm u_axis=(+1.65,-24.43,-2.75,+23.21,-1.42,+24.84,-0.29)Nm λ_n_max=0.000 η_n_max=0.664 primal=4.657 iters=25/25 lcp_res_max=nan
[EErel] along_push=-0.017m (neg=correct)  perp=0.253m  ee_to_box=0.254m  stage=1  obj=[-0.002 -0.   ]  g_hat=[-1.     0.002]
[proxy] err=0.292m  effective=[ 0.158 -0.001  0.05 ]
[ADMM-C3+] primal: 5.7792->4.6574  dual: 74.1182->141.8157  mono=False  iters=25/25  rho=25.0
[ADMM-C3+] WARNING non-converged: pr=4.6574 dr=141.8157 tol=1e-03
[C3+] step=748 |u[0]|=22.95Nm u_axis=(-4.03,-19.14,+9.27,-7.14,-0.90,-2.54,-0.44)Nm λ_n_max=0.000 η_n_max=0.664 primal=4.657 iters=25/25 lcp_res_max=nan
[CONTACT-RUN] step=184 nhat_BA_W=[+0.000,+0.000,+0.000] p_BCb=[+0.000,+0.000,+0.000] distance=+1.00000 contact_type=NONE
[X-SEQ-PROBE] step=184 x0_box=(-0.00173,-0.00045,+0.04999) x1_box=(-0.00168,+0.00014,+0.02539) x1_box_v=(+0.00045,+0.00784,-0.49130) dt=0.050
[APPROACH-OVERRIDE] step=184 phase=A_lift_trav face_axis=0 face_sign=+1 face_score=+1.000 surf_dist=0.2295m advance=0.0100m target=(+0.0982,-0.0037,+0.1350) p_ee_des=(+0.0176,-0.2442,+0.0732)
[VFF] step=184 mode=c3 alpha=0.000 v_des=(-0.0872,-0.3137,-0.0284) |v_des|=0.3269 sat=0 util_max=0.008@j3
[AFF] step=184 mode=c3 on=0 a_ff=(+0.0000,+0.0000,+0.0000) |a_ff|=0.0000
[OSC-FORCE] step=184 mode=c3 lam_des=2.000 lam_ext=2.000
[GS] step=184 mode=c3 switch=kStayInC3 best_k=0 best_src=current curr_cost=159223.25 repos_cost=- best_other=193734.19 met_progress=Y steps_since_improve=48 switches=1
[STEP] step=184 mode=c3 t=1.840s ee=(+0.015,-0.253,+0.071) obj=(-0.002,-0.000,+0.050) goal_dist=0.298m switch=kStayInC3 c3_cost=159223.25 lam_n=0.000 lam_t=0.000 contact=N productive=N f_cmd=(+2.00,-0.00,-0.00)
[GATE-EVOLVE] step=184 curr=159223.25 best_other=193734.19 ratio=0.8219 ee_to_optimal=0.2596m phi=0.1773m
[STAGE-A-TRACE] step=184 sim_t=1.840 mode=c3 phi=0.17735 box_xy=-0.00173,-0.00045 lam_n_ee_box=nan qy=-0.00006 qz=-0.01617 finished_repos=0
[DRAKE-CONTACT] step=184 n_pairs=1 ee_box_normal=0.000
[GATE-CONTACT] step=184 F_W=(+0.0000,+0.0000,+0.0000) F_on_box=(-0.0000,-0.0000,-0.0000) n_face_out=(-0.0000,-0.0000,-0.0000) A_is_ee=0 box_q=(+0.99991,-0.00007,-0.00006,-0.01617) box_p=(-0.00173,-0.00045,+0.04999) ee_p=(+0.01452,-0.25346,+0.07088)
[EErel] along_push=-0.016m (neg=correct)  perp=0.255m  ee_to_box=0.256m  stage=1  obj=[-0.002 -0.   ]  g_hat=[-1.     0.002]
[proxy] err=0.294m  effective=[ 0.158 -0.001  0.05 ]
[ADMM-C3+] primal: 5.7307->3.8370  dual: 74.9627->76.6575  mono=False  iters=25/25  rho=25.0
[ADMM-C3+] WARNING non-converged: pr=3.8370 dr=76.6575 tol=1e-03
[C3+] step=749 |u[0]|=42.11Nm u_axis=(+1.41,-24.42,-2.80,+23.14,-1.48,+25.08,-0.29)Nm λ_n_max=0.000 η_n_max=0.785 primal=3.837 iters=25/25 lcp_res_max=nan
[EErel] along_push=-0.016m (neg=correct)  perp=0.255m  ee_to_box=0.256m  stage=1  obj=[-0.002 -0.   ]  g_hat=[-1.     0.002]
[proxy] err=0.294m  effective=[ 0.158 -0.001  0.05 ]
[ADMM-C3+] primal: 5.7307->3.8370  dual: 74.9627->76.6575  mono=False  iters=25/25  rho=25.0
[ADMM-C3+] WARNING non-converged: pr=3.8370 dr=76.6575 tol=1e-03
[C3+] step=754 |u[0]|=22.79Nm u_axis=(-4.02,-18.99,+9.24,-7.08,-0.91,-2.52,-0.44)Nm λ_n_max=0.000 η_n_max=0.785 primal=3.837 iters=25/25 lcp_res_max=nan
[CONTACT-RUN] step=185 nhat_BA_W=[+0.000,+0.000,+0.000] p_BCb=[+0.000,+0.000,+0.000] distance=+1.00000 contact_type=NONE
[X-SEQ-PROBE] step=185 x0_box=(-0.00172,-0.00047,+0.05000) x1_box=(-0.00217,-0.00081,+0.02548) x1_box_v=(-0.00445,-0.00642,-0.49039) dt=0.050
[APPROACH-OVERRIDE] step=185 phase=A_lift_trav face_axis=0 face_sign=+1 face_score=+1.000 surf_dist=0.2318m advance=0.0100m target=(+0.0982,-0.0037,+0.1350) p_ee_des=(+0.0169,-0.2465,+0.0731)
[VFF] step=185 mode=c3 alpha=0.000 v_des=(-0.0861,-0.3110,-0.0276) |v_des|=0.3239 sat=0 util_max=0.008@j3
[AFF] step=185 mode=c3 on=0 a_ff=(+0.0000,+0.0000,+0.0000) |a_ff|=0.0000
[OSC-FORCE] step=185 mode=c3 lam_des=2.000 lam_ext=2.000
[GS] step=185 mode=c3 switch=kStayInC3 best_k=0 best_src=current curr_cost=157430.98 repos_cost=- best_other=190159.92 met_progress=Y steps_since_improve=49 switches=1
[STEP] step=185 mode=c3 t=1.850s ee=(+0.014,-0.256,+0.071) obj=(-0.002,-0.000,+0.050) goal_dist=0.298m switch=kStayInC3 c3_cost=157430.98 lam_n=0.000 lam_t=0.000 contact=N productive=N f_cmd=(+2.00,-0.00,-0.00)
[GATE-EVOLVE] step=185 curr=157430.98 best_other=190159.92 ratio=0.8279 ee_to_optimal=0.2620m phi=0.1796m
[STAGE-A-TRACE] step=185 sim_t=1.850 mode=c3 phi=0.17962 box_xy=-0.00172,-0.00047 lam_n_ee_box=nan qy=-0.00004 qz=-0.01618 finished_repos=0
[DRAKE-CONTACT] step=185 n_pairs=1 ee_box_normal=0.000
[GATE-CONTACT] step=185 F_W=(+0.0000,+0.0000,+0.0000) F_on_box=(-0.0000,-0.0000,-0.0000) n_face_out=(-0.0000,-0.0000,-0.0000) A_is_ee=0 box_q=(+0.99991,+0.00008,-0.00004,-0.01618) box_p=(-0.00172,-0.00047,+0.05000) ee_p=(+0.01381,-0.25573,+0.07080)
[EErel] along_push=-0.015m (neg=correct)  perp=0.257m  ee_to_box=0.258m  stage=1  obj=[-0.002 -0.   ]  g_hat=[-1.     0.002]
[proxy] err=0.296m  effective=[ 0.158 -0.001  0.05 ]
[ADMM-C3+] primal: 6.1215->8.5810  dual: 111.0032->239.5739  mono=False  iters=25/25  rho=25.0
[ADMM-C3+] WARNING non-converged: pr=8.5810 dr=239.5739 tol=1e-03
[C3+] step=755 |u[0]|=42.21Nm u_axis=(+1.17,-24.41,-2.85,+23.09,-1.54,+25.31,-0.28)Nm λ_n_max=1.049 η_n_max=1.267 primal=8.581 iters=25/25 lcp_res_max=nan
[EErel] along_push=-0.015m (neg=correct)  perp=0.257m  ee_to_box=0.258m  stage=1  obj=[-0.002 -0.   ]  g_hat=[-1.     0.002]
[proxy] err=0.296m  effective=[ 0.158 -0.001  0.05 ]
[ADMM-C3+] primal: 6.1215->8.5810  dual: 111.0032->239.5739  mono=False  iters=25/25  rho=25.0
[ADMM-C3+] WARNING non-converged: pr=8.5810 dr=239.5739 tol=1e-03
[C3+] step=760 |u[0]|=22.64Nm u_axis=(-4.01,-18.85,+9.21,-7.02,-0.91,-2.50,-0.43)Nm λ_n_max=1.049 η_n_max=1.267 primal=8.581 iters=25/25 lcp_res_max=nan
[CONTACT-RUN] step=186 nhat_BA_W=[+0.000,+0.000,+0.000] p_BCb=[+0.000,+0.000,+0.000] distance=+1.00000 contact_type=NONE
[X-SEQ-PROBE] step=186 x0_box=(-0.00171,-0.00046,+0.05000) x1_box=(-0.01428,-0.00182,+0.02566) x1_box_v=(-0.25182,-0.02380,-0.48868) dt=0.050
[APPROACH-OVERRIDE] step=186 phase=A_lift_trav face_axis=0 face_sign=+1 face_score=+1.000 surf_dist=0.2341m advance=0.0100m target=(+0.0982,-0.0037,+0.1350) p_ee_des=(+0.0162,-0.2487,+0.0731)
[VFF] step=186 mode=c3 alpha=0.000 v_des=(-0.0850,-0.3083,-0.0268) |v_des|=0.3209 sat=0 util_max=0.007@j3
[AFF] step=186 mode=c3 on=0 a_ff=(+0.0000,+0.0000,+0.0000) |a_ff|=0.0000
[OSC-FORCE] step=186 mode=c3 lam_des=2.000 lam_ext=2.000
[GS] step=186 mode=c3 switch=kStayInC3 best_k=0 best_src=current curr_cost=134067.99 repos_cost=- best_other=171445.77 met_progress=Y steps_since_improve=50 switches=1
[STEP] step=186 mode=c3 t=1.860s ee=(+0.013,-0.258,+0.071) obj=(-0.002,-0.000,+0.050) goal_dist=0.298m switch=kStayInC3 c3_cost=134067.99 lam_n=0.000 lam_t=0.421 contact=N productive=N f_cmd=(+2.00,-0.00,-0.00)
[GATE-EVOLVE] step=186 curr=134067.99 best_other=171445.77 ratio=0.7820 ee_to_optimal=0.2643m phi=0.1819m
[STAGE-A-TRACE] step=186 sim_t=1.860 mode=c3 phi=0.18190 box_xy=-0.00171,-0.00046 lam_n_ee_box=nan qy=+0.00006 qz=-0.01618 finished_repos=0
[DRAKE-CONTACT] step=186 n_pairs=1 ee_box_normal=0.000
[GATE-CONTACT] step=186 F_W=(+0.0000,+0.0000,+0.0000) F_on_box=(-0.0000,-0.0000,-0.0000) n_face_out=(-0.0000,-0.0000,-0.0000) A_is_ee=0 box_q=(+0.99991,-0.00002,+0.00006,-0.01618) box_p=(-0.00171,-0.00046,+0.05000) ee_p=(+0.01311,-0.25797,+0.07073)
[EErel] along_push=-0.015m (neg=correct)  perp=0.260m  ee_to_box=0.260m  stage=1  obj=[-0.002 -0.   ]  g_hat=[-1.     0.002]
[proxy] err=0.298m  effective=[ 0.158 -0.001  0.05 ]
[ADMM-C3+] primal: 6.1200->7.4414  dual: 112.5574->277.4998  mono=False  iters=25/25  rho=25.0
[ADMM-C3+] WARNING non-converged: pr=7.4414 dr=277.4998 tol=1e-03
[C3+] step=761 |u[0]|=42.31Nm u_axis=(+0.94,-24.40,-2.89,+23.03,-1.60,+25.54,-0.28)Nm λ_n_max=1.049 η_n_max=1.267 primal=7.441 iters=25/25 lcp_res_max=nan
[EErel] along_push=-0.015m (neg=correct)  perp=0.260m  ee_to_box=0.260m  stage=1  obj=[-0.002 -0.   ]  g_hat=[-1.     0.002]
[proxy] err=0.298m  effective=[ 0.158 -0.001  0.05 ]
[ADMM-C3+] primal: 6.1200->7.4414  dual: 112.5574->277.4998  mono=False  iters=25/25  rho=25.0
[ADMM-C3+] WARNING non-converged: pr=7.4414 dr=277.4998 tol=1e-03
[C3+] step=766 |u[0]|=22.49Nm u_axis=(-4.00,-18.71,+9.17,-6.96,-0.92,-2.49,-0.43)Nm λ_n_max=1.049 η_n_max=1.267 primal=7.441 iters=25/25 lcp_res_max=nan
[CONTACT-RUN] step=187 nhat_BA_W=[+0.000,+0.000,+0.000] p_BCb=[+0.000,+0.000,+0.000] distance=+1.00000 contact_type=NONE
[X-SEQ-PROBE] step=187 x0_box=(-0.00172,-0.00045,+0.04999) x1_box=(-0.01279,-0.00165,+0.02555) x1_box_v=(-0.22559,-0.02382,-0.48966) dt=0.050
[APPROACH-OVERRIDE] step=187 phase=A_lift_trav face_axis=0 face_sign=+1 face_score=+1.000 surf_dist=0.2364m advance=0.0100m target=(+0.0982,-0.0037,+0.1350) p_ee_des=(+0.0155,-0.2510,+0.0730)
[VFF] step=187 mode=c3 alpha=0.000 v_des=(-0.0838,-0.3057,-0.0261) |v_des|=0.3180 sat=0 util_max=0.007@j3
[AFF] step=187 mode=c3 on=0 a_ff=(+0.0000,+0.0000,+0.0000) |a_ff|=0.0000
[OSC-FORCE] step=187 mode=c3 lam_des=2.000 lam_ext=2.000
[GS] step=187 mode=c3 switch=kStayInC3 best_k=0 best_src=current curr_cost=134308.48 repos_cost=- best_other=171562.75 met_progress=Y steps_since_improve=51 switches=1
[STEP] step=187 mode=c3 t=1.870s ee=(+0.012,-0.260,+0.071) obj=(-0.002,-0.000,+0.050) goal_dist=0.298m switch=kStayInC3 c3_cost=134308.48 lam_n=0.000 lam_t=0.486 contact=N productive=N f_cmd=(+2.00,-0.00,-0.00)
[GATE-EVOLVE] step=187 curr=134308.48 best_other=171562.75 ratio=0.7829 ee_to_optimal=0.2667m phi=0.1841m
[STAGE-A-TRACE] step=187 sim_t=1.870 mode=c3 phi=0.18414 box_xy=-0.00172,-0.00045 lam_n_ee_box=nan qy=+0.00003 qz=-0.01618 finished_repos=0
[DRAKE-CONTACT] step=187 n_pairs=1 ee_box_normal=0.000
[GATE-CONTACT] step=187 F_W=(+0.0000,+0.0000,+0.0000) F_on_box=(-0.0000,-0.0000,-0.0000) n_face_out=(-0.0000,-0.0000,-0.0000) A_is_ee=0 box_q=(+0.99991,-0.00007,+0.00003,-0.01618) box_p=(-0.00172,-0.00045,+0.04999) ee_p=(+0.01243,-0.26018,+0.07067)
[EErel] along_push=-0.014m (neg=correct)  perp=0.262m  ee_to_box=0.262m  stage=1  obj=[-0.002 -0.   ]  g_hat=[-1.     0.002]
[proxy] err=0.301m  effective=[ 0.158 -0.001  0.05 ]
[ADMM-C3+] primal: 6.1199->7.4410  dual: 112.6770->277.5415  mono=False  iters=25/25  rho=25.0
[ADMM-C3+] WARNING non-converged: pr=7.4410 dr=277.5415 tol=1e-03
[C3+] step=767 |u[0]|=42.41Nm u_axis=(+0.70,-24.39,-2.94,+22.98,-1.66,+25.76,-0.27)Nm λ_n_max=1.049 η_n_max=1.267 primal=7.441 iters=25/25 lcp_res_max=nan
[EErel] along_push=-0.014m (neg=correct)  perp=0.262m  ee_to_box=0.262m  stage=1  obj=[-0.002 -0.   ]  g_hat=[-1.     0.002]
[proxy] err=0.301m  effective=[ 0.158 -0.001  0.05 ]
[ADMM-C3+] primal: 6.1199->7.4410  dual: 112.6770->277.5415  mono=False  iters=25/25  rho=25.0
[ADMM-C3+] WARNING non-converged: pr=7.4410 dr=277.5415 tol=1e-03
[C3+] step=772 |u[0]|=22.34Nm u_axis=(-3.99,-18.57,+9.14,-6.89,-0.92,-2.47,-0.43)Nm λ_n_max=1.049 η_n_max=1.267 primal=7.441 iters=25/25 lcp_res_max=nan
[CONTACT-RUN] step=188 nhat_BA_W=[+0.000,+0.000,+0.000] p_BCb=[+0.000,+0.000,+0.000] distance=+1.00000 contact_type=NONE
[X-SEQ-PROBE] step=188 x0_box=(-0.00172,-0.00046,+0.05000) x1_box=(-0.01282,-0.00164,+0.02555) x1_box_v=(-0.22586,-0.02379,-0.48970) dt=0.050
[APPROACH-OVERRIDE] step=188 phase=A_lift_trav face_axis=0 face_sign=+1 face_score=+1.000 surf_dist=0.2386m advance=0.0100m target=(+0.0982,-0.0037,+0.1350) p_ee_des=(+0.0148,-0.2531,+0.0729)
[VFF] step=188 mode=c3 alpha=0.000 v_des=(-0.0827,-0.3030,-0.0253) |v_des|=0.3151 sat=0 util_max=0.007@j3
[AFF] step=188 mode=c3 on=0 a_ff=(+0.0000,+0.0000,+0.0000) |a_ff|=0.0000
[OSC-FORCE] step=188 mode=c3 lam_des=2.000 lam_ext=2.000
[GS] step=188 mode=c3 switch=kStayInC3 best_k=0 best_src=current curr_cost=134177.08 repos_cost=- best_other=171305.04 met_progress=Y steps_since_improve=52 switches=1
[STEP] step=188 mode=c3 t=1.880s ee=(+0.012,-0.262,+0.071) obj=(-0.002,-0.000,+0.050) goal_dist=0.298m switch=kStayInC3 c3_cost=134177.08 lam_n=0.000 lam_t=0.490 contact=N productive=N f_cmd=(+2.00,-0.00,-0.00)
[GATE-EVOLVE] step=188 curr=134177.08 best_other=171305.04 ratio=0.7833 ee_to_optimal=0.2689m phi=0.1863m
[STAGE-A-TRACE] step=188 sim_t=1.880 mode=c3 phi=0.18634 box_xy=-0.00172,-0.00046 lam_n_ee_box=nan qy=+0.00001 qz=-0.01619 finished_repos=0
[DRAKE-CONTACT] step=188 n_pairs=1 ee_box_normal=0.000
[GATE-CONTACT] step=188 F_W=(+0.0000,+0.0000,+0.0000) F_on_box=(-0.0000,-0.0000,-0.0000) n_face_out=(-0.0000,-0.0000,-0.0000) A_is_ee=0 box_q=(+0.99991,-0.00005,+0.00001,-0.01619) box_p=(-0.00172,-0.00046,+0.05000) ee_p=(+0.01175,-0.26237,+0.07061)
[EErel] along_push=-0.013m (neg=correct)  perp=0.264m  ee_to_box=0.264m  stage=1  obj=[-0.002 -0.   ]  g_hat=[-1.     0.002]
[proxy] err=0.303m  effective=[ 0.158 -0.001  0.05 ]
[ADMM-C3+] primal: 5.7460->4.5851  dual: 74.1241->139.8166  mono=False  iters=25/25  rho=25.0
[ADMM-C3+] WARNING non-converged: pr=4.5851 dr=139.8166 tol=1e-03
[C3+] step=773 |u[0]|=42.51Nm u_axis=(+0.47,-24.37,-2.99,+22.93,-1.71,+25.98,-0.27)Nm λ_n_max=0.000 η_n_max=0.675 primal=4.585 iters=25/25 lcp_res_max=nan
[EErel] along_push=-0.013m (neg=correct)  perp=0.264m  ee_to_box=0.264m  stage=1  obj=[-0.002 -0.   ]  g_hat=[-1.     0.002]
[proxy] err=0.303m  effective=[ 0.158 -0.001  0.05 ]
[ADMM-C3+] primal: 5.7460->4.5851  dual: 74.1241->139.8166  mono=False  iters=25/25  rho=25.0
[ADMM-C3+] WARNING non-converged: pr=4.5851 dr=139.8166 tol=1e-03
[C3+] step=778 |u[0]|=22.19Nm u_axis=(-3.98,-18.43,+9.11,-6.83,-0.93,-2.46,-0.43)Nm λ_n_max=0.000 η_n_max=0.675 primal=4.585 iters=25/25 lcp_res_max=nan
[CONTACT-RUN] step=189 nhat_BA_W=[+0.000,+0.000,+0.000] p_BCb=[+0.000,+0.000,+0.000] distance=+1.00000 contact_type=NONE
[X-SEQ-PROBE] step=189 x0_box=(-0.00172,-0.00046,+0.05000) x1_box=(-0.00184,-0.00023,+0.02572) x1_box_v=(-0.00116,+0.00689,-0.48804) dt=0.050
[APPROACH-OVERRIDE] step=189 phase=A_lift_trav face_axis=0 face_sign=+1 face_score=+1.000 surf_dist=0.2409m advance=0.0100m target=(+0.0982,-0.0037,+0.1350) p_ee_des=(+0.0142,-0.2553,+0.0728)
[VFF] step=189 mode=c3 alpha=0.000 v_des=(-0.0816,-0.3005,-0.0246) |v_des|=0.3123 sat=0 util_max=0.007@j3
[AFF] step=189 mode=c3 on=0 a_ff=(+0.0000,+0.0000,+0.0000) |a_ff|=0.0000
[OSC-FORCE] step=189 mode=c3 lam_des=2.000 lam_ext=2.000
[GS] step=189 mode=c3 switch=kStayInC3 best_k=0 best_src=current curr_cost=158802.17 repos_cost=- best_other=192588.22 met_progress=Y steps_since_improve=53 switches=1
[STEP] step=189 mode=c3 t=1.890s ee=(+0.011,-0.265,+0.071) obj=(-0.002,-0.000,+0.050) goal_dist=0.298m switch=kStayInC3 c3_cost=158802.17 lam_n=0.000 lam_t=0.000 contact=N productive=N f_cmd=(+2.00,-0.00,-0.00)
[GATE-EVOLVE] step=189 curr=158802.17 best_other=192588.22 ratio=0.8246 ee_to_optimal=0.2712m phi=0.1885m
[STAGE-A-TRACE] step=189 sim_t=1.890 mode=c3 phi=0.18852 box_xy=-0.00172,-0.00046 lam_n_ee_box=nan qy=-0.00004 qz=-0.01619 finished_repos=0
[DRAKE-CONTACT] step=189 n_pairs=1 ee_box_normal=0.000
[GATE-CONTACT] step=189 F_W=(+0.0000,+0.0000,+0.0000) F_on_box=(-0.0000,-0.0000,-0.0000) n_face_out=(-0.0000,-0.0000,-0.0000) A_is_ee=0 box_q=(+0.99991,-0.00006,-0.00004,-0.01619) box_p=(-0.00172,-0.00046,+0.05000) ee_p=(+0.01109,-0.26453,+0.07056)
[EErel] along_push=-0.013m (neg=correct)  perp=0.266m  ee_to_box=0.266m  stage=1  obj=[-0.002 -0.   ]  g_hat=[-1.     0.002]
[proxy] err=0.305m  effective=[ 0.158 -0.001  0.05 ]
[ADMM-C3+] primal: 5.7479->4.5911  dual: 74.0578->139.9575  mono=False  iters=25/25  rho=25.0
[ADMM-C3+] WARNING non-converged: pr=4.5911 dr=139.9575 tol=1e-03
[C3+] step=779 |u[0]|=42.61Nm u_axis=(+0.24,-24.36,-3.03,+22.89,-1.77,+26.18,-0.27)Nm λ_n_max=0.000 η_n_max=0.675 primal=4.591 iters=25/25 lcp_res_max=nan
[EErel] along_push=-0.013m (neg=correct)  perp=0.266m  ee_to_box=0.266m  stage=1  obj=[-0.002 -0.   ]  g_hat=[-1.     0.002]
[proxy] err=0.305m  effective=[ 0.158 -0.001  0.05 ]
[ADMM-C3+] primal: 5.7479->4.5911  dual: 74.0578->139.9575  mono=False  iters=25/25  rho=25.0
[ADMM-C3+] WARNING non-converged: pr=4.5911 dr=139.9575 tol=1e-03
[C3+] step=784 |u[0]|=22.04Nm u_axis=(-3.96,-18.30,+9.08,-6.77,-0.93,-2.45,-0.43)Nm λ_n_max=0.000 η_n_max=0.675 primal=4.591 iters=25/25 lcp_res_max=nan
[CONTACT-RUN] step=190 nhat_BA_W=[+0.000,+0.000,+0.000] p_BCb=[+0.000,+0.000,+0.000] distance=+1.00000 contact_type=NONE
[X-SEQ-PROBE] step=190 x0_box=(-0.00172,-0.00046,+0.05000) x1_box=(-0.00177,-0.00021,+0.02553) x1_box_v=(-0.00048,+0.00696,-0.48992) dt=0.050
[APPROACH-OVERRIDE] step=190 phase=A_lift_trav face_axis=0 face_sign=+1 face_score=+1.000 surf_dist=0.2431m advance=0.0100m target=(+0.0982,-0.0037,+0.1350) p_ee_des=(+0.0135,-0.2574,+0.0728)
[VFF] step=190 mode=c3 alpha=0.000 v_des=(-0.0805,-0.2979,-0.0240) |v_des|=0.3095 sat=0 util_max=0.007@j3
[AFF] step=190 mode=c3 on=0 a_ff=(+0.0000,+0.0000,+0.0000) |a_ff|=0.0000
[OSC-FORCE] step=190 mode=c3 lam_des=2.000 lam_ext=2.000
[IMP] step=190 mode=c3 |x_err|=0.0100m |tau_imp|=0.68Nm |tau_ff|=0.70Nm |tau_out|=0.68Nm sat=False lam_n=True lam_t=True
[GS] step=190 mode=c3 switch=kStayInC3 best_k=0 best_src=current curr_cost=159075.69 repos_cost=- best_other=192812.70 met_progress=Y steps_since_improve=54 switches=1
[STEP] step=190 mode=c3 t=1.900s ee=(+0.010,-0.267,+0.071) obj=(-0.002,-0.000,+0.050) goal_dist=0.298m switch=kStayInC3 c3_cost=159075.69 lam_n=0.000 lam_t=0.000 contact=N productive=N f_cmd=(+2.00,-0.00,-0.00)
[GATE-EVOLVE] step=190 curr=159075.69 best_other=192812.70 ratio=0.8250 ee_to_optimal=0.2734m phi=0.1907m
[STAGE-A-TRACE] step=190 sim_t=1.900 mode=c3 phi=0.19066 box_xy=-0.00172,-0.00046 lam_n_ee_box=nan qy=-0.00002 qz=-0.01616 finished_repos=0
[DRAKE-CONTACT] step=190 n_pairs=1 ee_box_normal=0.000
[GATE-CONTACT] step=190 F_W=(+0.0000,+0.0000,+0.0000) F_on_box=(-0.0000,-0.0000,-0.0000) n_face_out=(-0.0000,-0.0000,-0.0000) A_is_ee=0 box_q=(+0.99991,-0.00003,-0.00002,-0.01616) box_p=(-0.00172,-0.00046,+0.05000) ee_p=(+0.01044,-0.26666,+0.07051)
[EErel] along_push=-0.012m (neg=correct)  perp=0.268m  ee_to_box=0.269m  stage=1  obj=[-0.002 -0.   ]  g_hat=[-1.     0.002]
[proxy] err=0.307m  effective=[ 0.158 -0.001  0.05 ]
[ADMM-C3+] primal: 5.7706->4.6327  dual: 74.6026->141.8103  mono=False  iters=25/25  rho=25.0
[ADMM-C3+] WARNING non-converged: pr=4.6327 dr=141.8103 tol=1e-03
[C3+] step=785 |u[0]|=42.72Nm u_axis=(+0.01,-24.35,-3.08,+22.85,-1.83,+26.39,-0.26)Nm λ_n_max=0.000 η_n_max=0.660 primal=4.633 iters=25/25 lcp_res_max=nan
[EErel] along_push=-0.012m (neg=correct)  perp=0.268m  ee_to_box=0.269m  stage=1  obj=[-0.002 -0.   ]  g_hat=[-1.     0.002]
[proxy] err=0.307m  effective=[ 0.158 -0.001  0.05 ]
[ADMM-C3+] primal: 5.7706->4.6327  dual: 74.6026->141.8103  mono=False  iters=25/25  rho=25.0
[ADMM-C3+] WARNING non-converged: pr=4.6327 dr=141.8103 tol=1e-03
[C3+] step=790 |u[0]|=21.89Nm u_axis=(-3.95,-18.16,+9.05,-6.70,-0.93,-2.43,-0.43)Nm λ_n_max=0.000 η_n_max=0.660 primal=4.633 iters=25/25 lcp_res_max=nan
[CONTACT-RUN] step=191 nhat_BA_W=[+0.000,+0.000,+0.000] p_BCb=[+0.000,+0.000,+0.000] distance=+1.00000 contact_type=NONE
[X-SEQ-PROBE] step=191 x0_box=(-0.00173,-0.00046,+0.04999) x1_box=(-0.00220,-0.00006,+0.02548) x1_box_v=(-0.00476,+0.00734,-0.49040) dt=0.050
[APPROACH-OVERRIDE] step=191 phase=A_lift_trav face_axis=0 face_sign=+1 face_score=+1.000 surf_dist=0.2452m advance=0.0100m target=(+0.0982,-0.0037,+0.1350) p_ee_des=(+0.0129,-0.2595,+0.0727)
[VFF] step=191 mode=c3 alpha=0.000 v_des=(-0.0794,-0.2954,-0.0233) |v_des|=0.3068 sat=0 util_max=0.007@j3
[AFF] step=191 mode=c3 on=0 a_ff=(+0.0000,+0.0000,+0.0000) |a_ff|=0.0000
[OSC-FORCE] step=191 mode=c3 lam_des=2.000 lam_ext=2.000
[GS] step=191 mode=c3 switch=kStayInC3 best_k=0 best_src=current curr_cost=157650.82 repos_cost=- best_other=191393.32 met_progress=Y steps_since_improve=55 switches=1
[STEP] step=191 mode=c3 t=1.910s ee=(+0.010,-0.269,+0.070) obj=(-0.002,-0.000,+0.050) goal_dist=0.298m switch=kStayInC3 c3_cost=157650.82 lam_n=0.000 lam_t=0.000 contact=N productive=N f_cmd=(+2.00,-0.00,-0.00)
[GATE-EVOLVE] step=191 curr=157650.82 best_other=191393.32 ratio=0.8237 ee_to_optimal=0.2756m phi=0.1928m
[STAGE-A-TRACE] step=191 sim_t=1.910 mode=c3 phi=0.19280 box_xy=-0.00173,-0.00046 lam_n_ee_box=nan qy=-0.00006 qz=-0.01616 finished_repos=0
[DRAKE-CONTACT] step=191 n_pairs=1 ee_box_normal=0.000
[GATE-CONTACT] step=191 F_W=(+0.0000,+0.0000,+0.0000) F_on_box=(-0.0000,-0.0000,-0.0000) n_face_out=(-0.0000,-0.0000,-0.0000) A_is_ee=0 box_q=(+0.99991,-0.00009,-0.00006,-0.01616) box_p=(-0.00173,-0.00046,+0.04999) ee_p=(+0.00981,-0.26876,+0.07047)
[EErel] along_push=-0.011m (neg=correct)  perp=0.270m  ee_to_box=0.271m  stage=1  obj=[-0.002 -0.   ]  g_hat=[-1.     0.002]
[proxy] err=0.309m  effective=[ 0.158 -0.001  0.05 ]
[ADMM-C3+] primal: 5.7632->4.6176  dual: 74.4421->141.1133  mono=False  iters=25/25  rho=25.0
[ADMM-C3+] WARNING non-converged: pr=4.6176 dr=141.1133 tol=1e-03
[C3+] step=791 |u[0]|=42.82Nm u_axis=(-0.22,-24.34,-3.13,+22.82,-1.89,+26.59,-0.26)Nm λ_n_max=0.000 η_n_max=0.665 primal=4.618 iters=25/25 lcp_res_max=nan
[EErel] along_push=-0.011m (neg=correct)  perp=0.270m  ee_to_box=0.271m  stage=1  obj=[-0.002 -0.   ]  g_hat=[-1.     0.002]
[proxy] err=0.309m  effective=[ 0.158 -0.001  0.05 ]
[ADMM-C3+] primal: 5.7632->4.6176  dual: 74.4421->141.1133  mono=False  iters=25/25  rho=25.0
[ADMM-C3+] WARNING non-converged: pr=4.6176 dr=141.1133 tol=1e-03
[C3+] step=796 |u[0]|=21.75Nm u_axis=(-3.94,-18.03,+9.01,-6.64,-0.94,-2.42,-0.43)Nm λ_n_max=0.000 η_n_max=0.665 primal=4.618 iters=25/25 lcp_res_max=nan
[CONTACT-RUN] step=192 nhat_BA_W=[+0.000,+0.000,+0.000] p_BCb=[+0.000,+0.000,+0.000] distance=+1.00000 contact_type=NONE
[X-SEQ-PROBE] step=192 x0_box=(-0.00173,-0.00046,+0.04999) x1_box=(-0.00209,-0.00012,+0.02541) x1_box_v=(-0.00358,+0.00719,-0.49110) dt=0.050
[APPROACH-OVERRIDE] step=192 phase=A_lift_trav face_axis=0 face_sign=+1 face_score=+1.000 surf_dist=0.2474m advance=0.0100m target=(+0.0982,-0.0037,+0.1350) p_ee_des=(+0.0123,-0.2616,+0.0727)
[VFF] step=192 mode=c3 alpha=0.000 v_des=(-0.0784,-0.2929,-0.0227) |v_des|=0.3041 sat=0 util_max=0.007@j3
[AFF] step=192 mode=c3 on=0 a_ff=(+0.0000,+0.0000,+0.0000) |a_ff|=0.0000
[OSC-FORCE] step=192 mode=c3 lam_des=2.000 lam_ext=2.000
[GS] step=192 mode=c3 switch=kStayInC3 best_k=0 best_src=current curr_cost=158087.87 repos_cost=- best_other=191777.31 met_progress=Y steps_since_improve=56 switches=1
[STEP] step=192 mode=c3 t=1.920s ee=(+0.009,-0.271,+0.070) obj=(-0.002,-0.000,+0.050) goal_dist=0.298m switch=kStayInC3 c3_cost=158087.87 lam_n=0.000 lam_t=0.000 contact=N productive=N f_cmd=(+2.00,-0.00,-0.00)
[GATE-EVOLVE] step=192 curr=158087.87 best_other=191777.31 ratio=0.8243 ee_to_optimal=0.2778m phi=0.1949m
[STAGE-A-TRACE] step=192 sim_t=1.920 mode=c3 phi=0.19488 box_xy=-0.00173,-0.00046 lam_n_ee_box=nan qy=-0.00006 qz=-0.01615 finished_repos=0
[DRAKE-CONTACT] step=192 n_pairs=1 ee_box_normal=0.000
[GATE-CONTACT] step=192 F_W=(+0.0000,+0.0000,+0.0000) F_on_box=(-0.0000,-0.0000,-0.0000) n_face_out=(-0.0000,-0.0000,-0.0000) A_is_ee=0 box_q=(+0.99991,-0.00004,-0.00006,-0.01615) box_p=(-0.00173,-0.00046,+0.04999) ee_p=(+0.00918,-0.27084,+0.07044)
[EErel] along_push=-0.011m (neg=correct)  perp=0.272m  ee_to_box=0.273m  stage=1  obj=[-0.002 -0.   ]  g_hat=[-1.     0.002]
[proxy] err=0.311m  effective=[ 0.158 -0.001  0.05 ]
[ADMM-C3+] primal: 6.1232->7.3962  dual: 113.6657->275.1658  mono=False  iters=25/25  rho=25.0
[ADMM-C3+] WARNING non-converged: pr=7.3962 dr=275.1658 tol=1e-03
[C3+] step=797 |u[0]|=42.93Nm u_axis=(-0.44,-24.33,-3.18,+22.78,-1.94,+26.79,-0.26)Nm λ_n_max=1.048 η_n_max=1.266 primal=7.396 iters=25/25 lcp_res_max=nan
[EErel] along_push=-0.011m (neg=correct)  perp=0.272m  ee_to_box=0.273m  stage=1  obj=[-0.002 -0.   ]  g_hat=[-1.     0.002]
[proxy] err=0.311m  effective=[ 0.158 -0.001  0.05 ]
[ADMM-C3+] primal: 6.1232->7.3962  dual: 113.6657->275.1658  mono=False  iters=25/25  rho=25.0
[ADMM-C3+] WARNING non-converged: pr=7.3962 dr=275.1658 tol=1e-03
[C3+] step=802 |u[0]|=21.60Nm u_axis=(-3.93,-17.90,+8.98,-6.59,-0.94,-2.40,-0.43)Nm λ_n_max=1.048 η_n_max=1.266 primal=7.396 iters=25/25 lcp_res_max=nan
[CONTACT-RUN] step=193 nhat_BA_W=[+0.000,+0.000,+0.000] p_BCb=[+0.000,+0.000,+0.000] distance=+1.00000 contact_type=NONE
[X-SEQ-PROBE] step=193 x0_box=(-0.00172,-0.00046,+0.04999) x1_box=(-0.01309,-0.00153,+0.02529) x1_box_v=(-0.22831,-0.02357,-0.49229) dt=0.050
[APPROACH-OVERRIDE] step=193 phase=A_lift_trav face_axis=0 face_sign=+1 face_score=+1.000 surf_dist=0.2495m advance=0.0100m target=(+0.0982,-0.0037,+0.1350) p_ee_des=(+0.0116,-0.2636,+0.0726)
[VFF] step=193 mode=c3 alpha=0.000 v_des=(-0.0773,-0.2905,-0.0221) |v_des|=0.3014 sat=0 util_max=0.007@j3
[AFF] step=193 mode=c3 on=0 a_ff=(+0.0000,+0.0000,+0.0000) |a_ff|=0.0000
[OSC-FORCE] step=193 mode=c3 lam_des=2.000 lam_ext=2.000
[GS] step=193 mode=c3 switch=kStayInC3 best_k=0 best_src=current curr_cost=133291.96 repos_cost=- best_other=169981.22 met_progress=Y steps_since_improve=57 switches=1
[STEP] step=193 mode=c3 t=1.930s ee=(+0.009,-0.273,+0.070) obj=(-0.002,-0.000,+0.050) goal_dist=0.298m switch=kStayInC3 c3_cost=133291.96 lam_n=0.000 lam_t=0.748 contact=N productive=N f_cmd=(+2.00,-0.00,-0.00)
[GATE-EVOLVE] step=193 curr=133291.96 best_other=169981.22 ratio=0.7842 ee_to_optimal=0.2799m phi=0.1970m
[STAGE-A-TRACE] step=193 sim_t=1.930 mode=c3 phi=0.19696 box_xy=-0.00172,-0.00046 lam_n_ee_box=nan qy=+0.00000 qz=-0.01615 finished_repos=0
[DRAKE-CONTACT] step=193 n_pairs=1 ee_box_normal=0.000
[GATE-CONTACT] step=193 F_W=(+0.0000,+0.0000,+0.0000) F_on_box=(-0.0000,-0.0000,-0.0000) n_face_out=(-0.0000,-0.0000,-0.0000) A_is_ee=0 box_q=(+0.99991,-0.00004,+0.00000,-0.01615) box_p=(-0.00172,-0.00046,+0.04999) ee_p=(+0.00856,-0.27289,+0.07040)
[EErel] along_push=-0.010m (neg=correct)  perp=0.274m  ee_to_box=0.275m  stage=1  obj=[-0.002 -0.   ]  g_hat=[-1.     0.002]
[proxy] err=0.313m  effective=[ 0.158 -0.001  0.05 ]
[ADMM-C3+] primal: 6.1227->7.4032  dual: 114.3361->275.7581  mono=False  iters=25/25  rho=25.0
[ADMM-C3+] WARNING non-converged: pr=7.4032 dr=275.7581 tol=1e-03
[C3+] step=803 |u[0]|=43.03Nm u_axis=(-0.67,-24.32,-3.22,+22.75,-2.00,+26.98,-0.25)Nm λ_n_max=1.045 η_n_max=1.267 primal=7.403 iters=25/25 lcp_res_max=nan
[EErel] along_push=-0.010m (neg=correct)  perp=0.274m  ee_to_box=0.275m  stage=1  obj=[-0.002 -0.   ]  g_hat=[-1.     0.002]
[proxy] err=0.313m  effective=[ 0.158 -0.001  0.05 ]
[ADMM-C3+] primal: 6.1227->7.4032  dual: 114.3361->275.7581  mono=False  iters=25/25  rho=25.0
[ADMM-C3+] WARNING non-converged: pr=7.4032 dr=275.7581 tol=1e-03
[C3+] step=808 |u[0]|=21.46Nm u_axis=(-3.92,-17.77,+8.95,-6.53,-0.95,-2.39,-0.43)Nm λ_n_max=1.045 η_n_max=1.267 primal=7.403 iters=25/25 lcp_res_max=nan
[CONTACT-RUN] step=194 nhat_BA_W=[+0.000,+0.000,+0.000] p_BCb=[+0.000,+0.000,+0.000] distance=+1.00000 contact_type=NONE
[X-SEQ-PROBE] step=194 x0_box=(-0.00172,-0.00046,+0.05000) x1_box=(-0.01315,-0.00147,+0.02549) x1_box_v=(-0.22886,-0.02351,-0.49031) dt=0.050
[APPROACH-OVERRIDE] step=194 phase=A_lift_trav face_axis=0 face_sign=+1 face_score=+1.000 surf_dist=0.2515m advance=0.0100m target=(+0.0982,-0.0037,+0.1350) p_ee_des=(+0.0110,-0.2657,+0.0726)
[VFF] step=194 mode=c3 alpha=0.000 v_des=(-0.0763,-0.2881,-0.0215) |v_des|=0.2988 sat=0 util_max=0.007@j3
[AFF] step=194 mode=c3 on=0 a_ff=(+0.0000,+0.0000,+0.0000) |a_ff|=0.0000
[OSC-FORCE] step=194 mode=c3 lam_des=2.000 lam_ext=2.000
[GS] step=194 mode=c3 switch=kStayInC3 best_k=0 best_src=current curr_cost=132815.23 repos_cost=- best_other=169368.53 met_progress=Y steps_since_improve=58 switches=1
[STEP] step=194 mode=c3 t=1.940s ee=(+0.008,-0.275,+0.070) obj=(-0.002,-0.000,+0.050) goal_dist=0.298m switch=kStayInC3 c3_cost=132815.23 lam_n=0.000 lam_t=0.777 contact=N productive=N f_cmd=(+2.00,-0.00,-0.00)
[GATE-EVOLVE] step=194 curr=132815.23 best_other=169368.53 ratio=0.7842 ee_to_optimal=0.2820m phi=0.1990m
[STAGE-A-TRACE] step=194 sim_t=1.940 mode=c3 phi=0.19900 box_xy=-0.00172,-0.00046 lam_n_ee_box=nan qy=+0.00004 qz=-0.01615 finished_repos=0
[DRAKE-CONTACT] step=194 n_pairs=1 ee_box_normal=0.000
[GATE-CONTACT] step=194 F_W=(+0.0000,+0.0000,+0.0000) F_on_box=(-0.0000,-0.0000,-0.0000) n_face_out=(-0.0000,-0.0000,-0.0000) A_is_ee=0 box_q=(+0.99991,-0.00002,+0.00004,-0.01615) box_p=(-0.00172,-0.00046,+0.05000) ee_p=(+0.00796,-0.27491,+0.07038)
[EErel] along_push=-0.010m (neg=correct)  perp=0.276m  ee_to_box=0.277m  stage=1  obj=[-0.002 -0.   ]  g_hat=[-1.     0.002]
[proxy] err=0.315m  effective=[ 0.158 -0.001  0.05 ]
[ADMM-C3+] primal: 5.7654->4.6474  dual: 74.5074->143.5581  mono=False  iters=25/25  rho=25.0
[ADMM-C3+] WARNING non-converged: pr=4.6474 dr=143.5581 tol=1e-03
[C3+] step=809 |u[0]|=43.14Nm u_axis=(-0.89,-24.31,-3.27,+22.73,-2.05,+27.16,-0.25)Nm λ_n_max=0.000 η_n_max=0.664 primal=4.647 iters=25/25 lcp_res_max=nan
[EErel] along_push=-0.010m (neg=correct)  perp=0.276m  ee_to_box=0.277m  stage=1  obj=[-0.002 -0.   ]  g_hat=[-1.     0.002]
[proxy] err=0.315m  effective=[ 0.158 -0.001  0.05 ]
[ADMM-C3+] primal: 5.7654->4.6477  dual: 74.5079->143.5769  mono=False  iters=25/25  rho=25.0
[ADMM-C3+] WARNING non-converged: pr=4.6477 dr=143.5769 tol=1e-03
[C3+] step=814 |u[0]|=21.30Nm u_axis=(-3.97,-17.57,+8.93,-6.55,-0.95,-2.31,-0.40)Nm λ_n_max=0.000 η_n_max=0.664 primal=4.648 iters=25/25 lcp_res_max=nan
[CONTACT-RUN] step=195 nhat_BA_W=[+0.000,+0.000,+0.000] p_BCb=[+0.000,+0.000,+0.000] distance=+1.00000 contact_type=NONE
[X-SEQ-PROBE] step=195 x0_box=(-0.00173,-0.00046,+0.04999) x1_box=(-0.00214,-0.00012,+0.02532) x1_box_v=(-0.00413,+0.00722,-0.49192) dt=0.050
[APPROACH-OVERRIDE] step=195 phase=A_lift_trav face_axis=0 face_sign=+1 face_score=+1.000 surf_dist=0.2536m advance=0.0100m target=(+0.0982,-0.0037,+0.1350) p_ee_des=(+0.0104,-0.2677,+0.0725)
[VFF] step=195 mode=c3 alpha=0.000 v_des=(-0.0756,-0.2853,-0.0208) |v_des|=0.2959 sat=0 util_max=0.007@j3
[AFF] step=195 mode=c3 on=0 a_ff=(+0.0000,+0.0000,+0.0000) |a_ff|=0.0000
[OSC-FORCE] step=195 mode=c3 lam_des=2.000 lam_ext=2.000
[GS] step=195 mode=c3 switch=kStayInC3 best_k=0 best_src=current curr_cost=158033.43 repos_cost=- best_other=191463.76 met_progress=Y steps_since_improve=59 switches=1
[STEP] step=195 mode=c3 t=1.950s ee=(+0.007,-0.277,+0.070) obj=(-0.002,-0.000,+0.050) goal_dist=0.298m switch=kStayInC3 c3_cost=158033.43 lam_n=0.000 lam_t=0.000 contact=N productive=N f_cmd=(+2.00,-0.00,-0.00)
[GATE-EVOLVE] step=195 curr=158033.43 best_other=191463.76 ratio=0.8254 ee_to_optimal=0.2841m phi=0.2010m
[STAGE-A-TRACE] step=195 sim_t=1.950 mode=c3 phi=0.20102 box_xy=-0.00173,-0.00046 lam_n_ee_box=nan qy=-0.00008 qz=-0.01614 finished_repos=0
[DRAKE-CONTACT] step=195 n_pairs=1 ee_box_normal=0.000
[GATE-CONTACT] step=195 F_W=(+0.0000,+0.0000,+0.0000) F_on_box=(-0.0000,-0.0000,-0.0000) n_face_out=(-0.0000,-0.0000,-0.0000) A_is_ee=0 box_q=(+0.99991,-0.00005,-0.00008,-0.01614) box_p=(-0.00173,-0.00046,+0.04999) ee_p=(+0.00737,-0.27691,+0.07035)
[EErel] along_push=-0.009m (neg=correct)  perp=0.278m  ee_to_box=0.279m  stage=1  obj=[-0.002 -0.   ]  g_hat=[-1.     0.002]
[proxy] err=0.317m  effective=[ 0.158 -0.001  0.05 ]
[ADMM-C3+] primal: 5.7315->3.7935  dual: 74.5175->78.2923  mono=False  iters=25/25  rho=25.0
[ADMM-C3+] WARNING non-converged: pr=3.7935 dr=78.2923 tol=1e-03
[C3+] step=815 |u[0]|=43.25Nm u_axis=(-1.11,-24.30,-3.32,+22.70,-2.11,+27.34,-0.25)Nm λ_n_max=0.000 η_n_max=0.791 primal=3.794 iters=25/25 lcp_res_max=nan
[ADMIT-GUARD] step=196 admit_active=0 latch=0/0 ee_z=0.070 gate_cap=0
[ALT-GATE] step=196 target_stable=0/0 allow_descent=1
[GS-tgt] step=196 ee=(+0.007,-0.279,+0.070) p_repos=(+0.078,-0.003,+0.030) ee_to_target=0.288m target_label=strat_1 target_changed=Y delta=nanm
[X-SEQ-PROBE] step=196 x0_box=(-0.00172,-0.00047,+0.05000) x1_box=(-0.00214,-0.00012,+0.02532) x1_box_v=(-0.00413,+0.00722,-0.49192) dt=0.050
[GS] step=196 mode=free switch=kToReposUnproductive best_k=0 best_src=strat_1 curr_cost=159442.94 repos_cost=191689.80 best_other=191689.80 met_progress=N steps_since_improve=60 switches=2
[STEP] step=196 mode=free t=1.960s ee=(+0.007,-0.279,+0.070) obj=(-0.002,-0.000,+0.050) goal_dist=0.298m switch=kToReposUnproductive target=(+0.007,-0.279,+0.074) ee_stride=0.004m ee_to_ptarget=0.288m landing_err=0.2884m ik_ok=Y ik_resid=0.0005m q_max_resid_deg=1.15 target_changed=Y retgt=N held_idx=- held_cost=- won_cost=191689.80 margin=- won_src=strat_1 held_valid=N reason=no_held setpoint_to_ptarget=nanm finished_val=0.2878m finished_thresh=0.0200m pd_resid=nanm nextwp_to_ptarget=nanm guide_terminal_err=nanm
[GATE-EVOLVE] step=196 curr=159442.94 best_other=191689.80 ratio=0.8318 ee_to_optimal=0.2861m phi=0.2030m
[STAGE-A-TRACE] step=196 sim_t=1.960 mode=free phi=0.20300 box_xy=-0.00172,-0.00047 lam_n_ee_box=nan qy=-0.00002 qz=-0.01614 finished_repos=0
[RICH-EXIT-REFRESH] step=196 mode c3->free reason=kToReposUnproductive forcing buffer refresh + clearing prev_repos
[DRAKE-CONTACT] step=196 n_pairs=1 ee_box_normal=0.000
[GATE-CONTACT] step=196 F_W=(+0.0000,+0.0000,+0.0000) F_on_box=(-0.0000,-0.0000,-0.0000) n_face_out=(-0.0000,-0.0000,-0.0000) A_is_ee=0 box_q=(+0.99991,+0.00002,-0.00002,-0.01614) box_p=(-0.00172,-0.00047,+0.05000) ee_p=(+0.00678,-0.27889,+0.07034)
[PERSIST] step=197 refresh n_strategy=1 samples=[(-0.0802, 0.0493, 0.03)]
[EErel] along_push=-0.008m (neg=correct)  perp=0.280m  ee_to_box=0.280m  stage=1  obj=[-0.002 -0.   ]  g_hat=[-1.     0.002]
[proxy] err=0.319m  effective=[ 0.158 -0.001  0.05 ]
[ADMM-C3+] primal: 5.7189->3.7880  dual: 74.0600->77.8409  mono=False  iters=25/25  rho=25.0
[ADMM-C3+] WARNING non-converged: pr=3.7880 dr=77.8409 tol=1e-03
[C3+] step=820 |u[0]|=42.29Nm u_axis=(-1.50,-24.05,-3.35,+21.70,-2.10,+26.85,-0.24)Nm λ_n_max=0.000 η_n_max=0.795 primal=3.788 iters=25/25 lcp_res_max=nan
[ADMIT-GUARD] step=197 admit_active=0 latch=0/0 ee_z=0.070 gate_cap=0
[ALT-GATE] step=197 target_stable=0/0 allow_descent=1
[GS-tgt] step=197 ee=(+0.006,-0.280,+0.070) p_repos=(-0.080,+0.049,+0.030) ee_to_target=0.343m target_label=strat_0 target_changed=Y delta=nanm
[X-SEQ-PROBE] step=197 x0_box=(-0.00172,-0.00047,+0.05000) x1_box=(-0.00214,-0.00012,+0.02532) x1_box_v=(-0.00413,+0.00722,-0.49192) dt=0.050
[GS] step=197 mode=free switch=kStayInRepos best_k=0 best_src=strat_0 curr_cost=160645.02 repos_cost=239313.67 best_other=239313.67 met_progress=N steps_since_improve=61 switches=2
[STEP] step=197 mode=free t=1.970s ee=(+0.006,-0.280,+0.070) obj=(-0.002,-0.000,+0.050) goal_dist=0.298m switch=kStayInRepos target=(+0.006,-0.280,+0.074) ee_stride=0.004m ee_to_ptarget=0.343m landing_err=0.3437m ik_ok=Y ik_resid=0.0005m q_max_resid_deg=1.16 target_changed=Y retgt=N held_idx=- held_cost=- won_cost=239313.67 margin=- won_src=strat_0 held_valid=N reason=no_held setpoint_to_ptarget=nanm finished_val=0.3432m finished_thresh=0.0200m pd_resid=nanm nextwp_to_ptarget=nanm guide_terminal_err=nanm
[GATE-EVOLVE] step=197 curr=160645.02 best_other=239313.67 ratio=0.6713 ee_to_optimal=0.2877m phi=0.2046m
[STAGE-A-TRACE] step=197 sim_t=1.970 mode=free phi=0.20455 box_xy=-0.00172,-0.00047 lam_n_ee_box=nan qy=-0.00001 qz=-0.01613 finished_repos=0
[DRAKE-CONTACT] step=197 n_pairs=1 ee_box_normal=0.000
[GATE-CONTACT] step=197 F_W=(+0.0000,+0.0000,+0.0000) F_on_box=(-0.0000,-0.0000,-0.0000) n_face_out=(-0.0000,-0.0000,-0.0000) A_is_ee=0 box_q=(+0.99991,+0.00005,-0.00001,-0.01613) box_p=(-0.00172,-0.00047,+0.05000) ee_p=(+0.00633,-0.28043,+0.07042)
[EErel] along_push=-0.008m (neg=correct)  perp=0.281m  ee_to_box=0.281m  stage=1  obj=[-0.002 -0.   ]  g_hat=[-1.     0.002]
[proxy] err=0.320m  effective=[ 0.158 -0.001  0.05 ]
[ADMM-C3+] primal: 5.7662->4.6497  dual: 74.5586->143.6918  mono=False  iters=25/25  rho=25.0
[ADMM-C3+] WARNING non-converged: pr=4.6497 dr=143.6918 tol=1e-03
[C3+] step=822 |u[0]|=41.70Nm u_axis=(-1.78,-23.90,-3.39,+21.09,-2.08,+26.54,-0.24)Nm λ_n_max=0.000 η_n_max=0.663 primal=4.650 iters=25/25 lcp_res_max=nan
[ADMIT-GUARD] step=198 admit_active=0 latch=0/0 ee_z=0.071 gate_cap=0
[ALT-GATE] step=198 target_stable=0/0 allow_descent=1
[GS-tgt] step=198 ee=(+0.006,-0.281,+0.071) p_repos=(-0.080,+0.049,+0.030) ee_to_target=0.344m target_label=prev_repos target_changed=N delta=0.000m
[X-SEQ-PROBE] step=198 x0_box=(-0.00173,-0.00046,+0.04999) x1_box=(-0.00214,-0.00012,+0.02532) x1_box_v=(-0.00413,+0.00722,-0.49192) dt=0.050
[GS] step=198 mode=free switch=kStayInRepos best_k=0 best_src=prev_repos curr_cost=157928.27 repos_cost=236548.86 best_other=236548.86 met_progress=N steps_since_improve=62 switches=2
[STEP] step=198 mode=free t=1.980s ee=(+0.006,-0.281,+0.071) obj=(-0.002,-0.000,+0.050) goal_dist=0.298m switch=kStayInRepos target=(+0.006,-0.280,+0.078) ee_stride=0.008m ee_to_ptarget=0.344m landing_err=0.3443m ik_ok=Y ik_resid=0.0001m q_max_resid_deg=2.50 target_changed=Y retgt=N held_idx=1 held_cost=236548.86 won_cost=236548.86 margin=+0.00 won_src=prev_repos held_valid=Y reason=hold setpoint_to_ptarget=nanm finished_val=0.3441m finished_thresh=0.0200m pd_resid=nanm nextwp_to_ptarget=nanm guide_terminal_err=nanm
[GATE-EVOLVE] step=198 curr=157928.27 best_other=236548.86 ratio=0.6676 ee_to_optimal=0.2887m phi=0.2055m
[STAGE-A-TRACE] step=198 sim_t=1.980 mode=free phi=0.20551 box_xy=-0.00173,-0.00046 lam_n_ee_box=nan qy=-0.00008 qz=-0.01613 finished_repos=0
[DRAKE-CONTACT] step=198 n_pairs=1 ee_box_normal=0.000
[GATE-CONTACT] step=198 F_W=(+0.0000,+0.0000,+0.0000) F_on_box=(-0.0000,-0.0000,-0.0000) n_face_out=(-0.0000,-0.0000,-0.0000) A_is_ee=0 box_q=(+0.99991,-0.00005,-0.00008,-0.01613) box_p=(-0.00173,-0.00046,+0.04999) ee_p=(+0.00606,-0.28136,+0.07065)
[EErel] along_push=-0.008m (neg=correct)  perp=0.281m  ee_to_box=0.282m  stage=1  obj=[-0.002 -0.   ]  g_hat=[-1.     0.002]
[proxy] err=0.321m  effective=[ 0.158 -0.001  0.05 ]
[ADMM-C3+] primal: 6.1238->7.3990  dual: 114.3983->275.6128  mono=False  iters=25/25  rho=25.0
[ADMM-C3+] WARNING non-converged: pr=7.3990 dr=275.6128 tol=1e-03
[C3+] step=825 |u[0]|=41.06Nm u_axis=(-1.98,-23.32,-3.69,+20.70,-2.06,+26.30,-0.23)Nm λ_n_max=1.045 η_n_max=1.267 primal=7.399 iters=25/25 lcp_res_max=nan
[ADMIT-GUARD] step=199 admit_active=0 latch=0/0 ee_z=0.071 gate_cap=0
[ALT-GATE] step=199 target_stable=0/0 allow_descent=1
[GS-tgt] step=199 ee=(+0.006,-0.282,+0.071) p_repos=(-0.080,+0.049,+0.030) ee_to_target=0.345m target_label=prev_repos target_changed=N delta=0.000m
[X-SEQ-PROBE] step=199 x0_box=(-0.00172,-0.00046,+0.05000) x1_box=(-0.00214,-0.00012,+0.02532) x1_box_v=(-0.00413,+0.00722,-0.49192) dt=0.050
[GS] step=199 mode=free switch=kToBetterRepos best_k=0 best_src=prev_repos curr_cost=132875.02 repos_cost=212867.00 best_other=212867.00 met_progress=N steps_since_improve=63 switches=2
[STEP] step=199 mode=free t=1.990s ee=(+0.006,-0.282,+0.071) obj=(-0.002,-0.000,+0.050) goal_dist=0.298m switch=kToBetterRepos target=(+0.006,-0.280,+0.082) ee_stride=0.012m ee_to_ptarget=0.345m landing_err=0.3448m ik_ok=Y ik_resid=0.0002m q_max_resid_deg=3.72 target_changed=Y retgt=N held_idx=1 held_cost=212867.00 won_cost=212867.00 margin=+0.00 won_src=prev_repos held_valid=Y reason=hold setpoint_to_ptarget=nanm finished_val=0.3446m finished_thresh=0.0200m pd_resid=nanm nextwp_to_ptarget=nanm guide_terminal_err=nanm
[GATE-EVOLVE] step=199 curr=132875.02 best_other=212867.00 ratio=0.6242 ee_to_optimal=0.2893m phi=0.2060m
[STAGE-A-TRACE] step=199 sim_t=1.990 mode=free phi=0.20605 box_xy=-0.00172,-0.00046 lam_n_ee_box=nan qy=+0.00002 qz=-0.01613 finished_repos=0
[DRAKE-CONTACT] step=199 n_pairs=1 ee_box_normal=0.000
[GATE-CONTACT] step=199 F_W=(+0.0000,+0.0000,+0.0000) F_on_box=(-0.0000,-0.0000,-0.0000) n_face_out=(-0.0000,-0.0000,-0.0000) A_is_ee=0 box_q=(+0.99991,-0.00005,+0.00002,-0.01613) box_p=(-0.00172,-0.00046,+0.05000) ee_p=(+0.00590,-0.28190,+0.07102)
[EErel] along_push=-0.008m (neg=correct)  perp=0.282m  ee_to_box=0.282m  stage=1  obj=[-0.002 -0.   ]  g_hat=[-1.     0.002]
[proxy] err=0.321m  effective=[ 0.158 -0.001  0.05 ]
[ADMM-C3+] primal: 5.7431->4.5963  dual: 74.1004->140.6636  mono=False  iters=25/25  rho=25.0
[ADMM-C3+] WARNING non-converged: pr=4.5963 dr=140.6636 tol=1e-03
[C3+] step=828 |u[0]|=40.37Nm u_axis=(-2.14,-22.39,-4.20,+20.50,-2.03,+26.10,-0.23)Nm λ_n_max=0.000 η_n_max=0.676 primal=4.596 iters=25/25 lcp_res_max=nan
[ADMIT-GUARD] step=200 admit_active=0 latch=0/0 ee_z=0.072 gate_cap=0
[ALT-GATE] step=200 target_stable=0/0 allow_descent=1
[GS-tgt] step=200 ee=(+0.006,-0.282,+0.072) p_repos=(-0.080,+0.049,+0.030) ee_to_target=0.345m target_label=prev_repos target_changed=N delta=0.000m
[X-SEQ-PROBE] step=200 x0_box=(-0.00173,-0.00046,+0.05000) x1_box=(-0.00214,-0.00012,+0.02532) x1_box_v=(-0.00413,+0.00722,-0.49192) dt=0.050
[IMP] step=200 mode=free |x_err|=0.0150m |tau_imp|=16.80Nm |tau_ff|=0.00Nm |tau_out|=16.80Nm sat=False lam_n=False lam_t=False
[GS] step=200 mode=free switch=kStayInRepos best_k=0 best_src=prev_repos curr_cost=159234.29 repos_cost=233944.05 best_other=233944.05 met_progress=N steps_since_improve=64 switches=2
[STEP] step=200 mode=free t=2.000s ee=(+0.006,-0.282,+0.072) obj=(-0.002,-0.000,+0.050) goal_dist=0.298m switch=kStayInRepos target=(+0.006,-0.280,+0.086) ee_stride=0.015m ee_to_ptarget=0.345m landing_err=0.3455m ik_ok=Y ik_resid=0.0003m q_max_resid_deg=4.95 target_changed=Y retgt=N held_idx=1 held_cost=233944.05 won_cost=233944.05 margin=+0.00 won_src=prev_repos held_valid=Y reason=hold setpoint_to_ptarget=nanm finished_val=0.3449m finished_thresh=0.0200m pd_resid=nanm nextwp_to_ptarget=nanm guide_terminal_err=nanm
[GATE-EVOLVE] step=200 curr=159234.29 best_other=233944.05 ratio=0.6807 ee_to_optimal=0.2895m phi=0.2063m
[STAGE-A-TRACE] step=200 sim_t=2.000 mode=free phi=0.20630 box_xy=-0.00173,-0.00046 lam_n_ee_box=nan qy=-0.00004 qz=-0.01612 finished_repos=0
[GS-table] step=200
  k=0 (current   ) pos=(+0.006,-0.282,+0.072) c_C3= 159234.29 align=0.0000(bonus=    0.00) rot=+0.0000(bonus=    0.00) travel=0.000m(pen=  0.00) c_sample= 159234.29 feas=Y ik_err=0.0000m  ← WIN
  k=1 (prev_repos) pos=(-0.080,+0.049,+0.030) c_C3= 233875.07 align=0.0000(bonus=    0.00) rot=+0.0000(bonus=    0.00) travel=0.345m(pen= 68.98) c_sample= 233944.05 feas=Y ik_err=0.0001m
  k=2 (strat_0   ) pos=(-0.080,+0.049,+0.030) c_C3= 233875.07 align=0.0000(bonus=    0.00) rot=+0.0000(bonus=    0.00) travel=0.345m(pen= 68.98) c_sample= 233944.05 feas=Y ik_err=0.0001m
[DRAKE-CONTACT] step=200 n_pairs=1 ee_box_normal=0.000
[GATE-CONTACT] step=200 F_W=(+0.0000,+0.0000,+0.0000) F_on_box=(-0.0000,-0.0000,-0.0000) n_face_out=(-0.0000,-0.0000,-0.0000) A_is_ee=0 box_q=(+0.99991,-0.00002,-0.00004,-0.01612) box_p=(-0.00173,-0.00046,+0.05000) ee_p=(+0.00582,-0.28215,+0.07157)
[EErel] along_push=-0.008m (neg=correct)  perp=0.282m  ee_to_box=0.282m  stage=1  obj=[-0.002 -0.   ]  g_hat=[-1.     0.002]
[proxy] err=0.321m  effective=[ 0.158 -0.001  0.05 ]
[ADMM-C3+] primal: 5.7637->4.6209  dual: 74.4051->141.1839  mono=False  iters=25/25  rho=25.0
[ADMM-C3+] WARNING non-converged: pr=4.6209 dr=141.1839 tol=1e-03
[C3+] step=831 |u[0]|=39.66Nm u_axis=(-2.29,-21.21,-4.88,+20.45,-1.98,+25.92,-0.24)Nm λ_n_max=0.000 η_n_max=0.665 primal=4.621 iters=25/25 lcp_res_max=nan
[ADMIT-GUARD] step=201 admit_active=0 latch=0/0 ee_z=0.072 gate_cap=0
[ALT-GATE] step=201 target_stable=0/0 allow_descent=1
[GS-tgt] step=201 ee=(+0.006,-0.282,+0.072) p_repos=(-0.080,+0.049,+0.030) ee_to_target=0.345m target_label=prev_repos target_changed=N delta=0.000m
[X-SEQ-PROBE] step=201 x0_box=(-0.00172,-0.00046,+0.05000) x1_box=(-0.00214,-0.00012,+0.02532) x1_box_v=(-0.00413,+0.00722,-0.49192) dt=0.050
[GS] step=201 mode=free switch=kStayInRepos best_k=0 best_src=prev_repos curr_cost=158535.74 repos_cost=230507.10 best_other=230507.10 met_progress=N steps_since_improve=65 switches=2
[STEP] step=201 mode=free t=2.010s ee=(+0.006,-0.282,+0.072) obj=(-0.002,-0.000,+0.050) goal_dist=0.298m switch=kStayInRepos target=(+0.006,-0.280,+0.090) ee_stride=0.018m ee_to_ptarget=0.345m landing_err=0.3462m ik_ok=Y ik_resid=0.0004m q_max_resid_deg=6.16 target_changed=Y retgt=N held_idx=1 held_cost=230507.10 won_cost=230507.10 margin=+0.00 won_src=prev_repos held_valid=Y reason=hold setpoint_to_ptarget=nanm finished_val=0.3450m finished_thresh=0.0200m pd_resid=nanm nextwp_to_ptarget=nanm guide_terminal_err=nanm
[GATE-EVOLVE] step=201 curr=158535.74 best_other=230507.10 ratio=0.6878 ee_to_optimal=0.2896m phi=0.2064m
[STAGE-A-TRACE] step=201 sim_t=2.010 mode=free phi=0.20635 box_xy=-0.00172,-0.00046 lam_n_ee_box=nan qy=-0.00000 qz=-0.01612 finished_repos=0
[EXEC-T2] step=200 t=2.00s u_task=[3.13, -16.93, 8.55, -0.52, -0.63, 0.44, -0.01] tau_g=[0.0, -16.24, 5.82, 5.85, -0.22, 1.15, 0.02] total_plant=[3.13, -33.18, 14.37, 5.32, -0.85, 1.59, 0.01] cap=[87.0, 87.0, 87.0, 87.0, 12.0, 12.0, 12.0] task_over=0 plant_over=0 plant_over_joints=[] worst_j=5 worst_headroom_Nm=+10.41
  t=2.00s | ee=(0.006, -0.282, 0.072) | obj=(-0.002, -0.000, 0.050) | |u|=19.25 Nm | goal_dist=0.298 m
[DRAKE-CONTACT] step=201 n_pairs=1 ee_box_normal=0.000
[GATE-CONTACT] step=201 F_W=(+0.0000,+0.0000,+0.0000) F_on_box=(-0.0000,-0.0000,-0.0000) n_face_out=(-0.0000,-0.0000,-0.0000) A_is_ee=0 box_q=(+0.99991,-0.00004,-0.00000,-0.01612) box_p=(-0.00172,-0.00046,+0.05000) ee_p=(+0.00578,-0.28220,+0.07234)
[EErel] along_push=-0.008m (neg=correct)  perp=0.282m  ee_to_box=0.282m  stage=1  obj=[-0.002 -0.   ]  g_hat=[-1.     0.002]
[proxy] err=0.321m  effective=[ 0.158 -0.001  0.05 ]
[ADMM-C3+] primal: 5.7373->3.7989  dual: 74.5356->78.4660  mono=False  iters=25/25  rho=25.0
[ADMM-C3+] WARNING non-converged: pr=3.7989 dr=78.4660 tol=1e-03
[C3+] step=834 |u[0]|=38.95Nm u_axis=(-2.44,-19.81,-5.69,+20.50,-1.92,+25.74,-0.24)Nm λ_n_max=0.000 η_n_max=0.789 primal=3.799 iters=25/25 lcp_res_max=nan
[ADMIT-GUARD] step=202 admit_active=0 latch=0/0 ee_z=0.073 gate_cap=0
[ALT-GATE] step=202 target_stable=0/0 allow_descent=1
[GS-tgt] step=202 ee=(+0.006,-0.282,+0.073) p_repos=(-0.080,+0.049,+0.030) ee_to_target=0.345m target_label=prev_repos target_changed=N delta=0.000m
[X-SEQ-PROBE] step=202 x0_box=(-0.00173,-0.00047,+0.04999) x1_box=(-0.00214,-0.00012,+0.02532) x1_box_v=(-0.00413,+0.00722,-0.49192) dt=0.050
[GS] step=202 mode=free switch=kStayInRepos best_k=0 best_src=prev_repos curr_cost=159745.36 repos_cost=227756.96 best_other=227756.96 met_progress=N steps_since_improve=66 switches=2
[STEP] step=202 mode=free t=2.020s ee=(+0.006,-0.282,+0.073) obj=(-0.002,-0.000,+0.050) goal_dist=0.298m switch=kStayInRepos target=(+0.006,-0.280,+0.094) ee_stride=0.021m ee_to_ptarget=0.345m landing_err=0.3469m ik_ok=Y ik_resid=0.0006m q_max_resid_deg=7.35 target_changed=Y retgt=N held_idx=1 held_cost=227756.96 won_cost=227756.96 margin=+0.00 won_src=prev_repos held_valid=Y reason=hold setpoint_to_ptarget=nanm finished_val=0.3451m finished_thresh=0.0200m pd_resid=nanm nextwp_to_ptarget=nanm guide_terminal_err=nanm
[GATE-EVOLVE] step=202 curr=159745.36 best_other=227756.96 ratio=0.7014 ee_to_optimal=0.2895m phi=0.2063m
[STAGE-A-TRACE] step=202 sim_t=2.020 mode=free phi=0.20626 box_xy=-0.00173,-0.00047 lam_n_ee_box=nan qy=-0.00005 qz=-0.01611 finished_repos=0
[DRAKE-CONTACT] step=202 n_pairs=1 ee_box_normal=0.000
[GATE-CONTACT] step=202 F_W=(+0.0000,+0.0000,+0.0000) F_on_box=(-0.0000,-0.0000,-0.0000) n_face_out=(-0.0000,-0.0000,-0.0000) A_is_ee=0 box_q=(+0.99991,+0.00002,-0.00005,-0.01611) box_p=(-0.00173,-0.00047,+0.04999) ee_p=(+0.00578,-0.28211,+0.07335)
[EErel] along_push=-0.008m (neg=correct)  perp=0.281m  ee_to_box=0.282m  stage=1  obj=[-0.002 -0.   ]  g_hat=[-1.     0.002]
[proxy] err=0.321m  effective=[ 0.158 -0.001  0.05 ]
[ADMM-C3+] primal: 6.1318->4.9467  dual: 104.7456->97.7528  mono=False  iters=25/25  rho=25.0
[ADMM-C3+] WARNING non-converged: pr=4.9467 dr=97.7528 tol=1e-03
[C3+] step=837 |u[0]|=38.28Nm u_axis=(-2.60,-18.25,-6.61,+20.65,-1.85,+25.54,-0.25)Nm λ_n_max=1.064 η_n_max=1.286 primal=4.947 iters=25/25 lcp_res_max=nan
[ADMIT-GUARD] step=203 admit_active=0 latch=0/0 ee_z=0.075 gate_cap=0
[ALT-GATE] step=203 target_stable=0/0 allow_descent=1
[GS-tgt] step=203 ee=(+0.006,-0.282,+0.075) p_repos=(-0.080,+0.049,+0.030) ee_to_target=0.345m target_label=prev_repos target_changed=N delta=0.000m
[X-SEQ-PROBE] step=203 x0_box=(-0.00172,-0.00047,+0.04999) x1_box=(-0.00214,-0.00012,+0.02532) x1_box_v=(-0.00413,+0.00722,-0.49192) dt=0.050
[GS] step=203 mode=free switch=kStayInRepos best_k=0 best_src=prev_repos curr_cost=140709.60 repos_cost=210329.62 best_other=210329.62 met_progress=N steps_since_improve=67 switches=2
[STEP] step=203 mode=free t=2.030s ee=(+0.006,-0.282,+0.075) obj=(-0.002,-0.000,+0.050) goal_dist=0.298m switch=kStayInRepos target=(+0.006,-0.280,+0.098) ee_stride=0.024m ee_to_ptarget=0.345m landing_err=0.3476m ik_ok=Y ik_resid=0.0007m q_max_resid_deg=8.51 target_changed=Y retgt=N held_idx=1 held_cost=210329.62 won_cost=210329.62 margin=+0.00 won_src=prev_repos held_valid=Y reason=hold setpoint_to_ptarget=nanm finished_val=0.3451m finished_thresh=0.0200m pd_resid=nanm nextwp_to_ptarget=nanm guide_terminal_err=nanm
[GATE-EVOLVE] step=203 curr=140709.60 best_other=210329.62 ratio=0.6690 ee_to_optimal=0.2893m phi=0.2061m
[STAGE-A-TRACE] step=203 sim_t=2.030 mode=free phi=0.20608 box_xy=-0.00172,-0.00047 lam_n_ee_box=nan qy=+0.00004 qz=-0.01611 finished_repos=0
[DRAKE-CONTACT] step=203 n_pairs=1 ee_box_normal=0.000
[GATE-CONTACT] step=203 F_W=(+0.0000,+0.0000,+0.0000) F_on_box=(-0.0000,-0.0000,-0.0000) n_face_out=(-0.0000,-0.0000,-0.0000) A_is_ee=0 box_q=(+0.99991,+0.00005,+0.00004,-0.01611) box_p=(-0.00172,-0.00047,+0.04999) ee_p=(+0.00579,-0.28194,+0.07461)
[EErel] along_push=-0.008m (neg=correct)  perp=0.281m  ee_to_box=0.281m  stage=1  obj=[-0.002 -0.   ]  g_hat=[-1.     0.002]
[proxy] err=0.321m  effective=[ 0.158 -0.001  0.05 ]
[ADMM-C3+] primal: 6.1241->7.4001  dual: 114.1181->275.6186  mono=False  iters=25/25  rho=25.0
[ADMM-C3+] WARNING non-converged: pr=7.4001 dr=275.6186 tol=1e-03
[C3+] step=840 |u[0]|=37.67Nm u_axis=(-2.77,-16.57,-7.61,+20.89,-1.76,+25.30,-0.26)Nm λ_n_max=1.045 η_n_max=1.267 primal=7.400 iters=25/25 lcp_res_max=nan
[ADMIT-GUARD] step=204 admit_active=0 latch=0/0 ee_z=0.076 gate_cap=0
[ALT-GATE] step=204 target_stable=0/0 allow_descent=1
[GS-tgt] step=204 ee=(+0.006,-0.282,+0.076) p_repos=(-0.080,+0.049,+0.030) ee_to_target=0.345m target_label=prev_repos target_changed=N delta=0.000m
[X-SEQ-PROBE] step=204 x0_box=(-0.00172,-0.00046,+0.04999) x1_box=(-0.00214,-0.00012,+0.02532) x1_box_v=(-0.00413,+0.00722,-0.49192) dt=0.050
[GS] step=204 mode=free switch=kStayInRepos best_k=0 best_src=prev_repos curr_cost=133281.10 repos_cost=199946.09 best_other=199946.09 met_progress=N steps_since_improve=68 switches=2
[STEP] step=204 mode=free t=2.040s ee=(+0.006,-0.282,+0.076) obj=(-0.002,-0.000,+0.050) goal_dist=0.298m switch=kStayInRepos target=(+0.006,-0.280,+0.102) ee_stride=0.026m ee_to_ptarget=0.345m landing_err=0.3484m ik_ok=Y ik_resid=0.0009m q_max_resid_deg=9.64 target_changed=Y retgt=N held_idx=1 held_cost=199946.09 won_cost=199946.09 margin=+0.00 won_src=prev_repos held_valid=Y reason=hold setpoint_to_ptarget=nanm finished_val=0.3451m finished_thresh=0.0200m pd_resid=nanm nextwp_to_ptarget=nanm guide_terminal_err=nanm
[GATE-EVOLVE] step=204 curr=133281.10 best_other=199946.09 ratio=0.6666 ee_to_optimal=0.2891m phi=0.2059m
[STAGE-A-TRACE] step=204 sim_t=2.040 mode=free phi=0.20587 box_xy=-0.00172,-0.00046 lam_n_ee_box=nan qy=+0.00001 qz=-0.01610 finished_repos=0
[DRAKE-CONTACT] step=204 n_pairs=1 ee_box_normal=0.000
[GATE-CONTACT] step=204 F_W=(+0.0000,+0.0000,+0.0000) F_on_box=(-0.0000,-0.0000,-0.0000) n_face_out=(-0.0000,-0.0000,-0.0000) A_is_ee=0 box_q=(+0.99991,-0.00005,+0.00001,-0.01610) box_p=(-0.00172,-0.00046,+0.04999) ee_p=(+0.00581,-0.28172,+0.07612)
[EErel] along_push=-0.008m (neg=correct)  perp=0.281m  ee_to_box=0.281m  stage=1  obj=[-0.002 -0.   ]  g_hat=[-1.     0.002]
[proxy] err=0.321m  effective=[ 0.158 -0.001  0.05 ]
[ADMM-C3+] primal: 5.7267->3.7871  dual: 74.6676->78.1587  mono=False  iters=25/25  rho=25.0
[ADMM-C3+] WARNING non-converged: pr=3.7871 dr=78.1587 tol=1e-03
[C3+] step=843 |u[0]|=37.15Nm u_axis=(-2.98,-14.79,-8.67,+21.19,-1.65,+25.02,-0.27)Nm λ_n_max=0.000 η_n_max=0.791 primal=3.787 iters=25/25 lcp_res_max=nan
[ADMIT-GUARD] step=205 admit_active=0 latch=0/0 ee_z=0.078 gate_cap=0
[ALT-GATE] step=205 target_stable=0/0 allow_descent=1
[GS-tgt] step=205 ee=(+0.006,-0.281,+0.078) p_repos=(-0.080,+0.049,+0.030) ee_to_target=0.345m target_label=prev_repos target_changed=N delta=0.000m
[X-SEQ-PROBE] step=205 x0_box=(-0.00173,-0.00047,+0.04999) x1_box=(-0.00214,-0.00012,+0.02532) x1_box_v=(-0.00413,+0.00722,-0.49192) dt=0.050
[GS] step=205 mode=free switch=kStayInRepos best_k=0 best_src=prev_repos curr_cost=159327.74 repos_cost=219598.62 best_other=219598.62 met_progress=N steps_since_improve=69 switches=2
[STEP] step=205 mode=free t=2.050s ee=(+0.006,-0.281,+0.078) obj=(-0.002,-0.000,+0.050) goal_dist=0.298m switch=kStayInRepos target=(+0.006,-0.280,+0.106) ee_stride=0.029m ee_to_ptarget=0.345m landing_err=0.3493m ik_ok=Y ik_resid=0.0002m q_max_resid_deg=11.16 target_changed=Y retgt=N held_idx=1 held_cost=219598.62 won_cost=219598.62 margin=+0.00 won_src=prev_repos held_valid=Y reason=hold setpoint_to_ptarget=nanm finished_val=0.3451m finished_thresh=0.0200m pd_resid=nanm nextwp_to_ptarget=nanm guide_terminal_err=nanm
[GATE-EVOLVE] step=205 curr=159327.74 best_other=219598.62 ratio=0.7255 ee_to_optimal=0.2889m phi=0.2056m
[STAGE-A-TRACE] step=205 sim_t=2.050 mode=free phi=0.20561 box_xy=-0.00173,-0.00047 lam_n_ee_box=nan qy=-0.00003 qz=-0.01610 finished_repos=0
[DRAKE-CONTACT] step=205 n_pairs=1 ee_box_normal=0.000
[GATE-CONTACT] step=205 F_W=(+0.0000,+0.0000,+0.0000) F_on_box=(-0.0000,-0.0000,-0.0000) n_face_out=(-0.0000,-0.0000,-0.0000) A_is_ee=0 box_q=(+0.99991,+0.00000,-0.00003,-0.01610) box_p=(-0.00173,-0.00047,+0.04999) ee_p=(+0.00585,-0.28146,+0.07787)
[EErel] along_push=-0.008m (neg=correct)  perp=0.281m  ee_to_box=0.281m  stage=1  obj=[-0.002 -0.   ]  g_hat=[-1.     0.002]
[proxy] err=0.321m  effective=[ 0.158 -0.001  0.05 ]
[ADMM-C3+] primal: 5.7230->3.7831  dual: 74.6902->78.0472  mono=False  iters=25/25  rho=25.0
[ADMM-C3+] WARNING non-converged: pr=3.7831 dr=78.0472 tol=1e-03
[C3+] step=846 |u[0]|=36.74Nm u_axis=(-3.23,-12.94,-9.80,+21.55,-1.53,+24.68,-0.28)Nm λ_n_max=0.000 η_n_max=0.791 primal=3.783 iters=25/25 lcp_res_max=nan
[ADMIT-GUARD] step=206 admit_active=0 latch=0/0 ee_z=0.080 gate_cap=0
[ALT-GATE] step=206 target_stable=0/0 allow_descent=1
[GS-tgt] step=206 ee=(+0.006,-0.281,+0.080) p_repos=(-0.080,+0.049,+0.030) ee_to_target=0.345m target_label=prev_repos target_changed=N delta=0.000m
[X-SEQ-PROBE] step=206 x0_box=(-0.00172,-0.00047,+0.05000) x1_box=(-0.00214,-0.00012,+0.02532) x1_box_v=(-0.00413,+0.00722,-0.49192) dt=0.050
[GS] step=206 mode=free switch=kStayInRepos best_k=0 best_src=prev_repos curr_cost=159338.42 repos_cost=217911.41 best_other=217911.41 met_progress=N steps_since_improve=70 switches=2
[STEP] step=206 mode=free t=2.060s ee=(+0.006,-0.281,+0.080) obj=(-0.002,-0.000,+0.050) goal_dist=0.298m switch=kStayInRepos target=(+0.006,-0.280,+0.110) ee_stride=0.031m ee_to_ptarget=0.345m landing_err=0.3502m ik_ok=Y ik_resid=0.0003m q_max_resid_deg=12.33 target_changed=Y retgt=N held_idx=1 held_cost=217911.41 won_cost=217911.41 margin=+0.00 won_src=prev_repos held_valid=Y reason=hold setpoint_to_ptarget=nanm finished_val=0.3451m finished_thresh=0.0200m pd_resid=nanm nextwp_to_ptarget=nanm guide_terminal_err=nanm
[GATE-EVOLVE] step=206 curr=159338.42 best_other=217911.41 ratio=0.7312 ee_to_optimal=0.2886m phi=0.2053m
[STAGE-A-TRACE] step=206 sim_t=2.060 mode=free phi=0.20534 box_xy=-0.00172,-0.00047 lam_n_ee_box=nan qy=-0.00001 qz=-0.01610 finished_repos=0
[DRAKE-CONTACT] step=206 n_pairs=1 ee_box_normal=0.000
[GATE-CONTACT] step=206 F_W=(+0.0000,+0.0000,+0.0000) F_on_box=(-0.0000,-0.0000,-0.0000) n_face_out=(-0.0000,-0.0000,-0.0000) A_is_ee=0 box_q=(+0.99991,+0.00002,-0.00001,-0.01610) box_p=(-0.00172,-0.00047,+0.05000) ee_p=(+0.00588,-0.28120,+0.07986)
[EErel] along_push=-0.008m (neg=correct)  perp=0.280m  ee_to_box=0.281m  stage=1  obj=[-0.002 -0.   ]  g_hat=[-1.     0.002]
[proxy] err=0.321m  effective=[ 0.158 -0.001  0.05 ]
[ADMM-C3+] primal: 5.7294->3.7902  dual: 74.7265->78.2257  mono=False  iters=25/25  rho=25.0
[ADMM-C3+] WARNING non-converged: pr=3.7902 dr=78.2257 tol=1e-03
[C3+] step=849 |u[0]|=36.47Nm u_axis=(-3.48,-11.23,-10.84,+21.92,-1.40,+24.33,-0.29)Nm λ_n_max=0.000 η_n_max=0.781 primal=3.790 iters=25/25 lcp_res_max=nan
[ADMIT-GUARD] step=207 admit_active=0 latch=0/0 ee_z=0.082 gate_cap=0
[ALT-GATE] step=207 target_stable=0/0 allow_descent=1
[GS-tgt] step=207 ee=(+0.006,-0.281,+0.082) p_repos=(-0.080,+0.049,+0.030) ee_to_target=0.345m target_label=prev_repos target_changed=N delta=0.000m
[X-SEQ-PROBE] step=207 x0_box=(-0.00172,-0.00047,+0.05000) x1_box=(-0.00214,-0.00012,+0.02532) x1_box_v=(-0.00413,+0.00722,-0.49192) dt=0.050
[GS] step=207 mode=free switch=kStayInRepos best_k=0 best_src=prev_repos curr_cost=159414.26 repos_cost=216786.41 best_other=216786.41 met_progress=N steps_since_improve=71 switches=2
[STEP] step=207 mode=free t=2.070s ee=(+0.006,-0.281,+0.082) obj=(-0.002,-0.000,+0.050) goal_dist=0.298m switch=kStayInRepos target=(+0.006,-0.280,+0.114) ee_stride=0.033m ee_to_ptarget=0.345m landing_err=0.3511m ik_ok=Y ik_resid=0.0003m q_max_resid_deg=13.56 target_changed=Y retgt=N held_idx=1 held_cost=216786.41 won_cost=216786.41 margin=+0.00 won_src=prev_repos held_valid=Y reason=hold setpoint_to_ptarget=nanm finished_val=0.3452m finished_thresh=0.0200m pd_resid=nanm nextwp_to_ptarget=nanm guide_terminal_err=nanm
[GATE-EVOLVE] step=207 curr=159414.26 best_other=216786.41 ratio=0.7354 ee_to_optimal=0.2884m phi=0.2051m
[STAGE-A-TRACE] step=207 sim_t=2.070 mode=free phi=0.20510 box_xy=-0.00172,-0.00047 lam_n_ee_box=nan qy=-0.00001 qz=-0.01611 finished_repos=0
[DRAKE-CONTACT] step=207 n_pairs=1 ee_box_normal=0.000
[GATE-CONTACT] step=207 F_W=(+0.0000,+0.0000,+0.0000) F_on_box=(-0.0000,-0.0000,-0.0000) n_face_out=(-0.0000,-0.0000,-0.0000) A_is_ee=0 box_q=(+0.99991,+0.00002,-0.00001,-0.01611) box_p=(-0.00172,-0.00047,+0.05000) ee_p=(+0.00591,-0.28096,+0.08183)
[EErel] along_push=-0.008m (neg=correct)  perp=0.280m  ee_to_box=0.280m  stage=1  obj=[-0.002 -0.   ]  g_hat=[-1.     0.002]
[proxy] err=0.321m  effective=[ 0.158 -0.001  0.05 ]
[ADMM-C3+] primal: 5.7241->3.7820  dual: 74.8499->78.0741  mono=False  iters=25/25  rho=25.0
[ADMM-C3+] WARNING non-converged: pr=3.7820 dr=78.0741 tol=1e-03
[C3+] step=852 |u[0]|=36.31Nm u_axis=(-3.80,-9.21,-12.06,+22.41,-1.24,+23.87,-0.30)Nm λ_n_max=0.000 η_n_max=0.789 primal=3.782 iters=25/25 lcp_res_max=nan
[ADMIT-GUARD] step=208 admit_active=0 latch=0/0 ee_z=0.084 gate_cap=0
[ALT-GATE] step=208 target_stable=0/0 allow_descent=1
[GS-tgt] step=208 ee=(+0.006,-0.281,+0.084) p_repos=(-0.080,+0.049,+0.030) ee_to_target=0.345m target_label=prev_repos target_changed=N delta=0.000m
[X-SEQ-PROBE] step=208 x0_box=(-0.00173,-0.00047,+0.04999) x1_box=(-0.00214,-0.00012,+0.02532) x1_box_v=(-0.00413,+0.00722,-0.49192) dt=0.050
[GS] step=208 mode=free switch=kStayInRepos best_k=0 best_src=prev_repos curr_cost=159147.22 repos_cost=215281.66 best_other=215281.66 met_progress=N steps_since_improve=72 switches=2
[STEP] step=208 mode=free t=2.080s ee=(+0.006,-0.281,+0.084) obj=(-0.002,-0.000,+0.050) goal_dist=0.298m switch=kStayInRepos target=(+0.006,-0.280,+0.118) ee_stride=0.034m ee_to_ptarget=0.345m landing_err=0.3521m ik_ok=Y ik_resid=0.0004m q_max_resid_deg=14.70 target_changed=Y retgt=N held_idx=1 held_cost=215281.66 won_cost=215281.66 margin=+0.00 won_src=prev_repos held_valid=Y reason=hold setpoint_to_ptarget=nanm finished_val=0.3453m finished_thresh=0.0200m pd_resid=nanm nextwp_to_ptarget=nanm guide_terminal_err=nanm
[GATE-EVOLVE] step=208 curr=159147.22 best_other=215281.66 ratio=0.7393 ee_to_optimal=0.2881m phi=0.2048m
[STAGE-A-TRACE] step=208 sim_t=2.080 mode=free phi=0.20484 box_xy=-0.00173,-0.00047 lam_n_ee_box=nan qy=-0.00007 qz=-0.01611 finished_repos=0
[DRAKE-CONTACT] step=208 n_pairs=1 ee_box_normal=0.000
[GATE-CONTACT] step=208 F_W=(+0.0000,+0.0000,+0.0000) F_on_box=(-0.0000,-0.0000,-0.0000) n_face_out=(-0.0000,-0.0000,-0.0000) A_is_ee=0 box_q=(+0.99991,+0.00001,-0.00007,-0.01611) box_p=(-0.00173,-0.00047,+0.04999) ee_p=(+0.00594,-0.28071,+0.08422)
[EErel] along_push=-0.008m (neg=correct)  perp=0.280m  ee_to_box=0.280m  stage=1  obj=[-0.002 -0.   ]  g_hat=[-1.     0.002]
[proxy] err=0.321m  effective=[ 0.158 -0.001  0.05 ]
[ADMM-C3+] primal: 6.1346->5.9430  dual: 105.1037->179.1333  mono=False  iters=25/25  rho=25.0
[ADMM-C3+] WARNING non-converged: pr=5.9430 dr=179.1333 tol=1e-03
[C3+] step=855 |u[0]|=36.31Nm u_axis=(-4.17,-7.17,-13.30,+22.95,-1.06,+23.34,-0.32)Nm λ_n_max=1.060 η_n_max=1.286 primal=5.943 iters=25/25 lcp_res_max=nan
[ADMIT-GUARD] step=209 admit_active=0 latch=0/0 ee_z=0.087 gate_cap=0
[ALT-GATE] step=209 target_stable=0/0 allow_descent=1
[GS-tgt] step=209 ee=(+0.006,-0.280,+0.087) p_repos=(-0.080,+0.049,+0.030) ee_to_target=0.345m target_label=prev_repos target_changed=N delta=0.000m
[X-SEQ-PROBE] step=209 x0_box=(-0.00172,-0.00047,+0.05000) x1_box=(-0.00214,-0.00012,+0.02532) x1_box_v=(-0.00413,+0.00722,-0.49192) dt=0.050
[GS] step=209 mode=free switch=kStayInRepos best_k=0 best_src=prev_repos curr_cost=139601.26 repos_cost=199420.84 best_other=199420.84 met_progress=N steps_since_improve=73 switches=2
[STEP] step=209 mode=free t=2.090s ee=(+0.006,-0.280,+0.087) obj=(-0.002,-0.000,+0.050) goal_dist=0.298m switch=kStayInRepos target=(+0.006,-0.280,+0.122) ee_stride=0.036m ee_to_ptarget=0.345m landing_err=0.3531m ik_ok=Y ik_resid=0.0004m q_max_resid_deg=15.81 target_changed=Y retgt=N held_idx=1 held_cost=199420.84 won_cost=199420.84 margin=+0.00 won_src=prev_repos held_valid=Y reason=hold setpoint_to_ptarget=nanm finished_val=0.3455m finished_thresh=0.0200m pd_resid=nanm nextwp_to_ptarget=nanm guide_terminal_err=nanm
[GATE-EVOLVE] step=209 curr=139601.26 best_other=199420.84 ratio=0.7000 ee_to_optimal=0.2878m phi=0.2046m
[STAGE-A-TRACE] step=209 sim_t=2.090 mode=free phi=0.20459 box_xy=-0.00172,-0.00047 lam_n_ee_box=nan qy=+0.00000 qz=-0.01612 finished_repos=0
[DRAKE-CONTACT] step=209 n_pairs=1 ee_box_normal=0.000
[GATE-CONTACT] step=209 F_W=(+0.0000,+0.0000,+0.0000) F_on_box=(-0.0000,-0.0000,-0.0000) n_face_out=(-0.0000,-0.0000,-0.0000) A_is_ee=0 box_q=(+0.99991,+0.00005,+0.00000,-0.01612) box_p=(-0.00172,-0.00047,+0.05000) ee_p=(+0.00598,-0.28046,+0.08681)
[EErel] along_push=-0.008m (neg=correct)  perp=0.280m  ee_to_box=0.280m  stage=1  obj=[-0.002 -0.   ]  g_hat=[-1.     0.002]
[proxy] err=0.321m  effective=[ 0.158 -0.001  0.05 ]
[ADMM-C3+] primal: 6.1315->4.9465  dual: 106.1949->100.9112  mono=False  iters=25/25  rho=25.0
[ADMM-C3+] WARNING non-converged: pr=4.9465 dr=100.9112 tol=1e-03
[C3+] step=858 |u[0]|=36.49Nm u_axis=(-4.58,-5.11,-14.55,+23.55,-0.86,+22.74,-0.34)Nm λ_n_max=1.066 η_n_max=1.283 primal=4.946 iters=25/25 lcp_res_max=nan
[ADMIT-GUARD] step=210 admit_active=0 latch=0/0 ee_z=0.090 gate_cap=0
[ALT-GATE] step=210 target_stable=0/0 allow_descent=1
[GS-tgt] step=210 ee=(+0.006,-0.280,+0.090) p_repos=(-0.080,+0.049,+0.030) ee_to_target=0.346m target_label=prev_repos target_changed=N delta=0.000m
[X-SEQ-PROBE] step=210 x0_box=(-0.00172,-0.00047,+0.05000) x1_box=(-0.00214,-0.00012,+0.02532) x1_box_v=(-0.00413,+0.00722,-0.49192) dt=0.050
[IMP] step=210 mode=free |x_err|=0.0369m |tau_imp|=20.31Nm |tau_ff|=0.00Nm |tau_out|=20.31Nm sat=False lam_n=False lam_t=False
[GS] step=210 mode=free switch=kStayInRepos best_k=0 best_src=prev_repos curr_cost=140210.74 repos_cost=199754.48 best_other=199754.48 met_progress=N steps_since_improve=74 switches=2
[STEP] step=210 mode=free t=2.100s ee=(+0.006,-0.280,+0.090) obj=(-0.002,-0.000,+0.050) goal_dist=0.298m switch=kStayInRepos target=(+0.006,-0.280,+0.126) ee_stride=0.037m ee_to_ptarget=0.346m landing_err=0.3542m ik_ok=Y ik_resid=0.0005m q_max_resid_deg=16.90 target_changed=Y retgt=N held_idx=1 held_cost=199754.48 won_cost=199754.48 margin=+0.00 won_src=prev_repos held_valid=Y reason=hold setpoint_to_ptarget=nanm finished_val=0.3457m finished_thresh=0.0200m pd_resid=nanm nextwp_to_ptarget=nanm guide_terminal_err=nanm
[GATE-EVOLVE] step=210 curr=140210.74 best_other=199754.48 ratio=0.7019 ee_to_optimal=0.2876m phi=0.2044m
[STAGE-A-TRACE] step=210 sim_t=2.100 mode=free phi=0.20437 box_xy=-0.00172,-0.00047 lam_n_ee_box=nan qy=+0.00002 qz=-0.01612 finished_repos=0
[DRAKE-CONTACT] step=210 n_pairs=1 ee_box_normal=0.000
[GATE-CONTACT] step=210 F_W=(+0.0000,+0.0000,+0.0000) F_on_box=(-0.0000,-0.0000,-0.0000) n_face_out=(-0.0000,-0.0000,-0.0000) A_is_ee=0 box_q=(+0.99991,+0.00000,+0.00002,-0.01612) box_p=(-0.00172,-0.00047,+0.05000) ee_p=(+0.00601,-0.28023,+0.08956)
[EErel] along_push=-0.008m (neg=correct)  perp=0.280m  ee_to_box=0.280m  stage=1  obj=[-0.002 -0.   ]  g_hat=[-1.     0.002]
[proxy] err=0.321m  effective=[ 0.158 -0.001  0.05 ]
[ADMM-C3+] primal: 5.7262->3.7847  dual: 74.7860->78.1297  mono=False  iters=25/25  rho=25.0
[ADMM-C3+] WARNING non-converged: pr=3.7847 dr=78.1297 tol=1e-03
[C3+] step=861 |u[0]|=36.84Nm u_axis=(-5.05,-3.01,-15.79,+24.21,-0.63,+22.05,-0.36)Nm λ_n_max=0.000 η_n_max=0.789 primal=3.785 iters=25/25 lcp_res_max=nan
[ADMIT-GUARD] step=211 admit_active=0 latch=0/0 ee_z=0.092 gate_cap=0
[ALT-GATE] step=211 target_stable=0/0 allow_descent=1
[GS-tgt] step=211 ee=(+0.006,-0.280,+0.092) p_repos=(-0.080,+0.049,+0.030) ee_to_target=0.346m target_label=prev_repos target_changed=N delta=0.000m
[X-SEQ-PROBE] step=211 x0_box=(-0.00173,-0.00047,+0.04999) x1_box=(-0.00214,-0.00012,+0.02532) x1_box_v=(-0.00413,+0.00722,-0.49192) dt=0.050
[GS] step=211 mode=free switch=kStayInRepos best_k=0 best_src=prev_repos curr_cost=160030.73 repos_cost=214973.33 best_other=214973.33 met_progress=N steps_since_improve=75 switches=2
[STEP] step=211 mode=free t=2.110s ee=(+0.006,-0.280,+0.092) obj=(-0.002,-0.000,+0.050) goal_dist=0.298m switch=kStayInRepos target=(+0.006,-0.280,+0.130) ee_stride=0.038m ee_to_ptarget=0.346m landing_err=0.3553m ik_ok=Y ik_resid=0.0006m q_max_resid_deg=17.96 target_changed=Y retgt=N held_idx=1 held_cost=214973.33 won_cost=214973.33 margin=+0.00 won_src=prev_repos held_valid=Y reason=hold setpoint_to_ptarget=nanm finished_val=0.3461m finished_thresh=0.0200m pd_resid=nanm nextwp_to_ptarget=nanm guide_terminal_err=nanm
[GATE-EVOLVE] step=211 curr=160030.73 best_other=214973.33 ratio=0.7444 ee_to_optimal=0.2874m phi=0.2041m
[STAGE-A-TRACE] step=211 sim_t=2.110 mode=free phi=0.20415 box_xy=-0.00173,-0.00047 lam_n_ee_box=nan qy=-0.00003 qz=-0.01612 finished_repos=0
[DRAKE-CONTACT] step=211 n_pairs=1 ee_box_normal=0.000
[GATE-CONTACT] step=211 F_W=(+0.0000,+0.0000,+0.0000) F_on_box=(-0.0000,-0.0000,-0.0000) n_face_out=(-0.0000,-0.0000,-0.0000) A_is_ee=0 box_q=(+0.99991,+0.00002,-0.00003,-0.01612) box_p=(-0.00173,-0.00047,+0.04999) ee_p=(+0.00605,-0.28001,+0.09247)
[EErel] along_push=-0.008m (neg=correct)  perp=0.279m  ee_to_box=0.279m  stage=1  obj=[-0.002 -0.   ]  g_hat=[-1.     0.002]
[proxy] err=0.321m  effective=[ 0.158 -0.001  0.05 ]
[ADMM-C3+] primal: 6.1201->7.4415  dual: 112.7223->277.5794  mono=False  iters=25/25  rho=25.0
[ADMM-C3+] WARNING non-converged: pr=7.4415 dr=277.5794 tol=1e-03
[C3+] step=864 |u[0]|=37.37Nm u_axis=(-5.58,-0.89,-17.02,+24.92,-0.38,+21.29,-0.37)Nm λ_n_max=1.049 η_n_max=1.267 primal=7.441 iters=25/25 lcp_res_max=nan
[ADMIT-GUARD] step=212 admit_active=0 latch=0/0 ee_z=0.096 gate_cap=0
[ALT-GATE] step=212 target_stable=0/0 allow_descent=1
[GS-tgt] step=212 ee=(+0.006,-0.280,+0.096) p_repos=(-0.080,+0.049,+0.030) ee_to_target=0.346m target_label=prev_repos target_changed=N delta=0.000m
[X-SEQ-PROBE] step=212 x0_box=(-0.00172,-0.00046,+0.05000) x1_box=(-0.00214,-0.00012,+0.02532) x1_box_v=(-0.00413,+0.00722,-0.49192) dt=0.050
[GS] step=212 mode=free switch=kStayInRepos best_k=0 best_src=prev_repos curr_cost=136271.18 repos_cost=195843.32 best_other=195843.32 met_progress=N steps_since_improve=76 switches=2
[STEP] step=212 mode=free t=2.120s ee=(+0.006,-0.280,+0.096) obj=(-0.002,-0.000,+0.050) goal_dist=0.298m switch=kStayInRepos target=(+0.006,-0.280,+0.134) ee_stride=0.039m ee_to_ptarget=0.346m landing_err=0.3565m ik_ok=Y ik_resid=0.0006m q_max_resid_deg=18.98 target_changed=Y retgt=N held_idx=1 held_cost=195843.32 won_cost=195843.32 margin=+0.00 won_src=prev_repos held_valid=Y reason=hold setpoint_to_ptarget=nanm finished_val=0.3464m finished_thresh=0.0200m pd_resid=nanm nextwp_to_ptarget=nanm guide_terminal_err=nanm
[GATE-EVOLVE] step=212 curr=136271.18 best_other=195843.32 ratio=0.6958 ee_to_optimal=0.2872m phi=0.2040m
[STAGE-A-TRACE] step=212 sim_t=2.120 mode=free phi=0.20396 box_xy=-0.00172,-0.00046 lam_n_ee_box=nan qy=+0.00002 qz=-0.01613 finished_repos=0
[DRAKE-CONTACT] step=212 n_pairs=1 ee_box_normal=0.000
[GATE-CONTACT] step=212 F_W=(+0.0000,+0.0000,+0.0000) F_on_box=(-0.0000,-0.0000,-0.0000) n_face_out=(-0.0000,-0.0000,-0.0000) A_is_ee=0 box_q=(+0.99991,-0.00005,+0.00002,-0.01613) box_p=(-0.00172,-0.00046,+0.05000) ee_p=(+0.00608,-0.27981,+0.09551)
[EErel] along_push=-0.008m (neg=correct)  perp=0.279m  ee_to_box=0.279m  stage=1  obj=[-0.002 -0.   ]  g_hat=[-1.     0.002]
[proxy] err=0.321m  effective=[ 0.158 -0.001  0.05 ]
[ADMM-C3+] primal: 5.7449->4.6002  dual: 74.1106->140.8134  mono=False  iters=25/25  rho=25.0
[ADMM-C3+] WARNING non-converged: pr=4.6002 dr=140.8134 tol=1e-03
[C3+] step=867 |u[0]|=38.09Nm u_axis=(-6.18,+1.27,-18.23,+25.72,-0.09,+20.43,-0.39)Nm λ_n_max=0.000 η_n_max=0.676 primal=4.600 iters=25/25 lcp_res_max=nan
[ADMIT-GUARD] step=213 admit_active=0 latch=0/0 ee_z=0.099 gate_cap=0
[ALT-GATE] step=213 target_stable=0/0 allow_descent=1
[GS-tgt] step=213 ee=(+0.006,-0.280,+0.099) p_repos=(-0.080,+0.049,+0.030) ee_to_target=0.347m target_label=prev_repos target_changed=N delta=0.000m
[X-SEQ-PROBE] step=213 x0_box=(-0.00173,-0.00046,+0.05000) x1_box=(-0.00214,-0.00012,+0.02532) x1_box_v=(-0.00413,+0.00722,-0.49192) dt=0.050
[GS] step=213 mode=free switch=kStayInRepos best_k=0 best_src=prev_repos curr_cost=161240.01 repos_cost=217637.94 best_other=217637.94 met_progress=N steps_since_improve=77 switches=2
[STEP] step=213 mode=free t=2.130s ee=(+0.006,-0.280,+0.099) obj=(-0.002,-0.000,+0.050) goal_dist=0.298m switch=kStayInRepos target=(+0.006,-0.280,+0.138) ee_stride=0.040m ee_to_ptarget=0.347m landing_err=0.3577m ik_ok=Y ik_resid=0.0007m q_max_resid_deg=19.93 target_changed=Y retgt=N held_idx=1 held_cost=217637.94 won_cost=217637.94 margin=+0.00 won_src=prev_repos held_valid=Y reason=hold setpoint_to_ptarget=nanm finished_val=0.3469m finished_thresh=0.0200m pd_resid=nanm nextwp_to_ptarget=nanm guide_terminal_err=nanm
[GATE-EVOLVE] step=213 curr=161240.01 best_other=217637.94 ratio=0.7409 ee_to_optimal=0.2870m phi=0.2038m
[STAGE-A-TRACE] step=213 sim_t=2.130 mode=free phi=0.20377 box_xy=-0.00173,-0.00046 lam_n_ee_box=nan qy=-0.00004 qz=-0.01613 finished_repos=0
[DRAKE-CONTACT] step=213 n_pairs=1 ee_box_normal=0.000
[GATE-CONTACT] step=213 F_W=(+0.0000,+0.0000,+0.0000) F_on_box=(-0.0000,-0.0000,-0.0000) n_face_out=(-0.0000,-0.0000,-0.0000) A_is_ee=0 box_q=(+0.99991,-0.00005,-0.00004,-0.01613) box_p=(-0.00173,-0.00046,+0.05000) ee_p=(+0.00611,-0.27963,+0.09867)
[EErel] along_push=-0.008m (neg=correct)  perp=0.279m  ee_to_box=0.279m  stage=1  obj=[-0.002 -0.   ]  g_hat=[-1.     0.002]
[proxy] err=0.322m  effective=[ 0.158 -0.001  0.05 ]
[ADMM-C3+] primal: 5.7375->3.7990  dual: 74.5406->78.4697  mono=False  iters=25/25  rho=25.0
[ADMM-C3+] WARNING non-converged: pr=3.7990 dr=78.4697 tol=1e-03
[C3+] step=870 |u[0]|=39.00Nm u_axis=(-6.86,+3.47,-19.38,+26.58,+0.22,+19.48,-0.41)Nm λ_n_max=0.000 η_n_max=0.789 primal=3.799 iters=25/25 lcp_res_max=nan
[ADMIT-GUARD] step=214 admit_active=0 latch=0/0 ee_z=0.102 gate_cap=0
[ALT-GATE] step=214 target_stable=0/0 allow_descent=1
[GS-tgt] step=214 ee=(+0.006,-0.279,+0.102) p_repos=(-0.080,+0.049,+0.030) ee_to_target=0.347m target_label=prev_repos target_changed=N delta=0.000m
[X-SEQ-PROBE] step=214 x0_box=(-0.00173,-0.00047,+0.05000) x1_box=(-0.00214,-0.00012,+0.02532) x1_box_v=(-0.00413,+0.00722,-0.49192) dt=0.050
[GS] step=214 mode=free switch=kStayInRepos best_k=0 best_src=prev_repos curr_cost=161863.65 repos_cost=217036.51 best_other=217036.51 met_progress=N steps_since_improve=78 switches=2
[STEP] step=214 mode=free t=2.140s ee=(+0.006,-0.279,+0.102) obj=(-0.002,-0.000,+0.050) goal_dist=0.298m switch=kStayInRepos target=(+0.006,-0.280,+0.142) ee_stride=0.041m ee_to_ptarget=0.347m landing_err=0.3589m ik_ok=Y ik_resid=0.0007m q_max_resid_deg=20.82 target_changed=Y retgt=N held_idx=1 held_cost=217036.51 won_cost=217036.51 margin=+0.00 won_src=prev_repos held_valid=Y reason=hold setpoint_to_ptarget=nanm finished_val=0.3474m finished_thresh=0.0200m pd_resid=nanm nextwp_to_ptarget=nanm guide_terminal_err=nanm
[GATE-EVOLVE] step=214 curr=161863.65 best_other=217036.51 ratio=0.7458 ee_to_optimal=0.2868m phi=0.2036m
[STAGE-A-TRACE] step=214 sim_t=2.140 mode=free phi=0.20359 box_xy=-0.00173,-0.00047 lam_n_ee_box=nan qy=-0.00006 qz=-0.01612 finished_repos=0
[DRAKE-CONTACT] step=214 n_pairs=1 ee_box_normal=0.000
[GATE-CONTACT] step=214 F_W=(+0.0000,+0.0000,+0.0000) F_on_box=(-0.0000,-0.0000,-0.0000) n_face_out=(-0.0000,-0.0000,-0.0000) A_is_ee=0 box_q=(+0.99991,+0.00004,-0.00006,-0.01612) box_p=(-0.00173,-0.00047,+0.05000) ee_p=(+0.00614,-0.27945,+0.10192)
[EErel] along_push=-0.008m (neg=correct)  perp=0.279m  ee_to_box=0.279m  stage=1  obj=[-0.002 -0.   ]  g_hat=[-1.     0.002]
[proxy] err=0.322m  effective=[ 0.158 -0.001  0.05 ]
[ADMM-C3+] primal: 6.1316->4.9469  dual: 104.7863->97.7451  mono=False  iters=25/25  rho=25.0
[ADMM-C3+] WARNING non-converged: pr=4.9469 dr=97.7451 tol=1e-03
[C3+] step=873 |u[0]|=40.10Nm u_axis=(-7.66,+5.72,-20.47,+27.51,+0.57,+18.44,-0.43)Nm λ_n_max=1.064 η_n_max=1.286 primal=4.947 iters=25/25 lcp_res_max=nan
[ADMIT-GUARD] step=215 admit_active=0 latch=0/0 ee_z=0.105 gate_cap=0
[ALT-GATE] step=215 target_stable=0/0 allow_descent=1
[GS-tgt] step=215 ee=(+0.006,-0.279,+0.105) p_repos=(-0.080,+0.049,+0.030) ee_to_target=0.348m target_label=prev_repos target_changed=N delta=0.000m
[X-SEQ-PROBE] step=215 x0_box=(-0.00172,-0.00047,+0.05000) x1_box=(-0.00214,-0.00012,+0.02532) x1_box_v=(-0.00413,+0.00722,-0.49192) dt=0.050
[GS] step=215 mode=free switch=kStayInRepos best_k=0 best_src=prev_repos curr_cost=143021.69 repos_cost=202506.25 best_other=202506.25 met_progress=N steps_since_improve=79 switches=2
[STEP] step=215 mode=free t=2.150s ee=(+0.006,-0.279,+0.105) obj=(-0.002,-0.000,+0.050) goal_dist=0.298m switch=kStayInRepos target=(+0.006,-0.280,+0.146) ee_stride=0.041m ee_to_ptarget=0.348m landing_err=0.3602m ik_ok=Y ik_resid=0.0007m q_max_resid_deg=21.61 target_changed=Y retgt=N held_idx=1 held_cost=202506.25 won_cost=202506.25 margin=+0.00 won_src=prev_repos held_valid=Y reason=hold setpoint_to_ptarget=nanm finished_val=0.3479m finished_thresh=0.0200m pd_resid=nanm nextwp_to_ptarget=nanm guide_terminal_err=nanm
[GATE-EVOLVE] step=215 curr=143021.69 best_other=202506.25 ratio=0.7063 ee_to_optimal=0.2867m phi=0.2035m
[STAGE-A-TRACE] step=215 sim_t=2.150 mode=free phi=0.20347 box_xy=-0.00172,-0.00047 lam_n_ee_box=nan qy=+0.00004 qz=-0.01612 finished_repos=0
[DRAKE-CONTACT] step=215 n_pairs=1 ee_box_normal=0.000
[GATE-CONTACT] step=215 F_W=(+0.0000,+0.0000,+0.0000) F_on_box=(-0.0000,-0.0000,-0.0000) n_face_out=(-0.0000,-0.0000,-0.0000) A_is_ee=0 box_q=(+0.99991,+0.00006,+0.00004,-0.01612) box_p=(-0.00172,-0.00047,+0.05000) ee_p=(+0.00617,-0.27929,+0.10526)
[EErel] along_push=-0.008m (neg=correct)  perp=0.279m  ee_to_box=0.279m  stage=1  obj=[-0.002 -0.   ]  g_hat=[-1.     0.002]
[proxy] err=0.323m  effective=[ 0.158 -0.001  0.05 ]
[ADMM-C3+] primal: 6.1229->7.4018  dual: 114.3180->275.6793  mono=False  iters=25/25  rho=25.0
[ADMM-C3+] WARNING non-converged: pr=7.4018 dr=275.6793 tol=1e-03
[C3+] step=876 |u[0]|=41.38Nm u_axis=(-8.59,+8.05,-21.46,+28.51,+0.96,+17.29,-0.45)Nm λ_n_max=1.045 η_n_max=1.267 primal=7.402 iters=25/25 lcp_res_max=nan
[ADMIT-GUARD] step=216 admit_active=0 latch=0/0 ee_z=0.109 gate_cap=0
[ALT-GATE] step=216 target_stable=0/0 allow_descent=1
[GS-tgt] step=216 ee=(+0.006,-0.279,+0.109) p_repos=(-0.080,+0.049,+0.030) ee_to_target=0.349m target_label=prev_repos target_changed=N delta=0.000m
[X-SEQ-PROBE] step=216 x0_box=(-0.00172,-0.00046,+0.05000) x1_box=(-0.00214,-0.00012,+0.02532) x1_box_v=(-0.00413,+0.00722,-0.49192) dt=0.050
[GS] step=216 mode=free switch=kStayInRepos best_k=0 best_src=prev_repos curr_cost=135795.59 repos_cost=194130.09 best_other=194130.09 met_progress=N steps_since_improve=80 switches=2
[STEP] step=216 mode=free t=2.160s ee=(+0.006,-0.279,+0.109) obj=(-0.002,-0.000,+0.050) goal_dist=0.298m switch=kStayInRepos target=(+0.005,-0.277,+0.146) ee_stride=0.038m ee_to_ptarget=0.349m landing_err=0.3564m ik_ok=Y ik_resid=0.0006m q_max_resid_deg=19.08 target_changed=Y retgt=N held_idx=1 held_cost=194130.09 won_cost=194130.09 margin=+0.00 won_src=prev_repos held_valid=Y reason=hold setpoint_to_ptarget=nanm finished_val=0.3485m finished_thresh=0.0200m pd_resid=nanm nextwp_to_ptarget=nanm guide_terminal_err=nanm
[GATE-EVOLVE] step=216 curr=135795.59 best_other=194130.09 ratio=0.6995 ee_to_optimal=0.2865m phi=0.2034m
[STAGE-A-TRACE] step=216 sim_t=2.160 mode=free phi=0.20343 box_xy=-0.00172,-0.00046 lam_n_ee_box=nan qy=+0.00005 qz=-0.01611 finished_repos=0
[DRAKE-CONTACT] step=216 n_pairs=1 ee_box_normal=0.000
[GATE-CONTACT] step=216 F_W=(+0.0000,+0.0000,+0.0000) F_on_box=(-0.0000,-0.0000,-0.0000) n_face_out=(-0.0000,-0.0000,-0.0000) A_is_ee=0 box_q=(+0.99991,-0.00003,+0.00005,-0.01611) box_p=(-0.00172,-0.00046,+0.05000) ee_p=(+0.00620,-0.27913,+0.10867)
[EErel] along_push=-0.008m (neg=correct)  perp=0.278m  ee_to_box=0.279m  stage=1  obj=[-0.002 -0.   ]  g_hat=[-1.     0.002]
[proxy] err=0.323m  effective=[ 0.158 -0.001  0.05 ]
[ADMM-C3+] primal: 5.7650->4.6212  dual: 74.4713->141.2562  mono=False  iters=25/25  rho=25.0
[ADMM-C3+] WARNING non-converged: pr=4.6212 dr=141.2562 tol=1e-03
[C3+] step=879 |u[0]|=42.32Nm u_axis=(-10.11,+9.82,-22.02,+28.95,+1.29,+16.34,-0.46)Nm λ_n_max=0.000 η_n_max=0.664 primal=4.621 iters=25/25 lcp_res_max=nan
[ADMIT-GUARD] step=217 admit_active=0 latch=0/0 ee_z=0.112 gate_cap=0
[ALT-GATE] step=217 target_stable=0/0 allow_descent=1
[GS-tgt] step=217 ee=(+0.006,-0.279,+0.112) p_repos=(-0.080,+0.049,+0.030) ee_to_target=0.349m target_label=prev_repos target_changed=N delta=0.000m
[X-SEQ-PROBE] step=217 x0_box=(-0.00173,-0.00046,+0.04999) x1_box=(-0.00214,-0.00012,+0.02532) x1_box_v=(-0.00413,+0.00722,-0.49192) dt=0.050
[GS] step=217 mode=free switch=kStayInRepos best_k=0 best_src=prev_repos curr_cost=161212.57 repos_cost=214794.79 best_other=214794.79 met_progress=N steps_since_improve=81 switches=2
[STEP] step=217 mode=free t=2.170s ee=(+0.006,-0.279,+0.112) obj=(-0.002,-0.000,+0.050) goal_dist=0.298m switch=kStayInRepos target=(+0.004,-0.273,+0.146) ee_stride=0.035m ee_to_ptarget=0.349m landing_err=0.3526m ik_ok=Y ik_resid=0.0005m q_max_resid_deg=16.49 target_changed=Y retgt=N held_idx=1 held_cost=214794.79 won_cost=214794.79 margin=+0.00 won_src=prev_repos held_valid=Y reason=hold setpoint_to_ptarget=nanm finished_val=0.3491m finished_thresh=0.0200m pd_resid=nanm nextwp_to_ptarget=nanm guide_terminal_err=nanm
[GATE-EVOLVE] step=217 curr=161212.57 best_other=214794.79 ratio=0.7505 ee_to_optimal=0.2863m phi=0.2034m
[STAGE-A-TRACE] step=217 sim_t=2.170 mode=free phi=0.20337 box_xy=-0.00173,-0.00046 lam_n_ee_box=nan qy=-0.00007 qz=-0.01611 finished_repos=0
[DRAKE-CONTACT] step=217 n_pairs=1 ee_box_normal=0.000
[GATE-CONTACT] step=217 F_W=(+0.0000,+0.0000,+0.0000) F_on_box=(-0.0000,-0.0000,-0.0000) n_face_out=(-0.0000,-0.0000,-0.0000) A_is_ee=0 box_q=(+0.99991,-0.00005,-0.00007,-0.01611) box_p=(-0.00173,-0.00046,+0.04999) ee_p=(+0.00621,-0.27891,+0.11210)
[EErel] along_push=-0.008m (neg=correct)  perp=0.278m  ee_to_box=0.278m  stage=1  obj=[-0.002 -0.   ]  g_hat=[-1.     0.002]
[proxy] err=0.323m  effective=[ 0.158 -0.001  0.05 ]
[ADMM-C3+] primal: 5.7346->3.7993  dual: 74.4192->78.3753  mono=False  iters=25/25  rho=25.0
[ADMM-C3+] WARNING non-converged: pr=3.7993 dr=78.3753 tol=1e-03
[C3+] step=882 |u[0]|=42.92Nm u_axis=(-12.04,+11.12,-22.20,+28.88,+1.54,+15.61,-0.46)Nm λ_n_max=0.000 η_n_max=0.785 primal=3.799 iters=25/25 lcp_res_max=nan
[ADMIT-GUARD] step=218 admit_active=0 latch=0/0 ee_z=0.115 gate_cap=0
[ALT-GATE] step=218 target_stable=0/0 allow_descent=1
[GS-tgt] step=218 ee=(+0.006,-0.279,+0.115) p_repos=(-0.080,+0.049,+0.030) ee_to_target=0.350m target_label=prev_repos target_changed=N delta=0.000m
[X-SEQ-PROBE] step=218 x0_box=(-0.00172,-0.00047,+0.04999) x1_box=(-0.00214,-0.00012,+0.02532) x1_box_v=(-0.00413,+0.00722,-0.49192) dt=0.050
[GS] step=218 mode=free switch=kStayInRepos best_k=0 best_src=prev_repos curr_cost=162877.79 repos_cost=213171.42 best_other=213171.42 met_progress=N steps_since_improve=82 switches=2
[STEP] step=218 mode=free t=2.180s ee=(+0.006,-0.279,+0.115) obj=(-0.002,-0.000,+0.050) goal_dist=0.298m switch=kStayInRepos target=(+0.003,-0.269,+0.146) ee_stride=0.033m ee_to_ptarget=0.350m landing_err=0.3488m ik_ok=Y ik_resid=0.0004m q_max_resid_deg=13.91 target_changed=Y retgt=N held_idx=1 held_cost=213171.42 won_cost=213171.42 margin=+0.00 won_src=prev_repos held_valid=Y reason=hold setpoint_to_ptarget=nanm finished_val=0.3496m finished_thresh=0.0200m pd_resid=nanm nextwp_to_ptarget=nanm guide_terminal_err=nanm
[GATE-EVOLVE] step=218 curr=162877.79 best_other=213171.42 ratio=0.7641 ee_to_optimal=0.2859m phi=0.2032m
[STAGE-A-TRACE] step=218 sim_t=2.180 mode=free phi=0.20320 box_xy=-0.00172,-0.00047 lam_n_ee_box=nan qy=-0.00001 qz=-0.01611 finished_repos=0
[DRAKE-CONTACT] step=218 n_pairs=1 ee_box_normal=0.000
[GATE-CONTACT] step=218 F_W=(+0.0000,+0.0000,+0.0000) F_on_box=(-0.0000,-0.0000,-0.0000) n_face_out=(-0.0000,-0.0000,-0.0000) A_is_ee=0 box_q=(+0.99991,+0.00005,-0.00001,-0.01611) box_p=(-0.00172,-0.00047,+0.04999) ee_p=(+0.00615,-0.27855,+0.11549)
[EErel] along_push=-0.008m (neg=correct)  perp=0.278m  ee_to_box=0.278m  stage=1  obj=[-0.002 -0.   ]  g_hat=[-1.     0.002]
[proxy] err=0.324m  effective=[ 0.158 -0.001  0.05 ]
[ADMM-C3+] primal: 6.1314->7.3183  dual: 104.7105->200.8277  mono=False  iters=25/25  rho=25.0
[ADMM-C3+] WARNING non-converged: pr=7.3183 dr=200.8277 tol=1e-03
[C3+] step=885 |u[0]|=43.21Nm u_axis=(-14.16,+11.96,-22.07,+28.40,+1.70,+15.07,-0.44)Nm λ_n_max=1.064 η_n_max=1.286 primal=7.318 iters=25/25 lcp_res_max=nan
[ADMIT-GUARD] step=219 admit_active=0 latch=0/0 ee_z=0.119 gate_cap=0
[ALT-GATE] step=219 target_stable=0/0 allow_descent=1
[GS-tgt] step=219 ee=(+0.006,-0.278,+0.119) p_repos=(-0.080,+0.049,+0.030) ee_to_target=0.350m target_label=prev_repos target_changed=N delta=0.000m
[X-SEQ-PROBE] step=219 x0_box=(-0.00172,-0.00047,+0.04999) x1_box=(-0.00214,-0.00012,+0.02532) x1_box_v=(-0.00413,+0.00722,-0.49192) dt=0.050
[GS] step=219 mode=free switch=kStayInRepos best_k=0 best_src=prev_repos curr_cost=143540.37 repos_cost=195821.57 best_other=195821.57 met_progress=N steps_since_improve=83 switches=2
[STEP] step=219 mode=free t=2.190s ee=(+0.006,-0.278,+0.119) obj=(-0.002,-0.000,+0.050) goal_dist=0.298m switch=kStayInRepos target=(+0.002,-0.265,+0.146) ee_stride=0.031m ee_to_ptarget=0.350m landing_err=0.3451m ik_ok=Y ik_resid=0.0003m q_max_resid_deg=11.36 target_changed=Y retgt=N held_idx=1 held_cost=195821.57 won_cost=195821.57 margin=+0.00 won_src=prev_repos held_valid=Y reason=hold setpoint_to_ptarget=nanm finished_val=0.3499m finished_thresh=0.0200m pd_resid=nanm nextwp_to_ptarget=nanm guide_terminal_err=nanm
[GATE-EVOLVE] step=219 curr=143540.37 best_other=195821.57 ratio=0.7330 ee_to_optimal=0.2854m phi=0.2029m
[STAGE-A-TRACE] step=219 sim_t=2.190 mode=free phi=0.20290 box_xy=-0.00172,-0.00047 lam_n_ee_box=nan qy=+0.00003 qz=-0.01610 finished_repos=0
[DRAKE-CONTACT] step=219 n_pairs=1 ee_box_normal=0.000
[GATE-CONTACT] step=219 F_W=(+0.0000,+0.0000,+0.0000) F_on_box=(-0.0000,-0.0000,-0.0000) n_face_out=(-0.0000,-0.0000,-0.0000) A_is_ee=0 box_q=(+0.99991,+0.00004,+0.00003,-0.01610) box_p=(-0.00172,-0.00047,+0.04999) ee_p=(+0.00602,-0.27799,+0.11880)
[EErel] along_push=-0.008m (neg=correct)  perp=0.277m  ee_to_box=0.277m  stage=1  obj=[-0.002 -0.   ]  g_hat=[-1.     0.002]
[proxy] err=0.324m  effective=[ 0.158 -0.001  0.05 ]
[ADMM-C3+] primal: 5.7614->4.6177  dual: 74.2738->140.9626  mono=False  iters=25/25  rho=25.0
[ADMM-C3+] WARNING non-converged: pr=4.6177 dr=140.9626 tol=1e-03
[C3+] step=888 |u[0]|=43.22Nm u_axis=(-16.22,+12.32,-21.71,+27.63,+1.78,+14.66,-0.43)Nm λ_n_max=0.000 η_n_max=0.668 primal=4.618 iters=25/25 lcp_res_max=nan
[ADMIT-GUARD] step=220 admit_active=0 latch=0/0 ee_z=0.122 gate_cap=0
[ALT-GATE] step=220 target_stable=0/0 allow_descent=1
[GS-tgt] step=220 ee=(+0.006,-0.277,+0.122) p_repos=(-0.080,+0.049,+0.030) ee_to_target=0.350m target_label=prev_repos target_changed=N delta=0.000m
[X-SEQ-PROBE] step=220 x0_box=(-0.00172,-0.00047,+0.05000) x1_box=(-0.00214,-0.00012,+0.02532) x1_box_v=(-0.00413,+0.00722,-0.49192) dt=0.050
[IMP] step=220 mode=free |x_err|=0.0296m |tau_imp|=26.04Nm |tau_ff|=0.00Nm |tau_out|=26.04Nm sat=False lam_n=False lam_t=False
[GS] step=220 mode=free switch=kStayInRepos best_k=0 best_src=prev_repos curr_cost=161970.19 repos_cost=208713.39 best_other=208713.39 met_progress=N steps_since_improve=84 switches=2
[STEP] step=220 mode=free t=2.200s ee=(+0.006,-0.277,+0.122) obj=(-0.002,-0.000,+0.050) goal_dist=0.298m switch=kStayInRepos target=(+0.001,-0.261,+0.146) ee_stride=0.030m ee_to_ptarget=0.350m landing_err=0.3413m ik_ok=Y ik_resid=0.0007m q_max_resid_deg=8.55 target_changed=Y retgt=N held_idx=1 held_cost=208713.39 won_cost=208713.39 margin=+0.00 won_src=prev_repos held_valid=Y reason=hold setpoint_to_ptarget=nanm finished_val=0.3499m finished_thresh=0.0200m pd_resid=nanm nextwp_to_ptarget=nanm guide_terminal_err=nanm
[GATE-EVOLVE] step=220 curr=161970.19 best_other=208713.39 ratio=0.7760 ee_to_optimal=0.2847m phi=0.2024m
[STAGE-A-TRACE] step=220 sim_t=2.200 mode=free phi=0.20242 box_xy=-0.00172,-0.00047 lam_n_ee_box=nan qy=-0.00002 qz=-0.01610 finished_repos=0
[GS-table] step=220
  k=0 (current   ) pos=(+0.006,-0.277,+0.122) c_C3= 161970.19 align=0.0000(bonus=    0.00) rot=+0.0000(bonus=    0.00) travel=0.000m(pen=  0.00) c_sample= 161970.19 feas=Y ik_err=0.0000m  ← WIN
  k=1 (prev_repos) pos=(-0.080,+0.049,+0.030) c_C3= 208643.41 align=0.0000(bonus=    0.00) rot=+0.0000(bonus=    0.00) travel=0.350m(pen= 69.98) c_sample= 208713.39 feas=Y ik_err=0.0001m
  k=2 (strat_0   ) pos=(-0.080,+0.049,+0.030) c_C3= 208643.41 align=0.0000(bonus=    0.00) rot=+0.0000(bonus=    0.00) travel=0.350m(pen= 69.98) c_sample= 208713.39 feas=Y ik_err=0.0001m
[DRAKE-CONTACT] step=220 n_pairs=1 ee_box_normal=0.000
[GATE-CONTACT] step=220 F_W=(+0.0000,+0.0000,+0.0000) F_on_box=(-0.0000,-0.0000,-0.0000) n_face_out=(-0.0000,-0.0000,-0.0000) A_is_ee=0 box_q=(+0.99991,-0.00001,-0.00002,-0.01610) box_p=(-0.00172,-0.00047,+0.05000) ee_p=(+0.00580,-0.27720,+0.12198)
[EErel] along_push=-0.008m (neg=correct)  perp=0.276m  ee_to_box=0.276m  stage=1  obj=[-0.002 -0.   ]  g_hat=[-1.     0.002]
[proxy] err=0.324m  effective=[ 0.158 -0.001  0.05 ]
[ADMM-C3+] primal: 5.7309->3.7930  dual: 74.5143->78.2784  mono=False  iters=25/25  rho=25.0
[ADMM-C3+] WARNING non-converged: pr=3.7930 dr=78.2784 tol=1e-03
[C3+] step=891 |u[0]|=42.93Nm u_axis=(-18.06,+12.19,-21.18,+26.67,+1.81,+14.32,-0.41)Nm λ_n_max=0.000 η_n_max=0.791 primal=3.793 iters=25/25 lcp_res_max=nan
[ADMIT-GUARD] step=221 admit_active=0 latch=0/0 ee_z=0.125 gate_cap=0
[ALT-GATE] step=221 target_stable=0/0 allow_descent=1
[GS-tgt] step=221 ee=(+0.005,-0.276,+0.125) p_repos=(-0.080,+0.049,+0.030) ee_to_target=0.350m target_label=prev_repos target_changed=N delta=0.000m
[X-SEQ-PROBE] step=221 x0_box=(-0.00172,-0.00047,+0.05000) x1_box=(-0.00214,-0.00012,+0.02532) x1_box_v=(-0.00413,+0.00722,-0.49192) dt=0.050
[GS] step=221 mode=free switch=kStayInRepos best_k=0 best_src=prev_repos curr_cost=162519.30 repos_cost=206197.52 best_other=206197.52 met_progress=N steps_since_improve=85 switches=2
[STEP] step=221 mode=free t=2.210s ee=(+0.005,-0.276,+0.125) obj=(-0.002,-0.000,+0.050) goal_dist=0.298m switch=kStayInRepos target=(+0.000,-0.257,+0.146) ee_stride=0.029m ee_to_ptarget=0.350m landing_err=0.3376m ik_ok=Y ik_resid=0.0005m q_max_resid_deg=6.29 target_changed=Y retgt=N held_idx=1 held_cost=206197.52 won_cost=206197.52 margin=+0.00 won_src=prev_repos held_valid=Y reason=hold setpoint_to_ptarget=nanm finished_val=0.3497m finished_thresh=0.0200m pd_resid=nanm nextwp_to_ptarget=nanm guide_terminal_err=nanm
[GATE-EVOLVE] step=221 curr=162519.30 best_other=206197.52 ratio=0.7882 ee_to_optimal=0.2838m phi=0.2017m
[STAGE-A-TRACE] step=221 sim_t=2.210 mode=free phi=0.20172 box_xy=-0.00172,-0.00047 lam_n_ee_box=nan qy=-0.00002 qz=-0.01609 finished_repos=0
[DRAKE-CONTACT] step=221 n_pairs=1 ee_box_normal=0.000
[GATE-CONTACT] step=221 F_W=(+0.0000,+0.0000,+0.0000) F_on_box=(-0.0000,-0.0000,-0.0000) n_face_out=(-0.0000,-0.0000,-0.0000) A_is_ee=0 box_q=(+0.99991,+0.00002,-0.00002,-0.01609) box_p=(-0.00172,-0.00047,+0.05000) ee_p=(+0.00549,-0.27618,+0.12501)
[EErel] along_push=-0.007m (neg=correct)  perp=0.274m  ee_to_box=0.275m  stage=1  obj=[-0.002 -0.   ]  g_hat=[-1.     0.002]
[proxy] err=0.324m  effective=[ 0.158 -0.001  0.05 ]
[ADMM-C3+] primal: 6.1302->7.3187  dual: 105.0987->200.7574  mono=False  iters=25/25  rho=25.0
[ADMM-C3+] WARNING non-converged: pr=7.3187 dr=200.7574 tol=1e-03
[C3+] step=894 |u[0]|=42.38Nm u_axis=(-19.60,+11.60,-20.54,+25.61,+1.80,+14.00,-0.39)Nm λ_n_max=1.064 η_n_max=1.286 primal=7.319 iters=25/25 lcp_res_max=nan
[ADMIT-GUARD] step=222 admit_active=0 latch=0/0 ee_z=0.128 gate_cap=0
[ALT-GATE] step=222 target_stable=0/0 allow_descent=1
[GS-tgt] step=222 ee=(+0.005,-0.275,+0.128) p_repos=(-0.080,+0.049,+0.030) ee_to_target=0.349m target_label=prev_repos target_changed=N delta=0.000m
[X-SEQ-PROBE] step=222 x0_box=(-0.00172,-0.00047,+0.05000) x1_box=(-0.00214,-0.00012,+0.02532) x1_box_v=(-0.00413,+0.00722,-0.49192) dt=0.050
[GS] step=222 mode=free switch=kStayInRepos best_k=0 best_src=prev_repos curr_cost=143185.58 repos_cost=190069.48 best_other=190069.48 met_progress=N steps_since_improve=86 switches=2
[STEP] step=222 mode=free t=2.220s ee=(+0.005,-0.275,+0.128) obj=(-0.002,-0.000,+0.050) goal_dist=0.298m switch=kStayInRepos target=(-0.001,-0.253,+0.146) ee_stride=0.029m ee_to_ptarget=0.349m landing_err=0.3338m ik_ok=Y ik_resid=0.0002m q_max_resid_deg=4.12 target_changed=Y retgt=N held_idx=1 held_cost=190069.48 won_cost=190069.48 margin=+0.00 won_src=prev_repos held_valid=Y reason=hold setpoint_to_ptarget=nanm finished_val=0.3492m finished_thresh=0.0200m pd_resid=nanm nextwp_to_ptarget=nanm guide_terminal_err=nanm
[GATE-EVOLVE] step=222 curr=143185.58 best_other=190069.48 ratio=0.7533 ee_to_optimal=0.2827m phi=0.2008m
[STAGE-A-TRACE] step=222 sim_t=2.220 mode=free phi=0.20081 box_xy=-0.00172,-0.00047 lam_n_ee_box=nan qy=+0.00000 qz=-0.01609 finished_repos=0
[DRAKE-CONTACT] step=222 n_pairs=1 ee_box_normal=0.000
[GATE-CONTACT] step=222 F_W=(+0.0000,+0.0000,+0.0000) F_on_box=(-0.0000,-0.0000,-0.0000) n_face_out=(-0.0000,-0.0000,-0.0000) A_is_ee=0 box_q=(+0.99991,+0.00005,+0.00000,-0.01609) box_p=(-0.00172,-0.00047,+0.05000) ee_p=(+0.00510,-0.27492,+0.12788)
[EErel] along_push=-0.007m (neg=correct)  perp=0.273m  ee_to_box=0.273m  stage=1  obj=[-0.002 -0.   ]  g_hat=[-1.     0.002]
[proxy] err=0.323m  effective=[ 0.158 -0.001  0.05 ]
[ADMM-C3+] primal: 6.1308->7.3175  dual: 105.0638->200.7114  mono=False  iters=25/25  rho=25.0
[ADMM-C3+] WARNING non-converged: pr=7.3175 dr=200.7114 tol=1e-03
[C3+] step=897 |u[0]|=41.59Nm u_axis=(-20.82,+10.61,-19.83,+24.49,+1.77,+13.69,-0.38)Nm λ_n_max=1.063 η_n_max=1.286 primal=7.317 iters=25/25 lcp_res_max=nan
[ADMIT-GUARD] step=223 admit_active=0 latch=0/0 ee_z=0.131 gate_cap=0
[ALT-GATE] step=223 target_stable=0/0 allow_descent=1
[GS-tgt] step=223 ee=(+0.005,-0.273,+0.131) p_repos=(-0.080,+0.049,+0.030) ee_to_target=0.348m target_label=prev_repos target_changed=N delta=0.000m
[X-SEQ-PROBE] step=223 x0_box=(-0.00172,-0.00047,+0.05000) x1_box=(-0.00214,-0.00012,+0.02532) x1_box_v=(-0.00413,+0.00722,-0.49192) dt=0.050
[GS] step=223 mode=free switch=kStayInRepos best_k=0 best_src=prev_repos curr_cost=142959.03 repos_cost=189094.46 best_other=189094.46 met_progress=N steps_since_improve=87 switches=2
[STEP] step=223 mode=free t=2.230s ee=(+0.005,-0.273,+0.131) obj=(-0.002,-0.000,+0.050) goal_dist=0.298m switch=kStayInRepos target=(-0.002,-0.249,+0.146) ee_stride=0.029m ee_to_ptarget=0.348m landing_err=0.3301m ik_ok=Y ik_resid=0.0000m q_max_resid_deg=2.10 target_changed=Y retgt=N held_idx=1 held_cost=189094.46 won_cost=189094.46 margin=+0.00 won_src=prev_repos held_valid=Y reason=hold setpoint_to_ptarget=nanm finished_val=0.3485m finished_thresh=0.0200m pd_resid=nanm nextwp_to_ptarget=nanm guide_terminal_err=nanm
[GATE-EVOLVE] step=223 curr=142959.03 best_other=189094.46 ratio=0.7560 ee_to_optimal=0.2813m phi=0.1997m
[STAGE-A-TRACE] step=223 sim_t=2.230 mode=free phi=0.19970 box_xy=-0.00172,-0.00047 lam_n_ee_box=nan qy=+0.00001 qz=-0.01608 finished_repos=0
[DRAKE-CONTACT] step=223 n_pairs=1 ee_box_normal=0.000
[GATE-CONTACT] step=223 F_W=(+0.0000,+0.0000,+0.0000) F_on_box=(-0.0000,-0.0000,-0.0000) n_face_out=(-0.0000,-0.0000,-0.0000) A_is_ee=0 box_q=(+0.99991,+0.00003,+0.00001,-0.01608) box_p=(-0.00172,-0.00047,+0.05000) ee_p=(+0.00462,-0.27343,+0.13056)
[EErel] along_push=-0.006m (neg=correct)  perp=0.271m  ee_to_box=0.271m  stage=1  obj=[-0.002 -0.   ]  g_hat=[-1.     0.002]
[proxy] err=0.323m  effective=[ 0.158 -0.001  0.05 ]
[ADMM-C3+] primal: 6.1200->7.4386  dual: 112.5478->277.4035  mono=False  iters=25/25  rho=25.0
[ADMM-C3+] WARNING non-converged: pr=7.4386 dr=277.4035 tol=1e-03
[C3+] step=900 |u[0]|=40.59Nm u_axis=(-21.72,+9.28,-19.07,+23.33,+1.72,+13.37,-0.36)Nm λ_n_max=1.049 η_n_max=1.267 primal=7.439 iters=25/25 lcp_res_max=nan
[ADMIT-GUARD] step=224 admit_active=0 latch=0/0 ee_z=0.133 gate_cap=0
[ALT-GATE] step=224 target_stable=0/0 allow_descent=1
[GS-tgt] step=224 ee=(+0.004,-0.272,+0.133) p_repos=(-0.080,+0.049,+0.030) ee_to_target=0.347m target_label=prev_repos target_changed=N delta=0.000m
[X-SEQ-PROBE] step=224 x0_box=(-0.00172,-0.00046,+0.05000) x1_box=(-0.00214,-0.00012,+0.02532) x1_box_v=(-0.00413,+0.00722,-0.49192) dt=0.050
[GS] step=224 mode=free switch=kStayInRepos best_k=0 best_src=prev_repos curr_cost=137378.83 repos_cost=183230.49 best_other=183230.49 met_progress=N steps_since_improve=88 switches=2
[STEP] step=224 mode=free t=2.240s ee=(+0.004,-0.272,+0.133) obj=(-0.002,-0.000,+0.050) goal_dist=0.298m switch=kStayInRepos target=(-0.003,-0.246,+0.146) ee_stride=0.030m ee_to_ptarget=0.347m landing_err=0.3263m ik_ok=Y ik_resid=0.0002m q_max_resid_deg=2.64 target_changed=Y retgt=N held_idx=1 held_cost=183230.49 won_cost=183230.49 margin=+0.00 won_src=prev_repos held_valid=Y reason=hold setpoint_to_ptarget=nanm finished_val=0.3475m finished_thresh=0.0200m pd_resid=nanm nextwp_to_ptarget=nanm guide_terminal_err=nanm
[GATE-EVOLVE] step=224 curr=137378.83 best_other=183230.49 ratio=0.7498 ee_to_optimal=0.2798m phi=0.1984m
[STAGE-A-TRACE] step=224 sim_t=2.240 mode=free phi=0.19840 box_xy=-0.00172,-0.00046 lam_n_ee_box=nan qy=+0.00001 qz=-0.01609 finished_repos=0
[DRAKE-CONTACT] step=224 n_pairs=1 ee_box_normal=0.000
[GATE-CONTACT] step=224 F_W=(+0.0000,+0.0000,+0.0000) F_on_box=(-0.0000,-0.0000,-0.0000) n_face_out=(-0.0000,-0.0000,-0.0000) A_is_ee=0 box_q=(+0.99991,-0.00005,+0.00001,-0.01609) box_p=(-0.00172,-0.00046,+0.05000) ee_p=(+0.00407,-0.27172,+0.13306)
[EErel] along_push=-0.006m (neg=correct)  perp=0.269m  ee_to_box=0.269m  stage=1  obj=[-0.002 -0.   ]  g_hat=[-1.     0.002]
[proxy] err=0.322m  effective=[ 0.158 -0.001  0.05 ]
[ADMM-C3+] primal: 5.7462->4.5874  dual: 74.0546->139.8372  mono=False  iters=25/25  rho=25.0
[ADMM-C3+] WARNING non-converged: pr=4.5874 dr=139.8372 tol=1e-03
[C3+] step=903 |u[0]|=39.51Nm u_axis=(-22.38,+7.70,-18.30,+22.21,+1.67,+13.03,-0.35)Nm λ_n_max=0.000 η_n_max=0.676 primal=4.587 iters=25/25 lcp_res_max=nan
[ADMIT-GUARD] step=225 admit_active=0 latch=0/0 ee_z=0.135 gate_cap=0
[ALT-GATE] step=225 target_stable=0/0 allow_descent=1
[GS-tgt] step=225 ee=(+0.003,-0.270,+0.135) p_repos=(-0.080,+0.049,+0.030) ee_to_target=0.346m target_label=prev_repos target_changed=N delta=0.000m
[X-SEQ-PROBE] step=225 x0_box=(-0.00172,-0.00047,+0.05000) x1_box=(-0.00214,-0.00012,+0.02532) x1_box_v=(-0.00413,+0.00722,-0.49192) dt=0.050
[GS] step=225 mode=free switch=kStayInRepos best_k=0 best_src=prev_repos curr_cost=162003.23 repos_cost=204713.23 best_other=204713.23 met_progress=N steps_since_improve=89 switches=2
[STEP] step=225 mode=free t=2.250s ee=(+0.003,-0.270,+0.135) obj=(-0.002,-0.000,+0.050) goal_dist=0.298m switch=kStayInRepos target=(-0.004,-0.242,+0.146) ee_stride=0.031m ee_to_ptarget=0.346m landing_err=0.3226m ik_ok=Y ik_resid=0.0004m q_max_resid_deg=3.12 target_changed=Y retgt=N held_idx=1 held_cost=204713.23 won_cost=204713.23 margin=+0.00 won_src=prev_repos held_valid=Y reason=hold setpoint_to_ptarget=nanm finished_val=0.3463m finished_thresh=0.0200m pd_resid=nanm nextwp_to_ptarget=nanm guide_terminal_err=nanm
[GATE-EVOLVE] step=225 curr=162003.23 best_other=204713.23 ratio=0.7914 ee_to_optimal=0.2781m phi=0.1969m
[STAGE-A-TRACE] step=225 sim_t=2.250 mode=free phi=0.19687 box_xy=-0.00172,-0.00047 lam_n_ee_box=nan qy=-0.00003 qz=-0.01609 finished_repos=0
[DRAKE-CONTACT] step=225 n_pairs=1 ee_box_normal=0.000
[GATE-CONTACT] step=225 F_W=(+0.0000,+0.0000,+0.0000) F_on_box=(-0.0000,-0.0000,-0.0000) n_face_out=(-0.0000,-0.0000,-0.0000) A_is_ee=0 box_q=(+0.99991,-0.00002,-0.00003,-0.01609) box_p=(-0.00172,-0.00047,+0.05000) ee_p=(+0.00345,-0.26980,+0.13537)
[EErel] along_push=-0.005m (neg=correct)  perp=0.267m  ee_to_box=0.267m  stage=1  obj=[-0.002 -0.   ]  g_hat=[-1.     0.002]
[proxy] err=0.321m  effective=[ 0.158 -0.001  0.05 ]
[ADMM-C3+] primal: 5.7309->3.7926  dual: 74.5446->78.2792  mono=False  iters=25/25  rho=25.0
[ADMM-C3+] WARNING non-converged: pr=3.7926 dr=78.2792 tol=1e-03
[C3+] step=906 |u[0]|=38.34Nm u_axis=(-22.80,+5.92,-17.51,+21.08,+1.61,+12.69,-0.34)Nm λ_n_max=0.000 η_n_max=0.790 primal=3.793 iters=25/25 lcp_res_max=nan
[ADMIT-GUARD] step=226 admit_active=0 latch=0/0 ee_z=0.137 gate_cap=0
[ALT-GATE] step=226 target_stable=0/0 allow_descent=1
[GS-tgt] step=226 ee=(+0.003,-0.268,+0.137) p_repos=(-0.080,+0.049,+0.030) ee_to_target=0.345m target_label=prev_repos target_changed=N delta=0.000m
[X-SEQ-PROBE] step=226 x0_box=(-0.00172,-0.00047,+0.05000) x1_box=(-0.00214,-0.00012,+0.02532) x1_box_v=(-0.00413,+0.00722,-0.49192) dt=0.050
[GS] step=226 mode=free switch=kStayInRepos best_k=0 best_src=prev_repos curr_cost=161904.47 repos_cost=203997.89 best_other=203997.89 met_progress=N steps_since_improve=90 switches=2
[STEP] step=226 mode=free t=2.260s ee=(+0.003,-0.268,+0.137) obj=(-0.002,-0.000,+0.050) goal_dist=0.298m switch=kStayInRepos target=(-0.005,-0.238,+0.146) ee_stride=0.032m ee_to_ptarget=0.345m landing_err=0.3189m ik_ok=Y ik_resid=0.0006m q_max_resid_deg=3.56 target_changed=Y retgt=N held_idx=1 held_cost=203997.89 won_cost=203997.89 margin=+0.00 won_src=prev_repos held_valid=Y reason=hold setpoint_to_ptarget=nanm finished_val=0.3448m finished_thresh=0.0200m pd_resid=nanm nextwp_to_ptarget=nanm guide_terminal_err=nanm
[GATE-EVOLVE] step=226 curr=161904.47 best_other=203997.89 ratio=0.7937 ee_to_optimal=0.2762m phi=0.1951m
[STAGE-A-TRACE] step=226 sim_t=2.260 mode=free phi=0.19515 box_xy=-0.00172,-0.00047 lam_n_ee_box=nan qy=-0.00003 qz=-0.01608 finished_repos=0
[DRAKE-CONTACT] step=226 n_pairs=1 ee_box_normal=0.000
[GATE-CONTACT] step=226 F_W=(+0.0000,+0.0000,+0.0000) F_on_box=(-0.0000,-0.0000,-0.0000) n_face_out=(-0.0000,-0.0000,-0.0000) A_is_ee=0 box_q=(+0.99991,+0.00001,-0.00003,-0.01608) box_p=(-0.00172,-0.00047,+0.05000) ee_p=(+0.00278,-0.26769,+0.13748)
[PERSIST] step=227 refresh n_strategy=1 samples=[(0.0782, -0.003, 0.03)]
[EErel] along_push=-0.004m (neg=correct)  perp=0.265m  ee_to_box=0.265m  stage=1  obj=[-0.002 -0.   ]  g_hat=[-1.     0.002]
[proxy] err=0.320m  effective=[ 0.158 -0.001  0.05 ]
[ADMM-C3+] primal: 6.1338->5.9502  dual: 106.4948->180.9923  mono=False  iters=25/25  rho=25.0
[ADMM-C3+] WARNING non-converged: pr=5.9502 dr=180.9923 tol=1e-03
[C3+] step=909 |u[0]|=37.15Nm u_axis=(-23.03,+3.99,-16.72,+19.99,+1.54,+12.32,-0.34)Nm λ_n_max=1.060 η_n_max=1.286 primal=5.950 iters=25/25 lcp_res_max=nan
[ADMIT-GUARD] step=227 admit_active=0 latch=0/0 ee_z=0.139 gate_cap=0
[ALT-GATE] step=227 target_stable=0/0 allow_descent=1
[GS-tgt] step=227 ee=(+0.002,-0.265,+0.139) p_repos=(+0.078,-0.003,+0.030) ee_to_target=0.294m target_label=strat_0 target_changed=Y delta=0.167m
[X-SEQ-PROBE] step=227 x0_box=(-0.00172,-0.00047,+0.05000) x1_box=(-0.00214,-0.00012,+0.02532) x1_box_v=(-0.00413,+0.00722,-0.49192) dt=0.050
[GS] step=227 mode=free switch=kToBetterRepos best_k=0 best_src=strat_0 curr_cost=141099.15 repos_cost=153454.50 best_other=153454.50 met_progress=N steps_since_improve=91 switches=2
[STEP] step=227 mode=free t=2.270s ee=(+0.002,-0.265,+0.139) obj=(-0.002,-0.000,+0.050) goal_dist=0.298m switch=kToBetterRepos target=(+0.002,-0.265,+0.143) ee_stride=0.004m ee_to_ptarget=0.294m landing_err=0.2958m ik_ok=Y ik_resid=0.0010m q_max_resid_deg=1.68 target_changed=Y retgt=Y held_idx=1 held_cost=188253.65 won_cost=153454.50 margin=+34799.15 won_src=strat_0 held_valid=Y reason=new_sample_better setpoint_to_ptarget=nanm finished_val=0.2943m finished_thresh=0.0200m pd_resid=nanm nextwp_to_ptarget=nanm guide_terminal_err=nanm
[GATE-EVOLVE] step=227 curr=141099.15 best_other=153454.50 ratio=0.9195 ee_to_optimal=0.2742m phi=0.1932m
[STAGE-A-TRACE] step=227 sim_t=2.270 mode=free phi=0.19324 box_xy=-0.00172,-0.00047 lam_n_ee_box=nan qy=+0.00003 qz=-0.01608 finished_repos=0
[DRAKE-CONTACT] step=227 n_pairs=1 ee_box_normal=0.000
[GATE-CONTACT] step=227 F_W=(+0.0000,+0.0000,+0.0000) F_on_box=(-0.0000,-0.0000,-0.0000) n_face_out=(-0.0000,-0.0000,-0.0000) A_is_ee=0 box_q=(+0.99991,+0.00004,+0.00003,-0.01608) box_p=(-0.00172,-0.00047,+0.05000) ee_p=(+0.00206,-0.26539,+0.13941)
[EErel] along_push=-0.004m (neg=correct)  perp=0.263m  ee_to_box=0.263m  stage=1  obj=[-0.002 -0.   ]  g_hat=[-1.     0.002]
[proxy] err=0.319m  effective=[ 0.158 -0.001  0.05 ]
[ADMM-C3+] primal: 6.1229->7.4010  dual: 113.2933->275.3366  mono=False  iters=25/25  rho=25.0
[ADMM-C3+] WARNING non-converged: pr=7.4010 dr=275.3366 tol=1e-03
[C3+] step=912 |u[0]|=37.12Nm u_axis=(-22.63,+3.06,-16.32,+20.50,+1.38,+12.97,-0.32)Nm λ_n_max=1.048 η_n_max=1.266 primal=7.401 iters=25/25 lcp_res_max=nan
[ADMIT-GUARD] step=228 admit_active=0 latch=0/0 ee_z=0.141 gate_cap=0
[ALT-GATE] step=228 target_stable=0/0 allow_descent=1
[GS-tgt] step=228 ee=(+0.001,-0.264,+0.141) p_repos=(+0.078,-0.003,+0.030) ee_to_target=0.293m target_label=prev_repos target_changed=N delta=0.000m
[X-SEQ-PROBE] step=228 x0_box=(-0.00172,-0.00047,+0.05000) x1_box=(-0.00214,-0.00012,+0.02532) x1_box_v=(-0.00413,+0.00722,-0.49192) dt=0.050
[GS] step=228 mode=free switch=kStayInRepos best_k=0 best_src=prev_repos curr_cost=135917.26 repos_cost=148144.18 best_other=148144.18 met_progress=N steps_since_improve=92 switches=2
[STEP] step=228 mode=free t=2.280s ee=(+0.001,-0.264,+0.141) obj=(-0.002,-0.000,+0.050) goal_dist=0.298m switch=kStayInRepos target=(+0.002,-0.265,+0.147) ee_stride=0.007m ee_to_ptarget=0.293m landing_err=0.2973m ik_ok=Y ik_resid=0.0005m q_max_resid_deg=3.93 target_changed=Y retgt=N held_idx=1 held_cost=148144.18 won_cost=148144.18 margin=+0.00 won_src=prev_repos held_valid=Y reason=hold setpoint_to_ptarget=nanm finished_val=0.2933m finished_thresh=0.0200m pd_resid=nanm nextwp_to_ptarget=nanm guide_terminal_err=nanm
[GATE-EVOLVE] step=228 curr=135917.26 best_other=148144.18 ratio=0.9175 ee_to_optimal=0.2726m phi=0.1917m
[STAGE-A-TRACE] step=228 sim_t=2.280 mode=free phi=0.19172 box_xy=-0.00172,-0.00047 lam_n_ee_box=nan qy=+0.00000 qz=-0.01609 finished_repos=0
[DRAKE-CONTACT] step=228 n_pairs=1 ee_box_normal=0.000
[GATE-CONTACT] step=228 F_W=(+0.0000,+0.0000,+0.0000) F_on_box=(-0.0000,-0.0000,-0.0000) n_face_out=(-0.0000,-0.0000,-0.0000) A_is_ee=0 box_q=(+0.99991,-0.00002,+0.00000,-0.01609) box_p=(-0.00172,-0.00047,+0.05000) ee_p=(+0.00147,-0.26352,+0.14094)
[EErel] along_push=-0.003m (neg=correct)  perp=0.262m  ee_to_box=0.262m  stage=1  obj=[-0.002 -0.   ]  g_hat=[-1.     0.002]
[proxy] err=0.319m  effective=[ 0.158 -0.001  0.05 ]
[ADMM-C3+] primal: 6.1338->5.9508  dual: 106.5674->181.0070  mono=False  iters=25/25  rho=25.0
[ADMM-C3+] WARNING non-converged: pr=5.9508 dr=181.0070 tol=1e-03
[C3+] step=915 |u[0]|=37.36Nm u_axis=(-22.49,+2.96,-16.18,+20.99,+1.31,+13.30,-0.32)Nm λ_n_max=1.060 η_n_max=1.286 primal=5.951 iters=25/25 lcp_res_max=nan
[ADMIT-GUARD] step=229 admit_active=0 latch=0/0 ee_z=0.142 gate_cap=0
[ALT-GATE] step=229 target_stable=0/0 allow_descent=1
[GS-tgt] step=229 ee=(+0.001,-0.262,+0.142) p_repos=(+0.078,-0.003,+0.030) ee_to_target=0.293m target_label=prev_repos target_changed=N delta=0.000m
[X-SEQ-PROBE] step=229 x0_box=(-0.00172,-0.00047,+0.04999) x1_box=(-0.00214,-0.00012,+0.02532) x1_box_v=(-0.00413,+0.00722,-0.49192) dt=0.050
[GS] step=229 mode=free switch=kStayInRepos best_k=0 best_src=prev_repos curr_cost=141333.12 repos_cost=153374.44 best_other=153374.44 met_progress=N steps_since_improve=93 switches=2
[STEP] step=229 mode=free t=2.290s ee=(+0.001,-0.262,+0.142) obj=(-0.002,-0.000,+0.050) goal_dist=0.298m switch=kStayInRepos target=(+0.003,-0.262,+0.147) ee_stride=0.006m ee_to_ptarget=0.293m landing_err=0.2937m ik_ok=Y ik_resid=0.0003m q_max_resid_deg=2.59 target_changed=Y retgt=N held_idx=1 held_cost=153374.44 won_cost=153374.44 margin=+0.00 won_src=prev_repos held_valid=Y reason=hold setpoint_to_ptarget=nanm finished_val=0.2929m finished_thresh=0.0200m pd_resid=nanm nextwp_to_ptarget=nanm guide_terminal_err=nanm
[GATE-EVOLVE] step=229 curr=141333.12 best_other=153374.44 ratio=0.9215 ee_to_optimal=0.2716m phi=0.1908m
[STAGE-A-TRACE] step=229 sim_t=2.290 mode=free phi=0.19082 box_xy=-0.00172,-0.00047 lam_n_ee_box=nan qy=+0.00005 qz=-0.01609 finished_repos=0
[DRAKE-CONTACT] step=229 n_pairs=1 ee_box_normal=0.000
[GATE-CONTACT] step=229 F_W=(+0.0000,+0.0000,+0.0000) F_on_box=(-0.0000,-0.0000,-0.0000) n_face_out=(-0.0000,-0.0000,-0.0000) A_is_ee=0 box_q=(+0.99991,+0.00005,+0.00005,-0.01609) box_p=(-0.00172,-0.00047,+0.04999) ee_p=(+0.00113,-0.26239,+0.14206)
[EErel] along_push=-0.003m (neg=correct)  perp=0.261m  ee_to_box=0.261m  stage=1  obj=[-0.002 -0.   ]  g_hat=[-1.     0.002]
[proxy] err=0.319m  effective=[ 0.158 -0.001  0.05 ]
[ADMM-C3+] primal: 5.7301->3.8367  dual: 74.9428->76.6449  mono=False  iters=25/25  rho=25.0
[ADMM-C3+] WARNING non-converged: pr=3.8367 dr=76.6449 tol=1e-03
[C3+] step=918 |u[0]|=37.24Nm u_axis=(-22.39,+2.73,-15.87,+21.08,+1.25,+13.44,-0.31)Nm λ_n_max=0.000 η_n_max=0.785 primal=3.837 iters=25/25 lcp_res_max=nan
[ADMIT-GUARD] step=230 admit_active=0 latch=0/0 ee_z=0.143 gate_cap=0
[ALT-GATE] step=230 target_stable=0/0 allow_descent=1
[GS-tgt] step=230 ee=(+0.001,-0.262,+0.143) p_repos=(+0.078,-0.003,+0.030) ee_to_target=0.293m target_label=prev_repos target_changed=N delta=0.000m
[X-SEQ-PROBE] step=230 x0_box=(-0.00173,-0.00048,+0.05000) x1_box=(-0.00214,-0.00012,+0.02532) x1_box_v=(-0.00413,+0.00722,-0.49192) dt=0.050
[IMP] step=230 mode=free |x_err|=0.0068m |tau_imp|=12.92Nm |tau_ff|=0.00Nm |tau_out|=12.92Nm sat=False lam_n=False lam_t=False
[GS] step=230 mode=free switch=kStayInRepos best_k=0 best_src=prev_repos curr_cost=160598.32 repos_cost=168072.30 best_other=168072.30 met_progress=N steps_since_improve=94 switches=2
[STEP] step=230 mode=free t=2.300s ee=(+0.001,-0.262,+0.143) obj=(-0.002,-0.000,+0.050) goal_dist=0.298m switch=kStayInRepos target=(+0.004,-0.258,+0.147) ee_stride=0.007m ee_to_ptarget=0.293m landing_err=0.2900m ik_ok=Y ik_resid=0.0004m q_max_resid_deg=1.04 target_changed=Y retgt=N held_idx=1 held_cost=168072.30 won_cost=168072.30 margin=+0.00 won_src=prev_repos held_valid=Y reason=hold setpoint_to_ptarget=nanm finished_val=0.2926m finished_thresh=0.0200m pd_resid=nanm nextwp_to_ptarget=nanm guide_terminal_err=nanm
[GATE-EVOLVE] step=230 curr=160598.32 best_other=168072.30 ratio=0.9555 ee_to_optimal=0.2709m phi=0.1903m
[STAGE-A-TRACE] step=230 sim_t=2.300 mode=free phi=0.19030 box_xy=-0.00173,-0.00048 lam_n_ee_box=nan qy=-0.00003 qz=-0.01610 finished_repos=0
[DRAKE-CONTACT] step=230 n_pairs=1 ee_box_normal=0.000
[GATE-CONTACT] step=230 F_W=(+0.0000,+0.0000,+0.0000) F_on_box=(-0.0000,-0.0000,-0.0000) n_face_out=(-0.0000,-0.0000,-0.0000) A_is_ee=0 box_q=(+0.99991,+0.00010,-0.00003,-0.01610) box_p=(-0.00173,-0.00048,+0.05000) ee_p=(+0.00098,-0.26168,+0.14293)
[EErel] along_push=-0.003m (neg=correct)  perp=0.261m  ee_to_box=0.261m  stage=1  obj=[-0.002 -0.   ]  g_hat=[-1.     0.002]
[proxy] err=0.318m  effective=[ 0.158 -0.001  0.05 ]
[ADMM-C3+] primal: 5.7058->3.7933  dual: 74.4484->76.8310  mono=False  iters=25/25  rho=25.0
[ADMM-C3+] WARNING non-converged: pr=3.7933 dr=76.8310 tol=1e-03
[C3+] step=921 |u[0]|=36.86Nm u_axis=(-22.30,+2.35,-15.42,+20.87,+1.17,+13.45,-0.31)Nm λ_n_max=0.000 η_n_max=0.800 primal=3.793 iters=25/25 lcp_res_max=nan
[ADMIT-GUARD] step=231 admit_active=0 latch=0/0 ee_z=0.144 gate_cap=0
[ALT-GATE] step=231 target_stable=0/0 allow_descent=1
[GS-tgt] step=231 ee=(+0.001,-0.261,+0.144) p_repos=(+0.078,-0.003,+0.030) ee_to_target=0.292m target_label=prev_repos target_changed=N delta=0.000m
[X-SEQ-PROBE] step=231 x0_box=(-0.00173,-0.00047,+0.05000) x1_box=(-0.00214,-0.00012,+0.02532) x1_box_v=(-0.00413,+0.00722,-0.49192) dt=0.050
[GS] step=231 mode=free switch=kStayInRepos best_k=0 best_src=prev_repos curr_cost=161797.84 repos_cost=169330.75 best_other=169330.75 met_progress=N steps_since_improve=95 switches=2
[STEP] step=231 mode=free t=2.310s ee=(+0.001,-0.261,+0.144) obj=(-0.002,-0.000,+0.050) goal_dist=0.298m switch=kStayInRepos target=(+0.005,-0.254,+0.147) ee_stride=0.009m ee_to_ptarget=0.292m landing_err=0.2864m ik_ok=Y ik_resid=0.0003m q_max_resid_deg=0.74 target_changed=Y retgt=N held_idx=1 held_cost=169330.75 won_cost=169330.75 margin=+0.00 won_src=prev_repos held_valid=Y reason=hold setpoint_to_ptarget=nanm finished_val=0.2924m finished_thresh=0.0200m pd_resid=nanm nextwp_to_ptarget=nanm guide_terminal_err=nanm
[GATE-EVOLVE] step=231 curr=161797.84 best_other=169330.75 ratio=0.9555 ee_to_optimal=0.2704m phi=0.1899m
[STAGE-A-TRACE] step=231 sim_t=2.310 mode=free phi=0.18993 box_xy=-0.00173,-0.00047 lam_n_ee_box=nan qy=-0.00004 qz=-0.01610 finished_repos=0
[DRAKE-CONTACT] step=231 n_pairs=1 ee_box_normal=0.000
[GATE-CONTACT] step=231 F_W=(+0.0000,+0.0000,+0.0000) F_on_box=(-0.0000,-0.0000,-0.0000) n_face_out=(-0.0000,-0.0000,-0.0000) A_is_ee=0 box_q=(+0.99991,+0.00001,-0.00004,-0.01610) box_p=(-0.00173,-0.00047,+0.05000) ee_p=(+0.00099,-0.26114,+0.14366)
[EErel] along_push=-0.003m (neg=correct)  perp=0.260m  ee_to_box=0.260m  stage=1  obj=[-0.002 -0.   ]  g_hat=[-1.     0.002]
[proxy] err=0.318m  effective=[ 0.158 -0.001  0.05 ]
[ADMM-C3+] primal: 6.1328->5.9507  dual: 106.5938->181.0127  mono=False  iters=25/25  rho=25.0
[ADMM-C3+] WARNING non-converged: pr=5.9507 dr=181.0127 tol=1e-03
[C3+] step=924 |u[0]|=36.25Nm u_axis=(-22.18,+1.79,-14.86,+20.45,+1.10,+13.36,-0.31)Nm λ_n_max=1.060 η_n_max=1.286 primal=5.951 iters=25/25 lcp_res_max=nan
[ADMIT-GUARD] step=232 admit_active=0 latch=0/0 ee_z=0.144 gate_cap=0
[ALT-GATE] step=232 target_stable=0/0 allow_descent=1
[GS-tgt] step=232 ee=(+0.001,-0.261,+0.144) p_repos=(+0.078,-0.003,+0.030) ee_to_target=0.292m target_label=prev_repos target_changed=N delta=0.000m
[X-SEQ-PROBE] step=232 x0_box=(-0.00172,-0.00047,+0.05000) x1_box=(-0.00214,-0.00012,+0.02532) x1_box_v=(-0.00413,+0.00722,-0.49192) dt=0.050
[GS] step=232 mode=free switch=kStayInRepos best_k=0 best_src=prev_repos curr_cost=141130.54 repos_cost=153080.97 best_other=153080.97 met_progress=N steps_since_improve=96 switches=2
[STEP] step=232 mode=free t=2.320s ee=(+0.001,-0.261,+0.144) obj=(-0.002,-0.000,+0.050) goal_dist=0.298m switch=kStayInRepos target=(+0.007,-0.250,+0.147) ee_stride=0.012m ee_to_ptarget=0.292m landing_err=0.2827m ik_ok=Y ik_resid=0.0010m q_max_resid_deg=1.20 target_changed=Y retgt=N held_idx=1 held_cost=153080.97 won_cost=153080.97 margin=+0.00 won_src=prev_repos held_valid=Y reason=hold setpoint_to_ptarget=nanm finished_val=0.2921m finished_thresh=0.0200m pd_resid=nanm nextwp_to_ptarget=nanm guide_terminal_err=nanm
[GATE-EVOLVE] step=232 curr=141130.54 best_other=153080.97 ratio=0.9219 ee_to_optimal=0.2698m phi=0.1895m
[STAGE-A-TRACE] step=232 sim_t=2.320 mode=free phi=0.18953 box_xy=-0.00172,-0.00047 lam_n_ee_box=nan qy=+0.00005 qz=-0.01610 finished_repos=0
[DRAKE-CONTACT] step=232 n_pairs=1 ee_box_normal=0.000
[GATE-CONTACT] step=232 F_W=(+0.0000,+0.0000,+0.0000) F_on_box=(-0.0000,-0.0000,-0.0000) n_face_out=(-0.0000,-0.0000,-0.0000) A_is_ee=0 box_q=(+0.99991,+0.00002,+0.00005,-0.01610) box_p=(-0.00172,-0.00047,+0.05000) ee_p=(+0.00114,-0.26060,+0.14430)
[EErel] along_push=-0.004m (neg=correct)  perp=0.259m  ee_to_box=0.260m  stage=1  obj=[-0.002 -0.   ]  g_hat=[-1.     0.002]
[proxy] err=0.318m  effective=[ 0.158 -0.001  0.05 ]
[ADMM-C3+] primal: 5.7470->4.5884  dual: 74.0839->139.8864  mono=False  iters=25/25  rho=25.0
[ADMM-C3+] WARNING non-converged: pr=4.5884 dr=139.8864 tol=1e-03
[C3+] step=927 |u[0]|=35.49Nm u_axis=(-22.03,+1.05,-14.20,+19.90,+1.02,+13.20,-0.30)Nm λ_n_max=0.000 η_n_max=0.675 primal=4.588 iters=25/25 lcp_res_max=nan
[ADMIT-GUARD] step=233 admit_active=0 latch=0/0 ee_z=0.145 gate_cap=0
[ALT-GATE] step=233 target_stable=0/0 allow_descent=1
[GS-tgt] step=233 ee=(+0.001,-0.260,+0.145) p_repos=(+0.078,-0.003,+0.030) ee_to_target=0.292m target_label=prev_repos target_changed=N delta=0.000m
[X-SEQ-PROBE] step=233 x0_box=(-0.00173,-0.00047,+0.05000) x1_box=(-0.00214,-0.00012,+0.02532) x1_box_v=(-0.00413,+0.00722,-0.49192) dt=0.050
[GS] step=233 mode=free switch=kStayInRepos best_k=0 best_src=prev_repos curr_cost=161639.73 repos_cost=170710.51 best_other=170710.51 met_progress=N steps_since_improve=97 switches=2
[STEP] step=233 mode=free t=2.330s ee=(+0.001,-0.260,+0.145) obj=(-0.002,-0.000,+0.050) goal_dist=0.298m switch=kStayInRepos target=(+0.008,-0.246,+0.147) ee_stride=0.015m ee_to_ptarget=0.292m landing_err=0.2791m ik_ok=Y ik_resid=0.0004m q_max_resid_deg=2.67 target_changed=Y retgt=N held_idx=1 held_cost=170710.51 won_cost=170710.51 margin=+0.00 won_src=prev_repos held_valid=Y reason=hold setpoint_to_ptarget=nanm finished_val=0.2917m finished_thresh=0.0200m pd_resid=nanm nextwp_to_ptarget=nanm guide_terminal_err=nanm
[GATE-EVOLVE] step=233 curr=161639.73 best_other=170710.51 ratio=0.9469 ee_to_optimal=0.2691m phi=0.1890m
[STAGE-A-TRACE] step=233 sim_t=2.330 mode=free phi=0.18902 box_xy=-0.00173,-0.00047 lam_n_ee_box=nan qy=-0.00003 qz=-0.01610 finished_repos=0
[DRAKE-CONTACT] step=233 n_pairs=1 ee_box_normal=0.000
[GATE-CONTACT] step=233 F_W=(+0.0000,+0.0000,+0.0000) F_on_box=(-0.0000,-0.0000,-0.0000) n_face_out=(-0.0000,-0.0000,-0.0000) A_is_ee=0 box_q=(+0.99991,-0.00003,-0.00003,-0.01610) box_p=(-0.00173,-0.00047,+0.05000) ee_p=(+0.00141,-0.25995,+0.14491)
[EErel] along_push=-0.004m (neg=correct)  perp=0.259m  ee_to_box=0.259m  stage=1  obj=[-0.002 -0.   ]  g_hat=[-1.     0.002]
[proxy] err=0.317m  effective=[ 0.158 -0.001  0.05 ]
[ADMM-C3+] primal: 6.1313->4.9457  dual: 104.6992->97.6916  mono=False  iters=25/25  rho=25.0
[ADMM-C3+] WARNING non-converged: pr=4.9457 dr=97.6916 tol=1e-03
[C3+] step=930 |u[0]|=34.62Nm u_axis=(-21.83,+0.16,-13.46,+19.27,+0.94,+12.99,-0.30)Nm λ_n_max=1.065 η_n_max=1.286 primal=4.946 iters=25/25 lcp_res_max=nan
[ADMIT-GUARD] step=234 admit_active=0 latch=0/0 ee_z=0.145 gate_cap=0
[ALT-GATE] step=234 target_stable=0/0 allow_descent=1
[GS-tgt] step=234 ee=(+0.002,-0.259,+0.145) p_repos=(+0.078,-0.003,+0.030) ee_to_target=0.291m target_label=prev_repos target_changed=N delta=0.000m
[X-SEQ-PROBE] step=234 x0_box=(-0.00172,-0.00047,+0.04999) x1_box=(-0.00214,-0.00012,+0.02532) x1_box_v=(-0.00413,+0.00722,-0.49192) dt=0.050
[GS] step=234 mode=free switch=kStayInRepos best_k=0 best_src=prev_repos curr_cost=142949.17 repos_cost=155484.85 best_other=155484.85 met_progress=N steps_since_improve=98 switches=2
[STEP] step=234 mode=free t=2.340s ee=(+0.002,-0.259,+0.145) obj=(-0.002,-0.000,+0.050) goal_dist=0.298m switch=kStayInRepos target=(+0.009,-0.242,+0.147) ee_stride=0.018m ee_to_ptarget=0.291m landing_err=0.2755m ik_ok=Y ik_resid=0.0006m q_max_resid_deg=3.88 target_changed=Y retgt=N held_idx=1 held_cost=155484.85 won_cost=155484.85 margin=+0.00 won_src=prev_repos held_valid=Y reason=hold setpoint_to_ptarget=nanm finished_val=0.2911m finished_thresh=0.0200m pd_resid=nanm nextwp_to_ptarget=nanm guide_terminal_err=nanm
[GATE-EVOLVE] step=234 curr=142949.17 best_other=155484.85 ratio=0.9194 ee_to_optimal=0.2682m phi=0.1883m
[STAGE-A-TRACE] step=234 sim_t=2.340 mode=free phi=0.18830 box_xy=-0.00172,-0.00047 lam_n_ee_box=nan qy=+0.00005 qz=-0.01610 finished_repos=0
[DRAKE-CONTACT] step=234 n_pairs=1 ee_box_normal=0.000
[GATE-CONTACT] step=234 F_W=(+0.0000,+0.0000,+0.0000) F_on_box=(-0.0000,-0.0000,-0.0000) n_face_out=(-0.0000,-0.0000,-0.0000) A_is_ee=0 box_q=(+0.99991,+0.00006,+0.00005,-0.01610) box_p=(-0.00172,-0.00047,+0.04999) ee_p=(+0.00179,-0.25912,+0.14549)
[EErel] along_push=-0.004m (neg=correct)  perp=0.258m  ee_to_box=0.258m  stage=1  obj=[-0.002 -0.   ]  g_hat=[-1.     0.002]
[proxy] err=0.316m  effective=[ 0.158 -0.001  0.05 ]
[ADMM-C3+] primal: 6.1241->7.3843  dual: 114.7963->275.2583  mono=False  iters=25/25  rho=25.0
[ADMM-C3+] WARNING non-converged: pr=7.3843 dr=275.2583 tol=1e-03
[C3+] step=933 |u[0]|=33.68Nm u_axis=(-21.56,-0.89,-12.65,+18.58,+0.87,+12.73,-0.30)Nm λ_n_max=1.044 η_n_max=1.267 primal=7.384 iters=25/25 lcp_res_max=nan
[ADMIT-GUARD] step=235 admit_active=0 latch=0/0 ee_z=0.146 gate_cap=0
[ALT-GATE] step=235 target_stable=0/0 allow_descent=1
[GS-tgt] step=235 ee=(+0.002,-0.258,+0.146) p_repos=(+0.078,-0.003,+0.030) ee_to_target=0.290m target_label=prev_repos target_changed=N delta=0.000m
[X-SEQ-PROBE] step=235 x0_box=(-0.00172,-0.00046,+0.04999) x1_box=(-0.00214,-0.00012,+0.02532) x1_box_v=(-0.00413,+0.00722,-0.49192) dt=0.050
[GS] step=235 mode=free switch=kStayInRepos best_k=0 best_src=prev_repos curr_cost=134858.71 repos_cost=147140.36 best_other=147140.36 met_progress=N steps_since_improve=99 switches=2
[STEP] step=235 mode=free t=2.350s ee=(+0.002,-0.258,+0.146) obj=(-0.002,-0.000,+0.050) goal_dist=0.298m switch=kStayInRepos target=(+0.010,-0.238,+0.147) ee_stride=0.021m ee_to_ptarget=0.290m landing_err=0.2718m ik_ok=Y ik_resid=0.0007m q_max_resid_deg=5.04 target_changed=Y retgt=N held_idx=1 held_cost=147140.36 won_cost=147140.36 margin=+0.00 won_src=prev_repos held_valid=Y reason=hold setpoint_to_ptarget=nanm finished_val=0.2903m finished_thresh=0.0200m pd_resid=nanm nextwp_to_ptarget=nanm guide_terminal_err=nanm
[GATE-EVOLVE] step=235 curr=134858.71 best_other=147140.36 ratio=0.9165 ee_to_optimal=0.2671m phi=0.1874m
[STAGE-A-TRACE] step=235 sim_t=2.350 mode=free phi=0.18741 box_xy=-0.00172,-0.00046 lam_n_ee_box=nan qy=+0.00005 qz=-0.01609 finished_repos=0
[DRAKE-CONTACT] step=235 n_pairs=1 ee_box_normal=0.000
[GATE-CONTACT] step=235 F_W=(+0.0000,+0.0000,+0.0000) F_on_box=(-0.0000,-0.0000,-0.0000) n_face_out=(-0.0000,-0.0000,-0.0000) A_is_ee=0 box_q=(+0.99991,-0.00007,+0.00005,-0.01609) box_p=(-0.00172,-0.00046,+0.04999) ee_p=(+0.00227,-0.25807,+0.14605)
[EErel] along_push=-0.005m (neg=correct)  perp=0.256m  ee_to_box=0.256m  stage=1  obj=[-0.002 -0.   ]  g_hat=[-1.     0.002]
[proxy] err=0.315m  effective=[ 0.158 -0.001  0.05 ]
[ADMM-C3+] primal: 6.1310->4.9465  dual: 104.9130->97.5979  mono=False  iters=25/25  rho=25.0
[ADMM-C3+] WARNING non-converged: pr=4.9465 dr=97.5979 tol=1e-03
[C3+] step=936 |u[0]|=32.75Nm u_axis=(-21.27,-2.06,-11.81,+17.91,+0.80,+12.44,-0.30)Nm λ_n_max=1.065 η_n_max=1.286 primal=4.947 iters=25/25 lcp_res_max=nan
[ADMIT-GUARD] step=236 admit_active=0 latch=0/0 ee_z=0.147 gate_cap=0
[ALT-GATE] step=236 target_stable=0/0 allow_descent=1
[GS-tgt] step=236 ee=(+0.003,-0.257,+0.147) p_repos=(+0.078,-0.003,+0.030) ee_to_target=0.289m target_label=prev_repos target_changed=N delta=0.000m
[X-SEQ-PROBE] step=236 x0_box=(-0.00172,-0.00048,+0.04999) x1_box=(-0.00214,-0.00012,+0.02532) x1_box_v=(-0.00413,+0.00722,-0.49192) dt=0.050
[GS] step=236 mode=free switch=kStayInRepos best_k=0 best_src=prev_repos curr_cost=142833.67 repos_cost=155728.31 best_other=155728.31 met_progress=N steps_since_improve=100 switches=2
[STEP] step=236 mode=free t=2.360s ee=(+0.003,-0.257,+0.147) obj=(-0.002,-0.000,+0.050) goal_dist=0.298m switch=kStayInRepos target=(+0.011,-0.235,+0.147) ee_stride=0.024m ee_to_ptarget=0.289m landing_err=0.2682m ik_ok=Y ik_resid=0.0009m q_max_resid_deg=6.13 target_changed=Y retgt=N held_idx=1 held_cost=155728.31 won_cost=155728.31 margin=+0.00 won_src=prev_repos held_valid=Y reason=hold setpoint_to_ptarget=nanm finished_val=0.2893m finished_thresh=0.0200m pd_resid=nanm nextwp_to_ptarget=nanm guide_terminal_err=nanm
[GATE-EVOLVE] step=236 curr=142833.67 best_other=155728.31 ratio=0.9172 ee_to_optimal=0.2657m phi=0.1862m
[STAGE-A-TRACE] step=236 sim_t=2.360 mode=free phi=0.18624 box_xy=-0.00172,-0.00048 lam_n_ee_box=nan qy=+0.00005 qz=-0.01609 finished_repos=0
[DRAKE-CONTACT] step=236 n_pairs=1 ee_box_normal=0.000
[GATE-CONTACT] step=236 F_W=(+0.0000,+0.0000,+0.0000) F_on_box=(-0.0000,-0.0000,-0.0000) n_face_out=(-0.0000,-0.0000,-0.0000) A_is_ee=0 box_q=(+0.99991,+0.00010,+0.00005,-0.01609) box_p=(-0.00172,-0.00048,+0.04999) ee_p=(+0.00283,-0.25680,+0.14661)
[EErel] along_push=-0.006m (neg=correct)  perp=0.255m  ee_to_box=0.255m  stage=1  obj=[-0.002 -0.   ]  g_hat=[-1.     0.002]
[proxy] err=0.313m  effective=[ 0.158 -0.001  0.05 ]
[ADMM-C3+] primal: 6.1318->4.9462  dual: 104.6084->97.8258  mono=False  iters=25/25  rho=25.0
[ADMM-C3+] WARNING non-converged: pr=4.9462 dr=97.8258 tol=1e-03
[C3+] step=939 |u[0]|=31.83Nm u_axis=(-20.92,-3.34,-10.92,+17.25,+0.74,+12.11,-0.30)Nm λ_n_max=1.064 η_n_max=1.286 primal=4.946 iters=25/25 lcp_res_max=nan
[ADMIT-GUARD] step=237 admit_active=0 latch=0/0 ee_z=0.147 gate_cap=0
[ALT-GATE] step=237 target_stable=0/0 allow_descent=1
[GS-tgt] step=237 ee=(+0.003,-0.255,+0.147) p_repos=(+0.078,-0.003,+0.030) ee_to_target=0.288m target_label=prev_repos target_changed=N delta=0.000m
[X-SEQ-PROBE] step=237 x0_box=(-0.00172,-0.00047,+0.04999) x1_box=(-0.00214,-0.00012,+0.02532) x1_box_v=(-0.00413,+0.00722,-0.49192) dt=0.050
[GS] step=237 mode=free switch=kStayInRepos best_k=0 best_src=prev_repos curr_cost=142486.99 repos_cost=155504.23 best_other=155504.23 met_progress=N steps_since_improve=101 switches=2
[STEP] step=237 mode=free t=2.370s ee=(+0.003,-0.255,+0.147) obj=(-0.002,-0.000,+0.050) goal_dist=0.298m switch=kStayInRepos target=(+0.012,-0.231,+0.147) ee_stride=0.026m ee_to_ptarget=0.288m landing_err=0.2646m ik_ok=Y ik_resid=0.0010m q_max_resid_deg=7.14 target_changed=Y retgt=N held_idx=1 held_cost=155504.23 won_cost=155504.23 margin=+0.00 won_src=prev_repos held_valid=Y reason=hold setpoint_to_ptarget=nanm finished_val=0.2880m finished_thresh=0.0200m pd_resid=nanm nextwp_to_ptarget=nanm guide_terminal_err=nanm
[GATE-EVOLVE] step=237 curr=142486.99 best_other=155504.23 ratio=0.9163 ee_to_optimal=0.2641m phi=0.1849m
[STAGE-A-TRACE] step=237 sim_t=2.370 mode=free phi=0.18487 box_xy=-0.00172,-0.00047 lam_n_ee_box=nan qy=+0.00004 qz=-0.01609 finished_repos=0
[DRAKE-CONTACT] step=237 n_pairs=1 ee_box_normal=0.000
[GATE-CONTACT] step=237 F_W=(+0.0000,+0.0000,+0.0000) F_on_box=(-0.0000,-0.0000,-0.0000) n_face_out=(-0.0000,-0.0000,-0.0000) A_is_ee=0 box_q=(+0.99991,+0.00004,+0.00004,-0.01609) box_p=(-0.00172,-0.00047,+0.04999) ee_p=(+0.00346,-0.25528,+0.14715)
[EErel] along_push=-0.006m (neg=correct)  perp=0.253m  ee_to_box=0.253m  stage=1  obj=[-0.002 -0.   ]  g_hat=[-1.     0.002]
[proxy] err=0.312m  effective=[ 0.158 -0.001  0.05 ]
[ADMM-C3+] primal: 6.1241->7.3824  dual: 114.7583->275.1683  mono=False  iters=25/25  rho=25.0
[ADMM-C3+] WARNING non-converged: pr=7.3824 dr=275.1683 tol=1e-03
[C3+] step=942 |u[0]|=30.93Nm u_axis=(-20.51,-4.73,-10.00,+16.60,+0.69,+11.75,-0.30)Nm λ_n_max=1.044 η_n_max=1.267 primal=7.382 iters=25/25 lcp_res_max=nan
[ADMIT-GUARD] step=238 admit_active=0 latch=0/0 ee_z=0.148 gate_cap=0
[ALT-GATE] step=238 target_stable=0/0 allow_descent=1
[GS-tgt] step=238 ee=(+0.004,-0.254,+0.148) p_repos=(+0.078,-0.003,+0.030) ee_to_target=0.286m target_label=prev_repos target_changed=N delta=0.000m
[X-SEQ-PROBE] step=238 x0_box=(-0.00172,-0.00046,+0.04999) x1_box=(-0.00214,-0.00012,+0.02532) x1_box_v=(-0.00413,+0.00722,-0.49192) dt=0.050
[GS] step=238 mode=free switch=kStayInRepos best_k=0 best_src=prev_repos curr_cost=134698.05 repos_cost=147478.93 best_other=147478.93 met_progress=N steps_since_improve=102 switches=2
[STEP] step=238 mode=free t=2.380s ee=(+0.004,-0.254,+0.148) obj=(-0.002,-0.000,+0.050) goal_dist=0.298m switch=kStayInRepos target=(+0.013,-0.227,+0.147) ee_stride=0.028m ee_to_ptarget=0.286m landing_err=0.2611m ik_ok=Y ik_resid=0.0003m q_max_resid_deg=8.58 target_changed=Y retgt=N held_idx=1 held_cost=147478.93 won_cost=147478.93 margin=+0.00 won_src=prev_repos held_valid=Y reason=hold setpoint_to_ptarget=nanm finished_val=0.2865m finished_thresh=0.0200m pd_resid=nanm nextwp_to_ptarget=nanm guide_terminal_err=nanm
[GATE-EVOLVE] step=238 curr=134698.05 best_other=147478.93 ratio=0.9133 ee_to_optimal=0.2622m phi=0.1833m
[STAGE-A-TRACE] step=238 sim_t=2.380 mode=free phi=0.18329 box_xy=-0.00172,-0.00046 lam_n_ee_box=nan qy=+0.00004 qz=-0.01608 finished_repos=0
[DRAKE-CONTACT] step=238 n_pairs=1 ee_box_normal=0.000
[GATE-CONTACT] step=238 F_W=(+0.0000,+0.0000,+0.0000) F_on_box=(-0.0000,-0.0000,-0.0000) n_face_out=(-0.0000,-0.0000,-0.0000) A_is_ee=0 box_q=(+0.99991,-0.00008,+0.00004,-0.01608) box_p=(-0.00172,-0.00046,+0.04999) ee_p=(+0.00416,-0.25353,+0.14767)
[EErel] along_push=-0.007m (neg=correct)  perp=0.251m  ee_to_box=0.251m  stage=1  obj=[-0.002 -0.   ]  g_hat=[-1.     0.002]
[proxy] err=0.310m  effective=[ 0.158 -0.001  0.05 ]
[ADMM-C3+] primal: 6.1309->4.9477  dual: 105.0402->97.6625  mono=False  iters=25/25  rho=25.0
[ADMM-C3+] WARNING non-converged: pr=4.9477 dr=97.6625 tol=1e-03
[C3+] step=945 |u[0]|=30.16Nm u_axis=(-20.07,-6.18,-9.08,+16.03,+0.66,+11.36,-0.30)Nm λ_n_max=1.064 η_n_max=1.286 primal=4.948 iters=25/25 lcp_res_max=nan
[ADMIT-GUARD] step=239 admit_active=0 latch=0/0 ee_z=0.148 gate_cap=0
[ALT-GATE] step=239 target_stable=0/0 allow_descent=1
[GS-tgt] step=239 ee=(+0.005,-0.252,+0.148) p_repos=(+0.078,-0.003,+0.030) ee_to_target=0.285m target_label=prev_repos target_changed=N delta=0.000m
[X-SEQ-PROBE] step=239 x0_box=(-0.00172,-0.00048,+0.05000) x1_box=(-0.00214,-0.00012,+0.02532) x1_box_v=(-0.00413,+0.00722,-0.49192) dt=0.050
[GS] step=239 mode=free switch=kStayInRepos best_k=0 best_src=prev_repos curr_cost=142378.55 repos_cost=155678.88 best_other=155678.88 met_progress=N steps_since_improve=103 switches=2
[STEP] step=239 mode=free t=2.390s ee=(+0.005,-0.252,+0.148) obj=(-0.002,-0.000,+0.050) goal_dist=0.298m switch=kStayInRepos target=(+0.014,-0.223,+0.147) ee_stride=0.030m ee_to_ptarget=0.285m landing_err=0.2575m ik_ok=Y ik_resid=0.0003m q_max_resid_deg=9.45 target_changed=Y retgt=N held_idx=1 held_cost=155678.88 won_cost=155678.88 margin=+0.00 won_src=prev_repos held_valid=Y reason=hold setpoint_to_ptarget=nanm finished_val=0.2848m finished_thresh=0.0200m pd_resid=nanm nextwp_to_ptarget=nanm guide_terminal_err=nanm
[GATE-EVOLVE] step=239 curr=142378.55 best_other=155678.88 ratio=0.9146 ee_to_optimal=0.2601m phi=0.1814m
[STAGE-A-TRACE] step=239 sim_t=2.390 mode=free phi=0.18143 box_xy=-0.00172,-0.00048 lam_n_ee_box=nan qy=+0.00003 qz=-0.01608 finished_repos=0
[DRAKE-CONTACT] step=239 n_pairs=1 ee_box_normal=0.000
[GATE-CONTACT] step=239 F_W=(+0.0000,+0.0000,+0.0000) F_on_box=(-0.0000,-0.0000,-0.0000) n_face_out=(-0.0000,-0.0000,-0.0000) A_is_ee=0 box_q=(+0.99991,+0.00008,+0.00003,-0.01608) box_p=(-0.00172,-0.00048,+0.05000) ee_p=(+0.00491,-0.25156,+0.14817)
[EErel] along_push=-0.008m (neg=correct)  perp=0.249m  ee_to_box=0.249m  stage=2  obj=[-0.002 -0.   ]  g_hat=[-1.     0.002]
[proxy] err=0.308m  effective=[ 0.159 -0.001  0.05 ]
[ADMM-C3+] primal: 5.7411->3.8066  dual: 74.5463->78.7159  mono=False  iters=25/25  rho=25.0
[ADMM-C3+] WARNING non-converged: pr=3.8066 dr=78.7159 tol=1e-03
[C3+] step=948 |u[0]|=29.49Nm u_axis=(-19.57,-7.72,-8.17,+15.51,+0.65,+10.94,-0.30)Nm λ_n_max=0.000 η_n_max=0.788 primal=3.807 iters=25/25 lcp_res_max=nan
[ADMIT-GUARD] step=240 admit_active=0 latch=0/0 ee_z=0.149 gate_cap=0
[ALT-GATE] step=240 target_stable=0/0 allow_descent=1
[GS-tgt] step=240 ee=(+0.006,-0.249,+0.149) p_repos=(+0.078,-0.003,+0.030) ee_to_target=0.283m target_label=prev_repos target_changed=N delta=0.000m
[X-SEQ-PROBE] step=240 x0_box=(-0.00173,-0.00048,+0.04999) x1_box=(-0.00214,-0.00012,+0.02532) x1_box_v=(-0.00413,+0.00722,-0.49192) dt=0.050
[IMP] step=240 mode=free |x_err|=0.0316m |tau_imp|=23.07Nm |tau_ff|=0.00Nm |tau_out|=23.07Nm sat=False lam_n=False lam_t=False
[GS] step=240 mode=free switch=kStayInRepos best_k=0 best_src=prev_repos curr_cost=161535.23 repos_cost=170515.86 best_other=170515.86 met_progress=N steps_since_improve=104 switches=2
[STEP] step=240 mode=free t=2.400s ee=(+0.006,-0.249,+0.149) obj=(-0.002,-0.000,+0.050) goal_dist=0.298m switch=kStayInRepos target=(+0.015,-0.219,+0.147) ee_stride=0.032m ee_to_ptarget=0.283m landing_err=0.2540m ik_ok=Y ik_resid=0.0003m q_max_resid_deg=10.20 target_changed=Y retgt=N held_idx=1 held_cost=170515.86 won_cost=170515.86 margin=+0.00 won_src=prev_repos held_valid=Y reason=hold setpoint_to_ptarget=nanm finished_val=0.2829m finished_thresh=0.0200m pd_resid=nanm nextwp_to_ptarget=nanm guide_terminal_err=nanm
[GATE-EVOLVE] step=240 curr=161535.23 best_other=170515.86 ratio=0.9473 ee_to_optimal=0.2578m phi=0.1794m
[STAGE-A-TRACE] step=240 sim_t=2.400 mode=free phi=0.17939 box_xy=-0.00173,-0.00048 lam_n_ee_box=nan qy=-0.00004 qz=-0.01608 finished_repos=0
[GS-table] step=240
  k=0 (current   ) pos=(+0.006,-0.249,+0.149) c_C3= 161535.23 align=0.0000(bonus=    0.00) rot=+0.0000(bonus=    0.00) travel=0.000m(pen=  0.00) c_sample= 161535.23 feas=Y ik_err=0.0000m  ← WIN
  k=1 (prev_repos) pos=(+0.078,-0.003,+0.030) c_C3= 200445.29 align=0.9995(bonus=29986.00) rot=+0.0000(bonus=    0.00) travel=0.283m(pen= 56.57) c_sample= 170515.86 feas=Y ik_err=0.0001m
  k=2 (strat_0   ) pos=(+0.078,-0.003,+0.030) c_C3= 200445.29 align=0.9995(bonus=29986.00) rot=+0.0000(bonus=    0.00) travel=0.283m(pen= 56.57) c_sample= 170515.86 feas=Y ik_err=0.0001m
[DRAKE-CONTACT] step=240 n_pairs=1 ee_box_normal=0.000
[GATE-CONTACT] step=240 F_W=(+0.0000,+0.0000,+0.0000) F_on_box=(-0.0000,-0.0000,-0.0000) n_face_out=(-0.0000,-0.0000,-0.0000) A_is_ee=0 box_q=(+0.99991,+0.00008,-0.00004,-0.01608) box_p=(-0.00173,-0.00048,+0.04999) ee_p=(+0.00572,-0.24937,+0.14863)
[EErel] along_push=-0.009m (neg=correct)  perp=0.247m  ee_to_box=0.247m  stage=2  obj=[-0.002 -0.   ]  g_hat=[-1.     0.002]
[proxy] err=0.306m  effective=[ 0.159 -0.001  0.05 ]
[ADMM-C3+] primal: 5.7684->4.6296  dual: 74.4902->141.5360  mono=False  iters=25/25  rho=25.0
[ADMM-C3+] WARNING non-converged: pr=4.6296 dr=141.5360 tol=1e-03
[C3+] step=951 |u[0]|=28.97Nm u_axis=(-19.02,-9.32,-7.31,+15.05,+0.66,+10.49,-0.30)Nm λ_n_max=0.000 η_n_max=0.663 primal=4.630 iters=25/25 lcp_res_max=nan
[ADMIT-GUARD] step=241 admit_active=0 latch=0/0 ee_z=0.149 gate_cap=0
[ALT-GATE] step=241 target_stable=0/0 allow_descent=1
[GS-tgt] step=241 ee=(+0.007,-0.247,+0.149) p_repos=(+0.078,-0.003,+0.030) ee_to_target=0.281m target_label=prev_repos target_changed=N delta=0.000m
[X-SEQ-PROBE] step=241 x0_box=(-0.00173,-0.00046,+0.05000) x1_box=(-0.00214,-0.00012,+0.02532) x1_box_v=(-0.00413,+0.00722,-0.49192) dt=0.050
[GS] step=241 mode=free switch=kStayInRepos best_k=0 best_src=prev_repos curr_cost=160138.66 repos_cost=170296.79 best_other=170296.79 met_progress=N steps_since_improve=105 switches=2
[STEP] step=241 mode=free t=2.410s ee=(+0.007,-0.247,+0.149) obj=(-0.002,-0.000,+0.050) goal_dist=0.298m switch=kStayInRepos target=(+0.017,-0.215,+0.147) ee_stride=0.033m ee_to_ptarget=0.281m landing_err=0.2504m ik_ok=Y ik_resid=0.0003m q_max_resid_deg=10.85 target_changed=Y retgt=N held_idx=1 held_cost=170296.79 won_cost=170296.79 margin=+0.00 won_src=prev_repos held_valid=Y reason=hold setpoint_to_ptarget=nanm finished_val=0.2807m finished_thresh=0.0200m pd_resid=nanm nextwp_to_ptarget=nanm guide_terminal_err=nanm
[GATE-EVOLVE] step=241 curr=160138.66 best_other=170296.79 ratio=0.9404 ee_to_optimal=0.2553m phi=0.1772m
[STAGE-A-TRACE] step=241 sim_t=2.410 mode=free phi=0.17718 box_xy=-0.00173,-0.00046 lam_n_ee_box=nan qy=-0.00004 qz=-0.01607 finished_repos=0
[DRAKE-CONTACT] step=241 n_pairs=1 ee_box_normal=0.000
[GATE-CONTACT] step=241 F_W=(+0.0000,+0.0000,+0.0000) F_on_box=(-0.0000,-0.0000,-0.0000) n_face_out=(-0.0000,-0.0000,-0.0000) A_is_ee=0 box_q=(+0.99991,-0.00006,-0.00004,-0.01607) box_p=(-0.00173,-0.00046,+0.05000) ee_p=(+0.00657,-0.24699,+0.14905)
[EErel] along_push=-0.010m (neg=correct)  perp=0.244m  ee_to_box=0.244m  stage=2  obj=[-0.002 -0.   ]  g_hat=[-1.     0.002]
[proxy] err=0.304m  effective=[ 0.16  -0.001  0.05 ]
[ADMM-C3+] primal: 5.7357->3.7977  dual: 74.5141->78.4311  mono=False  iters=25/25  rho=25.0
[ADMM-C3+] WARNING non-converged: pr=3.7977 dr=78.4311 tol=1e-03
[C3+] step=954 |u[0]|=28.57Nm u_axis=(-18.39,-10.97,-6.48,+14.66,+0.70,+10.01,-0.31)Nm λ_n_max=0.000 η_n_max=0.790 primal=3.798 iters=25/25 lcp_res_max=nan
[ADMIT-GUARD] step=242 admit_active=0 latch=0/0 ee_z=0.149 gate_cap=0
[ALT-GATE] step=242 target_stable=0/0 allow_descent=1
[GS-tgt] step=242 ee=(+0.007,-0.244,+0.149) p_repos=(+0.078,-0.003,+0.030) ee_to_target=0.278m target_label=prev_repos target_changed=N delta=0.000m
[X-SEQ-PROBE] step=242 x0_box=(-0.00173,-0.00047,+0.04999) x1_box=(-0.00214,-0.00012,+0.02532) x1_box_v=(-0.00413,+0.00722,-0.49192) dt=0.050
[GS] step=242 mode=free switch=kStayInRepos best_k=0 best_src=prev_repos curr_cost=161491.94 repos_cost=170620.87 best_other=170620.87 met_progress=N steps_since_improve=106 switches=2
[STEP] step=242 mode=free t=2.420s ee=(+0.007,-0.244,+0.149) obj=(-0.002,-0.000,+0.050) goal_dist=0.298m switch=kStayInRepos target=(+0.018,-0.212,+0.147) ee_stride=0.034m ee_to_ptarget=0.278m landing_err=0.2469m ik_ok=Y ik_resid=0.0003m q_max_resid_deg=11.38 target_changed=Y retgt=N held_idx=1 held_cost=170620.87 won_cost=170620.87 margin=+0.00 won_src=prev_repos held_valid=Y reason=hold setpoint_to_ptarget=nanm finished_val=0.2785m finished_thresh=0.0200m pd_resid=nanm nextwp_to_ptarget=nanm guide_terminal_err=nanm
[GATE-EVOLVE] step=242 curr=161491.94 best_other=170620.87 ratio=0.9465 ee_to_optimal=0.2526m phi=0.1747m
[STAGE-A-TRACE] step=242 sim_t=2.420 mode=free phi=0.17475 box_xy=-0.00173,-0.00047 lam_n_ee_box=nan qy=-0.00004 qz=-0.01607 finished_repos=0
[DRAKE-CONTACT] step=242 n_pairs=1 ee_box_normal=0.000
[GATE-CONTACT] step=242 F_W=(+0.0000,+0.0000,+0.0000) F_on_box=(-0.0000,-0.0000,-0.0000) n_face_out=(-0.0000,-0.0000,-0.0000) A_is_ee=0 box_q=(+0.99991,+0.00004,-0.00004,-0.01607) box_p=(-0.00173,-0.00047,+0.04999) ee_p=(+0.00746,-0.24443,+0.14943)
[EErel] along_push=-0.010m (neg=correct)  perp=0.241m  ee_to_box=0.241m  stage=2  obj=[-0.002 -0.   ]  g_hat=[-1.     0.002]
[proxy] err=0.302m  effective=[ 0.161 -0.001  0.05 ]
[ADMM-C3+] primal: 6.1214->7.4060  dual: 113.9999->275.7576  mono=False  iters=25/25  rho=25.0
[ADMM-C3+] WARNING non-converged: pr=7.4060 dr=275.7576 tol=1e-03
[C3+] step=957 |u[0]|=28.31Nm u_axis=(-17.66,-12.65,-5.70,+14.35,+0.76,+9.51,-0.31)Nm λ_n_max=1.045 η_n_max=1.267 primal=7.406 iters=25/25 lcp_res_max=nan
[ADMIT-GUARD] step=243 admit_active=0 latch=0/0 ee_z=0.150 gate_cap=0
[ALT-GATE] step=243 target_stable=0/0 allow_descent=1
[GS-tgt] step=243 ee=(+0.008,-0.242,+0.150) p_repos=(+0.078,-0.003,+0.030) ee_to_target=0.276m target_label=prev_repos target_changed=N delta=0.000m
[X-SEQ-PROBE] step=243 x0_box=(-0.00172,-0.00047,+0.05000) x1_box=(-0.00214,-0.00012,+0.02532) x1_box_v=(-0.00413,+0.00722,-0.49192) dt=0.050
[GS] step=243 mode=free switch=kToBetterRepos best_k=0 best_src=prev_repos curr_cost=135155.09 repos_cost=148623.38 best_other=148623.38 met_progress=N steps_since_improve=107 switches=2
[STEP] step=243 mode=free t=2.430s ee=(+0.008,-0.242,+0.150) obj=(-0.002,-0.000,+0.050) goal_dist=0.298m switch=kToBetterRepos target=(+0.019,-0.208,+0.147) ee_stride=0.036m ee_to_ptarget=0.276m landing_err=0.2434m ik_ok=Y ik_resid=0.0003m q_max_resid_deg=11.78 target_changed=Y retgt=N held_idx=1 held_cost=148623.38 won_cost=148623.38 margin=+0.00 won_src=prev_repos held_valid=Y reason=hold setpoint_to_ptarget=nanm finished_val=0.2760m finished_thresh=0.0200m pd_resid=nanm nextwp_to_ptarget=nanm guide_terminal_err=nanm
[GATE-EVOLVE] step=243 curr=135155.09 best_other=148623.38 ratio=0.9094 ee_to_optimal=0.2497m phi=0.1722m
[STAGE-A-TRACE] step=243 sim_t=2.430 mode=free phi=0.17217 box_xy=-0.00172,-0.00047 lam_n_ee_box=nan qy=+0.00004 qz=-0.01606 finished_repos=0
[DRAKE-CONTACT] step=243 n_pairs=1 ee_box_normal=0.000
[GATE-CONTACT] step=243 F_W=(+0.0000,+0.0000,+0.0000) F_on_box=(-0.0000,-0.0000,-0.0000) n_face_out=(-0.0000,-0.0000,-0.0000) A_is_ee=0 box_q=(+0.99991,-0.00000,+0.00004,-0.01606) box_p=(-0.00172,-0.00047,+0.05000) ee_p=(+0.00838,-0.24170,+0.14976)
[EErel] along_push=-0.011m (neg=correct)  perp=0.238m  ee_to_box=0.239m  stage=2  obj=[-0.002 -0.   ]  g_hat=[-1.     0.002]
[proxy] err=0.300m  effective=[ 0.161 -0.001  0.05 ]
[ADMM-C3+] primal: 6.1219->7.4375  dual: 112.1542->277.2356  mono=False  iters=25/25  rho=25.0
[ADMM-C3+] WARNING non-converged: pr=7.4375 dr=277.2356 tol=1e-03
[C3+] step=960 |u[0]|=28.20Nm u_axis=(-16.82,-14.36,-4.98,+14.12,+0.85,+9.00,-0.31)Nm λ_n_max=1.050 η_n_max=1.267 primal=7.438 iters=25/25 lcp_res_max=nan
[ADMIT-GUARD] step=244 admit_active=0 latch=0/0 ee_z=0.150 gate_cap=0
[ALT-GATE] step=244 target_stable=0/0 allow_descent=1
[GS-tgt] step=244 ee=(+0.009,-0.239,+0.150) p_repos=(+0.078,-0.003,+0.030) ee_to_target=0.273m target_label=prev_repos target_changed=N delta=0.000m
[X-SEQ-PROBE] step=244 x0_box=(-0.00171,-0.00047,+0.04999) x1_box=(-0.00214,-0.00012,+0.02532) x1_box_v=(-0.00413,+0.00722,-0.49192) dt=0.050
[GS] step=244 mode=free switch=kStayInRepos best_k=0 best_src=prev_repos curr_cost=136917.12 repos_cost=150938.07 best_other=150938.07 met_progress=N steps_since_improve=108 switches=2
[STEP] step=244 mode=free t=2.440s ee=(+0.009,-0.239,+0.150) obj=(-0.002,-0.000,+0.050) goal_dist=0.298m switch=kStayInRepos target=(+0.020,-0.204,+0.147) ee_stride=0.037m ee_to_ptarget=0.273m landing_err=0.2399m ik_ok=Y ik_resid=0.0002m q_max_resid_deg=12.08 target_changed=Y retgt=N held_idx=1 held_cost=150938.07 won_cost=150938.07 margin=+0.00 won_src=prev_repos held_valid=Y reason=hold setpoint_to_ptarget=nanm finished_val=0.2734m finished_thresh=0.0200m pd_resid=nanm nextwp_to_ptarget=nanm guide_terminal_err=nanm
[GATE-EVOLVE] step=244 curr=136917.12 best_other=150938.07 ratio=0.9071 ee_to_optimal=0.2467m phi=0.1694m
[STAGE-A-TRACE] step=244 sim_t=2.440 mode=free phi=0.16944 box_xy=-0.00171,-0.00047 lam_n_ee_box=nan qy=+0.00007 qz=-0.01606 finished_repos=0
[DRAKE-CONTACT] step=244 n_pairs=1 ee_box_normal=0.000
[GATE-CONTACT] step=244 F_W=(+0.0000,+0.0000,+0.0000) F_on_box=(-0.0000,-0.0000,-0.0000) n_face_out=(-0.0000,-0.0000,-0.0000) A_is_ee=0 box_q=(+0.99991,-0.00002,+0.00007,-0.01606) box_p=(-0.00171,-0.00047,+0.04999) ee_p=(+0.00933,-0.23883,+0.15005)
[EErel] along_push=-0.012m (neg=correct)  perp=0.235m  ee_to_box=0.236m  stage=2  obj=[-0.002 -0.   ]  g_hat=[-1.     0.002]
[proxy] err=0.297m  effective=[ 0.162 -0.001  0.05 ]
[ADMM-C3+] primal: 5.7557->4.6063  dual: 73.7641->139.8736  mono=False  iters=25/25  rho=25.0
[ADMM-C3+] WARNING non-converged: pr=4.6063 dr=139.8736 tol=1e-03
[C3+] step=963 |u[0]|=28.22Nm u_axis=(-15.84,-16.08,-4.34,+13.98,+0.98,+8.46,-0.32)Nm λ_n_max=0.000 η_n_max=0.677 primal=4.606 iters=25/25 lcp_res_max=nan
[ADMIT-GUARD] step=245 admit_active=0 latch=0/0 ee_z=0.150 gate_cap=0
[ALT-GATE] step=245 target_stable=0/0 allow_descent=1
[GS-tgt] step=245 ee=(+0.010,-0.236,+0.150) p_repos=(+0.078,-0.003,+0.030) ee_to_target=0.271m target_label=prev_repos target_changed=N delta=0.000m
[X-SEQ-PROBE] step=245 x0_box=(-0.00173,-0.00047,+0.05000) x1_box=(-0.00214,-0.00012,+0.02532) x1_box_v=(-0.00413,+0.00722,-0.49192) dt=0.050
[GS] step=245 mode=free switch=kStayInRepos best_k=0 best_src=prev_repos curr_cost=162611.78 repos_cost=174100.21 best_other=174100.21 met_progress=N steps_since_improve=109 switches=2
[STEP] step=245 mode=free t=2.450s ee=(+0.010,-0.236,+0.150) obj=(-0.002,-0.000,+0.050) goal_dist=0.298m switch=kStayInRepos target=(+0.021,-0.200,+0.147) ee_stride=0.037m ee_to_ptarget=0.271m landing_err=0.2364m ik_ok=Y ik_resid=0.0002m q_max_resid_deg=12.26 target_changed=Y retgt=N held_idx=1 held_cost=174100.21 won_cost=174100.21 margin=+0.00 won_src=prev_repos held_valid=Y reason=hold setpoint_to_ptarget=nanm finished_val=0.2707m finished_thresh=0.0200m pd_resid=nanm nextwp_to_ptarget=nanm guide_terminal_err=nanm
[GATE-EVOLVE] step=245 curr=162611.78 best_other=174100.21 ratio=0.9340 ee_to_optimal=0.2435m phi=0.1666m
[STAGE-A-TRACE] step=245 sim_t=2.450 mode=free phi=0.16656 box_xy=-0.00173,-0.00047 lam_n_ee_box=nan qy=-0.00004 qz=-0.01607 finished_repos=0
[DRAKE-CONTACT] step=245 n_pairs=1 ee_box_normal=0.000
[GATE-CONTACT] step=245 F_W=(+0.0000,+0.0000,+0.0000) F_on_box=(-0.0000,-0.0000,-0.0000) n_face_out=(-0.0000,-0.0000,-0.0000) A_is_ee=0 box_q=(+0.99991,-0.00003,-0.00004,-0.01607) box_p=(-0.00173,-0.00047,+0.05000) ee_p=(+0.01032,-0.23581,+0.15028)
[EErel] along_push=-0.013m (neg=correct)  perp=0.232m  ee_to_box=0.233m  stage=2  obj=[-0.002 -0.   ]  g_hat=[-1.     0.002]
[proxy] err=0.295m  effective=[ 0.163 -0.001  0.05 ]
[ADMM-C3+] primal: 6.1216->7.4383  dual: 112.3895->277.3694  mono=False  iters=25/25  rho=25.0
[ADMM-C3+] WARNING non-converged: pr=7.4383 dr=277.3694 tol=1e-03
[C3+] step=966 |u[0]|=28.38Nm u_axis=(-14.72,-17.80,-3.80,+13.92,+1.14,+7.91,-0.32)Nm λ_n_max=1.049 η_n_max=1.267 primal=7.438 iters=25/25 lcp_res_max=nan
[ADMIT-GUARD] step=246 admit_active=0 latch=0/0 ee_z=0.150 gate_cap=0
[ALT-GATE] step=246 target_stable=0/0 allow_descent=1
[GS-tgt] step=246 ee=(+0.011,-0.233,+0.150) p_repos=(+0.078,-0.003,+0.030) ee_to_target=0.268m target_label=prev_repos target_changed=N delta=0.000m
[X-SEQ-PROBE] step=246 x0_box=(-0.00172,-0.00047,+0.05000) x1_box=(-0.00214,-0.00012,+0.02532) x1_box_v=(-0.00413,+0.00722,-0.49192) dt=0.050
[GS] step=246 mode=free switch=kToBetterRepos best_k=0 best_src=prev_repos curr_cost=136765.39 repos_cost=152044.64 best_other=152044.64 met_progress=N steps_since_improve=110 switches=2
[STEP] step=246 mode=free t=2.460s ee=(+0.011,-0.233,+0.150) obj=(-0.002,-0.000,+0.050) goal_dist=0.298m switch=kToBetterRepos target=(+0.022,-0.196,+0.147) ee_stride=0.038m ee_to_ptarget=0.268m landing_err=0.2329m ik_ok=Y ik_resid=0.0002m q_max_resid_deg=12.33 target_changed=Y retgt=N held_idx=1 held_cost=152044.64 won_cost=152044.64 margin=+0.00 won_src=prev_repos held_valid=Y reason=hold setpoint_to_ptarget=nanm finished_val=0.2678m finished_thresh=0.0200m pd_resid=nanm nextwp_to_ptarget=nanm guide_terminal_err=nanm
[GATE-EVOLVE] step=246 curr=136765.39 best_other=152044.64 ratio=0.8995 ee_to_optimal=0.2402m phi=0.1636m
[STAGE-A-TRACE] step=246 sim_t=2.460 mode=free phi=0.16355 box_xy=-0.00172,-0.00047 lam_n_ee_box=nan qy=+0.00005 qz=-0.01607 finished_repos=0
[DRAKE-CONTACT] step=246 n_pairs=1 ee_box_normal=0.000
[GATE-CONTACT] step=246 F_W=(+0.0000,+0.0000,+0.0000) F_on_box=(-0.0000,-0.0000,-0.0000) n_face_out=(-0.0000,-0.0000,-0.0000) A_is_ee=0 box_q=(+0.99991,-0.00002,+0.00005,-0.01607) box_p=(-0.00172,-0.00047,+0.05000) ee_p=(+0.01132,-0.23268,+0.15046)
[EErel] along_push=-0.014m (neg=correct)  perp=0.229m  ee_to_box=0.229m  stage=2  obj=[-0.002 -0.   ]  g_hat=[-1.     0.002]
[proxy] err=0.292m  effective=[ 0.164 -0.001  0.05 ]
[ADMM-C3+] primal: 6.1336->7.3028  dual: 105.2308->201.0795  mono=False  iters=25/25  rho=25.0
[ADMM-C3+] WARNING non-converged: pr=7.3028 dr=201.0795 tol=1e-03
[C3+] step=969 |u[0]|=28.69Nm u_axis=(-13.45,-19.52,-3.34,+13.94,+1.33,+7.35,-0.33)Nm λ_n_max=1.060 η_n_max=1.286 primal=7.303 iters=25/25 lcp_res_max=nan
[ADMIT-GUARD] step=247 admit_active=0 latch=0/0 ee_z=0.151 gate_cap=0
[ALT-GATE] step=247 target_stable=0/0 allow_descent=1
[GS-tgt] step=247 ee=(+0.012,-0.229,+0.151) p_repos=(+0.078,-0.003,+0.030) ee_to_target=0.265m target_label=prev_repos target_changed=N delta=0.000m
[X-SEQ-PROBE] step=247 x0_box=(-0.00172,-0.00047,+0.05000) x1_box=(-0.00214,-0.00012,+0.02532) x1_box_v=(-0.00413,+0.00722,-0.49192) dt=0.050
[GS] step=247 mode=free switch=kStayInRepos best_k=0 best_src=prev_repos curr_cost=140835.40 repos_cost=156997.17 best_other=156997.17 met_progress=N steps_since_improve=111 switches=2
[STEP] step=247 mode=free t=2.470s ee=(+0.012,-0.229,+0.151) obj=(-0.002,-0.000,+0.050) goal_dist=0.298m switch=kStayInRepos target=(+0.023,-0.192,+0.147) ee_stride=0.039m ee_to_ptarget=0.265m landing_err=0.2295m ik_ok=Y ik_resid=0.0009m q_max_resid_deg=11.96 target_changed=Y retgt=N held_idx=1 held_cost=156997.17 won_cost=156997.17 margin=+0.00 won_src=prev_repos held_valid=Y reason=hold setpoint_to_ptarget=nanm finished_val=0.2648m finished_thresh=0.0200m pd_resid=nanm nextwp_to_ptarget=nanm guide_terminal_err=nanm
[GATE-EVOLVE] step=247 curr=140835.40 best_other=156997.17 ratio=0.8971 ee_to_optimal=0.2368m phi=0.1604m
[STAGE-A-TRACE] step=247 sim_t=2.470 mode=free phi=0.16042 box_xy=-0.00172,-0.00047 lam_n_ee_box=nan qy=+0.00002 qz=-0.01608 finished_repos=0
[DRAKE-CONTACT] step=247 n_pairs=1 ee_box_normal=0.000
[GATE-CONTACT] step=247 F_W=(+0.0000,+0.0000,+0.0000) F_on_box=(-0.0000,-0.0000,-0.0000) n_face_out=(-0.0000,-0.0000,-0.0000) A_is_ee=0 box_q=(+0.99991,+0.00004,+0.00002,-0.01608) box_p=(-0.00172,-0.00047,+0.05000) ee_p=(+0.01235,-0.22943,+0.15059)
[EErel] along_push=-0.015m (neg=correct)  perp=0.226m  ee_to_box=0.226m  stage=2  obj=[-0.002 -0.   ]  g_hat=[-1.     0.002]
[proxy] err=0.289m  effective=[ 0.165 -0.001  0.05 ]
[ADMM-C3+] primal: 5.7271->3.7841  dual: 74.8992->78.1556  mono=False  iters=25/25  rho=25.0
[ADMM-C3+] WARNING non-converged: pr=3.7841 dr=78.1556 tol=1e-03
[C3+] step=972 |u[0]|=29.15Nm u_axis=(-12.04,-21.22,-2.99,+14.04,+1.55,+6.78,-0.34)Nm λ_n_max=0.000 η_n_max=0.787 primal=3.784 iters=25/25 lcp_res_max=nan
[ADMIT-GUARD] step=248 admit_active=0 latch=0/0 ee_z=0.151 gate_cap=0
[ALT-GATE] step=248 target_stable=0/0 allow_descent=1
[GS-tgt] step=248 ee=(+0.013,-0.226,+0.151) p_repos=(+0.078,-0.003,+0.030) ee_to_target=0.262m target_label=prev_repos target_changed=N delta=0.000m
[X-SEQ-PROBE] step=248 x0_box=(-0.00173,-0.00047,+0.04999) x1_box=(-0.00214,-0.00012,+0.02532) x1_box_v=(-0.00413,+0.00722,-0.49192) dt=0.050
[GS] step=248 mode=free switch=kStayInRepos best_k=0 best_src=prev_repos curr_cost=160392.60 repos_cost=173510.79 best_other=173510.79 met_progress=N steps_since_improve=112 switches=2
[STEP] step=248 mode=free t=2.480s ee=(+0.013,-0.226,+0.151) obj=(-0.002,-0.000,+0.050) goal_dist=0.298m switch=kStayInRepos target=(+0.024,-0.189,+0.147) ee_stride=0.039m ee_to_ptarget=0.262m landing_err=0.2261m ik_ok=Y ik_resid=0.0009m q_max_resid_deg=11.89 target_changed=Y retgt=N held_idx=1 held_cost=173510.79 won_cost=173510.79 margin=+0.00 won_src=prev_repos held_valid=Y reason=hold setpoint_to_ptarget=nanm finished_val=0.2618m finished_thresh=0.0200m pd_resid=nanm nextwp_to_ptarget=nanm guide_terminal_err=nanm
[GATE-EVOLVE] step=248 curr=160392.60 best_other=173510.79 ratio=0.9244 ee_to_optimal=0.2333m phi=0.1572m
[STAGE-A-TRACE] step=248 sim_t=2.480 mode=free phi=0.15720 box_xy=-0.00173,-0.00047 lam_n_ee_box=nan qy=-0.00008 qz=-0.01608 finished_repos=0
[DRAKE-CONTACT] step=248 n_pairs=1 ee_box_normal=0.000
[GATE-CONTACT] step=248 F_W=(+0.0000,+0.0000,+0.0000) F_on_box=(-0.0000,-0.0000,-0.0000) n_face_out=(-0.0000,-0.0000,-0.0000) A_is_ee=0 box_q=(+0.99991,+0.00004,-0.00008,-0.01608) box_p=(-0.00173,-0.00047,+0.04999) ee_p=(+0.01339,-0.22609,+0.15067)
[EErel] along_push=-0.017m (neg=correct)  perp=0.222m  ee_to_box=0.223m  stage=2  obj=[-0.002 -0.   ]  g_hat=[-1.     0.002]
[proxy] err=0.287m  effective=[ 0.166 -0.001  0.05 ]
[ADMM-C3+] primal: 6.1325->5.9592  dual: 106.6017->172.4661  mono=False  iters=25/25  rho=25.0
[ADMM-C3+] WARNING non-converged: pr=5.9592 dr=172.4661 tol=1e-03
[C3+] step=975 |u[0]|=29.74Nm u_axis=(-10.50,-22.87,-2.72,+14.21,+1.79,+6.21,-0.34)Nm λ_n_max=1.060 η_n_max=1.286 primal=5.959 iters=25/25 lcp_res_max=nan
[ADMIT-GUARD] step=249 admit_active=0 latch=0/0 ee_z=0.151 gate_cap=0
[ALT-GATE] step=249 target_stable=0/0 allow_descent=1
[GS-tgt] step=249 ee=(+0.014,-0.223,+0.151) p_repos=(+0.078,-0.003,+0.030) ee_to_target=0.259m target_label=prev_repos target_changed=N delta=0.000m
[X-SEQ-PROBE] step=249 x0_box=(-0.00171,-0.00047,+0.05000) x1_box=(-0.00214,-0.00012,+0.02532) x1_box_v=(-0.00413,+0.00722,-0.49192) dt=0.050
[GS] step=249 mode=free switch=kStayInRepos best_k=0 best_src=prev_repos curr_cost=141205.39 repos_cost=160391.32 best_other=160391.32 met_progress=N steps_since_improve=113 switches=2
[STEP] step=249 mode=free t=2.490s ee=(+0.014,-0.223,+0.151) obj=(-0.002,-0.000,+0.050) goal_dist=0.298m switch=kStayInRepos target=(+0.025,-0.185,+0.147) ee_stride=0.040m ee_to_ptarget=0.259m landing_err=0.2227m ik_ok=Y ik_resid=0.0008m q_max_resid_deg=11.74 target_changed=Y retgt=N held_idx=1 held_cost=160391.32 won_cost=160391.32 margin=+0.00 won_src=prev_repos held_valid=Y reason=hold setpoint_to_ptarget=nanm finished_val=0.2586m finished_thresh=0.0200m pd_resid=nanm nextwp_to_ptarget=nanm guide_terminal_err=nanm
[GATE-EVOLVE] step=249 curr=141205.39 best_other=160391.32 ratio=0.8804 ee_to_optimal=0.2297m phi=0.1539m
[STAGE-A-TRACE] step=249 sim_t=2.490 mode=free phi=0.15388 box_xy=-0.00171,-0.00047 lam_n_ee_box=nan qy=+0.00008 qz=-0.01609 finished_repos=0
[DRAKE-CONTACT] step=249 n_pairs=1 ee_box_normal=0.000
[GATE-CONTACT] step=249 F_W=(+0.0000,+0.0000,+0.0000) F_on_box=(-0.0000,-0.0000,-0.0000) n_face_out=(-0.0000,-0.0000,-0.0000) A_is_ee=0 box_q=(+0.99991,+0.00003,+0.00008,-0.01609) box_p=(-0.00171,-0.00047,+0.05000) ee_p=(+0.01445,-0.22265,+0.15070)
[EErel] along_push=-0.018m (neg=correct)  perp=0.219m  ee_to_box=0.219m  stage=2  obj=[-0.002 -0.   ]  g_hat=[-1.     0.002]
[proxy] err=0.284m  effective=[ 0.166 -0.001  0.05 ]
[ADMM-C3+] primal: 5.7295->3.8355  dual: 74.9715->76.6118  mono=False  iters=25/25  rho=25.0
[ADMM-C3+] WARNING non-converged: pr=3.8355 dr=76.6118 tol=1e-03
[C3+] step=978 |u[0]|=30.47Nm u_axis=(-8.88,-24.46,-2.54,+14.43,+2.04,+5.66,-0.35)Nm λ_n_max=0.000 η_n_max=0.785 primal=3.835 iters=25/25 lcp_res_max=nan
[ADMIT-GUARD] step=250 admit_active=0 latch=0/0 ee_z=0.151 gate_cap=0
[ALT-GATE] step=250 target_stable=0/0 allow_descent=1
[GS-tgt] step=250 ee=(+0.016,-0.219,+0.151) p_repos=(+0.078,-0.003,+0.030) ee_to_target=0.255m target_label=prev_repos target_changed=N delta=0.000m
[X-SEQ-PROBE] step=250 x0_box=(-0.00173,-0.00048,+0.04999) x1_box=(-0.00214,-0.00012,+0.02532) x1_box_v=(-0.00413,+0.00722,-0.49192) dt=0.050
[IMP] step=250 mode=free |x_err|=0.0400m |tau_imp|=5.60Nm |tau_ff|=0.00Nm |tau_out|=5.60Nm sat=False lam_n=False lam_t=False
[GS] step=250 mode=free switch=kStayInRepos best_k=0 best_src=prev_repos curr_cost=160244.04 repos_cost=176581.13 best_other=176581.13 met_progress=N steps_since_improve=114 switches=2
[STEP] step=250 mode=free t=2.500s ee=(+0.016,-0.219,+0.151) obj=(-0.002,-0.000,+0.050) goal_dist=0.298m switch=kStayInRepos target=(+0.027,-0.181,+0.147) ee_stride=0.040m ee_to_ptarget=0.255m landing_err=0.2193m ik_ok=Y ik_resid=0.0007m q_max_resid_deg=11.53 target_changed=Y retgt=N held_idx=1 held_cost=176581.13 won_cost=176581.13 margin=+0.00 won_src=prev_repos held_valid=Y reason=hold setpoint_to_ptarget=nanm finished_val=0.2553m finished_thresh=0.0200m pd_resid=nanm nextwp_to_ptarget=nanm guide_terminal_err=nanm
[GATE-EVOLVE] step=250 curr=160244.04 best_other=176581.13 ratio=0.9075 ee_to_optimal=0.2260m phi=0.1505m
[STAGE-A-TRACE] step=250 sim_t=2.500 mode=free phi=0.15047 box_xy=-0.00173,-0.00048 lam_n_ee_box=nan qy=-0.00004 qz=-0.01609 finished_repos=0
[DRAKE-CONTACT] step=250 n_pairs=1 ee_box_normal=0.000
[GATE-CONTACT] step=250 F_W=(+0.0000,+0.0000,+0.0000) F_on_box=(-0.0000,-0.0000,-0.0000) n_face_out=(-0.0000,-0.0000,-0.0000) A_is_ee=0 box_q=(+0.99991,+0.00008,-0.00004,-0.01609) box_p=(-0.00173,-0.00048,+0.04999) ee_p=(+0.01552,-0.21914,+0.15069)
[EErel] along_push=-0.019m (neg=correct)  perp=0.215m  ee_to_box=0.216m  stage=2  obj=[-0.002 -0.   ]  g_hat=[-1.     0.002]
[proxy] err=0.281m  effective=[ 0.167 -0.001  0.05 ]
[ADMM-C3+] primal: 5.7232->3.7821  dual: 74.7589->78.0322  mono=False  iters=25/25  rho=25.0
[ADMM-C3+] WARNING non-converged: pr=3.7821 dr=78.0322 tol=1e-03
[C3+] step=981 |u[0]|=31.30Nm u_axis=(-7.22,-25.97,-2.43,+14.68,+2.30,+5.13,-0.35)Nm λ_n_max=0.000 η_n_max=0.790 primal=3.782 iters=25/25 lcp_res_max=nan
[ADMIT-GUARD] step=251 admit_active=0 latch=0/0 ee_z=0.151 gate_cap=0
[ALT-GATE] step=251 target_stable=0/0 allow_descent=1
[GS-tgt] step=251 ee=(+0.017,-0.216,+0.151) p_repos=(+0.078,-0.003,+0.030) ee_to_target=0.252m target_label=prev_repos target_changed=N delta=0.000m
[X-SEQ-PROBE] step=251 x0_box=(-0.00173,-0.00047,+0.04999) x1_box=(-0.00214,-0.00012,+0.02532) x1_box_v=(-0.00413,+0.00722,-0.49192) dt=0.050
[GS] step=251 mode=free switch=kStayInRepos best_k=0 best_src=prev_repos curr_cost=160738.27 repos_cost=178884.45 best_other=178884.45 met_progress=N steps_since_improve=115 switches=2
[STEP] step=251 mode=free t=2.510s ee=(+0.017,-0.216,+0.151) obj=(-0.002,-0.000,+0.050) goal_dist=0.298m switch=kStayInRepos target=(+0.028,-0.177,+0.147) ee_stride=0.040m ee_to_ptarget=0.252m landing_err=0.2159m ik_ok=Y ik_resid=0.0006m q_max_resid_deg=11.26 target_changed=Y retgt=N held_idx=1 held_cost=178884.45 won_cost=178884.45 margin=+0.00 won_src=prev_repos held_valid=Y reason=hold setpoint_to_ptarget=nanm finished_val=0.2520m finished_thresh=0.0200m pd_resid=nanm nextwp_to_ptarget=nanm guide_terminal_err=nanm
[GATE-EVOLVE] step=251 curr=160738.27 best_other=178884.45 ratio=0.8986 ee_to_optimal=0.2223m phi=0.1470m
[STAGE-A-TRACE] step=251 sim_t=2.510 mode=free phi=0.14700 box_xy=-0.00173,-0.00047 lam_n_ee_box=nan qy=-0.00004 qz=-0.01609 finished_repos=0
[EXEC-T2] step=250 t=2.50s u_task=[2.16, 3.17, -1.41, 0.18, 0.01, 0.0, -0.0] tau_g=[0.0, -8.07, 1.98, 10.38, 0.39, 1.3, -0.0] total_plant=[2.16, -4.9, 0.57, 10.55, 0.39, 1.3, -0.01] cap=[87.0, 87.0, 87.0, 87.0, 12.0, 12.0, 12.0] task_over=0 plant_over=0 plant_over_joints=[] worst_j=5 worst_headroom_Nm=+10.70
  t=2.50s | ee=(0.017, -0.216, 0.151) | obj=(-0.002, -0.000, 0.050) | |u|=4.09 Nm | goal_dist=0.298 m
[DRAKE-CONTACT] step=251 n_pairs=1 ee_box_normal=0.000
[GATE-CONTACT] step=251 F_W=(+0.0000,+0.0000,+0.0000) F_on_box=(-0.0000,-0.0000,-0.0000) n_face_out=(-0.0000,-0.0000,-0.0000) A_is_ee=0 box_q=(+0.99991,+0.00002,-0.00004,-0.01609) box_p=(-0.00173,-0.00047,+0.04999) ee_p=(+0.01661,-0.21555,+0.15063)
[EErel] along_push=-0.020m (neg=correct)  perp=0.211m  ee_to_box=0.212m  stage=2  obj=[-0.002 -0.   ]  g_hat=[-1.     0.002]
[proxy] err=0.278m  effective=[ 0.168 -0.001  0.05 ]
[ADMM-C3+] primal: 5.7302->3.8365  dual: 74.9546->76.6416  mono=False  iters=25/25  rho=25.0
[ADMM-C3+] WARNING non-converged: pr=3.8365 dr=76.6416 tol=1e-03
[C3+] step=984 |u[0]|=32.21Nm u_axis=(-5.56,-27.37,-2.37,+14.94,+2.54,+4.65,-0.36)Nm λ_n_max=0.000 η_n_max=0.785 primal=3.837 iters=25/25 lcp_res_max=nan
[ADMIT-GUARD] step=252 admit_active=0 latch=0/0 ee_z=0.151 gate_cap=0
[ALT-GATE] step=252 target_stable=0/0 allow_descent=1
[GS-tgt] step=252 ee=(+0.018,-0.212,+0.151) p_repos=(+0.078,-0.003,+0.030) ee_to_target=0.249m target_label=prev_repos target_changed=N delta=0.000m
[X-SEQ-PROBE] step=252 x0_box=(-0.00173,-0.00048,+0.05000) x1_box=(-0.00214,-0.00012,+0.02532) x1_box_v=(-0.00413,+0.00722,-0.49192) dt=0.050
[GS] step=252 mode=free switch=kStayInRepos best_k=0 best_src=prev_repos curr_cost=160133.65 repos_cost=180206.82 best_other=180206.82 met_progress=N steps_since_improve=116 switches=2
[STEP] step=252 mode=free t=2.520s ee=(+0.018,-0.212,+0.151) obj=(-0.002,-0.000,+0.050) goal_dist=0.298m switch=kStayInRepos target=(+0.029,-0.173,+0.147) ee_stride=0.040m ee_to_ptarget=0.249m landing_err=0.2125m ik_ok=Y ik_resid=0.0006m q_max_resid_deg=10.95 target_changed=Y retgt=N held_idx=1 held_cost=180206.82 won_cost=180206.82 margin=+0.00 won_src=prev_repos held_valid=Y reason=hold setpoint_to_ptarget=nanm finished_val=0.2486m finished_thresh=0.0200m pd_resid=nanm nextwp_to_ptarget=nanm guide_terminal_err=nanm
[GATE-EVOLVE] step=252 curr=160133.65 best_other=180206.82 ratio=0.8886 ee_to_optimal=0.2185m phi=0.1434m
[STAGE-A-TRACE] step=252 sim_t=2.520 mode=free phi=0.14345 box_xy=-0.00173,-0.00048 lam_n_ee_box=nan qy=-0.00004 qz=-0.01610 finished_repos=0
[DRAKE-CONTACT] step=252 n_pairs=1 ee_box_normal=0.000
[GATE-CONTACT] step=252 F_W=(+0.0000,+0.0000,+0.0000) F_on_box=(-0.0000,-0.0000,-0.0000) n_face_out=(-0.0000,-0.0000,-0.0000) A_is_ee=0 box_q=(+0.99991,+0.00010,-0.00004,-0.01610) box_p=(-0.00173,-0.00048,+0.05000) ee_p=(+0.01770,-0.21191,+0.15054)
[EErel] along_push=-0.021m (neg=correct)  perp=0.208m  ee_to_box=0.209m  stage=2  obj=[-0.002 -0.   ]  g_hat=[-1.     0.002]
[proxy] err=0.275m  effective=[ 0.169 -0.001  0.05 ]
[ADMM-C3+] primal: 6.1329->5.9588  dual: 106.5022->172.4719  mono=False  iters=25/25  rho=25.0
[ADMM-C3+] WARNING non-converged: pr=5.9588 dr=172.4719 tol=1e-03
[C3+] step=987 |u[0]|=33.14Nm u_axis=(-3.95,-28.65,-2.34,+15.20,+2.77,+4.22,-0.36)Nm λ_n_max=1.060 η_n_max=1.286 primal=5.959 iters=25/25 lcp_res_max=nan
[ADMIT-GUARD] step=253 admit_active=0 latch=0/0 ee_z=0.150 gate_cap=0
[ALT-GATE] step=253 target_stable=0/0 allow_descent=1
[GS-tgt] step=253 ee=(+0.019,-0.208,+0.150) p_repos=(+0.078,-0.003,+0.030) ee_to_target=0.245m target_label=prev_repos target_changed=N delta=0.000m
[X-SEQ-PROBE] step=253 x0_box=(-0.00171,-0.00047,+0.05000) x1_box=(-0.00214,-0.00012,+0.02532) x1_box_v=(-0.00413,+0.00722,-0.49192) dt=0.050
[GS] step=253 mode=free switch=kStayInRepos best_k=0 best_src=prev_repos curr_cost=140817.88 repos_cost=167867.89 best_other=167867.89 met_progress=N steps_since_improve=117 switches=2
[STEP] step=253 mode=free t=2.530s ee=(+0.019,-0.208,+0.150) obj=(-0.002,-0.000,+0.050) goal_dist=0.298m switch=kStayInRepos target=(+0.030,-0.169,+0.147) ee_stride=0.041m ee_to_ptarget=0.245m landing_err=0.2092m ik_ok=Y ik_resid=0.0005m q_max_resid_deg=10.60 target_changed=Y retgt=N held_idx=1 held_cost=167867.89 won_cost=167867.89 margin=+0.00 won_src=prev_repos held_valid=Y reason=hold setpoint_to_ptarget=nanm finished_val=0.2452m finished_thresh=0.0200m pd_resid=nanm nextwp_to_ptarget=nanm guide_terminal_err=nanm
[GATE-EVOLVE] step=253 curr=140817.88 best_other=167867.89 ratio=0.8389 ee_to_optimal=0.2146m phi=0.1399m
[STAGE-A-TRACE] step=253 sim_t=2.530 mode=free phi=0.13986 box_xy=-0.00171,-0.00047 lam_n_ee_box=nan qy=+0.00008 qz=-0.01610 finished_repos=0
[DRAKE-CONTACT] step=253 n_pairs=1 ee_box_normal=0.000
[GATE-CONTACT] step=253 F_W=(+0.0000,+0.0000,+0.0000) F_on_box=(-0.0000,-0.0000,-0.0000) n_face_out=(-0.0000,-0.0000,-0.0000) A_is_ee=0 box_q=(+0.99991,+0.00004,+0.00008,-0.01610) box_p=(-0.00171,-0.00047,+0.05000) ee_p=(+0.01880,-0.20821,+0.15041)
[EErel] along_push=-0.022m (neg=correct)  perp=0.204m  ee_to_box=0.205m  stage=2  obj=[-0.002 -0.   ]  g_hat=[-1.     0.002]
[proxy] err=0.272m  effective=[ 0.17  -0.001  0.05 ]
[ADMM-C3+] primal: 6.1314->4.9457  dual: 105.9327->100.9886  mono=False  iters=25/25  rho=25.0
[ADMM-C3+] WARNING non-converged: pr=4.9457 dr=100.9886 tol=1e-03
[C3+] step=990 |u[0]|=33.22Nm u_axis=(-2.54,-28.87,-2.24,+15.34,+2.96,+3.86,-0.36)Nm λ_n_max=1.066 η_n_max=1.283 primal=4.946 iters=25/25 lcp_res_max=nan
[ADMIT-GUARD] step=254 admit_active=0 latch=0/0 ee_z=0.150 gate_cap=0
[ALT-GATE] step=254 target_stable=0/0 allow_descent=1
[GS-tgt] step=254 ee=(+0.020,-0.204,+0.150) p_repos=(+0.078,-0.003,+0.030) ee_to_target=0.242m target_label=prev_repos target_changed=N delta=0.000m
[X-SEQ-PROBE] step=254 x0_box=(-0.00172,-0.00047,+0.05000) x1_box=(-0.00214,-0.00012,+0.02532) x1_box_v=(-0.00413,+0.00722,-0.49192) dt=0.050
[GS] step=254 mode=free switch=kStayInRepos best_k=0 best_src=prev_repos curr_cost=140751.93 repos_cost=171187.35 best_other=171187.35 met_progress=N steps_since_improve=118 switches=2
[STEP] step=254 mode=free t=2.540s ee=(+0.020,-0.204,+0.150) obj=(-0.002,-0.000,+0.050) goal_dist=0.298m switch=kStayInRepos target=(+0.031,-0.166,+0.147) ee_stride=0.041m ee_to_ptarget=0.242m landing_err=0.2059m ik_ok=Y ik_resid=0.0004m q_max_resid_deg=10.24 target_changed=Y retgt=N held_idx=1 held_cost=171187.35 won_cost=171187.35 margin=+0.00 won_src=prev_repos held_valid=Y reason=hold setpoint_to_ptarget=nanm finished_val=0.2417m finished_thresh=0.0200m pd_resid=nanm nextwp_to_ptarget=nanm guide_terminal_err=nanm
[GATE-EVOLVE] step=254 curr=140751.93 best_other=171187.35 ratio=0.8222 ee_to_optimal=0.2107m phi=0.1362m
[STAGE-A-TRACE] step=254 sim_t=2.540 mode=free phi=0.13622 box_xy=-0.00172,-0.00047 lam_n_ee_box=nan qy=+0.00002 qz=-0.01611 finished_repos=0
[DRAKE-CONTACT] step=254 n_pairs=1 ee_box_normal=0.000
[GATE-CONTACT] step=254 F_W=(+0.0000,+0.0000,+0.0000) F_on_box=(-0.0000,-0.0000,-0.0000) n_face_out=(-0.0000,-0.0000,-0.0000) A_is_ee=0 box_q=(+0.99991,+0.00000,+0.00002,-0.01611) box_p=(-0.00172,-0.00047,+0.05000) ee_p=(+0.01991,-0.20446,+0.15025)
[EErel] along_push=-0.023m (neg=correct)  perp=0.200m  ee_to_box=0.201m  stage=2  obj=[-0.002 -0.   ]  g_hat=[-1.     0.002]
[proxy] err=0.269m  effective=[ 0.171 -0.001  0.05 ]
[ADMM-C3+] primal: 5.7759->4.6530  dual: 74.1098->141.7187  mono=False  iters=25/25  rho=25.0
[ADMM-C3+] WARNING non-converged: pr=4.6530 dr=141.7187 tol=1e-03
[C3+] step=993 |u[0]|=33.34Nm u_axis=(-1.23,-29.04,-2.19,+15.45,+3.12,+3.56,-0.36)Nm λ_n_max=0.000 η_n_max=0.666 primal=4.653 iters=25/25 lcp_res_max=nan
[ADMIT-GUARD] step=255 admit_active=0 latch=0/0 ee_z=0.150 gate_cap=0
[ALT-GATE] step=255 target_stable=0/0 allow_descent=1
[GS-tgt] step=255 ee=(+0.021,-0.201,+0.150) p_repos=(+0.078,-0.003,+0.030) ee_to_target=0.238m target_label=prev_repos target_changed=N delta=0.000m
[X-SEQ-PROBE] step=255 x0_box=(-0.00172,-0.00047,+0.05000) x1_box=(-0.00214,-0.00012,+0.02532) x1_box_v=(-0.00413,+0.00722,-0.49192) dt=0.050
[GS] step=255 mode=free switch=kStayInRepos best_k=0 best_src=prev_repos curr_cost=161300.82 repos_cost=193056.59 best_other=193056.59 met_progress=N steps_since_improve=119 switches=2
[STEP] step=255 mode=free t=2.550s ee=(+0.021,-0.201,+0.150) obj=(-0.002,-0.000,+0.050) goal_dist=0.298m switch=kStayInRepos target=(+0.032,-0.162,+0.147) ee_stride=0.041m ee_to_ptarget=0.238m landing_err=0.2027m ik_ok=Y ik_resid=0.0004m q_max_resid_deg=9.86 target_changed=Y retgt=N held_idx=1 held_cost=193056.59 won_cost=193056.59 margin=+0.00 won_src=prev_repos held_valid=Y reason=hold setpoint_to_ptarget=nanm finished_val=0.2382m finished_thresh=0.0200m pd_resid=nanm nextwp_to_ptarget=nanm guide_terminal_err=nanm
[GATE-EVOLVE] step=255 curr=161300.82 best_other=193056.59 ratio=0.8355 ee_to_optimal=0.2068m phi=0.1325m
[STAGE-A-TRACE] step=255 sim_t=2.550 mode=free phi=0.13255 box_xy=-0.00172,-0.00047 lam_n_ee_box=nan qy=-0.00003 qz=-0.01611 finished_repos=0
[DRAKE-CONTACT] step=255 n_pairs=1 ee_box_normal=0.000
[GATE-CONTACT] step=255 F_W=(+0.0000,+0.0000,+0.0000) F_on_box=(-0.0000,-0.0000,-0.0000) n_face_out=(-0.0000,-0.0000,-0.0000) A_is_ee=0 box_q=(+0.99991,-0.00004,-0.00003,-0.01611) box_p=(-0.00172,-0.00047,+0.05000) ee_p=(+0.02102,-0.20068,+0.15007)
[EErel] along_push=-0.024m (neg=correct)  perp=0.196m  ee_to_box=0.198m  stage=2  obj=[-0.002 -0.   ]  g_hat=[-1.     0.002]
[proxy] err=0.266m  effective=[ 0.172 -0.001  0.05 ]
[ADMM-C3+] primal: 6.1335->7.3119  dual: 105.8044->202.0746  mono=False  iters=25/25  rho=25.0
[ADMM-C3+] WARNING non-converged: pr=7.3119 dr=202.0746 tol=1e-03
[C3+] step=996 |u[0]|=33.53Nm u_axis=(-0.07,-29.18,-2.27,+15.68,+3.30,+3.28,-0.37)Nm λ_n_max=1.061 η_n_max=1.286 primal=7.312 iters=25/25 lcp_res_max=nan
[ADMIT-GUARD] step=256 admit_active=0 latch=0/0 ee_z=0.150 gate_cap=0
[ALT-GATE] step=256 target_stable=0/0 allow_descent=1
[GS-tgt] step=256 ee=(+0.022,-0.197,+0.150) p_repos=(+0.078,-0.003,+0.030) ee_to_target=0.235m target_label=prev_repos target_changed=N delta=0.000m
[X-SEQ-PROBE] step=256 x0_box=(-0.00172,-0.00047,+0.04999) x1_box=(-0.00214,-0.00012,+0.02532) x1_box_v=(-0.00413,+0.00722,-0.49192) dt=0.050
[GS] step=256 mode=free switch=kStayInRepos best_k=0 best_src=prev_repos curr_cost=140237.45 repos_cost=179541.72 best_other=179541.72 met_progress=N steps_since_improve=120 switches=2
[STEP] step=256 mode=free t=2.560s ee=(+0.022,-0.197,+0.150) obj=(-0.002,-0.000,+0.050) goal_dist=0.298m switch=kStayInRepos target=(+0.033,-0.158,+0.147) ee_stride=0.041m ee_to_ptarget=0.235m landing_err=0.1994m ik_ok=Y ik_resid=0.0004m q_max_resid_deg=9.49 target_changed=Y retgt=N held_idx=1 held_cost=179541.72 won_cost=179541.72 margin=+0.00 won_src=prev_repos held_valid=Y reason=hold setpoint_to_ptarget=nanm finished_val=0.2347m finished_thresh=0.0200m pd_resid=nanm nextwp_to_ptarget=nanm guide_terminal_err=nanm
[GATE-EVOLVE] step=256 curr=140237.45 best_other=179541.72 ratio=0.7811 ee_to_optimal=0.2028m phi=0.1288m
[STAGE-A-TRACE] step=256 sim_t=2.560 mode=free phi=0.12883 box_xy=-0.00172,-0.00047 lam_n_ee_box=nan qy=+0.00001 qz=-0.01611 finished_repos=0
[DRAKE-CONTACT] step=256 n_pairs=1 ee_box_normal=0.000
[GATE-CONTACT] step=256 F_W=(+0.0000,+0.0000,+0.0000) F_on_box=(-0.0000,-0.0000,-0.0000) n_face_out=(-0.0000,-0.0000,-0.0000) A_is_ee=0 box_q=(+0.99991,+0.00003,+0.00001,-0.01611) box_p=(-0.00172,-0.00047,+0.04999) ee_p=(+0.02213,-0.19686,+0.14987)
[PERSIST] step=257 refresh n_strategy=1 samples=[(0.0782, -0.003, 0.03)]
[EErel] along_push=-0.025m (neg=correct)  perp=0.193m  ee_to_box=0.194m  stage=2  obj=[-0.002 -0.   ]  g_hat=[-1.     0.002]
[proxy] err=0.263m  effective=[ 0.173 -0.001  0.05 ]
[ADMM-C3+] primal: 6.1336->7.3047  dual: 105.1172->201.1592  mono=False  iters=25/25  rho=25.0
[ADMM-C3+] WARNING non-converged: pr=7.3047 dr=201.1592 tol=1e-03
[C3+] step=999 |u[0]|=33.68Nm u_axis=(+0.99,-29.29,-2.28,+15.77,+3.41,+3.09,-0.37)Nm λ_n_max=1.060 η_n_max=1.286 primal=7.305 iters=25/25 lcp_res_max=nan
[ADMIT-GUARD] step=257 admit_active=0 latch=0/0 ee_z=0.150 gate_cap=0
[ALT-GATE] step=257 target_stable=0/0 allow_descent=1
[GS-tgt] step=257 ee=(+0.023,-0.193,+0.150) p_repos=(+0.078,-0.003,+0.030) ee_to_target=0.231m target_label=strat_0 target_changed=N delta=0.000m
[X-SEQ-PROBE] step=257 x0_box=(-0.00172,-0.00047,+0.05000) x1_box=(-0.00214,-0.00012,+0.02532) x1_box_v=(-0.00413,+0.00722,-0.49192) dt=0.050
[GS] step=257 mode=free switch=kStayInRepos best_k=0 best_src=strat_0 curr_cost=139844.30 repos_cost=183750.01 best_other=183750.01 met_progress=N steps_since_improve=121 switches=2
[STEP] step=257 mode=free t=2.570s ee=(+0.023,-0.193,+0.150) obj=(-0.002,-0.000,+0.050) goal_dist=0.298m switch=kStayInRepos target=(+0.034,-0.154,+0.147) ee_stride=0.041m ee_to_ptarget=0.231m landing_err=0.1962m ik_ok=Y ik_resid=0.0003m q_max_resid_deg=9.12 target_changed=Y retgt=Y held_idx=1 held_cost=183751.32 won_cost=183750.01 margin=+1.31 won_src=strat_0 held_valid=Y reason=noise_flip setpoint_to_ptarget=nanm finished_val=0.2312m finished_thresh=0.0200m pd_resid=nanm nextwp_to_ptarget=nanm guide_terminal_err=nanm
[GATE-EVOLVE] step=257 curr=139844.30 best_other=183750.01 ratio=0.7611 ee_to_optimal=0.1988m phi=0.1251m
[STAGE-A-TRACE] step=257 sim_t=2.570 mode=free phi=0.12510 box_xy=-0.00172,-0.00047 lam_n_ee_box=nan qy=+0.00001 qz=-0.01612 finished_repos=0
[DRAKE-CONTACT] step=257 n_pairs=1 ee_box_normal=0.000
[GATE-CONTACT] step=257 F_W=(+0.0000,+0.0000,+0.0000) F_on_box=(-0.0000,-0.0000,-0.0000) n_face_out=(-0.0000,-0.0000,-0.0000) A_is_ee=0 box_q=(+0.99991,+0.00002,+0.00001,-0.01612) box_p=(-0.00172,-0.00047,+0.05000) ee_p=(+0.02325,-0.19302,+0.14967)
[EErel] along_push=-0.026m (neg=correct)  perp=0.189m  ee_to_box=0.190m  stage=2  obj=[-0.002 -0.   ]  g_hat=[-1.     0.002]
[proxy] err=0.260m  effective=[ 0.174 -0.001  0.05 ]
[ADMM-C3+] primal: 5.7246->3.7848  dual: 74.6713->78.0847  mono=False  iters=25/25  rho=25.0
[ADMM-C3+] WARNING non-converged: pr=3.7848 dr=78.0847 tol=1e-03
[C3+] step=1002 |u[0]|=33.81Nm u_axis=(+1.94,-29.38,-2.29,+15.82,+3.50,+2.94,-0.38)Nm λ_n_max=0.000 η_n_max=0.791 primal=3.785 iters=25/25 lcp_res_max=nan
[ADMIT-GUARD] step=258 admit_active=0 latch=0/0 ee_z=0.149 gate_cap=0
[ALT-GATE] step=258 target_stable=0/0 allow_descent=1
[GS-tgt] step=258 ee=(+0.024,-0.189,+0.149) p_repos=(+0.078,-0.003,+0.030) ee_to_target=0.228m target_label=prev_repos target_changed=N delta=0.000m
[X-SEQ-PROBE] step=258 x0_box=(-0.00172,-0.00047,+0.05000) x1_box=(-0.00214,-0.00012,+0.02532) x1_box_v=(-0.00413,+0.00722,-0.49192) dt=0.050
[GS] step=258 mode=free switch=kStayInRepos best_k=0 best_src=prev_repos curr_cost=159511.85 repos_cost=203210.23 best_other=203210.23 met_progress=N steps_since_improve=122 switches=2
[STEP] step=258 mode=free t=2.580s ee=(+0.024,-0.189,+0.149) obj=(-0.002,-0.000,+0.050) goal_dist=0.298m switch=kStayInRepos target=(+0.036,-0.150,+0.147) ee_stride=0.041m ee_to_ptarget=0.228m landing_err=0.1930m ik_ok=Y ik_resid=0.0003m q_max_resid_deg=8.76 target_changed=Y retgt=N held_idx=1 held_cost=203210.23 won_cost=203210.23 margin=+0.00 won_src=prev_repos held_valid=Y reason=hold setpoint_to_ptarget=nanm finished_val=0.2276m finished_thresh=0.0200m pd_resid=nanm nextwp_to_ptarget=nanm guide_terminal_err=nanm
[GATE-EVOLVE] step=258 curr=159511.85 best_other=203210.23 ratio=0.7850 ee_to_optimal=0.1948m phi=0.1214m
[STAGE-A-TRACE] step=258 sim_t=2.580 mode=free phi=0.12135 box_xy=-0.00172,-0.00047 lam_n_ee_box=nan qy=-0.00001 qz=-0.01612 finished_repos=0
[DRAKE-CONTACT] step=258 n_pairs=1 ee_box_normal=0.000
[GATE-CONTACT] step=258 F_W=(+0.0000,+0.0000,+0.0000) F_on_box=(-0.0000,-0.0000,-0.0000) n_face_out=(-0.0000,-0.0000,-0.0000) A_is_ee=0 box_q=(+0.99991,+0.00002,-0.00001,-0.01612) box_p=(-0.00172,-0.00047,+0.05000) ee_p=(+0.02436,-0.18915,+0.14945)
[EErel] along_push=-0.027m (neg=correct)  perp=0.185m  ee_to_box=0.187m  stage=2  obj=[-0.002 -0.   ]  g_hat=[-1.     0.002]
[proxy] err=0.257m  effective=[ 0.175 -0.001  0.05 ]
[ADMM-C3+] primal: 5.7736->4.6471  dual: 74.1373->141.5798  mono=False  iters=25/25  rho=25.0
[ADMM-C3+] WARNING non-converged: pr=4.6471 dr=141.5798 tol=1e-03
[C3+] step=1005 |u[0]|=33.94Nm u_axis=(+2.74,-29.45,-2.33,+15.84,+3.57,+2.82,-0.38)Nm λ_n_max=0.000 η_n_max=0.666 primal=4.647 iters=25/25 lcp_res_max=nan
[ADMIT-GUARD] step=259 admit_active=0 latch=0/0 ee_z=0.149 gate_cap=0
[ALT-GATE] step=259 target_stable=0/0 allow_descent=1
[GS-tgt] step=259 ee=(+0.025,-0.185,+0.149) p_repos=(+0.078,-0.003,+0.030) ee_to_target=0.224m target_label=prev_repos target_changed=N delta=0.000m
[X-SEQ-PROBE] step=259 x0_box=(-0.00172,-0.00047,+0.04999) x1_box=(-0.00214,-0.00012,+0.02532) x1_box_v=(-0.00413,+0.00722,-0.49192) dt=0.050
[GS] step=259 mode=free switch=kStayInRepos best_k=0 best_src=prev_repos curr_cost=160032.77 repos_cost=208789.53 best_other=208789.53 met_progress=N steps_since_improve=123 switches=2
[STEP] step=259 mode=free t=2.590s ee=(+0.025,-0.185,+0.149) obj=(-0.002,-0.000,+0.050) goal_dist=0.298m switch=kStayInRepos target=(+0.037,-0.146,+0.147) ee_stride=0.041m ee_to_ptarget=0.224m landing_err=0.1898m ik_ok=Y ik_resid=0.0003m q_max_resid_deg=8.42 target_changed=Y retgt=N held_idx=1 held_cost=208789.53 won_cost=208789.53 margin=+0.00 won_src=prev_repos held_valid=Y reason=hold setpoint_to_ptarget=nanm finished_val=0.2241m finished_thresh=0.0200m pd_resid=nanm nextwp_to_ptarget=nanm guide_terminal_err=nanm
[GATE-EVOLVE] step=259 curr=160032.77 best_other=208789.53 ratio=0.7665 ee_to_optimal=0.1908m phi=0.1176m
[STAGE-A-TRACE] step=259 sim_t=2.590 mode=free phi=0.11761 box_xy=-0.00172,-0.00047 lam_n_ee_box=nan qy=-0.00002 qz=-0.01612 finished_repos=0
[DRAKE-CONTACT] step=259 n_pairs=1 ee_box_normal=0.000
[GATE-CONTACT] step=259 F_W=(+0.0000,+0.0000,+0.0000) F_on_box=(-0.0000,-0.0000,-0.0000) n_face_out=(-0.0000,-0.0000,-0.0000) A_is_ee=0 box_q=(+0.99991,-0.00003,-0.00002,-0.01612) box_p=(-0.00172,-0.00047,+0.04999) ee_p=(+0.02548,-0.18527,+0.14924)
[EErel] along_push=-0.029m (neg=correct)  perp=0.181m  ee_to_box=0.183m  stage=2  obj=[-0.002 -0.   ]  g_hat=[-1.     0.002]
[proxy] err=0.255m  effective=[ 0.176 -0.001  0.05 ]
[ADMM-C3+] primal: 6.1325->7.3105  dual: 106.2228->202.8810  mono=False  iters=25/25  rho=25.0
[ADMM-C3+] WARNING non-converged: pr=7.3105 dr=202.8810 tol=1e-03
[C3+] step=1008 |u[0]|=33.98Nm u_axis=(+3.38,-29.50,-2.25,+15.73,+3.60,+2.75,-0.37)Nm λ_n_max=1.060 η_n_max=1.286 primal=7.311 iters=25/25 lcp_res_max=nan
[ADMIT-GUARD] step=260 admit_active=0 latch=0/0 ee_z=0.149 gate_cap=0
[ALT-GATE] step=260 target_stable=0/0 allow_descent=1
[GS-tgt] step=260 ee=(+0.027,-0.181,+0.149) p_repos=(+0.078,-0.003,+0.030) ee_to_target=0.221m target_label=prev_repos target_changed=N delta=0.000m
[X-SEQ-PROBE] step=260 x0_box=(-0.00172,-0.00047,+0.05000) x1_box=(-0.00214,-0.00012,+0.02532) x1_box_v=(-0.00413,+0.00722,-0.49192) dt=0.050
[IMP] step=260 mode=free |x_err|=0.0405m |tau_imp|=8.96Nm |tau_ff|=0.00Nm |tau_out|=8.96Nm sat=False lam_n=False lam_t=False
[GS] step=260 mode=free switch=kStayInRepos best_k=0 best_src=prev_repos curr_cost=139095.17 repos_cost=193478.85 best_other=193478.85 met_progress=N steps_since_improve=124 switches=2
[STEP] step=260 mode=free t=2.600s ee=(+0.027,-0.181,+0.149) obj=(-0.002,-0.000,+0.050) goal_dist=0.298m switch=kStayInRepos target=(+0.038,-0.142,+0.147) ee_stride=0.041m ee_to_ptarget=0.221m landing_err=0.1867m ik_ok=Y ik_resid=0.0002m q_max_resid_deg=8.10 target_changed=Y retgt=N held_idx=1 held_cost=193478.85 won_cost=193478.85 margin=+0.00 won_src=prev_repos held_valid=Y reason=hold setpoint_to_ptarget=nanm finished_val=0.2205m finished_thresh=0.0200m pd_resid=nanm nextwp_to_ptarget=nanm guide_terminal_err=nanm
[GATE-EVOLVE] step=260 curr=139095.17 best_other=193478.85 ratio=0.7189 ee_to_optimal=0.1867m phi=0.1139m
[STAGE-A-TRACE] step=260 sim_t=2.600 mode=free phi=0.11385 box_xy=-0.00172,-0.00047 lam_n_ee_box=nan qy=+0.00004 qz=-0.01613 finished_repos=0
[GS-table] step=260
  k=0 (current   ) pos=(+0.027,-0.181,+0.149) c_C3= 139095.17 align=0.0000(bonus=    0.00) rot=+0.0000(bonus=    0.00) travel=0.000m(pen=  0.00) c_sample= 139095.17 feas=Y ik_err=0.0000m  ← WIN
  k=1 (prev_repos) pos=(+0.078,-0.003,+0.030) c_C3= 223420.63 align=0.9995(bonus=29985.88) rot=+0.0000(bonus=    0.00) travel=0.221m(pen= 44.11) c_sample= 193478.85 feas=Y ik_err=0.0001m
  k=2 (strat_0   ) pos=(+0.078,-0.003,+0.030) c_C3= 223420.63 align=0.9995(bonus=29985.88) rot=+0.0000(bonus=    0.00) travel=0.221m(pen= 44.11) c_sample= 193478.85 feas=Y ik_err=0.0001m
[DRAKE-CONTACT] step=260 n_pairs=1 ee_box_normal=0.000
[GATE-CONTACT] step=260 F_W=(+0.0000,+0.0000,+0.0000) F_on_box=(-0.0000,-0.0000,-0.0000) n_face_out=(-0.0000,-0.0000,-0.0000) A_is_ee=0 box_q=(+0.99991,+0.00002,+0.00004,-0.01613) box_p=(-0.00172,-0.00047,+0.05000) ee_p=(+0.02659,-0.18138,+0.14904)
[EErel] along_push=-0.030m (neg=correct)  perp=0.177m  ee_to_box=0.179m  stage=2  obj=[-0.002 -0.   ]  g_hat=[-1.     0.002]
[proxy] err=0.252m  effective=[ 0.177 -0.001  0.05 ]
[ADMM-C3+] primal: 6.1344->5.9513  dual: 105.0439->170.4959  mono=False  iters=25/25  rho=25.0
[ADMM-C3+] WARNING non-converged: pr=5.9513 dr=170.4959 tol=1e-03
[C3+] step=1011 |u[0]|=34.05Nm u_axis=(+3.96,-29.52,-2.29,+15.70,+3.63,+2.69,-0.38)Nm λ_n_max=1.060 η_n_max=1.286 primal=5.951 iters=25/25 lcp_res_max=nan
[ADMIT-GUARD] step=261 admit_active=0 latch=0/0 ee_z=0.149 gate_cap=0
[ALT-GATE] step=261 target_stable=0/0 allow_descent=1
[GS-tgt] step=261 ee=(+0.028,-0.177,+0.149) p_repos=(+0.078,-0.003,+0.030) ee_to_target=0.217m target_label=prev_repos target_changed=N delta=0.000m
[X-SEQ-PROBE] step=261 x0_box=(-0.00172,-0.00047,+0.05000) x1_box=(-0.00214,-0.00012,+0.02532) x1_box_v=(-0.00413,+0.00722,-0.49192) dt=0.050
[GS] step=261 mode=free switch=kStayInRepos best_k=0 best_src=prev_repos curr_cost=138528.87 repos_cost=195003.61 best_other=195003.61 met_progress=N steps_since_improve=125 switches=2
[STEP] step=261 mode=free t=2.610s ee=(+0.028,-0.177,+0.149) obj=(-0.002,-0.000,+0.050) goal_dist=0.298m switch=kStayInRepos target=(+0.039,-0.139,+0.147) ee_stride=0.040m ee_to_ptarget=0.217m landing_err=0.1836m ik_ok=Y ik_resid=0.0002m q_max_resid_deg=7.80 target_changed=Y retgt=N held_idx=1 held_cost=195003.61 won_cost=195003.61 margin=+0.00 won_src=prev_repos held_valid=Y reason=hold setpoint_to_ptarget=nanm finished_val=0.2170m finished_thresh=0.0200m pd_resid=nanm nextwp_to_ptarget=nanm guide_terminal_err=nanm
[GATE-EVOLVE] step=261 curr=138528.87 best_other=195003.61 ratio=0.7104 ee_to_optimal=0.1827m phi=0.1101m
[STAGE-A-TRACE] step=261 sim_t=2.610 mode=free phi=0.11011 box_xy=-0.00172,-0.00047 lam_n_ee_box=nan qy=+0.00002 qz=-0.01613 finished_repos=0
[DRAKE-CONTACT] step=261 n_pairs=1 ee_box_normal=0.000
[GATE-CONTACT] step=261 F_W=(+0.0000,+0.0000,+0.0000) F_on_box=(-0.0000,-0.0000,-0.0000) n_face_out=(-0.0000,-0.0000,-0.0000) A_is_ee=0 box_q=(+0.99991,+0.00004,+0.00002,-0.01613) box_p=(-0.00172,-0.00047,+0.05000) ee_p=(+0.02771,-0.17749,+0.14884)
[EErel] along_push=-0.031m (neg=correct)  perp=0.173m  ee_to_box=0.176m  stage=2  obj=[-0.002 -0.   ]  g_hat=[-1.     0.002]
[proxy] err=0.249m  effective=[ 0.178 -0.001  0.05 ]
[ADMM-C3+] primal: 6.1332->5.9516  dual: 106.7142->181.0159  mono=False  iters=25/25  rho=25.0
[ADMM-C3+] WARNING non-converged: pr=5.9516 dr=181.0159 tol=1e-03
[C3+] step=1014 |u[0]|=34.09Nm u_axis=(+4.46,-29.52,-2.33,+15.65,+3.66,+2.63,-0.38)Nm λ_n_max=1.060 η_n_max=1.286 primal=5.952 iters=25/25 lcp_res_max=nan
[ADMIT-GUARD] step=262 admit_active=0 latch=0/0 ee_z=0.149 gate_cap=0
[ALT-GATE] step=262 target_stable=0/0 allow_descent=1
[GS-tgt] step=262 ee=(+0.029,-0.174,+0.149) p_repos=(+0.078,-0.003,+0.030) ee_to_target=0.214m target_label=prev_repos target_changed=N delta=0.000m
[X-SEQ-PROBE] step=262 x0_box=(-0.00171,-0.00047,+0.04999) x1_box=(-0.00214,-0.00012,+0.02532) x1_box_v=(-0.00413,+0.00722,-0.49192) dt=0.050
[GS] step=262 mode=free switch=kStayInRepos best_k=0 best_src=prev_repos curr_cost=138404.00 repos_cost=196260.57 best_other=196260.57 met_progress=N steps_since_improve=126 switches=2
[STEP] step=262 mode=free t=2.620s ee=(+0.029,-0.174,+0.149) obj=(-0.002,-0.000,+0.050) goal_dist=0.298m switch=kStayInRepos target=(+0.040,-0.135,+0.147) ee_stride=0.040m ee_to_ptarget=0.214m landing_err=0.1806m ik_ok=Y ik_resid=0.0002m q_max_resid_deg=7.52 target_changed=Y retgt=N held_idx=1 held_cost=196260.57 won_cost=196260.57 margin=+0.00 won_src=prev_repos held_valid=Y reason=hold setpoint_to_ptarget=nanm finished_val=0.2136m finished_thresh=0.0200m pd_resid=nanm nextwp_to_ptarget=nanm guide_terminal_err=nanm
[GATE-EVOLVE] step=262 curr=138404.00 best_other=196260.57 ratio=0.7052 ee_to_optimal=0.1786m phi=0.1064m
[STAGE-A-TRACE] step=262 sim_t=2.620 mode=free phi=0.10639 box_xy=-0.00171,-0.00047 lam_n_ee_box=nan qy=+0.00009 qz=-0.01614 finished_repos=0
[DRAKE-CONTACT] step=262 n_pairs=1 ee_box_normal=0.000
[GATE-CONTACT] step=262 F_W=(+0.0000,+0.0000,+0.0000) F_on_box=(-0.0000,-0.0000,-0.0000) n_face_out=(-0.0000,-0.0000,-0.0000) A_is_ee=0 box_q=(+0.99991,+0.00005,+0.00009,-0.01614) box_p=(-0.00171,-0.00047,+0.04999) ee_p=(+0.02883,-0.17359,+0.14866)
[EErel] along_push=-0.032m (neg=correct)  perp=0.169m  ee_to_box=0.172m  stage=2  obj=[-0.002 -0.   ]  g_hat=[-1.     0.002]
[proxy] err=0.246m  effective=[ 0.179 -0.001  0.05 ]
[ADMM-C3+] primal: 5.7523->4.5996  dual: 73.6482->139.5469  mono=False  iters=25/25  rho=25.0
[ADMM-C3+] WARNING non-converged: pr=4.5996 dr=139.5469 tol=1e-03
[C3+] step=1017 |u[0]|=34.09Nm u_axis=(+4.88,-29.50,-2.34,+15.57,+3.66,+2.58,-0.38)Nm λ_n_max=0.000 η_n_max=0.680 primal=4.600 iters=25/25 lcp_res_max=nan
[ADMIT-GUARD] step=263 admit_active=0 latch=0/0 ee_z=0.148 gate_cap=0
[ALT-GATE] step=263 target_stable=0/0 allow_descent=1
[GS-tgt] step=263 ee=(+0.030,-0.170,+0.148) p_repos=(+0.078,-0.003,+0.030) ee_to_target=0.210m target_label=prev_repos target_changed=N delta=0.000m
[X-SEQ-PROBE] step=263 x0_box=(-0.00172,-0.00046,+0.05000) x1_box=(-0.00214,-0.00012,+0.02532) x1_box_v=(-0.00413,+0.00722,-0.49192) dt=0.050
[GS] step=263 mode=free switch=kStayInRepos best_k=0 best_src=prev_repos curr_cost=160340.65 repos_cost=216543.87 best_other=216543.87 met_progress=N steps_since_improve=127 switches=2
[STEP] step=263 mode=free t=2.630s ee=(+0.030,-0.170,+0.148) obj=(-0.002,-0.000,+0.050) goal_dist=0.298m switch=kStayInRepos target=(+0.041,-0.131,+0.147) ee_stride=0.040m ee_to_ptarget=0.210m landing_err=0.1775m ik_ok=Y ik_resid=0.0002m q_max_resid_deg=7.26 target_changed=Y retgt=N held_idx=1 held_cost=216543.87 won_cost=216543.87 margin=+0.00 won_src=prev_repos held_valid=Y reason=hold setpoint_to_ptarget=nanm finished_val=0.2101m finished_thresh=0.0200m pd_resid=nanm nextwp_to_ptarget=nanm guide_terminal_err=nanm
[GATE-EVOLVE] step=263 curr=160340.65 best_other=216543.87 ratio=0.7405 ee_to_optimal=0.1746m phi=0.1027m
[STAGE-A-TRACE] step=263 sim_t=2.630 mode=free phi=0.10269 box_xy=-0.00172,-0.00046 lam_n_ee_box=nan qy=-0.00002 qz=-0.01614 finished_repos=0
[DRAKE-CONTACT] step=263 n_pairs=1 ee_box_normal=0.000
[GATE-CONTACT] step=263 F_W=(+0.0000,+0.0000,+0.0000) F_on_box=(-0.0000,-0.0000,-0.0000) n_face_out=(-0.0000,-0.0000,-0.0000) A_is_ee=0 box_q=(+0.99991,-0.00007,-0.00002,-0.01614) box_p=(-0.00172,-0.00046,+0.05000) ee_p=(+0.02994,-0.16969,+0.14848)
[EErel] along_push=-0.033m (neg=correct)  perp=0.165m  ee_to_box=0.169m  stage=2  obj=[-0.002 -0.   ]  g_hat=[-1.     0.002]
[proxy] err=0.243m  effective=[ 0.18  -0.001  0.05 ]
[ADMM-C3+] primal: 6.1204->7.4411  dual: 112.6064->277.5291  mono=False  iters=25/25  rho=25.0
[ADMM-C3+] WARNING non-converged: pr=7.4411 dr=277.5291 tol=1e-03
[C3+] step=1020 |u[0]|=34.18Nm u_axis=(+5.29,-29.50,-2.49,+15.60,+3.69,+2.52,-0.39)Nm λ_n_max=1.049 η_n_max=1.267 primal=7.441 iters=25/25 lcp_res_max=nan
[ADMIT-GUARD] step=264 admit_active=0 latch=0/0 ee_z=0.148 gate_cap=0
[ALT-GATE] step=264 target_stable=0/0 allow_descent=1
[GS-tgt] step=264 ee=(+0.031,-0.166,+0.148) p_repos=(+0.078,-0.003,+0.030) ee_to_target=0.207m target_label=prev_repos target_changed=N delta=0.000m
[X-SEQ-PROBE] step=264 x0_box=(-0.00172,-0.00046,+0.04999) x1_box=(-0.00214,-0.00012,+0.02532) x1_box_v=(-0.00413,+0.00722,-0.49192) dt=0.050
[GS] step=264 mode=free switch=kToBetterRepos best_k=0 best_src=prev_repos curr_cost=133779.83 repos_cost=193602.18 best_other=193602.18 met_progress=N steps_since_improve=128 switches=2
[STEP] step=264 mode=free t=2.640s ee=(+0.031,-0.166,+0.148) obj=(-0.002,-0.000,+0.050) goal_dist=0.298m switch=kToBetterRepos target=(+0.042,-0.127,+0.147) ee_stride=0.040m ee_to_ptarget=0.207m landing_err=0.1746m ik_ok=Y ik_resid=0.0002m q_max_resid_deg=7.03 target_changed=Y retgt=N held_idx=1 held_cost=193602.18 won_cost=193602.18 margin=+0.00 won_src=prev_repos held_valid=Y reason=hold setpoint_to_ptarget=nanm finished_val=0.2067m finished_thresh=0.0200m pd_resid=nanm nextwp_to_ptarget=nanm guide_terminal_err=nanm
[GATE-EVOLVE] step=264 curr=133779.83 best_other=193602.18 ratio=0.6910 ee_to_optimal=0.1705m phi=0.0990m
[STAGE-A-TRACE] step=264 sim_t=2.640 mode=free phi=0.09900 box_xy=-0.00172,-0.00046 lam_n_ee_box=nan qy=+0.00003 qz=-0.01614 finished_repos=0
[DRAKE-CONTACT] step=264 n_pairs=1 ee_box_normal=0.000
[GATE-CONTACT] step=264 F_W=(+0.0000,+0.0000,+0.0000) F_on_box=(-0.0000,-0.0000,-0.0000) n_face_out=(-0.0000,-0.0000,-0.0000) A_is_ee=0 box_q=(+0.99991,-0.00004,+0.00003,-0.01614) box_p=(-0.00172,-0.00046,+0.04999) ee_p=(+0.03106,-0.16580,+0.14833)
[EErel] along_push=-0.034m (neg=correct)  perp=0.161m  ee_to_box=0.165m  stage=2  obj=[-0.002 -0.   ]  g_hat=[-1.     0.002]
[proxy] err=0.240m  effective=[ 0.181 -0.001  0.05 ]
[ADMM-C3+] primal: 6.1333->5.9586  dual: 106.4004->172.4663  mono=False  iters=25/25  rho=25.0
[ADMM-C3+] WARNING non-converged: pr=5.9586 dr=172.4663 tol=1e-03
[C3+] step=1023 |u[0]|=34.14Nm u_axis=(+5.59,-29.45,-2.51,+15.52,+3.68,+2.46,-0.39)Nm λ_n_max=1.060 η_n_max=1.286 primal=5.959 iters=25/25 lcp_res_max=nan
[ADMIT-GUARD] step=265 admit_active=0 latch=0/0 ee_z=0.148 gate_cap=0
[ALT-GATE] step=265 target_stable=0/0 allow_descent=1
[GS-tgt] step=265 ee=(+0.032,-0.162,+0.148) p_repos=(+0.078,-0.003,+0.030) ee_to_target=0.203m target_label=prev_repos target_changed=N delta=0.000m
[X-SEQ-PROBE] step=265 x0_box=(-0.00172,-0.00047,+0.05000) x1_box=(-0.00214,-0.00012,+0.02532) x1_box_v=(-0.00413,+0.00722,-0.49192) dt=0.050
[GS] step=265 mode=free switch=kStayInRepos best_k=0 best_src=prev_repos curr_cost=137839.11 repos_cost=197741.33 best_other=197741.33 met_progress=N steps_since_improve=129 switches=2
[STEP] step=265 mode=free t=2.650s ee=(+0.032,-0.162,+0.148) obj=(-0.002,-0.000,+0.050) goal_dist=0.298m switch=kStayInRepos target=(+0.043,-0.123,+0.147) ee_stride=0.040m ee_to_ptarget=0.203m landing_err=0.1716m ik_ok=Y ik_resid=0.0002m q_max_resid_deg=6.81 target_changed=Y retgt=N held_idx=1 held_cost=197741.33 won_cost=197741.33 margin=+0.00 won_src=prev_repos held_valid=Y reason=hold setpoint_to_ptarget=nanm finished_val=0.2033m finished_thresh=0.0200m pd_resid=nanm nextwp_to_ptarget=nanm guide_terminal_err=nanm
[GATE-EVOLVE] step=265 curr=137839.11 best_other=197741.33 ratio=0.6971 ee_to_optimal=0.1665m phi=0.0953m
[STAGE-A-TRACE] step=265 sim_t=2.650 mode=free phi=0.09533 box_xy=-0.00172,-0.00047 lam_n_ee_box=nan qy=+0.00006 qz=-0.01615 finished_repos=0
[DRAKE-CONTACT] step=265 n_pairs=1 ee_box_normal=0.000
[GATE-CONTACT] step=265 F_W=(+0.0000,+0.0000,+0.0000) F_on_box=(-0.0000,-0.0000,-0.0000) n_face_out=(-0.0000,-0.0000,-0.0000) A_is_ee=0 box_q=(+0.99991,+0.00004,+0.00006,-0.01615) box_p=(-0.00172,-0.00047,+0.05000) ee_p=(+0.03217,-0.16191,+0.14819)
[EErel] along_push=-0.035m (neg=correct)  perp=0.157m  ee_to_box=0.161m  stage=2  obj=[-0.002 -0.   ]  g_hat=[-1.     0.002]
[proxy] err=0.238m  effective=[ 0.182 -0.001  0.05 ]
[ADMM-C3+] primal: 6.1337->5.9438  dual: 105.2240->179.1407  mono=False  iters=25/25  rho=25.0
[ADMM-C3+] WARNING non-converged: pr=5.9438 dr=179.1407 tol=1e-03
[C3+] step=1026 |u[0]|=34.13Nm u_axis=(+5.84,-29.41,-2.57,+15.47,+3.68,+2.39,-0.40)Nm λ_n_max=1.060 η_n_max=1.286 primal=5.944 iters=25/25 lcp_res_max=nan
[ADMIT-GUARD] step=266 admit_active=0 latch=0/0 ee_z=0.148 gate_cap=0
[ALT-GATE] step=266 target_stable=0/0 allow_descent=1
[GS-tgt] step=266 ee=(+0.033,-0.158,+0.148) p_repos=(+0.078,-0.003,+0.030) ee_to_target=0.200m target_label=prev_repos target_changed=N delta=0.000m
[X-SEQ-PROBE] step=266 x0_box=(-0.00172,-0.00047,+0.05000) x1_box=(-0.00214,-0.00012,+0.02532) x1_box_v=(-0.00413,+0.00722,-0.49192) dt=0.050
[GS] step=266 mode=free switch=kStayInRepos best_k=0 best_src=prev_repos curr_cost=137401.27 repos_cost=197246.92 best_other=197246.92 met_progress=N steps_since_improve=130 switches=2
[STEP] step=266 mode=free t=2.660s ee=(+0.033,-0.158,+0.148) obj=(-0.002,-0.000,+0.050) goal_dist=0.298m switch=kStayInRepos target=(+0.044,-0.119,+0.147) ee_stride=0.040m ee_to_ptarget=0.200m landing_err=0.1687m ik_ok=Y ik_resid=0.0002m q_max_resid_deg=6.62 target_changed=Y retgt=N held_idx=1 held_cost=197246.92 won_cost=197246.92 margin=+0.00 won_src=prev_repos held_valid=Y reason=hold setpoint_to_ptarget=nanm finished_val=0.1999m finished_thresh=0.0200m pd_resid=nanm nextwp_to_ptarget=nanm guide_terminal_err=nanm
[GATE-EVOLVE] step=266 curr=137401.27 best_other=197246.92 ratio=0.6966 ee_to_optimal=0.1624m phi=0.0917m
[STAGE-A-TRACE] step=266 sim_t=2.660 mode=free phi=0.09170 box_xy=-0.00172,-0.00047 lam_n_ee_box=nan qy=+0.00006 qz=-0.01615 finished_repos=0
[DRAKE-CONTACT] step=266 n_pairs=1 ee_box_normal=0.000
[GATE-CONTACT] step=266 F_W=(+0.0000,+0.0000,+0.0000) F_on_box=(-0.0000,-0.0000,-0.0000) n_face_out=(-0.0000,-0.0000,-0.0000) A_is_ee=0 box_q=(+0.99991,+0.00005,+0.00006,-0.01615) box_p=(-0.00172,-0.00047,+0.05000) ee_p=(+0.03329,-0.15802,+0.14807)
[EErel] along_push=-0.036m (neg=correct)  perp=0.154m  ee_to_box=0.158m  stage=2  obj=[-0.002 -0.   ]  g_hat=[-1.     0.002]
[proxy] err=0.235m  effective=[ 0.183 -0.001  0.05 ]
[ADMM-C3+] primal: 6.1224->7.4018  dual: 114.3903->275.6823  mono=False  iters=25/25  rho=25.0
[ADMM-C3+] WARNING non-converged: pr=7.4018 dr=275.6823 tol=1e-03
[C3+] step=1029 |u[0]|=34.07Nm u_axis=(+6.04,-29.35,-2.59,+15.40,+3.67,+2.31,-0.40)Nm λ_n_max=1.045 η_n_max=1.267 primal=7.402 iters=25/25 lcp_res_max=nan
[ADMIT-GUARD] step=267 admit_active=0 latch=0/0 ee_z=0.148 gate_cap=0
[ALT-GATE] step=267 target_stable=0/0 allow_descent=1
[GS-tgt] step=267 ee=(+0.034,-0.154,+0.148) p_repos=(+0.078,-0.003,+0.030) ee_to_target=0.197m target_label=prev_repos target_changed=N delta=0.000m
[X-SEQ-PROBE] step=267 x0_box=(-0.00172,-0.00047,+0.05000) x1_box=(-0.00214,-0.00012,+0.02532) x1_box_v=(-0.00413,+0.00722,-0.49192) dt=0.050
[GS] step=267 mode=free switch=kStayInRepos best_k=0 best_src=prev_repos curr_cost=131687.15 repos_cost=191310.16 best_other=191310.16 met_progress=N steps_since_improve=131 switches=2
[STEP] step=267 mode=free t=2.670s ee=(+0.034,-0.154,+0.148) obj=(-0.002,-0.000,+0.050) goal_dist=0.298m switch=kStayInRepos target=(+0.046,-0.116,+0.147) ee_stride=0.040m ee_to_ptarget=0.197m landing_err=0.1659m ik_ok=Y ik_resid=0.0002m q_max_resid_deg=6.44 target_changed=Y retgt=N held_idx=1 held_cost=191310.16 won_cost=191310.16 margin=+0.00 won_src=prev_repos held_valid=Y reason=hold setpoint_to_ptarget=nanm finished_val=0.1966m finished_thresh=0.0200m pd_resid=nanm nextwp_to_ptarget=nanm guide_terminal_err=nanm
[GATE-EVOLVE] step=267 curr=131687.15 best_other=191310.16 ratio=0.6883 ee_to_optimal=0.1584m phi=0.0881m
[STAGE-A-TRACE] step=267 sim_t=2.670 mode=free phi=0.08811 box_xy=-0.00172,-0.00047 lam_n_ee_box=nan qy=+0.00006 qz=-0.01616 finished_repos=0
[DRAKE-CONTACT] step=267 n_pairs=1 ee_box_normal=0.000
[GATE-CONTACT] step=267 F_W=(+0.0000,+0.0000,+0.0000) F_on_box=(-0.0000,-0.0000,-0.0000) n_face_out=(-0.0000,-0.0000,-0.0000) A_is_ee=0 box_q=(+0.99991,-0.00002,+0.00006,-0.01616) box_p=(-0.00172,-0.00047,+0.05000) ee_p=(+0.03440,-0.15414,+0.14797)
[EErel] along_push=-0.037m (neg=correct)  perp=0.150m  ee_to_box=0.154m  stage=2  obj=[-0.002 -0.   ]  g_hat=[-1.     0.002]
[proxy] err=0.232m  effective=[ 0.184 -0.001  0.05 ]
[ADMM-C3+] primal: 6.1317->4.9475  dual: 104.8642->97.6845  mono=False  iters=25/25  rho=25.0
[ADMM-C3+] WARNING non-converged: pr=4.9475 dr=97.6845 tol=1e-03
[C3+] step=1032 |u[0]|=33.99Nm u_axis=(+6.19,-29.27,-2.60,+15.33,+3.65,+2.22,-0.40)Nm λ_n_max=1.065 η_n_max=1.286 primal=4.948 iters=25/25 lcp_res_max=nan
[ADMIT-GUARD] step=268 admit_active=0 latch=0/0 ee_z=0.148 gate_cap=0
[ALT-GATE] step=268 target_stable=0/0 allow_descent=1
[GS-tgt] step=268 ee=(+0.036,-0.150,+0.148) p_repos=(+0.078,-0.003,+0.030) ee_to_target=0.193m target_label=prev_repos target_changed=N delta=0.000m
[X-SEQ-PROBE] step=268 x0_box=(-0.00172,-0.00047,+0.04999) x1_box=(-0.00214,-0.00012,+0.02532) x1_box_v=(-0.00413,+0.00722,-0.49192) dt=0.050
[GS] step=268 mode=free switch=kStayInRepos best_k=0 best_src=prev_repos curr_cost=139047.81 repos_cost=198588.21 best_other=198588.21 met_progress=N steps_since_improve=132 switches=2
[STEP] step=268 mode=free t=2.680s ee=(+0.036,-0.150,+0.148) obj=(-0.002,-0.000,+0.050) goal_dist=0.298m switch=kStayInRepos target=(+0.047,-0.112,+0.147) ee_stride=0.040m ee_to_ptarget=0.193m landing_err=0.1631m ik_ok=Y ik_resid=0.0002m q_max_resid_deg=6.28 target_changed=Y retgt=N held_idx=1 held_cost=198588.21 won_cost=198588.21 margin=+0.00 won_src=prev_repos held_valid=Y reason=hold setpoint_to_ptarget=nanm finished_val=0.1934m finished_thresh=0.0200m pd_resid=nanm nextwp_to_ptarget=nanm guide_terminal_err=nanm
[GATE-EVOLVE] step=268 curr=139047.81 best_other=198588.21 ratio=0.7002 ee_to_optimal=0.1544m phi=0.0845m
[STAGE-A-TRACE] step=268 sim_t=2.680 mode=free phi=0.08453 box_xy=-0.00172,-0.00047 lam_n_ee_box=nan qy=+0.00005 qz=-0.01615 finished_repos=0
[DRAKE-CONTACT] step=268 n_pairs=1 ee_box_normal=0.000
[GATE-CONTACT] step=268 F_W=(+0.0000,+0.0000,+0.0000) F_on_box=(-0.0000,-0.0000,-0.0000) n_face_out=(-0.0000,-0.0000,-0.0000) A_is_ee=0 box_q=(+0.99991,+0.00006,+0.00005,-0.01615) box_p=(-0.00172,-0.00047,+0.04999) ee_p=(+0.03552,-0.15027,+0.14788)
[EErel] along_push=-0.039m (neg=correct)  perp=0.146m  ee_to_box=0.151m  stage=2  obj=[-0.002 -0.   ]  g_hat=[-1.     0.002]
[proxy] err=0.230m  effective=[ 0.185 -0.001  0.05 ]
[ADMM-C3+] primal: 5.7419->3.8081  dual: 74.4909->78.7275  mono=False  iters=25/25  rho=25.0
[ADMM-C3+] WARNING non-converged: pr=3.8081 dr=78.7275 tol=1e-03
[C3+] step=1035 |u[0]|=33.95Nm u_axis=(+6.31,-29.21,-2.65,+15.30,+3.65,+2.11,-0.41)Nm λ_n_max=0.000 η_n_max=0.789 primal=3.808 iters=25/25 lcp_res_max=nan
[ADMIT-GUARD] step=269 admit_active=0 latch=0/0 ee_z=0.148 gate_cap=0
[ALT-GATE] step=269 target_stable=0/0 allow_descent=1
[GS-tgt] step=269 ee=(+0.037,-0.146,+0.148) p_repos=(+0.078,-0.003,+0.030) ee_to_target=0.190m target_label=prev_repos target_changed=N delta=0.000m
[X-SEQ-PROBE] step=269 x0_box=(-0.00173,-0.00048,+0.04999) x1_box=(-0.00214,-0.00012,+0.02532) x1_box_v=(-0.00413,+0.00722,-0.49192) dt=0.050
[GS] step=269 mode=free switch=kStayInRepos best_k=0 best_src=prev_repos curr_cost=158168.74 repos_cost=212742.84 best_other=212742.84 met_progress=N steps_since_improve=133 switches=2
[STEP] step=269 mode=free t=2.690s ee=(+0.037,-0.146,+0.148) obj=(-0.002,-0.000,+0.050) goal_dist=0.298m switch=kStayInRepos target=(+0.048,-0.108,+0.147) ee_stride=0.040m ee_to_ptarget=0.190m landing_err=0.1603m ik_ok=Y ik_resid=0.0002m q_max_resid_deg=6.17 target_changed=Y retgt=N held_idx=1 held_cost=212742.84 won_cost=212742.84 margin=+0.00 won_src=prev_repos held_valid=Y reason=hold setpoint_to_ptarget=nanm finished_val=0.1902m finished_thresh=0.0200m pd_resid=nanm nextwp_to_ptarget=nanm guide_terminal_err=nanm
[GATE-EVOLVE] step=269 curr=158168.74 best_other=212742.84 ratio=0.7435 ee_to_optimal=0.1503m phi=0.0810m
[STAGE-A-TRACE] step=269 sim_t=2.690 mode=free phi=0.08100 box_xy=-0.00173,-0.00048 lam_n_ee_box=nan qy=-0.00004 qz=-0.01615 finished_repos=0
[DRAKE-CONTACT] step=269 n_pairs=1 ee_box_normal=0.000
[GATE-CONTACT] step=269 F_W=(+0.0000,+0.0000,+0.0000) F_on_box=(-0.0000,-0.0000,-0.0000) n_face_out=(-0.0000,-0.0000,-0.0000) A_is_ee=0 box_q=(+0.99991,+0.00008,-0.00004,-0.01615) box_p=(-0.00173,-0.00048,+0.04999) ee_p=(+0.03663,-0.14640,+0.14781)
[EErel] along_push=-0.040m (neg=correct)  perp=0.142m  ee_to_box=0.147m  stage=2  obj=[-0.002 -0.   ]  g_hat=[-1.     0.002]
[proxy] err=0.335m  effective=[0.186 0.141 0.05 ]
[ADMM-C3+] primal: 5.7338->3.7963  dual: 74.4657->78.3545  mono=False  iters=25/25  rho=25.0
[ADMM-C3+] WARNING non-converged: pr=3.7963 dr=78.3545 tol=1e-03
[C3+] step=1038 |u[0]|=40.18Nm u_axis=(+12.05,-26.74,-2.66,+25.52,+4.06,+8.91,-0.30)Nm λ_n_max=0.000 η_n_max=0.791 primal=3.796 iters=25/25 lcp_res_max=nan
[ADMIT-GUARD] step=270 admit_active=0 latch=0/0 ee_z=0.148 gate_cap=0
[ALT-GATE] step=270 target_stable=0/0 allow_descent=1
[GS-tgt] step=270 ee=(+0.038,-0.143,+0.148) p_repos=(+0.078,-0.003,+0.030) ee_to_target=0.187m target_label=prev_repos target_changed=N delta=0.000m
[X-SEQ-PROBE] step=270 x0_box=(-0.00172,-0.00047,+0.04999) x1_box=(-0.00214,-0.00012,+0.02532) x1_box_v=(-0.00413,+0.00722,-0.49192) dt=0.050
[IMP] step=270 mode=free |x_err|=0.0401m |tau_imp|=7.48Nm |tau_ff|=0.00Nm |tau_out|=7.48Nm sat=False lam_n=False lam_t=False
[GS] step=270 mode=free switch=kStayInRepos best_k=0 best_src=prev_repos curr_cost=161434.68 repos_cost=211702.69 best_other=211702.69 met_progress=N steps_since_improve=134 switches=2
[STEP] step=270 mode=free t=2.700s ee=(+0.038,-0.143,+0.148) obj=(-0.002,-0.000,+0.050) goal_dist=0.298m switch=kStayInRepos target=(+0.049,-0.104,+0.147) ee_stride=0.040m ee_to_ptarget=0.187m landing_err=0.1576m ik_ok=Y ik_resid=0.0002m q_max_resid_deg=6.18 target_changed=Y retgt=N held_idx=1 held_cost=211702.69 won_cost=211702.69 margin=+0.00 won_src=prev_repos held_valid=Y reason=hold setpoint_to_ptarget=nanm finished_val=0.1870m finished_thresh=0.0200m pd_resid=nanm nextwp_to_ptarget=nanm guide_terminal_err=nanm
[GATE-EVOLVE] step=270 curr=161434.68 best_other=211702.69 ratio=0.7626 ee_to_optimal=0.1463m phi=0.0775m
[STAGE-A-TRACE] step=270 sim_t=2.700 mode=free phi=0.07752 box_xy=-0.00172,-0.00047 lam_n_ee_box=nan qy=-0.00002 qz=-0.01614 finished_repos=0
[DRAKE-CONTACT] step=270 n_pairs=1 ee_box_normal=0.000
[GATE-CONTACT] step=270 F_W=(+0.0000,+0.0000,+0.0000) F_on_box=(-0.0000,-0.0000,-0.0000) n_face_out=(-0.0000,-0.0000,-0.0000) A_is_ee=0 box_q=(+0.99991,+0.00005,-0.00002,-0.01614) box_p=(-0.00172,-0.00047,+0.04999) ee_p=(+0.03775,-0.14254,+0.14775)
[EErel] along_push=-0.041m (neg=correct)  perp=0.138m  ee_to_box=0.144m  stage=2  obj=[-0.002 -0.   ]  g_hat=[-1.     0.002]
[proxy] err=0.328m  effective=[0.187 0.137 0.05 ]
[ADMM-C3+] primal: 5.7369->3.7993  dual: 74.4878->78.4645  mono=False  iters=25/25  rho=25.0
[ADMM-C3+] WARNING non-converged: pr=3.7993 dr=78.4645 tol=1e-03
[C3+] step=1041 |u[0]|=39.83Nm u_axis=(+12.05,-26.64,-2.59,+25.21,+4.02,+8.53,-0.31)Nm λ_n_max=0.000 η_n_max=0.790 primal=3.799 iters=25/25 lcp_res_max=nan
[ADMIT-GUARD] step=271 admit_active=0 latch=0/0 ee_z=0.148 gate_cap=0
[ALT-GATE] step=271 target_stable=0/0 allow_descent=1
[GS-tgt] step=271 ee=(+0.039,-0.139,+0.148) p_repos=(+0.078,-0.003,+0.030) ee_to_target=0.184m target_label=prev_repos target_changed=N delta=0.000m
[X-SEQ-PROBE] step=271 x0_box=(-0.00172,-0.00047,+0.04999) x1_box=(-0.00214,-0.00012,+0.02532) x1_box_v=(-0.00413,+0.00722,-0.49192) dt=0.050
[GS] step=271 mode=free switch=kStayInRepos best_k=0 best_src=prev_repos curr_cost=161056.95 repos_cost=210837.88 best_other=210837.88 met_progress=N steps_since_improve=135 switches=2
[STEP] step=271 mode=free t=2.710s ee=(+0.039,-0.139,+0.148) obj=(-0.002,-0.000,+0.050) goal_dist=0.298m switch=kStayInRepos target=(+0.050,-0.100,+0.147) ee_stride=0.040m ee_to_ptarget=0.184m landing_err=0.1550m ik_ok=Y ik_resid=0.0001m q_max_resid_deg=6.19 target_changed=Y retgt=N held_idx=1 held_cost=210837.88 won_cost=210837.88 margin=+0.00 won_src=prev_repos held_valid=Y reason=hold setpoint_to_ptarget=nanm finished_val=0.1838m finished_thresh=0.0200m pd_resid=nanm nextwp_to_ptarget=nanm guide_terminal_err=nanm
[GATE-EVOLVE] step=271 curr=161056.95 best_other=210837.88 ratio=0.7639 ee_to_optimal=0.1423m phi=0.0741m
[STAGE-A-TRACE] step=271 sim_t=2.710 mode=free phi=0.07407 box_xy=-0.00172,-0.00047 lam_n_ee_box=nan qy=-0.00002 qz=-0.01614 finished_repos=0
[DRAKE-CONTACT] step=271 n_pairs=1 ee_box_normal=0.000
[GATE-CONTACT] step=271 F_W=(+0.0000,+0.0000,+0.0000) F_on_box=(-0.0000,-0.0000,-0.0000) n_face_out=(-0.0000,-0.0000,-0.0000) A_is_ee=0 box_q=(+0.99991,+0.00007,-0.00002,-0.01614) box_p=(-0.00172,-0.00047,+0.04999) ee_p=(+0.03886,-0.13868,+0.14770)
[EErel] along_push=-0.042m (neg=correct)  perp=0.134m  ee_to_box=0.141m  stage=2  obj=[-0.002 -0.   ]  g_hat=[-1.     0.002]
[proxy] err=0.322m  effective=[0.188 0.134 0.05 ]
[ADMM-C3+] primal: 5.7664->4.6250  dual: 74.5730->141.5228  mono=False  iters=25/25  rho=25.0
[ADMM-C3+] WARNING non-converged: pr=4.6250 dr=141.5228 tol=1e-03
[C3+] step=1044 |u[0]|=39.52Nm u_axis=(+12.01,-26.57,-2.55,+24.95,+3.99,+8.14,-0.32)Nm λ_n_max=0.000 η_n_max=0.662 primal=4.625 iters=25/25 lcp_res_max=nan
[ADMIT-GUARD] step=272 admit_active=0 latch=0/0 ee_z=0.148 gate_cap=0
[ALT-GATE] step=272 target_stable=0/0 allow_descent=1
[GS-tgt] step=272 ee=(+0.040,-0.135,+0.148) p_repos=(+0.078,-0.003,+0.030) ee_to_target=0.181m target_label=prev_repos target_changed=N delta=0.000m
[X-SEQ-PROBE] step=272 x0_box=(-0.00173,-0.00046,+0.05000) x1_box=(-0.00214,-0.00012,+0.02532) x1_box_v=(-0.00413,+0.00722,-0.49192) dt=0.050
[GS] step=272 mode=free switch=kStayInRepos best_k=0 best_src=prev_repos curr_cost=158909.03 repos_cost=209171.52 best_other=209171.52 met_progress=N steps_since_improve=136 switches=2
[STEP] step=272 mode=free t=2.720s ee=(+0.040,-0.135,+0.148) obj=(-0.002,-0.000,+0.050) goal_dist=0.298m switch=kStayInRepos target=(+0.051,-0.096,+0.147) ee_stride=0.040m ee_to_ptarget=0.181m landing_err=0.1524m ik_ok=Y ik_resid=0.0001m q_max_resid_deg=6.21 target_changed=Y retgt=N held_idx=1 held_cost=209171.52 won_cost=209171.52 margin=+0.00 won_src=prev_repos held_valid=Y reason=hold setpoint_to_ptarget=nanm finished_val=0.1808m finished_thresh=0.0200m pd_resid=nanm nextwp_to_ptarget=nanm guide_terminal_err=nanm
[GATE-EVOLVE] step=272 curr=158909.03 best_other=209171.52 ratio=0.7597 ee_to_optimal=0.1383m phi=0.0707m
[STAGE-A-TRACE] step=272 sim_t=2.720 mode=free phi=0.07068 box_xy=-0.00173,-0.00046 lam_n_ee_box=nan qy=-0.00006 qz=-0.01614 finished_repos=0
[DRAKE-CONTACT] step=272 n_pairs=1 ee_box_normal=0.000
[GATE-CONTACT] step=272 F_W=(+0.0000,+0.0000,+0.0000) F_on_box=(-0.0000,-0.0000,-0.0000) n_face_out=(-0.0000,-0.0000,-0.0000) A_is_ee=0 box_q=(+0.99991,-0.00006,-0.00006,-0.01614) box_p=(-0.00173,-0.00046,+0.05000) ee_p=(+0.03998,-0.13483,+0.14766)
[EErel] along_push=-0.043m (neg=correct)  perp=0.130m  ee_to_box=0.137m  stage=2  obj=[-0.002 -0.   ]  g_hat=[-1.     0.002]
[proxy] err=0.315m  effective=[0.189 0.13  0.05 ]
[ADMM-C3+] primal: 5.7347->3.7968  dual: 74.4904->78.3824  mono=False  iters=25/25  rho=25.0
[ADMM-C3+] WARNING non-converged: pr=3.7968 dr=78.3824 tol=1e-03
[C3+] step=1047 |u[0]|=39.15Nm u_axis=(+11.91,-26.49,-2.48,+24.66,+3.95,+7.73,-0.33)Nm λ_n_max=0.000 η_n_max=0.791 primal=3.797 iters=25/25 lcp_res_max=nan
[ADMIT-GUARD] step=273 admit_active=0 latch=0/0 ee_z=0.148 gate_cap=0
[ALT-GATE] step=273 target_stable=0/0 allow_descent=1
[GS-tgt] step=273 ee=(+0.041,-0.131,+0.148) p_repos=(+0.078,-0.003,+0.030) ee_to_target=0.178m target_label=prev_repos target_changed=N delta=0.000m
[X-SEQ-PROBE] step=273 x0_box=(-0.00173,-0.00047,+0.04999) x1_box=(-0.00214,-0.00012,+0.02532) x1_box_v=(-0.00413,+0.00722,-0.49192) dt=0.050
[GS] step=273 mode=free switch=kStayInRepos best_k=0 best_src=prev_repos curr_cost=160285.14 repos_cost=208865.65 best_other=208865.65 met_progress=N steps_since_improve=137 switches=2
[STEP] step=273 mode=free t=2.730s ee=(+0.041,-0.131,+0.148) obj=(-0.002,-0.000,+0.050) goal_dist=0.298m switch=kStayInRepos target=(+0.052,-0.093,+0.147) ee_stride=0.040m ee_to_ptarget=0.178m landing_err=0.1499m ik_ok=Y ik_resid=0.0001m q_max_resid_deg=6.22 target_changed=Y retgt=N held_idx=1 held_cost=208865.65 won_cost=208865.65 margin=+0.00 won_src=prev_repos held_valid=Y reason=hold setpoint_to_ptarget=nanm finished_val=0.1777m finished_thresh=0.0200m pd_resid=nanm nextwp_to_ptarget=nanm guide_terminal_err=nanm
[GATE-EVOLVE] step=273 curr=160285.14 best_other=208865.65 ratio=0.7674 ee_to_optimal=0.1343m phi=0.0673m
[STAGE-A-TRACE] step=273 sim_t=2.730 mode=free phi=0.06731 box_xy=-0.00173,-0.00047 lam_n_ee_box=nan qy=-0.00003 qz=-0.01613 finished_repos=0
[DRAKE-CONTACT] step=273 n_pairs=1 ee_box_normal=0.000
[GATE-CONTACT] step=273 F_W=(+0.0000,+0.0000,+0.0000) F_on_box=(-0.0000,-0.0000,-0.0000) n_face_out=(-0.0000,-0.0000,-0.0000) A_is_ee=0 box_q=(+0.99991,+0.00004,-0.00003,-0.01613) box_p=(-0.00173,-0.00047,+0.04999) ee_p=(+0.04109,-0.13099,+0.14764)
[EErel] along_push=-0.044m (neg=correct)  perp=0.127m  ee_to_box=0.134m  stage=2  obj=[-0.002 -0.   ]  g_hat=[-1.     0.002]
[proxy] err=0.309m  effective=[0.189 0.126 0.05 ]
[ADMM-C3+] primal: 6.1318->7.3122  dual: 103.7538->200.8863  mono=False  iters=25/25  rho=25.0
[ADMM-C3+] WARNING non-converged: pr=7.3122 dr=200.8863 tol=1e-03
[C3+] step=1050 |u[0]|=38.79Nm u_axis=(+11.76,-26.41,-2.42,+24.36,+3.92,+7.32,-0.34)Nm λ_n_max=1.064 η_n_max=1.286 primal=7.312 iters=25/25 lcp_res_max=nan
[ADMIT-GUARD] step=274 admit_active=0 latch=0/0 ee_z=0.148 gate_cap=0
[ALT-GATE] step=274 target_stable=0/0 allow_descent=1
[GS-tgt] step=274 ee=(+0.042,-0.127,+0.148) p_repos=(+0.078,-0.003,+0.030) ee_to_target=0.175m target_label=prev_repos target_changed=N delta=0.000m
[X-SEQ-PROBE] step=274 x0_box=(-0.00172,-0.00047,+0.05000) x1_box=(-0.00214,-0.00012,+0.02532) x1_box_v=(-0.00413,+0.00722,-0.49192) dt=0.050
[GS] step=274 mode=free switch=kStayInRepos best_k=0 best_src=prev_repos curr_cost=140651.10 repos_cost=192964.66 best_other=192964.66 met_progress=N steps_since_improve=138 switches=2
[STEP] step=274 mode=free t=2.740s ee=(+0.042,-0.127,+0.148) obj=(-0.002,-0.000,+0.050) goal_dist=0.298m switch=kStayInRepos target=(+0.053,-0.089,+0.147) ee_stride=0.040m ee_to_ptarget=0.175m landing_err=0.1474m ik_ok=Y ik_resid=0.0001m q_max_resid_deg=6.24 target_changed=Y retgt=N held_idx=1 held_cost=192964.66 won_cost=192964.66 margin=+0.00 won_src=prev_repos held_valid=Y reason=hold setpoint_to_ptarget=nanm finished_val=0.1747m finished_thresh=0.0200m pd_resid=nanm nextwp_to_ptarget=nanm guide_terminal_err=nanm
[GATE-EVOLVE] step=274 curr=140651.10 best_other=192964.66 ratio=0.7289 ee_to_optimal=0.1303m phi=0.0640m
[STAGE-A-TRACE] step=274 sim_t=2.740 mode=free phi=0.06401 box_xy=-0.00172,-0.00047 lam_n_ee_box=nan qy=+0.00003 qz=-0.01613 finished_repos=0
[DRAKE-CONTACT] step=274 n_pairs=1 ee_box_normal=0.000
[GATE-CONTACT] step=274 F_W=(+0.0000,+0.0000,+0.0000) F_on_box=(-0.0000,-0.0000,-0.0000) n_face_out=(-0.0000,-0.0000,-0.0000) A_is_ee=0 box_q=(+0.99991,+0.00002,+0.00003,-0.01613) box_p=(-0.00172,-0.00047,+0.05000) ee_p=(+0.04221,-0.12715,+0.14762)
[EErel] along_push=-0.045m (neg=correct)  perp=0.123m  ee_to_box=0.131m  stage=2  obj=[-0.002 -0.   ]  g_hat=[-1.     0.002]
[proxy] err=0.302m  effective=[0.19  0.122 0.05 ]
[ADMM-C3+] primal: 5.7650->4.6230  dual: 74.4046->141.2302  mono=False  iters=25/25  rho=25.0
[ADMM-C3+] WARNING non-converged: pr=4.6230 dr=141.2302 tol=1e-03
[C3+] step=1053 |u[0]|=38.42Nm u_axis=(+11.58,-26.34,-2.37,+24.08,+3.90,+6.90,-0.35)Nm λ_n_max=0.000 η_n_max=0.665 primal=4.623 iters=25/25 lcp_res_max=nan
[ADMIT-GUARD] step=275 admit_active=0 latch=0/0 ee_z=0.148 gate_cap=0
[ALT-GATE] step=275 target_stable=0/0 allow_descent=1
[GS-tgt] step=275 ee=(+0.043,-0.123,+0.148) p_repos=(+0.078,-0.003,+0.030) ee_to_target=0.172m target_label=prev_repos target_changed=N delta=0.000m
[X-SEQ-PROBE] step=275 x0_box=(-0.00172,-0.00046,+0.05000) x1_box=(-0.00214,-0.00012,+0.02532) x1_box_v=(-0.00413,+0.00722,-0.49192) dt=0.050
[GS] step=275 mode=free switch=kStayInRepos best_k=0 best_src=prev_repos curr_cost=158480.79 repos_cost=206839.74 best_other=206839.74 met_progress=N steps_since_improve=139 switches=2
[STEP] step=275 mode=free t=2.750s ee=(+0.043,-0.123,+0.148) obj=(-0.002,-0.000,+0.050) goal_dist=0.298m switch=kStayInRepos target=(+0.054,-0.085,+0.147) ee_stride=0.040m ee_to_ptarget=0.172m landing_err=0.1450m ik_ok=Y ik_resid=0.0001m q_max_resid_deg=6.26 target_changed=Y retgt=N held_idx=1 held_cost=206839.74 won_cost=206839.74 margin=+0.00 won_src=prev_repos held_valid=Y reason=hold setpoint_to_ptarget=nanm finished_val=0.1718m finished_thresh=0.0200m pd_resid=nanm nextwp_to_ptarget=nanm guide_terminal_err=nanm
[GATE-EVOLVE] step=275 curr=158480.79 best_other=206839.74 ratio=0.7662 ee_to_optimal=0.1263m phi=0.0608m
[STAGE-A-TRACE] step=275 sim_t=2.750 mode=free phi=0.06076 box_xy=-0.00172,-0.00046 lam_n_ee_box=nan qy=-0.00002 qz=-0.01612 finished_repos=0
[DRAKE-CONTACT] step=275 n_pairs=1 ee_box_normal=0.000
[GATE-CONTACT] step=275 F_W=(+0.0000,+0.0000,+0.0000) F_on_box=(-0.0000,-0.0000,-0.0000) n_face_out=(-0.0000,-0.0000,-0.0000) A_is_ee=0 box_q=(+0.99991,-0.00004,-0.00002,-0.01612) box_p=(-0.00172,-0.00046,+0.05000) ee_p=(+0.04333,-0.12331,+0.14761)
[EErel] along_push=-0.046m (neg=correct)  perp=0.119m  ee_to_box=0.128m  stage=2  obj=[-0.002 -0.   ]  g_hat=[-1.     0.002]
[proxy] err=0.296m  effective=[0.191 0.118 0.05 ]
[ADMM-C3+] primal: 5.7394->4.5870  dual: 74.0432->140.2061  mono=False  iters=25/25  rho=25.0
[ADMM-C3+] WARNING non-converged: pr=4.5870 dr=140.2061 tol=1e-03
[C3+] step=1056 |u[0]|=38.07Nm u_axis=(+11.35,-26.30,-2.31,+23.80,+3.87,+6.47,-0.36)Nm λ_n_max=0.000 η_n_max=0.679 primal=4.587 iters=25/25 lcp_res_max=nan
[ADMIT-GUARD] step=276 admit_active=0 latch=0/0 ee_z=0.148 gate_cap=0
[ALT-GATE] step=276 target_stable=0/0 allow_descent=1
[GS-tgt] step=276 ee=(+0.044,-0.119,+0.148) p_repos=(+0.078,-0.003,+0.030) ee_to_target=0.169m target_label=prev_repos target_changed=N delta=0.000m
[X-SEQ-PROBE] step=276 x0_box=(-0.00173,-0.00047,+0.05000) x1_box=(-0.00214,-0.00012,+0.02532) x1_box_v=(-0.00413,+0.00722,-0.49192) dt=0.050
[GS] step=276 mode=free switch=kStayInRepos best_k=0 best_src=prev_repos curr_cost=159103.83 repos_cost=206735.88 best_other=206735.88 met_progress=N steps_since_improve=140 switches=2
[STEP] step=276 mode=free t=2.760s ee=(+0.044,-0.119,+0.148) obj=(-0.002,-0.000,+0.050) goal_dist=0.298m switch=kStayInRepos target=(+0.056,-0.081,+0.147) ee_stride=0.040m ee_to_ptarget=0.169m landing_err=0.1427m ik_ok=Y ik_resid=0.0001m q_max_resid_deg=6.28 target_changed=Y retgt=N held_idx=1 held_cost=206735.88 won_cost=206735.88 margin=+0.00 won_src=prev_repos held_valid=Y reason=hold setpoint_to_ptarget=nanm finished_val=0.1689m finished_thresh=0.0200m pd_resid=nanm nextwp_to_ptarget=nanm guide_terminal_err=nanm
[GATE-EVOLVE] step=276 curr=159103.83 best_other=206735.88 ratio=0.7696 ee_to_optimal=0.1223m phi=0.0576m
[STAGE-A-TRACE] step=276 sim_t=2.760 mode=free phi=0.05756 box_xy=-0.00173,-0.00047 lam_n_ee_box=nan qy=-0.00005 qz=-0.01612 finished_repos=0
[DRAKE-CONTACT] step=276 n_pairs=1 ee_box_normal=0.000
[GATE-CONTACT] step=276 F_W=(+0.0000,+0.0000,+0.0000) F_on_box=(-0.0000,-0.0000,-0.0000) n_face_out=(-0.0000,-0.0000,-0.0000) A_is_ee=0 box_q=(+0.99991,-0.00000,-0.00005,-0.01612) box_p=(-0.00173,-0.00047,+0.05000) ee_p=(+0.04444,-0.11948,+0.14760)
[EErel] along_push=-0.047m (neg=correct)  perp=0.115m  ee_to_box=0.125m  stage=2  obj=[-0.002 -0.   ]  g_hat=[-1.     0.002]
[proxy] err=0.290m  effective=[0.192 0.114 0.05 ]
[ADMM-C3+] primal: 5.7635->4.6213  dual: 74.3604->141.1766  mono=False  iters=25/25  rho=25.0
[ADMM-C3+] WARNING non-converged: pr=4.6213 dr=141.1766 tol=1e-03
[C3+] step=1059 |u[0]|=37.72Nm u_axis=(+11.08,-26.27,-2.26,+23.52,+3.86,+6.03,-0.37)Nm λ_n_max=0.000 η_n_max=0.666 primal=4.621 iters=25/25 lcp_res_max=nan
[ADMIT-GUARD] step=277 admit_active=0 latch=0/0 ee_z=0.148 gate_cap=0
[ALT-GATE] step=277 target_stable=0/0 allow_descent=1
[GS-tgt] step=277 ee=(+0.046,-0.116,+0.148) p_repos=(+0.078,-0.003,+0.030) ee_to_target=0.166m target_label=prev_repos target_changed=N delta=0.000m
[X-SEQ-PROBE] step=277 x0_box=(-0.00173,-0.00047,+0.04999) x1_box=(-0.00214,-0.00012,+0.02532) x1_box_v=(-0.00413,+0.00722,-0.49192) dt=0.050
[GS] step=277 mode=free switch=kStayInRepos best_k=0 best_src=prev_repos curr_cost=158020.45 repos_cost=204937.35 best_other=204937.35 met_progress=N steps_since_improve=141 switches=2
[STEP] step=277 mode=free t=2.770s ee=(+0.046,-0.116,+0.148) obj=(-0.002,-0.000,+0.050) goal_dist=0.298m switch=kStayInRepos target=(+0.057,-0.077,+0.147) ee_stride=0.040m ee_to_ptarget=0.166m landing_err=0.1405m ik_ok=Y ik_resid=0.0001m q_max_resid_deg=6.31 target_changed=Y retgt=N held_idx=1 held_cost=204937.35 won_cost=204937.35 margin=+0.00 won_src=prev_repos held_valid=Y reason=hold setpoint_to_ptarget=nanm finished_val=0.1661m finished_thresh=0.0200m pd_resid=nanm nextwp_to_ptarget=nanm guide_terminal_err=nanm
[GATE-EVOLVE] step=277 curr=158020.45 best_other=204937.35 ratio=0.7711 ee_to_optimal=0.1184m phi=0.0544m
[STAGE-A-TRACE] step=277 sim_t=2.770 mode=free phi=0.05445 box_xy=-0.00173,-0.00047 lam_n_ee_box=nan qy=-0.00003 qz=-0.01612 finished_repos=0
[DRAKE-CONTACT] step=277 n_pairs=1 ee_box_normal=0.000
[GATE-CONTACT] step=277 F_W=(+0.0000,+0.0000,+0.0000) F_on_box=(-0.0000,-0.0000,-0.0000) n_face_out=(-0.0000,-0.0000,-0.0000) A_is_ee=0 box_q=(+0.99991,-0.00001,-0.00003,-0.01612) box_p=(-0.00173,-0.00047,+0.04999) ee_p=(+0.04556,-0.11565,+0.14760)
[EErel] along_push=-0.049m (neg=correct)  perp=0.111m  ee_to_box=0.121m  stage=2  obj=[-0.002 -0.   ]  g_hat=[-1.     0.002]
[proxy] err=0.283m  effective=[0.193 0.111 0.05 ]
[ADMM-C3+] primal: 5.7479->4.5897  dual: 74.1305->139.9662  mono=False  iters=25/25  rho=25.0
[ADMM-C3+] WARNING non-converged: pr=4.5897 dr=139.9662 tol=1e-03
[C3+] step=1062 |u[0]|=37.38Nm u_axis=(+10.78,-26.25,-2.22,+23.25,+3.85,+5.59,-0.38)Nm λ_n_max=0.000 η_n_max=0.674 primal=4.590 iters=25/25 lcp_res_max=nan
[ADMIT-GUARD] step=278 admit_active=0 latch=0/0 ee_z=0.148 gate_cap=0
[ALT-GATE] step=278 target_stable=0/0 allow_descent=1
[GS-tgt] step=278 ee=(+0.047,-0.112,+0.148) p_repos=(+0.078,-0.003,+0.030) ee_to_target=0.163m target_label=prev_repos target_changed=N delta=0.000m
[X-SEQ-PROBE] step=278 x0_box=(-0.00172,-0.00047,+0.05000) x1_box=(-0.00214,-0.00012,+0.02532) x1_box_v=(-0.00413,+0.00722,-0.49192) dt=0.050
[GS] step=278 mode=free switch=kStayInRepos best_k=0 best_src=prev_repos curr_cost=158321.41 repos_cost=204536.43 best_other=204536.43 met_progress=N steps_since_improve=142 switches=2
[STEP] step=278 mode=free t=2.780s ee=(+0.047,-0.112,+0.148) obj=(-0.002,-0.000,+0.050) goal_dist=0.298m switch=kStayInRepos target=(+0.058,-0.073,+0.147) ee_stride=0.040m ee_to_ptarget=0.163m landing_err=0.1383m ik_ok=Y ik_resid=0.0001m q_max_resid_deg=6.33 target_changed=Y retgt=N held_idx=1 held_cost=204536.43 won_cost=204536.43 margin=+0.00 won_src=prev_repos held_valid=Y reason=hold setpoint_to_ptarget=nanm finished_val=0.1633m finished_thresh=0.0200m pd_resid=nanm nextwp_to_ptarget=nanm guide_terminal_err=nanm
[GATE-EVOLVE] step=278 curr=158321.41 best_other=204536.43 ratio=0.7740 ee_to_optimal=0.1144m phi=0.0514m
[STAGE-A-TRACE] step=278 sim_t=2.780 mode=free phi=0.05141 box_xy=-0.00172,-0.00047 lam_n_ee_box=nan qy=-0.00002 qz=-0.01611 finished_repos=0
[DRAKE-CONTACT] step=278 n_pairs=1 ee_box_normal=0.000
[GATE-CONTACT] step=278 F_W=(+0.0000,+0.0000,+0.0000) F_on_box=(-0.0000,-0.0000,-0.0000) n_face_out=(-0.0000,-0.0000,-0.0000) A_is_ee=0 box_q=(+0.99991,-0.00002,-0.00002,-0.01611) box_p=(-0.00172,-0.00047,+0.05000) ee_p=(+0.04668,-0.11182,+0.14760)
[EErel] along_push=-0.050m (neg=correct)  perp=0.107m  ee_to_box=0.118m  stage=2  obj=[-0.002 -0.   ]  g_hat=[-1.     0.002]
[proxy] err=0.277m  effective=[0.194 0.107 0.05 ]
[ADMM-C3+] primal: 6.1316->4.9466  dual: 104.6793->97.7935  mono=False  iters=25/25  rho=25.0
[ADMM-C3+] WARNING non-converged: pr=4.9466 dr=97.7935 tol=1e-03
[C3+] step=1065 |u[0]|=37.04Nm u_axis=(+10.46,-26.25,-2.17,+22.97,+3.84,+5.15,-0.40)Nm λ_n_max=1.064 η_n_max=1.286 primal=4.947 iters=25/25 lcp_res_max=nan
[ADMIT-GUARD] step=279 admit_active=0 latch=0/0 ee_z=0.148 gate_cap=0
[ALT-GATE] step=279 target_stable=0/0 allow_descent=1
[GS-tgt] step=279 ee=(+0.048,-0.108,+0.148) p_repos=(+0.078,-0.003,+0.030) ee_to_target=0.161m target_label=prev_repos target_changed=N delta=0.000m
[X-SEQ-PROBE] step=279 x0_box=(-0.00172,-0.00047,+0.04999) x1_box=(-0.00214,-0.00012,+0.02532) x1_box_v=(-0.00413,+0.00722,-0.49192) dt=0.050
[GS] step=279 mode=free switch=kStayInRepos best_k=0 best_src=prev_repos curr_cost=139422.61 repos_cost=188273.66 best_other=188273.66 met_progress=N steps_since_improve=143 switches=2
[STEP] step=279 mode=free t=2.790s ee=(+0.048,-0.108,+0.148) obj=(-0.002,-0.000,+0.050) goal_dist=0.298m switch=kStayInRepos target=(+0.059,-0.069,+0.147) ee_stride=0.040m ee_to_ptarget=0.161m landing_err=0.1363m ik_ok=Y ik_resid=0.0001m q_max_resid_deg=6.35 target_changed=Y retgt=N held_idx=1 held_cost=188273.66 won_cost=188273.66 margin=+0.00 won_src=prev_repos held_valid=Y reason=hold setpoint_to_ptarget=nanm finished_val=0.1605m finished_thresh=0.0200m pd_resid=nanm nextwp_to_ptarget=nanm guide_terminal_err=nanm
[GATE-EVOLVE] step=279 curr=139422.61 best_other=188273.66 ratio=0.7405 ee_to_optimal=0.1104m phi=0.0485m
[STAGE-A-TRACE] step=279 sim_t=2.790 mode=free phi=0.04847 box_xy=-0.00172,-0.00047 lam_n_ee_box=nan qy=+0.00004 qz=-0.01611 finished_repos=0
[DRAKE-CONTACT] step=279 n_pairs=1 ee_box_normal=0.000
[GATE-CONTACT] step=279 F_W=(+0.0000,+0.0000,+0.0000) F_on_box=(-0.0000,-0.0000,-0.0000) n_face_out=(-0.0000,-0.0000,-0.0000) A_is_ee=0 box_q=(+0.99991,+0.00004,+0.00004,-0.01611) box_p=(-0.00172,-0.00047,+0.04999) ee_p=(+0.04779,-0.10799,+0.14761)
[EErel] along_push=-0.051m (neg=correct)  perp=0.104m  ee_to_box=0.115m  stage=2  obj=[-0.002 -0.   ]  g_hat=[-1.     0.002]
[proxy] err=0.271m  effective=[0.194 0.103 0.05 ]
[ADMM-C3+] primal: 6.1234->7.4003  dual: 114.3964->275.6519  mono=False  iters=25/25  rho=25.0
[ADMM-C3+] WARNING non-converged: pr=7.4003 dr=275.6519 tol=1e-03
[C3+] step=1068 |u[0]|=36.72Nm u_axis=(+10.11,-26.26,-2.13,+22.70,+3.83,+4.70,-0.41)Nm λ_n_max=1.045 η_n_max=1.267 primal=7.400 iters=25/25 lcp_res_max=nan
[ADMIT-GUARD] step=280 admit_active=0 latch=0/0 ee_z=0.148 gate_cap=0
[ALT-GATE] step=280 target_stable=0/0 allow_descent=1
[GS-tgt] step=280 ee=(+0.049,-0.104,+0.148) p_repos=(+0.078,-0.003,+0.030) ee_to_target=0.158m target_label=prev_repos target_changed=N delta=0.000m
[X-SEQ-PROBE] step=280 x0_box=(-0.00172,-0.00046,+0.05000) x1_box=(-0.00214,-0.00012,+0.02532) x1_box_v=(-0.00413,+0.00722,-0.49192) dt=0.050
[IMP] step=280 mode=free |x_err|=0.0401m |tau_imp|=5.33Nm |tau_ff|=0.00Nm |tau_out|=5.33Nm sat=False lam_n=False lam_t=False
[GS] step=280 mode=free switch=kStayInRepos best_k=0 best_src=prev_repos curr_cost=131604.69 repos_cost=179298.28 best_other=179298.28 met_progress=N steps_since_improve=144 switches=2
[STEP] step=280 mode=free t=2.800s ee=(+0.049,-0.104,+0.148) obj=(-0.002,-0.000,+0.050) goal_dist=0.298m switch=kStayInRepos target=(+0.060,-0.066,+0.147) ee_stride=0.040m ee_to_ptarget=0.158m landing_err=0.1343m ik_ok=Y ik_resid=0.0001m q_max_resid_deg=6.38 target_changed=Y retgt=N held_idx=1 held_cost=179298.28 won_cost=179298.28 margin=+0.00 won_src=prev_repos held_valid=Y reason=hold setpoint_to_ptarget=nanm finished_val=0.1579m finished_thresh=0.0200m pd_resid=nanm nextwp_to_ptarget=nanm guide_terminal_err=nanm
[GATE-EVOLVE] step=280 curr=131604.69 best_other=179298.28 ratio=0.7340 ee_to_optimal=0.1064m phi=0.0456m
[STAGE-A-TRACE] step=280 sim_t=2.800 mode=free phi=0.04564 box_xy=-0.00172,-0.00046 lam_n_ee_box=nan qy=+0.00003 qz=-0.01610 finished_repos=0
[GS-table] step=280
  k=0 (current   ) pos=(+0.049,-0.104,+0.148) c_C3= 131604.69 align=0.0000(bonus=    0.00) rot=+0.0000(bonus=    0.00) travel=0.000m(pen=  0.00) c_sample= 131604.69 feas=Y ik_err=0.0000m  ← WIN
  k=1 (prev_repos) pos=(+0.078,-0.003,+0.030) c_C3= 209252.62 align=0.9995(bonus=29985.91) rot=+0.0000(bonus=    0.00) travel=0.158m(pen= 31.57) c_sample= 179298.28 feas=Y ik_err=0.0009m
  k=2 (strat_0   ) pos=(+0.078,-0.003,+0.030) c_C3= 209252.62 align=0.9995(bonus=29985.91) rot=+0.0000(bonus=    0.00) travel=0.158m(pen= 31.57) c_sample= 179298.28 feas=Y ik_err=0.0009m
[DRAKE-CONTACT] step=280 n_pairs=1 ee_box_normal=0.000
[GATE-CONTACT] step=280 F_W=(+0.0000,+0.0000,+0.0000) F_on_box=(-0.0000,-0.0000,-0.0000) n_face_out=(-0.0000,-0.0000,-0.0000) A_is_ee=0 box_q=(+0.99991,-0.00005,+0.00003,-0.01610) box_p=(-0.00172,-0.00046,+0.05000) ee_p=(+0.04891,-0.10417,+0.14762)
[EErel] along_push=-0.052m (neg=correct)  perp=0.100m  ee_to_box=0.112m  stage=2  obj=[-0.002 -0.   ]  g_hat=[-1.     0.002]
[proxy] err=0.265m  effective=[0.195 0.099 0.05 ]
[ADMM-C3+] primal: 5.7276->3.7901  dual: 74.4925->78.1829  mono=False  iters=25/25  rho=25.0
[ADMM-C3+] WARNING non-converged: pr=3.7901 dr=78.1829 tol=1e-03
[C3+] step=1071 |u[0]|=36.41Nm u_axis=(+9.74,-26.28,-2.09,+22.43,+3.82,+4.25,-0.42)Nm λ_n_max=0.000 η_n_max=0.792 primal=3.790 iters=25/25 lcp_res_max=nan
[ADMIT-GUARD] step=281 admit_active=0 latch=0/0 ee_z=0.148 gate_cap=0
[ALT-GATE] step=281 target_stable=0/0 allow_descent=1
[GS-tgt] step=281 ee=(+0.050,-0.100,+0.148) p_repos=(+0.078,-0.003,+0.030) ee_to_target=0.155m target_label=prev_repos target_changed=N delta=0.000m
[X-SEQ-PROBE] step=281 x0_box=(-0.00172,-0.00047,+0.05000) x1_box=(-0.00214,-0.00012,+0.02532) x1_box_v=(-0.00413,+0.00722,-0.49192) dt=0.050
[GS] step=281 mode=free switch=kStayInRepos best_k=0 best_src=prev_repos curr_cost=157932.25 repos_cost=200840.72 best_other=200840.72 met_progress=N steps_since_improve=145 switches=2
[STEP] step=281 mode=free t=2.810s ee=(+0.050,-0.100,+0.148) obj=(-0.002,-0.000,+0.050) goal_dist=0.298m switch=kStayInRepos target=(+0.061,-0.062,+0.147) ee_stride=0.040m ee_to_ptarget=0.155m landing_err=0.1324m ik_ok=Y ik_resid=0.0001m q_max_resid_deg=6.41 target_changed=Y retgt=N held_idx=1 held_cost=200840.72 won_cost=200840.72 margin=+0.00 won_src=prev_repos held_valid=Y reason=hold setpoint_to_ptarget=nanm finished_val=0.1552m finished_thresh=0.0200m pd_resid=nanm nextwp_to_ptarget=nanm guide_terminal_err=nanm
[GATE-EVOLVE] step=281 curr=157932.25 best_other=200840.72 ratio=0.7864 ee_to_optimal=0.1024m phi=0.0429m
[STAGE-A-TRACE] step=281 sim_t=2.810 mode=free phi=0.04291 box_xy=-0.00172,-0.00047 lam_n_ee_box=nan qy=-0.00001 qz=-0.01610 finished_repos=0
[DRAKE-CONTACT] step=281 n_pairs=1 ee_box_normal=0.000
[GATE-CONTACT] step=281 F_W=(+0.0000,+0.0000,+0.0000) F_on_box=(-0.0000,-0.0000,-0.0000) n_face_out=(-0.0000,-0.0000,-0.0000) A_is_ee=0 box_q=(+0.99991,+0.00001,-0.00001,-0.01610) box_p=(-0.00172,-0.00047,+0.05000) ee_p=(+0.05002,-0.10034,+0.14763)
[EErel] along_push=-0.053m (neg=correct)  perp=0.096m  ee_to_box=0.110m  stage=2  obj=[-0.002 -0.   ]  g_hat=[-1.     0.002]
[proxy] err=0.259m  effective=[0.196 0.095 0.05 ]
[ADMM-C3+] primal: 5.7745->4.6494  dual: 74.1958->141.7344  mono=False  iters=25/25  rho=25.0
[ADMM-C3+] WARNING non-converged: pr=4.6494 dr=141.7344 tol=1e-03
[C3+] step=1074 |u[0]|=36.05Nm u_axis=(+9.32,-26.30,-1.98,+22.09,+3.81,+3.80,-0.43)Nm λ_n_max=0.000 η_n_max=0.665 primal=4.649 iters=25/25 lcp_res_max=nan
[ADMIT-GUARD] step=282 admit_active=0 latch=0/0 ee_z=0.148 gate_cap=0
[ALT-GATE] step=282 target_stable=0/0 allow_descent=1
[GS-tgt] step=282 ee=(+0.051,-0.097,+0.148) p_repos=(+0.078,-0.003,+0.030) ee_to_target=0.153m target_label=prev_repos target_changed=N delta=0.000m
[X-SEQ-PROBE] step=282 x0_box=(-0.00173,-0.00047,+0.05000) x1_box=(-0.00214,-0.00012,+0.02532) x1_box_v=(-0.00413,+0.00722,-0.49192) dt=0.050
[GS] step=282 mode=free switch=kStayInRepos best_k=0 best_src=prev_repos curr_cost=157693.74 repos_cost=201354.56 best_other=201354.56 met_progress=N steps_since_improve=146 switches=2
[STEP] step=282 mode=free t=2.820s ee=(+0.051,-0.097,+0.148) obj=(-0.002,-0.000,+0.050) goal_dist=0.298m switch=kStayInRepos target=(+0.062,-0.058,+0.147) ee_stride=0.040m ee_to_ptarget=0.153m landing_err=0.1306m ik_ok=Y ik_resid=0.0001m q_max_resid_deg=6.44 target_changed=Y retgt=N held_idx=1 held_cost=201354.56 won_cost=201354.56 margin=+0.00 won_src=prev_repos held_valid=Y reason=hold setpoint_to_ptarget=nanm finished_val=0.1527m finished_thresh=0.0200m pd_resid=nanm nextwp_to_ptarget=nanm guide_terminal_err=nanm
[GATE-EVOLVE] step=282 curr=157693.74 best_other=201354.56 ratio=0.7832 ee_to_optimal=0.0985m phi=0.0403m
[STAGE-A-TRACE] step=282 sim_t=2.820 mode=free phi=0.04032 box_xy=-0.00173,-0.00047 lam_n_ee_box=nan qy=-0.00004 qz=-0.01610 finished_repos=0
[DRAKE-CONTACT] step=282 n_pairs=1 ee_box_normal=0.000
[GATE-CONTACT] step=282 F_W=(+0.0000,+0.0000,+0.0000) F_on_box=(-0.0000,-0.0000,-0.0000) n_face_out=(-0.0000,-0.0000,-0.0000) A_is_ee=0 box_q=(+0.99991,-0.00002,-0.00004,-0.01610) box_p=(-0.00173,-0.00047,+0.05000) ee_p=(+0.05114,-0.09652,+0.14764)
[EErel] along_push=-0.054m (neg=correct)  perp=0.092m  ee_to_box=0.107m  stage=2  obj=[-0.002 -0.   ]  g_hat=[-1.     0.002]
[proxy] err=0.253m  effective=[0.197 0.091 0.05 ]
[ADMM-C3+] primal: 5.7550->4.6063  dual: 73.7606->139.9200  mono=False  iters=25/25  rho=25.0
[ADMM-C3+] WARNING non-converged: pr=4.6063 dr=139.9200 tol=1e-03
[C3+] step=1077 |u[0]|=35.65Nm u_axis=(+8.76,-26.39,-1.77,+21.66,+3.77,+3.29,-0.44)Nm λ_n_max=0.000 η_n_max=0.677 primal=4.606 iters=25/25 lcp_res_max=nan
[ADMIT-GUARD] step=283 admit_active=0 latch=0/0 ee_z=0.148 gate_cap=0
[ALT-GATE] step=283 target_stable=0/0 allow_descent=1
[GS-tgt] step=283 ee=(+0.052,-0.093,+0.148) p_repos=(+0.078,-0.003,+0.030) ee_to_target=0.150m target_label=prev_repos target_changed=N delta=0.000m
[X-SEQ-PROBE] step=283 x0_box=(-0.00172,-0.00047,+0.05000) x1_box=(-0.00214,-0.00012,+0.02532) x1_box_v=(-0.00413,+0.00722,-0.49192) dt=0.050
[GS] step=283 mode=free switch=kStayInRepos best_k=0 best_src=prev_repos curr_cost=158644.37 repos_cost=201763.23 best_other=201763.23 met_progress=N steps_since_improve=147 switches=2
[STEP] step=283 mode=free t=2.830s ee=(+0.052,-0.093,+0.148) obj=(-0.002,-0.000,+0.050) goal_dist=0.298m switch=kStayInRepos target=(+0.063,-0.054,+0.147) ee_stride=0.040m ee_to_ptarget=0.150m landing_err=0.1289m ik_ok=Y ik_resid=0.0001m q_max_resid_deg=6.47 target_changed=Y retgt=N held_idx=1 held_cost=201763.23 won_cost=201763.23 margin=+0.00 won_src=prev_repos held_valid=Y reason=hold setpoint_to_ptarget=nanm finished_val=0.1502m finished_thresh=0.0200m pd_resid=nanm nextwp_to_ptarget=nanm guide_terminal_err=nanm
[GATE-EVOLVE] step=283 curr=158644.37 best_other=201763.23 ratio=0.7863 ee_to_optimal=0.0945m phi=0.0379m
[STAGE-A-TRACE] step=283 sim_t=2.830 mode=free phi=0.03788 box_xy=-0.00172,-0.00047 lam_n_ee_box=nan qy=-0.00000 qz=-0.01610 finished_repos=0
[DRAKE-CONTACT] step=283 n_pairs=1 ee_box_normal=0.000
[GATE-CONTACT] step=283 F_W=(+0.0000,+0.0000,+0.0000) F_on_box=(-0.0000,-0.0000,-0.0000) n_face_out=(-0.0000,-0.0000,-0.0000) A_is_ee=0 box_q=(+0.99991,-0.00003,-0.00000,-0.01610) box_p=(-0.00172,-0.00047,+0.05000) ee_p=(+0.05226,-0.09270,+0.14765)
[EErel] along_push=-0.055m (neg=correct)  perp=0.088m  ee_to_box=0.104m  stage=2  obj=[-0.002 -0.   ]  g_hat=[-1.     0.002]
[proxy] err=0.248m  effective=[0.197 0.088 0.05 ]
[ADMM-C3+] primal: 5.7787->4.6561  dual: 74.1310->141.7749  mono=False  iters=25/25  rho=25.0
[ADMM-C3+] WARNING non-converged: pr=4.6561 dr=141.7749 tol=1e-03
[C3+] step=1080 |u[0]|=35.58Nm u_axis=(+8.52,-26.45,-1.97,+21.60,+3.82,+2.90,-0.46)Nm λ_n_max=0.000 η_n_max=0.664 primal=4.656 iters=25/25 lcp_res_max=nan
[ADMIT-GUARD] step=284 admit_active=0 latch=0/0 ee_z=0.148 gate_cap=0
[ALT-GATE] step=284 target_stable=0/0 allow_descent=1
[GS-tgt] step=284 ee=(+0.053,-0.089,+0.148) p_repos=(+0.078,-0.003,+0.030) ee_to_target=0.148m target_label=prev_repos target_changed=N delta=0.000m
[X-SEQ-PROBE] step=284 x0_box=(-0.00173,-0.00046,+0.04999) x1_box=(-0.00214,-0.00012,+0.02532) x1_box_v=(-0.00413,+0.00722,-0.49192) dt=0.050
[GS] step=284 mode=free switch=kStayInRepos best_k=0 best_src=prev_repos curr_cost=157676.85 repos_cost=200222.05 best_other=200222.05 met_progress=N steps_since_improve=148 switches=2
[STEP] step=284 mode=free t=2.840s ee=(+0.053,-0.089,+0.148) obj=(-0.002,-0.000,+0.050) goal_dist=0.298m switch=kStayInRepos target=(+0.065,-0.050,+0.147) ee_stride=0.040m ee_to_ptarget=0.148m landing_err=0.1273m ik_ok=Y ik_resid=0.0001m q_max_resid_deg=6.50 target_changed=Y retgt=N held_idx=1 held_cost=200222.05 won_cost=200222.05 margin=+0.00 won_src=prev_repos held_valid=Y reason=hold setpoint_to_ptarget=nanm finished_val=0.1477m finished_thresh=0.0200m pd_resid=nanm nextwp_to_ptarget=nanm guide_terminal_err=nanm
[GATE-EVOLVE] step=284 curr=157676.85 best_other=200222.05 ratio=0.7875 ee_to_optimal=0.0905m phi=0.0356m
[STAGE-A-TRACE] step=284 sim_t=2.840 mode=free phi=0.03561 box_xy=-0.00173,-0.00046 lam_n_ee_box=nan qy=-0.00007 qz=-0.01611 finished_repos=0
[DRAKE-CONTACT] step=284 n_pairs=1 ee_box_normal=0.000
[GATE-CONTACT] step=284 F_W=(+0.0000,+0.0000,+0.0000) F_on_box=(-0.0000,-0.0000,-0.0000) n_face_out=(-0.0000,-0.0000,-0.0000) A_is_ee=0 box_q=(+0.99991,-0.00006,-0.00007,-0.01611) box_p=(-0.00173,-0.00046,+0.04999) ee_p=(+0.05337,-0.08887,+0.14766)
[EErel] along_push=-0.056m (neg=correct)  perp=0.084m  ee_to_box=0.102m  stage=2  obj=[-0.002 -0.   ]  g_hat=[-1.     0.002]
[proxy] err=0.242m  effective=[0.198 0.084 0.05 ]
[ADMM-C3+] primal: 5.7737->4.6443  dual: 74.2245->141.4672  mono=False  iters=25/25  rho=25.0
[ADMM-C3+] WARNING non-converged: pr=4.6443 dr=141.4672 tol=1e-03
[C3+] step=1083 |u[0]|=35.33Nm u_axis=(+8.08,-26.53,-1.94,+21.32,+3.83,+2.46,-0.47)Nm λ_n_max=0.000 η_n_max=0.664 primal=4.644 iters=25/25 lcp_res_max=nan
[ADMIT-GUARD] step=285 admit_active=0 latch=0/0 ee_z=0.148 gate_cap=0
[ALT-GATE] step=285 target_stable=0/0 allow_descent=1
[GS-tgt] step=285 ee=(+0.054,-0.085,+0.148) p_repos=(+0.078,-0.003,+0.030) ee_to_target=0.145m target_label=prev_repos target_changed=N delta=0.000m
[X-SEQ-PROBE] step=285 x0_box=(-0.00173,-0.00047,+0.05000) x1_box=(-0.00214,-0.00012,+0.02532) x1_box_v=(-0.00413,+0.00722,-0.49192) dt=0.050
[GS] step=285 mode=free switch=kStayInRepos best_k=0 best_src=prev_repos curr_cost=157070.58 repos_cost=198969.81 best_other=198969.81 met_progress=N steps_since_improve=149 switches=2
[STEP] step=285 mode=free t=2.850s ee=(+0.054,-0.085,+0.148) obj=(-0.002,-0.000,+0.050) goal_dist=0.298m switch=kStayInRepos target=(+0.066,-0.046,+0.147) ee_stride=0.040m ee_to_ptarget=0.145m landing_err=0.1258m ik_ok=Y ik_resid=0.0001m q_max_resid_deg=6.53 target_changed=Y retgt=N held_idx=1 held_cost=198969.81 won_cost=198969.81 margin=+0.00 won_src=prev_repos held_valid=Y reason=hold setpoint_to_ptarget=nanm finished_val=0.1454m finished_thresh=0.0200m pd_resid=nanm nextwp_to_ptarget=nanm guide_terminal_err=nanm
[GATE-EVOLVE] step=285 curr=157070.58 best_other=198969.81 ratio=0.7894 ee_to_optimal=0.0865m phi=0.0335m
[STAGE-A-TRACE] step=285 sim_t=2.850 mode=free phi=0.03351 box_xy=-0.00173,-0.00047 lam_n_ee_box=nan qy=-0.00004 qz=-0.01611 finished_repos=0
[DRAKE-CONTACT] step=285 n_pairs=1 ee_box_normal=0.000
[GATE-CONTACT] step=285 F_W=(+0.0000,+0.0000,+0.0000) F_on_box=(-0.0000,-0.0000,-0.0000) n_face_out=(-0.0000,-0.0000,-0.0000) A_is_ee=0 box_q=(+0.99991,-0.00000,-0.00004,-0.01611) box_p=(-0.00173,-0.00047,+0.05000) ee_p=(+0.05449,-0.08505,+0.14768)
[EErel] along_push=-0.057m (neg=correct)  perp=0.081m  ee_to_box=0.099m  stage=3  obj=[-0.002 -0.   ]  g_hat=[-1.     0.002]
[proxy] err=0.236m  effective=[0.197 0.08  0.05 ]
[ADMM-C3+] primal: 6.1343->5.9497  dual: 106.3390->180.9955  mono=False  iters=25/25  rho=25.0
[ADMM-C3+] WARNING non-converged: pr=5.9497 dr=180.9955 tol=1e-03
[C3+] step=1086 |u[0]|=35.02Nm u_axis=(+7.70,-26.56,-1.71,+20.97,+3.79,+1.94,-0.48)Nm λ_n_max=1.060 η_n_max=1.286 primal=5.950 iters=25/25 lcp_res_max=nan
[ADMIT-GUARD] step=286 admit_active=0 latch=0/0 ee_z=0.148 gate_cap=0
[ALT-GATE] step=286 target_stable=0/0 allow_descent=1
[GS-tgt] step=286 ee=(+0.056,-0.081,+0.148) p_repos=(+0.078,-0.003,+0.030) ee_to_target=0.143m target_label=prev_repos target_changed=N delta=0.000m
[X-SEQ-PROBE] step=286 x0_box=(-0.00172,-0.00047,+0.05000) x1_box=(-0.00214,-0.00012,+0.02532) x1_box_v=(-0.00413,+0.00722,-0.49192) dt=0.050
[GS] step=286 mode=free switch=kStayInRepos best_k=0 best_src=prev_repos curr_cost=136214.01 repos_cost=180462.56 best_other=180462.56 met_progress=N steps_since_improve=150 switches=2
[STEP] step=286 mode=free t=2.860s ee=(+0.056,-0.081,+0.148) obj=(-0.002,-0.000,+0.050) goal_dist=0.298m switch=kStayInRepos target=(+0.067,-0.043,+0.147) ee_stride=0.040m ee_to_ptarget=0.143m landing_err=0.1244m ik_ok=Y ik_resid=0.0001m q_max_resid_deg=6.56 target_changed=Y retgt=N held_idx=1 held_cost=180462.56 won_cost=180462.56 margin=+0.00 won_src=prev_repos held_valid=Y reason=hold setpoint_to_ptarget=nanm finished_val=0.1431m finished_thresh=0.0200m pd_resid=nanm nextwp_to_ptarget=nanm guide_terminal_err=nanm
[GATE-EVOLVE] step=286 curr=136214.01 best_other=180462.56 ratio=0.7548 ee_to_optimal=0.0826m phi=0.0316m
[STAGE-A-TRACE] step=286 sim_t=2.860 mode=free phi=0.03163 box_xy=-0.00172,-0.00047 lam_n_ee_box=nan qy=+0.00002 qz=-0.01612 finished_repos=0
[DRAKE-CONTACT] step=286 n_pairs=1 ee_box_normal=0.000
[GATE-CONTACT] step=286 F_W=(+0.0000,+0.0000,+0.0000) F_on_box=(-0.0000,-0.0000,-0.0000) n_face_out=(-0.0000,-0.0000,-0.0000) A_is_ee=0 box_q=(+0.99991,+0.00004,+0.00002,-0.01612) box_p=(-0.00172,-0.00047,+0.05000) ee_p=(+0.05561,-0.08123,+0.14769)
[PERSIST] step=287 refresh n_strategy=1 samples=[(-0.0813, 0.0137, 0.03)]
[EErel] along_push=-0.059m (neg=correct)  perp=0.077m  ee_to_box=0.097m  stage=3  obj=[-0.002 -0.   ]  g_hat=[-1.     0.002]
[proxy] err=0.228m  effective=[0.193 0.076 0.05 ]
[ADMM-C3+] primal: 5.7045->3.7919  dual: 74.4514->76.7801  mono=False  iters=25/25  rho=25.0
[ADMM-C3+] WARNING non-converged: pr=3.7919 dr=76.7801 tol=1e-03
[C3+] step=1089 |u[0]|=34.70Nm u_axis=(+7.47,-26.57,-1.34,+20.62,+3.74,+1.36,-0.50)Nm λ_n_max=0.000 η_n_max=0.801 primal=3.792 iters=25/25 lcp_res_max=nan
[ADMIT-GUARD] step=287 admit_active=0 latch=0/0 ee_z=0.148 gate_cap=0
[ALT-GATE] step=287 target_stable=0/0 allow_descent=1
[GS-tgt] step=287 ee=(+0.057,-0.077,+0.148) p_repos=(+0.078,-0.003,+0.030) ee_to_target=0.141m target_label=prev_repos target_changed=N delta=0.000m
[X-SEQ-PROBE] step=287 x0_box=(-0.00173,-0.00047,+0.05000) x1_box=(-0.00214,-0.00012,+0.02532) x1_box_v=(-0.00413,+0.00722,-0.49192) dt=0.050
[GS] step=287 mode=free switch=kStayInRepos best_k=0 best_src=prev_repos curr_cost=156628.89 repos_cost=196090.52 best_other=196090.52 met_progress=N steps_since_improve=151 switches=2
[STEP] step=287 mode=free t=2.870s ee=(+0.057,-0.077,+0.148) obj=(-0.002,-0.000,+0.050) goal_dist=0.298m switch=kStayInRepos target=(+0.068,-0.039,+0.147) ee_stride=0.040m ee_to_ptarget=0.141m landing_err=0.1232m ik_ok=Y ik_resid=0.0001m q_max_resid_deg=6.59 target_changed=Y retgt=N held_idx=1 held_cost=196090.52 won_cost=196090.52 margin=+0.00 won_src=prev_repos held_valid=Y reason=hold setpoint_to_ptarget=nanm finished_val=0.1409m finished_thresh=0.0200m pd_resid=nanm nextwp_to_ptarget=nanm guide_terminal_err=nanm
[GATE-EVOLVE] step=287 curr=156628.89 best_other=196090.52 ratio=0.7988 ee_to_optimal=0.0786m phi=0.0300m
[STAGE-A-TRACE] step=287 sim_t=2.870 mode=free phi=0.02996 box_xy=-0.00173,-0.00047 lam_n_ee_box=nan qy=-0.00005 qz=-0.01612 finished_repos=0
[DRAKE-CONTACT] step=287 n_pairs=1 ee_box_normal=0.000
[GATE-CONTACT] step=287 F_W=(+0.0000,+0.0000,+0.0000) F_on_box=(-0.0000,-0.0000,-0.0000) n_face_out=(-0.0000,-0.0000,-0.0000) A_is_ee=0 box_q=(+0.99991,+0.00001,-0.00005,-0.01612) box_p=(-0.00173,-0.00047,+0.05000) ee_p=(+0.05672,-0.07741,+0.14771)
[EErel] along_push=-0.060m (neg=correct)  perp=0.073m  ee_to_box=0.094m  stage=3  obj=[-0.002 -0.   ]  g_hat=[-1.     0.002]
[proxy] err=0.220m  effective=[0.19  0.072 0.05 ]
[ADMM-C3+] primal: 5.7270->3.7836  dual: 74.9016->78.1284  mono=False  iters=25/25  rho=25.0
[ADMM-C3+] WARNING non-converged: pr=3.7836 dr=78.1284 tol=1e-03
[C3+] step=1092 |u[0]|=34.42Nm u_axis=(+7.21,-26.60,-0.97,+20.24,+3.68,+0.78,-0.52)Nm λ_n_max=0.000 η_n_max=0.787 primal=3.784 iters=25/25 lcp_res_max=nan
[ADMIT-GUARD] step=288 admit_active=0 latch=0/0 ee_z=0.148 gate_cap=0
[ALT-GATE] step=288 target_stable=0/0 allow_descent=1
[GS-tgt] step=288 ee=(+0.058,-0.074,+0.148) p_repos=(+0.078,-0.003,+0.030) ee_to_target=0.139m target_label=prev_repos target_changed=N delta=0.000m
[X-SEQ-PROBE] step=288 x0_box=(-0.00173,-0.00047,+0.04999) x1_box=(-0.00214,-0.00012,+0.02532) x1_box_v=(-0.00413,+0.00722,-0.49192) dt=0.050
[GS] step=288 mode=free switch=kStayInRepos best_k=0 best_src=prev_repos curr_cost=155281.90 repos_cost=194261.04 best_other=194261.04 met_progress=N steps_since_improve=152 switches=2
[STEP] step=288 mode=free t=2.880s ee=(+0.058,-0.074,+0.148) obj=(-0.002,-0.000,+0.050) goal_dist=0.298m switch=kStayInRepos target=(+0.069,-0.035,+0.147) ee_stride=0.040m ee_to_ptarget=0.139m landing_err=0.1220m ik_ok=Y ik_resid=0.0001m q_max_resid_deg=6.62 target_changed=Y retgt=N held_idx=1 held_cost=194261.04 won_cost=194261.04 margin=+0.00 won_src=prev_repos held_valid=Y reason=hold setpoint_to_ptarget=nanm finished_val=0.1387m finished_thresh=0.0200m pd_resid=nanm nextwp_to_ptarget=nanm guide_terminal_err=nanm
[GATE-EVOLVE] step=288 curr=155281.90 best_other=194261.04 ratio=0.7993 ee_to_optimal=0.0746m phi=0.0285m
[STAGE-A-TRACE] step=288 sim_t=2.880 mode=free phi=0.02854 box_xy=-0.00173,-0.00047 lam_n_ee_box=nan qy=-0.00003 qz=-0.01612 finished_repos=0
[DRAKE-CONTACT] step=288 n_pairs=1 ee_box_normal=0.000
[GATE-CONTACT] step=288 F_W=(+0.0000,+0.0000,+0.0000) F_on_box=(-0.0000,-0.0000,-0.0000) n_face_out=(-0.0000,-0.0000,-0.0000) A_is_ee=0 box_q=(+0.99991,+0.00006,-0.00003,-0.01612) box_p=(-0.00173,-0.00047,+0.04999) ee_p=(+0.05784,-0.07359,+0.14772)
[EErel] along_push=-0.061m (neg=correct)  perp=0.069m  ee_to_box=0.092m  stage=3  obj=[-0.002 -0.   ]  g_hat=[-1.     0.002]
[proxy] err=0.212m  effective=[0.187 0.068 0.05 ]
[ADMM-C3+] primal: 5.7259->3.7836  dual: 74.8423->78.1088  mono=False  iters=25/25  rho=25.0
[ADMM-C3+] WARNING non-converged: pr=3.7836 dr=78.1088 tol=1e-03
[C3+] step=1095 |u[0]|=34.14Nm u_axis=(+6.92,-26.64,-0.61,+19.86,+3.62,+0.20,-0.54)Nm λ_n_max=0.000 η_n_max=0.788 primal=3.784 iters=25/25 lcp_res_max=nan
[ADMIT-GUARD] step=289 admit_active=0 latch=0/0 ee_z=0.148 gate_cap=0
[ALT-GATE] step=289 target_stable=0/0 allow_descent=1
[GS-tgt] step=289 ee=(+0.059,-0.070,+0.148) p_repos=(+0.078,-0.003,+0.030) ee_to_target=0.137m target_label=prev_repos target_changed=N delta=0.000m
[X-SEQ-PROBE] step=289 x0_box=(-0.00173,-0.00047,+0.04999) x1_box=(-0.00214,-0.00012,+0.02532) x1_box_v=(-0.00413,+0.00722,-0.49192) dt=0.050
[GS] step=289 mode=free switch=kStayInRepos best_k=0 best_src=prev_repos curr_cost=155276.48 repos_cost=193880.05 best_other=193880.05 met_progress=N steps_since_improve=153 switches=2
[STEP] step=289 mode=free t=2.890s ee=(+0.059,-0.070,+0.148) obj=(-0.002,-0.000,+0.050) goal_dist=0.298m switch=kStayInRepos target=(+0.070,-0.031,+0.147) ee_stride=0.040m ee_to_ptarget=0.137m landing_err=0.1210m ik_ok=Y ik_resid=0.0001m q_max_resid_deg=6.66 target_changed=Y retgt=N held_idx=1 held_cost=193880.05 won_cost=193880.05 margin=+0.00 won_src=prev_repos held_valid=Y reason=hold setpoint_to_ptarget=nanm finished_val=0.1367m finished_thresh=0.0200m pd_resid=nanm nextwp_to_ptarget=nanm guide_terminal_err=nanm
[GATE-EVOLVE] step=289 curr=155276.48 best_other=193880.05 ratio=0.8009 ee_to_optimal=0.0706m phi=0.0274m
[STAGE-A-TRACE] step=289 sim_t=2.890 mode=free phi=0.02739 box_xy=-0.00173,-0.00047 lam_n_ee_box=nan qy=-0.00003 qz=-0.01613 finished_repos=0
[DRAKE-CONTACT] step=289 n_pairs=1 ee_box_normal=0.000
[GATE-CONTACT] step=289 F_W=(+0.0000,+0.0000,+0.0000) F_on_box=(-0.0000,-0.0000,-0.0000) n_face_out=(-0.0000,-0.0000,-0.0000) A_is_ee=0 box_q=(+0.99991,+0.00004,-0.00003,-0.01613) box_p=(-0.00173,-0.00047,+0.04999) ee_p=(+0.05895,-0.06976,+0.14773)
[EErel] along_push=-0.062m (neg=correct)  perp=0.065m  ee_to_box=0.090m  stage=3  obj=[-0.002 -0.   ]  g_hat=[-1.     0.002]
[proxy] err=0.205m  effective=[0.183 0.065 0.05 ]
[ADMM-C3+] primal: 5.7796->4.6579  dual: 74.1497->141.8445  mono=False  iters=25/25  rho=25.0
[ADMM-C3+] WARNING non-converged: pr=4.6579 dr=141.8445 tol=1e-03
[C3+] step=1098 |u[0]|=33.90Nm u_axis=(+6.62,-26.70,-0.26,+19.47,+3.57,-0.37,-0.55)Nm λ_n_max=0.000 η_n_max=0.664 primal=4.658 iters=25/25 lcp_res_max=nan
[ADMIT-GUARD] step=290 admit_active=0 latch=0/0 ee_z=0.148 gate_cap=0
[ALT-GATE] step=290 target_stable=0/0 allow_descent=1
[GS-tgt] step=290 ee=(+0.060,-0.066,+0.148) p_repos=(+0.078,-0.003,+0.030) ee_to_target=0.135m target_label=prev_repos target_changed=N delta=0.000m
[X-SEQ-PROBE] step=290 x0_box=(-0.00173,-0.00046,+0.04999) x1_box=(-0.00214,-0.00012,+0.02532) x1_box_v=(-0.00413,+0.00722,-0.49192) dt=0.050
[IMP] step=290 mode=free |x_err|=0.0403m |tau_imp|=3.70Nm |tau_ff|=0.00Nm |tau_out|=3.70Nm sat=False lam_n=False lam_t=False
[GS] step=290 mode=free switch=kStayInRepos best_k=0 best_src=prev_repos curr_cost=126599.01 repos_cost=196445.25 best_other=196445.25 met_progress=N steps_since_improve=154 switches=2
[STEP] step=290 mode=free t=2.900s ee=(+0.060,-0.066,+0.148) obj=(-0.002,-0.000,+0.050) goal_dist=0.298m switch=kStayInRepos target=(+0.071,-0.027,+0.147) ee_stride=0.040m ee_to_ptarget=0.135m landing_err=0.1201m ik_ok=Y ik_resid=0.0001m q_max_resid_deg=6.69 target_changed=Y retgt=N held_idx=1 held_cost=196445.25 won_cost=196445.25 margin=+0.00 won_src=prev_repos held_valid=Y reason=hold setpoint_to_ptarget=nanm finished_val=0.1347m finished_thresh=0.0200m pd_resid=nanm nextwp_to_ptarget=nanm guide_terminal_err=nanm
[GATE-EVOLVE] step=290 curr=126599.01 best_other=196445.25 ratio=0.6444 ee_to_optimal=0.0667m phi=0.0265m
[STAGE-A-TRACE] step=290 sim_t=2.900 mode=free phi=0.02651 box_xy=-0.00173,-0.00046 lam_n_ee_box=nan qy=-0.00007 qz=-0.01613 finished_repos=0
[DRAKE-CONTACT] step=290 n_pairs=1 ee_box_normal=0.000
[GATE-CONTACT] step=290 F_W=(+0.0000,+0.0000,+0.0000) F_on_box=(-0.0000,-0.0000,-0.0000) n_face_out=(-0.0000,-0.0000,-0.0000) A_is_ee=0 box_q=(+0.99991,-0.00005,-0.00007,-0.01613) box_p=(-0.00173,-0.00046,+0.04999) ee_p=(+0.06007,-0.06594,+0.14775)
[EErel] along_push=-0.063m (neg=correct)  perp=0.062m  ee_to_box=0.088m  stage=3  obj=[-0.002 -0.   ]  g_hat=[-1.     0.002]
[proxy] err=0.197m  effective=[0.18  0.061 0.05 ]
[ADMM-C3+] primal: 5.7192->3.7787  dual: 74.6987->77.8869  mono=False  iters=25/25  rho=25.0
[ADMM-C3+] WARNING non-converged: pr=3.7787 dr=77.8869 tol=1e-03
[C3+] step=1101 |u[0]|=33.69Nm u_axis=(+6.27,-26.79,+0.08,+19.09,+3.51,-0.95,-0.56)Nm λ_n_max=0.000 η_n_max=0.793 primal=3.779 iters=25/25 lcp_res_max=nan
[ADMIT-GUARD] step=291 admit_active=0 latch=0/0 ee_z=0.148 gate_cap=0
[ALT-GATE] step=291 target_stable=0/0 allow_descent=1
[GS-tgt] step=291 ee=(+0.061,-0.062,+0.148) p_repos=(+0.078,-0.003,+0.030) ee_to_target=0.133m target_label=prev_repos target_changed=N delta=0.000m
[X-SEQ-PROBE] step=291 x0_box=(-0.00173,-0.00047,+0.04999) x1_box=(-0.00214,-0.00012,+0.02532) x1_box_v=(-0.00413,+0.00722,-0.49192) dt=0.050
[GS] step=291 mode=free switch=kStayInRepos best_k=0 best_src=prev_repos curr_cost=125322.95 repos_cost=193178.13 best_other=193178.13 met_progress=N steps_since_improve=155 switches=2
[STEP] step=291 mode=free t=2.910s ee=(+0.061,-0.062,+0.148) obj=(-0.002,-0.000,+0.050) goal_dist=0.298m switch=kStayInRepos target=(+0.072,-0.023,+0.147) ee_stride=0.040m ee_to_ptarget=0.133m landing_err=0.1193m ik_ok=Y ik_resid=0.0001m q_max_resid_deg=6.73 target_changed=Y retgt=N held_idx=1 held_cost=193178.13 won_cost=193178.13 margin=+0.00 won_src=prev_repos held_valid=Y reason=hold setpoint_to_ptarget=nanm finished_val=0.1328m finished_thresh=0.0200m pd_resid=nanm nextwp_to_ptarget=nanm guide_terminal_err=nanm
[GATE-EVOLVE] step=291 curr=125322.95 best_other=193178.13 ratio=0.6487 ee_to_optimal=0.0627m phi=0.0259m
[STAGE-A-TRACE] step=291 sim_t=2.910 mode=free phi=0.02594 box_xy=-0.00173,-0.00047 lam_n_ee_box=nan qy=-0.00005 qz=-0.01614 finished_repos=0
[DRAKE-CONTACT] step=291 n_pairs=1 ee_box_normal=0.000
[GATE-CONTACT] step=291 F_W=(+0.0000,+0.0000,+0.0000) F_on_box=(-0.0000,-0.0000,-0.0000) n_face_out=(-0.0000,-0.0000,-0.0000) A_is_ee=0 box_q=(+0.99991,+0.00002,-0.00005,-0.01614) box_p=(-0.00173,-0.00047,+0.04999) ee_p=(+0.06118,-0.06212,+0.14776)
[EErel] along_push=-0.064m (neg=correct)  perp=0.058m  ee_to_box=0.086m  stage=3  obj=[-0.002 -0.   ]  g_hat=[-1.     0.002]
[proxy] err=0.190m  effective=[0.178 0.057 0.05 ]
[ADMM-C3+] primal: 5.7263->3.7850  dual: 74.7780->78.1319  mono=False  iters=25/25  rho=25.0
[ADMM-C3+] WARNING non-converged: pr=3.7850 dr=78.1319 tol=1e-03
[C3+] step=1104 |u[0]|=33.52Nm u_axis=(+5.91,-26.91,+0.39,+18.70,+3.47,-1.50,-0.58)Nm λ_n_max=0.000 η_n_max=0.789 primal=3.785 iters=25/25 lcp_res_max=nan
[ADMIT-GUARD] step=292 admit_active=0 latch=0/0 ee_z=0.148 gate_cap=0
[ALT-GATE] step=292 target_stable=0/0 allow_descent=1
[GS-tgt] step=292 ee=(+0.062,-0.058,+0.148) p_repos=(+0.078,-0.003,+0.030) ee_to_target=0.131m target_label=prev_repos target_changed=N delta=0.000m
[X-SEQ-PROBE] step=292 x0_box=(-0.00172,-0.00047,+0.05000) x1_box=(-0.00214,-0.00012,+0.02532) x1_box_v=(-0.00413,+0.00722,-0.49192) dt=0.050
[GS] step=292 mode=free switch=kStayInRepos best_k=0 best_src=prev_repos curr_cost=125072.17 repos_cost=192615.29 best_other=192615.29 met_progress=N steps_since_improve=156 switches=2
[STEP] step=292 mode=free t=2.920s ee=(+0.062,-0.058,+0.148) obj=(-0.002,-0.000,+0.050) goal_dist=0.298m switch=kStayInRepos target=(+0.073,-0.020,+0.147) ee_stride=0.040m ee_to_ptarget=0.131m landing_err=0.1187m ik_ok=Y ik_resid=0.0001m q_max_resid_deg=6.77 target_changed=Y retgt=N held_idx=1 held_cost=192615.29 won_cost=192615.29 margin=+0.00 won_src=prev_repos held_valid=Y reason=hold setpoint_to_ptarget=nanm finished_val=0.1311m finished_thresh=0.0200m pd_resid=nanm nextwp_to_ptarget=nanm guide_terminal_err=nanm
[GATE-EVOLVE] step=292 curr=125072.17 best_other=192615.29 ratio=0.6493 ee_to_optimal=0.0587m phi=0.0257m
[STAGE-A-TRACE] step=292 sim_t=2.920 mode=free phi=0.02567 box_xy=-0.00172,-0.00047 lam_n_ee_box=nan qy=-0.00002 qz=-0.01614 finished_repos=0
[DRAKE-CONTACT] step=292 n_pairs=1 ee_box_normal=0.000
[GATE-CONTACT] step=292 F_W=(+0.0000,+0.0000,+0.0000) F_on_box=(-0.0000,-0.0000,-0.0000) n_face_out=(-0.0000,-0.0000,-0.0000) A_is_ee=0 box_q=(+0.99991,+0.00002,-0.00002,-0.01614) box_p=(-0.00172,-0.00047,+0.05000) ee_p=(+0.06230,-0.05830,+0.14777)
[EErel] along_push=-0.065m (neg=correct)  perp=0.054m  ee_to_box=0.085m  stage=3  obj=[-0.002 -0.   ]  g_hat=[-1.     0.002]
[proxy] err=0.183m  effective=[0.175 0.053 0.05 ]
[ADMM-C3+] primal: 6.1217->7.4405  dual: 112.1480->277.3708  mono=False  iters=25/25  rho=25.0
[ADMM-C3+] WARNING non-converged: pr=7.4405 dr=277.3708 tol=1e-03
[C3+] step=1107 |u[0]|=33.39Nm u_axis=(+5.55,-27.06,+0.66,+18.31,+3.44,-2.04,-0.60)Nm λ_n_max=1.050 η_n_max=1.267 primal=7.441 iters=25/25 lcp_res_max=nan
[ADMIT-GUARD] step=293 admit_active=0 latch=0/0 ee_z=0.148 gate_cap=0
[ALT-GATE] step=293 target_stable=0/0 allow_descent=1
[GS-tgt] step=293 ee=(+0.063,-0.054,+0.148) p_repos=(+0.078,-0.003,+0.030) ee_to_target=0.129m target_label=prev_repos target_changed=N delta=0.000m
[X-SEQ-PROBE] step=293 x0_box=(-0.00171,-0.00046,+0.04999) x1_box=(-0.00214,-0.00012,+0.02532) x1_box_v=(-0.00413,+0.00722,-0.49192) dt=0.050
[GS] step=293 mode=free switch=kToBetterRepos best_k=0 best_src=prev_repos curr_cost=101354.43 repos_cost=173233.31 best_other=173233.31 met_progress=N steps_since_improve=157 switches=2
[STEP] step=293 mode=free t=2.930s ee=(+0.063,-0.054,+0.148) obj=(-0.002,-0.000,+0.050) goal_dist=0.298m switch=kToBetterRepos target=(+0.075,-0.016,+0.147) ee_stride=0.040m ee_to_ptarget=0.129m landing_err=0.1181m ik_ok=Y ik_resid=0.0001m q_max_resid_deg=6.80 target_changed=Y retgt=N held_idx=1 held_cost=173233.31 won_cost=173233.31 margin=+0.00 won_src=prev_repos held_valid=Y reason=hold setpoint_to_ptarget=nanm finished_val=0.1294m finished_thresh=0.0200m pd_resid=nanm nextwp_to_ptarget=nanm guide_terminal_err=nanm
[GATE-EVOLVE] step=293 curr=101354.43 best_other=173233.31 ratio=0.5851 ee_to_optimal=0.0548m phi=0.0257m
[STAGE-A-TRACE] step=293 sim_t=2.930 mode=free phi=0.02571 box_xy=-0.00171,-0.00046 lam_n_ee_box=nan qy=+0.00008 qz=-0.01614 finished_repos=0
[DRAKE-CONTACT] step=293 n_pairs=1 ee_box_normal=0.000
[GATE-CONTACT] step=293 F_W=(+0.0000,+0.0000,+0.0000) F_on_box=(-0.0000,-0.0000,-0.0000) n_face_out=(-0.0000,-0.0000,-0.0000) A_is_ee=0 box_q=(+0.99991,-0.00003,+0.00008,-0.01614) box_p=(-0.00171,-0.00046,+0.04999) ee_p=(+0.06341,-0.05448,+0.14778)
[EErel] along_push=-0.066m (neg=correct)  perp=0.050m  ee_to_box=0.083m  stage=3  obj=[-0.002 -0.   ]  g_hat=[-1.     0.002]
[proxy] err=0.177m  effective=[0.173 0.049 0.05 ]
[ADMM-C3+] primal: 6.1327->5.9583  dual: 106.3050->172.5082  mono=False  iters=25/25  rho=25.0
[ADMM-C3+] WARNING non-converged: pr=5.9583 dr=172.5082 tol=1e-03
[C3+] step=1110 |u[0]|=33.30Nm u_axis=(+5.17,-27.23,+0.90,+17.92,+3.41,-2.56,-0.61)Nm λ_n_max=1.060 η_n_max=1.286 primal=5.958 iters=25/25 lcp_res_max=nan
[ADMIT-GUARD] step=294 admit_active=0 latch=0/0 ee_z=0.148 gate_cap=0
[ALT-GATE] step=294 target_stable=0/0 allow_descent=1
[GS-tgt] step=294 ee=(+0.065,-0.051,+0.148) p_repos=(+0.078,-0.003,+0.030) ee_to_target=0.128m target_label=prev_repos target_changed=N delta=0.000m
[X-SEQ-PROBE] step=294 x0_box=(-0.00172,-0.00047,+0.04999) x1_box=(-0.00214,-0.00012,+0.02532) x1_box_v=(-0.00413,+0.00722,-0.49192) dt=0.050
[GS] step=294 mode=free switch=kStayInRepos best_k=0 best_src=prev_repos curr_cost=105210.36 repos_cost=176565.68 best_other=176565.68 met_progress=N steps_since_improve=158 switches=2
[STEP] step=294 mode=free t=2.940s ee=(+0.065,-0.051,+0.148) obj=(-0.002,-0.000,+0.050) goal_dist=0.298m switch=kStayInRepos target=(+0.076,-0.012,+0.147) ee_stride=0.040m ee_to_ptarget=0.128m landing_err=0.1178m ik_ok=Y ik_resid=0.0001m q_max_resid_deg=6.84 target_changed=Y retgt=N held_idx=1 held_cost=176565.68 won_cost=176565.68 margin=+0.00 won_src=prev_repos held_valid=Y reason=hold setpoint_to_ptarget=nanm finished_val=0.1278m finished_thresh=0.0200m pd_resid=nanm nextwp_to_ptarget=nanm guide_terminal_err=nanm
[GATE-EVOLVE] step=294 curr=105210.36 best_other=176565.68 ratio=0.5959 ee_to_optimal=0.0508m phi=0.0260m
[STAGE-A-TRACE] step=294 sim_t=2.940 mode=free phi=0.02603 box_xy=-0.00172,-0.00047 lam_n_ee_box=nan qy=+0.00004 qz=-0.01615 finished_repos=0
[DRAKE-CONTACT] step=294 n_pairs=1 ee_box_normal=0.000
[GATE-CONTACT] step=294 F_W=(+0.0000,+0.0000,+0.0000) F_on_box=(-0.0000,-0.0000,-0.0000) n_face_out=(-0.0000,-0.0000,-0.0000) A_is_ee=0 box_q=(+0.99991,+0.00003,+0.00004,-0.01615) box_p=(-0.00172,-0.00047,+0.04999) ee_p=(+0.06453,-0.05066,+0.14780)
[EErel] along_push=-0.067m (neg=correct)  perp=0.046m  ee_to_box=0.082m  stage=3  obj=[-0.002 -0.   ]  g_hat=[-1.     0.002]
[proxy] err=0.169m  effective=[0.171 0.042 0.05 ]
[ADMM-C3+] primal: 5.7261->3.7844  dual: 74.8009->78.1193  mono=False  iters=25/25  rho=25.0
[ADMM-C3+] WARNING non-converged: pr=3.7844 dr=78.1193 tol=1e-03
[C3+] step=1113 |u[0]|=33.17Nm u_axis=(+4.61,-27.55,+1.07,+17.24,+3.39,-3.17,-0.63)Nm λ_n_max=0.000 η_n_max=0.789 primal=3.784 iters=25/25 lcp_res_max=nan
[ADMIT-GUARD] step=295 admit_active=0 latch=0/0 ee_z=0.148 gate_cap=0
[ALT-GATE] step=295 target_stable=0/0 allow_descent=1
[GS-tgt] step=295 ee=(+0.066,-0.047,+0.148) p_repos=(+0.078,-0.003,+0.030) ee_to_target=0.126m target_label=prev_repos target_changed=N delta=0.000m
[X-SEQ-PROBE] step=295 x0_box=(-0.00173,-0.00047,+0.04999) x1_box=(-0.00214,-0.00012,+0.02532) x1_box_v=(-0.00413,+0.00722,-0.49192) dt=0.050
[GS] step=295 mode=free switch=kStayInRepos best_k=0 best_src=prev_repos curr_cost=124611.62 repos_cost=191286.70 best_other=191286.70 met_progress=N steps_since_improve=159 switches=2
[STEP] step=295 mode=free t=2.950s ee=(+0.066,-0.047,+0.148) obj=(-0.002,-0.000,+0.050) goal_dist=0.298m switch=kStayInRepos target=(+0.077,-0.008,+0.147) ee_stride=0.040m ee_to_ptarget=0.126m landing_err=0.1175m ik_ok=Y ik_resid=0.0001m q_max_resid_deg=6.88 target_changed=Y retgt=N held_idx=1 held_cost=191286.70 won_cost=191286.70 margin=+0.00 won_src=prev_repos held_valid=Y reason=hold setpoint_to_ptarget=nanm finished_val=0.1263m finished_thresh=0.0200m pd_resid=nanm nextwp_to_ptarget=nanm guide_terminal_err=nanm
[GATE-EVOLVE] step=295 curr=124611.62 best_other=191286.70 ratio=0.6514 ee_to_optimal=0.0469m phi=0.0264m
[STAGE-A-TRACE] step=295 sim_t=2.950 mode=free phi=0.02639 box_xy=-0.00173,-0.00047 lam_n_ee_box=nan qy=-0.00004 qz=-0.01615 finished_repos=0
[DRAKE-CONTACT] step=295 n_pairs=1 ee_box_normal=0.000
[GATE-CONTACT] step=295 F_W=(+0.0000,+0.0000,+0.0000) F_on_box=(-0.0000,-0.0000,-0.0000) n_face_out=(-0.0000,-0.0000,-0.0000) A_is_ee=0 box_q=(+0.99991,+0.00004,-0.00004,-0.01615) box_p=(-0.00173,-0.00047,+0.04999) ee_p=(+0.06564,-0.04683,+0.14781)
[EErel] along_push=-0.069m (neg=correct)  perp=0.042m  ee_to_box=0.081m  stage=3  obj=[-0.002 -0.   ]  g_hat=[-1.     0.002]
[proxy] err=0.162m  effective=[0.169 0.035 0.05 ]
[ADMM-C3+] primal: 5.7538->4.6041  dual: 73.7816->139.8992  mono=False  iters=25/25  rho=25.0
[ADMM-C3+] WARNING non-converged: pr=4.6041 dr=139.8992 tol=1e-03
[C3+] step=1116 |u[0]|=33.10Nm u_axis=(+4.02,-27.84,+1.26,+16.64,+3.37,-3.78,-0.65)Nm λ_n_max=0.000 η_n_max=0.677 primal=4.604 iters=25/25 lcp_res_max=nan
[ADMIT-GUARD] step=296 admit_active=0 latch=0/0 ee_z=0.148 gate_cap=0
[ALT-GATE] step=296 target_stable=0/0 allow_descent=1
[GS-tgt] step=296 ee=(+0.067,-0.043,+0.148) p_repos=(+0.078,-0.003,+0.030) ee_to_target=0.125m target_label=prev_repos target_changed=N delta=0.000m
[X-SEQ-PROBE] step=296 x0_box=(-0.00172,-0.00046,+0.05000) x1_box=(-0.00214,-0.00012,+0.02532) x1_box_v=(-0.00413,+0.00722,-0.49192) dt=0.050
[GS] step=296 mode=free switch=kStayInRepos best_k=0 best_src=prev_repos curr_cost=126523.96 repos_cost=194600.12 best_other=194600.12 met_progress=N steps_since_improve=160 switches=2
[STEP] step=296 mode=free t=2.960s ee=(+0.067,-0.043,+0.148) obj=(-0.002,-0.000,+0.050) goal_dist=0.298m switch=kStayInRepos target=(+0.078,-0.004,+0.147) ee_stride=0.040m ee_to_ptarget=0.125m landing_err=0.1174m ik_ok=Y ik_resid=0.0001m q_max_resid_deg=6.92 target_changed=Y retgt=N held_idx=1 held_cost=194600.12 won_cost=194600.12 margin=+0.00 won_src=prev_repos held_valid=Y reason=hold setpoint_to_ptarget=nanm finished_val=0.1249m finished_thresh=0.0200m pd_resid=nanm nextwp_to_ptarget=nanm guide_terminal_err=nanm
[GATE-EVOLVE] step=296 curr=126523.96 best_other=194600.12 ratio=0.6502 ee_to_optimal=0.0429m phi=0.0268m
[STAGE-A-TRACE] step=296 sim_t=2.960 mode=free phi=0.02676 box_xy=-0.00172,-0.00046 lam_n_ee_box=nan qy=+0.00000 qz=-0.01616 finished_repos=0
[DRAKE-CONTACT] step=296 n_pairs=1 ee_box_normal=0.000
[GATE-CONTACT] step=296 F_W=(+0.0000,+0.0000,+0.0000) F_on_box=(-0.0000,-0.0000,-0.0000) n_face_out=(-0.0000,-0.0000,-0.0000) A_is_ee=0 box_q=(+0.99991,-0.00003,+0.00000,-0.01616) box_p=(-0.00172,-0.00046,+0.05000) ee_p=(+0.06676,-0.04301,+0.14782)
